# g4_precomputed_decomposition  (expectation: detect)
# decomposeAreaVector fed the geometric area vector instead of the field-dependent response vector -- i.e. treated as precomputable
# mutation applied to cuda/kernels/DevicePressureCorrectionKernel.cu
# --- anchor ---
    if (decomposeAreaVectorDevice(p.dX[f], p.dY[f], p.dZ[f], rx, ry, rz, ox, oy, oz, nx, ny, nz)) {
# --- became ---
    if (decomposeAreaVectorDevice(p.dX[f], p.dY[f], p.dZ[f], p.areaX[f], p.areaY[f],
                                  p.areaZIsZero[f] != 0 ? 0.0 : p.areaZ[f], ox, oy, oz,
                                  nx, ny, nz)) {
# verdict: DETECTED (exit 1)

=== GPU-DISC-001I: CUDA pressure-correction assembly vs CPU (bitwise) ===
CPU reference: pressure_velocity::assemblePressureCorrection (assembly only)

       [distorted q16/all-Neumann pin=yes fixedValueFaces=0 axisAligned=0 general=544 resident=239648 B]
  PASS L5 distorted q16  all-Neumann    ref=0     opposite[e=0] sign[e=0] ambiguous=0 faces[axisaligned=0 wellposed=480 parallel=0 fallback=0]
  PASS L5 distorted q16  all-Neumann    ref=128   opposite[e=0] sign[e=0] ambiguous=0 faces[axisaligned=0 wellposed=480 parallel=0 fallback=0]
  PASS L5 distorted q16  all-Neumann    ref=255   opposite[e=0] sign[e=0] ambiguous=0 faces[axisaligned=0 wellposed=480 parallel=0 fallback=0]
  FAIL L6 distorted q16  all-Neumann    threshold sweep 25 decades differing=30300 decomposingFaces=480 faces[wellposed=9888 fallback=2112]
  FAIL L7 distorted q16  all-Neumann    band sweep root=1788.28 differing=28764 facesInBand=15/8160
  FAIL distorted q16  all-Neumann  zero      uniform    rho=1       ref=0     nonorth      diag[d=255] off[d=958] rhs[d=0] coef[d=480] expl[d=0] conv[e=0] pin[e=0] maxAbs=4.18       scaleD=1          scaleR=0         
  FAIL distorted q16  all-Neumann  zero      uniform    rho=1       ref=0     nonorth+prev diag[d=255] off[d=958] rhs[d=255] coef[d=480] expl[d=480] conv[e=0] pin[e=0] maxAbs=4.18       scaleD=1          scaleR=0.0009689 
  FAIL distorted q16  all-Neumann  zero      uniform    rho=1       ref=128   nonorth      diag[d=255] off[d=957] rhs[d=0] coef[d=480] expl[d=0] conv[e=0] pin[e=0] maxAbs=4.18       scaleD=1          scaleR=0         
  FAIL distorted q16  all-Neumann  zero      uniform    rho=1       ref=128   nonorth+prev diag[d=255] off[d=957] rhs[d=255] coef[d=480] expl[d=480] conv[e=0] pin[e=0] maxAbs=4.18       scaleD=1          scaleR=0.0009689 
  FAIL distorted q16  all-Neumann  zero      uniform    rho=1       ref=255   nonorth      diag[d=255] off[d=958] rhs[d=0] coef[d=480] expl[d=0] conv[e=0] pin[e=0] maxAbs=4.18       scaleD=1          scaleR=0         
  FAIL distorted q16  all-Neumann  zero      uniform    rho=1       ref=255   nonorth+prev diag[d=255] off[d=958] rhs[d=255] coef[d=480] expl[d=480] conv[e=0] pin[e=0] maxAbs=4.18       scaleD=1          scaleR=0.0009689 
  FAIL distorted q16  all-Neumann  zero      uniform    rho=998.2   ref=0     nonorth      diag[d=255] off[d=958] rhs[d=0] coef[d=480] expl[d=0] conv[e=0] pin[e=0] maxAbs=4.18e+03   scaleD=85.22      scaleR=0         
  FAIL distorted q16  all-Neumann  zero      uniform    rho=998.2   ref=0     nonorth+prev diag[d=255] off[d=958] rhs[d=255] coef[d=480] expl[d=480] conv[e=0] pin[e=0] maxAbs=4.18e+03   scaleD=85.22      scaleR=0.9671    
  FAIL distorted q16  all-Neumann  zero      uniform    rho=998.2   ref=128   nonorth      diag[d=255] off[d=957] rhs[d=0] coef[d=480] expl[d=0] conv[e=0] pin[e=0] maxAbs=4.18e+03   scaleD=85.22      scaleR=0         
  FAIL distorted q16  all-Neumann  zero      uniform    rho=998.2   ref=128   nonorth+prev diag[d=255] off[d=957] rhs[d=255] coef[d=480] expl[d=480] conv[e=0] pin[e=0] maxAbs=4.18e+03   scaleD=85.22      scaleR=0.9671    
  FAIL distorted q16  all-Neumann  zero      uniform    rho=998.2   ref=255   nonorth      diag[d=255] off[d=958] rhs[d=0] coef[d=480] expl[d=0] conv[e=0] pin[e=0] maxAbs=4.18e+03   scaleD=85.22      scaleR=0         
  FAIL distorted q16  all-Neumann  zero      uniform    rho=998.2   ref=255   nonorth+prev diag[d=255] off[d=958] rhs[d=255] coef[d=480] expl[d=480] conv[e=0] pin[e=0] maxAbs=4.18e+03   scaleD=85.22      scaleR=0.9671    
  FAIL distorted q16  all-Neumann  zero      varying    rho=1       ref=0     nonorth      diag[d=255] off[d=958] rhs[d=0] coef[d=480] expl[d=0] conv[e=0] pin[e=0] maxAbs=4.18       scaleD=1          scaleR=0         
  FAIL distorted q16  all-Neumann  zero      varying    rho=1       ref=0     nonorth+prev diag[d=255] off[d=958] rhs[d=255] coef[d=480] expl[d=480] conv[e=0] pin[e=0] maxAbs=4.18       scaleD=1          scaleR=0.001116  
  FAIL distorted q16  all-Neumann  zero      varying    rho=1       ref=128   nonorth      diag[d=255] off[d=957] rhs[d=0] coef[d=480] expl[d=0] conv[e=0] pin[e=0] maxAbs=4.18       scaleD=1          scaleR=0         
  FAIL distorted q16  all-Neumann  zero      varying    rho=1       ref=128   nonorth+prev diag[d=255] off[d=957] rhs[d=255] coef[d=480] expl[d=480] conv[e=0] pin[e=0] maxAbs=4.18       scaleD=1          scaleR=0.001116  
  FAIL distorted q16  all-Neumann  zero      varying    rho=1       ref=255   nonorth      diag[d=255] off[d=958] rhs[d=0] coef[d=480] expl[d=0] conv[e=0] pin[e=0] maxAbs=4.18       scaleD=1          scaleR=0         
  FAIL distorted q16  all-Neumann  zero      varying    rho=1       ref=255   nonorth+prev diag[d=255] off[d=958] rhs[d=255] coef[d=480] expl[d=480] conv[e=0] pin[e=0] maxAbs=4.18       scaleD=1          scaleR=0.001116  
  FAIL distorted q16  all-Neumann  zero      varying    rho=998.2   ref=0     nonorth      diag[d=255] off[d=958] rhs[d=0] coef[d=480] expl[d=0] conv[e=0] pin[e=0] maxAbs=4.17e+03   scaleD=161.2      scaleR=0         
  FAIL distorted q16  all-Neumann  zero      varying    rho=998.2   ref=0     nonorth+prev diag[d=255] off[d=958] rhs[d=255] coef[d=480] expl[d=480] conv[e=0] pin[e=0] maxAbs=4.17e+03   scaleD=161.2      scaleR=1.114     
  FAIL distorted q16  all-Neumann  zero      varying    rho=998.2   ref=128   nonorth      diag[d=255] off[d=957] rhs[d=0] coef[d=480] expl[d=0] conv[e=0] pin[e=0] maxAbs=4.17e+03   scaleD=161.2      scaleR=0         
  FAIL distorted q16  all-Neumann  zero      varying    rho=998.2   ref=128   nonorth+prev diag[d=255] off[d=957] rhs[d=255] coef[d=480] expl[d=480] conv[e=0] pin[e=0] maxAbs=4.17e+03   scaleD=161.2      scaleR=1.114     
  FAIL distorted q16  all-Neumann  zero      varying    rho=998.2   ref=255   nonorth      diag[d=255] off[d=958] rhs[d=0] coef[d=480] expl[d=0] conv[e=0] pin[e=0] maxAbs=4.17e+03   scaleD=161.2      scaleR=0         
  FAIL distorted q16  all-Neumann  zero      varying    rho=998.2   ref=255   nonorth+prev diag[d=255] off[d=958] rhs[d=255] coef[d=480] expl[d=480] conv[e=0] pin[e=0] maxAbs=4.17e+03   scaleD=161.2      scaleR=1.114     
  FAIL distorted q16  all-Neumann  zero      anisotropic rho=1       ref=0     nonorth      diag[d=255] off[d=958] rhs[d=0] coef[d=480] expl[d=0] conv[e=0] pin[e=0] maxAbs=4.68e+04   scaleD=4.677e+04  scaleR=0         
  FAIL distorted q16  all-Neumann  zero      anisotropic rho=1       ref=0     nonorth+prev diag[d=255] off[d=958] rhs[d=255] coef[d=480] expl[d=480] conv[e=0] pin[e=0] maxAbs=4.68e+04   scaleD=4.677e+04  scaleR=3810      
  FAIL distorted q16  all-Neumann  zero      anisotropic rho=1       ref=128   nonorth      diag[d=255] off[d=957] rhs[d=0] coef[d=480] expl[d=0] conv[e=0] pin[e=0] maxAbs=4.68e+04   scaleD=4.677e+04  scaleR=0         
  FAIL distorted q16  all-Neumann  zero      anisotropic rho=1       ref=128   nonorth+prev diag[d=255] off[d=957] rhs[d=255] coef[d=480] expl[d=480] conv[e=0] pin[e=0] maxAbs=4.68e+04   scaleD=4.677e+04  scaleR=3810      
  FAIL distorted q16  all-Neumann  zero      anisotropic rho=1       ref=255   nonorth      diag[d=255] off[d=958] rhs[d=0] coef[d=480] expl[d=0] conv[e=0] pin[e=0] maxAbs=4.68e+04   scaleD=4.677e+04  scaleR=0         
  FAIL distorted q16  all-Neumann  zero      anisotropic rho=1       ref=255   nonorth+prev diag[d=255] off[d=958] rhs[d=255] coef[d=480] expl[d=480] conv[e=0] pin[e=0] maxAbs=4.68e+04   scaleD=4.677e+04  scaleR=3810      
  FAIL distorted q16  all-Neumann  zero      anisotropic rho=998.2   ref=0     nonorth      diag[d=255] off[d=958] rhs[d=0] coef[d=480] expl[d=0] conv[e=0] pin[e=0] maxAbs=4.67e+07   scaleD=4.669e+07  scaleR=0         
  FAIL distorted q16  all-Neumann  zero      anisotropic rho=998.2   ref=0     nonorth+prev diag[d=255] off[d=958] rhs[d=255] coef[d=480] expl[d=480] conv[e=0] pin[e=0] maxAbs=4.67e+07   scaleD=4.669e+07  scaleR=3.803e+06 
  FAIL distorted q16  all-Neumann  zero      anisotropic rho=998.2   ref=128   nonorth      diag[d=255] off[d=957] rhs[d=0] coef[d=480] expl[d=0] conv[e=0] pin[e=0] maxAbs=4.67e+07   scaleD=4.669e+07  scaleR=0         
  FAIL distorted q16  all-Neumann  zero      anisotropic rho=998.2   ref=128   nonorth+prev diag[d=255] off[d=957] rhs[d=255] coef[d=480] expl[d=480] conv[e=0] pin[e=0] maxAbs=4.67e+07   scaleD=4.669e+07  scaleR=3.803e+06 
  FAIL distorted q16  all-Neumann  zero      anisotropic rho=998.2   ref=255   nonorth      diag[d=255] off[d=958] rhs[d=0] coef[d=480] expl[d=0] conv[e=0] pin[e=0] maxAbs=4.67e+07   scaleD=4.669e+07  scaleR=0         
  FAIL distorted q16  all-Neumann  zero      anisotropic rho=998.2   ref=255   nonorth+prev diag[d=255] off[d=958] rhs[d=255] coef[d=480] expl[d=480] conv[e=0] pin[e=0] maxAbs=4.67e+07   scaleD=4.669e+07  scaleR=3.803e+06 
  FAIL distorted q16  all-Neumann  positive  uniform    rho=1       ref=0     nonorth      diag[d=255] off[d=958] rhs[d=0] coef[d=480] expl[d=0] conv[e=0] pin[e=0] maxAbs=4.18       scaleD=1          scaleR=1.4       
  FAIL distorted q16  all-Neumann  positive  uniform    rho=1       ref=0     nonorth+prev diag[d=255] off[d=958] rhs[d=255] coef[d=480] expl[d=480] conv[e=0] pin[e=0] maxAbs=4.18       scaleD=1          scaleR=1.401     
  FAIL distorted q16  all-Neumann  positive  uniform    rho=1       ref=128   nonorth      diag[d=255] off[d=957] rhs[d=0] coef[d=480] expl[d=0] conv[e=0] pin[e=0] maxAbs=4.18       scaleD=1          scaleR=2.8       
  FAIL distorted q16  all-Neumann  positive  uniform    rho=1       ref=128   nonorth+prev diag[d=255] off[d=957] rhs[d=255] coef[d=480] expl[d=480] conv[e=0] pin[e=0] maxAbs=4.18       scaleD=1          scaleR=2.8       
  FAIL distorted q16  all-Neumann  positive  uniform    rho=1       ref=255   nonorth      diag[d=255] off[d=958] rhs[d=0] coef[d=480] expl[d=0] conv[e=0] pin[e=0] maxAbs=4.18       scaleD=1          scaleR=2.8       
  FAIL distorted q16  all-Neumann  positive  uniform    rho=1       ref=255   nonorth+prev diag[d=255] off[d=958] rhs[d=255] coef[d=480] expl[d=480] conv[e=0] pin[e=0] maxAbs=4.18       scaleD=1          scaleR=2.8       
  FAIL distorted q16  all-Neumann  positive  uniform    rho=998.2   ref=0     nonorth      diag[d=255] off[d=958] rhs[d=0] coef[d=480] expl[d=0] conv[e=0] pin[e=0] maxAbs=4.18e+03   scaleD=85.22      scaleR=1.4       
  FAIL distorted q16  all-Neumann  positive  uniform    rho=998.2   ref=0     nonorth+prev diag[d=255] off[d=958] rhs[d=255] coef[d=480] expl[d=480] conv[e=0] pin[e=0] maxAbs=4.18e+03   scaleD=85.22      scaleR=2.272     
  FAIL distorted q16  all-Neumann  positive  uniform    rho=998.2   ref=128   nonorth      diag[d=255] off[d=957] rhs[d=0] coef[d=480] expl[d=0] conv[e=0] pin[e=0] maxAbs=4.18e+03   scaleD=85.22      scaleR=2.8       
  FAIL distorted q16  all-Neumann  positive  uniform    rho=998.2   ref=128   nonorth+prev diag[d=255] off[d=957] rhs[d=255] coef[d=480] expl[d=480] conv[e=0] pin[e=0] maxAbs=4.18e+03   scaleD=85.22      scaleR=2.934     
  FAIL distorted q16  all-Neumann  positive  uniform    rho=998.2   ref=255   nonorth      diag[d=255] off[d=958] rhs[d=0] coef[d=480] expl[d=0] conv[e=0] pin[e=0] maxAbs=4.18e+03   scaleD=85.22      scaleR=2.8       
  FAIL distorted q16  all-Neumann  positive  uniform    rho=998.2   ref=255   nonorth+prev diag[d=255] off[d=958] rhs[d=255] coef[d=480] expl[d=480] conv[e=0] pin[e=0] maxAbs=4.18e+03   scaleD=85.22      scaleR=2.934     
  FAIL distorted q16  all-Neumann  positive  varying    rho=1       ref=0     nonorth      diag[d=255] off[d=958] rhs[d=0] coef[d=480] expl[d=0] conv[e=0] pin[e=0] maxAbs=4.18       scaleD=1          scaleR=1.4       
  FAIL distorted q16  all-Neumann  positive  varying    rho=1       ref=0     nonorth+prev diag[d=255] off[d=958] rhs[d=255] coef[d=480] expl[d=480] conv[e=0] pin[e=0] maxAbs=4.18       scaleD=1          scaleR=1.401     
  FAIL distorted q16  all-Neumann  positive  varying    rho=1       ref=128   nonorth      diag[d=255] off[d=957] rhs[d=0] coef[d=480] expl[d=0] conv[e=0] pin[e=0] maxAbs=4.18       scaleD=1          scaleR=2.8       
  FAIL distorted q16  all-Neumann  positive  varying    rho=1       ref=128   nonorth+prev diag[d=255] off[d=957] rhs[d=255] coef[d=480] expl[d=480] conv[e=0] pin[e=0] maxAbs=4.18       scaleD=1          scaleR=2.8       
  FAIL distorted q16  all-Neumann  positive  varying    rho=1       ref=255   nonorth      diag[d=255] off[d=958] rhs[d=0] coef[d=480] expl[d=0] conv[e=0] pin[e=0] maxAbs=4.18       scaleD=1          scaleR=2.8       
  FAIL distorted q16  all-Neumann  positive  varying    rho=1       ref=255   nonorth+prev diag[d=255] off[d=958] rhs[d=255] coef[d=480] expl[d=480] conv[e=0] pin[e=0] maxAbs=4.18       scaleD=1          scaleR=2.8       
  FAIL distorted q16  all-Neumann  positive  varying    rho=998.2   ref=0     nonorth      diag[d=255] off[d=958] rhs[d=0] coef[d=480] expl[d=0] conv[e=0] pin[e=0] maxAbs=4.17e+03   scaleD=161.2      scaleR=1.4       
  FAIL distorted q16  all-Neumann  positive  varying    rho=998.2   ref=0     nonorth+prev diag[d=255] off[d=958] rhs[d=255] coef[d=480] expl[d=480] conv[e=0] pin[e=0] maxAbs=4.17e+03   scaleD=161.2      scaleR=2.048     
  FAIL distorted q16  all-Neumann  positive  varying    rho=998.2   ref=128   nonorth      diag[d=255] off[d=957] rhs[d=0] coef[d=480] expl[d=0] conv[e=0] pin[e=0] maxAbs=4.17e+03   scaleD=161.2      scaleR=2.8       
  FAIL distorted q16  all-Neumann  positive  varying    rho=998.2   ref=128   nonorth+prev diag[d=255] off[d=957] rhs[d=255] coef[d=480] expl[d=480] conv[e=0] pin[e=0] maxAbs=4.17e+03   scaleD=161.2      scaleR=2.84      
  FAIL distorted q16  all-Neumann  positive  varying    rho=998.2   ref=255   nonorth      diag[d=255] off[d=958] rhs[d=0] coef[d=480] expl[d=0] conv[e=0] pin[e=0] maxAbs=4.17e+03   scaleD=161.2      scaleR=2.8       
  FAIL distorted q16  all-Neumann  positive  varying    rho=998.2   ref=255   nonorth+prev diag[d=255] off[d=958] rhs[d=255] coef[d=480] expl[d=480] conv[e=0] pin[e=0] maxAbs=4.17e+03   scaleD=161.2      scaleR=2.84      
  FAIL distorted q16  all-Neumann  positive  anisotropic rho=1       ref=0     nonorth      diag[d=255] off[d=958] rhs[d=0] coef[d=480] expl[d=0] conv[e=0] pin[e=0] maxAbs=4.68e+04   scaleD=4.677e+04  scaleR=1.4       
  FAIL distorted q16  all-Neumann  positive  anisotropic rho=1       ref=0     nonorth+prev diag[d=255] off[d=958] rhs[d=255] coef[d=480] expl[d=480] conv[e=0] pin[e=0] maxAbs=4.68e+04   scaleD=4.677e+04  scaleR=3810      
  FAIL distorted q16  all-Neumann  positive  anisotropic rho=1       ref=128   nonorth      diag[d=255] off[d=957] rhs[d=0] coef[d=480] expl[d=0] conv[e=0] pin[e=0] maxAbs=4.68e+04   scaleD=4.677e+04  scaleR=2.8       
  FAIL distorted q16  all-Neumann  positive  anisotropic rho=1       ref=128   nonorth+prev diag[d=255] off[d=957] rhs[d=255] coef[d=480] expl[d=480] conv[e=0] pin[e=0] maxAbs=4.68e+04   scaleD=4.677e+04  scaleR=3810      
  FAIL distorted q16  all-Neumann  positive  anisotropic rho=1       ref=255   nonorth      diag[d=255] off[d=958] rhs[d=0] coef[d=480] expl[d=0] conv[e=0] pin[e=0] maxAbs=4.68e+04   scaleD=4.677e+04  scaleR=2.8       
  FAIL distorted q16  all-Neumann  positive  anisotropic rho=1       ref=255   nonorth+prev diag[d=255] off[d=958] rhs[d=255] coef[d=480] expl[d=480] conv[e=0] pin[e=0] maxAbs=4.68e+04   scaleD=4.677e+04  scaleR=3810      
  FAIL distorted q16  all-Neumann  positive  anisotropic rho=998.2   ref=0     nonorth      diag[d=255] off[d=958] rhs[d=0] coef[d=480] expl[d=0] conv[e=0] pin[e=0] maxAbs=4.67e+07   scaleD=4.669e+07  scaleR=1.4       
  FAIL distorted q16  all-Neumann  positive  anisotropic rho=998.2   ref=0     nonorth+prev diag[d=255] off[d=958] rhs[d=255] coef[d=480] expl[d=480] conv[e=0] pin[e=0] maxAbs=4.67e+07   scaleD=4.669e+07  scaleR=3.803e+06 
  FAIL distorted q16  all-Neumann  positive  anisotropic rho=998.2   ref=128   nonorth      diag[d=255] off[d=957] rhs[d=0] coef[d=480] expl[d=0] conv[e=0] pin[e=0] maxAbs=4.67e+07   scaleD=4.669e+07  scaleR=2.8       
  FAIL distorted q16  all-Neumann  positive  anisotropic rho=998.2   ref=128   nonorth+prev diag[d=255] off[d=957] rhs[d=255] coef[d=480] expl[d=480] conv[e=0] pin[e=0] maxAbs=4.67e+07   scaleD=4.669e+07  scaleR=3.803e+06 
  FAIL distorted q16  all-Neumann  positive  anisotropic rho=998.2   ref=255   nonorth      diag[d=255] off[d=958] rhs[d=0] coef[d=480] expl[d=0] conv[e=0] pin[e=0] maxAbs=4.67e+07   scaleD=4.669e+07  scaleR=2.8       
  FAIL distorted q16  all-Neumann  positive  anisotropic rho=998.2   ref=255   nonorth+prev diag[d=255] off[d=958] rhs[d=255] coef[d=480] expl[d=480] conv[e=0] pin[e=0] maxAbs=4.67e+07   scaleD=4.669e+07  scaleR=3.803e+06 
  FAIL distorted q16  all-Neumann  negative  uniform    rho=1       ref=0     nonorth      diag[d=255] off[d=958] rhs[d=0] coef[d=480] expl[d=0] conv[e=0] pin[e=0] maxAbs=4.18       scaleD=1          scaleR=1.4       
  FAIL distorted q16  all-Neumann  negative  uniform    rho=1       ref=0     nonorth+prev diag[d=255] off[d=958] rhs[d=255] coef[d=480] expl[d=480] conv[e=0] pin[e=0] maxAbs=4.18       scaleD=1          scaleR=1.4       
  FAIL distorted q16  all-Neumann  negative  uniform    rho=1       ref=128   nonorth      diag[d=255] off[d=957] rhs[d=0] coef[d=480] expl[d=0] conv[e=0] pin[e=0] maxAbs=4.18       scaleD=1          scaleR=2.8       
  FAIL distorted q16  all-Neumann  negative  uniform    rho=1       ref=128   nonorth+prev diag[d=255] off[d=957] rhs[d=255] coef[d=480] expl[d=480] conv[e=0] pin[e=0] maxAbs=4.18       scaleD=1          scaleR=2.8       
  FAIL distorted q16  all-Neumann  negative  uniform    rho=1       ref=255   nonorth      diag[d=255] off[d=958] rhs[d=0] coef[d=480] expl[d=0] conv[e=0] pin[e=0] maxAbs=4.18       scaleD=1          scaleR=2.8       
  FAIL distorted q16  all-Neumann  negative  uniform    rho=1       ref=255   nonorth+prev diag[d=255] off[d=958] rhs[d=255] coef[d=480] expl[d=480] conv[e=0] pin[e=0] maxAbs=4.18       scaleD=1          scaleR=2.8       
  FAIL distorted q16  all-Neumann  negative  uniform    rho=998.2   ref=0     nonorth      diag[d=255] off[d=958] rhs[d=0] coef[d=480] expl[d=0] conv[e=0] pin[e=0] maxAbs=4.18e+03   scaleD=85.22      scaleR=1.4       
  FAIL distorted q16  all-Neumann  negative  uniform    rho=998.2   ref=0     nonorth+prev diag[d=255] off[d=958] rhs[d=255] coef[d=480] expl[d=480] conv[e=0] pin[e=0] maxAbs=4.18e+03   scaleD=85.22      scaleR=1.66      
  FAIL distorted q16  all-Neumann  negative  uniform    rho=998.2   ref=128   nonorth      diag[d=255] off[d=957] rhs[d=0] coef[d=480] expl[d=0] conv[e=0] pin[e=0] maxAbs=4.18e+03   scaleD=85.22      scaleR=2.8       
  FAIL distorted q16  all-Neumann  negative  uniform    rho=998.2   ref=128   nonorth+prev diag[d=255] off[d=957] rhs[d=255] coef[d=480] expl[d=480] conv[e=0] pin[e=0] maxAbs=4.18e+03   scaleD=85.22      scaleR=2.666     
  FAIL distorted q16  all-Neumann  negative  uniform    rho=998.2   ref=255   nonorth      diag[d=255] off[d=958] rhs[d=0] coef[d=480] expl[d=0] conv[e=0] pin[e=0] maxAbs=4.18e+03   scaleD=85.22      scaleR=2.8       
  FAIL distorted q16  all-Neumann  negative  uniform    rho=998.2   ref=255   nonorth+prev diag[d=255] off[d=958] rhs[d=255] coef[d=480] expl[d=480] conv[e=0] pin[e=0] maxAbs=4.18e+03   scaleD=85.22      scaleR=2.666     
  FAIL distorted q16  all-Neumann  negative  varying    rho=1       ref=0     nonorth      diag[d=255] off[d=958] rhs[d=0] coef[d=480] expl[d=0] conv[e=0] pin[e=0] maxAbs=4.18       scaleD=1          scaleR=1.4       
  FAIL distorted q16  all-Neumann  negative  varying    rho=1       ref=0     nonorth+prev diag[d=255] off[d=958] rhs[d=255] coef[d=480] expl[d=480] conv[e=0] pin[e=0] maxAbs=4.18       scaleD=1          scaleR=1.4       
  FAIL distorted q16  all-Neumann  negative  varying    rho=1       ref=128   nonorth      diag[d=255] off[d=957] rhs[d=0] coef[d=480] expl[d=0] conv[e=0] pin[e=0] maxAbs=4.18       scaleD=1          scaleR=2.8       
  FAIL distorted q16  all-Neumann  negative  varying    rho=1       ref=128   nonorth+prev diag[d=255] off[d=957] rhs[d=255] coef[d=480] expl[d=480] conv[e=0] pin[e=0] maxAbs=4.18       scaleD=1          scaleR=2.8       
  FAIL distorted q16  all-Neumann  negative  varying    rho=1       ref=255   nonorth      diag[d=255] off[d=958] rhs[d=0] coef[d=480] expl[d=0] conv[e=0] pin[e=0] maxAbs=4.18       scaleD=1          scaleR=2.8       
  FAIL distorted q16  all-Neumann  negative  varying    rho=1       ref=255   nonorth+prev diag[d=255] off[d=958] rhs[d=255] coef[d=480] expl[d=480] conv[e=0] pin[e=0] maxAbs=4.18       scaleD=1          scaleR=2.8       
  FAIL distorted q16  all-Neumann  negative  varying    rho=998.2   ref=0     nonorth      diag[d=255] off[d=958] rhs[d=0] coef[d=480] expl[d=0] conv[e=0] pin[e=0] maxAbs=4.17e+03   scaleD=161.2      scaleR=1.4       
  FAIL distorted q16  all-Neumann  negative  varying    rho=998.2   ref=0     nonorth+prev diag[d=255] off[d=958] rhs[d=255] coef[d=480] expl[d=480] conv[e=0] pin[e=0] maxAbs=4.17e+03   scaleD=161.2      scaleR=1.65      
  FAIL distorted q16  all-Neumann  negative  varying    rho=998.2   ref=128   nonorth      diag[d=255] off[d=957] rhs[d=0] coef[d=480] expl[d=0] conv[e=0] pin[e=0] maxAbs=4.17e+03   scaleD=161.2      scaleR=2.8       
  FAIL distorted q16  all-Neumann  negative  varying    rho=998.2   ref=128   nonorth+prev diag[d=255] off[d=957] rhs[d=255] coef[d=480] expl[d=480] conv[e=0] pin[e=0] maxAbs=4.17e+03   scaleD=161.2      scaleR=2.76      
  FAIL distorted q16  all-Neumann  negative  varying    rho=998.2   ref=255   nonorth      diag[d=255] off[d=958] rhs[d=0] coef[d=480] expl[d=0] conv[e=0] pin[e=0] maxAbs=4.17e+03   scaleD=161.2      scaleR=2.8       
  FAIL distorted q16  all-Neumann  negative  varying    rho=998.2   ref=255   nonorth+prev diag[d=255] off[d=958] rhs[d=255] coef[d=480] expl[d=480] conv[e=0] pin[e=0] maxAbs=4.17e+03   scaleD=161.2      scaleR=2.76      
  FAIL distorted q16  all-Neumann  negative  anisotropic rho=1       ref=0     nonorth      diag[d=255] off[d=958] rhs[d=0] coef[d=480] expl[d=0] conv[e=0] pin[e=0] maxAbs=4.68e+04   scaleD=4.677e+04  scaleR=1.4       
  FAIL distorted q16  all-Neumann  negative  anisotropic rho=1       ref=0     nonorth+prev diag[d=255] off[d=958] rhs[d=255] coef[d=480] expl[d=480] conv[e=0] pin[e=0] maxAbs=4.68e+04   scaleD=4.677e+04  scaleR=3810      
  FAIL distorted q16  all-Neumann  negative  anisotropic rho=1       ref=128   nonorth      diag[d=255] off[d=957] rhs[d=0] coef[d=480] expl[d=0] conv[e=0] pin[e=0] maxAbs=4.68e+04   scaleD=4.677e+04  scaleR=2.8       
  FAIL distorted q16  all-Neumann  negative  anisotropic rho=1       ref=128   nonorth+prev diag[d=255] off[d=957] rhs[d=255] coef[d=480] expl[d=480] conv[e=0] pin[e=0] maxAbs=4.68e+04   scaleD=4.677e+04  scaleR=3810      
  FAIL distorted q16  all-Neumann  negative  anisotropic rho=1       ref=255   nonorth      diag[d=255] off[d=958] rhs[d=0] coef[d=480] expl[d=0] conv[e=0] pin[e=0] maxAbs=4.68e+04   scaleD=4.677e+04  scaleR=2.8       
  FAIL distorted q16  all-Neumann  negative  anisotropic rho=1       ref=255   nonorth+prev diag[d=255] off[d=958] rhs[d=255] coef[d=480] expl[d=480] conv[e=0] pin[e=0] maxAbs=4.68e+04   scaleD=4.677e+04  scaleR=3810      
  FAIL distorted q16  all-Neumann  negative  anisotropic rho=998.2   ref=0     nonorth      diag[d=255] off[d=958] rhs[d=0] coef[d=480] expl[d=0] conv[e=0] pin[e=0] maxAbs=4.67e+07   scaleD=4.669e+07  scaleR=1.4       
  FAIL distorted q16  all-Neumann  negative  anisotropic rho=998.2   ref=0     nonorth+prev diag[d=255] off[d=958] rhs[d=255] coef[d=480] expl[d=480] conv[e=0] pin[e=0] maxAbs=4.67e+07   scaleD=4.669e+07  scaleR=3.803e+06 
  FAIL distorted q16  all-Neumann  negative  anisotropic rho=998.2   ref=128   nonorth      diag[d=255] off[d=957] rhs[d=0] coef[d=480] expl[d=0] conv[e=0] pin[e=0] maxAbs=4.67e+07   scaleD=4.669e+07  scaleR=2.8       
  FAIL distorted q16  all-Neumann  negative  anisotropic rho=998.2   ref=128   nonorth+prev diag[d=255] off[d=957] rhs[d=255] coef[d=480] expl[d=480] conv[e=0] pin[e=0] maxAbs=4.67e+07   scaleD=4.669e+07  scaleR=3.803e+06 
  FAIL distorted q16  all-Neumann  negative  anisotropic rho=998.2   ref=255   nonorth      diag[d=255] off[d=958] rhs[d=0] coef[d=480] expl[d=0] conv[e=0] pin[e=0] maxAbs=4.67e+07   scaleD=4.669e+07  scaleR=2.8       
  FAIL distorted q16  all-Neumann  negative  anisotropic rho=998.2   ref=255   nonorth+prev diag[d=255] off[d=958] rhs[d=255] coef[d=480] expl[d=480] conv[e=0] pin[e=0] maxAbs=4.67e+07   scaleD=4.669e+07  scaleR=3.803e+06 
  FAIL distorted q16  all-Neumann  mixed     uniform    rho=1       ref=0     nonorth      diag[d=255] off[d=958] rhs[d=0] coef[d=480] expl[d=0] conv[e=0] pin[e=0] maxAbs=4.18       scaleD=1          scaleR=4.2       
  FAIL distorted q16  all-Neumann  mixed     uniform    rho=1       ref=0     nonorth+prev diag[d=255] off[d=958] rhs[d=255] coef[d=480] expl[d=480] conv[e=0] pin[e=0] maxAbs=4.18       scaleD=1          scaleR=4.2       
  FAIL distorted q16  all-Neumann  mixed     uniform    rho=1       ref=128   nonorth      diag[d=255] off[d=957] rhs[d=0] coef[d=480] expl[d=0] conv[e=0] pin[e=0] maxAbs=4.18       scaleD=1          scaleR=4.2       
  FAIL distorted q16  all-Neumann  mixed     uniform    rho=1       ref=128   nonorth+prev diag[d=255] off[d=957] rhs[d=255] coef[d=480] expl[d=480] conv[e=0] pin[e=0] maxAbs=4.18       scaleD=1          scaleR=4.2       
  FAIL distorted q16  all-Neumann  mixed     uniform    rho=1       ref=255   nonorth      diag[d=255] off[d=958] rhs[d=0] coef[d=480] expl[d=0] conv[e=0] pin[e=0] maxAbs=4.18       scaleD=1          scaleR=4.2       
  FAIL distorted q16  all-Neumann  mixed     uniform    rho=1       ref=255   nonorth+prev diag[d=255] off[d=958] rhs[d=255] coef[d=480] expl[d=480] conv[e=0] pin[e=0] maxAbs=4.18       scaleD=1          scaleR=4.2       
  FAIL distorted q16  all-Neumann  mixed     uniform    rho=998.2   ref=0     nonorth      diag[d=255] off[d=958] rhs[d=0] coef[d=480] expl[d=0] conv[e=0] pin[e=0] maxAbs=4.18e+03   scaleD=85.22      scaleR=4.2       
  FAIL distorted q16  all-Neumann  mixed     uniform    rho=998.2   ref=0     nonorth+prev diag[d=255] off[d=958] rhs[d=255] coef[d=480] expl[d=480] conv[e=0] pin[e=0] maxAbs=4.18e+03   scaleD=85.22      scaleR=4.399     
  FAIL distorted q16  all-Neumann  mixed     uniform    rho=998.2   ref=128   nonorth      diag[d=255] off[d=957] rhs[d=0] coef[d=480] expl[d=0] conv[e=0] pin[e=0] maxAbs=4.18e+03   scaleD=85.22      scaleR=4.2       
  FAIL distorted q16  all-Neumann  mixed     uniform    rho=998.2   ref=128   nonorth+prev diag[d=255] off[d=957] rhs[d=255] coef[d=480] expl[d=480] conv[e=0] pin[e=0] maxAbs=4.18e+03   scaleD=85.22      scaleR=4.399     
  FAIL distorted q16  all-Neumann  mixed     uniform    rho=998.2   ref=255   nonorth      diag[d=255] off[d=958] rhs[d=0] coef[d=480] expl[d=0] conv[e=0] pin[e=0] maxAbs=4.18e+03   scaleD=85.22      scaleR=4.2       
  FAIL distorted q16  all-Neumann  mixed     uniform    rho=998.2   ref=255   nonorth+prev diag[d=255] off[d=958] rhs[d=255] coef[d=480] expl[d=480] conv[e=0] pin[e=0] maxAbs=4.18e+03   scaleD=85.22      scaleR=4.399     
  FAIL distorted q16  all-Neumann  mixed     varying    rho=1       ref=0     nonorth      diag[d=255] off[d=958] rhs[d=0] coef[d=480] expl[d=0] conv[e=0] pin[e=0] maxAbs=4.18       scaleD=1          scaleR=4.2       
  FAIL distorted q16  all-Neumann  mixed     varying    rho=1       ref=0     nonorth+prev diag[d=255] off[d=958] rhs[d=255] coef[d=480] expl[d=480] conv[e=0] pin[e=0] maxAbs=4.18       scaleD=1          scaleR=4.2       
  FAIL distorted q16  all-Neumann  mixed     varying    rho=1       ref=128   nonorth      diag[d=255] off[d=957] rhs[d=0] coef[d=480] expl[d=0] conv[e=0] pin[e=0] maxAbs=4.18       scaleD=1          scaleR=4.2       
  FAIL distorted q16  all-Neumann  mixed     varying    rho=1       ref=128   nonorth+prev diag[d=255] off[d=957] rhs[d=255] coef[d=480] expl[d=480] conv[e=0] pin[e=0] maxAbs=4.18       scaleD=1          scaleR=4.2       
  FAIL distorted q16  all-Neumann  mixed     varying    rho=1       ref=255   nonorth      diag[d=255] off[d=958] rhs[d=0] coef[d=480] expl[d=0] conv[e=0] pin[e=0] maxAbs=4.18       scaleD=1          scaleR=4.2       
  FAIL distorted q16  all-Neumann  mixed     varying    rho=1       ref=255   nonorth+prev diag[d=255] off[d=958] rhs[d=255] coef[d=480] expl[d=480] conv[e=0] pin[e=0] maxAbs=4.18       scaleD=1          scaleR=4.2       
  FAIL distorted q16  all-Neumann  mixed     varying    rho=998.2   ref=0     nonorth      diag[d=255] off[d=958] rhs[d=0] coef[d=480] expl[d=0] conv[e=0] pin[e=0] maxAbs=4.17e+03   scaleD=161.2      scaleR=4.2       
  FAIL distorted q16  all-Neumann  mixed     varying    rho=998.2   ref=0     nonorth+prev diag[d=255] off[d=958] rhs[d=255] coef[d=480] expl[d=480] conv[e=0] pin[e=0] maxAbs=4.17e+03   scaleD=161.2      scaleR=4.573     
  FAIL distorted q16  all-Neumann  mixed     varying    rho=998.2   ref=128   nonorth      diag[d=255] off[d=957] rhs[d=0] coef[d=480] expl[d=0] conv[e=0] pin[e=0] maxAbs=4.17e+03   scaleD=161.2      scaleR=4.2       
  FAIL distorted q16  all-Neumann  mixed     varying    rho=998.2   ref=128   nonorth+prev diag[d=255] off[d=957] rhs[d=255] coef[d=480] expl[d=480] conv[e=0] pin[e=0] maxAbs=4.17e+03   scaleD=161.2      scaleR=4.573     
  FAIL distorted q16  all-Neumann  mixed     varying    rho=998.2   ref=255   nonorth      diag[d=255] off[d=958] rhs[d=0] coef[d=480] expl[d=0] conv[e=0] pin[e=0] maxAbs=4.17e+03   scaleD=161.2      scaleR=4.2       
  FAIL distorted q16  all-Neumann  mixed     varying    rho=998.2   ref=255   nonorth+prev diag[d=255] off[d=958] rhs[d=255] coef[d=480] expl[d=480] conv[e=0] pin[e=0] maxAbs=4.17e+03   scaleD=161.2      scaleR=4.573     
  FAIL distorted q16  all-Neumann  mixed     anisotropic rho=1       ref=0     nonorth      diag[d=255] off[d=958] rhs[d=0] coef[d=480] expl[d=0] conv[e=0] pin[e=0] maxAbs=4.68e+04   scaleD=4.677e+04  scaleR=4.2       
  FAIL distorted q16  all-Neumann  mixed     anisotropic rho=1       ref=0     nonorth+prev diag[d=255] off[d=958] rhs[d=255] coef[d=480] expl[d=480] conv[e=0] pin[e=0] maxAbs=4.68e+04   scaleD=4.677e+04  scaleR=3811      
  FAIL distorted q16  all-Neumann  mixed     anisotropic rho=1       ref=128   nonorth      diag[d=255] off[d=957] rhs[d=0] coef[d=480] expl[d=0] conv[e=0] pin[e=0] maxAbs=4.68e+04   scaleD=4.677e+04  scaleR=4.2       
  FAIL distorted q16  all-Neumann  mixed     anisotropic rho=1       ref=128   nonorth+prev diag[d=255] off[d=957] rhs[d=255] coef[d=480] expl[d=480] conv[e=0] pin[e=0] maxAbs=4.68e+04   scaleD=4.677e+04  scaleR=3811      
  FAIL distorted q16  all-Neumann  mixed     anisotropic rho=1       ref=255   nonorth      diag[d=255] off[d=958] rhs[d=0] coef[d=480] expl[d=0] conv[e=0] pin[e=0] maxAbs=4.68e+04   scaleD=4.677e+04  scaleR=4.2       
  FAIL distorted q16  all-Neumann  mixed     anisotropic rho=1       ref=255   nonorth+prev diag[d=255] off[d=958] rhs[d=255] coef[d=480] expl[d=480] conv[e=0] pin[e=0] maxAbs=4.68e+04   scaleD=4.677e+04  scaleR=3811      
  FAIL distorted q16  all-Neumann  mixed     anisotropic rho=998.2   ref=0     nonorth      diag[d=255] off[d=958] rhs[d=0] coef[d=480] expl[d=0] conv[e=0] pin[e=0] maxAbs=4.67e+07   scaleD=4.669e+07  scaleR=4.2       
  FAIL distorted q16  all-Neumann  mixed     anisotropic rho=998.2   ref=0     nonorth+prev diag[d=255] off[d=958] rhs[d=255] coef[d=480] expl[d=480] conv[e=0] pin[e=0] maxAbs=4.67e+07   scaleD=4.669e+07  scaleR=3.803e+06 
  FAIL distorted q16  all-Neumann  mixed     anisotropic rho=998.2   ref=128   nonorth      diag[d=255] off[d=957] rhs[d=0] coef[d=480] expl[d=0] conv[e=0] pin[e=0] maxAbs=4.67e+07   scaleD=4.669e+07  scaleR=4.2       
  FAIL distorted q16  all-Neumann  mixed     anisotropic rho=998.2   ref=128   nonorth+prev diag[d=255] off[d=957] rhs[d=255] coef[d=480] expl[d=480] conv[e=0] pin[e=0] maxAbs=4.67e+07   scaleD=4.669e+07  scaleR=3.803e+06 
  FAIL distorted q16  all-Neumann  mixed     anisotropic rho=998.2   ref=255   nonorth      diag[d=255] off[d=958] rhs[d=0] coef[d=480] expl[d=0] conv[e=0] pin[e=0] maxAbs=4.67e+07   scaleD=4.669e+07  scaleR=4.2       
  FAIL distorted q16  all-Neumann  mixed     anisotropic rho=998.2   ref=255   nonorth+prev diag[d=255] off[d=958] rhs[d=255] coef[d=480] expl[d=480] conv[e=0] pin[e=0] maxAbs=4.67e+07   scaleD=4.669e+07  scaleR=3.803e+06 
  FAIL distorted q16  all-Neumann  swirl     uniform    rho=1       ref=0     nonorth      diag[d=255] off[d=958] rhs[d=0] coef[d=480] expl[d=0] conv[e=0] pin[e=0] maxAbs=4.18       scaleD=1          scaleR=1.561e-17 
  FAIL distorted q16  all-Neumann  swirl     uniform    rho=1       ref=0     nonorth+prev diag[d=255] off[d=958] rhs[d=255] coef[d=480] expl[d=480] conv[e=0] pin[e=0] maxAbs=4.18       scaleD=1          scaleR=0.0009689 
  FAIL distorted q16  all-Neumann  swirl     uniform    rho=1       ref=128   nonorth      diag[d=255] off[d=957] rhs[d=0] coef[d=480] expl[d=0] conv[e=0] pin[e=0] maxAbs=4.18       scaleD=1          scaleR=1.561e-17 
  FAIL distorted q16  all-Neumann  swirl     uniform    rho=1       ref=128   nonorth+prev diag[d=255] off[d=957] rhs[d=255] coef[d=480] expl[d=480] conv[e=0] pin[e=0] maxAbs=4.18       scaleD=1          scaleR=0.0009689 
  FAIL distorted q16  all-Neumann  swirl     uniform    rho=1       ref=255   nonorth      diag[d=255] off[d=958] rhs[d=0] coef[d=480] expl[d=0] conv[e=0] pin[e=0] maxAbs=4.18       scaleD=1          scaleR=1.561e-17 
  FAIL distorted q16  all-Neumann  swirl     uniform    rho=1       ref=255   nonorth+prev diag[d=255] off[d=958] rhs[d=255] coef[d=480] expl[d=480] conv[e=0] pin[e=0] maxAbs=4.18       scaleD=1          scaleR=0.0009689 
  FAIL distorted q16  all-Neumann  swirl     uniform    rho=998.2   ref=0     nonorth      diag[d=255] off[d=958] rhs[d=0] coef[d=480] expl[d=0] conv[e=0] pin[e=0] maxAbs=4.18e+03   scaleD=85.22      scaleR=1.561e-17 
  FAIL distorted q16  all-Neumann  swirl     uniform    rho=998.2   ref=0     nonorth+prev diag[d=255] off[d=958] rhs[d=255] coef[d=480] expl[d=480] conv[e=0] pin[e=0] maxAbs=4.18e+03   scaleD=85.22      scaleR=0.9671    
  FAIL distorted q16  all-Neumann  swirl     uniform    rho=998.2   ref=128   nonorth      diag[d=255] off[d=957] rhs[d=0] coef[d=480] expl[d=0] conv[e=0] pin[e=0] maxAbs=4.18e+03   scaleD=85.22      scaleR=1.561e-17 
  FAIL distorted q16  all-Neumann  swirl     uniform    rho=998.2   ref=128   nonorth+prev diag[d=255] off[d=957] rhs[d=255] coef[d=480] expl[d=480] conv[e=0] pin[e=0] maxAbs=4.18e+03   scaleD=85.22      scaleR=0.9671    
  FAIL distorted q16  all-Neumann  swirl     uniform    rho=998.2   ref=255   nonorth      diag[d=255] off[d=958] rhs[d=0] coef[d=480] expl[d=0] conv[e=0] pin[e=0] maxAbs=4.18e+03   scaleD=85.22      scaleR=1.561e-17 
  FAIL distorted q16  all-Neumann  swirl     uniform    rho=998.2   ref=255   nonorth+prev diag[d=255] off[d=958] rhs[d=255] coef[d=480] expl[d=480] conv[e=0] pin[e=0] maxAbs=4.18e+03   scaleD=85.22      scaleR=0.9671    
  FAIL distorted q16  all-Neumann  swirl     varying    rho=1       ref=0     nonorth      diag[d=255] off[d=958] rhs[d=0] coef[d=480] expl[d=0] conv[e=0] pin[e=0] maxAbs=4.18       scaleD=1          scaleR=1.561e-17 
  FAIL distorted q16  all-Neumann  swirl     varying    rho=1       ref=0     nonorth+prev diag[d=255] off[d=958] rhs[d=255] coef[d=480] expl[d=480] conv[e=0] pin[e=0] maxAbs=4.18       scaleD=1          scaleR=0.001116  
  FAIL distorted q16  all-Neumann  swirl     varying    rho=1       ref=128   nonorth      diag[d=255] off[d=957] rhs[d=0] coef[d=480] expl[d=0] conv[e=0] pin[e=0] maxAbs=4.18       scaleD=1          scaleR=1.561e-17 
  FAIL distorted q16  all-Neumann  swirl     varying    rho=1       ref=128   nonorth+prev diag[d=255] off[d=957] rhs[d=255] coef[d=480] expl[d=480] conv[e=0] pin[e=0] maxAbs=4.18       scaleD=1          scaleR=0.001116  
  FAIL distorted q16  all-Neumann  swirl     varying    rho=1       ref=255   nonorth      diag[d=255] off[d=958] rhs[d=0] coef[d=480] expl[d=0] conv[e=0] pin[e=0] maxAbs=4.18       scaleD=1          scaleR=1.561e-17 
  FAIL distorted q16  all-Neumann  swirl     varying    rho=1       ref=255   nonorth+prev diag[d=255] off[d=958] rhs[d=255] coef[d=480] expl[d=480] conv[e=0] pin[e=0] maxAbs=4.18       scaleD=1          scaleR=0.001116  
  FAIL distorted q16  all-Neumann  swirl     varying    rho=998.2   ref=0     nonorth      diag[d=255] off[d=958] rhs[d=0] coef[d=480] expl[d=0] conv[e=0] pin[e=0] maxAbs=4.17e+03   scaleD=161.2      scaleR=1.561e-17 
  FAIL distorted q16  all-Neumann  swirl     varying    rho=998.2   ref=0     nonorth+prev diag[d=255] off[d=958] rhs[d=255] coef[d=480] expl[d=480] conv[e=0] pin[e=0] maxAbs=4.17e+03   scaleD=161.2      scaleR=1.114     
  FAIL distorted q16  all-Neumann  swirl     varying    rho=998.2   ref=128   nonorth      diag[d=255] off[d=957] rhs[d=0] coef[d=480] expl[d=0] conv[e=0] pin[e=0] maxAbs=4.17e+03   scaleD=161.2      scaleR=1.561e-17 
  FAIL distorted q16  all-Neumann  swirl     varying    rho=998.2   ref=128   nonorth+prev diag[d=255] off[d=957] rhs[d=255] coef[d=480] expl[d=480] conv[e=0] pin[e=0] maxAbs=4.17e+03   scaleD=161.2      scaleR=1.114     
  FAIL distorted q16  all-Neumann  swirl     varying    rho=998.2   ref=255   nonorth      diag[d=255] off[d=958] rhs[d=0] coef[d=480] expl[d=0] conv[e=0] pin[e=0] maxAbs=4.17e+03   scaleD=161.2      scaleR=1.561e-17 
  FAIL distorted q16  all-Neumann  swirl     varying    rho=998.2   ref=255   nonorth+prev diag[d=255] off[d=958] rhs[d=255] coef[d=480] expl[d=480] conv[e=0] pin[e=0] maxAbs=4.17e+03   scaleD=161.2      scaleR=1.114     
  FAIL distorted q16  all-Neumann  swirl     anisotropic rho=1       ref=0     nonorth      diag[d=255] off[d=958] rhs[d=0] coef[d=480] expl[d=0] conv[e=0] pin[e=0] maxAbs=4.68e+04   scaleD=4.677e+04  scaleR=1.561e-17 
  FAIL distorted q16  all-Neumann  swirl     anisotropic rho=1       ref=0     nonorth+prev diag[d=255] off[d=958] rhs[d=255] coef[d=480] expl[d=480] conv[e=0] pin[e=0] maxAbs=4.68e+04   scaleD=4.677e+04  scaleR=3810      
  FAIL distorted q16  all-Neumann  swirl     anisotropic rho=1       ref=128   nonorth      diag[d=255] off[d=957] rhs[d=0] coef[d=480] expl[d=0] conv[e=0] pin[e=0] maxAbs=4.68e+04   scaleD=4.677e+04  scaleR=1.561e-17 
  FAIL distorted q16  all-Neumann  swirl     anisotropic rho=1       ref=128   nonorth+prev diag[d=255] off[d=957] rhs[d=255] coef[d=480] expl[d=480] conv[e=0] pin[e=0] maxAbs=4.68e+04   scaleD=4.677e+04  scaleR=3810      
  FAIL distorted q16  all-Neumann  swirl     anisotropic rho=1       ref=255   nonorth      diag[d=255] off[d=958] rhs[d=0] coef[d=480] expl[d=0] conv[e=0] pin[e=0] maxAbs=4.68e+04   scaleD=4.677e+04  scaleR=1.561e-17 
  FAIL distorted q16  all-Neumann  swirl     anisotropic rho=1       ref=255   nonorth+prev diag[d=255] off[d=958] rhs[d=255] coef[d=480] expl[d=480] conv[e=0] pin[e=0] maxAbs=4.68e+04   scaleD=4.677e+04  scaleR=3810      
  FAIL distorted q16  all-Neumann  swirl     anisotropic rho=998.2   ref=0     nonorth      diag[d=255] off[d=958] rhs[d=0] coef[d=480] expl[d=0] conv[e=0] pin[e=0] maxAbs=4.67e+07   scaleD=4.669e+07  scaleR=1.561e-17 
  FAIL distorted q16  all-Neumann  swirl     anisotropic rho=998.2   ref=0     nonorth+prev diag[d=255] off[d=958] rhs[d=255] coef[d=480] expl[d=480] conv[e=0] pin[e=0] maxAbs=4.67e+07   scaleD=4.669e+07  scaleR=3.803e+06 
  FAIL distorted q16  all-Neumann  swirl     anisotropic rho=998.2   ref=128   nonorth      diag[d=255] off[d=957] rhs[d=0] coef[d=480] expl[d=0] conv[e=0] pin[e=0] maxAbs=4.67e+07   scaleD=4.669e+07  scaleR=1.561e-17 
  FAIL distorted q16  all-Neumann  swirl     anisotropic rho=998.2   ref=128   nonorth+prev diag[d=255] off[d=957] rhs[d=255] coef[d=480] expl[d=480] conv[e=0] pin[e=0] maxAbs=4.67e+07   scaleD=4.669e+07  scaleR=3.803e+06 
  FAIL distorted q16  all-Neumann  swirl     anisotropic rho=998.2   ref=255   nonorth      diag[d=255] off[d=958] rhs[d=0] coef[d=480] expl[d=0] conv[e=0] pin[e=0] maxAbs=4.67e+07   scaleD=4.669e+07  scaleR=1.561e-17 
  FAIL distorted q16  all-Neumann  swirl     anisotropic rho=998.2   ref=255   nonorth+prev diag[d=255] off[d=958] rhs[d=255] coef[d=480] expl[d=480] conv[e=0] pin[e=0] maxAbs=4.67e+07   scaleD=4.669e+07  scaleR=3.803e+06 
       [distorted q16/one-FixedValue pin=no fixedValueFaces=16 axisAligned=0 general=544 resident=238752 B]
  PASS L5 distorted q16  one-FixedValue ref=0     opposite[e=0] sign[e=0] ambiguous=0 faces[axisaligned=0 wellposed=480 parallel=0 fallback=0]
  PASS L5 distorted q16  one-FixedValue ref=128   opposite[e=0] sign[e=0] ambiguous=0 faces[axisaligned=0 wellposed=480 parallel=0 fallback=0]
  PASS L5 distorted q16  one-FixedValue ref=255   opposite[e=0] sign[e=0] ambiguous=0 faces[axisaligned=0 wellposed=480 parallel=0 fallback=0]
  FAIL L6 distorted q16  one-FixedValue threshold sweep 25 decades differing=30400 decomposingFaces=480 faces[wellposed=9888 fallback=2112]
  FAIL L7 distorted q16  one-FixedValue band sweep root=1788.28 differing=28832 facesInBand=15/8160
  FAIL distorted q16  one-FixedValue zero      uniform    rho=1       ref=0     nonorth      diag[d=256] off[d=960] rhs[d=0] coef[d=496] expl[d=0] conv[e=0] pin[e=0] maxAbs=5.06       scaleD=0.1032     scaleR=0         
  FAIL distorted q16  one-FixedValue zero      uniform    rho=1       ref=0     nonorth+prev diag[d=256] off[d=960] rhs[d=256] coef[d=496] expl[d=496] conv[e=0] pin[e=0] maxAbs=5.06       scaleD=0.1032     scaleR=0.001221  
  FAIL distorted q16  one-FixedValue zero      uniform    rho=1       ref=128   nonorth      diag[d=256] off[d=960] rhs[d=0] coef[d=496] expl[d=0] conv[e=0] pin[e=0] maxAbs=5.06       scaleD=0.1032     scaleR=0         
  FAIL distorted q16  one-FixedValue zero      uniform    rho=1       ref=128   nonorth+prev diag[d=256] off[d=960] rhs[d=256] coef[d=496] expl[d=496] conv[e=0] pin[e=0] maxAbs=5.06       scaleD=0.1032     scaleR=0.001221  
  FAIL distorted q16  one-FixedValue zero      uniform    rho=1       ref=255   nonorth      diag[d=256] off[d=960] rhs[d=0] coef[d=496] expl[d=0] conv[e=0] pin[e=0] maxAbs=5.06       scaleD=0.1032     scaleR=0         
  FAIL distorted q16  one-FixedValue zero      uniform    rho=1       ref=255   nonorth+prev diag[d=256] off[d=960] rhs[d=256] coef[d=496] expl[d=496] conv[e=0] pin[e=0] maxAbs=5.06       scaleD=0.1032     scaleR=0.001221  
  FAIL distorted q16  one-FixedValue zero      uniform    rho=998.2   ref=0     nonorth      diag[d=256] off[d=960] rhs[d=0] coef[d=496] expl[d=0] conv[e=0] pin[e=0] maxAbs=5.05e+03   scaleD=103        scaleR=0         
  FAIL distorted q16  one-FixedValue zero      uniform    rho=998.2   ref=0     nonorth+prev diag[d=256] off[d=960] rhs[d=256] coef[d=496] expl[d=496] conv[e=0] pin[e=0] maxAbs=5.05e+03   scaleD=103        scaleR=1.219     
  FAIL distorted q16  one-FixedValue zero      uniform    rho=998.2   ref=128   nonorth      diag[d=256] off[d=960] rhs[d=0] coef[d=496] expl[d=0] conv[e=0] pin[e=0] maxAbs=5.05e+03   scaleD=103        scaleR=0         
  FAIL distorted q16  one-FixedValue zero      uniform    rho=998.2   ref=128   nonorth+prev diag[d=256] off[d=960] rhs[d=256] coef[d=496] expl[d=496] conv[e=0] pin[e=0] maxAbs=5.05e+03   scaleD=103        scaleR=1.219     
  FAIL distorted q16  one-FixedValue zero      uniform    rho=998.2   ref=255   nonorth      diag[d=256] off[d=960] rhs[d=0] coef[d=496] expl[d=0] conv[e=0] pin[e=0] maxAbs=5.05e+03   scaleD=103        scaleR=0         
  FAIL distorted q16  one-FixedValue zero      uniform    rho=998.2   ref=255   nonorth+prev diag[d=256] off[d=960] rhs[d=256] coef[d=496] expl[d=496] conv[e=0] pin[e=0] maxAbs=5.05e+03   scaleD=103        scaleR=1.219     
  FAIL distorted q16  one-FixedValue zero      varying    rho=1       ref=0     nonorth      diag[d=256] off[d=960] rhs[d=0] coef[d=496] expl[d=0] conv[e=0] pin[e=0] maxAbs=5.1        scaleD=0.1614     scaleR=0         
  FAIL distorted q16  one-FixedValue zero      varying    rho=1       ref=0     nonorth+prev diag[d=256] off[d=960] rhs[d=256] coef[d=496] expl[d=496] conv[e=0] pin[e=0] maxAbs=5.1        scaleD=0.1614     scaleR=0.001116  
  FAIL distorted q16  one-FixedValue zero      varying    rho=1       ref=128   nonorth      diag[d=256] off[d=960] rhs[d=0] coef[d=496] expl[d=0] conv[e=0] pin[e=0] maxAbs=5.1        scaleD=0.1614     scaleR=0         
  FAIL distorted q16  one-FixedValue zero      varying    rho=1       ref=128   nonorth+prev diag[d=256] off[d=960] rhs[d=256] coef[d=496] expl[d=496] conv[e=0] pin[e=0] maxAbs=5.1        scaleD=0.1614     scaleR=0.001116  
  FAIL distorted q16  one-FixedValue zero      varying    rho=1       ref=255   nonorth      diag[d=256] off[d=960] rhs[d=0] coef[d=496] expl[d=0] conv[e=0] pin[e=0] maxAbs=5.1        scaleD=0.1614     scaleR=0         
  FAIL distorted q16  one-FixedValue zero      varying    rho=1       ref=255   nonorth+prev diag[d=256] off[d=960] rhs[d=256] coef[d=496] expl[d=496] conv[e=0] pin[e=0] maxAbs=5.1        scaleD=0.1614     scaleR=0.001116  
  FAIL distorted q16  one-FixedValue zero      varying    rho=998.2   ref=0     nonorth      diag[d=256] off[d=960] rhs[d=0] coef[d=496] expl[d=0] conv[e=0] pin[e=0] maxAbs=5.09e+03   scaleD=161.2      scaleR=0         
  FAIL distorted q16  one-FixedValue zero      varying    rho=998.2   ref=0     nonorth+prev diag[d=256] off[d=960] rhs[d=256] coef[d=496] expl[d=496] conv[e=0] pin[e=0] maxAbs=5.09e+03   scaleD=161.2      scaleR=1.114     
  FAIL distorted q16  one-FixedValue zero      varying    rho=998.2   ref=128   nonorth      diag[d=256] off[d=960] rhs[d=0] coef[d=496] expl[d=0] conv[e=0] pin[e=0] maxAbs=5.09e+03   scaleD=161.2      scaleR=0         
  FAIL distorted q16  one-FixedValue zero      varying    rho=998.2   ref=128   nonorth+prev diag[d=256] off[d=960] rhs[d=256] coef[d=496] expl[d=496] conv[e=0] pin[e=0] maxAbs=5.09e+03   scaleD=161.2      scaleR=1.114     
  FAIL distorted q16  one-FixedValue zero      varying    rho=998.2   ref=255   nonorth      diag[d=256] off[d=960] rhs[d=0] coef[d=496] expl[d=0] conv[e=0] pin[e=0] maxAbs=5.09e+03   scaleD=161.2      scaleR=0         
  FAIL distorted q16  one-FixedValue zero      varying    rho=998.2   ref=255   nonorth+prev diag[d=256] off[d=960] rhs[d=256] coef[d=496] expl[d=496] conv[e=0] pin[e=0] maxAbs=5.09e+03   scaleD=161.2      scaleR=1.114     
  FAIL distorted q16  one-FixedValue zero      anisotropic rho=1       ref=0     nonorth      diag[d=256] off[d=960] rhs[d=0] coef[d=496] expl[d=0] conv[e=0] pin[e=0] maxAbs=4.68e+04   scaleD=4.677e+04  scaleR=0         
  FAIL distorted q16  one-FixedValue zero      anisotropic rho=1       ref=0     nonorth+prev diag[d=256] off[d=960] rhs[d=256] coef[d=496] expl[d=496] conv[e=0] pin[e=0] maxAbs=4.68e+04   scaleD=4.677e+04  scaleR=3810      
  FAIL distorted q16  one-FixedValue zero      anisotropic rho=1       ref=128   nonorth      diag[d=256] off[d=960] rhs[d=0] coef[d=496] expl[d=0] conv[e=0] pin[e=0] maxAbs=4.68e+04   scaleD=4.677e+04  scaleR=0         
  FAIL distorted q16  one-FixedValue zero      anisotropic rho=1       ref=128   nonorth+prev diag[d=256] off[d=960] rhs[d=256] coef[d=496] expl[d=496] conv[e=0] pin[e=0] maxAbs=4.68e+04   scaleD=4.677e+04  scaleR=3810      
  FAIL distorted q16  one-FixedValue zero      anisotropic rho=1       ref=255   nonorth      diag[d=256] off[d=960] rhs[d=0] coef[d=496] expl[d=0] conv[e=0] pin[e=0] maxAbs=4.68e+04   scaleD=4.677e+04  scaleR=0         
  FAIL distorted q16  one-FixedValue zero      anisotropic rho=1       ref=255   nonorth+prev diag[d=256] off[d=960] rhs[d=256] coef[d=496] expl[d=496] conv[e=0] pin[e=0] maxAbs=4.68e+04   scaleD=4.677e+04  scaleR=3810      
  FAIL distorted q16  one-FixedValue zero      anisotropic rho=998.2   ref=0     nonorth      diag[d=256] off[d=960] rhs[d=0] coef[d=496] expl[d=0] conv[e=0] pin[e=0] maxAbs=4.67e+07   scaleD=4.669e+07  scaleR=0         
  FAIL distorted q16  one-FixedValue zero      anisotropic rho=998.2   ref=0     nonorth+prev diag[d=256] off[d=960] rhs[d=256] coef[d=496] expl[d=496] conv[e=0] pin[e=0] maxAbs=4.67e+07   scaleD=4.669e+07  scaleR=3.803e+06 
  FAIL distorted q16  one-FixedValue zero      anisotropic rho=998.2   ref=128   nonorth      diag[d=256] off[d=960] rhs[d=0] coef[d=496] expl[d=0] conv[e=0] pin[e=0] maxAbs=4.67e+07   scaleD=4.669e+07  scaleR=0         
  FAIL distorted q16  one-FixedValue zero      anisotropic rho=998.2   ref=128   nonorth+prev diag[d=256] off[d=960] rhs[d=256] coef[d=496] expl[d=496] conv[e=0] pin[e=0] maxAbs=4.67e+07   scaleD=4.669e+07  scaleR=3.803e+06 
  FAIL distorted q16  one-FixedValue zero      anisotropic rho=998.2   ref=255   nonorth      diag[d=256] off[d=960] rhs[d=0] coef[d=496] expl[d=0] conv[e=0] pin[e=0] maxAbs=4.67e+07   scaleD=4.669e+07  scaleR=0         
  FAIL distorted q16  one-FixedValue zero      anisotropic rho=998.2   ref=255   nonorth+prev diag[d=256] off[d=960] rhs[d=256] coef[d=496] expl[d=496] conv[e=0] pin[e=0] maxAbs=4.67e+07   scaleD=4.669e+07  scaleR=3.803e+06 
  FAIL distorted q16  one-FixedValue positive  uniform    rho=1       ref=0     nonorth      diag[d=256] off[d=960] rhs[d=0] coef[d=496] expl[d=0] conv[e=0] pin[e=0] maxAbs=5.06       scaleD=0.1032     scaleR=2.8       
  FAIL distorted q16  one-FixedValue positive  uniform    rho=1       ref=0     nonorth+prev diag[d=256] off[d=960] rhs[d=256] coef[d=496] expl[d=496] conv[e=0] pin[e=0] maxAbs=5.06       scaleD=0.1032     scaleR=2.8       
  FAIL distorted q16  one-FixedValue positive  uniform    rho=1       ref=128   nonorth      diag[d=256] off[d=960] rhs[d=0] coef[d=496] expl[d=0] conv[e=0] pin[e=0] maxAbs=5.06       scaleD=0.1032     scaleR=2.8       
  FAIL distorted q16  one-FixedValue positive  uniform    rho=1       ref=128   nonorth+prev diag[d=256] off[d=960] rhs[d=256] coef[d=496] expl[d=496] conv[e=0] pin[e=0] maxAbs=5.06       scaleD=0.1032     scaleR=2.8       
  FAIL distorted q16  one-FixedValue positive  uniform    rho=1       ref=255   nonorth      diag[d=256] off[d=960] rhs[d=0] coef[d=496] expl[d=0] conv[e=0] pin[e=0] maxAbs=5.06       scaleD=0.1032     scaleR=2.8       
  FAIL distorted q16  one-FixedValue positive  uniform    rho=1       ref=255   nonorth+prev diag[d=256] off[d=960] rhs[d=256] coef[d=496] expl[d=496] conv[e=0] pin[e=0] maxAbs=5.06       scaleD=0.1032     scaleR=2.8       
  FAIL distorted q16  one-FixedValue positive  uniform    rho=998.2   ref=0     nonorth      diag[d=256] off[d=960] rhs[d=0] coef[d=496] expl[d=0] conv[e=0] pin[e=0] maxAbs=5.05e+03   scaleD=103        scaleR=2.8       
  FAIL distorted q16  one-FixedValue positive  uniform    rho=998.2   ref=0     nonorth+prev diag[d=256] off[d=960] rhs[d=256] coef[d=496] expl[d=496] conv[e=0] pin[e=0] maxAbs=5.05e+03   scaleD=103        scaleR=3.151     
  FAIL distorted q16  one-FixedValue positive  uniform    rho=998.2   ref=128   nonorth      diag[d=256] off[d=960] rhs[d=0] coef[d=496] expl[d=0] conv[e=0] pin[e=0] maxAbs=5.05e+03   scaleD=103        scaleR=2.8       
  FAIL distorted q16  one-FixedValue positive  uniform    rho=998.2   ref=128   nonorth+prev diag[d=256] off[d=960] rhs[d=256] coef[d=496] expl[d=496] conv[e=0] pin[e=0] maxAbs=5.05e+03   scaleD=103        scaleR=3.151     
  FAIL distorted q16  one-FixedValue positive  uniform    rho=998.2   ref=255   nonorth      diag[d=256] off[d=960] rhs[d=0] coef[d=496] expl[d=0] conv[e=0] pin[e=0] maxAbs=5.05e+03   scaleD=103        scaleR=2.8       
  FAIL distorted q16  one-FixedValue positive  uniform    rho=998.2   ref=255   nonorth+prev diag[d=256] off[d=960] rhs[d=256] coef[d=496] expl[d=496] conv[e=0] pin[e=0] maxAbs=5.05e+03   scaleD=103        scaleR=3.151     
  FAIL distorted q16  one-FixedValue positive  varying    rho=1       ref=0     nonorth      diag[d=256] off[d=960] rhs[d=0] coef[d=496] expl[d=0] conv[e=0] pin[e=0] maxAbs=5.1        scaleD=0.1614     scaleR=2.8       
  FAIL distorted q16  one-FixedValue positive  varying    rho=1       ref=0     nonorth+prev diag[d=256] off[d=960] rhs[d=256] coef[d=496] expl[d=496] conv[e=0] pin[e=0] maxAbs=5.1        scaleD=0.1614     scaleR=2.8       
  FAIL distorted q16  one-FixedValue positive  varying    rho=1       ref=128   nonorth      diag[d=256] off[d=960] rhs[d=0] coef[d=496] expl[d=0] conv[e=0] pin[e=0] maxAbs=5.1        scaleD=0.1614     scaleR=2.8       
  FAIL distorted q16  one-FixedValue positive  varying    rho=1       ref=128   nonorth+prev diag[d=256] off[d=960] rhs[d=256] coef[d=496] expl[d=496] conv[e=0] pin[e=0] maxAbs=5.1        scaleD=0.1614     scaleR=2.8       
  FAIL distorted q16  one-FixedValue positive  varying    rho=1       ref=255   nonorth      diag[d=256] off[d=960] rhs[d=0] coef[d=496] expl[d=0] conv[e=0] pin[e=0] maxAbs=5.1        scaleD=0.1614     scaleR=2.8       
  FAIL distorted q16  one-FixedValue positive  varying    rho=1       ref=255   nonorth+prev diag[d=256] off[d=960] rhs[d=256] coef[d=496] expl[d=496] conv[e=0] pin[e=0] maxAbs=5.1        scaleD=0.1614     scaleR=2.8       
  FAIL distorted q16  one-FixedValue positive  varying    rho=998.2   ref=0     nonorth      diag[d=256] off[d=960] rhs[d=0] coef[d=496] expl[d=0] conv[e=0] pin[e=0] maxAbs=5.09e+03   scaleD=161.2      scaleR=2.8       
  FAIL distorted q16  one-FixedValue positive  varying    rho=998.2   ref=0     nonorth+prev diag[d=256] off[d=960] rhs[d=256] coef[d=496] expl[d=496] conv[e=0] pin[e=0] maxAbs=5.09e+03   scaleD=161.2      scaleR=2.905     
  FAIL distorted q16  one-FixedValue positive  varying    rho=998.2   ref=128   nonorth      diag[d=256] off[d=960] rhs[d=0] coef[d=496] expl[d=0] conv[e=0] pin[e=0] maxAbs=5.09e+03   scaleD=161.2      scaleR=2.8       
  FAIL distorted q16  one-FixedValue positive  varying    rho=998.2   ref=128   nonorth+prev diag[d=256] off[d=960] rhs[d=256] coef[d=496] expl[d=496] conv[e=0] pin[e=0] maxAbs=5.09e+03   scaleD=161.2      scaleR=2.905     
  FAIL distorted q16  one-FixedValue positive  varying    rho=998.2   ref=255   nonorth      diag[d=256] off[d=960] rhs[d=0] coef[d=496] expl[d=0] conv[e=0] pin[e=0] maxAbs=5.09e+03   scaleD=161.2      scaleR=2.8       
  FAIL distorted q16  one-FixedValue positive  varying    rho=998.2   ref=255   nonorth+prev diag[d=256] off[d=960] rhs[d=256] coef[d=496] expl[d=496] conv[e=0] pin[e=0] maxAbs=5.09e+03   scaleD=161.2      scaleR=2.905     
  FAIL distorted q16  one-FixedValue positive  anisotropic rho=1       ref=0     nonorth      diag[d=256] off[d=960] rhs[d=0] coef[d=496] expl[d=0] conv[e=0] pin[e=0] maxAbs=4.68e+04   scaleD=4.677e+04  scaleR=2.8       
  FAIL distorted q16  one-FixedValue positive  anisotropic rho=1       ref=0     nonorth+prev diag[d=256] off[d=960] rhs[d=256] coef[d=496] expl[d=496] conv[e=0] pin[e=0] maxAbs=4.68e+04   scaleD=4.677e+04  scaleR=3810      
  FAIL distorted q16  one-FixedValue positive  anisotropic rho=1       ref=128   nonorth      diag[d=256] off[d=960] rhs[d=0] coef[d=496] expl[d=0] conv[e=0] pin[e=0] maxAbs=4.68e+04   scaleD=4.677e+04  scaleR=2.8       
  FAIL distorted q16  one-FixedValue positive  anisotropic rho=1       ref=128   nonorth+prev diag[d=256] off[d=960] rhs[d=256] coef[d=496] expl[d=496] conv[e=0] pin[e=0] maxAbs=4.68e+04   scaleD=4.677e+04  scaleR=3810      
  FAIL distorted q16  one-FixedValue positive  anisotropic rho=1       ref=255   nonorth      diag[d=256] off[d=960] rhs[d=0] coef[d=496] expl[d=0] conv[e=0] pin[e=0] maxAbs=4.68e+04   scaleD=4.677e+04  scaleR=2.8       
  FAIL distorted q16  one-FixedValue positive  anisotropic rho=1       ref=255   nonorth+prev diag[d=256] off[d=960] rhs[d=256] coef[d=496] expl[d=496] conv[e=0] pin[e=0] maxAbs=4.68e+04   scaleD=4.677e+04  scaleR=3810      
  FAIL distorted q16  one-FixedValue positive  anisotropic rho=998.2   ref=0     nonorth      diag[d=256] off[d=960] rhs[d=0] coef[d=496] expl[d=0] conv[e=0] pin[e=0] maxAbs=4.67e+07   scaleD=4.669e+07  scaleR=2.8       
  FAIL distorted q16  one-FixedValue positive  anisotropic rho=998.2   ref=0     nonorth+prev diag[d=256] off[d=960] rhs[d=256] coef[d=496] expl[d=496] conv[e=0] pin[e=0] maxAbs=4.67e+07   scaleD=4.669e+07  scaleR=3.803e+06 
  FAIL distorted q16  one-FixedValue positive  anisotropic rho=998.2   ref=128   nonorth      diag[d=256] off[d=960] rhs[d=0] coef[d=496] expl[d=0] conv[e=0] pin[e=0] maxAbs=4.67e+07   scaleD=4.669e+07  scaleR=2.8       
  FAIL distorted q16  one-FixedValue positive  anisotropic rho=998.2   ref=128   nonorth+prev diag[d=256] off[d=960] rhs[d=256] coef[d=496] expl[d=496] conv[e=0] pin[e=0] maxAbs=4.67e+07   scaleD=4.669e+07  scaleR=3.803e+06 
  FAIL distorted q16  one-FixedValue positive  anisotropic rho=998.2   ref=255   nonorth      diag[d=256] off[d=960] rhs[d=0] coef[d=496] expl[d=0] conv[e=0] pin[e=0] maxAbs=4.67e+07   scaleD=4.669e+07  scaleR=2.8       
  FAIL distorted q16  one-FixedValue positive  anisotropic rho=998.2   ref=255   nonorth+prev diag[d=256] off[d=960] rhs[d=256] coef[d=496] expl[d=496] conv[e=0] pin[e=0] maxAbs=4.67e+07   scaleD=4.669e+07  scaleR=3.803e+06 
  FAIL distorted q16  one-FixedValue negative  uniform    rho=1       ref=0     nonorth      diag[d=256] off[d=960] rhs[d=0] coef[d=496] expl[d=0] conv[e=0] pin[e=0] maxAbs=5.06       scaleD=0.1032     scaleR=2.8       
  FAIL distorted q16  one-FixedValue negative  uniform    rho=1       ref=0     nonorth+prev diag[d=256] off[d=960] rhs[d=256] coef[d=496] expl[d=496] conv[e=0] pin[e=0] maxAbs=5.06       scaleD=0.1032     scaleR=2.8       
  FAIL distorted q16  one-FixedValue negative  uniform    rho=1       ref=128   nonorth      diag[d=256] off[d=960] rhs[d=0] coef[d=496] expl[d=0] conv[e=0] pin[e=0] maxAbs=5.06       scaleD=0.1032     scaleR=2.8       
  FAIL distorted q16  one-FixedValue negative  uniform    rho=1       ref=128   nonorth+prev diag[d=256] off[d=960] rhs[d=256] coef[d=496] expl[d=496] conv[e=0] pin[e=0] maxAbs=5.06       scaleD=0.1032     scaleR=2.8       
  FAIL distorted q16  one-FixedValue negative  uniform    rho=1       ref=255   nonorth      diag[d=256] off[d=960] rhs[d=0] coef[d=496] expl[d=0] conv[e=0] pin[e=0] maxAbs=5.06       scaleD=0.1032     scaleR=2.8       
  FAIL distorted q16  one-FixedValue negative  uniform    rho=1       ref=255   nonorth+prev diag[d=256] off[d=960] rhs[d=256] coef[d=496] expl[d=496] conv[e=0] pin[e=0] maxAbs=5.06       scaleD=0.1032     scaleR=2.8       
  FAIL distorted q16  one-FixedValue negative  uniform    rho=998.2   ref=0     nonorth      diag[d=256] off[d=960] rhs[d=0] coef[d=496] expl[d=0] conv[e=0] pin[e=0] maxAbs=5.05e+03   scaleD=103        scaleR=2.8       
  FAIL distorted q16  one-FixedValue negative  uniform    rho=998.2   ref=0     nonorth+prev diag[d=256] off[d=960] rhs[d=256] coef[d=496] expl[d=496] conv[e=0] pin[e=0] maxAbs=5.05e+03   scaleD=103        scaleR=2.449     
  FAIL distorted q16  one-FixedValue negative  uniform    rho=998.2   ref=128   nonorth      diag[d=256] off[d=960] rhs[d=0] coef[d=496] expl[d=0] conv[e=0] pin[e=0] maxAbs=5.05e+03   scaleD=103        scaleR=2.8       
  FAIL distorted q16  one-FixedValue negative  uniform    rho=998.2   ref=128   nonorth+prev diag[d=256] off[d=960] rhs[d=256] coef[d=496] expl[d=496] conv[e=0] pin[e=0] maxAbs=5.05e+03   scaleD=103        scaleR=2.449     
  FAIL distorted q16  one-FixedValue negative  uniform    rho=998.2   ref=255   nonorth      diag[d=256] off[d=960] rhs[d=0] coef[d=496] expl[d=0] conv[e=0] pin[e=0] maxAbs=5.05e+03   scaleD=103        scaleR=2.8       
  FAIL distorted q16  one-FixedValue negative  uniform    rho=998.2   ref=255   nonorth+prev diag[d=256] off[d=960] rhs[d=256] coef[d=496] expl[d=496] conv[e=0] pin[e=0] maxAbs=5.05e+03   scaleD=103        scaleR=2.449     
  FAIL distorted q16  one-FixedValue negative  varying    rho=1       ref=0     nonorth      diag[d=256] off[d=960] rhs[d=0] coef[d=496] expl[d=0] conv[e=0] pin[e=0] maxAbs=5.1        scaleD=0.1614     scaleR=2.8       
  FAIL distorted q16  one-FixedValue negative  varying    rho=1       ref=0     nonorth+prev diag[d=256] off[d=960] rhs[d=256] coef[d=496] expl[d=496] conv[e=0] pin[e=0] maxAbs=5.1        scaleD=0.1614     scaleR=2.8       
  FAIL distorted q16  one-FixedValue negative  varying    rho=1       ref=128   nonorth      diag[d=256] off[d=960] rhs[d=0] coef[d=496] expl[d=0] conv[e=0] pin[e=0] maxAbs=5.1        scaleD=0.1614     scaleR=2.8       
  FAIL distorted q16  one-FixedValue negative  varying    rho=1       ref=128   nonorth+prev diag[d=256] off[d=960] rhs[d=256] coef[d=496] expl[d=496] conv[e=0] pin[e=0] maxAbs=5.1        scaleD=0.1614     scaleR=2.8       
  FAIL distorted q16  one-FixedValue negative  varying    rho=1       ref=255   nonorth      diag[d=256] off[d=960] rhs[d=0] coef[d=496] expl[d=0] conv[e=0] pin[e=0] maxAbs=5.1        scaleD=0.1614     scaleR=2.8       
  FAIL distorted q16  one-FixedValue negative  varying    rho=1       ref=255   nonorth+prev diag[d=256] off[d=960] rhs[d=256] coef[d=496] expl[d=496] conv[e=0] pin[e=0] maxAbs=5.1        scaleD=0.1614     scaleR=2.8       
  FAIL distorted q16  one-FixedValue negative  varying    rho=998.2   ref=0     nonorth      diag[d=256] off[d=960] rhs[d=0] coef[d=496] expl[d=0] conv[e=0] pin[e=0] maxAbs=5.09e+03   scaleD=161.2      scaleR=2.8       
  FAIL distorted q16  one-FixedValue negative  varying    rho=998.2   ref=0     nonorth+prev diag[d=256] off[d=960] rhs[d=256] coef[d=496] expl[d=496] conv[e=0] pin[e=0] maxAbs=5.09e+03   scaleD=161.2      scaleR=2.695     
  FAIL distorted q16  one-FixedValue negative  varying    rho=998.2   ref=128   nonorth      diag[d=256] off[d=960] rhs[d=0] coef[d=496] expl[d=0] conv[e=0] pin[e=0] maxAbs=5.09e+03   scaleD=161.2      scaleR=2.8       
  FAIL distorted q16  one-FixedValue negative  varying    rho=998.2   ref=128   nonorth+prev diag[d=256] off[d=960] rhs[d=256] coef[d=496] expl[d=496] conv[e=0] pin[e=0] maxAbs=5.09e+03   scaleD=161.2      scaleR=2.695     
  FAIL distorted q16  one-FixedValue negative  varying    rho=998.2   ref=255   nonorth      diag[d=256] off[d=960] rhs[d=0] coef[d=496] expl[d=0] conv[e=0] pin[e=0] maxAbs=5.09e+03   scaleD=161.2      scaleR=2.8       
  FAIL distorted q16  one-FixedValue negative  varying    rho=998.2   ref=255   nonorth+prev diag[d=256] off[d=960] rhs[d=256] coef[d=496] expl[d=496] conv[e=0] pin[e=0] maxAbs=5.09e+03   scaleD=161.2      scaleR=2.695     
  FAIL distorted q16  one-FixedValue negative  anisotropic rho=1       ref=0     nonorth      diag[d=256] off[d=960] rhs[d=0] coef[d=496] expl[d=0] conv[e=0] pin[e=0] maxAbs=4.68e+04   scaleD=4.677e+04  scaleR=2.8       
  FAIL distorted q16  one-FixedValue negative  anisotropic rho=1       ref=0     nonorth+prev diag[d=256] off[d=960] rhs[d=256] coef[d=496] expl[d=496] conv[e=0] pin[e=0] maxAbs=4.68e+04   scaleD=4.677e+04  scaleR=3810      
  FAIL distorted q16  one-FixedValue negative  anisotropic rho=1       ref=128   nonorth      diag[d=256] off[d=960] rhs[d=0] coef[d=496] expl[d=0] conv[e=0] pin[e=0] maxAbs=4.68e+04   scaleD=4.677e+04  scaleR=2.8       
  FAIL distorted q16  one-FixedValue negative  anisotropic rho=1       ref=128   nonorth+prev diag[d=256] off[d=960] rhs[d=256] coef[d=496] expl[d=496] conv[e=0] pin[e=0] maxAbs=4.68e+04   scaleD=4.677e+04  scaleR=3810      
  FAIL distorted q16  one-FixedValue negative  anisotropic rho=1       ref=255   nonorth      diag[d=256] off[d=960] rhs[d=0] coef[d=496] expl[d=0] conv[e=0] pin[e=0] maxAbs=4.68e+04   scaleD=4.677e+04  scaleR=2.8       
  FAIL distorted q16  one-FixedValue negative  anisotropic rho=1       ref=255   nonorth+prev diag[d=256] off[d=960] rhs[d=256] coef[d=496] expl[d=496] conv[e=0] pin[e=0] maxAbs=4.68e+04   scaleD=4.677e+04  scaleR=3810      
  FAIL distorted q16  one-FixedValue negative  anisotropic rho=998.2   ref=0     nonorth      diag[d=256] off[d=960] rhs[d=0] coef[d=496] expl[d=0] conv[e=0] pin[e=0] maxAbs=4.67e+07   scaleD=4.669e+07  scaleR=2.8       
  FAIL distorted q16  one-FixedValue negative  anisotropic rho=998.2   ref=0     nonorth+prev diag[d=256] off[d=960] rhs[d=256] coef[d=496] expl[d=496] conv[e=0] pin[e=0] maxAbs=4.67e+07   scaleD=4.669e+07  scaleR=3.803e+06 
  FAIL distorted q16  one-FixedValue negative  anisotropic rho=998.2   ref=128   nonorth      diag[d=256] off[d=960] rhs[d=0] coef[d=496] expl[d=0] conv[e=0] pin[e=0] maxAbs=4.67e+07   scaleD=4.669e+07  scaleR=2.8       
  FAIL distorted q16  one-FixedValue negative  anisotropic rho=998.2   ref=128   nonorth+prev diag[d=256] off[d=960] rhs[d=256] coef[d=496] expl[d=496] conv[e=0] pin[e=0] maxAbs=4.67e+07   scaleD=4.669e+07  scaleR=3.803e+06 
  FAIL distorted q16  one-FixedValue negative  anisotropic rho=998.2   ref=255   nonorth      diag[d=256] off[d=960] rhs[d=0] coef[d=496] expl[d=0] conv[e=0] pin[e=0] maxAbs=4.67e+07   scaleD=4.669e+07  scaleR=2.8       
  FAIL distorted q16  one-FixedValue negative  anisotropic rho=998.2   ref=255   nonorth+prev diag[d=256] off[d=960] rhs[d=256] coef[d=496] expl[d=496] conv[e=0] pin[e=0] maxAbs=4.67e+07   scaleD=4.669e+07  scaleR=3.803e+06 
  FAIL distorted q16  one-FixedValue mixed     uniform    rho=1       ref=0     nonorth      diag[d=256] off[d=960] rhs[d=0] coef[d=496] expl[d=0] conv[e=0] pin[e=0] maxAbs=5.06       scaleD=0.1032     scaleR=4.2       
  FAIL distorted q16  one-FixedValue mixed     uniform    rho=1       ref=0     nonorth+prev diag[d=256] off[d=960] rhs[d=256] coef[d=496] expl[d=496] conv[e=0] pin[e=0] maxAbs=5.06       scaleD=0.1032     scaleR=4.2       
  FAIL distorted q16  one-FixedValue mixed     uniform    rho=1       ref=128   nonorth      diag[d=256] off[d=960] rhs[d=0] coef[d=496] expl[d=0] conv[e=0] pin[e=0] maxAbs=5.06       scaleD=0.1032     scaleR=4.2       
  FAIL distorted q16  one-FixedValue mixed     uniform    rho=1       ref=128   nonorth+prev diag[d=256] off[d=960] rhs[d=256] coef[d=496] expl[d=496] conv[e=0] pin[e=0] maxAbs=5.06       scaleD=0.1032     scaleR=4.2       
  FAIL distorted q16  one-FixedValue mixed     uniform    rho=1       ref=255   nonorth      diag[d=256] off[d=960] rhs[d=0] coef[d=496] expl[d=0] conv[e=0] pin[e=0] maxAbs=5.06       scaleD=0.1032     scaleR=4.2       
  FAIL distorted q16  one-FixedValue mixed     uniform    rho=1       ref=255   nonorth+prev diag[d=256] off[d=960] rhs[d=256] coef[d=496] expl[d=496] conv[e=0] pin[e=0] maxAbs=5.06       scaleD=0.1032     scaleR=4.2       
  FAIL distorted q16  one-FixedValue mixed     uniform    rho=998.2   ref=0     nonorth      diag[d=256] off[d=960] rhs[d=0] coef[d=496] expl[d=0] conv[e=0] pin[e=0] maxAbs=5.05e+03   scaleD=103        scaleR=4.2       
  FAIL distorted q16  one-FixedValue mixed     uniform    rho=998.2   ref=0     nonorth+prev diag[d=256] off[d=960] rhs[d=256] coef[d=496] expl[d=496] conv[e=0] pin[e=0] maxAbs=5.05e+03   scaleD=103        scaleR=4.399     
  FAIL distorted q16  one-FixedValue mixed     uniform    rho=998.2   ref=128   nonorth      diag[d=256] off[d=960] rhs[d=0] coef[d=496] expl[d=0] conv[e=0] pin[e=0] maxAbs=5.05e+03   scaleD=103        scaleR=4.2       
  FAIL distorted q16  one-FixedValue mixed     uniform    rho=998.2   ref=128   nonorth+prev diag[d=256] off[d=960] rhs[d=256] coef[d=496] expl[d=496] conv[e=0] pin[e=0] maxAbs=5.05e+03   scaleD=103        scaleR=4.399     
  FAIL distorted q16  one-FixedValue mixed     uniform    rho=998.2   ref=255   nonorth      diag[d=256] off[d=960] rhs[d=0] coef[d=496] expl[d=0] conv[e=0] pin[e=0] maxAbs=5.05e+03   scaleD=103        scaleR=4.2       
  FAIL distorted q16  one-FixedValue mixed     uniform    rho=998.2   ref=255   nonorth+prev diag[d=256] off[d=960] rhs[d=256] coef[d=496] expl[d=496] conv[e=0] pin[e=0] maxAbs=5.05e+03   scaleD=103        scaleR=4.399     
  FAIL distorted q16  one-FixedValue mixed     varying    rho=1       ref=0     nonorth      diag[d=256] off[d=960] rhs[d=0] coef[d=496] expl[d=0] conv[e=0] pin[e=0] maxAbs=5.1        scaleD=0.1614     scaleR=4.2       
  FAIL distorted q16  one-FixedValue mixed     varying    rho=1       ref=0     nonorth+prev diag[d=256] off[d=960] rhs[d=256] coef[d=496] expl[d=496] conv[e=0] pin[e=0] maxAbs=5.1        scaleD=0.1614     scaleR=4.2       
  FAIL distorted q16  one-FixedValue mixed     varying    rho=1       ref=128   nonorth      diag[d=256] off[d=960] rhs[d=0] coef[d=496] expl[d=0] conv[e=0] pin[e=0] maxAbs=5.1        scaleD=0.1614     scaleR=4.2       
  FAIL distorted q16  one-FixedValue mixed     varying    rho=1       ref=128   nonorth+prev diag[d=256] off[d=960] rhs[d=256] coef[d=496] expl[d=496] conv[e=0] pin[e=0] maxAbs=5.1        scaleD=0.1614     scaleR=4.2       
  FAIL distorted q16  one-FixedValue mixed     varying    rho=1       ref=255   nonorth      diag[d=256] off[d=960] rhs[d=0] coef[d=496] expl[d=0] conv[e=0] pin[e=0] maxAbs=5.1        scaleD=0.1614     scaleR=4.2       
  FAIL distorted q16  one-FixedValue mixed     varying    rho=1       ref=255   nonorth+prev diag[d=256] off[d=960] rhs[d=256] coef[d=496] expl[d=496] conv[e=0] pin[e=0] maxAbs=5.1        scaleD=0.1614     scaleR=4.2       
  FAIL distorted q16  one-FixedValue mixed     varying    rho=998.2   ref=0     nonorth      diag[d=256] off[d=960] rhs[d=0] coef[d=496] expl[d=0] conv[e=0] pin[e=0] maxAbs=5.09e+03   scaleD=161.2      scaleR=4.2       
  FAIL distorted q16  one-FixedValue mixed     varying    rho=998.2   ref=0     nonorth+prev diag[d=256] off[d=960] rhs[d=256] coef[d=496] expl[d=496] conv[e=0] pin[e=0] maxAbs=5.09e+03   scaleD=161.2      scaleR=4.573     
  FAIL distorted q16  one-FixedValue mixed     varying    rho=998.2   ref=128   nonorth      diag[d=256] off[d=960] rhs[d=0] coef[d=496] expl[d=0] conv[e=0] pin[e=0] maxAbs=5.09e+03   scaleD=161.2      scaleR=4.2       
  FAIL distorted q16  one-FixedValue mixed     varying    rho=998.2   ref=128   nonorth+prev diag[d=256] off[d=960] rhs[d=256] coef[d=496] expl[d=496] conv[e=0] pin[e=0] maxAbs=5.09e+03   scaleD=161.2      scaleR=4.573     
  FAIL distorted q16  one-FixedValue mixed     varying    rho=998.2   ref=255   nonorth      diag[d=256] off[d=960] rhs[d=0] coef[d=496] expl[d=0] conv[e=0] pin[e=0] maxAbs=5.09e+03   scaleD=161.2      scaleR=4.2       
  FAIL distorted q16  one-FixedValue mixed     varying    rho=998.2   ref=255   nonorth+prev diag[d=256] off[d=960] rhs[d=256] coef[d=496] expl[d=496] conv[e=0] pin[e=0] maxAbs=5.09e+03   scaleD=161.2      scaleR=4.573     
  FAIL distorted q16  one-FixedValue mixed     anisotropic rho=1       ref=0     nonorth      diag[d=256] off[d=960] rhs[d=0] coef[d=496] expl[d=0] conv[e=0] pin[e=0] maxAbs=4.68e+04   scaleD=4.677e+04  scaleR=4.2       
  FAIL distorted q16  one-FixedValue mixed     anisotropic rho=1       ref=0     nonorth+prev diag[d=256] off[d=960] rhs[d=256] coef[d=496] expl[d=496] conv[e=0] pin[e=0] maxAbs=4.68e+04   scaleD=4.677e+04  scaleR=3811      
  FAIL distorted q16  one-FixedValue mixed     anisotropic rho=1       ref=128   nonorth      diag[d=256] off[d=960] rhs[d=0] coef[d=496] expl[d=0] conv[e=0] pin[e=0] maxAbs=4.68e+04   scaleD=4.677e+04  scaleR=4.2       
  FAIL distorted q16  one-FixedValue mixed     anisotropic rho=1       ref=128   nonorth+prev diag[d=256] off[d=960] rhs[d=256] coef[d=496] expl[d=496] conv[e=0] pin[e=0] maxAbs=4.68e+04   scaleD=4.677e+04  scaleR=3811      
  FAIL distorted q16  one-FixedValue mixed     anisotropic rho=1       ref=255   nonorth      diag[d=256] off[d=960] rhs[d=0] coef[d=496] expl[d=0] conv[e=0] pin[e=0] maxAbs=4.68e+04   scaleD=4.677e+04  scaleR=4.2       
  FAIL distorted q16  one-FixedValue mixed     anisotropic rho=1       ref=255   nonorth+prev diag[d=256] off[d=960] rhs[d=256] coef[d=496] expl[d=496] conv[e=0] pin[e=0] maxAbs=4.68e+04   scaleD=4.677e+04  scaleR=3811      
  FAIL distorted q16  one-FixedValue mixed     anisotropic rho=998.2   ref=0     nonorth      diag[d=256] off[d=960] rhs[d=0] coef[d=496] expl[d=0] conv[e=0] pin[e=0] maxAbs=4.67e+07   scaleD=4.669e+07  scaleR=4.2       
  FAIL distorted q16  one-FixedValue mixed     anisotropic rho=998.2   ref=0     nonorth+prev diag[d=256] off[d=960] rhs[d=256] coef[d=496] expl[d=496] conv[e=0] pin[e=0] maxAbs=4.67e+07   scaleD=4.669e+07  scaleR=3.803e+06 
  FAIL distorted q16  one-FixedValue mixed     anisotropic rho=998.2   ref=128   nonorth      diag[d=256] off[d=960] rhs[d=0] coef[d=496] expl[d=0] conv[e=0] pin[e=0] maxAbs=4.67e+07   scaleD=4.669e+07  scaleR=4.2       
  FAIL distorted q16  one-FixedValue mixed     anisotropic rho=998.2   ref=128   nonorth+prev diag[d=256] off[d=960] rhs[d=256] coef[d=496] expl[d=496] conv[e=0] pin[e=0] maxAbs=4.67e+07   scaleD=4.669e+07  scaleR=3.803e+06 
  FAIL distorted q16  one-FixedValue mixed     anisotropic rho=998.2   ref=255   nonorth      diag[d=256] off[d=960] rhs[d=0] coef[d=496] expl[d=0] conv[e=0] pin[e=0] maxAbs=4.67e+07   scaleD=4.669e+07  scaleR=4.2       
  FAIL distorted q16  one-FixedValue mixed     anisotropic rho=998.2   ref=255   nonorth+prev diag[d=256] off[d=960] rhs[d=256] coef[d=496] expl[d=496] conv[e=0] pin[e=0] maxAbs=4.67e+07   scaleD=4.669e+07  scaleR=3.803e+06 
  FAIL distorted q16  one-FixedValue swirl     uniform    rho=1       ref=0     nonorth      diag[d=256] off[d=960] rhs[d=0] coef[d=496] expl[d=0] conv[e=0] pin[e=0] maxAbs=5.06       scaleD=0.1032     scaleR=1.561e-17 
  FAIL distorted q16  one-FixedValue swirl     uniform    rho=1       ref=0     nonorth+prev diag[d=256] off[d=960] rhs[d=256] coef[d=496] expl[d=496] conv[e=0] pin[e=0] maxAbs=5.06       scaleD=0.1032     scaleR=0.001221  
  FAIL distorted q16  one-FixedValue swirl     uniform    rho=1       ref=128   nonorth      diag[d=256] off[d=960] rhs[d=0] coef[d=496] expl[d=0] conv[e=0] pin[e=0] maxAbs=5.06       scaleD=0.1032     scaleR=1.561e-17 
  FAIL distorted q16  one-FixedValue swirl     uniform    rho=1       ref=128   nonorth+prev diag[d=256] off[d=960] rhs[d=256] coef[d=496] expl[d=496] conv[e=0] pin[e=0] maxAbs=5.06       scaleD=0.1032     scaleR=0.001221  
  FAIL distorted q16  one-FixedValue swirl     uniform    rho=1       ref=255   nonorth      diag[d=256] off[d=960] rhs[d=0] coef[d=496] expl[d=0] conv[e=0] pin[e=0] maxAbs=5.06       scaleD=0.1032     scaleR=1.561e-17 
  FAIL distorted q16  one-FixedValue swirl     uniform    rho=1       ref=255   nonorth+prev diag[d=256] off[d=960] rhs[d=256] coef[d=496] expl[d=496] conv[e=0] pin[e=0] maxAbs=5.06       scaleD=0.1032     scaleR=0.001221  
  FAIL distorted q16  one-FixedValue swirl     uniform    rho=998.2   ref=0     nonorth      diag[d=256] off[d=960] rhs[d=0] coef[d=496] expl[d=0] conv[e=0] pin[e=0] maxAbs=5.05e+03   scaleD=103        scaleR=1.561e-17 
  FAIL distorted q16  one-FixedValue swirl     uniform    rho=998.2   ref=0     nonorth+prev diag[d=256] off[d=960] rhs[d=256] coef[d=496] expl[d=496] conv[e=0] pin[e=0] maxAbs=5.05e+03   scaleD=103        scaleR=1.219     
  FAIL distorted q16  one-FixedValue swirl     uniform    rho=998.2   ref=128   nonorth      diag[d=256] off[d=960] rhs[d=0] coef[d=496] expl[d=0] conv[e=0] pin[e=0] maxAbs=5.05e+03   scaleD=103        scaleR=1.561e-17 
  FAIL distorted q16  one-FixedValue swirl     uniform    rho=998.2   ref=128   nonorth+prev diag[d=256] off[d=960] rhs[d=256] coef[d=496] expl[d=496] conv[e=0] pin[e=0] maxAbs=5.05e+03   scaleD=103        scaleR=1.219     
  FAIL distorted q16  one-FixedValue swirl     uniform    rho=998.2   ref=255   nonorth      diag[d=256] off[d=960] rhs[d=0] coef[d=496] expl[d=0] conv[e=0] pin[e=0] maxAbs=5.05e+03   scaleD=103        scaleR=1.561e-17 
  FAIL distorted q16  one-FixedValue swirl     uniform    rho=998.2   ref=255   nonorth+prev diag[d=256] off[d=960] rhs[d=256] coef[d=496] expl[d=496] conv[e=0] pin[e=0] maxAbs=5.05e+03   scaleD=103        scaleR=1.219     
  FAIL distorted q16  one-FixedValue swirl     varying    rho=1       ref=0     nonorth      diag[d=256] off[d=960] rhs[d=0] coef[d=496] expl[d=0] conv[e=0] pin[e=0] maxAbs=5.1        scaleD=0.1614     scaleR=1.561e-17 
  FAIL distorted q16  one-FixedValue swirl     varying    rho=1       ref=0     nonorth+prev diag[d=256] off[d=960] rhs[d=256] coef[d=496] expl[d=496] conv[e=0] pin[e=0] maxAbs=5.1        scaleD=0.1614     scaleR=0.001116  
  FAIL distorted q16  one-FixedValue swirl     varying    rho=1       ref=128   nonorth      diag[d=256] off[d=960] rhs[d=0] coef[d=496] expl[d=0] conv[e=0] pin[e=0] maxAbs=5.1        scaleD=0.1614     scaleR=1.561e-17 
  FAIL distorted q16  one-FixedValue swirl     varying    rho=1       ref=128   nonorth+prev diag[d=256] off[d=960] rhs[d=256] coef[d=496] expl[d=496] conv[e=0] pin[e=0] maxAbs=5.1        scaleD=0.1614     scaleR=0.001116  
  FAIL distorted q16  one-FixedValue swirl     varying    rho=1       ref=255   nonorth      diag[d=256] off[d=960] rhs[d=0] coef[d=496] expl[d=0] conv[e=0] pin[e=0] maxAbs=5.1        scaleD=0.1614     scaleR=1.561e-17 
  FAIL distorted q16  one-FixedValue swirl     varying    rho=1       ref=255   nonorth+prev diag[d=256] off[d=960] rhs[d=256] coef[d=496] expl[d=496] conv[e=0] pin[e=0] maxAbs=5.1        scaleD=0.1614     scaleR=0.001116  
  FAIL distorted q16  one-FixedValue swirl     varying    rho=998.2   ref=0     nonorth      diag[d=256] off[d=960] rhs[d=0] coef[d=496] expl[d=0] conv[e=0] pin[e=0] maxAbs=5.09e+03   scaleD=161.2      scaleR=1.561e-17 
  FAIL distorted q16  one-FixedValue swirl     varying    rho=998.2   ref=0     nonorth+prev diag[d=256] off[d=960] rhs[d=256] coef[d=496] expl[d=496] conv[e=0] pin[e=0] maxAbs=5.09e+03   scaleD=161.2      scaleR=1.114     
  FAIL distorted q16  one-FixedValue swirl     varying    rho=998.2   ref=128   nonorth      diag[d=256] off[d=960] rhs[d=0] coef[d=496] expl[d=0] conv[e=0] pin[e=0] maxAbs=5.09e+03   scaleD=161.2      scaleR=1.561e-17 
  FAIL distorted q16  one-FixedValue swirl     varying    rho=998.2   ref=128   nonorth+prev diag[d=256] off[d=960] rhs[d=256] coef[d=496] expl[d=496] conv[e=0] pin[e=0] maxAbs=5.09e+03   scaleD=161.2      scaleR=1.114     
  FAIL distorted q16  one-FixedValue swirl     varying    rho=998.2   ref=255   nonorth      diag[d=256] off[d=960] rhs[d=0] coef[d=496] expl[d=0] conv[e=0] pin[e=0] maxAbs=5.09e+03   scaleD=161.2      scaleR=1.561e-17 
  FAIL distorted q16  one-FixedValue swirl     varying    rho=998.2   ref=255   nonorth+prev diag[d=256] off[d=960] rhs[d=256] coef[d=496] expl[d=496] conv[e=0] pin[e=0] maxAbs=5.09e+03   scaleD=161.2      scaleR=1.114     
  FAIL distorted q16  one-FixedValue swirl     anisotropic rho=1       ref=0     nonorth      diag[d=256] off[d=960] rhs[d=0] coef[d=496] expl[d=0] conv[e=0] pin[e=0] maxAbs=4.68e+04   scaleD=4.677e+04  scaleR=1.561e-17 
  FAIL distorted q16  one-FixedValue swirl     anisotropic rho=1       ref=0     nonorth+prev diag[d=256] off[d=960] rhs[d=256] coef[d=496] expl[d=496] conv[e=0] pin[e=0] maxAbs=4.68e+04   scaleD=4.677e+04  scaleR=3810      
  FAIL distorted q16  one-FixedValue swirl     anisotropic rho=1       ref=128   nonorth      diag[d=256] off[d=960] rhs[d=0] coef[d=496] expl[d=0] conv[e=0] pin[e=0] maxAbs=4.68e+04   scaleD=4.677e+04  scaleR=1.561e-17 
  FAIL distorted q16  one-FixedValue swirl     anisotropic rho=1       ref=128   nonorth+prev diag[d=256] off[d=960] rhs[d=256] coef[d=496] expl[d=496] conv[e=0] pin[e=0] maxAbs=4.68e+04   scaleD=4.677e+04  scaleR=3810      
  FAIL distorted q16  one-FixedValue swirl     anisotropic rho=1       ref=255   nonorth      diag[d=256] off[d=960] rhs[d=0] coef[d=496] expl[d=0] conv[e=0] pin[e=0] maxAbs=4.68e+04   scaleD=4.677e+04  scaleR=1.561e-17 
  FAIL distorted q16  one-FixedValue swirl     anisotropic rho=1       ref=255   nonorth+prev diag[d=256] off[d=960] rhs[d=256] coef[d=496] expl[d=496] conv[e=0] pin[e=0] maxAbs=4.68e+04   scaleD=4.677e+04  scaleR=3810      
  FAIL distorted q16  one-FixedValue swirl     anisotropic rho=998.2   ref=0     nonorth      diag[d=256] off[d=960] rhs[d=0] coef[d=496] expl[d=0] conv[e=0] pin[e=0] maxAbs=4.67e+07   scaleD=4.669e+07  scaleR=1.561e-17 
  FAIL distorted q16  one-FixedValue swirl     anisotropic rho=998.2   ref=0     nonorth+prev diag[d=256] off[d=960] rhs[d=256] coef[d=496] expl[d=496] conv[e=0] pin[e=0] maxAbs=4.67e+07   scaleD=4.669e+07  scaleR=3.803e+06 
  FAIL distorted q16  one-FixedValue swirl     anisotropic rho=998.2   ref=128   nonorth      diag[d=256] off[d=960] rhs[d=0] coef[d=496] expl[d=0] conv[e=0] pin[e=0] maxAbs=4.67e+07   scaleD=4.669e+07  scaleR=1.561e-17 
  FAIL distorted q16  one-FixedValue swirl     anisotropic rho=998.2   ref=128   nonorth+prev diag[d=256] off[d=960] rhs[d=256] coef[d=496] expl[d=496] conv[e=0] pin[e=0] maxAbs=4.67e+07   scaleD=4.669e+07  scaleR=3.803e+06 
  FAIL distorted q16  one-FixedValue swirl     anisotropic rho=998.2   ref=255   nonorth      diag[d=256] off[d=960] rhs[d=0] coef[d=496] expl[d=0] conv[e=0] pin[e=0] maxAbs=4.67e+07   scaleD=4.669e+07  scaleR=1.561e-17 
  FAIL distorted q16  one-FixedValue swirl     anisotropic rho=998.2   ref=255   nonorth+prev diag[d=256] off[d=960] rhs[d=256] coef[d=496] expl[d=496] conv[e=0] pin[e=0] maxAbs=4.67e+07   scaleD=4.669e+07  scaleR=3.803e+06 
       [distorted q16/mixed pin=no fixedValueFaces=32 axisAligned=0 general=544 resident=237856 B]
  PASS L5 distorted q16  mixed          ref=0     opposite[e=0] sign[e=0] ambiguous=0 faces[axisaligned=0 wellposed=480 parallel=0 fallback=0]
  PASS L5 distorted q16  mixed          ref=128   opposite[e=0] sign[e=0] ambiguous=0 faces[axisaligned=0 wellposed=480 parallel=0 fallback=0]
  PASS L5 distorted q16  mixed          ref=255   opposite[e=0] sign[e=0] ambiguous=0 faces[axisaligned=0 wellposed=480 parallel=0 fallback=0]
  FAIL L6 distorted q16  mixed          threshold sweep 25 decades differing=30400 decomposingFaces=480 faces[wellposed=9888 fallback=2112]
  FAIL L7 distorted q16  mixed          band sweep root=1788.28 differing=29104 facesInBand=15/8160
  FAIL distorted q16  mixed        zero      uniform    rho=1       ref=0     nonorth      diag[d=256] off[d=960] rhs[d=0] coef[d=512] expl[d=0] conv[e=0] pin[e=0] maxAbs=5.83       scaleD=0.1189     scaleR=0         
  FAIL distorted q16  mixed        zero      uniform    rho=1       ref=0     nonorth+prev diag[d=256] off[d=960] rhs[d=256] coef[d=512] expl[d=512] conv[e=0] pin[e=0] maxAbs=5.83       scaleD=0.1189     scaleR=0.004702  
  FAIL distorted q16  mixed        zero      uniform    rho=1       ref=128   nonorth      diag[d=256] off[d=960] rhs[d=0] coef[d=512] expl[d=0] conv[e=0] pin[e=0] maxAbs=5.83       scaleD=0.1189     scaleR=0         
  FAIL distorted q16  mixed        zero      uniform    rho=1       ref=128   nonorth+prev diag[d=256] off[d=960] rhs[d=256] coef[d=512] expl[d=512] conv[e=0] pin[e=0] maxAbs=5.83       scaleD=0.1189     scaleR=0.004702  
  FAIL distorted q16  mixed        zero      uniform    rho=1       ref=255   nonorth      diag[d=256] off[d=960] rhs[d=0] coef[d=512] expl[d=0] conv[e=0] pin[e=0] maxAbs=5.83       scaleD=0.1189     scaleR=0         
  FAIL distorted q16  mixed        zero      uniform    rho=1       ref=255   nonorth+prev diag[d=256] off[d=960] rhs[d=256] coef[d=512] expl[d=512] conv[e=0] pin[e=0] maxAbs=5.83       scaleD=0.1189     scaleR=0.004702  
  FAIL distorted q16  mixed        zero      uniform    rho=998.2   ref=0     nonorth      diag[d=256] off[d=960] rhs[d=0] coef[d=512] expl[d=0] conv[e=0] pin[e=0] maxAbs=5.82e+03   scaleD=118.7      scaleR=0         
  FAIL distorted q16  mixed        zero      uniform    rho=998.2   ref=0     nonorth+prev diag[d=256] off[d=960] rhs[d=256] coef[d=512] expl[d=512] conv[e=0] pin[e=0] maxAbs=5.82e+03   scaleD=118.7      scaleR=4.693     
  FAIL distorted q16  mixed        zero      uniform    rho=998.2   ref=128   nonorth      diag[d=256] off[d=960] rhs[d=0] coef[d=512] expl[d=0] conv[e=0] pin[e=0] maxAbs=5.82e+03   scaleD=118.7      scaleR=0         
  FAIL distorted q16  mixed        zero      uniform    rho=998.2   ref=128   nonorth+prev diag[d=256] off[d=960] rhs[d=256] coef[d=512] expl[d=512] conv[e=0] pin[e=0] maxAbs=5.82e+03   scaleD=118.7      scaleR=4.693     
  FAIL distorted q16  mixed        zero      uniform    rho=998.2   ref=255   nonorth      diag[d=256] off[d=960] rhs[d=0] coef[d=512] expl[d=0] conv[e=0] pin[e=0] maxAbs=5.82e+03   scaleD=118.7      scaleR=0         
  FAIL distorted q16  mixed        zero      uniform    rho=998.2   ref=255   nonorth+prev diag[d=256] off[d=960] rhs[d=256] coef[d=512] expl[d=512] conv[e=0] pin[e=0] maxAbs=5.82e+03   scaleD=118.7      scaleR=4.693     
  FAIL distorted q16  mixed        zero      varying    rho=1       ref=0     nonorth      diag[d=256] off[d=960] rhs[d=0] coef[d=512] expl[d=0] conv[e=0] pin[e=0] maxAbs=5.91       scaleD=0.1638     scaleR=0         
  FAIL distorted q16  mixed        zero      varying    rho=1       ref=0     nonorth+prev diag[d=256] off[d=960] rhs[d=256] coef[d=512] expl[d=512] conv[e=0] pin[e=0] maxAbs=5.91       scaleD=0.1638     scaleR=0.007795  
  FAIL distorted q16  mixed        zero      varying    rho=1       ref=128   nonorth      diag[d=256] off[d=960] rhs[d=0] coef[d=512] expl[d=0] conv[e=0] pin[e=0] maxAbs=5.91       scaleD=0.1638     scaleR=0         
  FAIL distorted q16  mixed        zero      varying    rho=1       ref=128   nonorth+prev diag[d=256] off[d=960] rhs[d=256] coef[d=512] expl[d=512] conv[e=0] pin[e=0] maxAbs=5.91       scaleD=0.1638     scaleR=0.007795  
  FAIL distorted q16  mixed        zero      varying    rho=1       ref=255   nonorth      diag[d=256] off[d=960] rhs[d=0] coef[d=512] expl[d=0] conv[e=0] pin[e=0] maxAbs=5.91       scaleD=0.1638     scaleR=0         
  FAIL distorted q16  mixed        zero      varying    rho=1       ref=255   nonorth+prev diag[d=256] off[d=960] rhs[d=256] coef[d=512] expl[d=512] conv[e=0] pin[e=0] maxAbs=5.91       scaleD=0.1638     scaleR=0.007795  
  FAIL distorted q16  mixed        zero      varying    rho=998.2   ref=0     nonorth      diag[d=256] off[d=960] rhs[d=0] coef[d=512] expl[d=0] conv[e=0] pin[e=0] maxAbs=5.9e+03    scaleD=163.5      scaleR=0         
  FAIL distorted q16  mixed        zero      varying    rho=998.2   ref=0     nonorth+prev diag[d=256] off[d=960] rhs[d=256] coef[d=512] expl[d=512] conv[e=0] pin[e=0] maxAbs=5.9e+03    scaleD=163.5      scaleR=7.781     
  FAIL distorted q16  mixed        zero      varying    rho=998.2   ref=128   nonorth      diag[d=256] off[d=960] rhs[d=0] coef[d=512] expl[d=0] conv[e=0] pin[e=0] maxAbs=5.9e+03    scaleD=163.5      scaleR=0         
  FAIL distorted q16  mixed        zero      varying    rho=998.2   ref=128   nonorth+prev diag[d=256] off[d=960] rhs[d=256] coef[d=512] expl[d=512] conv[e=0] pin[e=0] maxAbs=5.9e+03    scaleD=163.5      scaleR=7.781     
  FAIL distorted q16  mixed        zero      varying    rho=998.2   ref=255   nonorth      diag[d=256] off[d=960] rhs[d=0] coef[d=512] expl[d=0] conv[e=0] pin[e=0] maxAbs=5.9e+03    scaleD=163.5      scaleR=0         
  FAIL distorted q16  mixed        zero      varying    rho=998.2   ref=255   nonorth+prev diag[d=256] off[d=960] rhs[d=256] coef[d=512] expl[d=512] conv[e=0] pin[e=0] maxAbs=5.9e+03    scaleD=163.5      scaleR=7.781     
  FAIL distorted q16  mixed        zero      anisotropic rho=1       ref=0     nonorth      diag[d=256] off[d=960] rhs[d=0] coef[d=512] expl[d=0] conv[e=0] pin[e=0] maxAbs=4.68e+04   scaleD=4.677e+04  scaleR=0         
  FAIL distorted q16  mixed        zero      anisotropic rho=1       ref=0     nonorth+prev diag[d=256] off[d=960] rhs[d=256] coef[d=512] expl[d=512] conv[e=0] pin[e=0] maxAbs=4.68e+04   scaleD=4.677e+04  scaleR=3810      
  FAIL distorted q16  mixed        zero      anisotropic rho=1       ref=128   nonorth      diag[d=256] off[d=960] rhs[d=0] coef[d=512] expl[d=0] conv[e=0] pin[e=0] maxAbs=4.68e+04   scaleD=4.677e+04  scaleR=0         
  FAIL distorted q16  mixed        zero      anisotropic rho=1       ref=128   nonorth+prev diag[d=256] off[d=960] rhs[d=256] coef[d=512] expl[d=512] conv[e=0] pin[e=0] maxAbs=4.68e+04   scaleD=4.677e+04  scaleR=3810      
  FAIL distorted q16  mixed        zero      anisotropic rho=1       ref=255   nonorth      diag[d=256] off[d=960] rhs[d=0] coef[d=512] expl[d=0] conv[e=0] pin[e=0] maxAbs=4.68e+04   scaleD=4.677e+04  scaleR=0         
  FAIL distorted q16  mixed        zero      anisotropic rho=1       ref=255   nonorth+prev diag[d=256] off[d=960] rhs[d=256] coef[d=512] expl[d=512] conv[e=0] pin[e=0] maxAbs=4.68e+04   scaleD=4.677e+04  scaleR=3810      
  FAIL distorted q16  mixed        zero      anisotropic rho=998.2   ref=0     nonorth      diag[d=256] off[d=960] rhs[d=0] coef[d=512] expl[d=0] conv[e=0] pin[e=0] maxAbs=4.67e+07   scaleD=4.669e+07  scaleR=0         
  FAIL distorted q16  mixed        zero      anisotropic rho=998.2   ref=0     nonorth+prev diag[d=256] off[d=960] rhs[d=256] coef[d=512] expl[d=512] conv[e=0] pin[e=0] maxAbs=4.67e+07   scaleD=4.669e+07  scaleR=3.803e+06 
  FAIL distorted q16  mixed        zero      anisotropic rho=998.2   ref=128   nonorth      diag[d=256] off[d=960] rhs[d=0] coef[d=512] expl[d=0] conv[e=0] pin[e=0] maxAbs=4.67e+07   scaleD=4.669e+07  scaleR=0         
  FAIL distorted q16  mixed        zero      anisotropic rho=998.2   ref=128   nonorth+prev diag[d=256] off[d=960] rhs[d=256] coef[d=512] expl[d=512] conv[e=0] pin[e=0] maxAbs=4.67e+07   scaleD=4.669e+07  scaleR=3.803e+06 
  FAIL distorted q16  mixed        zero      anisotropic rho=998.2   ref=255   nonorth      diag[d=256] off[d=960] rhs[d=0] coef[d=512] expl[d=0] conv[e=0] pin[e=0] maxAbs=4.67e+07   scaleD=4.669e+07  scaleR=0         
  FAIL distorted q16  mixed        zero      anisotropic rho=998.2   ref=255   nonorth+prev diag[d=256] off[d=960] rhs[d=256] coef[d=512] expl[d=512] conv[e=0] pin[e=0] maxAbs=4.67e+07   scaleD=4.669e+07  scaleR=3.803e+06 
  FAIL distorted q16  mixed        positive  uniform    rho=1       ref=0     nonorth      diag[d=256] off[d=960] rhs[d=0] coef[d=512] expl[d=0] conv[e=0] pin[e=0] maxAbs=5.83       scaleD=0.1189     scaleR=2.8       
  FAIL distorted q16  mixed        positive  uniform    rho=1       ref=0     nonorth+prev diag[d=256] off[d=960] rhs[d=256] coef[d=512] expl[d=512] conv[e=0] pin[e=0] maxAbs=5.83       scaleD=0.1189     scaleR=2.801     
  FAIL distorted q16  mixed        positive  uniform    rho=1       ref=128   nonorth      diag[d=256] off[d=960] rhs[d=0] coef[d=512] expl[d=0] conv[e=0] pin[e=0] maxAbs=5.83       scaleD=0.1189     scaleR=2.8       
  FAIL distorted q16  mixed        positive  uniform    rho=1       ref=128   nonorth+prev diag[d=256] off[d=960] rhs[d=256] coef[d=512] expl[d=512] conv[e=0] pin[e=0] maxAbs=5.83       scaleD=0.1189     scaleR=2.801     
  FAIL distorted q16  mixed        positive  uniform    rho=1       ref=255   nonorth      diag[d=256] off[d=960] rhs[d=0] coef[d=512] expl[d=0] conv[e=0] pin[e=0] maxAbs=5.83       scaleD=0.1189     scaleR=2.8       
  FAIL distorted q16  mixed        positive  uniform    rho=1       ref=255   nonorth+prev diag[d=256] off[d=960] rhs[d=256] coef[d=512] expl[d=512] conv[e=0] pin[e=0] maxAbs=5.83       scaleD=0.1189     scaleR=2.801     
  FAIL distorted q16  mixed        positive  uniform    rho=998.2   ref=0     nonorth      diag[d=256] off[d=960] rhs[d=0] coef[d=512] expl[d=0] conv[e=0] pin[e=0] maxAbs=5.82e+03   scaleD=118.7      scaleR=2.8       
  FAIL distorted q16  mixed        positive  uniform    rho=998.2   ref=0     nonorth+prev diag[d=256] off[d=960] rhs[d=256] coef[d=512] expl[d=512] conv[e=0] pin[e=0] maxAbs=5.82e+03   scaleD=118.7      scaleR=3.392     
  FAIL distorted q16  mixed        positive  uniform    rho=998.2   ref=128   nonorth      diag[d=256] off[d=960] rhs[d=0] coef[d=512] expl[d=0] conv[e=0] pin[e=0] maxAbs=5.82e+03   scaleD=118.7      scaleR=2.8       
  FAIL distorted q16  mixed        positive  uniform    rho=998.2   ref=128   nonorth+prev diag[d=256] off[d=960] rhs[d=256] coef[d=512] expl[d=512] conv[e=0] pin[e=0] maxAbs=5.82e+03   scaleD=118.7      scaleR=3.392     
  FAIL distorted q16  mixed        positive  uniform    rho=998.2   ref=255   nonorth      diag[d=256] off[d=960] rhs[d=0] coef[d=512] expl[d=0] conv[e=0] pin[e=0] maxAbs=5.82e+03   scaleD=118.7      scaleR=2.8       
  FAIL distorted q16  mixed        positive  uniform    rho=998.2   ref=255   nonorth+prev diag[d=256] off[d=960] rhs[d=256] coef[d=512] expl[d=512] conv[e=0] pin[e=0] maxAbs=5.82e+03   scaleD=118.7      scaleR=3.392     
  FAIL distorted q16  mixed        positive  varying    rho=1       ref=0     nonorth      diag[d=256] off[d=960] rhs[d=0] coef[d=512] expl[d=0] conv[e=0] pin[e=0] maxAbs=5.91       scaleD=0.1638     scaleR=2.8       
  FAIL distorted q16  mixed        positive  varying    rho=1       ref=0     nonorth+prev diag[d=256] off[d=960] rhs[d=256] coef[d=512] expl[d=512] conv[e=0] pin[e=0] maxAbs=5.91       scaleD=0.1638     scaleR=2.8       
  FAIL distorted q16  mixed        positive  varying    rho=1       ref=128   nonorth      diag[d=256] off[d=960] rhs[d=0] coef[d=512] expl[d=0] conv[e=0] pin[e=0] maxAbs=5.91       scaleD=0.1638     scaleR=2.8       
  FAIL distorted q16  mixed        positive  varying    rho=1       ref=128   nonorth+prev diag[d=256] off[d=960] rhs[d=256] coef[d=512] expl[d=512] conv[e=0] pin[e=0] maxAbs=5.91       scaleD=0.1638     scaleR=2.8       
  FAIL distorted q16  mixed        positive  varying    rho=1       ref=255   nonorth      diag[d=256] off[d=960] rhs[d=0] coef[d=512] expl[d=0] conv[e=0] pin[e=0] maxAbs=5.91       scaleD=0.1638     scaleR=2.8       
  FAIL distorted q16  mixed        positive  varying    rho=1       ref=255   nonorth+prev diag[d=256] off[d=960] rhs[d=256] coef[d=512] expl[d=512] conv[e=0] pin[e=0] maxAbs=5.91       scaleD=0.1638     scaleR=2.8       
  FAIL distorted q16  mixed        positive  varying    rho=998.2   ref=0     nonorth      diag[d=256] off[d=960] rhs[d=0] coef[d=512] expl[d=0] conv[e=0] pin[e=0] maxAbs=5.9e+03    scaleD=163.5      scaleR=2.8       
  FAIL distorted q16  mixed        positive  varying    rho=998.2   ref=0     nonorth+prev diag[d=256] off[d=960] rhs[d=256] coef[d=512] expl[d=512] conv[e=0] pin[e=0] maxAbs=5.9e+03    scaleD=163.5      scaleR=6.381     
  FAIL distorted q16  mixed        positive  varying    rho=998.2   ref=128   nonorth      diag[d=256] off[d=960] rhs[d=0] coef[d=512] expl[d=0] conv[e=0] pin[e=0] maxAbs=5.9e+03    scaleD=163.5      scaleR=2.8       
  FAIL distorted q16  mixed        positive  varying    rho=998.2   ref=128   nonorth+prev diag[d=256] off[d=960] rhs[d=256] coef[d=512] expl[d=512] conv[e=0] pin[e=0] maxAbs=5.9e+03    scaleD=163.5      scaleR=6.381     
  FAIL distorted q16  mixed        positive  varying    rho=998.2   ref=255   nonorth      diag[d=256] off[d=960] rhs[d=0] coef[d=512] expl[d=0] conv[e=0] pin[e=0] maxAbs=5.9e+03    scaleD=163.5      scaleR=2.8       
  FAIL distorted q16  mixed        positive  varying    rho=998.2   ref=255   nonorth+prev diag[d=256] off[d=960] rhs[d=256] coef[d=512] expl[d=512] conv[e=0] pin[e=0] maxAbs=5.9e+03    scaleD=163.5      scaleR=6.381     
  FAIL distorted q16  mixed        positive  anisotropic rho=1       ref=0     nonorth      diag[d=256] off[d=960] rhs[d=0] coef[d=512] expl[d=0] conv[e=0] pin[e=0] maxAbs=4.68e+04   scaleD=4.677e+04  scaleR=2.8       
  FAIL distorted q16  mixed        positive  anisotropic rho=1       ref=0     nonorth+prev diag[d=256] off[d=960] rhs[d=256] coef[d=512] expl[d=512] conv[e=0] pin[e=0] maxAbs=4.68e+04   scaleD=4.677e+04  scaleR=3810      
  FAIL distorted q16  mixed        positive  anisotropic rho=1       ref=128   nonorth      diag[d=256] off[d=960] rhs[d=0] coef[d=512] expl[d=0] conv[e=0] pin[e=0] maxAbs=4.68e+04   scaleD=4.677e+04  scaleR=2.8       
  FAIL distorted q16  mixed        positive  anisotropic rho=1       ref=128   nonorth+prev diag[d=256] off[d=960] rhs[d=256] coef[d=512] expl[d=512] conv[e=0] pin[e=0] maxAbs=4.68e+04   scaleD=4.677e+04  scaleR=3810      
  FAIL distorted q16  mixed        positive  anisotropic rho=1       ref=255   nonorth      diag[d=256] off[d=960] rhs[d=0] coef[d=512] expl[d=0] conv[e=0] pin[e=0] maxAbs=4.68e+04   scaleD=4.677e+04  scaleR=2.8       
  FAIL distorted q16  mixed        positive  anisotropic rho=1       ref=255   nonorth+prev diag[d=256] off[d=960] rhs[d=256] coef[d=512] expl[d=512] conv[e=0] pin[e=0] maxAbs=4.68e+04   scaleD=4.677e+04  scaleR=3810      
  FAIL distorted q16  mixed        positive  anisotropic rho=998.2   ref=0     nonorth      diag[d=256] off[d=960] rhs[d=0] coef[d=512] expl[d=0] conv[e=0] pin[e=0] maxAbs=4.67e+07   scaleD=4.669e+07  scaleR=2.8       
  FAIL distorted q16  mixed        positive  anisotropic rho=998.2   ref=0     nonorth+prev diag[d=256] off[d=960] rhs[d=256] coef[d=512] expl[d=512] conv[e=0] pin[e=0] maxAbs=4.67e+07   scaleD=4.669e+07  scaleR=3.803e+06 
  FAIL distorted q16  mixed        positive  anisotropic rho=998.2   ref=128   nonorth      diag[d=256] off[d=960] rhs[d=0] coef[d=512] expl[d=0] conv[e=0] pin[e=0] maxAbs=4.67e+07   scaleD=4.669e+07  scaleR=2.8       
  FAIL distorted q16  mixed        positive  anisotropic rho=998.2   ref=128   nonorth+prev diag[d=256] off[d=960] rhs[d=256] coef[d=512] expl[d=512] conv[e=0] pin[e=0] maxAbs=4.67e+07   scaleD=4.669e+07  scaleR=3.803e+06 
  FAIL distorted q16  mixed        positive  anisotropic rho=998.2   ref=255   nonorth      diag[d=256] off[d=960] rhs[d=0] coef[d=512] expl[d=0] conv[e=0] pin[e=0] maxAbs=4.67e+07   scaleD=4.669e+07  scaleR=2.8       
  FAIL distorted q16  mixed        positive  anisotropic rho=998.2   ref=255   nonorth+prev diag[d=256] off[d=960] rhs[d=256] coef[d=512] expl[d=512] conv[e=0] pin[e=0] maxAbs=4.67e+07   scaleD=4.669e+07  scaleR=3.803e+06 
  FAIL distorted q16  mixed        negative  uniform    rho=1       ref=0     nonorth      diag[d=256] off[d=960] rhs[d=0] coef[d=512] expl[d=0] conv[e=0] pin[e=0] maxAbs=5.83       scaleD=0.1189     scaleR=2.8       
  FAIL distorted q16  mixed        negative  uniform    rho=1       ref=0     nonorth+prev diag[d=256] off[d=960] rhs[d=256] coef[d=512] expl[d=512] conv[e=0] pin[e=0] maxAbs=5.83       scaleD=0.1189     scaleR=2.799     
  FAIL distorted q16  mixed        negative  uniform    rho=1       ref=128   nonorth      diag[d=256] off[d=960] rhs[d=0] coef[d=512] expl[d=0] conv[e=0] pin[e=0] maxAbs=5.83       scaleD=0.1189     scaleR=2.8       
  FAIL distorted q16  mixed        negative  uniform    rho=1       ref=128   nonorth+prev diag[d=256] off[d=960] rhs[d=256] coef[d=512] expl[d=512] conv[e=0] pin[e=0] maxAbs=5.83       scaleD=0.1189     scaleR=2.799     
  FAIL distorted q16  mixed        negative  uniform    rho=1       ref=255   nonorth      diag[d=256] off[d=960] rhs[d=0] coef[d=512] expl[d=0] conv[e=0] pin[e=0] maxAbs=5.83       scaleD=0.1189     scaleR=2.8       
  FAIL distorted q16  mixed        negative  uniform    rho=1       ref=255   nonorth+prev diag[d=256] off[d=960] rhs[d=256] coef[d=512] expl[d=512] conv[e=0] pin[e=0] maxAbs=5.83       scaleD=0.1189     scaleR=2.799     
  FAIL distorted q16  mixed        negative  uniform    rho=998.2   ref=0     nonorth      diag[d=256] off[d=960] rhs[d=0] coef[d=512] expl[d=0] conv[e=0] pin[e=0] maxAbs=5.82e+03   scaleD=118.7      scaleR=2.8       
  FAIL distorted q16  mixed        negative  uniform    rho=998.2   ref=0     nonorth+prev diag[d=256] off[d=960] rhs[d=256] coef[d=512] expl[d=512] conv[e=0] pin[e=0] maxAbs=5.82e+03   scaleD=118.7      scaleR=6.093     
  FAIL distorted q16  mixed        negative  uniform    rho=998.2   ref=128   nonorth      diag[d=256] off[d=960] rhs[d=0] coef[d=512] expl[d=0] conv[e=0] pin[e=0] maxAbs=5.82e+03   scaleD=118.7      scaleR=2.8       
  FAIL distorted q16  mixed        negative  uniform    rho=998.2   ref=128   nonorth+prev diag[d=256] off[d=960] rhs[d=256] coef[d=512] expl[d=512] conv[e=0] pin[e=0] maxAbs=5.82e+03   scaleD=118.7      scaleR=6.093     
  FAIL distorted q16  mixed        negative  uniform    rho=998.2   ref=255   nonorth      diag[d=256] off[d=960] rhs[d=0] coef[d=512] expl[d=0] conv[e=0] pin[e=0] maxAbs=5.82e+03   scaleD=118.7      scaleR=2.8       
  FAIL distorted q16  mixed        negative  uniform    rho=998.2   ref=255   nonorth+prev diag[d=256] off[d=960] rhs[d=256] coef[d=512] expl[d=512] conv[e=0] pin[e=0] maxAbs=5.82e+03   scaleD=118.7      scaleR=6.093     
  FAIL distorted q16  mixed        negative  varying    rho=1       ref=0     nonorth      diag[d=256] off[d=960] rhs[d=0] coef[d=512] expl[d=0] conv[e=0] pin[e=0] maxAbs=5.91       scaleD=0.1638     scaleR=2.8       
  FAIL distorted q16  mixed        negative  varying    rho=1       ref=0     nonorth+prev diag[d=256] off[d=960] rhs[d=256] coef[d=512] expl[d=512] conv[e=0] pin[e=0] maxAbs=5.91       scaleD=0.1638     scaleR=2.8       
  FAIL distorted q16  mixed        negative  varying    rho=1       ref=128   nonorth      diag[d=256] off[d=960] rhs[d=0] coef[d=512] expl[d=0] conv[e=0] pin[e=0] maxAbs=5.91       scaleD=0.1638     scaleR=2.8       
  FAIL distorted q16  mixed        negative  varying    rho=1       ref=128   nonorth+prev diag[d=256] off[d=960] rhs[d=256] coef[d=512] expl[d=512] conv[e=0] pin[e=0] maxAbs=5.91       scaleD=0.1638     scaleR=2.8       
  FAIL distorted q16  mixed        negative  varying    rho=1       ref=255   nonorth      diag[d=256] off[d=960] rhs[d=0] coef[d=512] expl[d=0] conv[e=0] pin[e=0] maxAbs=5.91       scaleD=0.1638     scaleR=2.8       
  FAIL distorted q16  mixed        negative  varying    rho=1       ref=255   nonorth+prev diag[d=256] off[d=960] rhs[d=256] coef[d=512] expl[d=512] conv[e=0] pin[e=0] maxAbs=5.91       scaleD=0.1638     scaleR=2.8       
  FAIL distorted q16  mixed        negative  varying    rho=998.2   ref=0     nonorth      diag[d=256] off[d=960] rhs[d=0] coef[d=512] expl[d=0] conv[e=0] pin[e=0] maxAbs=5.9e+03    scaleD=163.5      scaleR=2.8       
  FAIL distorted q16  mixed        negative  varying    rho=998.2   ref=0     nonorth+prev diag[d=256] off[d=960] rhs[d=256] coef[d=512] expl[d=512] conv[e=0] pin[e=0] maxAbs=5.9e+03    scaleD=163.5      scaleR=9.181     
  FAIL distorted q16  mixed        negative  varying    rho=998.2   ref=128   nonorth      diag[d=256] off[d=960] rhs[d=0] coef[d=512] expl[d=0] conv[e=0] pin[e=0] maxAbs=5.9e+03    scaleD=163.5      scaleR=2.8       
  FAIL distorted q16  mixed        negative  varying    rho=998.2   ref=128   nonorth+prev diag[d=256] off[d=960] rhs[d=256] coef[d=512] expl[d=512] conv[e=0] pin[e=0] maxAbs=5.9e+03    scaleD=163.5      scaleR=9.181     
  FAIL distorted q16  mixed        negative  varying    rho=998.2   ref=255   nonorth      diag[d=256] off[d=960] rhs[d=0] coef[d=512] expl[d=0] conv[e=0] pin[e=0] maxAbs=5.9e+03    scaleD=163.5      scaleR=2.8       
  FAIL distorted q16  mixed        negative  varying    rho=998.2   ref=255   nonorth+prev diag[d=256] off[d=960] rhs[d=256] coef[d=512] expl[d=512] conv[e=0] pin[e=0] maxAbs=5.9e+03    scaleD=163.5      scaleR=9.181     
  FAIL distorted q16  mixed        negative  anisotropic rho=1       ref=0     nonorth      diag[d=256] off[d=960] rhs[d=0] coef[d=512] expl[d=0] conv[e=0] pin[e=0] maxAbs=4.68e+04   scaleD=4.677e+04  scaleR=2.8       
  FAIL distorted q16  mixed        negative  anisotropic rho=1       ref=0     nonorth+prev diag[d=256] off[d=960] rhs[d=256] coef[d=512] expl[d=512] conv[e=0] pin[e=0] maxAbs=4.68e+04   scaleD=4.677e+04  scaleR=3810      
  FAIL distorted q16  mixed        negative  anisotropic rho=1       ref=128   nonorth      diag[d=256] off[d=960] rhs[d=0] coef[d=512] expl[d=0] conv[e=0] pin[e=0] maxAbs=4.68e+04   scaleD=4.677e+04  scaleR=2.8       
  FAIL distorted q16  mixed        negative  anisotropic rho=1       ref=128   nonorth+prev diag[d=256] off[d=960] rhs[d=256] coef[d=512] expl[d=512] conv[e=0] pin[e=0] maxAbs=4.68e+04   scaleD=4.677e+04  scaleR=3810      
  FAIL distorted q16  mixed        negative  anisotropic rho=1       ref=255   nonorth      diag[d=256] off[d=960] rhs[d=0] coef[d=512] expl[d=0] conv[e=0] pin[e=0] maxAbs=4.68e+04   scaleD=4.677e+04  scaleR=2.8       
  FAIL distorted q16  mixed        negative  anisotropic rho=1       ref=255   nonorth+prev diag[d=256] off[d=960] rhs[d=256] coef[d=512] expl[d=512] conv[e=0] pin[e=0] maxAbs=4.68e+04   scaleD=4.677e+04  scaleR=3810      
  FAIL distorted q16  mixed        negative  anisotropic rho=998.2   ref=0     nonorth      diag[d=256] off[d=960] rhs[d=0] coef[d=512] expl[d=0] conv[e=0] pin[e=0] maxAbs=4.67e+07   scaleD=4.669e+07  scaleR=2.8       
  FAIL distorted q16  mixed        negative  anisotropic rho=998.2   ref=0     nonorth+prev diag[d=256] off[d=960] rhs[d=256] coef[d=512] expl[d=512] conv[e=0] pin[e=0] maxAbs=4.67e+07   scaleD=4.669e+07  scaleR=3.803e+06 
  FAIL distorted q16  mixed        negative  anisotropic rho=998.2   ref=128   nonorth      diag[d=256] off[d=960] rhs[d=0] coef[d=512] expl[d=0] conv[e=0] pin[e=0] maxAbs=4.67e+07   scaleD=4.669e+07  scaleR=2.8       
  FAIL distorted q16  mixed        negative  anisotropic rho=998.2   ref=128   nonorth+prev diag[d=256] off[d=960] rhs[d=256] coef[d=512] expl[d=512] conv[e=0] pin[e=0] maxAbs=4.67e+07   scaleD=4.669e+07  scaleR=3.803e+06 
  FAIL distorted q16  mixed        negative  anisotropic rho=998.2   ref=255   nonorth      diag[d=256] off[d=960] rhs[d=0] coef[d=512] expl[d=0] conv[e=0] pin[e=0] maxAbs=4.67e+07   scaleD=4.669e+07  scaleR=2.8       
  FAIL distorted q16  mixed        negative  anisotropic rho=998.2   ref=255   nonorth+prev diag[d=256] off[d=960] rhs[d=256] coef[d=512] expl[d=512] conv[e=0] pin[e=0] maxAbs=4.67e+07   scaleD=4.669e+07  scaleR=3.803e+06 
  FAIL distorted q16  mixed        mixed     uniform    rho=1       ref=0     nonorth      diag[d=256] off[d=960] rhs[d=0] coef[d=512] expl[d=0] conv[e=0] pin[e=0] maxAbs=5.83       scaleD=0.1189     scaleR=4.2       
  FAIL distorted q16  mixed        mixed     uniform    rho=1       ref=0     nonorth+prev diag[d=256] off[d=960] rhs[d=256] coef[d=512] expl[d=512] conv[e=0] pin[e=0] maxAbs=5.83       scaleD=0.1189     scaleR=4.2       
  FAIL distorted q16  mixed        mixed     uniform    rho=1       ref=128   nonorth      diag[d=256] off[d=960] rhs[d=0] coef[d=512] expl[d=0] conv[e=0] pin[e=0] maxAbs=5.83       scaleD=0.1189     scaleR=4.2       
  FAIL distorted q16  mixed        mixed     uniform    rho=1       ref=128   nonorth+prev diag[d=256] off[d=960] rhs[d=256] coef[d=512] expl[d=512] conv[e=0] pin[e=0] maxAbs=5.83       scaleD=0.1189     scaleR=4.2       
  FAIL distorted q16  mixed        mixed     uniform    rho=1       ref=255   nonorth      diag[d=256] off[d=960] rhs[d=0] coef[d=512] expl[d=0] conv[e=0] pin[e=0] maxAbs=5.83       scaleD=0.1189     scaleR=4.2       
  FAIL distorted q16  mixed        mixed     uniform    rho=1       ref=255   nonorth+prev diag[d=256] off[d=960] rhs[d=256] coef[d=512] expl[d=512] conv[e=0] pin[e=0] maxAbs=5.83       scaleD=0.1189     scaleR=4.2       
  FAIL distorted q16  mixed        mixed     uniform    rho=998.2   ref=0     nonorth      diag[d=256] off[d=960] rhs[d=0] coef[d=512] expl[d=0] conv[e=0] pin[e=0] maxAbs=5.82e+03   scaleD=118.7      scaleR=4.2       
  FAIL distorted q16  mixed        mixed     uniform    rho=998.2   ref=0     nonorth+prev diag[d=256] off[d=960] rhs[d=256] coef[d=512] expl[d=512] conv[e=0] pin[e=0] maxAbs=5.82e+03   scaleD=118.7      scaleR=4.399     
  FAIL distorted q16  mixed        mixed     uniform    rho=998.2   ref=128   nonorth      diag[d=256] off[d=960] rhs[d=0] coef[d=512] expl[d=0] conv[e=0] pin[e=0] maxAbs=5.82e+03   scaleD=118.7      scaleR=4.2       
  FAIL distorted q16  mixed        mixed     uniform    rho=998.2   ref=128   nonorth+prev diag[d=256] off[d=960] rhs[d=256] coef[d=512] expl[d=512] conv[e=0] pin[e=0] maxAbs=5.82e+03   scaleD=118.7      scaleR=4.399     
  FAIL distorted q16  mixed        mixed     uniform    rho=998.2   ref=255   nonorth      diag[d=256] off[d=960] rhs[d=0] coef[d=512] expl[d=0] conv[e=0] pin[e=0] maxAbs=5.82e+03   scaleD=118.7      scaleR=4.2       
  FAIL distorted q16  mixed        mixed     uniform    rho=998.2   ref=255   nonorth+prev diag[d=256] off[d=960] rhs[d=256] coef[d=512] expl[d=512] conv[e=0] pin[e=0] maxAbs=5.82e+03   scaleD=118.7      scaleR=4.399     
  FAIL distorted q16  mixed        mixed     varying    rho=1       ref=0     nonorth      diag[d=256] off[d=960] rhs[d=0] coef[d=512] expl[d=0] conv[e=0] pin[e=0] maxAbs=5.91       scaleD=0.1638     scaleR=4.2       
  FAIL distorted q16  mixed        mixed     varying    rho=1       ref=0     nonorth+prev diag[d=256] off[d=960] rhs[d=256] coef[d=512] expl[d=512] conv[e=0] pin[e=0] maxAbs=5.91       scaleD=0.1638     scaleR=4.2       
  FAIL distorted q16  mixed        mixed     varying    rho=1       ref=128   nonorth      diag[d=256] off[d=960] rhs[d=0] coef[d=512] expl[d=0] conv[e=0] pin[e=0] maxAbs=5.91       scaleD=0.1638     scaleR=4.2       
  FAIL distorted q16  mixed        mixed     varying    rho=1       ref=128   nonorth+prev diag[d=256] off[d=960] rhs[d=256] coef[d=512] expl[d=512] conv[e=0] pin[e=0] maxAbs=5.91       scaleD=0.1638     scaleR=4.2       
  FAIL distorted q16  mixed        mixed     varying    rho=1       ref=255   nonorth      diag[d=256] off[d=960] rhs[d=0] coef[d=512] expl[d=0] conv[e=0] pin[e=0] maxAbs=5.91       scaleD=0.1638     scaleR=4.2       
  FAIL distorted q16  mixed        mixed     varying    rho=1       ref=255   nonorth+prev diag[d=256] off[d=960] rhs[d=256] coef[d=512] expl[d=512] conv[e=0] pin[e=0] maxAbs=5.91       scaleD=0.1638     scaleR=4.2       
  FAIL distorted q16  mixed        mixed     varying    rho=998.2   ref=0     nonorth      diag[d=256] off[d=960] rhs[d=0] coef[d=512] expl[d=0] conv[e=0] pin[e=0] maxAbs=5.9e+03    scaleD=163.5      scaleR=4.2       
  FAIL distorted q16  mixed        mixed     varying    rho=998.2   ref=0     nonorth+prev diag[d=256] off[d=960] rhs[d=256] coef[d=512] expl[d=512] conv[e=0] pin[e=0] maxAbs=5.9e+03    scaleD=163.5      scaleR=6.031     
  FAIL distorted q16  mixed        mixed     varying    rho=998.2   ref=128   nonorth      diag[d=256] off[d=960] rhs[d=0] coef[d=512] expl[d=0] conv[e=0] pin[e=0] maxAbs=5.9e+03    scaleD=163.5      scaleR=4.2       
  FAIL distorted q16  mixed        mixed     varying    rho=998.2   ref=128   nonorth+prev diag[d=256] off[d=960] rhs[d=256] coef[d=512] expl[d=512] conv[e=0] pin[e=0] maxAbs=5.9e+03    scaleD=163.5      scaleR=6.031     
  FAIL distorted q16  mixed        mixed     varying    rho=998.2   ref=255   nonorth      diag[d=256] off[d=960] rhs[d=0] coef[d=512] expl[d=0] conv[e=0] pin[e=0] maxAbs=5.9e+03    scaleD=163.5      scaleR=4.2       
  FAIL distorted q16  mixed        mixed     varying    rho=998.2   ref=255   nonorth+prev diag[d=256] off[d=960] rhs[d=256] coef[d=512] expl[d=512] conv[e=0] pin[e=0] maxAbs=5.9e+03    scaleD=163.5      scaleR=6.031     
  FAIL distorted q16  mixed        mixed     anisotropic rho=1       ref=0     nonorth      diag[d=256] off[d=960] rhs[d=0] coef[d=512] expl[d=0] conv[e=0] pin[e=0] maxAbs=4.68e+04   scaleD=4.677e+04  scaleR=4.2       
  FAIL distorted q16  mixed        mixed     anisotropic rho=1       ref=0     nonorth+prev diag[d=256] off[d=960] rhs[d=256] coef[d=512] expl[d=512] conv[e=0] pin[e=0] maxAbs=4.68e+04   scaleD=4.677e+04  scaleR=3811      
  FAIL distorted q16  mixed        mixed     anisotropic rho=1       ref=128   nonorth      diag[d=256] off[d=960] rhs[d=0] coef[d=512] expl[d=0] conv[e=0] pin[e=0] maxAbs=4.68e+04   scaleD=4.677e+04  scaleR=4.2       
  FAIL distorted q16  mixed        mixed     anisotropic rho=1       ref=128   nonorth+prev diag[d=256] off[d=960] rhs[d=256] coef[d=512] expl[d=512] conv[e=0] pin[e=0] maxAbs=4.68e+04   scaleD=4.677e+04  scaleR=3811      
  FAIL distorted q16  mixed        mixed     anisotropic rho=1       ref=255   nonorth      diag[d=256] off[d=960] rhs[d=0] coef[d=512] expl[d=0] conv[e=0] pin[e=0] maxAbs=4.68e+04   scaleD=4.677e+04  scaleR=4.2       
  FAIL distorted q16  mixed        mixed     anisotropic rho=1       ref=255   nonorth+prev diag[d=256] off[d=960] rhs[d=256] coef[d=512] expl[d=512] conv[e=0] pin[e=0] maxAbs=4.68e+04   scaleD=4.677e+04  scaleR=3811      
  FAIL distorted q16  mixed        mixed     anisotropic rho=998.2   ref=0     nonorth      diag[d=256] off[d=960] rhs[d=0] coef[d=512] expl[d=0] conv[e=0] pin[e=0] maxAbs=4.67e+07   scaleD=4.669e+07  scaleR=4.2       
  FAIL distorted q16  mixed        mixed     anisotropic rho=998.2   ref=0     nonorth+prev diag[d=256] off[d=960] rhs[d=256] coef[d=512] expl[d=512] conv[e=0] pin[e=0] maxAbs=4.67e+07   scaleD=4.669e+07  scaleR=3.803e+06 
  FAIL distorted q16  mixed        mixed     anisotropic rho=998.2   ref=128   nonorth      diag[d=256] off[d=960] rhs[d=0] coef[d=512] expl[d=0] conv[e=0] pin[e=0] maxAbs=4.67e+07   scaleD=4.669e+07  scaleR=4.2       
  FAIL distorted q16  mixed        mixed     anisotropic rho=998.2   ref=128   nonorth+prev diag[d=256] off[d=960] rhs[d=256] coef[d=512] expl[d=512] conv[e=0] pin[e=0] maxAbs=4.67e+07   scaleD=4.669e+07  scaleR=3.803e+06 
  FAIL distorted q16  mixed        mixed     anisotropic rho=998.2   ref=255   nonorth      diag[d=256] off[d=960] rhs[d=0] coef[d=512] expl[d=0] conv[e=0] pin[e=0] maxAbs=4.67e+07   scaleD=4.669e+07  scaleR=4.2       
  FAIL distorted q16  mixed        mixed     anisotropic rho=998.2   ref=255   nonorth+prev diag[d=256] off[d=960] rhs[d=256] coef[d=512] expl[d=512] conv[e=0] pin[e=0] maxAbs=4.67e+07   scaleD=4.669e+07  scaleR=3.803e+06 
  FAIL distorted q16  mixed        swirl     uniform    rho=1       ref=0     nonorth      diag[d=256] off[d=960] rhs[d=0] coef[d=512] expl[d=0] conv[e=0] pin[e=0] maxAbs=5.83       scaleD=0.1189     scaleR=1.561e-17 
  FAIL distorted q16  mixed        swirl     uniform    rho=1       ref=0     nonorth+prev diag[d=256] off[d=960] rhs[d=256] coef[d=512] expl[d=512] conv[e=0] pin[e=0] maxAbs=5.83       scaleD=0.1189     scaleR=0.004702  
  FAIL distorted q16  mixed        swirl     uniform    rho=1       ref=128   nonorth      diag[d=256] off[d=960] rhs[d=0] coef[d=512] expl[d=0] conv[e=0] pin[e=0] maxAbs=5.83       scaleD=0.1189     scaleR=1.561e-17 
  FAIL distorted q16  mixed        swirl     uniform    rho=1       ref=128   nonorth+prev diag[d=256] off[d=960] rhs[d=256] coef[d=512] expl[d=512] conv[e=0] pin[e=0] maxAbs=5.83       scaleD=0.1189     scaleR=0.004702  
  FAIL distorted q16  mixed        swirl     uniform    rho=1       ref=255   nonorth      diag[d=256] off[d=960] rhs[d=0] coef[d=512] expl[d=0] conv[e=0] pin[e=0] maxAbs=5.83       scaleD=0.1189     scaleR=1.561e-17 
  FAIL distorted q16  mixed        swirl     uniform    rho=1       ref=255   nonorth+prev diag[d=256] off[d=960] rhs[d=256] coef[d=512] expl[d=512] conv[e=0] pin[e=0] maxAbs=5.83       scaleD=0.1189     scaleR=0.004702  
  FAIL distorted q16  mixed        swirl     uniform    rho=998.2   ref=0     nonorth      diag[d=256] off[d=960] rhs[d=0] coef[d=512] expl[d=0] conv[e=0] pin[e=0] maxAbs=5.82e+03   scaleD=118.7      scaleR=1.561e-17 
  FAIL distorted q16  mixed        swirl     uniform    rho=998.2   ref=0     nonorth+prev diag[d=256] off[d=960] rhs[d=256] coef[d=512] expl[d=512] conv[e=0] pin[e=0] maxAbs=5.82e+03   scaleD=118.7      scaleR=4.693     
  FAIL distorted q16  mixed        swirl     uniform    rho=998.2   ref=128   nonorth      diag[d=256] off[d=960] rhs[d=0] coef[d=512] expl[d=0] conv[e=0] pin[e=0] maxAbs=5.82e+03   scaleD=118.7      scaleR=1.561e-17 
  FAIL distorted q16  mixed        swirl     uniform    rho=998.2   ref=128   nonorth+prev diag[d=256] off[d=960] rhs[d=256] coef[d=512] expl[d=512] conv[e=0] pin[e=0] maxAbs=5.82e+03   scaleD=118.7      scaleR=4.693     
  FAIL distorted q16  mixed        swirl     uniform    rho=998.2   ref=255   nonorth      diag[d=256] off[d=960] rhs[d=0] coef[d=512] expl[d=0] conv[e=0] pin[e=0] maxAbs=5.82e+03   scaleD=118.7      scaleR=1.561e-17 
  FAIL distorted q16  mixed        swirl     uniform    rho=998.2   ref=255   nonorth+prev diag[d=256] off[d=960] rhs[d=256] coef[d=512] expl[d=512] conv[e=0] pin[e=0] maxAbs=5.82e+03   scaleD=118.7      scaleR=4.693     
  FAIL distorted q16  mixed        swirl     varying    rho=1       ref=0     nonorth      diag[d=256] off[d=960] rhs[d=0] coef[d=512] expl[d=0] conv[e=0] pin[e=0] maxAbs=5.91       scaleD=0.1638     scaleR=1.561e-17 
  FAIL distorted q16  mixed        swirl     varying    rho=1       ref=0     nonorth+prev diag[d=256] off[d=960] rhs[d=256] coef[d=512] expl[d=512] conv[e=0] pin[e=0] maxAbs=5.91       scaleD=0.1638     scaleR=0.007795  
  FAIL distorted q16  mixed        swirl     varying    rho=1       ref=128   nonorth      diag[d=256] off[d=960] rhs[d=0] coef[d=512] expl[d=0] conv[e=0] pin[e=0] maxAbs=5.91       scaleD=0.1638     scaleR=1.561e-17 
  FAIL distorted q16  mixed        swirl     varying    rho=1       ref=128   nonorth+prev diag[d=256] off[d=960] rhs[d=256] coef[d=512] expl[d=512] conv[e=0] pin[e=0] maxAbs=5.91       scaleD=0.1638     scaleR=0.007795  
  FAIL distorted q16  mixed        swirl     varying    rho=1       ref=255   nonorth      diag[d=256] off[d=960] rhs[d=0] coef[d=512] expl[d=0] conv[e=0] pin[e=0] maxAbs=5.91       scaleD=0.1638     scaleR=1.561e-17 
  FAIL distorted q16  mixed        swirl     varying    rho=1       ref=255   nonorth+prev diag[d=256] off[d=960] rhs[d=256] coef[d=512] expl[d=512] conv[e=0] pin[e=0] maxAbs=5.91       scaleD=0.1638     scaleR=0.007795  
  FAIL distorted q16  mixed        swirl     varying    rho=998.2   ref=0     nonorth      diag[d=256] off[d=960] rhs[d=0] coef[d=512] expl[d=0] conv[e=0] pin[e=0] maxAbs=5.9e+03    scaleD=163.5      scaleR=1.561e-17 
  FAIL distorted q16  mixed        swirl     varying    rho=998.2   ref=0     nonorth+prev diag[d=256] off[d=960] rhs[d=256] coef[d=512] expl[d=512] conv[e=0] pin[e=0] maxAbs=5.9e+03    scaleD=163.5      scaleR=7.781     
  FAIL distorted q16  mixed        swirl     varying    rho=998.2   ref=128   nonorth      diag[d=256] off[d=960] rhs[d=0] coef[d=512] expl[d=0] conv[e=0] pin[e=0] maxAbs=5.9e+03    scaleD=163.5      scaleR=1.561e-17 
  FAIL distorted q16  mixed        swirl     varying    rho=998.2   ref=128   nonorth+prev diag[d=256] off[d=960] rhs[d=256] coef[d=512] expl[d=512] conv[e=0] pin[e=0] maxAbs=5.9e+03    scaleD=163.5      scaleR=7.781     
  FAIL distorted q16  mixed        swirl     varying    rho=998.2   ref=255   nonorth      diag[d=256] off[d=960] rhs[d=0] coef[d=512] expl[d=0] conv[e=0] pin[e=0] maxAbs=5.9e+03    scaleD=163.5      scaleR=1.561e-17 
  FAIL distorted q16  mixed        swirl     varying    rho=998.2   ref=255   nonorth+prev diag[d=256] off[d=960] rhs[d=256] coef[d=512] expl[d=512] conv[e=0] pin[e=0] maxAbs=5.9e+03    scaleD=163.5      scaleR=7.781     
  FAIL distorted q16  mixed        swirl     anisotropic rho=1       ref=0     nonorth      diag[d=256] off[d=960] rhs[d=0] coef[d=512] expl[d=0] conv[e=0] pin[e=0] maxAbs=4.68e+04   scaleD=4.677e+04  scaleR=1.561e-17 
  FAIL distorted q16  mixed        swirl     anisotropic rho=1       ref=0     nonorth+prev diag[d=256] off[d=960] rhs[d=256] coef[d=512] expl[d=512] conv[e=0] pin[e=0] maxAbs=4.68e+04   scaleD=4.677e+04  scaleR=3810      
  FAIL distorted q16  mixed        swirl     anisotropic rho=1       ref=128   nonorth      diag[d=256] off[d=960] rhs[d=0] coef[d=512] expl[d=0] conv[e=0] pin[e=0] maxAbs=4.68e+04   scaleD=4.677e+04  scaleR=1.561e-17 
  FAIL distorted q16  mixed        swirl     anisotropic rho=1       ref=128   nonorth+prev diag[d=256] off[d=960] rhs[d=256] coef[d=512] expl[d=512] conv[e=0] pin[e=0] maxAbs=4.68e+04   scaleD=4.677e+04  scaleR=3810      
  FAIL distorted q16  mixed        swirl     anisotropic rho=1       ref=255   nonorth      diag[d=256] off[d=960] rhs[d=0] coef[d=512] expl[d=0] conv[e=0] pin[e=0] maxAbs=4.68e+04   scaleD=4.677e+04  scaleR=1.561e-17 
  FAIL distorted q16  mixed        swirl     anisotropic rho=1       ref=255   nonorth+prev diag[d=256] off[d=960] rhs[d=256] coef[d=512] expl[d=512] conv[e=0] pin[e=0] maxAbs=4.68e+04   scaleD=4.677e+04  scaleR=3810      
  FAIL distorted q16  mixed        swirl     anisotropic rho=998.2   ref=0     nonorth      diag[d=256] off[d=960] rhs[d=0] coef[d=512] expl[d=0] conv[e=0] pin[e=0] maxAbs=4.67e+07   scaleD=4.669e+07  scaleR=1.561e-17 
  FAIL distorted q16  mixed        swirl     anisotropic rho=998.2   ref=0     nonorth+prev diag[d=256] off[d=960] rhs[d=256] coef[d=512] expl[d=512] conv[e=0] pin[e=0] maxAbs=4.67e+07   scaleD=4.669e+07  scaleR=3.803e+06 
  FAIL distorted q16  mixed        swirl     anisotropic rho=998.2   ref=128   nonorth      diag[d=256] off[d=960] rhs[d=0] coef[d=512] expl[d=0] conv[e=0] pin[e=0] maxAbs=4.67e+07   scaleD=4.669e+07  scaleR=1.561e-17 
  FAIL distorted q16  mixed        swirl     anisotropic rho=998.2   ref=128   nonorth+prev diag[d=256] off[d=960] rhs[d=256] coef[d=512] expl[d=512] conv[e=0] pin[e=0] maxAbs=4.67e+07   scaleD=4.669e+07  scaleR=3.803e+06 
  FAIL distorted q16  mixed        swirl     anisotropic rho=998.2   ref=255   nonorth      diag[d=256] off[d=960] rhs[d=0] coef[d=512] expl[d=0] conv[e=0] pin[e=0] maxAbs=4.67e+07   scaleD=4.669e+07  scaleR=1.561e-17 
  FAIL distorted q16  mixed        swirl     anisotropic rho=998.2   ref=255   nonorth+prev diag[d=256] off[d=960] rhs[d=256] coef[d=512] expl[d=512] conv[e=0] pin[e=0] maxAbs=4.67e+07   scaleD=4.669e+07  scaleR=3.803e+06 
  PASS L2 distorted q16  scheme=0 a=0.7   chain A[d=0] rhs[d=0] maxAbs=0          scale=0.8176
  PASS L2 distorted q16  scheme=3 a=0.7   chain A[d=0] rhs[d=0] maxAbs=0          scale=0.8176
       [warped 3d 3/all-Neumann pin=yes fixedValueFaces=0 axisAligned=0 general=108 resident=47768 B]
  PASS L5 warped 3d 3    all-Neumann    ref=0     opposite[e=0] sign[e=0] ambiguous=0 faces[axisaligned=0 wellposed=54 parallel=0 fallback=0]
  PASS L5 warped 3d 3    all-Neumann    ref=13    opposite[e=0] sign[e=0] ambiguous=0 faces[axisaligned=0 wellposed=54 parallel=0 fallback=0]
  PASS L5 warped 3d 3    all-Neumann    ref=26    opposite[e=0] sign[e=0] ambiguous=0 faces[axisaligned=0 wellposed=54 parallel=0 fallback=0]
  FAIL L6 warped 3d 3    all-Neumann    threshold sweep 25 decades differing=3200 decomposingFaces=54 faces[wellposed=1207 fallback=143]
  FAIL L7 warped 3d 3    all-Neumann    band sweep root=3775.99 differing=2550 facesInBand=8/918
  FAIL warped 3d 3    all-Neumann  zero      uniform    rho=1       ref=0     nonorth      diag[d=26] off[d=105] rhs[d=0] coef[d=54] expl[d=0] conv[e=0] pin[e=0] maxAbs=1.96       scaleD=1          scaleR=0         
  FAIL warped 3d 3    all-Neumann  zero      uniform    rho=1       ref=0     nonorth+prev diag[d=26] off[d=105] rhs[d=26] coef[d=54] expl[d=54] conv[e=0] pin[e=0] maxAbs=1.96       scaleD=1          scaleR=0.0009525 
  FAIL warped 3d 3    all-Neumann  zero      uniform    rho=1       ref=13    nonorth      diag[d=26] off[d=102] rhs[d=0] coef[d=54] expl[d=0] conv[e=0] pin[e=0] maxAbs=1.76       scaleD=1          scaleR=0         
  FAIL warped 3d 3    all-Neumann  zero      uniform    rho=1       ref=13    nonorth+prev diag[d=26] off[d=102] rhs[d=26] coef[d=54] expl[d=54] conv[e=0] pin[e=0] maxAbs=1.76       scaleD=1          scaleR=0.0004105 
  FAIL warped 3d 3    all-Neumann  zero      uniform    rho=1       ref=26    nonorth      diag[d=26] off[d=105] rhs[d=0] coef[d=54] expl[d=0] conv[e=0] pin[e=0] maxAbs=1.96       scaleD=1          scaleR=0         
  FAIL warped 3d 3    all-Neumann  zero      uniform    rho=1       ref=26    nonorth+prev diag[d=26] off[d=105] rhs[d=26] coef[d=54] expl[d=54] conv[e=0] pin[e=0] maxAbs=1.96       scaleD=1          scaleR=0.0009525 
  FAIL warped 3d 3    all-Neumann  zero      uniform    rho=998.2   ref=0     nonorth      diag[d=26] off[d=105] rhs[d=0] coef[d=54] expl[d=0] conv[e=0] pin[e=0] maxAbs=1.96e+03   scaleD=38.25      scaleR=0         
  FAIL warped 3d 3    all-Neumann  zero      uniform    rho=998.2   ref=0     nonorth+prev diag[d=26] off[d=105] rhs[d=26] coef[d=54] expl[d=54] conv[e=0] pin[e=0] maxAbs=1.96e+03   scaleD=38.25      scaleR=0.9508    
  FAIL warped 3d 3    all-Neumann  zero      uniform    rho=998.2   ref=13    nonorth      diag[d=26] off[d=102] rhs[d=0] coef[d=54] expl[d=0] conv[e=0] pin[e=0] maxAbs=1.76e+03   scaleD=34.43      scaleR=0         
  FAIL warped 3d 3    all-Neumann  zero      uniform    rho=998.2   ref=13    nonorth+prev diag[d=26] off[d=102] rhs[d=26] coef[d=54] expl[d=54] conv[e=0] pin[e=0] maxAbs=1.76e+03   scaleD=34.43      scaleR=0.4097    
  FAIL warped 3d 3    all-Neumann  zero      uniform    rho=998.2   ref=26    nonorth      diag[d=26] off[d=105] rhs[d=0] coef[d=54] expl[d=0] conv[e=0] pin[e=0] maxAbs=1.96e+03   scaleD=38.25      scaleR=0         
  FAIL warped 3d 3    all-Neumann  zero      uniform    rho=998.2   ref=26    nonorth+prev diag[d=26] off[d=105] rhs[d=26] coef[d=54] expl[d=54] conv[e=0] pin[e=0] maxAbs=1.96e+03   scaleD=38.25      scaleR=0.9508    
  FAIL warped 3d 3    all-Neumann  zero      varying    rho=1       ref=0     nonorth      diag[d=26] off[d=105] rhs[d=0] coef[d=54] expl[d=0] conv[e=0] pin[e=0] maxAbs=1.96       scaleD=1          scaleR=0         
  FAIL warped 3d 3    all-Neumann  zero      varying    rho=1       ref=0     nonorth+prev diag[d=26] off[d=105] rhs[d=26] coef[d=54] expl[d=54] conv[e=0] pin[e=0] maxAbs=1.96       scaleD=1          scaleR=0.001128  
  FAIL warped 3d 3    all-Neumann  zero      varying    rho=1       ref=13    nonorth      diag[d=26] off[d=102] rhs[d=0] coef[d=54] expl[d=0] conv[e=0] pin[e=0] maxAbs=1.77       scaleD=1          scaleR=0         
  FAIL warped 3d 3    all-Neumann  zero      varying    rho=1       ref=13    nonorth+prev diag[d=26] off[d=102] rhs[d=26] coef[d=54] expl[d=54] conv[e=0] pin[e=0] maxAbs=1.77       scaleD=1          scaleR=0.0005637 
  FAIL warped 3d 3    all-Neumann  zero      varying    rho=1       ref=26    nonorth      diag[d=26] off[d=105] rhs[d=0] coef[d=54] expl[d=0] conv[e=0] pin[e=0] maxAbs=1.96       scaleD=1          scaleR=0         
  FAIL warped 3d 3    all-Neumann  zero      varying    rho=1       ref=26    nonorth+prev diag[d=26] off[d=105] rhs[d=26] coef[d=54] expl[d=54] conv[e=0] pin[e=0] maxAbs=1.96       scaleD=1          scaleR=0.001128  
  FAIL warped 3d 3    all-Neumann  zero      varying    rho=998.2   ref=0     nonorth      diag[d=26] off[d=105] rhs[d=0] coef[d=54] expl[d=0] conv[e=0] pin[e=0] maxAbs=1.95e+03   scaleD=47.24      scaleR=0         
  FAIL warped 3d 3    all-Neumann  zero      varying    rho=998.2   ref=0     nonorth+prev diag[d=26] off[d=105] rhs[d=26] coef[d=54] expl[d=54] conv[e=0] pin[e=0] maxAbs=1.95e+03   scaleD=47.24      scaleR=1.126     
  FAIL warped 3d 3    all-Neumann  zero      varying    rho=998.2   ref=13    nonorth      diag[d=26] off[d=102] rhs[d=0] coef[d=54] expl[d=0] conv[e=0] pin[e=0] maxAbs=1.77e+03   scaleD=47.24      scaleR=0         
  FAIL warped 3d 3    all-Neumann  zero      varying    rho=998.2   ref=13    nonorth+prev diag[d=26] off[d=102] rhs[d=26] coef[d=54] expl[d=54] conv[e=0] pin[e=0] maxAbs=1.77e+03   scaleD=47.24      scaleR=0.5627    
  FAIL warped 3d 3    all-Neumann  zero      varying    rho=998.2   ref=26    nonorth      diag[d=26] off[d=105] rhs[d=0] coef[d=54] expl[d=0] conv[e=0] pin[e=0] maxAbs=1.95e+03   scaleD=47.24      scaleR=0         
  FAIL warped 3d 3    all-Neumann  zero      varying    rho=998.2   ref=26    nonorth+prev diag[d=26] off[d=105] rhs[d=26] coef[d=54] expl[d=54] conv[e=0] pin[e=0] maxAbs=1.95e+03   scaleD=47.24      scaleR=1.126     
  FAIL warped 3d 3    all-Neumann  zero      anisotropic rho=1       ref=0     nonorth      diag[d=26] off[d=105] rhs[d=0] coef[d=54] expl[d=0] conv[e=0] pin[e=0] maxAbs=232        scaleD=232.8      scaleR=0         
  FAIL warped 3d 3    all-Neumann  zero      anisotropic rho=1       ref=0     nonorth+prev diag[d=26] off[d=105] rhs[d=26] coef[d=54] expl[d=54] conv[e=0] pin[e=0] maxAbs=232        scaleD=232.8      scaleR=47.97     
  FAIL warped 3d 3    all-Neumann  zero      anisotropic rho=1       ref=13    nonorth      diag[d=26] off[d=102] rhs[d=0] coef[d=54] expl[d=0] conv[e=0] pin[e=0] maxAbs=232        scaleD=232.8      scaleR=0         
  FAIL warped 3d 3    all-Neumann  zero      anisotropic rho=1       ref=13    nonorth+prev diag[d=26] off[d=102] rhs[d=26] coef[d=54] expl[d=54] conv[e=0] pin[e=0] maxAbs=232        scaleD=232.8      scaleR=47.97     
  FAIL warped 3d 3    all-Neumann  zero      anisotropic rho=1       ref=26    nonorth      diag[d=26] off[d=105] rhs[d=0] coef[d=54] expl[d=0] conv[e=0] pin[e=0] maxAbs=232        scaleD=232.8      scaleR=0         
  FAIL warped 3d 3    all-Neumann  zero      anisotropic rho=1       ref=26    nonorth+prev diag[d=26] off[d=105] rhs[d=26] coef[d=54] expl[d=54] conv[e=0] pin[e=0] maxAbs=232        scaleD=232.8      scaleR=47.97     
  FAIL warped 3d 3    all-Neumann  zero      anisotropic rho=998.2   ref=0     nonorth      diag[d=26] off[d=105] rhs[d=0] coef[d=54] expl[d=0] conv[e=0] pin[e=0] maxAbs=2.31e+05   scaleD=2.324e+05  scaleR=0         
  FAIL warped 3d 3    all-Neumann  zero      anisotropic rho=998.2   ref=0     nonorth+prev diag[d=26] off[d=105] rhs[d=26] coef[d=54] expl[d=54] conv[e=0] pin[e=0] maxAbs=2.31e+05   scaleD=2.324e+05  scaleR=4.788e+04 
  FAIL warped 3d 3    all-Neumann  zero      anisotropic rho=998.2   ref=13    nonorth      diag[d=26] off[d=102] rhs[d=0] coef[d=54] expl[d=0] conv[e=0] pin[e=0] maxAbs=2.31e+05   scaleD=2.324e+05  scaleR=0         
  FAIL warped 3d 3    all-Neumann  zero      anisotropic rho=998.2   ref=13    nonorth+prev diag[d=26] off[d=102] rhs[d=26] coef[d=54] expl[d=54] conv[e=0] pin[e=0] maxAbs=2.31e+05   scaleD=2.324e+05  scaleR=4.788e+04 
  FAIL warped 3d 3    all-Neumann  zero      anisotropic rho=998.2   ref=26    nonorth      diag[d=26] off[d=105] rhs[d=0] coef[d=54] expl[d=0] conv[e=0] pin[e=0] maxAbs=2.31e+05   scaleD=2.324e+05  scaleR=0         
  FAIL warped 3d 3    all-Neumann  zero      anisotropic rho=998.2   ref=26    nonorth+prev diag[d=26] off[d=105] rhs[d=26] coef[d=54] expl[d=54] conv[e=0] pin[e=0] maxAbs=2.31e+05   scaleD=2.324e+05  scaleR=4.788e+04 
  FAIL warped 3d 3    all-Neumann  positive  uniform    rho=1       ref=0     nonorth      diag[d=26] off[d=105] rhs[d=0] coef[d=54] expl[d=0] conv[e=0] pin[e=0] maxAbs=1.96       scaleD=1          scaleR=2.8       
  FAIL warped 3d 3    all-Neumann  positive  uniform    rho=1       ref=0     nonorth+prev diag[d=26] off[d=105] rhs[d=26] coef[d=54] expl[d=54] conv[e=0] pin[e=0] maxAbs=1.96       scaleD=1          scaleR=2.8       
  FAIL warped 3d 3    all-Neumann  positive  uniform    rho=1       ref=13    nonorth      diag[d=26] off[d=102] rhs[d=0] coef[d=54] expl[d=0] conv[e=0] pin[e=0] maxAbs=1.76       scaleD=1          scaleR=4.2       
  FAIL warped 3d 3    all-Neumann  positive  uniform    rho=1       ref=13    nonorth+prev diag[d=26] off[d=102] rhs[d=26] coef[d=54] expl[d=54] conv[e=0] pin[e=0] maxAbs=1.76       scaleD=1          scaleR=4.2       
  FAIL warped 3d 3    all-Neumann  positive  uniform    rho=1       ref=26    nonorth      diag[d=26] off[d=105] rhs[d=0] coef[d=54] expl[d=0] conv[e=0] pin[e=0] maxAbs=1.96       scaleD=1          scaleR=4.2       
  FAIL warped 3d 3    all-Neumann  positive  uniform    rho=1       ref=26    nonorth+prev diag[d=26] off[d=105] rhs[d=26] coef[d=54] expl[d=54] conv[e=0] pin[e=0] maxAbs=1.96       scaleD=1          scaleR=4.2       
  FAIL warped 3d 3    all-Neumann  positive  uniform    rho=998.2   ref=0     nonorth      diag[d=26] off[d=105] rhs[d=0] coef[d=54] expl[d=0] conv[e=0] pin[e=0] maxAbs=1.96e+03   scaleD=38.25      scaleR=2.8       
  FAIL warped 3d 3    all-Neumann  positive  uniform    rho=998.2   ref=0     nonorth+prev diag[d=26] off[d=105] rhs[d=26] coef[d=54] expl[d=54] conv[e=0] pin[e=0] maxAbs=1.96e+03   scaleD=38.25      scaleR=3.208     
  FAIL warped 3d 3    all-Neumann  positive  uniform    rho=998.2   ref=13    nonorth      diag[d=26] off[d=102] rhs[d=0] coef[d=54] expl[d=0] conv[e=0] pin[e=0] maxAbs=1.76e+03   scaleD=34.43      scaleR=4.2       
  FAIL warped 3d 3    all-Neumann  positive  uniform    rho=998.2   ref=13    nonorth+prev diag[d=26] off[d=102] rhs[d=26] coef[d=54] expl[d=54] conv[e=0] pin[e=0] maxAbs=1.76e+03   scaleD=34.43      scaleR=4.257     
  FAIL warped 3d 3    all-Neumann  positive  uniform    rho=998.2   ref=26    nonorth      diag[d=26] off[d=105] rhs[d=0] coef[d=54] expl[d=0] conv[e=0] pin[e=0] maxAbs=1.96e+03   scaleD=38.25      scaleR=4.2       
  FAIL warped 3d 3    all-Neumann  positive  uniform    rho=998.2   ref=26    nonorth+prev diag[d=26] off[d=105] rhs[d=26] coef[d=54] expl[d=54] conv[e=0] pin[e=0] maxAbs=1.96e+03   scaleD=38.25      scaleR=4.257     
  FAIL warped 3d 3    all-Neumann  positive  varying    rho=1       ref=0     nonorth      diag[d=26] off[d=105] rhs[d=0] coef[d=54] expl[d=0] conv[e=0] pin[e=0] maxAbs=1.96       scaleD=1          scaleR=2.8       
  FAIL warped 3d 3    all-Neumann  positive  varying    rho=1       ref=0     nonorth+prev diag[d=26] off[d=105] rhs[d=26] coef[d=54] expl[d=54] conv[e=0] pin[e=0] maxAbs=1.96       scaleD=1          scaleR=2.8       
  FAIL warped 3d 3    all-Neumann  positive  varying    rho=1       ref=13    nonorth      diag[d=26] off[d=102] rhs[d=0] coef[d=54] expl[d=0] conv[e=0] pin[e=0] maxAbs=1.77       scaleD=1          scaleR=4.2       
  FAIL warped 3d 3    all-Neumann  positive  varying    rho=1       ref=13    nonorth+prev diag[d=26] off[d=102] rhs[d=26] coef[d=54] expl[d=54] conv[e=0] pin[e=0] maxAbs=1.77       scaleD=1          scaleR=4.2       
  FAIL warped 3d 3    all-Neumann  positive  varying    rho=1       ref=26    nonorth      diag[d=26] off[d=105] rhs[d=0] coef[d=54] expl[d=0] conv[e=0] pin[e=0] maxAbs=1.96       scaleD=1          scaleR=4.2       
  FAIL warped 3d 3    all-Neumann  positive  varying    rho=1       ref=26    nonorth+prev diag[d=26] off[d=105] rhs[d=26] coef[d=54] expl[d=54] conv[e=0] pin[e=0] maxAbs=1.96       scaleD=1          scaleR=4.2       
  FAIL warped 3d 3    all-Neumann  positive  varying    rho=998.2   ref=0     nonorth      diag[d=26] off[d=105] rhs[d=0] coef[d=54] expl[d=0] conv[e=0] pin[e=0] maxAbs=1.95e+03   scaleD=47.24      scaleR=2.8       
  FAIL warped 3d 3    all-Neumann  positive  varying    rho=998.2   ref=0     nonorth+prev diag[d=26] off[d=105] rhs[d=26] coef[d=54] expl[d=54] conv[e=0] pin[e=0] maxAbs=1.95e+03   scaleD=47.24      scaleR=3.225     
  FAIL warped 3d 3    all-Neumann  positive  varying    rho=998.2   ref=13    nonorth      diag[d=26] off[d=102] rhs[d=0] coef[d=54] expl[d=0] conv[e=0] pin[e=0] maxAbs=1.77e+03   scaleD=47.24      scaleR=4.2       
  FAIL warped 3d 3    all-Neumann  positive  varying    rho=998.2   ref=13    nonorth+prev diag[d=26] off[d=102] rhs[d=26] coef[d=54] expl[d=54] conv[e=0] pin[e=0] maxAbs=1.77e+03   scaleD=47.24      scaleR=4.233     
  FAIL warped 3d 3    all-Neumann  positive  varying    rho=998.2   ref=26    nonorth      diag[d=26] off[d=105] rhs[d=0] coef[d=54] expl[d=0] conv[e=0] pin[e=0] maxAbs=1.95e+03   scaleD=47.24      scaleR=4.2       
  FAIL warped 3d 3    all-Neumann  positive  varying    rho=998.2   ref=26    nonorth+prev diag[d=26] off[d=105] rhs[d=26] coef[d=54] expl[d=54] conv[e=0] pin[e=0] maxAbs=1.95e+03   scaleD=47.24      scaleR=4.233     
  FAIL warped 3d 3    all-Neumann  positive  anisotropic rho=1       ref=0     nonorth      diag[d=26] off[d=105] rhs[d=0] coef[d=54] expl[d=0] conv[e=0] pin[e=0] maxAbs=232        scaleD=232.8      scaleR=2.8       
  FAIL warped 3d 3    all-Neumann  positive  anisotropic rho=1       ref=0     nonorth+prev diag[d=26] off[d=105] rhs[d=26] coef[d=54] expl[d=54] conv[e=0] pin[e=0] maxAbs=232        scaleD=232.8      scaleR=48.01     
  FAIL warped 3d 3    all-Neumann  positive  anisotropic rho=1       ref=13    nonorth      diag[d=26] off[d=102] rhs[d=0] coef[d=54] expl[d=0] conv[e=0] pin[e=0] maxAbs=232        scaleD=232.8      scaleR=4.2       
  FAIL warped 3d 3    all-Neumann  positive  anisotropic rho=1       ref=13    nonorth+prev diag[d=26] off[d=102] rhs[d=26] coef[d=54] expl[d=54] conv[e=0] pin[e=0] maxAbs=232        scaleD=232.8      scaleR=48.01     
  FAIL warped 3d 3    all-Neumann  positive  anisotropic rho=1       ref=26    nonorth      diag[d=26] off[d=105] rhs[d=0] coef[d=54] expl[d=0] conv[e=0] pin[e=0] maxAbs=232        scaleD=232.8      scaleR=4.2       
  FAIL warped 3d 3    all-Neumann  positive  anisotropic rho=1       ref=26    nonorth+prev diag[d=26] off[d=105] rhs[d=26] coef[d=54] expl[d=54] conv[e=0] pin[e=0] maxAbs=232        scaleD=232.8      scaleR=48.01     
  FAIL warped 3d 3    all-Neumann  positive  anisotropic rho=998.2   ref=0     nonorth      diag[d=26] off[d=105] rhs[d=0] coef[d=54] expl[d=0] conv[e=0] pin[e=0] maxAbs=2.31e+05   scaleD=2.324e+05  scaleR=2.8       
  FAIL warped 3d 3    all-Neumann  positive  anisotropic rho=998.2   ref=0     nonorth+prev diag[d=26] off[d=105] rhs[d=26] coef[d=54] expl[d=54] conv[e=0] pin[e=0] maxAbs=2.31e+05   scaleD=2.324e+05  scaleR=4.788e+04 
  FAIL warped 3d 3    all-Neumann  positive  anisotropic rho=998.2   ref=13    nonorth      diag[d=26] off[d=102] rhs[d=0] coef[d=54] expl[d=0] conv[e=0] pin[e=0] maxAbs=2.31e+05   scaleD=2.324e+05  scaleR=4.2       
  FAIL warped 3d 3    all-Neumann  positive  anisotropic rho=998.2   ref=13    nonorth+prev diag[d=26] off[d=102] rhs[d=26] coef[d=54] expl[d=54] conv[e=0] pin[e=0] maxAbs=2.31e+05   scaleD=2.324e+05  scaleR=4.788e+04 
  FAIL warped 3d 3    all-Neumann  positive  anisotropic rho=998.2   ref=26    nonorth      diag[d=26] off[d=105] rhs[d=0] coef[d=54] expl[d=0] conv[e=0] pin[e=0] maxAbs=2.31e+05   scaleD=2.324e+05  scaleR=4.2       
  FAIL warped 3d 3    all-Neumann  positive  anisotropic rho=998.2   ref=26    nonorth+prev diag[d=26] off[d=105] rhs[d=26] coef[d=54] expl[d=54] conv[e=0] pin[e=0] maxAbs=2.31e+05   scaleD=2.324e+05  scaleR=4.788e+04 
  FAIL warped 3d 3    all-Neumann  negative  uniform    rho=1       ref=0     nonorth      diag[d=26] off[d=105] rhs[d=0] coef[d=54] expl[d=0] conv[e=0] pin[e=0] maxAbs=1.96       scaleD=1          scaleR=2.8       
  FAIL warped 3d 3    all-Neumann  negative  uniform    rho=1       ref=0     nonorth+prev diag[d=26] off[d=105] rhs[d=26] coef[d=54] expl[d=54] conv[e=0] pin[e=0] maxAbs=1.96       scaleD=1          scaleR=2.8       
  FAIL warped 3d 3    all-Neumann  negative  uniform    rho=1       ref=13    nonorth      diag[d=26] off[d=102] rhs[d=0] coef[d=54] expl[d=0] conv[e=0] pin[e=0] maxAbs=1.76       scaleD=1          scaleR=4.2       
  FAIL warped 3d 3    all-Neumann  negative  uniform    rho=1       ref=13    nonorth+prev diag[d=26] off[d=102] rhs[d=26] coef[d=54] expl[d=54] conv[e=0] pin[e=0] maxAbs=1.76       scaleD=1          scaleR=4.2       
  FAIL warped 3d 3    all-Neumann  negative  uniform    rho=1       ref=26    nonorth      diag[d=26] off[d=105] rhs[d=0] coef[d=54] expl[d=0] conv[e=0] pin[e=0] maxAbs=1.96       scaleD=1          scaleR=4.2       
  FAIL warped 3d 3    all-Neumann  negative  uniform    rho=1       ref=26    nonorth+prev diag[d=26] off[d=105] rhs[d=26] coef[d=54] expl[d=54] conv[e=0] pin[e=0] maxAbs=1.96       scaleD=1          scaleR=4.2       
  FAIL warped 3d 3    all-Neumann  negative  uniform    rho=998.2   ref=0     nonorth      diag[d=26] off[d=105] rhs[d=0] coef[d=54] expl[d=0] conv[e=0] pin[e=0] maxAbs=1.96e+03   scaleD=38.25      scaleR=2.8       
  FAIL warped 3d 3    all-Neumann  negative  uniform    rho=998.2   ref=0     nonorth+prev diag[d=26] off[d=105] rhs[d=26] coef[d=54] expl[d=54] conv[e=0] pin[e=0] maxAbs=1.96e+03   scaleD=38.25      scaleR=3.057     
  FAIL warped 3d 3    all-Neumann  negative  uniform    rho=998.2   ref=13    nonorth      diag[d=26] off[d=102] rhs[d=0] coef[d=54] expl[d=0] conv[e=0] pin[e=0] maxAbs=1.76e+03   scaleD=34.43      scaleR=4.2       
  FAIL warped 3d 3    all-Neumann  negative  uniform    rho=998.2   ref=13    nonorth+prev diag[d=26] off[d=102] rhs[d=26] coef[d=54] expl[d=54] conv[e=0] pin[e=0] maxAbs=1.76e+03   scaleD=34.43      scaleR=4.143     
  FAIL warped 3d 3    all-Neumann  negative  uniform    rho=998.2   ref=26    nonorth      diag[d=26] off[d=105] rhs[d=0] coef[d=54] expl[d=0] conv[e=0] pin[e=0] maxAbs=1.96e+03   scaleD=38.25      scaleR=4.2       
  FAIL warped 3d 3    all-Neumann  negative  uniform    rho=998.2   ref=26    nonorth+prev diag[d=26] off[d=105] rhs[d=26] coef[d=54] expl[d=54] conv[e=0] pin[e=0] maxAbs=1.96e+03   scaleD=38.25      scaleR=4.143     
  FAIL warped 3d 3    all-Neumann  negative  varying    rho=1       ref=0     nonorth      diag[d=26] off[d=105] rhs[d=0] coef[d=54] expl[d=0] conv[e=0] pin[e=0] maxAbs=1.96       scaleD=1          scaleR=2.8       
  FAIL warped 3d 3    all-Neumann  negative  varying    rho=1       ref=0     nonorth+prev diag[d=26] off[d=105] rhs[d=26] coef[d=54] expl[d=54] conv[e=0] pin[e=0] maxAbs=1.96       scaleD=1          scaleR=2.8       
  FAIL warped 3d 3    all-Neumann  negative  varying    rho=1       ref=13    nonorth      diag[d=26] off[d=102] rhs[d=0] coef[d=54] expl[d=0] conv[e=0] pin[e=0] maxAbs=1.77       scaleD=1          scaleR=4.2       
  FAIL warped 3d 3    all-Neumann  negative  varying    rho=1       ref=13    nonorth+prev diag[d=26] off[d=102] rhs[d=26] coef[d=54] expl[d=54] conv[e=0] pin[e=0] maxAbs=1.77       scaleD=1          scaleR=4.2       
  FAIL warped 3d 3    all-Neumann  negative  varying    rho=1       ref=26    nonorth      diag[d=26] off[d=105] rhs[d=0] coef[d=54] expl[d=0] conv[e=0] pin[e=0] maxAbs=1.96       scaleD=1          scaleR=4.2       
  FAIL warped 3d 3    all-Neumann  negative  varying    rho=1       ref=26    nonorth+prev diag[d=26] off[d=105] rhs[d=26] coef[d=54] expl[d=54] conv[e=0] pin[e=0] maxAbs=1.96       scaleD=1          scaleR=4.2       
  FAIL warped 3d 3    all-Neumann  negative  varying    rho=998.2   ref=0     nonorth      diag[d=26] off[d=105] rhs[d=0] coef[d=54] expl[d=0] conv[e=0] pin[e=0] maxAbs=1.95e+03   scaleD=47.24      scaleR=2.8       
  FAIL warped 3d 3    all-Neumann  negative  varying    rho=998.2   ref=0     nonorth+prev diag[d=26] off[d=105] rhs[d=26] coef[d=54] expl[d=54] conv[e=0] pin[e=0] maxAbs=1.95e+03   scaleD=47.24      scaleR=2.947     
  FAIL warped 3d 3    all-Neumann  negative  varying    rho=998.2   ref=13    nonorth      diag[d=26] off[d=102] rhs[d=0] coef[d=54] expl[d=0] conv[e=0] pin[e=0] maxAbs=1.77e+03   scaleD=47.24      scaleR=4.2       
  FAIL warped 3d 3    all-Neumann  negative  varying    rho=998.2   ref=13    nonorth+prev diag[d=26] off[d=102] rhs[d=26] coef[d=54] expl[d=54] conv[e=0] pin[e=0] maxAbs=1.77e+03   scaleD=47.24      scaleR=4.167     
  FAIL warped 3d 3    all-Neumann  negative  varying    rho=998.2   ref=26    nonorth      diag[d=26] off[d=105] rhs[d=0] coef[d=54] expl[d=0] conv[e=0] pin[e=0] maxAbs=1.95e+03   scaleD=47.24      scaleR=4.2       
  FAIL warped 3d 3    all-Neumann  negative  varying    rho=998.2   ref=26    nonorth+prev diag[d=26] off[d=105] rhs[d=26] coef[d=54] expl[d=54] conv[e=0] pin[e=0] maxAbs=1.95e+03   scaleD=47.24      scaleR=4.167     
  FAIL warped 3d 3    all-Neumann  negative  anisotropic rho=1       ref=0     nonorth      diag[d=26] off[d=105] rhs[d=0] coef[d=54] expl[d=0] conv[e=0] pin[e=0] maxAbs=232        scaleD=232.8      scaleR=2.8       
  FAIL warped 3d 3    all-Neumann  negative  anisotropic rho=1       ref=0     nonorth+prev diag[d=26] off[d=105] rhs[d=26] coef[d=54] expl[d=54] conv[e=0] pin[e=0] maxAbs=232        scaleD=232.8      scaleR=49.38     
  FAIL warped 3d 3    all-Neumann  negative  anisotropic rho=1       ref=13    nonorth      diag[d=26] off[d=102] rhs[d=0] coef[d=54] expl[d=0] conv[e=0] pin[e=0] maxAbs=232        scaleD=232.8      scaleR=4.2       
  FAIL warped 3d 3    all-Neumann  negative  anisotropic rho=1       ref=13    nonorth+prev diag[d=26] off[d=102] rhs[d=26] coef[d=54] expl[d=54] conv[e=0] pin[e=0] maxAbs=232        scaleD=232.8      scaleR=49.38     
  FAIL warped 3d 3    all-Neumann  negative  anisotropic rho=1       ref=26    nonorth      diag[d=26] off[d=105] rhs[d=0] coef[d=54] expl[d=0] conv[e=0] pin[e=0] maxAbs=232        scaleD=232.8      scaleR=4.2       
  FAIL warped 3d 3    all-Neumann  negative  anisotropic rho=1       ref=26    nonorth+prev diag[d=26] off[d=105] rhs[d=26] coef[d=54] expl[d=54] conv[e=0] pin[e=0] maxAbs=232        scaleD=232.8      scaleR=49.38     
  FAIL warped 3d 3    all-Neumann  negative  anisotropic rho=998.2   ref=0     nonorth      diag[d=26] off[d=105] rhs[d=0] coef[d=54] expl[d=0] conv[e=0] pin[e=0] maxAbs=2.31e+05   scaleD=2.324e+05  scaleR=2.8       
  FAIL warped 3d 3    all-Neumann  negative  anisotropic rho=998.2   ref=0     nonorth+prev diag[d=26] off[d=105] rhs[d=26] coef[d=54] expl[d=54] conv[e=0] pin[e=0] maxAbs=2.31e+05   scaleD=2.324e+05  scaleR=4.788e+04 
  FAIL warped 3d 3    all-Neumann  negative  anisotropic rho=998.2   ref=13    nonorth      diag[d=26] off[d=102] rhs[d=0] coef[d=54] expl[d=0] conv[e=0] pin[e=0] maxAbs=2.31e+05   scaleD=2.324e+05  scaleR=4.2       
  FAIL warped 3d 3    all-Neumann  negative  anisotropic rho=998.2   ref=13    nonorth+prev diag[d=26] off[d=102] rhs[d=26] coef[d=54] expl[d=54] conv[e=0] pin[e=0] maxAbs=2.31e+05   scaleD=2.324e+05  scaleR=4.788e+04 
  FAIL warped 3d 3    all-Neumann  negative  anisotropic rho=998.2   ref=26    nonorth      diag[d=26] off[d=105] rhs[d=0] coef[d=54] expl[d=0] conv[e=0] pin[e=0] maxAbs=2.31e+05   scaleD=2.324e+05  scaleR=4.2       
  FAIL warped 3d 3    all-Neumann  negative  anisotropic rho=998.2   ref=26    nonorth+prev diag[d=26] off[d=105] rhs[d=26] coef[d=54] expl[d=54] conv[e=0] pin[e=0] maxAbs=2.31e+05   scaleD=2.324e+05  scaleR=4.788e+04 
  FAIL warped 3d 3    all-Neumann  mixed     uniform    rho=1       ref=0     nonorth      diag[d=26] off[d=105] rhs[d=0] coef[d=54] expl[d=0] conv[e=0] pin[e=0] maxAbs=1.96       scaleD=1          scaleR=3.4       
  FAIL warped 3d 3    all-Neumann  mixed     uniform    rho=1       ref=0     nonorth+prev diag[d=26] off[d=105] rhs[d=26] coef[d=54] expl[d=54] conv[e=0] pin[e=0] maxAbs=1.96       scaleD=1          scaleR=3.4       
  FAIL warped 3d 3    all-Neumann  mixed     uniform    rho=1       ref=13    nonorth      diag[d=26] off[d=102] rhs[d=0] coef[d=54] expl[d=0] conv[e=0] pin[e=0] maxAbs=1.76       scaleD=1          scaleR=3.4       
  FAIL warped 3d 3    all-Neumann  mixed     uniform    rho=1       ref=13    nonorth+prev diag[d=26] off[d=102] rhs[d=26] coef[d=54] expl[d=54] conv[e=0] pin[e=0] maxAbs=1.76       scaleD=1          scaleR=3.4       
  FAIL warped 3d 3    all-Neumann  mixed     uniform    rho=1       ref=26    nonorth      diag[d=26] off[d=105] rhs[d=0] coef[d=54] expl[d=0] conv[e=0] pin[e=0] maxAbs=1.96       scaleD=1          scaleR=3.4       
  FAIL warped 3d 3    all-Neumann  mixed     uniform    rho=1       ref=26    nonorth+prev diag[d=26] off[d=105] rhs[d=26] coef[d=54] expl[d=54] conv[e=0] pin[e=0] maxAbs=1.96       scaleD=1          scaleR=3.4       
  FAIL warped 3d 3    all-Neumann  mixed     uniform    rho=998.2   ref=0     nonorth      diag[d=26] off[d=105] rhs[d=0] coef[d=54] expl[d=0] conv[e=0] pin[e=0] maxAbs=1.96e+03   scaleD=38.25      scaleR=3.4       
  FAIL warped 3d 3    all-Neumann  mixed     uniform    rho=998.2   ref=0     nonorth+prev diag[d=26] off[d=105] rhs[d=26] coef[d=54] expl[d=54] conv[e=0] pin[e=0] maxAbs=1.96e+03   scaleD=38.25      scaleR=3.299     
  FAIL warped 3d 3    all-Neumann  mixed     uniform    rho=998.2   ref=13    nonorth      diag[d=26] off[d=102] rhs[d=0] coef[d=54] expl[d=0] conv[e=0] pin[e=0] maxAbs=1.76e+03   scaleD=34.43      scaleR=3.4       
  FAIL warped 3d 3    all-Neumann  mixed     uniform    rho=998.2   ref=13    nonorth+prev diag[d=26] off[d=102] rhs[d=26] coef[d=54] expl[d=54] conv[e=0] pin[e=0] maxAbs=1.76e+03   scaleD=34.43      scaleR=3.299     
  FAIL warped 3d 3    all-Neumann  mixed     uniform    rho=998.2   ref=26    nonorth      diag[d=26] off[d=105] rhs[d=0] coef[d=54] expl[d=0] conv[e=0] pin[e=0] maxAbs=1.96e+03   scaleD=38.25      scaleR=3.4       
  FAIL warped 3d 3    all-Neumann  mixed     uniform    rho=998.2   ref=26    nonorth+prev diag[d=26] off[d=105] rhs[d=26] coef[d=54] expl[d=54] conv[e=0] pin[e=0] maxAbs=1.96e+03   scaleD=38.25      scaleR=3.299     
  FAIL warped 3d 3    all-Neumann  mixed     varying    rho=1       ref=0     nonorth      diag[d=26] off[d=105] rhs[d=0] coef[d=54] expl[d=0] conv[e=0] pin[e=0] maxAbs=1.96       scaleD=1          scaleR=3.4       
  FAIL warped 3d 3    all-Neumann  mixed     varying    rho=1       ref=0     nonorth+prev diag[d=26] off[d=105] rhs[d=26] coef[d=54] expl[d=54] conv[e=0] pin[e=0] maxAbs=1.96       scaleD=1          scaleR=3.4       
  FAIL warped 3d 3    all-Neumann  mixed     varying    rho=1       ref=13    nonorth      diag[d=26] off[d=102] rhs[d=0] coef[d=54] expl[d=0] conv[e=0] pin[e=0] maxAbs=1.77       scaleD=1          scaleR=3.4       
  FAIL warped 3d 3    all-Neumann  mixed     varying    rho=1       ref=13    nonorth+prev diag[d=26] off[d=102] rhs[d=26] coef[d=54] expl[d=54] conv[e=0] pin[e=0] maxAbs=1.77       scaleD=1          scaleR=3.4       
  FAIL warped 3d 3    all-Neumann  mixed     varying    rho=1       ref=26    nonorth      diag[d=26] off[d=105] rhs[d=0] coef[d=54] expl[d=0] conv[e=0] pin[e=0] maxAbs=1.96       scaleD=1          scaleR=3.4       
  FAIL warped 3d 3    all-Neumann  mixed     varying    rho=1       ref=26    nonorth+prev diag[d=26] off[d=105] rhs[d=26] coef[d=54] expl[d=54] conv[e=0] pin[e=0] maxAbs=1.96       scaleD=1          scaleR=3.4       
  FAIL warped 3d 3    all-Neumann  mixed     varying    rho=998.2   ref=0     nonorth      diag[d=26] off[d=105] rhs[d=0] coef[d=54] expl[d=0] conv[e=0] pin[e=0] maxAbs=1.95e+03   scaleD=47.24      scaleR=3.4       
  FAIL warped 3d 3    all-Neumann  mixed     varying    rho=998.2   ref=0     nonorth+prev diag[d=26] off[d=105] rhs[d=26] coef[d=54] expl[d=54] conv[e=0] pin[e=0] maxAbs=1.95e+03   scaleD=47.24      scaleR=3.24      
  FAIL warped 3d 3    all-Neumann  mixed     varying    rho=998.2   ref=13    nonorth      diag[d=26] off[d=102] rhs[d=0] coef[d=54] expl[d=0] conv[e=0] pin[e=0] maxAbs=1.77e+03   scaleD=47.24      scaleR=3.4       
  FAIL warped 3d 3    all-Neumann  mixed     varying    rho=998.2   ref=13    nonorth+prev diag[d=26] off[d=102] rhs[d=26] coef[d=54] expl[d=54] conv[e=0] pin[e=0] maxAbs=1.77e+03   scaleD=47.24      scaleR=3.24      
  FAIL warped 3d 3    all-Neumann  mixed     varying    rho=998.2   ref=26    nonorth      diag[d=26] off[d=105] rhs[d=0] coef[d=54] expl[d=0] conv[e=0] pin[e=0] maxAbs=1.95e+03   scaleD=47.24      scaleR=3.4       
  FAIL warped 3d 3    all-Neumann  mixed     varying    rho=998.2   ref=26    nonorth+prev diag[d=26] off[d=105] rhs[d=26] coef[d=54] expl[d=54] conv[e=0] pin[e=0] maxAbs=1.95e+03   scaleD=47.24      scaleR=3.24      
  FAIL warped 3d 3    all-Neumann  mixed     anisotropic rho=1       ref=0     nonorth      diag[d=26] off[d=105] rhs[d=0] coef[d=54] expl[d=0] conv[e=0] pin[e=0] maxAbs=232        scaleD=232.8      scaleR=3.4       
  FAIL warped 3d 3    all-Neumann  mixed     anisotropic rho=1       ref=0     nonorth+prev diag[d=26] off[d=105] rhs[d=26] coef[d=54] expl[d=54] conv[e=0] pin[e=0] maxAbs=232        scaleD=232.8      scaleR=49.79     
  FAIL warped 3d 3    all-Neumann  mixed     anisotropic rho=1       ref=13    nonorth      diag[d=26] off[d=102] rhs[d=0] coef[d=54] expl[d=0] conv[e=0] pin[e=0] maxAbs=232        scaleD=232.8      scaleR=3.4       
  FAIL warped 3d 3    all-Neumann  mixed     anisotropic rho=1       ref=13    nonorth+prev diag[d=26] off[d=102] rhs[d=26] coef[d=54] expl[d=54] conv[e=0] pin[e=0] maxAbs=232        scaleD=232.8      scaleR=49.79     
  FAIL warped 3d 3    all-Neumann  mixed     anisotropic rho=1       ref=26    nonorth      diag[d=26] off[d=105] rhs[d=0] coef[d=54] expl[d=0] conv[e=0] pin[e=0] maxAbs=232        scaleD=232.8      scaleR=3.4       
  FAIL warped 3d 3    all-Neumann  mixed     anisotropic rho=1       ref=26    nonorth+prev diag[d=26] off[d=105] rhs[d=26] coef[d=54] expl[d=54] conv[e=0] pin[e=0] maxAbs=232        scaleD=232.8      scaleR=49.79     
  FAIL warped 3d 3    all-Neumann  mixed     anisotropic rho=998.2   ref=0     nonorth      diag[d=26] off[d=105] rhs[d=0] coef[d=54] expl[d=0] conv[e=0] pin[e=0] maxAbs=2.31e+05   scaleD=2.324e+05  scaleR=3.4       
  FAIL warped 3d 3    all-Neumann  mixed     anisotropic rho=998.2   ref=0     nonorth+prev diag[d=26] off[d=105] rhs[d=26] coef[d=54] expl[d=54] conv[e=0] pin[e=0] maxAbs=2.31e+05   scaleD=2.324e+05  scaleR=4.788e+04 
  FAIL warped 3d 3    all-Neumann  mixed     anisotropic rho=998.2   ref=13    nonorth      diag[d=26] off[d=102] rhs[d=0] coef[d=54] expl[d=0] conv[e=0] pin[e=0] maxAbs=2.31e+05   scaleD=2.324e+05  scaleR=3.4       
  FAIL warped 3d 3    all-Neumann  mixed     anisotropic rho=998.2   ref=13    nonorth+prev diag[d=26] off[d=102] rhs[d=26] coef[d=54] expl[d=54] conv[e=0] pin[e=0] maxAbs=2.31e+05   scaleD=2.324e+05  scaleR=4.788e+04 
  FAIL warped 3d 3    all-Neumann  mixed     anisotropic rho=998.2   ref=26    nonorth      diag[d=26] off[d=105] rhs[d=0] coef[d=54] expl[d=0] conv[e=0] pin[e=0] maxAbs=2.31e+05   scaleD=2.324e+05  scaleR=3.4       
  FAIL warped 3d 3    all-Neumann  mixed     anisotropic rho=998.2   ref=26    nonorth+prev diag[d=26] off[d=105] rhs[d=26] coef[d=54] expl[d=54] conv[e=0] pin[e=0] maxAbs=2.31e+05   scaleD=2.324e+05  scaleR=4.788e+04 
  FAIL warped 3d 3    all-Neumann  swirl     uniform    rho=1       ref=0     nonorth      diag[d=26] off[d=105] rhs[d=0] coef[d=54] expl[d=0] conv[e=0] pin[e=0] maxAbs=1.96       scaleD=1          scaleR=0.004065  
  FAIL warped 3d 3    all-Neumann  swirl     uniform    rho=1       ref=0     nonorth+prev diag[d=26] off[d=105] rhs[d=26] coef[d=54] expl[d=54] conv[e=0] pin[e=0] maxAbs=1.96       scaleD=1          scaleR=0.0042    
  FAIL warped 3d 3    all-Neumann  swirl     uniform    rho=1       ref=13    nonorth      diag[d=26] off[d=102] rhs[d=0] coef[d=54] expl[d=0] conv[e=0] pin[e=0] maxAbs=1.76       scaleD=1          scaleR=0.004065  
  FAIL warped 3d 3    all-Neumann  swirl     uniform    rho=1       ref=13    nonorth+prev diag[d=26] off[d=102] rhs[d=26] coef[d=54] expl[d=54] conv[e=0] pin[e=0] maxAbs=1.76       scaleD=1          scaleR=0.0042    
  FAIL warped 3d 3    all-Neumann  swirl     uniform    rho=1       ref=26    nonorth      diag[d=26] off[d=105] rhs[d=0] coef[d=54] expl[d=0] conv[e=0] pin[e=0] maxAbs=1.96       scaleD=1          scaleR=0.004065  
  FAIL warped 3d 3    all-Neumann  swirl     uniform    rho=1       ref=26    nonorth+prev diag[d=26] off[d=105] rhs[d=26] coef[d=54] expl[d=54] conv[e=0] pin[e=0] maxAbs=1.96       scaleD=1          scaleR=0.0042    
  FAIL warped 3d 3    all-Neumann  swirl     uniform    rho=998.2   ref=0     nonorth      diag[d=26] off[d=105] rhs[d=0] coef[d=54] expl[d=0] conv[e=0] pin[e=0] maxAbs=1.96e+03   scaleD=38.25      scaleR=0.004065  
  FAIL warped 3d 3    all-Neumann  swirl     uniform    rho=998.2   ref=0     nonorth+prev diag[d=26] off[d=105] rhs[d=26] coef[d=54] expl[d=54] conv[e=0] pin[e=0] maxAbs=1.96e+03   scaleD=38.25      scaleR=0.9471    
  FAIL warped 3d 3    all-Neumann  swirl     uniform    rho=998.2   ref=13    nonorth      diag[d=26] off[d=102] rhs[d=0] coef[d=54] expl[d=0] conv[e=0] pin[e=0] maxAbs=1.76e+03   scaleD=34.43      scaleR=0.004065  
  FAIL warped 3d 3    all-Neumann  swirl     uniform    rho=998.2   ref=13    nonorth+prev diag[d=26] off[d=102] rhs[d=26] coef[d=54] expl[d=54] conv[e=0] pin[e=0] maxAbs=1.76e+03   scaleD=34.43      scaleR=0.4135    
  FAIL warped 3d 3    all-Neumann  swirl     uniform    rho=998.2   ref=26    nonorth      diag[d=26] off[d=105] rhs[d=0] coef[d=54] expl[d=0] conv[e=0] pin[e=0] maxAbs=1.96e+03   scaleD=38.25      scaleR=0.004065  
  FAIL warped 3d 3    all-Neumann  swirl     uniform    rho=998.2   ref=26    nonorth+prev diag[d=26] off[d=105] rhs[d=26] coef[d=54] expl[d=54] conv[e=0] pin[e=0] maxAbs=1.96e+03   scaleD=38.25      scaleR=0.9471    
  FAIL warped 3d 3    all-Neumann  swirl     varying    rho=1       ref=0     nonorth      diag[d=26] off[d=105] rhs[d=0] coef[d=54] expl[d=0] conv[e=0] pin[e=0] maxAbs=1.96       scaleD=1          scaleR=0.004065  
  FAIL warped 3d 3    all-Neumann  swirl     varying    rho=1       ref=0     nonorth+prev diag[d=26] off[d=105] rhs[d=26] coef[d=54] expl[d=54] conv[e=0] pin[e=0] maxAbs=1.96       scaleD=1          scaleR=0.004313  
  FAIL warped 3d 3    all-Neumann  swirl     varying    rho=1       ref=13    nonorth      diag[d=26] off[d=102] rhs[d=0] coef[d=54] expl[d=0] conv[e=0] pin[e=0] maxAbs=1.77       scaleD=1          scaleR=0.004065  
  FAIL warped 3d 3    all-Neumann  swirl     varying    rho=1       ref=13    nonorth+prev diag[d=26] off[d=102] rhs[d=26] coef[d=54] expl[d=54] conv[e=0] pin[e=0] maxAbs=1.77       scaleD=1          scaleR=0.004313  
  FAIL warped 3d 3    all-Neumann  swirl     varying    rho=1       ref=26    nonorth      diag[d=26] off[d=105] rhs[d=0] coef[d=54] expl[d=0] conv[e=0] pin[e=0] maxAbs=1.96       scaleD=1          scaleR=0.004065  
  FAIL warped 3d 3    all-Neumann  swirl     varying    rho=1       ref=26    nonorth+prev diag[d=26] off[d=105] rhs[d=26] coef[d=54] expl[d=54] conv[e=0] pin[e=0] maxAbs=1.96       scaleD=1          scaleR=0.004313  
  FAIL warped 3d 3    all-Neumann  swirl     varying    rho=998.2   ref=0     nonorth      diag[d=26] off[d=105] rhs[d=0] coef[d=54] expl[d=0] conv[e=0] pin[e=0] maxAbs=1.95e+03   scaleD=47.24      scaleR=0.004065  
  FAIL warped 3d 3    all-Neumann  swirl     varying    rho=998.2   ref=0     nonorth+prev diag[d=26] off[d=105] rhs[d=26] coef[d=54] expl[d=54] conv[e=0] pin[e=0] maxAbs=1.95e+03   scaleD=47.24      scaleR=1.123     
  FAIL warped 3d 3    all-Neumann  swirl     varying    rho=998.2   ref=13    nonorth      diag[d=26] off[d=102] rhs[d=0] coef[d=54] expl[d=0] conv[e=0] pin[e=0] maxAbs=1.77e+03   scaleD=47.24      scaleR=0.004065  
  FAIL warped 3d 3    all-Neumann  swirl     varying    rho=998.2   ref=13    nonorth+prev diag[d=26] off[d=102] rhs[d=26] coef[d=54] expl[d=54] conv[e=0] pin[e=0] maxAbs=1.77e+03   scaleD=47.24      scaleR=0.5665    
  FAIL warped 3d 3    all-Neumann  swirl     varying    rho=998.2   ref=26    nonorth      diag[d=26] off[d=105] rhs[d=0] coef[d=54] expl[d=0] conv[e=0] pin[e=0] maxAbs=1.95e+03   scaleD=47.24      scaleR=0.004065  
  FAIL warped 3d 3    all-Neumann  swirl     varying    rho=998.2   ref=26    nonorth+prev diag[d=26] off[d=105] rhs[d=26] coef[d=54] expl[d=54] conv[e=0] pin[e=0] maxAbs=1.95e+03   scaleD=47.24      scaleR=1.123     
  FAIL warped 3d 3    all-Neumann  swirl     anisotropic rho=1       ref=0     nonorth      diag[d=26] off[d=105] rhs[d=0] coef[d=54] expl[d=0] conv[e=0] pin[e=0] maxAbs=232        scaleD=232.8      scaleR=0.004065  
  FAIL warped 3d 3    all-Neumann  swirl     anisotropic rho=1       ref=0     nonorth+prev diag[d=26] off[d=105] rhs[d=26] coef[d=54] expl[d=54] conv[e=0] pin[e=0] maxAbs=232        scaleD=232.8      scaleR=47.96     
  FAIL warped 3d 3    all-Neumann  swirl     anisotropic rho=1       ref=13    nonorth      diag[d=26] off[d=102] rhs[d=0] coef[d=54] expl[d=0] conv[e=0] pin[e=0] maxAbs=232        scaleD=232.8      scaleR=0.004065  
  FAIL warped 3d 3    all-Neumann  swirl     anisotropic rho=1       ref=13    nonorth+prev diag[d=26] off[d=102] rhs[d=26] coef[d=54] expl[d=54] conv[e=0] pin[e=0] maxAbs=232        scaleD=232.8      scaleR=47.96     
  FAIL warped 3d 3    all-Neumann  swirl     anisotropic rho=1       ref=26    nonorth      diag[d=26] off[d=105] rhs[d=0] coef[d=54] expl[d=0] conv[e=0] pin[e=0] maxAbs=232        scaleD=232.8      scaleR=0.004065  
  FAIL warped 3d 3    all-Neumann  swirl     anisotropic rho=1       ref=26    nonorth+prev diag[d=26] off[d=105] rhs[d=26] coef[d=54] expl[d=54] conv[e=0] pin[e=0] maxAbs=232        scaleD=232.8      scaleR=47.96     
  FAIL warped 3d 3    all-Neumann  swirl     anisotropic rho=998.2   ref=0     nonorth      diag[d=26] off[d=105] rhs[d=0] coef[d=54] expl[d=0] conv[e=0] pin[e=0] maxAbs=2.31e+05   scaleD=2.324e+05  scaleR=0.004065  
  FAIL warped 3d 3    all-Neumann  swirl     anisotropic rho=998.2   ref=0     nonorth+prev diag[d=26] off[d=105] rhs[d=26] coef[d=54] expl[d=54] conv[e=0] pin[e=0] maxAbs=2.31e+05   scaleD=2.324e+05  scaleR=4.788e+04 
  FAIL warped 3d 3    all-Neumann  swirl     anisotropic rho=998.2   ref=13    nonorth      diag[d=26] off[d=102] rhs[d=0] coef[d=54] expl[d=0] conv[e=0] pin[e=0] maxAbs=2.31e+05   scaleD=2.324e+05  scaleR=0.004065  
  FAIL warped 3d 3    all-Neumann  swirl     anisotropic rho=998.2   ref=13    nonorth+prev diag[d=26] off[d=102] rhs[d=26] coef[d=54] expl[d=54] conv[e=0] pin[e=0] maxAbs=2.31e+05   scaleD=2.324e+05  scaleR=4.788e+04 
  FAIL warped 3d 3    all-Neumann  swirl     anisotropic rho=998.2   ref=26    nonorth      diag[d=26] off[d=105] rhs[d=0] coef[d=54] expl[d=0] conv[e=0] pin[e=0] maxAbs=2.31e+05   scaleD=2.324e+05  scaleR=0.004065  
  FAIL warped 3d 3    all-Neumann  swirl     anisotropic rho=998.2   ref=26    nonorth+prev diag[d=26] off[d=105] rhs[d=26] coef[d=54] expl[d=54] conv[e=0] pin[e=0] maxAbs=2.31e+05   scaleD=2.324e+05  scaleR=4.788e+04 
       [warped 3d 3/one-FixedValue pin=no fixedValueFaces=9 axisAligned=0 general=108 resident=47264 B]
  PASS L5 warped 3d 3    one-FixedValue ref=0     opposite[e=0] sign[e=0] ambiguous=0 faces[axisaligned=0 wellposed=54 parallel=0 fallback=0]
  PASS L5 warped 3d 3    one-FixedValue ref=13    opposite[e=0] sign[e=0] ambiguous=0 faces[axisaligned=0 wellposed=54 parallel=0 fallback=0]
  PASS L5 warped 3d 3    one-FixedValue ref=26    opposite[e=0] sign[e=0] ambiguous=0 faces[axisaligned=0 wellposed=54 parallel=0 fallback=0]
  FAIL L6 warped 3d 3    one-FixedValue threshold sweep 25 decades differing=3375 decomposingFaces=54 faces[wellposed=1207 fallback=143]
  FAIL L7 warped 3d 3    one-FixedValue band sweep root=3775.99 differing=2601 facesInBand=8/918
  FAIL warped 3d 3    one-FixedValue zero      uniform    rho=1       ref=0     nonorth      diag[d=27] off[d=108] rhs[d=0] coef[d=63] expl[d=0] conv[e=0] pin[e=0] maxAbs=2.36       scaleD=0.04619    scaleR=0         
  FAIL warped 3d 3    one-FixedValue zero      uniform    rho=1       ref=0     nonorth+prev diag[d=27] off[d=108] rhs[d=27] coef[d=63] expl[d=63] conv[e=0] pin[e=0] maxAbs=2.36       scaleD=0.04619    scaleR=0.001166  
  FAIL warped 3d 3    one-FixedValue zero      uniform    rho=1       ref=13    nonorth      diag[d=27] off[d=108] rhs[d=0] coef[d=63] expl[d=0] conv[e=0] pin[e=0] maxAbs=2.36       scaleD=0.04619    scaleR=0         
  FAIL warped 3d 3    one-FixedValue zero      uniform    rho=1       ref=13    nonorth+prev diag[d=27] off[d=108] rhs[d=27] coef[d=63] expl[d=63] conv[e=0] pin[e=0] maxAbs=2.36       scaleD=0.04619    scaleR=0.001166  
  FAIL warped 3d 3    one-FixedValue zero      uniform    rho=1       ref=26    nonorth      diag[d=27] off[d=108] rhs[d=0] coef[d=63] expl[d=0] conv[e=0] pin[e=0] maxAbs=2.36       scaleD=0.04619    scaleR=0         
  FAIL warped 3d 3    one-FixedValue zero      uniform    rho=1       ref=26    nonorth+prev diag[d=27] off[d=108] rhs[d=27] coef[d=63] expl[d=63] conv[e=0] pin[e=0] maxAbs=2.36       scaleD=0.04619    scaleR=0.001166  
  FAIL warped 3d 3    one-FixedValue zero      uniform    rho=998.2   ref=0     nonorth      diag[d=27] off[d=108] rhs[d=0] coef[d=63] expl[d=0] conv[e=0] pin[e=0] maxAbs=2.35e+03   scaleD=46.1       scaleR=0         
  FAIL warped 3d 3    one-FixedValue zero      uniform    rho=998.2   ref=0     nonorth+prev diag[d=27] off[d=108] rhs[d=27] coef[d=63] expl[d=63] conv[e=0] pin[e=0] maxAbs=2.35e+03   scaleD=46.1       scaleR=1.164     
  FAIL warped 3d 3    one-FixedValue zero      uniform    rho=998.2   ref=13    nonorth      diag[d=27] off[d=108] rhs[d=0] coef[d=63] expl[d=0] conv[e=0] pin[e=0] maxAbs=2.35e+03   scaleD=46.1       scaleR=0         
  FAIL warped 3d 3    one-FixedValue zero      uniform    rho=998.2   ref=13    nonorth+prev diag[d=27] off[d=108] rhs[d=27] coef[d=63] expl[d=63] conv[e=0] pin[e=0] maxAbs=2.35e+03   scaleD=46.1       scaleR=1.164     
  FAIL warped 3d 3    one-FixedValue zero      uniform    rho=998.2   ref=26    nonorth      diag[d=27] off[d=108] rhs[d=0] coef[d=63] expl[d=0] conv[e=0] pin[e=0] maxAbs=2.35e+03   scaleD=46.1       scaleR=0         
  FAIL warped 3d 3    one-FixedValue zero      uniform    rho=998.2   ref=26    nonorth+prev diag[d=27] off[d=108] rhs[d=27] coef[d=63] expl[d=63] conv[e=0] pin[e=0] maxAbs=2.35e+03   scaleD=46.1       scaleR=1.164     
  FAIL warped 3d 3    one-FixedValue zero      varying    rho=1       ref=0     nonorth      diag[d=27] off[d=108] rhs[d=0] coef[d=63] expl[d=0] conv[e=0] pin[e=0] maxAbs=2.37       scaleD=0.04732    scaleR=0         
  FAIL warped 3d 3    one-FixedValue zero      varying    rho=1       ref=0     nonorth+prev diag[d=27] off[d=108] rhs[d=27] coef[d=63] expl[d=63] conv[e=0] pin[e=0] maxAbs=2.37       scaleD=0.04732    scaleR=0.001129  
  FAIL warped 3d 3    one-FixedValue zero      varying    rho=1       ref=13    nonorth      diag[d=27] off[d=108] rhs[d=0] coef[d=63] expl[d=0] conv[e=0] pin[e=0] maxAbs=2.37       scaleD=0.04732    scaleR=0         
  FAIL warped 3d 3    one-FixedValue zero      varying    rho=1       ref=13    nonorth+prev diag[d=27] off[d=108] rhs[d=27] coef[d=63] expl[d=63] conv[e=0] pin[e=0] maxAbs=2.37       scaleD=0.04732    scaleR=0.001129  
  FAIL warped 3d 3    one-FixedValue zero      varying    rho=1       ref=26    nonorth      diag[d=27] off[d=108] rhs[d=0] coef[d=63] expl[d=0] conv[e=0] pin[e=0] maxAbs=2.37       scaleD=0.04732    scaleR=0         
  FAIL warped 3d 3    one-FixedValue zero      varying    rho=1       ref=26    nonorth+prev diag[d=27] off[d=108] rhs[d=27] coef[d=63] expl[d=63] conv[e=0] pin[e=0] maxAbs=2.37       scaleD=0.04732    scaleR=0.001129  
  FAIL warped 3d 3    one-FixedValue zero      varying    rho=998.2   ref=0     nonorth      diag[d=27] off[d=108] rhs[d=0] coef[d=63] expl[d=0] conv[e=0] pin[e=0] maxAbs=2.37e+03   scaleD=47.24      scaleR=0         
  FAIL warped 3d 3    one-FixedValue zero      varying    rho=998.2   ref=0     nonorth+prev diag[d=27] off[d=108] rhs[d=27] coef[d=63] expl[d=63] conv[e=0] pin[e=0] maxAbs=2.37e+03   scaleD=47.24      scaleR=1.127     
  FAIL warped 3d 3    one-FixedValue zero      varying    rho=998.2   ref=13    nonorth      diag[d=27] off[d=108] rhs[d=0] coef[d=63] expl[d=0] conv[e=0] pin[e=0] maxAbs=2.37e+03   scaleD=47.24      scaleR=0         
  FAIL warped 3d 3    one-FixedValue zero      varying    rho=998.2   ref=13    nonorth+prev diag[d=27] off[d=108] rhs[d=27] coef[d=63] expl[d=63] conv[e=0] pin[e=0] maxAbs=2.37e+03   scaleD=47.24      scaleR=1.127     
  FAIL warped 3d 3    one-FixedValue zero      varying    rho=998.2   ref=26    nonorth      diag[d=27] off[d=108] rhs[d=0] coef[d=63] expl[d=0] conv[e=0] pin[e=0] maxAbs=2.37e+03   scaleD=47.24      scaleR=0         
  FAIL warped 3d 3    one-FixedValue zero      varying    rho=998.2   ref=26    nonorth+prev diag[d=27] off[d=108] rhs[d=27] coef[d=63] expl[d=63] conv[e=0] pin[e=0] maxAbs=2.37e+03   scaleD=47.24      scaleR=1.127     
  FAIL warped 3d 3    one-FixedValue zero      anisotropic rho=1       ref=0     nonorth      diag[d=27] off[d=108] rhs[d=0] coef[d=63] expl[d=0] conv[e=0] pin[e=0] maxAbs=293        scaleD=294.6      scaleR=0         
  FAIL warped 3d 3    one-FixedValue zero      anisotropic rho=1       ref=0     nonorth+prev diag[d=27] off[d=108] rhs[d=27] coef[d=63] expl[d=63] conv[e=0] pin[e=0] maxAbs=293        scaleD=294.6      scaleR=48.25     
  FAIL warped 3d 3    one-FixedValue zero      anisotropic rho=1       ref=13    nonorth      diag[d=27] off[d=108] rhs[d=0] coef[d=63] expl[d=0] conv[e=0] pin[e=0] maxAbs=293        scaleD=294.6      scaleR=0         
  FAIL warped 3d 3    one-FixedValue zero      anisotropic rho=1       ref=13    nonorth+prev diag[d=27] off[d=108] rhs[d=27] coef[d=63] expl[d=63] conv[e=0] pin[e=0] maxAbs=293        scaleD=294.6      scaleR=48.25     
  FAIL warped 3d 3    one-FixedValue zero      anisotropic rho=1       ref=26    nonorth      diag[d=27] off[d=108] rhs[d=0] coef[d=63] expl[d=0] conv[e=0] pin[e=0] maxAbs=293        scaleD=294.6      scaleR=0         
  FAIL warped 3d 3    one-FixedValue zero      anisotropic rho=1       ref=26    nonorth+prev diag[d=27] off[d=108] rhs[d=27] coef[d=63] expl[d=63] conv[e=0] pin[e=0] maxAbs=293        scaleD=294.6      scaleR=48.25     
  FAIL warped 3d 3    one-FixedValue zero      anisotropic rho=998.2   ref=0     nonorth      diag[d=27] off[d=108] rhs[d=0] coef[d=63] expl[d=0] conv[e=0] pin[e=0] maxAbs=2.92e+05   scaleD=2.941e+05  scaleR=0         
  FAIL warped 3d 3    one-FixedValue zero      anisotropic rho=998.2   ref=0     nonorth+prev diag[d=27] off[d=108] rhs[d=27] coef[d=63] expl[d=63] conv[e=0] pin[e=0] maxAbs=2.92e+05   scaleD=2.941e+05  scaleR=4.817e+04 
  FAIL warped 3d 3    one-FixedValue zero      anisotropic rho=998.2   ref=13    nonorth      diag[d=27] off[d=108] rhs[d=0] coef[d=63] expl[d=0] conv[e=0] pin[e=0] maxAbs=2.92e+05   scaleD=2.941e+05  scaleR=0         
  FAIL warped 3d 3    one-FixedValue zero      anisotropic rho=998.2   ref=13    nonorth+prev diag[d=27] off[d=108] rhs[d=27] coef[d=63] expl[d=63] conv[e=0] pin[e=0] maxAbs=2.92e+05   scaleD=2.941e+05  scaleR=4.817e+04 
  FAIL warped 3d 3    one-FixedValue zero      anisotropic rho=998.2   ref=26    nonorth      diag[d=27] off[d=108] rhs[d=0] coef[d=63] expl[d=0] conv[e=0] pin[e=0] maxAbs=2.92e+05   scaleD=2.941e+05  scaleR=0         
  FAIL warped 3d 3    one-FixedValue zero      anisotropic rho=998.2   ref=26    nonorth+prev diag[d=27] off[d=108] rhs[d=27] coef[d=63] expl[d=63] conv[e=0] pin[e=0] maxAbs=2.92e+05   scaleD=2.941e+05  scaleR=4.817e+04 
  FAIL warped 3d 3    one-FixedValue positive  uniform    rho=1       ref=0     nonorth      diag[d=27] off[d=108] rhs[d=0] coef[d=63] expl[d=0] conv[e=0] pin[e=0] maxAbs=2.36       scaleD=0.04619    scaleR=4.2       
  FAIL warped 3d 3    one-FixedValue positive  uniform    rho=1       ref=0     nonorth+prev diag[d=27] off[d=108] rhs[d=27] coef[d=63] expl[d=63] conv[e=0] pin[e=0] maxAbs=2.36       scaleD=0.04619    scaleR=4.2       
  FAIL warped 3d 3    one-FixedValue positive  uniform    rho=1       ref=13    nonorth      diag[d=27] off[d=108] rhs[d=0] coef[d=63] expl[d=0] conv[e=0] pin[e=0] maxAbs=2.36       scaleD=0.04619    scaleR=4.2       
  FAIL warped 3d 3    one-FixedValue positive  uniform    rho=1       ref=13    nonorth+prev diag[d=27] off[d=108] rhs[d=27] coef[d=63] expl[d=63] conv[e=0] pin[e=0] maxAbs=2.36       scaleD=0.04619    scaleR=4.2       
  FAIL warped 3d 3    one-FixedValue positive  uniform    rho=1       ref=26    nonorth      diag[d=27] off[d=108] rhs[d=0] coef[d=63] expl[d=0] conv[e=0] pin[e=0] maxAbs=2.36       scaleD=0.04619    scaleR=4.2       
  FAIL warped 3d 3    one-FixedValue positive  uniform    rho=1       ref=26    nonorth+prev diag[d=27] off[d=108] rhs[d=27] coef[d=63] expl[d=63] conv[e=0] pin[e=0] maxAbs=2.36       scaleD=0.04619    scaleR=4.2       
  FAIL warped 3d 3    one-FixedValue positive  uniform    rho=998.2   ref=0     nonorth      diag[d=27] off[d=108] rhs[d=0] coef[d=63] expl[d=0] conv[e=0] pin[e=0] maxAbs=2.35e+03   scaleD=46.1       scaleR=4.2       
  FAIL warped 3d 3    one-FixedValue positive  uniform    rho=998.2   ref=0     nonorth+prev diag[d=27] off[d=108] rhs[d=27] coef[d=63] expl[d=63] conv[e=0] pin[e=0] maxAbs=2.35e+03   scaleD=46.1       scaleR=4.328     
  FAIL warped 3d 3    one-FixedValue positive  uniform    rho=998.2   ref=13    nonorth      diag[d=27] off[d=108] rhs[d=0] coef[d=63] expl[d=0] conv[e=0] pin[e=0] maxAbs=2.35e+03   scaleD=46.1       scaleR=4.2       
  FAIL warped 3d 3    one-FixedValue positive  uniform    rho=998.2   ref=13    nonorth+prev diag[d=27] off[d=108] rhs[d=27] coef[d=63] expl[d=63] conv[e=0] pin[e=0] maxAbs=2.35e+03   scaleD=46.1       scaleR=4.328     
  FAIL warped 3d 3    one-FixedValue positive  uniform    rho=998.2   ref=26    nonorth      diag[d=27] off[d=108] rhs[d=0] coef[d=63] expl[d=0] conv[e=0] pin[e=0] maxAbs=2.35e+03   scaleD=46.1       scaleR=4.2       
  FAIL warped 3d 3    one-FixedValue positive  uniform    rho=998.2   ref=26    nonorth+prev diag[d=27] off[d=108] rhs[d=27] coef[d=63] expl[d=63] conv[e=0] pin[e=0] maxAbs=2.35e+03   scaleD=46.1       scaleR=4.328     
  FAIL warped 3d 3    one-FixedValue positive  varying    rho=1       ref=0     nonorth      diag[d=27] off[d=108] rhs[d=0] coef[d=63] expl[d=0] conv[e=0] pin[e=0] maxAbs=2.37       scaleD=0.04732    scaleR=4.2       
  FAIL warped 3d 3    one-FixedValue positive  varying    rho=1       ref=0     nonorth+prev diag[d=27] off[d=108] rhs[d=27] coef[d=63] expl[d=63] conv[e=0] pin[e=0] maxAbs=2.37       scaleD=0.04732    scaleR=4.2       
  FAIL warped 3d 3    one-FixedValue positive  varying    rho=1       ref=13    nonorth      diag[d=27] off[d=108] rhs[d=0] coef[d=63] expl[d=0] conv[e=0] pin[e=0] maxAbs=2.37       scaleD=0.04732    scaleR=4.2       
  FAIL warped 3d 3    one-FixedValue positive  varying    rho=1       ref=13    nonorth+prev diag[d=27] off[d=108] rhs[d=27] coef[d=63] expl[d=63] conv[e=0] pin[e=0] maxAbs=2.37       scaleD=0.04732    scaleR=4.2       
  FAIL warped 3d 3    one-FixedValue positive  varying    rho=1       ref=26    nonorth      diag[d=27] off[d=108] rhs[d=0] coef[d=63] expl[d=0] conv[e=0] pin[e=0] maxAbs=2.37       scaleD=0.04732    scaleR=4.2       
  FAIL warped 3d 3    one-FixedValue positive  varying    rho=1       ref=26    nonorth+prev diag[d=27] off[d=108] rhs[d=27] coef[d=63] expl[d=63] conv[e=0] pin[e=0] maxAbs=2.37       scaleD=0.04732    scaleR=4.2       
  FAIL warped 3d 3    one-FixedValue positive  varying    rho=998.2   ref=0     nonorth      diag[d=27] off[d=108] rhs[d=0] coef[d=63] expl[d=0] conv[e=0] pin[e=0] maxAbs=2.37e+03   scaleD=47.24      scaleR=4.2       
  FAIL warped 3d 3    one-FixedValue positive  varying    rho=998.2   ref=0     nonorth+prev diag[d=27] off[d=108] rhs[d=27] coef[d=63] expl[d=63] conv[e=0] pin[e=0] maxAbs=2.37e+03   scaleD=47.24      scaleR=4.287     
  FAIL warped 3d 3    one-FixedValue positive  varying    rho=998.2   ref=13    nonorth      diag[d=27] off[d=108] rhs[d=0] coef[d=63] expl[d=0] conv[e=0] pin[e=0] maxAbs=2.37e+03   scaleD=47.24      scaleR=4.2       
  FAIL warped 3d 3    one-FixedValue positive  varying    rho=998.2   ref=13    nonorth+prev diag[d=27] off[d=108] rhs[d=27] coef[d=63] expl[d=63] conv[e=0] pin[e=0] maxAbs=2.37e+03   scaleD=47.24      scaleR=4.287     
  FAIL warped 3d 3    one-FixedValue positive  varying    rho=998.2   ref=26    nonorth      diag[d=27] off[d=108] rhs[d=0] coef[d=63] expl[d=0] conv[e=0] pin[e=0] maxAbs=2.37e+03   scaleD=47.24      scaleR=4.2       
  FAIL warped 3d 3    one-FixedValue positive  varying    rho=998.2   ref=26    nonorth+prev diag[d=27] off[d=108] rhs[d=27] coef[d=63] expl[d=63] conv[e=0] pin[e=0] maxAbs=2.37e+03   scaleD=47.24      scaleR=4.287     
  FAIL warped 3d 3    one-FixedValue positive  anisotropic rho=1       ref=0     nonorth      diag[d=27] off[d=108] rhs[d=0] coef[d=63] expl[d=0] conv[e=0] pin[e=0] maxAbs=293        scaleD=294.6      scaleR=4.2       
  FAIL warped 3d 3    one-FixedValue positive  anisotropic rho=1       ref=0     nonorth+prev diag[d=27] off[d=108] rhs[d=27] coef[d=63] expl[d=63] conv[e=0] pin[e=0] maxAbs=293        scaleD=294.6      scaleR=48.62     
  FAIL warped 3d 3    one-FixedValue positive  anisotropic rho=1       ref=13    nonorth      diag[d=27] off[d=108] rhs[d=0] coef[d=63] expl[d=0] conv[e=0] pin[e=0] maxAbs=293        scaleD=294.6      scaleR=4.2       
  FAIL warped 3d 3    one-FixedValue positive  anisotropic rho=1       ref=13    nonorth+prev diag[d=27] off[d=108] rhs[d=27] coef[d=63] expl[d=63] conv[e=0] pin[e=0] maxAbs=293        scaleD=294.6      scaleR=48.62     
  FAIL warped 3d 3    one-FixedValue positive  anisotropic rho=1       ref=26    nonorth      diag[d=27] off[d=108] rhs[d=0] coef[d=63] expl[d=0] conv[e=0] pin[e=0] maxAbs=293        scaleD=294.6      scaleR=4.2       
  FAIL warped 3d 3    one-FixedValue positive  anisotropic rho=1       ref=26    nonorth+prev diag[d=27] off[d=108] rhs[d=27] coef[d=63] expl[d=63] conv[e=0] pin[e=0] maxAbs=293        scaleD=294.6      scaleR=48.62     
  FAIL warped 3d 3    one-FixedValue positive  anisotropic rho=998.2   ref=0     nonorth      diag[d=27] off[d=108] rhs[d=0] coef[d=63] expl[d=0] conv[e=0] pin[e=0] maxAbs=2.92e+05   scaleD=2.941e+05  scaleR=4.2       
  FAIL warped 3d 3    one-FixedValue positive  anisotropic rho=998.2   ref=0     nonorth+prev diag[d=27] off[d=108] rhs[d=27] coef[d=63] expl[d=63] conv[e=0] pin[e=0] maxAbs=2.92e+05   scaleD=2.941e+05  scaleR=4.816e+04 
  FAIL warped 3d 3    one-FixedValue positive  anisotropic rho=998.2   ref=13    nonorth      diag[d=27] off[d=108] rhs[d=0] coef[d=63] expl[d=0] conv[e=0] pin[e=0] maxAbs=2.92e+05   scaleD=2.941e+05  scaleR=4.2       
  FAIL warped 3d 3    one-FixedValue positive  anisotropic rho=998.2   ref=13    nonorth+prev diag[d=27] off[d=108] rhs[d=27] coef[d=63] expl[d=63] conv[e=0] pin[e=0] maxAbs=2.92e+05   scaleD=2.941e+05  scaleR=4.816e+04 
  FAIL warped 3d 3    one-FixedValue positive  anisotropic rho=998.2   ref=26    nonorth      diag[d=27] off[d=108] rhs[d=0] coef[d=63] expl[d=0] conv[e=0] pin[e=0] maxAbs=2.92e+05   scaleD=2.941e+05  scaleR=4.2       
  FAIL warped 3d 3    one-FixedValue positive  anisotropic rho=998.2   ref=26    nonorth+prev diag[d=27] off[d=108] rhs[d=27] coef[d=63] expl[d=63] conv[e=0] pin[e=0] maxAbs=2.92e+05   scaleD=2.941e+05  scaleR=4.816e+04 
  FAIL warped 3d 3    one-FixedValue negative  uniform    rho=1       ref=0     nonorth      diag[d=27] off[d=108] rhs[d=0] coef[d=63] expl[d=0] conv[e=0] pin[e=0] maxAbs=2.36       scaleD=0.04619    scaleR=4.2       
  FAIL warped 3d 3    one-FixedValue negative  uniform    rho=1       ref=0     nonorth+prev diag[d=27] off[d=108] rhs[d=27] coef[d=63] expl[d=63] conv[e=0] pin[e=0] maxAbs=2.36       scaleD=0.04619    scaleR=4.2       
  FAIL warped 3d 3    one-FixedValue negative  uniform    rho=1       ref=13    nonorth      diag[d=27] off[d=108] rhs[d=0] coef[d=63] expl[d=0] conv[e=0] pin[e=0] maxAbs=2.36       scaleD=0.04619    scaleR=4.2       
  FAIL warped 3d 3    one-FixedValue negative  uniform    rho=1       ref=13    nonorth+prev diag[d=27] off[d=108] rhs[d=27] coef[d=63] expl[d=63] conv[e=0] pin[e=0] maxAbs=2.36       scaleD=0.04619    scaleR=4.2       
  FAIL warped 3d 3    one-FixedValue negative  uniform    rho=1       ref=26    nonorth      diag[d=27] off[d=108] rhs[d=0] coef[d=63] expl[d=0] conv[e=0] pin[e=0] maxAbs=2.36       scaleD=0.04619    scaleR=4.2       
  FAIL warped 3d 3    one-FixedValue negative  uniform    rho=1       ref=26    nonorth+prev diag[d=27] off[d=108] rhs[d=27] coef[d=63] expl[d=63] conv[e=0] pin[e=0] maxAbs=2.36       scaleD=0.04619    scaleR=4.2       
  FAIL warped 3d 3    one-FixedValue negative  uniform    rho=998.2   ref=0     nonorth      diag[d=27] off[d=108] rhs[d=0] coef[d=63] expl[d=0] conv[e=0] pin[e=0] maxAbs=2.35e+03   scaleD=46.1       scaleR=4.2       
  FAIL warped 3d 3    one-FixedValue negative  uniform    rho=998.2   ref=0     nonorth+prev diag[d=27] off[d=108] rhs[d=27] coef[d=63] expl[d=63] conv[e=0] pin[e=0] maxAbs=2.35e+03   scaleD=46.1       scaleR=4.072     
  FAIL warped 3d 3    one-FixedValue negative  uniform    rho=998.2   ref=13    nonorth      diag[d=27] off[d=108] rhs[d=0] coef[d=63] expl[d=0] conv[e=0] pin[e=0] maxAbs=2.35e+03   scaleD=46.1       scaleR=4.2       
  FAIL warped 3d 3    one-FixedValue negative  uniform    rho=998.2   ref=13    nonorth+prev diag[d=27] off[d=108] rhs[d=27] coef[d=63] expl[d=63] conv[e=0] pin[e=0] maxAbs=2.35e+03   scaleD=46.1       scaleR=4.072     
  FAIL warped 3d 3    one-FixedValue negative  uniform    rho=998.2   ref=26    nonorth      diag[d=27] off[d=108] rhs[d=0] coef[d=63] expl[d=0] conv[e=0] pin[e=0] maxAbs=2.35e+03   scaleD=46.1       scaleR=4.2       
  FAIL warped 3d 3    one-FixedValue negative  uniform    rho=998.2   ref=26    nonorth+prev diag[d=27] off[d=108] rhs[d=27] coef[d=63] expl[d=63] conv[e=0] pin[e=0] maxAbs=2.35e+03   scaleD=46.1       scaleR=4.072     
  FAIL warped 3d 3    one-FixedValue negative  varying    rho=1       ref=0     nonorth      diag[d=27] off[d=108] rhs[d=0] coef[d=63] expl[d=0] conv[e=0] pin[e=0] maxAbs=2.37       scaleD=0.04732    scaleR=4.2       
  FAIL warped 3d 3    one-FixedValue negative  varying    rho=1       ref=0     nonorth+prev diag[d=27] off[d=108] rhs[d=27] coef[d=63] expl[d=63] conv[e=0] pin[e=0] maxAbs=2.37       scaleD=0.04732    scaleR=4.2       
  FAIL warped 3d 3    one-FixedValue negative  varying    rho=1       ref=13    nonorth      diag[d=27] off[d=108] rhs[d=0] coef[d=63] expl[d=0] conv[e=0] pin[e=0] maxAbs=2.37       scaleD=0.04732    scaleR=4.2       
  FAIL warped 3d 3    one-FixedValue negative  varying    rho=1       ref=13    nonorth+prev diag[d=27] off[d=108] rhs[d=27] coef[d=63] expl[d=63] conv[e=0] pin[e=0] maxAbs=2.37       scaleD=0.04732    scaleR=4.2       
  FAIL warped 3d 3    one-FixedValue negative  varying    rho=1       ref=26    nonorth      diag[d=27] off[d=108] rhs[d=0] coef[d=63] expl[d=0] conv[e=0] pin[e=0] maxAbs=2.37       scaleD=0.04732    scaleR=4.2       
  FAIL warped 3d 3    one-FixedValue negative  varying    rho=1       ref=26    nonorth+prev diag[d=27] off[d=108] rhs[d=27] coef[d=63] expl[d=63] conv[e=0] pin[e=0] maxAbs=2.37       scaleD=0.04732    scaleR=4.2       
  FAIL warped 3d 3    one-FixedValue negative  varying    rho=998.2   ref=0     nonorth      diag[d=27] off[d=108] rhs[d=0] coef[d=63] expl[d=0] conv[e=0] pin[e=0] maxAbs=2.37e+03   scaleD=47.24      scaleR=4.2       
  FAIL warped 3d 3    one-FixedValue negative  varying    rho=998.2   ref=0     nonorth+prev diag[d=27] off[d=108] rhs[d=27] coef[d=63] expl[d=63] conv[e=0] pin[e=0] maxAbs=2.37e+03   scaleD=47.24      scaleR=4.113     
  FAIL warped 3d 3    one-FixedValue negative  varying    rho=998.2   ref=13    nonorth      diag[d=27] off[d=108] rhs[d=0] coef[d=63] expl[d=0] conv[e=0] pin[e=0] maxAbs=2.37e+03   scaleD=47.24      scaleR=4.2       
  FAIL warped 3d 3    one-FixedValue negative  varying    rho=998.2   ref=13    nonorth+prev diag[d=27] off[d=108] rhs[d=27] coef[d=63] expl[d=63] conv[e=0] pin[e=0] maxAbs=2.37e+03   scaleD=47.24      scaleR=4.113     
  FAIL warped 3d 3    one-FixedValue negative  varying    rho=998.2   ref=26    nonorth      diag[d=27] off[d=108] rhs[d=0] coef[d=63] expl[d=0] conv[e=0] pin[e=0] maxAbs=2.37e+03   scaleD=47.24      scaleR=4.2       
  FAIL warped 3d 3    one-FixedValue negative  varying    rho=998.2   ref=26    nonorth+prev diag[d=27] off[d=108] rhs[d=27] coef[d=63] expl[d=63] conv[e=0] pin[e=0] maxAbs=2.37e+03   scaleD=47.24      scaleR=4.113     
  FAIL warped 3d 3    one-FixedValue negative  anisotropic rho=1       ref=0     nonorth      diag[d=27] off[d=108] rhs[d=0] coef[d=63] expl[d=0] conv[e=0] pin[e=0] maxAbs=293        scaleD=294.6      scaleR=4.2       
  FAIL warped 3d 3    one-FixedValue negative  anisotropic rho=1       ref=0     nonorth+prev diag[d=27] off[d=108] rhs[d=27] coef[d=63] expl[d=63] conv[e=0] pin[e=0] maxAbs=293        scaleD=294.6      scaleR=51.05     
  FAIL warped 3d 3    one-FixedValue negative  anisotropic rho=1       ref=13    nonorth      diag[d=27] off[d=108] rhs[d=0] coef[d=63] expl[d=0] conv[e=0] pin[e=0] maxAbs=293        scaleD=294.6      scaleR=4.2       
  FAIL warped 3d 3    one-FixedValue negative  anisotropic rho=1       ref=13    nonorth+prev diag[d=27] off[d=108] rhs[d=27] coef[d=63] expl[d=63] conv[e=0] pin[e=0] maxAbs=293        scaleD=294.6      scaleR=51.05     
  FAIL warped 3d 3    one-FixedValue negative  anisotropic rho=1       ref=26    nonorth      diag[d=27] off[d=108] rhs[d=0] coef[d=63] expl[d=0] conv[e=0] pin[e=0] maxAbs=293        scaleD=294.6      scaleR=4.2       
  FAIL warped 3d 3    one-FixedValue negative  anisotropic rho=1       ref=26    nonorth+prev diag[d=27] off[d=108] rhs[d=27] coef[d=63] expl[d=63] conv[e=0] pin[e=0] maxAbs=293        scaleD=294.6      scaleR=51.05     
  FAIL warped 3d 3    one-FixedValue negative  anisotropic rho=998.2   ref=0     nonorth      diag[d=27] off[d=108] rhs[d=0] coef[d=63] expl[d=0] conv[e=0] pin[e=0] maxAbs=2.92e+05   scaleD=2.941e+05  scaleR=4.2       
  FAIL warped 3d 3    one-FixedValue negative  anisotropic rho=998.2   ref=0     nonorth+prev diag[d=27] off[d=108] rhs[d=27] coef[d=63] expl[d=63] conv[e=0] pin[e=0] maxAbs=2.92e+05   scaleD=2.941e+05  scaleR=4.817e+04 
  FAIL warped 3d 3    one-FixedValue negative  anisotropic rho=998.2   ref=13    nonorth      diag[d=27] off[d=108] rhs[d=0] coef[d=63] expl[d=0] conv[e=0] pin[e=0] maxAbs=2.92e+05   scaleD=2.941e+05  scaleR=4.2       
  FAIL warped 3d 3    one-FixedValue negative  anisotropic rho=998.2   ref=13    nonorth+prev diag[d=27] off[d=108] rhs[d=27] coef[d=63] expl[d=63] conv[e=0] pin[e=0] maxAbs=2.92e+05   scaleD=2.941e+05  scaleR=4.817e+04 
  FAIL warped 3d 3    one-FixedValue negative  anisotropic rho=998.2   ref=26    nonorth      diag[d=27] off[d=108] rhs[d=0] coef[d=63] expl[d=0] conv[e=0] pin[e=0] maxAbs=2.92e+05   scaleD=2.941e+05  scaleR=4.2       
  FAIL warped 3d 3    one-FixedValue negative  anisotropic rho=998.2   ref=26    nonorth+prev diag[d=27] off[d=108] rhs[d=27] coef[d=63] expl[d=63] conv[e=0] pin[e=0] maxAbs=2.92e+05   scaleD=2.941e+05  scaleR=4.817e+04 
  FAIL warped 3d 3    one-FixedValue mixed     uniform    rho=1       ref=0     nonorth      diag[d=27] off[d=108] rhs[d=0] coef[d=63] expl[d=0] conv[e=0] pin[e=0] maxAbs=2.36       scaleD=0.04619    scaleR=3.4       
  FAIL warped 3d 3    one-FixedValue mixed     uniform    rho=1       ref=0     nonorth+prev diag[d=27] off[d=108] rhs[d=27] coef[d=63] expl[d=63] conv[e=0] pin[e=0] maxAbs=2.36       scaleD=0.04619    scaleR=3.4       
  FAIL warped 3d 3    one-FixedValue mixed     uniform    rho=1       ref=13    nonorth      diag[d=27] off[d=108] rhs[d=0] coef[d=63] expl[d=0] conv[e=0] pin[e=0] maxAbs=2.36       scaleD=0.04619    scaleR=3.4       
  FAIL warped 3d 3    one-FixedValue mixed     uniform    rho=1       ref=13    nonorth+prev diag[d=27] off[d=108] rhs[d=27] coef[d=63] expl[d=63] conv[e=0] pin[e=0] maxAbs=2.36       scaleD=0.04619    scaleR=3.4       
  FAIL warped 3d 3    one-FixedValue mixed     uniform    rho=1       ref=26    nonorth      diag[d=27] off[d=108] rhs[d=0] coef[d=63] expl[d=0] conv[e=0] pin[e=0] maxAbs=2.36       scaleD=0.04619    scaleR=3.4       
  FAIL warped 3d 3    one-FixedValue mixed     uniform    rho=1       ref=26    nonorth+prev diag[d=27] off[d=108] rhs[d=27] coef[d=63] expl[d=63] conv[e=0] pin[e=0] maxAbs=2.36       scaleD=0.04619    scaleR=3.4       
  FAIL warped 3d 3    one-FixedValue mixed     uniform    rho=998.2   ref=0     nonorth      diag[d=27] off[d=108] rhs[d=0] coef[d=63] expl[d=0] conv[e=0] pin[e=0] maxAbs=2.35e+03   scaleD=46.1       scaleR=3.4       
  FAIL warped 3d 3    one-FixedValue mixed     uniform    rho=998.2   ref=0     nonorth+prev diag[d=27] off[d=108] rhs[d=27] coef[d=63] expl[d=63] conv[e=0] pin[e=0] maxAbs=2.35e+03   scaleD=46.1       scaleR=3.299     
  FAIL warped 3d 3    one-FixedValue mixed     uniform    rho=998.2   ref=13    nonorth      diag[d=27] off[d=108] rhs[d=0] coef[d=63] expl[d=0] conv[e=0] pin[e=0] maxAbs=2.35e+03   scaleD=46.1       scaleR=3.4       
  FAIL warped 3d 3    one-FixedValue mixed     uniform    rho=998.2   ref=13    nonorth+prev diag[d=27] off[d=108] rhs[d=27] coef[d=63] expl[d=63] conv[e=0] pin[e=0] maxAbs=2.35e+03   scaleD=46.1       scaleR=3.299     
  FAIL warped 3d 3    one-FixedValue mixed     uniform    rho=998.2   ref=26    nonorth      diag[d=27] off[d=108] rhs[d=0] coef[d=63] expl[d=0] conv[e=0] pin[e=0] maxAbs=2.35e+03   scaleD=46.1       scaleR=3.4       
  FAIL warped 3d 3    one-FixedValue mixed     uniform    rho=998.2   ref=26    nonorth+prev diag[d=27] off[d=108] rhs[d=27] coef[d=63] expl[d=63] conv[e=0] pin[e=0] maxAbs=2.35e+03   scaleD=46.1       scaleR=3.299     
  FAIL warped 3d 3    one-FixedValue mixed     varying    rho=1       ref=0     nonorth      diag[d=27] off[d=108] rhs[d=0] coef[d=63] expl[d=0] conv[e=0] pin[e=0] maxAbs=2.37       scaleD=0.04732    scaleR=3.4       
  FAIL warped 3d 3    one-FixedValue mixed     varying    rho=1       ref=0     nonorth+prev diag[d=27] off[d=108] rhs[d=27] coef[d=63] expl[d=63] conv[e=0] pin[e=0] maxAbs=2.37       scaleD=0.04732    scaleR=3.4       
  FAIL warped 3d 3    one-FixedValue mixed     varying    rho=1       ref=13    nonorth      diag[d=27] off[d=108] rhs[d=0] coef[d=63] expl[d=0] conv[e=0] pin[e=0] maxAbs=2.37       scaleD=0.04732    scaleR=3.4       
  FAIL warped 3d 3    one-FixedValue mixed     varying    rho=1       ref=13    nonorth+prev diag[d=27] off[d=108] rhs[d=27] coef[d=63] expl[d=63] conv[e=0] pin[e=0] maxAbs=2.37       scaleD=0.04732    scaleR=3.4       
  FAIL warped 3d 3    one-FixedValue mixed     varying    rho=1       ref=26    nonorth      diag[d=27] off[d=108] rhs[d=0] coef[d=63] expl[d=0] conv[e=0] pin[e=0] maxAbs=2.37       scaleD=0.04732    scaleR=3.4       
  FAIL warped 3d 3    one-FixedValue mixed     varying    rho=1       ref=26    nonorth+prev diag[d=27] off[d=108] rhs[d=27] coef[d=63] expl[d=63] conv[e=0] pin[e=0] maxAbs=2.37       scaleD=0.04732    scaleR=3.4       
  FAIL warped 3d 3    one-FixedValue mixed     varying    rho=998.2   ref=0     nonorth      diag[d=27] off[d=108] rhs[d=0] coef[d=63] expl[d=0] conv[e=0] pin[e=0] maxAbs=2.37e+03   scaleD=47.24      scaleR=3.4       
  FAIL warped 3d 3    one-FixedValue mixed     varying    rho=998.2   ref=0     nonorth+prev diag[d=27] off[d=108] rhs[d=27] coef[d=63] expl[d=63] conv[e=0] pin[e=0] maxAbs=2.37e+03   scaleD=47.24      scaleR=3.24      
  FAIL warped 3d 3    one-FixedValue mixed     varying    rho=998.2   ref=13    nonorth      diag[d=27] off[d=108] rhs[d=0] coef[d=63] expl[d=0] conv[e=0] pin[e=0] maxAbs=2.37e+03   scaleD=47.24      scaleR=3.4       
  FAIL warped 3d 3    one-FixedValue mixed     varying    rho=998.2   ref=13    nonorth+prev diag[d=27] off[d=108] rhs[d=27] coef[d=63] expl[d=63] conv[e=0] pin[e=0] maxAbs=2.37e+03   scaleD=47.24      scaleR=3.24      
  FAIL warped 3d 3    one-FixedValue mixed     varying    rho=998.2   ref=26    nonorth      diag[d=27] off[d=108] rhs[d=0] coef[d=63] expl[d=0] conv[e=0] pin[e=0] maxAbs=2.37e+03   scaleD=47.24      scaleR=3.4       
  FAIL warped 3d 3    one-FixedValue mixed     varying    rho=998.2   ref=26    nonorth+prev diag[d=27] off[d=108] rhs[d=27] coef[d=63] expl[d=63] conv[e=0] pin[e=0] maxAbs=2.37e+03   scaleD=47.24      scaleR=3.24      
  FAIL warped 3d 3    one-FixedValue mixed     anisotropic rho=1       ref=0     nonorth      diag[d=27] off[d=108] rhs[d=0] coef[d=63] expl[d=0] conv[e=0] pin[e=0] maxAbs=293        scaleD=294.6      scaleR=3.4       
  FAIL warped 3d 3    one-FixedValue mixed     anisotropic rho=1       ref=0     nonorth+prev diag[d=27] off[d=108] rhs[d=27] coef[d=63] expl[d=63] conv[e=0] pin[e=0] maxAbs=293        scaleD=294.6      scaleR=49.79     
  FAIL warped 3d 3    one-FixedValue mixed     anisotropic rho=1       ref=13    nonorth      diag[d=27] off[d=108] rhs[d=0] coef[d=63] expl[d=0] conv[e=0] pin[e=0] maxAbs=293        scaleD=294.6      scaleR=3.4       
  FAIL warped 3d 3    one-FixedValue mixed     anisotropic rho=1       ref=13    nonorth+prev diag[d=27] off[d=108] rhs[d=27] coef[d=63] expl[d=63] conv[e=0] pin[e=0] maxAbs=293        scaleD=294.6      scaleR=49.79     
  FAIL warped 3d 3    one-FixedValue mixed     anisotropic rho=1       ref=26    nonorth      diag[d=27] off[d=108] rhs[d=0] coef[d=63] expl[d=0] conv[e=0] pin[e=0] maxAbs=293        scaleD=294.6      scaleR=3.4       
  FAIL warped 3d 3    one-FixedValue mixed     anisotropic rho=1       ref=26    nonorth+prev diag[d=27] off[d=108] rhs[d=27] coef[d=63] expl[d=63] conv[e=0] pin[e=0] maxAbs=293        scaleD=294.6      scaleR=49.79     
  FAIL warped 3d 3    one-FixedValue mixed     anisotropic rho=998.2   ref=0     nonorth      diag[d=27] off[d=108] rhs[d=0] coef[d=63] expl[d=0] conv[e=0] pin[e=0] maxAbs=2.92e+05   scaleD=2.941e+05  scaleR=3.4       
  FAIL warped 3d 3    one-FixedValue mixed     anisotropic rho=998.2   ref=0     nonorth+prev diag[d=27] off[d=108] rhs[d=27] coef[d=63] expl[d=63] conv[e=0] pin[e=0] maxAbs=2.92e+05   scaleD=2.941e+05  scaleR=4.817e+04 
  FAIL warped 3d 3    one-FixedValue mixed     anisotropic rho=998.2   ref=13    nonorth      diag[d=27] off[d=108] rhs[d=0] coef[d=63] expl[d=0] conv[e=0] pin[e=0] maxAbs=2.92e+05   scaleD=2.941e+05  scaleR=3.4       
  FAIL warped 3d 3    one-FixedValue mixed     anisotropic rho=998.2   ref=13    nonorth+prev diag[d=27] off[d=108] rhs[d=27] coef[d=63] expl[d=63] conv[e=0] pin[e=0] maxAbs=2.92e+05   scaleD=2.941e+05  scaleR=4.817e+04 
  FAIL warped 3d 3    one-FixedValue mixed     anisotropic rho=998.2   ref=26    nonorth      diag[d=27] off[d=108] rhs[d=0] coef[d=63] expl[d=0] conv[e=0] pin[e=0] maxAbs=2.92e+05   scaleD=2.941e+05  scaleR=3.4       
  FAIL warped 3d 3    one-FixedValue mixed     anisotropic rho=998.2   ref=26    nonorth+prev diag[d=27] off[d=108] rhs[d=27] coef[d=63] expl[d=63] conv[e=0] pin[e=0] maxAbs=2.92e+05   scaleD=2.941e+05  scaleR=4.817e+04 
  FAIL warped 3d 3    one-FixedValue swirl     uniform    rho=1       ref=0     nonorth      diag[d=27] off[d=108] rhs[d=0] coef[d=63] expl[d=0] conv[e=0] pin[e=0] maxAbs=2.36       scaleD=0.04619    scaleR=0.004065  
  FAIL warped 3d 3    one-FixedValue swirl     uniform    rho=1       ref=0     nonorth+prev diag[d=27] off[d=108] rhs[d=27] coef[d=63] expl[d=63] conv[e=0] pin[e=0] maxAbs=2.36       scaleD=0.04619    scaleR=0.005083  
  FAIL warped 3d 3    one-FixedValue swirl     uniform    rho=1       ref=13    nonorth      diag[d=27] off[d=108] rhs[d=0] coef[d=63] expl[d=0] conv[e=0] pin[e=0] maxAbs=2.36       scaleD=0.04619    scaleR=0.004065  
  FAIL warped 3d 3    one-FixedValue swirl     uniform    rho=1       ref=13    nonorth+prev diag[d=27] off[d=108] rhs[d=27] coef[d=63] expl[d=63] conv[e=0] pin[e=0] maxAbs=2.36       scaleD=0.04619    scaleR=0.005083  
  FAIL warped 3d 3    one-FixedValue swirl     uniform    rho=1       ref=26    nonorth      diag[d=27] off[d=108] rhs[d=0] coef[d=63] expl[d=0] conv[e=0] pin[e=0] maxAbs=2.36       scaleD=0.04619    scaleR=0.004065  
  FAIL warped 3d 3    one-FixedValue swirl     uniform    rho=1       ref=26    nonorth+prev diag[d=27] off[d=108] rhs[d=27] coef[d=63] expl[d=63] conv[e=0] pin[e=0] maxAbs=2.36       scaleD=0.04619    scaleR=0.005083  
  FAIL warped 3d 3    one-FixedValue swirl     uniform    rho=998.2   ref=0     nonorth      diag[d=27] off[d=108] rhs[d=0] coef[d=63] expl[d=0] conv[e=0] pin[e=0] maxAbs=2.35e+03   scaleD=46.1       scaleR=0.004065  
  FAIL warped 3d 3    one-FixedValue swirl     uniform    rho=998.2   ref=0     nonorth+prev diag[d=27] off[d=108] rhs[d=27] coef[d=63] expl[d=63] conv[e=0] pin[e=0] maxAbs=2.35e+03   scaleD=46.1       scaleR=1.168     
  FAIL warped 3d 3    one-FixedValue swirl     uniform    rho=998.2   ref=13    nonorth      diag[d=27] off[d=108] rhs[d=0] coef[d=63] expl[d=0] conv[e=0] pin[e=0] maxAbs=2.35e+03   scaleD=46.1       scaleR=0.004065  
  FAIL warped 3d 3    one-FixedValue swirl     uniform    rho=998.2   ref=13    nonorth+prev diag[d=27] off[d=108] rhs[d=27] coef[d=63] expl[d=63] conv[e=0] pin[e=0] maxAbs=2.35e+03   scaleD=46.1       scaleR=1.168     
  FAIL warped 3d 3    one-FixedValue swirl     uniform    rho=998.2   ref=26    nonorth      diag[d=27] off[d=108] rhs[d=0] coef[d=63] expl[d=0] conv[e=0] pin[e=0] maxAbs=2.35e+03   scaleD=46.1       scaleR=0.004065  
  FAIL warped 3d 3    one-FixedValue swirl     uniform    rho=998.2   ref=26    nonorth+prev diag[d=27] off[d=108] rhs[d=27] coef[d=63] expl[d=63] conv[e=0] pin[e=0] maxAbs=2.35e+03   scaleD=46.1       scaleR=1.168     
  FAIL warped 3d 3    one-FixedValue swirl     varying    rho=1       ref=0     nonorth      diag[d=27] off[d=108] rhs[d=0] coef[d=63] expl[d=0] conv[e=0] pin[e=0] maxAbs=2.37       scaleD=0.04732    scaleR=0.004065  
  FAIL warped 3d 3    one-FixedValue swirl     varying    rho=1       ref=0     nonorth+prev diag[d=27] off[d=108] rhs[d=27] coef[d=63] expl[d=63] conv[e=0] pin[e=0] maxAbs=2.37       scaleD=0.04732    scaleR=0.004557  
  FAIL warped 3d 3    one-FixedValue swirl     varying    rho=1       ref=13    nonorth      diag[d=27] off[d=108] rhs[d=0] coef[d=63] expl[d=0] conv[e=0] pin[e=0] maxAbs=2.37       scaleD=0.04732    scaleR=0.004065  
  FAIL warped 3d 3    one-FixedValue swirl     varying    rho=1       ref=13    nonorth+prev diag[d=27] off[d=108] rhs[d=27] coef[d=63] expl[d=63] conv[e=0] pin[e=0] maxAbs=2.37       scaleD=0.04732    scaleR=0.004557  
  FAIL warped 3d 3    one-FixedValue swirl     varying    rho=1       ref=26    nonorth      diag[d=27] off[d=108] rhs[d=0] coef[d=63] expl[d=0] conv[e=0] pin[e=0] maxAbs=2.37       scaleD=0.04732    scaleR=0.004065  
  FAIL warped 3d 3    one-FixedValue swirl     varying    rho=1       ref=26    nonorth+prev diag[d=27] off[d=108] rhs[d=27] coef[d=63] expl[d=63] conv[e=0] pin[e=0] maxAbs=2.37       scaleD=0.04732    scaleR=0.004557  
  FAIL warped 3d 3    one-FixedValue swirl     varying    rho=998.2   ref=0     nonorth      diag[d=27] off[d=108] rhs[d=0] coef[d=63] expl[d=0] conv[e=0] pin[e=0] maxAbs=2.37e+03   scaleD=47.24      scaleR=0.004065  
  FAIL warped 3d 3    one-FixedValue swirl     varying    rho=998.2   ref=0     nonorth+prev diag[d=27] off[d=108] rhs[d=27] coef[d=63] expl[d=63] conv[e=0] pin[e=0] maxAbs=2.37e+03   scaleD=47.24      scaleR=1.123     
  FAIL warped 3d 3    one-FixedValue swirl     varying    rho=998.2   ref=13    nonorth      diag[d=27] off[d=108] rhs[d=0] coef[d=63] expl[d=0] conv[e=0] pin[e=0] maxAbs=2.37e+03   scaleD=47.24      scaleR=0.004065  
  FAIL warped 3d 3    one-FixedValue swirl     varying    rho=998.2   ref=13    nonorth+prev diag[d=27] off[d=108] rhs[d=27] coef[d=63] expl[d=63] conv[e=0] pin[e=0] maxAbs=2.37e+03   scaleD=47.24      scaleR=1.123     
  FAIL warped 3d 3    one-FixedValue swirl     varying    rho=998.2   ref=26    nonorth      diag[d=27] off[d=108] rhs[d=0] coef[d=63] expl[d=0] conv[e=0] pin[e=0] maxAbs=2.37e+03   scaleD=47.24      scaleR=0.004065  
  FAIL warped 3d 3    one-FixedValue swirl     varying    rho=998.2   ref=26    nonorth+prev diag[d=27] off[d=108] rhs[d=27] coef[d=63] expl[d=63] conv[e=0] pin[e=0] maxAbs=2.37e+03   scaleD=47.24      scaleR=1.123     
  FAIL warped 3d 3    one-FixedValue swirl     anisotropic rho=1       ref=0     nonorth      diag[d=27] off[d=108] rhs[d=0] coef[d=63] expl[d=0] conv[e=0] pin[e=0] maxAbs=293        scaleD=294.6      scaleR=0.004065  
  FAIL warped 3d 3    one-FixedValue swirl     anisotropic rho=1       ref=0     nonorth+prev diag[d=27] off[d=108] rhs[d=27] coef[d=63] expl[d=63] conv[e=0] pin[e=0] maxAbs=293        scaleD=294.6      scaleR=48.25     
  FAIL warped 3d 3    one-FixedValue swirl     anisotropic rho=1       ref=13    nonorth      diag[d=27] off[d=108] rhs[d=0] coef[d=63] expl[d=0] conv[e=0] pin[e=0] maxAbs=293        scaleD=294.6      scaleR=0.004065  
  FAIL warped 3d 3    one-FixedValue swirl     anisotropic rho=1       ref=13    nonorth+prev diag[d=27] off[d=108] rhs[d=27] coef[d=63] expl[d=63] conv[e=0] pin[e=0] maxAbs=293        scaleD=294.6      scaleR=48.25     
  FAIL warped 3d 3    one-FixedValue swirl     anisotropic rho=1       ref=26    nonorth      diag[d=27] off[d=108] rhs[d=0] coef[d=63] expl[d=0] conv[e=0] pin[e=0] maxAbs=293        scaleD=294.6      scaleR=0.004065  
  FAIL warped 3d 3    one-FixedValue swirl     anisotropic rho=1       ref=26    nonorth+prev diag[d=27] off[d=108] rhs[d=27] coef[d=63] expl[d=63] conv[e=0] pin[e=0] maxAbs=293        scaleD=294.6      scaleR=48.25     
  FAIL warped 3d 3    one-FixedValue swirl     anisotropic rho=998.2   ref=0     nonorth      diag[d=27] off[d=108] rhs[d=0] coef[d=63] expl[d=0] conv[e=0] pin[e=0] maxAbs=2.92e+05   scaleD=2.941e+05  scaleR=0.004065  
  FAIL warped 3d 3    one-FixedValue swirl     anisotropic rho=998.2   ref=0     nonorth+prev diag[d=27] off[d=108] rhs[d=27] coef[d=63] expl[d=63] conv[e=0] pin[e=0] maxAbs=2.92e+05   scaleD=2.941e+05  scaleR=4.817e+04 
  FAIL warped 3d 3    one-FixedValue swirl     anisotropic rho=998.2   ref=13    nonorth      diag[d=27] off[d=108] rhs[d=0] coef[d=63] expl[d=0] conv[e=0] pin[e=0] maxAbs=2.92e+05   scaleD=2.941e+05  scaleR=0.004065  
  FAIL warped 3d 3    one-FixedValue swirl     anisotropic rho=998.2   ref=13    nonorth+prev diag[d=27] off[d=108] rhs[d=27] coef[d=63] expl[d=63] conv[e=0] pin[e=0] maxAbs=2.92e+05   scaleD=2.941e+05  scaleR=4.817e+04 
  FAIL warped 3d 3    one-FixedValue swirl     anisotropic rho=998.2   ref=26    nonorth      diag[d=27] off[d=108] rhs[d=0] coef[d=63] expl[d=0] conv[e=0] pin[e=0] maxAbs=2.92e+05   scaleD=2.941e+05  scaleR=0.004065  
  FAIL warped 3d 3    one-FixedValue swirl     anisotropic rho=998.2   ref=26    nonorth+prev diag[d=27] off[d=108] rhs[d=27] coef[d=63] expl[d=63] conv[e=0] pin[e=0] maxAbs=2.92e+05   scaleD=2.941e+05  scaleR=4.817e+04 
       [warped 3d 3/mixed pin=no fixedValueFaces=27 axisAligned=0 general=108 resident=46256 B]
  PASS L5 warped 3d 3    mixed          ref=0     opposite[e=0] sign[e=0] ambiguous=0 faces[axisaligned=0 wellposed=54 parallel=0 fallback=0]
  PASS L5 warped 3d 3    mixed          ref=13    opposite[e=0] sign[e=0] ambiguous=0 faces[axisaligned=0 wellposed=54 parallel=0 fallback=0]
  PASS L5 warped 3d 3    mixed          ref=26    opposite[e=0] sign[e=0] ambiguous=0 faces[axisaligned=0 wellposed=54 parallel=0 fallback=0]
  FAIL L6 warped 3d 3    mixed          threshold sweep 25 decades differing=3375 decomposingFaces=54 faces[wellposed=1207 fallback=143]
  FAIL L7 warped 3d 3    mixed          band sweep root=3775.99 differing=2754 facesInBand=8/918
  FAIL warped 3d 3    mixed        zero      uniform    rho=1       ref=0     nonorth      diag[d=27] off[d=108] rhs[d=0] coef[d=81] expl[d=0] conv[e=0] pin[e=0] maxAbs=2.95       scaleD=0.05744    scaleR=0         
  FAIL warped 3d 3    mixed        zero      uniform    rho=1       ref=0     nonorth+prev diag[d=27] off[d=108] rhs[d=27] coef[d=81] expl[d=81] conv[e=0] pin[e=0] maxAbs=2.95       scaleD=0.05744    scaleR=0.002373  
  FAIL warped 3d 3    mixed        zero      uniform    rho=1       ref=13    nonorth      diag[d=27] off[d=108] rhs[d=0] coef[d=81] expl[d=0] conv[e=0] pin[e=0] maxAbs=2.95       scaleD=0.05744    scaleR=0         
  FAIL warped 3d 3    mixed        zero      uniform    rho=1       ref=13    nonorth+prev diag[d=27] off[d=108] rhs[d=27] coef[d=81] expl[d=81] conv[e=0] pin[e=0] maxAbs=2.95       scaleD=0.05744    scaleR=0.002373  
  FAIL warped 3d 3    mixed        zero      uniform    rho=1       ref=26    nonorth      diag[d=27] off[d=108] rhs[d=0] coef[d=81] expl[d=0] conv[e=0] pin[e=0] maxAbs=2.95       scaleD=0.05744    scaleR=0         
  FAIL warped 3d 3    mixed        zero      uniform    rho=1       ref=26    nonorth+prev diag[d=27] off[d=108] rhs[d=27] coef[d=81] expl[d=81] conv[e=0] pin[e=0] maxAbs=2.95       scaleD=0.05744    scaleR=0.002373  
  FAIL warped 3d 3    mixed        zero      uniform    rho=998.2   ref=0     nonorth      diag[d=27] off[d=108] rhs[d=0] coef[d=81] expl[d=0] conv[e=0] pin[e=0] maxAbs=2.94e+03   scaleD=57.34      scaleR=0         
  FAIL warped 3d 3    mixed        zero      uniform    rho=998.2   ref=0     nonorth+prev diag[d=27] off[d=108] rhs[d=27] coef[d=81] expl[d=81] conv[e=0] pin[e=0] maxAbs=2.94e+03   scaleD=57.34      scaleR=2.369     
  FAIL warped 3d 3    mixed        zero      uniform    rho=998.2   ref=13    nonorth      diag[d=27] off[d=108] rhs[d=0] coef[d=81] expl[d=0] conv[e=0] pin[e=0] maxAbs=2.94e+03   scaleD=57.34      scaleR=0         
  FAIL warped 3d 3    mixed        zero      uniform    rho=998.2   ref=13    nonorth+prev diag[d=27] off[d=108] rhs[d=27] coef[d=81] expl[d=81] conv[e=0] pin[e=0] maxAbs=2.94e+03   scaleD=57.34      scaleR=2.369     
  FAIL warped 3d 3    mixed        zero      uniform    rho=998.2   ref=26    nonorth      diag[d=27] off[d=108] rhs[d=0] coef[d=81] expl[d=0] conv[e=0] pin[e=0] maxAbs=2.94e+03   scaleD=57.34      scaleR=0         
  FAIL warped 3d 3    mixed        zero      uniform    rho=998.2   ref=26    nonorth+prev diag[d=27] off[d=108] rhs[d=27] coef[d=81] expl[d=81] conv[e=0] pin[e=0] maxAbs=2.94e+03   scaleD=57.34      scaleR=2.369     
  FAIL warped 3d 3    mixed        zero      varying    rho=1       ref=0     nonorth      diag[d=27] off[d=108] rhs[d=0] coef[d=81] expl[d=0] conv[e=0] pin[e=0] maxAbs=2.97       scaleD=0.06513    scaleR=0         
  FAIL warped 3d 3    mixed        zero      varying    rho=1       ref=0     nonorth+prev diag[d=27] off[d=108] rhs[d=27] coef[d=81] expl[d=81] conv[e=0] pin[e=0] maxAbs=2.97       scaleD=0.06513    scaleR=0.003016  
  FAIL warped 3d 3    mixed        zero      varying    rho=1       ref=13    nonorth      diag[d=27] off[d=108] rhs[d=0] coef[d=81] expl[d=0] conv[e=0] pin[e=0] maxAbs=2.97       scaleD=0.06513    scaleR=0         
  FAIL warped 3d 3    mixed        zero      varying    rho=1       ref=13    nonorth+prev diag[d=27] off[d=108] rhs[d=27] coef[d=81] expl[d=81] conv[e=0] pin[e=0] maxAbs=2.97       scaleD=0.06513    scaleR=0.003016  
  FAIL warped 3d 3    mixed        zero      varying    rho=1       ref=26    nonorth      diag[d=27] off[d=108] rhs[d=0] coef[d=81] expl[d=0] conv[e=0] pin[e=0] maxAbs=2.97       scaleD=0.06513    scaleR=0         
  FAIL warped 3d 3    mixed        zero      varying    rho=1       ref=26    nonorth+prev diag[d=27] off[d=108] rhs[d=27] coef[d=81] expl[d=81] conv[e=0] pin[e=0] maxAbs=2.97       scaleD=0.06513    scaleR=0.003016  
  FAIL warped 3d 3    mixed        zero      varying    rho=998.2   ref=0     nonorth      diag[d=27] off[d=108] rhs[d=0] coef[d=81] expl[d=0] conv[e=0] pin[e=0] maxAbs=2.97e+03   scaleD=65.01      scaleR=0         
  FAIL warped 3d 3    mixed        zero      varying    rho=998.2   ref=0     nonorth+prev diag[d=27] off[d=108] rhs[d=27] coef[d=81] expl[d=81] conv[e=0] pin[e=0] maxAbs=2.97e+03   scaleD=65.01      scaleR=3.01      
  FAIL warped 3d 3    mixed        zero      varying    rho=998.2   ref=13    nonorth      diag[d=27] off[d=108] rhs[d=0] coef[d=81] expl[d=0] conv[e=0] pin[e=0] maxAbs=2.97e+03   scaleD=65.01      scaleR=0         
  FAIL warped 3d 3    mixed        zero      varying    rho=998.2   ref=13    nonorth+prev diag[d=27] off[d=108] rhs[d=27] coef[d=81] expl[d=81] conv[e=0] pin[e=0] maxAbs=2.97e+03   scaleD=65.01      scaleR=3.01      
  FAIL warped 3d 3    mixed        zero      varying    rho=998.2   ref=26    nonorth      diag[d=27] off[d=108] rhs[d=0] coef[d=81] expl[d=0] conv[e=0] pin[e=0] maxAbs=2.97e+03   scaleD=65.01      scaleR=0         
  FAIL warped 3d 3    mixed        zero      varying    rho=998.2   ref=26    nonorth+prev diag[d=27] off[d=108] rhs[d=27] coef[d=81] expl[d=81] conv[e=0] pin[e=0] maxAbs=2.97e+03   scaleD=65.01      scaleR=3.01      
  FAIL warped 3d 3    mixed        zero      anisotropic rho=1       ref=0     nonorth      diag[d=27] off[d=108] rhs[d=0] coef[d=81] expl[d=0] conv[e=0] pin[e=0] maxAbs=351        scaleD=353.9      scaleR=0         
  FAIL warped 3d 3    mixed        zero      anisotropic rho=1       ref=0     nonorth+prev diag[d=27] off[d=108] rhs[d=27] coef[d=81] expl[d=81] conv[e=0] pin[e=0] maxAbs=355        scaleD=353.9      scaleR=355.3     
  FAIL warped 3d 3    mixed        zero      anisotropic rho=1       ref=13    nonorth      diag[d=27] off[d=108] rhs[d=0] coef[d=81] expl[d=0] conv[e=0] pin[e=0] maxAbs=351        scaleD=353.9      scaleR=0         
  FAIL warped 3d 3    mixed        zero      anisotropic rho=1       ref=13    nonorth+prev diag[d=27] off[d=108] rhs[d=27] coef[d=81] expl[d=81] conv[e=0] pin[e=0] maxAbs=355        scaleD=353.9      scaleR=355.3     
  FAIL warped 3d 3    mixed        zero      anisotropic rho=1       ref=26    nonorth      diag[d=27] off[d=108] rhs[d=0] coef[d=81] expl[d=0] conv[e=0] pin[e=0] maxAbs=351        scaleD=353.9      scaleR=0         
  FAIL warped 3d 3    mixed        zero      anisotropic rho=1       ref=26    nonorth+prev diag[d=27] off[d=108] rhs[d=27] coef[d=81] expl[d=81] conv[e=0] pin[e=0] maxAbs=355        scaleD=353.9      scaleR=355.3     
  FAIL warped 3d 3    mixed        zero      anisotropic rho=998.2   ref=0     nonorth      diag[d=27] off[d=108] rhs[d=0] coef[d=81] expl[d=0] conv[e=0] pin[e=0] maxAbs=3.51e+05   scaleD=3.532e+05  scaleR=0         
  FAIL warped 3d 3    mixed        zero      anisotropic rho=998.2   ref=0     nonorth+prev diag[d=27] off[d=108] rhs[d=27] coef[d=81] expl[d=81] conv[e=0] pin[e=0] maxAbs=3.55e+05   scaleD=3.532e+05  scaleR=3.547e+05 
  FAIL warped 3d 3    mixed        zero      anisotropic rho=998.2   ref=13    nonorth      diag[d=27] off[d=108] rhs[d=0] coef[d=81] expl[d=0] conv[e=0] pin[e=0] maxAbs=3.51e+05   scaleD=3.532e+05  scaleR=0         
  FAIL warped 3d 3    mixed        zero      anisotropic rho=998.2   ref=13    nonorth+prev diag[d=27] off[d=108] rhs[d=27] coef[d=81] expl[d=81] conv[e=0] pin[e=0] maxAbs=3.55e+05   scaleD=3.532e+05  scaleR=3.547e+05 
  FAIL warped 3d 3    mixed        zero      anisotropic rho=998.2   ref=26    nonorth      diag[d=27] off[d=108] rhs[d=0] coef[d=81] expl[d=0] conv[e=0] pin[e=0] maxAbs=3.51e+05   scaleD=3.532e+05  scaleR=0         
  FAIL warped 3d 3    mixed        zero      anisotropic rho=998.2   ref=26    nonorth+prev diag[d=27] off[d=108] rhs[d=27] coef[d=81] expl[d=81] conv[e=0] pin[e=0] maxAbs=3.55e+05   scaleD=3.532e+05  scaleR=3.547e+05 
  FAIL warped 3d 3    mixed        positive  uniform    rho=1       ref=0     nonorth      diag[d=27] off[d=108] rhs[d=0] coef[d=81] expl[d=0] conv[e=0] pin[e=0] maxAbs=2.95       scaleD=0.05744    scaleR=4.2       
  FAIL warped 3d 3    mixed        positive  uniform    rho=1       ref=0     nonorth+prev diag[d=27] off[d=108] rhs[d=27] coef[d=81] expl[d=81] conv[e=0] pin[e=0] maxAbs=2.95       scaleD=0.05744    scaleR=4.201     
  FAIL warped 3d 3    mixed        positive  uniform    rho=1       ref=13    nonorth      diag[d=27] off[d=108] rhs[d=0] coef[d=81] expl[d=0] conv[e=0] pin[e=0] maxAbs=2.95       scaleD=0.05744    scaleR=4.2       
  FAIL warped 3d 3    mixed        positive  uniform    rho=1       ref=13    nonorth+prev diag[d=27] off[d=108] rhs[d=27] coef[d=81] expl[d=81] conv[e=0] pin[e=0] maxAbs=2.95       scaleD=0.05744    scaleR=4.201     
  FAIL warped 3d 3    mixed        positive  uniform    rho=1       ref=26    nonorth      diag[d=27] off[d=108] rhs[d=0] coef[d=81] expl[d=0] conv[e=0] pin[e=0] maxAbs=2.95       scaleD=0.05744    scaleR=4.2       
  FAIL warped 3d 3    mixed        positive  uniform    rho=1       ref=26    nonorth+prev diag[d=27] off[d=108] rhs[d=27] coef[d=81] expl[d=81] conv[e=0] pin[e=0] maxAbs=2.95       scaleD=0.05744    scaleR=4.201     
  FAIL warped 3d 3    mixed        positive  uniform    rho=998.2   ref=0     nonorth      diag[d=27] off[d=108] rhs[d=0] coef[d=81] expl[d=0] conv[e=0] pin[e=0] maxAbs=2.94e+03   scaleD=57.34      scaleR=4.2       
  FAIL warped 3d 3    mixed        positive  uniform    rho=998.2   ref=0     nonorth+prev diag[d=27] off[d=108] rhs[d=27] coef[d=81] expl[d=81] conv[e=0] pin[e=0] maxAbs=2.94e+03   scaleD=57.34      scaleR=4.932     
  FAIL warped 3d 3    mixed        positive  uniform    rho=998.2   ref=13    nonorth      diag[d=27] off[d=108] rhs[d=0] coef[d=81] expl[d=0] conv[e=0] pin[e=0] maxAbs=2.94e+03   scaleD=57.34      scaleR=4.2       
  FAIL warped 3d 3    mixed        positive  uniform    rho=998.2   ref=13    nonorth+prev diag[d=27] off[d=108] rhs[d=27] coef[d=81] expl[d=81] conv[e=0] pin[e=0] maxAbs=2.94e+03   scaleD=57.34      scaleR=4.932     
  FAIL warped 3d 3    mixed        positive  uniform    rho=998.2   ref=26    nonorth      diag[d=27] off[d=108] rhs[d=0] coef[d=81] expl[d=0] conv[e=0] pin[e=0] maxAbs=2.94e+03   scaleD=57.34      scaleR=4.2       
  FAIL warped 3d 3    mixed        positive  uniform    rho=998.2   ref=26    nonorth+prev diag[d=27] off[d=108] rhs[d=27] coef[d=81] expl[d=81] conv[e=0] pin[e=0] maxAbs=2.94e+03   scaleD=57.34      scaleR=4.932     
  FAIL warped 3d 3    mixed        positive  varying    rho=1       ref=0     nonorth      diag[d=27] off[d=108] rhs[d=0] coef[d=81] expl[d=0] conv[e=0] pin[e=0] maxAbs=2.97       scaleD=0.06513    scaleR=4.2       
  FAIL warped 3d 3    mixed        positive  varying    rho=1       ref=0     nonorth+prev diag[d=27] off[d=108] rhs[d=27] coef[d=81] expl[d=81] conv[e=0] pin[e=0] maxAbs=2.97       scaleD=0.06513    scaleR=4.201     
  FAIL warped 3d 3    mixed        positive  varying    rho=1       ref=13    nonorth      diag[d=27] off[d=108] rhs[d=0] coef[d=81] expl[d=0] conv[e=0] pin[e=0] maxAbs=2.97       scaleD=0.06513    scaleR=4.2       
  FAIL warped 3d 3    mixed        positive  varying    rho=1       ref=13    nonorth+prev diag[d=27] off[d=108] rhs[d=27] coef[d=81] expl[d=81] conv[e=0] pin[e=0] maxAbs=2.97       scaleD=0.06513    scaleR=4.201     
  FAIL warped 3d 3    mixed        positive  varying    rho=1       ref=26    nonorth      diag[d=27] off[d=108] rhs[d=0] coef[d=81] expl[d=0] conv[e=0] pin[e=0] maxAbs=2.97       scaleD=0.06513    scaleR=4.2       
  FAIL warped 3d 3    mixed        positive  varying    rho=1       ref=26    nonorth+prev diag[d=27] off[d=108] rhs[d=27] coef[d=81] expl[d=81] conv[e=0] pin[e=0] maxAbs=2.97       scaleD=0.06513    scaleR=4.201     
  FAIL warped 3d 3    mixed        positive  varying    rho=998.2   ref=0     nonorth      diag[d=27] off[d=108] rhs[d=0] coef[d=81] expl[d=0] conv[e=0] pin[e=0] maxAbs=2.97e+03   scaleD=65.01      scaleR=4.2       
  FAIL warped 3d 3    mixed        positive  varying    rho=998.2   ref=0     nonorth+prev diag[d=27] off[d=108] rhs[d=27] coef[d=81] expl[d=81] conv[e=0] pin[e=0] maxAbs=2.97e+03   scaleD=65.01      scaleR=4.954     
  FAIL warped 3d 3    mixed        positive  varying    rho=998.2   ref=13    nonorth      diag[d=27] off[d=108] rhs[d=0] coef[d=81] expl[d=0] conv[e=0] pin[e=0] maxAbs=2.97e+03   scaleD=65.01      scaleR=4.2       
  FAIL warped 3d 3    mixed        positive  varying    rho=998.2   ref=13    nonorth+prev diag[d=27] off[d=108] rhs[d=27] coef[d=81] expl[d=81] conv[e=0] pin[e=0] maxAbs=2.97e+03   scaleD=65.01      scaleR=4.954     
  FAIL warped 3d 3    mixed        positive  varying    rho=998.2   ref=26    nonorth      diag[d=27] off[d=108] rhs[d=0] coef[d=81] expl[d=0] conv[e=0] pin[e=0] maxAbs=2.97e+03   scaleD=65.01      scaleR=4.2       
  FAIL warped 3d 3    mixed        positive  varying    rho=998.2   ref=26    nonorth+prev diag[d=27] off[d=108] rhs[d=27] coef[d=81] expl[d=81] conv[e=0] pin[e=0] maxAbs=2.97e+03   scaleD=65.01      scaleR=4.954     
  FAIL warped 3d 3    mixed        positive  anisotropic rho=1       ref=0     nonorth      diag[d=27] off[d=108] rhs[d=0] coef[d=81] expl[d=0] conv[e=0] pin[e=0] maxAbs=351        scaleD=353.9      scaleR=4.2       
  FAIL warped 3d 3    mixed        positive  anisotropic rho=1       ref=0     nonorth+prev diag[d=27] off[d=108] rhs[d=27] coef[d=81] expl[d=81] conv[e=0] pin[e=0] maxAbs=355        scaleD=353.9      scaleR=356.7     
  FAIL warped 3d 3    mixed        positive  anisotropic rho=1       ref=13    nonorth      diag[d=27] off[d=108] rhs[d=0] coef[d=81] expl[d=0] conv[e=0] pin[e=0] maxAbs=351        scaleD=353.9      scaleR=4.2       
  FAIL warped 3d 3    mixed        positive  anisotropic rho=1       ref=13    nonorth+prev diag[d=27] off[d=108] rhs[d=27] coef[d=81] expl[d=81] conv[e=0] pin[e=0] maxAbs=355        scaleD=353.9      scaleR=356.7     
  FAIL warped 3d 3    mixed        positive  anisotropic rho=1       ref=26    nonorth      diag[d=27] off[d=108] rhs[d=0] coef[d=81] expl[d=0] conv[e=0] pin[e=0] maxAbs=351        scaleD=353.9      scaleR=4.2       
  FAIL warped 3d 3    mixed        positive  anisotropic rho=1       ref=26    nonorth+prev diag[d=27] off[d=108] rhs[d=27] coef[d=81] expl[d=81] conv[e=0] pin[e=0] maxAbs=355        scaleD=353.9      scaleR=356.7     
  FAIL warped 3d 3    mixed        positive  anisotropic rho=998.2   ref=0     nonorth      diag[d=27] off[d=108] rhs[d=0] coef[d=81] expl[d=0] conv[e=0] pin[e=0] maxAbs=3.51e+05   scaleD=3.532e+05  scaleR=4.2       
  FAIL warped 3d 3    mixed        positive  anisotropic rho=998.2   ref=0     nonorth+prev diag[d=27] off[d=108] rhs[d=27] coef[d=81] expl[d=81] conv[e=0] pin[e=0] maxAbs=3.55e+05   scaleD=3.532e+05  scaleR=3.547e+05 
  FAIL warped 3d 3    mixed        positive  anisotropic rho=998.2   ref=13    nonorth      diag[d=27] off[d=108] rhs[d=0] coef[d=81] expl[d=0] conv[e=0] pin[e=0] maxAbs=3.51e+05   scaleD=3.532e+05  scaleR=4.2       
  FAIL warped 3d 3    mixed        positive  anisotropic rho=998.2   ref=13    nonorth+prev diag[d=27] off[d=108] rhs[d=27] coef[d=81] expl[d=81] conv[e=0] pin[e=0] maxAbs=3.55e+05   scaleD=3.532e+05  scaleR=3.547e+05 
  FAIL warped 3d 3    mixed        positive  anisotropic rho=998.2   ref=26    nonorth      diag[d=27] off[d=108] rhs[d=0] coef[d=81] expl[d=0] conv[e=0] pin[e=0] maxAbs=3.51e+05   scaleD=3.532e+05  scaleR=4.2       
  FAIL warped 3d 3    mixed        positive  anisotropic rho=998.2   ref=26    nonorth+prev diag[d=27] off[d=108] rhs[d=27] coef[d=81] expl[d=81] conv[e=0] pin[e=0] maxAbs=3.55e+05   scaleD=3.532e+05  scaleR=3.547e+05 
  FAIL warped 3d 3    mixed        negative  uniform    rho=1       ref=0     nonorth      diag[d=27] off[d=108] rhs[d=0] coef[d=81] expl[d=0] conv[e=0] pin[e=0] maxAbs=2.95       scaleD=0.05744    scaleR=4.2       
  FAIL warped 3d 3    mixed        negative  uniform    rho=1       ref=0     nonorth+prev diag[d=27] off[d=108] rhs[d=27] coef[d=81] expl[d=81] conv[e=0] pin[e=0] maxAbs=2.95       scaleD=0.05744    scaleR=4.199     
  FAIL warped 3d 3    mixed        negative  uniform    rho=1       ref=13    nonorth      diag[d=27] off[d=108] rhs[d=0] coef[d=81] expl[d=0] conv[e=0] pin[e=0] maxAbs=2.95       scaleD=0.05744    scaleR=4.2       
  FAIL warped 3d 3    mixed        negative  uniform    rho=1       ref=13    nonorth+prev diag[d=27] off[d=108] rhs[d=27] coef[d=81] expl[d=81] conv[e=0] pin[e=0] maxAbs=2.95       scaleD=0.05744    scaleR=4.199     
  FAIL warped 3d 3    mixed        negative  uniform    rho=1       ref=26    nonorth      diag[d=27] off[d=108] rhs[d=0] coef[d=81] expl[d=0] conv[e=0] pin[e=0] maxAbs=2.95       scaleD=0.05744    scaleR=4.2       
  FAIL warped 3d 3    mixed        negative  uniform    rho=1       ref=26    nonorth+prev diag[d=27] off[d=108] rhs[d=27] coef[d=81] expl[d=81] conv[e=0] pin[e=0] maxAbs=2.95       scaleD=0.05744    scaleR=4.199     
  FAIL warped 3d 3    mixed        negative  uniform    rho=998.2   ref=0     nonorth      diag[d=27] off[d=108] rhs[d=0] coef[d=81] expl[d=0] conv[e=0] pin[e=0] maxAbs=2.94e+03   scaleD=57.34      scaleR=4.2       
  FAIL warped 3d 3    mixed        negative  uniform    rho=998.2   ref=0     nonorth+prev diag[d=27] off[d=108] rhs[d=27] coef[d=81] expl[d=81] conv[e=0] pin[e=0] maxAbs=2.94e+03   scaleD=57.34      scaleR=5.169     
  FAIL warped 3d 3    mixed        negative  uniform    rho=998.2   ref=13    nonorth      diag[d=27] off[d=108] rhs[d=0] coef[d=81] expl[d=0] conv[e=0] pin[e=0] maxAbs=2.94e+03   scaleD=57.34      scaleR=4.2       
  FAIL warped 3d 3    mixed        negative  uniform    rho=998.2   ref=13    nonorth+prev diag[d=27] off[d=108] rhs[d=27] coef[d=81] expl[d=81] conv[e=0] pin[e=0] maxAbs=2.94e+03   scaleD=57.34      scaleR=5.169     
  FAIL warped 3d 3    mixed        negative  uniform    rho=998.2   ref=26    nonorth      diag[d=27] off[d=108] rhs[d=0] coef[d=81] expl[d=0] conv[e=0] pin[e=0] maxAbs=2.94e+03   scaleD=57.34      scaleR=4.2       
  FAIL warped 3d 3    mixed        negative  uniform    rho=998.2   ref=26    nonorth+prev diag[d=27] off[d=108] rhs[d=27] coef[d=81] expl[d=81] conv[e=0] pin[e=0] maxAbs=2.94e+03   scaleD=57.34      scaleR=5.169     
  FAIL warped 3d 3    mixed        negative  varying    rho=1       ref=0     nonorth      diag[d=27] off[d=108] rhs[d=0] coef[d=81] expl[d=0] conv[e=0] pin[e=0] maxAbs=2.97       scaleD=0.06513    scaleR=4.2       
  FAIL warped 3d 3    mixed        negative  varying    rho=1       ref=0     nonorth+prev diag[d=27] off[d=108] rhs[d=27] coef[d=81] expl[d=81] conv[e=0] pin[e=0] maxAbs=2.97       scaleD=0.06513    scaleR=4.199     
  FAIL warped 3d 3    mixed        negative  varying    rho=1       ref=13    nonorth      diag[d=27] off[d=108] rhs[d=0] coef[d=81] expl[d=0] conv[e=0] pin[e=0] maxAbs=2.97       scaleD=0.06513    scaleR=4.2       
  FAIL warped 3d 3    mixed        negative  varying    rho=1       ref=13    nonorth+prev diag[d=27] off[d=108] rhs[d=27] coef[d=81] expl[d=81] conv[e=0] pin[e=0] maxAbs=2.97       scaleD=0.06513    scaleR=4.199     
  FAIL warped 3d 3    mixed        negative  varying    rho=1       ref=26    nonorth      diag[d=27] off[d=108] rhs[d=0] coef[d=81] expl[d=0] conv[e=0] pin[e=0] maxAbs=2.97       scaleD=0.06513    scaleR=4.2       
  FAIL warped 3d 3    mixed        negative  varying    rho=1       ref=26    nonorth+prev diag[d=27] off[d=108] rhs[d=27] coef[d=81] expl[d=81] conv[e=0] pin[e=0] maxAbs=2.97       scaleD=0.06513    scaleR=4.199     
  FAIL warped 3d 3    mixed        negative  varying    rho=998.2   ref=0     nonorth      diag[d=27] off[d=108] rhs[d=0] coef[d=81] expl[d=0] conv[e=0] pin[e=0] maxAbs=2.97e+03   scaleD=65.01      scaleR=4.2       
  FAIL warped 3d 3    mixed        negative  varying    rho=998.2   ref=0     nonorth+prev diag[d=27] off[d=108] rhs[d=27] coef[d=81] expl[d=81] conv[e=0] pin[e=0] maxAbs=2.97e+03   scaleD=65.01      scaleR=5.803     
  FAIL warped 3d 3    mixed        negative  varying    rho=998.2   ref=13    nonorth      diag[d=27] off[d=108] rhs[d=0] coef[d=81] expl[d=0] conv[e=0] pin[e=0] maxAbs=2.97e+03   scaleD=65.01      scaleR=4.2       
  FAIL warped 3d 3    mixed        negative  varying    rho=998.2   ref=13    nonorth+prev diag[d=27] off[d=108] rhs[d=27] coef[d=81] expl[d=81] conv[e=0] pin[e=0] maxAbs=2.97e+03   scaleD=65.01      scaleR=5.803     
  FAIL warped 3d 3    mixed        negative  varying    rho=998.2   ref=26    nonorth      diag[d=27] off[d=108] rhs[d=0] coef[d=81] expl[d=0] conv[e=0] pin[e=0] maxAbs=2.97e+03   scaleD=65.01      scaleR=4.2       
  FAIL warped 3d 3    mixed        negative  varying    rho=998.2   ref=26    nonorth+prev diag[d=27] off[d=108] rhs[d=27] coef[d=81] expl[d=81] conv[e=0] pin[e=0] maxAbs=2.97e+03   scaleD=65.01      scaleR=5.803     
  FAIL warped 3d 3    mixed        negative  anisotropic rho=1       ref=0     nonorth      diag[d=27] off[d=108] rhs[d=0] coef[d=81] expl[d=0] conv[e=0] pin[e=0] maxAbs=351        scaleD=353.9      scaleR=4.2       
  FAIL warped 3d 3    mixed        negative  anisotropic rho=1       ref=0     nonorth+prev diag[d=27] off[d=108] rhs[d=27] coef[d=81] expl[d=81] conv[e=0] pin[e=0] maxAbs=355        scaleD=353.9      scaleR=354.2     
  FAIL warped 3d 3    mixed        negative  anisotropic rho=1       ref=13    nonorth      diag[d=27] off[d=108] rhs[d=0] coef[d=81] expl[d=0] conv[e=0] pin[e=0] maxAbs=351        scaleD=353.9      scaleR=4.2       
  FAIL warped 3d 3    mixed        negative  anisotropic rho=1       ref=13    nonorth+prev diag[d=27] off[d=108] rhs[d=27] coef[d=81] expl[d=81] conv[e=0] pin[e=0] maxAbs=355        scaleD=353.9      scaleR=354.2     
  FAIL warped 3d 3    mixed        negative  anisotropic rho=1       ref=26    nonorth      diag[d=27] off[d=108] rhs[d=0] coef[d=81] expl[d=0] conv[e=0] pin[e=0] maxAbs=351        scaleD=353.9      scaleR=4.2       
  FAIL warped 3d 3    mixed        negative  anisotropic rho=1       ref=26    nonorth+prev diag[d=27] off[d=108] rhs[d=27] coef[d=81] expl[d=81] conv[e=0] pin[e=0] maxAbs=355        scaleD=353.9      scaleR=354.2     
  FAIL warped 3d 3    mixed        negative  anisotropic rho=998.2   ref=0     nonorth      diag[d=27] off[d=108] rhs[d=0] coef[d=81] expl[d=0] conv[e=0] pin[e=0] maxAbs=3.51e+05   scaleD=3.532e+05  scaleR=4.2       
  FAIL warped 3d 3    mixed        negative  anisotropic rho=998.2   ref=0     nonorth+prev diag[d=27] off[d=108] rhs[d=27] coef[d=81] expl[d=81] conv[e=0] pin[e=0] maxAbs=3.55e+05   scaleD=3.532e+05  scaleR=3.547e+05 
  FAIL warped 3d 3    mixed        negative  anisotropic rho=998.2   ref=13    nonorth      diag[d=27] off[d=108] rhs[d=0] coef[d=81] expl[d=0] conv[e=0] pin[e=0] maxAbs=3.51e+05   scaleD=3.532e+05  scaleR=4.2       
  FAIL warped 3d 3    mixed        negative  anisotropic rho=998.2   ref=13    nonorth+prev diag[d=27] off[d=108] rhs[d=27] coef[d=81] expl[d=81] conv[e=0] pin[e=0] maxAbs=3.55e+05   scaleD=3.532e+05  scaleR=3.547e+05 
  FAIL warped 3d 3    mixed        negative  anisotropic rho=998.2   ref=26    nonorth      diag[d=27] off[d=108] rhs[d=0] coef[d=81] expl[d=0] conv[e=0] pin[e=0] maxAbs=3.51e+05   scaleD=3.532e+05  scaleR=4.2       
  FAIL warped 3d 3    mixed        negative  anisotropic rho=998.2   ref=26    nonorth+prev diag[d=27] off[d=108] rhs[d=27] coef[d=81] expl[d=81] conv[e=0] pin[e=0] maxAbs=3.55e+05   scaleD=3.532e+05  scaleR=3.547e+05 
  FAIL warped 3d 3    mixed        mixed     uniform    rho=1       ref=0     nonorth      diag[d=27] off[d=108] rhs[d=0] coef[d=81] expl[d=0] conv[e=0] pin[e=0] maxAbs=2.95       scaleD=0.05744    scaleR=3.4       
  FAIL warped 3d 3    mixed        mixed     uniform    rho=1       ref=0     nonorth+prev diag[d=27] off[d=108] rhs[d=27] coef[d=81] expl[d=81] conv[e=0] pin[e=0] maxAbs=2.95       scaleD=0.05744    scaleR=3.4       
  FAIL warped 3d 3    mixed        mixed     uniform    rho=1       ref=13    nonorth      diag[d=27] off[d=108] rhs[d=0] coef[d=81] expl[d=0] conv[e=0] pin[e=0] maxAbs=2.95       scaleD=0.05744    scaleR=3.4       
  FAIL warped 3d 3    mixed        mixed     uniform    rho=1       ref=13    nonorth+prev diag[d=27] off[d=108] rhs[d=27] coef[d=81] expl[d=81] conv[e=0] pin[e=0] maxAbs=2.95       scaleD=0.05744    scaleR=3.4       
  FAIL warped 3d 3    mixed        mixed     uniform    rho=1       ref=26    nonorth      diag[d=27] off[d=108] rhs[d=0] coef[d=81] expl[d=0] conv[e=0] pin[e=0] maxAbs=2.95       scaleD=0.05744    scaleR=3.4       
  FAIL warped 3d 3    mixed        mixed     uniform    rho=1       ref=26    nonorth+prev diag[d=27] off[d=108] rhs[d=27] coef[d=81] expl[d=81] conv[e=0] pin[e=0] maxAbs=2.95       scaleD=0.05744    scaleR=3.4       
  FAIL warped 3d 3    mixed        mixed     uniform    rho=998.2   ref=0     nonorth      diag[d=27] off[d=108] rhs[d=0] coef[d=81] expl[d=0] conv[e=0] pin[e=0] maxAbs=2.94e+03   scaleD=57.34      scaleR=3.4       
  FAIL warped 3d 3    mixed        mixed     uniform    rho=998.2   ref=0     nonorth+prev diag[d=27] off[d=108] rhs[d=27] coef[d=81] expl[d=81] conv[e=0] pin[e=0] maxAbs=2.94e+03   scaleD=57.34      scaleR=3.24      
  FAIL warped 3d 3    mixed        mixed     uniform    rho=998.2   ref=13    nonorth      diag[d=27] off[d=108] rhs[d=0] coef[d=81] expl[d=0] conv[e=0] pin[e=0] maxAbs=2.94e+03   scaleD=57.34      scaleR=3.4       
  FAIL warped 3d 3    mixed        mixed     uniform    rho=998.2   ref=13    nonorth+prev diag[d=27] off[d=108] rhs[d=27] coef[d=81] expl[d=81] conv[e=0] pin[e=0] maxAbs=2.94e+03   scaleD=57.34      scaleR=3.24      
  FAIL warped 3d 3    mixed        mixed     uniform    rho=998.2   ref=26    nonorth      diag[d=27] off[d=108] rhs[d=0] coef[d=81] expl[d=0] conv[e=0] pin[e=0] maxAbs=2.94e+03   scaleD=57.34      scaleR=3.4       
  FAIL warped 3d 3    mixed        mixed     uniform    rho=998.2   ref=26    nonorth+prev diag[d=27] off[d=108] rhs[d=27] coef[d=81] expl[d=81] conv[e=0] pin[e=0] maxAbs=2.94e+03   scaleD=57.34      scaleR=3.24      
  FAIL warped 3d 3    mixed        mixed     varying    rho=1       ref=0     nonorth      diag[d=27] off[d=108] rhs[d=0] coef[d=81] expl[d=0] conv[e=0] pin[e=0] maxAbs=2.97       scaleD=0.06513    scaleR=3.4       
  FAIL warped 3d 3    mixed        mixed     varying    rho=1       ref=0     nonorth+prev diag[d=27] off[d=108] rhs[d=27] coef[d=81] expl[d=81] conv[e=0] pin[e=0] maxAbs=2.97       scaleD=0.06513    scaleR=3.4       
  FAIL warped 3d 3    mixed        mixed     varying    rho=1       ref=13    nonorth      diag[d=27] off[d=108] rhs[d=0] coef[d=81] expl[d=0] conv[e=0] pin[e=0] maxAbs=2.97       scaleD=0.06513    scaleR=3.4       
  FAIL warped 3d 3    mixed        mixed     varying    rho=1       ref=13    nonorth+prev diag[d=27] off[d=108] rhs[d=27] coef[d=81] expl[d=81] conv[e=0] pin[e=0] maxAbs=2.97       scaleD=0.06513    scaleR=3.4       
  FAIL warped 3d 3    mixed        mixed     varying    rho=1       ref=26    nonorth      diag[d=27] off[d=108] rhs[d=0] coef[d=81] expl[d=0] conv[e=0] pin[e=0] maxAbs=2.97       scaleD=0.06513    scaleR=3.4       
  FAIL warped 3d 3    mixed        mixed     varying    rho=1       ref=26    nonorth+prev diag[d=27] off[d=108] rhs[d=27] coef[d=81] expl[d=81] conv[e=0] pin[e=0] maxAbs=2.97       scaleD=0.06513    scaleR=3.4       
  FAIL warped 3d 3    mixed        mixed     varying    rho=998.2   ref=0     nonorth      diag[d=27] off[d=108] rhs[d=0] coef[d=81] expl[d=0] conv[e=0] pin[e=0] maxAbs=2.97e+03   scaleD=65.01      scaleR=3.4       
  FAIL warped 3d 3    mixed        mixed     varying    rho=998.2   ref=0     nonorth+prev diag[d=27] off[d=108] rhs[d=27] coef[d=81] expl[d=81] conv[e=0] pin[e=0] maxAbs=2.97e+03   scaleD=65.01      scaleR=3.131     
  FAIL warped 3d 3    mixed        mixed     varying    rho=998.2   ref=13    nonorth      diag[d=27] off[d=108] rhs[d=0] coef[d=81] expl[d=0] conv[e=0] pin[e=0] maxAbs=2.97e+03   scaleD=65.01      scaleR=3.4       
  FAIL warped 3d 3    mixed        mixed     varying    rho=998.2   ref=13    nonorth+prev diag[d=27] off[d=108] rhs[d=27] coef[d=81] expl[d=81] conv[e=0] pin[e=0] maxAbs=2.97e+03   scaleD=65.01      scaleR=3.131     
  FAIL warped 3d 3    mixed        mixed     varying    rho=998.2   ref=26    nonorth      diag[d=27] off[d=108] rhs[d=0] coef[d=81] expl[d=0] conv[e=0] pin[e=0] maxAbs=2.97e+03   scaleD=65.01      scaleR=3.4       
  FAIL warped 3d 3    mixed        mixed     varying    rho=998.2   ref=26    nonorth+prev diag[d=27] off[d=108] rhs[d=27] coef[d=81] expl[d=81] conv[e=0] pin[e=0] maxAbs=2.97e+03   scaleD=65.01      scaleR=3.131     
  FAIL warped 3d 3    mixed        mixed     anisotropic rho=1       ref=0     nonorth      diag[d=27] off[d=108] rhs[d=0] coef[d=81] expl[d=0] conv[e=0] pin[e=0] maxAbs=351        scaleD=353.9      scaleR=3.4       
  FAIL warped 3d 3    mixed        mixed     anisotropic rho=1       ref=0     nonorth+prev diag[d=27] off[d=108] rhs[d=27] coef[d=81] expl[d=81] conv[e=0] pin[e=0] maxAbs=355        scaleD=353.9      scaleR=355.8     
  FAIL warped 3d 3    mixed        mixed     anisotropic rho=1       ref=13    nonorth      diag[d=27] off[d=108] rhs[d=0] coef[d=81] expl[d=0] conv[e=0] pin[e=0] maxAbs=351        scaleD=353.9      scaleR=3.4       
  FAIL warped 3d 3    mixed        mixed     anisotropic rho=1       ref=13    nonorth+prev diag[d=27] off[d=108] rhs[d=27] coef[d=81] expl[d=81] conv[e=0] pin[e=0] maxAbs=355        scaleD=353.9      scaleR=355.8     
  FAIL warped 3d 3    mixed        mixed     anisotropic rho=1       ref=26    nonorth      diag[d=27] off[d=108] rhs[d=0] coef[d=81] expl[d=0] conv[e=0] pin[e=0] maxAbs=351        scaleD=353.9      scaleR=3.4       
  FAIL warped 3d 3    mixed        mixed     anisotropic rho=1       ref=26    nonorth+prev diag[d=27] off[d=108] rhs[d=27] coef[d=81] expl[d=81] conv[e=0] pin[e=0] maxAbs=355        scaleD=353.9      scaleR=355.8     
  FAIL warped 3d 3    mixed        mixed     anisotropic rho=998.2   ref=0     nonorth      diag[d=27] off[d=108] rhs[d=0] coef[d=81] expl[d=0] conv[e=0] pin[e=0] maxAbs=3.51e+05   scaleD=3.532e+05  scaleR=3.4       
  FAIL warped 3d 3    mixed        mixed     anisotropic rho=998.2   ref=0     nonorth+prev diag[d=27] off[d=108] rhs[d=27] coef[d=81] expl[d=81] conv[e=0] pin[e=0] maxAbs=3.55e+05   scaleD=3.532e+05  scaleR=3.547e+05 
  FAIL warped 3d 3    mixed        mixed     anisotropic rho=998.2   ref=13    nonorth      diag[d=27] off[d=108] rhs[d=0] coef[d=81] expl[d=0] conv[e=0] pin[e=0] maxAbs=3.51e+05   scaleD=3.532e+05  scaleR=3.4       
  FAIL warped 3d 3    mixed        mixed     anisotropic rho=998.2   ref=13    nonorth+prev diag[d=27] off[d=108] rhs[d=27] coef[d=81] expl[d=81] conv[e=0] pin[e=0] maxAbs=3.55e+05   scaleD=3.532e+05  scaleR=3.547e+05 
  FAIL warped 3d 3    mixed        mixed     anisotropic rho=998.2   ref=26    nonorth      diag[d=27] off[d=108] rhs[d=0] coef[d=81] expl[d=0] conv[e=0] pin[e=0] maxAbs=3.51e+05   scaleD=3.532e+05  scaleR=3.4       
  FAIL warped 3d 3    mixed        mixed     anisotropic rho=998.2   ref=26    nonorth+prev diag[d=27] off[d=108] rhs[d=27] coef[d=81] expl[d=81] conv[e=0] pin[e=0] maxAbs=3.55e+05   scaleD=3.532e+05  scaleR=3.547e+05 
  FAIL warped 3d 3    mixed        swirl     uniform    rho=1       ref=0     nonorth      diag[d=27] off[d=108] rhs[d=0] coef[d=81] expl[d=0] conv[e=0] pin[e=0] maxAbs=2.95       scaleD=0.05744    scaleR=0.004065  
  FAIL warped 3d 3    mixed        swirl     uniform    rho=1       ref=0     nonorth+prev diag[d=27] off[d=108] rhs[d=27] coef[d=81] expl[d=81] conv[e=0] pin[e=0] maxAbs=2.95       scaleD=0.05744    scaleR=0.005822  
  FAIL warped 3d 3    mixed        swirl     uniform    rho=1       ref=13    nonorth      diag[d=27] off[d=108] rhs[d=0] coef[d=81] expl[d=0] conv[e=0] pin[e=0] maxAbs=2.95       scaleD=0.05744    scaleR=0.004065  
  FAIL warped 3d 3    mixed        swirl     uniform    rho=1       ref=13    nonorth+prev diag[d=27] off[d=108] rhs[d=27] coef[d=81] expl[d=81] conv[e=0] pin[e=0] maxAbs=2.95       scaleD=0.05744    scaleR=0.005822  
  FAIL warped 3d 3    mixed        swirl     uniform    rho=1       ref=26    nonorth      diag[d=27] off[d=108] rhs[d=0] coef[d=81] expl[d=0] conv[e=0] pin[e=0] maxAbs=2.95       scaleD=0.05744    scaleR=0.004065  
  FAIL warped 3d 3    mixed        swirl     uniform    rho=1       ref=26    nonorth+prev diag[d=27] off[d=108] rhs[d=27] coef[d=81] expl[d=81] conv[e=0] pin[e=0] maxAbs=2.95       scaleD=0.05744    scaleR=0.005822  
  FAIL warped 3d 3    mixed        swirl     uniform    rho=998.2   ref=0     nonorth      diag[d=27] off[d=108] rhs[d=0] coef[d=81] expl[d=0] conv[e=0] pin[e=0] maxAbs=2.94e+03   scaleD=57.34      scaleR=0.004065  
  FAIL warped 3d 3    mixed        swirl     uniform    rho=998.2   ref=0     nonorth+prev diag[d=27] off[d=108] rhs[d=27] coef[d=81] expl[d=81] conv[e=0] pin[e=0] maxAbs=2.94e+03   scaleD=57.34      scaleR=2.366     
  FAIL warped 3d 3    mixed        swirl     uniform    rho=998.2   ref=13    nonorth      diag[d=27] off[d=108] rhs[d=0] coef[d=81] expl[d=0] conv[e=0] pin[e=0] maxAbs=2.94e+03   scaleD=57.34      scaleR=0.004065  
  FAIL warped 3d 3    mixed        swirl     uniform    rho=998.2   ref=13    nonorth+prev diag[d=27] off[d=108] rhs[d=27] coef[d=81] expl[d=81] conv[e=0] pin[e=0] maxAbs=2.94e+03   scaleD=57.34      scaleR=2.366     
  FAIL warped 3d 3    mixed        swirl     uniform    rho=998.2   ref=26    nonorth      diag[d=27] off[d=108] rhs[d=0] coef[d=81] expl[d=0] conv[e=0] pin[e=0] maxAbs=2.94e+03   scaleD=57.34      scaleR=0.004065  
  FAIL warped 3d 3    mixed        swirl     uniform    rho=998.2   ref=26    nonorth+prev diag[d=27] off[d=108] rhs[d=27] coef[d=81] expl[d=81] conv[e=0] pin[e=0] maxAbs=2.94e+03   scaleD=57.34      scaleR=2.366     
  FAIL warped 3d 3    mixed        swirl     varying    rho=1       ref=0     nonorth      diag[d=27] off[d=108] rhs[d=0] coef[d=81] expl[d=0] conv[e=0] pin[e=0] maxAbs=2.97       scaleD=0.06513    scaleR=0.004065  
  FAIL warped 3d 3    mixed        swirl     varying    rho=1       ref=0     nonorth+prev diag[d=27] off[d=108] rhs[d=27] coef[d=81] expl[d=81] conv[e=0] pin[e=0] maxAbs=2.97       scaleD=0.06513    scaleR=0.006391  
  FAIL warped 3d 3    mixed        swirl     varying    rho=1       ref=13    nonorth      diag[d=27] off[d=108] rhs[d=0] coef[d=81] expl[d=0] conv[e=0] pin[e=0] maxAbs=2.97       scaleD=0.06513    scaleR=0.004065  
  FAIL warped 3d 3    mixed        swirl     varying    rho=1       ref=13    nonorth+prev diag[d=27] off[d=108] rhs[d=27] coef[d=81] expl[d=81] conv[e=0] pin[e=0] maxAbs=2.97       scaleD=0.06513    scaleR=0.006391  
  FAIL warped 3d 3    mixed        swirl     varying    rho=1       ref=26    nonorth      diag[d=27] off[d=108] rhs[d=0] coef[d=81] expl[d=0] conv[e=0] pin[e=0] maxAbs=2.97       scaleD=0.06513    scaleR=0.004065  
  FAIL warped 3d 3    mixed        swirl     varying    rho=1       ref=26    nonorth+prev diag[d=27] off[d=108] rhs[d=27] coef[d=81] expl[d=81] conv[e=0] pin[e=0] maxAbs=2.97       scaleD=0.06513    scaleR=0.006391  
  FAIL warped 3d 3    mixed        swirl     varying    rho=998.2   ref=0     nonorth      diag[d=27] off[d=108] rhs[d=0] coef[d=81] expl[d=0] conv[e=0] pin[e=0] maxAbs=2.97e+03   scaleD=65.01      scaleR=0.004065  
  FAIL warped 3d 3    mixed        swirl     varying    rho=998.2   ref=0     nonorth+prev diag[d=27] off[d=108] rhs[d=27] coef[d=81] expl[d=81] conv[e=0] pin[e=0] maxAbs=2.97e+03   scaleD=65.01      scaleR=3.007     
  FAIL warped 3d 3    mixed        swirl     varying    rho=998.2   ref=13    nonorth      diag[d=27] off[d=108] rhs[d=0] coef[d=81] expl[d=0] conv[e=0] pin[e=0] maxAbs=2.97e+03   scaleD=65.01      scaleR=0.004065  
  FAIL warped 3d 3    mixed        swirl     varying    rho=998.2   ref=13    nonorth+prev diag[d=27] off[d=108] rhs[d=27] coef[d=81] expl[d=81] conv[e=0] pin[e=0] maxAbs=2.97e+03   scaleD=65.01      scaleR=3.007     
  FAIL warped 3d 3    mixed        swirl     varying    rho=998.2   ref=26    nonorth      diag[d=27] off[d=108] rhs[d=0] coef[d=81] expl[d=0] conv[e=0] pin[e=0] maxAbs=2.97e+03   scaleD=65.01      scaleR=0.004065  
  FAIL warped 3d 3    mixed        swirl     varying    rho=998.2   ref=26    nonorth+prev diag[d=27] off[d=108] rhs[d=27] coef[d=81] expl[d=81] conv[e=0] pin[e=0] maxAbs=2.97e+03   scaleD=65.01      scaleR=3.007     
  FAIL warped 3d 3    mixed        swirl     anisotropic rho=1       ref=0     nonorth      diag[d=27] off[d=108] rhs[d=0] coef[d=81] expl[d=0] conv[e=0] pin[e=0] maxAbs=351        scaleD=353.9      scaleR=0.004065  
  FAIL warped 3d 3    mixed        swirl     anisotropic rho=1       ref=0     nonorth+prev diag[d=27] off[d=108] rhs[d=27] coef[d=81] expl[d=81] conv[e=0] pin[e=0] maxAbs=355        scaleD=353.9      scaleR=355.3     
  FAIL warped 3d 3    mixed        swirl     anisotropic rho=1       ref=13    nonorth      diag[d=27] off[d=108] rhs[d=0] coef[d=81] expl[d=0] conv[e=0] pin[e=0] maxAbs=351        scaleD=353.9      scaleR=0.004065  
  FAIL warped 3d 3    mixed        swirl     anisotropic rho=1       ref=13    nonorth+prev diag[d=27] off[d=108] rhs[d=27] coef[d=81] expl[d=81] conv[e=0] pin[e=0] maxAbs=355        scaleD=353.9      scaleR=355.3     
  FAIL warped 3d 3    mixed        swirl     anisotropic rho=1       ref=26    nonorth      diag[d=27] off[d=108] rhs[d=0] coef[d=81] expl[d=0] conv[e=0] pin[e=0] maxAbs=351        scaleD=353.9      scaleR=0.004065  
  FAIL warped 3d 3    mixed        swirl     anisotropic rho=1       ref=26    nonorth+prev diag[d=27] off[d=108] rhs[d=27] coef[d=81] expl[d=81] conv[e=0] pin[e=0] maxAbs=355        scaleD=353.9      scaleR=355.3     
  FAIL warped 3d 3    mixed        swirl     anisotropic rho=998.2   ref=0     nonorth      diag[d=27] off[d=108] rhs[d=0] coef[d=81] expl[d=0] conv[e=0] pin[e=0] maxAbs=3.51e+05   scaleD=3.532e+05  scaleR=0.004065  
  FAIL warped 3d 3    mixed        swirl     anisotropic rho=998.2   ref=0     nonorth+prev diag[d=27] off[d=108] rhs[d=27] coef[d=81] expl[d=81] conv[e=0] pin[e=0] maxAbs=3.55e+05   scaleD=3.532e+05  scaleR=3.547e+05 
  FAIL warped 3d 3    mixed        swirl     anisotropic rho=998.2   ref=13    nonorth      diag[d=27] off[d=108] rhs[d=0] coef[d=81] expl[d=0] conv[e=0] pin[e=0] maxAbs=3.51e+05   scaleD=3.532e+05  scaleR=0.004065  
  FAIL warped 3d 3    mixed        swirl     anisotropic rho=998.2   ref=13    nonorth+prev diag[d=27] off[d=108] rhs[d=27] coef[d=81] expl[d=81] conv[e=0] pin[e=0] maxAbs=3.55e+05   scaleD=3.532e+05  scaleR=3.547e+05 
  FAIL warped 3d 3    mixed        swirl     anisotropic rho=998.2   ref=26    nonorth      diag[d=27] off[d=108] rhs[d=0] coef[d=81] expl[d=0] conv[e=0] pin[e=0] maxAbs=3.51e+05   scaleD=3.532e+05  scaleR=0.004065  
  FAIL warped 3d 3    mixed        swirl     anisotropic rho=998.2   ref=26    nonorth+prev diag[d=27] off[d=108] rhs[d=27] coef[d=81] expl[d=81] conv[e=0] pin[e=0] maxAbs=3.55e+05   scaleD=3.532e+05  scaleR=3.547e+05 
  PASS L2 warped 3d 3    scheme=0 a=0.7   chain A[d=0] rhs[d=0] maxAbs=0          scale=3.992
  PASS L2 warped 3d 3    scheme=3 a=0.7   chain A[d=0] rhs[d=0] maxAbs=0          scale=3.992

=== coverage ===
  2D / 3D cases                     810 / 810
  pinned / unpinned cases           540 / 1080
  faces with owner==ref / neighbour==ref / neither  10 / 9 / 4787
  decomposition fallbacks observed  6765
  faces inside the 1e-6 guard band  69
  coupled (FixedValue) boundary faces 22680
  faces carrying an explicit term   141660
  nonOrthogonal off / on            540 / 1080
  meshes with axis-aligned coupling 0
  meshes with general coupling      6
  continuity/RHS convention checks  1620
  integrated chain cases            4
  sparsity pattern mismatches       0
  coefficients compared             2605663
  bitwise-identical                 1150518
  max absolute discrepancy          4.67e+07
  max relative discrepancy          1e+10

cases=1654 failures=1092
PRESSURE CORRECTION EQUIVALENCE: FAIL
