# vtk DataFile Version 3.0
CFDApp solution
ASCII
DATASET UNSTRUCTURED_GRID
POINTS 1899 double
0.00000000000000000e+00 5.00000000000000000e-01 0
1.25000000000000000e-01 5.00000000000000000e-01 0
2.50000000000000000e-01 5.00000000000000000e-01 0
3.75000000000000000e-01 5.00000000000000000e-01 0
5.00000000000000000e-01 5.00000000000000000e-01 0
6.25000000000000000e-01 5.00000000000000000e-01 0
7.50000000000000000e-01 5.00000000000000000e-01 0
8.75000000000000000e-01 5.00000000000000000e-01 0
1.00000000000000000e+00 5.00000000000000000e-01 0
1.12500000000000000e+00 5.00000000000000000e-01 0
1.25000000000000000e+00 5.00000000000000000e-01 0
1.37500000000000000e+00 5.00000000000000000e-01 0
1.50000000000000000e+00 5.00000000000000000e-01 0
1.62500000000000000e+00 5.00000000000000000e-01 0
1.75000000000000000e+00 5.00000000000000000e-01 0
1.87500000000000000e+00 5.00000000000000000e-01 0
2.00000000000000000e+00 5.00000000000000000e-01 0
0.00000000000000000e+00 5.62500000000000000e-01 0
1.25000000000000000e-01 5.62500000000000000e-01 0
2.50000000000000000e-01 5.62500000000000000e-01 0
3.75000000000000000e-01 5.62500000000000000e-01 0
5.00000000000000000e-01 5.62500000000000000e-01 0
6.25000000000000000e-01 5.62500000000000000e-01 0
7.50000000000000000e-01 5.62500000000000000e-01 0
8.75000000000000000e-01 5.62500000000000000e-01 0
1.00000000000000000e+00 5.62500000000000000e-01 0
1.12500000000000000e+00 5.62500000000000000e-01 0
1.25000000000000000e+00 5.62500000000000000e-01 0
1.37500000000000000e+00 5.62500000000000000e-01 0
1.50000000000000000e+00 5.62500000000000000e-01 0
1.62500000000000000e+00 5.62500000000000000e-01 0
1.75000000000000000e+00 5.62500000000000000e-01 0
1.87500000000000000e+00 5.62500000000000000e-01 0
2.00000000000000000e+00 5.62500000000000000e-01 0
0.00000000000000000e+00 6.25000000000000000e-01 0
1.25000000000000000e-01 6.25000000000000000e-01 0
2.50000000000000000e-01 6.25000000000000000e-01 0
3.75000000000000000e-01 6.25000000000000000e-01 0
5.00000000000000000e-01 6.25000000000000000e-01 0
6.25000000000000000e-01 6.25000000000000000e-01 0
7.50000000000000000e-01 6.25000000000000000e-01 0
8.75000000000000000e-01 6.25000000000000000e-01 0
1.00000000000000000e+00 6.25000000000000000e-01 0
1.12500000000000000e+00 6.25000000000000000e-01 0
1.25000000000000000e+00 6.25000000000000000e-01 0
1.37500000000000000e+00 6.25000000000000000e-01 0
1.50000000000000000e+00 6.25000000000000000e-01 0
1.62500000000000000e+00 6.25000000000000000e-01 0
1.75000000000000000e+00 6.25000000000000000e-01 0
1.87500000000000000e+00 6.25000000000000000e-01 0
2.00000000000000000e+00 6.25000000000000000e-01 0
0.00000000000000000e+00 6.87500000000000000e-01 0
1.25000000000000000e-01 6.87500000000000000e-01 0
2.50000000000000000e-01 6.87500000000000000e-01 0
3.75000000000000000e-01 6.87500000000000000e-01 0
5.00000000000000000e-01 6.87500000000000000e-01 0
6.25000000000000000e-01 6.87500000000000000e-01 0
7.50000000000000000e-01 6.87500000000000000e-01 0
8.75000000000000000e-01 6.87500000000000000e-01 0
1.00000000000000000e+00 6.87500000000000000e-01 0
1.12500000000000000e+00 6.87500000000000000e-01 0
1.25000000000000000e+00 6.87500000000000000e-01 0
1.37500000000000000e+00 6.87500000000000000e-01 0
1.50000000000000000e+00 6.87500000000000000e-01 0
1.62500000000000000e+00 6.87500000000000000e-01 0
1.75000000000000000e+00 6.87500000000000000e-01 0
1.87500000000000000e+00 6.87500000000000000e-01 0
2.00000000000000000e+00 6.87500000000000000e-01 0
0.00000000000000000e+00 7.50000000000000000e-01 0
1.25000000000000000e-01 7.50000000000000000e-01 0
2.50000000000000000e-01 7.50000000000000000e-01 0
3.75000000000000000e-01 7.50000000000000000e-01 0
5.00000000000000000e-01 7.50000000000000000e-01 0
6.25000000000000000e-01 7.50000000000000000e-01 0
7.50000000000000000e-01 7.50000000000000000e-01 0
8.75000000000000000e-01 7.50000000000000000e-01 0
1.00000000000000000e+00 7.50000000000000000e-01 0
1.12500000000000000e+00 7.50000000000000000e-01 0
1.25000000000000000e+00 7.50000000000000000e-01 0
1.37500000000000000e+00 7.50000000000000000e-01 0
1.50000000000000000e+00 7.50000000000000000e-01 0
1.62500000000000000e+00 7.50000000000000000e-01 0
1.75000000000000000e+00 7.50000000000000000e-01 0
1.87500000000000000e+00 7.50000000000000000e-01 0
2.00000000000000000e+00 7.50000000000000000e-01 0
0.00000000000000000e+00 8.12500000000000000e-01 0
1.25000000000000000e-01 8.12500000000000000e-01 0
2.50000000000000000e-01 8.12500000000000000e-01 0
3.75000000000000000e-01 8.12500000000000000e-01 0
5.00000000000000000e-01 8.12500000000000000e-01 0
6.25000000000000000e-01 8.12500000000000000e-01 0
7.50000000000000000e-01 8.12500000000000000e-01 0
8.75000000000000000e-01 8.12500000000000000e-01 0
1.00000000000000000e+00 8.12500000000000000e-01 0
1.12500000000000000e+00 8.12500000000000000e-01 0
1.25000000000000000e+00 8.12500000000000000e-01 0
1.37500000000000000e+00 8.12500000000000000e-01 0
1.50000000000000000e+00 8.12500000000000000e-01 0
1.62500000000000000e+00 8.12500000000000000e-01 0
1.75000000000000000e+00 8.12500000000000000e-01 0
1.87500000000000000e+00 8.12500000000000000e-01 0
2.00000000000000000e+00 8.12500000000000000e-01 0
0.00000000000000000e+00 8.75000000000000000e-01 0
1.25000000000000000e-01 8.75000000000000000e-01 0
2.50000000000000000e-01 8.75000000000000000e-01 0
3.75000000000000000e-01 8.75000000000000000e-01 0
5.00000000000000000e-01 8.75000000000000000e-01 0
6.25000000000000000e-01 8.75000000000000000e-01 0
7.50000000000000000e-01 8.75000000000000000e-01 0
8.75000000000000000e-01 8.75000000000000000e-01 0
1.00000000000000000e+00 8.75000000000000000e-01 0
1.12500000000000000e+00 8.75000000000000000e-01 0
1.25000000000000000e+00 8.75000000000000000e-01 0
1.37500000000000000e+00 8.75000000000000000e-01 0
1.50000000000000000e+00 8.75000000000000000e-01 0
1.62500000000000000e+00 8.75000000000000000e-01 0
1.75000000000000000e+00 8.75000000000000000e-01 0
1.87500000000000000e+00 8.75000000000000000e-01 0
2.00000000000000000e+00 8.75000000000000000e-01 0
0.00000000000000000e+00 9.37500000000000000e-01 0
1.25000000000000000e-01 9.37500000000000000e-01 0
2.50000000000000000e-01 9.37500000000000000e-01 0
3.75000000000000000e-01 9.37500000000000000e-01 0
5.00000000000000000e-01 9.37500000000000000e-01 0
6.25000000000000000e-01 9.37500000000000000e-01 0
7.50000000000000000e-01 9.37500000000000000e-01 0
8.75000000000000000e-01 9.37500000000000000e-01 0
1.00000000000000000e+00 9.37500000000000000e-01 0
1.12500000000000000e+00 9.37500000000000000e-01 0
1.25000000000000000e+00 9.37500000000000000e-01 0
1.37500000000000000e+00 9.37500000000000000e-01 0
1.50000000000000000e+00 9.37500000000000000e-01 0
1.62500000000000000e+00 9.37500000000000000e-01 0
1.75000000000000000e+00 9.37500000000000000e-01 0
1.87500000000000000e+00 9.37500000000000000e-01 0
2.00000000000000000e+00 9.37500000000000000e-01 0
0.00000000000000000e+00 1.00000000000000000e+00 0
1.25000000000000000e-01 1.00000000000000000e+00 0
2.50000000000000000e-01 1.00000000000000000e+00 0
3.75000000000000000e-01 1.00000000000000000e+00 0
5.00000000000000000e-01 1.00000000000000000e+00 0
6.25000000000000000e-01 1.00000000000000000e+00 0
7.50000000000000000e-01 1.00000000000000000e+00 0
8.75000000000000000e-01 1.00000000000000000e+00 0
1.00000000000000000e+00 1.00000000000000000e+00 0
1.12500000000000000e+00 1.00000000000000000e+00 0
1.25000000000000000e+00 1.00000000000000000e+00 0
1.37500000000000000e+00 1.00000000000000000e+00 0
1.50000000000000000e+00 1.00000000000000000e+00 0
1.62500000000000000e+00 1.00000000000000000e+00 0
1.75000000000000000e+00 1.00000000000000000e+00 0
1.87500000000000000e+00 1.00000000000000000e+00 0
2.00000000000000000e+00 1.00000000000000000e+00 0
2.00000000000000000e+00 5.00000000000000000e-01 0
2.12500000000000000e+00 5.00000000000000000e-01 0
2.25000000000000000e+00 5.00000000000000000e-01 0
2.37500000000000000e+00 5.00000000000000000e-01 0
2.50000000000000000e+00 5.00000000000000000e-01 0
2.62500000000000000e+00 5.00000000000000000e-01 0
2.75000000000000000e+00 5.00000000000000000e-01 0
2.87500000000000000e+00 5.00000000000000000e-01 0
3.00000000000000000e+00 5.00000000000000000e-01 0
3.12500000000000000e+00 5.00000000000000000e-01 0
3.25000000000000000e+00 5.00000000000000000e-01 0
3.37500000000000000e+00 5.00000000000000000e-01 0
3.50000000000000000e+00 5.00000000000000000e-01 0
3.62500000000000000e+00 5.00000000000000000e-01 0
3.75000000000000000e+00 5.00000000000000000e-01 0
3.87500000000000000e+00 5.00000000000000000e-01 0
4.00000000000000000e+00 5.00000000000000000e-01 0
4.12500000000000000e+00 5.00000000000000000e-01 0
4.25000000000000000e+00 5.00000000000000000e-01 0
4.37500000000000000e+00 5.00000000000000000e-01 0
4.50000000000000000e+00 5.00000000000000000e-01 0
4.62500000000000000e+00 5.00000000000000000e-01 0
4.75000000000000000e+00 5.00000000000000000e-01 0
4.87500000000000000e+00 5.00000000000000000e-01 0
5.00000000000000000e+00 5.00000000000000000e-01 0
5.12500000000000000e+00 5.00000000000000000e-01 0
5.25000000000000000e+00 5.00000000000000000e-01 0
5.37500000000000000e+00 5.00000000000000000e-01 0
5.50000000000000000e+00 5.00000000000000000e-01 0
5.62500000000000000e+00 5.00000000000000000e-01 0
5.75000000000000000e+00 5.00000000000000000e-01 0
5.87500000000000000e+00 5.00000000000000000e-01 0
6.00000000000000000e+00 5.00000000000000000e-01 0
6.12500000000000000e+00 5.00000000000000000e-01 0
6.25000000000000000e+00 5.00000000000000000e-01 0
6.37500000000000000e+00 5.00000000000000000e-01 0
6.50000000000000000e+00 5.00000000000000000e-01 0
6.62500000000000000e+00 5.00000000000000000e-01 0
6.75000000000000000e+00 5.00000000000000000e-01 0
6.87500000000000000e+00 5.00000000000000000e-01 0
7.00000000000000000e+00 5.00000000000000000e-01 0
7.12500000000000000e+00 5.00000000000000000e-01 0
7.25000000000000000e+00 5.00000000000000000e-01 0
7.37500000000000000e+00 5.00000000000000000e-01 0
7.50000000000000000e+00 5.00000000000000000e-01 0
7.62500000000000000e+00 5.00000000000000000e-01 0
7.75000000000000000e+00 5.00000000000000000e-01 0
7.87500000000000000e+00 5.00000000000000000e-01 0
8.00000000000000000e+00 5.00000000000000000e-01 0
8.12500000000000000e+00 5.00000000000000000e-01 0
8.25000000000000000e+00 5.00000000000000000e-01 0
8.37500000000000000e+00 5.00000000000000000e-01 0
8.50000000000000000e+00 5.00000000000000000e-01 0
8.62500000000000000e+00 5.00000000000000000e-01 0
8.75000000000000000e+00 5.00000000000000000e-01 0
8.87500000000000000e+00 5.00000000000000000e-01 0
9.00000000000000000e+00 5.00000000000000000e-01 0
9.12500000000000000e+00 5.00000000000000000e-01 0
9.25000000000000000e+00 5.00000000000000000e-01 0
9.37500000000000000e+00 5.00000000000000000e-01 0
9.50000000000000000e+00 5.00000000000000000e-01 0
9.62500000000000000e+00 5.00000000000000000e-01 0
9.75000000000000000e+00 5.00000000000000000e-01 0
9.87500000000000000e+00 5.00000000000000000e-01 0
1.00000000000000000e+01 5.00000000000000000e-01 0
1.01250000000000000e+01 5.00000000000000000e-01 0
1.02500000000000000e+01 5.00000000000000000e-01 0
1.03750000000000000e+01 5.00000000000000000e-01 0
1.05000000000000000e+01 5.00000000000000000e-01 0
1.06250000000000000e+01 5.00000000000000000e-01 0
1.07500000000000000e+01 5.00000000000000000e-01 0
1.08750000000000000e+01 5.00000000000000000e-01 0
1.10000000000000000e+01 5.00000000000000000e-01 0
1.11250000000000000e+01 5.00000000000000000e-01 0
1.12500000000000000e+01 5.00000000000000000e-01 0
1.13750000000000000e+01 5.00000000000000000e-01 0
1.15000000000000000e+01 5.00000000000000000e-01 0
1.16250000000000000e+01 5.00000000000000000e-01 0
1.17500000000000000e+01 5.00000000000000000e-01 0
1.18750000000000000e+01 5.00000000000000000e-01 0
1.20000000000000000e+01 5.00000000000000000e-01 0
1.21250000000000000e+01 5.00000000000000000e-01 0
1.22500000000000000e+01 5.00000000000000000e-01 0
1.23750000000000000e+01 5.00000000000000000e-01 0
1.25000000000000000e+01 5.00000000000000000e-01 0
1.26250000000000000e+01 5.00000000000000000e-01 0
1.27500000000000000e+01 5.00000000000000000e-01 0
1.28750000000000000e+01 5.00000000000000000e-01 0
1.30000000000000000e+01 5.00000000000000000e-01 0
1.31250000000000000e+01 5.00000000000000000e-01 0
1.32500000000000000e+01 5.00000000000000000e-01 0
1.33750000000000000e+01 5.00000000000000000e-01 0
1.35000000000000000e+01 5.00000000000000000e-01 0
1.36250000000000000e+01 5.00000000000000000e-01 0
1.37500000000000000e+01 5.00000000000000000e-01 0
1.38750000000000000e+01 5.00000000000000000e-01 0
1.40000000000000000e+01 5.00000000000000000e-01 0
2.00000000000000000e+00 5.62500000000000000e-01 0
2.12500000000000000e+00 5.62500000000000000e-01 0
2.25000000000000000e+00 5.62500000000000000e-01 0
2.37500000000000000e+00 5.62500000000000000e-01 0
2.50000000000000000e+00 5.62500000000000000e-01 0
2.62500000000000000e+00 5.62500000000000000e-01 0
2.75000000000000000e+00 5.62500000000000000e-01 0
2.87500000000000000e+00 5.62500000000000000e-01 0
3.00000000000000000e+00 5.62500000000000000e-01 0
3.12500000000000000e+00 5.62500000000000000e-01 0
3.25000000000000000e+00 5.62500000000000000e-01 0
3.37500000000000000e+00 5.62500000000000000e-01 0
3.50000000000000000e+00 5.62500000000000000e-01 0
3.62500000000000000e+00 5.62500000000000000e-01 0
3.75000000000000000e+00 5.62500000000000000e-01 0
3.87500000000000000e+00 5.62500000000000000e-01 0
4.00000000000000000e+00 5.62500000000000000e-01 0
4.12500000000000000e+00 5.62500000000000000e-01 0
4.25000000000000000e+00 5.62500000000000000e-01 0
4.37500000000000000e+00 5.62500000000000000e-01 0
4.50000000000000000e+00 5.62500000000000000e-01 0
4.62500000000000000e+00 5.62500000000000000e-01 0
4.75000000000000000e+00 5.62500000000000000e-01 0
4.87500000000000000e+00 5.62500000000000000e-01 0
5.00000000000000000e+00 5.62500000000000000e-01 0
5.12500000000000000e+00 5.62500000000000000e-01 0
5.25000000000000000e+00 5.62500000000000000e-01 0
5.37500000000000000e+00 5.62500000000000000e-01 0
5.50000000000000000e+00 5.62500000000000000e-01 0
5.62500000000000000e+00 5.62500000000000000e-01 0
5.75000000000000000e+00 5.62500000000000000e-01 0
5.87500000000000000e+00 5.62500000000000000e-01 0
6.00000000000000000e+00 5.62500000000000000e-01 0
6.12500000000000000e+00 5.62500000000000000e-01 0
6.25000000000000000e+00 5.62500000000000000e-01 0
6.37500000000000000e+00 5.62500000000000000e-01 0
6.50000000000000000e+00 5.62500000000000000e-01 0
6.62500000000000000e+00 5.62500000000000000e-01 0
6.75000000000000000e+00 5.62500000000000000e-01 0
6.87500000000000000e+00 5.62500000000000000e-01 0
7.00000000000000000e+00 5.62500000000000000e-01 0
7.12500000000000000e+00 5.62500000000000000e-01 0
7.25000000000000000e+00 5.62500000000000000e-01 0
7.37500000000000000e+00 5.62500000000000000e-01 0
7.50000000000000000e+00 5.62500000000000000e-01 0
7.62500000000000000e+00 5.62500000000000000e-01 0
7.75000000000000000e+00 5.62500000000000000e-01 0
7.87500000000000000e+00 5.62500000000000000e-01 0
8.00000000000000000e+00 5.62500000000000000e-01 0
8.12500000000000000e+00 5.62500000000000000e-01 0
8.25000000000000000e+00 5.62500000000000000e-01 0
8.37500000000000000e+00 5.62500000000000000e-01 0
8.50000000000000000e+00 5.62500000000000000e-01 0
8.62500000000000000e+00 5.62500000000000000e-01 0
8.75000000000000000e+00 5.62500000000000000e-01 0
8.87500000000000000e+00 5.62500000000000000e-01 0
9.00000000000000000e+00 5.62500000000000000e-01 0
9.12500000000000000e+00 5.62500000000000000e-01 0
9.25000000000000000e+00 5.62500000000000000e-01 0
9.37500000000000000e+00 5.62500000000000000e-01 0
9.50000000000000000e+00 5.62500000000000000e-01 0
9.62500000000000000e+00 5.62500000000000000e-01 0
9.75000000000000000e+00 5.62500000000000000e-01 0
9.87500000000000000e+00 5.62500000000000000e-01 0
1.00000000000000000e+01 5.62500000000000000e-01 0
1.01250000000000000e+01 5.62500000000000000e-01 0
1.02500000000000000e+01 5.62500000000000000e-01 0
1.03750000000000000e+01 5.62500000000000000e-01 0
1.05000000000000000e+01 5.62500000000000000e-01 0
1.06250000000000000e+01 5.62500000000000000e-01 0
1.07500000000000000e+01 5.62500000000000000e-01 0
1.08750000000000000e+01 5.62500000000000000e-01 0
1.10000000000000000e+01 5.62500000000000000e-01 0
1.11250000000000000e+01 5.62500000000000000e-01 0
1.12500000000000000e+01 5.62500000000000000e-01 0
1.13750000000000000e+01 5.62500000000000000e-01 0
1.15000000000000000e+01 5.62500000000000000e-01 0
1.16250000000000000e+01 5.62500000000000000e-01 0
1.17500000000000000e+01 5.62500000000000000e-01 0
1.18750000000000000e+01 5.62500000000000000e-01 0
1.20000000000000000e+01 5.62500000000000000e-01 0
1.21250000000000000e+01 5.62500000000000000e-01 0
1.22500000000000000e+01 5.62500000000000000e-01 0
1.23750000000000000e+01 5.62500000000000000e-01 0
1.25000000000000000e+01 5.62500000000000000e-01 0
1.26250000000000000e+01 5.62500000000000000e-01 0
1.27500000000000000e+01 5.62500000000000000e-01 0
1.28750000000000000e+01 5.62500000000000000e-01 0
1.30000000000000000e+01 5.62500000000000000e-01 0
1.31250000000000000e+01 5.62500000000000000e-01 0
1.32500000000000000e+01 5.62500000000000000e-01 0
1.33750000000000000e+01 5.62500000000000000e-01 0
1.35000000000000000e+01 5.62500000000000000e-01 0
1.36250000000000000e+01 5.62500000000000000e-01 0
1.37500000000000000e+01 5.62500000000000000e-01 0
1.38750000000000000e+01 5.62500000000000000e-01 0
1.40000000000000000e+01 5.62500000000000000e-01 0
2.00000000000000000e+00 6.25000000000000000e-01 0
2.12500000000000000e+00 6.25000000000000000e-01 0
2.25000000000000000e+00 6.25000000000000000e-01 0
2.37500000000000000e+00 6.25000000000000000e-01 0
2.50000000000000000e+00 6.25000000000000000e-01 0
2.62500000000000000e+00 6.25000000000000000e-01 0
2.75000000000000000e+00 6.25000000000000000e-01 0
2.87500000000000000e+00 6.25000000000000000e-01 0
3.00000000000000000e+00 6.25000000000000000e-01 0
3.12500000000000000e+00 6.25000000000000000e-01 0
3.25000000000000000e+00 6.25000000000000000e-01 0
3.37500000000000000e+00 6.25000000000000000e-01 0
3.50000000000000000e+00 6.25000000000000000e-01 0
3.62500000000000000e+00 6.25000000000000000e-01 0
3.75000000000000000e+00 6.25000000000000000e-01 0
3.87500000000000000e+00 6.25000000000000000e-01 0
4.00000000000000000e+00 6.25000000000000000e-01 0
4.12500000000000000e+00 6.25000000000000000e-01 0
4.25000000000000000e+00 6.25000000000000000e-01 0
4.37500000000000000e+00 6.25000000000000000e-01 0
4.50000000000000000e+00 6.25000000000000000e-01 0
4.62500000000000000e+00 6.25000000000000000e-01 0
4.75000000000000000e+00 6.25000000000000000e-01 0
4.87500000000000000e+00 6.25000000000000000e-01 0
5.00000000000000000e+00 6.25000000000000000e-01 0
5.12500000000000000e+00 6.25000000000000000e-01 0
5.25000000000000000e+00 6.25000000000000000e-01 0
5.37500000000000000e+00 6.25000000000000000e-01 0
5.50000000000000000e+00 6.25000000000000000e-01 0
5.62500000000000000e+00 6.25000000000000000e-01 0
5.75000000000000000e+00 6.25000000000000000e-01 0
5.87500000000000000e+00 6.25000000000000000e-01 0
6.00000000000000000e+00 6.25000000000000000e-01 0
6.12500000000000000e+00 6.25000000000000000e-01 0
6.25000000000000000e+00 6.25000000000000000e-01 0
6.37500000000000000e+00 6.25000000000000000e-01 0
6.50000000000000000e+00 6.25000000000000000e-01 0
6.62500000000000000e+00 6.25000000000000000e-01 0
6.75000000000000000e+00 6.25000000000000000e-01 0
6.87500000000000000e+00 6.25000000000000000e-01 0
7.00000000000000000e+00 6.25000000000000000e-01 0
7.12500000000000000e+00 6.25000000000000000e-01 0
7.25000000000000000e+00 6.25000000000000000e-01 0
7.37500000000000000e+00 6.25000000000000000e-01 0
7.50000000000000000e+00 6.25000000000000000e-01 0
7.62500000000000000e+00 6.25000000000000000e-01 0
7.75000000000000000e+00 6.25000000000000000e-01 0
7.87500000000000000e+00 6.25000000000000000e-01 0
8.00000000000000000e+00 6.25000000000000000e-01 0
8.12500000000000000e+00 6.25000000000000000e-01 0
8.25000000000000000e+00 6.25000000000000000e-01 0
8.37500000000000000e+00 6.25000000000000000e-01 0
8.50000000000000000e+00 6.25000000000000000e-01 0
8.62500000000000000e+00 6.25000000000000000e-01 0
8.75000000000000000e+00 6.25000000000000000e-01 0
8.87500000000000000e+00 6.25000000000000000e-01 0
9.00000000000000000e+00 6.25000000000000000e-01 0
9.12500000000000000e+00 6.25000000000000000e-01 0
9.25000000000000000e+00 6.25000000000000000e-01 0
9.37500000000000000e+00 6.25000000000000000e-01 0
9.50000000000000000e+00 6.25000000000000000e-01 0
9.62500000000000000e+00 6.25000000000000000e-01 0
9.75000000000000000e+00 6.25000000000000000e-01 0
9.87500000000000000e+00 6.25000000000000000e-01 0
1.00000000000000000e+01 6.25000000000000000e-01 0
1.01250000000000000e+01 6.25000000000000000e-01 0
1.02500000000000000e+01 6.25000000000000000e-01 0
1.03750000000000000e+01 6.25000000000000000e-01 0
1.05000000000000000e+01 6.25000000000000000e-01 0
1.06250000000000000e+01 6.25000000000000000e-01 0
1.07500000000000000e+01 6.25000000000000000e-01 0
1.08750000000000000e+01 6.25000000000000000e-01 0
1.10000000000000000e+01 6.25000000000000000e-01 0
1.11250000000000000e+01 6.25000000000000000e-01 0
1.12500000000000000e+01 6.25000000000000000e-01 0
1.13750000000000000e+01 6.25000000000000000e-01 0
1.15000000000000000e+01 6.25000000000000000e-01 0
1.16250000000000000e+01 6.25000000000000000e-01 0
1.17500000000000000e+01 6.25000000000000000e-01 0
1.18750000000000000e+01 6.25000000000000000e-01 0
1.20000000000000000e+01 6.25000000000000000e-01 0
1.21250000000000000e+01 6.25000000000000000e-01 0
1.22500000000000000e+01 6.25000000000000000e-01 0
1.23750000000000000e+01 6.25000000000000000e-01 0
1.25000000000000000e+01 6.25000000000000000e-01 0
1.26250000000000000e+01 6.25000000000000000e-01 0
1.27500000000000000e+01 6.25000000000000000e-01 0
1.28750000000000000e+01 6.25000000000000000e-01 0
1.30000000000000000e+01 6.25000000000000000e-01 0
1.31250000000000000e+01 6.25000000000000000e-01 0
1.32500000000000000e+01 6.25000000000000000e-01 0
1.33750000000000000e+01 6.25000000000000000e-01 0
1.35000000000000000e+01 6.25000000000000000e-01 0
1.36250000000000000e+01 6.25000000000000000e-01 0
1.37500000000000000e+01 6.25000000000000000e-01 0
1.38750000000000000e+01 6.25000000000000000e-01 0
1.40000000000000000e+01 6.25000000000000000e-01 0
2.00000000000000000e+00 6.87500000000000000e-01 0
2.12500000000000000e+00 6.87500000000000000e-01 0
2.25000000000000000e+00 6.87500000000000000e-01 0
2.37500000000000000e+00 6.87500000000000000e-01 0
2.50000000000000000e+00 6.87500000000000000e-01 0
2.62500000000000000e+00 6.87500000000000000e-01 0
2.75000000000000000e+00 6.87500000000000000e-01 0
2.87500000000000000e+00 6.87500000000000000e-01 0
3.00000000000000000e+00 6.87500000000000000e-01 0
3.12500000000000000e+00 6.87500000000000000e-01 0
3.25000000000000000e+00 6.87500000000000000e-01 0
3.37500000000000000e+00 6.87500000000000000e-01 0
3.50000000000000000e+00 6.87500000000000000e-01 0
3.62500000000000000e+00 6.87500000000000000e-01 0
3.75000000000000000e+00 6.87500000000000000e-01 0
3.87500000000000000e+00 6.87500000000000000e-01 0
4.00000000000000000e+00 6.87500000000000000e-01 0
4.12500000000000000e+00 6.87500000000000000e-01 0
4.25000000000000000e+00 6.87500000000000000e-01 0
4.37500000000000000e+00 6.87500000000000000e-01 0
4.50000000000000000e+00 6.87500000000000000e-01 0
4.62500000000000000e+00 6.87500000000000000e-01 0
4.75000000000000000e+00 6.87500000000000000e-01 0
4.87500000000000000e+00 6.87500000000000000e-01 0
5.00000000000000000e+00 6.87500000000000000e-01 0
5.12500000000000000e+00 6.87500000000000000e-01 0
5.25000000000000000e+00 6.87500000000000000e-01 0
5.37500000000000000e+00 6.87500000000000000e-01 0
5.50000000000000000e+00 6.87500000000000000e-01 0
5.62500000000000000e+00 6.87500000000000000e-01 0
5.75000000000000000e+00 6.87500000000000000e-01 0
5.87500000000000000e+00 6.87500000000000000e-01 0
6.00000000000000000e+00 6.87500000000000000e-01 0
6.12500000000000000e+00 6.87500000000000000e-01 0
6.25000000000000000e+00 6.87500000000000000e-01 0
6.37500000000000000e+00 6.87500000000000000e-01 0
6.50000000000000000e+00 6.87500000000000000e-01 0
6.62500000000000000e+00 6.87500000000000000e-01 0
6.75000000000000000e+00 6.87500000000000000e-01 0
6.87500000000000000e+00 6.87500000000000000e-01 0
7.00000000000000000e+00 6.87500000000000000e-01 0
7.12500000000000000e+00 6.87500000000000000e-01 0
7.25000000000000000e+00 6.87500000000000000e-01 0
7.37500000000000000e+00 6.87500000000000000e-01 0
7.50000000000000000e+00 6.87500000000000000e-01 0
7.62500000000000000e+00 6.87500000000000000e-01 0
7.75000000000000000e+00 6.87500000000000000e-01 0
7.87500000000000000e+00 6.87500000000000000e-01 0
8.00000000000000000e+00 6.87500000000000000e-01 0
8.12500000000000000e+00 6.87500000000000000e-01 0
8.25000000000000000e+00 6.87500000000000000e-01 0
8.37500000000000000e+00 6.87500000000000000e-01 0
8.50000000000000000e+00 6.87500000000000000e-01 0
8.62500000000000000e+00 6.87500000000000000e-01 0
8.75000000000000000e+00 6.87500000000000000e-01 0
8.87500000000000000e+00 6.87500000000000000e-01 0
9.00000000000000000e+00 6.87500000000000000e-01 0
9.12500000000000000e+00 6.87500000000000000e-01 0
9.25000000000000000e+00 6.87500000000000000e-01 0
9.37500000000000000e+00 6.87500000000000000e-01 0
9.50000000000000000e+00 6.87500000000000000e-01 0
9.62500000000000000e+00 6.87500000000000000e-01 0
9.75000000000000000e+00 6.87500000000000000e-01 0
9.87500000000000000e+00 6.87500000000000000e-01 0
1.00000000000000000e+01 6.87500000000000000e-01 0
1.01250000000000000e+01 6.87500000000000000e-01 0
1.02500000000000000e+01 6.87500000000000000e-01 0
1.03750000000000000e+01 6.87500000000000000e-01 0
1.05000000000000000e+01 6.87500000000000000e-01 0
1.06250000000000000e+01 6.87500000000000000e-01 0
1.07500000000000000e+01 6.87500000000000000e-01 0
1.08750000000000000e+01 6.87500000000000000e-01 0
1.10000000000000000e+01 6.87500000000000000e-01 0
1.11250000000000000e+01 6.87500000000000000e-01 0
1.12500000000000000e+01 6.87500000000000000e-01 0
1.13750000000000000e+01 6.87500000000000000e-01 0
1.15000000000000000e+01 6.87500000000000000e-01 0
1.16250000000000000e+01 6.87500000000000000e-01 0
1.17500000000000000e+01 6.87500000000000000e-01 0
1.18750000000000000e+01 6.87500000000000000e-01 0
1.20000000000000000e+01 6.87500000000000000e-01 0
1.21250000000000000e+01 6.87500000000000000e-01 0
1.22500000000000000e+01 6.87500000000000000e-01 0
1.23750000000000000e+01 6.87500000000000000e-01 0
1.25000000000000000e+01 6.87500000000000000e-01 0
1.26250000000000000e+01 6.87500000000000000e-01 0
1.27500000000000000e+01 6.87500000000000000e-01 0
1.28750000000000000e+01 6.87500000000000000e-01 0
1.30000000000000000e+01 6.87500000000000000e-01 0
1.31250000000000000e+01 6.87500000000000000e-01 0
1.32500000000000000e+01 6.87500000000000000e-01 0
1.33750000000000000e+01 6.87500000000000000e-01 0
1.35000000000000000e+01 6.87500000000000000e-01 0
1.36250000000000000e+01 6.87500000000000000e-01 0
1.37500000000000000e+01 6.87500000000000000e-01 0
1.38750000000000000e+01 6.87500000000000000e-01 0
1.40000000000000000e+01 6.87500000000000000e-01 0
2.00000000000000000e+00 7.50000000000000000e-01 0
2.12500000000000000e+00 7.50000000000000000e-01 0
2.25000000000000000e+00 7.50000000000000000e-01 0
2.37500000000000000e+00 7.50000000000000000e-01 0
2.50000000000000000e+00 7.50000000000000000e-01 0
2.62500000000000000e+00 7.50000000000000000e-01 0
2.75000000000000000e+00 7.50000000000000000e-01 0
2.87500000000000000e+00 7.50000000000000000e-01 0
3.00000000000000000e+00 7.50000000000000000e-01 0
3.12500000000000000e+00 7.50000000000000000e-01 0
3.25000000000000000e+00 7.50000000000000000e-01 0
3.37500000000000000e+00 7.50000000000000000e-01 0
3.50000000000000000e+00 7.50000000000000000e-01 0
3.62500000000000000e+00 7.50000000000000000e-01 0
3.75000000000000000e+00 7.50000000000000000e-01 0
3.87500000000000000e+00 7.50000000000000000e-01 0
4.00000000000000000e+00 7.50000000000000000e-01 0
4.12500000000000000e+00 7.50000000000000000e-01 0
4.25000000000000000e+00 7.50000000000000000e-01 0
4.37500000000000000e+00 7.50000000000000000e-01 0
4.50000000000000000e+00 7.50000000000000000e-01 0
4.62500000000000000e+00 7.50000000000000000e-01 0
4.75000000000000000e+00 7.50000000000000000e-01 0
4.87500000000000000e+00 7.50000000000000000e-01 0
5.00000000000000000e+00 7.50000000000000000e-01 0
5.12500000000000000e+00 7.50000000000000000e-01 0
5.25000000000000000e+00 7.50000000000000000e-01 0
5.37500000000000000e+00 7.50000000000000000e-01 0
5.50000000000000000e+00 7.50000000000000000e-01 0
5.62500000000000000e+00 7.50000000000000000e-01 0
5.75000000000000000e+00 7.50000000000000000e-01 0
5.87500000000000000e+00 7.50000000000000000e-01 0
6.00000000000000000e+00 7.50000000000000000e-01 0
6.12500000000000000e+00 7.50000000000000000e-01 0
6.25000000000000000e+00 7.50000000000000000e-01 0
6.37500000000000000e+00 7.50000000000000000e-01 0
6.50000000000000000e+00 7.50000000000000000e-01 0
6.62500000000000000e+00 7.50000000000000000e-01 0
6.75000000000000000e+00 7.50000000000000000e-01 0
6.87500000000000000e+00 7.50000000000000000e-01 0
7.00000000000000000e+00 7.50000000000000000e-01 0
7.12500000000000000e+00 7.50000000000000000e-01 0
7.25000000000000000e+00 7.50000000000000000e-01 0
7.37500000000000000e+00 7.50000000000000000e-01 0
7.50000000000000000e+00 7.50000000000000000e-01 0
7.62500000000000000e+00 7.50000000000000000e-01 0
7.75000000000000000e+00 7.50000000000000000e-01 0
7.87500000000000000e+00 7.50000000000000000e-01 0
8.00000000000000000e+00 7.50000000000000000e-01 0
8.12500000000000000e+00 7.50000000000000000e-01 0
8.25000000000000000e+00 7.50000000000000000e-01 0
8.37500000000000000e+00 7.50000000000000000e-01 0
8.50000000000000000e+00 7.50000000000000000e-01 0
8.62500000000000000e+00 7.50000000000000000e-01 0
8.75000000000000000e+00 7.50000000000000000e-01 0
8.87500000000000000e+00 7.50000000000000000e-01 0
9.00000000000000000e+00 7.50000000000000000e-01 0
9.12500000000000000e+00 7.50000000000000000e-01 0
9.25000000000000000e+00 7.50000000000000000e-01 0
9.37500000000000000e+00 7.50000000000000000e-01 0
9.50000000000000000e+00 7.50000000000000000e-01 0
9.62500000000000000e+00 7.50000000000000000e-01 0
9.75000000000000000e+00 7.50000000000000000e-01 0
9.87500000000000000e+00 7.50000000000000000e-01 0
1.00000000000000000e+01 7.50000000000000000e-01 0
1.01250000000000000e+01 7.50000000000000000e-01 0
1.02500000000000000e+01 7.50000000000000000e-01 0
1.03750000000000000e+01 7.50000000000000000e-01 0
1.05000000000000000e+01 7.50000000000000000e-01 0
1.06250000000000000e+01 7.50000000000000000e-01 0
1.07500000000000000e+01 7.50000000000000000e-01 0
1.08750000000000000e+01 7.50000000000000000e-01 0
1.10000000000000000e+01 7.50000000000000000e-01 0
1.11250000000000000e+01 7.50000000000000000e-01 0
1.12500000000000000e+01 7.50000000000000000e-01 0
1.13750000000000000e+01 7.50000000000000000e-01 0
1.15000000000000000e+01 7.50000000000000000e-01 0
1.16250000000000000e+01 7.50000000000000000e-01 0
1.17500000000000000e+01 7.50000000000000000e-01 0
1.18750000000000000e+01 7.50000000000000000e-01 0
1.20000000000000000e+01 7.50000000000000000e-01 0
1.21250000000000000e+01 7.50000000000000000e-01 0
1.22500000000000000e+01 7.50000000000000000e-01 0
1.23750000000000000e+01 7.50000000000000000e-01 0
1.25000000000000000e+01 7.50000000000000000e-01 0
1.26250000000000000e+01 7.50000000000000000e-01 0
1.27500000000000000e+01 7.50000000000000000e-01 0
1.28750000000000000e+01 7.50000000000000000e-01 0
1.30000000000000000e+01 7.50000000000000000e-01 0
1.31250000000000000e+01 7.50000000000000000e-01 0
1.32500000000000000e+01 7.50000000000000000e-01 0
1.33750000000000000e+01 7.50000000000000000e-01 0
1.35000000000000000e+01 7.50000000000000000e-01 0
1.36250000000000000e+01 7.50000000000000000e-01 0
1.37500000000000000e+01 7.50000000000000000e-01 0
1.38750000000000000e+01 7.50000000000000000e-01 0
1.40000000000000000e+01 7.50000000000000000e-01 0
2.00000000000000000e+00 8.12500000000000000e-01 0
2.12500000000000000e+00 8.12500000000000000e-01 0
2.25000000000000000e+00 8.12500000000000000e-01 0
2.37500000000000000e+00 8.12500000000000000e-01 0
2.50000000000000000e+00 8.12500000000000000e-01 0
2.62500000000000000e+00 8.12500000000000000e-01 0
2.75000000000000000e+00 8.12500000000000000e-01 0
2.87500000000000000e+00 8.12500000000000000e-01 0
3.00000000000000000e+00 8.12500000000000000e-01 0
3.12500000000000000e+00 8.12500000000000000e-01 0
3.25000000000000000e+00 8.12500000000000000e-01 0
3.37500000000000000e+00 8.12500000000000000e-01 0
3.50000000000000000e+00 8.12500000000000000e-01 0
3.62500000000000000e+00 8.12500000000000000e-01 0
3.75000000000000000e+00 8.12500000000000000e-01 0
3.87500000000000000e+00 8.12500000000000000e-01 0
4.00000000000000000e+00 8.12500000000000000e-01 0
4.12500000000000000e+00 8.12500000000000000e-01 0
4.25000000000000000e+00 8.12500000000000000e-01 0
4.37500000000000000e+00 8.12500000000000000e-01 0
4.50000000000000000e+00 8.12500000000000000e-01 0
4.62500000000000000e+00 8.12500000000000000e-01 0
4.75000000000000000e+00 8.12500000000000000e-01 0
4.87500000000000000e+00 8.12500000000000000e-01 0
5.00000000000000000e+00 8.12500000000000000e-01 0
5.12500000000000000e+00 8.12500000000000000e-01 0
5.25000000000000000e+00 8.12500000000000000e-01 0
5.37500000000000000e+00 8.12500000000000000e-01 0
5.50000000000000000e+00 8.12500000000000000e-01 0
5.62500000000000000e+00 8.12500000000000000e-01 0
5.75000000000000000e+00 8.12500000000000000e-01 0
5.87500000000000000e+00 8.12500000000000000e-01 0
6.00000000000000000e+00 8.12500000000000000e-01 0
6.12500000000000000e+00 8.12500000000000000e-01 0
6.25000000000000000e+00 8.12500000000000000e-01 0
6.37500000000000000e+00 8.12500000000000000e-01 0
6.50000000000000000e+00 8.12500000000000000e-01 0
6.62500000000000000e+00 8.12500000000000000e-01 0
6.75000000000000000e+00 8.12500000000000000e-01 0
6.87500000000000000e+00 8.12500000000000000e-01 0
7.00000000000000000e+00 8.12500000000000000e-01 0
7.12500000000000000e+00 8.12500000000000000e-01 0
7.25000000000000000e+00 8.12500000000000000e-01 0
7.37500000000000000e+00 8.12500000000000000e-01 0
7.50000000000000000e+00 8.12500000000000000e-01 0
7.62500000000000000e+00 8.12500000000000000e-01 0
7.75000000000000000e+00 8.12500000000000000e-01 0
7.87500000000000000e+00 8.12500000000000000e-01 0
8.00000000000000000e+00 8.12500000000000000e-01 0
8.12500000000000000e+00 8.12500000000000000e-01 0
8.25000000000000000e+00 8.12500000000000000e-01 0
8.37500000000000000e+00 8.12500000000000000e-01 0
8.50000000000000000e+00 8.12500000000000000e-01 0
8.62500000000000000e+00 8.12500000000000000e-01 0
8.75000000000000000e+00 8.12500000000000000e-01 0
8.87500000000000000e+00 8.12500000000000000e-01 0
9.00000000000000000e+00 8.12500000000000000e-01 0
9.12500000000000000e+00 8.12500000000000000e-01 0
9.25000000000000000e+00 8.12500000000000000e-01 0
9.37500000000000000e+00 8.12500000000000000e-01 0
9.50000000000000000e+00 8.12500000000000000e-01 0
9.62500000000000000e+00 8.12500000000000000e-01 0
9.75000000000000000e+00 8.12500000000000000e-01 0
9.87500000000000000e+00 8.12500000000000000e-01 0
1.00000000000000000e+01 8.12500000000000000e-01 0
1.01250000000000000e+01 8.12500000000000000e-01 0
1.02500000000000000e+01 8.12500000000000000e-01 0
1.03750000000000000e+01 8.12500000000000000e-01 0
1.05000000000000000e+01 8.12500000000000000e-01 0
1.06250000000000000e+01 8.12500000000000000e-01 0
1.07500000000000000e+01 8.12500000000000000e-01 0
1.08750000000000000e+01 8.12500000000000000e-01 0
1.10000000000000000e+01 8.12500000000000000e-01 0
1.11250000000000000e+01 8.12500000000000000e-01 0
1.12500000000000000e+01 8.12500000000000000e-01 0
1.13750000000000000e+01 8.12500000000000000e-01 0
1.15000000000000000e+01 8.12500000000000000e-01 0
1.16250000000000000e+01 8.12500000000000000e-01 0
1.17500000000000000e+01 8.12500000000000000e-01 0
1.18750000000000000e+01 8.12500000000000000e-01 0
1.20000000000000000e+01 8.12500000000000000e-01 0
1.21250000000000000e+01 8.12500000000000000e-01 0
1.22500000000000000e+01 8.12500000000000000e-01 0
1.23750000000000000e+01 8.12500000000000000e-01 0
1.25000000000000000e+01 8.12500000000000000e-01 0
1.26250000000000000e+01 8.12500000000000000e-01 0
1.27500000000000000e+01 8.12500000000000000e-01 0
1.28750000000000000e+01 8.12500000000000000e-01 0
1.30000000000000000e+01 8.12500000000000000e-01 0
1.31250000000000000e+01 8.12500000000000000e-01 0
1.32500000000000000e+01 8.12500000000000000e-01 0
1.33750000000000000e+01 8.12500000000000000e-01 0
1.35000000000000000e+01 8.12500000000000000e-01 0
1.36250000000000000e+01 8.12500000000000000e-01 0
1.37500000000000000e+01 8.12500000000000000e-01 0
1.38750000000000000e+01 8.12500000000000000e-01 0
1.40000000000000000e+01 8.12500000000000000e-01 0
2.00000000000000000e+00 8.75000000000000000e-01 0
2.12500000000000000e+00 8.75000000000000000e-01 0
2.25000000000000000e+00 8.75000000000000000e-01 0
2.37500000000000000e+00 8.75000000000000000e-01 0
2.50000000000000000e+00 8.75000000000000000e-01 0
2.62500000000000000e+00 8.75000000000000000e-01 0
2.75000000000000000e+00 8.75000000000000000e-01 0
2.87500000000000000e+00 8.75000000000000000e-01 0
3.00000000000000000e+00 8.75000000000000000e-01 0
3.12500000000000000e+00 8.75000000000000000e-01 0
3.25000000000000000e+00 8.75000000000000000e-01 0
3.37500000000000000e+00 8.75000000000000000e-01 0
3.50000000000000000e+00 8.75000000000000000e-01 0
3.62500000000000000e+00 8.75000000000000000e-01 0
3.75000000000000000e+00 8.75000000000000000e-01 0
3.87500000000000000e+00 8.75000000000000000e-01 0
4.00000000000000000e+00 8.75000000000000000e-01 0
4.12500000000000000e+00 8.75000000000000000e-01 0
4.25000000000000000e+00 8.75000000000000000e-01 0
4.37500000000000000e+00 8.75000000000000000e-01 0
4.50000000000000000e+00 8.75000000000000000e-01 0
4.62500000000000000e+00 8.75000000000000000e-01 0
4.75000000000000000e+00 8.75000000000000000e-01 0
4.87500000000000000e+00 8.75000000000000000e-01 0
5.00000000000000000e+00 8.75000000000000000e-01 0
5.12500000000000000e+00 8.75000000000000000e-01 0
5.25000000000000000e+00 8.75000000000000000e-01 0
5.37500000000000000e+00 8.75000000000000000e-01 0
5.50000000000000000e+00 8.75000000000000000e-01 0
5.62500000000000000e+00 8.75000000000000000e-01 0
5.75000000000000000e+00 8.75000000000000000e-01 0
5.87500000000000000e+00 8.75000000000000000e-01 0
6.00000000000000000e+00 8.75000000000000000e-01 0
6.12500000000000000e+00 8.75000000000000000e-01 0
6.25000000000000000e+00 8.75000000000000000e-01 0
6.37500000000000000e+00 8.75000000000000000e-01 0
6.50000000000000000e+00 8.75000000000000000e-01 0
6.62500000000000000e+00 8.75000000000000000e-01 0
6.75000000000000000e+00 8.75000000000000000e-01 0
6.87500000000000000e+00 8.75000000000000000e-01 0
7.00000000000000000e+00 8.75000000000000000e-01 0
7.12500000000000000e+00 8.75000000000000000e-01 0
7.25000000000000000e+00 8.75000000000000000e-01 0
7.37500000000000000e+00 8.75000000000000000e-01 0
7.50000000000000000e+00 8.75000000000000000e-01 0
7.62500000000000000e+00 8.75000000000000000e-01 0
7.75000000000000000e+00 8.75000000000000000e-01 0
7.87500000000000000e+00 8.75000000000000000e-01 0
8.00000000000000000e+00 8.75000000000000000e-01 0
8.12500000000000000e+00 8.75000000000000000e-01 0
8.25000000000000000e+00 8.75000000000000000e-01 0
8.37500000000000000e+00 8.75000000000000000e-01 0
8.50000000000000000e+00 8.75000000000000000e-01 0
8.62500000000000000e+00 8.75000000000000000e-01 0
8.75000000000000000e+00 8.75000000000000000e-01 0
8.87500000000000000e+00 8.75000000000000000e-01 0
9.00000000000000000e+00 8.75000000000000000e-01 0
9.12500000000000000e+00 8.75000000000000000e-01 0
9.25000000000000000e+00 8.75000000000000000e-01 0
9.37500000000000000e+00 8.75000000000000000e-01 0
9.50000000000000000e+00 8.75000000000000000e-01 0
9.62500000000000000e+00 8.75000000000000000e-01 0
9.75000000000000000e+00 8.75000000000000000e-01 0
9.87500000000000000e+00 8.75000000000000000e-01 0
1.00000000000000000e+01 8.75000000000000000e-01 0
1.01250000000000000e+01 8.75000000000000000e-01 0
1.02500000000000000e+01 8.75000000000000000e-01 0
1.03750000000000000e+01 8.75000000000000000e-01 0
1.05000000000000000e+01 8.75000000000000000e-01 0
1.06250000000000000e+01 8.75000000000000000e-01 0
1.07500000000000000e+01 8.75000000000000000e-01 0
1.08750000000000000e+01 8.75000000000000000e-01 0
1.10000000000000000e+01 8.75000000000000000e-01 0
1.11250000000000000e+01 8.75000000000000000e-01 0
1.12500000000000000e+01 8.75000000000000000e-01 0
1.13750000000000000e+01 8.75000000000000000e-01 0
1.15000000000000000e+01 8.75000000000000000e-01 0
1.16250000000000000e+01 8.75000000000000000e-01 0
1.17500000000000000e+01 8.75000000000000000e-01 0
1.18750000000000000e+01 8.75000000000000000e-01 0
1.20000000000000000e+01 8.75000000000000000e-01 0
1.21250000000000000e+01 8.75000000000000000e-01 0
1.22500000000000000e+01 8.75000000000000000e-01 0
1.23750000000000000e+01 8.75000000000000000e-01 0
1.25000000000000000e+01 8.75000000000000000e-01 0
1.26250000000000000e+01 8.75000000000000000e-01 0
1.27500000000000000e+01 8.75000000000000000e-01 0
1.28750000000000000e+01 8.75000000000000000e-01 0
1.30000000000000000e+01 8.75000000000000000e-01 0
1.31250000000000000e+01 8.75000000000000000e-01 0
1.32500000000000000e+01 8.75000000000000000e-01 0
1.33750000000000000e+01 8.75000000000000000e-01 0
1.35000000000000000e+01 8.75000000000000000e-01 0
1.36250000000000000e+01 8.75000000000000000e-01 0
1.37500000000000000e+01 8.75000000000000000e-01 0
1.38750000000000000e+01 8.75000000000000000e-01 0
1.40000000000000000e+01 8.75000000000000000e-01 0
2.00000000000000000e+00 9.37500000000000000e-01 0
2.12500000000000000e+00 9.37500000000000000e-01 0
2.25000000000000000e+00 9.37500000000000000e-01 0
2.37500000000000000e+00 9.37500000000000000e-01 0
2.50000000000000000e+00 9.37500000000000000e-01 0
2.62500000000000000e+00 9.37500000000000000e-01 0
2.75000000000000000e+00 9.37500000000000000e-01 0
2.87500000000000000e+00 9.37500000000000000e-01 0
3.00000000000000000e+00 9.37500000000000000e-01 0
3.12500000000000000e+00 9.37500000000000000e-01 0
3.25000000000000000e+00 9.37500000000000000e-01 0
3.37500000000000000e+00 9.37500000000000000e-01 0
3.50000000000000000e+00 9.37500000000000000e-01 0
3.62500000000000000e+00 9.37500000000000000e-01 0
3.75000000000000000e+00 9.37500000000000000e-01 0
3.87500000000000000e+00 9.37500000000000000e-01 0
4.00000000000000000e+00 9.37500000000000000e-01 0
4.12500000000000000e+00 9.37500000000000000e-01 0
4.25000000000000000e+00 9.37500000000000000e-01 0
4.37500000000000000e+00 9.37500000000000000e-01 0
4.50000000000000000e+00 9.37500000000000000e-01 0
4.62500000000000000e+00 9.37500000000000000e-01 0
4.75000000000000000e+00 9.37500000000000000e-01 0
4.87500000000000000e+00 9.37500000000000000e-01 0
5.00000000000000000e+00 9.37500000000000000e-01 0
5.12500000000000000e+00 9.37500000000000000e-01 0
5.25000000000000000e+00 9.37500000000000000e-01 0
5.37500000000000000e+00 9.37500000000000000e-01 0
5.50000000000000000e+00 9.37500000000000000e-01 0
5.62500000000000000e+00 9.37500000000000000e-01 0
5.75000000000000000e+00 9.37500000000000000e-01 0
5.87500000000000000e+00 9.37500000000000000e-01 0
6.00000000000000000e+00 9.37500000000000000e-01 0
6.12500000000000000e+00 9.37500000000000000e-01 0
6.25000000000000000e+00 9.37500000000000000e-01 0
6.37500000000000000e+00 9.37500000000000000e-01 0
6.50000000000000000e+00 9.37500000000000000e-01 0
6.62500000000000000e+00 9.37500000000000000e-01 0
6.75000000000000000e+00 9.37500000000000000e-01 0
6.87500000000000000e+00 9.37500000000000000e-01 0
7.00000000000000000e+00 9.37500000000000000e-01 0
7.12500000000000000e+00 9.37500000000000000e-01 0
7.25000000000000000e+00 9.37500000000000000e-01 0
7.37500000000000000e+00 9.37500000000000000e-01 0
7.50000000000000000e+00 9.37500000000000000e-01 0
7.62500000000000000e+00 9.37500000000000000e-01 0
7.75000000000000000e+00 9.37500000000000000e-01 0
7.87500000000000000e+00 9.37500000000000000e-01 0
8.00000000000000000e+00 9.37500000000000000e-01 0
8.12500000000000000e+00 9.37500000000000000e-01 0
8.25000000000000000e+00 9.37500000000000000e-01 0
8.37500000000000000e+00 9.37500000000000000e-01 0
8.50000000000000000e+00 9.37500000000000000e-01 0
8.62500000000000000e+00 9.37500000000000000e-01 0
8.75000000000000000e+00 9.37500000000000000e-01 0
8.87500000000000000e+00 9.37500000000000000e-01 0
9.00000000000000000e+00 9.37500000000000000e-01 0
9.12500000000000000e+00 9.37500000000000000e-01 0
9.25000000000000000e+00 9.37500000000000000e-01 0
9.37500000000000000e+00 9.37500000000000000e-01 0
9.50000000000000000e+00 9.37500000000000000e-01 0
9.62500000000000000e+00 9.37500000000000000e-01 0
9.75000000000000000e+00 9.37500000000000000e-01 0
9.87500000000000000e+00 9.37500000000000000e-01 0
1.00000000000000000e+01 9.37500000000000000e-01 0
1.01250000000000000e+01 9.37500000000000000e-01 0
1.02500000000000000e+01 9.37500000000000000e-01 0
1.03750000000000000e+01 9.37500000000000000e-01 0
1.05000000000000000e+01 9.37500000000000000e-01 0
1.06250000000000000e+01 9.37500000000000000e-01 0
1.07500000000000000e+01 9.37500000000000000e-01 0
1.08750000000000000e+01 9.37500000000000000e-01 0
1.10000000000000000e+01 9.37500000000000000e-01 0
1.11250000000000000e+01 9.37500000000000000e-01 0
1.12500000000000000e+01 9.37500000000000000e-01 0
1.13750000000000000e+01 9.37500000000000000e-01 0
1.15000000000000000e+01 9.37500000000000000e-01 0
1.16250000000000000e+01 9.37500000000000000e-01 0
1.17500000000000000e+01 9.37500000000000000e-01 0
1.18750000000000000e+01 9.37500000000000000e-01 0
1.20000000000000000e+01 9.37500000000000000e-01 0
1.21250000000000000e+01 9.37500000000000000e-01 0
1.22500000000000000e+01 9.37500000000000000e-01 0
1.23750000000000000e+01 9.37500000000000000e-01 0
1.25000000000000000e+01 9.37500000000000000e-01 0
1.26250000000000000e+01 9.37500000000000000e-01 0
1.27500000000000000e+01 9.37500000000000000e-01 0
1.28750000000000000e+01 9.37500000000000000e-01 0
1.30000000000000000e+01 9.37500000000000000e-01 0
1.31250000000000000e+01 9.37500000000000000e-01 0
1.32500000000000000e+01 9.37500000000000000e-01 0
1.33750000000000000e+01 9.37500000000000000e-01 0
1.35000000000000000e+01 9.37500000000000000e-01 0
1.36250000000000000e+01 9.37500000000000000e-01 0
1.37500000000000000e+01 9.37500000000000000e-01 0
1.38750000000000000e+01 9.37500000000000000e-01 0
1.40000000000000000e+01 9.37500000000000000e-01 0
2.00000000000000000e+00 1.00000000000000000e+00 0
2.12500000000000000e+00 1.00000000000000000e+00 0
2.25000000000000000e+00 1.00000000000000000e+00 0
2.37500000000000000e+00 1.00000000000000000e+00 0
2.50000000000000000e+00 1.00000000000000000e+00 0
2.62500000000000000e+00 1.00000000000000000e+00 0
2.75000000000000000e+00 1.00000000000000000e+00 0
2.87500000000000000e+00 1.00000000000000000e+00 0
3.00000000000000000e+00 1.00000000000000000e+00 0
3.12500000000000000e+00 1.00000000000000000e+00 0
3.25000000000000000e+00 1.00000000000000000e+00 0
3.37500000000000000e+00 1.00000000000000000e+00 0
3.50000000000000000e+00 1.00000000000000000e+00 0
3.62500000000000000e+00 1.00000000000000000e+00 0
3.75000000000000000e+00 1.00000000000000000e+00 0
3.87500000000000000e+00 1.00000000000000000e+00 0
4.00000000000000000e+00 1.00000000000000000e+00 0
4.12500000000000000e+00 1.00000000000000000e+00 0
4.25000000000000000e+00 1.00000000000000000e+00 0
4.37500000000000000e+00 1.00000000000000000e+00 0
4.50000000000000000e+00 1.00000000000000000e+00 0
4.62500000000000000e+00 1.00000000000000000e+00 0
4.75000000000000000e+00 1.00000000000000000e+00 0
4.87500000000000000e+00 1.00000000000000000e+00 0
5.00000000000000000e+00 1.00000000000000000e+00 0
5.12500000000000000e+00 1.00000000000000000e+00 0
5.25000000000000000e+00 1.00000000000000000e+00 0
5.37500000000000000e+00 1.00000000000000000e+00 0
5.50000000000000000e+00 1.00000000000000000e+00 0
5.62500000000000000e+00 1.00000000000000000e+00 0
5.75000000000000000e+00 1.00000000000000000e+00 0
5.87500000000000000e+00 1.00000000000000000e+00 0
6.00000000000000000e+00 1.00000000000000000e+00 0
6.12500000000000000e+00 1.00000000000000000e+00 0
6.25000000000000000e+00 1.00000000000000000e+00 0
6.37500000000000000e+00 1.00000000000000000e+00 0
6.50000000000000000e+00 1.00000000000000000e+00 0
6.62500000000000000e+00 1.00000000000000000e+00 0
6.75000000000000000e+00 1.00000000000000000e+00 0
6.87500000000000000e+00 1.00000000000000000e+00 0
7.00000000000000000e+00 1.00000000000000000e+00 0
7.12500000000000000e+00 1.00000000000000000e+00 0
7.25000000000000000e+00 1.00000000000000000e+00 0
7.37500000000000000e+00 1.00000000000000000e+00 0
7.50000000000000000e+00 1.00000000000000000e+00 0
7.62500000000000000e+00 1.00000000000000000e+00 0
7.75000000000000000e+00 1.00000000000000000e+00 0
7.87500000000000000e+00 1.00000000000000000e+00 0
8.00000000000000000e+00 1.00000000000000000e+00 0
8.12500000000000000e+00 1.00000000000000000e+00 0
8.25000000000000000e+00 1.00000000000000000e+00 0
8.37500000000000000e+00 1.00000000000000000e+00 0
8.50000000000000000e+00 1.00000000000000000e+00 0
8.62500000000000000e+00 1.00000000000000000e+00 0
8.75000000000000000e+00 1.00000000000000000e+00 0
8.87500000000000000e+00 1.00000000000000000e+00 0
9.00000000000000000e+00 1.00000000000000000e+00 0
9.12500000000000000e+00 1.00000000000000000e+00 0
9.25000000000000000e+00 1.00000000000000000e+00 0
9.37500000000000000e+00 1.00000000000000000e+00 0
9.50000000000000000e+00 1.00000000000000000e+00 0
9.62500000000000000e+00 1.00000000000000000e+00 0
9.75000000000000000e+00 1.00000000000000000e+00 0
9.87500000000000000e+00 1.00000000000000000e+00 0
1.00000000000000000e+01 1.00000000000000000e+00 0
1.01250000000000000e+01 1.00000000000000000e+00 0
1.02500000000000000e+01 1.00000000000000000e+00 0
1.03750000000000000e+01 1.00000000000000000e+00 0
1.05000000000000000e+01 1.00000000000000000e+00 0
1.06250000000000000e+01 1.00000000000000000e+00 0
1.07500000000000000e+01 1.00000000000000000e+00 0
1.08750000000000000e+01 1.00000000000000000e+00 0
1.10000000000000000e+01 1.00000000000000000e+00 0
1.11250000000000000e+01 1.00000000000000000e+00 0
1.12500000000000000e+01 1.00000000000000000e+00 0
1.13750000000000000e+01 1.00000000000000000e+00 0
1.15000000000000000e+01 1.00000000000000000e+00 0
1.16250000000000000e+01 1.00000000000000000e+00 0
1.17500000000000000e+01 1.00000000000000000e+00 0
1.18750000000000000e+01 1.00000000000000000e+00 0
1.20000000000000000e+01 1.00000000000000000e+00 0
1.21250000000000000e+01 1.00000000000000000e+00 0
1.22500000000000000e+01 1.00000000000000000e+00 0
1.23750000000000000e+01 1.00000000000000000e+00 0
1.25000000000000000e+01 1.00000000000000000e+00 0
1.26250000000000000e+01 1.00000000000000000e+00 0
1.27500000000000000e+01 1.00000000000000000e+00 0
1.28750000000000000e+01 1.00000000000000000e+00 0
1.30000000000000000e+01 1.00000000000000000e+00 0
1.31250000000000000e+01 1.00000000000000000e+00 0
1.32500000000000000e+01 1.00000000000000000e+00 0
1.33750000000000000e+01 1.00000000000000000e+00 0
1.35000000000000000e+01 1.00000000000000000e+00 0
1.36250000000000000e+01 1.00000000000000000e+00 0
1.37500000000000000e+01 1.00000000000000000e+00 0
1.38750000000000000e+01 1.00000000000000000e+00 0
1.40000000000000000e+01 1.00000000000000000e+00 0
2.00000000000000000e+00 0.00000000000000000e+00 0
2.12500000000000000e+00 0.00000000000000000e+00 0
2.25000000000000000e+00 0.00000000000000000e+00 0
2.37500000000000000e+00 0.00000000000000000e+00 0
2.50000000000000000e+00 0.00000000000000000e+00 0
2.62500000000000000e+00 0.00000000000000000e+00 0
2.75000000000000000e+00 0.00000000000000000e+00 0
2.87500000000000000e+00 0.00000000000000000e+00 0
3.00000000000000000e+00 0.00000000000000000e+00 0
3.12500000000000000e+00 0.00000000000000000e+00 0
3.25000000000000000e+00 0.00000000000000000e+00 0
3.37500000000000000e+00 0.00000000000000000e+00 0
3.50000000000000000e+00 0.00000000000000000e+00 0
3.62500000000000000e+00 0.00000000000000000e+00 0
3.75000000000000000e+00 0.00000000000000000e+00 0
3.87500000000000000e+00 0.00000000000000000e+00 0
4.00000000000000000e+00 0.00000000000000000e+00 0
4.12500000000000000e+00 0.00000000000000000e+00 0
4.25000000000000000e+00 0.00000000000000000e+00 0
4.37500000000000000e+00 0.00000000000000000e+00 0
4.50000000000000000e+00 0.00000000000000000e+00 0
4.62500000000000000e+00 0.00000000000000000e+00 0
4.75000000000000000e+00 0.00000000000000000e+00 0
4.87500000000000000e+00 0.00000000000000000e+00 0
5.00000000000000000e+00 0.00000000000000000e+00 0
5.12500000000000000e+00 0.00000000000000000e+00 0
5.25000000000000000e+00 0.00000000000000000e+00 0
5.37500000000000000e+00 0.00000000000000000e+00 0
5.50000000000000000e+00 0.00000000000000000e+00 0
5.62500000000000000e+00 0.00000000000000000e+00 0
5.75000000000000000e+00 0.00000000000000000e+00 0
5.87500000000000000e+00 0.00000000000000000e+00 0
6.00000000000000000e+00 0.00000000000000000e+00 0
6.12500000000000000e+00 0.00000000000000000e+00 0
6.25000000000000000e+00 0.00000000000000000e+00 0
6.37500000000000000e+00 0.00000000000000000e+00 0
6.50000000000000000e+00 0.00000000000000000e+00 0
6.62500000000000000e+00 0.00000000000000000e+00 0
6.75000000000000000e+00 0.00000000000000000e+00 0
6.87500000000000000e+00 0.00000000000000000e+00 0
7.00000000000000000e+00 0.00000000000000000e+00 0
7.12500000000000000e+00 0.00000000000000000e+00 0
7.25000000000000000e+00 0.00000000000000000e+00 0
7.37500000000000000e+00 0.00000000000000000e+00 0
7.50000000000000000e+00 0.00000000000000000e+00 0
7.62500000000000000e+00 0.00000000000000000e+00 0
7.75000000000000000e+00 0.00000000000000000e+00 0
7.87500000000000000e+00 0.00000000000000000e+00 0
8.00000000000000000e+00 0.00000000000000000e+00 0
8.12500000000000000e+00 0.00000000000000000e+00 0
8.25000000000000000e+00 0.00000000000000000e+00 0
8.37500000000000000e+00 0.00000000000000000e+00 0
8.50000000000000000e+00 0.00000000000000000e+00 0
8.62500000000000000e+00 0.00000000000000000e+00 0
8.75000000000000000e+00 0.00000000000000000e+00 0
8.87500000000000000e+00 0.00000000000000000e+00 0
9.00000000000000000e+00 0.00000000000000000e+00 0
9.12500000000000000e+00 0.00000000000000000e+00 0
9.25000000000000000e+00 0.00000000000000000e+00 0
9.37500000000000000e+00 0.00000000000000000e+00 0
9.50000000000000000e+00 0.00000000000000000e+00 0
9.62500000000000000e+00 0.00000000000000000e+00 0
9.75000000000000000e+00 0.00000000000000000e+00 0
9.87500000000000000e+00 0.00000000000000000e+00 0
1.00000000000000000e+01 0.00000000000000000e+00 0
1.01250000000000000e+01 0.00000000000000000e+00 0
1.02500000000000000e+01 0.00000000000000000e+00 0
1.03750000000000000e+01 0.00000000000000000e+00 0
1.05000000000000000e+01 0.00000000000000000e+00 0
1.06250000000000000e+01 0.00000000000000000e+00 0
1.07500000000000000e+01 0.00000000000000000e+00 0
1.08750000000000000e+01 0.00000000000000000e+00 0
1.10000000000000000e+01 0.00000000000000000e+00 0
1.11250000000000000e+01 0.00000000000000000e+00 0
1.12500000000000000e+01 0.00000000000000000e+00 0
1.13750000000000000e+01 0.00000000000000000e+00 0
1.15000000000000000e+01 0.00000000000000000e+00 0
1.16250000000000000e+01 0.00000000000000000e+00 0
1.17500000000000000e+01 0.00000000000000000e+00 0
1.18750000000000000e+01 0.00000000000000000e+00 0
1.20000000000000000e+01 0.00000000000000000e+00 0
1.21250000000000000e+01 0.00000000000000000e+00 0
1.22500000000000000e+01 0.00000000000000000e+00 0
1.23750000000000000e+01 0.00000000000000000e+00 0
1.25000000000000000e+01 0.00000000000000000e+00 0
1.26250000000000000e+01 0.00000000000000000e+00 0
1.27500000000000000e+01 0.00000000000000000e+00 0
1.28750000000000000e+01 0.00000000000000000e+00 0
1.30000000000000000e+01 0.00000000000000000e+00 0
1.31250000000000000e+01 0.00000000000000000e+00 0
1.32500000000000000e+01 0.00000000000000000e+00 0
1.33750000000000000e+01 0.00000000000000000e+00 0
1.35000000000000000e+01 0.00000000000000000e+00 0
1.36250000000000000e+01 0.00000000000000000e+00 0
1.37500000000000000e+01 0.00000000000000000e+00 0
1.38750000000000000e+01 0.00000000000000000e+00 0
1.40000000000000000e+01 0.00000000000000000e+00 0
2.00000000000000000e+00 6.25000000000000000e-02 0
2.12500000000000000e+00 6.25000000000000000e-02 0
2.25000000000000000e+00 6.25000000000000000e-02 0
2.37500000000000000e+00 6.25000000000000000e-02 0
2.50000000000000000e+00 6.25000000000000000e-02 0
2.62500000000000000e+00 6.25000000000000000e-02 0
2.75000000000000000e+00 6.25000000000000000e-02 0
2.87500000000000000e+00 6.25000000000000000e-02 0
3.00000000000000000e+00 6.25000000000000000e-02 0
3.12500000000000000e+00 6.25000000000000000e-02 0
3.25000000000000000e+00 6.25000000000000000e-02 0
3.37500000000000000e+00 6.25000000000000000e-02 0
3.50000000000000000e+00 6.25000000000000000e-02 0
3.62500000000000000e+00 6.25000000000000000e-02 0
3.75000000000000000e+00 6.25000000000000000e-02 0
3.87500000000000000e+00 6.25000000000000000e-02 0
4.00000000000000000e+00 6.25000000000000000e-02 0
4.12500000000000000e+00 6.25000000000000000e-02 0
4.25000000000000000e+00 6.25000000000000000e-02 0
4.37500000000000000e+00 6.25000000000000000e-02 0
4.50000000000000000e+00 6.25000000000000000e-02 0
4.62500000000000000e+00 6.25000000000000000e-02 0
4.75000000000000000e+00 6.25000000000000000e-02 0
4.87500000000000000e+00 6.25000000000000000e-02 0
5.00000000000000000e+00 6.25000000000000000e-02 0
5.12500000000000000e+00 6.25000000000000000e-02 0
5.25000000000000000e+00 6.25000000000000000e-02 0
5.37500000000000000e+00 6.25000000000000000e-02 0
5.50000000000000000e+00 6.25000000000000000e-02 0
5.62500000000000000e+00 6.25000000000000000e-02 0
5.75000000000000000e+00 6.25000000000000000e-02 0
5.87500000000000000e+00 6.25000000000000000e-02 0
6.00000000000000000e+00 6.25000000000000000e-02 0
6.12500000000000000e+00 6.25000000000000000e-02 0
6.25000000000000000e+00 6.25000000000000000e-02 0
6.37500000000000000e+00 6.25000000000000000e-02 0
6.50000000000000000e+00 6.25000000000000000e-02 0
6.62500000000000000e+00 6.25000000000000000e-02 0
6.75000000000000000e+00 6.25000000000000000e-02 0
6.87500000000000000e+00 6.25000000000000000e-02 0
7.00000000000000000e+00 6.25000000000000000e-02 0
7.12500000000000000e+00 6.25000000000000000e-02 0
7.25000000000000000e+00 6.25000000000000000e-02 0
7.37500000000000000e+00 6.25000000000000000e-02 0
7.50000000000000000e+00 6.25000000000000000e-02 0
7.62500000000000000e+00 6.25000000000000000e-02 0
7.75000000000000000e+00 6.25000000000000000e-02 0
7.87500000000000000e+00 6.25000000000000000e-02 0
8.00000000000000000e+00 6.25000000000000000e-02 0
8.12500000000000000e+00 6.25000000000000000e-02 0
8.25000000000000000e+00 6.25000000000000000e-02 0
8.37500000000000000e+00 6.25000000000000000e-02 0
8.50000000000000000e+00 6.25000000000000000e-02 0
8.62500000000000000e+00 6.25000000000000000e-02 0
8.75000000000000000e+00 6.25000000000000000e-02 0
8.87500000000000000e+00 6.25000000000000000e-02 0
9.00000000000000000e+00 6.25000000000000000e-02 0
9.12500000000000000e+00 6.25000000000000000e-02 0
9.25000000000000000e+00 6.25000000000000000e-02 0
9.37500000000000000e+00 6.25000000000000000e-02 0
9.50000000000000000e+00 6.25000000000000000e-02 0
9.62500000000000000e+00 6.25000000000000000e-02 0
9.75000000000000000e+00 6.25000000000000000e-02 0
9.87500000000000000e+00 6.25000000000000000e-02 0
1.00000000000000000e+01 6.25000000000000000e-02 0
1.01250000000000000e+01 6.25000000000000000e-02 0
1.02500000000000000e+01 6.25000000000000000e-02 0
1.03750000000000000e+01 6.25000000000000000e-02 0
1.05000000000000000e+01 6.25000000000000000e-02 0
1.06250000000000000e+01 6.25000000000000000e-02 0
1.07500000000000000e+01 6.25000000000000000e-02 0
1.08750000000000000e+01 6.25000000000000000e-02 0
1.10000000000000000e+01 6.25000000000000000e-02 0
1.11250000000000000e+01 6.25000000000000000e-02 0
1.12500000000000000e+01 6.25000000000000000e-02 0
1.13750000000000000e+01 6.25000000000000000e-02 0
1.15000000000000000e+01 6.25000000000000000e-02 0
1.16250000000000000e+01 6.25000000000000000e-02 0
1.17500000000000000e+01 6.25000000000000000e-02 0
1.18750000000000000e+01 6.25000000000000000e-02 0
1.20000000000000000e+01 6.25000000000000000e-02 0
1.21250000000000000e+01 6.25000000000000000e-02 0
1.22500000000000000e+01 6.25000000000000000e-02 0
1.23750000000000000e+01 6.25000000000000000e-02 0
1.25000000000000000e+01 6.25000000000000000e-02 0
1.26250000000000000e+01 6.25000000000000000e-02 0
1.27500000000000000e+01 6.25000000000000000e-02 0
1.28750000000000000e+01 6.25000000000000000e-02 0
1.30000000000000000e+01 6.25000000000000000e-02 0
1.31250000000000000e+01 6.25000000000000000e-02 0
1.32500000000000000e+01 6.25000000000000000e-02 0
1.33750000000000000e+01 6.25000000000000000e-02 0
1.35000000000000000e+01 6.25000000000000000e-02 0
1.36250000000000000e+01 6.25000000000000000e-02 0
1.37500000000000000e+01 6.25000000000000000e-02 0
1.38750000000000000e+01 6.25000000000000000e-02 0
1.40000000000000000e+01 6.25000000000000000e-02 0
2.00000000000000000e+00 1.25000000000000000e-01 0
2.12500000000000000e+00 1.25000000000000000e-01 0
2.25000000000000000e+00 1.25000000000000000e-01 0
2.37500000000000000e+00 1.25000000000000000e-01 0
2.50000000000000000e+00 1.25000000000000000e-01 0
2.62500000000000000e+00 1.25000000000000000e-01 0
2.75000000000000000e+00 1.25000000000000000e-01 0
2.87500000000000000e+00 1.25000000000000000e-01 0
3.00000000000000000e+00 1.25000000000000000e-01 0
3.12500000000000000e+00 1.25000000000000000e-01 0
3.25000000000000000e+00 1.25000000000000000e-01 0
3.37500000000000000e+00 1.25000000000000000e-01 0
3.50000000000000000e+00 1.25000000000000000e-01 0
3.62500000000000000e+00 1.25000000000000000e-01 0
3.75000000000000000e+00 1.25000000000000000e-01 0
3.87500000000000000e+00 1.25000000000000000e-01 0
4.00000000000000000e+00 1.25000000000000000e-01 0
4.12500000000000000e+00 1.25000000000000000e-01 0
4.25000000000000000e+00 1.25000000000000000e-01 0
4.37500000000000000e+00 1.25000000000000000e-01 0
4.50000000000000000e+00 1.25000000000000000e-01 0
4.62500000000000000e+00 1.25000000000000000e-01 0
4.75000000000000000e+00 1.25000000000000000e-01 0
4.87500000000000000e+00 1.25000000000000000e-01 0
5.00000000000000000e+00 1.25000000000000000e-01 0
5.12500000000000000e+00 1.25000000000000000e-01 0
5.25000000000000000e+00 1.25000000000000000e-01 0
5.37500000000000000e+00 1.25000000000000000e-01 0
5.50000000000000000e+00 1.25000000000000000e-01 0
5.62500000000000000e+00 1.25000000000000000e-01 0
5.75000000000000000e+00 1.25000000000000000e-01 0
5.87500000000000000e+00 1.25000000000000000e-01 0
6.00000000000000000e+00 1.25000000000000000e-01 0
6.12500000000000000e+00 1.25000000000000000e-01 0
6.25000000000000000e+00 1.25000000000000000e-01 0
6.37500000000000000e+00 1.25000000000000000e-01 0
6.50000000000000000e+00 1.25000000000000000e-01 0
6.62500000000000000e+00 1.25000000000000000e-01 0
6.75000000000000000e+00 1.25000000000000000e-01 0
6.87500000000000000e+00 1.25000000000000000e-01 0
7.00000000000000000e+00 1.25000000000000000e-01 0
7.12500000000000000e+00 1.25000000000000000e-01 0
7.25000000000000000e+00 1.25000000000000000e-01 0
7.37500000000000000e+00 1.25000000000000000e-01 0
7.50000000000000000e+00 1.25000000000000000e-01 0
7.62500000000000000e+00 1.25000000000000000e-01 0
7.75000000000000000e+00 1.25000000000000000e-01 0
7.87500000000000000e+00 1.25000000000000000e-01 0
8.00000000000000000e+00 1.25000000000000000e-01 0
8.12500000000000000e+00 1.25000000000000000e-01 0
8.25000000000000000e+00 1.25000000000000000e-01 0
8.37500000000000000e+00 1.25000000000000000e-01 0
8.50000000000000000e+00 1.25000000000000000e-01 0
8.62500000000000000e+00 1.25000000000000000e-01 0
8.75000000000000000e+00 1.25000000000000000e-01 0
8.87500000000000000e+00 1.25000000000000000e-01 0
9.00000000000000000e+00 1.25000000000000000e-01 0
9.12500000000000000e+00 1.25000000000000000e-01 0
9.25000000000000000e+00 1.25000000000000000e-01 0
9.37500000000000000e+00 1.25000000000000000e-01 0
9.50000000000000000e+00 1.25000000000000000e-01 0
9.62500000000000000e+00 1.25000000000000000e-01 0
9.75000000000000000e+00 1.25000000000000000e-01 0
9.87500000000000000e+00 1.25000000000000000e-01 0
1.00000000000000000e+01 1.25000000000000000e-01 0
1.01250000000000000e+01 1.25000000000000000e-01 0
1.02500000000000000e+01 1.25000000000000000e-01 0
1.03750000000000000e+01 1.25000000000000000e-01 0
1.05000000000000000e+01 1.25000000000000000e-01 0
1.06250000000000000e+01 1.25000000000000000e-01 0
1.07500000000000000e+01 1.25000000000000000e-01 0
1.08750000000000000e+01 1.25000000000000000e-01 0
1.10000000000000000e+01 1.25000000000000000e-01 0
1.11250000000000000e+01 1.25000000000000000e-01 0
1.12500000000000000e+01 1.25000000000000000e-01 0
1.13750000000000000e+01 1.25000000000000000e-01 0
1.15000000000000000e+01 1.25000000000000000e-01 0
1.16250000000000000e+01 1.25000000000000000e-01 0
1.17500000000000000e+01 1.25000000000000000e-01 0
1.18750000000000000e+01 1.25000000000000000e-01 0
1.20000000000000000e+01 1.25000000000000000e-01 0
1.21250000000000000e+01 1.25000000000000000e-01 0
1.22500000000000000e+01 1.25000000000000000e-01 0
1.23750000000000000e+01 1.25000000000000000e-01 0
1.25000000000000000e+01 1.25000000000000000e-01 0
1.26250000000000000e+01 1.25000000000000000e-01 0
1.27500000000000000e+01 1.25000000000000000e-01 0
1.28750000000000000e+01 1.25000000000000000e-01 0
1.30000000000000000e+01 1.25000000000000000e-01 0
1.31250000000000000e+01 1.25000000000000000e-01 0
1.32500000000000000e+01 1.25000000000000000e-01 0
1.33750000000000000e+01 1.25000000000000000e-01 0
1.35000000000000000e+01 1.25000000000000000e-01 0
1.36250000000000000e+01 1.25000000000000000e-01 0
1.37500000000000000e+01 1.25000000000000000e-01 0
1.38750000000000000e+01 1.25000000000000000e-01 0
1.40000000000000000e+01 1.25000000000000000e-01 0
2.00000000000000000e+00 1.87500000000000000e-01 0
2.12500000000000000e+00 1.87500000000000000e-01 0
2.25000000000000000e+00 1.87500000000000000e-01 0
2.37500000000000000e+00 1.87500000000000000e-01 0
2.50000000000000000e+00 1.87500000000000000e-01 0
2.62500000000000000e+00 1.87500000000000000e-01 0
2.75000000000000000e+00 1.87500000000000000e-01 0
2.87500000000000000e+00 1.87500000000000000e-01 0
3.00000000000000000e+00 1.87500000000000000e-01 0
3.12500000000000000e+00 1.87500000000000000e-01 0
3.25000000000000000e+00 1.87500000000000000e-01 0
3.37500000000000000e+00 1.87500000000000000e-01 0
3.50000000000000000e+00 1.87500000000000000e-01 0
3.62500000000000000e+00 1.87500000000000000e-01 0
3.75000000000000000e+00 1.87500000000000000e-01 0
3.87500000000000000e+00 1.87500000000000000e-01 0
4.00000000000000000e+00 1.87500000000000000e-01 0
4.12500000000000000e+00 1.87500000000000000e-01 0
4.25000000000000000e+00 1.87500000000000000e-01 0
4.37500000000000000e+00 1.87500000000000000e-01 0
4.50000000000000000e+00 1.87500000000000000e-01 0
4.62500000000000000e+00 1.87500000000000000e-01 0
4.75000000000000000e+00 1.87500000000000000e-01 0
4.87500000000000000e+00 1.87500000000000000e-01 0
5.00000000000000000e+00 1.87500000000000000e-01 0
5.12500000000000000e+00 1.87500000000000000e-01 0
5.25000000000000000e+00 1.87500000000000000e-01 0
5.37500000000000000e+00 1.87500000000000000e-01 0
5.50000000000000000e+00 1.87500000000000000e-01 0
5.62500000000000000e+00 1.87500000000000000e-01 0
5.75000000000000000e+00 1.87500000000000000e-01 0
5.87500000000000000e+00 1.87500000000000000e-01 0
6.00000000000000000e+00 1.87500000000000000e-01 0
6.12500000000000000e+00 1.87500000000000000e-01 0
6.25000000000000000e+00 1.87500000000000000e-01 0
6.37500000000000000e+00 1.87500000000000000e-01 0
6.50000000000000000e+00 1.87500000000000000e-01 0
6.62500000000000000e+00 1.87500000000000000e-01 0
6.75000000000000000e+00 1.87500000000000000e-01 0
6.87500000000000000e+00 1.87500000000000000e-01 0
7.00000000000000000e+00 1.87500000000000000e-01 0
7.12500000000000000e+00 1.87500000000000000e-01 0
7.25000000000000000e+00 1.87500000000000000e-01 0
7.37500000000000000e+00 1.87500000000000000e-01 0
7.50000000000000000e+00 1.87500000000000000e-01 0
7.62500000000000000e+00 1.87500000000000000e-01 0
7.75000000000000000e+00 1.87500000000000000e-01 0
7.87500000000000000e+00 1.87500000000000000e-01 0
8.00000000000000000e+00 1.87500000000000000e-01 0
8.12500000000000000e+00 1.87500000000000000e-01 0
8.25000000000000000e+00 1.87500000000000000e-01 0
8.37500000000000000e+00 1.87500000000000000e-01 0
8.50000000000000000e+00 1.87500000000000000e-01 0
8.62500000000000000e+00 1.87500000000000000e-01 0
8.75000000000000000e+00 1.87500000000000000e-01 0
8.87500000000000000e+00 1.87500000000000000e-01 0
9.00000000000000000e+00 1.87500000000000000e-01 0
9.12500000000000000e+00 1.87500000000000000e-01 0
9.25000000000000000e+00 1.87500000000000000e-01 0
9.37500000000000000e+00 1.87500000000000000e-01 0
9.50000000000000000e+00 1.87500000000000000e-01 0
9.62500000000000000e+00 1.87500000000000000e-01 0
9.75000000000000000e+00 1.87500000000000000e-01 0
9.87500000000000000e+00 1.87500000000000000e-01 0
1.00000000000000000e+01 1.87500000000000000e-01 0
1.01250000000000000e+01 1.87500000000000000e-01 0
1.02500000000000000e+01 1.87500000000000000e-01 0
1.03750000000000000e+01 1.87500000000000000e-01 0
1.05000000000000000e+01 1.87500000000000000e-01 0
1.06250000000000000e+01 1.87500000000000000e-01 0
1.07500000000000000e+01 1.87500000000000000e-01 0
1.08750000000000000e+01 1.87500000000000000e-01 0
1.10000000000000000e+01 1.87500000000000000e-01 0
1.11250000000000000e+01 1.87500000000000000e-01 0
1.12500000000000000e+01 1.87500000000000000e-01 0
1.13750000000000000e+01 1.87500000000000000e-01 0
1.15000000000000000e+01 1.87500000000000000e-01 0
1.16250000000000000e+01 1.87500000000000000e-01 0
1.17500000000000000e+01 1.87500000000000000e-01 0
1.18750000000000000e+01 1.87500000000000000e-01 0
1.20000000000000000e+01 1.87500000000000000e-01 0
1.21250000000000000e+01 1.87500000000000000e-01 0
1.22500000000000000e+01 1.87500000000000000e-01 0
1.23750000000000000e+01 1.87500000000000000e-01 0
1.25000000000000000e+01 1.87500000000000000e-01 0
1.26250000000000000e+01 1.87500000000000000e-01 0
1.27500000000000000e+01 1.87500000000000000e-01 0
1.28750000000000000e+01 1.87500000000000000e-01 0
1.30000000000000000e+01 1.87500000000000000e-01 0
1.31250000000000000e+01 1.87500000000000000e-01 0
1.32500000000000000e+01 1.87500000000000000e-01 0
1.33750000000000000e+01 1.87500000000000000e-01 0
1.35000000000000000e+01 1.87500000000000000e-01 0
1.36250000000000000e+01 1.87500000000000000e-01 0
1.37500000000000000e+01 1.87500000000000000e-01 0
1.38750000000000000e+01 1.87500000000000000e-01 0
1.40000000000000000e+01 1.87500000000000000e-01 0
2.00000000000000000e+00 2.50000000000000000e-01 0
2.12500000000000000e+00 2.50000000000000000e-01 0
2.25000000000000000e+00 2.50000000000000000e-01 0
2.37500000000000000e+00 2.50000000000000000e-01 0
2.50000000000000000e+00 2.50000000000000000e-01 0
2.62500000000000000e+00 2.50000000000000000e-01 0
2.75000000000000000e+00 2.50000000000000000e-01 0
2.87500000000000000e+00 2.50000000000000000e-01 0
3.00000000000000000e+00 2.50000000000000000e-01 0
3.12500000000000000e+00 2.50000000000000000e-01 0
3.25000000000000000e+00 2.50000000000000000e-01 0
3.37500000000000000e+00 2.50000000000000000e-01 0
3.50000000000000000e+00 2.50000000000000000e-01 0
3.62500000000000000e+00 2.50000000000000000e-01 0
3.75000000000000000e+00 2.50000000000000000e-01 0
3.87500000000000000e+00 2.50000000000000000e-01 0
4.00000000000000000e+00 2.50000000000000000e-01 0
4.12500000000000000e+00 2.50000000000000000e-01 0
4.25000000000000000e+00 2.50000000000000000e-01 0
4.37500000000000000e+00 2.50000000000000000e-01 0
4.50000000000000000e+00 2.50000000000000000e-01 0
4.62500000000000000e+00 2.50000000000000000e-01 0
4.75000000000000000e+00 2.50000000000000000e-01 0
4.87500000000000000e+00 2.50000000000000000e-01 0
5.00000000000000000e+00 2.50000000000000000e-01 0
5.12500000000000000e+00 2.50000000000000000e-01 0
5.25000000000000000e+00 2.50000000000000000e-01 0
5.37500000000000000e+00 2.50000000000000000e-01 0
5.50000000000000000e+00 2.50000000000000000e-01 0
5.62500000000000000e+00 2.50000000000000000e-01 0
5.75000000000000000e+00 2.50000000000000000e-01 0
5.87500000000000000e+00 2.50000000000000000e-01 0
6.00000000000000000e+00 2.50000000000000000e-01 0
6.12500000000000000e+00 2.50000000000000000e-01 0
6.25000000000000000e+00 2.50000000000000000e-01 0
6.37500000000000000e+00 2.50000000000000000e-01 0
6.50000000000000000e+00 2.50000000000000000e-01 0
6.62500000000000000e+00 2.50000000000000000e-01 0
6.75000000000000000e+00 2.50000000000000000e-01 0
6.87500000000000000e+00 2.50000000000000000e-01 0
7.00000000000000000e+00 2.50000000000000000e-01 0
7.12500000000000000e+00 2.50000000000000000e-01 0
7.25000000000000000e+00 2.50000000000000000e-01 0
7.37500000000000000e+00 2.50000000000000000e-01 0
7.50000000000000000e+00 2.50000000000000000e-01 0
7.62500000000000000e+00 2.50000000000000000e-01 0
7.75000000000000000e+00 2.50000000000000000e-01 0
7.87500000000000000e+00 2.50000000000000000e-01 0
8.00000000000000000e+00 2.50000000000000000e-01 0
8.12500000000000000e+00 2.50000000000000000e-01 0
8.25000000000000000e+00 2.50000000000000000e-01 0
8.37500000000000000e+00 2.50000000000000000e-01 0
8.50000000000000000e+00 2.50000000000000000e-01 0
8.62500000000000000e+00 2.50000000000000000e-01 0
8.75000000000000000e+00 2.50000000000000000e-01 0
8.87500000000000000e+00 2.50000000000000000e-01 0
9.00000000000000000e+00 2.50000000000000000e-01 0
9.12500000000000000e+00 2.50000000000000000e-01 0
9.25000000000000000e+00 2.50000000000000000e-01 0
9.37500000000000000e+00 2.50000000000000000e-01 0
9.50000000000000000e+00 2.50000000000000000e-01 0
9.62500000000000000e+00 2.50000000000000000e-01 0
9.75000000000000000e+00 2.50000000000000000e-01 0
9.87500000000000000e+00 2.50000000000000000e-01 0
1.00000000000000000e+01 2.50000000000000000e-01 0
1.01250000000000000e+01 2.50000000000000000e-01 0
1.02500000000000000e+01 2.50000000000000000e-01 0
1.03750000000000000e+01 2.50000000000000000e-01 0
1.05000000000000000e+01 2.50000000000000000e-01 0
1.06250000000000000e+01 2.50000000000000000e-01 0
1.07500000000000000e+01 2.50000000000000000e-01 0
1.08750000000000000e+01 2.50000000000000000e-01 0
1.10000000000000000e+01 2.50000000000000000e-01 0
1.11250000000000000e+01 2.50000000000000000e-01 0
1.12500000000000000e+01 2.50000000000000000e-01 0
1.13750000000000000e+01 2.50000000000000000e-01 0
1.15000000000000000e+01 2.50000000000000000e-01 0
1.16250000000000000e+01 2.50000000000000000e-01 0
1.17500000000000000e+01 2.50000000000000000e-01 0
1.18750000000000000e+01 2.50000000000000000e-01 0
1.20000000000000000e+01 2.50000000000000000e-01 0
1.21250000000000000e+01 2.50000000000000000e-01 0
1.22500000000000000e+01 2.50000000000000000e-01 0
1.23750000000000000e+01 2.50000000000000000e-01 0
1.25000000000000000e+01 2.50000000000000000e-01 0
1.26250000000000000e+01 2.50000000000000000e-01 0
1.27500000000000000e+01 2.50000000000000000e-01 0
1.28750000000000000e+01 2.50000000000000000e-01 0
1.30000000000000000e+01 2.50000000000000000e-01 0
1.31250000000000000e+01 2.50000000000000000e-01 0
1.32500000000000000e+01 2.50000000000000000e-01 0
1.33750000000000000e+01 2.50000000000000000e-01 0
1.35000000000000000e+01 2.50000000000000000e-01 0
1.36250000000000000e+01 2.50000000000000000e-01 0
1.37500000000000000e+01 2.50000000000000000e-01 0
1.38750000000000000e+01 2.50000000000000000e-01 0
1.40000000000000000e+01 2.50000000000000000e-01 0
2.00000000000000000e+00 3.12500000000000000e-01 0
2.12500000000000000e+00 3.12500000000000000e-01 0
2.25000000000000000e+00 3.12500000000000000e-01 0
2.37500000000000000e+00 3.12500000000000000e-01 0
2.50000000000000000e+00 3.12500000000000000e-01 0
2.62500000000000000e+00 3.12500000000000000e-01 0
2.75000000000000000e+00 3.12500000000000000e-01 0
2.87500000000000000e+00 3.12500000000000000e-01 0
3.00000000000000000e+00 3.12500000000000000e-01 0
3.12500000000000000e+00 3.12500000000000000e-01 0
3.25000000000000000e+00 3.12500000000000000e-01 0
3.37500000000000000e+00 3.12500000000000000e-01 0
3.50000000000000000e+00 3.12500000000000000e-01 0
3.62500000000000000e+00 3.12500000000000000e-01 0
3.75000000000000000e+00 3.12500000000000000e-01 0
3.87500000000000000e+00 3.12500000000000000e-01 0
4.00000000000000000e+00 3.12500000000000000e-01 0
4.12500000000000000e+00 3.12500000000000000e-01 0
4.25000000000000000e+00 3.12500000000000000e-01 0
4.37500000000000000e+00 3.12500000000000000e-01 0
4.50000000000000000e+00 3.12500000000000000e-01 0
4.62500000000000000e+00 3.12500000000000000e-01 0
4.75000000000000000e+00 3.12500000000000000e-01 0
4.87500000000000000e+00 3.12500000000000000e-01 0
5.00000000000000000e+00 3.12500000000000000e-01 0
5.12500000000000000e+00 3.12500000000000000e-01 0
5.25000000000000000e+00 3.12500000000000000e-01 0
5.37500000000000000e+00 3.12500000000000000e-01 0
5.50000000000000000e+00 3.12500000000000000e-01 0
5.62500000000000000e+00 3.12500000000000000e-01 0
5.75000000000000000e+00 3.12500000000000000e-01 0
5.87500000000000000e+00 3.12500000000000000e-01 0
6.00000000000000000e+00 3.12500000000000000e-01 0
6.12500000000000000e+00 3.12500000000000000e-01 0
6.25000000000000000e+00 3.12500000000000000e-01 0
6.37500000000000000e+00 3.12500000000000000e-01 0
6.50000000000000000e+00 3.12500000000000000e-01 0
6.62500000000000000e+00 3.12500000000000000e-01 0
6.75000000000000000e+00 3.12500000000000000e-01 0
6.87500000000000000e+00 3.12500000000000000e-01 0
7.00000000000000000e+00 3.12500000000000000e-01 0
7.12500000000000000e+00 3.12500000000000000e-01 0
7.25000000000000000e+00 3.12500000000000000e-01 0
7.37500000000000000e+00 3.12500000000000000e-01 0
7.50000000000000000e+00 3.12500000000000000e-01 0
7.62500000000000000e+00 3.12500000000000000e-01 0
7.75000000000000000e+00 3.12500000000000000e-01 0
7.87500000000000000e+00 3.12500000000000000e-01 0
8.00000000000000000e+00 3.12500000000000000e-01 0
8.12500000000000000e+00 3.12500000000000000e-01 0
8.25000000000000000e+00 3.12500000000000000e-01 0
8.37500000000000000e+00 3.12500000000000000e-01 0
8.50000000000000000e+00 3.12500000000000000e-01 0
8.62500000000000000e+00 3.12500000000000000e-01 0
8.75000000000000000e+00 3.12500000000000000e-01 0
8.87500000000000000e+00 3.12500000000000000e-01 0
9.00000000000000000e+00 3.12500000000000000e-01 0
9.12500000000000000e+00 3.12500000000000000e-01 0
9.25000000000000000e+00 3.12500000000000000e-01 0
9.37500000000000000e+00 3.12500000000000000e-01 0
9.50000000000000000e+00 3.12500000000000000e-01 0
9.62500000000000000e+00 3.12500000000000000e-01 0
9.75000000000000000e+00 3.12500000000000000e-01 0
9.87500000000000000e+00 3.12500000000000000e-01 0
1.00000000000000000e+01 3.12500000000000000e-01 0
1.01250000000000000e+01 3.12500000000000000e-01 0
1.02500000000000000e+01 3.12500000000000000e-01 0
1.03750000000000000e+01 3.12500000000000000e-01 0
1.05000000000000000e+01 3.12500000000000000e-01 0
1.06250000000000000e+01 3.12500000000000000e-01 0
1.07500000000000000e+01 3.12500000000000000e-01 0
1.08750000000000000e+01 3.12500000000000000e-01 0
1.10000000000000000e+01 3.12500000000000000e-01 0
1.11250000000000000e+01 3.12500000000000000e-01 0
1.12500000000000000e+01 3.12500000000000000e-01 0
1.13750000000000000e+01 3.12500000000000000e-01 0
1.15000000000000000e+01 3.12500000000000000e-01 0
1.16250000000000000e+01 3.12500000000000000e-01 0
1.17500000000000000e+01 3.12500000000000000e-01 0
1.18750000000000000e+01 3.12500000000000000e-01 0
1.20000000000000000e+01 3.12500000000000000e-01 0
1.21250000000000000e+01 3.12500000000000000e-01 0
1.22500000000000000e+01 3.12500000000000000e-01 0
1.23750000000000000e+01 3.12500000000000000e-01 0
1.25000000000000000e+01 3.12500000000000000e-01 0
1.26250000000000000e+01 3.12500000000000000e-01 0
1.27500000000000000e+01 3.12500000000000000e-01 0
1.28750000000000000e+01 3.12500000000000000e-01 0
1.30000000000000000e+01 3.12500000000000000e-01 0
1.31250000000000000e+01 3.12500000000000000e-01 0
1.32500000000000000e+01 3.12500000000000000e-01 0
1.33750000000000000e+01 3.12500000000000000e-01 0
1.35000000000000000e+01 3.12500000000000000e-01 0
1.36250000000000000e+01 3.12500000000000000e-01 0
1.37500000000000000e+01 3.12500000000000000e-01 0
1.38750000000000000e+01 3.12500000000000000e-01 0
1.40000000000000000e+01 3.12500000000000000e-01 0
2.00000000000000000e+00 3.75000000000000000e-01 0
2.12500000000000000e+00 3.75000000000000000e-01 0
2.25000000000000000e+00 3.75000000000000000e-01 0
2.37500000000000000e+00 3.75000000000000000e-01 0
2.50000000000000000e+00 3.75000000000000000e-01 0
2.62500000000000000e+00 3.75000000000000000e-01 0
2.75000000000000000e+00 3.75000000000000000e-01 0
2.87500000000000000e+00 3.75000000000000000e-01 0
3.00000000000000000e+00 3.75000000000000000e-01 0
3.12500000000000000e+00 3.75000000000000000e-01 0
3.25000000000000000e+00 3.75000000000000000e-01 0
3.37500000000000000e+00 3.75000000000000000e-01 0
3.50000000000000000e+00 3.75000000000000000e-01 0
3.62500000000000000e+00 3.75000000000000000e-01 0
3.75000000000000000e+00 3.75000000000000000e-01 0
3.87500000000000000e+00 3.75000000000000000e-01 0
4.00000000000000000e+00 3.75000000000000000e-01 0
4.12500000000000000e+00 3.75000000000000000e-01 0
4.25000000000000000e+00 3.75000000000000000e-01 0
4.37500000000000000e+00 3.75000000000000000e-01 0
4.50000000000000000e+00 3.75000000000000000e-01 0
4.62500000000000000e+00 3.75000000000000000e-01 0
4.75000000000000000e+00 3.75000000000000000e-01 0
4.87500000000000000e+00 3.75000000000000000e-01 0
5.00000000000000000e+00 3.75000000000000000e-01 0
5.12500000000000000e+00 3.75000000000000000e-01 0
5.25000000000000000e+00 3.75000000000000000e-01 0
5.37500000000000000e+00 3.75000000000000000e-01 0
5.50000000000000000e+00 3.75000000000000000e-01 0
5.62500000000000000e+00 3.75000000000000000e-01 0
5.75000000000000000e+00 3.75000000000000000e-01 0
5.87500000000000000e+00 3.75000000000000000e-01 0
6.00000000000000000e+00 3.75000000000000000e-01 0
6.12500000000000000e+00 3.75000000000000000e-01 0
6.25000000000000000e+00 3.75000000000000000e-01 0
6.37500000000000000e+00 3.75000000000000000e-01 0
6.50000000000000000e+00 3.75000000000000000e-01 0
6.62500000000000000e+00 3.75000000000000000e-01 0
6.75000000000000000e+00 3.75000000000000000e-01 0
6.87500000000000000e+00 3.75000000000000000e-01 0
7.00000000000000000e+00 3.75000000000000000e-01 0
7.12500000000000000e+00 3.75000000000000000e-01 0
7.25000000000000000e+00 3.75000000000000000e-01 0
7.37500000000000000e+00 3.75000000000000000e-01 0
7.50000000000000000e+00 3.75000000000000000e-01 0
7.62500000000000000e+00 3.75000000000000000e-01 0
7.75000000000000000e+00 3.75000000000000000e-01 0
7.87500000000000000e+00 3.75000000000000000e-01 0
8.00000000000000000e+00 3.75000000000000000e-01 0
8.12500000000000000e+00 3.75000000000000000e-01 0
8.25000000000000000e+00 3.75000000000000000e-01 0
8.37500000000000000e+00 3.75000000000000000e-01 0
8.50000000000000000e+00 3.75000000000000000e-01 0
8.62500000000000000e+00 3.75000000000000000e-01 0
8.75000000000000000e+00 3.75000000000000000e-01 0
8.87500000000000000e+00 3.75000000000000000e-01 0
9.00000000000000000e+00 3.75000000000000000e-01 0
9.12500000000000000e+00 3.75000000000000000e-01 0
9.25000000000000000e+00 3.75000000000000000e-01 0
9.37500000000000000e+00 3.75000000000000000e-01 0
9.50000000000000000e+00 3.75000000000000000e-01 0
9.62500000000000000e+00 3.75000000000000000e-01 0
9.75000000000000000e+00 3.75000000000000000e-01 0
9.87500000000000000e+00 3.75000000000000000e-01 0
1.00000000000000000e+01 3.75000000000000000e-01 0
1.01250000000000000e+01 3.75000000000000000e-01 0
1.02500000000000000e+01 3.75000000000000000e-01 0
1.03750000000000000e+01 3.75000000000000000e-01 0
1.05000000000000000e+01 3.75000000000000000e-01 0
1.06250000000000000e+01 3.75000000000000000e-01 0
1.07500000000000000e+01 3.75000000000000000e-01 0
1.08750000000000000e+01 3.75000000000000000e-01 0
1.10000000000000000e+01 3.75000000000000000e-01 0
1.11250000000000000e+01 3.75000000000000000e-01 0
1.12500000000000000e+01 3.75000000000000000e-01 0
1.13750000000000000e+01 3.75000000000000000e-01 0
1.15000000000000000e+01 3.75000000000000000e-01 0
1.16250000000000000e+01 3.75000000000000000e-01 0
1.17500000000000000e+01 3.75000000000000000e-01 0
1.18750000000000000e+01 3.75000000000000000e-01 0
1.20000000000000000e+01 3.75000000000000000e-01 0
1.21250000000000000e+01 3.75000000000000000e-01 0
1.22500000000000000e+01 3.75000000000000000e-01 0
1.23750000000000000e+01 3.75000000000000000e-01 0
1.25000000000000000e+01 3.75000000000000000e-01 0
1.26250000000000000e+01 3.75000000000000000e-01 0
1.27500000000000000e+01 3.75000000000000000e-01 0
1.28750000000000000e+01 3.75000000000000000e-01 0
1.30000000000000000e+01 3.75000000000000000e-01 0
1.31250000000000000e+01 3.75000000000000000e-01 0
1.32500000000000000e+01 3.75000000000000000e-01 0
1.33750000000000000e+01 3.75000000000000000e-01 0
1.35000000000000000e+01 3.75000000000000000e-01 0
1.36250000000000000e+01 3.75000000000000000e-01 0
1.37500000000000000e+01 3.75000000000000000e-01 0
1.38750000000000000e+01 3.75000000000000000e-01 0
1.40000000000000000e+01 3.75000000000000000e-01 0
2.00000000000000000e+00 4.37500000000000000e-01 0
2.12500000000000000e+00 4.37500000000000000e-01 0
2.25000000000000000e+00 4.37500000000000000e-01 0
2.37500000000000000e+00 4.37500000000000000e-01 0
2.50000000000000000e+00 4.37500000000000000e-01 0
2.62500000000000000e+00 4.37500000000000000e-01 0
2.75000000000000000e+00 4.37500000000000000e-01 0
2.87500000000000000e+00 4.37500000000000000e-01 0
3.00000000000000000e+00 4.37500000000000000e-01 0
3.12500000000000000e+00 4.37500000000000000e-01 0
3.25000000000000000e+00 4.37500000000000000e-01 0
3.37500000000000000e+00 4.37500000000000000e-01 0
3.50000000000000000e+00 4.37500000000000000e-01 0
3.62500000000000000e+00 4.37500000000000000e-01 0
3.75000000000000000e+00 4.37500000000000000e-01 0
3.87500000000000000e+00 4.37500000000000000e-01 0
4.00000000000000000e+00 4.37500000000000000e-01 0
4.12500000000000000e+00 4.37500000000000000e-01 0
4.25000000000000000e+00 4.37500000000000000e-01 0
4.37500000000000000e+00 4.37500000000000000e-01 0
4.50000000000000000e+00 4.37500000000000000e-01 0
4.62500000000000000e+00 4.37500000000000000e-01 0
4.75000000000000000e+00 4.37500000000000000e-01 0
4.87500000000000000e+00 4.37500000000000000e-01 0
5.00000000000000000e+00 4.37500000000000000e-01 0
5.12500000000000000e+00 4.37500000000000000e-01 0
5.25000000000000000e+00 4.37500000000000000e-01 0
5.37500000000000000e+00 4.37500000000000000e-01 0
5.50000000000000000e+00 4.37500000000000000e-01 0
5.62500000000000000e+00 4.37500000000000000e-01 0
5.75000000000000000e+00 4.37500000000000000e-01 0
5.87500000000000000e+00 4.37500000000000000e-01 0
6.00000000000000000e+00 4.37500000000000000e-01 0
6.12500000000000000e+00 4.37500000000000000e-01 0
6.25000000000000000e+00 4.37500000000000000e-01 0
6.37500000000000000e+00 4.37500000000000000e-01 0
6.50000000000000000e+00 4.37500000000000000e-01 0
6.62500000000000000e+00 4.37500000000000000e-01 0
6.75000000000000000e+00 4.37500000000000000e-01 0
6.87500000000000000e+00 4.37500000000000000e-01 0
7.00000000000000000e+00 4.37500000000000000e-01 0
7.12500000000000000e+00 4.37500000000000000e-01 0
7.25000000000000000e+00 4.37500000000000000e-01 0
7.37500000000000000e+00 4.37500000000000000e-01 0
7.50000000000000000e+00 4.37500000000000000e-01 0
7.62500000000000000e+00 4.37500000000000000e-01 0
7.75000000000000000e+00 4.37500000000000000e-01 0
7.87500000000000000e+00 4.37500000000000000e-01 0
8.00000000000000000e+00 4.37500000000000000e-01 0
8.12500000000000000e+00 4.37500000000000000e-01 0
8.25000000000000000e+00 4.37500000000000000e-01 0
8.37500000000000000e+00 4.37500000000000000e-01 0
8.50000000000000000e+00 4.37500000000000000e-01 0
8.62500000000000000e+00 4.37500000000000000e-01 0
8.75000000000000000e+00 4.37500000000000000e-01 0
8.87500000000000000e+00 4.37500000000000000e-01 0
9.00000000000000000e+00 4.37500000000000000e-01 0
9.12500000000000000e+00 4.37500000000000000e-01 0
9.25000000000000000e+00 4.37500000000000000e-01 0
9.37500000000000000e+00 4.37500000000000000e-01 0
9.50000000000000000e+00 4.37500000000000000e-01 0
9.62500000000000000e+00 4.37500000000000000e-01 0
9.75000000000000000e+00 4.37500000000000000e-01 0
9.87500000000000000e+00 4.37500000000000000e-01 0
1.00000000000000000e+01 4.37500000000000000e-01 0
1.01250000000000000e+01 4.37500000000000000e-01 0
1.02500000000000000e+01 4.37500000000000000e-01 0
1.03750000000000000e+01 4.37500000000000000e-01 0
1.05000000000000000e+01 4.37500000000000000e-01 0
1.06250000000000000e+01 4.37500000000000000e-01 0
1.07500000000000000e+01 4.37500000000000000e-01 0
1.08750000000000000e+01 4.37500000000000000e-01 0
1.10000000000000000e+01 4.37500000000000000e-01 0
1.11250000000000000e+01 4.37500000000000000e-01 0
1.12500000000000000e+01 4.37500000000000000e-01 0
1.13750000000000000e+01 4.37500000000000000e-01 0
1.15000000000000000e+01 4.37500000000000000e-01 0
1.16250000000000000e+01 4.37500000000000000e-01 0
1.17500000000000000e+01 4.37500000000000000e-01 0
1.18750000000000000e+01 4.37500000000000000e-01 0
1.20000000000000000e+01 4.37500000000000000e-01 0
1.21250000000000000e+01 4.37500000000000000e-01 0
1.22500000000000000e+01 4.37500000000000000e-01 0
1.23750000000000000e+01 4.37500000000000000e-01 0
1.25000000000000000e+01 4.37500000000000000e-01 0
1.26250000000000000e+01 4.37500000000000000e-01 0
1.27500000000000000e+01 4.37500000000000000e-01 0
1.28750000000000000e+01 4.37500000000000000e-01 0
1.30000000000000000e+01 4.37500000000000000e-01 0
1.31250000000000000e+01 4.37500000000000000e-01 0
1.32500000000000000e+01 4.37500000000000000e-01 0
1.33750000000000000e+01 4.37500000000000000e-01 0
1.35000000000000000e+01 4.37500000000000000e-01 0
1.36250000000000000e+01 4.37500000000000000e-01 0
1.37500000000000000e+01 4.37500000000000000e-01 0
1.38750000000000000e+01 4.37500000000000000e-01 0
1.40000000000000000e+01 4.37500000000000000e-01 0
2.00000000000000000e+00 5.00000000000000000e-01 0
2.12500000000000000e+00 5.00000000000000000e-01 0
2.25000000000000000e+00 5.00000000000000000e-01 0
2.37500000000000000e+00 5.00000000000000000e-01 0
2.50000000000000000e+00 5.00000000000000000e-01 0
2.62500000000000000e+00 5.00000000000000000e-01 0
2.75000000000000000e+00 5.00000000000000000e-01 0
2.87500000000000000e+00 5.00000000000000000e-01 0
3.00000000000000000e+00 5.00000000000000000e-01 0
3.12500000000000000e+00 5.00000000000000000e-01 0
3.25000000000000000e+00 5.00000000000000000e-01 0
3.37500000000000000e+00 5.00000000000000000e-01 0
3.50000000000000000e+00 5.00000000000000000e-01 0
3.62500000000000000e+00 5.00000000000000000e-01 0
3.75000000000000000e+00 5.00000000000000000e-01 0
3.87500000000000000e+00 5.00000000000000000e-01 0
4.00000000000000000e+00 5.00000000000000000e-01 0
4.12500000000000000e+00 5.00000000000000000e-01 0
4.25000000000000000e+00 5.00000000000000000e-01 0
4.37500000000000000e+00 5.00000000000000000e-01 0
4.50000000000000000e+00 5.00000000000000000e-01 0
4.62500000000000000e+00 5.00000000000000000e-01 0
4.75000000000000000e+00 5.00000000000000000e-01 0
4.87500000000000000e+00 5.00000000000000000e-01 0
5.00000000000000000e+00 5.00000000000000000e-01 0
5.12500000000000000e+00 5.00000000000000000e-01 0
5.25000000000000000e+00 5.00000000000000000e-01 0
5.37500000000000000e+00 5.00000000000000000e-01 0
5.50000000000000000e+00 5.00000000000000000e-01 0
5.62500000000000000e+00 5.00000000000000000e-01 0
5.75000000000000000e+00 5.00000000000000000e-01 0
5.87500000000000000e+00 5.00000000000000000e-01 0
6.00000000000000000e+00 5.00000000000000000e-01 0
6.12500000000000000e+00 5.00000000000000000e-01 0
6.25000000000000000e+00 5.00000000000000000e-01 0
6.37500000000000000e+00 5.00000000000000000e-01 0
6.50000000000000000e+00 5.00000000000000000e-01 0
6.62500000000000000e+00 5.00000000000000000e-01 0
6.75000000000000000e+00 5.00000000000000000e-01 0
6.87500000000000000e+00 5.00000000000000000e-01 0
7.00000000000000000e+00 5.00000000000000000e-01 0
7.12500000000000000e+00 5.00000000000000000e-01 0
7.25000000000000000e+00 5.00000000000000000e-01 0
7.37500000000000000e+00 5.00000000000000000e-01 0
7.50000000000000000e+00 5.00000000000000000e-01 0
7.62500000000000000e+00 5.00000000000000000e-01 0
7.75000000000000000e+00 5.00000000000000000e-01 0
7.87500000000000000e+00 5.00000000000000000e-01 0
8.00000000000000000e+00 5.00000000000000000e-01 0
8.12500000000000000e+00 5.00000000000000000e-01 0
8.25000000000000000e+00 5.00000000000000000e-01 0
8.37500000000000000e+00 5.00000000000000000e-01 0
8.50000000000000000e+00 5.00000000000000000e-01 0
8.62500000000000000e+00 5.00000000000000000e-01 0
8.75000000000000000e+00 5.00000000000000000e-01 0
8.87500000000000000e+00 5.00000000000000000e-01 0
9.00000000000000000e+00 5.00000000000000000e-01 0
9.12500000000000000e+00 5.00000000000000000e-01 0
9.25000000000000000e+00 5.00000000000000000e-01 0
9.37500000000000000e+00 5.00000000000000000e-01 0
9.50000000000000000e+00 5.00000000000000000e-01 0
9.62500000000000000e+00 5.00000000000000000e-01 0
9.75000000000000000e+00 5.00000000000000000e-01 0
9.87500000000000000e+00 5.00000000000000000e-01 0
1.00000000000000000e+01 5.00000000000000000e-01 0
1.01250000000000000e+01 5.00000000000000000e-01 0
1.02500000000000000e+01 5.00000000000000000e-01 0
1.03750000000000000e+01 5.00000000000000000e-01 0
1.05000000000000000e+01 5.00000000000000000e-01 0
1.06250000000000000e+01 5.00000000000000000e-01 0
1.07500000000000000e+01 5.00000000000000000e-01 0
1.08750000000000000e+01 5.00000000000000000e-01 0
1.10000000000000000e+01 5.00000000000000000e-01 0
1.11250000000000000e+01 5.00000000000000000e-01 0
1.12500000000000000e+01 5.00000000000000000e-01 0
1.13750000000000000e+01 5.00000000000000000e-01 0
1.15000000000000000e+01 5.00000000000000000e-01 0
1.16250000000000000e+01 5.00000000000000000e-01 0
1.17500000000000000e+01 5.00000000000000000e-01 0
1.18750000000000000e+01 5.00000000000000000e-01 0
1.20000000000000000e+01 5.00000000000000000e-01 0
1.21250000000000000e+01 5.00000000000000000e-01 0
1.22500000000000000e+01 5.00000000000000000e-01 0
1.23750000000000000e+01 5.00000000000000000e-01 0
1.25000000000000000e+01 5.00000000000000000e-01 0
1.26250000000000000e+01 5.00000000000000000e-01 0
1.27500000000000000e+01 5.00000000000000000e-01 0
1.28750000000000000e+01 5.00000000000000000e-01 0
1.30000000000000000e+01 5.00000000000000000e-01 0
1.31250000000000000e+01 5.00000000000000000e-01 0
1.32500000000000000e+01 5.00000000000000000e-01 0
1.33750000000000000e+01 5.00000000000000000e-01 0
1.35000000000000000e+01 5.00000000000000000e-01 0
1.36250000000000000e+01 5.00000000000000000e-01 0
1.37500000000000000e+01 5.00000000000000000e-01 0
1.38750000000000000e+01 5.00000000000000000e-01 0
1.40000000000000000e+01 5.00000000000000000e-01 0
CELLS 1664 8320
4 0 1 18 17
4 1 2 19 18
4 2 3 20 19
4 3 4 21 20
4 4 5 22 21
4 5 6 23 22
4 6 7 24 23
4 7 8 25 24
4 8 9 26 25
4 9 10 27 26
4 10 11 28 27
4 11 12 29 28
4 12 13 30 29
4 13 14 31 30
4 14 15 32 31
4 15 16 33 32
4 17 18 35 34
4 18 19 36 35
4 19 20 37 36
4 20 21 38 37
4 21 22 39 38
4 22 23 40 39
4 23 24 41 40
4 24 25 42 41
4 25 26 43 42
4 26 27 44 43
4 27 28 45 44
4 28 29 46 45
4 29 30 47 46
4 30 31 48 47
4 31 32 49 48
4 32 33 50 49
4 34 35 52 51
4 35 36 53 52
4 36 37 54 53
4 37 38 55 54
4 38 39 56 55
4 39 40 57 56
4 40 41 58 57
4 41 42 59 58
4 42 43 60 59
4 43 44 61 60
4 44 45 62 61
4 45 46 63 62
4 46 47 64 63
4 47 48 65 64
4 48 49 66 65
4 49 50 67 66
4 51 52 69 68
4 52 53 70 69
4 53 54 71 70
4 54 55 72 71
4 55 56 73 72
4 56 57 74 73
4 57 58 75 74
4 58 59 76 75
4 59 60 77 76
4 60 61 78 77
4 61 62 79 78
4 62 63 80 79
4 63 64 81 80
4 64 65 82 81
4 65 66 83 82
4 66 67 84 83
4 68 69 86 85
4 69 70 87 86
4 70 71 88 87
4 71 72 89 88
4 72 73 90 89
4 73 74 91 90
4 74 75 92 91
4 75 76 93 92
4 76 77 94 93
4 77 78 95 94
4 78 79 96 95
4 79 80 97 96
4 80 81 98 97
4 81 82 99 98
4 82 83 100 99
4 83 84 101 100
4 85 86 103 102
4 86 87 104 103
4 87 88 105 104
4 88 89 106 105
4 89 90 107 106
4 90 91 108 107
4 91 92 109 108
4 92 93 110 109
4 93 94 111 110
4 94 95 112 111
4 95 96 113 112
4 96 97 114 113
4 97 98 115 114
4 98 99 116 115
4 99 100 117 116
4 100 101 118 117
4 102 103 120 119
4 103 104 121 120
4 104 105 122 121
4 105 106 123 122
4 106 107 124 123
4 107 108 125 124
4 108 109 126 125
4 109 110 127 126
4 110 111 128 127
4 111 112 129 128
4 112 113 130 129
4 113 114 131 130
4 114 115 132 131
4 115 116 133 132
4 116 117 134 133
4 117 118 135 134
4 119 120 137 136
4 120 121 138 137
4 121 122 139 138
4 122 123 140 139
4 123 124 141 140
4 124 125 142 141
4 125 126 143 142
4 126 127 144 143
4 127 128 145 144
4 128 129 146 145
4 129 130 147 146
4 130 131 148 147
4 131 132 149 148
4 132 133 150 149
4 133 134 151 150
4 134 135 152 151
4 153 154 251 250
4 154 155 252 251
4 155 156 253 252
4 156 157 254 253
4 157 158 255 254
4 158 159 256 255
4 159 160 257 256
4 160 161 258 257
4 161 162 259 258
4 162 163 260 259
4 163 164 261 260
4 164 165 262 261
4 165 166 263 262
4 166 167 264 263
4 167 168 265 264
4 168 169 266 265
4 169 170 267 266
4 170 171 268 267
4 171 172 269 268
4 172 173 270 269
4 173 174 271 270
4 174 175 272 271
4 175 176 273 272
4 176 177 274 273
4 177 178 275 274
4 178 179 276 275
4 179 180 277 276
4 180 181 278 277
4 181 182 279 278
4 182 183 280 279
4 183 184 281 280
4 184 185 282 281
4 185 186 283 282
4 186 187 284 283
4 187 188 285 284
4 188 189 286 285
4 189 190 287 286
4 190 191 288 287
4 191 192 289 288
4 192 193 290 289
4 193 194 291 290
4 194 195 292 291
4 195 196 293 292
4 196 197 294 293
4 197 198 295 294
4 198 199 296 295
4 199 200 297 296
4 200 201 298 297
4 201 202 299 298
4 202 203 300 299
4 203 204 301 300
4 204 205 302 301
4 205 206 303 302
4 206 207 304 303
4 207 208 305 304
4 208 209 306 305
4 209 210 307 306
4 210 211 308 307
4 211 212 309 308
4 212 213 310 309
4 213 214 311 310
4 214 215 312 311
4 215 216 313 312
4 216 217 314 313
4 217 218 315 314
4 218 219 316 315
4 219 220 317 316
4 220 221 318 317
4 221 222 319 318
4 222 223 320 319
4 223 224 321 320
4 224 225 322 321
4 225 226 323 322
4 226 227 324 323
4 227 228 325 324
4 228 229 326 325
4 229 230 327 326
4 230 231 328 327
4 231 232 329 328
4 232 233 330 329
4 233 234 331 330
4 234 235 332 331
4 235 236 333 332
4 236 237 334 333
4 237 238 335 334
4 238 239 336 335
4 239 240 337 336
4 240 241 338 337
4 241 242 339 338
4 242 243 340 339
4 243 244 341 340
4 244 245 342 341
4 245 246 343 342
4 246 247 344 343
4 247 248 345 344
4 248 249 346 345
4 250 251 348 347
4 251 252 349 348
4 252 253 350 349
4 253 254 351 350
4 254 255 352 351
4 255 256 353 352
4 256 257 354 353
4 257 258 355 354
4 258 259 356 355
4 259 260 357 356
4 260 261 358 357
4 261 262 359 358
4 262 263 360 359
4 263 264 361 360
4 264 265 362 361
4 265 266 363 362
4 266 267 364 363
4 267 268 365 364
4 268 269 366 365
4 269 270 367 366
4 270 271 368 367
4 271 272 369 368
4 272 273 370 369
4 273 274 371 370
4 274 275 372 371
4 275 276 373 372
4 276 277 374 373
4 277 278 375 374
4 278 279 376 375
4 279 280 377 376
4 280 281 378 377
4 281 282 379 378
4 282 283 380 379
4 283 284 381 380
4 284 285 382 381
4 285 286 383 382
4 286 287 384 383
4 287 288 385 384
4 288 289 386 385
4 289 290 387 386
4 290 291 388 387
4 291 292 389 388
4 292 293 390 389
4 293 294 391 390
4 294 295 392 391
4 295 296 393 392
4 296 297 394 393
4 297 298 395 394
4 298 299 396 395
4 299 300 397 396
4 300 301 398 397
4 301 302 399 398
4 302 303 400 399
4 303 304 401 400
4 304 305 402 401
4 305 306 403 402
4 306 307 404 403
4 307 308 405 404
4 308 309 406 405
4 309 310 407 406
4 310 311 408 407
4 311 312 409 408
4 312 313 410 409
4 313 314 411 410
4 314 315 412 411
4 315 316 413 412
4 316 317 414 413
4 317 318 415 414
4 318 319 416 415
4 319 320 417 416
4 320 321 418 417
4 321 322 419 418
4 322 323 420 419
4 323 324 421 420
4 324 325 422 421
4 325 326 423 422
4 326 327 424 423
4 327 328 425 424
4 328 329 426 425
4 329 330 427 426
4 330 331 428 427
4 331 332 429 428
4 332 333 430 429
4 333 334 431 430
4 334 335 432 431
4 335 336 433 432
4 336 337 434 433
4 337 338 435 434
4 338 339 436 435
4 339 340 437 436
4 340 341 438 437
4 341 342 439 438
4 342 343 440 439
4 343 344 441 440
4 344 345 442 441
4 345 346 443 442
4 347 348 445 444
4 348 349 446 445
4 349 350 447 446
4 350 351 448 447
4 351 352 449 448
4 352 353 450 449
4 353 354 451 450
4 354 355 452 451
4 355 356 453 452
4 356 357 454 453
4 357 358 455 454
4 358 359 456 455
4 359 360 457 456
4 360 361 458 457
4 361 362 459 458
4 362 363 460 459
4 363 364 461 460
4 364 365 462 461
4 365 366 463 462
4 366 367 464 463
4 367 368 465 464
4 368 369 466 465
4 369 370 467 466
4 370 371 468 467
4 371 372 469 468
4 372 373 470 469
4 373 374 471 470
4 374 375 472 471
4 375 376 473 472
4 376 377 474 473
4 377 378 475 474
4 378 379 476 475
4 379 380 477 476
4 380 381 478 477
4 381 382 479 478
4 382 383 480 479
4 383 384 481 480
4 384 385 482 481
4 385 386 483 482
4 386 387 484 483
4 387 388 485 484
4 388 389 486 485
4 389 390 487 486
4 390 391 488 487
4 391 392 489 488
4 392 393 490 489
4 393 394 491 490
4 394 395 492 491
4 395 396 493 492
4 396 397 494 493
4 397 398 495 494
4 398 399 496 495
4 399 400 497 496
4 400 401 498 497
4 401 402 499 498
4 402 403 500 499
4 403 404 501 500
4 404 405 502 501
4 405 406 503 502
4 406 407 504 503
4 407 408 505 504
4 408 409 506 505
4 409 410 507 506
4 410 411 508 507
4 411 412 509 508
4 412 413 510 509
4 413 414 511 510
4 414 415 512 511
4 415 416 513 512
4 416 417 514 513
4 417 418 515 514
4 418 419 516 515
4 419 420 517 516
4 420 421 518 517
4 421 422 519 518
4 422 423 520 519
4 423 424 521 520
4 424 425 522 521
4 425 426 523 522
4 426 427 524 523
4 427 428 525 524
4 428 429 526 525
4 429 430 527 526
4 430 431 528 527
4 431 432 529 528
4 432 433 530 529
4 433 434 531 530
4 434 435 532 531
4 435 436 533 532
4 436 437 534 533
4 437 438 535 534
4 438 439 536 535
4 439 440 537 536
4 440 441 538 537
4 441 442 539 538
4 442 443 540 539
4 444 445 542 541
4 445 446 543 542
4 446 447 544 543
4 447 448 545 544
4 448 449 546 545
4 449 450 547 546
4 450 451 548 547
4 451 452 549 548
4 452 453 550 549
4 453 454 551 550
4 454 455 552 551
4 455 456 553 552
4 456 457 554 553
4 457 458 555 554
4 458 459 556 555
4 459 460 557 556
4 460 461 558 557
4 461 462 559 558
4 462 463 560 559
4 463 464 561 560
4 464 465 562 561
4 465 466 563 562
4 466 467 564 563
4 467 468 565 564
4 468 469 566 565
4 469 470 567 566
4 470 471 568 567
4 471 472 569 568
4 472 473 570 569
4 473 474 571 570
4 474 475 572 571
4 475 476 573 572
4 476 477 574 573
4 477 478 575 574
4 478 479 576 575
4 479 480 577 576
4 480 481 578 577
4 481 482 579 578
4 482 483 580 579
4 483 484 581 580
4 484 485 582 581
4 485 486 583 582
4 486 487 584 583
4 487 488 585 584
4 488 489 586 585
4 489 490 587 586
4 490 491 588 587
4 491 492 589 588
4 492 493 590 589
4 493 494 591 590
4 494 495 592 591
4 495 496 593 592
4 496 497 594 593
4 497 498 595 594
4 498 499 596 595
4 499 500 597 596
4 500 501 598 597
4 501 502 599 598
4 502 503 600 599
4 503 504 601 600
4 504 505 602 601
4 505 506 603 602
4 506 507 604 603
4 507 508 605 604
4 508 509 606 605
4 509 510 607 606
4 510 511 608 607
4 511 512 609 608
4 512 513 610 609
4 513 514 611 610
4 514 515 612 611
4 515 516 613 612
4 516 517 614 613
4 517 518 615 614
4 518 519 616 615
4 519 520 617 616
4 520 521 618 617
4 521 522 619 618
4 522 523 620 619
4 523 524 621 620
4 524 525 622 621
4 525 526 623 622
4 526 527 624 623
4 527 528 625 624
4 528 529 626 625
4 529 530 627 626
4 530 531 628 627
4 531 532 629 628
4 532 533 630 629
4 533 534 631 630
4 534 535 632 631
4 535 536 633 632
4 536 537 634 633
4 537 538 635 634
4 538 539 636 635
4 539 540 637 636
4 541 542 639 638
4 542 543 640 639
4 543 544 641 640
4 544 545 642 641
4 545 546 643 642
4 546 547 644 643
4 547 548 645 644
4 548 549 646 645
4 549 550 647 646
4 550 551 648 647
4 551 552 649 648
4 552 553 650 649
4 553 554 651 650
4 554 555 652 651
4 555 556 653 652
4 556 557 654 653
4 557 558 655 654
4 558 559 656 655
4 559 560 657 656
4 560 561 658 657
4 561 562 659 658
4 562 563 660 659
4 563 564 661 660
4 564 565 662 661
4 565 566 663 662
4 566 567 664 663
4 567 568 665 664
4 568 569 666 665
4 569 570 667 666
4 570 571 668 667
4 571 572 669 668
4 572 573 670 669
4 573 574 671 670
4 574 575 672 671
4 575 576 673 672
4 576 577 674 673
4 577 578 675 674
4 578 579 676 675
4 579 580 677 676
4 580 581 678 677
4 581 582 679 678
4 582 583 680 679
4 583 584 681 680
4 584 585 682 681
4 585 586 683 682
4 586 587 684 683
4 587 588 685 684
4 588 589 686 685
4 589 590 687 686
4 590 591 688 687
4 591 592 689 688
4 592 593 690 689
4 593 594 691 690
4 594 595 692 691
4 595 596 693 692
4 596 597 694 693
4 597 598 695 694
4 598 599 696 695
4 599 600 697 696
4 600 601 698 697
4 601 602 699 698
4 602 603 700 699
4 603 604 701 700
4 604 605 702 701
4 605 606 703 702
4 606 607 704 703
4 607 608 705 704
4 608 609 706 705
4 609 610 707 706
4 610 611 708 707
4 611 612 709 708
4 612 613 710 709
4 613 614 711 710
4 614 615 712 711
4 615 616 713 712
4 616 617 714 713
4 617 618 715 714
4 618 619 716 715
4 619 620 717 716
4 620 621 718 717
4 621 622 719 718
4 622 623 720 719
4 623 624 721 720
4 624 625 722 721
4 625 626 723 722
4 626 627 724 723
4 627 628 725 724
4 628 629 726 725
4 629 630 727 726
4 630 631 728 727
4 631 632 729 728
4 632 633 730 729
4 633 634 731 730
4 634 635 732 731
4 635 636 733 732
4 636 637 734 733
4 638 639 736 735
4 639 640 737 736
4 640 641 738 737
4 641 642 739 738
4 642 643 740 739
4 643 644 741 740
4 644 645 742 741
4 645 646 743 742
4 646 647 744 743
4 647 648 745 744
4 648 649 746 745
4 649 650 747 746
4 650 651 748 747
4 651 652 749 748
4 652 653 750 749
4 653 654 751 750
4 654 655 752 751
4 655 656 753 752
4 656 657 754 753
4 657 658 755 754
4 658 659 756 755
4 659 660 757 756
4 660 661 758 757
4 661 662 759 758
4 662 663 760 759
4 663 664 761 760
4 664 665 762 761
4 665 666 763 762
4 666 667 764 763
4 667 668 765 764
4 668 669 766 765
4 669 670 767 766
4 670 671 768 767
4 671 672 769 768
4 672 673 770 769
4 673 674 771 770
4 674 675 772 771
4 675 676 773 772
4 676 677 774 773
4 677 678 775 774
4 678 679 776 775
4 679 680 777 776
4 680 681 778 777
4 681 682 779 778
4 682 683 780 779
4 683 684 781 780
4 684 685 782 781
4 685 686 783 782
4 686 687 784 783
4 687 688 785 784
4 688 689 786 785
4 689 690 787 786
4 690 691 788 787
4 691 692 789 788
4 692 693 790 789
4 693 694 791 790
4 694 695 792 791
4 695 696 793 792
4 696 697 794 793
4 697 698 795 794
4 698 699 796 795
4 699 700 797 796
4 700 701 798 797
4 701 702 799 798
4 702 703 800 799
4 703 704 801 800
4 704 705 802 801
4 705 706 803 802
4 706 707 804 803
4 707 708 805 804
4 708 709 806 805
4 709 710 807 806
4 710 711 808 807
4 711 712 809 808
4 712 713 810 809
4 713 714 811 810
4 714 715 812 811
4 715 716 813 812
4 716 717 814 813
4 717 718 815 814
4 718 719 816 815
4 719 720 817 816
4 720 721 818 817
4 721 722 819 818
4 722 723 820 819
4 723 724 821 820
4 724 725 822 821
4 725 726 823 822
4 726 727 824 823
4 727 728 825 824
4 728 729 826 825
4 729 730 827 826
4 730 731 828 827
4 731 732 829 828
4 732 733 830 829
4 733 734 831 830
4 735 736 833 832
4 736 737 834 833
4 737 738 835 834
4 738 739 836 835
4 739 740 837 836
4 740 741 838 837
4 741 742 839 838
4 742 743 840 839
4 743 744 841 840
4 744 745 842 841
4 745 746 843 842
4 746 747 844 843
4 747 748 845 844
4 748 749 846 845
4 749 750 847 846
4 750 751 848 847
4 751 752 849 848
4 752 753 850 849
4 753 754 851 850
4 754 755 852 851
4 755 756 853 852
4 756 757 854 853
4 757 758 855 854
4 758 759 856 855
4 759 760 857 856
4 760 761 858 857
4 761 762 859 858
4 762 763 860 859
4 763 764 861 860
4 764 765 862 861
4 765 766 863 862
4 766 767 864 863
4 767 768 865 864
4 768 769 866 865
4 769 770 867 866
4 770 771 868 867
4 771 772 869 868
4 772 773 870 869
4 773 774 871 870
4 774 775 872 871
4 775 776 873 872
4 776 777 874 873
4 777 778 875 874
4 778 779 876 875
4 779 780 877 876
4 780 781 878 877
4 781 782 879 878
4 782 783 880 879
4 783 784 881 880
4 784 785 882 881
4 785 786 883 882
4 786 787 884 883
4 787 788 885 884
4 788 789 886 885
4 789 790 887 886
4 790 791 888 887
4 791 792 889 888
4 792 793 890 889
4 793 794 891 890
4 794 795 892 891
4 795 796 893 892
4 796 797 894 893
4 797 798 895 894
4 798 799 896 895
4 799 800 897 896
4 800 801 898 897
4 801 802 899 898
4 802 803 900 899
4 803 804 901 900
4 804 805 902 901
4 805 806 903 902
4 806 807 904 903
4 807 808 905 904
4 808 809 906 905
4 809 810 907 906
4 810 811 908 907
4 811 812 909 908
4 812 813 910 909
4 813 814 911 910
4 814 815 912 911
4 815 816 913 912
4 816 817 914 913
4 817 818 915 914
4 818 819 916 915
4 819 820 917 916
4 820 821 918 917
4 821 822 919 918
4 822 823 920 919
4 823 824 921 920
4 824 825 922 921
4 825 826 923 922
4 826 827 924 923
4 827 828 925 924
4 828 829 926 925
4 829 830 927 926
4 830 831 928 927
4 832 833 930 929
4 833 834 931 930
4 834 835 932 931
4 835 836 933 932
4 836 837 934 933
4 837 838 935 934
4 838 839 936 935
4 839 840 937 936
4 840 841 938 937
4 841 842 939 938
4 842 843 940 939
4 843 844 941 940
4 844 845 942 941
4 845 846 943 942
4 846 847 944 943
4 847 848 945 944
4 848 849 946 945
4 849 850 947 946
4 850 851 948 947
4 851 852 949 948
4 852 853 950 949
4 853 854 951 950
4 854 855 952 951
4 855 856 953 952
4 856 857 954 953
4 857 858 955 954
4 858 859 956 955
4 859 860 957 956
4 860 861 958 957
4 861 862 959 958
4 862 863 960 959
4 863 864 961 960
4 864 865 962 961
4 865 866 963 962
4 866 867 964 963
4 867 868 965 964
4 868 869 966 965
4 869 870 967 966
4 870 871 968 967
4 871 872 969 968
4 872 873 970 969
4 873 874 971 970
4 874 875 972 971
4 875 876 973 972
4 876 877 974 973
4 877 878 975 974
4 878 879 976 975
4 879 880 977 976
4 880 881 978 977
4 881 882 979 978
4 882 883 980 979
4 883 884 981 980
4 884 885 982 981
4 885 886 983 982
4 886 887 984 983
4 887 888 985 984
4 888 889 986 985
4 889 890 987 986
4 890 891 988 987
4 891 892 989 988
4 892 893 990 989
4 893 894 991 990
4 894 895 992 991
4 895 896 993 992
4 896 897 994 993
4 897 898 995 994
4 898 899 996 995
4 899 900 997 996
4 900 901 998 997
4 901 902 999 998
4 902 903 1000 999
4 903 904 1001 1000
4 904 905 1002 1001
4 905 906 1003 1002
4 906 907 1004 1003
4 907 908 1005 1004
4 908 909 1006 1005
4 909 910 1007 1006
4 910 911 1008 1007
4 911 912 1009 1008
4 912 913 1010 1009
4 913 914 1011 1010
4 914 915 1012 1011
4 915 916 1013 1012
4 916 917 1014 1013
4 917 918 1015 1014
4 918 919 1016 1015
4 919 920 1017 1016
4 920 921 1018 1017
4 921 922 1019 1018
4 922 923 1020 1019
4 923 924 1021 1020
4 924 925 1022 1021
4 925 926 1023 1022
4 926 927 1024 1023
4 927 928 1025 1024
4 1026 1027 1124 1123
4 1027 1028 1125 1124
4 1028 1029 1126 1125
4 1029 1030 1127 1126
4 1030 1031 1128 1127
4 1031 1032 1129 1128
4 1032 1033 1130 1129
4 1033 1034 1131 1130
4 1034 1035 1132 1131
4 1035 1036 1133 1132
4 1036 1037 1134 1133
4 1037 1038 1135 1134
4 1038 1039 1136 1135
4 1039 1040 1137 1136
4 1040 1041 1138 1137
4 1041 1042 1139 1138
4 1042 1043 1140 1139
4 1043 1044 1141 1140
4 1044 1045 1142 1141
4 1045 1046 1143 1142
4 1046 1047 1144 1143
4 1047 1048 1145 1144
4 1048 1049 1146 1145
4 1049 1050 1147 1146
4 1050 1051 1148 1147
4 1051 1052 1149 1148
4 1052 1053 1150 1149
4 1053 1054 1151 1150
4 1054 1055 1152 1151
4 1055 1056 1153 1152
4 1056 1057 1154 1153
4 1057 1058 1155 1154
4 1058 1059 1156 1155
4 1059 1060 1157 1156
4 1060 1061 1158 1157
4 1061 1062 1159 1158
4 1062 1063 1160 1159
4 1063 1064 1161 1160
4 1064 1065 1162 1161
4 1065 1066 1163 1162
4 1066 1067 1164 1163
4 1067 1068 1165 1164
4 1068 1069 1166 1165
4 1069 1070 1167 1166
4 1070 1071 1168 1167
4 1071 1072 1169 1168
4 1072 1073 1170 1169
4 1073 1074 1171 1170
4 1074 1075 1172 1171
4 1075 1076 1173 1172
4 1076 1077 1174 1173
4 1077 1078 1175 1174
4 1078 1079 1176 1175
4 1079 1080 1177 1176
4 1080 1081 1178 1177
4 1081 1082 1179 1178
4 1082 1083 1180 1179
4 1083 1084 1181 1180
4 1084 1085 1182 1181
4 1085 1086 1183 1182
4 1086 1087 1184 1183
4 1087 1088 1185 1184
4 1088 1089 1186 1185
4 1089 1090 1187 1186
4 1090 1091 1188 1187
4 1091 1092 1189 1188
4 1092 1093 1190 1189
4 1093 1094 1191 1190
4 1094 1095 1192 1191
4 1095 1096 1193 1192
4 1096 1097 1194 1193
4 1097 1098 1195 1194
4 1098 1099 1196 1195
4 1099 1100 1197 1196
4 1100 1101 1198 1197
4 1101 1102 1199 1198
4 1102 1103 1200 1199
4 1103 1104 1201 1200
4 1104 1105 1202 1201
4 1105 1106 1203 1202
4 1106 1107 1204 1203
4 1107 1108 1205 1204
4 1108 1109 1206 1205
4 1109 1110 1207 1206
4 1110 1111 1208 1207
4 1111 1112 1209 1208
4 1112 1113 1210 1209
4 1113 1114 1211 1210
4 1114 1115 1212 1211
4 1115 1116 1213 1212
4 1116 1117 1214 1213
4 1117 1118 1215 1214
4 1118 1119 1216 1215
4 1119 1120 1217 1216
4 1120 1121 1218 1217
4 1121 1122 1219 1218
4 1123 1124 1221 1220
4 1124 1125 1222 1221
4 1125 1126 1223 1222
4 1126 1127 1224 1223
4 1127 1128 1225 1224
4 1128 1129 1226 1225
4 1129 1130 1227 1226
4 1130 1131 1228 1227
4 1131 1132 1229 1228
4 1132 1133 1230 1229
4 1133 1134 1231 1230
4 1134 1135 1232 1231
4 1135 1136 1233 1232
4 1136 1137 1234 1233
4 1137 1138 1235 1234
4 1138 1139 1236 1235
4 1139 1140 1237 1236
4 1140 1141 1238 1237
4 1141 1142 1239 1238
4 1142 1143 1240 1239
4 1143 1144 1241 1240
4 1144 1145 1242 1241
4 1145 1146 1243 1242
4 1146 1147 1244 1243
4 1147 1148 1245 1244
4 1148 1149 1246 1245
4 1149 1150 1247 1246
4 1150 1151 1248 1247
4 1151 1152 1249 1248
4 1152 1153 1250 1249
4 1153 1154 1251 1250
4 1154 1155 1252 1251
4 1155 1156 1253 1252
4 1156 1157 1254 1253
4 1157 1158 1255 1254
4 1158 1159 1256 1255
4 1159 1160 1257 1256
4 1160 1161 1258 1257
4 1161 1162 1259 1258
4 1162 1163 1260 1259
4 1163 1164 1261 1260
4 1164 1165 1262 1261
4 1165 1166 1263 1262
4 1166 1167 1264 1263
4 1167 1168 1265 1264
4 1168 1169 1266 1265
4 1169 1170 1267 1266
4 1170 1171 1268 1267
4 1171 1172 1269 1268
4 1172 1173 1270 1269
4 1173 1174 1271 1270
4 1174 1175 1272 1271
4 1175 1176 1273 1272
4 1176 1177 1274 1273
4 1177 1178 1275 1274
4 1178 1179 1276 1275
4 1179 1180 1277 1276
4 1180 1181 1278 1277
4 1181 1182 1279 1278
4 1182 1183 1280 1279
4 1183 1184 1281 1280
4 1184 1185 1282 1281
4 1185 1186 1283 1282
4 1186 1187 1284 1283
4 1187 1188 1285 1284
4 1188 1189 1286 1285
4 1189 1190 1287 1286
4 1190 1191 1288 1287
4 1191 1192 1289 1288
4 1192 1193 1290 1289
4 1193 1194 1291 1290
4 1194 1195 1292 1291
4 1195 1196 1293 1292
4 1196 1197 1294 1293
4 1197 1198 1295 1294
4 1198 1199 1296 1295
4 1199 1200 1297 1296
4 1200 1201 1298 1297
4 1201 1202 1299 1298
4 1202 1203 1300 1299
4 1203 1204 1301 1300
4 1204 1205 1302 1301
4 1205 1206 1303 1302
4 1206 1207 1304 1303
4 1207 1208 1305 1304
4 1208 1209 1306 1305
4 1209 1210 1307 1306
4 1210 1211 1308 1307
4 1211 1212 1309 1308
4 1212 1213 1310 1309
4 1213 1214 1311 1310
4 1214 1215 1312 1311
4 1215 1216 1313 1312
4 1216 1217 1314 1313
4 1217 1218 1315 1314
4 1218 1219 1316 1315
4 1220 1221 1318 1317
4 1221 1222 1319 1318
4 1222 1223 1320 1319
4 1223 1224 1321 1320
4 1224 1225 1322 1321
4 1225 1226 1323 1322
4 1226 1227 1324 1323
4 1227 1228 1325 1324
4 1228 1229 1326 1325
4 1229 1230 1327 1326
4 1230 1231 1328 1327
4 1231 1232 1329 1328
4 1232 1233 1330 1329
4 1233 1234 1331 1330
4 1234 1235 1332 1331
4 1235 1236 1333 1332
4 1236 1237 1334 1333
4 1237 1238 1335 1334
4 1238 1239 1336 1335
4 1239 1240 1337 1336
4 1240 1241 1338 1337
4 1241 1242 1339 1338
4 1242 1243 1340 1339
4 1243 1244 1341 1340
4 1244 1245 1342 1341
4 1245 1246 1343 1342
4 1246 1247 1344 1343
4 1247 1248 1345 1344
4 1248 1249 1346 1345
4 1249 1250 1347 1346
4 1250 1251 1348 1347
4 1251 1252 1349 1348
4 1252 1253 1350 1349
4 1253 1254 1351 1350
4 1254 1255 1352 1351
4 1255 1256 1353 1352
4 1256 1257 1354 1353
4 1257 1258 1355 1354
4 1258 1259 1356 1355
4 1259 1260 1357 1356
4 1260 1261 1358 1357
4 1261 1262 1359 1358
4 1262 1263 1360 1359
4 1263 1264 1361 1360
4 1264 1265 1362 1361
4 1265 1266 1363 1362
4 1266 1267 1364 1363
4 1267 1268 1365 1364
4 1268 1269 1366 1365
4 1269 1270 1367 1366
4 1270 1271 1368 1367
4 1271 1272 1369 1368
4 1272 1273 1370 1369
4 1273 1274 1371 1370
4 1274 1275 1372 1371
4 1275 1276 1373 1372
4 1276 1277 1374 1373
4 1277 1278 1375 1374
4 1278 1279 1376 1375
4 1279 1280 1377 1376
4 1280 1281 1378 1377
4 1281 1282 1379 1378
4 1282 1283 1380 1379
4 1283 1284 1381 1380
4 1284 1285 1382 1381
4 1285 1286 1383 1382
4 1286 1287 1384 1383
4 1287 1288 1385 1384
4 1288 1289 1386 1385
4 1289 1290 1387 1386
4 1290 1291 1388 1387
4 1291 1292 1389 1388
4 1292 1293 1390 1389
4 1293 1294 1391 1390
4 1294 1295 1392 1391
4 1295 1296 1393 1392
4 1296 1297 1394 1393
4 1297 1298 1395 1394
4 1298 1299 1396 1395
4 1299 1300 1397 1396
4 1300 1301 1398 1397
4 1301 1302 1399 1398
4 1302 1303 1400 1399
4 1303 1304 1401 1400
4 1304 1305 1402 1401
4 1305 1306 1403 1402
4 1306 1307 1404 1403
4 1307 1308 1405 1404
4 1308 1309 1406 1405
4 1309 1310 1407 1406
4 1310 1311 1408 1407
4 1311 1312 1409 1408
4 1312 1313 1410 1409
4 1313 1314 1411 1410
4 1314 1315 1412 1411
4 1315 1316 1413 1412
4 1317 1318 1415 1414
4 1318 1319 1416 1415
4 1319 1320 1417 1416
4 1320 1321 1418 1417
4 1321 1322 1419 1418
4 1322 1323 1420 1419
4 1323 1324 1421 1420
4 1324 1325 1422 1421
4 1325 1326 1423 1422
4 1326 1327 1424 1423
4 1327 1328 1425 1424
4 1328 1329 1426 1425
4 1329 1330 1427 1426
4 1330 1331 1428 1427
4 1331 1332 1429 1428
4 1332 1333 1430 1429
4 1333 1334 1431 1430
4 1334 1335 1432 1431
4 1335 1336 1433 1432
4 1336 1337 1434 1433
4 1337 1338 1435 1434
4 1338 1339 1436 1435
4 1339 1340 1437 1436
4 1340 1341 1438 1437
4 1341 1342 1439 1438
4 1342 1343 1440 1439
4 1343 1344 1441 1440
4 1344 1345 1442 1441
4 1345 1346 1443 1442
4 1346 1347 1444 1443
4 1347 1348 1445 1444
4 1348 1349 1446 1445
4 1349 1350 1447 1446
4 1350 1351 1448 1447
4 1351 1352 1449 1448
4 1352 1353 1450 1449
4 1353 1354 1451 1450
4 1354 1355 1452 1451
4 1355 1356 1453 1452
4 1356 1357 1454 1453
4 1357 1358 1455 1454
4 1358 1359 1456 1455
4 1359 1360 1457 1456
4 1360 1361 1458 1457
4 1361 1362 1459 1458
4 1362 1363 1460 1459
4 1363 1364 1461 1460
4 1364 1365 1462 1461
4 1365 1366 1463 1462
4 1366 1367 1464 1463
4 1367 1368 1465 1464
4 1368 1369 1466 1465
4 1369 1370 1467 1466
4 1370 1371 1468 1467
4 1371 1372 1469 1468
4 1372 1373 1470 1469
4 1373 1374 1471 1470
4 1374 1375 1472 1471
4 1375 1376 1473 1472
4 1376 1377 1474 1473
4 1377 1378 1475 1474
4 1378 1379 1476 1475
4 1379 1380 1477 1476
4 1380 1381 1478 1477
4 1381 1382 1479 1478
4 1382 1383 1480 1479
4 1383 1384 1481 1480
4 1384 1385 1482 1481
4 1385 1386 1483 1482
4 1386 1387 1484 1483
4 1387 1388 1485 1484
4 1388 1389 1486 1485
4 1389 1390 1487 1486
4 1390 1391 1488 1487
4 1391 1392 1489 1488
4 1392 1393 1490 1489
4 1393 1394 1491 1490
4 1394 1395 1492 1491
4 1395 1396 1493 1492
4 1396 1397 1494 1493
4 1397 1398 1495 1494
4 1398 1399 1496 1495
4 1399 1400 1497 1496
4 1400 1401 1498 1497
4 1401 1402 1499 1498
4 1402 1403 1500 1499
4 1403 1404 1501 1500
4 1404 1405 1502 1501
4 1405 1406 1503 1502
4 1406 1407 1504 1503
4 1407 1408 1505 1504
4 1408 1409 1506 1505
4 1409 1410 1507 1506
4 1410 1411 1508 1507
4 1411 1412 1509 1508
4 1412 1413 1510 1509
4 1414 1415 1512 1511
4 1415 1416 1513 1512
4 1416 1417 1514 1513
4 1417 1418 1515 1514
4 1418 1419 1516 1515
4 1419 1420 1517 1516
4 1420 1421 1518 1517
4 1421 1422 1519 1518
4 1422 1423 1520 1519
4 1423 1424 1521 1520
4 1424 1425 1522 1521
4 1425 1426 1523 1522
4 1426 1427 1524 1523
4 1427 1428 1525 1524
4 1428 1429 1526 1525
4 1429 1430 1527 1526
4 1430 1431 1528 1527
4 1431 1432 1529 1528
4 1432 1433 1530 1529
4 1433 1434 1531 1530
4 1434 1435 1532 1531
4 1435 1436 1533 1532
4 1436 1437 1534 1533
4 1437 1438 1535 1534
4 1438 1439 1536 1535
4 1439 1440 1537 1536
4 1440 1441 1538 1537
4 1441 1442 1539 1538
4 1442 1443 1540 1539
4 1443 1444 1541 1540
4 1444 1445 1542 1541
4 1445 1446 1543 1542
4 1446 1447 1544 1543
4 1447 1448 1545 1544
4 1448 1449 1546 1545
4 1449 1450 1547 1546
4 1450 1451 1548 1547
4 1451 1452 1549 1548
4 1452 1453 1550 1549
4 1453 1454 1551 1550
4 1454 1455 1552 1551
4 1455 1456 1553 1552
4 1456 1457 1554 1553
4 1457 1458 1555 1554
4 1458 1459 1556 1555
4 1459 1460 1557 1556
4 1460 1461 1558 1557
4 1461 1462 1559 1558
4 1462 1463 1560 1559
4 1463 1464 1561 1560
4 1464 1465 1562 1561
4 1465 1466 1563 1562
4 1466 1467 1564 1563
4 1467 1468 1565 1564
4 1468 1469 1566 1565
4 1469 1470 1567 1566
4 1470 1471 1568 1567
4 1471 1472 1569 1568
4 1472 1473 1570 1569
4 1473 1474 1571 1570
4 1474 1475 1572 1571
4 1475 1476 1573 1572
4 1476 1477 1574 1573
4 1477 1478 1575 1574
4 1478 1479 1576 1575
4 1479 1480 1577 1576
4 1480 1481 1578 1577
4 1481 1482 1579 1578
4 1482 1483 1580 1579
4 1483 1484 1581 1580
4 1484 1485 1582 1581
4 1485 1486 1583 1582
4 1486 1487 1584 1583
4 1487 1488 1585 1584
4 1488 1489 1586 1585
4 1489 1490 1587 1586
4 1490 1491 1588 1587
4 1491 1492 1589 1588
4 1492 1493 1590 1589
4 1493 1494 1591 1590
4 1494 1495 1592 1591
4 1495 1496 1593 1592
4 1496 1497 1594 1593
4 1497 1498 1595 1594
4 1498 1499 1596 1595
4 1499 1500 1597 1596
4 1500 1501 1598 1597
4 1501 1502 1599 1598
4 1502 1503 1600 1599
4 1503 1504 1601 1600
4 1504 1505 1602 1601
4 1505 1506 1603 1602
4 1506 1507 1604 1603
4 1507 1508 1605 1604
4 1508 1509 1606 1605
4 1509 1510 1607 1606
4 1511 1512 1609 1608
4 1512 1513 1610 1609
4 1513 1514 1611 1610
4 1514 1515 1612 1611
4 1515 1516 1613 1612
4 1516 1517 1614 1613
4 1517 1518 1615 1614
4 1518 1519 1616 1615
4 1519 1520 1617 1616
4 1520 1521 1618 1617
4 1521 1522 1619 1618
4 1522 1523 1620 1619
4 1523 1524 1621 1620
4 1524 1525 1622 1621
4 1525 1526 1623 1622
4 1526 1527 1624 1623
4 1527 1528 1625 1624
4 1528 1529 1626 1625
4 1529 1530 1627 1626
4 1530 1531 1628 1627
4 1531 1532 1629 1628
4 1532 1533 1630 1629
4 1533 1534 1631 1630
4 1534 1535 1632 1631
4 1535 1536 1633 1632
4 1536 1537 1634 1633
4 1537 1538 1635 1634
4 1538 1539 1636 1635
4 1539 1540 1637 1636
4 1540 1541 1638 1637
4 1541 1542 1639 1638
4 1542 1543 1640 1639
4 1543 1544 1641 1640
4 1544 1545 1642 1641
4 1545 1546 1643 1642
4 1546 1547 1644 1643
4 1547 1548 1645 1644
4 1548 1549 1646 1645
4 1549 1550 1647 1646
4 1550 1551 1648 1647
4 1551 1552 1649 1648
4 1552 1553 1650 1649
4 1553 1554 1651 1650
4 1554 1555 1652 1651
4 1555 1556 1653 1652
4 1556 1557 1654 1653
4 1557 1558 1655 1654
4 1558 1559 1656 1655
4 1559 1560 1657 1656
4 1560 1561 1658 1657
4 1561 1562 1659 1658
4 1562 1563 1660 1659
4 1563 1564 1661 1660
4 1564 1565 1662 1661
4 1565 1566 1663 1662
4 1566 1567 1664 1663
4 1567 1568 1665 1664
4 1568 1569 1666 1665
4 1569 1570 1667 1666
4 1570 1571 1668 1667
4 1571 1572 1669 1668
4 1572 1573 1670 1669
4 1573 1574 1671 1670
4 1574 1575 1672 1671
4 1575 1576 1673 1672
4 1576 1577 1674 1673
4 1577 1578 1675 1674
4 1578 1579 1676 1675
4 1579 1580 1677 1676
4 1580 1581 1678 1677
4 1581 1582 1679 1678
4 1582 1583 1680 1679
4 1583 1584 1681 1680
4 1584 1585 1682 1681
4 1585 1586 1683 1682
4 1586 1587 1684 1683
4 1587 1588 1685 1684
4 1588 1589 1686 1685
4 1589 1590 1687 1686
4 1590 1591 1688 1687
4 1591 1592 1689 1688
4 1592 1593 1690 1689
4 1593 1594 1691 1690
4 1594 1595 1692 1691
4 1595 1596 1693 1692
4 1596 1597 1694 1693
4 1597 1598 1695 1694
4 1598 1599 1696 1695
4 1599 1600 1697 1696
4 1600 1601 1698 1697
4 1601 1602 1699 1698
4 1602 1603 1700 1699
4 1603 1604 1701 1700
4 1604 1605 1702 1701
4 1605 1606 1703 1702
4 1606 1607 1704 1703
4 1608 1609 1706 1705
4 1609 1610 1707 1706
4 1610 1611 1708 1707
4 1611 1612 1709 1708
4 1612 1613 1710 1709
4 1613 1614 1711 1710
4 1614 1615 1712 1711
4 1615 1616 1713 1712
4 1616 1617 1714 1713
4 1617 1618 1715 1714
4 1618 1619 1716 1715
4 1619 1620 1717 1716
4 1620 1621 1718 1717
4 1621 1622 1719 1718
4 1622 1623 1720 1719
4 1623 1624 1721 1720
4 1624 1625 1722 1721
4 1625 1626 1723 1722
4 1626 1627 1724 1723
4 1627 1628 1725 1724
4 1628 1629 1726 1725
4 1629 1630 1727 1726
4 1630 1631 1728 1727
4 1631 1632 1729 1728
4 1632 1633 1730 1729
4 1633 1634 1731 1730
4 1634 1635 1732 1731
4 1635 1636 1733 1732
4 1636 1637 1734 1733
4 1637 1638 1735 1734
4 1638 1639 1736 1735
4 1639 1640 1737 1736
4 1640 1641 1738 1737
4 1641 1642 1739 1738
4 1642 1643 1740 1739
4 1643 1644 1741 1740
4 1644 1645 1742 1741
4 1645 1646 1743 1742
4 1646 1647 1744 1743
4 1647 1648 1745 1744
4 1648 1649 1746 1745
4 1649 1650 1747 1746
4 1650 1651 1748 1747
4 1651 1652 1749 1748
4 1652 1653 1750 1749
4 1653 1654 1751 1750
4 1654 1655 1752 1751
4 1655 1656 1753 1752
4 1656 1657 1754 1753
4 1657 1658 1755 1754
4 1658 1659 1756 1755
4 1659 1660 1757 1756
4 1660 1661 1758 1757
4 1661 1662 1759 1758
4 1662 1663 1760 1759
4 1663 1664 1761 1760
4 1664 1665 1762 1761
4 1665 1666 1763 1762
4 1666 1667 1764 1763
4 1667 1668 1765 1764
4 1668 1669 1766 1765
4 1669 1670 1767 1766
4 1670 1671 1768 1767
4 1671 1672 1769 1768
4 1672 1673 1770 1769
4 1673 1674 1771 1770
4 1674 1675 1772 1771
4 1675 1676 1773 1772
4 1676 1677 1774 1773
4 1677 1678 1775 1774
4 1678 1679 1776 1775
4 1679 1680 1777 1776
4 1680 1681 1778 1777
4 1681 1682 1779 1778
4 1682 1683 1780 1779
4 1683 1684 1781 1780
4 1684 1685 1782 1781
4 1685 1686 1783 1782
4 1686 1687 1784 1783
4 1687 1688 1785 1784
4 1688 1689 1786 1785
4 1689 1690 1787 1786
4 1690 1691 1788 1787
4 1691 1692 1789 1788
4 1692 1693 1790 1789
4 1693 1694 1791 1790
4 1694 1695 1792 1791
4 1695 1696 1793 1792
4 1696 1697 1794 1793
4 1697 1698 1795 1794
4 1698 1699 1796 1795
4 1699 1700 1797 1796
4 1700 1701 1798 1797
4 1701 1702 1799 1798
4 1702 1703 1800 1799
4 1703 1704 1801 1800
4 1705 1706 1803 1802
4 1706 1707 1804 1803
4 1707 1708 1805 1804
4 1708 1709 1806 1805
4 1709 1710 1807 1806
4 1710 1711 1808 1807
4 1711 1712 1809 1808
4 1712 1713 1810 1809
4 1713 1714 1811 1810
4 1714 1715 1812 1811
4 1715 1716 1813 1812
4 1716 1717 1814 1813
4 1717 1718 1815 1814
4 1718 1719 1816 1815
4 1719 1720 1817 1816
4 1720 1721 1818 1817
4 1721 1722 1819 1818
4 1722 1723 1820 1819
4 1723 1724 1821 1820
4 1724 1725 1822 1821
4 1725 1726 1823 1822
4 1726 1727 1824 1823
4 1727 1728 1825 1824
4 1728 1729 1826 1825
4 1729 1730 1827 1826
4 1730 1731 1828 1827
4 1731 1732 1829 1828
4 1732 1733 1830 1829
4 1733 1734 1831 1830
4 1734 1735 1832 1831
4 1735 1736 1833 1832
4 1736 1737 1834 1833
4 1737 1738 1835 1834
4 1738 1739 1836 1835
4 1739 1740 1837 1836
4 1740 1741 1838 1837
4 1741 1742 1839 1838
4 1742 1743 1840 1839
4 1743 1744 1841 1840
4 1744 1745 1842 1841
4 1745 1746 1843 1842
4 1746 1747 1844 1843
4 1747 1748 1845 1844
4 1748 1749 1846 1845
4 1749 1750 1847 1846
4 1750 1751 1848 1847
4 1751 1752 1849 1848
4 1752 1753 1850 1849
4 1753 1754 1851 1850
4 1754 1755 1852 1851
4 1755 1756 1853 1852
4 1756 1757 1854 1853
4 1757 1758 1855 1854
4 1758 1759 1856 1855
4 1759 1760 1857 1856
4 1760 1761 1858 1857
4 1761 1762 1859 1858
4 1762 1763 1860 1859
4 1763 1764 1861 1860
4 1764 1765 1862 1861
4 1765 1766 1863 1862
4 1766 1767 1864 1863
4 1767 1768 1865 1864
4 1768 1769 1866 1865
4 1769 1770 1867 1866
4 1770 1771 1868 1867
4 1771 1772 1869 1868
4 1772 1773 1870 1869
4 1773 1774 1871 1870
4 1774 1775 1872 1871
4 1775 1776 1873 1872
4 1776 1777 1874 1873
4 1777 1778 1875 1874
4 1778 1779 1876 1875
4 1779 1780 1877 1876
4 1780 1781 1878 1877
4 1781 1782 1879 1878
4 1782 1783 1880 1879
4 1783 1784 1881 1880
4 1784 1785 1882 1881
4 1785 1786 1883 1882
4 1786 1787 1884 1883
4 1787 1788 1885 1884
4 1788 1789 1886 1885
4 1789 1790 1887 1886
4 1790 1791 1888 1887
4 1791 1792 1889 1888
4 1792 1793 1890 1889
4 1793 1794 1891 1890
4 1794 1795 1892 1891
4 1795 1796 1893 1892
4 1796 1797 1894 1893
4 1797 1798 1895 1894
4 1798 1799 1896 1895
4 1799 1800 1897 1896
4 1800 1801 1898 1897
CELL_TYPES 1664
9
9
9
9
9
9
9
9
9
9
9
9
9
9
9
9
9
9
9
9
9
9
9
9
9
9
9
9
9
9
9
9
9
9
9
9
9
9
9
9
9
9
9
9
9
9
9
9
9
9
9
9
9
9
9
9
9
9
9
9
9
9
9
9
9
9
9
9
9
9
9
9
9
9
9
9
9
9
9
9
9
9
9
9
9
9
9
9
9
9
9
9
9
9
9
9
9
9
9
9
9
9
9
9
9
9
9
9
9
9
9
9
9
9
9
9
9
9
9
9
9
9
9
9
9
9
9
9
9
9
9
9
9
9
9
9
9
9
9
9
9
9
9
9
9
9
9
9
9
9
9
9
9
9
9
9
9
9
9
9
9
9
9
9
9
9
9
9
9
9
9
9
9
9
9
9
9
9
9
9
9
9
9
9
9
9
9
9
9
9
9
9
9
9
9
9
9
9
9
9
9
9
9
9
9
9
9
9
9
9
9
9
9
9
9
9
9
9
9
9
9
9
9
9
9
9
9
9
9
9
9
9
9
9
9
9
9
9
9
9
9
9
9
9
9
9
9
9
9
9
9
9
9
9
9
9
9
9
9
9
9
9
9
9
9
9
9
9
9
9
9
9
9
9
9
9
9
9
9
9
9
9
9
9
9
9
9
9
9
9
9
9
9
9
9
9
9
9
9
9
9
9
9
9
9
9
9
9
9
9
9
9
9
9
9
9
9
9
9
9
9
9
9
9
9
9
9
9
9
9
9
9
9
9
9
9
9
9
9
9
9
9
9
9
9
9
9
9
9
9
9
9
9
9
9
9
9
9
9
9
9
9
9
9
9
9
9
9
9
9
9
9
9
9
9
9
9
9
9
9
9
9
9
9
9
9
9
9
9
9
9
9
9
9
9
9
9
9
9
9
9
9
9
9
9
9
9
9
9
9
9
9
9
9
9
9
9
9
9
9
9
9
9
9
9
9
9
9
9
9
9
9
9
9
9
9
9
9
9
9
9
9
9
9
9
9
9
9
9
9
9
9
9
9
9
9
9
9
9
9
9
9
9
9
9
9
9
9
9
9
9
9
9
9
9
9
9
9
9
9
9
9
9
9
9
9
9
9
9
9
9
9
9
9
9
9
9
9
9
9
9
9
9
9
9
9
9
9
9
9
9
9
9
9
9
9
9
9
9
9
9
9
9
9
9
9
9
9
9
9
9
9
9
9
9
9
9
9
9
9
9
9
9
9
9
9
9
9
9
9
9
9
9
9
9
9
9
9
9
9
9
9
9
9
9
9
9
9
9
9
9
9
9
9
9
9
9
9
9
9
9
9
9
9
9
9
9
9
9
9
9
9
9
9
9
9
9
9
9
9
9
9
9
9
9
9
9
9
9
9
9
9
9
9
9
9
9
9
9
9
9
9
9
9
9
9
9
9
9
9
9
9
9
9
9
9
9
9
9
9
9
9
9
9
9
9
9
9
9
9
9
9
9
9
9
9
9
9
9
9
9
9
9
9
9
9
9
9
9
9
9
9
9
9
9
9
9
9
9
9
9
9
9
9
9
9
9
9
9
9
9
9
9
9
9
9
9
9
9
9
9
9
9
9
9
9
9
9
9
9
9
9
9
9
9
9
9
9
9
9
9
9
9
9
9
9
9
9
9
9
9
9
9
9
9
9
9
9
9
9
9
9
9
9
9
9
9
9
9
9
9
9
9
9
9
9
9
9
9
9
9
9
9
9
9
9
9
9
9
9
9
9
9
9
9
9
9
9
9
9
9
9
9
9
9
9
9
9
9
9
9
9
9
9
9
9
9
9
9
9
9
9
9
9
9
9
9
9
9
9
9
9
9
9
9
9
9
9
9
9
9
9
9
9
9
9
9
9
9
9
9
9
9
9
9
9
9
9
9
9
9
9
9
9
9
9
9
9
9
9
9
9
9
9
9
9
9
9
9
9
9
9
9
9
9
9
9
9
9
9
9
9
9
9
9
9
9
9
9
9
9
9
9
9
9
9
9
9
9
9
9
9
9
9
9
9
9
9
9
9
9
9
9
9
9
9
9
9
9
9
9
9
9
9
9
9
9
9
9
9
9
9
9
9
9
9
9
9
9
9
9
9
9
9
9
9
9
9
9
9
9
9
9
9
9
9
9
9
9
9
9
9
9
9
9
9
9
9
9
9
9
9
9
9
9
9
9
9
9
9
9
9
9
9
9
9
9
9
9
9
9
9
9
9
9
9
9
9
9
9
9
9
9
9
9
9
9
9
9
9
9
9
9
9
9
9
9
9
9
9
9
9
9
9
9
9
9
9
9
9
9
9
9
9
9
9
9
9
9
9
9
9
9
9
9
9
9
9
9
9
9
9
9
9
9
9
9
9
9
9
9
9
9
9
9
9
9
9
9
9
9
9
9
9
9
9
9
9
9
9
9
9
9
9
9
9
9
9
9
9
9
9
9
9
9
9
9
9
9
9
9
9
9
9
9
9
9
9
9
9
9
9
9
9
9
9
9
9
9
9
9
9
9
9
9
9
9
9
9
9
9
9
9
9
9
9
9
9
9
9
9
9
9
9
9
9
9
9
9
9
9
9
9
9
9
9
9
9
9
9
9
9
9
9
9
9
9
9
9
9
9
9
9
9
9
9
9
9
9
9
9
9
9
9
9
9
9
9
9
9
9
9
9
9
9
9
9
9
9
9
9
9
9
9
9
9
9
9
9
9
9
9
9
9
9
9
9
9
9
9
9
9
9
9
9
9
9
9
9
9
9
9
9
9
9
9
9
9
9
9
9
9
9
9
9
9
9
9
9
9
9
9
9
9
9
9
9
9
9
9
9
9
9
9
9
9
9
9
9
9
9
9
9
9
9
9
9
9
9
9
9
9
9
9
9
9
9
9
9
9
9
9
9
9
9
9
9
9
9
9
9
9
9
9
9
9
9
9
9
9
9
9
9
9
9
9
9
9
9
9
9
9
9
9
9
9
9
9
9
9
9
9
9
9
9
9
9
9
9
9
9
9
9
9
9
9
9
9
9
9
9
9
9
9
9
9
9
9
9
9
9
9
9
9
9
9
9
9
9
9
9
9
9
9
9
9
9
9
9
9
9
9
9
9
9
9
9
9
9
9
9
9
9
9
9
9
9
9
9
9
9
9
9
9
9
9
9
9
9
9
9
9
9
9
9
9
9
9
9
9
9
9
9
9
9
9
9
9
9
9
9
9
9
9
9
9
9
9
9
9
9
9
9
9
9
9
9
9
9
9
9
9
9
9
9
9
9
9
9
9
9
9
9
9
9
9
9
9
9
9
9
9
9
9
9
9
9
9
9
9
9
9
9
9
9
9
9
9
9
9
9
9
9
9
9
9
9
9
9
9
9
9
9
9
9
9
9
9
9
9
9
9
9
9
9
9
9
9
9
9
9
9
9
9
9
9
9
9
9
9
9
9
9
9
9
9
9
9
9
9
9
9
9
9
9
9
9
9
9
9
9
9
9
9
9
9
9
9
9
9
9
9
9
9
9
9
9
9
9
9
9
9
9
9
9
9
9
9
9
9
9
9
9
9
9
9
9
9
9
9
9
9
9
9
9
9
9
9
9
9
9
9
9
9
9
9
9
9
9
9
9
9
9
9
9
9
9
9
9
9
9
9
9
9
9
9
9
9
9
9
9
9
9
9
9
9
9
9
9
9
9
9
9
9
9
9
9
9
9
9
9
9
9
9
9
9
9
9
9
9
9
9
9
9
9
9
9
9
9
9
9
9
9
9
CELL_DATA 1664
SCALARS pressure double 1
LOOKUP_TABLE default
2.10102119688812428e+00
1.28413601544825151e+00
1.49442197788719011e+00
1.06928284637097626e+00
1.23857485723975880e+00
9.37472987888794962e-01
1.07604070120580686e+00
8.32611676848840965e-01
9.28459626942267024e-01
7.29697913655322661e-01
7.85484292591517974e-01
6.22992627350622108e-01
6.44331857037123590e-01
5.06606464404806611e-01
4.92404193150712655e-01
3.45415893325076662e-01
1.80022846574359341e+00
1.33347335332323813e+00
1.48114482091300359e+00
1.08320080198550350e+00
1.23805963497619698e+00
9.39593343329470976e-01
1.07608262004654054e+00
8.32864762696391758e-01
9.28301859230498239e-01
7.29329695378934328e-01
7.84283073909541883e-01
6.21706946533134297e-01
6.40270802225694213e-01
5.05234972459882914e-01
4.75848426071597275e-01
3.75797538904496853e-01
1.80019945022073502e+00
1.36577213243638296e+00
1.47414196440217071e+00
1.10317148008816224e+00
1.25147648657052613e+00
9.43230190591689222e-01
1.07852870023381131e+00
8.34128484049025509e-01
9.29278284289324796e-01
7.30614504152389377e-01
7.86537322674282224e-01
6.24841945108776664e-01
6.47835095360179025e-01
5.13514708352651894e-01
5.03305344260142618e-01
3.98860791375986068e-01
1.72877504620179212e+00
1.38545794170122960e+00
1.47335490291281523e+00
1.10933776749461233e+00
1.24859418081840334e+00
9.50592897902826417e-01
1.07928897979215632e+00
8.35739698084301375e-01
9.30130703663516023e-01
7.30954917466007825e-01
7.86337372716331529e-01
6.26663632839827733e-01
6.45574705320467568e-01
5.22634046446868727e-01
4.98870882277429872e-01
4.24795852923011974e-01
1.72881430353361720e+00
1.38553639487652802e+00
1.47339705221641482e+00
1.10936718728681627e+00
1.24867176691547566e+00
9.51060332099422312e-01
1.07976001747894967e+00
8.36381156984531304e-01
9.31065134799643812e-01
7.32716061930971496e-01
7.89667935467786353e-01
6.30706518383059578e-01
6.55652228108168034e-01
5.32360399766324766e-01
5.29892144630105144e-01
4.51095602323201728e-01
1.80019619574807255e+00
1.36578425483077170e+00
1.47414190920942256e+00
1.10329268136690151e+00
1.25181096308549744e+00
9.43418465703605880e-01
1.07898174952861980e+00
8.34755716090403443e-01
9.30760184794235057e-01
7.32787383135568904e-01
7.89529999162790652e-01
6.31038004124169882e-01
6.55103084519871204e-01
5.38441000820172433e-01
5.24915330648705547e-01
4.61565245139773261e-01
1.80029179738486289e+00
1.33356668892340524e+00
1.48128672976174869e+00
1.08332330502122276e+00
1.23860804261540336e+00
9.40637671725873981e-01
1.07715541809354032e+00
8.34422447512712440e-01
9.31626027686088154e-01
7.33748678366951124e-01
7.91988292985947306e-01
6.33901937933367687e-01
6.61406966134764573e-01
5.45845294655645463e-01
5.41889836469037878e-01
4.76577213692254920e-01
2.10105660564217755e+00
1.28421115386857565e+00
1.49450073555256413e+00
1.06940458240877190e+00
1.23897226362206059e+00
9.38092550745754039e-01
1.07666452613148889e+00
8.33585354283001623e-01
9.30672562853876895e-01
7.32708650567584385e-01
7.90241575084623227e-01
6.32478684428541493e-01
6.56728735494691351e-01
5.41004909632230913e-01
5.31608721913140569e-01
4.65748382563734964e-01
3.45771256437317209e-01
3.61952695882109488e-01
3.70040375435238100e-01
3.90220314065424623e-01
3.92366698471002306e-01
4.25821591380397713e-01
4.32420341561838228e-01
4.75074075615360192e-01
4.91048591972099324e-01
5.24049300482499758e-01
5.31081925293854118e-01
5.50324769906356370e-01
5.48703905479823062e-01
5.60312436752723908e-01
5.58009286342914135e-01
5.64291438583625071e-01
5.59892871026450467e-01
5.61710410557884066e-01
5.56146527755786768e-01
5.54926606758403218e-01
5.48860320803368995e-01
5.45615084131604089e-01
5.39065561254988057e-01
5.34456099024860021e-01
5.27920743804381809e-01
5.22174929537847055e-01
5.15219435197477482e-01
5.08974781570177504e-01
5.01930170384191743e-01
4.95211503890346072e-01
4.88051891952721084e-01
4.81051863928510626e-01
4.73810545111069015e-01
4.66628519321673485e-01
4.59325331816694382e-01
4.52033148260255313e-01
4.44679703271624593e-01
4.37320409835779356e-01
4.29928734493410791e-01
4.22527101437768005e-01
4.15107531091949422e-01
4.07678524316739954e-01
4.00238980339720329e-01
3.92791882695470329e-01
3.85338238522341670e-01
3.77879051368039287e-01
3.70415545788749967e-01
3.62948175124928940e-01
3.55477855666419040e-01
3.48004863830287559e-01
3.40529823499570505e-01
3.33052983023801263e-01
3.25574702186622211e-01
3.18095200320020421e-01
3.10614701991378583e-01
3.03133355056315168e-01
2.95651341802256051e-01
2.88168709505786158e-01
2.80685670327490089e-01
2.73202145620558112e-01
2.65718406220246506e-01
2.58234263459132973e-01
2.50750044547585704e-01
2.43265480115037375e-01
2.35780920826456242e-01
2.28296090763772414e-01
2.20811255390552269e-01
2.13326312627306003e-01
2.05841183657579391e-01
1.98356320455123025e-01
1.90870771069478751e-01
1.83386237891054210e-01
1.75900053193192268e-01
1.68416115315660503e-01
1.60929121581304679e-01
1.53446091926991740e-01
1.45957973069261226e-01
1.38476077692524374e-01
1.30986656789895711e-01
1.23506171952116439e-01
1.16015104081349740e-01
1.08536434969848633e-01
1.01043355972703711e-01
9.35668259875184066e-02
8.60714677255498134e-02
7.85972959509690788e-02
7.10995140174224549e-02
6.36277701179507743e-02
5.61275874196780697e-02
4.86581525176426055e-02
4.11557931368208077e-02
3.36883443092293802e-02
2.61842291714092165e-02
1.87182507930534585e-02
1.12129764120265114e-02
3.74779649675804558e-03
2.59175362086010053e-01
3.82875372390530266e-01
3.24276014309044236e-01
3.89109763126363473e-01
3.84929394295460525e-01
4.36182188783562463e-01
4.35719070572335609e-01
4.78678129417449250e-01
4.78793901240117836e-01
5.06681303062113564e-01
5.12350888327986809e-01
5.36403098613644991e-01
5.39437776883548881e-01
5.53239738824169436e-01
5.51014499914779576e-01
5.57447046142861224e-01
5.53745654787653252e-01
5.56260125238872805e-01
5.52219509314546553e-01
5.51762767093915141e-01
5.46629587424885988e-01
5.44428637523050929e-01
5.38402257817239493e-01
5.34521605354284279e-01
5.27919285922505033e-01
5.22537466798615569e-01
5.15710441764636762e-01
5.09495659467614659e-01
5.02444462832641991e-01
4.95742493640110082e-01
4.88538402735205823e-01
4.81493332097201687e-01
4.74203879751087964e-01
4.66967965145734520e-01
4.59616333254895260e-01
4.52279358085329375e-01
4.44884812041098365e-01
4.37490493385341905e-01
4.30067850151661324e-01
4.22640510007730619e-01
4.15199097142144313e-01
4.07752297403082720e-01
4.00298017338301282e-01
3.92839155124555306e-01
3.85375920004289774e-01
3.77909165313189577e-01
3.70439602836949433e-01
3.62967461193360430e-01
3.55493354470548639e-01
3.48017407714029170e-01
3.40540021515512215e-01
3.33061334160409506e-01
3.25581586872283224e-01
3.18100913376403116e-01
3.10619477075721018e-01
3.03137366338574965e-01
2.95654735890771625e-01
2.88171588507979359e-01
2.80688124143530116e-01
2.73204241995211927e-01
2.65720200086588976e-01
2.58235801610134597e-01
2.50751362653234722e-01
2.43266611048546605e-01
2.35781889470887379e-01
2.28296920828112537e-01
2.20811964250703319e-01
2.13326918149779887e-01
2.05841698690407360e-01
1.98356749434144108e-01
1.90871146590822660e-01
1.83386530567353406e-01
1.75900316903772946e-01
1.68416396414805047e-01
1.60929314385369310e-01
1.53446276140017795e-01
1.45958115306312169e-01
1.38476197372247228e-01
1.30986766248539416e-01
1.23506265238970916e-01
1.16015172485803661e-01
1.08536498625595529e-01
1.01043400218471496e-01
9.35668686652544324e-02
8.60714973513875409e-02
7.85973234185544378e-02
7.10995354615488878e-02
6.36277869054109185e-02
5.61276048997621305e-02
4.86581619456651696e-02
4.11558088170445383e-02
3.36883453622430565e-02
2.61842414190994535e-02
1.87182468008395171e-02
1.12129857647631712e-02
3.74779923056345115e-03
3.93543277278586345e-01
3.92282232459465863e-01
3.95474051199427523e-01
4.16039982080187831e-01
4.10993568983885393e-01
4.34278931757360209e-01
4.37612190407604018e-01
4.73360980515504737e-01
4.85402328536104766e-01
5.15780806980839612e-01
5.19223487826255936e-01
5.35975989425370614e-01
5.34312323041284953e-01
5.46028558920540474e-01
5.44897790552989147e-01
5.52304848345750443e-01
5.50156399696030918e-01
5.53514865925806676e-01
5.49880993772089766e-01
5.50469518628557641e-01
5.45609152662270280e-01
5.43500318983676567e-01
5.37778663266612833e-01
5.33828472032716217e-01
5.27619115868918631e-01
5.22273135844529168e-01
5.15561934698485991e-01
5.09403080785681084e-01
5.02415487592848486e-01
4.95710836780958342e-01
4.88531244252713936e-01
4.81501346926726415e-01
4.74212837572191515e-01
4.66986011700674941e-01
4.59632116326527229e-01
4.52295908868979080e-01
4.44898876198905613e-01
4.37503102343280326e-01
4.30078020886391688e-01
4.22649048942570327e-01
4.15205704522551622e-01
4.07757541201625662e-01
4.00301968198394698e-01
3.92842127901842808e-01
3.85378097506240747e-01
3.77910737623770254e-01
3.70440701382969473e-01
3.62968216299045243e-01
3.55493855502988843e-01
3.48017720885616055e-01
3.40540206513686661e-01
3.33061428745219934e-01
3.25581623685155308e-01
3.18100912395031354e-01
3.10619455259945498e-01
3.03137333337752113e-01
2.95654697562634350e-01
2.88171552892962479e-01
2.80688090175454930e-01
2.73204213309189592e-01
2.65720175774309786e-01
2.58235782306450112e-01
2.50751347273352854e-01
2.43266600009599626e-01
2.35781880467028165e-01
2.28296915992257127e-01
2.20811959724913159e-01
2.13326917907035535e-01
2.05841696645860606e-01
1.98356755427934739e-01
1.90871146659724683e-01
1.83386545122168176e-01
1.75900332389421155e-01
1.68416355729600675e-01
1.60929284564487962e-01
1.53446282559280056e-01
1.45958105396659349e-01
1.38476241092490904e-01
1.30986779923494390e-01
1.23506276160853454e-01
1.16015172081581991e-01
1.08536505442538816e-01
1.01043396871976596e-01
9.35668724656013584e-02
8.60714929370778453e-02
7.85973251868095496e-02
7.10995303843430515e-02
6.36277878937533126e-02
5.61275982802051029e-02
4.86581638404819661e-02
4.11557976301157383e-02
3.36883514063485989e-02
2.61842241456657840e-02
1.87182576633673388e-02
1.12129603121225233e-02
3.74781414902232695e-03
3.55132415319738437e-01
4.04854844451068729e-01
3.62781824457555968e-01
4.06131270332330430e-01
3.99802621193794727e-01
4.47406575215770874e-01
4.46661079189219934e-01
4.80136859481534783e-01
4.77498976268617314e-01
5.01657411512023699e-01
5.03793089107883452e-01
5.24106812089371377e-01
5.26303692739592544e-01
5.40144121223361084e-01
5.40126592686221985e-01
5.48206671061505446e-01
5.46544282632300482e-01
5.50725366709249542e-01
5.48186078640694574e-01
5.48626835953059611e-01
5.44449738592718946e-01
5.43263751718939147e-01
5.37869154659137538e-01
5.34101112488528873e-01
5.27971861546392751e-01
5.22802429602635677e-01
5.16120501441077129e-01
5.09979928330501653e-01
5.02953400212647450e-01
4.96225097579900520e-01
4.88999540978044822e-01
4.81912273992921913e-01
4.74574588114539286e-01
4.67294744283982322e-01
4.59893440278639376e-01
4.52515454704955911e-01
4.45080188250547126e-01
4.37652832339523790e-01
4.30199832835453932e-01
4.22748194858437842e-01
4.15285550300391770e-01
4.07821905407376173e-01
4.00353489859648470e-01
3.92883468836912386e-01
3.85411144933220484e-01
3.77937248600027698e-01
3.70461973285839130e-01
3.62985357922228913e-01
3.55507711131112292e-01
3.48028990204341138e-01
3.40549417942533239e-01
3.33069005857919376e-01
3.25587895380265613e-01
3.18106132845688450e-01
3.10623827791408569e-01
3.03141011085799605e-01
2.95657808251470533e-01
2.88174190318797541e-01
2.80690334297167776e-01
2.73206126457363530e-01
2.65721808313182928e-01
2.58237177683309393e-01
2.50752538847585804e-01
2.43267619217810149e-01
2.35782749317295121e-01
2.28297659382972695e-01
2.20812589820111815e-01
2.13327458194618319e-01
2.05842149673268276e-01
1.98357143851320250e-01
1.90871468386574927e-01
1.83386821660682653e-01
1.75900559716185928e-01
1.68416583726093722e-01
1.60929459576500955e-01
1.53446436991258345e-01
1.45958214123945551e-01
1.38476356611818952e-01
1.30986864210214410e-01
1.23506361390157110e-01
1.16015224640488926e-01
1.08536567184169055e-01
1.01043429473246724e-01
9.35669144882367021e-02
8.60715151548697294e-02
7.85973511890301901e-02
7.10995502030056098e-02
6.36278000888109985e-02
5.61276209075792440e-02
4.86581626409495552e-02
4.11558222026040255e-02
3.36883401714388880e-02
2.61842573378028680e-02
1.87182382428465952e-02
1.12129998045833717e-02
3.74779468433740839e-03
4.38662462233475825e-01
4.30722804330040177e-01
4.20173885792976765e-01
4.36502464872699114e-01
4.26479211374064027e-01
4.51277973145829125e-01
4.47614735084654380e-01
4.76683570726454231e-01
4.80012705120704652e-01
5.05387855195426838e-01
5.07348953662399849e-01
5.24929279017867456e-01
5.25108425797255696e-01
5.37552534164287499e-01
5.37622086661381227e-01
5.45877760532813006e-01
5.45097442241901153e-01
5.49151670255958568e-01
5.46460401321397726e-01
5.48317654522730513e-01
5.43924700178423426e-01
5.42572526177167669e-01
5.37138183670820557e-01
5.33606769053512120e-01
5.27580950125056569e-01
5.22465249598296544e-01
5.15857574242349681e-01
5.09763034847725782e-01
5.02789033409610342e-01
4.96087161263327081e-01
4.88885205717220439e-01
4.81827583744478261e-01
4.74501905694459269e-01
4.67241482135285824e-01
4.59849149781538125e-01
4.52481737355308611e-01
4.45052608618844991e-01
4.37631365862472643e-01
4.30182219171623803e-01
4.22734272846692460e-01
4.15274059446490096e-01
4.07812654005258346e-01
4.00345821136341096e-01
3.92877184399764823e-01
3.85405908677266096e-01
3.77932904187771312e-01
3.70458328104637247e-01
3.62982304093623420e-01
3.55505137035676710e-01
3.48026815115997590e-01
3.40547576075028668e-01
3.33067441836083777e-01
3.25586566724406057e-01
3.18105001680110411e-01
3.10622865377070900e-01
3.03140191303621576e-01
2.95657110178983329e-01
2.88173597052517605e-01
2.80689829590621998e-01
2.73205698042852885e-01
2.65721444700697584e-01
2.58236869948333836e-01
2.50752277812296309e-01
2.43267399576243076e-01
2.35782562019283187e-01
2.28297503894754228e-01
2.20812455585472855e-01
2.13327349792027804e-01
2.05842052518712099e-01
1.98357071208803859e-01
1.90871396695700107e-01
1.83386778877999368e-01
1.75900506324212447e-01
1.68416544981217386e-01
1.60929410211207768e-01
1.53446411442051650e-01
1.45958198624458663e-01
1.38476338366348789e-01
1.30986842438774231e-01
1.23506360384987648e-01
1.16015210238147495e-01
1.08536566693354597e-01
1.01043416323772214e-01
9.35669133383029566e-02
8.60715046073395190e-02
7.85973493412431973e-02
7.10995411915823078e-02
6.36277988238667797e-02
5.61276100451798127e-02
4.86581646387416397e-02
4.11558087586632523e-02
3.36883468607456563e-02
2.61842365748082041e-02
1.87182495950622869e-02
1.12129719816026902e-02
3.74780376562705055e-03
4.18381499592967998e-01
4.25947218416399487e-01
3.94859102867419209e-01
4.23819504035627959e-01
4.12555612583663023e-01
4.46628619444970842e-01
4.43788277702336087e-01
4.73566468108967242e-01
4.72707294928440047e-01
4.96494818948673200e-01
4.98307337786509486e-01
5.17839070237499199e-01
5.20245126825188975e-01
5.34395212130710839e-01
5.35559039626810840e-01
5.44397238077170886e-01
5.43548196710882059e-01
5.48736066832843816e-01
5.46574503321616278e-01
5.47889705910882263e-01
5.44020444404887948e-01
5.42959730744870139e-01
5.37737963802174868e-01
5.34275315386934069e-01
5.28223729473015435e-01
5.23138095130440406e-01
5.16481422715630911e-01
5.10354829903466256e-01
5.03312142853234001e-01
4.96557862801804806e-01
4.89297202437054157e-01
4.82180214624759573e-01
4.74802758218956455e-01
4.67494113023783187e-01
4.60058676594385874e-01
4.52655467370346509e-01
4.45194216131428122e-01
4.37747271092160328e-01
4.30275761178655625e-01
4.22810066769155835e-01
4.15334879718837202e-01
4.07861660565597417e-01
4.00385079168257829e-01
3.92908784194043681e-01
3.85431287722744487e-01
3.77953393811571725e-01
3.70474892621813101e-01
3.62995768390462881e-01
3.55516122335608642e-01
3.48035831677138807e-01
3.40555013784317850e-01
3.33073610893590166e-01
3.25591710824913505e-01
3.18109310011159274e-01
3.10626490911019182e-01
3.03143251313445883e-01
2.95659702672270763e-01
2.88175796793648575e-01
2.80691700058907256e-01
2.73207290110513479e-01
2.65722800214963861e-01
2.58238024894633988e-01
2.50753260493273733e-01
2.43268237110487978e-01
2.35783272589747822e-01
2.28298110378535563e-01
2.20812966211664713e-01
2.13327788212212682e-01
2.05842415804822459e-01
1.98357387962510262e-01
1.90871650853344677e-01
1.83387008894846743e-01
1.75900677656117027e-01
1.68416725998554534e-01
1.60929537706955894e-01
1.53446538136416732e-01
1.45958311427499654e-01
1.38476408339670398e-01
1.30986890965573782e-01
1.23506431713731657e-01
1.16015246982391559e-01
1.08536615546086970e-01
1.01043440713061844e-01
9.35669459548012228e-02
8.60715226110395637e-02
7.85973704581118676e-02
7.10995577640016613e-02
6.36278077391105173e-02
5.61276298460648207e-02
4.86581622353489396e-02
4.11558364454013975e-02
3.36883326553163165e-02
2.61842733593878017e-02
1.87182264529756823e-02
1.12130184854107046e-02
3.74777789388026483e-03
4.53744512587374971e-01
4.42861847921728446e-01
4.22033297609188951e-01
4.39213361839199568e-01
4.25815921251959884e-01
4.51486790560004403e-01
4.46500574036189035e-01
4.74022030087304147e-01
4.74967582843826563e-01
4.99357432670669399e-01
5.01362302572125884e-01
5.19848099727670765e-01
5.21201162021154407e-01
5.34324633168959617e-01
5.35074993523427800e-01
5.43821647358259219e-01
5.43190001309579285e-01
5.48111241140909256e-01
5.45681788625787312e-01
5.47513741090020045e-01
5.43488820196837752e-01
5.42320769756818755e-01
5.37134360135563149e-01
5.33709427841111861e-01
5.27720397286448040e-01
5.22683578327548859e-01
5.16086506978245207e-01
5.10011657701555654e-01
5.03022130782787236e-01
4.96312754560696567e-01
4.89088340277454237e-01
4.82010813621782552e-01
4.74660235328943303e-01
4.67379816192696751e-01
4.59964618077611742e-01
4.52580164524350015e-01
4.45133041093514814e-01
4.37698434712574469e-01
4.30236304457114416e-01
4.22778593820389847e-01
4.15309507061376204e-01
4.07841353229001891e-01
4.00368682559367584e-01
3.92895575307042000e-01
3.85420566669449238e-01
3.77944682595082182e-01
3.70467764307497227e-01
3.62989917198108414e-01
3.55511290095395893e-01
3.48031822739054364e-01
3.40551671692575331e-01
3.33070812197579391e-01
3.25589358844272259e-01
3.18107326243126654e-01
3.10624813950065692e-01
3.03141830389128175e-01
2.95658497003263521e-01
2.88174772975011095e-01
2.80690830198704333e-01
2.73206551092245897e-01
2.65722172484538055e-01
2.58237492246767841e-01
2.50752808277749484e-01
2.43267854621268043e-01
2.35782947653806335e-01
2.28297837115881169e-01
2.20812733102539321e-01
2.13327594630765782e-01
2.05842248256001559e-01
1.98357252923512001e-01
1.90871525244391660e-01
1.83386922101381050e-01
1.75900581699390518e-01
1.68416669588585033e-01
1.60929500830104738e-01
1.53446466804871590e-01
1.45958263898726653e-01
1.38476371539100113e-01
1.30986859416047791e-01
1.23506410467871225e-01
1.16015226982023975e-01
1.08536600480032761e-01
1.01043427431922794e-01
9.35669360561492830e-02
8.60715125103610618e-02
7.85973640587784711e-02
7.10995483783671278e-02
6.36278045824778676e-02
5.61276192258318915e-02
4.86581632901868857e-02
4.11558223563907033e-02
3.36883386138734711e-02
2.61842538301103288e-02
1.87182360880741999e-02
1.12129948449370652e-02
3.74778244115155307e-03
4.30999391401937826e-01
4.25652895100915252e-01
3.98970605779917831e-01
4.20386972887676125e-01
4.08982565990008151e-01
4.39528450607730325e-01
4.37051021546887741e-01
4.66749665616526477e-01
4.67768053748055801e-01
4.92727465626994710e-01
4.95530570257500302e-01
5.15527127236496407e-01
5.18361548743304867e-01
5.32860822000390533e-01
5.34447660765457688e-01
5.43820079559549918e-01
5.43435238382336205e-01
5.48777759747143490e-01
5.46724883633024961e-01
5.48386843485003661e-01
5.44541131168445158e-01
5.43453897816165155e-01
5.38264245529809005e-01
5.34789043775671602e-01
5.28700913733082811e-01
5.23581391196306423e-01
5.16873289178374162e-01
5.10703236540911321e-01
5.03609928627497871e-01
4.96813704565070680e-01
4.89508179844666713e-01
4.82359188193183686e-01
4.74946998299004108e-01
4.67614275741156493e-01
4.60154477772385218e-01
4.52733865591759599e-01
4.45256332132637267e-01
4.37797525952006106e-01
4.30315474216949656e-01
4.22842030225029752e-01
4.15360186601513914e-01
4.07882031487376284e-01
4.00401324876265396e-01
3.92921924298757386e-01
3.85441883786243944e-01
3.77962039782451631e-01
3.70481956163254633e-01
3.63001593815415746e-01
3.55520944653727078e-01
3.48039850573394982e-01
3.40558378110269011e-01
3.33076439306416894e-01
3.25594098120403075e-01
3.18111329389539454e-01
3.10628203948943249e-01
3.03144705401860337e-01
2.95660938794163997e-01
2.88176847491054322e-01
2.80692593300007065e-01
2.73208049076354653e-01
2.65723444503881301e-01
2.58238571828664942e-01
2.50753723254648120e-01
2.43268630150514559e-01
2.35783602918902102e-01
2.28298392389836902e-01
2.20813199957472339e-01
2.13327991342505741e-01
2.05842578372007756e-01
1.98357537017521901e-01
1.90871759577574351e-01
1.83387122909495187e-01
1.75900756256316959e-01
1.68416802491133277e-01
1.60929602507425495e-01
1.53446574718955148e-01
1.45958349204016430e-01
1.38476443716277653e-01
1.30986915303041823e-01
1.23506463467239883e-01
1.16015263907097932e-01
1.08536636045202264e-01
1.01043451051062189e-01
9.35669597552087895e-02
8.60715292670364424e-02
7.85973797523515233e-02
7.10995626605156333e-02
6.36278136536507638e-02
5.61276339634038876e-02
4.86581656556658582e-02
4.11558401943593610e-02
3.36883347268868150e-02
2.61842763050412729e-02
1.87182274670354594e-02
1.12130217410560690e-02
3.74777229282123895e-03
3.54917898574585222e-01
3.62725036028130943e-01
3.55350985198881864e-01
3.82472866271389211e-01
3.84180219073776974e-01
4.23970371344977115e-01
4.36293276700216892e-01
4.82924649829300723e-01
5.01039124796164859e-01
5.43549884508434000e-01
5.56440839004737287e-01
5.85096327962412288e-01
5.87161032038122754e-01
6.00948450312829174e-01
5.94530144307868547e-01
5.97552661347902525e-01
5.87225846262392492e-01
5.84356192216212600e-01
5.73594469143980934e-01
5.68163698701009690e-01
5.58378047938969724e-01
5.52173699928657946e-01
5.43324982060366390e-01
5.37017919455029635e-01
5.28765594033040576e-01
5.22306591404533505e-01
5.14824955473687229e-01
5.08194159385619737e-01
5.00976878312530349e-01
4.94190377475581200e-01
4.87058310202327094e-01
4.80118089979419516e-01
4.72975076461182309e-01
4.65896993291754047e-01
4.58699502427476702e-01
4.51508643741927340e-01
4.44245011422879477e-01
4.36966544081762609e-01
4.29642618714120295e-01
4.22298653525634338e-01
4.14926345991226742e-01
4.07536232989679892e-01
4.00127360620746053e-01
3.92704883258089887e-01
3.85270469792169667e-01
3.77826315145139535e-01
3.70374447417248009e-01
3.62915995198626551e-01
3.55452468835086743e-01
3.47984708525750697e-01
3.40513642433427632e-01
3.33039852019250737e-01
3.25563912665469801e-01
3.18086232057894880e-01
3.10607156498634851e-01
3.03126952866054011e-01
2.95645864335964903e-01
2.88163966502155589e-01
2.80681573826512709e-01
2.73198574661683347e-01
2.65715302336129555e-01
2.58231554571808297e-01
2.50747683220529427e-01
2.43263428044190239e-01
2.35779128413903999e-01
2.28294552781882182e-01
2.20809896794033123e-01
2.13325177903557706e-01
2.05840152876732518e-01
1.98355493114347414e-01
1.90869995266803538e-01
1.83385644968788342e-01
1.75899487483097611e-01
1.68415700112333450e-01
1.60928699672053255e-01
1.53445753669778862e-01
1.45957665949201981e-01
1.38475824778502260e-01
1.30986395831119651e-01
1.23506012835673890e-01
1.16014905364886081e-01
1.08536335117312463e-01
1.01043218998671039e-01
9.35667641042045028e-02
8.60713823488748475e-02
7.85972512363450476e-02
7.10994714664416327e-02
6.36277272200553023e-02
5.61275829205056948e-02
4.86581021807419023e-02
4.11558226510056607e-02
3.36882787006855602e-02
2.61842982452641058e-02
1.87181640207688613e-02
1.12131053206188120e-02
3.74768852790866112e-03
3.43027730601123626e-01
3.62945818649485663e-01
3.48809479729098926e-01
3.83735268881949032e-01
3.80816998684525843e-01
4.22364997402045306e-01
4.31874253933868690e-01
4.77421865940690748e-01
4.93778004337641130e-01
5.34485339412502758e-01
5.46342747637501569e-01
5.75242057392828965e-01
5.78038457125718330e-01
5.93124195556269718e-01
5.87957862382080254e-01
5.92319287239201464e-01
5.83240265787793200e-01
5.81393728878616844e-01
5.71552783614410753e-01
5.66833569623744205e-01
5.57536609498193281e-01
5.51730487882650111e-01
5.43196806722643921e-01
5.37062198167460814e-01
5.28909789123948482e-01
5.22511623109536028e-01
5.15038385797689346e-01
5.08392407058554707e-01
5.01156867201970613e-01
4.94343720888423266e-01
4.87189072482084984e-01
4.80222679600994073e-01
4.73059326623464449e-01
4.65961692426308249e-01
4.58749058527642362e-01
4.51545147154911841e-01
4.44272159745891959e-01
4.36985293876874958e-01
4.29655721783983147e-01
4.22306733806337820e-01
4.14931339844299307e-01
4.07539414613320938e-01
4.00128844073470713e-01
3.92705327522623215e-01
3.85270372252211446e-01
3.77825926526944134e-01
3.70373935374581909e-01
3.62915489662708923e-01
3.55452059925321917e-01
3.47984393326097596e-01
3.40513438683367420e-01
3.33039754716786818e-01
3.25563908803712665e-01
3.18086308567705256e-01
3.10607284408983275e-01
3.03127149395558182e-01
2.95646085335769027e-01
2.88164184210082552e-01
2.80681807513503023e-01
2.73198804499070080e-01
2.65715525005560227e-01
2.58231764491223870e-01
2.50747881609371448e-01
2.43263608983833479e-01
2.35779292291047854e-01
2.28294697914508654e-01
2.20810028662973140e-01
2.13325293421714496e-01
2.05840254895849700e-01
1.98355585068000467e-01
1.90870066328105881e-01
1.83385695751622724e-01
1.75899550280926381e-01
1.68415755634895775e-01
1.60928744300194243e-01
1.53445781074990101e-01
1.45957700443364341e-01
1.38475848419088110e-01
1.30986423682442510e-01
1.23506029647154014e-01
1.16014925626263143e-01
1.08536345468454531e-01
1.01043232273632225e-01
9.35667702843748922e-02
8.60713904462031693e-02
7.85972563811907776e-02
7.10994749522036451e-02
6.36277335682675499e-02
5.61275815567709932e-02
4.86581118530363677e-02
4.11558163221993345e-02
3.36882931445801823e-02
2.61842865951498575e-02
1.87181829625721746e-02
1.12130884324379738e-02
3.74770535435102296e-03
3.66164175959156291e-01
3.68094536655896920e-01
3.63304712017813114e-01
3.84368926855746862e-01
3.86506469079238413e-01
4.22861758076360672e-01
4.34080819827304842e-01
4.79372046250241934e-01
4.96882922428904805e-01
5.39276715470385803e-01
5.52117188915710932e-01
5.80905902581696720e-01
5.83135982019093113e-01
5.97091155933207607e-01
5.91160559062230195e-01
5.94658899875203595e-01
5.84923513952072538e-01
5.82598543962589699e-01
5.72353012283463469e-01
5.67266737400428211e-01
5.57896701992950828e-01
5.51859559556294066e-01
5.43208788454778491e-01
5.37006667267591498e-01
5.28790320924958035e-01
5.22380457121453978e-01
5.14941124762246516e-01
5.08289360865144424e-01
5.01070668429174360e-01
4.94269645201747210e-01
4.87127272333684302e-01
4.80172990137050115e-01
4.73019628223898814e-01
4.65930278947936649e-01
4.58725134615904195e-01
4.51526400824087071e-01
4.44258020062156644e-01
4.36974676448311616e-01
4.29648034063428830e-01
4.22301665697489337e-01
4.14927761700269071e-01
4.07536644332727016e-01
4.00127166765963938e-01
3.92704302242057934e-01
3.85269749876211431e-01
3.77825532298807276e-01
3.70373730370238519e-01
3.62915351375279693e-01
3.55451913968917954e-01
3.47984285985591446e-01
3.40513327390466747e-01
3.33039633051104456e-01
3.25563775000446254e-01
3.18086159959066528e-01
3.10607139114189024e-01
3.03126966583897928e-01
2.95645911079389034e-01
2.88164037815072493e-01
2.80681651002989085e-01
2.73198659549673428e-01
2.65715387248921853e-01
2.58231638267531094e-01
2.50747763160455328e-01
2.43263502730464876e-01
2.35779197633947196e-01
2.28294612486930060e-01
2.20809955663875956e-01
2.13325223448983581e-01
2.05840202616126150e-01
1.98355525245017150e-01
1.90870038878877379e-01
1.83385681562489300e-01
1.75899508750430728e-01
1.68415712900286479e-01
1.60928719614677612e-01
1.53445773407063446e-01
1.45957677399156244e-01
1.38475833575160273e-01
1.30986409319494179e-01
1.23506018561401032e-01
1.16014917573739440e-01
1.08536338817117634e-01
1.01043227999852020e-01
9.35667661629512731e-02
8.60713881446914519e-02
7.85972530057653801e-02
7.10994751191296182e-02
6.36277295531742088e-02
5.61275845457889361e-02
4.86581057005066736e-02
4.11558227560442219e-02
3.36882834649131074e-02
2.61842976130835202e-02
1.87181708171891836e-02
1.12131039916509405e-02
3.74769577804167373e-03
3.20220061426649660e-01
3.58525251876656681e-01
3.35980039440144929e-01
3.79055468225548808e-01
3.72597916391890827e-01
4.16883977101677461e-01
4.26413638671064132e-01
4.72819169758329327e-01
4.89534008056854708e-01
5.30785691301275953e-01
5.42765406071030854e-01
5.72079094975685987e-01
5.74856830541320862e-01
5.90025604029627782e-01
5.85064860655078234e-01
5.89469210908113217e-01
5.80797352928755117e-01
5.79125459660612019e-01
5.69856199161788535e-01
5.65487829500217254e-01
5.56478200439441406e-01
5.51061900868755505e-01
5.42814314624806560e-01
5.36823363645401619e-01
5.28831530953634554e-01
5.22547419275025682e-01
5.15140024258390228e-01
5.08525998368268728e-01
5.01302206868622036e-01
4.94488945828642779e-01
4.87330129321247030e-01
4.80348520099529885e-01
4.73173329292146450e-01
4.66058372111619268e-01
4.58832336089920689e-01
4.51613569711295237e-01
4.44328953680321714e-01
4.37030986747037664e-01
4.29692789389157059e-01
4.22336303342987218e-01
4.14954920767258317e-01
4.07557524430384455e-01
4.00143194352562404e-01
3.92716786776710847e-01
3.85279190968556784e-01
3.77832831650713075e-01
3.70379332294888730e-01
3.62919740578583117e-01
3.55455435153381683e-01
3.47987092081733562e-01
3.40515621265074342e-01
3.33041539781348761e-01
3.25565386239853927e-01
3.18087545087062551e-01
3.10608337326834572e-01
3.03128032358333299e-01
2.95646842726933812e-01
2.88164856557802551e-01
2.80682382462836166e-01
2.73199306980850987e-01
2.65715961843618009e-01
2.58232147097619658e-01
2.50748209327519067e-01
2.43263895689147802e-01
2.35779543698521082e-01
2.28294911022605740e-01
2.20810220895729575e-01
2.13325445348748727e-01
2.05840403353572565e-01
1.98355687287446764e-01
1.90870187737408353e-01
1.83385770248152502e-01
1.75899647471244203e-01
1.68415831566356589e-01
1.60928789945840228e-01
1.53445828908030935e-01
1.45957734466208328e-01
1.38475873117211934e-01
1.30986457202927675e-01
1.23506044212032901e-01
1.16014955652752577e-01
1.08536356804145279e-01
1.01043254957514303e-01
9.35667776659798722e-02
8.60714049757938249e-02
7.85972625424925381e-02
7.10994821604987726e-02
6.36277413537862380e-02
5.61275803324552472e-02
4.86581239698055112e-02
4.11558066401919651e-02
3.36883106720489295e-02
2.61842673950386795e-02
1.87182055417012862e-02
1.12130565084959145e-02
3.74772652722916511e-03
3.65727729065587592e-01
3.67318887384497861e-01
3.64549076203521338e-01
3.81089158660769478e-01
3.83536502235008514e-01
4.18256741858718917e-01
4.29654934163426150e-01
4.75037081715741771e-01
4.92666448648339861e-01
5.34689099393797718e-01
5.47461253592829267e-01
5.75631366057669069e-01
5.77382544878185189e-01
5.90654689639287800e-01
5.85256669656689543e-01
5.89072681866766867e-01
5.80164661123762082e-01
5.78607268376772010e-01
5.69283757559114312e-01
5.64766957900138200e-01
5.56314561921257944e-01
5.50844271894368687e-01
5.42298025178617138e-01
5.36482753735059936e-01
5.28649339129033780e-01
5.22380871604000152e-01
5.15002924916332261e-01
5.08430172168842121e-01
5.01234875566409777e-01
4.94443830588171818e-01
4.87296213340968953e-01
4.80328403400303749e-01
4.73158396883631815e-01
4.66049021517511708e-01
4.58826312972014927e-01
4.51609183028377714e-01
4.44326179491359885e-01
4.37028827041503587e-01
4.29691383584767383e-01
4.22335443534817556e-01
4.14954240158610488e-01
4.07556792231637377e-01
4.00142764105325566e-01
3.92716146136954547e-01
3.85278799352437751e-01
3.77832407427009964e-01
3.70378921975851372e-01
3.62919358578272955e-01
3.55455135328547223e-01
3.47986744925568303e-01
3.40515300580419789e-01
3.33041229378108150e-01
3.25565096160325362e-01
3.18087272240461516e-01
3.10608088796348769e-01
3.03127799707386569e-01
2.95646617856004101e-01
2.88164672666342103e-01
2.80682208270598477e-01
2.73199156416886302e-01
2.65715825408984752e-01
2.58232026853252195e-01
2.50748106836077733e-01
2.43263803281728669e-01
2.35779465732701005e-01
2.28294840106252284e-01
2.20810164852034141e-01
2.13325389757008987e-01
2.05840368253389722e-01
1.98355640753567514e-01
1.90870172880399008e-01
1.83385741389757967e-01
1.75899630870636453e-01
1.68415770127807785e-01
1.60928799662592437e-01
1.53445846557981991e-01
1.45957702062392530e-01
1.38475858797931006e-01
1.30986449357259283e-01
1.23506030871032096e-01
1.16014958471965204e-01
1.08536348922481735e-01
1.01043256397898754e-01
9.35667730556350996e-02
8.60714062445846334e-02
7.85972589439751929e-02
7.10994832715726166e-02
6.36277373585057704e-02
5.61275831721586502e-02
4.86581198830916689e-02
4.11558114177747181e-02
3.36883030999782160e-02
2.61842758945348211e-02
1.87181959159616260e-02
1.12130680693228752e-02
3.74772088329352986e-03
2.68980098450347538e-01
3.53938691582865117e-01
3.18415679556906306e-01
3.72626227322042980e-01
3.65220432579676235e-01
4.12929981967093795e-01
4.22779930462543252e-01
4.69714238649939386e-01
4.86231947958849997e-01
5.24616148439661090e-01
5.37746957101050693e-01
5.64941799555862989e-01
5.67427396691136510e-01
5.82300629870834530e-01
5.77733784635990899e-01
5.82288142082037719e-01
5.74585735797201513e-01
5.73485254501423625e-01
5.65668256378127676e-01
5.62198712301221093e-01
5.53837028529674424e-01
5.49327232537015764e-01
5.41604832964052818e-01
5.36110700344308078e-01
5.28559826419561340e-01
5.22558214855118552e-01
5.15215622619928593e-01
5.08729876078150789e-01
5.01550911329134430e-01
4.94764950788557978e-01
4.87603335620679978e-01
4.80604539921660023e-01
4.73406755096835274e-01
4.66262388927602134e-01
4.59008840287729925e-01
4.51761896966652754e-01
4.44452723657009496e-01
4.37132216302272003e-01
4.29775177852460999e-01
4.22402492454665601e-01
4.15007774724125811e-01
4.07599097158874490e-01
4.00176082634002950e-01
3.92742419135560128e-01
3.85299318399308366e-01
3.77848545122887514e-01
3.70391620561532631e-01
3.62929376969348128e-01
3.55463028781042134e-01
3.47993121766951463e-01
3.40520450546427267e-01
3.33045446559970870e-01
3.25568582252567740e-01
3.18090186681382003e-01
3.10610549420045789e-01
3.03129890932868740e-01
2.95648425622633437e-01
2.88166223971201063e-01
2.80683554570660521e-01
2.73200324759167890e-01
2.65716841880349830e-01
2.58232911900025119e-01
2.50748875775512636e-01
2.43264471475121730e-01
2.35780046679404970e-01
2.28295340452911832e-01
2.20810601467277601e-01
2.13325758970125484e-01
2.05840694071731639e-01
1.98355907663398195e-01
1.90870414205475486e-01
1.83385921825376857e-01
1.75899819572799460e-01
1.68415928300458484e-01
1.60928935904308706e-01
1.53445951109894063e-01
1.45957795952590036e-01
1.38475942027497911e-01
1.30986514788756031e-01
1.23506072025915625e-01
1.16015020036216873e-01
1.08536378720093002e-01
1.01043299122753644e-01
9.35667914876877060e-02
8.60714330737960831e-02
7.85972729240257684e-02
7.10994957804660932e-02
6.36277519137806863e-02
5.61275826220390822e-02
4.86581399557423425e-02
4.11557979641813954e-02
3.36883307688875394e-02
2.61842461089625521e-02
1.87182304893159200e-02
1.12130171079284184e-02
3.74775556617492830e-03
3.56375518661664115e-01
3.62598814492016586e-01
3.66818011294339330e-01
3.81158114427274319e-01
3.83962278603603935e-01
4.18063453377361949e-01
4.28566666016542253e-01
4.74060206144986285e-01
4.88449210932035249e-01
5.29668462311523647e-01
5.41103358878736174e-01
5.65515026929433895e-01
5.66107549641558849e-01
5.78050964549066348e-01
5.73947753802551919e-01
5.78585577971743370e-01
5.71111971825286280e-01
5.71144963791402005e-01
5.63393887746353128e-01
5.60321608883288858e-01
5.52869490232747673e-01
5.48377918379016283e-01
5.40825540391388415e-01
5.35501456964222466e-01
5.28243583124113902e-01
5.22350239092090884e-01
5.15026693129814306e-01
5.08649506566675624e-01
5.01516266974631586e-01
4.94762741520597571e-01
4.87611530543298866e-01
4.80630123710784174e-01
4.73430569150607661e-01
4.66289521393451867e-01
4.59033135430924999e-01
4.51783579423771953e-01
4.44471173164833089e-01
4.37147435997746581e-01
4.29787497575105815e-01
4.22412390996925402e-01
4.15015430914613126e-01
4.07604902152671200e-01
4.00180537258559232e-01
3.92745592959024004e-01
3.85301725058284972e-01
3.77850231876435683e-01
3.70392809686745594e-01
3.62930188983503876e-01
3.55463597342625504e-01
3.47993463981981166e-01
3.40520662908745497e-01
3.33045557962653338e-01
3.25568632275972325e-01
3.18090195462682357e-01
3.10610535410137611e-01
3.03129863076978756e-01
2.95648385869390462e-01
2.88166194633655892e-01
2.80683521264504965e-01
2.73200299189971629e-01
2.65716818269229993e-01
2.58232893144149045e-01
2.50748862289442820e-01
2.43264459769454378e-01
2.35780039852350659e-01
2.28295333253401178e-01
2.20810600417405967e-01
2.13325754196935724e-01
2.05840699053548015e-01
1.98355905946977357e-01
1.90870422518912897e-01
1.83385927158881301e-01
1.75899818008545483e-01
1.68415898144006565e-01
1.60928946718175703e-01
1.53445956389695298e-01
1.45957799874363497e-01
1.38475949964123518e-01
1.30986524068879784e-01
1.23506074860748050e-01
1.16015027911848159e-01
1.08536378191540828e-01
1.01043305019205526e-01
9.35667898430924683e-02
8.60714360771352993e-02
7.85972717710042706e-02
7.10994970249895636e-02
6.36277509797077284e-02
5.61275829662040218e-02
4.86581367224945618e-02
4.11557995776596838e-02
3.36883269209894420e-02
2.61842484111115791e-02
1.87182262774665854e-02
1.12130179775251342e-02
3.74775889578266063e-03
1.85252238796496299e-01
3.65138323635919859e-01
3.03700209281825118e-01
3.76249981705101488e-01
3.66309046080593947e-01
4.18153948173276391e-01
4.26090201552904002e-01
4.71699306732356771e-01
4.82288333336308717e-01
5.19132362961658878e-01
5.28065117202557666e-01
5.53616075444926192e-01
5.54746095366437042e-01
5.69024572706867127e-01
5.64955193248984244e-01
5.70152058837732345e-01
5.64206728760192400e-01
5.64752190589146830e-01
5.58727111316203229e-01
5.56806235624204282e-01
5.50151392856156551e-01
5.46731556161053733e-01
5.39896247762070791e-01
5.35130110773196388e-01
5.28166812728392276e-01
5.22575794081593270e-01
5.15319718894805767e-01
5.09062237855568700e-01
5.01937766590487722e-01
4.95201219859177422e-01
4.88029249035704604e-01
4.81010120622700876e-01
4.73774384094486578e-01
4.66587918110534239e-01
4.59290307651843754e-01
4.52001346157924810e-01
4.44652994735810436e-01
4.37297912855784621e-01
4.29910538009320886e-01
4.22512283803354816e-01
4.15095908599036278e-01
4.07669398775982628e-01
4.00231921349633035e-01
3.92786525144090404e-01
3.85334143072045110e-01
3.77875988582141220e-01
3.70413261119830695e-01
3.62946483501135286e-01
3.55476599950372563e-01
3.48003953846988678e-01
3.40529155836672537e-01
3.33052499114915856e-01
3.25574347902328587e-01
3.18094940732362552e-01
3.10614508658522914e-01
3.03133209039459950e-01
2.95651232279532827e-01
2.88168617965894769e-01
2.80685598393655977e-01
2.73202083147110864e-01
2.65718353647174443e-01
2.58234217113839148e-01
2.50750003151584411e-01
2.43265443465962933e-01
2.35780887565647274e-01
2.28296061494612512e-01
2.20811227903720791e-01
2.13326288678601095e-01
2.05841160255125027e-01
1.98356291292866888e-01
1.90870758609056113e-01
1.83386197028273856e-01
1.75900065384256371e-01
1.68416147260819798e-01
1.60929110207925025e-01
1.53446106490034678e-01
1.45957937432962509e-01
1.38476037009796105e-01
1.30986643232772176e-01
1.23506158686526202e-01
1.16015098034338598e-01
1.08536429923476119e-01
1.01043353225433633e-01
9.35668236279213750e-02
8.60714674882555320e-02
7.85972947204780781e-02
7.10995154638605076e-02
6.36277694619482442e-02
5.61275904040157633e-02
4.86581523821918785e-02
4.11557981720912722e-02
3.36883434633780329e-02
2.61842367344449906e-02
1.87182466642362363e-02
1.12129904885767840e-02
3.74778357086471333e-03
VECTORS velocity double
7.64083020738853924e-01 1.08662558642157042e-01 0
6.57634775580612563e-01 4.68922583864722492e-02 0
4.92890630505521343e-01 3.44220645235882514e-02 0
4.34313316369198399e-01 1.48075438509266254e-02 0
3.77666526979162198e-01 8.33985466775232116e-03 0
3.74871977986850735e-01 3.13081711515105334e-03 0
3.53929318593960485e-01 1.71141427959879168e-03 0
3.61758472974419987e-01 7.66631301320240175e-04 0
3.48954059978326125e-01 3.82068898528015557e-04 0
3.58819891471917174e-01 1.12327857101723942e-04 0
3.50185458363238833e-01 1.29320107118991210e-04 0
3.60626803064659218e-01 -2.26832717594976197e-04 0
3.57502125245288738e-01 -4.93405509816962202e-05 0
3.71704112668862774e-01 -2.32749141546173891e-03 0
3.85968437984782697e-01 -8.00271739907483992e-04 0
4.15069767770269105e-01 -2.61684581059545146e-02 0
1.00975110475929619e+00 1.80450896354006934e-01 0
1.02393924100004363e+00 8.87890359606685470e-02 0
9.92917138112296982e-01 7.70764892251036976e-02 0
9.74935270449243108e-01 4.30205174142327673e-02 0
9.39914507715568837e-01 2.11363154593964542e-02 0
9.36383524164627001e-01 9.03555791104250321e-03 0
9.16791030138358387e-01 4.51225441426669933e-03 0
9.22787071452145891e-01 2.07320548149726898e-03 0
9.11340753061854580e-01 7.17900288851626694e-04 0
9.20351909684708813e-01 -3.56471652696393592e-04 0
9.13638096175428127e-01 -1.40395406838919427e-03 0
9.24754459419246944e-01 -3.07286146242074891e-03 0
9.24954039928096439e-01 -5.83161356673537676e-03 0
9.42671476540509756e-01 -1.16029489755102074e-02 0
9.58919175093245979e-01 -2.11509391489058743e-02 0
1.00722071865090501e+00 -5.62734065738548228e-02 0
1.10112052971959073e+00 9.17871170268610703e-02 0
1.16867447136880487e+00 5.54046640545696814e-02 0
1.22644132332039724e+00 5.87916983480957223e-02 0
1.27475080581725075e+00 4.15192844227767130e-02 0
1.27596294112420128e+00 2.73056986355610203e-02 0
1.28617341978950472e+00 1.50085865672138965e-02 0
1.27693324836678634e+00 8.17731650810903099e-03 0
1.28473458434306531e+00 3.86280098411052831e-03 0
1.27765550802345262e+00 1.21677401095138639e-03 0
1.28557477580980595e+00 -6.47070182639462388e-04 0
1.28115382638001485e+00 -2.44917244296496191e-03 0
1.28979841128283468e+00 -5.51361762276694669e-03 0
1.28977992049085377e+00 -9.34451995415734073e-03 0
1.30084559731822069e+00 -1.90090244346978188e-02 0
1.31014950119284102e+00 -3.32717322791999878e-02 0
1.33109377144137708e+00 -6.28626602334774603e-02 0
1.10084113004587136e+00 4.55283139523134511e-02 0
1.17379513384730116e+00 2.62029555195364000e-02 0
1.26428771175325583e+00 2.38762217621054859e-02 0
1.33909790928169037e+00 1.84665191254638934e-02 0
1.38506279437390267e+00 1.52328582101132273e-02 0
1.42461728371132423e+00 8.79269099048509729e-03 0
1.43487919291567301e+00 4.93679584360657165e-03 0
1.45307847567796289e+00 2.02033081354817921e-03 0
1.45128273714614608e+00 -2.19593990617262919e-05 0
1.46097167926255778e+00 -1.78463704828917143e-03 0
1.45787993071229627e+00 -3.83705804503999166e-03 0
1.46572520214842461e+00 -7.07776587654497438e-03 0
1.46240276358790844e+00 -1.16719081289481819e-02 0
1.47122220618759014e+00 -2.15047359935505028e-02 0
1.46659140025330448e+00 -3.65547366869456783e-02 0
1.47395184611464058e+00 -6.39680155204565837e-02 0
1.10083419021584117e+00 -4.55584869129325790e-02 0
1.17378893148611074e+00 -2.62326699653280676e-02 0
1.26428661642577111e+00 -2.39899055314900626e-02 0
1.33908342147768722e+00 -1.86869953485877677e-02 0
1.38494925411368586e+00 -1.56943899250695518e-02 0
1.42447034396572847e+00 -9.64029029781207115e-03 0
1.43451737740085106e+00 -6.31560574975527974e-03 0
1.45239609032495598e+00 -4.05959538825574964e-03 0
1.45013425627810766e+00 -3.02282180606356157e-03 0
1.45899314560484328e+00 -3.64771841780109742e-03 0
1.45482825361862056e+00 -5.11651130919766120e-03 0
1.46031789829740299e+00 -7.49316142431829570e-03 0
1.45429102455806403e+00 -1.23261780025039191e-02 0
1.45609262310661070e+00 -2.08992862432542670e-02 0
1.44600455251907789e+00 -3.47541009004578225e-02 0
1.43330125424267441e+00 -5.53427081307503940e-02 0
1.10111374993007405e+00 -9.18116121298970661e-02 0
1.16866134956924861e+00 -5.54373578445137641e-02 0
1.22639214095303228e+00 -5.89018191595292590e-02 0
1.27468335566450897e+00 -4.16812000258036525e-02 0
1.27567008025376860e+00 -2.77022139144747249e-02 0
1.28548673413422798e+00 -1.57350409566330562e-02 0
1.27565408864617180e+00 -9.28625969708559394e-03 0
1.28247202666487747e+00 -5.50729760037862396e-03 0
1.27395170890515108e+00 -3.61720804472772913e-03 0
1.27965773337503963e+00 -3.83170168460985391e-03 0
1.27110668851333397e+00 -4.79938155947328554e-03 0
1.27365009870470769e+00 -6.52161106497753124e-03 0
1.26390713281016209e+00 -9.85326191601489272e-03 0
1.25855941010705008e+00 -1.70973631705339732e-02 0
1.23827255762251931e+00 -2.54351073677512238e-02 0
1.21521028888243721e+00 -4.01577184027039485e-02 0
1.00973702430812473e+00 -1.80470376661254955e-01 0
1.02389471201410331e+00 -8.87975655743276221e-02 0
9.92823739803942118e-01 -7.71626391215368551e-02 0
9.74662288023227408e-01 -4.31207660247052219e-02 0
9.39562130428313269e-01 -2.12877102697479614e-02 0
9.35269601180663046e-01 -9.38652852999818064e-03 0
9.14787156211969377e-01 -5.10573137945589776e-03 0
9.19360417983404954e-01 -2.89983591766987013e-03 0
9.06020554036790271e-01 -1.93417779586621389e-03 0
9.11788229345852130e-01 -1.90195955715084905e-03 0
8.99366566240824006e-01 -2.42889003604066737e-03 0
9.01303045293270766e-01 -3.58602338810125451e-03 0
8.87679053692182030e-01 -5.04750709910522805e-03 0
8.79892381772512278e-01 -7.84445733271281476e-03 0
8.53999939327253377e-01 -1.32290724151944150e-02 0
8.26996240645028080e-01 -1.87959071060639846e-02 0
7.64074720806469876e-01 -1.08658274303173819e-01 0
6.57613033488434473e-01 -4.68851099010069439e-02 0
4.92879631227081727e-01 -3.44186025802180606e-02 0
4.34126089307578289e-01 -1.48382341266073987e-02 0
3.77393574999466186e-01 -8.31714890594314159e-03 0
3.74426262095450879e-01 -3.03257427954430666e-03 0
3.53155054736044582e-01 -1.66580866933402805e-03 0
3.60213062896626024e-01 -7.47612568135062904e-04 0
3.46569567732929185e-01 -2.23366289439282345e-04 0
3.55153665810319819e-01 -1.06365145932437604e-04 0
3.43306326670305306e-01 4.48640586521087937e-05 0
3.49644226154865734e-01 -2.93674698715813839e-04 0
3.36260936130269084e-01 4.76612433693060912e-04 0
3.39853026455277318e-01 7.45359919821502484e-05 0
3.21302174576998778e-01 6.92967964105008672e-04 0
3.14314837447158879e-01 -2.43240290722089640e-04 0
5.51229999815142091e-01 -9.29256056487901549e-02 0
6.67094468853250855e-01 -1.08987245169318125e-01 0
7.66840786724795609e-01 -1.29383718542701587e-01 0
8.48934209117272909e-01 -1.48564459599480225e-01 0
9.13693503187928080e-01 -1.68930156422482575e-01 0
9.59300879933586037e-01 -1.85266355438651747e-01 0
9.87875284832420930e-01 -1.93905282871842083e-01 0
1.00002454630763138e+00 -1.95344748182305322e-01 0
9.97070921075490890e-01 -1.88904818148884379e-01 0
9.86176908286154119e-01 -1.75122455574609454e-01 0
9.69379681245684410e-01 -1.56397226379106830e-01 0
9.47574199648436477e-01 -1.34784673605908539e-01 0
9.24201060122539997e-01 -1.12881262603275467e-01 0
9.00199152179314122e-01 -9.05322217301594845e-02 0
8.77649522391704351e-01 -6.96182403332874095e-02 0
8.56378051403181906e-01 -5.06318213872908041e-02 0
8.37540309654215887e-01 -3.45982723587934526e-02 0
8.20612944410810674e-01 -2.15150279769385604e-02 0
8.06398688065526392e-01 -1.13143759207315828e-02 0
7.94347612443274453e-01 -3.56915972217159219e-03 0
7.84710292072348103e-01 1.96039369883117777e-03 0
7.76812977231538526e-01 5.66369467734340742e-03 0
7.70634347125113139e-01 8.01786599473620215e-03 0
7.65533986223328022e-01 9.28801191541331686e-03 0
7.61632212226627914e-01 9.70732469565050056e-03 0
7.58541710874717556e-01 9.54772944074218019e-03 0
7.56123817083491301e-01 8.97981003882531922e-03 0
7.54106458050506800e-01 8.24375433238888448e-03 0
7.52542188530562761e-01 7.39792921548820034e-03 0
7.51254594678057996e-01 6.50525984769887572e-03 0
7.50243511182119738e-01 5.63943563969827779e-03 0
7.49407483975054522e-01 4.82043501843294059e-03 0
7.48743315091784489e-01 4.07725367992211284e-03 0
7.48192205763098861e-01 3.41465423918255314e-03 0
7.47748394767372759e-01 2.83716439968708907e-03 0
7.47380011411439171e-01 2.34018826333210611e-03 0
7.47079883840859216e-01 1.91947236184023635e-03 0
7.46830427545868480e-01 1.56657179860675223e-03 0
7.46625328283584855e-01 1.27412943227208394e-03 0
7.46454527739015106e-01 1.03338993388230808e-03 0
7.46313094997403614e-01 8.36974692305124781e-04 0
7.46195122965558233e-01 6.77500436092229753e-04 0
7.46096993238090200e-01 5.48747474984561485e-04 0
7.46015083316864058e-01 4.45112025552372233e-04 0
7.45946784642795624e-01 3.61921810599612464e-04 0
7.45889793991119765e-01 2.95200797821449387e-04 0
7.45842253030342683e-01 2.41703540323749081e-04 0
7.45802628084789698e-01 1.98748586156887407e-04 0
7.45769624868911740e-01 1.64186638889342855e-04 0
7.45742188073247436e-01 1.36276111759283151e-04 0
7.45719394134810476e-01 1.13638510633413793e-04 0
7.45700500059195637e-01 9.51827046402330416e-05 0
7.45684860528051718e-01 8.00489745888075275e-05 0
7.45671941091228918e-01 6.75671722793677723e-05 0
7.45661292034421885e-01 5.72080785292291519e-05 0
7.45652527170293067e-01 4.85636190280217564e-05 0
7.45645336940472081e-01 4.13085675136420964e-05 0
7.45639439071333232e-01 3.51885251459518799e-05 0
7.45634621987078972e-01 3.00069392360634261e-05 0
7.45630684755601791e-01 2.56027482098490747e-05 0
7.45627482769344985e-01 2.18512600825377187e-05 0
7.45624875278325994e-01 1.86479319301094741e-05 0
7.45622761375925092e-01 1.59098078028854449e-05 0
7.45621049750815779e-01 1.35671197329784731e-05 0
7.45619659215482233e-01 1.15626389188289429e-05 0
7.45618550452260664e-01 9.84773576232611837e-06 0
7.45617631072372222e-01 8.38124484567992462e-06 0
7.45616932014392164e-01 7.12874771113710159e-06 0
7.45616306195100775e-01 6.05933157116650721e-06 0
7.45615895250527627e-01 5.14856042041993705e-06 0
7.45615416417875543e-01 4.37452221393022874e-06 0
7.45615246462014158e-01 3.71480991173546478e-06 0
7.45614813728998738e-01 3.17238295409831141e-06 0
7.45614870164048482e-01 2.68953840352049233e-06 0
7.45614450445457710e-01 2.28525948935213348e-06 0
7.45614640303583487e-01 1.94358108003060403e-06 0
7.45614206151761993e-01 1.62792676033513430e-06 0
7.45614498864731523e-01 1.34573973420893827e-06 0
7.45614021089166634e-01 1.10959426177880653e-06 0
7.45614452451840215e-01 9.09787760899065251e-07 0
7.45613888426606697e-01 7.54266078714905235e-07 0
7.45614432460853127e-01 6.23745631821517023e-07 0
7.45613800069444776e-01 5.22753028531489423e-07 0
7.45614423771666757e-01 4.36693036410782210e-07 0
7.45613747503938828e-01 3.70368209203193425e-07 0
7.45614409071386097e-01 3.13707748676425482e-07 0
7.45613729017129856e-01 2.69482302493305941e-07 0
7.45614377394123840e-01 2.32260745700909830e-07 0
7.45613745874469602e-01 2.02206426195050632e-07 0
7.45614323104899168e-01 1.77588649078177740e-07 0
7.45613795284013614e-01 1.57980049890959422e-07 0
7.45614247951454256e-01 1.43991420621335113e-07 0
7.45613876444985668e-01 1.35242322336534890e-07 0
7.45614159278349620e-01 1.24406795057616698e-07 0
7.45613986309151988e-01 1.31517082518668137e-07 0
7.45614077685774479e-01 1.07545011293868262e-07 0
1.03261983064533336e+00 -1.01946206547836732e-01 0
1.05315622462028613e+00 -1.32872666208372708e-01 0
1.08889208528404158e+00 -1.55156405540435666e-01 0
1.11224261039894867e+00 -1.72733982674115216e-01 0
1.13268462500472467e+00 -1.85066504347947108e-01 0
1.13178473418187475e+00 -1.92144312477312895e-01 0
1.12248112553494228e+00 -1.92938977066801576e-01 0
1.10097490547291077e+00 -1.87727929062110332e-01 0
1.07097934848304877e+00 -1.77299348676520307e-01 0
1.03494447236961951e+00 -1.62266488279635218e-01 0
9.96548027193976615e-01 -1.42774984409696687e-01 0
9.56689688648396541e-01 -1.20222737271245453e-01 0
9.16979559224646468e-01 -9.72750554001647894e-02 0
8.78405934307991298e-01 -7.51650923067069404e-02 0
8.44342867513230733e-01 -5.52552898437196696e-02 0
8.14953198506272347e-01 -3.78830002198753124e-02 0
7.91430963660347042e-01 -2.37461755198212256e-02 0
7.72489930038853245e-01 -1.24087730237949813e-02 0
7.58108736620658585e-01 -3.85163619355395354e-03 0
7.46991255626769601e-01 2.25917333528203885e-03 0
7.38759172928460273e-01 6.51894281018349561e-03 0
7.32590643329668612e-01 9.19220989335406066e-03 0
7.28297195851205670e-01 1.07390239002642558e-02 0
7.25224795598921945e-01 1.13665231149393565e-02 0
7.23323801035034020e-01 1.12024965108505296e-02 0
7.21998084724868039e-01 1.06711205385024935e-02 0
7.21243917999043416e-01 9.84391054993571414e-03 0
7.20720568635350833e-01 8.88439685660310889e-03 0
7.20584433434856786e-01 7.86875802521472788e-03 0
7.20515093312700472e-01 6.85806346162853592e-03 0
7.20608050045979054e-01 5.89932617468654982e-03 0
7.20724673657002213e-01 5.01390728625651302e-03 0
7.20888330076477013e-01 4.22068150107601531e-03 0
7.21051430011322991e-01 3.52071129103231515e-03 0
7.21219022236636365e-01 2.91629566770466864e-03 0
7.21370769918739274e-01 2.39956593735225461e-03 0
7.21510482630506877e-01 1.96483244420758447e-03 0
7.21630657086839822e-01 1.60170422993523537e-03 0
7.21734927809455806e-01 1.30196947718212047e-03 0
7.21821811338294927e-01 1.05585169317075431e-03 0
7.21894397220671724e-01 8.55481083045808786e-04 0
7.21953617876680553e-01 6.92953623023448645e-04 0
7.22001916618415063e-01 5.61842038703840052e-04 0
7.22040807706001986e-01 4.56271650441167841e-04 0
7.22072101892803797e-01 3.71497497037820066e-04 0
7.22097170314585646e-01 3.03417383040519549e-04 0
7.22117272549345657e-01 2.48746833576433187e-04 0
7.22133440648647373e-01 2.04760516806583949e-04 0
7.22146504022563640e-01 1.69291380454497295e-04 0
7.22157156458654081e-01 1.40575386024073995e-04 0
7.22165915912958201e-01 1.17229976681005723e-04 0
7.22173208212625761e-01 9.81546559741174957e-05 0
7.22179346876813955e-01 8.24834007503381228e-05 0
7.22184576672178058e-01 6.95392926038862019e-05 0
7.22189084617394395e-01 5.87861283428089783e-05 0
7.22193002344970303e-01 4.98090812737393292e-05 0
7.22196444540513238e-01 4.22755734394265832e-05 0
7.22199476301675247e-01 3.59272519835760306e-05 0
7.22202169371020664e-01 3.05586837451119693e-05 0
7.22204557259082947e-01 2.60042610678980299e-05 0
7.22206688122972729e-01 2.21328156336019392e-05 0
7.22208580782568554e-01 1.88352586018654720e-05 0
7.22210267248085680e-01 1.60247321205169727e-05 0
7.22211766564781144e-01 1.36265156961564030e-05 0
7.22213089843279921e-01 1.15816348328111310e-05 0
7.22214275800991401e-01 9.83620612816537571e-06 0
7.22215295925546452e-01 8.35016330553747320e-06 0
7.22216237862771115e-01 7.08274210961187303e-06 0
7.22216999680513227e-01 6.00718496380816984e-06 0
7.22217761834874183e-01 5.09395828758667434e-06 0
7.22218296601637721e-01 4.31624355675428569e-06 0
7.22218940441419321e-01 3.66164818331873278e-06 0
7.22219266717875397e-01 3.09903585919860514e-06 0
7.22219911768022360e-01 2.62139412734352902e-06 0
7.22219992369259378e-01 2.24291288756739053e-06 0
7.22220612898318737e-01 1.88960718998605923e-06 0
7.22220530205474276e-01 1.59925103922507935e-06 0
7.22221130387207255e-01 1.31298229352661076e-06 0
7.22220886552487729e-01 1.07542769590997077e-06 0
7.22221538578743716e-01 8.78245039238385587e-07 0
7.22221128411772217e-01 7.30233992089394557e-07 0
7.22221827194138521e-01 6.00640901756202371e-07 0
7.22221295524169471e-01 5.05375370470292362e-07 0
7.22222034418278702e-01 4.19635277598314889e-07 0
7.22221424391946920e-01 3.57275332419431116e-07 0
7.22222174212896362e-01 3.01326232200226097e-07 0
7.22221537110928846e-01 2.59566609788295046e-07 0
7.22222254232031902e-01 2.23227872806493505e-07 0
7.22221650719660713e-01 1.94539705015573610e-07 0
7.22222281973459723e-01 1.70595936068126338e-07 0
7.22221774400991112e-01 1.52061638588008140e-07 0
7.22222269135592509e-01 1.37491415266712510e-07 0
7.22221912770756314e-01 1.30137924035633709e-07 0
7.22222226879442819e-01 1.17618675789121650e-07 0
7.22222065262845825e-01 1.24901221851152090e-07 0
7.22222182817770286e-01 1.02260222953452011e-07 0
1.32588866250603732e+00 -1.15758927572581494e-01 0
1.31697064197926905e+00 -1.37160964641577343e-01 0
1.30282216628099201e+00 -1.58692776819009618e-01 0
1.28425987034671207e+00 -1.70523507287255099e-01 0
1.25784091221361827e+00 -1.78542535406951863e-01 0
1.22228661855172493e+00 -1.80196049397595037e-01 0
1.17915216173676307e+00 -1.78395561907618683e-01 0
1.12871437929253471e+00 -1.69596991794503743e-01 0
1.07270229999420286e+00 -1.55817083301109965e-01 0
1.01031263454134712e+00 -1.37903687144280029e-01 0
9.47233021234487382e-01 -1.17222192774280032e-01 0
8.86845847610294613e-01 -9.50078540697360530e-02 0
8.34334724200194500e-01 -7.36941594395419119e-02 0
7.89400072429644495e-01 -5.42239299508768674e-02 0
7.53299966079419070e-01 -3.78508307406205807e-02 0
7.24481620217500955e-01 -2.41881963075926652e-02 0
7.02933361174238325e-01 -1.33318097286606197e-02 0
6.86780669583788028e-01 -4.86970988919561629e-03 0
6.75490962296003472e-01 1.46307392619212263e-03 0
6.67588342642485455e-01 6.09209103882366997e-03 0
6.62950705514382954e-01 9.18271961435118342e-03 0
6.60102510357703287e-01 1.08812011266372077e-02 0
6.58893478096377661e-01 1.17152830467546418e-02 0
6.58956877310184930e-01 1.17659207119101498e-02 0
6.59652488050956554e-01 1.13306660476527425e-02 0
6.60670121165056190e-01 1.05802252338276313e-02 0
6.62008903566372320e-01 9.62337000209485642e-03 0
6.63382974132386338e-01 8.57010633045893894e-03 0
6.64837215182297880e-01 7.50401610574898646e-03 0
6.66203929477885759e-01 6.48758385633008573e-03 0
6.67510397651152054e-01 5.53785680651099326e-03 0
6.68675896356565103e-01 4.67695461041236094e-03 0
6.69731273580488562e-01 3.91449400549306707e-03 0
6.70643978161936438e-01 3.24763672147607976e-03 0
6.71440848678471425e-01 2.67740601884448393e-03 0
6.72116231182481427e-01 2.19339371739626357e-03 0
6.72690992174955982e-01 1.78927791932028389e-03 0
6.73170666110498139e-01 1.45364716646241197e-03 0
6.73571497869648095e-01 1.17827808565140572e-03 0
6.73902188092450949e-01 9.53195493661380760e-04 0
6.74175042519266743e-01 7.70832103806958738e-04 0
6.74398447442281612e-01 6.23441104955476679e-04 0
6.74581366192504972e-01 5.04964550058933296e-04 0
6.74730589900704447e-01 4.09824717668658643e-04 0
6.74852391576785449e-01 3.33601909869442261e-04 0
6.74951776414794757e-01 2.72488839903146257e-04 0
6.75032994193186742e-01 2.23470036577735795e-04 0
6.75099508941411908e-01 1.84050005314059225e-04 0
6.75154135315223169e-01 1.52260764181978475e-04 0
6.75199172228157951e-01 1.26515359921508183e-04 0
6.75236440034904128e-01 1.05566396415016425e-04 0
6.75267422464950307e-01 8.84303486771831603e-05 0
6.75293289506130878e-01 7.43332487998494781e-05 0
6.75314981957454319e-01 6.26732058705149590e-05 0
6.75333252736062706e-01 5.29735586892933919e-05 0
6.75348695357550932e-01 4.48661448213082324e-05 0
6.75361801335396250e-01 3.80564882718663149e-05 0
6.75372945898812804e-01 3.23137882330541861e-05 0
6.75382457179066642e-01 2.74557937374831504e-05 0
6.75390578235840255e-01 2.33343735323928969e-05 0
6.75397533321768995e-01 1.98322343080194174e-05 0
6.75403485993641861e-01 1.68510729819538053e-05 0
6.75408590253483987e-01 1.43127632924856911e-05 0
6.75412966958320982e-01 1.21489126877092408e-05 0
6.75416711649115764e-01 1.03073025641200084e-05 0
6.75419936462851367e-01 8.73658998801690257e-06 0
6.75422670330047104e-01 7.40358747619906421e-06 0
6.75425056863585671e-01 6.26595307167914036e-06 0
6.75427029032083848e-01 5.30625556439953578e-06 0
6.75428815537871707e-01 4.48580168134430953e-06 0
6.75430206266534161e-01 3.79945163773839632e-06 0
6.75431573416682474e-01 3.20716524560022406e-06 0
6.75432517794658738e-01 2.70974393359467101e-06 0
6.75433602641692610e-01 2.29773058897174292e-06 0
6.75434193795372839e-01 1.96067416734366045e-06 0
6.75435160788582789e-01 1.64686673018093267e-06 0
6.75435405232435726e-01 1.39866992478980508e-06 0
6.75436310286993358e-01 1.13641363303236687e-06 0
6.75436225142151847e-01 9.34865029676617568e-07 0
6.75437057707075628e-01 7.60264071984439324e-07 0
6.75436744165386682e-01 6.35782050511551167e-07 0
6.75437585942690433e-01 5.17136590388567420e-07 0
6.75437111892896569e-01 4.37444232014344163e-07 0
6.75437967007225915e-01 3.58918152997241913e-07 0
6.75437385185779338e-01 3.07282438569767497e-07 0
6.75438231034931058e-01 2.57455495961639040e-07 0
6.75437602411590010e-01 2.21447931215748741e-07 0
6.75438399711305149e-01 1.91745713254655711e-07 0
6.75437793560066058e-01 1.63724317991101210e-07 0
6.75438491715679934e-01 1.48747694433509323e-07 0
6.75437976745689062e-01 1.23750379447062962e-07 0
6.75438524335148949e-01 1.22737142943162936e-07 0
6.75438162737572290e-01 1.02527911554667136e-07 0
6.75438515448068988e-01 1.07136575293051915e-07 0
6.75438354277657305e-01 9.23909833065490863e-08 0
6.75438496295284740e-01 9.51677078527014553e-08 0
1.45178518591521577e+00 -9.51702424867923169e-02 0
1.41731646587497861e+00 -1.21201694416177327e-01 0
1.37880172513747690e+00 -1.39032250625345966e-01 0
1.32950773350372753e+00 -1.50162537053435741e-01 0
1.27191042651889852e+00 -1.54228498572915346e-01 0
1.20293003454992276e+00 -1.52760692264625242e-01 0
1.12581005188841732e+00 -1.46242262197491479e-01 0
1.04161942508205030e+00 -1.34520068211675115e-01 0
9.59116438587408915e-01 -1.18139366261609230e-01 0
8.80280922018464418e-01 -9.95692157248781740e-02 0
8.09644203882750713e-01 -8.10467494943146044e-02 0
7.47652040338811497e-01 -6.38118738906969241e-02 0
6.96859453796363049e-01 -4.85471187428510864e-02 0
6.55781673333796888e-01 -3.46893347234899993e-02 0
6.24817127480649437e-01 -2.27834493588199051e-02 0
6.01469191852175289e-01 -1.27404678414424315e-02 0
5.85376450265625126e-01 -4.87952499308435487e-03 0
5.74149683659032073e-01 1.27977819913506941e-03 0
5.68049119820473902e-01 5.76100269464944244e-03 0
5.64482178199217866e-01 8.50250202712380179e-03 0
5.64685331697234671e-01 1.02748494679695442e-02 0
5.65724483888505714e-01 1.12036900227533293e-02 0
5.68178052271109402e-01 1.13246729698785603e-02 0
5.71168771478034243e-01 1.09721134782219953e-02 0
5.74636756111103542e-01 1.03555174943520956e-02 0
5.78078027938145222e-01 9.48462819634591191e-03 0
5.81536604508229527e-01 8.49470571450036162e-03 0
5.84718745788456506e-01 7.46436506019948400e-03 0
5.87694045379266838e-01 6.46255628299746525e-03 0
5.90326963542622929e-01 5.52075061931080798e-03 0
5.92693270914283810e-01 4.66540368083286864e-03 0
5.94731730423245453e-01 3.90283590789448648e-03 0
5.96504879860714210e-01 3.23875817800417477e-03 0
5.98002513788575052e-01 2.66566112441200126e-03 0
5.99274047412963862e-01 2.18156528340445171e-03 0
6.00332044780096274e-01 1.77461198506507047e-03 0
6.01215074273155237e-01 1.43849321588839603e-03 0
6.01941785106831606e-01 1.16169703316276155e-03 0
6.02540943351893676e-01 9.36773294729238964e-04 0
6.03030423215283218e-01 7.54324767609083294e-04 0
6.03430808159414411e-01 6.07718338564973187e-04 0
6.03756658097386323e-01 4.89996245693928340e-04 0
6.04022213135787078e-01 3.96008217554814218e-04 0
6.04238260666591365e-01 3.20915834057453107e-04 0
6.04414371226977276e-01 2.61057141026042059e-04 0
6.04558061518115530e-01 2.13230088024889125e-04 0
6.04675613550779256e-01 1.74979987393579950e-04 0
6.04772056557327797e-01 1.44269700867148915e-04 0
6.04851446242769875e-01 1.19524936250981842e-04 0
6.04917055510843849e-01 9.94777933333473082e-05 0
6.04971478372773319e-01 8.31483314384083458e-05 0
6.05016809111223797e-01 6.97671094057303635e-05 0
6.05054707255504587e-01 5.87332260792786855e-05 0
6.05086506434952764e-01 4.95830507189618837e-05 0
6.05113279109258939e-01 4.19497242661724277e-05 0
6.05135878618471956e-01 3.55523327007779461e-05 0
6.05155012090668354e-01 3.01645576237428938e-05 0
6.05171232290708239e-01 2.56116043274471028e-05 0
6.05185016404107712e-01 2.17527142732516032e-05 0
6.05196731616207462e-01 1.84746502607969664e-05 0
6.05206708223690049e-01 1.56867341156739429e-05 0
6.05215197651829517e-01 1.33122961198590875e-05 0
6.05222429863002231e-01 1.12910930890228750e-05 0
6.05228589728972532e-01 9.56815022857766928e-06 0
6.05233825841455797e-01 8.10415831910505617e-06 0
6.05238299577269823e-01 6.85541552303734920e-06 0
6.05242073045615836e-01 5.79953248375568924e-06 0
6.05245332240490264e-01 4.89690979570432540e-06 0
6.05248024869068146e-01 4.14135933376600115e-06 0
6.05250421743245060e-01 3.49195609030516050e-06 0
6.05252307248499766e-01 2.95694658484139892e-06 0
6.05254102673526861e-01 2.48740598038889081e-06 0
6.05255375296515630e-01 2.10802817761793469e-06 0
6.05256752818355115e-01 1.76016154102765672e-06 0
6.05257579526628842e-01 1.49406486290430278e-06 0
6.05258754361621243e-01 1.25302122639170004e-06 0
6.05259175759110701e-01 1.05560069275408302e-06 0
6.05260278296928522e-01 8.72824620027146222e-07 0
6.05260242031245177e-01 7.32690342492544472e-07 0
6.05261206677075947e-01 5.89660473006860142e-07 0
6.05260907778503721e-01 4.93361732042202995e-07 0
6.05261866276095684e-01 3.93261748108764381e-07 0
6.05261379130390131e-01 3.34150156715905465e-07 0
6.05262338744062878e-01 2.69479823183391628e-07 0
6.05261723879376712e-01 2.32464730634832755e-07 0
6.05262664428089070e-01 1.93104758162255570e-07 0
6.05261992241132418e-01 1.66738614543755842e-07 0
6.05262874617842672e-01 1.44722916009022758e-07 0
6.05262223239955044e-01 1.22371904520527741e-07 0
6.05262995493353162e-01 1.13778683406619759e-07 0
6.05262439134150787e-01 9.21632082997159939e-08 0
6.05263043269915535e-01 9.56959266851610153e-08 0
6.05262653426576147e-01 7.62373745196713393e-08 0
6.05263044590946819e-01 8.51810038278290009e-08 0
6.05262869567286921e-01 6.73687548623977480e-08 0
6.05263026777153601e-01 8.13738266392302902e-08 0
1.39875480045791778e+00 -8.73630269972814483e-02 0
1.35036987658591245e+00 -1.00697746203339669e-01 0
1.28501287130456365e+00 -1.14664902968598548e-01 0
1.20734416198740879e+00 -1.17108132146071214e-01 0
1.12044653291450702e+00 -1.15140712846338616e-01 0
1.02918571356115174e+00 -1.07189451580072259e-01 0
9.37559243106261042e-01 -9.76477396826463950e-02 0
8.47398044981208964e-01 -8.62541985119059107e-02 0
7.64403402784372576e-01 -7.50815611448552717e-02 0
6.89845312394269383e-01 -6.31690559854281297e-02 0
6.27094636675582517e-01 -5.08580195596050749e-02 0
5.74502844392015932e-01 -3.86275295500342203e-02 0
5.33255613267356487e-01 -2.77100601429231957e-02 0
5.00794147484590280e-01 -1.82187256995865708e-02 0
4.77872884967032119e-01 -1.06498529754364378e-02 0
4.61685133904334966e-01 -4.48474145400299621e-03 0
4.52461828918699016e-01 3.68078857831779930e-04 0
4.46852489416436516e-01 3.77313526775477489e-03 0
4.46904671921959318e-01 6.32877726169826967e-03 0
4.48176073798323082e-01 7.75779244789289758e-03 0
4.51803219722913096e-01 8.58607169264349185e-03 0
4.56284285842728232e-01 9.11915425279245621e-03 0
4.61706417216163512e-01 9.00939028481081983e-03 0
4.67061224870387204e-01 8.52629362828557016e-03 0
4.72600761897408905e-01 7.88715523754663500e-03 0
4.77761847143870433e-01 7.12196335909850119e-03 0
4.82657053540337000e-01 6.30926470985894525e-03 0
4.87000998282631770e-01 5.48647581720469995e-03 0
4.90922484630734624e-01 4.70384687970322804e-03 0
4.94302149082935405e-01 3.98274591200980209e-03 0
4.97255219024999473e-01 3.33813015407565319e-03 0
4.99745066969965790e-01 2.76814106351575863e-03 0
5.01868782001275049e-01 2.27982248795779953e-03 0
5.03630249302174815e-01 1.86135617207321157e-03 0
5.05103150539070622e-01 1.51269467613510816e-03 0
5.06310252991830301e-01 1.22180136605646640e-03 0
5.07304852943685658e-01 9.84246411971785497e-04 0
5.08113263363508483e-01 7.90015444456093380e-04 0
5.08772900730945943e-01 6.33739364933369139e-04 0
5.09306583080840980e-01 5.07814905633537225e-04 0
5.09739783070515040e-01 4.07508657812453870e-04 0
5.10089933055937528e-01 3.27450764573000740e-04 0
5.10373879378580808e-01 2.63996138452088672e-04 0
5.10603978383599388e-01 2.13560801230901432e-04 0
5.10791104554148778e-01 1.73576112393419841e-04 0
5.10943588646270208e-01 1.41748579435896100e-04 0
5.11068330862866405e-01 1.16382519075640460e-04 0
5.11170757979464985e-01 9.60564719722425416e-05 0
5.11255211802447262e-01 7.96986125144242804e-05 0
5.11325154778774049e-01 6.64484906248371014e-05 0
5.11383312874701623e-01 5.56468595318172985e-05 0
5.11431876024842968e-01 4.67819266708485742e-05 0
5.11472572676494930e-01 3.94554275754792417e-05 0
5.11506790792841115e-01 3.33640539304005178e-05 0
5.11535647464132381e-01 2.82674123441812969e-05 0
5.11560033311329931e-01 2.39836537969434407e-05 0
5.11580690210454825e-01 2.03656899640068018e-05 0
5.11598200350143251e-01 1.73002400755742889e-05 0
5.11613071608362557e-01 1.46963272257981678e-05 0
5.11625694744275439e-01 1.24801438405820869e-05 0
5.11636426326897542e-01 1.05926740457866014e-05 0
5.11645537646490123e-01 8.98334222728278449e-06 0
5.11653279399026162e-01 7.61314523588033646e-06 0
5.11659854159617566e-01 6.44409814544647467e-06 0
5.11665423626179061e-01 5.45230322879868318e-06 0
5.11670167725904679e-01 4.60465148322290902e-06 0
5.11674150895897517e-01 3.89150754204827280e-06 0
5.11677584524044216e-01 3.27836170232027207e-06 0
5.11680401010430663e-01 2.77165438470896381e-06 0
5.11682912697922543e-01 2.32827328352481481e-06 0
5.11684861748620490e-01 1.97555548391247235e-06 0
5.11686738668076457e-01 1.64993724717666056e-06 0
5.11688037393282724e-01 1.40912631362567490e-06 0
5.11689484317628951e-01 1.16527988497138709e-06 0
5.11690292280017500e-01 9.87972940783924965e-07 0
5.11691551075951323e-01 8.17970117710977922e-07 0
5.11691877210180723e-01 6.68407241559411407e-07 0
5.11693031231075790e-01 5.70302626683549303e-07 0
5.11692943175338533e-01 5.02173174896807702e-07 0
5.11694005295382448e-01 3.96715240026903844e-07 0
5.11693630106123343e-01 3.33715883489237225e-07 0
5.11694690204223979e-01 2.56985566266355105e-07 0
5.11694102612766821e-01 2.20609803031014973e-07 0
5.11695168505507003e-01 1.72682017236746205e-07 0
5.11694440340573875e-01 1.51425814550560228e-07 0
5.11695491822776294e-01 1.23840398152585882e-07 0
5.11694703222176694e-01 1.07562825396465678e-07 0
5.11695696052238302e-01 9.41092966915016980e-08 0
5.11694933640274519e-01 7.68192811555429710e-08 0
5.11695806405571885e-01 7.63876635188806216e-08 0
5.11695155034976312e-01 5.63310597040759399e-08 0
5.11695841380606975e-01 6.69662365421906613e-08 0
5.11695381155645945e-01 4.47942898522759556e-08 0
5.11695826359446659e-01 6.18814396154678386e-08 0
5.11695614135592614e-01 3.69514907338435724e-08 0
5.11695787512376654e-01 6.55697926987001247e-08 0
1.16546459257803825e+00 -5.39780086504091233e-02 0
1.10105981979553480e+00 -6.41747350680397510e-02 0
1.02313058632850828e+00 -6.77022697756457653e-02 0
9.36155008101018815e-01 -6.77918960447181085e-02 0
8.47037826403853389e-01 -6.52776419771592537e-02 0
7.58395537318791613e-01 -6.12705013027959183e-02 0
6.76034840660164948e-01 -5.54186719981206027e-02 0
5.99538698252582547e-01 -4.79610629109326267e-02 0
5.33034557088771566e-01 -3.93893625832548791e-02 0
4.74214359702896160e-01 -3.09560945566700087e-02 0
4.26725377696388186e-01 -2.33730976554619510e-02 0
3.87992646063883229e-01 -1.69377572210508871e-02 0
3.60069528678183759e-01 -1.16791040059532475e-02 0
3.39223833559078092e-01 -7.04571224793176711e-03 0
3.26589541918190229e-01 -3.20754106290444202e-03 0
3.18280230151450683e-01 -8.22913447377773756e-05 0
3.16020452951623732e-01 2.55842658012735754e-03 0
3.16201926049831439e-01 4.02218369149088921e-03 0
3.19548437015576947e-01 5.12002662605851727e-03 0
3.24166107856345309e-01 6.02255977234973563e-03 0
3.30138602056355202e-01 6.23821501494979582e-03 0
3.36430733299105555e-01 6.23113143084901011e-03 0
3.43368531605398764e-01 5.95104437331725900e-03 0
3.49794820420950114e-01 5.50913018067967272e-03 0
3.56114683443419067e-01 5.01591601187300219e-03 0
3.61745775729117591e-01 4.44705159735560643e-03 0
3.66962045320808894e-01 3.88268819240671732e-03 0
3.71455905150428256e-01 3.32577645990383324e-03 0
3.75441161267458468e-01 2.81675785164716384e-03 0
3.78788168369316391e-01 2.35218270208932328e-03 0
3.81670286926925340e-01 1.94694470914279823e-03 0
3.84047298075216426e-01 1.59478581071174886e-03 0
3.86046329183282189e-01 1.29839967480103687e-03 0
3.87673207812884890e-01 1.04796360373079242e-03 0
3.89016617965279199e-01 8.42980633651272196e-04 0
3.90099473758312665e-01 6.73717113853120075e-04 0
3.90982131465536398e-01 5.37861955483985923e-04 0
3.91689553283454173e-01 4.27814748756006897e-04 0
3.92261584130999874e-01 3.40661046573329418e-04 0
3.92719298196906819e-01 2.71065031584176864e-04 0
3.93088250944355677e-01 2.16389665040743874e-04 0
3.93384179566485581e-01 1.73113078344212974e-04 0
3.93623094970523113e-01 1.39205014953524658e-04 0
3.93815892256729083e-01 1.12435139554841414e-04 0
3.93972422402999123e-01 9.13913432346547347e-05 0
3.94099862472048756e-01 7.47148867366873633e-05 0
3.94204209399488525e-01 6.14845446016583759e-05 0
3.94290044024876440e-01 5.08987412950032050e-05 0
3.94361013940642047e-01 4.23845276447772218e-05 0
3.94419991883017351e-01 3.54752952932897069e-05 0
3.94469217710931241e-01 2.98260500469368219e-05 0
3.94510484707745857e-01 2.51700284430050699e-05 0
3.94545198502983530e-01 2.13017182910423797e-05 0
3.94574488323314765e-01 1.80680955600056487e-05 0
3.94599265523275011e-01 1.53462892034080325e-05 0
3.94620254670781767e-01 1.30464157923873997e-05 0
3.94638070092193483e-01 1.10934414127024328e-05 0
3.94653188084825746e-01 9.43171493893043989e-06 0
3.94666038272104891e-01 8.01455631740190457e-06 0
3.94676943138040859e-01 6.80475473900179389e-06 0
3.94686211415196997e-01 5.77220934967025157e-06 0
3.94694069765144928e-01 4.89021655582056678e-06 0
3.94700737748162223e-01 4.13929776659333394e-06 0
3.94706390584200539e-01 3.49752029317028814e-06 0
3.94711164451362007e-01 2.95470480295943476e-06 0
3.94715229144865620e-01 2.48914358255234207e-06 0
3.94718617744623412e-01 2.10126125522133464e-06 0
3.94721554609647030e-01 1.76390392186184998e-06 0
3.94723921061442773e-01 1.49211920883824359e-06 0
3.94726078123992297e-01 1.24661208535661777e-06 0
3.94727678261407922e-01 1.06569196763505660e-06 0
3.94729318014974295e-01 8.77273190408155635e-07 0
3.94730330097056048e-01 7.61569739709489794e-07 0
3.94731673396848004e-01 6.06026154507931995e-07 0
3.94732173153054977e-01 4.94218207281484026e-07 0
3.94733390234349502e-01 4.26774580093112631e-07 0
3.94733429912608791e-01 3.50248249765927482e-07 0
3.94734543101244229e-01 3.05679525790768776e-07 0
3.94734285209815017e-01 2.80032689069054428e-07 0
3.94735418165895802e-01 2.13840827123994397e-07 0
3.94734862440117074e-01 1.80975869736260936e-07 0
3.94736020877939631e-01 1.31085045899077606e-07 0
3.94735234858865247e-01 1.16083754523929811e-07 0
3.94736425854754269e-01 8.58706811710626937e-08 0
3.94735493884983524e-01 7.83732301478245178e-08 0
3.94736689752305192e-01 6.23627027986821940e-08 0
3.94735703582726916e-01 5.47103155468760056e-08 0
3.94736845167917849e-01 4.88311709135971475e-08 0
3.94735901120946919e-01 3.75573400701118611e-08 0
3.94736910830437937e-01 4.22503105251375482e-08 0
3.94736107466411135e-01 2.55345936438420675e-08 0
3.94736904115634946e-01 4.01260106171046771e-08 0
3.94736332042336435e-01 1.79918094661685284e-08 0
3.94736846982425948e-01 3.98394496079852588e-08 0
3.94736571777074163e-01 1.13965358215468443e-08 0
3.94736761252859503e-01 5.06255491992104409e-08 0
7.74629184462015452e-01 -3.02512469676348254e-02 0
7.15997546649560279e-01 -2.95325540278114779e-02 0
6.47383146444612922e-01 -3.21472490228917954e-02 0
5.78371977559786976e-01 -2.90856863489867036e-02 0
5.11443023425965815e-01 -2.61838431568605992e-02 0
4.47578924330610306e-01 -2.17122873903260252e-02 0
3.90675472446620986e-01 -1.81552647600698933e-02 0
3.38885469803861306e-01 -1.47580762932664009e-02 0
2.96893095285342246e-01 -1.23613814732998015e-02 0
2.60996036180650537e-01 -1.00241141437664976e-02 0
2.34735565476050345e-01 -7.69200505113637207e-03 0
2.13402911936986323e-01 -5.32147810056288889e-03 0
1.99810531402520031e-01 -3.26986848488027481e-03 0
1.89322590025210902e-01 -1.50536867431109805e-03 0
1.85063017296546423e-01 -1.27815682800115773e-04 0
1.82416375961675592e-01 7.74617263510468234e-04 0
1.84257264200369447e-01 1.45412291565218642e-03 0
1.86905820055608407e-01 1.97962500983244524e-03 0
1.91586837368800250e-01 2.38433248233554289e-03 0
1.96678884641102752e-01 2.44051989543396649e-03 0
2.02868252491948314e-01 2.48164325366895646e-03 0
2.08632815690029644e-01 2.48556439143315282e-03 0
2.14795940709130190e-01 2.34683921318835529e-03 0
2.20178795598505755e-01 2.13965619457995868e-03 0
2.25466704805774548e-01 1.92515931849682794e-03 0
2.29974212367297898e-01 1.68821757682048276e-03 0
2.34139703652951225e-01 1.46242233476636362e-03 0
2.37600801237306092e-01 1.24036538295993178e-03 0
2.40665308986958398e-01 1.04271114922097757e-03 0
2.43161864045092463e-01 8.63156278609310767e-04 0
2.45305670740673887e-01 7.11374281638134658e-04 0
2.47025127601219113e-01 5.77108123129560914e-04 0
2.48467735424178882e-01 4.68007411238700855e-04 0
2.49612869512990138e-01 3.74429524370295953e-04 0
2.50555460408459385e-01 2.99931015847080997e-04 0
2.51299360936670158e-01 2.37947567096349525e-04 0
2.51903258112644191e-01 1.89238486826767748e-04 0
2.52378997986220432e-01 1.49611459034302039e-04 0
2.52762094691060868e-01 1.18765909871259301e-04 0
2.53064611686259266e-01 9.40630537780506675e-05 0
2.53307648753625991e-01 7.49361717680321730e-05 0
2.53500865505140227e-01 5.97692097196098117e-05 0
2.53656570141984505e-01 4.80188265413281784e-05 0
2.53781664421898534e-01 3.87354249929694336e-05 0
2.53883240500794138e-01 3.14944550950422924e-05 0
2.53965902862152482e-01 2.57537458699257239e-05 0
2.54033728437715212e-01 2.12200727655284932e-05 0
2.54089660791941230e-01 1.75898718589756542e-05 0
2.54136071519288298e-01 1.46738564198008940e-05 0
2.54174798735205598e-01 1.23048302671184331e-05 0
2.54207256725146880e-01 1.03653604233304631e-05 0
2.54234585888525433e-01 8.76394643021195404e-06 0
2.54257666268751292e-01 7.42967726357684341e-06 0
2.54277210928671449e-01 6.31185846694907541e-06 0
2.54293797763786189e-01 5.36781674018131909e-06 0
2.54307881026454685e-01 4.56837081105723598e-06 0
2.54319861981154749e-01 3.88754070679213304e-06 0
2.54330036556867756e-01 3.30701216740964889e-06 0
2.54338696471877956e-01 2.81089683907562535e-06 0
2.54346040127167106e-01 2.38669748572465960e-06 0
2.54352284654949024e-01 2.02427683294108628e-06 0
2.54357569892576574e-01 1.71414659165530402e-06 0
2.54362051306147918e-01 1.45054883051950206e-06 0
2.54365845179882089e-01 1.22416814684459384e-06 0
2.54369036275179039e-01 1.03437126899935611e-06 0
2.54371762629445497e-01 8.69137804484111504e-07 0
2.54374002755988537e-01 7.35036963096961441e-07 0
2.54375984572421499e-01 6.13498476050244206e-07 0
2.54377510933810225e-01 5.22751330592856094e-07 0
2.54379001348078726e-01 4.30347016450664635e-07 0
2.54379971780562764e-01 3.75541225614724563e-07 0
2.54381183549437895e-01 2.97931243318538470e-07 0
2.54381675647538830e-01 2.61358832213367921e-07 0
2.54382778661259357e-01 2.08735844527031272e-07 0
2.54382820044346813e-01 1.62440194690185745e-07 0
2.54383844555918059e-01 1.53713509280567158e-07 0
2.54383600917385266e-01 1.28572172599322486e-07 0
2.54384634389472342e-01 1.04783874885878434e-07 0
2.54384131446527606e-01 1.01329470441482762e-07 0
2.54385271953414482e-01 7.26426201110017838e-08 0
2.54384483344904822e-01 6.45999905852417841e-08 0
2.54385705294931486e-01 4.22268296754430774e-08 0
2.54384688299292783e-01 4.08686802043954136e-08 0
2.54385988299667853e-01 2.70762898345472646e-08 0
2.54384828962428255e-01 2.75667499943919315e-08 0
2.54386163475066651e-01 2.01585130481810429e-08 0
2.54384958112519599e-01 1.91842530781656392e-08 0
2.54386250216008969e-01 1.66108242296062889e-08 0
2.54385103134854795e-01 1.27448033498929119e-08 0
2.54386257305318386e-01 1.51008362363218231e-08 0
2.54385279331532155e-01 8.60403589215574733e-09 0
2.54386196991664204e-01 1.49845004649960717e-08 0
2.54385491123869489e-01 6.36135509127537921e-09 0
2.54386086293062863e-01 1.56442056305155567e-08 0
2.54385731535007376e-01 4.57644176099960801e-09 0
2.54385944412315934e-01 2.78948000304338691e-08 0
2.83630674322739751e-01 1.23553480042218680e-03 0
2.56070122637308772e-01 -3.68424108721101141e-04 0
2.23994035932452512e-01 9.36540936641197790e-04 0
1.93576489878285796e-01 2.74984941074044357e-04 0
1.66432955257589860e-01 2.08885722294299854e-05 0
1.41247978476572666e-01 -8.55914247969835683e-04 0
1.21304485480913118e-01 -1.11033388768361804e-03 0
1.02750367128238651e-01 -1.09386894329740027e-03 0
8.95854055486951517e-02 -4.46014926202092400e-04 0
7.71922736686830452e-02 7.53014848379833762e-05 0
6.96517386734805677e-02 4.45307784383682393e-04 0
6.27659541245099012e-02 4.70864181590003325e-04 0
5.99007757106294267e-02 3.92750377190235458e-04 0
5.70819802884270575e-02 2.72946019003589703e-04 0
5.73827459186636787e-02 2.82588439990232466e-04 0
5.74570166234563834e-02 2.66795671529037356e-04 0
5.94157924020951508e-02 3.47482747732059461e-04 0
6.11208758886901266e-02 3.15173323153900855e-04 0
6.39572981251912004e-02 2.63515357967677012e-04 0
6.64668489247707966e-02 3.46479966854749001e-04 0
6.94930405883581598e-02 2.85881030992338615e-04 0
7.20406893603280224e-02 2.41362359133320072e-04 0
7.49167084941272376e-02 1.97253572631201100e-04 0
7.71574648018165804e-02 1.55175818744044612e-04 0
7.94840545457912717e-02 1.31754465067216169e-04 0
8.12913973696894054e-02 9.86571293074234935e-05 0
8.30421727877214549e-02 7.86014232164091987e-05 0
8.43863624355184888e-02 5.56068133395692878e-05 0
8.56239707266115702e-02 4.20791355753889635e-05 0
8.65639806870363848e-02 2.80978607393683458e-05 0
8.73997537547392955e-02 1.90385995662985457e-05 0
8.80295010038422976e-02 1.15593355007412030e-05 0
8.85730891211319871e-02 6.91061861190534208e-06 0
8.89817642259649738e-02 3.04601899360893993e-06 0
8.93257622454106393e-02 1.15022293009335380e-06 0
8.95850865527616780e-02 -5.84637710140868121e-07 0
8.97992098458528509e-02 -1.13306233224111084e-06 0
8.99617943649369672e-02 -1.69639209769203925e-06 0
9.00943313372250809e-02 -1.66431581296249737e-06 0
9.01961720070579426e-02 -1.68042070363289081e-06 0
9.02787060882643128e-02 -1.45391156539904642e-06 0
9.03431687565107167e-02 -1.27779703324217562e-06 0
9.03954729894910075e-02 -1.02593790510028379e-06 0
9.04371320649061949e-02 -8.29127146379972876e-07 0
9.04711659481217678e-02 -6.26792090036205762e-07 0
9.04988303018625512e-02 -4.70288428110779124e-07 0
9.05216657584532458e-02 -3.32722658473652285e-07 0
9.05405698419574217e-02 -2.28544578345413515e-07 0
9.05563495698436804e-02 -1.45882986838526155e-07 0
9.05695979222708170e-02 -8.58809035032385847e-08 0
9.05807640688842397e-02 -4.26348677524929314e-08 0
9.05902232786043732e-02 -1.30021957167747322e-08 0
9.05982511287807685e-02 5.76721511138524732e-09 0
9.06050801628112829e-02 1.72330140747302732e-08 0
9.06108994204993662e-02 2.25957754207742313e-08 0
9.06158514266662551e-02 2.46136921595781939e-08 0
9.06200785584864027e-02 2.36327679869816986e-08 0
9.06236672985944458e-02 2.15758452786486414e-08 0
9.06267308712558062e-02 1.85685578873705092e-08 0
9.06293217923202776e-02 1.53223098642393221e-08 0
9.06315308295880112e-02 1.22178652757025893e-08 0
9.06333926502802256e-02 9.15454809694238953e-09 0
9.06349728739834076e-02 6.89200670816521093e-09 0
9.06363083813701842e-02 4.26085831503338764e-09 0
9.06374229676063098e-02 3.30191754768537344e-09 0
9.06383890461078118e-02 7.44571725286465133e-10 0
9.06391513090877843e-02 1.46815105785985391e-09 0
9.06398741382871270e-02 -1.59816402053346792e-09 0
9.06403561472337999e-02 1.50466396312397302e-09 0
9.06409446995432577e-02 -3.55037336278767693e-09 0
9.06411804134187871e-02 1.87573847632189077e-09 0
9.06417324421918413e-02 -4.35166940740229490e-09 0
9.06417277012101091e-02 -3.64620269612095153e-09 0
9.06422939012857254e-02 -2.41337530856198185e-10 0
9.06420932530212636e-02 7.86915121153205769e-10 0
9.06426733568108101e-02 -4.19165714404910334e-09 0
9.06423357234710236e-02 -1.93029324802404270e-09 0
9.06429841739144898e-02 -2.25967777402680082e-09 0
9.06424818599111531e-02 3.52345295885123826e-09 0
9.06432514853073856e-02 -2.36246348327011826e-09 0
9.06425672410462874e-02 1.46309014883717825e-09 0
9.06434340794977228e-02 -3.53248394972873708e-09 0
9.06426003255977469e-02 5.66152745820529130e-10 0
9.06435523392308123e-02 -2.71187828726609195e-09 0
9.06426242020682699e-02 1.86433334056536743e-11 0
9.06436199916839797e-02 -1.25800511896008596e-09 0
9.06426638273079843e-02 -9.94381191211033941e-10 0
9.06436394921349836e-02 4.33532656299674595e-10 0
9.06427312192987500e-02 -2.65296900587455056e-09 0
9.06436102572804880e-02 2.61481341682247907e-09 0
9.06428325300179666e-02 -4.76817662829873148e-09 0
9.06435369990831047e-02 4.91854845232991308e-09 0
9.06429675191711415e-02 -7.02076749296693238e-09 0
9.06434290582361635e-02 6.79150689141502215e-09 0
9.06431289965381887e-02 -8.94501619771267047e-09 0
9.06432996155690229e-02 1.17491401804134565e-08 0
-9.53400188736656592e-03 6.92255830978772812e-03 0
-1.75138830779586196e-02 3.64439193553450997e-03 0
-3.68979863889076637e-02 6.16834772020174050e-03 0
-4.95375842741983749e-02 2.53944952064040150e-03 0
-5.94317546810535155e-02 3.14309430178316696e-03 0
-6.55490354576668682e-02 1.41518821348910959e-03 0
-6.52860684490478016e-02 1.09143818492562594e-03 0
-6.10560622363416280e-02 4.93917663692513864e-05 0
-4.86198133513532915e-02 -6.19551995300890836e-04 0
-3.34192563909668020e-02 -9.42909969626043541e-04 0
-1.29445408446380965e-02 -1.02327070849664390e-03 0
6.01788144750889376e-03 -1.13114107793104465e-03 0
2.65464731826627331e-02 -1.07813910964115389e-03 0
4.29162688597996000e-02 -9.55323714027711199e-04 0
5.83795704687622638e-02 -7.29937460315653163e-04 0
6.91469394175842633e-02 -4.97894510085041507e-04 0
7.84981946544398151e-02 -3.09691361751750259e-04 0
8.40321975437413188e-02 -1.27831156717839542e-04 0
8.86111206310876004e-02 -3.72438516596197759e-05 0
9.07184143292635026e-02 3.06017260620342874e-05 0
9.24476241660989184e-02 6.96152247941095862e-05 0
9.28068488319373497e-02 7.65248863858411645e-05 0
9.31741840551961464e-02 4.42755246537144946e-05 0
9.29067159322180258e-02 3.26253672801175607e-05 0
9.27565608337117820e-02 3.70174257786842637e-05 0
9.21737314500957611e-02 2.99355905577235090e-05 0
9.18595072126620754e-02 1.02047699781675925e-05 0
9.14532237822603400e-02 2.03478699854675218e-06 0
9.12151914686686188e-02 -5.51687702693584007e-06 0
9.09476902806014287e-02 -8.61421808282042742e-06 0
9.07989561017821939e-02 -1.27834888653077197e-05 0
9.06490224215956153e-02 -1.33646235972433312e-05 0
9.05754159132321213e-02 -1.47222403888910649e-05 0
9.05075494632646138e-02 -1.42024025000637544e-05 0
9.04846296853659970e-02 -1.39056473478032882e-05 0
9.04657798866611573e-02 -1.27257704460647471e-05 0
9.04706626507408851e-02 -1.19105497449386376e-05 0
9.04771002277030417e-02 -1.03226086886580237e-05 0
9.04932782409510333e-02 -9.10528965981122268e-06 0
9.05091154826295208e-02 -7.59753455059625685e-06 0
9.05278100981996708e-02 -6.46899253311279783e-06 0
9.05450453194619198e-02 -5.53334740619628236e-06 0
9.05617385463437230e-02 -4.53771803586402620e-06 0
9.05763575894432127e-02 -3.67665467180393156e-06 0
9.05893541971567046e-02 -3.00041161056150881e-06 0
9.06004405881901953e-02 -2.43285033528512016e-06 0
9.06097935751572631e-02 -1.96239632503888321e-06 0
9.06175596861449190e-02 -1.57749099393365750e-06 0
9.06238381146908800e-02 -1.26919823765424012e-06 0
9.06288729810775795e-02 -1.01377569832025011e-06 0
9.06328314459817763e-02 -8.10808231940551983e-07 0
9.06359154611684897e-02 -6.49032643896968810e-07 0
9.06382663017705481e-02 -5.20114891502078592e-07 0
9.06400364847071704e-02 -4.18907379308392525e-07 0
9.06413421097784083e-02 -3.35414115147907261e-07 0
9.06422822788931770e-02 -2.79380230292087657e-07 0
9.06429485766387932e-02 -2.27183856365201470e-07 0
9.06433892485194598e-02 -1.79819373758653907e-07 0
9.06436841249309150e-02 -1.50674236848511257e-07 0
9.06438570837014429e-02 -1.25130219893472306e-07 0
9.06439567100712357e-02 -1.04256300144176158e-07 0
9.06439891377628371e-02 -8.68099096027259162e-08 0
9.06439862226172677e-02 -7.43213206934993486e-08 0
9.06439638208714621e-02 -6.22649837675239496e-08 0
9.06439089311647100e-02 -5.29154345609890214e-08 0
9.06438802551018247e-02 -4.30579552913061215e-08 0
9.06437840430049657e-02 -3.85487461564581507e-08 0
9.06437919234526629e-02 -3.05601709779363686e-08 0
9.06436444352665821e-02 -2.83061825849288891e-08 0
9.06437240370366187e-02 -2.19613835634132031e-08 0
9.06434997148036214e-02 -1.87785470747160187e-08 0
9.06436877097169524e-02 -1.06619394283699048e-08 0
9.06433787315831380e-02 -1.58226256550197350e-08 0
9.06436687540054381e-02 -1.38429172596807457e-08 0
9.06432665472995253e-02 -1.12586077870966218e-08 0
9.06436720178418337e-02 -7.05176085406245844e-09 0
9.06431775041146304e-02 -8.76871316234913423e-09 0
9.06436963074183921e-02 -2.91374742898790577e-09 0
9.06430623093687216e-02 -6.60102334454979365e-09 0
9.06437251722145981e-02 -8.29380415778689809e-10 0
9.06429550668767098e-02 -5.29812292723413750e-09 0
9.06437602840384077e-02 -5.53380006056411827e-10 0
9.06428779635177623e-02 -4.27188433352453552e-09 0
9.06437929702774287e-02 -5.47283910979434931e-10 0
9.06428345061074670e-02 -2.66804932392286432e-09 0
9.06438038833411452e-02 -9.60633985975764470e-10 0
9.06428264380477883e-02 -5.52917929880530378e-10 0
9.06437798040041071e-02 -1.99928866938202298e-09 0
9.06428585029515621e-02 1.81183807638877258e-09 0
9.06437148153692446e-02 -3.69130369369076653e-09 0
9.06429312713970120e-02 4.55563005349602502e-09 0
9.06436062587301222e-02 -5.68492162884061814e-09 0
9.06430404442513105e-02 7.77900247054381104e-09 0
9.06434566766919220e-02 -6.91809498098871689e-09 0
9.06431728983156382e-02 1.24811351083011473e-08 0
9.06432658173837030e-02 -4.94942048228671736e-09 0
-2.52801419229958142e-02 6.54359168338112650e-03 0
-4.88073701921335965e-02 1.00253880741629324e-02 0
-8.76340147745887921e-02 9.76906763184816514e-03 0
-1.13972506472975035e-01 8.72115174900748268e-03 0
-1.29083387267022592e-01 4.81238571261523133e-03 0
-1.36776475808070092e-01 1.49790935458617137e-03 0
-1.27227335873033032e-01 -3.35808156918962356e-03 0
-1.09141286451852129e-01 -8.40801300048075670e-03 0
-7.59010779422319981e-02 -1.31957398804659586e-02 0
-3.77243946416740070e-02 -1.69270537553711242e-02 0
9.55283074391397556e-03 -1.86788441066607289e-02 0
5.40386793265966447e-02 -1.86474413391621852e-02 0
9.94017913408628134e-02 -1.73472974924536692e-02 0
1.37638282638685910e-01 -1.49931471818655210e-02 0
1.72437219452002216e-01 -1.23598589283954383e-02 0
1.98984732626706823e-01 -9.59088845973893843e-03 0
2.21005726703831284e-01 -7.10912385698983865e-03 0
2.36036549731606704e-01 -4.95372943717475693e-03 0
2.47441325197465423e-01 -3.28587216738799150e-03 0
2.54204211779577860e-01 -1.96920430953165075e-03 0
2.58856874749919308e-01 -1.09713641939797367e-03 0
2.60734018675635004e-01 -4.55916798635634191e-04 0
2.61912437324642255e-01 -8.13988769111781207e-05 0
2.61549546924297716e-01 1.64133656516591940e-04 0
2.61089751344164789e-01 3.39289258698404600e-04 0
2.59962023493856054e-01 4.10250950441154460e-04 0
2.59018003672292774e-01 3.56649931179006793e-04 0
2.58003450722611494e-01 3.14930818138012465e-04 0
2.57206778477996278e-01 2.62477351964187234e-04 0
2.56450167499147064e-01 2.13717447314994277e-04 0
2.55886631322281455e-01 1.64688065408173065e-04 0
2.55397450594513742e-01 1.23495536813249826e-04 0
2.55051767602884505e-01 8.69791265324278818e-05 0
2.54773695533791755e-01 5.87710215665936277e-05 0
2.54589207698536768e-01 3.56640112654105907e-05 0
2.54452543646410234e-01 1.93359354084678166e-05 0
2.54370478706607839e-01 6.74453561720019232e-06 0
2.54316340604357261e-01 -1.14370972398424547e-06 0
2.54291920396831628e-01 -6.63333618250091310e-06 0
2.54280712555547406e-01 -9.69569048900057079e-06 0
2.54284327358648976e-01 -1.13419384034329764e-05 0
2.54292462820223941e-01 -1.14335153187545486e-05 0
2.54305168293288530e-01 -1.10290563792879288e-05 0
2.54318817331793956e-01 -1.01133409627586014e-05 0
2.54332544166795294e-01 -8.99343611336690606e-06 0
2.54345282742366341e-01 -7.76535282746026107e-06 0
2.54356571176029000e-01 -6.57094730689226231e-06 0
2.54366205867821771e-01 -5.42637596738467324e-06 0
2.54374080172135253e-01 -4.37205624306033058e-06 0
2.54380334725379076e-01 -3.46940113221161642e-06 0
2.54385108222274947e-01 -2.70065779054581217e-06 0
2.54388635200102076e-01 -2.05897582772746470e-06 0
2.54391103407637875e-01 -1.53399470123688970e-06 0
2.54392724579125651e-01 -1.11254829304178741e-06 0
2.54393670801012439e-01 -7.83139244047334022e-07 0
2.54394118296776217e-01 -5.19536201862881981e-07 0
2.54394129090229404e-01 -3.23049687417020314e-07 0
2.54393905736441273e-01 -1.85006032786527259e-07 0
2.54393502315410691e-01 -8.08551239710294399e-08 0
2.54392979023567223e-01 -9.41811449420543483e-09 0
2.54392401278140889e-01 4.05426585253266158e-08 0
2.54391791532506018e-01 7.25082583138088186e-08 0
2.54391188282197866e-01 8.98101491945626137e-08 0
2.54390614850917074e-01 9.94375707895256921e-08 0
2.54390056633770623e-01 9.93451927491843916e-08 0
2.54389580767142520e-01 1.01048325483683891e-07 0
2.54389079889685177e-01 9.05186704314726132e-08 0
2.54388736744978305e-01 9.20786288211738791e-08 0
2.54388261132233839e-01 7.39557640170060077e-08 0
2.54388091207667588e-01 8.01720436932449392e-08 0
2.54387584761966212e-01 5.43356176789514859e-08 0
2.54387630881828086e-01 5.11251819357907283e-08 0
2.54387055017521124e-01 4.87449232825768179e-08 0
2.54387304852521590e-01 4.62679651874107577e-08 0
2.54386657841031205e-01 3.60901620315979946e-08 0
2.54387090074335576e-01 2.32737413762055880e-08 0
2.54386352305748464e-01 2.59661782470931654e-08 0
2.54386958080706771e-01 3.12849877052611628e-08 0
2.54386060370479172e-01 2.12114144311138332e-08 0
2.54386870385855723e-01 2.69400234255233287e-08 0
2.54385813904161595e-01 1.31290751473087278e-08 0
2.54386825088446622e-01 1.71202513749287623e-08 0
2.54385641195591927e-01 5.78688276952341938e-09 0
2.54386806182457792e-01 9.93901656804871702e-09 0
2.54385537416544460e-01 3.53020230570950414e-09 0
2.54386778035787686e-01 5.87765052048876583e-09 0
2.54385494924023903e-01 4.18862284819860084e-09 0
2.54386715463727708e-01 2.63504026827211627e-09 0
2.54385513177599942e-01 5.98450707853708628e-09 0
2.54386605362617868e-01 2.46269548508862375e-10 0
2.54385588383919448e-01 9.19579210983732815e-09 0
2.54386441393706808e-01 -1.26587998566269390e-09 0
2.54385711157519623e-01 1.35938485634759911e-08 0
2.54386223400709599e-01 -9.27411681248000005e-10 0
2.54385860502562455e-01 2.25346673360954598e-08 0
2.54385951514572162e-01 4.24551358512378210e-09 0
-3.02513067509860394e-02 4.41285982689715653e-02 0
-6.28339969474487336e-02 3.48416859722203154e-02 0
-1.05535045468443930e-01 3.89731985680714516e-02 0
-1.28230526012367424e-01 2.32476997942753574e-02 0
-1.37843930002072873e-01 1.47291060704863429e-02 0
-1.33383079908487773e-01 4.65695587129171743e-04 0
-1.09541530008485294e-01 -1.25993014079345596e-02 0
-7.45094845597454591e-02 -2.56285504876570917e-02 0
-2.33480419946148418e-02 -3.62377797195300028e-02 0
3.17697010529114018e-02 -4.36907194179684960e-02 0
9.30887581471157993e-02 -4.68313785597034016e-02 0
1.50152658563557750e-01 -4.60880176740940950e-02 0
2.05631827612949458e-01 -4.28181703506418099e-02 0
2.52948018361033256e-01 -3.75088762819350344e-02 0
2.94776238762360754e-01 -3.13526200037316655e-02 0
3.27706150398918483e-01 -2.48162730934598959e-02 0
3.54597031804688989e-01 -1.87932978985947442e-02 0
3.73865802232113853e-01 -1.33753461910907558e-02 0
3.88327661825456971e-01 -9.08766720124647848e-03 0
3.97487335022582267e-01 -5.70009246901021383e-03 0
4.03569248900011335e-01 -3.17055269206466522e-03 0
4.06603728209207371e-01 -1.47194077195938349e-03 0
4.08190527989468255e-01 -3.39939866087965816e-04 0
4.07708906441999031e-01 4.25776884039578681e-04 0
4.06946901292739804e-01 8.46506342716185308e-04 0
4.05458489873932848e-01 1.05383963685683831e-03 0
4.03986723296576145e-01 9.99167433914340463e-04 0
4.02444958201094216e-01 8.99869011316359389e-04 0
4.01085897487973020e-01 7.76799013561978039e-04 0
3.99818610500660920e-01 6.46465312180372520e-04 0
3.98771280599138522e-01 5.16607166017662598e-04 0
3.97863713676054054e-01 4.01031821301360352e-04 0
3.97145703077159129e-01 2.98594661869941457e-04 0
3.96555657146673790e-01 2.15263497549818121e-04 0
3.96104113604374808e-01 1.47251385085323536e-04 0
3.95748827062273045e-01 9.55814173925438864e-05 0
3.95484823960695397e-01 5.63135417810076787e-05 0
3.95284635784836302e-01 2.83888449980334315e-05 0
3.95140187015615596e-01 8.71013479138443219e-06 0
3.95034382113304661e-01 -4.24959247917506082e-06 0
3.94960047747377141e-01 -1.23672393550237403e-05 0
3.94907338306771605e-01 -1.61985801622223504e-05 0
3.94871190416532292e-01 -1.77897514949415541e-05 0
3.94846034738177587e-01 -1.75040342695220079e-05 0
3.94828738399489343e-01 -1.63039469226417008e-05 0
3.94816597340022279e-01 -1.45289605462167836e-05 0
3.94807847241095466e-01 -1.24799918950576515e-05 0
3.94801280548504885e-01 -1.03828850621680195e-05 0
3.94795946220111660e-01 -8.37453623541308640e-06 0
3.94791347519512614e-01 -6.56011229521027626e-06 0
3.94787164632321830e-01 -4.98956418045176643e-06 0
3.94783226100040574e-01 -3.66804471608439145e-06 0
3.94779428147429723e-01 -2.58419948020510605e-06 0
3.94775746334297684e-01 -1.71712267151621196e-06 0
3.94772186813162507e-01 -1.04553679742115193e-06 0
3.94768756455975423e-01 -5.18372074949229069e-07 0
3.94765497509954821e-01 -1.30226460676298573e-07 0
3.94762420653385904e-01 1.26415863274376065e-07 0
3.94759558727129756e-01 3.06577265189328766e-07 0
3.94756909003426582e-01 4.19794712705682176e-07 0
3.94754493198050782e-01 4.85649149790621236e-07 0
3.94752298092545306e-01 5.14583193909994847e-07 0
3.94750324990951862e-01 5.13067379945665536e-07 0
3.94748567213465573e-01 4.97240539200809457e-07 0
3.94746991906491651e-01 4.67001355778628292e-07 0
3.94745632251221112e-01 4.35732730671994384e-07 0
3.94744385539662346e-01 3.91951184953571182e-07 0
3.94743377625936032e-01 3.62874684033911140e-07 0
3.94742377776386155e-01 3.11067485914258856e-07 0
3.94741679674815327e-01 2.95467816134110359e-07 0
3.94740839315667058e-01 2.34763432987007102e-07 0
3.94740424049407790e-01 2.26002544440838194e-07 0
3.94739612888551639e-01 1.77469368753856250e-07 0
3.94739542590621717e-01 1.45829721544084172e-07 0
3.94738737440080090e-01 1.35682545497575637e-07 0
3.94738928463737537e-01 1.05359273933202266e-07 0
3.94738126453866411e-01 9.87630421020126008e-08 0
3.94738505069263168e-01 9.99639503916237888e-08 0
3.94737608646453797e-01 7.90916652290894642e-08 0
3.94738202883380740e-01 8.20711786293397934e-08 0
3.94737203653940882e-01 5.41480158580589317e-08 0
3.94738001017997220e-01 5.34206464496761452e-08 0
3.94736921248432016e-01 3.10015679398682938e-08 0
3.94737871474220403e-01 3.28306227463262454e-08 0
3.94736740054410395e-01 2.04490017213372452e-08 0
3.94737766989904038e-01 2.11514864000701828e-08 0
3.94736638956586394e-01 1.81907858618872034e-08 0
3.94737654978331853e-01 1.28216344668236616e-08 0
3.94736607947287210e-01 2.00139768995354329e-08 0
3.94737516440955005e-01 7.04270809897377428e-09 0
3.94736637028661574e-01 2.59101542283419321e-08 0
3.94737340372930345e-01 3.59075961276178012e-09 0
3.94736711987207223e-01 3.62373524735015970e-08 0
3.94737122481398806e-01 5.54425653355726054e-09 0
3.94736810463937826e-01 5.70062916166685973e-08 0
3.94736859485076808e-01 1.72705370917398763e-08 0
-4.16563697143172637e-02 5.28585152477036579e-02 0
-6.90349150099023867e-02 4.76306860372155833e-02 0
-9.34874864912565717e-02 4.21676898755185756e-02 0
-1.03756473179422395e-01 2.48775826952701493e-02 0
-8.99692329667789864e-02 7.15346433185784850e-03 0
-6.48985575234512779e-02 -1.26679042599744662e-02 0
-1.89471499884474905e-02 -3.29186773104499508e-02 0
3.32525408547388879e-02 -5.15602313840185580e-02 0
9.81076426051425976e-02 -6.63738314584498418e-02 0
1.62659906418140876e-01 -7.52138685957012137e-02 0
2.27611024766694203e-01 -7.78688950902130528e-02 0
2.86489224844817314e-01 -7.49773973423112083e-02 0
3.41105247649461985e-01 -6.87259919571451827e-02 0
3.86970443131307906e-01 -5.96159479453380325e-02 0
4.26455232258409422e-01 -4.97130430130885911e-02 0
4.57367177976783001e-01 -3.95458050971543087e-02 0
4.82284380282430369e-01 -3.01626671866373937e-02 0
5.00214163469042572e-01 -2.18556120455081215e-02 0
5.13536562599143709e-01 -1.50735724731958665e-02 0
5.22167724635453356e-01 -9.61927674567072608e-03 0
5.27885029102173831e-01 -5.63413652295805499e-03 0
5.30478791132491190e-01 -2.78893392862110271e-03 0
5.31563144844625080e-01 -6.20754609753498615e-04 0
5.30876711874895268e-01 7.71835114172364717e-04 0
5.29739699043684453e-01 1.47602765253838052e-03 0
5.27914301401636865e-01 1.87990622918468488e-03 0
5.26015657753402310e-01 1.87172528571535358e-03 0
5.24018027270297004e-01 1.75907299785732344e-03 0
5.22173265788869578e-01 1.58114170895383064e-03 0
5.20433996557409184e-01 1.36768977242498102e-03 0
5.18925278734607254e-01 1.14575379008457980e-03 0
5.17594011763762074e-01 9.34612698886272885e-04 0
5.16482616145017559e-01 7.43336298473061085e-04 0
5.15543145640609102e-01 5.78898774772925936e-04 0
5.14779180895841737e-01 4.40522022929000490e-04 0
5.14152652927499232e-01 3.28830469344889458e-04 0
5.13652951659178791e-01 2.39737881829461894e-04 0
5.13252060971806312e-01 1.71213333187367184e-04 0
5.12936612353515398e-01 1.19034073942793524e-04 0
5.12687215563521925e-01 8.05336755431120330e-05 0
5.12492088469114870e-01 5.25171244048070723e-05 0
5.12339089285219096e-01 3.31241876262611091e-05 0
5.12219660155632805e-01 1.98407090677006458e-05 0
5.12125872778425251e-01 1.12251054244621646e-05 0
5.12052117749896007e-01 5.85779119805502294e-06 0
5.11993562955698533e-01 2.76920966714940445e-06 0
5.11946729964360969e-01 1.16933456851459624e-06 0
5.11908903365026924e-01 5.89184026605885293e-07 0
5.11877980239965003e-01 6.47121923237480326e-07 0
5.11852425612643214e-01 9.66366268147096382e-07 0
5.11831033628554644e-01 1.39475768547768772e-06 0
5.11812943547561794e-01 1.83992680457180292e-06 0
5.11797487404939022e-01 2.22937190124165747e-06 0
5.11784179257667171e-01 2.52900882867813341e-06 0
5.11772645870208542e-01 2.72788526556099160e-06 0
5.11762596429972572e-01 2.83924480733828026e-06 0
5.11753841581054414e-01 2.85627073492042794e-06 0
5.11746169146779728e-01 2.79432139590481444e-06 0
5.11739455451065250e-01 2.68327115807789059e-06 0
5.11733575272818708e-01 2.53000003534333648e-06 0
5.11728440579137356e-01 2.35260691551175012e-06 0
5.11723956690790183e-01 2.16042068415024899e-06 0
5.11720051320961877e-01 1.96154908778330437e-06 0
5.11716658119225176e-01 1.76644150556623627e-06 0
5.11713703249462748e-01 1.57477635367625864e-06 0
5.11711168811482042e-01 1.40032644639251546e-06 0
5.11708937916199647e-01 1.22918286094746786e-06 0
5.11707079285657285e-01 1.08683673497853097e-06 0
5.11705384018734777e-01 9.38729178846539628e-07 0
5.11704060079579359e-01 8.31907736447511788e-07 0
5.11702748226009807e-01 7.05217518244387383e-07 0
5.11701844320582411e-01 6.38287182537817404e-07 0
5.11700774013381987e-01 5.21582951466585876e-07 0
5.11700228991470385e-01 4.55681035408442897e-07 0
5.11699233960892785e-01 3.76346817542249264e-07 0
5.11699106115518276e-01 2.92252703943762837e-07 0
5.11698190664811592e-01 2.75936779371903828e-07 0
5.11698332549878399e-01 2.53013316595231094e-07 0
5.11697423818219477e-01 2.09810144037736738e-07 0
5.11697792462723733e-01 1.94267231199781739e-07 0
5.11696841446955042e-01 1.46866615880690854e-07 0
5.11697420860425467e-01 1.30203672871339187e-07 0
5.11696434962856883e-01 9.35650059375662070e-08 0
5.11697167716266388e-01 8.48751241952992192e-08 0
5.11696160656120003e-01 6.40690114990264199e-08 0
5.11696975565335554e-01 5.76515176670679339e-08 0
5.11695987486723625e-01 4.97012519049980060e-08 0
5.11696805858851023e-01 3.95472349753565645e-08 0
5.11695896662736849e-01 4.41395854782256834e-08 0
5.11696633243708732e-01 2.76921511024306414e-08 0
5.11695873412632452e-01 4.61488605535746573e-08 0
5.11696443872677542e-01 2.16688772940396005e-08 0
5.11695900886763644e-01 5.54357175268910281e-08 0
5.11696229970225902e-01 2.36509202564159103e-08 0
5.11695959400295997e-01 7.87080393835800497e-08 0
5.11695991623098312e-01 3.68797651712060228e-08 0
-3.18634407514344700e-02 9.97525705913013677e-02 0
-4.43272436375719350e-02 6.07876660593639206e-02 0
-4.35041224400357293e-02 5.67246413978944805e-02 0
-2.29890463725522902e-02 2.14483209983872061e-02 0
1.33880416939800816e-02 -4.35576022262835084e-03 0
6.56113490631123480e-02 -3.50793480800125346e-02 0
1.29065628507062324e-01 -6.14685699226617116e-02 0
1.96416449203773574e-01 -8.41586677331181837e-02 0
2.67908318998260675e-01 -1.00827397399180133e-01 0
3.34410859707205854e-01 -1.08443367216629741e-01 0
3.96071141105912794e-01 -1.08671272586464016e-01 0
4.49471082517796772e-01 -1.02848018493499907e-01 0
4.96078561098030058e-01 -9.30019904624980881e-02 0
5.33241313535493422e-01 -8.02032558496198200e-02 0
5.63618091712001945e-01 -6.65053134106207422e-02 0
5.86463869290980711e-01 -5.27510715267174093e-02 0
6.04122762566294269e-01 -4.01799211080221749e-02 0
6.16184995704813110e-01 -2.90205997880097662e-02 0
6.24889500543094556e-01 -2.00362944552394222e-02 0
6.29824784971481200e-01 -1.28891791985878499e-02 0
6.32987960693525475e-01 -7.30697213093380558e-03 0
6.33282967312490452e-01 -3.32514393127312851e-03 0
6.32756513342101368e-01 -5.17684308470095088e-04 0
6.31191956251412001e-01 1.32120908463027723e-03 0
6.29232277589261368e-01 2.34145908489308404e-03 0
6.26788522751654753e-01 2.90602720302614087e-03 0
6.24340828691959726e-01 2.95495362701302762e-03 0
6.21858340816477617e-01 2.81472495325904787e-03 0
6.19561666572937764e-01 2.57305223613925977e-03 0
6.17410601681830040e-01 2.26608729845983450e-03 0
6.15511411594124813e-01 1.93866881435621804e-03 0
6.13820072380257931e-01 1.61963968790045597e-03 0
6.12373710835085294e-01 1.32477860393844177e-03 0
6.11129049737319741e-01 1.06527707737065968e-03 0
6.10087432537843588e-01 8.42637334344241234e-04 0
6.09212849838189352e-01 6.57614327286577989e-04 0
6.08492245340065074e-01 5.06485139909681483e-04 0
6.07897657433800420e-01 3.85890631136292215e-04 0
6.07413100384008198e-01 2.90952385015348842e-04 0
6.07017919627767188e-01 2.17542606177130801e-04 0
6.06697817473025536e-01 1.61536187338813238e-04 0
6.06438398756254937e-01 1.19717556834442385e-04 0
6.06228880154571104e-01 8.86715289603601649e-05 0
6.06059339551141552e-01 6.60864865898910510e-05 0
6.05922125370041420e-01 4.97334818754092240e-05 0
6.05810767514406434e-01 3.80511273795489918e-05 0
6.05720081451070147e-01 2.97641165424314992e-05 0
6.05645932456875702e-01 2.39188075699701486e-05 0
6.05585054844413828e-01 1.98044284920768446e-05 0
6.05534848469190701e-01 1.68652752725807870e-05 0
6.05493169980168000e-01 1.47103969016064242e-05 0
6.05458414621847352e-01 1.30729561803509544e-05 0
6.05429276920820936e-01 1.17700242106982833e-05 0
6.05404738266195674e-01 1.06816579086512387e-05 0
6.05383984740421099e-01 9.72673752606970779e-06 0
6.05366365526903594e-01 8.86873378944156840e-06 0
6.05351377553984937e-01 8.07006120485547650e-06 0
6.05338573381355882e-01 7.30867352219813487e-06 0
6.05327631817872747e-01 6.59423731481772894e-06 0
6.05318257964525652e-01 5.91923886341673434e-06 0
6.05310232023340222e-01 5.28893621387039523e-06 0
6.05303349737342788e-01 4.70238996571306790e-06 0
6.05297453213963221e-01 4.15931884885207439e-06 0
6.05292403361703757e-01 3.66440694624571792e-06 0
6.05288069635772086e-01 3.21215720944463303e-06 0
6.05284380543366751e-01 2.80959368553080720e-06 0
6.05281191675838159e-01 2.44201646725059236e-06 0
6.05278520932602260e-01 2.12686991135071498e-06 0
6.05276161594103468e-01 1.83243326218994140e-06 0
6.05274259706181095e-01 1.59574037047987607e-06 0
6.05272489772523459e-01 1.36118850215742340e-06 0
6.05271174137851586e-01 1.19005784008908182e-06 0
6.05269815643378339e-01 1.00858673051883087e-06 0
6.05268939670745354e-01 8.83480390102635623e-07 0
6.05267802144720202e-01 7.29251589927925006e-07 0
6.05267323549212866e-01 5.94015752138271899e-07 0
6.05266274298356888e-01 5.18847109639130099e-07 0
6.05266207910702958e-01 4.48269082113238387e-07 0
6.05265258902564884e-01 3.82896762810541260e-07 0
6.05265469718576088e-01 3.40463719264725070e-07 0
6.05264542589420640e-01 2.69548996174495443e-07 0
6.05264972001777646e-01 2.30281293777558590e-07 0
6.05264038825013451e-01 1.78622183572343840e-07 0
6.05264621318397866e-01 1.54621376596434285e-07 0
6.05263688503576591e-01 1.23947419706312322e-07 0
6.05264357531194341e-01 1.08059280367631832e-07 0
6.05263455733752842e-01 9.29748204967901366e-08 0
6.05264137893479215e-01 7.73317880107370616e-08 0
6.05263315776345956e-01 7.64387630063543495e-08 0
6.05263934684716731e-01 5.76669088926142253e-08 0
6.05263252801185425e-01 7.12405407895921571e-08 0
6.05263731554386175e-01 4.72875928656923968e-08 0
6.05263245480961554e-01 7.73109831096355650e-08 0
6.05263518943485401e-01 4.73909936371756427e-08 0
6.05263275763870956e-01 1.00685041429300141e-07 0
6.05263298092151625e-01 5.72128240337536287e-08 0
-3.06582609607695122e-02 9.06316316710754633e-02 0
-1.19888379216236251e-02 5.34197007185307701e-02 0
4.31477129789526875e-02 3.10348937110734302e-02 0
9.36135483210701336e-02 -3.52690494598187831e-03 0
1.67305005122430461e-01 -3.75100708469763150e-02 0
2.43262590748093643e-01 -7.05063055552614948e-02 0
3.23420918461778339e-01 -9.84812911981521877e-02 0
3.98193624034066940e-01 -1.21032314183395898e-01 0
4.68729208614739323e-01 -1.35424883602928980e-01 0
5.27761307452384809e-01 -1.39354105153211033e-01 0
5.77573442935932824e-01 -1.35411551299714966e-01 0
6.17736097714999377e-01 -1.25030936569129864e-01 0
6.49794425791285768e-01 -1.10605971649370832e-01 0
6.73080671586007262e-01 -9.34299798374724350e-02 0
6.90810162235734215e-01 -7.63092147023242962e-02 0
7.02286871993348494e-01 -5.98384270752197744e-02 0
7.10158981013488400e-01 -4.50046243211154468e-02 0
7.14144889066720134e-01 -3.22720180632390663e-02 0
7.16480233202011596e-01 -2.18759208355129194e-02 0
7.15974730280898863e-01 -1.36935399508770310e-02 0
7.14880074093793505e-01 -7.34785867663107807e-03 0
7.12637050486101264e-01 -2.69328088087035858e-03 0
7.10052657031892465e-01 4.36625175931102587e-04 0
7.07025752680321307e-01 2.52147656830859759e-03 0
7.03956499802125935e-01 3.68711871914541300e-03 0
7.00759495171820346e-01 4.31725508789939337e-03 0
6.97777486651423029e-01 4.34348192731652625e-03 0
6.94875065067415698e-01 4.14376327714630500e-03 0
6.92240113553685421e-01 3.80959204451341345e-03 0
6.89808825291508332e-01 3.39054172563690078e-03 0
6.87666511891332766e-01 2.94415416508636736e-03 0
6.85759605126822769e-01 2.50236319869592090e-03 0
6.84114120065123399e-01 2.09102733496684644e-03 0
6.82687585448434664e-01 1.72170860447968480e-03 0
6.81476837611232233e-01 1.40001552990635676e-03 0
6.80447558498342042e-01 1.12650033239310231e-03 0
6.79585459385080970e-01 8.98214079461719583e-04 0
6.78863270896958859e-01 7.10993271858595573e-04 0
6.78264351761609263e-01 5.59465670163420510e-04 0
6.77767876785702383e-01 4.38401188492033281e-04 0
6.77358771716562669e-01 3.42643623023671396e-04 0
6.77021986403515075e-01 2.67782623421195952e-04 0
6.76745628076717343e-01 2.09607616660323283e-04 0
6.76518897946130626e-01 1.64749617088035812e-04 0
6.76333079672571946e-01 1.30294042558698193e-04 0
6.76180666080248738e-01 1.03901030158550374e-04 0
6.76055550106543390e-01 8.36831754322107149e-05 0
6.75952691916682502e-01 6.81797738692324612e-05 0
6.75867957229430494e-01 5.62519411963257994e-05 0
6.75798017840652743e-01 4.69621979104016310e-05 0
6.75740117753094838e-01 3.96535041266052964e-05 0
6.75692059248911514e-01 3.38227835654186608e-05 0
6.75652046592366995e-01 2.90959563178364726e-05 0
6.75618638927701576e-01 2.51997782387229568e-05 0
6.75590669601106253e-01 2.19336661941894183e-05 0
6.75567186484957949e-01 1.91597794974500578e-05 0
6.75547440591867221e-01 1.67660255912446606e-05 0
6.75530783148684644e-01 1.46791357813643689e-05 0
6.75516716977052956e-01 1.28508944398648222e-05 0
6.75504811949597994e-01 1.12380011126345205e-05 0
6.75494733430003436e-01 9.81429046275762747e-06 0
6.75486186479511752e-01 8.55500481313898946e-06 0
6.75478938218558644e-01 7.44150227039271222e-06 0
6.75472788869982410e-01 6.46011273241250358e-06 0
6.75467561858355547e-01 5.59387600709192237e-06 0
6.75463142087330604e-01 4.83722963374293372e-06 0
6.75459361173432971e-01 4.16906484451134572e-06 0
6.75456200490276548e-01 3.59470264129734945e-06 0
6.75453448801680123e-01 3.08341755201623182e-06 0
6.75451214174033088e-01 2.65412169031988225e-06 0
6.75449187532137563e-01 2.26762042034018417e-06 0
6.75447638764376745e-01 1.95430152852993315e-06 0
6.75446108523865441e-01 1.66610745651925403e-06 0
6.75445073765926995e-01 1.43749505854575441e-06 0
6.75443877695745321e-01 1.21393299192022450e-06 0
6.75443223485249877e-01 1.02551679888651688e-06 0
6.75442139608741998e-01 8.66286991530379845e-07 0
6.75441907153103593e-01 7.28995834667848691e-07 0
6.75440925398063774e-01 6.11003457226613499e-07 0
6.75441061831887235e-01 5.22574385333683996e-07 0
6.75440167487730059e-01 4.23839994094795580e-07 0
6.75440520548168610e-01 3.58143166411103311e-07 0
6.75439629862481516e-01 2.88667508205763854e-07 0
6.75440130300739239e-01 2.46598350112765967e-07 0
6.75439247318534663e-01 2.03208993969245459e-07 0
6.75439835149267198e-01 1.74985565667139785e-07 0
6.75438987715521133e-01 1.50891654573929131e-07 0
6.75439594062578919e-01 1.27526585112511629e-07 0
6.75438824957847128e-01 1.19449576956472540e-07 0
6.75439379194523126e-01 9.49204725986632570e-08 0
6.75438743430978539e-01 1.04268094865424006e-07 0
6.75439175243424672e-01 7.68271847060334302e-08 0
6.75438722700029137e-01 1.04552436546936177e-07 0
6.75438972597486531e-01 7.14666414783404648e-08 0
6.75438747370215475e-01 1.24723568864909360e-07 0
6.75438777012746017e-01 7.48256074528166419e-08 0
3.28231115740722640e-02 1.21442607845461820e-01 0
9.87253746210109973e-02 2.38988303928120253e-02 0
1.90037715318042200e-01 4.45072519132094432e-03 0
2.87592261070443223e-01 -4.07069670751984275e-02 0
3.81912257405142674e-01 -7.88091365755160672e-02 0
4.71348059840952294e-01 -1.13175244354045454e-01 0
5.51090311490432860e-01 -1.38755056168550828e-01 0
6.19099112613282210e-01 -1.56809335234805836e-01 0
6.75165210424348627e-01 -1.65517672336678717e-01 0
7.16519450042916950e-01 -1.62856541706909358e-01 0
7.48496989251130174e-01 -1.53597626170348278e-01 0
7.69805551157499157e-01 -1.38962553447638637e-01 0
7.83896132406766588e-01 -1.20624043850057386e-01 0
7.90523552853932610e-01 -1.00722660540162878e-01 0
7.93757085035789234e-01 -8.10672178509764668e-02 0
7.92276814542279939e-01 -6.24388322188898226e-02 0
7.89803878919990043e-01 -4.60756422691087006e-02 0
7.85584411705613439e-01 -3.21957131062026516e-02 0
7.81095699045367020e-01 -2.09251872375650280e-02 0
7.75861542549171168e-01 -1.21027567785531240e-02 0
7.70781291962677195e-01 -5.61766477419363940e-03 0
7.65713002524166186e-01 -9.23538242017946272e-04 0
7.61015788438791141e-01 2.30429806379487279e-03 0
7.56433632615000850e-01 4.35754910626636946e-03 0
7.52274844836302470e-01 5.48580538730116928e-03 0
7.48430513734352432e-01 5.98709418910847464e-03 0
7.45045149703537080e-01 5.90380116411669958e-03 0
7.41891057191675252e-01 5.57786354547710680e-03 0
7.39125348757365352e-01 5.10979058756955325e-03 0
7.36641019614724502e-01 4.54858308628071188e-03 0
7.34485039080522761e-01 3.96508728549509019e-03 0
7.32587113248935107e-01 3.39319978831304631e-03 0
7.30959624726990831e-01 2.86124854831915207e-03 0
7.29551449833879651e-01 2.38229251136079035e-03 0
7.28355840703910240e-01 1.96259179029359410e-03 0
7.27336596088649090e-01 1.60223624187237428e-03 0
7.26478929984773258e-01 1.29839731780670735e-03 0
7.25756442869399332e-01 1.04574835469816254e-03 0
7.25153187169506719e-01 8.38391105578618835e-04 0
7.24649612393128195e-01 6.69867749718663116e-04 0
7.24231580776163675e-01 5.34257709567678598e-04 0
7.23884842372088833e-01 4.25986120415045336e-04 0
7.23598204395696887e-01 3.40034938908926536e-04 0
7.23361390680195893e-01 2.72167791932691053e-04 0
7.23166027051741267e-01 2.18713729978307556e-04 0
7.23004902600512533e-01 1.76691215758864828e-04 0
7.22872004556480707e-01 1.43654428547778675e-04 0
7.22762350098627659e-01 1.17634321542838530e-04 0
7.22671804948340823e-01 9.70744773406067245e-05 0
7.22596980784242060e-01 8.07313020097280408e-05 0
7.22535037774258870e-01 6.76439644948023731e-05 0
7.22483696075605475e-01 5.70723588494798876e-05 0
7.22441062792160915e-01 4.84492143004018291e-05 0
7.22405602430312377e-01 4.13454659546679413e-05 0
7.22376057968875718e-01 3.54316606932158557e-05 0
7.22351396022750891e-01 3.04661513101458629e-05 0
7.22330787269542474e-01 2.62568436561691396e-05 0
7.22313524396361095e-01 2.26583477172011650e-05 0
7.22299056708362919e-01 1.95693637321455198e-05 0
7.22286905416398839e-01 1.69021079340870340e-05 0
7.22276698910912285e-01 1.45946711529898984e-05 0
7.22268110089616666e-01 1.25927576707551772e-05 0
7.22260882727563946e-01 1.08542132773671312e-05 0
7.22254797079367461e-01 9.34560121819112866e-06 0
7.22249662630395917e-01 8.03502106000686255e-06 0
7.22245350547517928e-01 6.90161104882411602e-06 0
7.22241688214034894e-01 5.91673587999075226e-06 0
7.22238644346636982e-01 5.07162054471249177e-06 0
7.22236012466628940e-01 4.33503869938533888e-06 0
7.22233886828850702e-01 3.71063038426443584e-06 0
7.22231969184272460e-01 3.16466282968972380e-06 0
7.22230515964272235e-01 2.70804537972711651e-06 0
7.22229087807681358e-01 2.31237299393828789e-06 0
7.22228119417233194e-01 1.97007041601094773e-06 0
7.22226995444292030e-01 1.68283287379121552e-06 0
7.22226401195809387e-01 1.43283202105026005e-06 0
7.22225394087881112e-01 1.20723837694092140e-06 0
7.22225199167185306e-01 1.02368124281035703e-06 0
7.22224294244956710e-01 8.35876269077586110e-07 0
7.22224436491181399e-01 6.89825117828983521e-07 0
7.22223603745622778e-01 5.66853673243892238e-07 0
7.22223949346653793e-01 4.75234787944722106e-07 0
7.22223116819052158e-01 3.92455368500161985e-07 0
7.22223599600585353e-01 3.32162763610032912e-07 0
7.22222771441754841e-01 2.78313030152096718e-07 0
7.22223334487935298e-01 2.37967296015075695e-07 0
7.22222538681191906e-01 2.04711889574207905e-07 0
7.22223117471425313e-01 1.75668384113400928e-07 0
7.22222395961747088e-01 1.57430846172519302e-07 0
7.22222923392262683e-01 1.33022199167373491e-07 0
7.22222327378653550e-01 1.29473034567650222e-07 0
7.22222739781994583e-01 1.08745421432826547e-07 0
7.22222317844319783e-01 1.20190263853719896e-07 0
7.22222560459487517e-01 9.83215473269949746e-08 0
7.22222353119476690e-01 1.31330261486334362e-07 0
7.22222394126415201e-01 9.25375149021812393e-08 0
1.58796470511025883e-01 2.44613220127344148e-02 0
2.70671260546530790e-01 -2.51685515198233137e-02 0
4.24471391628785555e-01 -6.39005745516145196e-02 0
5.39186448980784827e-01 -9.93912813078378504e-02 0
6.40016712595943282e-01 -1.29683584426342063e-01 0
7.19933787781787071e-01 -1.55078698777666363e-01 0
7.84124473177567394e-01 -1.72480749119650695e-01 0
8.30487435581950928e-01 -1.83106914129626958e-01 0
8.61205566124160660e-01 -1.84179574552745445e-01 0
8.77407723342021550e-01 -1.76071478013408250e-01 0
8.85757166208166025e-01 -1.62066595540486164e-01 0
8.83110904891046267e-01 -1.42773859775098849e-01 0
8.77394509757770336e-01 -1.20964051543755668e-01 0
8.67717044381316138e-01 -9.84010123389277569e-02 0
8.56996406366468899e-01 -7.71752167174450665e-02 0
8.44898463562484991e-01 -5.78997534862162391e-02 0
8.33360065669105587e-01 -4.16431583679622436e-02 0
8.22008611802562683e-01 -2.79489509843098942e-02 0
8.11971074018734362e-01 -1.69991795346366992e-02 0
8.02838956839384554e-01 -8.56027843829929198e-03 0
7.94878438318127878e-01 -2.26085236342604256e-03 0
7.87723912533682791e-01 2.17145784380119158e-03 0
7.81679943427296409e-01 5.08769408658266750e-03 0
7.76326115642583581e-01 6.87924664953276123e-03 0
7.71800339180364836e-01 7.69732739623695678e-03 0
7.67903165182498904e-01 7.92461666613703160e-03 0
7.64663540642313566e-01 7.61946340131071723e-03 0
7.61762343856858926e-01 7.09904730615921672e-03 0
7.59322757810920845e-01 6.43875496906897663e-03 0
7.57192743667507440e-01 5.70923924246111419e-03 0
7.55399654096891915e-01 4.97379849140122503e-03 0
7.53848490805946070e-01 4.26429925935140671e-03 0
7.52539520315068988e-01 3.61096589675442056e-03 0
7.51417334074953369e-01 3.02341581633665517e-03 0
7.50471562437127093e-01 2.50881875497915722e-03 0
7.49667932023742822e-01 2.06512813614583967e-03 0
7.48993540581206485e-01 1.68916530526247010e-03 0
7.48425239108669649e-01 1.37414086276068628e-03 0
7.47950490704149984e-01 1.11345030456321188e-03 0
7.47553191034158737e-01 8.99466363242210640e-04 0
7.47222519605171054e-01 7.25404292712702732e-04 0
7.46947266908475682e-01 5.84684431740431303e-04 0
7.46718884149769169e-01 4.71578148723123393e-04 0
7.46529457288551024e-01 3.81001350545931373e-04 0
7.46372602165220278e-01 3.08695132651461157e-04 0
7.46242758057501177e-01 2.51031381717877009e-04 0
7.46135326829671097e-01 2.05061212291548524e-04 0
7.46046459368265413e-01 1.68362678276024835e-04 0
7.45972930501892839e-01 1.39003609191515115e-04 0
7.45912096670901748e-01 1.15402820078668768e-04 0
7.45861729379619476e-01 9.63407363478868423e-05 0
7.45820013413179383e-01 8.08489066565827873e-05 0
7.45785433932894426e-01 6.81731650244106669e-05 0
7.45756749740825065e-01 5.77285371704747141e-05 0
7.45732939378110693e-01 4.90578651248612022e-05 0
7.45713152976153926e-01 4.18132487062825118e-05 0
7.45696708802426445e-01 3.57166292131967111e-05 0
7.45683018746600257e-01 3.05570635136421121e-05 0
7.45671623417404006e-01 2.61709163160150746e-05 0
7.45662121856276228e-01 2.24257069287079273e-05 0
7.45654203770121371e-01 1.92199687854973536e-05 0
7.45647593847005297e-01 1.64687967606284136e-05 0
7.45642078663785735e-01 1.41050043104518161e-05 0
7.45637474239955744e-01 1.20727231770620072e-05 0
7.45633621751001230e-01 1.03246143223825043e-05 0
7.45630417255494282e-01 8.82320538862995040e-06 0
7.45627713254727542e-01 7.53163207730494819e-06 0
7.45625494844973757e-01 6.42637793404345343e-06 0
7.45623577390035264e-01 5.47545251583651803e-06 0
7.45622063584557848e-01 4.66292962292893421e-06 0
7.45620673231119135e-01 3.97197662724383481e-06 0
7.45619671647155369e-01 3.37691146504282535e-06 0
7.45618615867160162e-01 2.88863201620744457e-06 0
7.45617994769250947e-01 2.46131671612763190e-06 0
7.45617119922549532e-01 2.10029487666062522e-06 0
7.45616844541067358e-01 1.79691728568485898e-06 0
7.45616042496807352e-01 1.49831882345745719e-06 0
7.45616060041156103e-01 1.24934036989758054e-06 0
7.45615337141757761e-01 1.02246438741768152e-06 0
7.45615570737491851e-01 8.39772324039307485e-07 0
7.45614840632377929e-01 6.93947028061291895e-07 0
7.45615246908774010e-01 5.78976938285415028e-07 0
7.45614497851592950e-01 4.82411962520567404e-07 0
7.45615022449543696e-01 4.06278210679367567e-07 0
7.45614262182609622e-01 3.42897279945435739e-07 0
7.45614851775298959e-01 2.91780738099502773e-07 0
7.45614110675383523e-01 2.51572302986289301e-07 0
7.45614706116036086e-01 2.15408294954536384e-07 0
7.45614029511540988e-01 1.91964897694926115e-07 0
7.45614567133144224e-01 1.62402388798927199e-07 0
7.45614006038360810e-01 1.55402546051055307e-07 0
7.45614427942640212e-01 1.29751089412932281e-07 0
7.45614032000095239e-01 1.40352869573920316e-07 0
7.45614288426180161e-01 1.12958768472996636e-07 0
7.45614098848250140e-01 1.46663660320955084e-07 0
7.45614162979644779e-01 1.00825581878146963e-07 0
SCALARS velocity_magnitude double 1
LOOKUP_TABLE default
7.71770959697287484e-01
6.59304468322145065e-01
4.94091137510273948e-01
4.34565668375342939e-01
3.77758598547248803e-01
3.74885051576589856e-01
3.53933456315197181e-01
3.61759285288347943e-01
3.48954269141388274e-01
3.58819909053923414e-01
3.50185482241571200e-01
3.60626874403057018e-01
3.57502128650149575e-01
3.71711399598177117e-01
3.85969267630559887e-01
4.15893857031464531e-01
1.02574841923231030e+00
1.02778162182759925e+00
9.95904226493884104e-01
9.75883982082156654e-01
9.40152128990515701e-01
9.36427117096536477e-01
9.16802134259105728e-01
9.22789400361857415e-01
9.11341035821482626e-01
9.20351978719190722e-01
9.13639174877088456e-01
9.24759564802306255e-01
9.24972423208442640e-01
9.42742881759386697e-01
9.59152410510650810e-01
1.00879149102630317e+00
1.10493949871567843e+00
1.16998704985489277e+00
1.22784965828172155e+00
1.27542677873357735e+00
1.27625507963741236e+00
1.28626098574269720e+00
1.27695943134064627e+00
1.28474039145602936e+00
1.27765608742010883e+00
1.28557493865517380e+00
1.28115616741044036e+00
1.28981019600831748e+00
1.28981377080358639e+00
1.30098447764458647e+00
1.31057190708663862e+00
1.33257733074732232e+00
1.10178220214886902e+00
1.17408756535514103e+00
1.26451314427961425e+00
1.33922523235309643e+00
1.38514655698525035e+00
1.42464441755263471e+00
1.43488768557526281e+00
1.45307988019075829e+00
1.45128273731228008e+00
1.46097276926596131e+00
1.45788498016411783e+00
1.46574229078062812e+00
1.46244934147782457e+00
1.47137936428700544e+00
1.46704689225368679e+00
1.47533926663475690e+00
1.10177651548667654e+00
1.17408202807675055e+00
1.26451420080627597e+00
1.33921380424170788e+00
1.38503817649376537e+00
1.42450296455811798e+00
1.43453127987541706e+00
1.45240176380570896e+00
1.45013740682837766e+00
1.45899770554020103e+00
1.45483725076552206e+00
1.46033712256994797e+00
1.45434326029802641e+00
1.45624259903045283e+00
1.44642214219614940e+00
1.43436930417409214e+00
1.10493477744478663e+00
1.16997549146202129e+00
1.22780581025325986e+00
1.27536464575576347e+00
1.27597083286038315e+00
1.28558303316004841e+00
1.27568788835626123e+00
1.28248385155711708e+00
1.27395684417345700e+00
1.27966347002809444e+00
1.27111574911440983e+00
1.27366679525745452e+00
1.26394553962533940e+00
1.25867553745847904e+00
1.23853375878408101e+00
1.21587363181913255e+00
1.02573798560396590e+00
1.02773799625311635e+00
9.95817780115662687e-01
9.75615690811310277e-01
9.39803257891522525e-01
9.35316702411798540e-01
9.14801404493511550e-01
9.19364991286360844e-01
9.06022618581279304e-01
9.11790213055504006e-01
8.99369846047007315e-01
9.01310179138493761e-01
8.87693404105135420e-01
8.79927348712465807e-01
8.54102397097630694e-01
8.27209809035742150e-01
7.71762139230753319e-01
6.59282272887941612e-01
4.94079923779664476e-01
4.34379597367886783e-01
3.77485212182942786e-01
3.74438542692298482e-01
3.53158983467986354e-01
3.60213838720725266e-01
3.46569639713418420e-01
3.55153681737994387e-01
3.43306329601774374e-01
3.49644349487108930e-01
3.36261273902626001e-01
3.39853034628831208e-01
3.21302921854917878e-01
3.14314931565894518e-01
5.59007764598485668e-01
6.75938791595953603e-01
7.77679200447485619e-01
8.61835651424130322e-01
9.29178785550311970e-01
9.77027021478358737e-01
1.00672580035893877e+00
1.01892524939771323e+00
1.01480808627749464e+00
1.00160509627463390e+00
9.81914995725730932e-01
9.57112204539481537e-01
9.31069159073876995e-01
9.04740071377273969e-01
8.80406374091811106e-01
8.57873503648472258e-01
8.38254621666885358e-01
8.20894939053365524e-01
8.06478058732088332e-01
7.94355630870363316e-01
7.84712740834328626e-01
7.76833623778428461e-01
7.70676055904203516e-01
7.65590328588547031e-01
7.61694071694124397e-01
7.58601796909430748e-01
7.56177137811797628e-01
7.54151516314177761e-01
7.52578550634448007e-01
7.51282759306094672e-01
7.50264706157240058e-01
7.49422987125153872e-01
7.48754416275594026e-01
7.48199997746741841e-01
7.47753777241555340e-01
7.47383675188634800e-01
7.47082349686980285e-01
7.46832070585847885e-01
7.46626415445088010e-01
7.46455243049997885e-01
7.46313564322154899e-01
7.46195430530384174e-01
7.46097195037422778e-01
7.46015216105531564e-01
7.45946872442215136e-01
7.45889852406926179e-01
7.45842292194522249e-01
7.45802654566997125e-01
7.45769642942356370e-01
7.45742200524721066e-01
7.45719402793369679e-01
7.45700506133851082e-01
7.45684864824664673e-01
7.45671944152442867e-01
7.45661294228959992e-01
7.45652528751743593e-01
7.45645338084714338e-01
7.45639439901648937e-01
7.45634622590870988e-01
7.45630685195163068e-01
7.45627483089530085e-01
7.45624875511516572e-01
7.45622761545663648e-01
7.45621049874247599e-01
7.45619659305135629e-01
7.45618550517292422e-01
7.45617631119477653e-01
7.45616932048470682e-01
7.45616306219721747e-01
7.45615895268303297e-01
7.45615416430708167e-01
7.45615246471268200e-01
7.45614813735747561e-01
7.45614870168899269e-01
7.45614450448959798e-01
7.45614640306116683e-01
7.45614206153539127e-01
7.45614498865945996e-01
7.45614021089992307e-01
7.45614452452395216e-01
7.45613888426988169e-01
7.45614432461114029e-01
7.45613800069627963e-01
7.45614423771794654e-01
7.45613747504030866e-01
7.45614409071452044e-01
7.45613729017178595e-01
7.45614377394160033e-01
7.45613745874497025e-01
7.45614323104920262e-01
7.45613795284030378e-01
7.45614247951468134e-01
7.45613876444997992e-01
7.45614159278359945e-01
7.45613986309163645e-01
7.45614077685782140e-01
1.03763998750601893e+00
1.06150514783574001e+00
1.09989066891871423e+00
1.12557569854609474e+00
1.14770382536334803e+00
1.14797914673765566e+00
1.13894219609854419e+00
1.11686504011497889e+00
1.08555599759675858e+00
1.04758793144396001e+00
1.00672372907237850e+00
9.64214015104093436e-01
9.22124692457008233e-01
8.81616002877086413e-01
8.46148937821338043e-01
8.15833216693990004e-01
7.91787124858799207e-01
7.72589586817857943e-01
7.58118520840863286e-01
7.46994671900018781e-01
7.38787934526075718e-01
7.32648310867431984e-01
7.28376367078902409e-01
7.25313864474698033e-01
7.23410545314239317e-01
7.22076939917018157e-01
7.21311092265692233e-01
7.20775325993869620e-01
7.20627395441980845e-01
7.20547731053157392e-01
7.20632197338131442e-01
7.20742113716319133e-01
7.20900685665359364e-01
7.21060025330324761e-01
7.21224918327418307e-01
7.21374760862786402e-01
7.21513157961960361e-01
7.21632434625844921e-01
7.21736102148589964e-01
7.21822583566415599e-01
7.21894904114498082e-01
7.21953950435865188e-01
7.22002135223394736e-01
7.22040951869459158e-01
7.22072197458316523e-01
7.22097234060926185e-01
7.22117315392099668e-01
7.22133469678509443e-01
7.22146523865885626e-01
7.22157170140882876e-01
7.22165925427992739e-01
7.22173214883003678e-01
7.22179351587216911e-01
7.22184580020153954e-01
7.22189087009987185e-01
7.22193004062616772e-01
7.22196445777866458e-01
7.22199477195311523e-01
7.22202170017538392e-01
7.22204557727247898e-01
7.22206688462114887e-01
7.22208581028181085e-01
7.22210267425867691e-01
7.22211766693331980e-01
7.22213089936143304e-01
7.22214275867973599e-01
7.22215295973818172e-01
7.22216237897501112e-01
7.22216999705496132e-01
7.22217761852838591e-01
7.22218296614535515e-01
7.22218940450701563e-01
7.22219266724524411e-01
7.22219911772779777e-01
7.22219992372742148e-01
7.22220612900790759e-01
7.22220530207244971e-01
7.22221130388400745e-01
7.22220886553288421e-01
7.22221538579277622e-01
7.22221128412141367e-01
7.22221827194388322e-01
7.22221295524346218e-01
7.22222034418400605e-01
7.22221424392035294e-01
7.22222174212959200e-01
7.22221537110975476e-01
7.22222254232066430e-01
7.22221650719686914e-01
7.22222281973479818e-01
7.22221774401007099e-01
7.22222269135605610e-01
7.22221912770768082e-01
7.22222226879452367e-01
7.22222065262856594e-01
7.22222182817777503e-01
1.33093233286850565e+00
1.32409395514695105e+00
1.31245152076852900e+00
1.29553142807131483e+00
1.27044921086516882e+00
1.23549795390729411e+00
1.19257066752323593e+00
1.14138481225547972e+00
1.08395995676100410e+00
1.01968085519041929e+00
9.54458715186689122e-01
8.91920427929845161e-01
8.37582987614788665e-01
7.91260203050327515e-01
7.54250306120593517e-01
7.24885292217734234e-01
7.03059775127516051e-01
6.86797934030353052e-01
6.75492546760431911e-01
6.67616138814338345e-01
6.63014298700664417e-01
6.60192187713926293e-01
6.58997620128333406e-01
6.59061911389657751e-01
6.59749792713041128e-01
6.60754833630635252e-01
6.62078845494513346e-01
6.63438329531272797e-01
6.64879562739800534e-01
6.66235517212996342e-01
6.67533369076339533e-01
6.68692252290007949e-01
6.69742713342267204e-01
6.70651841560986561e-01
6.71446186806549439e-01
6.72119810149159558e-01
6.72693371803825158e-01
6.73172235614137859e-01
6.73572528449318919e-01
6.73902862211937959e-01
6.74175483192608671e-01
6.74398735609262001e-01
6.74581555190581272e-01
6.74730714362442363e-01
6.74852474032022198e-01
6.74951831418846515e-01
6.75033031183123744e-01
6.75099534029864334e-01
6.75154152484147119e-01
6.75199184081057724e-01
6.75236448287023894e-01
6.75267428255194480e-01
6.75293293597265754e-01
6.75314984865675538e-01
6.75333254813702100e-01
6.75348696847870689e-01
6.75361802407633660e-01
6.75372946671852992e-01
6.75382457737136011e-01
6.75390578638935146e-01
6.75397533612943857e-01
6.75403486203855929e-01
6.75408590405136788e-01
6.75412967067584580e-01
6.75416711727763852e-01
6.75419936519355502e-01
6.75422670370623979e-01
6.75425056892650422e-01
6.75427029052927286e-01
6.75428815552767681e-01
6.75430206277220613e-01
6.75431573424296827e-01
6.75432517800094279e-01
6.75433602645600928e-01
6.75434193798218674e-01
6.75435160790590516e-01
6.75435405233883901e-01
6.75436310287949371e-01
6.75436225142798885e-01
6.75437057707503508e-01
6.75436744165685887e-01
6.75437585942888385e-01
6.75437111893038233e-01
6.75437967007321283e-01
6.75437385185849282e-01
6.75438231034980130e-01
6.75437602411626314e-01
6.75438399711332349e-01
6.75437793560085931e-01
6.75438491715696365e-01
6.75437976745700386e-01
6.75438524335160051e-01
6.75438162737580061e-01
6.75438515448077537e-01
6.75438354277663633e-01
6.75438496295291402e-01
1.45490123413854877e+00
1.42248930230413051e+00
1.38579369458661894e+00
1.33796098634472260e+00
1.28122697554318687e+00
1.21259082015469910e+00
1.13526872245545496e+00
1.05026981079146275e+00
9.66364968647606570e-01
8.85894198191716997e-01
8.13690550814329727e-01
7.50370261052655363e-01
6.98548438609376543e-01
6.56698525218408768e-01
6.25232379486104328e-01
6.01604112575809813e-01
5.85396787051092327e-01
5.74151109968452089e-01
5.68078332345868353e-01
5.64546208954815998e-01
5.64778803042045308e-01
5.65835412766859336e-01
5.68290900244290631e-01
5.71274148536327409e-01
5.74730056823608004e-01
5.78155830686570060e-01
5.81598643746816912e-01
5.84766387903902674e-01
5.87729576938202714e-01
5.90352778068210515e-01
5.92711632565599111e-01
5.94744536166875504e-01
5.96513672309512688e-01
5.98008454995985095e-01
5.99278018226766740e-01
6.00334667695901936e-01
6.01216795171265805e-01
6.01942906094586339e-01
6.02541671554420843e-01
6.03030895003778933e-01
6.03431114177503281e-01
6.03756856932693542e-01
6.04022342950956248e-01
6.04238345887084694e-01
6.04414427604547777e-01
6.04558099121674131e-01
6.04675638868482301e-01
6.04772073765254325e-01
6.04851458052454993e-01
6.04917063690338264e-01
6.04971484086798905e-01
6.05016813133797626e-01
6.05054710106149196e-01
6.05086508466463058e-01
6.05113280563349787e-01
6.05135879662839327e-01
6.05155012842459650e-01
6.05171232832665829e-01
6.05185016795046549e-01
6.05196731898192342e-01
6.05206708426987205e-01
6.05215197798237958e-01
6.05222429968326203e-01
6.05228589804604700e-01
6.05233825895713728e-01
6.05238299616094877e-01
6.05242073073401943e-01
6.05245332260300195e-01
6.05248024883236591e-01
6.05250421753318335e-01
6.05252307255722766e-01
6.05254102678638106e-01
6.05255375300186582e-01
6.05256752820914512e-01
6.05257579528472811e-01
6.05258754362918205e-01
6.05259175760031187e-01
6.05260278297557908e-01
6.05260242031688600e-01
6.05261206677363162e-01
6.05260907778704782e-01
6.05261866276223470e-01
6.05261379130482391e-01
6.05262338744122830e-01
6.05261723879421343e-01
6.05262664428119934e-01
6.05261992241155400e-01
6.05262874617859992e-01
6.05262223239967478e-01
6.05262995493363820e-01
6.05262439134157781e-01
6.05263043269923084e-01
6.05262653426580921e-01
6.05263044590952815e-01
6.05262869567290696e-01
6.05263026777159041e-01
1.40148039240304656e+00
1.35411921176869976e+00
1.29011864547071675e+00
1.21301040395365933e+00
1.12634711207287341e+00
1.03475253637206110e+00
9.42630582677601803e-01
8.51776516111418913e-01
7.68081898635995963e-01
6.92731466490758785e-01
6.29153575449433511e-01
5.75799968959408326e-01
5.33975089788155666e-01
5.01125433520325680e-01
4.77991541300798239e-01
4.61706915449804578e-01
4.52461978635221529e-01
4.46868418941655909e-01
4.46949481717231978e-01
4.48243211291531496e-01
4.51884797242728786e-01
4.56375403019591730e-01
4.61794310068768699e-01
4.67139042963079842e-01
4.72666571024176141e-01
4.77814927506886644e-01
4.82698288948095189e-01
4.87031902184212884e-01
4.90945019418143780e-01
4.94318193932823113e-01
4.97266423520154599e-01
4.99752733425004037e-01
5.01873960211147052e-01
5.03633688963486703e-01
5.05105415660610624e-01
5.06311727183194282e-01
5.07305807734559577e-01
5.08113877521876645e-01
5.08773295431043326e-01
5.09306836244576622e-01
5.09739945960763330e-01
5.10090038158964698e-01
5.10373947655935134e-01
5.10604023044643696e-01
5.10791134046308715e-01
5.10943608308577213e-01
5.11068344114412043e-01
5.11170767004673898e-01
5.11255218014480595e-01
5.11325159096380877e-01
5.11383315902345426e-01
5.11431878164471665e-01
5.11472574198307495e-01
5.11506791880959710e-01
5.11535648245159624e-01
5.11560033873547093e-01
5.11580690615827116e-01
5.11598200642656264e-01
5.11613071819442045e-01
5.11625694896490235e-01
5.11636426436550384e-01
5.11645537725353816e-01
5.11653279455666077e-01
5.11659854200197661e-01
5.11665423655228935e-01
5.11670167746623883e-01
5.11674150910695902e-01
5.11677584534546592e-01
5.11680401017937325e-01
5.11682912703219639e-01
5.11684861752434217e-01
5.11686738670736552e-01
5.11688037395223061e-01
5.11689484318955778e-01
5.11690292280971293e-01
5.11691551076605133e-01
5.11691877210617263e-01
5.11693031231393536e-01
5.11692943175585002e-01
5.11694005295536214e-01
5.11693630106232145e-01
5.11694690204288483e-01
5.11694102612814339e-01
5.11695168505536091e-01
5.11694440340596302e-01
5.11695491822791282e-01
5.11694703222188019e-01
5.11695696052246962e-01
5.11694933640280292e-01
5.11695806405577547e-01
5.11695155034979421e-01
5.11695841380611305e-01
5.11695381155647944e-01
5.11695826359450434e-01
5.11695614135593946e-01
5.11695787512380873e-01
1.16671390750730164e+00
1.10292843076476577e+00
1.02536812609603367e+00
9.38606382016421437e-01
8.49549439350684610e-01
7.60866522693011249e-01
6.78302539426508311e-01
6.01454000118003762e-01
5.34487942741029509e-01
4.75223672325600033e-01
4.27365007533533237e-01
3.88362177637489592e-01
3.60258888790979392e-01
3.39296995736180607e-01
3.26605292685228144e-01
3.18280240789662938e-01
3.16030808989116341e-01
3.16227506708811112e-01
3.19589452691652010e-01
3.24222048462073642e-01
3.30197534658115244e-01
3.36488432649745650e-01
3.43420097586004613e-01
3.49838201042528274e-01
3.56150006566677946e-01
3.61773109180008823e-01
3.66982585381964488e-01
3.71470793280151701e-01
3.75451727521198930e-01
3.78795471541101714e-01
3.81675252690794664e-01
3.84050609296035572e-01
3.86048512647831077e-01
3.87674624245187061e-01
3.89017531313812004e-01
3.90100055525838096e-01
3.90982501425341467e-01
3.91689786919254712e-01
3.92261732055154910e-01
3.92719391744948576e-01
3.93088310504115468e-01
3.93384217656650326e-01
3.93623119585485792e-01
3.93815908306945184e-01
3.93972433003204892e-01
3.94099869554408844e-01
3.94204214194400826e-01
3.94290047310125347e-01
3.94361016218311655e-01
3.94419993478393627e-01
3.94469218838513824e-01
3.94510485510678022e-01
3.94545199078029429e-01
3.94574488736995910e-01
3.94599265821689860e-01
3.94620254886443478e-01
3.94638070248114148e-01
3.94653188197528815e-01
3.94666038353481408e-01
3.94676943196702379e-01
3.94686211457405733e-01
3.94694069795439584e-01
3.94700737769867027e-01
3.94706390599696422e-01
3.94711164462421105e-01
3.94715229152714120e-01
3.94718617750216383e-01
3.94721554613588210e-01
3.94723921064263017e-01
3.94726078125960778e-01
3.94727678262846549e-01
3.94729318015949182e-01
3.94730330097790738e-01
3.94731673397313187e-01
3.94732173153364341e-01
3.94733390234580206e-01
3.94733429912764167e-01
3.94734543101362578e-01
3.94734285209914326e-01
3.94735418165953755e-01
3.94734862440158596e-01
3.94736020877961391e-01
3.94735234858882345e-01
3.94736425854763651e-01
3.94735493884991295e-01
3.94736689752310077e-01
3.94735703582730690e-01
3.94736845167920847e-01
3.94735901120948696e-01
3.94736910830440213e-01
3.94736107466411967e-01
3.94736904115637000e-01
3.94736332042336824e-01
3.94736846982427947e-01
3.94736571777074330e-01
3.94736761252862722e-01
7.75219653623012817e-01
7.16606348391915060e-01
6.48180826560202261e-01
5.79102859237295098e-01
5.12112838985272933e-01
4.48105252065478799e-01
3.91097095885278523e-01
3.39206666296612835e-01
2.97150321857540256e-01
2.61188464075997606e-01
2.34861560586375695e-01
2.13469250601485694e-01
1.99837285057783587e-01
1.89328574781250814e-01
1.85063061435151388e-01
1.82418020630902317e-01
1.84263001940320525e-01
1.86916303424391056e-01
1.91601673516609561e-01
1.96694025839699083e-01
2.02883430625508149e-01
2.08647621153690233e-01
2.14808760993151160e-01
2.20189191741646528e-01
2.25474923693025964e-01
2.29980408801588376e-01
2.34144270708845331e-01
2.37604038801728035e-01
2.40667567811553851e-01
2.43163396021369410e-01
2.45306702213576894e-01
2.47025801729666206e-01
2.48468176187126077e-01
2.49613150342640727e-01
2.50555639926762219e-01
2.51299473589228828e-01
2.51903329193899961e-01
2.52379042331405401e-01
2.52762122593465699e-01
2.53064629167679744e-01
2.53307659837834764e-01
2.53500872551187917e-01
2.53656574687121439e-01
2.53781667378048137e-01
2.53883242454252533e-01
2.53965904167948675e-01
2.54033729323998092e-01
2.54089661400788480e-01
2.54136071942923703e-01
2.54174799033049570e-01
2.54207256936471893e-01
2.54234586039580324e-01
2.54257666377302793e-01
2.54277211007010284e-01
2.54293797820440037e-01
2.54307881067487640e-01
2.54319862010867259e-01
2.54330036578368002e-01
2.54338696487410643e-01
2.54346040138365093e-01
2.54352284663004191e-01
2.54357569898352509e-01
2.54362051310283943e-01
2.54365845182827843e-01
2.54369036277282135e-01
2.54371762630930309e-01
2.54374002757050521e-01
2.54375984573161296e-01
2.54377510934347351e-01
2.54379001348442768e-01
2.54379971780839986e-01
2.54381183549612366e-01
2.54381675647673111e-01
2.54382778661345010e-01
2.54382820044398661e-01
2.54383844555964522e-01
2.54383600917417740e-01
2.54384634389493935e-01
2.54384131446547757e-01
2.54385271953424863e-01
2.54384483344913037e-01
2.54385705294934983e-01
2.54384688299296058e-01
2.54385988299669297e-01
2.54384828962429754e-01
2.54386163475067428e-01
2.54384958112520321e-01
2.54386250216009524e-01
2.54385103134855128e-01
2.54386257305318830e-01
2.54385279331532266e-01
2.54386196991664648e-01
2.54385491123869545e-01
2.54386086293063363e-01
2.54385731535007431e-01
2.54385944412317433e-01
2.83633365390983438e-01
2.56070387674581068e-01
2.23995993808449229e-01
1.93576685193015685e-01
1.66432956568425355e-01
1.41250571725987040e-01
1.21309566972812158e-01
1.02756189566628714e-01
8.95865158192826194e-02
7.71923103971793034e-02
6.96531621626876318e-02
6.27677202886769287e-02
5.99020632665846972e-02
5.70826328507862829e-02
5.73834417353327533e-02
5.74576360390722102e-02
5.94168084890869877e-02
6.11216884880014591e-02
6.39578409877824966e-02
6.64677519881313322e-02
6.94936286157161048e-02
7.20410936847830363e-02
7.49169681752134969e-02
7.71576208431693916e-02
7.94841637452227828e-02
8.12914572359599713e-02
8.30422099867863528e-02
8.43863807567096363e-02
8.56239810663186052e-02
8.65639852471880300e-02
8.73997558283622356e-02
8.80295017627824028e-02
8.85730893907209216e-02
8.89817642781005474e-02
8.93257622528161876e-02
8.95850865546693603e-02
8.97992098530011884e-02
8.99617943809312426e-02
9.00943313525975620e-02
9.01961720227116848e-02
9.02787060999717256e-02
9.03431687655471827e-02
9.03954729953129199e-02
9.04371320687069186e-02
9.04711659502930032e-02
9.04988303030845043e-02
9.05216657590647289e-02
9.05405698422458716e-02
9.05563495699611837e-02
9.05695979223115344e-02
9.05807640688942733e-02
9.05902232786053030e-02
9.05982511287809489e-02
9.06050801628129204e-02
9.06108994205021834e-02
9.06158514266695997e-02
9.06200785584894836e-02
9.06236672985970132e-02
9.06267308712577213e-02
9.06293217923215683e-02
9.06315308295888300e-02
9.06333926502806836e-02
9.06349728739836713e-02
9.06363083813702813e-02
9.06374229676063653e-02
9.06383890461078118e-02
9.06391513090877982e-02
9.06398741382871409e-02
9.06403561472338137e-02
9.06409446995433271e-02
9.06411804134188009e-02
9.06417324421919524e-02
9.06417277012101785e-02
9.06422939012857254e-02
9.06420932530212636e-02
9.06426733568109072e-02
9.06423357234710375e-02
9.06429841739145176e-02
9.06424818599112225e-02
9.06432514853074134e-02
9.06425672410463013e-02
9.06434340794977922e-02
9.06426003255977469e-02
9.06435523392308540e-02
9.06426242020682699e-02
9.06436199916839935e-02
9.06426638273079982e-02
9.06436394921349836e-02
9.06427312192987916e-02
9.06436102572805297e-02
9.06428325300180915e-02
9.06435369990832435e-02
9.06429675191714190e-02
9.06434290582364133e-02
9.06431289965386189e-02
9.06432996155698001e-02
1.17821477473642466e-02
1.78890383488938334e-02
3.74100242335304173e-02
4.96026315792941278e-02
5.95148091340199845e-02
6.55643104677389871e-02
6.52951910238822181e-02
6.10560822142610718e-02
4.86237606011229173e-02
3.34325556447005040e-02
1.29849228192304329e-02
6.12326524449616997e-03
2.65683575400808211e-02
4.29269003801251506e-02
5.83841336050570439e-02
6.91487319461625422e-02
7.84988055498035409e-02
8.40322947731108466e-02
8.86111284580082814e-02
9.07184194906500707e-02
9.24476503770420288e-02
9.28068803816414628e-02
9.31741945748588291e-02
9.29067216606228319e-02
9.27565682201960534e-02
9.21737363112397345e-02
9.18595077794914366e-02
9.14532238048968160e-02
9.12151916355044834e-02
9.09476906885543640e-02
9.07989570016691089e-02
9.06490234067864054e-02
9.05754171097177124e-02
9.05075505775818079e-02
9.04846307538735850e-02
9.04657807817246529e-02
9.04706634347585414e-02
9.04771008165606017e-02
9.04932786990309129e-02
9.05091158015064179e-02
9.05278103293323116e-02
9.05450454885376177e-02
9.05617386600279656e-02
9.05763576640641749e-02
9.05893542468450552e-02
9.06004406208542751e-02
9.06097935964077228e-02
9.06175596998755883e-02
9.06238381235785206e-02
9.06288729867476273e-02
9.06328314496085558e-02
9.06359154634923114e-02
9.06382663032628544e-02
9.06400364856751878e-02
9.06413421103989952e-02
9.06422822793237354e-02
9.06429485769235099e-02
9.06433892486978171e-02
9.06436841250561343e-02
9.06438570837878044e-02
9.06439567101311877e-02
9.06439891378044010e-02
9.06439862226477294e-02
9.06439638208928478e-02
9.06439089311801560e-02
9.06438802551120526e-02
9.06437840430131675e-02
9.06437919234578116e-02
9.06436444352709952e-02
9.06437240370392833e-02
9.06434997148055643e-02
9.06436877097175908e-02
9.06433787315845119e-02
9.06436687540064928e-02
9.06432665473002191e-02
9.06436720178421113e-02
9.06431775041150606e-02
9.06436963074184476e-02
9.06430623093689714e-02
9.06437251722145981e-02
9.06429550668768624e-02
9.06437602840384077e-02
9.06428779635178594e-02
9.06437929702774287e-02
9.06428345061075086e-02
9.06438038833411591e-02
9.06428264380477883e-02
9.06437798040041209e-02
9.06428585029515760e-02
9.06437148153693278e-02
9.06429312713971369e-02
9.06436062587303026e-02
9.06430404442516435e-02
9.06434566766921856e-02
9.06431728983164986e-02
9.06432658173838418e-02
2.61132948469859905e-02
4.98263764597581330e-02
8.81768406550635653e-02
1.14305689795222154e-01
1.29173061915304616e-01
1.36784677749045208e-01
1.27271645330666205e-01
1.09464675082793228e-01
7.70396078896154329e-02
4.13479757656645894e-02
2.09798901899605345e-02
5.71656009489993761e-02
1.00904136942268727e-01
1.38452487554914905e-01
1.72879613503350377e-01
1.99215734719848769e-01
2.21120037260087721e-01
2.36088526287361072e-01
2.47463141440050133e-01
2.54211838929836509e-01
2.58859199785555605e-01
2.60734417281021147e-01
2.61912449973482231e-01
2.61549598424777985e-01
2.61089971799299214e-01
2.59962347206018463e-01
2.59018249213358143e-01
2.58003642932023769e-01
2.57206912405925359e-01
2.56450256551807476e-01
2.55886684318711866e-01
2.55397480452185910e-01
2.55051782433929008e-01
2.54773702312421135e-01
2.54589210196525029e-01
2.54452544381082391e-01
2.54370478796022204e-01
2.54316340606929037e-01
2.54291920483348644e-01
2.54280712740395098e-01
2.54284327611593308e-01
2.54292463077261222e-01
2.54305168532450165e-01
2.54318817532879493e-01
2.54332544325803434e-01
2.54345282860907407e-01
2.54356571260904663e-01
2.54366205925702027e-01
2.54374080209707643e-01
2.54380334749038040e-01
2.54385108236610591e-01
2.54388635208434577e-01
2.54391103412262953e-01
2.54392724581558427e-01
2.54393670802217864e-01
2.54394118297306737e-01
2.54394129090434518e-01
2.54393905736508497e-01
2.54393502315423570e-01
2.54392979023567389e-01
2.54392401278144109e-01
2.54391791532516343e-01
2.54391188282213687e-01
2.54390614850936503e-01
2.54390056633789996e-01
2.54389580767162615e-01
2.54389079889701275e-01
2.54388736744994959e-01
2.54388261132244609e-01
2.54388091207680245e-01
2.54387584761972041e-01
2.54387630881833249e-01
2.54387055017525787e-01
2.54387304852525808e-01
2.54386657841033759e-01
2.54387090074336630e-01
2.54386352305749797e-01
2.54386958080708714e-01
2.54386060370480060e-01
2.54386870385857111e-01
2.54385813904161928e-01
2.54386825088447177e-01
2.54385641195591983e-01
2.54386806182457959e-01
2.54385537416544460e-01
2.54386778035787742e-01
2.54385494924023903e-01
2.54386715463727764e-01
2.54385513177599998e-01
2.54386605362617868e-01
2.54385588383919614e-01
2.54386441393706808e-01
2.54385711157519956e-01
2.54386223400709599e-01
2.54385860502563454e-01
2.54385951514572217e-01
5.35021003823825045e-02
7.18474373501157698e-02
1.12501360119124136e-01
1.30320847707238258e-01
1.38628624764339375e-01
1.33383892874116949e-01
1.10263725642515215e-01
7.87939457665202542e-02
4.31080937178098603e-02
5.40203005198139283e-02
1.04205061830865323e-01
1.57066629959491916e-01
2.10042481987854884e-01
2.55713933513031566e-01
2.96438893736943210e-01
3.28644440725121278e-01
3.55094695835633356e-01
3.74104982544196496e-01
3.88433982336750638e-01
3.97528203474306729e-01
4.03581703081411336e-01
4.06606392477126599e-01
4.08190669539901907e-01
4.07709128764718320e-01
4.06947781717447332e-01
4.05459859405133127e-01
4.03987958899105548e-01
4.02445964255722155e-01
4.01086649716043575e-01
3.99819133134069804e-01
3.98771615230624044e-01
3.97863915788580658e-01
3.97145815326591545e-01
3.96555715572734724e-01
3.96104140974665786e-01
3.95748838604704278e-01
3.95484827969970587e-01
3.95284636804261846e-01
3.95140187111615027e-01
3.95034382136162210e-01
3.94960047941002534e-01
3.94907338638993854e-01
3.94871190817264572e-01
3.94846035126165784e-01
3.94828738736114626e-01
3.94816597607349828e-01
3.94807847438343573e-01
3.94801280685034728e-01
3.94795946308933277e-01
3.94791347574016183e-01
3.94787164663852441e-01
3.94783226117080999e-01
3.94779428155887735e-01
3.94775746338032085e-01
3.94772186814547066e-01
3.94768756456315761e-01
3.94765497509976304e-01
3.94762420653406165e-01
3.94759558727248772e-01
3.94756909003649792e-01
3.94754493198349543e-01
3.94752298092880705e-01
3.94750324991285262e-01
3.94748567213778767e-01
3.94746991906767930e-01
3.94745632251461587e-01
3.94744385539856968e-01
3.94743377626102843e-01
3.94742377776508724e-01
3.94741679674925905e-01
3.94740839315736891e-01
3.94740424049472460e-01
3.94739612888591551e-01
3.94739542590648640e-01
3.94738737440103404e-01
3.94738928463751582e-01
3.94738126453878735e-01
3.94738505069275825e-01
3.94737608646461680e-01
3.94738202883389289e-01
3.94737203653944602e-01
3.94738001018000828e-01
3.94736921248433237e-01
3.94737871474221791e-01
3.94736740054410895e-01
3.94737766989904593e-01
3.94736638956586838e-01
3.94737654978332075e-01
3.94736607947287710e-01
3.94737516440955061e-01
3.94736637028662407e-01
3.94737340372930345e-01
3.94736711987208888e-01
3.94737122481398861e-01
3.94736810463941934e-01
3.94736859485077196e-01
6.72998942938813904e-02
8.38719365628351893e-02
1.02557419038755024e-01
1.06697234488023179e-01
9.02531713159028803e-02
6.61233587090416519e-02
3.79820195428607760e-02
6.13529863467917186e-02
1.18450812745261896e-01
1.79207620332087897e-01
2.40562556142711631e-01
2.96137951070799266e-01
3.47959842430839106e-01
3.91535675394544425e-01
4.29343046719281474e-01
4.59073639181371895e-01
4.83226665195764793e-01
5.00691399080229638e-01
5.13757738348775583e-01
5.22256319383572865e-01
5.27915094920160644e-01
5.30486122338603150e-01
5.31563507300297444e-01
5.30877272955382784e-01
5.29741755387022950e-01
5.27917648570123910e-01
5.26018987829612095e-01
5.24020979772819362e-01
5.22175659633534850e-01
5.20435793684514869e-01
5.18926543608570157e-01
5.17594855572002799e-01
5.16483151059987766e-01
5.15543470660627889e-01
5.14779369384056107e-01
5.14152758080575811e-01
5.13653007605755829e-01
5.13252089528929423e-01
5.12936626165271359e-01
5.12687221888697087e-01
5.12492091159935326e-01
5.12339090356005888e-01
5.12219660539895427e-01
5.12125872901444734e-01
5.12052117783402094e-01
5.11993562963187432e-01
5.11946729965696457e-01
5.11908903365365986e-01
5.11877980240374009e-01
5.11852425613555484e-01
5.11831033630455012e-01
5.11812943550869037e-01
5.11797487409794583e-01
5.11784179263915839e-01
5.11772645877478727e-01
5.11762596437848605e-01
5.11753841589025371e-01
5.11746169154408737e-01
5.11739455458100068e-01
5.11733575279072816e-01
5.11728440584545252e-01
5.11723956695350646e-01
5.11720051324721426e-01
5.11716658122274071e-01
5.11713703251885921e-01
5.11711168813398065e-01
5.11708937917675910e-01
5.11707079286811473e-01
5.11705384019595866e-01
5.11704060080255596e-01
5.11702748226495752e-01
5.11701844320980537e-01
5.11700774013647774e-01
5.11700228991673334e-01
5.11699233961031230e-01
5.11699106115601765e-01
5.11698190664885977e-01
5.11698332549940904e-01
5.11697423818262442e-01
5.11697792462760592e-01
5.11696841446976136e-01
5.11697420860442009e-01
5.11696434962865432e-01
5.11697167716273382e-01
5.11696160656123999e-01
5.11696975565338774e-01
5.11695987486725956e-01
5.11696805858852577e-01
5.11695896662738736e-01
5.11696633243709509e-01
5.11695873412634561e-01
5.11696443872677986e-01
5.11695900886766641e-01
5.11696229970226457e-01
5.11695959400302103e-01
5.11695991623099644e-01
1.04717974560687224e-01
7.52332697245667176e-02
7.14863176488854113e-02
3.14408448800158266e-02
1.40787892773768172e-02
7.44003345933353516e-02
1.42955662882797929e-01
2.13686927238031926e-01
2.86253439201638260e-01
3.51554529174910979e-01
4.10708892407385617e-01
4.61087810430680756e-01
5.04721020972059953e-01
5.39239149830516240e-01
5.67528246008005777e-01
5.88831508609182097e-01
6.05457462016100734e-01
6.16868011931074545e-01
6.25210637293140747e-01
6.29956657798602659e-01
6.33030133741412371e-01
6.33291696827201767e-01
6.32756725111552010e-01
6.31193339025317712e-01
6.29236634018407681e-01
6.26795259432700536e-01
6.24347821428649530e-01
6.21864710945704724e-01
6.19567009519104372e-01
6.17414760287413045e-01
6.15514464687357155e-01
6.13822209185708512e-01
6.12375143813236544e-01
6.11129978194566270e-01
6.10088014452255134e-01
6.09213204768717875e-01
6.08492456129236525e-01
6.07897779914585157e-01
6.07413170067461983e-01
6.07017958609140207e-01
6.06697838977915294e-01
6.06438410573030828e-01
6.06228886639448517e-01
6.06059343154273567e-01
6.05922127411078648e-01
6.05810768709406866e-01
6.05720082182350739e-01
6.05645932929189112e-01
6.05585055168245567e-01
6.05534848704055384e-01
6.05493170158861838e-01
6.05458414762981900e-01
6.05429277035230196e-01
6.05404738360428407e-01
6.05383984818561149e-01
6.05366365591867961e-01
6.05351377607776797e-01
6.05338573425477255e-01
6.05327631853790460e-01
6.05318257993466946e-01
6.05310232046446406e-01
6.05303349755608400e-01
6.05297453228253679e-01
6.05292403372795884e-01
6.05288069644295268e-01
6.05284380549887424e-01
6.05281191680764330e-01
6.05278520936339048e-01
6.05276161596877249e-01
6.05274259708284634e-01
6.05272489774054012e-01
6.05271174139021539e-01
6.05269815644218667e-01
6.05268939671390171e-01
6.05267802145159517e-01
6.05267323549504299e-01
6.05266274298579265e-01
6.05266207910868936e-01
6.05265258902686010e-01
6.05265469718671900e-01
6.05264542589480703e-01
6.05264972001821389e-01
6.05264038825039874e-01
6.05264621318417628e-01
6.05263688503589359e-01
6.05264357531204000e-01
6.05263455733759947e-01
6.05264137893484211e-01
6.05263315776350730e-01
6.05263934684719507e-01
6.05263252801189644e-01
6.05263731554388063e-01
6.05263245480966550e-01
6.05263518943487178e-01
6.05263275763879394e-01
6.05263298092154289e-01
9.56766514072275170e-02
5.47484854545617350e-02
5.31496920308265480e-02
9.36799631071624783e-02
1.71458362741400472e-01
2.53274213414090732e-01
3.38082320174710571e-01
4.16181430746221714e-01
4.87900573997886056e-01
5.45849397056461849e-01
5.93234667067141785e-01
6.30262343409083048e-01
6.59140710891026882e-01
6.79534216647771916e-01
6.95012069317250680e-01
7.04831531593925087e-01
7.11583582247651947e-01
7.14873699145514907e-01
7.16814118500473274e-01
7.16105667787367950e-01
7.14917835393326428e-01
7.12642139848208345e-01
7.10052791276532091e-01
7.07030248855916588e-01
7.03966155761844514e-01
7.00772793967458840e-01
6.97791005038636003e-01
6.94887420253484156e-01
6.92250596102571003e-01
6.89817157820276305e-01
6.87672814367806917e-01
6.85764170721447130e-01
6.84117315719894425e-01
6.82689756482351640e-01
6.81478275694896829e-01
6.80448490974411291e-01
6.79586052973546573e-01
6.78863643218835522e-01
6.78264582498918411e-01
6.77768018571399566e-01
6.77358858380122442e-01
6.77022039361566685e-01
6.76745660537475202e-01
6.76518918006498549e-01
6.76333092222998533e-01
6.76180674062896392e-01
6.76055555285758225e-01
6.75952695355149125e-01
6.75867959570332189e-01
6.75798019472388822e-01
6.75740118916560162e-01
6.75692060095436697e-01
6.75652047218854190e-01
6.75618639397662535e-01
6.75590669957154444e-01
6.75567186756653393e-01
6.75547440799920462e-01
6.75530783308171845e-01
6.75516717099289399e-01
6.75504812043078218e-01
6.75494733501299516e-01
6.75486186533686195e-01
6.75478938259548745e-01
6.75472788900874144e-01
6.75467561881518352e-01
6.75463142104651193e-01
6.75459361186299123e-01
6.75456200499841786e-01
6.75453448808717938e-01
6.75451214179247694e-01
6.75449187535943962e-01
6.75447638767203928e-01
6.75446108525920352e-01
6.75445073767456661e-01
6.75443877696836226e-01
6.75443223486028366e-01
6.75442139609297554e-01
6.75441907153496945e-01
6.75440925398340108e-01
6.75441061832089407e-01
6.75440167487863063e-01
6.75440520548263534e-01
6.75439629862543245e-01
6.75440130300784203e-01
6.75439247318565195e-01
6.75439835149289847e-01
6.75438987715538008e-01
6.75439594062590909e-01
6.75438824957857675e-01
6.75439379194529788e-01
6.75438743430986643e-01
6.75439175243429002e-01
6.75438722700037242e-01
6.75438972597490306e-01
6.75438747370227022e-01
6.75438777012750124e-01
1.25800094013123143e-01
1.01576836376229787e-01
1.90089826655794270e-01
2.90458888306196039e-01
3.89958782904129830e-01
4.84744911732374772e-01
5.68289976183778855e-01
6.38649261218812603e-01
6.95157652063981168e-01
7.34794104131584858e-01
7.64094217805090126e-01
7.82247517000590364e-01
7.93122504003654805e-01
7.96914388101440441e-01
7.97886084509944915e-01
7.94733388395203244e-01
7.91146719621318550e-01
7.86243875561057459e-01
7.81375936747541244e-01
7.75955932981003849e-01
7.70801763229151504e-01
7.65713559470810323e-01
7.61019277050641985e-01
7.56446183667641714e-01
7.52294846608848156e-01
7.48454460328413007e-01
7.45068540447757277e-01
7.41912025312107648e-01
7.39143011287765495e-01
7.36655062690207529e-01
7.34495741682890002e-01
7.32594971524655914e-01
7.30965224702433081e-01
7.29555339417323090e-01
7.28358484850719079e-01
7.27338360854697052e-01
7.26480090262228706e-01
7.25757196282658334e-01
7.25153671825316981e-01
7.24649922006697644e-01
7.24231777834169033e-01
7.23884967712577043e-01
7.23598284290694282e-01
7.23361441882337308e-01
7.23166060125539523e-01
7.23004924190812415e-01
7.22872018830511553e-01
7.22762359671507038e-01
7.22671811468212022e-01
7.22596985294047145e-01
7.22535040940683881e-01
7.22483698329811519e-01
7.22441064416740719e-01
7.22405603613475611e-01
7.22376058837815527e-01
7.22351396665226519e-01
7.22330787746762737e-01
7.22313524751747482e-01
7.22299056973460862e-01
7.22286905614160535e-01
7.22276699058365779e-01
7.22268110199394187e-01
7.22260882809123150e-01
7.22254797139830984e-01
7.22249662675090720e-01
7.22245350580492995e-01
7.22241688238270396e-01
7.22238644364443627e-01
7.22236012479638867e-01
7.22233886838382855e-01
7.22231969191205914e-01
7.22230515969349174e-01
7.22229087811383175e-01
7.22228119419920156e-01
7.22226995446252573e-01
7.22226401197230694e-01
7.22225394088890083e-01
7.22225199167910836e-01
7.22224294245440435e-01
7.22224436491510802e-01
7.22223603745845266e-01
7.22223949346810112e-01
7.22223116819158739e-01
7.22223599600661736e-01
7.22222771441808464e-01
7.22223334487974489e-01
7.22222538681220882e-01
7.22223117471446630e-01
7.22222395961764185e-01
7.22222923392274896e-01
7.22222327378665208e-01
7.22222739782002798e-01
7.22222317844329775e-01
7.22222560459494178e-01
7.22222353119488569e-01
7.22222394126421197e-01
1.60669459827839700e-01
2.71838899481759155e-01
4.29254290298075269e-01
5.48270602498914128e-01
6.53023142370760423e-01
7.36446917030959769e-01
8.02870349591310650e-01
8.50433726201847873e-01
8.80679932101138818e-01
8.94899702955619269e-01
9.00461736488122000e-01
8.94577691076947290e-01
8.85693754928281396e-01
8.73278665913219676e-01
8.60464325001581098e-01
8.46880035887027205e-01
8.34399875174292704e-01
8.22483617915092280e-01
8.12148999351712475e-01
8.02884592569749311e-01
7.94881653553832557e-01
7.87726905473299599e-01
7.81696500304063013e-01
7.76356594525458465e-01
7.71838721759909530e-01
7.67944054372846518e-01
7.64701501639798664e-01
7.61795422007083500e-01
7.59350056360789449e-01
7.57214267215994385e-01
7.55416028477776558e-01
7.53860551653006916e-01
7.52548183647227753e-01
7.51423416584490411e-01
7.50475755903125763e-01
7.49670776447217357e-01
7.48995445321131381e-01
7.48426500598408873e-01
7.47951319482865418e-01
7.47553732159161988e-01
7.47222871716657355e-01
7.46947495743794709e-01
7.46719033058503623e-01
7.46529554513126858e-01
7.46372666002424801e-01
7.46242800280190854e-01
7.46135355008272549e-01
7.46046478365735899e-01
7.45972943452767101e-01
7.45912105598100283e-01
7.45861735601642262e-01
7.45820017795299495e-01
7.45785437048790967e-01
7.45756751975188981e-01
7.45732940991740700e-01
7.45713154148419544e-01
7.45696709657786005e-01
7.45683019372693434e-01
7.45671623876665746e-01
7.45662122193501586e-01
7.45654204017828115e-01
7.45647594028874927e-01
7.45642078797195018e-01
7.45637474337691342e-01
7.45633621822482495e-01
7.45630417307697746e-01
7.45627713292766336e-01
7.45625494872667494e-01
7.45623577410139626e-01
7.45622063599138185e-01
7.45620673241698673e-01
7.45619671654802363e-01
7.45618615872755575e-01
7.45617994773313364e-01
7.45617119925507610e-01
7.45616844543232515e-01
7.45616042498312814e-01
7.45616060042202822e-01
7.45615337142458867e-01
7.45615570737964806e-01
7.45614840632700893e-01
7.45615246908998719e-01
7.45614497851749047e-01
7.45615022449654385e-01
7.45614262182688448e-01
7.45614851775356025e-01
7.45614110675425934e-01
7.45614706116067172e-01
7.45614029511565746e-01
7.45614567133161987e-01
7.45614006038377020e-01
7.45614427942651536e-01
7.45614032000108340e-01
7.45614288426188709e-01
7.45614098848264573e-01
7.45614162979651662e-01
