iteration,u_residual,v_residual,p_residual,continuity_residual,global_mass_imbalance
1,1.00219622033147182e+00,3.56036741853677370e+01,1.07849485127978117e+00,3.15238530599545736e-10,1.22399312907361946e-11
2,5.65436589981591453e+00,2.70073863379755217e+01,6.75017515613822727e-01,1.68485379816457876e-10,1.22399312907361946e-11
3,1.17844520092953120e+00,4.68109937132991050e+00,2.77791899296783440e-01,6.99277979645391999e-11,1.22399312907361946e-11
4,9.06614949805728543e-01,1.78103010616024471e+00,1.45390647646161775e-01,4.20896767874274050e-11,1.22399312907361946e-11
5,7.92279236750635940e-01,1.28968546181200505e+00,9.04078557343205302e-02,2.63358723622912414e-11,1.22399312907361946e-11
6,7.34870513992316510e-01,8.50915564139129055e-01,6.29711487202209985e-02,1.83234629375937950e-11,1.22399312907361946e-11
7,6.87174320184073206e-01,5.69074412536365704e-01,4.74626408755876514e-02,1.37296980605486361e-11,1.22399312907361946e-11
8,6.33643423826921737e-01,4.07002613325307239e-01,3.74745952258369042e-02,1.09409400569695392e-11,1.22399312907361946e-11
9,5.89978152038107106e-01,3.12521037256132894e-01,3.06427615627097825e-02,8.67614262703719371e-12,1.22399312907361946e-11
10,5.46561083877585063e-01,2.52445322799920546e-01,2.57448366282622791e-02,7.21498574006836642e-12,1.22399312907361946e-11
11,4.98139158424262318e-01,2.12245343603781250e-01,2.21470175309194973e-02,6.21950574746965813e-12,1.22399312907361946e-11
12,4.55143068235242421e-01,1.82647235964488619e-01,1.93823148686653526e-02,5.69560705840915700e-12,1.22399312907361946e-11
13,4.13996979282049038e-01,1.59569079375468575e-01,1.72251516332887177e-02,4.34178184323952875e-12,1.22399312907361946e-11
14,3.71616027545069616e-01,1.40735238646879895e-01,1.54737235053875044e-02,4.08666240723709168e-12,1.22399312907361946e-11
15,3.30645615235399315e-01,1.25578599693510984e-01,1.39996625882430233e-02,3.98845690109092438e-12,1.22399312907361946e-11
16,2.94259544162229658e-01,1.12897446093649337e-01,1.27602186694383123e-02,3.63413843218996294e-12,1.22399312907361946e-11
17,2.60856648294085780e-01,1.01861032780667993e-01,1.17217222708595279e-02,3.42459561675243906e-12,1.22399312907361946e-11
18,2.30332198287333367e-01,9.21040771589712592e-02,1.08478160434525295e-02,3.19569638771155360e-12,1.22399312907361946e-11
19,2.02311390317373968e-01,8.33532023042775627e-02,1.01093074425156609e-02,2.84384982670120047e-12,1.22399312907361946e-11
20,1.75992601880592431e-01,7.55850987153157405e-02,9.47443420981314288e-03,2.89689387970652158e-12,1.22399312907361946e-11
21,1.53150787802565386e-01,6.88045296352090829e-02,8.92477342767774781e-03,2.48815318436206033e-12,1.22399312907361946e-11
22,1.33193089812194021e-01,6.27780268870826302e-02,8.43744680370962785e-03,2.87979295561224585e-12,1.22399312907361946e-11
23,1.15701468769981358e-01,5.74199918097227993e-02,8.00739147708100577e-03,2.70111553425990482e-12,1.22399312907361946e-11
24,1.00505843357610800e-01,5.26323780500640298e-02,7.63319704432136644e-03,2.86427134079028520e-12,1.22399312907361946e-11
25,8.73911307224415901e-02,4.82901856393585655e-02,7.30062867406005428e-03,2.94038685746241550e-12,1.22399312907361946e-11
26,7.61562874691986552e-02,4.43294065110263341e-02,7.00131386441423323e-03,2.77708868024076299e-12,1.22399312907361946e-11
27,6.65306962549863240e-02,4.06534881029441963e-02,6.73103988691373285e-03,2.74939205871903561e-12,1.22399312907361946e-11
28,5.82929706669132949e-02,3.72978017563207059e-02,6.48605313377074392e-03,2.68221451696897000e-12,1.22399312907361946e-11
29,5.12238606777587618e-02,3.42594989037510178e-02,6.26015227916562351e-03,2.84726685084686941e-12,1.22399312907361946e-11
30,4.51484898065925844e-02,3.15195046492714528e-02,6.05038948618628978e-03,2.57802048125192460e-12,1.22399312907361946e-11
31,3.98517192891218591e-02,2.90492853794863774e-02,5.85451917887457388e-03,2.90246259415578805e-12,1.22399312907361946e-11
32,3.52857503081793408e-02,2.68305855868617681e-02,5.67026704429243397e-03,2.82087165908438831e-12,1.22399312907361946e-11
33,3.13483524137329397e-02,2.48436290021880890e-02,5.49703424899034183e-03,2.90718530529031516e-12,1.22399312907361946e-11
34,2.79365519913836596e-02,2.30479477528068126e-02,5.33251530722687796e-03,2.77034779417417194e-12,1.22399312907361946e-11
35,2.49966771627517341e-02,2.14198350951804936e-02,5.17580563000828546e-03,2.73792211631112170e-12,1.22399312907361946e-11
36,2.24181079240112872e-02,1.99730843337568922e-02,5.02652345308234137e-03,2.77993350538000356e-12,1.22399312907361946e-11
37,2.01721765302302937e-02,1.86842298049315729e-02,4.88483409428801946e-03,2.74742764100850433e-12,1.22399312907361946e-11
38,1.82046109658427525e-02,1.75248125773227979e-02,4.75035953118709692e-03,2.49458769945632672e-12,1.22399312907361946e-11
39,1.64780373993662042e-02,1.64818579837109208e-02,4.62270354442559286e-03,2.36125892780648020e-12,1.22399312907361946e-11
40,1.49606304891732027e-02,1.55416692906964991e-02,4.50153596130070839e-03,2.35878588322183998e-12,1.22399312907361946e-11
41,1.36245380607796316e-02,1.46945232165781609e-02,4.38661128208140197e-03,2.88153915461694309e-12,1.22399312907361946e-11
42,1.24467579717137695e-02,1.39248973082211971e-02,4.27735283517638107e-03,2.85647404400129040e-12,1.22399312907361946e-11
43,1.14056910884076726e-02,1.32228731673109338e-02,4.17332570922372258e-03,2.77959337449244735e-12,1.22399312907361946e-11
44,1.04272414437933340e-02,1.25839933670038265e-02,4.07430943145420475e-03,2.76302034351370753e-12,1.22399312907361946e-11
45,9.58729378049051617e-03,1.19973589447534799e-02,3.97983907872251699e-03,2.83391964412460548e-12,1.22399312907361946e-11
46,8.85105684347763100e-03,1.14575124593957554e-02,3.88962266781632537e-03,2.60148585075775649e-12,1.22399312907361946e-11
47,8.19944687949885828e-03,1.09599329372197692e-02,3.80329045096878529e-03,2.86642788620566826e-12,1.22399312907361946e-11
48,7.61906916660389129e-03,1.04939125504807870e-02,3.72059324986103671e-03,2.80387267623458501e-12,1.22399312907361946e-11
49,7.10122295057235339e-03,1.00668917593743513e-02,3.64144798864316334e-03,2.63994278776292161e-12,1.22399312907361946e-11
50,6.63826281527985038e-03,9.67563207324870916e-03,3.56563368379849430e-03,2.80921010963392416e-12,1.22399312907361946e-11
51,6.22438121582049014e-03,9.31665718593232932e-03,3.49294022585302111e-03,2.90034295431553962e-12,1.22399312907361946e-11
52,5.85338822503789127e-03,8.98131963641976561e-03,3.42316881615791890e-03,2.89716385913957064e-12,1.22399312907361946e-11
53,5.52016147683402018e-03,8.66279817533568107e-03,3.35614741138129608e-03,2.82673823909798725e-12,1.22399312907361946e-11
54,5.22011084608793238e-03,8.36249683400303902e-03,3.29169387694645561e-03,2.88226917446865836e-12,1.22399312907361946e-11
55,4.94894283480250621e-03,8.07860867873783431e-03,3.22962968250381293e-03,2.69153032166444843e-12,1.22399312907361946e-11
56,4.70265438716183093e-03,7.81219325869074790e-03,3.16981078471838566e-03,2.86821407051847588e-12,1.22399312907361946e-11
57,4.47863769157795868e-03,7.56288892160596193e-03,3.11214521691321848e-03,2.79785002369201203e-12,1.22399312907361946e-11
58,4.27384091819601325e-03,7.32485792817394281e-03,3.05649714550467301e-03,2.70010879354715799e-12,1.22399312907361946e-11
59,4.08625702696235535e-03,7.10050767935821274e-03,3.00282286859735207e-03,2.64139167997275627e-12,1.22399312907361946e-11
60,3.91375555142400768e-03,6.88872928866318505e-03,2.95105432586788936e-03,2.83253108713935538e-12,1.22399312907361946e-11
61,3.75452125680851177e-03,6.68633704556287171e-03,2.90110742289538971e-03,2.76968616306894627e-12,1.22399312907361946e-11
62,3.60712760153241276e-03,6.49206988915445194e-03,2.85288874556350550e-03,2.80460833863535219e-12,1.22399312907361946e-11
63,3.47028013807425652e-03,6.30816625995734691e-03,2.80634484509996928e-03,2.64347094627960614e-12,1.22399312907361946e-11
64,3.34289737183748317e-03,6.13283777574735473e-03,2.76139070638573231e-03,2.55014813299980802e-12,1.22399312907361946e-11
65,3.22412831018195839e-03,5.96521531502700649e-03,2.71795235392128512e-03,2.73856320791682430e-12,1.22399312907361946e-11
66,3.11312874993524211e-03,5.80542676635538955e-03,2.67595663866815499e-03,2.90101604719546174e-12,1.22399312907361946e-11
67,3.00887173910880691e-03,5.65257680788799899e-03,2.63537373388314728e-03,2.76368041173885210e-12,1.22399312907361946e-11
68,2.91105120615958593e-03,5.50544856191722415e-03,2.59615821771115455e-03,2.66396220381793002e-12,1.22399312907361946e-11
69,2.81910250768031487e-03,5.36483646792245469e-03,2.55827633957660464e-03,2.62209776334073966e-12,1.22399312907361946e-11
70,2.73249284198266978e-03,5.23059660322738873e-03,2.52171496268779492e-03,2.84242963030081270e-12,1.22399312907361946e-11
71,2.65061480582015618e-03,5.10199315008158256e-03,2.48641204309346187e-03,2.83336528352820603e-12,1.22399312907361946e-11
72,2.57341227176874311e-03,4.98016165515457500e-03,2.45228190409678502e-03,2.87425220602901440e-12,1.22399312907361946e-11
73,2.50105435620133097e-03,4.86143899904086050e-03,2.41931651460446659e-03,2.94399545127290755e-12,1.22399312907361946e-11
74,2.43225613691437810e-03,4.74515948893674839e-03,2.38742582252626009e-03,2.87412739827140185e-12,1.22399312907361946e-11
75,2.36712643617957488e-03,4.63319908712457509e-03,2.35656935189272696e-03,2.88618056463470401e-12,1.22399312907361946e-11
76,2.30527600472080511e-03,4.52555822565411676e-03,2.32673715160874872e-03,2.88663231891021507e-12,1.22399312907361946e-11
77,2.24636465567909374e-03,4.42230111825107474e-03,2.29790762532360070e-03,2.88861732926177218e-12,1.22399312907361946e-11
78,2.19017913412782126e-03,4.32329688866916334e-03,2.27008512440175303e-03,2.62439350517419193e-12,1.22399312907361946e-11
79,2.13646250845894812e-03,4.22861209688420864e-03,2.24322840571187414e-03,2.47137941136435612e-12,1.22399312907361946e-11
80,2.08508699025064656e-03,4.13634850257430312e-03,2.21728869743989272e-03,2.51461396474194844e-12,1.22399312907361946e-11
81,2.03584731544005377e-03,4.04769571271959821e-03,2.19229604173272257e-03,2.51409246403100958e-12,1.22399312907361946e-11
82,1.98862693904465569e-03,3.96163354136217036e-03,2.16818148141187557e-03,2.69343517723256726e-12,1.22399312907361946e-11
83,1.94348719889381964e-03,3.87841548639754471e-03,2.14489280193372756e-03,2.91697729530103131e-12,1.22399312907361946e-11
84,1.90027239288570568e-03,3.79753499873401387e-03,2.12238654573054580e-03,2.76966888813710519e-12,1.22399312907361946e-11
85,1.85880503387655612e-03,3.71920076170848251e-03,2.10062035818723994e-03,2.72378187701486314e-12,1.22399312907361946e-11
86,1.81896331615200111e-03,3.64358617460043555e-03,2.07955803002624453e-03,2.79391849613150793e-12,1.22399312907361946e-11
87,1.78065070576175844e-03,3.57025274413848639e-03,2.05914855600188235e-03,2.92935523399806870e-12,1.22399312907361946e-11
88,1.74379694283854675e-03,3.49976825634469406e-03,2.03940943157837531e-03,2.82353481163396385e-12,1.22399312907361946e-11
89,1.70833147506068784e-03,3.43112003708389256e-03,2.02030547060969359e-03,2.81194824020679683e-12,1.22399312907361946e-11
90,1.67429876026505410e-03,3.36475345954354629e-03,2.00179735147674575e-03,2.91974117047232686e-12,1.22399312907361946e-11
91,1.64185072950611809e-03,3.30098337292906259e-03,1.98385841559622867e-03,2.59996699287288761e-12,1.22399312907361946e-11
92,1.61067257716302576e-03,3.23805888546651590e-03,1.96644411042251740e-03,2.52132671914338299e-12,1.22399312907361946e-11
93,1.58065918361759562e-03,3.17734105276321586e-03,1.94954386916116815e-03,2.82420363312049800e-12,1.22399312907361946e-11
94,1.55170179030879622e-03,3.11840243887159330e-03,1.93314118137676906e-03,2.39411036601092206e-12,1.22399312907361946e-11
95,1.52372528780799843e-03,3.06104349233223601e-03,1.91722171000651255e-03,2.84769411356194754e-12,1.22399312907361946e-11
96,1.49661296554396989e-03,3.00564096607711844e-03,1.90175816357039478e-03,2.93724831273490038e-12,1.22399312907361946e-11
97,1.47034483443315360e-03,2.95187656525592625e-03,1.88672162478910181e-03,2.77955795077313352e-12,1.22399312907361946e-11
98,1.44555631574039994e-03,2.89944468847488403e-03,1.87209190336430869e-03,2.70562086238509826e-12,1.22399312907361946e-11
99,1.42975624546174502e-03,2.84866890505723874e-03,1.85792150191988110e-03,2.74718278331767143e-12,1.22399312907361946e-11
100,1.40738670271498890e-03,2.79993763714604486e-03,1.84412471599796008e-03,2.56691819971333779e-12,1.22399312907361946e-11
101,1.38483325776494722e-03,2.75225975504649013e-03,1.83067382309373607e-03,2.84277255927274623e-12,1.22399312907361946e-11
102,1.36283398299234435e-03,2.70585074670756740e-03,1.81754956522821483e-03,2.91483891830088183e-12,1.22399312907361946e-11
103,1.34145164843591240e-03,2.66078788826106926e-03,1.80474164970521379e-03,2.90263075323576188e-12,1.22399312907361946e-11
104,1.32071253706126279e-03,2.61690001269545202e-03,1.79223766697507100e-03,2.92928153329667999e-12,1.22399312907361946e-11
105,1.30058666895916069e-03,2.57424774330054177e-03,1.78001837969557638e-03,2.85057681535634829e-12,1.22399312907361946e-11
106,1.28095252427333668e-03,2.53251832107266031e-03,1.76806274052026396e-03,2.80152900091540046e-12,1.22399312907361946e-11
107,1.26201448052748336e-03,2.49182599533144663e-03,1.75636168067072607e-03,2.78592156194757018e-12,1.22399312907361946e-11
108,1.24331022523089044e-03,2.45197102786370337e-03,1.74490042671884837e-03,2.66159771386675014e-12,1.22399312907361946e-11
109,1.22522019077657657e-03,2.41308175823542635e-03,1.73367007774637366e-03,2.82274518095429920e-12,1.22399312907361946e-11
110,1.20791035492313751e-03,2.37502973382230963e-03,1.72266024260328294e-03,2.80446628616966531e-12,1.22399312907361946e-11
111,1.19108002212929402e-03,2.33829615194664680e-03,1.71185538962467733e-03,2.80625532427010674e-12,1.22399312907361946e-11
112,1.17470552424801312e-03,2.30296768601785879e-03,1.70124309409448401e-03,2.94237440156336230e-12,1.22399312907361946e-11
113,1.15876801145239905e-03,2.26880106731188781e-03,1.69081291183892759e-03,2.82818665033118968e-12,1.22399312907361946e-11
114,1.14324661551633245e-03,2.23566153539072644e-03,1.68055625263369081e-03,2.85473149545334032e-12,1.22399312907361946e-11
115,1.12814942664689810e-03,2.20371459716310353e-03,1.67047124730585004e-03,2.79088063021568019e-12,1.22399312907361946e-11
116,1.11347023634503781e-03,2.17237610393500877e-03,1.66054506808970491e-03,2.74489601675369377e-12,1.22399312907361946e-11
117,1.09919520580636812e-03,2.14174698116332543e-03,1.65076750472000584e-03,2.77619386081218392e-12,1.22399312907361946e-11
118,1.08530543425060287e-03,2.11191308914715015e-03,1.64112901551643348e-03,2.67122952882706929e-12,1.22399312907361946e-11
119,1.07178358462526073e-03,2.08299865644984150e-03,1.63161895426190240e-03,2.61903468757814340e-12,1.22399312907361946e-11
120,1.05861407401046555e-03,2.05463482852482303e-03,1.62223411670147505e-03,2.90502089964057729e-12,1.22399312907361946e-11
121,1.04573936127206712e-03,2.02702809476979634e-03,1.61296634566544415e-03,2.69826919388687225e-12,1.22399312907361946e-11
122,1.03312056048285262e-03,2.00022026198384698e-03,1.60380827046332293e-03,2.76182643808077502e-12,1.22399312907361946e-11
123,1.02082082450822144e-03,1.97385397474593221e-03,1.59475019000974039e-03,2.71858599436855454e-12,1.22399312907361946e-11
124,1.00884144995445641e-03,1.94810959445659805e-03,1.58578587074405665e-03,2.69314547549398990e-12,1.22399312907361946e-11
125,9.97219497094650742e-04,1.92298025695902082e-03,1.57691017290676177e-03,2.66618556650563891e-12,1.22399312907361946e-11
126,9.85948984851764323e-04,1.89856723175218416e-03,1.56811566602223836e-03,2.67482920379918458e-12,1.22399312907361946e-11
127,9.74962517182999451e-04,1.87463262347115447e-03,1.55940338372117138e-03,2.69256633112744743e-12,1.22399312907361946e-11
128,9.64254719424338246e-04,1.85098550442998116e-03,1.55076528706694439e-03,2.80665247128214927e-12,1.22399312907361946e-11
129,9.53765945660970294e-04,1.82809927664756675e-03,1.54220168991564760e-03,2.89182211705631771e-12,1.22399312907361946e-11
130,9.43497491896081223e-04,1.80584512037736816e-03,1.53370914205553537e-03,2.83957193010947696e-12,1.22399312907361946e-11
131,9.33452464237775046e-04,1.78408452928670584e-03,1.52528480982890447e-03,2.87978469206043044e-12,1.22399312907361946e-11
132,9.23627942485369478e-04,1.76283815777083380e-03,1.51692534474685381e-03,2.79800750698946037e-12,1.22399312907361946e-11
133,9.14019317714514492e-04,1.74196150177928521e-03,1.50862356409913454e-03,2.66965641289851739e-12,1.22399312907361946e-11
134,9.04566147086851907e-04,1.72158940378758772e-03,1.50037325191748464e-03,2.87195793701463020e-12,1.22399312907361946e-11
135,8.95298534453735600e-04,1.70169398907958928e-03,1.49218061483129228e-03,2.83715246868830466e-12,1.22399312907361946e-11
136,8.86235585691507203e-04,1.68244170754045289e-03,1.48404325979768770e-03,2.79093955464358391e-12,1.22399312907361946e-11
137,8.77374411090856119e-04,1.66338813273246046e-03,1.47596007526367367e-03,2.79531368850483082e-12,1.22399312907361946e-11
138,8.68712250288737652e-04,1.64482712219512356e-03,1.46792630618168204e-03,2.69485314286216093e-12,1.22399312907361946e-11
139,8.60217675119700196e-04,1.62677298995363108e-03,1.45994079967612985e-03,2.57667483306936107e-12,1.22399312907361946e-11
140,8.51909742905705789e-04,1.60933257702125716e-03,1.45200755265193653e-03,2.89531542073288179e-12,1.22399312907361946e-11
141,8.43783548851440501e-04,1.59180739827996520e-03,1.44412201959534157e-03,2.85924144057233203e-12,1.22399312907361946e-11
142,8.35792193232178329e-04,1.57462173466639457e-03,1.43628227950334613e-03,2.84902451976309460e-12,1.22399312907361946e-11
143,8.27952940656735844e-04,1.55779079866634690e-03,1.42848574458288554e-03,2.76089740392675621e-12,1.22399312907361946e-11
144,8.20307148340871316e-04,1.54132579518547548e-03,1.42073163891567314e-03,2.78465698592867051e-12,1.22399312907361946e-11
145,8.12828953178482898e-04,1.52513565422180363e-03,1.41302068336336402e-03,2.69164321597454779e-12,1.22399312907361946e-11
146,8.05504633308560180e-04,1.50923714793011203e-03,1.40535257930584083e-03,2.72070360116384511e-12,1.22399312907361946e-11
147,7.98326882834565245e-04,1.49355609741952172e-03,1.39772444363273790e-03,2.57868457849330559e-12,1.22399312907361946e-11
148,7.91290871672966712e-04,1.47835326860761549e-03,1.39014163582886841e-03,2.60264861160537714e-12,1.22399312907361946e-11
149,7.84361947683460373e-04,1.46331870047345411e-03,1.38259835054113265e-03,2.92830812095467826e-12,1.22399312907361946e-11
150,7.77597784192971507e-04,1.44839839620605456e-03,1.37508915564692061e-03,2.92694297162349655e-12,1.22399312907361946e-11
151,7.70913328651030134e-04,1.43368676691697891e-03,1.36760839238261574e-03,2.91043446672514517e-12,1.22399312907361946e-11
152,7.64369768224508082e-04,1.41939986215639381e-03,1.36016259692172043e-03,2.79408365759631282e-12,1.22399312907361946e-11
153,7.57948255245794811e-04,1.40532493380252500e-03,1.35275034098371002e-03,2.77828850868244416e-12,1.22399312907361946e-11
154,7.51633313813546903e-04,1.39150168621594394e-03,1.34537309895227386e-03,2.76474143002059434e-12,1.22399312907361946e-11
155,7.45423459988784958e-04,1.37793356578977768e-03,1.33803149677402182e-03,2.69005103660955343e-12,1.22399312907361946e-11
156,7.39324402166854910e-04,1.36461547026087713e-03,1.33072165728350647e-03,2.65374804466523572e-12,1.22399312907361946e-11
157,7.33333433584759100e-04,1.35153820794964036e-03,1.32344672076973365e-03,2.94269449879780327e-12,1.22399312907361946e-11
158,7.27411759911009842e-04,1.33871288352295677e-03,1.31620658992189551e-03,2.92306074874314096e-12,1.22399312907361946e-11
159,7.21627770502387337e-04,1.32605621981596181e-03,1.30900333713229234e-03,2.61183328855971214e-12,1.22399312907361946e-11
160,7.15947262983423973e-04,1.31357947518594576e-03,1.30183745844980798e-03,2.90462967167967776e-12,1.22399312907361946e-11
161,7.10356779826493948e-04,1.30128786044587572e-03,1.29470889180152140e-03,2.87545454599431289e-12,1.22399312907361946e-11
162,7.04854042151349235e-04,1.28918978667502812e-03,1.28761739559426830e-03,2.88519071897552057e-12,1.22399312907361946e-11
163,6.99439254196869225e-04,1.27729720669633078e-03,1.28056302600539269e-03,2.73322463018172288e-12,1.22399312907361946e-11
164,6.94134980806810557e-04,1.26556527379938113e-03,1.27354591483443027e-03,2.88586971575122445e-12,1.22399312907361946e-11
165,6.89124469834193195e-04,1.25394623175932216e-03,1.26656553218819248e-03,2.88821264369018246e-12,1.22399312907361946e-11
166,6.83965760661940257e-04,1.24249515788730255e-03,1.25961932200723383e-03,2.61373943122964239e-12,1.22399312907361946e-11
167,6.78581462739027801e-04,1.23126812976651978e-03,1.25270705810522727e-03,2.56566853843392394e-12,1.22399312907361946e-11
168,6.73489880496422073e-04,1.22031358678573892e-03,1.24582943688221937e-03,2.61632174402757271e-12,1.22399312907361946e-11
169,6.68515148357120051e-04,1.20961535064997524e-03,1.23898715839962023e-03,2.65875837654225214e-12,1.22399312907361946e-11
170,6.63612595750904285e-04,1.19900736944438327e-03,1.23217842755116982e-03,2.78034937530637389e-12,1.22399312907361946e-11
171,6.58799453644993050e-04,1.18829405586958468e-03,1.22541125057735361e-03,2.92847531447160779e-12,1.22399312907361946e-11
172,6.54051473792687703e-04,1.17774250601977953e-03,1.21868666811313499e-03,2.54879582265986063e-12,1.22399312907361946e-11
173,6.49352999909232303e-04,1.16732049409297130e-03,1.21200196641595083e-03,2.85973610396343657e-12,1.22399312907361946e-11
174,6.44715774707773758e-04,1.15702265600305370e-03,1.20535586583085967e-03,2.83206655540550060e-12,1.22399312907361946e-11
175,6.40141827119721017e-04,1.14692084044712775e-03,1.19874816578961090e-03,2.84802346458978437e-12,1.22399312907361946e-11
176,6.35632908416997023e-04,1.13701593734203050e-03,1.19217923176998105e-03,2.74874260930616008e-12,1.22399312907361946e-11
177,6.31165668486940654e-04,1.12706370472706770e-03,1.18564685351645808e-03,2.79053397698864286e-12,1.22399312907361946e-11
178,6.26735420173876278e-04,1.11727177500467933e-03,1.17915099884947049e-03,2.92596091866728972e-12,1.22399312907361946e-11
179,6.22339177865322045e-04,1.10760125991230516e-03,1.17269133088035633e-03,2.84614242433940219e-12,1.22399312907361946e-11
180,6.18013177124266473e-04,1.09805512817564318e-03,1.16626863375047466e-03,2.72627601075545033e-12,1.22399312907361946e-11
181,6.13764621949060979e-04,1.08862764538619154e-03,1.15988385817965582e-03,2.67380020981344894e-12,1.22399312907361946e-11
182,6.09584667399013262e-04,1.07931637011309239e-03,1.15353759476407918e-03,2.64622282086242079e-12,1.22399312907361946e-11
183,6.04797384291542181e-04,1.07011518588045833e-03,1.14722670094773182e-03,2.86111703009742674e-12,1.22399312907361946e-11
184,5.99529902453137730e-04,1.06102446058175680e-03,1.14094793575338842e-03,2.53546718383480904e-12,1.22399312907361946e-11
185,5.95179169812006296e-04,1.05214408648726470e-03,1.13470631044860245e-03,2.77777743304524389e-12,1.22399312907361946e-11
186,5.91076381786653131e-04,1.04333554641100417e-03,1.12850378353352939e-03,2.92015286123054056e-12,1.22399312907361946e-11
187,5.87095741330665843e-04,1.03438110413621985e-03,1.12233608079519349e-03,2.90334848198657190e-12,1.22399312907361946e-11
188,5.83157333374174241e-04,1.02580331527447259e-03,1.11620552975051266e-03,2.89342772203412010e-12,1.22399312907361946e-11
189,5.79272403115517996e-04,1.01728733200991302e-03,1.11011355489330668e-03,2.86109547299084151e-12,1.22399312907361946e-11
190,5.75474023841664835e-04,1.00881779247010903e-03,1.10406181561430259e-03,2.78861181064677131e-12,1.22399312907361946e-11
191,5.71725574606249875e-04,1.00042656931348503e-03,1.09805084352532982e-03,2.91543232143037149e-12,1.22399312907361946e-11
192,5.68046377184143188e-04,9.92123207034329270e-04,1.09208133855584347e-03,2.93323579684725010e-12,1.22399312907361946e-11
193,5.64384885383703767e-04,9.83905865321833915e-04,1.08615291936380270e-03,2.77173287444741385e-12,1.22399312907361946e-11
194,5.60789412302695146e-04,9.75775011686405873e-04,1.08026653763532610e-03,2.69674234639756484e-12,1.22399312907361946e-11
195,5.57201235919522965e-04,9.67737749841607732e-04,1.07442283083470681e-03,2.77177084962129274e-12,1.22399312907361946e-11
196,5.53646843472606950e-04,9.59794762898779664e-04,1.06862258849547043e-03,2.71107837990305660e-12,1.22399312907361946e-11
197,5.50132190988649209e-04,9.51999341635875653e-04,1.06286366527149310e-03,2.87930895414403792e-12,1.22399312907361946e-11
198,5.46647932681918391e-04,9.44228175590460439e-04,1.05714050514120689e-03,2.92028288521334382e-12,1.22399312907361946e-11
199,5.43217852839080091e-04,9.36462807490021131e-04,1.05145278549087029e-03,2.77435783665116675e-12,1.22399312907361946e-11
200,5.39831152908189097e-04,9.28800986287008253e-04,1.04580306392426290e-03,2.94297962223475039e-12,1.22399312907361946e-11
201,5.36483190160420972e-04,9.21227801640828420e-04,1.04019314988650817e-03,2.71444390164670347e-12,1.22399312907361946e-11
202,5.33172830343083839e-04,9.13894291151052542e-04,1.03462566061315181e-03,2.92781485073594053e-12,1.22399312907361946e-11
203,5.29901596554884099e-04,9.06716718732448784e-04,1.02910390760803014e-03,2.62660045934968021e-12,1.22399312907361946e-11
204,5.26702264905387000e-04,8.99495404975798494e-04,1.02362753543261973e-03,2.86314595991584098e-12,1.22399312907361946e-11
205,5.23518105725744509e-04,8.92238528655792703e-04,1.01819377339627164e-03,2.89214592092912959e-12,1.22399312907361946e-11
206,5.20337257021601433e-04,8.85083778482458560e-04,1.01280244644770512e-03,2.78570457824349832e-12,1.22399312907361946e-11
207,5.17186016493181053e-04,8.78094071282427605e-04,1.00745424080966439e-03,2.78365463138294041e-12,1.22399312907361946e-11
208,5.14080472771432989e-04,8.71040627510076462e-04,1.00214822638344130e-03,2.93099419060426970e-12,1.22399312907361946e-11
209,5.11041144372909842e-04,8.64062116155488191e-04,9.96884026356561429e-04,2.74678183753023974e-12,1.22399312907361946e-11
210,5.08031398578089521e-04,8.57081687178630177e-04,9.91660974185197466e-04,2.91643793432605474e-12,1.22399312907361946e-11
211,5.05027689545948784e-04,8.50079098838474301e-04,9.86479372835382317e-04,2.74003181537439308e-12,1.22399312907361946e-11
212,5.02061348404826517e-04,8.43132367508454567e-04,9.81339686962745712e-04,2.76930902228721865e-12,1.22399312907361946e-11
213,4.99126895704521531e-04,8.36284506439190244e-04,9.76241602665797454e-04,2.78473287301296074e-12,1.22399312907361946e-11
214,4.96214983823029367e-04,8.29637730979362149e-04,9.71183973872484637e-04,2.85459961883996110e-12,1.22399312907361946e-11
215,4.93331415710408761e-04,8.22919316237966775e-04,9.66165629819274482e-04,2.91226561357180631e-12,1.22399312907361946e-11
216,4.90487478705535561e-04,8.16336284575623996e-04,9.61187115421539688e-04,2.79437868176087884e-12,1.22399312907361946e-11
217,4.87677034478929043e-04,8.09823010916088768e-04,9.56248661055676707e-04,2.60389454934594725e-12,1.22399312907361946e-11
218,4.84894900793932213e-04,8.03407179015424786e-04,9.51349786167368064e-04,2.77766071308234738e-12,1.22399312907361946e-11
219,4.82144176488607471e-04,7.97027990026346993e-04,9.46490596415356582e-04,2.93228178316822550e-12,1.22399312907361946e-11
220,4.79423084372421031e-04,7.90720931286355614e-04,9.41670735131158450e-04,2.94481866293034031e-12,1.22399312907361946e-11
221,4.76731415896688223e-04,7.84473261678865800e-04,9.36890022745861628e-04,2.88622754007437318e-12,1.22399312907361946e-11
222,4.74067399305366007e-04,7.78264720774897965e-04,9.32146607433465414e-04,2.77784887353026209e-12,1.22399312907361946e-11
223,4.71429572016464511e-04,7.72198142109623746e-04,9.27441060055745302e-04,2.90664204705822928e-12,1.22399312907361946e-11
224,4.68819172199017671e-04,7.66268482845687982e-04,9.22773832147912856e-04,2.78392234434893011e-12,1.22399312907361946e-11
225,4.66233222247899968e-04,7.60453087156635877e-04,9.18142270051675513e-04,2.79396979110600577e-12,1.22399312907361946e-11
226,4.63670412616315854e-04,7.54555519880454511e-04,9.13548305128611643e-04,2.73383434261972692e-12,1.22399312907361946e-11
227,4.61141320802118087e-04,7.48707271328521323e-04,9.08993329641054554e-04,2.71593558642422467e-12,1.22399312907361946e-11
228,4.58629013924171714e-04,7.42914375285901540e-04,9.04483215899499864e-04,2.69225617024893780e-12,1.22399312907361946e-11
229,4.56143258891901623e-04,7.37148676899187063e-04,9.00014732239555861e-04,2.63197749438596641e-12,1.22399312907361946e-11
230,4.53681190455042086e-04,7.31367389143948530e-04,8.95580276863927279e-04,2.73398887658180713e-12,1.22399312907361946e-11
231,4.51242276403043222e-04,7.25645380084444626e-04,8.91176888117863140e-04,2.59587613910245790e-12,1.22399312907361946e-11
232,4.48824551771657618e-04,7.20028688016373201e-04,8.86807800197358552e-04,2.57932798177773913e-12,1.22399312907361946e-11
233,4.46432004963047142e-04,7.14596857481406261e-04,8.82473998168200918e-04,2.54845461810656673e-12,1.22399312907361946e-11
234,4.44066554506778344e-04,7.09179710443923520e-04,8.78176446622137429e-04,2.82706527511876715e-12,1.22399312907361946e-11
235,4.41723570934926220e-04,7.03824481672727991e-04,8.73915438638356279e-04,2.47816635918841680e-12,1.22399312907361946e-11
236,4.39404692438626900e-04,6.98698532605166551e-04,8.69695448940352531e-04,2.76563164608396052e-12,1.22399312907361946e-11
237,4.37108335752045486e-04,6.93348898495345389e-04,8.65510745277491412e-04,2.78468273901715806e-12,1.22399312907361946e-11
238,4.34825497555652669e-04,6.87967985642719618e-04,8.61362166970673247e-04,2.73026510983497133e-12,1.22399312907361946e-11
239,4.32566486221370192e-04,6.82570216727484340e-04,8.57250501303273788e-04,2.73388011489304091e-12,1.22399312907361946e-11
240,4.29825975640631488e-04,6.77250309703104534e-04,8.53168566704718160e-04,2.74898689214929283e-12,1.22399312907361946e-11
241,4.27308627316047031e-04,6.72049254345758297e-04,8.49119764396302399e-04,2.85868032869766362e-12,1.22399312907361946e-11
242,4.25046613064363377e-04,6.66887899673776572e-04,8.45104054479947631e-04,2.85722337369056718e-12,1.22399312907361946e-11
243,4.22878153683255967e-04,6.61852910211071328e-04,8.41122017471387213e-04,2.79367262667775013e-12,1.22399312907361946e-11
244,4.20756479631792177e-04,6.56818429882947800e-04,8.37173232640800371e-04,2.93455048378390617e-12,1.22399312907361946e-11
245,4.18661661482937675e-04,6.51655080966462275e-04,8.33255870289779997e-04,2.82809226937037033e-12,1.22399312907361946e-11
246,4.16590521322712153e-04,6.46617362702673281e-04,8.29370890056736060e-04,2.91329839129760921e-12,1.22399312907361946e-11
247,4.13467795702966018e-04,6.41738918453431135e-04,8.25511357298652814e-04,2.79236610022529354e-12,1.22399312907361946e-11
248,4.10683722341325221e-04,6.36887882035478661e-04,8.21680157668138941e-04,2.88699749660328206e-12,1.22399312907361946e-11
249,4.08319463234185363e-04,6.31955312524817999e-04,8.17879815242062314e-04,2.72739339689072632e-12,1.22399312907361946e-11
250,4.06145698844657932e-04,6.27074585702716504e-04,8.14111006320830210e-04,2.52286836605683503e-12,1.22399312907361946e-11
251,4.04069834368343036e-04,6.22251423972760859e-04,8.10373942941225835e-04,2.59884270132662787e-12,1.22399312907361946e-11
252,4.02050445017196909e-04,6.17514118063226076e-04,8.06668333747701861e-04,2.83319018565553150e-12,1.22399312907361946e-11
253,4.00067219907701522e-04,6.12702805272048604e-04,8.02993613882574007e-04,2.92339968739908080e-12,1.22399312907361946e-11
254,3.98108576213755574e-04,6.07967399812237410e-04,7.99353536244139956e-04,2.92037001279183685e-12,1.22399312907361946e-11
255,3.96167463186388065e-04,6.03331862479902629e-04,7.95749122088399504e-04,2.90586219332438059e-12,1.22399312907361946e-11
256,3.94241466318799420e-04,5.98731348502528618e-04,7.92176024454566206e-04,2.90590526517189978e-12,1.22399312907361946e-11
257,3.92334694826315992e-04,5.94242671225554231e-04,7.88632964136858398e-04,2.87567170010899172e-12,1.22399312907361946e-11
258,3.90440103068647999e-04,5.89700250011772429e-04,7.85119919892150546e-04,2.79265855407630840e-12,1.22399312907361946e-11
259,3.88557570058347898e-04,5.85187699430979313e-04,7.81636820727302467e-04,2.78970394615095895e-12,1.22399312907361946e-11
260,3.86687766987793297e-04,5.80702994316269292e-04,7.78183863931061564e-04,2.84719552899531635e-12,1.22399312907361946e-11
261,3.84832357469924312e-04,5.76263647721986759e-04,7.74763735831397586e-04,2.86449081381056964e-12,1.22399312907361946e-11
262,3.82992825913011940e-04,5.71873015157227881e-04,7.71374868393141051e-04,2.80803800408437661e-12,1.22399312907361946e-11
263,3.81176068090875383e-04,5.67503082621945002e-04,7.68015711147736874e-04,2.93913484894720163e-12,1.22399312907361946e-11
264,3.79365412133144016e-04,5.63206393860081608e-04,7.64685645744234317e-04,2.65566051031779769e-12,1.22399312907361946e-11
265,3.77568294506357399e-04,5.58963147065954353e-04,7.61384170858122721e-04,2.70111764668843973e-12,1.22399312907361946e-11
266,3.75786364945789161e-04,5.54718533125465592e-04,7.58110902166432262e-04,2.61066690965407627e-12,1.22399312907361946e-11
267,3.74015151425531513e-04,5.50469451798953871e-04,7.54865538215354300e-04,2.88363074390064070e-12,1.22399312907361946e-11
268,3.72258006515838581e-04,5.46205826488265758e-04,7.51646411760804509e-04,2.88314128269426412e-12,1.22399312907361946e-11
269,3.70514175701729706e-04,5.42057493025766674e-04,7.48454155961722121e-04,2.55146515066022045e-12,1.22399312907361946e-11
270,3.68783754694688927e-04,5.37979967141316421e-04,7.45288757080896764e-04,2.94258155429254903e-12,1.22399312907361946e-11
271,3.67064730449537452e-04,5.33960413222022779e-04,7.42150090891485650e-04,2.83245116728369895e-12,1.22399312907361946e-11
272,3.65361598774644532e-04,5.29927086323791672e-04,7.39038447258627182e-04,2.88835544509919743e-12,1.22399312907361946e-11
273,3.63672191743864002e-04,5.25905593000165154e-04,7.35953638273723391e-04,2.60784368570332335e-12,1.22399312907361946e-11
274,3.61995851993998511e-04,5.21947136813259325e-04,7.32894830897337689e-04,2.60735957976185025e-12,1.22399312907361946e-11
275,3.60333767951297884e-04,5.18050610987778426e-04,7.29861713475804205e-04,2.74504100777146521e-12,1.22399312907361946e-11
276,3.58685232359168336e-04,5.14319114327858548e-04,7.26857808381637478e-04,2.57304090240316307e-12,1.22399312907361946e-11
277,3.57047039716355461e-04,5.10382229687516816e-04,7.23878440346446763e-04,2.63550126204244285e-12,1.22399312907361946e-11
278,3.55420141036830715e-04,5.06430044877400937e-04,7.20922560794372671e-04,2.81976541578423498e-12,1.22399312907361946e-11
279,3.53806235750608129e-04,5.02564475463567872e-04,7.17991269252288072e-04,2.94154488063065800e-12,1.22399312907361946e-11
280,3.52206781423474412e-04,4.98852896484051314e-04,7.15084952012175093e-04,2.90342446926875465e-12,1.22399312907361946e-11
281,3.50621287406885579e-04,4.95016030680714729e-04,7.12201203416176678e-04,2.90125676360534013e-12,1.22399312907361946e-11
282,3.49048638974383952e-04,4.91251010706041363e-04,7.09339495338638074e-04,2.90475016502523520e-12,1.22399312907361946e-11
283,3.47487392299199041e-04,4.87558611824941211e-04,7.06500775328861757e-04,2.92058385655633316e-12,1.22399312907361946e-11
284,3.45939335484745693e-04,4.83798515246660135e-04,7.03684741320855390e-04,2.86854294776078886e-12,1.22399312907361946e-11
285,3.44403679913911050e-04,4.80029321200058448e-04,7.00892657144466932e-04,2.81615156468950342e-12,1.22399312907361946e-11
286,3.42881710118551973e-04,4.76196596323904934e-04,6.98125778099720901e-04,2.75875549890730055e-12,1.22399312907361946e-11
287,3.41370479692684953e-04,4.72473635991047533e-04,6.95383850515091996e-04,2.69057717484590330e-12,1.22399312907361946e-11
288,3.39871014903502476e-04,4.68909205547635112e-04,6.92666663621971379e-04,2.90932764410831717e-12,1.22399312907361946e-11
289,3.38383233525795478e-04,4.65468483839320411e-04,6.89973851166619367e-04,2.90452370842820863e-12,1.22399312907361946e-11
290,3.36906335672929600e-04,4.62029170559538258e-04,6.87306019599536779e-04,2.68744470460059923e-12,1.22399312907361946e-11
291,3.35440234334208613e-04,4.58709603862620622e-04,6.84665308893560461e-04,2.61629175456937332e-12,1.22399312907361946e-11
292,3.33983942095876670e-04,4.55363527668927403e-04,6.82049629570727150e-04,2.82196829396802022e-12,1.22399312907361946e-11
293,3.32537588558670053e-04,4.52006137469468340e-04,6.79457223831469808e-04,2.75740504132334756e-12,1.22399312907361946e-11
294,3.31101102934794084e-04,4.48657074334809179e-04,6.76888179042974296e-04,2.69141271273269755e-12,1.22399312907361946e-11
295,3.29675416423843085e-04,4.45422074164401134e-04,6.74344188081340873e-04,2.55942646250455162e-12,1.22399312907361946e-11
296,3.28259842450327993e-04,4.42160606626723770e-04,6.71821801139963143e-04,2.76267343695997743e-12,1.22399312907361946e-11
297,3.26854186527219463e-04,4.38781292748193321e-04,6.69317514115721894e-04,2.76488622918378441e-12,1.22399312907361946e-11
298,3.25458023323174433e-04,4.35574396409584832e-04,6.66832344504351710e-04,2.90565906360998775e-12,1.22399312907361946e-11
299,3.24072244586884122e-04,4.32423541168373816e-04,6.64367445668880940e-04,2.93523144810982307e-12,1.22399312907361946e-11
300,3.22701960996345054e-04,4.29356343623071770e-04,6.61923548030661133e-04,2.73180494721029437e-12,1.22399312907361946e-11
301,3.21345507175082538e-04,4.26337424770052351e-04,6.59502336929868515e-04,2.77250141938779014e-12,1.22399312907361946e-11
302,3.19997797920061058e-04,4.23304517434388195e-04,6.57102929628963447e-04,2.63533457357655349e-12,1.22399312907361946e-11
303,3.18651686620762616e-04,4.20333189455914717e-04,6.54725092613592133e-04,2.92187001692818252e-12,1.22399312907361946e-11
304,3.17312813293506529e-04,4.17402509070622610e-04,6.52369125885916899e-04,2.85825838406407213e-12,1.22399312907361946e-11
305,3.15982589459917643e-04,4.14373435950161819e-04,6.50034528197784411e-04,2.63924585788199253e-12,1.22399312907361946e-11
306,3.14661833416666125e-04,4.11294520211926415e-04,6.47719668882682149e-04,2.56186474832061421e-12,1.22399312907361946e-11
307,3.13350477068003808e-04,4.08343642935437992e-04,6.45427065555216378e-04,2.53610403858549803e-12,1.22399312907361946e-11
308,3.12049349076316688e-04,4.05345786755469464e-04,6.43154656432424424e-04,2.89746652642204321e-12,1.22399312907361946e-11
309,3.10757411384767553e-04,4.02537467520076863e-04,6.40904027918972122e-04,2.92660014534252337e-12,1.22399312907361946e-11
310,3.09472851128831620e-04,3.99643928910922122e-04,6.38672363436004124e-04,2.48890166879775674e-12,1.22399312907361946e-11
311,3.08194843500782700e-04,3.96720521235612272e-04,6.36458417759096424e-04,2.85610144427330618e-12,1.22399312907361946e-11
312,3.06930303124815630e-04,3.93870882711708735e-04,6.34263577917632405e-04,2.80814051464419400e-12,1.22399312907361946e-11
313,3.05681376838881852e-04,3.90891774511469968e-04,6.32087422014266992e-04,2.88090140680522376e-12,1.22399312907361946e-11
314,3.04437399097468248e-04,3.88038405486600027e-04,6.29929744313962128e-04,2.88690787003094415e-12,1.22399312907361946e-11
315,3.03200438312809439e-04,3.85262399138337655e-04,6.27790607673813319e-04,2.73812845838190080e-12,1.22399312907361946e-11
316,3.01971469737921628e-04,3.82495141388066134e-04,6.25670250264961144e-04,2.85587807599303744e-12,1.22399312907361946e-11
317,3.00750952729374524e-04,3.79784708120828990e-04,6.23567882593181917e-04,2.82107567465967925e-12,1.22399312907361946e-11
318,2.99538838246013635e-04,3.77136337144585228e-04,6.21484231902612945e-04,2.82817068917656146e-12,1.22399312907361946e-11
319,2.98334976434477795e-04,3.74408117260854900e-04,6.19417811706362642e-04,2.76676501285238084e-12,1.22399312907361946e-11
320,2.97139559689655762e-04,3.71673997374079692e-04,6.17368070052809557e-04,2.77888843752423501e-12,1.22399312907361946e-11
321,2.95952245666398616e-04,3.68990994300248882e-04,6.15334280694596514e-04,2.91063220909092834e-12,1.22399312907361946e-11
322,2.94765917144605596e-04,3.66349046392752675e-04,6.13316402839824575e-04,2.80984214584977243e-12,1.22399312907361946e-11
323,2.93593633835224790e-04,3.63745922948997564e-04,6.11315192237258959e-04,2.88012839524301481e-12,1.22399312907361946e-11
324,2.92431270559302832e-04,3.61275329944914909e-04,6.09333493460786435e-04,2.77300374505029716e-12,1.22399312907361946e-11
325,2.91278121991550446e-04,3.58758266228352389e-04,6.07368929131698937e-04,2.86128108223286436e-12,1.22399312907361946e-11
326,2.90135235488194062e-04,3.56230116533176469e-04,6.05420302126295621e-04,2.83084182908404466e-12,1.22399312907361946e-11
327,2.88997713607371204e-04,3.53722501785193636e-04,6.03487762108238920e-04,2.82733675033442784e-12,1.22399312907361946e-11
328,2.87866694223853328e-04,3.51211463810070356e-04,6.01571463884350709e-04,2.77121660945201720e-12,1.22399312907361946e-11
329,2.86742618493826399e-04,3.48602754728243871e-04,5.99670767524965848e-04,2.81479222476561995e-12,1.22399312907361946e-11
330,2.85625979392027402e-04,3.45976407932393115e-04,5.97785576760841977e-04,2.75673998698405399e-12,1.22399312907361946e-11
331,2.84516548680239655e-04,3.43343075907322172e-04,5.95916239389039887e-04,2.79050368775842122e-12,1.22399312907361946e-11
332,2.83413944098558654e-04,3.40826930683567667e-04,5.94063775594402647e-04,2.76430030853403936e-12,1.22399312907361946e-11
333,2.82318344581009766e-04,3.38387013564436735e-04,5.92228678256233603e-04,2.93353484877353136e-12,1.22399312907361946e-11
334,2.81228571733692953e-04,3.35922347459026340e-04,5.90407241073238886e-04,2.93793742389232441e-12,1.22399312907361946e-11
335,2.80146790030513825e-04,3.33556235280670424e-04,5.88599163514528069e-04,2.83275109925506474e-12,1.22399312907361946e-11
336,2.79070953631133990e-04,3.31211365557471376e-04,5.86803915249140256e-04,2.84661563327860223e-12,1.22399312907361946e-11
337,2.78001916731934230e-04,3.28932478211803965e-04,5.85021129434578529e-04,2.86640390727632477e-12,1.22399312907361946e-11
338,2.76938645071095942e-04,3.26651827464798626e-04,5.83251042011761491e-04,2.76531752656148472e-12,1.22399312907361946e-11
339,2.75158156385752611e-04,3.24408228668799704e-04,5.81487219371287735e-04,2.73534046567984282e-12,1.22399312907361946e-11
340,2.72619510043501886e-04,3.22264861115818899e-04,5.79721718372557893e-04,2.85296620027294934e-12,1.22399312907361946e-11
341,2.70970202723809842e-04,3.20056007165427580e-04,5.77963146931683423e-04,2.69490171021155348e-12,1.22399312907361946e-11
342,2.69634528016572618e-04,3.17861284259999611e-04,5.76214373438572948e-04,2.67743980345725492e-12,1.22399312907361946e-11
343,2.68460447561546351e-04,3.15686878702807158e-04,5.74476999154395485e-04,2.69953607587982107e-12,1.22399312907361946e-11
344,2.67369906316064076e-04,3.13723995282015405e-04,5.72751374811473124e-04,2.69010345416647077e-12,1.22399312907361946e-11
345,2.66319442573799056e-04,3.11771155182041229e-04,5.71037994304712609e-04,2.66683872016511604e-12,1.22399312907361946e-11
346,2.65306314917039749e-04,3.09748778589177549e-04,5.69337896622970586e-04,2.66012691532008583e-12,1.22399312907361946e-11
347,2.64487369880583238e-04,3.07715629988427491e-04,5.67652929171884812e-04,2.72917068225732298e-12,1.22399312907361946e-11
348,2.63478311026059278e-04,3.05654743528558097e-04,5.65981149416660157e-04,2.73443518310502811e-12,1.22399312907361946e-11
349,2.62478566845426842e-04,3.03578662652533742e-04,5.64321482974560092e-04,2.57901992338271085e-12,1.22399312907361946e-11
350,2.61479393822584144e-04,3.01524279007744488e-04,5.62674459217152680e-04,2.54789756773012800e-12,1.22399312907361946e-11
351,2.60481648375299809e-04,2.99464316324690445e-04,5.61040094840024243e-04,2.55585779891391945e-12,1.22399312907361946e-11
352,2.59485282929289480e-04,2.97437090941336660e-04,5.59417327661079788e-04,2.58279337962934384e-12,1.22399312907361946e-11
353,2.58492230694724857e-04,2.95426859062775343e-04,5.57805934038930595e-04,2.94497671888832552e-12,1.22399312907361946e-11
354,2.57502582298785743e-04,2.93398753650704071e-04,5.56205717511372845e-04,2.53615116235208383e-12,1.22399312907361946e-11
355,2.56516880752212517e-04,2.91425075099755728e-04,5.54616988559859152e-04,2.84976170457617877e-12,1.22399312907361946e-11
356,2.55535067121306491e-04,2.89436735282593612e-04,5.53039488456008241e-04,2.90374282982871037e-12,1.22399312907361946e-11
357,2.54556967497194576e-04,2.87461172740357748e-04,5.51472994840998001e-04,2.85460523574587523e-12,1.22399312907361946e-11
358,2.53582948829018690e-04,2.85465654012864148e-04,5.49917231615426301e-04,2.81219213626120815e-12,1.22399312907361946e-11
359,2.52613297860208993e-04,2.83502105917802832e-04,5.48371770867529069e-04,2.73298810725294232e-12,1.22399312907361946e-11
360,2.51647341184328048e-04,2.81397650520774851e-04,5.46834943038228402e-04,2.80012048470854156e-12,1.22399312907361946e-11
361,2.50686771292833060e-04,2.79361192751816458e-04,5.45307331830650064e-04,2.82920425125076952e-12,1.22399312907361946e-11
362,2.49731778916230558e-04,2.77423700192789549e-04,5.43789199369686810e-04,2.51598686459331047e-12,1.22399312907361946e-11
363,2.48782179143558567e-04,2.75562383239729423e-04,5.42281675248111258e-04,2.76057408149915903e-12,1.22399312907361946e-11
364,2.47838057503692300e-04,2.73721705044794564e-04,5.40783944244003492e-04,2.82301491798673637e-12,1.22399312907361946e-11
365,2.46899630265096320e-04,2.71899105805549414e-04,5.39296251910853161e-04,2.87586282271489199e-12,1.22399312907361946e-11
366,2.45965633358106095e-04,2.70120199760434101e-04,5.37819180450242241e-04,2.80173006098824671e-12,1.22399312907361946e-11
367,2.45037876110613397e-04,2.68386892921736999e-04,5.36353272519963240e-04,2.81125699853876905e-12,1.22399312907361946e-11
368,2.44116216594689130e-04,2.66622817928565802e-04,5.34898308309348660e-04,2.63657987828975585e-12,1.22399312907361946e-11
369,2.43200141377120056e-04,2.64937180274310861e-04,5.33454960382436492e-04,2.61312055506589277e-12,1.22399312907361946e-11
370,2.42289293512684830e-04,2.63272615595319345e-04,5.32023017716182212e-04,2.76467592406990806e-12,1.22399312907361946e-11
371,2.41383688686563224e-04,2.61501043749209580e-04,5.30601541711578709e-04,2.64238536461601662e-12,1.22399312907361946e-11
372,2.40483477388751788e-04,2.59733447381613257e-04,5.29189676761857063e-04,2.92881966688449410e-12,1.22399312907361946e-11
373,2.39589242631628425e-04,2.57992058577668994e-04,5.27786994155644449e-04,2.56016016132534169e-12,1.22399312907361946e-11
374,2.38700854805363566e-04,2.56157669363027537e-04,5.26393059486737042e-04,2.89480447801454696e-12,1.22399312907361946e-11
375,2.37818127491547422e-04,2.54428887435016380e-04,5.25008861035393035e-04,2.59639299651962356e-12,1.22399312907361946e-11
376,2.36940602044256806e-04,2.52658812120916312e-04,5.23633534913572657e-04,2.84720411644768694e-12,1.22399312907361946e-11
377,2.36068141938890739e-04,2.50958361600421066e-04,5.22267506458709259e-04,2.82736061909436556e-12,1.22399312907361946e-11
378,2.35200985713282832e-04,2.49354060745532382e-04,5.20911834086847320e-04,2.91189079623969356e-12,1.22399312907361946e-11
379,2.34339290303716254e-04,2.47745623965620824e-04,5.19565175497698449e-04,2.83125096226634271e-12,1.22399312907361946e-11
380,2.33483345227333334e-04,2.46152466677677971e-04,5.18227555249275171e-04,2.92306987156767131e-12,1.22399312907361946e-11
381,2.32632896648130017e-04,2.44539361949574314e-04,5.16898338062938330e-04,2.76170624715261028e-12,1.22399312907361946e-11
382,2.31788165080164732e-04,2.42825601724398966e-04,5.15576491834466503e-04,2.79359949161991222e-12,1.22399312907361946e-11
383,2.30948606204252484e-04,2.41120770123323560e-04,5.14262182975199801e-04,2.87565137026175532e-12,1.22399312907361946e-11
384,2.30113669572842914e-04,2.39504762426811900e-04,5.12955615309798932e-04,2.81247547142669240e-12,1.22399312907361946e-11
385,2.29283631683905291e-04,2.38014140807110182e-04,5.11657152448085511e-04,2.84107201656316012e-12,1.22399312907361946e-11
386,2.28458565542287521e-04,2.36576192731009272e-04,5.10367051584656754e-04,2.74128059044961918e-12,1.22399312907361946e-11
387,2.27638218695341111e-04,2.35182130118599772e-04,5.09085582666109638e-04,2.70753227925904390e-12,1.22399312907361946e-11
388,2.26822865902401489e-04,2.33678758976712311e-04,5.07812196968667894e-04,2.70966824526287871e-12,1.22399312907361946e-11
389,2.26012370055067227e-04,2.32196834638111335e-04,5.06546675672704064e-04,2.82612148790696289e-12,1.22399312907361946e-11
390,2.25206588921693894e-04,2.30763533608574305e-04,5.05288940438540740e-04,2.74766275318505370e-12,1.22399312907361946e-11
391,2.24406284696437858e-04,2.29326063832425856e-04,5.04039254503426217e-04,2.75048465739875341e-12,1.22399312907361946e-11
392,2.23611458918309547e-04,2.27905338650913390e-04,5.02797486648288213e-04,2.57798510720961817e-12,1.22399312907361946e-11
393,2.22821322128003823e-04,2.26437230606568659e-04,5.01563495239760993e-04,2.92203297037346324e-12,1.22399312907361946e-11
394,2.22035669741508818e-04,2.24996474908228288e-04,5.00337322102646751e-04,2.67155297128837916e-12,1.22399312907361946e-11
395,2.21254485775166965e-04,2.23546513434693067e-04,4.99119015576091106e-04,2.89505066765490299e-12,1.22399312907361946e-11
396,2.20478075940345807e-04,2.22111106748851310e-04,4.97907994928407254e-04,2.69397931990417546e-12,1.22399312907361946e-11
397,2.19705975277826514e-04,2.20709509149593015e-04,4.96704236046972272e-04,2.78729564140257427e-12,1.22399312907361946e-11
398,2.18938188589750651e-04,2.19295068567783118e-04,4.95507776651904095e-04,2.81471649954082827e-12,1.22399312907361946e-11
399,2.18176189059951254e-04,2.17901349028228953e-04,4.94318638895924656e-04,2.83065017886353401e-12,1.22399312907361946e-11
400,2.17418323990033028e-04,2.16537647518295429e-04,4.93136892595289486e-04,2.80115151994113958e-12,1.22399312907361946e-11
401,2.16663694756769959e-04,2.15174683036169423e-04,4.91962355119314465e-04,2.51021809135167715e-12,1.22399312907361946e-11
402,2.15912706873660966e-04,2.13791612556302624e-04,4.90794609350541288e-04,2.73276147428554113e-12,1.22399312907361946e-11
403,2.15165685706976542e-04,2.12422758327332034e-04,4.89633732362014301e-04,2.76458906819059700e-12,1.22399312907361946e-11
404,2.14423009349337754e-04,2.11076732567691387e-04,4.88479744640762893e-04,2.73782985585454019e-12,1.22399312907361946e-11
405,2.13684748883918239e-04,2.09762230217017462e-04,4.87332608689384963e-04,2.86986708745525359e-12,1.22399312907361946e-11
406,2.12950855576580882e-04,2.08465547499241897e-04,4.86192233900251472e-04,2.65529264280185654e-12,1.22399312907361946e-11
407,2.12221147148032271e-04,2.07201297845309733e-04,4.85058600885453065e-04,2.67959440226058486e-12,1.22399312907361946e-11
408,2.11495449448596037e-04,2.05955448148619006e-04,4.83931617317917161e-04,2.80433892171962538e-12,1.22399312907361946e-11
409,2.10773541354739990e-04,2.04667669288665814e-04,4.82811346859250668e-04,2.92126115091152181e-12,1.22399312907361946e-11
410,2.10055696783366093e-04,2.03378917934162346e-04,4.81697706708986476e-04,2.92572967451296602e-12,1.22399312907361946e-11
411,2.09341925618286215e-04,2.02113770518030504e-04,4.80590573084768908e-04,2.79750443878200381e-12,1.22399312907361946e-11
412,2.08632201614268321e-04,2.00815215004221642e-04,4.79489556240425454e-04,2.86393250504319915e-12,1.22399312907361946e-11
413,2.07926250905680687e-04,1.99561033161931489e-04,4.78394660645802537e-04,2.66263077366634088e-12,1.22399312907361946e-11
414,2.07224314281070671e-04,1.98304755665393978e-04,4.77305973722591515e-04,2.90320868323821539e-12,1.22399312907361946e-11
415,2.06526568076942292e-04,1.97076932934021047e-04,4.76223464090620870e-04,2.83337958635808358e-12,1.22399312907361946e-11
416,2.05832934046870072e-04,1.95862159688023671e-04,4.75147119567445771e-04,2.84115566779061196e-12,1.22399312907361946e-11
417,2.05143308665532801e-04,1.94651901672609139e-04,4.74077120108996907e-04,2.64623088280250454e-12,1.22399312907361946e-11
418,2.04457399544643068e-04,1.93475326533034037e-04,4.73013199707916863e-04,2.89414947729813740e-12,1.22399312907361946e-11
419,2.03775236228807680e-04,1.92270574359645809e-04,4.71955203136318236e-04,2.53681380559703133e-12,1.22399312907361946e-11
420,2.03096556397690638e-04,1.91070814720651293e-04,4.70903071996543277e-04,2.87763944378232278e-12,1.22399312907361946e-11
421,2.02421492138241094e-04,1.89904196450782226e-04,4.69856810287150848e-04,2.92166536429205465e-12,1.22399312907361946e-11
422,2.01750388306277132e-04,1.88749880566300288e-04,4.68816345145978738e-04,2.91748741970535710e-12,1.22399312907361946e-11
423,2.01082445990379580e-04,1.87606798117083374e-04,4.67781583197861923e-04,2.73283690834601825e-12,1.22399312907361946e-11
424,2.00418371809475167e-04,1.86483495546201035e-04,4.66752325383754194e-04,2.49857392931155189e-12,1.22399312907361946e-11
425,1.99757961659097005e-04,1.85287496497101099e-04,4.65728725827538965e-04,2.85743024800050980e-12,1.22399312907361946e-11
426,1.99100753221592074e-04,1.84091844025255797e-04,4.64710732807341895e-04,2.94289551883217033e-12,1.22399312907361946e-11
427,1.98446889162887216e-04,1.82926904815806945e-04,4.63698066853524362e-04,2.65637106877270256e-12,1.22399312907361946e-11
428,1.97796339419040076e-04,1.81799064140504877e-04,4.62690898528644043e-04,2.75437255105934529e-12,1.22399312907361946e-11
429,1.97148689026680320e-04,1.80711237766328529e-04,4.61689073109096133e-04,2.72147222781146229e-12,1.22399312907361946e-11
430,1.96504318044801718e-04,1.79627985244735453e-04,4.60692605624787041e-04,2.63167852229982228e-12,1.22399312907361946e-11
431,1.95863279767717624e-04,1.78574171214672135e-04,4.59701416160846366e-04,2.76763097789399573e-12,1.22399312907361946e-11
432,1.95225755225059182e-04,1.77568346732255827e-04,4.58715350510535366e-04,2.89552194206780774e-12,1.22399312907361946e-11
433,1.94591685067026416e-04,1.76598488902411020e-04,4.57734376065033503e-04,2.81928156601259356e-12,1.22399312907361946e-11
434,1.93960756980783333e-04,1.75566321354166089e-04,4.56758475948630747e-04,2.87733444952017785e-12,1.22399312907361946e-11
435,1.93333235106638165e-04,1.74541025858265976e-04,4.55787567977179590e-04,2.92732482176965539e-12,1.22399312907361946e-11
436,1.92709027084755473e-04,1.73500779761751956e-04,4.54821720981004880e-04,2.73914382497314951e-12,1.22399312907361946e-11
437,1.92088094149566000e-04,1.72469432378494816e-04,4.53860894974575022e-04,2.88251485358558802e-12,1.22399312907361946e-11
438,1.91470388026085826e-04,1.71451539073040095e-04,4.52905031331767721e-04,2.72567601389964117e-12,1.22399312907361946e-11
439,1.90855868090653670e-04,1.70469826921179071e-04,4.51953913468353043e-04,2.79723414470233889e-12,1.22399312907361946e-11
440,1.90245455292212560e-04,1.69476077439471341e-04,4.51007628292139412e-04,2.91391674822161531e-12,1.22399312907361946e-11
441,1.89637178932098725e-04,1.68483263615945350e-04,4.50066170461820275e-04,2.89886193498955686e-12,1.22399312907361946e-11
442,1.89031864038701386e-04,1.67498178589958334e-04,4.49129500104567989e-04,2.84268902047150292e-12,1.22399312907361946e-11
443,1.88429627762890087e-04,1.66521173278609086e-04,4.48197575856694908e-04,2.82234557270285952e-12,1.22399312907361946e-11
444,1.87830422785697343e-04,1.65551780681355689e-04,4.47270351649874792e-04,2.91726093397669422e-12,1.22399312907361946e-11
445,1.87234235974531843e-04,1.64604390024963143e-04,4.46347712515620168e-04,2.71233487949247163e-12,1.22399312907361946e-11
446,1.86640975369145736e-04,1.63686109412639665e-04,4.45429570796683255e-04,2.76279136380671693e-12,1.22399312907361946e-11
447,1.86049511952438566e-04,1.62702110702394736e-04,4.44516213442295303e-04,2.93895182912536374e-12,1.22399312907361946e-11
448,1.85460595399814822e-04,1.61695492849632609e-04,4.43607492075010130e-04,2.93882891862365371e-12,1.22399312907361946e-11
449,1.84874586755113564e-04,1.60709585376722012e-04,4.42703192165120100e-04,2.92683972117764031e-12,1.22399312907361946e-11
450,1.84291450558378422e-04,1.59787304994367456e-04,4.41803194987228185e-04,2.89406974078051456e-12,1.22399312907361946e-11
451,1.83711060878739173e-04,1.58845604848010451e-04,4.40907617608538352e-04,2.87823549652545479e-12,1.22399312907361946e-11
452,1.83133584223323266e-04,1.57897798263287661e-04,4.40016465404970201e-04,2.86943530345829760e-12,1.22399312907361946e-11
453,1.82558948199514114e-04,1.56988919139461477e-04,4.39129697013426377e-04,2.87982626410276555e-12,1.22399312907361946e-11
454,1.81987074556358311e-04,1.56077996912307035e-04,4.38247260027430855e-04,2.87469475489375081e-12,1.22399312907361946e-11
455,1.81417888668688484e-04,1.55167322788335720e-04,4.37369161125694770e-04,2.84959725405019326e-12,1.22399312907361946e-11
456,1.80851331288776028e-04,1.54273046319981208e-04,4.36495359347218120e-04,2.83679981021877732e-12,1.22399312907361946e-11
457,1.80287319070207379e-04,1.53403234354259260e-04,4.35625849144820570e-04,2.81636034416419850e-12,1.22399312907361946e-11
458,1.79726608446633117e-04,1.52520648999381617e-04,4.34760570139050030e-04,2.82096501967572254e-12,1.22399312907361946e-11
459,1.79168925632075196e-04,1.51705895724551604e-04,4.33899263043121641e-04,2.78651604552795734e-12,1.22399312907361946e-11
460,1.78614036424179300e-04,1.50897610708523535e-04,4.33041913346517778e-04,2.79846535531524616e-12,1.22399312907361946e-11
461,1.78061598288215114e-04,1.50039775379369277e-04,4.32188740937180062e-04,2.77017198043315372e-12,1.22399312907361946e-11
462,1.77512163139498144e-04,1.49194391584919528e-04,4.31339523470372394e-04,2.76282387382347770e-12,1.22399312907361946e-11
463,1.76965557567282150e-04,1.48345859483776823e-04,4.30494288356671347e-04,2.82774799924080895e-12,1.22399312907361946e-11
464,1.76421576059705644e-04,1.47511536030256143e-04,4.29652963752092439e-04,2.75143411991716707e-12,1.22399312907361946e-11
465,1.75880192992978156e-04,1.46709334848057831e-04,4.28815507061451454e-04,2.75485939177186874e-12,1.22399312907361946e-11
466,1.75341387662036397e-04,1.45897332725517334e-04,4.27981931363315973e-04,2.72607609071770289e-12,1.22399312907361946e-11
467,1.74805172736236953e-04,1.45095221305365884e-04,4.27152142532016767e-04,2.93673566254798272e-12,1.22399312907361946e-11
468,1.74271515568504216e-04,1.44286797498370409e-04,4.26326081055224961e-04,2.69801035067081877e-12,1.22399312907361946e-11
469,1.73740308603714035e-04,1.43472302742758500e-04,4.25503880843490468e-04,2.81534525310916614e-12,1.22399312907361946e-11
470,1.73211319173502507e-04,1.42675012035936740e-04,4.24685432868207049e-04,2.94344074063792929e-12,1.22399312907361946e-11
471,1.72684811586719421e-04,1.41888034130429691e-04,4.23870698270593330e-04,2.78297460847097534e-12,1.22399312907361946e-11
472,1.72160829780715254e-04,1.41116540152939462e-04,4.23059549393784687e-04,2.79636097508501358e-12,1.22399312907361946e-11
473,1.71639297914921100e-04,1.40348756981460932e-04,4.22251980665559561e-04,2.71892974623469593e-12,1.22399312907361946e-11
474,1.71120189417619097e-04,1.39576382874853736e-04,4.21448091251200492e-04,2.91354938718576254e-12,1.22399312907361946e-11
475,1.70603547824306609e-04,1.38812249329070233e-04,4.20647871581305243e-04,2.93503527015676672e-12,1.22399312907361946e-11
476,1.70089292738976157e-04,1.38058139682716496e-04,4.19851196746648056e-04,2.89258039489390214e-12,1.22399312907361946e-11
477,1.69577506600906400e-04,1.37304770256897990e-04,4.19058050856409401e-04,2.87391239497520089e-12,1.22399312907361946e-11
478,1.69068073125223570e-04,1.36574660798185902e-04,4.18268181656325034e-04,2.72379969163909868e-12,1.22399312907361946e-11
479,1.68560786424642176e-04,1.35838431012891633e-04,4.17481711755171006e-04,2.83959544557476299e-12,1.22399312907361946e-11
480,1.68055854518130588e-04,1.35092823095212309e-04,4.16698653708163082e-04,2.89594429810214792e-12,1.22399312907361946e-11
481,1.67553253034074704e-04,1.34360982200078846e-04,4.15918983363709890e-04,2.82482534209936566e-12,1.22399312907361946e-11
482,1.67052945614966700e-04,1.33628978580153246e-04,4.15142689368136486e-04,2.90550447046808487e-12,1.22399312907361946e-11
483,1.66554961946576937e-04,1.32900220198137479e-04,4.14369757186973972e-04,2.80749435202724022e-12,1.22399312907361946e-11
484,1.66059229332045084e-04,1.32180749794293979e-04,4.13600166458055426e-04,2.80342594952148004e-12,1.22399312907361946e-11
485,1.65565725819477008e-04,1.31463088721936249e-04,4.12833922612848678e-04,2.78913572320626078e-12,1.22399312907361946e-11
486,1.65074396762323163e-04,1.30759201677078317e-04,4.12070995039984494e-04,2.79618261892674524e-12,1.22399312907361946e-11
487,1.64585236830142083e-04,1.30068399557220157e-04,4.11311226794226336e-04,2.94041881228361535e-12,1.22399312907361946e-11
488,1.64098389307895735e-04,1.29355359238054205e-04,4.10554804304140094e-04,2.94057665226927193e-12,1.22399312907361946e-11
489,1.63613706904772112e-04,1.28656362480212536e-04,4.09801670266250273e-04,2.92850955410444773e-12,1.22399312907361946e-11
490,1.63131172056944952e-04,1.27973593973721204e-04,4.09051786516007336e-04,2.92471076963443844e-12,1.22399312907361946e-11
491,1.62650769078151203e-04,1.27297546141858880e-04,4.08305103830851226e-04,2.91589629249044567e-12,1.22399312907361946e-11
492,1.62172504421783238e-04,1.26626675464624030e-04,4.07561573446542174e-04,2.77868382578522605e-12,1.22399312907361946e-11
493,1.61696373368808193e-04,1.25954520219338914e-04,4.06821188660404600e-04,2.89334985821592246e-12,1.22399312907361946e-11
494,1.61222373485215149e-04,1.25271795456339348e-04,4.06084010496063894e-04,2.88845111151384492e-12,1.22399312907361946e-11
495,1.60750387402331844e-04,1.24594495203224787e-04,4.05350076678163778e-04,2.71237399836015964e-12,1.22399312907361946e-11
496,1.60280448430825923e-04,1.23937406359850408e-04,4.04619222735922422e-04,2.87988947876549524e-12,1.22399312907361946e-11
497,1.59812642055954038e-04,1.23275869643455204e-04,4.03891493311675498e-04,2.93359284466171262e-12,1.22399312907361946e-11
498,1.59346910999152405e-04,1.22617081592824126e-04,4.03166842723627476e-04,2.68906411904992286e-12,1.22399312907361946e-11
499,1.58883128867172782e-04,1.21979402396557189e-04,4.02445242980763087e-04,2.84806633827795802e-12,1.22399312907361946e-11
500,1.58421335132763995e-04,1.21345727489118125e-04,4.01726659202428194e-04,2.66757390820401482e-12,1.22399312907361946e-11
501,1.57961596162559044e-04,1.20711421099282658e-04,4.01011116955097516e-04,2.85484943665390508e-12,1.22399312907361946e-11
502,1.57503956774727695e-04,1.20088246176046080e-04,4.00298471289730489e-04,2.83786467795233328e-12,1.22399312907361946e-11
503,1.57048428183174889e-04,1.19475903821151822e-04,3.99588658289158952e-04,2.89235781421401754e-12,1.22399312907361946e-11
504,1.56594859186692955e-04,1.18862258343749836e-04,3.98881700314082622e-04,2.85529191017427582e-12,1.22399312907361946e-11
505,1.56143303036965962e-04,1.18251400248301235e-04,3.98177697653413765e-04,2.85261710713180701e-12,1.22399312907361946e-11
506,1.55693738434387519e-04,1.17648938793855936e-04,3.97476474798919813e-04,2.80284764293263041e-12,1.22399312907361946e-11
507,1.55246140611808246e-04,1.17058991412026818e-04,3.96777867082215286e-04,2.68069641393451458e-12,1.22399312907361946e-11
508,1.54800482621484574e-04,1.16453299004317160e-04,3.96082111043707344e-04,2.80609905938835797e-12,1.22399312907361946e-11
509,1.54356677146716734e-04,1.15856774446287098e-04,3.95389150171030184e-04,2.77407243908332578e-12,1.22399312907361946e-11
510,1.53914352955665892e-04,1.15274333600029377e-04,3.94698853756715031e-04,2.82772480601849418e-12,1.22399312907361946e-11
511,1.53474065609602998e-04,1.14698811820923371e-04,3.94010983249648615e-04,2.75391908119930380e-12,1.22399312907361946e-11
512,1.53035406455570713e-04,1.14113253991079549e-04,3.93325751871070807e-04,2.77015237152777814e-12,1.22399312907361946e-11
513,1.52598711509259948e-04,1.13538967806393209e-04,3.92643105096983445e-04,2.74275477244802475e-12,1.22399312907361946e-11
514,1.52163847328689797e-04,1.12974141691773541e-04,3.91962964641988289e-04,2.73390877280765079e-12,1.22399312907361946e-11
515,1.51730758103185438e-04,1.12413442591020348e-04,3.91285318556296039e-04,2.73513542329496405e-12,1.22399312907361946e-11
516,1.51299524901239122e-04,1.11856113979918746e-04,3.90610176596716148e-04,2.71723816179708226e-12,1.22399312907361946e-11
517,1.50870132535005916e-04,1.11299670215894250e-04,3.89937588587579531e-04,2.59888582879591250e-12,1.22399312907361946e-11
518,1.50442578544436053e-04,1.10746762954317901e-04,3.89267552097928083e-04,2.69410716103736019e-12,1.22399312907361946e-11
519,1.50016858775778647e-04,1.10200682643763208e-04,3.88599993492426562e-04,2.74073937202333113e-12,1.22399312907361946e-11
520,1.49592947353524173e-04,1.09659339115087982e-04,3.87934923886005395e-04,2.69061949138672521e-12,1.22399312907361946e-11
521,1.49170837897377766e-04,1.09118558896501637e-04,3.87272379756007485e-04,2.80636269532799031e-12,1.22399312907361946e-11
522,1.48750665953027868e-04,1.08582019319885086e-04,3.86612352471334825e-04,2.67529567036519197e-12,1.22399312907361946e-11
523,1.48332164393108137e-04,1.08047980001008923e-04,3.85954828635493160e-04,2.74505231026427542e-12,1.22399312907361946e-11
524,1.47915200445121665e-04,1.07518456272210196e-04,3.85299783568292524e-04,2.67640051601172307e-12,1.22399312907361946e-11
525,1.47500306127519636e-04,1.06993075798713277e-04,3.84647193680490434e-04,2.84862558025587453e-12,1.22399312907361946e-11
526,1.47087113093868888e-04,1.06471527016318895e-04,3.83997041689713764e-04,2.64686593723332239e-12,1.22399312907361946e-11
527,1.46675537704878670e-04,1.05953994379327828e-04,3.83349323403199733e-04,2.64205847177560724e-12,1.22399312907361946e-11
528,1.46265650414975049e-04,1.05429234768932278e-04,3.82704010804822139e-04,2.63241502500938834e-12,1.22399312907361946e-11
529,1.45857443396642261e-04,1.04908739790777905e-04,3.82061120949918592e-04,2.63186710699330934e-12,1.22399312907361946e-11
530,1.45450909747807427e-04,1.04397105767462561e-04,3.81420660754838204e-04,2.63242423148095184e-12,1.22399312907361946e-11
531,1.45046226915139558e-04,1.03893990617371759e-04,3.80782552241754686e-04,2.66952855933443333e-12,1.22399312907361946e-11
532,1.44643005363267465e-04,1.03401171739434138e-04,3.80146636422799106e-04,2.61020053508977243e-12,1.22399312907361946e-11
533,1.44241360536758356e-04,1.02903842125822676e-04,3.79513056757168189e-04,2.61599608741004767e-12,1.22399312907361946e-11
534,1.43841371695002001e-04,1.02406837817207479e-04,3.78881932804003060e-04,2.60044824681849099e-12,1.22399312907361946e-11
535,1.43443028089293656e-04,1.01913665482374839e-04,3.78253246992984495e-04,2.58103763619570695e-12,1.22399312907361946e-11
536,1.43046347267486277e-04,1.01424090013033428e-04,3.77626931915748013e-04,2.57320411296643327e-12,1.22399312907361946e-11
537,1.42651363765281122e-04,1.00941425421901545e-04,3.77002902288934736e-04,2.57546717865301509e-12,1.22399312907361946e-11
538,1.42257832452868482e-04,1.00458204781484243e-04,3.76381188893973231e-04,2.48185415491019939e-12,1.22399312907361946e-11
539,1.41866103142543863e-04,9.99780250697801927e-05,3.75761763824332298e-04,2.55387724200117766e-12,1.22399312907361946e-11
540,1.41475734424810744e-04,9.95049476501939678e-05,3.75144578065853918e-04,2.88778203680987975e-12,1.22399312907361946e-11
541,1.41086920523614024e-04,9.90404082110596005e-05,3.74529513714276865e-04,2.58328538558711308e-12,1.22399312907361946e-11
542,1.40699684017160474e-04,9.85796452246400938e-05,3.73916546510876012e-04,2.55439868053968485e-12,1.22399312907361946e-11
543,1.40314001095774186e-04,9.81217075229656754e-05,3.73305722164052019e-04,2.54686868188883534e-12,1.22399312907361946e-11
544,1.39929812581074078e-04,9.76665902505452954e-05,3.72697015831744023e-04,2.54424954347154278e-12,1.22399312907361946e-11
545,1.39547136427160541e-04,9.72163885688867010e-05,3.72090356142180142e-04,2.53520571524658215e-12,1.22399312907361946e-11
546,1.39166022941127515e-04,9.67694110652869336e-05,3.71485717594106544e-04,2.57417211627552468e-12,1.22399312907361946e-11
547,1.38786419956907773e-04,9.63221503946881349e-05,3.70883129710192965e-04,2.52546766722687394e-12,1.22399312907361946e-11
548,1.38408414384069125e-04,9.59266282024805975e-05,3.70282369269289073e-04,2.54865305294044754e-12,1.22399312907361946e-11
549,1.38029007966096305e-04,9.55190720796532183e-05,3.69683628417113151e-04,2.74175419288685551e-12,1.22399312907361946e-11
550,1.37648583767846462e-04,9.50793095552135772e-05,3.69087030832795449e-04,2.52016844278723675e-12,1.22399312907361946e-11
551,1.37269397838667476e-04,9.46479831482232773e-05,3.68492538349225870e-04,2.86462853742930922e-12,1.22399312907361946e-11
552,1.36891914046948686e-04,9.42153617982542570e-05,3.67900182902670438e-04,2.57598600276904397e-12,1.22399312907361946e-11
553,1.36516507616599978e-04,9.37806023650410527e-05,3.67310057219780704e-04,2.53750385331589348e-12,1.22399312907361946e-11
554,1.36143009987544972e-04,9.33536694985919672e-05,3.66722065822913570e-04,2.56630063175183109e-12,1.22399312907361946e-11
555,1.35770961543941457e-04,9.29327690119429215e-05,3.66136139930413101e-04,2.94045557835836302e-12,1.22399312907361946e-11
556,1.35400560030228827e-04,9.25183235344090456e-05,3.65552125062316134e-04,2.51778814038716574e-12,1.22399312907361946e-11
557,1.35031858136858748e-04,9.21082854810667306e-05,3.64969998258254686e-04,2.54021869636846296e-12,1.22399312907361946e-11
558,1.34664826367659275e-04,9.17008582445445443e-05,3.64389777510912651e-04,2.51161871499468688e-12,1.22399312907361946e-11
559,1.34299431404657084e-04,9.12939614545030703e-05,3.63811446134011153e-04,2.75911516804207021e-12,1.22399312907361946e-11
560,1.33935620411994712e-04,9.08913046755827037e-05,3.63234843802076645e-04,2.93159580847504996e-12,1.22399312907361946e-11
561,1.33573302376444796e-04,9.04937442419199528e-05,3.62659990819380357e-04,2.54600777841823250e-12,1.22399312907361946e-11
562,1.33212510930919329e-04,9.00949257857756451e-05,3.62087035753491453e-04,2.50615136429094918e-12,1.22399312907361946e-11
563,1.32853237107307119e-04,8.96942715176628170e-05,3.61516068089885658e-04,2.94556163926278041e-12,1.22399312907361946e-11
564,1.32495150265439900e-04,8.92975511560238514e-05,3.60947048452852812e-04,2.93839000355803618e-12,1.22399312907361946e-11
565,1.32138595384938170e-04,8.89050278981520672e-05,3.60379958177342238e-04,2.50078546447692258e-12,1.22399312907361946e-11
566,1.31783757283426053e-04,8.85156730086976423e-05,3.59814738265386346e-04,2.93803747871965272e-12,1.22399312907361946e-11
567,1.31430344633324110e-04,8.81221566797350033e-05,3.59251579115614993e-04,2.59713531227674534e-12,1.22399312907361946e-11
568,1.31078384517356833e-04,8.77363034753916686e-05,3.58690386512614391e-04,2.51655449325109961e-12,1.22399312907361946e-11
569,1.30727822026451923e-04,8.73552791356331661e-05,3.58131062731406147e-04,2.67520048579312818e-12,1.22399312907361946e-11
570,1.30378685300531089e-04,8.69788556760038003e-05,3.57573383853647462e-04,2.92607656969081761e-12,1.22399312907361946e-11
571,1.30030979847528717e-04,8.66039057138110087e-05,3.57017434055533975e-04,2.52201186365746028e-12,1.22399312907361946e-11
572,1.29684687461570499e-04,8.62252149386988061e-05,3.56463430174249851e-04,2.51900456809880901e-12,1.22399312907361946e-11
573,1.29339857993599253e-04,8.58519821304617304e-05,3.55911343089680460e-04,2.67308706829543234e-12,1.22399312907361946e-11
574,1.28996497202126458e-04,8.54811785465699073e-05,3.55361188213608058e-04,2.94472268551421676e-12,1.22399312907361946e-11
575,1.28654529402934568e-04,8.51122345803546063e-05,3.54812988838384090e-04,2.52437069303456215e-12,1.22399312907361946e-11
576,1.28313714769330870e-04,8.47509376945422256e-05,3.54266545985962441e-04,2.52460662109881161e-12,1.22399312907361946e-11
577,1.27974576097765458e-04,8.43865287727428375e-05,3.53721977041246665e-04,2.94254647416956863e-12,1.22399312907361946e-11
578,1.27637025247924165e-04,8.40276107743969199e-05,3.53179263430352362e-04,2.76881455439245022e-12,1.22399312907361946e-11
579,1.27300782236408302e-04,8.36719079167070722e-05,3.52638347243118978e-04,2.50931957158669354e-12,1.22399312907361946e-11
580,1.26965647331907737e-04,8.33189585581385487e-05,3.52099177222836102e-04,2.50926982977577712e-12,1.22399312907361946e-11
581,1.26631801311023843e-04,8.29704150844651857e-05,3.51561626037607893e-04,2.87773980946303476e-12,1.22399312907361946e-11
582,1.26299235953286198e-04,8.26216920369634948e-05,3.51025769583679479e-04,2.51876357415755826e-12,1.22399312907361946e-11
583,1.25967948811096906e-04,8.22753979954431825e-05,3.50491602921529193e-04,2.51853980159644301e-12,1.22399312907361946e-11
584,1.25421590635500134e-04,8.19314762175377468e-05,3.49956665049081569e-04,2.52291988379837146e-12,1.22399312907361946e-11
585,1.24513085814777110e-04,8.15885569092520910e-05,3.49416310302161533e-04,2.54118349283537985e-12,1.22399312907361946e-11
586,1.24037384342830123e-04,8.12474449082292119e-05,3.48875666957469785e-04,2.57104812618945600e-12,1.22399312907361946e-11
587,1.23622546568204287e-04,8.09195804542127872e-05,3.48334736736865907e-04,2.56937938609994567e-12,1.22399312907361946e-11
588,1.23255777966928791e-04,8.06036281714422317e-05,3.47794220554797960e-04,2.58673338131423611e-12,1.22399312907361946e-11
589,1.22915495756052365e-04,8.02974045194996779e-05,3.47254716878747844e-04,2.60701988639318495e-12,1.22399312907361946e-11
590,1.22588113225885129e-04,7.99976371194988686e-05,3.46716580888030499e-04,2.57240350345084063e-12,1.22399312907361946e-11
591,1.22265729587488930e-04,7.97025131974603615e-05,3.46180016622202119e-04,2.56910972423272777e-12,1.22399312907361946e-11
592,1.21944116920016336e-04,7.94108324457659518e-05,3.45645147903163026e-04,2.61325864450503812e-12,1.22399312907361946e-11
593,1.21621348900818928e-04,7.91216946291308708e-05,3.45112058049350115e-04,2.59232165234127106e-12,1.22399312907361946e-11
594,1.21296830617986567e-04,7.88344208824961297e-05,3.44580808065420496e-04,2.57869816955033668e-12,1.22399312907361946e-11
595,1.20970713151696214e-04,7.85485492051661208e-05,3.44051442130789773e-04,2.57140979311909578e-12,1.22399312907361946e-11
596,1.20642689874414269e-04,7.82631132510938117e-05,3.43524046146177374e-04,2.57231072319537623e-12,1.22399312907361946e-11
597,1.20314299545914671e-04,7.79788091008985757e-05,3.42998629852106409e-04,2.57565049633833772e-12,1.22399312907361946e-11
598,1.19986591819945616e-04,7.76943873056362033e-05,3.42475244488410599e-04,2.57946753669450815e-12,1.22399312907361946e-11
599,1.19659702818205436e-04,7.74114118252862020e-05,3.41953865357005980e-04,2.57998265014155249e-12,1.22399312907361946e-11
600,1.19334784197675946e-04,7.71296765030431728e-05,3.41434460654536378e-04,2.76215148601322398e-12,1.22399312907361946e-11
601,1.19010664835922996e-04,7.68488524669058422e-05,3.40917002747598361e-04,2.58139148419541610e-12,1.22399312907361946e-11
602,1.18688575470256787e-04,7.65680171789479371e-05,3.40401476348232827e-04,2.58781700554648437e-12,1.22399312907361946e-11
603,1.18368634560383815e-04,7.62885913652324707e-05,3.39887866401316664e-04,2.58615364775037401e-12,1.22399312907361946e-11
604,1.18050957731707603e-04,7.60104593552204727e-05,3.39376155435715525e-04,2.93140652628995014e-12,1.22399312907361946e-11
605,1.17735605364624365e-04,7.57335242918109495e-05,3.38866324705657657e-04,2.59629762427221596e-12,1.22399312907361946e-11
606,1.17422583995994767e-04,7.54583715190859980e-05,3.38358297290819053e-04,2.59776768013156075e-12,1.22399312907361946e-11
607,1.17111884374747287e-04,7.51872870141543698e-05,3.37851927250270505e-04,2.62666598322919971e-12,1.22399312907361946e-11
608,1.16803387261007617e-04,7.49145934380507155e-05,3.37347352201867816e-04,2.62350014812743916e-12,1.22399312907361946e-11
609,1.16497075657119126e-04,7.46409316912324822e-05,3.36844656587602419e-04,2.61738562278965942e-12,1.22399312907361946e-11
610,1.16192892910454371e-04,7.43690974385596951e-05,3.36343806326415591e-04,2.70201988417204819e-12,1.22399312907361946e-11
611,1.15890775230827900e-04,7.40989159616686083e-05,3.35844755401548841e-04,2.81371609995377282e-12,1.22399312907361946e-11
612,1.15590642981677351e-04,7.38304831694055569e-05,3.35347464689150277e-04,2.63244071304395773e-12,1.22399312907361946e-11
613,1.15292428365894737e-04,7.35635071282761133e-05,3.34851908272756427e-04,2.67508295276662595e-12,1.22399312907361946e-11
614,1.14996039999390852e-04,7.32971402303597133e-05,3.34358014571789074e-04,2.65380028455816449e-12,1.22399312907361946e-11
615,1.14701420287329297e-04,7.30324896747887287e-05,3.33865814016686498e-04,2.64962888390127689e-12,1.22399312907361946e-11
616,1.14408471172029269e-04,7.27693302968417241e-05,3.33375299471379023e-04,2.71399349682314402e-12,1.22399312907361946e-11
617,1.14117133698911282e-04,7.25075239540997680e-05,3.32886454804879803e-04,2.65891848096326103e-12,1.22399312907361946e-11
618,1.13827191217150017e-04,7.22476497870149539e-05,3.32399239850407425e-04,2.51028760468899692e-12,1.22399312907361946e-11
619,1.13538731506779856e-04,7.19903491053066545e-05,3.31913606992172378e-04,2.94260426251550968e-12,1.22399312907361946e-11
620,1.13251810273061243e-04,7.17325213624375805e-05,3.31429585265574449e-04,2.76254723340485961e-12,1.22399312907361946e-11
621,1.12966342523517947e-04,7.14758442014508264e-05,3.30947166186767636e-04,2.81200878764711694e-12,1.22399312907361946e-11
622,1.12682257043702610e-04,7.12208501451425422e-05,3.30466276902055555e-04,2.72840885717206448e-12,1.22399312907361946e-11
623,1.12399467241260879e-04,7.09668918003986490e-05,3.29986949303212259e-04,2.72754863711020774e-12,1.22399312907361946e-11
624,1.12117965083997090e-04,7.07143862036704581e-05,3.29509119013675291e-04,2.70346804231736788e-12,1.22399312907361946e-11
625,1.11838355476985815e-04,7.04651326768098433e-05,3.29032734380364778e-04,2.71453300740723988e-12,1.22399312907361946e-11
626,1.11559808567535104e-04,7.02152642926306183e-05,3.28557892547855766e-04,2.53691591921615053e-12,1.22399312907361946e-11
627,1.11280839670726522e-04,6.99661701664058692e-05,3.28084581842777814e-04,2.72060715449453031e-12,1.22399312907361946e-11
628,1.11003885323910178e-04,6.97182494215036998e-05,3.27612792387541128e-04,2.72078056192889355e-12,1.22399312907361946e-11
629,1.10728143139673821e-04,6.94715706178326609e-05,3.27142507383316561e-04,2.71803985953630751e-12,1.22399312907361946e-11
630,1.10453721458975102e-04,6.92243226494565093e-05,3.26673796170622250e-04,2.92362528567395098e-12,1.22399312907361946e-11
631,1.10180261255880108e-04,6.89778751957970603e-05,3.26206695784221254e-04,2.55013551571622172e-12,1.22399312907361946e-11
632,1.09907936290803287e-04,6.87339770457069346e-05,3.25741120117869262e-04,2.57466506968479139e-12,1.22399312907361946e-11
633,1.09636770645047876e-04,6.84917867695391180e-05,3.25277021028593481e-04,2.53824569211407843e-12,1.22399312907361946e-11
634,1.09366700518271520e-04,6.82509855060341929e-05,3.24814372841678142e-04,2.79587633563090816e-12,1.22399312907361946e-11
635,1.09097708249018124e-04,6.80114719907889514e-05,3.24353158740895635e-04,2.76026668032918462e-12,1.22399312907361946e-11
636,1.08829766707477086e-04,6.77731785861305602e-05,3.23893368268137730e-04,2.77115910350328273e-12,1.22399312907361946e-11
637,1.08562867754962350e-04,6.75358206567783692e-05,3.23434994814585791e-04,2.79839023042021919e-12,1.22399312907361946e-11
638,1.08296993856606423e-04,6.72988176289522600e-05,3.22978063431298649e-04,2.78560519971063778e-12,1.22399312907361946e-11
639,1.08032103499655540e-04,6.70614445695024954e-05,3.22522597356628788e-04,2.78995520945050943e-12,1.22399312907361946e-11
640,1.07768119310587996e-04,6.68263119078478030e-05,3.22068560541133590e-04,2.80425673631374116e-12,1.22399312907361946e-11
641,1.07505349142715141e-04,6.65935708491080053e-05,3.21615884444897884e-04,2.80611696752465979e-12,1.22399312907361946e-11
642,1.07243508344401177e-04,6.63629346202357904e-05,3.21164502201596366e-04,2.81825598182119533e-12,1.22399312907361946e-11
643,1.06982667233549404e-04,6.61329089297740938e-05,3.20714475873433587e-04,2.82631242516267558e-12,1.22399312907361946e-11
644,1.06722677930331039e-04,6.59039439062234557e-05,3.20265811877630524e-04,2.84636998097427694e-12,1.22399312907361946e-11
645,1.06462227008048682e-04,6.56761142231862744e-05,3.19818489941592593e-04,2.86599427752051306e-12,1.22399312907361946e-11
646,1.06202443298889930e-04,6.54478666023949592e-05,3.19372514752237638e-04,2.84182127261515472e-12,1.22399312907361946e-11
647,1.05945337145269062e-04,6.52195813762610437e-05,3.18927924021775318e-04,2.67829902459130154e-12,1.22399312907361946e-11
648,1.05689311631294931e-04,6.49930419665518895e-05,3.18484711787188389e-04,2.83379131580102431e-12,1.22399312907361946e-11
649,1.05434593591824179e-04,6.47689207848415086e-05,3.18042847883205366e-04,2.84037323528080305e-12,1.22399312907361946e-11
650,1.05180686830208707e-04,6.45464938106923576e-05,3.17602311703358761e-04,2.62782943630984038e-12,1.22399312907361946e-11
651,1.04927519048402315e-04,6.43253938556905116e-05,3.17163087837969942e-04,2.84983386053052415e-12,1.22399312907361946e-11
652,1.04675189105577914e-04,6.41055353485970333e-05,3.16725163992002934e-04,2.85772501797859262e-12,1.22399312907361946e-11
653,1.04423780961297312e-04,6.38870293271708798e-05,3.16288529692975481e-04,2.64174378943539480e-12,1.22399312907361946e-11
654,1.04173494712859227e-04,6.36694285372525618e-05,3.15853180186881962e-04,2.86570019222155694e-12,1.22399312907361946e-11
655,1.03924762194016292e-04,6.34522222898384477e-05,3.15419166484021498e-04,2.88187997491196365e-12,1.22399312907361946e-11
656,1.03676197903053606e-04,6.32374876266201039e-05,3.14986433106764275e-04,2.92059135575219394e-12,1.22399312907361946e-11
657,1.03428400738211549e-04,6.30223660308979004e-05,3.14555017744002014e-04,2.90418322944478080e-12,1.22399312907361946e-11
658,1.03181483526377290e-04,6.28067663643073495e-05,3.14124920221917807e-04,2.90274929534797816e-12,1.22399312907361946e-11
659,1.02935428541137475e-04,6.25939851956045017e-05,3.13696093938416805e-04,2.90896919380332287e-12,1.22399312907361946e-11
660,1.02690229335029599e-04,6.23819750238038264e-05,3.13268532571469574e-04,2.92894432321052915e-12,1.22399312907361946e-11
661,1.02445934302773656e-04,6.21715473186795797e-05,3.12842212643354772e-04,2.93151301090556617e-12,1.22399312907361946e-11
662,1.02202534946852828e-04,6.19626577522988355e-05,3.12417116239592442e-04,2.67286891528368720e-12,1.22399312907361946e-11
663,1.01960013284762755e-04,6.17542157499062272e-05,3.11993249197702505e-04,2.93753591849841985e-12,1.22399312907361946e-11
664,1.01718368835135303e-04,6.15450514974023790e-05,3.11570645748605142e-04,2.94496496186575608e-12,1.22399312907361946e-11
665,1.01477565508451079e-04,6.13384657602947540e-05,3.11149268586386027e-04,2.72298307551582459e-12,1.22399312907361946e-11
666,1.01237642547883180e-04,6.11323758602105600e-05,3.10729194914187207e-04,2.70806371274022387e-12,1.22399312907361946e-11
667,1.00998624451292823e-04,6.09283128685210045e-05,3.10310367886668993e-04,2.38525298090769552e-12,1.22399312907361946e-11
668,1.00760487721128083e-04,6.07267941325895295e-05,3.09892712169335094e-04,2.71950557503335810e-12,1.22399312907361946e-11
669,1.00523215867835827e-04,6.05270680476521875e-05,3.09476178913012053e-04,2.72069764622237778e-12,1.22399312907361946e-11
670,1.00286783759871356e-04,6.03253491915902034e-05,3.09060806607784687e-04,2.73143882362368541e-12,1.22399312907361946e-11
671,1.00051153356723880e-04,6.01251769848539958e-05,3.08646600895410780e-04,2.72621971666885852e-12,1.22399312907361946e-11
672,9.98163313108350842e-05,5.99271040227244593e-05,3.08233510387493541e-04,2.73083583139914406e-12,1.22399312907361946e-11
673,9.95822958509939680e-05,5.97317882694367049e-05,3.07821466650575663e-04,2.73731265746341286e-12,1.22399312907361946e-11
674,9.93490085673935533e-05,5.95359237865400191e-05,3.07410546887695651e-04,2.74403872378388553e-12,1.22399312907361946e-11
675,9.91156869536723070e-05,5.93408841094277689e-05,3.07000754095064369e-04,2.79286507653885803e-12,1.22399312907361946e-11
676,9.88838435443739275e-05,5.91468494593539853e-05,3.06592093170075612e-04,2.77266116258484406e-12,1.22399312907361946e-11
677,9.86529252069478829e-05,5.89536716058460940e-05,3.06184563848344298e-04,2.81215420541346402e-12,1.22399312907361946e-11
678,9.84228129479951225e-05,5.87579172922371565e-05,3.05778242496499591e-04,2.77292615173537866e-12,1.22399312907361946e-11
679,9.81935972789751391e-05,5.85630728929548505e-05,3.05373127680347528e-04,2.78910918093747411e-12,1.22399312907361946e-11
680,9.79652744767383905e-05,5.83721016606901296e-05,3.04969113223249177e-04,2.80158053604135885e-12,1.22399312907361946e-11
681,9.77377468149960641e-05,5.81826711305382551e-05,3.04566217716434871e-04,2.79994533472111433e-12,1.22399312907361946e-11
682,9.75109851981226607e-05,5.79945650205102045e-05,3.04164431837636068e-04,2.80081364316701977e-12,1.22399312907361946e-11
683,9.72852115478880407e-05,5.78087799094984664e-05,3.03763650078256551e-04,2.81080816691118171e-12,1.22399312907361946e-11
684,9.70602295480382066e-05,5.76240390614225493e-05,3.03363939840512777e-04,2.82435580732162591e-12,1.22399312907361946e-11
685,9.68358860878414508e-05,5.74392229582341879e-05,3.02965327291135312e-04,2.82205662181924080e-12,1.22399312907361946e-11
686,9.66122486351022285e-05,5.72551991658529382e-05,3.02567808963157263e-04,2.83703406612161564e-12,1.22399312907361946e-11
687,9.63893309923556229e-05,5.70719423488874362e-05,3.02171379842033265e-04,2.60892069054718004e-12,1.22399312907361946e-11
688,9.61671462330528369e-05,5.68893374954540116e-05,3.01776035857409617e-04,2.83885159490205184e-12,1.22399312907361946e-11
689,9.59456854121975563e-05,5.67079215945747947e-05,3.01381766121719755e-04,2.84721740456629080e-12,1.22399312907361946e-11
690,9.57249802932186907e-05,5.65275421218854377e-05,3.00988568230786777e-04,2.93780599639351766e-12,1.22399312907361946e-11
691,9.55050157731361486e-05,5.63481226460128625e-05,3.00596437808527963e-04,2.86037915673956460e-12,1.22399312907361946e-11
692,9.52857987351556865e-05,5.61696662485110495e-05,3.00205370172518780e-04,2.87020860288592344e-12,1.22399312907361946e-11
693,9.50673266932711798e-05,5.59921346513742268e-05,2.99815360572467651e-04,2.89701963914705181e-12,1.22399312907361946e-11
694,9.48495980100299765e-05,5.58155270109866831e-05,2.99426404308453730e-04,2.73838716709165937e-12,1.22399312907361946e-11
695,9.46326139789843240e-05,5.56397932714589448e-05,2.99038492799859953e-04,2.88934215836528189e-12,1.22399312907361946e-11
696,9.44163589423902813e-05,5.54649317259174235e-05,2.98651598480878392e-04,2.89280268935623559e-12,1.22399312907361946e-11
697,9.42008048298956669e-05,5.52913373351012280e-05,2.98265710590845203e-04,2.89296583121803617e-12,1.22399312907361946e-11
698,9.39859488184843680e-05,5.51191196866376610e-05,2.97880815543755562e-04,2.90804569060681389e-12,1.22399312907361946e-11
699,9.37717954705535026e-05,5.49483528149016394e-05,2.97496927371049811e-04,2.91842953221436582e-12,1.22399312907361946e-11
700,9.35583885148201023e-05,5.47777201768835293e-05,2.97114060052168602e-04,2.57642597700482192e-12,1.22399312907361946e-11
701,9.33457114510453560e-05,5.46076120691229926e-05,2.96732216347958880e-04,2.92913657989190032e-12,1.22399312907361946e-11
702,9.31337487930586767e-05,5.44383352094714911e-05,2.96351392799307223e-04,2.92650782125531679e-12,1.22399312907361946e-11
703,9.29224880261143415e-05,5.42699351488479235e-05,2.95971584716927453e-04,2.70981909515160135e-12,1.22399312907361946e-11
704,9.27119294448647280e-05,5.41023638304731052e-05,2.95592787363615508e-04,2.93906178315628924e-12,1.22399312907361946e-11
705,9.25020631479612690e-05,5.39356566243626956e-05,2.95214996425247024e-04,2.59832017817037031e-12,1.22399312907361946e-11
706,9.22929031455579636e-05,5.37697965727879418e-05,2.94838207247947765e-04,2.57556059844084606e-12,1.22399312907361946e-11
707,9.20844348755724774e-05,5.36048071669210403e-05,2.94462415484180102e-04,2.68732746537029751e-12,1.22399312907361946e-11
708,9.18766630035743498e-05,5.34406669837791373e-05,2.94087616771193639e-04,2.60958591247579573e-12,1.22399312907361946e-11
709,9.16695779438256428e-05,5.32774614634551674e-05,2.93713804114591399e-04,2.56858015283552832e-12,1.22399312907361946e-11
710,9.14631880064199228e-05,5.31152474945281088e-05,2.93340941933616182e-04,2.83081394086343954e-12,1.22399312907361946e-11
711,9.12574676822562006e-05,5.29542806610050582e-05,2.92969007398971213e-04,2.64020463939001586e-12,1.22399312907361946e-11
712,9.10524162921021169e-05,5.27936620987824580e-05,2.92598037705099547e-04,2.73857697666137136e-12,1.22399312907361946e-11
713,9.08480318989328579e-05,5.26337494133921036e-05,2.92228038067417878e-04,2.70583449632558916e-12,1.22399312907361946e-11
714,9.06443342134744630e-05,5.24746396353330141e-05,2.91859007254921163e-04,2.84489114832861277e-12,1.22399312907361946e-11
715,9.04413061150932045e-05,5.23360014537914821e-05,2.91490971152766484e-04,2.60585253508483829e-12,1.22399312907361946e-11
716,9.02389310238640410e-05,5.21889201811692537e-05,2.91123918659583257e-04,2.60074642522826404e-12,1.22399312907361946e-11
717,9.00371501696974562e-05,5.20359994677179513e-05,2.90757837987593319e-04,2.68028502776189108e-12,1.22399312907361946e-11
718,8.98378470454054562e-05,5.18816200865853099e-05,2.90392744586364076e-04,2.66341684784102121e-12,1.22399312907361946e-11
719,8.96388297874586593e-05,5.17268672754078474e-05,2.90028634265434182e-04,2.83012284280790781e-12,1.22399312907361946e-11
720,8.94392772557204527e-05,5.15721068706643162e-05,2.89665484741843439e-04,2.64356760427398007e-12,1.22399312907361946e-11
721,8.92402955727289638e-05,5.14180192376380410e-05,2.89303285273631952e-04,2.67537591104684311e-12,1.22399312907361946e-11
722,8.90419513521420876e-05,5.12646236538536598e-05,2.88942028817465544e-04,2.64122680228387659e-12,1.22399312907361946e-11
723,8.88442553965948148e-05,5.11118985441008994e-05,2.88581656573793320e-04,2.66464558342718384e-12,1.22399312907361946e-11
724,8.86477468796423274e-05,5.09600250030242820e-05,2.88222187354998086e-04,2.73765463004983747e-12,1.22399312907361946e-11
725,8.84516315242540716e-05,5.08086318151469051e-05,2.87863666677465422e-04,2.67171682311128901e-12,1.22399312907361946e-11
726,8.82558757040294333e-05,5.06576690478910155e-05,2.87506121134557390e-04,2.79627125088995311e-12,1.22399312907361946e-11
727,8.80608108664443636e-05,5.05081314305869117e-05,2.87149450234356468e-04,2.65717363039339667e-12,1.22399312907361946e-11
728,8.78664041017483357e-05,5.03593417409204099e-05,2.86793690606646173e-04,2.66826382063559957e-12,1.22399312907361946e-11
729,8.76726425278894113e-05,5.02112870524854844e-05,2.86438845201036245e-04,2.73515267687210445e-12,1.22399312907361946e-11
730,8.74794606146655980e-05,5.00640183491886105e-05,2.86084909975323209e-04,2.85926795746861276e-12,1.22399312907361946e-11
731,8.72870495562323202e-05,4.99175220366361447e-05,2.85731879901674965e-04,2.75653002921843632e-12,1.22399312907361946e-11
732,8.70940155822877692e-05,4.97720530513357960e-05,2.85379728220499737e-04,2.72852249766198329e-12,1.22399312907361946e-11
733,8.69001497175694762e-05,4.96269819477363275e-05,2.85028440964182536e-04,2.82870531925304041e-12,1.22399312907361946e-11
734,8.67095064871010790e-05,4.94820284941539746e-05,2.84678064778050722e-04,2.91222169423339120e-12,1.22399312907361946e-11
735,8.65196277028521421e-05,4.93369360485907942e-05,2.84328601195764157e-04,2.74250051233141709e-12,1.22399312907361946e-11
736,8.63297934432217352e-05,4.91937127874568264e-05,2.83980016876263491e-04,2.76240427583099670e-12,1.22399312907361946e-11
737,8.61387910753897996e-05,4.90516094588140249e-05,2.83632288077369926e-04,2.86848598007745849e-12,1.22399312907361946e-11
738,8.59502818323557542e-05,4.89103780388386409e-05,2.83285426579149644e-04,2.82607554177172856e-12,1.22399312907361946e-11
739,8.57626628318807957e-05,4.87699763917371289e-05,2.82939434560802879e-04,2.70295836560647547e-12,1.22399312907361946e-11
740,8.55757344909255249e-05,4.86303834224383985e-05,2.82594310019377193e-04,2.71447317875765904e-12,1.22399312907361946e-11
741,8.53894088979746213e-05,4.84917327917764576e-05,2.82250041617783658e-04,2.77188955307136681e-12,1.22399312907361946e-11
742,8.52036606367165462e-05,4.83536664005347735e-05,2.81906629844582313e-04,2.77821709496593691e-12,1.22399312907361946e-11
743,8.50184932227976512e-05,4.82160585892278234e-05,2.81564081754018150e-04,2.87845238464664601e-12,1.22399312907361946e-11
744,8.48339175321701882e-05,4.80791288796092060e-05,2.81222396404921283e-04,2.74356270980975381e-12,1.22399312907361946e-11
745,8.46499319659501276e-05,4.79428626394777226e-05,2.80881571740864474e-04,2.81083839424323779e-12,1.22399312907361946e-11
746,8.44665397171042072e-05,4.78072986818944213e-05,2.80541605331018258e-04,2.74783390349334876e-12,1.22399312907361946e-11
747,8.42837309096464116e-05,4.76724007239073854e-05,2.80202494774463491e-04,2.77601096496096184e-12,1.22399312907361946e-11
748,8.41013831311656550e-05,4.75381691810088471e-05,2.79864236218462165e-04,2.84557164384235615e-12,1.22399312907361946e-11
749,8.39192912061055015e-05,4.74064715501455427e-05,2.79526762801933699e-04,2.79477273601702004e-12,1.22399312907361946e-11
750,8.37378290094500780e-05,4.72740806556027225e-05,2.79190120439964495e-04,2.85076901768694449e-12,1.22399312907361946e-11
751,8.35572336170794166e-05,4.71419884328189528e-05,2.78854320720105838e-04,2.82985364879500524e-12,1.22399312907361946e-11
752,8.33774569892054815e-05,4.70094742250208957e-05,2.78519363229382411e-04,2.89819164513585603e-12,1.22399312907361946e-11
753,8.31979055539737087e-05,4.68777756914692871e-05,2.78185243427332078e-04,2.61994733371356180e-12,1.22399312907361946e-11
754,8.30189769460146833e-05,4.67472001407425797e-05,2.77851958965580359e-04,2.92685205089852632e-12,1.22399312907361946e-11
755,8.28406295368756319e-05,4.66174829691273760e-05,2.77519507228353337e-04,2.82339061060974215e-12,1.22399312907361946e-11
756,8.26628592242006482e-05,4.64885007682980573e-05,2.77187884130842242e-04,2.85557286138262496e-12,1.22399312907361946e-11
757,8.24856548895521813e-05,4.63602055489378118e-05,2.76857086471431993e-04,2.83109922413816533e-12,1.22399312907361946e-11
758,8.23090371904446267e-05,4.62325329995496955e-05,2.76527110835087463e-04,2.77682666112923014e-12,1.22399312907361946e-11
759,8.21329682359754105e-05,4.61055606363806154e-05,2.76197955017787235e-04,2.80100213747425471e-12,1.22399312907361946e-11
760,8.19574704305465427e-05,4.59792335996773635e-05,2.75869586702748976e-04,2.79408727946220673e-12,1.22399312907361946e-11
761,8.17825483367625898e-05,4.58535931586573399e-05,2.75541997961403968e-04,2.88399482542637937e-12,1.22399312907361946e-11
762,8.16081923098211525e-05,4.57282211850703067e-05,2.75215239586121708e-04,2.85704488300826721e-12,1.22399312907361946e-11
763,8.14343820686383712e-05,4.56034880878761499e-05,2.74889299142843583e-04,2.92177644822959970e-12,1.22399312907361946e-11
764,8.12611211846481929e-05,4.54780252473102449e-05,2.74564165874356930e-04,2.83513656565553935e-12,1.22399312907361946e-11
765,8.10884175644026176e-05,4.53542887819747599e-05,2.74239909263996739e-04,2.82725512689157205e-12,1.22399312907361946e-11
766,8.09162631368696706e-05,4.52310521669300786e-05,2.73916495940875848e-04,2.92247655705632067e-12,1.22399312907361946e-11
767,8.07446701683574655e-05,4.51086143448245873e-05,2.73593887078280658e-04,2.83880334925108680e-12,1.22399312907361946e-11
768,8.05736449510178061e-05,4.49874755257118872e-05,2.73272044983475571e-04,2.82487949591587417e-12,1.22399312907361946e-11
769,8.04031294407308482e-05,4.48676454727650633e-05,2.72950944323955072e-04,2.88462855173883176e-12,1.22399312907361946e-11
770,8.02331094505308757e-05,4.47474841235337255e-05,2.72630629796150937e-04,2.85270685123057300e-12,1.22399312907361946e-11
771,8.00645780050572667e-05,4.46277597954965026e-05,2.72311119372279004e-04,2.91187511087008171e-12,1.22399312907361946e-11
772,7.98956778843888877e-05,4.45086576055131697e-05,2.71992394548315494e-04,2.88664577477330203e-12,1.22399312907361946e-11
773,7.97273361087977669e-05,4.43900305335803979e-05,2.71674446808905319e-04,2.89792178326976973e-12,1.22399312907361946e-11
774,7.95595682804427516e-05,4.42720187338383796e-05,2.71357272311272500e-04,2.90649339886966578e-12,1.22399312907361946e-11
775,7.93923300614376418e-05,4.41544780561045540e-05,2.71040869219548396e-04,2.82558914396550558e-12,1.22399312907361946e-11
776,7.92256178914349046e-05,4.40373190827293535e-05,2.70725239025972552e-04,2.93397539153422139e-12,1.22399312907361946e-11
777,7.90594706313695723e-05,4.39208917502177424e-05,2.70410376129353420e-04,2.91285248447115124e-12,1.22399312907361946e-11
778,7.88938400353446346e-05,4.38051351626262339e-05,2.70096274817500297e-04,2.86951680745187652e-12,1.22399312907361946e-11
779,7.87287273743275808e-05,4.36898526103307814e-05,2.69782932644925576e-04,2.89779764816120606e-12,1.22399312907361946e-11
780,7.85641427214219223e-05,4.35751244558496673e-05,2.69470345656160168e-04,2.72625488450225951e-12,1.22399312907361946e-11
781,7.84000846233266107e-05,4.34609604849008090e-05,2.69158507093098063e-04,2.90760208395083602e-12,1.22399312907361946e-11
782,7.82365578797691559e-05,4.33472102491520492e-05,2.68847437175818884e-04,2.89587773994894079e-12,1.22399312907361946e-11
783,7.80735385352336017e-05,4.32338354913044137e-05,2.68537158417353624e-04,2.71071549478639229e-12,1.22399312907361946e-11
784,7.79110308991106965e-05,4.31211671319230906e-05,2.68227638865994021e-04,2.71287177090310584e-12,1.22399312907361946e-11
785,7.77490232765110122e-05,4.30091242846526592e-05,2.67918863486141061e-04,2.92500353128012219e-12,1.22399312907361946e-11
786,7.75875098940969303e-05,4.28976198559516614e-05,2.67610825317241572e-04,2.93306644123853053e-12,1.22399312907361946e-11
787,7.74265055017454298e-05,4.27866106877377038e-05,2.67303519419536610e-04,2.94587377615514077e-12,1.22399312907361946e-11
788,7.72659970021435358e-05,4.26761384652312676e-05,2.66996944411969665e-04,2.83640066646360220e-12,1.22399312907361946e-11
789,7.71059728235291722e-05,4.25651545596504141e-05,2.66691114074802608e-04,2.84360816873426276e-12,1.22399312907361946e-11
790,7.69464439944228025e-05,4.24553225545644985e-05,2.66386018183995237e-04,2.86031279153752708e-12,1.22399312907361946e-11
791,7.67874372329641308e-05,4.23462391932964401e-05,2.66081649591281362e-04,2.74684834902976602e-12,1.22399312907361946e-11
792,7.66289217842385916e-05,4.22378708554726502e-05,2.65777996236919863e-04,2.86155187806222619e-12,1.22399312907361946e-11
793,7.64709061161346441e-05,4.21303578187515486e-05,2.65475015838181558e-04,2.92812287876423309e-12,1.22399312907361946e-11
794,7.63133864764321010e-05,4.20230673671052218e-05,2.65172755758497926e-04,2.92719369780593764e-12,1.22399312907361946e-11
795,7.61563536952776363e-05,4.19162389292998509e-05,2.64871210774882376e-04,2.71510127448718391e-12,1.22399312907361946e-11
796,7.59997950348436117e-05,4.18098385107322287e-05,2.64570378965363589e-04,2.57799641661327118e-12,1.22399312907361946e-11
797,7.58437227846406906e-05,4.17039337375344935e-05,2.64270258109654732e-04,2.93723529047570816e-12,1.22399312907361946e-11
798,7.56881177816874092e-05,4.15985076515541864e-05,2.63970845536433711e-04,2.79346402216840405e-12,1.22399312907361946e-11
799,7.55329908599532314e-05,4.14927372546722712e-05,2.63672160547343329e-04,2.89690014212961355e-12,1.22399312907361946e-11
800,7.53795573764364933e-05,4.13872488071089238e-05,2.63374214168358913e-04,2.78835891871552623e-12,1.22399312907361946e-11
801,7.52259855425818012e-05,4.12830650229718474e-05,2.63076979881091090e-04,2.60387726473072844e-12,1.22399312907361946e-11
802,7.50723731535751126e-05,4.11794855604280603e-05,2.62780449621359080e-04,2.87825228254855934e-12,1.22399312907361946e-11
803,7.49191944943924124e-05,4.10763540725929660e-05,2.62484619155767241e-04,2.61837988243420005e-12,1.22399312907361946e-11
804,7.47664928656397213e-05,4.09737227723013078e-05,2.62189485466365099e-04,2.63704707077112503e-12,1.22399312907361946e-11
805,7.46187449553169935e-05,4.08714996774781411e-05,2.61895111504221979e-04,2.59445735589023997e-12,1.22399312907361946e-11
806,7.44828736851716502e-05,4.07685516008938876e-05,2.61601602930322400e-04,2.62357681758984162e-12,1.22399312907361946e-11
807,7.43368359891881001e-05,4.06640202523168886e-05,2.61308865930572119e-04,2.60457502143395264e-12,1.22399312907361946e-11
808,7.41884336667931245e-05,4.05602744230367285e-05,2.61016872092298586e-04,2.68275952702092936e-12,1.22399312907361946e-11
809,7.40379429671626018e-05,4.04575022557071603e-05,2.60725599467771004e-04,2.60859357715393665e-12,1.22399312907361946e-11
810,7.38866656168334508e-05,4.03556964821736336e-05,2.60435028375814498e-04,2.82715607909985931e-12,1.22399312907361946e-11
811,7.37353959733118498e-05,4.02547687734724170e-05,2.60145143122229600e-04,2.66422948647705299e-12,1.22399312907361946e-11
812,7.35844535565697487e-05,4.01545475070071273e-05,2.59855941990773333e-04,2.85297341741634722e-12,1.22399312907361946e-11
813,7.34339522941661576e-05,4.00548497629756766e-05,2.59567420227678166e-04,2.70979225887867679e-12,1.22399312907361946e-11
814,7.32839687305703123e-05,3.99557493098161190e-05,2.59279574783451204e-04,2.59731394646245409e-12,1.22399312907361946e-11
815,7.31344809037968275e-05,3.98572632579172778e-05,2.58992401183212454e-04,2.70183543025288639e-12,1.22399312907361946e-11
816,7.29855146939848402e-05,3.97593052809601554e-05,2.58705896352856709e-04,2.64003323484273667e-12,1.22399312907361946e-11
817,7.28370737474704183e-05,3.96618532578940059e-05,2.58420056299005858e-04,2.67312830634075396e-12,1.22399312907361946e-11
818,7.26871182002138485e-05,3.95649754765754676e-05,2.58134858429633399e-04,2.72465208437862437e-12,1.22399312907361946e-11
819,7.25380284257467036e-05,3.94685254020167632e-05,2.57850302061646860e-04,2.67810941610591803e-12,1.22399312907361946e-11
820,7.23908316740150596e-05,3.93726300276470319e-05,2.57566398397304113e-04,2.73589372786365212e-12,1.22399312907361946e-11
821,7.22443013351823466e-05,3.92771014330337898e-05,2.57283148111747120e-04,2.59971295591872136e-12,1.22399312907361946e-11
822,7.20983410122419090e-05,3.91820552501115116e-05,2.57000547532645321e-04,2.70712866401287783e-12,1.22399312907361946e-11
823,7.19528915801630968e-05,3.90875697677690780e-05,2.56718595576273375e-04,2.72474067706473080e-12,1.22399312907361946e-11
824,7.18079265644076364e-05,3.89935019604048324e-05,2.56437289655266065e-04,2.70225986331946029e-12,1.22399312907361946e-11
825,7.16634412701040561e-05,3.88998927896359973e-05,2.56156628334380733e-04,2.90949466727784068e-12,1.22399312907361946e-11
826,7.15194151561841335e-05,3.88067608853549334e-05,2.55876609679603123e-04,2.70882829118676348e-12,1.22399312907361946e-11
827,7.13758653958143353e-05,3.87140212978669826e-05,2.55597231986315126e-04,2.91598406422461158e-12,1.22399312907361946e-11
828,7.12327573890735483e-05,3.86214852230766045e-05,2.55318521752252009e-04,2.61983829009413664e-12,1.22399312907361946e-11
829,7.10901246471577606e-05,3.85293067654354719e-05,2.55040486744067792e-04,2.74838434031648670e-12,1.22399312907361946e-11
830,7.09479513926036793e-05,3.84377103210764719e-05,2.54763101875838630e-04,2.73236979435802468e-12,1.22399312907361946e-11
831,7.08062244462937169e-05,3.83466309097084710e-05,2.54486353503623024e-04,2.78435822763919027e-12,1.22399312907361946e-11
832,7.06649481569989184e-05,3.82556240920666664e-05,2.54210275190177551e-04,2.69232042248685266e-12,1.22399312907361946e-11
833,7.05241205604162282e-05,3.81650147566479550e-05,2.53934857134462079e-04,2.83622126375525802e-12,1.22399312907361946e-11
834,7.03837597685824868e-05,3.80749207418598054e-05,2.53660073394974079e-04,2.81940932173500545e-12,1.22399312907361946e-11
835,7.02438403528959514e-05,3.79854198762584054e-05,2.53385916021519502e-04,2.77355166763812182e-12,1.22399312907361946e-11
836,7.01043533612178684e-05,3.78962991127222999e-05,2.53112377676881683e-04,2.83151557817447433e-12,1.22399312907361946e-11
837,6.99652793090032655e-05,3.78076911702573859e-05,2.52839455386454602e-04,2.91151708117568524e-12,1.22399312907361946e-11
838,6.98266324002054365e-05,3.77194177918190130e-05,2.52567145879205454e-04,2.75373833419608855e-12,1.22399312907361946e-11
839,6.96884101362450623e-05,3.76315398233893850e-05,2.52295447478378119e-04,2.84334379524233747e-12,1.22399312907361946e-11
840,6.95506066095216707e-05,3.75441398345629132e-05,2.52024360809516756e-04,2.86375722550580511e-12,1.22399312907361946e-11
841,6.94132228886670713e-05,3.74571524882063312e-05,2.51753877310346454e-04,2.90475190038852932e-12,1.22399312907361946e-11
842,6.92778107098613791e-05,3.73712246421471677e-05,2.51483996915533676e-04,2.88496865107480650e-12,1.22399312907361946e-11
843,6.91418684786843346e-05,3.72849116682497466e-05,2.51214728371524970e-04,2.80359395293806681e-12,1.22399312907361946e-11
844,6.90056972222884293e-05,3.71989153277977203e-05,2.50946076414748165e-04,2.92917388572262631e-12,1.22399312907361946e-11
845,6.88699354408862989e-05,3.71133107621028882e-05,2.50678043902229618e-04,2.73157848018231348e-12,1.22399312907361946e-11
846,6.87346112494027469e-05,3.70280613085588751e-05,2.50410619771027857e-04,2.83949949358615935e-12,1.22399312907361946e-11
847,6.85996901199150701e-05,3.69432003095898872e-05,2.50143799766619555e-04,2.87140753000711364e-12,1.22399312907361946e-11
848,6.84651573869568634e-05,3.68589844087548410e-05,2.49877556818006491e-04,2.86221360347063562e-12,1.22399312907361946e-11
849,6.83310187337675824e-05,3.67752262951834106e-05,2.49611890571942098e-04,2.86735298298057150e-12,1.22399312907361946e-11
850,6.81972451267112988e-05,3.66911631532853747e-05,2.49346831297300156e-04,2.91501290467871467e-12,1.22399312907361946e-11
851,6.80638589494340966e-05,3.66076349361546145e-05,2.49082368008730990e-04,2.79217263926949010e-12,1.22399312907361946e-11
852,6.79308705713156744e-05,3.65245530498874529e-05,2.48818494436107659e-04,2.88172694883874498e-12,1.22399312907361946e-11
853,6.77982812837778085e-05,3.64418126581966012e-05,2.48555206432668344e-04,2.78910049574469837e-12,1.22399312907361946e-11
854,6.76660806790210394e-05,3.63593414918405853e-05,2.48292490996741692e-04,2.87256958415691917e-12,1.22399312907361946e-11
855,6.75342697113578830e-05,3.62767235119503936e-05,2.48030344512098694e-04,2.87980184259669249e-12,1.22399312907361946e-11
856,6.74028167770497925e-05,3.61949297813528341e-05,2.47768770259682958e-04,2.85772210864873883e-12,1.22399312907361946e-11
857,6.72717312564818812e-05,3.61133712089650131e-05,2.47507771328522863e-04,2.77564487934148780e-12,1.22399312907361946e-11
858,6.71408506014355437e-05,3.60322813833903395e-05,2.47247343902705981e-04,2.73511887528178982e-12,1.22399312907361946e-11
859,6.70101265550709176e-05,3.59515025887545176e-05,2.46987482047760268e-04,2.82888964006695780e-12,1.22399312907361946e-11
860,6.68798721222538711e-05,3.58711206542671179e-05,2.46728190458248334e-04,2.83449161850493916e-12,1.22399312907361946e-11
861,6.67501546708948760e-05,3.57910461106649994e-05,2.46469471113411277e-04,2.93348740772475536e-12,1.22399312907361946e-11
862,6.66208687743864383e-05,3.57112632236815641e-05,2.46211322439611989e-04,2.89265014322211991e-12,1.22399312907361946e-11
863,6.64919880801495170e-05,3.56319194366039988e-05,2.45953742635515293e-04,2.89062699869226911e-12,1.22399312907361946e-11
864,6.63634823588880494e-05,3.55529050676894082e-05,2.45696729577801331e-04,2.92851272208359256e-12,1.22399312907361946e-11
865,6.62353699795580498e-05,3.54740615465793153e-05,2.45440294029487967e-04,2.59489117589684749e-12,1.22399312907361946e-11
866,6.61076366993108914e-05,3.53955147454701615e-05,2.45184433744524580e-04,2.68411424464306081e-12,1.22399312907361946e-11
867,6.59802839352062812e-05,3.53174034730983975e-05,2.44929138321163672e-04,2.59670714029105735e-12,1.22399312907361946e-11
868,6.58533283128787090e-05,3.52396912623928392e-05,2.44674403312031784e-04,2.84288292141398683e-12,1.22399312907361946e-11
869,6.57267415840962692e-05,3.51623201650924085e-05,2.44420226005802256e-04,2.61016134415896087e-12,1.22399312907361946e-11
870,6.56005260721048190e-05,3.50855616103807187e-05,2.44166587975179429e-04,2.86555564143147037e-12,1.22399312907361946e-11
871,6.54746369881476029e-05,3.50087611088922273e-05,2.43913515177987300e-04,2.73976926639062192e-12,1.22399312907361946e-11
872,6.53491228673838974e-05,3.49322937862602901e-05,2.43661002815210925e-04,2.89672899758085067e-12,1.22399312907361946e-11
873,6.52239534015069754e-05,3.48561854239318170e-05,2.43409045387963583e-04,2.71621160784357003e-12,1.22399312907361946e-11
874,6.50991759565364316e-05,3.47803790087617960e-05,2.43157640142331507e-04,2.86659038703507525e-12,1.22399312907361946e-11
875,6.49747439643740248e-05,3.47045844826731150e-05,2.42906810021785007e-04,2.92385492289018934e-12,1.22399312907361946e-11
876,6.48506997454432744e-05,3.46287891203002265e-05,2.42656575155823415e-04,2.88220580207274063e-12,1.22399312907361946e-11
877,6.47270581022970813e-05,3.45536738471396873e-05,2.42406907698062624e-04,2.89652594552787514e-12,1.22399312907361946e-11
878,6.46037699555938481e-05,3.44790701810805309e-05,2.42157791931129864e-04,2.65833798081271913e-12,1.22399312907361946e-11
879,6.44808603128941589e-05,3.44047696534133398e-05,2.41909218669016356e-04,2.94461685196858144e-12,1.22399312907361946e-11
880,6.43583002222981762e-05,3.43308780167053126e-05,2.41661180112263810e-04,2.93578662623536802e-12,1.22399312907361946e-11
881,6.42361055348203164e-05,3.42576600210995767e-05,2.41413662817589037e-04,2.61181259203942729e-12,1.22399312907361946e-11
882,6.41142278612692306e-05,3.41843945086175158e-05,2.41166676062197179e-04,2.62895595818518422e-12,1.22399312907361946e-11
883,6.39927020951819531e-05,3.41112931543087564e-05,2.40920219741166334e-04,2.66949261378469395e-12,1.22399312907361946e-11
884,6.38715218998509715e-05,3.40385492828267034e-05,2.40674292625882476e-04,2.71679956026260291e-12,1.22399312907361946e-11
885,6.37506868458678105e-05,3.39660648990420524e-05,2.40428892955040825e-04,2.85721140978001175e-12,1.22399312907361946e-11
886,6.36301930305491041e-05,3.38938522095712786e-05,2.40184018444769613e-04,2.63632553582867610e-12,1.22399312907361946e-11
887,6.35100492181742479e-05,3.38219908256866616e-05,2.39939669221142878e-04,2.65072118580018031e-12,1.22399312907361946e-11
888,6.33902508718776485e-05,3.37503303506720635e-05,2.39695842449850089e-04,2.94516640454030108e-12,1.22399312907361946e-11
889,6.32707953574854345e-05,3.36789976727008941e-05,2.39452537527181942e-04,2.73202106518332030e-12,1.22399312907361946e-11
890,6.31516618878223614e-05,3.36080387143898016e-05,2.39209763792886678e-04,2.70087734890397497e-12,1.22399312907361946e-11
891,6.30328752971193060e-05,3.35373503950938545e-05,2.38967479537430195e-04,2.87075091997482264e-12,1.22399312907361946e-11
892,6.29144332643827325e-05,3.34668898304406217e-05,2.38725713552836706e-04,2.66795745006274578e-12,1.22399312907361946e-11
893,6.27963176541019289e-05,3.33967438925047346e-05,2.38484469418661998e-04,2.66423891132367984e-12,1.22399312907361946e-11
894,6.26785456112243715e-05,3.33267877066528405e-05,2.38243742762457865e-04,2.88081721112502412e-12,1.22399312907361946e-11
895,6.25611092048062895e-05,3.32571472955466401e-05,2.38003531459719038e-04,2.69841236852401648e-12,1.22399312907361946e-11
896,6.24439931728133980e-05,3.31873839711046057e-05,2.37763786737595095e-04,2.94446740398617649e-12,1.22399312907361946e-11
897,6.23271939377314626e-05,3.31181115259542334e-05,2.37524526904142358e-04,2.73137470431144084e-12,1.22399312907361946e-11
898,6.22106801488316806e-05,3.30492398698427334e-05,2.37285766953155528e-04,2.89169048188946539e-12,1.22399312907361946e-11
899,6.20944898604390018e-05,3.29806394308072325e-05,2.37047511809629694e-04,2.80570533314849512e-12,1.22399312907361946e-11
900,6.19786580842003691e-05,3.29124072754856679e-05,2.36809766659307208e-04,2.71298266511317012e-12,1.22399312907361946e-11
901,6.18631618482400378e-05,3.28444005126550837e-05,2.36572530996327418e-04,2.66018781287733466e-12,1.22399312907361946e-11
902,6.17480036558192783e-05,3.27766433295819138e-05,2.36335804219180135e-04,2.72278726037393417e-12,1.22399312907361946e-11
903,6.16331710262935480e-05,3.27094730403933498e-05,2.36099554328922585e-04,2.76935473207852257e-12,1.22399312907361946e-11
904,6.15186302170259072e-05,3.26424979567327227e-05,2.35863790559381035e-04,2.69580470994068802e-12,1.22399312907361946e-11
905,6.14044068293859450e-05,3.25756156083619814e-05,2.35628526690950931e-04,2.89266639207358214e-12,1.22399312907361946e-11
906,6.12904962614087750e-05,3.25089528137616001e-05,2.35393765268109543e-04,2.74059418210367778e-12,1.22399312907361946e-11
907,6.11768985625626120e-05,3.24425048738173191e-05,2.35159505554339768e-04,2.74670710576574458e-12,1.22399312907361946e-11
908,6.10636223185409457e-05,3.23763260397890964e-05,2.34925746082897724e-04,2.77217256487630386e-12,1.22399312907361946e-11
909,6.09506710582522038e-05,3.23104268122423286e-05,2.34692485513360901e-04,2.88921839717148050e-12,1.22399312907361946e-11
910,6.08380109810506865e-05,3.22447393973304499e-05,2.34459723871217293e-04,2.70695682331497876e-12,1.22399312907361946e-11
911,6.07256900320986452e-05,3.21793112804250045e-05,2.34227460260779785e-04,2.92869797248016741e-12,1.22399312907361946e-11
912,6.06136882667642100e-05,3.21141356286279214e-05,2.33995692234034903e-04,2.69040334752167423e-12,1.22399312907361946e-11
913,6.05019991754461936e-05,3.20492069122490304e-05,2.33764417593823501e-04,2.93462325874995340e-12,1.22399312907361946e-11
914,6.03906362072324814e-05,3.19845325809161264e-05,2.33533634009308149e-04,2.81703690448319907e-12,1.22399312907361946e-11
915,6.02795759948123084e-05,3.19201364259600668e-05,2.33303337421587957e-04,2.79716771050240302e-12,1.22399312907361946e-11
916,6.01688264717534178e-05,3.18560286342345315e-05,2.33073517615477345e-04,2.86496937512903907e-12,1.22399312907361946e-11
917,6.00583729069453402e-05,3.17920993903023677e-05,2.32844177952561034e-04,2.78998150863962750e-12,1.22399312907361946e-11
918,5.99482291928409239e-05,3.17284733114988116e-05,2.32615319962802030e-04,2.72377535057691735e-12,1.22399312907361946e-11
919,5.98383841056871900e-05,3.16650079454562123e-05,2.32386942885216445e-04,2.79316892429171780e-12,1.22399312907361946e-11
920,5.97288409324683555e-05,3.16017835855529749e-05,2.32159045765912284e-04,2.76658567065858431e-12,1.22399312907361946e-11
921,5.96195966068478408e-05,3.15388113360551723e-05,2.31931627493360521e-04,2.90194218961073319e-12,1.22399312907361946e-11
922,5.95106610583134540e-05,3.14760440261679057e-05,2.31704686229517061e-04,2.77494009856018344e-12,1.22399312907361946e-11
923,5.94020137314251611e-05,3.14135428660406054e-05,2.31478221103734790e-04,2.90373658978477580e-12,1.22399312907361946e-11
924,5.92936760312371509e-05,3.13512426660778298e-05,2.31252230125914460e-04,2.84821033266063176e-12,1.22399312907361946e-11
925,5.91856332989694554e-05,3.12892083370884441e-05,2.31026712191275281e-04,2.89799148309345449e-12,1.22399312907361946e-11
926,5.90778725962151505e-05,3.12273602111483417e-05,2.30801665661537706e-04,2.80150054990394289e-12,1.22399312907361946e-11
927,5.89704364411642616e-05,3.11660277457985848e-05,2.30577089586050260e-04,2.89118239869595701e-12,1.22399312907361946e-11
928,5.88638080998227911e-05,3.11055002338074757e-05,2.30352983889163277e-04,2.93627118080358383e-12,1.22399312907361946e-11
929,5.87578720622813555e-05,3.10445430900402002e-05,2.30129347157323889e-04,2.77895869609186419e-12,1.22399312907361946e-11
930,5.86513018957120135e-05,3.09837575417185209e-05,2.29906177674736459e-04,2.88431442164203605e-12,1.22399312907361946e-11
931,5.85449709573187722e-05,3.09235631039774637e-05,2.29683434793412946e-04,2.77237858680322104e-12,1.22399312907361946e-11
932,5.84388987155711858e-05,3.08633053946121114e-05,2.29461147460102238e-04,2.78996151409214216e-12,1.22399312907361946e-11
933,5.83331529422381371e-05,3.08034135968225583e-05,2.29239343632301303e-04,2.81531760085751043e-12,1.22399312907361946e-11
934,5.82276819706890032e-05,3.07438814716949456e-05,2.29018048109735266e-04,2.78428970524876620e-12,1.22399312907361946e-11
935,5.81224901882365560e-05,3.06841482665868670e-05,2.28797220817710835e-04,2.86857760683809786e-12,1.22399312907361946e-11
936,5.80175895879251434e-05,3.06245909313423217e-05,2.28576856655911899e-04,2.75735061642525444e-12,1.22399312907361946e-11
937,5.79129842947334511e-05,3.05653032172131410e-05,2.28356953516375700e-04,2.84726117356931722e-12,1.22399312907361946e-11
938,5.78086648678378544e-05,3.05062321762282068e-05,2.28137508854571491e-04,2.81660177965284788e-12,1.22399312907361946e-11
939,5.77046196048356413e-05,3.04473450305668259e-05,2.27918519503178210e-04,2.85227945492529481e-12,1.22399312907361946e-11
940,5.76008725884659582e-05,3.03887010436235405e-05,2.27699983737253458e-04,2.74079114545597452e-12,1.22399312907361946e-11
941,5.74973945362441987e-05,3.03302262081691931e-05,2.27481899645254939e-04,2.93023911564016919e-12,1.22399312907361946e-11
942,5.73942136361162231e-05,3.02720411533481387e-05,2.27264265839435071e-04,2.89315077152620099e-12,1.22399312907361946e-11
943,5.72913081604080503e-05,3.02139976185330712e-05,2.27047080458424316e-04,2.76231082316460400e-12,1.22399312907361946e-11
944,5.71886831067169732e-05,3.01561362938445107e-05,2.26830341963630964e-04,2.94220229863343648e-12,1.22399312907361946e-11
945,5.70863326326578768e-05,3.00985232203898747e-05,2.26614049698251789e-04,2.84500152441936058e-12,1.22399312907361946e-11
946,5.69842730191644342e-05,3.00411670700911727e-05,2.26398201966176581e-04,2.84166349788289285e-12,1.22399312907361946e-11
947,5.68824802133312735e-05,2.99839270121007769e-05,2.26182797257203842e-04,2.87686160171760948e-12,1.22399312907361946e-11
948,5.67809587853602572e-05,2.99269318213285749e-05,2.25967834552565712e-04,2.65381618416929942e-12,1.22399312907361946e-11
949,5.66797280765000063e-05,2.98700773527897148e-05,2.25753311940325707e-04,2.86092500546308119e-12,1.22399312907361946e-11
950,5.65787461365167474e-05,2.98135782960802195e-05,2.25539226609197007e-04,2.83823064221280992e-12,1.22399312907361946e-11
951,5.64780497405066324e-05,2.97571898711374926e-05,2.25325571014418409e-04,2.68468529043401170e-12,1.22399312907361946e-11
952,5.63776347571201832e-05,2.97010374364779347e-05,2.25112351596030741e-04,2.91753389540025523e-12,1.22399312907361946e-11
953,5.62774809159730975e-05,2.96450505929829026e-05,2.24899568908603769e-04,2.87327453612168782e-12,1.22399312907361946e-11
954,5.61776049415081899e-05,2.95889945624369491e-05,2.24687138041116405e-04,2.89456564602939065e-12,1.22399312907361946e-11
955,5.60779860268474572e-05,2.95332021960126728e-05,2.24475094228729658e-04,2.75683266494728210e-12,1.22399312907361946e-11
956,5.59786530790990178e-05,2.94777390761432482e-05,2.24263462080585564e-04,2.75300697095497459e-12,1.22399312907361946e-11
957,5.58795700436980273e-05,2.94224934237271366e-05,2.24052250649051348e-04,2.85362762241583574e-12,1.22399312907361946e-11
958,5.57807583477786751e-05,2.93674630790835751e-05,2.23841461707669805e-04,2.90770475393295516e-12,1.22399312907361946e-11
959,5.56821800130415144e-05,2.93126317361355103e-05,2.23631100414977210e-04,2.77608026345923888e-12,1.22399312907361946e-11
960,5.55838494474680331e-05,2.92579148054416219e-05,2.23421168552335976e-04,2.92369004154571983e-12,1.22399312907361946e-11
961,5.54857761284124827e-05,2.92034803139435473e-05,2.23211667729891170e-04,2.90455574378808672e-12,1.22399312907361946e-11
962,5.53879580179801690e-05,2.91491705628078501e-05,2.23002595227001941e-04,2.89057531921689409e-12,1.22399312907361946e-11
963,5.52904065376359129e-05,2.90951146550803671e-05,2.22793950786267635e-04,2.78991896673561599e-12,1.22399312907361946e-11
964,5.51931252333070466e-05,2.90411686896157278e-05,2.22585734533094800e-04,2.92882145935855349e-12,1.22399312907361946e-11
965,5.50961037717655428e-05,2.89874034981101196e-05,2.22377952637355694e-04,2.72699766026354986e-12,1.22399312907361946e-11
966,5.49993313352573941e-05,2.89343020804851864e-05,2.22170607919946989e-04,2.90271895359367989e-12,1.22399312907361946e-11
967,5.49028178999503332e-05,2.88813135685515057e-05,2.21963684034640470e-04,2.73655609597220352e-12,1.22399312907361946e-11
968,5.48065787235330816e-05,2.88282665951609852e-05,2.21757167572329871e-04,2.93514704378239957e-12,1.22399312907361946e-11
969,5.47105641523675586e-05,2.87753652711867459e-05,2.21551072715818942e-04,2.74649841450362527e-12,1.22399312907361946e-11
970,5.46148201951857177e-05,2.87225529642457735e-05,2.21345397449679006e-04,2.83028612356961311e-12,1.22399312907361946e-11
971,5.45192964408003645e-05,2.86699583786010643e-05,2.21140118732790405e-04,2.84492986962242372e-12,1.22399312907361946e-11
972,5.44240298033681061e-05,2.86175397260870016e-05,2.20935254959378464e-04,2.91530049656156387e-12,1.22399312907361946e-11
973,5.43290106186440064e-05,2.85653207879575123e-05,2.20730807848660806e-04,2.76355081897649980e-12,1.22399312907361946e-11
974,5.42342331923092560e-05,2.85132874541273004e-05,2.20526776357938355e-04,2.88872358526294606e-12,1.22399312907361946e-11
975,5.41397035179155657e-05,2.84610881525425986e-05,2.20323166797329662e-04,2.86319264287683670e-12,1.22399312907361946e-11
976,5.40454572750677885e-05,2.84090636263719174e-05,2.20119997482725634e-04,2.74150240567680176e-12,1.22399312907361946e-11
977,5.39514417525684638e-05,2.83572365245940150e-05,2.19917259210454128e-04,2.84788085147991484e-12,1.22399312907361946e-11
978,5.38576900269817368e-05,2.83055021071811850e-05,2.19714953354710203e-04,2.93258235979633448e-12,1.22399312907361946e-11
979,5.37641932880622819e-05,2.82542275818664999e-05,2.19513065774187024e-04,2.77104411156027176e-12,1.22399312907361946e-11
980,5.36709587845417160e-05,2.82032324625511964e-05,2.19311588671202090e-04,2.94505649675863741e-12,1.22399312907361946e-11
981,5.35779673569646180e-05,2.81524172209362401e-05,2.19110517707134087e-04,2.81294990054811943e-12,1.22399312907361946e-11
982,5.34852267347020384e-05,2.81018136186115308e-05,2.18909849710646883e-04,2.82799456684250248e-12,1.22399312907361946e-11
983,5.33902168191375024e-05,2.80513821622856186e-05,2.18709546453554969e-04,2.30876578356830236e-12,1.22399312907361946e-11
984,5.32962193029120720e-05,2.80009614039777326e-05,2.18509660296331885e-04,2.89904514162966354e-12,1.22399312907361946e-11
985,5.32037019016996096e-05,2.79508319170059408e-05,2.18310182935040937e-04,2.81889548920412076e-12,1.22399312907361946e-11
986,5.31117977970888697e-05,2.79009499708007678e-05,2.18111105716880914e-04,2.85680191064699910e-12,1.22399312907361946e-11
987,5.30203020838649524e-05,2.78501366408169636e-05,2.17912420236197007e-04,2.80004614628980634e-12,1.22399312907361946e-11
988,5.29290665593012573e-05,2.78001966240911525e-05,2.17714125727857497e-04,2.91362144742787935e-12,1.22399312907361946e-11
989,5.28380960920244857e-05,2.77506372340166900e-05,2.17516220844472330e-04,2.89680276674079941e-12,1.22399312907361946e-11
990,5.27473627475654128e-05,2.77013272507350533e-05,2.17318704666183052e-04,2.85209273536180090e-12,1.22399312907361946e-11
991,5.26568456748829707e-05,2.76522519337973870e-05,2.17121576828684045e-04,2.83822708058655212e-12,1.22399312907361946e-11
992,5.25665528408929964e-05,2.76033403117602780e-05,2.16924836766869402e-04,2.87801985100855592e-12,1.22399312907361946e-11
993,5.24764674714322545e-05,2.75542481083989762e-05,2.16728502472680152e-04,2.86353234488329596e-12,1.22399312907361946e-11
994,5.23866441464888234e-05,2.75054338173453873e-05,2.16532568971975538e-04,2.73176260011680811e-12,1.22399312907361946e-11
995,5.22970618025854061e-05,2.74568896026238820e-05,2.16337027655977998e-04,2.85220384200262569e-12,1.22399312907361946e-11
996,5.22077077433199402e-05,2.74086389416627780e-05,2.16141874432841690e-04,2.82992608170561193e-12,1.22399312907361946e-11
997,5.21185647373718615e-05,2.73604953417591490e-05,2.15947106698171319e-04,2.93461578306827270e-12,1.22399312907361946e-11
998,5.20296752362133850e-05,2.73125384101330316e-05,2.15752722161708434e-04,2.80890309826026837e-12,1.22399312907361946e-11
999,5.19409897227369061e-05,2.72647785777888476e-05,2.15558719509161559e-04,2.35446498223874649e-12,1.22399312907361946e-11
1000,5.18525345259434771e-05,2.72171615291240545e-05,2.15365097956661414e-04,2.33944410541150313e-12,1.22399312907361946e-11
1001,5.17643019778316643e-05,2.71697037012054714e-05,2.15171877568983252e-04,2.93597568799829969e-12,1.22399312907361946e-11
1002,5.16762977148659550e-05,2.71223793571467553e-05,2.14979047637657372e-04,2.82508363844903465e-12,1.22399312907361946e-11
1003,5.15884982340173516e-05,2.70752010164388569e-05,2.14786597029111275e-04,2.92467358588508207e-12,1.22399312907361946e-11
1004,5.15009321947290335e-05,2.70281879874837807e-05,2.14594522883239960e-04,2.89732953564377588e-12,1.22399312907361946e-11
1005,5.14135780351679728e-05,2.69813454163677850e-05,2.14402823606752905e-04,2.88661465530487064e-12,1.22399312907361946e-11
1006,5.13264528861279216e-05,2.69345913002568930e-05,2.14211497918654833e-04,2.88400993253298793e-12,1.22399312907361946e-11
1007,5.12395298042302538e-05,2.68880562187693324e-05,2.14020544969289870e-04,2.87733676234357732e-12,1.22399312907361946e-11
1008,5.11528337625340919e-05,2.68416280442081985e-05,2.13829963651411098e-04,2.39411973286611861e-12,1.22399312907361946e-11
1009,5.10663533159598921e-05,2.67953962139499820e-05,2.13639753137024186e-04,2.33577831719006824e-12,1.22399312907361946e-11
1010,5.09800926325648570e-05,2.67492520308485607e-05,2.13449911742463099e-04,2.86941750932818431e-12,1.22399312907361946e-11
1011,5.08940538773088957e-05,2.67032609309701205e-05,2.13260434601662710e-04,2.42628171270344989e-12,1.22399312907361946e-11
1012,5.08082127599516502e-05,2.66574523779955531e-05,2.13071323731111993e-04,2.40577776355858822e-12,1.22399312907361946e-11
1013,5.07226049049639958e-05,2.66117749732243600e-05,2.12882579633932065e-04,2.91684338246748349e-12,1.22399312907361946e-11
1014,5.06372114483709415e-05,2.65662233394883415e-05,2.12694201557811789e-04,2.92132361939842456e-12,1.22399312907361946e-11
1015,5.05520272059154717e-05,2.65208629524056533e-05,2.12506189169513117e-04,2.55323548915013278e-12,1.22399312907361946e-11
1016,5.04670654427541988e-05,2.64755089301415663e-05,2.12318538835223479e-04,2.39976203574753813e-12,1.22399312907361946e-11
1017,5.03823000434760671e-05,2.64303301196708091e-05,2.12131251077245778e-04,2.93618610543334797e-12,1.22399312907361946e-11
1018,5.02977390899882158e-05,2.63853538507405540e-05,2.11944329604841347e-04,2.92149268515409866e-12,1.22399312907361946e-11
1019,5.02133961223836961e-05,2.63405151609218984e-05,2.11757771983244906e-04,2.91523767619197683e-12,1.22399312907361946e-11
1020,5.01292672685912992e-05,2.62958434986304855e-05,2.11571576252259747e-04,2.92968259294220217e-12,1.22399312907361946e-11
1021,5.00453318986468710e-05,2.62513197318693610e-05,2.11385741221770156e-04,2.36779929391918899e-12,1.22399312907361946e-11
1022,4.99616276197116727e-05,2.62069494078356530e-05,2.11200265815734289e-04,2.51100381592675026e-12,1.22399312907361946e-11
1023,4.98781271860838482e-05,2.61626872381169811e-05,2.11015148862014131e-04,2.56393584307055585e-12,1.22399312907361946e-11
1024,4.97948289994498951e-05,2.61185789667730999e-05,2.10830389287695896e-04,2.93200270598924078e-12,1.22399312907361946e-11
1025,4.97117342300137756e-05,2.60745961825095709e-05,2.10645985988387724e-04,2.92277696746537585e-12,1.22399312907361946e-11
1026,4.96288681624821232e-05,2.60306215615608333e-05,2.10461926718057330e-04,2.66362769146634710e-12,1.22399312907361946e-11
1027,4.95461880975062356e-05,2.59869120099753000e-05,2.10278215893473856e-04,2.84052146877304750e-12,1.22399312907361946e-11
1028,4.94637019221793131e-05,2.59433166409800634e-05,2.10094857370749671e-04,2.50739323936296193e-12,1.22399312907361946e-11
1029,4.93814362272892158e-05,2.58998942589887358e-05,2.09911850788904974e-04,2.49957330018409970e-12,1.22399312907361946e-11
1030,4.92993769595265243e-05,2.58566025100354931e-05,2.09729195184186546e-04,2.39409545939359821e-12,1.22399312907361946e-11
1031,4.92175271770217492e-05,2.58134498546252626e-05,2.09546889887805008e-04,2.49729745220063123e-12,1.22399312907361946e-11
1032,4.91358749254916852e-05,2.57704269177124842e-05,2.09364933909129091e-04,2.85241445674240865e-12,1.22399312907361946e-11
1033,4.90542512396195440e-05,2.57272058402083387e-05,2.09183318595456406e-04,2.43613724993878761e-12,1.22399312907361946e-11
1034,4.89729087025907314e-05,2.56843121922722136e-05,2.09002023424865254e-04,2.57290619385353148e-12,1.22399312907361946e-11
1035,4.88917016450057579e-05,2.56416770755812336e-05,2.08821049356537343e-04,2.63703685892233929e-12,1.22399312907361946e-11
1036,4.88106821476575625e-05,2.55992862950613072e-05,2.08640391102811739e-04,2.58578384936478236e-12,1.22399312907361946e-11
1037,4.87298542431769622e-05,2.55569330193019322e-05,2.08460077282629806e-04,2.43841046120631110e-12,1.22399312907361946e-11
1038,4.86492792587807401e-05,2.55147221293513077e-05,2.08280113672120305e-04,2.60812409895029361e-12,1.22399312907361946e-11
1039,4.85689416294554998e-05,2.54726077556064402e-05,2.08100501016552915e-04,2.44147970810997846e-12,1.22399312907361946e-11
1040,4.84888303511450818e-05,2.54306405222664913e-05,2.07921239054513181e-04,2.73915865526328868e-12,1.22399312907361946e-11
1041,4.84089529514818799e-05,2.53888041707791598e-05,2.07742326930530951e-04,2.76230528183253273e-12,1.22399312907361946e-11
1042,4.83292882423831929e-05,2.53470809598005122e-05,2.07563763711312335e-04,2.52451593946661414e-12,1.22399312907361946e-11
1043,4.82498161572306032e-05,2.53055329448208150e-05,2.07385548184889633e-04,2.81522798161235858e-12,1.22399312907361946e-11
1044,4.81706528795758428e-05,2.52640232727250327e-05,2.07207688928808041e-04,2.81169697503554463e-12,1.22399312907361946e-11
1045,4.80917429049695406e-05,2.52227315661274093e-05,2.07030176684607891e-04,2.91314709940401264e-12,1.22399312907361946e-11
1046,4.80129244459449181e-05,2.51814844870005721e-05,2.06853006555352405e-04,2.42971865345300761e-12,1.22399312907361946e-11
1047,4.79342936145560070e-05,2.51404302899642258e-05,2.06676176628448370e-04,2.44813280529878894e-12,1.22399312907361946e-11
1048,4.78558411425130517e-05,2.50992699523059430e-05,2.06499687889266209e-04,2.91051627660789398e-12,1.22399312907361946e-11
1049,4.77775769309561881e-05,2.50583507347781919e-05,2.06323538462905161e-04,2.47536722574879252e-12,1.22399312907361946e-11
1050,4.76995059145337278e-05,2.50175776272595252e-05,2.06147718708250388e-04,2.93415879112908146e-12,1.22399312907361946e-11
1051,4.76216240790572955e-05,2.49769679006937462e-05,2.05972231444831791e-04,2.51298289560405296e-12,1.22399312907361946e-11
1052,4.75439333551569583e-05,2.49365161563526645e-05,2.05797077123236801e-04,2.88278775960524307e-12,1.22399312907361946e-11
1053,4.74664314883555395e-05,2.48961725312669799e-05,2.05622255319795421e-04,2.58621266310051905e-12,1.22399312907361946e-11
1054,4.73891071633513025e-05,2.48559128398518322e-05,2.05447765306768221e-04,2.45741261364421820e-12,1.22399312907361946e-11
1055,4.73119878714367811e-05,2.48158223808767171e-05,2.05273606387053375e-04,2.47177969964971408e-12,1.22399312907361946e-11
1056,4.72350421729341894e-05,2.47758096318740583e-05,2.05099777407838661e-04,2.79907673568779789e-12,1.22399312907361946e-11
1057,4.71582969739462056e-05,2.47359316603817288e-05,2.04926277522006890e-04,2.89814602971522015e-12,1.22399312907361946e-11
1058,4.70817107384830739e-05,2.46961574086838881e-05,2.04753106015794758e-04,2.46055548462368257e-12,1.22399312907361946e-11
1059,4.70053396245834830e-05,2.46562475164610717e-05,2.04580288535447159e-04,2.59772087432344952e-12,1.22399312907361946e-11
1060,4.69291626906924989e-05,2.46165005847426397e-05,2.04407817005627251e-04,2.54664323208258010e-12,1.22399312907361946e-11
1061,4.68531720455130901e-05,2.45770223123082666e-05,2.04235679349221041e-04,2.72598609800093221e-12,1.22399312907361946e-11
1062,4.67773846619792266e-05,2.45383513111036866e-05,2.04063879634915269e-04,2.77804978252676977e-12,1.22399312907361946e-11
1063,4.67017898048975683e-05,2.44994007666724798e-05,2.03892389545779320e-04,2.66957806947676209e-12,1.22399312907361946e-11
1064,4.66263361463694850e-05,2.44603705148355481e-05,2.03721217488546049e-04,2.62058742568021749e-12,1.22399312907361946e-11
1065,4.65510747244144159e-05,2.44214306906262926e-05,2.03550364611152943e-04,2.70316126576376782e-12,1.22399312907361946e-11
1066,4.64760036677517037e-05,2.43826335729554468e-05,2.03379830721764875e-04,2.58111178771409187e-12,1.22399312907361946e-11
1067,4.64011014610544341e-05,2.43439061380108920e-05,2.03209615419581193e-04,2.48378003804551407e-12,1.22399312907361946e-11
1068,4.63263784748841606e-05,2.43053553879526905e-05,2.03039717978695640e-04,2.54125480176292166e-12,1.22399312907361946e-11
1069,4.62518363279669712e-05,2.42668658483484578e-05,2.02870137810665861e-04,2.55636498460715702e-12,1.22399312907361946e-11
1070,4.61774741837659919e-05,2.42285111726233227e-05,2.02700874035539983e-04,2.54167897386034378e-12,1.22399312907361946e-11
1071,4.61032925788175396e-05,2.41903050081070622e-05,2.02531931254735018e-04,2.52612422831850620e-12,1.22399312907361946e-11
1072,4.60292888002834070e-05,2.41522027490824920e-05,2.02363308343600842e-04,2.58016819627519931e-12,1.22399312907361946e-11
1073,4.59554509706386972e-05,2.41141968765306521e-05,2.02195002765887628e-04,2.88504059906770438e-12,1.22399312907361946e-11
1074,4.58818111497768467e-05,2.40761653991882060e-05,2.02027013606172147e-04,2.60220174806241197e-12,1.22399312907361946e-11
1075,4.58083213226581843e-05,2.40383780654136575e-05,2.01859340699150973e-04,2.69638875248225923e-12,1.22399312907361946e-11
1076,4.57350289330402847e-05,2.40006676454592061e-05,2.01691982199512712e-04,2.63417071834016117e-12,1.22399312907361946e-11
1077,4.56618871779716258e-05,2.39631050805134070e-05,2.01524936200477727e-04,2.54181163714040846e-12,1.22399312907361946e-11
1078,4.55889485938028909e-05,2.39258168790776141e-05,2.01358199409303772e-04,2.88499799284603031e-12,1.22399312907361946e-11
1079,4.55161727671541351e-05,2.38885385550330574e-05,2.01191769468679399e-04,2.56188440581226263e-12,1.22399312907361946e-11
1080,4.54435752765830554e-05,2.38512405147082532e-05,2.01025645243169679e-04,2.63746680024773276e-12,1.22399312907361946e-11
1081,4.53711538554156139e-05,2.38141016249268094e-05,2.00859827287763856e-04,2.59337220643862843e-12,1.22399312907361946e-11
1082,4.52988953987604862e-05,2.37770998795129715e-05,2.00694315971378253e-04,2.63403355317191480e-12,1.22399312907361946e-11
1083,4.52268236647294494e-05,2.37402369876149533e-05,2.00529119232513691e-04,2.93386532008937285e-12,1.22399312907361946e-11
1084,4.51549203138135148e-05,2.37033624232415404e-05,2.00364229411532409e-04,2.75839468230498244e-12,1.22399312907361946e-11
1085,4.50831845254838026e-05,2.36666442743712122e-05,2.00199645844696298e-04,2.52088145368083426e-12,1.22399312907361946e-11
1086,4.50116233821624861e-05,2.36300042370011570e-05,2.00035367368704703e-04,2.54851402350363584e-12,1.22399312907361946e-11
1087,4.49402324993909149e-05,2.35934999083022396e-05,1.99871392942935498e-04,2.64833844055898207e-12,1.22399312907361946e-11
1088,4.48690105655223138e-05,2.35570732507536530e-05,1.99707721592953200e-04,2.81424467759961158e-12,1.22399312907361946e-11
1089,4.47979665770855128e-05,2.35207688232003329e-05,1.99544352217831357e-04,2.55991829871605261e-12,1.22399312907361946e-11
1090,4.47270768278715323e-05,2.34845558117105576e-05,1.99381284198453204e-04,2.65564542430629524e-12,1.22399312907361946e-11
1091,4.46563508386269091e-05,2.34484773763481375e-05,1.99218516580663773e-04,2.55159394156056287e-12,1.22399312907361946e-11
1092,4.45858169053843216e-05,2.34124449221085538e-05,1.99056048420761812e-04,2.75837263508699460e-12,1.22399312907361946e-11
1093,4.45154408162778858e-05,2.33765441377043749e-05,1.98893878979415276e-04,2.93696654804194816e-12,1.22399312907361946e-11
1094,4.44452269876762396e-05,2.33405468232710307e-05,1.98732017575120525e-04,2.79238073082531917e-12,1.22399312907361946e-11
1095,4.43751812898099068e-05,2.33047522694805400e-05,1.98570460812559516e-04,2.60290809165857901e-12,1.22399312907361946e-11
1096,4.43053056217860135e-05,2.32691192398672175e-05,1.98409204910475717e-04,2.61668124650032972e-12,1.22399312907361946e-11
1097,4.42355977602953290e-05,2.32336317206975042e-05,1.98248247175942600e-04,2.75872507220958929e-12,1.22399312907361946e-11
1098,4.41660518140302361e-05,2.31982138615490758e-05,1.98087585761787927e-04,2.80139641585164023e-12,1.22399312907361946e-11
1099,4.40966772636067341e-05,2.31629197656866237e-05,1.97927219514485694e-04,2.70342441418769839e-12,1.22399312907361946e-11
1100,4.40274648031540518e-05,2.31275854317753304e-05,1.97767167636141655e-04,2.60950787658535611e-12,1.22399312907361946e-11
1101,4.39584274356199812e-05,2.30924464765383121e-05,1.97607418396270138e-04,2.85703041382210506e-12,1.22399312907361946e-11
1102,4.38895696870183431e-05,2.30574202792654094e-05,1.97447964810049001e-04,2.66940522833359936e-12,1.22399312907361946e-11
1103,4.38208680264187865e-05,2.30225078431121887e-05,1.97288802788707308e-04,2.63273386140147591e-12,1.22399312907361946e-11
1104,4.37523311975261751e-05,2.29876767879899612e-05,1.97129929671888859e-04,2.58624766347642499e-12,1.22399312907361946e-11
1105,4.36839539499188565e-05,2.29529612066208044e-05,1.96971343485747923e-04,2.58922143913868212e-12,1.22399312907361946e-11
1106,4.36157436306624610e-05,2.29183257086843985e-05,1.96813043034914852e-04,2.79688406834260812e-12,1.22399312907361946e-11
1107,4.35476924044367393e-05,2.28837974947564078e-05,1.96655027551149411e-04,2.57949095584811815e-12,1.22399312907361946e-11
1108,4.34797949170024972e-05,2.28493619271467448e-05,1.96497296302011829e-04,2.60382986876296867e-12,1.22399312907361946e-11
1109,4.34120578719410620e-05,2.28150025554957804e-05,1.96339850228401699e-04,2.66810762495919095e-12,1.22399312907361946e-11
1110,4.33444748846950208e-05,2.27807708678256970e-05,1.96182688439173168e-04,2.60639166728226708e-12,1.22399312907361946e-11
1111,4.32770622367062663e-05,2.27465990724341553e-05,1.96025809370592799e-04,2.61742708567426579e-12,1.22399312907361946e-11
1112,4.32098091942577150e-05,2.27125531148438862e-05,1.95869211738070427e-04,2.66031447223818788e-12,1.22399312907361946e-11
1113,4.31427009579572949e-05,2.26786015833354390e-05,1.95712895059436276e-04,2.84716029354435083e-12,1.22399312907361946e-11
1114,4.30757634031791624e-05,2.26447069158741202e-05,1.95556864002681245e-04,2.68281726684740534e-12,1.22399312907361946e-11
1115,4.30089642854821237e-05,2.26109180587207656e-05,1.95401122072552907e-04,2.60132040247528456e-12,1.22399312907361946e-11
1116,4.29423384384425167e-05,2.25772431519178449e-05,1.95245665017050032e-04,2.72283715721549821e-12,1.22399312907361946e-11
1117,4.28758523715146097e-05,2.25436547006257653e-05,1.95090489456758954e-04,2.87102211589828538e-12,1.22399312907361946e-11
1118,4.28095373119292936e-05,2.25101291436560111e-05,1.94935592739353507e-04,2.72627604642600593e-12,1.22399312907361946e-11
1119,4.27433757525284239e-05,2.24767437347559641e-05,1.94780973648877372e-04,2.79283456838569877e-12,1.22399312907361946e-11
1120,4.26773614606555877e-05,2.24434105811651615e-05,1.94626630987916962e-04,2.63854705677971146e-12,1.22399312907361946e-11
1121,4.26115103355041778e-05,2.24102131351281418e-05,1.94472563818032902e-04,2.71778658992716796e-12,1.22399312907361946e-11
1122,4.25457925938742403e-05,2.23767942089804084e-05,1.94318770058697572e-04,2.92553517729108644e-12,1.22399312907361946e-11
1123,4.24802434018796925e-05,2.23435659978466400e-05,1.94165249587290690e-04,2.76127558109967951e-12,1.22399312907361946e-11
1124,4.24148315539142658e-05,2.23105348174073556e-05,1.94012002842382090e-04,2.69611657118592156e-12,1.22399312907361946e-11
1125,4.23495870755280743e-05,2.22775428229495064e-05,1.93859029566257891e-04,2.68362061820110789e-12,1.22399312907361946e-11
1126,4.22844823318949616e-05,2.22446652072171864e-05,1.93706329174826372e-04,2.67806046448763894e-12,1.22399312907361946e-11
1127,4.22091663971735484e-05,2.22118611215506949e-05,1.93553732768833955e-04,2.87494729783042040e-12,1.22399312907361946e-11
1128,4.21316252811816704e-05,2.21817495783982086e-05,1.93401151866311194e-04,2.77089415356463276e-12,1.22399312907361946e-11
1129,4.20604571818446556e-05,2.21552745998842475e-05,1.93248662049714154e-04,2.92971711878086853e-12,1.22399312907361946e-11
1130,4.19964064172103605e-05,2.21308741232879569e-05,1.93096331977888534e-04,2.82788376351453300e-12,1.22399312907361946e-11
1131,4.19366761792181470e-05,2.21074207883630094e-05,1.92944207828812795e-04,2.43712548898402175e-12,1.22399312907361946e-11
1132,4.18792964184566915e-05,2.20842578275508137e-05,1.92792311065146277e-04,2.64370014632975582e-12,1.22399312907361946e-11
1133,4.18229603098919909e-05,2.20608950219737800e-05,1.92640671434688473e-04,2.77865850808668381e-12,1.22399312907361946e-11
1134,4.17667587706465062e-05,2.20370889091095694e-05,1.92489300474999380e-04,2.66411808308807738e-12,1.22399312907361946e-11
1135,4.17102840345512488e-05,2.20127771878532806e-05,1.92338200808691792e-04,2.67554745487838570e-12,1.22399312907361946e-11
1136,4.16532517189395317e-05,2.19877030485482840e-05,1.92187370575764053e-04,2.88303031198443289e-12,1.22399312907361946e-11
1137,4.15955911549832657e-05,2.19621386493486761e-05,1.92036820245673496e-04,2.70669802389142393e-12,1.22399312907361946e-11
1138,4.15373403936329774e-05,2.19361023146434804e-05,1.91886548483670644e-04,2.71939300356447585e-12,1.22399312907361946e-11
1139,4.14782471867237925e-05,2.19095530545460783e-05,1.91736553926381348e-04,2.66879166527437360e-12,1.22399312907361946e-11
1140,4.14181711946591047e-05,2.18825669986758428e-05,1.91586836239408305e-04,2.77122588213170339e-12,1.22399312907361946e-11
1141,4.13580411069863513e-05,2.18551581695124809e-05,1.91437393885865442e-04,2.69124951658340536e-12,1.22399312907361946e-11
1142,4.12976393150024212e-05,2.18275464437368236e-05,1.91288253822450080e-04,2.80554053653735532e-12,1.22399312907361946e-11
1143,4.12370172721311250e-05,2.17997657339458514e-05,1.91139396721900232e-04,2.46084861796055119e-12,1.22399312907361946e-11
1144,4.11762319817529060e-05,2.17715965206476551e-05,1.90990801442597467e-04,2.87294539324038299e-12,1.22399312907361946e-11
1145,4.11153332208144754e-05,2.17431641845520742e-05,1.90842473852858386e-04,2.76354298119092773e-12,1.22399312907361946e-11
1146,4.10543664499974186e-05,2.17145402679193059e-05,1.90694416101251722e-04,2.72993308885283413e-12,1.22399312907361946e-11
1147,4.09933533608998113e-05,2.16857491617443959e-05,1.90546628016888644e-04,2.72095897390406482e-12,1.22399312907361946e-11
1148,4.09323098897521992e-05,2.16568471196369572e-05,1.90399108803409971e-04,2.70577265446581848e-12,1.22399312907361946e-11
1149,4.08712577408865444e-05,2.16278153761072578e-05,1.90251857465489974e-04,2.54857297776549866e-12,1.22399312907361946e-11
1150,4.08101936209417799e-05,2.15987104715656655e-05,1.90104872894425654e-04,2.76102736378398918e-12,1.22399312907361946e-11
1151,4.07491720367040344e-05,2.15695402143629006e-05,1.89958153363579377e-04,2.92662454619112177e-12,1.22399312907361946e-11
1152,4.06881694826949553e-05,2.15401339628846192e-05,1.89811729770149329e-04,2.69084013075331697e-12,1.22399312907361946e-11
1153,4.06272164635058816e-05,2.15107880660360214e-05,1.89665587508430029e-04,2.86757741972152172e-12,1.22399312907361946e-11
1154,4.05663258978783699e-05,2.14813981440325607e-05,1.89519716071192900e-04,2.76769393727624133e-12,1.22399312907361946e-11
1155,4.05055096513260237e-05,2.14518064679654389e-05,1.89374125290422073e-04,2.82356050150115714e-12,1.22399312907361946e-11
1156,4.04447803028646751e-05,2.14223479821994818e-05,1.89228801020438589e-04,2.56899898945128017e-12,1.22399312907361946e-11
1157,4.03841341529689984e-05,2.13929051830073265e-05,1.89083736103395108e-04,2.93398698133223881e-12,1.22399312907361946e-11
1158,4.03235739855907737e-05,2.13635200785620664e-05,1.88938926411581494e-04,2.94088563235753598e-12,1.22399312907361946e-11
1159,4.02630993872246776e-05,2.13341349587562975e-05,1.88794370408828171e-04,2.89119326454939428e-12,1.22399312907361946e-11
1160,4.02027137560977019e-05,2.13047560801839057e-05,1.88650066855283114e-04,2.70540426056582332e-12,1.22399312907361946e-11
1161,4.01424265625235807e-05,2.12754519755285187e-05,1.88506013593392539e-04,2.83624101730878684e-12,1.22399312907361946e-11
1162,4.00822326528591565e-05,2.12461377935572748e-05,1.88362210313036080e-04,2.85506880619682395e-12,1.22399312907361946e-11
1163,4.00221282943862542e-05,2.12168529689775825e-05,1.88218657612096918e-04,2.74447844117219315e-12,1.22399312907361946e-11
1164,3.99621330998471512e-05,2.11875902360788968e-05,1.88075355494998650e-04,2.73430716691742302e-12,1.22399312907361946e-11
1165,3.99022448198548441e-05,2.11583239044341000e-05,1.87932305646108225e-04,2.80832751178282450e-12,1.22399312907361946e-11
1166,3.98424657675197700e-05,2.11290577218972189e-05,1.87789508766823430e-04,2.87460446632913542e-12,1.22399312907361946e-11
1167,3.97827978266575966e-05,2.10999133671981203e-05,1.87646962707857821e-04,2.77321416046929102e-12,1.22399312907361946e-11
1168,3.97232642622631264e-05,2.10706962964248961e-05,1.87504646573975986e-04,2.58553785644217942e-12,1.22399312907361946e-11
1169,3.96638192580874187e-05,2.10416318614665209e-05,1.87362576413733204e-04,2.56053585743539722e-12,1.22399312907361946e-11
1170,3.96045076238364614e-05,2.10126240997042093e-05,1.87220753332167466e-04,2.48440469557576520e-12,1.22399312907361946e-11
1171,3.95453205826275440e-05,2.09834619852398912e-05,1.87079177101633071e-04,2.86272397472384488e-12,1.22399312907361946e-11
1172,3.94862656594517338e-05,2.09541261930544120e-05,1.86937851375909336e-04,2.65799972989876072e-12,1.22399312907361946e-11
1173,3.94273017494275896e-05,2.09250970171979561e-05,1.86796772606560033e-04,2.76642778809151683e-12,1.22399312907361946e-11
1174,3.93685020745920318e-05,2.08962291679708424e-05,1.86655938225148324e-04,2.85387126053041688e-12,1.22399312907361946e-11
1175,3.93097998453226640e-05,2.08674566562501593e-05,1.86515348653423405e-04,2.68374142718433646e-12,1.22399312907361946e-11
1176,3.92512334220281535e-05,2.08387233442482374e-05,1.86375003629226928e-04,2.53879256776669874e-12,1.22399312907361946e-11
1177,3.91927823593780269e-05,2.08101017741705652e-05,1.86234902649190222e-04,2.76393701965627585e-12,1.22399312907361946e-11
1178,3.91344618388732920e-05,2.07815233645991323e-05,1.86095045323795741e-04,2.76967085554549752e-12,1.22399312907361946e-11
1179,3.90762583968853061e-05,2.07530005722376166e-05,1.85955431504180143e-04,2.65406428187810549e-12,1.22399312907361946e-11
1180,3.90181703839565281e-05,2.07245266946855089e-05,1.85816060675042110e-04,2.84175797356666305e-12,1.22399312907361946e-11
1181,3.89602346672339410e-05,2.06961371000762459e-05,1.85676932415721607e-04,2.89630433022768712e-12,1.22399312907361946e-11
1182,3.89024099772735600e-05,2.06677798829786451e-05,1.85538046192914197e-04,2.77445550930480860e-12,1.22399312907361946e-11
1183,3.88447000342173368e-05,2.06395136308732529e-05,1.85399401706719583e-04,2.79490726067810389e-12,1.22399312907361946e-11
1184,3.87871179780070564e-05,2.06112783834665571e-05,1.85260998499198659e-04,2.48828391757105923e-12,1.22399312907361946e-11
1185,3.87296612545448148e-05,2.05830654317854943e-05,1.85122838220751077e-04,2.88518643690591843e-12,1.22399312907361946e-11
1186,3.86723509497865844e-05,2.05549483484015376e-05,1.84984919547756695e-04,2.50678307853461880e-12,1.22399312907361946e-11
1187,3.86151527907612057e-05,2.05268799343113585e-05,1.84847242108287249e-04,2.79642852535176500e-12,1.22399312907361946e-11
1188,3.85581053891917371e-05,2.04988937362180954e-05,1.84709804181845786e-04,2.65095001912486462e-12,1.22399312907361946e-11
1189,3.85011600043564672e-05,2.04709432049907808e-05,1.84572605453819520e-04,2.84375973406161602e-12,1.22399312907361946e-11
1190,3.84443749113446044e-05,2.04425682985112925e-05,1.84435651727355451e-04,2.87291676812405187e-12,1.22399312907361946e-11
1191,3.83877037164216661e-05,2.04145174186241627e-05,1.84298945378465781e-04,2.70262054811088060e-12,1.22399312907361946e-11
1192,3.83311731207901943e-05,2.03866802206046162e-05,1.84162480516956686e-04,2.88951153199762198e-12,1.22399312907361946e-11
1193,3.82747758012644433e-05,2.03589747506165268e-05,1.84026252151709319e-04,2.93261921848830743e-12,1.22399312907361946e-11
1194,3.82184861623020584e-05,2.03312954153445701e-05,1.83890258821912635e-04,2.83820671607836556e-12,1.22399312907361946e-11
1195,3.81623457410337961e-05,2.03037289246107942e-05,1.83754499244018118e-04,2.80398404893100704e-12,1.22399312907361946e-11
1196,3.81062882097202605e-05,2.02762135087624519e-05,1.83618971306409844e-04,2.79954645119666791e-12,1.22399312907361946e-11
1197,3.80503670935011690e-05,2.02488069714363456e-05,1.83483672620996842e-04,2.90809809459121805e-12,1.22399312907361946e-11
1198,3.79945613777498778e-05,2.02213905860804076e-05,1.83348605564711989e-04,2.81548115671333272e-12,1.22399312907361946e-11
1199,3.79388676049414712e-05,2.01940701814482554e-05,1.83213770331705673e-04,2.76746456221933072e-12,1.22399312907361946e-11
1200,3.78832942814495740e-05,2.01667480402343928e-05,1.83079166655551203e-04,2.89047824380771848e-12,1.22399312907361946e-11
1201,3.78278633480618872e-05,2.01395088862084017e-05,1.82944794104132727e-04,2.54524474367419936e-12,1.22399312907361946e-11
1202,3.77725279525601660e-05,2.01123549946631073e-05,1.82810652566227095e-04,2.65892578996466930e-12,1.22399312907361946e-11
1203,3.77173228218774433e-05,2.00852449380165601e-05,1.82676741299788668e-04,2.90403059069079957e-12,1.22399312907361946e-11
1204,3.76622543886224849e-05,2.00581939819451919e-05,1.82543059883346265e-04,2.88067670404352249e-12,1.22399312907361946e-11
1205,3.76072963300814184e-05,2.00311864106912774e-05,1.82409607935566710e-04,2.63155171929098098e-12,1.22399312907361946e-11
1206,3.75524399951502951e-05,2.00042692016992084e-05,1.82276385356775584e-04,2.90665800825906370e-12,1.22399312907361946e-11
1207,3.74977448306140526e-05,1.99773907568495582e-05,1.82143390860362692e-04,2.83577412374856873e-12,1.22399312907361946e-11
1208,3.74431334385486972e-05,1.99506031567266315e-05,1.82010624650310806e-04,2.64763927903587661e-12,1.22399312907361946e-11
1209,3.73886539356581889e-05,1.99238325701745040e-05,1.81878086099841594e-04,2.92716402309991173e-12,1.22399312907361946e-11
1210,3.73342997138477667e-05,1.98971429059540239e-05,1.81745774303554978e-04,2.54787404126189064e-12,1.22399312907361946e-11
1211,3.72800492179544687e-05,1.98705232799298050e-05,1.81613689269983142e-04,2.56093963718102331e-12,1.22399312907361946e-11
1212,3.72259352784012453e-05,1.98439538970091853e-05,1.81481830085460647e-04,2.63916870696388657e-12,1.22399312907361946e-11
1213,3.71719348744000349e-05,1.98174422420567808e-05,1.81350196535281827e-04,2.90116986178983936e-12,1.22399312907361946e-11
1214,3.71180513452818193e-05,1.97909812373540771e-05,1.81218787777625819e-04,2.85182412707361963e-12,1.22399312907361946e-11
1215,3.70642817616121664e-05,1.97645986301817029e-05,1.81087603620670045e-04,2.85798996501167173e-12,1.22399312907361946e-11
1216,3.70106355512822967e-05,1.97382559922866910e-05,1.80956643452176788e-04,2.94459536615992842e-12,1.22399312907361946e-11
1217,3.69571064755748089e-05,1.97119727269932341e-05,1.80825909580658586e-04,2.89612808608902678e-12,1.22399312907361946e-11
1218,3.69036888892078808e-05,1.96856546547996036e-05,1.80695413228221393e-04,2.88367694070750181e-12,1.22399312907361946e-11
1219,3.68504058343130289e-05,1.96594434367424233e-05,1.80565137670274801e-04,2.83601408672362565e-12,1.22399312907361946e-11
1220,3.67972264528763619e-05,1.96333372572876317e-05,1.80435071733804040e-04,2.84446434185947998e-12,1.22399312907361946e-11
1221,3.67441736404876552e-05,1.96072741941800636e-05,1.80305224422388837e-04,2.65592765483179968e-12,1.22399312907361946e-11
1222,3.66912277100871599e-05,1.95812842509948168e-05,1.80175596630830029e-04,2.65363606521444785e-12,1.22399312907361946e-11
1223,3.66384161340644736e-05,1.95553608512909410e-05,1.80046187354776066e-04,2.88367579986641607e-12,1.22399312907361946e-11
1224,3.65857023049230212e-05,1.95295043535322204e-05,1.79916996641608695e-04,2.85186100936818647e-12,1.22399312907361946e-11
1225,3.65331134271576512e-05,1.95036760478692423e-05,1.79788024263286049e-04,2.87060012239681816e-12,1.22399312907361946e-11
1226,3.64806363596315982e-05,1.94779308624157880e-05,1.79659270049860738e-04,2.88700175039274269e-12,1.22399312907361946e-11
1227,3.64282727670781818e-05,1.94522441031055059e-05,1.79530733504868997e-04,2.73577161687085375e-12,1.22399312907361946e-11
1228,3.63760209964940318e-05,1.94266084541045307e-05,1.79402414764602710e-04,2.88642437220142649e-12,1.22399312907361946e-11
1229,3.63238716661194562e-05,1.94010258627482251e-05,1.79274312713652978e-04,2.89864091936001519e-12,1.22399312907361946e-11
1230,3.62718547890509484e-05,1.93754971890410634e-05,1.79146425708450813e-04,2.63790878675275755e-12,1.22399312907361946e-11
1231,3.62199322980537259e-05,1.93500556490976849e-05,1.79018753366553710e-04,2.87212861332150930e-12,1.22399312907361946e-11
1232,3.61681352046055375e-05,1.93246192354925607e-05,1.78891293520943938e-04,2.60704591475993008e-12,1.22399312907361946e-11
1233,3.61164486192451438e-05,1.92994030078287784e-05,1.78764022795908673e-04,2.67097471334531616e-12,1.22399312907361946e-11
1234,3.60648554259513049e-05,1.92741758043001224e-05,1.78636957614436426e-04,2.58245056624342211e-12,1.22399312907361946e-11
1235,3.60133733060908893e-05,1.92489387669000884e-05,1.78510110710796349e-04,2.94307382685507822e-12,1.22399312907361946e-11
1236,3.59619860989468862e-05,1.92237101715413472e-05,1.78383488602448244e-04,2.69746277648129881e-12,1.22399312907361946e-11
1237,3.59107171940727053e-05,1.91985983799704393e-05,1.78257089486057369e-04,2.89334645279427301e-12,1.22399312907361946e-11
1238,3.58595565607140433e-05,1.91735333800693642e-05,1.78130914478003010e-04,2.90157990775786664e-12,1.22399312907361946e-11
1239,3.58084969338972638e-05,1.91485618230361497e-05,1.78004961050383831e-04,2.63930401514068784e-12,1.22399312907361946e-11
1240,3.57575450469207337e-05,1.91236487464619698e-05,1.77879225544162051e-04,2.92621578163398650e-12,1.22399312907361946e-11
1241,3.57067098460636496e-05,1.90987588147444876e-05,1.77753704493347099e-04,2.70964921511610552e-12,1.22399312907361946e-11
1242,3.56559861437246594e-05,1.90739491758642783e-05,1.77628397064309018e-04,2.89827497510372672e-12,1.22399312907361946e-11
1243,3.56053705332598250e-05,1.90491773155589575e-05,1.77503300922159259e-04,2.90046912313804588e-12,1.22399312907361946e-11
1244,3.55548679955969193e-05,1.90244511243863240e-05,1.77378415694036086e-04,2.89437468220800520e-12,1.22399312907361946e-11
1245,3.55044801076880324e-05,1.89997899897289631e-05,1.77253740155415736e-04,2.60674043190222980e-12,1.22399312907361946e-11
1246,3.54542043590108026e-05,1.89751885199465547e-05,1.77129273919412615e-04,2.78188241288764967e-12,1.22399312907361946e-11
1247,3.54040421259912958e-05,1.89506352658118072e-05,1.77005015553446704e-04,2.91172378526179043e-12,1.22399312907361946e-11
1248,3.53539628837012645e-05,1.89261042541946104e-05,1.76880964468149361e-04,2.64157807660898851e-12,1.22399312907361946e-11
1249,3.53040184406388537e-05,1.89016663375889445e-05,1.76757121119222658e-04,2.90159543394120715e-12,1.22399312907361946e-11
1250,3.52541647671027037e-05,1.88772511653986182e-05,1.76633483457520695e-04,2.63687082942326262e-12,1.22399312907361946e-11
1251,3.52044341718715681e-05,1.88529067929903785e-05,1.76510052471053356e-04,2.93192989527418140e-12,1.22399312907361946e-11
1252,3.51547954269980134e-05,1.88286024693234836e-05,1.76386826036618584e-04,2.62835099516584581e-12,1.22399312907361946e-11
1253,3.51052681565758326e-05,1.88043619293594022e-05,1.76263805267205147e-04,2.91142522024592475e-12,1.22399312907361946e-11
1254,3.50558507310345236e-05,1.87801584262776946e-05,1.76140988137488071e-04,2.64428648379777245e-12,1.22399312907361946e-11
1255,3.50065323480436817e-05,1.87560216920205804e-05,1.76018375626376121e-04,2.93846582060048897e-12,1.22399312907361946e-11
1256,3.49573276042368402e-05,1.87319231693876148e-05,1.75895965825886413e-04,2.67227625397020103e-12,1.22399312907361946e-11
1257,3.49082224698925498e-05,1.87078918657766747e-05,1.75773759559199526e-04,2.62128502789680669e-12,1.22399312907361946e-11
1258,3.48592261378874205e-05,1.86838997816189438e-05,1.75651757651610994e-04,2.93094389962757835e-12,1.22399312907361946e-11
1259,3.48103341651933670e-05,1.86598232542675543e-05,1.75529985827462448e-04,2.63259811219568319e-12,1.22399312907361946e-11
1260,3.47615554553309968e-05,1.86358519851923302e-05,1.75408430933123656e-04,2.69051908645794186e-12,1.22399312907361946e-11
1261,3.47128946976833674e-05,1.86119298647635625e-05,1.75287085714866131e-04,2.82900617836018909e-12,1.22399312907361946e-11
1262,3.46643420067991548e-05,1.85880778762192390e-05,1.75165943408492596e-04,2.73555490324983631e-12,1.22399312907361946e-11
1263,3.46158998631086964e-05,1.85643234868207386e-05,1.75045000337356989e-04,2.65172079458285676e-12,1.22399312907361946e-11
1264,3.45675533717945232e-05,1.85406226047597185e-05,1.74924255045869862e-04,2.64097604944503902e-12,1.22399312907361946e-11
1265,3.45193111475744542e-05,1.85169774588510691e-05,1.74803706442746762e-04,2.43253993667153017e-12,1.22399312907361946e-11
1266,3.44711678305428346e-05,1.84933944641038548e-05,1.74683353940443544e-04,2.67233517184301222e-12,1.22399312907361946e-11
1267,3.44231246168886116e-05,1.84698339908287409e-05,1.74563197437098574e-04,2.92455576370162826e-12,1.22399312907361946e-11
1268,3.43751884614877236e-05,1.84463442756354345e-05,1.74443236570342536e-04,2.63349815173410638e-12,1.22399312907361946e-11
1269,3.43273330844580171e-05,1.84228777581796890e-05,1.74323474529134754e-04,2.73633923071718844e-12,1.22399312907361946e-11
1270,3.42795968461218772e-05,1.83994775704188166e-05,1.74203911766037181e-04,2.64777375261347379e-12,1.22399312907361946e-11
1271,3.42319652571442589e-05,1.83761295184866558e-05,1.74084545624537599e-04,2.93816154154682338e-12,1.22399312907361946e-11
1272,3.41844305730066076e-05,1.83528232194600375e-05,1.73965374536932547e-04,2.70852415893822676e-12,1.22399312907361946e-11
1273,3.41369823994916371e-05,1.83295756645704052e-05,1.73846398249610226e-04,2.65113612709906182e-12,1.22399312907361946e-11
1274,3.40896576671192484e-05,1.83063840958740611e-05,1.73727615582364175e-04,2.64601620688925239e-12,1.22399312907361946e-11
1275,3.40424166802722397e-05,1.82832287198884378e-05,1.73609026187249822e-04,2.66101202649756056e-12,1.22399312907361946e-11
1276,3.39952826811217040e-05,1.82601251411815508e-05,1.73490630024334210e-04,2.88742739468442799e-12,1.22399312907361946e-11
1277,3.39482466546157867e-05,1.82370818821242788e-05,1.73372427461188522e-04,2.65689983484045320e-12,1.22399312907361946e-11
1278,3.39012930234670082e-05,1.82140688527754154e-05,1.73254417285751138e-04,2.67910711637312361e-12,1.22399312907361946e-11
1279,3.38544515360945166e-05,1.81911236838350710e-05,1.73136598961427091e-04,2.72808713823275106e-12,1.22399312907361946e-11
1280,3.38077031453286816e-05,1.81682121658094060e-05,1.73018971925586660e-04,2.84522436472151143e-12,1.22399312907361946e-11
1281,3.37610539452363979e-05,1.81453598688530872e-05,1.72901535890227067e-04,2.66122971666516276e-12,1.22399312907361946e-11
1282,3.37145003982835897e-05,1.81225523543295827e-05,1.72784290753041507e-04,2.67536477580335590e-12,1.22399312907361946e-11
1283,3.36680428793361056e-05,1.80997975500699290e-05,1.72667235809698284e-04,2.80831994371213757e-12,1.22399312907361946e-11
1284,3.36216778830258919e-05,1.80770892056793694e-05,1.72550370763893701e-04,2.93267272256448646e-12,1.22399312907361946e-11
1285,3.35754234941282301e-05,1.80544226472468415e-05,1.72433695506930769e-04,2.66104478299804092e-12,1.22399312907361946e-11
1286,3.35292403154061351e-05,1.80318014803518780e-05,1.72317210210467587e-04,2.87622029628063873e-12,1.22399312907361946e-11
1287,3.34831729014754834e-05,1.80092393717145952e-05,1.72200913848864133e-04,2.67767238411481101e-12,1.22399312907361946e-11
1288,3.34371951601553958e-05,1.79867173804542215e-05,1.72084805916545983e-04,2.68384260097967173e-12,1.22399312907361946e-11
1289,3.33913072233710102e-05,1.79642387941660606e-05,1.71968886009931618e-04,2.66568748911490645e-12,1.22399312907361946e-11
1290,3.33455240767086930e-05,1.79418176004513578e-05,1.71853153749861525e-04,2.46227118694380590e-12,1.22399312907361946e-11
1291,3.32998348235112037e-05,1.79194549518301345e-05,1.71737600416627453e-04,2.70551594178423137e-12,1.22399312907361946e-11
1292,3.32542242718679264e-05,1.78970810677612499e-05,1.71622231169645429e-04,2.70605737539563708e-12,1.22399312907361946e-11
1293,3.32087220917381333e-05,1.78743917424283168e-05,1.71507045107684918e-04,2.73388748490570829e-12,1.22399312907361946e-11
1294,3.31633170436821138e-05,1.78517072936575032e-05,1.71392033616310800e-04,2.89141055670582439e-12,1.22399312907361946e-11
1295,3.31180020834335000e-05,1.78293642887669866e-05,1.71277204996005665e-04,2.49891532456266556e-12,1.22399312907361946e-11
1296,3.30727643298394351e-05,1.78071542759720438e-05,1.71162560356466969e-04,2.93585744218561841e-12,1.22399312907361946e-11
1297,3.30276385826777991e-05,1.77850144449792466e-05,1.71048100083940626e-04,2.68233309804923197e-12,1.22399312907361946e-11
1298,3.29826048550858276e-05,1.77629743114125996e-05,1.70933824625501684e-04,2.45906470262400725e-12,1.22399312907361946e-11
1299,3.29376574186492839e-05,1.77409966999394833e-05,1.70819733482967105e-04,2.68582346805384648e-12,1.22399312907361946e-11
1300,3.28927984495005433e-05,1.77190366290671713e-05,1.70705826594731627e-04,2.72854033099164499e-12,1.22399312907361946e-11
1301,3.28480403651115705e-05,1.76971406778760121e-05,1.70592103495602153e-04,2.71482753104615334e-12,1.22399312907361946e-11
1302,3.28033620160500219e-05,1.76754086575115026e-05,1.70478546846667859e-04,2.69803067316215811e-12,1.22399312907361946e-11
1303,3.27587707976184479e-05,1.76536820743774760e-05,1.70365163956381010e-04,2.71812317893407942e-12,1.22399312907361946e-11
1304,3.27142629380557538e-05,1.76319425020833378e-05,1.70251963257552424e-04,2.82469175111048427e-12,1.22399312907361946e-11
1305,3.26698373232018921e-05,1.76102659027194486e-05,1.70138946212174792e-04,2.47845803603928184e-12,1.22399312907361946e-11
1306,3.26255140569674647e-05,1.75886045764847596e-05,1.70026112475543759e-04,2.70146565454861178e-12,1.22399312907361946e-11
1307,3.25812683828533746e-05,1.75669749681888726e-05,1.69913461898591015e-04,2.84771970146660186e-12,1.22399312907361946e-11
1308,3.25371245087498445e-05,1.75454097364774728e-05,1.69800993911262138e-04,2.69619307411927419e-12,1.22399312907361946e-11
1309,3.24930651480416469e-05,1.75238826626358609e-05,1.69688708209492819e-04,2.73696156715215038e-12,1.22399312907361946e-11
1310,3.24490982850598534e-05,1.75024019051113399e-05,1.69576604123604526e-04,2.82474593271096689e-12,1.22399312907361946e-11
1311,3.24052214301280504e-05,1.74809573822918848e-05,1.69464681207312187e-04,2.72057579707268143e-12,1.22399312907361946e-11
1312,3.23614405295610965e-05,1.74595515490039954e-05,1.69352938831582870e-04,2.70891031720276310e-12,1.22399312907361946e-11
1313,3.23177423847103017e-05,1.74381945364824241e-05,1.69241376777785717e-04,2.73321714280429639e-12,1.22399312907361946e-11
1314,3.22741399425812079e-05,1.74168804446210732e-05,1.69129994535170865e-04,2.70592537915767403e-12,1.22399312907361946e-11
1315,3.22306206437322708e-05,1.73956075267956574e-05,1.69018791500558888e-04,2.72981349059822725e-12,1.22399312907361946e-11
1316,3.21871924069670563e-05,1.73743607925200394e-05,1.68907769385942856e-04,2.71005409567422071e-12,1.22399312907361946e-11
1317,3.21438541552178625e-05,1.73531621854141513e-05,1.68796928529893762e-04,2.71613702871015473e-12,1.22399312907361946e-11
1318,3.21006035258406732e-05,1.73320039316195658e-05,1.68686267086221497e-04,2.90854671809024640e-12,1.22399312907361946e-11
1319,3.20574469714041653e-05,1.73108928648645920e-05,1.68575783747610964e-04,2.51223128737245750e-12,1.22399312907361946e-11
1320,3.20143693453924885e-05,1.72898431534063803e-05,1.68465477894801877e-04,2.71626875852694872e-12,1.22399312907361946e-11
1321,3.19713867188675164e-05,1.72687996238663865e-05,1.68355348487118038e-04,2.56559934393906663e-12,1.22399312907361946e-11
1322,3.19284910734500687e-05,1.72478302860258991e-05,1.68245395152636577e-04,2.47824464122965156e-12,1.22399312907361946e-11
1323,3.18856839035932391e-05,1.72268908812801176e-05,1.68135617350760738e-04,2.72450208654684271e-12,1.22399312907361946e-11
1324,3.18429556950145857e-05,1.72059650244645936e-05,1.68026014627999380e-04,2.79236698451591931e-12,1.22399312907361946e-11
1325,3.18003259363055743e-05,1.71851137932167510e-05,1.67916586696727872e-04,2.82749327577311375e-12,1.22399312907361946e-11
1326,3.17577676385981552e-05,1.71643008257765548e-05,1.67807338788463579e-04,2.73690860575095412e-12,1.22399312907361946e-11
1327,3.17152996746148389e-05,1.71435378431800153e-05,1.67698267944408854e-04,2.93058227427435573e-12,1.22399312907361946e-11
1328,3.16729060729092243e-05,1.71227989962022519e-05,1.67589371343533340e-04,2.72647694907270041e-12,1.22399312907361946e-11
1329,3.16303884944027858e-05,1.71021191997531800e-05,1.67480647840632447e-04,2.77752365680011222e-12,1.22399312907361946e-11
1330,3.15881384582000272e-05,1.70814410117910249e-05,1.67372091177608862e-04,2.76194449009252137e-12,1.22399312907361946e-11
1331,3.15459848713792716e-05,1.70608219552374779e-05,1.67263698632291627e-04,2.74764809652514352e-12,1.22399312907361946e-11
1332,3.15039210599714700e-05,1.70401526006563302e-05,1.67155483508416540e-04,2.46960938177287373e-12,1.22399312907361946e-11
1333,3.14619481836425256e-05,1.70196107905397455e-05,1.67047441491544008e-04,2.76198112022062166e-12,1.22399312907361946e-11
1334,3.14194921085698145e-05,1.69990905971583571e-05,1.66939570749703991e-04,2.65117795633984144e-12,1.22399312907361946e-11
1335,3.13763415889177952e-05,1.69786434285816066e-05,1.66831872996266357e-04,2.79965657718298765e-12,1.22399312907361946e-11
1336,3.13341715918570446e-05,1.69581157273247900e-05,1.66724337264624877e-04,2.74140976784697989e-12,1.22399312907361946e-11
1337,3.12923134975828649e-05,1.69376668884850956e-05,1.66616966514397072e-04,2.76407805779334086e-12,1.22399312907361946e-11
1338,3.12505984043876336e-05,1.69172517579963920e-05,1.66509764101148715e-04,2.74159860010886023e-12,1.22399312907361946e-11
1339,3.12090240450684932e-05,1.68969091402989515e-05,1.66402731510609096e-04,2.76709318443555139e-12,1.22399312907361946e-11
1340,3.11675758671538366e-05,1.68766180432078448e-05,1.66295869462082090e-04,2.55113907813028594e-12,1.22399312907361946e-11
1341,3.11262408709456459e-05,1.68563725353702543e-05,1.66189190999731755e-04,2.88940823279503676e-12,1.22399312907361946e-11
1342,3.10850125925914980e-05,1.68360310001480995e-05,1.66082693792288228e-04,2.75679769303302849e-12,1.22399312907361946e-11
1343,3.10438902129485641e-05,1.68158024598112980e-05,1.65976371592892874e-04,2.48376869578369450e-12,1.22399312907361946e-11
1344,3.10028571030995797e-05,1.67957012914081146e-05,1.65870220041463602e-04,2.62865712084161058e-12,1.22399312907361946e-11
1345,3.09618974270137889e-05,1.67756370664398756e-05,1.65764236440676520e-04,2.75748860165038668e-12,1.22399312907361946e-11
1346,3.09210303696010034e-05,1.67556101555882667e-05,1.65658419402867150e-04,2.77493945653039704e-12,1.22399312907361946e-11
1347,3.08802412169821211e-05,1.67356451991373537e-05,1.65552768060780493e-04,2.80015719479965974e-12,1.22399312907361946e-11
1348,3.08395200704899766e-05,1.67157355939602844e-05,1.65447281783136907e-04,2.86127139473061714e-12,1.22399312907361946e-11
1349,3.07988785166799612e-05,1.66958479616610814e-05,1.65341960338300664e-04,2.53614913434796220e-12,1.22399312907361946e-11
1350,3.07583159957008033e-05,1.66760235695277459e-05,1.65236803414018393e-04,2.92752982446015120e-12,1.22399312907361946e-11
1351,3.07178254977639472e-05,1.66562003523506982e-05,1.65131810766175064e-04,2.49751851841320642e-12,1.22399312907361946e-11
1352,3.06774294151841069e-05,1.66364594748567332e-05,1.65026982231923186e-04,2.50198045555815982e-12,1.22399312907361946e-11
1353,3.06370977986167441e-05,1.66167250941310032e-05,1.64922317467940355e-04,2.49102997874769456e-12,1.22399312907361946e-11
1354,3.05968421607555300e-05,1.65970356518332690e-05,1.64817816240703599e-04,2.80368004952761288e-12,1.22399312907361946e-11
1355,3.05566667456888893e-05,1.65773671993390207e-05,1.64713478207975721e-04,2.50631685161325581e-12,1.22399312907361946e-11
1356,3.05165694216510161e-05,1.65577775350702686e-05,1.64609303156861616e-04,2.83622344430893335e-12,1.22399312907361946e-11
1357,3.04765495126114032e-05,1.65381818336331452e-05,1.64505290591034916e-04,2.51677875385879290e-12,1.22399312907361946e-11
1358,3.04366229664739198e-05,1.65186671185861318e-05,1.64401440400608912e-04,2.77363219376243358e-12,1.22399312907361946e-11
1359,3.03967451285186113e-05,1.64991454632274847e-05,1.64297752009930173e-04,2.49458537989557549e-12,1.22399312907361946e-11
1360,3.03569737097866847e-05,1.64797057666738214e-05,1.64194225287281120e-04,2.92222763604432490e-12,1.22399312907361946e-11
1361,3.03172484154086163e-05,1.64602580831236061e-05,1.64090859706823589e-04,2.78681611567004834e-12,1.22399312907361946e-11
1362,3.02776351498312704e-05,1.64408774319614472e-05,1.63987655029753081e-04,2.79211305748661265e-12,1.22399312907361946e-11
1363,3.02380806420516784e-05,1.64215219098315526e-05,1.63884610940258552e-04,2.81997430579735935e-12,1.22399312907361946e-11
1364,3.01986071518809441e-05,1.64022097603054249e-05,1.63781727063163550e-04,2.78348804284983743e-12,1.22399312907361946e-11
1365,3.01592054583877710e-05,1.63829375857380653e-05,1.63679002937808487e-04,2.58318849530535255e-12,1.22399312907361946e-11
1366,3.01198895660582368e-05,1.63637049450223110e-05,1.63576438214561935e-04,2.81113937916285966e-12,1.22399312907361946e-11
1367,3.00806383037150391e-05,1.63444876137603787e-05,1.63474032870050771e-04,2.58412460555517286e-12,1.22399312907361946e-11
1368,3.00414797060550497e-05,1.63253331504299967e-05,1.63371786192877258e-04,2.93846381728883469e-12,1.22399312907361946e-11
1369,3.00023821582807711e-05,1.63061757241654292e-05,1.63269704886233352e-04,2.90040264224446520e-12,1.22399312907361946e-11
1370,2.99633670912492651e-05,1.62870670593296995e-05,1.63167784191637033e-04,2.51307243680415623e-12,1.22399312907361946e-11
1371,2.99244372589219958e-05,1.62680212327923975e-05,1.63066022030283021e-04,2.76074819661390476e-12,1.22399312907361946e-11
1372,2.98855814662465604e-05,1.62489810212999084e-05,1.62964416939581825e-04,2.64700848473978592e-12,1.22399312907361946e-11
1373,2.98467828698434405e-05,1.62299914701242659e-05,1.62862968323287385e-04,2.82759176326964014e-12,1.22399312907361946e-11
1374,2.98080820473349769e-05,1.62110183925794765e-05,1.62761676097014727e-04,2.89335537734335487e-12,1.22399312907361946e-11
1375,2.97694480264049015e-05,1.61920940922171451e-05,1.62660539885201830e-04,2.66013227467124336e-12,1.22399312907361946e-11
1376,2.97308897517708788e-05,1.61732169403640247e-05,1.62559560338042865e-04,2.80379070531978442e-12,1.22399312907361946e-11
1377,2.96923947787508507e-05,1.61543334580189232e-05,1.62458736857801591e-04,2.84791897500520225e-12,1.22399312907361946e-11
1378,2.96539939026252631e-05,1.61355228244178944e-05,1.62358068786076152e-04,2.80383596074519690e-12,1.22399312907361946e-11
1379,2.96156492013849823e-05,1.61167421127270267e-05,1.62257555493705981e-04,2.87496427138120169e-12,1.22399312907361946e-11
1380,2.95773872020373244e-05,1.60979995618120355e-05,1.62157196495444440e-04,2.94566278779179582e-12,1.22399312907361946e-11
1381,2.95392004155880183e-05,1.60792943040848151e-05,1.62056991413643558e-04,2.83357482435794060e-12,1.22399312907361946e-11
1382,2.95010812129250002e-05,1.60606135806343554e-05,1.61956939886931703e-04,2.66354646653910947e-12,1.22399312907361946e-11
1383,2.94630371948277289e-05,1.60419898764844520e-05,1.61857041542395912e-04,2.53163220736165163e-12,1.22399312907361946e-11
1384,2.94250785445528269e-05,1.60233794889729697e-05,1.61757296129368507e-04,2.92671290450787445e-12,1.22399312907361946e-11
1385,2.93871742356998816e-05,1.60047940990238503e-05,1.61657703335678951e-04,2.85613658951675563e-12,1.22399312907361946e-11
1386,2.93493505272087567e-05,1.59862569658382520e-05,1.61558262732209185e-04,2.81757881090866315e-12,1.22399312907361946e-11
1387,2.93116298042112559e-05,1.59677656622034912e-05,1.61458973821725581e-04,2.71742544559428486e-12,1.22399312907361946e-11
1388,2.92739686933090580e-05,1.59493129872605995e-05,1.61359836281842873e-04,2.86336972910313450e-12,1.22399312907361946e-11
1389,2.92363816919823921e-05,1.59308774221024781e-05,1.61260829496494073e-04,2.84623121548803686e-12,1.22399312907361946e-11
1390,2.91988405532949944e-05,1.59124915208856918e-05,1.61161964289005115e-04,2.52165127802859882e-12,1.22399312907361946e-11
1391,2.91613786833665220e-05,1.58941639075385942e-05,1.61063248822160819e-04,2.85059549264028027e-12,1.22399312907361946e-11
1392,2.91239598222388043e-05,1.58758125199457952e-05,1.60964685010887761e-04,2.84066172657612311e-12,1.22399312907361946e-11
1393,2.90866386130031388e-05,1.58575266446742517e-05,1.60866273184238754e-04,2.83653804778141237e-12,1.22399312907361946e-11
1394,2.90493789109198583e-05,1.58392752870445488e-05,1.60768012951883154e-04,2.88044057339161770e-12,1.22399312907361946e-11
1395,2.90121861231380871e-05,1.58210595183514322e-05,1.60669901230362205e-04,2.83818424330738744e-12,1.22399312907361946e-11
1396,2.89750773015633162e-05,1.58028766113886067e-05,1.60571934767061232e-04,2.83963292504256119e-12,1.22399312907361946e-11
1397,2.89380290564409045e-05,1.57847279243120579e-05,1.60474117789619660e-04,2.66154185337236916e-12,1.22399312907361946e-11
1398,2.89010490132905676e-05,1.57666215292595855e-05,1.60376451280711338e-04,2.88552172646090536e-12,1.22399312907361946e-11
1399,2.88641459742903201e-05,1.57485065476507511e-05,1.60278934976014551e-04,2.85387874242907883e-12,1.22399312907361946e-11
1400,2.88273023135557980e-05,1.57304598277728842e-05,1.60181568729758807e-04,2.83780625503195722e-12,1.22399312907361946e-11
1401,2.87905390215924300e-05,1.57124278169263701e-05,1.60084351822169631e-04,2.88423601529905192e-12,1.22399312907361946e-11
1402,2.87538438723757597e-05,1.56944359489064053e-05,1.59987283814434517e-04,2.67083102945200079e-12,1.22399312907361946e-11
1403,2.87172294330012702e-05,1.56764900092863279e-05,1.59890360559648723e-04,2.84011409685634940e-12,1.22399312907361946e-11
1404,2.86806610979231460e-05,1.56585318410806137e-05,1.59793575864620562e-04,2.55239693752297058e-12,1.22399312907361946e-11
1405,2.86441930317779184e-05,1.56406592895544949e-05,1.59696938531192403e-04,2.86050762016192413e-12,1.22399312907361946e-11
1406,2.86077614039826071e-05,1.56227700029239816e-05,1.59600449123123732e-04,2.54109763338614081e-12,1.22399312907361946e-11
1407,2.85714325128729335e-05,1.56049602188312883e-05,1.59504107460828765e-04,2.88716254306038142e-12,1.22399312907361946e-11
1408,2.85351409764505285e-05,1.55871358401380391e-05,1.59407911465452267e-04,2.54208468477754977e-12,1.22399312907361946e-11
1409,2.84989475831099503e-05,1.55693908862371689e-05,1.59311860938141775e-04,2.60434913871257631e-12,1.22399312907361946e-11
1410,2.84627965393853160e-05,1.55516542012045279e-05,1.59215956286947808e-04,2.85310331301786507e-12,1.22399312907361946e-11
1411,2.84267286333994473e-05,1.55339226149743874e-05,1.59120197622682820e-04,2.84945806332414810e-12,1.22399312907361946e-11
1412,2.83907273895447498e-05,1.55162522942530909e-05,1.59024584929288694e-04,2.88249177626057517e-12,1.22399312907361946e-11
1413,2.83547919991976190e-05,1.54986119300324871e-05,1.58929117724410199e-04,2.89223352384615181e-12,1.22399312907361946e-11
1414,2.83189201296137462e-05,1.54809992343318786e-05,1.58833795619284311e-04,2.88135169404349403e-12,1.22399312907361946e-11
1415,2.82831242539081914e-05,1.54634178025580575e-05,1.58738618405639505e-04,2.87226297739659974e-12,1.22399312907361946e-11
1416,2.82473932369263715e-05,1.54458662059112032e-05,1.58643585463418663e-04,2.86375585467645462e-12,1.22399312907361946e-11
1417,2.82117257468022288e-05,1.54283437953510188e-05,1.58548696581342982e-04,2.55239062336360910e-12,1.22399312907361946e-11
1418,2.81761359195127623e-05,1.54108742100600957e-05,1.58453951441961616e-04,2.89518052636751463e-12,1.22399312907361946e-11
1419,2.81405979489685798e-05,1.53933903481534553e-05,1.58359349520245082e-04,2.90363841231496502e-12,1.22399312907361946e-11
1420,2.81051366261841206e-05,1.53759630837186141e-05,1.58264888005201409e-04,2.86263644854179405e-12,1.22399312907361946e-11
1421,2.80697442027900759e-05,1.53585779665837562e-05,1.58170563320588701e-04,2.74323648473220674e-12,1.22399312907361946e-11
1422,2.80344239545824316e-05,1.53412270451465464e-05,1.58076380694289700e-04,2.89310809666426139e-12,1.22399312907361946e-11
1423,2.79991427081703888e-05,1.53238576782993693e-05,1.57982339577022757e-04,2.54561964185879957e-12,1.22399312907361946e-11
1424,2.79639634689034406e-05,1.53065718987817619e-05,1.57888439734479695e-04,2.88374782773725824e-12,1.22399312907361946e-11
1425,2.79288234947784250e-05,1.52892730943676042e-05,1.57794680940970630e-04,2.62394760371741891e-12,1.22399312907361946e-11
1426,2.78937660453737567e-05,1.52720481066815975e-05,1.57701063122829988e-04,2.59946002901612942e-12,1.22399312907361946e-11
1427,2.78587720115147879e-05,1.52548325423922514e-05,1.57607585977787706e-04,2.87980807289226799e-12,1.22399312907361946e-11
1428,2.78238275604729971e-05,1.52376204485578111e-05,1.57514249249583656e-04,2.88866767191335567e-12,1.22399312907361946e-11
1429,2.77889676454638095e-05,1.52204705136952017e-05,1.57421052785838644e-04,2.88563569016873199e-12,1.22399312907361946e-11
1430,2.77541603242676072e-05,1.52033473670667599e-05,1.57327996161449085e-04,2.91782865287601644e-12,1.22399312907361946e-11
1431,2.77194252186819139e-05,1.51862498880388366e-05,1.57235079028435822e-04,2.55836696993922056e-12,1.22399312907361946e-11
1432,2.76847568659960254e-05,1.51692052703756195e-05,1.57142301097498802e-04,2.55459653343287658e-12,1.22399312907361946e-11
1433,2.76501419477346922e-05,1.51521573872638237e-05,1.57049662020811197e-04,2.88430753751425962e-12,1.22399312907361946e-11
1434,2.76155942563828909e-05,1.51351340545123755e-05,1.56957161609432700e-04,2.55443710296292189e-12,1.22399312907361946e-11
1435,2.75811247743959027e-05,1.51181744562080195e-05,1.56864799571445289e-04,2.89417791042803909e-12,1.22399312907361946e-11
1436,2.75467004981989807e-05,1.51012090999666302e-05,1.56772575415525594e-04,2.88880431328503483e-12,1.22399312907361946e-11
1437,2.75123505835316201e-05,1.50842895381931291e-05,1.56680489085287458e-04,2.58499812876813537e-12,1.22399312907361946e-11
1438,2.74780693647268871e-05,1.50674234712717071e-05,1.56588540083399700e-04,2.56269680957249326e-12,1.22399312907361946e-11
1439,2.74438369704796457e-05,1.50505561345267104e-05,1.56496728076200241e-04,2.88856683948712721e-12,1.22399312907361946e-11
1440,2.74096735447901607e-05,1.50337036769889888e-05,1.56405052816789493e-04,2.89246244580330176e-12,1.22399312907361946e-11
1441,2.73755809621365437e-05,1.50169064875688831e-05,1.56313514131354182e-04,2.61426622931678760e-12,1.22399312907361946e-11
1442,2.73415518327024324e-05,1.50001901696865560e-05,1.56222106532456626e-04,2.89381670034377917e-12,1.22399312907361946e-11
1443,2.73075598454931095e-05,1.49834101740889404e-05,1.56130837112912339e-04,2.90465129183991949e-12,1.22399312907361946e-11
1444,2.72736514859371017e-05,1.49666863209754581e-05,1.56039706695742034e-04,2.57631551031781546e-12,1.22399312907361946e-11
1445,2.72398077773906730e-05,1.49500130179905425e-05,1.55948713027749791e-04,2.90310430150932722e-12,1.22399312907361946e-11
1446,2.72060070712227104e-05,1.49333356870878943e-05,1.55857854857129714e-04,2.90443934640133067e-12,1.22399312907361946e-11
1447,2.71722915638636355e-05,1.49167047368073097e-05,1.55767131695549608e-04,2.56883083422423851e-12,1.22399312907361946e-11
1448,2.71386335824516978e-05,1.49001245138049415e-05,1.55676542880484753e-04,2.90170698794566379e-12,1.22399312907361946e-11
1449,2.71050246380209720e-05,1.48835307960493475e-05,1.55586087902425042e-04,2.58577814597953756e-12,1.22399312907361946e-11
1450,2.70714998313792775e-05,1.48670085517038873e-05,1.55495766745572105e-04,2.92738210077094242e-12,1.22399312907361946e-11
1451,2.70380133440639394e-05,1.48504694030068953e-05,1.55405578785225022e-04,2.90456999436840173e-12,1.22399312907361946e-11
1452,2.70046034535478443e-05,1.48339911893110516e-05,1.55315523988324192e-04,2.61772996884396313e-12,1.22399312907361946e-11
1453,2.69712547873133209e-05,1.48175495866450928e-05,1.55225601930006265e-04,2.57687195270739084e-12,1.22399312907361946e-11
1454,2.69379586335210274e-05,1.48011173659592714e-05,1.55135812287442968e-04,2.57112525891270374e-12,1.22399312907361946e-11
1455,2.69047284752006351e-05,1.47847066917371108e-05,1.55046154841634732e-04,2.59961950248575195e-12,1.22399312907361946e-11
1456,2.68715645172112910e-05,1.47683353720217235e-05,1.54956629345347956e-04,2.59844700485765166e-12,1.22399312907361946e-11
1457,2.68384502752736398e-05,1.47519826462095563e-05,1.54867235517107383e-04,2.92772883107301285e-12,1.22399312907361946e-11
1458,2.68054018432630190e-05,1.47356549304833441e-05,1.54777973087359563e-04,2.91822988657927297e-12,1.22399312907361946e-11
1459,2.67724180126714238e-05,1.47193618335805869e-05,1.54688841857884965e-04,2.61521378615491051e-12,1.22399312907361946e-11
1460,2.67394975232971739e-05,1.47030908178900393e-05,1.54599851843825487e-04,2.57516078960342756e-12,1.22399312907361946e-11
1461,2.67066265318572329e-05,1.46868141063505055e-05,1.54511003131788908e-04,2.91919048771022917e-12,1.22399312907361946e-11
1462,2.66738233335792487e-05,1.46705729272279937e-05,1.54422288917923067e-04,2.66153356475612978e-12,1.22399312907361946e-11
1463,2.66410993920540874e-05,1.46544062402218672e-05,1.54333705855595884e-04,2.92744335190593218e-12,1.22399312907361946e-11
1464,2.66084037270021944e-05,1.46382187580560841e-05,1.54245251971213979e-04,2.93457683636720846e-12,1.22399312907361946e-11
1465,2.65757953700176052e-05,1.46220915949524360e-05,1.54156926495771968e-04,2.94130759056678619e-12,1.22399312907361946e-11
1466,2.65432294616314142e-05,1.46059877186224067e-05,1.54068728924349445e-04,2.58479272169935699e-12,1.22399312907361946e-11
1467,2.65107329001108720e-05,1.45899273429177578e-05,1.53980658895958857e-04,2.92554420220183935e-12,1.22399312907361946e-11
1468,2.64782752318108188e-05,1.45738541780111825e-05,1.53892716135767911e-04,2.60403001581100666e-12,1.22399312907361946e-11
1469,2.64459002438796849e-05,1.45578491931728250e-05,1.53804900677165479e-04,2.92931000059341340e-12,1.22399312907361946e-11
1470,2.64135639019336006e-05,1.45418346031266845e-05,1.53717212085545190e-04,2.61084677789504176e-12,1.22399312907361946e-11
1471,2.63813025638450350e-05,1.45258825524662657e-05,1.53629650428880395e-04,2.58749174809211126e-12,1.22399312907361946e-11
1472,2.63490861615592560e-05,1.45099428768377951e-05,1.53542215254919630e-04,2.62912425468781109e-12,1.22399312907361946e-11
1473,2.63169355795189711e-05,1.44940181021229488e-05,1.53454906490506653e-04,2.94362363558722805e-12,1.22399312907361946e-11
1474,2.62848328547651861e-05,1.44781124668861418e-05,1.53367723967158504e-04,2.58312266219239173e-12,1.22399312907361946e-11
1475,2.62528059204296303e-05,1.44622740797349765e-05,1.53280667476663780e-04,2.93611467185279302e-12,1.22399312907361946e-11
1476,2.62208161435465264e-05,1.44464188541082680e-05,1.53193736603545610e-04,2.59124638496351793e-12,1.22399312907361946e-11
1477,2.61889032614921735e-05,1.44306286661427140e-05,1.53106931332776274e-04,2.59221744891206340e-12,1.22399312907361946e-11
1478,2.61570347902160576e-05,1.44148436148892538e-05,1.53020251281901586e-04,2.93598831743068078e-12,1.22399312907361946e-11
1479,2.61252215293455351e-05,1.43990715531291178e-05,1.52933696275304076e-04,2.60159772294078076e-12,1.22399312907361946e-11
1480,2.60934816768504399e-05,1.43833599798453702e-05,1.52847266227056278e-04,2.93970264167266978e-12,1.22399312907361946e-11
1481,2.60617792307249860e-05,1.43676379217437272e-05,1.52760960622727409e-04,2.62332363037490355e-12,1.22399312907361946e-11
1482,2.60301506561129882e-05,1.43519842248341372e-05,1.52674779469238743e-04,2.59122597019460142e-12,1.22399312907361946e-11
1483,2.59985692899016347e-05,1.43363237766654411e-05,1.52588722417910700e-04,2.60704734294339446e-12,1.22399312907361946e-11
1484,2.59670464235906531e-05,1.43206971836758523e-05,1.52502789239030220e-04,2.59008991325665607e-12,1.22399312907361946e-11
1485,2.59355822024869160e-05,1.43050971897989294e-05,1.52416979725774249e-04,2.60783159930122375e-12,1.22399312907361946e-11
1486,2.59041723949746365e-05,1.42895227953755803e-05,1.52331293608848377e-04,2.59714416735372090e-12,1.22399312907361946e-11
1487,2.58728210632937185e-05,1.42739761369508350e-05,1.52245730699340922e-04,2.61743533872773993e-12,1.22399312907361946e-11
1488,2.58415244238198085e-05,1.42584472410225551e-05,1.52160290715485112e-04,2.59159931132229352e-12,1.22399312907361946e-11
1489,2.58102841750189540e-05,1.42429580376003219e-05,1.52074973448207060e-04,2.60878736231656535e-12,1.22399312907361946e-11
1490,2.57791009805381149e-05,1.42274824667790148e-05,1.51989778629220125e-04,2.59388984010674123e-12,1.22399312907361946e-11
1491,2.57479702050350511e-05,1.42118601231636532e-05,1.51904697469472410e-04,2.61480932287007117e-12,1.22399312907361946e-11
1492,2.57168965896941058e-05,1.41963809766479317e-05,1.51819734241961859e-04,2.66539296979842488e-12,1.22399312907361946e-11
1493,2.56858829155442839e-05,1.41809833329569511e-05,1.51734891044247604e-04,2.84292989572696492e-12,1.22399312907361946e-11
1494,2.56549292948941478e-05,1.41656282456473528e-05,1.51650168798260254e-04,2.59687814805689446e-12,1.22399312907361946e-11
1495,2.56240195920297102e-05,1.41503166632332702e-05,1.51565567491509395e-04,2.59653281165991171e-12,1.22399312907361946e-11
1496,2.55931670079436856e-05,1.41350098366783869e-05,1.51481087463211473e-04,2.59920359236476159e-12,1.22399312907361946e-11
1497,2.55623730068601509e-05,1.41197192637697054e-05,1.51396728539501850e-04,2.82768964189483951e-12,1.22399312907361946e-11
1498,2.55316214518658824e-05,1.41044510738224818e-05,1.51312490429643745e-04,2.62941073466756377e-12,1.22399312907361946e-11
1499,2.55009505968773061e-05,1.40892002319548266e-05,1.51228372331262850e-04,2.62052467038895730e-12,1.22399312907361946e-11
1500,2.54703101403957074e-05,1.40739711129816202e-05,1.51144374064007500e-04,2.60596769576145983e-12,1.22399312907361946e-11
1501,2.54397318150005341e-05,1.40587700170439576e-05,1.51060495722650978e-04,2.63048096320870806e-12,1.22399312907361946e-11
1502,2.54092110829413110e-05,1.40435916874677804e-05,1.50976737316480127e-04,2.60741428387382815e-12,1.22399312907361946e-11
1503,2.53787387201854524e-05,1.40284489676978447e-05,1.50893098613900256e-04,2.60202114498981965e-12,1.22399312907361946e-11
1504,2.53483217071812719e-05,1.40133264212499876e-05,1.50809579496193286e-04,2.60360494880052305e-12,1.22399312907361946e-11
1505,2.53179610196713886e-05,1.39982187870882140e-05,1.50726181931120024e-04,2.60669186140519974e-12,1.22399312907361946e-11
1506,2.52876519094488852e-05,1.39831223821716183e-05,1.50642914023465136e-04,2.84711060934008153e-12,1.22399312907361946e-11
1507,2.52574019405016058e-05,1.39680525962676113e-05,1.50559770196916071e-04,2.61024135420185856e-12,1.22399312907361946e-11
1508,2.52271973324060249e-05,1.39530063792347345e-05,1.50476747152638614e-04,2.60855038751225064e-12,1.22399312907361946e-11
1509,2.51970563250728368e-05,1.39380117136241581e-05,1.50393842461658941e-04,2.60612159923469993e-12,1.22399312907361946e-11
1510,2.51669694258861940e-05,1.39230293465783531e-05,1.50311055383083053e-04,2.61250576036398633e-12,1.22399312907361946e-11
1511,2.51369325745466637e-05,1.39080784330575507e-05,1.50228385397012046e-04,2.63064001616118600e-12,1.22399312907361946e-11
1512,2.51069482429089608e-05,1.38931478251624238e-05,1.50145832151115207e-04,2.78293127585540014e-12,1.22399312907361946e-11
1513,2.50770164546028922e-05,1.38782466684091718e-05,1.50063395386706126e-04,2.62299426405930407e-12,1.22399312907361946e-11
1514,2.50471323565657938e-05,1.38633639133421564e-05,1.49981074846459094e-04,2.61066223222927156e-12,1.22399312907361946e-11
1515,2.50173044412509272e-05,1.38485075294299939e-05,1.49898870301797053e-04,2.61067556263952594e-12,1.22399312907361946e-11
1516,2.49875272498411343e-05,1.38336760949678369e-05,1.49816781584060157e-04,2.61469753080888347e-12,1.22399312907361946e-11
1517,2.49578048494338836e-05,1.38188647647528467e-05,1.49734808477537413e-04,2.63203752057266354e-12,1.22399312907361946e-11
1518,2.49281308654974234e-05,1.38040823947401569e-05,1.49652950770150852e-04,2.61561236124822426e-12,1.22399312907361946e-11
1519,2.48985067737452565e-05,1.37893250321251377e-05,1.49571208515484022e-04,2.62146856856741191e-12,1.22399312907361946e-11
1520,2.48689392527799934e-05,1.37746104209922079e-05,1.49489582024201368e-04,2.61708429552870797e-12,1.22399312907361946e-11
1521,2.48394260310332907e-05,1.37598926790213634e-05,1.49408069234954836e-04,2.61569462235785262e-12,1.22399312907361946e-11
1522,2.48099633986166087e-05,1.37452016100569518e-05,1.49326670071845720e-04,2.85444968536294985e-12,1.22399312907361946e-11
1523,2.47805567378224525e-05,1.37305341947310634e-05,1.49245384680330096e-04,2.62914372622680495e-12,1.22399312907361946e-11
1524,2.47511843079973112e-05,1.37158796882989724e-05,1.49164213275800880e-04,2.64290289646110408e-12,1.22399312907361946e-11
1525,2.47218825745258924e-05,1.37012633218071231e-05,1.49083155547160407e-04,2.62024237206281443e-12,1.22399312907361946e-11
1526,2.46926191801327744e-05,1.36866960685166421e-05,1.49002196381364262e-04,2.64834341356675800e-12,1.22399312907361946e-11
1527,2.46634081324973832e-05,1.36721416160597490e-05,1.48921344475442494e-04,2.63071653807139878e-12,1.22399312907361946e-11
1528,2.46342378832384354e-05,1.36575964315008165e-05,1.48840605263892328e-04,2.63078578689218374e-12,1.22399312907361946e-11
1529,2.46051223557899243e-05,1.36430759486969924e-05,1.48759980002280163e-04,2.64116577744077141e-12,1.22399312907361946e-11
1530,2.45760576949139910e-05,1.36285744344114696e-05,1.48679468930830965e-04,2.62836698396957044e-12,1.22399312907361946e-11
1531,2.45470495676468864e-05,1.36140967353388017e-05,1.48599071824098662e-04,2.65581995554117898e-12,1.22399312907361946e-11
1532,2.45180843156251415e-05,1.35996488134173002e-05,1.48518788479992198e-04,2.63260016408258473e-12,1.22399312907361946e-11
1533,2.44891758696032794e-05,1.35852045970068267e-05,1.48438618610151335e-04,2.66334137290410389e-12,1.22399312907361946e-11
1534,2.44603167831205716e-05,1.35708063037540891e-05,1.48358561895395031e-04,2.62356723270982607e-12,1.22399312907361946e-11
1535,2.44315084554910560e-05,1.35564057294567086e-05,1.48278618146708034e-04,2.64544330746754945e-12,1.22399312907361946e-11
1536,2.44027543262781149e-05,1.35420438075422242e-05,1.48198786973469240e-04,2.62993291918215073e-12,1.22399312907361946e-11
1537,2.43740429782424189e-05,1.35276992846320420e-05,1.48119068172155417e-04,2.62530138303026910e-12,1.22399312907361946e-11
1538,2.43453889932980642e-05,1.35136855290619370e-05,1.48039480076069755e-04,2.62786179331915048e-12,1.22399312907361946e-11
1539,2.43167825286686529e-05,1.34994075326873965e-05,1.47960002046204419e-04,2.64954029029021975e-12,1.22399312907361946e-11
1540,2.42882300506271468e-05,1.34851219158837796e-05,1.47880630761591694e-04,2.62667438571728266e-12,1.22399312907361946e-11
1541,2.42597214869299526e-05,1.34708619284379347e-05,1.47801369171189146e-04,2.62548856629537681e-12,1.22399312907361946e-11
1542,2.42312663483109626e-05,1.34566296088802289e-05,1.47722218573103552e-04,2.62762706378775351e-12,1.22399312907361946e-11
1543,2.42028596051379045e-05,1.34424171957541253e-05,1.47643179478868652e-04,2.84848246084016335e-12,1.22399312907361946e-11
1544,2.41744930827136020e-05,1.34282271284218688e-05,1.47564251863800119e-04,2.62887608240915546e-12,1.22399312907361946e-11
1545,2.41461998998843269e-05,1.34139527164241609e-05,1.47485436892242397e-04,2.64166782346218960e-12,1.22399312907361946e-11
1546,2.41179353233375861e-05,1.33997147481028107e-05,1.47406734291195628e-04,2.63261228913673288e-12,1.22399312907361946e-11
1547,2.40897229794610946e-05,1.33855650946024861e-05,1.47328143118775142e-04,2.63648783809315693e-12,1.22399312907361946e-11
1548,2.40615663075014240e-05,1.33714543302618627e-05,1.47249662472201051e-04,2.66224844413176688e-12,1.22399312907361946e-11
1549,2.40334558068030189e-05,1.33573828192449838e-05,1.47171291546591371e-04,2.64761088985292694e-12,1.22399312907361946e-11
1550,2.40053893514888394e-05,1.33433276198307235e-05,1.47093028882077552e-04,2.71371847925604883e-12,1.22399312907361946e-11
1551,2.39773782677864559e-05,1.33293252764939644e-05,1.47014862508138125e-04,2.75143091554850936e-12,1.22399312907361946e-11
1552,2.39494094180251482e-05,1.33153197950937049e-05,1.46936801351052156e-04,2.72943516086259937e-12,1.22399312907361946e-11
1553,2.39201160532613152e-05,1.33013520888109977e-05,1.46858859214325105e-04,2.63392778813293877e-12,1.22399312907361946e-11
1554,2.38924727637916132e-05,1.32872920142845436e-05,1.46781037711033314e-04,2.64013228109255486e-12,1.22399312907361946e-11
1555,2.38648710115262954e-05,1.32732790562341020e-05,1.46703329946743465e-04,2.63479131420518424e-12,1.22399312907361946e-11
1556,2.38371342129747274e-05,1.32592785390982681e-05,1.46625732943208729e-04,2.63925201757555200e-12,1.22399312907361946e-11
1557,2.38093930469505995e-05,1.32453076003397895e-05,1.46548245564217730e-04,2.65055113370595124e-12,1.22399312907361946e-11
1558,2.37816876779764712e-05,1.32313543824969491e-05,1.46470867286813410e-04,2.63735376609643713e-12,1.22399312907361946e-11
1559,2.37540274164932496e-05,1.32174348162958948e-05,1.46393597761417112e-04,2.64546371858429230e-12,1.22399312907361946e-11
1560,2.37264235204852492e-05,1.32035428140496230e-05,1.46316436666751192e-04,2.66766588493531049e-12,1.22399312907361946e-11
1561,2.36988720179235334e-05,1.31896687683992154e-05,1.46239383596355466e-04,2.66785581927727242e-12,1.22399312907361946e-11
1562,2.36713636266269992e-05,1.31758447055445558e-05,1.46162438289833979e-04,2.64421906412095177e-12,1.22399312907361946e-11
1563,2.36439075160678859e-05,1.31620136406723611e-05,1.46085598596237500e-04,2.64589454363723015e-12,1.22399312907361946e-11
1564,2.36164981776781892e-05,1.31482266067437253e-05,1.46008863521404354e-04,2.64893093020424785e-12,1.22399312907361946e-11
1565,2.35891391197491008e-05,1.31344530546493875e-05,1.45932234215496645e-04,2.64072244946352438e-12,1.22399312907361946e-11
1566,2.35618254366489948e-05,1.31207138893018464e-05,1.45855710962483864e-04,2.66212504786911131e-12,1.22399312907361946e-11
1567,2.35345614709958991e-05,1.31069856417159105e-05,1.45779293816031009e-04,2.65039012978413120e-12,1.22399312907361946e-11
1568,2.35073478584446152e-05,1.30932876248490731e-05,1.45702982757825770e-04,2.64568396453119567e-12,1.22399312907361946e-11
1569,2.34801807868672360e-05,1.30796032978890353e-05,1.45626777710703282e-04,2.65246656512375585e-12,1.22399312907361946e-11
1570,2.34530632330407964e-05,1.30659416664744882e-05,1.45550678418331374e-04,2.64747304000386073e-12,1.22399312907361946e-11
1571,2.34259915786556920e-05,1.30523069170232900e-05,1.45474684601771116e-04,2.65248443744448051e-12,1.22399312907361946e-11
1572,2.33989640605443080e-05,1.30386931840111639e-05,1.45398795838770352e-04,2.66301820503552041e-12,1.22399312907361946e-11
1573,2.33719889699982886e-05,1.30250938463541732e-05,1.45323011889730429e-04,2.66599873360955292e-12,1.22399312907361946e-11
1574,2.33450579158062494e-05,1.30115165353447714e-05,1.45247332463007144e-04,2.64642639801123001e-12,1.22399312907361946e-11
1575,2.33181703949269951e-05,1.29979661893162262e-05,1.45171757204760979e-04,2.71905164731324543e-12,1.22399312907361946e-11
1576,2.32913314066584037e-05,1.29844354729167595e-05,1.45096285919842430e-04,2.66759080367823591e-12,1.22399312907361946e-11
1577,2.32645301922113619e-05,1.29709154028516793e-05,1.45020918404871430e-04,2.67547833780694265e-12,1.22399312907361946e-11
1578,2.32377836873336568e-05,1.29574227881157724e-05,1.44945654295974878e-04,2.66445306254965686e-12,1.22399312907361946e-11
1579,2.32110791017269507e-05,1.29439511658284150e-05,1.44870493435579167e-04,2.65866646298952249e-12,1.22399312907361946e-11
1580,2.31844175341458859e-05,1.29308298929329673e-05,1.44795436340686509e-04,2.64872470929602206e-12,1.22399312907361946e-11
1581,2.31578011381119880e-05,1.29178139216471673e-05,1.44720482900191280e-04,2.65095792898596109e-12,1.22399312907361946e-11
1582,2.31312292593270742e-05,1.29046606607329320e-05,1.44645631748799698e-04,2.66301528138006324e-12,1.22399312907361946e-11
1583,2.31046991601617905e-05,1.28913745691796645e-05,1.44570881547417238e-04,2.66574814111799446e-12,1.22399312907361946e-11
1584,2.30782180981540945e-05,1.28780868888441398e-05,1.44496232816067566e-04,2.64975859843755903e-12,1.22399312907361946e-11
1585,2.30517812704371826e-05,1.28648184149538651e-05,1.44421685700569992e-04,2.65527808185608739e-12,1.22399312907361946e-11
1586,2.30253856182875329e-05,1.28515550189060085e-05,1.44347240150747723e-04,2.65548750559128231e-12,1.22399312907361946e-11
1587,2.29990365790105567e-05,1.28383037431898829e-05,1.44272896048123833e-04,2.65080851135876302e-12,1.22399312907361946e-11
1588,2.29727275101450996e-05,1.28250621977990928e-05,1.44198653297611704e-04,2.87878343152032503e-12,1.22399312907361946e-11
1589,2.29464678179569770e-05,1.28118334490154113e-05,1.44124511723041441e-04,2.65396152951432346e-12,1.22399312907361946e-11
1590,2.29202461936303565e-05,1.27986152906759771e-05,1.44050471283562148e-04,2.65531855988492304e-12,1.22399312907361946e-11
1591,2.28940731986864527e-05,1.27854152133714947e-05,1.43976531578083775e-04,2.65343496419348587e-12,1.22399312907361946e-11
1592,2.28679402439330928e-05,1.27722304257129265e-05,1.43902692480052879e-04,2.68769853476201512e-12,1.22399312907361946e-11
1593,2.28418541317221476e-05,1.27590584531400665e-05,1.43828953788510336e-04,2.67182421374024204e-12,1.22399312907361946e-11
1594,2.28158081393395943e-05,1.27459098987128150e-05,1.43755315166040965e-04,2.66005384126413582e-12,1.22399312907361946e-11
1595,2.27898059062522802e-05,1.27327726121111659e-05,1.43681774438839767e-04,2.66079839981482102e-12,1.22399312907361946e-11
1596,2.27638505494928994e-05,1.27197348172847563e-05,1.43608331880811418e-04,2.66203395603244885e-12,1.22399312907361946e-11
1597,2.27379359335687168e-05,1.27067273349929895e-05,1.43534991816702997e-04,2.65877712971301953e-12,1.22399312907361946e-11
1598,2.27120671367549622e-05,1.26936404688477755e-05,1.43461744685776857e-04,2.66466465753100079e-12,1.22399312907361946e-11
1599,2.26862394961452457e-05,1.26805733055798239e-05,1.43388592695727177e-04,2.91098139823280918e-12,1.22399312907361946e-11
1600,2.26604507196844617e-05,1.26663447177766747e-05,1.43315547539498529e-04,2.70090829096178991e-12,1.22399312907361946e-11
1601,2.26347588356591792e-05,1.26529901890876439e-05,1.43242598403253349e-04,2.65838116413901163e-12,1.22399312907361946e-11
1602,2.26091472110076762e-05,1.26399692288691810e-05,1.43169741845238245e-04,2.65954456475853993e-12,1.22399312907361946e-11
1603,2.25835767940244322e-05,1.26270640287754029e-05,1.43096978723632954e-04,2.67444971579365469e-12,1.22399312907361946e-11
1604,2.25580507175284909e-05,1.26141818023655948e-05,1.43024310736148866e-04,2.81088259506639485e-12,1.22399312907361946e-11
1605,2.25323390594545176e-05,1.26013091195310843e-05,1.42951788224156810e-04,2.69252925740902000e-12,1.22399312907361946e-11
1606,2.25092513258918784e-05,1.25885604493432491e-05,1.42879391072221155e-04,2.66366477862832669e-12,1.22399312907361946e-11
1607,2.24845555551950654e-05,1.25758224954782745e-05,1.42807100765942902e-04,2.75407998103645866e-12,1.22399312907361946e-11
1608,2.24591751297244901e-05,1.25631011077305370e-05,1.42734910016371062e-04,2.68437019350699440e-12,1.22399312907361946e-11
1609,2.24336879768393601e-05,1.25504004918998212e-05,1.42662816335159000e-04,2.75218613267314748e-12,1.22399312907361946e-11
1610,2.24082571344697018e-05,1.25377005162635391e-05,1.42590819241077214e-04,2.71224400835339696e-12,1.22399312907361946e-11
1611,2.23828847105518956e-05,1.25250416777187827e-05,1.42518918584396786e-04,2.66339346924078690e-12,1.22399312907361946e-11
1612,2.23575960563439268e-05,1.25123749449802335e-05,1.42447114451897992e-04,2.66417487057463535e-12,1.22399312907361946e-11
1613,2.23323729081250020e-05,1.24997220671045879e-05,1.42375406801924020e-04,2.66426351807810721e-12,1.22399312907361946e-11
1614,2.23072139244695101e-05,1.24870823540448711e-05,1.42303795503783461e-04,2.77656744002339957e-12,1.22399312907361946e-11
1615,2.22821122394461794e-05,1.24744500492299891e-05,1.42232280339206442e-04,2.66978777169608191e-12,1.22399312907361946e-11
1616,2.22570563008037819e-05,1.24618322821259841e-05,1.42160860902474886e-04,2.66630206421644787e-12,1.22399312907361946e-11
1617,2.22320503123263570e-05,1.24492198162310393e-05,1.42089536973463606e-04,2.67803525967052719e-12,1.22399312907361946e-11
1618,2.22070859831732716e-05,1.24366188417610461e-05,1.42018308264423422e-04,2.68237026941924966e-12,1.22399312907361946e-11
1619,2.21821649910376292e-05,1.24240294753197544e-05,1.41947174453851255e-04,2.68255636607533204e-12,1.22399312907361946e-11
1620,2.21572819002542569e-05,1.24114462064293648e-05,1.41876135204003004e-04,2.67918770618289023e-12,1.22399312907361946e-11
1621,2.21324330421084696e-05,1.23988808772310621e-05,1.41805190248391261e-04,2.66746038193941995e-12,1.22399312907361946e-11
1622,2.21076274392266431e-05,1.23863223800966200e-05,1.41734339376655029e-04,2.67742627412608419e-12,1.22399312907361946e-11
1623,2.20828562652255700e-05,1.23737704450055178e-05,1.41663579906169297e-04,2.67083918300881145e-12,1.22399312907361946e-11
1624,2.20581266084327268e-05,1.23612336569693382e-05,1.41592912612084246e-04,2.72339139401945567e-12,1.22399312907361946e-11
1625,2.20334346615276474e-05,1.23487077094637937e-05,1.41522338116697392e-04,2.67320015367541675e-12,1.22399312907361946e-11
1626,2.20087732726178162e-05,1.23362061847279826e-05,1.41451856536784084e-04,2.67839063144745264e-12,1.22399312907361946e-11
1627,2.19841551655204588e-05,1.23237071001670952e-05,1.41381467927565992e-04,2.67023687873915844e-12,1.22399312907361946e-11
1628,2.19595761969261105e-05,1.23112226730773506e-05,1.41311172310154781e-04,2.68948005192433068e-12,1.22399312907361946e-11
1629,2.19350333901355450e-05,1.22987529035043038e-05,1.41240969492134464e-04,2.67323111034534288e-12,1.22399312907361946e-11
1630,2.19105290435079853e-05,1.22862991518262260e-05,1.41170859223643656e-04,2.69390075400938814e-12,1.22399312907361946e-11
1631,2.18860600360434450e-05,1.22738600068367977e-05,1.41100841333494857e-04,2.68238389469833284e-12,1.22399312907361946e-11
1632,2.18616329601027300e-05,1.22614303226934639e-05,1.41030915798365225e-04,2.68846018275311474e-12,1.22399312907361946e-11
1633,2.18372435347236317e-05,1.22490184874772851e-05,1.40961082237721022e-04,2.68272997772954760e-12,1.22399312907361946e-11
1634,2.18128931678644237e-05,1.22366236546954923e-05,1.40891340497064846e-04,2.75166322514059107e-12,1.22399312907361946e-11
1635,2.17885729467319508e-05,1.22242413527441378e-05,1.40821690447750174e-04,2.68301653126000718e-12,1.22399312907361946e-11
1636,2.17643052732996202e-05,1.22118783983612118e-05,1.40752131910196291e-04,2.70517446505808394e-12,1.22399312907361946e-11
1637,2.17400620657172323e-05,1.21995240002094065e-05,1.40682664687283884e-04,2.68139658773483156e-12,1.22399312907361946e-11
1638,2.17158674884483385e-05,1.21871901475259328e-05,1.40613288545061668e-04,2.67755142102122940e-12,1.22399312907361946e-11
1639,2.16917064586638592e-05,1.21748710044664301e-05,1.40544003380923676e-04,2.68600334334675407e-12,1.22399312907361946e-11
1640,2.16675835070042786e-05,1.21625693884113943e-05,1.40474809023568621e-04,2.67792363123640104e-12,1.22399312907361946e-11
1641,2.16434984957075178e-05,1.21502811841215533e-05,1.40405705300309470e-04,2.69213386769885920e-12,1.22399312907361946e-11
1642,2.16194535729506462e-05,1.21380113808187300e-05,1.40336692000018180e-04,2.75688622777401867e-12,1.22399312907361946e-11
1643,2.15954407692445002e-05,1.21257534635446298e-05,1.40267768986384299e-04,2.68561736468880685e-12,1.22399312907361946e-11
1644,2.15714784320764377e-05,1.21135187985079605e-05,1.40198936141069680e-04,2.69882962031805384e-12,1.22399312907361946e-11
1645,2.15475431419837259e-05,1.21012949121442385e-05,1.40130193215045907e-04,2.68636907466889497e-12,1.22399312907361946e-11
1646,2.15236462351504959e-05,1.20890905248738576e-05,1.40061540106559493e-04,2.67976413777288584e-12,1.22399312907361946e-11
1647,2.14997940962000058e-05,1.20768988218032975e-05,1.39992976599123670e-04,2.67892298434543987e-12,1.22399312907361946e-11
1648,2.14759751449829067e-05,1.20647274050960418e-05,1.39924502575299015e-04,2.69260745900833646e-12,1.22399312907361946e-11
1649,2.14521946690091846e-05,1.20525710804227793e-05,1.39856117846130177e-04,2.70351835496899797e-12,1.22399312907361946e-11
1650,2.14284568202517335e-05,1.20404308016332005e-05,1.39787822282626126e-04,2.81013949612907675e-12,1.22399312907361946e-11
1651,2.14047497959681965e-05,1.20283096419543573e-05,1.39719615707724370e-04,2.68278843952366468e-12,1.22399312907361946e-11
1652,2.13810811858424767e-05,1.20161993497452513e-05,1.39651498137576268e-04,2.68139320213936935e-12,1.22399312907361946e-11
1653,2.13574540662545013e-05,1.20041089900225080e-05,1.39583469367119480e-04,2.68610691264547917e-12,1.22399312907361946e-11
1654,2.13338615875169761e-05,1.19920376545801965e-05,1.39515529030128700e-04,2.68895780064357583e-12,1.22399312907361946e-11
1655,2.13103068644510665e-05,1.19799800258876079e-05,1.39447676921907344e-04,2.69618043293879219e-12,1.22399312907361946e-11
1656,2.12867911390474544e-05,1.19679426649394874e-05,1.39379912867362019e-04,2.89039107133747889e-12,1.22399312907361946e-11
1657,2.12633061532931733e-05,1.19559188985226091e-05,1.39312236610333997e-04,2.68754930383201657e-12,1.22399312907361946e-11
1658,2.12398729925544373e-05,1.19439170457802139e-05,1.39244648224826203e-04,2.68524009547653054e-12,1.22399312907361946e-11
1659,2.12164627963970181e-05,1.19319273313683359e-05,1.39177147369518972e-04,2.68469105761559517e-12,1.22399312907361946e-11
1660,2.11930966617406355e-05,1.19199530263008634e-05,1.39109733946895229e-04,2.68475696647236589e-12,1.22399312907361946e-11
1661,2.11697661069726232e-05,1.19079991313037211e-05,1.39042407812599094e-04,2.69926221764732727e-12,1.22399312907361946e-11
1662,2.11464739009173626e-05,1.18960602676468311e-05,1.38975168807704445e-04,2.70212546211254840e-12,1.22399312907361946e-11
1663,2.11232166519586456e-05,1.18841364023943404e-05,1.38908016804825007e-04,2.68528106033898000e-12,1.22399312907361946e-11
1664,2.10999996765687103e-05,1.18722346427271004e-05,1.38840951658231675e-04,2.69519427693662368e-12,1.22399312907361946e-11
1665,2.10768192271118676e-05,1.18603412053450991e-05,1.38773973210166827e-04,2.68845464635584589e-12,1.22399312907361946e-11
1666,2.10536728386911819e-05,1.18484742048797201e-05,1.38707081281994575e-04,2.69269412358970822e-12,1.22399312907361946e-11
1667,2.10305663414525897e-05,1.18366150849611727e-05,1.38640275727121433e-04,2.83618552524174888e-12,1.22399312907361946e-11
1668,2.10074971913849126e-05,1.18247786894415074e-05,1.38573556436425680e-04,2.68638299661657303e-12,1.22399312907361946e-11
1669,2.09844589212459597e-05,1.18129503113220098e-05,1.38506923239040331e-04,2.68843334978369591e-12,1.22399312907361946e-11
1670,2.09614644050734500e-05,1.18011368111051297e-05,1.38440376578429853e-04,2.81119349015918559e-12,1.22399312907361946e-11
1671,2.09384954442885701e-05,1.17893470872058309e-05,1.38373916202652521e-04,2.69782583910741918e-12,1.22399312907361946e-11
1672,2.09155830712418679e-05,1.17775525551476714e-05,1.38307542001741017e-04,2.69908470896828991e-12,1.22399312907361946e-11
1673,2.08926932465263320e-05,1.17658035700383012e-05,1.38241253269279511e-04,2.69353742524626110e-12,1.22399312907361946e-11
1674,2.08698424227021492e-05,1.17540650569580079e-05,1.38175049937077921e-04,2.71583646492275895e-12,1.22399312907361946e-11
1675,2.08470252382122689e-05,1.17423415963362466e-05,1.38108931915493599e-04,2.79416227985686446e-12,1.22399312907361946e-11
1676,2.08242520347136787e-05,1.17306301183071834e-05,1.38042898949028583e-04,2.71395161975305715e-12,1.22399312907361946e-11
1677,2.08015079644770027e-05,1.17189408826348144e-05,1.37976950880685926e-04,2.76365024485950344e-12,1.22399312907361946e-11
1678,2.07787986306070909e-05,1.17072668991659439e-05,1.37911087493502760e-04,2.69041329187571307e-12,1.22399312907361946e-11
1679,2.07561347691987533e-05,1.16956071696471293e-05,1.37845308567755974e-04,2.69191146019809047e-12,1.22399312907361946e-11
1680,2.07335001633170364e-05,1.16839642992303214e-05,1.37779613961538493e-04,2.73729879905480254e-12,1.22399312907361946e-11
1681,2.07109061654646725e-05,1.16723341776597309e-05,1.37714003492318972e-04,2.69700200364002915e-12,1.22399312907361946e-11
1682,2.06883398675336143e-05,1.16607334884205971e-05,1.37648476995324865e-04,2.69180190675326952e-12,1.22399312907361946e-11
1683,2.06658153037420294e-05,1.16491317779624195e-05,1.37583034307574943e-04,2.69853680547510373e-12,1.22399312907361946e-11
1684,2.06433263539448741e-05,1.16375561974004607e-05,1.37517675279172211e-04,2.79639527719318274e-12,1.22399312907361946e-11
1685,2.06208724385278840e-05,1.16259912914330685e-05,1.37452399745944826e-04,2.50680958964543233e-12,1.22399312907361946e-11
1686,2.05984472369989354e-05,1.16144490472372428e-05,1.37387207349746278e-04,2.80627636255685004e-12,1.22399312907361946e-11
1687,2.05760663017193612e-05,1.16029200049836827e-05,1.37322098617963700e-04,2.69927749450137540e-12,1.22399312907361946e-11
1688,2.05537246925318897e-05,1.15913916193489503e-05,1.37257072703337224e-04,2.69670091889483692e-12,1.22399312907361946e-11
1689,2.05314117654646991e-05,1.15799034064159802e-05,1.37192129641899575e-04,2.70868173975495324e-12,1.22399312907361946e-11
1690,2.05091360310007198e-05,1.15684176406638922e-05,1.37127269388160613e-04,2.77783567886050133e-12,1.22399312907361946e-11
1691,2.04868976952911321e-05,1.15569524480114281e-05,1.37062491747584869e-04,2.69650717405501983e-12,1.22399312907361946e-11
1692,2.04646892980176164e-05,1.15455034323611287e-05,1.36997796629368757e-04,2.69509339555921335e-12,1.22399312907361946e-11
1693,2.04425178223522869e-05,1.15340673679111492e-05,1.36933183830915630e-04,2.72559652925746795e-12,1.22399312907361946e-11
1694,2.04203837025756069e-05,1.15226465533051684e-05,1.36868653276793234e-04,2.70746804656749132e-12,1.22399312907361946e-11
1695,2.03982825606744299e-05,1.15112395855000331e-05,1.36804204806698104e-04,2.70809713262489727e-12,1.22399312907361946e-11
1696,2.03762165449921184e-05,1.14998523578065055e-05,1.36739838268119015e-04,2.70658283144817982e-12,1.22399312907361946e-11
1697,2.03541858655907087e-05,1.14884777896116662e-05,1.36675553460925366e-04,2.69982762193693127e-12,1.22399312907361946e-11
1698,2.03321889807401054e-05,1.14771209060006200e-05,1.36611350251075156e-04,2.71955957544626428e-12,1.22399312907361946e-11
1699,2.03102297544855008e-05,1.14657780125050534e-05,1.36547228477496571e-04,2.71650891886448019e-12,1.22399312907361946e-11
1700,2.02883032868056322e-05,1.14544503847694648e-05,1.36483188013707238e-04,2.71229663875867015e-12,1.22399312907361946e-11
1701,2.02664116641954745e-05,1.14431405806262199e-05,1.36419228687164674e-04,2.70291949237805095e-12,1.22399312907361946e-11
1702,2.02445525660817829e-05,1.14318450704682345e-05,1.36355350359106505e-04,2.70106173409599345e-12,1.22399312907361946e-11
1703,2.02227306036795251e-05,1.14205674821214891e-05,1.36291552910382735e-04,2.70336215479716846e-12,1.22399312907361946e-11
1704,2.02009212381226819e-05,1.14093000608346188e-05,1.36227836191268919e-04,2.70430000411810545e-12,1.22399312907361946e-11
1705,2.01791453766336348e-05,1.13980552437592470e-05,1.36164200024156289e-04,2.72009079197674431e-12,1.22399312907361946e-11
1706,2.01574144955581635e-05,1.13868199253949564e-05,1.36100644149543927e-04,2.70195723671430600e-12,1.22399312907361946e-11
1707,2.01357216647973477e-05,1.13756011874802035e-05,1.36037168392921933e-04,2.70956621055949282e-12,1.22399312907361946e-11
1708,2.01140657835755380e-05,1.13644019744896339e-05,1.35973772615207849e-04,2.70616402195696989e-12,1.22399312907361946e-11
1709,2.00924454217484150e-05,1.13532122319534008e-05,1.35910456640302141e-04,2.71463366330055514e-12,1.22399312907361946e-11
1710,2.00708602107426868e-05,1.13420423013878878e-05,1.35847220417496974e-04,2.70369373534943734e-12,1.22399312907361946e-11
1711,2.00493087765197920e-05,1.13308832286182332e-05,1.35784063776945137e-04,2.70267947657531060e-12,1.22399312907361946e-11
1712,2.00277915457052151e-05,1.13197440463400457e-05,1.35720986647695871e-04,2.71889449999338105e-12,1.22399312907361946e-11
1713,2.00063108387193045e-05,1.13086175297071920e-05,1.35657988920273950e-04,2.82412179008559303e-12,1.22399312907361946e-11
1714,1.99848587260164700e-05,1.12975034333418336e-05,1.35595070417424081e-04,2.73808039620311074e-12,1.22399312907361946e-11
