# vtk DataFile Version 3.0
CFDApp solution
ASCII
DATASET UNSTRUCTURED_GRID
POINTS 1225 double
0.00000000000000000e+00 0.00000000000000000e+00 0
8.33333333333333287e-02 0.00000000000000000e+00 0
1.66666666666666657e-01 0.00000000000000000e+00 0
2.50000000000000000e-01 0.00000000000000000e+00 0
3.33333333333333315e-01 0.00000000000000000e+00 0
4.16666666666666630e-01 0.00000000000000000e+00 0
5.00000000000000000e-01 0.00000000000000000e+00 0
5.83333333333333259e-01 0.00000000000000000e+00 0
6.66666666666666630e-01 0.00000000000000000e+00 0
7.50000000000000000e-01 0.00000000000000000e+00 0
8.33333333333333259e-01 0.00000000000000000e+00 0
9.16666666666666630e-01 0.00000000000000000e+00 0
1.00000000000000000e+00 0.00000000000000000e+00 0
1.08333333333333326e+00 0.00000000000000000e+00 0
1.16666666666666652e+00 0.00000000000000000e+00 0
1.25000000000000000e+00 0.00000000000000000e+00 0
1.33333333333333326e+00 0.00000000000000000e+00 0
1.41666666666666652e+00 0.00000000000000000e+00 0
1.50000000000000000e+00 0.00000000000000000e+00 0
1.58333333333333326e+00 0.00000000000000000e+00 0
1.66666666666666652e+00 0.00000000000000000e+00 0
1.75000000000000000e+00 0.00000000000000000e+00 0
1.83333333333333326e+00 0.00000000000000000e+00 0
1.91666666666666652e+00 0.00000000000000000e+00 0
2.00000000000000000e+00 0.00000000000000000e+00 0
2.08333333333333304e+00 0.00000000000000000e+00 0
2.16666666666666652e+00 0.00000000000000000e+00 0
2.25000000000000000e+00 0.00000000000000000e+00 0
2.33333333333333304e+00 0.00000000000000000e+00 0
2.41666666666666652e+00 0.00000000000000000e+00 0
2.50000000000000000e+00 0.00000000000000000e+00 0
2.58333333333333304e+00 0.00000000000000000e+00 0
2.66666666666666652e+00 0.00000000000000000e+00 0
2.75000000000000000e+00 0.00000000000000000e+00 0
2.83333333333333304e+00 0.00000000000000000e+00 0
2.91666666666666652e+00 0.00000000000000000e+00 0
3.00000000000000000e+00 0.00000000000000000e+00 0
3.08333333333333304e+00 0.00000000000000000e+00 0
3.16666666666666652e+00 0.00000000000000000e+00 0
3.25000000000000000e+00 0.00000000000000000e+00 0
3.33333333333333304e+00 0.00000000000000000e+00 0
3.41666666666666652e+00 0.00000000000000000e+00 0
3.50000000000000000e+00 0.00000000000000000e+00 0
3.58333333333333304e+00 0.00000000000000000e+00 0
3.66666666666666652e+00 0.00000000000000000e+00 0
3.75000000000000000e+00 0.00000000000000000e+00 0
3.83333333333333304e+00 0.00000000000000000e+00 0
3.91666666666666652e+00 0.00000000000000000e+00 0
4.00000000000000000e+00 0.00000000000000000e+00 0
0.00000000000000000e+00 1.26324824518909504e-02 0
8.33333333333333287e-02 1.26324824518909504e-02 0
1.66666666666666657e-01 1.26324824518909504e-02 0
2.50000000000000000e-01 1.26324824518909504e-02 0
3.33333333333333315e-01 1.26324824518909504e-02 0
4.16666666666666630e-01 1.26324824518909504e-02 0
5.00000000000000000e-01 1.26324824518909504e-02 0
5.83333333333333259e-01 1.26324824518909504e-02 0
6.66666666666666630e-01 1.26324824518909504e-02 0
7.50000000000000000e-01 1.26324824518909504e-02 0
8.33333333333333259e-01 1.26324824518909504e-02 0
9.16666666666666630e-01 1.26324824518909504e-02 0
1.00000000000000000e+00 1.26324824518909504e-02 0
1.08333333333333326e+00 1.26324824518909504e-02 0
1.16666666666666652e+00 1.26324824518909504e-02 0
1.25000000000000000e+00 1.26324824518909504e-02 0
1.33333333333333326e+00 1.26324824518909504e-02 0
1.41666666666666652e+00 1.26324824518909504e-02 0
1.50000000000000000e+00 1.26324824518909504e-02 0
1.58333333333333326e+00 1.26324824518909504e-02 0
1.66666666666666652e+00 1.26324824518909504e-02 0
1.75000000000000000e+00 1.26324824518909504e-02 0
1.83333333333333326e+00 1.26324824518909504e-02 0
1.91666666666666652e+00 1.26324824518909504e-02 0
2.00000000000000000e+00 1.26324824518909504e-02 0
2.08333333333333304e+00 1.26324824518909504e-02 0
2.16666666666666652e+00 1.26324824518909504e-02 0
2.25000000000000000e+00 1.26324824518909504e-02 0
2.33333333333333304e+00 1.26324824518909504e-02 0
2.41666666666666652e+00 1.26324824518909504e-02 0
2.50000000000000000e+00 1.26324824518909504e-02 0
2.58333333333333304e+00 1.26324824518909504e-02 0
2.66666666666666652e+00 1.26324824518909504e-02 0
2.75000000000000000e+00 1.26324824518909504e-02 0
2.83333333333333304e+00 1.26324824518909504e-02 0
2.91666666666666652e+00 1.26324824518909504e-02 0
3.00000000000000000e+00 1.26324824518909504e-02 0
3.08333333333333304e+00 1.26324824518909504e-02 0
3.16666666666666652e+00 1.26324824518909504e-02 0
3.25000000000000000e+00 1.26324824518909504e-02 0
3.33333333333333304e+00 1.26324824518909504e-02 0
3.41666666666666652e+00 1.26324824518909504e-02 0
3.50000000000000000e+00 1.26324824518909504e-02 0
3.58333333333333304e+00 1.26324824518909504e-02 0
3.66666666666666652e+00 1.26324824518909504e-02 0
3.75000000000000000e+00 1.26324824518909504e-02 0
3.83333333333333304e+00 1.26324824518909504e-02 0
3.91666666666666652e+00 1.26324824518909504e-02 0
4.00000000000000000e+00 1.26324824518909504e-02 0
0.00000000000000000e+00 2.77914613941600899e-02 0
8.33333333333333287e-02 2.77914613941600899e-02 0
1.66666666666666657e-01 2.77914613941600899e-02 0
2.50000000000000000e-01 2.77914613941600899e-02 0
3.33333333333333315e-01 2.77914613941600899e-02 0
4.16666666666666630e-01 2.77914613941600899e-02 0
5.00000000000000000e-01 2.77914613941600899e-02 0
5.83333333333333259e-01 2.77914613941600899e-02 0
6.66666666666666630e-01 2.77914613941600899e-02 0
7.50000000000000000e-01 2.77914613941600899e-02 0
8.33333333333333259e-01 2.77914613941600899e-02 0
9.16666666666666630e-01 2.77914613941600899e-02 0
1.00000000000000000e+00 2.77914613941600899e-02 0
1.08333333333333326e+00 2.77914613941600899e-02 0
1.16666666666666652e+00 2.77914613941600899e-02 0
1.25000000000000000e+00 2.77914613941600899e-02 0
1.33333333333333326e+00 2.77914613941600899e-02 0
1.41666666666666652e+00 2.77914613941600899e-02 0
1.50000000000000000e+00 2.77914613941600899e-02 0
1.58333333333333326e+00 2.77914613941600899e-02 0
1.66666666666666652e+00 2.77914613941600899e-02 0
1.75000000000000000e+00 2.77914613941600899e-02 0
1.83333333333333326e+00 2.77914613941600899e-02 0
1.91666666666666652e+00 2.77914613941600899e-02 0
2.00000000000000000e+00 2.77914613941600899e-02 0
2.08333333333333304e+00 2.77914613941600899e-02 0
2.16666666666666652e+00 2.77914613941600899e-02 0
2.25000000000000000e+00 2.77914613941600899e-02 0
2.33333333333333304e+00 2.77914613941600899e-02 0
2.41666666666666652e+00 2.77914613941600899e-02 0
2.50000000000000000e+00 2.77914613941600899e-02 0
2.58333333333333304e+00 2.77914613941600899e-02 0
2.66666666666666652e+00 2.77914613941600899e-02 0
2.75000000000000000e+00 2.77914613941600899e-02 0
2.83333333333333304e+00 2.77914613941600899e-02 0
2.91666666666666652e+00 2.77914613941600899e-02 0
3.00000000000000000e+00 2.77914613941600899e-02 0
3.08333333333333304e+00 2.77914613941600899e-02 0
3.16666666666666652e+00 2.77914613941600899e-02 0
3.25000000000000000e+00 2.77914613941600899e-02 0
3.33333333333333304e+00 2.77914613941600899e-02 0
3.41666666666666652e+00 2.77914613941600899e-02 0
3.50000000000000000e+00 2.77914613941600899e-02 0
3.58333333333333304e+00 2.77914613941600899e-02 0
3.66666666666666652e+00 2.77914613941600899e-02 0
3.75000000000000000e+00 2.77914613941600899e-02 0
3.83333333333333304e+00 2.77914613941600899e-02 0
3.91666666666666652e+00 2.77914613941600899e-02 0
4.00000000000000000e+00 2.77914613941600899e-02 0
0.00000000000000000e+00 4.59822361248830580e-02 0
8.33333333333333287e-02 4.59822361248830580e-02 0
1.66666666666666657e-01 4.59822361248830580e-02 0
2.50000000000000000e-01 4.59822361248830580e-02 0
3.33333333333333315e-01 4.59822361248830580e-02 0
4.16666666666666630e-01 4.59822361248830580e-02 0
5.00000000000000000e-01 4.59822361248830580e-02 0
5.83333333333333259e-01 4.59822361248830580e-02 0
6.66666666666666630e-01 4.59822361248830580e-02 0
7.50000000000000000e-01 4.59822361248830580e-02 0
8.33333333333333259e-01 4.59822361248830580e-02 0
9.16666666666666630e-01 4.59822361248830580e-02 0
1.00000000000000000e+00 4.59822361248830580e-02 0
1.08333333333333326e+00 4.59822361248830580e-02 0
1.16666666666666652e+00 4.59822361248830580e-02 0
1.25000000000000000e+00 4.59822361248830580e-02 0
1.33333333333333326e+00 4.59822361248830580e-02 0
1.41666666666666652e+00 4.59822361248830580e-02 0
1.50000000000000000e+00 4.59822361248830580e-02 0
1.58333333333333326e+00 4.59822361248830580e-02 0
1.66666666666666652e+00 4.59822361248830580e-02 0
1.75000000000000000e+00 4.59822361248830580e-02 0
1.83333333333333326e+00 4.59822361248830580e-02 0
1.91666666666666652e+00 4.59822361248830580e-02 0
2.00000000000000000e+00 4.59822361248830580e-02 0
2.08333333333333304e+00 4.59822361248830580e-02 0
2.16666666666666652e+00 4.59822361248830580e-02 0
2.25000000000000000e+00 4.59822361248830580e-02 0
2.33333333333333304e+00 4.59822361248830580e-02 0
2.41666666666666652e+00 4.59822361248830580e-02 0
2.50000000000000000e+00 4.59822361248830580e-02 0
2.58333333333333304e+00 4.59822361248830580e-02 0
2.66666666666666652e+00 4.59822361248830580e-02 0
2.75000000000000000e+00 4.59822361248830580e-02 0
2.83333333333333304e+00 4.59822361248830580e-02 0
2.91666666666666652e+00 4.59822361248830580e-02 0
3.00000000000000000e+00 4.59822361248830580e-02 0
3.08333333333333304e+00 4.59822361248830580e-02 0
3.16666666666666652e+00 4.59822361248830580e-02 0
3.25000000000000000e+00 4.59822361248830580e-02 0
3.33333333333333304e+00 4.59822361248830580e-02 0
3.41666666666666652e+00 4.59822361248830580e-02 0
3.50000000000000000e+00 4.59822361248830580e-02 0
3.58333333333333304e+00 4.59822361248830580e-02 0
3.66666666666666652e+00 4.59822361248830580e-02 0
3.75000000000000000e+00 4.59822361248830580e-02 0
3.83333333333333304e+00 4.59822361248830580e-02 0
3.91666666666666652e+00 4.59822361248830580e-02 0
4.00000000000000000e+00 4.59822361248830580e-02 0
0.00000000000000000e+00 6.78111658017506169e-02 0
8.33333333333333287e-02 6.78111658017506169e-02 0
1.66666666666666657e-01 6.78111658017506169e-02 0
2.50000000000000000e-01 6.78111658017506169e-02 0
3.33333333333333315e-01 6.78111658017506169e-02 0
4.16666666666666630e-01 6.78111658017506169e-02 0
5.00000000000000000e-01 6.78111658017506169e-02 0
5.83333333333333259e-01 6.78111658017506169e-02 0
6.66666666666666630e-01 6.78111658017506169e-02 0
7.50000000000000000e-01 6.78111658017506169e-02 0
8.33333333333333259e-01 6.78111658017506169e-02 0
9.16666666666666630e-01 6.78111658017506169e-02 0
1.00000000000000000e+00 6.78111658017506169e-02 0
1.08333333333333326e+00 6.78111658017506169e-02 0
1.16666666666666652e+00 6.78111658017506169e-02 0
1.25000000000000000e+00 6.78111658017506169e-02 0
1.33333333333333326e+00 6.78111658017506169e-02 0
1.41666666666666652e+00 6.78111658017506169e-02 0
1.50000000000000000e+00 6.78111658017506169e-02 0
1.58333333333333326e+00 6.78111658017506169e-02 0
1.66666666666666652e+00 6.78111658017506169e-02 0
1.75000000000000000e+00 6.78111658017506169e-02 0
1.83333333333333326e+00 6.78111658017506169e-02 0
1.91666666666666652e+00 6.78111658017506169e-02 0
2.00000000000000000e+00 6.78111658017506169e-02 0
2.08333333333333304e+00 6.78111658017506169e-02 0
2.16666666666666652e+00 6.78111658017506169e-02 0
2.25000000000000000e+00 6.78111658017506169e-02 0
2.33333333333333304e+00 6.78111658017506169e-02 0
2.41666666666666652e+00 6.78111658017506169e-02 0
2.50000000000000000e+00 6.78111658017506169e-02 0
2.58333333333333304e+00 6.78111658017506169e-02 0
2.66666666666666652e+00 6.78111658017506169e-02 0
2.75000000000000000e+00 6.78111658017506169e-02 0
2.83333333333333304e+00 6.78111658017506169e-02 0
2.91666666666666652e+00 6.78111658017506169e-02 0
3.00000000000000000e+00 6.78111658017506169e-02 0
3.08333333333333304e+00 6.78111658017506169e-02 0
3.16666666666666652e+00 6.78111658017506169e-02 0
3.25000000000000000e+00 6.78111658017506169e-02 0
3.33333333333333304e+00 6.78111658017506169e-02 0
3.41666666666666652e+00 6.78111658017506169e-02 0
3.50000000000000000e+00 6.78111658017506169e-02 0
3.58333333333333304e+00 6.78111658017506169e-02 0
3.66666666666666652e+00 6.78111658017506169e-02 0
3.75000000000000000e+00 6.78111658017506169e-02 0
3.83333333333333304e+00 6.78111658017506169e-02 0
3.91666666666666652e+00 6.78111658017506169e-02 0
4.00000000000000000e+00 6.78111658017506169e-02 0
0.00000000000000000e+00 9.40058814139916737e-02 0
8.33333333333333287e-02 9.40058814139916737e-02 0
1.66666666666666657e-01 9.40058814139916737e-02 0
2.50000000000000000e-01 9.40058814139916737e-02 0
3.33333333333333315e-01 9.40058814139916737e-02 0
4.16666666666666630e-01 9.40058814139916737e-02 0
5.00000000000000000e-01 9.40058814139916737e-02 0
5.83333333333333259e-01 9.40058814139916737e-02 0
6.66666666666666630e-01 9.40058814139916737e-02 0
7.50000000000000000e-01 9.40058814139916737e-02 0
8.33333333333333259e-01 9.40058814139916737e-02 0
9.16666666666666630e-01 9.40058814139916737e-02 0
1.00000000000000000e+00 9.40058814139916737e-02 0
1.08333333333333326e+00 9.40058814139916737e-02 0
1.16666666666666652e+00 9.40058814139916737e-02 0
1.25000000000000000e+00 9.40058814139916737e-02 0
1.33333333333333326e+00 9.40058814139916737e-02 0
1.41666666666666652e+00 9.40058814139916737e-02 0
1.50000000000000000e+00 9.40058814139916737e-02 0
1.58333333333333326e+00 9.40058814139916737e-02 0
1.66666666666666652e+00 9.40058814139916737e-02 0
1.75000000000000000e+00 9.40058814139916737e-02 0
1.83333333333333326e+00 9.40058814139916737e-02 0
1.91666666666666652e+00 9.40058814139916737e-02 0
2.00000000000000000e+00 9.40058814139916737e-02 0
2.08333333333333304e+00 9.40058814139916737e-02 0
2.16666666666666652e+00 9.40058814139916737e-02 0
2.25000000000000000e+00 9.40058814139916737e-02 0
2.33333333333333304e+00 9.40058814139916737e-02 0
2.41666666666666652e+00 9.40058814139916737e-02 0
2.50000000000000000e+00 9.40058814139916737e-02 0
2.58333333333333304e+00 9.40058814139916737e-02 0
2.66666666666666652e+00 9.40058814139916737e-02 0
2.75000000000000000e+00 9.40058814139916737e-02 0
2.83333333333333304e+00 9.40058814139916737e-02 0
2.91666666666666652e+00 9.40058814139916737e-02 0
3.00000000000000000e+00 9.40058814139916737e-02 0
3.08333333333333304e+00 9.40058814139916737e-02 0
3.16666666666666652e+00 9.40058814139916737e-02 0
3.25000000000000000e+00 9.40058814139916737e-02 0
3.33333333333333304e+00 9.40058814139916737e-02 0
3.41666666666666652e+00 9.40058814139916737e-02 0
3.50000000000000000e+00 9.40058814139916737e-02 0
3.58333333333333304e+00 9.40058814139916737e-02 0
3.66666666666666652e+00 9.40058814139916737e-02 0
3.75000000000000000e+00 9.40058814139916737e-02 0
3.83333333333333304e+00 9.40058814139916737e-02 0
3.91666666666666652e+00 9.40058814139916737e-02 0
4.00000000000000000e+00 9.40058814139916737e-02 0
0.00000000000000000e+00 1.25439540148680972e-01 0
8.33333333333333287e-02 1.25439540148680972e-01 0
1.66666666666666657e-01 1.25439540148680972e-01 0
2.50000000000000000e-01 1.25439540148680972e-01 0
3.33333333333333315e-01 1.25439540148680972e-01 0
4.16666666666666630e-01 1.25439540148680972e-01 0
5.00000000000000000e-01 1.25439540148680972e-01 0
5.83333333333333259e-01 1.25439540148680972e-01 0
6.66666666666666630e-01 1.25439540148680972e-01 0
7.50000000000000000e-01 1.25439540148680972e-01 0
8.33333333333333259e-01 1.25439540148680972e-01 0
9.16666666666666630e-01 1.25439540148680972e-01 0
1.00000000000000000e+00 1.25439540148680972e-01 0
1.08333333333333326e+00 1.25439540148680972e-01 0
1.16666666666666652e+00 1.25439540148680972e-01 0
1.25000000000000000e+00 1.25439540148680972e-01 0
1.33333333333333326e+00 1.25439540148680972e-01 0
1.41666666666666652e+00 1.25439540148680972e-01 0
1.50000000000000000e+00 1.25439540148680972e-01 0
1.58333333333333326e+00 1.25439540148680972e-01 0
1.66666666666666652e+00 1.25439540148680972e-01 0
1.75000000000000000e+00 1.25439540148680972e-01 0
1.83333333333333326e+00 1.25439540148680972e-01 0
1.91666666666666652e+00 1.25439540148680972e-01 0
2.00000000000000000e+00 1.25439540148680972e-01 0
2.08333333333333304e+00 1.25439540148680972e-01 0
2.16666666666666652e+00 1.25439540148680972e-01 0
2.25000000000000000e+00 1.25439540148680972e-01 0
2.33333333333333304e+00 1.25439540148680972e-01 0
2.41666666666666652e+00 1.25439540148680972e-01 0
2.50000000000000000e+00 1.25439540148680972e-01 0
2.58333333333333304e+00 1.25439540148680972e-01 0
2.66666666666666652e+00 1.25439540148680972e-01 0
2.75000000000000000e+00 1.25439540148680972e-01 0
2.83333333333333304e+00 1.25439540148680972e-01 0
2.91666666666666652e+00 1.25439540148680972e-01 0
3.00000000000000000e+00 1.25439540148680972e-01 0
3.08333333333333304e+00 1.25439540148680972e-01 0
3.16666666666666652e+00 1.25439540148680972e-01 0
3.25000000000000000e+00 1.25439540148680972e-01 0
3.33333333333333304e+00 1.25439540148680972e-01 0
3.41666666666666652e+00 1.25439540148680972e-01 0
3.50000000000000000e+00 1.25439540148680972e-01 0
3.58333333333333304e+00 1.25439540148680972e-01 0
3.66666666666666652e+00 1.25439540148680972e-01 0
3.75000000000000000e+00 1.25439540148680972e-01 0
3.83333333333333304e+00 1.25439540148680972e-01 0
3.91666666666666652e+00 1.25439540148680972e-01 0
4.00000000000000000e+00 1.25439540148680972e-01 0
0.00000000000000000e+00 1.63159930630308092e-01 0
8.33333333333333287e-02 1.63159930630308092e-01 0
1.66666666666666657e-01 1.63159930630308092e-01 0
2.50000000000000000e-01 1.63159930630308092e-01 0
3.33333333333333315e-01 1.63159930630308092e-01 0
4.16666666666666630e-01 1.63159930630308092e-01 0
5.00000000000000000e-01 1.63159930630308092e-01 0
5.83333333333333259e-01 1.63159930630308092e-01 0
6.66666666666666630e-01 1.63159930630308092e-01 0
7.50000000000000000e-01 1.63159930630308092e-01 0
8.33333333333333259e-01 1.63159930630308092e-01 0
9.16666666666666630e-01 1.63159930630308092e-01 0
1.00000000000000000e+00 1.63159930630308092e-01 0
1.08333333333333326e+00 1.63159930630308092e-01 0
1.16666666666666652e+00 1.63159930630308092e-01 0
1.25000000000000000e+00 1.63159930630308092e-01 0
1.33333333333333326e+00 1.63159930630308092e-01 0
1.41666666666666652e+00 1.63159930630308092e-01 0
1.50000000000000000e+00 1.63159930630308092e-01 0
1.58333333333333326e+00 1.63159930630308092e-01 0
1.66666666666666652e+00 1.63159930630308092e-01 0
1.75000000000000000e+00 1.63159930630308092e-01 0
1.83333333333333326e+00 1.63159930630308092e-01 0
1.91666666666666652e+00 1.63159930630308092e-01 0
2.00000000000000000e+00 1.63159930630308092e-01 0
2.08333333333333304e+00 1.63159930630308092e-01 0
2.16666666666666652e+00 1.63159930630308092e-01 0
2.25000000000000000e+00 1.63159930630308092e-01 0
2.33333333333333304e+00 1.63159930630308092e-01 0
2.41666666666666652e+00 1.63159930630308092e-01 0
2.50000000000000000e+00 1.63159930630308092e-01 0
2.58333333333333304e+00 1.63159930630308092e-01 0
2.66666666666666652e+00 1.63159930630308092e-01 0
2.75000000000000000e+00 1.63159930630308092e-01 0
2.83333333333333304e+00 1.63159930630308092e-01 0
2.91666666666666652e+00 1.63159930630308092e-01 0
3.00000000000000000e+00 1.63159930630308092e-01 0
3.08333333333333304e+00 1.63159930630308092e-01 0
3.16666666666666652e+00 1.63159930630308092e-01 0
3.25000000000000000e+00 1.63159930630308092e-01 0
3.33333333333333304e+00 1.63159930630308092e-01 0
3.41666666666666652e+00 1.63159930630308092e-01 0
3.50000000000000000e+00 1.63159930630308092e-01 0
3.58333333333333304e+00 1.63159930630308092e-01 0
3.66666666666666652e+00 1.63159930630308092e-01 0
3.75000000000000000e+00 1.63159930630308092e-01 0
3.83333333333333304e+00 1.63159930630308092e-01 0
3.91666666666666652e+00 1.63159930630308092e-01 0
4.00000000000000000e+00 1.63159930630308092e-01 0
0.00000000000000000e+00 2.08424399208260697e-01 0
8.33333333333333287e-02 2.08424399208260697e-01 0
1.66666666666666657e-01 2.08424399208260697e-01 0
2.50000000000000000e-01 2.08424399208260697e-01 0
3.33333333333333315e-01 2.08424399208260697e-01 0
4.16666666666666630e-01 2.08424399208260697e-01 0
5.00000000000000000e-01 2.08424399208260697e-01 0
5.83333333333333259e-01 2.08424399208260697e-01 0
6.66666666666666630e-01 2.08424399208260697e-01 0
7.50000000000000000e-01 2.08424399208260697e-01 0
8.33333333333333259e-01 2.08424399208260697e-01 0
9.16666666666666630e-01 2.08424399208260697e-01 0
1.00000000000000000e+00 2.08424399208260697e-01 0
1.08333333333333326e+00 2.08424399208260697e-01 0
1.16666666666666652e+00 2.08424399208260697e-01 0
1.25000000000000000e+00 2.08424399208260697e-01 0
1.33333333333333326e+00 2.08424399208260697e-01 0
1.41666666666666652e+00 2.08424399208260697e-01 0
1.50000000000000000e+00 2.08424399208260697e-01 0
1.58333333333333326e+00 2.08424399208260697e-01 0
1.66666666666666652e+00 2.08424399208260697e-01 0
1.75000000000000000e+00 2.08424399208260697e-01 0
1.83333333333333326e+00 2.08424399208260697e-01 0
1.91666666666666652e+00 2.08424399208260697e-01 0
2.00000000000000000e+00 2.08424399208260697e-01 0
2.08333333333333304e+00 2.08424399208260697e-01 0
2.16666666666666652e+00 2.08424399208260697e-01 0
2.25000000000000000e+00 2.08424399208260697e-01 0
2.33333333333333304e+00 2.08424399208260697e-01 0
2.41666666666666652e+00 2.08424399208260697e-01 0
2.50000000000000000e+00 2.08424399208260697e-01 0
2.58333333333333304e+00 2.08424399208260697e-01 0
2.66666666666666652e+00 2.08424399208260697e-01 0
2.75000000000000000e+00 2.08424399208260697e-01 0
2.83333333333333304e+00 2.08424399208260697e-01 0
2.91666666666666652e+00 2.08424399208260697e-01 0
3.00000000000000000e+00 2.08424399208260697e-01 0
3.08333333333333304e+00 2.08424399208260697e-01 0
3.16666666666666652e+00 2.08424399208260697e-01 0
3.25000000000000000e+00 2.08424399208260697e-01 0
3.33333333333333304e+00 2.08424399208260697e-01 0
3.41666666666666652e+00 2.08424399208260697e-01 0
3.50000000000000000e+00 2.08424399208260697e-01 0
3.58333333333333304e+00 2.08424399208260697e-01 0
3.66666666666666652e+00 2.08424399208260697e-01 0
3.75000000000000000e+00 2.08424399208260697e-01 0
3.83333333333333304e+00 2.08424399208260697e-01 0
3.91666666666666652e+00 2.08424399208260697e-01 0
4.00000000000000000e+00 2.08424399208260697e-01 0
0.00000000000000000e+00 2.62741761501803783e-01 0
8.33333333333333287e-02 2.62741761501803783e-01 0
1.66666666666666657e-01 2.62741761501803783e-01 0
2.50000000000000000e-01 2.62741761501803783e-01 0
3.33333333333333315e-01 2.62741761501803783e-01 0
4.16666666666666630e-01 2.62741761501803783e-01 0
5.00000000000000000e-01 2.62741761501803783e-01 0
5.83333333333333259e-01 2.62741761501803783e-01 0
6.66666666666666630e-01 2.62741761501803783e-01 0
7.50000000000000000e-01 2.62741761501803783e-01 0
8.33333333333333259e-01 2.62741761501803783e-01 0
9.16666666666666630e-01 2.62741761501803783e-01 0
1.00000000000000000e+00 2.62741761501803783e-01 0
1.08333333333333326e+00 2.62741761501803783e-01 0
1.16666666666666652e+00 2.62741761501803783e-01 0
1.25000000000000000e+00 2.62741761501803783e-01 0
1.33333333333333326e+00 2.62741761501803783e-01 0
1.41666666666666652e+00 2.62741761501803783e-01 0
1.50000000000000000e+00 2.62741761501803783e-01 0
1.58333333333333326e+00 2.62741761501803783e-01 0
1.66666666666666652e+00 2.62741761501803783e-01 0
1.75000000000000000e+00 2.62741761501803783e-01 0
1.83333333333333326e+00 2.62741761501803783e-01 0
1.91666666666666652e+00 2.62741761501803783e-01 0
2.00000000000000000e+00 2.62741761501803783e-01 0
2.08333333333333304e+00 2.62741761501803783e-01 0
2.16666666666666652e+00 2.62741761501803783e-01 0
2.25000000000000000e+00 2.62741761501803783e-01 0
2.33333333333333304e+00 2.62741761501803783e-01 0
2.41666666666666652e+00 2.62741761501803783e-01 0
2.50000000000000000e+00 2.62741761501803783e-01 0
2.58333333333333304e+00 2.62741761501803783e-01 0
2.66666666666666652e+00 2.62741761501803783e-01 0
2.75000000000000000e+00 2.62741761501803783e-01 0
2.83333333333333304e+00 2.62741761501803783e-01 0
2.91666666666666652e+00 2.62741761501803783e-01 0
3.00000000000000000e+00 2.62741761501803783e-01 0
3.08333333333333304e+00 2.62741761501803783e-01 0
3.16666666666666652e+00 2.62741761501803783e-01 0
3.25000000000000000e+00 2.62741761501803783e-01 0
3.33333333333333304e+00 2.62741761501803783e-01 0
3.41666666666666652e+00 2.62741761501803783e-01 0
3.50000000000000000e+00 2.62741761501803783e-01 0
3.58333333333333304e+00 2.62741761501803783e-01 0
3.66666666666666652e+00 2.62741761501803783e-01 0
3.75000000000000000e+00 2.62741761501803783e-01 0
3.83333333333333304e+00 2.62741761501803783e-01 0
3.91666666666666652e+00 2.62741761501803783e-01 0
4.00000000000000000e+00 2.62741761501803783e-01 0
0.00000000000000000e+00 3.27922596254055398e-01 0
8.33333333333333287e-02 3.27922596254055398e-01 0
1.66666666666666657e-01 3.27922596254055398e-01 0
2.50000000000000000e-01 3.27922596254055398e-01 0
3.33333333333333315e-01 3.27922596254055398e-01 0
4.16666666666666630e-01 3.27922596254055398e-01 0
5.00000000000000000e-01 3.27922596254055398e-01 0
5.83333333333333259e-01 3.27922596254055398e-01 0
6.66666666666666630e-01 3.27922596254055398e-01 0
7.50000000000000000e-01 3.27922596254055398e-01 0
8.33333333333333259e-01 3.27922596254055398e-01 0
9.16666666666666630e-01 3.27922596254055398e-01 0
1.00000000000000000e+00 3.27922596254055398e-01 0
1.08333333333333326e+00 3.27922596254055398e-01 0
1.16666666666666652e+00 3.27922596254055398e-01 0
1.25000000000000000e+00 3.27922596254055398e-01 0
1.33333333333333326e+00 3.27922596254055398e-01 0
1.41666666666666652e+00 3.27922596254055398e-01 0
1.50000000000000000e+00 3.27922596254055398e-01 0
1.58333333333333326e+00 3.27922596254055398e-01 0
1.66666666666666652e+00 3.27922596254055398e-01 0
1.75000000000000000e+00 3.27922596254055398e-01 0
1.83333333333333326e+00 3.27922596254055398e-01 0
1.91666666666666652e+00 3.27922596254055398e-01 0
2.00000000000000000e+00 3.27922596254055398e-01 0
2.08333333333333304e+00 3.27922596254055398e-01 0
2.16666666666666652e+00 3.27922596254055398e-01 0
2.25000000000000000e+00 3.27922596254055398e-01 0
2.33333333333333304e+00 3.27922596254055398e-01 0
2.41666666666666652e+00 3.27922596254055398e-01 0
2.50000000000000000e+00 3.27922596254055398e-01 0
2.58333333333333304e+00 3.27922596254055398e-01 0
2.66666666666666652e+00 3.27922596254055398e-01 0
2.75000000000000000e+00 3.27922596254055398e-01 0
2.83333333333333304e+00 3.27922596254055398e-01 0
2.91666666666666652e+00 3.27922596254055398e-01 0
3.00000000000000000e+00 3.27922596254055398e-01 0
3.08333333333333304e+00 3.27922596254055398e-01 0
3.16666666666666652e+00 3.27922596254055398e-01 0
3.25000000000000000e+00 3.27922596254055398e-01 0
3.33333333333333304e+00 3.27922596254055398e-01 0
3.41666666666666652e+00 3.27922596254055398e-01 0
3.50000000000000000e+00 3.27922596254055398e-01 0
3.58333333333333304e+00 3.27922596254055398e-01 0
3.66666666666666652e+00 3.27922596254055398e-01 0
3.75000000000000000e+00 3.27922596254055398e-01 0
3.83333333333333304e+00 3.27922596254055398e-01 0
3.91666666666666652e+00 3.27922596254055398e-01 0
4.00000000000000000e+00 3.27922596254055398e-01 0
0.00000000000000000e+00 4.06139597956757414e-01 0
8.33333333333333287e-02 4.06139597956757414e-01 0
1.66666666666666657e-01 4.06139597956757414e-01 0
2.50000000000000000e-01 4.06139597956757414e-01 0
3.33333333333333315e-01 4.06139597956757414e-01 0
4.16666666666666630e-01 4.06139597956757414e-01 0
5.00000000000000000e-01 4.06139597956757414e-01 0
5.83333333333333259e-01 4.06139597956757414e-01 0
6.66666666666666630e-01 4.06139597956757414e-01 0
7.50000000000000000e-01 4.06139597956757414e-01 0
8.33333333333333259e-01 4.06139597956757414e-01 0
9.16666666666666630e-01 4.06139597956757414e-01 0
1.00000000000000000e+00 4.06139597956757414e-01 0
1.08333333333333326e+00 4.06139597956757414e-01 0
1.16666666666666652e+00 4.06139597956757414e-01 0
1.25000000000000000e+00 4.06139597956757414e-01 0
1.33333333333333326e+00 4.06139597956757414e-01 0
1.41666666666666652e+00 4.06139597956757414e-01 0
1.50000000000000000e+00 4.06139597956757414e-01 0
1.58333333333333326e+00 4.06139597956757414e-01 0
1.66666666666666652e+00 4.06139597956757414e-01 0
1.75000000000000000e+00 4.06139597956757414e-01 0
1.83333333333333326e+00 4.06139597956757414e-01 0
1.91666666666666652e+00 4.06139597956757414e-01 0
2.00000000000000000e+00 4.06139597956757414e-01 0
2.08333333333333304e+00 4.06139597956757414e-01 0
2.16666666666666652e+00 4.06139597956757414e-01 0
2.25000000000000000e+00 4.06139597956757414e-01 0
2.33333333333333304e+00 4.06139597956757414e-01 0
2.41666666666666652e+00 4.06139597956757414e-01 0
2.50000000000000000e+00 4.06139597956757414e-01 0
2.58333333333333304e+00 4.06139597956757414e-01 0
2.66666666666666652e+00 4.06139597956757414e-01 0
2.75000000000000000e+00 4.06139597956757414e-01 0
2.83333333333333304e+00 4.06139597956757414e-01 0
2.91666666666666652e+00 4.06139597956757414e-01 0
3.00000000000000000e+00 4.06139597956757414e-01 0
3.08333333333333304e+00 4.06139597956757414e-01 0
3.16666666666666652e+00 4.06139597956757414e-01 0
3.25000000000000000e+00 4.06139597956757414e-01 0
3.33333333333333304e+00 4.06139597956757414e-01 0
3.41666666666666652e+00 4.06139597956757414e-01 0
3.50000000000000000e+00 4.06139597956757414e-01 0
3.58333333333333304e+00 4.06139597956757414e-01 0
3.66666666666666652e+00 4.06139597956757414e-01 0
3.75000000000000000e+00 4.06139597956757414e-01 0
3.83333333333333304e+00 4.06139597956757414e-01 0
3.91666666666666652e+00 4.06139597956757414e-01 0
4.00000000000000000e+00 4.06139597956757414e-01 0
0.00000000000000000e+00 5.00000000000000000e-01 0
8.33333333333333287e-02 5.00000000000000000e-01 0
1.66666666666666657e-01 5.00000000000000000e-01 0
2.50000000000000000e-01 5.00000000000000000e-01 0
3.33333333333333315e-01 5.00000000000000000e-01 0
4.16666666666666630e-01 5.00000000000000000e-01 0
5.00000000000000000e-01 5.00000000000000000e-01 0
5.83333333333333259e-01 5.00000000000000000e-01 0
6.66666666666666630e-01 5.00000000000000000e-01 0
7.50000000000000000e-01 5.00000000000000000e-01 0
8.33333333333333259e-01 5.00000000000000000e-01 0
9.16666666666666630e-01 5.00000000000000000e-01 0
1.00000000000000000e+00 5.00000000000000000e-01 0
1.08333333333333326e+00 5.00000000000000000e-01 0
1.16666666666666652e+00 5.00000000000000000e-01 0
1.25000000000000000e+00 5.00000000000000000e-01 0
1.33333333333333326e+00 5.00000000000000000e-01 0
1.41666666666666652e+00 5.00000000000000000e-01 0
1.50000000000000000e+00 5.00000000000000000e-01 0
1.58333333333333326e+00 5.00000000000000000e-01 0
1.66666666666666652e+00 5.00000000000000000e-01 0
1.75000000000000000e+00 5.00000000000000000e-01 0
1.83333333333333326e+00 5.00000000000000000e-01 0
1.91666666666666652e+00 5.00000000000000000e-01 0
2.00000000000000000e+00 5.00000000000000000e-01 0
2.08333333333333304e+00 5.00000000000000000e-01 0
2.16666666666666652e+00 5.00000000000000000e-01 0
2.25000000000000000e+00 5.00000000000000000e-01 0
2.33333333333333304e+00 5.00000000000000000e-01 0
2.41666666666666652e+00 5.00000000000000000e-01 0
2.50000000000000000e+00 5.00000000000000000e-01 0
2.58333333333333304e+00 5.00000000000000000e-01 0
2.66666666666666652e+00 5.00000000000000000e-01 0
2.75000000000000000e+00 5.00000000000000000e-01 0
2.83333333333333304e+00 5.00000000000000000e-01 0
2.91666666666666652e+00 5.00000000000000000e-01 0
3.00000000000000000e+00 5.00000000000000000e-01 0
3.08333333333333304e+00 5.00000000000000000e-01 0
3.16666666666666652e+00 5.00000000000000000e-01 0
3.25000000000000000e+00 5.00000000000000000e-01 0
3.33333333333333304e+00 5.00000000000000000e-01 0
3.41666666666666652e+00 5.00000000000000000e-01 0
3.50000000000000000e+00 5.00000000000000000e-01 0
3.58333333333333304e+00 5.00000000000000000e-01 0
3.66666666666666652e+00 5.00000000000000000e-01 0
3.75000000000000000e+00 5.00000000000000000e-01 0
3.83333333333333304e+00 5.00000000000000000e-01 0
3.91666666666666652e+00 5.00000000000000000e-01 0
4.00000000000000000e+00 5.00000000000000000e-01 0
0.00000000000000000e+00 5.93860402043242530e-01 0
8.33333333333333287e-02 5.93860402043242530e-01 0
1.66666666666666657e-01 5.93860402043242530e-01 0
2.50000000000000000e-01 5.93860402043242530e-01 0
3.33333333333333315e-01 5.93860402043242530e-01 0
4.16666666666666630e-01 5.93860402043242530e-01 0
5.00000000000000000e-01 5.93860402043242530e-01 0
5.83333333333333259e-01 5.93860402043242530e-01 0
6.66666666666666630e-01 5.93860402043242530e-01 0
7.50000000000000000e-01 5.93860402043242530e-01 0
8.33333333333333259e-01 5.93860402043242530e-01 0
9.16666666666666630e-01 5.93860402043242530e-01 0
1.00000000000000000e+00 5.93860402043242530e-01 0
1.08333333333333326e+00 5.93860402043242530e-01 0
1.16666666666666652e+00 5.93860402043242530e-01 0
1.25000000000000000e+00 5.93860402043242530e-01 0
1.33333333333333326e+00 5.93860402043242530e-01 0
1.41666666666666652e+00 5.93860402043242530e-01 0
1.50000000000000000e+00 5.93860402043242530e-01 0
1.58333333333333326e+00 5.93860402043242530e-01 0
1.66666666666666652e+00 5.93860402043242530e-01 0
1.75000000000000000e+00 5.93860402043242530e-01 0
1.83333333333333326e+00 5.93860402043242530e-01 0
1.91666666666666652e+00 5.93860402043242530e-01 0
2.00000000000000000e+00 5.93860402043242530e-01 0
2.08333333333333304e+00 5.93860402043242530e-01 0
2.16666666666666652e+00 5.93860402043242530e-01 0
2.25000000000000000e+00 5.93860402043242530e-01 0
2.33333333333333304e+00 5.93860402043242530e-01 0
2.41666666666666652e+00 5.93860402043242530e-01 0
2.50000000000000000e+00 5.93860402043242530e-01 0
2.58333333333333304e+00 5.93860402043242530e-01 0
2.66666666666666652e+00 5.93860402043242530e-01 0
2.75000000000000000e+00 5.93860402043242530e-01 0
2.83333333333333304e+00 5.93860402043242530e-01 0
2.91666666666666652e+00 5.93860402043242530e-01 0
3.00000000000000000e+00 5.93860402043242530e-01 0
3.08333333333333304e+00 5.93860402043242530e-01 0
3.16666666666666652e+00 5.93860402043242530e-01 0
3.25000000000000000e+00 5.93860402043242530e-01 0
3.33333333333333304e+00 5.93860402043242530e-01 0
3.41666666666666652e+00 5.93860402043242530e-01 0
3.50000000000000000e+00 5.93860402043242530e-01 0
3.58333333333333304e+00 5.93860402043242530e-01 0
3.66666666666666652e+00 5.93860402043242530e-01 0
3.75000000000000000e+00 5.93860402043242530e-01 0
3.83333333333333304e+00 5.93860402043242530e-01 0
3.91666666666666652e+00 5.93860402043242530e-01 0
4.00000000000000000e+00 5.93860402043242530e-01 0
0.00000000000000000e+00 6.72077403745944602e-01 0
8.33333333333333287e-02 6.72077403745944602e-01 0
1.66666666666666657e-01 6.72077403745944602e-01 0
2.50000000000000000e-01 6.72077403745944602e-01 0
3.33333333333333315e-01 6.72077403745944602e-01 0
4.16666666666666630e-01 6.72077403745944602e-01 0
5.00000000000000000e-01 6.72077403745944602e-01 0
5.83333333333333259e-01 6.72077403745944602e-01 0
6.66666666666666630e-01 6.72077403745944602e-01 0
7.50000000000000000e-01 6.72077403745944602e-01 0
8.33333333333333259e-01 6.72077403745944602e-01 0
9.16666666666666630e-01 6.72077403745944602e-01 0
1.00000000000000000e+00 6.72077403745944602e-01 0
1.08333333333333326e+00 6.72077403745944602e-01 0
1.16666666666666652e+00 6.72077403745944602e-01 0
1.25000000000000000e+00 6.72077403745944602e-01 0
1.33333333333333326e+00 6.72077403745944602e-01 0
1.41666666666666652e+00 6.72077403745944602e-01 0
1.50000000000000000e+00 6.72077403745944602e-01 0
1.58333333333333326e+00 6.72077403745944602e-01 0
1.66666666666666652e+00 6.72077403745944602e-01 0
1.75000000000000000e+00 6.72077403745944602e-01 0
1.83333333333333326e+00 6.72077403745944602e-01 0
1.91666666666666652e+00 6.72077403745944602e-01 0
2.00000000000000000e+00 6.72077403745944602e-01 0
2.08333333333333304e+00 6.72077403745944602e-01 0
2.16666666666666652e+00 6.72077403745944602e-01 0
2.25000000000000000e+00 6.72077403745944602e-01 0
2.33333333333333304e+00 6.72077403745944602e-01 0
2.41666666666666652e+00 6.72077403745944602e-01 0
2.50000000000000000e+00 6.72077403745944602e-01 0
2.58333333333333304e+00 6.72077403745944602e-01 0
2.66666666666666652e+00 6.72077403745944602e-01 0
2.75000000000000000e+00 6.72077403745944602e-01 0
2.83333333333333304e+00 6.72077403745944602e-01 0
2.91666666666666652e+00 6.72077403745944602e-01 0
3.00000000000000000e+00 6.72077403745944602e-01 0
3.08333333333333304e+00 6.72077403745944602e-01 0
3.16666666666666652e+00 6.72077403745944602e-01 0
3.25000000000000000e+00 6.72077403745944602e-01 0
3.33333333333333304e+00 6.72077403745944602e-01 0
3.41666666666666652e+00 6.72077403745944602e-01 0
3.50000000000000000e+00 6.72077403745944602e-01 0
3.58333333333333304e+00 6.72077403745944602e-01 0
3.66666666666666652e+00 6.72077403745944602e-01 0
3.75000000000000000e+00 6.72077403745944602e-01 0
3.83333333333333304e+00 6.72077403745944602e-01 0
3.91666666666666652e+00 6.72077403745944602e-01 0
4.00000000000000000e+00 6.72077403745944602e-01 0
0.00000000000000000e+00 7.37258238498196272e-01 0
8.33333333333333287e-02 7.37258238498196272e-01 0
1.66666666666666657e-01 7.37258238498196272e-01 0
2.50000000000000000e-01 7.37258238498196272e-01 0
3.33333333333333315e-01 7.37258238498196272e-01 0
4.16666666666666630e-01 7.37258238498196272e-01 0
5.00000000000000000e-01 7.37258238498196272e-01 0
5.83333333333333259e-01 7.37258238498196272e-01 0
6.66666666666666630e-01 7.37258238498196272e-01 0
7.50000000000000000e-01 7.37258238498196272e-01 0
8.33333333333333259e-01 7.37258238498196272e-01 0
9.16666666666666630e-01 7.37258238498196272e-01 0
1.00000000000000000e+00 7.37258238498196272e-01 0
1.08333333333333326e+00 7.37258238498196272e-01 0
1.16666666666666652e+00 7.37258238498196272e-01 0
1.25000000000000000e+00 7.37258238498196272e-01 0
1.33333333333333326e+00 7.37258238498196272e-01 0
1.41666666666666652e+00 7.37258238498196272e-01 0
1.50000000000000000e+00 7.37258238498196272e-01 0
1.58333333333333326e+00 7.37258238498196272e-01 0
1.66666666666666652e+00 7.37258238498196272e-01 0
1.75000000000000000e+00 7.37258238498196272e-01 0
1.83333333333333326e+00 7.37258238498196272e-01 0
1.91666666666666652e+00 7.37258238498196272e-01 0
2.00000000000000000e+00 7.37258238498196272e-01 0
2.08333333333333304e+00 7.37258238498196272e-01 0
2.16666666666666652e+00 7.37258238498196272e-01 0
2.25000000000000000e+00 7.37258238498196272e-01 0
2.33333333333333304e+00 7.37258238498196272e-01 0
2.41666666666666652e+00 7.37258238498196272e-01 0
2.50000000000000000e+00 7.37258238498196272e-01 0
2.58333333333333304e+00 7.37258238498196272e-01 0
2.66666666666666652e+00 7.37258238498196272e-01 0
2.75000000000000000e+00 7.37258238498196272e-01 0
2.83333333333333304e+00 7.37258238498196272e-01 0
2.91666666666666652e+00 7.37258238498196272e-01 0
3.00000000000000000e+00 7.37258238498196272e-01 0
3.08333333333333304e+00 7.37258238498196272e-01 0
3.16666666666666652e+00 7.37258238498196272e-01 0
3.25000000000000000e+00 7.37258238498196272e-01 0
3.33333333333333304e+00 7.37258238498196272e-01 0
3.41666666666666652e+00 7.37258238498196272e-01 0
3.50000000000000000e+00 7.37258238498196272e-01 0
3.58333333333333304e+00 7.37258238498196272e-01 0
3.66666666666666652e+00 7.37258238498196272e-01 0
3.75000000000000000e+00 7.37258238498196272e-01 0
3.83333333333333304e+00 7.37258238498196272e-01 0
3.91666666666666652e+00 7.37258238498196272e-01 0
4.00000000000000000e+00 7.37258238498196272e-01 0
0.00000000000000000e+00 7.91575600791739276e-01 0
8.33333333333333287e-02 7.91575600791739276e-01 0
1.66666666666666657e-01 7.91575600791739276e-01 0
2.50000000000000000e-01 7.91575600791739276e-01 0
3.33333333333333315e-01 7.91575600791739276e-01 0
4.16666666666666630e-01 7.91575600791739276e-01 0
5.00000000000000000e-01 7.91575600791739276e-01 0
5.83333333333333259e-01 7.91575600791739276e-01 0
6.66666666666666630e-01 7.91575600791739276e-01 0
7.50000000000000000e-01 7.91575600791739276e-01 0
8.33333333333333259e-01 7.91575600791739276e-01 0
9.16666666666666630e-01 7.91575600791739276e-01 0
1.00000000000000000e+00 7.91575600791739276e-01 0
1.08333333333333326e+00 7.91575600791739276e-01 0
1.16666666666666652e+00 7.91575600791739276e-01 0
1.25000000000000000e+00 7.91575600791739276e-01 0
1.33333333333333326e+00 7.91575600791739276e-01 0
1.41666666666666652e+00 7.91575600791739276e-01 0
1.50000000000000000e+00 7.91575600791739276e-01 0
1.58333333333333326e+00 7.91575600791739276e-01 0
1.66666666666666652e+00 7.91575600791739276e-01 0
1.75000000000000000e+00 7.91575600791739276e-01 0
1.83333333333333326e+00 7.91575600791739276e-01 0
1.91666666666666652e+00 7.91575600791739276e-01 0
2.00000000000000000e+00 7.91575600791739276e-01 0
2.08333333333333304e+00 7.91575600791739276e-01 0
2.16666666666666652e+00 7.91575600791739276e-01 0
2.25000000000000000e+00 7.91575600791739276e-01 0
2.33333333333333304e+00 7.91575600791739276e-01 0
2.41666666666666652e+00 7.91575600791739276e-01 0
2.50000000000000000e+00 7.91575600791739276e-01 0
2.58333333333333304e+00 7.91575600791739276e-01 0
2.66666666666666652e+00 7.91575600791739276e-01 0
2.75000000000000000e+00 7.91575600791739276e-01 0
2.83333333333333304e+00 7.91575600791739276e-01 0
2.91666666666666652e+00 7.91575600791739276e-01 0
3.00000000000000000e+00 7.91575600791739276e-01 0
3.08333333333333304e+00 7.91575600791739276e-01 0
3.16666666666666652e+00 7.91575600791739276e-01 0
3.25000000000000000e+00 7.91575600791739276e-01 0
3.33333333333333304e+00 7.91575600791739276e-01 0
3.41666666666666652e+00 7.91575600791739276e-01 0
3.50000000000000000e+00 7.91575600791739276e-01 0
3.58333333333333304e+00 7.91575600791739276e-01 0
3.66666666666666652e+00 7.91575600791739276e-01 0
3.75000000000000000e+00 7.91575600791739276e-01 0
3.83333333333333304e+00 7.91575600791739276e-01 0
3.91666666666666652e+00 7.91575600791739276e-01 0
4.00000000000000000e+00 7.91575600791739276e-01 0
0.00000000000000000e+00 8.36840069369691908e-01 0
8.33333333333333287e-02 8.36840069369691908e-01 0
1.66666666666666657e-01 8.36840069369691908e-01 0
2.50000000000000000e-01 8.36840069369691908e-01 0
3.33333333333333315e-01 8.36840069369691908e-01 0
4.16666666666666630e-01 8.36840069369691908e-01 0
5.00000000000000000e-01 8.36840069369691908e-01 0
5.83333333333333259e-01 8.36840069369691908e-01 0
6.66666666666666630e-01 8.36840069369691908e-01 0
7.50000000000000000e-01 8.36840069369691908e-01 0
8.33333333333333259e-01 8.36840069369691908e-01 0
9.16666666666666630e-01 8.36840069369691908e-01 0
1.00000000000000000e+00 8.36840069369691908e-01 0
1.08333333333333326e+00 8.36840069369691908e-01 0
1.16666666666666652e+00 8.36840069369691908e-01 0
1.25000000000000000e+00 8.36840069369691908e-01 0
1.33333333333333326e+00 8.36840069369691908e-01 0
1.41666666666666652e+00 8.36840069369691908e-01 0
1.50000000000000000e+00 8.36840069369691908e-01 0
1.58333333333333326e+00 8.36840069369691908e-01 0
1.66666666666666652e+00 8.36840069369691908e-01 0
1.75000000000000000e+00 8.36840069369691908e-01 0
1.83333333333333326e+00 8.36840069369691908e-01 0
1.91666666666666652e+00 8.36840069369691908e-01 0
2.00000000000000000e+00 8.36840069369691908e-01 0
2.08333333333333304e+00 8.36840069369691908e-01 0
2.16666666666666652e+00 8.36840069369691908e-01 0
2.25000000000000000e+00 8.36840069369691908e-01 0
2.33333333333333304e+00 8.36840069369691908e-01 0
2.41666666666666652e+00 8.36840069369691908e-01 0
2.50000000000000000e+00 8.36840069369691908e-01 0
2.58333333333333304e+00 8.36840069369691908e-01 0
2.66666666666666652e+00 8.36840069369691908e-01 0
2.75000000000000000e+00 8.36840069369691908e-01 0
2.83333333333333304e+00 8.36840069369691908e-01 0
2.91666666666666652e+00 8.36840069369691908e-01 0
3.00000000000000000e+00 8.36840069369691908e-01 0
3.08333333333333304e+00 8.36840069369691908e-01 0
3.16666666666666652e+00 8.36840069369691908e-01 0
3.25000000000000000e+00 8.36840069369691908e-01 0
3.33333333333333304e+00 8.36840069369691908e-01 0
3.41666666666666652e+00 8.36840069369691908e-01 0
3.50000000000000000e+00 8.36840069369691908e-01 0
3.58333333333333304e+00 8.36840069369691908e-01 0
3.66666666666666652e+00 8.36840069369691908e-01 0
3.75000000000000000e+00 8.36840069369691908e-01 0
3.83333333333333304e+00 8.36840069369691908e-01 0
3.91666666666666652e+00 8.36840069369691908e-01 0
4.00000000000000000e+00 8.36840069369691908e-01 0
0.00000000000000000e+00 8.74560459851319028e-01 0
8.33333333333333287e-02 8.74560459851319028e-01 0
1.66666666666666657e-01 8.74560459851319028e-01 0
2.50000000000000000e-01 8.74560459851319028e-01 0
3.33333333333333315e-01 8.74560459851319028e-01 0
4.16666666666666630e-01 8.74560459851319028e-01 0
5.00000000000000000e-01 8.74560459851319028e-01 0
5.83333333333333259e-01 8.74560459851319028e-01 0
6.66666666666666630e-01 8.74560459851319028e-01 0
7.50000000000000000e-01 8.74560459851319028e-01 0
8.33333333333333259e-01 8.74560459851319028e-01 0
9.16666666666666630e-01 8.74560459851319028e-01 0
1.00000000000000000e+00 8.74560459851319028e-01 0
1.08333333333333326e+00 8.74560459851319028e-01 0
1.16666666666666652e+00 8.74560459851319028e-01 0
1.25000000000000000e+00 8.74560459851319028e-01 0
1.33333333333333326e+00 8.74560459851319028e-01 0
1.41666666666666652e+00 8.74560459851319028e-01 0
1.50000000000000000e+00 8.74560459851319028e-01 0
1.58333333333333326e+00 8.74560459851319028e-01 0
1.66666666666666652e+00 8.74560459851319028e-01 0
1.75000000000000000e+00 8.74560459851319028e-01 0
1.83333333333333326e+00 8.74560459851319028e-01 0
1.91666666666666652e+00 8.74560459851319028e-01 0
2.00000000000000000e+00 8.74560459851319028e-01 0
2.08333333333333304e+00 8.74560459851319028e-01 0
2.16666666666666652e+00 8.74560459851319028e-01 0
2.25000000000000000e+00 8.74560459851319028e-01 0
2.33333333333333304e+00 8.74560459851319028e-01 0
2.41666666666666652e+00 8.74560459851319028e-01 0
2.50000000000000000e+00 8.74560459851319028e-01 0
2.58333333333333304e+00 8.74560459851319028e-01 0
2.66666666666666652e+00 8.74560459851319028e-01 0
2.75000000000000000e+00 8.74560459851319028e-01 0
2.83333333333333304e+00 8.74560459851319028e-01 0
2.91666666666666652e+00 8.74560459851319028e-01 0
3.00000000000000000e+00 8.74560459851319028e-01 0
3.08333333333333304e+00 8.74560459851319028e-01 0
3.16666666666666652e+00 8.74560459851319028e-01 0
3.25000000000000000e+00 8.74560459851319028e-01 0
3.33333333333333304e+00 8.74560459851319028e-01 0
3.41666666666666652e+00 8.74560459851319028e-01 0
3.50000000000000000e+00 8.74560459851319028e-01 0
3.58333333333333304e+00 8.74560459851319028e-01 0
3.66666666666666652e+00 8.74560459851319028e-01 0
3.75000000000000000e+00 8.74560459851319028e-01 0
3.83333333333333304e+00 8.74560459851319028e-01 0
3.91666666666666652e+00 8.74560459851319028e-01 0
4.00000000000000000e+00 8.74560459851319028e-01 0
0.00000000000000000e+00 9.05994118586008312e-01 0
8.33333333333333287e-02 9.05994118586008312e-01 0
1.66666666666666657e-01 9.05994118586008312e-01 0
2.50000000000000000e-01 9.05994118586008312e-01 0
3.33333333333333315e-01 9.05994118586008312e-01 0
4.16666666666666630e-01 9.05994118586008312e-01 0
5.00000000000000000e-01 9.05994118586008312e-01 0
5.83333333333333259e-01 9.05994118586008312e-01 0
6.66666666666666630e-01 9.05994118586008312e-01 0
7.50000000000000000e-01 9.05994118586008312e-01 0
8.33333333333333259e-01 9.05994118586008312e-01 0
9.16666666666666630e-01 9.05994118586008312e-01 0
1.00000000000000000e+00 9.05994118586008312e-01 0
1.08333333333333326e+00 9.05994118586008312e-01 0
1.16666666666666652e+00 9.05994118586008312e-01 0
1.25000000000000000e+00 9.05994118586008312e-01 0
1.33333333333333326e+00 9.05994118586008312e-01 0
1.41666666666666652e+00 9.05994118586008312e-01 0
1.50000000000000000e+00 9.05994118586008312e-01 0
1.58333333333333326e+00 9.05994118586008312e-01 0
1.66666666666666652e+00 9.05994118586008312e-01 0
1.75000000000000000e+00 9.05994118586008312e-01 0
1.83333333333333326e+00 9.05994118586008312e-01 0
1.91666666666666652e+00 9.05994118586008312e-01 0
2.00000000000000000e+00 9.05994118586008312e-01 0
2.08333333333333304e+00 9.05994118586008312e-01 0
2.16666666666666652e+00 9.05994118586008312e-01 0
2.25000000000000000e+00 9.05994118586008312e-01 0
2.33333333333333304e+00 9.05994118586008312e-01 0
2.41666666666666652e+00 9.05994118586008312e-01 0
2.50000000000000000e+00 9.05994118586008312e-01 0
2.58333333333333304e+00 9.05994118586008312e-01 0
2.66666666666666652e+00 9.05994118586008312e-01 0
2.75000000000000000e+00 9.05994118586008312e-01 0
2.83333333333333304e+00 9.05994118586008312e-01 0
2.91666666666666652e+00 9.05994118586008312e-01 0
3.00000000000000000e+00 9.05994118586008312e-01 0
3.08333333333333304e+00 9.05994118586008312e-01 0
3.16666666666666652e+00 9.05994118586008312e-01 0
3.25000000000000000e+00 9.05994118586008312e-01 0
3.33333333333333304e+00 9.05994118586008312e-01 0
3.41666666666666652e+00 9.05994118586008312e-01 0
3.50000000000000000e+00 9.05994118586008312e-01 0
3.58333333333333304e+00 9.05994118586008312e-01 0
3.66666666666666652e+00 9.05994118586008312e-01 0
3.75000000000000000e+00 9.05994118586008312e-01 0
3.83333333333333304e+00 9.05994118586008312e-01 0
3.91666666666666652e+00 9.05994118586008312e-01 0
4.00000000000000000e+00 9.05994118586008312e-01 0
0.00000000000000000e+00 9.32188834198249383e-01 0
8.33333333333333287e-02 9.32188834198249383e-01 0
1.66666666666666657e-01 9.32188834198249383e-01 0
2.50000000000000000e-01 9.32188834198249383e-01 0
3.33333333333333315e-01 9.32188834198249383e-01 0
4.16666666666666630e-01 9.32188834198249383e-01 0
5.00000000000000000e-01 9.32188834198249383e-01 0
5.83333333333333259e-01 9.32188834198249383e-01 0
6.66666666666666630e-01 9.32188834198249383e-01 0
7.50000000000000000e-01 9.32188834198249383e-01 0
8.33333333333333259e-01 9.32188834198249383e-01 0
9.16666666666666630e-01 9.32188834198249383e-01 0
1.00000000000000000e+00 9.32188834198249383e-01 0
1.08333333333333326e+00 9.32188834198249383e-01 0
1.16666666666666652e+00 9.32188834198249383e-01 0
1.25000000000000000e+00 9.32188834198249383e-01 0
1.33333333333333326e+00 9.32188834198249383e-01 0
1.41666666666666652e+00 9.32188834198249383e-01 0
1.50000000000000000e+00 9.32188834198249383e-01 0
1.58333333333333326e+00 9.32188834198249383e-01 0
1.66666666666666652e+00 9.32188834198249383e-01 0
1.75000000000000000e+00 9.32188834198249383e-01 0
1.83333333333333326e+00 9.32188834198249383e-01 0
1.91666666666666652e+00 9.32188834198249383e-01 0
2.00000000000000000e+00 9.32188834198249383e-01 0
2.08333333333333304e+00 9.32188834198249383e-01 0
2.16666666666666652e+00 9.32188834198249383e-01 0
2.25000000000000000e+00 9.32188834198249383e-01 0
2.33333333333333304e+00 9.32188834198249383e-01 0
2.41666666666666652e+00 9.32188834198249383e-01 0
2.50000000000000000e+00 9.32188834198249383e-01 0
2.58333333333333304e+00 9.32188834198249383e-01 0
2.66666666666666652e+00 9.32188834198249383e-01 0
2.75000000000000000e+00 9.32188834198249383e-01 0
2.83333333333333304e+00 9.32188834198249383e-01 0
2.91666666666666652e+00 9.32188834198249383e-01 0
3.00000000000000000e+00 9.32188834198249383e-01 0
3.08333333333333304e+00 9.32188834198249383e-01 0
3.16666666666666652e+00 9.32188834198249383e-01 0
3.25000000000000000e+00 9.32188834198249383e-01 0
3.33333333333333304e+00 9.32188834198249383e-01 0
3.41666666666666652e+00 9.32188834198249383e-01 0
3.50000000000000000e+00 9.32188834198249383e-01 0
3.58333333333333304e+00 9.32188834198249383e-01 0
3.66666666666666652e+00 9.32188834198249383e-01 0
3.75000000000000000e+00 9.32188834198249383e-01 0
3.83333333333333304e+00 9.32188834198249383e-01 0
3.91666666666666652e+00 9.32188834198249383e-01 0
4.00000000000000000e+00 9.32188834198249383e-01 0
0.00000000000000000e+00 9.54017763875116942e-01 0
8.33333333333333287e-02 9.54017763875116942e-01 0
1.66666666666666657e-01 9.54017763875116942e-01 0
2.50000000000000000e-01 9.54017763875116942e-01 0
3.33333333333333315e-01 9.54017763875116942e-01 0
4.16666666666666630e-01 9.54017763875116942e-01 0
5.00000000000000000e-01 9.54017763875116942e-01 0
5.83333333333333259e-01 9.54017763875116942e-01 0
6.66666666666666630e-01 9.54017763875116942e-01 0
7.50000000000000000e-01 9.54017763875116942e-01 0
8.33333333333333259e-01 9.54017763875116942e-01 0
9.16666666666666630e-01 9.54017763875116942e-01 0
1.00000000000000000e+00 9.54017763875116942e-01 0
1.08333333333333326e+00 9.54017763875116942e-01 0
1.16666666666666652e+00 9.54017763875116942e-01 0
1.25000000000000000e+00 9.54017763875116942e-01 0
1.33333333333333326e+00 9.54017763875116942e-01 0
1.41666666666666652e+00 9.54017763875116942e-01 0
1.50000000000000000e+00 9.54017763875116942e-01 0
1.58333333333333326e+00 9.54017763875116942e-01 0
1.66666666666666652e+00 9.54017763875116942e-01 0
1.75000000000000000e+00 9.54017763875116942e-01 0
1.83333333333333326e+00 9.54017763875116942e-01 0
1.91666666666666652e+00 9.54017763875116942e-01 0
2.00000000000000000e+00 9.54017763875116942e-01 0
2.08333333333333304e+00 9.54017763875116942e-01 0
2.16666666666666652e+00 9.54017763875116942e-01 0
2.25000000000000000e+00 9.54017763875116942e-01 0
2.33333333333333304e+00 9.54017763875116942e-01 0
2.41666666666666652e+00 9.54017763875116942e-01 0
2.50000000000000000e+00 9.54017763875116942e-01 0
2.58333333333333304e+00 9.54017763875116942e-01 0
2.66666666666666652e+00 9.54017763875116942e-01 0
2.75000000000000000e+00 9.54017763875116942e-01 0
2.83333333333333304e+00 9.54017763875116942e-01 0
2.91666666666666652e+00 9.54017763875116942e-01 0
3.00000000000000000e+00 9.54017763875116942e-01 0
3.08333333333333304e+00 9.54017763875116942e-01 0
3.16666666666666652e+00 9.54017763875116942e-01 0
3.25000000000000000e+00 9.54017763875116942e-01 0
3.33333333333333304e+00 9.54017763875116942e-01 0
3.41666666666666652e+00 9.54017763875116942e-01 0
3.50000000000000000e+00 9.54017763875116942e-01 0
3.58333333333333304e+00 9.54017763875116942e-01 0
3.66666666666666652e+00 9.54017763875116942e-01 0
3.75000000000000000e+00 9.54017763875116942e-01 0
3.83333333333333304e+00 9.54017763875116942e-01 0
3.91666666666666652e+00 9.54017763875116942e-01 0
4.00000000000000000e+00 9.54017763875116942e-01 0
0.00000000000000000e+00 9.72208538605839889e-01 0
8.33333333333333287e-02 9.72208538605839889e-01 0
1.66666666666666657e-01 9.72208538605839889e-01 0
2.50000000000000000e-01 9.72208538605839889e-01 0
3.33333333333333315e-01 9.72208538605839889e-01 0
4.16666666666666630e-01 9.72208538605839889e-01 0
5.00000000000000000e-01 9.72208538605839889e-01 0
5.83333333333333259e-01 9.72208538605839889e-01 0
6.66666666666666630e-01 9.72208538605839889e-01 0
7.50000000000000000e-01 9.72208538605839889e-01 0
8.33333333333333259e-01 9.72208538605839889e-01 0
9.16666666666666630e-01 9.72208538605839889e-01 0
1.00000000000000000e+00 9.72208538605839889e-01 0
1.08333333333333326e+00 9.72208538605839889e-01 0
1.16666666666666652e+00 9.72208538605839889e-01 0
1.25000000000000000e+00 9.72208538605839889e-01 0
1.33333333333333326e+00 9.72208538605839889e-01 0
1.41666666666666652e+00 9.72208538605839889e-01 0
1.50000000000000000e+00 9.72208538605839889e-01 0
1.58333333333333326e+00 9.72208538605839889e-01 0
1.66666666666666652e+00 9.72208538605839889e-01 0
1.75000000000000000e+00 9.72208538605839889e-01 0
1.83333333333333326e+00 9.72208538605839889e-01 0
1.91666666666666652e+00 9.72208538605839889e-01 0
2.00000000000000000e+00 9.72208538605839889e-01 0
2.08333333333333304e+00 9.72208538605839889e-01 0
2.16666666666666652e+00 9.72208538605839889e-01 0
2.25000000000000000e+00 9.72208538605839889e-01 0
2.33333333333333304e+00 9.72208538605839889e-01 0
2.41666666666666652e+00 9.72208538605839889e-01 0
2.50000000000000000e+00 9.72208538605839889e-01 0
2.58333333333333304e+00 9.72208538605839889e-01 0
2.66666666666666652e+00 9.72208538605839889e-01 0
2.75000000000000000e+00 9.72208538605839889e-01 0
2.83333333333333304e+00 9.72208538605839889e-01 0
2.91666666666666652e+00 9.72208538605839889e-01 0
3.00000000000000000e+00 9.72208538605839889e-01 0
3.08333333333333304e+00 9.72208538605839889e-01 0
3.16666666666666652e+00 9.72208538605839889e-01 0
3.25000000000000000e+00 9.72208538605839889e-01 0
3.33333333333333304e+00 9.72208538605839889e-01 0
3.41666666666666652e+00 9.72208538605839889e-01 0
3.50000000000000000e+00 9.72208538605839889e-01 0
3.58333333333333304e+00 9.72208538605839889e-01 0
3.66666666666666652e+00 9.72208538605839889e-01 0
3.75000000000000000e+00 9.72208538605839889e-01 0
3.83333333333333304e+00 9.72208538605839889e-01 0
3.91666666666666652e+00 9.72208538605839889e-01 0
4.00000000000000000e+00 9.72208538605839889e-01 0
0.00000000000000000e+00 9.87367517548109030e-01 0
8.33333333333333287e-02 9.87367517548109030e-01 0
1.66666666666666657e-01 9.87367517548109030e-01 0
2.50000000000000000e-01 9.87367517548109030e-01 0
3.33333333333333315e-01 9.87367517548109030e-01 0
4.16666666666666630e-01 9.87367517548109030e-01 0
5.00000000000000000e-01 9.87367517548109030e-01 0
5.83333333333333259e-01 9.87367517548109030e-01 0
6.66666666666666630e-01 9.87367517548109030e-01 0
7.50000000000000000e-01 9.87367517548109030e-01 0
8.33333333333333259e-01 9.87367517548109030e-01 0
9.16666666666666630e-01 9.87367517548109030e-01 0
1.00000000000000000e+00 9.87367517548109030e-01 0
1.08333333333333326e+00 9.87367517548109030e-01 0
1.16666666666666652e+00 9.87367517548109030e-01 0
1.25000000000000000e+00 9.87367517548109030e-01 0
1.33333333333333326e+00 9.87367517548109030e-01 0
1.41666666666666652e+00 9.87367517548109030e-01 0
1.50000000000000000e+00 9.87367517548109030e-01 0
1.58333333333333326e+00 9.87367517548109030e-01 0
1.66666666666666652e+00 9.87367517548109030e-01 0
1.75000000000000000e+00 9.87367517548109030e-01 0
1.83333333333333326e+00 9.87367517548109030e-01 0
1.91666666666666652e+00 9.87367517548109030e-01 0
2.00000000000000000e+00 9.87367517548109030e-01 0
2.08333333333333304e+00 9.87367517548109030e-01 0
2.16666666666666652e+00 9.87367517548109030e-01 0
2.25000000000000000e+00 9.87367517548109030e-01 0
2.33333333333333304e+00 9.87367517548109030e-01 0
2.41666666666666652e+00 9.87367517548109030e-01 0
2.50000000000000000e+00 9.87367517548109030e-01 0
2.58333333333333304e+00 9.87367517548109030e-01 0
2.66666666666666652e+00 9.87367517548109030e-01 0
2.75000000000000000e+00 9.87367517548109030e-01 0
2.83333333333333304e+00 9.87367517548109030e-01 0
2.91666666666666652e+00 9.87367517548109030e-01 0
3.00000000000000000e+00 9.87367517548109030e-01 0
3.08333333333333304e+00 9.87367517548109030e-01 0
3.16666666666666652e+00 9.87367517548109030e-01 0
3.25000000000000000e+00 9.87367517548109030e-01 0
3.33333333333333304e+00 9.87367517548109030e-01 0
3.41666666666666652e+00 9.87367517548109030e-01 0
3.50000000000000000e+00 9.87367517548109030e-01 0
3.58333333333333304e+00 9.87367517548109030e-01 0
3.66666666666666652e+00 9.87367517548109030e-01 0
3.75000000000000000e+00 9.87367517548109030e-01 0
3.83333333333333304e+00 9.87367517548109030e-01 0
3.91666666666666652e+00 9.87367517548109030e-01 0
4.00000000000000000e+00 9.87367517548109030e-01 0
0.00000000000000000e+00 1.00000000000000000e+00 0
8.33333333333333287e-02 1.00000000000000000e+00 0
1.66666666666666657e-01 1.00000000000000000e+00 0
2.50000000000000000e-01 1.00000000000000000e+00 0
3.33333333333333315e-01 1.00000000000000000e+00 0
4.16666666666666630e-01 1.00000000000000000e+00 0
5.00000000000000000e-01 1.00000000000000000e+00 0
5.83333333333333259e-01 1.00000000000000000e+00 0
6.66666666666666630e-01 1.00000000000000000e+00 0
7.50000000000000000e-01 1.00000000000000000e+00 0
8.33333333333333259e-01 1.00000000000000000e+00 0
9.16666666666666630e-01 1.00000000000000000e+00 0
1.00000000000000000e+00 1.00000000000000000e+00 0
1.08333333333333326e+00 1.00000000000000000e+00 0
1.16666666666666652e+00 1.00000000000000000e+00 0
1.25000000000000000e+00 1.00000000000000000e+00 0
1.33333333333333326e+00 1.00000000000000000e+00 0
1.41666666666666652e+00 1.00000000000000000e+00 0
1.50000000000000000e+00 1.00000000000000000e+00 0
1.58333333333333326e+00 1.00000000000000000e+00 0
1.66666666666666652e+00 1.00000000000000000e+00 0
1.75000000000000000e+00 1.00000000000000000e+00 0
1.83333333333333326e+00 1.00000000000000000e+00 0
1.91666666666666652e+00 1.00000000000000000e+00 0
2.00000000000000000e+00 1.00000000000000000e+00 0
2.08333333333333304e+00 1.00000000000000000e+00 0
2.16666666666666652e+00 1.00000000000000000e+00 0
2.25000000000000000e+00 1.00000000000000000e+00 0
2.33333333333333304e+00 1.00000000000000000e+00 0
2.41666666666666652e+00 1.00000000000000000e+00 0
2.50000000000000000e+00 1.00000000000000000e+00 0
2.58333333333333304e+00 1.00000000000000000e+00 0
2.66666666666666652e+00 1.00000000000000000e+00 0
2.75000000000000000e+00 1.00000000000000000e+00 0
2.83333333333333304e+00 1.00000000000000000e+00 0
2.91666666666666652e+00 1.00000000000000000e+00 0
3.00000000000000000e+00 1.00000000000000000e+00 0
3.08333333333333304e+00 1.00000000000000000e+00 0
3.16666666666666652e+00 1.00000000000000000e+00 0
3.25000000000000000e+00 1.00000000000000000e+00 0
3.33333333333333304e+00 1.00000000000000000e+00 0
3.41666666666666652e+00 1.00000000000000000e+00 0
3.50000000000000000e+00 1.00000000000000000e+00 0
3.58333333333333304e+00 1.00000000000000000e+00 0
3.66666666666666652e+00 1.00000000000000000e+00 0
3.75000000000000000e+00 1.00000000000000000e+00 0
3.83333333333333304e+00 1.00000000000000000e+00 0
3.91666666666666652e+00 1.00000000000000000e+00 0
4.00000000000000000e+00 1.00000000000000000e+00 0
CELLS 1152 5760
4 0 1 50 49
4 1 2 51 50
4 2 3 52 51
4 3 4 53 52
4 4 5 54 53
4 5 6 55 54
4 6 7 56 55
4 7 8 57 56
4 8 9 58 57
4 9 10 59 58
4 10 11 60 59
4 11 12 61 60
4 12 13 62 61
4 13 14 63 62
4 14 15 64 63
4 15 16 65 64
4 16 17 66 65
4 17 18 67 66
4 18 19 68 67
4 19 20 69 68
4 20 21 70 69
4 21 22 71 70
4 22 23 72 71
4 23 24 73 72
4 24 25 74 73
4 25 26 75 74
4 26 27 76 75
4 27 28 77 76
4 28 29 78 77
4 29 30 79 78
4 30 31 80 79
4 31 32 81 80
4 32 33 82 81
4 33 34 83 82
4 34 35 84 83
4 35 36 85 84
4 36 37 86 85
4 37 38 87 86
4 38 39 88 87
4 39 40 89 88
4 40 41 90 89
4 41 42 91 90
4 42 43 92 91
4 43 44 93 92
4 44 45 94 93
4 45 46 95 94
4 46 47 96 95
4 47 48 97 96
4 49 50 99 98
4 50 51 100 99
4 51 52 101 100
4 52 53 102 101
4 53 54 103 102
4 54 55 104 103
4 55 56 105 104
4 56 57 106 105
4 57 58 107 106
4 58 59 108 107
4 59 60 109 108
4 60 61 110 109
4 61 62 111 110
4 62 63 112 111
4 63 64 113 112
4 64 65 114 113
4 65 66 115 114
4 66 67 116 115
4 67 68 117 116
4 68 69 118 117
4 69 70 119 118
4 70 71 120 119
4 71 72 121 120
4 72 73 122 121
4 73 74 123 122
4 74 75 124 123
4 75 76 125 124
4 76 77 126 125
4 77 78 127 126
4 78 79 128 127
4 79 80 129 128
4 80 81 130 129
4 81 82 131 130
4 82 83 132 131
4 83 84 133 132
4 84 85 134 133
4 85 86 135 134
4 86 87 136 135
4 87 88 137 136
4 88 89 138 137
4 89 90 139 138
4 90 91 140 139
4 91 92 141 140
4 92 93 142 141
4 93 94 143 142
4 94 95 144 143
4 95 96 145 144
4 96 97 146 145
4 98 99 148 147
4 99 100 149 148
4 100 101 150 149
4 101 102 151 150
4 102 103 152 151
4 103 104 153 152
4 104 105 154 153
4 105 106 155 154
4 106 107 156 155
4 107 108 157 156
4 108 109 158 157
4 109 110 159 158
4 110 111 160 159
4 111 112 161 160
4 112 113 162 161
4 113 114 163 162
4 114 115 164 163
4 115 116 165 164
4 116 117 166 165
4 117 118 167 166
4 118 119 168 167
4 119 120 169 168
4 120 121 170 169
4 121 122 171 170
4 122 123 172 171
4 123 124 173 172
4 124 125 174 173
4 125 126 175 174
4 126 127 176 175
4 127 128 177 176
4 128 129 178 177
4 129 130 179 178
4 130 131 180 179
4 131 132 181 180
4 132 133 182 181
4 133 134 183 182
4 134 135 184 183
4 135 136 185 184
4 136 137 186 185
4 137 138 187 186
4 138 139 188 187
4 139 140 189 188
4 140 141 190 189
4 141 142 191 190
4 142 143 192 191
4 143 144 193 192
4 144 145 194 193
4 145 146 195 194
4 147 148 197 196
4 148 149 198 197
4 149 150 199 198
4 150 151 200 199
4 151 152 201 200
4 152 153 202 201
4 153 154 203 202
4 154 155 204 203
4 155 156 205 204
4 156 157 206 205
4 157 158 207 206
4 158 159 208 207
4 159 160 209 208
4 160 161 210 209
4 161 162 211 210
4 162 163 212 211
4 163 164 213 212
4 164 165 214 213
4 165 166 215 214
4 166 167 216 215
4 167 168 217 216
4 168 169 218 217
4 169 170 219 218
4 170 171 220 219
4 171 172 221 220
4 172 173 222 221
4 173 174 223 222
4 174 175 224 223
4 175 176 225 224
4 176 177 226 225
4 177 178 227 226
4 178 179 228 227
4 179 180 229 228
4 180 181 230 229
4 181 182 231 230
4 182 183 232 231
4 183 184 233 232
4 184 185 234 233
4 185 186 235 234
4 186 187 236 235
4 187 188 237 236
4 188 189 238 237
4 189 190 239 238
4 190 191 240 239
4 191 192 241 240
4 192 193 242 241
4 193 194 243 242
4 194 195 244 243
4 196 197 246 245
4 197 198 247 246
4 198 199 248 247
4 199 200 249 248
4 200 201 250 249
4 201 202 251 250
4 202 203 252 251
4 203 204 253 252
4 204 205 254 253
4 205 206 255 254
4 206 207 256 255
4 207 208 257 256
4 208 209 258 257
4 209 210 259 258
4 210 211 260 259
4 211 212 261 260
4 212 213 262 261
4 213 214 263 262
4 214 215 264 263
4 215 216 265 264
4 216 217 266 265
4 217 218 267 266
4 218 219 268 267
4 219 220 269 268
4 220 221 270 269
4 221 222 271 270
4 222 223 272 271
4 223 224 273 272
4 224 225 274 273
4 225 226 275 274
4 226 227 276 275
4 227 228 277 276
4 228 229 278 277
4 229 230 279 278
4 230 231 280 279
4 231 232 281 280
4 232 233 282 281
4 233 234 283 282
4 234 235 284 283
4 235 236 285 284
4 236 237 286 285
4 237 238 287 286
4 238 239 288 287
4 239 240 289 288
4 240 241 290 289
4 241 242 291 290
4 242 243 292 291
4 243 244 293 292
4 245 246 295 294
4 246 247 296 295
4 247 248 297 296
4 248 249 298 297
4 249 250 299 298
4 250 251 300 299
4 251 252 301 300
4 252 253 302 301
4 253 254 303 302
4 254 255 304 303
4 255 256 305 304
4 256 257 306 305
4 257 258 307 306
4 258 259 308 307
4 259 260 309 308
4 260 261 310 309
4 261 262 311 310
4 262 263 312 311
4 263 264 313 312
4 264 265 314 313
4 265 266 315 314
4 266 267 316 315
4 267 268 317 316
4 268 269 318 317
4 269 270 319 318
4 270 271 320 319
4 271 272 321 320
4 272 273 322 321
4 273 274 323 322
4 274 275 324 323
4 275 276 325 324
4 276 277 326 325
4 277 278 327 326
4 278 279 328 327
4 279 280 329 328
4 280 281 330 329
4 281 282 331 330
4 282 283 332 331
4 283 284 333 332
4 284 285 334 333
4 285 286 335 334
4 286 287 336 335
4 287 288 337 336
4 288 289 338 337
4 289 290 339 338
4 290 291 340 339
4 291 292 341 340
4 292 293 342 341
4 294 295 344 343
4 295 296 345 344
4 296 297 346 345
4 297 298 347 346
4 298 299 348 347
4 299 300 349 348
4 300 301 350 349
4 301 302 351 350
4 302 303 352 351
4 303 304 353 352
4 304 305 354 353
4 305 306 355 354
4 306 307 356 355
4 307 308 357 356
4 308 309 358 357
4 309 310 359 358
4 310 311 360 359
4 311 312 361 360
4 312 313 362 361
4 313 314 363 362
4 314 315 364 363
4 315 316 365 364
4 316 317 366 365
4 317 318 367 366
4 318 319 368 367
4 319 320 369 368
4 320 321 370 369
4 321 322 371 370
4 322 323 372 371
4 323 324 373 372
4 324 325 374 373
4 325 326 375 374
4 326 327 376 375
4 327 328 377 376
4 328 329 378 377
4 329 330 379 378
4 330 331 380 379
4 331 332 381 380
4 332 333 382 381
4 333 334 383 382
4 334 335 384 383
4 335 336 385 384
4 336 337 386 385
4 337 338 387 386
4 338 339 388 387
4 339 340 389 388
4 340 341 390 389
4 341 342 391 390
4 343 344 393 392
4 344 345 394 393
4 345 346 395 394
4 346 347 396 395
4 347 348 397 396
4 348 349 398 397
4 349 350 399 398
4 350 351 400 399
4 351 352 401 400
4 352 353 402 401
4 353 354 403 402
4 354 355 404 403
4 355 356 405 404
4 356 357 406 405
4 357 358 407 406
4 358 359 408 407
4 359 360 409 408
4 360 361 410 409
4 361 362 411 410
4 362 363 412 411
4 363 364 413 412
4 364 365 414 413
4 365 366 415 414
4 366 367 416 415
4 367 368 417 416
4 368 369 418 417
4 369 370 419 418
4 370 371 420 419
4 371 372 421 420
4 372 373 422 421
4 373 374 423 422
4 374 375 424 423
4 375 376 425 424
4 376 377 426 425
4 377 378 427 426
4 378 379 428 427
4 379 380 429 428
4 380 381 430 429
4 381 382 431 430
4 382 383 432 431
4 383 384 433 432
4 384 385 434 433
4 385 386 435 434
4 386 387 436 435
4 387 388 437 436
4 388 389 438 437
4 389 390 439 438
4 390 391 440 439
4 392 393 442 441
4 393 394 443 442
4 394 395 444 443
4 395 396 445 444
4 396 397 446 445
4 397 398 447 446
4 398 399 448 447
4 399 400 449 448
4 400 401 450 449
4 401 402 451 450
4 402 403 452 451
4 403 404 453 452
4 404 405 454 453
4 405 406 455 454
4 406 407 456 455
4 407 408 457 456
4 408 409 458 457
4 409 410 459 458
4 410 411 460 459
4 411 412 461 460
4 412 413 462 461
4 413 414 463 462
4 414 415 464 463
4 415 416 465 464
4 416 417 466 465
4 417 418 467 466
4 418 419 468 467
4 419 420 469 468
4 420 421 470 469
4 421 422 471 470
4 422 423 472 471
4 423 424 473 472
4 424 425 474 473
4 425 426 475 474
4 426 427 476 475
4 427 428 477 476
4 428 429 478 477
4 429 430 479 478
4 430 431 480 479
4 431 432 481 480
4 432 433 482 481
4 433 434 483 482
4 434 435 484 483
4 435 436 485 484
4 436 437 486 485
4 437 438 487 486
4 438 439 488 487
4 439 440 489 488
4 441 442 491 490
4 442 443 492 491
4 443 444 493 492
4 444 445 494 493
4 445 446 495 494
4 446 447 496 495
4 447 448 497 496
4 448 449 498 497
4 449 450 499 498
4 450 451 500 499
4 451 452 501 500
4 452 453 502 501
4 453 454 503 502
4 454 455 504 503
4 455 456 505 504
4 456 457 506 505
4 457 458 507 506
4 458 459 508 507
4 459 460 509 508
4 460 461 510 509
4 461 462 511 510
4 462 463 512 511
4 463 464 513 512
4 464 465 514 513
4 465 466 515 514
4 466 467 516 515
4 467 468 517 516
4 468 469 518 517
4 469 470 519 518
4 470 471 520 519
4 471 472 521 520
4 472 473 522 521
4 473 474 523 522
4 474 475 524 523
4 475 476 525 524
4 476 477 526 525
4 477 478 527 526
4 478 479 528 527
4 479 480 529 528
4 480 481 530 529
4 481 482 531 530
4 482 483 532 531
4 483 484 533 532
4 484 485 534 533
4 485 486 535 534
4 486 487 536 535
4 487 488 537 536
4 488 489 538 537
4 490 491 540 539
4 491 492 541 540
4 492 493 542 541
4 493 494 543 542
4 494 495 544 543
4 495 496 545 544
4 496 497 546 545
4 497 498 547 546
4 498 499 548 547
4 499 500 549 548
4 500 501 550 549
4 501 502 551 550
4 502 503 552 551
4 503 504 553 552
4 504 505 554 553
4 505 506 555 554
4 506 507 556 555
4 507 508 557 556
4 508 509 558 557
4 509 510 559 558
4 510 511 560 559
4 511 512 561 560
4 512 513 562 561
4 513 514 563 562
4 514 515 564 563
4 515 516 565 564
4 516 517 566 565
4 517 518 567 566
4 518 519 568 567
4 519 520 569 568
4 520 521 570 569
4 521 522 571 570
4 522 523 572 571
4 523 524 573 572
4 524 525 574 573
4 525 526 575 574
4 526 527 576 575
4 527 528 577 576
4 528 529 578 577
4 529 530 579 578
4 530 531 580 579
4 531 532 581 580
4 532 533 582 581
4 533 534 583 582
4 534 535 584 583
4 535 536 585 584
4 536 537 586 585
4 537 538 587 586
4 539 540 589 588
4 540 541 590 589
4 541 542 591 590
4 542 543 592 591
4 543 544 593 592
4 544 545 594 593
4 545 546 595 594
4 546 547 596 595
4 547 548 597 596
4 548 549 598 597
4 549 550 599 598
4 550 551 600 599
4 551 552 601 600
4 552 553 602 601
4 553 554 603 602
4 554 555 604 603
4 555 556 605 604
4 556 557 606 605
4 557 558 607 606
4 558 559 608 607
4 559 560 609 608
4 560 561 610 609
4 561 562 611 610
4 562 563 612 611
4 563 564 613 612
4 564 565 614 613
4 565 566 615 614
4 566 567 616 615
4 567 568 617 616
4 568 569 618 617
4 569 570 619 618
4 570 571 620 619
4 571 572 621 620
4 572 573 622 621
4 573 574 623 622
4 574 575 624 623
4 575 576 625 624
4 576 577 626 625
4 577 578 627 626
4 578 579 628 627
4 579 580 629 628
4 580 581 630 629
4 581 582 631 630
4 582 583 632 631
4 583 584 633 632
4 584 585 634 633
4 585 586 635 634
4 586 587 636 635
4 588 589 638 637
4 589 590 639 638
4 590 591 640 639
4 591 592 641 640
4 592 593 642 641
4 593 594 643 642
4 594 595 644 643
4 595 596 645 644
4 596 597 646 645
4 597 598 647 646
4 598 599 648 647
4 599 600 649 648
4 600 601 650 649
4 601 602 651 650
4 602 603 652 651
4 603 604 653 652
4 604 605 654 653
4 605 606 655 654
4 606 607 656 655
4 607 608 657 656
4 608 609 658 657
4 609 610 659 658
4 610 611 660 659
4 611 612 661 660
4 612 613 662 661
4 613 614 663 662
4 614 615 664 663
4 615 616 665 664
4 616 617 666 665
4 617 618 667 666
4 618 619 668 667
4 619 620 669 668
4 620 621 670 669
4 621 622 671 670
4 622 623 672 671
4 623 624 673 672
4 624 625 674 673
4 625 626 675 674
4 626 627 676 675
4 627 628 677 676
4 628 629 678 677
4 629 630 679 678
4 630 631 680 679
4 631 632 681 680
4 632 633 682 681
4 633 634 683 682
4 634 635 684 683
4 635 636 685 684
4 637 638 687 686
4 638 639 688 687
4 639 640 689 688
4 640 641 690 689
4 641 642 691 690
4 642 643 692 691
4 643 644 693 692
4 644 645 694 693
4 645 646 695 694
4 646 647 696 695
4 647 648 697 696
4 648 649 698 697
4 649 650 699 698
4 650 651 700 699
4 651 652 701 700
4 652 653 702 701
4 653 654 703 702
4 654 655 704 703
4 655 656 705 704
4 656 657 706 705
4 657 658 707 706
4 658 659 708 707
4 659 660 709 708
4 660 661 710 709
4 661 662 711 710
4 662 663 712 711
4 663 664 713 712
4 664 665 714 713
4 665 666 715 714
4 666 667 716 715
4 667 668 717 716
4 668 669 718 717
4 669 670 719 718
4 670 671 720 719
4 671 672 721 720
4 672 673 722 721
4 673 674 723 722
4 674 675 724 723
4 675 676 725 724
4 676 677 726 725
4 677 678 727 726
4 678 679 728 727
4 679 680 729 728
4 680 681 730 729
4 681 682 731 730
4 682 683 732 731
4 683 684 733 732
4 684 685 734 733
4 686 687 736 735
4 687 688 737 736
4 688 689 738 737
4 689 690 739 738
4 690 691 740 739
4 691 692 741 740
4 692 693 742 741
4 693 694 743 742
4 694 695 744 743
4 695 696 745 744
4 696 697 746 745
4 697 698 747 746
4 698 699 748 747
4 699 700 749 748
4 700 701 750 749
4 701 702 751 750
4 702 703 752 751
4 703 704 753 752
4 704 705 754 753
4 705 706 755 754
4 706 707 756 755
4 707 708 757 756
4 708 709 758 757
4 709 710 759 758
4 710 711 760 759
4 711 712 761 760
4 712 713 762 761
4 713 714 763 762
4 714 715 764 763
4 715 716 765 764
4 716 717 766 765
4 717 718 767 766
4 718 719 768 767
4 719 720 769 768
4 720 721 770 769
4 721 722 771 770
4 722 723 772 771
4 723 724 773 772
4 724 725 774 773
4 725 726 775 774
4 726 727 776 775
4 727 728 777 776
4 728 729 778 777
4 729 730 779 778
4 730 731 780 779
4 731 732 781 780
4 732 733 782 781
4 733 734 783 782
4 735 736 785 784
4 736 737 786 785
4 737 738 787 786
4 738 739 788 787
4 739 740 789 788
4 740 741 790 789
4 741 742 791 790
4 742 743 792 791
4 743 744 793 792
4 744 745 794 793
4 745 746 795 794
4 746 747 796 795
4 747 748 797 796
4 748 749 798 797
4 749 750 799 798
4 750 751 800 799
4 751 752 801 800
4 752 753 802 801
4 753 754 803 802
4 754 755 804 803
4 755 756 805 804
4 756 757 806 805
4 757 758 807 806
4 758 759 808 807
4 759 760 809 808
4 760 761 810 809
4 761 762 811 810
4 762 763 812 811
4 763 764 813 812
4 764 765 814 813
4 765 766 815 814
4 766 767 816 815
4 767 768 817 816
4 768 769 818 817
4 769 770 819 818
4 770 771 820 819
4 771 772 821 820
4 772 773 822 821
4 773 774 823 822
4 774 775 824 823
4 775 776 825 824
4 776 777 826 825
4 777 778 827 826
4 778 779 828 827
4 779 780 829 828
4 780 781 830 829
4 781 782 831 830
4 782 783 832 831
4 784 785 834 833
4 785 786 835 834
4 786 787 836 835
4 787 788 837 836
4 788 789 838 837
4 789 790 839 838
4 790 791 840 839
4 791 792 841 840
4 792 793 842 841
4 793 794 843 842
4 794 795 844 843
4 795 796 845 844
4 796 797 846 845
4 797 798 847 846
4 798 799 848 847
4 799 800 849 848
4 800 801 850 849
4 801 802 851 850
4 802 803 852 851
4 803 804 853 852
4 804 805 854 853
4 805 806 855 854
4 806 807 856 855
4 807 808 857 856
4 808 809 858 857
4 809 810 859 858
4 810 811 860 859
4 811 812 861 860
4 812 813 862 861
4 813 814 863 862
4 814 815 864 863
4 815 816 865 864
4 816 817 866 865
4 817 818 867 866
4 818 819 868 867
4 819 820 869 868
4 820 821 870 869
4 821 822 871 870
4 822 823 872 871
4 823 824 873 872
4 824 825 874 873
4 825 826 875 874
4 826 827 876 875
4 827 828 877 876
4 828 829 878 877
4 829 830 879 878
4 830 831 880 879
4 831 832 881 880
4 833 834 883 882
4 834 835 884 883
4 835 836 885 884
4 836 837 886 885
4 837 838 887 886
4 838 839 888 887
4 839 840 889 888
4 840 841 890 889
4 841 842 891 890
4 842 843 892 891
4 843 844 893 892
4 844 845 894 893
4 845 846 895 894
4 846 847 896 895
4 847 848 897 896
4 848 849 898 897
4 849 850 899 898
4 850 851 900 899
4 851 852 901 900
4 852 853 902 901
4 853 854 903 902
4 854 855 904 903
4 855 856 905 904
4 856 857 906 905
4 857 858 907 906
4 858 859 908 907
4 859 860 909 908
4 860 861 910 909
4 861 862 911 910
4 862 863 912 911
4 863 864 913 912
4 864 865 914 913
4 865 866 915 914
4 866 867 916 915
4 867 868 917 916
4 868 869 918 917
4 869 870 919 918
4 870 871 920 919
4 871 872 921 920
4 872 873 922 921
4 873 874 923 922
4 874 875 924 923
4 875 876 925 924
4 876 877 926 925
4 877 878 927 926
4 878 879 928 927
4 879 880 929 928
4 880 881 930 929
4 882 883 932 931
4 883 884 933 932
4 884 885 934 933
4 885 886 935 934
4 886 887 936 935
4 887 888 937 936
4 888 889 938 937
4 889 890 939 938
4 890 891 940 939
4 891 892 941 940
4 892 893 942 941
4 893 894 943 942
4 894 895 944 943
4 895 896 945 944
4 896 897 946 945
4 897 898 947 946
4 898 899 948 947
4 899 900 949 948
4 900 901 950 949
4 901 902 951 950
4 902 903 952 951
4 903 904 953 952
4 904 905 954 953
4 905 906 955 954
4 906 907 956 955
4 907 908 957 956
4 908 909 958 957
4 909 910 959 958
4 910 911 960 959
4 911 912 961 960
4 912 913 962 961
4 913 914 963 962
4 914 915 964 963
4 915 916 965 964
4 916 917 966 965
4 917 918 967 966
4 918 919 968 967
4 919 920 969 968
4 920 921 970 969
4 921 922 971 970
4 922 923 972 971
4 923 924 973 972
4 924 925 974 973
4 925 926 975 974
4 926 927 976 975
4 927 928 977 976
4 928 929 978 977
4 929 930 979 978
4 931 932 981 980
4 932 933 982 981
4 933 934 983 982
4 934 935 984 983
4 935 936 985 984
4 936 937 986 985
4 937 938 987 986
4 938 939 988 987
4 939 940 989 988
4 940 941 990 989
4 941 942 991 990
4 942 943 992 991
4 943 944 993 992
4 944 945 994 993
4 945 946 995 994
4 946 947 996 995
4 947 948 997 996
4 948 949 998 997
4 949 950 999 998
4 950 951 1000 999
4 951 952 1001 1000
4 952 953 1002 1001
4 953 954 1003 1002
4 954 955 1004 1003
4 955 956 1005 1004
4 956 957 1006 1005
4 957 958 1007 1006
4 958 959 1008 1007
4 959 960 1009 1008
4 960 961 1010 1009
4 961 962 1011 1010
4 962 963 1012 1011
4 963 964 1013 1012
4 964 965 1014 1013
4 965 966 1015 1014
4 966 967 1016 1015
4 967 968 1017 1016
4 968 969 1018 1017
4 969 970 1019 1018
4 970 971 1020 1019
4 971 972 1021 1020
4 972 973 1022 1021
4 973 974 1023 1022
4 974 975 1024 1023
4 975 976 1025 1024
4 976 977 1026 1025
4 977 978 1027 1026
4 978 979 1028 1027
4 980 981 1030 1029
4 981 982 1031 1030
4 982 983 1032 1031
4 983 984 1033 1032
4 984 985 1034 1033
4 985 986 1035 1034
4 986 987 1036 1035
4 987 988 1037 1036
4 988 989 1038 1037
4 989 990 1039 1038
4 990 991 1040 1039
4 991 992 1041 1040
4 992 993 1042 1041
4 993 994 1043 1042
4 994 995 1044 1043
4 995 996 1045 1044
4 996 997 1046 1045
4 997 998 1047 1046
4 998 999 1048 1047
4 999 1000 1049 1048
4 1000 1001 1050 1049
4 1001 1002 1051 1050
4 1002 1003 1052 1051
4 1003 1004 1053 1052
4 1004 1005 1054 1053
4 1005 1006 1055 1054
4 1006 1007 1056 1055
4 1007 1008 1057 1056
4 1008 1009 1058 1057
4 1009 1010 1059 1058
4 1010 1011 1060 1059
4 1011 1012 1061 1060
4 1012 1013 1062 1061
4 1013 1014 1063 1062
4 1014 1015 1064 1063
4 1015 1016 1065 1064
4 1016 1017 1066 1065
4 1017 1018 1067 1066
4 1018 1019 1068 1067
4 1019 1020 1069 1068
4 1020 1021 1070 1069
4 1021 1022 1071 1070
4 1022 1023 1072 1071
4 1023 1024 1073 1072
4 1024 1025 1074 1073
4 1025 1026 1075 1074
4 1026 1027 1076 1075
4 1027 1028 1077 1076
4 1029 1030 1079 1078
4 1030 1031 1080 1079
4 1031 1032 1081 1080
4 1032 1033 1082 1081
4 1033 1034 1083 1082
4 1034 1035 1084 1083
4 1035 1036 1085 1084
4 1036 1037 1086 1085
4 1037 1038 1087 1086
4 1038 1039 1088 1087
4 1039 1040 1089 1088
4 1040 1041 1090 1089
4 1041 1042 1091 1090
4 1042 1043 1092 1091
4 1043 1044 1093 1092
4 1044 1045 1094 1093
4 1045 1046 1095 1094
4 1046 1047 1096 1095
4 1047 1048 1097 1096
4 1048 1049 1098 1097
4 1049 1050 1099 1098
4 1050 1051 1100 1099
4 1051 1052 1101 1100
4 1052 1053 1102 1101
4 1053 1054 1103 1102
4 1054 1055 1104 1103
4 1055 1056 1105 1104
4 1056 1057 1106 1105
4 1057 1058 1107 1106
4 1058 1059 1108 1107
4 1059 1060 1109 1108
4 1060 1061 1110 1109
4 1061 1062 1111 1110
4 1062 1063 1112 1111
4 1063 1064 1113 1112
4 1064 1065 1114 1113
4 1065 1066 1115 1114
4 1066 1067 1116 1115
4 1067 1068 1117 1116
4 1068 1069 1118 1117
4 1069 1070 1119 1118
4 1070 1071 1120 1119
4 1071 1072 1121 1120
4 1072 1073 1122 1121
4 1073 1074 1123 1122
4 1074 1075 1124 1123
4 1075 1076 1125 1124
4 1076 1077 1126 1125
4 1078 1079 1128 1127
4 1079 1080 1129 1128
4 1080 1081 1130 1129
4 1081 1082 1131 1130
4 1082 1083 1132 1131
4 1083 1084 1133 1132
4 1084 1085 1134 1133
4 1085 1086 1135 1134
4 1086 1087 1136 1135
4 1087 1088 1137 1136
4 1088 1089 1138 1137
4 1089 1090 1139 1138
4 1090 1091 1140 1139
4 1091 1092 1141 1140
4 1092 1093 1142 1141
4 1093 1094 1143 1142
4 1094 1095 1144 1143
4 1095 1096 1145 1144
4 1096 1097 1146 1145
4 1097 1098 1147 1146
4 1098 1099 1148 1147
4 1099 1100 1149 1148
4 1100 1101 1150 1149
4 1101 1102 1151 1150
4 1102 1103 1152 1151
4 1103 1104 1153 1152
4 1104 1105 1154 1153
4 1105 1106 1155 1154
4 1106 1107 1156 1155
4 1107 1108 1157 1156
4 1108 1109 1158 1157
4 1109 1110 1159 1158
4 1110 1111 1160 1159
4 1111 1112 1161 1160
4 1112 1113 1162 1161
4 1113 1114 1163 1162
4 1114 1115 1164 1163
4 1115 1116 1165 1164
4 1116 1117 1166 1165
4 1117 1118 1167 1166
4 1118 1119 1168 1167
4 1119 1120 1169 1168
4 1120 1121 1170 1169
4 1121 1122 1171 1170
4 1122 1123 1172 1171
4 1123 1124 1173 1172
4 1124 1125 1174 1173
4 1125 1126 1175 1174
4 1127 1128 1177 1176
4 1128 1129 1178 1177
4 1129 1130 1179 1178
4 1130 1131 1180 1179
4 1131 1132 1181 1180
4 1132 1133 1182 1181
4 1133 1134 1183 1182
4 1134 1135 1184 1183
4 1135 1136 1185 1184
4 1136 1137 1186 1185
4 1137 1138 1187 1186
4 1138 1139 1188 1187
4 1139 1140 1189 1188
4 1140 1141 1190 1189
4 1141 1142 1191 1190
4 1142 1143 1192 1191
4 1143 1144 1193 1192
4 1144 1145 1194 1193
4 1145 1146 1195 1194
4 1146 1147 1196 1195
4 1147 1148 1197 1196
4 1148 1149 1198 1197
4 1149 1150 1199 1198
4 1150 1151 1200 1199
4 1151 1152 1201 1200
4 1152 1153 1202 1201
4 1153 1154 1203 1202
4 1154 1155 1204 1203
4 1155 1156 1205 1204
4 1156 1157 1206 1205
4 1157 1158 1207 1206
4 1158 1159 1208 1207
4 1159 1160 1209 1208
4 1160 1161 1210 1209
4 1161 1162 1211 1210
4 1162 1163 1212 1211
4 1163 1164 1213 1212
4 1164 1165 1214 1213
4 1165 1166 1215 1214
4 1166 1167 1216 1215
4 1167 1168 1217 1216
4 1168 1169 1218 1217
4 1169 1170 1219 1218
4 1170 1171 1220 1219
4 1171 1172 1221 1220
4 1172 1173 1222 1221
4 1173 1174 1223 1222
4 1174 1175 1224 1223
CELL_TYPES 1152
9
9
9
9
9
9
9
9
9
9
9
9
9
9
9
9
9
9
9
9
9
9
9
9
9
9
9
9
9
9
9
9
9
9
9
9
9
9
9
9
9
9
9
9
9
9
9
9
9
9
9
9
9
9
9
9
9
9
9
9
9
9
9
9
9
9
9
9
9
9
9
9
9
9
9
9
9
9
9
9
9
9
9
9
9
9
9
9
9
9
9
9
9
9
9
9
9
9
9
9
9
9
9
9
9
9
9
9
9
9
9
9
9
9
9
9
9
9
9
9
9
9
9
9
9
9
9
9
9
9
9
9
9
9
9
9
9
9
9
9
9
9
9
9
9
9
9
9
9
9
9
9
9
9
9
9
9
9
9
9
9
9
9
9
9
9
9
9
9
9
9
9
9
9
9
9
9
9
9
9
9
9
9
9
9
9
9
9
9
9
9
9
9
9
9
9
9
9
9
9
9
9
9
9
9
9
9
9
9
9
9
9
9
9
9
9
9
9
9
9
9
9
9
9
9
9
9
9
9
9
9
9
9
9
9
9
9
9
9
9
9
9
9
9
9
9
9
9
9
9
9
9
9
9
9
9
9
9
9
9
9
9
9
9
9
9
9
9
9
9
9
9
9
9
9
9
9
9
9
9
9
9
9
9
9
9
9
9
9
9
9
9
9
9
9
9
9
9
9
9
9
9
9
9
9
9
9
9
9
9
9
9
9
9
9
9
9
9
9
9
9
9
9
9
9
9
9
9
9
9
9
9
9
9
9
9
9
9
9
9
9
9
9
9
9
9
9
9
9
9
9
9
9
9
9
9
9
9
9
9
9
9
9
9
9
9
9
9
9
9
9
9
9
9
9
9
9
9
9
9
9
9
9
9
9
9
9
9
9
9
9
9
9
9
9
9
9
9
9
9
9
9
9
9
9
9
9
9
9
9
9
9
9
9
9
9
9
9
9
9
9
9
9
9
9
9
9
9
9
9
9
9
9
9
9
9
9
9
9
9
9
9
9
9
9
9
9
9
9
9
9
9
9
9
9
9
9
9
9
9
9
9
9
9
9
9
9
9
9
9
9
9
9
9
9
9
9
9
9
9
9
9
9
9
9
9
9
9
9
9
9
9
9
9
9
9
9
9
9
9
9
9
9
9
9
9
9
9
9
9
9
9
9
9
9
9
9
9
9
9
9
9
9
9
9
9
9
9
9
9
9
9
9
9
9
9
9
9
9
9
9
9
9
9
9
9
9
9
9
9
9
9
9
9
9
9
9
9
9
9
9
9
9
9
9
9
9
9
9
9
9
9
9
9
9
9
9
9
9
9
9
9
9
9
9
9
9
9
9
9
9
9
9
9
9
9
9
9
9
9
9
9
9
9
9
9
9
9
9
9
9
9
9
9
9
9
9
9
9
9
9
9
9
9
9
9
9
9
9
9
9
9
9
9
9
9
9
9
9
9
9
9
9
9
9
9
9
9
9
9
9
9
9
9
9
9
9
9
9
9
9
9
9
9
9
9
9
9
9
9
9
9
9
9
9
9
9
9
9
9
9
9
9
9
9
9
9
9
9
9
9
9
9
9
9
9
9
9
9
9
9
9
9
9
9
9
9
9
9
9
9
9
9
9
9
9
9
9
9
9
9
9
9
9
9
9
9
9
9
9
9
9
9
9
9
9
9
9
9
9
9
9
9
9
9
9
9
9
9
9
9
9
9
9
9
9
9
9
9
9
9
9
9
9
9
9
9
9
9
9
9
9
9
9
9
9
9
9
9
9
9
9
9
9
9
9
9
9
9
9
9
9
9
9
9
9
9
9
9
9
9
9
9
9
9
9
9
9
9
9
9
9
9
9
9
9
9
9
9
9
9
9
9
9
9
9
9
9
9
9
9
9
9
9
9
9
9
9
9
9
9
9
9
9
9
9
9
9
9
9
9
9
9
9
9
9
9
9
9
9
9
9
9
9
9
9
9
9
9
9
9
9
9
9
9
9
9
9
9
9
9
9
9
9
9
9
9
9
9
9
9
9
9
9
9
9
9
9
9
9
9
9
9
9
9
9
9
9
9
9
9
9
9
9
9
9
9
9
9
9
9
9
9
9
9
9
9
9
9
9
9
9
9
9
9
9
9
9
9
9
9
9
9
9
9
9
9
9
9
9
9
9
9
9
9
9
9
9
9
9
9
9
9
9
9
9
9
9
9
9
9
9
9
9
9
9
9
9
9
9
9
9
9
9
9
9
9
9
9
9
9
9
9
9
9
9
9
9
9
9
9
9
9
9
9
9
9
9
9
9
9
9
9
9
9
9
9
9
9
9
9
9
9
9
9
9
9
9
9
9
9
9
9
9
9
9
9
9
9
9
9
9
9
9
9
9
9
9
9
9
9
9
9
9
9
9
9
9
9
9
9
9
9
9
9
9
9
9
9
9
9
9
9
9
9
9
9
9
9
9
9
9
9
9
9
9
9
9
9
9
9
9
9
9
9
9
9
9
9
9
9
9
9
9
9
9
9
9
9
9
9
9
9
9
9
9
9
9
9
9
9
9
9
9
9
9
9
9
9
9
9
9
9
9
9
9
9
9
9
9
9
9
9
9
9
9
9
9
9
9
9
9
CELL_DATA 1152
SCALARS pressure double 1
LOOKUP_TABLE default
4.18114134485961131e+01
2.05985397457143087e+01
2.18419299728571730e+01
1.73923272997711642e+01
1.81847450135573467e+01
1.58066071815029598e+01
1.64291698881023365e+01
1.47681072478474782e+01
1.52820460015457851e+01
1.39576303887328574e+01
1.43783651778299202e+01
1.32361191699388367e+01
1.35724103941979894e+01
1.25411924907709391e+01
1.27999863233129556e+01
1.18479565862746163e+01
1.20344256553500539e+01
1.11451330912730313e+01
1.12680758943717585e+01
1.04335564342068530e+01
1.05003468159480438e+01
9.71548448914812823e+00
9.73221349889499443e+00
8.99299208775317638e+00
8.96489709497718756e+00
8.26743045572059998e+00
8.19911101098879058e+00
7.53951954983360650e+00
7.43517201719602827e+00
6.80959794035957611e+00
6.67313988008045378e+00
6.07780088396282903e+00
5.91297541708706653e+00
5.34417821508487467e+00
5.15461074532763153e+00
4.60875519045707271e+00
4.39797956711588167e+00
3.87155468399187042e+00
3.64302634094863675e+00
3.13260174481142029e+00
2.88971021112386861e+00
2.39192431242264281e+00
2.13800975291487694e+00
1.64955713972682716e+00
1.38793263449204018e+00
9.05561864807445160e-01
6.39540471370040664e-01
1.60115623250259576e-01
3.63789614479416699e+01
2.08724115076234007e+01
2.20639316208350813e+01
1.75032950541779790e+01
1.82496669075249898e+01
1.58335814706511062e+01
1.64447384246185493e+01
1.47700252848684421e+01
1.52829351430023781e+01
1.39522086643577961e+01
1.43745860851090868e+01
1.32288934561185769e+01
1.35670465234828548e+01
1.25337144781072301e+01
1.27939418425877189e+01
1.18407142646074952e+01
1.20284729839886850e+01
1.11387339521598570e+01
1.12623894871815260e+01
1.04275710612696031e+01
1.04946954857320165e+01
9.70959883775306132e+00
9.72647301847708512e+00
8.98704543135672651e+00
8.95900861502699009e+00
8.26137772337255427e+00
8.19310298110778312e+00
7.53339181209293329e+00
7.42911058980526651e+00
6.80346801221351427e+00
6.66712223940194271e+00
6.07176262927530175e+00
5.90712117747824550e+00
5.33834269604533507e+00
5.14906034027870341e+00
4.60324833229233032e+00
4.39289356126934116e+00
3.86651481012587439e+00
3.63858202580590984e+00
3.12817736435349270e+00
2.88609152701124616e+00
2.38827013979244729e+00
2.13538862001254381e+00
1.64682714479577141e+00
1.38644630549833447e+00
9.03897797740000675e-01
6.39272556749986731e-01
1.59610284925508134e-01
3.67773362853273582e+01
2.08391656812445838e+01
2.21114483396164943e+01
1.75155659715324497e+01
1.82807110496874152e+01
1.58596577080871786e+01
1.64709198757657873e+01
1.47958777416535057e+01
1.53029951501534232e+01
1.39732872950209188e+01
1.43897140762764444e+01
1.32454826723460251e+01
1.35792074643292811e+01
1.25475091410871435e+01
1.28048280769150633e+01
1.18527886343197792e+01
1.20384295740527776e+01
1.11491541749924679e+01
1.12718025331006100e+01
1.04373857168990352e+01
1.05041458684607534e+01
9.71939127163287964e+00
9.73619336138025915e+00
8.99705230524168798e+00
8.96905702474141719e+00
8.27162747793046194e+00
8.20339224516487597e+00
7.54379818039527805e+00
7.43950320278096733e+00
6.81388778759035674e+00
6.67744058008695074e+00
6.08202727635098128e+00
5.91715649597774451e+00
5.34825983674758731e+00
5.15857178451250409e+00
4.61260260830149260e+00
4.40160738959733777e+00
3.87507065330050438e+00
3.64619683772752845e+00
3.13568239504009494e+00
2.89229553054074895e+00
2.39446218648782505e+00
2.13989186348019311e+00
1.65144702499286944e+00
1.38902005123099426e+00
9.06710810996270378e-01
6.39777978918134704e-01
1.60450781103012835e-01
3.13280648711376770e+01
2.08457248762854590e+01
2.18156857898888674e+01
1.75347583619735232e+01
1.82239044004684310e+01
1.58323749217891905e+01
1.64310783696877465e+01
1.47607515138460759e+01
1.52724148879508377e+01
1.39426672535719920e+01
1.43664311317305593e+01
1.32207130421128785e+01
1.35604661456629021e+01
1.25271635110419464e+01
1.27884811646051997e+01
1.18346978570068675e+01
1.20233874869518225e+01
1.11334961858633736e+01
1.12576131592374864e+01
1.04226607426010034e+01
1.04899550463601763e+01
9.70473899126261585e+00
9.72163939269476707e+00
8.98211019792239007e+00
8.95403780050743237e+00
8.25633980212661278e+00
8.18802771084097003e+00
7.52828524278240074e+00
7.42399239582777248e+00
6.79835971107620374e+00
6.66204678590607813e+00
6.06673454577789695e+00
5.90219152757635257e+00
5.33348971199676303e+00
5.14439583880019224e+00
4.59867660666551625e+00
4.38862892010945327e+00
3.86233967516516419e+00
3.63486387365021191e+00
3.12452133904039098e+00
2.88306957112249274e+00
2.38525945870031864e+00
2.13320048799232476e+00
1.64458577623265723e+00
1.38519925497113872e+00
9.02536836375683715e-01
6.39013027956793822e-01
1.59205042006704739e-01
3.10504952524686999e+01
2.08513744953291429e+01
2.18872277187470878e+01
1.76067434781003520e+01
1.83141027095243771e+01
1.59089052980808887e+01
1.64998205185081588e+01
1.48259514863882558e+01
1.53216440534038956e+01
1.39927622098117919e+01
1.44018954511356352e+01
1.32587749189111932e+01
1.35879624254670599e+01
1.25569038365366108e+01
1.28115724624106768e+01
1.18604038476630151e+01
1.20442053490376928e+01
1.11555116407737920e+01
1.12771258368139335e+01
1.04431732345624919e+01
1.05094885313023187e+01
9.72510512259180970e+00
9.74172126641411218e+00
9.00289361852852643e+00
8.97480038323191742e+00
8.27761477566791370e+00
8.20928742156033309e+00
7.54987643823952848e+00
7.44546173448818127e+00
6.81996777155864908e+00
6.68335064292553493e+00
6.08800738214084269e+00
5.92289067302665551e+00
5.35402609677726904e+00
5.16398661881153931e+00
4.61802962771885728e+00
4.40654372381446890e+00
3.88002364690515833e+00
3.65048382044622910e+00
3.14001948783079365e+00
2.89576118480175282e+00
2.39803865985314912e+00
2.14238049696230171e+00
1.65412220689940992e+00
1.39041281401023786e+00
9.08357792282469489e-01
6.40014386221083420e-01
1.60957983540458011e-01
2.59103942428860172e+01
2.04564140426954388e+01
2.08561479570335599e+01
1.74308444819693449e+01
1.80283471777878859e+01
1.57767137334400172e+01
1.63553549736054293e+01
1.47248955765410692e+01
1.52342762771329880e+01
1.39197485946718302e+01
1.43451365831860862e+01
1.32056104442286273e+01
1.35473794086075969e+01
1.25162563684236563e+01
1.27796085353802091e+01
1.18265521044728210e+01
1.20161231083848214e+01
1.11265820707798362e+01
1.12510063212115590e+01
1.04162048162233756e+01
1.04833989724902832e+01
9.69828517659813905e+00
9.71489508335091045e+00
8.97548234373493337e+00
8.94706285543126079e+00
8.24953086082753195e+00
8.18089496508032532e+00
7.52136510042625250e+00
7.41680351391963821e+00
6.79143668673212364e+00
6.65493133265419612e+00
6.05992950887770743e+00
5.89529855379169199e+00
5.32693749791939020e+00
5.13789350670574585e+00
4.59252480656213358e+00
4.38270273386464293e+00
3.85674584191674574e+00
3.62971073487423013e+00
3.11964992450784573e+00
2.87888487947592520e+00
2.38127664018264840e+00
2.13015852203462064e+00
1.64165063194526040e+00
1.38343072195417505e+00
9.00784400493946591e-01
6.38552281485965878e-01
1.58711928800115559e-01
2.52020803605508554e+01
2.03558886362674762e+01
2.08623583845816114e+01
1.75309691036006861e+01
1.81589276715098080e+01
1.59153167316513233e+01
1.64726941529665858e+01
1.48454255600018747e+01
1.53221056259408481e+01
1.40125716989667222e+01
1.44093137220229224e+01
1.32763038533446434e+01
1.35973116238635559e+01
1.25715300785232618e+01
1.28208755445072242e+01
1.18726088353503751e+01
1.20527208400928121e+01
1.11661659104165754e+01
1.12852937865560126e+01
1.04526089756350835e+01
1.05171794269769787e+01
9.73369629072791653e+00
9.74920891591054151e+00
9.01120810440423803e+00
8.98251417472438085e+00
8.28603587015703447e+00
8.21717339250179712e+00
7.55837415133229218e+00
7.45342392088882288e+00
6.82843917594577832e+00
6.69123742792750065e+00
6.09632130247820481e+00
5.93052293958431331e+00
5.36202741032482688e+00
5.17116279899616327e+00
4.62554676150240951e+00
4.41304469820019385e+00
3.88687447055366286e+00
3.65608074548118367e+00
3.14601570850922441e+00
2.90023051860689751e+00
2.40299150687971519e+00
2.14552469178062166e+00
1.65784935936042932e+00
1.39208241440460490e+00
9.10688911541419843e-01
6.40137444752110429e-01
1.61718667207632644e-01
2.09643895641355122e+01
1.90930854949243844e+01
1.91640652690534203e+01
1.69727936725455635e+01
1.74975450371795560e+01
1.55906387308305163e+01
1.61465910472445024e+01
1.46310761659686364e+01
1.51375596714336460e+01
1.38708624656190036e+01
1.42975587576185141e+01
1.31792767971454765e+01
1.35225135744016196e+01
1.24999692058234171e+01
1.27651924266626313e+01
1.18162258091400805e+01
1.20058349939653528e+01
1.11177518710331249e+01
1.12416854116720799e+01
1.04077226762086017e+01
1.04743124328183423e+01
9.68985273941574476e+00
9.70563875714079138e+00
8.96684242062937109e+00
8.93739476015601575e+00
8.24055076126376562e+00
8.17098456949651109e+00
7.51219502230794411e+00
7.40682119802390559e+00
6.78225924438645311e+00
6.64507387700892949e+00
6.05092178553182158e+00
5.88577840210566716e+00
5.31828821268151586e+00
5.12894287561837281e+00
4.58443551760123746e+00
4.37457138184987127e+00
3.84942786453539032e+00
3.62265654505826307e+00
3.11331968588078434e+00
2.87315555339838946e+00
2.37614796617341728e+00
2.12596669834406526e+00
1.63792131969711474e+00
1.38092843791068631e+00
8.98609101300980817e-01
6.37767951512489883e-01
1.58147686987748420e-01
2.04255299912628523e+01
1.87360580996395996e+01
1.92640876288167604e+01
1.70044610449126665e+01
1.76369184028380097e+01
1.58071285695993939e+01
1.63095649322862677e+01
1.48300606932208918e+01
1.52744110327134166e+01
1.40267175214589876e+01
1.44010715407899283e+01
1.32993660419660138e+01
1.36047659989970064e+01
1.25939511296644167e+01
1.28338102184582663e+01
1.18929216895817831e+01
1.20656467772903344e+01
1.11833076227391288e+01
1.12970852407300661e+01
1.04670705682064504e+01
1.05281688620800491e+01
9.74664439241162484e+00
9.75974595683630497e+00
9.02334818675426220e+00
8.99269579710879441e+00
8.29779138706317809e+00
8.22753184699744011e+00
7.57015347972649355e+00
7.46388533393498310e+00
6.84013496788411945e+00
6.70159385675959829e+00
6.10777530473040642e+00
5.94052346536584341e+00
5.37303309381175165e+00
5.18052583721236282e+00
4.63587265566498896e+00
4.42147122739674270e+00
3.89627710528641469e+00
3.66326713085141398e+00
3.15424741928307339e+00
2.90588877585964811e+00
2.40980767142177266e+00
2.14940508337505465e+00
1.66301398973071257e+00
1.39399520214891171e+00
9.13971856737804900e-01
6.39978223210724506e-01
1.62858711872554462e-01
1.71353675675332049e+01
1.68447810944044960e+01
1.72017407905597040e+01
1.57803722853543746e+01
1.65072303226098178e+01
1.51593360352364908e+01
1.57116592131473620e+01
1.44338834047586815e+01
1.49440305057268645e+01
1.37830154958209778e+01
1.42095795526690782e+01
1.31408051386677158e+01
1.34812221045876317e+01
1.24798551478616488e+01
1.27451191726493072e+01
1.18054271412718954e+01
1.19926723752223250e+01
1.11086611916055684e+01
1.12301148756654374e+01
1.03981323914020383e+01
1.04622932617562547e+01
9.67926877762150539e+00
9.69275245487697390e+00
8.95549396674596565e+00
8.92406600638511627e+00
8.22879486048859476e+00
8.15728895372663487e+00
7.50009668203074131e+00
7.39303525849020460e+00
6.77014680623193144e+00
6.63149808643261807e+00
6.03904703825889921e+00
5.87270768100407281e+00
5.30691085068224311e+00
5.11669045280331414e+00
4.57382793649452513e+00
4.36346815158235923e+00
3.83987272525366174e+00
3.61303731211467349e+00
3.10510240406120808e+00
2.86533335961876556e+00
2.36954522353304631e+00
2.12019921507001818e+00
1.63318074073025277e+00
1.37736024163290716e+00
8.95906945319962733e-01
6.36501962414405820e-01
1.57504865693749829e-01
1.71535479333078698e+01
1.67663861439676545e+01
1.72244703986771519e+01
1.60468844187055026e+01
1.64570157353869746e+01
1.55328756020335206e+01
1.59339029145754001e+01
1.47607670633490056e+01
1.51550127913287938e+01
1.40345223185249690e+01
1.43745027313068192e+01
1.33381737927502719e+01
1.36118803944136406e+01
1.26344803614543260e+01
1.28534459599898021e+01
1.19284857231307040e+01
1.20852442610010939e+01
1.12108613157807468e+01
1.13139761002393495e+01
1.04886729133504293e+01
1.05428169531450955e+01
9.76501732588969951e+00
9.77357293867606636e+00
9.04028591341566035e+00
9.00643954487876819e+00
8.31423376440710094e+00
8.24125041866741448e+00
7.58631520582020702e+00
7.47772748245943308e+00
6.85613003405820454e+00
6.71533610249120816e+00
6.12343234348540921e+00
5.95380131487722952e+00
5.38807150209234198e+00
5.19293726651583043e+00
4.64997656943500282e+00
4.43260321201474206e+00
3.90911658653675342e+00
3.67270979187501911e+00
3.16549060048655173e+00
2.91326140793054522e+00
2.41912935219393033e+00
2.15439141319610616e+00
1.67010154685060419e+00
1.39636102025161635e+00
9.18518412414488283e-01
6.39514222604578464e-01
1.64536323180927535e-01
1.43894916591497370e+01
1.44563300747349643e+01
1.47008434356540043e+01
1.44637954091694230e+01
1.50020350030623977e+01
1.43821496842312726e+01
1.50333101043291890e+01
1.41294675844126321e+01
1.46827502364465090e+01
1.36874882782904788e+01
1.41152792458362857e+01
1.31198545700226976e+01
1.34440618916417591e+01
1.24756375576720551e+01
1.27309407171895881e+01
1.18046055157503105e+01
1.19829528472161435e+01
1.11040209843570992e+01
1.12184845732419358e+01
1.03894226843339954e+01
1.04475104591504238e+01
9.66706994469426739e+00
9.67574726002076346e+00
8.94082323616094321e+00
8.90574738649022812e+00
8.21267170207672770e+00
8.13842160231147460e+00
7.48348617451429110e+00
7.37412051470626295e+00
6.75345259829289279e+00
6.61295191902303081e+00
6.02266291711607771e+00
5.85490513594526263e+00
5.29121535441257418e+00
5.10003718530661843e+00
4.55920579137375004e+00
4.34839983987634504e+00
3.82671162059710390e+00
3.59999833838369376e+00
3.09378747018328992e+00
2.85473979147486157e+00
2.36044512368002213e+00
2.11239079401714358e+00
1.62662170037784848e+00
1.37256718285030987e+00
8.92136709131115979e-01
6.34771585824426055e-01
1.56647494987689900e-01
1.50173214312180665e+01
1.48062729516174780e+01
1.52486640086539698e+01
1.46952533674272896e+01
1.55355347908783052e+01
1.48540431689471450e+01
1.54099832241627333e+01
1.46273275082009420e+01
1.50357493193556024e+01
1.40639970354364632e+01
1.43706661164143572e+01
1.34192324451683298e+01
1.36443372444453335e+01
1.27069816532048812e+01
1.28875790736229803e+01
1.19778006315308847e+01
1.21068991408058562e+01
1.12391427869153908e+01
1.13260499505207264e+01
1.05058963320037027e+01
1.05500088727088617e+01
9.77706160748519082e+00
9.77976812091518788e+00
9.05064117643429711e+00
9.01332673336521140e+00
8.32422148218042679e+00
8.24905792419827755e+00
7.59633347641226830e+00
7.48604742849273386e+00
6.86623775978708384e+00
6.72383819063437116e+00
6.13343827300137168e+00
5.96214261631568299e+00
5.39771577849302098e+00
5.20079451089101674e+00
4.65901744067396528e+00
4.43966852585224458e+00
3.91732730819655561e+00
3.67869818398619275e+00
3.17265809947783239e+00
2.91791361318714282e+00
2.42505448887010422e+00
2.15748059039719164e+00
1.67460348895257627e+00
1.39770732587544155e+00
9.21435775183377714e-01
6.38988679601719123e-01
1.65725272700264131e-01
1.27269576237519573e+01
1.26059091104516927e+01
1.31752289615093439e+01
1.32296406095635994e+01
1.42590219847026169e+01
1.39948586384424249e+01
1.50265908612079198e+01
1.42522733004651307e+01
1.48061194986174236e+01
1.39041121549301128e+01
1.42736961036492183e+01
1.32951893005394890e+01
1.35580588634945407e+01
1.25947170032562479e+01
1.28035831787034233e+01
1.18760775858005889e+01
1.20250934491222399e+01
1.11445820200793175e+01
1.12408980818209265e+01
1.04120880916084761e+01
1.04593205808384990e+01
9.68061901910271061e+00
9.68379409163330784e+00
8.95095207047433661e+00
8.91331473794445195e+00
8.22204703924952085e+00
8.14660327389314354e+00
7.49268883824651333e+00
7.38293450408473806e+00
6.76259505167796426e+00
6.62195210234343179e+00
6.03163966105276828e+00
5.86374630727663160e+00
5.29983954001271673e+00
5.10841033737460570e+00
4.56727036961417632e+00
4.35601375594516238e+00
3.83400763918644394e+00
3.60657912931125146e+00
3.10010862116905184e+00
2.86003789256866670e+00
2.36559471495296547e+00
2.11619213613095924e+00
1.63042884631775054e+00
1.37470132950533563e+00
8.94475214469212521e-01
6.35108301964991573e-01
1.57478044249860449e-01
1.34022244433600388e+01
1.29616844738409611e+01
1.36937903640797618e+01
1.35989185238028352e+01
1.47895829803762009e+01
1.44627670258659773e+01
1.53066247408629206e+01
1.47136206820484770e+01
1.52004560715501231e+01
1.43409619545972049e+01
1.45672336254654251e+01
1.36083098441263690e+01
1.37615093749137376e+01
1.27984464034288745e+01
1.29260820440582496e+01
1.19988228070114822e+01
1.21041574368600227e+01
1.12304394455457892e+01
1.13066463392200500e+01
1.04866041728492778e+01
1.05274950647163248e+01
9.75611677685836121e+00
9.75837976830668730e+00
9.03043065060096417e+00
8.99355715847138626e+00
8.30482173379154354e+00
8.23051388684517171e+00
7.57758142977147919e+00
7.46839486799159236e+00
6.84801805522819684e+00
6.70685503252296300e+00
6.11570670422368146e+00
5.94599125660586658e+00
5.38073026069911098e+00
5.18579276050708504e+00
4.64310662111481953e+00
4.42621761883712406e+00
3.90286410702579012e+00
3.66723104768239416e+00
3.16003256792480913e+00
2.90884600427339368e+00
2.41465199464354807e+00
2.15116293513589873e+00
1.66678666572974410e+00
1.39438788601872599e+00
9.16554768128221897e-01
6.38799043187540327e-01
1.64187441070485579e-01
1.14684806302362539e+01
1.13721732872793897e+01
1.23362738262309950e+01
1.27711433646274699e+01
1.42099889293443002e+01
1.43228753412056040e+01
1.53426301677046464e+01
1.48030359824770983e+01
1.52511344660477626e+01
1.43222023558429186e+01
1.45889871814238159e+01
1.35583354866665058e+01
1.37375426712386055e+01
1.27457846392874572e+01
1.28966016034852196e+01
1.19404730688820493e+01
1.20626059603707532e+01
1.11748030088427743e+01
1.12559762379125523e+01
1.04283618882109899e+01
1.04690368294349021e+01
9.69284173380721370e+00
9.69440163523034393e+00
8.96326065864307076e+00
8.92607634081266710e+00
8.23535146545521002e+00
8.16095434681484022e+00
7.50671354052008688e+00
7.39802657516032358e+00
6.77689212312247680e+00
6.63718325337311743e+00
6.04574080857801377e+00
5.87859699448422734e+00
5.31338758244150533e+00
5.12238917776875535e+00
4.57991236830492632e+00
4.36867450532438095e+00
3.84540347001961758e+00
3.61750693098125797e+00
3.10992866617905772e+00
2.86885794543137385e+00
2.37352453545702646e+00
2.12259525942819627e+00
1.63618567256765646e+00
1.37848455246689050e+00
8.97854285428748455e-01
6.36184800333573164e-01
1.58425929625049838e-01
1.20147223613779133e+01
1.16565018906180846e+01
1.28415917103584736e+01
1.31234737108196260e+01
1.46019136274911521e+01
1.46839501134774189e+01
1.56127723894054924e+01
1.51224021683624485e+01
1.55493675680934533e+01
1.46336640838199852e+01
1.48100276309150303e+01
1.38119255833062944e+01
1.38908639552463224e+01
1.28844528563992604e+01
1.29634449345366356e+01
1.20049622254117629e+01
1.20981156642588168e+01
1.12133099156921983e+01
1.12853814696431076e+01
1.04643721621564545e+01
1.05055620591168104e+01
9.73563710400361515e+00
9.74000794634140910e+00
9.01298420308524406e+00
8.97835928522704663e+00
8.28961288388979867e+00
8.21702246071769871e+00
7.56349804096309164e+00
7.45563251669434202e+00
6.83430760092099288e+00
6.69462266268023054e+00
6.10238985661648847e+00
5.93434062243754745e+00
5.36795468700225964e+00
5.17494101165061515e+00
4.63111447655709441e+00
4.41647102587020779e+00
3.89193600872033763e+00
3.65892688277543421e+00
3.15046132870400308e+00
2.90231021300653280e+00
2.40672879358020619e+00
2.14667258423878948e+00
1.66079415446460610e+00
1.39213651834011642e+00
9.12764601445675949e-01
6.38914692566061038e-01
1.62874539058161932e-01
9.81038376499304476e+00
1.03377737616663961e+01
1.18265842477257905e+01
1.27682157448898774e+01
1.44737855502391621e+01
1.48572471793818632e+01
1.58902469911199802e+01
1.54216283340005607e+01
1.58144343229513460e+01
1.48409493038254006e+01
1.49402608452267902e+01
1.38151278097074037e+01
1.38953158725927040e+01
1.28623269601021164e+01
1.29581806837161313e+01
1.19772686137645490e+01
1.20842932369919058e+01
1.11894263560630982e+01
1.12616386840908813e+01
1.04354465083713723e+01
1.04724738960038426e+01
9.69858895197273441e+00
9.70069131585224653e+00
8.97074093215077717e+00
8.93500537390148075e+00
8.24453060250316305e+00
8.17148326936201208e+00
7.51699797857737018e+00
7.40924620677474355e+00
6.78747110759485661e+00
6.64857566551195234e+00
6.05624627894585910e+00
5.88971143067029335e+00
5.32349144679825237e+00
5.13286741716812145e+00
4.58934288303319615e+00
4.37818928024681853e+00
3.85390910261659991e+00
3.62574824785065131e+00
3.11726594546410407e+00
2.87553960790265473e+00
2.37945858286517087e+00
2.12747580055921537e+00
1.64050257236104269e+00
1.38138365734961477e+00
9.00387183108057321e-01
6.37032832530835647e-01
1.59089761616122483e-01
1.01586632453258492e+01
1.06574395563758291e+01
1.22503948775762712e+01
1.30183106633422554e+01
1.47034150483078481e+01
1.50365939649514022e+01
1.60091398808473997e+01
1.55515626744116737e+01
1.59224402752142851e+01
1.49566082224804919e+01
1.50545204047799590e+01
1.39722693960410513e+01
1.39907673887795614e+01
1.29382024999692966e+01
1.29882093323058267e+01
1.20007899981817818e+01
1.20889952296649703e+01
1.11966145873743628e+01
1.12680483496905239e+01
1.04477611091312124e+01
1.04891587549843575e+01
9.72091826568091655e+00
9.72686918493911890e+00
9.00043195435777399e+00
8.96731636034037827e+00
8.27875096094436991e+00
8.20721594955259626e+00
7.55332579257674830e+00
7.44623809833800099e+00
6.82435339803492802e+00
6.68553194058212963e+00
6.09268723603184892e+00
5.92562731783217611e+00
5.35863120920237535e+00
5.16678928928750825e+00
4.62235835484434077e+00
4.40911922788908495e+00
3.88395986460378806e+00
3.65263360091712430e+00
3.14348538191574178e+00
2.89732639476871201e+00
2.40097136861439830e+00
2.14321411067356582e+00
1.65646363572072475e+00
1.39036158195868254e+00
9.10050669164903181e-01
6.38908397893983793e-01
1.61943281745007883e-01
7.40466283255498059e+00
9.54038637515142085e+00
1.15459075802561326e+01
1.29494249208957211e+01
1.48614899541722512e+01
1.53725342159480078e+01
1.64148481354890627e+01
1.59308680324868650e+01
1.62426607034951367e+01
1.51874475708178238e+01
1.51941567064757646e+01
1.40080428430271606e+01
1.40060997429750920e+01
1.29227728803860273e+01
1.29743967612759157e+01
1.19761114187792419e+01
1.20727201339490069e+01
1.11760203112852796e+01
1.12492913413526292e+01
1.04271772038264192e+01
1.04673392214366352e+01
9.69743738727162530e+00
9.70238454316240784e+00
8.97465111135957017e+00
8.94083381163705582e+00
8.25105151910107537e+00
8.17905699418279042e+00
7.52473106770527522e+00
7.41755970905394602e+00
6.79553482501930262e+00
6.65699508623625658e+00
6.06423602994261657e+00
5.89788420808356761e+00
5.33115369273852568e+00
5.14054326567835762e+00
4.59648625323061744e+00
4.38514507802785314e+00
3.86035776072087211e+00
3.63176546183021598e+00
3.12284493487919690e+00
2.88040839783779523e+00
2.38399353861946173e+00
2.13101302671583781e+00
1.64382703758644810e+00
1.38345517178586386e+00
9.02357157034714308e-01
6.37574347141908748e-01
1.59631307560515551e-01
7.62265029832771202e+00
9.89748224104705798e+00
1.18626058457283499e+01
1.30507066699324845e+01
1.49142225495168343e+01
1.53912801161512469e+01
1.63864322509491096e+01
1.59125948623316003e+01
1.62273727799601915e+01
1.51950481501519956e+01
1.52159810779095075e+01
1.40631722025010095e+01
1.40425657596256688e+01
1.29566000490808317e+01
1.29899927045520354e+01
1.19916726545969592e+01
1.20783599632992438e+01
1.11833319743028028e+01
1.12559980650314966e+01
1.04363356271593304e+01
1.04787924558795460e+01
9.71140267445450078e+00
9.71828831132619442e+00
8.99223471922579698e+00
8.95989126967971572e+00
8.27126625214628319e+00
8.20007208877590799e+00
7.54607492222239262e+00
7.43928308518431347e+00
6.81721181675042409e+00
6.67870980682615389e+00
6.08567664660106455e+00
5.91902526284256325e+00
5.35186447842080959e+00
5.16056124075420009e+00
4.61598477215741632e+00
4.40345318476348968e+00
3.87814413183127460e+00
3.64773302327524895e+00
3.13839785658860881e+00
2.89339256916966292e+00
2.39678175527595139e+00
2.14042481820725339e+00
1.65333352224774588e+00
1.38884701222951712e+00
9.08121581937806344e-01
6.38725836878289543e-01
1.61326839175274322e-01
4.36775978602139503e+00
8.90969838268342329e+00
1.14385070543622138e+01
1.31665835963816740e+01
1.52418930920182483e+01
1.58074003930474039e+01
1.68479089114924321e+01
1.63200645808968687e+01
1.65584310286643195e+01
1.54266896539812937e+01
1.53587380764190904e+01
1.41191659943569867e+01
1.40627383728158595e+01
1.29445017556928796e+01
1.29725993160029685e+01
1.19660325821530620e+01
1.20577959329404916e+01
1.11631014446019190e+01
1.12388517974316144e+01
1.04202954103606569e+01
1.04638487748406863e+01
9.69680524944924471e+00
9.70400691310995533e+00
8.97789329171606632e+00
8.94511794226540857e+00
8.25607714050250330e+00
8.18466354282168140e+00
7.53062003455537265e+00
7.42365511689622970e+00
6.80163339387029353e+00
6.66312257995289592e+00
6.07026064387680275e+00
5.90382007425664490e+00
5.33693695016743597e+00
5.14612407091358826e+00
4.60189628911903359e+00
4.39021563008037319e+00
3.86526709923916378e+00
3.63616388407100288e+00
3.12712158139413132e+00
2.88397112651108278e+00
2.38750211393349332e+00
2.13359129508316947e+00
1.64643392082785867e+00
1.38493445158009920e+00
9.03937985563998514e-01
6.37895031983038430e-01
1.60109803997526640e-01
4.68645023807546668e+00
9.25478216723139901e+00
1.16528385816444224e+01
1.31483586429490398e+01
1.51652958470803938e+01
1.57130242706622010e+01
1.67151268819400123e+01
1.62056986041418121e+01
1.64657942417748693e+01
1.53675363185061151e+01
1.53268754649788175e+01
1.41185763244050335e+01
1.40671363692472866e+01
1.29584870892085586e+01
1.29816189625831981e+01
1.19773599436848226e+01
1.20649154619028973e+01
1.11705094208184068e+01
1.12453295648925824e+01
1.04270022682513179e+01
1.04709656230303381e+01
9.70455374003756077e+00
9.71233471091636780e+00
8.98683410417415018e+00
8.95468324525126036e+00
8.26604037003844816e+00
8.19494027181047002e+00
7.54101075016573930e+00
7.43421689091980653e+00
6.81216993593668629e+00
6.67368123891789100e+00
6.08069188762547252e+00
5.91411760001214759e+00
5.34703041180264815e+00
5.15589698713205014e+00
4.61141665701884929e+00
4.39917631332762671e+00
3.87396702363236312e+00
3.64399937612416336e+00
3.13474131657290123e+00
2.89035908615649006e+00
2.39377570446150978e+00
2.13823344642699409e+00
1.65110194856273340e+00
1.38760246481370042e+00
9.06769687062949914e-01
6.38477499510629487e-01
1.60935248249129942e-01
1.15621411417396636e+00
8.40901045032547856e+00
1.15132596288569307e+01
1.33364558152587858e+01
1.55441519261467764e+01
1.61629468126478670e+01
1.71798935307095810e+01
1.66061045537176355e+01
1.67823200509547839e+01
1.55856586711120535e+01
1.54611202595170116e+01
1.41799387493219484e+01
1.40878442076118038e+01
1.29506141250486486e+01
1.29641997853162678e+01
1.19531918578207339e+01
1.20446140729180851e+01
1.11526902575732549e+01
1.12309855664917322e+01
1.04153030550647063e+01
1.04614221796993530e+01
9.69657069913087710e+00
9.70522422036064292e+00
8.98024006749897019e+00
8.94823134275052645e+00
8.25986783566546556e+00
8.18874006792936449e+00
7.53500143521784072e+00
7.42802466855817212e+00
6.80611763190294017e+00
6.66748269783932379e+00
6.07467690239305913e+00
5.90803535402501190e+00
5.34117855451462908e+00
5.15009015431138995e+00
4.60587468514775100e+00
4.39382667903523760e+00
3.86889215839314282e+00
3.63930331967518939e+00
3.13029654911542021e+00
2.88651640503113471e+00
2.39012511997615995e+00
2.13542769398596377e+00
1.64840297544524073e+00
1.38596993527547152e+00
9.05152703155306604e-01
6.38076812619865819e-01
1.60511329005325720e-01
VECTORS velocity double
1.97316000087867538e-01 2.06274702842731505e+00 0
2.04085594404206372e-01 2.00276209150396367e+00 0
7.96912698527816044e-02 2.00353310471884782e+00 0
6.58995866483674114e-02 2.00080271726612979e+00 0
3.77959463898540696e-02 2.00075098333934154e+00 0
3.33673456281669140e-02 2.00036179947648307e+00 0
2.29609068221852709e-02 2.00031894542771971e+00 0
2.17174261797548479e-02 2.00020284264831893e+00 0
1.70120510970614494e-02 2.00016372983957780e+00 0
1.70179828471527066e-02 2.00012040870631491e+00 0
1.46620346371877548e-02 2.00009162205373769e+00 0
1.51589147638191719e-02 2.00007596038079916e+00 0
1.38668780087346025e-02 2.00005741377084023e+00 0
1.45338272815404308e-02 2.00005472344497015e+00 0
1.37059736662857191e-02 2.00004348108322372e+00 0
1.44175912286482310e-02 2.00004382322025087e+00 0
1.38059523918233323e-02 2.00003726532343773e+00 0
1.44570442827947378e-02 2.00003737163125761e+00 0
1.39342710739554822e-02 2.00003500903105502e+00 0
1.45110034463107260e-02 2.00003575494000652e+00 0
1.40339663439673461e-02 2.00003557305287405e+00 0
1.45431442050686383e-02 2.00003638532708816e+00 0
1.40991032676205854e-02 2.00003707057896607e+00 0
1.45499869046273305e-02 2.00003769431610001e+00 0
1.41396020533055226e-02 2.00003861052726473e+00 0
1.45409957191581611e-02 2.00003888994507451e+00 0
1.41664953152316319e-02 2.00003966943900746e+00 0
1.45243709412246000e-02 2.00003961539598762e+00 0
1.41870157695651936e-02 2.00004011015945293e+00 0
1.45052909674742974e-02 2.00003971831104499e+00 0
1.42051343467653034e-02 2.00003983536883512e+00 0
1.44860412356777064e-02 2.00003914470801636e+00 0
1.42225285802326570e-02 2.00003875298730982e+00 0
1.44673989226015258e-02 2.00003782462374025e+00 0
1.42397073699875414e-02 2.00003675092736533e+00 0
1.44494638763438769e-02 2.00003567673582960e+00 0
1.42567293445717055e-02 2.00003370408659942e+00 0
1.44321218235339693e-02 2.00003262338932064e+00 0
1.42735377541115815e-02 2.00002950330409002e+00 0
1.44152050502053455e-02 2.00002859811774902e+00 0
1.42900532379377949e-02 2.00002410442630119e+00 0
1.43985024249281661e-02 2.00002356263218717e+00 0
1.43061253544858741e-02 2.00001758962367626e+00 0
1.43816418984619339e-02 2.00001753334917254e+00 0
1.43212991318354722e-02 2.00001019871629193e+00 0
1.43638425512936999e-02 2.00001062485154035e+00 0
1.43341978048624231e-02 2.00000227931769015e+00 0
1.43444452254839015e-02 2.00000310289309446e+00 0
5.05429071898478188e-01 2.19126470668016538e+00 0
5.38589071428205224e-01 2.01629643804167191e+00 0
2.43728350635087160e-01 2.01879927551983496e+00 0
1.95754980916706456e-01 2.00602048937131583e+00 0
1.15749309697601360e-01 2.00452021513086898e+00 0
9.98671164240193671e-02 2.00203802206010151e+00 0
6.98226659935642369e-02 2.00155689591685260e+00 0
6.49554812660857045e-02 2.00074762581092402e+00 0
5.14450816149724655e-02 2.00058476973718458e+00 0
5.08547297229431303e-02 2.00024703973888940e+00 0
4.41777888703878685e-02 2.00019829047411157e+00 0
4.52853776588286391e-02 2.00004165304773851e+00 0
4.16957571492587650e-02 2.00003409864958304e+00 0
4.34161945186008064e-02 1.99996187443402418e+00 0
4.11685486750988303e-02 1.99996634862762357e+00 0
4.30714210646031756e-02 1.99993187326099053e+00 0
4.14380863059953947e-02 1.99994813124784199e+00 0
4.31968166304522935e-02 1.99993525038998299e+00 0
4.18087951643957983e-02 1.99994859941577063e+00 0
4.33675265242970606e-02 1.99994223414606731e+00 0
4.20989960135422503e-02 1.99995168129231549e+00 0
4.34719992880512676e-02 1.99994742589567642e+00 0
4.22875148328221567e-02 1.99995416392306558e+00 0
4.35001257944427830e-02 1.99995008664819074e+00 0
4.24026610558698933e-02 1.99995500119534508e+00 0
4.34800825837854468e-02 1.99995099493116091e+00 0
4.24770947036564178e-02 1.99995503765506633e+00 0
4.34366280667188714e-02 1.99995122746441512e+00 0
4.25324525207738807e-02 1.99995494622116432e+00 0
4.33853506427760230e-02 1.99995152209224036e+00 0
4.25806602112673432e-02 1.99995533074688292e+00 0
4.33332327180430479e-02 1.99995233029327824e+00 0
4.26267613400007281e-02 1.99995655019850793e+00 0
4.32826833818959894e-02 1.99995393155204515e+00 0
4.26722977837140430e-02 1.99995884462879880e+00 0
4.32340491525325804e-02 1.99995649489184957e+00 0
4.27174530221906337e-02 1.99996238695369710e+00 0
4.31870222424484695e-02 1.99996012709710413e+00 0
4.27620541796662756e-02 1.99996730128640854e+00 0
4.31411445587671916e-02 1.99996490484380085e+00 0
4.28058578251378566e-02 1.99997363192905642e+00 0
4.30958476442990929e-02 1.99997087880637303e+00 0
4.28484104745000330e-02 1.99998129873984731e+00 0
4.30500923051238132e-02 1.99997807469429656e+00 0
4.28883796814772608e-02 1.99999008557796509e+00 0
4.30016512923231745e-02 1.99998650861051241e+00 0
4.29219684659128062e-02 1.99999958032867475e+00 0
4.29487170472682700e-02 1.99999544270553953e+00 0
8.19417114348262143e-01 2.22834414459337049e+00 0
9.03867049424878832e-01 2.05243170905896832e+00 0
4.59241597038271276e-01 2.06909033613506876e+00 0
3.59743593450164378e-01 2.02537718816131296e+00 0
2.20247095579487462e-01 2.01919294980863517e+00 0
1.85965777256257431e-01 2.00922462896967291e+00 0
1.32306856618878532e-01 2.00706385476368387e+00 0
1.21086454082287756e-01 2.00377822225810487e+00 0
9.70297558509910923e-02 2.00290495103708466e+00 0
9.47670992590293332e-02 2.00155499905176670e+00 0
8.30404650292811963e-02 2.00118579430494492e+00 0
8.43746390037664051e-02 2.00058397556560230e+00 0
7.82142181377601525e-02 2.00043480830760112e+00 0
8.08882573855736614e-02 2.00018215311995062e+00 0
7.71418069493036429e-02 2.00012480629491751e+00 0
8.02552943800051433e-02 2.00001469359650752e+00 0
7.75915262848091980e-02 2.00002551846857868e+00 0
8.05028673914142262e-02 1.99998519664611019e+00 0
7.82512251967291267e-02 2.00001269564883799e+00 0
8.08355299630486857e-02 1.99999735627105601e+00 0
7.87730258671573008e-02 2.00002533479371714e+00 0
8.10447572561331375e-02 2.00001701324762404e+00 0
7.91106709291673899e-02 2.00004151607254288e+00 0
8.11112946695728559e-02 2.00003246200111295e+00 0
7.93136058974692609e-02 2.00005257011722870e+00 0
8.10875530055475552e-02 2.00004168530226822e+00 0
7.94415096283681843e-02 2.00005835486355066e+00 0
8.10194671937757988e-02 2.00004620506204800e+00 0
7.95342820751491902e-02 2.00006038162492050e+00 0
8.09362157737038568e-02 2.00004760716395547e+00 0
7.96140056676990227e-02 2.00006010823423930e+00 0
8.08510115097583471e-02 2.00004710881502801e+00 0
7.96901099504895016e-02 2.00005826602460512e+00 0
8.07685073332164577e-02 2.00004528173298546e+00 0
7.97654937372435646e-02 2.00005510002203746e+00 0
8.06894425343395311e-02 2.00004228896408209e+00 0
7.98404905270806431e-02 2.00005058695048810e+00 0
8.06132683073091660e-02 2.00003811675201337e+00 0
7.99147450815411997e-02 2.00004464398824133e+00 0
8.05390853305165549e-02 2.00003271766613810e+00 0
7.99877388668844003e-02 2.00003727454600000e+00 0
8.04657158533507166e-02 2.00002611076829373e+00 0
8.00585280672272415e-02 2.00002870631783614e+00 0
8.03910774623025765e-02 2.00001851104238382e+00 0
8.01245465836742110e-02 2.00001948964116316e+00 0
8.03110456388790583e-02 2.00001055285773743e+00 0
8.01789502101517004e-02 2.00000996909388018e+00 0
8.02218113538454153e-02 2.00000121990914925e+00 0
1.06691104582489271e+00 2.25027396844175476e+00 0
1.20996062411871108e+00 2.09553549436979303e+00 0
7.12089691133807268e-01 2.13937361635422940e+00 0
5.47824294487023744e-01 2.05952094331146629e+00 0
3.50116025983936763e-01 2.04329174301719085e+00 0
2.89230109408074310e-01 2.02170587626100007e+00 0
2.09748343259531234e-01 2.01601539424089760e+00 0
1.88680707420477767e-01 2.00860507525432563e+00 0
1.53033000911922540e-01 2.00642575929073308e+00 0
1.47617780378073271e-01 2.00334111897540801e+00 0
1.30491115983417172e-01 2.00248571956255406e+00 0
1.31424380890378417e-01 2.00109212337150666e+00 0
1.22667779448085684e-01 2.00078423779223336e+00 0
1.26008775977295234e-01 2.00017850291774835e+00 0
1.20868126797929840e-01 2.00008239949881084e+00 0
1.25043303639805953e-01 1.99981309994436396e+00 0
1.21484098108171651e-01 1.99987092329966210e+00 0
1.25455636614421939e-01 1.99977487949267996e+00 0
1.22477959061224703e-01 1.99985487314814714e+00 0
1.26005991305507298e-01 1.99981562589121054e+00 0
1.23269646882817691e-01 1.99988654649183406e+00 0
1.26358887404858095e-01 1.99986333326684274e+00 0
1.23777700994078865e-01 1.99992100420025420e+00 0
1.26485983043519573e-01 1.99989656425387929e+00 0
1.24075953119465995e-01 1.99994180439784475e+00 0
1.26469394314016048e-01 1.99991430409840487e+00 0
1.24256911805788281e-01 1.99995157974470272e+00 0
1.26381764728943385e-01 1.99992238281284518e+00 0
1.24382889796398319e-01 1.99995488830094192e+00 0
1.26268913360398582e-01 1.99992571541601882e+00 0
1.24488542555095227e-01 1.99995603045620851e+00 0
1.26151893591353093e-01 1.99992766531748645e+00 0
1.24588652355661064e-01 1.99995732987770469e+00 0
1.26038221045198545e-01 1.99993002192132541e+00 0
1.24687804980279232e-01 1.99995991821540509e+00 0
1.25929199944125630e-01 1.99993354846292815e+00 0
1.24786558326638805e-01 1.99996423938147094e+00 0
1.25824102951458572e-01 1.99993850493922198e+00 0
1.24884365063031258e-01 1.99997044524658940e+00 0
1.25721720497783074e-01 1.99994498718918989e+00 0
1.24980428423153378e-01 1.99997855823298698e+00 0
1.25620515206081862e-01 1.99995310833469775e+00 0
1.25073328931471023e-01 1.99998860678874180e+00 0
1.25517615192807047e-01 1.99996321268929300e+00 0
1.25159311469728723e-01 2.00000073861235972e+00 0
1.25407209762104621e-01 1.99997621623989974e+00 0
1.25228897569117176e-01 2.00001447112415764e+00 0
1.25284108095573166e-01 1.99998848314623312e+00 0
1.26128892835979811e+00 2.14420999565726822e+00 0
1.47578104793165554e+00 2.14608245357178617e+00 0
9.89326057993814900e-01 2.24585386883556648e+00 0
7.59904110932989707e-01 2.12287793593827301e+00 0
5.07595805495924202e-01 2.08891327202272015e+00 0
4.12005163857623868e-01 2.04719962974926339e+00 0
3.04639580121381703e-01 2.03426831233188210e+00 0
2.69701100171336972e-01 2.01917653255006080e+00 0
2.21385942759668941e-01 2.01404630258831308e+00 0
2.10969141509882718e-01 2.00771057025568611e+00 0
1.88106501882600446e-01 2.00559665731345360e+00 0
1.87784960038114263e-01 2.00275003875238689e+00 0
1.76468199149284771e-01 2.00192273647266639e+00 0
1.80037226780822096e-01 2.00071116805082516e+00 0
1.73668941552601541e-01 2.00040316680144592e+00 0
1.78664418245613271e-01 1.99988422762860640e+00 0
1.74430519054714850e-01 1.99992500018078534e+00 0
1.79280995329473503e-01 1.99974492257705450e+00 0
1.75775319993137891e-01 1.99987009308210006e+00 0
1.80096783766555107e-01 1.99980766162083623e+00 0
1.76860319004254779e-01 1.99993369250971442e+00 0
1.80632152766080828e-01 1.99990197257289215e+00 0
1.77553780469576539e-01 2.00001004473571387e+00 0
1.80844590162244856e-01 1.99997339211197644e+00 0
1.77953403656692377e-01 2.00005970186522708e+00 0
1.80851752496605234e-01 2.00001410464841722e+00 0
1.78188364478055833e-01 2.00008463133527759e+00 0
1.80756178584075361e-01 2.00003334648329867e+00 0
1.78346092329351447e-01 2.00009338807695780e+00 0
1.80623476348936718e-01 2.00003992190087221e+00 0
1.78475482568492883e-01 2.00009391510637613e+00 0
1.80484042604777573e-01 2.00004032918464869e+00 0
1.78597714798593987e-01 2.00009052354845851e+00 0
1.80348995248651556e-01 2.00003786229708647e+00 0
1.78719401840119113e-01 2.00008511778215903e+00 0
1.80220415826393227e-01 2.00003378970398105e+00 0
1.78841315140886942e-01 2.00007826099707486e+00 0
1.80097295322608153e-01 2.00002844365784194e+00 0
1.78962584357329174e-01 2.00007009080610798e+00 0
1.79977721091749976e-01 2.00002191669749818e+00 0
1.79081893377369100e-01 2.00006082665693707e+00 0
1.79859104655356622e-01 2.00001448283853422e+00 0
1.79196960740673150e-01 2.00005116893144574e+00 0
1.79736906200705815e-01 2.00000707459726046e+00 0
1.79302290241851708e-01 2.00004252711765895e+00 0
1.79602814683788831e-01 2.00000193695839279e+00 0
1.79385214688895483e-01 2.00003508799088525e+00 0
1.79449435087303349e-01 1.99999299618202531e+00 0
1.35555623687522075e+00 2.01658301770860726e+00 0
1.63545075252489869e+00 2.17941748364995469e+00 0
1.26200372812860095e+00 2.36555419764235841e+00 0
9.85754826404166118e-01 2.21338053141529389e+00 0
6.93849842669365224e-01 2.15440763960860870e+00 0
5.55093673952667621e-01 2.08675653591668864e+00 0
4.19461278488812206e-01 2.06152119585520044e+00 0
3.65663895457150667e-01 2.03525977358808996e+00 0
3.03896859604761149e-01 2.02517105399038844e+00 0
2.86264006585970343e-01 2.01396582943531577e+00 0
2.57443255977057361e-01 2.00985201026292648e+00 0
2.54939869982367284e-01 2.00478501434025302e+00 0
2.41151163836760413e-01 2.00321669300344096e+00 0
2.44541845930102336e-01 2.00104813329299747e+00 0
2.37179114717581602e-01 2.00048092390575549e+00 0
2.42763164738376891e-01 1.99955033483805589e+00 0
2.38087289489081727e-01 1.99963978678923082e+00 0
2.43667643525071698e-01 1.99933632221985058e+00 0
2.39869544497647219e-01 1.99956580586916544e+00 0
2.44849342391371627e-01 1.99946673178529877e+00 0
2.41316480131325228e-01 1.99969027032840274e+00 0
2.45630176607306794e-01 1.99964377589624065e+00 0
2.42228932367194671e-01 1.99982919715460050e+00 0
2.45960624845800113e-01 1.99977307289385742e+00 0
2.42738210513816971e-01 1.99991609760267020e+00 0
2.46005578699594885e-01 1.99984443926868716e+00 0
2.43022797859412804e-01 1.99995901329586379e+00 0
2.45907289657450179e-01 1.99987771520770918e+00 0
2.43201655139670847e-01 1.99997455148755199e+00 0
2.45755278859151910e-01 1.99989052975548010e+00 0
2.43341763035765352e-01 1.99997854433920819e+00 0
2.45591678151570847e-01 1.99989527272930245e+00 0
2.43472005588878521e-01 1.99997954137021794e+00 0
2.45432081294694210e-01 1.99989847705713819e+00 0
2.43601523611588905e-01 1.99998152584583266e+00 0
2.45279638790181720e-01 1.99990277857685328e+00 0
2.43731503550853434e-01 1.99998579943527388e+00 0
2.45133332404433107e-01 1.99990891808085869e+00 0
2.43860853293690921e-01 1.99999259798260320e+00 0
2.44991152486055158e-01 1.99991704878480325e+00 0
2.43987934856031624e-01 2.00000191835648611e+00 0
2.44850508894654845e-01 1.99992748621600835e+00 0
2.44109987674529821e-01 2.00001423492299857e+00 0
2.44706447587924869e-01 1.99994149782663988e+00 0
2.44220554777382942e-01 2.00003083884344024e+00 0
2.44549953336558212e-01 1.99996221075588210e+00 0
2.44305636543344640e-01 2.00005118637043999e+00 0
2.44372405114988672e-01 1.99997716888764820e+00 0
1.39158824812063142e+00 1.75860768562952918e+00 0
1.73350025403177277e+00 2.17830280019479394e+00 0
1.50022528457050197e+00 2.49155339882443760e+00 0
1.22489193904233251e+00 2.34058280676768904e+00 0
9.06978547377652711e-01 2.25456650142770787e+00 0
7.23429878268313509e-01 2.15319585049871609e+00 0
5.57842194306722106e-01 2.10746503524460627e+00 0
4.80563077966064345e-01 2.06396056101022340e+00 0
4.04007217570675314e-01 2.04479554947866626e+00 0
3.76639245246176202e-01 2.02577626189472282e+00 0
3.41393589003419762e-01 2.01775255113211305e+00 0
3.35492514850184831e-01 2.00913662644879487e+00 0
3.19263566215123085e-01 2.00597104102944801e+00 0
3.21895834304811501e-01 2.00231747846705010e+00 0
3.13760799893355757e-01 2.00110491338719143e+00 0
3.19583455028714658e-01 1.99959328189731389e+00 0
3.14762543773591585e-01 1.99957616335719046e+00 0
3.20811908979386773e-01 1.99910040015889567e+00 0
3.16980366364170707e-01 1.99940308488884355e+00 0
3.22408021414566814e-01 1.99928445703478674e+00 0
3.18800793103172941e-01 1.99961594814837840e+00 0
3.23475612078165331e-01 1.99958069480370026e+00 0
3.19939690698057777e-01 1.99986356221340156e+00 0
3.23950376543964580e-01 1.99980552857778582e+00 0
3.20562166887243205e-01 2.00002212680024094e+00 0
3.24057007270647124e-01 1.99993188818064249e+00 0
3.20900575908460939e-01 2.00010160649540314e+00 0
3.23975970007893022e-01 1.99999119481140641e+00 0
3.21104878714406294e-01 2.00013063686765946e+00 0
3.23824359785235716e-01 2.00001187923437040e+00 0
3.21260150745622863e-01 2.00013504882109139e+00 0
3.23657044898236435e-01 2.00001503664023295e+00 0
3.21404200399042939e-01 2.00012930908475761e+00 0
3.23494972936382186e-01 2.00001156232820865e+00 0
3.21548988447842743e-01 2.00012016510505086e+00 0
3.23342535087637661e-01 2.00000588475436913e+00 0
3.21695927080818900e-01 2.00010995293307925e+00 0
3.23198272418990962e-01 1.99999936010133306e+00 0
3.21843347295063364e-01 2.00009945624796170e+00 0
3.23058884482940789e-01 1.99999249254150224e+00 0
3.21988670306864511e-01 2.00008941371821880e+00 0
3.22919840318470985e-01 1.99998620432062468e+00 0
3.22127738625304805e-01 2.00008161307715904e+00 0
3.22773533080977226e-01 1.99998303936076294e+00 0
3.22251948423643964e-01 2.00007897862599560e+00 0
3.22607551302852569e-01 1.99998823020187522e+00 0
3.22345087264905905e-01 2.00008150272114404e+00 0
3.22413046872051967e-01 1.99998215443156413e+00 0
1.33757946457432797e+00 1.50789327464054890e+00 0
1.68850254390675381e+00 2.12546239579756202e+00 0
1.65889740218474913e+00 2.59349450494552691e+00 0
1.43857437842973712e+00 2.48325476231608766e+00 0
1.13239185586163860e+00 2.38395268694809737e+00 0
9.10041417130083796e-01 2.24725775235094671e+00 0
7.18434843705249904e-01 2.17315744021349522e+00 0
6.13549612961488688e-01 2.10608401122286981e+00 0
5.22078188189283754e-01 2.07290714519118024e+00 0
4.82514425871611641e-01 2.04276678440698634e+00 0
4.40928599251888598e-01 2.02869511369074518e+00 0
4.30754976840148407e-01 2.01493829767202470e+00 0
4.12318792559276004e-01 2.00938957520446060e+00 0
4.13957743727926708e-01 2.00355549340414241e+00 0
4.05367565496526194e-01 2.00147517004445952e+00 0
4.11347066886186941e-01 1.99907815999127503e+00 0
4.06668860412188415e-01 1.99901821967650917e+00 0
4.13140482125276431e-01 1.99832656298873590e+00 0
4.09514561104105390e-01 1.99878744926137486e+00 0
4.15312908380697232e-01 1.99865334857941179e+00 0
4.11833527265642985e-01 1.99916150018017591e+00 0
4.16773318924747227e-01 1.99915262615257427e+00 0
4.13276475323834380e-01 1.99957659202976945e+00 0
4.17456868993220986e-01 1.99952486690244591e+00 0
4.14041586648996984e-01 1.99983437362093186e+00 0
4.17631156600730913e-01 1.99972961258345916e+00 0
4.14421008695687654e-01 1.99996483638182498e+00 0
4.17561300816941594e-01 1.99982609161386504e+00 0
4.14628549123981172e-01 2.00001387020697052e+00 0
4.17395903544709013e-01 1.99986244402433289e+00 0
4.14772662101110634e-01 2.00002647590960958e+00 0
4.17206221346408446e-01 1.99987300758430675e+00 0
4.14901359182349105e-01 2.00002679954525320e+00 0
4.17019560098401798e-01 1.99987636076809894e+00 0
4.15030169698817231e-01 2.00002626433222908e+00 0
4.16842084526570511e-01 1.99987997938726703e+00 0
4.15161302379745745e-01 2.00002850873515348e+00 0
4.16672817442449384e-01 1.99988592972778489e+00 0
4.15293039334266201e-01 2.00003413183480472e+00 0
4.16509129095874286e-01 1.99989459611582188e+00 0
4.15422760579500561e-01 2.00004320131899593e+00 0
4.16347687959143509e-01 1.99990680427903222e+00 0
4.15546462334572819e-01 2.00005732163848071e+00 0
4.16182055299655351e-01 1.99992566577595676e+00 0
4.15656166344933742e-01 2.00008005183988136e+00 0
4.16002313654231626e-01 1.99995768568772925e+00 0
4.15738136489091692e-01 2.00011014881227611e+00 0
4.15799299628846153e-01 1.99997093954644622e+00 0
1.27322502721836472e+00 1.19579405010552842e+00 0
1.58753694834127890e+00 1.99701327262430195e+00 0
1.75726232221818846e+00 2.62060535408689743e+00 0
1.62163202708806264e+00 2.62674487705038162e+00 0
1.35355803194090041e+00 2.54458542359143935e+00 0
1.11689119199589704e+00 2.38182518824123912e+00 0
9.04133211772755851e-01 2.27156024829680270e+00 0
7.71572779523232222e-01 2.17295629220671271e+00 0
6.63835189282653726e-01 2.11751386964984833e+00 0
6.09672631559208811e-01 2.07095195410147159e+00 0
5.61075143671996068e-01 2.04650167541944672e+00 0
5.45253275914069357e-01 2.02514498003647336e+00 0
5.24593144927172017e-01 2.01530221521999309e+00 0
5.24637420476291472e-01 2.00628453604661017e+00 0
5.15864169947353512e-01 2.00254267717914258e+00 0
5.21610265507819304e-01 1.99896874499117749e+00 0
5.17359688135683005e-01 1.99854816197150842e+00 0
5.23954905745856458e-01 1.99759457619258018e+00 0
5.20782508414100120e-01 1.99814585864347150e+00 0
5.26717869492086432e-01 1.99805684911469927e+00 0
5.23559408492714984e-01 1.99874220606842390e+00 0
5.28577649939585559e-01 1.99883016737088504e+00 0
5.25273664018091058e-01 1.99941383233267200e+00 0
5.29472684101843116e-01 1.99942605782339555e+00 0
5.26163472515947195e-01 1.99985248790584347e+00 0
5.29732359583689250e-01 1.99976415778444894e+00 0
5.26588746266530294e-01 2.00006497352118284e+00 0
5.29705640949528322e-01 1.99991664324351737e+00 0
5.26822382133647404e-01 2.00014581548606696e+00 0
5.29566852502108554e-01 1.99997055418784386e+00 0
5.26982371196260790e-01 2.00016279470619729e+00 0
5.29400190951657357e-01 1.99998041146121164e+00 0
5.27127635772663083e-01 2.00015468837208266e+00 0
5.29239399622163043e-01 1.99997508011389291e+00 0
5.27276510433358769e-01 2.00014009503290335e+00 0
5.29091829313502293e-01 1.99996656738752887e+00 0
5.27431024501871737e-01 2.00012566188744945e+00 0
5.28955455695588439e-01 1.99995867817567441e+00 0
5.27588336218236309e-01 2.00011360022585238e+00 0
5.28825046870798454e-01 1.99995282008219233e+00 0
5.27744138895819392e-01 2.00010553139144376e+00 0
5.28693674642702449e-01 1.99995108710991532e+00 0
5.27892385998160907e-01 2.00010514861761513e+00 0
5.28551112671939882e-01 1.99995853774029109e+00 0
5.28022811530128311e-01 2.00011695881268947e+00 0
5.28381926198589924e-01 1.99998368721772324e+00 0
5.28121972806368745e-01 2.00014066821625347e+00 0
5.28182350674363477e-01 1.99998180180647434e+00 0
1.17658531718904680e+00 9.52998500406353477e-01 0
1.43090118627667628e+00 1.80395800538239381e+00 0
1.71599142776845381e+00 2.56346038179906444e+00 0
1.70295213236537046e+00 2.74390578387322170e+00 0
1.52489916260533720e+00 2.71354276422085539e+00 0
1.30894557660515787e+00 2.54250807076632412e+00 0
1.09679305157526930e+00 2.40088724567600797e+00 0
9.42638191997852037e-01 2.26496139659723061e+00 0
8.22013804071727194e-01 2.17990694460957801e+00 0
7.53946998177714045e-01 2.11080036035964858e+00 0
6.99528994750535649e-01 2.07119125136966797e+00 0
6.78375142440558965e-01 2.03907782757466149e+00 0
6.56359422271792781e-01 2.02288667720729132e+00 0
6.55237212171769889e-01 2.00932116280795148e+00 0
6.46839852080353217e-01 2.00335315879719689e+00 0
6.52841863915696208e-01 1.99810648551408665e+00 0
6.49395792062704258e-01 1.99736863530433983e+00 0
6.56382071480647644e-01 1.99611940348358807e+00 0
6.53869578591359857e-01 1.99688326182636389e+00 0
6.60085106522524168e-01 1.99689973697271861e+00 0
6.57375418987477311e-01 1.99786726979022511e+00 0
6.62511592578008845e-01 1.99811902270421382e+00 0
6.59489760911005973e-01 1.99892731703111526e+00 0
6.63678317174651200e-01 1.99904676885388999e+00 0
6.60547871655186247e-01 1.99960757982209958e+00 0
6.64044381084242019e-01 1.99956390592764643e+00 0
6.61018809909751037e-01 1.99992947584436020e+00 0
6.64022690815485150e-01 1.99978976990364732e+00 0
6.61222167127966221e-01 2.00005448752205695e+00 0
6.63851769050877616e-01 1.99987662690666235e+00 0
6.61337841406008264e-01 2.00008793710565946e+00 0
6.63643047215992210e-01 1.99989744047873019e+00 0
6.61433101124873080e-01 2.00008695318482221e+00 0
6.63435448531972449e-01 1.99989801210381124e+00 0
6.61529745843697947e-01 2.00007996978831626e+00 0
6.63238410169250669e-01 1.99989660662875490e+00 0
6.61631160571885757e-01 2.00007610685788384e+00 0
6.63051580238358085e-01 1.99989844112359361e+00 0
6.61735310897679563e-01 2.00007719459603539e+00 0
6.62872534158402971e-01 1.99990458016237649e+00 0
6.61839176646412231e-01 2.00008360493046977e+00 0
6.62698658503920512e-01 1.99991666727915263e+00 0
6.61939350693873219e-01 2.00009874071333194e+00 0
6.62526240884319662e-01 1.99994029912509652e+00 0
6.62030422795567564e-01 2.00013007451935509e+00 0
6.62344609435743914e-01 1.99998386016815499e+00 0
6.62108714975942148e-01 2.00017101878406223e+00 0
6.62158843579692569e-01 1.99998889706097382e+00 0
1.11346676512222098e+00 7.21862666637574035e-01 0
1.29629314180886679e+00 1.57173691118934356e+00 0
1.59603697479925222e+00 2.39812942502405324e+00 0
1.70757721837882004e+00 2.76790222980797029e+00 0
1.64113606810188539e+00 2.84993456515538846e+00 0
1.47710970194500035e+00 2.71819113644777088e+00 0
1.29236164151351374e+00 2.56097539917296313e+00 0
1.13285369966223270e+00 2.39113942515057687e+00 0
1.00563651250098629e+00 2.26744277940693673e+00 0
9.25740134798742842e-01 2.16852784685815747e+00 0
8.65691464310256786e-01 2.10658304903279348e+00 0
8.38544665784574650e-01 2.05964826561651870e+00 0
8.15425462191823103e-01 2.03363563800366265e+00 0
8.12566823055648979e-01 2.01399857455050357e+00 0
8.04996866543794765e-01 2.00433797428203198e+00 0
8.10749846567488719e-01 1.99705749525808129e+00 0
8.08396740410956105e-01 1.99559880953815738e+00 0
8.15283366243322871e-01 1.99414196394955279e+00 0
8.13571234572220692e-01 1.99504720003185487e+00 0
8.19674357272337173e-01 1.99536155162527939e+00 0
8.17486437778985442e-01 1.99664665583065326e+00 0
8.22460215698697095e-01 1.99723372369385954e+00 0
8.19797196899656133e-01 1.99831260023612933e+00 0
8.23813478435418078e-01 1.99866519901840189e+00 0
8.20935163026282999e-01 1.99938441498698039e+00 0
8.24273227157139243e-01 1.99946739049921240e+00 0
8.21440206543437412e-01 1.99990420937291558e+00 0
8.24300901427760691e-01 1.99983159628857576e+00 0
8.21669091641683669e-01 2.00010260186487043e+00 0
8.24185522188773612e-01 1.99995142145887383e+00 0
8.21819333440780064e-01 2.00014871177658682e+00 0
8.24042839803973193e-01 1.99997454681772391e+00 0
8.21960710392585669e-01 2.00013996808747319e+00 0
8.23910194186430855e-01 1.99996570669520080e+00 0
8.22111441779677654e-01 2.00011856867990945e+00 0
8.23795012145436156e-01 1.99995184903894785e+00 0
8.22272655237238470e-01 2.00009948015814398e+00 0
8.23694167204212957e-01 1.99994145294007497e+00 0
8.22439825220522724e-01 2.00008731223954772e+00 0
8.23599943997807893e-01 1.99993737023963702e+00 0
8.22606779451397707e-01 2.00008443697526372e+00 0
8.23502675654842919e-01 1.99994262476446605e+00 0
8.22766827998615558e-01 2.00009535903032853e+00 0
8.23392445812150320e-01 1.99996436751036510e+00 0
8.22912540425737138e-01 2.00012918211219137e+00 0
8.23258624276252071e-01 2.00000986231803468e+00 0
8.23041335157577825e-01 2.00017494676752872e+00 0
8.23106848905781230e-01 2.00001209523950241e+00 0
1.05414410350619825e+00 5.75932014161628980e-01 0
1.16787411154558574e+00 1.35194721272633589e+00 0
1.40544288545850882e+00 2.17162952460598291e+00 0
1.57572280324896652e+00 2.69241046591583544e+00 0
1.60537853144845211e+00 2.92395720361073241e+00 0
1.53744506046242324e+00 2.86739795533929032e+00 0
1.42254888528226875e+00 2.72402341210165799e+00 0
1.29328304279148854e+00 2.53573499370860000e+00 0
1.18035595269869509e+00 2.37596995221598117e+00 0
1.10274207326324780e+00 2.24376927388559411e+00 0
1.04547969948305441e+00 2.15390474003097099e+00 0
1.01783385028335438e+00 2.08693625943222916e+00 0
9.96580885235245573e-01 2.04736067024072144e+00 0
9.94533555624842580e-01 2.01927123726434976e+00 0
9.88964865458394127e-01 2.00486620949019745e+00 0
9.95844599663940011e-01 1.99496491068151416e+00 0
9.95038573263358872e-01 1.99289845145469680e+00 0
1.00264663624364014e+00 1.99136608405992366e+00 0
1.00179627604907817e+00 1.99258827539251770e+00 0
1.00824708467078761e+00 1.99338763687625109e+00 0
1.00656934670587783e+00 1.99511542623553906e+00 0
1.01157764676108441e+00 1.99615488003599473e+00 0
1.00922793725356708e+00 1.99753896944152221e+00 0
1.01311567208650444e+00 1.99820819829576735e+00 0
1.01044844551456503e+00 1.99906718534769290e+00 0
1.01359342336058011e+00 1.99933170979464414e+00 0
1.01090432376259520e+00 1.99979888197339561e+00 0
1.01355938034617066e+00 1.99982031598125554e+00 0
1.01103793941976816e+00 2.00006022067534461e+00 0
1.01334475052486983e+00 1.99998333041624354e+00 0
1.01107546446778840e+00 2.00012246280135697e+00 0
1.01309312018367770e+00 2.00001143478513255e+00 0
1.01109702687915259e+00 2.00011512932495084e+00 0
1.01284263941890496e+00 2.00000032750696333e+00 0
1.01112151546442330e+00 2.00009396329926226e+00 0
1.01260173727563663e+00 1.99998439775012060e+00 0
1.01115211607085853e+00 2.00007680088742124e+00 0
1.01237140605390352e+00 1.99997425189282696e+00 0
1.01118751430337150e+00 2.00006847973753343e+00 0
1.01215214911196316e+00 1.99997227257600896e+00 0
1.01122703184373242e+00 2.00007015132660726e+00 0
1.01194646098093699e+00 1.99998025193497875e+00 0
1.01127265875774253e+00 2.00008515540626064e+00 0
1.01175885260649845e+00 2.00000398343402574e+00 0
1.01132994174821267e+00 2.00012215754360234e+00 0
1.01159512353033887e+00 2.00004701616779945e+00 0
1.01141302447734516e+00 2.00016595524664620e+00 0
1.01146989469908677e+00 2.00004253159757406e+00 0
1.03390162196586122e+00 4.85280032776539361e-01 0
1.08101327386942159e+00 1.19632517766154867e+00 0
1.24195950102579755e+00 1.95955529292612507e+00 0
1.39381648746316067e+00 2.54980038290538991e+00 0
1.50037790069978882e+00 2.88646882891518786e+00 0
1.51338156479819896e+00 2.91075176786133349e+00 0
1.48912845860243293e+00 2.82126967023376052e+00 0
1.42852721990148268e+00 2.65100185269495325e+00 0
1.34904954252199216e+00 2.47222848651360616e+00 0
1.28684307929233088e+00 2.31383277890955785e+00 0
1.23830260911057155e+00 2.19786910977406036e+00 0
1.21390640470782518e+00 2.11247081141430915e+00 0
1.19679901899444840e+00 2.05851114735227236e+00 0
1.19602480207553086e+00 2.02231573394879893e+00 0
1.19322857764394685e+00 2.00262927326557660e+00 0
1.19989573225753543e+00 1.99061416581097328e+00 0
1.20034744056518594e+00 1.98794991949208333e+00 0
1.20720844778000980e+00 1.98697829499753942e+00 0
1.20668263951975052e+00 1.98869472282425641e+00 0
1.21234835714334088e+00 1.99034826888706862e+00 0
1.21080446964884847e+00 1.99274257158243584e+00 0
1.21516265448672933e+00 1.99451039168058242e+00 0
1.21294621243658507e+00 1.99634299654793912e+00 0
1.21639850987926068e+00 1.99749699654625035e+00 0
1.21391844233486679e+00 1.99855803174965163e+00 0
1.21679010343144722e+00 1.99912479660438724e+00 0
1.21431442386899757e+00 1.99962982017410251e+00 0
1.21679869740919444e+00 1.99983544165308524e+00 0
1.21447961706204266e+00 2.00002389508258460e+00 0
1.21668279758429287e+00 2.00005528759927209e+00 0
1.21459934654596124e+00 2.00011097011407379e+00 0
1.21655949802902263e+00 2.00009241297954432e+00 0
1.21472840451730590e+00 2.00010422620766537e+00 0
1.21645274071543419e+00 2.00007784162379787e+00 0
1.21486998622513420e+00 2.00007829708544449e+00 0
1.21636322723822854e+00 2.00005591999645960e+00 0
1.21502206082127762e+00 2.00005662015554986e+00 0
1.21628645426238968e+00 2.00004056477953229e+00 0
1.21517993891397524e+00 2.00004485127204612e+00 0
1.21621562833325614e+00 2.00003446137904906e+00 0
1.21533890782257648e+00 2.00004351113611856e+00 0
1.21614352479801746e+00 2.00003833457715796e+00 0
1.21549570957616471e+00 2.00005444888096928e+00 0
1.21606515225118339e+00 2.00005631184508603e+00 0
1.21565162284507911e+00 2.00008392245574074e+00 0
1.21598330898436302e+00 2.00008687138074670e+00 0
1.21581725569185983e+00 2.00011649466921959e+00 0
1.21591002763039424e+00 2.00007417574944402e+00 0
1.00783267114973540e+00 4.49509815187395578e-01 0
9.89651379589861824e-01 1.12394914374381250e+00 0
1.05403349685001357e+00 1.83072088751570927e+00 0
1.15683155992610720e+00 2.41359985706909574e+00 0
1.29919742537572924e+00 2.79713006528536390e+00 0
1.38170896892199280e+00 2.88257572902256776e+00 0
1.43013989848297474e+00 2.81948779064756483e+00 0
1.45220319852660951e+00 2.68995610505156302e+00 0
1.44246876166465032e+00 2.53001795684854880e+00 0
1.42296836047217479e+00 2.36399312656923621e+00 0
1.40122374749056910e+00 2.23263953763745215e+00 0
1.39085443230031935e+00 2.13200853380188571e+00 0
1.38176440647092602e+00 2.06654520907867711e+00 0
1.38428511685199385e+00 2.02334555549176809e+00 0
1.38366881319357216e+00 2.00050365073115088e+00 0
1.39071937077939833e+00 1.98742444987845146e+00 0
1.39141378100810997e+00 1.98477494010594513e+00 0
1.39790325757037248e+00 1.98466464908301066e+00 0
1.39695151168471599e+00 1.98680723365403145e+00 0
1.40193104997664775e+00 1.98911246173395062e+00 0
1.39997524518469518e+00 1.99186863722279961e+00 0
1.40369569168528430e+00 1.99406209001590251e+00 0
1.40123655701985017e+00 1.99602389843927308e+00 0
1.40423532566372344e+00 1.99741582047606503e+00 0
1.40168770564818446e+00 1.99848376528570504e+00 0
1.40426905862496532e+00 1.99918591586842642e+00 0
1.40184611463554543e+00 1.99964200815064741e+00 0
1.40412396482683821e+00 1.99993626604313945e+00 0
1.40189922432402603e+00 2.00004592289462213e+00 0
1.40394023614909980e+00 2.00015221382055364e+00 0
1.40195113517387160e+00 2.00012095740148110e+00 0
1.40376157552013026e+00 2.00016971272148458e+00 0
1.40201662320241582e+00 2.00009931720555656e+00 0
1.40359483991936629e+00 2.00014121587346372e+00 0
1.40209062527444628e+00 2.00006143028061389e+00 0
1.40343709802584660e+00 2.00010774139943859e+00 0
1.40216920854813920e+00 2.00002984492449221e+00 0
1.40328598560698459e+00 2.00008307673982344e+00 0
1.40224973637828554e+00 2.00001074818545366e+00 0
1.40314131638730677e+00 2.00006981731438893e+00 0
1.40233174749696676e+00 2.00000486321422777e+00 0
1.40300557390731040e+00 2.00006818014391685e+00 0
1.40241793842754925e+00 2.00001304384340273e+00 0
1.40288497265260825e+00 2.00007885705621202e+00 0
1.40251770688117161e+00 2.00003663898218953e+00 0
1.40279266520789392e+00 2.00009517351361454e+00 0
1.40264872430854948e+00 2.00005918665197502e+00 0
1.40274298102410833e+00 2.00008550529791762e+00 0
9.91238320236034309e-01 4.81675017874260536e-01 0
9.10441103495369997e-01 1.14475770528160448e+00 0
8.84627826483235902e-01 1.79443617400226896e+00 0
9.36304699747716462e-01 2.31636125273811988e+00 0
1.08293753958807693e+00 2.67823255150776030e+00 0
1.22580565394212537e+00 2.79356087715682744e+00 0
1.33767861544438937e+00 2.76040280938444704e+00 0
1.42342969744652303e+00 2.64704777940210345e+00 0
1.48495633188959042e+00 2.50706353504148005e+00 0
1.51702399331013549e+00 2.35784084989087317e+00 0
1.53009041198447804e+00 2.23127790230673240e+00 0
1.53954987988002623e+00 2.13262371369714288e+00 0
1.54234894587760007e+00 2.06543164403311064e+00 0
1.54832939665660207e+00 2.02099351004721317e+00 0
1.54968130827777673e+00 1.99662132625148891e+00 0
1.55530424688706503e+00 1.98355059199023498e+00 0
1.55448984337124996e+00 1.98108920756359819e+00 0
1.55875304860733577e+00 1.98194738877151377e+00 0
1.55649238560814629e+00 1.98473843061891109e+00 0
1.55973423822242396e+00 1.98764942737958727e+00 0
1.55694352230212285e+00 1.99088500215229525e+00 0
1.55961717375677367e+00 1.99345002987674813e+00 0
1.55678885640079434e+00 1.99562045905442975e+00 0
1.55923794276671979e+00 1.99718820357035631e+00 0
1.55661984106161588e+00 1.99830450831046802e+00 0
1.55893190857283614e+00 1.99908647061326539e+00 0
1.55657417798193376e+00 1.99954041322089360e+00 0
1.55872916503076508e+00 1.99989036752265248e+00 0
1.55661702765184340e+00 1.99996770083250053e+00 0
1.55860172793994667e+00 2.00010758227927532e+00 0
1.55673113070989588e+00 2.00004868169919181e+00 0
1.55850538306719955e+00 2.00012745734507336e+00 0
1.55686269136276989e+00 2.00003129960348458e+00 0
1.55842148123701629e+00 2.00010180101039126e+00 0
1.55700088984830964e+00 1.99999973058673497e+00 0
1.55834367051417844e+00 2.00007369537811686e+00 0
1.55713966177011565e+00 1.99997723348178535e+00 0
1.55826872539365802e+00 2.00005633614720590e+00 0
1.55727700169260075e+00 1.99996809980971646e+00 0
1.55819530427667763e+00 2.00005093449633975e+00 0
1.55741293615607534e+00 1.99997082491232869e+00 0
1.55812297979419556e+00 2.00005586442007788e+00 0
1.55754932561851422e+00 1.99998363846880900e+00 0
1.55805358591390108e+00 2.00006927537294610e+00 0
1.55769188442945139e+00 2.00000503039320465e+00 0
1.55799580446921815e+00 2.00008201658081131e+00 0
1.55784963092287065e+00 2.00002068996634597e+00 0
1.55795875834135722e+00 2.00007716169609351e+00 0
9.48322446301936739e-01 5.25183011798883492e-01 0
7.83617397303991936e-01 1.20367550847269067e+00 0
6.74768963632966901e-01 1.80591942208805367e+00 0
6.94005756103101112e-01 2.25508638915598869e+00 0
8.44991012743003700e-01 2.56956334040229084e+00 0
1.03418636321238511e+00 2.68502334936084619e+00 0
1.21449538489760411e+00 2.66778798775571735e+00 0
1.36767848809839387e+00 2.57717378002505626e+00 0
1.48405163243583549e+00 2.45893492316370699e+00 0
1.57075731895712112e+00 2.33060195496876021e+00 0
1.62161322347592285e+00 2.21613455985045649e+00 0
1.65403739809497830e+00 2.12334996392841724e+00 0
1.66881675950565467e+00 2.05995872692731785e+00 0
1.67983756471444012e+00 2.01775365678591623e+00 0
1.68247289095955987e+00 1.99477007713111076e+00 0
1.68694616728584568e+00 1.98341499888413964e+00 0
1.68373557731183743e+00 1.98161490857718503e+00 0
1.68593495714883312e+00 1.98288237022896485e+00 0
1.68179655719163201e+00 1.98569586316879687e+00 0
1.68340510035557522e+00 1.98866980693743511e+00 0
1.67946647873436694e+00 1.99173183402048171e+00 0
1.68110348278774047e+00 1.99420963878162105e+00 0
1.67771644186645719e+00 1.99617566404640567e+00 0
1.67962328641953196e+00 1.99764712061287875e+00 0
1.67681047988909926e+00 1.99862298173768327e+00 0
1.67887829206558536e+00 1.99935620938204628e+00 0
1.67650908527077913e+00 1.99972246373122697e+00 0
1.67854936567115764e+00 2.00005535111381905e+00 0
1.67649000955737804e+00 2.00007823377111782e+00 0
1.67840082677000813e+00 2.00022152292100941e+00 0
1.67659503603582016e+00 2.00013372236866438e+00 0
1.67830698432576719e+00 2.00022624003249794e+00 0
1.67672200826874729e+00 2.00010520338487696e+00 0
1.67822014780615536e+00 2.00019126986583284e+00 0
1.67684868492285233e+00 2.00006442048632405e+00 0
1.67812887531691057e+00 2.00015465849610097e+00 0
1.67696765727513242e+00 2.00003108176964162e+00 0
1.67803228035567620e+00 2.00012715825999932e+00 0
1.67707940213076290e+00 2.00000899128149534e+00 0
1.67793379930626374e+00 2.00010962948775051e+00 0
1.67718724251903972e+00 1.99999730229577821e+00 0
1.67783857772734235e+00 2.00010056135956260e+00 0
1.67729610799315831e+00 1.99999469242404881e+00 0
1.67775318178455524e+00 2.00009748352277983e+00 0
1.67741361724723825e+00 1.99999765974854937e+00 0
1.67768864121004313e+00 2.00009087195733049e+00 0
1.67754815063080120e+00 1.99999329561640660e+00 0
1.67765161910996352e+00 2.00007540719535548e+00 0
9.02243597082576287e-01 6.49236369341406050e-01 0
6.40399479332038224e-01 1.31819354910346376e+00 0
4.63637507851764719e-01 1.85003536802743551e+00 0
4.68017941102458035e-01 2.20458397151840080e+00 0
6.25243701138990304e-01 2.45697218768458114e+00 0
8.52807349158617223e-01 2.55480988081156335e+00 0
1.08644460147688671e+00 2.54577676651957852e+00 0
1.29394389165397627e+00 2.47444428901722846e+00 0
1.46237578572433136e+00 2.37774198093063438e+00 0
1.59099794717301068e+00 2.27120136006557383e+00 0
1.67857130833200707e+00 2.17899754484469099e+00 0
1.73247949179463179e+00 2.10295694408551981e+00 0
1.75985979238775458e+00 2.04907534957736015e+00 0
1.77523926703862034e+00 2.01236467192020552e+00 0
1.77767305689470567e+00 1.99201000624884728e+00 0
1.77956053812114789e+00 1.98283343801310497e+00 0
1.77397968187391486e+00 1.98170567157686950e+00 0
1.77343446412475303e+00 1.98331283989415352e+00 0
1.76735818488813279e+00 1.98631880641765779e+00 0
1.76715500870701403e+00 1.98925425974144288e+00 0
1.76212335250748242e+00 1.99230045636419395e+00 0
1.76282494337277651e+00 1.99465801928590625e+00 0
1.75898634377559859e+00 1.99648994170603311e+00 0
1.76048111674007135e+00 1.99783746745026569e+00 0
1.75755442833109798e+00 1.99869112142751248e+00 0
1.75947467929117152e+00 1.99933981049393572e+00 0
1.75712716422248283e+00 1.99965309549788128e+00 0
1.75913068088859603e+00 1.99995529766731095e+00 0
1.75713911660622668e+00 1.99995941792615906e+00 0
1.75903627391389805e+00 2.00008822939179787e+00 0
1.75729717990975343e+00 2.00000332336465725e+00 0
1.75900613304099163e+00 2.00009133704023156e+00 0
1.75747737989809760e+00 1.99998077218130321e+00 0
1.75897682956554369e+00 2.00006377996012930e+00 0
1.75764936502074298e+00 1.99995233977597242e+00 0
1.75893624426974227e+00 2.00003914739490840e+00 0
1.75780728756743243e+00 1.99993471544754997e+00 0
1.75888548642917630e+00 2.00002580236622274e+00 0
1.75795399117848805e+00 1.99992989741307947e+00 0
1.75882889086182281e+00 2.00002348389176499e+00 0
1.75809413699317330e+00 1.99993573700978278e+00 0
1.75877052613504481e+00 2.00002990807685377e+00 0
1.75823229750334065e+00 1.99994963903058420e+00 0
1.75871423438286545e+00 2.00004166953839446e+00 0
1.75837300941784846e+00 1.99996654864423684e+00 0
1.75866482297237314e+00 2.00004923600816520e+00 0
1.75851707884584019e+00 1.99997533332011934e+00 0
1.75862152438555119e+00 2.00005390455855681e+00 0
8.25771252233584718e-01 7.73455931766052540e-01 0
4.45944960921096534e-01 1.44102771037700439e+00 0
2.35192908124202488e-01 1.89896816096608734e+00 0
2.37735421826416743e-01 2.16611524540455624e+00 0
4.16489187418030427e-01 2.35909251446459356e+00 0
6.77011771851398381e-01 2.43362767216418296e+00 0
9.56151010184830841e-01 2.42771204886432246e+00 0
1.20759069976372069e+00 2.37283961398419940e+00 0
1.41700912005239932e+00 2.29741829136273301e+00 0
1.57462355415965183e+00 2.21304378720307904e+00 0
1.68288259075091196e+00 2.13943547667912171e+00 0
1.75424992501063559e+00 2.07948332700971372e+00 0
1.79077634203389247e+00 2.03680377658672418e+00 0
1.80968690102932905e+00 2.00801062560383459e+00 0
1.80941490054817078e+00 1.99212097638839380e+00 0
1.80704266308230599e+00 1.98519647343875505e+00 0
1.79715148924031420e+00 1.98465133675909677e+00 0
1.79196446129594356e+00 1.98630277732088789e+00 0
1.78266212092762100e+00 1.98890456140583249e+00 0
1.77955117046092592e+00 1.99143628522160587e+00 0
1.77268697069167702e+00 1.99396511619629546e+00 0
1.77208518939053983e+00 1.99591718017320341e+00 0
1.76745510720465515e+00 1.99737999148397960e+00 0
1.76844992988095351e+00 1.99846774054141663e+00 0
1.76525110218661774e+00 1.99912212275185741e+00 0
1.76699618579266948e+00 1.99964544275458778e+00 0
1.76459301656265377e+00 1.99987015630562914e+00 0
1.76656510203530814e+00 2.00011380745702416e+00 0
1.76459550547226085e+00 2.00009450963825142e+00 0
1.76648326178684023e+00 2.00020240131310834e+00 0
1.76477038290874000e+00 2.00011700387461833e+00 0
1.76647100078186980e+00 2.00019563611142459e+00 0
1.76496163908777470e+00 2.00008970210896386e+00 0
1.76644386642793894e+00 2.00016497869630161e+00 0
1.76512774983334841e+00 2.00005667474428206e+00 0
1.76638777388425061e+00 2.00013550495733172e+00 0
1.76526556176694149e+00 2.00003012215496145e+00 0
1.76630908199421177e+00 2.00011315013010726e+00 0
1.76538320598370468e+00 2.00001148160310027e+00 0
1.76621867551777689e+00 2.00009758079886835e+00 0
1.76549031755246322e+00 1.99999944789449891e+00 0
1.76612704910053098e+00 2.00008710148693281e+00 0
1.76559546981882387e+00 1.99999249022560344e+00 0
1.76604339957891265e+00 2.00007907140589047e+00 0
1.76570526198038946e+00 1.99998667618884474e+00 0
1.76597342446134431e+00 2.00006581495027325e+00 0
1.76581927182879328e+00 1.99997358652160107e+00 0
1.76591232745017468e+00 2.00005291758698833e+00 0
7.45341605176779165e-01 9.72215653746233310e-01 0
2.52585901663160306e-01 1.58381122696803534e+00 0
3.88959877399017995e-02 1.94467099671919152e+00 0
4.70000697761746092e-02 2.12303357504856338e+00 0
2.42521888850595307e-01 2.25846126335754116e+00 0
5.24348151133340656e-01 2.31076185455337546e+00 0
8.29671225646038568e-01 2.30599461404900152e+00 0
1.10637981298779331e+00 2.26634458386108495e+00 0
1.33954110920088110e+00 2.21208762725613628e+00 0
1.51514934316046213e+00 2.15123771000195863e+00 0
1.63519635946630415e+00 2.09787748445940370e+00 0
1.71170074452490595e+00 2.05431660090857049e+00 0
1.75066746084049840e+00 2.02401652052732040e+00 0
1.76884411152212184e+00 2.00393675195494314e+00 0
1.76688579615425612e+00 1.99310002410190901e+00 0
1.76200416743544408e+00 1.98834032077728473e+00 0
1.75008140915745924e+00 1.98841687406827350e+00 0
1.74300981421729406e+00 1.98984252526748606e+00 0
1.73250678287505644e+00 1.99185572448255477e+00 0
1.72839785030148119e+00 1.99377068231602639e+00 0
1.72100886349046323e+00 1.99562583394912241e+00 0
1.72007931938883352e+00 1.99704825907162564e+00 0
1.71529910210176162e+00 1.99809349602603925e+00 0
1.71623461184865089e+00 1.99886430115457947e+00 0
1.71302222660221126e+00 1.99931064026073346e+00 0
1.71477591045875566e+00 1.99966926662160316e+00 0
1.71239537831830768e+00 1.99981132774041193e+00 0
1.71439654828215682e+00 1.99998509317251427e+00 0
1.71245099701759007e+00 1.99995838033204776e+00 0
1.71436036794543578e+00 2.00003826624949221e+00 0
1.71266123936006287e+00 1.99996967035015039e+00 0
1.71437926424942355e+00 2.00003239324337923e+00 0
1.71287737012259100e+00 1.99995280771126360e+00 0
1.71437431974868826e+00 2.00001455250511428e+00 0
1.71306085513864148e+00 1.99993653109706826e+00 0
1.71433514008523491e+00 2.00000113659141832e+00 0
1.71321189873621127e+00 1.99992851536758631e+00 0
1.71427071524950891e+00 1.99999560976817570e+00 0
1.71334078336502604e+00 1.99992905369627372e+00 0
1.71419297087735867e+00 1.99999726430982250e+00 0
1.71345814650475403e+00 1.99993651897787128e+00 0
1.71411206457287535e+00 2.00000452101022175e+00 0
1.71357257446523814e+00 1.99994906334820710e+00 0
1.71403578056319894e+00 2.00001503090130983e+00 0
1.71368929381571622e+00 1.99996299363004648e+00 0
1.71396685453224373e+00 2.00002253351433357e+00 0
1.71380392247449920e+00 1.99997179292435878e+00 0
1.71389675932772967e+00 2.00003192398253260e+00 0
6.42584092810657204e-01 1.15299791045568822e+00 0
5.04198118640803300e-02 1.70902662657480575e+00 0
-1.26318222200839519e-01 1.97759786894630052e+00 0
-1.07531046872687497e-01 2.08847504624430602e+00 0
1.01314134929547633e-01 2.17720496073267045e+00 0
3.89168650597198185e-01 2.21009616243464180e+00 0
7.01302062592572439e-01 2.20612670111022835e+00 0
9.83307905847519925e-01 2.17877142959002601e+00 0
1.22093919589476796e+00 2.14181782132845377e+00 0
1.39918682527109572e+00 2.10050488510615851e+00 0
1.52016971474878804e+00 2.06451830793091284e+00 0
1.59513777208893348e+00 2.03536316694138408e+00 0
1.63171809996281647e+00 2.01489254417618380e+00 0
1.64702681025026476e+00 2.00173390819773767e+00 0
1.64313997644622534e+00 1.99463492402627751e+00 0
1.63605477653769582e+00 1.99154865541959891e+00 0
1.62257177208069781e+00 1.99183689154011101e+00 0
1.61450449803928620e+00 1.99299364489035447e+00 0
1.60334509012740956e+00 1.99444297900745449e+00 0
1.59883110947249785e+00 1.99583068601360081e+00 0
1.59127713289547112e+00 1.99711484741374767e+00 0
1.59026244776164094e+00 1.99811378319964406e+00 0
1.58550751914616539e+00 1.99882618428192371e+00 0
1.58646725751025630e+00 1.99935726984525663e+00 0
1.58331742716307433e+00 1.99965692419560481e+00 0
1.58510146664824969e+00 1.99990427995831777e+00 0
1.58275962675970350e+00 1.99999107533469500e+00 0
1.58477625657200871e+00 2.00011195409564824e+00 0
1.58285897363688033e+00 2.00008443087730958e+00 0
1.58477000374927024e+00 2.00014156196043125e+00 0
1.58308566482701929e+00 2.00008646673652724e+00 0
1.58479932443208571e+00 2.00013287604055545e+00 0
1.58330594013391512e+00 2.00006946076284864e+00 0
1.58479601678513360e+00 2.00011522584367851e+00 0
1.58348769147665536e+00 2.00005108807082888e+00 0
1.58475421290616358e+00 2.00009879477275465e+00 0
1.58363441555472595e+00 2.00003586259255739e+00 0
1.58468530212355652e+00 2.00008553568377145e+00 0
1.58375797747802616e+00 2.00002374510144554e+00 0
1.58460246306130870e+00 2.00007483805959563e+00 0
1.58386968567719344e+00 2.00001375185442676e+00 0
1.58451657907178123e+00 2.00006565741067854e+00 0
1.58397829533052281e+00 2.00000502877661512e+00 0
1.58443576449559620e+00 2.00005651495451264e+00 0
1.58408860350889635e+00 1.99999558190819560e+00 0
1.58436203461760350e+00 2.00004328937680098e+00 0
1.58419455857074420e+00 1.99998178815344807e+00 0
1.58428534163317591e+00 2.00003199588169300e+00 0
5.37165706698877088e-01 1.37899528724379761e+00 0
-9.85840916469769984e-02 1.82628235244811687e+00 0
-2.23511931107783640e-01 1.99571633132294424e+00 0
-1.96360916767148397e-01 2.05172613041173646e+00 0
4.97400308294349350e-03 2.10183436955741598e+00 0
2.75349025143293680e-01 2.12113621203958935e+00 0
5.66449523860319548e-01 2.11817736363252296e+00 0
8.27730471942548784e-01 2.10204653759825355e+00 0
1.04737714959777173e+00 2.08055638528173770e+00 0
1.21080610650112797e+00 2.05658269079048983e+00 0
1.32052196205749506e+00 2.03585880575253819e+00 0
1.38739012078736912e+00 2.01903315530837624e+00 0
1.41849357531874420e+00 2.00753964408338659e+00 0
1.42998762408125013e+00 2.00029109443247766e+00 0
1.42485165106923772e+00 1.99650586815947784e+00 0
1.41673178558774548e+00 1.99481071454166381e+00 0
1.40310895019715387e+00 1.99518010997630979e+00 0
1.39519656200089126e+00 1.99591401042631644e+00 0
1.38442870367242987e+00 1.99678293689362807e+00 0
1.38024000571766869e+00 1.99759486162493993e+00 0
1.37312149967033825e+00 1.99832028523264160e+00 0
1.37231405298234588e+00 1.99888975813039149e+00 0
1.36789333447829287e+00 1.99928506636986181e+00 0
1.36893379620440236e+00 1.99957791950380193e+00 0
1.36599417257085243e+00 1.99973643906724563e+00 0
1.36778254968049584e+00 1.99986852192007492e+00 0
1.36556845666589677e+00 1.99990907592846190e+00 0
1.36754126099206430e+00 1.99997657608278723e+00 0
1.36570910789877531e+00 1.99995495462791806e+00 0
1.36756105962655661e+00 1.99998875422673983e+00 0
1.36594000191097087e+00 1.99995433627388985e+00 0
1.36759543428152353e+00 1.99998401536932047e+00 0
1.36615428235243641e+00 1.99994693916959609e+00 0
1.36759299775902865e+00 1.99997721495698944e+00 0
1.36632900453648665e+00 1.99994175929712492e+00 0
1.36755283288499463e+00 1.99997353411657008e+00 0
1.36647020522887463e+00 1.99994109590898295e+00 0
1.36748727755708388e+00 1.99997388219359951e+00 0
1.36658986870966226e+00 1.99994483177770443e+00 0
1.36740895685262753e+00 1.99997783921904415e+00 0
1.36669861589671271e+00 1.99995225222834150e+00 0
1.36732766513494708e+00 1.99998474420554606e+00 0
1.36680427072999544e+00 1.99996252017418441e+00 0
1.36725022237465388e+00 1.99999360326945119e+00 0
1.36691050208891518e+00 1.99997385928508864e+00 0
1.36717720818811328e+00 2.00000166303552351e+00 0
1.36700981415680056e+00 1.99998350196948715e+00 0
1.36709811768505807e+00 2.00001244227345243e+00 0
4.10958994234884967e-01 1.56555572107697061e+00 0
-1.94883831421177184e-01 1.91119234002445304e+00 0
-2.47682781104046928e-01 2.00406270267939712e+00 0
-2.15290423583020779e-01 2.02746252801032689e+00 0
-4.92533363516135178e-02 2.05134903380461298e+00 0
1.78176231408432806e-01 2.06043265908160977e+00 0
4.19663180861351737e-01 2.05880977216134298e+00 0
6.34650558756939098e-01 2.05049445722871004e+00 0
8.14353272279228269e-01 2.03960790661102642e+00 0
9.46576358904225867e-01 2.02759296537371547e+00 0
1.03411500671757417e+00 2.01732891489968225e+00 0
1.08634895521415675e+00 2.00911671705935335e+00 0
1.10915581420386977e+00 2.00343046613031728e+00 0
1.11654261741575689e+00 1.99997085978259670e+00 0
1.11109457742951645e+00 1.99812480888067023e+00 0
1.10345453929699922e+00 1.99732068229184523e+00 0
1.09144085853586703e+00 1.99756217628168886e+00 0
1.08491968907728387e+00 1.99797618196687909e+00 0
1.07574936679276956e+00 1.99842302238759362e+00 0
1.07251698444436228e+00 1.99885247282890655e+00 0
1.06653515910901309e+00 1.99921884702986707e+00 0
1.06609238145642204e+00 1.99951302740865944e+00 0
1.06237701566024678e+00 1.99971471476267593e+00 0
1.06343951089102218e+00 1.99986570303088262e+00 0
1.06092804073380198e+00 1.99994776381630057e+00 0
1.06257777304082746e+00 2.00001693090678412e+00 0
1.06064278783728749e+00 2.00003662070973798e+00 0
1.06241473498531791e+00 2.00007232967194604e+00 0
1.06079365727877306e+00 2.00005958872328904e+00 0
1.06244114068735329e+00 2.00007753099054986e+00 0
1.06099786003694385e+00 2.00005787916700317e+00 0
1.06246647882000378e+00 2.00007349733264173e+00 0
1.06118125746002567e+00 2.00005145722863098e+00 0
1.06245713793934371e+00 2.00006700393598535e+00 0
1.06132979420523776e+00 2.00004436668437613e+00 0
1.06241546085592131e+00 2.00006040913499650e+00 0
1.06145019339551427e+00 2.00003745923444809e+00 0
1.06235276679325730e+00 2.00005401115626658e+00 0
1.06155286208322330e+00 2.00003047755172503e+00 0
1.06227982176351188e+00 2.00004750187789693e+00 0
1.06164660636387320e+00 2.00002303762825306e+00 0
1.06220479467230189e+00 2.00004052583730774e+00 0
1.06173776501717931e+00 2.00001494419073156e+00 0
1.06213333366578189e+00 2.00003264808367920e+00 0
1.06182913006993540e+00 2.00000580180967935e+00 0
1.06206563441763668e+00 2.00002264911115057e+00 0
1.06191364999436688e+00 1.99999503661767664e+00 0
1.06199314869465367e+00 2.00001353619870637e+00 0
2.70370086949230370e-01 1.76706966041857583e+00 0
-1.79823006611517316e-01 1.97224617133711910e+00 0
-1.94071407028798271e-01 2.00120955045961502e+00 0
-1.68207052388361172e-01 2.00799363528115382e+00 0
-5.33051484927588304e-02 2.01470214112005230e+00 0
9.68604054037860845e-02 2.01720258900939520e+00 0
2.59006517849579010e-01 2.01695222213995651e+00 0
4.02090730335193935e-01 2.01448801077848927e+00 0
5.21235943574063443e-01 2.01132049633142751e+00 0
6.07939851990404345e-01 2.00778526627289233e+00 0
6.64609443506647413e-01 2.00480309835482817e+00 0
6.97881262552242809e-01 2.00237132043557109e+00 0
7.11558322618033312e-01 2.00081089987384697e+00 0
7.15463625026237393e-01 1.99985450054995173e+00 0
7.11170611822044885e-01 1.99938986075662406e+00 0
7.05631984136025237e-01 1.99916493987944266e+00 0
6.97165507078502888e-01 1.99927937720022442e+00 0
6.92927289801021362e-01 1.99939964733072517e+00 0
6.86595069141040626e-01 1.99953008533096499e+00 0
6.84644522350048357e-01 1.99964929332352948e+00 0
6.80534897642743219e-01 1.99974654276328723e+00 0
6.80426106386423424e-01 1.99982584124172247e+00 0
6.77850372032581139e-01 1.99987792589123803e+00 0
6.78732112295426293e-01 1.99991540905530218e+00 0
6.76950908036909049e-01 1.99993385581230654e+00 0
6.78205919767508436e-01 1.99994966385301698e+00 0
6.76801279400685685e-01 1.99995259581190110e+00 0
6.78116115850775691e-01 1.99996149496644926e+00 0
6.76924410908317786e-01 1.99995663066217588e+00 0
6.78137356394590718e-01 1.99996169294644455e+00 0
6.77071356741086761e-01 1.99995599464207086e+00 0
6.78150832716042928e-01 1.99996113400775233e+00 0
6.77200760800294232e-01 1.99995572346131301e+00 0
6.78138976172288910e-01 1.99996131520470666e+00 0
6.77305851962675898e-01 1.99995681821740789e+00 0
6.78105094969039479e-01 1.99996282633064548e+00 0
6.77392017528056667e-01 1.99995959634802523e+00 0
6.78057346767785840e-01 1.99996578727113561e+00 0
6.77466432835662768e-01 1.99996410125391355e+00 0
6.78003023935095483e-01 1.99997016933775562e+00 0
6.77534942991596112e-01 1.99997026168492376e+00 0
6.77947478094439226e-01 1.99997589891096772e+00 0
6.77601648282859514e-01 1.99997788161801071e+00 0
6.77894311083417134e-01 1.99998281918801935e+00 0
6.77668202674640008e-01 1.99998646002672653e+00 0
6.77843349855207000e-01 1.99999041460538551e+00 0
6.77729279601052670e-01 1.99999522571147659e+00 0
6.77788807674139071e-01 1.99999923356784359e+00 0
9.62457747057230278e-02 1.91752938353113866e+00 0
-8.66131249347179138e-02 1.99880401141322483e+00 0
-7.87813302219270706e-02 2.00163912213342066e+00 0
-6.75419861373696279e-02 2.00073766197967773e+00 0
-2.55156653052231799e-02 2.00103274344573778e+00 0
2.80742671630714626e-02 2.00114519073664354e+00 0
8.59051777432227603e-02 2.00092981913644996e+00 0
1.36438190765781425e-01 2.00076408701130415e+00 0
1.78301244774643125e-01 2.00056305406756874e+00 0
2.08383816927631638e-01 2.00038323974089494e+00 0
2.27757755580966392e-01 2.00023981526883077e+00 0
2.38913706936383696e-01 2.00016422586148268e+00 0
2.43168681222235283e-01 2.00005931144574900e+00 0
2.44199616016530507e-01 2.00001776006343635e+00 0
2.42430509599563471e-01 1.99997329910245858e+00 0
2.40341635988827351e-01 1.99996622510536937e+00 0
2.37184432411806784e-01 1.99996565550242789e+00 0
2.35764048785947727e-01 1.99997976489312634e+00 0
2.33442232720988740e-01 1.99998791140582566e+00 0
2.32848546556299413e-01 2.00000025679340299e+00 0
2.31343647044391504e-01 2.00000986880102660e+00 0
2.31387856507059148e-01 2.00001789798877283e+00 0
2.30429767578689632e-01 2.00002424331854822e+00 0
2.30817662500167303e-01 2.00002955438109975e+00 0
2.30136021733071905e-01 2.00003325721383218e+00 0
2.30647155992127567e-01 2.00003640316220110e+00 0
2.30096906884881214e-01 2.00003769775485951e+00 0
2.30620806506344617e-01 2.00003916570977758e+00 0
2.30148425596760076e-01 2.00003906129768438e+00 0
2.30628339692736994e-01 2.00003961435224387e+00 0
2.30204185137985323e-01 2.00003889129434276e+00 0
2.30630796052652465e-01 2.00003908470643488e+00 0
2.30252648471090671e-01 2.00003777146495532e+00 0
2.30623614559753720e-01 2.00003770932134817e+00 0
2.30292218199614734e-01 2.00003573695082792e+00 0
2.30608515437538353e-01 2.00003551310462324e+00 0
2.30325061342459531e-01 2.00003270274415224e+00 0
2.30588571973894985e-01 2.00003244689833659e+00 0
2.30353771704255916e-01 2.00002855819031300e+00 0
2.30566407026332909e-01 2.00002845042464861e+00 0
2.30380401482777691e-01 2.00002324990007363e+00 0
2.30543912131940421e-01 2.00002348910809769e+00 0
2.30406367578206067e-01 2.00001685114488259e+00 0
2.30522366803905171e-01 2.00001756831499966e+00 0
2.30432228573959647e-01 2.00000959701138159e+00 0
2.30501687436571345e-01 2.00001074683673830e+00 0
2.30455892515705058e-01 2.00000189907807568e+00 0
2.30479963687852923e-01 2.00000344123202556e+00 0
SCALARS velocity_magnitude double 1
LOOKUP_TABLE default
2.07216285730065009e+00
2.01313360833518695e+00
2.00511735322277218e+00
2.00188767640443688e+00
2.00110795083544835e+00
2.00064007471585548e+00
2.00045072088246201e+00
2.00032073886621697e+00
2.00023607507921453e+00
2.00019280597238991e+00
2.00014536268473586e+00
2.00013340554823804e+00
2.00010548438961377e+00
2.00010752933685687e+00
2.00009044293942884e+00
2.00009578814073663e+00
2.00008491494833818e+00
2.00008962150476277e+00
2.00008354856996284e+00
2.00008839561141905e+00
2.00008480962390234e+00
2.00008925942709226e+00
2.00008676521870976e+00
2.00009061814813460e+00
2.00008859102442216e+00
2.00009174835786707e+00
2.00008984021198666e+00
2.00009235299387322e+00
2.00009042637153867e+00
2.00009231744131633e+00
2.00009028018837354e+00
2.00009160434092514e+00
2.00008932144798202e+00
2.00009014935758556e+00
2.00008744167000740e+00
2.00008787187524906e+00
2.00008451616774607e+00
2.00008469339723138e+00
2.00008043537424340e+00
2.00008054623444798e+00
2.00007515456489049e+00
2.00007539056807238e+00
2.00006875482488322e+00
2.00006924013340193e+00
2.00006147269977808e+00
2.00006220390564016e+00
2.00005364590619550e+00
2.00005454292897555e+00
2.24879958232437183e+00
2.08699053996931916e+00
2.03345863585731923e+00
2.01554911037444917e+00
2.00785935651971803e+00
2.00452729657572215e+00
2.00277437877529163e+00
2.00180175760102630e+00
2.00124611613033609e+00
2.00089340633612567e+00
2.00068610187731233e+00
2.00055426803564451e+00
2.00046867806654260e+00
2.00043306939675736e+00
2.00039002323120041e+00
2.00039562212021949e+00
2.00037737506662427e+00
2.00040170233866998e+00
2.00038555675104801e+00
2.00041237805558447e+00
2.00039472429051068e+00
2.00041983620160169e+00
2.00040118268909861e+00
2.00042310775201715e+00
2.00040445722131199e+00
2.00042358007188881e+00
2.00040607283029948e+00
2.00042286851911078e+00
2.00040715766364219e+00
2.00042205031075015e+00
2.00040856766984021e+00
2.00042172866206158e+00
2.00041076868333567e+00
2.00042223518216788e+00
2.00041403344585200e+00
2.00042374622633812e+00
2.00041853871189490e+00
2.00042636177101896e+00
2.00042440484325867e+00
2.00043014848324896e+00
2.00043167088397356e+00
2.00043514470170125e+00
2.00044024694298672e+00
2.00044135372806764e+00
2.00044988828059855e+00
2.00044874381673043e+00
2.00046010124967610e+00
2.00045653867784212e+00
2.37422872403447949e+00
2.24264387796786702e+00
2.11944277194214248e+00
2.05707758904535831e+00
2.03116935573282431e+00
2.01781239959735670e+00
2.01142000124469922e+00
2.00743345926037442e+00
2.00525385335856399e+00
2.00379719965147407e+00
2.00290796148005601e+00
2.00236243547387938e+00
2.00196325795644148e+00
2.00181706353064071e+00
2.00161187524846707e+00
2.00162426216259526e+00
2.00153004461005102e+00
2.00160473082519941e+00
2.00154291410434704e+00
2.00163028753953975e+00
2.00157601140226227e+00
2.00165838892620540e+00
2.00160549666227139e+00
2.00167652011537767e+00
2.00162457301887420e+00
2.00168477393398891e+00
2.00163542542380268e+00
2.00168653301346433e+00
2.00164113471192229e+00
2.00168456604581735e+00
2.00164403090270104e+00
2.00168062476047970e+00
2.00164521859326294e+00
2.00167546839122101e+00
2.00164505772509749e+00
2.00166928931359367e+00
2.00164353826763985e+00
2.00166205126842689e+00
2.00164056324493478e+00
2.00165367034381703e+00
2.00163611526731522e+00
2.00164411801467335e+00
2.00163038396495363e+00
2.00163352536065986e+00
2.00162381628260455e+00
2.00162236088477030e+00
2.00161648187950947e+00
2.00160945707572502e+00
2.49038794422671605e+00
2.41976728634829552e+00
2.25477076408481381e+00
2.13113537194819136e+00
2.07307076066713547e+00
2.04229006419177983e+00
2.02689724389678894e+00
2.01744758486809950e+00
2.01225332076095809e+00
2.00877242316330795e+00
2.00673291406767884e+00
2.00540321484530981e+00
2.00454108222120819e+00
2.00414377107970498e+00
2.00373119675782885e+00
2.00371860861106033e+00
2.00355736028510023e+00
2.00370623730333586e+00
2.00360184770083372e+00
2.00378143703437317e+00
2.00368201186756423e+00
2.00385127196889545e+00
2.00374772421698122e+00
2.00389245510355574e+00
2.00378693056936852e+00
2.00390911256862170e+00
2.00380790033746559e+00
2.00391164668799959e+00
2.00381901840284371e+00
2.00390785857620957e+00
2.00382671930125911e+00
2.00390243444109206e+00
2.00383423806146155e+00
2.00389763354979600e+00
2.00384298865429322e+00
2.00389429902529725e+00
2.00385344871917059e+00
2.00389264393631361e+00
2.00386573564623749e+00
2.00389268744314064e+00
2.00387982196551206e+00
2.00389444566780028e+00
2.00389564720690272e+00
2.00389808219733778e+00
2.00391312378994124e+00
2.00390414785377979e+00
2.00393117683527766e+00
2.00390869064907085e+00
2.48766683184857973e+00
2.60453443036619348e+00
2.45410383830620793e+00
2.25478712713781482e+00
2.14970048141356740e+00
2.08824677159833483e+00
2.05695231843962167e+00
2.03710887117859185e+00
2.02617724906318175e+00
2.01876440244666222e+00
2.01439867153386709e+00
2.01153446625684307e+00
2.00968546497137224e+00
2.00879530589610500e+00
2.00792772056397828e+00
2.00784907258108181e+00
2.00751737534842079e+00
2.00776528276067090e+00
2.00757997407896482e+00
2.00790077817616641e+00
2.00773861517724184e+00
2.00804279698263732e+00
2.00787587365424347e+00
2.00813304712283358e+00
2.00796071298674139e+00
2.00817423924661087e+00
2.00800638090095163e+00
2.00818479805557271e+00
2.00802910578465310e+00
2.00817940667800432e+00
2.00804112685064462e+00
2.00816727590108890e+00
2.00804861647312372e+00
2.00815268610459441e+00
2.00805405877624787e+00
2.00813708651533718e+00
2.00805808335177538e+00
2.00812071629743638e+00
2.00806074976256799e+00
2.00810349518138986e+00
2.00806215911342090e+00
2.00808546359245277e+00
2.00806280506430790e+00
2.00806714377027085e+00
2.00806359998013129e+00
2.00805002897827789e+00
2.00806359671293500e+00
2.00802741129953377e+00
2.42984357081727831e+00
2.72480453096609443e+00
2.68113783155470564e+00
2.42296635441504993e+00
2.26338239848600020e+00
2.15932439134403520e+00
2.10376267794438387e+00
2.06784729378809340e+00
2.04784547737327527e+00
2.03420880039383656e+00
2.02627296611438679e+00
2.02092980853612891e+00
2.01767960859683226e+00
2.01593510465150949e+00
2.01449196061166758e+00
2.01423322773326685e+00
2.01376384770576777e+00
2.01412999824953198e+00
2.01390188697928219e+00
2.01440274324318569e+00
2.01419830722524784e+00
2.01467352544791023e+00
2.01444574845483615e+00
2.01484217050514358e+00
2.01459331784202611e+00
2.01491849116166799e+00
2.01467022987455247e+00
2.01493952040528512e+00
2.01470723720855061e+00
2.01493369322486515e+00
2.01472811849503231e+00
2.01491845350185717e+00
2.01474484325060343e+00
2.01490218746819227e+00
2.01476246888572774e+00
2.01488789389495837e+00
2.01478243087582820e+00
2.01487618261645363e+00
2.01480483118200082e+00
2.01486696007864552e+00
2.01482946816472186e+00
2.01486022389352204e+00
2.01485647776140286e+00
2.01485663018989181e+00
2.01488635801143090e+00
2.01485818958269824e+00
2.01491686978610929e+00
2.01485149538459440e+00
2.24259199237460427e+00
2.78388689067366757e+00
2.90835249645882010e+00
2.64172067745009675e+00
2.43016052859955156e+00
2.27147598696886854e+00
2.18004513451613846e+00
2.11916824941056836e+00
2.08432499169802199e+00
2.06049183068406405e+00
2.04642980339243152e+00
2.03695488689822124e+00
2.03121861013559180e+00
2.02802667948857041e+00
2.02555343398590137e+00
2.02497083379908460e+00
2.02419867899104311e+00
2.02467841665249537e+00
2.02437379170038367e+00
2.02511364432056951e+00
2.02486984415605109e+00
2.02557631962880924e+00
2.02529397203291062e+00
2.02587413197198751e+00
2.02554896522646510e+00
2.02601591832912264e+00
2.02568102521692062e+00
2.02606150164937304e+00
2.02574206345991215e+00
2.02605768256210217e+00
2.02577103789634894e+00
2.02603406424948629e+00
2.02578822019825600e+00
2.02600474998496294e+00
2.02580216873012731e+00
2.02597481081305819e+00
2.02581541442510327e+00
2.02594535062038661e+00
2.02582846635184843e+00
2.02591633910824021e+00
2.02584164402691425e+00
2.02588796352219980e+00
2.02585605089828213e+00
2.02586152325085944e+00
2.02587320407878480e+00
2.02584020917338181e+00
2.02589051353005978e+00
2.02580324583559701e+00
2.01565397619659503e+00
2.71452228517820293e+00
3.07866112752897081e+00
2.86985199214872999e+00
2.63923127611598662e+00
2.42452939482975971e+00
2.28883417586444171e+00
2.19363465278377801e+00
2.13764114555452300e+00
2.09897982521287485e+00
2.07605922216851457e+00
2.06046746965294147e+00
2.05125650556869665e+00
2.04587282809617310e+00
2.04211305256615949e+00
2.04096053347191697e+00
2.03996406944524100e+00
2.04058670737537673e+00
2.04030719331209554e+00
2.04134759892952333e+00
2.04114025926262910e+00
2.04213398728395967e+00
2.04183838548732322e+00
2.04263798330268687e+00
2.04224581218585044e+00
2.04287403096883491e+00
2.04245051817960377e+00
2.04295419347559593e+00
2.04254065192566570e+00
2.04295597977902643e+00
2.04258225429622620e+00
2.04292757522004420e+00
2.04260870867393241e+00
2.04289274605000237e+00
2.04263435293225237e+00
2.04286006750009008e+00
2.04266319855893252e+00
2.04283136081238847e+00
2.04269548318482652e+00
2.04280646420395628e+00
2.04273074024694479e+00
2.04278550588907803e+00
2.04276972569070336e+00
2.04277022001566522e+00
2.04281429953590976e+00
2.04276495699018001e+00
2.04286044690117974e+00
2.04273659990761747e+00
1.74671846048611634e+00
2.55114397347275634e+00
3.15524060745873580e+00
3.08698543572660267e+00
2.88219262433754553e+00
2.63069138480712539e+00
2.44488094316937055e+00
2.30587588606627980e+00
2.21913094401601541e+00
2.15882901450509390e+00
2.12202130628821761e+00
2.09726329416741386e+00
2.08246032048036689e+00
2.07374590115177293e+00
2.06791997324830712e+00
2.06590254187721545e+00
2.06442626475918134e+00
2.06516653906874170e+00
2.06489740507467801e+00
2.06631625999904545e+00
2.06617638659929304e+00
2.06753872273473416e+00
2.06726101279790342e+00
2.06834375380718916e+00
2.06791150032907156e+00
2.06873706873286567e+00
2.06822523096514921e+00
2.06887762953157006e+00
2.06836290469622242e+00
2.06889421403981411e+00
2.06842007940324812e+00
2.06886108968393723e+00
2.06844925531473933e+00
2.06881479673483559e+00
2.06847308858805601e+00
2.06876882094499948e+00
2.06849852524670696e+00
2.06872632035277171e+00
2.06852697983902223e+00
2.06868731633193326e+00
2.06855892177175837e+00
2.06865206171539073e+00
2.06859637839804877e+00
2.06862283449328421e+00
2.06864108497010779e+00
2.06860392754880262e+00
2.06868932196534816e+00
2.06855113621127762e+00
1.51411992603017032e+00
2.30255134363410541e+00
3.08479427340434187e+00
3.22940627916350609e+00
3.11265670920675408e+00
2.85966533224188746e+00
2.63954817429679034e+00
2.45328695612410108e+00
2.32974268562893805e+00
2.24140898484761353e+00
2.18613220420150833e+00
2.14896049772624931e+00
2.12670595053188238e+00
2.11345862025319287e+00
2.10519017504406003e+00
2.10205423972227123e+00
2.10028482831407137e+00
2.10126868741836548e+00
2.10121112389249021e+00
2.10316925314501635e+00
2.10323942269728548e+00
2.10508936608227915e+00
2.10490787530468149e+00
2.10633731694449988e+00
2.10588555340269856e+00
2.10694346244463304e+00
2.10633895074026523e+00
2.10715098123725353e+00
2.10652147089900854e+00
2.10717955905982279e+00
2.10658954156502221e+00
2.10713356637672655e+00
2.10661851495799102e+00
2.10706873480330392e+00
2.10664223117843630e+00
2.10700536922169324e+00
2.10667041225330021e+00
2.10694830806670819e+00
2.10670415721619442e+00
2.10689779683211853e+00
2.10674287051259901e+00
2.10685457211546723e+00
2.10678871190256833e+00
2.10682277848064103e+00
2.10684707458886988e+00
2.10680702072631743e+00
2.10691054742026651e+00
2.10675340808979472e+00
1.32698679214107185e+00
2.03733473624137718e+00
2.88068720344513363e+00
3.25224579490884791e+00
3.28868584995471247e+00
3.09360891611129052e+00
2.86858738887707965e+00
2.64592238271417157e+00
2.48044382181088707e+00
2.35786085674631618e+00
2.27752362311611112e+00
2.22380487781030300e+00
2.19102546597462267e+00
2.17174010881187396e+00
2.15995154350608676e+00
2.15535471629977593e+00
2.15311864478880244e+00
2.15436513610335423e+00
2.15455598304576723e+00
2.15715872704682088e+00
2.15751754203582458e+00
2.15994984975744009e+00
2.15993534447376767e+00
2.16178889464700763e+00
2.16135896620293488e+00
2.16270575869159210e+00
2.16203165092318450e+00
2.16305302514957587e+00
2.16230213294671048e+00
2.16311984484932118e+00
2.16240187893892388e+00
2.16308686597440092e+00
2.16244752569167398e+00
2.16302816348774263e+00
2.16248503150501126e+00
2.16297147935658307e+00
2.16252867034862151e+00
2.16292346056773344e+00
2.16258098638880636e+00
2.16288380470015706e+00
2.16264182624632895e+00
2.16285162670962405e+00
2.16271280998415572e+00
2.16282976471373045e+00
2.16279952707751555e+00
2.16282089221799190e+00
2.16289085648223489e+00
2.16276518970967091e+00
1.20121499986187197e+00
1.78653049411895015e+00
2.58674399514647479e+00
3.11961158954955620e+00
3.33568073379073304e+00
3.25356855594349614e+00
3.07310085755345597e+00
2.84649485983909090e+00
2.65301213508428102e+00
2.50010812457741771e+00
2.39422919353161801e+00
2.32191487736213587e+00
2.27702858455154278e+00
2.25090055820040424e+00
2.23551784226087813e+00
2.22970658642125708e+00
2.22749769923394281e+00
2.22953787990131325e+00
2.23024747818208047e+00
2.23386580944295465e+00
2.23465151952847352e+00
2.23783905599089250e+00
2.23801317327905558e+00
2.24036590064295238e+00
2.23992760431598503e+00
2.24158401887375058e+00
2.24078627274980269e+00
2.24200444105248886e+00
2.24107978467391433e+00
2.24205283286526491e+00
2.24115226190710182e+00
2.24196418558254029e+00
2.24115544492532415e+00
2.24184110102679091e+00
2.24114760358643572e+00
2.24171806201795798e+00
2.24114609324841574e+00
2.24160497680341342e+00
2.24115463828862982e+00
2.24150419674485812e+00
2.24117396026259463e+00
2.24141844554330039e+00
2.24120793752552983e+00
2.24135492717677121e+00
2.24126680611062401e+00
2.24131942409645823e+00
2.24134338168209712e+00
2.24125890429504260e+00
1.14212489427174191e+00
1.61238445446141077e+00
2.31998283360524882e+00
2.90589166924519349e+00
3.25312713326843728e+00
3.28067060443119241e+00
3.19015142562239040e+00
3.01139516520026573e+00
2.81635373447799564e+00
2.64760027939998821e+00
2.52270132505397271e+00
2.43641164183479209e+00
2.38113335108297619e+00
2.34951830274988094e+00
2.33116246637732383e+00
2.32428365855313901e+00
2.32223574610330497e+00
2.32495913537910370e+00
2.32615341134401499e+00
2.33050955169248519e+00
2.33175264990062958e+00
2.33552820136710482e+00
2.33594175315444508e+00
2.33872178466096647e+00
2.33833962266214668e+00
2.34031581377540698e+00
2.33946124946445932e+00
2.34092735122397677e+00
2.33988382642397008e+00
2.34105492959719941e+00
2.34002039850094867e+00
2.34102256988329005e+00
2.34008162516501184e+00
2.34095464350520910e+00
2.34013296158634310e+00
2.34088940014052849e+00
2.34019338775888874e+00
2.34083638889731205e+00
2.34026530355829410e+00
2.34079437399055612e+00
2.34034670664520705e+00
2.34076022110046944e+00
2.34043748442179567e+00
2.34073486432595823e+00
2.34054364731611386e+00
2.34071845825126612e+00
2.34065751264168753e+00
2.34066954177473852e+00
1.10353331032036239e+00
1.49755518457470060e+00
2.11246907207376022e+00
2.67651331550676774e+00
3.08412881576406095e+00
3.19661735407124770e+00
3.16145718472409154e+00
3.05691968767828293e+00
2.91233703241133401e+00
2.75922134983249601e+00
2.63592626899036953e+00
2.54557192788840903e+00
2.48593684074153076e+00
2.45156532070149602e+00
2.43239680997841523e+00
2.42568677125380505e+00
2.42391498878402123e+00
2.42755582569086359e+00
2.42876028246885634e+00
2.43351167129190538e+00
2.43463988201166215e+00
2.43857442242274347e+00
2.43876511617448655e+00
2.44162790157099385e+00
2.44103784982449623e+00
2.44309555998493932e+00
2.44207712611201710e+00
2.44362623509316901e+00
2.44243835722576774e+00
2.44369741685210506e+00
2.44252959647409895e+00
2.44360910143073085e+00
2.44254946529687267e+00
2.44348999549497847e+00
2.44256091968626698e+00
2.44337198668585343e+00
2.44258016654299448e+00
2.44326500225865884e+00
2.44261075819097906e+00
2.44317105989022343e+00
2.44265302139261253e+00
2.44309176365505776e+00
2.44270920282524218e+00
2.44303124845708686e+00
2.44278580219109553e+00
2.44299160143327621e+00
2.44287948820963363e+00
2.44295515704141142e+00
1.10207269739728342e+00
1.46265963461615756e+00
2.00064179051532243e+00
2.49843870126048406e+00
2.88888963351057138e+00
3.05066908654768820e+00
3.06744319397682830e+00
3.00549730494144773e+00
2.91383988516075965e+00
2.80370741513674071e+00
2.70550877769212983e+00
2.63026571601843973e+00
2.57776029665736406e+00
2.54592589998294194e+00
2.52745106335766190e+00
2.52060394575779245e+00
2.51816463351174447e+00
2.52147308500425682e+00
2.52227183000400590e+00
2.52656310826499775e+00
2.52738921091182256e+00
2.53105684453997881e+00
2.53102598959597902e+00
2.53376867188857213e+00
2.53303893328164875e+00
2.53507700327929841e+00
2.53398599752715992e+00
2.53558634087411772e+00
2.53434949743497251e+00
2.53567933442468973e+00
2.53448348633168008e+00
2.53563579298666353e+00
2.53455057932386296e+00
2.53556398609579325e+00
2.53461056048763433e+00
2.53549399178445656e+00
2.53467805859107198e+00
2.53543423663532641e+00
2.53475522689217181e+00
2.53538485182221773e+00
2.53484089327255191e+00
2.53534429239184167e+00
2.53493480308224584e+00
2.53531222591420224e+00
2.53503927551734387e+00
2.53528676874898151e+00
2.53514856228584406e+00
2.53526017312441621e+00
1.08403535829890529e+00
1.43627676826385819e+00
1.92786361378525894e+00
2.35946150891698858e+00
2.70493356146797570e+00
2.87730634803932483e+00
2.93122701057957613e+00
2.91759646614396395e+00
2.87206723530100794e+00
2.81051312531387598e+00
2.74606661133985419e+00
2.69155248576200279e+00
2.65110907611342350e+00
2.62548739537988984e+00
2.60956369714009373e+00
2.60379001248544917e+00
2.60033904331742738e+00
2.60272917797862213e+00
2.60219671062494795e+00
2.60550577295997154e+00
2.60530292899751004e+00
2.60825248073314286e+00
2.60757545260729762e+00
2.60992881182144032e+00
2.60886703543816889e+00
2.61075804538904022e+00
2.60951578744922585e+00
2.61108203251335391e+00
2.60977617686856256e+00
2.61111383820366738e+00
2.60988617035614867e+00
2.61105713169038012e+00
2.60994588404051786e+00
2.61097452698221577e+00
2.60999601498216771e+00
2.61088781453283669e+00
2.61004690601366196e+00
2.61080466200075811e+00
2.61010177699224988e+00
2.61072793772617739e+00
2.61016211290774258e+00
2.61065979178845664e+00
2.61023006718054695e+00
2.61060255163101296e+00
2.61030785202169957e+00
2.61055600838829660e+00
2.61039096309257790e+00
2.61052036758381734e+00
1.11155358474169708e+00
1.46551892721545274e+00
1.90724686436743274e+00
2.25371499543966936e+00
2.53527947510122464e+00
2.69338706870574818e+00
2.76791279071959773e+00
2.79234047605205449e+00
2.79145121156591092e+00
2.77301822674724718e+00
2.75056938425385233e+00
2.72468587146601093e+00
2.70107687360220305e+00
2.68348393474384972e+00
2.66987366034516693e+00
2.66429430651737453e+00
2.65972955024780822e+00
2.66056377849403614e+00
2.65876237268762772e+00
2.66082117676061847e+00
2.65976311311387015e+00
2.66199406364454649e+00
2.66082788712881779e+00
2.66282712708625890e+00
2.66153410036757165e+00
2.66328947448314324e+00
2.66197452534444867e+00
2.66352434663382009e+00
2.66221252879240478e+00
2.66356181424357175e+00
2.66234984027051658e+00
2.66354424265473844e+00
2.66245184556423542e+00
2.66350419764205570e+00
2.66254401874094970e+00
2.66345889822199045e+00
2.66263503437430327e+00
2.66341535711233979e+00
2.66272826808652541e+00
2.66337624143656848e+00
2.66282518140012980e+00
2.66334252337232247e+00
2.66292684290095361e+00
2.66331418313927726e+00
2.66303245116260667e+00
2.66328723685923396e+00
2.66313417808442932e+00
2.66326215141733424e+00
1.13142929049919649e+00
1.50845211069006435e+00
1.91347740524805876e+00
2.17912215976182155e+00
2.39557524094715291e+00
2.52604207921179125e+00
2.60921646217374592e+00
2.66245058768205434e+00
2.69926761396489434e+00
2.71606372189470546e+00
2.72199889293249386e+00
2.72059620427420423e+00
2.71209320110984242e+00
2.70315988285840003e+00
2.69119457990171984e+00
2.68447540952664765e+00
2.67742309017053737e+00
2.67517015416596138e+00
2.67088479567560011e+00
2.67069669681640942e+00
2.66801723770063726e+00
2.66907686449226444e+00
2.66710037050808424e+00
2.66857423814303196e+00
2.66694595285449321e+00
2.66849347335440079e+00
2.66707126942337025e+00
2.66855906858162895e+00
2.66724114871864959e+00
2.66857129572957064e+00
2.66737371464522033e+00
2.66855810866514354e+00
2.66747978510310890e+00
2.66851716787508453e+00
2.66756493368406966e+00
2.66845794531573599e+00
2.66763621828156072e+00
2.66838909952402092e+00
2.66770009380993400e+00
2.66831758650750839e+00
2.66776195582548148e+00
2.66824908265681771e+00
2.66782632943067810e+00
2.66818769599743355e+00
2.66789463381111425e+00
2.66813144354554410e+00
2.66796027847980621e+00
2.66808133710138540e+00
1.22504587089492833e+00
1.60382593830782816e+00
1.94505994338042876e+00
2.12355375899515408e+00
2.27144538667743490e+00
2.36950655877039251e+00
2.45070714339514728e+00
2.52198216952130272e+00
2.58605917447741529e+00
2.63125468493911674e+00
2.65987914646766788e+00
2.67397384721235820e+00
2.67609406296065000e+00
2.67293321964882091e+00
2.66351893605558754e+00
2.65671901361220142e+00
2.64888402988088600e+00
2.64528949036219707e+00
2.63989942608842609e+00
2.63865129613401050e+00
2.63522180799603012e+00
2.63569243540481457e+00
2.63336830476343930e+00
2.63456253244015359e+00
2.63280994093629594e+00
2.63422352866278908e+00
2.63278242136428142e+00
2.63421637260002672e+00
2.63293029536425927e+00
2.63423319727853356e+00
2.63307561667469692e+00
2.63424103599333392e+00
2.63320339475518850e+00
2.63422427261727465e+00
2.63331039222969476e+00
2.63418858833190361e+00
2.63340256636765124e+00
2.63414246468448221e+00
2.63348682543891854e+00
2.63409312641981552e+00
2.63356885229242321e+00
2.63404598554687563e+00
2.63365282904691034e+00
2.63400432438560417e+00
2.63373935149784044e+00
2.63396516928380198e+00
2.63382061978071169e+00
2.63392668815655639e+00
1.31996912761188412e+00
1.70977020905444177e+00
1.98162802375242197e+00
2.09124148410141597e+00
2.17956096381254527e+00
2.24409832356248939e+00
2.31491243988797457e+00
2.39038477657886705e+00
2.46537544804687458e+00
2.52385509575471545e+00
2.56381586808049278e+00
2.58595586452795168e+00
2.59273907717746210e+00
2.59222606130556255e+00
2.58427503612541543e+00
2.57739040091628757e+00
2.56907636283028129e+00
2.56488760821257600e+00
2.55900728301968705e+00
2.55726436721950545e+00
2.55355255035733864e+00
2.55370189007512005e+00
2.55130166939154090e+00
2.55231421491069410e+00
2.55059245855580086e+00
2.55189415700691447e+00
2.55050825082353860e+00
2.55185493559306797e+00
2.55064310734775468e+00
2.55187425878803342e+00
2.55078538818996137e+00
2.55188565976978277e+00
2.55090876903497543e+00
2.55186977165170692e+00
2.55100717834179624e+00
2.55183093173808428e+00
2.55108632033212723e+00
2.55177774440053184e+00
2.55115352579865329e+00
2.55171791618491506e+00
2.55121504166426405e+00
2.55165738752422433e+00
2.55127563293540227e+00
2.55160003817697412e+00
2.55133671463001299e+00
2.55154388873066562e+00
2.55139168932381244e+00
2.55148741487475439e+00
1.47992398409307091e+00
1.82894123852826040e+00
2.00819353112608212e+00
2.06110109500915861e+00
2.10184025505257877e+00
2.13893335933427808e+00
2.19261040928086626e+00
2.25914527651743535e+00
2.32931615841134043e+00
2.38654222497727275e+00
2.42662302989902567e+00
2.44976452531521627e+00
2.45811705290594418e+00
2.45886743593293744e+00
2.45280205258189632e+00
2.44671182184270819e+00
2.43915116328784309e+00
2.43520967960362045e+00
2.42977055143518994e+00
2.42805430428849212e+00
2.42461267323859042e+00
2.42462494525883487e+00
2.42245184701774541e+00
2.42328116291893592e+00
2.42175265153790553e+00
2.42287086081311065e+00
2.42165512033029051e+00
2.42282384943594176e+00
2.42177232372046625e+00
2.42284507735024945e+00
2.42190202857202275e+00
2.42286056833662222e+00
2.42201678001696274e+00
2.42285357953522285e+00
2.42211106046319546e+00
2.42282787005154310e+00
2.42219016777871232e+00
2.42279115561721969e+00
2.42226076205974206e+00
2.42275021672645163e+00
2.42232824321709250e+00
2.42271003648771588e+00
2.42239633350680839e+00
2.42267364366359983e+00
2.42246563619479671e+00
2.42263909213359785e+00
2.42252963658881670e+00
2.42260335850230524e+00
1.61859569094304145e+00
1.92110277401224483e+00
2.01931029718715704e+00
2.03886102247617229e+00
2.05194024026843547e+00
2.06812221883742264e+00
2.10114608328828689e+00
2.14646426731407702e+00
2.19617204808323274e+00
2.23766396862204475e+00
2.26693841954491937e+00
2.28401051557610923e+00
2.28996948730793992e+00
2.29053505899498688e+00
2.28627074334114910e+00
2.28186367432542170e+00
2.27629035841053184e+00
2.27353459517432865e+00
2.26956631904948081e+00
2.26841439998424077e+00
2.26591554210105528e+00
2.26596675010388626e+00
2.26439922801646087e+00
2.26503121909684557e+00
2.26392565372829457e+00
2.26476030689214358e+00
2.26387049266765272e+00
2.26473274207648823e+00
2.26396147091041433e+00
2.26474972290500531e+00
2.26405564839316265e+00
2.26475804741888531e+00
2.26413592629656657e+00
2.26474793082844661e+00
2.26419928468623066e+00
2.26472255511684040e+00
2.26424962214866232e+00
2.26468749470110353e+00
2.26429158681757770e+00
2.26464752875451580e+00
2.26432896634911973e+00
2.26460617565536104e+00
2.26436455957293470e+00
2.26456570050078287e+00
2.26439932625353313e+00
2.26452511771641030e+00
2.26442945276281460e+00
2.26448307409272509e+00
1.78763395825005400e+00
1.98042704335724795e+00
2.01059776580919136e+00
2.01502656354768783e+00
2.01540719366820698e+00
2.01952673248986558e+00
2.03351435762914434e+00
2.05422464715808628e+00
2.07776250996990619e+00
2.09780660192988799e+00
2.11209402621458464e+00
2.12050210127799810e+00
2.12357234478625267e+00
2.12398357387847536e+00
2.12210354469703821e+00
2.12004173399462115e+00
2.11734687105305053e+00
2.11606880292140254e+00
2.11412708963119034e+00
2.11360720529459201e+00
2.11237164869332084e+00
2.11241167426009824e+00
2.11163274395235412e+00
2.11195144916682409e+00
2.11139715816714002e+00
2.11181484215673798e+00
2.11136694046609685e+00
2.11179720804933746e+00
2.11141023550923812e+00
2.11180421615997638e+00
2.11145674893519208e+00
2.11180801434577292e+00
2.11149799105615088e+00
2.11180437856335113e+00
2.11153273520378670e+00
2.11179493003639784e+00
2.11156300697736388e+00
2.11178240255970096e+00
2.11159114743442977e+00
2.11176911112603038e+00
2.11161896340194088e+00
2.11175670456597420e+00
2.11164758440344746e+00
2.11174619072617675e+00
2.11167706650579357e+00
2.11173702563940280e+00
2.11170496975720123e+00
2.11172787121832828e+00
1.91994327672825094e+00
2.00067971186108551e+00
2.00318887607898510e+00
2.00187739683410371e+00
2.00119541512515564e+00
2.00134210940687041e+00
2.00277303773356241e+00
2.00541075886552900e+00
2.00849293431377207e+00
2.01120782640521956e+00
2.01316489980676083e+00
2.01438245866522303e+00
2.01478739742638968e+00
2.01487083780370035e+00
2.01461305195500895e+00
2.01435572914815797e+00
2.01398090312886691e+00
2.01382813235934011e+00
2.01356572323507654e+00
2.01350924328820957e+00
2.01334531522272631e+00
2.01335837158076769e+00
2.01325479054398393e+00
2.01330450049660925e+00
2.01323014542811185e+00
2.01329176339179705e+00
2.01323008595603614e+00
2.01329148926992207e+00
2.01323732940783451e+00
2.01329279789296933e+00
2.01324353557758817e+00
2.01329255311820843e+00
2.01324796520807547e+00
2.01329036413031881e+00
2.01325046997231327e+00
2.01328645281092067e+00
2.01325121282180941e+00
2.01328112248913405e+00
2.01325038028437930e+00
2.01327461379640260e+00
2.01324815398604517e+00
2.01326710905563377e+00
2.01324476879590453e+00
2.01325876011145644e+00
2.01324052216897087e+00
2.01324961576391592e+00
2.01323558351006726e+00
2.01323987110366387e+00
