# P12-MESH-005 full regression, build/debug (Debug, GUI on, Qt offscreen), 2026-09-15T05:49:14Z
# HEAD b66310ca871811c4c7671056beec291a451af55c + uncommitted P12-MESH-001..004 working tree + P12-MESH-005 (3D foundation)
# build: 6 warnings (/root/m5logs/final_build_debug.log)
Test project /mnt/c/Users/Hasib/Desktop/CFDAPP/CFDApp/build/debug
          Start 1725: CompressibleCoupledProductionCaseTest.RepeatedRunIsDeterministic
          Start 1693: NaturalConvectionValidation.GridConvergence
          Start 1849: SIMPLEMMS.DistortedMesh
          Start 1743: GradedMeshProductionCase.GradedGridConvergence
          Start 1721: CompressibleCoupledProductionCaseTest.DispatchesToCompressibleSimpleAndConverges
          Start 1722: CompressibleCoupledProductionCaseTest.MassFlowRateIsConservedAtEveryInternalCrossSection
          Start 1724: CompressibleCoupledProductionCaseTest.ExportsCoupledCompressibleFields
          Start 1723: CompressibleCoupledProductionCaseTest.MatchesArkilicIsothermalLubricationPressureProfile
          Start 1845: SIMPLEMMS.PressureConvergesAtExpectedOrder
          Start 1844: SIMPLEMMS.VelocityConvergesAtExpectedOrder
          Start 1748: MultiBlockProductionCase.CurvedChannelGridConvergence
          Start 1740: StructuredQuadProductionCase.SstChannelMatchesCartesianOnTiltedMesh
          Start 1669: PoiseuilleValidation.ProductionGridConvergence
          Start 1734: StructuredQuadProductionCase.DistortedPoiseuilleGridConvergence
          Start 1664: PoiseuilleValidation.GridConvergence
          Start 1751: MultiBlockProductionCase.ObstacleChannelInternalSolid
   1/1909 Test #1664: PoiseuilleValidation.GridConvergence .....................................................................   Passed  293.67 sec
          Start 1745: GradedMeshProductionCase.GradedVertexGridOnNonOrthogonalStructuredQuad
   2/1909 Test #1669: PoiseuilleValidation.ProductionGridConvergence ...........................................................   Passed  300.82 sec
          Start 1657: SchemeValidation.AccuracyCostComparison
   3/1909 Test #1734: StructuredQuadProductionCase.DistortedPoiseuilleGridConvergence ..........................................   Passed  310.12 sec
          Start 1742: GradedMeshProductionCase.GradedMeshBeatsUniformAtEqualCellCount
   4/1909 Test #1845: SIMPLEMMS.PressureConvergesAtExpectedOrder ...............................................................   Passed  312.16 sec
          Start 1741: GradedMeshProductionCase.CommittedCaseRunsConservesAndExportsGradedGeometry
   5/1909 Test #1844: SIMPLEMMS.VelocityConvergesAtExpectedOrder ...............................................................   Passed  318.27 sec
          Start 1744: GradedMeshProductionCase.XAndYGradingTogether
   6/1909 Test #1740: StructuredQuadProductionCase.SstChannelMatchesCartesianOnTiltedMesh ......................................   Passed  334.59 sec
          Start 1846: SIMPLEMMS.ContinuityConverges
   7/1909 Test #1751: MultiBlockProductionCase.ObstacleChannelInternalSolid ....................................................   Passed  381.13 sec
          Start 1851: CompressibleSimpleMMS.SystemConvergence
   8/1909 Test #1748: MultiBlockProductionCase.CurvedChannelGridConvergence ....................................................   Passed  388.89 sec
          Start 1738: StructuredQuadProductionCase.CompressibleSimpleMatchesLubricationSolutionOnDistortedMesh
   9/1909 Test #1723: CompressibleCoupledProductionCaseTest.MatchesArkilicIsothermalLubricationPressureProfile .................   Passed  458.06 sec
          Start 1801: TurbulentChannelValidation.ReTau180
  10/1909 Test #1724: CompressibleCoupledProductionCaseTest.ExportsCoupledCompressibleFields ...................................   Passed  468.69 sec
          Start 1802: TurbulentChannelValidation.LogLaw
  11/1909 Test #1722: CompressibleCoupledProductionCaseTest.MassFlowRateIsConservedAtEveryInternalCrossSection .................   Passed  469.56 sec
          Start 1847: SIMPLEMMS.GlobalMassBalance
  12/1909 Test #1721: CompressibleCoupledProductionCaseTest.DispatchesToCompressibleSimpleAndConverges .........................   Passed  471.80 sec
          Start 1746: MultiBlockProductionCase.CurvedChannelCommittedCaseGate
  13/1909 Test #1743: GradedMeshProductionCase.GradedGridConvergence ...........................................................   Passed  487.64 sec
          Start 1747: MultiBlockProductionCase.CurvedChannelInterfacesAreTransparent
  14/1909 Test #1846: SIMPLEMMS.ContinuityConverges ............................................................................   Passed  187.47 sec
          Start 1841: MomentumMMS.DistortedMesh
  15/1909 Test #1851: CompressibleSimpleMMS.SystemConvergence ..................................................................   Passed  162.52 sec
          Start 1736: StructuredQuadProductionCase.NonOrthogonalCorrectionIsActiveOnTheProductionPath
  16/1909 Test #1657: SchemeValidation.AccuracyCostComparison ..................................................................   Passed  250.03 sec
          Start 1691: NaturalConvectionValidation.Grid15x15MatchesDeVahlDavisRa1e3
  17/1909 Test #1741: GradedMeshProductionCase.CommittedCaseRunsConservesAndExportsGradedGeometry ..............................   Passed  241.15 sec
          Start 1798: ChannelFlowValidation.AllFourModelsProduceDistinctMuTAndNames
  18/1909 Test #1744: GradedMeshProductionCase.XAndYGradingTogether ............................................................   Passed  236.86 sec
          Start 1523: SIMPLENonOrthogonalTest.CorrectedSolveIsCloserToExactCouetteFlowOnDistortedMesh
  19/1909 Test #1742: GradedMeshProductionCase.GradedMeshBeatsUniformAtEqualCellCount ..........................................   Passed  253.39 sec
          Start 1519: SIMPLENonOrthogonalTest.DistortedMeshStrong
  20/1909 Test #1738: StructuredQuadProductionCase.CompressibleSimpleMatchesLubricationSolutionOnDistortedMesh .................   Passed  176.61 sec
          Start 1750: MultiBlockProductionCase.StepChannelRegression
  21/1909 Test #1841: MomentumMMS.DistortedMesh ................................................................................   Passed   65.78 sec
          Start 1655: SchemeValidation.LinearUpwind
  22/1909 Test #1801: TurbulentChannelValidation.ReTau180 ......................................................................   Passed  135.84 sec
          Start 1756: MeshQualityCampaign.ProductionPathManufacturedSolutionSmoke
  23/1909 Test #1847: SIMPLEMMS.GlobalMassBalance ..............................................................................   Passed  131.56 sec
          Start 1656: SchemeValidation.Quick
  24/1909 Test #1802: TurbulentChannelValidation.LogLaw ........................................................................   Passed  138.33 sec
          Start 1644: CavityGhiaValidation.Re100Grid20
  25/1909 Test #1745: GradedMeshProductionCase.GradedVertexGridOnNonOrthogonalStructuredQuad ...................................   Passed  326.42 sec
          Start 1838: MomentumMMS.UConverges
  26/1909 Test #1519: SIMPLENonOrthogonalTest.DistortedMeshStrong ..............................................................   Passed   60.51 sec
          Start 1839: MomentumMMS.VConverges
  27/1909 Test #1523: SIMPLENonOrthogonalTest.CorrectedSolveIsCloserToExactCouetteFlowOnDistortedMesh ..........................   Passed   75.03 sec
          Start 1797: ChannelFlowValidation.LaminarControlDiffersSubstantiallyFromKEpsilon
  28/1909 Test #1693: NaturalConvectionValidation.GridConvergence ..............................................................   Passed  638.95 sec
          Start 1654: SchemeValidation.Central
  29/1909 Test #1736: StructuredQuadProductionCase.NonOrthogonalCorrectionIsActiveOnTheProductionPath ..........................   Passed  102.64 sec
          Start 1653: SchemeValidation.Upwind
  30/1909 Test #1655: SchemeValidation.LinearUpwind ............................................................................   Passed   63.97 sec
          Start 1800: ChannelFlowValidation.SSTIsDeterministic
  31/1909 Test #1746: MultiBlockProductionCase.CurvedChannelCommittedCaseGate ..................................................   Passed  183.39 sec
          Start 1681: TwoMaterialConductionValidation.Grid80MatchesAnalyticalSolution
  32/1909 Test #1681: TwoMaterialConductionValidation.Grid80MatchesAnalyticalSolution ..........................................   Passed    0.20 sec
          Start 1843: SIMPLEMMS.ConvergesFromNonExactInitialCondition
  33/1909 Test #1750: MultiBlockProductionCase.StepChannelRegression ...........................................................   Passed   92.60 sec
          Start 1794: ChannelFlowValidation.SSTMediumConvergesAndMatchesLogLaw
  34/1909 Test #1656: SchemeValidation.Quick ...................................................................................   Passed   64.22 sec
          Start 1643: CavityGhiaValidation.Grid20x20IsDeterministic
  35/1909 Test #1838: MomentumMMS.UConverges ...................................................................................   Passed   47.61 sec
          Start 1735: StructuredQuadProductionCase.LeastSquaresGradientMatchesAnalyticalSolution
  36/1909 Test #1747: MultiBlockProductionCase.CurvedChannelInterfacesAreTransparent ...........................................   Passed  181.81 sec
          Start 1733: StructuredQuadProductionCase.DistortedPoiseuilleMatchesAnalyticalSolution
  37/1909 Test #1644: CavityGhiaValidation.Re100Grid20 .........................................................................   Passed   64.10 sec
          Start 1666: PoiseuilleValidation.Profile
  38/1909 Test #1839: MomentumMMS.VConverges ...................................................................................   Passed   47.56 sec
          Start 1667: PoiseuilleValidation.MassFlow
  39/1909 Test #1654: SchemeValidation.Central .................................................................................   Passed   58.77 sec
          Start 1668: PoiseuilleValidation.PressureDrop
  40/1909 Test #1843: SIMPLEMMS.ConvergesFromNonExactInitialCondition ..........................................................   Passed   48.62 sec
          Start 1739: StructuredQuadProductionCase.KEpsilonChannelMatchesCartesianOnTiltedMesh
  41/1909 Test #1653: SchemeValidation.Upwind ..................................................................................   Passed   58.67 sec
          Start 1696: NaturalConvectionValidation.RepeatedCoupledSolveIsBitIdentical
  42/1909 Test #1756: MeshQualityCampaign.ProductionPathManufacturedSolutionSmoke ..............................................   Passed  113.08 sec
          Start 1791: ChannelFlowValidation.KOmegaMediumConvergesAndMatchesLogLaw
  43/1909 Test #1667: PoiseuilleValidation.MassFlow ............................................................................   Passed   41.43 sec
          Start 1517: SIMPLENonOrthogonalTest.DistortedMeshMild
  44/1909 Test #1666: PoiseuilleValidation.Profile .............................................................................   Passed   43.21 sec
          Start 1518: SIMPLENonOrthogonalTest.DistortedMeshModerate
  45/1909 Test #1735: StructuredQuadProductionCase.LeastSquaresGradientMatchesAnalyticalSolution ...............................   Passed   52.64 sec
          Start 1793: ChannelFlowValidation.SSTCoarseConvergesAndMatchesLogLaw
  46/1909 Test #1849: SIMPLEMMS.DistortedMesh ..................................................................................   Passed  720.80 sec
          Start 1660: TransientCavityTest.LongTimeTransientApproachesValidatedSteadySimple
  47/1909 Test #1733: StructuredQuadProductionCase.DistortedPoiseuilleMatchesAnalyticalSolution ................................   Passed   53.36 sec
          Start 1639: CavityGhiaValidation.Grid20x20ConvergesAndMatchesGhia
  48/1909 Test #1668: PoiseuilleValidation.PressureDrop ........................................................................   Passed   41.63 sec
          Start 1474: SIMPLEConvergenceTest.CavityRe100_20x20Converges
  49/1909 Test #1517: SIMPLENonOrthogonalTest.DistortedMeshMild ................................................................   Passed   30.44 sec
          Start 1720: CompressibleProductionCaseTest.RepeatedRunsAreDeterministic
  50/1909 Test #1518: SIMPLENonOrthogonalTest.DistortedMeshModerate ............................................................   Passed   31.72 sec
          Start 1665: PoiseuilleValidation.Grid64x8IsDeterministic
  51/1909 Test #1739: StructuredQuadProductionCase.KEpsilonChannelMatchesCartesianOnTiltedMesh .................................   Passed   45.98 sec
          Start 1836: ScalarMMS.AdvectionDiffusionConverges
  52/1909 Test #1691: NaturalConvectionValidation.Grid15x15MatchesDeVahlDavisRa1e3 .............................................   Passed  213.49 sec
          Start 1675: HeatedCavityConductionValidation.Grid80x80MatchesAnalyticalProfile
  53/1909 Test #1675: HeatedCavityConductionValidation.Grid80x80MatchesAnalyticalProfile .......................................   Passed    0.55 sec
          Start 1521: SIMPLENonOrthogonalTest.NonOrthogonalDeterministic
  54/1909 Test #1836: ScalarMMS.AdvectionDiffusionConverges ....................................................................   Passed   17.92 sec
          Start 1535: SIMPLERobustnessTest.StagnationStatus
  55/1909 Test #1720: CompressibleProductionCaseTest.RepeatedRunsAreDeterministic ..............................................   Passed   33.39 sec
          Start 1799: ChannelFlowValidation.KEpsilonIsDeterministic
  56/1909 Test #1696: NaturalConvectionValidation.RepeatedCoupledSolveIsBitIdentical ...........................................   Passed   73.84 sec
          Start 1788: ChannelFlowValidation.KEpsilonMediumConvergesAndMatchesLogLaw
  57/1909 Test #1643: CavityGhiaValidation.Grid20x20IsDeterministic ............................................................   Passed  114.05 sec
          Start 1834: LowMachRegressionTest.GridRefinementKeepsAllMetricsSmall
  58/1909 Test #1639: CavityGhiaValidation.Grid20x20ConvergesAndMatchesGhia ....................................................   Passed   57.59 sec
          Start 1790: ChannelFlowValidation.KOmegaCoarseConvergesAndMatchesLogLaw
  59/1909 Test #1798: ChannelFlowValidation.AllFourModelsProduceDistinctMuTAndNames ............................................   Passed  230.65 sec
          Start 1690: NaturalConvectionValidation.Grid10x10ConstantPropertyModelsMatchDeVahlDavisRa1e3
  60/1909 Test #1791: ChannelFlowValidation.KOmegaMediumConvergesAndMatchesLogLaw ..............................................   Passed   79.34 sec
          Start 1520: SIMPLENonOrthogonalTest.NonOrthogonalMassConservation
  61/1909 Test #1521: SIMPLENonOrthogonalTest.NonOrthogonalDeterministic .......................................................   Passed   21.40 sec
          Start 1716: CompressibleProductionCaseTest.OutletBoundaryMassFluxUsesReferencePressureDensity
  62/1909 Test #1660: TransientCavityTest.LongTimeTransientApproachesValidatedSteadySimple .....................................   Passed   68.42 sec
          Start 1726: CompressibleCoupledProductionCaseTest.NonCoupledCaseStillUsesPostHocPathUnchanged
  63/1909 Test #1535: SIMPLERobustnessTest.StagnationStatus ....................................................................   Passed   21.29 sec
          Start 1634: CompressibleSIMPLENonOrthogonalTest.NonOrthogonalOpenChannel
  64/1909 Test #1794: ChannelFlowValidation.SSTMediumConvergesAndMatchesLogLaw .................................................   Passed  133.04 sec
          Start 1694: NaturalConvectionValidation.HotFluidRisesNearHotWallColdFluidSinksNearColdWall
  65/1909 Test #1793: ChannelFlowValidation.SSTCoarseConvergesAndMatchesLogLaw .................................................   Passed   73.24 sec
          Start 1689: NaturalConvectionValidation.Grid10x10MatchesDeVahlDavisRa1e3
  66/1909 Test #1474: SIMPLEConvergenceTest.CavityRe100_20x20Converges .........................................................   Passed   57.53 sec
          Start 1671: TransientPoiseuilleTest.LongTimeTransientApproachesValidatedSteadySimple
  67/1909 Test #1800: ChannelFlowValidation.SSTIsDeterministic .................................................................   Passed  145.11 sec
          Start 1359: VisualizationSnapshotTest.CompressibleCaseExposesThermodynamicFieldsLiveAndReloaded
  68/1909 Test #1520: SIMPLENonOrthogonalTest.NonOrthogonalMassConservation ....................................................   Passed   16.12 sec
          Start 1837: ScalarMMS.DistortedMeshNonOrthogonalCorrection
  69/1909 Test #1716: CompressibleProductionCaseTest.OutletBoundaryMassFluxUsesReferencePressureDensity ........................   Passed   16.34 sec
          Start 1835: LowMachRegressionTest.RepeatedRunIsDeterministic
  70/1909 Test #1665: PoiseuilleValidation.Grid64x8IsDeterministic .............................................................   Passed   58.27 sec
          Start 1714: CompressibleProductionCaseTest.MachNumberStaysWellBelowPointOneAndEosIsConsistent
  71/1909 Test #1726: CompressibleCoupledProductionCaseTest.NonCoupledCaseStillUsesPostHocPathUnchanged ........................   Passed   16.38 sec
          Start 1717: CompressibleProductionCaseTest.ExportsCompressibleFieldsToCsvVtkAndJson
  72/1909 Test #1797: ChannelFlowValidation.LaminarControlDiffersSubstantiallyFromKEpsilon .....................................   Passed  175.52 sec
          Start 1817: SpeciesSolverCouplingTest.PassiveSpeciesDoesNotAlterVelocityOrThermalSolution
  73/1909 Test #1634: CompressibleSIMPLENonOrthogonalTest.NonOrthogonalOpenChannel .............................................   Passed   17.10 sec
          Start 1715: CompressibleProductionCaseTest.ContinuityImbalanceIsSmall
  74/1909 Test #1837: ScalarMMS.DistortedMeshNonOrthogonalCorrection ...........................................................   Passed    9.79 sec
          Start 1661: PoiseuilleValidation.Grid64x8ConvergesAndMatchesAnalyticalProfile
  75/1909 Test #1359: VisualizationSnapshotTest.CompressibleCaseExposesThermodynamicFieldsLiveAndReloaded ......................   Passed   16.20 sec
          Start 1713: CompressibleProductionCaseTest.RunsEndToEndAndConverges
  76/1909 Test #1690: NaturalConvectionValidation.Grid10x10ConstantPropertyModelsMatchDeVahlDavisRa1e3 .........................   Passed   35.35 sec
          Start 1636: CompressibleSIMPLERobustnessTest.RobustnessRegression
  77/1909 Test #1790: ChannelFlowValidation.KOmegaCoarseConvergesAndMatchesLogLaw ..............................................   Passed   39.47 sec
          Start 1787: ChannelFlowValidation.KEpsilonCoarseConvergesAndMatchesLogLaw
  78/1909 Test #1714: CompressibleProductionCaseTest.MachNumberStaysWellBelowPointOneAndEosIsConsistent ........................   Passed   16.54 sec
          Start 1516: SIMPLENonOrthogonalTest.NonOrthogonalCorrectionsZeroPreservesBaseline
  79/1909 Test #1799: ChannelFlowValidation.KEpsilonIsDeterministic ............................................................   Passed   45.77 sec
          Start 1905: CaseEditingTest.MultiBlockCaseLoadsValidatesSavesAndRunsFromTheGui
  80/1909 Test #1717: CompressibleProductionCaseTest.ExportsCompressibleFieldsToCsvVtkAndJson ..................................   Passed   17.13 sec
          Start 1635: CompressibleSIMPLENonOrthogonalTest.LowMachRegression
  81/1909 Test #1715: CompressibleProductionCaseTest.ContinuityImbalanceIsSmall ................................................   Passed   17.17 sec
          Start 1540: SIMPLERobustnessTest.Deterministic
  82/1909 Test #1834: LowMachRegressionTest.GridRefinementKeepsAllMetricsSmall .................................................   Passed   46.16 sec
          Start 1848: SIMPLEMMS.Deterministic
  83/1909 Test #1788: ChannelFlowValidation.KEpsilonMediumConvergesAndMatchesLogLaw ............................................   Passed   47.79 sec
          Start 1534: SIMPLERobustnessTest.NormalizedResidualConvergence
  84/1909 Test #1694: NaturalConvectionValidation.HotFluidRisesNearHotWallColdFluidSinksNearColdWall ...........................   Passed   35.80 sec
          Start 1818: SpeciesSolverCouplingTest.TwoIndependentSpeciesShowNoCrossCoupling
  85/1909 Test #1636: CompressibleSIMPLERobustnessTest.RobustnessRegression ....................................................   Passed    9.53 sec
          Start 1536: SIMPLERobustnessTest.NormalConvergenceIsNotStagnationOrDivergence
  86/1909 Test #1713: CompressibleProductionCaseTest.RunsEndToEndAndConverges ..................................................   Passed   16.28 sec
          Start 1542: SIMPLERobustnessTest.BookkeepingOverheadIsSmall
  87/1909 Test #1689: NaturalConvectionValidation.Grid10x10MatchesDeVahlDavisRa1e3 .............................................   Passed   35.96 sec
          Start 1816: SpeciesSolverCouplingTest.TransportsThroughAGenuineSIMPLESolvedPoiseuilleFlow
  88/1909 Test #1516: SIMPLENonOrthogonalTest.NonOrthogonalCorrectionsZeroPreservesBaseline ....................................   Passed    9.55 sec
          Start 1833: LowMachRegressionTest.GlobalMassImbalanceIsSmall
  89/1909 Test #1635: CompressibleSIMPLENonOrthogonalTest.LowMachRegression ....................................................   Passed    7.90 sec
          Start 1830: LowMachRegressionTest.DensityVariationIsSmallRelativeToReferenceDensity
  90/1909 Test #1540: SIMPLERobustnessTest.Deterministic .......................................................................   Passed    7.44 sec
          Start 1682: TwoMaterialConductionValidation.GridRefinementDoesNotDegradeAccuracy
  91/1909 Test #1682: TwoMaterialConductionValidation.GridRefinementDoesNotDegradeAccuracy .....................................   Passed    0.04 sec
          Start 1831: LowMachRegressionTest.EosConsistencyErrorIsAtFloatingPointTolerance
  92/1909 Test #1848: SIMPLEMMS.Deterministic ..................................................................................   Passed    5.46 sec
          Start 1829: LowMachRegressionTest.MachNumberStaysWellBelowPointOne
  93/1909 Test #1817: SpeciesSolverCouplingTest.PassiveSpeciesDoesNotAlterVelocityOrThermalSolution ............................   Passed   26.93 sec
          Start 1680: TwoMaterialConductionValidation.Grid40MatchesAnalyticalSolution
  94/1909 Test #1680: TwoMaterialConductionValidation.Grid40MatchesAnalyticalSolution ..........................................   Passed    0.06 sec
          Start 1637: CompressibleSIMPLERobustnessTest.FallbackRecovery
  95/1909 Test #1671: TransientPoiseuilleTest.LongTimeTransientApproachesValidatedSteadySimple .................................   Passed   37.10 sec
          Start 1538: SIMPLERobustnessTest.AdaptiveRelaxationRecovery
  96/1909 Test #1534: SIMPLERobustnessTest.NormalizedResidualConvergence .......................................................   Passed    7.52 sec
          Start 1832: LowMachRegressionTest.CompressibleMassFluxApproachesTheIncompressibleLimit
  97/1909 Test #1536: SIMPLERobustnessTest.NormalConvergenceIsNotStagnationOrDivergence ........................................   Passed    6.35 sec
          Start 1431: ProductionValidationTest.SimpleCountsLinearIterations
  98/1909 Test #1542: SIMPLERobustnessTest.BookkeepingOverheadIsSmall ..........................................................   Passed    6.22 sec
          Start 1659: TransientCavityTest.ImpulsiveStartReachesFiniteConservativeStateAndDevelopsRecirculation
  99/1909 Test #1835: LowMachRegressionTest.RepeatedRunIsDeterministic .........................................................   Passed   33.88 sec
          Start 1633: CompressibleSIMPLENonOrthogonalTest.NonOrthogonalPressureCorrection
 100/1909 Test #1905: CaseEditingTest.MultiBlockCaseLoadsValidatesSavesAndRunsFromTheGui .......................................   Passed   14.74 sec
          Start 1670: TransientPoiseuilleTest.StartupChannelReachesFiniteConservativeStateAndDevelopsProfile
 101/1909 Test #1538: SIMPLERobustnessTest.AdaptiveRelaxationRecovery ..........................................................   Passed    5.08 sec
          Start 1539: SIMPLERobustnessTest.LinearSolverFallbackRecovery
 102/1909 Test #1637: CompressibleSIMPLERobustnessTest.FallbackRecovery ........................................................   Passed    6.37 sec
          Start 1672: TemporalRefinementTest.ImplicitEulerConvergesAtApproximatelyFirstOrderOnRealPisoChannel
 103/1909 Test #1661: PoiseuilleValidation.Grid64x8ConvergesAndMatchesAnalyticalProfile ........................................   Passed   27.87 sec
          Start 1430: ProductionValidationTest.MakeSimpleRunRecordsSolverAndCost
 104/1909 Test #1431: ProductionValidationTest.SimpleCountsLinearIterations ....................................................   Passed    5.49 sec
          Start 1336: ProjectRunnerTest.StagnationDetectionReportsDidNotConverge
 105/1909 Test #1633: CompressibleSIMPLENonOrthogonalTest.NonOrthogonalPressureCorrection ......................................   Passed    4.69 sec
          Start 1674: HeatedCavityConductionValidation.Grid40x40MatchesAnalyticalProfile
 106/1909 Test #1674: HeatedCavityConductionValidation.Grid40x40MatchesAnalyticalProfile .......................................   Passed    0.13 sec
          Start 1511: SIMPLEGpuSolverTest.GpuBackendReproducesCpuCavitySolutionWithinTolerance
 107/1909 Test #1818: SpeciesSolverCouplingTest.TwoIndependentSpeciesShowNoCrossCoupling .......................................   Passed   14.77 sec
          Start 1676: HeatedCavityConductionValidation.GridRefinementDoesNotDegradeAccuracy
 108/1909 Test #1676: HeatedCavityConductionValidation.GridRefinementDoesNotDegradeAccuracy ....................................   Passed    0.12 sec
          Start 1808: SpeciesAdvectionDiffusionValidation.DiffusionDominatedRegimePe0p1MatchesAnalytical
 109/1909 Test #1816: SpeciesSolverCouplingTest.TransportsThroughAGenuineSIMPLESolvedPoiseuilleFlow ............................   Passed   12.98 sec
          Start 1638: CompressibleSIMPLERobustnessTest.LowMachRegression
 110/1909 Test #1430: ProductionValidationTest.MakeSimpleRunRecordsSolverAndCost ...............................................   Passed    2.72 sec
          Start 1809: SpeciesAdvectionDiffusionValidation.MixedRegimePe5MatchesAnalytical
 111/1909 Test #1787: ChannelFlowValidation.KEpsilonCoarseConvergesAndMatchesLogLaw ............................................   Passed   23.11 sec
          Start 1737: StructuredQuadProductionCase.ThermalAndSpeciesMatchLinearProfilesOnDistortedSlab
 112/1909 Test #1539: SIMPLERobustnessTest.LinearSolverFallbackRecovery ........................................................   Passed    4.12 sec
          Start 1515: SIMPLENonOrthogonalTest.CartesianExtraPassesOnlyDifferByLinearSolverTolerance
 113/1909 Test #1336: ProjectRunnerTest.StagnationDetectionReportsDidNotConverge ...............................................   Passed    2.50 sec
          Start 1057: ThermalNonOrthogonalTest.NonOrthogonalDiffusion
 114/1909 Test #1511: SIMPLEGpuSolverTest.GpuBackendReproducesCpuCavitySolutionWithinTolerance .................................   Passed    2.25 sec
          Start 1040: ThermalSolverVariablePropertiesTest.VariableConductivityMatchesManufacturedAnalyticalProfile
 115/1909 Test #1040: ThermalSolverVariablePropertiesTest.VariableConductivityMatchesManufacturedAnalyticalProfile .............   Passed    0.06 sec
          Start 1877: CaseEditingTest.MeshEditRoundTripsThroughSaveReopenAndRunsThroughProjectRunner
 116/1909 Test #1057: ThermalNonOrthogonalTest.NonOrthogonalDiffusion ..........................................................   Passed    1.22 sec
          Start 1533: SIMPLERobustnessTest.DefaultRobustnessPreservesBaseline
 117/1909 Test #1515: SIMPLENonOrthogonalTest.CartesianExtraPassesOnlyDifferByLinearSolverTolerance ............................   Passed    1.37 sec
          Start 1512: SIMPLEGpuSolverTest.GpuBackendSatisfiesTheSameConvergenceCriteria
 118/1909 Test #1638: CompressibleSIMPLERobustnessTest.LowMachRegression .......................................................   Passed    2.05 sec
          Start 1059: ThermalNonOrthogonalTest.PrescribedFluxWallsKeepEnergyBalance
 119/1909 Test #1059: ThermalNonOrthogonalTest.PrescribedFluxWallsKeepEnergyBalance ............................................   Passed    0.08 sec
          Start 1683: TwoMaterialConductionValidation.RepeatedSolveIsDeterministic
 120/1909 Test #1683: TwoMaterialConductionValidation.RepeatedSolveIsDeterministic .............................................   Passed    0.03 sec
          Start 1731: HeatedSpeciesDiffusionProductionCaseTest.RepeatedRunsAreDeterministic
 121/1909 Test #1737: StructuredQuadProductionCase.ThermalAndSpeciesMatchLinearProfilesOnDistortedSlab .........................   Passed    2.21 sec
          Start 1498: SIMPLETurbulenceModelsTest.LaminarKEpsilonKOmegaAndSSTProduceDistinctModelsAndMuT
 122/1909 Test #1833: LowMachRegressionTest.GlobalMassImbalanceIsSmall .........................................................   Passed   14.79 sec
          Start 1754: MeshQualityCampaign.EachFamilysTargetedMetricIncreasesWithItsParameter
 123/1909 Test #1877: CaseEditingTest.MeshEditRoundTripsThroughSaveReopenAndRunsThroughProjectRunner ...........................   Passed    1.51 sec
          Start 1686: BoussinesqCouplingTest.ReversingGravityReversesCirculationDirection
 124/1909 Test #1830: LowMachRegressionTest.DensityVariationIsSmallRelativeToReferenceDensity ..................................   Passed   14.69 sec
          Start 1749: MultiBlockProductionCase.SectorConductionInterfaceConservation
 125/1909 Test #1731: HeatedSpeciesDiffusionProductionCaseTest.RepeatedRunsAreDeterministic ....................................   Passed    0.71 sec
          Start  277: BiCGSTABBreakdown.TrueBreakdownWithoutProgressIsReported
 126/1909 Test  #277: BiCGSTABBreakdown.TrueBreakdownWithoutProgressIsReported .................................................   Passed    0.02 sec
          Start 1688: BoussinesqCouplingTest.RepeatedCoupledSolveIsBitIdentical
 127/1909 Test #1533: SIMPLERobustnessTest.DefaultRobustnessPreservesBaseline ..................................................   Passed    1.13 sec
          Start  278: BiCGSTABBreakdown.BreakdownAfterProgressIsRecoveredByARestart
 128/1909 Test  #278: BiCGSTABBreakdown.BreakdownAfterProgressIsRecoveredByARestart ............................................   Passed    0.02 sec
          Start 1899: CaseEditingTest.FullCaseCreationFromScratchValidatesSavesRunsAndMatchesCli
 129/1909 Test #1512: SIMPLEGpuSolverTest.GpuBackendSatisfiesTheSameConvergenceCriteria ........................................   Passed    1.22 sec
          Start 1868: SimulationControllerTest.RunPublishesAUsableResultSnapshot
 130/1909 Test #1831: LowMachRegressionTest.EosConsistencyErrorIsAtFloatingPointTolerance ......................................   Passed   14.87 sec
          Start 1727: HeatedSpeciesDiffusionProductionCaseTest.RunsEndToEndAndConverges
 131/1909 Test #1829: LowMachRegressionTest.MachNumberStaysWellBelowPointOne ...................................................   Passed   15.08 sec
          Start 1622: CompressibleSimpleTest.ReducesToIncompressibleSimpleWithNegligibleCompressibility
 132/1909 Test #1727: HeatedSpeciesDiffusionProductionCaseTest.RunsEndToEndAndConverges ........................................   Passed    0.33 sec
          Start 1728: HeatedSpeciesDiffusionProductionCaseTest.BothFieldsMatchAnalyticalProfilesSimultaneously
 133/1909 Test #1899: CaseEditingTest.FullCaseCreationFromScratchValidatesSavesRunsAndMatchesCli ...............................   Passed    0.66 sec
          Start 1730: HeatedSpeciesDiffusionProductionCaseTest.ExportsBothFieldsToCsvVtkAndJson
 134/1909 Test #1749: MultiBlockProductionCase.SectorConductionInterfaceConservation ...........................................   Passed    1.01 sec
          Start 1507: SIMPLEBuoyancyTest.RepeatedBuoyantSolveIsBitIdentical
 135/1909 Test #1686: BoussinesqCouplingTest.ReversingGravityReversesCirculationDirection ......................................   Passed    1.18 sec
          Start 1729: HeatedSpeciesDiffusionProductionCaseTest.BothFieldsConserveFluxIndependently
 136/1909 Test #1728: HeatedSpeciesDiffusionProductionCaseTest.BothFieldsMatchAnalyticalProfilesSimultaneously .................   Passed    0.35 sec
          Start 1705: SpeciesProductionCaseTest.RepeatedRunsAreDeterministic
 137/1909 Test #1808: SpeciesAdvectionDiffusionValidation.DiffusionDominatedRegimePe0p1MatchesAnalytical .......................   Passed    4.70 sec
          Start 1679: TwoMaterialConductionValidation.Grid20MatchesAnalyticalSolution
 138/1909 Test #1659: TransientCavityTest.ImpulsiveStartReachesFiniteConservativeStateAndDevelopsRecirculation .................   Passed   10.89 sec
          Start 1624: CompressibleSimpleTest.RepeatedRunIsDeterministic
 139/1909 Test #1622: CompressibleSimpleTest.ReducesToIncompressibleSimpleWithNegligibleCompressibility ........................   Passed    0.50 sec
          Start 1240: SpeciesNonOrthogonalTest.NonOrthogonalDiffusion
 140/1909 Test #1730: HeatedSpeciesDiffusionProductionCaseTest.ExportsBothFieldsToCsvVtkAndJson ................................   Passed    0.33 sec
          Start 1695: NaturalConvectionValidation.ZeroBetaRecoversPureConductionProfile
 141/1909 Test #1679: TwoMaterialConductionValidation.Grid20MatchesAnalyticalSolution ..........................................   Passed    0.06 sec
          Start 1810: SpeciesAdvectionDiffusionValidation.AdvectionDominatedRegimePe50MatchesAnalyticalWithinUpwindDiffusion
 142/1909 Test #1688: BoussinesqCouplingTest.RepeatedCoupledSolveIsBitIdentical ................................................   Passed    1.12 sec
          Start 1898: CaseEditingTest.BoundaryEditRoundTripsThroughSaveReopenAndRuns
 143/1909 Test #1729: HeatedSpeciesDiffusionProductionCaseTest.BothFieldsConserveFluxIndependently .............................   Passed    0.35 sec
          Start 1039: ThermalSolverVariablePropertiesTest.RepeatedSolveIsDeterministic
 144/1909 Test #1039: ThermalSolverVariablePropertiesTest.RepeatedSolveIsDeterministic .........................................   Passed    0.04 sec
          Start 1338: ProjectRunnerTest.MeshQualityWarningDoesNotStopTheRun
 145/1909 Test #1754: MeshQualityCampaign.EachFamilysTargetedMetricIncreasesWithItsParameter ...................................   Passed    1.64 sec
          Start 1503: SIMPLEBuoyancyTest.RealBuoyancySourceChangesConvergedVelocityField
 146/1909 Test #1695: NaturalConvectionValidation.ZeroBetaRecoversPureConductionProfile ........................................   Passed    0.27 sec
          Start 1673: HeatedCavityConductionValidation.Grid20x20MatchesAnalyticalProfile
 147/1909 Test #1673: HeatedCavityConductionValidation.Grid20x20MatchesAnalyticalProfile .......................................   Passed    0.08 sec
          Start 1755: MeshQualityCampaign.InvalidMeshesAreRejectedBeforeTheSolverRuns
 148/1909 Test #1809: SpeciesAdvectionDiffusionValidation.MixedRegimePe5MatchesAnalytical ......................................   Passed    4.18 sec
          Start 1677: HeatedCavityConductionValidation.RepeatedSolveIsDeterministic
 149/1909 Test #1240: SpeciesNonOrthogonalTest.NonOrthogonalDiffusion ..........................................................   Passed    0.41 sec
          Start 1337: ProjectRunnerTest.MeshQualityReportIsReturnedAndExported
 150/1909 Test #1624: CompressibleSimpleTest.RepeatedRunIsDeterministic ........................................................   Passed    0.46 sec
          Start 1496: SIMPLESSTTest.RepeatedSolveIsBitIdentical
 151/1909 Test #1677: HeatedCavityConductionValidation.RepeatedSolveIsDeterministic ............................................   Passed    0.07 sec
          Start 1897: CaseEditingTest.PhysicsEditRoundTripsThroughSaveReopenAndRuns
 152/1909 Test #1898: CaseEditingTest.BoundaryEditRoundTripsThroughSaveReopenAndRuns ...........................................   Passed    0.45 sec
          Start 1811: SpeciesAdvectionDiffusionValidation.PureAdvectionTransportsInletValueDownstreamWithoutSourceOrSink
 153/1909 Test #1670: TransientPoiseuilleTest.StartupChannelReachesFiniteConservativeStateAndDevelopsProfile ...................   Passed    9.76 sec
          Start 1058: ThermalNonOrthogonalTest.CartesianSolveIsBitIdentical
 154/1909 Test #1868: SimulationControllerTest.RunPublishesAUsableResultSnapshot ...............................................   Passed    1.42 sec
          Start 1356: LoadSnapshotFromResultsTest.ThermalCaseExposesTemperatureField
 155/1909 Test #1058: ThermalNonOrthogonalTest.CartesianSolveIsBitIdentical ....................................................   Passed    0.03 sec
          Start   13: CFDAppCliMeshQualityWarning
 156/1909 Test #1705: SpeciesProductionCaseTest.RepeatedRunsAreDeterministic ...................................................   Passed    0.67 sec
          Start 1896: CaseEditingTest.ValidatedEditSavesAndRunsThroughTheSamePipelineAsCli
 157/1909 Test #1672: TemporalRefinementTest.ImplicitEulerConvergesAtApproximatelyFirstOrderOnRealPisoChannel ..................   Passed    8.19 sec
          Start 1684: BoussinesqCouplingTest.DifferentiallyHeatedCavityProducesNonzeroVelocity
 158/1909 Test #1356: LoadSnapshotFromResultsTest.ThermalCaseExposesTemperatureField ...........................................   Passed    0.12 sec
          Start 1711: MultiphaseProductionCaseTest.NonMultiphaseCaseStillRunsWithNoMultiphaseResult
 159/1909 Test #1338: ProjectRunnerTest.MeshQualityWarningDoesNotStopTheRun ....................................................   Passed    0.48 sec
          Start 1357: VisualizationSnapshotTest.SpeciesCaseExposesConcentrationFieldLiveAndReloaded
 160/1909 Test #1337: ProjectRunnerTest.MeshQualityReportIsReturnedAndExported .................................................   Passed    0.35 sec
          Start 1840: MomentumMMS.PressureGradientBalance
 161/1909 Test #1507: SIMPLEBuoyancyTest.RepeatedBuoyantSolveIsBitIdentical ....................................................   Passed    1.11 sec
          Start 1623: CompressibleSimpleTest.TinyCavityConvergesWithGenuineCompressibility
 162/1909 Test #1897: CaseEditingTest.PhysicsEditRoundTripsThroughSaveReopenAndRuns ............................................   Passed    0.37 sec
          Start 1333: ProjectRunnerTest.RepeatedRunsAreDeterministic
 163/1909 Test #1498: SIMPLETurbulenceModelsTest.LaminarKEpsilonKOmegaAndSSTProduceDistinctModelsAndMuT ........................   Passed    2.32 sec
          Start 1492: SIMPLEKOmegaTest.RepeatedSolveIsBitIdentical
 164/1909 Test #1810: SpeciesAdvectionDiffusionValidation.AdvectionDominatedRegimePe50MatchesAnalyticalWithinUpwindDiffusion ...   Passed    0.93 sec
          Start 1500: SIMPLEBuoyancyTest.CaseB_BetaZeroMatchesNoBuoyancyBitForBit
 165/1909 Test #1755: MeshQualityCampaign.InvalidMeshesAreRejectedBeforeTheSolverRuns ..........................................   Passed    0.63 sec
          Start 1502: SIMPLEBuoyancyTest.UniformReferenceTemperatureMatchesNoBuoyancyBitForBit
 166/1909 Test #1896: CaseEditingTest.ValidatedEditSavesAndRunsThroughTheSamePipelineAsCli .....................................   Passed    0.41 sec
          Start 1494: SIMPLESSTTest.EndToEndLoopIsConnectedAndProducesPhysicalFields
 167/1909 Test   #13: CFDAppCliMeshQualityWarning ..............................................................................   Passed    0.48 sec
          Start 1501: SIMPLEBuoyancyTest.CaseC_ZeroGravityMatchesNoBuoyancyBitForBit
 168/1909 Test #1711: MultiphaseProductionCaseTest.NonMultiphaseCaseStillRunsWithNoMultiphaseResult ............................   Passed    0.38 sec
          Start 1484: SIMPLEDeterminismTest.RepeatedSolveIsBitIdentical
 169/1909 Test #1357: VisualizationSnapshotTest.SpeciesCaseExposesConcentrationFieldLiveAndReloaded ............................   Passed    0.35 sec
          Start 1704: SpeciesProductionCaseTest.NonSpeciesCaseStillRunsWithEmptySpeciesResults
 170/1909 Test #1623: CompressibleSimpleTest.TinyCavityConvergesWithGenuineCompressibility .....................................   Passed    0.31 sec
          Start 1486: SIMPLETurbulenceTest.DefaultTurbulenceModelMatchesExplicitLaminarModel
 171/1909 Test #1840: MomentumMMS.PressureGradientBalance ......................................................................   Passed    0.37 sec
          Start 1485: SIMPLEDeterminismTest.RepeatedSolveIsBitIdenticalThirdRun
 172/1909 Test #1503: SIMPLEBuoyancyTest.RealBuoyancySourceChangesConvergedVelocityField .......................................   Passed    0.89 sec
          Start 1703: SpeciesProductionCaseTest.ExportsSpeciesFieldToCsvVtkAndJson
 173/1909 Test #1684: BoussinesqCouplingTest.DifferentiallyHeatedCavityProducesNonzeroVelocity .................................   Passed    0.60 sec
          Start 1699: SpeciesProductionCaseTest.RunsEndToEndAndConverges
 174/1909 Test #1811: SpeciesAdvectionDiffusionValidation.PureAdvectionTransportsInletValueDownstreamWithoutSourceOrSink .......   Passed    0.79 sec
          Start 1701: SpeciesProductionCaseTest.GlobalDiffusiveFluxBalanceIsConserved
 175/1909 Test #1496: SIMPLESSTTest.RepeatedSolveIsBitIdentical ................................................................   Passed    0.88 sec
          Start 1700: SpeciesProductionCaseTest.ConcentrationMatchesAnalyticalProfile
 176/1909 Test #1704: SpeciesProductionCaseTest.NonSpeciesCaseStillRunsWithEmptySpeciesResults .................................   Passed    0.39 sec
          Start 1488: SIMPLEKEpsilonTest.EndToEndLoopIsConnectedAndProducesPhysicalFields
 177/1909 Test #1333: ProjectRunnerTest.RepeatedRunsAreDeterministic ...........................................................   Passed    0.68 sec
          Start  861: MeshQualityCase.NonOrthogonalMeshCarriesTheCorrectionAdvice
 178/1909 Test #1703: SpeciesProductionCaseTest.ExportsSpeciesFieldToCsvVtkAndJson .............................................   Passed    0.37 sec
          Start  863: MeshQualityCase.InvalidMeshErrorCarriesTheSummaryAndEveryFatalIssue
 179/1909 Test  #861: MeshQualityCase.NonOrthogonalMeshCarriesTheCorrectionAdvice ..............................................   Passed    0.05 sec
          Start  818: JSONWriterTest.MeshQualityIsAbsentWhenNotGiven
 180/1909 Test  #863: MeshQualityCase.InvalidMeshErrorCarriesTheSummaryAndEveryFatalIssue ......................................   Passed    0.05 sec
          Start 1489: SIMPLEKEpsilonTest.RepeatedSolveIsBitIdentical
 181/1909 Test #1492: SIMPLEKOmegaTest.RepeatedSolveIsBitIdentical .............................................................   Passed    0.75 sec
          Start  860: MeshQualityCase.BuilderStoresTheProductionReportInTheSetup
 182/1909 Test #1701: SpeciesProductionCaseTest.GlobalDiffusiveFluxBalanceIsConserved ..........................................   Passed    0.36 sec
          Start  862: MeshQualityCase.WarningMeshIsAcceptedNotRejected
 183/1909 Test #1500: SIMPLEBuoyancyTest.CaseB_BetaZeroMatchesNoBuoyancyBitForBit ..............................................   Passed    0.70 sec
          Start 1487: SIMPLETurbulenceTest.ElevatedEddyViscosityChangesConvergedVelocityField
 184/1909 Test #1699: SpeciesProductionCaseTest.RunsEndToEndAndConverges .......................................................   Passed    0.40 sec
          Start  819: JSONWriterTest.MeshQualityIsExportedWithEveryMetricAndIssue
 185/1909 Test  #818: JSONWriterTest.MeshQualityIsAbsentWhenNotGiven ...........................................................   Passed    0.09 sec
          Start  820: JSONWriterTest.MeshQualityNonFiniteAndUnavailableValuesAreNull
 186/1909 Test  #860: MeshQualityCase.BuilderStoresTheProductionReportInTheSetup ...............................................   Passed    0.07 sec
          Start 1491: SIMPLEKOmegaTest.EndToEndLoopIsConnectedAndProducesPhysicalFields
 187/1909 Test #1700: SpeciesProductionCaseTest.ConcentrationMatchesAnalyticalProfile ..........................................   Passed    0.39 sec
          Start 1719: CompressibleProductionCaseTest.NonCompressibleCaseStillRunsWithNoCompressibleResult
 188/1909 Test  #862: MeshQualityCase.WarningMeshIsAcceptedNotRejected .........................................................   Passed    0.08 sec
          Start  976: SolverRobustnessPerformance.BookkeepingIsFixedWindowCost
 189/1909 Test #1502: SIMPLEBuoyancyTest.UniformReferenceTemperatureMatchesNoBuoyancyBitForBit .................................   Passed    0.75 sec
          Start 1522: SIMPLENonOrthogonalTest.NonOrthogonalCorrectionPassCount
 190/1909 Test  #819: JSONWriterTest.MeshQualityIsExportedWithEveryMetricAndIssue ..............................................   Passed    0.08 sec
          Start 1335: ProjectRunnerTest.DivergenceDetectionReportsNumericalFailure
 191/1909 Test  #820: JSONWriterTest.MeshQualityNonFiniteAndUnavailableValuesAreNull ...........................................   Passed    0.09 sec
          Start 1871: SimulationControllerTest.ResidualHistoryIsAvailableAfterARun
 192/1909 Test #1494: SIMPLESSTTest.EndToEndLoopIsConnectedAndProducesPhysicalFields ...........................................   Passed    0.79 sec
          Start 1770: ParaviewSmokeTest.SolutionVtkExistsIsNonEmptyAndHasExpectedStructureAndFields
 193/1909 Test #1484: SIMPLEDeterminismTest.RepeatedSolveIsBitIdentical ........................................................   Passed    0.74 sec
          Start 1354: LoadSnapshotFromResultsTest.ReloadsAPreviouslyWrittenResultsDirectory
 194/1909 Test #1501: SIMPLEBuoyancyTest.CaseC_ZeroGravityMatchesNoBuoyancyBitForBit ...........................................   Passed    0.77 sec
          Start 1241: SpeciesNonOrthogonalTest.CartesianSolveIsBitIdentical
 195/1909 Test #1486: SIMPLETurbulenceTest.DefaultTurbulenceModelMatchesExplicitLaminarModel ...................................   Passed    0.74 sec
          Start 1870: SimulationControllerTest.ExportLineSampleCsvWritesAReadableFile
 196/1909 Test #1485: SIMPLEDeterminismTest.RepeatedSolveIsBitIdenticalThirdRun ................................................   Passed    0.73 sec
          Start 1872: SimulationControllerTest.OpeningACaseWithExistingResultsAutoLoadsThem
 197/1909 Test  #976: SolverRobustnessPerformance.BookkeepingIsFixedWindowCost .................................................   Passed    0.17 sec
          Start 1869: SimulationControllerTest.ContoursVectorsProbeAndLineSampleWorkAfterARun
 198/1909 Test #1522: SIMPLENonOrthogonalTest.NonOrthogonalCorrectionPassCount .................................................   Passed    0.18 sec
          Start 1352: BuildSnapshotTest.ValidRunProducesAUsableSnapshot
 199/1909 Test #1335: ProjectRunnerTest.DivergenceDetectionReportsNumericalFailure .............................................   Passed    0.20 sec
          Start 1806: SpeciesDiffusionValidation.Grid80MatchesAnalyticalSlabProfile
 200/1909 Test #1241: SpeciesNonOrthogonalTest.CartesianSolveIsBitIdentical ....................................................   Passed    0.15 sec
          Start 1866: SimulationControllerTest.RunOnAValidCaseEmitsStartedThenCompleted
 201/1909 Test #1719: CompressibleProductionCaseTest.NonCompressibleCaseStillRunsWithNoCompressibleResult ......................   Passed    0.35 sec
          Start  881: MultiBlockCase.BoundariesMustConfigureExactlyTheMeshPatches
 202/1909 Test #1488: SIMPLEKEpsilonTest.EndToEndLoopIsConnectedAndProducesPhysicalFields ......................................   Passed    0.59 sec
          Start  440: DiffusionTest.BoundaryRingTruncationIsFirstOrderAndLocalized
 203/1909 Test #1832: LowMachRegressionTest.CompressibleMassFluxApproachesTheIncompressibleLimit ...............................   Passed   14.57 sec
          Start  872: GradedMeshCase.UnusableDistributionsAreRejectedBeforeMeshConstruction
 204/1909 Test  #872: GradedMeshCase.UnusableDistributionsAreRejectedBeforeMeshConstruction ....................................   Passed    0.03 sec
          Start  875: GradedMeshCase.UngradedCaseIsWrittenUnchanged
 205/1909 Test  #881: MultiBlockCase.BoundariesMustConfigureExactlyTheMeshPatches ..............................................   Passed    0.08 sec
          Start  865: GradedMeshCase.ParsesYGrading
 206/1909 Test #1770: ParaviewSmokeTest.SolutionVtkExistsIsNonEmptyAndHasExpectedStructureAndFields ............................   Passed    0.36 sec
          Start  158: GradedMesh.InvalidGradingNeverBuildsAMesh
 207/1909 Test #1354: LoadSnapshotFromResultsTest.ReloadsAPreviouslyWrittenResultsDirectory ....................................   Passed    0.36 sec
          Start  882: MultiBlockCase.WriterRoundTripsExactly
 208/1909 Test #1489: SIMPLEKEpsilonTest.RepeatedSolveIsBitIdentical ...........................................................   Passed    0.61 sec
          Start  839: RobustnessConfigTest.FullBlockParsesAndReachesSolverSettings
 209/1909 Test  #865: GradedMeshCase.ParsesYGrading ............................................................................   Passed    0.05 sec
          Start  849: StructuredQuadCase.NonFiniteVertexIsRejected
 210/1909 Test  #875: GradedMeshCase.UngradedCaseIsWrittenUnchanged ............................................................   Passed    0.08 sec
          Start  840: RobustnessConfigTest.PartialBlockKeepsDefaultsForAbsentKeys
 211/1909 Test #1871: SimulationControllerTest.ResidualHistoryIsAvailableAfterARun .............................................   Passed    0.46 sec
          Start   11: CFDAppCliMeshQualityInvalidNamesTheCell
 212/1909 Test  #158: GradedMesh.InvalidGradingNeverBuildsAMesh ................................................................   Passed    0.08 sec
          Start  490: GridRefinementTest.DiffusionDistortedCorrectedGlobalOrderReflectsBoundaryTreatment
 213/1909 Test #1487: SIMPLETurbulenceTest.ElevatedEddyViscosityChangesConvergedVelocityField ..................................   Passed    0.63 sec
          Start  859: StructuredQuadCase.ExportRejectsANonCartesianMeshWithoutGrid
 214/1909 Test  #440: DiffusionTest.BoundaryRingTruncationIsFirstOrderAndLocalized .............................................   Passed    0.20 sec
          Start  847: StructuredQuadCase.WrongVertexCountIsRejected
 215/1909 Test #1870: SimulationControllerTest.ExportLineSampleCsvWritesAReadableFile ..........................................   Passed    0.44 sec
          Start  857: StructuredQuadCase.VtkPointsAreTheMeshVertices
 216/1909 Test  #882: MultiBlockCase.WriterRoundTripsExactly ...................................................................   Passed    0.12 sec
          Start  486: GridRefinementTest.DiffusionOrthogonalUncorrectedConvergesAtSecondOrder
 217/1909 Test #1872: SimulationControllerTest.OpeningACaseWithExistingResultsAutoLoadsThem ....................................   Passed    0.45 sec
          Start 1529: PressureCorrectionNonOrthogonalTest.NonOrthogonalInternalFace
 218/1909 Test #1491: SIMPLEKOmegaTest.EndToEndLoopIsConnectedAndProducesPhysicalFields ........................................   Passed    0.66 sec
          Start   10: CFDAppCli_mesh_quality_disconnected_cli
 219/1909 Test #1869: SimulationControllerTest.ContoursVectorsProbeAndLineSampleWorkAfterARun ..................................   Passed    0.54 sec
          Start  868: GradedMeshCase.InvalidRatiosAreRejected
 220/1909 Test  #839: RobustnessConfigTest.FullBlockParsesAndReachesSolverSettings .............................................   Passed    0.32 sec
          Start  848: StructuredQuadCase.MalformedVertexIsRejected
 221/1909 Test  #849: StructuredQuadCase.NonFiniteVertexIsRejected .............................................................   Passed    0.32 sec
          Start  678: CaseBuilderTest.SolvedResultMatchesManualSetupBitForBit
 222/1909 Test  #840: RobustnessConfigTest.PartialBlockKeepsDefaultsForAbsentKeys ..............................................   Passed    0.32 sec
          Start  843: RobustnessConfigTest.GmresLinearSolverTypeIsAccepted
 223/1909 Test #1352: BuildSnapshotTest.ValidRunProducesAUsableSnapshot ........................................................   Passed    0.63 sec
          Start 1842: ContinuityMMS.DivergenceFreeField
 224/1909 Test #1806: SpeciesDiffusionValidation.Grid80MatchesAnalyticalSlabProfile ............................................   Passed    0.60 sec
          Start 1406: GridConvergenceTest.GridIndependenceCriterion
 225/1909 Test #1866: SimulationControllerTest.RunOnAValidCaseEmitsStartedThenCompleted ........................................   Passed    0.59 sec
          Start  955: ResidualTrend.SlowConvergenceIsNotStagnation
 226/1909 Test   #11: CFDAppCliMeshQualityInvalidNamesTheCell ..................................................................   Passed    0.34 sec
          Start 1541: SIMPLERobustnessTest.InvalidRobustnessSettingsAreInvalidConfiguration
 227/1909 Test  #490: GridRefinementTest.DiffusionDistortedCorrectedGlobalOrderReflectsBoundaryTreatment .......................   Passed    0.35 sec
          Start 1632: CompressibleSIMPLENonOrthogonalTest.CartesianCompatibility
 228/1909 Test  #859: StructuredQuadCase.ExportRejectsANonCartesianMeshWithoutGrid .............................................   Passed    0.35 sec
          Start 1317: CompressibleMassFluxTest.MismatchedTemperatureSizeThrows
 229/1909 Test  #847: StructuredQuadCase.WrongVertexCountIsRejected ............................................................   Passed    0.36 sec
          Start  758: CompressibleCaseTest.CoupledDefaultsToFalseWhenAbsent
 230/1909 Test  #857: StructuredQuadCase.VtkPointsAreTheMeshVertices ...........................................................   Passed    0.37 sec
          Start  968: AdaptiveRelaxation.PlateauHolds
 231/1909 Test  #486: GridRefinementTest.DiffusionOrthogonalUncorrectedConvergesAtSecondOrder ..................................   Passed    0.38 sec
          Start  300: GMRESTest.JacobiPreconditionedSolveMatches
 232/1909 Test #1529: PressureCorrectionNonOrthogonalTest.NonOrthogonalInternalFace ............................................   Passed    0.38 sec
          Start   94: MeshQualityReport.FatalIssuesAreCappedWithACountOfTheRest
 233/1909 Test  #868: GradedMeshCase.InvalidRatiosAreRejected ..................................................................   Passed    0.23 sec
          Start   95: MeshQualityReport.IdenticalMeshesGiveIdenticalReports
 234/1909 Test  #848: StructuredQuadCase.MalformedVertexIsRejected .............................................................   Passed    0.20 sec
          Start   75: MeshQuality.NonOrthogonalityMetricsAreDeterministic
 235/1909 Test  #843: RobustnessConfigTest.GmresLinearSolverTypeIsAccepted .....................................................   Passed    0.20 sec
          Start 1429: ProductionValidationTest.PassedRequiresAcceptanceAndEveryCheck
 236/1909 Test   #10: CFDAppCli_mesh_quality_disconnected_cli ..................................................................   Passed    0.38 sec
          Start  491: GridRefinementTest.DiffusionStronglyDistortedCorrectedGlobal
 237/1909 Test #1842: ContinuityMMS.DivergenceFreeField ........................................................................   Passed    0.22 sec
          Start  409: SkewnessTest.ProductionInterpolationUsesCorrection
 238/1909 Test #1406: GridConvergenceTest.GridIndependenceCriterion ............................................................   Passed    0.22 sec
          Start  961: ResidualTrend.DisabledDetectionNeverStops
 239/1909 Test  #955: ResidualTrend.SlowConvergenceIsNotStagnation .............................................................   Passed    0.22 sec
          Start  425: DiffusionTest.LinearFieldNearZeroInInteriorOnDistortedMeshWhenCorrected
 240/1909 Test #1541: SIMPLERobustnessTest.InvalidRobustnessSettingsAreInvalidConfiguration ....................................   Passed    0.21 sec
          Start  276: BiCGSTABBreakdown.IllConditionedSystemIsSolvedAtAnyScale
 241/1909 Test #1632: CompressibleSIMPLENonOrthogonalTest.CartesianCompatibility ...............................................   Passed    0.21 sec
          Start  618: MomentumNonOrthogonalTest.LinearVelocityResidualVanishesInEveryRowWhenCorrected
 242/1909 Test #1317: CompressibleMassFluxTest.MismatchedTemperatureSizeThrows .................................................   Passed    0.20 sec
          Start  952: ResidualNormalization.DecreasingIncreasingAndConstantSequences
 243/1909 Test  #758: CompressibleCaseTest.CoupledDefaultsToFalseWhenAbsent ....................................................   Passed    0.20 sec
          Start 1527: NonOrthogonalCorrectionPassesTest.Deterministic
 244/1909 Test  #968: AdaptiveRelaxation.PlateauHolds ..........................................................................   Passed    0.18 sec
          Start   12: CFDAppCliMeshQualityDisconnectedIsFatal
 245/1909 Test  #300: GMRESTest.JacobiPreconditionedSolveMatches ...............................................................   Passed    0.17 sec
          Start  312: LinearFallbackTest.MaxAttemptsRespected
 246/1909 Test   #94: MeshQualityReport.FatalIssuesAreCappedWithACountOfTheRest ................................................   Passed    0.16 sec
          Start 1433: ProductionValidationTest.ReportIsDeterministicExceptRuntime
 247/1909 Test   #95: MeshQualityReport.IdenticalMeshesGiveIdenticalReports ....................................................   Passed    0.17 sec
          Start  966: AdaptiveRelaxation.ImprovingIncreasesGradually
 248/1909 Test   #75: MeshQuality.NonOrthogonalityMetricsAreDeterministic ......................................................   Passed    0.17 sec
          Start 1399: GridConvergenceTest.AsymptoticRatio
 249/1909 Test #1429: ProductionValidationTest.PassedRequiresAcceptanceAndEveryCheck ...........................................   Passed    0.18 sec
          Start  817: JSONWriterTest.RobustnessStatusesAndDiagnosticsAreExported
 250/1909 Test  #491: GridRefinementTest.DiffusionStronglyDistortedCorrectedGlobal .............................................   Passed    0.18 sec
          Start 1408: GridConvergenceStudyTest.RunsCoarseToFineAndAnalysesEveryQuantity
 251/1909 Test  #409: SkewnessTest.ProductionInterpolationUsesCorrection .......................................................   Passed    0.17 sec
          Start  972: AdaptiveRelaxation.DisabledPreservesFixedAlpha
 252/1909 Test  #961: ResidualTrend.DisabledDetectionNeverStops ................................................................   Passed    0.18 sec
          Start  963: ConvergencePolicy.NoHiddenConvergence
 253/1909 Test  #425: DiffusionTest.LinearFieldNearZeroInInteriorOnDistortedMeshWhenCorrected ..................................   Passed    0.18 sec
          Start 1410: GridConvergenceStudyTest.MissingQuantityIsInvalid
 254/1909 Test  #276: BiCGSTABBreakdown.IllConditionedSystemIsSolvedAtAnyScale .................................................   Passed    0.18 sec
          Start  842: RobustnessConfigTest.NonDefaultBlockRoundTripsAndDefaultIsNotWritten
 255/1909 Test  #618: MomentumNonOrthogonalTest.LinearVelocityResidualVanishesInEveryRowWhenCorrected ..........................   Passed    0.18 sec
          Start  311: LinearFallbackTest.FallbackFailurePropagates
 256/1909 Test  #952: ResidualNormalization.DecreasingIncreasingAndConstantSequences ...........................................   Passed    0.18 sec
          Start 1396: GridConvergenceTest.UnequalRefinementRatios
 257/1909 Test  #678: CaseBuilderTest.SolvedResultMatchesManualSetupBitForBit ..................................................   Passed    0.51 sec
          Start  964: ConvergencePolicy.NormalizationRemovesArbitraryScale
 258/1909 Test #1527: NonOrthogonalCorrectionPassesTest.Deterministic ..........................................................   Passed    0.21 sec
          Start  965: ConvergencePolicy.NormalizedHistoriesAreReportedAndFinite
 259/1909 Test   #12: CFDAppCliMeshQualityDisconnectedIsFatal ..................................................................   Passed    0.21 sec
          Start   93: MeshQualityReport.DisconnectedMeshIsFatal
 260/1909 Test  #312: LinearFallbackTest.MaxAttemptsRespected ..................................................................   Passed    0.22 sec
          Start  838: RobustnessConfigTest.AbsentBlockDefaultsToEveryFeatureOff
 261/1909 Test #1433: ProductionValidationTest.ReportIsDeterministicExceptRuntime ..............................................   Passed    0.23 sec
          Start  975: SolverRobustnessSettingsTest.InvalidValuesAreRejected
 262/1909 Test  #966: AdaptiveRelaxation.ImprovingIncreasesGradually ...........................................................   Passed    0.23 sec
          Start  302: GMRESTest.NonFiniteInputIsRejectedBeforeIterating
 263/1909 Test #1399: GridConvergenceTest.AsymptoticRatio ......................................................................   Passed    0.24 sec
          Start  306: GMRESTest.GpuRequestFallsBackToCpu
 264/1909 Test  #817: JSONWriterTest.RobustnessStatusesAndDiagnosticsAreExported ...............................................   Passed    0.23 sec
          Start  856: StructuredQuadCase.WriterKeepsCartesianMeshFileUnchanged
 265/1909 Test #1408: GridConvergenceStudyTest.RunsCoarseToFineAndAnalysesEveryQuantity ........................................   Passed    0.23 sec
          Start  971: AdaptiveRelaxation.RecoveryAfterGrowthStopsBelowTheUnstableFactor
 266/1909 Test  #972: AdaptiveRelaxation.DisabledPreservesFixedAlpha ...........................................................   Passed    0.22 sec
          Start  841: RobustnessConfigTest.InvalidValuesAreRejectedWithTheFieldNamed
 267/1909 Test  #963: ConvergencePolicy.NoHiddenConvergence ....................................................................   Passed    0.22 sec
          Start  870: GradedMeshCase.InvalidTypeClusterAndKeysAreRejected
 268/1909 Test #1410: GridConvergenceStudyTest.MissingQuantityIsInvalid ........................................................   Passed    0.21 sec
          Start 1464: VelocityCorrectionTest.DefaultGradientSchemeArgumentMatchesExplicitGreenGauss
 269/1909 Test  #311: LinearFallbackTest.FallbackFailurePropagates .............................................................   Passed    0.20 sec
          Start  410: SkewnessTest.CorrectedProductionOperatorImprovesError
 270/1909 Test  #842: RobustnessConfigTest.NonDefaultBlockRoundTripsAndDefaultIsNotWritten .....................................   Passed    0.22 sec
          Start  958: ResidualTrend.SustainedRunawayFromAPlateau
 271/1909 Test #1396: GridConvergenceTest.UnequalRefinementRatios ..............................................................   Passed    0.21 sec
          Start  301: GMRESTest.ZeroRightHandSideConvergesImmediately
 272/1909 Test  #964: ConvergencePolicy.NormalizationRemovesArbitraryScale .....................................................   Passed    0.19 sec
          Start  434: DiffusionTest.NetDirichletBoundaryFluxIsMoreAccurateWithCorrectionOnDistortedMesh
 273/1909 Test  #965: ConvergencePolicy.NormalizedHistoriesAreReportedAndFinite ................................................   Passed    0.20 sec
          Start  316: LinearFallbackTest.FallbackKeepsAndRecordsThePreconditioner
 274/1909 Test   #93: MeshQualityReport.DisconnectedMeshIsFatal ................................................................   Passed    0.19 sec
          Start  303: GMRESTest.IterationBudgetIsReportedAsMaxIterations
 275/1909 Test  #838: RobustnessConfigTest.AbsentBlockDefaultsToEveryFeatureOff ................................................   Passed    0.19 sec
          Start  318: LinearFallbackTest.HealthySolveIsUntouched
 276/1909 Test  #975: SolverRobustnessSettingsTest.InvalidValuesAreRejected ....................................................   Passed    0.17 sec
          Start 1203: TurbulenceNonOrthogonalTest.NonOrthogonalDiffusion
 277/1909 Test  #302: GMRESTest.NonFiniteInputIsRejectedBeforeIterating ........................................................   Passed    0.16 sec
          Start   65: MeshGeometryNonOrthogonal.NonOrthogonalButUnskewedFace
 278/1909 Test  #306: GMRESTest.GpuRequestFallsBackToCpu .......................................................................   Passed    0.17 sec
          Start 1532: PressureCorrectionNonOrthogonalTest.DegenerateGeometryRejected
 279/1909 Test  #856: StructuredQuadCase.WriterKeepsCartesianMeshFileUnchanged .................................................   Passed    0.17 sec
          Start  480: GridRefinementTest.LeastSquaresGradientCartesianGlobalOrderReflectsBoundaryTreatment
 280/1909 Test  #971: AdaptiveRelaxation.RecoveryAfterGrowthStopsBelowTheUnstableFactor ........................................   Passed    0.17 sec
          Start 1537: SIMPLERobustnessTest.DivergenceStatus
 281/1909 Test  #841: RobustnessConfigTest.InvalidValuesAreRejectedWithTheFieldNamed ...........................................   Passed    0.18 sec
          Start  496: GridRefinementTest.DiffusionModeratelyDistortedCorrectedConvergesAtSecondOrderInInterior
 282/1909 Test  #870: GradedMeshCase.InvalidTypeClusterAndKeysAreRejected ......................................................   Passed    0.18 sec
          Start  493: GridRefinementTest.DiffusionDistortedCorrectedConvergesAtSecondOrderInInterior
 283/1909 Test #1464: VelocityCorrectionTest.DefaultGradientSchemeArgumentMatchesExplicitGreenGauss ............................   Passed    0.18 sec
          Start  855: StructuredQuadCase.WriterRoundTripsVerticesExactly
 284/1909 Test  #410: SkewnessTest.CorrectedProductionOperatorImprovesError ....................................................   Passed    0.18 sec
          Start 1394: GridConvergenceTest.SecondOrderSynthetic
 285/1909 Test  #958: ResidualTrend.SustainedRunawayFromAPlateau ...............................................................   Passed    0.18 sec
          Start  957: ResidualTrend.Diverging
 286/1909 Test  #301: GMRESTest.ZeroRightHandSideConvergesImmediately ..........................................................   Passed    0.20 sec
          Start  400: LeastSquaresTest.ConstantFieldHasZeroGradient
 287/1909 Test  #434: DiffusionTest.NetDirichletBoundaryFluxIsMoreAccurateWithCorrectionOnDistortedMesh ........................   Passed    0.20 sec
          Start 1419: ManufacturedFieldsTest.CompressibleForcingExact
 288/1909 Test  #316: LinearFallbackTest.FallbackKeepsAndRecordsThePreconditioner ..............................................   Passed    0.22 sec
          Start  846: StructuredQuadCase.MissingVerticesAreRejected
 289/1909 Test  #303: GMRESTest.IterationBudgetIsReportedAsMaxIterations .......................................................   Passed    0.22 sec
          Start  879: MultiBlockCase.ParserErrorsNameTheField
 290/1909 Test  #318: LinearFallbackTest.HealthySolveIsUntouched ...............................................................   Passed    0.20 sec
          Start  953: ResidualNormalization.NonFiniteInput
 291/1909 Test #1203: TurbulenceNonOrthogonalTest.NonOrthogonalDiffusion .......................................................   Passed    0.20 sec
          Start  388: GradientSchemeTest.ParsesBothValidNames
 292/1909 Test   #65: MeshGeometryNonOrthogonal.NonOrthogonalButUnskewedFace ...................................................   Passed    0.19 sec
          Start  973: AdaptiveRelaxation.Deterministic
 293/1909 Test #1532: PressureCorrectionNonOrthogonalTest.DegenerateGeometryRejected ...........................................   Passed    0.21 sec
          Start  402: LeastSquaresTest.LinearFieldDistortedIsExactAtEveryCell
 294/1909 Test  #480: GridRefinementTest.LeastSquaresGradientCartesianGlobalOrderReflectsBoundaryTreatment .....................   Passed    0.21 sec
          Start  969: AdaptiveRelaxation.GrowingOscillationReducesAlphaDecayingZigzagDoesNot
 295/1909 Test #1537: SIMPLERobustnessTest.DivergenceStatus ....................................................................   Passed    0.20 sec
          Start  275: BiCGSTABBreakdown.ScalingTheSystemByAPowerOfTwoChangesNothing
 296/1909 Test  #496: GridRefinementTest.DiffusionModeratelyDistortedCorrectedConvergesAtSecondOrderInInterior .................   Passed    0.21 sec
          Start  954: ResidualTrend.Converging
 297/1909 Test  #493: GridRefinementTest.DiffusionDistortedCorrectedConvergesAtSecondOrderInInterior ...........................   Passed    0.21 sec
          Start 1400: GridConvergenceTest.OscillatorySequenceDetected
 298/1909 Test  #855: StructuredQuadCase.WriterRoundTripsVerticesExactly .......................................................   Passed    0.21 sec
          Start 1525: NonOrthogonalCorrectionPassesTest.PassesExecuteAndTheCorrectorIterationConverges
 299/1909 Test #1394: GridConvergenceTest.SecondOrderSynthetic .................................................................   Passed    0.22 sec
          Start   76: MeshQuality.InvalidGeometryHandledSafely
 300/1909 Test  #957: ResidualTrend.Diverging ..................................................................................   Passed    0.21 sec
          Start  627: CaseReaderTest.EachValidGradientSchemeNameParses
 301/1909 Test  #400: LeastSquaresTest.ConstantFieldHasZeroGradient ............................................................   Passed    0.20 sec
          Start 1497: SIMPLESSTTest.ConvergedStatusImpliesTurbulenceResidualWithinTolerance
 302/1909 Test #1419: ManufacturedFieldsTest.CompressibleForcingExact ..........................................................   Passed    0.19 sec
          Start 1423: MMSSourceTest.SolversRejectMalformedSourceFields
 303/1909 Test  #846: StructuredQuadCase.MissingVerticesAreRejected ............................................................   Passed    0.19 sec
          Start 1422: MMSSourceTest.RelaxedMomentumSourceIsAPureRhsTerm
 304/1909 Test  #879: MultiBlockCase.ParserErrorsNameTheField ..................................................................   Passed    0.20 sec
          Start 1150: WallDistanceTest.ExactPerpendicularDistanceOnTiltedStructuredQuadMesh
 305/1909 Test  #953: ResidualNormalization.NonFiniteInput .....................................................................   Passed    0.21 sec
          Start  858: StructuredQuadCase.CartesianVtkIsByteIdenticalToTheReconstructedPoints
 306/1909 Test  #388: GradientSchemeTest.ParsesBothValidNames ..................................................................   Passed    0.21 sec
          Start  403: LeastSquaresTest.GreenGaussDistortedIsNotExactUnlikeLeastSquares
 307/1909 Test  #973: AdaptiveRelaxation.Deterministic .........................................................................   Passed    0.20 sec
          Start  452: ConvectionSchemeTest.QuickDegradesToUpwindWhenNoFartherUpstreamCellExists
 308/1909 Test  #402: LeastSquaresTest.LinearFieldDistortedIsExactAtEveryCell ..................................................   Passed    0.20 sec
          Start  631: CaseReaderTest.NegativeNonOrthogonalCorrectionsThrowsCaseConfigurationError
 309/1909 Test  #969: AdaptiveRelaxation.GrowingOscillationReducesAlphaDecayingZigzagDoesNot ...................................   Passed    0.20 sec
          Start 1151: WallDistanceTest.CartesianDistanceIsBitIdenticalToFaceCentroidDistance
 310/1909 Test  #275: BiCGSTABBreakdown.ScalingTheSystemByAPowerOfTwoChangesNothing ............................................   Passed    0.20 sec
          Start 1415: ManufacturedFieldsTest.VelocityDerivativesExact
 311/1909 Test  #954: ResidualTrend.Converging .................................................................................   Passed    0.21 sec
          Start  428: DiffusionTest.StrongDistortionProducesFiniteResults
 312/1909 Test #1400: GridConvergenceTest.OscillatorySequenceDetected ..........................................................   Passed    0.21 sec
          Start  393: SolveLeastSquaresGradientTest.DetectsAColinearStencilAsIllConditioned
 313/1909 Test #1525: NonOrthogonalCorrectionPassesTest.PassesExecuteAndTheCorrectorIterationConverges .........................   Passed    0.19 sec
          Start  299: GMRESTest.RestartedSolveConvergesDeterministically
 314/1909 Test   #76: MeshQuality.InvalidGeometryHandledSafely .................................................................   Passed    0.18 sec
          Start 1424: MMSErrorNormsTest.KnownField
 315/1909 Test  #627: CaseReaderTest.EachValidGradientSchemeNameParses .........................................................   Passed    0.19 sec
          Start 1392: GridConvergenceTest.RepresentativeGridSize
 316/1909 Test #1423: MMSSourceTest.SolversRejectMalformedSourceFields .........................................................   Passed    0.17 sec
          Start 1414: ManufacturedFieldsTest.VelocityIsAnalyticallyDivergenceFree
 317/1909 Test #1422: MMSSourceTest.RelaxedMomentumSourceIsAPureRhsTerm ........................................................   Passed    0.18 sec
          Start 1349: CaseSessionTest.RunConvergingCaseMovesToCompleted
 318/1909 Test #1150: WallDistanceTest.ExactPerpendicularDistanceOnTiltedStructuredQuadMesh ....................................   Passed    0.18 sec
          Start 1528: PressureCorrectionNonOrthogonalTest.CartesianCompatibility
 319/1909 Test  #858: StructuredQuadCase.CartesianVtkIsByteIdenticalToTheReconstructedPoints ...................................   Passed    0.17 sec
          Start  304: GMRESTest.SingularInconsistentSystemReportsBreakdown
 320/1909 Test  #452: ConvectionSchemeTest.QuickDegradesToUpwindWhenNoFartherUpstreamCellExists ................................   Passed    0.16 sec
          Start   81: MeshQualityReport.ExpansionRatioOfAGeometricGradingIsItsRatio
 321/1909 Test  #403: LeastSquaresTest.GreenGaussDistortedIsNotExactUnlikeLeastSquares .........................................   Passed    0.18 sec
          Start  309: LinearFallbackTest.EligibleBreakdownUsesFallback
 322/1909 Test  #631: CaseReaderTest.NegativeNonOrthogonalCorrectionsThrowsCaseConfigurationError ..............................   Passed    0.17 sec
          Start  274: BiCGSTABBreakdown.Mesh004ThermalSystemsConvergeToTheRequestedTolerance
 323/1909 Test #1151: WallDistanceTest.CartesianDistanceIsBitIdenticalToFaceCentroidDistance ...................................   Passed    0.16 sec
          Start  298: GMRESTest.SolvesNonSymmetricSystem
 324/1909 Test #1415: ManufacturedFieldsTest.VelocityDerivativesExact ..........................................................   Passed    0.15 sec
          Start  380: InterpolationTest.SkewCorrectedInterpolationIsExactForLinearFieldOnSkewedMesh
 325/1909 Test  #428: DiffusionTest.StrongDistortionProducesFiniteResults ......................................................   Passed    0.15 sec
          Start 1413: GridConvergenceStudyTest.ReportSchemaValidation
 326/1909 Test  #393: SolveLeastSquaresGradientTest.DetectsAColinearStencilAsIllConditioned ....................................   Passed    0.16 sec
          Start  381: InterpolationTest.SkewCorrectedInterpolationMatchesPlainOnCartesianMesh
 327/1909 Test  #299: GMRESTest.RestartedSolveConvergesDeterministically .......................................................   Passed    0.17 sec
          Start 1432: ProductionValidationTest.GridStudyEntryAndSequenceOrder
 328/1909 Test #1424: MMSErrorNormsTest.KnownField .............................................................................   Passed    0.16 sec
          Start  495: GridRefinementTest.DiffusionModeratelyDistortedUncorrectedInterior
 329/1909 Test #1392: GridConvergenceTest.RepresentativeGridSize ...............................................................   Passed    0.17 sec
          Start  395: SolveLeastSquaresGradientTest.DetectsNoNeighborsAsIllConditioned
 330/1909 Test #1414: ManufacturedFieldsTest.VelocityIsAnalyticallyDivergenceFree ..............................................   Passed    0.16 sec
          Start  974: SolverRobustnessSettingsTest.DefaultsAreValidAndDisabled
 331/1909 Test #1497: SIMPLESSTTest.ConvergedStatusImpliesTurbulenceResidualWithinTolerance ....................................   Passed    0.38 sec
          Start  446: ConvectionSchemeTest.ParsesAllFourValidNames
 332/1909 Test #1528: PressureCorrectionNonOrthogonalTest.CartesianCompatibility ...............................................   Passed    0.17 sec
          Start  962: ConvergencePolicy.DefaultIsExactlyTheAbsoluteGate
 333/1909 Test  #304: GMRESTest.SingularInconsistentSystemReportsBreakdown .....................................................   Passed    0.17 sec
          Start  630: CaseReaderTest.ValidNonOrthogonalCorrectionsCountParses
 334/1909 Test   #81: MeshQualityReport.ExpansionRatioOfAGeometricGradingIsItsRatio ............................................   Passed    0.18 sec
          Start  433: DiffusionTest.CorrectionLeavesWallThermalBoundaryFluxesUntouched
 335/1909 Test  #309: LinearFallbackTest.EligibleBreakdownUsesFallback .........................................................   Passed    0.18 sec
          Start 1398: GridConvergenceTest.GCIKnownCase
 336/1909 Test  #274: BiCGSTABBreakdown.Mesh004ThermalSystemsConvergeToTheRequestedTolerance ...................................   Passed    0.18 sec
          Start 1417: ManufacturedFieldsTest.MomentumForcingExact
 337/1909 Test  #298: GMRESTest.SolvesNonSymmetricSystem .......................................................................   Passed    0.21 sec
          Start  485: GridRefinementTest.LeastSquaresGradientDistortedConvergesAtSecondOrderInInterior
 338/1909 Test  #380: InterpolationTest.SkewCorrectedInterpolationIsExactForLinearFieldOnSkewedMesh ............................   Passed    0.22 sec
          Start  424: DiffusionTest.LinearFieldGivesZeroDiffusionOnCartesianRegardlessOfCorrection
 339/1909 Test #1413: GridConvergenceStudyTest.ReportSchemaValidation ..........................................................   Passed    0.21 sec
          Start  645: CaseWriterTest.NonDefaultNonOrthogonalCorrectionsRoundTrips
 340/1909 Test  #381: InterpolationTest.SkewCorrectedInterpolationMatchesPlainOnCartesianMesh ..................................   Passed    0.20 sec
          Start  864: GradedMeshCase.NoGradingMeansNone
 341/1909 Test #1432: ProductionValidationTest.GridStudyEntryAndSequenceOrder ..................................................   Passed    0.20 sec
          Start  451: ConvectionSchemeTest.QuickSchemeMatchesIndependentOracleForPositiveAndNegativeFlux
 342/1909 Test  #395: SolveLeastSquaresGradientTest.DetectsNoNeighborsAsIllConditioned .........................................   Passed    0.18 sec
          Start  960: ResidualTrend.NonFiniteResidualIsDivergingWhenEnabled
 343/1909 Test #1349: CaseSessionTest.RunConvergingCaseMovesToCompleted ........................................................   Passed    0.35 sec
          Start  438: DiffusionTest.ZeroOwnerNeighborDistanceIsAPreexistingLimitationNotWorsenedByCorrection
 344/1909 Test  #495: GridRefinementTest.DiffusionModeratelyDistortedUncorrectedInterior .......................................   Passed    0.22 sec
          Start 1397: GridConvergenceTest.RichardsonExactRecovery
 345/1909 Test  #974: SolverRobustnessSettingsTest.DefaultsAreValidAndDisabled .................................................   Passed    0.21 sec
          Start    9: CFDAppCli_mesh_quality_invalid_cli
 346/1909 Test  #446: ConvectionSchemeTest.ParsesAllFourValidNames .............................................................   Passed    0.22 sec
          Start  170: MultiBlockMeshInvalid.DisconnectedDomainFailsTheValidityGate
 347/1909 Test  #962: ConvergencePolicy.DefaultIsExactlyTheAbsoluteGate ........................................................   Passed    0.21 sec
          Start  429: DiffusionTest.NonOrthogonalCorrectionIsDeterministic
 348/1909 Test  #630: CaseReaderTest.ValidNonOrthogonalCorrectionsCountParses ..................................................   Passed    0.21 sec
          Start  435: DiffusionTest.NeumannBoundaryFluxesAreNeverCorrected
 349/1909 Test  #433: DiffusionTest.CorrectionLeavesWallThermalBoundaryFluxesUntouched .........................................   Passed    0.21 sec
          Start  398: SolveLeastSquaresGradientTest.MismatchedSizesThrows
 350/1909 Test #1398: GridConvergenceTest.GCIKnownCase .........................................................................   Passed    0.22 sec
          Start  629: CaseReaderTest.MissingNonOrthogonalCorrectionsDefaultsToZero
 351/1909 Test #1417: ManufacturedFieldsTest.MomentumForcingExact ..............................................................   Passed    0.21 sec
          Start  487: GridRefinementTest.DiffusionOrthogonalCorrectionFlagIsInertOnCartesianMesh
 352/1909 Test  #485: GridRefinementTest.LeastSquaresGradientDistortedConvergesAtSecondOrderInInterior .........................   Passed    0.20 sec
          Start   73: MeshQuality.DistortedMeshReportsNonZeroMetrics
 353/1909 Test  #424: DiffusionTest.LinearFieldGivesZeroDiffusionOnCartesianRegardlessOfCorrection .............................   Passed    0.20 sec
          Start  967: AdaptiveRelaxation.GrowthReducesAlpha
 354/1909 Test  #645: CaseWriterTest.NonDefaultNonOrthogonalCorrectionsRoundTrips ..............................................   Passed    0.22 sec
          Start  465: SmoothnessRatioTest.NulloptWhenLocalGradientIsZero
 355/1909 Test  #864: GradedMeshCase.NoGradingMeansNone ........................................................................   Passed    0.22 sec
          Start   90: MeshQualityReport.BrokenConnectivityIsFatal
 356/1909 Test  #451: ConvectionSchemeTest.QuickSchemeMatchesIndependentOracleForPositiveAndNegativeFlux .......................   Passed    0.22 sec
          Start 1063: ThermalBoundaryConsistency.SingularAllGradientCellReportsStatusInsteadOfThrowing
 357/1909 Test  #960: ResidualTrend.NonFiniteResidualIsDivergingWhenEnabled ....................................................   Passed    0.22 sec
          Start  405: LeastSquaresTest.RejectsNonScalarBoundaryCondition
 358/1909 Test  #438: DiffusionTest.ZeroOwnerNeighborDistanceIsAPreexistingLimitationNotWorsenedByCorrection ...................   Passed    0.22 sec
          Start  489: GridRefinementTest.DiffusionDistortedUncorrectedConvergesInInterior
 359/1909 Test #1397: GridConvergenceTest.RichardsonExactRecovery ..............................................................   Passed    0.22 sec
          Start 1890: CaseEditingTest.ValidateDraftNeverMutatesTheOpenedCaseDirectoryOnDisk
 360/1909 Test    #9: CFDAppCli_mesh_quality_invalid_cli .......................................................................   Passed    0.22 sec
          Start 1514: SIMPLENonOrthogonalTest.DefaultSettingsDisableTheCorrection
 361/1909 Test  #170: MultiBlockMeshInvalid.DisconnectedDomainFailsTheValidityGate .............................................   Passed    0.21 sec
          Start  959: ResidualTrend.SingleSpikeDoesNotTriggerDivergence
 362/1909 Test  #429: DiffusionTest.NonOrthogonalCorrectionIsDeterministic .....................................................   Passed    0.22 sec
          Start  718: TurbulenceCaseTest.NonOrthogonalCorrectionReachesEveryTurbulenceModel
 363/1909 Test  #435: DiffusionTest.NeumannBoundaryFluxesAreNeverCorrected .....................................................   Passed    0.22 sec
          Start  319: LinearFallbackTest.Deterministic
 364/1909 Test  #398: SolveLeastSquaresGradientTest.MismatchedSizesThrows ......................................................   Passed    0.22 sec
          Start   92: MeshQualityReport.BoundaryFaceMustBeInExactlyOnePatch
 365/1909 Test  #629: CaseReaderTest.MissingNonOrthogonalCorrectionsDefaultsToZero .............................................   Passed    0.21 sec
          Start  494: GridRefinementTest.DiffusionDistortedCorrectedGreenGaussInterior
 366/1909 Test  #487: GridRefinementTest.DiffusionOrthogonalCorrectionFlagIsInertOnCartesianMesh ...............................   Passed    0.20 sec
          Start  310: LinearFallbackTest.SuccessRecorded
 367/1909 Test   #73: MeshQuality.DistortedMeshReportsNonZeroMetrics ...........................................................   Passed    0.21 sec
          Start  305: GMRESTest.InvalidRestartLengthIsRejected
 368/1909 Test  #967: AdaptiveRelaxation.GrowthReducesAlpha ....................................................................   Passed    0.20 sec
          Start  497: GridRefinementTest.DiffusionStronglyDistortedUncorrectedInterior
 369/1909 Test  #465: SmoothnessRatioTest.NulloptWhenLocalGradientIsZero .......................................................   Passed    0.20 sec
          Start  426: DiffusionTest.CorrectionReducesInteriorErrorForQuadraticFieldOnDistortedMesh
 370/1909 Test   #90: MeshQualityReport.BrokenConnectivityIsFatal ..............................................................   Passed    0.21 sec
          Start  423: DiffusionTest.DefaultParametersPreserveUncorrectedBehavior
 371/1909 Test #1063: ThermalBoundaryConsistency.SingularAllGradientCellReportsStatusInsteadOfThrowing .........................   Passed    0.21 sec
          Start   72: MeshQuality.CartesianHasZeroSkewness
 372/1909 Test  #405: LeastSquaresTest.RejectsNonScalarBoundaryCondition .......................................................   Passed    0.22 sec
          Start  883: MultiBlockCase.BuilderConstructsTheMultiBlockMeshWithNamedBoundaries
 373/1909 Test  #489: GridRefinementTest.DiffusionDistortedUncorrectedConvergesInInterior ......................................   Passed    0.21 sec
          Start   64: MeshGeometryNonOrthogonal.CartesianFacesDecomposeExactly
 374/1909 Test #1514: SIMPLENonOrthogonalTest.DefaultSettingsDisableTheCorrection ..............................................   Passed    0.20 sec
          Start  157: GradedMesh.ConstructionIsDeterministic
 375/1909 Test  #959: ResidualTrend.SingleSpikeDoesNotTriggerDivergence ........................................................   Passed    0.20 sec
          Start  475: GridRefinementTest.CentralConvectionOfSmoothFieldConvergesAboveFirstOrderInInterior
 376/1909 Test  #718: TurbulenceCaseTest.NonOrthogonalCorrectionReachesEveryTurbulenceModel ....................................   Passed    0.21 sec
          Start  626: CaseReaderTest.MissingGradientSchemeDefaultsToGreenGauss
 377/1909 Test  #319: LinearFallbackTest.Deterministic .........................................................................   Passed    0.21 sec
          Start   88: MeshQualityReport.NonOrthogonalMeshGetsAnInformationalCorrectionAdvice
 378/1909 Test   #92: MeshQualityReport.BoundaryFaceMustBeInExactlyOnePatch ....................................................   Passed    0.21 sec
          Start  623: CaseReaderTest.MissingConvectionSchemeDefaultsToUpwind
 379/1909 Test  #494: GridRefinementTest.DiffusionDistortedCorrectedGreenGaussInterior .........................................   Passed    0.21 sec
          Start  463: SmoothnessRatioTest.PositiveForSmoothMonotoneData
 380/1909 Test  #310: LinearFallbackTest.SuccessRecorded .......................................................................   Passed    0.21 sec
          Start  404: LeastSquaresTest.BoundaryCellsUseTheAssignedConditionAtTheFacesOwnPosition
 381/1909 Test  #305: GMRESTest.InvalidRestartLengthIsRejected .................................................................   Passed    0.20 sec
          Start  453: ConvectionSchemeTest.SchemeChoiceDoesNotAffectABoundaryOnlyMesh
 382/1909 Test  #497: GridRefinementTest.DiffusionStronglyDistortedUncorrectedInterior .........................................   Passed    0.21 sec
          Start  430: DiffusionTest.CorrectedFluxIsAntisymmetricUnderFaceReversal
 383/1909 Test #1890: CaseEditingTest.ValidateDraftNeverMutatesTheOpenedCaseDirectoryOnDisk ....................................   Passed    0.34 sec
          Start 1401: GridConvergenceTest.DivergingSequenceDetected
 384/1909 Test  #426: DiffusionTest.CorrectionReducesInteriorErrorForQuadraticFieldOnDistortedMesh .............................   Passed    0.21 sec
          Start   66: MeshGeometryNonOrthogonal.OrthogonalButSkewedFace
 385/1909 Test  #423: DiffusionTest.DefaultParametersPreserveUncorrectedBehavior ...............................................   Passed    0.19 sec
          Start   82: MeshQualityReport.ShearedMeshHasTheShearAngleOnEveryFace
 386/1909 Test   #72: MeshQuality.CartesianHasZeroSkewness .....................................................................   Passed    0.18 sec
          Start  315: LinearFallbackTest.SingularOrReducibleMatricesAreNotCGEligible
 387/1909 Test  #883: MultiBlockCase.BuilderConstructsTheMultiBlockMeshWithNamedBoundaries .....................................   Passed    0.18 sec
          Start  498: GridRefinementTest.DiffusionStronglyDistortedCorrectedConvergesAtSecondOrderInInterior
 388/1909 Test   #64: MeshGeometryNonOrthogonal.CartesianFacesDecomposeExactly .................................................   Passed    0.17 sec
          Start   85: MeshQualityReport.WarningsAreAggregatedPerMetricWithTheWorstEntity
 389/1909 Test  #157: GradedMesh.ConstructionIsDeterministic ...................................................................   Passed    0.17 sec
          Start  477: GridRefinementTest.LinearUpwindConvectionOfSmoothFieldConvergesAboveFirstOrderInInterior
 390/1909 Test  #475: GridRefinementTest.CentralConvectionOfSmoothFieldConvergesAboveFirstOrderInInterior ......................   Passed    0.16 sec
          Start  314: LinearFallbackTest.SpdMatrixIsCGEligibleAndPreferred
 391/1909 Test  #626: CaseReaderTest.MissingGradientSchemeDefaultsToGreenGauss .................................................   Passed    0.16 sec
          Start 1420: ManufacturedFieldsTest.ExactFaceFluxIsDiscretelyDivergenceFree
 392/1909 Test   #88: MeshQualityReport.NonOrthogonalMeshGetsAnInformationalCorrectionAdvice ...................................   Passed    0.15 sec
          Start   71: MeshQuality.CartesianHasZeroNonOrthogonality
 393/1909 Test  #623: CaseReaderTest.MissingConvectionSchemeDefaultsToUpwind ...................................................   Passed    0.15 sec
          Start  297: GMRESTest.SolvesSPDSystemAndAgreesWithCG
 394/1909 Test  #463: SmoothnessRatioTest.PositiveForSmoothMonotoneData ........................................................   Passed    0.14 sec
          Start   67: MeshGeometryNonOrthogonal.DistortedDecompositionIsConsistent
 395/1909 Test  #404: LeastSquaresTest.BoundaryCellsUseTheAssignedConditionAtTheFacesOwnPosition ...............................   Passed    0.14 sec
          Start  873: GradedMeshCase.ImpossibleDomainOrCellCountIsRejected
 396/1909 Test  #453: ConvectionSchemeTest.SchemeChoiceDoesNotAffectABoundaryOnlyMesh ..........................................   Passed    0.13 sec
          Start  483: GridRefinementTest.GreenGaussGradientDistortedConvergesAtSecondOrderInInterior
 397/1909 Test  #430: DiffusionTest.CorrectedFluxIsAntisymmetricUnderFaceReversal ..............................................   Passed    0.13 sec
          Start  389: GradientSchemeTest.RejectsInvalidName
 398/1909 Test #1401: GridConvergenceTest.DivergingSequenceDetected ............................................................   Passed    0.13 sec
          Start  949: ResidualNormalization.NonzeroBaseline
 399/1909 Test   #66: MeshGeometryNonOrthogonal.OrthogonalButSkewedFace ........................................................   Passed    0.13 sec
          Start  479: GridRefinementTest.QuickConvectionOfSmoothFieldConvergesAboveFirstOrderInInterior
 400/1909 Test   #82: MeshQualityReport.ShearedMeshHasTheShearAngleOnEveryFace .................................................   Passed    0.13 sec
          Start  643: CaseWriterTest.NonDefaultConvectionSchemeRoundTrips
 401/1909 Test  #315: LinearFallbackTest.SingularOrReducibleMatricesAreNotCGEligible ...........................................   Passed    0.15 sec
          Start  113: StructuredQuadMesh.CarriesItsVertexGrid
 402/1909 Test  #498: GridRefinementTest.DiffusionStronglyDistortedCorrectedConvergesAtSecondOrderInInterior ...................   Passed    0.16 sec
          Start 1395: GridConvergenceTest.ThirdOrderSynthetic
 403/1909 Test   #85: MeshQualityReport.WarningsAreAggregatedPerMetricWithTheWorstEntity .......................................   Passed    0.16 sec
          Start  437: DiffusionTest.ExtremeNonOrthogonalityFallsBackSafely
 404/1909 Test  #477: GridRefinementTest.LinearUpwindConvectionOfSmoothFieldConvergesAboveFirstOrderInInterior .................   Passed    0.16 sec
          Start  399: SolveLeastSquaresGradientTest.NeverProducesNonFiniteResultOnAcceptedInput
 405/1909 Test  #314: LinearFallbackTest.SpdMatrixIsCGEligibleAndPreferred .....................................................   Passed    0.17 sec
          Start  625: CaseReaderTest.InvalidConvectionSchemeValueThrowsCaseConfigurationError
 406/1909 Test #1420: ManufacturedFieldsTest.ExactFaceFluxIsDiscretelyDivergenceFree ...........................................   Passed    0.16 sec
          Start  476: GridRefinementTest.LinearUpwindConvectionOfSmoothFieldGlobalOrderReflectsBoundaryTreatment
 407/1909 Test   #71: MeshQuality.CartesianHasZeroNonOrthogonality .............................................................   Passed    0.16 sec
          Start  456: ConvectionSchemeTest.HigherOrderSchemesAreDeterministic
 408/1909 Test  #297: GMRESTest.SolvesSPDSystemAndAgreesWithCG .................................................................   Passed    0.16 sec
          Start  488: GridRefinementTest.DiffusionDistortedUncorrectedGlobalOrderReflectsBoundaryTreatment
 409/1909 Test   #67: MeshGeometryNonOrthogonal.DistortedDecompositionIsConsistent .............................................   Passed    0.15 sec
          Start  396: SolveLeastSquaresGradientTest.IgnoresAZeroDistanceEntryRatherThanDividingByZero
 410/1909 Test  #873: GradedMeshCase.ImpossibleDomainOrCellCountIsRejected .....................................................   Passed    0.15 sec
          Start  458: QuickFaceValueTest.MatchesClassicalCoefficientsOnUniformGrid
 411/1909 Test  #483: GridRefinementTest.GreenGaussGradientDistortedConvergesAtSecondOrderInInterior ...........................   Passed    0.17 sec
          Start  118: StructuredQuadMesh.RejectsZeroCells
 412/1909 Test  #389: GradientSchemeTest.RejectsInvalidName ....................................................................   Passed    0.17 sec
          Start  407: LeastSquaresTest.RepeatedCallsAreDeterministic
 413/1909 Test  #949: ResidualNormalization.NonzeroBaseline ....................................................................   Passed    0.17 sec
          Start  617: MomentumNonOrthogonalTest.CartesianCorrectionIsBitIdenticalForBothOverloads
 414/1909 Test  #479: GridRefinementTest.QuickConvectionOfSmoothFieldConvergesAboveFirstOrderInInterior ........................   Passed    0.18 sec
          Start  432: DiffusionTest.LinearField2x3y5IsConsistentOnCartesianAndDistortedMeshes
 415/1909 Test  #643: CaseWriterTest.NonDefaultConvectionSchemeRoundTrips ......................................................   Passed    0.17 sec
          Start  950: ResidualNormalization.ZeroBaseline
 416/1909 Test  #113: StructuredQuadMesh.CarriesItsVertexGrid ..................................................................   Passed    0.17 sec
          Start   91: MeshQualityReport.ReversedFaceOrientationIsFatal
 417/1909 Test #1395: GridConvergenceTest.ThirdOrderSynthetic ..................................................................   Passed    0.16 sec
          Start  436: DiffusionTest.CorrectionNeverAlterableOnPureBoundaryMeshWithMixedConditions
 418/1909 Test  #437: DiffusionTest.ExtremeNonOrthogonalityFallsBackSafely .....................................................   Passed    0.16 sec
          Start  439: DiffusionTest.BoundaryCorrectionClassificationCoversEveryConditionType
 419/1909 Test  #399: SolveLeastSquaresGradientTest.NeverProducesNonFiniteResultOnAcceptedInput ................................   Passed    0.16 sec
          Start   74: MeshQuality.MetricsDiscriminateDistortionLevels
 420/1909 Test  #625: CaseReaderTest.InvalidConvectionSchemeValueThrowsCaseConfigurationError ..................................   Passed    0.15 sec
          Start  110: StructuredQuadMesh.LatticeVerticesReproduceCartesianMesh
 421/1909 Test  #456: ConvectionSchemeTest.HigherOrderSchemesAreDeterministic ..................................................   Passed    0.14 sec
          Start  644: CaseWriterTest.NonDefaultGradientSchemeRoundTrips
 422/1909 Test  #476: GridRefinementTest.LinearUpwindConvectionOfSmoothFieldGlobalOrderReflectsBoundaryTreatment ...............   Passed    0.17 sec
          Start  454: ConvectionSchemeTest.LinearFieldIsReproducedExactlyAwayFromAnyDegradedFace
 423/1909 Test  #488: GridRefinementTest.DiffusionDistortedUncorrectedGlobalOrderReflectsBoundaryTreatment .....................   Passed    0.16 sec
          Start  467: VanLeerLimiterTest.ZeroWhenRatioIsNullopt
 424/1909 Test  #396: SolveLeastSquaresGradientTest.IgnoresAZeroDistanceEntryRatherThanDividingByZero ..........................   Passed    0.17 sec
          Start  382: InterpolationTest.SkewCorrectedInterpolationFallsBackOnDegenerateFace
 425/1909 Test  #458: QuickFaceValueTest.MatchesClassicalCoefficientsOnUniformGrid .............................................   Passed    0.16 sec
          Start 1531: PressureCorrectionNonOrthogonalTest.NonOrthogonalBoundary
 426/1909 Test  #118: StructuredQuadMesh.RejectsZeroCells ......................................................................   Passed    0.15 sec
          Start  565: MomentumPressureTest.DefaultGradientSchemeArgumentMatchesExplicitGreenGauss
 427/1909 Test  #407: LeastSquaresTest.RepeatedCallsAreDeterministic ...........................................................   Passed    0.15 sec
          Start  394: SolveLeastSquaresGradientTest.DetectsASingleNeighborAsIllConditioned
 428/1909 Test  #617: MomentumNonOrthogonalTest.CartesianCorrectionIsBitIdenticalForBothOverloads ..............................   Passed    0.15 sec
          Start  880: MultiBlockCase.GeometryMustBeMeshDefinedExactlyForMultiblock
 429/1909 Test  #432: DiffusionTest.LinearField2x3y5IsConsistentOnCartesianAndDistortedMeshes ..................................   Passed    0.14 sec
          Start 1402: GridConvergenceTest.ZeroDifferenceHandled
 430/1909 Test  #950: ResidualNormalization.ZeroBaseline .......................................................................   Passed    0.14 sec
          Start  464: SmoothnessRatioTest.NegativeAtALocalExtremum
 431/1909 Test   #91: MeshQualityReport.ReversedFaceOrientationIsFatal .........................................................   Passed    0.14 sec
          Start  448: ConvectionSchemeTest.NameRoundTripsThroughParse
 432/1909 Test  #436: DiffusionTest.CorrectionNeverAlterableOnPureBoundaryMeshWithMixedConditions ..............................   Passed    0.14 sec
          Start  387: GradientTest.DefaultSchemeArgumentMatchesExplicitGreenGauss
 433/1909 Test  #439: DiffusionTest.BoundaryCorrectionClassificationCoversEveryConditionType ...................................   Passed    0.14 sec
          Start 1465: VelocityCorrectionTest.LeastSquaresSchemeIsWiredThroughAndMatchesOnInteriorCells
 434/1909 Test   #74: MeshQuality.MetricsDiscriminateDistortionLevels ..........................................................   Passed    0.15 sec
          Start  469: VanLeerLimiterTest.ApproachesTwoForLargeRatio
 435/1909 Test  #110: StructuredQuadMesh.LatticeVerticesReproduceCartesianMesh .................................................   Passed    0.15 sec
          Start  492: GridRefinementTest.DiffusionStronglyDistortedUncorrectedGlobal
 436/1909 Test  #644: CaseWriterTest.NonDefaultGradientSchemeRoundTrips ........................................................   Passed    0.16 sec
          Start  619: MomentumNonOrthogonalTest.ExplicitCorrectionIsGloballyConservativeWithoutDirichletFaces
 437/1909 Test  #454: ConvectionSchemeTest.LinearFieldIsReproducedExactlyAwayFromAnyDegradedFace ...............................   Passed    0.15 sec
          Start  474: GridRefinementTest.CentralConvectionOfSmoothFieldGlobalOrderReflectsBoundaryTreatment
 438/1909 Test  #467: VanLeerLimiterTest.ZeroWhenRatioIsNullopt ................................................................   Passed    0.15 sec
          Start  431: DiffusionTest.ClosedDomainGlobalBalanceIsUnchangedByCorrection
 439/1909 Test  #382: InterpolationTest.SkewCorrectedInterpolationFallsBackOnDegenerateFace ....................................   Passed    0.14 sec
          Start  449: ConvectionSchemeTest.ConvectionOverloadWithoutSchemeArgumentDefaultsToUpwind
 440/1909 Test #1531: PressureCorrectionNonOrthogonalTest.NonOrthogonalBoundary ................................................   Passed    0.14 sec
          Start  447: ConvectionSchemeTest.RejectsInvalidName
 441/1909 Test  #565: MomentumPressureTest.DefaultGradientSchemeArgumentMatchesExplicitGreenGauss ..............................   Passed    0.14 sec
          Start  566: MomentumPressureTest.LeastSquaresSchemeIsWiredThroughAndAlsoExactForALinearPressureField
 442/1909 Test  #394: SolveLeastSquaresGradientTest.DetectsASingleNeighborAsIllConditioned .....................................   Passed    0.15 sec
          Start  422: DiffusionTest.NonOrthogonalCorrectionMatchesBaselineOnCartesianMesh
 443/1909 Test  #880: MultiBlockCase.GeometryMustBeMeshDefinedExactlyForMultiblock .............................................   Passed    0.16 sec
          Start  470: VanLeerLimiterTest.StaysWithinTheZeroToTwoSwebyTvdRegion
 444/1909 Test #1402: GridConvergenceTest.ZeroDifferenceHandled ................................................................   Passed    0.16 sec
          Start  408: LeastSquaresTest.SmoothNonlinearFieldIsFiniteAndReasonablyAccurate
 445/1909 Test  #464: SmoothnessRatioTest.NegativeAtALocalExtremum .............................................................   Passed    0.16 sec
          Start 1530: PressureCorrectionNonOrthogonalTest.NonOrthogonalConservation
 446/1909 Test  #448: ConvectionSchemeTest.NameRoundTripsThroughParse ..........................................................   Passed    0.16 sec
          Start  406: LeastSquaresTest.MismatchedFieldSizeThrows
 447/1909 Test  #387: GradientTest.DefaultSchemeArgumentMatchesExplicitGreenGauss ..............................................   Passed    0.16 sec
          Start  628: CaseReaderTest.InvalidGradientSchemeValueThrowsCaseConfigurationError
 448/1909 Test #1465: VelocityCorrectionTest.LeastSquaresSchemeIsWiredThroughAndMatchesOnInteriorCells .........................   Passed    0.15 sec
          Start   80: MeshQualityReport.RotatingAValidMeshChangesNoMetric
 449/1909 Test  #469: VanLeerLimiterTest.ApproachesTwoForLargeRatio ............................................................   Passed    0.15 sec
          Start  450: ConvectionSchemeTest.CentralSchemeMatchesIndependentOracleForPositiveAndNegativeFlux
 450/1909 Test  #492: GridRefinementTest.DiffusionStronglyDistortedUncorrectedGlobal ...........................................   Passed    0.15 sec
          Start  461: LinearUpwindFaceValueTest.ReconstructsExactlyForALinearField
 451/1909 Test  #619: MomentumNonOrthogonalTest.ExplicitCorrectionIsGloballyConservativeWithoutDirichletFaces ..................   Passed    0.14 sec
          Start  460: QuickFaceValueTest.ThrowsOnNonPositiveDistance
 452/1909 Test  #474: GridRefinementTest.CentralConvectionOfSmoothFieldGlobalOrderReflectsBoundaryTreatment ....................   Passed    0.14 sec
          Start  482: GridRefinementTest.GreenGaussGradientDistortedGlobalOrderReflectsBoundaryTreatment
 453/1909 Test  #431: DiffusionTest.ClosedDomainGlobalBalanceIsUnchangedByCorrection ...........................................   Passed    0.14 sec
          Start  459: QuickFaceValueTest.ReproducesALinearFieldExactly
 454/1909 Test  #449: ConvectionSchemeTest.ConvectionOverloadWithoutSchemeArgumentDefaultsToUpwind .............................   Passed    0.14 sec
          Start  397: SolveLeastSquaresGradientTest.NearlyColinearStencilIsAlsoRejected
 455/1909 Test  #447: ConvectionSchemeTest.RejectsInvalidName ..................................................................   Passed    0.14 sec
          Start  559: MomentumConvectionTest.NonUpwindSchemeAddsAnExplicitCorrectionOnlyOnInternalFaces
 456/1909 Test  #566: MomentumPressureTest.LeastSquaresSchemeIsWiredThroughAndAlsoExactForALinearPressureField .................   Passed    0.13 sec
          Start  620: MomentumNonOrthogonalTest.CorrectionVelocityDefaultsToVelocityAndIsValidated
 457/1909 Test  #422: DiffusionTest.NonOrthogonalCorrectionMatchesBaselineOnCartesianMesh ......................................   Passed    0.13 sec
          Start  481: GridRefinementTest.LeastSquaresGradientCartesianConvergesAtSecondOrderInInterior
 458/1909 Test  #470: VanLeerLimiterTest.StaysWithinTheZeroToTwoSwebyTvdRegion .................................................   Passed    0.12 sec
          Start  509: VectorGradientTest.LeastSquaresIsExactForLinearFieldOnDistortedMesh
 459/1909 Test  #408: LeastSquaresTest.SmoothNonlinearFieldIsFiniteAndReasonablyAccurate .......................................   Passed    0.12 sec
          Start  484: GridRefinementTest.LeastSquaresGradientDistortedGlobalOrderReflectsBoundaryTreatment
 460/1909 Test #1530: PressureCorrectionNonOrthogonalTest.NonOrthogonalConservation ............................................   Passed    0.13 sec
          Start  390: GradientSchemeTest.NameRoundTripsThroughParse
 461/1909 Test  #406: LeastSquaresTest.MismatchedFieldSizeThrows ...............................................................   Passed    0.13 sec
          Start 1204: TurbulenceNonOrthogonalTest.ModelsRouteTheCorrectionThroughTheSharedOperator
 462/1909 Test  #628: CaseReaderTest.InvalidGradientSchemeValueThrowsCaseConfigurationError ....................................   Passed    0.13 sec
          Start 1526: NonOrthogonalCorrectionPassesTest.PassesChangeOnlyTheRightHandSide
 463/1909 Test   #80: MeshQualityReport.RotatingAValidMeshChangesNoMetric ......................................................   Passed    0.13 sec
          Start  120: StructuredQuadMesh.RejectsNonFiniteVertex
 464/1909 Test  #450: ConvectionSchemeTest.CentralSchemeMatchesIndependentOracleForPositiveAndNegativeFlux .....................   Passed    0.14 sec
          Start 1444: SIMPLESettingsTest.NonOrthogonalOptionsFollowTheCorrectionCountAndGradientScheme
 465/1909 Test  #461: LinearUpwindFaceValueTest.ReconstructsExactlyForALinearField .............................................   Passed    0.14 sec
          Start  466: VanLeerLimiterTest.ZeroAtOrBelowZeroRatio
 466/1909 Test  #460: QuickFaceValueTest.ThrowsOnNonPositiveDistance ...........................................................   Passed    0.15 sec
          Start  392: SolveLeastSquaresGradientTest.ZeroDataGivesZeroGradient
 467/1909 Test  #482: GridRefinementTest.GreenGaussGradientDistortedGlobalOrderReflectsBoundaryTreatment .......................   Passed    0.15 sec
          Start   78: MeshQualityReport.UniformSquareMeshHasTheIdealValueOfEveryMetric
 468/1909 Test  #459: QuickFaceValueTest.ReproducesALinearFieldExactly .........................................................   Passed    0.15 sec
          Start  878: MultiBlockCase.ReaderParsesBlocksInterfacesAndPatches
 469/1909 Test  #397: SolveLeastSquaresGradientTest.NearlyColinearStencilIsAlsoRejected ........................................   Passed    0.15 sec
          Start  884: MultiBlockCase.GeometricErrorsAreCaseErrors
 470/1909 Test  #559: MomentumConvectionTest.NonUpwindSchemeAddsAnExplicitCorrectionOnlyOnInternalFaces ........................   Passed    0.16 sec
          Start  462: LinearUpwindFaceValueTest.ZeroGradientReturnsUpwindValueUnchanged
 471/1909 Test  #620: MomentumNonOrthogonalTest.CorrectionVelocityDefaultsToVelocityAndIsValidated .............................   Passed    0.16 sec
          Start   84: MeshQualityReport.MultiBlockInterfaceExpansionIsMeasured
 472/1909 Test  #481: GridRefinementTest.LeastSquaresGradientCartesianConvergesAtSecondOrderInInterior .........................   Passed    0.17 sec
          Start  624: CaseReaderTest.EachValidConvectionSchemeNameParses
 473/1909 Test  #509: VectorGradientTest.LeastSquaresIsExactForLinearFieldOnDistortedMesh ......................................   Passed    0.18 sec
          Start   68: MeshGeometryNonOrthogonal.DegenerateGeometryIsDetected
 474/1909 Test  #390: GradientSchemeTest.NameRoundTripsThroughParse ............................................................   Passed    0.17 sec
          Start  876: GradedMeshCase.BuilderBuildsTheGradedMesh
 475/1909 Test  #484: GridRefinementTest.LeastSquaresGradientDistortedGlobalOrderReflectsBoundaryTreatment .....................   Passed    0.19 sec
          Start  427: DiffusionTest.ConstantFieldConservesGloballyOnDistortedMeshWithCorrection
 476/1909 Test #1204: TurbulenceNonOrthogonalTest.ModelsRouteTheCorrectionThroughTheSharedOperator .............................   Passed    0.19 sec
          Start  391: SolveLeastSquaresGradientTest.ReconstructsExactGradientForConsistentLinearData
 477/1909 Test #1526: NonOrthogonalCorrectionPassesTest.PassesChangeOnlyTheRightHandSide .......................................   Passed    0.19 sec
          Start 1411: GridConvergenceStudyTest.SimpleSolveGateRejectsInvalidSolves
 478/1909 Test  #120: StructuredQuadMesh.RejectsNonFiniteVertex ................................................................   Passed    0.19 sec
          Start 1524: NonOrthogonalCorrectionPassesTest.AtMostOnePassRunsNothing
 479/1909 Test #1444: SIMPLESettingsTest.NonOrthogonalOptionsFollowTheCorrectionCountAndGradientScheme .........................   Passed    0.20 sec
          Start 1403: GridConvergenceTest.ZeroSolutionQuantityHasNoRelativeMetrics
 480/1909 Test  #466: VanLeerLimiterTest.ZeroAtOrBelowZeroRatio ................................................................   Passed    0.21 sec
          Start  869: GradedMeshCase.OverflowingRatioLiteralIsRejected
 481/1909 Test  #392: SolveLeastSquaresGradientTest.ZeroDataGivesZeroGradient ..................................................   Passed    0.21 sec
          Start  866: GradedMeshCase.ParsesXGrading
 482/1909 Test   #78: MeshQualityReport.UniformSquareMeshHasTheIdealValueOfEveryMetric .........................................   Passed    0.21 sec
          Start  874: GradedMeshCase.WriterRoundTripsGradingExactly
 483/1909 Test  #878: MultiBlockCase.ReaderParsesBlocksInterfacesAndPatches ....................................................   Passed    0.21 sec
          Start  851: StructuredQuadCase.NonMonotoneBoundaryEdgeIsRejected
 484/1909 Test  #884: MultiBlockCase.GeometricErrorsAreCaseErrors ..............................................................   Passed    0.21 sec
          Start  877: GradedMeshCase.UniformGradingBuildsTheCartesianMesh
 485/1909 Test  #462: LinearUpwindFaceValueTest.ZeroGradientReturnsUpwindValueUnchanged ........................................   Passed    0.21 sec
          Start 1427: MMSStudyTest.ReportIsDeterministicExceptRuntime
 486/1909 Test   #84: MeshQualityReport.MultiBlockInterfaceExpansionIsMeasured .................................................   Passed    0.21 sec
          Start  130: MeshValidity.DetectsCellWithTooFewFaces
 487/1909 Test  #624: CaseReaderTest.EachValidConvectionSchemeNameParses .......................................................   Passed    0.20 sec
          Start 1061: ThermalBoundaryConsistency.ConvergedFieldIsConsistentWithItsBoundaryValues
 488/1909 Test   #68: MeshGeometryNonOrthogonal.DegenerateGeometryIsDetected ...................................................   Passed    0.20 sec
          Start 1627: CompressibleSimpleTest.NonPhysicalPressureTransientReportsNonFiniteState
 489/1909 Test  #876: GradedMeshCase.BuilderBuildsTheGradedMesh ................................................................   Passed    0.20 sec
          Start  146: MeshGrading.RejectsNonPositiveOrNonFiniteLength
 490/1909 Test  #427: DiffusionTest.ConstantFieldConservesGloballyOnDistortedMeshWithCorrection ................................   Passed    0.18 sec
          Start  117: StructuredQuadMesh.ConstructionIsDeterministic
 491/1909 Test  #391: SolveLeastSquaresGradientTest.ReconstructsExactGradientForConsistentLinearData ...........................   Passed    0.18 sec
          Start  867: GradedMeshCase.ParsesXAndYGradingAndEveryClusterName
 492/1909 Test #1411: GridConvergenceStudyTest.SimpleSolveGateRejectsInvalidSolves .............................................   Passed    0.18 sec
          Start  137: MeshGrading.OneSidedStartClusteringMatchesGeometricSeries
 493/1909 Test #1524: NonOrthogonalCorrectionPassesTest.AtMostOnePassRunsNothing ...............................................   Passed    0.17 sec
          Start  116: StructuredQuadMesh.MeshRejectsGridThatDoesNotMatchItsCells
 494/1909 Test #1403: GridConvergenceTest.ZeroSolutionQuantityHasNoRelativeMetrics .............................................   Passed    0.15 sec
          Start  845: StructuredQuadCase.CartesianMeshHasNoVerticesAndRejectsThem
 495/1909 Test  #869: GradedMeshCase.OverflowingRatioLiteralIsRejected .........................................................   Passed    0.15 sec
          Start 1421: MMSSourceTest.CellVolumeScaling
 496/1909 Test  #866: GradedMeshCase.ParsesXGrading ............................................................................   Passed    0.15 sec
          Start  122: StructuredQuadMesh.RejectsClockwiseCells
 497/1909 Test  #874: GradedMeshCase.WriterRoundTripsGradingExactly ............................................................   Passed    0.15 sec
          Start  128: MeshValidity.DetectsOpenCell
 498/1909 Test  #851: StructuredQuadCase.NonMonotoneBoundaryEdgeIsRejected .....................................................   Passed    0.15 sec
          Start  143: MeshGrading.NearUnityRatioTendsToUniform
 499/1909 Test  #877: GradedMeshCase.UniformGradingBuildsTheCartesianMesh ......................................................   Passed    0.14 sec
          Start  148: MeshGrading.RejectsOverflowingRatio
 500/1909 Test #1427: MMSStudyTest.ReportIsDeterministicExceptRuntime ..........................................................   Passed    0.14 sec
          Start  885: MultiBlockCase.VtkWritesBlockVerticesAndCellCorners
 501/1909 Test  #130: MeshValidity.DetectsCellWithTooFewFaces ..................................................................   Passed    0.15 sec
          Start  956: ResidualTrend.Stagnating
 502/1909 Test #1061: ThermalBoundaryConsistency.ConvergedFieldIsConsistentWithItsBoundaryValues ...............................   Passed    0.14 sec
          Start  124: StructuredQuadMesh.RejectsDegenerateCells
 503/1909 Test #1627: CompressibleSimpleTest.NonPhysicalPressureTransientReportsNonFiniteState .................................   Passed    0.15 sec
          Start  134: MeshValidity.ProblemListIsBounded
 504/1909 Test  #146: MeshGrading.RejectsNonPositiveOrNonFiniteLength ..........................................................   Passed    0.15 sec
          Start  854: StructuredQuadCase.CartesianCaseBuildsTheUnchangedCartesianMesh
 505/1909 Test  #117: StructuredQuadMesh.ConstructionIsDeterministic ...........................................................   Passed    0.16 sec
          Start 1732: StructuredQuadProductionCase.CommittedCaseIsAGenuinelyNonOrthogonalMesh
 506/1909 Test  #867: GradedMeshCase.ParsesXAndYGradingAndEveryClusterName .....................................................   Passed    0.15 sec
          Start  478: GridRefinementTest.QuickConvectionOfSmoothFieldGlobalOrderReflectsBoundaryTreatment
 507/1909 Test  #137: MeshGrading.OneSidedStartClusteringMatchesGeometricSeries ................................................   Passed    0.16 sec
          Start  119: StructuredQuadMesh.RejectsWrongVertexCount
 508/1909 Test  #116: StructuredQuadMesh.MeshRejectsGridThatDoesNotMatchItsCells ...............................................   Passed    0.16 sec
          Start  558: MomentumConvectionTest.DefaultSchemeArgumentMatchesExplicitUpwind
 509/1909 Test  #845: StructuredQuadCase.CartesianMeshHasNoVerticesAndRejectsThem ..............................................   Passed    0.17 sec
          Start  140: MeshGrading.TwoSidedClusteringOddCellCount
 510/1909 Test #1421: MMSSourceTest.CellVolumeScaling ..........................................................................   Passed    0.17 sec
          Start  144: MeshGrading.ConstructionIsDeterministic
 511/1909 Test  #122: StructuredQuadMesh.RejectsClockwiseCells .................................................................   Passed    0.17 sec
          Start  844: StructuredQuadCase.ParsesVertices
 512/1909 Test  #128: MeshValidity.DetectsOpenCell .............................................................................   Passed    0.17 sec
          Start  150: AxisSpacing.UniformUsesTheCartesianArithmetic
 513/1909 Test  #143: MeshGrading.NearUnityRatioTendsToUniform .................................................................   Passed    0.17 sec
          Start  115: StructuredQuadMesh.MeshWithoutGridReportsNone
 514/1909 Test  #148: MeshGrading.RejectsOverflowingRatio ......................................................................   Passed    0.18 sec
          Start 1407: GridConvergenceTest.ObservedOrderSolverMatchesClosedFormForEqualRatios
 515/1909 Test  #885: MultiBlockCase.VtkWritesBlockVerticesAndCellCorners ......................................................   Passed    0.17 sec
          Start  147: MeshGrading.RejectsInvalidRatios
 516/1909 Test  #956: ResidualTrend.Stagnating .................................................................................   Passed    0.18 sec
          Start  308: LinearFallbackTest.DisabledPropagatesFailure
 517/1909 Test  #124: StructuredQuadMesh.RejectsDegenerateCells ................................................................   Passed    0.17 sec
          Start  151: AxisSpacing.GradedUniformOrUnitRatioIsTheUniformSpacing
 518/1909 Test  #134: MeshValidity.ProblemListIsBounded ........................................................................   Passed    0.17 sec
          Start  850: StructuredQuadCase.BoundaryVertexOffTheRectangleIsRejected
 519/1909 Test  #854: StructuredQuadCase.CartesianCaseBuildsTheUnchangedCartesianMesh ..........................................   Passed    0.16 sec
          Start  114: StructuredQuadMesh.CartesianMeshCarriesItsLatticeGrid
 520/1909 Test #1732: StructuredQuadProductionCase.CommittedCaseIsAGenuinelyNonOrthogonalMesh ..................................   Passed    0.16 sec
          Start  142: MeshGrading.RatioOneIsExactlyUniform
 521/1909 Test  #478: GridRefinementTest.QuickConvectionOfSmoothFieldGlobalOrderReflectsBoundaryTreatment ......................   Passed    0.15 sec
          Start  141: MeshGrading.InvariantsHoldForEveryDistribution
 522/1909 Test  #119: StructuredQuadMesh.RejectsWrongVertexCount ...............................................................   Passed    0.15 sec
          Start    2: CFDAppCliValidCase
 523/1909 Test  #558: MomentumConvectionTest.DefaultSchemeArgumentMatchesExplicitUpwind ........................................   Passed    0.15 sec
          Start  853: StructuredQuadCase.BuilderRejectsFoldedMesh
 524/1909 Test  #140: MeshGrading.TwoSidedClusteringOddCellCount ...............................................................   Passed    0.15 sec
          Start 1626: CompressibleSimpleTest.InitialStateOutsideEosDomainReportsInvalidConfiguration
 525/1909 Test  #144: MeshGrading.ConstructionIsDeterministic ..................................................................   Passed    0.15 sec
          Start  156: GradedMesh.VertexGridIsTheGradedNodes
 526/1909 Test  #844: StructuredQuadCase.ParsesVertices ........................................................................   Passed    0.15 sec
          Start  401: LeastSquaresTest.LinearFieldCartesianIsExactAtEveryCellIncludingBoundaryAdjacent
 527/1909 Test  #150: AxisSpacing.UniformUsesTheCartesianArithmetic ............................................................   Passed    0.16 sec
          Start  145: MeshGrading.RejectsZeroCells
 528/1909 Test  #115: StructuredQuadMesh.MeshWithoutGridReportsNone ............................................................   Passed    0.16 sec
          Start 1425: MMSErrorNormsTest.PressureGaugeRemoval
 529/1909 Test #1407: GridConvergenceTest.ObservedOrderSolverMatchesClosedFormForEqualRatios ...................................   Passed    0.15 sec
          Start  457: ConvectionSchemeTest.StepFunctionStaysWithinInitialBoundsAfterOneExplicitStep
 530/1909 Test  #147: MeshGrading.RejectsInvalidRatios .........................................................................   Passed    0.14 sec
          Start  455: ConvectionSchemeTest.DegradedFaceStillProducesAFiniteConsistentResult
 531/1909 Test  #308: LinearFallbackTest.DisabledPropagatesFailure .............................................................   Passed    0.14 sec
          Start  511: ObliqueNeumannGradient.ZeroGradientWallsLinearFieldIsExact
 532/1909 Test  #151: AxisSpacing.GradedUniformOrUnitRatioIsTheUniformSpacing ..................................................   Passed    0.14 sec
          Start  468: VanLeerLimiterTest.OneAtRatioOfOne
 533/1909 Test  #850: StructuredQuadCase.BoundaryVertexOffTheRectangleIsRejected ...............................................   Passed    0.14 sec
          Start  970: AdaptiveRelaxation.RespectsBounds
 534/1909 Test  #114: StructuredQuadMesh.CartesianMeshCarriesItsLatticeGrid ....................................................   Passed    0.15 sec
          Start 1426: MMSStudyTest.OrdersComeFromTheSharedGridConvergenceAnalysis
 535/1909 Test  #142: MeshGrading.RatioOneIsExactlyUniform .....................................................................   Passed    0.15 sec
          Start  136: MeshGrading.UniformIsEqualWidths
 536/1909 Test  #141: MeshGrading.InvariantsHoldForEveryDistribution ...........................................................   Passed    0.15 sec
          Start  152: AxisSpacing.FromNodesGivesCentresAndWidths
 537/1909 Test #1626: CompressibleSimpleTest.InitialStateOutsideEosDomainReportsInvalidConfiguration ...........................   Passed    0.13 sec
          Start  761: CompressibleCaseTest.RejectsNonBooleanCoupled
 538/1909 Test  #853: StructuredQuadCase.BuilderRejectsFoldedMesh ..............................................................   Passed    0.15 sec
          Start  155: GradedMesh.GradedMeshesHaveTheRequestedCellsAndAreValid
 539/1909 Test  #156: GradedMesh.VertexGridIsTheGradedNodes ....................................................................   Passed    0.14 sec
          Start  280: BiCGSTABBreakdown.ZeroRhsAndExactGuessNeedNoIteration
 540/1909 Test  #401: LeastSquaresTest.LinearFieldCartesianIsExactAtEveryCellIncludingBoundaryAdjacent .........................   Passed    0.14 sec
          Start  138: MeshGrading.OneSidedEndClusteringMirrorsStart
 541/1909 Test  #145: MeshGrading.RejectsZeroCells .............................................................................   Passed    0.14 sec
          Start  121: StructuredQuadMesh.RejectsFoldedCells
 542/1909 Test #1425: MMSErrorNormsTest.PressureGaugeRemoval ...................................................................   Passed    0.14 sec
          Start  871: GradedMeshCase.GradingIsRejectedForStructuredQuad
 543/1909 Test  #457: ConvectionSchemeTest.StepFunctionStaysWithinInitialBoundsAfterOneExplicitStep ............................   Passed    0.14 sec
          Start 1404: GridConvergenceTest.InvalidGridSpacingRejected
 544/1909 Test  #455: ConvectionSchemeTest.DegradedFaceStillProducesAFiniteConsistentResult ....................................   Passed    0.14 sec
          Start 1418: ManufacturedFieldsTest.ScalarForcingExact
 545/1909 Test  #511: ObliqueNeumannGradient.ZeroGradientWallsLinearFieldIsExact ...............................................   Passed    0.14 sec
          Start 1310: CompressibleMassFluxTest.WallBoundaryMassFluxIsZeroRegardlessOfBoundaryDensity
 546/1909 Test  #468: VanLeerLimiterTest.OneAtRatioOfOne .......................................................................   Passed    0.15 sec
          Start  153: AxisSpacing.FromNodesRejectsInvalidNodes
 547/1909 Test  #970: AdaptiveRelaxation.RespectsBounds ........................................................................   Passed    0.15 sec
          Start 1616: CompressiblePressureCorrectionTest.NegligibleCompressibilityMatchesIncompressibleEquation
 548/1909 Test #1426: MMSStudyTest.OrdersComeFromTheSharedGridConvergenceAnalysis ..............................................   Passed    0.15 sec
          Start 1393: GridConvergenceTest.FirstOrderSynthetic
 549/1909 Test  #136: MeshGrading.UniformIsEqualWidths .........................................................................   Passed    0.16 sec
          Start 1405: GridConvergenceTest.NonFiniteInputRejected
 550/1909 Test  #152: AxisSpacing.FromNodesGivesCentresAndWidths ...............................................................   Passed    0.16 sec
          Start  760: CompressibleCaseTest.CoupledExplicitFalseParsesTheSameAsAbsent
 551/1909 Test  #761: CompressibleCaseTest.RejectsNonBooleanCoupled ............................................................   Passed    0.17 sec
          Start  781: PhysicsCompatibilityTest.RejectsCoupledCompressibleTogetherWithBuoyancy
 552/1909 Test    #2: CFDAppCliValidCase .......................................................................................   Passed    0.33 sec
          Start  154: GradedMesh.UniformGradingIsTheCartesianMeshBitForBit
 553/1909 Test  #155: GradedMesh.GradedMeshesHaveTheRequestedCellsAndAreValid ..................................................   Passed    0.18 sec
          Start 1311: CompressibleMassFluxTest.BoundaryDensityMatchesDirectEosEvaluation
 554/1909 Test  #280: BiCGSTABBreakdown.ZeroRhsAndExactGuessNeedNoIteration ....................................................   Passed    0.18 sec
          Start  759: CompressibleCaseTest.CoupledTrueParsesAndRoundTripsThroughCaseBuilder
 555/1909 Test  #138: MeshGrading.OneSidedEndClusteringMirrorsStart ............................................................   Passed    0.19 sec
          Start  111: StructuredQuadMesh.TrapezoidGeometryIsExact
 556/1909 Test  #121: StructuredQuadMesh.RejectsFoldedCells ....................................................................   Passed    0.18 sec
          Start  780: PhysicsCompatibilityTest.RejectsCoupledCompressibleTogetherWithTurbulence
 557/1909 Test  #871: GradedMeshCase.GradingIsRejectedForStructuredQuad ........................................................   Passed    0.18 sec
          Start  139: MeshGrading.TwoSidedClusteringEvenCellCount
 558/1909 Test #1404: GridConvergenceTest.InvalidGridSpacingRejected ...........................................................   Passed    0.18 sec
          Start 1416: ManufacturedFieldsTest.PressureGradientExact
 559/1909 Test #1418: ManufacturedFieldsTest.ScalarForcingExact ................................................................   Passed    0.17 sec
          Start 1412: GridConvergenceStudyTest.DeterministicReport
 560/1909 Test #1310: CompressibleMassFluxTest.WallBoundaryMassFluxIsZeroRegardlessOfBoundaryDensity ...........................   Passed    0.17 sec
          Start  149: MeshGrading.RejectsVanishingCells
 561/1909 Test  #153: AxisSpacing.FromNodesRejectsInvalidNodes .................................................................   Passed    0.16 sec
          Start  313: LinearFallbackTest.DoesNotUseCGForUnsupportedMatrix
 562/1909 Test #1616: CompressiblePressureCorrectionTest.NegligibleCompressibilityMatchesIncompressibleEquation ................   Passed    0.15 sec
          Start  951: ResidualNormalization.SmallBaseline
 563/1909 Test #1393: GridConvergenceTest.FirstOrderSynthetic ..................................................................   Passed    0.15 sec
          Start  513: ObliqueNeumannGradient.CartesianMeshUnchangedAndExact
 564/1909 Test #1405: GridConvergenceTest.NonFiniteInputRejected ...............................................................   Passed    0.15 sec
          Start 1617: CompressiblePressureCorrectionTest.CompressibilityDiagonalMatchesHandFormula
 565/1909 Test  #760: CompressibleCaseTest.CoupledExplicitFalseParsesTheSameAsAbsent ...........................................   Passed    0.14 sec
          Start  317: LinearFallbackTest.OnlyAlgorithmicFailuresAreEligible
 566/1909 Test  #781: PhysicsCompatibilityTest.RejectsCoupledCompressibleTogetherWithBuoyancy ..................................   Passed    0.15 sec
          Start  852: StructuredQuadCase.BuilderConstructsTheVertexMesh
 567/1909 Test  #154: GradedMesh.UniformGradingIsTheCartesianMeshBitForBit .....................................................   Passed    0.15 sec
          Start  131: MeshValidity.DetectsBoundaryFaceInNoPatchOrInTwo
 568/1909 Test #1311: CompressibleMassFluxTest.BoundaryDensityMatchesDirectEosEvaluation .......................................   Passed    0.14 sec
          Start  307: LinearFallbackTest.PrimaryBiCGSTABGenuinelyBreaksDownOnIndefiniteSystem
 569/1909 Test  #759: CompressibleCaseTest.CoupledTrueParsesAndRoundTripsThroughCaseBuilder ....................................   Passed    0.13 sec
          Start   86: MeshQualityReport.NonOrthogonalityBeyondSeventyDegreesIsAWarningNotAnError
 570/1909 Test  #111: StructuredQuadMesh.TrapezoidGeometryIsExact ..............................................................   Passed    0.14 sec
          Start 1611: CompressibleRelaxedMomentumTest.AlphaOneMatchesUnrelaxedCompressibleMomentumComponentExactly
 571/1909 Test  #780: PhysicsCompatibilityTest.RejectsCoupledCompressibleTogetherWithTurbulence ................................   Passed    0.14 sec
          Start  112: StructuredQuadMesh.DistortedMeshIsConservativeAndGenuinelyNonOrthogonal
 572/1909 Test  #139: MeshGrading.TwoSidedClusteringEvenCellCount ..............................................................   Passed    0.14 sec
          Start  886: MultiBlockCase.JsonMetadataListsTheBlocks
 573/1909 Test #1416: ManufacturedFieldsTest.PressureGradientExact .............................................................   Passed    0.14 sec
          Start  512: ObliqueNeumannGradient.NonZeroPrescribedGradientsLinearFieldIsExact
 574/1909 Test #1412: GridConvergenceStudyTest.DeterministicReport .............................................................   Passed    0.14 sec
          Start  127: MeshValidity.DetectsInwardBoundaryFace
 575/1909 Test  #149: MeshGrading.RejectsVanishingCells ........................................................................   Passed    0.15 sec
          Start  133: MeshValidity.EntitiesRejectNonFiniteAndNonPositiveGeometry
 576/1909 Test  #313: LinearFallbackTest.DoesNotUseCGForUnsupportedMatrix ......................................................   Passed    0.14 sec
          Start 1409: GridConvergenceStudyTest.RejectedSolveInvalidatesTheStudy
 577/1909 Test  #951: ResidualNormalization.SmallBaseline ......................................................................   Passed    0.15 sec
          Start  159: MultiBlockMesh.TwoBlockRectangleIsTheSingleBlockMeshRenumbered
 578/1909 Test  #513: ObliqueNeumannGradient.CartesianMeshUnchangedAndExact ....................................................   Passed    0.15 sec
          Start 1621: CompressiblePressureCorrectionTest.OpenBoundaryDoesNotPinReferenceCell
 579/1909 Test #1617: CompressiblePressureCorrectionTest.CompressibilityDiagonalMatchesHandFormula .............................   Passed    0.15 sec
          Start  160: MultiBlockMesh.InterfaceFacesAreSingleInternalFacesOwnedByTheFirstBlock
 580/1909 Test  #317: LinearFallbackTest.OnlyAlgorithmicFailuresAreEligible ....................................................   Passed    0.15 sec
          Start 1631: CompressibleSimpleSettingsTest.RejectsOutOfRangeRelaxation
 581/1909 Test  #852: StructuredQuadCase.BuilderConstructsTheVertexMesh ........................................................   Passed    0.15 sec
          Start 1620: CompressiblePressureCorrectionTest.RejectsOutOfRangeReferenceCell
 582/1909 Test  #131: MeshValidity.DetectsBoundaryFaceInNoPatchOrInTwo .........................................................   Passed    0.15 sec
          Start 1309: CompressibleMassFluxTest.InletBoundaryReducesToOwnerDensityUnderZeroPressureGradient
 583/1909 Test  #307: LinearFallbackTest.PrimaryBiCGSTABGenuinelyBreaksDownOnIndefiniteSystem ..................................   Passed    0.15 sec
          Start 1619: CompressiblePressureCorrectionTest.RejectsNonPositivePseudoTimeStep
 584/1909 Test   #86: MeshQualityReport.NonOrthogonalityBeyondSeventyDegreesIsAWarningNotAnError ...............................   Passed    0.14 sec
          Start 1628: CompressibleSimpleTest.MismatchedInitialFieldSizeReportsInvalidConfiguration
 585/1909 Test #1611: CompressibleRelaxedMomentumTest.AlphaOneMatchesUnrelaxedCompressibleMomentumComponentExactly .............   Passed    0.14 sec
          Start 1625: CompressibleSimpleTest.InvalidSettingsReportInvalidConfiguration
 586/1909 Test  #112: StructuredQuadMesh.DistortedMeshIsConservativeAndGenuinelyNonOrthogonal ..................................   Passed    0.13 sec
          Start 1864: SimulationControllerTest.OpenCaseAcceptsQuotedAndPaddedPath
 587/1909 Test  #886: MultiBlockCase.JsonMetadataListsTheBlocks ................................................................   Passed    0.14 sec
          Start 1428: SampleErrorNormsTest.KnownValues
 588/1909 Test  #512: ObliqueNeumannGradient.NonZeroPrescribedGradientsLinearFieldIsExact ......................................   Passed    0.14 sec
          Start 1855: BackwardFacingStep.Geometry
 589/1909 Test  #127: MeshValidity.DetectsInwardBoundaryFace ...................................................................   Passed    0.14 sec
          Start 1906: CaseEditingTest.MeshQualityIsReportedWhenACaseOpens
 590/1909 Test  #133: MeshValidity.EntitiesRejectNonFiniteAndNonPositiveGeometry ...............................................   Passed    0.14 sec
          Start 1908: CaseEditingTest.InvalidMeshShowsAnInvalidMeshQualityWithTheReason
 591/1909 Test #1409: GridConvergenceStudyTest.RejectedSolveInvalidatesTheStudy ................................................   Passed    0.13 sec
          Start  279: BiCGSTABBreakdown.ExactTerminationIsConvergedNotBreakdown
 592/1909 Test  #159: MultiBlockMesh.TwoBlockRectangleIsTheSingleBlockMeshRenumbered ...........................................   Passed    0.14 sec
          Start   87: MeshQualityReport.SkewnessAndExpansionWarningsUseTheirThresholds
 593/1909 Test #1621: CompressiblePressureCorrectionTest.OpenBoundaryDoesNotPinReferenceCell ...................................   Passed    0.15 sec
          Start 1856: BackwardFacingStep.ReattachmentDetection
 594/1909 Test  #160: MultiBlockMesh.InterfaceFacesAreSingleInternalFacesOwnedByTheFirstBlock ..................................   Passed    0.16 sec
          Start   83: MeshQualityReport.WorstEntityIsTheArgmaxOfTheMeshGeometryDefinition
 595/1909 Test #1631: CompressibleSimpleSettingsTest.RejectsOutOfRangeRelaxation ...............................................   Passed    0.17 sec
          Start 1907: CaseEditingTest.MeshQualityWarningsAppearInTheValidationPanel
 596/1909 Test #1620: CompressiblePressureCorrectionTest.RejectsOutOfRangeReferenceCell ........................................   Passed    0.17 sec
          Start   89: MeshQualityReport.DegenerateCellsAndFacesCannotBeConstructed
 597/1909 Test #1309: CompressibleMassFluxTest.InletBoundaryReducesToOwnerDensityUnderZeroPressureGradient .....................   Passed    0.17 sec
          Start  162: MultiBlockMesh.LShapedDomainPatchesFollowTheListedSides
 598/1909 Test #1619: CompressiblePressureCorrectionTest.RejectsNonPositivePseudoTimeStep ......................................   Passed    0.17 sec
          Start 1752: MeshQualityCampaign.ManufacturedForcingMatchesFiniteDifferences
 599/1909 Test #1628: CompressibleSimpleTest.MismatchedInitialFieldSizeReportsInvalidConfiguration .............................   Passed    0.18 sec
          Start 1753: MeshQualityCampaign.ManufacturedSolutionSatisfiesTheCaseBoundaryConditions
 600/1909 Test #1625: CompressibleSimpleTest.InvalidSettingsReportInvalidConfiguration .........................................   Passed    0.18 sec
          Start 1909: CaseEditingTest.NewCaseClearsTheMeshQuality
 601/1909 Test #1428: SampleErrorNormsTest.KnownValues .........................................................................   Passed    0.17 sec
          Start 1062: ThermalBoundaryConsistency.ConjugateConductionPathIsConsistentToo
 602/1909 Test #1855: BackwardFacingStep.Geometry ..............................................................................   Passed    0.18 sec
          Start 1613: CompressibleRelaxedMomentumTest.MismatchedVelocitySizeThrows
 603/1909 Test #1864: SimulationControllerTest.OpenCaseAcceptsQuotedAndPaddedPath ..............................................   Passed    0.20 sec
          Start 1614: CompressibleRelaxedMomentumTest.MismatchedMassFluxSizeThrows
 604/1909 Test #1906: CaseEditingTest.MeshQualityIsReportedWhenACaseOpens ......................................................   Passed    0.18 sec
          Start 1313: CompressibleMassFluxTest.UniformStateGivesUniformBoundaryDensityMatchingInterior
 605/1909 Test #1908: CaseEditingTest.InvalidMeshShowsAnInvalidMeshQualityWithTheReason ........................................   Passed    0.18 sec
          Start  168: MultiBlockMeshInvalid.NonConformalOrMismatchedInterfacesAreRejected
 606/1909 Test  #279: BiCGSTABBreakdown.ExactTerminationIsConvergedNotBreakdown ................................................   Passed    0.18 sec
          Start 1629: CompressibleSimpleSettingsTest.RejectsZeroMaxIterations
 607/1909 Test   #87: MeshQualityReport.SkewnessAndExpansionWarningsUseTheirThresholds .........................................   Passed    0.17 sec
          Start 1060: ThermalBoundaryConsistency.BoundaryDiffusionContributionIsExactPerConditionType
 608/1909 Test #1856: BackwardFacingStep.ReattachmentDetection .................................................................   Passed    0.17 sec
          Start 1331: ProjectRunnerTest.ValidCaseConvergesAndExportsResults
 609/1909 Test   #83: MeshQualityReport.WorstEntityIsTheArgmaxOfTheMeshGeometryDefinition ......................................   Passed    0.14 sec
          Start 1308: CompressibleMassFluxTest.OutletBoundaryUsesEosEvaluatedPressureNotOwnerDensity
 610/1909 Test #1907: CaseEditingTest.MeshQualityWarningsAppearInTheValidationPanel ............................................   Passed    0.14 sec
          Start 1618: CompressiblePressureCorrectionTest.MismatchedPredictorMassFluxSizeThrows
 611/1909 Test   #89: MeshQualityReport.DegenerateCellsAndFacesCannotBeConstructed .............................................   Passed    0.15 sec
          Start 1612: CompressibleRelaxedMomentumTest.RelaxationMatchesHandDerivedPatankarFormula
 612/1909 Test  #162: MultiBlockMesh.LShapedDomainPatchesFollowTheListedSides ..................................................   Passed    0.15 sec
          Start 1508: SIMPLEGpuResidencyTest.DisabledByDefaultIssuesNoGpuActivity
 613/1909 Test #1752: MeshQualityCampaign.ManufacturedForcingMatchesFiniteDifferences ..........................................   Passed    0.14 sec
          Start  166: MultiBlockMeshInvalid.StructuralErrorsAreNamed
 614/1909 Test #1753: MeshQualityCampaign.ManufacturedSolutionSatisfiesTheCaseBoundaryConditions ...............................   Passed    0.14 sec
          Start  129: MeshValidity.DetectsCellListingAFaceItDoesNotOwnOrNeighbor
 615/1909 Test #1909: CaseEditingTest.NewCaseClearsTheMeshQuality ..............................................................   Passed    0.13 sec
          Start  125: MeshValidity.HandBuiltTwoCellMeshIsValid
 616/1909 Test #1062: ThermalBoundaryConsistency.ConjugateConductionPathIsConsistentToo ........................................   Passed    0.14 sec
          Start  123: StructuredQuadMesh.RejectsNonConvexCell
 617/1909 Test #1613: CompressibleRelaxedMomentumTest.MismatchedVelocitySizeThrows .............................................   Passed    0.14 sec
          Start 1630: CompressibleSimpleSettingsTest.RejectsNonPositivePseudoTimeStep
 618/1909 Test #1614: CompressibleRelaxedMomentumTest.MismatchedMassFluxSizeThrows .............................................   Passed    0.15 sec
          Start 1615: CompressibleRelaxedMomentumTest.RejectsNonPositivePseudoTimeStep
 619/1909 Test #1313: CompressibleMassFluxTest.UniformStateGivesUniformBoundaryDensityMatchingInterior .........................   Passed    0.14 sec
          Start  135: MeshValidity.EveryCartesianAndStructuredQuadMeshIsValid
 620/1909 Test  #168: MultiBlockMeshInvalid.NonConformalOrMismatchedInterfacesAreRejected ......................................   Passed    0.30 sec
          Start 1316: CompressibleMassFluxTest.MismatchedPressureGaugeSizeThrows
 621/1909 Test #1629: CompressibleSimpleSettingsTest.RejectsZeroMaxIterations ..................................................   Passed    0.34 sec
          Start 1510: SIMPLEGpuResidencyTest.RepeatedOuterIterationsReuseGpuResidencyWithoutReallocating
 622/1909 Test #1060: ThermalBoundaryConsistency.BoundaryDiffusionContributionIsExactPerConditionType ..........................   Passed    0.34 sec
          Start  778: PhysicsCompatibilityTest.RejectsBuoyancyWithoutThermal
 623/1909 Test #1308: CompressibleMassFluxTest.OutletBoundaryUsesEosEvaluatedPressureNotOwnerDensity ...........................   Passed    0.34 sec
          Start  775: PhysicsCompatibilityTest.AllCompatibleModulesTogether
 624/1909 Test #1618: CompressiblePressureCorrectionTest.MismatchedPredictorMassFluxSizeThrows .................................   Passed    0.34 sec
          Start   35: GpuResidencyManagerCpuFallbackTest.ActiveMatchesCudaAvailable
 625/1909 Test #1612: CompressibleRelaxedMomentumTest.RelaxationMatchesHandDerivedPatankarFormula ..............................   Passed    0.34 sec
          Start  291: LinearSolverFactoryTest.GpuBackendRequestNeverThrowsRegardlessOfDeviceAvailability
 626/1909 Test #1508: SIMPLEGpuResidencyTest.DisabledByDefaultIssuesNoGpuActivity ..............................................   Passed    0.34 sec
          Start   79: MeshQualityReport.AspectRatioOfARectangleIsItsSideRatio
 627/1909 Test #1331: ProjectRunnerTest.ValidCaseConvergesAndExportsResults ....................................................   Passed    0.38 sec
          Start  772: PhysicsCompatibilityTest.SpeciesSupportedAlongsideCompressible
 628/1909 Test  #129: MeshValidity.DetectsCellListingAFaceItDoesNotOwnOrNeighbor ...............................................   Passed    0.34 sec
          Start  777: PhysicsCompatibilityTest.RejectsMultiphaseTogetherWithTurbulence
 629/1909 Test  #166: MultiBlockMeshInvalid.StructuralErrorsAreNamed ...........................................................   Passed    0.36 sec
          Start  295: LinearSolverFactoryTest.GpuBackendJacobiRequestNeverThrowsAndConverges
 630/1909 Test  #125: MeshValidity.HandBuiltTwoCellMeshIsValid .................................................................   Passed    0.34 sec
          Start  256: JacobiTest.RejectsNearZeroDiagonal
 631/1909 Test  #123: StructuredQuadMesh.RejectsNonConvexCell ..................................................................   Passed    0.34 sec
          Start  621: CaseReaderTest.CgTypeAndGpuBackendParseCorrectly
 632/1909 Test #1630: CompressibleSimpleSettingsTest.RejectsNonPositivePseudoTimeStep ..........................................   Passed    0.34 sec
          Start  782: PhysicsCompatibilityTest.RejectsMultiphaseCompressibleAndTurbulenceAllTogether
 633/1909 Test #1615: CompressibleRelaxedMomentumTest.RejectsNonPositivePseudoTimeStep .........................................   Passed    0.34 sec
          Start  289: LinearSolverFactoryTest.DefaultSettingsSelectCpuBiCGSTAB
 634/1909 Test  #135: MeshValidity.EveryCartesianAndStructuredQuadMeshIsValid ..................................................   Passed    0.21 sec
          Start  257: JacobiTest.AcceptsSmallButSafeDiagonal
 635/1909 Test #1316: CompressibleMassFluxTest.MismatchedPressureGaugeSizeThrows ...............................................   Passed    0.15 sec
          Start  264: CGTest.InvalidSystemWhenPreconditionerRejectsTheMatrix
 636/1909 Test #1510: SIMPLEGpuResidencyTest.RepeatedOuterIterationsReuseGpuResidencyWithoutReallocating .......................   Passed    0.15 sec
          Start  270: BiCGSTABTest.InvalidSystemWhenPreconditionerRejectsTheMatrix
 637/1909 Test  #778: PhysicsCompatibilityTest.RejectsBuoyancyWithoutThermal ...................................................   Passed    0.14 sec
          Start  263: CGTest.RepeatedSolveRebuildsPreconditionerEachTime
 638/1909 Test  #775: PhysicsCompatibilityTest.AllCompatibleModulesTogether ....................................................   Passed    0.14 sec
          Start   34: GpuBackendCpuFallbackTest.ResetIsANoOpWhenAlreadyZero
 639/1909 Test   #35: GpuResidencyManagerCpuFallbackTest.ActiveMatchesCudaAvailable ............................................   Passed    0.15 sec
          Start  132: MeshValidity.DetectsPatchListingAnInternalFace
 640/1909 Test  #291: LinearSolverFactoryTest.GpuBackendRequestNeverThrowsRegardlessOfDeviceAvailability .......................   Passed    0.15 sec
          Start  163: MultiBlockMesh.InternalSolidRegionIsAHoleBoundedByItsPatch
 641/1909 Test   #79: MeshQualityReport.AspectRatioOfARectangleIsItsSideRatio ..................................................   Passed    0.14 sec
          Start 1697: CaseLidDrivenCavityIntegrationTest.SmallFixtureLoadsBuildsAndConverges
 642/1909 Test  #772: PhysicsCompatibilityTest.SpeciesSupportedAlongsideCompressible ...........................................   Passed    0.14 sec
          Start  161: MultiBlockMesh.RotatedBlocksAndReversedInterfacesConnectAdjacentCells
 643/1909 Test  #777: PhysicsCompatibilityTest.RejectsMultiphaseTogetherWithTurbulence .........................................   Passed    0.15 sec
          Start 1493: SIMPLEKOmegaTest.ConvergedStatusImpliesTurbulenceResidualWithinTolerance
 644/1909 Test  #295: LinearSolverFactoryTest.GpuBackendJacobiRequestNeverThrowsAndConverges ...................................   Passed    0.16 sec
          Start 1490: SIMPLEKEpsilonTest.ConvergedStatusImpliesTurbulenceResidualWithinTolerance
 645/1909 Test  #256: JacobiTest.RejectsNearZeroDiagonal .......................................................................   Passed    0.16 sec
          Start 1499: SIMPLEBuoyancyTest.CaseA_NoBuoyancySuppliedIsTheBaseline
 646/1909 Test  #621: CaseReaderTest.CgTypeAndGpuBackendParseCorrectly .........................................................   Passed    0.16 sec
          Start  126: MeshValidity.DetectsInvertedInternalFace
 647/1909 Test  #782: PhysicsCompatibilityTest.RejectsMultiphaseCompressibleAndTurbulenceAllTogether ...........................   Passed    0.17 sec
          Start 1472: SIMPLEContinuityTest.GlobalMassImbalanceStaysNearZeroForClosedDomain
 648/1909 Test  #289: LinearSolverFactoryTest.DefaultSettingsSelectCpuBiCGSTAB .................................................   Passed    0.17 sec
          Start  169: MultiBlockMeshInvalid.OverlapsAndUndeclaredContactsAreRejected
 649/1909 Test  #257: JacobiTest.AcceptsSmallButSafeDiagonal ...................................................................   Passed    0.18 sec
          Start 1766: ResultExportIntegrationTest.JsonMetadataMatchesSimpleResultExactly
 650/1909 Test  #264: CGTest.InvalidSystemWhenPreconditionerRejectsTheMatrix ...................................................   Passed    0.18 sec
          Start 1473: SIMPLEConvergenceTest.TinyFourByFourCavityConverges
 651/1909 Test  #270: BiCGSTABTest.InvalidSystemWhenPreconditionerRejectsTheMatrix .............................................   Passed    0.19 sec
          Start  167: MultiBlockMeshInvalid.InvalidCellsAreNamed
 652/1909 Test  #263: CGTest.RepeatedSolveRebuildsPreconditionerEachTime .......................................................   Passed    0.20 sec
          Start  165: MultiBlockMesh.InterfaceFluxesCancelExactlyBetweenBlocks
 653/1909 Test   #34: GpuBackendCpuFallbackTest.ResetIsANoOpWhenAlreadyZero ....................................................   Passed    0.20 sec
          Start 1768: ResultExportIntegrationTest.ResidualsCsvMatchesStoredHistories
 654/1909 Test  #132: MeshValidity.DetectsPatchListingAnInternalFace ...........................................................   Passed    0.20 sec
          Start 1769: ResultExportIntegrationTest.RepeatedExportIsByteIdenticalAcrossAllFiles
 655/1909 Test  #163: MultiBlockMesh.InternalSolidRegionIsAHoleBoundedByItsPatch ...............................................   Passed    0.21 sec
          Start 1902: CaseEditingTest.GradingRoundTripsThroughEditSaveReopen
 656/1909 Test  #161: MultiBlockMesh.RotatedBlocksAndReversedInterfacesConnectAdjacentCells ....................................   Passed    0.21 sec
          Start 1767: ResultExportIntegrationTest.VtkCellCountAndFieldsMatchSimpleResultExactly
 657/1909 Test  #126: MeshValidity.DetectsInvertedInternalFace .................................................................   Passed    0.16 sec
          Start 1765: ResultExportIntegrationTest.CsvFieldsMatchSimpleResultExactly
 658/1909 Test  #169: MultiBlockMeshInvalid.OverlapsAndUndeclaredContactsAreRejected ...........................................   Passed    0.15 sec
          Start  164: MultiBlockMesh.CurvedSectorsAndClosedRing
 659/1909 Test  #167: MultiBlockMeshInvalid.InvalidCellsAreNamed ...............................................................   Passed    0.11 sec
          Start 1814: SpeciesConservationTest.OpenChannelSteadyStateInflowEqualsOutflowWithZeroSource
 660/1909 Test  #165: MultiBlockMesh.InterfaceFluxesCancelExactlyBetweenBlocks .................................................   Passed    0.11 sec
          Start  290: LinearSolverFactoryTest.CgTypeSelectsCpuCG
 661/1909 Test #1697: CaseLidDrivenCavityIntegrationTest.SmallFixtureLoadsBuildsAndConverges ...................................   Passed    0.30 sec
          Start 1880: CaseEditingTest.SetBoundaryConfigOnlyKeepsTheFourCanonicalPatches
 662/1909 Test #1490: SIMPLEKEpsilonTest.ConvergedStatusImpliesTurbulenceResidualWithinTolerance ...............................   Passed    0.27 sec
          Start 1874: CaseEditingTest.GettersReflectTheOpenedCaseBeforeAnyEdit
 663/1909 Test  #164: MultiBlockMesh.CurvedSectorsAndClosedRing ................................................................   Passed    0.07 sec
          Start 1881: CaseEditingTest.SetSolverConfigRoundTripsToleranceAndLinearSolver
 664/1909 Test #1493: SIMPLEKOmegaTest.ConvergedStatusImpliesTurbulenceResidualWithinTolerance .................................   Passed    0.31 sec
          Start 1887: CaseEditingTest.ValidationIssuesIsEmptyWhenValid
 665/1909 Test #1499: SIMPLEBuoyancyTest.CaseA_NoBuoyancySuppliedIsTheBaseline .................................................   Passed    0.30 sec
          Start 1888: CaseEditingTest.ValidationIssuesCarriesOneStructuredEntryWhenInvalid
 666/1909 Test #1472: SIMPLEContinuityTest.GlobalMassImbalanceStaysNearZeroForClosedDomain .....................................   Passed    0.29 sec
          Start 1876: CaseEditingTest.SetMeshAndGeometryCommitsAndEmitsCaseChanged
 667/1909 Test #1902: CaseEditingTest.GradingRoundTripsThroughEditSaveReopen ...................................................   Passed    0.17 sec
          Start 1886: CaseEditingTest.ValidateDraftExtractsTheOffendingFieldName
 668/1909 Test  #290: LinearSolverFactoryTest.CgTypeSelectsCpuCG ...............................................................   Passed    0.11 sec
          Start 1883: CaseEditingTest.SetCaseMetadataUpdatesNameAndDescriptionOnly
 669/1909 Test #1880: CaseEditingTest.SetBoundaryConfigOnlyKeepsTheFourCanonicalPatches ........................................   Passed    0.10 sec
          Start 1884: CaseEditingTest.ValidateDraftOnAValidOpenedCaseReportsValid
 670/1909 Test #1874: CaseEditingTest.GettersReflectTheOpenedCaseBeforeAnyEdit .................................................   Passed    0.10 sec
          Start 1879: CaseEditingTest.SetPhysicsConfigRoundTripsAThermalBlock
 671/1909 Test #1881: CaseEditingTest.SetSolverConfigRoundTripsToleranceAndLinearSolver ........................................   Passed    0.11 sec
          Start 1892: CaseEditingTest.TypeHasValueMatchesTheDocumentedSubsetOnly
 672/1909 Test #1473: SIMPLEConvergenceTest.TinyFourByFourCavityConverges ......................................................   Passed    0.32 sec
          Start 1885: CaseEditingTest.ValidateDraftOnAFreshEmptyCaseReportsInvalidWithASection
 673/1909 Test #1766: ResultExportIntegrationTest.JsonMetadataMatchesSimpleResultExactly .......................................   Passed    0.35 sec
          Start 1894: CaseEditingTest.MeshCellInfoNeverDividesByZero
 674/1909 Test #1768: ResultExportIntegrationTest.ResidualsCsvMatchesStoredHistories ...........................................   Passed    0.30 sec
          Start 1893: CaseEditingTest.MeshCellInfoComputesCountAndSpacing
 675/1909 Test #1887: CaseEditingTest.ValidationIssuesIsEmptyWhenValid .........................................................   Passed    0.14 sec
          Start 1878: CaseEditingTest.SetOnAnUnloadedControllerIsANoOp
 676/1909 Test #1888: CaseEditingTest.ValidationIssuesCarriesOneStructuredEntryWhenInvalid .....................................   Passed    0.14 sec
          Start 1900: CaseEditingTest.StructuredQuadVerticesSurviveEditSaveReopen
 677/1909 Test #1876: CaseEditingTest.SetMeshAndGeometryCommitsAndEmitsCaseChanged .............................................   Passed    0.13 sec
          Start  773: PhysicsCompatibilityTest.CompressibleSupportedAlongsideBuoyancy
 678/1909 Test #1886: CaseEditingTest.ValidateDraftExtractsTheOffendingFieldName ...............................................   Passed    0.12 sec
          Start  771: PhysicsCompatibilityTest.SpeciesSupportedAlongsideMultiphase
 679/1909 Test #1883: CaseEditingTest.SetCaseMetadataUpdatesNameAndDescriptionOnly .............................................   Passed    0.12 sec
          Start  776: PhysicsCompatibilityTest.RejectsMultiphaseTogetherWithCompressible
 680/1909 Test #1769: ResultExportIntegrationTest.RepeatedExportIsByteIdenticalAcrossAllFiles ..................................   Passed    0.34 sec
          Start  774: PhysicsCompatibilityTest.CompressibleSupportedAlongsideTurbulence
 681/1909 Test #1767: ResultExportIntegrationTest.VtkCellCountAndFieldsMatchSimpleResultExactly ................................   Passed    0.32 sec
          Start  292: LinearSolverFactoryTest.GpuBackendReportsAvailabilityConsistentlyAndFallsBackDeterministically
 682/1909 Test #1765: ResultExportIntegrationTest.CsvFieldsMatchSimpleResultExactly ............................................   Passed    0.31 sec
          Start 1513: SIMPLEGpuSolverTest.RepeatedOuterIterationsReuseGpuSolverBuffersWithoutReallocating
 683/1909 Test #1814: SpeciesConservationTest.OpenChannelSteadyStateInflowEqualsOutflowWithZeroSource ..........................   Passed    0.29 sec
          Start 1312: CompressibleMassFluxTest.ThrowsOnNonPositiveBoundaryTemperature
 684/1909 Test #1884: CaseEditingTest.ValidateDraftOnAValidOpenedCaseReportsValid ..............................................   Passed    0.16 sec
          Start 1509: SIMPLEGpuResidencyTest.EnablingResidencyDoesNotChangeTheComputedResult
 685/1909 Test #1879: CaseEditingTest.SetPhysicsConfigRoundTripsAThermalBlock ..................................................   Passed    0.15 sec
          Start  293: LinearSolverFactoryTest.CpuJacobiPreconditionerTypeMatchesExplicitJacobiPreconditioner
 686/1909 Test #1892: CaseEditingTest.TypeHasValueMatchesTheDocumentedSubsetOnly ...............................................   Passed    0.15 sec
          Start   38: GpuResidencyManagerCpuFallbackTest.MoveConstructionAndAssignmentAreSafe
 687/1909 Test #1885: CaseEditingTest.ValidateDraftOnAFreshEmptyCaseReportsInvalidWithASection .................................   Passed    0.14 sec
          Start 1904: CaseEditingTest.UngradedCaseStaysUngradedThroughTheMeshEditor
 688/1909 Test #1894: CaseEditingTest.MeshCellInfoNeverDividesByZero ...........................................................   Passed    0.14 sec
          Start 1358: VisualizationSnapshotTest.MultiphaseCaseExposesMixtureFieldsLiveAndReloaded
 689/1909 Test #1893: CaseEditingTest.MeshCellInfoComputesCountAndSpacing ......................................................   Passed    0.15 sec
          Start   32: GpuBackendCpuFallbackTest.CudaAvailableNeverThrows
 690/1909 Test #1878: CaseEditingTest.SetOnAnUnloadedControllerIsANoOp .........................................................   Passed    0.15 sec
          Start 1903: CaseEditingTest.GradingValidationAndCellInfo
 691/1909 Test #1900: CaseEditingTest.StructuredQuadVerticesSurviveEditSaveReopen ..............................................   Passed    0.15 sec
          Start  745: MultiphaseCaseTest.NonMultiphaseFixtureHasNoMultiphaseConfig
 692/1909 Test  #773: PhysicsCompatibilityTest.CompressibleSupportedAlongsideBuoyancy ..........................................   Passed    0.15 sec
          Start  752: MultiphaseCaseTest.RejectsTopLevelViscosityAboveBothPhases
 693/1909 Test  #771: PhysicsCompatibilityTest.SpeciesSupportedAlongsideMultiphase .............................................   Passed    0.15 sec
          Start 1710: MultiphaseProductionCaseTest.MissingCaseDirectoryReportsInvalidCase
 694/1909 Test  #776: PhysicsCompatibilityTest.RejectsMultiphaseTogetherWithCompressible .......................................   Passed    0.16 sec
          Start 1901: CaseEditingTest.StructuredQuadResolutionChangeWithoutVerticesIsInvalid
 695/1909 Test  #774: PhysicsCompatibilityTest.CompressibleSupportedAlongsideTurbulence ........................................   Passed    0.18 sec
          Start  674: CaseValidationTest.UnsupportedLinearSolverBackendIsRejected
 696/1909 Test  #292: LinearSolverFactoryTest.GpuBackendReportsAvailabilityConsistentlyAndFallsBackDeterministically ...........   Passed    0.18 sec
          Start   37: GpuResidencyManagerCpuFallbackTest.SyncFieldNeverThrowsRegardlessOfDevice
 697/1909 Test #1513: SIMPLEGpuSolverTest.RepeatedOuterIterationsReuseGpuSolverBuffersWithoutReallocating ......................   Passed    0.18 sec
          Start  779: PhysicsCompatibilityTest.RejectsCompressibleThermalCoupledWithoutThermal
 698/1909 Test #1312: CompressibleMassFluxTest.ThrowsOnNonPositiveBoundaryTemperature ..........................................   Passed    0.19 sec
          Start  294: LinearSolverFactoryTest.ExplicitPreconditionerArgumentOverridesSettingsPreconditioner
 699/1909 Test #1509: SIMPLEGpuResidencyTest.EnablingResidencyDoesNotChangeTheComputedResult ...................................   Passed    0.19 sec
          Start  296: LinearSolverFactoryTest.InvalidSettingsStillThrowRegardlessOfBackend
 700/1909 Test  #293: LinearSolverFactoryTest.CpuJacobiPreconditionerTypeMatchesExplicitJacobiPreconditioner ...................   Passed    0.19 sec
          Start  749: MultiphaseCaseTest.RejectsNonPositivePhaseViscosity
 701/1909 Test   #38: GpuResidencyManagerCpuFallbackTest.MoveConstructionAndAssignmentAreSafe ..................................   Passed    0.19 sec
          Start 1709: MultiphaseProductionCaseTest.ExportsMixtureFieldsToCsvVtkAndJson
 702/1909 Test #1904: CaseEditingTest.UngradedCaseStaysUngradedThroughTheMeshEditor ............................................   Passed    0.19 sec
          Start 1707: MultiphaseProductionCaseTest.AlphaAndMixturePropertiesMatchExactExpectedValues
 703/1909 Test #1358: VisualizationSnapshotTest.MultiphaseCaseExposesMixtureFieldsLiveAndReloaded ..............................   Passed    0.18 sec
          Start  269: BiCGSTABTest.SolvesWithJacobiPreconditioner
 704/1909 Test   #32: GpuBackendCpuFallbackTest.CudaAvailableNeverThrows .......................................................   Passed    0.19 sec
          Start  747: MultiphaseCaseTest.BuilderConstructsMultiphaseRuntimeObjects
 705/1909 Test #1903: CaseEditingTest.GradingValidationAndCellInfo .............................................................   Passed    0.21 sec
          Start 1706: MultiphaseProductionCaseTest.RunsEndToEndAndConverges
 706/1909 Test  #745: MultiphaseCaseTest.NonMultiphaseFixtureHasNoMultiphaseConfig .............................................   Passed    0.20 sec
          Start 1712: MultiphaseProductionCaseTest.RepeatedRunsAreDeterministic
 707/1909 Test  #752: MultiphaseCaseTest.RejectsTopLevelViscosityAboveBothPhases ...............................................   Passed    0.21 sec
          Start   33: GpuBackendCpuFallbackTest.ExecutionStatsStartAtZeroWithNoDeviceActivity
 708/1909 Test #1710: MultiphaseProductionCaseTest.MissingCaseDirectoryReportsInvalidCase ......................................   Passed    0.20 sec
          Start   36: GpuResidencyManagerCpuFallbackTest.SyncMatrixNeverThrowsRegardlessOfDevice
 709/1909 Test #1901: CaseEditingTest.StructuredQuadResolutionChangeWithoutVerticesIsInvalid ...................................   Passed    0.18 sec
          Start  750: MultiphaseCaseTest.RejectsIdenticalPhaseNames
 710/1909 Test  #674: CaseValidationTest.UnsupportedLinearSolverBackendIsRejected ..............................................   Passed    0.20 sec
          Start 1708: MultiphaseProductionCaseTest.Phase1VolumeIsConserved
 711/1909 Test   #37: GpuResidencyManagerCpuFallbackTest.SyncFieldNeverThrowsRegardlessOfDevice ................................   Passed    0.19 sec
          Start  746: MultiphaseCaseTest.ParsesMultiphaseConfigWhenEnabled
 712/1909 Test  #779: PhysicsCompatibilityTest.RejectsCompressibleThermalCoupledWithoutThermal .................................   Passed    0.19 sec
          Start  751: MultiphaseCaseTest.RejectsNonPositiveTransportTimeStep
 713/1909 Test  #294: LinearSolverFactoryTest.ExplicitPreconditionerArgumentOverridesSettingsPreconditioner ....................   Passed    0.19 sec
          Start  753: MultiphaseCaseTest.RejectsMultiphaseTogetherWithTurbulence
 714/1909 Test  #296: LinearSolverFactoryTest.InvalidSettingsStillThrowRegardlessOfBackend .....................................   Passed    0.19 sec
          Start  748: MultiphaseCaseTest.RejectsInitialAlphaOutOfRange
 715/1909 Test #1709: MultiphaseProductionCaseTest.ExportsMixtureFieldsToCsvVtkAndJson .........................................   Passed    0.18 sec
          Start  755: MultiphaseCaseTest.RejectsAlphaKeyWhenMultiphaseDisabled
 716/1909 Test  #749: MultiphaseCaseTest.RejectsNonPositivePhaseViscosity ......................................................   Passed    0.21 sec
          Start  754: MultiphaseCaseTest.RejectsMissingPerPatchAlphaWhenMultiphaseEnabled
 717/1909 Test #1707: MultiphaseProductionCaseTest.AlphaAndMixturePropertiesMatchExactExpectedValues ...........................   Passed    0.21 sec
          Start  763: CompressibleCaseTest.ThermalCoupledRequiresThermalBlock
 718/1909 Test  #269: BiCGSTABTest.SolvesWithJacobiPreconditioner ..............................................................   Passed    0.21 sec
          Start  768: CompressibleCaseTest.RejectsSpecificHeatPressureNotGreaterThanGasConstant
 719/1909 Test  #747: MultiphaseCaseTest.BuilderConstructsMultiphaseRuntimeObjects .............................................   Passed    0.19 sec
          Start  769: CompressibleCaseTest.RejectsNonPositiveReferencePressure
 720/1909 Test #1706: MultiphaseProductionCaseTest.RunsEndToEndAndConverges ....................................................   Passed    0.20 sec
          Start  764: CompressibleCaseTest.ThermalCoupledAcceptedAlongsideThermal
 721/1909 Test #1712: MultiphaseProductionCaseTest.RepeatedRunsAreDeterministic ................................................   Passed    0.20 sec
          Start  762: CompressibleCaseTest.BuilderConstructsCompressibleRuntimeObjects
 722/1909 Test   #33: GpuBackendCpuFallbackTest.ExecutionStatsStartAtZeroWithNoDeviceActivity ..................................   Passed    0.19 sec
          Start 1718: CompressibleProductionCaseTest.MissingCaseDirectoryReportsInvalidCase
 723/1909 Test   #36: GpuResidencyManagerCpuFallbackTest.SyncMatrixNeverThrowsRegardlessOfDevice ...............................   Passed    0.19 sec
          Start 1875: CaseEditingTest.GettersOnAnUnloadedControllerReturnEmptyMaps
 724/1909 Test  #750: MultiphaseCaseTest.RejectsIdenticalPhaseNames ............................................................   Passed    0.18 sec
          Start  766: CompressibleCaseTest.RejectsNeitherTemperatureNorThermalCoupled
 725/1909 Test  #746: MultiphaseCaseTest.ParsesMultiphaseConfigWhenEnabled .....................................................   Passed    0.18 sec
          Start  770: CompressibleCaseTest.RejectsNonPositiveTemperature
 726/1909 Test  #751: MultiphaseCaseTest.RejectsNonPositiveTransportTimeStep ...................................................   Passed    0.17 sec
          Start  757: CompressibleCaseTest.ParsesIsothermalCompressibleConfigWhenEnabled
 727/1909 Test #1708: MultiphaseProductionCaseTest.Phase1VolumeIsConserved .....................................................   Passed    0.20 sec
          Start  767: CompressibleCaseTest.RejectsNonPositiveGasConstant
 728/1909 Test  #753: MultiphaseCaseTest.RejectsMultiphaseTogetherWithTurbulence ...............................................   Passed    0.19 sec
          Start  815: JSONWriterTest.WritesSpeciesMetadataInOrderWhenProvided
 729/1909 Test  #748: MultiphaseCaseTest.RejectsInitialAlphaOutOfRange .........................................................   Passed    0.18 sec
          Start  736: SpeciesCaseTest.RejectsEmptyName
 730/1909 Test  #755: MultiphaseCaseTest.RejectsAlphaKeyWhenMultiphaseDisabled .................................................   Passed    0.17 sec
          Start  835: VTKWriterTest.MultipleSpeciesWrittenInOrderAfterTemperature
 731/1909 Test  #754: MultiphaseCaseTest.RejectsMissingPerPatchAlphaWhenMultiphaseEnabled ......................................   Passed    0.17 sec
          Start  732: SpeciesCaseTest.ParsesSpeciesListWhenEnabled
 732/1909 Test  #763: CompressibleCaseTest.ThermalCoupledRequiresThermalBlock ..................................................   Passed    0.16 sec
          Start  648: CaseWriterTest.SpeciesRoundTrip
 733/1909 Test  #768: CompressibleCaseTest.RejectsSpecificHeatPressureNotGreaterThanGasConstant ................................   Passed    0.15 sec
          Start  743: SpeciesCaseTest.RejectsUnknownConcentrationBoundaryType
 734/1909 Test  #769: CompressibleCaseTest.RejectsNonPositiveReferencePressure .................................................   Passed    0.16 sec
          Start  765: CompressibleCaseTest.RejectsBothTemperatureAndThermalCoupled
 735/1909 Test  #764: CompressibleCaseTest.ThermalCoupledAcceptedAlongsideThermal ..............................................   Passed    0.16 sec
          Start  756: CompressibleCaseTest.NonCompressibleFixtureHasNoCompressibleConfig
 736/1909 Test  #762: CompressibleCaseTest.BuilderConstructsCompressibleRuntimeObjects .........................................   Passed    0.16 sec
          Start 1882: CaseEditingTest.SetInitialConditionsRoundTrips
 737/1909 Test #1718: CompressibleProductionCaseTest.MissingCaseDirectoryReportsInvalidCase ....................................   Passed    0.16 sec
          Start  814: JSONWriterTest.SpeciesArrayIsEmptyByDefault
 738/1909 Test #1875: CaseEditingTest.GettersOnAnUnloadedControllerReturnEmptyMaps .............................................   Passed    0.16 sec
          Start  836: VTKWriterTest.MismatchedSpeciesSizeThrows
 739/1909 Test  #766: CompressibleCaseTest.RejectsNeitherTemperatureNorThermalCoupled ..........................................   Passed    0.17 sec
          Start  731: SpeciesCaseTest.NonSpeciesFixtureHasNoSpeciesConfig
 740/1909 Test  #770: CompressibleCaseTest.RejectsNonPositiveTemperature .......................................................   Passed    0.16 sec
          Start  733: SpeciesCaseTest.BuilderConstructsSpeciesRuntimeObjects
 741/1909 Test  #757: CompressibleCaseTest.ParsesIsothermalCompressibleConfigWhenEnabled .......................................   Passed    0.16 sec
          Start  800: CSVWriterTest.OmitsSpeciesColumnsWhenNotProvided
 742/1909 Test  #767: CompressibleCaseTest.RejectsNonPositiveGasConstant .......................................................   Passed    0.16 sec
          Start  802: CSVWriterTest.MismatchedSpeciesSizeThrows
 743/1909 Test  #815: JSONWriterTest.WritesSpeciesMetadataInOrderWhenProvided ..................................................   Passed    0.16 sec
          Start  742: SpeciesCaseTest.RejectsUnknownSpeciesNameOnPatch
 744/1909 Test  #736: SpeciesCaseTest.RejectsEmptyName .........................................................................   Passed    0.16 sec
          Start  833: VTKWriterTest.OmitsSpeciesBlocksWhenNotProvided
 745/1909 Test  #835: VTKWriterTest.MultipleSpeciesWrittenInOrderAfterTemperature ..............................................   Passed    0.16 sec
          Start  837: VTKWriterTest.NonFiniteSpeciesThrows
 746/1909 Test  #732: SpeciesCaseTest.ParsesSpeciesListWhenEnabled .............................................................   Passed    0.16 sec
          Start  834: VTKWriterTest.AppendsOneSpeciesBlockAfterVelocityMagnitudeWhenProvided
 747/1909 Test  #648: CaseWriterTest.SpeciesRoundTrip ..........................................................................   Passed    0.15 sec
          Start  734: SpeciesCaseTest.ZeroDiffusivityIsAccepted
 748/1909 Test  #743: SpeciesCaseTest.RejectsUnknownConcentrationBoundaryType ..................................................   Passed    0.15 sec
          Start  801: CSVWriterTest.AppendsSpeciesColumnsInOrderAfterTemperature
 749/1909 Test  #765: CompressibleCaseTest.RejectsBothTemperatureAndThermalCoupled .............................................   Passed    0.15 sec
          Start  740: SpeciesCaseTest.RejectsSpeciesKeyWhenSpeciesDisabled
 750/1909 Test  #756: CompressibleCaseTest.NonCompressibleFixtureHasNoCompressibleConfig .......................................   Passed    0.14 sec
          Start 1702: SpeciesProductionCaseTest.MissingCaseDirectoryReportsInvalidCase
 751/1909 Test  #814: JSONWriterTest.SpeciesArrayIsEmptyByDefault ..............................................................   Passed    0.14 sec
          Start  738: SpeciesCaseTest.RejectsUnknownSpeciesKey
 752/1909 Test #1882: CaseEditingTest.SetInitialConditionsRoundTrips ...........................................................   Passed    0.15 sec
          Start  803: CSVWriterTest.NonFiniteSpeciesThrows
 753/1909 Test  #836: VTKWriterTest.MismatchedSpeciesSizeThrows ................................................................   Passed    0.14 sec
          Start  737: SpeciesCaseTest.RejectsDuplicateSpeciesNames
 754/1909 Test  #731: SpeciesCaseTest.NonSpeciesFixtureHasNoSpeciesConfig ......................................................   Passed    0.14 sec
          Start  735: SpeciesCaseTest.RejectsNegativeDiffusivity
 755/1909 Test  #733: SpeciesCaseTest.BuilderConstructsSpeciesRuntimeObjects ...................................................   Passed    0.14 sec
          Start  741: SpeciesCaseTest.RejectsPatchMissingOneDeclaredSpecies
 756/1909 Test  #800: CSVWriterTest.OmitsSpeciesColumnsWhenNotProvided .........................................................   Passed    0.13 sec
          Start  739: SpeciesCaseTest.RejectsMissingPerPatchSpeciesWhenSpeciesEnabled
 757/1909 Test  #802: CSVWriterTest.MismatchedSpeciesSizeThrows ................................................................   Passed    0.13 sec
          Start  744: SpeciesCaseTest.RejectsMissingValueForConcentrationBoundary
 758/1909 Test  #742: SpeciesCaseTest.RejectsUnknownSpeciesNameOnPatch .........................................................   Passed    0.13 sec
          Start 1895: CaseEditingTest.MeshCellInfoFlagsALargeMesh
 759/1909 Test  #833: VTKWriterTest.OmitsSpeciesBlocksWhenNotProvided ..........................................................   Passed    0.13 sec
          Start 1889: CaseEditingTest.ValidateDraftWithNoCaseLoadedReportsInvalid
 760/1909 Test  #837: VTKWriterTest.NonFiniteSpeciesThrows .....................................................................   Passed    0.13 sec
          Start 1891: CaseEditingTest.VocabularyListsMatchWhatBoundaryConfigParserAccepts
 761/1909 Test  #834: VTKWriterTest.AppendsOneSpeciesBlockAfterVelocityMagnitudeWhenProvided ...................................   Passed    0.14 sec
          Start 1815: SpeciesConservationTest.OpenChannelWithVolumetricSourceBalancesNetOutflowAgainstSource
 762/1909 Test  #734: SpeciesCaseTest.ZeroDiffusivityIsAccepted ................................................................   Passed    0.14 sec
          Start 1036: ThermalSolverVariablePropertiesTest.ConstantModelsReproduceThermalPropertiesOverloadExactly
 763/1909 Test  #801: CSVWriterTest.AppendsSpeciesColumnsInOrderAfterTemperature ...............................................   Passed    0.14 sec
          Start 1863: SimulationControllerTest.OpenValidCaseSucceeds
 764/1909 Test  #740: SpeciesCaseTest.RejectsSpeciesKeyWhenSpeciesDisabled .....................................................   Passed    0.14 sec
          Start 1807: SpeciesDiffusionValidation.GlobalDiffusiveFluxBalanceIsExact
 765/1909 Test #1702: SpeciesProductionCaseTest.MissingCaseDirectoryReportsInvalidCase .........................................   Passed    0.13 sec
          Start 1239: SpeciesSolverTest.RepeatedSolveIsDeterministic
 766/1909 Test  #738: SpeciesCaseTest.RejectsUnknownSpeciesKey .................................................................   Passed    0.14 sec
          Start 1035: ThermalSolverTest.RepeatedSolveIsDeterministic
 767/1909 Test  #803: CSVWriterTest.NonFiniteSpeciesThrows .....................................................................   Passed    0.15 sec
          Start 1805: SpeciesDiffusionValidation.Grid40MatchesAnalyticalSlabProfile
 768/1909 Test  #737: SpeciesCaseTest.RejectsDuplicateSpeciesNames .............................................................   Passed    0.14 sec
          Start 1353: BuildSnapshotTest.IncompleteRunProducesAnInvalidSnapshot
 769/1909 Test  #735: SpeciesCaseTest.RejectsNegativeDiffusivity ...............................................................   Passed    0.15 sec
          Start 1372: FieldStatisticsTest.EmptyFieldReportsNoData
 770/1909 Test  #741: SpeciesCaseTest.RejectsPatchMissingOneDeclaredSpecies ....................................................   Passed    0.16 sec
          Start 1384: SampleLineRawTest.MatchesMeshBasedSampleLineOnEquivalentData
 771/1909 Test  #739: SpeciesCaseTest.RejectsMissingPerPatchSpeciesWhenSpeciesEnabled ..........................................   Passed    0.16 sec
          Start 1371: FieldStatisticsTest.ComputesMinMaxAverageIgnoringNonFinite
 772/1909 Test  #744: SpeciesCaseTest.RejectsMissingValueForConcentrationBoundary ..............................................   Passed    0.17 sec
          Start 1382: ProbeScalarRawTest.MatchesMeshBasedProbeOnEquivalentData
 773/1909 Test #1895: CaseEditingTest.MeshCellInfoFlagsALargeMesh ..............................................................   Passed    0.17 sec
          Start 1355: LoadSnapshotFromResultsTest.MissingDirectoryProducesAnInvalidSnapshot
 774/1909 Test #1889: CaseEditingTest.ValidateDraftWithNoCaseLoadedReportsInvalid ..............................................   Passed    0.18 sec
          Start 1391: SampleVectorFieldRawTest.RejectsZeroStride
 775/1909 Test #1891: CaseEditingTest.VocabularyListsMatchWhatBoundaryConfigParserAccepts ......................................   Passed    0.18 sec
          Start 1390: SampleVectorFieldRawTest.MatchesMeshBasedSamplingOnEquivalentData
 776/1909 Test #1036: ThermalSolverVariablePropertiesTest.ConstantModelsReproduceThermalPropertiesOverloadExactly ..............   Passed    0.18 sec
          Start 1383: ProbeScalarRawTest.RejectsMismatchedSizes
 777/1909 Test #1815: SpeciesConservationTest.OpenChannelWithVolumetricSourceBalancesNetOutflowAgainstSource ...................   Passed    0.19 sec
          Start 1385: NearestIndexTest.EmptyPointsReturnsNullopt
 778/1909 Test #1863: SimulationControllerTest.OpenValidCaseSucceeds ...........................................................   Passed    0.19 sec
          Start 1346: CaseSessionTest.ReloadDiscardsInMemoryEdits
 779/1909 Test #1807: SpeciesDiffusionValidation.GlobalDiffusiveFluxBalanceIsExact .............................................   Passed    0.20 sec
          Start 1873: SimulationControllerTest.StopDuringARunLeadsToCancelledState
 780/1909 Test #1239: SpeciesSolverTest.RepeatedSolveIsDeterministic ...........................................................   Passed    0.20 sec
          Start 1861: SimulationControllerTest.ApplicationVersionMatchesCoreVersionString
 781/1909 Test #1035: ThermalSolverTest.RepeatedSolveIsDeterministic ...........................................................   Passed    0.19 sec
          Start 1344: CaseSessionTest.SaveAsWritesARoundTripLoadableCase
 782/1909 Test #1805: SpeciesDiffusionValidation.Grid40MatchesAnalyticalSlabProfile ............................................   Passed    0.19 sec
          Start 1341: CaseSessionTest.OpenValidCaseMovesToLoaded
 783/1909 Test #1353: BuildSnapshotTest.IncompleteRunProducesAnInvalidSnapshot .................................................   Passed    0.19 sec
          Start 1351: CaseSessionTest.RequestCancelStopsARunEarly
 784/1909 Test #1372: FieldStatisticsTest.EmptyFieldReportsNoData ..............................................................   Passed    0.19 sec
          Start 1347: CaseSessionTest.ValidateValidCaseMovesToValidated
 785/1909 Test #1384: SampleLineRawTest.MatchesMeshBasedSampleLineOnEquivalentData .............................................   Passed    0.18 sec
          Start 1867: SimulationControllerTest.NoResultsBeforeAnyRunOrLoad
 786/1909 Test #1371: FieldStatisticsTest.ComputesMinMaxAverageIgnoringNonFinite ...............................................   Passed    0.19 sec
          Start 1865: SimulationControllerTest.OpenMissingCaseFailsAndReportsError
 787/1909 Test #1382: ProbeScalarRawTest.MatchesMeshBasedProbeOnEquivalentData .................................................   Passed    0.19 sec
          Start 1334: ProjectRunnerTest.CancellationStopsEarlyWithCancelledStatus
 788/1909 Test #1355: LoadSnapshotFromResultsTest.MissingDirectoryProducesAnInvalidSnapshot ....................................   Passed    0.19 sec
          Start 1862: SimulationControllerTest.NewCaseEmitsCaseChangedAndBecomesLoaded
 789/1909 Test #1391: SampleVectorFieldRawTest.RejectsZeroStride ...............................................................   Passed    0.18 sec
          Start 1860: SimulationControllerTest.StartsWithNoCaseLoaded
 790/1909 Test #1390: SampleVectorFieldRawTest.MatchesMeshBasedSamplingOnEquivalentData ........................................   Passed    0.18 sec
          Start 1348: CaseSessionTest.ValidateInvalidCaseLeavesStateAndReportsError
 791/1909 Test #1383: ProbeScalarRawTest.RejectsMismatchedSizes ................................................................   Passed    0.18 sec
          Start 1363: MarchingSquaresTest.LevelOutsideRangeProducesNoSegments
 792/1909 Test #1385: NearestIndexTest.EmptyPointsReturnsNullopt ...............................................................   Passed    0.18 sec
          Start  646: CaseWriterTest.ExplicitInitialConditionsRoundTrip
 793/1909 Test #1346: CaseSessionTest.ReloadDiscardsInMemoryEdits ..............................................................   Passed    0.18 sec
          Start 1343: CaseSessionTest.SetCaseDefinitionMarksModified
 794/1909 Test #1873: SimulationControllerTest.StopDuringARunLeadsToCancelledState .............................................   Passed    0.18 sec
          Start 1362: MarchingSquaresTest.ConstantFieldProducesNoSegments
 795/1909 Test #1861: SimulationControllerTest.ApplicationVersionMatchesCoreVersionString ......................................   Passed    0.20 sec
          Start 1361: MarchingSquaresTest.LinearFieldPhiEqualsYProducesAHorizontalLine
 796/1909 Test #1344: CaseSessionTest.SaveAsWritesARoundTripLoadableCase .......................................................   Passed    0.20 sec
          Start 1370: AutomaticContourLevelsTest.IgnoresNonFiniteSamples
 797/1909 Test #1341: CaseSessionTest.OpenValidCaseMovesToLoaded ...............................................................   Passed    0.20 sec
          Start 1367: MarchingSquaresTest.RejectsMismatchedSizes
 798/1909 Test #1351: CaseSessionTest.RequestCancelStopsARunEarly ..............................................................   Passed    0.19 sec
          Start 1369: AutomaticContourLevelsTest.ConstantFieldProducesNoLevels
 799/1909 Test #1347: CaseSessionTest.ValidateValidCaseMovesToValidated ........................................................   Passed    0.20 sec
          Start 1345: CaseSessionTest.SaveWithoutADirectorySetFails
 800/1909 Test #1867: SimulationControllerTest.NoResultsBeforeAnyRunOrLoad .....................................................   Passed    0.20 sec
          Start 1339: CaseSessionTest.StartsEmpty
 801/1909 Test #1865: SimulationControllerTest.OpenMissingCaseFailsAndReportsError .............................................   Passed    0.20 sec
          Start 1386: SampleVectorFieldTest.StrideOneSamplesEveryCell
 802/1909 Test #1334: ProjectRunnerTest.CancellationStopsEarlyWithCancelledStatus ..............................................   Passed    0.19 sec
          Start 1387: SampleVectorFieldTest.StrideNSamplesEveryNthCellById
 803/1909 Test #1862: SimulationControllerTest.NewCaseEmitsCaseChangedAndBecomesLoaded .........................................   Passed    0.18 sec
          Start 1374: Vorticity2DTest.SolidBodyRotationMatchesAnalyticalConstantAwayFromBoundaries
 804/1909 Test #1860: SimulationControllerTest.StartsWithNoCaseLoaded ..........................................................   Passed    0.20 sec
          Start 1350: CaseSessionTest.RunWithoutADirectoryFails
 805/1909 Test #1348: CaseSessionTest.ValidateInvalidCaseLeavesStateAndReportsError ............................................   Passed    0.21 sec
          Start 1389: SampleVectorFieldTest.MismatchedSizeThrows
 806/1909 Test #1363: MarchingSquaresTest.LevelOutsideRangeProducesNoSegments ..................................................   Passed    0.21 sec
          Start 1381: SampleLineTest.RejectsTooFewSamples
 807/1909 Test  #646: CaseWriterTest.ExplicitInitialConditionsRoundTrip ........................................................   Passed    0.21 sec
          Start 1340: CaseSessionTest.NewCaseMovesToLoadedWithNoDirectory
 808/1909 Test #1343: CaseSessionTest.SetCaseDefinitionMarksModified ...........................................................   Passed    0.23 sec
          Start 1379: ProbeScalarTest.MismatchedFieldSizeThrows
 809/1909 Test #1362: MarchingSquaresTest.ConstantFieldProducesNoSegments ......................................................   Passed    0.21 sec
          Start 1368: AutomaticContourLevelsTest.ProducesEvenlySpacedInteriorLevels
 810/1909 Test #1361: MarchingSquaresTest.LinearFieldPhiEqualsYProducesAHorizontalLine .........................................   Passed    0.21 sec
          Start 1232: SpeciesSolverTest.ConvergesAndMatchesAnalytical1DDiffusionProfile
 811/1909 Test #1370: AutomaticContourLevelsTest.IgnoresNonFiniteSamples .......................................................   Passed    0.20 sec
          Start  647: CaseWriterTest.ThermalTurbulenceBuoyancyRoundTrip
 812/1909 Test #1367: MarchingSquaresTest.RejectsMismatchedSizes ...............................................................   Passed    0.20 sec
          Start 1366: MarchingSquaresTest.RejectsGridTooSmall
 813/1909 Test #1369: AutomaticContourLevelsTest.ConstantFieldProducesNoLevels .................................................   Passed    0.20 sec
          Start 1360: MarchingSquaresTest.LinearFieldPhiEqualsXProducesAVerticalLineAtTheLevel
 814/1909 Test #1345: CaseSessionTest.SaveWithoutADirectorySetFails ............................................................   Passed    0.19 sec
          Start 1376: Vorticity2DTest.MismatchedSizeThrows
 815/1909 Test #1339: CaseSessionTest.StartsEmpty ..............................................................................   Passed    0.19 sec
          Start 1364: MarchingSquaresTest.NonFiniteCellsContributeNoSegments
 816/1909 Test #1386: SampleVectorFieldTest.StrideOneSamplesEveryCell ..........................................................   Passed    0.19 sec
          Start 1377: NearestCellTest.FindsTheCellWhoseCentroidIsClosest
 817/1909 Test #1387: SampleVectorFieldTest.StrideNSamplesEveryNthCellById .....................................................   Passed    0.21 sec
          Start 1373: VelocityMagnitudeTest.MatchesPythagoreanFormula
 818/1909 Test #1374: Vorticity2DTest.SolidBodyRotationMatchesAnalyticalConstantAwayFromBoundaries .............................   Passed    0.19 sec
          Start 1804: SpeciesDiffusionValidation.Grid20MatchesAnalyticalSlabProfile
 819/1909 Test #1350: CaseSessionTest.RunWithoutADirectoryFails ................................................................   Passed    0.20 sec
          Start 1378: ProbeScalarTest.ReturnsTheNearestCellsValue
 820/1909 Test #1389: SampleVectorFieldTest.MismatchedSizeThrows ...............................................................   Passed    0.19 sec
          Start 1826: SinglePhaseEquivalenceTest.AlphaOneReducesToPurePhase1MomentumAssemblyExactly
 821/1909 Test #1381: SampleLineTest.RejectsTooFewSamples ......................................................................   Passed    0.20 sec
          Start 1365: MarchingSquaresTest.RepeatedCallsAreDeterministic
 822/1909 Test #1340: CaseSessionTest.NewCaseMovesToLoadedWithNoDirectory ......................................................   Passed    0.19 sec
          Start 1380: SampleLineTest.HorizontalLineTracksTheXCoordinateField
 823/1909 Test #1379: ProbeScalarTest.MismatchedFieldSizeThrows ................................................................   Passed    0.19 sec
          Start 1375: Vorticity2DTest.UniformFlowHasZeroVorticity
 824/1909 Test #1368: AutomaticContourLevelsTest.ProducesEvenlySpacedInteriorLevels ............................................   Passed    0.20 sec
          Start 1388: SampleVectorFieldTest.RejectsZeroStride
 825/1909 Test #1232: SpeciesSolverTest.ConvergesAndMatchesAnalytical1DDiffusionProfile ........................................   Passed    0.20 sec
          Start 1342: CaseSessionTest.OpenMissingDirectoryLeavesStateUnchangedAndSetsError
 826/1909 Test  #647: CaseWriterTest.ThermalTurbulenceBuoyancyRoundTrip ........................................................   Passed    0.21 sec
          Start 1825: PhaseConservationTest.OpenChannelAccumulationMatchesNetInflowMinusOutflow
 827/1909 Test #1366: MarchingSquaresTest.RejectsGridTooSmall ..................................................................   Passed    0.21 sec
          Start  642: CaseWriterTest.BasicCaseRoundTripsExactly
 828/1909 Test #1360: MarchingSquaresTest.LinearFieldPhiEqualsXProducesAVerticalLineAtTheLevel .................................   Passed    0.20 sec
          Start 1306: CompressibleMassFluxTest.UniformDensityMatchesIncompressibleMassFluxExactly
 829/1909 Test #1376: Vorticity2DTest.MismatchedSizeThrows .....................................................................   Passed    0.20 sec
          Start 1307: CompressibleMassFluxTest.InternalFaceUsesArithmeticMeanDensity
 830/1909 Test #1364: MarchingSquaresTest.NonFiniteCellsContributeNoSegments ...................................................   Passed    0.20 sec
          Start 1328: CompressibleMomentumComponentTest.ConstantDensityReproducesTransientMomentumExactly
 831/1909 Test #1377: NearestCellTest.FindsTheCellWhoseCentroidIsClosest .......................................................   Passed    0.19 sec
          Start 1284: IdealGasEOSTest.RejectsNonPositivePressureOrTemperature
 832/1909 Test #1373: VelocityMagnitudeTest.MatchesPythagoreanFormula ..........................................................   Passed    0.19 sec
          Start 1298: ThermodynamicPropertiesTest.SpeedOfSoundIsPositiveFiniteAndIncreasesWithSqrtT
 833/1909 Test #1804: SpeciesDiffusionValidation.Grid20MatchesAnalyticalSlabProfile ............................................   Passed    0.18 sec
          Start 1323: CompressibleContinuityTest.RejectsNonPositiveOrNonFiniteDt
 834/1909 Test #1378: ProbeScalarTest.ReturnsTheNearestCellsValue ..............................................................   Passed    0.18 sec
          Start 1330: CompressibleMomentumComponentTest.NonUniformDensityChangesTheAssembledDiagonal
 835/1909 Test #1826: SinglePhaseEquivalenceTest.AlphaOneReducesToPurePhase1MomentumAssemblyExactly ............................   Passed    0.17 sec
          Start 1302: EvaluateDensityFieldTest.EvaluatesEveryCellFromItsOwnPressureAndTemperature
 836/1909 Test #1365: MarchingSquaresTest.RepeatedCallsAreDeterministic ........................................................   Passed    0.17 sec
          Start 1305: EvaluateDensityFieldTest.InvalidCellStateThrowsNamingTheCell
 837/1909 Test #1380: SampleLineTest.HorizontalLineTracksTheXCoordinateField ...................................................   Passed    0.16 sec
          Start  248: SparseMatrixTest.RepeatedMultiplyIsBitIdenticalRegardlessOfOpenMPThreadCount
 838/1909 Test #1375: Vorticity2DTest.UniformFlowHasZeroVorticity ..............................................................   Passed    0.15 sec
          Start 1287: IdealGasEOSTest.RejectsNonFiniteGasConstant
 839/1909 Test #1388: SampleVectorFieldTest.RejectsZeroStride ..................................................................   Passed    0.15 sec
          Start 1295: ThermodynamicPropertiesTest.RejectsNonFiniteCp
 840/1909 Test #1342: CaseSessionTest.OpenMissingDirectoryLeavesStateUnchangedAndSetsError .....................................   Passed    0.14 sec
          Start 1299: ThermodynamicPropertiesTest.SpeedOfSoundRejectsNonPositiveTemperature
 841/1909 Test #1825: PhaseConservationTest.OpenChannelAccumulationMatchesNetInflowMinusOutflow ................................   Passed    0.13 sec
          Start 1315: CompressibleMassFluxTest.MismatchedDensitySizeThrows
 842/1909 Test  #642: CaseWriterTest.BasicCaseRoundTripsExactly ................................................................   Passed    0.13 sec
          Start  249: SparseMatrixBuilderTest.ReserveDoesNotChangeTheAssembledMatrix
 843/1909 Test #1306: CompressibleMassFluxTest.UniformDensityMatchesIncompressibleMassFluxExactly ..............................   Passed    0.13 sec
          Start 1327: CompressibleMomentumTimeDerivativeTest.RejectsNonPositiveDt
 844/1909 Test #1307: CompressibleMassFluxTest.InternalFaceUsesArithmeticMeanDensity ...........................................   Passed    0.13 sec
          Start 1296: ThermodynamicPropertiesTest.DensityDelegatesToTheEquationOfState
 845/1909 Test #1328: CompressibleMomentumComponentTest.ConstantDensityReproducesTransientMomentumExactly ......................   Passed    0.12 sec
          Start 1332: ProjectRunnerTest.MissingCaseDirectoryReportsInvalidCase
 846/1909 Test #1284: IdealGasEOSTest.RejectsNonPositivePressureOrTemperature ..................................................   Passed    0.12 sec
          Start    8: CFDAppCli_does_not_converge
 847/1909 Test #1298: ThermodynamicPropertiesTest.SpeedOfSoundIsPositiveFiniteAndIncreasesWithSqrtT ............................   Passed    0.11 sec
          Start 1301: MachNumberTest.RejectsNonPositiveSpeedOfSound
 848/1909 Test #1323: CompressibleContinuityTest.RejectsNonPositiveOrNonFiniteDt ...............................................   Passed    0.12 sec
          Start 1319: CompressibleContinuityTest.SteadyStateWithBalancedFluxGivesZeroImbalance
 849/1909 Test #1330: CompressibleMomentumComponentTest.NonUniformDensityChangesTheAssembledDiagonal ...........................   Passed    0.12 sec
          Start 1283: IdealGasEOSTest.DoublingTemperatureAtFixedPressureHalvesDensity
 850/1909 Test #1302: EvaluateDensityFieldTest.EvaluatesEveryCellFromItsOwnPressureAndTemperature ..............................   Passed    0.12 sec
          Start 1291: IdealGasEOSTest.DDensityDTemperatureIsNegative
 851/1909 Test #1305: EvaluateDensityFieldTest.InvalidCellStateThrowsNamingTheCell .............................................   Passed    0.13 sec
          Start 1303: EvaluateDensityFieldTest.UniformStateGivesUniformDensity
 852/1909 Test  #248: SparseMatrixTest.RepeatedMultiplyIsBitIdenticalRegardlessOfOpenMPThreadCount .............................   Passed    0.13 sec
          Start 1289: IdealGasEOSTest.DDensityDPressureIsIndependentOfPressure
 853/1909 Test #1287: IdealGasEOSTest.RejectsNonFiniteGasConstant ..............................................................   Passed    0.13 sec
          Start 1318: CompressibleContinuityTest.TimeOnlyImbalanceWithZeroFlux
 854/1909 Test #1295: ThermodynamicPropertiesTest.RejectsNonFiniteCp ...........................................................   Passed    0.14 sec
          Start 1281: IdealGasEOSTest.MatchesKnownStandardAtmosphereState
 855/1909 Test #1299: ThermodynamicPropertiesTest.SpeedOfSoundRejectsNonPositiveTemperature ....................................   Passed    0.15 sec
          Start 1263: VolumeFractionTransportEquationTest.ZeroVelocityPreservesAlphaExactly
 856/1909 Test #1315: CompressibleMassFluxTest.MismatchedDensitySizeThrows .....................................................   Passed    0.15 sec
          Start 1321: CompressibleContinuityTest.MismatchedDensityOldSizeThrows
 857/1909 Test  #249: SparseMatrixBuilderTest.ReserveDoesNotChangeTheAssembledMatrix ...........................................   Passed    0.15 sec
          Start 1314: CompressibleMassFluxTest.MismatchedVelocitySizeThrows
 858/1909 Test #1327: CompressibleMomentumTimeDerivativeTest.RejectsNonPositiveDt ..............................................   Passed    0.15 sec
          Start 1822: AlphaAdvectionValidation.GridRefinementReducesInterfaceSmearing
 859/1909 Test #1296: ThermodynamicPropertiesTest.DensityDelegatesToTheEquationOfState .........................................   Passed    0.15 sec
          Start 1326: CompressibleMomentumTimeDerivativeTest.MismatchedSizeThrows
 860/1909 Test #1332: ProjectRunnerTest.MissingCaseDirectoryReportsInvalidCase .................................................   Passed    0.15 sec
          Start 1820: UniformAlphaPreservationTest.ZeroVelocityPreservesANonUniformFieldOverManySteps
 861/1909 Test    #8: CFDAppCli_does_not_converge ..............................................................................   Passed    0.15 sec
          Start 1246: PhasePropertiesTest.RejectsNonFiniteDensityOrViscosity
 862/1909 Test #1301: MachNumberTest.RejectsNonPositiveSpeedOfSound ............................................................   Passed    0.14 sec
          Start 1242: PhasePropertiesTest.StoresNameDensityAndViscosity
 863/1909 Test #1319: CompressibleContinuityTest.SteadyStateWithBalancedFluxGivesZeroImbalance .................................   Passed    0.15 sec
          Start 1265: VolumeFractionTransportEquationTest.MismatchedAlphaOldSizeThrows
 864/1909 Test #1283: IdealGasEOSTest.DoublingTemperatureAtFixedPressureHalvesDensity ..........................................   Passed    0.14 sec
          Start 1252: TwoPhaseSystemTest.RejectsNonFiniteAlpha
 865/1909 Test #1291: IdealGasEOSTest.DDensityDTemperatureIsNegative ...........................................................   Passed    0.14 sec
          Start 1272: VolumeFractionSolverTest.ZeroVelocityPreservesAlphaThroughAnActualSolve
 866/1909 Test #1303: EvaluateDensityFieldTest.UniformStateGivesUniformDensity .................................................   Passed    0.14 sec
          Start 1279: VolumeFractionSolverTest.LinearSolveFailureWhenInnerSolverIsStarved
 867/1909 Test #1289: IdealGasEOSTest.DDensityDPressureIsIndependentOfPressure .................................................   Passed    0.14 sec
          Start 1286: IdealGasEOSTest.RejectsNonPositiveGasConstant
 868/1909 Test #1318: CompressibleContinuityTest.TimeOnlyImbalanceWithZeroFlux .................................................   Passed    0.13 sec
          Start 1320: CompressibleContinuityTest.CombinedTimeAndFluxHandDerived
 869/1909 Test #1281: IdealGasEOSTest.MatchesKnownStandardAtmosphereState ......................................................   Passed    0.12 sec
          Start 1209: SpeciesPropertiesTest.RejectsNonFiniteDiffusivity
 870/1909 Test #1263: VolumeFractionTransportEquationTest.ZeroVelocityPreservesAlphaExactly ....................................   Passed    0.12 sec
          Start 1293: ThermodynamicPropertiesTest.DerivesCvAndGammaFromRAndCp
 871/1909 Test #1321: CompressibleContinuityTest.MismatchedDensityOldSizeThrows ................................................   Passed    0.12 sec
          Start 1206: SpeciesPropertiesTest.AllowsZeroDiffusivityForPureAdvection
 872/1909 Test #1314: CompressibleMassFluxTest.MismatchedVelocitySizeThrows ....................................................   Passed    0.12 sec
          Start 1222: SpeciesEquationAssemblyTest.CombinedAssemblyUsesDensityTimesDiffusivityAsCoefficient
 873/1909 Test #1822: AlphaAdvectionValidation.GridRefinementReducesInterfaceSmearing ..........................................   Passed    0.13 sec
          Start 1259: VolumeFractionConvectionTest.BoundaryInflowUsesBoundaryValueOnRhs
 874/1909 Test #1326: CompressibleMomentumTimeDerivativeTest.MismatchedSizeThrows ..............................................   Passed    0.14 sec
          Start 1275: VolumeFractionSolverTest.InvalidConfigurationForMismatchedMassFluxSize
 875/1909 Test #1820: UniformAlphaPreservationTest.ZeroVelocityPreservesANonUniformFieldOverManySteps ..........................   Passed    0.14 sec
          Start 1278: VolumeFractionSolverTest.NonFiniteStateForNonFiniteMassFlux
 876/1909 Test #1246: PhasePropertiesTest.RejectsNonFiniteDensityOrViscosity ...................................................   Passed    0.15 sec
          Start 1270: PhaseVolumeTest.UniformAlphaGivesAlphaTimesDomainVolume
 877/1909 Test #1242: PhasePropertiesTest.StoresNameDensityAndViscosity ........................................................   Passed    0.14 sec
          Start 1255: EvaluateMixtureFieldTest.MinMaxBoundsMatchTheLinearLawsRange
 878/1909 Test #1265: VolumeFractionTransportEquationTest.MismatchedAlphaOldSizeThrows .........................................   Passed    0.14 sec
          Start 1228: SpeciesBoundaryConditionTest.FixedValueActsAsDirichletInflowSource
 879/1909 Test #1252: TwoPhaseSystemTest.RejectsNonFiniteAlpha .................................................................   Passed    0.14 sec
          Start 1215: SpeciesEquationDiffusionTest.MismatchedConcentrationSizeThrows
 880/1909 Test #1272: VolumeFractionSolverTest.ZeroVelocityPreservesAlphaThroughAnActualSolve ..................................   Passed    0.14 sec
          Start 1819: UniformAlphaPreservationTest.DivergenceFreeChannelFlowPreservesUniformAlphaOverManySteps
 881/1909 Test #1279: VolumeFractionSolverTest.LinearSolveFailureWhenInnerSolverIsStarved ......................................   Passed    0.14 sec
          Start 1269: PhaseVolumeTest.MatchesHandDerivedSum
 882/1909 Test #1286: IdealGasEOSTest.RejectsNonPositiveGasConstant ............................................................   Passed    0.14 sec
          Start 1264: VolumeFractionTransportEquationTest.TimeDerivativeCoefficientMatchesVolumeOverDt
 883/1909 Test #1320: CompressibleContinuityTest.CombinedTimeAndFluxHandDerived ................................................   Passed    0.14 sec
          Start 1221: SpeciesEquationSourceTest.RejectsNonFiniteSource
 884/1909 Test #1209: SpeciesPropertiesTest.RejectsNonFiniteDiffusivity ........................................................   Passed    0.15 sec
          Start 1271: PhaseVolumeTest.MismatchedAlphaSizeThrows
 885/1909 Test #1293: ThermodynamicPropertiesTest.DerivesCvAndGammaFromRAndCp ..................................................   Passed    0.16 sec
          Start 1231: ConcentrationBoundsTest.DoesNotModifyTheField
 886/1909 Test #1206: SpeciesPropertiesTest.AllowsZeroDiffusivityForPureAdvection ..............................................   Passed    0.17 sec
          Start 1018: EnergyEquationVariablePropertiesTest.ConvectionUsesUpwindCellsOwnSpecificHeat
 887/1909 Test #1222: SpeciesEquationAssemblyTest.CombinedAssemblyUsesDensityTimesDiffusivityAsCoefficient .....................   Passed    0.17 sec
          Start 1253: TwoPhaseSystemTest.DoesNotRejectOutOfRangeAlpha
 888/1909 Test #1259: VolumeFractionConvectionTest.BoundaryInflowUsesBoundaryValueOnRhs ........................................   Passed    0.17 sec
          Start 1257: VolumeFractionConvectionTest.PositiveInternalFluxSelectsOwnerNegativeSelectsNeighbor
 889/1909 Test #1275: VolumeFractionSolverTest.InvalidConfigurationForMismatchedMassFluxSize ...................................   Passed    0.16 sec
          Start 1267: VolumeFractionTransportEquationTest.RepeatedAssemblyIsDeterministic
 890/1909 Test #1278: VolumeFractionSolverTest.NonFiniteStateForNonFiniteMassFlux ..............................................   Passed    0.16 sec
          Start 1216: SpeciesEquationConvectionTest.PositiveInternalFluxSelectsOwnerNegativeSelectsNeighbor
 891/1909 Test #1270: PhaseVolumeTest.UniformAlphaGivesAlphaTimesDomainVolume ..................................................   Passed    0.16 sec
          Start 1280: VolumeFractionSolverTest.RepeatedStepIsDeterministic
 892/1909 Test #1255: EvaluateMixtureFieldTest.MinMaxBoundsMatchTheLinearLawsRange .............................................   Passed    0.16 sec
          Start 1244: PhasePropertiesTest.RejectsZeroOrNegativeDensity
 893/1909 Test #1228: SpeciesBoundaryConditionTest.FixedValueActsAsDirichletInflowSource .......................................   Passed    0.16 sec
          Start 1285: IdealGasEOSTest.RejectsNonFinitePressureOrTemperature
 894/1909 Test #1215: SpeciesEquationDiffusionTest.MismatchedConcentrationSizeThrows ...........................................   Passed    0.17 sec
          Start 1277: VolumeFractionSolverTest.NonFiniteStateForNonFiniteAlphaOld
 895/1909 Test #1819: UniformAlphaPreservationTest.DivergenceFreeChannelFlowPreservesUniformAlphaOverManySteps .................   Passed    0.17 sec
          Start 1274: VolumeFractionSolverTest.InvalidConfigurationForMismatchedAlphaSize
 896/1909 Test #1269: PhaseVolumeTest.MatchesHandDerivedSum ....................................................................   Passed    0.17 sec
          Start 1292: IdealGasEOSTest.PressureCorrectionGivesExpectedDensityCorrection
 897/1909 Test #1264: VolumeFractionTransportEquationTest.TimeDerivativeCoefficientMatchesVolumeOverDt .........................   Passed    0.17 sec
          Start 1276: VolumeFractionSolverTest.InvalidConfigurationForNonPositiveDt
 898/1909 Test #1221: SpeciesEquationSourceTest.RejectsNonFiniteSource .........................................................   Passed    0.17 sec
          Start 1205: SpeciesPropertiesTest.StoresNameAndDiffusivity
 899/1909 Test #1271: PhaseVolumeTest.MismatchedAlphaSizeThrows ................................................................   Passed    0.17 sec
          Start 1824: PhaseConservationTest.ClosedDomainConservesPhaseVolumeOverManySteps
 900/1909 Test #1231: ConcentrationBoundsTest.DoesNotModifyTheField ............................................................   Passed    0.17 sec
          Start 1256: EvaluateMixtureFieldTest.MismatchedAlphaSizeThrows
 901/1909 Test #1018: EnergyEquationVariablePropertiesTest.ConvectionUsesUpwindCellsOwnSpecificHeat ............................   Passed    0.16 sec
          Start    6: CFDAppCli_bad_solver
 902/1909 Test #1253: TwoPhaseSystemTest.DoesNotRejectOutOfRangeAlpha ..........................................................   Passed    0.16 sec
          Start 1212: SpeciesEquationDiffusionTest.InternalFaceCoefficientsAreSymmetric
 903/1909 Test #1257: VolumeFractionConvectionTest.PositiveInternalFluxSelectsOwnerNegativeSelectsNeighbor .....................   Passed    0.15 sec
          Start 1823: PhaseConservationTest.ClosedDomainConservesPhaseVolumeWithCirculatingInternalFlux
 904/1909 Test #1267: VolumeFractionTransportEquationTest.RepeatedAssemblyIsDeterministic ......................................   Passed    0.15 sec
          Start  610: EvaluatePropertyFieldTest.AllowsNonPositiveResultWhenNotRequired
 905/1909 Test #1216: SpeciesEquationConvectionTest.PositiveInternalFluxSelectsOwnerNegativeSelectsNeighbor ....................   Passed    0.15 sec
          Start  601: TabulatedPropertyTest.ClampsAboveRangeToTheLastValue
 906/1909 Test #1280: VolumeFractionSolverTest.RepeatedStepIsDeterministic .....................................................   Passed    0.15 sec
          Start  605: TabulatedPropertyTest.RejectsNonIncreasingTemperatures
 907/1909 Test #1244: PhasePropertiesTest.RejectsZeroOrNegativeDensity .........................................................   Passed    0.15 sec
          Start 1329: CompressibleMomentumComponentTest.MismatchedVelocitySizeThrows
 908/1909 Test #1285: IdealGasEOSTest.RejectsNonFinitePressureOrTemperature ....................................................   Passed    0.15 sec
          Start 1248: TwoPhaseSystemTest.StoresBothPhases
 909/1909 Test #1277: VolumeFractionSolverTest.NonFiniteStateForNonFiniteAlphaOld ..............................................   Passed    0.14 sec
          Start 1251: TwoPhaseSystemTest.DeterministicRepeatedEvaluation
 910/1909 Test #1274: VolumeFractionSolverTest.InvalidConfigurationForMismatchedAlphaSize ......................................   Passed    0.14 sec
          Start  595: LinearPropertyTest.RejectsNonFiniteConstructorArguments
 911/1909 Test #1292: IdealGasEOSTest.PressureCorrectionGivesExpectedDensityCorrection .........................................   Passed    0.13 sec
          Start 1254: EvaluateMixtureFieldTest.EvaluatesEveryCellFromItsOwnAlpha
 912/1909 Test #1276: VolumeFractionSolverTest.InvalidConfigurationForNonPositiveDt ............................................   Passed    0.14 sec
          Start 1021: EnergyEquationVariablePropertiesTest.CombinerUniformFieldsMatchScalarThermalProperties
 913/1909 Test #1205: SpeciesPropertiesTest.StoresNameAndDiffusivity ...........................................................   Passed    0.14 sec
          Start 1250: TwoPhaseSystemTest.MixtureViscosityAtCanonicalAlphaValues
 914/1909 Test #1824: PhaseConservationTest.ClosedDomainConservesPhaseVolumeOverManySteps ......................................   Passed    0.14 sec
          Start 1294: ThermodynamicPropertiesTest.RejectsCpNotGreaterThanR
 915/1909 Test #1256: EvaluateMixtureFieldTest.MismatchedAlphaSizeThrows .......................................................   Passed    0.14 sec
          Start 1243: PhasePropertiesTest.RejectsEmptyName
 916/1909 Test    #6: CFDAppCli_bad_solver .....................................................................................   Passed    0.14 sec
          Start 1247: PhasePropertiesTest.TwoPhasesKeepIndependentIdentity
 917/1909 Test #1212: SpeciesEquationDiffusionTest.InternalFaceCoefficientsAreSymmetric ........................................   Passed    0.14 sec
          Start 1300: MachNumberTest.MatchesSpeedOverSoundSpeed
 918/1909 Test #1823: PhaseConservationTest.ClosedDomainConservesPhaseVolumeWithCirculatingInternalFlux ........................   Passed    0.13 sec
          Start 1273: VolumeFractionSolverTest.ConvergesForASimpleUniformInletFlow
 919/1909 Test  #610: EvaluatePropertyFieldTest.AllowsNonPositiveResultWhenNotRequired .........................................   Passed    0.14 sec
          Start  594: LinearPropertyTest.MatchesHandWorkedValuesAboveAndBelowReference
 920/1909 Test  #601: TabulatedPropertyTest.ClampsAboveRangeToTheLastValue .....................................................   Passed    0.14 sec
          Start 1325: CompressibleMomentumTimeDerivativeTest.ConstantDensityMatchesIncompressibleFormula
 921/1909 Test  #605: TabulatedPropertyTest.RejectsNonIncreasingTemperatures ...................................................   Passed    0.14 sec
          Start 1322: CompressibleContinuityTest.MismatchedMassFluxSizeThrows
 922/1909 Test #1329: CompressibleMomentumComponentTest.MismatchedVelocitySizeThrows ...........................................   Passed    0.14 sec
          Start 1249: TwoPhaseSystemTest.MixtureDensityAtCanonicalAlphaValues
 923/1909 Test #1248: TwoPhaseSystemTest.StoresBothPhases ......................................................................   Passed    0.14 sec
          Start 1214: SpeciesEquationDiffusionTest.ZeroDiffusionCoefficientGivesZeroDiffusiveContribution
 924/1909 Test #1251: TwoPhaseSystemTest.DeterministicRepeatedEvaluation .......................................................   Passed    0.14 sec
          Start 1208: SpeciesPropertiesTest.RejectsNegativeDiffusivity
 925/1909 Test  #595: LinearPropertyTest.RejectsNonFiniteConstructorArguments ..................................................   Passed    0.14 sec
          Start 1304: EvaluateDensityFieldTest.MismatchedSizeThrows
 926/1909 Test #1254: EvaluateMixtureFieldTest.EvaluatesEveryCellFromItsOwnAlpha ...............................................   Passed    0.13 sec
          Start 1217: SpeciesEquationConvectionTest.BoundaryOutflowUsesOwnerUnknownNotBoundaryValue
 927/1909 Test #1021: EnergyEquationVariablePropertiesTest.CombinerUniformFieldsMatchScalarThermalProperties ...................   Passed    0.13 sec
          Start 1288: IdealGasEOSTest.DDensityDPressureMatchesAnalyticalFormula
 928/1909 Test #1250: TwoPhaseSystemTest.MixtureViscosityAtCanonicalAlphaValues ................................................   Passed    0.13 sec
          Start 1236: SpeciesSolverTest.LinearSolveFailureWhenInnerSolverIsStarved
 929/1909 Test #1294: ThermodynamicPropertiesTest.RejectsCpNotGreaterThanR .....................................................   Passed    0.12 sec
          Start  608: EvaluatePropertyFieldTest.ConstantPropertyGivesAUniformField
 930/1909 Test #1243: PhasePropertiesTest.RejectsEmptyName .....................................................................   Passed    0.12 sec
          Start 1224: SpeciesEquationAssemblyTest.MismatchedConcentrationSizeThrows
 931/1909 Test #1247: PhasePropertiesTest.TwoPhasesKeepIndependentIdentity .....................................................   Passed    0.12 sec
          Start 1266: VolumeFractionTransportEquationTest.RejectsNonPositiveOrNonFiniteDt
 932/1909 Test #1300: MachNumberTest.MatchesSpeedOverSoundSpeed ................................................................   Passed    0.12 sec
          Start 1282: IdealGasEOSTest.DoublingPressureAtFixedTemperatureDoublesDensity
 933/1909 Test #1273: VolumeFractionSolverTest.ConvergesForASimpleUniformInletFlow .............................................   Passed    0.13 sec
          Start 1261: VolumeFractionConvectionTest.MismatchedAlphaSizeThrows
 934/1909 Test  #594: LinearPropertyTest.MatchesHandWorkedValuesAboveAndBelowReference .........................................   Passed    0.13 sec
          Start 1211: SpeciesEquationDiffusionTest.TwoCellSystemMatchesHandDerivedCoefficients
 935/1909 Test #1325: CompressibleMomentumTimeDerivativeTest.ConstantDensityMatchesIncompressibleFormula .......................   Passed    0.13 sec
          Start 1245: PhasePropertiesTest.RejectsZeroOrNegativeViscosity
 936/1909 Test #1322: CompressibleContinuityTest.MismatchedMassFluxSizeThrows ..................................................   Passed    0.14 sec
          Start  602: TabulatedPropertyTest.ReportsTableRange
 937/1909 Test #1249: TwoPhaseSystemTest.MixtureDensityAtCanonicalAlphaValues ..................................................   Passed    0.14 sec
          Start 1237: SpeciesSolverTest.InvalidConfigurationForZeroOuterMaxIterations
 938/1909 Test #1214: SpeciesEquationDiffusionTest.ZeroDiffusionCoefficientGivesZeroDiffusiveContribution ......................   Passed    0.14 sec
          Start 1233: SpeciesSolverTest.InvalidConfigurationForMismatchedConcentrationSize
 939/1909 Test #1208: SpeciesPropertiesTest.RejectsNegativeDiffusivity .........................................................   Passed    0.14 sec
          Start 1038: ThermalSolverVariablePropertiesTest.NonFiniteStateWhenPropertyModelPredictsNonPositiveValue
 940/1909 Test #1304: EvaluateDensityFieldTest.MismatchedSizeThrows ............................................................   Passed    0.14 sec
          Start 1207: SpeciesPropertiesTest.RejectsEmptyName
 941/1909 Test #1217: SpeciesEquationConvectionTest.BoundaryOutflowUsesOwnerUnknownNotBoundaryValue ............................   Passed    0.14 sec
          Start 1220: SpeciesEquationSourceTest.AddsSTimesVolumeExactly
 942/1909 Test #1288: IdealGasEOSTest.DDensityDPressureMatchesAnalyticalFormula ................................................   Passed    0.14 sec
          Start 1297: ThermodynamicPropertiesTest.SpeedOfSoundMatchesAnalyticalFormula
 943/1909 Test #1236: SpeciesSolverTest.LinearSolveFailureWhenInnerSolverIsStarved .............................................   Passed    0.14 sec
          Start 1213: SpeciesEquationDiffusionTest.ConstantConcentrationGivesZeroContributionEverywhere
 944/1909 Test  #608: EvaluatePropertyFieldTest.ConstantPropertyGivesAUniformField .............................................   Passed    0.14 sec
          Start  611: EvaluatePropertyFieldTest.MismatchedTemperatureSizeThrows
 945/1909 Test #1224: SpeciesEquationAssemblyTest.MismatchedConcentrationSizeThrows ............................................   Passed    0.14 sec
          Start 1290: IdealGasEOSTest.DDensityDTemperatureMatchesAnalyticalFormula
 946/1909 Test #1266: VolumeFractionTransportEquationTest.RejectsNonPositiveOrNonFiniteDt ......................................   Passed    0.14 sec
          Start  599: TabulatedPropertyTest.InterpolatesWithinAnArbitraryBracket
 947/1909 Test #1282: IdealGasEOSTest.DoublingPressureAtFixedTemperatureDoublesDensity .........................................   Passed    0.13 sec
          Start  724: BoussinesqCaseTest.RejectsBuoyancyWithoutThermal
 948/1909 Test #1261: VolumeFractionConvectionTest.MismatchedAlphaSizeThrows ...................................................   Passed    0.13 sec
          Start 1258: VolumeFractionConvectionTest.BoundaryOutflowUsesOwnerUnknownNotBoundaryValue
 949/1909 Test #1211: SpeciesEquationDiffusionTest.TwoCellSystemMatchesHandDerivedCoefficients .................................   Passed    0.13 sec
          Start  593: LinearPropertyTest.MatchesReferenceValueAtReferenceTemperature
 950/1909 Test #1245: PhasePropertiesTest.RejectsZeroOrNegativeViscosity .......................................................   Passed    0.14 sec
          Start  614: MomentumVariableViscosityTest.InternalFaceMatchesHandDerivedLinearMuValue
 951/1909 Test  #602: TabulatedPropertyTest.ReportsTableRange ..................................................................   Passed    0.13 sec
          Start 1324: CompressibleMomentumTimeDerivativeTest.HandDerivedDiagonalAndSource
 952/1909 Test #1237: SpeciesSolverTest.InvalidConfigurationForZeroOuterMaxIterations ..........................................   Passed    0.14 sec
          Start  598: TabulatedPropertyTest.MidpointInterpolationMatchesHandWorkedValue
 953/1909 Test #1233: SpeciesSolverTest.InvalidConfigurationForMismatchedConcentrationSize .....................................   Passed    0.14 sec
          Start 1227: SpeciesEquationAssemblyTest.RepeatedAssemblyIsDeterministic
 954/1909 Test #1038: ThermalSolverVariablePropertiesTest.NonFiniteStateWhenPropertyModelPredictsNonPositiveValue ..............   Passed    0.14 sec
          Start 1014: EnergyEquationVariablePropertiesTest.DiffusionBoundaryFaceUsesOwnerConductivityDirectly
 955/1909 Test #1207: SpeciesPropertiesTest.RejectsEmptyName ...................................................................   Passed    0.15 sec
          Start  589: BoussinesqBuoyancyTest.MismatchedTemperatureSizeThrows
 956/1909 Test #1220: SpeciesEquationSourceTest.AddsSTimesVolumeExactly ........................................................   Passed    0.15 sec
          Start 1024: EnergyEquationVariablePropertiesTest.CombinerRepeatedAssemblyIsDeterministic
 957/1909 Test #1297: ThermodynamicPropertiesTest.SpeedOfSoundMatchesAnalyticalFormula .........................................   Passed    0.17 sec
          Start 1229: SpeciesBoundaryConditionTest.ZeroGradientGivesNoDiffusiveFluxThroughAnImpermeableWall
 958/1909 Test #1213: SpeciesEquationDiffusionTest.ConstantConcentrationGivesZeroContributionEverywhere ........................   Passed    0.17 sec
          Start 1268: AlphaBoundsTest.ReportsMinAndMax
 959/1909 Test  #611: EvaluatePropertyFieldTest.MismatchedTemperatureSizeThrows ................................................   Passed    0.17 sec
          Start  616: MomentumVariableViscosityTest.StrongTemperatureContrastIncreasesLocalDiffusionAsymmetrically
 960/1909 Test #1290: IdealGasEOSTest.DDensityDTemperatureMatchesAnalyticalFormula .............................................   Passed    0.17 sec
          Start  721: BoussinesqCaseTest.ParsesBuoyancyConfigWhenEnabled
 961/1909 Test  #599: TabulatedPropertyTest.InterpolatesWithinAnArbitraryBracket ...............................................   Passed    0.18 sec
          Start 1016: EnergyEquationVariablePropertiesTest.DiffusionMismatchedConductivityFieldSizeThrows
 962/1909 Test  #724: BoussinesqCaseTest.RejectsBuoyancyWithoutThermal .........................................................   Passed    0.19 sec
          Start 1260: VolumeFractionConvectionTest.ConstantAlphaWithDivergenceFreeFluxGivesZeroNetContribution
 963/1909 Test #1258: VolumeFractionConvectionTest.BoundaryOutflowUsesOwnerUnknownNotBoundaryValue .............................   Passed    0.19 sec
          Start 1262: VolumeFractionConvectionTest.MismatchedMassFluxSizeThrows
 964/1909 Test  #593: LinearPropertyTest.MatchesReferenceValueAtReferenceTemperature ...........................................   Passed    0.19 sec
          Start 1238: SpeciesSolverTest.NonFiniteStateForNonFiniteInitialConcentration
 965/1909 Test  #614: MomentumVariableViscosityTest.InternalFaceMatchesHandDerivedLinearMuValue ................................   Passed    0.20 sec
          Start 1235: SpeciesSolverTest.MaxIterationsWhenOuterBudgetTooSmall
 966/1909 Test #1324: CompressibleMomentumTimeDerivativeTest.HandDerivedDiagonalAndSource ......................................   Passed    0.19 sec
          Start  729: BoussinesqCaseTest.RejectsUnknownKey
 967/1909 Test  #598: TabulatedPropertyTest.MidpointInterpolationMatchesHandWorkedValue ........................................   Passed    0.19 sec
          Start 1037: ThermalSolverVariablePropertiesTest.InvalidConfigurationForMismatchedTemperatureSize
 968/1909 Test #1227: SpeciesEquationAssemblyTest.RepeatedAssemblyIsDeterministic ..............................................   Passed    0.18 sec
          Start 1828: SinglePhaseEquivalenceTest.EqualPhasePropertiesDecoupleMomentumFromAlpha
 969/1909 Test #1014: EnergyEquationVariablePropertiesTest.DiffusionBoundaryFaceUsesOwnerConductivityDirectly ..................   Passed    0.19 sec
          Start  609: EvaluatePropertyFieldTest.RejectsNonPositiveResultWhenRequired
 970/1909 Test  #589: BoussinesqBuoyancyTest.MismatchedTemperatureSizeThrows ...................................................   Passed    0.18 sec
          Start  603: TabulatedPropertyTest.RejectsFewerThanTwoPoints
 971/1909 Test #1024: EnergyEquationVariablePropertiesTest.CombinerRepeatedAssemblyIsDeterministic .............................   Passed    0.17 sec
          Start 1226: SpeciesEquationAssemblyTest.NonFiniteConcentrationAtGradientBoundaryThrowsNumericalError
 972/1909 Test #1229: SpeciesBoundaryConditionTest.ZeroGradientGivesNoDiffusiveFluxThroughAnImpermeableWall ....................   Passed    0.16 sec
          Start 1225: SpeciesEquationAssemblyTest.MismatchedMassFluxSizeThrows
 973/1909 Test #1268: AlphaBoundsTest.ReportsMinAndMax .........................................................................   Passed    0.16 sec
          Start 1023: EnergyEquationVariablePropertiesTest.CombinerMismatchedFieldSizeThrows
 974/1909 Test  #616: MomentumVariableViscosityTest.StrongTemperatureContrastIncreasesLocalDiffusionAsymmetrically .............   Passed    0.16 sec
          Start 1813: SpeciesConservationTest.ClosedZeroFluxDomainWithConvectionAlsoConservesForAnyField
 975/1909 Test  #721: BoussinesqCaseTest.ParsesBuoyancyConfigWhenEnabled .......................................................   Passed    0.16 sec
          Start  604: TabulatedPropertyTest.RejectsMismatchedLengths
 976/1909 Test #1016: EnergyEquationVariablePropertiesTest.DiffusionMismatchedConductivityFieldSizeThrows ......................   Passed    0.15 sec
          Start 1812: SpeciesConservationTest.ClosedZeroFluxDomainConservesSpeciesForAnyArbitraryField
 977/1909 Test #1260: VolumeFractionConvectionTest.ConstantAlphaWithDivergenceFreeFluxGivesZeroNetContribution .................   Passed    0.15 sec
          Start  590: ConstantPropertyTest.ReturnsTheSameValueForAnyTemperature
 978/1909 Test #1262: VolumeFractionConvectionTest.MismatchedMassFluxSizeThrows ................................................   Passed    0.15 sec
          Start  606: TabulatedPropertyTest.RejectsNonFiniteEntries
 979/1909 Test #1238: SpeciesSolverTest.NonFiniteStateForNonFiniteInitialConcentration .........................................   Passed    0.13 sec
          Start 1230: ConcentrationBoundsTest.ReportsMinAndMax
 980/1909 Test #1235: SpeciesSolverTest.MaxIterationsWhenOuterBudgetTooSmall ...................................................   Passed    0.14 sec
          Start 1218: SpeciesEquationConvectionTest.BoundaryInflowUsesBoundaryValueOnRhs
 981/1909 Test  #729: BoussinesqCaseTest.RejectsUnknownKey .....................................................................   Passed    0.14 sec
          Start  585: BoussinesqBuoyancyTest.HorizontalGravityProducesHorizontalSourceOnly
 982/1909 Test #1037: ThermalSolverVariablePropertiesTest.InvalidConfigurationForMismatchedTemperatureSize .....................   Passed    0.14 sec
          Start  577: BoussinesqBuoyancyTest.RejectsNonFiniteTemperature
 983/1909 Test #1828: SinglePhaseEquivalenceTest.EqualPhasePropertiesDecoupleMomentumFromAlpha .................................   Passed    0.14 sec
          Start  587: BoussinesqBuoyancyTest.DoublingCellVolumeDoublesIntegratedSource
 984/1909 Test  #609: EvaluatePropertyFieldTest.RejectsNonPositiveResultWhenRequired ...........................................   Passed    0.13 sec
          Start 1219: SpeciesEquationConvectionTest.ConstantConcentrationWithDivergenceFreeFluxGivesZeroNetContribution
 985/1909 Test  #603: TabulatedPropertyTest.RejectsFewerThanTwoPoints ..........................................................   Passed    0.14 sec
          Start 1234: SpeciesSolverTest.InvalidConfigurationForMismatchedMassFluxSize
 986/1909 Test #1226: SpeciesEquationAssemblyTest.NonFiniteConcentrationAtGradientBoundaryThrowsNumericalError .................   Passed    0.13 sec
          Start  581: BoussinesqBuoyancyTest.HotCellWithDownwardGravityDrivesFluidUpward
 987/1909 Test #1225: SpeciesEquationAssemblyTest.MismatchedMassFluxSizeThrows .................................................   Passed    0.13 sec
          Start 1210: SpeciesPropertiesTest.TwoIndependentSpeciesKeepSeparateIdentityAndDiffusivity
 988/1909 Test #1023: EnergyEquationVariablePropertiesTest.CombinerMismatchedFieldSizeThrows ...................................   Passed    0.13 sec
          Start 1827: SinglePhaseEquivalenceTest.AlphaZeroReducesToPurePhase2MomentumAssemblyExactly
 989/1909 Test #1813: SpeciesConservationTest.ClosedZeroFluxDomainWithConvectionAlsoConservesForAnyField .......................   Passed    0.13 sec
          Start  612: DensityPropertyDemonstrationTest.LinearDensityModelFeedsThermalDiffusivityPerCell
 990/1909 Test  #604: TabulatedPropertyTest.RejectsMismatchedLengths ...........................................................   Passed    0.13 sec
          Start  727: BoussinesqCaseTest.RejectsMissingReferenceTemperature
 991/1909 Test #1812: SpeciesConservationTest.ClosedZeroFluxDomainConservesSpeciesForAnyArbitraryField .........................   Passed    0.12 sec
          Start 1013: EnergyEquationVariablePropertiesTest.DiffusionInternalFaceMatchesHandDerivedValue
 992/1909 Test  #590: ConstantPropertyTest.ReturnsTheSameValueForAnyTemperature ................................................   Passed    0.12 sec
          Start 1223: SpeciesEquationAssemblyTest.ProducesCorrectDimensions
 993/1909 Test  #606: TabulatedPropertyTest.RejectsNonFiniteEntries ............................................................   Passed    0.13 sec
          Start 1022: EnergyEquationVariablePropertiesTest.CombinerProducesCorrectDimensionsAndIsFinite
 994/1909 Test #1230: ConcentrationBoundsTest.ReportsMinAndMax .................................................................   Passed    0.12 sec
          Start  596: LinearPropertyTest.AcceptsZeroSlopeAsAnEquivalentOfConstant
 995/1909 Test #1218: SpeciesEquationConvectionTest.BoundaryInflowUsesBoundaryValueOnRhs .......................................   Passed    0.12 sec
          Start 1685: BoussinesqCouplingTest.EqualWallTemperaturesGiveZeroVelocity
 996/1909 Test  #585: BoussinesqBuoyancyTest.HorizontalGravityProducesHorizontalSourceOnly .....................................   Passed    0.13 sec
          Start  600: TabulatedPropertyTest.ClampsBelowRangeToTheFirstValue
 997/1909 Test  #577: BoussinesqBuoyancyTest.RejectsNonFiniteTemperature .......................................................   Passed    0.13 sec
          Start  722: BoussinesqCaseTest.BuilderConstructsBoussinesqBuoyancyWithFluidDensity
 998/1909 Test  #587: BoussinesqBuoyancyTest.DoublingCellVolumeDoublesIntegratedSource .........................................   Passed    0.13 sec
          Start  580: BoussinesqBuoyancyTest.ZeroGravityGivesZeroSourceForAnyTemperature
 999/1909 Test #1219: SpeciesEquationConvectionTest.ConstantConcentrationWithDivergenceFreeFluxGivesZeroNetContribution ........   Passed    0.13 sec
          Start  591: ConstantPropertyTest.RejectsNonFiniteReferenceValue
1000/1909 Test #1234: SpeciesSolverTest.InvalidConfigurationForMismatchedMassFluxSize ..........................................   Passed    0.13 sec
          Start  284: SolverFailureTest.BiCGSTABFailsBeforeIteratingOnNanRhs
1001/1909 Test  #581: BoussinesqBuoyancyTest.HotCellWithDownwardGravityDrivesFluidUpward .......................................   Passed    0.14 sec
          Start  578: BoussinesqBuoyancyTest.ReferenceTemperatureGivesZeroSource
1002/1909 Test #1210: SpeciesPropertiesTest.TwoIndependentSpeciesKeepSeparateIdentityAndDiffusivity ............................   Passed    0.14 sec
          Start  720: BoussinesqCaseTest.ThermalWithoutBuoyancyHasNoBuoyancyConfig
1003/1909 Test #1827: SinglePhaseEquivalenceTest.AlphaZeroReducesToPurePhase2MomentumAssemblyExactly ...........................   Passed    0.15 sec
          Start 1122: KEpsilonModelTest.ConvergenceResidualIsNulloptBeforeFirstCorrect
1004/1909 Test  #612: DensityPropertyDemonstrationTest.LinearDensityModelFeedsThermalDiffusivityPerCell ........................   Passed    0.15 sec
          Start  730: BoussinesqCaseTest.RejectsNonFiniteGravityComponent
1005/1909 Test  #727: BoussinesqCaseTest.RejectsMissingReferenceTemperature ....................................................   Passed    0.15 sec
          Start 1019: EnergyEquationVariablePropertiesTest.ConvectionSwitchesToNeighborsSpecificHeatWhenItIsUpwind
1006/1909 Test #1013: EnergyEquationVariablePropertiesTest.DiffusionInternalFaceMatchesHandDerivedValue ........................   Passed    0.16 sec
          Start  728: BoussinesqCaseTest.RejectsMissingGravity
1007/1909 Test #1223: SpeciesEquationAssemblyTest.ProducesCorrectDimensions ....................................................   Passed    0.16 sec
          Start 1020: EnergyEquationVariablePropertiesTest.RejectsNonFiniteOrNonPositiveSpecificHeatField
1008/1909 Test #1022: EnergyEquationVariablePropertiesTest.CombinerProducesCorrectDimensionsAndIsFinite ........................   Passed    0.17 sec
          Start 1603: PisoTransientIntegrationTest.ShortenedFinalDtReachesEndTimeWithRealPiso
1009/1909 Test  #596: LinearPropertyTest.AcceptsZeroSlopeAsAnEquivalentOfConstant ..............................................   Passed    0.17 sec
          Start  586: BoussinesqBuoyancyTest.MomentumContributionScalesWithCellVolume
1010/1909 Test #1685: BoussinesqCouplingTest.EqualWallTemperaturesGiveZeroVelocity .............................................   Passed    0.16 sec
          Start  725: BoussinesqCaseTest.RejectsUnsupportedBuoyancyModel
1011/1909 Test  #600: TabulatedPropertyTest.ClampsBelowRangeToTheFirstValue ....................................................   Passed    0.15 sec
          Start 1785: RestartResumeTest.ResumedTransientSolverContinuesFromSnapshotStateAndTime
1012/1909 Test  #722: BoussinesqCaseTest.BuilderConstructsBoussinesqBuoyancyWithFluidDensity ...................................   Passed    0.16 sec
          Start  719: BoussinesqCaseTest.NoBuoyancyBlockHasNoBuoyancyConfig
1013/1909 Test  #580: BoussinesqBuoyancyTest.ZeroGravityGivesZeroSourceForAnyTemperature .......................................   Passed    0.15 sec
          Start    5: CFDAppCli_bad_boundary
1014/1909 Test  #591: ConstantPropertyTest.RejectsNonFiniteReferenceValue ......................................................   Passed    0.16 sec
          Start  583: BoussinesqBuoyancyTest.ReversingGravityReversesTheHotCellDirection
1015/1909 Test  #284: SolverFailureTest.BiCGSTABFailsBeforeIteratingOnNanRhs ...................................................   Passed    0.17 sec
          Start 1784: RestartIOTest.ReadRejectsMismatchedVelocityComponentArrayLengths
1016/1909 Test  #578: BoussinesqBuoyancyTest.ReferenceTemperatureGivesZeroSource ...............................................   Passed    0.16 sec
          Start  573: BoussinesqBuoyancyTest.RejectsNonPositiveReferenceDensity
1017/1909 Test  #720: BoussinesqCaseTest.ThermalWithoutBuoyancyHasNoBuoyancyConfig .............................................   Passed    0.17 sec
          Start  342: BoundaryConditionSetTest.RejectsDuplicateAssignment
1018/1909 Test #1122: KEpsilonModelTest.ConvergenceResidualIsNulloptBeforeFirstCorrect .........................................   Passed    0.17 sec
          Start  928: TransientSolverTest.CatchesNonFiniteStateEvenWhenStepperClaimsConverged
1019/1909 Test  #730: BoussinesqCaseTest.RejectsNonFiniteGravityComponent ......................................................   Passed    0.16 sec
          Start 1505: SIMPLEBuoyancyTest.RejectsBuoyancyWithoutTemperature
1020/1909 Test #1019: EnergyEquationVariablePropertiesTest.ConvectionSwitchesToNeighborsSpecificHeatWhenItIsUpwind .............   Passed    0.17 sec
          Start  106: MeshFingerprintTest.RepeatedCallOnSameMeshIsDeterministic
1021/1909 Test  #728: BoussinesqCaseTest.RejectsMissingGravity .................................................................   Passed    0.17 sec
          Start  251: LinearSystemTest.RejectsNonSquareMatrix
1022/1909 Test #1020: EnergyEquationVariablePropertiesTest.RejectsNonFiniteOrNonPositiveSpecificHeatField ......................   Passed    0.17 sec
          Start 1586: FinalCorrectionTest.RepeatedFullPipelineIsBitIdentical
1023/1909 Test #1603: PisoTransientIntegrationTest.ShortenedFinalDtReachesEndTimeWithRealPiso ..................................   Passed    0.17 sec
          Start 1569: SecondPressureCorrectionTest.FullFirstCorrectionGivesExactlyZeroSecondCorrection
1024/1909 Test  #586: BoussinesqBuoyancyTest.MomentumContributionScalesWithCellVolume ..........................................   Passed    0.17 sec
          Start 1096: TurbulenceProductionTest.HandDerivedShearProductionMatchesExactly
1025/1909 Test  #725: BoussinesqCaseTest.RejectsUnsupportedBuoyancyModel .......................................................   Passed    0.17 sec
          Start  345: BoundaryConditionSetTest.GetThrowsForUnassignedPatch
1026/1909 Test #1785: RestartResumeTest.ResumedTransientSolverContinuesFromSnapshotStateAndTime ................................   Passed    0.17 sec
          Start  638: CaseReaderTest.ManifestReferencingFileOutsideCaseDirectoryIsRejected
1027/1909 Test  #719: BoussinesqCaseTest.NoBuoyancyBlockHasNoBuoyancyConfig ....................................................   Passed    0.17 sec
          Start  592: ConstantPropertyTest.RejectsNonFiniteTemperatureQuery
1028/1909 Test  #583: BoussinesqBuoyancyTest.ReversingGravityReversesTheHotCellDirection .......................................   Passed    0.15 sec
          Start 1015: EnergyEquationVariablePropertiesTest.RejectsNonFiniteOrNonPositiveConductivityField
1029/1909 Test #1784: RestartIOTest.ReadRejectsMismatchedVelocityComponentArrayLengths .........................................   Passed    0.15 sec
          Start  597: TabulatedPropertyTest.RecoversExactTableNodes
1030/1909 Test  #573: BoussinesqBuoyancyTest.RejectsNonPositiveReferenceDensity ................................................   Passed    0.15 sec
          Start  247: SparseMatrixTest.RejectsNonFiniteValues
1031/1909 Test    #5: CFDAppCli_bad_boundary ...................................................................................   Passed    0.19 sec
          Start 1451: MomentumPredictorRelaxationTest.RejectsMismatchedRhsSize
1032/1909 Test  #342: BoundaryConditionSetTest.RejectsDuplicateAssignment ......................................................   Passed    0.15 sec
          Start  615: MomentumVariableViscosityTest.TabulatedMuGivesTheExpectedFaceValue
1033/1909 Test  #928: TransientSolverTest.CatchesNonFiniteStateEvenWhenStepperClaimsConverged ..................................   Passed    0.15 sec
          Start  272: BiCGSTABTest.ExactInitialGuessConvergesAtIterationZero
1034/1909 Test #1505: SIMPLEBuoyancyTest.RejectsBuoyancyWithoutTemperature .....................................................   Passed    0.16 sec
          Start  613: MomentumVariableViscosityTest.ConstantPropertyReproducesScalarOverloadExactly
1035/1909 Test  #106: MeshFingerprintTest.RepeatedCallOnSameMeshIsDeterministic ................................................   Passed    0.16 sec
          Start   28: CoreTimer.ElapsedTimeIsNonNegative
1036/1909 Test  #251: LinearSystemTest.RejectsNonSquareMatrix ..................................................................   Passed    0.16 sec
          Start 1012: EnergyEquationVariablePropertiesTest.DiffusionUniformFieldMatchesScalarOverloadExactly
1037/1909 Test #1586: FinalCorrectionTest.RepeatedFullPipelineIsBitIdentical ...................................................   Passed    0.15 sec
          Start  229: AlgebraVector.DotProduct
1038/1909 Test #1569: SecondPressureCorrectionTest.FullFirstCorrectionGivesExactlyZeroSecondCorrection .........................   Passed    0.17 sec
          Start  607: EvaluatePropertyFieldTest.EvaluatesEveryCellFromItsOwnTemperature
1039/1909 Test #1096: TurbulenceProductionTest.HandDerivedShearProductionMatchesExactly ........................................   Passed    0.16 sec
          Start 1017: EnergyEquationVariablePropertiesTest.ConvectionUniformFieldMatchesScalarOverloadExactly
1040/1909 Test  #345: BoundaryConditionSetTest.GetThrowsForUnassignedPatch .....................................................   Passed    0.16 sec
          Start  255: JacobiTest.RejectsZeroDiagonal
1041/1909 Test  #592: ConstantPropertyTest.RejectsNonFiniteTemperatureQuery ....................................................   Passed    0.15 sec
          Start 1030: ThermalSolverTest.InvalidConfigurationForInvalidLinearSolverSettings
1042/1909 Test  #638: CaseReaderTest.ManifestReferencingFileOutsideCaseDirectoryIsRejected .....................................   Passed    0.17 sec
          Start 1093: LaminarModelTest.EffectiveViscosityRejectsInvalidMolecularViscosity
1043/1909 Test #1015: EnergyEquationVariablePropertiesTest.RejectsNonFiniteOrNonPositiveConductivityField ......................   Passed    0.16 sec
          Start 1568: SecondPressureCorrectionTest.PartialFirstCorrectionGivesHandDerivedNonzeroSecondCorrection
1044/1909 Test  #597: TabulatedPropertyTest.RecoversExactTableNodes ............................................................   Passed    0.17 sec
          Start 1555: TransientPressureCorrectionTest.ResponseCoefficientReflectsTransientDiagonalExactly
1045/1909 Test  #247: SparseMatrixTest.RejectsNonFiniteValues ..................................................................   Passed    0.17 sec
          Start 1119: KEpsilonModelTest.TurbulentViscosityVanishesAsKVanishes
1046/1909 Test #1451: MomentumPredictorRelaxationTest.RejectsMismatchedRhsSize .................................................   Passed    0.16 sec
          Start  909: TimeControllerTest.StartingStepAtOrAboveMaxStepsIsImmediatelyFinished
1047/1909 Test  #615: MomentumVariableViscosityTest.TabulatedMuGivesTheExpectedFaceValue .......................................   Passed    0.16 sec
          Start  584: BoussinesqBuoyancyTest.SourceIsLinearInTemperatureDeviation
1048/1909 Test  #272: BiCGSTABTest.ExactInitialGuessConvergesAtIterationZero ...................................................   Passed    0.15 sec
          Start 1687: BoussinesqCouplingTest.ZeroBetaRecoversNonBuoyantAtRestSolution
1049/1909 Test  #613: MomentumVariableViscosityTest.ConstantPropertyReproducesScalarOverloadExactly ............................   Passed    0.15 sec
          Start 1079: ValidateTurbulentViscosityFieldTest.RejectsNonFiniteEntry
1050/1909 Test   #28: CoreTimer.ElapsedTimeIsNonNegative .......................................................................   Passed    0.15 sec
          Start  574: BoussinesqBuoyancyTest.RejectsNegativeBeta
1051/1909 Test #1012: EnergyEquationVariablePropertiesTest.DiffusionUniformFieldMatchesScalarOverloadExactly ...................   Passed    0.15 sec
          Start   15: CoreConstants.PiIsCorrect
1052/1909 Test  #229: AlgebraVector.DotProduct .................................................................................   Passed    0.14 sec
          Start  575: BoussinesqBuoyancyTest.AcceptsZeroBeta
1053/1909 Test  #607: EvaluatePropertyFieldTest.EvaluatesEveryCellFromItsOwnTemperature ........................................   Passed    0.14 sec
          Start  588: BoussinesqBuoyancyTest.UniformReferenceTemperatureGivesZeroMomentumContribution
1054/1909 Test #1017: EnergyEquationVariablePropertiesTest.ConvectionUniformFieldMatchesScalarOverloadExactly ..................   Passed    0.14 sec
          Start  572: BoussinesqBuoyancyTest.ConstructsWithValidParameters
1055/1909 Test  #255: JacobiTest.RejectsZeroDiagonal ...........................................................................   Passed    0.16 sec
          Start 1504: SIMPLEBuoyancyTest.RejectsTemperatureWithoutBuoyancy
1056/1909 Test #1030: ThermalSolverTest.InvalidConfigurationForInvalidLinearSolverSettings .....................................   Passed    0.16 sec
          Start  582: BoussinesqBuoyancyTest.ColdCellWithDownwardGravityDrivesFluidDownward
1057/1909 Test #1093: LaminarModelTest.EffectiveViscosityRejectsInvalidMolecularViscosity ......................................   Passed    0.16 sec
          Start 1506: SIMPLEBuoyancyTest.RejectsMismatchedTemperatureSize
1058/1909 Test #1568: SecondPressureCorrectionTest.PartialFirstCorrectionGivesHandDerivedNonzeroSecondCorrection ...............   Passed    0.15 sec
          Start  723: BoussinesqCaseTest.AcceptsZeroBeta
1059/1909 Test #1555: TransientPressureCorrectionTest.ResponseCoefficientReflectsTransientDiagonalExactly ......................   Passed    0.16 sec
          Start 1557: TransientPressureCorrectionTest.TwoCellProbeWithTransientDiagonalMatchesHandDerivation
1060/1909 Test #1119: KEpsilonModelTest.TurbulentViscosityVanishesAsKVanishes ..................................................   Passed    0.17 sec
          Start  726: BoussinesqCaseTest.RejectsNegativeBeta
1061/1909 Test  #909: TimeControllerTest.StartingStepAtOrAboveMaxStepsIsImmediatelyFinished ....................................   Passed    0.17 sec
          Start 1107: KEpsilonEquationTest.PureDiffusionConstantFieldGivesZeroResidual
1062/1909 Test  #584: BoussinesqBuoyancyTest.SourceIsLinearInTemperatureDeviation ..............................................   Passed    0.17 sec
          Start 1456: PressureCorrectionTest.BoundaryFacesGetZeroCoefficient
1063/1909 Test #1687: BoussinesqCouplingTest.ZeroBetaRecoversNonBuoyantAtRestSolution ..........................................   Passed    0.18 sec
          Start  622: CaseReaderTest.ValidCaseParsesIntoExpectedConfiguration
1064/1909 Test #1079: ValidateTurbulentViscosityFieldTest.RejectsNonFiniteEntry ................................................   Passed    0.17 sec
          Start    4: CFDAppCli_bad_physics
1065/1909 Test  #574: BoussinesqBuoyancyTest.RejectsNegativeBeta ...............................................................   Passed    0.17 sec
          Start  789: CSVWriterTest.WriteFieldsNonFiniteValueThrows
1066/1909 Test   #15: CoreConstants.PiIsCorrect ................................................................................   Passed    0.17 sec
          Start 1556: TransientPressureCorrectionTest.SmallerDeltaTGivesSmallerResponseCoefficientEverywhere
1067/1909 Test  #575: BoussinesqBuoyancyTest.AcceptsZeroBeta ...................................................................   Passed    0.16 sec
          Start  355: HeatFluxTest.ConductivityScalesTheGradientInversely
1068/1909 Test  #588: BoussinesqBuoyancyTest.UniformReferenceTemperatureGivesZeroMomentumContribution ..........................   Passed    0.16 sec
          Start 1453: PressureCorrectionTest.ReferenceRowIsExactIdentity
1069/1909 Test  #572: BoussinesqBuoyancyTest.ConstructsWithValidParameters .....................................................   Passed    0.16 sec
          Start  236: SparseMatrixTest.MatrixVectorMultiplicationKnownResult
1070/1909 Test #1504: SIMPLEBuoyancyTest.RejectsTemperatureWithoutBuoyancy .....................................................   Passed    0.16 sec
          Start 1194: TurbulenceModelFactoryTest.LaminarNameCreatesLaminarModelViaKEpsilonOverload
1071/1909 Test  #582: BoussinesqBuoyancyTest.ColdCellWithDownwardGravityDrivesFluidDownward ....................................   Passed    0.16 sec
          Start 1197: TurbulenceModelFactoryTest.LaminarNameCreatesLaminarModelViaKOmegaOverload
1072/1909 Test #1506: SIMPLEBuoyancyTest.RejectsMismatchedTemperatureSize ......................................................   Passed    0.16 sec
          Start  825: VTKWriterTest.ZCoordinateIsAlwaysZeroFor2DMesh
1073/1909 Test  #723: BoussinesqCaseTest.AcceptsZeroBeta .......................................................................   Passed    0.15 sec
          Start   62: MeshGeometry.OwnerNeighborDistanceMatchesCartesianSpacing
1074/1909 Test #1557: TransientPressureCorrectionTest.TwoCellProbeWithTransientDiagonalMatchesHandDerivation ...................   Passed    0.14 sec
          Start  640: CaseReaderTest.UnsupportedFormatVersionThrowsCaseConfigurationError
1075/1909 Test  #726: BoussinesqCaseTest.RejectsNegativeBeta ...................................................................   Passed    0.15 sec
          Start 1467: FluxCorrectionTest.InternalFaceCorrectionMatchesDCoefficientTimesPressureDifference
1076/1909 Test #1107: KEpsilonEquationTest.PureDiffusionConstantFieldGivesZeroResidual .........................................   Passed    0.15 sec
          Start  326: FixedGradientTest.RejectsInvalidDistance
1077/1909 Test #1456: PressureCorrectionTest.BoundaryFacesGetZeroCoefficient ...................................................   Passed    0.14 sec
          Start  576: BoussinesqBuoyancyTest.RejectsNonFiniteInputs
1078/1909 Test  #622: CaseReaderTest.ValidCaseParsesIntoExpectedConfiguration ..................................................   Passed    0.14 sec
          Start  660: CaseValidationTest.UnknownBoundaryPatchIsRejected
1079/1909 Test    #4: CFDAppCli_bad_physics ....................................................................................   Passed    0.14 sec
          Start 1077: ValidateTurbulentViscosityFieldTest.RejectsMismatchedSize
1080/1909 Test  #789: CSVWriterTest.WriteFieldsNonFiniteValueThrows ............................................................   Passed    0.14 sec
          Start  924: TransientSolverTest.FailedStepIsNotAcceptedAndStopsTheRun
1081/1909 Test #1556: TransientPressureCorrectionTest.SmallerDeltaTGivesSmallerResponseCoefficientEverywhere ...................   Passed    0.14 sec
          Start 1772: RestartIOTest.RepeatedWriteIsByteIdentical
1082/1909 Test  #355: HeatFluxTest.ConductivityScalesTheGradientInversely ......................................................   Passed    0.14 sec
          Start  579: BoussinesqBuoyancyTest.ZeroBetaGivesZeroSourceForAnyTemperature
1083/1909 Test #1453: PressureCorrectionTest.ReferenceRowIsExactIdentity .......................................................   Passed    0.15 sec
          Start 1821: AlphaAdvectionValidation.SlugTranslatesDownstreamWithApproximatelyCorrectDisplacement
1084/1909 Test  #236: SparseMatrixTest.MatrixVectorMultiplicationKnownResult ...................................................   Passed    0.15 sec
          Start   23: LoggerTest.DefaultableLevelRoundTrips
1085/1909 Test #1194: TurbulenceModelFactoryTest.LaminarNameCreatesLaminarModelViaKEpsilonOverload .............................   Passed    0.15 sec
          Start  784: CSVWriterTest.WriteFieldsRowCountAndCellOrderMatchMesh
1086/1909 Test #1197: TurbulenceModelFactoryTest.LaminarNameCreatesLaminarModelViaKOmegaOverload ...............................   Passed    0.15 sec
          Start 1543: TransientMomentumTermTest.DiagonalGetsTimeCoefficientAddedExactly
1087/1909 Test  #825: VTKWriterTest.ZCoordinateIsAlwaysZeroFor2DMesh ...........................................................   Passed    0.15 sec
          Start 1183: SSTModelTest.RejectsInvalidInitialK
1088/1909 Test   #62: MeshGeometry.OwnerNeighborDistanceMatchesCartesianSpacing ................................................   Passed    0.16 sec
          Start 1190: SSTModelTest.EffectiveViscosityEqualsMolecularPlusTurbulent
1089/1909 Test  #640: CaseReaderTest.UnsupportedFormatVersionThrowsCaseConfigurationError ......................................   Passed    0.16 sec
          Start 1176: SSTEquationTest.ProductionLimiterLimitedBranch
1090/1909 Test #1467: FluxCorrectionTest.InternalFaceCorrectionMatchesDCoefficientTimesPressureDifference ......................   Passed    0.15 sec
          Start  370: WallOmegaTest.ExposesKinematicViscosityAndBeta1
1091/1909 Test  #326: FixedGradientTest.RejectsInvalidDistance .................................................................   Passed    0.15 sec
          Start  632: CaseReaderTest.ExplicitInitialConditionsAreParsed
1092/1909 Test  #576: BoussinesqBuoyancyTest.RejectsNonFiniteInputs ............................................................   Passed    0.15 sec
          Start 1495: SIMPLESSTTest.WallDistanceFieldIsSane
1093/1909 Test  #660: CaseValidationTest.UnknownBoundaryPatchIsRejected ........................................................   Passed    0.15 sec
          Start  981: ThermalPropertiesTest.RejectsZeroSpecificHeat
1094/1909 Test #1077: ValidateTurbulentViscosityFieldTest.RejectsMismatchedSize ................................................   Passed    0.15 sec
          Start 1025: ThermalSolverTest.ConvergesAndMatchesAnalytical1DConductionProfile
1095/1909 Test  #924: TransientSolverTest.FailedStepIsNotAcceptedAndStopsTheRun ................................................   Passed    0.15 sec
          Start 1148: WallDistanceTest.EveryCellDistanceIsFiniteAndPositive
1096/1909 Test #1772: RestartIOTest.RepeatedWriteIsByteIdentical ...............................................................   Passed    0.16 sec
          Start 1161: SSTEquationTest.CrossDiffusionCoefficientClampsNegativeDotProduct
1097/1909 Test  #579: BoussinesqBuoyancyTest.ZeroBetaGivesZeroSourceForAnyTemperature ..........................................   Passed    0.16 sec
          Start  507: VectorGradientTest.LinearShearFieldIsExactEverywhere
1098/1909 Test #1821: AlphaAdvectionValidation.SlugTranslatesDownstreamWithApproximatelyCorrectDisplacement ....................   Passed    0.15 sec
          Start  420: DiffusionTest.QuadraticFieldWithGammaTwo
1099/1909 Test   #23: LoggerTest.DefaultableLevelRoundTrips ....................................................................   Passed    0.14 sec
          Start 1609: PISOTurbulenceTest.DefaultTurbulenceModelMatchesExplicitLaminarModel
1100/1909 Test  #784: CSVWriterTest.WriteFieldsRowCountAndCellOrderMatchMesh ...................................................   Passed    0.14 sec
          Start  704: TurbulenceCaseTest.SSTInletPatchGetsFixedKAndOmegaFromCaseConfig
1101/1909 Test #1543: TransientMomentumTermTest.DiagonalGetsTimeCoefficientAddedExactly ........................................   Passed    0.15 sec
          Start 1471: SIMPLEContinuityTest.ReducedClosedProbeContinuityImprovesAcrossIterations
1102/1909 Test #1183: SSTModelTest.RejectsInvalidInitialK ......................................................................   Passed    0.16 sec
          Start  374: WallOmegaTest.RejectsInvalidDistance
1103/1909 Test #1190: SSTModelTest.EffectiveViscosityEqualsMolecularPlusTurbulent ..............................................   Passed    0.16 sec
          Start 1032: ThermalSolverTest.InvalidConfigurationForNonPositiveTolerance
1104/1909 Test #1176: SSTEquationTest.ProductionLimiterLimitedBranch ...........................................................   Passed    0.17 sec
          Start 1104: KEpsilonEquationTest.ImplicitSourceReproducesEpsilonDestructionAtSelfConsistency
1105/1909 Test  #370: WallOmegaTest.ExposesKinematicViscosityAndBeta1 ..........................................................   Passed    0.17 sec
          Start 1478: SIMPLEFailureTest.InvalidSettingsReportInvalidConfiguration
1106/1909 Test  #632: CaseReaderTest.ExplicitInitialConditionsAreParsed ........................................................   Passed    0.17 sec
          Start   57: Mesh.CellAndFaceAccessorsValidateId
1107/1909 Test #1495: SIMPLESSTTest.WallDistanceFieldIsSane ....................................................................   Passed    0.17 sec
          Start   22: CoreException.CategoriesAreDistinguishable
1108/1909 Test  #981: ThermalPropertiesTest.RejectsZeroSpecificHeat ............................................................   Passed    0.17 sec
          Start 1042: ThermalRegionMapTest.RejectsEmptyRegions
1109/1909 Test #1025: ThermalSolverTest.ConvergesAndMatchesAnalytical1DConductionProfile .......................................   Passed    0.17 sec
          Start  357: HeatFluxTest.TypeAndNameAreThermalSpecific
1110/1909 Test #1161: SSTEquationTest.CrossDiffusionCoefficientClampsNegativeDotProduct ........................................   Passed    0.15 sec
          Start  543: ContinuityEquationTest.NonSolenoidalFieldIsDetected
1111/1909 Test #1148: WallDistanceTest.EveryCellDistanceIsFiniteAndPositive ....................................................   Passed    0.17 sec
          Start  246: SparseMatrixTest.RejectsUnsortedColumnsWithinRow
1112/1909 Test  #507: VectorGradientTest.LinearShearFieldIsExactEverywhere .....................................................   Passed    0.16 sec
          Start 1142: KOmegaModelTest.ConvergenceResidualIsNulloptBeforeFirstCorrect
1113/1909 Test  #420: DiffusionTest.QuadraticFieldWithGammaTwo .................................................................   Passed    0.16 sec
          Start  325: FixedGradientTest.RejectsNonFiniteGradient
1114/1909 Test #1609: PISOTurbulenceTest.DefaultTurbulenceModelMatchesExplicitLaminarModel .....................................   Passed    0.17 sec
          Start 1483: SIMPLENonFiniteTest.InfiniteInitialPressureIsDetectedImmediately
1115/1909 Test  #704: TurbulenceCaseTest.SSTInletPatchGetsFixedKAndOmegaFromCaseConfig .........................................   Passed    0.17 sec
          Start 1031: ThermalSolverTest.InvalidConfigurationForZeroOuterMaxIterations
1116/1909 Test #1471: SIMPLEContinuityTest.ReducedClosedProbeContinuityImprovesAcrossIterations ................................   Passed    0.14 sec
          Start 1443: SIMPLESettingsTest.RejectsNonFiniteContinuityTolerance
1117/1909 Test  #374: WallOmegaTest.RejectsInvalidDistance .....................................................................   Passed    0.14 sec
          Start  934: RestartSnapshotTest.TimeStepAndDeltaTCopiedExactly
1118/1909 Test #1032: ThermalSolverTest.InvalidConfigurationForNonPositiveTolerance ............................................   Passed    0.13 sec
          Start  995: EnergyEquationConvectionTest.BoundaryInflowUsesBoundaryValueOnRhs
1119/1909 Test #1104: KEpsilonEquationTest.ImplicitSourceReproducesEpsilonDestructionAtSelfConsistency .........................   Passed    0.13 sec
          Start  557: MomentumConvectionTest.ConstantFieldGivesZeroNetContribution
1120/1909 Test #1478: SIMPLEFailureTest.InvalidSettingsReportInvalidConfiguration ..............................................   Passed    0.14 sec
          Start  223: AlgebraVector.ConstructionAndInitialization
1121/1909 Test   #57: Mesh.CellAndFaceAccessorsValidateId ......................................................................   Passed    0.14 sec
          Start  254: JacobiTest.RejectsMissingDiagonal
1122/1909 Test   #22: CoreException.CategoriesAreDistinguishable ...............................................................   Passed    0.13 sec
          Start 1463: VelocityCorrectionTest.DifferentUAndVResponseCoefficientsApplyToTheirOwnComponent
1123/1909 Test #1042: ThermalRegionMapTest.RejectsEmptyRegions .................................................................   Passed    0.13 sec
          Start  232: AlgebraVector.AllFiniteDetection
1124/1909 Test  #357: HeatFluxTest.TypeAndNameAreThermalSpecific ...............................................................   Passed    0.13 sec
          Start  805: JSONWriterTest.RequiredKeysExist
1125/1909 Test  #543: ContinuityEquationTest.NonSolenoidalFieldIsDetected ......................................................   Passed    0.13 sec
          Start  807: JSONWriterTest.SolverStatusAndIterationsAreCorrect
1126/1909 Test  #246: SparseMatrixTest.RejectsUnsortedColumnsWithinRow .........................................................   Passed    0.14 sec
          Start 1442: SIMPLESettingsTest.RejectsNegativePressureTolerance
1127/1909 Test #1142: KOmegaModelTest.ConvergenceResidualIsNulloptBeforeFirstCorrect ...........................................   Passed    0.14 sec
          Start  795: CSVWriterTest.RepeatedWriteFieldsIsByteIdentical
1128/1909 Test  #325: FixedGradientTest.RejectsNonFiniteGradient ...............................................................   Passed    0.13 sec
          Start  658: CaseValidationTest.UnsupportedPhysicsModelIsRejected
1129/1909 Test #1483: SIMPLENonFiniteTest.InfiniteInitialPressureIsDetectedImmediately .........................................   Passed    0.13 sec
          Start   58: Mesh.BoundaryPatchLookupByName
1130/1909 Test #1031: ThermalSolverTest.InvalidConfigurationForZeroOuterMaxIterations ..........................................   Passed    0.14 sec
          Start  331: MovingWallTest.RejectsNonFiniteVelocity
1131/1909 Test #1443: SIMPLESettingsTest.RejectsNonFiniteContinuityTolerance ...................................................   Passed    0.15 sec
          Start  940: RestartSnapshotTest.DifferentMeshWithSameCellAndFaceCountIsRejectedByFingerprint
1132/1909 Test  #934: RestartSnapshotTest.TimeStepAndDeltaTCopiedExactly .......................................................   Passed    0.16 sec
          Start  226: AlgebraVector.ScalarMultiplicationBothOrders
1133/1909 Test  #995: EnergyEquationConvectionTest.BoundaryInflowUsesBoundaryValueOnRhs ........................................   Passed    0.16 sec
          Start  189: Field.IterationVisitsEveryElement
1134/1909 Test  #557: MomentumConvectionTest.ConstantFieldGivesZeroNetContribution .............................................   Passed    0.17 sec
          Start  932: RestartSnapshotTest.ValidStateProducesValidSnapshot
1135/1909 Test  #223: AlgebraVector.ConstructionAndInitialization ..............................................................   Passed    0.16 sec
          Start 1781: RestartIOTest.ReadRejectsOutOfRangeJsonNumber
1136/1909 Test  #254: JacobiTest.RejectsMissingDiagonal ........................................................................   Passed    0.16 sec
          Start 1078: ValidateTurbulentViscosityFieldTest.RejectsNegativeEntry
1137/1909 Test #1463: VelocityCorrectionTest.DifferentUAndVResponseCoefficientsApplyToTheirOwnComponent ........................   Passed    0.16 sec
          Start 1118: KEpsilonModelTest.RejectsInvalidCoefficients
1138/1909 Test  #232: AlgebraVector.AllFiniteDetection .........................................................................   Passed    0.16 sec
          Start  697: TurbulenceCaseTest.BuilderConstructsKEpsilonConfigAndBoundaries
1139/1909 Test  #805: JSONWriterTest.RequiredKeysExist .........................................................................   Passed    0.17 sec
          Start  672: CaseValidationTest.ZeroMaxIterationsIsRejected
1140/1909 Test  #807: JSONWriterTest.SolverStatusAndIterationsAreCorrect .......................................................   Passed    0.17 sec
          Start 1550: TransientMomentumAssemblyTest.RejectsMassFluxSizeMismatch
1141/1909 Test #1442: SIMPLESettingsTest.RejectsNegativePressureTolerance ......................................................   Passed    0.17 sec
          Start 1435: SIMPLESettingsTest.RejectsZeroMaxIterations
1142/1909 Test  #795: CSVWriterTest.RepeatedWriteFieldsIsByteIdentical .........................................................   Passed    0.17 sec
          Start  368: WallOmegaTest.IgnoresOwnerValue
1143/1909 Test  #658: CaseValidationTest.UnsupportedPhysicsModelIsRejected .....................................................   Passed    0.18 sec
          Start 1182: SSTModelTest.ConstructionIsDeterministicAcrossInstances
1144/1909 Test   #58: Mesh.BoundaryPatchLookupByName ...........................................................................   Passed    0.17 sec
          Start 1041: ThermalRegionMapTest.ConstructsAndReportsCellRegions
1145/1909 Test  #331: MovingWallTest.RejectsNonFiniteVelocity ..................................................................   Passed    0.17 sec
          Start 1188: SSTModelTest.CorrectProducesPositiveFiniteFieldsForARealFlow
1146/1909 Test  #940: RestartSnapshotTest.DifferentMeshWithSameCellAndFaceCountIsRejectedByFingerprint .........................   Passed    0.16 sec
          Start  984: ThermalPropertiesTest.RejectsNonFiniteSpecificHeat
1147/1909 Test  #226: AlgebraVector.ScalarMultiplicationBothOrders .............................................................   Passed    0.16 sec
          Start 1003: EnergyEquationAssemblyTest.ProducesCorrectDimensions
1148/1909 Test  #189: Field.IterationVisitsEveryElement ........................................................................   Passed    0.16 sec
          Start 1034: ThermalSolverTest.NonFiniteStateForNonFiniteMassFlux
1149/1909 Test  #932: RestartSnapshotTest.ValidStateProducesValidSnapshot ......................................................   Passed    0.15 sec
          Start 1169: SSTEquationTest.F1ApproachesZeroFarFromAWallWithLowViscosityRatio
1150/1909 Test #1781: RestartIOTest.ReadRejectsOutOfRangeJsonNumber ............................................................   Passed    0.15 sec
          Start  989: EnergyEquationDiffusionTest.InternalFaceCoefficientsAreSymmetric
1151/1909 Test #1078: ValidateTurbulentViscosityFieldTest.RejectsNegativeEntry .................................................   Passed    0.16 sec
          Start 1049: InterfaceConductanceTest.RejectsNonPositiveConductivity
1152/1909 Test #1118: KEpsilonModelTest.RejectsInvalidCoefficients .............................................................   Passed    0.15 sec
          Start  569: MomentumAssemblyTest.ChannelAssemblyHasCorrectDimensionsAndFiniteCoefficients
1153/1909 Test  #697: TurbulenceCaseTest.BuilderConstructsKEpsilonConfigAndBoundaries ..........................................   Passed    0.15 sec
          Start  990: EnergyEquationDiffusionTest.ConstantTemperatureGivesZeroContributionEverywhere
1154/1909 Test  #672: CaseValidationTest.ZeroMaxIterationsIsRejected ...........................................................   Passed    0.15 sec
          Start  690: ThermalCaseTest.RejectsMissingPerPatchTemperatureWhenThermalEnabled
1155/1909 Test #1550: TransientMomentumAssemblyTest.RejectsMassFluxSizeMismatch ................................................   Passed    0.14 sec
          Start 1168: SSTEquationTest.F1ApproachesOneVeryNearAWall
1156/1909 Test #1435: SIMPLESettingsTest.RejectsZeroMaxIterations ..............................................................   Passed    0.15 sec
          Start 1191: SSTModelTest.F1ApproachesOneNearAWallAndZeroFarFromIt
1157/1909 Test  #368: WallOmegaTest.IgnoresOwnerValue ..........................................................................   Passed    0.15 sec
          Start  367: WallOmegaTest.HandDerivedValueMatchesWilcoxFormula
1158/1909 Test #1182: SSTModelTest.ConstructionIsDeterministicAcrossInstances ..................................................   Passed    0.15 sec
          Start 1185: SSTModelTest.RejectsInvalidCoefficients
1159/1909 Test #1041: ThermalRegionMapTest.ConstructsAndReportsCellRegions .....................................................   Passed    0.15 sec
          Start  641: CaseReaderTest.UnknownTopLevelFieldInManifestIsRejected
1160/1909 Test #1188: SSTModelTest.CorrectProducesPositiveFiniteFieldsForARealFlow .............................................   Passed    0.14 sec
          Start 1202: TurbulenceModelFactoryTest.SSTOverloadRejectsUnsupportedModelNames
1161/1909 Test  #984: ThermalPropertiesTest.RejectsNonFiniteSpecificHeat .......................................................   Passed    0.14 sec
          Start  327: WallTest.VelocityIsZeroRegardlessOfOwnerValue
1162/1909 Test #1003: EnergyEquationAssemblyTest.ProducesCorrectDimensions .....................................................   Passed    0.14 sec
          Start  372: WallOmegaTest.RejectsInvalidKinematicViscosity
1163/1909 Test #1034: ThermalSolverTest.NonFiniteStateForNonFiniteMassFlux .....................................................   Passed    0.14 sec
          Start  920: CFLTest.RepeatedCallsAreDeterministic
1164/1909 Test #1169: SSTEquationTest.F1ApproachesZeroFarFromAWallWithLowViscosityRatio ........................................   Passed    0.14 sec
          Start 1187: SSTModelTest.CorrectRejectsMismatchedVelocitySize
1165/1909 Test  #989: EnergyEquationDiffusionTest.InternalFaceCoefficientsAreSymmetric .........................................   Passed    0.14 sec
          Start 1163: SSTEquationTest.CrossDiffusionSourceIsFullWeightAtF1EqualsZero
1166/1909 Test #1049: InterfaceConductanceTest.RejectsNonPositiveConductivity ..................................................   Passed    0.14 sec
          Start  192: Field.CopyIsIndependent
1167/1909 Test  #569: MomentumAssemblyTest.ChannelAssemblyHasCorrectDimensionsAndFiniteCoefficients ............................   Passed    0.14 sec
          Start 1154: SSTEquationTest.AlphaRejectsInvalidBetaStar
1168/1909 Test  #990: EnergyEquationDiffusionTest.ConstantTemperatureGivesZeroContributionEverywhere ...........................   Passed    0.14 sec
          Start  945: RestartSnapshotTest.NegativeTimeIsNotRejected
1169/1909 Test  #690: ThermalCaseTest.RejectsMissingPerPatchTemperatureWhenThermalEnabled ......................................   Passed    0.13 sec
          Start 1149: WallDistanceTest.RejectsNoWallPatches
1170/1909 Test #1168: SSTEquationTest.F1ApproachesOneVeryNearAWall .............................................................   Passed    0.13 sec
          Start  267: CGTest.MaxIterationsReportsFailureNotSuccess
1171/1909 Test #1191: SSTModelTest.F1ApproachesOneNearAWallAndZeroFarFromIt ....................................................   Passed    0.12 sec
          Start  997: EnergyEquationConvectionTest.MismatchedTemperatureSizeThrows
1172/1909 Test  #367: WallOmegaTest.HandDerivedValueMatchesWilcoxFormula .......................................................   Passed    0.15 sec
          Start  545: MomentumDiffusionTest.ConstantVelocityGivesZeroContributionEverywhere
1173/1909 Test #1185: SSTModelTest.RejectsInvalidCoefficients ..................................................................   Passed    0.16 sec
          Start  538: ContinuityEquationTest.ClosedZeroVelocityCavityHasZeroImbalance
1174/1909 Test  #641: CaseReaderTest.UnknownTopLevelFieldInManifestIsRejected ..................................................   Passed    0.17 sec
          Start  282: SolverFailureTest.InfMatrixRejectedAtConstruction
1175/1909 Test #1202: TurbulenceModelFactoryTest.SSTOverloadRejectsUnsupportedModelNames .......................................   Passed    0.19 sec
          Start  376: InterpolationTest.ConstantFieldIsPreservedExactly
1176/1909 Test  #327: WallTest.VelocityIsZeroRegardlessOfOwnerValue ............................................................   Passed    0.18 sec
          Start 1164: SSTEquationTest.CrossDiffusionSourceIsHalfWeightAtF1EqualsHalf
1177/1909 Test  #372: WallOmegaTest.RejectsInvalidKinematicViscosity ...........................................................   Passed    0.18 sec
          Start  552: MomentumDiffusionTest.MismatchedEffectiveViscosityFieldSizeThrows
1178/1909 Test  #920: CFLTest.RepeatedCallsAreDeterministic ....................................................................   Passed    0.18 sec
          Start  330: MovingWallTest.ReturnsConfiguredVelocityRegardlessOfOwner
1179/1909 Test #1187: SSTModelTest.CorrectRejectsMismatchedVelocitySize ........................................................   Passed    0.19 sec
          Start 1193: SSTModelTest.FarFieldBlendApproachesSSTsOwnOuterCoefficientSet
1180/1909 Test #1163: SSTEquationTest.CrossDiffusionSourceIsFullWeightAtF1EqualsZero ...........................................   Passed    0.20 sec
          Start  337: SymmetryTest.RightPlaneRemovesNormalComponent
1181/1909 Test  #192: Field.CopyIsIndependent ..................................................................................   Passed    0.20 sec
          Start 1595: PisoTest.MismatchedPreviousStateSizeReturnsInvalidConfiguration
1182/1909 Test #1154: SSTEquationTest.AlphaRejectsInvalidBetaStar ..............................................................   Passed    0.21 sec
          Start  365: AdiabaticTest.RejectsInvalidDistance
1183/1909 Test  #945: RestartSnapshotTest.NegativeTimeIsNotRejected ............................................................   Passed    0.21 sec
          Start  554: MomentumConvectionTest.PositiveInternalFluxSelectsOwnerNegativeSelectsNeighbor
1184/1909 Test #1149: WallDistanceTest.RejectsNoWallPatches ....................................................................   Passed    0.21 sec
          Start  544: ContinuityEquationTest.MismatchedMassFluxSizeThrows
1185/1909 Test  #267: CGTest.MaxIterationsReportsFailureNotSuccess .............................................................   Passed    0.21 sec
          Start  549: MomentumDiffusionTest.MismatchedVelocitySizeThrows
1186/1909 Test  #997: EnergyEquationConvectionTest.MismatchedTemperatureSizeThrows .............................................   Passed    0.19 sec
          Start  811: JSONWriterTest.FormatVersionIsOne
1187/1909 Test  #545: MomentumDiffusionTest.ConstantVelocityGivesZeroContributionEverywhere ....................................   Passed    0.19 sec
          Start  993: EnergyEquationConvectionTest.PositiveInternalFluxSelectsOwnerNegativeSelectsNeighbor
1188/1909 Test  #538: ContinuityEquationTest.ClosedZeroVelocityCavityHasZeroImbalance ..........................................   Passed    0.18 sec
          Start 1153: SSTEquationTest.Alpha2MatchesHandDerivedValue
1189/1909 Test  #282: SolverFailureTest.InfMatrixRejectedAtConstruction ........................................................   Passed    0.16 sec
          Start  912: CFLTest.ZeroVelocityGivesZeroCFL
1190/1909 Test  #376: InterpolationTest.ConstantFieldIsPreservedExactly ........................................................   Passed    0.16 sec
          Start 1099: TurbulenceProductionTest.MismatchedFieldSizeThrows
1191/1909 Test #1164: SSTEquationTest.CrossDiffusionSourceIsHalfWeightAtF1EqualsHalf ...........................................   Passed    0.16 sec
          Start   44: MeshCell.StoresIdCentroidAndVolume
1192/1909 Test  #552: MomentumDiffusionTest.MismatchedEffectiveViscosityFieldSizeThrows ........................................   Passed    0.16 sec
          Start  902: TimeControllerTest.RejectsEndTimeBeforeStartTime
1193/1909 Test  #330: MovingWallTest.ReturnsConfiguredVelocityRegardlessOfOwner ................................................   Passed    0.15 sec
          Start  362: AdiabaticTest.ReturnsOwnerValueUnchanged
1194/1909 Test #1193: SSTModelTest.FarFieldBlendApproachesSSTsOwnOuterCoefficientSet ...........................................   Passed    0.14 sec
          Start 1566: CorrectionApplicationTest.PreviousStateAndPredictorFieldsRetainedIndependently
1195/1909 Test  #337: SymmetryTest.RightPlaneRemovesNormalComponent ............................................................   Passed    0.14 sec
          Start 1175: SSTEquationTest.ProductionLimiterUnlimitedBranch
1196/1909 Test #1595: PisoTest.MismatchedPreviousStateSizeReturnsInvalidConfiguration ..........................................   Passed    0.13 sec
          Start 1166: SSTEquationTest.F1RemainsBoundedAcrossRepresentativeStates
1197/1909 Test  #365: AdiabaticTest.RejectsInvalidDistance .....................................................................   Passed    0.13 sec
          Start  187: Field.CheckedAccessWorksInRange
1198/1909 Test  #554: MomentumConvectionTest.PositiveInternalFluxSelectsOwnerNegativeSelectsNeighbor ...........................   Passed    0.14 sec
          Start 1186: SSTModelTest.RejectsNoWallPatches
1199/1909 Test  #544: ContinuityEquationTest.MismatchedMassFluxSizeThrows ......................................................   Passed    0.14 sec
          Start  350: FixedTemperatureTest.RejectsNonFiniteTemperature
1200/1909 Test  #549: MomentumDiffusionTest.MismatchedVelocitySizeThrows .......................................................   Passed    0.12 sec
          Start  921: TransientSolverTest.CompletesAndThreadsStateThroughEveryStep
1201/1909 Test  #811: JSONWriterTest.FormatVersionIsOne ........................................................................   Passed    0.12 sec
          Start   56: Mesh.ExposesCellsFacesAndPatches
1202/1909 Test  #993: EnergyEquationConvectionTest.PositiveInternalFluxSelectsOwnerNegativeSelectsNeighbor .....................   Passed    0.12 sec
          Start  689: ThermalCaseTest.RejectsExtraneousValueForAdiabatic
1203/1909 Test #1153: SSTEquationTest.Alpha2MatchesHandDerivedValue ............................................................   Passed    0.13 sec
          Start  501: TimeDerivativeTest.PreviousFieldIsNotMutated
1204/1909 Test  #912: CFLTest.ZeroVelocityGivesZeroCFL .........................................................................   Passed    0.14 sec
          Start 1132: KOmegaModelTest.NameIsKOmega
1205/1909 Test #1099: TurbulenceProductionTest.MismatchedFieldSizeThrows .......................................................   Passed    0.14 sec
          Start 1147: WallDistanceTest.InletOutletSymmetryAreNeverMistakenForWalls
1206/1909 Test   #44: MeshCell.StoresIdCentroidAndVolume .......................................................................   Passed    0.15 sec
          Start 1160: SSTEquationTest.CrossDiffusionCoefficientMatchesHandDerivedExample
1207/1909 Test  #902: TimeControllerTest.RejectsEndTimeBeforeStartTime .........................................................   Passed    0.16 sec
          Start  499: TimeDerivativeTest.ExactCoefficientsForSingleCell
1208/1909 Test  #362: AdiabaticTest.ReturnsOwnerValueUnchanged .................................................................   Passed    0.17 sec
          Start 1198: TurbulenceModelFactoryTest.KOmegaNameCreatesKOmegaModel
1209/1909 Test #1566: CorrectionApplicationTest.PreviousStateAndPredictorFieldsRetainedIndependently ...........................   Passed    0.17 sec
          Start  673: CaseValidationTest.UnsupportedLinearSolverTypeIsRejected
1210/1909 Test #1175: SSTEquationTest.ProductionLimiterUnlimitedBranch .........................................................   Passed    0.18 sec
          Start  717: TurbulenceCaseTest.RejectsUnknownKey
1211/1909 Test #1166: SSTEquationTest.F1RemainsBoundedAcrossRepresentativeStates ...............................................   Passed    0.19 sec
          Start  714: TurbulenceCaseTest.RejectsOutOfRangeRelaxation
1212/1909 Test  #187: Field.CheckedAccessWorksInRange ..........................................................................   Passed    0.19 sec
          Start 1095: KEpsilonCoefficientsTest.DefaultsMatchStandardModel
1213/1909 Test #1186: SSTModelTest.RejectsNoWallPatches ........................................................................   Passed    0.21 sec
          Start  361: HeatFluxTest.RepeatedEvaluationIsDeterministic
1214/1909 Test  #350: FixedTemperatureTest.RejectsNonFiniteTemperature .........................................................   Passed    0.21 sec
          Start  526: FluidPropertiesTest.RejectsNegativeDensity
1215/1909 Test  #921: TransientSolverTest.CompletesAndThreadsStateThroughEveryStep .............................................   Passed    0.21 sec
          Start  937: RestartSnapshotTest.WrongCellCountIsRejected
1216/1909 Test   #56: Mesh.ExposesCellsFacesAndPatches .........................................................................   Passed    0.21 sec
          Start 1440: SIMPLESettingsTest.RejectsNonFinitePressureRelaxation
1217/1909 Test  #501: TimeDerivativeTest.PreviousFieldIsNotMutated .............................................................   Passed    0.18 sec
          Start 1437: SIMPLESettingsTest.RejectsNegativeVelocityRelaxation
1218/1909 Test  #689: ThermalCaseTest.RejectsExtraneousValueForAdiabatic .......................................................   Passed    0.20 sec
          Start  419: DiffusionTest.QuadraticFieldWithGammaHalf
1219/1909 Test #1132: KOmegaModelTest.NameIsKOmega .............................................................................   Passed    0.18 sec
          Start  288: SolverDeterminismTest.BiCGSTABRepeatedSolvesAreIdentical
1220/1909 Test #1147: WallDistanceTest.InletOutletSymmetryAreNeverMistakenForWalls .............................................   Passed    0.18 sec
          Start 1571: SecondPressureCorrectionTest.FullPipelineSecondCorrectionIsFiniteAndConverged
1221/1909 Test #1160: SSTEquationTest.CrossDiffusionCoefficientMatchesHandDerivedExample .......................................   Passed    0.17 sec
          Start  379: InterpolationTest.BoundaryFaceUsesFixedValueNotOwnerValue
1222/1909 Test  #499: TimeDerivativeTest.ExactCoefficientsForSingleCell ........................................................   Passed    0.17 sec
          Start  702: TurbulenceCaseTest.ParsesSSTConfigWhenEnabled
1223/1909 Test #1198: TurbulenceModelFactoryTest.KOmegaNameCreatesKOmegaModel ..................................................   Passed    0.17 sec
          Start 1131: KOmegaModelTest.TurbulentViscosityMatchesHandDerivedExample
1224/1909 Test  #673: CaseValidationTest.UnsupportedLinearSolverTypeIsRejected .................................................   Passed    0.17 sec
          Start 1156: SSTEquationTest.BlendAtF1EqualsZeroUsesSetTwoExactly
1225/1909 Test  #717: TurbulenceCaseTest.RejectsUnknownKey .....................................................................   Passed    0.17 sec
          Start  196: ScalarFieldTest.ElementwiseAddition
1226/1909 Test  #714: TurbulenceCaseTest.RejectsOutOfRangeRelaxation ...........................................................   Passed    0.16 sec
          Start  371: WallOmegaTest.TypeAndNameAreSSTSpecific
1227/1909 Test #1095: KEpsilonCoefficientsTest.DefaultsMatchStandardModel ......................................................   Passed    0.15 sec
          Start 1171: SSTEquationTest.OmegaDiffusivityMatchesHandDerivedBlendedValue
1228/1909 Test  #361: HeatFluxTest.RepeatedEvaluationIsDeterministic ...........................................................   Passed    0.15 sec
          Start  808: JSONWriterTest.EveryStatusMapsToItsOwnEnumName
1229/1909 Test  #526: FluidPropertiesTest.RejectsNegativeDensity ...............................................................   Passed    0.15 sec
          Start 1452: PressureCorrectionTest.TwoCellProbeSourceSignAndSolutionMatchHandDerivation
1230/1909 Test  #937: RestartSnapshotTest.WrongCellCountIsRejected .............................................................   Passed    0.15 sec
          Start  700: TurbulenceCaseTest.BuilderConstructsKOmegaConfigAndBoundaries
1231/1909 Test #1437: SIMPLESettingsTest.RejectsNegativeVelocityRelaxation .....................................................   Passed    0.15 sec
          Start  386: GradientTest.QuadraticFieldMatchesAnalyticalGradient
1232/1909 Test #1440: SIMPLESettingsTest.RejectsNonFinitePressureRelaxation ....................................................   Passed    0.16 sec
          Start 1178: SSTModelTest.NameIsSST
1233/1909 Test  #419: DiffusionTest.QuadraticFieldWithGammaHalf ................................................................   Passed    0.16 sec
          Start  344: BoundaryConditionSetTest.MissingPatchesReportsUnassignedPatches
1234/1909 Test  #288: SolverDeterminismTest.BiCGSTABRepeatedSolvesAreIdentical .................................................   Passed    0.16 sec
          Start 1145: WallDistanceTest.HandDerivedDistanceNearBottomWall
1235/1909 Test #1571: SecondPressureCorrectionTest.FullPipelineSecondCorrectionIsFiniteAndConverged ............................   Passed    0.16 sec
          Start   18: CoreException.CatchableAsStdRuntimeError
1236/1909 Test  #379: InterpolationTest.BoundaryFaceUsesFixedValueNotOwnerValue ................................................   Passed    0.16 sec
          Start  533: MassFluxTest.StationaryWallGivesZeroFlux
1237/1909 Test  #702: TurbulenceCaseTest.ParsesSSTConfigWhenEnabled ............................................................   Passed    0.16 sec
          Start 1087: LaminarModelTest.TurbulentViscositySizeMatchesMesh
1238/1909 Test #1131: KOmegaModelTest.TurbulentViscosityMatchesHandDerivedExample ..............................................   Passed    0.15 sec
          Start  891: TimeControllerTest.NormalSteppingUsesNominalDeltaT
1239/1909 Test #1156: SSTEquationTest.BlendAtF1EqualsZeroUsesSetTwoExactly .....................................................   Passed    0.16 sec
          Start 1086: LaminarModelTest.TurbulentViscosityIsZeroEverywhere
1240/1909 Test  #196: ScalarFieldTest.ElementwiseAddition ......................................................................   Passed    0.16 sec
          Start  813: JSONWriterTest.WritesThermalMetadataWhenProvided
1241/1909 Test  #371: WallOmegaTest.TypeAndNameAreSSTSpecific ..................................................................   Passed    0.15 sec
          Start  683: ThermalCaseTest.RejectsNonPositiveConductivity
1242/1909 Test #1171: SSTEquationTest.OmegaDiffusivityMatchesHandDerivedBlendedValue ...........................................   Passed    0.15 sec
          Start  688: ThermalCaseTest.RejectsMissingValueForFixedTemperature
1243/1909 Test  #808: JSONWriterTest.EveryStatusMapsToItsOwnEnumName ...........................................................   Passed    0.15 sec
          Start 1009: EnergyEquationAssemblyTest.RepeatedAssemblyIsDeterministic
1244/1909 Test  #700: TurbulenceCaseTest.BuilderConstructsKOmegaConfigAndBoundaries ............................................   Passed    0.15 sec
          Start  986: ThermalPropertiesTest.ThermalDiffusivityRejectsNegativeDensity
1245/1909 Test #1452: PressureCorrectionTest.TwoCellProbeSourceSignAndSolutionMatchHandDerivation ..............................   Passed    0.16 sec
          Start  286: SolverFailureTest.LinearSolverSettingsRejectsInvalidValues
1246/1909 Test  #386: GradientTest.QuadraticFieldMatchesAnalyticalGradient .....................................................   Passed    0.17 sec
          Start 1604: PisoTransientIntegrationTest.MaxStepsTerminationWithRealPiso
1247/1909 Test #1178: SSTModelTest.NameIsSST ...................................................................................   Passed    0.16 sec
          Start  203: VectorFieldTest.ConstructionAndInitialization
1248/1909 Test  #344: BoundaryConditionSetTest.MissingPatchesReportsUnassignedPatches ..........................................   Passed    0.16 sec
          Start  994: EnergyEquationConvectionTest.BoundaryOutflowUsesOwnerUnknownNotBoundaryValue
1249/1909 Test #1145: WallDistanceTest.HandDerivedDistanceNearBottomWall .......................................................   Passed    0.17 sec
          Start 1480: SIMPLEFailureTest.InvalidInnerSolverSettingsReportInvalidConfiguration
1250/1909 Test   #18: CoreException.CatchableAsStdRuntimeError .................................................................   Passed    0.18 sec
          Start  473: GridRefinementTest.UpwindConvectionConvergesAtFirstOrder
1251/1909 Test  #533: MassFluxTest.StationaryWallGivesZeroFlux .................................................................   Passed    0.17 sec
          Start 1125: KOmegaEquationTest.LinearEffectiveDiffusivityMatchesHandDerivedExample
1252/1909 Test #1087: LaminarModelTest.TurbulentViscositySizeMatchesMesh .......................................................   Passed    0.17 sec
          Start 1778: RestartIOTest.ReadRejectsDifferentMeshWithSameCounts
1253/1909 Test  #891: TimeControllerTest.NormalSteppingUsesNominalDeltaT .......................................................   Passed    0.16 sec
          Start 1121: KEpsilonModelTest.CorrectProducesPositiveFiniteFieldsForARealFlow
1254/1909 Test #1086: LaminarModelTest.TurbulentViscosityIsZeroEverywhere ......................................................   Passed    0.16 sec
          Start 1552: TransientMomentumPredictorProbeTest.PredictorVelocityIsFiniteFromRest
1255/1909 Test  #813: JSONWriterTest.WritesThermalMetadataWhenProvided .........................................................   Passed    0.17 sec
          Start  360: HeatFluxTest.RejectsInvalidDistance
1256/1909 Test  #683: ThermalCaseTest.RejectsNonPositiveConductivity ...........................................................   Passed    0.17 sec
          Start 1011: EnergyEquationThermalBCIntegrationTest.HeatFluxAndAdiabaticBoundariesMatchHandDerivedRhs
1257/1909 Test  #688: ThermalCaseTest.RejectsMissingValueForFixedTemperature ...................................................   Passed    0.16 sec
          Start  336: OutletTest.ScalarZeroGradientOutletIsFixedGradientZero
1258/1909 Test #1009: EnergyEquationAssemblyTest.RepeatedAssemblyIsDeterministic ...............................................   Passed    0.16 sec
          Start 1008: EnergyEquationAssemblyTest.NonFiniteMassFluxThrowsInvalidArgumentError
1259/1909 Test  #986: ThermalPropertiesTest.ThermalDiffusivityRejectsNegativeDensity ...........................................   Passed    0.16 sec
          Start 1155: SSTEquationTest.BlendAtF1EqualsOneUsesSetOneExactly
1260/1909 Test  #286: SolverFailureTest.LinearSolverSettingsRejectsInvalidValues ...............................................   Passed    0.15 sec
          Start 1200: TurbulenceModelFactoryTest.LaminarNameCreatesLaminarModelViaSSTOverload
1261/1909 Test #1604: PisoTransientIntegrationTest.MaxStepsTerminationWithRealPiso .............................................   Passed    0.15 sec
          Start 1773: RestartIOTest.ReadRejectsMissingFile
1262/1909 Test  #203: VectorFieldTest.ConstructionAndInitialization ............................................................   Passed    0.15 sec
          Start  797: CSVWriterTest.AppendsTemperatureColumnWhenProvided
1263/1909 Test  #994: EnergyEquationConvectionTest.BoundaryOutflowUsesOwnerUnknownNotBoundaryValue .............................   Passed    0.16 sec
          Start  832: VTKWriterTest.NonFiniteTemperatureThrows
1264/1909 Test #1480: SIMPLEFailureTest.InvalidInnerSolverSettingsReportInvalidConfiguration ...................................   Passed    0.15 sec
          Start 1134: KOmegaModelTest.InitializedToConfiguredValuesEverywhere
1265/1909 Test  #473: GridRefinementTest.UpwindConvectionConvergesAtFirstOrder .................................................   Passed    0.16 sec
          Start  536: MassFluxTest.ChannelMassBalanceExample
1266/1909 Test #1125: KOmegaEquationTest.LinearEffectiveDiffusivityMatchesHandDerivedExample ...................................   Passed    0.17 sec
          Start  524: FluidPropertiesTest.KinematicViscosityIsMuOverRho
1267/1909 Test #1778: RestartIOTest.ReadRejectsDifferentMeshWithSameCounts .....................................................   Passed    0.17 sec
          Start  231: AlgebraVector.SizeMismatchRejected
1268/1909 Test #1121: KEpsilonModelTest.CorrectProducesPositiveFiniteFieldsForARealFlow ........................................   Passed    0.17 sec
          Start 1562: CorrectionApplicationTest.ZeroPressureCorrectionLeavesEverythingUnchanged
1269/1909 Test #1552: TransientMomentumPredictorProbeTest.PredictorVelocityIsFiniteFromRest ....................................   Passed    0.17 sec
          Start 1140: KOmegaModelTest.CorrectRejectsMismatchedVelocitySize
1270/1909 Test  #360: HeatFluxTest.RejectsInvalidDistance ......................................................................   Passed    0.17 sec
          Start   24: LoggerTest.LevelCanBeChanged
1271/1909 Test #1011: EnergyEquationThermalBCIntegrationTest.HeatFluxAndAdiabaticBoundariesMatchHandDerivedRhs .................   Passed    0.17 sec
          Start  810: JSONWriterTest.FiniteFlagReflectsActualFieldFiniteness
1272/1909 Test  #336: OutletTest.ScalarZeroGradientOutletIsFixedGradientZero ...................................................   Passed    0.18 sec
          Start  201: ScalarFieldTest.CompoundOperators
1273/1909 Test #1008: EnergyEquationAssemblyTest.NonFiniteMassFluxThrowsInvalidArgumentError ...................................   Passed    0.18 sec
          Start  991: EnergyEquationDiffusionTest.DiagonalIsFinitePositiveAndNonzero
1274/1909 Test #1155: SSTEquationTest.BlendAtF1EqualsOneUsesSetOneExactly ......................................................   Passed    0.18 sec
          Start  353: HeatFluxTest.NegativeFluxGivesPositiveGradient
1275/1909 Test #1200: TurbulenceModelFactoryTest.LaminarNameCreatesLaminarModelViaSSTOverload ..................................   Passed    0.18 sec
          Start  896: TimeControllerTest.SingleStepCaseReachesEndExactly
1276/1909 Test #1773: RestartIOTest.ReadRejectsMissingFile .....................................................................   Passed    0.18 sec
          Start  503: TimeDerivativeTest.RejectsNonPositiveDeltaT
1277/1909 Test  #797: CSVWriterTest.AppendsTemperatureColumnWhenProvided .......................................................   Passed    0.17 sec
          Start 1158: SSTEquationTest.BlendAtHalfWeightingIsTheMidpoint
1278/1909 Test  #832: VTKWriterTest.NonFiniteTemperatureThrows .................................................................   Passed    0.16 sec
          Start 1069: TurbulenceModelTest.PolymorphicDestructionWorks
1279/1909 Test #1134: KOmegaModelTest.InitializedToConfiguredValuesEverywhere ..................................................   Passed    0.15 sec
          Start  939: RestartSnapshotTest.MismatchedMeshCellCountIsRejectedEvenWithConsistentFieldSizes
1280/1909 Test  #536: MassFluxTest.ChannelMassBalanceExample ...................................................................   Passed    0.15 sec
          Start  711: TurbulenceCaseTest.RejectsNonPositiveInitialK
1281/1909 Test  #524: FluidPropertiesTest.KinematicViscosityIsMuOverRho ........................................................   Passed    0.16 sec
          Start 1596: PisoTest.ReferenceCellOutOfRangeReturnsInvalidConfiguration
1282/1909 Test  #231: AlgebraVector.SizeMismatchRejected .......................................................................   Passed    0.16 sec
          Start 1033: ThermalSolverTest.NonFiniteStateForNonFiniteInitialTemperature
1283/1909 Test #1562: CorrectionApplicationTest.ZeroPressureCorrectionLeavesEverythingUnchanged ................................   Passed    0.16 sec
          Start 1157: SSTEquationTest.BlendAtQuarterWeightingMatchesHandDerivedValue
1284/1909 Test #1140: KOmegaModelTest.CorrectRejectsMismatchedVelocitySize .....................................................   Passed    0.15 sec
          Start  555: MomentumConvectionTest.BoundaryOutflowUsesOwnerUnknownNotBoundaryValue
1285/1909 Test   #24: LoggerTest.LevelCanBeChanged .............................................................................   Passed    0.15 sec
          Start  655: CaseValidationTest.StringNxIsRejected
1286/1909 Test  #810: JSONWriterTest.FiniteFlagReflectsActualFieldFiniteness ...................................................   Passed    0.15 sec
          Start  472: GridRefinementTest.LaplacianOfSmoothFieldConvergesAtSecondOrder
1287/1909 Test  #201: ScalarFieldTest.CompoundOperators ........................................................................   Passed    0.14 sec
          Start  668: CaseValidationTest.UnsupportedSolverTypeIsRejected
1288/1909 Test  #991: EnergyEquationDiffusionTest.DiagonalIsFinitePositiveAndNonzero ...........................................   Passed    0.14 sec
          Start 1000: EnergyEquationSourceTest.AccumulatesOnExistingRhs
1289/1909 Test  #353: HeatFluxTest.NegativeFluxGivesPositiveGradient ...........................................................   Passed    0.14 sec
          Start 1052: RegionAwareThermalDiffusionTest.InterfaceCoefficientMatchesHandDerivedExample
1290/1909 Test  #896: TimeControllerTest.SingleStepCaseReachesEndExactly .......................................................   Passed    0.14 sec
          Start 1083: EffectiveViscosityTest.RejectsNonFiniteMolecularViscosity
1291/1909 Test  #503: TimeDerivativeTest.RejectsNonPositiveDeltaT ..............................................................   Passed    0.14 sec
          Start 1196: TurbulenceModelFactoryTest.KEpsilonOverloadRejectsUnsupportedModelNames
1292/1909 Test #1158: SSTEquationTest.BlendAtHalfWeightingIsTheMidpoint ........................................................   Passed    0.14 sec
          Start  915: CFLTest.MaxMeanAndMaxCellForNonUniformFlux
1293/1909 Test #1069: TurbulenceModelTest.PolymorphicDestructionWorks ..........................................................   Passed    0.15 sec
          Start  812: JSONWriterTest.ThermalEnabledIsFalseByDefault
1294/1909 Test  #939: RestartSnapshotTest.MismatchedMeshCellCountIsRejectedEvenWithConsistentFieldSizes ........................   Passed    0.15 sec
          Start 1050: InterfaceConductanceTest.RejectsNonPositiveDistance
1295/1909 Test  #711: TurbulenceCaseTest.RejectsNonPositiveInitialK ............................................................   Passed    0.15 sec
          Start   14: CoreTypes.AliasesAreUsable
1296/1909 Test #1596: PisoTest.ReferenceCellOutOfRangeReturnsInvalidConfiguration ..............................................   Passed    0.14 sec
          Start  633: CaseReaderTest.MissingCaseDirectoryThrowsIOError
1297/1909 Test #1033: ThermalSolverTest.NonFiniteStateForNonFiniteInitialTemperature ...........................................   Passed    0.13 sec
          Start 1549: TransientMomentumAssemblyTest.RejectsVelocityPressureSizeMismatch
1298/1909 Test #1157: SSTEquationTest.BlendAtQuarterWeightingMatchesHandDerivedValue ...........................................   Passed    0.13 sec
          Start 1601: PisoTransientIntegrationTest.DirectPisoSequenceMatchesTransientSolverBitIdentical
1299/1909 Test  #555: MomentumConvectionTest.BoundaryOutflowUsesOwnerUnknownNotBoundaryValue ...................................   Passed    0.13 sec
          Start  826: VTKWriterTest.MismatchedSizeThrows
1300/1909 Test  #655: CaseValidationTest.StringNxIsRejected ....................................................................   Passed    0.14 sec
          Start   30: CoreTimer.ResetRestartsTiming
1301/1909 Test  #472: GridRefinementTest.LaplacianOfSmoothFieldConvergesAtSecondOrder ..........................................   Passed    0.14 sec
          Start  546: MomentumDiffusionTest.InteriorCellsMatchKnownQuadraticLaplacian
1302/1909 Test  #668: CaseValidationTest.UnsupportedSolverTypeIsRejected .......................................................   Passed    0.14 sec
          Start  676: CaseBuilderTest.BuildsExpectedBoundaryConditionTypes
1303/1909 Test #1000: EnergyEquationSourceTest.AccumulatesOnExistingRhs ........................................................   Passed    0.14 sec
          Start 1073: TurbulenceModelTest.NegativeTurbulentViscosityRejected
1304/1909 Test #1052: RegionAwareThermalDiffusionTest.InterfaceCoefficientMatchesHandDerivedExample ............................   Passed    0.14 sec
          Start 1585: FinalCorrectionTest.PreviousStateRemainsUntouchedAndFirstCorrectionStateIsPreservedSeparately
1305/1909 Test #1083: EffectiveViscosityTest.RejectsNonFiniteMolecularViscosity ................................................   Passed    0.13 sec
          Start   47: MeshCell.RejectsNonFiniteGeometry
1306/1909 Test #1196: TurbulenceModelFactoryTest.KEpsilonOverloadRejectsUnsupportedModelNames ..................................   Passed    0.13 sec
          Start  385: GradientTest.PhiYGivesGradientZeroOne
1307/1909 Test  #915: CFLTest.MaxMeanAndMaxCellForNonUniformFlux ...............................................................   Passed    0.13 sec
          Start  710: TurbulenceCaseTest.RejectsKOmegaModelWithInitialEpsilonOnly
1308/1909 Test  #812: JSONWriterTest.ThermalEnabledIsFalseByDefault ............................................................   Passed    0.13 sec
          Start 1189: SSTModelTest.ConvergenceResidualIsNulloptBeforeFirstCorrect
1309/1909 Test #1050: InterfaceConductanceTest.RejectsNonPositiveDistance ......................................................   Passed    0.13 sec
          Start 1602: PisoTransientIntegrationTest.FailedPisoStepIsRejectedAndLeavesAcceptedStateBitIdentical
1310/1909 Test   #14: CoreTypes.AliasesAreUsable ...............................................................................   Passed    0.14 sec
          Start  500: TimeDerivativeTest.DifferentVolumesScaleDiagonalAndSourceIndependently
1311/1909 Test  #633: CaseReaderTest.MissingCaseDirectoryThrowsIOError .........................................................   Passed    0.14 sec
          Start  816: JSONWriterTest.RepeatedWriteIsByteIdentical
1312/1909 Test #1549: TransientMomentumAssemblyTest.RejectsVelocityPressureSizeMismatch ........................................   Passed    0.14 sec
          Start 1446: MomentumPredictorRelaxationTest.RelaxedSourceMatchesDerivationExactly
1313/1909 Test #1601: PisoTransientIntegrationTest.DirectPisoSequenceMatchesTransientSolverBitIdentical ........................   Passed    0.14 sec
          Start  191: Field.FillOverwritesAllElements
1314/1909 Test  #826: VTKWriterTest.MismatchedSizeThrows .......................................................................   Passed    0.15 sec
          Start  373: WallOmegaTest.RejectsInvalidBeta1
1315/1909 Test   #30: CoreTimer.ResetRestartsTiming ............................................................................   Passed    0.15 sec
          Start 1174: SSTEquationTest.TurbulentViscosityRejectsInvalidInputs
1316/1909 Test  #546: MomentumDiffusionTest.InteriorCellsMatchKnownQuadraticLaplacian ..........................................   Passed    0.15 sec
          Start  942: RestartSnapshotTest.NonFinitePressureIsRejected
1317/1909 Test  #676: CaseBuilderTest.BuildsExpectedBoundaryConditionTypes .....................................................   Passed    0.16 sec
          Start  947: RestartSnapshotTest.UnsupportedFormatVersionIsRejected
1318/1909 Test #1073: TurbulenceModelTest.NegativeTurbulentViscosityRejected ...................................................   Passed    0.16 sec
          Start 1564: CorrectionApplicationTest.ContinuityImprovesAfterCorrection
1319/1909 Test #1585: FinalCorrectionTest.PreviousStateRemainsUntouchedAndFirstCorrectionStateIsPreservedSeparately ............   Passed    0.17 sec
          Start  979: ThermalPropertiesTest.RejectsZeroConductivity
1320/1909 Test   #47: MeshCell.RejectsNonFiniteGeometry ........................................................................   Passed    0.19 sec
          Start 1475: SIMPLEFailureTest.MaxIterationsIsNotReportedAsConverged
1321/1909 Test  #385: GradientTest.PhiYGivesGradientZeroOne ....................................................................   Passed    0.20 sec
          Start  200: ScalarFieldTest.DivisionByZeroThrows
1322/1909 Test  #710: TurbulenceCaseTest.RejectsKOmegaModelWithInitialEpsilonOnly ..............................................   Passed    0.20 sec
          Start  908: TimeControllerTest.AdvanceFromStartingStepContinuesTheAbsoluteStepCount
1323/1909 Test #1189: SSTModelTest.ConvergenceResidualIsNulloptBeforeFirstCorrect ..............................................   Passed    0.22 sec
          Start 1114: KEpsilonModelTest.InitializedToConfiguredValuesEverywhere
1324/1909 Test #1602: PisoTransientIntegrationTest.FailedPisoStepIsRejectedAndLeavesAcceptedStateBitIdentical ..................   Passed    0.21 sec
          Start  985: ThermalPropertiesTest.ThermalDiffusivityRejectsZeroDensity
1325/1909 Test  #500: TimeDerivativeTest.DifferentVolumesScaleDiagonalAndSourceIndependently ...................................   Passed    0.21 sec
          Start  831: VTKWriterTest.MismatchedTemperatureSizeThrows
1326/1909 Test  #816: JSONWriterTest.RepeatedWriteIsByteIdentical ..............................................................   Passed    0.22 sec
          Start  412: DivergenceTest.ULinearGivesDivergenceTwo
1327/1909 Test #1446: MomentumPredictorRelaxationTest.RelaxedSourceMatchesDerivationExactly ....................................   Passed    0.22 sec
          Start 1450: MomentumPredictorRelaxationTest.RejectsMismatchedPreviousValueSize
1328/1909 Test  #191: Field.FillOverwritesAllElements ..........................................................................   Passed    0.23 sec
          Start 1439: SIMPLESettingsTest.AcceptsVelocityRelaxationExactlyOne
1329/1909 Test  #373: WallOmegaTest.RejectsInvalidBeta1 ........................................................................   Passed    0.23 sec
          Start  418: DiffusionTest.EqualsGammaTimesLaplacianForConstantGamma
1330/1909 Test #1174: SSTEquationTest.TurbulentViscosityRejectsInvalidInputs ...................................................   Passed    0.23 sec
          Start  328: WallTest.NormalAndTangentialComponentsAreZeroOnAllOrientations
1331/1909 Test  #942: RestartSnapshotTest.NonFinitePressureIsRejected ..........................................................   Passed    0.23 sec
          Start  667: CaseValidationTest.MissingPressureBlockIsRejected
1332/1909 Test  #947: RestartSnapshotTest.UnsupportedFormatVersionIsRejected ...................................................   Passed    0.22 sec
          Start  567: MomentumPressureTest.MismatchedPressureSizeThrows
1333/1909 Test #1564: CorrectionApplicationTest.ContinuityImprovesAfterCorrection ..............................................   Passed    0.22 sec
          Start 1776: RestartIOTest.ReadRejectsMissingRequiredField
1334/1909 Test  #979: ThermalPropertiesTest.RejectsZeroConductivity ............................................................   Passed    0.21 sec
          Start 1027: ThermalSolverTest.InvalidConfigurationForMismatchedMassFluxSize
1335/1909 Test #1475: SIMPLEFailureTest.MaxIterationsIsNotReportedAsConverged ..................................................   Passed    0.19 sec
          Start  383: GradientTest.ConstantFieldHasZeroGradient
1336/1909 Test  #200: ScalarFieldTest.DivisionByZeroThrows .....................................................................   Passed    0.18 sec
          Start  806: JSONWriterTest.CaseAndMeshMetadataAreCorrect
1337/1909 Test  #908: TimeControllerTest.AdvanceFromStartingStepContinuesTheAbsoluteStepCount ..................................   Passed    0.18 sec
          Start  910: TimeControllerTest.ResumedControllerMatchesContinuousControllerBitIdentically
1338/1909 Test #1114: KEpsilonModelTest.InitializedToConfiguredValuesEverywhere ................................................   Passed    0.19 sec
          Start  998: EnergyEquationConvectionTest.MismatchedMassFluxSizeThrows
1339/1909 Test  #985: ThermalPropertiesTest.ThermalDiffusivityRejectsZeroDensity ...............................................   Passed    0.18 sec
          Start  659: CaseValidationTest.UnknownPhysicsFieldIsRejected
1340/1909 Test  #831: VTKWriterTest.MismatchedTemperatureSizeThrows ............................................................   Passed    0.18 sec
          Start  329: MovingWallTest.CavityTopWallIsImpermeableAndTangential
1341/1909 Test  #412: DivergenceTest.ULinearGivesDivergenceTwo .................................................................   Passed    0.17 sec
          Start  441: ConvectionTest.UpwindSelectsOwnerForPositiveFluxNeighborForNegative
1342/1909 Test #1450: MomentumPredictorRelaxationTest.RejectsMismatchedPreviousValueSize .......................................   Passed    0.16 sec
          Start 1574: SecondPressureCorrectionTest.FirstCorrectionStateAndPreviousStateRemainUntouched
1343/1909 Test #1439: SIMPLESettingsTest.AcceptsVelocityRelaxationExactlyOne ...................................................   Passed    0.16 sec
          Start  193: ScalarFieldTest.ConstructionAndInitialization
1344/1909 Test  #418: DiffusionTest.EqualsGammaTimesLaplacianForConstantGamma ..................................................   Passed    0.16 sec
          Start  996: EnergyEquationConvectionTest.ConstantTemperatureWithDivergenceFreeFluxGivesZeroNetContribution
1345/1909 Test  #328: WallTest.NormalAndTangentialComponentsAreZeroOnAllOrientations ...........................................   Passed    0.17 sec
          Start  936: RestartSnapshotTest.RepeatedConstructionFromIdenticalStateIsDeterministic
1346/1909 Test  #667: CaseValidationTest.MissingPressureBlockIsRejected ........................................................   Passed    0.16 sec
          Start  666: CaseValidationTest.UnsupportedPressureBoundaryTypeIsRejected
1347/1909 Test  #567: MomentumPressureTest.MismatchedPressureSizeThrows ........................................................   Passed    0.17 sec
          Start  663: CaseValidationTest.MovingWallWithoutVelocityValueIsRejected
1348/1909 Test #1776: RestartIOTest.ReadRejectsMissingRequiredField ............................................................   Passed    0.16 sec
          Start  693: TurbulenceCaseTest.ExplicitLaminarModelCollapsesToNoTurbulenceConfig
1349/1909 Test #1027: ThermalSolverTest.InvalidConfigurationForMismatchedMassFluxSize ..........................................   Passed    0.17 sec
          Start  528: FluidPropertiesTest.RejectsNegativeViscosity
1350/1909 Test  #383: GradientTest.ConstantFieldHasZeroGradient ................................................................   Passed    0.18 sec
          Start  907: TimeControllerTest.StartingStepIsReflectedImmediately
1351/1909 Test  #806: JSONWriterTest.CaseAndMeshMetadataAreCorrect .............................................................   Passed    0.19 sec
          Start  948: RestartSnapshotTest.RealAcceptedPisoStateRoundTripsThroughSnapshotExactly
1352/1909 Test  #910: TimeControllerTest.ResumedControllerMatchesContinuousControllerBitIdentically ............................   Passed    0.19 sec
          Start 1004: EnergyEquationAssemblyTest.MismatchedTemperatureSizeThrows
1353/1909 Test  #998: EnergyEquationConvectionTest.MismatchedMassFluxSizeThrows ................................................   Passed    0.21 sec
          Start  706: TurbulenceCaseTest.RejectsSSTModelWithInitialEpsilonOnly
1354/1909 Test  #659: CaseValidationTest.UnknownPhysicsFieldIsRejected .........................................................   Passed    0.21 sec
          Start 1106: KEpsilonEquationTest.ImplicitSourceRejectsNonFiniteSuOrSp
1355/1909 Test  #329: MovingWallTest.CavityTopWallIsImpermeableAndTangential ...................................................   Passed    0.22 sec
          Start 1588: PisoTest.PreviousStateArgumentIsNotMutated
1356/1909 Test  #441: ConvectionTest.UpwindSelectsOwnerForPositiveFluxNeighborForNegative ......................................   Passed    0.22 sec
          Start  333: InletTest.InflowDotProductWithOutwardNormalIsNegative
1357/1909 Test #1574: SecondPressureCorrectionTest.FirstCorrectionStateAndPreviousStateRemainUntouched .........................   Passed    0.22 sec
          Start 1466: VelocityCorrectionTest.MismatchedSizeThrows
1358/1909 Test  #193: ScalarFieldTest.ConstructionAndInitialization ............................................................   Passed    0.21 sec
          Start  716: TurbulenceCaseTest.RejectsEpsilonRelaxationWithoutInitialEpsilon
1359/1909 Test  #996: EnergyEquationConvectionTest.ConstantTemperatureWithDivergenceFreeFluxGivesZeroNetContribution ...........   Passed    0.21 sec
          Start  823: VTKWriterTest.CellCountAndConnectivityAreCorrectFor2x2
1360/1909 Test  #936: RestartSnapshotTest.RepeatedConstructionFromIdenticalStateIsDeterministic ................................   Passed    0.20 sec
          Start   25: LoggerTest.MessagesAtOrAboveLevelAreEmittedWithPrefix
1361/1909 Test  #663: CaseValidationTest.MovingWallWithoutVelocityValueIsRejected ..............................................   Passed    0.19 sec
          Start  183: Field.DefaultConstructionIsEmpty
1362/1909 Test  #666: CaseValidationTest.UnsupportedPressureBoundaryTypeIsRejected .............................................   Passed    0.23 sec
          Start  195: ScalarFieldTest.Fill
1363/1909 Test  #693: TurbulenceCaseTest.ExplicitLaminarModelCollapsesToNoTurbulenceConfig .....................................   Passed    0.20 sec
          Start  335: OutletTest.VelocityZeroGradientReturnsOwnerValue
1364/1909 Test  #528: FluidPropertiesTest.RejectsNegativeViscosity .............................................................   Passed    0.21 sec
          Start 1056: RegionAwareThermalDiffusionTest.RepeatedAssemblyIsDeterministic
1365/1909 Test  #907: TimeControllerTest.StartingStepIsReflectedImmediately ....................................................   Passed    0.20 sec
          Start  244: SparseMatrixTest.RejectsRowOffsetsBackMismatch
1366/1909 Test  #948: RestartSnapshotTest.RealAcceptedPisoStateRoundTripsThroughSnapshotExactly ................................   Passed    0.18 sec
          Start 1455: PressureCorrectionTest.NonReferenceRowsConserveConstantInput
1367/1909 Test #1004: EnergyEquationAssemblyTest.MismatchedTemperatureSizeThrows ...............................................   Passed    0.17 sec
          Start  919: CFLTest.RejectsNonFiniteOrNonPositiveDensity
1368/1909 Test  #706: TurbulenceCaseTest.RejectsSSTModelWithInitialEpsilonOnly .................................................   Passed    0.16 sec
          Start  349: FixedTemperatureTest.TypeAndNameAreThermalSpecific
1369/1909 Test #1106: KEpsilonEquationTest.ImplicitSourceRejectsNonFiniteSuOrSp ................................................   Passed    0.16 sec
          Start  529: FluidPropertiesTest.RejectsNonFiniteDensity
1370/1909 Test #1588: PisoTest.PreviousStateArgumentIsNotMutated ...............................................................   Passed    0.16 sec
          Start  941: RestartSnapshotTest.NonFiniteVelocityIsRejected
1371/1909 Test  #333: InletTest.InflowDotProductWithOutwardNormalIsNegative ....................................................   Passed    0.16 sec
          Start 1053: RegionAwareThermalDiffusionTest.EqualConductivityMatchesSingleMaterialPathExactly
1372/1909 Test #1466: VelocityCorrectionTest.MismatchedSizeThrows ..............................................................   Passed    0.16 sec
          Start 1162: SSTEquationTest.CrossDiffusionSourceVanishesAtF1EqualsOne
1373/1909 Test  #716: TurbulenceCaseTest.RejectsEpsilonRelaxationWithoutInitialEpsilon .........................................   Passed    0.16 sec
          Start  551: MomentumDiffusionTest.NonUniformEffectiveViscosityChangesDiffusionCoefficients
1374/1909 Test  #823: VTKWriterTest.CellCountAndConnectivityAreCorrectFor2x2 ...................................................   Passed    0.16 sec
          Start 1152: SSTEquationTest.Alpha1MatchesHandDerivedValue
1375/1909 Test   #25: LoggerTest.MessagesAtOrAboveLevelAreEmittedWithPrefix ....................................................   Passed    0.17 sec
          Start 1090: LaminarModelTest.RepeatedCorrectIsDeterministic
1376/1909 Test  #183: Field.DefaultConstructionIsEmpty .........................................................................   Passed    0.17 sec
          Start 1548: TransientMomentumAssemblyTest.DiagonalIncludesExactTransientCoefficient
1377/1909 Test  #195: ScalarFieldTest.Fill .....................................................................................   Passed    0.16 sec
          Start   77: MeshQuality.DetectsOutOfRangeOwner
1378/1909 Test  #335: OutletTest.VelocityZeroGradientReturnsOwnerValue .........................................................   Passed    0.16 sec
          Start  556: MomentumConvectionTest.BoundaryInflowUsesBoundaryValueOnRhs
1379/1909 Test #1056: RegionAwareThermalDiffusionTest.RepeatedAssemblyIsDeterministic ..........................................   Passed    0.15 sec
          Start  798: CSVWriterTest.MismatchedTemperatureSizeThrows
1380/1909 Test  #244: SparseMatrixTest.RejectsRowOffsetsBackMismatch ...........................................................   Passed    0.14 sec
          Start  375: WallOmegaTest.RepeatedEvaluationIsDeterministic
1381/1909 Test #1455: PressureCorrectionTest.NonReferenceRowsConserveConstantInput .............................................   Passed    0.14 sec
          Start 1159: SSTEquationTest.BlendingIsExactForMultipleCoefficients
1382/1909 Test  #919: CFLTest.RejectsNonFiniteOrNonPositiveDensity .............................................................   Passed    0.15 sec
          Start  233: SparseMatrixTest.BuilderProducesExpectedCsr
1383/1909 Test  #349: FixedTemperatureTest.TypeAndNameAreThermalSpecific .......................................................   Passed    0.15 sec
          Start 1167: SSTEquationTest.F2RemainsBoundedAcrossRepresentativeStates
1384/1909 Test  #529: FluidPropertiesTest.RejectsNonFiniteDensity ..............................................................   Passed    0.14 sec
          Start  323: FixedGradientTest.NonzeroGradient
1385/1909 Test  #941: RestartSnapshotTest.NonFiniteVelocityIsRejected ..........................................................   Passed    0.15 sec
          Start  925: TransientSolverTest.PressureCorrectionFailurePropagates
1386/1909 Test #1053: RegionAwareThermalDiffusionTest.EqualConductivityMatchesSingleMaterialPathExactly ........................   Passed    0.15 sec
          Start   31: CoreTimer.SecondsAndMillisecondsAreConsistent
1387/1909 Test #1162: SSTEquationTest.CrossDiffusionSourceVanishesAtF1EqualsOne ................................................   Passed    0.16 sec
          Start  539: ContinuityEquationTest.InternalFacePairCancelsExactly
1388/1909 Test  #551: MomentumDiffusionTest.NonUniformEffectiveViscosityChangesDiffusionCoefficients ...........................   Passed    0.16 sec
          Start 1461: VelocityCorrectionTest.ConstantPressureCorrectionGivesZeroVelocityCorrection
1389/1909 Test #1152: SSTEquationTest.Alpha1MatchesHandDerivedValue ............................................................   Passed    0.16 sec
          Start  540: ContinuityEquationTest.UniformChannelHasLocalBalanceEverywhere
1390/1909 Test #1090: LaminarModelTest.RepeatedCorrectIsDeterministic ..........................................................   Passed    0.16 sec
          Start 1123: KEpsilonModelTest.EffectiveViscosityEqualsMolecularPlusTurbulent
1391/1909 Test #1548: TransientMomentumAssemblyTest.DiagonalIncludesExactTransientCoefficient ..................................   Passed    0.15 sec
          Start 1563: CorrectionApplicationTest.FullPipelineFromRestProducesFiniteCorrectedState
1392/1909 Test   #77: MeshQuality.DetectsOutOfRangeOwner .......................................................................   Passed    0.15 sec
          Start  261: CGTest.IdentityMatrixSolvesImmediately
1393/1909 Test  #556: MomentumConvectionTest.BoundaryInflowUsesBoundaryValueOnRhs ..............................................   Passed    0.15 sec
          Start  527: FluidPropertiesTest.RejectsZeroViscosity
1394/1909 Test  #798: CSVWriterTest.MismatchedTemperatureSizeThrows ............................................................   Passed    0.15 sec
          Start 1098: TurbulenceProductionTest.NormalStrainContributesWithFactorTwo
1395/1909 Test  #375: WallOmegaTest.RepeatedEvaluationIsDeterministic ..........................................................   Passed    0.15 sec
          Start  184: Field.SizedConstructionValueInitializes
1396/1909 Test #1159: SSTEquationTest.BlendingIsExactForMultipleCoefficients ...................................................   Passed    0.15 sec
          Start  364: AdiabaticTest.TypeAndNameAreThermalSpecific
1397/1909 Test  #233: SparseMatrixTest.BuilderProducesExpectedCsr ..............................................................   Passed    0.15 sec
          Start 1448: MomentumPredictorRelaxationTest.AlphaOneIsAnExactNoOp
1398/1909 Test #1167: SSTEquationTest.F2RemainsBoundedAcrossRepresentativeStates ...............................................   Passed    0.15 sec
          Start 1600: PisoTest.AccessorsReturnConstructedValues
1399/1909 Test  #323: FixedGradientTest.NonzeroGradient ........................................................................   Passed    0.15 sec
          Start 1454: PressureCorrectionTest.ConstantResponseCoefficientGivesSymmetricInternalCoupling
1400/1909 Test  #925: TransientSolverTest.PressureCorrectionFailurePropagates ..................................................   Passed    0.15 sec
          Start  348: FixedTemperatureTest.StoresAndReturnsExactTemperature
1401/1909 Test   #31: CoreTimer.SecondsAndMillisecondsAreConsistent ............................................................   Passed    0.14 sec
          Start   60: MeshGeometry.DistanceAndDisplacement
1402/1909 Test  #539: ContinuityEquationTest.InternalFacePairCancelsExactly ....................................................   Passed    0.14 sec
          Start 1181: SSTModelTest.ConstructionMuTReducesToStandardKOmegaForm
1403/1909 Test #1461: VelocityCorrectionTest.ConstantPressureCorrectionGivesZeroVelocityCorrection .............................   Passed    0.14 sec
          Start  987: ThermalPropertiesTest.ThermalDiffusivityRejectsNonFiniteDensity
1404/1909 Test  #540: ContinuityEquationTest.UniformChannelHasLocalBalanceEverywhere ...........................................   Passed    0.14 sec
          Start 1116: KEpsilonModelTest.RejectsInvalidInitialK
1405/1909 Test #1123: KEpsilonModelTest.EffectiveViscosityEqualsMolecularPlusTurbulent .........................................   Passed    0.14 sec
          Start 1170: SSTEquationTest.KDiffusivityMatchesHandDerivedBlendedValue
1406/1909 Test #1563: CorrectionApplicationTest.FullPipelineFromRestProducesFiniteCorrectedState ...............................   Passed    0.13 sec
          Start  809: JSONWriterTest.FinalResidualsAndMassImbalanceAreCorrect
1407/1909 Test  #261: CGTest.IdentityMatrixSolvesImmediately ...................................................................   Passed    0.13 sec
          Start  356: HeatFluxTest.ExposesHeatFluxAndConductivity
1408/1909 Test  #527: FluidPropertiesTest.RejectsZeroViscosity .................................................................   Passed    0.14 sec
          Start  649: CaseValidationTest.UnsupportedGeometryTypeIsRejected
1409/1909 Test #1098: TurbulenceProductionTest.NormalStrainContributesWithFactorTwo ............................................   Passed    0.14 sec
          Start 1173: SSTEquationTest.TurbulentViscosityStrainDominatedBranch
1410/1909 Test  #184: Field.SizedConstructionValueInitializes ..................................................................   Passed    0.13 sec
          Start 1462: VelocityCorrectionTest.LinearPressureCorrectionGivesExpectedComponentwiseCorrection
1411/1909 Test  #364: AdiabaticTest.TypeAndNameAreThermalSpecific ..............................................................   Passed    0.14 sec
          Start  347: ChannelBoundaryConfigurationTest.InletOutletWallSetup
1412/1909 Test #1448: MomentumPredictorRelaxationTest.AlphaOneIsAnExactNoOp ....................................................   Passed    0.15 sec
          Start  705: TurbulenceCaseTest.RejectsUnsupportedModelName
1413/1909 Test #1600: PisoTest.AccessorsReturnConstructedValues ................................................................   Passed    0.16 sec
          Start  523: FluidPropertiesTest.StoresDensityAndViscosity
1414/1909 Test #1454: PressureCorrectionTest.ConstantResponseCoefficientGivesSymmetricInternalCoupling .........................   Passed    0.17 sec
          Start  190: Field.DataProvidesContiguousAccess
1415/1909 Test  #348: FixedTemperatureTest.StoresAndReturnsExactTemperature ....................................................   Passed    0.18 sec
          Start  791: CSVWriterTest.WriteResidualsHeaderAndRowCount
1416/1909 Test   #60: MeshGeometry.DistanceAndDisplacement .....................................................................   Passed    0.18 sec
          Start  508: VectorGradientTest.UniformVelocityGivesZeroGradientEverywhere
1417/1909 Test #1181: SSTModelTest.ConstructionMuTReducesToStandardKOmegaForm ..................................................   Passed    0.18 sec
          Start  213: FieldArithmetic.ScalarFieldRejectsSizeMismatch
1418/1909 Test  #987: ThermalPropertiesTest.ThermalDiffusivityRejectsNonFiniteDensity ..........................................   Passed    0.19 sec
          Start  703: TurbulenceCaseTest.BuilderConstructsSSTConfigAndBoundaries
1419/1909 Test #1116: KEpsilonModelTest.RejectsInvalidInitialK .................................................................   Passed    0.19 sec
          Start  653: CaseValidationTest.ZeroNxIsRejected
1420/1909 Test #1170: SSTEquationTest.KDiffusivityMatchesHandDerivedBlendedValue ...............................................   Passed    0.19 sec
          Start   99: CartesianMesh.TwoByTwo
1421/1909 Test  #809: JSONWriterTest.FinalResidualsAndMassImbalanceAreCorrect ..................................................   Passed    0.19 sec
          Start  796: CSVWriterTest.OmitsTemperatureColumnWhenNotProvided
1422/1909 Test  #356: HeatFluxTest.ExposesHeatFluxAndConductivity ..............................................................   Passed    0.20 sec
          Start 1180: SSTModelTest.InitializedToConfiguredValuesEverywhere
1423/1909 Test  #649: CaseValidationTest.UnsupportedGeometryTypeIsRejected .....................................................   Passed    0.19 sec
          Start 1177: SSTEquationTest.ProductionLimiterRejectsInvalidFactorOrBetaStar
1424/1909 Test #1173: SSTEquationTest.TurbulentViscosityStrainDominatedBranch ..................................................   Passed    0.19 sec
          Start 1002: EnergyEquationAssemblyTest.CombinedAssemblyMatchesHandDerivedCoefficients
1425/1909 Test #1462: VelocityCorrectionTest.LinearPressureCorrectionGivesExpectedComponentwiseCorrection ......................   Passed    0.19 sec
          Start 1582: FinalCorrectionTest.ControlledPartialCorrectionShowsRc2BelowRc1
1426/1909 Test  #347: ChannelBoundaryConfigurationTest.InletOutletWallSetup ....................................................   Passed    0.18 sec
          Start  194: ScalarFieldTest.MutationIsIndependentAfterCopy
1427/1909 Test  #523: FluidPropertiesTest.StoresDensityAndViscosity ............................................................   Passed    0.15 sec
          Start  980: ThermalPropertiesTest.RejectsNegativeConductivity
1428/1909 Test  #705: TurbulenceCaseTest.RejectsUnsupportedModelName ...........................................................   Passed    0.18 sec
          Start 1438: SIMPLESettingsTest.RejectsVelocityRelaxationAboveOne
1429/1909 Test  #190: Field.DataProvidesContiguousAccess .......................................................................   Passed    0.16 sec
          Start  443: ConvectionTest.BoundaryInflowUsesGhostReflectedValue
1430/1909 Test  #791: CSVWriterTest.WriteResidualsHeaderAndRowCount ............................................................   Passed    0.16 sec
          Start 1048: InterfaceConductanceTest.EqualConductivityReducesToPlainFormula
1431/1909 Test  #508: VectorGradientTest.UniformVelocityGivesZeroGradientEverywhere ............................................   Passed    0.17 sec
          Start 1120: KEpsilonModelTest.CorrectRejectsMismatchedVelocitySize
1432/1909 Test  #213: FieldArithmetic.ScalarFieldRejectsSizeMismatch ...........................................................   Passed    0.16 sec
          Start 1165: SSTEquationTest.CrossDiffusionSourceCanBeNegative
1433/1909 Test  #703: TurbulenceCaseTest.BuilderConstructsSSTConfigAndBoundaries ...............................................   Passed    0.17 sec
          Start  783: CSVWriterTest.WriteFieldsHeaderIsExact
1434/1909 Test  #653: CaseValidationTest.ZeroNxIsRejected ......................................................................   Passed    0.17 sec
          Start 1578: FinalCorrectionTest.TwoCellPartialFirstCorrectionPlusSecondReconstructsFullSingleCorrection
1435/1909 Test   #99: CartesianMesh.TwoByTwo ...................................................................................   Passed    0.17 sec
          Start 1580: FinalCorrectionTest.WallNormalBoundaryFluxStaysExactlyZeroInFinalState
1436/1909 Test  #796: CSVWriterTest.OmitsTemperatureColumnWhenNotProvided ......................................................   Passed    0.17 sec
          Start  253: JacobiTest.DiagonalMatrixExactInverse
1437/1909 Test #1180: SSTModelTest.InitializedToConfiguredValuesEverywhere .....................................................   Passed    0.17 sec
          Start  988: EnergyEquationDiffusionTest.TwoCellSystemMatchesHandDerivedCoefficients
1438/1909 Test #1177: SSTEquationTest.ProductionLimiterRejectsInvalidFactorOrBetaStar ..........................................   Passed    0.17 sec
          Start 1139: KOmegaModelTest.TurbulentViscosityVanishesAsKVanishes
1439/1909 Test #1002: EnergyEquationAssemblyTest.CombinedAssemblyMatchesHandDerivedCoefficients ................................   Passed    0.17 sec
          Start 1575: SecondPressureCorrectionTest.RepeatedSecondCorrectionAssemblyIsBitIdentical
1440/1909 Test #1582: FinalCorrectionTest.ControlledPartialCorrectionShowsRc2BelowRc1 ..........................................   Passed    0.17 sec
          Start  334: InletTest.RejectsNonFiniteVelocity
1441/1909 Test  #194: ScalarFieldTest.MutationIsIndependentAfterCopy ...........................................................   Passed    0.17 sec
          Start  562: MomentumPressureTest.LinearPressureYGivesNegativeYSourceZeroXSource
1442/1909 Test  #980: ThermalPropertiesTest.RejectsNegativeConductivity ........................................................   Passed    0.16 sec
          Start  983: ThermalPropertiesTest.RejectsNonFiniteConductivity
1443/1909 Test #1438: SIMPLESettingsTest.RejectsVelocityRelaxationAboveOne .....................................................   Passed    0.16 sec
          Start  901: TimeControllerTest.RejectsNonPositiveDeltaT
1444/1909 Test  #443: ConvectionTest.BoundaryInflowUsesGhostReflectedValue .....................................................   Passed    0.17 sec
          Start 1201: TurbulenceModelFactoryTest.SSTNameCreatesSSTModel
1445/1909 Test #1048: InterfaceConductanceTest.EqualConductivityReducesToPlainFormula ..........................................   Passed    0.16 sec
          Start  206: VectorFieldTest.ScalarMultiplicationBothOrders
1446/1909 Test #1120: KEpsilonModelTest.CorrectRejectsMismatchedVelocitySize ...................................................   Passed    0.15 sec
          Start 1547: TransientMomentumAssemblyTest.PreviousComponentValueIsNotMutated
1447/1909 Test #1165: SSTEquationTest.CrossDiffusionSourceCanBeNegative ........................................................   Passed    0.15 sec
          Start 1481: SIMPLEFailureTest.OutOfRangeReferenceCellReportsInvalidConfiguration
1448/1909 Test  #783: CSVWriterTest.WriteFieldsHeaderIsExact ...................................................................   Passed    0.15 sec
          Start  943: RestartSnapshotTest.NonFiniteMassFluxIsRejected
1449/1909 Test #1578: FinalCorrectionTest.TwoCellPartialFirstCorrectionPlusSecondReconstructsFullSingleCorrection ..............   Passed    0.15 sec
          Start  338: SymmetryTest.TopPlaneRemovesNormalComponent
1450/1909 Test #1580: FinalCorrectionTest.WallNormalBoundaryFluxStaysExactlyZeroInFinalState ...................................   Passed    0.15 sec
          Start  827: VTKWriterTest.NonFiniteValueThrows
1451/1909 Test  #253: JacobiTest.DiagonalMatrixExactInverse ....................................................................   Passed    0.15 sec
          Start  219: FieldArithmetic.TwoByTwoMeshIntegration
1452/1909 Test  #988: EnergyEquationDiffusionTest.TwoCellSystemMatchesHandDerivedCoefficients ..................................   Passed    0.15 sec
          Start  664: CaseValidationTest.WallWithUnexpectedVelocityValueIsRejected
1453/1909 Test #1139: KOmegaModelTest.TurbulentViscosityVanishesAsKVanishes ....................................................   Passed    0.15 sec
          Start  416: LaplacianTest.PhiYHasZeroLaplacian
1454/1909 Test #1575: SecondPressureCorrectionTest.RepeatedSecondCorrectionAssemblyIsBitIdentical ..............................   Passed    0.15 sec
          Start 1199: TurbulenceModelFactoryTest.KOmegaOverloadRejectsUnsupportedModelNames
1455/1909 Test  #334: InletTest.RejectsNonFiniteVelocity .......................................................................   Passed    0.16 sec
          Start 1144: SSTCoefficientsTest.DefaultsMatchStandardModel
1456/1909 Test  #562: MomentumPressureTest.LinearPressureYGivesNegativeYSourceZeroXSource ......................................   Passed    0.16 sec
          Start  369: WallOmegaTest.SmallerDistanceGivesLargerOmega
1457/1909 Test  #983: ThermalPropertiesTest.RejectsNonFiniteConductivity .......................................................   Passed    0.16 sec
          Start  708: TurbulenceCaseTest.RejectsNeitherInitialEpsilonNorInitialOmega
1458/1909 Test  #901: TimeControllerTest.RejectsNonPositiveDeltaT ..............................................................   Passed    0.15 sec
          Start  108: MeshFingerprintTest.DifferentResolutionProducesDifferentFingerprint
1459/1909 Test #1201: TurbulenceModelFactoryTest.SSTNameCreatesSSTModel ........................................................   Passed    0.15 sec
          Start  699: TurbulenceCaseTest.ParsesKOmegaConfigWhenEnabled
1460/1909 Test  #206: VectorFieldTest.ScalarMultiplicationBothOrders ...........................................................   Passed    0.14 sec
          Start 1469: FluxCorrectionTest.ConstantPressureCorrectionGivesZeroFluxCorrectionEverywhere
1461/1909 Test #1547: TransientMomentumAssemblyTest.PreviousComponentValueIsNotMutated .........................................   Passed    0.14 sec
          Start 1076: ValidateTurbulentViscosityFieldTest.AcceptsCorrectlySizedFiniteNonNegativeField
1462/1909 Test #1481: SIMPLEFailureTest.OutOfRangeReferenceCellReportsInvalidConfiguration .....................................   Passed    0.14 sec
          Start 1482: SIMPLENonFiniteTest.NaNInitialVelocityIsDetectedImmediately
1463/1909 Test  #943: RestartSnapshotTest.NonFiniteMassFluxIsRejected ..........................................................   Passed    0.13 sec
          Start 1449: MomentumPredictorRelaxationTest.RejectsAlphaOutOfRange
1464/1909 Test  #338: SymmetryTest.TopPlaneRemovesNormalComponent ..............................................................   Passed    0.13 sec
          Start 1576: FinalCorrectionTest.ZeroSecondCorrectionLeavesFirstCorrectionStateBitIdentical
1465/1909 Test  #827: VTKWriterTest.NonFiniteValueThrows .......................................................................   Passed    0.13 sec
          Start 1138: KOmegaModelTest.RejectsInvalidCoefficients
1466/1909 Test  #219: FieldArithmetic.TwoByTwoMeshIntegration ..................................................................   Passed    0.13 sec
          Start 1010: EnergyEquationThermalBCIntegrationTest.FixedTemperatureGivesIdenticalResultToEquivalentFixedValue
1467/1909 Test  #664: CaseValidationTest.WallWithUnexpectedVelocityValueIsRejected .............................................   Passed    0.14 sec
          Start  384: GradientTest.PhiXGivesGradientOneZero
1468/1909 Test  #416: LaplacianTest.PhiYHasZeroLaplacian .......................................................................   Passed    0.14 sec
          Start  414: DivergenceTest.GlobalDivergenceTheoremHolds
1469/1909 Test #1199: TurbulenceModelFactoryTest.KOmegaOverloadRejectsUnsupportedModelNames ....................................   Passed    0.13 sec
          Start  321: FixedValueTest.ExposesTypeAndName
1470/1909 Test #1144: SSTCoefficientsTest.DefaultsMatchStandardModel ...........................................................   Passed    0.13 sec
          Start 1133: KOmegaModelTest.FieldsSizedToMeshAtConstruction
1471/1909 Test  #369: WallOmegaTest.SmallerDistanceGivesLargerOmega ............................................................   Passed    0.14 sec
          Start 1447: MomentumPredictorRelaxationTest.OffDiagonalCoefficientsAreUnchanged
1472/1909 Test  #708: TurbulenceCaseTest.RejectsNeitherInitialEpsilonNorInitialOmega ...........................................   Passed    0.14 sec
          Start 1606: PisoTransientIntegrationTest.RealComputedCflCanTriggerCflViolationWhenFailAboveIsLow
1473/1909 Test  #108: MeshFingerprintTest.DifferentResolutionProducesDifferentFingerprint ......................................   Passed    0.14 sec
          Start  504: TimeDerivativeTest.RejectsNonFiniteOrNonPositiveDensity
1474/1909 Test  #699: TurbulenceCaseTest.ParsesKOmegaConfigWhenEnabled .........................................................   Passed    0.14 sec
          Start  341: BoundaryConditionSetTest.RejectsUnknownPatch
1475/1909 Test #1469: FluxCorrectionTest.ConstantPressureCorrectionGivesZeroFluxCorrectionEverywhere ...........................   Passed    0.14 sec
          Start   27: LoggerTest.WarningAndErrorGoToStderr
1476/1909 Test #1076: ValidateTurbulentViscosityFieldTest.AcceptsCorrectlySizedFiniteNonNegativeField ..........................   Passed    0.14 sec
          Start  322: FixedValueTest.RejectsNonFiniteValue
1477/1909 Test #1482: SIMPLENonFiniteTest.NaNInitialVelocityIsDetectedImmediately ..............................................   Passed    0.14 sec
          Start  537: MassFluxTest.MismatchedVelocitySizeThrows
1478/1909 Test #1449: MomentumPredictorRelaxationTest.RejectsAlphaOutOfRange ...................................................   Passed    0.15 sec
          Start 1590: PisoTest.OneStepResultIsFiniteOnCavity
1479/1909 Test #1576: FinalCorrectionTest.ZeroSecondCorrectionLeavesFirstCorrectionStateBitIdentical ...........................   Passed    0.15 sec
          Start 1028: ThermalSolverTest.MaxIterationsWhenOuterBudgetTooSmall
1480/1909 Test #1138: KOmegaModelTest.RejectsInvalidCoefficients ...............................................................   Passed    0.15 sec
          Start 1094: LaminarModelTest.PolymorphicUseThroughBaseInterfaceWorks
1481/1909 Test #1010: EnergyEquationThermalBCIntegrationTest.FixedTemperatureGivesIdenticalResultToEquivalentFixedValue ........   Passed    0.14 sec
          Start  933: RestartSnapshotTest.VelocityPressureFluxCopiedExactly
1482/1909 Test  #384: GradientTest.PhiXGivesGradientOneZero ....................................................................   Passed    0.14 sec
          Start 1141: KOmegaModelTest.CorrectProducesPositiveFiniteFieldsForARealFlow
1483/1909 Test  #414: DivergenceTest.GlobalDivergenceTheoremHolds ..............................................................   Passed    0.14 sec
          Start  421: DiffusionTest.ZeroFluxBoundaryConservesGlobally
1484/1909 Test  #321: FixedValueTest.ExposesTypeAndName ........................................................................   Passed    0.15 sec
          Start   69: MeshQuality.UniformSquareGridIsValidWithUnitAspectRatio
1485/1909 Test #1133: KOmegaModelTest.FieldsSizedToMeshAtConstruction ..........................................................   Passed    0.16 sec
          Start  639: CaseReaderTest.ManifestCanReferenceAlternativeFilenames
1486/1909 Test #1447: MomentumPredictorRelaxationTest.OffDiagonalCoefficientsAreUnchanged ......................................   Passed    0.15 sec
          Start 1046: ThermalRegionMapTest.RegionForCellOutOfRangeThrows
1487/1909 Test #1606: PisoTransientIntegrationTest.RealComputedCflCanTriggerCflViolationWhenFailAboveIsLow .....................   Passed    0.15 sec
          Start  104: MeshFingerprintTest.IsNonEmpty
1488/1909 Test  #504: TimeDerivativeTest.RejectsNonFiniteOrNonPositiveDensity ..................................................   Passed    0.15 sec
          Start  918: CFLTest.RejectsNonFiniteDt
1489/1909 Test  #341: BoundaryConditionSetTest.RejectsUnknownPatch .............................................................   Passed    0.17 sec
          Start 1561: CorrectionApplicationTest.TwoCellProbeCorrectionMatchesHandDerivation
1490/1909 Test   #27: LoggerTest.WarningAndErrorGoToStderr .....................................................................   Passed    0.20 sec
          Start   17: CoreConstants.ToleranceOrdering
1491/1909 Test  #322: FixedValueTest.RejectsNonFiniteValue .....................................................................   Passed    0.24 sec
          Start  210: SurfaceFieldTest.SizedConstructionAndFill
1492/1909 Test  #537: MassFluxTest.MismatchedVelocitySizeThrows ................................................................   Passed    0.23 sec
          Start 1108: KEpsilonEquationTest.PureSourceOnlyAddsExactlyToRhsAndDiagonal
1493/1909 Test #1590: PisoTest.OneStepResultIsFiniteOnCavity ...................................................................   Passed    0.23 sec
          Start  661: CaseValidationTest.MissingBoundaryPatchIsRejected
1494/1909 Test #1028: ThermalSolverTest.MaxIterationsWhenOuterBudgetTooSmall ...................................................   Passed    0.24 sec
          Start 1460: PressureCorrectionTest.OpenBoundaryDoesNotForceReferenceCellRow
1495/1909 Test #1094: LaminarModelTest.PolymorphicUseThroughBaseInterfaceWorks .................................................   Passed    0.34 sec
          Start   63: MeshGeometry.OwnerNeighborDistanceRejectsBoundaryFace
1496/1909 Test  #933: RestartSnapshotTest.VelocityPressureFluxCopiedExactly ....................................................   Passed    0.38 sec
          Start 1774: RestartIOTest.ReadRejectsMalformedJsonSyntax
1497/1909 Test #1141: KOmegaModelTest.CorrectProducesPositiveFiniteFieldsForARealFlow ..........................................   Passed    0.38 sec
          Start  346: CavityBoundaryConfigurationTest.LidDrivenCavitySetup
1498/1909 Test  #421: DiffusionTest.ZeroFluxBoundaryConservesGlobally ..........................................................   Passed    0.39 sec
          Start 1054: RegionAwareThermalDiffusionTest.MismatchedTemperatureSizeThrows
1499/1909 Test   #69: MeshQuality.UniformSquareGridIsValidWithUnitAspectRatio ..................................................   Passed    0.38 sec
          Start 1546: TransientMomentumTermTest.RejectsSizeMismatch
1500/1909 Test  #639: CaseReaderTest.ManifestCanReferenceAlternativeFilenames ..................................................   Passed    0.38 sec
          Start  695: TurbulenceCaseTest.ParsesKEpsilonConfigWhenEnabled
1501/1909 Test #1046: ThermalRegionMapTest.RegionForCellOutOfRangeThrows .......................................................   Passed    0.39 sec
          Start  548: MomentumDiffusionTest.DiagonalIsFinitePositiveAndNonzero
1502/1909 Test  #104: MeshFingerprintTest.IsNonEmpty ...........................................................................   Passed    0.39 sec
          Start  897: TimeControllerTest.StartEqualsEndIsImmediatelyFinished
1503/1909 Test  #918: CFLTest.RejectsNonFiniteDt ...............................................................................   Passed    0.38 sec
          Start 1126: KOmegaEquationTest.LinearFormDiffersFromKEpsilonReciprocalForm
1504/1909 Test #1561: CorrectionApplicationTest.TwoCellProbeCorrectionMatchesHandDerivation ....................................   Passed    0.35 sec
          Start  216: FieldArithmetic.ScalarIdentities
1505/1909 Test   #17: CoreConstants.ToleranceOrdering ..........................................................................   Passed    0.32 sec
          Start  904: TimeControllerTest.RejectsNonFiniteInputs
1506/1909 Test  #210: SurfaceFieldTest.SizedConstructionAndFill ................................................................   Passed    0.33 sec
          Start  100: CartesianMesh.FourByThree
1507/1909 Test #1108: KEpsilonEquationTest.PureSourceOnlyAddsExactlyToRhsAndDiagonal ...........................................   Passed    0.33 sec
          Start 1029: ThermalSolverTest.LinearSolveFailureWhenInnerSolverIsStarved
1508/1909 Test  #661: CaseValidationTest.MissingBoundaryPatchIsRejected ........................................................   Passed    0.33 sec
          Start  926: TransientSolverTest.StepReportedNonFiniteStatePropagates
1509/1909 Test #1460: PressureCorrectionTest.OpenBoundaryDoesNotForceReferenceCellRow ..........................................   Passed    0.25 sec
          Start  363: AdiabaticTest.EquivalentToZeroHeatFluxForAnyConductivity
1510/1909 Test   #63: MeshGeometry.OwnerNeighborDistanceRejectsBoundaryFace ....................................................   Passed    0.18 sec
          Start  209: VectorFieldTest.SelfSubtractionIsZeroField
1511/1909 Test #1774: RestartIOTest.ReadRejectsMalformedJsonSyntax .............................................................   Passed    0.18 sec
          Start  534: MassFluxTest.TangentialMovingWallGivesZeroFlux
1512/1909 Test  #346: CavityBoundaryConfigurationTest.LidDrivenCavitySetup .....................................................   Passed    0.18 sec
          Start  686: ThermalCaseTest.RejectsUnknownThermalKey
1513/1909 Test #1054: RegionAwareThermalDiffusionTest.MismatchedTemperatureSizeThrows ..........................................   Passed    0.18 sec
          Start   98: CartesianMesh.OneByTwo
1514/1909 Test #1546: TransientMomentumTermTest.RejectsSizeMismatch ............................................................   Passed    0.18 sec
          Start  320: FixedValueTest.BoundaryValueIgnoresOwnerValue
1515/1909 Test  #695: TurbulenceCaseTest.ParsesKEpsilonConfigWhenEnabled .......................................................   Passed    0.18 sec
          Start  992: EnergyEquationDiffusionTest.MismatchedTemperatureSizeThrows
1516/1909 Test  #548: MomentumDiffusionTest.DiagonalIsFinitePositiveAndNonzero .................................................   Passed    0.19 sec
          Start 1587: PisoTest.OneStepMatchesIndependentManualPipelineBitIdentical
1517/1909 Test  #897: TimeControllerTest.StartEqualsEndIsImmediatelyFinished ...................................................   Passed    0.18 sec
          Start  691: ThermalCaseTest.RejectsTemperatureKeyWhenThermalDisabled
1518/1909 Test #1126: KOmegaEquationTest.LinearFormDiffersFromKEpsilonReciprocalForm ...........................................   Passed    0.18 sec
          Start   50: MeshFace.AreaIsMagnitudeOfAreaVector
1519/1909 Test  #216: FieldArithmetic.ScalarIdentities .........................................................................   Passed    0.17 sec
          Start  900: TimeControllerTest.AdvanceAfterFinishedThrows
1520/1909 Test  #904: TimeControllerTest.RejectsNonFiniteInputs ................................................................   Passed    0.16 sec
          Start 1594: PisoTest.NonPositiveOrNonFiniteDtReturnsInvalidConfiguration
1521/1909 Test  #100: CartesianMesh.FourByThree ................................................................................   Passed    0.16 sec
          Start 1026: ThermalSolverTest.InvalidConfigurationForMismatchedTemperatureSize
1522/1909 Test #1029: ThermalSolverTest.LinearSolveFailureWhenInnerSolverIsStarved .............................................   Passed    0.16 sec
          Start  271: BiCGSTABTest.ZeroRhsConvergesImmediately
1523/1909 Test  #926: TransientSolverTest.StepReportedNonFiniteStatePropagates .................................................   Passed    0.16 sec
          Start   61: MeshGeometry.UnitNormalHasUnitMagnitude
1524/1909 Test  #363: AdiabaticTest.EquivalentToZeroHeatFluxForAnyConductivity .................................................   Passed    0.16 sec
          Start  225: AlgebraVector.Subtraction
1525/1909 Test  #209: VectorFieldTest.SelfSubtractionIsZeroField ...............................................................   Passed    0.16 sec
          Start 1608: PisoTransientIntegrationTest.CallerInitialStateArgumentIsNotMutated
1526/1909 Test  #534: MassFluxTest.TangentialMovingWallGivesZeroFlux ...........................................................   Passed    0.17 sec
          Start 1445: MomentumPredictorRelaxationTest.RelaxedDiagonalMatchesAPOverAlphaExactly
1527/1909 Test  #686: ThermalCaseTest.RejectsUnknownThermalKey .................................................................   Passed    0.17 sec
          Start 1043: ThermalRegionMapTest.RejectsDuplicateRegionNames
1528/1909 Test   #98: CartesianMesh.OneByTwo ...................................................................................   Passed    0.17 sec
          Start  340: SymmetryTest.RejectsNonUnitNormal
1529/1909 Test  #320: FixedValueTest.BoundaryValueIgnoresOwnerValue ............................................................   Passed    0.17 sec
          Start  788: CSVWriterTest.WriteFieldsMismatchedSizeThrows
1530/1909 Test  #992: EnergyEquationDiffusionTest.MismatchedTemperatureSizeThrows ..............................................   Passed    0.15 sec
          Start  411: DivergenceTest.ConstantVectorFieldHasZeroDivergence
1531/1909 Test #1587: PisoTest.OneStepMatchesIndependentManualPipelineBitIdentical .............................................   Passed    0.16 sec
          Start 1597: PisoTest.NonFiniteInputStateReturnsNonFiniteState
1532/1909 Test  #691: ThermalCaseTest.RejectsTemperatureKeyWhenThermalDisabled .................................................   Passed    0.16 sec
          Start  102: CartesianMesh.DeterministicGeneration
1533/1909 Test   #50: MeshFace.AreaIsMagnitudeOfAreaVector .....................................................................   Passed    0.16 sec
          Start  359: HeatFluxTest.RejectsNonFiniteHeatFlux
1534/1909 Test  #900: TimeControllerTest.AdvanceAfterFinishedThrows ............................................................   Passed    0.16 sec
          Start  217: FieldArithmetic.VectorIdentities
1535/1909 Test #1594: PisoTest.NonPositiveOrNonFiniteDtReturnsInvalidConfiguration .............................................   Passed    0.15 sec
          Start 1610: PISOTurbulenceTest.ElevatedEddyViscosityChangesPredictedState
1536/1909 Test #1026: ThermalSolverTest.InvalidConfigurationForMismatchedTemperatureSize .......................................   Passed    0.15 sec
          Start  944: RestartSnapshotTest.NonFiniteTimeIsRejected
1537/1909 Test  #271: BiCGSTABTest.ZeroRhsConvergesImmediately .................................................................   Passed    0.15 sec
          Start  530: FluidPropertiesTest.RejectsNonFiniteViscosity
1538/1909 Test   #61: MeshGeometry.UnitNormalHasUnitMagnitude ..................................................................   Passed    0.14 sec
          Start  671: CaseValidationTest.NonPositiveToleranceIsRejected
1539/1909 Test  #225: AlgebraVector.Subtraction ................................................................................   Passed    0.14 sec
          Start   16: CoreConstants.DerivedAnglesAreConsistent
1540/1909 Test #1608: PisoTransientIntegrationTest.CallerInitialStateArgumentIsNotMutated ......................................   Passed    0.14 sec
          Start  670: CaseValidationTest.ZeroRelaxationIsRejected
1541/1909 Test #1445: MomentumPredictorRelaxationTest.RelaxedDiagonalMatchesAPOverAlphaExactly .................................   Passed    0.12 sec
          Start  822: VTKWriterTest.PointCountMatchesStructuredGrid
1542/1909 Test #1043: ThermalRegionMapTest.RejectsDuplicateRegionNames .........................................................   Passed    0.12 sec
          Start 1045: ThermalRegionMapTest.RejectsOutOfRangeRegionIndex
1543/1909 Test  #340: SymmetryTest.RejectsNonUnitNormal ........................................................................   Passed    0.14 sec
          Start 1088: LaminarModelTest.EffectiveViscosityEqualsMolecularViscosity
1544/1909 Test  #788: CSVWriterTest.WriteFieldsMismatchedSizeThrows ............................................................   Passed    0.14 sec
          Start  351: FixedTemperatureTest.RepeatedEvaluationIsDeterministic
1545/1909 Test  #411: DivergenceTest.ConstantVectorFieldHasZeroDivergence ......................................................   Passed    0.14 sec
          Start  679: ThermalCaseTest.NonThermalFixtureHasNoThermalConfig
1546/1909 Test #1597: PisoTest.NonFiniteInputStateReturnsNonFiniteState ........................................................   Passed    0.13 sec
          Start   59: Mesh.RejectsEmptyCellsOrFaces
1547/1909 Test  #102: CartesianMesh.DeterministicGeneration ....................................................................   Passed    0.13 sec
          Start  415: LaplacianTest.PhiXHasZeroLaplacian
1548/1909 Test  #359: HeatFluxTest.RejectsNonFiniteHeatFlux ....................................................................   Passed    0.13 sec
          Start  568: MomentumAssemblyTest.CavityAssemblyIsFiniteWithLidForcingOnUOnly
1549/1909 Test  #217: FieldArithmetic.VectorIdentities .........................................................................   Passed    0.13 sec
          Start    1: CFDAppSmokeTest
1550/1909 Test #1610: PISOTurbulenceTest.ElevatedEddyViscosityChangesPredictedState ............................................   Passed    0.14 sec
          Start  799: CSVWriterTest.NonFiniteTemperatureThrows
1551/1909 Test  #944: RestartSnapshotTest.NonFiniteTimeIsRejected ..............................................................   Passed    0.13 sec
          Start  352: HeatFluxTest.PositiveFluxGivesHandDerivedNegativeGradient
1552/1909 Test  #530: FluidPropertiesTest.RejectsNonFiniteViscosity ............................................................   Passed    0.14 sec
          Start  354: HeatFluxTest.ZeroFluxReturnsOwnerValue
1553/1909 Test  #671: CaseValidationTest.NonPositiveToleranceIsRejected ........................................................   Passed    0.14 sec
          Start 1192: SSTModelTest.NearWallBlendApproachesSSTsOwnInnerCoefficientSet
1554/1909 Test   #16: CoreConstants.DerivedAnglesAreConsistent .................................................................   Passed    0.14 sec
          Start  243: SparseMatrixTest.RejectsNonZeroFirstRowOffset
1555/1909 Test  #670: CaseValidationTest.ZeroRelaxationIsRejected ..............................................................   Passed    0.14 sec
          Start  542: ContinuityEquationTest.DivergenceFreeRotationalFieldGivesNearZeroImbalance
1556/1909 Test  #822: VTKWriterTest.PointCountMatchesStructuredGrid ............................................................   Passed    0.14 sec
          Start  913: CFLTest.HalvingDtHalvesCFL
1557/1909 Test #1045: ThermalRegionMapTest.RejectsOutOfRangeRegionIndex ........................................................   Passed    0.13 sec
          Start 1179: SSTModelTest.FieldsSizedToMeshAtConstruction
1558/1909 Test #1088: LaminarModelTest.EffectiveViscosityEqualsMolecularViscosity ..............................................   Passed    0.13 sec
          Start 1783: RestartIOTest.ReadRejectsInvalidDeltaT
1559/1909 Test  #351: FixedTemperatureTest.RepeatedEvaluationIsDeterministic ...................................................   Passed    0.12 sec
          Start 1184: SSTModelTest.RejectsInvalidInitialOmega
1560/1909 Test  #679: ThermalCaseTest.NonThermalFixtureHasNoThermalConfig ......................................................   Passed    0.12 sec
          Start  273: BiCGSTABTest.MaxIterationsReportsFailureNotSuccess
1561/1909 Test   #59: Mesh.RejectsEmptyCellsOrFaces ............................................................................   Passed    0.13 sec
          Start  709: TurbulenceCaseTest.RejectsKEpsilonModelWithInitialOmegaOnly
1562/1909 Test  #415: LaplacianTest.PhiXHasZeroLaplacian .......................................................................   Passed    0.13 sec
          Start  101: CartesianMesh.TwentyByTwenty
1563/1909 Test  #568: MomentumAssemblyTest.CavityAssemblyIsFiniteWithLidForcingOnUOnly .........................................   Passed    0.13 sec
          Start  208: VectorFieldTest.DivisionByZeroThrows
1564/1909 Test    #1: CFDAppSmokeTest ..........................................................................................   Passed    0.13 sec
          Start  445: ConvectionTest.InternalConservationFaceOnce
1565/1909 Test  #799: CSVWriterTest.NonFiniteTemperatureThrows .................................................................   Passed    0.13 sec
          Start  694: TurbulenceCaseTest.ExplicitLaminarModelAcceptsInitialOmegaToo
1566/1909 Test  #352: HeatFluxTest.PositiveFluxGivesHandDerivedNegativeGradient ................................................   Passed    0.13 sec
          Start 1771: RestartIOTest.WriteThenReadRoundTripsExactly
1567/1909 Test  #354: HeatFluxTest.ZeroFluxReturnsOwnerValue ...................................................................   Passed    0.14 sec
          Start  654: CaseValidationTest.FractionalNxIsRejected
1568/1909 Test #1192: SSTModelTest.NearWallBlendApproachesSSTsOwnInnerCoefficientSet ...........................................   Passed    0.13 sec
          Start  794: CSVWriterTest.WriteResidualsInconsistentHistoryLengthsThrows
1569/1909 Test  #243: SparseMatrixTest.RejectsNonZeroFirstRowOffset ............................................................   Passed    0.13 sec
          Start  713: TurbulenceCaseTest.RejectsNonPositiveInitialOmega
1570/1909 Test  #542: ContinuityEquationTest.DivergenceFreeRotationalFieldGivesNearZeroImbalance ...............................   Passed    0.14 sec
          Start  199: ScalarFieldTest.ScalarDivision
1571/1909 Test  #913: CFLTest.HalvingDtHalvesCFL ...............................................................................   Passed    0.14 sec
          Start  553: MomentumDiffusionTest.NonFiniteOrNonPositiveEffectiveViscosityFieldThrows
1572/1909 Test #1179: SSTModelTest.FieldsSizedToMeshAtConstruction .............................................................   Passed    0.14 sec
          Start 1593: PisoTest.TinyLidDrivenCavityOneStepConservesMassNearMachineZero
1573/1909 Test #1783: RestartIOTest.ReadRejectsInvalidDeltaT ...................................................................   Passed    0.14 sec
          Start  830: VTKWriterTest.AppendsTemperatureBlockAfterVelocityMagnitudeWhenProvided
1574/1909 Test #1184: SSTModelTest.RejectsInvalidInitialOmega ..................................................................   Passed    0.14 sec
          Start  377: InterpolationTest.LinearFieldPhiXIsExactAtEveryFace
1575/1909 Test  #273: BiCGSTABTest.MaxIterationsReportsFailureNotSuccess .......................................................   Passed    0.14 sec
          Start 1565: CorrectionApplicationTest.WallNormalBoundaryFluxStaysExactlyZeroAfterCorrection
1576/1909 Test  #709: TurbulenceCaseTest.RejectsKEpsilonModelWithInitialOmegaOnly ..............................................   Passed    0.15 sec
          Start 1105: KEpsilonEquationTest.ImplicitSourceAddsToDiagonalAndRhsCorrectly
1577/1909 Test  #101: CartesianMesh.TwentyByTwenty .............................................................................   Passed    0.14 sec
          Start  240: SparseMatrixTest.AllFinite
1578/1909 Test  #208: VectorFieldTest.DivisionByZeroThrows .....................................................................   Passed    0.14 sec
          Start  218: FieldArithmetic.EmptyFieldsAreAddable
1579/1909 Test  #445: ConvectionTest.InternalConservationFaceOnce ..............................................................   Passed    0.14 sec
          Start  185: Field.InitializedConstructionFillsValue
1580/1909 Test  #694: TurbulenceCaseTest.ExplicitLaminarModelAcceptsInitialOmegaToo ............................................   Passed    0.15 sec
          Start  265: CGTest.ZeroRhsConvergesImmediately
1581/1909 Test #1771: RestartIOTest.WriteThenReadRoundTripsExactly .............................................................   Passed    0.15 sec
          Start 1127: KOmegaEquationTest.LinearEffectiveDiffusivityReducesToMolecularAsMuTVanishes
1582/1909 Test  #654: CaseValidationTest.FractionalNxIsRejected ................................................................   Passed    0.15 sec
          Start 1779: RestartIOTest.ReadRejectsCellCountMismatch
1583/1909 Test  #794: CSVWriterTest.WriteResidualsInconsistentHistoryLengthsThrows .............................................   Passed    0.15 sec
          Start  785: CSVWriterTest.WriteFieldsCoordinatesComeFromMesh
1584/1909 Test  #713: TurbulenceCaseTest.RejectsNonPositiveInitialOmega ........................................................   Passed    0.14 sec
          Start  444: ConvectionTest.ConstantFieldGivesZeroConvection
1585/1909 Test  #199: ScalarFieldTest.ScalarDivision ...........................................................................   Passed    0.14 sec
          Start  230: AlgebraVector.Norms
1586/1909 Test  #553: MomentumDiffusionTest.NonFiniteOrNonPositiveEffectiveViscosityFieldThrows ................................   Passed    0.15 sec
          Start  198: ScalarFieldTest.ScalarMultiplicationBothOrders
1587/1909 Test #1593: PisoTest.TinyLidDrivenCavityOneStepConservesMassNearMachineZero ..........................................   Passed    0.15 sec
          Start  202: ScalarFieldTest.ExplicitValuesFromSpecExample
1588/1909 Test  #830: VTKWriterTest.AppendsTemperatureBlockAfterVelocityMagnitudeWhenProvided ..................................   Passed    0.15 sec
          Start 1559: TransientPressureCorrectionTest.PreviousStateAndInputsAreNotMutatedByThePipeline
1589/1909 Test  #377: InterpolationTest.LinearFieldPhiXIsExactAtEveryFace ......................................................   Passed    0.15 sec
          Start 1001: EnergyEquationSourceTest.RejectsNonFiniteHeatSource
1590/1909 Test #1565: CorrectionApplicationTest.WallNormalBoundaryFluxStaysExactlyZeroAfterCorrection ..........................   Passed    0.15 sec
          Start   20: CoreException.DerivedTypesCatchableAsBase
1591/1909 Test #1105: KEpsilonEquationTest.ImplicitSourceAddsToDiagonalAndRhsCorrectly .........................................   Passed    0.15 sec
          Start  821: VTKWriterTest.HeaderIsWellFormed
1592/1909 Test  #240: SparseMatrixTest.AllFinite ...............................................................................   Passed    0.17 sec
          Start  506: TimeDerivativeTest.ImplicitEulerOdeConvergesAtFirstOrder
1593/1909 Test  #218: FieldArithmetic.EmptyFieldsAreAddable ....................................................................   Passed    0.17 sec
          Start  283: SolverFailureTest.CgFailsBeforeIteratingOnNanRhs
1594/1909 Test  #185: Field.InitializedConstructionFillsValue ..................................................................   Passed    0.19 sec
          Start 1195: TurbulenceModelFactoryTest.KEpsilonNameCreatesKEpsilonModel
1595/1909 Test  #265: CGTest.ZeroRhsConvergesImmediately .......................................................................   Passed    0.18 sec
          Start  657: CaseValidationTest.NonPositiveViscosityIsRejected
1596/1909 Test #1127: KOmegaEquationTest.LinearEffectiveDiffusivityReducesToMolecularAsMuTVanishes .............................   Passed    0.18 sec
          Start  786: CSVWriterTest.WriteFieldsVelocityPressureAndMagnitudeAreCorrect
1597/1909 Test #1779: RestartIOTest.ReadRejectsCellCountMismatch ...............................................................   Passed    0.18 sec
          Start  905: TimeControllerTest.RepeatedRunsAreBitIdentical
1598/1909 Test  #785: CSVWriterTest.WriteFieldsCoordinatesComeFromMesh .........................................................   Passed    0.19 sec
          Start 1146: WallDistanceTest.HandDerivedDistanceAtDomainCenter
1599/1909 Test  #444: ConvectionTest.ConstantFieldGivesZeroConvection ..........................................................   Passed    0.19 sec
          Start  715: TurbulenceCaseTest.RejectsOmegaRelaxationWithoutInitialOmega
1600/1909 Test  #230: AlgebraVector.Norms ......................................................................................   Passed    0.18 sec
          Start  656: CaseValidationTest.NonPositiveDensityIsRejected
1601/1909 Test  #198: ScalarFieldTest.ScalarMultiplicationBothOrders ...........................................................   Passed    0.18 sec
          Start 1436: SIMPLESettingsTest.RejectsZeroVelocityRelaxation
1602/1909 Test  #202: ScalarFieldTest.ExplicitValuesFromSpecExample ............................................................   Passed    0.20 sec
          Start 1051: InterfaceConductanceTest.RejectsNonFiniteInputs
1603/1909 Test #1559: TransientPressureCorrectionTest.PreviousStateAndInputsAreNotMutatedByThePipeline .........................   Passed    0.20 sec
          Start  186: Field.IndexingReadsAndWrites
1604/1909 Test #1001: EnergyEquationSourceTest.RejectsNonFiniteHeatSource ......................................................   Passed    0.19 sec
          Start 1070: TurbulenceModelTest.ModelNameIsAccessible
1605/1909 Test   #20: CoreException.DerivedTypesCatchableAsBase ................................................................   Passed    0.19 sec
          Start  258: JacobiTest.NonFiniteMatrixValuesAreUnreachableByJacobi
1606/1909 Test  #821: VTKWriterTest.HeaderIsWellFormed .........................................................................   Passed    0.18 sec
          Start  266: CGTest.ExactInitialGuessConvergesAtIterationZero
1607/1909 Test  #506: TimeDerivativeTest.ImplicitEulerOdeConvergesAtFirstOrder .................................................   Passed    0.17 sec
          Start   70: MeshQuality.NonSquareCellsReportCorrectAspectRatio
1608/1909 Test  #283: SolverFailureTest.CgFailsBeforeIteratingOnNanRhs .........................................................   Passed    0.15 sec
          Start 1554: TransientMomentumPredictorProbeTest.RepeatedPredictorSolveIsBitIdentical
1609/1909 Test #1195: TurbulenceModelFactoryTest.KEpsilonNameCreatesKEpsilonModel ..............................................   Passed    0.15 sec
          Start 1599: PisoTest.ForcedPressureCorrectionFailurePropagatesAsPressureCorrectionFailure
1610/1909 Test  #657: CaseValidationTest.NonPositiveViscosityIsRejected ........................................................   Passed    0.14 sec
          Start  560: MomentumConvectionTest.MismatchedMassFluxSizeThrows
1611/1909 Test  #786: CSVWriterTest.WriteFieldsVelocityPressureAndMagnitudeAreCorrect ..........................................   Passed    0.14 sec
          Start  237: SparseMatrixTest.MultiplyRejectsSizeMismatch
1612/1909 Test  #905: TimeControllerTest.RepeatedRunsAreBitIdentical ...........................................................   Passed    0.14 sec
          Start 1477: SIMPLEFailureTest.PressureSolverTooFewIterationsReportsPressureCorrectionFailure
1613/1909 Test #1146: WallDistanceTest.HandDerivedDistanceAtDomainCenter .......................................................   Passed    0.13 sec
          Start   55: MeshBoundaryPatch.RejectsEmptyName
1614/1909 Test  #715: TurbulenceCaseTest.RejectsOmegaRelaxationWithoutInitialOmega .............................................   Passed    0.13 sec
          Start  684: ThermalCaseTest.RejectsNegativeSpecificHeat
1615/1909 Test  #656: CaseValidationTest.NonPositiveDensityIsRejected ..........................................................   Passed    0.13 sec
          Start  563: MomentumPressureTest.ConstantPressureGivesZeroSource
1616/1909 Test #1436: SIMPLESettingsTest.RejectsZeroVelocityRelaxation .........................................................   Passed    0.13 sec
          Start 1129: KOmegaEquationTest.OmegaSourceMatchesHandDerivedExample
1617/1909 Test #1051: InterfaceConductanceTest.RejectsNonFiniteInputs ..........................................................   Passed    0.12 sec
          Start 1607: PisoTransientIntegrationTest.RepeatedIdenticalMultiStepRunIsBitIdentical
1618/1909 Test  #186: Field.IndexingReadsAndWrites .............................................................................   Passed    0.12 sec
          Start 1130: KOmegaEquationTest.KSourceMatchesHandDerivedExample
1619/1909 Test #1070: TurbulenceModelTest.ModelNameIsAccessible ................................................................   Passed    0.12 sec
          Start  712: TurbulenceCaseTest.RejectsNonPositiveInitialEpsilon
1620/1909 Test  #258: JacobiTest.NonFiniteMatrixValuesAreUnreachableByJacobi ...................................................   Passed    0.12 sec
          Start  571: MomentumAssemblyTest.UAndVSystemsAreIndependentScalarSystems
1621/1909 Test  #266: CGTest.ExactInitialGuessConvergesAtIterationZero .........................................................   Passed    0.12 sec
          Start 1110: KEpsilonEquationTest.TransportEquationRejectsSizeMismatch
1622/1909 Test   #70: MeshQuality.NonSquareCellsReportCorrectAspectRatio .......................................................   Passed    0.13 sec
          Start  682: ThermalCaseTest.BuilderConstructsHeatFluxWithCaseConductivity
1623/1909 Test #1554: TransientMomentumPredictorProbeTest.RepeatedPredictorSolveIsBitIdentical .................................   Passed    0.12 sec
          Start  669: CaseValidationTest.RelaxationAboveOneIsRejected
1624/1909 Test #1599: PisoTest.ForcedPressureCorrectionFailurePropagatesAsPressureCorrectionFailure ............................   Passed    0.13 sec
          Start  906: TimeControllerTest.DefaultStartingStepIsZeroAndBehaviorIsUnchanged
1625/1909 Test  #560: MomentumConvectionTest.MismatchedMassFluxSizeThrows ......................................................   Passed    0.13 sec
          Start 1479: SIMPLEFailureTest.MismatchedInitialFieldSizeReportsInvalidConfiguration
1626/1909 Test  #237: SparseMatrixTest.MultiplyRejectsSizeMismatch .............................................................   Passed    0.14 sec
          Start  531: MassFluxTest.InternalFaceValue
1627/1909 Test #1477: SIMPLEFailureTest.PressureSolverTooFewIterationsReportsPressureCorrectionFailure .........................   Passed    0.15 sec
          Start  211: SurfaceFieldTest.SizeMatchesOneByOneMeshFaceCount
1628/1909 Test   #55: MeshBoundaryPatch.RejectsEmptyName .......................................................................   Passed    0.15 sec
          Start  220: FieldArithmetic.TwentyByTwentyMeshIntegration
1629/1909 Test  #684: ThermalCaseTest.RejectsNegativeSpecificHeat ..............................................................   Passed    0.14 sec
          Start  634: CaseReaderTest.MissingManifestThrowsIOError
1630/1909 Test  #563: MomentumPressureTest.ConstantPressureGivesZeroSource .....................................................   Passed    0.14 sec
          Start 1560: TransientPressureCorrectionTest.RepeatedPipelineRunIsBitIdentical
1631/1909 Test #1129: KOmegaEquationTest.OmegaSourceMatchesHandDerivedExample ..................................................   Passed    0.14 sec
          Start  188: Field.CheckedAccessThrowsOutOfRange
1632/1909 Test #1607: PisoTransientIntegrationTest.RepeatedIdenticalMultiStepRunIsBitIdentical .................................   Passed    0.14 sec
          Start 1071: TurbulenceModelTest.ZeroTurbulentViscosityIsAccepted
1633/1909 Test #1130: KOmegaEquationTest.KSourceMatchesHandDerivedExample ......................................................   Passed    0.14 sec
          Start   49: MeshFace.BoundaryFaceHasNoNeighbor
1634/1909 Test  #712: TurbulenceCaseTest.RejectsNonPositiveInitialEpsilon ......................................................   Passed    0.14 sec
          Start  707: TurbulenceCaseTest.RejectsBothInitialEpsilonAndInitialOmega
1635/1909 Test  #571: MomentumAssemblyTest.UAndVSystemsAreIndependentScalarSystems .............................................   Passed    0.14 sec
          Start 1458: PressureCorrectionTest.NonPositiveDensityThrows
1636/1909 Test #1110: KEpsilonEquationTest.TransportEquationRejectsSizeMismatch ................................................   Passed    0.13 sec
          Start 1006: EnergyEquationAssemblyTest.RejectsNonFiniteHeatSource
1637/1909 Test  #682: ThermalCaseTest.BuilderConstructsHeatFluxWithCaseConductivity ............................................   Passed    0.13 sec
          Start  916: CFLTest.RejectsFaceFluxSizeMismatch
1638/1909 Test  #669: CaseValidationTest.RelaxationAboveOneIsRejected ..........................................................   Passed    0.13 sec
          Start  570: MomentumAssemblyTest.RepeatedAssemblyIsDeterministic
1639/1909 Test  #906: TimeControllerTest.DefaultStartingStepIsZeroAndBehaviorIsUnchanged .......................................   Passed    0.13 sec
          Start  652: CaseValidationTest.UnsupportedMeshTypeIsRejected
1640/1909 Test #1479: SIMPLEFailureTest.MismatchedInitialFieldSizeReportsInvalidConfiguration ..................................   Passed    0.12 sec
          Start 1777: RestartIOTest.ReadRejectsWrongFormatVersion
1641/1909 Test  #531: MassFluxTest.InternalFaceValue ...........................................................................   Passed    0.11 sec
          Start 1572: SecondPressureCorrectionTest.RealPipelineTightFirstCorrectionGivesNearZeroSecondCorrection
1642/1909 Test  #211: SurfaceFieldTest.SizeMatchesOneByOneMeshFaceCount ........................................................   Passed    0.14 sec
          Start 1598: PisoTest.ForcedMomentumFailurePropagatesAsMomentumFailure
1643/1909 Test  #220: FieldArithmetic.TwentyByTwentyMeshIntegration ............................................................   Passed    0.14 sec
          Start 1583: FinalCorrectionTest.RealPipelineSecondCorrectionIsEffectivelyIdempotentAfterFullFirst
1644/1909 Test  #634: CaseReaderTest.MissingManifestThrowsIOError ..............................................................   Passed    0.15 sec
          Start  999: EnergyEquationSourceTest.AddsQTimesVolumeExactly
1645/1909 Test #1560: TransientPressureCorrectionTest.RepeatedPipelineRunIsBitIdentical ........................................   Passed    0.18 sec
          Start 1005: EnergyEquationAssemblyTest.MismatchedMassFluxSizeThrows
1646/1909 Test  #188: Field.CheckedAccessThrowsOutOfRange ......................................................................   Passed    0.17 sec
          Start  105: MeshFingerprintTest.TwoSeparatelyBuiltIdenticalMeshesProduceIdenticalFingerprints
1647/1909 Test #1071: TurbulenceModelTest.ZeroTurbulentViscosityIsAccepted .....................................................   Passed    0.18 sec
          Start  212: SurfaceFieldTest.SizeMatchesTwoByTwoMeshFaceCount
1648/1909 Test   #49: MeshFace.BoundaryFaceHasNoNeighbor .......................................................................   Passed    0.18 sec
          Start  442: ConvectionTest.BoundaryOutflowUsesOwnerValue
1649/1909 Test  #707: TurbulenceCaseTest.RejectsBothInitialEpsilonAndInitialOmega ..............................................   Passed    0.18 sec
          Start  898: TimeControllerTest.MaximumStepTerminationStopsBeforeEndTime
1650/1909 Test #1458: PressureCorrectionTest.NonPositiveDensityThrows ..........................................................   Passed    0.18 sec
          Start  637: CaseReaderTest.MalformedReferencedJsonThrowsIOError
1651/1909 Test #1006: EnergyEquationAssemblyTest.RejectsNonFiniteHeatSource ....................................................   Passed    0.18 sec
          Start  787: CSVWriterTest.WriteFieldsUsesFullPrecisionScientificNotation
1652/1909 Test  #916: CFLTest.RejectsFaceFluxSizeMismatch ......................................................................   Passed    0.17 sec
          Start  417: LaplacianTest.QuadraticFieldGivesFour
1653/1909 Test  #570: MomentumAssemblyTest.RepeatedAssemblyIsDeterministic .....................................................   Passed    0.18 sec
          Start  107: MeshFingerprintTest.DifferentDomainSizeWithSameCellAndFaceCountProducesDifferentFingerprint
1654/1909 Test  #652: CaseValidationTest.UnsupportedMeshTypeIsRejected .........................................................   Passed    0.18 sec
          Start 1172: SSTEquationTest.TurbulentViscosityOmegaDominatedBranch
1655/1909 Test #1777: RestartIOTest.ReadRejectsWrongFormatVersion ..............................................................   Passed    0.19 sec
          Start   97: CartesianMesh.TwoByOne
1656/1909 Test #1572: SecondPressureCorrectionTest.RealPipelineTightFirstCorrectionGivesNearZeroSecondCorrection ...............   Passed    0.17 sec
          Start  250: LinearSystemTest.ValidSystemConstructsAndExposesData
1657/1909 Test #1598: PisoTest.ForcedMomentumFailurePropagatesAsMomentumFailure ................................................   Passed    0.17 sec
          Start  687: ThermalCaseTest.RejectsUnknownTemperatureBoundaryType
1658/1909 Test #1583: FinalCorrectionTest.RealPipelineSecondCorrectionIsEffectivelyIdempotentAfterFullFirst ....................   Passed    0.17 sec
          Start 1081: EffectiveViscosityTest.ZeroTurbulentViscosityGivesJustMolecular
1659/1909 Test  #999: EnergyEquationSourceTest.AddsQTimesVolumeExactly .........................................................   Passed    0.15 sec
          Start 1584: FinalCorrectionTest.PartialFirstCorrectionPlusSecondReconstructsFullSingleCorrectionRealMesh
1660/1909 Test #1005: EnergyEquationAssemblyTest.MismatchedMassFluxSizeThrows ..................................................   Passed    0.15 sec
          Start  978: ThermalPropertiesTest.ThermalDiffusivityIsKOverRhoCp
1661/1909 Test  #105: MeshFingerprintTest.TwoSeparatelyBuiltIdenticalMeshesProduceIdenticalFingerprints ........................   Passed    0.14 sec
          Start 1082: EffectiveViscosityTest.RejectsNonPositiveMolecularViscosity
1662/1909 Test  #212: SurfaceFieldTest.SizeMatchesTwoByTwoMeshFaceCount ........................................................   Passed    0.15 sec
          Start  109: MeshFingerprintTest.DifferentAspectRatioSameCellCountProducesDifferentFingerprint
1663/1909 Test  #442: ConvectionTest.BoundaryOutflowUsesOwnerValue .............................................................   Passed    0.15 sec
          Start   48: MeshFace.InternalFaceStoresOwnerAndNeighbor
1664/1909 Test  #898: TimeControllerTest.MaximumStepTerminationStopsBeforeEndTime ..............................................   Passed    0.15 sec
          Start 1780: RestartIOTest.ReadRejectsIncompatiblePressureArrayLength
1665/1909 Test  #637: CaseReaderTest.MalformedReferencedJsonThrowsIOError ......................................................   Passed    0.15 sec
          Start  413: DivergenceTest.RotationalFieldIsDivergenceFree
1666/1909 Test  #787: CSVWriterTest.WriteFieldsUsesFullPrecisionScientificNotation .............................................   Passed    0.15 sec
          Start   51: MeshFace.RejectsZeroAreaVector
1667/1909 Test  #417: LaplacianTest.QuadraticFieldGivesFour ....................................................................   Passed    0.16 sec
          Start  824: VTKWriterTest.CellDataSectionHasPressureVelocityThenMagnitudeInOrder
1668/1909 Test  #107: MeshFingerprintTest.DifferentDomainSizeWithSameCellAndFaceCountProducesDifferentFingerprint ..............   Passed    0.16 sec
          Start  525: FluidPropertiesTest.RejectsZeroDensity
1669/1909 Test #1172: SSTEquationTest.TurbulentViscosityOmegaDominatedBranch ...................................................   Passed    0.15 sec
          Start 1084: EffectiveViscosityTest.RepeatedEvaluationIsDeterministic
1670/1909 Test   #97: CartesianMesh.TwoByOne ...................................................................................   Passed    0.15 sec
          Start  662: CaseValidationTest.UnsupportedVelocityBoundaryTypeIsRejected
1671/1909 Test  #250: LinearSystemTest.ValidSystemConstructsAndExposesData .....................................................   Passed    0.14 sec
          Start   53: MeshBoundaryPatch.StoresNameAndFaceIds
1672/1909 Test  #687: ThermalCaseTest.RejectsUnknownTemperatureBoundaryType ....................................................   Passed    0.14 sec
          Start 1085: LaminarModelTest.NameIsLaminar
1673/1909 Test #1081: EffectiveViscosityTest.ZeroTurbulentViscosityGivesJustMolecular ..........................................   Passed    0.14 sec
          Start 1101: KEpsilonEquationTest.EffectiveDiffusivityReducesToMolecularAsMuTVanishes
1674/1909 Test #1584: FinalCorrectionTest.PartialFirstCorrectionPlusSecondReconstructsFullSingleCorrectionRealMesh .............   Passed    0.13 sec
          Start  234: SparseMatrixTest.BuilderSumsDuplicateContributions
1675/1909 Test  #978: ThermalPropertiesTest.ThermalDiffusivityIsKOverRhoCp .....................................................   Passed    0.15 sec
          Start  215: FieldArithmetic.VectorFieldRejectsSizeMismatch
1676/1909 Test #1082: EffectiveViscosityTest.RejectsNonPositiveMolecularViscosity ..............................................   Passed    0.14 sec
          Start 1457: PressureCorrectionTest.MismatchedReferenceCellThrows
1677/1909 Test  #109: MeshFingerprintTest.DifferentAspectRatioSameCellCountProducesDifferentFingerprint ........................   Passed    0.14 sec
          Start  262: CGTest.DiagonalMatrixWithJacobiPreconditioner
1678/1909 Test   #48: MeshFace.InternalFaceStoresOwnerAndNeighbor ..............................................................   Passed    0.14 sec
          Start  550: MomentumDiffusionTest.UniformEffectiveViscosityFieldMatchesConstantOverload
1679/1909 Test #1780: RestartIOTest.ReadRejectsIncompatiblePressureArrayLength .................................................   Passed    0.14 sec
          Start 1055: RegionAwareThermalDiffusionTest.MismatchedRegionSizeThrows
1680/1909 Test  #413: DivergenceTest.RotationalFieldIsDivergenceFree ...........................................................   Passed    0.14 sec
          Start  268: BiCGSTABTest.SolvesNonsymmetricSystem
1681/1909 Test   #51: MeshFace.RejectsZeroAreaVector ...........................................................................   Passed    0.14 sec
          Start  982: ThermalPropertiesTest.RejectsNegativeSpecificHeat
1682/1909 Test  #824: VTKWriterTest.CellDataSectionHasPressureVelocityThenMagnitudeInOrder .....................................   Passed    0.13 sec
          Start 1112: KEpsilonModelTest.NameIsKEpsilon
1683/1909 Test  #525: FluidPropertiesTest.RejectsZeroDensity ...................................................................   Passed    0.13 sec
          Start 1581: FinalCorrectionTest.FinalContinuityIsEvaluatedFromF2NotF1OrFStar
1684/1909 Test #1084: EffectiveViscosityTest.RepeatedEvaluationIsDeterministic .................................................   Passed    0.13 sec
          Start  343: BoundaryConditionSetTest.ReplaceOverwritesExistingAssignment
1685/1909 Test  #662: CaseValidationTest.UnsupportedVelocityBoundaryTypeIsRejected .............................................   Passed    0.13 sec
          Start   21: CoreException.ConvergenceErrorIsCatchableAsNumericalError
1686/1909 Test   #53: MeshBoundaryPatch.StoresNameAndFaceIds ...................................................................   Passed    0.13 sec
          Start 1592: PisoTest.TwoCellClosedDomainAtRestStaysAtRestAndConservesMassExactly
1687/1909 Test #1085: LaminarModelTest.NameIsLaminar ...........................................................................   Passed    0.13 sec
          Start  892: TimeControllerTest.StepCounterIncrementsOncePerAdvance
1688/1909 Test #1101: KEpsilonEquationTest.EffectiveDiffusivityReducesToMolecularAsMuTVanishes .................................   Passed    0.13 sec
          Start  922: TransientSolverTest.DtSequenceMatchesTimeControllerIncludingShortenedFinalStep
1689/1909 Test  #234: SparseMatrixTest.BuilderSumsDuplicateContributions .......................................................   Passed    0.12 sec
          Start  285: SolverFailureTest.InvalidInitialGuessSizeFailsCleanly
1690/1909 Test  #215: FieldArithmetic.VectorFieldRejectsSizeMismatch ...........................................................   Passed    0.12 sec
          Start  358: HeatFluxTest.RejectsInvalidConductivity
1691/1909 Test #1457: PressureCorrectionTest.MismatchedReferenceCellThrows .....................................................   Passed    0.12 sec
          Start  541: ContinuityEquationTest.GlobalDivergenceTheoremIdentityHolds
1692/1909 Test  #262: CGTest.DiagonalMatrixWithJacobiPreconditioner ............................................................   Passed    0.12 sec
          Start  547: MomentumDiffusionTest.InternalFaceCoefficientsAreSymmetric
1693/1909 Test  #550: MomentumDiffusionTest.UniformEffectiveViscosityFieldMatchesConstantOverload ..............................   Passed    0.12 sec
          Start  228: AlgebraVector.DivisionByZeroThrows
1694/1909 Test #1055: RegionAwareThermalDiffusionTest.MismatchedRegionSizeThrows ...............................................   Passed    0.12 sec
          Start 1558: TransientPressureCorrectionTest.FullPipelineFromRestReturnsFinitePressureCorrection
1695/1909 Test  #268: BiCGSTABTest.SolvesNonsymmetricSystem ....................................................................   Passed    0.12 sec
          Start   19: CoreException.MessageSurvivesConstruction
1696/1909 Test  #982: ThermalPropertiesTest.RejectsNegativeSpecificHeat ........................................................   Passed    0.11 sec
          Start 1678: TwoMaterialConductionValidation.AnalyticalFormulasAreSelfConsistent
1697/1909 Test #1112: KEpsilonModelTest.NameIsKEpsilon .........................................................................   Passed    0.12 sec
          Start  792: CSVWriterTest.WriteResidualsIterationColumnIsOneIndexed
1698/1909 Test #1581: FinalCorrectionTest.FinalContinuityIsEvaluatedFromF2NotF1OrFStar .........................................   Passed    0.12 sec
          Start 1091: LaminarModelTest.DifferentFiniteFlowFieldsStillProduceZeroMuT
1699/1909 Test  #343: BoundaryConditionSetTest.ReplaceOverwritesExistingAssignment .............................................   Passed    0.12 sec
          Start  561: MomentumPressureTest.LinearPressureXGivesNegativeXSourceZeroYSource
1700/1909 Test   #21: CoreException.ConvergenceErrorIsCatchableAsNumericalError ................................................   Passed    0.13 sec
          Start 1579: FinalCorrectionTest.FullPipelineFinalStateIsFiniteAndConverged
1701/1909 Test #1592: PisoTest.TwoCellClosedDomainAtRestStaysAtRestAndConservesMassExactly .....................................   Passed    0.14 sec
          Start  535: MassFluxTest.InletFluxIsNegativeOutletFluxIsPositive
1702/1909 Test  #892: TimeControllerTest.StepCounterIncrementsOncePerAdvance ...................................................   Passed    0.14 sec
          Start  204: VectorFieldTest.ElementwiseAdditionExactValues
1703/1909 Test  #922: TransientSolverTest.DtSequenceMatchesTimeControllerIncludingShortenedFinalStep ...........................   Passed    0.14 sec
          Start  281: SolverFailureTest.NaNMatrixRejectedAtConstruction
1704/1909 Test  #285: SolverFailureTest.InvalidInitialGuessSizeFailsCleanly ....................................................   Passed    0.15 sec
          Start  510: VectorGradientTest.MismatchedVelocitySizeThrows
1705/1909 Test  #358: HeatFluxTest.RejectsInvalidConductivity ..................................................................   Passed    0.15 sec
          Start  650: CaseValidationTest.NonPositiveGeometryLengthIsRejected
1706/1909 Test  #541: ContinuityEquationTest.GlobalDivergenceTheoremIdentityHolds ..............................................   Passed    0.15 sec
          Start 1109: KEpsilonEquationTest.UniformFieldWithZeroSourceIsPreservedByFullEquation
1707/1909 Test  #547: MomentumDiffusionTest.InternalFaceCoefficientsAreSymmetric ...............................................   Passed    0.15 sec
          Start  929: TransientSolverTest.StepExceedingCflFailAboveIsRejected
1708/1909 Test  #228: AlgebraVector.DivisionByZeroThrows .......................................................................   Passed    0.15 sec
          Start   46: MeshCell.RejectsNonPositiveVolume
1709/1909 Test #1558: TransientPressureCorrectionTest.FullPipelineFromRestReturnsFinitePressureCorrection ......................   Passed    0.16 sec
          Start  239: SparseMatrixTest.DiagonalLookupThrowsWhenMissing
1710/1909 Test   #19: CoreException.MessageSurvivesConstruction ................................................................   Passed    0.16 sec
          Start 1113: KEpsilonModelTest.FieldsSizedToMeshAtConstruction
1711/1909 Test #1678: TwoMaterialConductionValidation.AnalyticalFormulasAreSelfConsistent ......................................   Passed    0.16 sec
          Start 1605: PisoTransientIntegrationTest.CflRemainsDiagnosticOnlyUnderGenerousCflFailAbove
1712/1909 Test  #792: CSVWriterTest.WriteResidualsIterationColumnIsOneIndexed ..................................................   Passed    0.16 sec
          Start    7: CFDAppCli_malformed_json
1713/1909 Test #1091: LaminarModelTest.DifferentFiniteFlowFieldsStillProduceZeroMuT ............................................   Passed    0.16 sec
          Start  903: TimeControllerTest.RejectsZeroMaxSteps
1714/1909 Test  #561: MomentumPressureTest.LinearPressureXGivesNegativeXSourceZeroYSource ......................................   Passed    0.16 sec
          Start   96: CartesianMesh.OneByOne
1715/1909 Test #1579: FinalCorrectionTest.FullPipelineFinalStateIsFiniteAndConverged ...........................................   Passed    0.15 sec
          Start  235: SparseMatrixTest.BuilderDropsExactZeroSums
1716/1909 Test  #535: MassFluxTest.InletFluxIsNegativeOutletFluxIsPositive .....................................................   Passed    0.14 sec
          Start  895: TimeControllerTest.InexactDeltaTDoesNotProduceAnExtraTinyStep
1717/1909 Test  #204: VectorFieldTest.ElementwiseAdditionExactValues ...........................................................   Passed    0.14 sec
          Start  923: TransientSolverTest.MaxTimeStepsStopsBeforeReachingEndTime
1718/1909 Test  #281: SolverFailureTest.NaNMatrixRejectedAtConstruction ........................................................   Passed    0.14 sec
          Start 1092: LaminarModelTest.ConstructionIsDeterministicAcrossInstances
1719/1909 Test  #510: VectorGradientTest.MismatchedVelocitySizeThrows ..........................................................   Passed    0.13 sec
          Start 1459: PressureCorrectionTest.OpenBoundaryDirichletCouplingMatchesHandDerivation
1720/1909 Test  #650: CaseValidationTest.NonPositiveGeometryLengthIsRejected ...................................................   Passed    0.14 sec
          Start   54: MeshBoundaryPatch.AllowsEmptyFaceList
1721/1909 Test #1109: KEpsilonEquationTest.UniformFieldWithZeroSourceIsPreservedByFullEquation .................................   Passed    0.14 sec
          Start  564: MomentumPressureTest.AddingConstantToPressureDoesNotChangeSource
1722/1909 Test  #929: TransientSolverTest.StepExceedingCflFailAboveIsRejected ..................................................   Passed    0.14 sec
          Start 1072: TurbulenceModelTest.PositiveTurbulentViscosityIsAccepted
1723/1909 Test   #46: MeshCell.RejectsNonPositiveVolume ........................................................................   Passed    0.13 sec
          Start  242: SparseMatrixTest.RejectsMismatchedValuesAndColumns
1724/1909 Test  #239: SparseMatrixTest.DiagonalLookupThrowsWhenMissing .........................................................   Passed    0.13 sec
          Start 1570: SecondPressureCorrectionTest.DeterministicReferenceCellRowIsPreserved
1725/1909 Test #1113: KEpsilonModelTest.FieldsSizedToMeshAtConstruction ........................................................   Passed    0.12 sec
          Start   26: LoggerTest.MessagesBelowLevelAreFiltered
1726/1909 Test #1605: PisoTransientIntegrationTest.CflRemainsDiagnosticOnlyUnderGenerousCflFailAbove ...........................   Passed    0.12 sec
          Start  339: SymmetryTest.ResultIsAlwaysNormalToPlane
1727/1909 Test    #7: CFDAppCli_malformed_json .................................................................................   Passed    0.12 sec
          Start   45: MeshCell.AddFaceAppendsFaceIds
1728/1909 Test  #903: TimeControllerTest.RejectsZeroMaxSteps ...................................................................   Passed    0.12 sec
          Start 1137: KOmegaModelTest.RejectsInvalidInitialOmega
1729/1909 Test   #96: CartesianMesh.OneByOne ...................................................................................   Passed    0.12 sec
          Start  793: CSVWriterTest.WriteResidualsValuesMatchHistoriesInOrder
1730/1909 Test  #235: SparseMatrixTest.BuilderDropsExactZeroSums ...............................................................   Passed    0.12 sec
          Start  260: CGTest.SolvesThreeByThreeSpdSystem
1731/1909 Test  #895: TimeControllerTest.InexactDeltaTDoesNotProduceAnExtraTinyStep ............................................   Passed    0.13 sec
          Start 1551: TransientMomentumAssemblyTest.RejectsNonPositiveOrNonFiniteDt
1732/1909 Test  #923: TransientSolverTest.MaxTimeStepsStopsBeforeReachingEndTime ...............................................   Passed    0.13 sec
          Start  977: ThermalPropertiesTest.StoresConductivityAndSpecificHeat
1733/1909 Test #1092: LaminarModelTest.ConstructionIsDeterministicAcrossInstances ..............................................   Passed    0.13 sec
          Start  829: VTKWriterTest.OmitsTemperatureBlockWhenNotProvided
1734/1909 Test #1459: PressureCorrectionTest.OpenBoundaryDirichletCouplingMatchesHandDerivation ................................   Passed    0.14 sec
          Start  790: CSVWriterTest.WriteFieldsUnwritablePathThrowsIOError
1735/1909 Test   #54: MeshBoundaryPatch.AllowsEmptyFaceList ....................................................................   Passed    0.13 sec
          Start 1075: TurbulenceModelTest.CorrectIsCallable
1736/1909 Test  #564: MomentumPressureTest.AddingConstantToPressureDoesNotChangeSource .........................................   Passed    0.14 sec
          Start  911: CFLTest.ExactValueForOneDEquivalentCase
1737/1909 Test #1072: TurbulenceModelTest.PositiveTurbulentViscosityIsAccepted .................................................   Passed    0.14 sec
          Start 1136: KOmegaModelTest.RejectsInvalidInitialK
1738/1909 Test  #242: SparseMatrixTest.RejectsMismatchedValuesAndColumns .......................................................   Passed    0.14 sec
          Start  332: InletTest.ReturnsPrescribedVelocityExactly
1739/1909 Test #1570: SecondPressureCorrectionTest.DeterministicReferenceCellRowIsPreserved ....................................   Passed    0.14 sec
          Start 1553: TransientMomentumPredictorProbeTest.PredictorFluxIsFiniteAndRespectsWallImpermeability
1740/1909 Test   #26: LoggerTest.MessagesBelowLevelAreFiltered .................................................................   Passed    0.14 sec
          Start 1115: KEpsilonModelTest.ConstructionIsDeterministicAcrossInstances
1741/1909 Test  #339: SymmetryTest.ResultIsAlwaysNormalToPlane .................................................................   Passed    0.13 sec
          Start 1786: RestartResumeTest.ContinuousVsSplitRunIsBitIdentical
1742/1909 Test   #45: MeshCell.AddFaceAppendsFaceIds ...........................................................................   Passed    0.13 sec
          Start  894: TimeControllerTest.SequenceMatchesWorkedExample
1743/1909 Test #1137: KOmegaModelTest.RejectsInvalidInitialOmega ...............................................................   Passed    0.14 sec
          Start  692: TurbulenceCaseTest.LegacyFixtureHasNoTurbulenceConfig
1744/1909 Test  #793: CSVWriterTest.WriteResidualsValuesMatchHistoriesInOrder ..................................................   Passed    0.14 sec
          Start    3: CFDAppCli_missing_mesh
1745/1909 Test  #260: CGTest.SolvesThreeByThreeSpdSystem .......................................................................   Passed    0.14 sec
          Start  287: SolverDeterminismTest.CGRepeatedSolvesAreIdentical
1746/1909 Test #1551: TransientMomentumAssemblyTest.RejectsNonPositiveOrNonFiniteDt ............................................   Passed    0.14 sec
          Start 1775: RestartIOTest.ReadRejectsTruncatedFile
1747/1909 Test  #977: ThermalPropertiesTest.StoresConductivityAndSpecificHeat ..................................................   Passed    0.13 sec
          Start  681: ThermalCaseTest.BuilderConstructsThermalRuntimeObjects
1748/1909 Test  #829: VTKWriterTest.OmitsTemperatureBlockWhenNotProvided .......................................................   Passed    0.13 sec
          Start 1441: SIMPLESettingsTest.RejectsZeroVelocityTolerance
1749/1909 Test  #790: CSVWriterTest.WriteFieldsUnwritablePathThrowsIOError .....................................................   Passed    0.12 sec
          Start 1074: TurbulenceModelTest.NonFiniteTurbulentViscosityRejected
1750/1909 Test #1075: TurbulenceModelTest.CorrectIsCallable ....................................................................   Passed    0.12 sec
          Start  378: InterpolationTest.LinearFieldPhiYIsExactAtEveryFace
1751/1909 Test  #911: CFLTest.ExactValueForOneDEquivalentCase ..................................................................   Passed    0.12 sec
          Start 1573: SecondPressureCorrectionTest.SameResponseCoefficientsReusedNoMomentumReassembly
1752/1909 Test #1136: KOmegaModelTest.RejectsInvalidInitialK ...................................................................   Passed    0.13 sec
          Start  532: MassFluxTest.TangentialVelocityAtVerticalFaceGivesZeroFlux
1753/1909 Test  #332: InletTest.ReturnsPrescribedVelocityExactly ...............................................................   Passed    0.13 sec
          Start 1080: EffectiveViscosityTest.IsSumOfMolecularAndTurbulent
1754/1909 Test #1553: TransientMomentumPredictorProbeTest.PredictorFluxIsFiniteAndRespectsWallImpermeability ...................   Passed    0.14 sec
          Start 1567: CorrectionApplicationTest.RepeatedCorrectionStepIsBitIdentical
1755/1909 Test #1115: KEpsilonModelTest.ConstructionIsDeterministicAcrossInstances .............................................   Passed    0.14 sec
          Start  675: CaseBuilderTest.BuildsExpectedMeshFluidAndInitialFields
1756/1909 Test #1786: RestartResumeTest.ContinuousVsSplitRunIsBitIdentical .....................................................   Passed    0.14 sec
          Start  701: TurbulenceCaseTest.KOmegaInletPatchGetsFixedKAndOmegaFromCaseConfig
1757/1909 Test  #894: TimeControllerTest.SequenceMatchesWorkedExample ..........................................................   Passed    0.14 sec
          Start  804: JSONWriterTest.WrittenFileIsValidJson
1758/1909 Test  #692: TurbulenceCaseTest.LegacyFixtureHasNoTurbulenceConfig ....................................................   Passed    0.14 sec
          Start  214: FieldArithmetic.ScalarFieldMismatchLeavesOperandUnchanged
1759/1909 Test  #287: SolverDeterminismTest.CGRepeatedSolvesAreIdentical .......................................................   Passed    0.14 sec
          Start 1589: PisoTest.RepeatedIdenticalTimestepIsBitIdentical
1760/1909 Test #1775: RestartIOTest.ReadRejectsTruncatedFile ...................................................................   Passed    0.15 sec
          Start  505: TimeDerivativeTest.RejectsNonFiniteDeltaT
1761/1909 Test    #3: CFDAppCli_missing_mesh ...................................................................................   Passed    0.18 sec
          Start 1476: SIMPLEFailureTest.MomentumSolverTooFewIterationsReportsMomentumFailure
1762/1909 Test  #681: ThermalCaseTest.BuilderConstructsThermalRuntimeObjects ...................................................   Passed    0.15 sec
          Start  651: CaseValidationTest.NegativeGeometryHeightIsRejected
1763/1909 Test #1441: SIMPLESettingsTest.RejectsZeroVelocityTolerance ..........................................................   Passed    0.16 sec
          Start  680: ThermalCaseTest.ParsesThermalPropertiesWhenEnabled
1764/1909 Test #1074: TurbulenceModelTest.NonFiniteTurbulentViscosityRejected ..................................................   Passed    0.15 sec
          Start 1007: EnergyEquationAssemblyTest.NonFiniteTemperatureAtGradientBoundaryThrowsNumericalError
1765/1909 Test  #378: InterpolationTest.LinearFieldPhiYIsExactAtEveryFace ......................................................   Passed    0.16 sec
          Start  893: TimeControllerTest.FinalStepIsShortenedToLandExactlyOnEndTime
1766/1909 Test #1573: SecondPressureCorrectionTest.SameResponseCoefficientsReusedNoMomentumReassembly ..........................   Passed    0.15 sec
          Start 1044: ThermalRegionMapTest.RejectsEmptyCellRegionIndex
1767/1909 Test  #532: MassFluxTest.TangentialVelocityAtVerticalFaceGivesZeroFlux ...............................................   Passed    0.15 sec
          Start 1089: LaminarModelTest.CorrectLeavesTurbulentViscosityZero
1768/1909 Test #1080: EffectiveViscosityTest.IsSumOfMolecularAndTurbulent ......................................................   Passed    0.14 sec
          Start  238: SparseMatrixTest.DiagonalLookup
1769/1909 Test #1567: CorrectionApplicationTest.RepeatedCorrectionStepIsBitIdentical ...........................................   Passed    0.15 sec
          Start  914: CFLTest.DoublingVelocityDoublesCFL
1770/1909 Test  #675: CaseBuilderTest.BuildsExpectedMeshFluidAndInitialFields ..................................................   Passed    0.14 sec
          Start 1128: KOmegaEquationTest.LinearEffectiveDiffusivityRejectsInvalidInputs
1771/1909 Test  #701: TurbulenceCaseTest.KOmegaInletPatchGetsFixedKAndOmegaFromCaseConfig ......................................   Passed    0.15 sec
          Start  696: TurbulenceCaseTest.ParsesOptionalRelaxationOverrides
1772/1909 Test  #804: JSONWriterTest.WrittenFileIsValidJson ....................................................................   Passed    0.15 sec
          Start 1591: PisoTest.WallNormalBoundaryFluxStaysExactlyZero
1773/1909 Test  #214: FieldArithmetic.ScalarFieldMismatchLeavesOperandUnchanged ................................................   Passed    0.13 sec
          Start   52: MeshFace.RejectsOwnerEqualToNeighbor
1774/1909 Test #1589: PisoTest.RepeatedIdenticalTimestepIsBitIdentical .........................................................   Passed    0.12 sec
          Start  685: ThermalCaseTest.RejectsMissingThermalField
1775/1909 Test  #505: TimeDerivativeTest.RejectsNonFiniteDeltaT ................................................................   Passed    0.12 sec
          Start 1102: KEpsilonEquationTest.EffectiveDiffusivityRejectsInvalidInputs
1776/1909 Test #1476: SIMPLEFailureTest.MomentumSolverTooFewIterationsReportsMomentumFailure ...................................   Passed    0.13 sec
          Start  917: CFLTest.RejectsNonPositiveDt
1777/1909 Test  #651: CaseValidationTest.NegativeGeometryHeightIsRejected ......................................................   Passed    0.14 sec
          Start  946: RestartSnapshotTest.InvalidDeltaTIsRejected
1778/1909 Test  #680: ThermalCaseTest.ParsesThermalPropertiesWhenEnabled .......................................................   Passed    0.14 sec
          Start 1097: TurbulenceProductionTest.ZeroShearGivesZeroProductionEverywhere
1779/1909 Test #1007: EnergyEquationAssemblyTest.NonFiniteTemperatureAtGradientBoundaryThrowsNumericalError ....................   Passed    0.15 sec
          Start 1111: KEpsilonModelTest.TurbulentViscosityMatchesHandDerivedExample
1780/1909 Test  #893: TimeControllerTest.FinalStepIsShortenedToLandExactlyOnEndTime ............................................   Passed    0.14 sec
          Start  241: SparseMatrixTest.RejectsWrongRowOffsetsSize
1781/1909 Test #1044: ThermalRegionMapTest.RejectsEmptyCellRegionIndex .........................................................   Passed    0.15 sec
          Start  252: LinearSystemTest.RejectsRhsSizeMismatch
1782/1909 Test #1089: LaminarModelTest.CorrectLeavesTurbulentViscosityZero .....................................................   Passed    0.15 sec
          Start 1047: InterfaceConductanceTest.MatchesHandDerivedExample
1783/1909 Test  #238: SparseMatrixTest.DiagonalLookup ..........................................................................   Passed    0.15 sec
          Start 1124: KOmegaCoefficientsTest.DefaultsMatchStandardModel
1784/1909 Test  #914: CFLTest.DoublingVelocityDoublesCFL .......................................................................   Passed    0.15 sec
          Start  103: CartesianMesh.RejectsInvalidInputs
1785/1909 Test #1128: KOmegaEquationTest.LinearEffectiveDiffusivityRejectsInvalidInputs ........................................   Passed    0.16 sec
          Start  502: TimeDerivativeTest.RejectsFieldSizeMismatch
1786/1909 Test #1591: PisoTest.WallNormalBoundaryFluxStaysExactlyZero ..........................................................   Passed    0.15 sec
          Start 1470: FluxCorrectionTest.MismatchedFaceCoefficientSizeThrows
1787/1909 Test  #696: TurbulenceCaseTest.ParsesOptionalRelaxationOverrides .....................................................   Passed    0.17 sec
          Start  636: CaseReaderTest.MalformedManifestJsonThrowsIOError
1788/1909 Test   #52: MeshFace.RejectsOwnerEqualToNeighbor .....................................................................   Passed    0.16 sec
          Start  890: TimeControllerTest.InitialStateIsStartTimeAndStepZero
1789/1909 Test  #685: ThermalCaseTest.RejectsMissingThermalField ...............................................................   Passed    0.16 sec
          Start 1143: KOmegaModelTest.EffectiveViscosityEqualsMolecularPlusTurbulent
1790/1909 Test #1102: KEpsilonEquationTest.EffectiveDiffusivityRejectsInvalidInputs ............................................   Passed    0.16 sec
          Start  205: VectorFieldTest.ElementwiseSubtraction
1791/1909 Test  #917: CFLTest.RejectsNonPositiveDt .............................................................................   Passed    0.15 sec
          Start   29: CoreTimer.ElapsedTimeIncreases
1792/1909 Test  #946: RestartSnapshotTest.InvalidDeltaTIsRejected ..............................................................   Passed    0.16 sec
          Start 1782: RestartIOTest.ReadRejectsNonNumericFieldValue
1793/1909 Test #1097: TurbulenceProductionTest.ZeroShearGivesZeroProductionEverywhere ..........................................   Passed    0.15 sec
          Start  927: TransientSolverTest.InvalidConfigurationFromStepperPropagates
1794/1909 Test #1111: KEpsilonModelTest.TurbulentViscosityMatchesHandDerivedExample ............................................   Passed    0.16 sec
          Start  635: CaseReaderTest.MissingReferencedFileThrowsIOError
1795/1909 Test  #241: SparseMatrixTest.RejectsWrongRowOffsetsSize ..............................................................   Passed    0.15 sec
          Start 1434: SIMPLESettingsTest.DefaultsAreValid
1796/1909 Test  #252: LinearSystemTest.RejectsRhsSizeMismatch ..................................................................   Passed    0.17 sec
          Start  197: ScalarFieldTest.ElementwiseSubtraction
1797/1909 Test #1047: InterfaceConductanceTest.MatchesHandDerivedExample .......................................................   Passed    0.17 sec
          Start  665: CaseValidationTest.VelocityValueWithWrongComponentCountIsRejected
1798/1909 Test #1124: KOmegaCoefficientsTest.DefaultsMatchStandardModel ........................................................   Passed    0.17 sec
          Start  935: RestartSnapshotTest.SourceTransientStateIsNotModified
1799/1909 Test  #103: CartesianMesh.RejectsInvalidInputs .......................................................................   Passed    0.17 sec
          Start 1103: KEpsilonEquationTest.ImplicitSourceReproducesKDestructionAtSelfConsistency
1800/1909 Test  #502: TimeDerivativeTest.RejectsFieldSizeMismatch ..............................................................   Passed    0.17 sec
          Start 1117: KEpsilonModelTest.RejectsInvalidInitialEpsilon
1801/1909 Test #1470: FluxCorrectionTest.MismatchedFaceCoefficientSizeThrows ...................................................   Passed    0.17 sec
          Start  471: GridRefinementTest.GradientOfSmoothFieldConvergesAtSecondOrder
1802/1909 Test  #636: CaseReaderTest.MalformedManifestJsonThrowsIOError ........................................................   Passed    0.19 sec
          Start  698: TurbulenceCaseTest.InletPatchGetsFixedKAndEpsilonFromCaseConfig
1803/1909 Test  #890: TimeControllerTest.InitialStateIsStartTimeAndStepZero ....................................................   Passed    0.19 sec
          Start  930: TransientSolverTest.RejectsNonPositiveOrNonFiniteCflFailAbove
1804/1909 Test #1143: KOmegaModelTest.EffectiveViscosityEqualsMolecularPlusTurbulent ...........................................   Passed    0.19 sec
          Start  899: TimeControllerTest.ReachedEndTimeDistinguishesCompletionFromMaxSteps
1805/1909 Test  #205: VectorFieldTest.ElementwiseSubtraction ...................................................................   Passed    0.20 sec
          Start 1468: FluxCorrectionTest.BoundaryFluxIsUnchangedByCorrection
1806/1909 Test   #29: CoreTimer.ElapsedTimeIncreases ...........................................................................   Passed    0.19 sec
          Start  677: CaseBuilderTest.ConfigurationMatchesManualSetup
1807/1909 Test #1782: RestartIOTest.ReadRejectsNonNumericFieldValue ............................................................   Passed    0.19 sec
          Start 1544: TransientMomentumTermTest.RhsGetsSourceContributionAddedExactly
1808/1909 Test  #927: TransientSolverTest.InvalidConfigurationFromStepperPropagates ............................................   Passed    0.19 sec
          Start  207: VectorFieldTest.ScalarDivision
1809/1909 Test  #635: CaseReaderTest.MissingReferencedFileThrowsIOError ........................................................   Passed    0.19 sec
          Start  938: RestartSnapshotTest.WrongFaceCountIsRejected
1810/1909 Test #1434: SIMPLESettingsTest.DefaultsAreValid ......................................................................   Passed    0.18 sec
          Start  324: FixedGradientTest.ZeroGradientReturnsOwnerValue
1811/1909 Test  #197: ScalarFieldTest.ElementwiseSubtraction ...................................................................   Passed    0.17 sec
          Start  366: AdiabaticTest.RepeatedEvaluationIsDeterministic
1812/1909 Test  #935: RestartSnapshotTest.SourceTransientStateIsNotModified ....................................................   Passed    0.16 sec
          Start  224: AlgebraVector.Addition
1813/1909 Test  #665: CaseValidationTest.VelocityValueWithWrongComponentCountIsRejected ........................................   Passed    0.18 sec
          Start  227: AlgebraVector.ScalarDivision
1814/1909 Test #1103: KEpsilonEquationTest.ImplicitSourceReproducesKDestructionAtSelfConsistency ...............................   Passed    0.17 sec
          Start  259: CGTest.SolvesTwoByTwoSpdSystem
1815/1909 Test #1117: KEpsilonModelTest.RejectsInvalidInitialEpsilon ...........................................................   Passed    0.17 sec
          Start  828: VTKWriterTest.RepeatedWriteIsByteIdentical
1816/1909 Test  #471: GridRefinementTest.GradientOfSmoothFieldConvergesAtSecondOrder ...........................................   Passed    0.16 sec
          Start 1100: KEpsilonEquationTest.EffectiveDiffusivityMatchesHandDerivedExample
1817/1909 Test  #698: TurbulenceCaseTest.InletPatchGetsFixedKAndEpsilonFromCaseConfig ..........................................   Passed    0.16 sec
          Start 1135: KOmegaModelTest.ConstructionIsDeterministicAcrossInstances
1818/1909 Test  #930: TransientSolverTest.RejectsNonPositiveOrNonFiniteCflFailAbove ............................................   Passed    0.15 sec
          Start  931: TransientSolverTest.RepeatedRunsAreDeterministic
1819/1909 Test  #899: TimeControllerTest.ReachedEndTimeDistinguishesCompletionFromMaxSteps .....................................   Passed    0.17 sec
          Start 1545: TransientMomentumTermTest.OffDiagonalCoefficientsAreUnchanged
1820/1909 Test #1468: FluxCorrectionTest.BoundaryFluxIsUnchangedByCorrection ...................................................   Passed    0.16 sec
          Start  245: SparseMatrixTest.RejectsOutOfRangeColumn
1821/1909 Test  #677: CaseBuilderTest.ConfigurationMatchesManualSetup ..........................................................   Passed    0.17 sec
          Start 1577: FinalCorrectionTest.TwoCellFullFirstCorrectionMakesSecondCorrectionExactlyIdempotent
1822/1909 Test #1544: TransientMomentumTermTest.RhsGetsSourceContributionAddedExactly ..........................................   Passed    0.18 sec
          Start   39: Vector3Test.Vector2IsTheSameTypeWithZeroZ
1823/1909 Test  #207: VectorFieldTest.ScalarDivision ...........................................................................   Passed    0.18 sec
          Start   40: Vector3Test.ArithmeticActsOnAllThreeComponents
1824/1909 Test  #938: RestartSnapshotTest.WrongFaceCountIsRejected .............................................................   Passed    0.17 sec
          Start   41: Vector3Test.DotCrossAndMagnitudeUseZ
1825/1909 Test  #324: FixedGradientTest.ZeroGradientReturnsOwnerValue ..........................................................   Passed    0.18 sec
          Start   42: Vector3Test.IsFiniteChecksEveryComponent
1826/1909 Test  #366: AdiabaticTest.RepeatedEvaluationIsDeterministic ..........................................................   Passed    0.17 sec
          Start   43: Vector3Test.TwoDimensionalResultsAreBitwiseTheFormerFormulas
1827/1909 Test  #224: AlgebraVector.Addition ...................................................................................   Passed    0.17 sec
          Start  171: Cartesian3DMeshTest.TopologyCountsMatchIndependentFormulas
1828/1909 Test  #227: AlgebraVector.ScalarDivision .............................................................................   Passed    0.17 sec
          Start  172: Cartesian3DMeshTest.CellVolumesAreBoxVolumesAndSumToTheDomain
1829/1909 Test  #259: CGTest.SolvesTwoByTwoSpdSystem ...........................................................................   Passed    0.16 sec
          Start  173: Cartesian3DMeshTest.AreaVectorsHaveTheRightMagnitudeDirectionAndClosure
1830/1909 Test  #828: VTKWriterTest.RepeatedWriteIsByteIdentical ...............................................................   Passed    0.16 sec
          Start  174: Cartesian3DMeshTest.CentroidsAreBoxAndRectangleCentres
1831/1909 Test #1100: KEpsilonEquationTest.EffectiveDiffusivityMatchesHandDerivedExample .......................................   Passed    0.15 sec
          Start  175: Cartesian3DMeshTest.EachCellHasSixFacesInCanonicalOrderAndEachFaceItsOwners
1832/1909 Test #1135: KOmegaModelTest.ConstructionIsDeterministicAcrossInstances ...............................................   Passed    0.16 sec
          Start  176: Cartesian3DMeshTest.BuildIsDeterministicAndFollowsTheDocumentedNumbering
1833/1909 Test  #931: TransientSolverTest.RepeatedRunsAreDeterministic .........................................................   Passed    0.15 sec
          Start  177: Cartesian3DMeshTest.SixPatchesPartitionTheBoundaryWithOutwardNormals
1834/1909 Test #1545: TransientMomentumTermTest.OffDiagonalCoefficientsAreUnchanged ............................................   Passed    0.16 sec
          Start  178: Cartesian3DMeshTest.DimensionIsThreeFor3DMeshesAndTwoForEvery2DBuilder
1835/1909 Test  #245: SparseMatrixTest.RejectsOutOfRangeColumn .................................................................   Passed    0.15 sec
          Start  179: Cartesian3DMeshTest.StructuredGridMustMatchTheMeshDimension
1836/1909 Test #1577: FinalCorrectionTest.TwoCellFullFirstCorrectionMakesSecondCorrectionExactlyIdempotent .....................   Passed    0.15 sec
          Start  180: Cartesian3DMeshTest.InvalidDimensionsAndExtentsAreRejected
1837/1909 Test   #39: Vector3Test.Vector2IsTheSameTypeWithZeroZ ................................................................   Passed    0.23 sec
          Start  181: Cartesian3DMeshTest.FingerprintSeesZIn3DAndKeeps2DValues
1838/1909 Test   #40: Vector3Test.ArithmeticActsOnAllThreeComponents ...........................................................   Passed    0.31 sec
          Start  182: Cartesian3DMeshTest.RequireTwoDimensionalNamesTheComponent
1839/1909 Test   #41: Vector3Test.DotCrossAndMagnitudeUseZ .....................................................................   Passed    0.44 sec
          Start  221: Fields3DTest.ScalarFieldsSampleLinearFieldsWithExactVolumeMeans
1840/1909 Test   #42: Vector3Test.IsFiniteChecksEveryComponent .................................................................   Passed    0.51 sec
          Start  222: Fields3DTest.VectorFieldsCarryThreeComponents
1841/1909 Test   #43: Vector3Test.TwoDimensionalResultsAreBitwiseTheFormerFormulas .............................................   Passed    0.58 sec
          Start  514: Operators3DTest.InterpolationIsExactForConstantAndLinearFields
1842/1909 Test  #171: Cartesian3DMeshTest.TopologyCountsMatchIndependentFormulas ...............................................   Passed    0.60 sec
          Start  515: Operators3DTest.GradientsAreExactForLinearFieldsInEveryCell
1843/1909 Test  #172: Cartesian3DMeshTest.CellVolumesAreBoxVolumesAndSumToTheDomain ............................................   Passed    0.60 sec
          Start  516: Operators3DTest.LeastSquaresPrimitiveSolvesTheThreeByThreeSystem
1844/1909 Test  #173: Cartesian3DMeshTest.AreaVectorsHaveTheRightMagnitudeDirectionAndClosure ..................................   Passed    0.59 sec
          Start  517: Operators3DTest.ExplicitDiffusionIsExactForAQuadraticField
1845/1909 Test  #174: Cartesian3DMeshTest.CentroidsAreBoxAndRectangleCentres ...................................................   Passed    0.60 sec
          Start  518: Operators3DTest.ExplicitDiffusionWithZeroFluxBoundariesConservesGlobally
1846/1909 Test  #175: Cartesian3DMeshTest.EachCellHasSixFacesInCanonicalOrderAndEachFaceItsOwners ..............................   Passed    0.59 sec
          Start  519: Operators3DTest.DivergenceFreeMassFluxBalancesInEveryCell
1847/1909 Test  #176: Cartesian3DMeshTest.BuildIsDeterministicAndFollowsTheDocumentedNumbering .................................   Passed    0.59 sec
          Start  520: Operators3DTest.ConvectionPreservesAConstantWithEveryScheme
1848/1909 Test  #177: Cartesian3DMeshTest.SixPatchesPartitionTheBoundaryWithOutwardNormals .....................................   Passed    0.58 sec
          Start  521: Operators3DTest.HigherOrderConvectionIsExactForALinearFieldAwayFromTheBoundary
1849/1909 Test  #178: Cartesian3DMeshTest.DimensionIsThreeFor3DMeshesAndTwoForEvery2DBuilder ...................................   Passed    0.57 sec
          Start  522: Operators3DTest.TwoDimensionalOnlyComponentsRefuseA3DMesh
1850/1909 Test  #179: Cartesian3DMeshTest.StructuredGridMustMatchTheMeshDimension ..............................................   Passed    0.57 sec
          Start  887: VTK3DTest.HexahedralMeshAndFieldsRoundTrip
1851/1909 Test  #180: Cartesian3DMeshTest.InvalidDimensionsAndExtentsAreRejected ...............................................   Passed    0.53 sec
          Start  888: VTK3DTest.TwoCellConnectivityByHand
1852/1909 Test  #181: Cartesian3DMeshTest.FingerprintSeesZIn3DAndKeeps2DValues .................................................   Passed    0.43 sec
          Start  889: VTK3DTest.InvalidFieldsAreRejectedBeforeWriting
1853/1909 Test  #182: Cartesian3DMeshTest.RequireTwoDimensionalNamesTheComponent ...............................................   Passed    0.32 sec
          Start 1064: SparseAssembly3DTest.OneCell
1854/1909 Test  #221: Fields3DTest.ScalarFieldsSampleLinearFieldsWithExactVolumeMeans ..........................................   Passed    0.24 sec
          Start 1065: SparseAssembly3DTest.TwoCellsInX
1855/1909 Test  #222: Fields3DTest.VectorFieldsCarryThreeComponents ............................................................   Passed    0.18 sec
          Start 1066: SparseAssembly3DTest.TwoCellsWithUpwindConvectionAndAZeroGradientOutlet
1856/1909 Test  #514: Operators3DTest.InterpolationIsExactForConstantAndLinearFields ...........................................   Passed    0.16 sec
          Start 1067: SparseAssembly3DTest.TwoByTwoByOne
1857/1909 Test  #516: Operators3DTest.LeastSquaresPrimitiveSolvesTheThreeByThreeSystem .........................................   Passed    0.16 sec
          Start 1068: SparseAssembly3DTest.TwoByTwoByTwo
1858/1909 Test  #517: Operators3DTest.ExplicitDiffusionIsExactForAQuadraticField ...............................................   Passed    0.16 sec
          Start 1640: CavityGhiaValidation.Grid40x40ConvergesAndMatchesGhia
1859/1909 Test #1640: CavityGhiaValidation.Grid40x40ConvergesAndMatchesGhia ....................................................***Not Run (Disabled)   0.00 sec
          Start 1641: CavityGhiaValidation.Grid80x80ConvergesAndMatchesGhia
1860/1909 Test #1641: CavityGhiaValidation.Grid80x80ConvergesAndMatchesGhia ....................................................***Not Run (Disabled)   0.00 sec
          Start 1642: CavityGhiaValidation.GridConvergence
1861/1909 Test #1642: CavityGhiaValidation.GridConvergence .....................................................................***Not Run (Disabled)   0.00 sec
          Start 1645: CavityGhiaValidation.Re100Grid40
1862/1909 Test #1645: CavityGhiaValidation.Re100Grid40 .........................................................................***Not Run (Disabled)   0.00 sec
          Start 1646: CavityGhiaValidation.Re100Grid80
1863/1909 Test #1646: CavityGhiaValidation.Re100Grid80 .........................................................................***Not Run (Disabled)   0.00 sec
          Start 1647: CavityGhiaValidation.Re100Grid160
1864/1909 Test #1647: CavityGhiaValidation.Re100Grid160 ........................................................................***Not Run (Disabled)   0.00 sec
          Start 1648: CavityGhiaValidation.Re1000Grid40
1865/1909 Test #1648: CavityGhiaValidation.Re1000Grid40 ........................................................................***Not Run (Disabled)   0.00 sec
          Start 1649: CavityGhiaValidation.Re1000Grid80
1866/1909 Test #1649: CavityGhiaValidation.Re1000Grid80 ........................................................................***Not Run (Disabled)   0.00 sec
          Start 1650: CavityGhiaValidation.Re1000Grid160
1867/1909 Test #1650: CavityGhiaValidation.Re1000Grid160 .......................................................................***Not Run (Disabled)   0.00 sec
          Start 1651: CavityGhiaValidation.Re100Study
1868/1909 Test #1651: CavityGhiaValidation.Re100Study ..........................................................................***Not Run (Disabled)   0.00 sec
          Start 1652: CavityGhiaValidation.Re1000Study
1869/1909 Test #1652: CavityGhiaValidation.Re1000Study .........................................................................***Not Run (Disabled)   0.00 sec
          Start 1658: SchemeValidation.AccuracyCostComparisonFull
1870/1909 Test #1658: SchemeValidation.AccuracyCostComparisonFull ..............................................................***Not Run (Disabled)   0.00 sec
          Start 1662: PoiseuilleValidation.Grid128x16ConvergesAndMatchesAnalyticalProfile
1871/1909 Test #1662: PoiseuilleValidation.Grid128x16ConvergesAndMatchesAnalyticalProfile ......................................***Not Run (Disabled)   0.00 sec
          Start 1663: PoiseuilleValidation.Grid256x32ConvergesAndMatchesAnalyticalProfile
1872/1909 Test #1663: PoiseuilleValidation.Grid256x32ConvergesAndMatchesAnalyticalProfile ......................................***Not Run (Disabled)   0.00 sec
          Start 1692: NaturalConvectionValidation.Grid20x20MatchesDeVahlDavisRa1e3
1873/1909 Test #1692: NaturalConvectionValidation.Grid20x20MatchesDeVahlDavisRa1e3 .............................................***Not Run (Disabled)   0.00 sec
          Start 1698: CaseLidDrivenCavityIntegrationTest.ProductionCaseLoadsBuildsAndConverges
1874/1909 Test #1698: CaseLidDrivenCavityIntegrationTest.ProductionCaseLoadsBuildsAndConverges .................................***Not Run (Disabled)   0.00 sec
          Start 1757: MeshQualityCampaign.DegradationD1NonOrthogonality
1875/1909 Test #1757: MeshQualityCampaign.DegradationD1NonOrthogonality ........................................................***Not Run (Disabled)   0.00 sec
          Start 1758: MeshQualityCampaign.DegradationD2Irregularity
1876/1909 Test #1758: MeshQualityCampaign.DegradationD2Irregularity ............................................................***Not Run (Disabled)   0.00 sec
          Start 1759: MeshQualityCampaign.DegradationD3AspectRatio
1877/1909 Test #1759: MeshQualityCampaign.DegradationD3AspectRatio .............................................................***Not Run (Disabled)   0.00 sec
          Start 1760: MeshQualityCampaign.DegradationD4Expansion
1878/1909 Test #1760: MeshQualityCampaign.DegradationD4Expansion ...............................................................***Not Run (Disabled)   0.00 sec
          Start 1761: MeshQualityCampaign.ManufacturedSolutionCartesian
1879/1909 Test #1761: MeshQualityCampaign.ManufacturedSolutionCartesian ........................................................***Not Run (Disabled)   0.00 sec
          Start 1762: MeshQualityCampaign.ManufacturedSolutionSmoothCorrected
1880/1909 Test #1762: MeshQualityCampaign.ManufacturedSolutionSmoothCorrected ..................................................***Not Run (Disabled)   0.00 sec
          Start 1763: MeshQualityCampaign.ManufacturedSolutionSmoothUncorrected
1881/1909 Test #1763: MeshQualityCampaign.ManufacturedSolutionSmoothUncorrected ................................................***Not Run (Disabled)   0.00 sec
          Start 1764: MeshQualityCampaign.GridConvergenceIrregularFamily
1882/1909 Test #1764: MeshQualityCampaign.GridConvergenceIrregularFamily .......................................................***Not Run (Disabled)   0.00 sec
          Start 1789: ChannelFlowValidation.KEpsilonFineConvergesAndMatchesLogLaw
1883/1909 Test #1789: ChannelFlowValidation.KEpsilonFineConvergesAndMatchesLogLaw ..............................................***Not Run (Disabled)   0.00 sec
          Start 1792: ChannelFlowValidation.KOmegaFineConvergesAndMatchesLogLaw
1884/1909 Test #1792: ChannelFlowValidation.KOmegaFineConvergesAndMatchesLogLaw ................................................***Not Run (Disabled)   0.00 sec
          Start 1795: ChannelFlowValidation.SSTFineConvergesAndMatchesLogLaw
1885/1909 Test #1795: ChannelFlowValidation.SSTFineConvergesAndMatchesLogLaw ...................................................***Not Run (Disabled)   0.00 sec
          Start 1796: ChannelFlowValidation.KEpsilonGridRefinementReducesReTauError
1886/1909 Test #1796: ChannelFlowValidation.KEpsilonGridRefinementReducesReTauError ............................................***Not Run (Disabled)   0.00 sec
          Start 1803: TurbulentChannelValidation.Study
1887/1909 Test #1803: TurbulentChannelValidation.Study .........................................................................***Not Run (Disabled)   0.00 sec
          Start 1850: SIMPLEMMS.FineGridStudy
1888/1909 Test #1850: SIMPLEMMS.FineGridStudy ..................................................................................***Not Run (Disabled)   0.00 sec
          Start 1852: MMS3DTest.ForcingMatchesFiniteDifferencesOfClosedForms
1889/1909 Test  #518: Operators3DTest.ExplicitDiffusionWithZeroFluxBoundariesConservesGlobally .................................   Passed    0.47 sec
          Start 1853: MMS3DTest.OperatorErrorsDecreaseOnCoarseLevels
1890/1909 Test  #519: Operators3DTest.DivergenceFreeMassFluxBalancesInEveryCell ................................................   Passed    0.47 sec
          Start 1854: MMS3DTest.OperatorRefinementStudy
1891/1909 Test #1854: MMS3DTest.OperatorRefinementStudy ........................................................................***Not Run (Disabled)   0.00 sec
          Start 1857: BackwardFacingStep.Converges
1892/1909 Test #1857: BackwardFacingStep.Converges .............................................................................***Not Run (Disabled)   0.00 sec
          Start 1858: BackwardFacingStep.MassConservation
1893/1909 Test #1858: BackwardFacingStep.MassConservation ......................................................................***Not Run (Disabled)   0.00 sec
          Start 1859: BackwardFacingStep.ReattachmentLength
1894/1909 Test #1859: BackwardFacingStep.ReattachmentLength ....................................................................***Not Run (Disabled)   0.00 sec
1895/1909 Test  #520: Operators3DTest.ConvectionPreservesAConstantWithEveryScheme ..............................................   Passed    0.50 sec
1896/1909 Test  #521: Operators3DTest.HigherOrderConvectionIsExactForALinearFieldAwayFromTheBoundary ...........................   Passed    0.50 sec
1897/1909 Test  #522: Operators3DTest.TwoDimensionalOnlyComponentsRefuseA3DMesh ................................................   Passed    0.50 sec
1898/1909 Test  #887: VTK3DTest.HexahedralMeshAndFieldsRoundTrip ...............................................................   Passed    0.49 sec
1899/1909 Test  #888: VTK3DTest.TwoCellConnectivityByHand ......................................................................   Passed    0.49 sec
1900/1909 Test  #889: VTK3DTest.InvalidFieldsAreRejectedBeforeWriting ..........................................................   Passed    0.49 sec
1901/1909 Test  #515: Operators3DTest.GradientsAreExactForLinearFieldsInEveryCell ..............................................   Passed    0.59 sec
1902/1909 Test #1064: SparseAssembly3DTest.OneCell .............................................................................   Passed    0.48 sec
1903/1909 Test #1065: SparseAssembly3DTest.TwoCellsInX .........................................................................   Passed    0.48 sec
1904/1909 Test #1066: SparseAssembly3DTest.TwoCellsWithUpwindConvectionAndAZeroGradientOutlet ..................................   Passed    0.47 sec
1905/1909 Test #1067: SparseAssembly3DTest.TwoByTwoByOne .......................................................................   Passed    0.46 sec
1906/1909 Test #1068: SparseAssembly3DTest.TwoByTwoByTwo .......................................................................   Passed    0.45 sec
1907/1909 Test #1852: MMS3DTest.ForcingMatchesFiniteDifferencesOfClosedForms ...................................................   Passed    0.15 sec
1908/1909 Test #1853: MMS3DTest.OperatorErrorsDecreaseOnCoarseLevels ...........................................................   Passed    0.93 sec
1909/1909 Test #1725: CompressibleCoupledProductionCaseTest.RepeatedRunIsDeterministic .........................................   Passed  878.13 sec

100% tests passed, 0 tests failed out of 1875

Label Time Summary:
integration    =   7.45 sec*proc (34 tests)
numerical      =  78.08 sec*proc (463 tests)
solver         = 456.84 sec*proc (205 tests)
unit           = 223.59 sec*proc (1008 tests)
validation     = 13133.36 sec*proc (199 tests)

Total Test time (real) = 878.58 sec

The following tests did not run:
	1640 - CavityGhiaValidation.Grid40x40ConvergesAndMatchesGhia (Disabled)
	1641 - CavityGhiaValidation.Grid80x80ConvergesAndMatchesGhia (Disabled)
	1642 - CavityGhiaValidation.GridConvergence (Disabled)
	1645 - CavityGhiaValidation.Re100Grid40 (Disabled)
	1646 - CavityGhiaValidation.Re100Grid80 (Disabled)
	1647 - CavityGhiaValidation.Re100Grid160 (Disabled)
	1648 - CavityGhiaValidation.Re1000Grid40 (Disabled)
	1649 - CavityGhiaValidation.Re1000Grid80 (Disabled)
	1650 - CavityGhiaValidation.Re1000Grid160 (Disabled)
	1651 - CavityGhiaValidation.Re100Study (Disabled)
	1652 - CavityGhiaValidation.Re1000Study (Disabled)
	1658 - SchemeValidation.AccuracyCostComparisonFull (Disabled)
	1662 - PoiseuilleValidation.Grid128x16ConvergesAndMatchesAnalyticalProfile (Disabled)
	1663 - PoiseuilleValidation.Grid256x32ConvergesAndMatchesAnalyticalProfile (Disabled)
	1692 - NaturalConvectionValidation.Grid20x20MatchesDeVahlDavisRa1e3 (Disabled)
	1698 - CaseLidDrivenCavityIntegrationTest.ProductionCaseLoadsBuildsAndConverges (Disabled)
	1757 - MeshQualityCampaign.DegradationD1NonOrthogonality (Disabled)
	1758 - MeshQualityCampaign.DegradationD2Irregularity (Disabled)
	1759 - MeshQualityCampaign.DegradationD3AspectRatio (Disabled)
	1760 - MeshQualityCampaign.DegradationD4Expansion (Disabled)
	1761 - MeshQualityCampaign.ManufacturedSolutionCartesian (Disabled)
	1762 - MeshQualityCampaign.ManufacturedSolutionSmoothCorrected (Disabled)
	1763 - MeshQualityCampaign.ManufacturedSolutionSmoothUncorrected (Disabled)
	1764 - MeshQualityCampaign.GridConvergenceIrregularFamily (Disabled)
	1789 - ChannelFlowValidation.KEpsilonFineConvergesAndMatchesLogLaw (Disabled)
	1792 - ChannelFlowValidation.KOmegaFineConvergesAndMatchesLogLaw (Disabled)
	1795 - ChannelFlowValidation.SSTFineConvergesAndMatchesLogLaw (Disabled)
	1796 - ChannelFlowValidation.KEpsilonGridRefinementReducesReTauError (Disabled)
	1803 - TurbulentChannelValidation.Study (Disabled)
	1850 - SIMPLEMMS.FineGridStudy (Disabled)
	1854 - MMS3DTest.OperatorRefinementStudy (Disabled)
	1857 - BackwardFacingStep.Converges (Disabled)
	1858 - BackwardFacingStep.MassConservation (Disabled)
	1859 - BackwardFacingStep.ReattachmentLength (Disabled)
debug ctest exit 0
