cell_id,x,y,z,velocity_x,velocity_y,velocity_z,velocity_magnitude,pressure
0,6.25000000000000000e-02,6.25000000000000000e-02,6.25000000000000000e-02,5.80354551713765932e-01,6.48763509988267012e-02,6.48763509988272286e-02,5.87562156314318962e-01,2.05909771816845044e+01
1,1.87500000000000000e-01,6.25000000000000000e-02,6.25000000000000000e-02,5.46473304658389725e-01,5.76012056686331653e-02,5.76012056686328669e-02,5.52511421142786507e-01,1.80142522937085729e+01
2,3.12500000000000000e-01,6.25000000000000000e-02,6.25000000000000000e-02,3.87479294358228366e-01,3.42077646099645596e-02,3.42077646099646637e-02,3.90487574546965643e-01,1.66502616857092107e+01
3,4.37500000000000000e-01,6.25000000000000000e-02,6.25000000000000000e-02,2.76333569321475403e-01,1.76309657148478911e-02,1.76309657148478599e-02,2.77456200936333275e-01,1.59417003531892192e+01
4,5.62500000000000000e-01,6.25000000000000000e-02,6.25000000000000000e-02,2.28359813380797083e-01,8.71673438068518679e-03,8.71673438068514862e-03,2.28692298260871257e-01,1.54162583435914726e+01
5,6.87500000000000000e-01,6.25000000000000000e-02,6.25000000000000000e-02,2.05286643666748120e-01,4.27327376605831331e-03,4.27327376605830030e-03,2.05375577431489598e-01,1.49807089589897267e+01
6,8.12500000000000000e-01,6.25000000000000000e-02,6.25000000000000000e-02,1.93538606368132721e-01,2.07880458369247897e-03,2.07880458369240958e-03,1.93560933589175976e-01,1.45920787895828106e+01
7,9.37500000000000000e-01,6.25000000000000000e-02,6.25000000000000000e-02,1.87796665716975092e-01,1.00272325284522616e-03,1.00272325284522248e-03,1.87802019590463609e-01,1.42243425022072500e+01
8,1.06250000000000000e+00,6.25000000000000000e-02,6.25000000000000000e-02,1.85032652581533397e-01,4.83811218375726200e-04,4.83811218375739210e-04,1.85033917614983473e-01,1.38657447685013189e+01
9,1.18750000000000000e+00,6.25000000000000000e-02,6.25000000000000000e-02,1.83686412632069945e-01,2.34851435696864389e-04,2.34851435696802318e-04,1.83686712900070048e-01,1.35113098150406170e+01
10,1.31250000000000000e+00,6.25000000000000000e-02,6.25000000000000000e-02,1.83024996027985387e-01,1.14768181858378735e-04,1.14768181858501819e-04,1.83025067994838364e-01,1.31587869501249557e+01
11,1.43750000000000000e+00,6.25000000000000000e-02,6.25000000000000000e-02,1.82698470533165347e-01,5.65449999105728515e-05,5.65449999105608575e-05,1.82698488033787271e-01,1.28071400310295758e+01
12,1.56250000000000000e+00,6.25000000000000000e-02,6.25000000000000000e-02,1.82535863367578072e-01,2.81533144818041364e-05,2.81533144817080592e-05,1.82535867709788385e-01,1.24558999668368813e+01
13,1.68750000000000000e+00,6.25000000000000000e-02,6.25000000000000000e-02,1.82453954351644410e-01,1.41761533594732405e-05,1.41761533592948587e-05,1.82453955453091204e-01,1.21048530840565256e+01
14,1.81250000000000000e+00,6.25000000000000000e-02,6.25000000000000000e-02,1.82412257266866301e-01,7.21379324003173018e-06,7.21379324000625821e-06,1.82412257552147627e-01,1.17538997191580634e+01
15,1.93750000000000000e+00,6.25000000000000000e-02,6.25000000000000000e-02,1.82390836519524729e-01,3.70581237969424331e-06,3.70581237969964526e-06,1.82390836594819306e-01,1.14029924353801970e+01
16,2.06250000000000000e+00,6.25000000000000000e-02,6.25000000000000000e-02,1.82379743185122845e-01,1.91929704166509678e-06,1.91929704168133440e-06,1.82379743205320799e-01,1.10521082685619358e+01
17,2.18750000000000000e+00,6.25000000000000000e-02,6.25000000000000000e-02,1.82373960734863755e-01,1.00010631932066435e-06,1.00010631934903529e-06,1.82373960740348173e-01,1.07012358833772900e+01
18,2.31250000000000000e+00,6.25000000000000000e-02,6.25000000000000000e-02,1.82370933467073532e-01,5.23322082208715468e-07,5.23322082238986520e-07,1.82370933468575219e-01,1.03503695654167185e+01
19,2.43750000000000000e+00,6.25000000000000000e-02,6.25000000000000000e-02,1.82369344220034452e-01,2.74599362531981212e-07,2.74599362531433235e-07,1.82369344220447926e-01,9.99950639368693750e+00
20,2.56250000000000000e+00,6.25000000000000000e-02,6.25000000000000000e-02,1.82368508516189548e-01,1.44311013513583891e-07,1.44311013522019677e-07,1.82368508516303734e-01,9.64864486151606471e+00
21,2.68750000000000000e+00,6.25000000000000000e-02,6.25000000000000000e-02,1.82368068804860783e-01,7.58739349310976789e-08,7.58739349408192878e-08,1.82368068804892369e-01,9.29778418579891053e+00
22,2.81250000000000000e+00,6.25000000000000000e-02,6.25000000000000000e-02,1.82367837519949422e-01,3.98761918410072050e-08,3.98761919002904322e-08,1.82367837519958137e-01,8.94692395759477499e+00
23,2.93750000000000000e+00,6.25000000000000000e-02,6.25000000000000000e-02,1.82367715980043421e-01,2.09355656314103443e-08,2.09355655972958938e-08,1.82367715980045808e-01,8.59606396299725439e+00
24,3.06250000000000000e+00,6.25000000000000000e-02,6.25000000000000000e-02,1.82367652202651720e-01,1.09741293351088450e-08,1.09741292990553476e-08,1.82367652202652358e-01,8.24520409010737154e+00
25,3.18750000000000000e+00,6.25000000000000000e-02,6.25000000000000000e-02,1.82367618799209236e-01,5.74051511995171304e-09,5.74051504788379160e-09,1.82367618799209430e-01,7.89434428044667236e+00
26,3.31250000000000000e+00,6.25000000000000000e-02,6.25000000000000000e-02,1.82367601345332975e-01,2.99495854405486488e-09,2.99495849123829006e-09,1.82367601345333002e-01,7.54348450351693600e+00
27,3.43750000000000000e+00,6.25000000000000000e-02,6.25000000000000000e-02,1.82367592251972022e-01,1.55731647125627967e-09,1.55731642776079331e-09,1.82367592251972022e-01,7.19262474345652958e+00
28,3.56250000000000000e+00,6.25000000000000000e-02,6.25000000000000000e-02,1.82367587532108383e-01,8.06186359101098695e-10,8.06186266543376327e-10,1.82367587532108383e-01,6.84176499204259070e+00
29,3.68750000000000000e+00,6.25000000000000000e-02,6.25000000000000000e-02,1.82367585094640988e-01,4.14775993338843004e-10,4.14775941443962508e-10,1.82367585094640988e-01,6.49090524502793276e+00
30,3.81250000000000000e+00,6.25000000000000000e-02,6.25000000000000000e-02,1.82367583844851688e-01,2.11491284599311356e-10,2.11491280392636607e-10,1.82367583844851688e-01,6.14004550022838291e+00
31,3.93750000000000000e+00,6.25000000000000000e-02,6.25000000000000000e-02,1.82367583210789386e-01,1.06382835129774997e-10,1.06382795392908157e-10,1.82367583210789386e-01,5.78918575652678147e+00
32,4.06250000000000000e+00,6.25000000000000000e-02,6.25000000000000000e-02,1.82367582894300773e-01,5.23816285970189453e-11,5.23816889132265858e-11,1.82367582894300773e-01,5.43832601335589860e+00
33,4.18750000000000000e+00,6.25000000000000000e-02,6.25000000000000000e-02,1.82367582740378065e-01,2.49011134733219800e-11,2.49011622570794121e-11,1.82367582740378065e-01,5.08746627043077115e+00
34,4.31250000000000000e+00,6.25000000000000000e-02,6.25000000000000000e-02,1.82367582668727130e-01,1.11216873509508354e-11,1.11217505637744897e-11,1.82367582668727130e-01,4.73660652761060241e+00
35,4.43750000000000000e+00,6.25000000000000000e-02,6.25000000000000000e-02,1.82367582637976894e-01,4.37899324217260551e-12,4.37905712493097129e-12,1.82367582637976894e-01,4.38574678482766434e+00
36,4.56250000000000000e+00,6.25000000000000000e-02,6.25000000000000000e-02,1.82367582626931729e-01,1.23489161931965474e-12,1.23495389978381337e-12,1.82367582626931729e-01,4.03488704205093107e+00
37,4.68750000000000000e+00,6.25000000000000000e-02,6.25000000000000000e-02,1.82367582624834573e-01,-7.91962867588544090e-14,-7.91702002804917827e-14,1.82367582624834573e-01,3.68402729926782335e+00
38,4.81250000000000000e+00,6.25000000000000000e-02,6.25000000000000000e-02,1.82367582626135699e-01,-5.10198499911250376e-13,-5.10132658467905974e-13,1.82367582626135699e-01,3.33316755647476093e+00
39,4.93750000000000000e+00,6.25000000000000000e-02,6.25000000000000000e-02,1.82367582628429559e-01,-5.59885211937359374e-13,-5.59876838006027462e-13,1.82367582628429559e-01,2.98230781367245701e+00
40,5.06250000000000000e+00,6.25000000000000000e-02,6.25000000000000000e-02,1.82367582630766634e-01,-4.78448060564604301e-13,-4.78388983803970893e-13,1.82367582630766634e-01,2.63144807086381238e+00
41,5.18750000000000000e+00,6.25000000000000000e-02,6.25000000000000000e-02,1.82367582632932901e-01,-3.91518029930658036e-13,-3.91503974809080535e-13,1.82367582632932901e-01,2.28058832805181710e+00
42,5.31250000000000000e+00,6.25000000000000000e-02,6.25000000000000000e-02,1.82367582634863690e-01,-4.63355772634748267e-13,-4.63360177968151691e-13,1.82367582634863690e-01,1.92972858523994306e+00
43,5.43750000000000000e+00,6.25000000000000000e-02,6.25000000000000000e-02,1.82367582639096665e-01,-1.11991233238575165e-12,-1.11997467125418327e-12,1.82367582639096665e-01,1.57886884244532055e+00
44,5.56250000000000000e+00,6.25000000000000000e-02,6.25000000000000000e-02,1.82367582651773552e-01,-3.50666916493435252e-12,-3.50670737227602821e-12,1.82367582651773552e-01,1.22800909968270267e+00
45,5.68750000000000000e+00,6.25000000000000000e-02,6.25000000000000000e-02,1.82367582661981137e-01,-9.20363308377481493e-12,-9.20369760648848700e-12,1.82367582661981137e-01,8.77149356839005412e-01
46,5.81250000000000000e+00,6.25000000000000000e-02,6.25000000000000000e-02,1.82367582708895859e-01,-1.88964887346102834e-11,-1.88965612629483924e-11,1.82367582708895859e-01,5.26289614192160360e-01
47,5.93750000000000000e+00,6.25000000000000000e-02,6.25000000000000000e-02,1.82367583073351353e-01,-3.97732381790882962e-11,-3.97732258894733446e-11,1.82367583073351353e-01,1.75429872846693313e-01
48,6.25000000000000000e-02,1.87500000000000000e-01,6.25000000000000000e-02,7.39036762752349863e-01,1.43073271762722581e-01,9.19059228817595136e-02,7.58348202643819080e-01,1.94641665009231879e+01
49,1.87500000000000000e-01,1.87500000000000000e-01,6.25000000000000000e-02,7.45950166504675938e-01,1.32854567251784655e-01,9.18423707046000515e-02,7.63234569450738309e-01,1.76111121874549319e+01
50,3.12500000000000000e-01,1.87500000000000000e-01,6.25000000000000000e-02,6.21304617933824077e-01,8.49041650224162392e-02,6.24555236347710055e-02,6.30181591239019179e-01,1.65147616502307173e+01
51,4.37500000000000000e-01,1.87500000000000000e-01,6.25000000000000000e-02,5.05359324658324893e-01,4.69288785708632111e-02,3.53021233265384746e-02,5.08759871230425542e-01,1.58956097111968955e+01
52,5.62500000000000000e-01,1.87500000000000000e-01,6.25000000000000000e-02,4.47243594648726595e-01,2.46939783987503193e-02,1.84312244226030771e-02,4.48303842898082672e-01,1.54018784118696086e+01
53,6.87500000000000000e-01,1.87500000000000000e-01,6.25000000000000000e-02,4.16964168266626689e-01,1.26917811001140551e-02,9.33484325534689532e-03,4.17261714304553555e-01,1.49763758792857331e+01
54,8.12500000000000000e-01,1.87500000000000000e-01,6.25000000000000000e-02,4.00377062904977432e-01,6.42075639422742903e-03,4.66665563551250766e-03,4.00455735741056307e-01,1.45911741009529372e+01
55,9.37500000000000000e-01,1.87500000000000000e-01,6.25000000000000000e-02,3.91707667559690997e-01,3.21372499296560107e-03,2.30967090738782828e-03,3.91727659775365167e-01,1.42245000541359943e+01
56,1.06250000000000000e+00,1.87500000000000000e-01,6.25000000000000000e-02,3.87292631381591979e-01,1.60447467248629543e-03,1.14065713656931684e-03,3.87297634591479922e-01,1.38660752522609698e+01
57,1.18750000000000000e+00,1.87500000000000000e-01,6.25000000000000000e-02,3.85032986928149024e-01,8.02786755117701435e-04,5.65649061519547369e-04,3.85034239319371641e-01,1.35115781452685013e+01
58,1.31250000000000000e+00,1.87500000000000000e-01,6.25000000000000000e-02,3.83872149205508884e-01,4.03147298323522157e-04,2.81924332677416668e-04,3.83872464426311732e-01,1.31589670930963987e+01
59,1.43750000000000000e+00,1.87500000000000000e-01,6.25000000000000000e-02,3.83276263960009855e-01,2.03584572477916805e-04,1.41339195131218919e-04,3.83276344089469423e-01,1.28072506029250111e+01
60,1.56250000000000000e+00,1.87500000000000000e-01,6.25000000000000000e-02,3.82969538281993038e-01,1.03572272430473136e-04,7.14079012852340291e-05,3.82969558944607158e-01,1.24559641808188672e+01
61,1.68750000000000000e+00,1.87500000000000000e-01,6.25000000000000000e-02,3.82810765517569873e-01,5.31068801215021498e-05,3.63829065412271820e-05,3.82810770930239741e-01,1.21048891726303527e+01
62,1.81250000000000000e+00,1.87500000000000000e-01,6.25000000000000000e-02,3.82728165867860848e-01,2.74277201459989387e-05,1.86834714312247637e-05,3.82728167306678302e-01,1.17539196040671996e+01
63,1.93750000000000000e+00,1.87500000000000000e-01,6.25000000000000000e-02,3.82685019161705997e-01,1.42552343819415080e-05,9.66270286363120530e-06,3.82685019549204197e-01,1.14030032434978725e+01
64,2.06250000000000000e+00,1.87500000000000000e-01,6.25000000000000000e-02,3.82662397564135948e-01,7.44810458736914428e-06,5.02854020545147645e-06,3.82662397669660426e-01,1.10521140868034227e+01
65,2.18750000000000000e+00,1.87500000000000000e-01,6.25000000000000000e-02,3.82650501213567640e-01,3.90598767437589155e-06,2.62897612082630852e-06,3.82650501242534358e-01,1.07012389976121387e+01
66,2.31250000000000000e+00,1.87500000000000000e-01,6.25000000000000000e-02,3.82644233977955828e-01,2.05321301868126192e-06,1.37890795017255467e-06,3.82644233985948989e-01,1.03503712262880594e+01
67,2.43750000000000000e+00,1.87500000000000000e-01,6.25000000000000000e-02,3.82640929010614694e-01,1.08078001846858544e-06,7.24865571540367189e-07,3.82640929012827646e-01,9.99950727711398990e+00
68,2.56250000000000000e+00,1.87500000000000000e-01,6.25000000000000000e-02,3.82639185320454100e-01,5.69222187695170107e-07,3.81529662374685548e-07,3.82639185321067721e-01,9.64864533063862773e+00
69,2.68750000000000000e+00,1.87500000000000000e-01,6.25000000000000000e-02,3.82638265471895944e-01,2.99742484499780588e-07,2.00886861530221227e-07,3.82638265472066086e-01,9.29778443467684923e+00
70,2.81250000000000000e+00,1.87500000000000000e-01,6.25000000000000000e-02,3.82637780545462158e-01,1.57721788209086840e-07,1.05735636511760873e-07,3.82637780545509287e-01,8.94692408953474150e+00
71,2.93750000000000000e+00,1.87500000000000000e-01,6.25000000000000000e-02,3.82637525161855341e-01,8.28943199799794470e-08,5.56031504700746320e-08,3.82637525161868330e-01,8.59606403289891574e+00
72,3.06250000000000000e+00,1.87500000000000000e-01,6.25000000000000000e-02,3.82637390843665604e-01,4.34993781082558194e-08,2.91995259960062938e-08,3.82637390843669156e-01,8.24520412711675021e+00
73,3.18750000000000000e+00,1.87500000000000000e-01,6.25000000000000000e-02,3.82637320315805274e-01,2.27825504450520829e-08,1.53056712670270300e-08,3.82637320315806273e-01,7.89434430002443932e+00
74,3.31250000000000000e+00,1.87500000000000000e-01,6.25000000000000000e-02,3.82637283357111557e-01,1.19039464573713064e-08,8.00416952748454609e-09,3.82637283357111835e-01,7.54348451386044161e+00
75,3.43750000000000000e+00,1.87500000000000000e-01,6.25000000000000000e-02,3.82637264037312408e-01,6.20128165546149393e-09,4.17338497599122981e-09,3.82637264037312519e-01,7.19262474891117431e+00
76,3.56250000000000000e+00,1.87500000000000000e-01,6.25000000000000000e-02,3.82637253969952906e-01,3.21781732187424859e-09,2.16746072478182171e-09,3.82637253969952906e-01,6.84176499491125512e+00
77,3.68750000000000000e+00,1.87500000000000000e-01,6.25000000000000000e-02,3.82637248746287517e-01,1.66063553316886100e-09,1.11956024329333135e-09,3.82637248746287517e-01,6.49090524653059830e+00
78,3.81250000000000000e+00,1.87500000000000000e-01,6.25000000000000000e-02,3.82637246052164592e-01,8.50287919303299691e-10,5.73750556180158122e-10,3.82637246052164592e-01,6.14004550101095337e+00
79,3.93750000000000000e+00,1.87500000000000000e-01,6.25000000000000000e-02,3.82637244674896182e-01,4.30260447684188926e-10,2.90583806903708345e-10,3.82637244674896182e-01,5.78918575693093729e+00
80,4.06250000000000000e+00,1.87500000000000000e-01,6.25000000000000000e-02,3.82637243980181674e-01,2.13777826996734113e-10,1.44499375537385174e-10,3.82637243980181674e-01,5.43832601356211853e+00
81,4.18750000000000000e+00,1.87500000000000000e-01,6.25000000000000000e-02,3.82637243636995916e-01,1.03143765169896798e-10,6.97626437935806207e-11,3.82637243636995916e-01,5.08746627053420042e+00
82,4.31250000000000000e+00,1.87500000000000000e-01,6.25000000000000000e-02,3.82637243473110400e-01,4.73394837632388600e-11,3.20131737170456732e-11,3.82637243473110400e-01,4.73660652766124635e+00
83,4.43750000000000000e+00,1.87500000000000000e-01,6.25000000000000000e-02,3.82637243399326532e-01,1.97737832515426899e-11,1.33338900414206934e-11,3.82637243399326532e-01,4.38574678485169756e+00
84,4.56250000000000000e+00,1.87500000000000000e-01,6.25000000000000000e-02,3.82637243369698621e-01,6.66281414948903617e-12,4.44027984858042686e-12,3.82637243369698621e-01,4.03488704206185034e+00
85,4.68750000000000000e+00,1.87500000000000000e-01,6.25000000000000000e-02,3.82637243360769042e-01,9.16553590645751530e-13,5.69137748893101528e-13,3.82637243360769042e-01,3.68402729927233707e+00
86,4.81250000000000000e+00,1.87500000000000000e-01,6.25000000000000000e-02,3.82637243360530399e-01,-1.23784509739535973e-12,-8.29732451372003891e-13,3.82637243360530399e-01,3.33316755647601060e+00
87,4.93750000000000000e+00,1.87500000000000000e-01,6.25000000000000000e-02,3.82637243363325719e-01,-1.88082330192984058e-12,-1.12773837756249898e-12,3.82637243363325719e-01,2.98230781367165099e+00
88,5.06250000000000000e+00,1.87500000000000000e-01,6.25000000000000000e-02,3.82637243367235536e-01,-2.11202443532341867e-12,-1.02298165158398533e-12,3.82637243367235536e-01,2.63144807086097465e+00
89,5.18750000000000000e+00,1.87500000000000000e-01,6.25000000000000000e-02,3.82637243371795388e-01,-2.58400473025661101e-12,-8.54350976583879870e-13,3.82637243371795388e-01,2.28058832804549594e+00
90,5.31250000000000000e+00,1.87500000000000000e-01,6.25000000000000000e-02,3.82637243377434377e-01,-4.15225703253169740e-12,-1.02874110230412669e-12,3.82637243377434377e-01,1.92972858522538115e+00
91,5.43750000000000000e+00,1.87500000000000000e-01,6.25000000000000000e-02,3.82637243389187309e-01,-8.49183241693179659e-12,-2.38651617224769750e-12,3.82637243389187309e-01,1.57886884241515735e+00
92,5.56250000000000000e+00,1.87500000000000000e-01,6.25000000000000000e-02,3.82637243419027440e-01,-1.99488419717702224e-11,-7.66393855546812079e-12,3.82637243419027440e-01,1.22800909963094673e+00
93,5.68750000000000000e+00,1.87500000000000000e-01,6.25000000000000000e-02,3.82637243455628384e-01,-4.70008137261713682e-11,-2.25248827911209896e-11,3.82637243455628384e-01,8.77149356717178752e-01
94,5.81250000000000000e+00,1.87500000000000000e-01,6.25000000000000000e-02,3.82637243561202323e-01,-8.81973080024979045e-11,-4.83040197888730163e-11,3.82637243561202323e-01,5.26289613884383334e-01
95,5.93750000000000000e+00,1.87500000000000000e-01,6.25000000000000000e-02,3.82637244166256107e-01,-1.38927224098362999e-10,-9.10650537561608329e-11,3.82637244166256107e-01,1.75429872693477928e-01
96,6.25000000000000000e-02,3.12500000000000000e-01,6.25000000000000000e-02,7.50151347375840549e-01,8.00237060176963028e-02,9.74055355483335050e-02,7.60669886251620575e-01,1.89361363570464540e+01
97,1.87500000000000000e-01,3.12500000000000000e-01,6.25000000000000000e-02,7.56106252020265046e-01,8.98991178222046522e-02,9.88348717576938568e-02,7.67819541041189546e-01,1.73709623390779697e+01
98,3.12500000000000000e-01,3.12500000000000000e-01,6.25000000000000000e-02,6.68105432440503577e-01,6.71536045327738584e-02,6.88027657116893343e-02,6.74987626573875898e-01,1.64118865606543949e+01
99,4.37500000000000000e-01,3.12500000000000000e-01,6.25000000000000000e-02,5.81301790742981717e-01,4.26534900782038276e-02,4.01427887465290387e-02,5.84245270092276558e-01,1.58447024690427529e+01
100,5.62500000000000000e-01,3.12500000000000000e-01,6.25000000000000000e-02,5.37891328075336350e-01,2.51047066325442159e-02,2.16600676423923909e-02,5.38912317213132819e-01,1.53773986291358202e+01
101,6.87500000000000000e-01,3.12500000000000000e-01,6.25000000000000000e-02,5.15048426473512122e-01,1.40680233508328444e-02,1.12433693190411195e-02,5.15363177038760334e-01,1.49652699809421303e+01
102,8.12500000000000000e-01,3.12500000000000000e-01,6.25000000000000000e-02,5.02224813201109233e-01,7.64235525344484756e-03,5.74900027584664478e-03,5.02315856402005934e-01,1.45862546969779441e+01
103,9.37500000000000000e-01,3.12500000000000000e-01,6.25000000000000000e-02,4.95369834285786848e-01,4.07473520063258640e-03,2.91605138026101822e-03,4.95395175130860121e-01,1.42223388861432767e+01
104,1.06250000000000000e+00,3.12500000000000000e-01,6.25000000000000000e-02,4.91806343801914292e-01,2.15019051357213942e-03,1.47683407382795070e-03,4.91813261474243923e-01,1.38651192203415974e+01
105,1.18750000000000000e+00,3.12500000000000000e-01,6.25000000000000000e-02,4.89939453620792498e-01,1.12724537453880603e-03,7.50622355485801871e-04,4.89941325395496396e-01,1.35111520705211063e+01
106,1.31250000000000000e+00,3.12500000000000000e-01,6.25000000000000000e-02,4.88957727256501384e-01,5.88931895195711507e-04,3.83184586694664485e-04,4.88958232076164012e-01,1.31587751583095116e+01
107,1.43750000000000000e+00,3.12500000000000000e-01,6.25000000000000000e-02,4.88443153413599618e-01,3.07647547200075051e-04,1.96485285067945310e-04,4.88443289819915305e-01,1.28071619500849163e+01
108,1.56250000000000000e+00,3.12500000000000000e-01,6.25000000000000000e-02,4.88173349746410579e-01,1.61019479286952938e-04,1.01282621786548380e-04,4.88173386808491983e-01,1.24559218910794396e+01
109,1.68750000000000000e+00,3.12500000000000000e-01,6.25000000000000000e-02,4.88031474151390143e-01,8.44953269909808383e-05,5.24858190279361463e-05,4.88031484288258210e-01,1.21048684155525574e+01
110,1.81250000000000000e+00,3.12500000000000000e-01,6.25000000000000000e-02,4.87956740757303109e-01,4.44525118821203707e-05,2.73200492137941517e-05,4.87956743546905825e-01,1.17539091822034685e+01
111,1.93750000000000000e+00,3.12500000000000000e-01,6.25000000000000000e-02,4.87917339996327526e-01,2.34377989050823638e-05,1.42754447038708344e-05,4.87917340768096286e-01,1.14029979143004994e+01
112,2.06250000000000000e+00,3.12500000000000000e-01,6.25000000000000000e-02,4.87896546597939851e-01,1.23783954636900279e-05,7.48442933564520795e-06,4.87896546812371934e-01,1.10521113266396593e+01
113,2.18750000000000000e+00,3.12500000000000000e-01,6.25000000000000000e-02,4.87885561488585695e-01,6.54402041646012004e-06,3.93214147959811392e-06,4.87885561548318913e-01,1.07012375627174858e+01
114,2.31250000000000000e+00,3.12500000000000000e-01,6.25000000000000000e-02,4.87879757468723751e-01,3.46077233873709844e-06,2.06864635481272493e-06,4.87879757485383869e-01,1.03503704809880670e+01
115,2.43750000000000000e+00,3.12500000000000000e-01,6.25000000000000000e-02,4.87876691303086307e-01,1.82989416087250094e-06,1.08938614457075751e-06,4.87876691307734311e-01,9.99950689066532128e+00
116,2.56250000000000000e+00,3.12500000000000000e-01,6.25000000000000000e-02,4.87875071646922620e-01,9.66995996189860844e-07,5.73968137755577915e-07,4.87875071648218583e-01,9.64864513089493059e+00
117,2.68750000000000000e+00,3.12500000000000000e-01,6.25000000000000000e-02,4.87874216472182931e-01,5.10530613835833484e-07,3.02377513114572657e-07,4.87874216472543754e-01,9.29778433191103737e+00
118,2.81250000000000000e+00,3.12500000000000000e-01,6.25000000000000000e-02,4.87873765316075125e-01,2.69218436888732236e-07,1.59210517386346369e-07,4.87873765316175378e-01,8.94692403693436411e+00
119,2.93750000000000000e+00,3.12500000000000000e-01,6.25000000000000000e-02,4.87873527548386254e-01,1.41770247448883761e-07,8.37521381802673440e-08,4.87873527548414065e-01,8.59606400612361909e+00
120,3.06250000000000000e+00,3.12500000000000000e-01,6.25000000000000000e-02,4.87873402394141953e-01,7.45377770944019681e-08,4.40009689641070961e-08,4.87873402394149669e-01,8.24520411357221406e+00
121,3.18750000000000000e+00,3.12500000000000000e-01,6.25000000000000000e-02,4.87873336615593511e-01,3.91179240848204588e-08,2.30781374235746647e-08,4.87873336615595621e-01,7.89434429322307274e+00
122,3.31250000000000000e+00,3.12500000000000000e-01,6.25000000000000000e-02,4.87873302106974438e-01,2.04851866459640421e-08,1.20785055862833434e-08,4.87873302106974993e-01,7.54348451047627400e+00
123,3.43750000000000000e+00,3.12500000000000000e-01,6.25000000000000000e-02,4.87873284044008759e-01,1.06991058713043413e-08,6.30416391632808939e-09,4.87873284044008926e-01,7.19262474724798828e+00
124,3.56250000000000000e+00,3.12500000000000000e-01,6.25000000000000000e-02,4.87873274616853314e-01,5.56856552964303442e-09,3.27816748505768212e-09,4.87873274616853370e-01,6.84176499410859495e+00
125,3.68750000000000000e+00,3.12500000000000000e-01,6.25000000000000000e-02,4.87873269716294133e-01,2.88441008301911526e-09,1.69581003967394849e-09,4.87873269716294133e-01,6.49090524615423980e+00
126,3.81250000000000000e+00,3.12500000000000000e-01,6.25000000000000000e-02,4.87873267183140780e-01,1.48380909984599199e-09,8.70640311100095042e-10,4.87873267183140780e-01,6.14004550084308498e+00
127,3.93750000000000000e+00,3.12500000000000000e-01,6.25000000000000000e-02,4.87873265884523621e-01,7.55536189136365273e-10,4.41943843308441643e-10,4.87873265884523621e-01,5.78918575686302894e+00
128,4.06250000000000000e+00,3.12500000000000000e-01,6.25000000000000000e-02,4.87873265227066699e-01,3.78749085226355408e-10,2.20427709494446252e-10,4.87873265227066699e-01,5.43832601354059886e+00
129,4.18750000000000000e+00,3.12500000000000000e-01,6.25000000000000000e-02,4.87873264900611892e-01,1.85263969441889524e-10,1.06888577749865105e-10,4.87873264900611892e-01,5.08746627053293743e+00
130,4.31250000000000000e+00,3.12500000000000000e-01,6.25000000000000000e-02,4.87873264743495627e-01,8.70458783464747175e-11,4.94119455904277294e-11,4.87873264743495627e-01,4.73660652766777801e+00
131,4.43750000000000000e+00,3.12500000000000000e-01,6.25000000000000000e-02,4.87873264671834284e-01,3.80886390178464449e-11,2.08847982518474778e-11,4.87873264671834284e-01,4.38574678486029779e+00
132,4.56250000000000000e+00,3.12500000000000000e-01,6.25000000000000000e-02,4.87873264642354976e-01,1.44297922912728117e-11,7.22854194755182542e-12,4.87873264642354976e-01,4.03488704207007132e+00
133,4.68750000000000000e+00,3.12500000000000000e-01,6.25000000000000000e-02,4.87873264632857628e-01,3.66625995231486711e-12,1.21560276981388753e-12,4.87873264632857628e-01,3.68402729927918360e+00
134,4.81250000000000000e+00,3.12500000000000000e-01,6.25000000000000000e-02,4.87873264631919046e-01,-7.44057618520303294e-13,-9.88369785454198205e-13,4.87873264631919046e-01,3.33316755648133212e+00
135,4.93750000000000000e+00,3.12500000000000000e-01,6.25000000000000000e-02,4.87873264633877757e-01,-2.47331075194563030e-12,-1.54448617980427815e-12,4.87873264633877757e-01,2.98230781367601017e+00
136,5.06250000000000000e+00,3.12500000000000000e-01,6.25000000000000000e-02,4.87873264636792148e-01,-3.54205344295374981e-12,-1.56422623851958708e-12,4.87873264636792148e-01,2.63144807086527344e+00
137,5.18750000000000000e+00,3.12500000000000000e-01,6.25000000000000000e-02,4.87873264640112048e-01,-5.23332925913030434e-12,-1.60912559833447417e-12,4.87873264640112048e-01,2.28058832805122380e+00
138,5.31250000000000000e+00,3.12500000000000000e-01,6.25000000000000000e-02,4.87873264643939930e-01,-9.19663334823183003e-12,-2.35123161558191178e-12,4.87873264643939930e-01,1.92972858523641522e+00
139,5.43750000000000000e+00,3.12500000000000000e-01,6.25000000000000000e-02,4.87873264651816685e-01,-1.82623249324931259e-11,-5.27723098224032995e-12,4.87873264651816685e-01,1.57886884243676184e+00
140,5.56250000000000000e+00,3.12500000000000000e-01,6.25000000000000000e-02,4.87873264672159190e-01,-3.96531300143253892e-11,-1.52881702802861438e-11,4.87873264672159190e-01,1.22800909967093230e+00
141,5.68750000000000000e+00,3.12500000000000000e-01,6.25000000000000000e-02,4.87873264700235065e-01,-8.84509275236953363e-11,-4.38424846557846795e-11,4.87873264700235065e-01,8.77149356841293248e-01
142,5.81250000000000000e+00,3.12500000000000000e-01,6.25000000000000000e-02,4.87873264797627493e-01,-1.57383955735729817e-10,-8.64241013467199070e-11,4.87873264797627493e-01,5.26289614161067565e-01
143,5.93750000000000000e+00,3.12500000000000000e-01,6.25000000000000000e-02,4.87873265293817526e-01,-2.19187309386613322e-10,-1.21091718891822233e-10,4.87873265293817526e-01,1.75429872738481013e-01
144,6.25000000000000000e-02,4.37500000000000000e-01,6.25000000000000000e-02,7.46652395630460042e-01,2.31155302379373075e-02,9.76501836771316162e-02,7.53365572621329416e-01,1.87501091396050796e+01
145,1.87500000000000000e-01,4.37500000000000000e-01,6.25000000000000000e-02,7.46439111835292213e-01,2.92039220091628443e-02,9.88052701265359906e-02,7.53516222879743292e-01,1.72692620353378885e+01
146,3.12500000000000000e-01,4.37500000000000000e-01,6.25000000000000000e-02,6.70603416602993829e-01,2.37914707374987065e-02,6.88174310765922864e-02,6.74544894917635030e-01,1.63620282502725551e+01
147,4.37500000000000000e-01,4.37500000000000000e-01,6.25000000000000000e-02,6.00144931212969079e-01,1.63504348061311797e-02,4.03248377403907857e-02,6.01720340123015784e-01,1.58187642893120994e+01
148,5.62500000000000000e-01,4.37500000000000000e-01,6.25000000000000000e-02,5.68085532492450751e-01,1.01514659056501019e-02,2.18789335707891518e-02,5.68597319921101962e-01,1.53653372009168834e+01
149,6.87500000000000000e-01,4.37500000000000000e-01,6.25000000000000000e-02,5.52440616327282141e-01,5.91109948233518433e-03,1.14289812587277332e-02,5.52590442622535538e-01,1.49601778326925778e+01
150,8.12500000000000000e-01,4.37500000000000000e-01,6.25000000000000000e-02,5.43889413992323267e-01,3.31386045253270973e-03,5.89308546865457451e-03,5.43931433896178262e-01,1.45841982243826216e+01
151,9.37500000000000000e-01,4.37500000000000000e-01,6.25000000000000000e-02,5.39404008905180476e-01,1.81618639354802817e-03,3.02305270878650565e-03,5.39415537599424622e-01,1.42215333665319825e+01
152,1.06250000000000000e+00,4.37500000000000000e-01,6.25000000000000000e-02,5.37116642095706087e-01,9.81734195720723865e-04,1.55137507372939652e-03,5.37119779735225622e-01,1.38648110221825860e+01
153,1.18750000000000000e+00,4.37500000000000000e-01,6.25000000000000000e-02,5.35920784681288231e-01,5.25108215936711696e-04,7.99021523645509460e-04,5.35921637580944688e-01,1.35110442522390048e+01
154,1.31250000000000000e+00,4.37500000000000000e-01,6.25000000000000000e-02,5.35288058163011948e-01,2.78964806760868594e-04,4.13387102767574376e-04,5.35288290477372808e-01,1.31587410094489012e+01
155,1.43750000000000000e+00,4.37500000000000000e-01,6.25000000000000000e-02,5.34953886591185701e-01,1.47820037368467374e-04,2.14854444710125875e-04,5.34953950160395597e-01,1.28071512831004970e+01
156,1.56250000000000000e+00,4.37500000000000000e-01,6.25000000000000000e-02,5.34777077120584199e-01,7.83122707626285097e-05,1.12169950510945508e-04,5.34777094618444582e-01,1.24559182392883212e+01
157,1.68750000000000000e+00,4.37500000000000000e-01,6.25000000000000000e-02,5.34683296901143357e-01,4.15130691517008048e-05,5.87799593865354598e-05,5.34683301743653416e-01,1.21048668982585106e+01
158,1.81250000000000000e+00,4.37500000000000000e-01,6.25000000000000000e-02,5.34633596561490676e-01,2.20226027257038669e-05,3.08795794787119975e-05,5.34633597906845170e-01,1.17539083798829616e+01
159,1.93750000000000000e+00,4.37500000000000000e-01,6.25000000000000000e-02,5.34607309134395137e-01,1.16895628406655737e-05,1.62501029267982103e-05,5.34607309509167128e-01,1.14029974281135811e+01
160,2.06250000000000000e+00,4.37500000000000000e-01,6.25000000000000000e-02,5.34593420255496277e-01,6.20596493652518693e-06,8.56279416158355645e-06,5.34593420360094940e-01,1.10521110289129432e+01
161,2.18750000000000000e+00,4.37500000000000000e-01,6.25000000000000000e-02,5.34586085903547503e-01,3.29433252901055202e-06,4.51489224646683776e-06,5.34586085932763466e-01,1.07012373856963876e+01
162,2.31250000000000000e+00,4.37500000000000000e-01,6.25000000000000000e-02,5.34582216923411790e-01,1.74786518972874190e-06,2.38088035094123489e-06,5.34582216931571041e-01,1.03503703808386227e+01
163,2.43750000000000000e+00,4.37500000000000000e-01,6.25000000000000000e-02,5.34580177669603196e-01,9.26535736979684316e-07,1.25547145592847388e-06,5.34580177671880374e-01,9.99950683732913959e+00
164,2.56250000000000000e+00,4.37500000000000000e-01,6.25000000000000000e-02,5.34579103070707995e-01,4.90577762871842355e-07,6.61848658674305740e-07,5.34579103071342820e-01,9.64864510422775545e+00
165,2.68750000000000000e+00,4.37500000000000000e-01,6.25000000000000000e-02,5.34578536941439642e-01,2.59395990459125969e-07,3.48710930656281276e-07,5.34578536941616389e-01,9.29778431947304540e+00
166,2.81250000000000000e+00,4.37500000000000000e-01,6.25000000000000000e-02,5.34578238830167085e-01,1.36953177527886473e-07,1.83578197583056219e-07,5.34578238830216157e-01,8.94692403162285466e+00
167,2.93750000000000000e+00,4.37500000000000000e-01,6.25000000000000000e-02,5.34578081941951555e-01,7.21923266713552106e-08,9.65447842806108113e-08,5.34578081941965100e-01,8.59606400415035843e+00
168,3.06250000000000000e+00,4.37500000000000000e-01,6.25000000000000000e-02,5.34577999438497042e-01,3.79902454531642878e-08,5.07074290875602970e-08,5.34577999438500817e-01,8.24520411304160561e+00
169,3.18750000000000000e+00,4.37500000000000000e-01,6.25000000000000000e-02,5.34577956099920426e-01,1.99546684110431350e-08,2.65891270841341893e-08,5.34577956099921425e-01,7.89434429324506581e+00
170,3.31250000000000000e+00,4.37500000000000000e-01,6.25000000000000000e-02,5.34577933368849290e-01,1.04590558025252823e-08,1.39135686610087949e-08,5.34577933368849512e-01,7.54348451066300107e+00
171,3.43750000000000000e+00,4.37500000000000000e-01,6.25000000000000000e-02,5.34577921470478445e-01,5.46790940337051678e-09,7.26110535479163822e-09,5.34577921470478556e-01,7.19262474744790214e+00
172,3.56250000000000000e+00,4.37500000000000000e-01,6.25000000000000000e-02,5.34577915259622394e-01,2.84909302610228420e-09,3.77550402510104475e-09,5.34577915259622394e-01,6.84176499427359186e+00
173,3.68750000000000000e+00,4.37500000000000000e-01,6.25000000000000000e-02,5.34577912030303803e-01,1.47781539457748259e-09,1.95295034118384500e-09,5.34577912030303803e-01,6.49090524627721344e+00
174,3.81250000000000000e+00,4.37500000000000000e-01,6.25000000000000000e-02,5.34577910360780062e-01,7.61580153475472773e-10,1.00253137378436656e-09,5.34577910360780062e-01,6.14004550093044354e+00
175,3.93750000000000000e+00,4.37500000000000000e-01,6.25000000000000000e-02,5.34577909504961424e-01,3.88729815105626998e-10,5.08756912493433589e-10,5.34577909504961424e-01,5.78918575692377857e+00
176,4.06250000000000000e+00,4.37500000000000000e-01,6.25000000000000000e-02,5.34577909071914492e-01,1.95553266373697503e-10,2.53614501970347480e-10,5.34577909071914492e-01,5.43832601358256884e+00
177,4.18750000000000000e+00,4.37500000000000000e-01,6.25000000000000000e-02,5.34577908857194584e-01,9.61702186106733499e-11,1.22855887485801946e-10,5.34577908857194584e-01,5.08746627056200218e+00
178,4.31250000000000000e+00,4.37500000000000000e-01,6.25000000000000000e-02,5.34577908754178877e-01,4.55903488772844819e-11,5.66834804818853207e-11,5.34577908754178877e-01,4.73660652768804447e+00
179,4.43750000000000000e+00,4.37500000000000000e-01,6.25000000000000000e-02,5.34577908707529859e-01,2.02804001757795555e-11,2.38578848947644630e-11,5.34577908707529859e-01,4.38574678487459213e+00
180,4.56250000000000000e+00,4.37500000000000000e-01,6.25000000000000000e-02,5.34577908688730452e-01,7.96320987480341524e-12,8.14683049981708789e-12,5.34577908688730452e-01,4.03488704208028715e+00
181,4.68750000000000000e+00,4.37500000000000000e-01,6.25000000000000000e-02,5.34577908683110503e-01,2.27836748413456870e-12,1.24258262877225060e-12,5.34577908683110503e-01,3.68402729928647954e+00
182,4.81250000000000000e+00,4.37500000000000000e-01,6.25000000000000000e-02,5.34577908682905778e-01,-1.11998150605938849e-13,-1.24609836900943177e-12,5.34577908682905778e-01,3.33316755648653418e+00
183,4.93750000000000000e+00,4.37500000000000000e-01,6.25000000000000000e-02,5.34577908684261471e-01,-1.09648308000179794e-12,-1.87412837562441361e-12,5.34577908684261471e-01,2.98230781368025033e+00
184,5.06250000000000000e+00,4.37500000000000000e-01,6.25000000000000000e-02,5.34577908685780367e-01,-1.74293017563115277e-12,-1.99334714282561067e-12,5.34577908685780367e-01,2.63144807087007893e+00
185,5.18750000000000000e+00,4.37500000000000000e-01,6.25000000000000000e-02,5.34577908686816206e-01,-2.72962865307356403e-12,-2.28797489808412853e-12,5.34577908686816206e-01,2.28058832805870226e+00
186,5.31250000000000000e+00,4.37500000000000000e-01,6.25000000000000000e-02,5.34577908686969749e-01,-4.90247982272214556e-12,-3.68902922201876033e-12,5.34577908686969749e-01,1.92972858525185620e+00
187,5.43750000000000000e+00,4.37500000000000000e-01,6.25000000000000000e-02,5.34577908687646874e-01,-9.66724881120903617e-12,-8.20341836464077418e-12,5.34577908687646874e-01,1.57886884246700943e+00
188,5.56250000000000000e+00,4.37500000000000000e-01,6.25000000000000000e-02,5.34577908691337034e-01,-2.05650930199547154e-11,-2.24678848050834366e-11,5.34577908691337034e-01,1.22800909972060324e+00
189,5.68750000000000000e+00,4.37500000000000000e-01,6.25000000000000000e-02,5.34577908698698034e-01,-4.51888904544268497e-11,-6.22106378179665284e-11,5.34577908698698034e-01,8.77149356989679219e-01
190,5.81250000000000000e+00,4.37500000000000000e-01,6.25000000000000000e-02,5.34577908767731258e-01,-7.93017978673197815e-11,-1.16444930529694931e-10,5.34577908767731258e-01,5.26289614498705816e-01
191,5.93750000000000000e+00,4.37500000000000000e-01,6.25000000000000000e-02,5.34577909072142199e-01,-1.06237541796706886e-10,-1.30966340722648113e-10,5.34577909072142199e-01,1.75429872622725386e-01
192,6.25000000000000000e-02,5.62500000000000000e-01,6.25000000000000000e-02,7.46652395630460042e-01,-2.31155302379374081e-02,9.76501836771317688e-02,7.53365572621329416e-01,1.87501091396050796e+01
193,1.87500000000000000e-01,5.62500000000000000e-01,6.25000000000000000e-02,7.46439111835292102e-01,-2.92039220091633960e-02,9.88052701265360461e-02,7.53516222879743069e-01,1.72692620353378885e+01
194,3.12500000000000000e-01,5.62500000000000000e-01,6.25000000000000000e-02,6.70603416602993274e-01,-2.37914707374989216e-02,6.88174310765919534e-02,6.74544894917634474e-01,1.63620282502725551e+01
195,4.37500000000000000e-01,5.62500000000000000e-01,6.25000000000000000e-02,6.00144931212969301e-01,-1.63504348061312837e-02,4.03248377403913338e-02,6.01720340123016006e-01,1.58187642893121012e+01
196,5.62500000000000000e-01,5.62500000000000000e-01,6.25000000000000000e-02,5.68085532492450529e-01,-1.01514659056500638e-02,2.18789335707884683e-02,5.68597319921101629e-01,1.53653372009168816e+01
197,6.87500000000000000e-01,5.62500000000000000e-01,6.25000000000000000e-02,5.52440616327282363e-01,-5.91109948233510540e-03,1.14289812587284358e-02,5.52590442622535760e-01,1.49601778326925796e+01
198,8.12500000000000000e-01,5.62500000000000000e-01,6.25000000000000000e-02,5.43889413992323156e-01,-3.31386045253269151e-03,5.89308546865389363e-03,5.43931433896178151e-01,1.45841982243826216e+01
199,9.37500000000000000e-01,5.62500000000000000e-01,6.25000000000000000e-02,5.39404008905180254e-01,-1.81618639354803554e-03,3.02305270878711540e-03,5.39415537599424399e-01,1.42215333665319843e+01
200,1.06250000000000000e+00,5.62500000000000000e-01,6.25000000000000000e-02,5.37116642095706531e-01,-9.81734195720812769e-04,1.55137507372888196e-03,5.37119779735226066e-01,1.38648110221825860e+01
201,1.18750000000000000e+00,5.62500000000000000e-01,6.25000000000000000e-02,5.35920784681287898e-01,-5.25108215936870748e-04,7.99021523645585029e-04,5.35921637580944354e-01,1.35110442522390066e+01
202,1.31250000000000000e+00,5.62500000000000000e-01,6.25000000000000000e-02,5.35288058163011948e-01,-2.78964806760883556e-04,4.13387102767865701e-04,5.35288290477372808e-01,1.31587410094489012e+01
203,1.43750000000000000e+00,5.62500000000000000e-01,6.25000000000000000e-02,5.34953886591185701e-01,-1.47820037368587504e-04,2.14854444709529699e-04,5.34953950160395597e-01,1.28071512831004952e+01
204,1.56250000000000000e+00,5.62500000000000000e-01,6.25000000000000000e-02,5.34777077120584532e-01,-7.83122707625656124e-05,1.12169950512004015e-04,5.34777094618444915e-01,1.24559182392883230e+01
205,1.68750000000000000e+00,5.62500000000000000e-01,6.25000000000000000e-02,5.34683296901143135e-01,-4.15130691516438029e-05,5.87799593854875581e-05,5.34683301743653194e-01,1.21048668982585088e+01
206,1.81250000000000000e+00,5.62500000000000000e-01,6.25000000000000000e-02,5.34633596561490343e-01,-2.20226027254730911e-05,3.08795794798910199e-05,5.34633597906844837e-01,1.17539083798829633e+01
207,1.93750000000000000e+00,5.62500000000000000e-01,6.25000000000000000e-02,5.34607309134395359e-01,-1.16895628406398781e-05,1.62501029257056801e-05,5.34607309509167350e-01,1.14029974281135775e+01
208,2.06250000000000000e+00,5.62500000000000000e-01,6.25000000000000000e-02,5.34593420255495944e-01,-6.20596493632129509e-06,8.56279416237539504e-06,5.34593420360094607e-01,1.10521110289129449e+01
209,2.18750000000000000e+00,5.62500000000000000e-01,6.25000000000000000e-02,5.34586085903547947e-01,-3.29433252862964300e-06,4.51489224575420692e-06,5.34586085932763910e-01,1.07012373856963858e+01
210,2.31250000000000000e+00,5.62500000000000000e-01,6.25000000000000000e-02,5.34582216923411790e-01,-1.74786518944781558e-06,2.38088035140904356e-06,5.34582216931571041e-01,1.03503703808386245e+01
211,2.43750000000000000e+00,5.62500000000000000e-01,6.25000000000000000e-02,5.34580177669603085e-01,-9.26535736771919416e-07,1.25547145576522798e-06,5.34580177671880263e-01,9.99950683732913781e+00
212,2.56250000000000000e+00,5.62500000000000000e-01,6.25000000000000000e-02,5.34579103070708217e-01,-4.90577762766121420e-07,6.61848658794900997e-07,5.34579103071342931e-01,9.64864510422775545e+00
213,2.68750000000000000e+00,5.62500000000000000e-01,6.25000000000000000e-02,5.34578536941440086e-01,-2.59395990579310998e-07,3.48710930453154040e-07,5.34578536941616722e-01,9.29778431947304540e+00
214,2.81250000000000000e+00,5.62500000000000000e-01,6.25000000000000000e-02,5.34578238830167085e-01,-1.36953177737095246e-07,1.83578197561527924e-07,5.34578238830216157e-01,8.94692403162285466e+00
215,2.93750000000000000e+00,5.62500000000000000e-01,6.25000000000000000e-02,5.34578081941951888e-01,-7.21923270670427741e-08,9.65447841676700851e-08,5.34578081941965544e-01,8.59606400415035843e+00
216,3.06250000000000000e+00,5.62500000000000000e-01,6.25000000000000000e-02,5.34577999438497264e-01,-3.79902458062350628e-08,5.07074293184477009e-08,5.34577999438501039e-01,8.24520411304160739e+00
217,3.18750000000000000e+00,5.62500000000000000e-01,6.25000000000000000e-02,5.34577956099920426e-01,-1.99546688916590360e-08,2.65891267104912539e-08,5.34577956099921425e-01,7.89434429324506404e+00
218,3.31250000000000000e+00,5.62500000000000000e-01,6.25000000000000000e-02,5.34577933368849623e-01,-1.04590563317849570e-08,1.39135691103232170e-08,5.34577933368849845e-01,7.54348451066300196e+00
219,3.43750000000000000e+00,5.62500000000000000e-01,6.25000000000000000e-02,5.34577921470478112e-01,-5.46790986604050606e-09,7.26110491675747152e-09,5.34577921470478223e-01,7.19262474744790126e+00
220,3.56250000000000000e+00,5.62500000000000000e-01,6.25000000000000000e-02,5.34577915259622172e-01,-2.84909343234947326e-09,3.77550456863279528e-09,5.34577915259622172e-01,6.84176499427359275e+00
221,3.68750000000000000e+00,5.62500000000000000e-01,6.25000000000000000e-02,5.34577912030303692e-01,-1.47781558884875191e-09,1.95294983425037104e-09,5.34577912030303692e-01,6.49090524627721166e+00
222,3.81250000000000000e+00,5.62500000000000000e-01,6.25000000000000000e-02,5.34577910360779951e-01,-7.61580040994496134e-10,1.00253184394975907e-09,5.34577910360779951e-01,6.14004550093044443e+00
223,3.93750000000000000e+00,5.62500000000000000e-01,6.25000000000000000e-02,5.34577909504961091e-01,-3.88729558930361754e-10,5.08756567455970076e-10,5.34577909504961091e-01,5.78918575692377679e+00
224,4.06250000000000000e+00,5.62500000000000000e-01,6.25000000000000000e-02,5.34577909071913826e-01,-1.95552898996260044e-10,2.53614871023210628e-10,5.34577909071913826e-01,5.43832601358256973e+00
225,4.18750000000000000e+00,5.62500000000000000e-01,6.25000000000000000e-02,5.34577908857194362e-01,-9.61696787560913511e-11,1.22855840270061654e-10,5.34577908857194362e-01,5.08746627056200129e+00
226,4.31250000000000000e+00,5.62500000000000000e-01,6.25000000000000000e-02,5.34577908754178766e-01,-4.55899744431204528e-11,5.66834772787078726e-11,5.34577908754178766e-01,4.73660652768804447e+00
227,4.43750000000000000e+00,5.62500000000000000e-01,6.25000000000000000e-02,5.34577908707529748e-01,-2.02799622272198588e-11,2.38578966891865939e-11,5.34577908707529748e-01,4.38574678487459213e+00
228,4.56250000000000000e+00,5.62500000000000000e-01,6.25000000000000000e-02,5.34577908688730674e-01,-7.96317977335681084e-12,8.14666841378901513e-12,5.34577908688730674e-01,4.03488704208028892e+00
229,4.68750000000000000e+00,5.62500000000000000e-01,6.25000000000000000e-02,5.34577908683110614e-01,-2.27850930341284356e-12,1.24271100592705124e-12,5.34577908683110614e-01,3.68402729928647954e+00
230,4.81250000000000000e+00,5.62500000000000000e-01,6.25000000000000000e-02,5.34577908682905778e-01,1.11586257946482855e-13,-1.24622501079350214e-12,5.34577908682905778e-01,3.33316755648653462e+00
231,4.93750000000000000e+00,5.62500000000000000e-01,6.25000000000000000e-02,5.34577908684261582e-01,1.09604845132269136e-12,-1.87403807818693511e-12,5.34577908684261582e-01,2.98230781368024989e+00
232,5.06250000000000000e+00,5.62500000000000000e-01,6.25000000000000000e-02,5.34577908685780367e-01,1.74249159586133175e-12,-1.99352366716249224e-12,5.34577908685780367e-01,2.63144807087007848e+00
233,5.18750000000000000e+00,5.62500000000000000e-01,6.25000000000000000e-02,5.34577908686816317e-01,2.72932631064063120e-12,-2.28777500445977629e-12,5.34577908686816317e-01,2.28058832805870226e+00
234,5.31250000000000000e+00,5.62500000000000000e-01,6.25000000000000000e-02,5.34577908686969749e-01,4.90227631583435362e-12,-3.68922236221010354e-12,5.34577908686969749e-01,1.92972858525185598e+00
235,5.43750000000000000e+00,5.62500000000000000e-01,6.25000000000000000e-02,5.34577908687646541e-01,9.66731616570292922e-12,-8.20314263724475503e-12,5.34577908687646541e-01,1.57886884246700943e+00
236,5.56250000000000000e+00,5.62500000000000000e-01,6.25000000000000000e-02,5.34577908691336812e-01,2.05655244622424212e-11,-2.24681179349859047e-11,5.34577908691336812e-01,1.22800909972060235e+00
237,5.68750000000000000e+00,5.62500000000000000e-01,6.25000000000000000e-02,5.34577908698698034e-01,4.51895866311459883e-11,-6.22104138645186118e-11,5.34577908698698034e-01,8.77149356989679330e-01
238,5.81250000000000000e+00,5.62500000000000000e-01,6.25000000000000000e-02,5.34577908767731147e-01,7.93027049599634286e-11,-1.16445061655018537e-10,5.34577908767731147e-01,5.26289614498705149e-01
239,5.93750000000000000e+00,5.62500000000000000e-01,6.25000000000000000e-02,5.34577909072142421e-01,1.06238658547491629e-10,-1.30966314321307885e-10,5.34577909072142421e-01,1.75429872622725719e-01
240,6.25000000000000000e-02,6.87500000000000000e-01,6.25000000000000000e-02,7.50151347375840327e-01,-8.00237060176965387e-02,9.74055355483331997e-02,7.60669886251620353e-01,1.89361363570464576e+01
241,1.87500000000000000e-01,6.87500000000000000e-01,6.25000000000000000e-02,7.56106252020265268e-01,-8.98991178222046244e-02,9.88348717576936209e-02,7.67819541041189768e-01,1.73709623390779697e+01
242,3.12500000000000000e-01,6.87500000000000000e-01,6.25000000000000000e-02,6.68105432440503910e-01,-6.71536045327737197e-02,6.88027657116893343e-02,6.74987626573876121e-01,1.64118865606543984e+01
243,4.37500000000000000e-01,6.87500000000000000e-01,6.25000000000000000e-02,5.81301790742981161e-01,-4.26534900782037305e-02,4.01427887465285321e-02,5.84245270092275892e-01,1.58447024690427511e+01
244,5.62500000000000000e-01,6.87500000000000000e-01,6.25000000000000000e-02,5.37891328075336794e-01,-2.51047066325442297e-02,2.16600676423930327e-02,5.38912317213133263e-01,1.53773986291358220e+01
245,6.87500000000000000e-01,6.87500000000000000e-01,6.25000000000000000e-02,5.15048426473512011e-01,-1.40680233508326414e-02,1.12433693190405522e-02,5.15363177038760223e-01,1.49652699809421303e+01
246,8.12500000000000000e-01,6.87500000000000000e-01,6.25000000000000000e-02,5.02224813201109233e-01,-7.64235525344464546e-03,5.74900027584753209e-03,5.02315856402005934e-01,1.45862546969779459e+01
247,9.37500000000000000e-01,6.87500000000000000e-01,6.25000000000000000e-02,4.95369834285786903e-01,-4.07473520063250313e-03,2.91605138026025971e-03,4.95395175130860121e-01,1.42223388861432749e+01
248,1.06250000000000000e+00,6.87500000000000000e-01,6.25000000000000000e-02,4.91806343801914236e-01,-2.15019051357210646e-03,1.47683407382817144e-03,4.91813261474243812e-01,1.38651192203415992e+01
249,1.18750000000000000e+00,6.87500000000000000e-01,6.25000000000000000e-02,4.89939453620792720e-01,-1.12724537453871777e-03,7.50622355485643469e-04,4.89941325395496563e-01,1.35111520705211063e+01
250,1.31250000000000000e+00,6.87500000000000000e-01,6.25000000000000000e-02,4.88957727256501329e-01,-5.88931895195649599e-04,3.83184586694383840e-04,4.88958232076163957e-01,1.31587751583095116e+01
251,1.43750000000000000e+00,6.87500000000000000e-01,6.25000000000000000e-02,4.88443153413599673e-01,-3.07647547200090772e-04,1.96485285068619657e-04,4.88443289819915361e-01,1.28071619500849163e+01
252,1.56250000000000000e+00,6.87500000000000000e-01,6.25000000000000000e-02,4.88173349746410468e-01,-1.61019479286886476e-04,1.01282621785585731e-04,4.88173386808491816e-01,1.24559218910794378e+01
253,1.68750000000000000e+00,6.87500000000000000e-01,6.25000000000000000e-02,4.88031474151390088e-01,-8.44953269912042924e-05,5.24858190290318139e-05,4.88031484288258210e-01,1.21048684155525574e+01
254,1.81250000000000000e+00,6.87500000000000000e-01,6.25000000000000000e-02,4.87956740757302776e-01,-4.44525118820978600e-05,2.73200492127276457e-05,4.87956743546905491e-01,1.17539091822034649e+01
255,1.93750000000000000e+00,6.87500000000000000e-01,6.25000000000000000e-02,4.87917339996327026e-01,-2.34377989049211667e-05,1.42754447052471968e-05,4.87917340768095786e-01,1.14029979143004994e+01
256,2.06250000000000000e+00,6.87500000000000000e-01,6.25000000000000000e-02,4.87896546597939962e-01,-1.23783954634874786e-05,7.48442933466660283e-06,4.87896546812372045e-01,1.10521113266396576e+01
257,2.18750000000000000e+00,6.87500000000000000e-01,6.25000000000000000e-02,4.87885561488585584e-01,-6.54402041638822727e-06,3.93214148039335842e-06,4.87885561548318802e-01,1.07012375627174876e+01
258,2.31250000000000000e+00,6.87500000000000000e-01,6.25000000000000000e-02,4.87879757468724140e-01,-3.46077233840813838e-06,2.06864635432279938e-06,4.87879757485384258e-01,1.03503704809880670e+01
259,2.43750000000000000e+00,6.87500000000000000e-01,6.25000000000000000e-02,4.87876691303086418e-01,-1.82989416075255938e-06,1.08938614476786081e-06,4.87876691307734367e-01,9.99950689066532128e+00
260,2.56250000000000000e+00,6.87500000000000000e-01,6.25000000000000000e-02,4.87875071646923175e-01,-9.66995996043715686e-07,5.73968137610150617e-07,4.87875071648219139e-01,9.64864513089493059e+00
261,2.68750000000000000e+00,6.87500000000000000e-01,6.25000000000000000e-02,4.87874216472183375e-01,-5.10530613591193111e-07,3.02377513191204946e-07,4.87874216472544198e-01,9.29778433191103915e+00
262,2.81250000000000000e+00,6.87500000000000000e-01,6.25000000000000000e-02,4.87873765316075569e-01,-2.69218436895916293e-07,1.59210517395154347e-07,4.87873765316175823e-01,8.94692403693436411e+00
263,2.93750000000000000e+00,6.87500000000000000e-01,6.25000000000000000e-02,4.87873527548387254e-01,-1.41770247348354397e-07,8.37521381401401110e-08,4.87873527548415009e-01,8.59606400612362087e+00
264,3.06250000000000000e+00,6.87500000000000000e-01,6.25000000000000000e-02,4.87873402394142675e-01,-7.45377774053047629e-08,4.40009686706513073e-08,4.87873402394150335e-01,8.24520411357221406e+00
265,3.18750000000000000e+00,6.87500000000000000e-01,6.25000000000000000e-02,4.87873336615593844e-01,-3.91179244561234194e-08,2.30781378519781512e-08,4.87873336615595954e-01,7.89434429322307363e+00
266,3.31250000000000000e+00,6.87500000000000000e-01,6.25000000000000000e-02,4.87873302106974605e-01,-2.04851869037997397e-08,1.20785052098456211e-08,4.87873302106975160e-01,7.54348451047627222e+00
267,3.43750000000000000e+00,6.87500000000000000e-01,6.25000000000000000e-02,4.87873284044008815e-01,-1.06991061896776672e-08,6.30416455587722752e-09,4.87873284044008981e-01,7.19262474724798917e+00
268,3.56250000000000000e+00,6.87500000000000000e-01,6.25000000000000000e-02,4.87873274616853203e-01,-5.56856574254063395e-09,3.27816685397785727e-09,4.87873274616853259e-01,6.84176499410859229e+00
269,3.68750000000000000e+00,6.87500000000000000e-01,6.25000000000000000e-02,4.87873269716293911e-01,-2.88441015826107554e-09,1.69581055830472060e-09,4.87873269716293911e-01,6.49090524615423980e+00
270,3.81250000000000000e+00,6.87500000000000000e-01,6.25000000000000000e-02,4.87873267183140336e-01,-1.48380906224160178e-09,8.70639934525980349e-10,4.87873267183140336e-01,6.14004550084308232e+00
271,3.93750000000000000e+00,6.87500000000000000e-01,6.25000000000000000e-02,4.87873265884523066e-01,-7.55535826600012224e-10,4.41944351262682331e-10,4.87873265884523066e-01,5.78918575686302894e+00
272,4.06250000000000000e+00,6.87500000000000000e-01,6.25000000000000000e-02,4.87873265227066311e-01,-3.78748729873970078e-10,2.20427604335099598e-10,4.87873265227066311e-01,5.43832601354059708e+00
273,4.18750000000000000e+00,6.87500000000000000e-01,6.25000000000000000e-02,4.87873264900611059e-01,-1.85263631960624075e-10,1.06888823219654262e-10,4.87873264900611059e-01,5.08746627053293921e+00
274,4.31250000000000000e+00,6.87500000000000000e-01,6.25000000000000000e-02,4.87873264743495350e-01,-8.70454713496532924e-11,4.94119832650234416e-11,4.87873264743495350e-01,4.73660652766777712e+00
275,4.43750000000000000e+00,6.87500000000000000e-01,6.25000000000000000e-02,4.87873264671834062e-01,-3.80885383374076476e-11,2.08847655981952740e-11,4.87873264671834062e-01,4.38574678486029867e+00
276,4.56250000000000000e+00,6.87500000000000000e-01,6.25000000000000000e-02,4.87873264642354865e-01,-1.44298295421547435e-11,7.22852854142207815e-12,4.87873264642354865e-01,4.03488704207007043e+00
277,4.68750000000000000e+00,6.87500000000000000e-01,6.25000000000000000e-02,4.87873264632857795e-01,-3.66642993705138995e-12,1.21547318644729503e-12,4.87873264632857795e-01,3.68402729927918449e+00
278,4.81250000000000000e+00,6.87500000000000000e-01,6.25000000000000000e-02,4.87873264631919046e-01,7.43803596230956567e-13,-9.88318180132627357e-13,4.87873264631919046e-01,3.33316755648133167e+00
279,4.93750000000000000e+00,6.87500000000000000e-01,6.25000000000000000e-02,4.87873264633877812e-01,2.47298822022295091e-12,-1.54455735358741337e-12,4.87873264633877812e-01,2.98230781367601061e+00
280,5.06250000000000000e+00,6.87500000000000000e-01,6.25000000000000000e-02,4.87873264636791981e-01,3.54174936680084640e-12,-1.56408645937480949e-12,4.87873264636791981e-01,2.63144807086527344e+00
281,5.18750000000000000e+00,6.87500000000000000e-01,6.25000000000000000e-02,4.87873264640111604e-01,5.23301072329856920e-12,-1.60938087059743848e-12,4.87873264640111604e-01,2.28058832805122336e+00
282,5.31250000000000000e+00,6.87500000000000000e-01,6.25000000000000000e-02,4.87873264643939597e-01,9.19653250273770572e-12,-2.35091825224003301e-12,4.87873264643939597e-01,1.92972858523641499e+00
283,5.43750000000000000e+00,6.87500000000000000e-01,6.25000000000000000e-02,4.87873264651816185e-01,1.82624290143930202e-11,-5.27738102212369072e-12,4.87873264651816185e-01,1.57886884243676051e+00
284,5.56250000000000000e+00,6.87500000000000000e-01,6.25000000000000000e-02,4.87873264672158413e-01,3.96533685163853132e-11,-1.52878043748552689e-11,4.87873264672158413e-01,1.22800909967093208e+00
285,5.68750000000000000e+00,6.87500000000000000e-01,6.25000000000000000e-02,4.87873264700234621e-01,8.84514361100578837e-11,-4.38426144120905218e-11,4.87873264700234621e-01,8.77149356841291805e-01
286,5.81250000000000000e+00,6.87500000000000000e-01,6.25000000000000000e-02,4.87873264797626938e-01,1.57384626441103986e-10,-8.64238537865040367e-11,4.87873264797626938e-01,5.26289614161067121e-01
287,5.93750000000000000e+00,6.87500000000000000e-01,6.25000000000000000e-02,4.87873265293817693e-01,2.19188131656556085e-10,-1.21091791286765888e-10,4.87873265293817693e-01,1.75429872738481069e-01
288,6.25000000000000000e-02,8.12500000000000000e-01,6.25000000000000000e-02,7.39036762752349641e-01,-1.43073271762722193e-01,9.19059228817603463e-02,7.58348202643818858e-01,1.94641665009231879e+01
289,1.87500000000000000e-01,8.12500000000000000e-01,6.25000000000000000e-02,7.45950166504676382e-01,-1.32854567251784766e-01,9.18423707045996213e-02,7.63234569450738753e-01,1.76111121874549319e+01
290,3.12500000000000000e-01,8.12500000000000000e-01,6.25000000000000000e-02,6.21304617933823966e-01,-8.49041650224163780e-02,6.24555236347709639e-02,6.30181591239019068e-01,1.65147616502307137e+01
291,4.37500000000000000e-01,8.12500000000000000e-01,6.25000000000000000e-02,5.05359324658324782e-01,-4.69288785708634332e-02,3.53021233265387868e-02,5.08759871230425431e-01,1.58956097111968955e+01
292,5.62500000000000000e-01,8.12500000000000000e-01,6.25000000000000000e-02,4.47243594648726428e-01,-2.46939783987502014e-02,1.84312244226024491e-02,4.48303842898082450e-01,1.54018784118696068e+01
293,6.87500000000000000e-01,8.12500000000000000e-01,6.25000000000000000e-02,4.16964168266626523e-01,-1.26917811001143535e-02,9.33484325534741054e-03,4.17261714304553444e-01,1.49763758792857349e+01
294,8.12500000000000000e-01,8.12500000000000000e-01,6.25000000000000000e-02,4.00377062904977710e-01,-6.42075639422742123e-03,4.66665563551160126e-03,4.00455735741056584e-01,1.45911741009529354e+01
295,9.37500000000000000e-01,8.12500000000000000e-01,6.25000000000000000e-02,3.91707667559690775e-01,-3.21372499296576630e-03,2.30967090738834003e-03,3.91727659775364945e-01,1.42245000541359943e+01
296,1.06250000000000000e+00,8.12500000000000000e-01,6.25000000000000000e-02,3.87292631381592090e-01,-1.60447467248612781e-03,1.14065713656897444e-03,3.87297634591480089e-01,1.38660752522609680e+01
297,1.18750000000000000e+00,8.12500000000000000e-01,6.25000000000000000e-02,3.85032986928148857e-01,-8.02786755117691460e-04,5.65649061519644405e-04,3.85034239319371474e-01,1.35115781452685031e+01
298,1.31250000000000000e+00,8.12500000000000000e-01,6.25000000000000000e-02,3.83872149205509050e-01,-4.03147298323541727e-04,2.81924332677625919e-04,3.83872464426311899e-01,1.31589670930963987e+01
299,1.43750000000000000e+00,8.12500000000000000e-01,6.25000000000000000e-02,3.83276263960009855e-01,-2.03584572477601275e-04,1.41339195130601737e-04,3.83276344089469423e-01,1.28072506029250093e+01
300,1.56250000000000000e+00,8.12500000000000000e-01,6.25000000000000000e-02,3.82969538281993038e-01,-1.03572272430672101e-04,7.14079012861926806e-05,3.82969558944607158e-01,1.24559641808188672e+01
301,1.68750000000000000e+00,8.12500000000000000e-01,6.25000000000000000e-02,3.82810765517569818e-01,-5.31068801210152414e-05,3.63829065402428552e-05,3.82810770930239630e-01,1.21048891726303509e+01
302,1.81250000000000000e+00,8.12500000000000000e-01,6.25000000000000000e-02,3.82728165867860737e-01,-2.74277201462643819e-05,1.86834714324036371e-05,3.82728167306678191e-01,1.17539196040672014e+01
303,1.93750000000000000e+00,8.12500000000000000e-01,6.25000000000000000e-02,3.82685019161705775e-01,-1.42552343816412535e-05,9.66270286259393553e-06,3.82685019549203975e-01,1.14030032434978708e+01
304,2.06250000000000000e+00,8.12500000000000000e-01,6.25000000000000000e-02,3.82662397564135726e-01,-7.44810458766338828e-06,5.02854020630388637e-06,3.82662397669660204e-01,1.10521140868034244e+01
305,2.18750000000000000e+00,8.12500000000000000e-01,6.25000000000000000e-02,3.82650501213567917e-01,-3.90598767419767751e-06,2.62897612024451420e-06,3.82650501242534635e-01,1.07012389976121387e+01
306,2.31250000000000000e+00,8.12500000000000000e-01,6.25000000000000000e-02,3.82644233977956161e-01,-2.05321301898286875e-06,1.37890795070323543e-06,3.82644233985949322e-01,1.03503712262880629e+01
307,2.43750000000000000e+00,8.12500000000000000e-01,6.25000000000000000e-02,3.82640929010614861e-01,-1.08078001840787011e-06,7.24865571319726118e-07,3.82640929012827813e-01,9.99950727711398990e+00
308,2.56250000000000000e+00,8.12500000000000000e-01,6.25000000000000000e-02,3.82639185320454378e-01,-5.69222187648893415e-07,3.81529662709134230e-07,3.82639185321067998e-01,9.64864533063862773e+00
309,2.68750000000000000e+00,8.12500000000000000e-01,6.25000000000000000e-02,3.82638265471896444e-01,-2.99742484590056988e-07,2.00886861611859904e-07,3.82638265472066585e-01,9.29778443467685101e+00
310,2.81250000000000000e+00,8.12500000000000000e-01,6.25000000000000000e-02,3.82637780545462935e-01,-1.57721788187109009e-07,1.05735636532949641e-07,3.82637780545510064e-01,8.94692408953474327e+00
311,2.93750000000000000e+00,8.12500000000000000e-01,6.25000000000000000e-02,3.82637525161855729e-01,-8.28943203440491499e-08,5.56031501452198811e-08,3.82637525161868775e-01,8.59606403289891752e+00
312,3.06250000000000000e+00,8.12500000000000000e-01,6.25000000000000000e-02,3.82637390843666436e-01,-4.34993782914881571e-08,2.91995262873925925e-08,3.82637390843669989e-01,8.24520412711674844e+00
313,3.18750000000000000e+00,8.12500000000000000e-01,6.25000000000000000e-02,3.82637320315805551e-01,-2.27825504107044866e-08,1.53056709253446064e-08,3.82637320315806551e-01,7.89434430002443843e+00
314,3.31250000000000000e+00,8.12500000000000000e-01,6.25000000000000000e-02,3.82637283357112057e-01,-1.19039467042199262e-08,8.00416990777882101e-09,3.82637283357112334e-01,7.54348451386044161e+00
315,3.43750000000000000e+00,8.12500000000000000e-01,6.25000000000000000e-02,3.82637264037312241e-01,-6.20128161579808016e-09,4.17338445136978099e-09,3.82637264037312297e-01,7.19262474891117165e+00
316,3.56250000000000000e+00,8.12500000000000000e-01,6.25000000000000000e-02,3.82637253969952795e-01,-3.21781750736934048e-09,2.16746130439238063e-09,3.82637253969952795e-01,6.84176499491125512e+00
317,3.68750000000000000e+00,8.12500000000000000e-01,6.25000000000000000e-02,3.82637248746287018e-01,-1.66063539853071480e-09,1.11955985079536452e-09,3.82637248746287018e-01,6.49090524653059564e+00
318,3.81250000000000000e+00,8.12500000000000000e-01,6.25000000000000000e-02,3.82637246052163926e-01,-8.50287904965739980e-10,5.73751054651309100e-10,3.82637246052163926e-01,6.14004550101095248e+00
319,3.93750000000000000e+00,8.12500000000000000e-01,6.25000000000000000e-02,3.82637244674895460e-01,-4.30260333832324048e-10,2.90583631526109542e-10,3.82637244674895460e-01,5.78918575693093462e+00
320,4.06250000000000000e+00,8.12500000000000000e-01,6.25000000000000000e-02,3.82637243980181008e-01,-2.13777620766369196e-10,1.44499559696760780e-10,3.82637243980181008e-01,5.43832601356211942e+00
321,4.18750000000000000e+00,8.12500000000000000e-01,6.25000000000000000e-02,3.82637243636995250e-01,-1.03143685728894980e-10,6.97625862238018379e-11,3.82637243636995250e-01,5.08746627053420042e+00
322,4.31250000000000000e+00,8.12500000000000000e-01,6.25000000000000000e-02,3.82637243473110067e-01,-4.73393838800715691e-11,3.20132917825034319e-11,3.82637243473110067e-01,4.73660652766124812e+00
323,4.43750000000000000e+00,8.12500000000000000e-01,6.25000000000000000e-02,3.82637243399326310e-01,-1.97738258881289582e-11,1.33339873124815757e-11,3.82637243399326310e-01,4.38574678485169756e+00
324,4.56250000000000000e+00,8.12500000000000000e-01,6.25000000000000000e-02,3.82637243369698676e-01,-6.66265833884216482e-12,4.44009813060252394e-12,3.82637243369698676e-01,4.03488704206185211e+00
325,4.68750000000000000e+00,8.12500000000000000e-01,6.25000000000000000e-02,3.82637243360769153e-01,-9.16679183720076238e-13,5.69216336523935842e-13,3.82637243360769153e-01,3.68402729927233752e+00
326,4.81250000000000000e+00,8.12500000000000000e-01,6.25000000000000000e-02,3.82637243360530566e-01,1.23787070797623714e-12,-8.29864850292998776e-13,3.82637243360530566e-01,3.33316755647601148e+00
327,4.93750000000000000e+00,8.12500000000000000e-01,6.25000000000000000e-02,3.82637243363325719e-01,1.88063514998704135e-12,-1.12754561430964042e-12,3.82637243363325719e-01,2.98230781367165054e+00
328,5.06250000000000000e+00,8.12500000000000000e-01,6.25000000000000000e-02,3.82637243367235536e-01,2.11199287205046277e-12,-1.02314090632676052e-12,3.82637243367235536e-01,2.63144807086097465e+00
329,5.18750000000000000e+00,8.12500000000000000e-01,6.25000000000000000e-02,3.82637243371795166e-01,2.58389098675843175e-12,-8.54222668227012629e-13,3.82637243371795166e-01,2.28058832804549549e+00
330,5.31250000000000000e+00,8.12500000000000000e-01,6.25000000000000000e-02,3.82637243377434100e-01,4.15230316422144141e-12,-1.02892809829560450e-12,3.82637243377434100e-01,1.92972858522538027e+00
331,5.43750000000000000e+00,8.12500000000000000e-01,6.25000000000000000e-02,3.82637243389186810e-01,8.49179314128210998e-12,-2.38615818682897615e-12,3.82637243389186810e-01,1.57886884241515690e+00
332,5.56250000000000000e+00,8.12500000000000000e-01,6.25000000000000000e-02,3.82637243419026774e-01,1.99489944563746245e-11,-7.66404636690717646e-12,3.82637243419026774e-01,1.22800909963094518e+00
333,5.68750000000000000e+00,8.12500000000000000e-01,6.25000000000000000e-02,3.82637243455627662e-01,4.70009133215030186e-11,-2.25245661929586019e-11,3.82637243455627662e-01,8.77149356717177975e-01
334,5.81250000000000000e+00,8.12500000000000000e-01,6.25000000000000000e-02,3.82637243561201823e-01,8.81976229088402578e-11,-4.83040922624850111e-11,3.82637243561201823e-01,5.26289613884382335e-01
335,5.93750000000000000e+00,8.12500000000000000e-01,6.25000000000000000e-02,3.82637244166256274e-01,1.38927576425556639e-10,-9.10650420183982766e-11,3.82637244166256274e-01,1.75429872693478761e-01
336,6.25000000000000000e-02,9.37500000000000000e-01,6.25000000000000000e-02,5.80354551713766376e-01,-6.48763509988274090e-02,6.48763509988257853e-02,5.87562156314319295e-01,2.05909771816845044e+01
337,1.87500000000000000e-01,9.37500000000000000e-01,6.25000000000000000e-02,5.46473304658389725e-01,-5.76012056686326587e-02,5.76012056686334498e-02,5.52511421142786507e-01,1.80142522937085765e+01
338,3.12500000000000000e-01,9.37500000000000000e-01,6.25000000000000000e-02,3.87479294358228366e-01,-3.42077646099647262e-02,3.42077646099643307e-02,3.90487574546965699e-01,1.66502616857092107e+01
339,4.37500000000000000e-01,9.37500000000000000e-01,6.25000000000000000e-02,2.76333569321475403e-01,-1.76309657148477593e-02,1.76309657148478773e-02,2.77456200936333219e-01,1.59417003531892192e+01
340,5.62500000000000000e-01,9.37500000000000000e-01,6.25000000000000000e-02,2.28359813380796944e-01,-8.71673438068527352e-03,8.71673438068514689e-03,2.28692298260871146e-01,1.54162583435914726e+01
341,6.87500000000000000e-01,9.37500000000000000e-01,6.25000000000000000e-02,2.05286643666748148e-01,-4.27327376605837403e-03,4.27327376605838444e-03,2.05375577431489625e-01,1.49807089589897249e+01
342,8.12500000000000000e-01,9.37500000000000000e-01,6.25000000000000000e-02,1.93538606368132582e-01,-2.07880458369254142e-03,2.07880458369256267e-03,1.93560933589175838e-01,1.45920787895828106e+01
343,9.37500000000000000e-01,9.37500000000000000e-01,6.25000000000000000e-02,1.87796665716975064e-01,-1.00272325284510365e-03,1.00272325284510538e-03,1.87802019590463581e-01,1.42243425022072500e+01
344,1.06250000000000000e+00,9.37500000000000000e-01,6.25000000000000000e-02,1.85032652581533313e-01,-4.83811218375829416e-04,4.83811218375840312e-04,1.85033917614983390e-01,1.38657447685013189e+01
345,1.18750000000000000e+00,9.37500000000000000e-01,6.25000000000000000e-02,1.83686412632069973e-01,-2.34851435696885287e-04,2.34851435696895207e-04,1.83686712900070076e-01,1.35113098150406170e+01
346,1.31250000000000000e+00,9.37500000000000000e-01,6.25000000000000000e-02,1.83024996027985276e-01,-1.14768181858436089e-04,1.14768181858427551e-04,1.83025067994838253e-01,1.31587869501249539e+01
347,1.43750000000000000e+00,9.37500000000000000e-01,6.25000000000000000e-02,1.82698470533165264e-01,-5.65449999107216922e-05,5.65449999106181102e-05,1.82698488033787215e-01,1.28071400310295758e+01
348,1.56250000000000000e+00,9.37500000000000000e-01,6.25000000000000000e-02,1.82535863367577850e-01,-2.81533144816333983e-05,2.81533144816318567e-05,1.82535867709788163e-01,1.24558999668368813e+01
349,1.68750000000000000e+00,9.37500000000000000e-01,6.25000000000000000e-02,1.82453954351644215e-01,-1.41761533596840670e-05,1.41761533597004486e-05,1.82453955453091010e-01,1.21048530840565256e+01
350,1.81250000000000000e+00,9.37500000000000000e-01,6.25000000000000000e-02,1.82412257266866218e-01,-7.21379323987051864e-06,7.21379323988478945e-06,1.82412257552147544e-01,1.17538997191580616e+01
351,1.93750000000000000e+00,9.37500000000000000e-01,6.25000000000000000e-02,1.82390836519524563e-01,-3.70581237994439712e-06,3.70581237994571172e-06,1.82390836594819167e-01,1.14029924353801970e+01
352,2.06250000000000000e+00,9.37500000000000000e-01,6.25000000000000000e-02,1.82379743185122928e-01,-1.91929704145178975e-06,1.91929704144661480e-06,1.82379743205320882e-01,1.10521082685619376e+01
353,2.18750000000000000e+00,9.37500000000000000e-01,6.25000000000000000e-02,1.82373960734863561e-01,-1.00010631948987252e-06,1.00010631948951147e-06,1.82373960740347979e-01,1.07012358833772918e+01
354,2.31250000000000000e+00,9.37500000000000000e-01,6.25000000000000000e-02,1.82370933467073532e-01,-5.23322082095299768e-07,5.23322082086222857e-07,1.82370933468575219e-01,1.03503695654167185e+01
355,2.43750000000000000e+00,9.37500000000000000e-01,6.25000000000000000e-02,1.82369344220034313e-01,-2.74599362570241214e-07,2.74599362566392508e-07,1.82369344220447788e-01,9.99950639368693750e+00
356,2.56250000000000000e+00,9.37500000000000000e-01,6.25000000000000000e-02,1.82368508516189604e-01,-1.44311013569592409e-07,1.44311013565888890e-07,1.82368508516303790e-01,9.64864486151606648e+00
357,2.68750000000000000e+00,9.37500000000000000e-01,6.25000000000000000e-02,1.82368068804861116e-01,-7.58739349149310360e-08,7.58739349092723927e-08,1.82368068804892702e-01,9.29778418579891230e+00
358,2.81250000000000000e+00,9.37500000000000000e-01,6.25000000000000000e-02,1.82367837519949644e-01,-3.98761918769853464e-08,3.98761918658183154e-08,1.82367837519958359e-01,8.94692395759477499e+00
359,2.93750000000000000e+00,9.37500000000000000e-01,6.25000000000000000e-02,1.82367715980043699e-01,-2.09355655402390596e-08,2.09355655120711841e-08,1.82367715980046113e-01,8.59606396299725617e+00
360,3.06250000000000000e+00,9.37500000000000000e-01,6.25000000000000000e-02,1.82367652202651942e-01,-1.09741293326230680e-08,1.09741292227330087e-08,1.82367652202652580e-01,8.24520409010737154e+00
361,3.18750000000000000e+00,9.37500000000000000e-01,6.25000000000000000e-02,1.82367618799209374e-01,-5.74051524034363010e-09,5.74051519541296924e-09,1.82367618799209569e-01,7.89434428044667236e+00
362,3.31250000000000000e+00,9.37500000000000000e-01,6.25000000000000000e-02,1.82367601345333169e-01,-2.99495853132652973e-09,2.99495848733384413e-09,1.82367601345333197e-01,7.54348450351693511e+00
363,3.43750000000000000e+00,9.37500000000000000e-01,6.25000000000000000e-02,1.82367592251971911e-01,-1.55731661689464134e-09,1.55731661992879608e-09,1.82367592251971911e-01,7.19262474345652869e+00
364,3.56250000000000000e+00,9.37500000000000000e-01,6.25000000000000000e-02,1.82367587532108244e-01,-8.06186225083653727e-10,8.06186253152888476e-10,1.82367587532108244e-01,6.84176499204258892e+00
365,3.68750000000000000e+00,9.37500000000000000e-01,6.25000000000000000e-02,1.82367585094640738e-01,-4.14776134744140822e-10,4.14776132870261527e-10,1.82367585094640738e-01,6.49090524502793098e+00
366,3.81250000000000000e+00,9.37500000000000000e-01,6.25000000000000000e-02,1.82367583844851272e-01,-2.11491198458054358e-10,2.11491191877852231e-10,1.82367583844851272e-01,6.14004550022838025e+00
367,3.93750000000000000e+00,9.37500000000000000e-01,6.25000000000000000e-02,1.82367583210789053e-01,-1.06382926345763248e-10,1.06382952727740898e-10,1.82367583210789053e-01,5.78918575652677969e+00
368,4.06250000000000000e+00,9.37500000000000000e-01,6.25000000000000000e-02,1.82367582894300245e-01,-5.23816756146073720e-11,5.23816288374879620e-11,1.82367582894300245e-01,5.43832601335589771e+00
369,4.18750000000000000e+00,9.37500000000000000e-01,6.25000000000000000e-02,1.82367582740377648e-01,-2.49011535382256345e-11,2.49011789484089340e-11,1.82367582740377648e-01,5.08746627043077115e+00
370,4.31250000000000000e+00,9.37500000000000000e-01,6.25000000000000000e-02,1.82367582668726907e-01,-1.11217407516547856e-11,1.11217177703365479e-11,1.82367582668726907e-01,4.73660652761060330e+00
371,4.43750000000000000e+00,9.37500000000000000e-01,6.25000000000000000e-02,1.82367582637976811e-01,-4.37897398986773478e-12,4.37900894161934787e-12,1.82367582637976811e-01,4.38574678482766522e+00
372,4.56250000000000000e+00,9.37500000000000000e-01,6.25000000000000000e-02,1.82367582626931729e-01,-1.23487874062849660e-12,1.23486116668533469e-12,1.82367582626931729e-01,4.03488704205093107e+00
373,4.68750000000000000e+00,9.37500000000000000e-01,6.25000000000000000e-02,1.82367582624834601e-01,7.92115349778103200e-14,-7.92099580491946966e-14,1.82367582624834601e-01,3.68402729926782424e+00
374,4.81250000000000000e+00,9.37500000000000000e-01,6.25000000000000000e-02,1.82367582626135727e-01,5.10115111411190053e-13,-5.10090812533960010e-13,1.82367582626135727e-01,3.33316755647476137e+00
375,4.93750000000000000e+00,9.37500000000000000e-01,6.25000000000000000e-02,1.82367582628429614e-01,5.59902035325850405e-13,-5.59881794332426289e-13,1.82367582628429614e-01,2.98230781367245701e+00
376,5.06250000000000000e+00,9.37500000000000000e-01,6.25000000000000000e-02,1.82367582630766550e-01,4.78342603036428412e-13,-4.78351678728534821e-13,1.82367582630766550e-01,2.63144807086381149e+00
377,5.18750000000000000e+00,9.37500000000000000e-01,6.25000000000000000e-02,1.82367582632932818e-01,3.91555941614022234e-13,-3.91530142056852850e-13,1.82367582632932818e-01,2.28058832805181622e+00
378,5.31250000000000000e+00,9.37500000000000000e-01,6.25000000000000000e-02,1.82367582634863468e-01,4.63283039427645521e-13,-4.63272901855814098e-13,1.82367582634863468e-01,1.92972858523994240e+00
379,5.43750000000000000e+00,9.37500000000000000e-01,6.25000000000000000e-02,1.82367582639096359e-01,1.12001088154528984e-12,-1.11995622017218605e-12,1.82367582639096359e-01,1.57886884244531966e+00
380,5.56250000000000000e+00,9.37500000000000000e-01,6.25000000000000000e-02,1.82367582651773191e-01,3.50665171582033568e-12,-3.50660872752913523e-12,1.82367582651773191e-01,1.22800909968270178e+00
381,5.68750000000000000e+00,9.37500000000000000e-01,6.25000000000000000e-02,1.82367582661980748e-01,9.20372884684323013e-12,-9.20370216479352191e-12,1.82367582661980748e-01,8.77149356839004635e-01
382,5.81250000000000000e+00,9.37500000000000000e-01,6.25000000000000000e-02,1.82367582708895470e-01,1.88965080827256201e-11,-1.88965004669842426e-11,1.82367582708895470e-01,5.26289614192160138e-01
383,5.93750000000000000e+00,9.37500000000000000e-01,6.25000000000000000e-02,1.82367583073351436e-01,3.97733596428886324e-11,-3.97732892186293167e-11,1.82367583073351436e-01,1.75429872846694312e-01
384,6.25000000000000000e-02,6.25000000000000000e-02,1.87500000000000000e-01,7.39036762752350085e-01,9.19059228817597218e-02,1.43073271762722359e-01,7.58348202643819302e-01,1.94641665009231879e+01
385,1.87500000000000000e-01,6.25000000000000000e-02,1.87500000000000000e-01,7.45950166504676049e-01,9.18423707045998849e-02,1.32854567251784766e-01,7.63234569450738531e-01,1.76111121874549319e+01
386,3.12500000000000000e-01,6.25000000000000000e-02,1.87500000000000000e-01,6.21304617933823966e-01,6.24555236347711026e-02,8.49041650224164196e-02,6.30181591239019068e-01,1.65147616502307173e+01
387,4.37500000000000000e-01,6.25000000000000000e-02,1.87500000000000000e-01,5.05359324658324893e-01,3.53021233265384121e-02,4.69288785708632181e-02,5.08759871230425542e-01,1.58956097111968955e+01
388,5.62500000000000000e-01,6.25000000000000000e-02,1.87500000000000000e-01,4.47243594648726706e-01,1.84312244226031187e-02,2.46939783987503159e-02,4.48303842898082727e-01,1.54018784118696086e+01
389,6.87500000000000000e-01,6.25000000000000000e-02,1.87500000000000000e-01,4.16964168266626634e-01,9.33484325534689879e-03,1.26917811001142303e-02,4.17261714304553555e-01,1.49763758792857331e+01
390,8.12500000000000000e-01,6.25000000000000000e-02,1.87500000000000000e-01,4.00377062904977710e-01,4.66665563551228561e-03,6.42075639422763113e-03,4.00455735741056584e-01,1.45911741009529372e+01
391,9.37500000000000000e-01,6.25000000000000000e-02,1.87500000000000000e-01,3.91707667559691164e-01,2.30967090738780747e-03,3.21372499296564791e-03,3.91727659775365333e-01,1.42245000541359943e+01
392,1.06250000000000000e+00,6.25000000000000000e-02,1.87500000000000000e-01,3.87292631381592090e-01,1.14065713656927607e-03,1.60447467248629196e-03,3.87297634591480089e-01,1.38660752522609680e+01
393,1.18750000000000000e+00,6.25000000000000000e-02,1.87500000000000000e-01,3.85032986928149024e-01,5.65649061519424528e-04,8.02786755117585967e-04,3.85034239319371641e-01,1.35115781452685013e+01
394,1.31250000000000000e+00,6.25000000000000000e-02,1.87500000000000000e-01,3.83872149205508995e-01,2.81924332677241027e-04,4.03147298323380885e-04,3.83872464426311844e-01,1.31589670930963969e+01
395,1.43750000000000000e+00,6.25000000000000000e-02,1.87500000000000000e-01,3.83276263960010133e-01,1.41339195131195093e-04,2.03584572477723789e-04,3.83276344089469700e-01,1.28072506029250111e+01
396,1.56250000000000000e+00,6.25000000000000000e-02,1.87500000000000000e-01,3.82969538281993205e-01,7.14079012853146395e-05,1.03572272430404926e-04,3.82969558944607325e-01,1.24559641808188672e+01
397,1.68750000000000000e+00,6.25000000000000000e-02,1.87500000000000000e-01,3.82810765517570151e-01,3.63829065413678234e-05,5.31068801213049606e-05,3.82810770930239963e-01,1.21048891726303527e+01
398,1.81250000000000000e+00,6.25000000000000000e-02,1.87500000000000000e-01,3.82728165867861181e-01,1.86834714312534985e-05,2.74277201459868193e-05,3.82728167306678635e-01,1.17539196040671996e+01
399,1.93750000000000000e+00,6.25000000000000000e-02,1.87500000000000000e-01,3.82685019161706053e-01,9.66270286364414457e-06,1.42552343819897957e-05,3.82685019549204253e-01,1.14030032434978725e+01
400,2.06250000000000000e+00,6.25000000000000000e-02,1.87500000000000000e-01,3.82662397564136003e-01,5.02854020545849920e-06,7.44810458739494321e-06,3.82662397669660426e-01,1.10521140868034227e+01
401,2.18750000000000000e+00,6.25000000000000000e-02,1.87500000000000000e-01,3.82650501213567862e-01,2.62897612081664430e-06,3.90598767444702961e-06,3.82650501242534580e-01,1.07012389976121387e+01
402,2.31250000000000000e+00,6.25000000000000000e-02,1.87500000000000000e-01,3.82644233977956050e-01,1.37890795016404157e-06,2.05321301872350515e-06,3.82644233985949211e-01,1.03503712262880594e+01
403,2.43750000000000000e+00,6.25000000000000000e-02,1.87500000000000000e-01,3.82640929010614861e-01,7.24865571560129633e-07,1.08078001855207705e-06,3.82640929012827813e-01,9.99950727711398990e+00
404,2.56250000000000000e+00,6.25000000000000000e-02,1.87500000000000000e-01,3.82639185320454045e-01,3.81529662379228821e-07,5.69222187715877522e-07,3.82639185321067665e-01,9.64864533063862773e+00
405,2.68750000000000000e+00,6.25000000000000000e-02,1.87500000000000000e-01,3.82638265471896222e-01,2.00886861486214530e-07,2.99742484574835224e-07,3.82638265472066363e-01,9.29778443467684923e+00
406,2.81250000000000000e+00,6.25000000000000000e-02,1.87500000000000000e-01,3.82637780545462158e-01,1.05735636362251366e-07,1.57721788161378239e-07,3.82637780545509287e-01,8.94692408953474150e+00
407,2.93750000000000000e+00,6.25000000000000000e-02,1.87500000000000000e-01,3.82637525161855396e-01,5.56031503785509089e-08,8.28943202340729993e-08,3.82637525161868441e-01,8.59606403289891574e+00
408,3.06250000000000000e+00,6.25000000000000000e-02,1.87500000000000000e-01,3.82637390843665770e-01,2.91995259027055551e-08,4.34993782526076110e-08,3.82637390843669378e-01,8.24520412711675021e+00
409,3.18750000000000000e+00,6.25000000000000000e-02,1.87500000000000000e-01,3.82637320315805274e-01,1.53056711663578689e-08,2.27825504384124993e-08,3.82637320315806273e-01,7.89434430002444021e+00
410,3.31250000000000000e+00,6.25000000000000000e-02,1.87500000000000000e-01,3.82637283357111890e-01,8.00416936275659110e-09,1.19039464113413093e-08,3.82637283357112168e-01,7.54348451386044161e+00
411,3.43750000000000000e+00,6.25000000000000000e-02,1.87500000000000000e-01,3.82637264037312463e-01,4.17338502441137607e-09,6.20128147334330154e-09,3.82637264037312519e-01,7.19262474891117431e+00
412,3.56250000000000000e+00,6.25000000000000000e-02,1.87500000000000000e-01,3.82637253969953184e-01,2.16746079361951476e-09,3.21781702473684225e-09,3.82637253969953184e-01,6.84176499491125512e+00
413,3.68750000000000000e+00,6.25000000000000000e-02,1.87500000000000000e-01,3.82637248746287850e-01,1.11956032155823641e-09,1.66063521049606634e-09,3.82637248746287850e-01,6.49090524653059830e+00
414,3.81250000000000000e+00,6.25000000000000000e-02,1.87500000000000000e-01,3.82637246052164925e-01,5.73750729991894409e-10,8.50287680915234787e-10,3.82637246052164925e-01,6.14004550101095248e+00
415,3.93750000000000000e+00,6.25000000000000000e-02,1.87500000000000000e-01,3.82637244674896571e-01,2.90584013744680154e-10,4.30260357016772937e-10,3.82637244674896571e-01,5.78918575693093729e+00
416,4.06250000000000000e+00,6.25000000000000000e-02,1.87500000000000000e-01,3.82637243980181840e-01,1.44499440465870452e-10,2.13777583034469461e-10,3.82637243980181840e-01,5.43832601356211764e+00
417,4.18750000000000000e+00,6.25000000000000000e-02,1.87500000000000000e-01,3.82637243636996083e-01,6.97627581913555709e-11,1.03143828126147724e-10,3.82637243636996083e-01,5.08746627053420042e+00
418,4.31250000000000000e+00,6.25000000000000000e-02,1.87500000000000000e-01,3.82637243473110344e-01,3.20132071832647899e-11,4.73396011502146071e-11,3.82637243473110344e-01,4.73660652766124546e+00
419,4.43750000000000000e+00,6.25000000000000000e-02,1.87500000000000000e-01,3.82637243399326532e-01,1.33338885036088337e-11,1.97740683170309890e-11,3.82637243399326532e-01,4.38574678485169756e+00
420,4.56250000000000000e+00,6.25000000000000000e-02,1.87500000000000000e-01,3.82637243369698510e-01,4.44021687732639181e-12,6.66299279790500603e-12,3.82637243369698510e-01,4.03488704206184945e+00
421,4.68750000000000000e+00,6.25000000000000000e-02,1.87500000000000000e-01,3.82637243360768986e-01,5.69028253856771459e-13,9.16823949940643918e-13,3.82637243360768986e-01,3.68402729927233752e+00
422,4.81250000000000000e+00,6.25000000000000000e-02,1.87500000000000000e-01,3.82637243360530344e-01,-8.29833995294428187e-13,-1.23763091426357428e-12,3.82637243360530344e-01,3.33316755647601104e+00
423,4.93750000000000000e+00,6.25000000000000000e-02,1.87500000000000000e-01,3.82637243363325774e-01,-1.12787404820087110e-12,-1.88060501218598918e-12,3.82637243363325774e-01,2.98230781367165143e+00
424,5.06250000000000000e+00,6.25000000000000000e-02,1.87500000000000000e-01,3.82637243367235647e-01,-1.02312098822730537e-12,-2.11190221839371476e-12,3.82637243367235647e-01,2.63144807086097510e+00
425,5.18750000000000000e+00,6.25000000000000000e-02,1.87500000000000000e-01,3.82637243371795444e-01,-8.54469551767283734e-13,-2.58389486698119785e-12,3.82637243371795444e-01,2.28058832804549638e+00
426,5.31250000000000000e+00,6.25000000000000000e-02,1.87500000000000000e-01,3.82637243377434544e-01,-1.02879794515535628e-12,-4.15223390099395222e-12,3.82637243377434544e-01,1.92972858522538160e+00
427,5.43750000000000000e+00,6.25000000000000000e-02,1.87500000000000000e-01,3.82637243389187420e-01,-2.38652923508528278e-12,-8.49187280363945075e-12,3.82637243389187420e-01,1.57886884241515779e+00
428,5.56250000000000000e+00,6.25000000000000000e-02,1.87500000000000000e-01,3.82637243419027551e-01,-7.66387736951852041e-12,-1.99489806634425873e-11,3.82637243419027551e-01,1.22800909963094695e+00
429,5.68750000000000000e+00,6.25000000000000000e-02,1.87500000000000000e-01,3.82637243455628606e-01,-2.25247804370628164e-11,-4.70010013139272453e-11,3.82637243455628606e-01,8.77149356717178641e-01
430,5.81250000000000000e+00,6.25000000000000000e-02,1.87500000000000000e-01,3.82637243561202323e-01,-4.83038996456850879e-11,-8.81974807173686598e-11,3.82637243561202323e-01,5.26289613884383001e-01
431,5.93750000000000000e+00,6.25000000000000000e-02,1.87500000000000000e-01,3.82637244166256052e-01,-9.10648842139157649e-11,-1.38927399885180898e-10,3.82637244166256052e-01,1.75429872693477457e-01
432,6.25000000000000000e-02,1.87500000000000000e-01,1.87500000000000000e-01,9.99652093407930042e-01,2.01485953123078432e-01,2.01485953123078571e-01,1.03946981027189422e+00,1.82966346955857873e+01
433,1.87500000000000000e-01,1.87500000000000000e-01,1.87500000000000000e-01,1.12435078673619770e+00,2.08863135909245601e-01,2.08863135909245518e-01,1.16250260675750527e+00,1.72483375730999882e+01
434,3.12500000000000000e-01,1.87500000000000000e-01,1.87500000000000000e-01,1.10110482253369435e+00,1.54065959307699035e-01,1.54065959307699091e-01,1.12245466271104322e+00,1.64367892471619683e+01
435,4.37500000000000000e-01,1.87500000000000000e-01,1.87500000000000000e-01,1.02956847292115117e+00,9.47286628311503620e-02,9.47286628311503343e-02,1.03824769662963701e+00,1.58877484591876748e+01
436,5.62500000000000000e-01,1.87500000000000000e-01,1.87500000000000000e-01,9.74502458901893132e-01,5.33303746736528278e-02,5.33303746736528278e-02,9.77416646129735223e-01,1.54148478398183997e+01
437,6.87500000000000000e-01,1.87500000000000000e-01,1.87500000000000000e-01,9.40057571665730007e-01,2.86282403266664709e-02,2.86282403266664952e-02,9.40929003875676018e-01,1.49891420590271576e+01
438,8.12500000000000000e-01,1.87500000000000000e-01,1.87500000000000000e-01,9.18409084189305225e-01,1.49879138313885069e-02,1.49879138313883543e-02,9.18653645855429302e-01,1.46000165700987310e+01
439,9.37500000000000000e-01,1.87500000000000000e-01,1.87500000000000000e-01,9.05687382174295452e-01,7.72888214895512803e-03,7.72888214895507859e-03,9.05753335885810085e-01,1.42300681685179686e+01
440,1.06250000000000000e+00,1.87500000000000000e-01,1.87500000000000000e-01,8.98616932480550967e-01,3.95749425641914263e-03,3.95749425641918166e-03,8.98634361051442565e-01,1.38693408144410792e+01
441,1.18750000000000000e+00,1.87500000000000000e-01,1.87500000000000000e-01,8.94750756931045554e-01,2.02333651370854156e-03,2.02333651370853245e-03,8.94755332373031731e-01,1.35134095383488280e+01
442,1.31250000000000000e+00,1.87500000000000000e-01,1.87500000000000000e-01,8.92655019864468269e-01,1.03514910103713110e-03,1.03514910103692055e-03,8.92656220253103316e-01,1.31599745422638481e+01
443,1.43750000000000000e+00,1.87500000000000000e-01,1.87500000000000000e-01,8.91531523684605309e-01,5.30800855731303417e-04,5.30800855731203454e-04,8.91531839713249341e-01,1.28077979395966022e+01
444,1.56250000000000000e+00,1.87500000000000000e-01,1.87500000000000000e-01,8.90933196494919089e-01,2.73288862979446478e-04,2.73288862979640117e-04,8.90933280324772370e-01,1.24562583435372840e+01
445,1.68750000000000000e+00,1.87500000000000000e-01,1.87500000000000000e-01,8.90615196398445330e-01,1.41394242474139435e-04,1.41394242473899258e-04,8.90615218846222523e-01,1.21050462136718231e+01
446,1.81250000000000000e+00,1.87500000000000000e-01,1.87500000000000000e-01,8.90446379010703004e-01,7.35000525640343131e-05,7.35000525640516604e-05,8.90446385077612645e-01,1.17540031543944057e+01
447,1.93750000000000000e+00,1.87500000000000000e-01,1.87500000000000000e-01,8.90356849392509475e-01,3.83728064722127190e-05,3.83728064719445551e-05,8.90356851046309572e-01,1.14030475872248065e+01
448,2.06250000000000000e+00,1.87500000000000000e-01,1.87500000000000000e-01,8.90309392498444319e-01,2.01101368511788628e-05,2.01101368512286073e-05,8.90309392952688183e-01,1.10521375805658053e+01
449,2.18750000000000000e+00,1.87500000000000000e-01,1.87500000000000000e-01,8.90284239928983312e-01,1.05677500588936187e-05,1.05677500589150723e-05,8.90284240054423415e-01,1.07012514365540650e+01
450,2.31250000000000000e+00,1.87500000000000000e-01,1.87500000000000000e-01,8.90270915190648271e-01,5.56327880012758510e-06,5.56327880014676193e-06,8.90270915225413018e-01,1.03503778081068649e+01
451,2.43750000000000000e+00,1.87500000000000000e-01,1.87500000000000000e-01,8.90263860208641455e-01,2.93212418218581415e-06,2.93212418191927618e-06,8.90263860218298508e-01,9.99951075744266404e+00
452,2.56250000000000000e+00,1.87500000000000000e-01,1.87500000000000000e-01,8.90260126944116492e-01,1.54616109031916075e-06,1.54616109017266068e-06,8.90260126946801789e-01,9.64864717019506557e+00
453,2.68750000000000000e+00,1.87500000000000000e-01,1.87500000000000000e-01,8.90258153005107578e-01,8.15222023254910644e-07,8.15222023348469563e-07,8.90258153005854092e-01,9.29778540660957908e+00
454,2.81250000000000000e+00,1.87500000000000000e-01,1.87500000000000000e-01,8.90257110359727655e-01,4.29567534402953904e-07,4.29567535038812856e-07,8.90257110359934933e-01,8.94692460275270562e+00
455,2.93750000000000000e+00,1.87500000000000000e-01,1.87500000000000000e-01,8.90256560251480256e-01,2.26126645821058424e-07,2.26126646154804149e-07,8.90256560251537765e-01,8.59606430368642727e+00
456,3.06250000000000000e+00,1.87500000000000000e-01,1.87500000000000000e-01,8.90256270377376757e-01,1.18872833275293978e-07,1.18872833848825519e-07,8.90256270377392633e-01,8.24520426985367294e+00
457,3.18750000000000000e+00,1.87500000000000000e-01,1.87500000000000000e-01,8.90256117854981599e-01,6.23834649320865952e-08,6.23834652690943895e-08,8.90256117854985929e-01,7.89434437516902054e+00
458,3.31250000000000000e+00,1.87500000000000000e-01,1.87500000000000000e-01,8.90256037740487227e-01,3.26689886889906571e-08,3.26689889122523955e-08,8.90256037740488448e-01,7.54348455335391854e+00
459,3.43750000000000000e+00,1.87500000000000000e-01,1.87500000000000000e-01,8.90255995746565332e-01,1.70624353425078511e-08,1.70624353697830896e-08,8.90255995746565665e-01,7.19262476961998498e+00
460,3.56250000000000000e+00,1.87500000000000000e-01,1.87500000000000000e-01,8.90255973792546729e-01,8.88018409547602505e-09,8.88018411405640412e-09,8.90255973792546840e-01,6.84176500573562052e+00
461,3.68750000000000000e+00,1.87500000000000000e-01,1.87500000000000000e-01,8.90255962355810504e-01,4.59946186515019872e-09,4.59946155524441218e-09,8.90255962355810504e-01,6.49090525216285474e+00
462,3.81250000000000000e+00,1.87500000000000000e-01,1.87500000000000000e-01,8.90255956427448036e-01,2.36585488364846567e-09,2.36585431933280715e-09,8.90255956427448036e-01,6.14004550392249104e+00
463,3.93750000000000000e+00,1.87500000000000000e-01,1.87500000000000000e-01,8.90255953376449805e-01,1.20451694924170942e-09,1.20451626685425118e-09,8.90255953376449805e-01,5.78918575842162575e+00
464,4.06250000000000000e+00,1.87500000000000000e-01,1.87500000000000000e-01,8.90255951822998215e-01,6.03711984965224116e-10,6.03711240329999072e-10,8.90255951822998215e-01,5.43832601431452822e+00
465,4.18750000000000000e+00,1.87500000000000000e-01,1.87500000000000000e-01,8.90255951044845895e-01,2.95192537945382707e-10,2.95191987062204842e-10,8.90255951044845895e-01,5.08746627090586134e+00
466,4.31250000000000000e+00,1.87500000000000000e-01,1.87500000000000000e-01,8.90255950664883833e-01,1.38555503832855000e-10,1.38555204594195326e-10,8.90255950664883833e-01,4.73660652783887848e+00
467,4.43750000000000000e+00,1.87500000000000000e-01,1.87500000000000000e-01,8.90255950486955938e-01,6.04325564814855693e-11,6.04325261129025693e-11,8.90255950486955938e-01,4.38574678493235304e+00
468,4.56250000000000000e+00,1.87500000000000000e-01,1.87500000000000000e-01,8.90255950409519436e-01,2.26364245794443481e-11,2.26366092765437876e-11,8.90255950409519436e-01,4.03488704209551674e+00
469,4.68750000000000000e+00,1.87500000000000000e-01,1.87500000000000000e-01,8.90255950380287042e-01,5.49685278817577419e-12,5.49707798950052489e-12,8.90255950380287042e-01,3.68402729928394290e+00
470,4.81250000000000000e+00,1.87500000000000000e-01,1.87500000000000000e-01,8.90255950373082805e-01,-1.31861900294018049e-12,-1.31817284746041482e-12,8.90255950373082805e-01,3.33316755647749918e+00
471,4.93750000000000000e+00,1.87500000000000000e-01,1.87500000000000000e-01,8.90255950374377880e-01,-3.59037221549548539e-12,-3.58988161461315704e-12,8.90255950374377880e-01,2.98230781366808628e+00
472,5.06250000000000000e+00,1.87500000000000000e-01,1.87500000000000000e-01,8.90255950380209882e-01,-4.39510624733689575e-12,-4.39463660111497646e-12,8.90255950380209882e-01,2.63144807085327281e+00
473,5.18750000000000000e+00,1.87500000000000000e-01,1.87500000000000000e-01,8.90255950389479689e-01,-5.35371861933868778e-12,-5.35321636291586142e-12,8.90255950389479689e-01,2.28058832803148848e+00
474,5.31250000000000000e+00,1.87500000000000000e-01,1.87500000000000000e-01,8.90255950403534335e-01,-8.29695666324811248e-12,-8.29659853246383319e-12,8.90255950403534335e-01,1.92972858519720281e+00
475,5.43750000000000000e+00,1.87500000000000000e-01,1.87500000000000000e-01,8.90255950431912635e-01,-1.66661819680729015e-11,-1.66659850439683279e-11,8.90255950431912635e-01,1.57886884235636504e+00
476,5.56250000000000000e+00,1.87500000000000000e-01,1.87500000000000000e-01,8.90255950496083970e-01,-4.01949726131162478e-11,-4.01950219883467535e-11,8.90255950496083970e-01,1.22800909951501880e+00
477,5.68750000000000000e+00,1.87500000000000000e-01,1.87500000000000000e-01,8.90255950588536238e-01,-1.00504913584569949e-10,-1.00505221228387305e-10,8.90255950588536238e-01,8.77149356461749741e-01
478,5.81250000000000000e+00,1.87500000000000000e-01,1.87500000000000000e-01,8.90255950793936934e-01,-1.99805538767459364e-10,-1.99805981999186106e-10,8.90255950793936934e-01,5.26289613275264689e-01
479,5.93750000000000000e+00,1.87500000000000000e-01,1.87500000000000000e-01,8.90255951755999475e-01,-3.30063908047200634e-10,-3.30064406867626971e-10,8.90255951755999475e-01,1.75429872115723112e-01
480,6.25000000000000000e-02,3.12500000000000000e-01,1.87500000000000000e-01,1.03248328056189487e+00,1.18441353672103955e-01,2.13757250699293772e-01,1.06101000990850869e+00,1.77610915830845322e+01
481,1.87500000000000000e-01,3.12500000000000000e-01,1.87500000000000000e-01,1.17512859663390890e+00,1.49138421501161328e-01,2.24338203001117453e-01,1.20561068206963440e+00,1.70436916198515114e+01
482,3.12500000000000000e-01,3.12500000000000000e-01,1.87500000000000000e-01,1.23855987151454916e+00,1.26756774411902862e-01,1.70409899960470373e-01,1.25663732603722389e+00,1.63750431090155111e+01
483,4.37500000000000000e-01,3.12500000000000000e-01,1.87500000000000000e-01,1.23053089322204579e+00,9.02931640323655360e-02,1.09438871096000201e-01,1.23868317222427327e+00,1.58672296774737269e+01
484,5.62500000000000000e-01,3.12500000000000000e-01,1.87500000000000000e-01,1.21742150482096578e+00,5.76541419727939000e-02,6.39606008486514194e-02,1.22046305923124287e+00,1.54088341419372892e+01
485,6.87500000000000000e-01,3.12500000000000000e-01,1.87500000000000000e-01,1.20516422428236125e+00,3.42712483969277587e-02,3.54289848112716577e-02,1.20617185298014085e+00,1.49897612402219984e+01
486,8.12500000000000000e-01,3.12500000000000000e-01,1.87500000000000000e-01,1.19518345363399203e+00,1.94798800915627658e-02,1.91188938474203957e-02,1.19549507973508917e+00,1.46020580220635541e+01
487,9.37500000000000000e-01,3.12500000000000000e-01,1.87500000000000000e-01,1.18833750209556910e+00,1.07682179200380788e-02,1.01604028346286446e-02,1.18842972328601415e+00,1.42318556865183261e+01
488,1.06250000000000000e+00,3.12500000000000000e-01,1.87500000000000000e-01,1.18416382046948199e+00,5.84839391090448933e-03,5.34940693746868527e-03,1.18419034516195887e+00,1.38705705095222882e+01
489,1.18750000000000000e+00,3.12500000000000000e-01,1.87500000000000000e-01,1.18171732388411121e+00,3.13786803031153088e-03,2.80574989511692780e-03,1.18172482076669394e+00,1.35141743263052998e+01
490,1.31250000000000000e+00,3.12500000000000000e-01,1.87500000000000000e-01,1.18031435836821297e+00,1.67009263297521779e-03,1.46987073539940724e-03,1.18031645515071415e+00,1.31604260661598538e+01
491,1.43750000000000000e+00,3.12500000000000000e-01,1.87500000000000000e-01,1.17952925454245316e+00,8.84972226740916011e-04,7.69815433129586424e-04,1.17952983773752762e+00,1.28080549842702673e+01
492,1.56250000000000000e+00,3.12500000000000000e-01,1.87500000000000000e-01,1.17909729631772375e+00,4.68055067210801585e-04,4.03470263243968844e-04,1.17909745824828449e+00,1.24564008178384160e+01
493,1.68750000000000000e+00,3.12500000000000000e-01,1.87500000000000000e-01,1.17886182656679406e+00,2.47428414179777067e-04,2.11767562096041337e-04,1.17886187155354150e+00,1.21051238987362044e+01
494,1.81250000000000000e+00,3.12500000000000000e-01,1.87500000000000000e-01,1.17873438562607902e+00,1.30819024743172635e-04,1.11308217910676373e-04,1.17873439814083070e+00,1.17540451128257821e+01
495,1.93750000000000000e+00,3.12500000000000000e-01,1.87500000000000000e-01,1.17866583006071024e+00,6.91961222014844793e-05,5.85879531464448207e-05,1.17866583354798005e+00,1.14030700842529313e+01
496,2.06250000000000000e+00,3.12500000000000000e-01,1.87500000000000000e-01,1.17862913208287878e+00,3.66188083974775130e-05,3.08809954248974331e-05,1.17862913305628636e+00,1.10521495790111750e+01
497,2.18750000000000000e+00,3.12500000000000000e-01,1.87500000000000000e-01,1.17860953806575997e+00,1.93846405406269272e-05,1.62869468134795369e-05,1.17860953833770288e+00,1.07012578311588609e+01
498,2.31250000000000000e+00,3.12500000000000000e-01,1.87500000000000000e-01,1.17859910500433229e+00,1.02616179956363279e-05,8.59270241326557287e-06,1.17859910508032728e+00,1.03503812128229846e+01
499,2.43750000000000000e+00,3.12500000000000000e-01,1.87500000000000000e-01,1.17859356152884498e+00,5.43073174267953949e-06,4.53448451852781451e-06,1.17859356155007977e+00,9.99951256784936149e+00
500,2.56250000000000000e+00,3.12500000000000000e-01,1.87500000000000000e-01,1.17859062037754936e+00,2.87256734996869173e-06,2.39281729315982001e-06,1.17859062038347906e+00,9.64864813251051423e+00
501,2.68750000000000000e+00,3.12500000000000000e-01,1.87500000000000000e-01,1.17858906214860171e+00,1.51823942436362108e-06,1.26215367395471364e-06,1.17858906215025550e+00,9.29778591817302491e+00
502,2.81250000000000000e+00,3.12500000000000000e-01,1.87500000000000000e-01,1.17858823777340227e+00,8.01627361887246281e-07,6.65281270204368338e-07,1.17858823777386257e+00,8.94692487466088870e+00
503,2.93750000000000000e+00,3.12500000000000000e-01,1.87500000000000000e-01,1.17858780220111647e+00,4.22750612649918474e-07,3.50331061597633385e-07,1.17858780220124437e+00,8.59606444816437865e+00
504,3.06250000000000000e+00,3.12500000000000000e-01,1.87500000000000000e-01,1.17858757234549594e+00,2.22634352955943027e-07,1.84253230073617238e-07,1.17858757234553124e+00,8.24520434659082468e+00
505,3.18750000000000000e+00,3.12500000000000000e-01,1.87500000000000000e-01,1.17858745121222941e+00,1.17057476060166107e-07,9.67566119371454234e-08,1.17858745121223918e+00,7.89434441590404035e+00
506,3.31250000000000000e+00,3.12500000000000000e-01,1.87500000000000000e-01,1.17858738747262803e+00,6.14293672987495080e-08,5.07119045014062951e-08,1.17858738747263070e+00,7.54348457496058167e+00
507,3.43750000000000000e+00,3.12500000000000000e-01,1.87500000000000000e-01,1.17858735399329806e+00,3.21611072038194903e-08,2.65137262345502395e-08,1.17858735399329873e+00,7.19262478106911196e+00
508,3.56250000000000000e+00,3.12500000000000000e-01,1.87500000000000000e-01,1.17858733644779790e+00,1.67866134997581366e-08,1.38168757014683455e-08,1.17858733644779812e+00,6.84176501179485630e+00
509,3.68750000000000000e+00,3.12500000000000000e-01,1.87500000000000000e-01,1.17858732728028381e+00,8.72559631603020792e-09,7.16762615531077002e-09,1.17858732728028381e+00,6.49090525536471397e+00
510,3.81250000000000000e+00,3.12500000000000000e-01,1.87500000000000000e-01,1.17858732251020526e+00,4.50891555640215502e-09,3.69400966409106561e-09,1.17858732251020526e+00,6.14004550561112694e+00
511,3.93750000000000000e+00,3.12500000000000000e-01,1.87500000000000000e-01,1.17858732004302857e+00,2.30995133810662250e-09,1.88539201077087970e-09,1.17858732004302857e+00,5.78918575930999957e+00
512,4.06250000000000000e+00,3.12500000000000000e-01,1.87500000000000000e-01,1.17858731877815437e+00,1.16814535416641932e-09,9.48152644513428762e-10,1.17858731877815437e+00,5.43832601478032807e+00
513,4.18750000000000000e+00,3.12500000000000000e-01,1.87500000000000000e-01,1.17858731813817941e+00,5.79017650270220889e-10,4.65888693227489268e-10,1.17858731813817941e+00,5.08746627114900196e+00
514,4.31250000000000000e+00,3.12500000000000000e-01,1.87500000000000000e-01,1.17858731782084858e+00,2.77968622953969684e-10,2.20403461453709326e-10,1.17858731782084858e+00,4.73660652796498205e+00
515,4.43750000000000000e+00,3.12500000000000000e-01,1.87500000000000000e-01,1.17858731766844227e+00,1.26421284045622868e-10,9.75322306421749666e-11,1.17858731766844227e+00,4.38574678499728332e+00
516,4.56250000000000000e+00,3.12500000000000000e-01,1.87500000000000000e-01,1.17858731759907376e+00,5.19837837303584083e-11,3.77444834891566997e-11,1.17858731759907376e+00,4.03488704212878080e+00
517,4.68750000000000000e+00,3.12500000000000000e-01,1.87500000000000000e-01,1.17858731757028257e+00,1.70826171153995626e-11,1.03568708473681554e-11,1.17858731757028257e+00,3.68402729930080763e+00
518,4.81250000000000000e+00,3.12500000000000000e-01,1.87500000000000000e-01,1.17858731756045865e+00,2.09844322346891245e-12,-7.15985852131721673e-13,1.17858731756045865e+00,3.33316755648562513e+00
519,4.93750000000000000e+00,3.12500000000000000e-01,1.87500000000000000e-01,1.17858731755925827e+00,-3.91550476255310551e-12,-4.58016890077384284e-12,1.17858731755925827e+00,2.98230781367201159e+00
520,5.06250000000000000e+00,3.12500000000000000e-01,1.87500000000000000e-01,1.17858731756162083e+00,-7.01709817377409553e-12,-6.17246364931211957e-12,1.17858731756162083e+00,2.63144807085533605e+00
521,5.18750000000000000e+00,3.12500000000000000e-01,1.87500000000000000e-01,1.17858731756743973e+00,-1.05097509208478638e-11,-7.97514188668477813e-12,1.17858731756743973e+00,2.28058832803320177e+00
522,5.31250000000000000e+00,3.12500000000000000e-01,1.87500000000000000e-01,1.17858731757719326e+00,-1.78375548962369264e-11,-1.27163215507928140e-11,1.17858731757719326e+00,1.92972858520232804e+00
523,5.43750000000000000e+00,3.12500000000000000e-01,1.87500000000000000e-01,1.17858731759649316e+00,-3.48585832049553799e-11,-2.56018364684417909e-11,1.17858731759649316e+00,1.57886884236483716e+00
524,5.56250000000000000e+00,3.12500000000000000e-01,1.87500000000000000e-01,1.17858731763719149e+00,-7.67098496950738936e-11,-6.19357084891269653e-11,1.17858731763719149e+00,1.22800909951931492e+00
525,5.68750000000000000e+00,3.12500000000000000e-01,1.87500000000000000e-01,1.17858731769899383e+00,-1.77250973380714938e-10,-1.56901329505518876e-10,1.17858731769899383e+00,8.77149356563296401e-01
526,5.81250000000000000e+00,3.12500000000000000e-01,1.87500000000000000e-01,1.17858731783419923e+00,-3.34500065058713345e-10,-3.03180595842813700e-10,1.17858731783419923e+00,5.26289613587993532e-01
527,5.93750000000000000e+00,3.12500000000000000e-01,1.87500000000000000e-01,1.17858731837588460e+00,-5.25839606503857899e-10,-4.54899136645101687e-10,1.17858731837588460e+00,1.75429871778060298e-01
528,6.25000000000000000e-02,4.37500000000000000e-01,1.87500000000000000e-01,1.03041788039916127e+00,3.47554904954294613e-02,2.14371263237702836e-01,1.05305460013619734e+00,1.75838513355320671e+01
529,1.87500000000000000e-01,4.37500000000000000e-01,1.87500000000000000e-01,1.16853765959855793e+00,4.96191728832131168e-02,2.24022969234314168e-01,1.19085205418735707e+00,1.69600776430608704e+01
530,3.12500000000000000e-01,4.37500000000000000e-01,1.87500000000000000e-01,1.25859310413713454e+00,4.59855690706834561e-02,1.70449348731845640e-01,1.27091473153292744e+00,1.63408861804687895e+01
531,4.37500000000000000e-01,4.37500000000000000e-01,1.87500000000000000e-01,1.28673090844152949e+00,3.57589539468801190e-02,1.10477201615085466e-01,1.29195988544646356e+00,1.58544777523998395e+01
532,5.62500000000000000e-01,4.37500000000000000e-01,1.87500000000000000e-01,1.30126162351621688e+00,2.42371960592954079e-02,6.52645842007111010e-02,1.30312268051007729e+00,1.54066793158298765e+01
533,6.87500000000000000e-01,4.37500000000000000e-01,1.87500000000000000e-01,1.30845299204700205e+00,1.50563658162426867e-02,3.65580020348106674e-02,1.30905019539401990e+00,1.49910821276812918e+01
534,8.12500000000000000e-01,4.37500000000000000e-01,1.87500000000000000e-01,1.31064481504874442e+00,8.86665266124708924e-03,2.00007615043426359e-02,1.31082740252266872e+00,1.46038982074052761e+01
535,9.37500000000000000e-01,4.37500000000000000e-01,1.87500000000000000e-01,1.31086484029202399e+00,5.04935545727250561e-03,1.07970115963854189e-02,1.31091902914092295e+00,1.42333237276533211e+01
536,1.06250000000000000e+00,4.37500000000000000e-01,1.87500000000000000e-01,1.31070750480383080e+00,2.81285634163747512e-03,5.77398390153206504e-03,1.31072324088648795e+00,1.38715485772386682e+01
537,1.18750000000000000e+00,4.37500000000000000e-01,1.87500000000000000e-01,1.31045218732911795e+00,1.54099425949658910e-03,3.07478848200162976e-03,1.31045670064416342e+00,1.35147961585809977e+01
538,1.31250000000000000e+00,4.37500000000000000e-01,1.87500000000000000e-01,1.31022425361991446e+00,8.34276405191463071e-04,1.63481029658065478e-03,1.31022553913274331e+00,1.31608007995886833e+01
539,1.43750000000000000e+00,4.37500000000000000e-01,1.87500000000000000e-01,1.31006560760431756e+00,4.48409347198762127e-04,8.67975132734448321e-04,1.31006597188059315e+00,1.28082690596185600e+01
540,1.56250000000000000e+00,4.37500000000000000e-01,1.87500000000000000e-01,1.30996614122108590e+00,2.39987108343996309e-04,4.60354121225824196e-04,1.30996624409386642e+00,1.24565192343601545e+01
541,1.68750000000000000e+00,4.37500000000000000e-01,1.87500000000000000e-01,1.30990683797731755e+00,1.28104249176765571e-04,2.44031083084976177e-04,1.30990686697245873e+00,1.21051882689976900e+01
542,1.81250000000000000e+00,4.37500000000000000e-01,1.87500000000000000e-01,1.30987275365199896e+00,6.82671370395129861e-05,1.29289256736761775e-04,1.30987276181161350e+00,1.17540797208206751e+01
543,1.93750000000000000e+00,4.37500000000000000e-01,1.87500000000000000e-01,1.30985371873985956e+00,3.63368286741712129e-05,6.84577575788509823e-05,1.30985372103279873e+00,1.14030885670426834e+01
544,2.06250000000000000e+00,4.37500000000000000e-01,1.87500000000000000e-01,1.30984329230478802e+00,1.93229479905564252e-05,3.62317023433278234e-05,1.30984329294841939e+00,1.10521594134903438e+01
545,2.18750000000000000e+00,4.37500000000000000e-01,1.87500000000000000e-01,1.30983764918652090e+00,1.02680761834817971e-05,1.91646630275630502e-05,1.30983764936696989e+00,1.07012630446749899e+01
546,2.31250000000000000e+00,4.37500000000000000e-01,1.87500000000000000e-01,1.30983462441249321e+00,5.45221213237359874e-06,1.01302592091490380e-05,1.30983462446301435e+00,1.03503839756139460e+01
547,2.43750000000000000e+00,4.37500000000000000e-01,1.87500000000000000e-01,1.30983301383781336e+00,2.89235097126780065e-06,5.35142341114153119e-06,1.30983301385193873e+00,9.99951403347251500e+00
548,2.56250000000000000e+00,4.37500000000000000e-01,1.87500000000000000e-01,1.30983215922784924e+00,1.53273482308850432e-06,2.82513676843515495e-06,1.30983215923179275e+00,9.64864891066307351e+00
549,2.68750000000000000e+00,4.37500000000000000e-01,1.87500000000000000e-01,1.30983170674220184e+00,8.11285688948330182e-07,1.49031988336829921e-06,1.30983170674330096e+00,9.29778633165661184e+00
550,2.81250000000000000e+00,4.37500000000000000e-01,1.87500000000000000e-01,1.30983146754346036e+00,4.28870876384386625e-07,7.85475512334288582e-07,1.30983146754376611e+00,8.94692509452878326e+00
551,2.93750000000000000e+00,4.37500000000000000e-01,1.87500000000000000e-01,1.30983134118856115e+00,2.26403153629210529e-07,4.13559775995243950e-07,1.30983134118864597e+00,8.59606456512408101e+00
552,3.06250000000000000e+00,4.37500000000000000e-01,1.87500000000000000e-01,1.30983127446005354e+00,1.19341815530222509e-07,2.17476800441109399e-07,1.30983127446007708e+00,8.24520440881172512e+00
553,3.18750000000000000e+00,4.37500000000000000e-01,1.87500000000000000e-01,1.30983123923098699e+00,6.28043033228024017e-08,1.14193785006527141e-07,1.30983123923099343e+00,7.89434444899607879e+00
554,3.31250000000000000e+00,4.37500000000000000e-01,1.87500000000000000e-01,1.30983122064067636e+00,3.29890475175433150e-08,5.98509263277924008e-08,1.30983122064067814e+00,7.54348459255035753e+00
555,3.43750000000000000e+00,4.37500000000000000e-01,1.87500000000000000e-01,1.30983121083733955e+00,1.72889501174900053e-08,3.12945232420930610e-08,1.30983121083734000e+00,7.19262479041068481e+00
556,3.56250000000000000e+00,4.37500000000000000e-01,1.87500000000000000e-01,1.30983120567329903e+00,9.03478316672240307e-09,1.63109565322623540e-08,1.30983120567329903e+00,6.84176501675044069e+00
557,3.68750000000000000e+00,4.37500000000000000e-01,1.87500000000000000e-01,1.30983120295770927e+00,4.70311271106533189e-09,8.46345377828918748e-09,1.30983120295770927e+00,6.49090525798990647e+00
558,3.81250000000000000e+00,4.37500000000000000e-01,1.87500000000000000e-01,1.30983120153330468e+00,2.43492703338088258e-09,4.36313709372805334e-09,1.30983120153330468e+00,6.14004550699947682e+00
559,3.93750000000000000e+00,4.37500000000000000e-01,1.87500000000000000e-01,1.30983120078893789e+00,1.25066004221203510e-09,2.22768301425335306e-09,1.30983120078893789e+00,5.78918576004271035e+00
560,4.06250000000000000e+00,4.37500000000000000e-01,1.87500000000000000e-01,1.30983120040205003e+00,6.34807752817119716e-10,1.12074316531309586e-09,1.30983120040205003e+00,5.43832601516607550e+00
561,4.18750000000000000e+00,4.37500000000000000e-01,1.87500000000000000e-01,1.30983120020254340e+00,3.16421991962301390e-10,5.50967111957842273e-10,1.30983120020254340e+00,5.08746627135145424e+00
562,4.31250000000000000e+00,4.37500000000000000e-01,1.87500000000000000e-01,1.30983120010082299e+00,1.53275630133816895e-10,2.60838313693533716e-10,1.30983120010082299e+00,4.73660652807087956e+00
563,4.43750000000000000e+00,4.37500000000000000e-01,1.87500000000000000e-01,1.30983120004981757e+00,7.08104263053214236e-11,1.15560159243358379e-10,1.30983120004981757e+00,4.38574678505254667e+00
564,4.56250000000000000e+00,4.37500000000000000e-01,1.87500000000000000e-01,1.30983120002494302e+00,3.00237841350330961e-11,4.47541149338367287e-11,1.30983120002494302e+00,4.03488704215780469e+00
565,4.68750000000000000e+00,4.37500000000000000e-01,1.87500000000000000e-01,1.30983120001312825e+00,1.06469628542744717e-11,1.22402918267148496e-11,1.30983120001312825e+00,3.68402729931620554e+00
566,4.81250000000000000e+00,4.37500000000000000e-01,1.87500000000000000e-01,1.30983120000756137e+00,2.11642740835298475e-12,-7.58342687477022730e-13,1.30983120000756137e+00,3.33316755649364005e+00
567,4.93750000000000000e+00,4.37500000000000000e-01,1.87500000000000000e-01,1.30983120000531583e+00,-1.43360709756988162e-12,-5.30220324681919572e-12,1.30983120000531583e+00,2.98230781367640141e+00
568,5.06250000000000000e+00,4.37500000000000000e-01,1.87500000000000000e-01,1.30983120000477049e+00,-3.33037976365798910e-12,-7.43894578758911732e-12,1.30983120000477049e+00,2.63144807085916144e+00
569,5.18750000000000000e+00,4.37500000000000000e-01,1.87500000000000000e-01,1.30983120000514064e+00,-5.40640868524353917e-12,-1.00136223418790623e-11,1.30983120000514064e+00,2.28058832803899802e+00
570,5.31250000000000000e+00,4.37500000000000000e-01,1.87500000000000000e-01,1.30983120000653575e+00,-9.41585126380997180e-12,-1.64454805562165489e-11,1.30983120000653575e+00,1.92972858521565094e+00
571,5.43750000000000000e+00,4.37500000000000000e-01,1.87500000000000000e-01,1.30983120000974251e+00,-1.82905440935192819e-11,-3.33460742547215150e-11,1.30983120000974251e+00,1.57886884239060521e+00
572,5.56250000000000000e+00,4.37500000000000000e-01,1.87500000000000000e-01,1.30983120001283071e+00,-3.93180841303925176e-11,-8.00951977292456977e-11,1.30983120001283071e+00,1.22800909955306570e+00
573,5.68750000000000000e+00,4.37500000000000000e-01,1.87500000000000000e-01,1.30983120001835718e+00,-8.90115925149995470e-11,-2.00971095222155403e-10,1.30983120001835718e+00,8.77149356724780338e-01
574,5.81250000000000000e+00,4.37500000000000000e-01,1.87500000000000000e-01,1.30983120005109543e+00,-1.66158220300835357e-10,-3.77680125591659515e-10,1.30983120005109543e+00,5.26289614039411768e-01
575,5.93750000000000000e+00,4.37500000000000000e-01,1.87500000000000000e-01,1.30983120004645803e+00,-2.57783692445054912e-10,-5.17869655512497435e-10,1.30983120004645803e+00,1.75429871288856370e-01
576,6.25000000000000000e-02,5.62500000000000000e-01,1.87500000000000000e-01,1.03041788039916105e+00,-3.47554904954296626e-02,2.14371263237702975e-01,1.05305460013619712e+00,1.75838513355320707e+01
577,1.87500000000000000e-01,5.62500000000000000e-01,1.87500000000000000e-01,1.16853765959855704e+00,-4.96191728832132417e-02,2.24022969234313751e-01,1.19085205418735596e+00,1.69600776430608704e+01
578,3.12500000000000000e-01,5.62500000000000000e-01,1.87500000000000000e-01,1.25859310413713454e+00,-4.59855690706836642e-02,1.70449348731846223e-01,1.27091473153292744e+00,1.63408861804687930e+01
579,4.37500000000000000e-01,5.62500000000000000e-01,1.87500000000000000e-01,1.28673090844152926e+00,-3.57589539468801190e-02,1.10477201615084564e-01,1.29195988544646312e+00,1.58544777523998359e+01
580,5.62500000000000000e-01,5.62500000000000000e-01,1.87500000000000000e-01,1.30126162351621710e+00,-2.42371960592954114e-02,6.52645842007118920e-02,1.30312268051007751e+00,1.54066793158298800e+01
581,6.87500000000000000e-01,5.62500000000000000e-01,1.87500000000000000e-01,1.30845299204700227e+00,-1.50563658162425670e-02,3.65580020348100360e-02,1.30905019539402012e+00,1.49910821276812865e+01
582,8.12500000000000000e-01,5.62500000000000000e-01,1.87500000000000000e-01,1.31064481504874442e+00,-8.86665266124713955e-03,2.00007615043435102e-02,1.31082740252266872e+00,1.46038982074052814e+01
583,9.37500000000000000e-01,5.62500000000000000e-01,1.87500000000000000e-01,1.31086484029202444e+00,-5.04935545727238505e-03,1.07970115963849003e-02,1.31091902914092340e+00,1.42333237276533158e+01
584,1.06250000000000000e+00,5.62500000000000000e-01,1.87500000000000000e-01,1.31070750480382969e+00,-2.81285634163755752e-03,5.77398390153256898e-03,1.31072324088648684e+00,1.38715485772386717e+01
585,1.18750000000000000e+00,5.62500000000000000e-01,1.87500000000000000e-01,1.31045218732911906e+00,-1.54099425949675781e-03,3.07478848200172517e-03,1.31045670064416453e+00,1.35147961585809959e+01
586,1.31250000000000000e+00,5.62500000000000000e-01,1.87500000000000000e-01,1.31022425361991290e+00,-8.34276405191488333e-04,1.63481029658073935e-03,1.31022553913274176e+00,1.31608007995886833e+01
587,1.43750000000000000e+00,5.62500000000000000e-01,1.87500000000000000e-01,1.31006560760431912e+00,-4.48409347198692901e-04,8.67975132735070978e-04,1.31006597188059470e+00,1.28082690596185635e+01
588,1.56250000000000000e+00,5.62500000000000000e-01,1.87500000000000000e-01,1.30996614122108479e+00,-2.39987108344129530e-04,4.60354121225003347e-04,1.30996624409386531e+00,1.24565192343601492e+01
589,1.68750000000000000e+00,5.62500000000000000e-01,1.87500000000000000e-01,1.30990683797731866e+00,-1.28104249176628690e-04,2.44031083085974158e-04,1.30990686697245984e+00,1.21051882689976953e+01
590,1.81250000000000000e+00,5.62500000000000000e-01,1.87500000000000000e-01,1.30987275365199851e+00,-6.82671370394087265e-05,1.29289256735827139e-04,1.30987276181161327e+00,1.17540797208206680e+01
591,1.93750000000000000e+00,5.62500000000000000e-01,1.87500000000000000e-01,1.30985371873986001e+00,-3.63368286737312233e-05,6.84577575799431669e-05,1.30985372103279918e+00,1.14030885670426905e+01
592,2.06250000000000000e+00,5.62500000000000000e-01,1.87500000000000000e-01,1.30984329230478846e+00,-1.93229479903744215e-05,3.62317023425225322e-05,1.30984329294841984e+00,1.10521594134903385e+01
593,2.18750000000000000e+00,5.62500000000000000e-01,1.87500000000000000e-01,1.30983764918652001e+00,-1.02680761826978834e-05,1.91646630282150318e-05,1.30983764936696900e+00,1.07012630446749952e+01
594,2.31250000000000000e+00,5.62500000000000000e-01,1.87500000000000000e-01,1.30983462441249432e+00,-5.45221213168529215e-06,1.01302592087689048e-05,1.30983462446301546e+00,1.03503839756139424e+01
595,2.43750000000000000e+00,5.62500000000000000e-01,1.87500000000000000e-01,1.30983301383781403e+00,-2.89235097055383022e-06,5.35142341116478733e-06,1.30983301385193940e+00,9.99951403347251677e+00
596,2.56250000000000000e+00,5.62500000000000000e-01,1.87500000000000000e-01,1.30983215922784901e+00,-1.53273482258531211e-06,2.82513676819095408e-06,1.30983215923179253e+00,9.64864891066307528e+00
597,2.68750000000000000e+00,5.62500000000000000e-01,1.87500000000000000e-01,1.30983170674220228e+00,-8.11285688510518863e-07,1.49031988318391835e-06,1.30983170674330140e+00,9.29778633165661361e+00
598,2.81250000000000000e+00,5.62500000000000000e-01,1.87500000000000000e-01,1.30983146754346014e+00,-4.28870876193988283e-07,7.85475512210076389e-07,1.30983146754376589e+00,8.94692509452878326e+00
599,2.93750000000000000e+00,5.62500000000000000e-01,1.87500000000000000e-01,1.30983134118856182e+00,-2.26403153932669505e-07,4.13559775932489132e-07,1.30983134118864664e+00,8.59606456512408101e+00
600,3.06250000000000000e+00,5.62500000000000000e-01,1.87500000000000000e-01,1.30983127446005376e+00,-1.19341816268124632e-07,2.17476800265015696e-07,1.30983127446007730e+00,8.24520440881172334e+00
601,3.18750000000000000e+00,5.62500000000000000e-01,1.87500000000000000e-01,1.30983123923098832e+00,-6.28043045162640026e-08,1.14193785311272443e-07,1.30983123923099476e+00,7.89434444899608234e+00
602,3.31250000000000000e+00,5.62500000000000000e-01,1.87500000000000000e-01,1.30983122064067592e+00,-3.29890490877428766e-08,5.98509260502767728e-08,1.30983122064067770e+00,7.54348459255035309e+00
603,3.43750000000000000e+00,5.62500000000000000e-01,1.87500000000000000e-01,1.30983121083733955e+00,-1.72889517086287044e-08,3.12945236532769003e-08,1.30983121083734000e+00,7.19262479041068925e+00
604,3.56250000000000000e+00,5.62500000000000000e-01,1.87500000000000000e-01,1.30983120567329925e+00,-9.03478472180051746e-09,1.63109560695711790e-08,1.30983120567329925e+00,6.84176501675043536e+00
605,3.68750000000000000e+00,5.62500000000000000e-01,1.87500000000000000e-01,1.30983120295770861e+00,-4.70311389145016266e-09,8.46345425332819209e-09,1.30983120295770861e+00,6.49090525798991091e+00
606,3.81250000000000000e+00,5.62500000000000000e-01,1.87500000000000000e-01,1.30983120153330423e+00,-2.43492756587042789e-09,4.36313684807397665e-09,1.30983120153330423e+00,6.14004550699947149e+00
607,3.93750000000000000e+00,5.62500000000000000e-01,1.87500000000000000e-01,1.30983120078893700e+00,-1.25065981129993675e-09,2.22768340578521658e-09,1.30983120078893700e+00,5.78918576004271301e+00
608,4.06250000000000000e+00,5.62500000000000000e-01,1.87500000000000000e-01,1.30983120040205026e+00,-6.34806909615662616e-10,1.12074299111525586e-09,1.30983120040205026e+00,5.43832601516607195e+00
609,4.18750000000000000e+00,5.62500000000000000e-01,1.87500000000000000e-01,1.30983120020254296e+00,-3.16420813967133887e-10,5.50967136712216892e-10,1.30983120020254296e+00,5.08746627135145779e+00
610,4.31250000000000000e+00,5.62500000000000000e-01,1.87500000000000000e-01,1.30983120010082321e+00,-1.53274470167903046e-10,2.60838354079312579e-10,1.30983120010082321e+00,4.73660652807087779e+00
611,4.43750000000000000e+00,5.62500000000000000e-01,1.87500000000000000e-01,1.30983120004981690e+00,-7.08090473553664570e-11,1.15560034128892685e-10,1.30983120004981690e+00,4.38574678505254933e+00
612,4.56250000000000000e+00,5.62500000000000000e-01,1.87500000000000000e-01,1.30983120002494391e+00,-3.00230552547732728e-11,4.47541813904782374e-11,1.30983120002494391e+00,4.03488704215780292e+00
613,4.68750000000000000e+00,5.62500000000000000e-01,1.87500000000000000e-01,1.30983120001312758e+00,-1.06469695089414479e-11,1.22402074997689288e-11,1.30983120001312758e+00,3.68402729931620820e+00
614,4.81250000000000000e+00,5.62500000000000000e-01,1.87500000000000000e-01,1.30983120000756181e+00,-2.11709647624686564e-12,-7.58291502509118447e-13,1.30983120000756181e+00,3.33316755649363916e+00
615,4.93750000000000000e+00,5.62500000000000000e-01,1.87500000000000000e-01,1.30983120000531517e+00,1.43251596845901371e-12,-5.30227348687260751e-12,1.30983120000531517e+00,2.98230781367640230e+00
616,5.06250000000000000e+00,5.62500000000000000e-01,1.87500000000000000e-01,1.30983120000477071e+00,3.32922485782244894e-12,-7.43877615546858810e-12,1.30983120000477071e+00,2.63144807085916055e+00
617,5.18750000000000000e+00,5.62500000000000000e-01,1.87500000000000000e-01,1.30983120000514019e+00,5.40516462479236576e-12,-1.00138713250974029e-11,1.30983120000514019e+00,2.28058832803899714e+00
618,5.31250000000000000e+00,5.62500000000000000e-01,1.87500000000000000e-01,1.30983120000653619e+00,9.41497825118582898e-12,-1.64451966975302018e-11,1.30983120000653619e+00,1.92972858521565183e+00
619,5.43750000000000000e+00,5.62500000000000000e-01,1.87500000000000000e-01,1.30983120000974163e+00,1.82902367150962141e-11,-3.33461931388844450e-11,1.30983120000974163e+00,1.57886884239060343e+00
620,5.56250000000000000e+00,5.62500000000000000e-01,1.87500000000000000e-01,1.30983120001283049e+00,3.93184388761160969e-11,-8.00948617496916895e-11,1.30983120001283049e+00,1.22800909955306681e+00
621,5.68750000000000000e+00,5.62500000000000000e-01,1.87500000000000000e-01,1.30983120001835696e+00,8.90127213188280544e-11,-2.00971163184162623e-10,1.30983120001835696e+00,8.77149356724778895e-01
622,5.81250000000000000e+00,5.62500000000000000e-01,1.87500000000000000e-01,1.30983120005109455e+00,1.66160215949584757e-10,-3.77679920777735052e-10,1.30983120005109455e+00,5.26289614039412545e-01
623,5.93750000000000000e+00,5.62500000000000000e-01,1.87500000000000000e-01,1.30983120004645714e+00,2.57786512556068288e-10,-5.17869685352290055e-10,1.30983120004645714e+00,1.75429871288856259e-01
624,6.25000000000000000e-02,6.87500000000000000e-01,1.87500000000000000e-01,1.03248328056189420e+00,-1.18441353672103761e-01,2.13757250699293966e-01,1.06101000990850802e+00,1.77610915830845322e+01
625,1.87500000000000000e-01,6.87500000000000000e-01,1.87500000000000000e-01,1.17512859663390956e+00,-1.49138421501161744e-01,2.24338203001117925e-01,1.20561068206963506e+00,1.70436916198515114e+01
626,3.12500000000000000e-01,6.87500000000000000e-01,1.87500000000000000e-01,1.23855987151454827e+00,-1.26756774411902695e-01,1.70409899960469735e-01,1.25663732603722300e+00,1.63750431090155075e+01
627,4.37500000000000000e-01,6.87500000000000000e-01,1.87500000000000000e-01,1.23053089322204645e+00,-9.02931640323658691e-02,1.09438871096000770e-01,1.23868317222427393e+00,1.58672296774737305e+01
628,5.62500000000000000e-01,6.87500000000000000e-01,1.87500000000000000e-01,1.21742150482096489e+00,-5.76541419727935600e-02,6.39606008486506977e-02,1.22046305923124199e+00,1.54088341419372838e+01
629,6.87500000000000000e-01,6.87500000000000000e-01,1.87500000000000000e-01,1.20516422428236103e+00,-3.42712483969280293e-02,3.54289848112726916e-02,1.20617185298014085e+00,1.49897612402220037e+01
630,8.12500000000000000e-01,6.87500000000000000e-01,1.87500000000000000e-01,1.19518345363399203e+00,-1.94798800915625472e-02,1.91188938474194312e-02,1.19549507973508917e+00,1.46020580220635470e+01
631,9.37500000000000000e-01,6.87500000000000000e-01,1.87500000000000000e-01,1.18833750209556865e+00,-1.07682179200383563e-02,1.01604028346293541e-02,1.18842972328601371e+00,1.42318556865183314e+01
632,1.06250000000000000e+00,6.87500000000000000e-01,1.87500000000000000e-01,1.18416382046948310e+00,-5.84839391090463765e-03,5.34940693746842073e-03,1.18419034516195998e+00,1.38705705095222847e+01
633,1.18750000000000000e+00,6.87500000000000000e-01,1.87500000000000000e-01,1.18171732388411010e+00,-3.13786803031126807e-03,2.80574989511730077e-03,1.18172482076669283e+00,1.35141743263053034e+01
634,1.31250000000000000e+00,6.87500000000000000e-01,1.87500000000000000e-01,1.18031435836821408e+00,-1.67009263297524771e-03,1.46987073539991357e-03,1.18031645515071526e+00,1.31604260661598538e+01
635,1.43750000000000000e+00,6.87500000000000000e-01,1.87500000000000000e-01,1.17952925454245161e+00,-8.84972226740853777e-04,7.69815433129154045e-04,1.17952983773752629e+00,1.28080549842702638e+01
636,1.56250000000000000e+00,6.87500000000000000e-01,1.87500000000000000e-01,1.17909729631772464e+00,-4.68055067210792748e-04,4.03470263245038192e-04,1.17909745824828560e+00,1.24564008178384196e+01
637,1.68750000000000000e+00,6.87500000000000000e-01,1.87500000000000000e-01,1.17886182656679361e+00,-2.47428414179731856e-04,2.11767562095100114e-04,1.17886187155354105e+00,1.21051238987361973e+01
638,1.81250000000000000e+00,6.87500000000000000e-01,1.87500000000000000e-01,1.17873438562607857e+00,-1.30819024743437424e-04,1.11308217911850984e-04,1.17873439814083047e+00,1.17540451128257875e+01
639,1.93750000000000000e+00,6.87500000000000000e-01,1.87500000000000000e-01,1.17866583006071091e+00,-6.91961222014702762e-05,5.85879531452067500e-05,1.17866583354798071e+00,1.14030700842529242e+01
640,2.06250000000000000e+00,6.87500000000000000e-01,1.87500000000000000e-01,1.17862913208287856e+00,-3.66188083971673430e-05,3.08809954257356094e-05,1.17862913305628614e+00,1.10521495790111821e+01
641,2.18750000000000000e+00,6.87500000000000000e-01,1.87500000000000000e-01,1.17860953806576019e+00,-1.93846405400211631e-05,1.62869468126578065e-05,1.17860953833770310e+00,1.07012578311588555e+01
642,2.31250000000000000e+00,6.87500000000000000e-01,1.87500000000000000e-01,1.17859910500433251e+00,-1.02616179949699586e-05,8.59270241387097950e-06,1.17859910508032750e+00,1.03503812128229882e+01
643,2.43750000000000000e+00,6.87500000000000000e-01,1.87500000000000000e-01,1.17859356152884609e+00,-5.43073174198599145e-06,4.53448451834260568e-06,1.17859356155008088e+00,9.99951256784935971e+00
644,2.56250000000000000e+00,6.87500000000000000e-01,1.87500000000000000e-01,1.17859062037755047e+00,-2.87256734935705008e-06,2.39281729310989081e-06,1.17859062038348017e+00,9.64864813251051601e+00
645,2.68750000000000000e+00,6.87500000000000000e-01,1.87500000000000000e-01,1.17858906214860260e+00,-1.51823942381238813e-06,1.26215367359601594e-06,1.17858906215025616e+00,9.29778591817302669e+00
646,2.81250000000000000e+00,6.87500000000000000e-01,1.87500000000000000e-01,1.17858823777340427e+00,-8.01627361527797580e-07,6.65281269834885684e-07,1.17858823777386457e+00,8.94692487466088870e+00
647,2.93750000000000000e+00,6.87500000000000000e-01,1.87500000000000000e-01,1.17858780220111803e+00,-4.22750612794336321e-07,3.50331061409622299e-07,1.17858780220124593e+00,8.59606444816437687e+00
648,3.06250000000000000e+00,6.87500000000000000e-01,1.87500000000000000e-01,1.17858757234549794e+00,-2.22634353678949202e-07,1.84253230044481184e-07,1.17858757234553346e+00,8.24520434659082824e+00
649,3.18750000000000000e+00,6.87500000000000000e-01,1.87500000000000000e-01,1.17858745121222963e+00,-1.17057476969224789e-07,9.67566114438439301e-08,1.17858745121223940e+00,7.89434441590403768e+00
650,3.31250000000000000e+00,6.87500000000000000e-01,1.87500000000000000e-01,1.17858738747262914e+00,-6.14293683837504591e-08,5.07119050647242067e-08,1.17858738747263181e+00,7.54348457496058522e+00
651,3.43750000000000000e+00,6.87500000000000000e-01,1.87500000000000000e-01,1.17858735399329828e+00,-3.21611085099751587e-08,2.65137256166335171e-08,1.17858735399329895e+00,7.19262478106910574e+00
652,3.56250000000000000e+00,6.87500000000000000e-01,1.87500000000000000e-01,1.17858733644779745e+00,-1.67866145892324870e-08,1.38168763726054383e-08,1.17858733644779767e+00,6.84176501179486163e+00
653,3.68750000000000000e+00,6.87500000000000000e-01,1.87500000000000000e-01,1.17858732728028293e+00,-8.72559702572143304e-09,7.16762577036975673e-09,1.17858732728028293e+00,6.49090525536470775e+00
654,3.81250000000000000e+00,6.87500000000000000e-01,1.87500000000000000e-01,1.17858732251020304e+00,-4.50891598009284281e-09,3.69401022926806317e-09,1.17858732251020304e+00,6.14004550561113138e+00
655,3.93750000000000000e+00,6.87500000000000000e-01,1.87500000000000000e-01,1.17858732004302769e+00,-2.30995106760218526e-09,1.88539162668395231e-09,1.17858732004302769e+00,5.78918575930999424e+00
656,4.06250000000000000e+00,6.87500000000000000e-01,1.87500000000000000e-01,1.17858731877815148e+00,-1.16814484366730764e-09,9.48152935535683016e-10,1.17858731877815148e+00,5.43832601478033073e+00
657,4.18750000000000000e+00,6.87500000000000000e-01,1.87500000000000000e-01,1.17858731813817852e+00,-5.79016850757323515e-10,4.65888442201732910e-10,1.17858731813817852e+00,5.08746627114899930e+00
658,4.31250000000000000e+00,6.87500000000000000e-01,1.87500000000000000e-01,1.17858731782084658e+00,-2.77967504569063896e-10,2.20403405291651092e-10,1.17858731782084658e+00,4.73660652796498471e+00
659,4.43750000000000000e+00,6.87500000000000000e-01,1.87500000000000000e-01,1.17858731766844294e+00,-1.26420567558799652e-10,9.75320306351802507e-11,1.17858731766844294e+00,4.38574678499728154e+00
660,4.56250000000000000e+00,6.87500000000000000e-01,1.87500000000000000e-01,1.17858731759907354e+00,-5.19834043651217341e-11,3.77442671294987743e-11,1.17858731759907354e+00,4.03488704212878346e+00
661,4.68750000000000000e+00,6.87500000000000000e-01,1.87500000000000000e-01,1.17858731757028368e+00,-1.70826119384871980e-11,1.03567314598415418e-11,1.17858731757028368e+00,3.68402729930080630e+00
662,4.81250000000000000e+00,6.87500000000000000e-01,1.87500000000000000e-01,1.17858731756045865e+00,-2.09877638837913103e-12,-7.16108390082818091e-13,1.17858731756045865e+00,3.33316755648562779e+00
663,4.93750000000000000e+00,6.87500000000000000e-01,1.87500000000000000e-01,1.17858731755925850e+00,3.91478120809299122e-12,-4.58021093527123420e-12,1.17858731755925850e+00,2.98230781367201070e+00
664,5.06250000000000000e+00,6.87500000000000000e-01,1.87500000000000000e-01,1.17858731756162038e+00,7.01619147831126363e-12,-6.17277998167747311e-12,1.17858731756162038e+00,2.63144807085533650e+00
665,5.18750000000000000e+00,6.87500000000000000e-01,1.87500000000000000e-01,1.17858731756743929e+00,1.05089226365026721e-11,-7.97502023773901099e-12,1.17858731756743929e+00,2.28058832803320177e+00
666,5.31250000000000000e+00,6.87500000000000000e-01,1.87500000000000000e-01,1.17858731757719171e+00,1.78369573247256964e-11,-1.27164385111132731e-11,1.17858731757719171e+00,1.92972858520232649e+00
667,5.43750000000000000e+00,6.87500000000000000e-01,1.87500000000000000e-01,1.17858731759649138e+00,3.48583485002766947e-11,-2.56012946504565360e-11,1.17858731759649138e+00,1.57886884236483760e+00
668,5.56250000000000000e+00,6.87500000000000000e-01,1.87500000000000000e-01,1.17858731763719016e+00,7.67102144355096555e-11,-6.19357591504006116e-11,1.17858731763719016e+00,1.22800909951931225e+00
669,5.68750000000000000e+00,6.87500000000000000e-01,1.87500000000000000e-01,1.17858731769899228e+00,1.77251954135805284e-10,-1.56900883257556793e-10,1.17858731769899228e+00,8.77149356563297067e-01
670,5.81250000000000000e+00,6.87500000000000000e-01,1.87500000000000000e-01,1.17858731783419879e+00,3.34501655580012131e-10,-3.03180485452913512e-10,1.17858731783419879e+00,5.26289613587991534e-01
671,5.93750000000000000e+00,6.87500000000000000e-01,1.87500000000000000e-01,1.17858731837588482e+00,5.25841801445430675e-10,-4.54898986364365018e-10,1.17858731837588482e+00,1.75429871778061824e-01
672,6.25000000000000000e-02,8.12500000000000000e-01,1.87500000000000000e-01,9.99652093407930153e-01,-2.01485953123078626e-01,2.01485953123078210e-01,1.03946981027189422e+00,1.82966346955857908e+01
673,1.87500000000000000e-01,8.12500000000000000e-01,1.87500000000000000e-01,1.12435078673619659e+00,-2.08863135909245518e-01,2.08863135909245434e-01,1.16250260675750416e+00,1.72483375730999882e+01
674,3.12500000000000000e-01,8.12500000000000000e-01,1.87500000000000000e-01,1.10110482253369435e+00,-1.54065959307699785e-01,1.54065959307699479e-01,1.12245466271104344e+00,1.64367892471619683e+01
675,4.37500000000000000e-01,8.12500000000000000e-01,1.87500000000000000e-01,1.02956847292115117e+00,-9.47286628311498069e-02,9.47286628311497791e-02,1.03824769662963701e+00,1.58877484591876730e+01
676,5.62500000000000000e-01,8.12500000000000000e-01,1.87500000000000000e-01,9.74502458901893132e-01,-5.33303746736537368e-02,5.33303746736537992e-02,9.77416646129735334e-01,1.54148478398184050e+01
677,6.87500000000000000e-01,8.12500000000000000e-01,1.87500000000000000e-01,9.40057571665729230e-01,-2.86282403266656556e-02,2.86282403266656174e-02,9.40929003875675241e-01,1.49891420590271522e+01
678,8.12500000000000000e-01,8.12500000000000000e-01,1.87500000000000000e-01,9.18409084189305114e-01,-1.49879138313891800e-02,1.49879138313892581e-02,9.18653645855429191e-01,1.46000165700987345e+01
679,9.37500000000000000e-01,8.12500000000000000e-01,1.87500000000000000e-01,9.05687382174296118e-01,-7.72888214895426934e-03,7.72888214895430144e-03,9.05753335885810751e-01,1.42300681685179651e+01
680,1.06250000000000000e+00,8.12500000000000000e-01,1.87500000000000000e-01,8.98616932480549857e-01,-3.95749425641926406e-03,3.95749425641938289e-03,8.98634361051441455e-01,1.38693408144410828e+01
681,1.18750000000000000e+00,8.12500000000000000e-01,1.87500000000000000e-01,8.94750756931046332e-01,-2.02333651370857235e-03,2.02333651370853115e-03,8.94755332373032397e-01,1.35134095383488280e+01
682,1.31250000000000000e+00,8.12500000000000000e-01,1.87500000000000000e-01,8.92655019864466936e-01,-1.03514910103672583e-03,1.03514910103677115e-03,8.92656220253101984e-01,1.31599745422638481e+01
683,1.43750000000000000e+00,8.12500000000000000e-01,1.87500000000000000e-01,8.91531523684606086e-01,-5.30800855731964022e-04,5.30800855732055962e-04,8.91531839713250118e-01,1.28077979395966057e+01
684,1.56250000000000000e+00,8.12500000000000000e-01,1.87500000000000000e-01,8.90933196494917978e-01,-2.73288862978479858e-04,2.73288862978571907e-04,8.90933280324771260e-01,1.24562583435372787e+01
685,1.68750000000000000e+00,8.12500000000000000e-01,1.87500000000000000e-01,8.90615196398445552e-01,-1.41394242475278200e-04,1.41394242475203824e-04,8.90615218846222856e-01,1.21050462136718284e+01
686,1.81250000000000000e+00,8.12500000000000000e-01,1.87500000000000000e-01,8.90446379010703004e-01,-7.35000525623556700e-05,7.35000525624149352e-05,8.90446385077612645e-01,1.17540031543943968e+01
687,1.93750000000000000e+00,8.12500000000000000e-01,1.87500000000000000e-01,8.90356849392509142e-01,-3.83728064732233309e-05,3.83728064731708081e-05,8.90356851046309239e-01,1.14030475872248136e+01
688,2.06250000000000000e+00,8.12500000000000000e-01,1.87500000000000000e-01,8.90309392498444097e-01,-2.01101368498969767e-05,2.01101368500770897e-05,8.90309392952687961e-01,1.10521375805658000e+01
689,2.18750000000000000e+00,8.12500000000000000e-01,1.87500000000000000e-01,8.90284239928983090e-01,-1.05677500594939770e-05,1.05677500594969602e-05,8.90284240054423193e-01,1.07012514365540703e+01
690,2.31250000000000000e+00,8.12500000000000000e-01,1.87500000000000000e-01,8.90270915190649270e-01,-5.56327879944378642e-06,5.56327879964685918e-06,8.90270915225414017e-01,1.03503778081068614e+01
691,2.43750000000000000e+00,8.12500000000000000e-01,1.87500000000000000e-01,8.90263860208641900e-01,-2.93212418228443970e-06,2.93212418238910841e-06,8.90263860218298952e-01,9.99951075744266582e+00
692,2.56250000000000000e+00,8.12500000000000000e-01,1.87500000000000000e-01,8.90260126944117824e-01,-1.54616108985501189e-06,1.54616109017155594e-06,8.90260126946803121e-01,9.64864717019506557e+00
693,2.68750000000000000e+00,8.12500000000000000e-01,1.87500000000000000e-01,8.90258153005108688e-01,-8.15222023090008788e-07,8.15222023232570256e-07,8.90258153005855202e-01,9.29778540660958086e+00
694,2.81250000000000000e+00,8.12500000000000000e-01,1.87500000000000000e-01,8.90257110359729098e-01,-4.29567534720823982e-07,4.29567534943734202e-07,8.90257110359936377e-01,8.94692460275270562e+00
695,2.93750000000000000e+00,8.12500000000000000e-01,1.87500000000000000e-01,8.90256560251482143e-01,-2.26126646381671150e-07,2.26126646387917754e-07,8.90256560251539653e-01,8.59606430368643082e+00
696,3.06250000000000000e+00,8.12500000000000000e-01,1.87500000000000000e-01,8.90256270377377756e-01,-1.18872833454793468e-07,1.18872833665544185e-07,8.90256270377393633e-01,8.24520426985367116e+00
697,3.18750000000000000e+00,8.12500000000000000e-01,1.87500000000000000e-01,8.90256117854983042e-01,-6.23834656510629309e-08,6.23834655593546870e-08,8.90256117854987372e-01,7.89434437516902321e+00
698,3.31250000000000000e+00,8.12500000000000000e-01,1.87500000000000000e-01,8.90256037740487671e-01,-3.26689886601635716e-08,3.26689885237985661e-08,8.90256037740488892e-01,7.54348455335391410e+00
699,3.43750000000000000e+00,8.12500000000000000e-01,1.87500000000000000e-01,8.90255995746565110e-01,-1.70624362958588155e-08,1.70624359374026746e-08,8.90255995746565443e-01,7.19262476961998853e+00
700,3.56250000000000000e+00,8.12500000000000000e-01,1.87500000000000000e-01,8.90255973792546285e-01,-8.88018389600602277e-09,8.88018367088149520e-09,8.90255973792546396e-01,6.84176500573561430e+00
701,3.68750000000000000e+00,8.12500000000000000e-01,1.87500000000000000e-01,8.90255962355808839e-01,-4.59946266860575840e-09,4.59946224829585041e-09,8.90255962355808839e-01,6.49090525216285741e+00
702,3.81250000000000000e+00,8.12500000000000000e-01,1.87500000000000000e-01,8.90255956427446482e-01,-2.36585446583902459e-09,2.36585414813984754e-09,8.90255956427446482e-01,6.14004550392248483e+00
703,3.93750000000000000e+00,8.12500000000000000e-01,1.87500000000000000e-01,8.90255953376447473e-01,-1.20451725961380890e-09,1.20451687450092630e-09,8.90255953376447473e-01,5.78918575842162753e+00
704,4.06250000000000000e+00,8.12500000000000000e-01,1.87500000000000000e-01,8.90255951822997438e-01,-6.03711535468482829e-10,6.03711283569198204e-10,8.90255951822997438e-01,5.43832601431452378e+00
705,4.18750000000000000e+00,8.12500000000000000e-01,1.87500000000000000e-01,8.90255951044843674e-01,-2.95192376964572177e-10,2.95192208660104526e-10,8.90255951044843674e-01,5.08746627090586490e+00
706,4.31250000000000000e+00,8.12500000000000000e-01,1.87500000000000000e-01,8.90255950664883389e-01,-1.38555063562841410e-10,1.38554939146686074e-10,8.90255950664883389e-01,4.73660652783887670e+00
707,4.43750000000000000e+00,8.12500000000000000e-01,1.87500000000000000e-01,8.90255950486954495e-01,-6.04322195389451076e-11,6.04322193605886825e-11,8.90255950486954495e-01,4.38574678493235659e+00
708,4.56250000000000000e+00,8.12500000000000000e-01,1.87500000000000000e-01,8.90255950409519548e-01,-2.26361825478290972e-11,2.26362576894854134e-11,8.90255950409519548e-01,4.03488704209551585e+00
709,4.68750000000000000e+00,8.12500000000000000e-01,1.87500000000000000e-01,8.90255950380286265e-01,-5.49673809164646736e-12,5.49683606177813384e-12,8.90255950380286265e-01,3.68402729928394557e+00
710,4.81250000000000000e+00,8.12500000000000000e-01,1.87500000000000000e-01,8.90255950373083471e-01,1.31845510402610010e-12,-1.31830070232556068e-12,8.90255950373083471e-01,3.33316755647749785e+00
711,4.93750000000000000e+00,8.12500000000000000e-01,1.87500000000000000e-01,8.90255950374377769e-01,3.59021090204010004e-12,-3.59003527956798661e-12,8.90255950374377769e-01,2.98230781366808717e+00
712,5.06250000000000000e+00,8.12500000000000000e-01,1.87500000000000000e-01,8.90255950380209771e-01,4.39461015026026147e-12,-4.39451240424338827e-12,8.90255950380209771e-01,2.63144807085327193e+00
713,5.18750000000000000e+00,8.12500000000000000e-01,1.87500000000000000e-01,8.90255950389479134e-01,5.35365471265322774e-12,-5.35355265933523511e-12,8.90255950389479134e-01,2.28058832803148759e+00
714,5.31250000000000000e+00,8.12500000000000000e-01,1.87500000000000000e-01,8.90255950403533447e-01,8.29646003647818031e-12,-8.29621948054157137e-12,8.90255950403533447e-01,1.92972858519720303e+00
715,5.43750000000000000e+00,8.12500000000000000e-01,1.87500000000000000e-01,8.90255950431911192e-01,1.66663415659697512e-11,-1.66659867751229235e-11,8.90255950431911192e-01,1.57886884235636260e+00
716,5.56250000000000000e+00,8.12500000000000000e-01,1.87500000000000000e-01,8.90255950496082304e-01,4.01948337198131026e-11,-4.01944321628244855e-11,8.90255950496082304e-01,1.22800909951501924e+00
717,5.68750000000000000e+00,8.12500000000000000e-01,1.87500000000000000e-01,8.90255950588534906e-01,1.00505600156513225e-10,-1.00505212294252235e-10,8.90255950588534906e-01,8.77149356461747187e-01
718,5.81250000000000000e+00,8.12500000000000000e-01,1.87500000000000000e-01,8.90255950793935935e-01,1.99806048585090437e-10,-1.99805595027460512e-10,8.90255950793935935e-01,5.26289613275264800e-01
719,5.93750000000000000e+00,8.12500000000000000e-01,1.87500000000000000e-01,8.90255951755999697e-01,3.30065085071306746e-10,-3.30064496228900320e-10,8.90255951755999697e-01,1.75429872115723556e-01
720,6.25000000000000000e-02,9.37500000000000000e-01,1.87500000000000000e-01,7.39036762752349641e-01,-9.19059228817594026e-02,1.43073271762723359e-01,7.58348202643818969e-01,1.94641665009231914e+01
721,1.87500000000000000e-01,9.37500000000000000e-01,1.87500000000000000e-01,7.45950166504675938e-01,-9.18423707046000792e-02,1.32854567251784489e-01,7.63234569450738309e-01,1.76111121874549355e+01
722,3.12500000000000000e-01,9.37500000000000000e-01,1.87500000000000000e-01,6.21304617933824077e-01,-6.24555236347706932e-02,8.49041650224166000e-02,6.30181591239019179e-01,1.65147616502307137e+01
723,4.37500000000000000e-01,9.37500000000000000e-01,1.87500000000000000e-01,5.05359324658324893e-01,-3.53021233265388631e-02,4.69288785708633846e-02,5.08759871230425542e-01,1.58956097111968955e+01
724,5.62500000000000000e-01,9.37500000000000000e-01,1.87500000000000000e-01,4.47243594648726261e-01,-1.84312244226026607e-02,2.46939783987502152e-02,4.48303842898082339e-01,1.54018784118696068e+01
725,6.87500000000000000e-01,9.37500000000000000e-01,1.87500000000000000e-01,4.16964168266626745e-01,-9.33484325534744003e-03,1.26917811001142234e-02,4.17261714304553610e-01,1.49763758792857349e+01
726,8.12500000000000000e-01,9.37500000000000000e-01,1.87500000000000000e-01,4.00377062904977710e-01,-4.66665563551164810e-03,6.42075639422744204e-03,4.00455735741056584e-01,1.45911741009529354e+01
727,9.37500000000000000e-01,9.37500000000000000e-01,1.87500000000000000e-01,3.91707667559690775e-01,-2.30967090738836171e-03,3.21372499296566179e-03,3.91727659775365000e-01,1.42245000541359961e+01
728,1.06250000000000000e+00,9.37500000000000000e-01,1.87500000000000000e-01,3.87292631381591979e-01,-1.14065713656896989e-03,1.60447467248615817e-03,3.87297634591479922e-01,1.38660752522609680e+01
729,1.18750000000000000e+00,9.37500000000000000e-01,1.87500000000000000e-01,3.85032986928148913e-01,-5.65649061519646681e-04,8.02786755117686907e-04,3.85034239319371530e-01,1.35115781452685031e+01
730,1.31250000000000000e+00,9.37500000000000000e-01,1.87500000000000000e-01,3.83872149205509217e-01,-2.81924332677637845e-04,4.03147298323513700e-04,3.83872464426312121e-01,1.31589670930963987e+01
731,1.43750000000000000e+00,9.37500000000000000e-01,1.87500000000000000e-01,3.83276263960009744e-01,-1.41339195130510555e-04,2.03584572477846765e-04,3.83276344089469312e-01,1.28072506029250111e+01
732,1.56250000000000000e+00,9.37500000000000000e-01,1.87500000000000000e-01,3.82969538281992872e-01,-7.14079012861945780e-05,1.03572272430770031e-04,3.82969558944606991e-01,1.24559641808188672e+01
733,1.68750000000000000e+00,9.37500000000000000e-01,1.87500000000000000e-01,3.82810765517569873e-01,-3.63829065402611443e-05,5.31068801212232998e-05,3.82810770930239741e-01,1.21048891726303509e+01
734,1.81250000000000000e+00,9.37500000000000000e-01,1.87500000000000000e-01,3.82728165867860681e-01,-1.86834714323956784e-05,2.74277201462173207e-05,3.82728167306678135e-01,1.17539196040672014e+01
735,1.93750000000000000e+00,9.37500000000000000e-01,1.87500000000000000e-01,3.82685019161705775e-01,-9.66270286259583796e-06,1.42552343816730748e-05,3.82685019549203975e-01,1.14030032434978708e+01
736,2.06250000000000000e+00,9.37500000000000000e-01,1.87500000000000000e-01,3.82662397564135726e-01,-5.02854020630341203e-06,7.44810458774786287e-06,3.82662397669660204e-01,1.10521140868034244e+01
737,2.18750000000000000e+00,9.37500000000000000e-01,1.87500000000000000e-01,3.82650501213567917e-01,-2.62897612022606879e-06,3.90598767421872458e-06,3.82650501242534635e-01,1.07012389976121387e+01
738,2.31250000000000000e+00,9.37500000000000000e-01,1.87500000000000000e-01,3.82644233977956105e-01,-1.37890795067337942e-06,2.05321301893540060e-06,3.82644233985949267e-01,1.03503712262880629e+01
739,2.43750000000000000e+00,9.37500000000000000e-01,1.87500000000000000e-01,3.82640929010614861e-01,-7.24865571270796413e-07,1.08078001842729427e-06,3.82640929012827813e-01,9.99950727711398990e+00
740,2.56250000000000000e+00,9.37500000000000000e-01,1.87500000000000000e-01,3.82639185320454378e-01,-3.81529662657782329e-07,5.69222187589686024e-07,3.82639185321067998e-01,9.64864533063862773e+00
741,2.68750000000000000e+00,9.37500000000000000e-01,1.87500000000000000e-01,3.82638265471896499e-01,-2.00886861559799326e-07,2.99742484594792326e-07,3.82638265472066641e-01,9.29778443467685101e+00
742,2.81250000000000000e+00,9.37500000000000000e-01,1.87500000000000000e-01,3.82637780545463047e-01,-1.05735636480759481e-07,1.57721788110518066e-07,3.82637780545510175e-01,8.94692408953474327e+00
743,2.93750000000000000e+00,9.37500000000000000e-01,1.87500000000000000e-01,3.82637525161856007e-01,-5.56031501336763904e-08,8.28943203055277061e-08,3.82637525161868997e-01,8.59606403289891752e+00
744,3.06250000000000000e+00,9.37500000000000000e-01,1.87500000000000000e-01,3.82637390843666325e-01,-2.91995262543356693e-08,4.34993781639345971e-08,3.82637390843669878e-01,8.24520412711675021e+00
745,3.18750000000000000e+00,9.37500000000000000e-01,1.87500000000000000e-01,3.82637320315805662e-01,-1.53056709593307843e-08,2.27825503269944075e-08,3.82637320315806606e-01,7.89434430002443843e+00
746,3.31250000000000000e+00,9.37500000000000000e-01,1.87500000000000000e-01,3.82637283357112279e-01,-8.00416999352587373e-09,1.19039465042658876e-08,3.82637283357112556e-01,7.54348451386044161e+00
747,3.43750000000000000e+00,9.37500000000000000e-01,1.87500000000000000e-01,3.82637264037312408e-01,-4.17338456049094530e-09,6.20128142130453127e-09,3.82637264037312519e-01,7.19262474891117165e+00
748,3.56250000000000000e+00,9.37500000000000000e-01,1.87500000000000000e-01,3.82637253969953017e-01,-2.16746142872850867e-09,3.21781734500287158e-09,3.82637253969953017e-01,6.84176499491125512e+00
749,3.68750000000000000e+00,9.37500000000000000e-01,1.87500000000000000e-01,3.82637248746287240e-01,-1.11955994703799071e-09,1.66063528433912565e-09,3.82637248746287240e-01,6.49090524653059564e+00
750,3.81250000000000000e+00,9.37500000000000000e-01,1.87500000000000000e-01,3.82637246052163982e-01,-5.73751135941401329e-10,8.50287940524017669e-10,3.82637246052163982e-01,6.14004550101095248e+00
751,3.93750000000000000e+00,9.37500000000000000e-01,1.87500000000000000e-01,3.82637244674895516e-01,-2.90583697831260786e-10,4.30260345238098467e-10,3.82637244674895516e-01,5.78918575693093462e+00
752,4.06250000000000000e+00,9.37500000000000000e-01,1.87500000000000000e-01,3.82637243980180786e-01,-1.44499653344802631e-10,2.13777705373229783e-10,3.82637243980180786e-01,5.43832601356211764e+00
753,4.18750000000000000e+00,9.37500000000000000e-01,1.87500000000000000e-01,3.82637243636995250e-01,-6.97625891292757558e-11,1.03143734077562105e-10,3.82637243636995250e-01,5.08746627053419953e+00
754,4.31250000000000000e+00,9.37500000000000000e-01,1.87500000000000000e-01,3.82637243473109900e-01,-3.20132516187807069e-11,4.73394606473785018e-11,3.82637243473109900e-01,4.73660652766124723e+00
755,4.43750000000000000e+00,9.37500000000000000e-01,1.87500000000000000e-01,3.82637243399326255e-01,-1.33339499569388285e-11,1.97739602853730638e-11,3.82637243399326255e-01,4.38574678485169756e+00
756,4.56250000000000000e+00,9.37500000000000000e-01,1.87500000000000000e-01,3.82637243369698510e-01,-4.44014879282007302e-12,6.66285450240774687e-12,3.82637243369698510e-01,4.03488704206185123e+00
757,4.68750000000000000e+00,9.37500000000000000e-01,1.87500000000000000e-01,3.82637243360769042e-01,-5.69166418151464488e-13,9.16745406951977941e-13,3.82637243360769042e-01,3.68402729927233752e+00
758,4.81250000000000000e+00,9.37500000000000000e-01,1.87500000000000000e-01,3.82637243360530510e-01,8.29916927150798743e-13,-1.23781568366670409e-12,3.82637243360530510e-01,3.33316755647601148e+00
759,4.93750000000000000e+00,9.37500000000000000e-01,1.87500000000000000e-01,3.82637243363325830e-01,1.12759755924245043e-12,-1.88058899473321663e-12,3.82637243363325830e-01,2.98230781367165054e+00
760,5.06250000000000000e+00,9.37500000000000000e-01,1.87500000000000000e-01,3.82637243367235425e-01,1.02317673710214574e-12,-2.11192163274195522e-12,3.82637243367235425e-01,2.63144807086097465e+00
761,5.18750000000000000e+00,9.37500000000000000e-01,1.87500000000000000e-01,3.82637243371795110e-01,8.54235653176951242e-13,-2.58382646641205769e-12,3.82637243371795110e-01,2.28058832804549594e+00
762,5.31250000000000000e+00,9.37500000000000000e-01,1.87500000000000000e-01,3.82637243377434044e-01,1.02899620343728036e-12,-4.15217569836370319e-12,3.82637243377434044e-01,1.92972858522538049e+00
763,5.43750000000000000e+00,9.37500000000000000e-01,1.87500000000000000e-01,3.82637243389186810e-01,2.38628800028453920e-12,-8.49165702205600168e-12,3.82637243389186810e-01,1.57886884241515690e+00
764,5.56250000000000000e+00,9.37500000000000000e-01,1.87500000000000000e-01,3.82637243419026718e-01,7.66416361394040255e-12,-1.99488983907146523e-11,3.82637243419026718e-01,1.22800909963094562e+00
765,5.68750000000000000e+00,9.37500000000000000e-01,1.87500000000000000e-01,3.82637243455627718e-01,2.25246741038022814e-11,-4.70008036340652600e-11,3.82637243455627718e-01,8.77149356717178419e-01
766,5.81250000000000000e+00,9.37500000000000000e-01,1.87500000000000000e-01,3.82637243561201768e-01,4.83042330375358646e-11,-8.81974939375430339e-11,3.82637243561201768e-01,5.26289613884382668e-01
767,5.93750000000000000e+00,9.37500000000000000e-01,1.87500000000000000e-01,3.82637244166256496e-01,9.10651735512229633e-11,-1.38927488417170993e-10,3.82637244166256496e-01,1.75429872693479177e-01
768,6.25000000000000000e-02,6.25000000000000000e-02,3.12500000000000000e-01,7.50151347375840660e-01,9.74055355483333662e-02,8.00237060176965664e-02,7.60669886251620575e-01,1.89361363570464540e+01
769,1.87500000000000000e-01,6.25000000000000000e-02,3.12500000000000000e-01,7.56106252020265490e-01,9.88348717576939262e-02,8.98991178222046106e-02,7.67819541041190101e-01,1.73709623390779697e+01
770,3.12500000000000000e-01,6.25000000000000000e-02,3.12500000000000000e-01,6.68105432440503688e-01,6.88027657116891400e-02,6.71536045327736919e-02,6.74987626573875898e-01,1.64118865606543984e+01
771,4.37500000000000000e-01,6.25000000000000000e-02,3.12500000000000000e-01,5.81301790742981606e-01,4.01427887465290317e-02,4.26534900782037860e-02,5.84245270092276447e-01,1.58447024690427529e+01
772,5.62500000000000000e-01,6.25000000000000000e-02,3.12500000000000000e-01,5.37891328075336683e-01,2.16600676423924048e-02,2.51047066325442540e-02,5.38912317213133152e-01,1.53773986291358202e+01
773,6.87500000000000000e-01,6.25000000000000000e-02,3.12500000000000000e-01,5.15048426473511789e-01,1.12433693190412774e-02,1.40680233508326553e-02,5.15363177038760112e-01,1.49652699809421321e+01
774,8.12500000000000000e-01,6.25000000000000000e-02,3.12500000000000000e-01,5.02224813201109566e-01,5.74900027584681825e-03,7.64235525344464633e-03,5.02315856402006267e-01,1.45862546969779441e+01
775,9.37500000000000000e-01,6.25000000000000000e-02,3.12500000000000000e-01,4.95369834285786848e-01,2.91605138026096878e-03,4.07473520063244589e-03,4.95395175130860121e-01,1.42223388861432767e+01
776,1.06250000000000000e+00,6.25000000000000000e-02,3.12500000000000000e-01,4.91806343801914347e-01,1.47683407382793530e-03,2.15019051357209735e-03,4.91813261474243979e-01,1.38651192203415974e+01
777,1.18750000000000000e+00,6.25000000000000000e-02,3.12500000000000000e-01,4.89939453620792664e-01,7.50622355485680223e-04,1.12724537453879128e-03,4.89941325395496563e-01,1.35111520705211063e+01
778,1.31250000000000000e+00,6.25000000000000000e-02,3.12500000000000000e-01,4.88957727256501551e-01,3.83184586694562408e-04,5.88931895195530988e-04,4.88958232076164179e-01,1.31587751583095134e+01
779,1.43750000000000000e+00,6.25000000000000000e-02,3.12500000000000000e-01,4.88443153413599562e-01,1.96485285067853803e-04,3.07647547200039922e-04,4.88443289819915250e-01,1.28071619500849145e+01
780,1.56250000000000000e+00,6.25000000000000000e-02,3.12500000000000000e-01,4.88173349746410745e-01,1.01282621786565199e-04,1.61019479287027802e-04,4.88173386808492149e-01,1.24559218910794396e+01
781,1.68750000000000000e+00,6.25000000000000000e-02,3.12500000000000000e-01,4.88031474151390310e-01,5.24858190278874046e-05,8.44953269911121759e-05,4.88031484288258377e-01,1.21048684155525574e+01
782,1.81250000000000000e+00,6.25000000000000000e-02,3.12500000000000000e-01,4.87956740757303054e-01,2.73200492138444824e-05,4.44525118821857278e-05,4.87956743546905769e-01,1.17539091822034685e+01
783,1.93750000000000000e+00,6.25000000000000000e-02,3.12500000000000000e-01,4.87917339996327359e-01,1.42754447038113777e-05,2.34377989048872650e-05,4.87917340768096119e-01,1.14029979143004976e+01
784,2.06250000000000000e+00,6.25000000000000000e-02,3.12500000000000000e-01,4.87896546597940073e-01,7.48442933571563027e-06,1.23783954637520103e-05,4.87896546812372212e-01,1.10521113266396593e+01
785,2.18750000000000000e+00,6.25000000000000000e-02,3.12500000000000000e-01,4.87885561488585751e-01,3.93214147965142702e-06,6.54402041634070025e-06,4.87885561548318969e-01,1.07012375627174858e+01
786,2.31250000000000000e+00,6.25000000000000000e-02,3.12500000000000000e-01,4.87879757468723863e-01,2.06864635486038578e-06,3.46077233872869503e-06,4.87879757485383980e-01,1.03503704809880670e+01
787,2.43750000000000000e+00,6.25000000000000000e-02,3.12500000000000000e-01,4.87876691303086307e-01,1.08938614459386521e-06,1.82989416087332171e-06,4.87876691307734311e-01,9.99950689066532128e+00
788,2.56250000000000000e+00,6.25000000000000000e-02,3.12500000000000000e-01,4.87875071646922676e-01,5.73968137743470426e-07,9.66995996432777400e-07,4.87875071648218639e-01,9.64864513089493059e+00
789,2.68750000000000000e+00,6.25000000000000000e-02,3.12500000000000000e-01,4.87874216472182820e-01,3.02377513060375572e-07,5.10530613967600153e-07,4.87874216472543643e-01,9.29778433191103737e+00
790,2.81250000000000000e+00,6.25000000000000000e-02,3.12500000000000000e-01,4.87873765316075014e-01,1.59210517409832792e-07,2.69218437216465748e-07,4.87873765316175267e-01,8.94692403693436411e+00
791,2.93750000000000000e+00,6.25000000000000000e-02,3.12500000000000000e-01,4.87873527548386532e-01,8.37521379389287446e-08,1.41770247613037317e-07,4.87873527548414343e-01,8.59606400612362087e+00
792,3.06250000000000000e+00,6.25000000000000000e-02,3.12500000000000000e-01,4.87873402394142119e-01,4.40009687239650301e-08,7.45377774349896678e-08,4.87873402394149780e-01,8.24520411357221583e+00
793,3.18750000000000000e+00,6.25000000000000000e-02,3.12500000000000000e-01,4.87873336615593622e-01,2.30781372807374970e-08,3.91179242587608980e-08,4.87873336615595732e-01,7.89434429322307363e+00
794,3.31250000000000000e+00,6.25000000000000000e-02,3.12500000000000000e-01,4.87873302106974882e-01,1.20785055274793731e-08,2.04851867723918324e-08,4.87873302106975437e-01,7.54348451047627577e+00
795,3.43750000000000000e+00,6.25000000000000000e-02,3.12500000000000000e-01,4.87873284044009370e-01,6.30416376939167847e-09,1.06991056912585862e-08,4.87873284044009536e-01,7.19262474724799006e+00
796,3.56250000000000000e+00,6.25000000000000000e-02,3.12500000000000000e-01,4.87873274616854036e-01,3.27816752173702529e-09,5.56856533391468686e-09,4.87873274616854036e-01,6.84176499410859584e+00
797,3.68750000000000000e+00,6.25000000000000000e-02,3.12500000000000000e-01,4.87873269716295077e-01,1.69580996279180176e-09,2.88440962958902046e-09,4.87873269716295077e-01,6.49090524615423892e+00
798,3.81250000000000000e+00,6.25000000000000000e-02,3.12500000000000000e-01,4.87873267183141668e-01,8.70640446042266309e-10,1.48380858596072010e-09,4.87873267183141668e-01,6.14004550084308498e+00
799,3.93750000000000000e+00,6.25000000000000000e-02,3.12500000000000000e-01,4.87873265884524621e-01,4.41944001519454591e-10,7.55535518173938059e-10,4.87873265884524621e-01,5.78918575686302805e+00
800,4.06250000000000000e+00,6.25000000000000000e-02,3.12500000000000000e-01,4.87873265227067310e-01,2.20428044174192518e-10,3.78748648731369994e-10,4.87873265227067310e-01,5.43832601354059797e+00
801,4.18750000000000000e+00,6.25000000000000000e-02,3.12500000000000000e-01,4.87873264900612391e-01,1.06888894496746696e-10,1.85263502048350859e-10,4.87873264900612391e-01,5.08746627053293565e+00
802,4.31250000000000000e+00,6.25000000000000000e-02,3.12500000000000000e-01,4.87873264743495738e-01,4.94122167898512959e-11,8.70455559045539098e-11,4.87873264743495738e-01,4.73660652766777623e+00
803,4.43750000000000000e+00,6.25000000000000000e-02,3.12500000000000000e-01,4.87873264671834284e-01,2.08850248674293649e-11,3.80886861742784363e-11,4.87873264671834284e-01,4.38574678486029601e+00
804,4.56250000000000000e+00,6.25000000000000000e-02,3.12500000000000000e-01,4.87873264642354643e-01,7.22856673142168208e-12,1.44301085581952679e-11,4.87873264642354643e-01,4.03488704207006954e+00
805,4.68750000000000000e+00,6.25000000000000000e-02,3.12500000000000000e-01,4.87873264632857240e-01,1.21554972421078432e-12,3.66664177944716090e-12,4.87873264632857240e-01,3.68402729927918315e+00
806,4.81250000000000000e+00,6.25000000000000000e-02,3.12500000000000000e-01,4.87873264631918657e-01,-9.88460093620170473e-13,-7.43628140394119341e-13,4.87873264631918657e-01,3.33316755648133167e+00
807,4.93750000000000000e+00,6.25000000000000000e-02,3.12500000000000000e-01,4.87873264633877646e-01,-1.54463118666412746e-12,-2.47287572815148363e-12,4.87873264633877646e-01,2.98230781367601061e+00
808,5.06250000000000000e+00,6.25000000000000000e-02,3.12500000000000000e-01,4.87873264636791981e-01,-1.56441242814274993e-12,-3.54164719609031262e-12,4.87873264636791981e-01,2.63144807086527432e+00
809,5.18750000000000000e+00,6.25000000000000000e-02,3.12500000000000000e-01,4.87873264640111937e-01,-1.60932186217385791e-12,-5.23296456665130946e-12,4.87873264640111937e-01,2.28058832805122425e+00
810,5.31250000000000000e+00,6.25000000000000000e-02,3.12500000000000000e-01,4.87873264643940319e-01,-2.35137322607960131e-12,-9.19646992471308126e-12,4.87873264643940319e-01,1.92972858523641588e+00
811,5.43750000000000000e+00,6.25000000000000000e-02,3.12500000000000000e-01,4.87873264651816962e-01,-5.27731147406024275e-12,-1.82623482652532560e-11,4.87873264651816962e-01,1.57886884243676251e+00
812,5.56250000000000000e+00,6.25000000000000000e-02,3.12500000000000000e-01,4.87873264672159690e-01,-1.52881989385707021e-11,-3.96533000534220045e-11,4.87873264672159690e-01,1.22800909967093297e+00
813,5.68750000000000000e+00,6.25000000000000000e-02,3.12500000000000000e-01,4.87873264700235565e-01,-4.38424536033051053e-11,-8.84511764568453214e-11,4.87873264700235565e-01,8.77149356841293359e-01
814,5.81250000000000000e+00,6.25000000000000000e-02,3.12500000000000000e-01,4.87873264797627937e-01,-8.64239837461817452e-11,-1.57384289436176981e-10,4.87873264797627937e-01,5.26289614161067454e-01
815,5.93750000000000000e+00,6.25000000000000000e-02,3.12500000000000000e-01,4.87873265293817637e-01,-1.21091531649191175e-10,-2.19187691569140987e-10,4.87873265293817637e-01,1.75429872738480125e-01
816,6.25000000000000000e-02,1.87500000000000000e-01,3.12500000000000000e-01,1.03248328056189487e+00,2.13757250699293799e-01,1.18441353672103969e-01,1.06101000990850869e+00,1.77610915830845322e+01
817,1.87500000000000000e-01,1.87500000000000000e-01,3.12500000000000000e-01,1.17512859663390867e+00,2.24338203001117342e-01,1.49138421501161605e-01,1.20561068206963395e+00,1.70436916198515114e+01
818,3.12500000000000000e-01,1.87500000000000000e-01,3.12500000000000000e-01,1.23855987151454872e+00,1.70409899960470512e-01,1.26756774411903306e-01,1.25663732603722345e+00,1.63750431090155111e+01
819,4.37500000000000000e-01,1.87500000000000000e-01,3.12500000000000000e-01,1.23053089322204601e+00,1.09438871096000298e-01,9.02931640323656609e-02,1.23868317222427349e+00,1.58672296774737269e+01
820,5.62500000000000000e-01,1.87500000000000000e-01,3.12500000000000000e-01,1.21742150482096534e+00,6.39606008486514332e-02,5.76541419727939625e-02,1.22046305923124243e+00,1.54088341419372892e+01
821,6.87500000000000000e-01,1.87500000000000000e-01,3.12500000000000000e-01,1.20516422428236059e+00,3.54289848112714981e-02,3.42712483969277934e-02,1.20617185298014018e+00,1.49897612402220002e+01
822,8.12500000000000000e-01,1.87500000000000000e-01,3.12500000000000000e-01,1.19518345363399181e+00,1.91188938474203471e-02,1.94798800915626860e-02,1.19549507973508895e+00,1.46020580220635523e+01
823,9.37500000000000000e-01,1.87500000000000000e-01,3.12500000000000000e-01,1.18833750209556954e+00,1.01604028346286655e-02,1.07682179200380736e-02,1.18842972328601459e+00,1.42318556865183261e+01
824,1.06250000000000000e+00,1.87500000000000000e-01,3.12500000000000000e-01,1.18416382046948199e+00,5.34940693746870782e-03,5.84839391090453964e-03,1.18419034516195887e+00,1.38705705095222882e+01
825,1.18750000000000000e+00,1.87500000000000000e-01,3.12500000000000000e-01,1.18171732388411144e+00,2.80574989511716069e-03,3.13786803031139601e-03,1.18172482076669416e+00,1.35141743263053016e+01
826,1.31250000000000000e+00,1.87500000000000000e-01,3.12500000000000000e-01,1.18031435836821341e+00,1.46987073539962950e-03,1.67009263297488385e-03,1.18031645515071459e+00,1.31604260661598520e+01
827,1.43750000000000000e+00,1.87500000000000000e-01,3.12500000000000000e-01,1.17952925454245339e+00,7.69815433129788086e-04,8.84972226741025298e-04,1.17952983773752806e+00,1.28080549842702673e+01
828,1.56250000000000000e+00,1.87500000000000000e-01,3.12500000000000000e-01,1.17909729631772375e+00,4.03470263244047882e-04,4.68055067210478763e-04,1.17909745824828449e+00,1.24564008178384142e+01
829,1.68750000000000000e+00,1.87500000000000000e-01,3.12500000000000000e-01,1.17886182656679406e+00,2.11767562096075760e-04,2.47428414179863424e-04,1.17886187155354150e+00,1.21051238987362044e+01
830,1.81250000000000000e+00,1.87500000000000000e-01,3.12500000000000000e-01,1.17873438562607902e+00,1.11308217910741249e-04,1.30819024742876783e-04,1.17873439814083070e+00,1.17540451128257804e+01
831,1.93750000000000000e+00,1.87500000000000000e-01,3.12500000000000000e-01,1.17866583006070980e+00,5.85879531464441973e-05,6.91961222016527068e-05,1.17866583354797960e+00,1.14030700842529313e+01
832,2.06250000000000000e+00,1.87500000000000000e-01,3.12500000000000000e-01,1.17862913208287856e+00,3.08809954249370403e-05,3.66188083972799578e-05,1.17862913305628614e+00,1.10521495790111750e+01
833,2.18750000000000000e+00,1.87500000000000000e-01,3.12500000000000000e-01,1.17860953806575997e+00,1.62869468136970075e-05,1.93846405404681492e-05,1.17860953833770288e+00,1.07012578311588626e+01
834,2.31250000000000000e+00,1.87500000000000000e-01,3.12500000000000000e-01,1.17859910500433207e+00,8.59270241363994957e-06,1.02616179950728934e-05,1.17859910508032706e+00,1.03503812128229828e+01
835,2.43750000000000000e+00,1.87500000000000000e-01,3.12500000000000000e-01,1.17859356152884542e+00,4.53448451851624743e-06,5.43073174271910101e-06,1.17859356155008022e+00,9.99951256784935971e+00
836,2.56250000000000000e+00,1.87500000000000000e-01,3.12500000000000000e-01,1.17859062037754891e+00,2.39281729313896098e-06,2.87256734977033821e-06,1.17859062038347862e+00,9.64864813251051423e+00
837,2.68750000000000000e+00,1.87500000000000000e-01,3.12500000000000000e-01,1.17858906214860149e+00,1.26215367378888725e-06,1.51823942475145353e-06,1.17858906215025505e+00,9.29778591817302669e+00
838,2.81250000000000000e+00,1.87500000000000000e-01,3.12500000000000000e-01,1.17858823777340205e+00,6.65281269960993326e-07,8.01627362366741574e-07,1.17858823777386235e+00,8.94692487466088693e+00
839,2.93750000000000000e+00,1.87500000000000000e-01,3.12500000000000000e-01,1.17858780220111647e+00,3.50331061153509024e-07,4.22750613810629904e-07,1.17858780220124437e+00,8.59606444816437865e+00
840,3.06250000000000000e+00,1.87500000000000000e-01,3.12500000000000000e-01,1.17858757234549660e+00,1.84253229394677132e-07,2.22634353958578865e-07,1.17858757234553213e+00,8.24520434659082468e+00
841,3.18750000000000000e+00,1.87500000000000000e-01,3.12500000000000000e-01,1.17858745121222985e+00,9.67566111229675342e-08,1.17057477248357032e-07,1.17858745121223962e+00,7.89434441590404212e+00
842,3.31250000000000000e+00,1.87500000000000000e-01,3.12500000000000000e-01,1.17858738747262937e+00,5.07119038115145429e-08,6.14293679821022453e-08,1.17858738747263203e+00,7.54348457496058167e+00
843,3.43750000000000000e+00,1.87500000000000000e-01,3.12500000000000000e-01,1.17858735399329917e+00,2.65137255645545831e-08,3.21611080184337735e-08,1.17858735399330006e+00,7.19262478106911285e+00
844,3.56250000000000000e+00,1.87500000000000000e-01,3.12500000000000000e-01,1.17858733644779945e+00,1.38168752585130216e-08,1.67866135054251907e-08,1.17858733644779967e+00,6.84176501179485719e+00
845,3.68750000000000000e+00,1.87500000000000000e-01,3.12500000000000000e-01,1.17858732728028492e+00,7.16762608038184343e-09,8.72559587853999022e-09,1.17858732728028492e+00,6.49090525536471574e+00
846,3.81250000000000000e+00,1.87500000000000000e-01,3.12500000000000000e-01,1.17858732251020637e+00,3.69400992647427090e-09,4.50891445874861212e-09,1.17858732251020637e+00,6.14004550561112783e+00
847,3.93750000000000000e+00,1.87500000000000000e-01,3.12500000000000000e-01,1.17858732004302991e+00,1.88539268238244331e-09,2.30995002334803747e-09,1.17858732004302991e+00,5.78918575930999957e+00
848,4.06250000000000000e+00,1.87500000000000000e-01,3.12500000000000000e-01,1.17858731877815481e+00,9.48153542115457475e-10,1.16814375233083534e-09,1.17858731877815481e+00,5.43832601478032718e+00
849,4.18750000000000000e+00,1.87500000000000000e-01,3.12500000000000000e-01,1.17858731813818007e+00,4.65889684275615473e-10,5.79016168273239204e-10,1.17858731813818007e+00,5.08746627114900196e+00
850,4.31250000000000000e+00,1.87500000000000000e-01,3.12500000000000000e-01,1.17858731782084813e+00,2.20404457812676896e-10,2.77967182876568426e-10,1.17858731782084813e+00,4.73660652796498116e+00
851,4.43750000000000000e+00,1.87500000000000000e-01,3.12500000000000000e-01,1.17858731766844205e+00,9.75326799780278154e-11,1.26420610286552933e-10,1.17858731766844205e+00,4.38574678499728243e+00
852,4.56250000000000000e+00,1.87500000000000000e-01,3.12500000000000000e-01,1.17858731759907376e+00,3.77448874343927490e-11,5.19836663564054115e-11,1.17858731759907376e+00,4.03488704212878080e+00
853,4.68750000000000000e+00,1.87500000000000000e-01,3.12500000000000000e-01,1.17858731757028146e+00,1.03568810932133801e-11,1.70830384440037599e-11,1.17858731757028146e+00,3.68402729930080763e+00
854,4.81250000000000000e+00,1.87500000000000000e-01,3.12500000000000000e-01,1.17858731756045776e+00,-7.16241733530837221e-13,2.09915146934948242e-12,1.17858731756045776e+00,3.33316755648562468e+00
855,4.93750000000000000e+00,1.87500000000000000e-01,3.12500000000000000e-01,1.17858731755925783e+00,-4.58074162359606150e-12,-3.91443906743388345e-12,1.17858731755925783e+00,2.98230781367201159e+00
856,5.06250000000000000e+00,1.87500000000000000e-01,3.12500000000000000e-01,1.17858731756161972e+00,-6.17306021107622029e-12,-7.01595893707139778e-12,1.17858731756161972e+00,2.63144807085533650e+00
857,5.18750000000000000e+00,1.87500000000000000e-01,3.12500000000000000e-01,1.17858731756743906e+00,-7.97581055516584595e-12,-1.05085971195176374e-11,1.17858731756743906e+00,2.28058832803320177e+00
858,5.31250000000000000e+00,1.87500000000000000e-01,3.12500000000000000e-01,1.17858731757719304e+00,-1.27169411686641196e-11,-1.78367335704246497e-11,1.17858731757719304e+00,1.92972858520232804e+00
859,5.43750000000000000e+00,1.87500000000000000e-01,3.12500000000000000e-01,1.17858731759649338e+00,-2.56023005117186168e-11,-3.48580301528539265e-11,1.17858731759649338e+00,1.57886884236483738e+00
860,5.56250000000000000e+00,1.87500000000000000e-01,3.12500000000000000e-01,1.17858731763719238e+00,-6.19359219298650551e-11,-7.67097670009135827e-11,1.17858731763719238e+00,1.22800909951931536e+00
861,5.68750000000000000e+00,1.87500000000000000e-01,3.12500000000000000e-01,1.17858731769899472e+00,-1.56901253200233428e-10,-1.77251259480024456e-10,1.17858731769899472e+00,8.77149356563296845e-01
862,5.81250000000000000e+00,1.87500000000000000e-01,3.12500000000000000e-01,1.17858731783419990e+00,-3.03180263553594331e-10,-3.34500732606184181e-10,1.17858731783419990e+00,5.26289613587993865e-01
863,5.93750000000000000e+00,1.87500000000000000e-01,3.12500000000000000e-01,1.17858731837588482e+00,-4.54898480355054717e-10,-5.25840646268861553e-10,1.17858731837588482e+00,1.75429871778059993e-01
864,6.25000000000000000e-02,3.12500000000000000e-01,3.12500000000000000e-01,1.07394321415323390e+00,1.27739108052721928e-01,1.27739108052722011e-01,1.08903103109047761e+00,1.72244910135669862e+01
865,1.87500000000000000e-01,3.12500000000000000e-01,3.12500000000000000e-01,1.24615491230609865e+00,1.63336217392261729e-01,1.63336217392262145e-01,1.26738293553631420e+00,1.68729782465531848e+01
866,3.12500000000000000e-01,3.12500000000000000e-01,3.12500000000000000e-01,1.41236960444886916e+00,1.43345049323059109e-01,1.43345049323059220e-01,1.42684389682330548e+00,1.63440946308378727e+01
867,4.37500000000000000e-01,3.12500000000000000e-01,3.12500000000000000e-01,1.50087912171598359e+00,1.07553336022444421e-01,1.07553336022444546e-01,1.50856672977434303e+00,1.58662127898237504e+01
868,5.62500000000000000e-01,3.12500000000000000e-01,3.12500000000000000e-01,1.54668012446483227e+00,7.19111689642487339e-02,7.19111689642487756e-02,1.55001994821297662e+00,1.54198827404996770e+01
869,6.87500000000000000e-01,3.12500000000000000e-01,3.12500000000000000e-01,1.56987262271430428e+00,4.45335654049682159e-02,4.45335654049682020e-02,1.57113542651270044e+00,1.50014022007691530e+01
870,8.12500000000000000e-01,3.12500000000000000e-01,3.12500000000000000e-01,1.58031816344263110e+00,2.63318145029544370e-02,2.63318145029543919e-02,1.58075685246552933e+00,1.46103936455700367e+01
871,9.37500000000000000e-01,3.12500000000000000e-01,3.12500000000000000e-01,1.58471219506123884e+00,1.50961962346888075e-02,1.50961962346887989e-02,1.58485599707270652e+00,1.42372183299601467e+01
872,1.06250000000000000e+00,3.12500000000000000e-01,3.12500000000000000e-01,1.58657972061199692e+00,8.45909994987404691e-03,8.45909994987426549e-03,1.58662482099618196e+00,1.38738468612971477e+01
873,1.18750000000000000e+00,3.12500000000000000e-01,3.12500000000000000e-01,1.58735288625416326e+00,4.66417316906573513e-03,4.66417316906580972e-03,1.58736659109423250e+00,1.35160819992221075e+01
874,1.31250000000000000e+00,3.12500000000000000e-01,3.12500000000000000e-01,1.58765213795219107e+00,2.54304021336446053e-03,2.54304021336441109e-03,1.58765621129110213e+00,1.31615048819292948e+01
875,1.43750000000000000e+00,3.12500000000000000e-01,3.12500000000000000e-01,1.58776274962554420e+00,1.37513312073269333e-03,1.37513312073237804e-03,1.58776394060347270e+00,1.28086555985534130e+01
876,1.56250000000000000e+00,3.12500000000000000e-01,3.12500000000000000e-01,1.58780179281976452e+00,7.39136236149654890e-04,7.39136236149609571e-04,1.58780213689439575e+00,1.24567307991670013e+01
877,1.68750000000000000e+00,3.12500000000000000e-01,3.12500000000000000e-01,1.58781391985478204e+00,3.95626024231818480e-04,3.95626024231565698e-04,1.58781401843053116e+00,1.21053033277128570e+01
878,1.81250000000000000e+00,3.12500000000000000e-01,3.12500000000000000e-01,1.58781660789767343e+00,2.11127655810442193e-04,2.11127655810325641e-04,1.58781663597074330e+00,1.17541420858963512e+01
879,1.93750000000000000e+00,3.12500000000000000e-01,3.12500000000000000e-01,1.58781642974238602e+00,1.12419974200674675e-04,1.12419974200213781e-04,1.58781643770190217e+00,1.14031221933693381e+01
880,2.06250000000000000e+00,3.12500000000000000e-01,3.12500000000000000e-01,1.58781585475376219e+00,5.97632584327565080e-05,5.97632584328058595e-05,1.58781585700317085e+00,1.10521774429303896e+01
881,2.18750000000000000e+00,3.12500000000000000e-01,3.12500000000000000e-01,1.58781525068800256e+00,3.17298479979271887e-05,3.17298479976694874e-05,1.58781525132207069e+00,1.07012727408388191e+01
882,2.31250000000000000e+00,3.12500000000000000e-01,3.12500000000000000e-01,1.58781481893489373e+00,1.68275799828800038e-05,1.68275799826163122e-05,1.58781481911323152e+00,1.03503891726862776e+01
883,2.43750000000000000e+00,3.12500000000000000e-01,3.12500000000000000e-01,1.58781454841890279e+00,8.91544373272817563e-06,8.91544373216534088e-06,1.58781454846896231e+00,9.99951680543398602e+00
884,2.56250000000000000e+00,3.12500000000000000e-01,3.12500000000000000e-01,1.58781438702610322e+00,4.71898661937096814e-06,4.71898661916450979e-06,1.58781438704012801e+00,9.64865038539478270e+00
885,2.68750000000000000e+00,3.12500000000000000e-01,3.12500000000000000e-01,1.58781429382956407e+00,2.49531228349627008e-06,2.49531228350874815e-06,1.58781429383348560e+00,9.29778711501082888e+00
886,2.81250000000000000e+00,3.12500000000000000e-01,3.12500000000000000e-01,1.58781424126854320e+00,1.31808198344130957e-06,1.31808198444855625e-06,1.58781424126963744e+00,8.94692550992382074e+00
887,2.93750000000000000e+00,3.12500000000000000e-01,3.12500000000000000e-01,1.58781421200814843e+00,6.95444587047128915e-07,6.95444588137767903e-07,1.58781421200845307e+00,8.59606478503635252e+00
888,3.06250000000000000e+00,3.12500000000000000e-01,3.12500000000000000e-01,1.58781419582502048e+00,3.66462467647567716e-07,3.66462469351520655e-07,1.58781419582510486e+00,8.24520452507237245e+00
889,3.18750000000000000e+00,3.12500000000000000e-01,3.12500000000000000e-01,1.58781418690843901e+00,1.92824790588187713e-07,1.92824792184297264e-07,1.58781418690846254e+00,7.89434451038064644e+00
890,3.31250000000000000e+00,3.12500000000000000e-01,3.12500000000000000e-01,1.58781418200329960e+00,1.01285039363005875e-07,1.01285041403617711e-07,1.58781418200330604e+00,7.54348462491839555e+00
891,3.43750000000000000e+00,3.12500000000000000e-01,3.12500000000000000e-01,1.58781417930265056e+00,5.30881658315117385e-08,5.30881672652768578e-08,1.58781417930265212e+00,7.19262480745457466e+00
892,3.56250000000000000e+00,3.12500000000000000e-01,3.12500000000000000e-01,1.58781417781127265e+00,2.77484776008879434e-08,2.77484789802861703e-08,1.58781417781127332e+00,6.84176502571118750e+00
893,3.68750000000000000e+00,3.12500000000000000e-01,3.12500000000000000e-01,1.58781417698340643e+00,1.44486516642703676e-08,1.44486518040533313e-08,1.58781417698340643e+00,6.49090526269202694e+00
894,3.81250000000000000e+00,3.12500000000000000e-01,3.12500000000000000e-01,1.58781417652014656e+00,7.48287706439340216e-09,7.48287634416469013e-09,1.58781417652014656e+00,6.14004550946074801e+00
895,3.93750000000000000e+00,3.12500000000000000e-01,3.12500000000000000e-01,1.58781417625789811e+00,3.84483947718042035e-09,3.84483786658221043e-09,1.58781417625789811e+00,5.78918576132655449e+00
896,4.06250000000000000e+00,3.12500000000000000e-01,3.12500000000000000e-01,1.58781417610709852e+00,1.95232340337850546e-09,1.95232131422443866e-09,1.58781417610709852e+00,5.43832601583235586e+00
897,4.18750000000000000e+00,3.12500000000000000e-01,3.12500000000000000e-01,1.58781417601864328e+00,9.73563494158220946e-10,9.73560936541041436e-10,1.58781417601864328e+00,5.08746627169455934e+00
898,4.31250000000000000e+00,3.12500000000000000e-01,3.12500000000000000e-01,1.58781417596548646e+00,4.71831323653289911e-10,4.71828988975954291e-10,1.58781417596548646e+00,4.73660652824538886e+00
899,4.43750000000000000e+00,3.12500000000000000e-01,3.12500000000000000e-01,1.58781417593268248e+00,2.18115362339094747e-10,2.18113378009488494e-10,1.58781417593268248e+00,4.38574678513951799e+00
900,4.56250000000000000e+00,3.12500000000000000e-01,3.12500000000000000e-01,1.58781417591206475e+00,9.25806899780621000e-11,9.25796155126088364e-11,1.58781417591206475e+00,4.03488704219976935e+00
901,4.68750000000000000e+00,3.12500000000000000e-01,3.12500000000000000e-01,1.58781417589887641e+00,3.30326570277969039e-11,3.30321690497211606e-11,1.58781417589887641e+00,3.68402729933538797e+00
902,4.81250000000000000e+00,3.12500000000000000e-01,3.12500000000000000e-01,1.58781417589051466e+00,7.02178237242467752e-12,7.02223184605168469e-12,1.58781417589051466e+00,3.33316755650164742e+00
903,4.93750000000000000e+00,3.12500000000000000e-01,3.12500000000000000e-01,1.58781417588553175e+00,-3.68838780431344936e-12,-3.68730385818447885e-12,1.58781417588553175e+00,2.98230781367932085e+00
904,5.06250000000000000e+00,3.12500000000000000e-01,3.12500000000000000e-01,1.58781417588242846e+00,-9.08783138903179961e-12,-9.08633327989567491e-12,1.58781417588242846e+00,2.63144807085939725e+00
905,5.18750000000000000e+00,3.12500000000000000e-01,3.12500000000000000e-01,1.58781417588085350e+00,-1.43644752216012589e-11,-1.43628065650853404e-11,1.58781417588085350e+00,2.28058832803808986e+00
906,5.31250000000000000e+00,3.12500000000000000e-01,3.12500000000000000e-01,1.58781417588069207e+00,-2.44772580723774598e-11,-2.44755985163405406e-11,1.58781417588069207e+00,1.92972858521611190e+00
907,5.43750000000000000e+00,3.12500000000000000e-01,3.12500000000000000e-01,1.58781417588016538e+00,-4.77646201690836300e-11,-4.77633298287350796e-11,1.58781417588016538e+00,1.57886884239231429e+00
908,5.56250000000000000e+00,3.12500000000000000e-01,3.12500000000000000e-01,1.58781417587250862e+00,-1.05553246564132925e-10,-1.05552462744338319e-10,1.58781417587250862e+00,1.22800909956083415e+00
909,5.68750000000000000e+00,3.12500000000000000e-01,3.12500000000000000e-01,1.58781417585812168e+00,-2.46941115098005477e-10,-2.46941053051167463e-10,1.58781417585812168e+00,8.77149356823070936e-01
910,5.81250000000000000e+00,3.12500000000000000e-01,3.12500000000000000e-01,1.58781417583380224e+00,-4.68380731635831588e-10,-4.68381281165971979e-10,1.58781417583380224e+00,5.26289614283043550e-01
911,5.93750000000000000e+00,3.12500000000000000e-01,3.12500000000000000e-01,1.58781417551276105e+00,-7.19745863037798967e-10,-7.19747006260179593e-10,1.58781417551276105e+00,1.75429870938159871e-01
912,6.25000000000000000e-02,4.37500000000000000e-01,3.12500000000000000e-01,1.07324300491449254e+00,3.77496791246496322e-02,1.28595642335341376e-01,1.08157867263530227e+00,1.70505489075895724e+01
913,1.87500000000000000e-01,4.37500000000000000e-01,3.12500000000000000e-01,1.24424515274183056e+00,5.50622149763526914e-02,1.63902439832953328e-01,1.25620136022169571e+00,1.68046064694867034e+01
914,3.12500000000000000e-01,4.37500000000000000e-01,3.12500000000000000e-01,1.44235996794672294e+00,5.26638382211936859e-02,1.44351406958107470e-01,1.45052165984594805e+00,1.63251771418459342e+01
915,4.37500000000000000e-01,4.37500000000000000e-01,3.12500000000000000e-01,1.57696444808238789e+00,4.32744143566151998e-02,1.09888617677277353e-01,1.58138074281582197e+00,1.58644211406065843e+01
916,5.62500000000000000e-01,4.37500000000000000e-01,3.12500000000000000e-01,1.66152940947482075e+00,3.08961956533432801e-02,7.48473475323227083e-02,1.66350133119520560e+00,1.54270294370601633e+01
917,6.87500000000000000e-01,4.37500000000000000e-01,3.12500000000000000e-01,1.71316226016724138e+00,2.00754871834061890e-02,4.72449181436718560e-02,1.71393116464383843e+00,1.50095426976445125e+01
918,8.12500000000000000e-01,4.37500000000000000e-01,3.12500000000000000e-01,1.74260468166571192e+00,1.23297118074115527e-02,2.85228245815205179e-02,1.74288170851570401e+00,1.46163837027008885e+01
919,9.37500000000000000e-01,4.37500000000000000e-01,3.12500000000000000e-01,1.75873877722385963e+00,7.29501758522650093e-03,1.67022909221488103e-02,1.75883321276194171e+00,1.42411596055226379e+01
920,1.06250000000000000e+00,4.37500000000000000e-01,3.12500000000000000e-01,1.76754623781556086e+00,4.19770455884683168e-03,9.54158976558848980e-03,1.76757697582729367e+00,1.38763134497636802e+01
921,1.18750000000000000e+00,4.37500000000000000e-01,3.12500000000000000e-01,1.77231410709880044e+00,2.36607930803257524e-03,5.35437775563664311e-03,1.77232377457220269e+00,1.35175505184402969e+01
922,1.31250000000000000e+00,4.37500000000000000e-01,3.12500000000000000e-01,1.77486321112426682e+00,1.31356921849723452e-03,2.96638128832833661e-03,1.77486617610578823e+00,1.31623490002763326e+01
923,1.43750000000000000e+00,4.37500000000000000e-01,3.12500000000000000e-01,1.77621962738355421e+00,7.20878124758262740e-04,1.62629779497583415e-03,1.77622051818245841e+00,1.28091312629322456e+01
924,1.56250000000000000e+00,4.37500000000000000e-01,3.12500000000000000e-01,1.77694076074831697e+00,3.92155209259635487e-04,8.84053140143980067e-04,1.77694102393536690e+00,1.24569945903001180e+01
925,1.68750000000000000e+00,4.37500000000000000e-01,3.12500000000000000e-01,1.77732333173977608e+00,2.11945338699724223e-04,4.77454905681387891e-04,1.77732340850802717e+00,1.21054476591192515e+01
926,1.81250000000000000e+00,4.37500000000000000e-01,3.12500000000000000e-01,1.77752592463849157e+00,1.13989650337144606e-04,2.56565587885538259e-04,1.77752594680962828e+00,1.17542203463225210e+01
927,1.93750000000000000e+00,4.37500000000000000e-01,3.12500000000000000e-01,1.77763316779634239e+00,6.10701202566390480e-05,1.37316363936392752e-04,1.77763317414898681e+00,1.14031644376487442e+01
928,2.06250000000000000e+00,4.37500000000000000e-01,3.12500000000000000e-01,1.77768995268862184e+00,3.26181425777039412e-05,7.32628919869738303e-05,1.77768995449754086e+00,1.10522001645441481e+01
929,2.18750000000000000e+00,4.37500000000000000e-01,3.12500000000000000e-01,1.77771999734203212e+00,1.73839568962252915e-05,3.89923102812163920e-05,1.77771999785465562e+00,1.07012848729565047e+01
930,2.31250000000000000e+00,4.37500000000000000e-01,3.12500000000000000e-01,1.77773589036677948e+00,9.24809380551272672e-06,2.07115347838842146e-05,1.77773589051148440e+00,1.03503956401914579e+01
931,2.43750000000000000e+00,4.37500000000000000e-01,3.12500000000000000e-01,1.77774429524901589e+00,4.91174494203989324e-06,1.09833959623462630e-05,1.77774429528973044e+00,9.99952025227677943e+00
932,2.56250000000000000e+00,4.37500000000000000e-01,3.12500000000000000e-01,1.77774873704124659e+00,2.60479587247363360e-06,5.81647465057240313e-06,1.77774873705267011e+00,9.64865222026764080e+00
933,2.68750000000000000e+00,4.37500000000000000e-01,3.12500000000000000e-01,1.77775108267993787e+00,1.37949502030036447e-06,3.07639834355167628e-06,1.77775108268313486e+00,9.29778809067595802e+00
934,2.81250000000000000e+00,4.37500000000000000e-01,3.12500000000000000e-01,1.77775232043232312e+00,7.29619750096456761e-07,1.62521609613136239e-06,1.77775232043321574e+00,8.94692602828228623e+00
935,2.93750000000000000e+00,4.37500000000000000e-01,3.12500000000000000e-01,1.77775297293158974e+00,3.85390830717097966e-07,8.57562066726843301e-07,1.77775297293183843e+00,8.59606506021294869e+00
936,3.06250000000000000e+00,4.37500000000000000e-01,3.12500000000000000e-01,1.77775331648524215e+00,2.03287643764706813e-07,4.51935704376537316e-07,1.77775331648531121e+00,8.24520467103112331e+00
937,3.18750000000000000e+00,4.37500000000000000e-01,3.12500000000000000e-01,1.77775349711652320e+00,1.07071476645195676e-07,2.37837785455661695e-07,1.77775349711654229e+00,7.89434458773078074e+00
938,3.31250000000000000e+00,4.37500000000000000e-01,3.12500000000000000e-01,1.77775359192706972e+00,5.62988229652605582e-08,1.24960085917806990e-07,1.77775359192707505e+00,7.54348466586830035e+00
939,3.43750000000000000e+00,4.37500000000000000e-01,3.12500000000000000e-01,1.77775364158583549e+00,2.95418323241634200e-08,6.55203789850281025e-08,1.77775364158583704e+00,7.19262482910858392e+00
940,3.56250000000000000e+00,4.37500000000000000e-01,3.12500000000000000e-01,1.77775366752334962e+00,1.54612256113844349e-08,3.42627963782391761e-08,1.77775366752335007e+00,6.84176503714593931e+00
941,3.68750000000000000e+00,4.37500000000000000e-01,3.12500000000000000e-01,1.77775368101981024e+00,8.06359040313009320e-09,1.78517054863715480e-08,1.77775368101981046e+00,6.49090526872025286e+00
942,3.81250000000000000e+00,4.37500000000000000e-01,3.12500000000000000e-01,1.77775368800508415e+00,4.18481192864694165e-09,9.25280693364750357e-09,1.77775368800508415e+00,6.14004551263196685e+00
943,3.93750000000000000e+00,4.37500000000000000e-01,3.12500000000000000e-01,1.77775369159209040e+00,2.15638124052127898e-09,4.75942891927692391e-09,1.77775369159209040e+00,5.78918576299018728e+00
944,4.06250000000000000e+00,4.37500000000000000e-01,3.12500000000000000e-01,1.77775369341242073e+00,1.09945330552069417e-09,2.42037397302172437e-09,1.77775369341242073e+00,5.43832601670180527e+00
945,4.18750000000000000e+00,4.37500000000000000e-01,3.12500000000000000e-01,1.77775369431955022e+00,5.51643451960639874e-10,1.20961204236981074e-09,1.77775369431955022e+00,5.08746627214660041e+00
946,4.31250000000000000e+00,4.37500000000000000e-01,3.12500000000000000e-01,1.77775369475870493e+00,2.69966171228854657e-10,5.88223678291314635e-10,1.77775369475870493e+00,4.73660652847871422e+00
947,4.43750000000000000e+00,4.37500000000000000e-01,3.12500000000000000e-01,1.77775369496123004e+00,1.26876936301010321e-10,2.73504763108650925e-10,1.77775369496123004e+00,4.38574678525882256e+00
948,4.56250000000000000e+00,4.37500000000000000e-01,3.12500000000000000e-01,1.77775369504694103e+00,5.55287006474730269e-11,1.17372696641749476e-10,1.77775369504694103e+00,4.03488704226032624e+00
949,4.68750000000000000e+00,4.37500000000000000e-01,3.12500000000000000e-01,1.77775369507656378e+00,2.11945688432752470e-11,4.28151812882645052e-11,1.77775369507656378e+00,3.68402729936578321e+00
950,4.81250000000000000e+00,4.37500000000000000e-01,3.12500000000000000e-01,1.77775369508137593e+00,5.85425320578830281e-12,1.00368013136080696e-11,1.77775369508137593e+00,3.33316755651621399e+00
951,4.93750000000000000e+00,4.37500000000000000e-01,3.12500000000000000e-01,1.77775369507877845e+00,-6.97500587548593067e-13,-3.39174301753463032e-12,1.77775369507877845e+00,2.98230781368678111e+00
952,5.06250000000000000e+00,4.37500000000000000e-01,3.12500000000000000e-01,1.77775369507126091e+00,-4.07550891490846201e-12,-1.02444675931817947e-11,1.77775369507126091e+00,2.63144807086581345e+00
953,5.18750000000000000e+00,4.37500000000000000e-01,3.12500000000000000e-01,1.77775369506119807e+00,-7.15914427494131518e-12,-1.69306886858911746e-11,1.77775369506119807e+00,2.28058832804797751e+00
954,5.31250000000000000e+00,4.37500000000000000e-01,3.12500000000000000e-01,1.77775369504732539e+00,-1.25311977035121290e-11,-2.92393724883018020e-11,1.77775369504732539e+00,1.92972858523855573e+00
955,5.43750000000000000e+00,4.37500000000000000e-01,3.12500000000000000e-01,1.77775369502122915e+00,-2.42830192801861329e-11,-5.73138880986864040e-11,1.77775369502122915e+00,1.57886884243869741e+00
956,5.56250000000000000e+00,4.37500000000000000e-01,3.12500000000000000e-01,1.77775369495512314e+00,-5.23344319091570811e-11,-1.26593998124932830e-10,1.77775369495512314e+00,1.22800909964035987e+00
957,5.68750000000000000e+00,4.37500000000000000e-01,3.12500000000000000e-01,1.77775369484515378e+00,-1.19560864339731743e-10,-2.95073756995487949e-10,1.77775369484515378e+00,8.77149357130081908e-01
958,5.81250000000000000e+00,4.37500000000000000e-01,3.12500000000000000e-01,1.77775369464614741e+00,-2.25692422492799713e-10,-5.53736728902161450e-10,1.77775369464614741e+00,5.26289615015808510e-01
959,5.93750000000000000e+00,4.37500000000000000e-01,3.12500000000000000e-01,1.77775369344733392e+00,-3.49752361832358111e-10,-8.15073660677617597e-10,1.77775369344733392e+00,1.75429869920553733e-01
960,6.25000000000000000e-02,5.62500000000000000e-01,3.12500000000000000e-01,1.07324300491449276e+00,-3.77496791246495211e-02,1.28595642335341515e-01,1.08157867263530250e+00,1.70505489075895724e+01
961,1.87500000000000000e-01,5.62500000000000000e-01,3.12500000000000000e-01,1.24424515274183167e+00,-5.50622149763528232e-02,1.63902439832953550e-01,1.25620136022169682e+00,1.68046064694867034e+01
962,3.12500000000000000e-01,5.62500000000000000e-01,3.12500000000000000e-01,1.44235996794672294e+00,-5.26638382211935957e-02,1.44351406958107165e-01,1.45052165984594805e+00,1.63251771418459306e+01
963,4.37500000000000000e-01,5.62500000000000000e-01,3.12500000000000000e-01,1.57696444808238811e+00,-4.32744143566153941e-02,1.09888617677277492e-01,1.58138074281582219e+00,1.58644211406065878e+01
964,5.62500000000000000e-01,5.62500000000000000e-01,3.12500000000000000e-01,1.66152940947482031e+00,-3.08961956533431691e-02,7.48473475323225557e-02,1.66350133119520494e+00,1.54270294370601579e+01
965,6.87500000000000000e-01,5.62500000000000000e-01,3.12500000000000000e-01,1.71316226016724071e+00,-2.00754871834059254e-02,4.72449181436718282e-02,1.71393116464383777e+00,1.50095426976445179e+01
966,8.12500000000000000e-01,5.62500000000000000e-01,3.12500000000000000e-01,1.74260468166571258e+00,-1.23297118074117296e-02,2.85228245815205769e-02,1.74288170851570468e+00,1.46163837027008814e+01
967,9.37500000000000000e-01,5.62500000000000000e-01,3.12500000000000000e-01,1.75873877722385785e+00,-7.29501758522627802e-03,1.67022909221486646e-02,1.75883321276193993e+00,1.42411596055226450e+01
968,1.06250000000000000e+00,5.62500000000000000e-01,3.12500000000000000e-01,1.76754623781556197e+00,-4.19770455884697566e-03,9.54158976558854011e-03,1.76757697582729478e+00,1.38763134497636749e+01
969,1.18750000000000000e+00,5.62500000000000000e-01,3.12500000000000000e-01,1.77231410709879911e+00,-2.36607930803275782e-03,5.35437775563666393e-03,1.77232377457220136e+00,1.35175505184402969e+01
970,1.31250000000000000e+00,5.62500000000000000e-01,3.12500000000000000e-01,1.77486321112426881e+00,-1.31356921849709054e-03,2.96638128832819913e-03,1.77486617610579023e+00,1.31623490002763326e+01
971,1.43750000000000000e+00,5.62500000000000000e-01,3.12500000000000000e-01,1.77621962738355421e+00,-7.20878124758239755e-04,1.62629779497607658e-03,1.77622051818245841e+00,1.28091312629322420e+01
972,1.56250000000000000e+00,5.62500000000000000e-01,3.12500000000000000e-01,1.77694076074831808e+00,-3.92155209259539210e-04,8.84053140143879995e-04,1.77694102393536801e+00,1.24569945903001233e+01
973,1.68750000000000000e+00,5.62500000000000000e-01,3.12500000000000000e-01,1.77732333173977564e+00,-2.11945338699836194e-04,4.77454905681786715e-04,1.77732340850802673e+00,1.21054476591192461e+01
974,1.81250000000000000e+00,5.62500000000000000e-01,3.12500000000000000e-01,1.77752592463849224e+00,-1.13989650336806308e-04,2.56565587885308299e-04,1.77752594680962894e+00,1.17542203463225281e+01
975,1.93750000000000000e+00,5.62500000000000000e-01,3.12500000000000000e-01,1.77763316779634239e+00,-6.10701202564622011e-05,1.37316363936508708e-04,1.77763317414898681e+00,1.14031644376487389e+01
976,2.06250000000000000e+00,5.62500000000000000e-01,3.12500000000000000e-01,1.77768995268862207e+00,-3.26181425769509628e-05,7.32628919866744549e-05,1.77768995449754108e+00,1.10522001645441534e+01
977,2.18750000000000000e+00,5.62500000000000000e-01,3.12500000000000000e-01,1.77771999734203279e+00,-1.73839568955551360e-05,3.89923102813539638e-05,1.77771999785465629e+00,1.07012848729564993e+01
978,2.31250000000000000e+00,5.62500000000000000e-01,3.12500000000000000e-01,1.77773589036677993e+00,-9.24809380428872684e-06,2.07115347837848136e-05,1.77773589051148506e+00,1.03503956401914614e+01
979,2.43750000000000000e+00,5.62500000000000000e-01,3.12500000000000000e-01,1.77774429524901678e+00,-4.91174494074402092e-06,1.09833959624684254e-05,1.77774429528973132e+00,9.99952025227677943e+00
980,2.56250000000000000e+00,5.62500000000000000e-01,3.12500000000000000e-01,1.77774873704124747e+00,-2.60479587147643738e-06,5.81647465051723672e-06,1.77774873705267100e+00,9.64865222026764080e+00
981,2.68750000000000000e+00,5.62500000000000000e-01,3.12500000000000000e-01,1.77775108267993853e+00,-1.37949501940041844e-06,3.07639834343000635e-06,1.77775108268313575e+00,9.29778809067595802e+00
982,2.81250000000000000e+00,5.62500000000000000e-01,3.12500000000000000e-01,1.77775232043232401e+00,-7.29619749662896383e-07,1.62521609602194076e-06,1.77775232043321663e+00,8.94692602828228623e+00
983,2.93750000000000000e+00,5.62500000000000000e-01,3.12500000000000000e-01,1.77775297293158996e+00,-3.85390830779724247e-07,8.57562066831391307e-07,1.77775297293183865e+00,8.59606506021294869e+00
984,3.06250000000000000e+00,5.62500000000000000e-01,3.12500000000000000e-01,1.77775331648524304e+00,-2.03287644446355969e-07,4.51935704228821652e-07,1.77775331648531210e+00,8.24520467103112509e+00
985,3.18750000000000000e+00,5.62500000000000000e-01,3.12500000000000000e-01,1.77775349711652320e+00,-1.07071478214207770e-07,2.37837785460156104e-07,1.77775349711654229e+00,7.89434458773077719e+00
986,3.31250000000000000e+00,5.62500000000000000e-01,3.12500000000000000e-01,1.77775359192707016e+00,-5.62988251519952057e-08,1.24960085751340663e-07,1.77775359192707527e+00,7.54348466586830302e+00
987,3.43750000000000000e+00,5.62500000000000000e-01,3.12500000000000000e-01,1.77775364158583593e+00,-2.95418350723905768e-08,6.55203791764125764e-08,1.77775364158583749e+00,7.19262482910857948e+00
988,3.56250000000000000e+00,5.62500000000000000e-01,3.12500000000000000e-01,1.77775366752334918e+00,-1.54612281752660012e-08,3.42627963421210030e-08,1.77775366752334962e+00,6.84176503714594375e+00
989,3.68750000000000000e+00,5.62500000000000000e-01,3.12500000000000000e-01,1.77775368101981002e+00,-8.06359287382967256e-09,1.78517056682391270e-08,1.77775368101981002e+00,6.49090526872024842e+00
990,3.81250000000000000e+00,5.62500000000000000e-01,3.12500000000000000e-01,1.77775368800508327e+00,-4.18481346457523094e-09,9.25280689095880658e-09,1.77775368800508327e+00,6.14004551263197129e+00
991,3.93750000000000000e+00,5.62500000000000000e-01,3.12500000000000000e-01,1.77775369159208907e+00,-2.15638180643702823e-09,4.75942917333169387e-09,1.77775369159208907e+00,5.78918576299018284e+00
992,4.06250000000000000e+00,5.62500000000000000e-01,3.12500000000000000e-01,1.77775369341241962e+00,-1.09945274664292162e-09,2.42037404202025815e-09,1.77775369341241962e+00,5.43832601670180793e+00
993,4.18750000000000000e+00,5.62500000000000000e-01,3.12500000000000000e-01,1.77775369431955044e+00,-5.51642227100880202e-10,1.20961223823635661e-09,1.77775369431955044e+00,5.08746627214659863e+00
994,4.31250000000000000e+00,5.62500000000000000e-01,3.12500000000000000e-01,1.77775369475870360e+00,-2.69964329121312941e-10,5.88223698592755780e-10,1.77775369475870360e+00,4.73660652847871688e+00
995,4.43750000000000000e+00,5.62500000000000000e-01,3.12500000000000000e-01,1.77775369496123092e+00,-1.26874842803944942e-10,2.73504654227948899e-10,1.77775369496123092e+00,4.38574678525881989e+00
996,4.56250000000000000e+00,5.62500000000000000e-01,3.12500000000000000e-01,1.77775369504693947e+00,-5.55269497117654305e-11,1.17372551111443055e-10,1.77775369504693947e+00,4.03488704226032890e+00
997,4.68750000000000000e+00,5.62500000000000000e-01,3.12500000000000000e-01,1.77775369507656467e+00,-2.11937232499420317e-11,4.28151249554215993e-11,1.77775369507656467e+00,3.68402729936578099e+00
998,4.81250000000000000e+00,5.62500000000000000e-01,3.12500000000000000e-01,1.77775369508137548e+00,-5.85446733314094262e-12,1.00367580280299693e-11,1.77775369508137548e+00,3.33316755651621621e+00
999,4.93750000000000000e+00,5.62500000000000000e-01,3.12500000000000000e-01,1.77775369507877801e+00,6.96387852284968297e-13,-3.39191218394592629e-12,1.77775369507877801e+00,2.98230781368678066e+00
1000,5.06250000000000000e+00,5.62500000000000000e-01,3.12500000000000000e-01,1.77775369507126002e+00,4.07377715765643586e-12,-1.02445841767192213e-11,1.77775369507126002e+00,2.63144807086581345e+00
1001,5.18750000000000000e+00,5.62500000000000000e-01,3.12500000000000000e-01,1.77775369506119785e+00,7.15722553142943623e-12,-1.69307976599230460e-11,1.77775369506119785e+00,2.28058832804797706e+00
1002,5.31250000000000000e+00,5.62500000000000000e-01,3.12500000000000000e-01,1.77775369504732539e+00,1.25295476164894964e-11,-2.92392652606127997e-11,1.77775369504732539e+00,1.92972858523855417e+00
1003,5.43750000000000000e+00,5.62500000000000000e-01,3.12500000000000000e-01,1.77775369502122893e+00,2.42820296992176401e-11,-5.73138720307086210e-11,1.77775369502122893e+00,1.57886884243869829e+00
1004,5.56250000000000000e+00,5.62500000000000000e-01,3.12500000000000000e-01,1.77775369495512225e+00,5.23342372423861872e-11,-1.26593748295820019e-10,1.77775369495512225e+00,1.22800909964035809e+00
1005,5.68750000000000000e+00,5.62500000000000000e-01,3.12500000000000000e-01,1.77775369484515378e+00,1.19561865065774051e-10,-2.95073646878106756e-10,1.77775369484515378e+00,8.77149357130083018e-01
1006,5.81250000000000000e+00,5.62500000000000000e-01,3.12500000000000000e-01,1.77775369464614719e+00,2.25694697166555002e-10,-5.53736553339024484e-10,1.77775369464614719e+00,5.26289615015807177e-01
1007,5.93750000000000000e+00,5.62500000000000000e-01,3.12500000000000000e-01,1.77775369344733436e+00,3.49756254314340742e-10,-8.15073617994596925e-10,1.77775369344733436e+00,1.75429869920554704e-01
1008,6.25000000000000000e-02,6.87500000000000000e-01,3.12500000000000000e-01,1.07394321415323413e+00,-1.27739108052721984e-01,1.27739108052721817e-01,1.08903103109047783e+00,1.72244910135669826e+01
1009,1.87500000000000000e-01,6.87500000000000000e-01,3.12500000000000000e-01,1.24615491230609887e+00,-1.63336217392261673e-01,1.63336217392261590e-01,1.26738293553631443e+00,1.68729782465531812e+01
1010,3.12500000000000000e-01,6.87500000000000000e-01,3.12500000000000000e-01,1.41236960444886961e+00,-1.43345049323059887e-01,1.43345049323059887e-01,1.42684389682330592e+00,1.63440946308378798e+01
1011,4.37500000000000000e-01,6.87500000000000000e-01,3.12500000000000000e-01,1.50087912171598248e+00,-1.07553336022444462e-01,1.07553336022444296e-01,1.50856672977434192e+00,1.58662127898237451e+01
1012,5.62500000000000000e-01,6.87500000000000000e-01,3.12500000000000000e-01,1.54668012446483139e+00,-7.19111689642487756e-02,7.19111689642487895e-02,1.55001994821297573e+00,1.54198827404996823e+01
1013,6.87500000000000000e-01,6.87500000000000000e-01,3.12500000000000000e-01,1.56987262271430472e+00,-4.45335654049679244e-02,4.45335654049678828e-02,1.57113542651270088e+00,1.50014022007691477e+01
1014,8.12500000000000000e-01,6.87500000000000000e-01,3.12500000000000000e-01,1.58031816344263132e+00,-2.63318145029543885e-02,2.63318145029545897e-02,1.58075685246552933e+00,1.46103936455700421e+01
1015,9.37500000000000000e-01,6.87500000000000000e-01,3.12500000000000000e-01,1.58471219506123973e+00,-1.50961962346889186e-02,1.50961962346887121e-02,1.58485599707270741e+00,1.42372183299601414e+01
1016,1.06250000000000000e+00,6.87500000000000000e-01,3.12500000000000000e-01,1.58657972061199581e+00,-8.45909994987418222e-03,8.45909994987424640e-03,1.58662482099618063e+00,1.38738468612971513e+01
1017,1.18750000000000000e+00,6.87500000000000000e-01,3.12500000000000000e-01,1.58735288625416482e+00,-4.66417316906573599e-03,4.66417316906565706e-03,1.58736659109423406e+00,1.35160819992221057e+01
1018,1.31250000000000000e+00,6.87500000000000000e-01,3.12500000000000000e-01,1.58765213795218929e+00,-2.54304021336452211e-03,2.54304021336452949e-03,1.58765621129110057e+00,1.31615048819292930e+01
1019,1.43750000000000000e+00,6.87500000000000000e-01,3.12500000000000000e-01,1.58776274962554598e+00,-1.37513312073260681e-03,1.37513312073235441e-03,1.58776394060347448e+00,1.28086555985534147e+01
1020,1.56250000000000000e+00,6.87500000000000000e-01,3.12500000000000000e-01,1.58780179281976297e+00,-7.39136236149712678e-04,7.39136236149829338e-04,1.58780213689439442e+00,1.24567307991669978e+01
1021,1.68750000000000000e+00,6.87500000000000000e-01,3.12500000000000000e-01,1.58781391985478337e+00,-3.95626024231701982e-04,3.95626024231374553e-04,1.58781401843053227e+00,1.21053033277128623e+01
1022,1.81250000000000000e+00,6.87500000000000000e-01,3.12500000000000000e-01,1.58781660789767298e+00,-2.11127655810475125e-04,2.11127655810385218e-04,1.58781663597074285e+00,1.17541420858963441e+01
1023,1.93750000000000000e+00,6.87500000000000000e-01,3.12500000000000000e-01,1.58781642974238624e+00,-1.12419974200283942e-04,1.12419974200149515e-04,1.58781643770190217e+00,1.14031221933693434e+01
1024,2.06250000000000000e+00,6.87500000000000000e-01,3.12500000000000000e-01,1.58781585475376241e+00,-5.97632584325431167e-05,5.97632584329211509e-05,1.58781585700317129e+00,1.10521774429303825e+01
1025,2.18750000000000000e+00,6.87500000000000000e-01,3.12500000000000000e-01,1.58781525068800322e+00,-3.17298479973517620e-05,3.17298479974351710e-05,1.58781525132207135e+00,1.07012727408388226e+01
1026,2.31250000000000000e+00,6.87500000000000000e-01,3.12500000000000000e-01,1.58781481893489551e+00,-1.68275799820640637e-05,1.68275799827203584e-05,1.58781481911323308e+00,1.03503891726862758e+01
1027,2.43750000000000000e+00,6.87500000000000000e-01,3.12500000000000000e-01,1.58781454841890390e+00,-8.91544373172438399e-06,8.91544373212500517e-06,1.58781454846896342e+00,9.99951680543398957e+00
1028,2.56250000000000000e+00,6.87500000000000000e-01,3.12500000000000000e-01,1.58781438702610433e+00,-4.71898661806988996e-06,4.71898661923941715e-06,1.58781438704012912e+00,9.64865038539478093e+00
1029,2.68750000000000000e+00,6.87500000000000000e-01,3.12500000000000000e-01,1.58781429382956696e+00,-2.49531228264923121e-06,2.49531228336308305e-06,1.58781429383348849e+00,9.29778711501083066e+00
1030,2.81250000000000000e+00,6.87500000000000000e-01,3.12500000000000000e-01,1.58781424126854498e+00,-1.31808198295926439e-06,1.31808198412645694e-06,1.58781424126963921e+00,8.94692550992382252e+00
1031,2.93750000000000000e+00,6.87500000000000000e-01,3.12500000000000000e-01,1.58781421200815087e+00,-6.95444587077281594e-07,6.95444587802771348e-07,1.58781421200845552e+00,8.59606478503635429e+00
1032,3.06250000000000000e+00,6.87500000000000000e-01,3.12500000000000000e-01,1.58781419582502226e+00,-3.66462468371968239e-07,3.66462469481790246e-07,1.58781419582510686e+00,8.24520452507237067e+00
1033,3.18750000000000000e+00,6.87500000000000000e-01,3.12500000000000000e-01,1.58781418690844078e+00,-1.92824791732138345e-07,1.92824792167435141e-07,1.58781418690846432e+00,7.89434451038064999e+00
1034,3.31250000000000000e+00,6.87500000000000000e-01,3.12500000000000000e-01,1.58781418200330027e+00,-1.01285040964322363e-07,1.01285041407396973e-07,1.58781418200330671e+00,7.54348462491839022e+00
1035,3.43750000000000000e+00,6.87500000000000000e-01,3.12500000000000000e-01,1.58781417930265123e+00,-5.30881678023372377e-08,5.30881672749425625e-08,1.58781417930265278e+00,7.19262480745457999e+00
1036,3.56250000000000000e+00,6.87500000000000000e-01,3.12500000000000000e-01,1.58781417781127177e+00,-2.77484796620896115e-08,2.77484790475732103e-08,1.58781417781127243e+00,6.84176502571118128e+00
1037,3.68750000000000000e+00,6.87500000000000000e-01,3.12500000000000000e-01,1.58781417698340466e+00,-1.44486531915635646e-08,1.44486519179325965e-08,1.58781417698340466e+00,6.49090526269203050e+00
1038,3.81250000000000000e+00,6.87500000000000000e-01,3.12500000000000000e-01,1.58781417652014478e+00,-7.48287817628543076e-09,7.48287673649672267e-09,1.58781417652014478e+00,6.14004550946074179e+00
1039,3.93750000000000000e+00,6.87500000000000000e-01,3.12500000000000000e-01,1.58781417625789545e+00,-3.84483995165205268e-09,3.84483821254050846e-09,1.58781417625789545e+00,5.78918576132655716e+00
1040,4.06250000000000000e+00,6.87500000000000000e-01,3.12500000000000000e-01,1.58781417610709674e+00,-1.95232311593765809e-09,1.95232172357333251e-09,1.58781417610709674e+00,5.43832601583235231e+00
1041,4.18750000000000000e+00,6.87500000000000000e-01,3.12500000000000000e-01,1.58781417601863994e+00,-9.73562503038358537e-10,9.73561202598798894e-10,1.58781417601863994e+00,5.08746627169456200e+00
1042,4.31250000000000000e+00,6.87500000000000000e-01,3.12500000000000000e-01,1.58781417596548491e+00,-4.71829842260761360e-10,4.71829066688161877e-10,1.58781417596548491e+00,4.73660652824538708e+00
1043,4.43750000000000000e+00,6.87500000000000000e-01,3.12500000000000000e-01,1.58781417593268115e+00,-2.18113837176276527e-10,2.18113080831434109e-10,1.58781417593268115e+00,4.38574678513952154e+00
1044,4.56250000000000000e+00,6.87500000000000000e-01,3.12500000000000000e-01,1.58781417591206453e+00,-9.25797416201412772e-11,9.25793152471605368e-11,1.58781417591206453e+00,4.03488704219976757e+00
1045,4.68750000000000000e+00,6.87500000000000000e-01,3.12500000000000000e-01,1.58781417589887575e+00,-3.30322140737393450e-11,3.30319744098848184e-11,1.58781417589887575e+00,3.68402729933539019e+00
1046,4.81250000000000000e+00,6.87500000000000000e-01,3.12500000000000000e-01,1.58781417589051532e+00,-7.02206262773597861e-12,7.02194104676988037e-12,1.58781417589051532e+00,3.33316755650164565e+00
1047,4.93750000000000000e+00,6.87500000000000000e-01,3.12500000000000000e-01,1.58781417588553175e+00,3.68757645364721935e-12,-3.68751134254674996e-12,1.58781417588553175e+00,2.98230781367932174e+00
1048,5.06250000000000000e+00,6.87500000000000000e-01,3.12500000000000000e-01,1.58781417588242890e+00,9.08664801662084531e-12,-9.08657279288929870e-12,1.58781417588242890e+00,2.63144807085939725e+00
1049,5.18750000000000000e+00,6.87500000000000000e-01,3.12500000000000000e-01,1.58781417588085128e+00,1.43630331840614016e-11,-1.43628871698084751e-11,1.58781417588085128e+00,2.28058832803808986e+00
1050,5.31250000000000000e+00,6.87500000000000000e-01,3.12500000000000000e-01,1.58781417588069029e+00,2.44760179694222098e-11,-2.44755764228769155e-11,1.58781417588069029e+00,1.92972858521611146e+00
1051,5.43750000000000000e+00,6.87500000000000000e-01,3.12500000000000000e-01,1.58781417588016360e+00,4.77638052798006642e-11,-4.77630679608141397e-11,1.58781417588016360e+00,1.57886884239231096e+00
1052,5.56250000000000000e+00,6.87500000000000000e-01,3.12500000000000000e-01,1.58781417587250639e+00,1.05553162011999511e-10,-1.05552143575398844e-10,1.58781417587250639e+00,1.22800909956083526e+00
1053,5.68750000000000000e+00,6.87500000000000000e-01,3.12500000000000000e-01,1.58781417585811946e+00,2.46941921468715373e-10,-2.46940639057477927e-10,1.58781417585811946e+00,8.77149356823068715e-01
1054,5.81250000000000000e+00,6.87500000000000000e-01,3.12500000000000000e-01,1.58781417583379958e+00,4.68382597588262374e-10,-4.68381011305112275e-10,1.58781417583379958e+00,5.26289614283043328e-01
1055,5.93750000000000000e+00,6.87500000000000000e-01,3.12500000000000000e-01,1.58781417551276149e+00,7.19748806254521838e-10,-7.19746827514942194e-10,1.58781417551276149e+00,1.75429870938159843e-01
1056,6.25000000000000000e-02,8.12500000000000000e-01,3.12500000000000000e-01,1.03248328056189487e+00,-2.13757250699293966e-01,1.18441353672103955e-01,1.06101000990850869e+00,1.77610915830845322e+01
1057,1.87500000000000000e-01,8.12500000000000000e-01,3.12500000000000000e-01,1.17512859663390934e+00,-2.24338203001117953e-01,1.49138421501161605e-01,1.20561068206963484e+00,1.70436916198515114e+01
1058,3.12500000000000000e-01,8.12500000000000000e-01,3.12500000000000000e-01,1.23855987151454827e+00,-1.70409899960469791e-01,1.26756774411902917e-01,1.25663732603722300e+00,1.63750431090155075e+01
1059,4.37500000000000000e-01,8.12500000000000000e-01,3.12500000000000000e-01,1.23053089322204601e+00,-1.09438871096000923e-01,9.02931640323659523e-02,1.23868317222427349e+00,1.58672296774737305e+01
1060,5.62500000000000000e-01,8.12500000000000000e-01,3.12500000000000000e-01,1.21742150482096556e+00,-6.39606008486507394e-02,5.76541419727936710e-02,1.22046305923124265e+00,1.54088341419372838e+01
1061,6.87500000000000000e-01,8.12500000000000000e-01,3.12500000000000000e-01,1.20516422428236103e+00,-3.54289848112728234e-02,3.42712483969280710e-02,1.20617185298014085e+00,1.49897612402220037e+01
1062,8.12500000000000000e-01,8.12500000000000000e-01,3.12500000000000000e-01,1.19518345363399181e+00,-1.91188938474193097e-02,1.94798800915626409e-02,1.19549507973508895e+00,1.46020580220635470e+01
1063,9.37500000000000000e-01,8.12500000000000000e-01,3.12500000000000000e-01,1.18833750209556888e+00,-1.01604028346293507e-02,1.07682179200384934e-02,1.18842972328601393e+00,1.42318556865183314e+01
1064,1.06250000000000000e+00,8.12500000000000000e-01,3.12500000000000000e-01,1.18416382046948310e+00,-5.34940693746828108e-03,5.84839391090462204e-03,1.18419034516195998e+00,1.38705705095222847e+01
1065,1.18750000000000000e+00,8.12500000000000000e-01,3.12500000000000000e-01,1.18171732388410966e+00,-2.80574989511725176e-03,3.13786803031135481e-03,1.18172482076669239e+00,1.35141743263053034e+01
1066,1.31250000000000000e+00,8.12500000000000000e-01,3.12500000000000000e-01,1.18031435836821430e+00,-1.46987073539997753e-03,1.67009263297502697e-03,1.18031645515071548e+00,1.31604260661598538e+01
1067,1.43750000000000000e+00,8.12500000000000000e-01,3.12500000000000000e-01,1.17952925454245139e+00,-7.69815433129225602e-04,8.84972226741024539e-04,1.17952983773752584e+00,1.28080549842702638e+01
1068,1.56250000000000000e+00,8.12500000000000000e-01,3.12500000000000000e-01,1.17909729631772464e+00,-4.03470263245068279e-04,4.68055067210453230e-04,1.17909745824828560e+00,1.24564008178384196e+01
1069,1.68750000000000000e+00,8.12500000000000000e-01,3.12500000000000000e-01,1.17886182656679361e+00,-2.11767562094949464e-04,2.47428414179831223e-04,1.17886187155354105e+00,1.21051238987361973e+01
1070,1.81250000000000000e+00,8.12500000000000000e-01,3.12500000000000000e-01,1.17873438562607880e+00,-1.11308217911919397e-04,1.30819024743148647e-04,1.17873439814083047e+00,1.17540451128257875e+01
1071,1.93750000000000000e+00,8.12500000000000000e-01,3.12500000000000000e-01,1.17866583006071046e+00,-5.85879531451773749e-05,6.91961222017024988e-05,1.17866583354798027e+00,1.14030700842529242e+01
1072,2.06250000000000000e+00,8.12500000000000000e-01,3.12500000000000000e-01,1.17862913208287856e+00,-3.08809954255202259e-05,3.66188083971034700e-05,1.17862913305628614e+00,1.10521495790111821e+01
1073,2.18750000000000000e+00,8.12500000000000000e-01,3.12500000000000000e-01,1.17860953806576019e+00,-1.62869468124872852e-05,1.93846405405624375e-05,1.17860953833770310e+00,1.07012578311588573e+01
1074,2.31250000000000000e+00,8.12500000000000000e-01,3.12500000000000000e-01,1.17859910500433229e+00,-8.59270241360298167e-06,1.02616179950753668e-05,1.17859910508032728e+00,1.03503812128229864e+01
1075,2.43750000000000000e+00,8.12500000000000000e-01,3.12500000000000000e-01,1.17859356152884631e+00,-4.53448451806745380e-06,5.43073174263164994e-06,1.17859356155008110e+00,9.99951256784935971e+00
1076,2.56250000000000000e+00,8.12500000000000000e-01,3.12500000000000000e-01,1.17859062037755069e+00,-2.39281729280881972e-06,2.87256734964601961e-06,1.17859062038348039e+00,9.64864813251051423e+00
1077,2.68750000000000000e+00,8.12500000000000000e-01,3.12500000000000000e-01,1.17858906214860304e+00,-1.26215367323252679e-06,1.51823942450794871e-06,1.17858906215025683e+00,9.29778591817302669e+00
1078,2.81250000000000000e+00,8.12500000000000000e-01,3.12500000000000000e-01,1.17858823777340516e+00,-6.65281269590845963e-07,8.01627361724800503e-07,1.17858823777386545e+00,8.94692487466088870e+00
1079,2.93750000000000000e+00,8.12500000000000000e-01,3.12500000000000000e-01,1.17858780220111847e+00,-3.50331061044817332e-07,4.22750613486185209e-07,1.17858780220124637e+00,8.59606444816437865e+00
1080,3.06250000000000000e+00,8.12500000000000000e-01,3.12500000000000000e-01,1.17858757234549905e+00,-1.84253229724384627e-07,2.22634353868639081e-07,1.17858757234553435e+00,8.24520434659082824e+00
1081,3.18750000000000000e+00,8.12500000000000000e-01,3.12500000000000000e-01,1.17858745121223119e+00,-9.67566111995927021e-08,1.17057477241920283e-07,1.17858745121224096e+00,7.89434441590403857e+00
1082,3.31250000000000000e+00,8.12500000000000000e-01,3.12500000000000000e-01,1.17858738747263025e+00,-5.07119050122583375e-08,6.14293680782435288e-08,1.17858738747263292e+00,7.54348457496058522e+00
1083,3.43750000000000000e+00,8.12500000000000000e-01,3.12500000000000000e-01,1.17858735399329917e+00,-2.65137257742946713e-08,3.21611082137104168e-08,1.17858735399330006e+00,7.19262478106910663e+00
1084,3.56250000000000000e+00,8.12500000000000000e-01,3.12500000000000000e-01,1.17858733644779790e+00,-1.38168768006709735e-08,1.67866136135025449e-08,1.17858733644779812e+00,6.84176501179486074e+00
1085,3.68750000000000000e+00,8.12500000000000000e-01,3.12500000000000000e-01,1.17858732728028315e+00,-7.16762634032587051e-09,8.72559620271942261e-09,1.17858732728028315e+00,6.49090525536470775e+00
1086,3.81250000000000000e+00,8.12500000000000000e-01,3.12500000000000000e-01,1.17858732251020348e+00,-3.69401093241642034e-09,4.50891494675193328e-09,1.17858732251020348e+00,6.14004550561113049e+00
1087,3.93750000000000000e+00,8.12500000000000000e-01,3.12500000000000000e-01,1.17858732004302769e+00,-1.88539239232022997e-09,2.30995026691330072e-09,1.17858732004302769e+00,5.78918575930999335e+00
1088,4.06250000000000000e+00,8.12500000000000000e-01,3.12500000000000000e-01,1.17858731877815193e+00,-9.48153713400425825e-10,1.16814387949097970e-09,1.17858731877815193e+00,5.43832601478032984e+00
1089,4.18750000000000000e+00,8.12500000000000000e-01,3.12500000000000000e-01,1.17858731813817874e+00,-4.65889011668913261e-10,5.79016249343696369e-10,1.17858731813817874e+00,5.08746627114899930e+00
1090,4.31250000000000000e+00,8.12500000000000000e-01,3.12500000000000000e-01,1.17858731782084591e+00,-2.20403744864542370e-10,2.77967174906511377e-10,1.17858731782084591e+00,4.73660652796498560e+00
1091,4.43750000000000000e+00,8.12500000000000000e-01,3.12500000000000000e-01,1.17858731766844227e+00,-9.75321000572694446e-11,1.26420335107036403e-10,1.17858731766844227e+00,4.38574678499728066e+00
1092,4.56250000000000000e+00,8.12500000000000000e-01,3.12500000000000000e-01,1.17858731759907265e+00,-3.77442992825224110e-11,5.19833089354975496e-11,1.17858731759907265e+00,4.03488704212878346e+00
1093,4.68750000000000000e+00,8.12500000000000000e-01,3.12500000000000000e-01,1.17858731757028257e+00,-1.03567459568426795e-11,1.70826531520327825e-11,1.17858731757028257e+00,3.68402729930080586e+00
1094,4.81250000000000000e+00,8.12500000000000000e-01,3.12500000000000000e-01,1.17858731756045820e+00,7.16169706679656208e-13,2.09877294442046446e-12,1.17858731756045820e+00,3.33316755648562690e+00
1095,4.93750000000000000e+00,8.12500000000000000e-01,3.12500000000000000e-01,1.17858731755925783e+00,4.58017960929208711e-12,-3.91460276972297815e-12,1.17858731755925783e+00,2.98230781367201070e+00
1096,5.06250000000000000e+00,8.12500000000000000e-01,3.12500000000000000e-01,1.17858731756162016e+00,6.17278934592219428e-12,-7.01598061922541430e-12,1.17858731756162016e+00,2.63144807085533650e+00
1097,5.18750000000000000e+00,8.12500000000000000e-01,3.12500000000000000e-01,1.17858731756743840e+00,7.97503129585002895e-12,-1.05086332023637531e-11,1.17858731756743840e+00,2.28058832803320177e+00
1098,5.31250000000000000e+00,8.12500000000000000e-01,3.12500000000000000e-01,1.17858731757719126e+00,1.27166216131533839e-11,-1.78365555936491387e-11,1.17858731757719126e+00,1.92972858520232604e+00
1099,5.43750000000000000e+00,8.12500000000000000e-01,3.12500000000000000e-01,1.17858731759649094e+00,2.56016484660243116e-11,-3.48576602702616418e-11,1.17858731759649094e+00,1.57886884236483716e+00
1100,5.56250000000000000e+00,8.12500000000000000e-01,3.12500000000000000e-01,1.17858731763719016e+00,6.19362018806226379e-11,-7.67093571381384220e-11,1.17858731763719016e+00,1.22800909951931203e+00
1101,5.68750000000000000e+00,8.12500000000000000e-01,3.12500000000000000e-01,1.17858731769899205e+00,1.56901479894817959e-10,-1.77250922397053891e-10,1.17858731769899205e+00,8.77149356563297178e-01
1102,5.81250000000000000e+00,8.12500000000000000e-01,3.12500000000000000e-01,1.17858731783419879e+00,3.03181199863806006e-10,-3.34500538727919581e-10,1.17858731783419879e+00,5.26289613587991867e-01
1103,5.93750000000000000e+00,8.12500000000000000e-01,3.12500000000000000e-01,1.17858731837588526e+00,4.54899900709844753e-10,-5.25840526796500920e-10,1.17858731837588526e+00,1.75429871778062213e-01
1104,6.25000000000000000e-02,9.37500000000000000e-01,3.12500000000000000e-01,7.50151347375840660e-01,-9.74055355483336022e-02,8.00237060176958864e-02,7.60669886251620575e-01,1.89361363570464576e+01
1105,1.87500000000000000e-01,9.37500000000000000e-01,3.12500000000000000e-01,7.56106252020265046e-01,-9.88348717576936070e-02,8.98991178222049436e-02,7.67819541041189546e-01,1.73709623390779697e+01
1106,3.12500000000000000e-01,9.37500000000000000e-01,3.12500000000000000e-01,6.68105432440503799e-01,-6.88027657116895286e-02,6.71536045327735809e-02,6.74987626573876121e-01,1.64118865606543984e+01
1107,4.37500000000000000e-01,9.37500000000000000e-01,3.12500000000000000e-01,5.81301790742981161e-01,-4.01427887465284003e-02,4.26534900782038068e-02,5.84245270092275892e-01,1.58447024690427511e+01
1108,5.62500000000000000e-01,9.37500000000000000e-01,3.12500000000000000e-01,5.37891328075336794e-01,-2.16600676423930744e-02,2.51047066325444136e-02,5.38912317213133263e-01,1.53773986291358220e+01
1109,6.87500000000000000e-01,9.37500000000000000e-01,3.12500000000000000e-01,5.15048426473511900e-01,-1.12433693190404447e-02,1.40680233508327437e-02,5.15363177038760112e-01,1.49652699809421286e+01
1110,8.12500000000000000e-01,9.37500000000000000e-01,3.12500000000000000e-01,5.02224813201108899e-01,-5.74900027584755811e-03,7.64235525344484669e-03,5.02315856402005601e-01,1.45862546969779459e+01
1111,9.37500000000000000e-01,9.37500000000000000e-01,3.12500000000000000e-01,4.95369834285787070e-01,-2.91605138026049260e-03,4.07473520063276941e-03,4.95395175130860288e-01,1.42223388861432731e+01
1112,1.06250000000000000e+00,9.37500000000000000e-01,3.12500000000000000e-01,4.91806343801914070e-01,-1.47683407382821611e-03,2.15019051357220230e-03,4.91813261474243646e-01,1.38651192203415992e+01
1113,1.18750000000000000e+00,9.37500000000000000e-01,3.12500000000000000e-01,4.89939453620792720e-01,-7.50622355485613762e-04,1.12724537453869110e-03,4.89941325395496563e-01,1.35111520705211063e+01
1114,1.31250000000000000e+00,9.37500000000000000e-01,3.12500000000000000e-01,4.88957727256501273e-01,-3.83184586694447103e-04,5.88931895195700340e-04,4.88958232076163901e-01,1.31587751583095116e+01
1115,1.43750000000000000e+00,9.37500000000000000e-01,3.12500000000000000e-01,4.88443153413599507e-01,-1.96485285068561055e-04,3.07647547200000458e-04,4.88443289819915194e-01,1.28071619500849163e+01
1116,1.56250000000000000e+00,9.37500000000000000e-01,3.12500000000000000e-01,4.88173349746410301e-01,-1.01282621785650335e-04,1.61019479286933937e-04,4.88173386808491649e-01,1.24559218910794378e+01
1117,1.68750000000000000e+00,9.37500000000000000e-01,3.12500000000000000e-01,4.88031474151390143e-01,-5.24858190291053838e-05,8.44953269909283359e-05,4.88031484288258210e-01,1.21048684155525592e+01
1118,1.81250000000000000e+00,9.37500000000000000e-01,3.12500000000000000e-01,4.87956740757302831e-01,-2.73200492128157744e-05,4.44525118821021561e-05,4.87956743546905547e-01,1.17539091822034649e+01
1119,1.93750000000000000e+00,9.37500000000000000e-01,3.12500000000000000e-01,4.87917339996327082e-01,-1.42754447052248216e-05,2.34377989048509985e-05,4.87917340768095842e-01,1.14029979143004994e+01
1120,2.06250000000000000e+00,9.37500000000000000e-01,3.12500000000000000e-01,4.87896546597939740e-01,-7.48442933486299674e-06,1.23783954634503379e-05,4.87896546812371823e-01,1.10521113266396576e+01
1121,2.18750000000000000e+00,9.37500000000000000e-01,3.12500000000000000e-01,4.87885561488585473e-01,-3.93214148030445723e-06,6.54402041645940514e-06,4.87885561548318691e-01,1.07012375627174876e+01
1122,2.31250000000000000e+00,9.37500000000000000e-01,3.12500000000000000e-01,4.87879757468724251e-01,-2.06864635440447453e-06,3.46077233848014592e-06,4.87879757485384369e-01,1.03503704809880688e+01
1123,2.43750000000000000e+00,9.37500000000000000e-01,3.12500000000000000e-01,4.87876691303086363e-01,-1.08938614465005335e-06,1.82989416077350057e-06,4.87876691307734367e-01,9.99950689066532128e+00
1124,2.56250000000000000e+00,9.37500000000000000e-01,3.12500000000000000e-01,4.87875071646923175e-01,-5.73968137609557059e-07,9.66995996220340690e-07,4.87875071648219139e-01,9.64864513089493059e+00
1125,2.68750000000000000e+00,9.37500000000000000e-01,3.12500000000000000e-01,4.87874216472183486e-01,-3.02377513059013808e-07,5.10530613745290850e-07,4.87874216472544309e-01,9.29778433191103915e+00
1126,2.81250000000000000e+00,9.37500000000000000e-01,3.12500000000000000e-01,4.87873765316075847e-01,-1.59210517338618894e-07,2.69218437173798792e-07,4.87873765316176100e-01,8.94692403693436589e+00
1127,2.93750000000000000e+00,9.37500000000000000e-01,3.12500000000000000e-01,4.87873527548387420e-01,-8.37521380254070631e-08,1.41770247525957751e-07,4.87873527548415231e-01,8.59606400612362087e+00
1128,3.06250000000000000e+00,9.37500000000000000e-01,3.12500000000000000e-01,4.87873402394142841e-01,-4.40009686895037064e-08,7.45377775025985141e-08,4.87873402394150502e-01,8.24520411357221583e+00
1129,3.18750000000000000e+00,9.37500000000000000e-01,3.12500000000000000e-01,4.87873336615594233e-01,-2.30781377369858748e-08,3.91179242192752130e-08,4.87873336615596342e-01,7.89434429322307363e+00
1130,3.31250000000000000e+00,9.37500000000000000e-01,3.12500000000000000e-01,4.87873302106975215e-01,-1.20785052693455795e-08,2.04851868196001351e-08,4.87873302106975770e-01,7.54348451047627311e+00
1131,3.43750000000000000e+00,9.37500000000000000e-01,3.12500000000000000e-01,4.87873284044009425e-01,-6.30416442799802311e-09,1.06991057877128716e-08,4.87873284044009536e-01,7.19262474724799006e+00
1132,3.56250000000000000e+00,9.37500000000000000e-01,3.12500000000000000e-01,4.87873274616853925e-01,-3.27816710278793240e-09,5.56856538633947419e-09,4.87873274616853925e-01,6.84176499410859140e+00
1133,3.68750000000000000e+00,9.37500000000000000e-01,3.12500000000000000e-01,4.87873269716294078e-01,-1.69581061904293945e-09,2.88440983649294040e-09,4.87873269716294078e-01,6.49090524615423892e+00
1134,3.81250000000000000e+00,9.37500000000000000e-01,3.12500000000000000e-01,4.87873267183140558e-01,-8.70640145608968846e-10,1.48380879181884118e-09,4.87873267183140558e-01,6.14004550084308054e+00
1135,3.93750000000000000e+00,9.37500000000000000e-01,3.12500000000000000e-01,4.87873265884523177e-01,-4.41944480293889648e-10,7.55535644492435665e-10,4.87873265884523177e-01,5.78918575686302805e+00
1136,4.06250000000000000e+00,9.37500000000000000e-01,3.12500000000000000e-01,4.87873265227065867e-01,-2.20427656340255755e-10,3.78748684222143852e-10,4.87873265227065867e-01,5.43832601354059708e+00
1137,4.18750000000000000e+00,9.37500000000000000e-01,3.12500000000000000e-01,4.87873264900610837e-01,-1.06888818897363897e-10,1.85263603193189409e-10,4.87873264900610837e-01,5.08746627053293832e+00
1138,4.31250000000000000e+00,9.37500000000000000e-01,3.12500000000000000e-01,4.87873264743494905e-01,-4.94120191109393857e-11,8.70455515356315352e-11,4.87873264743494905e-01,4.73660652766777623e+00
1139,4.43750000000000000e+00,9.37500000000000000e-01,3.12500000000000000e-01,4.87873264671833895e-01,-2.08847773963871513e-11,3.80885315305112192e-11,4.87873264671833895e-01,4.38574678486029867e+00
1140,4.56250000000000000e+00,9.37500000000000000e-01,3.12500000000000000e-01,4.87873264642354476e-01,-7.22852846778731386e-12,1.44299186542643830e-11,4.87873264642354476e-01,4.03488704207007043e+00
1141,4.68750000000000000e+00,9.37500000000000000e-01,3.12500000000000000e-01,4.87873264632857406e-01,-1.21546759946759992e-12,3.66649193500064951e-12,4.87873264632857406e-01,3.68402729927918449e+00
1142,4.81250000000000000e+00,9.37500000000000000e-01,3.12500000000000000e-01,4.87873264631918657e-01,9.88290409566355751e-13,-7.43738445899679369e-13,4.87873264631918657e-01,3.33316755648133167e+00
1143,4.93750000000000000e+00,9.37500000000000000e-01,3.12500000000000000e-01,4.87873264633877535e-01,1.54461650239560970e-12,-2.47289271679121988e-12,4.87873264633877535e-01,2.98230781367601061e+00
1144,5.06250000000000000e+00,9.37500000000000000e-01,3.12500000000000000e-01,4.87873264636791870e-01,1.56413375573018814e-12,-3.54158135373450712e-12,4.87873264636791870e-01,2.63144807086527344e+00
1145,5.18750000000000000e+00,9.37500000000000000e-01,3.12500000000000000e-01,4.87873264640111326e-01,1.60946385122324755e-12,-5.23287090026819374e-12,4.87873264640111326e-01,2.28058832805122291e+00
1146,5.31250000000000000e+00,9.37500000000000000e-01,3.12500000000000000e-01,4.87873264643939486e-01,2.35099906680863502e-12,-9.19628671026562634e-12,4.87873264643939486e-01,1.92972858523641499e+00
1147,5.43750000000000000e+00,9.37500000000000000e-01,3.12500000000000000e-01,4.87873264651816019e-01,5.27749455379413991e-12,-1.82620507159839063e-11,4.87873264651816019e-01,1.57886884243676051e+00
1148,5.56250000000000000e+00,9.37500000000000000e-01,3.12500000000000000e-01,4.87873264672158358e-01,1.52879240797281750e-11,-3.96530188609730577e-11,4.87873264672158358e-01,1.22800909967093208e+00
1149,5.68750000000000000e+00,9.37500000000000000e-01,3.12500000000000000e-01,4.87873264700234566e-01,4.38427833461620304e-11,-8.84510379097817180e-11,4.87873264700234566e-01,8.77149356841292249e-01
1150,5.81250000000000000e+00,9.37500000000000000e-01,3.12500000000000000e-01,4.87873264797627215e-01,8.64240539493535904e-11,-1.57384233861636289e-10,4.87873264797627215e-01,5.26289614161067787e-01
1151,5.93750000000000000e+00,9.37500000000000000e-01,3.12500000000000000e-01,4.87873265293818303e-01,1.21092065466047350e-10,-2.19187740017660418e-10,4.87873265293818303e-01,1.75429872738482151e-01
1152,6.25000000000000000e-02,6.25000000000000000e-02,4.37500000000000000e-01,7.46652395630460486e-01,9.76501836771314913e-02,2.31155302379369709e-02,7.53365572621329860e-01,1.87501091396050796e+01
1153,1.87500000000000000e-01,6.25000000000000000e-02,4.37500000000000000e-01,7.46439111835291991e-01,9.88052701265360322e-02,2.92039220091628582e-02,7.53516222879743069e-01,1.72692620353378885e+01
1154,3.12500000000000000e-01,6.25000000000000000e-02,4.37500000000000000e-01,6.70603416602993385e-01,6.88174310765923003e-02,2.37914707374985851e-02,6.74544894917634585e-01,1.63620282502725516e+01
1155,4.37500000000000000e-01,6.25000000000000000e-02,4.37500000000000000e-01,6.00144931212969412e-01,4.03248377403907857e-02,1.63504348061312768e-02,6.01720340123016117e-01,1.58187642893120994e+01
1156,5.62500000000000000e-01,6.25000000000000000e-02,4.37500000000000000e-01,5.68085532492450529e-01,2.18789335707891518e-02,1.01514659056501227e-02,5.68597319921101740e-01,1.53653372009168834e+01
1157,6.87500000000000000e-01,6.25000000000000000e-02,4.37500000000000000e-01,5.52440616327282363e-01,1.14289812587277748e-02,5.91109948233513663e-03,5.52590442622535760e-01,1.49601778326925778e+01
1158,8.12500000000000000e-01,6.25000000000000000e-02,4.37500000000000000e-01,5.43889413992323489e-01,5.89308546865456931e-03,3.31386045253275092e-03,5.43931433896178484e-01,1.45841982243826234e+01
1159,9.37500000000000000e-01,6.25000000000000000e-02,4.37500000000000000e-01,5.39404008905180476e-01,3.02305270878656333e-03,1.81618639354804942e-03,5.39415537599424622e-01,1.42215333665319843e+01
1160,1.06250000000000000e+00,6.25000000000000000e-02,4.37500000000000000e-01,5.37116642095706309e-01,1.55137507372938004e-03,9.81734195720700663e-04,5.37119779735225844e-01,1.38648110221825860e+01
1161,1.18750000000000000e+00,6.25000000000000000e-02,4.37500000000000000e-01,5.35920784681288009e-01,7.99021523645688353e-04,5.25108215936904575e-04,5.35921637580944465e-01,1.35110442522390066e+01
1162,1.31250000000000000e+00,6.25000000000000000e-02,4.37500000000000000e-01,5.35288058163011948e-01,4.13387102767507589e-04,2.78964806760851681e-04,5.35288290477372808e-01,1.31587410094489012e+01
1163,1.43750000000000000e+00,6.25000000000000000e-02,4.37500000000000000e-01,5.34953886591185590e-01,2.14854444710254027e-04,1.47820037368664428e-04,5.34953950160395486e-01,1.28071512831004970e+01
1164,1.56250000000000000e+00,6.25000000000000000e-02,4.37500000000000000e-01,5.34777077120584310e-01,1.12169950510728926e-04,7.83122707625157120e-05,5.34777094618444693e-01,1.24559182392883212e+01
1165,1.68750000000000000e+00,6.25000000000000000e-02,4.37500000000000000e-01,5.34683296901143357e-01,5.87799593866170799e-05,4.15130691516882959e-05,5.34683301743653416e-01,1.21048668982585124e+01
1166,1.81250000000000000e+00,6.25000000000000000e-02,4.37500000000000000e-01,5.34633596561490676e-01,3.08795794787553385e-05,2.20226027254969029e-05,5.34633597906845170e-01,1.17539083798829598e+01
1167,1.93750000000000000e+00,6.25000000000000000e-02,4.37500000000000000e-01,5.34607309134395359e-01,1.62501029269445674e-05,1.16895628406364290e-05,5.34607309509167350e-01,1.14029974281135811e+01
1168,2.06250000000000000e+00,6.25000000000000000e-02,4.37500000000000000e-01,5.34593420255496499e-01,8.56279416161650095e-06,6.20596493625264222e-06,5.34593420360095162e-01,1.10521110289129414e+01
1169,2.18750000000000000e+00,6.25000000000000000e-02,4.37500000000000000e-01,5.34586085903547503e-01,4.51489224661120690e-06,3.29433252901969913e-06,5.34586085932763466e-01,1.07012373856963876e+01
1170,2.31250000000000000e+00,6.25000000000000000e-02,4.37500000000000000e-01,5.34582216923411790e-01,2.38088035087258372e-06,1.74786518958247519e-06,5.34582216931571041e-01,1.03503703808386227e+01
1171,2.43750000000000000e+00,6.25000000000000000e-02,4.37500000000000000e-01,5.34580177669602752e-01,1.25547145598912102e-06,9.26535736927358115e-07,5.34580177671879930e-01,9.99950683732913781e+00
1172,2.56250000000000000e+00,6.25000000000000000e-02,4.37500000000000000e-01,5.34579103070707884e-01,6.61848658552482074e-07,4.90577762836118316e-07,5.34579103071342709e-01,9.64864510422775368e+00
1173,2.68750000000000000e+00,6.25000000000000000e-02,4.37500000000000000e-01,5.34578536941439530e-01,3.48710930715280720e-07,2.59395990960774033e-07,5.34578536941616167e-01,9.29778431947304540e+00
1174,2.81250000000000000e+00,6.25000000000000000e-02,4.37500000000000000e-01,5.34578238830166530e-01,1.83578197474233052e-07,1.36953177848356836e-07,5.34578238830215602e-01,8.94692403162285466e+00
1175,2.93750000000000000e+00,6.25000000000000000e-02,4.37500000000000000e-01,5.34578081941951333e-01,9.65447842696397097e-08,7.21923272502695002e-08,5.34578081941964878e-01,8.59606400415035843e+00
1176,3.06250000000000000e+00,6.25000000000000000e-02,4.37500000000000000e-01,5.34577999438497042e-01,5.07074287802502917e-08,3.79902459748583916e-08,5.34577999438500817e-01,8.24520411304160739e+00
1177,3.18750000000000000e+00,6.25000000000000000e-02,4.37500000000000000e-01,5.34577956099920981e-01,2.65891270090989254e-08,1.99546689871265743e-08,5.34577956099921980e-01,7.89434429324506759e+00
1178,3.31250000000000000e+00,6.25000000000000000e-02,4.37500000000000000e-01,5.34577933368850289e-01,1.39135682446402107e-08,1.04590559563726276e-08,5.34577933368850511e-01,7.54348451066300374e+00
1179,3.43750000000000000e+00,6.25000000000000000e-02,4.37500000000000000e-01,5.34577921470479667e-01,7.26110531659521355e-09,5.46790961498468520e-09,5.34577921470479778e-01,7.19262474744790481e+00
1180,3.56250000000000000e+00,6.25000000000000000e-02,4.37500000000000000e-01,5.34577915259623948e-01,3.77550376924084887e-09,2.84909288448222925e-09,5.34577915259623948e-01,6.84176499427359364e+00
1181,3.68750000000000000e+00,6.25000000000000000e-02,4.37500000000000000e-01,5.34577912030305691e-01,1.95295032436009687e-09,1.47781505426099019e-09,5.34577912030305691e-01,6.49090524627721521e+00
1182,3.81250000000000000e+00,6.25000000000000000e-02,4.37500000000000000e-01,5.34577910360782060e-01,1.00253131202657792e-09,7.61579414790100800e-10,5.34577910360782060e-01,6.14004550093044443e+00
1183,3.93750000000000000e+00,6.25000000000000000e-02,4.37500000000000000e-01,5.34577909504962978e-01,5.08757036098733187e-10,3.88729053360065879e-10,5.34577909504962978e-01,5.78918575692377768e+00
1184,4.06250000000000000e+00,6.25000000000000000e-02,4.37500000000000000e-01,5.34577909071915491e-01,2.53614852984232381e-10,1.95552526415670107e-10,5.34577909071915491e-01,5.43832601358256706e+00
1185,4.18750000000000000e+00,6.25000000000000000e-02,4.37500000000000000e-01,5.34577908857195583e-01,1.22856213519685921e-10,9.61696316292899450e-11,5.34577908857195583e-01,5.08746627056200040e+00
1186,4.31250000000000000e+00,6.25000000000000000e-02,4.37500000000000000e-01,5.34577908754178988e-01,5.66837873788551250e-11,4.55900201985942580e-11,5.34577908754178988e-01,4.73660652768804180e+00
1187,4.43750000000000000e+00,6.25000000000000000e-02,4.37500000000000000e-01,5.34577908707529526e-01,2.38581923596087116e-11,2.02802241790810323e-11,5.34577908707529526e-01,4.38574678487459035e+00
1188,4.56250000000000000e+00,6.25000000000000000e-02,4.37500000000000000e-01,5.34577908688730119e-01,8.14692744722886825e-12,7.96325397710975111e-12,5.34577908688730119e-01,4.03488704208028537e+00
1189,4.68750000000000000e+00,6.25000000000000000e-02,4.37500000000000000e-01,5.34577908683109726e-01,1.24270272425943617e-12,2.27869894020227119e-12,5.34577908683109726e-01,3.68402729928647821e+00
1190,4.81250000000000000e+00,6.25000000000000000e-02,4.37500000000000000e-01,5.34577908682904890e-01,-1.24617239449215075e-12,-1.11506723355771661e-13,5.34577908682904890e-01,3.33316755648653373e+00
1191,4.93750000000000000e+00,6.25000000000000000e-02,4.37500000000000000e-01,5.34577908684260694e-01,-1.87419722926281899e-12,-1.09589694876993503e-12,5.34577908684260694e-01,2.98230781368025077e+00
1192,5.06250000000000000e+00,6.25000000000000000e-02,4.37500000000000000e-01,5.34577908685779923e-01,-1.99355420482214361e-12,-1.74233612987396972e-12,5.34577908685779923e-01,2.63144807087007937e+00
1193,5.18750000000000000e+00,6.25000000000000000e-02,4.37500000000000000e-01,5.34577908686816317e-01,-2.28812730741602389e-12,-2.72915988699420490e-12,5.34577908686816317e-01,2.28058832805870315e+00
1194,5.31250000000000000e+00,6.25000000000000000e-02,4.37500000000000000e-01,5.34577908686970193e-01,-3.68923887973525913e-12,-4.90210050570894267e-12,5.34577908686970193e-01,1.92972858525185775e+00
1195,5.43750000000000000e+00,6.25000000000000000e-02,4.37500000000000000e-01,5.34577908687647430e-01,-8.20355660765560614e-12,-9.66710671064643094e-12,5.34577908687647430e-01,1.57886884246701098e+00
1196,5.56250000000000000e+00,6.25000000000000000e-02,4.37500000000000000e-01,5.34577908691337700e-01,-2.24680510069068841e-11,-2.05652122385956288e-11,5.34577908691337700e-01,1.22800909972060435e+00
1197,5.68750000000000000e+00,6.25000000000000000e-02,4.37500000000000000e-01,5.34577908698698923e-01,-6.22106686595921228e-11,-4.51891608528683519e-11,5.34577908698698923e-01,8.77149356989679996e-01
1198,5.81250000000000000e+00,6.25000000000000000e-02,4.37500000000000000e-01,5.34577908767732035e-01,-1.16444859544371963e-10,-7.93021979307581996e-11,5.34577908767732035e-01,5.26289614498706038e-01
1199,5.93750000000000000e+00,6.25000000000000000e-02,4.37500000000000000e-01,5.34577909072142754e-01,-1.30966120551325983e-10,-1.06238079844044314e-10,5.34577909072142754e-01,1.75429872622724498e-01
1200,6.25000000000000000e-02,1.87500000000000000e-01,4.37500000000000000e-01,1.03041788039916082e+00,2.14371263237703058e-01,3.47554904954294683e-02,1.05305460013619689e+00,1.75838513355320671e+01
1201,1.87500000000000000e-01,1.87500000000000000e-01,4.37500000000000000e-01,1.16853765959855815e+00,2.24022969234314029e-01,4.96191728832127629e-02,1.19085205418735729e+00,1.69600776430608704e+01
1202,3.12500000000000000e-01,1.87500000000000000e-01,4.37500000000000000e-01,1.25859310413713432e+00,1.70449348731845862e-01,4.59855690706833173e-02,1.27091473153292722e+00,1.63408861804687895e+01
1203,4.37500000000000000e-01,1.87500000000000000e-01,4.37500000000000000e-01,1.28673090844152949e+00,1.10477201615085480e-01,3.57589539468800496e-02,1.29195988544646356e+00,1.58544777523998395e+01
1204,5.62500000000000000e-01,1.87500000000000000e-01,4.37500000000000000e-01,1.30126162351621733e+00,6.52645842007111010e-02,2.42371960592953767e-02,1.30312268051007774e+00,1.54066793158298765e+01
1205,6.87500000000000000e-01,1.87500000000000000e-01,4.37500000000000000e-01,1.30845299204700205e+00,3.65580020348106188e-02,1.50563658162425340e-02,1.30905019539401990e+00,1.49910821276812918e+01
1206,8.12500000000000000e-01,1.87500000000000000e-01,4.37500000000000000e-01,1.31064481504874486e+00,2.00007615043426498e-02,8.86665266124721935e-03,1.31082740252266916e+00,1.46038982074052761e+01
1207,9.37500000000000000e-01,1.87500000000000000e-01,4.37500000000000000e-01,1.31086484029202333e+00,1.07970115963852611e-02,5.04935545727239806e-03,1.31091902914092229e+00,1.42333237276533211e+01
1208,1.06250000000000000e+00,1.87500000000000000e-01,4.37500000000000000e-01,1.31070750480383058e+00,5.77398390153198871e-03,2.81285634163758484e-03,1.31072324088648751e+00,1.38715485772386682e+01
1209,1.18750000000000000e+00,1.87500000000000000e-01,4.37500000000000000e-01,1.31045218732911839e+00,3.07478848200149705e-03,1.54099425949642647e-03,1.31045670064416386e+00,1.35147961585809977e+01
1210,1.31250000000000000e+00,1.87500000000000000e-01,4.37500000000000000e-01,1.31022425361991446e+00,1.63481029658082760e-03,8.34276405191443989e-04,1.31022553913274331e+00,1.31608007995886851e+01
1211,1.43750000000000000e+00,1.87500000000000000e-01,4.37500000000000000e-01,1.31006560760431712e+00,8.67975132734463499e-04,4.48409347198671542e-04,1.31006597188059293e+00,1.28082690596185618e+01
1212,1.56250000000000000e+00,1.87500000000000000e-01,4.37500000000000000e-01,1.30996614122108523e+00,4.60354121225859487e-04,2.39987108344165526e-04,1.30996624409386575e+00,1.24565192343601545e+01
1213,1.68750000000000000e+00,1.87500000000000000e-01,4.37500000000000000e-01,1.30990683797731755e+00,2.44031083085008107e-04,1.28104249176507341e-04,1.30990686697245873e+00,1.21051882689976900e+01
1214,1.81250000000000000e+00,1.87500000000000000e-01,4.37500000000000000e-01,1.30987275365199873e+00,1.29289256736904456e-04,6.82671370396599361e-05,1.30987276181161350e+00,1.17540797208206769e+01
1215,1.93750000000000000e+00,1.87500000000000000e-01,4.37500000000000000e-01,1.30985371873985890e+00,6.84577575789036881e-05,3.63368286736907080e-05,1.30985372103279807e+00,1.14030885670426816e+01
1216,2.06250000000000000e+00,1.87500000000000000e-01,4.37500000000000000e-01,1.30984329230478758e+00,3.62317023434301246e-05,1.93229479905295437e-05,1.30984329294841895e+00,1.10521594134903438e+01
1217,2.18750000000000000e+00,1.87500000000000000e-01,4.37500000000000000e-01,1.30983764918652068e+00,1.91646630277972582e-05,1.02680761830456988e-05,1.30983764936696967e+00,1.07012630446749899e+01
1218,2.31250000000000000e+00,1.87500000000000000e-01,4.37500000000000000e-01,1.30983462441249277e+00,1.01302592093521293e-05,5.45221213252659238e-06,1.30983462446301391e+00,1.03503839756139477e+01
1219,2.43750000000000000e+00,1.87500000000000000e-01,4.37500000000000000e-01,1.30983301383781270e+00,5.35142341146999701e-06,2.89235097092457824e-06,1.30983301385193807e+00,9.99951403347251322e+00
1220,2.56250000000000000e+00,1.87500000000000000e-01,4.37500000000000000e-01,1.30983215922784835e+00,2.82513676865816560e-06,1.53273482356906930e-06,1.30983215923179186e+00,9.64864891066307528e+00
1221,2.68750000000000000e+00,1.87500000000000000e-01,4.37500000000000000e-01,1.30983170674220073e+00,1.49031988313698298e-06,8.11285689084266265e-07,1.30983170674329985e+00,9.29778633165661006e+00
1222,2.81250000000000000e+00,1.87500000000000000e-01,4.37500000000000000e-01,1.30983146754345947e+00,7.85475512314539691e-07,4.28870877303898752e-07,1.30983146754376523e+00,8.94692509452878326e+00
1223,2.93750000000000000e+00,1.87500000000000000e-01,4.37500000000000000e-01,1.30983134118856048e+00,4.13559775467117001e-07,2.26403154545293602e-07,1.30983134118864530e+00,8.59606456512407746e+00
1224,3.06250000000000000e+00,1.87500000000000000e-01,4.37500000000000000e-01,1.30983127446005376e+00,2.17476799621210464e-07,1.19341817204667706e-07,1.30983127446007730e+00,8.24520440881172512e+00
1225,3.18750000000000000e+00,1.87500000000000000e-01,4.37500000000000000e-01,1.30983123923098854e+00,1.14193784020178370e-07,6.28043048334081464e-08,1.30983123923099498e+00,7.89434444899607879e+00
1226,3.31250000000000000e+00,1.87500000000000000e-01,4.37500000000000000e-01,1.30983122064067792e+00,5.98509253379443517e-08,3.29890492587177674e-08,1.30983122064067969e+00,7.54348459255036019e+00
1227,3.43750000000000000e+00,1.87500000000000000e-01,4.37500000000000000e-01,1.30983121083734200e+00,3.12945220701508549e-08,1.72889510544605601e-08,1.30983121083734244e+00,7.19262479041068570e+00
1228,3.56250000000000000e+00,1.87500000000000000e-01,4.37500000000000000e-01,1.30983120567330258e+00,1.63109556807882509e-08,9.03478381470587839e-09,1.30983120567330258e+00,6.84176501675044335e+00
1229,3.68750000000000000e+00,1.87500000000000000e-01,4.37500000000000000e-01,1.30983120295771305e+00,8.46345326836492579e-09,4.70311223657549910e-09,1.30983120295771305e+00,6.49090525798990825e+00
1230,3.81250000000000000e+00,1.87500000000000000e-01,4.37500000000000000e-01,1.30983120153330801e+00,4.36313711671096970e-09,2.43492611736688070e-09,1.30983120153330801e+00,6.14004550699947860e+00
1231,3.93750000000000000e+00,1.87500000000000000e-01,4.37500000000000000e-01,1.30983120078894144e+00,2.22768365290110173e-09,1.25065824005230358e-09,1.30983120078894144e+00,5.78918576004271035e+00
1232,4.06250000000000000e+00,1.87500000000000000e-01,4.37500000000000000e-01,1.30983120040205270e+00,1.12074412250274904e-09,6.34805825545475276e-10,1.30983120040205270e+00,5.43832601516607550e+00
1233,4.18750000000000000e+00,1.87500000000000000e-01,4.37500000000000000e-01,1.30983120020254540e+00,5.50968305462369362e-10,3.16419811793578111e-10,1.30983120020254540e+00,5.08746627135145335e+00
1234,4.31250000000000000e+00,1.87500000000000000e-01,4.37500000000000000e-01,1.30983120010082277e+00,2.60839788536380003e-10,1.53273920092106192e-10,1.30983120010082277e+00,4.73660652807087867e+00
1235,4.43750000000000000e+00,1.87500000000000000e-01,4.37500000000000000e-01,1.30983120004981712e+00,1.15561208556377240e-10,7.08088445738422590e-11,1.30983120004981712e+00,4.38574678505254489e+00
1236,4.56250000000000000e+00,1.87500000000000000e-01,4.37500000000000000e-01,1.30983120002494124e+00,4.47550206776989721e-11,3.00230411569938278e-11,1.30983120002494124e+00,4.03488704215780380e+00
1237,4.68750000000000000e+00,1.87500000000000000e-01,4.37500000000000000e-01,1.30983120001312603e+00,1.22406508142409260e-11,1.06470808256560471e-11,1.30983120001312603e+00,3.68402729931620421e+00
1238,4.81250000000000000e+00,1.87500000000000000e-01,4.37500000000000000e-01,1.30983120000755937e+00,-7.58361207260867519e-13,2.11721568407859042e-12,1.30983120000755937e+00,3.33316755649363961e+00
1239,4.93750000000000000e+00,1.87500000000000000e-01,4.37500000000000000e-01,1.30983120000531383e+00,-5.30258435745881955e-12,-1.43235929919281245e-12,1.30983120000531383e+00,2.98230781367640052e+00
1240,5.06250000000000000e+00,1.87500000000000000e-01,4.37500000000000000e-01,1.30983120000476894e+00,-7.43953175586059252e-12,-3.32886757646587950e-12,1.30983120000476894e+00,2.63144807085916144e+00
1241,5.18750000000000000e+00,1.87500000000000000e-01,4.37500000000000000e-01,1.30983120000513997e+00,-1.00144009834318231e-11,-5.40500241858834483e-12,1.30983120000513997e+00,2.28058832803899802e+00
1242,5.31250000000000000e+00,1.87500000000000000e-01,4.37500000000000000e-01,1.30983120000653597e+00,-1.64462079092725206e-11,-9.41454953546743896e-12,1.30983120000653597e+00,1.92972858521565160e+00
1243,5.43750000000000000e+00,1.87500000000000000e-01,4.37500000000000000e-01,1.30983120000974274e+00,-3.33468003212450332e-11,-1.82896776646220769e-11,1.30983120000974274e+00,1.57886884239060588e+00
1244,5.56250000000000000e+00,1.87500000000000000e-01,4.37500000000000000e-01,1.30983120001283204e+00,-8.00956586120674613e-11,-3.93176128849126858e-11,1.30983120001283204e+00,1.22800909955306681e+00
1245,5.68750000000000000e+00,1.87500000000000000e-01,4.37500000000000000e-01,1.30983120001835829e+00,-2.00971310166487235e-10,-8.90117082778208761e-11,1.30983120001835829e+00,8.77149356724780782e-01
1246,5.81250000000000000e+00,1.87500000000000000e-01,4.37500000000000000e-01,1.30983120005109721e+00,-3.77680017959818027e-10,-1.66158814485590432e-10,1.30983120005109721e+00,5.26289614039412212e-01
1247,5.93750000000000000e+00,1.87500000000000000e-01,4.37500000000000000e-01,1.30983120004645870e+00,-5.17869004150656329e-10,-2.57784908215770195e-10,1.30983120004645870e+00,1.75429871288856093e-01
1248,6.25000000000000000e-02,3.12500000000000000e-01,4.37500000000000000e-01,1.07324300491449298e+00,1.28595642335341459e-01,3.77496791246495697e-02,1.08157867263530272e+00,1.70505489075895724e+01
1249,1.87500000000000000e-01,3.12500000000000000e-01,4.37500000000000000e-01,1.24424515274183101e+00,1.63902439832953523e-01,5.50622149763522542e-02,1.25620136022169593e+00,1.68046064694867034e+01
1250,3.12500000000000000e-01,3.12500000000000000e-01,4.37500000000000000e-01,1.44235996794672272e+00,1.44351406958107026e-01,5.26638382211935471e-02,1.45052165984594805e+00,1.63251771418459342e+01
1251,4.37500000000000000e-01,3.12500000000000000e-01,4.37500000000000000e-01,1.57696444808238811e+00,1.09888617677277214e-01,4.32744143566152484e-02,1.58138074281582219e+00,1.58644211406065825e+01
1252,5.62500000000000000e-01,3.12500000000000000e-01,4.37500000000000000e-01,1.66152940947482097e+00,7.48473475323226806e-02,3.08961956533430407e-02,1.66350133119520560e+00,1.54270294370601633e+01
1253,6.87500000000000000e-01,3.12500000000000000e-01,4.37500000000000000e-01,1.71316226016724138e+00,4.72449181436719601e-02,2.00754871834061335e-02,1.71393116464383843e+00,1.50095426976445125e+01
1254,8.12500000000000000e-01,3.12500000000000000e-01,4.37500000000000000e-01,1.74260468166571214e+00,2.85228245815206602e-02,1.23297118074114434e-02,1.74288170851570423e+00,1.46163837027008885e+01
1255,9.37500000000000000e-01,3.12500000000000000e-01,4.37500000000000000e-01,1.75873877722385941e+00,1.67022909221488346e-02,7.29501758522638211e-03,1.75883321276194149e+00,1.42411596055226397e+01
1256,1.06250000000000000e+00,3.12500000000000000e-01,4.37500000000000000e-01,1.76754623781556064e+00,9.54158976558841521e-03,4.19770455884681780e-03,1.76757697582729345e+00,1.38763134497636784e+01
1257,1.18750000000000000e+00,3.12500000000000000e-01,4.37500000000000000e-01,1.77231410709880044e+00,5.35437775563653209e-03,2.36607930803271402e-03,1.77232377457220269e+00,1.35175505184402969e+01
1258,1.31250000000000000e+00,3.12500000000000000e-01,4.37500000000000000e-01,1.77486321112426682e+00,2.96638128832860505e-03,1.31356921849701486e-03,1.77486617610578823e+00,1.31623490002763326e+01
1259,1.43750000000000000e+00,3.12500000000000000e-01,4.37500000000000000e-01,1.77621962738355443e+00,1.62629779497597119e-03,7.20878124758352512e-04,1.77622051818245863e+00,1.28091312629322456e+01
1260,1.56250000000000000e+00,3.12500000000000000e-01,4.37500000000000000e-01,1.77694076074831631e+00,8.84053140144547972e-04,3.92155209259307895e-04,1.77694102393536624e+00,1.24569945903001180e+01
1261,1.68750000000000000e+00,3.12500000000000000e-01,4.37500000000000000e-01,1.77732333173977586e+00,4.77454905681447468e-04,2.11945338699532428e-04,1.77732340850802695e+00,1.21054476591192515e+01
1262,1.81250000000000000e+00,3.12500000000000000e-01,4.37500000000000000e-01,1.77752592463849135e+00,2.56565587885787950e-04,1.13989650336697779e-04,1.77752594680962805e+00,1.17542203463225192e+01
1263,1.93750000000000000e+00,3.12500000000000000e-01,4.37500000000000000e-01,1.77763316779634151e+00,1.37316363936471303e-04,6.10701202566621008e-05,1.77763317414898614e+00,1.14031644376487460e+01
1264,2.06250000000000000e+00,3.12500000000000000e-01,4.37500000000000000e-01,1.77768995268862118e+00,7.32628919873464977e-05,3.26181425771052515e-05,1.77768995449754019e+00,1.10522001645441463e+01
1265,2.18750000000000000e+00,3.12500000000000000e-01,4.37500000000000000e-01,1.77771999734203234e+00,3.89923102814173557e-05,1.73839568960100401e-05,1.77771999785465584e+00,1.07012848729565047e+01
1266,2.31250000000000000e+00,3.12500000000000000e-01,4.37500000000000000e-01,1.77773589036677859e+00,2.07115347846316365e-05,9.24809380482913217e-06,1.77773589051148373e+00,1.03503956401914579e+01
1267,2.43750000000000000e+00,3.12500000000000000e-01,4.37500000000000000e-01,1.77774429524901478e+00,1.09833959627414546e-05,4.91174494191951376e-06,1.77774429528972933e+00,9.99952025227678121e+00
1268,2.56250000000000000e+00,3.12500000000000000e-01,4.37500000000000000e-01,1.77774873704124525e+00,5.81647465115948505e-06,2.60479587194740803e-06,1.77774873705266856e+00,9.64865222026764080e+00
1269,2.68750000000000000e+00,3.12500000000000000e-01,4.37500000000000000e-01,1.77775108267993653e+00,3.07639834327353946e-06,1.37949502049763294e-06,1.77775108268313375e+00,9.29778809067595802e+00
1270,2.81250000000000000e+00,3.12500000000000000e-01,4.37500000000000000e-01,1.77775232043232201e+00,1.62521609567892418e-06,7.29619750593826885e-07,1.77775232043321463e+00,8.94692602828228445e+00
1271,2.93750000000000000e+00,3.12500000000000000e-01,4.37500000000000000e-01,1.77775297293158929e+00,8.57562065483025710e-07,3.85390832333337573e-07,1.77775297293183776e+00,8.59606506021294869e+00
1272,3.06250000000000000e+00,3.12500000000000000e-01,4.37500000000000000e-01,1.77775331648524304e+00,4.51935702717129998e-07,2.03287645522342054e-07,1.77775331648531210e+00,8.24520467103112331e+00
1273,3.18750000000000000e+00,3.12500000000000000e-01,4.37500000000000000e-01,1.77775349711652364e+00,2.37837782995825685e-07,1.07071479308012768e-07,1.77775349711654274e+00,7.89434458773078074e+00
1274,3.31250000000000000e+00,3.12500000000000000e-01,4.37500000000000000e-01,1.77775359192707127e+00,1.24960083597457798e-07,5.62988254926439381e-08,1.77775359192707638e+00,7.54348466586829947e+00
1275,3.43750000000000000e+00,3.12500000000000000e-01,4.37500000000000000e-01,1.77775364158583771e+00,6.55203763474344600e-08,2.95418350199801120e-08,1.77775364158583904e+00,7.19262482910858569e+00
1276,3.56250000000000000e+00,3.12500000000000000e-01,4.37500000000000000e-01,1.77775366752335251e+00,3.42627945687044466e-08,1.54612272064746519e-08,1.77775366752335295e+00,6.84176503714593931e+00
1277,3.68750000000000000e+00,3.12500000000000000e-01,4.37500000000000000e-01,1.77775368101981379e+00,1.78517043025241218e-08,8.06359145761940042e-09,1.77775368101981379e+00,6.49090526872025464e+00
1278,3.81250000000000000e+00,3.12500000000000000e-01,4.37500000000000000e-01,1.77775368800508771e+00,9.25280715073432705e-09,4.18481129211745943e-09,1.77775368800508771e+00,6.14004551263196774e+00
1279,3.93750000000000000e+00,3.12500000000000000e-01,4.37500000000000000e-01,1.77775369159209262e+00,4.75943008430391163e-09,2.15637959231910713e-09,1.77775369159209262e+00,5.78918576299018817e+00
1280,4.06250000000000000e+00,3.12500000000000000e-01,4.37500000000000000e-01,1.77775369341242295e+00,2.42037622675977330e-09,1.09945039722494748e-09,1.77775369341242295e+00,5.43832601670180438e+00
1281,4.18750000000000000e+00,3.12500000000000000e-01,4.37500000000000000e-01,1.77775369431955133e+00,1.20961497037707084e-09,5.51640136526996557e-10,1.77775369431955133e+00,5.08746627214660041e+00
1282,4.31250000000000000e+00,3.12500000000000000e-01,4.37500000000000000e-01,1.77775369475870471e+00,5.88226937080410567e-10,2.69962733835691123e-10,1.77775369475870471e+00,4.73660652847871333e+00
1283,4.43750000000000000e+00,3.12500000000000000e-01,4.37500000000000000e-01,1.77775369496123026e+00,2.73507719073882586e-10,1.26874068807825019e-10,1.77775369496123026e+00,4.38574678525882167e+00
1284,4.56250000000000000e+00,3.12500000000000000e-01,4.37500000000000000e-01,1.77775369504693903e+00,1.17374983746746389e-10,5.55265056988432624e-11,1.77775369504693903e+00,4.03488704226032535e+00
1285,4.68750000000000000e+00,3.12500000000000000e-01,4.37500000000000000e-01,1.77775369507656245e+00,4.28163954154268544e-11,2.11937166129432440e-11,1.77775369507656245e+00,3.68402729936578233e+00
1286,4.81250000000000000e+00,3.12500000000000000e-01,4.37500000000000000e-01,1.77775369508137349e+00,1.00370271891426564e-11,5.85443410245742765e-12,1.77775369508137349e+00,3.33316755651621355e+00
1287,4.93750000000000000e+00,3.12500000000000000e-01,4.37500000000000000e-01,1.77775369507877645e+00,-3.39257296048207315e-12,-6.96237273956547212e-13,1.77775369507877645e+00,2.98230781368678066e+00
1288,5.06250000000000000e+00,3.12500000000000000e-01,4.37500000000000000e-01,1.77775369507125935e+00,-1.02458859469134145e-11,-4.07370736587458116e-12,1.77775369507125935e+00,2.63144807086581256e+00
1289,5.18750000000000000e+00,3.12500000000000000e-01,4.37500000000000000e-01,1.77775369506119696e+00,-1.69325249809012465e-11,-7.15700012908685340e-12,1.77775369506119696e+00,2.28058832804797706e+00
1290,5.31250000000000000e+00,3.12500000000000000e-01,4.37500000000000000e-01,1.77775369504732561e+00,-2.92412321755151060e-11,-1.25291409215436696e-11,1.77775369504732561e+00,1.92972858523855595e+00
1291,5.43750000000000000e+00,3.12500000000000000e-01,4.37500000000000000e-01,1.77775369502122982e+00,-5.73155759317186906e-11,-2.42812827907905553e-11,1.77775369502122982e+00,1.57886884243869829e+00
1292,5.56250000000000000e+00,3.12500000000000000e-01,4.37500000000000000e-01,1.77775369495512403e+00,-1.26595233720094601e-10,-5.23332842220938368e-11,1.77775369495512403e+00,1.22800909964036031e+00
1293,5.68750000000000000e+00,3.12500000000000000e-01,4.37500000000000000e-01,1.77775369484515555e+00,-2.95074379541542141e-10,-1.19560383525291193e-10,1.77775369484515555e+00,8.77149357130082463e-01
1294,5.81250000000000000e+00,3.12500000000000000e-01,4.37500000000000000e-01,1.77775369464614874e+00,-5.53736608307599311e-10,-2.25692800006345108e-10,1.77775369464614874e+00,5.26289615015808621e-01
1295,5.93750000000000000e+00,3.12500000000000000e-01,4.37500000000000000e-01,1.77775369344733525e+00,-8.15072590713298023e-10,-3.49753684591577590e-10,1.77775369344733525e+00,1.75429869920553066e-01
1296,6.25000000000000000e-02,4.37500000000000000e-01,4.37500000000000000e-01,1.07283206442787282e+00,3.80551766683357023e-02,3.80551766683357232e-02,1.07418109804962025e+00,1.68789911158136476e+01
1297,1.87500000000000000e-01,4.37500000000000000e-01,4.37500000000000000e-01,1.24374505414100667e+00,5.54739747867189492e-02,5.54739747867188729e-02,1.24621686854956781e+00,1.67434538096802932e+01
1298,3.12500000000000000e-01,4.37500000000000000e-01,4.37500000000000000e-01,1.47580111844055373e+00,5.32895388875121792e-02,5.32895388875122000e-02,1.47772409166937413e+00,1.63142801367265449e+01
1299,4.37500000000000000e-01,4.37500000000000000e-01,4.37500000000000000e-01,1.65961903058036753e+00,4.45061399021078469e-02,4.45061399021081106e-02,1.66081212653403121e+00,1.58689862882371653e+01
1300,5.62500000000000000e-01,4.37500000000000000e-01,4.37500000000000000e-01,1.78755697742332043e+00,3.24613039468426498e-02,3.24613039468426498e-02,1.78814636426738161e+00,1.54397561046897636e+01
1301,6.87500000000000000e-01,4.37500000000000000e-01,4.37500000000000000e-01,1.87241870910383579e+00,2.15657634889169399e-02,2.15657634889168844e-02,1.87266707839695701e+00,1.50220553077999419e+01
1302,8.12500000000000000e-01,4.37500000000000000e-01,4.37500000000000000e-01,1.92505885230270191e+00,1.35562855953336742e-02,1.35562855953335944e-02,1.92515431344795851e+00,1.46251866739724310e+01
1303,9.37500000000000000e-01,4.37500000000000000e-01,4.37500000000000000e-01,1.95616327567515702e+00,8.20770682634071151e-03,8.20770682634047732e-03,1.95619771342337856e+00,1.42468283314254887e+01
1304,1.06250000000000000e+00,4.37500000000000000e-01,4.37500000000000000e-01,1.97416393777983235e+00,4.82262984306205521e-03,4.82262984306208731e-03,1.97417571881217802e+00,1.38798418454183867e+01
1305,1.18750000000000000e+00,4.37500000000000000e-01,4.37500000000000000e-01,1.98440694164444320e+00,2.76966361002633143e-03,2.76966361002613281e-03,1.98441080729764163e+00,1.35196394866802265e+01
1306,1.31250000000000000e+00,4.37500000000000000e-01,4.37500000000000000e-01,1.99013078284906531e+00,1.56342783876107952e-03,1.56342783876107388e-03,1.99013201106274540e+00,1.31635455505061998e+01
1307,1.43750000000000000e+00,4.37500000000000000e-01,4.37500000000000000e-01,1.99328856918836794e+00,8.70229947022792901e-04,8.70229947022485096e-04,1.99328894911333232e+00,1.28098072771084137e+01
1308,1.56250000000000000e+00,4.37500000000000000e-01,4.37500000000000000e-01,1.99501596713723472e+00,4.78874544254315236e-04,4.78874544254156726e-04,1.99501608208409542e+00,1.24573715694196210e+01
1309,1.68750000000000000e+00,4.37500000000000000e-01,4.37500000000000000e-01,1.99595368999157374e+00,2.61167692755652297e-04,2.61167692755134536e-04,1.99595372416499339e+00,1.21056551039800411e+01
1310,1.81250000000000000e+00,4.37500000000000000e-01,4.37500000000000000e-01,1.99645939757160185e+00,1.41437795874232953e-04,1.41437795873900293e-04,1.99645940759166529e+00,1.17543334981223779e+01
1311,1.93750000000000000e+00,4.37500000000000000e-01,4.37500000000000000e-01,1.99673083387651840e+00,7.61666828065939150e-05,7.61666828059861384e-05,1.99673083678194918e+00,1.14032258077697186e+01
1312,2.06250000000000000e+00,4.37500000000000000e-01,4.37500000000000000e-01,1.99687600679185850e+00,4.08335393934768987e-05,4.08335393932703311e-05,1.99687600762685169e+00,1.10522332823168696e+01
1313,2.18750000000000000e+00,4.37500000000000000e-01,4.37500000000000000e-01,1.99695341291846473e+00,2.18157190043519880e-05,2.18157190035947609e-05,1.99695341315679054e+00,1.07013026564037439e+01
1314,2.31250000000000000e+00,4.37500000000000000e-01,4.37500000000000000e-01,1.99699458832465515e+00,1.16235248355177313e-05,1.16235248350316394e-05,1.99699458839230992e+00,1.03504051593499415e+01
1315,2.43750000000000000e+00,4.37500000000000000e-01,4.37500000000000000e-01,1.99701645064682132e+00,6.17925223034089942e-06,6.17925222959043162e-06,1.99701645066594136e+00,9.99952533639441121e+00
1316,2.56250000000000000e+00,4.37500000000000000e-01,4.37500000000000000e-01,1.99702803972025644e+00,3.27888293750444402e-06,3.27888293703088653e-06,1.99702803972563991e+00,9.64865493019625298e+00
1317,2.68750000000000000e+00,4.37500000000000000e-01,4.37500000000000000e-01,1.99703417427853047e+00,1.73709031025738966e-06,1.73709030968814096e-06,1.99703417428004149e+00,9.29778953271633135e+00
1318,2.81250000000000000e+00,4.37500000000000000e-01,4.37500000000000000e-01,1.99703741746342422e+00,9.18957624004534725e-07,9.18957624785780741e-07,1.99703741746384722e+00,8.94692679460060880e+00
1319,2.93750000000000000e+00,4.37500000000000000e-01,4.37500000000000000e-01,1.99703912995334609e+00,4.85489732514760102e-07,4.85489733684628646e-07,1.99703912995346422e+00,8.59606546694936036e+00
1320,3.06250000000000000e+00,4.37500000000000000e-01,4.37500000000000000e-01,1.99704003304582689e+00,2.56140175155651425e-07,2.56140177654062877e-07,1.99704003304585975e+00,8.24520488666887452e+00
1321,3.18750000000000000e+00,4.37500000000000000e-01,4.37500000000000000e-01,1.99704050865120508e+00,1.34943984855789298e-07,1.34943987688602793e-07,1.99704050865121419e+00,7.89434470192862392e+00
1322,3.31250000000000000e+00,4.37500000000000000e-01,4.37500000000000000e-01,1.99704075874038223e+00,7.09787738517276276e-08,7.09787774771946736e-08,1.99704075874038467e+00,7.54348472627572164e+00
1323,3.43750000000000000e+00,4.37500000000000000e-01,4.37500000000000000e-01,1.99704089000206886e+00,3.72616384202247615e-08,3.72616415916013752e-08,1.99704089000206952e+00,7.19262486102194920e+00
1324,3.56250000000000000e+00,4.37500000000000000e-01,4.37500000000000000e-01,1.99704095873325227e+00,1.95128478485616944e-08,1.95128509480227128e-08,1.99704095873325249e+00,6.84176505398143497e+00
1325,3.68750000000000000e+00,4.37500000000000000e-01,4.37500000000000000e-01,1.99704099460827389e+00,1.01842915986155336e-08,1.01842931408241686e-08,1.99704099460827389e+00,6.49090527758603653e+00
1326,3.81250000000000000e+00,4.37500000000000000e-01,4.37500000000000000e-01,1.99704101325056960e+00,5.29059684431813415e-09,5.29059716256052981e-09,1.99704101325056960e+00,6.14004551729039516e+00
1327,3.93750000000000000e+00,4.37500000000000000e-01,4.37500000000000000e-01,1.99704102287574181e+00,2.72977986101516015e-09,2.72977822733283949e-09,1.99704102287574181e+00,5.78918576543065111e+00
1328,4.06250000000000000e+00,4.37500000000000000e-01,4.37500000000000000e-01,1.99704102779803883e+00,1.39436834266336633e-09,1.39436540731410778e-09,1.99704102779803883e+00,5.43832601797512627e+00
1329,4.18750000000000000e+00,4.37500000000000000e-01,4.37500000000000000e-01,1.99704103027915791e+00,7.01486465775108243e-10,7.01482458064253892e-10,1.99704103027915791e+00,5.08746627280714581e+00
1330,4.31250000000000000e+00,4.37500000000000000e-01,4.37500000000000000e-01,1.99704103150204082e+00,3.44701376020001927e-10,3.44697094551174533e-10,1.99704103150204082e+00,4.73660652881854638e+00
1331,4.43750000000000000e+00,4.37500000000000000e-01,4.37500000000000000e-01,1.99704103208337180e+00,1.63122357048129283e-10,1.63118262368560603e-10,1.99704103208337180e+00,4.38574678543161589e+00
1332,4.56250000000000000e+00,4.37500000000000000e-01,4.37500000000000000e-01,1.99704103234359565e+00,7.23412975203830180e-11,7.23381175172474473e-11,1.99704103234359565e+00,4.03488704234732154e+00
1333,4.68750000000000000e+00,4.37500000000000000e-01,4.37500000000000000e-01,1.99704103244713083e+00,2.82751220522190687e-11,2.82730256680549196e-11,1.99704103244713083e+00,3.68402729940949092e+00
1334,4.81250000000000000e+00,4.37500000000000000e-01,4.37500000000000000e-01,1.99704103247688836e+00,8.31405233977717354e-12,8.31352026270800447e-12,1.99704103247688836e+00,3.33316755653735308e+00
1335,4.93750000000000000e+00,4.37500000000000000e-01,4.37500000000000000e-01,1.99704103247865139e+00,-7.77640634289754877e-14,-7.70671735447749886e-14,1.99704103247865139e+00,2.98230781369696007e+00
1336,5.06250000000000000e+00,4.37500000000000000e-01,4.37500000000000000e-01,1.99704103246838738e+00,-4.34794475550003867e-12,-4.34619010583679011e-12,1.99704103246838738e+00,2.63144807087442656e+00
1337,5.18750000000000000e+00,4.37500000000000000e-01,4.37500000000000000e-01,1.99704103244784048e+00,-8.24139409298218255e-12,-8.23910039117882774e-12,1.99704103244784048e+00,2.28058832806210443e+00
1338,5.31250000000000000e+00,4.37500000000000000e-01,4.37500000000000000e-01,1.99704103241639230e+00,-1.46442330041400145e-11,-1.46416696941474047e-11,1.99704103241639230e+00,1.92972858527046265e+00
1339,5.43750000000000000e+00,4.37500000000000000e-01,4.37500000000000000e-01,1.99704103235724784e+00,-2.84865308807163268e-11,-2.84842376520147568e-11,1.99704103235724784e+00,1.57886884250558057e+00
1340,5.56250000000000000e+00,4.37500000000000000e-01,4.37500000000000000e-01,1.99704103221802520e+00,-6.13801553130924933e-11,-6.13783750025510359e-11,1.99704103221802520e+00,1.22800909976540984e+00
1341,5.68750000000000000e+00,4.37500000000000000e-01,4.37500000000000000e-01,1.99704103198558447e+00,-1.39657226033745609e-10,-1.39656230527593547e-10,1.99704103198558447e+00,8.77149357556409104e-01
1342,5.81250000000000000e+00,4.37500000000000000e-01,4.37500000000000000e-01,1.99704103156728796e+00,-2.61620976751629572e-10,-2.61620950575524317e-10,1.99704103156728796e+00,5.26289615943779543e-01
1343,5.93750000000000000e+00,4.37500000000000000e-01,4.37500000000000000e-01,1.99704102926776583e+00,-3.93710216591736006e-10,-3.93711282895410379e-10,1.99704102926776583e+00,1.75429868477698980e-01
1344,6.25000000000000000e-02,5.62500000000000000e-01,4.37500000000000000e-01,1.07283206442787327e+00,-3.80551766683357162e-02,3.80551766683356607e-02,1.07418109804962070e+00,1.68789911158136476e+01
1345,1.87500000000000000e-01,5.62500000000000000e-01,4.37500000000000000e-01,1.24374505414100578e+00,-5.54739747867192684e-02,5.54739747867190533e-02,1.24621686854956693e+00,1.67434538096802896e+01
1346,3.12500000000000000e-01,5.62500000000000000e-01,4.37500000000000000e-01,1.47580111844055417e+00,-5.32895388875126164e-02,5.32895388875121931e-02,1.47772409166937457e+00,1.63142801367265520e+01
1347,4.37500000000000000e-01,5.62500000000000000e-01,4.37500000000000000e-01,1.65961903058036730e+00,-4.45061399021079787e-02,4.45061399021078816e-02,1.66081212653403099e+00,1.58689862882371600e+01
1348,5.62500000000000000e-01,5.62500000000000000e-01,4.37500000000000000e-01,1.78755697742332043e+00,-3.24613039468426220e-02,3.24613039468427886e-02,1.78814636426738161e+00,1.54397561046897689e+01
1349,6.87500000000000000e-01,5.62500000000000000e-01,4.37500000000000000e-01,1.87241870910383601e+00,-2.15657634889169086e-02,2.15657634889168393e-02,1.87266707839695723e+00,1.50220553077999366e+01
1350,8.12500000000000000e-01,5.62500000000000000e-01,4.37500000000000000e-01,1.92505885230270124e+00,-1.35562855953334921e-02,1.35562855953335615e-02,1.92515431344795784e+00,1.46251866739724363e+01
1351,9.37500000000000000e-01,5.62500000000000000e-01,4.37500000000000000e-01,1.95616327567515791e+00,-8.20770682634066294e-03,8.20770682634032120e-03,1.95619771342337945e+00,1.42468283314254833e+01
1352,1.06250000000000000e+00,5.62500000000000000e-01,4.37500000000000000e-01,1.97416393777983190e+00,-4.82262984306187827e-03,4.82262984306207603e-03,1.97417571881217757e+00,1.38798418454183903e+01
1353,1.18750000000000000e+00,5.62500000000000000e-01,4.37500000000000000e-01,1.98440694164444453e+00,-2.76966361002630888e-03,2.76966361002617834e-03,1.98441080729764296e+00,1.35196394866802247e+01
1354,1.31250000000000000e+00,5.62500000000000000e-01,4.37500000000000000e-01,1.99013078284906375e+00,-1.56342783876116669e-03,1.56342783876124453e-03,1.99013201106274384e+00,1.31635455505061980e+01
1355,1.43750000000000000e+00,5.62500000000000000e-01,4.37500000000000000e-01,1.99328856918836927e+00,-8.70229947022605767e-04,8.70229947022260340e-04,1.99328894911333365e+00,1.28098072771084155e+01
1356,1.56250000000000000e+00,5.62500000000000000e-01,4.37500000000000000e-01,1.99501596713723406e+00,-4.78874544254328952e-04,4.78874544254409942e-04,1.99501608208409476e+00,1.24573715694196174e+01
1357,1.68750000000000000e+00,5.62500000000000000e-01,4.37500000000000000e-01,1.99595368999157530e+00,-2.61167692755302045e-04,2.61167692754884248e-04,1.99595372416499495e+00,1.21056551039800464e+01
1358,1.81250000000000000e+00,5.62500000000000000e-01,4.37500000000000000e-01,1.99645939757160229e+00,-1.41437795874306896e-04,1.41437795874167711e-04,1.99645940759166574e+00,1.17543334981223726e+01
1359,1.93750000000000000e+00,5.62500000000000000e-01,4.37500000000000000e-01,1.99673083387651840e+00,-7.61666828059937956e-05,7.61666828056576658e-05,1.99673083678194918e+00,1.14032258077697239e+01
1360,2.06250000000000000e+00,5.62500000000000000e-01,4.37500000000000000e-01,1.99687600679185828e+00,-4.08335393932471834e-05,4.08335393936531222e-05,1.99687600762685147e+00,1.10522332823168661e+01
1361,2.18750000000000000e+00,5.62500000000000000e-01,4.37500000000000000e-01,1.99695341291846518e+00,-2.18157190033247675e-05,2.18157190034496032e-05,1.99695341315679098e+00,1.07013026564037474e+01
1362,2.31250000000000000e+00,5.62500000000000000e-01,4.37500000000000000e-01,1.99699458832465671e+00,-1.16235248342530975e-05,1.16235248351862297e-05,1.99699458839231148e+00,1.03504051593499398e+01
1363,2.43750000000000000e+00,5.62500000000000000e-01,4.37500000000000000e-01,1.99701645064682154e+00,-6.17925222880498813e-06,6.17925222935901460e-06,1.99701645066594158e+00,9.99952533639441121e+00
1364,2.56250000000000000e+00,5.62500000000000000e-01,4.37500000000000000e-01,1.99702803972025733e+00,-3.27888293592838845e-06,3.27888293723540009e-06,1.99702803972564080e+00,9.64865493019625298e+00
1365,2.68750000000000000e+00,5.62500000000000000e-01,4.37500000000000000e-01,1.99703417427853203e+00,-1.73709030905248762e-06,1.73709030979625582e-06,1.99703417428004304e+00,9.29778953271633135e+00
1366,2.81250000000000000e+00,5.62500000000000000e-01,4.37500000000000000e-01,1.99703741746342356e+00,-9.18957623046536650e-07,9.18957624744389946e-07,1.99703741746384655e+00,8.94692679460061058e+00
1367,2.93750000000000000e+00,5.62500000000000000e-01,4.37500000000000000e-01,1.99703912995334765e+00,-4.85489732076793882e-07,4.85489733547617043e-07,1.99703912995346577e+00,8.59606546694936213e+00
1368,3.06250000000000000e+00,5.62500000000000000e-01,4.37500000000000000e-01,1.99704003304582778e+00,-2.56140175600499576e-07,2.56140177849641037e-07,1.99704003304586064e+00,8.24520488666887275e+00
1369,3.18750000000000000e+00,5.62500000000000000e-01,4.37500000000000000e-01,1.99704050865120597e+00,-1.34943986349336818e-07,1.34943987655080220e-07,1.99704050865121507e+00,7.89434470192862570e+00
1370,3.31250000000000000e+00,5.62500000000000000e-01,4.37500000000000000e-01,1.99704075874038312e+00,-7.09787764876717131e-08,7.09787776344201087e-08,1.99704075874038556e+00,7.54348472627571898e+00
1371,3.43750000000000000e+00,5.62500000000000000e-01,4.37500000000000000e-01,1.99704089000206908e+00,-3.72616414373600239e-08,3.72616415407425061e-08,1.99704089000206975e+00,7.19262486102195275e+00
1372,3.56250000000000000e+00,5.62500000000000000e-01,4.37500000000000000e-01,1.99704095873325227e+00,-1.95128513873015134e-08,1.95128511420149696e-08,1.99704095873325249e+00,6.84176505398143053e+00
1373,3.68750000000000000e+00,5.62500000000000000e-01,4.37500000000000000e-01,1.99704099460827300e+00,-1.01842947214486295e-08,1.01842930921695571e-08,1.99704099460827300e+00,6.49090527758604008e+00
1374,3.81250000000000000e+00,5.62500000000000000e-01,4.37500000000000000e-01,1.99704101325056871e+00,-5.29059947202012501e-09,5.29059720946470464e-09,1.99704101325056871e+00,6.14004551729039161e+00
1375,3.93750000000000000e+00,5.62500000000000000e-01,4.37500000000000000e-01,1.99704102287573981e+00,-2.72978099778863186e-09,2.72977812963433633e-09,1.99704102287573981e+00,5.78918576543065289e+00
1376,4.06250000000000000e+00,5.62500000000000000e-01,4.37500000000000000e-01,1.99704102779803816e+00,-1.39436821724093942e-09,1.39436541443364863e-09,1.99704102779803816e+00,5.43832601797512361e+00
1377,4.18750000000000000e+00,5.62500000000000000e-01,4.37500000000000000e-01,1.99704103027915703e+00,-7.01485179527251658e-10,7.01482414386044366e-10,1.99704103027915703e+00,5.08746627280714758e+00
1378,4.31250000000000000e+00,5.62500000000000000e-01,4.37500000000000000e-01,1.99704103150204082e+00,-3.44699330180819740e-10,3.44697081838906232e-10,1.99704103150204082e+00,4.73660652881854549e+00
1379,4.43750000000000000e+00,5.62500000000000000e-01,4.37500000000000000e-01,1.99704103208337047e+00,-1.63119896715190277e-10,1.63118273105495132e-10,1.99704103208337047e+00,4.38574678543161856e+00
1380,4.56250000000000000e+00,5.62500000000000000e-01,4.37500000000000000e-01,1.99704103234359565e+00,-7.23389799583275051e-11,7.23379951922717535e-11,1.99704103234359565e+00,4.03488704234731976e+00
1381,4.68750000000000000e+00,5.62500000000000000e-01,4.37500000000000000e-01,1.99704103244713016e+00,-2.82735651283184631e-11,2.82729896010895100e-11,1.99704103244713016e+00,3.68402729940949270e+00
1382,4.81250000000000000e+00,5.62500000000000000e-01,4.37500000000000000e-01,1.99704103247688880e+00,-8.31386695168722010e-12,8.31340305779937436e-12,1.99704103247688880e+00,3.33316755653735175e+00
1383,4.93750000000000000e+00,5.62500000000000000e-01,4.37500000000000000e-01,1.99704103247865250e+00,7.67666867319873166e-14,-7.70242425394804304e-14,1.99704103247865250e+00,2.98230781369696096e+00
1384,5.06250000000000000e+00,5.62500000000000000e-01,4.37500000000000000e-01,1.99704103246838738e+00,4.34617293172774338e-12,-4.34630743976407777e-12,1.99704103246838738e+00,2.63144807087442612e+00
1385,5.18750000000000000e+00,5.62500000000000000e-01,4.37500000000000000e-01,1.99704103244784026e+00,8.23912233418034474e-12,-8.23902782040215437e-12,1.99704103244784026e+00,2.28058832806210354e+00
1386,5.31250000000000000e+00,5.62500000000000000e-01,4.37500000000000000e-01,1.99704103241639186e+00,1.46421512547683344e-11,-1.46417131028317244e-11,1.99704103241639186e+00,1.92972858527046265e+00
1387,5.43750000000000000e+00,5.62500000000000000e-01,4.37500000000000000e-01,1.99704103235724739e+00,2.84849042395208046e-11,-2.84841615886762882e-11,1.99704103235724739e+00,1.57886884250557902e+00
1388,5.56250000000000000e+00,5.62500000000000000e-01,4.37500000000000000e-01,1.99704103221802431e+00,6.13796460284583232e-11,-6.13785105753928747e-11,1.99704103221802431e+00,1.22800909976541028e+00
1389,5.68750000000000000e+00,5.62500000000000000e-01,4.37500000000000000e-01,1.99704103198558447e+00,1.39657834982809619e-10,-1.39656130738425698e-10,1.99704103198558447e+00,8.77149357556407772e-01
1390,5.81250000000000000e+00,5.62500000000000000e-01,4.37500000000000000e-01,1.99704103156728752e+00,2.61623110350576484e-10,-2.61620851212345616e-10,1.99704103156728752e+00,5.26289615943780209e-01
1391,5.93750000000000000e+00,5.62500000000000000e-01,4.37500000000000000e-01,1.99704102926776605e+00,3.93714178343082721e-10,-3.93711212752943923e-10,1.99704102926776605e+00,1.75429868477699480e-01
1392,6.25000000000000000e-02,6.87500000000000000e-01,4.37500000000000000e-01,1.07324300491449254e+00,-1.28595642335341487e-01,3.77496791246494864e-02,1.08157867263530227e+00,1.70505489075895724e+01
1393,1.87500000000000000e-01,6.87500000000000000e-01,4.37500000000000000e-01,1.24424515274183145e+00,-1.63902439832953634e-01,5.50622149763525734e-02,1.25620136022169659e+00,1.68046064694867034e+01
1394,3.12500000000000000e-01,6.87500000000000000e-01,4.37500000000000000e-01,1.44235996794672250e+00,-1.44351406958107054e-01,5.26638382211932418e-02,1.45052165984594761e+00,1.63251771418459306e+01
1395,4.37500000000000000e-01,6.87500000000000000e-01,4.37500000000000000e-01,1.57696444808238789e+00,-1.09888617677277561e-01,4.32744143566153386e-02,1.58138074281582197e+00,1.58644211406065878e+01
1396,5.62500000000000000e-01,6.87500000000000000e-01,4.37500000000000000e-01,1.66152940947482053e+00,-7.48473475323225695e-02,3.08961956533431864e-02,1.66350133119520516e+00,1.54270294370601579e+01
1397,6.87500000000000000e-01,6.87500000000000000e-01,4.37500000000000000e-01,1.71316226016724094e+00,-4.72449181436718144e-02,2.00754871834060156e-02,1.71393116464383799e+00,1.50095426976445179e+01
1398,8.12500000000000000e-01,6.87500000000000000e-01,4.37500000000000000e-01,1.74260468166571258e+00,-2.85228245815207261e-02,1.23297118074114972e-02,1.74288170851570468e+00,1.46163837027008832e+01
1399,9.37500000000000000e-01,6.87500000000000000e-01,4.37500000000000000e-01,1.75873877722385830e+00,-1.67022909221487721e-02,7.29501758522631012e-03,1.75883321276194038e+00,1.42411596055226433e+01
1400,1.06250000000000000e+00,6.87500000000000000e-01,4.37500000000000000e-01,1.76754623781556197e+00,-9.54158976558873786e-03,4.19770455884685336e-03,1.76757697582729478e+00,1.38763134497636749e+01
1401,1.18750000000000000e+00,6.87500000000000000e-01,4.37500000000000000e-01,1.77231410709879933e+00,-5.35437775563670296e-03,2.36607930803267932e-03,1.77232377457220158e+00,1.35175505184402986e+01
1402,1.31250000000000000e+00,6.87500000000000000e-01,4.37500000000000000e-01,1.77486321112426815e+00,-2.96638128832849750e-03,1.31356921849682512e-03,1.77486617610578956e+00,1.31623490002763326e+01
1403,1.43750000000000000e+00,6.87500000000000000e-01,4.37500000000000000e-01,1.77621962738355355e+00,-1.62629779497609848e-03,7.20878124758312071e-04,1.77622051818245774e+00,1.28091312629322438e+01
1404,1.56250000000000000e+00,6.87500000000000000e-01,4.37500000000000000e-01,1.77694076074831742e+00,-8.84053140144423506e-04,3.92155209259166949e-04,1.77694102393536735e+00,1.24569945903001216e+01
1405,1.68750000000000000e+00,6.87500000000000000e-01,4.37500000000000000e-01,1.77732333173977519e+00,-4.77454905681843473e-04,2.11945338700000695e-04,1.77732340850802628e+00,1.21054476591192461e+01
1406,1.81250000000000000e+00,6.87500000000000000e-01,4.37500000000000000e-01,1.77752592463849179e+00,-2.56565587885476296e-04,1.13989650336604565e-04,1.77752594680962850e+00,1.17542203463225263e+01
1407,1.93750000000000000e+00,6.87500000000000000e-01,4.37500000000000000e-01,1.77763316779634217e+00,-1.37316363936323038e-04,6.10701202568138891e-05,1.77763317414898681e+00,1.14031644376487389e+01
1408,2.06250000000000000e+00,6.87500000000000000e-01,4.37500000000000000e-01,1.77768995268862251e+00,-7.32628919867633460e-05,3.26181425768896241e-05,1.77768995449754152e+00,1.10522001645441534e+01
1409,2.18750000000000000e+00,6.87500000000000000e-01,4.37500000000000000e-01,1.77771999734203257e+00,-3.89923102808479937e-05,1.73839568963923366e-05,1.77771999785465606e+00,1.07012848729565011e+01
1410,2.31250000000000000e+00,6.87500000000000000e-01,4.37500000000000000e-01,1.77773589036677970e+00,-2.07115347835596079e-05,9.24809380472774232e-06,1.77773589051148484e+00,1.03503956401914596e+01
1411,2.43750000000000000e+00,6.87500000000000000e-01,4.37500000000000000e-01,1.77774429524901700e+00,-1.09833959616422244e-05,4.91174494177076969e-06,1.77774429528973155e+00,9.99952025227678121e+00
1412,2.56250000000000000e+00,6.87500000000000000e-01,4.37500000000000000e-01,1.77774873704124747e+00,-5.81647465000853245e-06,2.60479587209713423e-06,1.77774873705267100e+00,9.64865222026764258e+00
1413,2.68750000000000000e+00,6.87500000000000000e-01,4.37500000000000000e-01,1.77775108267993898e+00,-3.07639834237135281e-06,1.37949502062815521e-06,1.77775108268313597e+00,9.29778809067595802e+00
1414,2.81250000000000000e+00,6.87500000000000000e-01,4.37500000000000000e-01,1.77775232043232512e+00,-1.62521609511617349e-06,7.29619750496490093e-07,1.77775232043321774e+00,8.94692602828228623e+00
1415,2.93750000000000000e+00,6.87500000000000000e-01,4.37500000000000000e-01,1.77775297293159129e+00,-8.57562065379489167e-07,3.85390832414682700e-07,1.77775297293183976e+00,8.59606506021294869e+00
1416,3.06250000000000000e+00,6.87500000000000000e-01,4.37500000000000000e-01,1.77775331648524570e+00,-4.51935703182987796e-07,2.03287645496800437e-07,1.77775331648531476e+00,8.24520467103112509e+00
1417,3.18750000000000000e+00,6.87500000000000000e-01,4.37500000000000000e-01,1.77775349711652519e+00,-2.37837784366261863e-07,1.07071479380903963e-07,1.77775349711654429e+00,7.89434458773077896e+00
1418,3.31250000000000000e+00,6.87500000000000000e-01,4.37500000000000000e-01,1.77775359192707239e+00,-1.24960085205370992e-07,5.62988253197504581e-08,1.77775359192707771e+00,7.54348466586830479e+00
1419,3.43750000000000000e+00,6.87500000000000000e-01,4.37500000000000000e-01,1.77775364158583815e+00,-6.55203788204857453e-08,2.95418352794347179e-08,1.77775364158583971e+00,7.19262482910858036e+00
1420,3.56250000000000000e+00,6.87500000000000000e-01,4.37500000000000000e-01,1.77775366752335096e+00,-3.42627968330714769e-08,1.54612274170338805e-08,1.77775366752335140e+00,6.84176503714594375e+00
1421,3.68750000000000000e+00,6.87500000000000000e-01,4.37500000000000000e-01,1.77775368101981202e+00,-1.78517065572358169e-08,8.06359173296888721e-09,1.77775368101981202e+00,6.49090526872024842e+00
1422,3.81250000000000000e+00,6.87500000000000000e-01,4.37500000000000000e-01,1.77775368800508438e+00,-9.25280850970989142e-09,4.18481131953962584e-09,1.77775368800508438e+00,6.14004551263196952e+00
1423,3.93750000000000000e+00,6.87500000000000000e-01,4.37500000000000000e-01,1.77775369159208974e+00,-4.75943099204262744e-09,2.15637973096181190e-09,1.77775369159208974e+00,5.78918576299018195e+00
1424,4.06250000000000000e+00,6.87500000000000000e-01,4.37500000000000000e-01,1.77775369341241940e+00,-2.42037605078292712e-09,1.09945044176046023e-09,1.77775369341241940e+00,5.43832601670180704e+00
1425,4.18750000000000000e+00,6.87500000000000000e-01,4.37500000000000000e-01,1.77775369431954933e+00,-1.20961383709611160e-09,5.51640201845175798e-10,1.77775369431954933e+00,5.08746627214659775e+00
1426,4.31250000000000000e+00,6.87500000000000000e-01,4.37500000000000000e-01,1.77775369475870204e+00,-5.88225177533107922e-10,2.69962661146863664e-10,1.77775369475870204e+00,4.73660652847871599e+00
1427,4.43750000000000000e+00,6.87500000000000000e-01,4.37500000000000000e-01,1.77775369496122937e+00,-2.73505614498602639e-10,1.26873827734029183e-10,1.77775369496122937e+00,4.38574678525881989e+00
1428,4.56250000000000000e+00,6.87500000000000000e-01,4.37500000000000000e-01,1.77775369504693748e+00,-1.17373293179188064e-10,5.55262973181871549e-11,1.77775369504693748e+00,4.03488704226032802e+00
1429,4.68750000000000000e+00,6.87500000000000000e-01,4.37500000000000000e-01,1.77775369507656356e+00,-4.28155233174074130e-11,2.11933941565312949e-11,1.77775369507656356e+00,3.68402729936578055e+00
1430,4.81250000000000000e+00,6.87500000000000000e-01,4.37500000000000000e-01,1.77775369508137326e+00,-1.00370973090679058e-11,5.85422449830852656e-12,1.77775369508137326e+00,3.33316755651621577e+00
1431,4.93750000000000000e+00,6.87500000000000000e-01,4.37500000000000000e-01,1.77775369507877645e+00,3.39174212258778408e-12,-6.96547789453525685e-13,1.77775369507877645e+00,2.98230781368677977e+00
1432,5.06250000000000000e+00,6.87500000000000000e-01,4.37500000000000000e-01,1.77775369507125869e+00,1.02445791756612044e-11,-4.07379049876780385e-12,1.77775369507125869e+00,2.63144807086581345e+00
1433,5.18750000000000000e+00,6.87500000000000000e-01,4.37500000000000000e-01,1.77775369506119629e+00,1.69309066182958585e-11,-7.15704078866261772e-12,1.77775369506119629e+00,2.28058832804797706e+00
1434,5.31250000000000000e+00,6.87500000000000000e-01,4.37500000000000000e-01,1.77775369504732339e+00,2.92395834298105222e-11,-1.25290691640914951e-11,1.77775369504732339e+00,1.92972858523855395e+00
1435,5.43750000000000000e+00,6.87500000000000000e-01,4.37500000000000000e-01,1.77775369502122782e+00,5.73145456285026606e-11,-2.42812331154810245e-11,1.77775369502122782e+00,1.57886884243869741e+00
1436,5.56250000000000000e+00,6.87500000000000000e-01,4.37500000000000000e-01,1.77775369495512114e+00,1.26594703719752605e-10,-5.23331076654575411e-11,1.77775369495512114e+00,1.22800909964035743e+00
1437,5.68750000000000000e+00,6.87500000000000000e-01,4.37500000000000000e-01,1.77775369484515311e+00,2.95074984627897529e-10,-1.19560343626781423e-10,1.77775369484515311e+00,8.77149357130082352e-01
1438,5.81250000000000000e+00,6.87500000000000000e-01,4.37500000000000000e-01,1.77775369464614785e+00,5.53738223727657195e-10,-2.25692671571020815e-10,1.77775369464614785e+00,5.26289615015806511e-01
1439,5.93750000000000000e+00,6.87500000000000000e-01,4.37500000000000000e-01,1.77775369344733569e+00,8.15075777866826995e-10,-3.49753592209350327e-10,1.77775369344733569e+00,1.75429869920554954e-01
1440,6.25000000000000000e-02,8.12500000000000000e-01,4.37500000000000000e-01,1.03041788039916105e+00,-2.14371263237703114e-01,3.47554904954294197e-02,1.05305460013619712e+00,1.75838513355320707e+01
1441,1.87500000000000000e-01,8.12500000000000000e-01,4.37500000000000000e-01,1.16853765959855704e+00,-2.24022969234313529e-01,4.96191728832132972e-02,1.19085205418735596e+00,1.69600776430608704e+01
1442,3.12500000000000000e-01,8.12500000000000000e-01,4.37500000000000000e-01,1.25859310413713499e+00,-1.70449348731846084e-01,4.59855690706831299e-02,1.27091473153292789e+00,1.63408861804687930e+01
1443,4.37500000000000000e-01,8.12500000000000000e-01,4.37500000000000000e-01,1.28673090844152860e+00,-1.10477201615084772e-01,3.57589539468798553e-02,1.29195988544646245e+00,1.58544777523998359e+01
1444,5.62500000000000000e-01,8.12500000000000000e-01,4.37500000000000000e-01,1.30126162351621710e+00,-6.52645842007118782e-02,2.42371960592953420e-02,1.30312268051007751e+00,1.54066793158298800e+01
1445,6.87500000000000000e-01,8.12500000000000000e-01,4.37500000000000000e-01,1.30845299204700205e+00,-3.65580020348099735e-02,1.50563658162425566e-02,1.30905019539401990e+00,1.49910821276812865e+01
1446,8.12500000000000000e-01,8.12500000000000000e-01,4.37500000000000000e-01,1.31064481504874375e+00,-2.00007615043434860e-02,8.86665266124716384e-03,1.31082740252266805e+00,1.46038982074052814e+01
1447,9.37500000000000000e-01,8.12500000000000000e-01,4.37500000000000000e-01,1.31086484029202466e+00,-1.07970115963846348e-02,5.04935545727231653e-03,1.31091902914092362e+00,1.42333237276533158e+01
1448,1.06250000000000000e+00,8.12500000000000000e-01,4.37500000000000000e-01,1.31070750480382969e+00,-5.77398390153230356e-03,2.81285634163761390e-03,1.31072324088648684e+00,1.38715485772386717e+01
1449,1.18750000000000000e+00,8.12500000000000000e-01,4.37500000000000000e-01,1.31045218732911906e+00,-3.07478848200159723e-03,1.54099425949650822e-03,1.31045670064416453e+00,1.35147961585809959e+01
1450,1.31250000000000000e+00,8.12500000000000000e-01,4.37500000000000000e-01,1.31022425361991268e+00,-1.63481029658074542e-03,8.34276405191593825e-04,1.31022553913274153e+00,1.31608007995886833e+01
1451,1.43750000000000000e+00,8.12500000000000000e-01,4.37500000000000000e-01,1.31006560760431867e+00,-8.67975132735085181e-04,4.48409347198580198e-04,1.31006597188059426e+00,1.28082690596185618e+01
1452,1.56250000000000000e+00,8.12500000000000000e-01,4.37500000000000000e-01,1.30996614122108479e+00,-4.60354121225124073e-04,2.39987108344218842e-04,1.30996624409386531e+00,1.24565192343601492e+01
1453,1.68750000000000000e+00,8.12500000000000000e-01,4.37500000000000000e-01,1.30990683797731888e+00,-2.44031083086012268e-04,1.28104249176488069e-04,1.30990686697246006e+00,1.21051882689976953e+01
1454,1.81250000000000000e+00,8.12500000000000000e-01,4.37500000000000000e-01,1.30987275365199829e+00,-1.29289256735844838e-04,6.82671370399674565e-05,1.30987276181161305e+00,1.17540797208206698e+01
1455,1.93750000000000000e+00,8.12500000000000000e-01,4.37500000000000000e-01,1.30985371873985934e+00,-6.84577575798433119e-05,3.63368286735202715e-05,1.30985372103279851e+00,1.14030885670426887e+01
1456,2.06250000000000000e+00,8.12500000000000000e-01,4.37500000000000000e-01,1.30984329230478869e+00,-3.62317023424952035e-05,1.93229479908738796e-05,1.30984329294842006e+00,1.10521594134903385e+01
1457,2.18750000000000000e+00,8.12500000000000000e-01,4.37500000000000000e-01,1.30983764918652024e+00,-1.91646630279550706e-05,1.02680761829586408e-05,1.30983764936696923e+00,1.07012630446749952e+01
1458,2.31250000000000000e+00,8.12500000000000000e-01,4.37500000000000000e-01,1.30983462441249410e+00,-1.01302592086390716e-05,5.45221213258595245e-06,1.30983462446301524e+00,1.03503839756139442e+01
1459,2.43750000000000000e+00,8.12500000000000000e-01,4.37500000000000000e-01,1.30983301383781425e+00,-5.35142341081739370e-06,2.89235097070558253e-06,1.30983301385193940e+00,9.99951403347251677e+00
1460,2.56250000000000000e+00,8.12500000000000000e-01,4.37500000000000000e-01,1.30983215922785012e+00,-2.82513676792158702e-06,1.53273482347371457e-06,1.30983215923179364e+00,9.64864891066307528e+00
1461,2.68750000000000000e+00,8.12500000000000000e-01,4.37500000000000000e-01,1.30983170674220362e+00,-1.49031988253058278e-06,8.11285688925695239e-07,1.30983170674330274e+00,9.29778633165661184e+00
1462,2.81250000000000000e+00,8.12500000000000000e-01,4.37500000000000000e-01,1.30983146754346169e+00,-7.85475512046398495e-07,4.28870877225867906e-07,1.30983146754376745e+00,8.94692509452878504e+00
1463,2.93750000000000000e+00,8.12500000000000000e-01,4.37500000000000000e-01,1.30983134118856315e+00,-4.13559775267564403e-07,2.26403154497682409e-07,1.30983134118864797e+00,8.59606456512408101e+00
1464,3.06250000000000000e+00,8.12500000000000000e-01,4.37500000000000000e-01,1.30983127446005554e+00,-2.17476799747597706e-07,1.19341816997736313e-07,1.30983127446007908e+00,8.24520440881172334e+00
1465,3.18750000000000000e+00,8.12500000000000000e-01,4.37500000000000000e-01,1.30983123923099076e+00,-1.14193784796049446e-07,6.28043046214498113e-08,1.30983123923099742e+00,7.89434444899608234e+00
1466,3.31250000000000000e+00,8.12500000000000000e-01,4.37500000000000000e-01,1.30983122064067814e+00,-5.98509258220304970e-08,3.29890492772670677e-08,1.30983122064067992e+00,7.54348459255035486e+00
1467,3.43750000000000000e+00,8.12500000000000000e-01,4.37500000000000000e-01,1.30983121083734244e+00,-3.12945235808654963e-08,1.72889510716614600e-08,1.30983121083734289e+00,7.19262479041068925e+00
1468,3.56250000000000000e+00,8.12500000000000000e-01,4.37500000000000000e-01,1.30983120567330080e+00,-1.63109563200385204e-08,9.03478414890183438e-09,1.30983120567330080e+00,6.84176501675043713e+00
1469,3.68750000000000000e+00,8.12500000000000000e-01,4.37500000000000000e-01,1.30983120295770994e+00,-8.46345470269201507e-09,4.70311256281010722e-09,1.30983120295770994e+00,6.49090525798991091e+00
1470,3.81250000000000000e+00,8.12500000000000000e-01,4.37500000000000000e-01,1.30983120153330534e+00,-4.36313740096415747e-09,2.43492626893807103e-09,1.30983120153330534e+00,6.14004550699947149e+00
1471,3.93750000000000000e+00,8.12500000000000000e-01,4.37500000000000000e-01,1.30983120078893789e+00,-2.22768430714034798e-09,1.25065817902520493e-09,1.30983120078893789e+00,5.78918576004271213e+00
1472,4.06250000000000000e+00,8.12500000000000000e-01,4.37500000000000000e-01,1.30983120040205003e+00,-1.12074405483343412e-09,6.34805762287943044e-10,1.30983120040205003e+00,5.43832601516607106e+00
1473,4.18750000000000000e+00,8.12500000000000000e-01,4.37500000000000000e-01,1.30983120020254273e+00,-5.50967932905168526e-10,3.16419894197942131e-10,1.30983120020254273e+00,5.08746627135145602e+00
1474,4.31250000000000000e+00,8.12500000000000000e-01,4.37500000000000000e-01,1.30983120010082144e+00,-2.60838718018265283e-10,1.53273885671704589e-10,1.30983120010082144e+00,4.73660652807087690e+00
1475,4.43750000000000000e+00,8.12500000000000000e-01,4.37500000000000000e-01,1.30983120004981601e+00,-1.15560208844778173e-10,7.08088338162957855e-11,1.30983120004981601e+00,4.38574678505254845e+00
1476,4.56250000000000000e+00,8.12500000000000000e-01,4.37500000000000000e-01,1.30983120002494147e+00,-4.47542499509301257e-11,3.00229165565801074e-11,1.30983120002494147e+00,4.03488704215780292e+00
1477,4.68750000000000000e+00,8.12500000000000000e-01,4.37500000000000000e-01,1.30983120001312581e+00,-1.22402759336408560e-11,1.06467967006640103e-11,1.30983120001312581e+00,3.68402729931620732e+00
1478,4.81250000000000000e+00,8.12500000000000000e-01,4.37500000000000000e-01,1.30983120000755981e+00,7.58299283015393359e-13,2.11689029158344580e-12,1.30983120000755981e+00,3.33316755649363916e+00
1479,4.93750000000000000e+00,8.12500000000000000e-01,4.37500000000000000e-01,1.30983120000531250e+00,5.30222957036886119e-12,-1.43269045164074878e-12,1.30983120000531250e+00,2.98230781367640185e+00
1480,5.06250000000000000e+00,8.12500000000000000e-01,4.37500000000000000e-01,1.30983120000476894e+00,7.43879183405399132e-12,-3.32914776272965463e-12,1.30983120000476894e+00,2.63144807085916010e+00
1481,5.18750000000000000e+00,8.12500000000000000e-01,4.37500000000000000e-01,1.30983120000513842e+00,1.00138915427055275e-11,-5.40495305124525907e-12,1.30983120000513842e+00,2.28058832803899714e+00
1482,5.31250000000000000e+00,8.12500000000000000e-01,4.37500000000000000e-01,1.30983120000653419e+00,1.64453341756870940e-11,-9.41448530944145801e-12,1.30983120000653419e+00,1.92972858521565116e+00
1483,5.43750000000000000e+00,8.12500000000000000e-01,4.37500000000000000e-01,1.30983120000973985e+00,3.33464814323363492e-11,-1.82894738219225309e-11,1.30983120000973985e+00,1.57886884239060254e+00
1484,5.56250000000000000e+00,8.12500000000000000e-01,4.37500000000000000e-01,1.30983120001283004e+00,8.00952467930300560e-11,-3.93175005455106189e-11,1.30983120001283004e+00,1.22800909955306614e+00
1485,5.68750000000000000e+00,8.12500000000000000e-01,4.37500000000000000e-01,1.30983120001835629e+00,2.00971726538085001e-10,-8.90114918159413729e-11,1.30983120001835629e+00,8.77149356724778118e-01
1486,5.81250000000000000e+00,8.12500000000000000e-01,4.37500000000000000e-01,1.30983120005109543e+00,3.77680651249406874e-10,-1.66158749377948328e-10,1.30983120005109543e+00,5.26289614039412323e-01
1487,5.93750000000000000e+00,8.12500000000000000e-01,4.37500000000000000e-01,1.30983120004645870e+00,5.17870735953631359e-10,-2.57784765343860679e-10,1.30983120004645870e+00,1.75429871288857259e-01
1488,6.25000000000000000e-02,9.37500000000000000e-01,4.37500000000000000e-01,7.46652395630459931e-01,-9.76501836771315884e-02,2.31155302379374671e-02,7.53365572621329305e-01,1.87501091396050796e+01
1489,1.87500000000000000e-01,9.37500000000000000e-01,4.37500000000000000e-01,7.46439111835292102e-01,-9.88052701265361571e-02,2.92039220091628339e-02,7.53516222879743069e-01,1.72692620353378885e+01
1490,3.12500000000000000e-01,9.37500000000000000e-01,4.37500000000000000e-01,6.70603416602993496e-01,-6.88174310765919256e-02,2.37914707374988314e-02,6.74544894917634696e-01,1.63620282502725551e+01
1491,4.37500000000000000e-01,9.37500000000000000e-01,4.37500000000000000e-01,6.00144931212969523e-01,-4.03248377403913755e-02,1.63504348061310791e-02,6.01720340123016229e-01,1.58187642893121012e+01
1492,5.62500000000000000e-01,9.37500000000000000e-01,4.37500000000000000e-01,5.68085532492450529e-01,-2.18789335707884683e-02,1.01514659056500759e-02,5.68597319921101629e-01,1.53653372009168816e+01
1493,6.87500000000000000e-01,9.37500000000000000e-01,4.37500000000000000e-01,5.52440616327282141e-01,-1.14289812587285260e-02,5.91109948233506897e-03,5.52590442622535538e-01,1.49601778326925796e+01
1494,8.12500000000000000e-01,9.37500000000000000e-01,4.37500000000000000e-01,5.43889413992323045e-01,-5.89308546865389363e-03,3.31386045253263643e-03,5.43931433896178040e-01,1.45841982243826198e+01
1495,9.37500000000000000e-01,9.37500000000000000e-01,4.37500000000000000e-01,5.39404008905180365e-01,-3.02305270878717829e-03,1.81618639354797265e-03,5.39415537599424511e-01,1.42215333665319843e+01
1496,1.06250000000000000e+00,9.37500000000000000e-01,4.37500000000000000e-01,5.37116642095706420e-01,-1.55137507372894788e-03,9.81734195720701313e-04,5.37119779735225955e-01,1.38648110221825842e+01
1497,1.18750000000000000e+00,9.37500000000000000e-01,4.37500000000000000e-01,5.35920784681287787e-01,-7.99021523645672524e-04,5.25108215936984156e-04,5.35921637580944243e-01,1.35110442522390066e+01
1498,1.31250000000000000e+00,9.37500000000000000e-01,4.37500000000000000e-01,5.35288058163011948e-01,-4.13387102767774194e-04,2.78964806760847019e-04,5.35288290477372808e-01,1.31587410094489012e+01
1499,1.43750000000000000e+00,9.37500000000000000e-01,4.37500000000000000e-01,5.34953886591185479e-01,-2.14854444709671838e-04,1.47820037368643178e-04,5.34953950160395375e-01,1.28071512831004952e+01
1500,1.56250000000000000e+00,9.37500000000000000e-01,4.37500000000000000e-01,5.34777077120584421e-01,-1.12169950511608539e-04,7.83122707624730487e-05,5.34777094618444804e-01,1.24559182392883230e+01
1501,1.68750000000000000e+00,9.37500000000000000e-01,4.37500000000000000e-01,5.34683296901143024e-01,-5.87799593856207117e-05,4.15130691516344788e-05,5.34683301743653083e-01,1.21048668982585088e+01
1502,1.81250000000000000e+00,9.37500000000000000e-01,4.37500000000000000e-01,5.34633596561490232e-01,-3.08795794799034950e-05,2.20226027254737111e-05,5.34633597906844726e-01,1.17539083798829616e+01
1503,1.93750000000000000e+00,9.37500000000000000e-01,4.37500000000000000e-01,5.34607309134395026e-01,-1.62501029260143863e-05,1.16895628408096726e-05,5.34607309509167017e-01,1.14029974281135793e+01
1504,2.06250000000000000e+00,9.37500000000000000e-01,4.37500000000000000e-01,5.34593420255495611e-01,-8.56279416224668161e-06,6.20596493634849416e-06,5.34593420360094274e-01,1.10521110289129449e+01
1505,2.18750000000000000e+00,9.37500000000000000e-01,4.37500000000000000e-01,5.34586085903547836e-01,-4.51489224584214842e-06,3.29433252896102685e-06,5.34586085932763799e-01,1.07012373856963876e+01
1506,2.31250000000000000e+00,9.37500000000000000e-01,4.37500000000000000e-01,5.34582216923411901e-01,-2.38088035116627418e-06,1.74786518960604324e-06,5.34582216931571153e-01,1.03503703808386245e+01
1507,2.43750000000000000e+00,9.37500000000000000e-01,4.37500000000000000e-01,5.34580177669603418e-01,-1.25547145564319340e-06,9.26535737034136147e-07,5.34580177671880596e-01,9.99950683732913959e+00
1508,2.56250000000000000e+00,9.37500000000000000e-01,4.37500000000000000e-01,5.34579103070708328e-01,-6.61848658538643355e-07,4.90577762806518644e-07,5.34579103071343043e-01,9.64864510422775545e+00
1509,2.68750000000000000e+00,9.37500000000000000e-01,4.37500000000000000e-01,5.34578536941440197e-01,-3.48710930575824580e-07,2.59395990884971254e-07,5.34578536941616833e-01,9.29778431947304718e+00
1510,2.81250000000000000e+00,9.37500000000000000e-01,4.37500000000000000e-01,5.34578238830167862e-01,-1.83578197281830736e-07,1.36953177723135667e-07,5.34578238830216934e-01,8.94692403162285643e+00
1511,2.93750000000000000e+00,9.37500000000000000e-01,4.37500000000000000e-01,5.34578081941952221e-01,-9.65447843926978607e-08,7.21923271932605168e-08,5.34578081941965766e-01,8.59606400415036020e+00
1512,3.06250000000000000e+00,9.37500000000000000e-01,4.37500000000000000e-01,5.34577999438497931e-01,-5.07074290964490276e-08,3.79902458732866012e-08,5.34577999438501705e-01,8.24520411304160739e+00
1513,3.18750000000000000e+00,9.37500000000000000e-01,4.37500000000000000e-01,5.34577956099921758e-01,-2.65891266851959119e-08,1.99546690470688659e-08,5.34577956099922758e-01,7.89434429324506581e+00
1514,3.31250000000000000e+00,9.37500000000000000e-01,4.37500000000000000e-01,5.34577933368850733e-01,-1.39135688781501164e-08,1.04590560453636478e-08,5.34577933368850955e-01,7.54348451066300285e+00
1515,3.43750000000000000e+00,9.37500000000000000e-01,4.37500000000000000e-01,5.34577921470479445e-01,-7.26110504123348614e-09,5.46790962541011809e-09,5.34577921470479556e-01,7.19262474744790126e+00
1516,3.56250000000000000e+00,9.37500000000000000e-01,4.37500000000000000e-01,5.34577915259623060e-01,-3.77550461400807647e-09,2.84909305380618915e-09,5.34577915259623060e-01,6.84176499427359275e+00
1517,3.68750000000000000e+00,9.37500000000000000e-01,4.37500000000000000e-01,5.34577912030304692e-01,-1.95295009222707435e-09,1.47781513128995734e-09,5.34577912030304692e-01,6.49090524627721077e+00
1518,3.81250000000000000e+00,9.37500000000000000e-01,4.37500000000000000e-01,5.34577910360780617e-01,-1.00253204556270591e-09,7.61579565179650907e-10,5.34577910360780617e-01,6.14004550093044354e+00
1519,3.93750000000000000e+00,9.37500000000000000e-01,4.37500000000000000e-01,5.34577909504961424e-01,-5.08756841880721779e-10,3.88729125247418087e-10,5.34577909504961424e-01,5.78918575692377502e+00
1520,4.06250000000000000e+00,9.37500000000000000e-01,4.37500000000000000e-01,5.34577909071913826e-01,-2.53614972371984018e-10,1.95552562165832786e-10,5.34577909071913826e-01,5.43832601358256795e+00
1521,4.18750000000000000e+00,9.37500000000000000e-01,4.37500000000000000e-01,5.34577908857194029e-01,-1.22856061300960331e-10,9.61695866583428221e-11,5.34577908857194029e-01,5.08746627056200040e+00
1522,4.31250000000000000e+00,9.37500000000000000e-01,4.37500000000000000e-01,5.34577908754177988e-01,-5.66836072524890816e-11,4.55900228049193930e-11,5.34577908754177988e-01,4.73660652768804358e+00
1523,4.43750000000000000e+00,9.37500000000000000e-01,4.37500000000000000e-01,5.34577908707529303e-01,-2.38581212686609572e-11,2.02800579117397491e-11,5.34577908707529303e-01,4.38574678487459124e+00
1524,4.56250000000000000e+00,9.37500000000000000e-01,4.37500000000000000e-01,5.34577908688729564e-01,-8.14674722427151016e-12,7.96316512089808071e-12,5.34577908688729564e-01,4.03488704208028803e+00
1525,4.68750000000000000e+00,9.37500000000000000e-01,4.37500000000000000e-01,5.34577908683109948e-01,-1.24275457659452831e-12,2.27856561529700981e-12,5.34577908683109948e-01,3.68402729928647865e+00
1526,4.81250000000000000e+00,9.37500000000000000e-01,4.37500000000000000e-01,5.34577908682905112e-01,1.24619840423274940e-12,-1.11646294310142704e-13,5.34577908682905112e-01,3.33316755648653462e+00
1527,4.93750000000000000e+00,9.37500000000000000e-01,4.37500000000000000e-01,5.34577908684260805e-01,1.87403094087052995e-12,-1.09599366017686724e-12,5.34577908684260805e-01,2.98230781368024944e+00
1528,5.06250000000000000e+00,9.37500000000000000e-01,4.37500000000000000e-01,5.34577908685779812e-01,1.99347785185102430e-12,-1.74242249408912223e-12,5.34577908685779812e-01,2.63144807087007804e+00
1529,5.18750000000000000e+00,9.37500000000000000e-01,4.37500000000000000e-01,5.34577908686815650e-01,2.28778431000812430e-12,-2.72909782392053224e-12,5.34577908686815650e-01,2.28058832805870226e+00
1530,5.31250000000000000e+00,9.37500000000000000e-01,4.37500000000000000e-01,5.34577908686969083e-01,3.68924351348576639e-12,-4.90202064210469002e-12,5.34577908686969083e-01,1.92972858525185553e+00
1531,5.43750000000000000e+00,9.37500000000000000e-01,4.37500000000000000e-01,5.34577908687645986e-01,8.20318433444039611e-12,-9.66700714002104656e-12,5.34577908687645986e-01,1.57886884246700876e+00
1532,5.56250000000000000e+00,9.37500000000000000e-01,4.37500000000000000e-01,5.34577908691336701e-01,2.24681936347701189e-11,-2.05651096740659467e-11,5.34577908691336701e-01,1.22800909972060235e+00
1533,5.68750000000000000e+00,9.37500000000000000e-01,4.37500000000000000e-01,5.34577908698697590e-01,6.22105275727934530e-11,-4.51890606649616036e-11,5.34577908698697590e-01,8.77149356989679663e-01
1534,5.81250000000000000e+00,9.37500000000000000e-01,4.37500000000000000e-01,5.34577908767731258e-01,1.16445285746760854e-10,-7.93021529234690775e-11,5.34577908767731258e-01,5.26289614498705927e-01
1535,5.93750000000000000e+00,9.37500000000000000e-01,4.37500000000000000e-01,5.34577909072143087e-01,1.30966633789301430e-10,-1.06238032991389459e-10,5.34577909072143087e-01,1.75429872622727190e-01
1536,6.25000000000000000e-02,6.25000000000000000e-02,5.62500000000000000e-01,7.46652395630459931e-01,9.76501836771318660e-02,-2.31155302379373630e-02,7.53365572621329305e-01,1.87501091396050796e+01
1537,1.87500000000000000e-01,6.25000000000000000e-02,5.62500000000000000e-01,7.46439111835292213e-01,9.88052701265361710e-02,-2.92039220091629068e-02,7.53516222879743292e-01,1.72692620353378885e+01
1538,3.12500000000000000e-01,6.25000000000000000e-02,5.62500000000000000e-01,6.70603416602992941e-01,6.88174310765919117e-02,-2.37914707374985851e-02,6.74544894917634030e-01,1.63620282502725516e+01
1539,4.37500000000000000e-01,6.25000000000000000e-02,5.62500000000000000e-01,6.00144931212969523e-01,4.03248377403912298e-02,-1.63504348061311831e-02,6.01720340123016229e-01,1.58187642893121012e+01
1540,5.62500000000000000e-01,6.25000000000000000e-02,5.62500000000000000e-01,5.68085532492450751e-01,2.18789335707884960e-02,-1.01514659056500794e-02,5.68597319921101851e-01,1.53653372009168816e+01
1541,6.87500000000000000e-01,6.25000000000000000e-02,5.62500000000000000e-01,5.52440616327282252e-01,1.14289812587284097e-02,-5.91109948233510627e-03,5.52590442622535649e-01,1.49601778326925796e+01
1542,8.12500000000000000e-01,6.25000000000000000e-02,5.62500000000000000e-01,5.43889413992323267e-01,5.89308546865400552e-03,-3.31386045253265552e-03,5.43931433896178262e-01,1.45841982243826198e+01
1543,9.37500000000000000e-01,6.25000000000000000e-02,5.62500000000000000e-01,5.39404008905180476e-01,3.02305270878707811e-03,-1.81618639354792712e-03,5.39415537599424622e-01,1.42215333665319843e+01
1544,1.06250000000000000e+00,6.25000000000000000e-02,5.62500000000000000e-01,5.37116642095706642e-01,1.55137507372912048e-03,-9.81734195720675726e-04,5.37119779735226177e-01,1.38648110221825860e+01
1545,1.18750000000000000e+00,6.25000000000000000e-02,5.62500000000000000e-01,5.35920784681288120e-01,7.99021523645610074e-04,-5.25108215936957593e-04,5.35921637580944576e-01,1.35110442522390066e+01
1546,1.31250000000000000e+00,6.25000000000000000e-02,5.62500000000000000e-01,5.35288058163012170e-01,4.13387102767968429e-04,-2.78964806760826853e-04,5.35288290477373030e-01,1.31587410094489012e+01
1547,1.43750000000000000e+00,6.25000000000000000e-02,5.62500000000000000e-01,5.34953886591185812e-01,2.14854444709376176e-04,-1.47820037368786157e-04,5.34953950160395708e-01,1.28071512831004952e+01
1548,1.56250000000000000e+00,6.25000000000000000e-02,5.62500000000000000e-01,5.34777077120584643e-01,1.12169950512131002e-04,-7.83122707625429662e-05,5.34777094618445026e-01,1.24559182392883230e+01
1549,1.68750000000000000e+00,6.25000000000000000e-02,5.62500000000000000e-01,5.34683296901143468e-01,5.87799593853164710e-05,-4.15130691517754318e-05,5.34683301743653527e-01,1.21048668982585088e+01
1550,1.81250000000000000e+00,6.25000000000000000e-02,5.62500000000000000e-01,5.34633596561490565e-01,3.08795794800930881e-05,-2.20226027255948707e-05,5.34633597906845059e-01,1.17539083798829633e+01
1551,1.93750000000000000e+00,6.25000000000000000e-02,5.62500000000000000e-01,5.34607309134395248e-01,1.62501029256742145e-05,-1.16895628408617329e-05,5.34607309509167239e-01,1.14029974281135793e+01
1552,2.06250000000000000e+00,6.25000000000000000e-02,5.62500000000000000e-01,5.34593420255495944e-01,8.56279416286452607e-06,-6.20596493637868326e-06,5.34593420360094607e-01,1.10521110289129432e+01
1553,2.18750000000000000e+00,6.25000000000000000e-02,5.62500000000000000e-01,5.34586085903547836e-01,4.51489224570212625e-06,-3.29433252910450703e-06,5.34586085932763799e-01,1.07012373856963858e+01
1554,2.31250000000000000e+00,6.25000000000000000e-02,5.62500000000000000e-01,5.34582216923411679e-01,2.38088035167124727e-06,-1.74786518954632636e-06,5.34582216931570930e-01,1.03503703808386245e+01
1555,2.43750000000000000e+00,6.25000000000000000e-02,5.62500000000000000e-01,5.34580177669602419e-01,1.25547145538470668e-06,-9.26535736716860898e-07,5.34580177671879597e-01,9.99950683732913603e+00
1556,2.56250000000000000e+00,6.25000000000000000e-02,5.62500000000000000e-01,5.34579103070707773e-01,6.61848659153342576e-07,-4.90577762496252805e-07,5.34579103071342598e-01,9.64864510422775368e+00
1557,2.68750000000000000e+00,6.25000000000000000e-02,5.62500000000000000e-01,5.34578536941439530e-01,3.48710930421219362e-07,-2.59395990623577840e-07,5.34578536941616167e-01,9.29778431947304540e+00
1558,2.81250000000000000e+00,6.25000000000000000e-02,5.62500000000000000e-01,5.34578238830166419e-01,1.83578197818534766e-07,-1.36953177325868268e-07,5.34578238830215491e-01,8.94692403162285643e+00
1559,2.93750000000000000e+00,6.25000000000000000e-02,5.62500000000000000e-01,5.34578081941951000e-01,9.65447839992079506e-08,-7.21923265368508917e-08,5.34578081941964656e-01,8.59606400415036020e+00
1560,3.06250000000000000e+00,6.25000000000000000e-02,5.62500000000000000e-01,5.34577999438497153e-01,5.07074293471163449e-08,-3.79902453487171646e-08,5.34577999438500928e-01,8.24520411304160916e+00
1561,3.18750000000000000e+00,6.25000000000000000e-02,5.62500000000000000e-01,5.34577956099921092e-01,2.65891263347013976e-08,-1.99546683859551242e-08,5.34577956099922202e-01,7.89434429324506670e+00
1562,3.31250000000000000e+00,6.25000000000000000e-02,5.62500000000000000e-01,5.34577933368850844e-01,1.39135689499288960e-08,-1.04590556981071452e-08,5.34577933368851066e-01,7.54348451066300640e+00
1563,3.43750000000000000e+00,6.25000000000000000e-02,5.62500000000000000e-01,5.34577921470479778e-01,7.26110437624495338e-09,-5.46790966978474648e-09,5.34577921470479889e-01,7.19262474744790392e+00
1564,3.56250000000000000e+00,6.25000000000000000e-02,5.62500000000000000e-01,5.34577915259624503e-01,3.77550455899826369e-09,-2.84909327534761639e-09,5.34577915259624503e-01,6.84176499427359630e+00
1565,3.68750000000000000e+00,6.25000000000000000e-02,5.62500000000000000e-01,5.34577912030306357e-01,1.95294952273141190e-09,-1.47781579062865751e-09,5.34577912030306357e-01,6.49090524627721344e+00
1566,3.81250000000000000e+00,6.25000000000000000e-02,5.62500000000000000e-01,5.34577910360782615e-01,1.00253196849645524e-09,-7.61580394248247477e-10,5.34577910360782615e-01,6.14004550093044621e+00
1567,3.93750000000000000e+00,6.25000000000000000e-02,5.62500000000000000e-01,5.34577909504963533e-01,5.08756615838226085e-10,-3.88730215706407990e-10,5.34577909504963533e-01,5.78918575692377591e+00
1568,4.06250000000000000e+00,6.25000000000000000e-02,5.62500000000000000e-01,5.34577909071915824e-01,2.53615138539775232e-10,-1.95553607700430726e-10,5.34577909071915824e-01,5.43832601358256884e+00
1569,4.18750000000000000e+00,6.25000000000000000e-02,5.62500000000000000e-01,5.34577908857195472e-01,1.22855905983526289e-10,-9.61705179743723849e-11,5.34577908857195472e-01,5.08746627056199863e+00
1570,4.31250000000000000e+00,6.25000000000000000e-02,5.62500000000000000e-01,5.34577908754179099e-01,5.66838868589076024e-11,-4.55905159384685432e-11,5.34577908754179099e-01,4.73660652768804091e+00
1571,4.43750000000000000e+00,6.25000000000000000e-02,5.62500000000000000e-01,5.34577908707529414e-01,2.38581081917342028e-11,-2.02804471366847457e-11,5.34577908707529414e-01,4.38574678487458858e+00
1572,4.56250000000000000e+00,6.25000000000000000e-02,5.62500000000000000e-01,5.34577908688729786e-01,8.14699511175997620e-12,-7.96321928005769453e-12,5.34577908688729786e-01,4.03488704208028537e+00
1573,4.68750000000000000e+00,6.25000000000000000e-02,5.62500000000000000e-01,5.34577908683109504e-01,1.24279273472616994e-12,-2.27832568626292714e-12,5.34577908683109504e-01,3.68402729928647732e+00
1574,4.81250000000000000e+00,6.25000000000000000e-02,5.62500000000000000e-01,5.34577908682904446e-01,-1.24612356146297520e-12,1.11986148394376782e-13,5.34577908682904446e-01,3.33316755648653373e+00
1575,4.93750000000000000e+00,6.25000000000000000e-02,5.62500000000000000e-01,5.34577908684260472e-01,-1.87413938138045843e-12,1.09652554497132210e-12,5.34577908684260472e-01,2.98230781368024989e+00
1576,5.06250000000000000e+00,6.25000000000000000e-02,5.62500000000000000e-01,5.34577908685779590e-01,-1.99362641136708710e-12,1.74305152140285466e-12,5.34577908685779590e-01,2.63144807087007937e+00
1577,5.18750000000000000e+00,6.25000000000000000e-02,5.62500000000000000e-01,5.34577908686816095e-01,-2.28795037423191835e-12,2.72979079210393732e-12,5.34577908686816095e-01,2.28058832805870315e+00
1578,5.31250000000000000e+00,6.25000000000000000e-02,5.62500000000000000e-01,5.34577908686969860e-01,-3.68940704175388256e-12,4.90266695672257803e-12,5.34577908686969860e-01,1.92972858525185753e+00
1579,5.43750000000000000e+00,6.25000000000000000e-02,5.62500000000000000e-01,5.34577908687647319e-01,-8.20333869156199006e-12,9.66758099270884240e-12,5.34577908687647319e-01,1.57886884246701120e+00
1580,5.56250000000000000e+00,6.25000000000000000e-02,5.62500000000000000e-01,5.34577908691337700e-01,-2.24682195979810726e-11,2.05655600793716010e-11,5.34577908691337700e-01,1.22800909972060435e+00
1581,5.68750000000000000e+00,6.25000000000000000e-02,5.62500000000000000e-01,5.34577908698698812e-01,-6.22104850644262672e-11,4.51894093320717111e-11,5.34577908698698812e-01,8.77149356989680773e-01
1582,5.81250000000000000e+00,6.25000000000000000e-02,5.62500000000000000e-01,5.34577908767731924e-01,-1.16445005158718487e-10,7.93023264781421100e-11,5.34577908767731924e-01,5.26289614498705927e-01
1583,5.93750000000000000e+00,6.25000000000000000e-02,5.62500000000000000e-01,5.34577909072142532e-01,-1.30966075858702608e-10,1.06238088651823927e-10,5.34577909072142532e-01,1.75429872622724664e-01
1584,6.25000000000000000e-02,1.87500000000000000e-01,5.62500000000000000e-01,1.03041788039916082e+00,2.14371263237702975e-01,-3.47554904954295793e-02,1.05305460013619689e+00,1.75838513355320707e+01
1585,1.87500000000000000e-01,1.87500000000000000e-01,5.62500000000000000e-01,1.16853765959855771e+00,2.24022969234313807e-01,-4.96191728832128115e-02,1.19085205418735662e+00,1.69600776430608668e+01
1586,3.12500000000000000e-01,1.87500000000000000e-01,5.62500000000000000e-01,1.25859310413713477e+00,1.70449348731846473e-01,-4.59855690706833797e-02,1.27091473153292767e+00,1.63408861804687930e+01
1587,4.37500000000000000e-01,1.87500000000000000e-01,5.62500000000000000e-01,1.28673090844152949e+00,1.10477201615084744e-01,-3.57589539468799456e-02,1.29195988544646334e+00,1.58544777523998359e+01
1588,5.62500000000000000e-01,1.87500000000000000e-01,5.62500000000000000e-01,1.30126162351621755e+00,6.52645842007118504e-02,-2.42371960592953524e-02,1.30312268051007796e+00,1.54066793158298800e+01
1589,6.87500000000000000e-01,1.87500000000000000e-01,5.62500000000000000e-01,1.30845299204700205e+00,3.65580020348099805e-02,-1.50563658162425461e-02,1.30905019539401990e+00,1.49910821276812865e+01
1590,8.12500000000000000e-01,1.87500000000000000e-01,5.62500000000000000e-01,1.31064481504874419e+00,2.00007615043435207e-02,-8.86665266124719506e-03,1.31082740252266849e+00,1.46038982074052814e+01
1591,9.37500000000000000e-01,1.87500000000000000e-01,5.62500000000000000e-01,1.31086484029202421e+00,1.07970115963848153e-02,-5.04935545727221158e-03,1.31091902914092318e+00,1.42333237276533175e+01
1592,1.06250000000000000e+00,1.87500000000000000e-01,5.62500000000000000e-01,1.31070750480382969e+00,5.77398390153208152e-03,-2.81285634163748466e-03,1.31072324088648684e+00,1.38715485772386700e+01
1593,1.18750000000000000e+00,1.87500000000000000e-01,5.62500000000000000e-01,1.31045218732911928e+00,3.07478848200150052e-03,-1.54099425949658303e-03,1.31045670064416475e+00,1.35147961585809977e+01
1594,1.31250000000000000e+00,1.87500000000000000e-01,5.62500000000000000e-01,1.31022425361991246e+00,1.63481029658054983e-03,-8.34276405191587429e-04,1.31022553913274131e+00,1.31608007995886815e+01
1595,1.43750000000000000e+00,1.87500000000000000e-01,5.62500000000000000e-01,1.31006560760431934e+00,8.67975132735140801e-04,-4.48409347198904646e-04,1.31006597188059493e+00,1.28082690596185635e+01
1596,1.56250000000000000e+00,1.87500000000000000e-01,5.62500000000000000e-01,1.30996614122108435e+00,4.60354121224723081e-04,-2.39987108344313194e-04,1.30996624409386486e+00,1.24565192343601492e+01
1597,1.68750000000000000e+00,1.87500000000000000e-01,5.62500000000000000e-01,1.30990683797731844e+00,2.44031083085987169e-04,-1.28104249176633623e-04,1.30990686697245962e+00,1.21051882689976971e+01
1598,1.81250000000000000e+00,1.87500000000000000e-01,5.62500000000000000e-01,1.30987275365199807e+00,1.29289256735504751e-04,-6.82671370400029506e-05,1.30987276181161283e+00,1.17540797208206662e+01
1599,1.93750000000000000e+00,1.87500000000000000e-01,5.62500000000000000e-01,1.30985371873985934e+00,6.84577575801430667e-05,-3.63368286738009375e-05,1.30985372103279851e+00,1.14030885670426922e+01
1600,2.06250000000000000e+00,1.87500000000000000e-01,5.62500000000000000e-01,1.30984329230478758e+00,3.62317023424198515e-05,-1.93229479910814873e-05,1.30984329294841895e+00,1.10521594134903367e+01
1601,2.18750000000000000e+00,1.87500000000000000e-01,5.62500000000000000e-01,1.30983764918651979e+00,1.91646630284253399e-05,-1.02680761828492380e-05,1.30983764936696878e+00,1.07012630446749952e+01
1602,2.31250000000000000e+00,1.87500000000000000e-01,5.62500000000000000e-01,1.30983462441249321e+00,1.01302592088204823e-05,-5.45221213237876480e-06,1.30983462446301435e+00,1.03503839756139424e+01
1603,2.43750000000000000e+00,1.87500000000000000e-01,5.62500000000000000e-01,1.30983301383781270e+00,5.35142341190525336e-06,-2.89235097043102019e-06,1.30983301385193807e+00,9.99951403347251855e+00
1604,2.56250000000000000e+00,1.87500000000000000e-01,5.62500000000000000e-01,1.30983215922784768e+00,2.82513676853405409e-06,-1.53273482290394960e-06,1.30983215923179119e+00,9.64864891066307351e+00
1605,2.68750000000000000e+00,1.87500000000000000e-01,5.62500000000000000e-01,1.30983170674220117e+00,1.49031988342065008e-06,-8.11285688134201712e-07,1.30983170674330029e+00,9.29778633165661361e+00
1606,2.81250000000000000e+00,1.87500000000000000e-01,5.62500000000000000e-01,1.30983146754345903e+00,7.85475512097433606e-07,-4.28870876159929141e-07,1.30983146754376478e+00,8.94692509452878149e+00
1607,2.93750000000000000e+00,1.87500000000000000e-01,5.62500000000000000e-01,1.30983134118856048e+00,4.13559775510658042e-07,-2.26403152826602130e-07,1.30983134118864530e+00,8.59606456512408279e+00
1608,3.06250000000000000e+00,1.87500000000000000e-01,5.62500000000000000e-01,1.30983127446005354e+00,2.17476799241060727e-07,-1.19341815079802840e-07,1.30983127446007708e+00,8.24520440881172156e+00
1609,3.18750000000000000e+00,1.87500000000000000e-01,5.62500000000000000e-01,1.30983123923098987e+00,1.14193784353999362e-07,-6.28043026325701820e-08,1.30983123923099631e+00,7.89434444899608501e+00
1610,3.31250000000000000e+00,1.87500000000000000e-01,5.62500000000000000e-01,1.30983122064067836e+00,5.98509247014668148e-08,-3.29890475052165173e-08,1.30983122064068014e+00,7.54348459255035486e+00
1611,3.43750000000000000e+00,1.87500000000000000e-01,5.62500000000000000e-01,1.30983121083734400e+00,3.12945226953467733e-08,-1.72889500570968109e-08,1.30983121083734444e+00,7.19262479041069280e+00
1612,3.56250000000000000e+00,1.87500000000000000e-01,5.62500000000000000e-01,1.30983120567330436e+00,1.63109549391937995e-08,-9.03478390523510543e-09,1.30983120567330436e+00,6.84176501675043713e+00
1613,3.68750000000000000e+00,1.87500000000000000e-01,5.62500000000000000e-01,1.30983120295771416e+00,8.46345380620943986e-09,-4.70311327050849294e-09,1.30983120295771416e+00,6.49090525798991447e+00
1614,3.81250000000000000e+00,1.87500000000000000e-01,5.62500000000000000e-01,1.30983120153331023e+00,4.36313649161507652e-09,-2.43492828000730419e-09,1.30983120153331023e+00,6.14004550699947238e+00
1615,3.93750000000000000e+00,1.87500000000000000e-01,5.62500000000000000e-01,1.30983120078894211e+00,2.22768392528997304e-09,-1.25066104229748752e-09,1.30983120078894211e+00,5.78918576004271568e+00
1616,4.06250000000000000e+00,1.87500000000000000e-01,5.62500000000000000e-01,1.30983120040205403e+00,1.12074396178564809e-09,-6.34809068745600553e-10,1.30983120040205403e+00,5.43832601516607106e+00
1617,4.18750000000000000e+00,1.87500000000000000e-01,5.62500000000000000e-01,1.30983120020254540e+00,5.50968622764450600e-10,-3.16422938800054007e-10,1.30983120020254540e+00,5.08746627135145690e+00
1618,4.31250000000000000e+00,1.87500000000000000e-01,5.62500000000000000e-01,1.30983120010082388e+00,2.60839704315532424e-10,-1.53276489830574117e-10,1.30983120010082388e+00,4.73660652807087512e+00
1619,4.43750000000000000e+00,1.87500000000000000e-01,5.62500000000000000e-01,1.30983120004981601e+00,1.15561450061649768e-10,-7.08105833722768024e-11,1.30983120004981601e+00,4.38574678505254756e+00
1620,4.56250000000000000e+00,1.87500000000000000e-01,5.62500000000000000e-01,1.30983120002494124e+00,4.47550749514884512e-11,-3.00240909720762369e-11,1.30983120002494124e+00,4.03488704215780025e+00
1621,4.68750000000000000e+00,1.87500000000000000e-01,5.62500000000000000e-01,1.30983120001312403e+00,1.22408677118816769e-11,-1.06471049289850639e-11,1.30983120001312403e+00,3.68402729931620643e+00
1622,4.81250000000000000e+00,1.87500000000000000e-01,5.62500000000000000e-01,1.30983120000755848e+00,-7.58256589500775107e-13,-2.11657520501639473e-12,1.30983120000755848e+00,3.33316755649363738e+00
1623,4.93750000000000000e+00,1.87500000000000000e-01,5.62500000000000000e-01,1.30983120000531139e+00,-5.30257781966379786e-12,1.43362648006729208e-12,1.30983120000531139e+00,2.98230781367640230e+00
1624,5.06250000000000000e+00,1.87500000000000000e-01,5.62500000000000000e-01,1.30983120000476827e+00,-7.43935171743083734e-12,3.33050035574975283e-12,1.30983120000476827e+00,2.63144807085916010e+00
1625,5.18750000000000000e+00,1.87500000000000000e-01,5.62500000000000000e-01,1.30983120000513886e+00,-1.00145050922939764e-11,5.40665772582317820e-12,1.30983120000513886e+00,2.28058832803899802e+00
1626,5.31250000000000000e+00,1.87500000000000000e-01,5.62500000000000000e-01,1.30983120000653530e+00,-1.64460328899918541e-11,9.41624225454167914e-12,1.30983120000653530e+00,1.92972858521565227e+00
1627,5.43750000000000000e+00,1.87500000000000000e-01,5.62500000000000000e-01,1.30983120000974207e+00,-3.33470091816549164e-11,1.82912595355388156e-11,1.30983120000974207e+00,1.57886884239060499e+00
1628,5.56250000000000000e+00,1.87500000000000000e-01,5.62500000000000000e-01,1.30983120001283226e+00,-8.00954534945709705e-11,3.93190203859473739e-11,1.30983120001283226e+00,1.22800909955306792e+00
1629,5.68750000000000000e+00,1.87500000000000000e-01,5.62500000000000000e-01,1.30983120001835895e+00,-2.00971479207565632e-10,8.90127743424238450e-11,1.30983120001835895e+00,8.77149356724779894e-01
1630,5.81250000000000000e+00,1.87500000000000000e-01,5.62500000000000000e-01,1.30983120005109677e+00,-3.77679912358516346e-10,1.66159639206898579e-10,1.30983120005109677e+00,5.26289614039412990e-01
1631,5.93750000000000000e+00,1.87500000000000000e-01,5.62500000000000000e-01,1.30983120004645892e+00,-5.17869081916404834e-10,2.57785343740141466e-10,1.30983120004645892e+00,1.75429871288855316e-01
1632,6.25000000000000000e-02,3.12500000000000000e-01,5.62500000000000000e-01,1.07324300491449298e+00,1.28595642335341515e-01,-3.77496791246496391e-02,1.08157867263530272e+00,1.70505489075895724e+01
1633,1.87500000000000000e-01,3.12500000000000000e-01,5.62500000000000000e-01,1.24424515274183123e+00,1.63902439832953384e-01,-5.50622149763526220e-02,1.25620136022169637e+00,1.68046064694867034e+01
1634,3.12500000000000000e-01,3.12500000000000000e-01,5.62500000000000000e-01,1.44235996794672294e+00,1.44351406958106748e-01,-5.26638382211935124e-02,1.45052165984594805e+00,1.63251771418459306e+01
1635,4.37500000000000000e-01,3.12500000000000000e-01,5.62500000000000000e-01,1.57696444808238856e+00,1.09888617677277575e-01,-4.32744143566154427e-02,1.58138074281582264e+00,1.58644211406065878e+01
1636,5.62500000000000000e-01,3.12500000000000000e-01,5.62500000000000000e-01,1.66152940947482075e+00,7.48473475323226112e-02,-3.08961956533430199e-02,1.66350133119520560e+00,1.54270294370601579e+01
1637,6.87500000000000000e-01,3.12500000000000000e-01,5.62500000000000000e-01,1.71316226016724138e+00,4.72449181436719323e-02,-2.00754871834059566e-02,1.71393116464383843e+00,1.50095426976445179e+01
1638,8.12500000000000000e-01,3.12500000000000000e-01,5.62500000000000000e-01,1.74260468166571258e+00,2.85228245815206290e-02,-1.23297118074115631e-02,1.74288170851570468e+00,1.46163837027008832e+01
1639,9.37500000000000000e-01,3.12500000000000000e-01,5.62500000000000000e-01,1.75873877722385896e+00,1.67022909221488172e-02,-7.29501758522621297e-03,1.75883321276194082e+00,1.42411596055226433e+01
1640,1.06250000000000000e+00,3.12500000000000000e-01,5.62500000000000000e-01,1.76754623781556175e+00,9.54158976558867715e-03,-4.19770455884692015e-03,1.76757697582729456e+00,1.38763134497636749e+01
1641,1.18750000000000000e+00,3.12500000000000000e-01,5.62500000000000000e-01,1.77231410709879955e+00,5.35437775563680184e-03,-2.36607930803294170e-03,1.77232377457220180e+00,1.35175505184402969e+01
1642,1.31250000000000000e+00,3.12500000000000000e-01,5.62500000000000000e-01,1.77486321112426815e+00,2.96638128832826635e-03,-1.31356921849698667e-03,1.77486617610578956e+00,1.31623490002763344e+01
1643,1.43750000000000000e+00,3.12500000000000000e-01,5.62500000000000000e-01,1.77621962738355377e+00,1.62629779497629732e-03,-7.20878124758502024e-04,1.77622051818245796e+00,1.28091312629322420e+01
1644,1.56250000000000000e+00,3.12500000000000000e-01,5.62500000000000000e-01,1.77694076074831853e+00,8.84053140143921737e-04,-3.92155209259424230e-04,1.77694102393536846e+00,1.24569945903001251e+01
1645,1.68750000000000000e+00,3.12500000000000000e-01,5.62500000000000000e-01,1.77732333173977475e+00,4.77454905682080045e-04,-2.11945338700418926e-04,1.77732340850802584e+00,1.21054476591192444e+01
1646,1.81250000000000000e+00,3.12500000000000000e-01,5.62500000000000000e-01,1.77752592463849224e+00,2.56565587885371833e-04,-1.13989650337094150e-04,1.77752594680962894e+00,1.17542203463225281e+01
1647,1.93750000000000000e+00,3.12500000000000000e-01,5.62500000000000000e-01,1.77763316779634106e+00,1.37316363937009501e-04,-6.10701202571963279e-05,1.77763317414898570e+00,1.14031644376487371e+01
1648,2.06250000000000000e+00,3.12500000000000000e-01,5.62500000000000000e-01,1.77768995268862162e+00,7.32628919867870358e-05,-3.26181425773180059e-05,1.77768995449754064e+00,1.10522001645441534e+01
1649,2.18750000000000000e+00,3.12500000000000000e-01,5.62500000000000000e-01,1.77771999734203190e+00,3.89923102818421393e-05,-1.73839568962830897e-05,1.77771999785465540e+00,1.07012848729564993e+01
1650,2.31250000000000000e+00,3.12500000000000000e-01,5.62500000000000000e-01,1.77773589036677859e+00,2.07115347842916510e-05,-9.24809380457131906e-06,1.77773589051148373e+00,1.03503956401914614e+01
1651,2.43750000000000000e+00,3.12500000000000000e-01,5.62500000000000000e-01,1.77774429524901478e+00,1.09833959631882798e-05,-4.91174494171233543e-06,1.77774429528972933e+00,9.99952025227677765e+00
1652,2.56250000000000000e+00,3.12500000000000000e-01,5.62500000000000000e-01,1.77774873704124592e+00,5.81647465076226472e-06,-2.60479587135032010e-06,1.77774873705266945e+00,9.64865222026764258e+00
1653,2.68750000000000000e+00,3.12500000000000000e-01,5.62500000000000000e-01,1.77775108267993676e+00,3.07639834356691229e-06,-1.37949501927241778e-06,1.77775108268313375e+00,9.29778809067595624e+00
1654,2.81250000000000000e+00,3.12500000000000000e-01,5.62500000000000000e-01,1.77775232043232312e+00,1.62521609538590139e-06,-7.29619748899702968e-07,1.77775232043321574e+00,8.94692602828228800e+00
1655,2.93750000000000000e+00,3.12500000000000000e-01,5.62500000000000000e-01,1.77775297293158929e+00,8.57562065803216340e-07,-3.85390829926138812e-07,1.77775297293183776e+00,8.59606506021294692e+00
1656,3.06250000000000000e+00,3.12500000000000000e-01,5.62500000000000000e-01,1.77775331648524371e+00,4.51935702536929456e-07,-2.03287642027851011e-07,1.77775331648531276e+00,8.24520467103112686e+00
1657,3.18750000000000000e+00,3.12500000000000000e-01,5.62500000000000000e-01,1.77775349711652453e+00,2.37837783410993881e-07,-1.07071475659324830e-07,1.77775349711654362e+00,7.89434458773077719e+00
1658,3.31250000000000000e+00,3.12500000000000000e-01,5.62500000000000000e-01,1.77775359192707327e+00,1.24960083146306848e-07,-5.62988218928158913e-08,1.77775359192707838e+00,7.54348466586830657e+00
1659,3.43750000000000000e+00,3.12500000000000000e-01,5.62500000000000000e-01,1.77775364158583971e+00,6.55203766529909814e-08,-2.95418324349228974e-08,1.77775364158584104e+00,7.19262482910858036e+00
1660,3.56250000000000000e+00,3.12500000000000000e-01,5.62500000000000000e-01,1.77775366752335451e+00,3.42627939062378146e-08,-1.54612259102893521e-08,1.77775366752335495e+00,6.84176503714594642e+00
1661,3.68750000000000000e+00,3.12500000000000000e-01,5.62500000000000000e-01,1.77775368101981579e+00,1.78517043334951933e-08,-8.06359192825213633e-09,1.77775368101981579e+00,6.49090526872024842e+00
1662,3.81250000000000000e+00,3.12500000000000000e-01,5.62500000000000000e-01,1.77775368800508971e+00,9.25280668944277305e-09,-4.18481346971668536e-09,1.77775368800508971e+00,6.14004551263197218e+00
1663,3.93750000000000000e+00,3.12500000000000000e-01,5.62500000000000000e-01,1.77775369159209462e+00,4.75943029940137235e-09,-2.15638366378020891e-09,1.77775369159209462e+00,5.78918576299018373e+00
1664,4.06250000000000000e+00,3.12500000000000000e-01,5.62500000000000000e-01,1.77775369341242429e+00,2.42037599808824936e-09,-1.09945529170463639e-09,1.77775369341242429e+00,5.43832601670180793e+00
1665,4.18750000000000000e+00,3.12500000000000000e-01,5.62500000000000000e-01,1.77775369431955310e+00,1.20961527709084432e-09,-5.51645600401051795e-10,1.77775369431955310e+00,5.08746627214659686e+00
1666,4.31250000000000000e+00,3.12500000000000000e-01,5.62500000000000000e-01,1.77775369475870471e+00,5.88226946498750129e-10,-2.69967594132008351e-10,1.77775369475870471e+00,4.73660652847871511e+00
1667,4.43750000000000000e+00,3.12500000000000000e-01,5.62500000000000000e-01,1.77775369496123070e+00,2.73507811109245618e-10,-1.26878038600654666e-10,1.77775369496123070e+00,4.38574678525881811e+00
1668,4.56250000000000000e+00,3.12500000000000000e-01,5.62500000000000000e-01,1.77775369504693725e+00,1.17375041302139131e-10,-5.55293445460914480e-11,1.77775369504693725e+00,4.03488704226032713e+00
1669,4.68750000000000000e+00,3.12500000000000000e-01,5.62500000000000000e-01,1.77775369507656178e+00,4.28167672394196107e-11,-2.11951014318717129e-11,1.77775369507656178e+00,3.68402729936577922e+00
1670,4.81250000000000000e+00,3.12500000000000000e-01,5.62500000000000000e-01,1.77775369508137193e+00,1.00371869153456736e-11,-5.85449207750127665e-12,1.77775369508137193e+00,3.33316755651621577e+00
1671,4.93750000000000000e+00,3.12500000000000000e-01,5.62500000000000000e-01,1.77775369507877468e+00,-3.39241620331350785e-12,6.97272462828288845e-13,1.77775369507877468e+00,2.98230781368677933e+00
1672,5.06250000000000000e+00,3.12500000000000000e-01,5.62500000000000000e-01,1.77775369507125780e+00,-1.02457991869247998e-11,4.07548447905007144e-12,1.77775369507125780e+00,2.63144807086581345e+00
1673,5.18750000000000000e+00,3.12500000000000000e-01,5.62500000000000000e-01,1.77775369506119629e+00,-1.69323780072502407e-11,7.15931088095551766e-12,1.77775369506119629e+00,2.28058832804797706e+00
1674,5.31250000000000000e+00,3.12500000000000000e-01,5.62500000000000000e-01,1.77775369504732472e+00,-2.92411268250193685e-11,1.25316831490014896e-11,1.77775369504732472e+00,1.92972858523855528e+00
1675,5.43750000000000000e+00,3.12500000000000000e-01,5.62500000000000000e-01,1.77775369502122937e+00,-5.73156620625150719e-11,2.42838059010061123e-11,1.77775369502122937e+00,1.57886884243869940e+00
1676,5.56250000000000000e+00,3.12500000000000000e-01,5.62500000000000000e-01,1.77775369495512359e+00,-1.26595222580306674e-10,5.23355158276480789e-11,1.77775369495512359e+00,1.22800909964035920e+00
1677,5.68750000000000000e+00,3.12500000000000000e-01,5.62500000000000000e-01,1.77775369484515511e+00,-2.95074442169174424e-10,1.19562476493430457e-10,1.77775369484515511e+00,8.77149357130083573e-01
1678,5.81250000000000000e+00,3.12500000000000000e-01,5.62500000000000000e-01,1.77775369464614941e+00,-5.53736677608988313e-10,2.25694421981732393e-10,1.77775369464614941e+00,5.26289615015807510e-01
1679,5.93750000000000000e+00,3.12500000000000000e-01,5.62500000000000000e-01,1.77775369344733591e+00,-8.15072740124348990e-10,3.49754850248635192e-10,1.77775369344733591e+00,1.75429869920553483e-01
1680,6.25000000000000000e-02,4.37500000000000000e-01,5.62500000000000000e-01,1.07283206442787371e+00,3.80551766683356538e-02,-3.80551766683356954e-02,1.07418109804962114e+00,1.68789911158136476e+01
1681,1.87500000000000000e-01,4.37500000000000000e-01,5.62500000000000000e-01,1.24374505414100534e+00,5.54739747867186786e-02,-5.54739747867187410e-02,1.24621686854956648e+00,1.67434538096802861e+01
1682,3.12500000000000000e-01,4.37500000000000000e-01,5.62500000000000000e-01,1.47580111844055484e+00,5.32895388875121306e-02,-5.32895388875123457e-02,1.47772409166937524e+00,1.63142801367265520e+01
1683,4.37500000000000000e-01,4.37500000000000000e-01,5.62500000000000000e-01,1.65961903058036730e+00,4.45061399021078330e-02,-4.45061399021080065e-02,1.66081212653403099e+00,1.58689862882371600e+01
1684,5.62500000000000000e-01,4.37500000000000000e-01,5.62500000000000000e-01,1.78755697742332065e+00,3.24613039468428441e-02,-3.24613039468426984e-02,1.78814636426738183e+00,1.54397561046897689e+01
1685,6.87500000000000000e-01,4.37500000000000000e-01,5.62500000000000000e-01,1.87241870910383557e+00,2.15657634889168323e-02,-2.15657634889169468e-02,1.87266707839695679e+00,1.50220553077999384e+01
1686,8.12500000000000000e-01,4.37500000000000000e-01,5.62500000000000000e-01,1.92505885230270146e+00,1.35562855953336309e-02,-1.35562855953334400e-02,1.92515431344795807e+00,1.46251866739724345e+01
1687,9.37500000000000000e-01,4.37500000000000000e-01,5.62500000000000000e-01,1.95616327567515857e+00,8.20770682634031079e-03,-8.20770682634041834e-03,1.95619771342338011e+00,1.42468283314254833e+01
1688,1.06250000000000000e+00,4.37500000000000000e-01,5.62500000000000000e-01,1.97416393777983146e+00,4.82262984306218705e-03,-4.82262984306200491e-03,1.97417571881217713e+00,1.38798418454183921e+01
1689,1.18750000000000000e+00,4.37500000000000000e-01,5.62500000000000000e-01,1.98440694164444520e+00,2.76966361002581752e-03,-2.76966361002624903e-03,1.98441080729764363e+00,1.35196394866802247e+01
1690,1.31250000000000000e+00,4.37500000000000000e-01,5.62500000000000000e-01,1.99013078284906397e+00,1.56342783876126448e-03,-1.56342783876131262e-03,1.99013201106274407e+00,1.31635455505061998e+01
1691,1.43750000000000000e+00,4.37500000000000000e-01,5.62500000000000000e-01,1.99328856918836883e+00,8.70229947022129694e-04,-8.70229947022560339e-04,1.99328894911333321e+00,1.28098072771084155e+01
1692,1.56250000000000000e+00,4.37500000000000000e-01,5.62500000000000000e-01,1.99501596713723450e+00,4.78874544254789195e-04,-4.78874544254743876e-04,1.99501608208409520e+00,1.24573715694196174e+01
1693,1.68750000000000000e+00,4.37500000000000000e-01,5.62500000000000000e-01,1.99595368999157463e+00,2.61167692755047475e-04,-2.61167692755488528e-04,1.99595372416499428e+00,1.21056551039800464e+01
1694,1.81250000000000000e+00,4.37500000000000000e-01,5.62500000000000000e-01,1.99645939757160140e+00,1.41437795874832110e-04,-1.41437795874805846e-04,1.99645940759166485e+00,1.17543334981223708e+01
1695,1.93750000000000000e+00,4.37500000000000000e-01,5.62500000000000000e-01,1.99673083387651840e+00,7.61666828058020273e-05,-7.61666828062864624e-05,1.99673083678194918e+00,1.14032258077697257e+01
1696,2.06250000000000000e+00,4.37500000000000000e-01,5.62500000000000000e-01,1.99687600679185784e+00,4.08335393943228678e-05,-4.08335393939017772e-05,1.99687600762685102e+00,1.10522332823168661e+01
1697,2.18750000000000000e+00,4.37500000000000000e-01,5.62500000000000000e-01,1.99695341291846407e+00,2.18157190038174255e-05,-2.18157190036139885e-05,1.99695341315678987e+00,1.07013026564037492e+01
1698,2.31250000000000000e+00,4.37500000000000000e-01,5.62500000000000000e-01,1.99699458832465604e+00,1.16235248359512732e-05,-1.16235248350144023e-05,1.99699458839231081e+00,1.03504051593499380e+01
1699,2.43750000000000000e+00,4.37500000000000000e-01,5.62500000000000000e-01,1.99701645064682154e+00,6.17925222983602120e-06,-6.17925222928025663e-06,1.99701645066594158e+00,9.99952533639441299e+00
1700,2.56250000000000000e+00,4.37500000000000000e-01,5.62500000000000000e-01,1.99702803972025644e+00,3.27888293776490199e-06,-3.27888293643272753e-06,1.99702803972563991e+00,9.64865493019625475e+00
1701,2.68750000000000000e+00,4.37500000000000000e-01,5.62500000000000000e-01,1.99703417427853047e+00,1.73709030975064733e-06,-1.73709030873916823e-06,1.99703417428004149e+00,9.29778953271633313e+00
1702,2.81250000000000000e+00,4.37500000000000000e-01,5.62500000000000000e-01,1.99703741746342311e+00,9.18957624532145195e-07,-9.18957622913691285e-07,1.99703741746384611e+00,8.94692679460060880e+00
1703,2.93750000000000000e+00,4.37500000000000000e-01,5.62500000000000000e-01,1.99703912995334631e+00,4.85489732005244797e-07,-4.85489730640176240e-07,1.99703912995346444e+00,8.59606546694936213e+00
1704,3.06250000000000000e+00,4.37500000000000000e-01,5.62500000000000000e-01,1.99704003304582756e+00,2.56140175664341508e-07,-2.56140173578489630e-07,1.99704003304586042e+00,8.24520488666887275e+00
1705,3.18750000000000000e+00,4.37500000000000000e-01,5.62500000000000000e-01,1.99704050865120664e+00,1.34943984223212308e-07,-1.34943982922639196e-07,1.99704050865121574e+00,7.89434470192862747e+00
1706,3.31250000000000000e+00,4.37500000000000000e-01,5.62500000000000000e-01,1.99704075874038423e+00,7.09787742833900965e-08,-7.09787727490948785e-08,1.99704075874038667e+00,7.54348472627571986e+00
1707,3.43750000000000000e+00,4.37500000000000000e-01,5.62500000000000000e-01,1.99704089000207152e+00,3.72616377854859119e-08,-3.72616373217481714e-08,1.99704089000207219e+00,7.19262486102195364e+00
1708,3.56250000000000000e+00,4.37500000000000000e-01,5.62500000000000000e-01,1.99704095873325538e+00,1.95128482696552634e-08,-1.95128485121420854e-08,1.99704095873325560e+00,6.84176505398143142e+00
1709,3.68750000000000000e+00,4.37500000000000000e-01,5.62500000000000000e-01,1.99704099460827655e+00,1.01842910425617749e-08,-1.01842927588051145e-08,1.99704099460827655e+00,6.49090527758604097e+00
1710,3.81250000000000000e+00,4.37500000000000000e-01,5.62500000000000000e-01,1.99704101325057271e+00,5.29059706090539017e-09,-5.29059941057875467e-09,1.99704101325057271e+00,6.14004551729039161e+00
1711,3.93750000000000000e+00,4.37500000000000000e-01,5.62500000000000000e-01,1.99704102287574359e+00,2.72977945833258145e-09,-2.72978236931969944e-09,1.99704102287574359e+00,5.78918576543065466e+00
1712,4.06250000000000000e+00,4.37500000000000000e-01,5.62500000000000000e-01,1.99704102779804105e+00,1.39436849593602913e-09,-1.39437132204356242e-09,1.99704102779804105e+00,5.43832601797512361e+00
1713,4.18750000000000000e+00,4.37500000000000000e-01,5.62500000000000000e-01,1.99704103027915858e+00,7.01486335958566708e-10,-7.01488985234624560e-10,1.99704103027915858e+00,5.08746627280714758e+00
1714,4.31250000000000000e+00,4.37500000000000000e-01,5.62500000000000000e-01,1.99704103150204149e+00,3.44701603273002519e-10,-3.44703594653918434e-10,1.99704103150204149e+00,4.73660652881854372e+00
1715,4.43750000000000000e+00,4.37500000000000000e-01,5.62500000000000000e-01,1.99704103208337069e+00,1.63122500237713946e-10,-1.63123752998105436e-10,1.99704103208337069e+00,4.38574678543161767e+00
1716,4.56250000000000000e+00,4.37500000000000000e-01,5.62500000000000000e-01,1.99704103234359476e+00,7.23416733703740439e-11,-7.23422816448420987e-11,1.99704103234359476e+00,4.03488704234731976e+00
1717,4.68750000000000000e+00,4.37500000000000000e-01,5.62500000000000000e-01,1.99704103244712794e+00,2.82751569437889939e-11,-2.82754500009939175e-11,1.99704103244712794e+00,3.68402729940949181e+00
1718,4.81250000000000000e+00,4.37500000000000000e-01,5.62500000000000000e-01,1.99704103247688747e+00,8.31424172547107785e-12,-8.31443002424920814e-12,1.99704103247688747e+00,3.33316755653735042e+00
1719,4.93750000000000000e+00,4.37500000000000000e-01,5.62500000000000000e-01,1.99704103247865028e+00,-7.77341620929624320e-14,7.74802182063736744e-14,1.99704103247865028e+00,2.98230781369696141e+00
1720,5.06250000000000000e+00,4.37500000000000000e-01,5.62500000000000000e-01,1.99704103246838582e+00,-4.34791462319986318e-12,4.34778708830002171e-12,1.99704103246838582e+00,2.63144807087442612e+00
1721,5.18750000000000000e+00,4.37500000000000000e-01,5.62500000000000000e-01,1.99704103244783915e+00,-8.24124976970328033e-12,8.24152190217363687e-12,1.99704103244783915e+00,2.28058832806210399e+00
1722,5.31250000000000000e+00,4.37500000000000000e-01,5.62500000000000000e-01,1.99704103241639075e+00,-1.46441318178234363e-11,1.46446211801950272e-11,1.99704103241639075e+00,1.92972858527046309e+00
1723,5.43750000000000000e+00,4.37500000000000000e-01,5.62500000000000000e-01,1.99704103235724761e+00,-2.84864367682093243e-11,2.84871874079547649e-11,1.99704103235724761e+00,1.57886884250557991e+00
1724,5.56250000000000000e+00,4.37500000000000000e-01,5.62500000000000000e-01,1.99704103221802454e+00,-6.13803117173429995e-11,6.13813434175067403e-11,1.99704103221802454e+00,1.22800909976541095e+00
1725,5.68750000000000000e+00,4.37500000000000000e-01,5.62500000000000000e-01,1.99704103198558536e+00,-1.39657257996381336e-10,1.39658819639086497e-10,1.99704103198558536e+00,8.77149357556407772e-01
1726,5.81250000000000000e+00,4.37500000000000000e-01,5.62500000000000000e-01,1.99704103156728840e+00,-2.61621048377765432e-10,2.61623134626254858e-10,1.99704103156728840e+00,5.26289615943780209e-01
1727,5.93750000000000000e+00,4.37500000000000000e-01,5.62500000000000000e-01,1.99704102926776694e+00,-3.93710345505403750e-10,3.93713027120535466e-10,1.99704102926776694e+00,1.75429868477698703e-01
1728,6.25000000000000000e-02,5.62500000000000000e-01,5.62500000000000000e-01,1.07283206442787327e+00,-3.80551766683357648e-02,-3.80551766683357301e-02,1.07418109804962070e+00,1.68789911158136476e+01
1729,1.87500000000000000e-01,5.62500000000000000e-01,5.62500000000000000e-01,1.24374505414100667e+00,-5.54739747867188659e-02,-5.54739747867192060e-02,1.24621686854956781e+00,1.67434538096802932e+01
1730,3.12500000000000000e-01,5.62500000000000000e-01,5.62500000000000000e-01,1.47580111844055373e+00,-5.32895388875124845e-02,-5.32895388875122417e-02,1.47772409166937413e+00,1.63142801367265484e+01
1731,4.37500000000000000e-01,5.62500000000000000e-01,5.62500000000000000e-01,1.65961903058036775e+00,-4.45061399021082285e-02,-4.45061399021080203e-02,1.66081212653403143e+00,1.58689862882371653e+01
1732,5.62500000000000000e-01,5.62500000000000000e-01,5.62500000000000000e-01,1.78755697742331954e+00,-3.24613039468428441e-02,-3.24613039468428927e-02,1.78814636426738072e+00,1.54397561046897653e+01
1733,6.87500000000000000e-01,5.62500000000000000e-01,5.62500000000000000e-01,1.87241870910383579e+00,-2.15657634889166762e-02,-2.15657634889166935e-02,1.87266707839695701e+00,1.50220553077999419e+01
1734,8.12500000000000000e-01,5.62500000000000000e-01,5.62500000000000000e-01,1.92505885230270168e+00,-1.35562855953336638e-02,-1.35562855953335268e-02,1.92515431344795829e+00,1.46251866739724310e+01
1735,9.37500000000000000e-01,5.62500000000000000e-01,5.62500000000000000e-01,1.95616327567515746e+00,-8.20770682634027089e-03,-8.20770682634020497e-03,1.95619771342337900e+00,1.42468283314254869e+01
1736,1.06250000000000000e+00,5.62500000000000000e-01,5.62500000000000000e-01,1.97416393777983212e+00,-4.82262984306230415e-03,-4.82262984306204481e-03,1.97417571881217779e+00,1.38798418454183885e+01
1737,1.18750000000000000e+00,5.62500000000000000e-01,5.62500000000000000e-01,1.98440694164444342e+00,-2.76966361002600270e-03,-2.76966361002621911e-03,1.98441080729764185e+00,1.35196394866802265e+01
1738,1.31250000000000000e+00,5.62500000000000000e-01,5.62500000000000000e-01,1.99013078284906442e+00,-1.56342783876127532e-03,-1.56342783876135968e-03,1.99013201106274451e+00,1.31635455505061998e+01
1739,1.43750000000000000e+00,5.62500000000000000e-01,5.62500000000000000e-01,1.99328856918836794e+00,-8.70229947022261858e-04,-8.70229947022538980e-04,1.99328894911333232e+00,1.28098072771084137e+01
1740,1.56250000000000000e+00,5.62500000000000000e-01,5.62500000000000000e-01,1.99501596713723539e+00,-4.78874544254570295e-04,-4.78874544254721162e-04,1.99501608208409609e+00,1.24573715694196210e+01
1741,1.68750000000000000e+00,5.62500000000000000e-01,5.62500000000000000e-01,1.99595368999157463e+00,-2.61167692755108298e-04,-2.61167692755557808e-04,1.99595372416499428e+00,1.21056551039800411e+01
1742,1.81250000000000000e+00,5.62500000000000000e-01,5.62500000000000000e-01,1.99645939757160207e+00,-1.41437795874577594e-04,-1.41437795874594941e-04,1.99645940759166551e+00,1.17543334981223762e+01
1743,1.93750000000000000e+00,5.62500000000000000e-01,5.62500000000000000e-01,1.99673083387651884e+00,-7.61666828059066664e-05,-7.61666828065181293e-05,1.99673083678194963e+00,1.14032258077697204e+01
1744,2.06250000000000000e+00,5.62500000000000000e-01,5.62500000000000000e-01,1.99687600679185806e+00,-4.08335393936110552e-05,-4.08335393939174168e-05,1.99687600762685125e+00,1.10522332823168696e+01
1745,2.18750000000000000e+00,5.62500000000000000e-01,5.62500000000000000e-01,1.99695341291846495e+00,-2.18157190028912831e-05,-2.18157190037316956e-05,1.99695341315679076e+00,1.07013026564037457e+01
1746,2.31250000000000000e+00,5.62500000000000000e-01,5.62500000000000000e-01,1.99699458832465604e+00,-1.16235248346415248e-05,-1.16235248352044527e-05,1.99699458839231081e+00,1.03504051593499415e+01
1747,2.43750000000000000e+00,5.62500000000000000e-01,5.62500000000000000e-01,1.99701645064682221e+00,-6.17925222857095462e-06,-6.17925222913249935e-06,1.99701645066594224e+00,9.99952533639441121e+00
1748,2.56250000000000000e+00,5.62500000000000000e-01,5.62500000000000000e-01,1.99702803972025711e+00,-3.27888293646720813e-06,-3.27888293653387089e-06,1.99702803972564058e+00,9.64865493019625298e+00
1749,2.68750000000000000e+00,5.62500000000000000e-01,5.62500000000000000e-01,1.99703417427853069e+00,-1.73709030833328931e-06,-1.73709030846606871e-06,1.99703417428004171e+00,9.29778953271633313e+00
1750,2.81250000000000000e+00,5.62500000000000000e-01,5.62500000000000000e-01,1.99703741746342489e+00,-9.18957623675782815e-07,-9.18957622764408398e-07,1.99703741746384789e+00,8.94692679460060880e+00
1751,2.93750000000000000e+00,5.62500000000000000e-01,5.62500000000000000e-01,1.99703912995334720e+00,-4.85489731646832864e-07,-4.85489730509437975e-07,1.99703912995346533e+00,8.59606546694936036e+00
1752,3.06250000000000000e+00,5.62500000000000000e-01,5.62500000000000000e-01,1.99704003304582911e+00,-2.56140176149719604e-07,-2.56140173476184726e-07,1.99704003304586197e+00,8.24520488666887452e+00
1753,3.18750000000000000e+00,5.62500000000000000e-01,5.62500000000000000e-01,1.99704050865120775e+00,-1.34943985848545185e-07,-1.34943982987109123e-07,1.99704050865121685e+00,7.89434470192862481e+00
1754,3.31250000000000000e+00,5.62500000000000000e-01,5.62500000000000000e-01,1.99704075874038511e+00,-7.09787767511121284e-08,-7.09787727549193285e-08,1.99704075874038756e+00,7.54348472627572253e+00
1755,3.43750000000000000e+00,5.62500000000000000e-01,5.62500000000000000e-01,1.99704089000207197e+00,-3.72616409905111873e-08,-3.72616374606434959e-08,1.99704089000207263e+00,7.19262486102194920e+00
1756,3.56250000000000000e+00,5.62500000000000000e-01,5.62500000000000000e-01,1.99704095873325582e+00,-1.95128514664598624e-08,-1.95128483642819859e-08,1.99704095873325604e+00,6.84176505398143409e+00
1757,3.68750000000000000e+00,5.62500000000000000e-01,5.62500000000000000e-01,1.99704099460827633e+00,-1.01842943941688183e-08,-1.01842928774088549e-08,1.99704099460827633e+00,6.49090527758603653e+00
1758,3.81250000000000000e+00,5.62500000000000000e-01,5.62500000000000000e-01,1.99704101325057159e+00,-5.29059961420932902e-09,-5.29059933958229847e-09,1.99704101325057159e+00,6.14004551729039516e+00
1759,3.93750000000000000e+00,5.62500000000000000e-01,5.62500000000000000e-01,1.99704102287574248e+00,-2.72978085121666927e-09,-2.72978246778189006e-09,1.99704102287574248e+00,5.78918576543065111e+00
1760,4.06250000000000000e+00,5.62500000000000000e-01,5.62500000000000000e-01,1.99704102779803949e+00,-1.39436835609132526e-09,-1.39437139265316589e-09,1.99704102779803949e+00,5.43832601797512538e+00
1761,4.18750000000000000e+00,5.62500000000000000e-01,5.62500000000000000e-01,1.99704103027915769e+00,-7.01485018437002289e-10,-7.01489045607912206e-10,1.99704103027915769e+00,5.08746627280714581e+00
1762,4.31250000000000000e+00,5.62500000000000000e-01,5.62500000000000000e-01,1.99704103150204060e+00,-3.44699371168014381e-10,-3.44703542578746840e-10,1.99704103150204060e+00,4.73660652881854549e+00
1763,4.43750000000000000e+00,5.62500000000000000e-01,5.62500000000000000e-01,1.99704103208336936e+00,-1.63119650601879975e-10,-1.63123897388634495e-10,1.99704103208336936e+00,4.38574678543161678e+00
1764,4.56250000000000000e+00,5.62500000000000000e-01,5.62500000000000000e-01,1.99704103234359365e+00,-7.23390562152544872e-11,-7.23422110179588883e-11,1.99704103234359365e+00,4.03488704234732065e+00
1765,4.68750000000000000e+00,5.62500000000000000e-01,5.62500000000000000e-01,1.99704103244712905e+00,-2.82735563862034070e-11,-2.82756747811709256e-11,1.99704103244712905e+00,3.68402729940949003e+00
1766,4.81250000000000000e+00,5.62500000000000000e-01,5.62500000000000000e-01,1.99704103247688702e+00,-8.31391430284697242e-12,-8.31448053785613219e-12,1.99704103247688702e+00,3.33316755653735264e+00
1767,4.93750000000000000e+00,5.62500000000000000e-01,5.62500000000000000e-01,1.99704103247865028e+00,7.68086623499071597e-14,7.73905837174234299e-14,1.99704103247865028e+00,2.98230781369696007e+00
1768,5.06250000000000000e+00,5.62500000000000000e-01,5.62500000000000000e-01,1.99704103246838516e+00,4.34609022318217674e-12,4.34775552795067349e-12,1.99704103246838516e+00,2.63144807087442700e+00
1769,5.18750000000000000e+00,5.62500000000000000e-01,5.62500000000000000e-01,1.99704103244783826e+00,8.23919276344235030e-12,8.24144124795265890e-12,1.99704103244783826e+00,2.28058832806210310e+00
1770,5.31250000000000000e+00,5.62500000000000000e-01,5.62500000000000000e-01,1.99704103241639097e+00,1.46421474032736378e-11,1.46445290767908899e-11,1.99704103241639097e+00,1.92972858527046198e+00
1771,5.43750000000000000e+00,5.62500000000000000e-01,5.62500000000000000e-01,1.99704103235724673e+00,2.84849956627496949e-11,2.84872146279624767e-11,1.99704103235724673e+00,1.57886884250558035e+00
1772,5.56250000000000000e+00,5.62500000000000000e-01,5.62500000000000000e-01,1.99704103221802387e+00,6.13794682990497947e-11,6.13812447035665671e-11,1.99704103221802387e+00,1.22800909976540984e+00
1773,5.68750000000000000e+00,5.62500000000000000e-01,5.62500000000000000e-01,1.99704103198558358e+00,1.39657766398729311e-10,1.39658768288407479e-10,1.99704103198558358e+00,8.77149357556408660e-01
1774,5.81250000000000000e+00,5.62500000000000000e-01,5.62500000000000000e-01,1.99704103156728796e+00,2.61623016902717770e-10,2.61623109406802542e-10,1.99704103156728796e+00,5.26289615943779321e-01
1775,5.93750000000000000e+00,5.62500000000000000e-01,5.62500000000000000e-01,1.99704102926776694e+00,3.93714061084385569e-10,3.93713126112836003e-10,1.99704102926776694e+00,1.75429868477699674e-01
1776,6.25000000000000000e-02,6.87500000000000000e-01,5.62500000000000000e-01,1.07324300491449276e+00,-1.28595642335341598e-01,-3.77496791246497085e-02,1.08157867263530250e+00,1.70505489075895724e+01
1777,1.87500000000000000e-01,6.87500000000000000e-01,5.62500000000000000e-01,1.24424515274183056e+00,-1.63902439832953439e-01,-5.50622149763522264e-02,1.25620136022169548e+00,1.68046064694867034e+01
1778,3.12500000000000000e-01,6.87500000000000000e-01,5.62500000000000000e-01,1.44235996794672316e+00,-1.44351406958107220e-01,-5.26638382211933945e-02,1.45052165984594850e+00,1.63251771418459377e+01
1779,4.37500000000000000e-01,6.87500000000000000e-01,5.62500000000000000e-01,1.57696444808238789e+00,-1.09888617677277201e-01,-4.32744143566152206e-02,1.58138074281582197e+00,1.58644211406065825e+01
1780,5.62500000000000000e-01,6.87500000000000000e-01,5.62500000000000000e-01,1.66152940947482053e+00,-7.48473475323226389e-02,-3.08961956533432176e-02,1.66350133119520516e+00,1.54270294370601633e+01
1781,6.87500000000000000e-01,6.87500000000000000e-01,5.62500000000000000e-01,1.71316226016724182e+00,-4.72449181436720295e-02,-2.00754871834061890e-02,1.71393116464383888e+00,1.50095426976445125e+01
1782,8.12500000000000000e-01,6.87500000000000000e-01,5.62500000000000000e-01,1.74260468166571170e+00,-2.85228245815206394e-02,-1.23297118074114885e-02,1.74288170851570379e+00,1.46163837027008885e+01
1783,9.37500000000000000e-01,6.87500000000000000e-01,5.62500000000000000e-01,1.75873877722385896e+00,-1.67022909221488901e-02,-7.29501758522641073e-03,1.75883321276194082e+00,1.42411596055226379e+01
1784,1.06250000000000000e+00,6.87500000000000000e-01,5.62500000000000000e-01,1.76754623781556020e+00,-9.54158976558842388e-03,-4.19770455884658535e-03,1.76757697582729301e+00,1.38763134497636802e+01
1785,1.18750000000000000e+00,6.87500000000000000e-01,5.62500000000000000e-01,1.77231410709880022e+00,-5.35437775563679403e-03,-2.36607930803278601e-03,1.77232377457220269e+00,1.35175505184402951e+01
1786,1.31250000000000000e+00,6.87500000000000000e-01,5.62500000000000000e-01,1.77486321112426637e+00,-2.96638128832843332e-03,-1.31356921849690471e-03,1.77486617610578779e+00,1.31623490002763326e+01
1787,1.43750000000000000e+00,6.87500000000000000e-01,5.62500000000000000e-01,1.77621962738355488e+00,-1.62629779497648597e-03,-7.20878124758634513e-04,1.77622051818245907e+00,1.28091312629322438e+01
1788,1.56250000000000000e+00,6.87500000000000000e-01,5.62500000000000000e-01,1.77694076074831653e+00,-8.84053140144397376e-04,-3.92155209259714037e-04,1.77694102393536646e+00,1.24569945903001198e+01
1789,1.68750000000000000e+00,6.87500000000000000e-01,5.62500000000000000e-01,1.77732333173977630e+00,-4.77454905681680246e-04,-2.11945338700128197e-04,1.77732340850802739e+00,1.21054476591192497e+01
1790,1.81250000000000000e+00,6.87500000000000000e-01,5.62500000000000000e-01,1.77752592463849202e+00,-2.56565587885334428e-04,-1.13989650337159039e-04,1.77752594680962872e+00,1.17542203463225210e+01
1791,1.93750000000000000e+00,6.87500000000000000e-01,5.62500000000000000e-01,1.77763316779634195e+00,-1.37316363936561048e-04,-6.10701202571855672e-05,1.77763317414898658e+00,1.14031644376487442e+01
1792,2.06250000000000000e+00,6.87500000000000000e-01,5.62500000000000000e-01,1.77768995268862162e+00,-7.32628919866123573e-05,-3.26181425772392996e-05,1.77768995449754064e+00,1.10522001645441481e+01
1793,2.18750000000000000e+00,6.87500000000000000e-01,5.62500000000000000e-01,1.77771999734203234e+00,-3.89923102811301099e-05,-1.73839568963094697e-05,1.77771999785465584e+00,1.07012848729565011e+01
1794,2.31250000000000000e+00,6.87500000000000000e-01,5.62500000000000000e-01,1.77773589036677970e+00,-2.07115347833145545e-05,-9.24809380471458282e-06,1.77773589051148484e+00,1.03503956401914596e+01
1795,2.43750000000000000e+00,6.87500000000000000e-01,5.62500000000000000e-01,1.77774429524901634e+00,-1.09833959620113834e-05,-4.91174494168650347e-06,1.77774429528973088e+00,9.99952025227677943e+00
1796,2.56250000000000000e+00,6.87500000000000000e-01,5.62500000000000000e-01,1.77774873704124725e+00,-5.81647464961514070e-06,-2.60479587129115993e-06,1.77774873705267056e+00,9.64865222026764435e+00
1797,2.68750000000000000e+00,6.87500000000000000e-01,5.62500000000000000e-01,1.77775108267993875e+00,-3.07639834294776381e-06,-1.37949501921571380e-06,1.77775108268313575e+00,9.29778809067595624e+00
1798,2.81250000000000000e+00,6.87500000000000000e-01,5.62500000000000000e-01,1.77775232043232512e+00,-1.62521609484394939e-06,-7.29619748467106937e-07,1.77775232043321774e+00,8.94692602828228800e+00
1799,2.93750000000000000e+00,6.87500000000000000e-01,5.62500000000000000e-01,1.77775297293159218e+00,-8.57562065594399108e-07,-3.85390829435524252e-07,1.77775297293184065e+00,8.59606506021294869e+00
1800,3.06250000000000000e+00,6.87500000000000000e-01,5.62500000000000000e-01,1.77775331648524570e+00,-4.51935703257112496e-07,-2.03287641974768250e-07,1.77775331648531476e+00,8.24520467103112509e+00
1801,3.18750000000000000e+00,6.87500000000000000e-01,5.62500000000000000e-01,1.77775349711652719e+00,-2.37837784691375978e-07,-1.07071475555020889e-07,1.77775349711654629e+00,7.89434458773077985e+00
1802,3.31250000000000000e+00,6.87500000000000000e-01,5.62500000000000000e-01,1.77775359192707438e+00,-1.24960085084882064e-07,-5.62988217961495598e-08,1.77775359192707971e+00,7.54348466586830213e+00
1803,3.43750000000000000e+00,6.87500000000000000e-01,5.62500000000000000e-01,1.77775364158583971e+00,-6.55203788296738690e-08,-2.95418321898540377e-08,1.77775364158584104e+00,7.19262482910858392e+00
1804,3.56250000000000000e+00,6.87500000000000000e-01,5.62500000000000000e-01,1.77775366752335429e+00,-3.42627964331137225e-08,-1.54612258025660907e-08,1.77775366752335473e+00,6.84176503714594020e+00
1805,3.68750000000000000e+00,6.87500000000000000e-01,5.62500000000000000e-01,1.77775368101981490e+00,-1.78517063358724448e-08,-8.06359200295632953e-09,1.77775368101981490e+00,6.49090526872025286e+00
1806,3.81250000000000000e+00,6.87500000000000000e-01,5.62500000000000000e-01,1.77775368800508726e+00,-9.25280820653085425e-09,-4.18481379253218543e-09,1.77775368800508726e+00,6.14004551263196774e+00
1807,3.93750000000000000e+00,6.87500000000000000e-01,5.62500000000000000e-01,1.77775369159209173e+00,-4.75943107703055005e-09,-2.15638375172313375e-09,1.77775369159209173e+00,5.78918576299018550e+00
1808,4.06250000000000000e+00,6.87500000000000000e-01,5.62500000000000000e-01,1.77775369341242140e+00,-2.42037600185747526e-09,-1.09945549676749900e-09,1.77775369341242140e+00,5.43832601670180527e+00
1809,4.18750000000000000e+00,6.87500000000000000e-01,5.62500000000000000e-01,1.77775369431954977e+00,-1.20961414416667290e-09,-5.51645498132123674e-10,1.77775369431954977e+00,5.08746627214659863e+00
1810,4.31250000000000000e+00,6.87500000000000000e-01,5.62500000000000000e-01,1.77775369475870293e+00,-5.88225000864265501e-10,-2.69967643368954208e-10,1.77775369475870293e+00,4.73660652847871333e+00
1811,4.43750000000000000e+00,6.87500000000000000e-01,5.62500000000000000e-01,1.77775369496122826e+00,-2.73505914388442905e-10,-1.26878033225007603e-10,1.77775369496122826e+00,4.38574678525882078e+00
1812,4.56250000000000000e+00,6.87500000000000000e-01,5.62500000000000000e-01,1.77775369504693703e+00,-1.17373485075561314e-10,-5.55293549175131522e-11,1.77775369504693703e+00,4.03488704226032624e+00
1813,4.68750000000000000e+00,6.87500000000000000e-01,5.62500000000000000e-01,1.77775369507656067e+00,-4.28157828565703416e-11,-2.11950843897002260e-11,1.77775369507656067e+00,3.68402729936578188e+00
1814,4.81250000000000000e+00,6.87500000000000000e-01,5.62500000000000000e-01,1.77775369508137193e+00,-1.00371129338174415e-11,-5.85460817491351720e-12,1.77775369508137193e+00,3.33316755651621399e+00
1815,4.93750000000000000e+00,6.87500000000000000e-01,5.62500000000000000e-01,1.77775369507877490e+00,3.39163664862156567e-12,6.97122124280382328e-13,1.77775369507877490e+00,2.98230781368678066e+00
1816,5.06250000000000000e+00,6.87500000000000000e-01,5.62500000000000000e-01,1.77775369507125736e+00,1.02445726780997937e-11,4.07533923599551704e-12,1.77775369507125736e+00,2.63144807086581256e+00
1817,5.18750000000000000e+00,6.87500000000000000e-01,5.62500000000000000e-01,1.77775369506119429e+00,1.69307619884179402e-11,7.15929361877063483e-12,1.77775369506119429e+00,2.28058832804797618e+00
1818,5.31250000000000000e+00,6.87500000000000000e-01,5.62500000000000000e-01,1.77775369504732250e+00,2.92396394681562631e-11,1.25315596338108570e-11,1.77775369504732250e+00,1.92972858523855439e+00
1819,5.43750000000000000e+00,6.87500000000000000e-01,5.62500000000000000e-01,1.77775369502122738e+00,5.73144843072802113e-11,2.42836866776956964e-11,1.77775369502122738e+00,1.57886884243869674e+00
1820,5.56250000000000000e+00,6.87500000000000000e-01,5.62500000000000000e-01,1.77775369495512114e+00,1.26594864034293217e-10,5.23354222408332968e-11,1.77775369495512114e+00,1.22800909964035943e+00
1821,5.68750000000000000e+00,6.87500000000000000e-01,5.62500000000000000e-01,1.77775369484515267e+00,2.95074922158023324e-10,1.19562206417406652e-10,1.77775369484515267e+00,8.77149357130081797e-01
1822,5.81250000000000000e+00,6.87500000000000000e-01,5.62500000000000000e-01,1.77775369464614630e+00,5.53738212274288407e-10,2.25694333035665299e-10,1.77775369464614630e+00,5.26289615015807843e-01
1823,5.93750000000000000e+00,6.87500000000000000e-01,5.62500000000000000e-01,1.77775369344733525e+00,8.15075668066257475e-10,3.49755076547588154e-10,1.77775369344733525e+00,1.75429869920554427e-01
1824,6.25000000000000000e-02,8.12500000000000000e-01,5.62500000000000000e-01,1.03041788039916038e+00,-2.14371263237702780e-01,-3.47554904954295377e-02,1.05305460013619667e+00,1.75838513355320707e+01
1825,1.87500000000000000e-01,8.12500000000000000e-01,5.62500000000000000e-01,1.16853765959855815e+00,-2.24022969234314001e-01,-4.96191728832132486e-02,1.19085205418735729e+00,1.69600776430608704e+01
1826,3.12500000000000000e-01,8.12500000000000000e-01,5.62500000000000000e-01,1.25859310413713432e+00,-1.70449348731845696e-01,-4.59855690706832410e-02,1.27091473153292722e+00,1.63408861804687895e+01
1827,4.37500000000000000e-01,8.12500000000000000e-01,5.62500000000000000e-01,1.28673090844152949e+00,-1.10477201615085563e-01,-3.57589539468800982e-02,1.29195988544646356e+00,1.58544777523998395e+01
1828,5.62500000000000000e-01,8.12500000000000000e-01,5.62500000000000000e-01,1.30126162351621644e+00,-6.52645842007110039e-02,-2.42371960592953871e-02,1.30312268051007685e+00,1.54066793158298747e+01
1829,6.87500000000000000e-01,8.12500000000000000e-01,5.62500000000000000e-01,1.30845299204700205e+00,-3.65580020348106952e-02,-1.50563658162426138e-02,1.30905019539401990e+00,1.49910821276812918e+01
1830,8.12500000000000000e-01,8.12500000000000000e-01,5.62500000000000000e-01,1.31064481504874419e+00,-2.00007615043425804e-02,-8.86665266124731129e-03,1.31082740252266849e+00,1.46038982074052761e+01
1831,9.37500000000000000e-01,8.12500000000000000e-01,5.62500000000000000e-01,1.31086484029202355e+00,-1.07970115963853600e-02,-5.04935545727245791e-03,1.31091902914092251e+00,1.42333237276533211e+01
1832,1.06250000000000000e+00,8.12500000000000000e-01,5.62500000000000000e-01,1.31070750480383058e+00,-5.77398390153199739e-03,-2.81285634163760956e-03,1.31072324088648751e+00,1.38715485772386664e+01
1833,1.18750000000000000e+00,8.12500000000000000e-01,5.62500000000000000e-01,1.31045218732911795e+00,-3.07478848200162325e-03,-1.54099425949650540e-03,1.31045670064416342e+00,1.35147961585809995e+01
1834,1.31250000000000000e+00,8.12500000000000000e-01,5.62500000000000000e-01,1.31022425361991424e+00,-1.63481029658086880e-03,-8.34276405191635350e-04,1.31022553913274309e+00,1.31608007995886815e+01
1835,1.43750000000000000e+00,8.12500000000000000e-01,5.62500000000000000e-01,1.31006560760431778e+00,-8.67975132734756451e-04,-4.48409347198764784e-04,1.31006597188059359e+00,1.28082690596185635e+01
1836,1.56250000000000000e+00,8.12500000000000000e-01,5.62500000000000000e-01,1.30996614122108435e+00,-4.60354121225801157e-04,-2.39987108344412236e-04,1.30996624409386486e+00,1.24565192343601510e+01
1837,1.68750000000000000e+00,8.12500000000000000e-01,5.62500000000000000e-01,1.30990683797731755e+00,-2.44031083085366761e-04,-1.28104249176774380e-04,1.30990686697245873e+00,1.21051882689976917e+01
1838,1.81250000000000000e+00,8.12500000000000000e-01,5.62500000000000000e-01,1.30987275365199851e+00,-1.29289256736439767e-04,-6.82671370401577611e-05,1.30987276181161327e+00,1.17540797208206733e+01
1839,1.93750000000000000e+00,8.12500000000000000e-01,5.62500000000000000e-01,1.30985371873985956e+00,-6.84577575791192139e-05,-3.63368286738416696e-05,1.30985372103279873e+00,1.14030885670426851e+01
1840,2.06250000000000000e+00,8.12500000000000000e-01,5.62500000000000000e-01,1.30984329230478713e+00,-3.62317023428807594e-05,-1.93229479906312250e-05,1.30984329294841850e+00,1.10521594134903420e+01
1841,2.18750000000000000e+00,8.12500000000000000e-01,5.62500000000000000e-01,1.30983764918652068e+00,-1.91646630275676140e-05,-1.02680761828574915e-05,1.30983764936696967e+00,1.07012630446749917e+01
1842,2.31250000000000000e+00,8.12500000000000000e-01,5.62500000000000000e-01,1.30983462441249365e+00,-1.01302592088278397e-05,-5.45221213241919707e-06,1.30983462446301480e+00,1.03503839756139442e+01
1843,2.43750000000000000e+00,8.12500000000000000e-01,5.62500000000000000e-01,1.30983301383781403e+00,-5.35142341104208274e-06,-2.89235097048584439e-06,1.30983301385193940e+00,9.99951403347251855e+00
1844,2.56250000000000000e+00,8.12500000000000000e-01,5.62500000000000000e-01,1.30983215922784968e+00,-2.82513676775857383e-06,-1.53273482268216927e-06,1.30983215923179319e+00,9.64864891066307351e+00
1845,2.68750000000000000e+00,8.12500000000000000e-01,5.62500000000000000e-01,1.30983170674220273e+00,-1.49031988287418339e-06,-8.11285687569245666e-07,1.30983170674330185e+00,9.29778633165661539e+00
1846,2.81250000000000000e+00,8.12500000000000000e-01,5.62500000000000000e-01,1.30983146754346191e+00,-7.85475511551605257e-07,-4.28870875578189877e-07,1.30983146754376767e+00,8.94692509452878149e+00
1847,2.93750000000000000e+00,8.12500000000000000e-01,5.62500000000000000e-01,1.30983134118856337e+00,-4.13559775663931777e-07,-2.26403152243491917e-07,1.30983134118864819e+00,8.59606456512408279e+00
1848,3.06250000000000000e+00,8.12500000000000000e-01,5.62500000000000000e-01,1.30983127446005621e+00,-2.17476799725163059e-07,-1.19341814991232469e-07,1.30983127446007974e+00,8.24520440881172334e+00
1849,3.18750000000000000e+00,8.12500000000000000e-01,5.62500000000000000e-01,1.30983123923099098e+00,-1.14193784608557115e-07,-6.28043024644970871e-08,1.30983123923099742e+00,7.89434444899608234e+00
1850,3.31250000000000000e+00,8.12500000000000000e-01,5.62500000000000000e-01,1.30983122064067969e+00,-5.98509257325209785e-08,-3.29890474214495844e-08,1.30983122064068147e+00,7.54348459255035753e+00
1851,3.43750000000000000e+00,8.12500000000000000e-01,5.62500000000000000e-01,1.30983121083734333e+00,-3.12945230659453135e-08,-1.72889498390964674e-08,1.30983121083734377e+00,7.19262479041068659e+00
1852,3.56250000000000000e+00,8.12500000000000000e-01,5.62500000000000000e-01,1.30983120567330258e+00,-1.63109565735847041e-08,-9.03478384063891704e-09,1.30983120567330258e+00,6.84176501675043980e+00
1853,3.68750000000000000e+00,8.12500000000000000e-01,5.62500000000000000e-01,1.30983120295771283e+00,-8.46345426131807852e-09,-4.70311370737641770e-09,1.30983120295771283e+00,6.49090525798990736e+00
1854,3.81250000000000000e+00,8.12500000000000000e-01,5.62500000000000000e-01,1.30983120153330712e+00,-4.36313758765166744e-09,-2.43492864124998129e-09,1.30983120153330712e+00,6.14004550699947504e+00
1855,3.93750000000000000e+00,8.12500000000000000e-01,5.62500000000000000e-01,1.30983120078894011e+00,-2.22768391754076143e-09,-1.25066139489778778e-09,1.30983120078894011e+00,5.78918576004271035e+00
1856,4.06250000000000000e+00,8.12500000000000000e-01,5.62500000000000000e-01,1.30983120040205070e+00,-1.12074408328343614e-09,-6.34809285996699308e-10,1.30983120040205070e+00,5.43832601516607372e+00
1857,4.18750000000000000e+00,8.12500000000000000e-01,5.62500000000000000e-01,1.30983120020254296e+00,-5.50967862982443013e-10,-3.16422994533048099e-10,1.30983120020254296e+00,5.08746627135145424e+00
1858,4.31250000000000000e+00,8.12500000000000000e-01,5.62500000000000000e-01,1.30983120010082099e+00,-2.60838802038973255e-10,-1.53276394835088161e-10,1.30983120010082099e+00,4.73660652807087779e+00
1859,4.43750000000000000e+00,8.12500000000000000e-01,5.62500000000000000e-01,1.30983120004981579e+00,-1.15560386187657802e-10,-7.08107870242489363e-11,1.30983120004981579e+00,4.38574678505254578e+00
1860,4.56250000000000000e+00,8.12500000000000000e-01,5.62500000000000000e-01,1.30983120002494058e+00,-4.47542861708062886e-11,-3.00239882681065928e-11,1.30983120002494058e+00,4.03488704215780380e+00
1861,4.68750000000000000e+00,8.12500000000000000e-01,5.62500000000000000e-01,1.30983120001312514e+00,-1.22403918575102001e-11,-1.06471981275703594e-11,1.30983120001312514e+00,3.68402729931620598e+00
1862,4.81250000000000000e+00,8.12500000000000000e-01,5.62500000000000000e-01,1.30983120000755848e+00,7.58184035421309676e-13,-2.11660882535287001e-12,1.30983120000755848e+00,3.33316755649363961e+00
1863,4.93750000000000000e+00,8.12500000000000000e-01,5.62500000000000000e-01,1.30983120000531272e+00,5.30206412561961693e-12,1.43340298610664964e-12,1.30983120000531272e+00,2.98230781367640096e+00
1864,5.06250000000000000e+00,8.12500000000000000e-01,5.62500000000000000e-01,1.30983120000476694e+00,7.43888933103018386e-12,3.33026204250167354e-12,1.30983120000476694e+00,2.63144807085916144e+00
1865,5.18750000000000000e+00,8.12500000000000000e-01,5.62500000000000000e-01,1.30983120000513753e+00,1.00136780435967463e-11,5.40654961898230467e-12,1.30983120000513753e+00,2.28058832803899714e+00
1866,5.31250000000000000e+00,8.12500000000000000e-01,5.62500000000000000e-01,1.30983120000653286e+00,1.64454940446891292e-11,9.41619624489895938e-12,1.30983120000653286e+00,1.92972858521565005e+00
1867,5.43750000000000000e+00,8.12500000000000000e-01,5.62500000000000000e-01,1.30983120000973985e+00,3.33462624667427034e-11,1.82911241311743193e-11,1.30983120000973985e+00,1.57886884239060366e+00
1868,5.56250000000000000e+00,8.12500000000000000e-01,5.62500000000000000e-01,1.30983120001282960e+00,8.00955394315355794e-11,3.93187759079877478e-11,1.30983120001282960e+00,1.22800909955306481e+00
1869,5.68750000000000000e+00,8.12500000000000000e-01,5.62500000000000000e-01,1.30983120001835629e+00,2.00971662459378212e-10,8.90126070468222199e-11,1.30983120001835629e+00,8.77149356724779450e-01
1870,5.81250000000000000e+00,8.12500000000000000e-01,5.62500000000000000e-01,1.30983120005109566e+00,3.77680837340529443e-10,1.66159677652702048e-10,1.30983120005109566e+00,5.26289614039411990e-01
1871,5.93750000000000000e+00,8.12500000000000000e-01,5.62500000000000000e-01,1.30983120004645914e+00,5.17870655748129147e-10,2.57785632801415805e-10,1.30983120004645914e+00,1.75429871288857980e-01
1872,6.25000000000000000e-02,9.37500000000000000e-01,5.62500000000000000e-01,7.46652395630460042e-01,-9.76501836771317966e-02,-2.31155302379375850e-02,7.53365572621329416e-01,1.87501091396050796e+01
1873,1.87500000000000000e-01,9.37500000000000000e-01,5.62500000000000000e-01,7.46439111835292102e-01,-9.88052701265360045e-02,-2.92039220091628651e-02,7.53516222879743069e-01,1.72692620353378885e+01
1874,3.12500000000000000e-01,9.37500000000000000e-01,5.62500000000000000e-01,6.70603416602993496e-01,-6.88174310765923836e-02,-2.37914707374988800e-02,6.74544894917634696e-01,1.63620282502725551e+01
1875,4.37500000000000000e-01,9.37500000000000000e-01,5.62500000000000000e-01,6.00144931212969412e-01,-4.03248377403907440e-02,-1.63504348061310617e-02,6.01720340123016117e-01,1.58187642893120994e+01
1876,5.62500000000000000e-01,9.37500000000000000e-01,5.62500000000000000e-01,5.68085532492450529e-01,-2.18789335707892003e-02,-1.01514659056500794e-02,5.68597319921101740e-01,1.53653372009168834e+01
1877,6.87500000000000000e-01,9.37500000000000000e-01,5.62500000000000000e-01,5.52440616327281919e-01,-1.14289812587277002e-02,-5.91109948233517393e-03,5.52590442622535316e-01,1.49601778326925778e+01
1878,8.12500000000000000e-01,9.37500000000000000e-01,5.62500000000000000e-01,5.43889413992323267e-01,-5.89308546865464911e-03,-3.31386045253280774e-03,5.43931433896178262e-01,1.45841982243826234e+01
1879,9.37500000000000000e-01,9.37500000000000000e-01,5.62500000000000000e-01,5.39404008905180254e-01,-3.02305270878645404e-03,-1.81618639354812141e-03,5.39415537599424399e-01,1.42215333665319825e+01
1880,1.06250000000000000e+00,9.37500000000000000e-01,5.62500000000000000e-01,5.37116642095706198e-01,-1.55137507372950711e-03,-9.81734195720737092e-04,5.37119779735225733e-01,1.38648110221825860e+01
1881,1.18750000000000000e+00,9.37500000000000000e-01,5.62500000000000000e-01,5.35920784681287676e-01,-7.99021523645460996e-04,-5.25108215936970278e-04,5.35921637580944132e-01,1.35110442522390048e+01
1882,1.31250000000000000e+00,9.37500000000000000e-01,5.62500000000000000e-01,5.35288058163011726e-01,-4.13387102767752293e-04,-2.78964806760856777e-04,5.35288290477372586e-01,1.31587410094489012e+01
1883,1.43750000000000000e+00,9.37500000000000000e-01,5.62500000000000000e-01,5.34953886591185479e-01,-2.14854444710005691e-04,-1.47820037368746529e-04,5.34953950160395375e-01,1.28071512831004952e+01
1884,1.56250000000000000e+00,9.37500000000000000e-01,5.62500000000000000e-01,5.34777077120583755e-01,-1.12169950511013041e-04,-7.83122707626701566e-05,5.34777094618444138e-01,1.24559182392883212e+01
1885,1.68750000000000000e+00,9.37500000000000000e-01,5.62500000000000000e-01,5.34683296901143024e-01,-5.87799593862220102e-05,-4.15130691515891591e-05,5.34683301743653083e-01,1.21048668982585088e+01
1886,1.81250000000000000e+00,9.37500000000000000e-01,5.62500000000000000e-01,5.34633596561490343e-01,-3.08795794790133312e-05,-2.20226027255785060e-05,5.34633597906844837e-01,1.17539083798829616e+01
1887,1.93750000000000000e+00,9.37500000000000000e-01,5.62500000000000000e-01,5.34607309134394915e-01,-1.62501029264750706e-05,-1.16895628407933266e-05,5.34607309509166906e-01,1.14029974281135793e+01
1888,2.06250000000000000e+00,9.37500000000000000e-01,5.62500000000000000e-01,5.34593420255495944e-01,-8.56279416194902576e-06,-6.20596493621658572e-06,5.34593420360094607e-01,1.10521110289129432e+01
1889,2.18750000000000000e+00,9.37500000000000000e-01,5.62500000000000000e-01,5.34586085903547614e-01,-4.51489224626787396e-06,-3.29433252897232796e-06,5.34586085932763577e-01,1.07012373856963858e+01
1890,2.31250000000000000e+00,9.37500000000000000e-01,5.62500000000000000e-01,5.34582216923411235e-01,-2.38088035097851705e-06,-1.74786518933845262e-06,5.34582216931570597e-01,1.03503703808386263e+01
1891,2.43750000000000000e+00,9.37500000000000000e-01,5.62500000000000000e-01,5.34580177669603196e-01,-1.25547145544263611e-06,-9.26535736724883359e-07,5.34580177671880374e-01,9.99950683732913959e+00
1892,2.56250000000000000e+00,9.37500000000000000e-01,5.62500000000000000e-01,5.34579103070707995e-01,-6.61848658936832802e-07,-4.90577762347714037e-07,5.34579103071342820e-01,9.64864510422775723e+00
1893,2.68750000000000000e+00,9.37500000000000000e-01,5.62500000000000000e-01,5.34578536941439975e-01,-3.48710930157615827e-07,-2.59395990406192075e-07,5.34578536941616611e-01,9.29778431947304718e+00
1894,2.81250000000000000e+00,9.37500000000000000e-01,5.62500000000000000e-01,5.34578238830167640e-01,-1.83578197804996506e-07,-1.36953177052846626e-07,5.34578238830216712e-01,8.94692403162285643e+00
1895,2.93750000000000000e+00,9.37500000000000000e-01,5.62500000000000000e-01,5.34578081941952332e-01,-9.65447840729077977e-08,-7.21923264300857504e-08,5.34578081941965877e-01,8.59606400415036020e+00
1896,3.06250000000000000e+00,9.37500000000000000e-01,5.62500000000000000e-01,5.34577999438497820e-01,-5.07074291986841706e-08,-3.79902452780317159e-08,5.34577999438501594e-01,8.24520411304160739e+00
1897,3.18750000000000000e+00,9.37500000000000000e-01,5.62500000000000000e-01,5.34577956099921980e-01,-2.65891267110588421e-08,-1.99546684402873809e-08,5.34577956099923091e-01,7.89434429324506581e+00
1898,3.31250000000000000e+00,9.37500000000000000e-01,5.62500000000000000e-01,5.34577933368850955e-01,-1.39135687001178496e-08,-1.04590557623918819e-08,5.34577933368851288e-01,7.54348451066300285e+00
1899,3.43750000000000000e+00,9.37500000000000000e-01,5.62500000000000000e-01,5.34577921470479889e-01,-7.26110520708276469e-09,-5.46790952912743381e-09,5.34577921470480000e-01,7.19262474744790303e+00
1900,3.56250000000000000e+00,9.37500000000000000e-01,5.62500000000000000e-01,5.34577915259623948e-01,-3.77550420489926104e-09,-2.84909333661611922e-09,5.34577915259623948e-01,6.84176499427359275e+00
1901,3.68750000000000000e+00,9.37500000000000000e-01,5.62500000000000000e-01,5.34577912030305136e-01,-1.95295022439436817e-09,-1.47781599777440288e-09,5.34577912030305136e-01,6.49090524627721255e+00
1902,3.81250000000000000e+00,9.37500000000000000e-01,5.62500000000000000e-01,5.34577910360780839e-01,-1.00253163837866677e-09,-7.61580726751616359e-10,5.34577910360780839e-01,6.14004550093044266e+00
1903,3.93750000000000000e+00,9.37500000000000000e-01,5.62500000000000000e-01,5.34577909504961757e-01,-5.08756966726877806e-10,-3.88730378465380404e-10,5.34577909504961757e-01,5.78918575692377591e+00
1904,4.06250000000000000e+00,9.37500000000000000e-01,5.62500000000000000e-01,5.34577909071914492e-01,-2.53614792158519539e-10,-1.95553682963850940e-10,5.34577909071914492e-01,5.43832601358256795e+00
1905,4.18750000000000000e+00,9.37500000000000000e-01,5.62500000000000000e-01,5.34577908857194251e-01,-1.22855931621427952e-10,-9.61705223822341188e-11,5.34577908857194251e-01,5.08746627056200040e+00
1906,4.31250000000000000e+00,9.37500000000000000e-01,5.62500000000000000e-01,5.34577908754178099e-01,-5.66836610890495006e-11,-4.55905250388195607e-11,5.34577908754178099e-01,4.73660652768804269e+00
1907,4.43750000000000000e+00,9.37500000000000000e-01,5.62500000000000000e-01,5.34577908707528859e-01,-2.38580078236210851e-11,-2.02803416256757186e-11,5.34577908707528859e-01,4.38574678487459124e+00
1908,4.56250000000000000e+00,9.37500000000000000e-01,5.62500000000000000e-01,5.34577908688729231e-01,-8.14690820989939651e-12,-7.96322778691397497e-12,5.34577908688729231e-01,4.03488704208028715e+00
1909,4.68750000000000000e+00,9.37500000000000000e-01,5.62500000000000000e-01,5.34577908683109504e-01,-1.24261169151661221e-12,-2.27839363515515867e-12,5.34577908683109504e-01,3.68402729928647910e+00
1910,4.81250000000000000e+00,9.37500000000000000e-01,5.62500000000000000e-01,5.34577908682904446e-01,1.24603952075903120e-12,1.11945229956415251e-13,5.34577908682904446e-01,3.33316755648653418e+00
1911,4.93750000000000000e+00,9.37500000000000000e-01,5.62500000000000000e-01,5.34577908684260361e-01,1.87417222351077152e-12,1.09644380930994697e-12,5.34577908684260361e-01,2.98230781368024989e+00
1912,5.06250000000000000e+00,9.37500000000000000e-01,5.62500000000000000e-01,5.34577908685779146e-01,1.99335999508316200e-12,1.74291477439195058e-12,5.34577908685779146e-01,2.63144807087007804e+00
1913,5.18750000000000000e+00,9.37500000000000000e-01,5.62500000000000000e-01,5.34577908686815428e-01,2.28797155705134605e-12,2.72977439127721576e-12,5.34577908686815428e-01,2.28058832805870182e+00
1914,5.31250000000000000e+00,9.37500000000000000e-01,5.62500000000000000e-01,5.34577908686968861e-01,3.68898837105684121e-12,4.90264233249789943e-12,5.34577908686968861e-01,1.92972858525185575e+00
1915,5.43750000000000000e+00,9.37500000000000000e-01,5.62500000000000000e-01,5.34577908687645986e-01,8.20338746682685415e-12,9.66746023009377560e-12,5.34577908687645986e-01,1.57886884246700854e+00
1916,5.56250000000000000e+00,9.37500000000000000e-01,5.62500000000000000e-01,5.34577908691336257e-01,2.24679400141206590e-11,2.05654253733980287e-11,5.34577908691336257e-01,1.22800909972060301e+00
1917,5.68750000000000000e+00,9.37500000000000000e-01,5.62500000000000000e-01,5.34577908698697590e-01,6.22107671277496132e-11,4.51893448700778991e-11,5.34577908698697590e-01,8.77149356989679330e-01
1918,5.81250000000000000e+00,9.37500000000000000e-01,5.62500000000000000e-01,5.34577908767731147e-01,1.16445134563928668e-10,7.93023912985943560e-11,5.34577908767731147e-01,5.26289614498706371e-01
1919,5.93750000000000000e+00,9.37500000000000000e-01,5.62500000000000000e-01,5.34577909072143198e-01,1.30966686548304140e-10,1.06238285496737905e-10,5.34577909072143198e-01,1.75429872622727023e-01
1920,6.25000000000000000e-02,6.25000000000000000e-02,6.87500000000000000e-01,7.50151347375840771e-01,9.74055355483329499e-02,-8.00237060176960113e-02,7.60669886251620686e-01,1.89361363570464576e+01
1921,1.87500000000000000e-01,6.25000000000000000e-02,6.87500000000000000e-01,7.56106252020265268e-01,9.88348717576941066e-02,-8.98991178222048604e-02,7.67819541041189879e-01,1.73709623390779697e+01
1922,3.12500000000000000e-01,6.25000000000000000e-02,6.87500000000000000e-01,6.68105432440503688e-01,6.88027657116894037e-02,-6.71536045327737058e-02,6.74987626573875898e-01,1.64118865606543984e+01
1923,4.37500000000000000e-01,6.25000000000000000e-02,6.87500000000000000e-01,5.81301790742981161e-01,4.01427887465285044e-02,-4.26534900782038276e-02,5.84245270092275892e-01,1.58447024690427511e+01
1924,5.62500000000000000e-01,6.25000000000000000e-02,6.87500000000000000e-01,5.37891328075336572e-01,2.16600676423930015e-02,-2.51047066325442887e-02,5.38912317213133041e-01,1.53773986291358220e+01
1925,6.87500000000000000e-01,6.25000000000000000e-02,6.87500000000000000e-01,5.15048426473512233e-01,1.12433693190404620e-02,-1.40680233508327646e-02,5.15363177038760556e-01,1.49652699809421286e+01
1926,8.12500000000000000e-01,6.25000000000000000e-02,6.87500000000000000e-01,5.02224813201109122e-01,5.74900027584743928e-03,-7.64235525344477643e-03,5.02315856402005823e-01,1.45862546969779459e+01
1927,9.37500000000000000e-01,6.25000000000000000e-02,6.87500000000000000e-01,4.95369834285787014e-01,2.91605138026042668e-03,-4.07473520063251007e-03,4.95395175130860232e-01,1.42223388861432749e+01
1928,1.06250000000000000e+00,6.25000000000000000e-02,6.87500000000000000e-01,4.91806343801914181e-01,1.47683407382816971e-03,-2.15019051357215113e-03,4.91813261474243757e-01,1.38651192203415992e+01
1929,1.18750000000000000e+00,6.25000000000000000e-02,6.87500000000000000e-01,4.89939453620792831e-01,7.50622355485787234e-04,-1.12724537453870975e-03,4.89941325395496674e-01,1.35111520705211081e+01
1930,1.31250000000000000e+00,6.25000000000000000e-02,6.87500000000000000e-01,4.88957727256501329e-01,3.83184586694174426e-04,-5.88931895195654478e-04,4.88958232076163957e-01,1.31587751583095116e+01
1931,1.43750000000000000e+00,6.25000000000000000e-02,6.87500000000000000e-01,4.88443153413599840e-01,1.96485285068768545e-04,-3.07647547200097385e-04,4.88443289819915527e-01,1.28071619500849163e+01
1932,1.56250000000000000e+00,6.25000000000000000e-02,6.87500000000000000e-01,4.88173349746410468e-01,1.01282621785315940e-04,-1.61019479286995926e-04,4.88173386808491816e-01,1.24559218910794360e+01
1933,1.68750000000000000e+00,6.25000000000000000e-02,6.87500000000000000e-01,4.88031474151390365e-01,5.24858190293184159e-05,-8.44953269911900758e-05,4.88031484288258488e-01,1.21048684155525592e+01
1934,1.81250000000000000e+00,6.25000000000000000e-02,6.87500000000000000e-01,4.87956740757302943e-01,2.73200492125081456e-05,-4.44525118820820916e-05,4.87956743546905658e-01,1.17539091822034649e+01
1935,1.93750000000000000e+00,6.25000000000000000e-02,6.87500000000000000e-01,4.87917339996327248e-01,1.42754447056296881e-05,-2.34377989049042192e-05,4.87917340768096008e-01,1.14029979143004994e+01
1936,2.06250000000000000e+00,6.25000000000000000e-02,6.87500000000000000e-01,4.87896546597939851e-01,7.48442933454656302e-06,-1.23783954635361152e-05,4.87896546812371934e-01,1.10521113266396576e+01
1937,2.18750000000000000e+00,6.25000000000000000e-02,6.87500000000000000e-01,4.87885561488585362e-01,3.93214148067625557e-06,-6.54402041625896750e-06,4.87885561548318580e-01,1.07012375627174876e+01
1938,2.31250000000000000e+00,6.25000000000000000e-02,6.87500000000000000e-01,4.87879757468723529e-01,2.06864635399696232e-06,-3.46077233858127106e-06,4.87879757485383592e-01,1.03503704809880670e+01
1939,2.43750000000000000e+00,6.25000000000000000e-02,6.87500000000000000e-01,4.87876691303085752e-01,1.08938614519218472e-06,-1.82989416079700934e-06,4.87876691307733756e-01,9.99950689066532128e+00
1940,2.56250000000000000e+00,6.25000000000000000e-02,6.87500000000000000e-01,4.87875071646922565e-01,5.73968137447409859e-07,-9.66995996133205564e-07,4.87875071648218528e-01,9.64864513089492881e+00
1941,2.68750000000000000e+00,6.25000000000000000e-02,6.87500000000000000e-01,4.87874216472182543e-01,3.02377513676963730e-07,-5.10530613451394875e-07,4.87874216472543365e-01,9.29778433191103915e+00
1942,2.81250000000000000e+00,6.25000000000000000e-02,6.87500000000000000e-01,4.87873765316075014e-01,1.59210516982234546e-07,-2.69218436750533623e-07,4.87873765316175267e-01,8.94692403693436411e+00
1943,2.93750000000000000e+00,6.25000000000000000e-02,6.87500000000000000e-01,4.87873527548386809e-01,8.37521384144312831e-08,-1.41770247134611165e-07,4.87873527548414621e-01,8.59606400612362087e+00
1944,3.06250000000000000e+00,6.25000000000000000e-02,6.87500000000000000e-01,4.87873402394142341e-01,4.40009681988533866e-08,-7.45377767853506947e-08,4.87873402394150002e-01,8.24520411357221583e+00
1945,3.18750000000000000e+00,6.25000000000000000e-02,6.87500000000000000e-01,4.87873336615594511e-01,2.30781379496100572e-08,-3.91179239088613680e-08,4.87873336615596620e-01,7.89434429322307718e+00
1946,3.31250000000000000e+00,6.25000000000000000e-02,6.87500000000000000e-01,4.87873302106975659e-01,1.20785045342261292e-08,-2.04851865029196723e-08,4.87873302106976214e-01,7.54348451047627488e+00
1947,3.43750000000000000e+00,6.25000000000000000e-02,6.87500000000000000e-01,4.87873284044010869e-01,6.30416441474969328e-09,-1.06991058235190553e-08,4.87873284044010980e-01,7.19262474724799361e+00
1948,3.56250000000000000e+00,6.25000000000000000e-02,6.87500000000000000e-01,4.87873274616855646e-01,3.27816643894619209e-09,-5.56856568804106918e-09,4.87873274616855701e-01,6.84176499410859495e+00
1949,3.68750000000000000e+00,6.25000000000000000e-02,6.87500000000000000e-01,4.87873269716296520e-01,1.69581061544878137e-09,-2.88441027694576584e-09,4.87873269716296520e-01,6.49090524615424247e+00
1950,3.81250000000000000e+00,6.25000000000000000e-02,6.87500000000000000e-01,4.87873267183143333e-01,8.70639661803581443e-10,-1.48380935373393492e-09,4.87873267183143333e-01,6.14004550084308320e+00
1951,3.93750000000000000e+00,6.25000000000000000e-02,6.87500000000000000e-01,4.87873265884525620e-01,4.41944656303379063e-10,-7.55536231879284162e-10,4.87873265884525620e-01,5.78918575686302983e+00
1952,4.06250000000000000e+00,6.25000000000000000e-02,6.87500000000000000e-01,4.87873265227068365e-01,2.20427674344687088e-10,-3.78749373125925457e-10,4.87873265227068365e-01,5.43832601354059531e+00
1953,4.18750000000000000e+00,6.25000000000000000e-02,6.87500000000000000e-01,4.87873264900612502e-01,1.06889115690656667e-10,-1.85264141727563867e-10,4.87873264900612502e-01,5.08746627053293565e+00
1954,4.31250000000000000e+00,6.25000000000000000e-02,6.87500000000000000e-01,4.87873264743495738e-01,4.94120624733695911e-11,-8.70460440369415534e-11,4.87873264743495738e-01,4.73660652766777357e+00
1955,4.43750000000000000e+00,6.25000000000000000e-02,6.87500000000000000e-01,4.87873264671833728e-01,2.08851583236717459e-11,-3.80888772912352290e-11,4.87873264671833728e-01,4.38574678486029601e+00
1956,4.56250000000000000e+00,6.25000000000000000e-02,6.87500000000000000e-01,4.87873264642353588e-01,7.22872055631815035e-12,-1.44300138284448934e-11,4.87873264642353588e-01,4.03488704207006688e+00
1957,4.68750000000000000e+00,6.25000000000000000e-02,6.87500000000000000e-01,4.87873264632856296e-01,1.21562753925298387e-12,-3.66639829973717511e-12,4.87873264632856296e-01,3.68402729927918271e+00
1958,4.81250000000000000e+00,6.25000000000000000e-02,6.87500000000000000e-01,4.87873264631917491e-01,-9.88402307481509795e-13,7.44069786422151307e-13,4.87873264631917491e-01,3.33316755648133034e+00
1959,4.93750000000000000e+00,6.25000000000000000e-02,6.87500000000000000e-01,4.87873264633876480e-01,-1.54463923120829193e-12,2.47332010933025669e-12,4.87873264633876480e-01,2.98230781367601061e+00
1960,5.06250000000000000e+00,6.25000000000000000e-02,6.87500000000000000e-01,4.87873264636791204e-01,-1.56423962880736634e-12,3.54206119465962487e-12,4.87873264636791204e-01,2.63144807086527388e+00
1961,5.18750000000000000e+00,6.25000000000000000e-02,6.87500000000000000e-01,4.87873264640111104e-01,-1.60942657071224849e-12,5.23341157997088950e-12,4.87873264640111104e-01,2.28058832805122469e+00
1962,5.31250000000000000e+00,6.25000000000000000e-02,6.87500000000000000e-01,4.87873264643939708e-01,-2.35114629838554339e-12,9.19688586968475149e-12,4.87873264643939708e-01,1.92972858523641655e+00
1963,5.43750000000000000e+00,6.25000000000000000e-02,6.87500000000000000e-01,4.87873264651816629e-01,-5.27753855843146745e-12,1.82626929591369810e-11,4.87873264651816629e-01,1.57886884243676251e+00
1964,5.56250000000000000e+00,6.25000000000000000e-02,6.87500000000000000e-01,4.87873264672159357e-01,-1.52879886743533413e-11,3.96535135844540055e-11,4.87873264672159357e-01,1.22800909967093408e+00
1965,5.68750000000000000e+00,6.25000000000000000e-02,6.87500000000000000e-01,4.87873264700235565e-01,-4.38426974969683931e-11,8.84513775269107307e-11,4.87873264700235565e-01,8.77149356841293470e-01
1966,5.81250000000000000e+00,6.25000000000000000e-02,6.87500000000000000e-01,4.87873264797628214e-01,-8.64238445359534473e-11,1.57384409562039121e-10,4.87873264797628214e-01,5.26289614161068120e-01
1967,5.93750000000000000e+00,6.25000000000000000e-02,6.87500000000000000e-01,4.87873265293817915e-01,-1.21091622595520602e-10,2.19187709052859850e-10,4.87873265293817915e-01,1.75429872738480430e-01
1968,6.25000000000000000e-02,1.87500000000000000e-01,6.87500000000000000e-01,1.03248328056189442e+00,2.13757250699294049e-01,-1.18441353672104163e-01,1.06101000990850824e+00,1.77610915830845322e+01
1969,1.87500000000000000e-01,1.87500000000000000e-01,6.87500000000000000e-01,1.17512859663390934e+00,2.24338203001117592e-01,-1.49138421501161689e-01,1.20561068206963462e+00,1.70436916198515114e+01
1970,3.12500000000000000e-01,1.87500000000000000e-01,6.87500000000000000e-01,1.23855987151454805e+00,1.70409899960469957e-01,-1.26756774411903111e-01,1.25663732603722256e+00,1.63750431090155075e+01
1971,4.37500000000000000e-01,1.87500000000000000e-01,6.87500000000000000e-01,1.23053089322204623e+00,1.09438871096000784e-01,-9.02931640323659801e-02,1.23868317222427371e+00,1.58672296774737305e+01
1972,5.62500000000000000e-01,1.87500000000000000e-01,6.87500000000000000e-01,1.21742150482096512e+00,6.39606008486507255e-02,-5.76541419727937335e-02,1.22046305923124221e+00,1.54088341419372838e+01
1973,6.87500000000000000e-01,1.87500000000000000e-01,6.87500000000000000e-01,1.20516422428236081e+00,3.54289848112726014e-02,-3.42712483969279946e-02,1.20617185298014062e+00,1.49897612402220037e+01
1974,8.12500000000000000e-01,1.87500000000000000e-01,6.87500000000000000e-01,1.19518345363399225e+00,1.91188938474194589e-02,-1.94798800915625923e-02,1.19549507973508962e+00,1.46020580220635487e+01
1975,9.37500000000000000e-01,1.87500000000000000e-01,6.87500000000000000e-01,1.18833750209556843e+00,1.01604028346291980e-02,-1.07682179200383754e-02,1.18842972328601348e+00,1.42318556865183314e+01
1976,1.06250000000000000e+00,1.87500000000000000e-01,6.87500000000000000e-01,1.18416382046948376e+00,5.34940693746824118e-03,-5.84839391090489873e-03,1.18419034516196064e+00,1.38705705095222829e+01
1977,1.18750000000000000e+00,1.87500000000000000e-01,6.87500000000000000e-01,1.18171732388410988e+00,2.80574989511688921e-03,-3.13786803031152091e-03,1.18172482076669261e+00,1.35141743263053034e+01
1978,1.31250000000000000e+00,1.87500000000000000e-01,6.87500000000000000e-01,1.18031435836821430e+00,1.46987073539996409e-03,-1.67009263297509007e-03,1.18031645515071548e+00,1.31604260661598556e+01
1979,1.43750000000000000e+00,1.87500000000000000e-01,6.87500000000000000e-01,1.17952925454245183e+00,7.69815433128730447e-04,-8.84972226741304914e-04,1.17952983773752651e+00,1.28080549842702602e+01
1980,1.56250000000000000e+00,1.87500000000000000e-01,6.87500000000000000e-01,1.17909729631772509e+00,4.03470263245015966e-04,-4.68055067210862354e-04,1.17909745824828605e+00,1.24564008178384213e+01
1981,1.68750000000000000e+00,1.87500000000000000e-01,6.87500000000000000e-01,1.17886182656679317e+00,2.11767562094695408e-04,-2.47428414180000846e-04,1.17886187155354061e+00,1.21051238987361955e+01
1982,1.81250000000000000e+00,1.87500000000000000e-01,6.87500000000000000e-01,1.17873438562607857e+00,1.11308217912084575e-04,-1.30819024743326863e-04,1.17873439814083047e+00,1.17540451128257892e+01
1983,1.93750000000000000e+00,1.87500000000000000e-01,6.87500000000000000e-01,1.17866583006071024e+00,5.85879531451373475e-05,-6.91961222017612625e-05,1.17866583354798005e+00,1.14030700842529225e+01
1984,2.06250000000000000e+00,1.87500000000000000e-01,6.87500000000000000e-01,1.17862913208287767e+00,3.08809954259395072e-05,-3.66188083972694478e-05,1.17862913305628525e+00,1.10521495790111857e+01
1985,2.18750000000000000e+00,1.87500000000000000e-01,6.87500000000000000e-01,1.17860953806575885e+00,1.62869468128137791e-05,-1.93846405407100990e-05,1.17860953833770177e+00,1.07012578311588538e+01
1986,2.31250000000000000e+00,1.87500000000000000e-01,6.87500000000000000e-01,1.17859910500433118e+00,8.59270241437196222e-06,-1.02616179950766238e-05,1.17859910508032617e+00,1.03503812128229900e+01
1987,2.43750000000000000e+00,1.87500000000000000e-01,6.87500000000000000e-01,1.17859356152884431e+00,4.53448451832075223e-06,-5.43073174259288039e-06,1.17859356155007911e+00,9.99951256784935794e+00
1988,2.56250000000000000e+00,1.87500000000000000e-01,6.87500000000000000e-01,1.17859062037754847e+00,2.39281729357182615e-06,-2.87256734934567697e-06,1.17859062038347817e+00,9.64864813251051601e+00
1989,2.68750000000000000e+00,1.87500000000000000e-01,6.87500000000000000e-01,1.17858906214860060e+00,1.26215367362472655e-06,-1.51823942373132644e-06,1.17858906215025439e+00,9.29778591817302313e+00
1990,2.81250000000000000e+00,1.87500000000000000e-01,6.87500000000000000e-01,1.17858823777340249e+00,6.65281270328869264e-07,-8.01627361134045950e-07,1.17858823777386279e+00,8.94692487466088870e+00
1991,2.93750000000000000e+00,1.87500000000000000e-01,6.87500000000000000e-01,1.17858780220111692e+00,3.50331060798730703e-07,-4.22750612430066679e-07,1.17858780220124482e+00,8.59606444816437509e+00
1992,3.06250000000000000e+00,1.87500000000000000e-01,6.87500000000000000e-01,1.17858757234549816e+00,1.84253229602523585e-07,-2.22634352490357604e-07,1.17858757234553346e+00,8.24520434659083179e+00
1993,3.18750000000000000e+00,1.87500000000000000e-01,6.87500000000000000e-01,1.17858745121223185e+00,9.67566103216136841e-08,-1.17057475665815175e-07,1.17858745121224162e+00,7.89434441590403679e+00
1994,3.31250000000000000e+00,1.87500000000000000e-01,6.87500000000000000e-01,1.17858738747263203e+00,5.07119042137443705e-08,-6.14293668933458943e-08,1.17858738747263470e+00,7.54348457496058966e+00
1995,3.43750000000000000e+00,1.87500000000000000e-01,6.87500000000000000e-01,1.17858735399330294e+00,2.65137245087976596e-08,-3.21611072888685333e-08,1.17858735399330361e+00,7.19262478106910752e+00
1996,3.56250000000000000e+00,1.87500000000000000e-01,6.87500000000000000e-01,1.17858733644780322e+00,1.38168756844448229e-08,-1.67866136746722931e-08,1.17858733644780345e+00,6.84176501179486607e+00
1997,3.68750000000000000e+00,1.87500000000000000e-01,6.87500000000000000e-01,1.17858732728028937e+00,7.16762512039874920e-09,-8.72559672611110284e-09,1.17858732728028937e+00,6.49090525536470953e+00
1998,3.81250000000000000e+00,1.87500000000000000e-01,6.87500000000000000e-01,1.17858732251020992e+00,3.69401047385779168e-09,-4.50891610061908242e-09,1.17858732251020992e+00,6.14004550561113494e+00
1999,3.93750000000000000e+00,1.87500000000000000e-01,6.87500000000000000e-01,1.17858732004303368e+00,1.88539191052235863e-09,-2.30995199860196807e-09,1.17858732004303368e+00,5.78918575930999424e+00
2000,4.06250000000000000e+00,1.87500000000000000e-01,6.87500000000000000e-01,1.17858731877815592e+00,9.48153932204864409e-10,-1.16814599677591665e-09,1.17858731877815592e+00,5.43832601478033162e+00
2001,4.18750000000000000e+00,1.87500000000000000e-01,6.87500000000000000e-01,1.17858731813818185e+00,4.65889680581426858e-10,-5.79018434936028529e-10,1.17858731813818185e+00,5.08746627114899752e+00
2002,4.31250000000000000e+00,1.87500000000000000e-01,6.87500000000000000e-01,1.17858731782084725e+00,2.20404861258237274e-10,-2.77969131808802953e-10,1.17858731782084725e+00,4.73660652796498383e+00
2003,4.43750000000000000e+00,1.87500000000000000e-01,6.87500000000000000e-01,1.17858731766844205e+00,9.75331416605533454e-11,-1.26421832367260992e-10,1.17858731766844205e+00,4.38574678499727710e+00
2004,4.56250000000000000e+00,1.87500000000000000e-01,6.87500000000000000e-01,1.17858731759907021e+00,3.77452334361297889e-11,-5.19841901703957291e-11,1.17858731759907021e+00,4.03488704212878169e+00
2005,4.68750000000000000e+00,1.87500000000000000e-01,6.87500000000000000e-01,1.17858731757027968e+00,1.03571508124382779e-11,-1.70829757990386929e-11,1.17858731757027968e+00,3.68402729930080364e+00
2006,4.81250000000000000e+00,1.87500000000000000e-01,6.87500000000000000e-01,1.17858731756045487e+00,-7.15935244793577561e-13,-2.09850375241507026e-12,1.17858731756045487e+00,3.33316755648562646e+00
2007,4.93750000000000000e+00,1.87500000000000000e-01,6.87500000000000000e-01,1.17858731755925494e+00,-4.58044638352091862e-12,3.91528817159279795e-12,1.17858731755925494e+00,2.98230781367200937e+00
2008,5.06250000000000000e+00,1.87500000000000000e-01,6.87500000000000000e-01,1.17858731756161750e+00,-6.17308058812487732e-12,7.01706218815171214e-12,1.17858731756161750e+00,2.63144807085533694e+00
2009,5.18750000000000000e+00,1.87500000000000000e-01,6.87500000000000000e-01,1.17858731756743751e+00,-7.97553396655759183e-12,1.05098277491602438e-11,1.17858731756743751e+00,2.28058832803320222e+00
2010,5.31250000000000000e+00,1.87500000000000000e-01,6.87500000000000000e-01,1.17858731757719104e+00,-1.27170392854215905e-11,1.78379327028456779e-11,1.17858731757719104e+00,1.92972858520232760e+00
2011,5.43750000000000000e+00,1.87500000000000000e-01,6.87500000000000000e-01,1.17858731759649205e+00,-2.56020954656608816e-11,3.48591052922626109e-11,1.17858731759649205e+00,1.57886884236483871e+00
2012,5.56250000000000000e+00,1.87500000000000000e-01,6.87500000000000000e-01,1.17858731763719193e+00,-6.19363317873209921e-11,7.67106462136040231e-11,1.17858731763719193e+00,1.22800909951931425e+00
2013,5.68750000000000000e+00,1.87500000000000000e-01,6.87500000000000000e-01,1.17858731769899427e+00,-1.56901205348598066e-10,1.77252016099532636e-10,1.17858731769899427e+00,8.77149356563298510e-01
2014,5.81250000000000000e+00,1.87500000000000000e-01,6.87500000000000000e-01,1.17858731783420079e+00,-3.03180538570093312e-10,3.34501304413950503e-10,1.17858731783420079e+00,5.26289613587992977e-01
2015,5.93750000000000000e+00,1.87500000000000000e-01,6.87500000000000000e-01,1.17858731837588593e+00,-4.54898561184799636e-10,5.25840864863849527e-10,1.17858731837588593e+00,1.75429871778061020e-01
2016,6.25000000000000000e-02,3.12500000000000000e-01,6.87500000000000000e-01,1.07394321415323413e+00,1.27739108052721845e-01,-1.27739108052722067e-01,1.08903103109047783e+00,1.72244910135669862e+01
2017,1.87500000000000000e-01,3.12500000000000000e-01,6.87500000000000000e-01,1.24615491230609821e+00,1.63336217392261757e-01,-1.63336217392261701e-01,1.26738293553631354e+00,1.68729782465531812e+01
2018,3.12500000000000000e-01,3.12500000000000000e-01,6.87500000000000000e-01,1.41236960444887027e+00,1.43345049323059276e-01,-1.43345049323059415e-01,1.42684389682330659e+00,1.63440946308378798e+01
2019,4.37500000000000000e-01,3.12500000000000000e-01,6.87500000000000000e-01,1.50087912171598270e+00,1.07553336022444337e-01,-1.07553336022444282e-01,1.50856672977434214e+00,1.58662127898237451e+01
2020,5.62500000000000000e-01,3.12500000000000000e-01,6.87500000000000000e-01,1.54668012446483139e+00,7.19111689642488450e-02,-7.19111689642488450e-02,1.55001994821297573e+00,1.54198827404996806e+01
2021,6.87500000000000000e-01,3.12500000000000000e-01,6.87500000000000000e-01,1.56987262271430539e+00,4.45335654049680424e-02,-4.45335654049681604e-02,1.57113542651270177e+00,1.50014022007691477e+01
2022,8.12500000000000000e-01,3.12500000000000000e-01,6.87500000000000000e-01,1.58031816344263154e+00,2.63318145029545758e-02,-2.63318145029544856e-02,1.58075685246552977e+00,1.46103936455700421e+01
2023,9.37500000000000000e-01,3.12500000000000000e-01,6.87500000000000000e-01,1.58471219506123995e+00,1.50961962346887781e-02,-1.50961962346888526e-02,1.58485599707270763e+00,1.42372183299601414e+01
2024,1.06250000000000000e+00,3.12500000000000000e-01,6.87500000000000000e-01,1.58657972061199604e+00,8.45909994987430712e-03,-8.45909994987426896e-03,1.58662482099618107e+00,1.38738468612971513e+01
2025,1.18750000000000000e+00,3.12500000000000000e-01,6.87500000000000000e-01,1.58735288625416460e+00,4.66417316906558767e-03,-4.66417316906585049e-03,1.58736659109423406e+00,1.35160819992221075e+01
2026,1.31250000000000000e+00,3.12500000000000000e-01,6.87500000000000000e-01,1.58765213795218862e+00,2.54304021336467043e-03,-2.54304021336461449e-03,1.58765621129109968e+00,1.31615048819292930e+01
2027,1.43750000000000000e+00,3.12500000000000000e-01,6.87500000000000000e-01,1.58776274962554576e+00,1.37513312073248928e-03,-1.37513312073267663e-03,1.58776394060347426e+00,1.28086555985534165e+01
2028,1.56250000000000000e+00,3.12500000000000000e-01,6.87500000000000000e-01,1.58780179281976275e+00,7.39136236150090198e-04,-7.39136236150099522e-04,1.58780213689439420e+00,1.24567307991669960e+01
2029,1.68750000000000000e+00,3.12500000000000000e-01,6.87500000000000000e-01,1.58781391985478337e+00,3.95626024231324409e-04,-3.95626024231664198e-04,1.58781401843053227e+00,1.21053033277128641e+01
2030,1.81250000000000000e+00,3.12500000000000000e-01,6.87500000000000000e-01,1.58781660789767209e+00,2.11127655810795914e-04,-2.11127655810628838e-04,1.58781663597074196e+00,1.17541420858963424e+01
2031,1.93750000000000000e+00,3.12500000000000000e-01,6.87500000000000000e-01,1.58781642974238579e+00,1.12419974200233933e-04,-1.12419974200492001e-04,1.58781643770190195e+00,1.14031221933693452e+01
2032,2.06250000000000000e+00,3.12500000000000000e-01,6.87500000000000000e-01,1.58781585475376152e+00,5.97632584335010839e-05,-5.97632584331885558e-05,1.58781585700317041e+00,1.10521774429303807e+01
2033,2.18750000000000000e+00,3.12500000000000000e-01,6.87500000000000000e-01,1.58781525068800122e+00,3.17298479977181681e-05,-3.17298479975652888e-05,1.58781525132206935e+00,1.07012727408388262e+01
2034,2.31250000000000000e+00,3.12500000000000000e-01,6.87500000000000000e-01,1.58781481893489285e+00,1.68275799833209081e-05,-1.68275799826743476e-05,1.58781481911323041e+00,1.03503891726862722e+01
2035,2.43750000000000000e+00,3.12500000000000000e-01,6.87500000000000000e-01,1.58781454841890146e+00,8.91544373231465245e-06,-8.91544373195012674e-06,1.58781454846896097e+00,9.99951680543399135e+00
2036,2.56250000000000000e+00,3.12500000000000000e-01,6.87500000000000000e-01,1.58781438702610211e+00,4.71898661968144468e-06,-4.71898661867621817e-06,1.58781438704012690e+00,9.64865038539477737e+00
2037,2.68750000000000000e+00,3.12500000000000000e-01,6.87500000000000000e-01,1.58781429382956452e+00,2.49531228317969025e-06,-2.49531228252949124e-06,1.58781429383348605e+00,9.29778711501083244e+00
2038,2.81250000000000000e+00,3.12500000000000000e-01,6.87500000000000000e-01,1.58781424126854298e+00,1.31808198387344375e-06,-1.31808198288981489e-06,1.58781424126963699e+00,8.94692550992382074e+00
2039,2.93750000000000000e+00,3.12500000000000000e-01,6.87500000000000000e-01,1.58781421200814954e+00,6.95444586666109884e-07,-6.95444586124884207e-07,1.58781421200845418e+00,8.59606478503635607e+00
2040,3.06250000000000000e+00,3.12500000000000000e-01,6.87500000000000000e-01,1.58781419582502203e+00,3.66462467989470341e-07,-3.66462467235839982e-07,1.58781419582510641e+00,8.24520452507236890e+00
2041,3.18750000000000000e+00,3.12500000000000000e-01,6.87500000000000000e-01,1.58781418690844212e+00,1.92824790071735843e-07,-1.92824789545271673e-07,1.58781418690846565e+00,7.89434451038065355e+00
2042,3.31250000000000000e+00,3.12500000000000000e-01,6.87500000000000000e-01,1.58781418200330360e+00,1.01285039508062094e-07,-1.01285038900033548e-07,1.58781418200331004e+00,7.54348462491839022e+00
2043,3.43750000000000000e+00,3.12500000000000000e-01,6.87500000000000000e-01,1.58781417930265634e+00,5.30881650349250560e-08,-5.30881652446936124e-08,1.58781417930265811e+00,7.19262480745458355e+00
2044,3.56250000000000000e+00,3.12500000000000000e-01,6.87500000000000000e-01,1.58781417781127843e+00,2.77484774744906496e-08,-2.77484779652544983e-08,1.58781417781127887e+00,6.84176502571118217e+00
2045,3.68750000000000000e+00,3.12500000000000000e-01,6.87500000000000000e-01,1.58781417698341176e+00,1.44486507337858715e-08,-1.44486521341813338e-08,1.58781417698341176e+00,6.49090526269203494e+00
2046,3.81250000000000000e+00,3.12500000000000000e-01,6.87500000000000000e-01,1.58781417652015300e+00,7.48287675142851229e-09,-7.48287823355754033e-09,1.58781417652015300e+00,6.14004550946074268e+00
2047,3.93750000000000000e+00,3.12500000000000000e-01,6.87500000000000000e-01,1.58781417625790255e+00,3.84483891458704616e-09,-3.84484081693148177e-09,1.58781417625790255e+00,5.78918576132655982e+00
2048,4.06250000000000000e+00,3.12500000000000000e-01,6.87500000000000000e-01,1.58781417610710252e+00,1.95232350196422103e-09,-1.95232503578423373e-09,1.58781417610710252e+00,5.43832601583235142e+00
2049,4.18750000000000000e+00,3.12500000000000000e-01,6.87500000000000000e-01,1.58781417601864350e+00,9.73563312247800818e-10,-9.73564693566990264e-10,1.58781417601864350e+00,5.08746627169456200e+00
2050,4.31250000000000000e+00,3.12500000000000000e-01,6.87500000000000000e-01,1.58781417596548602e+00,4.71831821184361186e-10,-4.71832592983816216e-10,1.58781417596548602e+00,4.73660652824538442e+00
2051,4.43750000000000000e+00,3.12500000000000000e-01,6.87500000000000000e-01,1.58781417593268026e+00,2.18115768381368188e-10,-2.18116139420961125e-10,1.58781417593268026e+00,4.38574678513951977e+00
2052,4.56250000000000000e+00,3.12500000000000000e-01,6.87500000000000000e-01,1.58781417591206209e+00,9.25815607691148608e-11,-9.25814523260265853e-11,1.58781417591206209e+00,4.03488704219976491e+00
2053,4.68750000000000000e+00,3.12500000000000000e-01,6.87500000000000000e-01,1.58781417589887197e+00,3.30332612260403986e-11,-3.30330993227891396e-11,1.58781417589887197e+00,3.68402729933538930e+00
2054,4.81250000000000000e+00,3.12500000000000000e-01,6.87500000000000000e-01,1.58781417589051066e+00,7.02233301843367769e-12,-7.02221024206623768e-12,1.58781417589051066e+00,3.33316755650164387e+00
2055,4.93750000000000000e+00,3.12500000000000000e-01,6.87500000000000000e-01,1.58781417588552753e+00,-3.68803577620857317e-12,3.68816406148832765e-12,1.58781417588552753e+00,2.98230781367932174e+00
2056,5.06250000000000000e+00,3.12500000000000000e-01,6.87500000000000000e-01,1.58781417588242557e+00,-9.08753280945172611e-12,9.08779877689999127e-12,1.58781417588242557e+00,2.63144807085939636e+00
2057,5.18750000000000000e+00,3.12500000000000000e-01,6.87500000000000000e-01,1.58781417588084928e+00,-1.43641843009042033e-11,1.43644738992008065e-11,1.58781417588084928e+00,2.28058832803808986e+00
2058,5.31250000000000000e+00,3.12500000000000000e-01,6.87500000000000000e-01,1.58781417588069007e+00,-2.44770441313954839e-11,2.44774613561489365e-11,1.58781417588069007e+00,1.92972858521611235e+00
2059,5.43750000000000000e+00,3.12500000000000000e-01,6.87500000000000000e-01,1.58781417588016449e+00,-4.77645910179961599e-11,4.77651588203273792e-11,1.58781417588016449e+00,1.57886884239231340e+00
2060,5.56250000000000000e+00,3.12500000000000000e-01,6.87500000000000000e-01,1.58781417587250795e+00,-1.05553337270168142e-10,1.05554114986743310e-10,1.58781417587250795e+00,1.22800909956083659e+00
2061,5.68750000000000000e+00,3.12500000000000000e-01,6.87500000000000000e-01,1.58781417585812190e+00,-2.46941298327998195e-10,2.46942371690758038e-10,1.58781417585812190e+00,8.77149356823069826e-01
2062,5.81250000000000000e+00,3.12500000000000000e-01,6.87500000000000000e-01,1.58781417583380247e+00,-4.68381084630858207e-10,4.68382362691041207e-10,1.58781417583380247e+00,5.26289614283044660e-01
2063,5.93750000000000000e+00,3.12500000000000000e-01,6.87500000000000000e-01,1.58781417551276260e+00,-7.19746145035966033e-10,7.19747690831200368e-10,1.58781417551276260e+00,1.75429870938159371e-01
2064,6.25000000000000000e-02,4.37500000000000000e-01,6.87500000000000000e-01,1.07324300491449254e+00,3.77496791246496460e-02,-1.28595642335341598e-01,1.08157867263530227e+00,1.70505489075895724e+01
2065,1.87500000000000000e-01,4.37500000000000000e-01,6.87500000000000000e-01,1.24424515274183167e+00,5.50622149763526220e-02,-1.63902439832953412e-01,1.25620136022169682e+00,1.68046064694867034e+01
2066,3.12500000000000000e-01,4.37500000000000000e-01,6.87500000000000000e-01,1.44235996794672250e+00,5.26638382211936373e-02,-1.44351406958107081e-01,1.45052165984594761e+00,1.63251771418459306e+01
2067,4.37500000000000000e-01,4.37500000000000000e-01,6.87500000000000000e-01,1.57696444808238811e+00,4.32744143566154080e-02,-1.09888617677277561e-01,1.58138074281582219e+00,1.58644211406065878e+01
2068,5.62500000000000000e-01,4.37500000000000000e-01,6.87500000000000000e-01,1.66152940947482075e+00,3.08961956533430893e-02,-7.48473475323225973e-02,1.66350133119520560e+00,1.54270294370601579e+01
2069,6.87500000000000000e-01,4.37500000000000000e-01,6.87500000000000000e-01,1.71316226016724116e+00,2.00754871834060676e-02,-4.72449181436719323e-02,1.71393116464383821e+00,1.50095426976445179e+01
2070,8.12500000000000000e-01,4.37500000000000000e-01,6.87500000000000000e-01,1.74260468166571236e+00,1.23297118074116273e-02,-2.85228245815206290e-02,1.74288170851570445e+00,1.46163837027008832e+01
2071,9.37500000000000000e-01,4.37500000000000000e-01,6.87500000000000000e-01,1.75873877722385830e+00,7.29501758522648879e-03,-1.67022909221485535e-02,1.75883321276194038e+00,1.42411596055226433e+01
2072,1.06250000000000000e+00,4.37500000000000000e-01,6.87500000000000000e-01,1.76754623781556242e+00,4.19770455884673887e-03,-9.54158976558857480e-03,1.76757697582729523e+00,1.38763134497636766e+01
2073,1.18750000000000000e+00,4.37500000000000000e-01,6.87500000000000000e-01,1.77231410709879955e+00,2.36607930803296035e-03,-5.35437775563664484e-03,1.77232377457220180e+00,1.35175505184402986e+01
2074,1.31250000000000000e+00,4.37500000000000000e-01,6.87500000000000000e-01,1.77486321112426770e+00,1.31356921849653239e-03,-2.96638128832838908e-03,1.77486617610578912e+00,1.31623490002763326e+01
2075,1.43750000000000000e+00,4.37500000000000000e-01,6.87500000000000000e-01,1.77621962738355355e+00,7.20878124758540079e-04,-1.62629779497633570e-03,1.77622051818245774e+00,1.28091312629322420e+01
2076,1.56250000000000000e+00,4.37500000000000000e-01,6.87500000000000000e-01,1.77694076074831786e+00,3.92155209258962740e-04,-8.84053140144255563e-04,1.77694102393536779e+00,1.24569945903001233e+01
2077,1.68750000000000000e+00,4.37500000000000000e-01,6.87500000000000000e-01,1.77732333173977475e+00,2.11945338700306304e-04,-4.77454905682032503e-04,1.77732340850802584e+00,1.21054476591192444e+01
2078,1.81250000000000000e+00,4.37500000000000000e-01,6.87500000000000000e-01,1.77752592463849091e+00,1.13989650336449930e-04,-2.56565587885687499e-04,1.77752594680962761e+00,1.17542203463225281e+01
2079,1.93750000000000000e+00,4.37500000000000000e-01,6.87500000000000000e-01,1.77763316779634084e+00,6.10701202572385847e-05,-1.37316363936948162e-04,1.77763317414898547e+00,1.14031644376487389e+01
2080,2.06250000000000000e+00,4.37500000000000000e-01,6.87500000000000000e-01,1.77768995268862096e+00,3.26181425771087210e-05,-7.32628919871818344e-05,1.77768995449753997e+00,1.10522001645441534e+01
2081,2.18750000000000000e+00,4.37500000000000000e-01,6.87500000000000000e-01,1.77771999734203145e+00,1.73839568970045890e-05,-3.89923102814078147e-05,1.77771999785465495e+00,1.07012848729564993e+01
2082,2.31250000000000000e+00,4.37500000000000000e-01,6.87500000000000000e-01,1.77773589036677793e+00,9.24809380483896791e-06,-2.07115347839381198e-05,1.77773589051148306e+00,1.03503956401914614e+01
2083,2.43750000000000000e+00,4.37500000000000000e-01,6.87500000000000000e-01,1.77774429524901456e+00,4.91174494272679037e-06,-1.09833959622409514e-05,1.77774429528972910e+00,9.99952025227677765e+00
2084,2.56250000000000000e+00,4.37500000000000000e-01,6.87500000000000000e-01,1.77774873704124570e+00,2.60479587208426780e-06,-5.81647465010386855e-06,1.77774873705266923e+00,9.64865222026764258e+00
2085,2.68750000000000000e+00,4.37500000000000000e-01,6.87500000000000000e-01,1.77775108267993742e+00,1.37949502071224441e-06,-3.07639834245788866e-06,1.77775108268313464e+00,9.29778809067595624e+00
2086,2.81250000000000000e+00,4.37500000000000000e-01,6.87500000000000000e-01,1.77775232043232423e+00,7.29619749725684923e-07,-1.62521609456356560e-06,1.77775232043321685e+00,8.94692602828228623e+00
2087,2.93750000000000000e+00,4.37500000000000000e-01,6.87500000000000000e-01,1.77775297293159040e+00,3.85390831284409347e-07,-8.57562064594452256e-07,1.77775297293183887e+00,8.59606506021294692e+00
2088,3.06250000000000000e+00,4.37500000000000000e-01,6.87500000000000000e-01,1.77775331648524526e+00,2.03287643140135184e-07,-4.51935701519258598e-07,1.77775331648531432e+00,8.24520467103112509e+00
2089,3.18750000000000000e+00,4.37500000000000000e-01,6.87500000000000000e-01,1.77775349711652653e+00,1.07071476967675690e-07,-2.37837782146746544e-07,1.77775349711654562e+00,7.89434458773077807e+00
2090,3.31250000000000000e+00,4.37500000000000000e-01,6.87500000000000000e-01,1.77775359192707527e+00,5.62988222573324372e-08,-1.24960082361964636e-07,1.77775359192708038e+00,7.54348466586830568e+00
2091,3.43750000000000000e+00,4.37500000000000000e-01,6.87500000000000000e-01,1.77775364158584304e+00,2.95418327141105419e-08,-6.55203762144375554e-08,1.77775364158584459e+00,7.19262482910858036e+00
2092,3.56250000000000000e+00,4.37500000000000000e-01,6.87500000000000000e-01,1.77775366752335717e+00,1.54612249565371852e-08,-3.42627945025013639e-08,1.77775366752335762e+00,6.84176503714594730e+00
2093,3.68750000000000000e+00,4.37500000000000000e-01,6.87500000000000000e-01,1.77775368101981845e+00,8.06359051413560059e-09,-1.78517054671108989e-08,1.77775368101981868e+00,6.49090526872025020e+00
2094,3.81250000000000000e+00,4.37500000000000000e-01,6.87500000000000000e-01,1.77775368800509126e+00,4.18481116336296311e-09,-9.25280846366937587e-09,1.77775368800509126e+00,6.14004551263197218e+00
2095,3.93750000000000000e+00,4.37500000000000000e-01,6.87500000000000000e-01,1.77775369159209595e+00,2.15638148570809705e-09,-4.75943223674518452e-09,1.77775369159209595e+00,5.78918576299018284e+00
2096,4.06250000000000000e+00,4.37500000000000000e-01,6.87500000000000000e-01,1.77775369341242429e+00,1.09945297590862221e-09,-2.42037803422582130e-09,1.77775369341242429e+00,5.43832601670180793e+00
2097,4.18750000000000000e+00,4.37500000000000000e-01,6.87500000000000000e-01,1.77775369431955244e+00,5.51643873347885257e-10,-1.20961700335402287e-09,1.77775369431955244e+00,5.08746627214659686e+00
2098,4.31250000000000000e+00,4.37500000000000000e-01,6.87500000000000000e-01,1.77775369475870315e+00,2.69966284722289044e-10,-5.88228300117894351e-10,1.77775369475870315e+00,4.73660652847871422e+00
2099,4.43750000000000000e+00,4.37500000000000000e-01,6.87500000000000000e-01,1.77775369496122870e+00,1.26877313527248695e-10,-2.73508741075363170e-10,1.77775369496122870e+00,4.38574678525881723e+00
2100,4.56250000000000000e+00,4.37500000000000000e-01,6.87500000000000000e-01,1.77775369504693570e+00,5.55288448230702545e-11,-1.17375612495936821e-10,1.77775369504693570e+00,4.03488704226032624e+00
2101,4.68750000000000000e+00,4.37500000000000000e-01,6.87500000000000000e-01,1.77775369507656023e+00,2.11950363674799169e-11,-4.28169832027882164e-11,1.77775369507656023e+00,3.68402729936577833e+00
2102,4.81250000000000000e+00,4.37500000000000000e-01,6.87500000000000000e-01,1.77775369508137104e+00,5.85451823930919402e-12,-1.00374012791152267e-11,1.77775369508137104e+00,3.33316755651621532e+00
2103,4.93750000000000000e+00,4.37500000000000000e-01,6.87500000000000000e-01,1.77775369507877334e+00,-6.97239465894425469e-13,3.39235096647076010e-12,1.77775369507877334e+00,2.98230781368677933e+00
2104,5.06250000000000000e+00,4.37500000000000000e-01,6.87500000000000000e-01,1.77775369507125647e+00,-4.07532680313709452e-12,1.02458349724571537e-11,1.77775369507125647e+00,2.63144807086581300e+00
2105,5.18750000000000000e+00,4.37500000000000000e-01,6.87500000000000000e-01,1.77775369506119474e+00,-7.15892797996266051e-12,1.69324668954277841e-11,1.77775369506119474e+00,2.28058832804797662e+00
2106,5.31250000000000000e+00,4.37500000000000000e-01,6.87500000000000000e-01,1.77775369504732361e+00,-1.25311358299369078e-11,2.92414170772342782e-11,1.77775369504732361e+00,1.92972858523855506e+00
2107,5.43750000000000000e+00,4.37500000000000000e-01,6.87500000000000000e-01,1.77775369502122849e+00,-2.42829401315789123e-11,5.73161574719997074e-11,1.77775369502122849e+00,1.57886884243869918e+00
2108,5.56250000000000000e+00,4.37500000000000000e-01,6.87500000000000000e-01,1.77775369495512270e+00,-5.23343847633808174e-11,1.26596007222735372e-10,1.77775369495512270e+00,1.22800909964035943e+00
2109,5.68750000000000000e+00,4.37500000000000000e-01,6.87500000000000000e-01,1.77775369484515489e+00,-1.19561081182259343e-10,2.95075595175223634e-10,1.77775369484515489e+00,8.77149357130083240e-01
2110,5.81250000000000000e+00,4.37500000000000000e-01,6.87500000000000000e-01,1.77775369464614941e+00,-2.25692671913848276e-10,5.53738201092780798e-10,1.77775369464614941e+00,5.26289615015807621e-01
2111,5.93750000000000000e+00,4.37500000000000000e-01,6.87500000000000000e-01,1.77775369344733658e+00,-3.49752712177938049e-10,8.15074800812189245e-10,1.77775369344733658e+00,1.75429869920554371e-01
2112,6.25000000000000000e-02,5.62500000000000000e-01,6.87500000000000000e-01,1.07324300491449276e+00,-3.77496791246497571e-02,-1.28595642335341626e-01,1.08157867263530250e+00,1.70505489075895724e+01
2113,1.87500000000000000e-01,5.62500000000000000e-01,6.87500000000000000e-01,1.24424515274183101e+00,-5.50622149763528579e-02,-1.63902439832953190e-01,1.25620136022169615e+00,1.68046064694867034e+01
2114,3.12500000000000000e-01,5.62500000000000000e-01,6.87500000000000000e-01,1.44235996794672294e+00,-5.26638382211938871e-02,-1.44351406958107359e-01,1.45052165984594805e+00,1.63251771418459342e+01
2115,4.37500000000000000e-01,5.62500000000000000e-01,6.87500000000000000e-01,1.57696444808238789e+00,-4.32744143566153872e-02,-1.09888617677277117e-01,1.58138074281582197e+00,1.58644211406065843e+01
2116,5.62500000000000000e-01,5.62500000000000000e-01,6.87500000000000000e-01,1.66152940947482053e+00,-3.08961956533431725e-02,-7.48473475323226667e-02,1.66350133119520516e+00,1.54270294370601633e+01
2117,6.87500000000000000e-01,5.62500000000000000e-01,6.87500000000000000e-01,1.71316226016724049e+00,-2.00754871834061821e-02,-4.72449181436720433e-02,1.71393116464383755e+00,1.50095426976445125e+01
2118,8.12500000000000000e-01,5.62500000000000000e-01,6.87500000000000000e-01,1.74260468166571192e+00,-1.23297118074115405e-02,-2.85228245815206012e-02,1.74288170851570401e+00,1.46163837027008867e+01
2119,9.37500000000000000e-01,5.62500000000000000e-01,6.87500000000000000e-01,1.75873877722385918e+00,-7.29501758522652782e-03,-1.67022909221486507e-02,1.75883321276194127e+00,1.42411596055226397e+01
2120,1.06250000000000000e+00,5.62500000000000000e-01,6.87500000000000000e-01,1.76754623781556064e+00,-4.19770455884667729e-03,-9.54158976558855919e-03,1.76757697582729345e+00,1.38763134497636784e+01
2121,1.18750000000000000e+00,5.62500000000000000e-01,6.87500000000000000e-01,1.77231410709880066e+00,-2.36607930803293216e-03,-5.35437775563663704e-03,1.77232377457220291e+00,1.35175505184402969e+01
2122,1.31250000000000000e+00,5.62500000000000000e-01,6.87500000000000000e-01,1.77486321112426704e+00,-1.31356921849658465e-03,-2.96638128832851398e-03,1.77486617610578845e+00,1.31623490002763326e+01
2123,1.43750000000000000e+00,5.62500000000000000e-01,6.87500000000000000e-01,1.77621962738355466e+00,-7.20878124758676363e-04,-1.62629779497646103e-03,1.77622051818245885e+00,1.28091312629322438e+01
2124,1.56250000000000000e+00,5.62500000000000000e-01,6.87500000000000000e-01,1.77694076074831631e+00,-3.92155209259263389e-04,-8.84053140144609988e-04,1.77694102393536624e+00,1.24569945903001180e+01
2125,1.68750000000000000e+00,5.62500000000000000e-01,6.87500000000000000e-01,1.77732333173977519e+00,-2.11945338699974999e-04,-4.77454905681890961e-04,1.77732340850802628e+00,1.21054476591192479e+01
2126,1.81250000000000000e+00,5.62500000000000000e-01,6.87500000000000000e-01,1.77752592463849135e+00,-1.13989650336453630e-04,-2.56565587885990533e-04,1.77752594680962805e+00,1.17542203463225228e+01
2127,1.93750000000000000e+00,5.62500000000000000e-01,6.87500000000000000e-01,1.77763316779634151e+00,-6.10701202569278523e-05,-1.37316363936950547e-04,1.77763317414898614e+00,1.14031644376487442e+01
2128,2.06250000000000000e+00,5.62500000000000000e-01,6.87500000000000000e-01,1.77768995268862073e+00,-3.26181425766248822e-05,-7.32628919872369255e-05,1.77768995449753975e+00,1.10522001645441481e+01
2129,2.18750000000000000e+00,5.62500000000000000e-01,6.87500000000000000e-01,1.77771999734203190e+00,-1.73839568958998479e-05,-3.89923102813370502e-05,1.77771999785465540e+00,1.07012848729565029e+01
2130,2.31250000000000000e+00,5.62500000000000000e-01,6.87500000000000000e-01,1.77773589036677859e+00,-9.24809380393206329e-06,-2.07115347838578109e-05,1.77773589051148373e+00,1.03503956401914596e+01
2131,2.43750000000000000e+00,5.62500000000000000e-01,6.87500000000000000e-01,1.77774429524901523e+00,-4.91174494162837329e-06,-1.09833959621473762e-05,1.77774429528972977e+00,9.99952025227677943e+00
2132,2.56250000000000000e+00,5.62500000000000000e-01,6.87500000000000000e-01,1.77774873704124636e+00,-2.60479587097970634e-06,-5.81647465001807767e-06,1.77774873705266967e+00,9.64865222026764258e+00
2133,2.68750000000000000e+00,5.62500000000000000e-01,6.87500000000000000e-01,1.77775108267993809e+00,-1.37949501988990395e-06,-3.07639834277001564e-06,1.77775108268313509e+00,9.29778809067595624e+00
2134,2.81250000000000000e+00,5.62500000000000000e-01,6.87500000000000000e-01,1.77775232043232467e+00,-7.29619749152076011e-07,-1.62521609447497591e-06,1.77775232043321729e+00,8.94692602828228623e+00
2135,2.93750000000000000e+00,5.62500000000000000e-01,6.87500000000000000e-01,1.77775297293159240e+00,-3.85390831160827981e-07,-8.57562064416191631e-07,1.77775297293184087e+00,8.59606506021294869e+00
2136,3.06250000000000000e+00,5.62500000000000000e-01,6.87500000000000000e-01,1.77775331648524593e+00,-2.03287643722155795e-07,-4.51935701537675582e-07,1.77775331648531498e+00,8.24520467103112509e+00
2137,3.18750000000000000e+00,5.62500000000000000e-01,6.87500000000000000e-01,1.77775349711652741e+00,-1.07071478419624496e-07,-2.37837782015977177e-07,1.77775349711654651e+00,7.89434458773078163e+00
2138,3.31250000000000000e+00,5.62500000000000000e-01,6.87500000000000000e-01,1.77775359192707572e+00,-5.62988245497403410e-08,-1.24960082426157795e-07,1.77775359192708104e+00,7.54348466586830213e+00
2139,3.43750000000000000e+00,5.62500000000000000e-01,6.87500000000000000e-01,1.77775364158584259e+00,-2.95418351415254026e-08,-6.55203761850265730e-08,1.77775364158584415e+00,7.19262482910858481e+00
2140,3.56250000000000000e+00,5.62500000000000000e-01,6.87500000000000000e-01,1.77775366752335717e+00,-1.54612276360419451e-08,-3.42627947176758235e-08,1.77775366752335762e+00,6.84176503714594109e+00
2141,3.68750000000000000e+00,5.62500000000000000e-01,6.87500000000000000e-01,1.77775368101981845e+00,-8.06359281711470057e-09,-1.78517055661162986e-08,1.77775368101981868e+00,6.49090526872025464e+00
2142,3.81250000000000000e+00,5.62500000000000000e-01,6.87500000000000000e-01,1.77775368800509059e+00,-4.18481305593707632e-09,-9.25280874839138149e-09,1.77775368800509059e+00,6.14004551263196863e+00
2143,3.93750000000000000e+00,5.62500000000000000e-01,6.87500000000000000e-01,1.77775369159209462e+00,-2.15638199896556367e-09,-4.75943222157302863e-09,1.77775369159209462e+00,5.78918576299018728e+00
2144,4.06250000000000000e+00,5.62500000000000000e-01,6.87500000000000000e-01,1.77775369341242362e+00,-1.09945256331762663e-09,-2.42037821306233260e-09,1.77775369341242362e+00,5.43832601670180438e+00
2145,4.18750000000000000e+00,5.62500000000000000e-01,6.87500000000000000e-01,1.77775369431955110e+00,-5.51642151032236238e-10,-1.20961698229836062e-09,1.77775369431955110e+00,5.08746627214659863e+00
2146,4.31250000000000000e+00,5.62500000000000000e-01,6.87500000000000000e-01,1.77775369475870337e+00,-2.69964047213657270e-10,-5.88228364277016228e-10,1.77775369475870337e+00,4.73660652847871244e+00
2147,4.43750000000000000e+00,5.62500000000000000e-01,6.87500000000000000e-01,1.77775369496122781e+00,-1.26875020717154166e-10,-2.73508711178110345e-10,1.77775369496122781e+00,4.38574678525881989e+00
2148,4.56250000000000000e+00,5.62500000000000000e-01,6.87500000000000000e-01,1.77775369504693659e+00,-5.55269545601346839e-11,-1.17375816736661800e-10,1.77775369504693659e+00,4.03488704226032446e+00
2149,4.68750000000000000e+00,5.62500000000000000e-01,6.87500000000000000e-01,1.77775369507655889e+00,-2.11940083981638307e-11,-4.28169408563921969e-11,1.77775369507655889e+00,3.68402729936578144e+00
2150,4.81250000000000000e+00,5.62500000000000000e-01,6.87500000000000000e-01,1.77775369508137082e+00,-5.85451567459013797e-12,-1.00373375710149592e-11,1.77775369508137082e+00,3.33316755651621310e+00
2151,4.93750000000000000e+00,5.62500000000000000e-01,6.87500000000000000e-01,1.77775369507877334e+00,6.96290212386775894e-13,3.39231805042013012e-12,1.77775369507877334e+00,2.98230781368678066e+00
2152,5.06250000000000000e+00,5.62500000000000000e-01,6.87500000000000000e-01,1.77775369507125625e+00,4.07386957087662384e-12,1.02457490830934642e-11,1.77775369507125625e+00,2.63144807086581212e+00
2153,5.18750000000000000e+00,5.62500000000000000e-01,6.87500000000000000e-01,1.77775369506119407e+00,7.15733416717215656e-12,1.69324432326976434e-11,1.77775369506119407e+00,2.28058832804797618e+00
2154,5.31250000000000000e+00,5.62500000000000000e-01,6.87500000000000000e-01,1.77775369504732272e+00,1.25296288979279222e-11,2.92413547529746860e-11,1.77775369504732272e+00,1.92972858523855506e+00
2155,5.43750000000000000e+00,5.62500000000000000e-01,6.87500000000000000e-01,1.77775369502122760e+00,2.42820274853900063e-11,5.73160502319441223e-11,1.77775369502122760e+00,1.57886884243869763e+00
2156,5.56250000000000000e+00,5.62500000000000000e-01,6.87500000000000000e-01,1.77775369495512203e+00,5.23342965772057786e-11,1.26596014571493729e-10,1.77775369495512203e+00,1.22800909964035987e+00
2157,5.68750000000000000e+00,5.62500000000000000e-01,6.87500000000000000e-01,1.77775369484515422e+00,1.19561691240783357e-10,2.95075501242266452e-10,1.77775369484515422e+00,8.77149357130082463e-01
2158,5.81250000000000000e+00,5.62500000000000000e-01,6.87500000000000000e-01,1.77775369464614807e+00,2.25694573844982387e-10,5.53738141352957578e-10,1.77775369464614807e+00,5.26289615015808065e-01
2159,5.93750000000000000e+00,5.62500000000000000e-01,6.87500000000000000e-01,1.77775369344733636e+00,3.49755954936200968e-10,8.15074882124489516e-10,1.77775369344733636e+00,1.75429869920554121e-01
2160,6.25000000000000000e-02,6.87500000000000000e-01,6.87500000000000000e-01,1.07394321415323346e+00,-1.27739108052721845e-01,-1.27739108052722067e-01,1.08903103109047716e+00,1.72244910135669862e+01
2161,1.87500000000000000e-01,6.87500000000000000e-01,6.87500000000000000e-01,1.24615491230609887e+00,-1.63336217392262006e-01,-1.63336217392262090e-01,1.26738293553631443e+00,1.68729782465531848e+01
2162,3.12500000000000000e-01,6.87500000000000000e-01,6.87500000000000000e-01,1.41236960444886872e+00,-1.43345049323059220e-01,-1.43345049323059331e-01,1.42684389682330526e+00,1.63440946308378727e+01
2163,4.37500000000000000e-01,6.87500000000000000e-01,6.87500000000000000e-01,1.50087912171598337e+00,-1.07553336022444407e-01,-1.07553336022444421e-01,1.50856672977434281e+00,1.58662127898237504e+01
2164,5.62500000000000000e-01,6.87500000000000000e-01,6.87500000000000000e-01,1.54668012446483139e+00,-7.19111689642485813e-02,-7.19111689642486507e-02,1.55001994821297573e+00,1.54198827404996752e+01
2165,6.87500000000000000e-01,6.87500000000000000e-01,6.87500000000000000e-01,1.56987262271430472e+00,-4.45335654049679106e-02,-4.45335654049678412e-02,1.57113542651270088e+00,1.50014022007691548e+01
2166,8.12500000000000000e-01,6.87500000000000000e-01,6.87500000000000000e-01,1.58031816344263110e+00,-2.63318145029545099e-02,-2.63318145029546383e-02,1.58075685246552933e+00,1.46103936455700349e+01
2167,9.37500000000000000e-01,6.87500000000000000e-01,6.87500000000000000e-01,1.58471219506123906e+00,-1.50961962346889359e-02,-1.50961962346887468e-02,1.58485599707270675e+00,1.42372183299601467e+01
2168,1.06250000000000000e+00,6.87500000000000000e-01,6.87500000000000000e-01,1.58657972061199715e+00,-8.45909994987445284e-03,-8.45909994987435222e-03,1.58662482099618218e+00,1.38738468612971477e+01
2169,1.18750000000000000e+00,6.87500000000000000e-01,6.87500000000000000e-01,1.58735288625416326e+00,-4.66417316906570130e-03,-4.66417316906566574e-03,1.58736659109423250e+00,1.35160819992221093e+01
2170,1.31250000000000000e+00,6.87500000000000000e-01,6.87500000000000000e-01,1.58765213795219085e+00,-2.54304021336479967e-03,-2.54304021336469862e-03,1.58765621129110190e+00,1.31615048819292930e+01
2171,1.43750000000000000e+00,6.87500000000000000e-01,6.87500000000000000e-01,1.58776274962554420e+00,-1.37513312073249579e-03,-1.37513312073272932e-03,1.58776394060347270e+00,1.28086555985534147e+01
2172,1.56250000000000000e+00,6.87500000000000000e-01,6.87500000000000000e-01,1.58780179281976408e+00,-7.39136236149908268e-04,-7.39136236149953588e-04,1.58780213689439553e+00,1.24567307991669995e+01
2173,1.68750000000000000e+00,6.87500000000000000e-01,6.87500000000000000e-01,1.58781391985478204e+00,-3.95626024231218048e-04,-3.95626024231844663e-04,1.58781401843053116e+00,1.21053033277128588e+01
2174,1.81250000000000000e+00,6.87500000000000000e-01,6.87500000000000000e-01,1.58781660789767298e+00,-2.11127655810591514e-04,-2.11127655810785153e-04,1.58781663597074285e+00,1.17541420858963495e+01
2175,1.93750000000000000e+00,6.87500000000000000e-01,6.87500000000000000e-01,1.58781642974238535e+00,-1.12419974200185564e-04,-1.12419974200847253e-04,1.58781643770190151e+00,1.14031221933693381e+01
2176,2.06250000000000000e+00,6.87500000000000000e-01,6.87500000000000000e-01,1.58781585475376086e+00,-5.97632584328713928e-05,-5.97632584331588758e-05,1.58781585700316974e+00,1.10521774429303843e+01
2177,2.18750000000000000e+00,6.87500000000000000e-01,6.87500000000000000e-01,1.58781525068800256e+00,-3.17298479971351045e-05,-3.17298479976508934e-05,1.58781525132207069e+00,1.07012727408388209e+01
2178,2.31250000000000000e+00,6.87500000000000000e-01,6.87500000000000000e-01,1.58781481893489351e+00,-1.68275799824622234e-05,-1.68275799826604189e-05,1.58781481911323130e+00,1.03503891726862758e+01
2179,2.43750000000000000e+00,6.87500000000000000e-01,6.87500000000000000e-01,1.58781454841890257e+00,-8.91544373148147188e-06,-8.91544373182548076e-06,1.58781454846896208e+00,9.99951680543398957e+00
2180,2.56250000000000000e+00,6.87500000000000000e-01,6.87500000000000000e-01,1.58781438702610389e+00,-4.71898661884609486e-06,-4.71898661872493950e-06,1.58781438704012867e+00,9.64865038539477915e+00
2181,2.68750000000000000e+00,6.87500000000000000e-01,6.87500000000000000e-01,1.58781429382956585e+00,-2.49531228271128908e-06,-2.49531228257949541e-06,1.58781429383348738e+00,9.29778711501083244e+00
2182,2.81250000000000000e+00,6.87500000000000000e-01,6.87500000000000000e-01,1.58781424126854631e+00,-1.31808198372223143e-06,-1.31808198280410680e-06,1.58781424126964033e+00,8.94692550992382074e+00
2183,2.93750000000000000e+00,6.87500000000000000e-01,6.87500000000000000e-01,1.58781421200815154e+00,-6.95444587006001442e-07,-6.95444586034057393e-07,1.58781421200845618e+00,8.59606478503635607e+00
2184,3.06250000000000000e+00,6.87500000000000000e-01,6.87500000000000000e-01,1.58781419582502425e+00,-3.66462468878886276e-07,-3.66462467117764330e-07,1.58781419582510863e+00,8.24520452507237245e+00
2185,3.18750000000000000e+00,6.87500000000000000e-01,6.87500000000000000e-01,1.58781418690844345e+00,-1.92824791355665208e-07,-1.92824789509096457e-07,1.58781418690846698e+00,7.89434451038064910e+00
2186,3.31250000000000000e+00,6.87500000000000000e-01,6.87500000000000000e-01,1.58781418200330493e+00,-1.01285040981533239e-07,-1.01285038770992075e-07,1.58781418200331137e+00,7.54348462491839467e+00
2187,3.43750000000000000e+00,6.87500000000000000e-01,6.87500000000000000e-01,1.58781417930265656e+00,-5.30881671096580721e-08,-5.30881654581418719e-08,1.58781417930265811e+00,7.19262480745457733e+00
2188,3.56250000000000000e+00,6.87500000000000000e-01,6.87500000000000000e-01,1.58781417781127820e+00,-2.77484793340566507e-08,-2.77484782203377623e-08,1.58781417781127887e+00,6.84176502571118661e+00
2189,3.68750000000000000e+00,6.87500000000000000e-01,6.87500000000000000e-01,1.58781417698341110e+00,-1.44486524897458085e-08,-1.44486527188324352e-08,1.58781417698341110e+00,6.49090526269202872e+00
2190,3.81250000000000000e+00,6.87500000000000000e-01,6.87500000000000000e-01,1.58781417652015056e+00,-7.48287772142715983e-09,-7.48287868208867036e-09,1.58781417652015056e+00,6.14004550946074623e+00
2191,3.93750000000000000e+00,6.87500000000000000e-01,6.87500000000000000e-01,1.58781417625790056e+00,-3.84483945719766491e-09,-3.84484122356647543e-09,1.58781417625790056e+00,5.78918576132655449e+00
2192,4.06250000000000000e+00,6.87500000000000000e-01,6.87500000000000000e-01,1.58781417610709918e+00,-1.95232311231682054e-09,-1.95232527177800388e-09,1.58781417610709918e+00,5.43832601583235409e+00
2193,4.18750000000000000e+00,6.87500000000000000e-01,6.87500000000000000e-01,1.58781417601864216e+00,-9.73562378996470633e-10,-9.73564905643035038e-10,1.58781417601864216e+00,5.08746627169455845e+00
2194,4.31250000000000000e+00,6.87500000000000000e-01,6.87500000000000000e-01,1.58781417596548469e+00,-4.71830181512025764e-10,-4.71832602851964085e-10,1.58781417596548469e+00,4.73660652824538708e+00
2195,4.43750000000000000e+00,6.87500000000000000e-01,6.87500000000000000e-01,1.58781417593268048e+00,-2.18114033886515214e-10,-2.18116189556440013e-10,1.58781417593268048e+00,4.38574678513951799e+00
2196,4.56250000000000000e+00,6.87500000000000000e-01,6.87500000000000000e-01,1.58781417591206120e+00,-9.25800166090247941e-11,-9.25813423103456330e-11,1.58781417591206120e+00,4.03488704219976757e+00
2197,4.68750000000000000e+00,6.87500000000000000e-01,6.87500000000000000e-01,1.58781417589887308e+00,-3.30324879875454545e-11,-3.30331128428519705e-11,1.58781417589887308e+00,3.68402729933538797e+00
2198,4.81250000000000000e+00,6.87500000000000000e-01,6.87500000000000000e-01,1.58781417589051066e+00,-7.02245970217347298e-12,-7.02217880025059573e-12,1.58781417589051066e+00,3.33316755650164653e+00
2199,4.93750000000000000e+00,6.87500000000000000e-01,6.87500000000000000e-01,1.58781417588552776e+00,3.68732571740480394e-12,3.68809917674716654e-12,1.58781417588552776e+00,2.98230781367932041e+00
2200,5.06250000000000000e+00,6.87500000000000000e-01,6.87500000000000000e-01,1.58781417588242380e+00,9.08640729769872851e-12,9.08769276045505120e-12,1.58781417588242380e+00,2.63144807085939680e+00
2201,5.18750000000000000e+00,6.87500000000000000e-01,6.87500000000000000e-01,1.58781417588084972e+00,1.43629246548783310e-11,1.43644023236208607e-11,1.58781417588084972e+00,2.28058832803808897e+00
2202,5.31250000000000000e+00,6.87500000000000000e-01,6.87500000000000000e-01,1.58781417588068829e+00,2.44759259034118255e-11,2.44772861510318896e-11,1.58781417588068829e+00,1.92972858521611146e+00
2203,5.43750000000000000e+00,6.87500000000000000e-01,6.87500000000000000e-01,1.58781417588016205e+00,4.77638744442166996e-11,4.77649743071989309e-11,1.58781417588016205e+00,1.57886884239231273e+00
2204,5.56250000000000000e+00,6.87500000000000000e-01,6.87500000000000000e-01,1.58781417587250639e+00,1.05553134861381416e-10,1.05553853897848831e-10,1.58781417587250639e+00,1.22800909956083348e+00
2205,5.68750000000000000e+00,6.87500000000000000e-01,6.87500000000000000e-01,1.58781417585812012e+00,2.46941992274311020e-10,2.46942150451482768e-10,1.58781417585812012e+00,8.77149356823070603e-01
2206,5.81250000000000000e+00,6.87500000000000000e-01,6.87500000000000000e-01,1.58781417583380113e+00,4.68382586833785620e-10,4.68382242896588334e-10,1.58781417583380113e+00,5.26289614283043217e-01
2207,5.93750000000000000e+00,6.87500000000000000e-01,6.87500000000000000e-01,1.58781417551276260e+00,7.19748687017845951e-10,7.19747911503479363e-10,1.58781417551276260e+00,1.75429870938160593e-01
2208,6.25000000000000000e-02,8.12500000000000000e-01,6.87500000000000000e-01,1.03248328056189487e+00,-2.13757250699293910e-01,-1.18441353672104066e-01,1.06101000990850869e+00,1.77610915830845322e+01
2209,1.87500000000000000e-01,8.12500000000000000e-01,6.87500000000000000e-01,1.17512859663390867e+00,-2.24338203001117259e-01,-1.49138421501161550e-01,1.20561068206963395e+00,1.70436916198515114e+01
2210,3.12500000000000000e-01,8.12500000000000000e-01,6.87500000000000000e-01,1.23855987151454894e+00,-1.70409899960470596e-01,-1.26756774411903056e-01,1.25663732603722367e+00,1.63750431090155111e+01
2211,4.37500000000000000e-01,8.12500000000000000e-01,6.87500000000000000e-01,1.23053089322204534e+00,-1.09438871096000145e-01,-9.02931640323654944e-02,1.23868317222427282e+00,1.58672296774737269e+01
2212,5.62500000000000000e-01,8.12500000000000000e-01,6.87500000000000000e-01,1.21742150482096534e+00,-6.39606008486514888e-02,-5.76541419727939208e-02,1.22046305923124243e+00,1.54088341419372892e+01
2213,6.87500000000000000e-01,8.12500000000000000e-01,6.87500000000000000e-01,1.20516422428236081e+00,-3.54289848112716646e-02,-3.42712483969278559e-02,1.20617185298014062e+00,1.49897612402219984e+01
2214,8.12500000000000000e-01,8.12500000000000000e-01,6.87500000000000000e-01,1.19518345363399181e+00,-1.91188938474203228e-02,-1.94798800915626895e-02,1.19549507973508895e+00,1.46020580220635541e+01
2215,9.37500000000000000e-01,8.12500000000000000e-01,6.87500000000000000e-01,1.18833750209556888e+00,-1.01604028346284105e-02,-1.07682179200382245e-02,1.18842972328601371e+00,1.42318556865183243e+01
2216,1.06250000000000000e+00,8.12500000000000000e-01,6.87500000000000000e-01,1.18416382046948221e+00,-5.34940693746866792e-03,-5.84839391090472265e-03,1.18419034516195909e+00,1.38705705095222900e+01
2217,1.18750000000000000e+00,8.12500000000000000e-01,6.87500000000000000e-01,1.18171732388411077e+00,-2.80574989511683890e-03,-3.13786803031147667e-03,1.18172482076669350e+00,1.35141743263052998e+01
2218,1.31250000000000000e+00,8.12500000000000000e-01,6.87500000000000000e-01,1.18031435836821230e+00,-1.46987073539994219e-03,-1.67009263297510069e-03,1.18031645515071348e+00,1.31604260661598538e+01
2219,1.43750000000000000e+00,8.12500000000000000e-01,6.87500000000000000e-01,1.17952925454245272e+00,-7.69815433129548260e-04,-8.84972226741264473e-04,1.17952983773752740e+00,1.28080549842702656e+01
2220,1.56250000000000000e+00,8.12500000000000000e-01,6.87500000000000000e-01,1.17909729631772309e+00,-4.03470263244307494e-04,-4.68055067210583118e-04,1.17909745824828383e+00,1.24564008178384178e+01
2221,1.68750000000000000e+00,8.12500000000000000e-01,6.87500000000000000e-01,1.17886182656679406e+00,-2.11767562095806824e-04,-2.47428414180008165e-04,1.17886187155354150e+00,1.21051238987362009e+01
2222,1.81250000000000000e+00,8.12500000000000000e-01,6.87500000000000000e-01,1.17873438562607791e+00,-1.11308217910901887e-04,-1.30819024743122545e-04,1.17873439814082959e+00,1.17540451128257839e+01
2223,1.93750000000000000e+00,8.12500000000000000e-01,6.87500000000000000e-01,1.17866583006070957e+00,-5.85879531459099703e-05,-6.91961222018304482e-05,1.17866583354797938e+00,1.14030700842529278e+01
2224,2.06250000000000000e+00,8.12500000000000000e-01,6.87500000000000000e-01,1.17862913208287812e+00,-3.08809954249728664e-05,-3.66188083975180757e-05,1.17862913305628569e+00,1.10521495790111803e+01
2225,2.18750000000000000e+00,8.12500000000000000e-01,6.87500000000000000e-01,1.17860953806575952e+00,-1.62869468131441152e-05,-1.93846405407813514e-05,1.17860953833770243e+00,1.07012578311588591e+01
2226,2.31250000000000000e+00,8.12500000000000000e-01,6.87500000000000000e-01,1.17859910500433229e+00,-8.59270241360662899e-06,-1.02616179950463610e-05,1.17859910508032728e+00,1.03503812128229864e+01
2227,2.43750000000000000e+00,8.12500000000000000e-01,6.87500000000000000e-01,1.17859356152884542e+00,-4.53448451798289450e-06,-5.43073174232522222e-06,1.17859356155008022e+00,9.99951256784935971e+00
2228,2.56250000000000000e+00,8.12500000000000000e-01,6.87500000000000000e-01,1.17859062037754980e+00,-2.39281729298123243e-06,-2.87256734936091128e-06,1.17859062038347950e+00,9.64864813251051778e+00
2229,2.68750000000000000e+00,8.12500000000000000e-01,6.87500000000000000e-01,1.17858906214860304e+00,-1.26215367296943793e-06,-1.51823942391506589e-06,1.17858906215025683e+00,9.29778591817302491e+00
2230,2.81250000000000000e+00,8.12500000000000000e-01,6.87500000000000000e-01,1.17858823777340427e+00,-6.65281270014438775e-07,-8.01627360959463777e-07,1.17858823777386457e+00,8.94692487466089048e+00
2231,2.93750000000000000e+00,8.12500000000000000e-01,6.87500000000000000e-01,1.17858780220111892e+00,-3.50331060965900702e-07,-4.22750612360130027e-07,1.17858780220124681e+00,8.59606444816437687e+00
2232,3.06250000000000000e+00,8.12500000000000000e-01,6.87500000000000000e-01,1.17858757234549993e+00,-1.84253229850073252e-07,-2.22634352207658028e-07,1.17858757234553546e+00,8.24520434659083001e+00
2233,3.18750000000000000e+00,8.12500000000000000e-01,6.87500000000000000e-01,1.17858745121223318e+00,-9.67566112102577205e-08,-1.17057475618954864e-07,1.17858745121224295e+00,7.89434441590404035e+00
2234,3.31250000000000000e+00,8.12500000000000000e-01,6.87500000000000000e-01,1.17858738747263270e+00,-5.07119045381755785e-08,-6.14293668761654192e-08,1.17858738747263536e+00,7.54348457496058433e+00
2235,3.43750000000000000e+00,8.12500000000000000e-01,6.87500000000000000e-01,1.17858735399330250e+00,-2.65137257554570721e-08,-3.21611074946603362e-08,1.17858735399330317e+00,7.19262478106911107e+00
2236,3.56250000000000000e+00,8.12500000000000000e-01,6.87500000000000000e-01,1.17858733644780278e+00,-1.38168759924932920e-08,-1.67866138835749403e-08,1.17858733644780300e+00,6.84176501179485808e+00
2237,3.68750000000000000e+00,8.12500000000000000e-01,6.87500000000000000e-01,1.17858732728028781e+00,-7.16762636908075806e-09,-8.72559720199033767e-09,1.17858732728028781e+00,6.49090525536471308e+00
2238,3.81250000000000000e+00,8.12500000000000000e-01,6.87500000000000000e-01,1.17858732251020748e+00,-3.69401020723982325e-09,-4.50891655347725214e-09,1.17858732251020748e+00,6.14004550561112783e+00
2239,3.93750000000000000e+00,8.12500000000000000e-01,6.87500000000000000e-01,1.17858732004303057e+00,-1.88539239438597045e-09,-2.30995243259519122e-09,1.17858732004303057e+00,5.78918575930999690e+00
2240,4.06250000000000000e+00,8.12500000000000000e-01,6.87500000000000000e-01,1.17858731877815415e+00,-9.48153504254582137e-10,-1.16814630114784256e-09,1.17858731877815415e+00,5.43832601478032807e+00
2241,4.18750000000000000e+00,8.12500000000000000e-01,6.87500000000000000e-01,1.17858731813817852e+00,-4.65889107702818209e-10,-5.79018537524044157e-10,1.17858731813817852e+00,5.08746627114900019e+00
2242,4.31250000000000000e+00,8.12500000000000000e-01,6.87500000000000000e-01,1.17858731782084636e+00,-2.20403930263292432e-10,-2.77969167920496785e-10,1.17858731782084636e+00,4.73660652796498116e+00
2243,4.43750000000000000e+00,8.12500000000000000e-01,6.87500000000000000e-01,1.17858731766844005e+00,-9.75324166451577063e-11,-1.26421749189108748e-10,1.17858731766844005e+00,4.38574678499727977e+00
2244,4.56250000000000000e+00,8.12500000000000000e-01,6.87500000000000000e-01,1.17858731759907132e+00,-3.77446316381603250e-11,-5.19840756778295707e-11,1.17858731759907132e+00,4.03488704212878080e+00
2245,4.68750000000000000e+00,8.12500000000000000e-01,6.87500000000000000e-01,1.17858731757027990e+00,-1.03569437539531109e-11,-1.70827828592550877e-11,1.17858731757027990e+00,3.68402729930080675e+00
2246,4.81250000000000000e+00,8.12500000000000000e-01,6.87500000000000000e-01,1.17858731756045554e+00,7.15943628406883252e-13,-2.09851954439310886e-12,1.17858731756045554e+00,3.33316755648562557e+00
2247,4.93750000000000000e+00,8.12500000000000000e-01,6.87500000000000000e-01,1.17858731755925494e+00,4.58020114034496782e-12,3.91532392042715066e-12,1.17858731755925494e+00,2.98230781367201114e+00
2248,5.06250000000000000e+00,8.12500000000000000e-01,6.87500000000000000e-01,1.17858731756161728e+00,6.17239095558909245e-12,7.01696895890200500e-12,1.17858731756161728e+00,2.63144807085533605e+00
2249,5.18750000000000000e+00,8.12500000000000000e-01,6.87500000000000000e-01,1.17858731756743618e+00,7.97513132242359828e-12,1.05097983151555460e-11,1.17858731756743618e+00,2.28058832803320133e+00
2250,5.31250000000000000e+00,8.12500000000000000e-01,6.87500000000000000e-01,1.17858731757718949e+00,1.27164401141109007e-11,1.78377070463504527e-11,1.17858731757718949e+00,1.92972858520232693e+00
2251,5.43750000000000000e+00,8.12500000000000000e-01,6.87500000000000000e-01,1.17858731759649005e+00,2.56019429380118680e-11,3.48588098541801694e-11,1.17858731759649005e+00,1.57886884236483604e+00
2252,5.56250000000000000e+00,8.12500000000000000e-01,6.87500000000000000e-01,1.17858731763718971e+00,6.19359549022761644e-11,7.67103567092331079e-11,1.17858731763718971e+00,1.22800909951931403e+00
2253,5.68750000000000000e+00,8.12500000000000000e-01,6.87500000000000000e-01,1.17858731769899250e+00,1.56901809365555178e-10,1.77251688167515914e-10,1.17858731769899250e+00,8.77149356563296179e-01
2254,5.81250000000000000e+00,8.12500000000000000e-01,6.87500000000000000e-01,1.17858731783419834e+00,3.03181158676470570e-10,3.34501211359971932e-10,1.17858731783419834e+00,5.26289613587993088e-01
2255,5.93750000000000000e+00,8.12500000000000000e-01,6.87500000000000000e-01,1.17858731837588615e+00,4.54899935324546144e-10,5.25841204138405373e-10,1.17858731837588615e+00,1.75429871778061602e-01
2256,6.25000000000000000e-02,9.37500000000000000e-01,6.87500000000000000e-01,7.50151347375840327e-01,-9.74055355483332136e-02,-8.00237060176959003e-02,7.60669886251620242e-01,1.89361363570464576e+01
2257,1.87500000000000000e-01,9.37500000000000000e-01,6.87500000000000000e-01,7.56106252020265379e-01,-9.88348717576941205e-02,-8.98991178222048465e-02,7.67819541041189879e-01,1.73709623390779697e+01
2258,3.12500000000000000e-01,9.37500000000000000e-01,6.87500000000000000e-01,6.68105432440503355e-01,-6.88027657116891261e-02,-6.71536045327734143e-02,6.74987626573875565e-01,1.64118865606543984e+01
2259,4.37500000000000000e-01,9.37500000000000000e-01,6.87500000000000000e-01,5.81301790742981161e-01,-4.01427887465291150e-02,-4.26534900782038623e-02,5.84245270092276003e-01,1.58447024690427529e+01
2260,5.62500000000000000e-01,9.37500000000000000e-01,6.87500000000000000e-01,5.37891328075336572e-01,-2.16600676423923388e-02,-2.51047066325442089e-02,5.38912317213133041e-01,1.53773986291358202e+01
2261,6.87500000000000000e-01,9.37500000000000000e-01,6.87500000000000000e-01,5.15048426473511900e-01,-1.12433693190413762e-02,-1.40680233508326102e-02,5.15363177038760223e-01,1.49652699809421321e+01
2262,8.12500000000000000e-01,9.37500000000000000e-01,6.87500000000000000e-01,5.02224813201109233e-01,-5.74900027584669942e-03,-7.64235525344469230e-03,5.02315856402005934e-01,1.45862546969779441e+01
2263,9.37500000000000000e-01,9.37500000000000000e-01,6.87500000000000000e-01,4.95369834285786959e-01,-2.91605138026115396e-03,-4.07473520063239558e-03,4.95395175130860232e-01,1.42223388861432767e+01
2264,1.06250000000000000e+00,9.37500000000000000e-01,6.87500000000000000e-01,4.91806343801914125e-01,-1.47683407382785789e-03,-2.15019051357206829e-03,4.91813261474243701e-01,1.38651192203415956e+01
2265,1.18750000000000000e+00,9.37500000000000000e-01,6.87500000000000000e-01,4.89939453620792664e-01,-7.50622355485891968e-04,-1.12724537453886219e-03,4.89941325395496563e-01,1.35111520705211081e+01
2266,1.31250000000000000e+00,9.37500000000000000e-01,6.87500000000000000e-01,4.88957727256501384e-01,-3.83184586694328871e-04,-5.88931895195693943e-04,4.88958232076164012e-01,1.31587751583095116e+01
2267,1.43750000000000000e+00,9.37500000000000000e-01,6.87500000000000000e-01,4.88443153413599451e-01,-1.96485285068191749e-04,-3.07647547200114895e-04,4.88443289819915138e-01,1.28071619500849163e+01
2268,1.56250000000000000e+00,9.37500000000000000e-01,6.87500000000000000e-01,4.88173349746410579e-01,-1.01282621786129092e-04,-1.61019479286871107e-04,4.88173386808491983e-01,1.24559218910794378e+01
2269,1.68750000000000000e+00,9.37500000000000000e-01,6.87500000000000000e-01,4.88031474151389977e-01,-5.24858190284482963e-05,-8.44953269911729996e-05,4.88031484288258099e-01,1.21048684155525557e+01
2270,1.81250000000000000e+00,9.37500000000000000e-01,6.87500000000000000e-01,4.87956740757302498e-01,-2.73200492134554503e-05,-4.44525118820816647e-05,4.87956743546905214e-01,1.17539091822034667e+01
2271,1.93750000000000000e+00,9.37500000000000000e-01,6.87500000000000000e-01,4.87917339996326860e-01,-1.42754447042529987e-05,-2.34377989048868652e-05,4.87917340768095620e-01,1.14029979143004976e+01
2272,2.06250000000000000e+00,9.37500000000000000e-01,6.87500000000000000e-01,4.87896546597939573e-01,-7.48442933537366358e-06,-1.23783954637169855e-05,4.87896546812371656e-01,1.10521113266396576e+01
2273,2.18750000000000000e+00,9.37500000000000000e-01,6.87500000000000000e-01,4.87885561488585418e-01,-3.93214148007977835e-06,-6.54402041634900541e-06,4.87885561548318636e-01,1.07012375627174876e+01
2274,2.31250000000000000e+00,9.37500000000000000e-01,6.87500000000000000e-01,4.87879757468723918e-01,-2.06864635438434733e-06,-3.46077233853662480e-06,4.87879757485384036e-01,1.03503704809880688e+01
2275,2.43750000000000000e+00,9.37500000000000000e-01,6.87500000000000000e-01,4.87876691303085919e-01,-1.08938614501185394e-06,-1.82989416050672204e-06,4.87876691307733923e-01,9.99950689066532306e+00
2276,2.56250000000000000e+00,9.37500000000000000e-01,6.87500000000000000e-01,4.87875071646923064e-01,-5.73968137503428065e-07,-9.66995996026967303e-07,4.87875071648219027e-01,9.64864513089493059e+00
2277,2.68750000000000000e+00,9.37500000000000000e-01,6.87500000000000000e-01,4.87874216472183042e-01,-3.02377513660036994e-07,-5.10530613524407210e-07,4.87874216472543865e-01,9.29778433191103915e+00
2278,2.81250000000000000e+00,9.37500000000000000e-01,6.87500000000000000e-01,4.87873765316076013e-01,-1.59210516964025508e-07,-2.69218436855814895e-07,4.87873765316176267e-01,8.94692403693436411e+00
2279,2.93750000000000000e+00,9.37500000000000000e-01,6.87500000000000000e-01,4.87873527548387531e-01,-8.37521382764971292e-08,-1.41770247126728438e-07,4.87873527548415342e-01,8.59606400612362087e+00
2280,3.06250000000000000e+00,9.37500000000000000e-01,6.87500000000000000e-01,4.87873402394143618e-01,-4.40009684735609944e-08,-7.45377766947597269e-08,4.87873402394151279e-01,8.24520411357221583e+00
2281,3.18750000000000000e+00,9.37500000000000000e-01,6.87500000000000000e-01,4.87873336615595010e-01,-2.30781377187650446e-08,-3.91179238755699954e-08,4.87873336615597120e-01,7.89434429322307540e+00
2282,3.31250000000000000e+00,9.37500000000000000e-01,6.87500000000000000e-01,4.87873302106976103e-01,-1.20785052562478792e-08,-2.04851865105295520e-08,4.87873302106976658e-01,7.54348451047627488e+00
2283,3.43750000000000000e+00,9.37500000000000000e-01,6.87500000000000000e-01,4.87873284044010480e-01,-6.30416413708144221e-09,-1.06991058751211412e-08,4.87873284044010647e-01,7.19262474724799006e+00
2284,3.56250000000000000e+00,9.37500000000000000e-01,6.87500000000000000e-01,4.87873274616855257e-01,-3.27816720607892799e-09,-5.56856581563930515e-09,4.87873274616855257e-01,6.84176499410859407e+00
2285,3.68750000000000000e+00,9.37500000000000000e-01,6.87500000000000000e-01,4.87873269716295688e-01,-1.69581017547590266e-09,-2.88441039591724835e-09,4.87873269716295688e-01,6.49090524615423892e+00
2286,3.81250000000000000e+00,9.37500000000000000e-01,6.87500000000000000e-01,4.87873267183142056e-01,-8.70640222641104618e-10,-1.48380953583515067e-09,4.87873267183142056e-01,6.14004550084308320e+00
2287,3.93750000000000000e+00,9.37500000000000000e-01,6.87500000000000000e-01,4.87873265884524232e-01,-4.41944175919907521e-10,-7.55536548998106429e-10,4.87873265884524232e-01,5.78918575686302805e+00
2288,4.06250000000000000e+00,9.37500000000000000e-01,6.87500000000000000e-01,4.87873265227066810e-01,-2.20427706713094275e-10,-3.78749569422383715e-10,4.87873265227066810e-01,5.43832601354059708e+00
2289,4.18750000000000000e+00,9.37500000000000000e-01,6.87500000000000000e-01,4.87873264900611225e-01,-1.06888879042668533e-10,-1.85264157780380495e-10,4.87873264900611225e-01,5.08746627053293565e+00
2290,4.31250000000000000e+00,9.37500000000000000e-01,6.87500000000000000e-01,4.87873264743494961e-01,-4.94119747998938720e-11,-8.70459518913812742e-11,4.87873264743494961e-01,4.73660652766777535e+00
2291,4.43750000000000000e+00,9.37500000000000000e-01,6.87500000000000000e-01,4.87873264671833395e-01,-2.08849657754388722e-11,-3.80888506752887030e-11,4.87873264671833395e-01,4.38574678486029601e+00
2292,4.56250000000000000e+00,9.37500000000000000e-01,6.87500000000000000e-01,4.87873264642353810e-01,-7.22861174313544825e-12,-1.44298137759455083e-11,4.87873264642353810e-01,4.03488704207006954e+00
2293,4.68750000000000000e+00,9.37500000000000000e-01,6.87500000000000000e-01,4.87873264632856463e-01,-1.21562189466932937e-12,-3.66630286424206648e-12,4.87873264632856463e-01,3.68402729927918271e+00
2294,4.81250000000000000e+00,9.37500000000000000e-01,6.87500000000000000e-01,4.87873264631917769e-01,9.88387279124665073e-13,7.44081169837217303e-13,4.87873264631917769e-01,3.33316755648133123e+00
2295,4.93750000000000000e+00,9.37500000000000000e-01,6.87500000000000000e-01,4.87873264633876647e-01,1.54443033547042483e-12,2.47326080372999362e-12,4.87873264633876647e-01,2.98230781367601017e+00
2296,5.06250000000000000e+00,9.37500000000000000e-01,6.87500000000000000e-01,4.87873264636790871e-01,1.56424756646720419e-12,3.54205155894428329e-12,4.87873264636790871e-01,2.63144807086527299e+00
2297,5.18750000000000000e+00,9.37500000000000000e-01,6.87500000000000000e-01,4.87873264640110771e-01,1.60915831329129945e-12,5.23334800226548267e-12,4.87873264640110771e-01,2.28058832805122291e+00
2298,5.31250000000000000e+00,9.37500000000000000e-01,6.87500000000000000e-01,4.87873264643938986e-01,2.35124482001436267e-12,9.19673148624963268e-12,4.87873264643938986e-01,1.92972858523641433e+00
2299,5.43750000000000000e+00,9.37500000000000000e-01,6.87500000000000000e-01,4.87873264651815741e-01,5.27720005227252788e-12,1.82624700562864590e-11,4.87873264651815741e-01,1.57886884243676118e+00
2300,5.56250000000000000e+00,9.37500000000000000e-01,6.87500000000000000e-01,4.87873264672158191e-01,1.52882041554475387e-11,3.96533376098365356e-11,4.87873264672158191e-01,1.22800909967093252e+00
2301,5.68750000000000000e+00,9.37500000000000000e-01,6.87500000000000000e-01,4.87873264700234399e-01,4.38425730584767704e-11,8.84512069843699386e-11,4.87873264700234399e-01,8.77149356841293248e-01
2302,5.81250000000000000e+00,9.37500000000000000e-01,6.87500000000000000e-01,4.87873264797627215e-01,8.64242423096299529e-11,1.57384409050330149e-10,4.87873264797627215e-01,5.26289614161067898e-01
2303,5.93750000000000000e+00,9.37500000000000000e-01,6.87500000000000000e-01,4.87873265293818414e-01,1.21091996211876143e-10,2.19187930645200104e-10,4.87873265293818414e-01,1.75429872738482373e-01
2304,6.25000000000000000e-02,6.25000000000000000e-02,8.12500000000000000e-01,7.39036762752350085e-01,9.19059228817609292e-02,-1.43073271762723331e-01,7.58348202643819636e-01,1.94641665009231914e+01
2305,1.87500000000000000e-01,6.25000000000000000e-02,8.12500000000000000e-01,7.45950166504675716e-01,9.18423707045993715e-02,-1.32854567251784544e-01,7.63234569450737976e-01,1.76111121874549319e+01
2306,3.12500000000000000e-01,6.25000000000000000e-02,8.12500000000000000e-01,6.21304617933824077e-01,6.24555236347711720e-02,-8.49041650224165584e-02,6.30181591239019290e-01,1.65147616502307137e+01
2307,4.37500000000000000e-01,6.25000000000000000e-02,8.12500000000000000e-01,5.05359324658325004e-01,3.53021233265387174e-02,-4.69288785708633707e-02,5.08759871230425653e-01,1.58956097111968955e+01
2308,5.62500000000000000e-01,6.25000000000000000e-02,8.12500000000000000e-01,4.47243594648726484e-01,1.84312244226026330e-02,-2.46939783987501979e-02,4.48303842898082505e-01,1.54018784118696068e+01
2309,6.87500000000000000e-01,6.25000000000000000e-02,8.12500000000000000e-01,4.16964168266626745e-01,9.33484325534737237e-03,-1.26917811001142095e-02,4.17261714304553610e-01,1.49763758792857349e+01
2310,8.12500000000000000e-01,6.25000000000000000e-02,8.12500000000000000e-01,4.00377062904977710e-01,4.66665563551179642e-03,-6.42075639422745158e-03,4.00455735741056584e-01,1.45911741009529372e+01
2311,9.37500000000000000e-01,6.25000000000000000e-02,8.12500000000000000e-01,3.91707667559690831e-01,2.30967090738827584e-03,-3.21372499296578365e-03,3.91727659775365000e-01,1.42245000541359943e+01
2312,1.06250000000000000e+00,6.25000000000000000e-02,8.12500000000000000e-01,3.87292631381592256e-01,1.14065713656908395e-03,-1.60447467248618419e-03,3.87297634591480255e-01,1.38660752522609680e+01
2313,1.18750000000000000e+00,6.25000000000000000e-02,8.12500000000000000e-01,3.85032986928148857e-01,5.65649061519424203e-04,-8.02786755117609928e-04,3.85034239319371474e-01,1.35115781452685031e+01
2314,1.31250000000000000e+00,6.25000000000000000e-02,8.12500000000000000e-01,3.83872149205509161e-01,2.81924332677801722e-04,-4.03147298323555279e-04,3.83872464426312010e-01,1.31589670930963987e+01
2315,1.43750000000000000e+00,6.25000000000000000e-02,8.12500000000000000e-01,3.83276263960009744e-01,1.41339195130197763e-04,-2.03584572477545845e-04,3.83276344089469312e-01,1.28072506029250093e+01
2316,1.56250000000000000e+00,6.25000000000000000e-02,8.12500000000000000e-01,3.82969538281993094e-01,7.14079012863836222e-05,-1.03572272430656556e-04,3.82969558944607213e-01,1.24559641808188690e+01
2317,1.68750000000000000e+00,6.25000000000000000e-02,8.12500000000000000e-01,3.82810765517569929e-01,3.63829065399915236e-05,-5.31068801209568233e-05,3.82810770930239741e-01,1.21048891726303509e+01
2318,1.81250000000000000e+00,6.25000000000000000e-02,8.12500000000000000e-01,3.82728165867860903e-01,1.86834714326166489e-05,-2.74277201463117717e-05,3.82728167306678357e-01,1.17539196040672032e+01
2319,1.93750000000000000e+00,6.25000000000000000e-02,8.12500000000000000e-01,3.82685019161705775e-01,9.66270286231569028e-06,-1.42552343815751070e-05,3.82685019549203975e-01,1.14030032434978708e+01
2320,2.06250000000000000e+00,6.25000000000000000e-02,8.12500000000000000e-01,3.82662397564135781e-01,5.02854020673339644e-06,-7.44810458793591435e-06,3.82662397669660259e-01,1.10521140868034244e+01
2321,2.18750000000000000e+00,6.25000000000000000e-02,8.12500000000000000e-01,3.82650501213567751e-01,2.62897611999949510e-06,-3.90598767420405990e-06,3.82650501242534469e-01,1.07012389976121369e+01
2322,2.31250000000000000e+00,6.25000000000000000e-02,8.12500000000000000e-01,3.82644233977955828e-01,1.37890795104959503e-06,-2.05321301892057287e-06,3.82644233985948989e-01,1.03503712262880612e+01
2323,2.43750000000000000e+00,6.25000000000000000e-02,8.12500000000000000e-01,3.82640929010614528e-01,7.24865570944674752e-07,-1.08078001842368718e-06,3.82640929012827480e-01,9.99950727711398990e+00
2324,2.56250000000000000e+00,6.25000000000000000e-02,8.12500000000000000e-01,3.82639185320453878e-01,3.81529662856532839e-07,-5.69222187889945440e-07,3.82639185321067499e-01,9.64864533063862773e+00
2325,2.68750000000000000e+00,6.25000000000000000e-02,8.12500000000000000e-01,3.82638265471895778e-01,2.00886861288465742e-07,-2.99742484489557059e-07,3.82638265472065919e-01,9.29778443467684923e+00
2326,2.81250000000000000e+00,6.25000000000000000e-02,8.12500000000000000e-01,3.82637780545462269e-01,1.05735636884460836e-07,-1.57721788125939863e-07,3.82637780545509398e-01,8.94692408953474327e+00
2327,2.93750000000000000e+00,6.25000000000000000e-02,8.12500000000000000e-01,3.82637525161855563e-01,5.56031498772025431e-08,-8.28943200509357146e-08,3.82637525161868552e-01,8.59606403289891574e+00
2328,3.06250000000000000e+00,6.25000000000000000e-02,8.12500000000000000e-01,3.82637390843665937e-01,2.91995262562572131e-08,-4.34993782181301077e-08,3.82637390843669545e-01,8.24520412711675199e+00
2329,3.18750000000000000e+00,6.25000000000000000e-02,8.12500000000000000e-01,3.82637320315805995e-01,1.53056704906005820e-08,-2.27825501680399333e-08,3.82637320315806939e-01,7.89434430002444021e+00
2330,3.31250000000000000e+00,6.25000000000000000e-02,8.12500000000000000e-01,3.82637283357113001e-01,8.00417004011767373e-09,-1.19039465037793416e-08,3.82637283357113278e-01,7.54348451386044516e+00
2331,3.43750000000000000e+00,6.25000000000000000e-02,8.12500000000000000e-01,3.82637264037313962e-01,4.17338406145897559e-09,-6.20128126500409089e-09,3.82637264037314018e-01,7.19262474891117520e+00
2332,3.56250000000000000e+00,6.25000000000000000e-02,8.12500000000000000e-01,3.82637253969954794e-01,2.16746135562030958e-09,-3.21781741136654146e-09,3.82637253969954794e-01,6.84176499491125956e+00
2333,3.68750000000000000e+00,6.25000000000000000e-02,8.12500000000000000e-01,3.82637248746289349e-01,1.11955945143334419e-09,-1.66063511338228579e-09,3.82637248746289349e-01,6.49090524653059830e+00
2334,3.81250000000000000e+00,6.25000000000000000e-02,8.12500000000000000e-01,3.82637246052166313e-01,5.73751255004472168e-10,-8.50288071104783307e-10,3.82637246052166313e-01,6.14004550101095425e+00
2335,3.93750000000000000e+00,6.25000000000000000e-02,8.12500000000000000e-01,3.82637244674897736e-01,2.90583519871495743e-10,-4.30260463356050057e-10,3.82637244674897736e-01,5.78918575693093551e+00
2336,4.06250000000000000e+00,6.25000000000000000e-02,8.12500000000000000e-01,3.82637243980182395e-01,1.44499893308216416e-10,-2.13777906614198953e-10,3.82637243980182395e-01,5.43832601356211764e+00
2337,4.18750000000000000e+00,6.25000000000000000e-02,8.12500000000000000e-01,3.82637243636996360e-01,6.97624745016230482e-11,-1.03143880334922996e-10,3.82637243636996360e-01,5.08746627053419775e+00
2338,4.31250000000000000e+00,6.25000000000000000e-02,8.12500000000000000e-01,3.82637243473110233e-01,3.20135214766552909e-11,-4.73396716019061853e-11,3.82637243473110233e-01,4.73660652766124368e+00
2339,4.43750000000000000e+00,6.25000000000000000e-02,8.12500000000000000e-01,3.82637243399326032e-01,1.33339779375180301e-11,-1.97740183035221250e-11,3.82637243399326032e-01,4.38574678485169311e+00
2340,4.56250000000000000e+00,6.25000000000000000e-02,8.12500000000000000e-01,3.82637243369697733e-01,4.44037879207638301e-12,-6.66287415666579724e-12,3.82637243369697733e-01,4.03488704206184945e+00
2341,4.68750000000000000e+00,6.25000000000000000e-02,8.12500000000000000e-01,3.82637243360767820e-01,5.69166178471895842e-13,-9.16748587714183737e-13,3.82637243360767820e-01,3.68402729927233485e+00
2342,4.81250000000000000e+00,6.25000000000000000e-02,8.12500000000000000e-01,3.82637243360529400e-01,-8.29847220743143135e-13,1.23785203608271345e-12,3.82637243360529400e-01,3.33316755647601060e+00
2343,4.93750000000000000e+00,6.25000000000000000e-02,8.12500000000000000e-01,3.82637243363324719e-01,-1.12771985079047799e-12,1.88075901693633117e-12,3.82637243363324719e-01,2.98230781367165010e+00
2344,5.06250000000000000e+00,6.25000000000000000e-02,8.12500000000000000e-01,3.82637243367234814e-01,-1.02314534617549518e-12,2.11213226015195605e-12,3.82637243367234814e-01,2.63144807086097510e+00
2345,5.18750000000000000e+00,6.25000000000000000e-02,8.12500000000000000e-01,3.82637243371794611e-01,-8.54338139813667499e-13,2.58401145386090150e-12,3.82637243371794611e-01,2.28058832804549638e+00
2346,5.31250000000000000e+00,6.25000000000000000e-02,8.12500000000000000e-01,3.82637243377434100e-01,-1.02899514145538117e-12,4.15242602049820486e-12,3.82637243377434100e-01,1.92972858522538182e+00
2347,5.43750000000000000e+00,6.25000000000000000e-02,8.12500000000000000e-01,3.82637243389187198e-01,-2.38634989439549245e-12,8.49190472438791674e-12,3.82637243389187198e-01,1.57886884241515868e+00
2348,5.56250000000000000e+00,6.25000000000000000e-02,8.12500000000000000e-01,3.82637243419027551e-01,-7.66415649410341345e-12,1.99491042873993925e-11,3.82637243419027551e-01,1.22800909963094740e+00
2349,5.68750000000000000e+00,6.25000000000000000e-02,8.12500000000000000e-01,3.82637243455628551e-01,-2.25246493109870028e-11,4.70009518416712261e-11,3.82637243455628551e-01,8.77149356717179640e-01
2350,5.81250000000000000e+00,6.25000000000000000e-02,8.12500000000000000e-01,3.82637243561202711e-01,-4.83040715877835589e-11,8.81975608958987874e-11,3.82637243561202711e-01,5.26289613884383223e-01
2351,5.93750000000000000e+00,6.25000000000000000e-02,8.12500000000000000e-01,3.82637244166256607e-01,-9.10649052769647176e-11,1.38927417941462600e-10,3.82637244166256607e-01,1.75429872693478012e-01
2352,6.25000000000000000e-02,1.87500000000000000e-01,8.12500000000000000e-01,9.99652093407930153e-01,2.01485953123077655e-01,-2.01485953123078043e-01,1.03946981027189400e+00,1.82966346955857873e+01
2353,1.87500000000000000e-01,1.87500000000000000e-01,8.12500000000000000e-01,1.12435078673619704e+00,2.08863135909245712e-01,-2.08863135909245545e-01,1.16250260675750461e+00,1.72483375730999882e+01
2354,3.12500000000000000e-01,1.87500000000000000e-01,8.12500000000000000e-01,1.10110482253369457e+00,1.54065959307699368e-01,-1.54065959307699479e-01,1.12245466271104344e+00,1.64367892471619683e+01
2355,4.37500000000000000e-01,1.87500000000000000e-01,8.12500000000000000e-01,1.02956847292115072e+00,9.47286628311498902e-02,-9.47286628311497791e-02,1.03824769662963656e+00,1.58877484591876730e+01
2356,5.62500000000000000e-01,1.87500000000000000e-01,8.12500000000000000e-01,9.74502458901893354e-01,5.33303746736534939e-02,-5.33303746736535217e-02,9.77416646129735667e-01,1.54148478398184032e+01
2357,6.87500000000000000e-01,1.87500000000000000e-01,8.12500000000000000e-01,9.40057571665729674e-01,2.86282403266656070e-02,-2.86282403266657562e-02,9.40929003875675574e-01,1.49891420590271522e+01
2358,8.12500000000000000e-01,1.87500000000000000e-01,8.12500000000000000e-01,9.18409084189305447e-01,1.49879138313891540e-02,-1.49879138313890863e-02,9.18653645855429524e-01,1.46000165700987328e+01
2359,9.37500000000000000e-01,1.87500000000000000e-01,8.12500000000000000e-01,9.05687382174296007e-01,7.72888214895452001e-03,-7.72888214895425286e-03,9.05753335885810640e-01,1.42300681685179651e+01
2360,1.06250000000000000e+00,1.87500000000000000e-01,8.12500000000000000e-01,8.98616932480549524e-01,3.95749425641927187e-03,-3.95749425641909146e-03,8.98634361051441011e-01,1.38693408144410828e+01
2361,1.18750000000000000e+00,1.87500000000000000e-01,8.12500000000000000e-01,8.94750756931046554e-01,2.02333651370855327e-03,-2.02333651370867080e-03,8.94755332373032730e-01,1.35134095383488280e+01
2362,1.31250000000000000e+00,1.87500000000000000e-01,8.12500000000000000e-01,8.92655019864466714e-01,1.03514910103655756e-03,-1.03514910103649966e-03,8.92656220253101762e-01,1.31599745422638463e+01
2363,1.43750000000000000e+00,1.87500000000000000e-01,8.12500000000000000e-01,8.91531523684606308e-01,5.30800855731949710e-04,-5.30800855731919786e-04,8.91531839713250340e-01,1.28077979395966057e+01
2364,1.56250000000000000e+00,1.87500000000000000e-01,8.12500000000000000e-01,8.90933196494917867e-01,2.73288862978283563e-04,-2.73288862978222631e-04,8.90933280324771149e-01,1.24562583435372769e+01
2365,1.68750000000000000e+00,1.87500000000000000e-01,8.12500000000000000e-01,8.90615196398445996e-01,1.41394242475447281e-04,-1.41394242475472327e-04,8.90615218846223189e-01,1.21050462136718302e+01
2366,1.81250000000000000e+00,1.87500000000000000e-01,8.12500000000000000e-01,8.90446379010702227e-01,7.35000525624185944e-05,-7.35000525622676870e-05,8.90446385077611868e-01,1.17540031543943968e+01
2367,1.93750000000000000e+00,1.87500000000000000e-01,8.12500000000000000e-01,8.90356849392509253e-01,3.83728064735639940e-05,-3.83728064736113533e-05,8.90356851046309350e-01,1.14030475872248154e+01
2368,2.06250000000000000e+00,1.87500000000000000e-01,8.12500000000000000e-01,8.90309392498443541e-01,2.01101368499001920e-05,-2.01101368497150713e-05,8.90309392952687517e-01,1.10521375805657982e+01
2369,2.18750000000000000e+00,1.87500000000000000e-01,8.12500000000000000e-01,8.90284239928981869e-01,1.05677500597741314e-05,-1.05677500596965551e-05,8.90284240054421971e-01,1.07012514365540721e+01
2370,2.31250000000000000e+00,1.87500000000000000e-01,8.12500000000000000e-01,8.90270915190648604e-01,5.56327879956540934e-06,-5.56327879926292710e-06,8.90270915225413351e-01,1.03503778081068578e+01
2371,2.43750000000000000e+00,1.87500000000000000e-01,8.12500000000000000e-01,8.90263860208640234e-01,2.93212418279810462e-06,-2.93212418272715629e-06,8.90263860218297287e-01,9.99951075744266760e+00
2372,2.56250000000000000e+00,1.87500000000000000e-01,8.12500000000000000e-01,8.90260126944115826e-01,1.54616109012855631e-06,-1.54616108978879763e-06,8.90260126946801122e-01,9.64864717019506202e+00
2373,2.68750000000000000e+00,1.87500000000000000e-01,8.12500000000000000e-01,8.90258153005106911e-01,8.15222023689187825e-07,-8.15222023643964736e-07,8.90258153005853425e-01,9.29778540660958264e+00
2374,2.81250000000000000e+00,1.87500000000000000e-01,8.12500000000000000e-01,8.90257110359727322e-01,4.29567534522580632e-07,-4.29567534140345315e-07,8.90257110359934600e-01,8.94692460275270385e+00
2375,2.93750000000000000e+00,1.87500000000000000e-01,8.12500000000000000e-01,8.90256560251481588e-01,2.26126646219667126e-07,-2.26126646257771300e-07,8.90256560251539097e-01,8.59606430368643082e+00
2376,3.06250000000000000e+00,1.87500000000000000e-01,8.12500000000000000e-01,8.90256270377377423e-01,1.18872832933808714e-07,-1.18872832856387547e-07,8.90256270377393299e-01,8.24520426985366939e+00
2377,3.18750000000000000e+00,1.87500000000000000e-01,8.12500000000000000e-01,8.90256117854984375e-01,6.23834653527285698e-08,-6.23834654464741663e-08,8.90256117854988815e-01,7.89434437516902676e+00
2378,3.31250000000000000e+00,1.87500000000000000e-01,8.12500000000000000e-01,8.90256037740490225e-01,3.26689875823615337e-08,-3.26689876342808219e-08,8.90256037740491446e-01,7.54348455335391499e+00
2379,3.43750000000000000e+00,1.87500000000000000e-01,8.12500000000000000e-01,8.90255995746568884e-01,1.70624355818582292e-08,-1.70624358676919557e-08,8.90255995746569218e-01,7.19262476961999386e+00
2380,3.56250000000000000e+00,1.87500000000000000e-01,8.12500000000000000e-01,8.90255973792551503e-01,8.88018282046809405e-09,-8.88018314316452229e-09,8.90255973792551614e-01,6.84176500573561519e+00
2381,3.68750000000000000e+00,1.87500000000000000e-01,8.12500000000000000e-01,8.90255962355814279e-01,4.59946234602133454e-09,-4.59946283018229587e-09,8.90255962355814279e-01,6.49090525216286274e+00
2382,3.81250000000000000e+00,1.87500000000000000e-01,8.12500000000000000e-01,8.90255956427452033e-01,2.36585391164469593e-09,-2.36585446361515241e-09,8.90255956427452033e-01,6.14004550392248571e+00
2383,3.93750000000000000e+00,1.87500000000000000e-01,8.12500000000000000e-01,8.90255953376452247e-01,1.20451734922882580e-09,-1.20451790288354256e-09,8.90255953376452247e-01,5.78918575842162930e+00
2384,4.06250000000000000e+00,1.87500000000000000e-01,8.12500000000000000e-01,8.90255951823001102e-01,6.03711780246510933e-10,-6.03712036438903158e-10,8.90255951823001102e-01,5.43832601431452289e+00
2385,4.18750000000000000e+00,1.87500000000000000e-01,8.12500000000000000e-01,8.90255951044845895e-01,2.95193136437729496e-10,-2.95193287908910382e-10,8.90255951044845895e-01,5.08746627090586401e+00
2386,4.31250000000000000e+00,1.87500000000000000e-01,8.12500000000000000e-01,8.90255950664883944e-01,1.38555817029423196e-10,-1.38555594195390982e-10,8.90255950664883944e-01,4.73660652783887315e+00
2387,4.43750000000000000e+00,1.87500000000000000e-01,8.12500000000000000e-01,8.90255950486953607e-01,6.04332720314287082e-11,-6.04331521011758361e-11,8.90255950486953607e-01,4.38574678493235393e+00
2388,4.56250000000000000e+00,1.87500000000000000e-01,8.12500000000000000e-01,8.90255950409517327e-01,2.26368567693485319e-11,-2.26365899067738448e-11,8.90255950409517327e-01,4.03488704209551230e+00
2389,4.68750000000000000e+00,1.87500000000000000e-01,8.12500000000000000e-01,8.90255950380283378e-01,5.49724066141418902e-12,-5.49708194159981624e-12,8.90255950380283378e-01,3.68402729928394379e+00
2390,4.81250000000000000e+00,1.87500000000000000e-01,8.12500000000000000e-01,8.90255950373080696e-01,-1.31837864669551272e-12,1.31846947447201788e-12,8.90255950373080696e-01,3.33316755647749607e+00
2391,4.93750000000000000e+00,1.87500000000000000e-01,8.12500000000000000e-01,8.90255950374374883e-01,-3.59017807796290325e-12,3.59025276882482890e-12,8.90255950374374883e-01,2.98230781366808761e+00
2392,5.06250000000000000e+00,1.87500000000000000e-01,8.12500000000000000e-01,8.90255950380207772e-01,-4.39477290750347279e-12,4.39499120391799380e-12,8.90255950380207772e-01,2.63144807085327148e+00
2393,5.18750000000000000e+00,1.87500000000000000e-01,8.12500000000000000e-01,8.90255950389477912e-01,-5.35381044169691978e-12,5.35395509706254264e-12,8.90255950389477912e-01,2.28058832803148892e+00
2394,5.31250000000000000e+00,1.87500000000000000e-01,8.12500000000000000e-01,8.90255950403533225e-01,-8.29674736949660448e-12,8.29694536252997263e-12,8.90255950403533225e-01,1.92972858519720347e+00
2395,5.43750000000000000e+00,1.87500000000000000e-01,8.12500000000000000e-01,8.90255950431911858e-01,-1.66664524222926917e-11,1.66666674785476955e-11,8.90255950431911858e-01,1.57886884235636438e+00
2396,5.56250000000000000e+00,1.87500000000000000e-01,8.12500000000000000e-01,8.90255950496084081e-01,-4.01948218218521250e-11,4.01951638991609133e-11,8.90255950496084081e-01,1.22800909951502080e+00
2397,5.68750000000000000e+00,1.87500000000000000e-01,8.12500000000000000e-01,8.90255950588536571e-01,-1.00505366643458523e-10,1.00505674290388211e-10,8.90255950588536571e-01,8.77149356461749075e-01
2398,5.81250000000000000e+00,1.87500000000000000e-01,8.12500000000000000e-01,8.90255950793937711e-01,-1.99805623342291156e-10,1.99805966527291649e-10,8.90255950793937711e-01,5.26289613275265800e-01
2399,5.93750000000000000e+00,1.87500000000000000e-01,8.12500000000000000e-01,8.90255951756000807e-01,-3.30064194823864936e-10,3.30064575228770143e-10,8.90255951756000807e-01,1.75429872115722835e-01
2400,6.25000000000000000e-02,3.12500000000000000e-01,8.12500000000000000e-01,1.03248328056189465e+00,1.18441353672104274e-01,-2.13757250699293938e-01,1.06101000990850847e+00,1.77610915830845322e+01
2401,1.87500000000000000e-01,3.12500000000000000e-01,8.12500000000000000e-01,1.17512859663390934e+00,1.49138421501161578e-01,-2.24338203001117731e-01,1.20561068206963462e+00,1.70436916198515114e+01
2402,3.12500000000000000e-01,3.12500000000000000e-01,8.12500000000000000e-01,1.23855987151454849e+00,1.26756774411902862e-01,-1.70409899960469902e-01,1.25663732603722300e+00,1.63750431090155075e+01
2403,4.37500000000000000e-01,3.12500000000000000e-01,8.12500000000000000e-01,1.23053089322204623e+00,9.02931640323657164e-02,-1.09438871096000839e-01,1.23868317222427371e+00,1.58672296774737305e+01
2404,5.62500000000000000e-01,3.12500000000000000e-01,8.12500000000000000e-01,1.21742150482096512e+00,5.76541419727936572e-02,-6.39606008486507671e-02,1.22046305923124221e+00,1.54088341419372838e+01
2405,6.87500000000000000e-01,3.12500000000000000e-01,8.12500000000000000e-01,1.20516422428236081e+00,3.42712483969279669e-02,-3.54289848112725944e-02,1.20617185298014062e+00,1.49897612402220037e+01
2406,8.12500000000000000e-01,3.12500000000000000e-01,8.12500000000000000e-01,1.19518345363399181e+00,1.94798800915625160e-02,-1.91188938474194207e-02,1.19549507973508895e+00,1.46020580220635487e+01
2407,9.37500000000000000e-01,3.12500000000000000e-01,8.12500000000000000e-01,1.18833750209556821e+00,1.07682179200382176e-02,-1.01604028346292154e-02,1.18842972328601326e+00,1.42318556865183297e+01
2408,1.06250000000000000e+00,3.12500000000000000e-01,8.12500000000000000e-01,1.18416382046948354e+00,5.84839391090445811e-03,-5.34940693746822037e-03,1.18419034516196042e+00,1.38705705095222864e+01
2409,1.18750000000000000e+00,3.12500000000000000e-01,8.12500000000000000e-01,1.18171732388411010e+00,3.13786803031174469e-03,-2.80574989511706832e-03,1.18172482076669283e+00,1.35141743263053016e+01
2410,1.31250000000000000e+00,3.12500000000000000e-01,8.12500000000000000e-01,1.18031435836821430e+00,1.67009263297501027e-03,-1.46987073540010048e-03,1.18031645515071548e+00,1.31604260661598556e+01
2411,1.43750000000000000e+00,3.12500000000000000e-01,8.12500000000000000e-01,1.17952925454245183e+00,8.84972226741243331e-04,-7.69815433128987945e-04,1.17952983773752651e+00,1.28080549842702620e+01
2412,1.56250000000000000e+00,3.12500000000000000e-01,8.12500000000000000e-01,1.17909729631772420e+00,4.68055067210446237e-04,-4.03470263245308376e-04,1.17909745824828516e+00,1.24564008178384213e+01
2413,1.68750000000000000e+00,3.12500000000000000e-01,8.12500000000000000e-01,1.17886182656679317e+00,2.47428414180197358e-04,-2.11767562094774094e-04,1.17886187155354061e+00,1.21051238987361955e+01
2414,1.81250000000000000e+00,3.12500000000000000e-01,8.12500000000000000e-01,1.17873438562607813e+00,1.30819024743216572e-04,-1.11308217912200219e-04,1.17873439814082981e+00,1.17540451128257892e+01
2415,1.93750000000000000e+00,3.12500000000000000e-01,8.12500000000000000e-01,1.17866583006070980e+00,6.91961222020380187e-05,-5.85879531451098426e-05,1.17866583354797960e+00,1.14030700842529225e+01
2416,2.06250000000000000e+00,3.12500000000000000e-01,8.12500000000000000e-01,1.17862913208287723e+00,3.66188083971800756e-05,-3.08809954260159706e-05,1.17862913305628481e+00,1.10521495790111839e+01
2417,2.18750000000000000e+00,3.12500000000000000e-01,8.12500000000000000e-01,1.17860953806575841e+00,1.93846405411684862e-05,-1.62869468124164461e-05,1.17860953833770132e+00,1.07012578311588538e+01
2418,2.31250000000000000e+00,3.12500000000000000e-01,8.12500000000000000e-01,1.17859910500433118e+00,1.02616179952456051e-05,-8.59270241423747372e-06,1.17859910508032617e+00,1.03503812128229900e+01
2419,2.43750000000000000e+00,3.12500000000000000e-01,8.12500000000000000e-01,1.17859356152884409e+00,5.43073174328416261e-06,-4.53448451797077939e-06,1.17859356155007888e+00,9.99951256784935794e+00
2420,2.56250000000000000e+00,3.12500000000000000e-01,8.12500000000000000e-01,1.17859062037754825e+00,2.87256734956844198e-06,-2.39281729325548942e-06,1.17859062038347795e+00,9.64864813251051601e+00
2421,2.68750000000000000e+00,3.12500000000000000e-01,8.12500000000000000e-01,1.17858906214860104e+00,1.51823942445790622e-06,-1.26215367333421924e-06,1.17858906215025483e+00,9.29778591817302313e+00
2422,2.81250000000000000e+00,3.12500000000000000e-01,8.12500000000000000e-01,1.17858823777340316e+00,8.01627361272401900e-07,-6.65281269864028276e-07,1.17858823777386346e+00,8.94692487466089048e+00
2423,2.93750000000000000e+00,3.12500000000000000e-01,8.12500000000000000e-01,1.17858780220111758e+00,4.22750612953652419e-07,-3.50331060514842052e-07,1.17858780220124548e+00,8.59606444816437509e+00
2424,3.06250000000000000e+00,3.12500000000000000e-01,8.12500000000000000e-01,1.17858757234549860e+00,2.22634352499295998e-07,-1.84253229388782788e-07,1.17858757234553413e+00,8.24520434659083179e+00
2425,3.18750000000000000e+00,3.12500000000000000e-01,8.12500000000000000e-01,1.17858745121223252e+00,1.17057475878221630e-07,-9.67566100586272255e-08,1.17858745121224229e+00,7.89434441590403768e+00
2426,3.31250000000000000e+00,3.12500000000000000e-01,8.12500000000000000e-01,1.17858738747263314e+00,6.14293666056573477e-08,-5.07119042021958836e-08,1.17858738747263581e+00,7.54348457496058966e+00
2427,3.43750000000000000e+00,3.12500000000000000e-01,8.12500000000000000e-01,1.17858735399330383e+00,3.21611071136232994e-08,-2.65137245934465921e-08,1.17858735399330450e+00,7.19262478106910752e+00
2428,3.56250000000000000e+00,3.12500000000000000e-01,8.12500000000000000e-01,1.17858733644780456e+00,1.67866128092847341e-08,-1.38168759698201920e-08,1.17858733644780478e+00,6.84176501179486607e+00
2429,3.68750000000000000e+00,3.12500000000000000e-01,8.12500000000000000e-01,1.17858732728029003e+00,8.72559590324639612e-09,-7.16762570121999862e-09,1.17858732728029003e+00,6.49090525536470953e+00
2430,3.81250000000000000e+00,3.12500000000000000e-01,8.12500000000000000e-01,1.17858732251021059e+00,4.50891491522897597e-09,-3.69401109793681973e-09,1.17858732251021059e+00,6.14004550561113405e+00
2431,3.93750000000000000e+00,3.12500000000000000e-01,8.12500000000000000e-01,1.17858732004303390e+00,2.30995110662031088e-09,-1.88539262841690718e-09,1.17858732004303390e+00,5.78918575930999335e+00
2432,4.06250000000000000e+00,3.12500000000000000e-01,8.12500000000000000e-01,1.17858731877815615e+00,1.16814508754480758e-09,-9.48154622435963548e-10,1.17858731877815615e+00,5.43832601478033162e+00
2433,4.18750000000000000e+00,3.12500000000000000e-01,8.12500000000000000e-01,1.17858731813818118e+00,5.79018002649311660e-10,-4.65889991716722152e-10,1.17858731813818118e+00,5.08746627114899663e+00
2434,4.31250000000000000e+00,3.12500000000000000e-01,8.12500000000000000e-01,1.17858731782084680e+00,2.77968902408378316e-10,-2.20405130211792110e-10,1.17858731782084680e+00,4.73660652796498383e+00
2435,4.43750000000000000e+00,3.12500000000000000e-01,8.12500000000000000e-01,1.17858731766844116e+00,1.26421909974379055e-10,-9.75331588012575335e-11,1.17858731766844116e+00,4.38574678499727710e+00
2436,4.56250000000000000e+00,3.12500000000000000e-01,8.12500000000000000e-01,1.17858731759906976e+00,5.19844806758441445e-11,-3.77451535352173141e-11,1.17858731759906976e+00,4.03488704212878169e+00
2437,4.68750000000000000e+00,3.12500000000000000e-01,8.12500000000000000e-01,1.17858731757027946e+00,1.70833730361360210e-11,-1.03571072340630109e-11,1.17858731757027946e+00,3.68402729930080364e+00
2438,4.81250000000000000e+00,3.12500000000000000e-01,8.12500000000000000e-01,1.17858731756045421e+00,2.09879374959361958e-12,7.15965352226741703e-13,1.17858731756045421e+00,3.33316755648562690e+00
2439,4.93750000000000000e+00,3.12500000000000000e-01,8.12500000000000000e-01,1.17858731755925406e+00,-3.91501121203469858e-12,4.58047773845629126e-12,1.17858731755925406e+00,2.98230781367200892e+00
2440,5.06250000000000000e+00,3.12500000000000000e-01,8.12500000000000000e-01,1.17858731756161750e+00,-7.01675225847422511e-12,6.17316754828967185e-12,1.17858731756161750e+00,2.63144807085533650e+00
2441,5.18750000000000000e+00,3.12500000000000000e-01,8.12500000000000000e-01,1.17858731756743729e+00,-1.05094786236905987e-11,7.97559489353600472e-12,1.17858731756743729e+00,2.28058832803320177e+00
2442,5.31250000000000000e+00,3.12500000000000000e-01,8.12500000000000000e-01,1.17858731757719060e+00,-1.78374816851071594e-11,1.27172032604964440e-11,1.17858731757719060e+00,1.92972858520232737e+00
2443,5.43750000000000000e+00,3.12500000000000000e-01,8.12500000000000000e-01,1.17858731759649205e+00,-3.48586075902561101e-11,2.56023612259245127e-11,1.17858731759649205e+00,1.57886884236483871e+00
2444,5.56250000000000000e+00,3.12500000000000000e-01,8.12500000000000000e-01,1.17858731763719171e+00,-7.67100284606138852e-11,6.19367259084006605e-11,1.17858731763719171e+00,1.22800909951931403e+00
2445,5.68750000000000000e+00,3.12500000000000000e-01,8.12500000000000000e-01,1.17858731769899427e+00,-1.77251247453067615e-10,1.56901665831101727e-10,1.17858731769899427e+00,8.77149356563298399e-01
2446,5.81250000000000000e+00,3.12500000000000000e-01,8.12500000000000000e-01,1.17858731783420057e+00,-3.34500472904022586e-10,3.03181158371383147e-10,1.17858731783420057e+00,5.26289613587993199e-01
2447,5.93750000000000000e+00,3.12500000000000000e-01,8.12500000000000000e-01,1.17858731837588615e+00,-5.25839998393824026e-10,4.54899366839765606e-10,1.17858731837588615e+00,1.75429871778061408e-01
2448,6.25000000000000000e-02,4.37500000000000000e-01,8.12500000000000000e-01,1.03041788039916038e+00,3.47554904954293226e-02,-2.14371263237702947e-01,1.05305460013619667e+00,1.75838513355320707e+01
2449,1.87500000000000000e-01,4.37500000000000000e-01,8.12500000000000000e-01,1.16853765959855771e+00,4.96191728832129017e-02,-2.24022969234313751e-01,1.19085205418735662e+00,1.69600776430608668e+01
2450,3.12500000000000000e-01,4.37500000000000000e-01,8.12500000000000000e-01,1.25859310413713477e+00,4.59855690706833936e-02,-1.70449348731846223e-01,1.27091473153292767e+00,1.63408861804687930e+01
2451,4.37500000000000000e-01,4.37500000000000000e-01,8.12500000000000000e-01,1.28673090844152882e+00,3.57589539468800358e-02,-1.10477201615084911e-01,1.29195988544646267e+00,1.58544777523998377e+01
2452,5.62500000000000000e-01,4.37500000000000000e-01,8.12500000000000000e-01,1.30126162351621733e+00,2.42371960592955016e-02,-6.52645842007119198e-02,1.30312268051007774e+00,1.54066793158298800e+01
2453,6.87500000000000000e-01,4.37500000000000000e-01,8.12500000000000000e-01,1.30845299204700227e+00,1.50563658162425461e-02,-3.65580020348099874e-02,1.30905019539402012e+00,1.49910821276812865e+01
2454,8.12500000000000000e-01,4.37500000000000000e-01,8.12500000000000000e-01,1.31064481504874397e+00,8.86665266124724537e-03,-2.00007615043435172e-02,1.31082740252266805e+00,1.46038982074052814e+01
2455,9.37500000000000000e-01,4.37500000000000000e-01,8.12500000000000000e-01,1.31086484029202421e+00,5.04935545727217688e-03,-1.07970115963849818e-02,1.31091902914092318e+00,1.42333237276533175e+01
2456,1.06250000000000000e+00,4.37500000000000000e-01,8.12500000000000000e-01,1.31070750480382991e+00,2.81285634163765163e-03,-5.77398390153224111e-03,1.31072324088648684e+00,1.38715485772386700e+01
2457,1.18750000000000000e+00,4.37500000000000000e-01,8.12500000000000000e-01,1.31045218732911861e+00,1.54099425949642626e-03,-3.07478848200151743e-03,1.31045670064416409e+00,1.35147961585809959e+01
2458,1.31250000000000000e+00,4.37500000000000000e-01,8.12500000000000000e-01,1.31022425361991290e+00,8.34276405191733362e-04,-1.63481029658059016e-03,1.31022553913274176e+00,1.31608007995886833e+01
2459,1.43750000000000000e+00,4.37500000000000000e-01,8.12500000000000000e-01,1.31006560760431845e+00,4.48409347198474000e-04,-8.67975132735283048e-04,1.31006597188059426e+00,1.28082690596185635e+01
2460,1.56250000000000000e+00,4.37500000000000000e-01,8.12500000000000000e-01,1.30996614122108435e+00,2.39987108344475201e-04,-4.60354121225175681e-04,1.30996624409386486e+00,1.24565192343601492e+01
2461,1.68750000000000000e+00,4.37500000000000000e-01,8.12500000000000000e-01,1.30990683797731799e+00,1.28104249176323271e-04,-2.44031083086094505e-04,1.30990686697245917e+00,1.21051882689976953e+01
2462,1.81250000000000000e+00,4.37500000000000000e-01,8.12500000000000000e-01,1.30987275365199785e+00,6.82671370401827926e-05,-1.29289256735932523e-04,1.30987276181161261e+00,1.17540797208206680e+01
2463,1.93750000000000000e+00,4.37500000000000000e-01,8.12500000000000000e-01,1.30985371873985890e+00,3.63368286735124313e-05,-6.84577575801374695e-05,1.30985372103279807e+00,1.14030885670426905e+01
2464,2.06250000000000000e+00,4.37500000000000000e-01,8.12500000000000000e-01,1.30984329230478713e+00,1.93229479914300753e-05,-3.62317023422672839e-05,1.30984329294841850e+00,1.10521594134903367e+01
2465,2.18750000000000000e+00,4.37500000000000000e-01,8.12500000000000000e-01,1.30983764918651935e+00,1.02680761826977766e-05,-1.91646630282066191e-05,1.30983764936696834e+00,1.07012630446749952e+01
2466,2.31250000000000000e+00,4.37500000000000000e-01,8.12500000000000000e-01,1.30983462441249254e+00,5.45221213310305251e-06,-1.01302592087205613e-05,1.30983462446301369e+00,1.03503839756139424e+01
2467,2.43750000000000000e+00,4.37500000000000000e-01,8.12500000000000000e-01,1.30983301383781248e+00,2.89235097070369322e-06,-5.35142341154122317e-06,1.30983301385193762e+00,9.99951403347251677e+00
2468,2.56250000000000000e+00,4.37500000000000000e-01,8.12500000000000000e-01,1.30983215922784835e+00,1.53273482385427694e-06,-2.82513676831053269e-06,1.30983215923179186e+00,9.64864891066307351e+00
2469,2.68750000000000000e+00,4.37500000000000000e-01,8.12500000000000000e-01,1.30983170674220162e+00,8.11285688486016847e-07,-1.49031988313024208e-06,1.30983170674330074e+00,9.29778633165661184e+00
2470,2.81250000000000000e+00,4.37500000000000000e-01,8.12500000000000000e-01,1.30983146754346014e+00,4.28870876863069507e-07,-7.85475511655500095e-07,1.30983146754376589e+00,8.94692509452878326e+00
2471,2.93750000000000000e+00,4.37500000000000000e-01,8.12500000000000000e-01,1.30983134118856293e+00,2.26403153181827049e-07,-4.13559775102126534e-07,1.30983134118864775e+00,8.59606456512408101e+00
2472,3.06250000000000000e+00,4.37500000000000000e-01,8.12500000000000000e-01,1.30983127446005554e+00,1.19341816029450997e-07,-2.17476798935685524e-07,1.30983127446007908e+00,8.24520440881172334e+00
2473,3.18750000000000000e+00,4.37500000000000000e-01,8.12500000000000000e-01,1.30983123923099209e+00,6.28043025946431435e-08,-1.14193783835200046e-07,1.30983123923099853e+00,7.89434444899608501e+00
2474,3.31250000000000000e+00,4.37500000000000000e-01,8.12500000000000000e-01,1.30983122064068080e+00,3.29890478246609710e-08,-5.98509244732916898e-08,1.30983122064068258e+00,7.54348459255035575e+00
2475,3.43750000000000000e+00,4.37500000000000000e-01,8.12500000000000000e-01,1.30983121083734644e+00,1.72889494360471817e-08,-3.12945225506336956e-08,1.30983121083734688e+00,7.19262479041069192e+00
2476,3.56250000000000000e+00,4.37500000000000000e-01,8.12500000000000000e-01,1.30983120567330702e+00,9.03478332974285379e-09,-1.63109551620991851e-08,1.30983120567330702e+00,6.84176501675043802e+00
2477,3.68750000000000000e+00,4.37500000000000000e-01,8.12500000000000000e-01,1.30983120295771704e+00,4.70311201903197515e-09,-8.46345414706002748e-09,1.30983120295771704e+00,6.49090525798991447e+00
2478,3.81250000000000000e+00,4.37500000000000000e-01,8.12500000000000000e-01,1.30983120153331178e+00,2.43492705635894587e-09,-4.36313727127624738e-09,1.30983120153331178e+00,6.14004550699947327e+00
2479,3.93750000000000000e+00,4.37500000000000000e-01,8.12500000000000000e-01,1.30983120078894322e+00,1.25065959919632536e-09,-2.22768492845882991e-09,1.30983120078894322e+00,5.78918576004271479e+00
2480,4.06250000000000000e+00,4.37500000000000000e-01,8.12500000000000000e-01,1.30983120040205381e+00,6.34808081375055555e-10,-1.12074488765632380e-09,1.30983120040205381e+00,5.43832601516607106e+00
2481,4.18750000000000000e+00,4.37500000000000000e-01,8.12500000000000000e-01,1.30983120020254473e+00,3.16422028746988540e-10,-5.50969275250848712e-10,1.30983120020254473e+00,5.08746627135145602e+00
2482,4.31250000000000000e+00,4.37500000000000000e-01,8.12500000000000000e-01,1.30983120010082232e+00,1.53276079876757248e-10,-2.60840229275962597e-10,1.30983120010082232e+00,4.73660652807087423e+00
2483,4.43750000000000000e+00,4.37500000000000000e-01,8.12500000000000000e-01,1.30983120004981468e+00,7.08106121796023564e-11,-1.15561851824290962e-10,1.30983120004981468e+00,4.38574678505254578e+00
2484,4.56250000000000000e+00,4.37500000000000000e-01,8.12500000000000000e-01,1.30983120002493925e+00,3.00241726140945453e-11,-4.47553143791683339e-11,1.30983120002493925e+00,4.03488704215779936e+00
2485,4.68750000000000000e+00,4.37500000000000000e-01,8.12500000000000000e-01,1.30983120001312270e+00,1.06473394854129242e-11,-1.22410006824851635e-11,1.30983120001312270e+00,3.68402729931620598e+00
2486,4.81250000000000000e+00,4.37500000000000000e-01,8.12500000000000000e-01,1.30983120000755648e+00,2.11695329120881863e-12,7.58146376062932927e-13,1.30983120000755648e+00,3.33316755649363738e+00
2487,4.93750000000000000e+00,4.37500000000000000e-01,8.12500000000000000e-01,1.30983120000531006e+00,-1.43336446248450734e-12,5.30251152922865176e-12,1.30983120000531006e+00,2.98230781367640141e+00
2488,5.06250000000000000e+00,4.37500000000000000e-01,8.12500000000000000e-01,1.30983120000476694e+00,-3.33023216783043111e-12,7.43939669403517768e-12,1.30983120000476694e+00,2.63144807085915966e+00
2489,5.18750000000000000e+00,4.37500000000000000e-01,8.12500000000000000e-01,1.30983120000513709e+00,-5.40621122043356734e-12,1.00145895318381811e-11,1.30983120000513709e+00,2.28058832803899758e+00
2490,5.31250000000000000e+00,4.37500000000000000e-01,8.12500000000000000e-01,1.30983120000653397e+00,-9.41564989355047369e-12,1.64461355437119466e-11,1.30983120000653397e+00,1.92972858521565183e+00
2491,5.43750000000000000e+00,4.37500000000000000e-01,8.12500000000000000e-01,1.30983120000974029e+00,-1.82904851661644626e-11,3.33472310662784904e-11,1.30983120000974029e+00,1.57886884239060477e+00
2492,5.56250000000000000e+00,4.37500000000000000e-01,8.12500000000000000e-01,1.30983120001283115e+00,-3.93181363740459254e-11,8.00958606996321421e-11,1.30983120001283115e+00,1.22800909955306770e+00
2493,5.68750000000000000e+00,4.37500000000000000e-01,8.12500000000000000e-01,1.30983120001835784e+00,-8.90117180827281631e-11,2.00971989927718558e-10,1.30983120001835784e+00,8.77149356724779672e-01
2494,5.81250000000000000e+00,4.37500000000000000e-01,8.12500000000000000e-01,1.30983120005109677e+00,-1.66158454199171466e-10,3.77680683005457784e-10,1.30983120005109677e+00,5.26289614039413212e-01
2495,5.93750000000000000e+00,4.37500000000000000e-01,8.12500000000000000e-01,1.30983120004645937e+00,-2.57784058038695888e-10,5.17870184537459511e-10,1.30983120004645937e+00,1.75429871288856537e-01
2496,6.25000000000000000e-02,5.62500000000000000e-01,8.12500000000000000e-01,1.03041788039916016e+00,-3.47554904954295793e-02,-2.14371263237702891e-01,1.05305460013619623e+00,1.75838513355320707e+01
2497,1.87500000000000000e-01,5.62500000000000000e-01,8.12500000000000000e-01,1.16853765959855838e+00,-4.96191728832130613e-02,-2.24022969234314195e-01,1.19085205418735751e+00,1.69600776430608704e+01
2498,3.12500000000000000e-01,5.62500000000000000e-01,8.12500000000000000e-01,1.25859310413713410e+00,-4.59855690706833659e-02,-1.70449348731845557e-01,1.27091473153292700e+00,1.63408861804687895e+01
2499,4.37500000000000000e-01,5.62500000000000000e-01,8.12500000000000000e-01,1.28673090844152882e+00,-3.57589539468799941e-02,-1.10477201615085646e-01,1.29195988544646267e+00,1.58544777523998413e+01
2500,5.62500000000000000e-01,5.62500000000000000e-01,8.12500000000000000e-01,1.30126162351621733e+00,-2.42371960592954634e-02,-6.52645842007110871e-02,1.30312268051007774e+00,1.54066793158298747e+01
2501,6.87500000000000000e-01,5.62500000000000000e-01,8.12500000000000000e-01,1.30845299204700205e+00,-1.50563658162425930e-02,-3.65580020348108339e-02,1.30905019539401990e+00,1.49910821276812918e+01
2502,8.12500000000000000e-01,5.62500000000000000e-01,8.12500000000000000e-01,1.31064481504874464e+00,-8.86665266124739629e-03,-2.00007615043427574e-02,1.31082740252266872e+00,1.46038982074052761e+01
2503,9.37500000000000000e-01,5.62500000000000000e-01,8.12500000000000000e-01,1.31086484029202355e+00,-5.04935545727206066e-03,-1.07970115963856219e-02,1.31091902914092251e+00,1.42333237276533229e+01
2504,1.06250000000000000e+00,5.62500000000000000e-01,8.12500000000000000e-01,1.31070750480382969e+00,-2.81285634163764339e-03,-5.77398390153186034e-03,1.31072324088648684e+00,1.38715485772386682e+01
2505,1.18750000000000000e+00,5.62500000000000000e-01,8.12500000000000000e-01,1.31045218732911750e+00,-1.54099425949631502e-03,-3.07478848200164797e-03,1.31045670064416298e+00,1.35147961585809995e+01
2506,1.31250000000000000e+00,5.62500000000000000e-01,8.12500000000000000e-01,1.31022425361991401e+00,-8.34276405191745288e-04,-1.63481029658065586e-03,1.31022553913274287e+00,1.31608007995886833e+01
2507,1.43750000000000000e+00,5.62500000000000000e-01,8.12500000000000000e-01,1.31006560760431734e+00,-4.48409347198504467e-04,-8.67975132734750271e-04,1.31006597188059293e+00,1.28082690596185618e+01
2508,1.56250000000000000e+00,5.62500000000000000e-01,8.12500000000000000e-01,1.30996614122108479e+00,-2.39987108344337182e-04,-4.60354121225881876e-04,1.30996624409386531e+00,1.24565192343601527e+01
2509,1.68750000000000000e+00,5.62500000000000000e-01,8.12500000000000000e-01,1.30990683797731733e+00,-1.28104249176272042e-04,-2.44031083085457346e-04,1.30990686697245851e+00,1.21051882689976900e+01
2510,1.81250000000000000e+00,5.62500000000000000e-01,8.12500000000000000e-01,1.30987275365199785e+00,-6.82671370400070570e-05,-1.29289256736807908e-04,1.30987276181161261e+00,1.17540797208206733e+01
2511,1.93750000000000000e+00,5.62500000000000000e-01,8.12500000000000000e-01,1.30985371873985867e+00,-3.63368286733533450e-05,-6.84577575792206817e-05,1.30985372103279785e+00,1.14030885670426834e+01
2512,2.06250000000000000e+00,5.62500000000000000e-01,8.12500000000000000e-01,1.30984329230478669e+00,-1.93229479907729132e-05,-3.62317023430898546e-05,1.30984329294841806e+00,1.10521594134903420e+01
2513,2.18750000000000000e+00,5.62500000000000000e-01,8.12500000000000000e-01,1.30983764918651957e+00,-1.02680761821703106e-05,-1.91646630278364589e-05,1.30983764936696856e+00,1.07012630446749917e+01
2514,2.31250000000000000e+00,5.62500000000000000e-01,8.12500000000000000e-01,1.30983462441249232e+00,-5.45221213231248786e-06,-1.01302592089725434e-05,1.30983462446301346e+00,1.03503839756139460e+01
2515,2.43750000000000000e+00,5.62500000000000000e-01,8.12500000000000000e-01,1.30983301383781270e+00,-2.89235097014668436e-06,-5.35142341138641434e-06,1.30983301385193807e+00,9.99951403347251500e+00
2516,2.56250000000000000e+00,5.62500000000000000e-01,8.12500000000000000e-01,1.30983215922784901e+00,-1.53273482337469134e-06,-2.82513676818620604e-06,1.30983215923179253e+00,9.64864891066307351e+00
2517,2.68750000000000000e+00,5.62500000000000000e-01,8.12500000000000000e-01,1.30983170674220206e+00,-8.11285687959279033e-07,-1.49031988303315644e-06,1.30983170674330118e+00,9.29778633165661361e+00
2518,2.81250000000000000e+00,5.62500000000000000e-01,8.12500000000000000e-01,1.30983146754346103e+00,-4.28870876765337152e-07,-7.85475511510442421e-07,1.30983146754376678e+00,8.94692509452878149e+00
2519,2.93750000000000000e+00,5.62500000000000000e-01,8.12500000000000000e-01,1.30983134118856270e+00,-2.26403153212795235e-07,-4.13559775083098786e-07,1.30983134118864752e+00,8.59606456512408101e+00
2520,3.06250000000000000e+00,5.62500000000000000e-01,8.12500000000000000e-01,1.30983127446005665e+00,-1.19341816687523996e-07,-2.17476799098476707e-07,1.30983127446008019e+00,8.24520440881172512e+00
2521,3.18750000000000000e+00,5.62500000000000000e-01,8.12500000000000000e-01,1.30983123923099276e+00,-6.28043038446962862e-08,-1.14193783656669866e-07,1.30983123923099920e+00,7.89434444899608145e+00
2522,3.31250000000000000e+00,5.62500000000000000e-01,8.12500000000000000e-01,1.30983122064068147e+00,-3.29890493602314368e-08,-5.98509248806085259e-08,1.30983122064068325e+00,7.54348459255036019e+00
2523,3.43750000000000000e+00,5.62500000000000000e-01,8.12500000000000000e-01,1.30983121083734644e+00,-1.72889510455754228e-08,-3.12945222082206862e-08,1.30983121083734688e+00,7.19262479041068747e+00
2524,3.56250000000000000e+00,5.62500000000000000e-01,8.12500000000000000e-01,1.30983120567330680e+00,-9.03478462312199305e-09,-1.63109558210884887e-08,1.30983120567330680e+00,6.84176501675044335e+00
2525,3.68750000000000000e+00,5.62500000000000000e-01,8.12500000000000000e-01,1.30983120295771638e+00,-4.70311331104691656e-09,-8.46345377932510381e-09,1.30983120295771638e+00,6.49090525798990914e+00
2526,3.81250000000000000e+00,5.62500000000000000e-01,8.12500000000000000e-01,1.30983120153331090e+00,-2.43492762655970824e-09,-4.36313774774066534e-09,1.30983120153331090e+00,6.14004550699947771e+00
2527,3.93750000000000000e+00,5.62500000000000000e-01,8.12500000000000000e-01,1.30983120078894277e+00,-1.25065932888509186e-09,-2.22768471905903267e-09,1.30983120078894277e+00,5.78918576004271035e+00
2528,4.06250000000000000e+00,5.62500000000000000e-01,8.12500000000000000e-01,1.30983120040205314e+00,-6.34807039239619754e-10,-1.12074511906505188e-09,1.30983120040205314e+00,5.43832601516607284e+00
2529,4.18750000000000000e+00,5.62500000000000000e-01,8.12500000000000000e-01,1.30983120020254451e+00,-3.16420614234198390e-10,-5.50969256678733379e-10,1.30983120020254451e+00,5.08746627135145335e+00
2530,4.31250000000000000e+00,5.62500000000000000e-01,8.12500000000000000e-01,1.30983120010082144e+00,-1.53274486072564260e-10,-2.60840415405701783e-10,1.30983120010082144e+00,4.73660652807087690e+00
2531,4.43750000000000000e+00,5.62500000000000000e-01,8.12500000000000000e-01,1.30983120004981490e+00,-7.08090723445501996e-11,-1.15561711606269466e-10,1.30983120004981490e+00,4.38574678505254401e+00
2532,4.56250000000000000e+00,5.62500000000000000e-01,8.12500000000000000e-01,1.30983120002493902e+00,-3.00231526461744570e-11,-4.47551505063119805e-11,1.30983120002493902e+00,4.03488704215780203e+00
2533,4.68750000000000000e+00,5.62500000000000000e-01,8.12500000000000000e-01,1.30983120001312270e+00,-1.06470080604420372e-11,-1.22408392578972671e-11,1.30983120001312270e+00,3.68402729931620376e+00
2534,4.81250000000000000e+00,5.62500000000000000e-01,8.12500000000000000e-01,1.30983120000755671e+00,-2.11715209155513553e-12,7.58255608298219488e-13,1.30983120000755671e+00,3.33316755649363872e+00
2535,4.93750000000000000e+00,5.62500000000000000e-01,8.12500000000000000e-01,1.30983120000531117e+00,1.43256981967870100e-12,5.30249798709391503e-12,1.30983120000531117e+00,2.98230781367640096e+00
2536,5.06250000000000000e+00,5.62500000000000000e-01,8.12500000000000000e-01,1.30983120000476605e+00,3.32909987857148917e-12,7.43952820264602121e-12,1.30983120000476605e+00,2.63144807085916099e+00
2537,5.18750000000000000e+00,5.62500000000000000e-01,8.12500000000000000e-01,1.30983120000513642e+00,5.40532436100986556e-12,1.00143933373702001e-11,1.30983120000513642e+00,2.28058832803899714e+00
2538,5.31250000000000000e+00,5.62500000000000000e-01,8.12500000000000000e-01,1.30983120000653330e+00,9.41499249053196417e-12,1.64462882789892490e-11,1.30983120000653330e+00,1.92972858521565116e+00
2539,5.43750000000000000e+00,5.62500000000000000e-01,8.12500000000000000e-01,1.30983120000974052e+00,1.82903672096475571e-11,3.33469290607870065e-11,1.30983120000974052e+00,1.57886884239060499e+00
2540,5.56250000000000000e+00,5.62500000000000000e-01,8.12500000000000000e-01,1.30983120001283027e+00,3.93183962551916986e-11,8.00959730965841240e-11,1.30983120001283027e+00,1.22800909955306614e+00
2541,5.68750000000000000e+00,5.62500000000000000e-01,8.12500000000000000e-01,1.30983120001835762e+00,8.90127182034878815e-11,2.00971818303402748e-10,1.30983120001835762e+00,8.77149356724780449e-01
2542,5.81250000000000000e+00,5.62500000000000000e-01,8.12500000000000000e-01,1.30983120005109654e+00,1.66160127600774507e-10,3.77680778890663472e-10,1.30983120005109654e+00,5.26289614039412323e-01
2543,5.93750000000000000e+00,5.62500000000000000e-01,8.12500000000000000e-01,1.30983120004646003e+00,2.57786298558568977e-10,5.17870172589209759e-10,1.30983120004646003e+00,1.75429871288857342e-01
2544,6.25000000000000000e-02,6.87500000000000000e-01,8.12500000000000000e-01,1.03248328056189465e+00,-1.18441353672103733e-01,-2.13757250699293716e-01,1.06101000990850847e+00,1.77610915830845357e+01
2545,1.87500000000000000e-01,6.87500000000000000e-01,8.12500000000000000e-01,1.17512859663390823e+00,-1.49138421501161633e-01,-2.24338203001117287e-01,1.20561068206963351e+00,1.70436916198515114e+01
2546,3.12500000000000000e-01,6.87500000000000000e-01,8.12500000000000000e-01,1.23855987151454938e+00,-1.26756774411903500e-01,-1.70409899960470623e-01,1.25663732603722411e+00,1.63750431090155075e+01
2547,4.37500000000000000e-01,6.87500000000000000e-01,8.12500000000000000e-01,1.23053089322204534e+00,-9.02931640323656609e-02,-1.09438871096000270e-01,1.23868317222427282e+00,1.58672296774737269e+01
2548,5.62500000000000000e-01,6.87500000000000000e-01,8.12500000000000000e-01,1.21742150482096578e+00,-5.76541419727939208e-02,-6.39606008486515581e-02,1.22046305923124287e+00,1.54088341419372892e+01
2549,6.87500000000000000e-01,6.87500000000000000e-01,8.12500000000000000e-01,1.20516422428236014e+00,-3.42712483969275852e-02,-3.54289848112718520e-02,1.20617185298013974e+00,1.49897612402220002e+01
2550,8.12500000000000000e-01,6.87500000000000000e-01,8.12500000000000000e-01,1.19518345363399137e+00,-1.94798800915626132e-02,-1.91188938474203887e-02,1.19549507973508851e+00,1.46020580220635523e+01
2551,9.37500000000000000e-01,6.87500000000000000e-01,8.12500000000000000e-01,1.18833750209556888e+00,-1.07682179200383702e-02,-1.01604028346284573e-02,1.18842972328601371e+00,1.42318556865183243e+01
2552,1.06250000000000000e+00,6.87500000000000000e-01,8.12500000000000000e-01,1.18416382046948221e+00,-5.84839391090476689e-03,-5.34940693746882232e-03,1.18419034516195909e+00,1.38705705095222882e+01
2553,1.18750000000000000e+00,6.87500000000000000e-01,8.12500000000000000e-01,1.18171732388411121e+00,-3.13786803031165058e-03,-2.80574989511680507e-03,1.18172482076669394e+00,1.35141743263052998e+01
2554,1.31250000000000000e+00,6.87500000000000000e-01,8.12500000000000000e-01,1.18031435836821275e+00,-1.67009263297503261e-03,-1.46987073539987692e-03,1.18031645515071393e+00,1.31604260661598538e+01
2555,1.43750000000000000e+00,6.87500000000000000e-01,8.12500000000000000e-01,1.17952925454245272e+00,-8.84972226741277484e-04,-7.69815433129539695e-04,1.17952983773752740e+00,1.28080549842702656e+01
2556,1.56250000000000000e+00,6.87500000000000000e-01,8.12500000000000000e-01,1.17909729631772309e+00,-4.68055067210325891e-04,-4.03470263244423612e-04,1.17909745824828383e+00,1.24564008178384160e+01
2557,1.68750000000000000e+00,6.87500000000000000e-01,8.12500000000000000e-01,1.17886182656679384e+00,-2.47428414179966586e-04,-2.11767562095900445e-04,1.17886187155354127e+00,1.21051238987362009e+01
2558,1.81250000000000000e+00,6.87500000000000000e-01,8.12500000000000000e-01,1.17873438562607813e+00,-1.30819024742834120e-04,-1.11308217911095390e-04,1.17873439814082981e+00,1.17540451128257839e+01
2559,1.93750000000000000e+00,6.87500000000000000e-01,8.12500000000000000e-01,1.17866583006070935e+00,-6.91961222017581048e-05,-5.85879531460892499e-05,1.17866583354797916e+00,1.14030700842529278e+01
2560,2.06250000000000000e+00,6.87500000000000000e-01,8.12500000000000000e-01,1.17862913208287812e+00,-3.66188083968498073e-05,-3.08809954252772426e-05,1.17862913305628569e+00,1.10521495790111786e+01
2561,2.18750000000000000e+00,6.87500000000000000e-01,8.12500000000000000e-01,1.17860953806575908e+00,-1.93846405406638985e-05,-1.62869468132098009e-05,1.17860953833770199e+00,1.07012578311588591e+01
2562,2.31250000000000000e+00,6.87500000000000000e-01,8.12500000000000000e-01,1.17859910500433185e+00,-1.02616179948327274e-05,-8.59270241382584112e-06,1.17859910508032684e+00,1.03503812128229864e+01
2563,2.43750000000000000e+00,6.87500000000000000e-01,8.12500000000000000e-01,1.17859356152884520e+00,-5.43073174270604230e-06,-4.53448451786098444e-06,1.17859356155007999e+00,9.99951256784935794e+00
2564,2.56250000000000000e+00,6.87500000000000000e-01,8.12500000000000000e-01,1.17859062037754980e+00,-2.87256734932534183e-06,-2.39281729330289912e-06,1.17859062038347950e+00,9.64864813251051601e+00
2565,2.68750000000000000e+00,6.87500000000000000e-01,8.12500000000000000e-01,1.17858906214860260e+00,-1.51823942448878248e-06,-1.26215367284440189e-06,1.17858906215025616e+00,9.29778591817302491e+00
2566,2.81250000000000000e+00,6.87500000000000000e-01,8.12500000000000000e-01,1.17858823777340405e+00,-8.01627361490937459e-07,-6.65281269721846278e-07,1.17858823777386434e+00,8.94692487466089048e+00
2567,2.93750000000000000e+00,6.87500000000000000e-01,8.12500000000000000e-01,1.17858780220111892e+00,-4.22750613498000101e-07,-3.50331060273832274e-07,1.17858780220124681e+00,8.59606444816437687e+00
2568,3.06250000000000000e+00,6.87500000000000000e-01,8.12500000000000000e-01,1.17858757234549971e+00,-2.22634353369467953e-07,-1.84253228946305376e-07,1.17858757234553524e+00,8.24520434659082824e+00
2569,3.18750000000000000e+00,6.87500000000000000e-01,8.12500000000000000e-01,1.17858745121223385e+00,-1.17057476911978199e-07,-9.67566102945845319e-08,1.17858745121224362e+00,7.89434441590404123e+00
2570,3.31250000000000000e+00,6.87500000000000000e-01,8.12500000000000000e-01,1.17858738747263403e+00,-6.14293676831501722e-08,-5.07119037142258474e-08,1.17858738747263669e+00,7.54348457496058433e+00
2571,3.43750000000000000e+00,6.87500000000000000e-01,8.12500000000000000e-01,1.17858735399330383e+00,-3.21611081753916124e-08,-2.65137251821484929e-08,1.17858735399330450e+00,7.19262478106911285e+00
2572,3.56250000000000000e+00,6.87500000000000000e-01,8.12500000000000000e-01,1.17858733644780411e+00,-1.67866138408678402e-08,-1.38168757488683142e-08,1.17858733644780433e+00,6.84176501179485896e+00
2573,3.68750000000000000e+00,6.87500000000000000e-01,8.12500000000000000e-01,1.17858732728028870e+00,-8.72559674209212309e-09,-7.16762640199331842e-09,1.17858732728028870e+00,6.49090525536471485e+00
2574,3.81250000000000000e+00,6.87500000000000000e-01,8.12500000000000000e-01,1.17858732251020859e+00,-4.50891526331884234e-09,-3.69401078432904095e-09,1.17858732251020859e+00,6.14004550561112783e+00
2575,3.93750000000000000e+00,6.87500000000000000e-01,8.12500000000000000e-01,1.17858732004303102e+00,-2.30995110390559510e-09,-1.88539316489498795e-09,1.17858732004303102e+00,5.78918575930999690e+00
2576,4.06250000000000000e+00,6.87500000000000000e-01,8.12500000000000000e-01,1.17858731877815504e+00,-1.16814467967902313e-09,-9.48154389173905467e-10,1.17858731877815504e+00,5.43832601478032718e+00
2577,4.18750000000000000e+00,6.87500000000000000e-01,8.12500000000000000e-01,1.17858731813817874e+00,-5.79017044575768947e-10,-4.65890317378153451e-10,1.17858731813817874e+00,5.08746627114899930e+00
2578,4.31250000000000000e+00,6.87500000000000000e-01,8.12500000000000000e-01,1.17858731782084636e+00,-2.77967750731762360e-10,-2.20405077922856471e-10,1.17858731782084636e+00,4.73660652796498116e+00
2579,4.43750000000000000e+00,6.87500000000000000e-01,8.12500000000000000e-01,1.17858731766843960e+00,-1.26421071234062819e-10,-9.75330977966562092e-11,1.17858731766843960e+00,4.38574678499727977e+00
2580,4.56250000000000000e+00,6.87500000000000000e-01,8.12500000000000000e-01,1.17858731759907065e+00,-5.19837222974061469e-11,-3.77450365550880313e-11,1.17858731759907065e+00,4.03488704212877991e+00
2581,4.68750000000000000e+00,6.87500000000000000e-01,8.12500000000000000e-01,1.17858731757027879e+00,-1.70830444256252900e-11,-1.03568699982630965e-11,1.17858731757027879e+00,3.68402729930080630e+00
2582,4.81250000000000000e+00,6.87500000000000000e-01,8.12500000000000000e-01,1.17858731756045487e+00,-2.09914341896110113e-12,7.16169442958763524e-13,1.17858731756045487e+00,3.33316755648562513e+00
2583,4.93750000000000000e+00,6.87500000000000000e-01,8.12500000000000000e-01,1.17858731755925383e+00,3.91443437576805094e-12,4.58067697055090497e-12,1.17858731755925383e+00,2.98230781367201114e+00
2584,5.06250000000000000e+00,6.87500000000000000e-01,8.12500000000000000e-01,1.17858731756161705e+00,7.01604717170152579e-12,6.17301105358255030e-12,1.17858731756161705e+00,2.63144807085533561e+00
2585,5.18750000000000000e+00,6.87500000000000000e-01,8.12500000000000000e-01,1.17858731756743595e+00,1.05087506788973063e-11,7.97574883832258099e-12,1.17858731756743595e+00,2.28058832803320133e+00
2586,5.31250000000000000e+00,6.87500000000000000e-01,8.12500000000000000e-01,1.17858731757718993e+00,1.78369715904880819e-11,1.27170147187575721e-11,1.17858731757718993e+00,1.92972858520232693e+00
2587,5.43750000000000000e+00,6.87500000000000000e-01,8.12500000000000000e-01,1.17858731759649071e+00,3.48583887824534411e-11,2.56023815821909136e-11,1.17858731759649071e+00,1.57886884236483671e+00
2588,5.56250000000000000e+00,6.87500000000000000e-01,8.12500000000000000e-01,1.17858731763719038e+00,7.67102694882767341e-11,6.19362010129526329e-11,1.17858731763719038e+00,1.22800909951931447e+00
2589,5.68750000000000000e+00,6.87500000000000000e-01,8.12500000000000000e-01,1.17858731769899316e+00,1.77251939995461277e-10,1.56901788740750340e-10,1.17858731769899316e+00,8.77149356563296623e-01
2590,5.81250000000000000e+00,6.87500000000000000e-01,8.12500000000000000e-01,1.17858731783419945e+00,3.34501669518134338e-10,3.03180918596477000e-10,1.17858731783419945e+00,5.26289613587993199e-01
2591,5.93750000000000000e+00,6.87500000000000000e-01,8.12500000000000000e-01,1.17858731837588682e+00,5.25841710261836457e-10,4.54899501592164426e-10,1.17858731837588682e+00,1.75429871778061491e-01
2592,6.25000000000000000e-02,8.12500000000000000e-01,8.12500000000000000e-01,9.99652093407929709e-01,-2.01485953123078376e-01,-2.01485953123078182e-01,1.03946981027189378e+00,1.82966346955857908e+01
2593,1.87500000000000000e-01,8.12500000000000000e-01,8.12500000000000000e-01,1.12435078673619770e+00,-2.08863135909245934e-01,-2.08863135909245823e-01,1.16250260675750527e+00,1.72483375730999882e+01
2594,3.12500000000000000e-01,8.12500000000000000e-01,8.12500000000000000e-01,1.10110482253369368e+00,-1.54065959307698758e-01,-1.54065959307698924e-01,1.12245466271104233e+00,1.64367892471619683e+01
2595,4.37500000000000000e-01,8.12500000000000000e-01,8.12500000000000000e-01,1.02956847292115117e+00,-9.47286628311504314e-02,-9.47286628311504453e-02,1.03824769662963701e+00,1.58877484591876748e+01
2596,5.62500000000000000e-01,8.12500000000000000e-01,8.12500000000000000e-01,9.74502458901892910e-01,-5.33303746736526751e-02,-5.33303746736526960e-02,9.77416646129735001e-01,1.54148478398183997e+01
2597,6.87500000000000000e-01,8.12500000000000000e-01,8.12500000000000000e-01,9.40057571665729896e-01,-2.86282403266666895e-02,-2.86282403266665333e-02,9.40929003875675907e-01,1.49891420590271576e+01
2598,8.12500000000000000e-01,8.12500000000000000e-01,8.12500000000000000e-01,9.18409084189305336e-01,-1.49879138313882571e-02,-1.49879138313883352e-02,9.18653645855429413e-01,1.46000165700987292e+01
2599,9.37500000000000000e-01,8.12500000000000000e-01,8.12500000000000000e-01,9.05687382174295563e-01,-7.72888214895499533e-03,-7.72888214895499012e-03,9.05753335885810196e-01,1.42300681685179704e+01
2600,1.06250000000000000e+00,8.12500000000000000e-01,8.12500000000000000e-01,8.98616932480550634e-01,-3.95749425641871676e-03,-3.95749425641874538e-03,8.98634361051442121e-01,1.38693408144410792e+01
2601,1.18750000000000000e+00,8.12500000000000000e-01,8.12500000000000000e-01,8.94750756931045332e-01,-2.02333651370882996e-03,-2.02333651370881088e-03,8.94755332373031398e-01,1.35134095383488297e+01
2602,1.31250000000000000e+00,8.12500000000000000e-01,8.12500000000000000e-01,8.92655019864468047e-01,-1.03514910103690949e-03,-1.03514910103682622e-03,8.92656220253103205e-01,1.31599745422638463e+01
2603,1.43750000000000000e+00,8.12500000000000000e-01,8.12500000000000000e-01,8.91531523684605198e-01,-5.30800855731428426e-04,-5.30800855731650254e-04,8.91531839713249230e-01,1.28077979395966040e+01
2604,1.56250000000000000e+00,8.12500000000000000e-01,8.12500000000000000e-01,8.90933196494918644e-01,-2.73288862979396497e-04,-2.73288862979393407e-04,8.90933280324771926e-01,1.24562583435372805e+01
2605,1.68750000000000000e+00,8.12500000000000000e-01,8.12500000000000000e-01,8.90615196398444775e-01,-1.41394242474418509e-04,-1.41394242474574092e-04,8.90615218846221968e-01,1.21050462136718231e+01
2606,1.81250000000000000e+00,8.12500000000000000e-01,8.12500000000000000e-01,8.90446379010702560e-01,-7.35000525635176637e-05,-7.35000525635257681e-05,8.90446385077612201e-01,1.17540031543944021e+01
2607,1.93750000000000000e+00,8.12500000000000000e-01,8.12500000000000000e-01,8.90356849392509142e-01,-3.83728064722628904e-05,-3.83728064724117311e-05,8.90356851046309239e-01,1.14030475872248100e+01
2608,2.06250000000000000e+00,8.12500000000000000e-01,8.12500000000000000e-01,8.90309392498443430e-01,-2.01101368509291236e-05,-2.01101368508153535e-05,8.90309392952687295e-01,1.10521375805658018e+01
2609,2.18750000000000000e+00,8.12500000000000000e-01,8.12500000000000000e-01,8.90284239928982979e-01,-1.05677500592078679e-05,-1.05677500593708489e-05,8.90284240054423082e-01,1.07012514365540685e+01
2610,2.31250000000000000e+00,8.12500000000000000e-01,8.12500000000000000e-01,8.90270915190648271e-01,-5.56327879978301803e-06,-5.56327879956773783e-06,8.90270915225413018e-01,1.03503778081068614e+01
2611,2.43750000000000000e+00,8.12500000000000000e-01,8.12500000000000000e-01,8.90263860208641122e-01,-2.93212418219527254e-06,-2.93212418235971425e-06,8.90263860218298175e-01,9.99951075744266760e+00
2612,2.56250000000000000e+00,8.12500000000000000e-01,8.12500000000000000e-01,8.90260126944117269e-01,-1.54616108973284814e-06,-1.54616108971832725e-06,8.90260126946802566e-01,9.64864717019506202e+00
2613,2.68750000000000000e+00,8.12500000000000000e-01,8.12500000000000000e-01,8.90258153005108244e-01,-8.15222023770481812e-07,-8.15222023632376478e-07,8.90258153005854758e-01,9.29778540660958441e+00
2614,2.81250000000000000e+00,8.12500000000000000e-01,8.12500000000000000e-01,8.90257110359729098e-01,-4.29567534436485662e-07,-4.29567534004823961e-07,8.90257110359936377e-01,8.94692460275270385e+00
2615,2.93750000000000000e+00,8.12500000000000000e-01,8.12500000000000000e-01,8.90256560251482476e-01,-2.26126646524299323e-07,-2.26126646102522231e-07,8.90256560251539986e-01,8.59606430368643082e+00
2616,3.06250000000000000e+00,8.12500000000000000e-01,8.12500000000000000e-01,8.90256270377379422e-01,-1.18872833357471659e-07,-1.18872832668799647e-07,8.90256270377395298e-01,8.24520426985367116e+00
2617,3.18750000000000000e+00,8.12500000000000000e-01,8.12500000000000000e-01,8.90256117854984819e-01,-6.23834654391755216e-08,-6.23834650062995589e-08,8.90256117854989149e-01,7.89434437516902321e+00
2618,3.31250000000000000e+00,8.12500000000000000e-01,8.12500000000000000e-01,8.90256037740490891e-01,-3.26689884940410546e-08,-3.26689880535992679e-08,8.90256037740492112e-01,7.54348455335391854e+00
2619,3.43750000000000000e+00,8.12500000000000000e-01,8.12500000000000000e-01,8.90255995746568995e-01,-1.70624356242650561e-08,-1.70624355130956049e-08,8.90255995746569329e-01,7.19262476961998765e+00
2620,3.56250000000000000e+00,8.12500000000000000e-01,8.12500000000000000e-01,8.90255973792550503e-01,-8.88018401672804692e-09,-8.88018413518676430e-09,8.90255973792550614e-01,6.84176500573561874e+00
2621,3.68750000000000000e+00,8.12500000000000000e-01,8.12500000000000000e-01,8.90255962355813169e-01,-4.59946191476478220e-09,-4.59946245271841960e-09,8.90255962355813169e-01,6.49090525216285652e+00
2622,3.81250000000000000e+00,8.12500000000000000e-01,8.12500000000000000e-01,8.90255956427449813e-01,-2.36585446619736667e-09,-2.36585508721709288e-09,8.90255956427449813e-01,6.14004550392248838e+00
2623,3.93750000000000000e+00,8.12500000000000000e-01,8.12500000000000000e-01,8.90255953376450915e-01,-1.20451688507873392e-09,-1.20451765844083714e-09,8.90255953376450915e-01,5.78918575842162486e+00
2624,4.06250000000000000e+00,8.12500000000000000e-01,8.12500000000000000e-01,8.90255951822998215e-01,-6.03711702107076968e-10,-6.03712193644631617e-10,8.90255951822998215e-01,5.43832601431452556e+00
2625,4.18750000000000000e+00,8.12500000000000000e-01,8.12500000000000000e-01,8.90255951044844784e-01,-2.95192306535727935e-10,-2.95193079331365830e-10,8.90255951044844784e-01,5.08746627090586045e+00
2626,4.31250000000000000e+00,8.12500000000000000e-01,8.12500000000000000e-01,8.90255950664882501e-01,-1.38555263251455794e-10,-1.38555666441740093e-10,8.90255950664882501e-01,4.73660652783887492e+00
2627,4.43750000000000000e+00,8.12500000000000000e-01,8.12500000000000000e-01,8.90255950486953940e-01,-6.04326752981768243e-11,-6.04328713771653059e-11,8.90255950486953940e-01,4.38574678493235215e+00
2628,4.56250000000000000e+00,8.12500000000000000e-01,8.12500000000000000e-01,8.90255950409516994e-01,-2.26365972336097174e-11,-2.26364339336371786e-11,8.90255950409516994e-01,4.03488704209551496e+00
2629,4.68750000000000000e+00,8.12500000000000000e-01,8.12500000000000000e-01,8.90255950380284378e-01,-5.49710387708500152e-12,-5.49676978099114163e-12,8.90255950380284378e-01,3.68402729928394246e+00
2630,4.81250000000000000e+00,8.12500000000000000e-01,8.12500000000000000e-01,8.90255950373080585e-01,1.31821836911237910e-12,1.31869566639155596e-12,8.90255950373080585e-01,3.33316755647749829e+00
2631,4.93750000000000000e+00,8.12500000000000000e-01,8.12500000000000000e-01,8.90255950374375771e-01,3.58991364995379349e-12,3.59032370866462211e-12,8.90255950374375771e-01,2.98230781366808628e+00
2632,5.06250000000000000e+00,8.12500000000000000e-01,8.12500000000000000e-01,8.90255950380207328e-01,4.39462697859550300e-12,4.39516820431490761e-12,8.90255950380207328e-01,2.63144807085327237e+00
2633,5.18750000000000000e+00,8.12500000000000000e-01,8.12500000000000000e-01,8.90255950389477246e-01,5.35328881166205576e-12,5.35378164356232873e-12,8.90255950389477246e-01,2.28058832803148759e+00
2634,5.31250000000000000e+00,8.12500000000000000e-01,8.12500000000000000e-01,8.90255950403532004e-01,8.29668226023748032e-12,8.29699734827986173e-12,8.90255950403532004e-01,1.92972858519720192e+00
2635,5.43750000000000000e+00,8.12500000000000000e-01,8.12500000000000000e-01,8.90255950431910636e-01,1.66660841678742409e-11,1.66661561846249774e-11,8.90255950431910636e-01,1.57886884235636393e+00
2636,5.56250000000000000e+00,8.12500000000000000e-01,8.12500000000000000e-01,8.90255950496082415e-01,4.01952442510303442e-11,4.01951319389241325e-11,8.90255950496082415e-01,1.22800909951501858e+00
2637,5.68750000000000000e+00,8.12500000000000000e-01,8.12500000000000000e-01,8.90255950588535239e-01,1.00505469967660553e-10,1.00505272724559211e-10,8.90255950588535239e-01,8.77149356461749297e-01
2638,5.81250000000000000e+00,8.12500000000000000e-01,8.12500000000000000e-01,8.90255950793936823e-01,1.99806282419940486e-10,1.99806060859154562e-10,8.90255950793936823e-01,5.26289613275264356e-01
2639,5.93750000000000000e+00,8.12500000000000000e-01,8.12500000000000000e-01,8.90255951756001029e-01,3.30064990739908089e-10,3.30064697677879746e-10,8.90255951756001029e-01,1.75429872115724333e-01
2640,6.25000000000000000e-02,9.37500000000000000e-01,8.12500000000000000e-01,7.39036762752349974e-01,-9.19059228817602769e-02,-1.43073271762723442e-01,7.58348202643819524e-01,1.94641665009231914e+01
2641,1.87500000000000000e-01,9.37500000000000000e-01,8.12500000000000000e-01,7.45950166504675605e-01,-9.18423707045995658e-02,-1.32854567251784211e-01,7.63234569450737865e-01,1.76111121874549319e+01
2642,3.12500000000000000e-01,9.37500000000000000e-01,8.12500000000000000e-01,6.21304617933824077e-01,-6.24555236347712761e-02,-8.49041650224166555e-02,6.30181591239019290e-01,1.65147616502307173e+01
2643,4.37500000000000000e-01,9.37500000000000000e-01,8.12500000000000000e-01,5.05359324658324782e-01,-3.53021233265384121e-02,-4.69288785708632111e-02,5.08759871230425431e-01,1.58956097111968955e+01
2644,5.62500000000000000e-01,9.37500000000000000e-01,8.12500000000000000e-01,4.47243594648726484e-01,-1.84312244226031464e-02,-2.46939783987503644e-02,4.48303842898082505e-01,1.54018784118696086e+01
2645,6.87500000000000000e-01,9.37500000000000000e-01,8.12500000000000000e-01,4.16964168266626523e-01,-9.33484325534676869e-03,-1.26917811001141228e-02,4.17261714304553388e-01,1.49763758792857331e+01
2646,8.12500000000000000e-01,9.37500000000000000e-01,8.12500000000000000e-01,4.00377062904977710e-01,-4.66665563551249812e-03,-6.42075639422771266e-03,4.00455735741056584e-01,1.45911741009529372e+01
2647,9.37500000000000000e-01,9.37500000000000000e-01,8.12500000000000000e-01,3.91707667559690831e-01,-2.30967090738775369e-03,-3.21372499296583049e-03,3.91727659775365000e-01,1.42245000541359943e+01
2648,1.06250000000000000e+00,9.37500000000000000e-01,8.12500000000000000e-01,3.87292631381591868e-01,-1.14065713656946776e-03,-1.60447467248637978e-03,3.87297634591479867e-01,1.38660752522609698e+01
2649,1.18750000000000000e+00,9.37500000000000000e-01,8.12500000000000000e-01,3.85032986928148913e-01,-5.65649061519226011e-04,-8.02786755117538588e-04,3.85034239319371530e-01,1.35115781452685013e+01
2650,1.31250000000000000e+00,9.37500000000000000e-01,8.12500000000000000e-01,3.83872149205508884e-01,-2.81924332677532623e-04,-4.03147298323543895e-04,3.83872464426311732e-01,1.31589670930963987e+01
2651,1.43750000000000000e+00,9.37500000000000000e-01,8.12500000000000000e-01,3.83276263960010022e-01,-1.41339195130862433e-04,-2.03584572477742194e-04,3.83276344089469589e-01,1.28072506029250093e+01
2652,1.56250000000000000e+00,9.37500000000000000e-01,8.12500000000000000e-01,3.82969538281992983e-01,-7.14079012855460625e-05,-1.03572272430707351e-04,3.82969558944607102e-01,1.24559641808188672e+01
2653,1.68750000000000000e+00,9.37500000000000000e-01,8.12500000000000000e-01,3.82810765517569596e-01,-3.63829065408972525e-05,-5.31068801212996954e-05,3.82810770930239408e-01,1.21048891726303527e+01
2654,1.81250000000000000e+00,9.37500000000000000e-01,8.12500000000000000e-01,3.82728165867860515e-01,-1.86834714316308008e-05,-2.74277201460384274e-05,3.82728167306677969e-01,1.17539196040671996e+01
2655,1.93750000000000000e+00,9.37500000000000000e-01,8.12500000000000000e-01,3.82685019161705831e-01,-9.66270286325637119e-06,-1.42552343818551937e-05,3.82685019549204031e-01,1.14030032434978725e+01
2656,2.06250000000000000e+00,9.37500000000000000e-01,8.12500000000000000e-01,3.82662397564135726e-01,-5.02854020582591584e-06,-7.44810458748752391e-06,3.82662397669660204e-01,1.10521140868034244e+01
2657,2.18750000000000000e+00,9.37500000000000000e-01,8.12500000000000000e-01,3.82650501213567473e-01,-2.62897612041464373e-06,-3.90598767426645150e-06,3.82650501242534191e-01,1.07012389976121387e+01
2658,2.31250000000000000e+00,9.37500000000000000e-01,8.12500000000000000e-01,3.82644233977955939e-01,-1.37890795059164370e-06,-2.05321301888759872e-06,3.82644233985949100e-01,1.03503712262880612e+01
2659,2.43750000000000000e+00,9.37500000000000000e-01,8.12500000000000000e-01,3.82640929010614472e-01,-7.24865571215618463e-07,-1.08078001827638180e-06,3.82640929012827424e-01,9.99950727711398990e+00
2660,2.56250000000000000e+00,9.37500000000000000e-01,8.12500000000000000e-01,3.82639185320454545e-01,-3.81529662847350949e-07,-5.69222187740295470e-07,3.82639185321068165e-01,9.64864533063862773e+00
2661,2.68750000000000000e+00,9.37500000000000000e-01,8.12500000000000000e-01,3.82638265471896111e-01,-2.00886861137623018e-07,-2.99742484292775158e-07,3.82638265472066252e-01,9.29778443467685101e+00
2662,2.81250000000000000e+00,9.37500000000000000e-01,8.12500000000000000e-01,3.82637780545462991e-01,-1.05735636934800309e-07,-1.57721787979076870e-07,3.82637780545510120e-01,8.94692408953474327e+00
2663,2.93750000000000000e+00,9.37500000000000000e-01,8.12500000000000000e-01,3.82637525161856229e-01,-5.56031497203834258e-08,-8.28943197597449250e-08,3.82637525161869274e-01,8.59606403289891752e+00
2664,3.06250000000000000e+00,9.37500000000000000e-01,8.12500000000000000e-01,3.82637390843666603e-01,-2.91995262625077472e-08,-4.34993780320547238e-08,3.82637390843670211e-01,8.24520412711675199e+00
2665,3.18750000000000000e+00,9.37500000000000000e-01,8.12500000000000000e-01,3.82637320315806329e-01,-1.53056708905626377e-08,-2.27825501925979099e-08,3.82637320315807328e-01,7.89434430002444021e+00
2666,3.31250000000000000e+00,9.37500000000000000e-01,8.12500000000000000e-01,3.82637283357113112e-01,-8.00416976844716867e-09,-1.19039464911494650e-08,3.82637283357113389e-01,7.54348451386044250e+00
2667,3.43750000000000000e+00,9.37500000000000000e-01,8.12500000000000000e-01,3.82637264037313907e-01,-4.17338471881223342e-09,-6.20128154912931712e-09,3.82637264037313962e-01,7.19262474891117431e+00
2668,3.56250000000000000e+00,9.37500000000000000e-01,8.12500000000000000e-01,3.82637253969954350e-01,-2.16746090648736843e-09,-3.21781746102155132e-09,3.82637253969954350e-01,6.84176499491125600e+00
2669,3.68750000000000000e+00,9.37500000000000000e-01,8.12500000000000000e-01,3.82637248746288572e-01,-1.11955998864463537e-09,-1.66063552286276774e-09,3.82637248746288572e-01,6.49090524653059830e+00
2670,3.81250000000000000e+00,9.37500000000000000e-01,8.12500000000000000e-01,3.82637246052165425e-01,-5.73750903855184315e-10,-8.50288159425174242e-10,3.82637246052165425e-01,6.14004550101095248e+00
2671,3.93750000000000000e+00,9.37500000000000000e-01,8.12500000000000000e-01,3.82637244674896737e-01,-2.90583838946781105e-10,-4.30260656961151754e-10,3.82637244674896737e-01,5.78918575693093551e+00
2672,4.06250000000000000e+00,9.37500000000000000e-01,8.12500000000000000e-01,3.82637243980181563e-01,-1.44499548358523228e-10,-2.13777853927846637e-10,3.82637243980181563e-01,5.43832601356211676e+00
2673,4.18750000000000000e+00,9.37500000000000000e-01,8.12500000000000000e-01,3.82637243636995583e-01,-6.97626188619628843e-11,-1.03143944651246826e-10,3.82637243636995583e-01,5.08746627053419864e+00
2674,4.31250000000000000e+00,9.37500000000000000e-01,8.12500000000000000e-01,3.82637243473109678e-01,-3.20133827388248261e-11,-4.73397111518442164e-11,3.82637243473109678e-01,4.73660652766124457e+00
2675,4.43750000000000000e+00,9.37500000000000000e-01,8.12500000000000000e-01,3.82637243399325644e-01,-1.33338366051514487e-11,-1.97738573475668923e-11,3.82637243399325644e-01,4.38574678485169489e+00
2676,4.56250000000000000e+00,9.37500000000000000e-01,8.12500000000000000e-01,3.82637243369697733e-01,-4.44039997804370591e-12,-6.66283799612039163e-12,3.82637243369697733e-01,4.03488704206184856e+00
2677,4.68750000000000000e+00,9.37500000000000000e-01,8.12500000000000000e-01,3.82637243360768153e-01,-5.69162435577533265e-13,-9.16571778529977932e-13,3.82637243360768153e-01,3.68402729927233619e+00
2678,4.81250000000000000e+00,9.37500000000000000e-01,8.12500000000000000e-01,3.82637243360529455e-01,8.29695433561049510e-13,1.23786444504748154e-12,3.82637243360529455e-01,3.33316755647601015e+00
2679,4.93750000000000000e+00,9.37500000000000000e-01,8.12500000000000000e-01,3.82637243363324664e-01,1.12772376631433954e-12,1.88080806377646008e-12,3.82637243363324664e-01,2.98230781367165010e+00
2680,5.06250000000000000e+00,9.37500000000000000e-01,8.12500000000000000e-01,3.82637243367234647e-01,1.02300367038107686e-12,2.11205370129186971e-12,3.82637243367234647e-01,2.63144807086097421e+00
2681,5.18750000000000000e+00,9.37500000000000000e-01,8.12500000000000000e-01,3.82637243371794444e-01,8.54434683763156961e-13,2.58400476010872204e-12,3.82637243371794444e-01,2.28058832804549549e+00
2682,5.31250000000000000e+00,9.37500000000000000e-01,8.12500000000000000e-01,3.82637243377433489e-01,1.02877121628352348e-12,4.15229933083338673e-12,3.82637243377433489e-01,1.92972858522538049e+00
2683,5.43750000000000000e+00,9.37500000000000000e-01,8.12500000000000000e-01,3.82637243389186477e-01,2.38654105756160154e-12,8.49184701649317634e-12,3.82637243389186477e-01,1.57886884241515690e+00
2684,5.56250000000000000e+00,9.37500000000000000e-01,8.12500000000000000e-01,3.82637243419026662e-01,7.66394214471142579e-12,1.99489160645625009e-11,3.82637243419026662e-01,1.22800909963094673e+00
2685,5.68750000000000000e+00,9.37500000000000000e-01,8.12500000000000000e-01,3.82637243455627940e-01,2.25249320685251159e-11,4.70009414630507951e-11,3.82637243455627940e-01,8.77149356717178863e-01
2686,5.81250000000000000e+00,9.37500000000000000e-01,8.12500000000000000e-01,3.82637243561201990e-01,4.83040910381268290e-11,8.81974895704872441e-11,3.82637243561201990e-01,5.26289613884383556e-01
2687,5.93750000000000000e+00,9.37500000000000000e-01,8.12500000000000000e-01,3.82637244166256885e-01,9.10652194283662479e-11,1.38927578041929103e-10,3.82637244166256885e-01,1.75429872693479344e-01
2688,6.25000000000000000e-02,6.25000000000000000e-02,9.37500000000000000e-01,5.80354551713766487e-01,6.48763509988245779e-02,-6.48763509988261183e-02,5.87562156314319184e-01,2.05909771816845044e+01
2689,1.87500000000000000e-01,6.25000000000000000e-02,9.37500000000000000e-01,5.46473304658389725e-01,5.76012056686344420e-02,-5.76012056686335955e-02,5.52511421142786729e-01,1.80142522937085729e+01
2690,3.12500000000000000e-01,6.25000000000000000e-02,9.37500000000000000e-01,3.87479294358228588e-01,3.42077646099640670e-02,-3.42077646099644347e-02,3.90487574546965810e-01,1.66502616857092107e+01
2691,4.37500000000000000e-01,6.25000000000000000e-02,9.37500000000000000e-01,2.76333569321475458e-01,1.76309657148480022e-02,-1.76309657148479050e-02,2.77456200936333330e-01,1.59417003531892192e+01
2692,5.62500000000000000e-01,6.25000000000000000e-02,9.37500000000000000e-01,2.28359813380796972e-01,8.71673438068521281e-03,-8.71673438068524056e-03,2.28692298260871174e-01,1.54162583435914726e+01
2693,6.87500000000000000e-01,6.25000000000000000e-02,9.37500000000000000e-01,2.05286643666748203e-01,4.27327376605840265e-03,-4.27327376605840786e-03,2.05375577431489681e-01,1.49807089589897249e+01
2694,8.12500000000000000e-01,6.25000000000000000e-02,9.37500000000000000e-01,1.93538606368132693e-01,2.07880458369251670e-03,-2.07880458369253448e-03,1.93560933589175949e-01,1.45920787895828106e+01
2695,9.37500000000000000e-01,6.25000000000000000e-02,9.37500000000000000e-01,1.87796665716975120e-01,1.00272325284503209e-03,-1.00272325284516350e-03,1.87802019590463637e-01,1.42243425022072500e+01
2696,1.06250000000000000e+00,6.25000000000000000e-02,9.37500000000000000e-01,1.85032652581533369e-01,4.83811218375797812e-04,-4.83811218375824320e-04,1.85033917614983445e-01,1.38657447685013189e+01
2697,1.18750000000000000e+00,6.25000000000000000e-02,9.37500000000000000e-01,1.83686412632070001e-01,2.34851435696913476e-04,-2.34851435696910440e-04,1.83686712900070104e-01,1.35113098150406170e+01
2698,1.31250000000000000e+00,6.25000000000000000e-02,9.37500000000000000e-01,1.83024996027985332e-01,1.14768181858392518e-04,-1.14768181858376932e-04,1.83025067994838309e-01,1.31587869501249539e+01
2699,1.43750000000000000e+00,6.25000000000000000e-02,9.37500000000000000e-01,1.82698470533165347e-01,5.65449999107042907e-05,-5.65449999107007874e-05,1.82698488033787271e-01,1.28071400310295758e+01
2700,1.56250000000000000e+00,6.25000000000000000e-02,9.37500000000000000e-01,1.82535863367577961e-01,2.81533144815639857e-05,-2.81533144816207470e-05,1.82535867709788274e-01,1.24558999668368813e+01
2701,1.68750000000000000e+00,6.25000000000000000e-02,9.37500000000000000e-01,1.82453954351644354e-01,1.41761533597684823e-05,-1.41761533597598375e-05,1.82453955453091121e-01,1.21048530840565256e+01
2702,1.81250000000000000e+00,6.25000000000000000e-02,9.37500000000000000e-01,1.82412257266866329e-01,7.21379323980354544e-06,-7.21379323978741708e-06,1.82412257552147655e-01,1.17538997191580616e+01
2703,1.93750000000000000e+00,6.25000000000000000e-02,9.37500000000000000e-01,1.82390836519524646e-01,3.70581238001571264e-06,-3.70581238000752014e-06,1.82390836594819222e-01,1.14029924353801970e+01
2704,2.06250000000000000e+00,6.25000000000000000e-02,9.37500000000000000e-01,1.82379743185122872e-01,1.91929704136948694e-06,-1.91929704135729263e-06,1.82379743205320827e-01,1.10521082685619376e+01
2705,2.18750000000000000e+00,6.25000000000000000e-02,9.37500000000000000e-01,1.82373960734863616e-01,1.00010631949152868e-06,-1.00010631952395056e-06,1.82373960740348035e-01,1.07012358833772900e+01
2706,2.31250000000000000e+00,6.25000000000000000e-02,9.37500000000000000e-01,1.82370933467073421e-01,5.23322082009920224e-07,-5.23322082108750122e-07,1.82370933468575108e-01,1.03503695654167167e+01
2707,2.43750000000000000e+00,6.25000000000000000e-02,9.37500000000000000e-01,1.82369344220034313e-01,2.74599362668474430e-07,-2.74599362685335362e-07,1.82369344220447788e-01,9.99950639368693750e+00
2708,2.56250000000000000e+00,6.25000000000000000e-02,9.37500000000000000e-01,1.82368508516189520e-01,1.44311013413368696e-07,-1.44311013421088025e-07,1.82368508516303707e-01,9.64864486151606471e+00
2709,2.68750000000000000e+00,6.25000000000000000e-02,9.37500000000000000e-01,1.82368068804860728e-01,7.58739349808893328e-08,-7.58739350717975144e-08,1.82368068804892286e-01,9.29778418579891053e+00
2710,2.81250000000000000e+00,6.25000000000000000e-02,9.37500000000000000e-01,1.82367837519949588e-01,3.98761918461770044e-08,-3.98761918686510054e-08,1.82367837519958303e-01,8.94692395759477677e+00
2711,2.93750000000000000e+00,6.25000000000000000e-02,9.37500000000000000e-01,1.82367715980043255e-01,2.09355656724466984e-08,-2.09355657083713443e-08,1.82367715980045642e-01,8.59606396299725617e+00
2712,3.06250000000000000e+00,6.25000000000000000e-02,9.37500000000000000e-01,1.82367652202651748e-01,1.09741293138804838e-08,-1.09741293041113402e-08,1.82367652202652414e-01,8.24520409010737332e+00
2713,3.18750000000000000e+00,6.25000000000000000e-02,9.37500000000000000e-01,1.82367618799209597e-01,5.74051518522684715e-09,-5.74051521269046109e-09,1.82367618799209791e-01,7.89434428044667502e+00
2714,3.31250000000000000e+00,6.25000000000000000e-02,9.37500000000000000e-01,1.82367601345333419e-01,2.99495831416252989e-09,-2.99495834242231965e-09,1.82367601345333447e-01,7.54348450351693867e+00
2715,3.43750000000000000e+00,6.25000000000000000e-02,9.37500000000000000e-01,1.82367592251972577e-01,1.55731653174933501e-09,-1.55731655777441445e-09,1.82367592251972577e-01,7.19262474345653224e+00
2716,3.56250000000000000e+00,6.25000000000000000e-02,9.37500000000000000e-01,1.82367587532109104e-01,8.06186091089723333e-10,-8.06186085312881395e-10,1.82367587532109104e-01,6.84176499204259159e+00
2717,3.68750000000000000e+00,6.25000000000000000e-02,9.37500000000000000e-01,1.82367585094641793e-01,4.14776219178913282e-10,-4.14776201965001012e-10,1.82367585094641793e-01,6.49090524502793365e+00
2718,3.81250000000000000e+00,6.25000000000000000e-02,9.37500000000000000e-01,1.82367583844852410e-01,2.11491216206204820e-10,-2.11491130526105253e-10,1.82367583844852410e-01,6.14004550022838202e+00
2719,3.93750000000000000e+00,6.25000000000000000e-02,9.37500000000000000e-01,1.82367583210789941e-01,1.06383000388607912e-10,-1.06382991264117735e-10,1.82367583210789941e-01,5.78918575652678058e+00
2720,4.06250000000000000e+00,6.25000000000000000e-02,9.37500000000000000e-01,1.82367582894301161e-01,5.23817261660848184e-11,-5.23816855768565865e-11,1.82367582894301161e-01,5.43832601335589594e+00
2721,4.18750000000000000e+00,6.25000000000000000e-02,9.37500000000000000e-01,1.82367582740378176e-01,2.49013014192561711e-11,-2.49012393799469099e-11,1.82367582740378176e-01,5.08746627043076849e+00
2722,4.31250000000000000e+00,6.25000000000000000e-02,9.37500000000000000e-01,1.82367582668727074e-01,1.11217474404320439e-11,-1.11217154258271065e-11,1.82367582668727074e-01,4.73660652761059975e+00
2723,4.43750000000000000e+00,6.25000000000000000e-02,9.37500000000000000e-01,1.82367582637976616e-01,4.37912456989806372e-12,-4.37906469554235519e-12,1.82367582637976616e-01,4.38574678482766167e+00
2724,4.56250000000000000e+00,6.25000000000000000e-02,9.37500000000000000e-01,1.82367582626931340e-01,1.23490582513964070e-12,-1.23486591669958954e-12,1.82367582626931340e-01,4.03488704205092841e+00
2725,4.68750000000000000e+00,6.25000000000000000e-02,9.37500000000000000e-01,1.82367582624834018e-01,-7.91675879053046674e-14,7.92047237297577245e-14,1.82367582624834018e-01,3.68402729926782202e+00
2726,4.81250000000000000e+00,6.25000000000000000e-02,9.37500000000000000e-01,1.82367582626135116e-01,-5.10142553733355843e-13,5.10156980770056413e-13,1.82367582626135116e-01,3.33316755647475960e+00
2727,4.93750000000000000e+00,6.25000000000000000e-02,9.37500000000000000e-01,1.82367582628429115e-01,-5.59900086623330841e-13,5.59929781518031654e-13,1.82367582628429115e-01,2.98230781367245656e+00
2728,5.06250000000000000e+00,6.25000000000000000e-02,9.37500000000000000e-01,1.82367582630766245e-01,-4.78381468524603852e-13,4.78402656718583357e-13,1.82367582630766245e-01,2.63144807086381238e+00
2729,5.18750000000000000e+00,6.25000000000000000e-02,9.37500000000000000e-01,1.82367582632932679e-01,-3.91587297130812223e-13,3.91618347520715954e-13,1.82367582632932679e-01,2.28058832805181755e+00
2730,5.31250000000000000e+00,6.25000000000000000e-02,9.37500000000000000e-01,1.82367582634863412e-01,-4.63327084527836097e-13,4.63355535225614304e-13,1.82367582634863412e-01,1.92972858523994395e+00
2731,5.43750000000000000e+00,6.25000000000000000e-02,9.37500000000000000e-01,1.82367582639096498e-01,-1.12001313251610472e-12,1.12003030907394998e-12,1.82367582639096498e-01,1.57886884244532144e+00
2732,5.56250000000000000e+00,6.25000000000000000e-02,9.37500000000000000e-01,1.82367582651773524e-01,-3.50666771916996111e-12,3.50668668727728362e-12,1.82367582651773524e-01,1.22800909968270355e+00
2733,5.68750000000000000e+00,6.25000000000000000e-02,9.37500000000000000e-01,1.82367582661981220e-01,-9.20372547020429339e-12,9.20373613139010140e-12,1.82367582661981220e-01,8.77149356839006300e-01
2734,5.81250000000000000e+00,6.25000000000000000e-02,9.37500000000000000e-01,1.82367582708895942e-01,-1.88964842837373613e-11,1.88965179945071011e-11,1.82367582708895942e-01,5.26289614192160915e-01
2735,5.93750000000000000e+00,6.25000000000000000e-02,9.37500000000000000e-01,1.82367583073351630e-01,-3.97732923267034122e-11,3.97732471286020306e-11,1.82367583073351630e-01,1.75429872846693563e-01
2736,6.25000000000000000e-02,1.87500000000000000e-01,9.37500000000000000e-01,7.39036762752349863e-01,1.43073271762723969e-01,-9.19059228817602214e-02,7.58348202643819413e-01,1.94641665009231914e+01
2737,1.87500000000000000e-01,1.87500000000000000e-01,9.37500000000000000e-01,7.45950166504675605e-01,1.32854567251784045e-01,-9.18423707045998294e-02,7.63234569450737976e-01,1.76111121874549319e+01
2738,3.12500000000000000e-01,1.87500000000000000e-01,9.37500000000000000e-01,6.21304617933823966e-01,8.49041650224164612e-02,-6.24555236347708945e-02,6.30181591239019068e-01,1.65147616502307137e+01
2739,4.37500000000000000e-01,1.87500000000000000e-01,9.37500000000000000e-01,5.05359324658324782e-01,4.69288785708633846e-02,-3.53021233265388076e-02,5.08759871230425431e-01,1.58956097111968955e+01
2740,5.62500000000000000e-01,1.87500000000000000e-01,9.37500000000000000e-01,4.47243594648726484e-01,2.46939783987502291e-02,-1.84312244226026052e-02,4.48303842898082505e-01,1.54018784118696068e+01
2741,6.87500000000000000e-01,1.87500000000000000e-01,9.37500000000000000e-01,4.16964168266626578e-01,1.26917811001142165e-02,-9.33484325534744523e-03,4.17261714304553444e-01,1.49763758792857349e+01
2742,8.12500000000000000e-01,1.87500000000000000e-01,9.37500000000000000e-01,4.00377062904977765e-01,6.42075639422748368e-03,-4.66665563551181203e-03,4.00455735741056640e-01,1.45911741009529372e+01
2743,9.37500000000000000e-01,1.87500000000000000e-01,9.37500000000000000e-01,3.91707667559690720e-01,3.21372499296588947e-03,-2.30967090738842980e-03,3.91727659775364945e-01,1.42245000541359961e+01
2744,1.06250000000000000e+00,1.87500000000000000e-01,9.37500000000000000e-01,3.87292631381592034e-01,1.60447467248622366e-03,-1.14065713656914510e-03,3.87297634591480033e-01,1.38660752522609680e+01
2745,1.18750000000000000e+00,1.87500000000000000e-01,9.37500000000000000e-01,3.85032986928148802e-01,8.02786755117678883e-04,-5.65649061519425287e-04,3.85034239319371419e-01,1.35115781452685031e+01
2746,1.31250000000000000e+00,1.87500000000000000e-01,9.37500000000000000e-01,3.83872149205509050e-01,4.03147298323555984e-04,-2.81924332677796952e-04,3.83872464426311899e-01,1.31589670930963987e+01
2747,1.43750000000000000e+00,1.87500000000000000e-01,9.37500000000000000e-01,3.83276263960009633e-01,2.03584572477766290e-04,-1.41339195130221941e-04,3.83276344089469201e-01,1.28072506029250093e+01
2748,1.56250000000000000e+00,1.87500000000000000e-01,9.37500000000000000e-01,3.82969538281992983e-01,1.03572272430823293e-04,-7.14079012864550982e-05,3.82969558944607102e-01,1.24559641808188690e+01
2749,1.68750000000000000e+00,1.87500000000000000e-01,9.37500000000000000e-01,3.82810765517569873e-01,5.31068801210486145e-05,-3.63829065399945458e-05,3.82810770930239741e-01,1.21048891726303509e+01
2750,1.81250000000000000e+00,1.87500000000000000e-01,9.37500000000000000e-01,3.82728165867860681e-01,2.74277201463501694e-05,-1.86834714325838857e-05,3.82728167306678135e-01,1.17539196040672032e+01
2751,1.93750000000000000e+00,1.87500000000000000e-01,9.37500000000000000e-01,3.82685019161705720e-01,1.42552343816375469e-05,-9.66270286228465330e-06,3.82685019549203920e-01,1.14030032434978708e+01
2752,2.06250000000000000e+00,1.87500000000000000e-01,9.37500000000000000e-01,3.82662397564135615e-01,7.44810458781655131e-06,-5.02854020667028487e-06,3.82662397669660037e-01,1.10521140868034262e+01
2753,2.18750000000000000e+00,1.87500000000000000e-01,9.37500000000000000e-01,3.82650501213567584e-01,3.90598767442563525e-06,-2.62897611998452845e-06,3.82650501242534302e-01,1.07012389976121369e+01
2754,2.31250000000000000e+00,1.87500000000000000e-01,9.37500000000000000e-01,3.82644233977955661e-01,2.05321301913172675e-06,-1.37890795081597763e-06,3.82644233985948823e-01,1.03503712262880629e+01
2755,2.43750000000000000e+00,1.87500000000000000e-01,9.37500000000000000e-01,3.82640929010614361e-01,1.08078001850380147e-06,-7.24865570905620286e-07,3.82640929012827313e-01,9.99950727711398990e+00
2756,2.56250000000000000e+00,1.87500000000000000e-01,9.37500000000000000e-01,3.82639185320453878e-01,5.69222187902367284e-07,-3.81529662796575506e-07,3.82639185321067499e-01,9.64864533063862773e+00
2757,2.68750000000000000e+00,1.87500000000000000e-01,9.37500000000000000e-01,3.82638265471895556e-01,2.99742484483796917e-07,-2.00886861213528366e-07,3.82638265472065697e-01,9.29778443467685101e+00
2758,2.81250000000000000e+00,1.87500000000000000e-01,9.37500000000000000e-01,3.82637780545462325e-01,1.57721788059994960e-07,-1.05735636847091053e-07,3.82637780545509454e-01,8.94692408953474327e+00
2759,2.93750000000000000e+00,1.87500000000000000e-01,9.37500000000000000e-01,3.82637525161855563e-01,8.28943199499967438e-08,-5.56031498480490389e-08,3.82637525161868552e-01,8.59606403289891574e+00
2760,3.06250000000000000e+00,1.87500000000000000e-01,9.37500000000000000e-01,3.82637390843665992e-01,4.34993781236441780e-08,-2.91995262125563515e-08,3.82637390843669600e-01,8.24520412711675199e+00
2761,3.18750000000000000e+00,1.87500000000000000e-01,9.37500000000000000e-01,3.82637320315806051e-01,2.27825501401746570e-08,-1.53056704990456858e-08,3.82637320315807050e-01,7.89434430002444021e+00
2762,3.31250000000000000e+00,1.87500000000000000e-01,9.37500000000000000e-01,3.82637283357113056e-01,1.19039463242360210e-08,-8.00417009120275521e-09,3.82637283357113278e-01,7.54348451386044516e+00
2763,3.43750000000000000e+00,1.87500000000000000e-01,9.37500000000000000e-01,3.82637264037314073e-01,6.20128116637085213e-09,-4.17338413477384368e-09,3.82637264037314184e-01,7.19262474891117520e+00
2764,3.56250000000000000e+00,1.87500000000000000e-01,9.37500000000000000e-01,3.82637253969954849e-01,3.21781731390519305e-09,-2.16746143802110820e-09,3.82637253969954849e-01,6.84176499491125956e+00
2765,3.68750000000000000e+00,1.87500000000000000e-01,9.37500000000000000e-01,3.82637248746289405e-01,1.66063509067810551e-09,-1.11955954143000154e-09,3.82637248746289405e-01,6.49090524653059830e+00
2766,3.81250000000000000e+00,1.87500000000000000e-01,9.37500000000000000e-01,3.82637246052166202e-01,8.50287875674565492e-10,-5.73751238280037305e-10,3.82637246052166202e-01,6.14004550101095337e+00
2767,3.93750000000000000e+00,1.87500000000000000e-01,9.37500000000000000e-01,3.82637244674897570e-01,4.30260412297482093e-10,-2.90583514450602134e-10,3.82637244674897570e-01,5.78918575693093462e+00
2768,4.06250000000000000e+00,1.87500000000000000e-01,9.37500000000000000e-01,3.82637243980182451e-01,2.13777999779083626e-10,-1.44499920909516798e-10,3.82637243980182451e-01,5.43832601356211764e+00
2769,4.18750000000000000e+00,1.87500000000000000e-01,9.37500000000000000e-01,3.82637243636996194e-01,1.03143897629914127e-10,-6.97625408352818443e-11,3.82637243636996194e-01,5.08746627053419687e+00
2770,4.31250000000000000e+00,1.87500000000000000e-01,9.37500000000000000e-01,3.82637243473109956e-01,4.73398582931652267e-11,-3.20135493913684688e-11,3.82637243473109956e-01,4.73660652766124457e+00
2771,4.43750000000000000e+00,1.87500000000000000e-01,9.37500000000000000e-01,3.82637243399325921e-01,1.97742006389078310e-11,-1.33339461903436300e-11,3.82637243399325921e-01,4.38574678485169311e+00
2772,4.56250000000000000e+00,1.87500000000000000e-01,9.37500000000000000e-01,3.82637243369697455e-01,6.66311282133502270e-12,-4.44031396443444623e-12,3.82637243369697455e-01,4.03488704206184856e+00
2773,4.68750000000000000e+00,1.87500000000000000e-01,9.37500000000000000e-01,3.82637243360767820e-01,9.16829319500668075e-13,-5.69127880397833735e-13,3.82637243360767820e-01,3.68402729927233485e+00
2774,4.81250000000000000e+00,1.87500000000000000e-01,9.37500000000000000e-01,3.82637243360529178e-01,-1.23777660150364377e-12,8.29866961818961301e-13,3.82637243360529178e-01,3.33316755647601060e+00
2775,4.93750000000000000e+00,1.87500000000000000e-01,9.37500000000000000e-01,3.82637243363324553e-01,-1.88069384925289227e-12,1.12775656844287898e-12,3.82637243363324553e-01,2.98230781367165010e+00
2776,5.06250000000000000e+00,1.87500000000000000e-01,9.37500000000000000e-01,3.82637243367234592e-01,-2.11204353113231031e-12,1.02318603648535952e-12,3.82637243367234592e-01,2.63144807086097510e+00
2777,5.18750000000000000e+00,1.87500000000000000e-01,9.37500000000000000e-01,3.82637243371794555e-01,-2.58391989124404492e-12,8.54404388297096747e-13,3.82637243371794555e-01,2.28058832804549638e+00
2778,5.31250000000000000e+00,1.87500000000000000e-01,9.37500000000000000e-01,3.82637243377433878e-01,-4.15235325630619843e-12,1.02908238415016475e-12,3.82637243377433878e-01,1.92972858522538182e+00
2779,5.43750000000000000e+00,1.87500000000000000e-01,9.37500000000000000e-01,3.82637243389187087e-01,-8.49183232117947722e-12,2.38641522715933996e-12,3.82637243389187087e-01,1.57886884241515868e+00
2780,5.56250000000000000e+00,1.87500000000000000e-01,9.37500000000000000e-01,3.82637243419027440e-01,-1.99489951908665507e-11,7.66421559246150697e-12,3.82637243419027440e-01,1.22800909963094762e+00
2781,5.68750000000000000e+00,1.87500000000000000e-01,9.37500000000000000e-01,3.82637243455628495e-01,-4.70008790505251767e-11,2.25247248474480886e-11,3.82637243455628495e-01,8.77149356717180084e-01
2782,5.81250000000000000e+00,1.87500000000000000e-01,9.37500000000000000e-01,3.82637243561202656e-01,-8.81974961484402156e-11,4.83041714375537298e-11,3.82637243561202656e-01,5.26289613884383667e-01
2783,5.93750000000000000e+00,1.87500000000000000e-01,9.37500000000000000e-01,3.82637244166256718e-01,-1.38927341286412853e-10,9.10650329578418845e-11,3.82637244166256718e-01,1.75429872693478345e-01
2784,6.25000000000000000e-02,3.12500000000000000e-01,9.37500000000000000e-01,7.50151347375840660e-01,8.00237060176956227e-02,-9.74055355483332969e-02,7.60669886251620575e-01,1.89361363570464576e+01
2785,1.87500000000000000e-01,3.12500000000000000e-01,9.37500000000000000e-01,7.56106252020265046e-01,8.98991178222049714e-02,-9.88348717576938429e-02,7.67819541041189546e-01,1.73709623390779697e+01
2786,3.12500000000000000e-01,3.12500000000000000e-01,9.37500000000000000e-01,6.68105432440503688e-01,6.71536045327737197e-02,-6.88027657116895841e-02,6.74987626573876009e-01,1.64118865606543949e+01
2787,4.37500000000000000e-01,3.12500000000000000e-01,9.37500000000000000e-01,5.81301790742981495e-01,4.26534900782036472e-02,-4.01427887465284905e-02,5.84245270092276225e-01,1.58447024690427529e+01
2788,5.62500000000000000e-01,3.12500000000000000e-01,9.37500000000000000e-01,5.37891328075336461e-01,2.51047066325442124e-02,-2.16600676423930535e-02,5.38912317213132819e-01,1.53773986291358220e+01
2789,6.87500000000000000e-01,3.12500000000000000e-01,9.37500000000000000e-01,5.15048426473512011e-01,1.40680233508327125e-02,-1.12433693190404811e-02,5.15363177038760223e-01,1.49652699809421286e+01
2790,8.12500000000000000e-01,3.12500000000000000e-01,9.37500000000000000e-01,5.02224813201108899e-01,7.64235525344481720e-03,-5.74900027584746877e-03,5.02315856402005601e-01,1.45862546969779459e+01
2791,9.37500000000000000e-01,3.12500000000000000e-01,9.37500000000000000e-01,4.95369834285787070e-01,4.07473520063249706e-03,-2.91605138026039806e-03,4.95395175130860288e-01,1.42223388861432731e+01
2792,1.06250000000000000e+00,3.12500000000000000e-01,9.37500000000000000e-01,4.91806343801914070e-01,2.15019051357220967e-03,-1.47683407382822370e-03,4.91813261474243646e-01,1.38651192203415992e+01
2793,1.18750000000000000e+00,3.12500000000000000e-01,9.37500000000000000e-01,4.89939453620792775e-01,1.12724537453873187e-03,-7.50622355485703750e-04,4.89941325395496619e-01,1.35111520705211081e+01
2794,1.31250000000000000e+00,3.12500000000000000e-01,9.37500000000000000e-01,4.88957727256501218e-01,5.88931895195702725e-04,-3.83184586694238340e-04,4.88958232076163846e-01,1.31587751583095116e+01
2795,1.43750000000000000e+00,3.12500000000000000e-01,9.37500000000000000e-01,4.88443153413599729e-01,3.07647547199927653e-04,-1.96485285068767488e-04,4.88443289819915416e-01,1.28071619500849163e+01
2796,1.56250000000000000e+00,3.12500000000000000e-01,9.37500000000000000e-01,4.88173349746410468e-01,1.61019479287071766e-04,-1.01282621785360298e-04,4.88173386808491816e-01,1.24559218910794360e+01
2797,1.68750000000000000e+00,3.12500000000000000e-01,9.37500000000000000e-01,4.88031474151390088e-01,8.44953269912571608e-05,-5.24858190292470551e-05,4.88031484288258210e-01,1.21048684155525574e+01
2798,1.81250000000000000e+00,3.12500000000000000e-01,9.37500000000000000e-01,4.87956740757302554e-01,4.44525118823184477e-05,-2.73200492125183507e-05,4.87956743546905269e-01,1.17539091822034649e+01
2799,1.93750000000000000e+00,3.12500000000000000e-01,9.37500000000000000e-01,4.87917339996326804e-01,2.34377989049275499e-05,-1.42754447055177324e-05,4.87917340768095564e-01,1.14029979143004994e+01
2800,2.06250000000000000e+00,3.12500000000000000e-01,9.37500000000000000e-01,4.87896546597939573e-01,1.23783954638163103e-05,-7.48442933445491574e-06,4.87896546812371656e-01,1.10521113266396558e+01
2801,2.18750000000000000e+00,3.12500000000000000e-01,9.37500000000000000e-01,4.87885561488585140e-01,6.54402041643870112e-06,-3.93214148063890395e-06,4.87885561548318358e-01,1.07012375627174876e+01
2802,2.31250000000000000e+00,3.12500000000000000e-01,9.37500000000000000e-01,4.87879757468723474e-01,3.46077233865527633e-06,-2.06864635404485949e-06,4.87879757485383536e-01,1.03503704809880670e+01
2803,2.43750000000000000e+00,3.12500000000000000e-01,9.37500000000000000e-01,4.87876691303085530e-01,1.82989416091724736e-06,-1.08938614507876044e-06,4.87876691307733534e-01,9.99950689066532128e+00
2804,2.56250000000000000e+00,3.12500000000000000e-01,9.37500000000000000e-01,4.87875071646922454e-01,9.66995996260825265e-07,-5.73968137430234149e-07,4.87875071648218417e-01,9.64864513089493059e+00
2805,2.68750000000000000e+00,3.12500000000000000e-01,9.37500000000000000e-01,4.87874216472182598e-01,5.10530613688207076e-07,-3.02377513497191839e-07,4.87874216472543420e-01,9.29778433191103915e+00
2806,2.81250000000000000e+00,3.12500000000000000e-01,9.37500000000000000e-01,4.87873765316075125e-01,2.69218437020450094e-07,-1.59210517015330082e-07,4.87873765316175378e-01,8.94692403693436411e+00
2807,2.93750000000000000e+00,3.12500000000000000e-01,9.37500000000000000e-01,4.87873527548386754e-01,1.41770247258894668e-07,-8.37521380943324633e-08,4.87873527548414565e-01,8.59606400612362265e+00
2808,3.06250000000000000e+00,3.12500000000000000e-01,9.37500000000000000e-01,4.87873402394142730e-01,7.45377768007958640e-08,-4.40009681299277746e-08,4.87873402394150391e-01,8.24520411357221583e+00
2809,3.18750000000000000e+00,3.12500000000000000e-01,9.37500000000000000e-01,4.87873336615594955e-01,3.91179237141850594e-08,-2.30781377297523060e-08,4.87873336615597064e-01,7.89434429322307718e+00
2810,3.31250000000000000e+00,3.12500000000000000e-01,9.37500000000000000e-01,4.87873302106976325e-01,2.04851864084357742e-08,-1.20785046815752627e-08,4.87873302106976880e-01,7.54348451047627577e+00
2811,3.43750000000000000e+00,3.12500000000000000e-01,9.37500000000000000e-01,4.87873284044011202e-01,1.06991054964699828e-08,-6.30416441092505663e-09,4.87873284044011368e-01,7.19262474724799361e+00
2812,3.56250000000000000e+00,3.12500000000000000e-01,9.37500000000000000e-01,4.87873274616856090e-01,5.56856527338397454e-09,-3.27816660678752090e-09,4.87873274616856090e-01,6.84176499410859407e+00
2813,3.68750000000000000e+00,3.12500000000000000e-01,9.37500000000000000e-01,4.87873269716296964e-01,2.88440971651012165e-09,-1.69581075582123454e-09,4.87873269716296964e-01,6.49090524615424158e+00
2814,3.81250000000000000e+00,3.12500000000000000e-01,9.37500000000000000e-01,4.87873267183143611e-01,1.48380909503395025e-09,-8.70639848478216862e-10,4.87873267183143611e-01,6.14004550084308232e+00
2815,3.93750000000000000e+00,3.12500000000000000e-01,9.37500000000000000e-01,4.87873265884525620e-01,7.55536086105022197e-10,-4.41944735562862623e-10,4.87873265884525620e-01,5.78918575686302805e+00
2816,4.06250000000000000e+00,3.12500000000000000e-01,9.37500000000000000e-01,4.87873265227068031e-01,3.78749277447255032e-10,-2.20427744324048210e-10,4.87873265227068031e-01,5.43832601354059531e+00
2817,4.18750000000000000e+00,3.12500000000000000e-01,9.37500000000000000e-01,4.87873264900612169e-01,1.85264299409155192e-10,-1.06889265963605547e-10,4.87873264900612169e-01,5.08746627053293476e+00
2818,4.31250000000000000e+00,3.12500000000000000e-01,9.37500000000000000e-01,4.87873264743495128e-01,8.70461986291759741e-11,-4.94121312909620176e-11,4.87873264743495128e-01,4.73660652766777268e+00
2819,4.43750000000000000e+00,3.12500000000000000e-01,9.37500000000000000e-01,4.87873264671833340e-01,3.80890517620193590e-11,-2.08851600563930538e-11,4.87873264671833340e-01,4.38574678486029512e+00
2820,4.56250000000000000e+00,3.12500000000000000e-01,9.37500000000000000e-01,4.87873264642353199e-01,1.44302813565789242e-11,-7.22868198183260534e-12,4.87873264642353199e-01,4.03488704207006688e+00
2821,4.68750000000000000e+00,3.12500000000000000e-01,9.37500000000000000e-01,4.87873264632855796e-01,3.66661169044314621e-12,-1.21566162331669535e-12,4.87873264632855796e-01,3.68402729927918182e+00
2822,4.81250000000000000e+00,3.12500000000000000e-01,9.37500000000000000e-01,4.87873264631917158e-01,-7.43864627522019835e-13,9.88391808511462948e-13,4.87873264631917158e-01,3.33316755648133034e+00
2823,4.93750000000000000e+00,3.12500000000000000e-01,9.37500000000000000e-01,4.87873264633876147e-01,-2.47318830811323192e-12,1.54464706387913082e-12,4.87873264633876147e-01,2.98230781367601061e+00
2824,5.06250000000000000e+00,3.12500000000000000e-01,9.37500000000000000e-01,4.87873264636790760e-01,-3.54188452781674510e-12,1.56422875650502970e-12,4.87873264636790760e-01,2.63144807086527344e+00
2825,5.18750000000000000e+00,3.12500000000000000e-01,9.37500000000000000e-01,4.87873264640110660e-01,-5.23321440635238621e-12,1.60951652617279126e-12,4.87873264640110660e-01,2.28058832805122425e+00
2826,5.31250000000000000e+00,3.12500000000000000e-01,9.37500000000000000e-01,4.87873264643939375e-01,-9.19666045160491696e-12,2.35120325535717645e-12,4.87873264643939375e-01,1.92972858523641655e+00
2827,5.43750000000000000e+00,3.12500000000000000e-01,9.37500000000000000e-01,4.87873264651816241e-01,-1.82624124892168123e-11,5.27764060194872045e-12,4.87873264651816241e-01,1.57886884243676273e+00
2828,5.56250000000000000e+00,3.12500000000000000e-01,9.37500000000000000e-01,4.87873264672159135e-01,-3.96532613852221556e-11,1.52881243453289928e-11,4.87873264672159135e-01,1.22800909967093430e+00
2829,5.68750000000000000e+00,3.12500000000000000e-01,9.37500000000000000e-01,4.87873264700235454e-01,-8.84511225676846876e-11,4.38428329142573926e-11,4.87873264700235454e-01,8.77149356841294026e-01
2830,5.81250000000000000e+00,3.12500000000000000e-01,9.37500000000000000e-01,4.87873264797628103e-01,-1.57384153938439601e-10,8.64240588298052054e-11,4.87873264797628103e-01,5.26289614161068786e-01
2831,5.93750000000000000e+00,3.12500000000000000e-01,9.37500000000000000e-01,4.87873265293818470e-01,-2.19187515071930813e-10,1.21091846833341801e-10,4.87873265293818470e-01,1.75429872738481402e-01
2832,6.25000000000000000e-02,4.37500000000000000e-01,9.37500000000000000e-01,7.46652395630459931e-01,2.31155302379375920e-02,-9.76501836771317272e-02,7.53365572621329305e-01,1.87501091396050796e+01
2833,1.87500000000000000e-01,4.37500000000000000e-01,9.37500000000000000e-01,7.46439111835292213e-01,2.92039220091627263e-02,-9.88052701265363098e-02,7.53516222879743292e-01,1.72692620353378885e+01
2834,3.12500000000000000e-01,4.37500000000000000e-01,9.37500000000000000e-01,6.70603416602993274e-01,2.37914707374988418e-02,-6.88174310765919395e-02,6.74544894917634474e-01,1.63620282502725551e+01
2835,4.37500000000000000e-01,4.37500000000000000e-01,9.37500000000000000e-01,6.00144931212969412e-01,1.63504348061310582e-02,-4.03248377403913894e-02,6.01720340123016117e-01,1.58187642893121012e+01
2836,5.62500000000000000e-01,4.37500000000000000e-01,9.37500000000000000e-01,5.68085532492450418e-01,1.01514659056500985e-02,-2.18789335707885030e-02,5.68597319921101518e-01,1.53653372009168816e+01
2837,6.87500000000000000e-01,4.37500000000000000e-01,9.37500000000000000e-01,5.52440616327282030e-01,5.91109948233519387e-03,-1.14289812587284757e-02,5.52590442622535427e-01,1.49601778326925796e+01
2838,8.12500000000000000e-01,4.37500000000000000e-01,9.37500000000000000e-01,5.43889413992323045e-01,3.31386045253264511e-03,-5.89308546865394307e-03,5.43931433896178040e-01,1.45841982243826198e+01
2839,9.37500000000000000e-01,4.37500000000000000e-01,9.37500000000000000e-01,5.39404008905180254e-01,1.81618639354793167e-03,-3.02305270878706076e-03,5.39415537599424399e-01,1.42215333665319825e+01
2840,1.06250000000000000e+00,4.37500000000000000e-01,9.37500000000000000e-01,5.37116642095706420e-01,9.81734195720523504e-04,-1.55137507372902074e-03,5.37119779735225955e-01,1.38648110221825842e+01
2841,1.18750000000000000e+00,4.37500000000000000e-01,9.37500000000000000e-01,5.35920784681287787e-01,5.25108215936898829e-04,-7.99021523645537866e-04,5.35921637580944243e-01,1.35110442522390066e+01
2842,1.31250000000000000e+00,4.37500000000000000e-01,9.37500000000000000e-01,5.35288058163012059e-01,2.78964806760787008e-04,-4.13387102767860063e-04,5.35288290477372919e-01,1.31587410094489012e+01
2843,1.43750000000000000e+00,4.37500000000000000e-01,9.37500000000000000e-01,5.34953886591185479e-01,1.47820037368660471e-04,-2.14854444709470149e-04,5.34953950160395375e-01,1.28071512831004952e+01
2844,1.56250000000000000e+00,4.37500000000000000e-01,9.37500000000000000e-01,5.34777077120584310e-01,7.83122707625080820e-05,-1.12169950511739944e-04,5.34777094618444693e-01,1.24559182392883230e+01
2845,1.68750000000000000e+00,4.37500000000000000e-01,9.37500000000000000e-01,5.34683296901143024e-01,4.15130691517631397e-05,-5.87799593855082596e-05,5.34683301743653083e-01,1.21048668982585070e+01
2846,1.81250000000000000e+00,4.37500000000000000e-01,9.37500000000000000e-01,5.34633596561490232e-01,2.20226027255770051e-05,-3.08795794799899669e-05,5.34633597906844726e-01,1.17539083798829633e+01
2847,1.93750000000000000e+00,4.37500000000000000e-01,9.37500000000000000e-01,5.34607309134394915e-01,1.16895628410121219e-05,-1.62501029258325758e-05,5.34607309509166906e-01,1.14029974281135793e+01
2848,2.06250000000000000e+00,4.37500000000000000e-01,9.37500000000000000e-01,5.34593420255495277e-01,6.20596493635136221e-06,-8.56279416266703357e-06,5.34593420360093941e-01,1.10521110289129432e+01
2849,2.18750000000000000e+00,4.37500000000000000e-01,9.37500000000000000e-01,5.34586085903547392e-01,3.29433252919428575e-06,-4.51489224586407726e-06,5.34586085932763355e-01,1.07012373856963858e+01
2850,2.31250000000000000e+00,4.37500000000000000e-01,9.37500000000000000e-01,5.34582216923411457e-01,1.74786518961593977e-06,-2.38088035148306069e-06,5.34582216931570819e-01,1.03503703808386245e+01
2851,2.43750000000000000e+00,4.37500000000000000e-01,9.37500000000000000e-01,5.34580177669602530e-01,9.26535736981119296e-07,-1.25547145548875134e-06,5.34580177671879708e-01,9.99950683732913781e+00
2852,2.56250000000000000e+00,4.37500000000000000e-01,9.37500000000000000e-01,5.34579103070707773e-01,4.90577762594729279e-07,-6.61848658903636840e-07,5.34579103071342598e-01,9.64864510422775545e+00
2853,2.68750000000000000e+00,4.37500000000000000e-01,9.37500000000000000e-01,5.34578536941439419e-01,2.59395990812056699e-07,-3.48710930355089806e-07,5.34578536941616056e-01,9.29778431947304718e+00
2854,2.81250000000000000e+00,4.37500000000000000e-01,9.37500000000000000e-01,5.34578238830166752e-01,1.36953177349072127e-07,-1.83578197494695304e-07,5.34578238830215824e-01,8.94692403162285643e+00
2855,2.93750000000000000e+00,4.37500000000000000e-01,9.37500000000000000e-01,5.34578081941951999e-01,7.21923268196110036e-08,-9.65447837209192728e-08,5.34578081941965655e-01,8.59606400415036020e+00
2856,3.06250000000000000e+00,4.37500000000000000e-01,9.37500000000000000e-01,5.34577999438497931e-01,3.79902453178270642e-08,-5.07074289295628046e-08,5.34577999438501705e-01,8.24520411304160916e+00
2857,3.18750000000000000e+00,4.37500000000000000e-01,9.37500000000000000e-01,5.34577956099922202e-01,1.99546684253263505e-08,-2.65891262523285949e-08,5.34577956099923202e-01,7.89434429324506759e+00
2858,3.31250000000000000e+00,4.37500000000000000e-01,9.37500000000000000e-01,5.34577933368851843e-01,1.04590555163884355e-08,-1.39135688344964520e-08,5.34577933368852065e-01,7.54348451066300640e+00
2859,3.43750000000000000e+00,4.37500000000000000e-01,9.37500000000000000e-01,5.34577921470481110e-01,5.46790938756948524e-09,-7.26110449742305928e-09,5.34577921470481221e-01,7.19262474744790392e+00
2860,3.56250000000000000e+00,4.37500000000000000e-01,9.37500000000000000e-01,5.34577915259625724e-01,2.84909287813804347e-09,-3.77550449289555110e-09,5.34577915259625724e-01,6.84176499427359630e+00
2861,3.68750000000000000e+00,4.37500000000000000e-01,9.37500000000000000e-01,5.34577912030307356e-01,1.47781543001729995e-09,-1.95294977307936716e-09,5.34577912030307356e-01,6.49090524627721344e+00
2862,3.81250000000000000e+00,4.37500000000000000e-01,9.37500000000000000e-01,5.34577910360783060e-01,7.61579888486004911e-10,-1.00253214674032431e-09,5.34577910360783060e-01,6.14004550093044443e+00
2863,3.93750000000000000e+00,4.37500000000000000e-01,9.37500000000000000e-01,5.34577909504963977e-01,3.88729866831192980e-10,-5.08756872151207285e-10,5.34577909504963977e-01,5.78918575692377502e+00
2864,4.06250000000000000e+00,4.37500000000000000e-01,9.37500000000000000e-01,5.34577909071915491e-01,1.95553213567742780e-10,-2.53615278638688769e-10,5.34577909071915491e-01,5.43832601358256706e+00
2865,4.18750000000000000e+00,4.37500000000000000e-01,9.37500000000000000e-01,5.34577908857195139e-01,9.61703173400576572e-11,-1.22856111509534688e-10,5.34577908857195139e-01,5.08746627056199685e+00
2866,4.31250000000000000e+00,4.37500000000000000e-01,9.37500000000000000e-01,5.34577908754178432e-01,4.55905191110814093e-11,-5.66840123340387967e-11,5.34577908754178432e-01,4.73660652768804002e+00
2867,4.43750000000000000e+00,4.37500000000000000e-01,9.37500000000000000e-01,5.34577908707528748e-01,2.02805690704154094e-11,-2.38582628428564127e-11,5.34577908707528748e-01,4.38574678487458680e+00
2868,4.56250000000000000e+00,4.37500000000000000e-01,9.37500000000000000e-01,5.34577908688728676e-01,7.96335504390199593e-12,-8.14705042613338764e-12,5.34577908688728676e-01,4.03488704208028448e+00
2869,4.68750000000000000e+00,4.37500000000000000e-01,9.37500000000000000e-01,5.34577908683108616e-01,2.27857733432369011e-12,-1.24276641299107075e-12,5.34577908683108616e-01,3.68402729928647688e+00
2870,4.81250000000000000e+00,4.37500000000000000e-01,9.37500000000000000e-01,5.34577908682903669e-01,-1.11808053958592693e-13,1.24616493808441849e-12,5.34577908682903669e-01,3.33316755648653329e+00
2871,4.93750000000000000e+00,4.37500000000000000e-01,9.37500000000000000e-01,5.34577908684259473e-01,-1.09637123012233028e-12,1.87413684720328673e-12,5.34577908684259473e-01,2.98230781368024944e+00
2872,5.06250000000000000e+00,4.37500000000000000e-01,9.37500000000000000e-01,5.34577908685778591e-01,-1.74288890154609935e-12,1.99361823789937509e-12,5.34577908685778591e-01,2.63144807087007893e+00
2873,5.18750000000000000e+00,4.37500000000000000e-01,9.37500000000000000e-01,5.34577908686815206e-01,-2.72957895616903745e-12,2.28799608777900999e-12,5.34577908686815206e-01,2.28058832805870315e+00
2874,5.31250000000000000e+00,4.37500000000000000e-01,9.37500000000000000e-01,5.34577908686969194e-01,-4.90241770831415744e-12,3.68940958396315533e-12,5.34577908686969194e-01,1.92972858525185753e+00
2875,5.43750000000000000e+00,4.37500000000000000e-01,9.37500000000000000e-01,5.34577908687646430e-01,-9.66722848566671788e-12,8.20343268525599415e-12,5.34577908687646430e-01,1.57886884246701098e+00
2876,5.56250000000000000e+00,4.37500000000000000e-01,9.37500000000000000e-01,5.34577908691337367e-01,-2.05652165078147899e-11,2.24683515328739469e-11,5.34577908691337367e-01,1.22800909972060457e+00
2877,5.68750000000000000e+00,4.37500000000000000e-01,9.37500000000000000e-01,5.34577908698698478e-01,-4.51890245602499329e-11,6.22106379008945901e-11,5.34577908698698478e-01,8.77149356989681439e-01
2878,5.81250000000000000e+00,4.37500000000000000e-01,9.37500000000000000e-01,5.34577908767731924e-01,-7.93019181526441191e-11,1.16445255846947803e-10,5.34577908767731924e-01,5.26289614498706704e-01
2879,5.93750000000000000e+00,4.37500000000000000e-01,9.37500000000000000e-01,5.34577909072143420e-01,-1.06237748106032036e-10,1.30966437947740525e-10,5.34577909072143420e-01,1.75429872622726191e-01
2880,6.25000000000000000e-02,5.62500000000000000e-01,9.37500000000000000e-01,7.46652395630459931e-01,-2.31155302379375642e-02,-9.76501836771317411e-02,7.53365572621329305e-01,1.87501091396050796e+01
2881,1.87500000000000000e-01,5.62500000000000000e-01,9.37500000000000000e-01,7.46439111835292102e-01,-2.92039220091628166e-02,-9.88052701265360739e-02,7.53516222879743069e-01,1.72692620353378885e+01
2882,3.12500000000000000e-01,5.62500000000000000e-01,9.37500000000000000e-01,6.70603416602993385e-01,-2.37914707374990084e-02,-6.88174310765923836e-02,6.74544894917634585e-01,1.63620282502725551e+01
2883,4.37500000000000000e-01,5.62500000000000000e-01,9.37500000000000000e-01,6.00144931212969190e-01,-1.63504348061311276e-02,-4.03248377403907995e-02,6.01720340123015895e-01,1.58187642893120994e+01
2884,5.62500000000000000e-01,5.62500000000000000e-01,9.37500000000000000e-01,5.68085532492450418e-01,-1.01514659056500863e-02,-2.18789335707892385e-02,5.68597319921101629e-01,1.53653372009168834e+01
2885,6.87500000000000000e-01,5.62500000000000000e-01,9.37500000000000000e-01,5.52440616327282030e-01,-5.91109948233530056e-03,-1.14289812587276517e-02,5.52590442622535427e-01,1.49601778326925778e+01
2886,8.12500000000000000e-01,5.62500000000000000e-01,9.37500000000000000e-01,5.43889413992322823e-01,-3.31386045253264077e-03,-5.89308546865465778e-03,5.43931433896177818e-01,1.45841982243826216e+01
2887,9.37500000000000000e-01,5.62500000000000000e-01,9.37500000000000000e-01,5.39404008905180588e-01,-1.81618639354795726e-03,-3.02305270878645621e-03,5.39415537599424733e-01,1.42215333665319825e+01
2888,1.06250000000000000e+00,5.62500000000000000e-01,9.37500000000000000e-01,5.37116642095705865e-01,-9.81734195720505723e-04,-1.55137507372944596e-03,5.37119779735225400e-01,1.38648110221825860e+01
2889,1.18750000000000000e+00,5.62500000000000000e-01,9.37500000000000000e-01,5.35920784681288120e-01,-5.25108215936793011e-04,-7.99021523645425977e-04,5.35921637580944576e-01,1.35110442522390048e+01
2890,1.31250000000000000e+00,5.62500000000000000e-01,9.37500000000000000e-01,5.35288058163011726e-01,-2.78964806760779744e-04,-4.13387102767738470e-04,5.35288290477372586e-01,1.31587410094489012e+01
2891,1.43750000000000000e+00,5.62500000000000000e-01,9.37500000000000000e-01,5.34953886591185257e-01,-1.47820037368709748e-04,-2.14854444710097821e-04,5.34953950160395153e-01,1.28071512831004952e+01
2892,1.56250000000000000e+00,5.62500000000000000e-01,9.37500000000000000e-01,5.34777077120583866e-01,-7.83122707625917011e-05,-1.12169950510960037e-04,5.34777094618444249e-01,1.24559182392883212e+01
2893,1.68750000000000000e+00,5.62500000000000000e-01,9.37500000000000000e-01,5.34683296901143024e-01,-4.15130691515911785e-05,-5.87799593863234034e-05,5.34683301743653083e-01,1.21048668982585088e+01
2894,1.81250000000000000e+00,5.62500000000000000e-01,9.37500000000000000e-01,5.34633596561490121e-01,-2.20226027254971062e-05,-3.08795794789688653e-05,5.34633597906844615e-01,1.17539083798829598e+01
2895,1.93750000000000000e+00,5.62500000000000000e-01,9.37500000000000000e-01,5.34607309134394804e-01,-1.16895628407254470e-05,-1.62501029266155595e-05,5.34607309509166795e-01,1.14029974281135793e+01
2896,2.06250000000000000e+00,5.62500000000000000e-01,9.37500000000000000e-01,5.34593420255495833e-01,-6.20596493610157728e-06,-8.56279416189419901e-06,5.34593420360094496e-01,1.10521110289129414e+01
2897,2.18750000000000000e+00,5.62500000000000000e-01,9.37500000000000000e-01,5.34586085903547392e-01,-3.29433252902902750e-06,-4.51489224646266274e-06,5.34586085932763355e-01,1.07012373856963876e+01
2898,2.31250000000000000e+00,5.62500000000000000e-01,9.37500000000000000e-01,5.34582216923411457e-01,-1.74786518941340551e-06,-2.38088035118200697e-06,5.34582216931570819e-01,1.03503703808386245e+01
2899,2.43750000000000000e+00,5.62500000000000000e-01,9.37500000000000000e-01,5.34580177669602641e-01,-9.26535736872289115e-07,-1.25547145561640958e-06,5.34580177671879819e-01,9.99950683732913781e+00
2900,2.56250000000000000e+00,5.62500000000000000e-01,9.37500000000000000e-01,5.34579103070707773e-01,-4.90577762576262902e-07,-6.61848658726581649e-07,5.34579103071342598e-01,9.64864510422775545e+00
2901,2.68750000000000000e+00,5.62500000000000000e-01,9.37500000000000000e-01,5.34578536941439642e-01,-2.59395991065800877e-07,-3.48710930180952696e-07,5.34578536941616389e-01,9.29778431947304540e+00
2902,2.81250000000000000e+00,5.62500000000000000e-01,9.37500000000000000e-01,5.34578238830167196e-01,-1.36953177513746370e-07,-1.83578197556661216e-07,5.34578238830216268e-01,8.94692403162285643e+00
2903,2.93750000000000000e+00,5.62500000000000000e-01,9.37500000000000000e-01,5.34578081941952110e-01,-7.21923271383197893e-08,-9.65447837340413219e-08,5.34578081941965655e-01,8.59606400415036198e+00
2904,3.06250000000000000e+00,5.62500000000000000e-01,9.37500000000000000e-01,5.34577999438498153e-01,-3.79902456447060915e-08,-5.07074287987549440e-08,5.34577999438501816e-01,8.24520411304160916e+00
2905,3.18750000000000000e+00,5.62500000000000000e-01,9.37500000000000000e-01,5.34577956099922424e-01,-1.99546690052859548e-08,-2.65891264393877778e-08,5.34577956099923424e-01,7.89434429324506848e+00
2906,3.31250000000000000e+00,5.62500000000000000e-01,9.37500000000000000e-01,5.34577933368851732e-01,-1.04590560578103602e-08,-1.39135682796680819e-08,5.34577933368852065e-01,7.54348451066300552e+00
2907,3.43750000000000000e+00,5.62500000000000000e-01,9.37500000000000000e-01,5.34577921470481110e-01,-5.46790976265670535e-09,-7.26110488397733120e-09,5.34577921470481221e-01,7.19262474744790570e+00
2908,3.56250000000000000e+00,5.62500000000000000e-01,9.37500000000000000e-01,5.34577915259625391e-01,-2.84909316514607768e-09,-3.77550392139947103e-09,5.34577915259625391e-01,6.84176499427359364e+00
2909,3.68750000000000000e+00,5.62500000000000000e-01,9.37500000000000000e-01,5.34577912030306801e-01,-1.47781559668762701e-09,-1.95295026254448065e-09,5.34577912030306801e-01,6.49090524627721432e+00
2910,3.81250000000000000e+00,5.62500000000000000e-01,9.37500000000000000e-01,5.34577910360782727e-01,-7.61579898593299380e-10,-1.00253171378552674e-09,5.34577910360782727e-01,6.14004550093044266e+00
2911,3.93750000000000000e+00,5.62500000000000000e-01,9.37500000000000000e-01,5.34577909504963533e-01,-3.88729583022373978e-10,-5.08757231752223180e-10,5.34577909504963533e-01,5.78918575692377502e+00
2912,4.06250000000000000e+00,5.62500000000000000e-01,9.37500000000000000e-01,5.34577909071915158e-01,-1.95552746152149878e-10,-2.53615128088410852e-10,5.34577909071915158e-01,5.43832601358256529e+00
2913,4.18750000000000000e+00,5.62500000000000000e-01,9.37500000000000000e-01,5.34577908857194806e-01,-9.61697373657185717e-11,-1.22856374994433705e-10,5.34577908857194806e-01,5.08746627056199774e+00
2914,4.31250000000000000e+00,5.62500000000000000e-01,9.37500000000000000e-01,5.34577908754177988e-01,-4.55900008213020154e-11,-5.66839293461577590e-11,5.34577908754177988e-01,4.73660652768803914e+00
2915,4.43750000000000000e+00,5.62500000000000000e-01,9.37500000000000000e-01,5.34577908707528415e-01,-2.02801816940551675e-11,-2.38582317930118999e-11,5.34577908707528415e-01,4.38574678487458858e+00
2916,4.56250000000000000e+00,5.62500000000000000e-01,9.37500000000000000e-01,5.34577908688728232e-01,-7.96323021123053697e-12,-8.14704418077130817e-12,5.34577908688728232e-01,4.03488704208028448e+00
2917,4.68750000000000000e+00,5.62500000000000000e-01,9.37500000000000000e-01,5.34577908683108616e-01,-2.27858688987513170e-12,-1.24272006991750144e-12,5.34577908683108616e-01,3.68402729928647688e+00
2918,4.81250000000000000e+00,5.62500000000000000e-01,9.37500000000000000e-01,5.34577908682903669e-01,1.11602776412014154e-13,1.24609849788363119e-12,5.34577908682903669e-01,3.33316755648653285e+00
2919,4.93750000000000000e+00,5.62500000000000000e-01,9.37500000000000000e-01,5.34577908684259584e-01,1.09600637975478221e-12,1.87422808350843863e-12,5.34577908684259584e-01,2.98230781368025033e+00
2920,5.06250000000000000e+00,5.62500000000000000e-01,9.37500000000000000e-01,5.34577908685778702e-01,1.74245979912214298e-12,1.99348294954023277e-12,5.34577908685778702e-01,2.63144807087007848e+00
2921,5.18750000000000000e+00,5.62500000000000000e-01,9.37500000000000000e-01,5.34577908686815206e-01,2.72932009117633070e-12,2.28807685673228475e-12,5.34577908686815206e-01,2.28058832805870271e+00
2922,5.31250000000000000e+00,5.62500000000000000e-01,9.37500000000000000e-01,5.34577908686968972e-01,4.90237528971255109e-12,3.68920093532884740e-12,5.34577908686968972e-01,1.92972858525185731e+00
2923,5.43750000000000000e+00,5.62500000000000000e-01,9.37500000000000000e-01,5.34577908687646430e-01,9.66738680698118085e-12,8.20359956301596486e-12,5.34577908687646430e-01,1.57886884246701054e+00
2924,5.56250000000000000e+00,5.62500000000000000e-01,9.37500000000000000e-01,5.34577908691336923e-01,2.05655609529437076e-11,2.24680994647930986e-11,5.34577908691336923e-01,1.22800909972060435e+00
2925,5.68750000000000000e+00,5.62500000000000000e-01,9.37500000000000000e-01,5.34577908698698367e-01,4.51895836144947891e-11,6.22107968039579740e-11,5.34577908698698367e-01,8.77149356989680662e-01
2926,5.81250000000000000e+00,5.62500000000000000e-01,9.37500000000000000e-01,5.34577908767731591e-01,7.93026497066356055e-11,1.16445077116288324e-10,5.34577908767731591e-01,5.26289614498706704e-01
2927,5.93750000000000000e+00,5.62500000000000000e-01,9.37500000000000000e-01,5.34577909072143531e-01,1.06238512494087588e-10,1.30966495059659562e-10,5.34577909072143531e-01,1.75429872622726357e-01
2928,6.25000000000000000e-02,6.87500000000000000e-01,9.37500000000000000e-01,7.50151347375840549e-01,-8.00237060176958587e-02,-9.74055355483332552e-02,7.60669886251620464e-01,1.89361363570464576e+01
2929,1.87500000000000000e-01,6.87500000000000000e-01,9.37500000000000000e-01,7.56106252020265268e-01,-8.98991178222048742e-02,-9.88348717576940650e-02,7.67819541041189879e-01,1.73709623390779697e+01
2930,3.12500000000000000e-01,6.87500000000000000e-01,9.37500000000000000e-01,6.68105432440503910e-01,-6.71536045327735254e-02,-6.88027657116889318e-02,6.74987626573876121e-01,1.64118865606543984e+01
2931,4.37500000000000000e-01,6.87500000000000000e-01,9.37500000000000000e-01,5.81301790742981161e-01,-4.26534900782037027e-02,-4.01427887465291081e-02,5.84245270092276003e-01,1.58447024690427547e+01
2932,5.62500000000000000e-01,6.87500000000000000e-01,9.37500000000000000e-01,5.37891328075336239e-01,-2.51047066325442922e-02,-2.16600676423923215e-02,5.38912317213132708e-01,1.53773986291358202e+01
2933,6.87500000000000000e-01,6.87500000000000000e-01,9.37500000000000000e-01,5.15048426473512011e-01,-1.40680233508326986e-02,-1.12433693190413311e-02,5.15363177038760334e-01,1.49652699809421303e+01
2934,8.12500000000000000e-01,6.87500000000000000e-01,9.37500000000000000e-01,5.02224813201109122e-01,-7.64235525344492041e-03,-5.74900027584663957e-03,5.02315856402005823e-01,1.45862546969779459e+01
2935,9.37500000000000000e-01,6.87500000000000000e-01,9.37500000000000000e-01,4.95369834285786792e-01,-4.07473520063263411e-03,-2.91605138026117565e-03,4.95395175130860066e-01,1.42223388861432767e+01
2936,1.06250000000000000e+00,6.87500000000000000e-01,9.37500000000000000e-01,4.91806343801914236e-01,-2.15019051357218712e-03,-1.47683407382763997e-03,4.91813261474243812e-01,1.38651192203415974e+01
2937,1.18750000000000000e+00,6.87500000000000000e-01,9.37500000000000000e-01,4.89939453620792609e-01,-1.12724537453893093e-03,-7.50622355485828325e-04,4.89941325395496508e-01,1.35111520705211081e+01
2938,1.31250000000000000e+00,6.87500000000000000e-01,9.37500000000000000e-01,4.88957727256501495e-01,-5.88931895195754875e-04,-3.83184586694436207e-04,4.88958232076164123e-01,1.31587751583095116e+01
2939,1.43750000000000000e+00,6.87500000000000000e-01,9.37500000000000000e-01,4.88443153413599340e-01,-3.07647547200022738e-04,-1.96485285068163966e-04,4.88443289819915027e-01,1.28071619500849163e+01
2940,1.56250000000000000e+00,6.87500000000000000e-01,9.37500000000000000e-01,4.88173349746410357e-01,-1.61019479286838121e-04,-1.01282621786176079e-04,4.88173386808491705e-01,1.24559218910794378e+01
2941,1.68750000000000000e+00,6.87500000000000000e-01,9.37500000000000000e-01,4.88031474151389810e-01,-8.44953269911176240e-05,-5.24858190281260781e-05,4.88031484288257933e-01,1.21048684155525574e+01
2942,1.81250000000000000e+00,6.87500000000000000e-01,9.37500000000000000e-01,4.87956740757302609e-01,-4.44525118821725751e-05,-2.73200492134878476e-05,4.87956743546905325e-01,1.17539091822034667e+01
2943,1.93750000000000000e+00,6.87500000000000000e-01,9.37500000000000000e-01,4.87917339996326749e-01,-2.34377989048171409e-05,-1.42754447042233153e-05,4.87917340768095509e-01,1.14029979143004976e+01
2944,2.06250000000000000e+00,6.87500000000000000e-01,9.37500000000000000e-01,4.87896546597939629e-01,-1.23783954637074547e-05,-7.48442933536850007e-06,4.87896546812371712e-01,1.10521113266396576e+01
2945,2.18750000000000000e+00,6.87500000000000000e-01,9.37500000000000000e-01,4.87885561488585306e-01,-6.54402041631057807e-06,-3.93214148008570758e-06,4.87885561548318525e-01,1.07012375627174876e+01
2946,2.31250000000000000e+00,6.87500000000000000e-01,9.37500000000000000e-01,4.87879757468723529e-01,-3.46077233855943117e-06,-2.06864635444617608e-06,4.87879757485383592e-01,1.03503704809880670e+01
2947,2.43750000000000000e+00,6.87500000000000000e-01,9.37500000000000000e-01,4.87876691303086085e-01,-1.82989416082204297e-06,-1.08938614493405291e-06,4.87876691307734089e-01,9.99950689066532128e+00
2948,2.56250000000000000e+00,6.87500000000000000e-01,9.37500000000000000e-01,4.87875071646922676e-01,-9.66995996269475801e-07,-5.73968137287953789e-07,4.87875071648218639e-01,9.64864513089493059e+00
2949,2.68750000000000000e+00,6.87500000000000000e-01,9.37500000000000000e-01,4.87874216472182931e-01,-5.10530613602549705e-07,-3.02377513512357435e-07,4.87874216472543754e-01,9.29778433191103915e+00
2950,2.81250000000000000e+00,6.87500000000000000e-01,9.37500000000000000e-01,4.87873765316075791e-01,-2.69218437183538930e-07,-1.59210516913000032e-07,4.87873765316176045e-01,8.94692403693436411e+00
2951,2.93750000000000000e+00,6.87500000000000000e-01,9.37500000000000000e-01,4.87873527548387087e-01,-1.41770247538349419e-07,-8.37521381566568167e-08,4.87873527548414843e-01,8.59606400612362265e+00
2952,3.06250000000000000e+00,6.87500000000000000e-01,9.37500000000000000e-01,4.87873402394143563e-01,-7.45377773753950369e-08,-4.40009681996224396e-08,4.87873402394151223e-01,8.24520411357221761e+00
2953,3.18750000000000000e+00,6.87500000000000000e-01,9.37500000000000000e-01,4.87873336615595010e-01,-3.91179240989871775e-08,-2.30781374616124560e-08,4.87873336615597120e-01,7.89434429322307629e+00
2954,3.31250000000000000e+00,6.87500000000000000e-01,9.37500000000000000e-01,4.87873302106976547e-01,-2.04851867726924695e-08,-1.20785051060953016e-08,4.87873302106977103e-01,7.54348451047627666e+00
2955,3.43750000000000000e+00,6.87500000000000000e-01,9.37500000000000000e-01,4.87873284044011146e-01,-1.06991058632340645e-08,-6.30416394506177051e-09,4.87873284044011313e-01,7.19262474724799095e+00
2956,3.56250000000000000e+00,6.87500000000000000e-01,9.37500000000000000e-01,4.87873274616855979e-01,-5.56856562127463431e-09,-3.27816718682218773e-09,4.87873274616856034e-01,6.84176499410859584e+00
2957,3.68750000000000000e+00,6.87500000000000000e-01,9.37500000000000000e-01,4.87873269716296520e-01,-2.88440991158340338e-09,-1.69581016104942652e-09,4.87873269716296520e-01,6.49090524615423980e+00
2958,3.81250000000000000e+00,6.87500000000000000e-01,9.37500000000000000e-01,4.87873267183142889e-01,-1.48380895783969291e-09,-8.70640381914717400e-10,4.87873267183142889e-01,6.14004550084308320e+00
2959,3.93750000000000000e+00,6.87500000000000000e-01,9.37500000000000000e-01,4.87873265884524954e-01,-7.55535913676510151e-10,-4.41944535420810884e-10,4.87873265884524954e-01,5.78918575686302628e+00
2960,4.06250000000000000e+00,6.87500000000000000e-01,9.37500000000000000e-01,4.87873265227067310e-01,-3.78748951458862708e-10,-2.20428091940624348e-10,4.87873265227067310e-01,5.43832601354059531e+00
2961,4.18750000000000000e+00,6.87500000000000000e-01,9.37500000000000000e-01,4.87873264900611558e-01,-1.85263845977922807e-10,-1.06889187656948427e-10,4.87873264900611558e-01,5.08746627053293388e+00
2962,4.31250000000000000e+00,6.87500000000000000e-01,9.37500000000000000e-01,4.87873264743494794e-01,-8.70458334534478145e-11,-4.94122823996416754e-11,4.87873264743494794e-01,4.73660652766777357e+00
2963,4.43750000000000000e+00,6.87500000000000000e-01,9.37500000000000000e-01,4.87873264671833007e-01,-3.80887592689800410e-11,-2.08851703031213747e-11,4.87873264671833007e-01,4.38574678486029512e+00
2964,4.56250000000000000e+00,6.87500000000000000e-01,9.37500000000000000e-01,4.87873264642353310e-01,-1.44301513840572059e-11,-7.22863580875148665e-12,4.87873264642353310e-01,4.03488704207006776e+00
2965,4.68750000000000000e+00,6.87500000000000000e-01,9.37500000000000000e-01,4.87873264632855796e-01,-3.66662897961717709e-12,-1.21560172375142214e-12,4.87873264632855796e-01,3.68402729927918227e+00
2966,4.81250000000000000e+00,6.87500000000000000e-01,9.37500000000000000e-01,4.87873264631917158e-01,7.43669019522496259e-13,9.88465013169524023e-13,4.87873264631917158e-01,3.33316755648133078e+00
2967,4.93750000000000000e+00,6.87500000000000000e-01,9.37500000000000000e-01,4.87873264633876369e-01,2.47293755670631104e-12,1.54460524482220995e-12,4.87873264633876369e-01,2.98230781367601017e+00
2968,5.06250000000000000e+00,6.87500000000000000e-01,9.37500000000000000e-01,4.87873264636790704e-01,3.54171360489892176e-12,1.56435541437053061e-12,4.87873264636790704e-01,2.63144807086527388e+00
2969,5.18750000000000000e+00,6.87500000000000000e-01,9.37500000000000000e-01,4.87873264640110549e-01,5.23306398425569767e-12,1.60929742448414398e-12,4.87873264640110549e-01,2.28058832805122380e+00
2970,5.31250000000000000e+00,6.87500000000000000e-01,9.37500000000000000e-01,4.87873264643939153e-01,9.19659172451789171e-12,2.35134275530646857e-12,4.87873264643939153e-01,1.92972858523641544e+00
2971,5.43750000000000000e+00,6.87500000000000000e-01,9.37500000000000000e-01,4.87873264651815797e-01,1.82624850709099708e-11,5.27729849059407158e-12,4.87873264651815797e-01,1.57886884243676207e+00
2972,5.56250000000000000e+00,6.87500000000000000e-01,9.37500000000000000e-01,4.87873264672158691e-01,3.96534999219232857e-11,1.52882455018290303e-11,4.87873264672158691e-01,1.22800909967093319e+00
2973,5.68750000000000000e+00,6.87500000000000000e-01,9.37500000000000000e-01,4.87873264700234843e-01,8.84514958896121654e-11,4.38425540008461556e-11,4.87873264700234843e-01,8.77149356841293693e-01
2974,5.81250000000000000e+00,6.87500000000000000e-01,9.37500000000000000e-01,4.87873264797627715e-01,1.57384664989372902e-10,8.64241481478183911e-11,4.87873264797627715e-01,5.26289614161068009e-01
2975,5.93750000000000000e+00,6.87500000000000000e-01,9.37500000000000000e-01,4.87873265293818414e-01,2.19188107552538575e-10,1.21091833568383881e-10,4.87873265293818414e-01,1.75429872738482040e-01
2976,6.25000000000000000e-02,8.12500000000000000e-01,9.37500000000000000e-01,7.39036762752350085e-01,-1.43073271762723525e-01,-9.19059228817603047e-02,7.58348202643819524e-01,1.94641665009231914e+01
2977,1.87500000000000000e-01,8.12500000000000000e-01,9.37500000000000000e-01,7.45950166504675827e-01,-1.32854567251784322e-01,-9.18423707045995380e-02,7.63234569450738087e-01,1.76111121874549319e+01
2978,3.12500000000000000e-01,8.12500000000000000e-01,9.37500000000000000e-01,6.21304617933824077e-01,-8.49041650224166417e-02,-6.24555236347712761e-02,6.30181591239019290e-01,1.65147616502307173e+01
2979,4.37500000000000000e-01,8.12500000000000000e-01,9.37500000000000000e-01,5.05359324658324782e-01,-4.69288785708633222e-02,-3.53021233265384260e-02,5.08759871230425431e-01,1.58956097111968955e+01
2980,5.62500000000000000e-01,8.12500000000000000e-01,9.37500000000000000e-01,4.47243594648726317e-01,-2.46939783987504026e-02,-1.84312244226032089e-02,4.48303842898082394e-01,1.54018784118696068e+01
2981,6.87500000000000000e-01,8.12500000000000000e-01,9.37500000000000000e-01,4.16964168266626800e-01,-1.26917811001139823e-02,-9.33484325534676349e-03,4.17261714304553666e-01,1.49763758792857331e+01
2982,8.12500000000000000e-01,8.12500000000000000e-01,9.37500000000000000e-01,4.00377062904977599e-01,-6.42075639422761118e-03,-4.66665563551250766e-03,4.00455735741056473e-01,1.45911741009529372e+01
2983,9.37500000000000000e-01,8.12500000000000000e-01,9.37500000000000000e-01,3.91707667559690831e-01,-3.21372499296557288e-03,-2.30967090738776453e-03,3.91727659775365000e-01,1.42245000541359943e+01
2984,1.06250000000000000e+00,8.12500000000000000e-01,9.37500000000000000e-01,3.87292631381591923e-01,-1.60447467248632470e-03,-1.14065713656941506e-03,3.87297634591479922e-01,1.38660752522609698e+01
2985,1.18750000000000000e+00,8.12500000000000000e-01,9.37500000000000000e-01,3.85032986928148968e-01,-8.02786755117590521e-04,-5.65649061519222650e-04,3.85034239319371585e-01,1.35115781452685013e+01
2986,1.31250000000000000e+00,8.12500000000000000e-01,9.37500000000000000e-01,3.83872149205508939e-01,-4.03147298323551918e-04,-2.81924332677655680e-04,3.83872464426311788e-01,1.31589670930963987e+01
2987,1.43750000000000000e+00,8.12500000000000000e-01,9.37500000000000000e-01,3.83276263960009744e-01,-2.03584572477708692e-04,-1.41339195130907671e-04,3.83276344089469312e-01,1.28072506029250093e+01
2988,1.56250000000000000e+00,8.12500000000000000e-01,9.37500000000000000e-01,3.82969538281993038e-01,-1.03572272430645334e-04,-7.14079012855321982e-05,3.82969558944607158e-01,1.24559641808188672e+01
2989,1.68750000000000000e+00,8.12500000000000000e-01,9.37500000000000000e-01,3.82810765517569429e-01,-5.31068801213188045e-05,-3.63829065407724405e-05,3.82810770930239297e-01,1.21048891726303509e+01
2990,1.81250000000000000e+00,8.12500000000000000e-01,9.37500000000000000e-01,3.82728165867860681e-01,-2.74277201460129622e-05,-1.86834714316201181e-05,3.82728167306678135e-01,1.17539196040671996e+01
2991,1.93750000000000000e+00,8.12500000000000000e-01,9.37500000000000000e-01,3.82685019161705664e-01,-1.42552343818718616e-05,-9.66270286325938494e-06,3.82685019549203864e-01,1.14030032434978708e+01
2992,2.06250000000000000e+00,8.12500000000000000e-01,9.37500000000000000e-01,3.82662397564135726e-01,-7.44810458752189312e-06,-5.02854020579072585e-06,3.82662397669660204e-01,1.10521140868034244e+01
2993,2.18750000000000000e+00,8.12500000000000000e-01,9.37500000000000000e-01,3.82650501213567418e-01,-3.90598767434873737e-06,-2.62897612044011359e-06,3.82650501242534136e-01,1.07012389976121387e+01
2994,2.31250000000000000e+00,8.12500000000000000e-01,9.37500000000000000e-01,3.82644233977955939e-01,-2.05321301895184363e-06,-1.37890795066122407e-06,3.82644233985949100e-01,1.03503712262880629e+01
2995,2.43750000000000000e+00,8.12500000000000000e-01,9.37500000000000000e-01,3.82640929010614528e-01,-1.08078001832046118e-06,-7.24865571128659837e-07,3.82640929012827480e-01,9.99950727711398990e+00
2996,2.56250000000000000e+00,8.12500000000000000e-01,9.37500000000000000e-01,3.82639185320454267e-01,-5.69222187717408322e-07,-3.81529662764156273e-07,3.82639185321067887e-01,9.64864533063862773e+00
2997,2.68750000000000000e+00,8.12500000000000000e-01,9.37500000000000000e-01,3.82638265471896000e-01,-2.99742484414145821e-07,-2.00886861083431358e-07,3.82638265472066141e-01,9.29778443467685101e+00
2998,2.81250000000000000e+00,8.12500000000000000e-01,9.37500000000000000e-01,3.82637780545462824e-01,-1.57721788080699621e-07,-1.05735636844043336e-07,3.82637780545509898e-01,8.94692408953474327e+00
2999,2.93750000000000000e+00,8.12500000000000000e-01,9.37500000000000000e-01,3.82637525161856118e-01,-8.28943198347624112e-08,-5.56031496033169344e-08,3.82637525161869163e-01,8.59606403289891752e+00
3000,3.06250000000000000e+00,8.12500000000000000e-01,9.37500000000000000e-01,3.82637390843666603e-01,-4.34993781177327086e-08,-2.91995261094946169e-08,3.82637390843670211e-01,8.24520412711675199e+00
3001,3.18750000000000000e+00,8.12500000000000000e-01,9.37500000000000000e-01,3.82637320315806551e-01,-2.27825503295010063e-08,-1.53056707688982794e-08,3.82637320315807550e-01,7.89434430002444110e+00
3002,3.31250000000000000e+00,8.12500000000000000e-01,9.37500000000000000e-01,3.82637283357113112e-01,-1.19039463996380718e-08,-8.00416978418218540e-09,3.82637283357113389e-01,7.54348451386044339e+00
3003,3.43750000000000000e+00,8.12500000000000000e-01,9.37500000000000000e-01,3.82637264037314018e-01,-6.20128136069300424e-09,-4.17338472159127821e-09,3.82637264037314073e-01,7.19262474891117520e+00
3004,3.56250000000000000e+00,8.12500000000000000e-01,9.37500000000000000e-01,3.82637253969954405e-01,-3.21781716052766567e-09,-2.16746097538883753e-09,3.82637253969954405e-01,6.84176499491125600e+00
3005,3.68750000000000000e+00,8.12500000000000000e-01,9.37500000000000000e-01,3.82637248746288905e-01,-1.66063512916235595e-09,-1.11956013911796595e-09,3.82637248746288905e-01,6.49090524653059742e+00
3006,3.81250000000000000e+00,8.12500000000000000e-01,9.37500000000000000e-01,3.82637246052165592e-01,-8.50287818180865198e-10,-5.73751076533121611e-10,3.82637246052165592e-01,6.14004550101095159e+00
3007,3.93750000000000000e+00,8.12500000000000000e-01,9.37500000000000000e-01,3.82637244674896737e-01,-4.30260362236532566e-10,-2.90583972193494281e-10,3.82637244674896737e-01,5.78918575693093462e+00
3008,4.06250000000000000e+00,8.12500000000000000e-01,9.37500000000000000e-01,3.82637243980181785e-01,-2.13777852315824833e-10,-1.44499711237230217e-10,3.82637243980181785e-01,5.43832601356211587e+00
3009,4.18750000000000000e+00,8.12500000000000000e-01,9.37500000000000000e-01,3.82637243636995417e-01,-1.03143833294119991e-10,-6.97626893689361190e-11,3.82637243636995417e-01,5.08746627053419775e+00
3010,4.31250000000000000e+00,8.12500000000000000e-01,9.37500000000000000e-01,3.82637243473109678e-01,-4.73396287921985369e-11,-3.20134540088287876e-11,3.82637243473109678e-01,4.73660652766124368e+00
3011,4.43750000000000000e+00,8.12500000000000000e-01,9.37500000000000000e-01,3.82637243399325533e-01,-1.97740576438273243e-11,-1.33338486250971406e-11,3.82637243399325533e-01,4.38574678485169489e+00
3012,4.56250000000000000e+00,8.12500000000000000e-01,9.37500000000000000e-01,3.82637243369697511e-01,-6.66297072013314175e-12,-4.44033975443178845e-12,3.82637243369697511e-01,4.03488704206184856e+00
3013,4.68750000000000000e+00,8.12500000000000000e-01,9.37500000000000000e-01,3.82637243360767987e-01,-9.16890366176655811e-13,-5.69062711996963067e-13,3.82637243360767987e-01,3.68402729927233619e+00
3014,4.81250000000000000e+00,8.12500000000000000e-01,9.37500000000000000e-01,3.82637243360529289e-01,1.23760756347416453e-12,8.29784187589082988e-13,3.82637243360529289e-01,3.33316755647601060e+00
3015,4.93750000000000000e+00,8.12500000000000000e-01,9.37500000000000000e-01,3.82637243363324553e-01,1.88062903733671754e-12,1.12789667970058083e-12,3.82637243363324553e-01,2.98230781367165054e+00
3016,5.06250000000000000e+00,8.12500000000000000e-01,9.37500000000000000e-01,3.82637243367234647e-01,2.11190948253294495e-12,1.02309704936653199e-12,3.82637243367234647e-01,2.63144807086097510e+00
3017,5.18750000000000000e+00,8.12500000000000000e-01,9.37500000000000000e-01,3.82637243371794389e-01,2.58386600572167745e-12,8.54445889237466733e-13,3.82637243371794389e-01,2.28058832804549594e+00
3018,5.31250000000000000e+00,8.12500000000000000e-01,9.37500000000000000e-01,3.82637243377433545e-01,4.15227260653666547e-12,1.02878459451024907e-12,3.82637243377433545e-01,1.92972858522538093e+00
3019,5.43750000000000000e+00,8.12500000000000000e-01,9.37500000000000000e-01,3.82637243389186532e-01,8.49193049294817626e-12,2.38653616893618799e-12,3.82637243389186532e-01,1.57886884241515713e+00
3020,5.56250000000000000e+00,8.12500000000000000e-01,9.37500000000000000e-01,3.82637243419026829e-01,1.99490424964109532e-11,7.66394639539392495e-12,3.82637243419026829e-01,1.22800909963094695e+00
3021,5.68750000000000000e+00,8.12500000000000000e-01,9.37500000000000000e-01,3.82637243455628051e-01,4.70011104733310093e-11,2.25248739487799968e-11,3.82637243455628051e-01,8.77149356717178863e-01
3022,5.81250000000000000e+00,8.12500000000000000e-01,9.37500000000000000e-01,3.82637243561202267e-01,8.81976582153780520e-11,4.83040139181315899e-11,3.82637243561202267e-01,5.26289613884383223e-01
3023,5.93750000000000000e+00,8.12500000000000000e-01,9.37500000000000000e-01,3.82637244166256940e-01,1.38927639336415873e-10,9.10651592976998782e-11,3.82637244166256940e-01,1.75429872693478928e-01
3024,6.25000000000000000e-02,9.37500000000000000e-01,9.37500000000000000e-01,5.80354551713765821e-01,-6.48763509988257853e-02,-6.48763509988256881e-02,5.87562156314318629e-01,2.05909771816845044e+01
3025,1.87500000000000000e-01,9.37500000000000000e-01,9.37500000000000000e-01,5.46473304658390058e-01,-5.76012056686337967e-02,-5.76012056686338175e-02,5.52511421142786951e-01,1.80142522937085729e+01
3026,3.12500000000000000e-01,9.37500000000000000e-01,9.37500000000000000e-01,3.87479294358228532e-01,-3.42077646099643029e-02,-3.42077646099642751e-02,3.90487574546965810e-01,1.66502616857092107e+01
3027,4.37500000000000000e-01,9.37500000000000000e-01,9.37500000000000000e-01,2.76333569321475403e-01,-1.76309657148480022e-02,-1.76309657148480022e-02,2.77456200936333275e-01,1.59417003531892210e+01
3028,5.62500000000000000e-01,9.37500000000000000e-01,9.37500000000000000e-01,2.28359813380796972e-01,-8.71673438068504107e-03,-8.71673438068509485e-03,2.28692298260871146e-01,1.54162583435914726e+01
3029,6.87500000000000000e-01,9.37500000000000000e-01,9.37500000000000000e-01,2.05286643666748286e-01,-4.27327376605853709e-03,-4.27327376605854837e-03,2.05375577431489764e-01,1.49807089589897249e+01
3030,8.12500000000000000e-01,9.37500000000000000e-01,9.37500000000000000e-01,1.93538606368132665e-01,-2.07880458369235580e-03,-2.07880458369236708e-03,1.93560933589175921e-01,1.45920787895828106e+01
3031,9.37500000000000000e-01,9.37500000000000000e-01,9.37500000000000000e-01,1.87796665716975009e-01,-1.00272325284526368e-03,-1.00272325284516978e-03,1.87802019590463526e-01,1.42243425022072500e+01
3032,1.06250000000000000e+00,9.37500000000000000e-01,9.37500000000000000e-01,1.85032652581533424e-01,-4.83811218375732001e-04,-4.83811218375727664e-04,1.85033917614983473e-01,1.38657447685013171e+01
3033,1.18750000000000000e+00,9.37500000000000000e-01,9.37500000000000000e-01,1.83686412632069918e-01,-2.34851435696826767e-04,-2.34851435696842786e-04,1.83686712900070021e-01,1.35113098150406170e+01
3034,1.31250000000000000e+00,9.37500000000000000e-01,9.37500000000000000e-01,1.83024996027985387e-01,-1.14768181858326259e-04,-1.14768181858443502e-04,1.83025067994838364e-01,1.31587869501249539e+01
3035,1.43750000000000000e+00,9.37500000000000000e-01,9.37500000000000000e-01,1.82698470533165347e-01,-5.65449999106286473e-05,-5.65449999106524794e-05,1.82698488033787271e-01,1.28071400310295758e+01
3036,1.56250000000000000e+00,9.37500000000000000e-01,9.37500000000000000e-01,1.82535863367577933e-01,-2.81533144817546765e-05,-2.81533144817524742e-05,1.82535867709788246e-01,1.24558999668368813e+01
3037,1.68750000000000000e+00,9.37500000000000000e-01,9.37500000000000000e-01,1.82453954351644132e-01,-1.41761533594162047e-05,-1.41761533595354313e-05,1.82453955453090927e-01,1.21048530840565256e+01
3038,1.81250000000000000e+00,9.37500000000000000e-01,9.37500000000000000e-01,1.82412257266866218e-01,-7.21379324008543715e-06,-7.21379324009884992e-06,1.82412257552147544e-01,1.17538997191580616e+01
3039,1.93750000000000000e+00,9.37500000000000000e-01,9.37500000000000000e-01,1.82390836519524674e-01,-3.70581237980406071e-06,-3.70581237979714002e-06,1.82390836594819250e-01,1.14029924353801970e+01
3040,2.06250000000000000e+00,9.37500000000000000e-01,9.37500000000000000e-01,1.82379743185122706e-01,-1.91929704160154602e-06,-1.91929704158297270e-06,1.82379743205320660e-01,1.10521082685619358e+01
3041,2.18750000000000000e+00,9.37500000000000000e-01,9.37500000000000000e-01,1.82373960734863616e-01,-1.00010631941475404e-06,-1.00010631942797474e-06,1.82373960740348035e-01,1.07012358833772918e+01
3042,2.31250000000000000e+00,9.37500000000000000e-01,9.37500000000000000e-01,1.82370933467073393e-01,-5.23322082122326049e-07,-5.23322082136853934e-07,1.82370933468575080e-01,1.03503695654167185e+01
3043,2.43750000000000000e+00,9.37500000000000000e-01,9.37500000000000000e-01,1.82369344220034313e-01,-2.74599362711553467e-07,-2.74599362767732716e-07,1.82369344220447788e-01,9.99950639368693928e+00
3044,2.56250000000000000e+00,9.37500000000000000e-01,9.37500000000000000e-01,1.82368508516189659e-01,-1.44311013536231223e-07,-1.44311013501045130e-07,1.82368508516303846e-01,9.64864486151606648e+00
3045,2.68750000000000000e+00,9.37500000000000000e-01,9.37500000000000000e-01,1.82368068804860922e-01,-7.58739350701211700e-08,-7.58739350545919327e-08,1.82368068804892508e-01,9.29778418579891230e+00
3046,2.81250000000000000e+00,9.37500000000000000e-01,9.37500000000000000e-01,1.82367837519949921e-01,-3.98761918858163332e-08,-3.98761918588936623e-08,1.82367837519958637e-01,8.94692395759477677e+00
3047,2.93750000000000000e+00,9.37500000000000000e-01,9.37500000000000000e-01,1.82367715980043588e-01,-2.09355657324573250e-08,-2.09355657289880468e-08,1.82367715980045975e-01,8.59606396299725617e+00
3048,3.06250000000000000e+00,9.37500000000000000e-01,9.37500000000000000e-01,1.82367652202652053e-01,-1.09741293336512436e-08,-1.09741293278945463e-08,1.82367652202652719e-01,8.24520409010737332e+00
3049,3.18750000000000000e+00,9.37500000000000000e-01,9.37500000000000000e-01,1.82367618799209735e-01,-5.74051505319211895e-09,-5.74051514314340648e-09,1.82367618799209930e-01,7.89434428044667413e+00
3050,3.31250000000000000e+00,9.37500000000000000e-01,9.37500000000000000e-01,1.82367601345333558e-01,-2.99495838063864463e-09,-2.99495846094992380e-09,1.82367601345333613e-01,7.54348450351693689e+00
3051,3.43750000000000000e+00,9.37500000000000000e-01,9.37500000000000000e-01,1.82367592251972604e-01,-1.55731646775558018e-09,-1.55731653653383659e-09,1.82367592251972604e-01,7.19262474345653136e+00
3052,3.56250000000000000e+00,9.37500000000000000e-01,9.37500000000000000e-01,1.82367587532109132e-01,-8.06186250133612859e-10,-8.06186319157461673e-10,1.82367587532109132e-01,6.84176499204259070e+00
3053,3.68750000000000000e+00,9.37500000000000000e-01,9.37500000000000000e-01,1.82367585094641516e-01,-4.14776090262413995e-10,-4.14776107631390267e-10,1.82367585094641516e-01,6.49090524502793187e+00
3054,3.81250000000000000e+00,9.37500000000000000e-01,9.37500000000000000e-01,1.82367583844852077e-01,-2.11491300069792342e-10,-2.11491288115959896e-10,1.82367583844852077e-01,6.14004550022838114e+00
3055,3.93750000000000000e+00,9.37500000000000000e-01,9.37500000000000000e-01,1.82367583210789691e-01,-1.06382877560084185e-10,-1.06382867886374581e-10,1.82367583210789691e-01,5.78918575652677969e+00
3056,4.06250000000000000e+00,9.37500000000000000e-01,9.37500000000000000e-01,1.82367582894300773e-01,-5.23816242505386981e-11,-5.23817284195074782e-11,1.82367582894300773e-01,5.43832601335589594e+00
3057,4.18750000000000000e+00,9.37500000000000000e-01,9.37500000000000000e-01,1.82367582740377926e-01,-2.49012000110949580e-11,-2.49011462416214232e-11,1.82367582740377926e-01,5.08746627043076849e+00
3058,4.31250000000000000e+00,9.37500000000000000e-01,9.37500000000000000e-01,1.82367582668726824e-01,-1.11217717663438202e-11,-1.11216740476350128e-11,1.82367582668726824e-01,4.73660652761059975e+00
3059,4.43750000000000000e+00,9.37500000000000000e-01,9.37500000000000000e-01,1.82367582637976533e-01,-4.37911742828382116e-12,-4.37904628771423926e-12,1.82367582637976533e-01,4.38574678482766256e+00
3060,4.56250000000000000e+00,9.37500000000000000e-01,9.37500000000000000e-01,1.82367582626931340e-01,-1.23495273581968565e-12,-1.23487914888523720e-12,1.82367582626931340e-01,4.03488704205092930e+00
3061,4.68750000000000000e+00,9.37500000000000000e-01,9.37500000000000000e-01,1.82367582624834129e-01,7.91511294424709846e-14,7.92188191465571856e-14,1.82367582624834129e-01,3.68402729926782246e+00
3062,4.81250000000000000e+00,9.37500000000000000e-01,9.37500000000000000e-01,1.82367582626135227e-01,5.10116302456680613e-13,5.10151780807918129e-13,1.82367582626135227e-01,3.33316755647476048e+00
3063,4.93750000000000000e+00,9.37500000000000000e-01,9.37500000000000000e-01,1.82367582628429142e-01,5.59866399333877328e-13,5.59913609161795760e-13,1.82367582628429142e-01,2.98230781367245656e+00
3064,5.06250000000000000e+00,9.37500000000000000e-01,9.37500000000000000e-01,1.82367582630766273e-01,4.78407142359429061e-13,4.78396592650235117e-13,1.82367582630766273e-01,2.63144807086381149e+00
3065,5.18750000000000000e+00,9.37500000000000000e-01,9.37500000000000000e-01,1.82367582632932568e-01,3.91545962320190579e-13,3.91504711043773666e-13,1.82367582632932568e-01,2.28058832805181622e+00
3066,5.31250000000000000e+00,9.37500000000000000e-01,9.37500000000000000e-01,1.82367582634863329e-01,4.63383179461822024e-13,4.63337316500650941e-13,1.82367582634863329e-01,1.92972858523994262e+00
3067,5.43750000000000000e+00,9.37500000000000000e-01,9.37500000000000000e-01,1.82367582639096304e-01,1.11995955338606601e-12,1.11991869170561483e-12,1.82367582639096304e-01,1.57886884244532033e+00
3068,5.56250000000000000e+00,9.37500000000000000e-01,9.37500000000000000e-01,1.82367582651773219e-01,3.50673099160107313e-12,3.50671032070147345e-12,1.82367582651773219e-01,1.22800909968270289e+00
3069,5.68750000000000000e+00,9.37500000000000000e-01,9.37500000000000000e-01,1.82367582661980943e-01,9.20370739453707213e-12,9.20367014034053558e-12,1.82367582661980943e-01,8.77149356839005634e-01
3070,5.81250000000000000e+00,9.37500000000000000e-01,9.37500000000000000e-01,1.82367582708895776e-01,1.88965695804325170e-11,1.88965695895123623e-11,1.82367582708895776e-01,5.26289614192160915e-01
3071,5.93750000000000000e+00,9.37500000000000000e-01,9.37500000000000000e-01,1.82367583073351797e-01,3.97733490438032748e-11,3.97732915837689996e-11,1.82367583073351797e-01,1.75429872846694729e-01
