# vtk DataFile Version 3.0
CFDApp cell fields
ASCII
DATASET UNSTRUCTURED_GRID
POINTS 3969 double
0.00000000000000000e+00 0.00000000000000000e+00 0.00000000000000000e+00
1.25000000000000000e-01 0.00000000000000000e+00 0.00000000000000000e+00
2.50000000000000000e-01 0.00000000000000000e+00 0.00000000000000000e+00
3.75000000000000000e-01 0.00000000000000000e+00 0.00000000000000000e+00
5.00000000000000000e-01 0.00000000000000000e+00 0.00000000000000000e+00
6.25000000000000000e-01 0.00000000000000000e+00 0.00000000000000000e+00
7.50000000000000000e-01 0.00000000000000000e+00 0.00000000000000000e+00
8.75000000000000000e-01 0.00000000000000000e+00 0.00000000000000000e+00
1.00000000000000000e+00 0.00000000000000000e+00 0.00000000000000000e+00
1.12500000000000000e+00 0.00000000000000000e+00 0.00000000000000000e+00
1.25000000000000000e+00 0.00000000000000000e+00 0.00000000000000000e+00
1.37500000000000000e+00 0.00000000000000000e+00 0.00000000000000000e+00
1.50000000000000000e+00 0.00000000000000000e+00 0.00000000000000000e+00
1.62500000000000000e+00 0.00000000000000000e+00 0.00000000000000000e+00
1.75000000000000000e+00 0.00000000000000000e+00 0.00000000000000000e+00
1.87500000000000000e+00 0.00000000000000000e+00 0.00000000000000000e+00
2.00000000000000000e+00 0.00000000000000000e+00 0.00000000000000000e+00
2.12500000000000000e+00 0.00000000000000000e+00 0.00000000000000000e+00
2.25000000000000000e+00 0.00000000000000000e+00 0.00000000000000000e+00
2.37500000000000000e+00 0.00000000000000000e+00 0.00000000000000000e+00
2.50000000000000000e+00 0.00000000000000000e+00 0.00000000000000000e+00
2.62500000000000000e+00 0.00000000000000000e+00 0.00000000000000000e+00
2.75000000000000000e+00 0.00000000000000000e+00 0.00000000000000000e+00
2.87500000000000000e+00 0.00000000000000000e+00 0.00000000000000000e+00
3.00000000000000000e+00 0.00000000000000000e+00 0.00000000000000000e+00
3.12500000000000000e+00 0.00000000000000000e+00 0.00000000000000000e+00
3.25000000000000000e+00 0.00000000000000000e+00 0.00000000000000000e+00
3.37500000000000000e+00 0.00000000000000000e+00 0.00000000000000000e+00
3.50000000000000000e+00 0.00000000000000000e+00 0.00000000000000000e+00
3.62500000000000000e+00 0.00000000000000000e+00 0.00000000000000000e+00
3.75000000000000000e+00 0.00000000000000000e+00 0.00000000000000000e+00
3.87500000000000000e+00 0.00000000000000000e+00 0.00000000000000000e+00
4.00000000000000000e+00 0.00000000000000000e+00 0.00000000000000000e+00
4.12500000000000000e+00 0.00000000000000000e+00 0.00000000000000000e+00
4.25000000000000000e+00 0.00000000000000000e+00 0.00000000000000000e+00
4.37500000000000000e+00 0.00000000000000000e+00 0.00000000000000000e+00
4.50000000000000000e+00 0.00000000000000000e+00 0.00000000000000000e+00
4.62500000000000000e+00 0.00000000000000000e+00 0.00000000000000000e+00
4.75000000000000000e+00 0.00000000000000000e+00 0.00000000000000000e+00
4.87500000000000000e+00 0.00000000000000000e+00 0.00000000000000000e+00
5.00000000000000000e+00 0.00000000000000000e+00 0.00000000000000000e+00
5.12500000000000000e+00 0.00000000000000000e+00 0.00000000000000000e+00
5.25000000000000000e+00 0.00000000000000000e+00 0.00000000000000000e+00
5.37500000000000000e+00 0.00000000000000000e+00 0.00000000000000000e+00
5.50000000000000000e+00 0.00000000000000000e+00 0.00000000000000000e+00
5.62500000000000000e+00 0.00000000000000000e+00 0.00000000000000000e+00
5.75000000000000000e+00 0.00000000000000000e+00 0.00000000000000000e+00
5.87500000000000000e+00 0.00000000000000000e+00 0.00000000000000000e+00
6.00000000000000000e+00 0.00000000000000000e+00 0.00000000000000000e+00
0.00000000000000000e+00 1.25000000000000000e-01 0.00000000000000000e+00
1.25000000000000000e-01 1.25000000000000000e-01 0.00000000000000000e+00
2.50000000000000000e-01 1.25000000000000000e-01 0.00000000000000000e+00
3.75000000000000000e-01 1.25000000000000000e-01 0.00000000000000000e+00
5.00000000000000000e-01 1.25000000000000000e-01 0.00000000000000000e+00
6.25000000000000000e-01 1.25000000000000000e-01 0.00000000000000000e+00
7.50000000000000000e-01 1.25000000000000000e-01 0.00000000000000000e+00
8.75000000000000000e-01 1.25000000000000000e-01 0.00000000000000000e+00
1.00000000000000000e+00 1.25000000000000000e-01 0.00000000000000000e+00
1.12500000000000000e+00 1.25000000000000000e-01 0.00000000000000000e+00
1.25000000000000000e+00 1.25000000000000000e-01 0.00000000000000000e+00
1.37500000000000000e+00 1.25000000000000000e-01 0.00000000000000000e+00
1.50000000000000000e+00 1.25000000000000000e-01 0.00000000000000000e+00
1.62500000000000000e+00 1.25000000000000000e-01 0.00000000000000000e+00
1.75000000000000000e+00 1.25000000000000000e-01 0.00000000000000000e+00
1.87500000000000000e+00 1.25000000000000000e-01 0.00000000000000000e+00
2.00000000000000000e+00 1.25000000000000000e-01 0.00000000000000000e+00
2.12500000000000000e+00 1.25000000000000000e-01 0.00000000000000000e+00
2.25000000000000000e+00 1.25000000000000000e-01 0.00000000000000000e+00
2.37500000000000000e+00 1.25000000000000000e-01 0.00000000000000000e+00
2.50000000000000000e+00 1.25000000000000000e-01 0.00000000000000000e+00
2.62500000000000000e+00 1.25000000000000000e-01 0.00000000000000000e+00
2.75000000000000000e+00 1.25000000000000000e-01 0.00000000000000000e+00
2.87500000000000000e+00 1.25000000000000000e-01 0.00000000000000000e+00
3.00000000000000000e+00 1.25000000000000000e-01 0.00000000000000000e+00
3.12500000000000000e+00 1.25000000000000000e-01 0.00000000000000000e+00
3.25000000000000000e+00 1.25000000000000000e-01 0.00000000000000000e+00
3.37500000000000000e+00 1.25000000000000000e-01 0.00000000000000000e+00
3.50000000000000000e+00 1.25000000000000000e-01 0.00000000000000000e+00
3.62500000000000000e+00 1.25000000000000000e-01 0.00000000000000000e+00
3.75000000000000000e+00 1.25000000000000000e-01 0.00000000000000000e+00
3.87500000000000000e+00 1.25000000000000000e-01 0.00000000000000000e+00
4.00000000000000000e+00 1.25000000000000000e-01 0.00000000000000000e+00
4.12500000000000000e+00 1.25000000000000000e-01 0.00000000000000000e+00
4.25000000000000000e+00 1.25000000000000000e-01 0.00000000000000000e+00
4.37500000000000000e+00 1.25000000000000000e-01 0.00000000000000000e+00
4.50000000000000000e+00 1.25000000000000000e-01 0.00000000000000000e+00
4.62500000000000000e+00 1.25000000000000000e-01 0.00000000000000000e+00
4.75000000000000000e+00 1.25000000000000000e-01 0.00000000000000000e+00
4.87500000000000000e+00 1.25000000000000000e-01 0.00000000000000000e+00
5.00000000000000000e+00 1.25000000000000000e-01 0.00000000000000000e+00
5.12500000000000000e+00 1.25000000000000000e-01 0.00000000000000000e+00
5.25000000000000000e+00 1.25000000000000000e-01 0.00000000000000000e+00
5.37500000000000000e+00 1.25000000000000000e-01 0.00000000000000000e+00
5.50000000000000000e+00 1.25000000000000000e-01 0.00000000000000000e+00
5.62500000000000000e+00 1.25000000000000000e-01 0.00000000000000000e+00
5.75000000000000000e+00 1.25000000000000000e-01 0.00000000000000000e+00
5.87500000000000000e+00 1.25000000000000000e-01 0.00000000000000000e+00
6.00000000000000000e+00 1.25000000000000000e-01 0.00000000000000000e+00
0.00000000000000000e+00 2.50000000000000000e-01 0.00000000000000000e+00
1.25000000000000000e-01 2.50000000000000000e-01 0.00000000000000000e+00
2.50000000000000000e-01 2.50000000000000000e-01 0.00000000000000000e+00
3.75000000000000000e-01 2.50000000000000000e-01 0.00000000000000000e+00
5.00000000000000000e-01 2.50000000000000000e-01 0.00000000000000000e+00
6.25000000000000000e-01 2.50000000000000000e-01 0.00000000000000000e+00
7.50000000000000000e-01 2.50000000000000000e-01 0.00000000000000000e+00
8.75000000000000000e-01 2.50000000000000000e-01 0.00000000000000000e+00
1.00000000000000000e+00 2.50000000000000000e-01 0.00000000000000000e+00
1.12500000000000000e+00 2.50000000000000000e-01 0.00000000000000000e+00
1.25000000000000000e+00 2.50000000000000000e-01 0.00000000000000000e+00
1.37500000000000000e+00 2.50000000000000000e-01 0.00000000000000000e+00
1.50000000000000000e+00 2.50000000000000000e-01 0.00000000000000000e+00
1.62500000000000000e+00 2.50000000000000000e-01 0.00000000000000000e+00
1.75000000000000000e+00 2.50000000000000000e-01 0.00000000000000000e+00
1.87500000000000000e+00 2.50000000000000000e-01 0.00000000000000000e+00
2.00000000000000000e+00 2.50000000000000000e-01 0.00000000000000000e+00
2.12500000000000000e+00 2.50000000000000000e-01 0.00000000000000000e+00
2.25000000000000000e+00 2.50000000000000000e-01 0.00000000000000000e+00
2.37500000000000000e+00 2.50000000000000000e-01 0.00000000000000000e+00
2.50000000000000000e+00 2.50000000000000000e-01 0.00000000000000000e+00
2.62500000000000000e+00 2.50000000000000000e-01 0.00000000000000000e+00
2.75000000000000000e+00 2.50000000000000000e-01 0.00000000000000000e+00
2.87500000000000000e+00 2.50000000000000000e-01 0.00000000000000000e+00
3.00000000000000000e+00 2.50000000000000000e-01 0.00000000000000000e+00
3.12500000000000000e+00 2.50000000000000000e-01 0.00000000000000000e+00
3.25000000000000000e+00 2.50000000000000000e-01 0.00000000000000000e+00
3.37500000000000000e+00 2.50000000000000000e-01 0.00000000000000000e+00
3.50000000000000000e+00 2.50000000000000000e-01 0.00000000000000000e+00
3.62500000000000000e+00 2.50000000000000000e-01 0.00000000000000000e+00
3.75000000000000000e+00 2.50000000000000000e-01 0.00000000000000000e+00
3.87500000000000000e+00 2.50000000000000000e-01 0.00000000000000000e+00
4.00000000000000000e+00 2.50000000000000000e-01 0.00000000000000000e+00
4.12500000000000000e+00 2.50000000000000000e-01 0.00000000000000000e+00
4.25000000000000000e+00 2.50000000000000000e-01 0.00000000000000000e+00
4.37500000000000000e+00 2.50000000000000000e-01 0.00000000000000000e+00
4.50000000000000000e+00 2.50000000000000000e-01 0.00000000000000000e+00
4.62500000000000000e+00 2.50000000000000000e-01 0.00000000000000000e+00
4.75000000000000000e+00 2.50000000000000000e-01 0.00000000000000000e+00
4.87500000000000000e+00 2.50000000000000000e-01 0.00000000000000000e+00
5.00000000000000000e+00 2.50000000000000000e-01 0.00000000000000000e+00
5.12500000000000000e+00 2.50000000000000000e-01 0.00000000000000000e+00
5.25000000000000000e+00 2.50000000000000000e-01 0.00000000000000000e+00
5.37500000000000000e+00 2.50000000000000000e-01 0.00000000000000000e+00
5.50000000000000000e+00 2.50000000000000000e-01 0.00000000000000000e+00
5.62500000000000000e+00 2.50000000000000000e-01 0.00000000000000000e+00
5.75000000000000000e+00 2.50000000000000000e-01 0.00000000000000000e+00
5.87500000000000000e+00 2.50000000000000000e-01 0.00000000000000000e+00
6.00000000000000000e+00 2.50000000000000000e-01 0.00000000000000000e+00
0.00000000000000000e+00 3.75000000000000000e-01 0.00000000000000000e+00
1.25000000000000000e-01 3.75000000000000000e-01 0.00000000000000000e+00
2.50000000000000000e-01 3.75000000000000000e-01 0.00000000000000000e+00
3.75000000000000000e-01 3.75000000000000000e-01 0.00000000000000000e+00
5.00000000000000000e-01 3.75000000000000000e-01 0.00000000000000000e+00
6.25000000000000000e-01 3.75000000000000000e-01 0.00000000000000000e+00
7.50000000000000000e-01 3.75000000000000000e-01 0.00000000000000000e+00
8.75000000000000000e-01 3.75000000000000000e-01 0.00000000000000000e+00
1.00000000000000000e+00 3.75000000000000000e-01 0.00000000000000000e+00
1.12500000000000000e+00 3.75000000000000000e-01 0.00000000000000000e+00
1.25000000000000000e+00 3.75000000000000000e-01 0.00000000000000000e+00
1.37500000000000000e+00 3.75000000000000000e-01 0.00000000000000000e+00
1.50000000000000000e+00 3.75000000000000000e-01 0.00000000000000000e+00
1.62500000000000000e+00 3.75000000000000000e-01 0.00000000000000000e+00
1.75000000000000000e+00 3.75000000000000000e-01 0.00000000000000000e+00
1.87500000000000000e+00 3.75000000000000000e-01 0.00000000000000000e+00
2.00000000000000000e+00 3.75000000000000000e-01 0.00000000000000000e+00
2.12500000000000000e+00 3.75000000000000000e-01 0.00000000000000000e+00
2.25000000000000000e+00 3.75000000000000000e-01 0.00000000000000000e+00
2.37500000000000000e+00 3.75000000000000000e-01 0.00000000000000000e+00
2.50000000000000000e+00 3.75000000000000000e-01 0.00000000000000000e+00
2.62500000000000000e+00 3.75000000000000000e-01 0.00000000000000000e+00
2.75000000000000000e+00 3.75000000000000000e-01 0.00000000000000000e+00
2.87500000000000000e+00 3.75000000000000000e-01 0.00000000000000000e+00
3.00000000000000000e+00 3.75000000000000000e-01 0.00000000000000000e+00
3.12500000000000000e+00 3.75000000000000000e-01 0.00000000000000000e+00
3.25000000000000000e+00 3.75000000000000000e-01 0.00000000000000000e+00
3.37500000000000000e+00 3.75000000000000000e-01 0.00000000000000000e+00
3.50000000000000000e+00 3.75000000000000000e-01 0.00000000000000000e+00
3.62500000000000000e+00 3.75000000000000000e-01 0.00000000000000000e+00
3.75000000000000000e+00 3.75000000000000000e-01 0.00000000000000000e+00
3.87500000000000000e+00 3.75000000000000000e-01 0.00000000000000000e+00
4.00000000000000000e+00 3.75000000000000000e-01 0.00000000000000000e+00
4.12500000000000000e+00 3.75000000000000000e-01 0.00000000000000000e+00
4.25000000000000000e+00 3.75000000000000000e-01 0.00000000000000000e+00
4.37500000000000000e+00 3.75000000000000000e-01 0.00000000000000000e+00
4.50000000000000000e+00 3.75000000000000000e-01 0.00000000000000000e+00
4.62500000000000000e+00 3.75000000000000000e-01 0.00000000000000000e+00
4.75000000000000000e+00 3.75000000000000000e-01 0.00000000000000000e+00
4.87500000000000000e+00 3.75000000000000000e-01 0.00000000000000000e+00
5.00000000000000000e+00 3.75000000000000000e-01 0.00000000000000000e+00
5.12500000000000000e+00 3.75000000000000000e-01 0.00000000000000000e+00
5.25000000000000000e+00 3.75000000000000000e-01 0.00000000000000000e+00
5.37500000000000000e+00 3.75000000000000000e-01 0.00000000000000000e+00
5.50000000000000000e+00 3.75000000000000000e-01 0.00000000000000000e+00
5.62500000000000000e+00 3.75000000000000000e-01 0.00000000000000000e+00
5.75000000000000000e+00 3.75000000000000000e-01 0.00000000000000000e+00
5.87500000000000000e+00 3.75000000000000000e-01 0.00000000000000000e+00
6.00000000000000000e+00 3.75000000000000000e-01 0.00000000000000000e+00
0.00000000000000000e+00 5.00000000000000000e-01 0.00000000000000000e+00
1.25000000000000000e-01 5.00000000000000000e-01 0.00000000000000000e+00
2.50000000000000000e-01 5.00000000000000000e-01 0.00000000000000000e+00
3.75000000000000000e-01 5.00000000000000000e-01 0.00000000000000000e+00
5.00000000000000000e-01 5.00000000000000000e-01 0.00000000000000000e+00
6.25000000000000000e-01 5.00000000000000000e-01 0.00000000000000000e+00
7.50000000000000000e-01 5.00000000000000000e-01 0.00000000000000000e+00
8.75000000000000000e-01 5.00000000000000000e-01 0.00000000000000000e+00
1.00000000000000000e+00 5.00000000000000000e-01 0.00000000000000000e+00
1.12500000000000000e+00 5.00000000000000000e-01 0.00000000000000000e+00
1.25000000000000000e+00 5.00000000000000000e-01 0.00000000000000000e+00
1.37500000000000000e+00 5.00000000000000000e-01 0.00000000000000000e+00
1.50000000000000000e+00 5.00000000000000000e-01 0.00000000000000000e+00
1.62500000000000000e+00 5.00000000000000000e-01 0.00000000000000000e+00
1.75000000000000000e+00 5.00000000000000000e-01 0.00000000000000000e+00
1.87500000000000000e+00 5.00000000000000000e-01 0.00000000000000000e+00
2.00000000000000000e+00 5.00000000000000000e-01 0.00000000000000000e+00
2.12500000000000000e+00 5.00000000000000000e-01 0.00000000000000000e+00
2.25000000000000000e+00 5.00000000000000000e-01 0.00000000000000000e+00
2.37500000000000000e+00 5.00000000000000000e-01 0.00000000000000000e+00
2.50000000000000000e+00 5.00000000000000000e-01 0.00000000000000000e+00
2.62500000000000000e+00 5.00000000000000000e-01 0.00000000000000000e+00
2.75000000000000000e+00 5.00000000000000000e-01 0.00000000000000000e+00
2.87500000000000000e+00 5.00000000000000000e-01 0.00000000000000000e+00
3.00000000000000000e+00 5.00000000000000000e-01 0.00000000000000000e+00
3.12500000000000000e+00 5.00000000000000000e-01 0.00000000000000000e+00
3.25000000000000000e+00 5.00000000000000000e-01 0.00000000000000000e+00
3.37500000000000000e+00 5.00000000000000000e-01 0.00000000000000000e+00
3.50000000000000000e+00 5.00000000000000000e-01 0.00000000000000000e+00
3.62500000000000000e+00 5.00000000000000000e-01 0.00000000000000000e+00
3.75000000000000000e+00 5.00000000000000000e-01 0.00000000000000000e+00
3.87500000000000000e+00 5.00000000000000000e-01 0.00000000000000000e+00
4.00000000000000000e+00 5.00000000000000000e-01 0.00000000000000000e+00
4.12500000000000000e+00 5.00000000000000000e-01 0.00000000000000000e+00
4.25000000000000000e+00 5.00000000000000000e-01 0.00000000000000000e+00
4.37500000000000000e+00 5.00000000000000000e-01 0.00000000000000000e+00
4.50000000000000000e+00 5.00000000000000000e-01 0.00000000000000000e+00
4.62500000000000000e+00 5.00000000000000000e-01 0.00000000000000000e+00
4.75000000000000000e+00 5.00000000000000000e-01 0.00000000000000000e+00
4.87500000000000000e+00 5.00000000000000000e-01 0.00000000000000000e+00
5.00000000000000000e+00 5.00000000000000000e-01 0.00000000000000000e+00
5.12500000000000000e+00 5.00000000000000000e-01 0.00000000000000000e+00
5.25000000000000000e+00 5.00000000000000000e-01 0.00000000000000000e+00
5.37500000000000000e+00 5.00000000000000000e-01 0.00000000000000000e+00
5.50000000000000000e+00 5.00000000000000000e-01 0.00000000000000000e+00
5.62500000000000000e+00 5.00000000000000000e-01 0.00000000000000000e+00
5.75000000000000000e+00 5.00000000000000000e-01 0.00000000000000000e+00
5.87500000000000000e+00 5.00000000000000000e-01 0.00000000000000000e+00
6.00000000000000000e+00 5.00000000000000000e-01 0.00000000000000000e+00
0.00000000000000000e+00 6.25000000000000000e-01 0.00000000000000000e+00
1.25000000000000000e-01 6.25000000000000000e-01 0.00000000000000000e+00
2.50000000000000000e-01 6.25000000000000000e-01 0.00000000000000000e+00
3.75000000000000000e-01 6.25000000000000000e-01 0.00000000000000000e+00
5.00000000000000000e-01 6.25000000000000000e-01 0.00000000000000000e+00
6.25000000000000000e-01 6.25000000000000000e-01 0.00000000000000000e+00
7.50000000000000000e-01 6.25000000000000000e-01 0.00000000000000000e+00
8.75000000000000000e-01 6.25000000000000000e-01 0.00000000000000000e+00
1.00000000000000000e+00 6.25000000000000000e-01 0.00000000000000000e+00
1.12500000000000000e+00 6.25000000000000000e-01 0.00000000000000000e+00
1.25000000000000000e+00 6.25000000000000000e-01 0.00000000000000000e+00
1.37500000000000000e+00 6.25000000000000000e-01 0.00000000000000000e+00
1.50000000000000000e+00 6.25000000000000000e-01 0.00000000000000000e+00
1.62500000000000000e+00 6.25000000000000000e-01 0.00000000000000000e+00
1.75000000000000000e+00 6.25000000000000000e-01 0.00000000000000000e+00
1.87500000000000000e+00 6.25000000000000000e-01 0.00000000000000000e+00
2.00000000000000000e+00 6.25000000000000000e-01 0.00000000000000000e+00
2.12500000000000000e+00 6.25000000000000000e-01 0.00000000000000000e+00
2.25000000000000000e+00 6.25000000000000000e-01 0.00000000000000000e+00
2.37500000000000000e+00 6.25000000000000000e-01 0.00000000000000000e+00
2.50000000000000000e+00 6.25000000000000000e-01 0.00000000000000000e+00
2.62500000000000000e+00 6.25000000000000000e-01 0.00000000000000000e+00
2.75000000000000000e+00 6.25000000000000000e-01 0.00000000000000000e+00
2.87500000000000000e+00 6.25000000000000000e-01 0.00000000000000000e+00
3.00000000000000000e+00 6.25000000000000000e-01 0.00000000000000000e+00
3.12500000000000000e+00 6.25000000000000000e-01 0.00000000000000000e+00
3.25000000000000000e+00 6.25000000000000000e-01 0.00000000000000000e+00
3.37500000000000000e+00 6.25000000000000000e-01 0.00000000000000000e+00
3.50000000000000000e+00 6.25000000000000000e-01 0.00000000000000000e+00
3.62500000000000000e+00 6.25000000000000000e-01 0.00000000000000000e+00
3.75000000000000000e+00 6.25000000000000000e-01 0.00000000000000000e+00
3.87500000000000000e+00 6.25000000000000000e-01 0.00000000000000000e+00
4.00000000000000000e+00 6.25000000000000000e-01 0.00000000000000000e+00
4.12500000000000000e+00 6.25000000000000000e-01 0.00000000000000000e+00
4.25000000000000000e+00 6.25000000000000000e-01 0.00000000000000000e+00
4.37500000000000000e+00 6.25000000000000000e-01 0.00000000000000000e+00
4.50000000000000000e+00 6.25000000000000000e-01 0.00000000000000000e+00
4.62500000000000000e+00 6.25000000000000000e-01 0.00000000000000000e+00
4.75000000000000000e+00 6.25000000000000000e-01 0.00000000000000000e+00
4.87500000000000000e+00 6.25000000000000000e-01 0.00000000000000000e+00
5.00000000000000000e+00 6.25000000000000000e-01 0.00000000000000000e+00
5.12500000000000000e+00 6.25000000000000000e-01 0.00000000000000000e+00
5.25000000000000000e+00 6.25000000000000000e-01 0.00000000000000000e+00
5.37500000000000000e+00 6.25000000000000000e-01 0.00000000000000000e+00
5.50000000000000000e+00 6.25000000000000000e-01 0.00000000000000000e+00
5.62500000000000000e+00 6.25000000000000000e-01 0.00000000000000000e+00
5.75000000000000000e+00 6.25000000000000000e-01 0.00000000000000000e+00
5.87500000000000000e+00 6.25000000000000000e-01 0.00000000000000000e+00
6.00000000000000000e+00 6.25000000000000000e-01 0.00000000000000000e+00
0.00000000000000000e+00 7.50000000000000000e-01 0.00000000000000000e+00
1.25000000000000000e-01 7.50000000000000000e-01 0.00000000000000000e+00
2.50000000000000000e-01 7.50000000000000000e-01 0.00000000000000000e+00
3.75000000000000000e-01 7.50000000000000000e-01 0.00000000000000000e+00
5.00000000000000000e-01 7.50000000000000000e-01 0.00000000000000000e+00
6.25000000000000000e-01 7.50000000000000000e-01 0.00000000000000000e+00
7.50000000000000000e-01 7.50000000000000000e-01 0.00000000000000000e+00
8.75000000000000000e-01 7.50000000000000000e-01 0.00000000000000000e+00
1.00000000000000000e+00 7.50000000000000000e-01 0.00000000000000000e+00
1.12500000000000000e+00 7.50000000000000000e-01 0.00000000000000000e+00
1.25000000000000000e+00 7.50000000000000000e-01 0.00000000000000000e+00
1.37500000000000000e+00 7.50000000000000000e-01 0.00000000000000000e+00
1.50000000000000000e+00 7.50000000000000000e-01 0.00000000000000000e+00
1.62500000000000000e+00 7.50000000000000000e-01 0.00000000000000000e+00
1.75000000000000000e+00 7.50000000000000000e-01 0.00000000000000000e+00
1.87500000000000000e+00 7.50000000000000000e-01 0.00000000000000000e+00
2.00000000000000000e+00 7.50000000000000000e-01 0.00000000000000000e+00
2.12500000000000000e+00 7.50000000000000000e-01 0.00000000000000000e+00
2.25000000000000000e+00 7.50000000000000000e-01 0.00000000000000000e+00
2.37500000000000000e+00 7.50000000000000000e-01 0.00000000000000000e+00
2.50000000000000000e+00 7.50000000000000000e-01 0.00000000000000000e+00
2.62500000000000000e+00 7.50000000000000000e-01 0.00000000000000000e+00
2.75000000000000000e+00 7.50000000000000000e-01 0.00000000000000000e+00
2.87500000000000000e+00 7.50000000000000000e-01 0.00000000000000000e+00
3.00000000000000000e+00 7.50000000000000000e-01 0.00000000000000000e+00
3.12500000000000000e+00 7.50000000000000000e-01 0.00000000000000000e+00
3.25000000000000000e+00 7.50000000000000000e-01 0.00000000000000000e+00
3.37500000000000000e+00 7.50000000000000000e-01 0.00000000000000000e+00
3.50000000000000000e+00 7.50000000000000000e-01 0.00000000000000000e+00
3.62500000000000000e+00 7.50000000000000000e-01 0.00000000000000000e+00
3.75000000000000000e+00 7.50000000000000000e-01 0.00000000000000000e+00
3.87500000000000000e+00 7.50000000000000000e-01 0.00000000000000000e+00
4.00000000000000000e+00 7.50000000000000000e-01 0.00000000000000000e+00
4.12500000000000000e+00 7.50000000000000000e-01 0.00000000000000000e+00
4.25000000000000000e+00 7.50000000000000000e-01 0.00000000000000000e+00
4.37500000000000000e+00 7.50000000000000000e-01 0.00000000000000000e+00
4.50000000000000000e+00 7.50000000000000000e-01 0.00000000000000000e+00
4.62500000000000000e+00 7.50000000000000000e-01 0.00000000000000000e+00
4.75000000000000000e+00 7.50000000000000000e-01 0.00000000000000000e+00
4.87500000000000000e+00 7.50000000000000000e-01 0.00000000000000000e+00
5.00000000000000000e+00 7.50000000000000000e-01 0.00000000000000000e+00
5.12500000000000000e+00 7.50000000000000000e-01 0.00000000000000000e+00
5.25000000000000000e+00 7.50000000000000000e-01 0.00000000000000000e+00
5.37500000000000000e+00 7.50000000000000000e-01 0.00000000000000000e+00
5.50000000000000000e+00 7.50000000000000000e-01 0.00000000000000000e+00
5.62500000000000000e+00 7.50000000000000000e-01 0.00000000000000000e+00
5.75000000000000000e+00 7.50000000000000000e-01 0.00000000000000000e+00
5.87500000000000000e+00 7.50000000000000000e-01 0.00000000000000000e+00
6.00000000000000000e+00 7.50000000000000000e-01 0.00000000000000000e+00
0.00000000000000000e+00 8.75000000000000000e-01 0.00000000000000000e+00
1.25000000000000000e-01 8.75000000000000000e-01 0.00000000000000000e+00
2.50000000000000000e-01 8.75000000000000000e-01 0.00000000000000000e+00
3.75000000000000000e-01 8.75000000000000000e-01 0.00000000000000000e+00
5.00000000000000000e-01 8.75000000000000000e-01 0.00000000000000000e+00
6.25000000000000000e-01 8.75000000000000000e-01 0.00000000000000000e+00
7.50000000000000000e-01 8.75000000000000000e-01 0.00000000000000000e+00
8.75000000000000000e-01 8.75000000000000000e-01 0.00000000000000000e+00
1.00000000000000000e+00 8.75000000000000000e-01 0.00000000000000000e+00
1.12500000000000000e+00 8.75000000000000000e-01 0.00000000000000000e+00
1.25000000000000000e+00 8.75000000000000000e-01 0.00000000000000000e+00
1.37500000000000000e+00 8.75000000000000000e-01 0.00000000000000000e+00
1.50000000000000000e+00 8.75000000000000000e-01 0.00000000000000000e+00
1.62500000000000000e+00 8.75000000000000000e-01 0.00000000000000000e+00
1.75000000000000000e+00 8.75000000000000000e-01 0.00000000000000000e+00
1.87500000000000000e+00 8.75000000000000000e-01 0.00000000000000000e+00
2.00000000000000000e+00 8.75000000000000000e-01 0.00000000000000000e+00
2.12500000000000000e+00 8.75000000000000000e-01 0.00000000000000000e+00
2.25000000000000000e+00 8.75000000000000000e-01 0.00000000000000000e+00
2.37500000000000000e+00 8.75000000000000000e-01 0.00000000000000000e+00
2.50000000000000000e+00 8.75000000000000000e-01 0.00000000000000000e+00
2.62500000000000000e+00 8.75000000000000000e-01 0.00000000000000000e+00
2.75000000000000000e+00 8.75000000000000000e-01 0.00000000000000000e+00
2.87500000000000000e+00 8.75000000000000000e-01 0.00000000000000000e+00
3.00000000000000000e+00 8.75000000000000000e-01 0.00000000000000000e+00
3.12500000000000000e+00 8.75000000000000000e-01 0.00000000000000000e+00
3.25000000000000000e+00 8.75000000000000000e-01 0.00000000000000000e+00
3.37500000000000000e+00 8.75000000000000000e-01 0.00000000000000000e+00
3.50000000000000000e+00 8.75000000000000000e-01 0.00000000000000000e+00
3.62500000000000000e+00 8.75000000000000000e-01 0.00000000000000000e+00
3.75000000000000000e+00 8.75000000000000000e-01 0.00000000000000000e+00
3.87500000000000000e+00 8.75000000000000000e-01 0.00000000000000000e+00
4.00000000000000000e+00 8.75000000000000000e-01 0.00000000000000000e+00
4.12500000000000000e+00 8.75000000000000000e-01 0.00000000000000000e+00
4.25000000000000000e+00 8.75000000000000000e-01 0.00000000000000000e+00
4.37500000000000000e+00 8.75000000000000000e-01 0.00000000000000000e+00
4.50000000000000000e+00 8.75000000000000000e-01 0.00000000000000000e+00
4.62500000000000000e+00 8.75000000000000000e-01 0.00000000000000000e+00
4.75000000000000000e+00 8.75000000000000000e-01 0.00000000000000000e+00
4.87500000000000000e+00 8.75000000000000000e-01 0.00000000000000000e+00
5.00000000000000000e+00 8.75000000000000000e-01 0.00000000000000000e+00
5.12500000000000000e+00 8.75000000000000000e-01 0.00000000000000000e+00
5.25000000000000000e+00 8.75000000000000000e-01 0.00000000000000000e+00
5.37500000000000000e+00 8.75000000000000000e-01 0.00000000000000000e+00
5.50000000000000000e+00 8.75000000000000000e-01 0.00000000000000000e+00
5.62500000000000000e+00 8.75000000000000000e-01 0.00000000000000000e+00
5.75000000000000000e+00 8.75000000000000000e-01 0.00000000000000000e+00
5.87500000000000000e+00 8.75000000000000000e-01 0.00000000000000000e+00
6.00000000000000000e+00 8.75000000000000000e-01 0.00000000000000000e+00
0.00000000000000000e+00 1.00000000000000000e+00 0.00000000000000000e+00
1.25000000000000000e-01 1.00000000000000000e+00 0.00000000000000000e+00
2.50000000000000000e-01 1.00000000000000000e+00 0.00000000000000000e+00
3.75000000000000000e-01 1.00000000000000000e+00 0.00000000000000000e+00
5.00000000000000000e-01 1.00000000000000000e+00 0.00000000000000000e+00
6.25000000000000000e-01 1.00000000000000000e+00 0.00000000000000000e+00
7.50000000000000000e-01 1.00000000000000000e+00 0.00000000000000000e+00
8.75000000000000000e-01 1.00000000000000000e+00 0.00000000000000000e+00
1.00000000000000000e+00 1.00000000000000000e+00 0.00000000000000000e+00
1.12500000000000000e+00 1.00000000000000000e+00 0.00000000000000000e+00
1.25000000000000000e+00 1.00000000000000000e+00 0.00000000000000000e+00
1.37500000000000000e+00 1.00000000000000000e+00 0.00000000000000000e+00
1.50000000000000000e+00 1.00000000000000000e+00 0.00000000000000000e+00
1.62500000000000000e+00 1.00000000000000000e+00 0.00000000000000000e+00
1.75000000000000000e+00 1.00000000000000000e+00 0.00000000000000000e+00
1.87500000000000000e+00 1.00000000000000000e+00 0.00000000000000000e+00
2.00000000000000000e+00 1.00000000000000000e+00 0.00000000000000000e+00
2.12500000000000000e+00 1.00000000000000000e+00 0.00000000000000000e+00
2.25000000000000000e+00 1.00000000000000000e+00 0.00000000000000000e+00
2.37500000000000000e+00 1.00000000000000000e+00 0.00000000000000000e+00
2.50000000000000000e+00 1.00000000000000000e+00 0.00000000000000000e+00
2.62500000000000000e+00 1.00000000000000000e+00 0.00000000000000000e+00
2.75000000000000000e+00 1.00000000000000000e+00 0.00000000000000000e+00
2.87500000000000000e+00 1.00000000000000000e+00 0.00000000000000000e+00
3.00000000000000000e+00 1.00000000000000000e+00 0.00000000000000000e+00
3.12500000000000000e+00 1.00000000000000000e+00 0.00000000000000000e+00
3.25000000000000000e+00 1.00000000000000000e+00 0.00000000000000000e+00
3.37500000000000000e+00 1.00000000000000000e+00 0.00000000000000000e+00
3.50000000000000000e+00 1.00000000000000000e+00 0.00000000000000000e+00
3.62500000000000000e+00 1.00000000000000000e+00 0.00000000000000000e+00
3.75000000000000000e+00 1.00000000000000000e+00 0.00000000000000000e+00
3.87500000000000000e+00 1.00000000000000000e+00 0.00000000000000000e+00
4.00000000000000000e+00 1.00000000000000000e+00 0.00000000000000000e+00
4.12500000000000000e+00 1.00000000000000000e+00 0.00000000000000000e+00
4.25000000000000000e+00 1.00000000000000000e+00 0.00000000000000000e+00
4.37500000000000000e+00 1.00000000000000000e+00 0.00000000000000000e+00
4.50000000000000000e+00 1.00000000000000000e+00 0.00000000000000000e+00
4.62500000000000000e+00 1.00000000000000000e+00 0.00000000000000000e+00
4.75000000000000000e+00 1.00000000000000000e+00 0.00000000000000000e+00
4.87500000000000000e+00 1.00000000000000000e+00 0.00000000000000000e+00
5.00000000000000000e+00 1.00000000000000000e+00 0.00000000000000000e+00
5.12500000000000000e+00 1.00000000000000000e+00 0.00000000000000000e+00
5.25000000000000000e+00 1.00000000000000000e+00 0.00000000000000000e+00
5.37500000000000000e+00 1.00000000000000000e+00 0.00000000000000000e+00
5.50000000000000000e+00 1.00000000000000000e+00 0.00000000000000000e+00
5.62500000000000000e+00 1.00000000000000000e+00 0.00000000000000000e+00
5.75000000000000000e+00 1.00000000000000000e+00 0.00000000000000000e+00
5.87500000000000000e+00 1.00000000000000000e+00 0.00000000000000000e+00
6.00000000000000000e+00 1.00000000000000000e+00 0.00000000000000000e+00
0.00000000000000000e+00 0.00000000000000000e+00 1.25000000000000000e-01
1.25000000000000000e-01 0.00000000000000000e+00 1.25000000000000000e-01
2.50000000000000000e-01 0.00000000000000000e+00 1.25000000000000000e-01
3.75000000000000000e-01 0.00000000000000000e+00 1.25000000000000000e-01
5.00000000000000000e-01 0.00000000000000000e+00 1.25000000000000000e-01
6.25000000000000000e-01 0.00000000000000000e+00 1.25000000000000000e-01
7.50000000000000000e-01 0.00000000000000000e+00 1.25000000000000000e-01
8.75000000000000000e-01 0.00000000000000000e+00 1.25000000000000000e-01
1.00000000000000000e+00 0.00000000000000000e+00 1.25000000000000000e-01
1.12500000000000000e+00 0.00000000000000000e+00 1.25000000000000000e-01
1.25000000000000000e+00 0.00000000000000000e+00 1.25000000000000000e-01
1.37500000000000000e+00 0.00000000000000000e+00 1.25000000000000000e-01
1.50000000000000000e+00 0.00000000000000000e+00 1.25000000000000000e-01
1.62500000000000000e+00 0.00000000000000000e+00 1.25000000000000000e-01
1.75000000000000000e+00 0.00000000000000000e+00 1.25000000000000000e-01
1.87500000000000000e+00 0.00000000000000000e+00 1.25000000000000000e-01
2.00000000000000000e+00 0.00000000000000000e+00 1.25000000000000000e-01
2.12500000000000000e+00 0.00000000000000000e+00 1.25000000000000000e-01
2.25000000000000000e+00 0.00000000000000000e+00 1.25000000000000000e-01
2.37500000000000000e+00 0.00000000000000000e+00 1.25000000000000000e-01
2.50000000000000000e+00 0.00000000000000000e+00 1.25000000000000000e-01
2.62500000000000000e+00 0.00000000000000000e+00 1.25000000000000000e-01
2.75000000000000000e+00 0.00000000000000000e+00 1.25000000000000000e-01
2.87500000000000000e+00 0.00000000000000000e+00 1.25000000000000000e-01
3.00000000000000000e+00 0.00000000000000000e+00 1.25000000000000000e-01
3.12500000000000000e+00 0.00000000000000000e+00 1.25000000000000000e-01
3.25000000000000000e+00 0.00000000000000000e+00 1.25000000000000000e-01
3.37500000000000000e+00 0.00000000000000000e+00 1.25000000000000000e-01
3.50000000000000000e+00 0.00000000000000000e+00 1.25000000000000000e-01
3.62500000000000000e+00 0.00000000000000000e+00 1.25000000000000000e-01
3.75000000000000000e+00 0.00000000000000000e+00 1.25000000000000000e-01
3.87500000000000000e+00 0.00000000000000000e+00 1.25000000000000000e-01
4.00000000000000000e+00 0.00000000000000000e+00 1.25000000000000000e-01
4.12500000000000000e+00 0.00000000000000000e+00 1.25000000000000000e-01
4.25000000000000000e+00 0.00000000000000000e+00 1.25000000000000000e-01
4.37500000000000000e+00 0.00000000000000000e+00 1.25000000000000000e-01
4.50000000000000000e+00 0.00000000000000000e+00 1.25000000000000000e-01
4.62500000000000000e+00 0.00000000000000000e+00 1.25000000000000000e-01
4.75000000000000000e+00 0.00000000000000000e+00 1.25000000000000000e-01
4.87500000000000000e+00 0.00000000000000000e+00 1.25000000000000000e-01
5.00000000000000000e+00 0.00000000000000000e+00 1.25000000000000000e-01
5.12500000000000000e+00 0.00000000000000000e+00 1.25000000000000000e-01
5.25000000000000000e+00 0.00000000000000000e+00 1.25000000000000000e-01
5.37500000000000000e+00 0.00000000000000000e+00 1.25000000000000000e-01
5.50000000000000000e+00 0.00000000000000000e+00 1.25000000000000000e-01
5.62500000000000000e+00 0.00000000000000000e+00 1.25000000000000000e-01
5.75000000000000000e+00 0.00000000000000000e+00 1.25000000000000000e-01
5.87500000000000000e+00 0.00000000000000000e+00 1.25000000000000000e-01
6.00000000000000000e+00 0.00000000000000000e+00 1.25000000000000000e-01
0.00000000000000000e+00 1.25000000000000000e-01 1.25000000000000000e-01
1.25000000000000000e-01 1.25000000000000000e-01 1.25000000000000000e-01
2.50000000000000000e-01 1.25000000000000000e-01 1.25000000000000000e-01
3.75000000000000000e-01 1.25000000000000000e-01 1.25000000000000000e-01
5.00000000000000000e-01 1.25000000000000000e-01 1.25000000000000000e-01
6.25000000000000000e-01 1.25000000000000000e-01 1.25000000000000000e-01
7.50000000000000000e-01 1.25000000000000000e-01 1.25000000000000000e-01
8.75000000000000000e-01 1.25000000000000000e-01 1.25000000000000000e-01
1.00000000000000000e+00 1.25000000000000000e-01 1.25000000000000000e-01
1.12500000000000000e+00 1.25000000000000000e-01 1.25000000000000000e-01
1.25000000000000000e+00 1.25000000000000000e-01 1.25000000000000000e-01
1.37500000000000000e+00 1.25000000000000000e-01 1.25000000000000000e-01
1.50000000000000000e+00 1.25000000000000000e-01 1.25000000000000000e-01
1.62500000000000000e+00 1.25000000000000000e-01 1.25000000000000000e-01
1.75000000000000000e+00 1.25000000000000000e-01 1.25000000000000000e-01
1.87500000000000000e+00 1.25000000000000000e-01 1.25000000000000000e-01
2.00000000000000000e+00 1.25000000000000000e-01 1.25000000000000000e-01
2.12500000000000000e+00 1.25000000000000000e-01 1.25000000000000000e-01
2.25000000000000000e+00 1.25000000000000000e-01 1.25000000000000000e-01
2.37500000000000000e+00 1.25000000000000000e-01 1.25000000000000000e-01
2.50000000000000000e+00 1.25000000000000000e-01 1.25000000000000000e-01
2.62500000000000000e+00 1.25000000000000000e-01 1.25000000000000000e-01
2.75000000000000000e+00 1.25000000000000000e-01 1.25000000000000000e-01
2.87500000000000000e+00 1.25000000000000000e-01 1.25000000000000000e-01
3.00000000000000000e+00 1.25000000000000000e-01 1.25000000000000000e-01
3.12500000000000000e+00 1.25000000000000000e-01 1.25000000000000000e-01
3.25000000000000000e+00 1.25000000000000000e-01 1.25000000000000000e-01
3.37500000000000000e+00 1.25000000000000000e-01 1.25000000000000000e-01
3.50000000000000000e+00 1.25000000000000000e-01 1.25000000000000000e-01
3.62500000000000000e+00 1.25000000000000000e-01 1.25000000000000000e-01
3.75000000000000000e+00 1.25000000000000000e-01 1.25000000000000000e-01
3.87500000000000000e+00 1.25000000000000000e-01 1.25000000000000000e-01
4.00000000000000000e+00 1.25000000000000000e-01 1.25000000000000000e-01
4.12500000000000000e+00 1.25000000000000000e-01 1.25000000000000000e-01
4.25000000000000000e+00 1.25000000000000000e-01 1.25000000000000000e-01
4.37500000000000000e+00 1.25000000000000000e-01 1.25000000000000000e-01
4.50000000000000000e+00 1.25000000000000000e-01 1.25000000000000000e-01
4.62500000000000000e+00 1.25000000000000000e-01 1.25000000000000000e-01
4.75000000000000000e+00 1.25000000000000000e-01 1.25000000000000000e-01
4.87500000000000000e+00 1.25000000000000000e-01 1.25000000000000000e-01
5.00000000000000000e+00 1.25000000000000000e-01 1.25000000000000000e-01
5.12500000000000000e+00 1.25000000000000000e-01 1.25000000000000000e-01
5.25000000000000000e+00 1.25000000000000000e-01 1.25000000000000000e-01
5.37500000000000000e+00 1.25000000000000000e-01 1.25000000000000000e-01
5.50000000000000000e+00 1.25000000000000000e-01 1.25000000000000000e-01
5.62500000000000000e+00 1.25000000000000000e-01 1.25000000000000000e-01
5.75000000000000000e+00 1.25000000000000000e-01 1.25000000000000000e-01
5.87500000000000000e+00 1.25000000000000000e-01 1.25000000000000000e-01
6.00000000000000000e+00 1.25000000000000000e-01 1.25000000000000000e-01
0.00000000000000000e+00 2.50000000000000000e-01 1.25000000000000000e-01
1.25000000000000000e-01 2.50000000000000000e-01 1.25000000000000000e-01
2.50000000000000000e-01 2.50000000000000000e-01 1.25000000000000000e-01
3.75000000000000000e-01 2.50000000000000000e-01 1.25000000000000000e-01
5.00000000000000000e-01 2.50000000000000000e-01 1.25000000000000000e-01
6.25000000000000000e-01 2.50000000000000000e-01 1.25000000000000000e-01
7.50000000000000000e-01 2.50000000000000000e-01 1.25000000000000000e-01
8.75000000000000000e-01 2.50000000000000000e-01 1.25000000000000000e-01
1.00000000000000000e+00 2.50000000000000000e-01 1.25000000000000000e-01
1.12500000000000000e+00 2.50000000000000000e-01 1.25000000000000000e-01
1.25000000000000000e+00 2.50000000000000000e-01 1.25000000000000000e-01
1.37500000000000000e+00 2.50000000000000000e-01 1.25000000000000000e-01
1.50000000000000000e+00 2.50000000000000000e-01 1.25000000000000000e-01
1.62500000000000000e+00 2.50000000000000000e-01 1.25000000000000000e-01
1.75000000000000000e+00 2.50000000000000000e-01 1.25000000000000000e-01
1.87500000000000000e+00 2.50000000000000000e-01 1.25000000000000000e-01
2.00000000000000000e+00 2.50000000000000000e-01 1.25000000000000000e-01
2.12500000000000000e+00 2.50000000000000000e-01 1.25000000000000000e-01
2.25000000000000000e+00 2.50000000000000000e-01 1.25000000000000000e-01
2.37500000000000000e+00 2.50000000000000000e-01 1.25000000000000000e-01
2.50000000000000000e+00 2.50000000000000000e-01 1.25000000000000000e-01
2.62500000000000000e+00 2.50000000000000000e-01 1.25000000000000000e-01
2.75000000000000000e+00 2.50000000000000000e-01 1.25000000000000000e-01
2.87500000000000000e+00 2.50000000000000000e-01 1.25000000000000000e-01
3.00000000000000000e+00 2.50000000000000000e-01 1.25000000000000000e-01
3.12500000000000000e+00 2.50000000000000000e-01 1.25000000000000000e-01
3.25000000000000000e+00 2.50000000000000000e-01 1.25000000000000000e-01
3.37500000000000000e+00 2.50000000000000000e-01 1.25000000000000000e-01
3.50000000000000000e+00 2.50000000000000000e-01 1.25000000000000000e-01
3.62500000000000000e+00 2.50000000000000000e-01 1.25000000000000000e-01
3.75000000000000000e+00 2.50000000000000000e-01 1.25000000000000000e-01
3.87500000000000000e+00 2.50000000000000000e-01 1.25000000000000000e-01
4.00000000000000000e+00 2.50000000000000000e-01 1.25000000000000000e-01
4.12500000000000000e+00 2.50000000000000000e-01 1.25000000000000000e-01
4.25000000000000000e+00 2.50000000000000000e-01 1.25000000000000000e-01
4.37500000000000000e+00 2.50000000000000000e-01 1.25000000000000000e-01
4.50000000000000000e+00 2.50000000000000000e-01 1.25000000000000000e-01
4.62500000000000000e+00 2.50000000000000000e-01 1.25000000000000000e-01
4.75000000000000000e+00 2.50000000000000000e-01 1.25000000000000000e-01
4.87500000000000000e+00 2.50000000000000000e-01 1.25000000000000000e-01
5.00000000000000000e+00 2.50000000000000000e-01 1.25000000000000000e-01
5.12500000000000000e+00 2.50000000000000000e-01 1.25000000000000000e-01
5.25000000000000000e+00 2.50000000000000000e-01 1.25000000000000000e-01
5.37500000000000000e+00 2.50000000000000000e-01 1.25000000000000000e-01
5.50000000000000000e+00 2.50000000000000000e-01 1.25000000000000000e-01
5.62500000000000000e+00 2.50000000000000000e-01 1.25000000000000000e-01
5.75000000000000000e+00 2.50000000000000000e-01 1.25000000000000000e-01
5.87500000000000000e+00 2.50000000000000000e-01 1.25000000000000000e-01
6.00000000000000000e+00 2.50000000000000000e-01 1.25000000000000000e-01
0.00000000000000000e+00 3.75000000000000000e-01 1.25000000000000000e-01
1.25000000000000000e-01 3.75000000000000000e-01 1.25000000000000000e-01
2.50000000000000000e-01 3.75000000000000000e-01 1.25000000000000000e-01
3.75000000000000000e-01 3.75000000000000000e-01 1.25000000000000000e-01
5.00000000000000000e-01 3.75000000000000000e-01 1.25000000000000000e-01
6.25000000000000000e-01 3.75000000000000000e-01 1.25000000000000000e-01
7.50000000000000000e-01 3.75000000000000000e-01 1.25000000000000000e-01
8.75000000000000000e-01 3.75000000000000000e-01 1.25000000000000000e-01
1.00000000000000000e+00 3.75000000000000000e-01 1.25000000000000000e-01
1.12500000000000000e+00 3.75000000000000000e-01 1.25000000000000000e-01
1.25000000000000000e+00 3.75000000000000000e-01 1.25000000000000000e-01
1.37500000000000000e+00 3.75000000000000000e-01 1.25000000000000000e-01
1.50000000000000000e+00 3.75000000000000000e-01 1.25000000000000000e-01
1.62500000000000000e+00 3.75000000000000000e-01 1.25000000000000000e-01
1.75000000000000000e+00 3.75000000000000000e-01 1.25000000000000000e-01
1.87500000000000000e+00 3.75000000000000000e-01 1.25000000000000000e-01
2.00000000000000000e+00 3.75000000000000000e-01 1.25000000000000000e-01
2.12500000000000000e+00 3.75000000000000000e-01 1.25000000000000000e-01
2.25000000000000000e+00 3.75000000000000000e-01 1.25000000000000000e-01
2.37500000000000000e+00 3.75000000000000000e-01 1.25000000000000000e-01
2.50000000000000000e+00 3.75000000000000000e-01 1.25000000000000000e-01
2.62500000000000000e+00 3.75000000000000000e-01 1.25000000000000000e-01
2.75000000000000000e+00 3.75000000000000000e-01 1.25000000000000000e-01
2.87500000000000000e+00 3.75000000000000000e-01 1.25000000000000000e-01
3.00000000000000000e+00 3.75000000000000000e-01 1.25000000000000000e-01
3.12500000000000000e+00 3.75000000000000000e-01 1.25000000000000000e-01
3.25000000000000000e+00 3.75000000000000000e-01 1.25000000000000000e-01
3.37500000000000000e+00 3.75000000000000000e-01 1.25000000000000000e-01
3.50000000000000000e+00 3.75000000000000000e-01 1.25000000000000000e-01
3.62500000000000000e+00 3.75000000000000000e-01 1.25000000000000000e-01
3.75000000000000000e+00 3.75000000000000000e-01 1.25000000000000000e-01
3.87500000000000000e+00 3.75000000000000000e-01 1.25000000000000000e-01
4.00000000000000000e+00 3.75000000000000000e-01 1.25000000000000000e-01
4.12500000000000000e+00 3.75000000000000000e-01 1.25000000000000000e-01
4.25000000000000000e+00 3.75000000000000000e-01 1.25000000000000000e-01
4.37500000000000000e+00 3.75000000000000000e-01 1.25000000000000000e-01
4.50000000000000000e+00 3.75000000000000000e-01 1.25000000000000000e-01
4.62500000000000000e+00 3.75000000000000000e-01 1.25000000000000000e-01
4.75000000000000000e+00 3.75000000000000000e-01 1.25000000000000000e-01
4.87500000000000000e+00 3.75000000000000000e-01 1.25000000000000000e-01
5.00000000000000000e+00 3.75000000000000000e-01 1.25000000000000000e-01
5.12500000000000000e+00 3.75000000000000000e-01 1.25000000000000000e-01
5.25000000000000000e+00 3.75000000000000000e-01 1.25000000000000000e-01
5.37500000000000000e+00 3.75000000000000000e-01 1.25000000000000000e-01
5.50000000000000000e+00 3.75000000000000000e-01 1.25000000000000000e-01
5.62500000000000000e+00 3.75000000000000000e-01 1.25000000000000000e-01
5.75000000000000000e+00 3.75000000000000000e-01 1.25000000000000000e-01
5.87500000000000000e+00 3.75000000000000000e-01 1.25000000000000000e-01
6.00000000000000000e+00 3.75000000000000000e-01 1.25000000000000000e-01
0.00000000000000000e+00 5.00000000000000000e-01 1.25000000000000000e-01
1.25000000000000000e-01 5.00000000000000000e-01 1.25000000000000000e-01
2.50000000000000000e-01 5.00000000000000000e-01 1.25000000000000000e-01
3.75000000000000000e-01 5.00000000000000000e-01 1.25000000000000000e-01
5.00000000000000000e-01 5.00000000000000000e-01 1.25000000000000000e-01
6.25000000000000000e-01 5.00000000000000000e-01 1.25000000000000000e-01
7.50000000000000000e-01 5.00000000000000000e-01 1.25000000000000000e-01
8.75000000000000000e-01 5.00000000000000000e-01 1.25000000000000000e-01
1.00000000000000000e+00 5.00000000000000000e-01 1.25000000000000000e-01
1.12500000000000000e+00 5.00000000000000000e-01 1.25000000000000000e-01
1.25000000000000000e+00 5.00000000000000000e-01 1.25000000000000000e-01
1.37500000000000000e+00 5.00000000000000000e-01 1.25000000000000000e-01
1.50000000000000000e+00 5.00000000000000000e-01 1.25000000000000000e-01
1.62500000000000000e+00 5.00000000000000000e-01 1.25000000000000000e-01
1.75000000000000000e+00 5.00000000000000000e-01 1.25000000000000000e-01
1.87500000000000000e+00 5.00000000000000000e-01 1.25000000000000000e-01
2.00000000000000000e+00 5.00000000000000000e-01 1.25000000000000000e-01
2.12500000000000000e+00 5.00000000000000000e-01 1.25000000000000000e-01
2.25000000000000000e+00 5.00000000000000000e-01 1.25000000000000000e-01
2.37500000000000000e+00 5.00000000000000000e-01 1.25000000000000000e-01
2.50000000000000000e+00 5.00000000000000000e-01 1.25000000000000000e-01
2.62500000000000000e+00 5.00000000000000000e-01 1.25000000000000000e-01
2.75000000000000000e+00 5.00000000000000000e-01 1.25000000000000000e-01
2.87500000000000000e+00 5.00000000000000000e-01 1.25000000000000000e-01
3.00000000000000000e+00 5.00000000000000000e-01 1.25000000000000000e-01
3.12500000000000000e+00 5.00000000000000000e-01 1.25000000000000000e-01
3.25000000000000000e+00 5.00000000000000000e-01 1.25000000000000000e-01
3.37500000000000000e+00 5.00000000000000000e-01 1.25000000000000000e-01
3.50000000000000000e+00 5.00000000000000000e-01 1.25000000000000000e-01
3.62500000000000000e+00 5.00000000000000000e-01 1.25000000000000000e-01
3.75000000000000000e+00 5.00000000000000000e-01 1.25000000000000000e-01
3.87500000000000000e+00 5.00000000000000000e-01 1.25000000000000000e-01
4.00000000000000000e+00 5.00000000000000000e-01 1.25000000000000000e-01
4.12500000000000000e+00 5.00000000000000000e-01 1.25000000000000000e-01
4.25000000000000000e+00 5.00000000000000000e-01 1.25000000000000000e-01
4.37500000000000000e+00 5.00000000000000000e-01 1.25000000000000000e-01
4.50000000000000000e+00 5.00000000000000000e-01 1.25000000000000000e-01
4.62500000000000000e+00 5.00000000000000000e-01 1.25000000000000000e-01
4.75000000000000000e+00 5.00000000000000000e-01 1.25000000000000000e-01
4.87500000000000000e+00 5.00000000000000000e-01 1.25000000000000000e-01
5.00000000000000000e+00 5.00000000000000000e-01 1.25000000000000000e-01
5.12500000000000000e+00 5.00000000000000000e-01 1.25000000000000000e-01
5.25000000000000000e+00 5.00000000000000000e-01 1.25000000000000000e-01
5.37500000000000000e+00 5.00000000000000000e-01 1.25000000000000000e-01
5.50000000000000000e+00 5.00000000000000000e-01 1.25000000000000000e-01
5.62500000000000000e+00 5.00000000000000000e-01 1.25000000000000000e-01
5.75000000000000000e+00 5.00000000000000000e-01 1.25000000000000000e-01
5.87500000000000000e+00 5.00000000000000000e-01 1.25000000000000000e-01
6.00000000000000000e+00 5.00000000000000000e-01 1.25000000000000000e-01
0.00000000000000000e+00 6.25000000000000000e-01 1.25000000000000000e-01
1.25000000000000000e-01 6.25000000000000000e-01 1.25000000000000000e-01
2.50000000000000000e-01 6.25000000000000000e-01 1.25000000000000000e-01
3.75000000000000000e-01 6.25000000000000000e-01 1.25000000000000000e-01
5.00000000000000000e-01 6.25000000000000000e-01 1.25000000000000000e-01
6.25000000000000000e-01 6.25000000000000000e-01 1.25000000000000000e-01
7.50000000000000000e-01 6.25000000000000000e-01 1.25000000000000000e-01
8.75000000000000000e-01 6.25000000000000000e-01 1.25000000000000000e-01
1.00000000000000000e+00 6.25000000000000000e-01 1.25000000000000000e-01
1.12500000000000000e+00 6.25000000000000000e-01 1.25000000000000000e-01
1.25000000000000000e+00 6.25000000000000000e-01 1.25000000000000000e-01
1.37500000000000000e+00 6.25000000000000000e-01 1.25000000000000000e-01
1.50000000000000000e+00 6.25000000000000000e-01 1.25000000000000000e-01
1.62500000000000000e+00 6.25000000000000000e-01 1.25000000000000000e-01
1.75000000000000000e+00 6.25000000000000000e-01 1.25000000000000000e-01
1.87500000000000000e+00 6.25000000000000000e-01 1.25000000000000000e-01
2.00000000000000000e+00 6.25000000000000000e-01 1.25000000000000000e-01
2.12500000000000000e+00 6.25000000000000000e-01 1.25000000000000000e-01
2.25000000000000000e+00 6.25000000000000000e-01 1.25000000000000000e-01
2.37500000000000000e+00 6.25000000000000000e-01 1.25000000000000000e-01
2.50000000000000000e+00 6.25000000000000000e-01 1.25000000000000000e-01
2.62500000000000000e+00 6.25000000000000000e-01 1.25000000000000000e-01
2.75000000000000000e+00 6.25000000000000000e-01 1.25000000000000000e-01
2.87500000000000000e+00 6.25000000000000000e-01 1.25000000000000000e-01
3.00000000000000000e+00 6.25000000000000000e-01 1.25000000000000000e-01
3.12500000000000000e+00 6.25000000000000000e-01 1.25000000000000000e-01
3.25000000000000000e+00 6.25000000000000000e-01 1.25000000000000000e-01
3.37500000000000000e+00 6.25000000000000000e-01 1.25000000000000000e-01
3.50000000000000000e+00 6.25000000000000000e-01 1.25000000000000000e-01
3.62500000000000000e+00 6.25000000000000000e-01 1.25000000000000000e-01
3.75000000000000000e+00 6.25000000000000000e-01 1.25000000000000000e-01
3.87500000000000000e+00 6.25000000000000000e-01 1.25000000000000000e-01
4.00000000000000000e+00 6.25000000000000000e-01 1.25000000000000000e-01
4.12500000000000000e+00 6.25000000000000000e-01 1.25000000000000000e-01
4.25000000000000000e+00 6.25000000000000000e-01 1.25000000000000000e-01
4.37500000000000000e+00 6.25000000000000000e-01 1.25000000000000000e-01
4.50000000000000000e+00 6.25000000000000000e-01 1.25000000000000000e-01
4.62500000000000000e+00 6.25000000000000000e-01 1.25000000000000000e-01
4.75000000000000000e+00 6.25000000000000000e-01 1.25000000000000000e-01
4.87500000000000000e+00 6.25000000000000000e-01 1.25000000000000000e-01
5.00000000000000000e+00 6.25000000000000000e-01 1.25000000000000000e-01
5.12500000000000000e+00 6.25000000000000000e-01 1.25000000000000000e-01
5.25000000000000000e+00 6.25000000000000000e-01 1.25000000000000000e-01
5.37500000000000000e+00 6.25000000000000000e-01 1.25000000000000000e-01
5.50000000000000000e+00 6.25000000000000000e-01 1.25000000000000000e-01
5.62500000000000000e+00 6.25000000000000000e-01 1.25000000000000000e-01
5.75000000000000000e+00 6.25000000000000000e-01 1.25000000000000000e-01
5.87500000000000000e+00 6.25000000000000000e-01 1.25000000000000000e-01
6.00000000000000000e+00 6.25000000000000000e-01 1.25000000000000000e-01
0.00000000000000000e+00 7.50000000000000000e-01 1.25000000000000000e-01
1.25000000000000000e-01 7.50000000000000000e-01 1.25000000000000000e-01
2.50000000000000000e-01 7.50000000000000000e-01 1.25000000000000000e-01
3.75000000000000000e-01 7.50000000000000000e-01 1.25000000000000000e-01
5.00000000000000000e-01 7.50000000000000000e-01 1.25000000000000000e-01
6.25000000000000000e-01 7.50000000000000000e-01 1.25000000000000000e-01
7.50000000000000000e-01 7.50000000000000000e-01 1.25000000000000000e-01
8.75000000000000000e-01 7.50000000000000000e-01 1.25000000000000000e-01
1.00000000000000000e+00 7.50000000000000000e-01 1.25000000000000000e-01
1.12500000000000000e+00 7.50000000000000000e-01 1.25000000000000000e-01
1.25000000000000000e+00 7.50000000000000000e-01 1.25000000000000000e-01
1.37500000000000000e+00 7.50000000000000000e-01 1.25000000000000000e-01
1.50000000000000000e+00 7.50000000000000000e-01 1.25000000000000000e-01
1.62500000000000000e+00 7.50000000000000000e-01 1.25000000000000000e-01
1.75000000000000000e+00 7.50000000000000000e-01 1.25000000000000000e-01
1.87500000000000000e+00 7.50000000000000000e-01 1.25000000000000000e-01
2.00000000000000000e+00 7.50000000000000000e-01 1.25000000000000000e-01
2.12500000000000000e+00 7.50000000000000000e-01 1.25000000000000000e-01
2.25000000000000000e+00 7.50000000000000000e-01 1.25000000000000000e-01
2.37500000000000000e+00 7.50000000000000000e-01 1.25000000000000000e-01
2.50000000000000000e+00 7.50000000000000000e-01 1.25000000000000000e-01
2.62500000000000000e+00 7.50000000000000000e-01 1.25000000000000000e-01
2.75000000000000000e+00 7.50000000000000000e-01 1.25000000000000000e-01
2.87500000000000000e+00 7.50000000000000000e-01 1.25000000000000000e-01
3.00000000000000000e+00 7.50000000000000000e-01 1.25000000000000000e-01
3.12500000000000000e+00 7.50000000000000000e-01 1.25000000000000000e-01
3.25000000000000000e+00 7.50000000000000000e-01 1.25000000000000000e-01
3.37500000000000000e+00 7.50000000000000000e-01 1.25000000000000000e-01
3.50000000000000000e+00 7.50000000000000000e-01 1.25000000000000000e-01
3.62500000000000000e+00 7.50000000000000000e-01 1.25000000000000000e-01
3.75000000000000000e+00 7.50000000000000000e-01 1.25000000000000000e-01
3.87500000000000000e+00 7.50000000000000000e-01 1.25000000000000000e-01
4.00000000000000000e+00 7.50000000000000000e-01 1.25000000000000000e-01
4.12500000000000000e+00 7.50000000000000000e-01 1.25000000000000000e-01
4.25000000000000000e+00 7.50000000000000000e-01 1.25000000000000000e-01
4.37500000000000000e+00 7.50000000000000000e-01 1.25000000000000000e-01
4.50000000000000000e+00 7.50000000000000000e-01 1.25000000000000000e-01
4.62500000000000000e+00 7.50000000000000000e-01 1.25000000000000000e-01
4.75000000000000000e+00 7.50000000000000000e-01 1.25000000000000000e-01
4.87500000000000000e+00 7.50000000000000000e-01 1.25000000000000000e-01
5.00000000000000000e+00 7.50000000000000000e-01 1.25000000000000000e-01
5.12500000000000000e+00 7.50000000000000000e-01 1.25000000000000000e-01
5.25000000000000000e+00 7.50000000000000000e-01 1.25000000000000000e-01
5.37500000000000000e+00 7.50000000000000000e-01 1.25000000000000000e-01
5.50000000000000000e+00 7.50000000000000000e-01 1.25000000000000000e-01
5.62500000000000000e+00 7.50000000000000000e-01 1.25000000000000000e-01
5.75000000000000000e+00 7.50000000000000000e-01 1.25000000000000000e-01
5.87500000000000000e+00 7.50000000000000000e-01 1.25000000000000000e-01
6.00000000000000000e+00 7.50000000000000000e-01 1.25000000000000000e-01
0.00000000000000000e+00 8.75000000000000000e-01 1.25000000000000000e-01
1.25000000000000000e-01 8.75000000000000000e-01 1.25000000000000000e-01
2.50000000000000000e-01 8.75000000000000000e-01 1.25000000000000000e-01
3.75000000000000000e-01 8.75000000000000000e-01 1.25000000000000000e-01
5.00000000000000000e-01 8.75000000000000000e-01 1.25000000000000000e-01
6.25000000000000000e-01 8.75000000000000000e-01 1.25000000000000000e-01
7.50000000000000000e-01 8.75000000000000000e-01 1.25000000000000000e-01
8.75000000000000000e-01 8.75000000000000000e-01 1.25000000000000000e-01
1.00000000000000000e+00 8.75000000000000000e-01 1.25000000000000000e-01
1.12500000000000000e+00 8.75000000000000000e-01 1.25000000000000000e-01
1.25000000000000000e+00 8.75000000000000000e-01 1.25000000000000000e-01
1.37500000000000000e+00 8.75000000000000000e-01 1.25000000000000000e-01
1.50000000000000000e+00 8.75000000000000000e-01 1.25000000000000000e-01
1.62500000000000000e+00 8.75000000000000000e-01 1.25000000000000000e-01
1.75000000000000000e+00 8.75000000000000000e-01 1.25000000000000000e-01
1.87500000000000000e+00 8.75000000000000000e-01 1.25000000000000000e-01
2.00000000000000000e+00 8.75000000000000000e-01 1.25000000000000000e-01
2.12500000000000000e+00 8.75000000000000000e-01 1.25000000000000000e-01
2.25000000000000000e+00 8.75000000000000000e-01 1.25000000000000000e-01
2.37500000000000000e+00 8.75000000000000000e-01 1.25000000000000000e-01
2.50000000000000000e+00 8.75000000000000000e-01 1.25000000000000000e-01
2.62500000000000000e+00 8.75000000000000000e-01 1.25000000000000000e-01
2.75000000000000000e+00 8.75000000000000000e-01 1.25000000000000000e-01
2.87500000000000000e+00 8.75000000000000000e-01 1.25000000000000000e-01
3.00000000000000000e+00 8.75000000000000000e-01 1.25000000000000000e-01
3.12500000000000000e+00 8.75000000000000000e-01 1.25000000000000000e-01
3.25000000000000000e+00 8.75000000000000000e-01 1.25000000000000000e-01
3.37500000000000000e+00 8.75000000000000000e-01 1.25000000000000000e-01
3.50000000000000000e+00 8.75000000000000000e-01 1.25000000000000000e-01
3.62500000000000000e+00 8.75000000000000000e-01 1.25000000000000000e-01
3.75000000000000000e+00 8.75000000000000000e-01 1.25000000000000000e-01
3.87500000000000000e+00 8.75000000000000000e-01 1.25000000000000000e-01
4.00000000000000000e+00 8.75000000000000000e-01 1.25000000000000000e-01
4.12500000000000000e+00 8.75000000000000000e-01 1.25000000000000000e-01
4.25000000000000000e+00 8.75000000000000000e-01 1.25000000000000000e-01
4.37500000000000000e+00 8.75000000000000000e-01 1.25000000000000000e-01
4.50000000000000000e+00 8.75000000000000000e-01 1.25000000000000000e-01
4.62500000000000000e+00 8.75000000000000000e-01 1.25000000000000000e-01
4.75000000000000000e+00 8.75000000000000000e-01 1.25000000000000000e-01
4.87500000000000000e+00 8.75000000000000000e-01 1.25000000000000000e-01
5.00000000000000000e+00 8.75000000000000000e-01 1.25000000000000000e-01
5.12500000000000000e+00 8.75000000000000000e-01 1.25000000000000000e-01
5.25000000000000000e+00 8.75000000000000000e-01 1.25000000000000000e-01
5.37500000000000000e+00 8.75000000000000000e-01 1.25000000000000000e-01
5.50000000000000000e+00 8.75000000000000000e-01 1.25000000000000000e-01
5.62500000000000000e+00 8.75000000000000000e-01 1.25000000000000000e-01
5.75000000000000000e+00 8.75000000000000000e-01 1.25000000000000000e-01
5.87500000000000000e+00 8.75000000000000000e-01 1.25000000000000000e-01
6.00000000000000000e+00 8.75000000000000000e-01 1.25000000000000000e-01
0.00000000000000000e+00 1.00000000000000000e+00 1.25000000000000000e-01
1.25000000000000000e-01 1.00000000000000000e+00 1.25000000000000000e-01
2.50000000000000000e-01 1.00000000000000000e+00 1.25000000000000000e-01
3.75000000000000000e-01 1.00000000000000000e+00 1.25000000000000000e-01
5.00000000000000000e-01 1.00000000000000000e+00 1.25000000000000000e-01
6.25000000000000000e-01 1.00000000000000000e+00 1.25000000000000000e-01
7.50000000000000000e-01 1.00000000000000000e+00 1.25000000000000000e-01
8.75000000000000000e-01 1.00000000000000000e+00 1.25000000000000000e-01
1.00000000000000000e+00 1.00000000000000000e+00 1.25000000000000000e-01
1.12500000000000000e+00 1.00000000000000000e+00 1.25000000000000000e-01
1.25000000000000000e+00 1.00000000000000000e+00 1.25000000000000000e-01
1.37500000000000000e+00 1.00000000000000000e+00 1.25000000000000000e-01
1.50000000000000000e+00 1.00000000000000000e+00 1.25000000000000000e-01
1.62500000000000000e+00 1.00000000000000000e+00 1.25000000000000000e-01
1.75000000000000000e+00 1.00000000000000000e+00 1.25000000000000000e-01
1.87500000000000000e+00 1.00000000000000000e+00 1.25000000000000000e-01
2.00000000000000000e+00 1.00000000000000000e+00 1.25000000000000000e-01
2.12500000000000000e+00 1.00000000000000000e+00 1.25000000000000000e-01
2.25000000000000000e+00 1.00000000000000000e+00 1.25000000000000000e-01
2.37500000000000000e+00 1.00000000000000000e+00 1.25000000000000000e-01
2.50000000000000000e+00 1.00000000000000000e+00 1.25000000000000000e-01
2.62500000000000000e+00 1.00000000000000000e+00 1.25000000000000000e-01
2.75000000000000000e+00 1.00000000000000000e+00 1.25000000000000000e-01
2.87500000000000000e+00 1.00000000000000000e+00 1.25000000000000000e-01
3.00000000000000000e+00 1.00000000000000000e+00 1.25000000000000000e-01
3.12500000000000000e+00 1.00000000000000000e+00 1.25000000000000000e-01
3.25000000000000000e+00 1.00000000000000000e+00 1.25000000000000000e-01
3.37500000000000000e+00 1.00000000000000000e+00 1.25000000000000000e-01
3.50000000000000000e+00 1.00000000000000000e+00 1.25000000000000000e-01
3.62500000000000000e+00 1.00000000000000000e+00 1.25000000000000000e-01
3.75000000000000000e+00 1.00000000000000000e+00 1.25000000000000000e-01
3.87500000000000000e+00 1.00000000000000000e+00 1.25000000000000000e-01
4.00000000000000000e+00 1.00000000000000000e+00 1.25000000000000000e-01
4.12500000000000000e+00 1.00000000000000000e+00 1.25000000000000000e-01
4.25000000000000000e+00 1.00000000000000000e+00 1.25000000000000000e-01
4.37500000000000000e+00 1.00000000000000000e+00 1.25000000000000000e-01
4.50000000000000000e+00 1.00000000000000000e+00 1.25000000000000000e-01
4.62500000000000000e+00 1.00000000000000000e+00 1.25000000000000000e-01
4.75000000000000000e+00 1.00000000000000000e+00 1.25000000000000000e-01
4.87500000000000000e+00 1.00000000000000000e+00 1.25000000000000000e-01
5.00000000000000000e+00 1.00000000000000000e+00 1.25000000000000000e-01
5.12500000000000000e+00 1.00000000000000000e+00 1.25000000000000000e-01
5.25000000000000000e+00 1.00000000000000000e+00 1.25000000000000000e-01
5.37500000000000000e+00 1.00000000000000000e+00 1.25000000000000000e-01
5.50000000000000000e+00 1.00000000000000000e+00 1.25000000000000000e-01
5.62500000000000000e+00 1.00000000000000000e+00 1.25000000000000000e-01
5.75000000000000000e+00 1.00000000000000000e+00 1.25000000000000000e-01
5.87500000000000000e+00 1.00000000000000000e+00 1.25000000000000000e-01
6.00000000000000000e+00 1.00000000000000000e+00 1.25000000000000000e-01
0.00000000000000000e+00 0.00000000000000000e+00 2.50000000000000000e-01
1.25000000000000000e-01 0.00000000000000000e+00 2.50000000000000000e-01
2.50000000000000000e-01 0.00000000000000000e+00 2.50000000000000000e-01
3.75000000000000000e-01 0.00000000000000000e+00 2.50000000000000000e-01
5.00000000000000000e-01 0.00000000000000000e+00 2.50000000000000000e-01
6.25000000000000000e-01 0.00000000000000000e+00 2.50000000000000000e-01
7.50000000000000000e-01 0.00000000000000000e+00 2.50000000000000000e-01
8.75000000000000000e-01 0.00000000000000000e+00 2.50000000000000000e-01
1.00000000000000000e+00 0.00000000000000000e+00 2.50000000000000000e-01
1.12500000000000000e+00 0.00000000000000000e+00 2.50000000000000000e-01
1.25000000000000000e+00 0.00000000000000000e+00 2.50000000000000000e-01
1.37500000000000000e+00 0.00000000000000000e+00 2.50000000000000000e-01
1.50000000000000000e+00 0.00000000000000000e+00 2.50000000000000000e-01
1.62500000000000000e+00 0.00000000000000000e+00 2.50000000000000000e-01
1.75000000000000000e+00 0.00000000000000000e+00 2.50000000000000000e-01
1.87500000000000000e+00 0.00000000000000000e+00 2.50000000000000000e-01
2.00000000000000000e+00 0.00000000000000000e+00 2.50000000000000000e-01
2.12500000000000000e+00 0.00000000000000000e+00 2.50000000000000000e-01
2.25000000000000000e+00 0.00000000000000000e+00 2.50000000000000000e-01
2.37500000000000000e+00 0.00000000000000000e+00 2.50000000000000000e-01
2.50000000000000000e+00 0.00000000000000000e+00 2.50000000000000000e-01
2.62500000000000000e+00 0.00000000000000000e+00 2.50000000000000000e-01
2.75000000000000000e+00 0.00000000000000000e+00 2.50000000000000000e-01
2.87500000000000000e+00 0.00000000000000000e+00 2.50000000000000000e-01
3.00000000000000000e+00 0.00000000000000000e+00 2.50000000000000000e-01
3.12500000000000000e+00 0.00000000000000000e+00 2.50000000000000000e-01
3.25000000000000000e+00 0.00000000000000000e+00 2.50000000000000000e-01
3.37500000000000000e+00 0.00000000000000000e+00 2.50000000000000000e-01
3.50000000000000000e+00 0.00000000000000000e+00 2.50000000000000000e-01
3.62500000000000000e+00 0.00000000000000000e+00 2.50000000000000000e-01
3.75000000000000000e+00 0.00000000000000000e+00 2.50000000000000000e-01
3.87500000000000000e+00 0.00000000000000000e+00 2.50000000000000000e-01
4.00000000000000000e+00 0.00000000000000000e+00 2.50000000000000000e-01
4.12500000000000000e+00 0.00000000000000000e+00 2.50000000000000000e-01
4.25000000000000000e+00 0.00000000000000000e+00 2.50000000000000000e-01
4.37500000000000000e+00 0.00000000000000000e+00 2.50000000000000000e-01
4.50000000000000000e+00 0.00000000000000000e+00 2.50000000000000000e-01
4.62500000000000000e+00 0.00000000000000000e+00 2.50000000000000000e-01
4.75000000000000000e+00 0.00000000000000000e+00 2.50000000000000000e-01
4.87500000000000000e+00 0.00000000000000000e+00 2.50000000000000000e-01
5.00000000000000000e+00 0.00000000000000000e+00 2.50000000000000000e-01
5.12500000000000000e+00 0.00000000000000000e+00 2.50000000000000000e-01
5.25000000000000000e+00 0.00000000000000000e+00 2.50000000000000000e-01
5.37500000000000000e+00 0.00000000000000000e+00 2.50000000000000000e-01
5.50000000000000000e+00 0.00000000000000000e+00 2.50000000000000000e-01
5.62500000000000000e+00 0.00000000000000000e+00 2.50000000000000000e-01
5.75000000000000000e+00 0.00000000000000000e+00 2.50000000000000000e-01
5.87500000000000000e+00 0.00000000000000000e+00 2.50000000000000000e-01
6.00000000000000000e+00 0.00000000000000000e+00 2.50000000000000000e-01
0.00000000000000000e+00 1.25000000000000000e-01 2.50000000000000000e-01
1.25000000000000000e-01 1.25000000000000000e-01 2.50000000000000000e-01
2.50000000000000000e-01 1.25000000000000000e-01 2.50000000000000000e-01
3.75000000000000000e-01 1.25000000000000000e-01 2.50000000000000000e-01
5.00000000000000000e-01 1.25000000000000000e-01 2.50000000000000000e-01
6.25000000000000000e-01 1.25000000000000000e-01 2.50000000000000000e-01
7.50000000000000000e-01 1.25000000000000000e-01 2.50000000000000000e-01
8.75000000000000000e-01 1.25000000000000000e-01 2.50000000000000000e-01
1.00000000000000000e+00 1.25000000000000000e-01 2.50000000000000000e-01
1.12500000000000000e+00 1.25000000000000000e-01 2.50000000000000000e-01
1.25000000000000000e+00 1.25000000000000000e-01 2.50000000000000000e-01
1.37500000000000000e+00 1.25000000000000000e-01 2.50000000000000000e-01
1.50000000000000000e+00 1.25000000000000000e-01 2.50000000000000000e-01
1.62500000000000000e+00 1.25000000000000000e-01 2.50000000000000000e-01
1.75000000000000000e+00 1.25000000000000000e-01 2.50000000000000000e-01
1.87500000000000000e+00 1.25000000000000000e-01 2.50000000000000000e-01
2.00000000000000000e+00 1.25000000000000000e-01 2.50000000000000000e-01
2.12500000000000000e+00 1.25000000000000000e-01 2.50000000000000000e-01
2.25000000000000000e+00 1.25000000000000000e-01 2.50000000000000000e-01
2.37500000000000000e+00 1.25000000000000000e-01 2.50000000000000000e-01
2.50000000000000000e+00 1.25000000000000000e-01 2.50000000000000000e-01
2.62500000000000000e+00 1.25000000000000000e-01 2.50000000000000000e-01
2.75000000000000000e+00 1.25000000000000000e-01 2.50000000000000000e-01
2.87500000000000000e+00 1.25000000000000000e-01 2.50000000000000000e-01
3.00000000000000000e+00 1.25000000000000000e-01 2.50000000000000000e-01
3.12500000000000000e+00 1.25000000000000000e-01 2.50000000000000000e-01
3.25000000000000000e+00 1.25000000000000000e-01 2.50000000000000000e-01
3.37500000000000000e+00 1.25000000000000000e-01 2.50000000000000000e-01
3.50000000000000000e+00 1.25000000000000000e-01 2.50000000000000000e-01
3.62500000000000000e+00 1.25000000000000000e-01 2.50000000000000000e-01
3.75000000000000000e+00 1.25000000000000000e-01 2.50000000000000000e-01
3.87500000000000000e+00 1.25000000000000000e-01 2.50000000000000000e-01
4.00000000000000000e+00 1.25000000000000000e-01 2.50000000000000000e-01
4.12500000000000000e+00 1.25000000000000000e-01 2.50000000000000000e-01
4.25000000000000000e+00 1.25000000000000000e-01 2.50000000000000000e-01
4.37500000000000000e+00 1.25000000000000000e-01 2.50000000000000000e-01
4.50000000000000000e+00 1.25000000000000000e-01 2.50000000000000000e-01
4.62500000000000000e+00 1.25000000000000000e-01 2.50000000000000000e-01
4.75000000000000000e+00 1.25000000000000000e-01 2.50000000000000000e-01
4.87500000000000000e+00 1.25000000000000000e-01 2.50000000000000000e-01
5.00000000000000000e+00 1.25000000000000000e-01 2.50000000000000000e-01
5.12500000000000000e+00 1.25000000000000000e-01 2.50000000000000000e-01
5.25000000000000000e+00 1.25000000000000000e-01 2.50000000000000000e-01
5.37500000000000000e+00 1.25000000000000000e-01 2.50000000000000000e-01
5.50000000000000000e+00 1.25000000000000000e-01 2.50000000000000000e-01
5.62500000000000000e+00 1.25000000000000000e-01 2.50000000000000000e-01
5.75000000000000000e+00 1.25000000000000000e-01 2.50000000000000000e-01
5.87500000000000000e+00 1.25000000000000000e-01 2.50000000000000000e-01
6.00000000000000000e+00 1.25000000000000000e-01 2.50000000000000000e-01
0.00000000000000000e+00 2.50000000000000000e-01 2.50000000000000000e-01
1.25000000000000000e-01 2.50000000000000000e-01 2.50000000000000000e-01
2.50000000000000000e-01 2.50000000000000000e-01 2.50000000000000000e-01
3.75000000000000000e-01 2.50000000000000000e-01 2.50000000000000000e-01
5.00000000000000000e-01 2.50000000000000000e-01 2.50000000000000000e-01
6.25000000000000000e-01 2.50000000000000000e-01 2.50000000000000000e-01
7.50000000000000000e-01 2.50000000000000000e-01 2.50000000000000000e-01
8.75000000000000000e-01 2.50000000000000000e-01 2.50000000000000000e-01
1.00000000000000000e+00 2.50000000000000000e-01 2.50000000000000000e-01
1.12500000000000000e+00 2.50000000000000000e-01 2.50000000000000000e-01
1.25000000000000000e+00 2.50000000000000000e-01 2.50000000000000000e-01
1.37500000000000000e+00 2.50000000000000000e-01 2.50000000000000000e-01
1.50000000000000000e+00 2.50000000000000000e-01 2.50000000000000000e-01
1.62500000000000000e+00 2.50000000000000000e-01 2.50000000000000000e-01
1.75000000000000000e+00 2.50000000000000000e-01 2.50000000000000000e-01
1.87500000000000000e+00 2.50000000000000000e-01 2.50000000000000000e-01
2.00000000000000000e+00 2.50000000000000000e-01 2.50000000000000000e-01
2.12500000000000000e+00 2.50000000000000000e-01 2.50000000000000000e-01
2.25000000000000000e+00 2.50000000000000000e-01 2.50000000000000000e-01
2.37500000000000000e+00 2.50000000000000000e-01 2.50000000000000000e-01
2.50000000000000000e+00 2.50000000000000000e-01 2.50000000000000000e-01
2.62500000000000000e+00 2.50000000000000000e-01 2.50000000000000000e-01
2.75000000000000000e+00 2.50000000000000000e-01 2.50000000000000000e-01
2.87500000000000000e+00 2.50000000000000000e-01 2.50000000000000000e-01
3.00000000000000000e+00 2.50000000000000000e-01 2.50000000000000000e-01
3.12500000000000000e+00 2.50000000000000000e-01 2.50000000000000000e-01
3.25000000000000000e+00 2.50000000000000000e-01 2.50000000000000000e-01
3.37500000000000000e+00 2.50000000000000000e-01 2.50000000000000000e-01
3.50000000000000000e+00 2.50000000000000000e-01 2.50000000000000000e-01
3.62500000000000000e+00 2.50000000000000000e-01 2.50000000000000000e-01
3.75000000000000000e+00 2.50000000000000000e-01 2.50000000000000000e-01
3.87500000000000000e+00 2.50000000000000000e-01 2.50000000000000000e-01
4.00000000000000000e+00 2.50000000000000000e-01 2.50000000000000000e-01
4.12500000000000000e+00 2.50000000000000000e-01 2.50000000000000000e-01
4.25000000000000000e+00 2.50000000000000000e-01 2.50000000000000000e-01
4.37500000000000000e+00 2.50000000000000000e-01 2.50000000000000000e-01
4.50000000000000000e+00 2.50000000000000000e-01 2.50000000000000000e-01
4.62500000000000000e+00 2.50000000000000000e-01 2.50000000000000000e-01
4.75000000000000000e+00 2.50000000000000000e-01 2.50000000000000000e-01
4.87500000000000000e+00 2.50000000000000000e-01 2.50000000000000000e-01
5.00000000000000000e+00 2.50000000000000000e-01 2.50000000000000000e-01
5.12500000000000000e+00 2.50000000000000000e-01 2.50000000000000000e-01
5.25000000000000000e+00 2.50000000000000000e-01 2.50000000000000000e-01
5.37500000000000000e+00 2.50000000000000000e-01 2.50000000000000000e-01
5.50000000000000000e+00 2.50000000000000000e-01 2.50000000000000000e-01
5.62500000000000000e+00 2.50000000000000000e-01 2.50000000000000000e-01
5.75000000000000000e+00 2.50000000000000000e-01 2.50000000000000000e-01
5.87500000000000000e+00 2.50000000000000000e-01 2.50000000000000000e-01
6.00000000000000000e+00 2.50000000000000000e-01 2.50000000000000000e-01
0.00000000000000000e+00 3.75000000000000000e-01 2.50000000000000000e-01
1.25000000000000000e-01 3.75000000000000000e-01 2.50000000000000000e-01
2.50000000000000000e-01 3.75000000000000000e-01 2.50000000000000000e-01
3.75000000000000000e-01 3.75000000000000000e-01 2.50000000000000000e-01
5.00000000000000000e-01 3.75000000000000000e-01 2.50000000000000000e-01
6.25000000000000000e-01 3.75000000000000000e-01 2.50000000000000000e-01
7.50000000000000000e-01 3.75000000000000000e-01 2.50000000000000000e-01
8.75000000000000000e-01 3.75000000000000000e-01 2.50000000000000000e-01
1.00000000000000000e+00 3.75000000000000000e-01 2.50000000000000000e-01
1.12500000000000000e+00 3.75000000000000000e-01 2.50000000000000000e-01
1.25000000000000000e+00 3.75000000000000000e-01 2.50000000000000000e-01
1.37500000000000000e+00 3.75000000000000000e-01 2.50000000000000000e-01
1.50000000000000000e+00 3.75000000000000000e-01 2.50000000000000000e-01
1.62500000000000000e+00 3.75000000000000000e-01 2.50000000000000000e-01
1.75000000000000000e+00 3.75000000000000000e-01 2.50000000000000000e-01
1.87500000000000000e+00 3.75000000000000000e-01 2.50000000000000000e-01
2.00000000000000000e+00 3.75000000000000000e-01 2.50000000000000000e-01
2.12500000000000000e+00 3.75000000000000000e-01 2.50000000000000000e-01
2.25000000000000000e+00 3.75000000000000000e-01 2.50000000000000000e-01
2.37500000000000000e+00 3.75000000000000000e-01 2.50000000000000000e-01
2.50000000000000000e+00 3.75000000000000000e-01 2.50000000000000000e-01
2.62500000000000000e+00 3.75000000000000000e-01 2.50000000000000000e-01
2.75000000000000000e+00 3.75000000000000000e-01 2.50000000000000000e-01
2.87500000000000000e+00 3.75000000000000000e-01 2.50000000000000000e-01
3.00000000000000000e+00 3.75000000000000000e-01 2.50000000000000000e-01
3.12500000000000000e+00 3.75000000000000000e-01 2.50000000000000000e-01
3.25000000000000000e+00 3.75000000000000000e-01 2.50000000000000000e-01
3.37500000000000000e+00 3.75000000000000000e-01 2.50000000000000000e-01
3.50000000000000000e+00 3.75000000000000000e-01 2.50000000000000000e-01
3.62500000000000000e+00 3.75000000000000000e-01 2.50000000000000000e-01
3.75000000000000000e+00 3.75000000000000000e-01 2.50000000000000000e-01
3.87500000000000000e+00 3.75000000000000000e-01 2.50000000000000000e-01
4.00000000000000000e+00 3.75000000000000000e-01 2.50000000000000000e-01
4.12500000000000000e+00 3.75000000000000000e-01 2.50000000000000000e-01
4.25000000000000000e+00 3.75000000000000000e-01 2.50000000000000000e-01
4.37500000000000000e+00 3.75000000000000000e-01 2.50000000000000000e-01
4.50000000000000000e+00 3.75000000000000000e-01 2.50000000000000000e-01
4.62500000000000000e+00 3.75000000000000000e-01 2.50000000000000000e-01
4.75000000000000000e+00 3.75000000000000000e-01 2.50000000000000000e-01
4.87500000000000000e+00 3.75000000000000000e-01 2.50000000000000000e-01
5.00000000000000000e+00 3.75000000000000000e-01 2.50000000000000000e-01
5.12500000000000000e+00 3.75000000000000000e-01 2.50000000000000000e-01
5.25000000000000000e+00 3.75000000000000000e-01 2.50000000000000000e-01
5.37500000000000000e+00 3.75000000000000000e-01 2.50000000000000000e-01
5.50000000000000000e+00 3.75000000000000000e-01 2.50000000000000000e-01
5.62500000000000000e+00 3.75000000000000000e-01 2.50000000000000000e-01
5.75000000000000000e+00 3.75000000000000000e-01 2.50000000000000000e-01
5.87500000000000000e+00 3.75000000000000000e-01 2.50000000000000000e-01
6.00000000000000000e+00 3.75000000000000000e-01 2.50000000000000000e-01
0.00000000000000000e+00 5.00000000000000000e-01 2.50000000000000000e-01
1.25000000000000000e-01 5.00000000000000000e-01 2.50000000000000000e-01
2.50000000000000000e-01 5.00000000000000000e-01 2.50000000000000000e-01
3.75000000000000000e-01 5.00000000000000000e-01 2.50000000000000000e-01
5.00000000000000000e-01 5.00000000000000000e-01 2.50000000000000000e-01
6.25000000000000000e-01 5.00000000000000000e-01 2.50000000000000000e-01
7.50000000000000000e-01 5.00000000000000000e-01 2.50000000000000000e-01
8.75000000000000000e-01 5.00000000000000000e-01 2.50000000000000000e-01
1.00000000000000000e+00 5.00000000000000000e-01 2.50000000000000000e-01
1.12500000000000000e+00 5.00000000000000000e-01 2.50000000000000000e-01
1.25000000000000000e+00 5.00000000000000000e-01 2.50000000000000000e-01
1.37500000000000000e+00 5.00000000000000000e-01 2.50000000000000000e-01
1.50000000000000000e+00 5.00000000000000000e-01 2.50000000000000000e-01
1.62500000000000000e+00 5.00000000000000000e-01 2.50000000000000000e-01
1.75000000000000000e+00 5.00000000000000000e-01 2.50000000000000000e-01
1.87500000000000000e+00 5.00000000000000000e-01 2.50000000000000000e-01
2.00000000000000000e+00 5.00000000000000000e-01 2.50000000000000000e-01
2.12500000000000000e+00 5.00000000000000000e-01 2.50000000000000000e-01
2.25000000000000000e+00 5.00000000000000000e-01 2.50000000000000000e-01
2.37500000000000000e+00 5.00000000000000000e-01 2.50000000000000000e-01
2.50000000000000000e+00 5.00000000000000000e-01 2.50000000000000000e-01
2.62500000000000000e+00 5.00000000000000000e-01 2.50000000000000000e-01
2.75000000000000000e+00 5.00000000000000000e-01 2.50000000000000000e-01
2.87500000000000000e+00 5.00000000000000000e-01 2.50000000000000000e-01
3.00000000000000000e+00 5.00000000000000000e-01 2.50000000000000000e-01
3.12500000000000000e+00 5.00000000000000000e-01 2.50000000000000000e-01
3.25000000000000000e+00 5.00000000000000000e-01 2.50000000000000000e-01
3.37500000000000000e+00 5.00000000000000000e-01 2.50000000000000000e-01
3.50000000000000000e+00 5.00000000000000000e-01 2.50000000000000000e-01
3.62500000000000000e+00 5.00000000000000000e-01 2.50000000000000000e-01
3.75000000000000000e+00 5.00000000000000000e-01 2.50000000000000000e-01
3.87500000000000000e+00 5.00000000000000000e-01 2.50000000000000000e-01
4.00000000000000000e+00 5.00000000000000000e-01 2.50000000000000000e-01
4.12500000000000000e+00 5.00000000000000000e-01 2.50000000000000000e-01
4.25000000000000000e+00 5.00000000000000000e-01 2.50000000000000000e-01
4.37500000000000000e+00 5.00000000000000000e-01 2.50000000000000000e-01
4.50000000000000000e+00 5.00000000000000000e-01 2.50000000000000000e-01
4.62500000000000000e+00 5.00000000000000000e-01 2.50000000000000000e-01
4.75000000000000000e+00 5.00000000000000000e-01 2.50000000000000000e-01
4.87500000000000000e+00 5.00000000000000000e-01 2.50000000000000000e-01
5.00000000000000000e+00 5.00000000000000000e-01 2.50000000000000000e-01
5.12500000000000000e+00 5.00000000000000000e-01 2.50000000000000000e-01
5.25000000000000000e+00 5.00000000000000000e-01 2.50000000000000000e-01
5.37500000000000000e+00 5.00000000000000000e-01 2.50000000000000000e-01
5.50000000000000000e+00 5.00000000000000000e-01 2.50000000000000000e-01
5.62500000000000000e+00 5.00000000000000000e-01 2.50000000000000000e-01
5.75000000000000000e+00 5.00000000000000000e-01 2.50000000000000000e-01
5.87500000000000000e+00 5.00000000000000000e-01 2.50000000000000000e-01
6.00000000000000000e+00 5.00000000000000000e-01 2.50000000000000000e-01
0.00000000000000000e+00 6.25000000000000000e-01 2.50000000000000000e-01
1.25000000000000000e-01 6.25000000000000000e-01 2.50000000000000000e-01
2.50000000000000000e-01 6.25000000000000000e-01 2.50000000000000000e-01
3.75000000000000000e-01 6.25000000000000000e-01 2.50000000000000000e-01
5.00000000000000000e-01 6.25000000000000000e-01 2.50000000000000000e-01
6.25000000000000000e-01 6.25000000000000000e-01 2.50000000000000000e-01
7.50000000000000000e-01 6.25000000000000000e-01 2.50000000000000000e-01
8.75000000000000000e-01 6.25000000000000000e-01 2.50000000000000000e-01
1.00000000000000000e+00 6.25000000000000000e-01 2.50000000000000000e-01
1.12500000000000000e+00 6.25000000000000000e-01 2.50000000000000000e-01
1.25000000000000000e+00 6.25000000000000000e-01 2.50000000000000000e-01
1.37500000000000000e+00 6.25000000000000000e-01 2.50000000000000000e-01
1.50000000000000000e+00 6.25000000000000000e-01 2.50000000000000000e-01
1.62500000000000000e+00 6.25000000000000000e-01 2.50000000000000000e-01
1.75000000000000000e+00 6.25000000000000000e-01 2.50000000000000000e-01
1.87500000000000000e+00 6.25000000000000000e-01 2.50000000000000000e-01
2.00000000000000000e+00 6.25000000000000000e-01 2.50000000000000000e-01
2.12500000000000000e+00 6.25000000000000000e-01 2.50000000000000000e-01
2.25000000000000000e+00 6.25000000000000000e-01 2.50000000000000000e-01
2.37500000000000000e+00 6.25000000000000000e-01 2.50000000000000000e-01
2.50000000000000000e+00 6.25000000000000000e-01 2.50000000000000000e-01
2.62500000000000000e+00 6.25000000000000000e-01 2.50000000000000000e-01
2.75000000000000000e+00 6.25000000000000000e-01 2.50000000000000000e-01
2.87500000000000000e+00 6.25000000000000000e-01 2.50000000000000000e-01
3.00000000000000000e+00 6.25000000000000000e-01 2.50000000000000000e-01
3.12500000000000000e+00 6.25000000000000000e-01 2.50000000000000000e-01
3.25000000000000000e+00 6.25000000000000000e-01 2.50000000000000000e-01
3.37500000000000000e+00 6.25000000000000000e-01 2.50000000000000000e-01
3.50000000000000000e+00 6.25000000000000000e-01 2.50000000000000000e-01
3.62500000000000000e+00 6.25000000000000000e-01 2.50000000000000000e-01
3.75000000000000000e+00 6.25000000000000000e-01 2.50000000000000000e-01
3.87500000000000000e+00 6.25000000000000000e-01 2.50000000000000000e-01
4.00000000000000000e+00 6.25000000000000000e-01 2.50000000000000000e-01
4.12500000000000000e+00 6.25000000000000000e-01 2.50000000000000000e-01
4.25000000000000000e+00 6.25000000000000000e-01 2.50000000000000000e-01
4.37500000000000000e+00 6.25000000000000000e-01 2.50000000000000000e-01
4.50000000000000000e+00 6.25000000000000000e-01 2.50000000000000000e-01
4.62500000000000000e+00 6.25000000000000000e-01 2.50000000000000000e-01
4.75000000000000000e+00 6.25000000000000000e-01 2.50000000000000000e-01
4.87500000000000000e+00 6.25000000000000000e-01 2.50000000000000000e-01
5.00000000000000000e+00 6.25000000000000000e-01 2.50000000000000000e-01
5.12500000000000000e+00 6.25000000000000000e-01 2.50000000000000000e-01
5.25000000000000000e+00 6.25000000000000000e-01 2.50000000000000000e-01
5.37500000000000000e+00 6.25000000000000000e-01 2.50000000000000000e-01
5.50000000000000000e+00 6.25000000000000000e-01 2.50000000000000000e-01
5.62500000000000000e+00 6.25000000000000000e-01 2.50000000000000000e-01
5.75000000000000000e+00 6.25000000000000000e-01 2.50000000000000000e-01
5.87500000000000000e+00 6.25000000000000000e-01 2.50000000000000000e-01
6.00000000000000000e+00 6.25000000000000000e-01 2.50000000000000000e-01
0.00000000000000000e+00 7.50000000000000000e-01 2.50000000000000000e-01
1.25000000000000000e-01 7.50000000000000000e-01 2.50000000000000000e-01
2.50000000000000000e-01 7.50000000000000000e-01 2.50000000000000000e-01
3.75000000000000000e-01 7.50000000000000000e-01 2.50000000000000000e-01
5.00000000000000000e-01 7.50000000000000000e-01 2.50000000000000000e-01
6.25000000000000000e-01 7.50000000000000000e-01 2.50000000000000000e-01
7.50000000000000000e-01 7.50000000000000000e-01 2.50000000000000000e-01
8.75000000000000000e-01 7.50000000000000000e-01 2.50000000000000000e-01
1.00000000000000000e+00 7.50000000000000000e-01 2.50000000000000000e-01
1.12500000000000000e+00 7.50000000000000000e-01 2.50000000000000000e-01
1.25000000000000000e+00 7.50000000000000000e-01 2.50000000000000000e-01
1.37500000000000000e+00 7.50000000000000000e-01 2.50000000000000000e-01
1.50000000000000000e+00 7.50000000000000000e-01 2.50000000000000000e-01
1.62500000000000000e+00 7.50000000000000000e-01 2.50000000000000000e-01
1.75000000000000000e+00 7.50000000000000000e-01 2.50000000000000000e-01
1.87500000000000000e+00 7.50000000000000000e-01 2.50000000000000000e-01
2.00000000000000000e+00 7.50000000000000000e-01 2.50000000000000000e-01
2.12500000000000000e+00 7.50000000000000000e-01 2.50000000000000000e-01
2.25000000000000000e+00 7.50000000000000000e-01 2.50000000000000000e-01
2.37500000000000000e+00 7.50000000000000000e-01 2.50000000000000000e-01
2.50000000000000000e+00 7.50000000000000000e-01 2.50000000000000000e-01
2.62500000000000000e+00 7.50000000000000000e-01 2.50000000000000000e-01
2.75000000000000000e+00 7.50000000000000000e-01 2.50000000000000000e-01
2.87500000000000000e+00 7.50000000000000000e-01 2.50000000000000000e-01
3.00000000000000000e+00 7.50000000000000000e-01 2.50000000000000000e-01
3.12500000000000000e+00 7.50000000000000000e-01 2.50000000000000000e-01
3.25000000000000000e+00 7.50000000000000000e-01 2.50000000000000000e-01
3.37500000000000000e+00 7.50000000000000000e-01 2.50000000000000000e-01
3.50000000000000000e+00 7.50000000000000000e-01 2.50000000000000000e-01
3.62500000000000000e+00 7.50000000000000000e-01 2.50000000000000000e-01
3.75000000000000000e+00 7.50000000000000000e-01 2.50000000000000000e-01
3.87500000000000000e+00 7.50000000000000000e-01 2.50000000000000000e-01
4.00000000000000000e+00 7.50000000000000000e-01 2.50000000000000000e-01
4.12500000000000000e+00 7.50000000000000000e-01 2.50000000000000000e-01
4.25000000000000000e+00 7.50000000000000000e-01 2.50000000000000000e-01
4.37500000000000000e+00 7.50000000000000000e-01 2.50000000000000000e-01
4.50000000000000000e+00 7.50000000000000000e-01 2.50000000000000000e-01
4.62500000000000000e+00 7.50000000000000000e-01 2.50000000000000000e-01
4.75000000000000000e+00 7.50000000000000000e-01 2.50000000000000000e-01
4.87500000000000000e+00 7.50000000000000000e-01 2.50000000000000000e-01
5.00000000000000000e+00 7.50000000000000000e-01 2.50000000000000000e-01
5.12500000000000000e+00 7.50000000000000000e-01 2.50000000000000000e-01
5.25000000000000000e+00 7.50000000000000000e-01 2.50000000000000000e-01
5.37500000000000000e+00 7.50000000000000000e-01 2.50000000000000000e-01
5.50000000000000000e+00 7.50000000000000000e-01 2.50000000000000000e-01
5.62500000000000000e+00 7.50000000000000000e-01 2.50000000000000000e-01
5.75000000000000000e+00 7.50000000000000000e-01 2.50000000000000000e-01
5.87500000000000000e+00 7.50000000000000000e-01 2.50000000000000000e-01
6.00000000000000000e+00 7.50000000000000000e-01 2.50000000000000000e-01
0.00000000000000000e+00 8.75000000000000000e-01 2.50000000000000000e-01
1.25000000000000000e-01 8.75000000000000000e-01 2.50000000000000000e-01
2.50000000000000000e-01 8.75000000000000000e-01 2.50000000000000000e-01
3.75000000000000000e-01 8.75000000000000000e-01 2.50000000000000000e-01
5.00000000000000000e-01 8.75000000000000000e-01 2.50000000000000000e-01
6.25000000000000000e-01 8.75000000000000000e-01 2.50000000000000000e-01
7.50000000000000000e-01 8.75000000000000000e-01 2.50000000000000000e-01
8.75000000000000000e-01 8.75000000000000000e-01 2.50000000000000000e-01
1.00000000000000000e+00 8.75000000000000000e-01 2.50000000000000000e-01
1.12500000000000000e+00 8.75000000000000000e-01 2.50000000000000000e-01
1.25000000000000000e+00 8.75000000000000000e-01 2.50000000000000000e-01
1.37500000000000000e+00 8.75000000000000000e-01 2.50000000000000000e-01
1.50000000000000000e+00 8.75000000000000000e-01 2.50000000000000000e-01
1.62500000000000000e+00 8.75000000000000000e-01 2.50000000000000000e-01
1.75000000000000000e+00 8.75000000000000000e-01 2.50000000000000000e-01
1.87500000000000000e+00 8.75000000000000000e-01 2.50000000000000000e-01
2.00000000000000000e+00 8.75000000000000000e-01 2.50000000000000000e-01
2.12500000000000000e+00 8.75000000000000000e-01 2.50000000000000000e-01
2.25000000000000000e+00 8.75000000000000000e-01 2.50000000000000000e-01
2.37500000000000000e+00 8.75000000000000000e-01 2.50000000000000000e-01
2.50000000000000000e+00 8.75000000000000000e-01 2.50000000000000000e-01
2.62500000000000000e+00 8.75000000000000000e-01 2.50000000000000000e-01
2.75000000000000000e+00 8.75000000000000000e-01 2.50000000000000000e-01
2.87500000000000000e+00 8.75000000000000000e-01 2.50000000000000000e-01
3.00000000000000000e+00 8.75000000000000000e-01 2.50000000000000000e-01
3.12500000000000000e+00 8.75000000000000000e-01 2.50000000000000000e-01
3.25000000000000000e+00 8.75000000000000000e-01 2.50000000000000000e-01
3.37500000000000000e+00 8.75000000000000000e-01 2.50000000000000000e-01
3.50000000000000000e+00 8.75000000000000000e-01 2.50000000000000000e-01
3.62500000000000000e+00 8.75000000000000000e-01 2.50000000000000000e-01
3.75000000000000000e+00 8.75000000000000000e-01 2.50000000000000000e-01
3.87500000000000000e+00 8.75000000000000000e-01 2.50000000000000000e-01
4.00000000000000000e+00 8.75000000000000000e-01 2.50000000000000000e-01
4.12500000000000000e+00 8.75000000000000000e-01 2.50000000000000000e-01
4.25000000000000000e+00 8.75000000000000000e-01 2.50000000000000000e-01
4.37500000000000000e+00 8.75000000000000000e-01 2.50000000000000000e-01
4.50000000000000000e+00 8.75000000000000000e-01 2.50000000000000000e-01
4.62500000000000000e+00 8.75000000000000000e-01 2.50000000000000000e-01
4.75000000000000000e+00 8.75000000000000000e-01 2.50000000000000000e-01
4.87500000000000000e+00 8.75000000000000000e-01 2.50000000000000000e-01
5.00000000000000000e+00 8.75000000000000000e-01 2.50000000000000000e-01
5.12500000000000000e+00 8.75000000000000000e-01 2.50000000000000000e-01
5.25000000000000000e+00 8.75000000000000000e-01 2.50000000000000000e-01
5.37500000000000000e+00 8.75000000000000000e-01 2.50000000000000000e-01
5.50000000000000000e+00 8.75000000000000000e-01 2.50000000000000000e-01
5.62500000000000000e+00 8.75000000000000000e-01 2.50000000000000000e-01
5.75000000000000000e+00 8.75000000000000000e-01 2.50000000000000000e-01
5.87500000000000000e+00 8.75000000000000000e-01 2.50000000000000000e-01
6.00000000000000000e+00 8.75000000000000000e-01 2.50000000000000000e-01
0.00000000000000000e+00 1.00000000000000000e+00 2.50000000000000000e-01
1.25000000000000000e-01 1.00000000000000000e+00 2.50000000000000000e-01
2.50000000000000000e-01 1.00000000000000000e+00 2.50000000000000000e-01
3.75000000000000000e-01 1.00000000000000000e+00 2.50000000000000000e-01
5.00000000000000000e-01 1.00000000000000000e+00 2.50000000000000000e-01
6.25000000000000000e-01 1.00000000000000000e+00 2.50000000000000000e-01
7.50000000000000000e-01 1.00000000000000000e+00 2.50000000000000000e-01
8.75000000000000000e-01 1.00000000000000000e+00 2.50000000000000000e-01
1.00000000000000000e+00 1.00000000000000000e+00 2.50000000000000000e-01
1.12500000000000000e+00 1.00000000000000000e+00 2.50000000000000000e-01
1.25000000000000000e+00 1.00000000000000000e+00 2.50000000000000000e-01
1.37500000000000000e+00 1.00000000000000000e+00 2.50000000000000000e-01
1.50000000000000000e+00 1.00000000000000000e+00 2.50000000000000000e-01
1.62500000000000000e+00 1.00000000000000000e+00 2.50000000000000000e-01
1.75000000000000000e+00 1.00000000000000000e+00 2.50000000000000000e-01
1.87500000000000000e+00 1.00000000000000000e+00 2.50000000000000000e-01
2.00000000000000000e+00 1.00000000000000000e+00 2.50000000000000000e-01
2.12500000000000000e+00 1.00000000000000000e+00 2.50000000000000000e-01
2.25000000000000000e+00 1.00000000000000000e+00 2.50000000000000000e-01
2.37500000000000000e+00 1.00000000000000000e+00 2.50000000000000000e-01
2.50000000000000000e+00 1.00000000000000000e+00 2.50000000000000000e-01
2.62500000000000000e+00 1.00000000000000000e+00 2.50000000000000000e-01
2.75000000000000000e+00 1.00000000000000000e+00 2.50000000000000000e-01
2.87500000000000000e+00 1.00000000000000000e+00 2.50000000000000000e-01
3.00000000000000000e+00 1.00000000000000000e+00 2.50000000000000000e-01
3.12500000000000000e+00 1.00000000000000000e+00 2.50000000000000000e-01
3.25000000000000000e+00 1.00000000000000000e+00 2.50000000000000000e-01
3.37500000000000000e+00 1.00000000000000000e+00 2.50000000000000000e-01
3.50000000000000000e+00 1.00000000000000000e+00 2.50000000000000000e-01
3.62500000000000000e+00 1.00000000000000000e+00 2.50000000000000000e-01
3.75000000000000000e+00 1.00000000000000000e+00 2.50000000000000000e-01
3.87500000000000000e+00 1.00000000000000000e+00 2.50000000000000000e-01
4.00000000000000000e+00 1.00000000000000000e+00 2.50000000000000000e-01
4.12500000000000000e+00 1.00000000000000000e+00 2.50000000000000000e-01
4.25000000000000000e+00 1.00000000000000000e+00 2.50000000000000000e-01
4.37500000000000000e+00 1.00000000000000000e+00 2.50000000000000000e-01
4.50000000000000000e+00 1.00000000000000000e+00 2.50000000000000000e-01
4.62500000000000000e+00 1.00000000000000000e+00 2.50000000000000000e-01
4.75000000000000000e+00 1.00000000000000000e+00 2.50000000000000000e-01
4.87500000000000000e+00 1.00000000000000000e+00 2.50000000000000000e-01
5.00000000000000000e+00 1.00000000000000000e+00 2.50000000000000000e-01
5.12500000000000000e+00 1.00000000000000000e+00 2.50000000000000000e-01
5.25000000000000000e+00 1.00000000000000000e+00 2.50000000000000000e-01
5.37500000000000000e+00 1.00000000000000000e+00 2.50000000000000000e-01
5.50000000000000000e+00 1.00000000000000000e+00 2.50000000000000000e-01
5.62500000000000000e+00 1.00000000000000000e+00 2.50000000000000000e-01
5.75000000000000000e+00 1.00000000000000000e+00 2.50000000000000000e-01
5.87500000000000000e+00 1.00000000000000000e+00 2.50000000000000000e-01
6.00000000000000000e+00 1.00000000000000000e+00 2.50000000000000000e-01
0.00000000000000000e+00 0.00000000000000000e+00 3.75000000000000000e-01
1.25000000000000000e-01 0.00000000000000000e+00 3.75000000000000000e-01
2.50000000000000000e-01 0.00000000000000000e+00 3.75000000000000000e-01
3.75000000000000000e-01 0.00000000000000000e+00 3.75000000000000000e-01
5.00000000000000000e-01 0.00000000000000000e+00 3.75000000000000000e-01
6.25000000000000000e-01 0.00000000000000000e+00 3.75000000000000000e-01
7.50000000000000000e-01 0.00000000000000000e+00 3.75000000000000000e-01
8.75000000000000000e-01 0.00000000000000000e+00 3.75000000000000000e-01
1.00000000000000000e+00 0.00000000000000000e+00 3.75000000000000000e-01
1.12500000000000000e+00 0.00000000000000000e+00 3.75000000000000000e-01
1.25000000000000000e+00 0.00000000000000000e+00 3.75000000000000000e-01
1.37500000000000000e+00 0.00000000000000000e+00 3.75000000000000000e-01
1.50000000000000000e+00 0.00000000000000000e+00 3.75000000000000000e-01
1.62500000000000000e+00 0.00000000000000000e+00 3.75000000000000000e-01
1.75000000000000000e+00 0.00000000000000000e+00 3.75000000000000000e-01
1.87500000000000000e+00 0.00000000000000000e+00 3.75000000000000000e-01
2.00000000000000000e+00 0.00000000000000000e+00 3.75000000000000000e-01
2.12500000000000000e+00 0.00000000000000000e+00 3.75000000000000000e-01
2.25000000000000000e+00 0.00000000000000000e+00 3.75000000000000000e-01
2.37500000000000000e+00 0.00000000000000000e+00 3.75000000000000000e-01
2.50000000000000000e+00 0.00000000000000000e+00 3.75000000000000000e-01
2.62500000000000000e+00 0.00000000000000000e+00 3.75000000000000000e-01
2.75000000000000000e+00 0.00000000000000000e+00 3.75000000000000000e-01
2.87500000000000000e+00 0.00000000000000000e+00 3.75000000000000000e-01
3.00000000000000000e+00 0.00000000000000000e+00 3.75000000000000000e-01
3.12500000000000000e+00 0.00000000000000000e+00 3.75000000000000000e-01
3.25000000000000000e+00 0.00000000000000000e+00 3.75000000000000000e-01
3.37500000000000000e+00 0.00000000000000000e+00 3.75000000000000000e-01
3.50000000000000000e+00 0.00000000000000000e+00 3.75000000000000000e-01
3.62500000000000000e+00 0.00000000000000000e+00 3.75000000000000000e-01
3.75000000000000000e+00 0.00000000000000000e+00 3.75000000000000000e-01
3.87500000000000000e+00 0.00000000000000000e+00 3.75000000000000000e-01
4.00000000000000000e+00 0.00000000000000000e+00 3.75000000000000000e-01
4.12500000000000000e+00 0.00000000000000000e+00 3.75000000000000000e-01
4.25000000000000000e+00 0.00000000000000000e+00 3.75000000000000000e-01
4.37500000000000000e+00 0.00000000000000000e+00 3.75000000000000000e-01
4.50000000000000000e+00 0.00000000000000000e+00 3.75000000000000000e-01
4.62500000000000000e+00 0.00000000000000000e+00 3.75000000000000000e-01
4.75000000000000000e+00 0.00000000000000000e+00 3.75000000000000000e-01
4.87500000000000000e+00 0.00000000000000000e+00 3.75000000000000000e-01
5.00000000000000000e+00 0.00000000000000000e+00 3.75000000000000000e-01
5.12500000000000000e+00 0.00000000000000000e+00 3.75000000000000000e-01
5.25000000000000000e+00 0.00000000000000000e+00 3.75000000000000000e-01
5.37500000000000000e+00 0.00000000000000000e+00 3.75000000000000000e-01
5.50000000000000000e+00 0.00000000000000000e+00 3.75000000000000000e-01
5.62500000000000000e+00 0.00000000000000000e+00 3.75000000000000000e-01
5.75000000000000000e+00 0.00000000000000000e+00 3.75000000000000000e-01
5.87500000000000000e+00 0.00000000000000000e+00 3.75000000000000000e-01
6.00000000000000000e+00 0.00000000000000000e+00 3.75000000000000000e-01
0.00000000000000000e+00 1.25000000000000000e-01 3.75000000000000000e-01
1.25000000000000000e-01 1.25000000000000000e-01 3.75000000000000000e-01
2.50000000000000000e-01 1.25000000000000000e-01 3.75000000000000000e-01
3.75000000000000000e-01 1.25000000000000000e-01 3.75000000000000000e-01
5.00000000000000000e-01 1.25000000000000000e-01 3.75000000000000000e-01
6.25000000000000000e-01 1.25000000000000000e-01 3.75000000000000000e-01
7.50000000000000000e-01 1.25000000000000000e-01 3.75000000000000000e-01
8.75000000000000000e-01 1.25000000000000000e-01 3.75000000000000000e-01
1.00000000000000000e+00 1.25000000000000000e-01 3.75000000000000000e-01
1.12500000000000000e+00 1.25000000000000000e-01 3.75000000000000000e-01
1.25000000000000000e+00 1.25000000000000000e-01 3.75000000000000000e-01
1.37500000000000000e+00 1.25000000000000000e-01 3.75000000000000000e-01
1.50000000000000000e+00 1.25000000000000000e-01 3.75000000000000000e-01
1.62500000000000000e+00 1.25000000000000000e-01 3.75000000000000000e-01
1.75000000000000000e+00 1.25000000000000000e-01 3.75000000000000000e-01
1.87500000000000000e+00 1.25000000000000000e-01 3.75000000000000000e-01
2.00000000000000000e+00 1.25000000000000000e-01 3.75000000000000000e-01
2.12500000000000000e+00 1.25000000000000000e-01 3.75000000000000000e-01
2.25000000000000000e+00 1.25000000000000000e-01 3.75000000000000000e-01
2.37500000000000000e+00 1.25000000000000000e-01 3.75000000000000000e-01
2.50000000000000000e+00 1.25000000000000000e-01 3.75000000000000000e-01
2.62500000000000000e+00 1.25000000000000000e-01 3.75000000000000000e-01
2.75000000000000000e+00 1.25000000000000000e-01 3.75000000000000000e-01
2.87500000000000000e+00 1.25000000000000000e-01 3.75000000000000000e-01
3.00000000000000000e+00 1.25000000000000000e-01 3.75000000000000000e-01
3.12500000000000000e+00 1.25000000000000000e-01 3.75000000000000000e-01
3.25000000000000000e+00 1.25000000000000000e-01 3.75000000000000000e-01
3.37500000000000000e+00 1.25000000000000000e-01 3.75000000000000000e-01
3.50000000000000000e+00 1.25000000000000000e-01 3.75000000000000000e-01
3.62500000000000000e+00 1.25000000000000000e-01 3.75000000000000000e-01
3.75000000000000000e+00 1.25000000000000000e-01 3.75000000000000000e-01
3.87500000000000000e+00 1.25000000000000000e-01 3.75000000000000000e-01
4.00000000000000000e+00 1.25000000000000000e-01 3.75000000000000000e-01
4.12500000000000000e+00 1.25000000000000000e-01 3.75000000000000000e-01
4.25000000000000000e+00 1.25000000000000000e-01 3.75000000000000000e-01
4.37500000000000000e+00 1.25000000000000000e-01 3.75000000000000000e-01
4.50000000000000000e+00 1.25000000000000000e-01 3.75000000000000000e-01
4.62500000000000000e+00 1.25000000000000000e-01 3.75000000000000000e-01
4.75000000000000000e+00 1.25000000000000000e-01 3.75000000000000000e-01
4.87500000000000000e+00 1.25000000000000000e-01 3.75000000000000000e-01
5.00000000000000000e+00 1.25000000000000000e-01 3.75000000000000000e-01
5.12500000000000000e+00 1.25000000000000000e-01 3.75000000000000000e-01
5.25000000000000000e+00 1.25000000000000000e-01 3.75000000000000000e-01
5.37500000000000000e+00 1.25000000000000000e-01 3.75000000000000000e-01
5.50000000000000000e+00 1.25000000000000000e-01 3.75000000000000000e-01
5.62500000000000000e+00 1.25000000000000000e-01 3.75000000000000000e-01
5.75000000000000000e+00 1.25000000000000000e-01 3.75000000000000000e-01
5.87500000000000000e+00 1.25000000000000000e-01 3.75000000000000000e-01
6.00000000000000000e+00 1.25000000000000000e-01 3.75000000000000000e-01
0.00000000000000000e+00 2.50000000000000000e-01 3.75000000000000000e-01
1.25000000000000000e-01 2.50000000000000000e-01 3.75000000000000000e-01
2.50000000000000000e-01 2.50000000000000000e-01 3.75000000000000000e-01
3.75000000000000000e-01 2.50000000000000000e-01 3.75000000000000000e-01
5.00000000000000000e-01 2.50000000000000000e-01 3.75000000000000000e-01
6.25000000000000000e-01 2.50000000000000000e-01 3.75000000000000000e-01
7.50000000000000000e-01 2.50000000000000000e-01 3.75000000000000000e-01
8.75000000000000000e-01 2.50000000000000000e-01 3.75000000000000000e-01
1.00000000000000000e+00 2.50000000000000000e-01 3.75000000000000000e-01
1.12500000000000000e+00 2.50000000000000000e-01 3.75000000000000000e-01
1.25000000000000000e+00 2.50000000000000000e-01 3.75000000000000000e-01
1.37500000000000000e+00 2.50000000000000000e-01 3.75000000000000000e-01
1.50000000000000000e+00 2.50000000000000000e-01 3.75000000000000000e-01
1.62500000000000000e+00 2.50000000000000000e-01 3.75000000000000000e-01
1.75000000000000000e+00 2.50000000000000000e-01 3.75000000000000000e-01
1.87500000000000000e+00 2.50000000000000000e-01 3.75000000000000000e-01
2.00000000000000000e+00 2.50000000000000000e-01 3.75000000000000000e-01
2.12500000000000000e+00 2.50000000000000000e-01 3.75000000000000000e-01
2.25000000000000000e+00 2.50000000000000000e-01 3.75000000000000000e-01
2.37500000000000000e+00 2.50000000000000000e-01 3.75000000000000000e-01
2.50000000000000000e+00 2.50000000000000000e-01 3.75000000000000000e-01
2.62500000000000000e+00 2.50000000000000000e-01 3.75000000000000000e-01
2.75000000000000000e+00 2.50000000000000000e-01 3.75000000000000000e-01
2.87500000000000000e+00 2.50000000000000000e-01 3.75000000000000000e-01
3.00000000000000000e+00 2.50000000000000000e-01 3.75000000000000000e-01
3.12500000000000000e+00 2.50000000000000000e-01 3.75000000000000000e-01
3.25000000000000000e+00 2.50000000000000000e-01 3.75000000000000000e-01
3.37500000000000000e+00 2.50000000000000000e-01 3.75000000000000000e-01
3.50000000000000000e+00 2.50000000000000000e-01 3.75000000000000000e-01
3.62500000000000000e+00 2.50000000000000000e-01 3.75000000000000000e-01
3.75000000000000000e+00 2.50000000000000000e-01 3.75000000000000000e-01
3.87500000000000000e+00 2.50000000000000000e-01 3.75000000000000000e-01
4.00000000000000000e+00 2.50000000000000000e-01 3.75000000000000000e-01
4.12500000000000000e+00 2.50000000000000000e-01 3.75000000000000000e-01
4.25000000000000000e+00 2.50000000000000000e-01 3.75000000000000000e-01
4.37500000000000000e+00 2.50000000000000000e-01 3.75000000000000000e-01
4.50000000000000000e+00 2.50000000000000000e-01 3.75000000000000000e-01
4.62500000000000000e+00 2.50000000000000000e-01 3.75000000000000000e-01
4.75000000000000000e+00 2.50000000000000000e-01 3.75000000000000000e-01
4.87500000000000000e+00 2.50000000000000000e-01 3.75000000000000000e-01
5.00000000000000000e+00 2.50000000000000000e-01 3.75000000000000000e-01
5.12500000000000000e+00 2.50000000000000000e-01 3.75000000000000000e-01
5.25000000000000000e+00 2.50000000000000000e-01 3.75000000000000000e-01
5.37500000000000000e+00 2.50000000000000000e-01 3.75000000000000000e-01
5.50000000000000000e+00 2.50000000000000000e-01 3.75000000000000000e-01
5.62500000000000000e+00 2.50000000000000000e-01 3.75000000000000000e-01
5.75000000000000000e+00 2.50000000000000000e-01 3.75000000000000000e-01
5.87500000000000000e+00 2.50000000000000000e-01 3.75000000000000000e-01
6.00000000000000000e+00 2.50000000000000000e-01 3.75000000000000000e-01
0.00000000000000000e+00 3.75000000000000000e-01 3.75000000000000000e-01
1.25000000000000000e-01 3.75000000000000000e-01 3.75000000000000000e-01
2.50000000000000000e-01 3.75000000000000000e-01 3.75000000000000000e-01
3.75000000000000000e-01 3.75000000000000000e-01 3.75000000000000000e-01
5.00000000000000000e-01 3.75000000000000000e-01 3.75000000000000000e-01
6.25000000000000000e-01 3.75000000000000000e-01 3.75000000000000000e-01
7.50000000000000000e-01 3.75000000000000000e-01 3.75000000000000000e-01
8.75000000000000000e-01 3.75000000000000000e-01 3.75000000000000000e-01
1.00000000000000000e+00 3.75000000000000000e-01 3.75000000000000000e-01
1.12500000000000000e+00 3.75000000000000000e-01 3.75000000000000000e-01
1.25000000000000000e+00 3.75000000000000000e-01 3.75000000000000000e-01
1.37500000000000000e+00 3.75000000000000000e-01 3.75000000000000000e-01
1.50000000000000000e+00 3.75000000000000000e-01 3.75000000000000000e-01
1.62500000000000000e+00 3.75000000000000000e-01 3.75000000000000000e-01
1.75000000000000000e+00 3.75000000000000000e-01 3.75000000000000000e-01
1.87500000000000000e+00 3.75000000000000000e-01 3.75000000000000000e-01
2.00000000000000000e+00 3.75000000000000000e-01 3.75000000000000000e-01
2.12500000000000000e+00 3.75000000000000000e-01 3.75000000000000000e-01
2.25000000000000000e+00 3.75000000000000000e-01 3.75000000000000000e-01
2.37500000000000000e+00 3.75000000000000000e-01 3.75000000000000000e-01
2.50000000000000000e+00 3.75000000000000000e-01 3.75000000000000000e-01
2.62500000000000000e+00 3.75000000000000000e-01 3.75000000000000000e-01
2.75000000000000000e+00 3.75000000000000000e-01 3.75000000000000000e-01
2.87500000000000000e+00 3.75000000000000000e-01 3.75000000000000000e-01
3.00000000000000000e+00 3.75000000000000000e-01 3.75000000000000000e-01
3.12500000000000000e+00 3.75000000000000000e-01 3.75000000000000000e-01
3.25000000000000000e+00 3.75000000000000000e-01 3.75000000000000000e-01
3.37500000000000000e+00 3.75000000000000000e-01 3.75000000000000000e-01
3.50000000000000000e+00 3.75000000000000000e-01 3.75000000000000000e-01
3.62500000000000000e+00 3.75000000000000000e-01 3.75000000000000000e-01
3.75000000000000000e+00 3.75000000000000000e-01 3.75000000000000000e-01
3.87500000000000000e+00 3.75000000000000000e-01 3.75000000000000000e-01
4.00000000000000000e+00 3.75000000000000000e-01 3.75000000000000000e-01
4.12500000000000000e+00 3.75000000000000000e-01 3.75000000000000000e-01
4.25000000000000000e+00 3.75000000000000000e-01 3.75000000000000000e-01
4.37500000000000000e+00 3.75000000000000000e-01 3.75000000000000000e-01
4.50000000000000000e+00 3.75000000000000000e-01 3.75000000000000000e-01
4.62500000000000000e+00 3.75000000000000000e-01 3.75000000000000000e-01
4.75000000000000000e+00 3.75000000000000000e-01 3.75000000000000000e-01
4.87500000000000000e+00 3.75000000000000000e-01 3.75000000000000000e-01
5.00000000000000000e+00 3.75000000000000000e-01 3.75000000000000000e-01
5.12500000000000000e+00 3.75000000000000000e-01 3.75000000000000000e-01
5.25000000000000000e+00 3.75000000000000000e-01 3.75000000000000000e-01
5.37500000000000000e+00 3.75000000000000000e-01 3.75000000000000000e-01
5.50000000000000000e+00 3.75000000000000000e-01 3.75000000000000000e-01
5.62500000000000000e+00 3.75000000000000000e-01 3.75000000000000000e-01
5.75000000000000000e+00 3.75000000000000000e-01 3.75000000000000000e-01
5.87500000000000000e+00 3.75000000000000000e-01 3.75000000000000000e-01
6.00000000000000000e+00 3.75000000000000000e-01 3.75000000000000000e-01
0.00000000000000000e+00 5.00000000000000000e-01 3.75000000000000000e-01
1.25000000000000000e-01 5.00000000000000000e-01 3.75000000000000000e-01
2.50000000000000000e-01 5.00000000000000000e-01 3.75000000000000000e-01
3.75000000000000000e-01 5.00000000000000000e-01 3.75000000000000000e-01
5.00000000000000000e-01 5.00000000000000000e-01 3.75000000000000000e-01
6.25000000000000000e-01 5.00000000000000000e-01 3.75000000000000000e-01
7.50000000000000000e-01 5.00000000000000000e-01 3.75000000000000000e-01
8.75000000000000000e-01 5.00000000000000000e-01 3.75000000000000000e-01
1.00000000000000000e+00 5.00000000000000000e-01 3.75000000000000000e-01
1.12500000000000000e+00 5.00000000000000000e-01 3.75000000000000000e-01
1.25000000000000000e+00 5.00000000000000000e-01 3.75000000000000000e-01
1.37500000000000000e+00 5.00000000000000000e-01 3.75000000000000000e-01
1.50000000000000000e+00 5.00000000000000000e-01 3.75000000000000000e-01
1.62500000000000000e+00 5.00000000000000000e-01 3.75000000000000000e-01
1.75000000000000000e+00 5.00000000000000000e-01 3.75000000000000000e-01
1.87500000000000000e+00 5.00000000000000000e-01 3.75000000000000000e-01
2.00000000000000000e+00 5.00000000000000000e-01 3.75000000000000000e-01
2.12500000000000000e+00 5.00000000000000000e-01 3.75000000000000000e-01
2.25000000000000000e+00 5.00000000000000000e-01 3.75000000000000000e-01
2.37500000000000000e+00 5.00000000000000000e-01 3.75000000000000000e-01
2.50000000000000000e+00 5.00000000000000000e-01 3.75000000000000000e-01
2.62500000000000000e+00 5.00000000000000000e-01 3.75000000000000000e-01
2.75000000000000000e+00 5.00000000000000000e-01 3.75000000000000000e-01
2.87500000000000000e+00 5.00000000000000000e-01 3.75000000000000000e-01
3.00000000000000000e+00 5.00000000000000000e-01 3.75000000000000000e-01
3.12500000000000000e+00 5.00000000000000000e-01 3.75000000000000000e-01
3.25000000000000000e+00 5.00000000000000000e-01 3.75000000000000000e-01
3.37500000000000000e+00 5.00000000000000000e-01 3.75000000000000000e-01
3.50000000000000000e+00 5.00000000000000000e-01 3.75000000000000000e-01
3.62500000000000000e+00 5.00000000000000000e-01 3.75000000000000000e-01
3.75000000000000000e+00 5.00000000000000000e-01 3.75000000000000000e-01
3.87500000000000000e+00 5.00000000000000000e-01 3.75000000000000000e-01
4.00000000000000000e+00 5.00000000000000000e-01 3.75000000000000000e-01
4.12500000000000000e+00 5.00000000000000000e-01 3.75000000000000000e-01
4.25000000000000000e+00 5.00000000000000000e-01 3.75000000000000000e-01
4.37500000000000000e+00 5.00000000000000000e-01 3.75000000000000000e-01
4.50000000000000000e+00 5.00000000000000000e-01 3.75000000000000000e-01
4.62500000000000000e+00 5.00000000000000000e-01 3.75000000000000000e-01
4.75000000000000000e+00 5.00000000000000000e-01 3.75000000000000000e-01
4.87500000000000000e+00 5.00000000000000000e-01 3.75000000000000000e-01
5.00000000000000000e+00 5.00000000000000000e-01 3.75000000000000000e-01
5.12500000000000000e+00 5.00000000000000000e-01 3.75000000000000000e-01
5.25000000000000000e+00 5.00000000000000000e-01 3.75000000000000000e-01
5.37500000000000000e+00 5.00000000000000000e-01 3.75000000000000000e-01
5.50000000000000000e+00 5.00000000000000000e-01 3.75000000000000000e-01
5.62500000000000000e+00 5.00000000000000000e-01 3.75000000000000000e-01
5.75000000000000000e+00 5.00000000000000000e-01 3.75000000000000000e-01
5.87500000000000000e+00 5.00000000000000000e-01 3.75000000000000000e-01
6.00000000000000000e+00 5.00000000000000000e-01 3.75000000000000000e-01
0.00000000000000000e+00 6.25000000000000000e-01 3.75000000000000000e-01
1.25000000000000000e-01 6.25000000000000000e-01 3.75000000000000000e-01
2.50000000000000000e-01 6.25000000000000000e-01 3.75000000000000000e-01
3.75000000000000000e-01 6.25000000000000000e-01 3.75000000000000000e-01
5.00000000000000000e-01 6.25000000000000000e-01 3.75000000000000000e-01
6.25000000000000000e-01 6.25000000000000000e-01 3.75000000000000000e-01
7.50000000000000000e-01 6.25000000000000000e-01 3.75000000000000000e-01
8.75000000000000000e-01 6.25000000000000000e-01 3.75000000000000000e-01
1.00000000000000000e+00 6.25000000000000000e-01 3.75000000000000000e-01
1.12500000000000000e+00 6.25000000000000000e-01 3.75000000000000000e-01
1.25000000000000000e+00 6.25000000000000000e-01 3.75000000000000000e-01
1.37500000000000000e+00 6.25000000000000000e-01 3.75000000000000000e-01
1.50000000000000000e+00 6.25000000000000000e-01 3.75000000000000000e-01
1.62500000000000000e+00 6.25000000000000000e-01 3.75000000000000000e-01
1.75000000000000000e+00 6.25000000000000000e-01 3.75000000000000000e-01
1.87500000000000000e+00 6.25000000000000000e-01 3.75000000000000000e-01
2.00000000000000000e+00 6.25000000000000000e-01 3.75000000000000000e-01
2.12500000000000000e+00 6.25000000000000000e-01 3.75000000000000000e-01
2.25000000000000000e+00 6.25000000000000000e-01 3.75000000000000000e-01
2.37500000000000000e+00 6.25000000000000000e-01 3.75000000000000000e-01
2.50000000000000000e+00 6.25000000000000000e-01 3.75000000000000000e-01
2.62500000000000000e+00 6.25000000000000000e-01 3.75000000000000000e-01
2.75000000000000000e+00 6.25000000000000000e-01 3.75000000000000000e-01
2.87500000000000000e+00 6.25000000000000000e-01 3.75000000000000000e-01
3.00000000000000000e+00 6.25000000000000000e-01 3.75000000000000000e-01
3.12500000000000000e+00 6.25000000000000000e-01 3.75000000000000000e-01
3.25000000000000000e+00 6.25000000000000000e-01 3.75000000000000000e-01
3.37500000000000000e+00 6.25000000000000000e-01 3.75000000000000000e-01
3.50000000000000000e+00 6.25000000000000000e-01 3.75000000000000000e-01
3.62500000000000000e+00 6.25000000000000000e-01 3.75000000000000000e-01
3.75000000000000000e+00 6.25000000000000000e-01 3.75000000000000000e-01
3.87500000000000000e+00 6.25000000000000000e-01 3.75000000000000000e-01
4.00000000000000000e+00 6.25000000000000000e-01 3.75000000000000000e-01
4.12500000000000000e+00 6.25000000000000000e-01 3.75000000000000000e-01
4.25000000000000000e+00 6.25000000000000000e-01 3.75000000000000000e-01
4.37500000000000000e+00 6.25000000000000000e-01 3.75000000000000000e-01
4.50000000000000000e+00 6.25000000000000000e-01 3.75000000000000000e-01
4.62500000000000000e+00 6.25000000000000000e-01 3.75000000000000000e-01
4.75000000000000000e+00 6.25000000000000000e-01 3.75000000000000000e-01
4.87500000000000000e+00 6.25000000000000000e-01 3.75000000000000000e-01
5.00000000000000000e+00 6.25000000000000000e-01 3.75000000000000000e-01
5.12500000000000000e+00 6.25000000000000000e-01 3.75000000000000000e-01
5.25000000000000000e+00 6.25000000000000000e-01 3.75000000000000000e-01
5.37500000000000000e+00 6.25000000000000000e-01 3.75000000000000000e-01
5.50000000000000000e+00 6.25000000000000000e-01 3.75000000000000000e-01
5.62500000000000000e+00 6.25000000000000000e-01 3.75000000000000000e-01
5.75000000000000000e+00 6.25000000000000000e-01 3.75000000000000000e-01
5.87500000000000000e+00 6.25000000000000000e-01 3.75000000000000000e-01
6.00000000000000000e+00 6.25000000000000000e-01 3.75000000000000000e-01
0.00000000000000000e+00 7.50000000000000000e-01 3.75000000000000000e-01
1.25000000000000000e-01 7.50000000000000000e-01 3.75000000000000000e-01
2.50000000000000000e-01 7.50000000000000000e-01 3.75000000000000000e-01
3.75000000000000000e-01 7.50000000000000000e-01 3.75000000000000000e-01
5.00000000000000000e-01 7.50000000000000000e-01 3.75000000000000000e-01
6.25000000000000000e-01 7.50000000000000000e-01 3.75000000000000000e-01
7.50000000000000000e-01 7.50000000000000000e-01 3.75000000000000000e-01
8.75000000000000000e-01 7.50000000000000000e-01 3.75000000000000000e-01
1.00000000000000000e+00 7.50000000000000000e-01 3.75000000000000000e-01
1.12500000000000000e+00 7.50000000000000000e-01 3.75000000000000000e-01
1.25000000000000000e+00 7.50000000000000000e-01 3.75000000000000000e-01
1.37500000000000000e+00 7.50000000000000000e-01 3.75000000000000000e-01
1.50000000000000000e+00 7.50000000000000000e-01 3.75000000000000000e-01
1.62500000000000000e+00 7.50000000000000000e-01 3.75000000000000000e-01
1.75000000000000000e+00 7.50000000000000000e-01 3.75000000000000000e-01
1.87500000000000000e+00 7.50000000000000000e-01 3.75000000000000000e-01
2.00000000000000000e+00 7.50000000000000000e-01 3.75000000000000000e-01
2.12500000000000000e+00 7.50000000000000000e-01 3.75000000000000000e-01
2.25000000000000000e+00 7.50000000000000000e-01 3.75000000000000000e-01
2.37500000000000000e+00 7.50000000000000000e-01 3.75000000000000000e-01
2.50000000000000000e+00 7.50000000000000000e-01 3.75000000000000000e-01
2.62500000000000000e+00 7.50000000000000000e-01 3.75000000000000000e-01
2.75000000000000000e+00 7.50000000000000000e-01 3.75000000000000000e-01
2.87500000000000000e+00 7.50000000000000000e-01 3.75000000000000000e-01
3.00000000000000000e+00 7.50000000000000000e-01 3.75000000000000000e-01
3.12500000000000000e+00 7.50000000000000000e-01 3.75000000000000000e-01
3.25000000000000000e+00 7.50000000000000000e-01 3.75000000000000000e-01
3.37500000000000000e+00 7.50000000000000000e-01 3.75000000000000000e-01
3.50000000000000000e+00 7.50000000000000000e-01 3.75000000000000000e-01
3.62500000000000000e+00 7.50000000000000000e-01 3.75000000000000000e-01
3.75000000000000000e+00 7.50000000000000000e-01 3.75000000000000000e-01
3.87500000000000000e+00 7.50000000000000000e-01 3.75000000000000000e-01
4.00000000000000000e+00 7.50000000000000000e-01 3.75000000000000000e-01
4.12500000000000000e+00 7.50000000000000000e-01 3.75000000000000000e-01
4.25000000000000000e+00 7.50000000000000000e-01 3.75000000000000000e-01
4.37500000000000000e+00 7.50000000000000000e-01 3.75000000000000000e-01
4.50000000000000000e+00 7.50000000000000000e-01 3.75000000000000000e-01
4.62500000000000000e+00 7.50000000000000000e-01 3.75000000000000000e-01
4.75000000000000000e+00 7.50000000000000000e-01 3.75000000000000000e-01
4.87500000000000000e+00 7.50000000000000000e-01 3.75000000000000000e-01
5.00000000000000000e+00 7.50000000000000000e-01 3.75000000000000000e-01
5.12500000000000000e+00 7.50000000000000000e-01 3.75000000000000000e-01
5.25000000000000000e+00 7.50000000000000000e-01 3.75000000000000000e-01
5.37500000000000000e+00 7.50000000000000000e-01 3.75000000000000000e-01
5.50000000000000000e+00 7.50000000000000000e-01 3.75000000000000000e-01
5.62500000000000000e+00 7.50000000000000000e-01 3.75000000000000000e-01
5.75000000000000000e+00 7.50000000000000000e-01 3.75000000000000000e-01
5.87500000000000000e+00 7.50000000000000000e-01 3.75000000000000000e-01
6.00000000000000000e+00 7.50000000000000000e-01 3.75000000000000000e-01
0.00000000000000000e+00 8.75000000000000000e-01 3.75000000000000000e-01
1.25000000000000000e-01 8.75000000000000000e-01 3.75000000000000000e-01
2.50000000000000000e-01 8.75000000000000000e-01 3.75000000000000000e-01
3.75000000000000000e-01 8.75000000000000000e-01 3.75000000000000000e-01
5.00000000000000000e-01 8.75000000000000000e-01 3.75000000000000000e-01
6.25000000000000000e-01 8.75000000000000000e-01 3.75000000000000000e-01
7.50000000000000000e-01 8.75000000000000000e-01 3.75000000000000000e-01
8.75000000000000000e-01 8.75000000000000000e-01 3.75000000000000000e-01
1.00000000000000000e+00 8.75000000000000000e-01 3.75000000000000000e-01
1.12500000000000000e+00 8.75000000000000000e-01 3.75000000000000000e-01
1.25000000000000000e+00 8.75000000000000000e-01 3.75000000000000000e-01
1.37500000000000000e+00 8.75000000000000000e-01 3.75000000000000000e-01
1.50000000000000000e+00 8.75000000000000000e-01 3.75000000000000000e-01
1.62500000000000000e+00 8.75000000000000000e-01 3.75000000000000000e-01
1.75000000000000000e+00 8.75000000000000000e-01 3.75000000000000000e-01
1.87500000000000000e+00 8.75000000000000000e-01 3.75000000000000000e-01
2.00000000000000000e+00 8.75000000000000000e-01 3.75000000000000000e-01
2.12500000000000000e+00 8.75000000000000000e-01 3.75000000000000000e-01
2.25000000000000000e+00 8.75000000000000000e-01 3.75000000000000000e-01
2.37500000000000000e+00 8.75000000000000000e-01 3.75000000000000000e-01
2.50000000000000000e+00 8.75000000000000000e-01 3.75000000000000000e-01
2.62500000000000000e+00 8.75000000000000000e-01 3.75000000000000000e-01
2.75000000000000000e+00 8.75000000000000000e-01 3.75000000000000000e-01
2.87500000000000000e+00 8.75000000000000000e-01 3.75000000000000000e-01
3.00000000000000000e+00 8.75000000000000000e-01 3.75000000000000000e-01
3.12500000000000000e+00 8.75000000000000000e-01 3.75000000000000000e-01
3.25000000000000000e+00 8.75000000000000000e-01 3.75000000000000000e-01
3.37500000000000000e+00 8.75000000000000000e-01 3.75000000000000000e-01
3.50000000000000000e+00 8.75000000000000000e-01 3.75000000000000000e-01
3.62500000000000000e+00 8.75000000000000000e-01 3.75000000000000000e-01
3.75000000000000000e+00 8.75000000000000000e-01 3.75000000000000000e-01
3.87500000000000000e+00 8.75000000000000000e-01 3.75000000000000000e-01
4.00000000000000000e+00 8.75000000000000000e-01 3.75000000000000000e-01
4.12500000000000000e+00 8.75000000000000000e-01 3.75000000000000000e-01
4.25000000000000000e+00 8.75000000000000000e-01 3.75000000000000000e-01
4.37500000000000000e+00 8.75000000000000000e-01 3.75000000000000000e-01
4.50000000000000000e+00 8.75000000000000000e-01 3.75000000000000000e-01
4.62500000000000000e+00 8.75000000000000000e-01 3.75000000000000000e-01
4.75000000000000000e+00 8.75000000000000000e-01 3.75000000000000000e-01
4.87500000000000000e+00 8.75000000000000000e-01 3.75000000000000000e-01
5.00000000000000000e+00 8.75000000000000000e-01 3.75000000000000000e-01
5.12500000000000000e+00 8.75000000000000000e-01 3.75000000000000000e-01
5.25000000000000000e+00 8.75000000000000000e-01 3.75000000000000000e-01
5.37500000000000000e+00 8.75000000000000000e-01 3.75000000000000000e-01
5.50000000000000000e+00 8.75000000000000000e-01 3.75000000000000000e-01
5.62500000000000000e+00 8.75000000000000000e-01 3.75000000000000000e-01
5.75000000000000000e+00 8.75000000000000000e-01 3.75000000000000000e-01
5.87500000000000000e+00 8.75000000000000000e-01 3.75000000000000000e-01
6.00000000000000000e+00 8.75000000000000000e-01 3.75000000000000000e-01
0.00000000000000000e+00 1.00000000000000000e+00 3.75000000000000000e-01
1.25000000000000000e-01 1.00000000000000000e+00 3.75000000000000000e-01
2.50000000000000000e-01 1.00000000000000000e+00 3.75000000000000000e-01
3.75000000000000000e-01 1.00000000000000000e+00 3.75000000000000000e-01
5.00000000000000000e-01 1.00000000000000000e+00 3.75000000000000000e-01
6.25000000000000000e-01 1.00000000000000000e+00 3.75000000000000000e-01
7.50000000000000000e-01 1.00000000000000000e+00 3.75000000000000000e-01
8.75000000000000000e-01 1.00000000000000000e+00 3.75000000000000000e-01
1.00000000000000000e+00 1.00000000000000000e+00 3.75000000000000000e-01
1.12500000000000000e+00 1.00000000000000000e+00 3.75000000000000000e-01
1.25000000000000000e+00 1.00000000000000000e+00 3.75000000000000000e-01
1.37500000000000000e+00 1.00000000000000000e+00 3.75000000000000000e-01
1.50000000000000000e+00 1.00000000000000000e+00 3.75000000000000000e-01
1.62500000000000000e+00 1.00000000000000000e+00 3.75000000000000000e-01
1.75000000000000000e+00 1.00000000000000000e+00 3.75000000000000000e-01
1.87500000000000000e+00 1.00000000000000000e+00 3.75000000000000000e-01
2.00000000000000000e+00 1.00000000000000000e+00 3.75000000000000000e-01
2.12500000000000000e+00 1.00000000000000000e+00 3.75000000000000000e-01
2.25000000000000000e+00 1.00000000000000000e+00 3.75000000000000000e-01
2.37500000000000000e+00 1.00000000000000000e+00 3.75000000000000000e-01
2.50000000000000000e+00 1.00000000000000000e+00 3.75000000000000000e-01
2.62500000000000000e+00 1.00000000000000000e+00 3.75000000000000000e-01
2.75000000000000000e+00 1.00000000000000000e+00 3.75000000000000000e-01
2.87500000000000000e+00 1.00000000000000000e+00 3.75000000000000000e-01
3.00000000000000000e+00 1.00000000000000000e+00 3.75000000000000000e-01
3.12500000000000000e+00 1.00000000000000000e+00 3.75000000000000000e-01
3.25000000000000000e+00 1.00000000000000000e+00 3.75000000000000000e-01
3.37500000000000000e+00 1.00000000000000000e+00 3.75000000000000000e-01
3.50000000000000000e+00 1.00000000000000000e+00 3.75000000000000000e-01
3.62500000000000000e+00 1.00000000000000000e+00 3.75000000000000000e-01
3.75000000000000000e+00 1.00000000000000000e+00 3.75000000000000000e-01
3.87500000000000000e+00 1.00000000000000000e+00 3.75000000000000000e-01
4.00000000000000000e+00 1.00000000000000000e+00 3.75000000000000000e-01
4.12500000000000000e+00 1.00000000000000000e+00 3.75000000000000000e-01
4.25000000000000000e+00 1.00000000000000000e+00 3.75000000000000000e-01
4.37500000000000000e+00 1.00000000000000000e+00 3.75000000000000000e-01
4.50000000000000000e+00 1.00000000000000000e+00 3.75000000000000000e-01
4.62500000000000000e+00 1.00000000000000000e+00 3.75000000000000000e-01
4.75000000000000000e+00 1.00000000000000000e+00 3.75000000000000000e-01
4.87500000000000000e+00 1.00000000000000000e+00 3.75000000000000000e-01
5.00000000000000000e+00 1.00000000000000000e+00 3.75000000000000000e-01
5.12500000000000000e+00 1.00000000000000000e+00 3.75000000000000000e-01
5.25000000000000000e+00 1.00000000000000000e+00 3.75000000000000000e-01
5.37500000000000000e+00 1.00000000000000000e+00 3.75000000000000000e-01
5.50000000000000000e+00 1.00000000000000000e+00 3.75000000000000000e-01
5.62500000000000000e+00 1.00000000000000000e+00 3.75000000000000000e-01
5.75000000000000000e+00 1.00000000000000000e+00 3.75000000000000000e-01
5.87500000000000000e+00 1.00000000000000000e+00 3.75000000000000000e-01
6.00000000000000000e+00 1.00000000000000000e+00 3.75000000000000000e-01
0.00000000000000000e+00 0.00000000000000000e+00 5.00000000000000000e-01
1.25000000000000000e-01 0.00000000000000000e+00 5.00000000000000000e-01
2.50000000000000000e-01 0.00000000000000000e+00 5.00000000000000000e-01
3.75000000000000000e-01 0.00000000000000000e+00 5.00000000000000000e-01
5.00000000000000000e-01 0.00000000000000000e+00 5.00000000000000000e-01
6.25000000000000000e-01 0.00000000000000000e+00 5.00000000000000000e-01
7.50000000000000000e-01 0.00000000000000000e+00 5.00000000000000000e-01
8.75000000000000000e-01 0.00000000000000000e+00 5.00000000000000000e-01
1.00000000000000000e+00 0.00000000000000000e+00 5.00000000000000000e-01
1.12500000000000000e+00 0.00000000000000000e+00 5.00000000000000000e-01
1.25000000000000000e+00 0.00000000000000000e+00 5.00000000000000000e-01
1.37500000000000000e+00 0.00000000000000000e+00 5.00000000000000000e-01
1.50000000000000000e+00 0.00000000000000000e+00 5.00000000000000000e-01
1.62500000000000000e+00 0.00000000000000000e+00 5.00000000000000000e-01
1.75000000000000000e+00 0.00000000000000000e+00 5.00000000000000000e-01
1.87500000000000000e+00 0.00000000000000000e+00 5.00000000000000000e-01
2.00000000000000000e+00 0.00000000000000000e+00 5.00000000000000000e-01
2.12500000000000000e+00 0.00000000000000000e+00 5.00000000000000000e-01
2.25000000000000000e+00 0.00000000000000000e+00 5.00000000000000000e-01
2.37500000000000000e+00 0.00000000000000000e+00 5.00000000000000000e-01
2.50000000000000000e+00 0.00000000000000000e+00 5.00000000000000000e-01
2.62500000000000000e+00 0.00000000000000000e+00 5.00000000000000000e-01
2.75000000000000000e+00 0.00000000000000000e+00 5.00000000000000000e-01
2.87500000000000000e+00 0.00000000000000000e+00 5.00000000000000000e-01
3.00000000000000000e+00 0.00000000000000000e+00 5.00000000000000000e-01
3.12500000000000000e+00 0.00000000000000000e+00 5.00000000000000000e-01
3.25000000000000000e+00 0.00000000000000000e+00 5.00000000000000000e-01
3.37500000000000000e+00 0.00000000000000000e+00 5.00000000000000000e-01
3.50000000000000000e+00 0.00000000000000000e+00 5.00000000000000000e-01
3.62500000000000000e+00 0.00000000000000000e+00 5.00000000000000000e-01
3.75000000000000000e+00 0.00000000000000000e+00 5.00000000000000000e-01
3.87500000000000000e+00 0.00000000000000000e+00 5.00000000000000000e-01
4.00000000000000000e+00 0.00000000000000000e+00 5.00000000000000000e-01
4.12500000000000000e+00 0.00000000000000000e+00 5.00000000000000000e-01
4.25000000000000000e+00 0.00000000000000000e+00 5.00000000000000000e-01
4.37500000000000000e+00 0.00000000000000000e+00 5.00000000000000000e-01
4.50000000000000000e+00 0.00000000000000000e+00 5.00000000000000000e-01
4.62500000000000000e+00 0.00000000000000000e+00 5.00000000000000000e-01
4.75000000000000000e+00 0.00000000000000000e+00 5.00000000000000000e-01
4.87500000000000000e+00 0.00000000000000000e+00 5.00000000000000000e-01
5.00000000000000000e+00 0.00000000000000000e+00 5.00000000000000000e-01
5.12500000000000000e+00 0.00000000000000000e+00 5.00000000000000000e-01
5.25000000000000000e+00 0.00000000000000000e+00 5.00000000000000000e-01
5.37500000000000000e+00 0.00000000000000000e+00 5.00000000000000000e-01
5.50000000000000000e+00 0.00000000000000000e+00 5.00000000000000000e-01
5.62500000000000000e+00 0.00000000000000000e+00 5.00000000000000000e-01
5.75000000000000000e+00 0.00000000000000000e+00 5.00000000000000000e-01
5.87500000000000000e+00 0.00000000000000000e+00 5.00000000000000000e-01
6.00000000000000000e+00 0.00000000000000000e+00 5.00000000000000000e-01
0.00000000000000000e+00 1.25000000000000000e-01 5.00000000000000000e-01
1.25000000000000000e-01 1.25000000000000000e-01 5.00000000000000000e-01
2.50000000000000000e-01 1.25000000000000000e-01 5.00000000000000000e-01
3.75000000000000000e-01 1.25000000000000000e-01 5.00000000000000000e-01
5.00000000000000000e-01 1.25000000000000000e-01 5.00000000000000000e-01
6.25000000000000000e-01 1.25000000000000000e-01 5.00000000000000000e-01
7.50000000000000000e-01 1.25000000000000000e-01 5.00000000000000000e-01
8.75000000000000000e-01 1.25000000000000000e-01 5.00000000000000000e-01
1.00000000000000000e+00 1.25000000000000000e-01 5.00000000000000000e-01
1.12500000000000000e+00 1.25000000000000000e-01 5.00000000000000000e-01
1.25000000000000000e+00 1.25000000000000000e-01 5.00000000000000000e-01
1.37500000000000000e+00 1.25000000000000000e-01 5.00000000000000000e-01
1.50000000000000000e+00 1.25000000000000000e-01 5.00000000000000000e-01
1.62500000000000000e+00 1.25000000000000000e-01 5.00000000000000000e-01
1.75000000000000000e+00 1.25000000000000000e-01 5.00000000000000000e-01
1.87500000000000000e+00 1.25000000000000000e-01 5.00000000000000000e-01
2.00000000000000000e+00 1.25000000000000000e-01 5.00000000000000000e-01
2.12500000000000000e+00 1.25000000000000000e-01 5.00000000000000000e-01
2.25000000000000000e+00 1.25000000000000000e-01 5.00000000000000000e-01
2.37500000000000000e+00 1.25000000000000000e-01 5.00000000000000000e-01
2.50000000000000000e+00 1.25000000000000000e-01 5.00000000000000000e-01
2.62500000000000000e+00 1.25000000000000000e-01 5.00000000000000000e-01
2.75000000000000000e+00 1.25000000000000000e-01 5.00000000000000000e-01
2.87500000000000000e+00 1.25000000000000000e-01 5.00000000000000000e-01
3.00000000000000000e+00 1.25000000000000000e-01 5.00000000000000000e-01
3.12500000000000000e+00 1.25000000000000000e-01 5.00000000000000000e-01
3.25000000000000000e+00 1.25000000000000000e-01 5.00000000000000000e-01
3.37500000000000000e+00 1.25000000000000000e-01 5.00000000000000000e-01
3.50000000000000000e+00 1.25000000000000000e-01 5.00000000000000000e-01
3.62500000000000000e+00 1.25000000000000000e-01 5.00000000000000000e-01
3.75000000000000000e+00 1.25000000000000000e-01 5.00000000000000000e-01
3.87500000000000000e+00 1.25000000000000000e-01 5.00000000000000000e-01
4.00000000000000000e+00 1.25000000000000000e-01 5.00000000000000000e-01
4.12500000000000000e+00 1.25000000000000000e-01 5.00000000000000000e-01
4.25000000000000000e+00 1.25000000000000000e-01 5.00000000000000000e-01
4.37500000000000000e+00 1.25000000000000000e-01 5.00000000000000000e-01
4.50000000000000000e+00 1.25000000000000000e-01 5.00000000000000000e-01
4.62500000000000000e+00 1.25000000000000000e-01 5.00000000000000000e-01
4.75000000000000000e+00 1.25000000000000000e-01 5.00000000000000000e-01
4.87500000000000000e+00 1.25000000000000000e-01 5.00000000000000000e-01
5.00000000000000000e+00 1.25000000000000000e-01 5.00000000000000000e-01
5.12500000000000000e+00 1.25000000000000000e-01 5.00000000000000000e-01
5.25000000000000000e+00 1.25000000000000000e-01 5.00000000000000000e-01
5.37500000000000000e+00 1.25000000000000000e-01 5.00000000000000000e-01
5.50000000000000000e+00 1.25000000000000000e-01 5.00000000000000000e-01
5.62500000000000000e+00 1.25000000000000000e-01 5.00000000000000000e-01
5.75000000000000000e+00 1.25000000000000000e-01 5.00000000000000000e-01
5.87500000000000000e+00 1.25000000000000000e-01 5.00000000000000000e-01
6.00000000000000000e+00 1.25000000000000000e-01 5.00000000000000000e-01
0.00000000000000000e+00 2.50000000000000000e-01 5.00000000000000000e-01
1.25000000000000000e-01 2.50000000000000000e-01 5.00000000000000000e-01
2.50000000000000000e-01 2.50000000000000000e-01 5.00000000000000000e-01
3.75000000000000000e-01 2.50000000000000000e-01 5.00000000000000000e-01
5.00000000000000000e-01 2.50000000000000000e-01 5.00000000000000000e-01
6.25000000000000000e-01 2.50000000000000000e-01 5.00000000000000000e-01
7.50000000000000000e-01 2.50000000000000000e-01 5.00000000000000000e-01
8.75000000000000000e-01 2.50000000000000000e-01 5.00000000000000000e-01
1.00000000000000000e+00 2.50000000000000000e-01 5.00000000000000000e-01
1.12500000000000000e+00 2.50000000000000000e-01 5.00000000000000000e-01
1.25000000000000000e+00 2.50000000000000000e-01 5.00000000000000000e-01
1.37500000000000000e+00 2.50000000000000000e-01 5.00000000000000000e-01
1.50000000000000000e+00 2.50000000000000000e-01 5.00000000000000000e-01
1.62500000000000000e+00 2.50000000000000000e-01 5.00000000000000000e-01
1.75000000000000000e+00 2.50000000000000000e-01 5.00000000000000000e-01
1.87500000000000000e+00 2.50000000000000000e-01 5.00000000000000000e-01
2.00000000000000000e+00 2.50000000000000000e-01 5.00000000000000000e-01
2.12500000000000000e+00 2.50000000000000000e-01 5.00000000000000000e-01
2.25000000000000000e+00 2.50000000000000000e-01 5.00000000000000000e-01
2.37500000000000000e+00 2.50000000000000000e-01 5.00000000000000000e-01
2.50000000000000000e+00 2.50000000000000000e-01 5.00000000000000000e-01
2.62500000000000000e+00 2.50000000000000000e-01 5.00000000000000000e-01
2.75000000000000000e+00 2.50000000000000000e-01 5.00000000000000000e-01
2.87500000000000000e+00 2.50000000000000000e-01 5.00000000000000000e-01
3.00000000000000000e+00 2.50000000000000000e-01 5.00000000000000000e-01
3.12500000000000000e+00 2.50000000000000000e-01 5.00000000000000000e-01
3.25000000000000000e+00 2.50000000000000000e-01 5.00000000000000000e-01
3.37500000000000000e+00 2.50000000000000000e-01 5.00000000000000000e-01
3.50000000000000000e+00 2.50000000000000000e-01 5.00000000000000000e-01
3.62500000000000000e+00 2.50000000000000000e-01 5.00000000000000000e-01
3.75000000000000000e+00 2.50000000000000000e-01 5.00000000000000000e-01
3.87500000000000000e+00 2.50000000000000000e-01 5.00000000000000000e-01
4.00000000000000000e+00 2.50000000000000000e-01 5.00000000000000000e-01
4.12500000000000000e+00 2.50000000000000000e-01 5.00000000000000000e-01
4.25000000000000000e+00 2.50000000000000000e-01 5.00000000000000000e-01
4.37500000000000000e+00 2.50000000000000000e-01 5.00000000000000000e-01
4.50000000000000000e+00 2.50000000000000000e-01 5.00000000000000000e-01
4.62500000000000000e+00 2.50000000000000000e-01 5.00000000000000000e-01
4.75000000000000000e+00 2.50000000000000000e-01 5.00000000000000000e-01
4.87500000000000000e+00 2.50000000000000000e-01 5.00000000000000000e-01
5.00000000000000000e+00 2.50000000000000000e-01 5.00000000000000000e-01
5.12500000000000000e+00 2.50000000000000000e-01 5.00000000000000000e-01
5.25000000000000000e+00 2.50000000000000000e-01 5.00000000000000000e-01
5.37500000000000000e+00 2.50000000000000000e-01 5.00000000000000000e-01
5.50000000000000000e+00 2.50000000000000000e-01 5.00000000000000000e-01
5.62500000000000000e+00 2.50000000000000000e-01 5.00000000000000000e-01
5.75000000000000000e+00 2.50000000000000000e-01 5.00000000000000000e-01
5.87500000000000000e+00 2.50000000000000000e-01 5.00000000000000000e-01
6.00000000000000000e+00 2.50000000000000000e-01 5.00000000000000000e-01
0.00000000000000000e+00 3.75000000000000000e-01 5.00000000000000000e-01
1.25000000000000000e-01 3.75000000000000000e-01 5.00000000000000000e-01
2.50000000000000000e-01 3.75000000000000000e-01 5.00000000000000000e-01
3.75000000000000000e-01 3.75000000000000000e-01 5.00000000000000000e-01
5.00000000000000000e-01 3.75000000000000000e-01 5.00000000000000000e-01
6.25000000000000000e-01 3.75000000000000000e-01 5.00000000000000000e-01
7.50000000000000000e-01 3.75000000000000000e-01 5.00000000000000000e-01
8.75000000000000000e-01 3.75000000000000000e-01 5.00000000000000000e-01
1.00000000000000000e+00 3.75000000000000000e-01 5.00000000000000000e-01
1.12500000000000000e+00 3.75000000000000000e-01 5.00000000000000000e-01
1.25000000000000000e+00 3.75000000000000000e-01 5.00000000000000000e-01
1.37500000000000000e+00 3.75000000000000000e-01 5.00000000000000000e-01
1.50000000000000000e+00 3.75000000000000000e-01 5.00000000000000000e-01
1.62500000000000000e+00 3.75000000000000000e-01 5.00000000000000000e-01
1.75000000000000000e+00 3.75000000000000000e-01 5.00000000000000000e-01
1.87500000000000000e+00 3.75000000000000000e-01 5.00000000000000000e-01
2.00000000000000000e+00 3.75000000000000000e-01 5.00000000000000000e-01
2.12500000000000000e+00 3.75000000000000000e-01 5.00000000000000000e-01
2.25000000000000000e+00 3.75000000000000000e-01 5.00000000000000000e-01
2.37500000000000000e+00 3.75000000000000000e-01 5.00000000000000000e-01
2.50000000000000000e+00 3.75000000000000000e-01 5.00000000000000000e-01
2.62500000000000000e+00 3.75000000000000000e-01 5.00000000000000000e-01
2.75000000000000000e+00 3.75000000000000000e-01 5.00000000000000000e-01
2.87500000000000000e+00 3.75000000000000000e-01 5.00000000000000000e-01
3.00000000000000000e+00 3.75000000000000000e-01 5.00000000000000000e-01
3.12500000000000000e+00 3.75000000000000000e-01 5.00000000000000000e-01
3.25000000000000000e+00 3.75000000000000000e-01 5.00000000000000000e-01
3.37500000000000000e+00 3.75000000000000000e-01 5.00000000000000000e-01
3.50000000000000000e+00 3.75000000000000000e-01 5.00000000000000000e-01
3.62500000000000000e+00 3.75000000000000000e-01 5.00000000000000000e-01
3.75000000000000000e+00 3.75000000000000000e-01 5.00000000000000000e-01
3.87500000000000000e+00 3.75000000000000000e-01 5.00000000000000000e-01
4.00000000000000000e+00 3.75000000000000000e-01 5.00000000000000000e-01
4.12500000000000000e+00 3.75000000000000000e-01 5.00000000000000000e-01
4.25000000000000000e+00 3.75000000000000000e-01 5.00000000000000000e-01
4.37500000000000000e+00 3.75000000000000000e-01 5.00000000000000000e-01
4.50000000000000000e+00 3.75000000000000000e-01 5.00000000000000000e-01
4.62500000000000000e+00 3.75000000000000000e-01 5.00000000000000000e-01
4.75000000000000000e+00 3.75000000000000000e-01 5.00000000000000000e-01
4.87500000000000000e+00 3.75000000000000000e-01 5.00000000000000000e-01
5.00000000000000000e+00 3.75000000000000000e-01 5.00000000000000000e-01
5.12500000000000000e+00 3.75000000000000000e-01 5.00000000000000000e-01
5.25000000000000000e+00 3.75000000000000000e-01 5.00000000000000000e-01
5.37500000000000000e+00 3.75000000000000000e-01 5.00000000000000000e-01
5.50000000000000000e+00 3.75000000000000000e-01 5.00000000000000000e-01
5.62500000000000000e+00 3.75000000000000000e-01 5.00000000000000000e-01
5.75000000000000000e+00 3.75000000000000000e-01 5.00000000000000000e-01
5.87500000000000000e+00 3.75000000000000000e-01 5.00000000000000000e-01
6.00000000000000000e+00 3.75000000000000000e-01 5.00000000000000000e-01
0.00000000000000000e+00 5.00000000000000000e-01 5.00000000000000000e-01
1.25000000000000000e-01 5.00000000000000000e-01 5.00000000000000000e-01
2.50000000000000000e-01 5.00000000000000000e-01 5.00000000000000000e-01
3.75000000000000000e-01 5.00000000000000000e-01 5.00000000000000000e-01
5.00000000000000000e-01 5.00000000000000000e-01 5.00000000000000000e-01
6.25000000000000000e-01 5.00000000000000000e-01 5.00000000000000000e-01
7.50000000000000000e-01 5.00000000000000000e-01 5.00000000000000000e-01
8.75000000000000000e-01 5.00000000000000000e-01 5.00000000000000000e-01
1.00000000000000000e+00 5.00000000000000000e-01 5.00000000000000000e-01
1.12500000000000000e+00 5.00000000000000000e-01 5.00000000000000000e-01
1.25000000000000000e+00 5.00000000000000000e-01 5.00000000000000000e-01
1.37500000000000000e+00 5.00000000000000000e-01 5.00000000000000000e-01
1.50000000000000000e+00 5.00000000000000000e-01 5.00000000000000000e-01
1.62500000000000000e+00 5.00000000000000000e-01 5.00000000000000000e-01
1.75000000000000000e+00 5.00000000000000000e-01 5.00000000000000000e-01
1.87500000000000000e+00 5.00000000000000000e-01 5.00000000000000000e-01
2.00000000000000000e+00 5.00000000000000000e-01 5.00000000000000000e-01
2.12500000000000000e+00 5.00000000000000000e-01 5.00000000000000000e-01
2.25000000000000000e+00 5.00000000000000000e-01 5.00000000000000000e-01
2.37500000000000000e+00 5.00000000000000000e-01 5.00000000000000000e-01
2.50000000000000000e+00 5.00000000000000000e-01 5.00000000000000000e-01
2.62500000000000000e+00 5.00000000000000000e-01 5.00000000000000000e-01
2.75000000000000000e+00 5.00000000000000000e-01 5.00000000000000000e-01
2.87500000000000000e+00 5.00000000000000000e-01 5.00000000000000000e-01
3.00000000000000000e+00 5.00000000000000000e-01 5.00000000000000000e-01
3.12500000000000000e+00 5.00000000000000000e-01 5.00000000000000000e-01
3.25000000000000000e+00 5.00000000000000000e-01 5.00000000000000000e-01
3.37500000000000000e+00 5.00000000000000000e-01 5.00000000000000000e-01
3.50000000000000000e+00 5.00000000000000000e-01 5.00000000000000000e-01
3.62500000000000000e+00 5.00000000000000000e-01 5.00000000000000000e-01
3.75000000000000000e+00 5.00000000000000000e-01 5.00000000000000000e-01
3.87500000000000000e+00 5.00000000000000000e-01 5.00000000000000000e-01
4.00000000000000000e+00 5.00000000000000000e-01 5.00000000000000000e-01
4.12500000000000000e+00 5.00000000000000000e-01 5.00000000000000000e-01
4.25000000000000000e+00 5.00000000000000000e-01 5.00000000000000000e-01
4.37500000000000000e+00 5.00000000000000000e-01 5.00000000000000000e-01
4.50000000000000000e+00 5.00000000000000000e-01 5.00000000000000000e-01
4.62500000000000000e+00 5.00000000000000000e-01 5.00000000000000000e-01
4.75000000000000000e+00 5.00000000000000000e-01 5.00000000000000000e-01
4.87500000000000000e+00 5.00000000000000000e-01 5.00000000000000000e-01
5.00000000000000000e+00 5.00000000000000000e-01 5.00000000000000000e-01
5.12500000000000000e+00 5.00000000000000000e-01 5.00000000000000000e-01
5.25000000000000000e+00 5.00000000000000000e-01 5.00000000000000000e-01
5.37500000000000000e+00 5.00000000000000000e-01 5.00000000000000000e-01
5.50000000000000000e+00 5.00000000000000000e-01 5.00000000000000000e-01
5.62500000000000000e+00 5.00000000000000000e-01 5.00000000000000000e-01
5.75000000000000000e+00 5.00000000000000000e-01 5.00000000000000000e-01
5.87500000000000000e+00 5.00000000000000000e-01 5.00000000000000000e-01
6.00000000000000000e+00 5.00000000000000000e-01 5.00000000000000000e-01
0.00000000000000000e+00 6.25000000000000000e-01 5.00000000000000000e-01
1.25000000000000000e-01 6.25000000000000000e-01 5.00000000000000000e-01
2.50000000000000000e-01 6.25000000000000000e-01 5.00000000000000000e-01
3.75000000000000000e-01 6.25000000000000000e-01 5.00000000000000000e-01
5.00000000000000000e-01 6.25000000000000000e-01 5.00000000000000000e-01
6.25000000000000000e-01 6.25000000000000000e-01 5.00000000000000000e-01
7.50000000000000000e-01 6.25000000000000000e-01 5.00000000000000000e-01
8.75000000000000000e-01 6.25000000000000000e-01 5.00000000000000000e-01
1.00000000000000000e+00 6.25000000000000000e-01 5.00000000000000000e-01
1.12500000000000000e+00 6.25000000000000000e-01 5.00000000000000000e-01
1.25000000000000000e+00 6.25000000000000000e-01 5.00000000000000000e-01
1.37500000000000000e+00 6.25000000000000000e-01 5.00000000000000000e-01
1.50000000000000000e+00 6.25000000000000000e-01 5.00000000000000000e-01
1.62500000000000000e+00 6.25000000000000000e-01 5.00000000000000000e-01
1.75000000000000000e+00 6.25000000000000000e-01 5.00000000000000000e-01
1.87500000000000000e+00 6.25000000000000000e-01 5.00000000000000000e-01
2.00000000000000000e+00 6.25000000000000000e-01 5.00000000000000000e-01
2.12500000000000000e+00 6.25000000000000000e-01 5.00000000000000000e-01
2.25000000000000000e+00 6.25000000000000000e-01 5.00000000000000000e-01
2.37500000000000000e+00 6.25000000000000000e-01 5.00000000000000000e-01
2.50000000000000000e+00 6.25000000000000000e-01 5.00000000000000000e-01
2.62500000000000000e+00 6.25000000000000000e-01 5.00000000000000000e-01
2.75000000000000000e+00 6.25000000000000000e-01 5.00000000000000000e-01
2.87500000000000000e+00 6.25000000000000000e-01 5.00000000000000000e-01
3.00000000000000000e+00 6.25000000000000000e-01 5.00000000000000000e-01
3.12500000000000000e+00 6.25000000000000000e-01 5.00000000000000000e-01
3.25000000000000000e+00 6.25000000000000000e-01 5.00000000000000000e-01
3.37500000000000000e+00 6.25000000000000000e-01 5.00000000000000000e-01
3.50000000000000000e+00 6.25000000000000000e-01 5.00000000000000000e-01
3.62500000000000000e+00 6.25000000000000000e-01 5.00000000000000000e-01
3.75000000000000000e+00 6.25000000000000000e-01 5.00000000000000000e-01
3.87500000000000000e+00 6.25000000000000000e-01 5.00000000000000000e-01
4.00000000000000000e+00 6.25000000000000000e-01 5.00000000000000000e-01
4.12500000000000000e+00 6.25000000000000000e-01 5.00000000000000000e-01
4.25000000000000000e+00 6.25000000000000000e-01 5.00000000000000000e-01
4.37500000000000000e+00 6.25000000000000000e-01 5.00000000000000000e-01
4.50000000000000000e+00 6.25000000000000000e-01 5.00000000000000000e-01
4.62500000000000000e+00 6.25000000000000000e-01 5.00000000000000000e-01
4.75000000000000000e+00 6.25000000000000000e-01 5.00000000000000000e-01
4.87500000000000000e+00 6.25000000000000000e-01 5.00000000000000000e-01
5.00000000000000000e+00 6.25000000000000000e-01 5.00000000000000000e-01
5.12500000000000000e+00 6.25000000000000000e-01 5.00000000000000000e-01
5.25000000000000000e+00 6.25000000000000000e-01 5.00000000000000000e-01
5.37500000000000000e+00 6.25000000000000000e-01 5.00000000000000000e-01
5.50000000000000000e+00 6.25000000000000000e-01 5.00000000000000000e-01
5.62500000000000000e+00 6.25000000000000000e-01 5.00000000000000000e-01
5.75000000000000000e+00 6.25000000000000000e-01 5.00000000000000000e-01
5.87500000000000000e+00 6.25000000000000000e-01 5.00000000000000000e-01
6.00000000000000000e+00 6.25000000000000000e-01 5.00000000000000000e-01
0.00000000000000000e+00 7.50000000000000000e-01 5.00000000000000000e-01
1.25000000000000000e-01 7.50000000000000000e-01 5.00000000000000000e-01
2.50000000000000000e-01 7.50000000000000000e-01 5.00000000000000000e-01
3.75000000000000000e-01 7.50000000000000000e-01 5.00000000000000000e-01
5.00000000000000000e-01 7.50000000000000000e-01 5.00000000000000000e-01
6.25000000000000000e-01 7.50000000000000000e-01 5.00000000000000000e-01
7.50000000000000000e-01 7.50000000000000000e-01 5.00000000000000000e-01
8.75000000000000000e-01 7.50000000000000000e-01 5.00000000000000000e-01
1.00000000000000000e+00 7.50000000000000000e-01 5.00000000000000000e-01
1.12500000000000000e+00 7.50000000000000000e-01 5.00000000000000000e-01
1.25000000000000000e+00 7.50000000000000000e-01 5.00000000000000000e-01
1.37500000000000000e+00 7.50000000000000000e-01 5.00000000000000000e-01
1.50000000000000000e+00 7.50000000000000000e-01 5.00000000000000000e-01
1.62500000000000000e+00 7.50000000000000000e-01 5.00000000000000000e-01
1.75000000000000000e+00 7.50000000000000000e-01 5.00000000000000000e-01
1.87500000000000000e+00 7.50000000000000000e-01 5.00000000000000000e-01
2.00000000000000000e+00 7.50000000000000000e-01 5.00000000000000000e-01
2.12500000000000000e+00 7.50000000000000000e-01 5.00000000000000000e-01
2.25000000000000000e+00 7.50000000000000000e-01 5.00000000000000000e-01
2.37500000000000000e+00 7.50000000000000000e-01 5.00000000000000000e-01
2.50000000000000000e+00 7.50000000000000000e-01 5.00000000000000000e-01
2.62500000000000000e+00 7.50000000000000000e-01 5.00000000000000000e-01
2.75000000000000000e+00 7.50000000000000000e-01 5.00000000000000000e-01
2.87500000000000000e+00 7.50000000000000000e-01 5.00000000000000000e-01
3.00000000000000000e+00 7.50000000000000000e-01 5.00000000000000000e-01
3.12500000000000000e+00 7.50000000000000000e-01 5.00000000000000000e-01
3.25000000000000000e+00 7.50000000000000000e-01 5.00000000000000000e-01
3.37500000000000000e+00 7.50000000000000000e-01 5.00000000000000000e-01
3.50000000000000000e+00 7.50000000000000000e-01 5.00000000000000000e-01
3.62500000000000000e+00 7.50000000000000000e-01 5.00000000000000000e-01
3.75000000000000000e+00 7.50000000000000000e-01 5.00000000000000000e-01
3.87500000000000000e+00 7.50000000000000000e-01 5.00000000000000000e-01
4.00000000000000000e+00 7.50000000000000000e-01 5.00000000000000000e-01
4.12500000000000000e+00 7.50000000000000000e-01 5.00000000000000000e-01
4.25000000000000000e+00 7.50000000000000000e-01 5.00000000000000000e-01
4.37500000000000000e+00 7.50000000000000000e-01 5.00000000000000000e-01
4.50000000000000000e+00 7.50000000000000000e-01 5.00000000000000000e-01
4.62500000000000000e+00 7.50000000000000000e-01 5.00000000000000000e-01
4.75000000000000000e+00 7.50000000000000000e-01 5.00000000000000000e-01
4.87500000000000000e+00 7.50000000000000000e-01 5.00000000000000000e-01
5.00000000000000000e+00 7.50000000000000000e-01 5.00000000000000000e-01
5.12500000000000000e+00 7.50000000000000000e-01 5.00000000000000000e-01
5.25000000000000000e+00 7.50000000000000000e-01 5.00000000000000000e-01
5.37500000000000000e+00 7.50000000000000000e-01 5.00000000000000000e-01
5.50000000000000000e+00 7.50000000000000000e-01 5.00000000000000000e-01
5.62500000000000000e+00 7.50000000000000000e-01 5.00000000000000000e-01
5.75000000000000000e+00 7.50000000000000000e-01 5.00000000000000000e-01
5.87500000000000000e+00 7.50000000000000000e-01 5.00000000000000000e-01
6.00000000000000000e+00 7.50000000000000000e-01 5.00000000000000000e-01
0.00000000000000000e+00 8.75000000000000000e-01 5.00000000000000000e-01
1.25000000000000000e-01 8.75000000000000000e-01 5.00000000000000000e-01
2.50000000000000000e-01 8.75000000000000000e-01 5.00000000000000000e-01
3.75000000000000000e-01 8.75000000000000000e-01 5.00000000000000000e-01
5.00000000000000000e-01 8.75000000000000000e-01 5.00000000000000000e-01
6.25000000000000000e-01 8.75000000000000000e-01 5.00000000000000000e-01
7.50000000000000000e-01 8.75000000000000000e-01 5.00000000000000000e-01
8.75000000000000000e-01 8.75000000000000000e-01 5.00000000000000000e-01
1.00000000000000000e+00 8.75000000000000000e-01 5.00000000000000000e-01
1.12500000000000000e+00 8.75000000000000000e-01 5.00000000000000000e-01
1.25000000000000000e+00 8.75000000000000000e-01 5.00000000000000000e-01
1.37500000000000000e+00 8.75000000000000000e-01 5.00000000000000000e-01
1.50000000000000000e+00 8.75000000000000000e-01 5.00000000000000000e-01
1.62500000000000000e+00 8.75000000000000000e-01 5.00000000000000000e-01
1.75000000000000000e+00 8.75000000000000000e-01 5.00000000000000000e-01
1.87500000000000000e+00 8.75000000000000000e-01 5.00000000000000000e-01
2.00000000000000000e+00 8.75000000000000000e-01 5.00000000000000000e-01
2.12500000000000000e+00 8.75000000000000000e-01 5.00000000000000000e-01
2.25000000000000000e+00 8.75000000000000000e-01 5.00000000000000000e-01
2.37500000000000000e+00 8.75000000000000000e-01 5.00000000000000000e-01
2.50000000000000000e+00 8.75000000000000000e-01 5.00000000000000000e-01
2.62500000000000000e+00 8.75000000000000000e-01 5.00000000000000000e-01
2.75000000000000000e+00 8.75000000000000000e-01 5.00000000000000000e-01
2.87500000000000000e+00 8.75000000000000000e-01 5.00000000000000000e-01
3.00000000000000000e+00 8.75000000000000000e-01 5.00000000000000000e-01
3.12500000000000000e+00 8.75000000000000000e-01 5.00000000000000000e-01
3.25000000000000000e+00 8.75000000000000000e-01 5.00000000000000000e-01
3.37500000000000000e+00 8.75000000000000000e-01 5.00000000000000000e-01
3.50000000000000000e+00 8.75000000000000000e-01 5.00000000000000000e-01
3.62500000000000000e+00 8.75000000000000000e-01 5.00000000000000000e-01
3.75000000000000000e+00 8.75000000000000000e-01 5.00000000000000000e-01
3.87500000000000000e+00 8.75000000000000000e-01 5.00000000000000000e-01
4.00000000000000000e+00 8.75000000000000000e-01 5.00000000000000000e-01
4.12500000000000000e+00 8.75000000000000000e-01 5.00000000000000000e-01
4.25000000000000000e+00 8.75000000000000000e-01 5.00000000000000000e-01
4.37500000000000000e+00 8.75000000000000000e-01 5.00000000000000000e-01
4.50000000000000000e+00 8.75000000000000000e-01 5.00000000000000000e-01
4.62500000000000000e+00 8.75000000000000000e-01 5.00000000000000000e-01
4.75000000000000000e+00 8.75000000000000000e-01 5.00000000000000000e-01
4.87500000000000000e+00 8.75000000000000000e-01 5.00000000000000000e-01
5.00000000000000000e+00 8.75000000000000000e-01 5.00000000000000000e-01
5.12500000000000000e+00 8.75000000000000000e-01 5.00000000000000000e-01
5.25000000000000000e+00 8.75000000000000000e-01 5.00000000000000000e-01
5.37500000000000000e+00 8.75000000000000000e-01 5.00000000000000000e-01
5.50000000000000000e+00 8.75000000000000000e-01 5.00000000000000000e-01
5.62500000000000000e+00 8.75000000000000000e-01 5.00000000000000000e-01
5.75000000000000000e+00 8.75000000000000000e-01 5.00000000000000000e-01
5.87500000000000000e+00 8.75000000000000000e-01 5.00000000000000000e-01
6.00000000000000000e+00 8.75000000000000000e-01 5.00000000000000000e-01
0.00000000000000000e+00 1.00000000000000000e+00 5.00000000000000000e-01
1.25000000000000000e-01 1.00000000000000000e+00 5.00000000000000000e-01
2.50000000000000000e-01 1.00000000000000000e+00 5.00000000000000000e-01
3.75000000000000000e-01 1.00000000000000000e+00 5.00000000000000000e-01
5.00000000000000000e-01 1.00000000000000000e+00 5.00000000000000000e-01
6.25000000000000000e-01 1.00000000000000000e+00 5.00000000000000000e-01
7.50000000000000000e-01 1.00000000000000000e+00 5.00000000000000000e-01
8.75000000000000000e-01 1.00000000000000000e+00 5.00000000000000000e-01
1.00000000000000000e+00 1.00000000000000000e+00 5.00000000000000000e-01
1.12500000000000000e+00 1.00000000000000000e+00 5.00000000000000000e-01
1.25000000000000000e+00 1.00000000000000000e+00 5.00000000000000000e-01
1.37500000000000000e+00 1.00000000000000000e+00 5.00000000000000000e-01
1.50000000000000000e+00 1.00000000000000000e+00 5.00000000000000000e-01
1.62500000000000000e+00 1.00000000000000000e+00 5.00000000000000000e-01
1.75000000000000000e+00 1.00000000000000000e+00 5.00000000000000000e-01
1.87500000000000000e+00 1.00000000000000000e+00 5.00000000000000000e-01
2.00000000000000000e+00 1.00000000000000000e+00 5.00000000000000000e-01
2.12500000000000000e+00 1.00000000000000000e+00 5.00000000000000000e-01
2.25000000000000000e+00 1.00000000000000000e+00 5.00000000000000000e-01
2.37500000000000000e+00 1.00000000000000000e+00 5.00000000000000000e-01
2.50000000000000000e+00 1.00000000000000000e+00 5.00000000000000000e-01
2.62500000000000000e+00 1.00000000000000000e+00 5.00000000000000000e-01
2.75000000000000000e+00 1.00000000000000000e+00 5.00000000000000000e-01
2.87500000000000000e+00 1.00000000000000000e+00 5.00000000000000000e-01
3.00000000000000000e+00 1.00000000000000000e+00 5.00000000000000000e-01
3.12500000000000000e+00 1.00000000000000000e+00 5.00000000000000000e-01
3.25000000000000000e+00 1.00000000000000000e+00 5.00000000000000000e-01
3.37500000000000000e+00 1.00000000000000000e+00 5.00000000000000000e-01
3.50000000000000000e+00 1.00000000000000000e+00 5.00000000000000000e-01
3.62500000000000000e+00 1.00000000000000000e+00 5.00000000000000000e-01
3.75000000000000000e+00 1.00000000000000000e+00 5.00000000000000000e-01
3.87500000000000000e+00 1.00000000000000000e+00 5.00000000000000000e-01
4.00000000000000000e+00 1.00000000000000000e+00 5.00000000000000000e-01
4.12500000000000000e+00 1.00000000000000000e+00 5.00000000000000000e-01
4.25000000000000000e+00 1.00000000000000000e+00 5.00000000000000000e-01
4.37500000000000000e+00 1.00000000000000000e+00 5.00000000000000000e-01
4.50000000000000000e+00 1.00000000000000000e+00 5.00000000000000000e-01
4.62500000000000000e+00 1.00000000000000000e+00 5.00000000000000000e-01
4.75000000000000000e+00 1.00000000000000000e+00 5.00000000000000000e-01
4.87500000000000000e+00 1.00000000000000000e+00 5.00000000000000000e-01
5.00000000000000000e+00 1.00000000000000000e+00 5.00000000000000000e-01
5.12500000000000000e+00 1.00000000000000000e+00 5.00000000000000000e-01
5.25000000000000000e+00 1.00000000000000000e+00 5.00000000000000000e-01
5.37500000000000000e+00 1.00000000000000000e+00 5.00000000000000000e-01
5.50000000000000000e+00 1.00000000000000000e+00 5.00000000000000000e-01
5.62500000000000000e+00 1.00000000000000000e+00 5.00000000000000000e-01
5.75000000000000000e+00 1.00000000000000000e+00 5.00000000000000000e-01
5.87500000000000000e+00 1.00000000000000000e+00 5.00000000000000000e-01
6.00000000000000000e+00 1.00000000000000000e+00 5.00000000000000000e-01
0.00000000000000000e+00 0.00000000000000000e+00 6.25000000000000000e-01
1.25000000000000000e-01 0.00000000000000000e+00 6.25000000000000000e-01
2.50000000000000000e-01 0.00000000000000000e+00 6.25000000000000000e-01
3.75000000000000000e-01 0.00000000000000000e+00 6.25000000000000000e-01
5.00000000000000000e-01 0.00000000000000000e+00 6.25000000000000000e-01
6.25000000000000000e-01 0.00000000000000000e+00 6.25000000000000000e-01
7.50000000000000000e-01 0.00000000000000000e+00 6.25000000000000000e-01
8.75000000000000000e-01 0.00000000000000000e+00 6.25000000000000000e-01
1.00000000000000000e+00 0.00000000000000000e+00 6.25000000000000000e-01
1.12500000000000000e+00 0.00000000000000000e+00 6.25000000000000000e-01
1.25000000000000000e+00 0.00000000000000000e+00 6.25000000000000000e-01
1.37500000000000000e+00 0.00000000000000000e+00 6.25000000000000000e-01
1.50000000000000000e+00 0.00000000000000000e+00 6.25000000000000000e-01
1.62500000000000000e+00 0.00000000000000000e+00 6.25000000000000000e-01
1.75000000000000000e+00 0.00000000000000000e+00 6.25000000000000000e-01
1.87500000000000000e+00 0.00000000000000000e+00 6.25000000000000000e-01
2.00000000000000000e+00 0.00000000000000000e+00 6.25000000000000000e-01
2.12500000000000000e+00 0.00000000000000000e+00 6.25000000000000000e-01
2.25000000000000000e+00 0.00000000000000000e+00 6.25000000000000000e-01
2.37500000000000000e+00 0.00000000000000000e+00 6.25000000000000000e-01
2.50000000000000000e+00 0.00000000000000000e+00 6.25000000000000000e-01
2.62500000000000000e+00 0.00000000000000000e+00 6.25000000000000000e-01
2.75000000000000000e+00 0.00000000000000000e+00 6.25000000000000000e-01
2.87500000000000000e+00 0.00000000000000000e+00 6.25000000000000000e-01
3.00000000000000000e+00 0.00000000000000000e+00 6.25000000000000000e-01
3.12500000000000000e+00 0.00000000000000000e+00 6.25000000000000000e-01
3.25000000000000000e+00 0.00000000000000000e+00 6.25000000000000000e-01
3.37500000000000000e+00 0.00000000000000000e+00 6.25000000000000000e-01
3.50000000000000000e+00 0.00000000000000000e+00 6.25000000000000000e-01
3.62500000000000000e+00 0.00000000000000000e+00 6.25000000000000000e-01
3.75000000000000000e+00 0.00000000000000000e+00 6.25000000000000000e-01
3.87500000000000000e+00 0.00000000000000000e+00 6.25000000000000000e-01
4.00000000000000000e+00 0.00000000000000000e+00 6.25000000000000000e-01
4.12500000000000000e+00 0.00000000000000000e+00 6.25000000000000000e-01
4.25000000000000000e+00 0.00000000000000000e+00 6.25000000000000000e-01
4.37500000000000000e+00 0.00000000000000000e+00 6.25000000000000000e-01
4.50000000000000000e+00 0.00000000000000000e+00 6.25000000000000000e-01
4.62500000000000000e+00 0.00000000000000000e+00 6.25000000000000000e-01
4.75000000000000000e+00 0.00000000000000000e+00 6.25000000000000000e-01
4.87500000000000000e+00 0.00000000000000000e+00 6.25000000000000000e-01
5.00000000000000000e+00 0.00000000000000000e+00 6.25000000000000000e-01
5.12500000000000000e+00 0.00000000000000000e+00 6.25000000000000000e-01
5.25000000000000000e+00 0.00000000000000000e+00 6.25000000000000000e-01
5.37500000000000000e+00 0.00000000000000000e+00 6.25000000000000000e-01
5.50000000000000000e+00 0.00000000000000000e+00 6.25000000000000000e-01
5.62500000000000000e+00 0.00000000000000000e+00 6.25000000000000000e-01
5.75000000000000000e+00 0.00000000000000000e+00 6.25000000000000000e-01
5.87500000000000000e+00 0.00000000000000000e+00 6.25000000000000000e-01
6.00000000000000000e+00 0.00000000000000000e+00 6.25000000000000000e-01
0.00000000000000000e+00 1.25000000000000000e-01 6.25000000000000000e-01
1.25000000000000000e-01 1.25000000000000000e-01 6.25000000000000000e-01
2.50000000000000000e-01 1.25000000000000000e-01 6.25000000000000000e-01
3.75000000000000000e-01 1.25000000000000000e-01 6.25000000000000000e-01
5.00000000000000000e-01 1.25000000000000000e-01 6.25000000000000000e-01
6.25000000000000000e-01 1.25000000000000000e-01 6.25000000000000000e-01
7.50000000000000000e-01 1.25000000000000000e-01 6.25000000000000000e-01
8.75000000000000000e-01 1.25000000000000000e-01 6.25000000000000000e-01
1.00000000000000000e+00 1.25000000000000000e-01 6.25000000000000000e-01
1.12500000000000000e+00 1.25000000000000000e-01 6.25000000000000000e-01
1.25000000000000000e+00 1.25000000000000000e-01 6.25000000000000000e-01
1.37500000000000000e+00 1.25000000000000000e-01 6.25000000000000000e-01
1.50000000000000000e+00 1.25000000000000000e-01 6.25000000000000000e-01
1.62500000000000000e+00 1.25000000000000000e-01 6.25000000000000000e-01
1.75000000000000000e+00 1.25000000000000000e-01 6.25000000000000000e-01
1.87500000000000000e+00 1.25000000000000000e-01 6.25000000000000000e-01
2.00000000000000000e+00 1.25000000000000000e-01 6.25000000000000000e-01
2.12500000000000000e+00 1.25000000000000000e-01 6.25000000000000000e-01
2.25000000000000000e+00 1.25000000000000000e-01 6.25000000000000000e-01
2.37500000000000000e+00 1.25000000000000000e-01 6.25000000000000000e-01
2.50000000000000000e+00 1.25000000000000000e-01 6.25000000000000000e-01
2.62500000000000000e+00 1.25000000000000000e-01 6.25000000000000000e-01
2.75000000000000000e+00 1.25000000000000000e-01 6.25000000000000000e-01
2.87500000000000000e+00 1.25000000000000000e-01 6.25000000000000000e-01
3.00000000000000000e+00 1.25000000000000000e-01 6.25000000000000000e-01
3.12500000000000000e+00 1.25000000000000000e-01 6.25000000000000000e-01
3.25000000000000000e+00 1.25000000000000000e-01 6.25000000000000000e-01
3.37500000000000000e+00 1.25000000000000000e-01 6.25000000000000000e-01
3.50000000000000000e+00 1.25000000000000000e-01 6.25000000000000000e-01
3.62500000000000000e+00 1.25000000000000000e-01 6.25000000000000000e-01
3.75000000000000000e+00 1.25000000000000000e-01 6.25000000000000000e-01
3.87500000000000000e+00 1.25000000000000000e-01 6.25000000000000000e-01
4.00000000000000000e+00 1.25000000000000000e-01 6.25000000000000000e-01
4.12500000000000000e+00 1.25000000000000000e-01 6.25000000000000000e-01
4.25000000000000000e+00 1.25000000000000000e-01 6.25000000000000000e-01
4.37500000000000000e+00 1.25000000000000000e-01 6.25000000000000000e-01
4.50000000000000000e+00 1.25000000000000000e-01 6.25000000000000000e-01
4.62500000000000000e+00 1.25000000000000000e-01 6.25000000000000000e-01
4.75000000000000000e+00 1.25000000000000000e-01 6.25000000000000000e-01
4.87500000000000000e+00 1.25000000000000000e-01 6.25000000000000000e-01
5.00000000000000000e+00 1.25000000000000000e-01 6.25000000000000000e-01
5.12500000000000000e+00 1.25000000000000000e-01 6.25000000000000000e-01
5.25000000000000000e+00 1.25000000000000000e-01 6.25000000000000000e-01
5.37500000000000000e+00 1.25000000000000000e-01 6.25000000000000000e-01
5.50000000000000000e+00 1.25000000000000000e-01 6.25000000000000000e-01
5.62500000000000000e+00 1.25000000000000000e-01 6.25000000000000000e-01
5.75000000000000000e+00 1.25000000000000000e-01 6.25000000000000000e-01
5.87500000000000000e+00 1.25000000000000000e-01 6.25000000000000000e-01
6.00000000000000000e+00 1.25000000000000000e-01 6.25000000000000000e-01
0.00000000000000000e+00 2.50000000000000000e-01 6.25000000000000000e-01
1.25000000000000000e-01 2.50000000000000000e-01 6.25000000000000000e-01
2.50000000000000000e-01 2.50000000000000000e-01 6.25000000000000000e-01
3.75000000000000000e-01 2.50000000000000000e-01 6.25000000000000000e-01
5.00000000000000000e-01 2.50000000000000000e-01 6.25000000000000000e-01
6.25000000000000000e-01 2.50000000000000000e-01 6.25000000000000000e-01
7.50000000000000000e-01 2.50000000000000000e-01 6.25000000000000000e-01
8.75000000000000000e-01 2.50000000000000000e-01 6.25000000000000000e-01
1.00000000000000000e+00 2.50000000000000000e-01 6.25000000000000000e-01
1.12500000000000000e+00 2.50000000000000000e-01 6.25000000000000000e-01
1.25000000000000000e+00 2.50000000000000000e-01 6.25000000000000000e-01
1.37500000000000000e+00 2.50000000000000000e-01 6.25000000000000000e-01
1.50000000000000000e+00 2.50000000000000000e-01 6.25000000000000000e-01
1.62500000000000000e+00 2.50000000000000000e-01 6.25000000000000000e-01
1.75000000000000000e+00 2.50000000000000000e-01 6.25000000000000000e-01
1.87500000000000000e+00 2.50000000000000000e-01 6.25000000000000000e-01
2.00000000000000000e+00 2.50000000000000000e-01 6.25000000000000000e-01
2.12500000000000000e+00 2.50000000000000000e-01 6.25000000000000000e-01
2.25000000000000000e+00 2.50000000000000000e-01 6.25000000000000000e-01
2.37500000000000000e+00 2.50000000000000000e-01 6.25000000000000000e-01
2.50000000000000000e+00 2.50000000000000000e-01 6.25000000000000000e-01
2.62500000000000000e+00 2.50000000000000000e-01 6.25000000000000000e-01
2.75000000000000000e+00 2.50000000000000000e-01 6.25000000000000000e-01
2.87500000000000000e+00 2.50000000000000000e-01 6.25000000000000000e-01
3.00000000000000000e+00 2.50000000000000000e-01 6.25000000000000000e-01
3.12500000000000000e+00 2.50000000000000000e-01 6.25000000000000000e-01
3.25000000000000000e+00 2.50000000000000000e-01 6.25000000000000000e-01
3.37500000000000000e+00 2.50000000000000000e-01 6.25000000000000000e-01
3.50000000000000000e+00 2.50000000000000000e-01 6.25000000000000000e-01
3.62500000000000000e+00 2.50000000000000000e-01 6.25000000000000000e-01
3.75000000000000000e+00 2.50000000000000000e-01 6.25000000000000000e-01
3.87500000000000000e+00 2.50000000000000000e-01 6.25000000000000000e-01
4.00000000000000000e+00 2.50000000000000000e-01 6.25000000000000000e-01
4.12500000000000000e+00 2.50000000000000000e-01 6.25000000000000000e-01
4.25000000000000000e+00 2.50000000000000000e-01 6.25000000000000000e-01
4.37500000000000000e+00 2.50000000000000000e-01 6.25000000000000000e-01
4.50000000000000000e+00 2.50000000000000000e-01 6.25000000000000000e-01
4.62500000000000000e+00 2.50000000000000000e-01 6.25000000000000000e-01
4.75000000000000000e+00 2.50000000000000000e-01 6.25000000000000000e-01
4.87500000000000000e+00 2.50000000000000000e-01 6.25000000000000000e-01
5.00000000000000000e+00 2.50000000000000000e-01 6.25000000000000000e-01
5.12500000000000000e+00 2.50000000000000000e-01 6.25000000000000000e-01
5.25000000000000000e+00 2.50000000000000000e-01 6.25000000000000000e-01
5.37500000000000000e+00 2.50000000000000000e-01 6.25000000000000000e-01
5.50000000000000000e+00 2.50000000000000000e-01 6.25000000000000000e-01
5.62500000000000000e+00 2.50000000000000000e-01 6.25000000000000000e-01
5.75000000000000000e+00 2.50000000000000000e-01 6.25000000000000000e-01
5.87500000000000000e+00 2.50000000000000000e-01 6.25000000000000000e-01
6.00000000000000000e+00 2.50000000000000000e-01 6.25000000000000000e-01
0.00000000000000000e+00 3.75000000000000000e-01 6.25000000000000000e-01
1.25000000000000000e-01 3.75000000000000000e-01 6.25000000000000000e-01
2.50000000000000000e-01 3.75000000000000000e-01 6.25000000000000000e-01
3.75000000000000000e-01 3.75000000000000000e-01 6.25000000000000000e-01
5.00000000000000000e-01 3.75000000000000000e-01 6.25000000000000000e-01
6.25000000000000000e-01 3.75000000000000000e-01 6.25000000000000000e-01
7.50000000000000000e-01 3.75000000000000000e-01 6.25000000000000000e-01
8.75000000000000000e-01 3.75000000000000000e-01 6.25000000000000000e-01
1.00000000000000000e+00 3.75000000000000000e-01 6.25000000000000000e-01
1.12500000000000000e+00 3.75000000000000000e-01 6.25000000000000000e-01
1.25000000000000000e+00 3.75000000000000000e-01 6.25000000000000000e-01
1.37500000000000000e+00 3.75000000000000000e-01 6.25000000000000000e-01
1.50000000000000000e+00 3.75000000000000000e-01 6.25000000000000000e-01
1.62500000000000000e+00 3.75000000000000000e-01 6.25000000000000000e-01
1.75000000000000000e+00 3.75000000000000000e-01 6.25000000000000000e-01
1.87500000000000000e+00 3.75000000000000000e-01 6.25000000000000000e-01
2.00000000000000000e+00 3.75000000000000000e-01 6.25000000000000000e-01
2.12500000000000000e+00 3.75000000000000000e-01 6.25000000000000000e-01
2.25000000000000000e+00 3.75000000000000000e-01 6.25000000000000000e-01
2.37500000000000000e+00 3.75000000000000000e-01 6.25000000000000000e-01
2.50000000000000000e+00 3.75000000000000000e-01 6.25000000000000000e-01
2.62500000000000000e+00 3.75000000000000000e-01 6.25000000000000000e-01
2.75000000000000000e+00 3.75000000000000000e-01 6.25000000000000000e-01
2.87500000000000000e+00 3.75000000000000000e-01 6.25000000000000000e-01
3.00000000000000000e+00 3.75000000000000000e-01 6.25000000000000000e-01
3.12500000000000000e+00 3.75000000000000000e-01 6.25000000000000000e-01
3.25000000000000000e+00 3.75000000000000000e-01 6.25000000000000000e-01
3.37500000000000000e+00 3.75000000000000000e-01 6.25000000000000000e-01
3.50000000000000000e+00 3.75000000000000000e-01 6.25000000000000000e-01
3.62500000000000000e+00 3.75000000000000000e-01 6.25000000000000000e-01
3.75000000000000000e+00 3.75000000000000000e-01 6.25000000000000000e-01
3.87500000000000000e+00 3.75000000000000000e-01 6.25000000000000000e-01
4.00000000000000000e+00 3.75000000000000000e-01 6.25000000000000000e-01
4.12500000000000000e+00 3.75000000000000000e-01 6.25000000000000000e-01
4.25000000000000000e+00 3.75000000000000000e-01 6.25000000000000000e-01
4.37500000000000000e+00 3.75000000000000000e-01 6.25000000000000000e-01
4.50000000000000000e+00 3.75000000000000000e-01 6.25000000000000000e-01
4.62500000000000000e+00 3.75000000000000000e-01 6.25000000000000000e-01
4.75000000000000000e+00 3.75000000000000000e-01 6.25000000000000000e-01
4.87500000000000000e+00 3.75000000000000000e-01 6.25000000000000000e-01
5.00000000000000000e+00 3.75000000000000000e-01 6.25000000000000000e-01
5.12500000000000000e+00 3.75000000000000000e-01 6.25000000000000000e-01
5.25000000000000000e+00 3.75000000000000000e-01 6.25000000000000000e-01
5.37500000000000000e+00 3.75000000000000000e-01 6.25000000000000000e-01
5.50000000000000000e+00 3.75000000000000000e-01 6.25000000000000000e-01
5.62500000000000000e+00 3.75000000000000000e-01 6.25000000000000000e-01
5.75000000000000000e+00 3.75000000000000000e-01 6.25000000000000000e-01
5.87500000000000000e+00 3.75000000000000000e-01 6.25000000000000000e-01
6.00000000000000000e+00 3.75000000000000000e-01 6.25000000000000000e-01
0.00000000000000000e+00 5.00000000000000000e-01 6.25000000000000000e-01
1.25000000000000000e-01 5.00000000000000000e-01 6.25000000000000000e-01
2.50000000000000000e-01 5.00000000000000000e-01 6.25000000000000000e-01
3.75000000000000000e-01 5.00000000000000000e-01 6.25000000000000000e-01
5.00000000000000000e-01 5.00000000000000000e-01 6.25000000000000000e-01
6.25000000000000000e-01 5.00000000000000000e-01 6.25000000000000000e-01
7.50000000000000000e-01 5.00000000000000000e-01 6.25000000000000000e-01
8.75000000000000000e-01 5.00000000000000000e-01 6.25000000000000000e-01
1.00000000000000000e+00 5.00000000000000000e-01 6.25000000000000000e-01
1.12500000000000000e+00 5.00000000000000000e-01 6.25000000000000000e-01
1.25000000000000000e+00 5.00000000000000000e-01 6.25000000000000000e-01
1.37500000000000000e+00 5.00000000000000000e-01 6.25000000000000000e-01
1.50000000000000000e+00 5.00000000000000000e-01 6.25000000000000000e-01
1.62500000000000000e+00 5.00000000000000000e-01 6.25000000000000000e-01
1.75000000000000000e+00 5.00000000000000000e-01 6.25000000000000000e-01
1.87500000000000000e+00 5.00000000000000000e-01 6.25000000000000000e-01
2.00000000000000000e+00 5.00000000000000000e-01 6.25000000000000000e-01
2.12500000000000000e+00 5.00000000000000000e-01 6.25000000000000000e-01
2.25000000000000000e+00 5.00000000000000000e-01 6.25000000000000000e-01
2.37500000000000000e+00 5.00000000000000000e-01 6.25000000000000000e-01
2.50000000000000000e+00 5.00000000000000000e-01 6.25000000000000000e-01
2.62500000000000000e+00 5.00000000000000000e-01 6.25000000000000000e-01
2.75000000000000000e+00 5.00000000000000000e-01 6.25000000000000000e-01
2.87500000000000000e+00 5.00000000000000000e-01 6.25000000000000000e-01
3.00000000000000000e+00 5.00000000000000000e-01 6.25000000000000000e-01
3.12500000000000000e+00 5.00000000000000000e-01 6.25000000000000000e-01
3.25000000000000000e+00 5.00000000000000000e-01 6.25000000000000000e-01
3.37500000000000000e+00 5.00000000000000000e-01 6.25000000000000000e-01
3.50000000000000000e+00 5.00000000000000000e-01 6.25000000000000000e-01
3.62500000000000000e+00 5.00000000000000000e-01 6.25000000000000000e-01
3.75000000000000000e+00 5.00000000000000000e-01 6.25000000000000000e-01
3.87500000000000000e+00 5.00000000000000000e-01 6.25000000000000000e-01
4.00000000000000000e+00 5.00000000000000000e-01 6.25000000000000000e-01
4.12500000000000000e+00 5.00000000000000000e-01 6.25000000000000000e-01
4.25000000000000000e+00 5.00000000000000000e-01 6.25000000000000000e-01
4.37500000000000000e+00 5.00000000000000000e-01 6.25000000000000000e-01
4.50000000000000000e+00 5.00000000000000000e-01 6.25000000000000000e-01
4.62500000000000000e+00 5.00000000000000000e-01 6.25000000000000000e-01
4.75000000000000000e+00 5.00000000000000000e-01 6.25000000000000000e-01
4.87500000000000000e+00 5.00000000000000000e-01 6.25000000000000000e-01
5.00000000000000000e+00 5.00000000000000000e-01 6.25000000000000000e-01
5.12500000000000000e+00 5.00000000000000000e-01 6.25000000000000000e-01
5.25000000000000000e+00 5.00000000000000000e-01 6.25000000000000000e-01
5.37500000000000000e+00 5.00000000000000000e-01 6.25000000000000000e-01
5.50000000000000000e+00 5.00000000000000000e-01 6.25000000000000000e-01
5.62500000000000000e+00 5.00000000000000000e-01 6.25000000000000000e-01
5.75000000000000000e+00 5.00000000000000000e-01 6.25000000000000000e-01
5.87500000000000000e+00 5.00000000000000000e-01 6.25000000000000000e-01
6.00000000000000000e+00 5.00000000000000000e-01 6.25000000000000000e-01
0.00000000000000000e+00 6.25000000000000000e-01 6.25000000000000000e-01
1.25000000000000000e-01 6.25000000000000000e-01 6.25000000000000000e-01
2.50000000000000000e-01 6.25000000000000000e-01 6.25000000000000000e-01
3.75000000000000000e-01 6.25000000000000000e-01 6.25000000000000000e-01
5.00000000000000000e-01 6.25000000000000000e-01 6.25000000000000000e-01
6.25000000000000000e-01 6.25000000000000000e-01 6.25000000000000000e-01
7.50000000000000000e-01 6.25000000000000000e-01 6.25000000000000000e-01
8.75000000000000000e-01 6.25000000000000000e-01 6.25000000000000000e-01
1.00000000000000000e+00 6.25000000000000000e-01 6.25000000000000000e-01
1.12500000000000000e+00 6.25000000000000000e-01 6.25000000000000000e-01
1.25000000000000000e+00 6.25000000000000000e-01 6.25000000000000000e-01
1.37500000000000000e+00 6.25000000000000000e-01 6.25000000000000000e-01
1.50000000000000000e+00 6.25000000000000000e-01 6.25000000000000000e-01
1.62500000000000000e+00 6.25000000000000000e-01 6.25000000000000000e-01
1.75000000000000000e+00 6.25000000000000000e-01 6.25000000000000000e-01
1.87500000000000000e+00 6.25000000000000000e-01 6.25000000000000000e-01
2.00000000000000000e+00 6.25000000000000000e-01 6.25000000000000000e-01
2.12500000000000000e+00 6.25000000000000000e-01 6.25000000000000000e-01
2.25000000000000000e+00 6.25000000000000000e-01 6.25000000000000000e-01
2.37500000000000000e+00 6.25000000000000000e-01 6.25000000000000000e-01
2.50000000000000000e+00 6.25000000000000000e-01 6.25000000000000000e-01
2.62500000000000000e+00 6.25000000000000000e-01 6.25000000000000000e-01
2.75000000000000000e+00 6.25000000000000000e-01 6.25000000000000000e-01
2.87500000000000000e+00 6.25000000000000000e-01 6.25000000000000000e-01
3.00000000000000000e+00 6.25000000000000000e-01 6.25000000000000000e-01
3.12500000000000000e+00 6.25000000000000000e-01 6.25000000000000000e-01
3.25000000000000000e+00 6.25000000000000000e-01 6.25000000000000000e-01
3.37500000000000000e+00 6.25000000000000000e-01 6.25000000000000000e-01
3.50000000000000000e+00 6.25000000000000000e-01 6.25000000000000000e-01
3.62500000000000000e+00 6.25000000000000000e-01 6.25000000000000000e-01
3.75000000000000000e+00 6.25000000000000000e-01 6.25000000000000000e-01
3.87500000000000000e+00 6.25000000000000000e-01 6.25000000000000000e-01
4.00000000000000000e+00 6.25000000000000000e-01 6.25000000000000000e-01
4.12500000000000000e+00 6.25000000000000000e-01 6.25000000000000000e-01
4.25000000000000000e+00 6.25000000000000000e-01 6.25000000000000000e-01
4.37500000000000000e+00 6.25000000000000000e-01 6.25000000000000000e-01
4.50000000000000000e+00 6.25000000000000000e-01 6.25000000000000000e-01
4.62500000000000000e+00 6.25000000000000000e-01 6.25000000000000000e-01
4.75000000000000000e+00 6.25000000000000000e-01 6.25000000000000000e-01
4.87500000000000000e+00 6.25000000000000000e-01 6.25000000000000000e-01
5.00000000000000000e+00 6.25000000000000000e-01 6.25000000000000000e-01
5.12500000000000000e+00 6.25000000000000000e-01 6.25000000000000000e-01
5.25000000000000000e+00 6.25000000000000000e-01 6.25000000000000000e-01
5.37500000000000000e+00 6.25000000000000000e-01 6.25000000000000000e-01
5.50000000000000000e+00 6.25000000000000000e-01 6.25000000000000000e-01
5.62500000000000000e+00 6.25000000000000000e-01 6.25000000000000000e-01
5.75000000000000000e+00 6.25000000000000000e-01 6.25000000000000000e-01
5.87500000000000000e+00 6.25000000000000000e-01 6.25000000000000000e-01
6.00000000000000000e+00 6.25000000000000000e-01 6.25000000000000000e-01
0.00000000000000000e+00 7.50000000000000000e-01 6.25000000000000000e-01
1.25000000000000000e-01 7.50000000000000000e-01 6.25000000000000000e-01
2.50000000000000000e-01 7.50000000000000000e-01 6.25000000000000000e-01
3.75000000000000000e-01 7.50000000000000000e-01 6.25000000000000000e-01
5.00000000000000000e-01 7.50000000000000000e-01 6.25000000000000000e-01
6.25000000000000000e-01 7.50000000000000000e-01 6.25000000000000000e-01
7.50000000000000000e-01 7.50000000000000000e-01 6.25000000000000000e-01
8.75000000000000000e-01 7.50000000000000000e-01 6.25000000000000000e-01
1.00000000000000000e+00 7.50000000000000000e-01 6.25000000000000000e-01
1.12500000000000000e+00 7.50000000000000000e-01 6.25000000000000000e-01
1.25000000000000000e+00 7.50000000000000000e-01 6.25000000000000000e-01
1.37500000000000000e+00 7.50000000000000000e-01 6.25000000000000000e-01
1.50000000000000000e+00 7.50000000000000000e-01 6.25000000000000000e-01
1.62500000000000000e+00 7.50000000000000000e-01 6.25000000000000000e-01
1.75000000000000000e+00 7.50000000000000000e-01 6.25000000000000000e-01
1.87500000000000000e+00 7.50000000000000000e-01 6.25000000000000000e-01
2.00000000000000000e+00 7.50000000000000000e-01 6.25000000000000000e-01
2.12500000000000000e+00 7.50000000000000000e-01 6.25000000000000000e-01
2.25000000000000000e+00 7.50000000000000000e-01 6.25000000000000000e-01
2.37500000000000000e+00 7.50000000000000000e-01 6.25000000000000000e-01
2.50000000000000000e+00 7.50000000000000000e-01 6.25000000000000000e-01
2.62500000000000000e+00 7.50000000000000000e-01 6.25000000000000000e-01
2.75000000000000000e+00 7.50000000000000000e-01 6.25000000000000000e-01
2.87500000000000000e+00 7.50000000000000000e-01 6.25000000000000000e-01
3.00000000000000000e+00 7.50000000000000000e-01 6.25000000000000000e-01
3.12500000000000000e+00 7.50000000000000000e-01 6.25000000000000000e-01
3.25000000000000000e+00 7.50000000000000000e-01 6.25000000000000000e-01
3.37500000000000000e+00 7.50000000000000000e-01 6.25000000000000000e-01
3.50000000000000000e+00 7.50000000000000000e-01 6.25000000000000000e-01
3.62500000000000000e+00 7.50000000000000000e-01 6.25000000000000000e-01
3.75000000000000000e+00 7.50000000000000000e-01 6.25000000000000000e-01
3.87500000000000000e+00 7.50000000000000000e-01 6.25000000000000000e-01
4.00000000000000000e+00 7.50000000000000000e-01 6.25000000000000000e-01
4.12500000000000000e+00 7.50000000000000000e-01 6.25000000000000000e-01
4.25000000000000000e+00 7.50000000000000000e-01 6.25000000000000000e-01
4.37500000000000000e+00 7.50000000000000000e-01 6.25000000000000000e-01
4.50000000000000000e+00 7.50000000000000000e-01 6.25000000000000000e-01
4.62500000000000000e+00 7.50000000000000000e-01 6.25000000000000000e-01
4.75000000000000000e+00 7.50000000000000000e-01 6.25000000000000000e-01
4.87500000000000000e+00 7.50000000000000000e-01 6.25000000000000000e-01
5.00000000000000000e+00 7.50000000000000000e-01 6.25000000000000000e-01
5.12500000000000000e+00 7.50000000000000000e-01 6.25000000000000000e-01
5.25000000000000000e+00 7.50000000000000000e-01 6.25000000000000000e-01
5.37500000000000000e+00 7.50000000000000000e-01 6.25000000000000000e-01
5.50000000000000000e+00 7.50000000000000000e-01 6.25000000000000000e-01
5.62500000000000000e+00 7.50000000000000000e-01 6.25000000000000000e-01
5.75000000000000000e+00 7.50000000000000000e-01 6.25000000000000000e-01
5.87500000000000000e+00 7.50000000000000000e-01 6.25000000000000000e-01
6.00000000000000000e+00 7.50000000000000000e-01 6.25000000000000000e-01
0.00000000000000000e+00 8.75000000000000000e-01 6.25000000000000000e-01
1.25000000000000000e-01 8.75000000000000000e-01 6.25000000000000000e-01
2.50000000000000000e-01 8.75000000000000000e-01 6.25000000000000000e-01
3.75000000000000000e-01 8.75000000000000000e-01 6.25000000000000000e-01
5.00000000000000000e-01 8.75000000000000000e-01 6.25000000000000000e-01
6.25000000000000000e-01 8.75000000000000000e-01 6.25000000000000000e-01
7.50000000000000000e-01 8.75000000000000000e-01 6.25000000000000000e-01
8.75000000000000000e-01 8.75000000000000000e-01 6.25000000000000000e-01
1.00000000000000000e+00 8.75000000000000000e-01 6.25000000000000000e-01
1.12500000000000000e+00 8.75000000000000000e-01 6.25000000000000000e-01
1.25000000000000000e+00 8.75000000000000000e-01 6.25000000000000000e-01
1.37500000000000000e+00 8.75000000000000000e-01 6.25000000000000000e-01
1.50000000000000000e+00 8.75000000000000000e-01 6.25000000000000000e-01
1.62500000000000000e+00 8.75000000000000000e-01 6.25000000000000000e-01
1.75000000000000000e+00 8.75000000000000000e-01 6.25000000000000000e-01
1.87500000000000000e+00 8.75000000000000000e-01 6.25000000000000000e-01
2.00000000000000000e+00 8.75000000000000000e-01 6.25000000000000000e-01
2.12500000000000000e+00 8.75000000000000000e-01 6.25000000000000000e-01
2.25000000000000000e+00 8.75000000000000000e-01 6.25000000000000000e-01
2.37500000000000000e+00 8.75000000000000000e-01 6.25000000000000000e-01
2.50000000000000000e+00 8.75000000000000000e-01 6.25000000000000000e-01
2.62500000000000000e+00 8.75000000000000000e-01 6.25000000000000000e-01
2.75000000000000000e+00 8.75000000000000000e-01 6.25000000000000000e-01
2.87500000000000000e+00 8.75000000000000000e-01 6.25000000000000000e-01
3.00000000000000000e+00 8.75000000000000000e-01 6.25000000000000000e-01
3.12500000000000000e+00 8.75000000000000000e-01 6.25000000000000000e-01
3.25000000000000000e+00 8.75000000000000000e-01 6.25000000000000000e-01
3.37500000000000000e+00 8.75000000000000000e-01 6.25000000000000000e-01
3.50000000000000000e+00 8.75000000000000000e-01 6.25000000000000000e-01
3.62500000000000000e+00 8.75000000000000000e-01 6.25000000000000000e-01
3.75000000000000000e+00 8.75000000000000000e-01 6.25000000000000000e-01
3.87500000000000000e+00 8.75000000000000000e-01 6.25000000000000000e-01
4.00000000000000000e+00 8.75000000000000000e-01 6.25000000000000000e-01
4.12500000000000000e+00 8.75000000000000000e-01 6.25000000000000000e-01
4.25000000000000000e+00 8.75000000000000000e-01 6.25000000000000000e-01
4.37500000000000000e+00 8.75000000000000000e-01 6.25000000000000000e-01
4.50000000000000000e+00 8.75000000000000000e-01 6.25000000000000000e-01
4.62500000000000000e+00 8.75000000000000000e-01 6.25000000000000000e-01
4.75000000000000000e+00 8.75000000000000000e-01 6.25000000000000000e-01
4.87500000000000000e+00 8.75000000000000000e-01 6.25000000000000000e-01
5.00000000000000000e+00 8.75000000000000000e-01 6.25000000000000000e-01
5.12500000000000000e+00 8.75000000000000000e-01 6.25000000000000000e-01
5.25000000000000000e+00 8.75000000000000000e-01 6.25000000000000000e-01
5.37500000000000000e+00 8.75000000000000000e-01 6.25000000000000000e-01
5.50000000000000000e+00 8.75000000000000000e-01 6.25000000000000000e-01
5.62500000000000000e+00 8.75000000000000000e-01 6.25000000000000000e-01
5.75000000000000000e+00 8.75000000000000000e-01 6.25000000000000000e-01
5.87500000000000000e+00 8.75000000000000000e-01 6.25000000000000000e-01
6.00000000000000000e+00 8.75000000000000000e-01 6.25000000000000000e-01
0.00000000000000000e+00 1.00000000000000000e+00 6.25000000000000000e-01
1.25000000000000000e-01 1.00000000000000000e+00 6.25000000000000000e-01
2.50000000000000000e-01 1.00000000000000000e+00 6.25000000000000000e-01
3.75000000000000000e-01 1.00000000000000000e+00 6.25000000000000000e-01
5.00000000000000000e-01 1.00000000000000000e+00 6.25000000000000000e-01
6.25000000000000000e-01 1.00000000000000000e+00 6.25000000000000000e-01
7.50000000000000000e-01 1.00000000000000000e+00 6.25000000000000000e-01
8.75000000000000000e-01 1.00000000000000000e+00 6.25000000000000000e-01
1.00000000000000000e+00 1.00000000000000000e+00 6.25000000000000000e-01
1.12500000000000000e+00 1.00000000000000000e+00 6.25000000000000000e-01
1.25000000000000000e+00 1.00000000000000000e+00 6.25000000000000000e-01
1.37500000000000000e+00 1.00000000000000000e+00 6.25000000000000000e-01
1.50000000000000000e+00 1.00000000000000000e+00 6.25000000000000000e-01
1.62500000000000000e+00 1.00000000000000000e+00 6.25000000000000000e-01
1.75000000000000000e+00 1.00000000000000000e+00 6.25000000000000000e-01
1.87500000000000000e+00 1.00000000000000000e+00 6.25000000000000000e-01
2.00000000000000000e+00 1.00000000000000000e+00 6.25000000000000000e-01
2.12500000000000000e+00 1.00000000000000000e+00 6.25000000000000000e-01
2.25000000000000000e+00 1.00000000000000000e+00 6.25000000000000000e-01
2.37500000000000000e+00 1.00000000000000000e+00 6.25000000000000000e-01
2.50000000000000000e+00 1.00000000000000000e+00 6.25000000000000000e-01
2.62500000000000000e+00 1.00000000000000000e+00 6.25000000000000000e-01
2.75000000000000000e+00 1.00000000000000000e+00 6.25000000000000000e-01
2.87500000000000000e+00 1.00000000000000000e+00 6.25000000000000000e-01
3.00000000000000000e+00 1.00000000000000000e+00 6.25000000000000000e-01
3.12500000000000000e+00 1.00000000000000000e+00 6.25000000000000000e-01
3.25000000000000000e+00 1.00000000000000000e+00 6.25000000000000000e-01
3.37500000000000000e+00 1.00000000000000000e+00 6.25000000000000000e-01
3.50000000000000000e+00 1.00000000000000000e+00 6.25000000000000000e-01
3.62500000000000000e+00 1.00000000000000000e+00 6.25000000000000000e-01
3.75000000000000000e+00 1.00000000000000000e+00 6.25000000000000000e-01
3.87500000000000000e+00 1.00000000000000000e+00 6.25000000000000000e-01
4.00000000000000000e+00 1.00000000000000000e+00 6.25000000000000000e-01
4.12500000000000000e+00 1.00000000000000000e+00 6.25000000000000000e-01
4.25000000000000000e+00 1.00000000000000000e+00 6.25000000000000000e-01
4.37500000000000000e+00 1.00000000000000000e+00 6.25000000000000000e-01
4.50000000000000000e+00 1.00000000000000000e+00 6.25000000000000000e-01
4.62500000000000000e+00 1.00000000000000000e+00 6.25000000000000000e-01
4.75000000000000000e+00 1.00000000000000000e+00 6.25000000000000000e-01
4.87500000000000000e+00 1.00000000000000000e+00 6.25000000000000000e-01
5.00000000000000000e+00 1.00000000000000000e+00 6.25000000000000000e-01
5.12500000000000000e+00 1.00000000000000000e+00 6.25000000000000000e-01
5.25000000000000000e+00 1.00000000000000000e+00 6.25000000000000000e-01
5.37500000000000000e+00 1.00000000000000000e+00 6.25000000000000000e-01
5.50000000000000000e+00 1.00000000000000000e+00 6.25000000000000000e-01
5.62500000000000000e+00 1.00000000000000000e+00 6.25000000000000000e-01
5.75000000000000000e+00 1.00000000000000000e+00 6.25000000000000000e-01
5.87500000000000000e+00 1.00000000000000000e+00 6.25000000000000000e-01
6.00000000000000000e+00 1.00000000000000000e+00 6.25000000000000000e-01
0.00000000000000000e+00 0.00000000000000000e+00 7.50000000000000000e-01
1.25000000000000000e-01 0.00000000000000000e+00 7.50000000000000000e-01
2.50000000000000000e-01 0.00000000000000000e+00 7.50000000000000000e-01
3.75000000000000000e-01 0.00000000000000000e+00 7.50000000000000000e-01
5.00000000000000000e-01 0.00000000000000000e+00 7.50000000000000000e-01
6.25000000000000000e-01 0.00000000000000000e+00 7.50000000000000000e-01
7.50000000000000000e-01 0.00000000000000000e+00 7.50000000000000000e-01
8.75000000000000000e-01 0.00000000000000000e+00 7.50000000000000000e-01
1.00000000000000000e+00 0.00000000000000000e+00 7.50000000000000000e-01
1.12500000000000000e+00 0.00000000000000000e+00 7.50000000000000000e-01
1.25000000000000000e+00 0.00000000000000000e+00 7.50000000000000000e-01
1.37500000000000000e+00 0.00000000000000000e+00 7.50000000000000000e-01
1.50000000000000000e+00 0.00000000000000000e+00 7.50000000000000000e-01
1.62500000000000000e+00 0.00000000000000000e+00 7.50000000000000000e-01
1.75000000000000000e+00 0.00000000000000000e+00 7.50000000000000000e-01
1.87500000000000000e+00 0.00000000000000000e+00 7.50000000000000000e-01
2.00000000000000000e+00 0.00000000000000000e+00 7.50000000000000000e-01
2.12500000000000000e+00 0.00000000000000000e+00 7.50000000000000000e-01
2.25000000000000000e+00 0.00000000000000000e+00 7.50000000000000000e-01
2.37500000000000000e+00 0.00000000000000000e+00 7.50000000000000000e-01
2.50000000000000000e+00 0.00000000000000000e+00 7.50000000000000000e-01
2.62500000000000000e+00 0.00000000000000000e+00 7.50000000000000000e-01
2.75000000000000000e+00 0.00000000000000000e+00 7.50000000000000000e-01
2.87500000000000000e+00 0.00000000000000000e+00 7.50000000000000000e-01
3.00000000000000000e+00 0.00000000000000000e+00 7.50000000000000000e-01
3.12500000000000000e+00 0.00000000000000000e+00 7.50000000000000000e-01
3.25000000000000000e+00 0.00000000000000000e+00 7.50000000000000000e-01
3.37500000000000000e+00 0.00000000000000000e+00 7.50000000000000000e-01
3.50000000000000000e+00 0.00000000000000000e+00 7.50000000000000000e-01
3.62500000000000000e+00 0.00000000000000000e+00 7.50000000000000000e-01
3.75000000000000000e+00 0.00000000000000000e+00 7.50000000000000000e-01
3.87500000000000000e+00 0.00000000000000000e+00 7.50000000000000000e-01
4.00000000000000000e+00 0.00000000000000000e+00 7.50000000000000000e-01
4.12500000000000000e+00 0.00000000000000000e+00 7.50000000000000000e-01
4.25000000000000000e+00 0.00000000000000000e+00 7.50000000000000000e-01
4.37500000000000000e+00 0.00000000000000000e+00 7.50000000000000000e-01
4.50000000000000000e+00 0.00000000000000000e+00 7.50000000000000000e-01
4.62500000000000000e+00 0.00000000000000000e+00 7.50000000000000000e-01
4.75000000000000000e+00 0.00000000000000000e+00 7.50000000000000000e-01
4.87500000000000000e+00 0.00000000000000000e+00 7.50000000000000000e-01
5.00000000000000000e+00 0.00000000000000000e+00 7.50000000000000000e-01
5.12500000000000000e+00 0.00000000000000000e+00 7.50000000000000000e-01
5.25000000000000000e+00 0.00000000000000000e+00 7.50000000000000000e-01
5.37500000000000000e+00 0.00000000000000000e+00 7.50000000000000000e-01
5.50000000000000000e+00 0.00000000000000000e+00 7.50000000000000000e-01
5.62500000000000000e+00 0.00000000000000000e+00 7.50000000000000000e-01
5.75000000000000000e+00 0.00000000000000000e+00 7.50000000000000000e-01
5.87500000000000000e+00 0.00000000000000000e+00 7.50000000000000000e-01
6.00000000000000000e+00 0.00000000000000000e+00 7.50000000000000000e-01
0.00000000000000000e+00 1.25000000000000000e-01 7.50000000000000000e-01
1.25000000000000000e-01 1.25000000000000000e-01 7.50000000000000000e-01
2.50000000000000000e-01 1.25000000000000000e-01 7.50000000000000000e-01
3.75000000000000000e-01 1.25000000000000000e-01 7.50000000000000000e-01
5.00000000000000000e-01 1.25000000000000000e-01 7.50000000000000000e-01
6.25000000000000000e-01 1.25000000000000000e-01 7.50000000000000000e-01
7.50000000000000000e-01 1.25000000000000000e-01 7.50000000000000000e-01
8.75000000000000000e-01 1.25000000000000000e-01 7.50000000000000000e-01
1.00000000000000000e+00 1.25000000000000000e-01 7.50000000000000000e-01
1.12500000000000000e+00 1.25000000000000000e-01 7.50000000000000000e-01
1.25000000000000000e+00 1.25000000000000000e-01 7.50000000000000000e-01
1.37500000000000000e+00 1.25000000000000000e-01 7.50000000000000000e-01
1.50000000000000000e+00 1.25000000000000000e-01 7.50000000000000000e-01
1.62500000000000000e+00 1.25000000000000000e-01 7.50000000000000000e-01
1.75000000000000000e+00 1.25000000000000000e-01 7.50000000000000000e-01
1.87500000000000000e+00 1.25000000000000000e-01 7.50000000000000000e-01
2.00000000000000000e+00 1.25000000000000000e-01 7.50000000000000000e-01
2.12500000000000000e+00 1.25000000000000000e-01 7.50000000000000000e-01
2.25000000000000000e+00 1.25000000000000000e-01 7.50000000000000000e-01
2.37500000000000000e+00 1.25000000000000000e-01 7.50000000000000000e-01
2.50000000000000000e+00 1.25000000000000000e-01 7.50000000000000000e-01
2.62500000000000000e+00 1.25000000000000000e-01 7.50000000000000000e-01
2.75000000000000000e+00 1.25000000000000000e-01 7.50000000000000000e-01
2.87500000000000000e+00 1.25000000000000000e-01 7.50000000000000000e-01
3.00000000000000000e+00 1.25000000000000000e-01 7.50000000000000000e-01
3.12500000000000000e+00 1.25000000000000000e-01 7.50000000000000000e-01
3.25000000000000000e+00 1.25000000000000000e-01 7.50000000000000000e-01
3.37500000000000000e+00 1.25000000000000000e-01 7.50000000000000000e-01
3.50000000000000000e+00 1.25000000000000000e-01 7.50000000000000000e-01
3.62500000000000000e+00 1.25000000000000000e-01 7.50000000000000000e-01
3.75000000000000000e+00 1.25000000000000000e-01 7.50000000000000000e-01
3.87500000000000000e+00 1.25000000000000000e-01 7.50000000000000000e-01
4.00000000000000000e+00 1.25000000000000000e-01 7.50000000000000000e-01
4.12500000000000000e+00 1.25000000000000000e-01 7.50000000000000000e-01
4.25000000000000000e+00 1.25000000000000000e-01 7.50000000000000000e-01
4.37500000000000000e+00 1.25000000000000000e-01 7.50000000000000000e-01
4.50000000000000000e+00 1.25000000000000000e-01 7.50000000000000000e-01
4.62500000000000000e+00 1.25000000000000000e-01 7.50000000000000000e-01
4.75000000000000000e+00 1.25000000000000000e-01 7.50000000000000000e-01
4.87500000000000000e+00 1.25000000000000000e-01 7.50000000000000000e-01
5.00000000000000000e+00 1.25000000000000000e-01 7.50000000000000000e-01
5.12500000000000000e+00 1.25000000000000000e-01 7.50000000000000000e-01
5.25000000000000000e+00 1.25000000000000000e-01 7.50000000000000000e-01
5.37500000000000000e+00 1.25000000000000000e-01 7.50000000000000000e-01
5.50000000000000000e+00 1.25000000000000000e-01 7.50000000000000000e-01
5.62500000000000000e+00 1.25000000000000000e-01 7.50000000000000000e-01
5.75000000000000000e+00 1.25000000000000000e-01 7.50000000000000000e-01
5.87500000000000000e+00 1.25000000000000000e-01 7.50000000000000000e-01
6.00000000000000000e+00 1.25000000000000000e-01 7.50000000000000000e-01
0.00000000000000000e+00 2.50000000000000000e-01 7.50000000000000000e-01
1.25000000000000000e-01 2.50000000000000000e-01 7.50000000000000000e-01
2.50000000000000000e-01 2.50000000000000000e-01 7.50000000000000000e-01
3.75000000000000000e-01 2.50000000000000000e-01 7.50000000000000000e-01
5.00000000000000000e-01 2.50000000000000000e-01 7.50000000000000000e-01
6.25000000000000000e-01 2.50000000000000000e-01 7.50000000000000000e-01
7.50000000000000000e-01 2.50000000000000000e-01 7.50000000000000000e-01
8.75000000000000000e-01 2.50000000000000000e-01 7.50000000000000000e-01
1.00000000000000000e+00 2.50000000000000000e-01 7.50000000000000000e-01
1.12500000000000000e+00 2.50000000000000000e-01 7.50000000000000000e-01
1.25000000000000000e+00 2.50000000000000000e-01 7.50000000000000000e-01
1.37500000000000000e+00 2.50000000000000000e-01 7.50000000000000000e-01
1.50000000000000000e+00 2.50000000000000000e-01 7.50000000000000000e-01
1.62500000000000000e+00 2.50000000000000000e-01 7.50000000000000000e-01
1.75000000000000000e+00 2.50000000000000000e-01 7.50000000000000000e-01
1.87500000000000000e+00 2.50000000000000000e-01 7.50000000000000000e-01
2.00000000000000000e+00 2.50000000000000000e-01 7.50000000000000000e-01
2.12500000000000000e+00 2.50000000000000000e-01 7.50000000000000000e-01
2.25000000000000000e+00 2.50000000000000000e-01 7.50000000000000000e-01
2.37500000000000000e+00 2.50000000000000000e-01 7.50000000000000000e-01
2.50000000000000000e+00 2.50000000000000000e-01 7.50000000000000000e-01
2.62500000000000000e+00 2.50000000000000000e-01 7.50000000000000000e-01
2.75000000000000000e+00 2.50000000000000000e-01 7.50000000000000000e-01
2.87500000000000000e+00 2.50000000000000000e-01 7.50000000000000000e-01
3.00000000000000000e+00 2.50000000000000000e-01 7.50000000000000000e-01
3.12500000000000000e+00 2.50000000000000000e-01 7.50000000000000000e-01
3.25000000000000000e+00 2.50000000000000000e-01 7.50000000000000000e-01
3.37500000000000000e+00 2.50000000000000000e-01 7.50000000000000000e-01
3.50000000000000000e+00 2.50000000000000000e-01 7.50000000000000000e-01
3.62500000000000000e+00 2.50000000000000000e-01 7.50000000000000000e-01
3.75000000000000000e+00 2.50000000000000000e-01 7.50000000000000000e-01
3.87500000000000000e+00 2.50000000000000000e-01 7.50000000000000000e-01
4.00000000000000000e+00 2.50000000000000000e-01 7.50000000000000000e-01
4.12500000000000000e+00 2.50000000000000000e-01 7.50000000000000000e-01
4.25000000000000000e+00 2.50000000000000000e-01 7.50000000000000000e-01
4.37500000000000000e+00 2.50000000000000000e-01 7.50000000000000000e-01
4.50000000000000000e+00 2.50000000000000000e-01 7.50000000000000000e-01
4.62500000000000000e+00 2.50000000000000000e-01 7.50000000000000000e-01
4.75000000000000000e+00 2.50000000000000000e-01 7.50000000000000000e-01
4.87500000000000000e+00 2.50000000000000000e-01 7.50000000000000000e-01
5.00000000000000000e+00 2.50000000000000000e-01 7.50000000000000000e-01
5.12500000000000000e+00 2.50000000000000000e-01 7.50000000000000000e-01
5.25000000000000000e+00 2.50000000000000000e-01 7.50000000000000000e-01
5.37500000000000000e+00 2.50000000000000000e-01 7.50000000000000000e-01
5.50000000000000000e+00 2.50000000000000000e-01 7.50000000000000000e-01
5.62500000000000000e+00 2.50000000000000000e-01 7.50000000000000000e-01
5.75000000000000000e+00 2.50000000000000000e-01 7.50000000000000000e-01
5.87500000000000000e+00 2.50000000000000000e-01 7.50000000000000000e-01
6.00000000000000000e+00 2.50000000000000000e-01 7.50000000000000000e-01
0.00000000000000000e+00 3.75000000000000000e-01 7.50000000000000000e-01
1.25000000000000000e-01 3.75000000000000000e-01 7.50000000000000000e-01
2.50000000000000000e-01 3.75000000000000000e-01 7.50000000000000000e-01
3.75000000000000000e-01 3.75000000000000000e-01 7.50000000000000000e-01
5.00000000000000000e-01 3.75000000000000000e-01 7.50000000000000000e-01
6.25000000000000000e-01 3.75000000000000000e-01 7.50000000000000000e-01
7.50000000000000000e-01 3.75000000000000000e-01 7.50000000000000000e-01
8.75000000000000000e-01 3.75000000000000000e-01 7.50000000000000000e-01
1.00000000000000000e+00 3.75000000000000000e-01 7.50000000000000000e-01
1.12500000000000000e+00 3.75000000000000000e-01 7.50000000000000000e-01
1.25000000000000000e+00 3.75000000000000000e-01 7.50000000000000000e-01
1.37500000000000000e+00 3.75000000000000000e-01 7.50000000000000000e-01
1.50000000000000000e+00 3.75000000000000000e-01 7.50000000000000000e-01
1.62500000000000000e+00 3.75000000000000000e-01 7.50000000000000000e-01
1.75000000000000000e+00 3.75000000000000000e-01 7.50000000000000000e-01
1.87500000000000000e+00 3.75000000000000000e-01 7.50000000000000000e-01
2.00000000000000000e+00 3.75000000000000000e-01 7.50000000000000000e-01
2.12500000000000000e+00 3.75000000000000000e-01 7.50000000000000000e-01
2.25000000000000000e+00 3.75000000000000000e-01 7.50000000000000000e-01
2.37500000000000000e+00 3.75000000000000000e-01 7.50000000000000000e-01
2.50000000000000000e+00 3.75000000000000000e-01 7.50000000000000000e-01
2.62500000000000000e+00 3.75000000000000000e-01 7.50000000000000000e-01
2.75000000000000000e+00 3.75000000000000000e-01 7.50000000000000000e-01
2.87500000000000000e+00 3.75000000000000000e-01 7.50000000000000000e-01
3.00000000000000000e+00 3.75000000000000000e-01 7.50000000000000000e-01
3.12500000000000000e+00 3.75000000000000000e-01 7.50000000000000000e-01
3.25000000000000000e+00 3.75000000000000000e-01 7.50000000000000000e-01
3.37500000000000000e+00 3.75000000000000000e-01 7.50000000000000000e-01
3.50000000000000000e+00 3.75000000000000000e-01 7.50000000000000000e-01
3.62500000000000000e+00 3.75000000000000000e-01 7.50000000000000000e-01
3.75000000000000000e+00 3.75000000000000000e-01 7.50000000000000000e-01
3.87500000000000000e+00 3.75000000000000000e-01 7.50000000000000000e-01
4.00000000000000000e+00 3.75000000000000000e-01 7.50000000000000000e-01
4.12500000000000000e+00 3.75000000000000000e-01 7.50000000000000000e-01
4.25000000000000000e+00 3.75000000000000000e-01 7.50000000000000000e-01
4.37500000000000000e+00 3.75000000000000000e-01 7.50000000000000000e-01
4.50000000000000000e+00 3.75000000000000000e-01 7.50000000000000000e-01
4.62500000000000000e+00 3.75000000000000000e-01 7.50000000000000000e-01
4.75000000000000000e+00 3.75000000000000000e-01 7.50000000000000000e-01
4.87500000000000000e+00 3.75000000000000000e-01 7.50000000000000000e-01
5.00000000000000000e+00 3.75000000000000000e-01 7.50000000000000000e-01
5.12500000000000000e+00 3.75000000000000000e-01 7.50000000000000000e-01
5.25000000000000000e+00 3.75000000000000000e-01 7.50000000000000000e-01
5.37500000000000000e+00 3.75000000000000000e-01 7.50000000000000000e-01
5.50000000000000000e+00 3.75000000000000000e-01 7.50000000000000000e-01
5.62500000000000000e+00 3.75000000000000000e-01 7.50000000000000000e-01
5.75000000000000000e+00 3.75000000000000000e-01 7.50000000000000000e-01
5.87500000000000000e+00 3.75000000000000000e-01 7.50000000000000000e-01
6.00000000000000000e+00 3.75000000000000000e-01 7.50000000000000000e-01
0.00000000000000000e+00 5.00000000000000000e-01 7.50000000000000000e-01
1.25000000000000000e-01 5.00000000000000000e-01 7.50000000000000000e-01
2.50000000000000000e-01 5.00000000000000000e-01 7.50000000000000000e-01
3.75000000000000000e-01 5.00000000000000000e-01 7.50000000000000000e-01
5.00000000000000000e-01 5.00000000000000000e-01 7.50000000000000000e-01
6.25000000000000000e-01 5.00000000000000000e-01 7.50000000000000000e-01
7.50000000000000000e-01 5.00000000000000000e-01 7.50000000000000000e-01
8.75000000000000000e-01 5.00000000000000000e-01 7.50000000000000000e-01
1.00000000000000000e+00 5.00000000000000000e-01 7.50000000000000000e-01
1.12500000000000000e+00 5.00000000000000000e-01 7.50000000000000000e-01
1.25000000000000000e+00 5.00000000000000000e-01 7.50000000000000000e-01
1.37500000000000000e+00 5.00000000000000000e-01 7.50000000000000000e-01
1.50000000000000000e+00 5.00000000000000000e-01 7.50000000000000000e-01
1.62500000000000000e+00 5.00000000000000000e-01 7.50000000000000000e-01
1.75000000000000000e+00 5.00000000000000000e-01 7.50000000000000000e-01
1.87500000000000000e+00 5.00000000000000000e-01 7.50000000000000000e-01
2.00000000000000000e+00 5.00000000000000000e-01 7.50000000000000000e-01
2.12500000000000000e+00 5.00000000000000000e-01 7.50000000000000000e-01
2.25000000000000000e+00 5.00000000000000000e-01 7.50000000000000000e-01
2.37500000000000000e+00 5.00000000000000000e-01 7.50000000000000000e-01
2.50000000000000000e+00 5.00000000000000000e-01 7.50000000000000000e-01
2.62500000000000000e+00 5.00000000000000000e-01 7.50000000000000000e-01
2.75000000000000000e+00 5.00000000000000000e-01 7.50000000000000000e-01
2.87500000000000000e+00 5.00000000000000000e-01 7.50000000000000000e-01
3.00000000000000000e+00 5.00000000000000000e-01 7.50000000000000000e-01
3.12500000000000000e+00 5.00000000000000000e-01 7.50000000000000000e-01
3.25000000000000000e+00 5.00000000000000000e-01 7.50000000000000000e-01
3.37500000000000000e+00 5.00000000000000000e-01 7.50000000000000000e-01
3.50000000000000000e+00 5.00000000000000000e-01 7.50000000000000000e-01
3.62500000000000000e+00 5.00000000000000000e-01 7.50000000000000000e-01
3.75000000000000000e+00 5.00000000000000000e-01 7.50000000000000000e-01
3.87500000000000000e+00 5.00000000000000000e-01 7.50000000000000000e-01
4.00000000000000000e+00 5.00000000000000000e-01 7.50000000000000000e-01
4.12500000000000000e+00 5.00000000000000000e-01 7.50000000000000000e-01
4.25000000000000000e+00 5.00000000000000000e-01 7.50000000000000000e-01
4.37500000000000000e+00 5.00000000000000000e-01 7.50000000000000000e-01
4.50000000000000000e+00 5.00000000000000000e-01 7.50000000000000000e-01
4.62500000000000000e+00 5.00000000000000000e-01 7.50000000000000000e-01
4.75000000000000000e+00 5.00000000000000000e-01 7.50000000000000000e-01
4.87500000000000000e+00 5.00000000000000000e-01 7.50000000000000000e-01
5.00000000000000000e+00 5.00000000000000000e-01 7.50000000000000000e-01
5.12500000000000000e+00 5.00000000000000000e-01 7.50000000000000000e-01
5.25000000000000000e+00 5.00000000000000000e-01 7.50000000000000000e-01
5.37500000000000000e+00 5.00000000000000000e-01 7.50000000000000000e-01
5.50000000000000000e+00 5.00000000000000000e-01 7.50000000000000000e-01
5.62500000000000000e+00 5.00000000000000000e-01 7.50000000000000000e-01
5.75000000000000000e+00 5.00000000000000000e-01 7.50000000000000000e-01
5.87500000000000000e+00 5.00000000000000000e-01 7.50000000000000000e-01
6.00000000000000000e+00 5.00000000000000000e-01 7.50000000000000000e-01
0.00000000000000000e+00 6.25000000000000000e-01 7.50000000000000000e-01
1.25000000000000000e-01 6.25000000000000000e-01 7.50000000000000000e-01
2.50000000000000000e-01 6.25000000000000000e-01 7.50000000000000000e-01
3.75000000000000000e-01 6.25000000000000000e-01 7.50000000000000000e-01
5.00000000000000000e-01 6.25000000000000000e-01 7.50000000000000000e-01
6.25000000000000000e-01 6.25000000000000000e-01 7.50000000000000000e-01
7.50000000000000000e-01 6.25000000000000000e-01 7.50000000000000000e-01
8.75000000000000000e-01 6.25000000000000000e-01 7.50000000000000000e-01
1.00000000000000000e+00 6.25000000000000000e-01 7.50000000000000000e-01
1.12500000000000000e+00 6.25000000000000000e-01 7.50000000000000000e-01
1.25000000000000000e+00 6.25000000000000000e-01 7.50000000000000000e-01
1.37500000000000000e+00 6.25000000000000000e-01 7.50000000000000000e-01
1.50000000000000000e+00 6.25000000000000000e-01 7.50000000000000000e-01
1.62500000000000000e+00 6.25000000000000000e-01 7.50000000000000000e-01
1.75000000000000000e+00 6.25000000000000000e-01 7.50000000000000000e-01
1.87500000000000000e+00 6.25000000000000000e-01 7.50000000000000000e-01
2.00000000000000000e+00 6.25000000000000000e-01 7.50000000000000000e-01
2.12500000000000000e+00 6.25000000000000000e-01 7.50000000000000000e-01
2.25000000000000000e+00 6.25000000000000000e-01 7.50000000000000000e-01
2.37500000000000000e+00 6.25000000000000000e-01 7.50000000000000000e-01
2.50000000000000000e+00 6.25000000000000000e-01 7.50000000000000000e-01
2.62500000000000000e+00 6.25000000000000000e-01 7.50000000000000000e-01
2.75000000000000000e+00 6.25000000000000000e-01 7.50000000000000000e-01
2.87500000000000000e+00 6.25000000000000000e-01 7.50000000000000000e-01
3.00000000000000000e+00 6.25000000000000000e-01 7.50000000000000000e-01
3.12500000000000000e+00 6.25000000000000000e-01 7.50000000000000000e-01
3.25000000000000000e+00 6.25000000000000000e-01 7.50000000000000000e-01
3.37500000000000000e+00 6.25000000000000000e-01 7.50000000000000000e-01
3.50000000000000000e+00 6.25000000000000000e-01 7.50000000000000000e-01
3.62500000000000000e+00 6.25000000000000000e-01 7.50000000000000000e-01
3.75000000000000000e+00 6.25000000000000000e-01 7.50000000000000000e-01
3.87500000000000000e+00 6.25000000000000000e-01 7.50000000000000000e-01
4.00000000000000000e+00 6.25000000000000000e-01 7.50000000000000000e-01
4.12500000000000000e+00 6.25000000000000000e-01 7.50000000000000000e-01
4.25000000000000000e+00 6.25000000000000000e-01 7.50000000000000000e-01
4.37500000000000000e+00 6.25000000000000000e-01 7.50000000000000000e-01
4.50000000000000000e+00 6.25000000000000000e-01 7.50000000000000000e-01
4.62500000000000000e+00 6.25000000000000000e-01 7.50000000000000000e-01
4.75000000000000000e+00 6.25000000000000000e-01 7.50000000000000000e-01
4.87500000000000000e+00 6.25000000000000000e-01 7.50000000000000000e-01
5.00000000000000000e+00 6.25000000000000000e-01 7.50000000000000000e-01
5.12500000000000000e+00 6.25000000000000000e-01 7.50000000000000000e-01
5.25000000000000000e+00 6.25000000000000000e-01 7.50000000000000000e-01
5.37500000000000000e+00 6.25000000000000000e-01 7.50000000000000000e-01
5.50000000000000000e+00 6.25000000000000000e-01 7.50000000000000000e-01
5.62500000000000000e+00 6.25000000000000000e-01 7.50000000000000000e-01
5.75000000000000000e+00 6.25000000000000000e-01 7.50000000000000000e-01
5.87500000000000000e+00 6.25000000000000000e-01 7.50000000000000000e-01
6.00000000000000000e+00 6.25000000000000000e-01 7.50000000000000000e-01
0.00000000000000000e+00 7.50000000000000000e-01 7.50000000000000000e-01
1.25000000000000000e-01 7.50000000000000000e-01 7.50000000000000000e-01
2.50000000000000000e-01 7.50000000000000000e-01 7.50000000000000000e-01
3.75000000000000000e-01 7.50000000000000000e-01 7.50000000000000000e-01
5.00000000000000000e-01 7.50000000000000000e-01 7.50000000000000000e-01
6.25000000000000000e-01 7.50000000000000000e-01 7.50000000000000000e-01
7.50000000000000000e-01 7.50000000000000000e-01 7.50000000000000000e-01
8.75000000000000000e-01 7.50000000000000000e-01 7.50000000000000000e-01
1.00000000000000000e+00 7.50000000000000000e-01 7.50000000000000000e-01
1.12500000000000000e+00 7.50000000000000000e-01 7.50000000000000000e-01
1.25000000000000000e+00 7.50000000000000000e-01 7.50000000000000000e-01
1.37500000000000000e+00 7.50000000000000000e-01 7.50000000000000000e-01
1.50000000000000000e+00 7.50000000000000000e-01 7.50000000000000000e-01
1.62500000000000000e+00 7.50000000000000000e-01 7.50000000000000000e-01
1.75000000000000000e+00 7.50000000000000000e-01 7.50000000000000000e-01
1.87500000000000000e+00 7.50000000000000000e-01 7.50000000000000000e-01
2.00000000000000000e+00 7.50000000000000000e-01 7.50000000000000000e-01
2.12500000000000000e+00 7.50000000000000000e-01 7.50000000000000000e-01
2.25000000000000000e+00 7.50000000000000000e-01 7.50000000000000000e-01
2.37500000000000000e+00 7.50000000000000000e-01 7.50000000000000000e-01
2.50000000000000000e+00 7.50000000000000000e-01 7.50000000000000000e-01
2.62500000000000000e+00 7.50000000000000000e-01 7.50000000000000000e-01
2.75000000000000000e+00 7.50000000000000000e-01 7.50000000000000000e-01
2.87500000000000000e+00 7.50000000000000000e-01 7.50000000000000000e-01
3.00000000000000000e+00 7.50000000000000000e-01 7.50000000000000000e-01
3.12500000000000000e+00 7.50000000000000000e-01 7.50000000000000000e-01
3.25000000000000000e+00 7.50000000000000000e-01 7.50000000000000000e-01
3.37500000000000000e+00 7.50000000000000000e-01 7.50000000000000000e-01
3.50000000000000000e+00 7.50000000000000000e-01 7.50000000000000000e-01
3.62500000000000000e+00 7.50000000000000000e-01 7.50000000000000000e-01
3.75000000000000000e+00 7.50000000000000000e-01 7.50000000000000000e-01
3.87500000000000000e+00 7.50000000000000000e-01 7.50000000000000000e-01
4.00000000000000000e+00 7.50000000000000000e-01 7.50000000000000000e-01
4.12500000000000000e+00 7.50000000000000000e-01 7.50000000000000000e-01
4.25000000000000000e+00 7.50000000000000000e-01 7.50000000000000000e-01
4.37500000000000000e+00 7.50000000000000000e-01 7.50000000000000000e-01
4.50000000000000000e+00 7.50000000000000000e-01 7.50000000000000000e-01
4.62500000000000000e+00 7.50000000000000000e-01 7.50000000000000000e-01
4.75000000000000000e+00 7.50000000000000000e-01 7.50000000000000000e-01
4.87500000000000000e+00 7.50000000000000000e-01 7.50000000000000000e-01
5.00000000000000000e+00 7.50000000000000000e-01 7.50000000000000000e-01
5.12500000000000000e+00 7.50000000000000000e-01 7.50000000000000000e-01
5.25000000000000000e+00 7.50000000000000000e-01 7.50000000000000000e-01
5.37500000000000000e+00 7.50000000000000000e-01 7.50000000000000000e-01
5.50000000000000000e+00 7.50000000000000000e-01 7.50000000000000000e-01
5.62500000000000000e+00 7.50000000000000000e-01 7.50000000000000000e-01
5.75000000000000000e+00 7.50000000000000000e-01 7.50000000000000000e-01
5.87500000000000000e+00 7.50000000000000000e-01 7.50000000000000000e-01
6.00000000000000000e+00 7.50000000000000000e-01 7.50000000000000000e-01
0.00000000000000000e+00 8.75000000000000000e-01 7.50000000000000000e-01
1.25000000000000000e-01 8.75000000000000000e-01 7.50000000000000000e-01
2.50000000000000000e-01 8.75000000000000000e-01 7.50000000000000000e-01
3.75000000000000000e-01 8.75000000000000000e-01 7.50000000000000000e-01
5.00000000000000000e-01 8.75000000000000000e-01 7.50000000000000000e-01
6.25000000000000000e-01 8.75000000000000000e-01 7.50000000000000000e-01
7.50000000000000000e-01 8.75000000000000000e-01 7.50000000000000000e-01
8.75000000000000000e-01 8.75000000000000000e-01 7.50000000000000000e-01
1.00000000000000000e+00 8.75000000000000000e-01 7.50000000000000000e-01
1.12500000000000000e+00 8.75000000000000000e-01 7.50000000000000000e-01
1.25000000000000000e+00 8.75000000000000000e-01 7.50000000000000000e-01
1.37500000000000000e+00 8.75000000000000000e-01 7.50000000000000000e-01
1.50000000000000000e+00 8.75000000000000000e-01 7.50000000000000000e-01
1.62500000000000000e+00 8.75000000000000000e-01 7.50000000000000000e-01
1.75000000000000000e+00 8.75000000000000000e-01 7.50000000000000000e-01
1.87500000000000000e+00 8.75000000000000000e-01 7.50000000000000000e-01
2.00000000000000000e+00 8.75000000000000000e-01 7.50000000000000000e-01
2.12500000000000000e+00 8.75000000000000000e-01 7.50000000000000000e-01
2.25000000000000000e+00 8.75000000000000000e-01 7.50000000000000000e-01
2.37500000000000000e+00 8.75000000000000000e-01 7.50000000000000000e-01
2.50000000000000000e+00 8.75000000000000000e-01 7.50000000000000000e-01
2.62500000000000000e+00 8.75000000000000000e-01 7.50000000000000000e-01
2.75000000000000000e+00 8.75000000000000000e-01 7.50000000000000000e-01
2.87500000000000000e+00 8.75000000000000000e-01 7.50000000000000000e-01
3.00000000000000000e+00 8.75000000000000000e-01 7.50000000000000000e-01
3.12500000000000000e+00 8.75000000000000000e-01 7.50000000000000000e-01
3.25000000000000000e+00 8.75000000000000000e-01 7.50000000000000000e-01
3.37500000000000000e+00 8.75000000000000000e-01 7.50000000000000000e-01
3.50000000000000000e+00 8.75000000000000000e-01 7.50000000000000000e-01
3.62500000000000000e+00 8.75000000000000000e-01 7.50000000000000000e-01
3.75000000000000000e+00 8.75000000000000000e-01 7.50000000000000000e-01
3.87500000000000000e+00 8.75000000000000000e-01 7.50000000000000000e-01
4.00000000000000000e+00 8.75000000000000000e-01 7.50000000000000000e-01
4.12500000000000000e+00 8.75000000000000000e-01 7.50000000000000000e-01
4.25000000000000000e+00 8.75000000000000000e-01 7.50000000000000000e-01
4.37500000000000000e+00 8.75000000000000000e-01 7.50000000000000000e-01
4.50000000000000000e+00 8.75000000000000000e-01 7.50000000000000000e-01
4.62500000000000000e+00 8.75000000000000000e-01 7.50000000000000000e-01
4.75000000000000000e+00 8.75000000000000000e-01 7.50000000000000000e-01
4.87500000000000000e+00 8.75000000000000000e-01 7.50000000000000000e-01
5.00000000000000000e+00 8.75000000000000000e-01 7.50000000000000000e-01
5.12500000000000000e+00 8.75000000000000000e-01 7.50000000000000000e-01
5.25000000000000000e+00 8.75000000000000000e-01 7.50000000000000000e-01
5.37500000000000000e+00 8.75000000000000000e-01 7.50000000000000000e-01
5.50000000000000000e+00 8.75000000000000000e-01 7.50000000000000000e-01
5.62500000000000000e+00 8.75000000000000000e-01 7.50000000000000000e-01
5.75000000000000000e+00 8.75000000000000000e-01 7.50000000000000000e-01
5.87500000000000000e+00 8.75000000000000000e-01 7.50000000000000000e-01
6.00000000000000000e+00 8.75000000000000000e-01 7.50000000000000000e-01
0.00000000000000000e+00 1.00000000000000000e+00 7.50000000000000000e-01
1.25000000000000000e-01 1.00000000000000000e+00 7.50000000000000000e-01
2.50000000000000000e-01 1.00000000000000000e+00 7.50000000000000000e-01
3.75000000000000000e-01 1.00000000000000000e+00 7.50000000000000000e-01
5.00000000000000000e-01 1.00000000000000000e+00 7.50000000000000000e-01
6.25000000000000000e-01 1.00000000000000000e+00 7.50000000000000000e-01
7.50000000000000000e-01 1.00000000000000000e+00 7.50000000000000000e-01
8.75000000000000000e-01 1.00000000000000000e+00 7.50000000000000000e-01
1.00000000000000000e+00 1.00000000000000000e+00 7.50000000000000000e-01
1.12500000000000000e+00 1.00000000000000000e+00 7.50000000000000000e-01
1.25000000000000000e+00 1.00000000000000000e+00 7.50000000000000000e-01
1.37500000000000000e+00 1.00000000000000000e+00 7.50000000000000000e-01
1.50000000000000000e+00 1.00000000000000000e+00 7.50000000000000000e-01
1.62500000000000000e+00 1.00000000000000000e+00 7.50000000000000000e-01
1.75000000000000000e+00 1.00000000000000000e+00 7.50000000000000000e-01
1.87500000000000000e+00 1.00000000000000000e+00 7.50000000000000000e-01
2.00000000000000000e+00 1.00000000000000000e+00 7.50000000000000000e-01
2.12500000000000000e+00 1.00000000000000000e+00 7.50000000000000000e-01
2.25000000000000000e+00 1.00000000000000000e+00 7.50000000000000000e-01
2.37500000000000000e+00 1.00000000000000000e+00 7.50000000000000000e-01
2.50000000000000000e+00 1.00000000000000000e+00 7.50000000000000000e-01
2.62500000000000000e+00 1.00000000000000000e+00 7.50000000000000000e-01
2.75000000000000000e+00 1.00000000000000000e+00 7.50000000000000000e-01
2.87500000000000000e+00 1.00000000000000000e+00 7.50000000000000000e-01
3.00000000000000000e+00 1.00000000000000000e+00 7.50000000000000000e-01
3.12500000000000000e+00 1.00000000000000000e+00 7.50000000000000000e-01
3.25000000000000000e+00 1.00000000000000000e+00 7.50000000000000000e-01
3.37500000000000000e+00 1.00000000000000000e+00 7.50000000000000000e-01
3.50000000000000000e+00 1.00000000000000000e+00 7.50000000000000000e-01
3.62500000000000000e+00 1.00000000000000000e+00 7.50000000000000000e-01
3.75000000000000000e+00 1.00000000000000000e+00 7.50000000000000000e-01
3.87500000000000000e+00 1.00000000000000000e+00 7.50000000000000000e-01
4.00000000000000000e+00 1.00000000000000000e+00 7.50000000000000000e-01
4.12500000000000000e+00 1.00000000000000000e+00 7.50000000000000000e-01
4.25000000000000000e+00 1.00000000000000000e+00 7.50000000000000000e-01
4.37500000000000000e+00 1.00000000000000000e+00 7.50000000000000000e-01
4.50000000000000000e+00 1.00000000000000000e+00 7.50000000000000000e-01
4.62500000000000000e+00 1.00000000000000000e+00 7.50000000000000000e-01
4.75000000000000000e+00 1.00000000000000000e+00 7.50000000000000000e-01
4.87500000000000000e+00 1.00000000000000000e+00 7.50000000000000000e-01
5.00000000000000000e+00 1.00000000000000000e+00 7.50000000000000000e-01
5.12500000000000000e+00 1.00000000000000000e+00 7.50000000000000000e-01
5.25000000000000000e+00 1.00000000000000000e+00 7.50000000000000000e-01
5.37500000000000000e+00 1.00000000000000000e+00 7.50000000000000000e-01
5.50000000000000000e+00 1.00000000000000000e+00 7.50000000000000000e-01
5.62500000000000000e+00 1.00000000000000000e+00 7.50000000000000000e-01
5.75000000000000000e+00 1.00000000000000000e+00 7.50000000000000000e-01
5.87500000000000000e+00 1.00000000000000000e+00 7.50000000000000000e-01
6.00000000000000000e+00 1.00000000000000000e+00 7.50000000000000000e-01
0.00000000000000000e+00 0.00000000000000000e+00 8.75000000000000000e-01
1.25000000000000000e-01 0.00000000000000000e+00 8.75000000000000000e-01
2.50000000000000000e-01 0.00000000000000000e+00 8.75000000000000000e-01
3.75000000000000000e-01 0.00000000000000000e+00 8.75000000000000000e-01
5.00000000000000000e-01 0.00000000000000000e+00 8.75000000000000000e-01
6.25000000000000000e-01 0.00000000000000000e+00 8.75000000000000000e-01
7.50000000000000000e-01 0.00000000000000000e+00 8.75000000000000000e-01
8.75000000000000000e-01 0.00000000000000000e+00 8.75000000000000000e-01
1.00000000000000000e+00 0.00000000000000000e+00 8.75000000000000000e-01
1.12500000000000000e+00 0.00000000000000000e+00 8.75000000000000000e-01
1.25000000000000000e+00 0.00000000000000000e+00 8.75000000000000000e-01
1.37500000000000000e+00 0.00000000000000000e+00 8.75000000000000000e-01
1.50000000000000000e+00 0.00000000000000000e+00 8.75000000000000000e-01
1.62500000000000000e+00 0.00000000000000000e+00 8.75000000000000000e-01
1.75000000000000000e+00 0.00000000000000000e+00 8.75000000000000000e-01
1.87500000000000000e+00 0.00000000000000000e+00 8.75000000000000000e-01
2.00000000000000000e+00 0.00000000000000000e+00 8.75000000000000000e-01
2.12500000000000000e+00 0.00000000000000000e+00 8.75000000000000000e-01
2.25000000000000000e+00 0.00000000000000000e+00 8.75000000000000000e-01
2.37500000000000000e+00 0.00000000000000000e+00 8.75000000000000000e-01
2.50000000000000000e+00 0.00000000000000000e+00 8.75000000000000000e-01
2.62500000000000000e+00 0.00000000000000000e+00 8.75000000000000000e-01
2.75000000000000000e+00 0.00000000000000000e+00 8.75000000000000000e-01
2.87500000000000000e+00 0.00000000000000000e+00 8.75000000000000000e-01
3.00000000000000000e+00 0.00000000000000000e+00 8.75000000000000000e-01
3.12500000000000000e+00 0.00000000000000000e+00 8.75000000000000000e-01
3.25000000000000000e+00 0.00000000000000000e+00 8.75000000000000000e-01
3.37500000000000000e+00 0.00000000000000000e+00 8.75000000000000000e-01
3.50000000000000000e+00 0.00000000000000000e+00 8.75000000000000000e-01
3.62500000000000000e+00 0.00000000000000000e+00 8.75000000000000000e-01
3.75000000000000000e+00 0.00000000000000000e+00 8.75000000000000000e-01
3.87500000000000000e+00 0.00000000000000000e+00 8.75000000000000000e-01
4.00000000000000000e+00 0.00000000000000000e+00 8.75000000000000000e-01
4.12500000000000000e+00 0.00000000000000000e+00 8.75000000000000000e-01
4.25000000000000000e+00 0.00000000000000000e+00 8.75000000000000000e-01
4.37500000000000000e+00 0.00000000000000000e+00 8.75000000000000000e-01
4.50000000000000000e+00 0.00000000000000000e+00 8.75000000000000000e-01
4.62500000000000000e+00 0.00000000000000000e+00 8.75000000000000000e-01
4.75000000000000000e+00 0.00000000000000000e+00 8.75000000000000000e-01
4.87500000000000000e+00 0.00000000000000000e+00 8.75000000000000000e-01
5.00000000000000000e+00 0.00000000000000000e+00 8.75000000000000000e-01
5.12500000000000000e+00 0.00000000000000000e+00 8.75000000000000000e-01
5.25000000000000000e+00 0.00000000000000000e+00 8.75000000000000000e-01
5.37500000000000000e+00 0.00000000000000000e+00 8.75000000000000000e-01
5.50000000000000000e+00 0.00000000000000000e+00 8.75000000000000000e-01
5.62500000000000000e+00 0.00000000000000000e+00 8.75000000000000000e-01
5.75000000000000000e+00 0.00000000000000000e+00 8.75000000000000000e-01
5.87500000000000000e+00 0.00000000000000000e+00 8.75000000000000000e-01
6.00000000000000000e+00 0.00000000000000000e+00 8.75000000000000000e-01
0.00000000000000000e+00 1.25000000000000000e-01 8.75000000000000000e-01
1.25000000000000000e-01 1.25000000000000000e-01 8.75000000000000000e-01
2.50000000000000000e-01 1.25000000000000000e-01 8.75000000000000000e-01
3.75000000000000000e-01 1.25000000000000000e-01 8.75000000000000000e-01
5.00000000000000000e-01 1.25000000000000000e-01 8.75000000000000000e-01
6.25000000000000000e-01 1.25000000000000000e-01 8.75000000000000000e-01
7.50000000000000000e-01 1.25000000000000000e-01 8.75000000000000000e-01
8.75000000000000000e-01 1.25000000000000000e-01 8.75000000000000000e-01
1.00000000000000000e+00 1.25000000000000000e-01 8.75000000000000000e-01
1.12500000000000000e+00 1.25000000000000000e-01 8.75000000000000000e-01
1.25000000000000000e+00 1.25000000000000000e-01 8.75000000000000000e-01
1.37500000000000000e+00 1.25000000000000000e-01 8.75000000000000000e-01
1.50000000000000000e+00 1.25000000000000000e-01 8.75000000000000000e-01
1.62500000000000000e+00 1.25000000000000000e-01 8.75000000000000000e-01
1.75000000000000000e+00 1.25000000000000000e-01 8.75000000000000000e-01
1.87500000000000000e+00 1.25000000000000000e-01 8.75000000000000000e-01
2.00000000000000000e+00 1.25000000000000000e-01 8.75000000000000000e-01
2.12500000000000000e+00 1.25000000000000000e-01 8.75000000000000000e-01
2.25000000000000000e+00 1.25000000000000000e-01 8.75000000000000000e-01
2.37500000000000000e+00 1.25000000000000000e-01 8.75000000000000000e-01
2.50000000000000000e+00 1.25000000000000000e-01 8.75000000000000000e-01
2.62500000000000000e+00 1.25000000000000000e-01 8.75000000000000000e-01
2.75000000000000000e+00 1.25000000000000000e-01 8.75000000000000000e-01
2.87500000000000000e+00 1.25000000000000000e-01 8.75000000000000000e-01
3.00000000000000000e+00 1.25000000000000000e-01 8.75000000000000000e-01
3.12500000000000000e+00 1.25000000000000000e-01 8.75000000000000000e-01
3.25000000000000000e+00 1.25000000000000000e-01 8.75000000000000000e-01
3.37500000000000000e+00 1.25000000000000000e-01 8.75000000000000000e-01
3.50000000000000000e+00 1.25000000000000000e-01 8.75000000000000000e-01
3.62500000000000000e+00 1.25000000000000000e-01 8.75000000000000000e-01
3.75000000000000000e+00 1.25000000000000000e-01 8.75000000000000000e-01
3.87500000000000000e+00 1.25000000000000000e-01 8.75000000000000000e-01
4.00000000000000000e+00 1.25000000000000000e-01 8.75000000000000000e-01
4.12500000000000000e+00 1.25000000000000000e-01 8.75000000000000000e-01
4.25000000000000000e+00 1.25000000000000000e-01 8.75000000000000000e-01
4.37500000000000000e+00 1.25000000000000000e-01 8.75000000000000000e-01
4.50000000000000000e+00 1.25000000000000000e-01 8.75000000000000000e-01
4.62500000000000000e+00 1.25000000000000000e-01 8.75000000000000000e-01
4.75000000000000000e+00 1.25000000000000000e-01 8.75000000000000000e-01
4.87500000000000000e+00 1.25000000000000000e-01 8.75000000000000000e-01
5.00000000000000000e+00 1.25000000000000000e-01 8.75000000000000000e-01
5.12500000000000000e+00 1.25000000000000000e-01 8.75000000000000000e-01
5.25000000000000000e+00 1.25000000000000000e-01 8.75000000000000000e-01
5.37500000000000000e+00 1.25000000000000000e-01 8.75000000000000000e-01
5.50000000000000000e+00 1.25000000000000000e-01 8.75000000000000000e-01
5.62500000000000000e+00 1.25000000000000000e-01 8.75000000000000000e-01
5.75000000000000000e+00 1.25000000000000000e-01 8.75000000000000000e-01
5.87500000000000000e+00 1.25000000000000000e-01 8.75000000000000000e-01
6.00000000000000000e+00 1.25000000000000000e-01 8.75000000000000000e-01
0.00000000000000000e+00 2.50000000000000000e-01 8.75000000000000000e-01
1.25000000000000000e-01 2.50000000000000000e-01 8.75000000000000000e-01
2.50000000000000000e-01 2.50000000000000000e-01 8.75000000000000000e-01
3.75000000000000000e-01 2.50000000000000000e-01 8.75000000000000000e-01
5.00000000000000000e-01 2.50000000000000000e-01 8.75000000000000000e-01
6.25000000000000000e-01 2.50000000000000000e-01 8.75000000000000000e-01
7.50000000000000000e-01 2.50000000000000000e-01 8.75000000000000000e-01
8.75000000000000000e-01 2.50000000000000000e-01 8.75000000000000000e-01
1.00000000000000000e+00 2.50000000000000000e-01 8.75000000000000000e-01
1.12500000000000000e+00 2.50000000000000000e-01 8.75000000000000000e-01
1.25000000000000000e+00 2.50000000000000000e-01 8.75000000000000000e-01
1.37500000000000000e+00 2.50000000000000000e-01 8.75000000000000000e-01
1.50000000000000000e+00 2.50000000000000000e-01 8.75000000000000000e-01
1.62500000000000000e+00 2.50000000000000000e-01 8.75000000000000000e-01
1.75000000000000000e+00 2.50000000000000000e-01 8.75000000000000000e-01
1.87500000000000000e+00 2.50000000000000000e-01 8.75000000000000000e-01
2.00000000000000000e+00 2.50000000000000000e-01 8.75000000000000000e-01
2.12500000000000000e+00 2.50000000000000000e-01 8.75000000000000000e-01
2.25000000000000000e+00 2.50000000000000000e-01 8.75000000000000000e-01
2.37500000000000000e+00 2.50000000000000000e-01 8.75000000000000000e-01
2.50000000000000000e+00 2.50000000000000000e-01 8.75000000000000000e-01
2.62500000000000000e+00 2.50000000000000000e-01 8.75000000000000000e-01
2.75000000000000000e+00 2.50000000000000000e-01 8.75000000000000000e-01
2.87500000000000000e+00 2.50000000000000000e-01 8.75000000000000000e-01
3.00000000000000000e+00 2.50000000000000000e-01 8.75000000000000000e-01
3.12500000000000000e+00 2.50000000000000000e-01 8.75000000000000000e-01
3.25000000000000000e+00 2.50000000000000000e-01 8.75000000000000000e-01
3.37500000000000000e+00 2.50000000000000000e-01 8.75000000000000000e-01
3.50000000000000000e+00 2.50000000000000000e-01 8.75000000000000000e-01
3.62500000000000000e+00 2.50000000000000000e-01 8.75000000000000000e-01
3.75000000000000000e+00 2.50000000000000000e-01 8.75000000000000000e-01
3.87500000000000000e+00 2.50000000000000000e-01 8.75000000000000000e-01
4.00000000000000000e+00 2.50000000000000000e-01 8.75000000000000000e-01
4.12500000000000000e+00 2.50000000000000000e-01 8.75000000000000000e-01
4.25000000000000000e+00 2.50000000000000000e-01 8.75000000000000000e-01
4.37500000000000000e+00 2.50000000000000000e-01 8.75000000000000000e-01
4.50000000000000000e+00 2.50000000000000000e-01 8.75000000000000000e-01
4.62500000000000000e+00 2.50000000000000000e-01 8.75000000000000000e-01
4.75000000000000000e+00 2.50000000000000000e-01 8.75000000000000000e-01
4.87500000000000000e+00 2.50000000000000000e-01 8.75000000000000000e-01
5.00000000000000000e+00 2.50000000000000000e-01 8.75000000000000000e-01
5.12500000000000000e+00 2.50000000000000000e-01 8.75000000000000000e-01
5.25000000000000000e+00 2.50000000000000000e-01 8.75000000000000000e-01
5.37500000000000000e+00 2.50000000000000000e-01 8.75000000000000000e-01
5.50000000000000000e+00 2.50000000000000000e-01 8.75000000000000000e-01
5.62500000000000000e+00 2.50000000000000000e-01 8.75000000000000000e-01
5.75000000000000000e+00 2.50000000000000000e-01 8.75000000000000000e-01
5.87500000000000000e+00 2.50000000000000000e-01 8.75000000000000000e-01
6.00000000000000000e+00 2.50000000000000000e-01 8.75000000000000000e-01
0.00000000000000000e+00 3.75000000000000000e-01 8.75000000000000000e-01
1.25000000000000000e-01 3.75000000000000000e-01 8.75000000000000000e-01
2.50000000000000000e-01 3.75000000000000000e-01 8.75000000000000000e-01
3.75000000000000000e-01 3.75000000000000000e-01 8.75000000000000000e-01
5.00000000000000000e-01 3.75000000000000000e-01 8.75000000000000000e-01
6.25000000000000000e-01 3.75000000000000000e-01 8.75000000000000000e-01
7.50000000000000000e-01 3.75000000000000000e-01 8.75000000000000000e-01
8.75000000000000000e-01 3.75000000000000000e-01 8.75000000000000000e-01
1.00000000000000000e+00 3.75000000000000000e-01 8.75000000000000000e-01
1.12500000000000000e+00 3.75000000000000000e-01 8.75000000000000000e-01
1.25000000000000000e+00 3.75000000000000000e-01 8.75000000000000000e-01
1.37500000000000000e+00 3.75000000000000000e-01 8.75000000000000000e-01
1.50000000000000000e+00 3.75000000000000000e-01 8.75000000000000000e-01
1.62500000000000000e+00 3.75000000000000000e-01 8.75000000000000000e-01
1.75000000000000000e+00 3.75000000000000000e-01 8.75000000000000000e-01
1.87500000000000000e+00 3.75000000000000000e-01 8.75000000000000000e-01
2.00000000000000000e+00 3.75000000000000000e-01 8.75000000000000000e-01
2.12500000000000000e+00 3.75000000000000000e-01 8.75000000000000000e-01
2.25000000000000000e+00 3.75000000000000000e-01 8.75000000000000000e-01
2.37500000000000000e+00 3.75000000000000000e-01 8.75000000000000000e-01
2.50000000000000000e+00 3.75000000000000000e-01 8.75000000000000000e-01
2.62500000000000000e+00 3.75000000000000000e-01 8.75000000000000000e-01
2.75000000000000000e+00 3.75000000000000000e-01 8.75000000000000000e-01
2.87500000000000000e+00 3.75000000000000000e-01 8.75000000000000000e-01
3.00000000000000000e+00 3.75000000000000000e-01 8.75000000000000000e-01
3.12500000000000000e+00 3.75000000000000000e-01 8.75000000000000000e-01
3.25000000000000000e+00 3.75000000000000000e-01 8.75000000000000000e-01
3.37500000000000000e+00 3.75000000000000000e-01 8.75000000000000000e-01
3.50000000000000000e+00 3.75000000000000000e-01 8.75000000000000000e-01
3.62500000000000000e+00 3.75000000000000000e-01 8.75000000000000000e-01
3.75000000000000000e+00 3.75000000000000000e-01 8.75000000000000000e-01
3.87500000000000000e+00 3.75000000000000000e-01 8.75000000000000000e-01
4.00000000000000000e+00 3.75000000000000000e-01 8.75000000000000000e-01
4.12500000000000000e+00 3.75000000000000000e-01 8.75000000000000000e-01
4.25000000000000000e+00 3.75000000000000000e-01 8.75000000000000000e-01
4.37500000000000000e+00 3.75000000000000000e-01 8.75000000000000000e-01
4.50000000000000000e+00 3.75000000000000000e-01 8.75000000000000000e-01
4.62500000000000000e+00 3.75000000000000000e-01 8.75000000000000000e-01
4.75000000000000000e+00 3.75000000000000000e-01 8.75000000000000000e-01
4.87500000000000000e+00 3.75000000000000000e-01 8.75000000000000000e-01
5.00000000000000000e+00 3.75000000000000000e-01 8.75000000000000000e-01
5.12500000000000000e+00 3.75000000000000000e-01 8.75000000000000000e-01
5.25000000000000000e+00 3.75000000000000000e-01 8.75000000000000000e-01
5.37500000000000000e+00 3.75000000000000000e-01 8.75000000000000000e-01
5.50000000000000000e+00 3.75000000000000000e-01 8.75000000000000000e-01
5.62500000000000000e+00 3.75000000000000000e-01 8.75000000000000000e-01
5.75000000000000000e+00 3.75000000000000000e-01 8.75000000000000000e-01
5.87500000000000000e+00 3.75000000000000000e-01 8.75000000000000000e-01
6.00000000000000000e+00 3.75000000000000000e-01 8.75000000000000000e-01
0.00000000000000000e+00 5.00000000000000000e-01 8.75000000000000000e-01
1.25000000000000000e-01 5.00000000000000000e-01 8.75000000000000000e-01
2.50000000000000000e-01 5.00000000000000000e-01 8.75000000000000000e-01
3.75000000000000000e-01 5.00000000000000000e-01 8.75000000000000000e-01
5.00000000000000000e-01 5.00000000000000000e-01 8.75000000000000000e-01
6.25000000000000000e-01 5.00000000000000000e-01 8.75000000000000000e-01
7.50000000000000000e-01 5.00000000000000000e-01 8.75000000000000000e-01
8.75000000000000000e-01 5.00000000000000000e-01 8.75000000000000000e-01
1.00000000000000000e+00 5.00000000000000000e-01 8.75000000000000000e-01
1.12500000000000000e+00 5.00000000000000000e-01 8.75000000000000000e-01
1.25000000000000000e+00 5.00000000000000000e-01 8.75000000000000000e-01
1.37500000000000000e+00 5.00000000000000000e-01 8.75000000000000000e-01
1.50000000000000000e+00 5.00000000000000000e-01 8.75000000000000000e-01
1.62500000000000000e+00 5.00000000000000000e-01 8.75000000000000000e-01
1.75000000000000000e+00 5.00000000000000000e-01 8.75000000000000000e-01
1.87500000000000000e+00 5.00000000000000000e-01 8.75000000000000000e-01
2.00000000000000000e+00 5.00000000000000000e-01 8.75000000000000000e-01
2.12500000000000000e+00 5.00000000000000000e-01 8.75000000000000000e-01
2.25000000000000000e+00 5.00000000000000000e-01 8.75000000000000000e-01
2.37500000000000000e+00 5.00000000000000000e-01 8.75000000000000000e-01
2.50000000000000000e+00 5.00000000000000000e-01 8.75000000000000000e-01
2.62500000000000000e+00 5.00000000000000000e-01 8.75000000000000000e-01
2.75000000000000000e+00 5.00000000000000000e-01 8.75000000000000000e-01
2.87500000000000000e+00 5.00000000000000000e-01 8.75000000000000000e-01
3.00000000000000000e+00 5.00000000000000000e-01 8.75000000000000000e-01
3.12500000000000000e+00 5.00000000000000000e-01 8.75000000000000000e-01
3.25000000000000000e+00 5.00000000000000000e-01 8.75000000000000000e-01
3.37500000000000000e+00 5.00000000000000000e-01 8.75000000000000000e-01
3.50000000000000000e+00 5.00000000000000000e-01 8.75000000000000000e-01
3.62500000000000000e+00 5.00000000000000000e-01 8.75000000000000000e-01
3.75000000000000000e+00 5.00000000000000000e-01 8.75000000000000000e-01
3.87500000000000000e+00 5.00000000000000000e-01 8.75000000000000000e-01
4.00000000000000000e+00 5.00000000000000000e-01 8.75000000000000000e-01
4.12500000000000000e+00 5.00000000000000000e-01 8.75000000000000000e-01
4.25000000000000000e+00 5.00000000000000000e-01 8.75000000000000000e-01
4.37500000000000000e+00 5.00000000000000000e-01 8.75000000000000000e-01
4.50000000000000000e+00 5.00000000000000000e-01 8.75000000000000000e-01
4.62500000000000000e+00 5.00000000000000000e-01 8.75000000000000000e-01
4.75000000000000000e+00 5.00000000000000000e-01 8.75000000000000000e-01
4.87500000000000000e+00 5.00000000000000000e-01 8.75000000000000000e-01
5.00000000000000000e+00 5.00000000000000000e-01 8.75000000000000000e-01
5.12500000000000000e+00 5.00000000000000000e-01 8.75000000000000000e-01
5.25000000000000000e+00 5.00000000000000000e-01 8.75000000000000000e-01
5.37500000000000000e+00 5.00000000000000000e-01 8.75000000000000000e-01
5.50000000000000000e+00 5.00000000000000000e-01 8.75000000000000000e-01
5.62500000000000000e+00 5.00000000000000000e-01 8.75000000000000000e-01
5.75000000000000000e+00 5.00000000000000000e-01 8.75000000000000000e-01
5.87500000000000000e+00 5.00000000000000000e-01 8.75000000000000000e-01
6.00000000000000000e+00 5.00000000000000000e-01 8.75000000000000000e-01
0.00000000000000000e+00 6.25000000000000000e-01 8.75000000000000000e-01
1.25000000000000000e-01 6.25000000000000000e-01 8.75000000000000000e-01
2.50000000000000000e-01 6.25000000000000000e-01 8.75000000000000000e-01
3.75000000000000000e-01 6.25000000000000000e-01 8.75000000000000000e-01
5.00000000000000000e-01 6.25000000000000000e-01 8.75000000000000000e-01
6.25000000000000000e-01 6.25000000000000000e-01 8.75000000000000000e-01
7.50000000000000000e-01 6.25000000000000000e-01 8.75000000000000000e-01
8.75000000000000000e-01 6.25000000000000000e-01 8.75000000000000000e-01
1.00000000000000000e+00 6.25000000000000000e-01 8.75000000000000000e-01
1.12500000000000000e+00 6.25000000000000000e-01 8.75000000000000000e-01
1.25000000000000000e+00 6.25000000000000000e-01 8.75000000000000000e-01
1.37500000000000000e+00 6.25000000000000000e-01 8.75000000000000000e-01
1.50000000000000000e+00 6.25000000000000000e-01 8.75000000000000000e-01
1.62500000000000000e+00 6.25000000000000000e-01 8.75000000000000000e-01
1.75000000000000000e+00 6.25000000000000000e-01 8.75000000000000000e-01
1.87500000000000000e+00 6.25000000000000000e-01 8.75000000000000000e-01
2.00000000000000000e+00 6.25000000000000000e-01 8.75000000000000000e-01
2.12500000000000000e+00 6.25000000000000000e-01 8.75000000000000000e-01
2.25000000000000000e+00 6.25000000000000000e-01 8.75000000000000000e-01
2.37500000000000000e+00 6.25000000000000000e-01 8.75000000000000000e-01
2.50000000000000000e+00 6.25000000000000000e-01 8.75000000000000000e-01
2.62500000000000000e+00 6.25000000000000000e-01 8.75000000000000000e-01
2.75000000000000000e+00 6.25000000000000000e-01 8.75000000000000000e-01
2.87500000000000000e+00 6.25000000000000000e-01 8.75000000000000000e-01
3.00000000000000000e+00 6.25000000000000000e-01 8.75000000000000000e-01
3.12500000000000000e+00 6.25000000000000000e-01 8.75000000000000000e-01
3.25000000000000000e+00 6.25000000000000000e-01 8.75000000000000000e-01
3.37500000000000000e+00 6.25000000000000000e-01 8.75000000000000000e-01
3.50000000000000000e+00 6.25000000000000000e-01 8.75000000000000000e-01
3.62500000000000000e+00 6.25000000000000000e-01 8.75000000000000000e-01
3.75000000000000000e+00 6.25000000000000000e-01 8.75000000000000000e-01
3.87500000000000000e+00 6.25000000000000000e-01 8.75000000000000000e-01
4.00000000000000000e+00 6.25000000000000000e-01 8.75000000000000000e-01
4.12500000000000000e+00 6.25000000000000000e-01 8.75000000000000000e-01
4.25000000000000000e+00 6.25000000000000000e-01 8.75000000000000000e-01
4.37500000000000000e+00 6.25000000000000000e-01 8.75000000000000000e-01
4.50000000000000000e+00 6.25000000000000000e-01 8.75000000000000000e-01
4.62500000000000000e+00 6.25000000000000000e-01 8.75000000000000000e-01
4.75000000000000000e+00 6.25000000000000000e-01 8.75000000000000000e-01
4.87500000000000000e+00 6.25000000000000000e-01 8.75000000000000000e-01
5.00000000000000000e+00 6.25000000000000000e-01 8.75000000000000000e-01
5.12500000000000000e+00 6.25000000000000000e-01 8.75000000000000000e-01
5.25000000000000000e+00 6.25000000000000000e-01 8.75000000000000000e-01
5.37500000000000000e+00 6.25000000000000000e-01 8.75000000000000000e-01
5.50000000000000000e+00 6.25000000000000000e-01 8.75000000000000000e-01
5.62500000000000000e+00 6.25000000000000000e-01 8.75000000000000000e-01
5.75000000000000000e+00 6.25000000000000000e-01 8.75000000000000000e-01
5.87500000000000000e+00 6.25000000000000000e-01 8.75000000000000000e-01
6.00000000000000000e+00 6.25000000000000000e-01 8.75000000000000000e-01
0.00000000000000000e+00 7.50000000000000000e-01 8.75000000000000000e-01
1.25000000000000000e-01 7.50000000000000000e-01 8.75000000000000000e-01
2.50000000000000000e-01 7.50000000000000000e-01 8.75000000000000000e-01
3.75000000000000000e-01 7.50000000000000000e-01 8.75000000000000000e-01
5.00000000000000000e-01 7.50000000000000000e-01 8.75000000000000000e-01
6.25000000000000000e-01 7.50000000000000000e-01 8.75000000000000000e-01
7.50000000000000000e-01 7.50000000000000000e-01 8.75000000000000000e-01
8.75000000000000000e-01 7.50000000000000000e-01 8.75000000000000000e-01
1.00000000000000000e+00 7.50000000000000000e-01 8.75000000000000000e-01
1.12500000000000000e+00 7.50000000000000000e-01 8.75000000000000000e-01
1.25000000000000000e+00 7.50000000000000000e-01 8.75000000000000000e-01
1.37500000000000000e+00 7.50000000000000000e-01 8.75000000000000000e-01
1.50000000000000000e+00 7.50000000000000000e-01 8.75000000000000000e-01
1.62500000000000000e+00 7.50000000000000000e-01 8.75000000000000000e-01
1.75000000000000000e+00 7.50000000000000000e-01 8.75000000000000000e-01
1.87500000000000000e+00 7.50000000000000000e-01 8.75000000000000000e-01
2.00000000000000000e+00 7.50000000000000000e-01 8.75000000000000000e-01
2.12500000000000000e+00 7.50000000000000000e-01 8.75000000000000000e-01
2.25000000000000000e+00 7.50000000000000000e-01 8.75000000000000000e-01
2.37500000000000000e+00 7.50000000000000000e-01 8.75000000000000000e-01
2.50000000000000000e+00 7.50000000000000000e-01 8.75000000000000000e-01
2.62500000000000000e+00 7.50000000000000000e-01 8.75000000000000000e-01
2.75000000000000000e+00 7.50000000000000000e-01 8.75000000000000000e-01
2.87500000000000000e+00 7.50000000000000000e-01 8.75000000000000000e-01
3.00000000000000000e+00 7.50000000000000000e-01 8.75000000000000000e-01
3.12500000000000000e+00 7.50000000000000000e-01 8.75000000000000000e-01
3.25000000000000000e+00 7.50000000000000000e-01 8.75000000000000000e-01
3.37500000000000000e+00 7.50000000000000000e-01 8.75000000000000000e-01
3.50000000000000000e+00 7.50000000000000000e-01 8.75000000000000000e-01
3.62500000000000000e+00 7.50000000000000000e-01 8.75000000000000000e-01
3.75000000000000000e+00 7.50000000000000000e-01 8.75000000000000000e-01
3.87500000000000000e+00 7.50000000000000000e-01 8.75000000000000000e-01
4.00000000000000000e+00 7.50000000000000000e-01 8.75000000000000000e-01
4.12500000000000000e+00 7.50000000000000000e-01 8.75000000000000000e-01
4.25000000000000000e+00 7.50000000000000000e-01 8.75000000000000000e-01
4.37500000000000000e+00 7.50000000000000000e-01 8.75000000000000000e-01
4.50000000000000000e+00 7.50000000000000000e-01 8.75000000000000000e-01
4.62500000000000000e+00 7.50000000000000000e-01 8.75000000000000000e-01
4.75000000000000000e+00 7.50000000000000000e-01 8.75000000000000000e-01
4.87500000000000000e+00 7.50000000000000000e-01 8.75000000000000000e-01
5.00000000000000000e+00 7.50000000000000000e-01 8.75000000000000000e-01
5.12500000000000000e+00 7.50000000000000000e-01 8.75000000000000000e-01
5.25000000000000000e+00 7.50000000000000000e-01 8.75000000000000000e-01
5.37500000000000000e+00 7.50000000000000000e-01 8.75000000000000000e-01
5.50000000000000000e+00 7.50000000000000000e-01 8.75000000000000000e-01
5.62500000000000000e+00 7.50000000000000000e-01 8.75000000000000000e-01
5.75000000000000000e+00 7.50000000000000000e-01 8.75000000000000000e-01
5.87500000000000000e+00 7.50000000000000000e-01 8.75000000000000000e-01
6.00000000000000000e+00 7.50000000000000000e-01 8.75000000000000000e-01
0.00000000000000000e+00 8.75000000000000000e-01 8.75000000000000000e-01
1.25000000000000000e-01 8.75000000000000000e-01 8.75000000000000000e-01
2.50000000000000000e-01 8.75000000000000000e-01 8.75000000000000000e-01
3.75000000000000000e-01 8.75000000000000000e-01 8.75000000000000000e-01
5.00000000000000000e-01 8.75000000000000000e-01 8.75000000000000000e-01
6.25000000000000000e-01 8.75000000000000000e-01 8.75000000000000000e-01
7.50000000000000000e-01 8.75000000000000000e-01 8.75000000000000000e-01
8.75000000000000000e-01 8.75000000000000000e-01 8.75000000000000000e-01
1.00000000000000000e+00 8.75000000000000000e-01 8.75000000000000000e-01
1.12500000000000000e+00 8.75000000000000000e-01 8.75000000000000000e-01
1.25000000000000000e+00 8.75000000000000000e-01 8.75000000000000000e-01
1.37500000000000000e+00 8.75000000000000000e-01 8.75000000000000000e-01
1.50000000000000000e+00 8.75000000000000000e-01 8.75000000000000000e-01
1.62500000000000000e+00 8.75000000000000000e-01 8.75000000000000000e-01
1.75000000000000000e+00 8.75000000000000000e-01 8.75000000000000000e-01
1.87500000000000000e+00 8.75000000000000000e-01 8.75000000000000000e-01
2.00000000000000000e+00 8.75000000000000000e-01 8.75000000000000000e-01
2.12500000000000000e+00 8.75000000000000000e-01 8.75000000000000000e-01
2.25000000000000000e+00 8.75000000000000000e-01 8.75000000000000000e-01
2.37500000000000000e+00 8.75000000000000000e-01 8.75000000000000000e-01
2.50000000000000000e+00 8.75000000000000000e-01 8.75000000000000000e-01
2.62500000000000000e+00 8.75000000000000000e-01 8.75000000000000000e-01
2.75000000000000000e+00 8.75000000000000000e-01 8.75000000000000000e-01
2.87500000000000000e+00 8.75000000000000000e-01 8.75000000000000000e-01
3.00000000000000000e+00 8.75000000000000000e-01 8.75000000000000000e-01
3.12500000000000000e+00 8.75000000000000000e-01 8.75000000000000000e-01
3.25000000000000000e+00 8.75000000000000000e-01 8.75000000000000000e-01
3.37500000000000000e+00 8.75000000000000000e-01 8.75000000000000000e-01
3.50000000000000000e+00 8.75000000000000000e-01 8.75000000000000000e-01
3.62500000000000000e+00 8.75000000000000000e-01 8.75000000000000000e-01
3.75000000000000000e+00 8.75000000000000000e-01 8.75000000000000000e-01
3.87500000000000000e+00 8.75000000000000000e-01 8.75000000000000000e-01
4.00000000000000000e+00 8.75000000000000000e-01 8.75000000000000000e-01
4.12500000000000000e+00 8.75000000000000000e-01 8.75000000000000000e-01
4.25000000000000000e+00 8.75000000000000000e-01 8.75000000000000000e-01
4.37500000000000000e+00 8.75000000000000000e-01 8.75000000000000000e-01
4.50000000000000000e+00 8.75000000000000000e-01 8.75000000000000000e-01
4.62500000000000000e+00 8.75000000000000000e-01 8.75000000000000000e-01
4.75000000000000000e+00 8.75000000000000000e-01 8.75000000000000000e-01
4.87500000000000000e+00 8.75000000000000000e-01 8.75000000000000000e-01
5.00000000000000000e+00 8.75000000000000000e-01 8.75000000000000000e-01
5.12500000000000000e+00 8.75000000000000000e-01 8.75000000000000000e-01
5.25000000000000000e+00 8.75000000000000000e-01 8.75000000000000000e-01
5.37500000000000000e+00 8.75000000000000000e-01 8.75000000000000000e-01
5.50000000000000000e+00 8.75000000000000000e-01 8.75000000000000000e-01
5.62500000000000000e+00 8.75000000000000000e-01 8.75000000000000000e-01
5.75000000000000000e+00 8.75000000000000000e-01 8.75000000000000000e-01
5.87500000000000000e+00 8.75000000000000000e-01 8.75000000000000000e-01
6.00000000000000000e+00 8.75000000000000000e-01 8.75000000000000000e-01
0.00000000000000000e+00 1.00000000000000000e+00 8.75000000000000000e-01
1.25000000000000000e-01 1.00000000000000000e+00 8.75000000000000000e-01
2.50000000000000000e-01 1.00000000000000000e+00 8.75000000000000000e-01
3.75000000000000000e-01 1.00000000000000000e+00 8.75000000000000000e-01
5.00000000000000000e-01 1.00000000000000000e+00 8.75000000000000000e-01
6.25000000000000000e-01 1.00000000000000000e+00 8.75000000000000000e-01
7.50000000000000000e-01 1.00000000000000000e+00 8.75000000000000000e-01
8.75000000000000000e-01 1.00000000000000000e+00 8.75000000000000000e-01
1.00000000000000000e+00 1.00000000000000000e+00 8.75000000000000000e-01
1.12500000000000000e+00 1.00000000000000000e+00 8.75000000000000000e-01
1.25000000000000000e+00 1.00000000000000000e+00 8.75000000000000000e-01
1.37500000000000000e+00 1.00000000000000000e+00 8.75000000000000000e-01
1.50000000000000000e+00 1.00000000000000000e+00 8.75000000000000000e-01
1.62500000000000000e+00 1.00000000000000000e+00 8.75000000000000000e-01
1.75000000000000000e+00 1.00000000000000000e+00 8.75000000000000000e-01
1.87500000000000000e+00 1.00000000000000000e+00 8.75000000000000000e-01
2.00000000000000000e+00 1.00000000000000000e+00 8.75000000000000000e-01
2.12500000000000000e+00 1.00000000000000000e+00 8.75000000000000000e-01
2.25000000000000000e+00 1.00000000000000000e+00 8.75000000000000000e-01
2.37500000000000000e+00 1.00000000000000000e+00 8.75000000000000000e-01
2.50000000000000000e+00 1.00000000000000000e+00 8.75000000000000000e-01
2.62500000000000000e+00 1.00000000000000000e+00 8.75000000000000000e-01
2.75000000000000000e+00 1.00000000000000000e+00 8.75000000000000000e-01
2.87500000000000000e+00 1.00000000000000000e+00 8.75000000000000000e-01
3.00000000000000000e+00 1.00000000000000000e+00 8.75000000000000000e-01
3.12500000000000000e+00 1.00000000000000000e+00 8.75000000000000000e-01
3.25000000000000000e+00 1.00000000000000000e+00 8.75000000000000000e-01
3.37500000000000000e+00 1.00000000000000000e+00 8.75000000000000000e-01
3.50000000000000000e+00 1.00000000000000000e+00 8.75000000000000000e-01
3.62500000000000000e+00 1.00000000000000000e+00 8.75000000000000000e-01
3.75000000000000000e+00 1.00000000000000000e+00 8.75000000000000000e-01
3.87500000000000000e+00 1.00000000000000000e+00 8.75000000000000000e-01
4.00000000000000000e+00 1.00000000000000000e+00 8.75000000000000000e-01
4.12500000000000000e+00 1.00000000000000000e+00 8.75000000000000000e-01
4.25000000000000000e+00 1.00000000000000000e+00 8.75000000000000000e-01
4.37500000000000000e+00 1.00000000000000000e+00 8.75000000000000000e-01
4.50000000000000000e+00 1.00000000000000000e+00 8.75000000000000000e-01
4.62500000000000000e+00 1.00000000000000000e+00 8.75000000000000000e-01
4.75000000000000000e+00 1.00000000000000000e+00 8.75000000000000000e-01
4.87500000000000000e+00 1.00000000000000000e+00 8.75000000000000000e-01
5.00000000000000000e+00 1.00000000000000000e+00 8.75000000000000000e-01
5.12500000000000000e+00 1.00000000000000000e+00 8.75000000000000000e-01
5.25000000000000000e+00 1.00000000000000000e+00 8.75000000000000000e-01
5.37500000000000000e+00 1.00000000000000000e+00 8.75000000000000000e-01
5.50000000000000000e+00 1.00000000000000000e+00 8.75000000000000000e-01
5.62500000000000000e+00 1.00000000000000000e+00 8.75000000000000000e-01
5.75000000000000000e+00 1.00000000000000000e+00 8.75000000000000000e-01
5.87500000000000000e+00 1.00000000000000000e+00 8.75000000000000000e-01
6.00000000000000000e+00 1.00000000000000000e+00 8.75000000000000000e-01
0.00000000000000000e+00 0.00000000000000000e+00 1.00000000000000000e+00
1.25000000000000000e-01 0.00000000000000000e+00 1.00000000000000000e+00
2.50000000000000000e-01 0.00000000000000000e+00 1.00000000000000000e+00
3.75000000000000000e-01 0.00000000000000000e+00 1.00000000000000000e+00
5.00000000000000000e-01 0.00000000000000000e+00 1.00000000000000000e+00
6.25000000000000000e-01 0.00000000000000000e+00 1.00000000000000000e+00
7.50000000000000000e-01 0.00000000000000000e+00 1.00000000000000000e+00
8.75000000000000000e-01 0.00000000000000000e+00 1.00000000000000000e+00
1.00000000000000000e+00 0.00000000000000000e+00 1.00000000000000000e+00
1.12500000000000000e+00 0.00000000000000000e+00 1.00000000000000000e+00
1.25000000000000000e+00 0.00000000000000000e+00 1.00000000000000000e+00
1.37500000000000000e+00 0.00000000000000000e+00 1.00000000000000000e+00
1.50000000000000000e+00 0.00000000000000000e+00 1.00000000000000000e+00
1.62500000000000000e+00 0.00000000000000000e+00 1.00000000000000000e+00
1.75000000000000000e+00 0.00000000000000000e+00 1.00000000000000000e+00
1.87500000000000000e+00 0.00000000000000000e+00 1.00000000000000000e+00
2.00000000000000000e+00 0.00000000000000000e+00 1.00000000000000000e+00
2.12500000000000000e+00 0.00000000000000000e+00 1.00000000000000000e+00
2.25000000000000000e+00 0.00000000000000000e+00 1.00000000000000000e+00
2.37500000000000000e+00 0.00000000000000000e+00 1.00000000000000000e+00
2.50000000000000000e+00 0.00000000000000000e+00 1.00000000000000000e+00
2.62500000000000000e+00 0.00000000000000000e+00 1.00000000000000000e+00
2.75000000000000000e+00 0.00000000000000000e+00 1.00000000000000000e+00
2.87500000000000000e+00 0.00000000000000000e+00 1.00000000000000000e+00
3.00000000000000000e+00 0.00000000000000000e+00 1.00000000000000000e+00
3.12500000000000000e+00 0.00000000000000000e+00 1.00000000000000000e+00
3.25000000000000000e+00 0.00000000000000000e+00 1.00000000000000000e+00
3.37500000000000000e+00 0.00000000000000000e+00 1.00000000000000000e+00
3.50000000000000000e+00 0.00000000000000000e+00 1.00000000000000000e+00
3.62500000000000000e+00 0.00000000000000000e+00 1.00000000000000000e+00
3.75000000000000000e+00 0.00000000000000000e+00 1.00000000000000000e+00
3.87500000000000000e+00 0.00000000000000000e+00 1.00000000000000000e+00
4.00000000000000000e+00 0.00000000000000000e+00 1.00000000000000000e+00
4.12500000000000000e+00 0.00000000000000000e+00 1.00000000000000000e+00
4.25000000000000000e+00 0.00000000000000000e+00 1.00000000000000000e+00
4.37500000000000000e+00 0.00000000000000000e+00 1.00000000000000000e+00
4.50000000000000000e+00 0.00000000000000000e+00 1.00000000000000000e+00
4.62500000000000000e+00 0.00000000000000000e+00 1.00000000000000000e+00
4.75000000000000000e+00 0.00000000000000000e+00 1.00000000000000000e+00
4.87500000000000000e+00 0.00000000000000000e+00 1.00000000000000000e+00
5.00000000000000000e+00 0.00000000000000000e+00 1.00000000000000000e+00
5.12500000000000000e+00 0.00000000000000000e+00 1.00000000000000000e+00
5.25000000000000000e+00 0.00000000000000000e+00 1.00000000000000000e+00
5.37500000000000000e+00 0.00000000000000000e+00 1.00000000000000000e+00
5.50000000000000000e+00 0.00000000000000000e+00 1.00000000000000000e+00
5.62500000000000000e+00 0.00000000000000000e+00 1.00000000000000000e+00
5.75000000000000000e+00 0.00000000000000000e+00 1.00000000000000000e+00
5.87500000000000000e+00 0.00000000000000000e+00 1.00000000000000000e+00
6.00000000000000000e+00 0.00000000000000000e+00 1.00000000000000000e+00
0.00000000000000000e+00 1.25000000000000000e-01 1.00000000000000000e+00
1.25000000000000000e-01 1.25000000000000000e-01 1.00000000000000000e+00
2.50000000000000000e-01 1.25000000000000000e-01 1.00000000000000000e+00
3.75000000000000000e-01 1.25000000000000000e-01 1.00000000000000000e+00
5.00000000000000000e-01 1.25000000000000000e-01 1.00000000000000000e+00
6.25000000000000000e-01 1.25000000000000000e-01 1.00000000000000000e+00
7.50000000000000000e-01 1.25000000000000000e-01 1.00000000000000000e+00
8.75000000000000000e-01 1.25000000000000000e-01 1.00000000000000000e+00
1.00000000000000000e+00 1.25000000000000000e-01 1.00000000000000000e+00
1.12500000000000000e+00 1.25000000000000000e-01 1.00000000000000000e+00
1.25000000000000000e+00 1.25000000000000000e-01 1.00000000000000000e+00
1.37500000000000000e+00 1.25000000000000000e-01 1.00000000000000000e+00
1.50000000000000000e+00 1.25000000000000000e-01 1.00000000000000000e+00
1.62500000000000000e+00 1.25000000000000000e-01 1.00000000000000000e+00
1.75000000000000000e+00 1.25000000000000000e-01 1.00000000000000000e+00
1.87500000000000000e+00 1.25000000000000000e-01 1.00000000000000000e+00
2.00000000000000000e+00 1.25000000000000000e-01 1.00000000000000000e+00
2.12500000000000000e+00 1.25000000000000000e-01 1.00000000000000000e+00
2.25000000000000000e+00 1.25000000000000000e-01 1.00000000000000000e+00
2.37500000000000000e+00 1.25000000000000000e-01 1.00000000000000000e+00
2.50000000000000000e+00 1.25000000000000000e-01 1.00000000000000000e+00
2.62500000000000000e+00 1.25000000000000000e-01 1.00000000000000000e+00
2.75000000000000000e+00 1.25000000000000000e-01 1.00000000000000000e+00
2.87500000000000000e+00 1.25000000000000000e-01 1.00000000000000000e+00
3.00000000000000000e+00 1.25000000000000000e-01 1.00000000000000000e+00
3.12500000000000000e+00 1.25000000000000000e-01 1.00000000000000000e+00
3.25000000000000000e+00 1.25000000000000000e-01 1.00000000000000000e+00
3.37500000000000000e+00 1.25000000000000000e-01 1.00000000000000000e+00
3.50000000000000000e+00 1.25000000000000000e-01 1.00000000000000000e+00
3.62500000000000000e+00 1.25000000000000000e-01 1.00000000000000000e+00
3.75000000000000000e+00 1.25000000000000000e-01 1.00000000000000000e+00
3.87500000000000000e+00 1.25000000000000000e-01 1.00000000000000000e+00
4.00000000000000000e+00 1.25000000000000000e-01 1.00000000000000000e+00
4.12500000000000000e+00 1.25000000000000000e-01 1.00000000000000000e+00
4.25000000000000000e+00 1.25000000000000000e-01 1.00000000000000000e+00
4.37500000000000000e+00 1.25000000000000000e-01 1.00000000000000000e+00
4.50000000000000000e+00 1.25000000000000000e-01 1.00000000000000000e+00
4.62500000000000000e+00 1.25000000000000000e-01 1.00000000000000000e+00
4.75000000000000000e+00 1.25000000000000000e-01 1.00000000000000000e+00
4.87500000000000000e+00 1.25000000000000000e-01 1.00000000000000000e+00
5.00000000000000000e+00 1.25000000000000000e-01 1.00000000000000000e+00
5.12500000000000000e+00 1.25000000000000000e-01 1.00000000000000000e+00
5.25000000000000000e+00 1.25000000000000000e-01 1.00000000000000000e+00
5.37500000000000000e+00 1.25000000000000000e-01 1.00000000000000000e+00
5.50000000000000000e+00 1.25000000000000000e-01 1.00000000000000000e+00
5.62500000000000000e+00 1.25000000000000000e-01 1.00000000000000000e+00
5.75000000000000000e+00 1.25000000000000000e-01 1.00000000000000000e+00
5.87500000000000000e+00 1.25000000000000000e-01 1.00000000000000000e+00
6.00000000000000000e+00 1.25000000000000000e-01 1.00000000000000000e+00
0.00000000000000000e+00 2.50000000000000000e-01 1.00000000000000000e+00
1.25000000000000000e-01 2.50000000000000000e-01 1.00000000000000000e+00
2.50000000000000000e-01 2.50000000000000000e-01 1.00000000000000000e+00
3.75000000000000000e-01 2.50000000000000000e-01 1.00000000000000000e+00
5.00000000000000000e-01 2.50000000000000000e-01 1.00000000000000000e+00
6.25000000000000000e-01 2.50000000000000000e-01 1.00000000000000000e+00
7.50000000000000000e-01 2.50000000000000000e-01 1.00000000000000000e+00
8.75000000000000000e-01 2.50000000000000000e-01 1.00000000000000000e+00
1.00000000000000000e+00 2.50000000000000000e-01 1.00000000000000000e+00
1.12500000000000000e+00 2.50000000000000000e-01 1.00000000000000000e+00
1.25000000000000000e+00 2.50000000000000000e-01 1.00000000000000000e+00
1.37500000000000000e+00 2.50000000000000000e-01 1.00000000000000000e+00
1.50000000000000000e+00 2.50000000000000000e-01 1.00000000000000000e+00
1.62500000000000000e+00 2.50000000000000000e-01 1.00000000000000000e+00
1.75000000000000000e+00 2.50000000000000000e-01 1.00000000000000000e+00
1.87500000000000000e+00 2.50000000000000000e-01 1.00000000000000000e+00
2.00000000000000000e+00 2.50000000000000000e-01 1.00000000000000000e+00
2.12500000000000000e+00 2.50000000000000000e-01 1.00000000000000000e+00
2.25000000000000000e+00 2.50000000000000000e-01 1.00000000000000000e+00
2.37500000000000000e+00 2.50000000000000000e-01 1.00000000000000000e+00
2.50000000000000000e+00 2.50000000000000000e-01 1.00000000000000000e+00
2.62500000000000000e+00 2.50000000000000000e-01 1.00000000000000000e+00
2.75000000000000000e+00 2.50000000000000000e-01 1.00000000000000000e+00
2.87500000000000000e+00 2.50000000000000000e-01 1.00000000000000000e+00
3.00000000000000000e+00 2.50000000000000000e-01 1.00000000000000000e+00
3.12500000000000000e+00 2.50000000000000000e-01 1.00000000000000000e+00
3.25000000000000000e+00 2.50000000000000000e-01 1.00000000000000000e+00
3.37500000000000000e+00 2.50000000000000000e-01 1.00000000000000000e+00
3.50000000000000000e+00 2.50000000000000000e-01 1.00000000000000000e+00
3.62500000000000000e+00 2.50000000000000000e-01 1.00000000000000000e+00
3.75000000000000000e+00 2.50000000000000000e-01 1.00000000000000000e+00
3.87500000000000000e+00 2.50000000000000000e-01 1.00000000000000000e+00
4.00000000000000000e+00 2.50000000000000000e-01 1.00000000000000000e+00
4.12500000000000000e+00 2.50000000000000000e-01 1.00000000000000000e+00
4.25000000000000000e+00 2.50000000000000000e-01 1.00000000000000000e+00
4.37500000000000000e+00 2.50000000000000000e-01 1.00000000000000000e+00
4.50000000000000000e+00 2.50000000000000000e-01 1.00000000000000000e+00
4.62500000000000000e+00 2.50000000000000000e-01 1.00000000000000000e+00
4.75000000000000000e+00 2.50000000000000000e-01 1.00000000000000000e+00
4.87500000000000000e+00 2.50000000000000000e-01 1.00000000000000000e+00
5.00000000000000000e+00 2.50000000000000000e-01 1.00000000000000000e+00
5.12500000000000000e+00 2.50000000000000000e-01 1.00000000000000000e+00
5.25000000000000000e+00 2.50000000000000000e-01 1.00000000000000000e+00
5.37500000000000000e+00 2.50000000000000000e-01 1.00000000000000000e+00
5.50000000000000000e+00 2.50000000000000000e-01 1.00000000000000000e+00
5.62500000000000000e+00 2.50000000000000000e-01 1.00000000000000000e+00
5.75000000000000000e+00 2.50000000000000000e-01 1.00000000000000000e+00
5.87500000000000000e+00 2.50000000000000000e-01 1.00000000000000000e+00
6.00000000000000000e+00 2.50000000000000000e-01 1.00000000000000000e+00
0.00000000000000000e+00 3.75000000000000000e-01 1.00000000000000000e+00
1.25000000000000000e-01 3.75000000000000000e-01 1.00000000000000000e+00
2.50000000000000000e-01 3.75000000000000000e-01 1.00000000000000000e+00
3.75000000000000000e-01 3.75000000000000000e-01 1.00000000000000000e+00
5.00000000000000000e-01 3.75000000000000000e-01 1.00000000000000000e+00
6.25000000000000000e-01 3.75000000000000000e-01 1.00000000000000000e+00
7.50000000000000000e-01 3.75000000000000000e-01 1.00000000000000000e+00
8.75000000000000000e-01 3.75000000000000000e-01 1.00000000000000000e+00
1.00000000000000000e+00 3.75000000000000000e-01 1.00000000000000000e+00
1.12500000000000000e+00 3.75000000000000000e-01 1.00000000000000000e+00
1.25000000000000000e+00 3.75000000000000000e-01 1.00000000000000000e+00
1.37500000000000000e+00 3.75000000000000000e-01 1.00000000000000000e+00
1.50000000000000000e+00 3.75000000000000000e-01 1.00000000000000000e+00
1.62500000000000000e+00 3.75000000000000000e-01 1.00000000000000000e+00
1.75000000000000000e+00 3.75000000000000000e-01 1.00000000000000000e+00
1.87500000000000000e+00 3.75000000000000000e-01 1.00000000000000000e+00
2.00000000000000000e+00 3.75000000000000000e-01 1.00000000000000000e+00
2.12500000000000000e+00 3.75000000000000000e-01 1.00000000000000000e+00
2.25000000000000000e+00 3.75000000000000000e-01 1.00000000000000000e+00
2.37500000000000000e+00 3.75000000000000000e-01 1.00000000000000000e+00
2.50000000000000000e+00 3.75000000000000000e-01 1.00000000000000000e+00
2.62500000000000000e+00 3.75000000000000000e-01 1.00000000000000000e+00
2.75000000000000000e+00 3.75000000000000000e-01 1.00000000000000000e+00
2.87500000000000000e+00 3.75000000000000000e-01 1.00000000000000000e+00
3.00000000000000000e+00 3.75000000000000000e-01 1.00000000000000000e+00
3.12500000000000000e+00 3.75000000000000000e-01 1.00000000000000000e+00
3.25000000000000000e+00 3.75000000000000000e-01 1.00000000000000000e+00
3.37500000000000000e+00 3.75000000000000000e-01 1.00000000000000000e+00
3.50000000000000000e+00 3.75000000000000000e-01 1.00000000000000000e+00
3.62500000000000000e+00 3.75000000000000000e-01 1.00000000000000000e+00
3.75000000000000000e+00 3.75000000000000000e-01 1.00000000000000000e+00
3.87500000000000000e+00 3.75000000000000000e-01 1.00000000000000000e+00
4.00000000000000000e+00 3.75000000000000000e-01 1.00000000000000000e+00
4.12500000000000000e+00 3.75000000000000000e-01 1.00000000000000000e+00
4.25000000000000000e+00 3.75000000000000000e-01 1.00000000000000000e+00
4.37500000000000000e+00 3.75000000000000000e-01 1.00000000000000000e+00
4.50000000000000000e+00 3.75000000000000000e-01 1.00000000000000000e+00
4.62500000000000000e+00 3.75000000000000000e-01 1.00000000000000000e+00
4.75000000000000000e+00 3.75000000000000000e-01 1.00000000000000000e+00
4.87500000000000000e+00 3.75000000000000000e-01 1.00000000000000000e+00
5.00000000000000000e+00 3.75000000000000000e-01 1.00000000000000000e+00
5.12500000000000000e+00 3.75000000000000000e-01 1.00000000000000000e+00
5.25000000000000000e+00 3.75000000000000000e-01 1.00000000000000000e+00
5.37500000000000000e+00 3.75000000000000000e-01 1.00000000000000000e+00
5.50000000000000000e+00 3.75000000000000000e-01 1.00000000000000000e+00
5.62500000000000000e+00 3.75000000000000000e-01 1.00000000000000000e+00
5.75000000000000000e+00 3.75000000000000000e-01 1.00000000000000000e+00
5.87500000000000000e+00 3.75000000000000000e-01 1.00000000000000000e+00
6.00000000000000000e+00 3.75000000000000000e-01 1.00000000000000000e+00
0.00000000000000000e+00 5.00000000000000000e-01 1.00000000000000000e+00
1.25000000000000000e-01 5.00000000000000000e-01 1.00000000000000000e+00
2.50000000000000000e-01 5.00000000000000000e-01 1.00000000000000000e+00
3.75000000000000000e-01 5.00000000000000000e-01 1.00000000000000000e+00
5.00000000000000000e-01 5.00000000000000000e-01 1.00000000000000000e+00
6.25000000000000000e-01 5.00000000000000000e-01 1.00000000000000000e+00
7.50000000000000000e-01 5.00000000000000000e-01 1.00000000000000000e+00
8.75000000000000000e-01 5.00000000000000000e-01 1.00000000000000000e+00
1.00000000000000000e+00 5.00000000000000000e-01 1.00000000000000000e+00
1.12500000000000000e+00 5.00000000000000000e-01 1.00000000000000000e+00
1.25000000000000000e+00 5.00000000000000000e-01 1.00000000000000000e+00
1.37500000000000000e+00 5.00000000000000000e-01 1.00000000000000000e+00
1.50000000000000000e+00 5.00000000000000000e-01 1.00000000000000000e+00
1.62500000000000000e+00 5.00000000000000000e-01 1.00000000000000000e+00
1.75000000000000000e+00 5.00000000000000000e-01 1.00000000000000000e+00
1.87500000000000000e+00 5.00000000000000000e-01 1.00000000000000000e+00
2.00000000000000000e+00 5.00000000000000000e-01 1.00000000000000000e+00
2.12500000000000000e+00 5.00000000000000000e-01 1.00000000000000000e+00
2.25000000000000000e+00 5.00000000000000000e-01 1.00000000000000000e+00
2.37500000000000000e+00 5.00000000000000000e-01 1.00000000000000000e+00
2.50000000000000000e+00 5.00000000000000000e-01 1.00000000000000000e+00
2.62500000000000000e+00 5.00000000000000000e-01 1.00000000000000000e+00
2.75000000000000000e+00 5.00000000000000000e-01 1.00000000000000000e+00
2.87500000000000000e+00 5.00000000000000000e-01 1.00000000000000000e+00
3.00000000000000000e+00 5.00000000000000000e-01 1.00000000000000000e+00
3.12500000000000000e+00 5.00000000000000000e-01 1.00000000000000000e+00
3.25000000000000000e+00 5.00000000000000000e-01 1.00000000000000000e+00
3.37500000000000000e+00 5.00000000000000000e-01 1.00000000000000000e+00
3.50000000000000000e+00 5.00000000000000000e-01 1.00000000000000000e+00
3.62500000000000000e+00 5.00000000000000000e-01 1.00000000000000000e+00
3.75000000000000000e+00 5.00000000000000000e-01 1.00000000000000000e+00
3.87500000000000000e+00 5.00000000000000000e-01 1.00000000000000000e+00
4.00000000000000000e+00 5.00000000000000000e-01 1.00000000000000000e+00
4.12500000000000000e+00 5.00000000000000000e-01 1.00000000000000000e+00
4.25000000000000000e+00 5.00000000000000000e-01 1.00000000000000000e+00
4.37500000000000000e+00 5.00000000000000000e-01 1.00000000000000000e+00
4.50000000000000000e+00 5.00000000000000000e-01 1.00000000000000000e+00
4.62500000000000000e+00 5.00000000000000000e-01 1.00000000000000000e+00
4.75000000000000000e+00 5.00000000000000000e-01 1.00000000000000000e+00
4.87500000000000000e+00 5.00000000000000000e-01 1.00000000000000000e+00
5.00000000000000000e+00 5.00000000000000000e-01 1.00000000000000000e+00
5.12500000000000000e+00 5.00000000000000000e-01 1.00000000000000000e+00
5.25000000000000000e+00 5.00000000000000000e-01 1.00000000000000000e+00
5.37500000000000000e+00 5.00000000000000000e-01 1.00000000000000000e+00
5.50000000000000000e+00 5.00000000000000000e-01 1.00000000000000000e+00
5.62500000000000000e+00 5.00000000000000000e-01 1.00000000000000000e+00
5.75000000000000000e+00 5.00000000000000000e-01 1.00000000000000000e+00
5.87500000000000000e+00 5.00000000000000000e-01 1.00000000000000000e+00
6.00000000000000000e+00 5.00000000000000000e-01 1.00000000000000000e+00
0.00000000000000000e+00 6.25000000000000000e-01 1.00000000000000000e+00
1.25000000000000000e-01 6.25000000000000000e-01 1.00000000000000000e+00
2.50000000000000000e-01 6.25000000000000000e-01 1.00000000000000000e+00
3.75000000000000000e-01 6.25000000000000000e-01 1.00000000000000000e+00
5.00000000000000000e-01 6.25000000000000000e-01 1.00000000000000000e+00
6.25000000000000000e-01 6.25000000000000000e-01 1.00000000000000000e+00
7.50000000000000000e-01 6.25000000000000000e-01 1.00000000000000000e+00
8.75000000000000000e-01 6.25000000000000000e-01 1.00000000000000000e+00
1.00000000000000000e+00 6.25000000000000000e-01 1.00000000000000000e+00
1.12500000000000000e+00 6.25000000000000000e-01 1.00000000000000000e+00
1.25000000000000000e+00 6.25000000000000000e-01 1.00000000000000000e+00
1.37500000000000000e+00 6.25000000000000000e-01 1.00000000000000000e+00
1.50000000000000000e+00 6.25000000000000000e-01 1.00000000000000000e+00
1.62500000000000000e+00 6.25000000000000000e-01 1.00000000000000000e+00
1.75000000000000000e+00 6.25000000000000000e-01 1.00000000000000000e+00
1.87500000000000000e+00 6.25000000000000000e-01 1.00000000000000000e+00
2.00000000000000000e+00 6.25000000000000000e-01 1.00000000000000000e+00
2.12500000000000000e+00 6.25000000000000000e-01 1.00000000000000000e+00
2.25000000000000000e+00 6.25000000000000000e-01 1.00000000000000000e+00
2.37500000000000000e+00 6.25000000000000000e-01 1.00000000000000000e+00
2.50000000000000000e+00 6.25000000000000000e-01 1.00000000000000000e+00
2.62500000000000000e+00 6.25000000000000000e-01 1.00000000000000000e+00
2.75000000000000000e+00 6.25000000000000000e-01 1.00000000000000000e+00
2.87500000000000000e+00 6.25000000000000000e-01 1.00000000000000000e+00
3.00000000000000000e+00 6.25000000000000000e-01 1.00000000000000000e+00
3.12500000000000000e+00 6.25000000000000000e-01 1.00000000000000000e+00
3.25000000000000000e+00 6.25000000000000000e-01 1.00000000000000000e+00
3.37500000000000000e+00 6.25000000000000000e-01 1.00000000000000000e+00
3.50000000000000000e+00 6.25000000000000000e-01 1.00000000000000000e+00
3.62500000000000000e+00 6.25000000000000000e-01 1.00000000000000000e+00
3.75000000000000000e+00 6.25000000000000000e-01 1.00000000000000000e+00
3.87500000000000000e+00 6.25000000000000000e-01 1.00000000000000000e+00
4.00000000000000000e+00 6.25000000000000000e-01 1.00000000000000000e+00
4.12500000000000000e+00 6.25000000000000000e-01 1.00000000000000000e+00
4.25000000000000000e+00 6.25000000000000000e-01 1.00000000000000000e+00
4.37500000000000000e+00 6.25000000000000000e-01 1.00000000000000000e+00
4.50000000000000000e+00 6.25000000000000000e-01 1.00000000000000000e+00
4.62500000000000000e+00 6.25000000000000000e-01 1.00000000000000000e+00
4.75000000000000000e+00 6.25000000000000000e-01 1.00000000000000000e+00
4.87500000000000000e+00 6.25000000000000000e-01 1.00000000000000000e+00
5.00000000000000000e+00 6.25000000000000000e-01 1.00000000000000000e+00
5.12500000000000000e+00 6.25000000000000000e-01 1.00000000000000000e+00
5.25000000000000000e+00 6.25000000000000000e-01 1.00000000000000000e+00
5.37500000000000000e+00 6.25000000000000000e-01 1.00000000000000000e+00
5.50000000000000000e+00 6.25000000000000000e-01 1.00000000000000000e+00
5.62500000000000000e+00 6.25000000000000000e-01 1.00000000000000000e+00
5.75000000000000000e+00 6.25000000000000000e-01 1.00000000000000000e+00
5.87500000000000000e+00 6.25000000000000000e-01 1.00000000000000000e+00
6.00000000000000000e+00 6.25000000000000000e-01 1.00000000000000000e+00
0.00000000000000000e+00 7.50000000000000000e-01 1.00000000000000000e+00
1.25000000000000000e-01 7.50000000000000000e-01 1.00000000000000000e+00
2.50000000000000000e-01 7.50000000000000000e-01 1.00000000000000000e+00
3.75000000000000000e-01 7.50000000000000000e-01 1.00000000000000000e+00
5.00000000000000000e-01 7.50000000000000000e-01 1.00000000000000000e+00
6.25000000000000000e-01 7.50000000000000000e-01 1.00000000000000000e+00
7.50000000000000000e-01 7.50000000000000000e-01 1.00000000000000000e+00
8.75000000000000000e-01 7.50000000000000000e-01 1.00000000000000000e+00
1.00000000000000000e+00 7.50000000000000000e-01 1.00000000000000000e+00
1.12500000000000000e+00 7.50000000000000000e-01 1.00000000000000000e+00
1.25000000000000000e+00 7.50000000000000000e-01 1.00000000000000000e+00
1.37500000000000000e+00 7.50000000000000000e-01 1.00000000000000000e+00
1.50000000000000000e+00 7.50000000000000000e-01 1.00000000000000000e+00
1.62500000000000000e+00 7.50000000000000000e-01 1.00000000000000000e+00
1.75000000000000000e+00 7.50000000000000000e-01 1.00000000000000000e+00
1.87500000000000000e+00 7.50000000000000000e-01 1.00000000000000000e+00
2.00000000000000000e+00 7.50000000000000000e-01 1.00000000000000000e+00
2.12500000000000000e+00 7.50000000000000000e-01 1.00000000000000000e+00
2.25000000000000000e+00 7.50000000000000000e-01 1.00000000000000000e+00
2.37500000000000000e+00 7.50000000000000000e-01 1.00000000000000000e+00
2.50000000000000000e+00 7.50000000000000000e-01 1.00000000000000000e+00
2.62500000000000000e+00 7.50000000000000000e-01 1.00000000000000000e+00
2.75000000000000000e+00 7.50000000000000000e-01 1.00000000000000000e+00
2.87500000000000000e+00 7.50000000000000000e-01 1.00000000000000000e+00
3.00000000000000000e+00 7.50000000000000000e-01 1.00000000000000000e+00
3.12500000000000000e+00 7.50000000000000000e-01 1.00000000000000000e+00
3.25000000000000000e+00 7.50000000000000000e-01 1.00000000000000000e+00
3.37500000000000000e+00 7.50000000000000000e-01 1.00000000000000000e+00
3.50000000000000000e+00 7.50000000000000000e-01 1.00000000000000000e+00
3.62500000000000000e+00 7.50000000000000000e-01 1.00000000000000000e+00
3.75000000000000000e+00 7.50000000000000000e-01 1.00000000000000000e+00
3.87500000000000000e+00 7.50000000000000000e-01 1.00000000000000000e+00
4.00000000000000000e+00 7.50000000000000000e-01 1.00000000000000000e+00
4.12500000000000000e+00 7.50000000000000000e-01 1.00000000000000000e+00
4.25000000000000000e+00 7.50000000000000000e-01 1.00000000000000000e+00
4.37500000000000000e+00 7.50000000000000000e-01 1.00000000000000000e+00
4.50000000000000000e+00 7.50000000000000000e-01 1.00000000000000000e+00
4.62500000000000000e+00 7.50000000000000000e-01 1.00000000000000000e+00
4.75000000000000000e+00 7.50000000000000000e-01 1.00000000000000000e+00
4.87500000000000000e+00 7.50000000000000000e-01 1.00000000000000000e+00
5.00000000000000000e+00 7.50000000000000000e-01 1.00000000000000000e+00
5.12500000000000000e+00 7.50000000000000000e-01 1.00000000000000000e+00
5.25000000000000000e+00 7.50000000000000000e-01 1.00000000000000000e+00
5.37500000000000000e+00 7.50000000000000000e-01 1.00000000000000000e+00
5.50000000000000000e+00 7.50000000000000000e-01 1.00000000000000000e+00
5.62500000000000000e+00 7.50000000000000000e-01 1.00000000000000000e+00
5.75000000000000000e+00 7.50000000000000000e-01 1.00000000000000000e+00
5.87500000000000000e+00 7.50000000000000000e-01 1.00000000000000000e+00
6.00000000000000000e+00 7.50000000000000000e-01 1.00000000000000000e+00
0.00000000000000000e+00 8.75000000000000000e-01 1.00000000000000000e+00
1.25000000000000000e-01 8.75000000000000000e-01 1.00000000000000000e+00
2.50000000000000000e-01 8.75000000000000000e-01 1.00000000000000000e+00
3.75000000000000000e-01 8.75000000000000000e-01 1.00000000000000000e+00
5.00000000000000000e-01 8.75000000000000000e-01 1.00000000000000000e+00
6.25000000000000000e-01 8.75000000000000000e-01 1.00000000000000000e+00
7.50000000000000000e-01 8.75000000000000000e-01 1.00000000000000000e+00
8.75000000000000000e-01 8.75000000000000000e-01 1.00000000000000000e+00
1.00000000000000000e+00 8.75000000000000000e-01 1.00000000000000000e+00
1.12500000000000000e+00 8.75000000000000000e-01 1.00000000000000000e+00
1.25000000000000000e+00 8.75000000000000000e-01 1.00000000000000000e+00
1.37500000000000000e+00 8.75000000000000000e-01 1.00000000000000000e+00
1.50000000000000000e+00 8.75000000000000000e-01 1.00000000000000000e+00
1.62500000000000000e+00 8.75000000000000000e-01 1.00000000000000000e+00
1.75000000000000000e+00 8.75000000000000000e-01 1.00000000000000000e+00
1.87500000000000000e+00 8.75000000000000000e-01 1.00000000000000000e+00
2.00000000000000000e+00 8.75000000000000000e-01 1.00000000000000000e+00
2.12500000000000000e+00 8.75000000000000000e-01 1.00000000000000000e+00
2.25000000000000000e+00 8.75000000000000000e-01 1.00000000000000000e+00
2.37500000000000000e+00 8.75000000000000000e-01 1.00000000000000000e+00
2.50000000000000000e+00 8.75000000000000000e-01 1.00000000000000000e+00
2.62500000000000000e+00 8.75000000000000000e-01 1.00000000000000000e+00
2.75000000000000000e+00 8.75000000000000000e-01 1.00000000000000000e+00
2.87500000000000000e+00 8.75000000000000000e-01 1.00000000000000000e+00
3.00000000000000000e+00 8.75000000000000000e-01 1.00000000000000000e+00
3.12500000000000000e+00 8.75000000000000000e-01 1.00000000000000000e+00
3.25000000000000000e+00 8.75000000000000000e-01 1.00000000000000000e+00
3.37500000000000000e+00 8.75000000000000000e-01 1.00000000000000000e+00
3.50000000000000000e+00 8.75000000000000000e-01 1.00000000000000000e+00
3.62500000000000000e+00 8.75000000000000000e-01 1.00000000000000000e+00
3.75000000000000000e+00 8.75000000000000000e-01 1.00000000000000000e+00
3.87500000000000000e+00 8.75000000000000000e-01 1.00000000000000000e+00
4.00000000000000000e+00 8.75000000000000000e-01 1.00000000000000000e+00
4.12500000000000000e+00 8.75000000000000000e-01 1.00000000000000000e+00
4.25000000000000000e+00 8.75000000000000000e-01 1.00000000000000000e+00
4.37500000000000000e+00 8.75000000000000000e-01 1.00000000000000000e+00
4.50000000000000000e+00 8.75000000000000000e-01 1.00000000000000000e+00
4.62500000000000000e+00 8.75000000000000000e-01 1.00000000000000000e+00
4.75000000000000000e+00 8.75000000000000000e-01 1.00000000000000000e+00
4.87500000000000000e+00 8.75000000000000000e-01 1.00000000000000000e+00
5.00000000000000000e+00 8.75000000000000000e-01 1.00000000000000000e+00
5.12500000000000000e+00 8.75000000000000000e-01 1.00000000000000000e+00
5.25000000000000000e+00 8.75000000000000000e-01 1.00000000000000000e+00
5.37500000000000000e+00 8.75000000000000000e-01 1.00000000000000000e+00
5.50000000000000000e+00 8.75000000000000000e-01 1.00000000000000000e+00
5.62500000000000000e+00 8.75000000000000000e-01 1.00000000000000000e+00
5.75000000000000000e+00 8.75000000000000000e-01 1.00000000000000000e+00
5.87500000000000000e+00 8.75000000000000000e-01 1.00000000000000000e+00
6.00000000000000000e+00 8.75000000000000000e-01 1.00000000000000000e+00
0.00000000000000000e+00 1.00000000000000000e+00 1.00000000000000000e+00
1.25000000000000000e-01 1.00000000000000000e+00 1.00000000000000000e+00
2.50000000000000000e-01 1.00000000000000000e+00 1.00000000000000000e+00
3.75000000000000000e-01 1.00000000000000000e+00 1.00000000000000000e+00
5.00000000000000000e-01 1.00000000000000000e+00 1.00000000000000000e+00
6.25000000000000000e-01 1.00000000000000000e+00 1.00000000000000000e+00
7.50000000000000000e-01 1.00000000000000000e+00 1.00000000000000000e+00
8.75000000000000000e-01 1.00000000000000000e+00 1.00000000000000000e+00
1.00000000000000000e+00 1.00000000000000000e+00 1.00000000000000000e+00
1.12500000000000000e+00 1.00000000000000000e+00 1.00000000000000000e+00
1.25000000000000000e+00 1.00000000000000000e+00 1.00000000000000000e+00
1.37500000000000000e+00 1.00000000000000000e+00 1.00000000000000000e+00
1.50000000000000000e+00 1.00000000000000000e+00 1.00000000000000000e+00
1.62500000000000000e+00 1.00000000000000000e+00 1.00000000000000000e+00
1.75000000000000000e+00 1.00000000000000000e+00 1.00000000000000000e+00
1.87500000000000000e+00 1.00000000000000000e+00 1.00000000000000000e+00
2.00000000000000000e+00 1.00000000000000000e+00 1.00000000000000000e+00
2.12500000000000000e+00 1.00000000000000000e+00 1.00000000000000000e+00
2.25000000000000000e+00 1.00000000000000000e+00 1.00000000000000000e+00
2.37500000000000000e+00 1.00000000000000000e+00 1.00000000000000000e+00
2.50000000000000000e+00 1.00000000000000000e+00 1.00000000000000000e+00
2.62500000000000000e+00 1.00000000000000000e+00 1.00000000000000000e+00
2.75000000000000000e+00 1.00000000000000000e+00 1.00000000000000000e+00
2.87500000000000000e+00 1.00000000000000000e+00 1.00000000000000000e+00
3.00000000000000000e+00 1.00000000000000000e+00 1.00000000000000000e+00
3.12500000000000000e+00 1.00000000000000000e+00 1.00000000000000000e+00
3.25000000000000000e+00 1.00000000000000000e+00 1.00000000000000000e+00
3.37500000000000000e+00 1.00000000000000000e+00 1.00000000000000000e+00
3.50000000000000000e+00 1.00000000000000000e+00 1.00000000000000000e+00
3.62500000000000000e+00 1.00000000000000000e+00 1.00000000000000000e+00
3.75000000000000000e+00 1.00000000000000000e+00 1.00000000000000000e+00
3.87500000000000000e+00 1.00000000000000000e+00 1.00000000000000000e+00
4.00000000000000000e+00 1.00000000000000000e+00 1.00000000000000000e+00
4.12500000000000000e+00 1.00000000000000000e+00 1.00000000000000000e+00
4.25000000000000000e+00 1.00000000000000000e+00 1.00000000000000000e+00
4.37500000000000000e+00 1.00000000000000000e+00 1.00000000000000000e+00
4.50000000000000000e+00 1.00000000000000000e+00 1.00000000000000000e+00
4.62500000000000000e+00 1.00000000000000000e+00 1.00000000000000000e+00
4.75000000000000000e+00 1.00000000000000000e+00 1.00000000000000000e+00
4.87500000000000000e+00 1.00000000000000000e+00 1.00000000000000000e+00
5.00000000000000000e+00 1.00000000000000000e+00 1.00000000000000000e+00
5.12500000000000000e+00 1.00000000000000000e+00 1.00000000000000000e+00
5.25000000000000000e+00 1.00000000000000000e+00 1.00000000000000000e+00
5.37500000000000000e+00 1.00000000000000000e+00 1.00000000000000000e+00
5.50000000000000000e+00 1.00000000000000000e+00 1.00000000000000000e+00
5.62500000000000000e+00 1.00000000000000000e+00 1.00000000000000000e+00
5.75000000000000000e+00 1.00000000000000000e+00 1.00000000000000000e+00
5.87500000000000000e+00 1.00000000000000000e+00 1.00000000000000000e+00
6.00000000000000000e+00 1.00000000000000000e+00 1.00000000000000000e+00
CELLS 3072 27648
8 0 1 50 49 441 442 491 490
8 1 2 51 50 442 443 492 491
8 2 3 52 51 443 444 493 492
8 3 4 53 52 444 445 494 493
8 4 5 54 53 445 446 495 494
8 5 6 55 54 446 447 496 495
8 6 7 56 55 447 448 497 496
8 7 8 57 56 448 449 498 497
8 8 9 58 57 449 450 499 498
8 9 10 59 58 450 451 500 499
8 10 11 60 59 451 452 501 500
8 11 12 61 60 452 453 502 501
8 12 13 62 61 453 454 503 502
8 13 14 63 62 454 455 504 503
8 14 15 64 63 455 456 505 504
8 15 16 65 64 456 457 506 505
8 16 17 66 65 457 458 507 506
8 17 18 67 66 458 459 508 507
8 18 19 68 67 459 460 509 508
8 19 20 69 68 460 461 510 509
8 20 21 70 69 461 462 511 510
8 21 22 71 70 462 463 512 511
8 22 23 72 71 463 464 513 512
8 23 24 73 72 464 465 514 513
8 24 25 74 73 465 466 515 514
8 25 26 75 74 466 467 516 515
8 26 27 76 75 467 468 517 516
8 27 28 77 76 468 469 518 517
8 28 29 78 77 469 470 519 518
8 29 30 79 78 470 471 520 519
8 30 31 80 79 471 472 521 520
8 31 32 81 80 472 473 522 521
8 32 33 82 81 473 474 523 522
8 33 34 83 82 474 475 524 523
8 34 35 84 83 475 476 525 524
8 35 36 85 84 476 477 526 525
8 36 37 86 85 477 478 527 526
8 37 38 87 86 478 479 528 527
8 38 39 88 87 479 480 529 528
8 39 40 89 88 480 481 530 529
8 40 41 90 89 481 482 531 530
8 41 42 91 90 482 483 532 531
8 42 43 92 91 483 484 533 532
8 43 44 93 92 484 485 534 533
8 44 45 94 93 485 486 535 534
8 45 46 95 94 486 487 536 535
8 46 47 96 95 487 488 537 536
8 47 48 97 96 488 489 538 537
8 49 50 99 98 490 491 540 539
8 50 51 100 99 491 492 541 540
8 51 52 101 100 492 493 542 541
8 52 53 102 101 493 494 543 542
8 53 54 103 102 494 495 544 543
8 54 55 104 103 495 496 545 544
8 55 56 105 104 496 497 546 545
8 56 57 106 105 497 498 547 546
8 57 58 107 106 498 499 548 547
8 58 59 108 107 499 500 549 548
8 59 60 109 108 500 501 550 549
8 60 61 110 109 501 502 551 550
8 61 62 111 110 502 503 552 551
8 62 63 112 111 503 504 553 552
8 63 64 113 112 504 505 554 553
8 64 65 114 113 505 506 555 554
8 65 66 115 114 506 507 556 555
8 66 67 116 115 507 508 557 556
8 67 68 117 116 508 509 558 557
8 68 69 118 117 509 510 559 558
8 69 70 119 118 510 511 560 559
8 70 71 120 119 511 512 561 560
8 71 72 121 120 512 513 562 561
8 72 73 122 121 513 514 563 562
8 73 74 123 122 514 515 564 563
8 74 75 124 123 515 516 565 564
8 75 76 125 124 516 517 566 565
8 76 77 126 125 517 518 567 566
8 77 78 127 126 518 519 568 567
8 78 79 128 127 519 520 569 568
8 79 80 129 128 520 521 570 569
8 80 81 130 129 521 522 571 570
8 81 82 131 130 522 523 572 571
8 82 83 132 131 523 524 573 572
8 83 84 133 132 524 525 574 573
8 84 85 134 133 525 526 575 574
8 85 86 135 134 526 527 576 575
8 86 87 136 135 527 528 577 576
8 87 88 137 136 528 529 578 577
8 88 89 138 137 529 530 579 578
8 89 90 139 138 530 531 580 579
8 90 91 140 139 531 532 581 580
8 91 92 141 140 532 533 582 581
8 92 93 142 141 533 534 583 582
8 93 94 143 142 534 535 584 583
8 94 95 144 143 535 536 585 584
8 95 96 145 144 536 537 586 585
8 96 97 146 145 537 538 587 586
8 98 99 148 147 539 540 589 588
8 99 100 149 148 540 541 590 589
8 100 101 150 149 541 542 591 590
8 101 102 151 150 542 543 592 591
8 102 103 152 151 543 544 593 592
8 103 104 153 152 544 545 594 593
8 104 105 154 153 545 546 595 594
8 105 106 155 154 546 547 596 595
8 106 107 156 155 547 548 597 596
8 107 108 157 156 548 549 598 597
8 108 109 158 157 549 550 599 598
8 109 110 159 158 550 551 600 599
8 110 111 160 159 551 552 601 600
8 111 112 161 160 552 553 602 601
8 112 113 162 161 553 554 603 602
8 113 114 163 162 554 555 604 603
8 114 115 164 163 555 556 605 604
8 115 116 165 164 556 557 606 605
8 116 117 166 165 557 558 607 606
8 117 118 167 166 558 559 608 607
8 118 119 168 167 559 560 609 608
8 119 120 169 168 560 561 610 609
8 120 121 170 169 561 562 611 610
8 121 122 171 170 562 563 612 611
8 122 123 172 171 563 564 613 612
8 123 124 173 172 564 565 614 613
8 124 125 174 173 565 566 615 614
8 125 126 175 174 566 567 616 615
8 126 127 176 175 567 568 617 616
8 127 128 177 176 568 569 618 617
8 128 129 178 177 569 570 619 618
8 129 130 179 178 570 571 620 619
8 130 131 180 179 571 572 621 620
8 131 132 181 180 572 573 622 621
8 132 133 182 181 573 574 623 622
8 133 134 183 182 574 575 624 623
8 134 135 184 183 575 576 625 624
8 135 136 185 184 576 577 626 625
8 136 137 186 185 577 578 627 626
8 137 138 187 186 578 579 628 627
8 138 139 188 187 579 580 629 628
8 139 140 189 188 580 581 630 629
8 140 141 190 189 581 582 631 630
8 141 142 191 190 582 583 632 631
8 142 143 192 191 583 584 633 632
8 143 144 193 192 584 585 634 633
8 144 145 194 193 585 586 635 634
8 145 146 195 194 586 587 636 635
8 147 148 197 196 588 589 638 637
8 148 149 198 197 589 590 639 638
8 149 150 199 198 590 591 640 639
8 150 151 200 199 591 592 641 640
8 151 152 201 200 592 593 642 641
8 152 153 202 201 593 594 643 642
8 153 154 203 202 594 595 644 643
8 154 155 204 203 595 596 645 644
8 155 156 205 204 596 597 646 645
8 156 157 206 205 597 598 647 646
8 157 158 207 206 598 599 648 647
8 158 159 208 207 599 600 649 648
8 159 160 209 208 600 601 650 649
8 160 161 210 209 601 602 651 650
8 161 162 211 210 602 603 652 651
8 162 163 212 211 603 604 653 652
8 163 164 213 212 604 605 654 653
8 164 165 214 213 605 606 655 654
8 165 166 215 214 606 607 656 655
8 166 167 216 215 607 608 657 656
8 167 168 217 216 608 609 658 657
8 168 169 218 217 609 610 659 658
8 169 170 219 218 610 611 660 659
8 170 171 220 219 611 612 661 660
8 171 172 221 220 612 613 662 661
8 172 173 222 221 613 614 663 662
8 173 174 223 222 614 615 664 663
8 174 175 224 223 615 616 665 664
8 175 176 225 224 616 617 666 665
8 176 177 226 225 617 618 667 666
8 177 178 227 226 618 619 668 667
8 178 179 228 227 619 620 669 668
8 179 180 229 228 620 621 670 669
8 180 181 230 229 621 622 671 670
8 181 182 231 230 622 623 672 671
8 182 183 232 231 623 624 673 672
8 183 184 233 232 624 625 674 673
8 184 185 234 233 625 626 675 674
8 185 186 235 234 626 627 676 675
8 186 187 236 235 627 628 677 676
8 187 188 237 236 628 629 678 677
8 188 189 238 237 629 630 679 678
8 189 190 239 238 630 631 680 679
8 190 191 240 239 631 632 681 680
8 191 192 241 240 632 633 682 681
8 192 193 242 241 633 634 683 682
8 193 194 243 242 634 635 684 683
8 194 195 244 243 635 636 685 684
8 196 197 246 245 637 638 687 686
8 197 198 247 246 638 639 688 687
8 198 199 248 247 639 640 689 688
8 199 200 249 248 640 641 690 689
8 200 201 250 249 641 642 691 690
8 201 202 251 250 642 643 692 691
8 202 203 252 251 643 644 693 692
8 203 204 253 252 644 645 694 693
8 204 205 254 253 645 646 695 694
8 205 206 255 254 646 647 696 695
8 206 207 256 255 647 648 697 696
8 207 208 257 256 648 649 698 697
8 208 209 258 257 649 650 699 698
8 209 210 259 258 650 651 700 699
8 210 211 260 259 651 652 701 700
8 211 212 261 260 652 653 702 701
8 212 213 262 261 653 654 703 702
8 213 214 263 262 654 655 704 703
8 214 215 264 263 655 656 705 704
8 215 216 265 264 656 657 706 705
8 216 217 266 265 657 658 707 706
8 217 218 267 266 658 659 708 707
8 218 219 268 267 659 660 709 708
8 219 220 269 268 660 661 710 709
8 220 221 270 269 661 662 711 710
8 221 222 271 270 662 663 712 711
8 222 223 272 271 663 664 713 712
8 223 224 273 272 664 665 714 713
8 224 225 274 273 665 666 715 714
8 225 226 275 274 666 667 716 715
8 226 227 276 275 667 668 717 716
8 227 228 277 276 668 669 718 717
8 228 229 278 277 669 670 719 718
8 229 230 279 278 670 671 720 719
8 230 231 280 279 671 672 721 720
8 231 232 281 280 672 673 722 721
8 232 233 282 281 673 674 723 722
8 233 234 283 282 674 675 724 723
8 234 235 284 283 675 676 725 724
8 235 236 285 284 676 677 726 725
8 236 237 286 285 677 678 727 726
8 237 238 287 286 678 679 728 727
8 238 239 288 287 679 680 729 728
8 239 240 289 288 680 681 730 729
8 240 241 290 289 681 682 731 730
8 241 242 291 290 682 683 732 731
8 242 243 292 291 683 684 733 732
8 243 244 293 292 684 685 734 733
8 245 246 295 294 686 687 736 735
8 246 247 296 295 687 688 737 736
8 247 248 297 296 688 689 738 737
8 248 249 298 297 689 690 739 738
8 249 250 299 298 690 691 740 739
8 250 251 300 299 691 692 741 740
8 251 252 301 300 692 693 742 741
8 252 253 302 301 693 694 743 742
8 253 254 303 302 694 695 744 743
8 254 255 304 303 695 696 745 744
8 255 256 305 304 696 697 746 745
8 256 257 306 305 697 698 747 746
8 257 258 307 306 698 699 748 747
8 258 259 308 307 699 700 749 748
8 259 260 309 308 700 701 750 749
8 260 261 310 309 701 702 751 750
8 261 262 311 310 702 703 752 751
8 262 263 312 311 703 704 753 752
8 263 264 313 312 704 705 754 753
8 264 265 314 313 705 706 755 754
8 265 266 315 314 706 707 756 755
8 266 267 316 315 707 708 757 756
8 267 268 317 316 708 709 758 757
8 268 269 318 317 709 710 759 758
8 269 270 319 318 710 711 760 759
8 270 271 320 319 711 712 761 760
8 271 272 321 320 712 713 762 761
8 272 273 322 321 713 714 763 762
8 273 274 323 322 714 715 764 763
8 274 275 324 323 715 716 765 764
8 275 276 325 324 716 717 766 765
8 276 277 326 325 717 718 767 766
8 277 278 327 326 718 719 768 767
8 278 279 328 327 719 720 769 768
8 279 280 329 328 720 721 770 769
8 280 281 330 329 721 722 771 770
8 281 282 331 330 722 723 772 771
8 282 283 332 331 723 724 773 772
8 283 284 333 332 724 725 774 773
8 284 285 334 333 725 726 775 774
8 285 286 335 334 726 727 776 775
8 286 287 336 335 727 728 777 776
8 287 288 337 336 728 729 778 777
8 288 289 338 337 729 730 779 778
8 289 290 339 338 730 731 780 779
8 290 291 340 339 731 732 781 780
8 291 292 341 340 732 733 782 781
8 292 293 342 341 733 734 783 782
8 294 295 344 343 735 736 785 784
8 295 296 345 344 736 737 786 785
8 296 297 346 345 737 738 787 786
8 297 298 347 346 738 739 788 787
8 298 299 348 347 739 740 789 788
8 299 300 349 348 740 741 790 789
8 300 301 350 349 741 742 791 790
8 301 302 351 350 742 743 792 791
8 302 303 352 351 743 744 793 792
8 303 304 353 352 744 745 794 793
8 304 305 354 353 745 746 795 794
8 305 306 355 354 746 747 796 795
8 306 307 356 355 747 748 797 796
8 307 308 357 356 748 749 798 797
8 308 309 358 357 749 750 799 798
8 309 310 359 358 750 751 800 799
8 310 311 360 359 751 752 801 800
8 311 312 361 360 752 753 802 801
8 312 313 362 361 753 754 803 802
8 313 314 363 362 754 755 804 803
8 314 315 364 363 755 756 805 804
8 315 316 365 364 756 757 806 805
8 316 317 366 365 757 758 807 806
8 317 318 367 366 758 759 808 807
8 318 319 368 367 759 760 809 808
8 319 320 369 368 760 761 810 809
8 320 321 370 369 761 762 811 810
8 321 322 371 370 762 763 812 811
8 322 323 372 371 763 764 813 812
8 323 324 373 372 764 765 814 813
8 324 325 374 373 765 766 815 814
8 325 326 375 374 766 767 816 815
8 326 327 376 375 767 768 817 816
8 327 328 377 376 768 769 818 817
8 328 329 378 377 769 770 819 818
8 329 330 379 378 770 771 820 819
8 330 331 380 379 771 772 821 820
8 331 332 381 380 772 773 822 821
8 332 333 382 381 773 774 823 822
8 333 334 383 382 774 775 824 823
8 334 335 384 383 775 776 825 824
8 335 336 385 384 776 777 826 825
8 336 337 386 385 777 778 827 826
8 337 338 387 386 778 779 828 827
8 338 339 388 387 779 780 829 828
8 339 340 389 388 780 781 830 829
8 340 341 390 389 781 782 831 830
8 341 342 391 390 782 783 832 831
8 343 344 393 392 784 785 834 833
8 344 345 394 393 785 786 835 834
8 345 346 395 394 786 787 836 835
8 346 347 396 395 787 788 837 836
8 347 348 397 396 788 789 838 837
8 348 349 398 397 789 790 839 838
8 349 350 399 398 790 791 840 839
8 350 351 400 399 791 792 841 840
8 351 352 401 400 792 793 842 841
8 352 353 402 401 793 794 843 842
8 353 354 403 402 794 795 844 843
8 354 355 404 403 795 796 845 844
8 355 356 405 404 796 797 846 845
8 356 357 406 405 797 798 847 846
8 357 358 407 406 798 799 848 847
8 358 359 408 407 799 800 849 848
8 359 360 409 408 800 801 850 849
8 360 361 410 409 801 802 851 850
8 361 362 411 410 802 803 852 851
8 362 363 412 411 803 804 853 852
8 363 364 413 412 804 805 854 853
8 364 365 414 413 805 806 855 854
8 365 366 415 414 806 807 856 855
8 366 367 416 415 807 808 857 856
8 367 368 417 416 808 809 858 857
8 368 369 418 417 809 810 859 858
8 369 370 419 418 810 811 860 859
8 370 371 420 419 811 812 861 860
8 371 372 421 420 812 813 862 861
8 372 373 422 421 813 814 863 862
8 373 374 423 422 814 815 864 863
8 374 375 424 423 815 816 865 864
8 375 376 425 424 816 817 866 865
8 376 377 426 425 817 818 867 866
8 377 378 427 426 818 819 868 867
8 378 379 428 427 819 820 869 868
8 379 380 429 428 820 821 870 869
8 380 381 430 429 821 822 871 870
8 381 382 431 430 822 823 872 871
8 382 383 432 431 823 824 873 872
8 383 384 433 432 824 825 874 873
8 384 385 434 433 825 826 875 874
8 385 386 435 434 826 827 876 875
8 386 387 436 435 827 828 877 876
8 387 388 437 436 828 829 878 877
8 388 389 438 437 829 830 879 878
8 389 390 439 438 830 831 880 879
8 390 391 440 439 831 832 881 880
8 441 442 491 490 882 883 932 931
8 442 443 492 491 883 884 933 932
8 443 444 493 492 884 885 934 933
8 444 445 494 493 885 886 935 934
8 445 446 495 494 886 887 936 935
8 446 447 496 495 887 888 937 936
8 447 448 497 496 888 889 938 937
8 448 449 498 497 889 890 939 938
8 449 450 499 498 890 891 940 939
8 450 451 500 499 891 892 941 940
8 451 452 501 500 892 893 942 941
8 452 453 502 501 893 894 943 942
8 453 454 503 502 894 895 944 943
8 454 455 504 503 895 896 945 944
8 455 456 505 504 896 897 946 945
8 456 457 506 505 897 898 947 946
8 457 458 507 506 898 899 948 947
8 458 459 508 507 899 900 949 948
8 459 460 509 508 900 901 950 949
8 460 461 510 509 901 902 951 950
8 461 462 511 510 902 903 952 951
8 462 463 512 511 903 904 953 952
8 463 464 513 512 904 905 954 953
8 464 465 514 513 905 906 955 954
8 465 466 515 514 906 907 956 955
8 466 467 516 515 907 908 957 956
8 467 468 517 516 908 909 958 957
8 468 469 518 517 909 910 959 958
8 469 470 519 518 910 911 960 959
8 470 471 520 519 911 912 961 960
8 471 472 521 520 912 913 962 961
8 472 473 522 521 913 914 963 962
8 473 474 523 522 914 915 964 963
8 474 475 524 523 915 916 965 964
8 475 476 525 524 916 917 966 965
8 476 477 526 525 917 918 967 966
8 477 478 527 526 918 919 968 967
8 478 479 528 527 919 920 969 968
8 479 480 529 528 920 921 970 969
8 480 481 530 529 921 922 971 970
8 481 482 531 530 922 923 972 971
8 482 483 532 531 923 924 973 972
8 483 484 533 532 924 925 974 973
8 484 485 534 533 925 926 975 974
8 485 486 535 534 926 927 976 975
8 486 487 536 535 927 928 977 976
8 487 488 537 536 928 929 978 977
8 488 489 538 537 929 930 979 978
8 490 491 540 539 931 932 981 980
8 491 492 541 540 932 933 982 981
8 492 493 542 541 933 934 983 982
8 493 494 543 542 934 935 984 983
8 494 495 544 543 935 936 985 984
8 495 496 545 544 936 937 986 985
8 496 497 546 545 937 938 987 986
8 497 498 547 546 938 939 988 987
8 498 499 548 547 939 940 989 988
8 499 500 549 548 940 941 990 989
8 500 501 550 549 941 942 991 990
8 501 502 551 550 942 943 992 991
8 502 503 552 551 943 944 993 992
8 503 504 553 552 944 945 994 993
8 504 505 554 553 945 946 995 994
8 505 506 555 554 946 947 996 995
8 506 507 556 555 947 948 997 996
8 507 508 557 556 948 949 998 997
8 508 509 558 557 949 950 999 998
8 509 510 559 558 950 951 1000 999
8 510 511 560 559 951 952 1001 1000
8 511 512 561 560 952 953 1002 1001
8 512 513 562 561 953 954 1003 1002
8 513 514 563 562 954 955 1004 1003
8 514 515 564 563 955 956 1005 1004
8 515 516 565 564 956 957 1006 1005
8 516 517 566 565 957 958 1007 1006
8 517 518 567 566 958 959 1008 1007
8 518 519 568 567 959 960 1009 1008
8 519 520 569 568 960 961 1010 1009
8 520 521 570 569 961 962 1011 1010
8 521 522 571 570 962 963 1012 1011
8 522 523 572 571 963 964 1013 1012
8 523 524 573 572 964 965 1014 1013
8 524 525 574 573 965 966 1015 1014
8 525 526 575 574 966 967 1016 1015
8 526 527 576 575 967 968 1017 1016
8 527 528 577 576 968 969 1018 1017
8 528 529 578 577 969 970 1019 1018
8 529 530 579 578 970 971 1020 1019
8 530 531 580 579 971 972 1021 1020
8 531 532 581 580 972 973 1022 1021
8 532 533 582 581 973 974 1023 1022
8 533 534 583 582 974 975 1024 1023
8 534 535 584 583 975 976 1025 1024
8 535 536 585 584 976 977 1026 1025
8 536 537 586 585 977 978 1027 1026
8 537 538 587 586 978 979 1028 1027
8 539 540 589 588 980 981 1030 1029
8 540 541 590 589 981 982 1031 1030
8 541 542 591 590 982 983 1032 1031
8 542 543 592 591 983 984 1033 1032
8 543 544 593 592 984 985 1034 1033
8 544 545 594 593 985 986 1035 1034
8 545 546 595 594 986 987 1036 1035
8 546 547 596 595 987 988 1037 1036
8 547 548 597 596 988 989 1038 1037
8 548 549 598 597 989 990 1039 1038
8 549 550 599 598 990 991 1040 1039
8 550 551 600 599 991 992 1041 1040
8 551 552 601 600 992 993 1042 1041
8 552 553 602 601 993 994 1043 1042
8 553 554 603 602 994 995 1044 1043
8 554 555 604 603 995 996 1045 1044
8 555 556 605 604 996 997 1046 1045
8 556 557 606 605 997 998 1047 1046
8 557 558 607 606 998 999 1048 1047
8 558 559 608 607 999 1000 1049 1048
8 559 560 609 608 1000 1001 1050 1049
8 560 561 610 609 1001 1002 1051 1050
8 561 562 611 610 1002 1003 1052 1051
8 562 563 612 611 1003 1004 1053 1052
8 563 564 613 612 1004 1005 1054 1053
8 564 565 614 613 1005 1006 1055 1054
8 565 566 615 614 1006 1007 1056 1055
8 566 567 616 615 1007 1008 1057 1056
8 567 568 617 616 1008 1009 1058 1057
8 568 569 618 617 1009 1010 1059 1058
8 569 570 619 618 1010 1011 1060 1059
8 570 571 620 619 1011 1012 1061 1060
8 571 572 621 620 1012 1013 1062 1061
8 572 573 622 621 1013 1014 1063 1062
8 573 574 623 622 1014 1015 1064 1063
8 574 575 624 623 1015 1016 1065 1064
8 575 576 625 624 1016 1017 1066 1065
8 576 577 626 625 1017 1018 1067 1066
8 577 578 627 626 1018 1019 1068 1067
8 578 579 628 627 1019 1020 1069 1068
8 579 580 629 628 1020 1021 1070 1069
8 580 581 630 629 1021 1022 1071 1070
8 581 582 631 630 1022 1023 1072 1071
8 582 583 632 631 1023 1024 1073 1072
8 583 584 633 632 1024 1025 1074 1073
8 584 585 634 633 1025 1026 1075 1074
8 585 586 635 634 1026 1027 1076 1075
8 586 587 636 635 1027 1028 1077 1076
8 588 589 638 637 1029 1030 1079 1078
8 589 590 639 638 1030 1031 1080 1079
8 590 591 640 639 1031 1032 1081 1080
8 591 592 641 640 1032 1033 1082 1081
8 592 593 642 641 1033 1034 1083 1082
8 593 594 643 642 1034 1035 1084 1083
8 594 595 644 643 1035 1036 1085 1084
8 595 596 645 644 1036 1037 1086 1085
8 596 597 646 645 1037 1038 1087 1086
8 597 598 647 646 1038 1039 1088 1087
8 598 599 648 647 1039 1040 1089 1088
8 599 600 649 648 1040 1041 1090 1089
8 600 601 650 649 1041 1042 1091 1090
8 601 602 651 650 1042 1043 1092 1091
8 602 603 652 651 1043 1044 1093 1092
8 603 604 653 652 1044 1045 1094 1093
8 604 605 654 653 1045 1046 1095 1094
8 605 606 655 654 1046 1047 1096 1095
8 606 607 656 655 1047 1048 1097 1096
8 607 608 657 656 1048 1049 1098 1097
8 608 609 658 657 1049 1050 1099 1098
8 609 610 659 658 1050 1051 1100 1099
8 610 611 660 659 1051 1052 1101 1100
8 611 612 661 660 1052 1053 1102 1101
8 612 613 662 661 1053 1054 1103 1102
8 613 614 663 662 1054 1055 1104 1103
8 614 615 664 663 1055 1056 1105 1104
8 615 616 665 664 1056 1057 1106 1105
8 616 617 666 665 1057 1058 1107 1106
8 617 618 667 666 1058 1059 1108 1107
8 618 619 668 667 1059 1060 1109 1108
8 619 620 669 668 1060 1061 1110 1109
8 620 621 670 669 1061 1062 1111 1110
8 621 622 671 670 1062 1063 1112 1111
8 622 623 672 671 1063 1064 1113 1112
8 623 624 673 672 1064 1065 1114 1113
8 624 625 674 673 1065 1066 1115 1114
8 625 626 675 674 1066 1067 1116 1115
8 626 627 676 675 1067 1068 1117 1116
8 627 628 677 676 1068 1069 1118 1117
8 628 629 678 677 1069 1070 1119 1118
8 629 630 679 678 1070 1071 1120 1119
8 630 631 680 679 1071 1072 1121 1120
8 631 632 681 680 1072 1073 1122 1121
8 632 633 682 681 1073 1074 1123 1122
8 633 634 683 682 1074 1075 1124 1123
8 634 635 684 683 1075 1076 1125 1124
8 635 636 685 684 1076 1077 1126 1125
8 637 638 687 686 1078 1079 1128 1127
8 638 639 688 687 1079 1080 1129 1128
8 639 640 689 688 1080 1081 1130 1129
8 640 641 690 689 1081 1082 1131 1130
8 641 642 691 690 1082 1083 1132 1131
8 642 643 692 691 1083 1084 1133 1132
8 643 644 693 692 1084 1085 1134 1133
8 644 645 694 693 1085 1086 1135 1134
8 645 646 695 694 1086 1087 1136 1135
8 646 647 696 695 1087 1088 1137 1136
8 647 648 697 696 1088 1089 1138 1137
8 648 649 698 697 1089 1090 1139 1138
8 649 650 699 698 1090 1091 1140 1139
8 650 651 700 699 1091 1092 1141 1140
8 651 652 701 700 1092 1093 1142 1141
8 652 653 702 701 1093 1094 1143 1142
8 653 654 703 702 1094 1095 1144 1143
8 654 655 704 703 1095 1096 1145 1144
8 655 656 705 704 1096 1097 1146 1145
8 656 657 706 705 1097 1098 1147 1146
8 657 658 707 706 1098 1099 1148 1147
8 658 659 708 707 1099 1100 1149 1148
8 659 660 709 708 1100 1101 1150 1149
8 660 661 710 709 1101 1102 1151 1150
8 661 662 711 710 1102 1103 1152 1151
8 662 663 712 711 1103 1104 1153 1152
8 663 664 713 712 1104 1105 1154 1153
8 664 665 714 713 1105 1106 1155 1154
8 665 666 715 714 1106 1107 1156 1155
8 666 667 716 715 1107 1108 1157 1156
8 667 668 717 716 1108 1109 1158 1157
8 668 669 718 717 1109 1110 1159 1158
8 669 670 719 718 1110 1111 1160 1159
8 670 671 720 719 1111 1112 1161 1160
8 671 672 721 720 1112 1113 1162 1161
8 672 673 722 721 1113 1114 1163 1162
8 673 674 723 722 1114 1115 1164 1163
8 674 675 724 723 1115 1116 1165 1164
8 675 676 725 724 1116 1117 1166 1165
8 676 677 726 725 1117 1118 1167 1166
8 677 678 727 726 1118 1119 1168 1167
8 678 679 728 727 1119 1120 1169 1168
8 679 680 729 728 1120 1121 1170 1169
8 680 681 730 729 1121 1122 1171 1170
8 681 682 731 730 1122 1123 1172 1171
8 682 683 732 731 1123 1124 1173 1172
8 683 684 733 732 1124 1125 1174 1173
8 684 685 734 733 1125 1126 1175 1174
8 686 687 736 735 1127 1128 1177 1176
8 687 688 737 736 1128 1129 1178 1177
8 688 689 738 737 1129 1130 1179 1178
8 689 690 739 738 1130 1131 1180 1179
8 690 691 740 739 1131 1132 1181 1180
8 691 692 741 740 1132 1133 1182 1181
8 692 693 742 741 1133 1134 1183 1182
8 693 694 743 742 1134 1135 1184 1183
8 694 695 744 743 1135 1136 1185 1184
8 695 696 745 744 1136 1137 1186 1185
8 696 697 746 745 1137 1138 1187 1186
8 697 698 747 746 1138 1139 1188 1187
8 698 699 748 747 1139 1140 1189 1188
8 699 700 749 748 1140 1141 1190 1189
8 700 701 750 749 1141 1142 1191 1190
8 701 702 751 750 1142 1143 1192 1191
8 702 703 752 751 1143 1144 1193 1192
8 703 704 753 752 1144 1145 1194 1193
8 704 705 754 753 1145 1146 1195 1194
8 705 706 755 754 1146 1147 1196 1195
8 706 707 756 755 1147 1148 1197 1196
8 707 708 757 756 1148 1149 1198 1197
8 708 709 758 757 1149 1150 1199 1198
8 709 710 759 758 1150 1151 1200 1199
8 710 711 760 759 1151 1152 1201 1200
8 711 712 761 760 1152 1153 1202 1201
8 712 713 762 761 1153 1154 1203 1202
8 713 714 763 762 1154 1155 1204 1203
8 714 715 764 763 1155 1156 1205 1204
8 715 716 765 764 1156 1157 1206 1205
8 716 717 766 765 1157 1158 1207 1206
8 717 718 767 766 1158 1159 1208 1207
8 718 719 768 767 1159 1160 1209 1208
8 719 720 769 768 1160 1161 1210 1209
8 720 721 770 769 1161 1162 1211 1210
8 721 722 771 770 1162 1163 1212 1211
8 722 723 772 771 1163 1164 1213 1212
8 723 724 773 772 1164 1165 1214 1213
8 724 725 774 773 1165 1166 1215 1214
8 725 726 775 774 1166 1167 1216 1215
8 726 727 776 775 1167 1168 1217 1216
8 727 728 777 776 1168 1169 1218 1217
8 728 729 778 777 1169 1170 1219 1218
8 729 730 779 778 1170 1171 1220 1219
8 730 731 780 779 1171 1172 1221 1220
8 731 732 781 780 1172 1173 1222 1221
8 732 733 782 781 1173 1174 1223 1222
8 733 734 783 782 1174 1175 1224 1223
8 735 736 785 784 1176 1177 1226 1225
8 736 737 786 785 1177 1178 1227 1226
8 737 738 787 786 1178 1179 1228 1227
8 738 739 788 787 1179 1180 1229 1228
8 739 740 789 788 1180 1181 1230 1229
8 740 741 790 789 1181 1182 1231 1230
8 741 742 791 790 1182 1183 1232 1231
8 742 743 792 791 1183 1184 1233 1232
8 743 744 793 792 1184 1185 1234 1233
8 744 745 794 793 1185 1186 1235 1234
8 745 746 795 794 1186 1187 1236 1235
8 746 747 796 795 1187 1188 1237 1236
8 747 748 797 796 1188 1189 1238 1237
8 748 749 798 797 1189 1190 1239 1238
8 749 750 799 798 1190 1191 1240 1239
8 750 751 800 799 1191 1192 1241 1240
8 751 752 801 800 1192 1193 1242 1241
8 752 753 802 801 1193 1194 1243 1242
8 753 754 803 802 1194 1195 1244 1243
8 754 755 804 803 1195 1196 1245 1244
8 755 756 805 804 1196 1197 1246 1245
8 756 757 806 805 1197 1198 1247 1246
8 757 758 807 806 1198 1199 1248 1247
8 758 759 808 807 1199 1200 1249 1248
8 759 760 809 808 1200 1201 1250 1249
8 760 761 810 809 1201 1202 1251 1250
8 761 762 811 810 1202 1203 1252 1251
8 762 763 812 811 1203 1204 1253 1252
8 763 764 813 812 1204 1205 1254 1253
8 764 765 814 813 1205 1206 1255 1254
8 765 766 815 814 1206 1207 1256 1255
8 766 767 816 815 1207 1208 1257 1256
8 767 768 817 816 1208 1209 1258 1257
8 768 769 818 817 1209 1210 1259 1258
8 769 770 819 818 1210 1211 1260 1259
8 770 771 820 819 1211 1212 1261 1260
8 771 772 821 820 1212 1213 1262 1261
8 772 773 822 821 1213 1214 1263 1262
8 773 774 823 822 1214 1215 1264 1263
8 774 775 824 823 1215 1216 1265 1264
8 775 776 825 824 1216 1217 1266 1265
8 776 777 826 825 1217 1218 1267 1266
8 777 778 827 826 1218 1219 1268 1267
8 778 779 828 827 1219 1220 1269 1268
8 779 780 829 828 1220 1221 1270 1269
8 780 781 830 829 1221 1222 1271 1270
8 781 782 831 830 1222 1223 1272 1271
8 782 783 832 831 1223 1224 1273 1272
8 784 785 834 833 1225 1226 1275 1274
8 785 786 835 834 1226 1227 1276 1275
8 786 787 836 835 1227 1228 1277 1276
8 787 788 837 836 1228 1229 1278 1277
8 788 789 838 837 1229 1230 1279 1278
8 789 790 839 838 1230 1231 1280 1279
8 790 791 840 839 1231 1232 1281 1280
8 791 792 841 840 1232 1233 1282 1281
8 792 793 842 841 1233 1234 1283 1282
8 793 794 843 842 1234 1235 1284 1283
8 794 795 844 843 1235 1236 1285 1284
8 795 796 845 844 1236 1237 1286 1285
8 796 797 846 845 1237 1238 1287 1286
8 797 798 847 846 1238 1239 1288 1287
8 798 799 848 847 1239 1240 1289 1288
8 799 800 849 848 1240 1241 1290 1289
8 800 801 850 849 1241 1242 1291 1290
8 801 802 851 850 1242 1243 1292 1291
8 802 803 852 851 1243 1244 1293 1292
8 803 804 853 852 1244 1245 1294 1293
8 804 805 854 853 1245 1246 1295 1294
8 805 806 855 854 1246 1247 1296 1295
8 806 807 856 855 1247 1248 1297 1296
8 807 808 857 856 1248 1249 1298 1297
8 808 809 858 857 1249 1250 1299 1298
8 809 810 859 858 1250 1251 1300 1299
8 810 811 860 859 1251 1252 1301 1300
8 811 812 861 860 1252 1253 1302 1301
8 812 813 862 861 1253 1254 1303 1302
8 813 814 863 862 1254 1255 1304 1303
8 814 815 864 863 1255 1256 1305 1304
8 815 816 865 864 1256 1257 1306 1305
8 816 817 866 865 1257 1258 1307 1306
8 817 818 867 866 1258 1259 1308 1307
8 818 819 868 867 1259 1260 1309 1308
8 819 820 869 868 1260 1261 1310 1309
8 820 821 870 869 1261 1262 1311 1310
8 821 822 871 870 1262 1263 1312 1311
8 822 823 872 871 1263 1264 1313 1312
8 823 824 873 872 1264 1265 1314 1313
8 824 825 874 873 1265 1266 1315 1314
8 825 826 875 874 1266 1267 1316 1315
8 826 827 876 875 1267 1268 1317 1316
8 827 828 877 876 1268 1269 1318 1317
8 828 829 878 877 1269 1270 1319 1318
8 829 830 879 878 1270 1271 1320 1319
8 830 831 880 879 1271 1272 1321 1320
8 831 832 881 880 1272 1273 1322 1321
8 882 883 932 931 1323 1324 1373 1372
8 883 884 933 932 1324 1325 1374 1373
8 884 885 934 933 1325 1326 1375 1374
8 885 886 935 934 1326 1327 1376 1375
8 886 887 936 935 1327 1328 1377 1376
8 887 888 937 936 1328 1329 1378 1377
8 888 889 938 937 1329 1330 1379 1378
8 889 890 939 938 1330 1331 1380 1379
8 890 891 940 939 1331 1332 1381 1380
8 891 892 941 940 1332 1333 1382 1381
8 892 893 942 941 1333 1334 1383 1382
8 893 894 943 942 1334 1335 1384 1383
8 894 895 944 943 1335 1336 1385 1384
8 895 896 945 944 1336 1337 1386 1385
8 896 897 946 945 1337 1338 1387 1386
8 897 898 947 946 1338 1339 1388 1387
8 898 899 948 947 1339 1340 1389 1388
8 899 900 949 948 1340 1341 1390 1389
8 900 901 950 949 1341 1342 1391 1390
8 901 902 951 950 1342 1343 1392 1391
8 902 903 952 951 1343 1344 1393 1392
8 903 904 953 952 1344 1345 1394 1393
8 904 905 954 953 1345 1346 1395 1394
8 905 906 955 954 1346 1347 1396 1395
8 906 907 956 955 1347 1348 1397 1396
8 907 908 957 956 1348 1349 1398 1397
8 908 909 958 957 1349 1350 1399 1398
8 909 910 959 958 1350 1351 1400 1399
8 910 911 960 959 1351 1352 1401 1400
8 911 912 961 960 1352 1353 1402 1401
8 912 913 962 961 1353 1354 1403 1402
8 913 914 963 962 1354 1355 1404 1403
8 914 915 964 963 1355 1356 1405 1404
8 915 916 965 964 1356 1357 1406 1405
8 916 917 966 965 1357 1358 1407 1406
8 917 918 967 966 1358 1359 1408 1407
8 918 919 968 967 1359 1360 1409 1408
8 919 920 969 968 1360 1361 1410 1409
8 920 921 970 969 1361 1362 1411 1410
8 921 922 971 970 1362 1363 1412 1411
8 922 923 972 971 1363 1364 1413 1412
8 923 924 973 972 1364 1365 1414 1413
8 924 925 974 973 1365 1366 1415 1414
8 925 926 975 974 1366 1367 1416 1415
8 926 927 976 975 1367 1368 1417 1416
8 927 928 977 976 1368 1369 1418 1417
8 928 929 978 977 1369 1370 1419 1418
8 929 930 979 978 1370 1371 1420 1419
8 931 932 981 980 1372 1373 1422 1421
8 932 933 982 981 1373 1374 1423 1422
8 933 934 983 982 1374 1375 1424 1423
8 934 935 984 983 1375 1376 1425 1424
8 935 936 985 984 1376 1377 1426 1425
8 936 937 986 985 1377 1378 1427 1426
8 937 938 987 986 1378 1379 1428 1427
8 938 939 988 987 1379 1380 1429 1428
8 939 940 989 988 1380 1381 1430 1429
8 940 941 990 989 1381 1382 1431 1430
8 941 942 991 990 1382 1383 1432 1431
8 942 943 992 991 1383 1384 1433 1432
8 943 944 993 992 1384 1385 1434 1433
8 944 945 994 993 1385 1386 1435 1434
8 945 946 995 994 1386 1387 1436 1435
8 946 947 996 995 1387 1388 1437 1436
8 947 948 997 996 1388 1389 1438 1437
8 948 949 998 997 1389 1390 1439 1438
8 949 950 999 998 1390 1391 1440 1439
8 950 951 1000 999 1391 1392 1441 1440
8 951 952 1001 1000 1392 1393 1442 1441
8 952 953 1002 1001 1393 1394 1443 1442
8 953 954 1003 1002 1394 1395 1444 1443
8 954 955 1004 1003 1395 1396 1445 1444
8 955 956 1005 1004 1396 1397 1446 1445
8 956 957 1006 1005 1397 1398 1447 1446
8 957 958 1007 1006 1398 1399 1448 1447
8 958 959 1008 1007 1399 1400 1449 1448
8 959 960 1009 1008 1400 1401 1450 1449
8 960 961 1010 1009 1401 1402 1451 1450
8 961 962 1011 1010 1402 1403 1452 1451
8 962 963 1012 1011 1403 1404 1453 1452
8 963 964 1013 1012 1404 1405 1454 1453
8 964 965 1014 1013 1405 1406 1455 1454
8 965 966 1015 1014 1406 1407 1456 1455
8 966 967 1016 1015 1407 1408 1457 1456
8 967 968 1017 1016 1408 1409 1458 1457
8 968 969 1018 1017 1409 1410 1459 1458
8 969 970 1019 1018 1410 1411 1460 1459
8 970 971 1020 1019 1411 1412 1461 1460
8 971 972 1021 1020 1412 1413 1462 1461
8 972 973 1022 1021 1413 1414 1463 1462
8 973 974 1023 1022 1414 1415 1464 1463
8 974 975 1024 1023 1415 1416 1465 1464
8 975 976 1025 1024 1416 1417 1466 1465
8 976 977 1026 1025 1417 1418 1467 1466
8 977 978 1027 1026 1418 1419 1468 1467
8 978 979 1028 1027 1419 1420 1469 1468
8 980 981 1030 1029 1421 1422 1471 1470
8 981 982 1031 1030 1422 1423 1472 1471
8 982 983 1032 1031 1423 1424 1473 1472
8 983 984 1033 1032 1424 1425 1474 1473
8 984 985 1034 1033 1425 1426 1475 1474
8 985 986 1035 1034 1426 1427 1476 1475
8 986 987 1036 1035 1427 1428 1477 1476
8 987 988 1037 1036 1428 1429 1478 1477
8 988 989 1038 1037 1429 1430 1479 1478
8 989 990 1039 1038 1430 1431 1480 1479
8 990 991 1040 1039 1431 1432 1481 1480
8 991 992 1041 1040 1432 1433 1482 1481
8 992 993 1042 1041 1433 1434 1483 1482
8 993 994 1043 1042 1434 1435 1484 1483
8 994 995 1044 1043 1435 1436 1485 1484
8 995 996 1045 1044 1436 1437 1486 1485
8 996 997 1046 1045 1437 1438 1487 1486
8 997 998 1047 1046 1438 1439 1488 1487
8 998 999 1048 1047 1439 1440 1489 1488
8 999 1000 1049 1048 1440 1441 1490 1489
8 1000 1001 1050 1049 1441 1442 1491 1490
8 1001 1002 1051 1050 1442 1443 1492 1491
8 1002 1003 1052 1051 1443 1444 1493 1492
8 1003 1004 1053 1052 1444 1445 1494 1493
8 1004 1005 1054 1053 1445 1446 1495 1494
8 1005 1006 1055 1054 1446 1447 1496 1495
8 1006 1007 1056 1055 1447 1448 1497 1496
8 1007 1008 1057 1056 1448 1449 1498 1497
8 1008 1009 1058 1057 1449 1450 1499 1498
8 1009 1010 1059 1058 1450 1451 1500 1499
8 1010 1011 1060 1059 1451 1452 1501 1500
8 1011 1012 1061 1060 1452 1453 1502 1501
8 1012 1013 1062 1061 1453 1454 1503 1502
8 1013 1014 1063 1062 1454 1455 1504 1503
8 1014 1015 1064 1063 1455 1456 1505 1504
8 1015 1016 1065 1064 1456 1457 1506 1505
8 1016 1017 1066 1065 1457 1458 1507 1506
8 1017 1018 1067 1066 1458 1459 1508 1507
8 1018 1019 1068 1067 1459 1460 1509 1508
8 1019 1020 1069 1068 1460 1461 1510 1509
8 1020 1021 1070 1069 1461 1462 1511 1510
8 1021 1022 1071 1070 1462 1463 1512 1511
8 1022 1023 1072 1071 1463 1464 1513 1512
8 1023 1024 1073 1072 1464 1465 1514 1513
8 1024 1025 1074 1073 1465 1466 1515 1514
8 1025 1026 1075 1074 1466 1467 1516 1515
8 1026 1027 1076 1075 1467 1468 1517 1516
8 1027 1028 1077 1076 1468 1469 1518 1517
8 1029 1030 1079 1078 1470 1471 1520 1519
8 1030 1031 1080 1079 1471 1472 1521 1520
8 1031 1032 1081 1080 1472 1473 1522 1521
8 1032 1033 1082 1081 1473 1474 1523 1522
8 1033 1034 1083 1082 1474 1475 1524 1523
8 1034 1035 1084 1083 1475 1476 1525 1524
8 1035 1036 1085 1084 1476 1477 1526 1525
8 1036 1037 1086 1085 1477 1478 1527 1526
8 1037 1038 1087 1086 1478 1479 1528 1527
8 1038 1039 1088 1087 1479 1480 1529 1528
8 1039 1040 1089 1088 1480 1481 1530 1529
8 1040 1041 1090 1089 1481 1482 1531 1530
8 1041 1042 1091 1090 1482 1483 1532 1531
8 1042 1043 1092 1091 1483 1484 1533 1532
8 1043 1044 1093 1092 1484 1485 1534 1533
8 1044 1045 1094 1093 1485 1486 1535 1534
8 1045 1046 1095 1094 1486 1487 1536 1535
8 1046 1047 1096 1095 1487 1488 1537 1536
8 1047 1048 1097 1096 1488 1489 1538 1537
8 1048 1049 1098 1097 1489 1490 1539 1538
8 1049 1050 1099 1098 1490 1491 1540 1539
8 1050 1051 1100 1099 1491 1492 1541 1540
8 1051 1052 1101 1100 1492 1493 1542 1541
8 1052 1053 1102 1101 1493 1494 1543 1542
8 1053 1054 1103 1102 1494 1495 1544 1543
8 1054 1055 1104 1103 1495 1496 1545 1544
8 1055 1056 1105 1104 1496 1497 1546 1545
8 1056 1057 1106 1105 1497 1498 1547 1546
8 1057 1058 1107 1106 1498 1499 1548 1547
8 1058 1059 1108 1107 1499 1500 1549 1548
8 1059 1060 1109 1108 1500 1501 1550 1549
8 1060 1061 1110 1109 1501 1502 1551 1550
8 1061 1062 1111 1110 1502 1503 1552 1551
8 1062 1063 1112 1111 1503 1504 1553 1552
8 1063 1064 1113 1112 1504 1505 1554 1553
8 1064 1065 1114 1113 1505 1506 1555 1554
8 1065 1066 1115 1114 1506 1507 1556 1555
8 1066 1067 1116 1115 1507 1508 1557 1556
8 1067 1068 1117 1116 1508 1509 1558 1557
8 1068 1069 1118 1117 1509 1510 1559 1558
8 1069 1070 1119 1118 1510 1511 1560 1559
8 1070 1071 1120 1119 1511 1512 1561 1560
8 1071 1072 1121 1120 1512 1513 1562 1561
8 1072 1073 1122 1121 1513 1514 1563 1562
8 1073 1074 1123 1122 1514 1515 1564 1563
8 1074 1075 1124 1123 1515 1516 1565 1564
8 1075 1076 1125 1124 1516 1517 1566 1565
8 1076 1077 1126 1125 1517 1518 1567 1566
8 1078 1079 1128 1127 1519 1520 1569 1568
8 1079 1080 1129 1128 1520 1521 1570 1569
8 1080 1081 1130 1129 1521 1522 1571 1570
8 1081 1082 1131 1130 1522 1523 1572 1571
8 1082 1083 1132 1131 1523 1524 1573 1572
8 1083 1084 1133 1132 1524 1525 1574 1573
8 1084 1085 1134 1133 1525 1526 1575 1574
8 1085 1086 1135 1134 1526 1527 1576 1575
8 1086 1087 1136 1135 1527 1528 1577 1576
8 1087 1088 1137 1136 1528 1529 1578 1577
8 1088 1089 1138 1137 1529 1530 1579 1578
8 1089 1090 1139 1138 1530 1531 1580 1579
8 1090 1091 1140 1139 1531 1532 1581 1580
8 1091 1092 1141 1140 1532 1533 1582 1581
8 1092 1093 1142 1141 1533 1534 1583 1582
8 1093 1094 1143 1142 1534 1535 1584 1583
8 1094 1095 1144 1143 1535 1536 1585 1584
8 1095 1096 1145 1144 1536 1537 1586 1585
8 1096 1097 1146 1145 1537 1538 1587 1586
8 1097 1098 1147 1146 1538 1539 1588 1587
8 1098 1099 1148 1147 1539 1540 1589 1588
8 1099 1100 1149 1148 1540 1541 1590 1589
8 1100 1101 1150 1149 1541 1542 1591 1590
8 1101 1102 1151 1150 1542 1543 1592 1591
8 1102 1103 1152 1151 1543 1544 1593 1592
8 1103 1104 1153 1152 1544 1545 1594 1593
8 1104 1105 1154 1153 1545 1546 1595 1594
8 1105 1106 1155 1154 1546 1547 1596 1595
8 1106 1107 1156 1155 1547 1548 1597 1596
8 1107 1108 1157 1156 1548 1549 1598 1597
8 1108 1109 1158 1157 1549 1550 1599 1598
8 1109 1110 1159 1158 1550 1551 1600 1599
8 1110 1111 1160 1159 1551 1552 1601 1600
8 1111 1112 1161 1160 1552 1553 1602 1601
8 1112 1113 1162 1161 1553 1554 1603 1602
8 1113 1114 1163 1162 1554 1555 1604 1603
8 1114 1115 1164 1163 1555 1556 1605 1604
8 1115 1116 1165 1164 1556 1557 1606 1605
8 1116 1117 1166 1165 1557 1558 1607 1606
8 1117 1118 1167 1166 1558 1559 1608 1607
8 1118 1119 1168 1167 1559 1560 1609 1608
8 1119 1120 1169 1168 1560 1561 1610 1609
8 1120 1121 1170 1169 1561 1562 1611 1610
8 1121 1122 1171 1170 1562 1563 1612 1611
8 1122 1123 1172 1171 1563 1564 1613 1612
8 1123 1124 1173 1172 1564 1565 1614 1613
8 1124 1125 1174 1173 1565 1566 1615 1614
8 1125 1126 1175 1174 1566 1567 1616 1615
8 1127 1128 1177 1176 1568 1569 1618 1617
8 1128 1129 1178 1177 1569 1570 1619 1618
8 1129 1130 1179 1178 1570 1571 1620 1619
8 1130 1131 1180 1179 1571 1572 1621 1620
8 1131 1132 1181 1180 1572 1573 1622 1621
8 1132 1133 1182 1181 1573 1574 1623 1622
8 1133 1134 1183 1182 1574 1575 1624 1623
8 1134 1135 1184 1183 1575 1576 1625 1624
8 1135 1136 1185 1184 1576 1577 1626 1625
8 1136 1137 1186 1185 1577 1578 1627 1626
8 1137 1138 1187 1186 1578 1579 1628 1627
8 1138 1139 1188 1187 1579 1580 1629 1628
8 1139 1140 1189 1188 1580 1581 1630 1629
8 1140 1141 1190 1189 1581 1582 1631 1630
8 1141 1142 1191 1190 1582 1583 1632 1631
8 1142 1143 1192 1191 1583 1584 1633 1632
8 1143 1144 1193 1192 1584 1585 1634 1633
8 1144 1145 1194 1193 1585 1586 1635 1634
8 1145 1146 1195 1194 1586 1587 1636 1635
8 1146 1147 1196 1195 1587 1588 1637 1636
8 1147 1148 1197 1196 1588 1589 1638 1637
8 1148 1149 1198 1197 1589 1590 1639 1638
8 1149 1150 1199 1198 1590 1591 1640 1639
8 1150 1151 1200 1199 1591 1592 1641 1640
8 1151 1152 1201 1200 1592 1593 1642 1641
8 1152 1153 1202 1201 1593 1594 1643 1642
8 1153 1154 1203 1202 1594 1595 1644 1643
8 1154 1155 1204 1203 1595 1596 1645 1644
8 1155 1156 1205 1204 1596 1597 1646 1645
8 1156 1157 1206 1205 1597 1598 1647 1646
8 1157 1158 1207 1206 1598 1599 1648 1647
8 1158 1159 1208 1207 1599 1600 1649 1648
8 1159 1160 1209 1208 1600 1601 1650 1649
8 1160 1161 1210 1209 1601 1602 1651 1650
8 1161 1162 1211 1210 1602 1603 1652 1651
8 1162 1163 1212 1211 1603 1604 1653 1652
8 1163 1164 1213 1212 1604 1605 1654 1653
8 1164 1165 1214 1213 1605 1606 1655 1654
8 1165 1166 1215 1214 1606 1607 1656 1655
8 1166 1167 1216 1215 1607 1608 1657 1656
8 1167 1168 1217 1216 1608 1609 1658 1657
8 1168 1169 1218 1217 1609 1610 1659 1658
8 1169 1170 1219 1218 1610 1611 1660 1659
8 1170 1171 1220 1219 1611 1612 1661 1660
8 1171 1172 1221 1220 1612 1613 1662 1661
8 1172 1173 1222 1221 1613 1614 1663 1662
8 1173 1174 1223 1222 1614 1615 1664 1663
8 1174 1175 1224 1223 1615 1616 1665 1664
8 1176 1177 1226 1225 1617 1618 1667 1666
8 1177 1178 1227 1226 1618 1619 1668 1667
8 1178 1179 1228 1227 1619 1620 1669 1668
8 1179 1180 1229 1228 1620 1621 1670 1669
8 1180 1181 1230 1229 1621 1622 1671 1670
8 1181 1182 1231 1230 1622 1623 1672 1671
8 1182 1183 1232 1231 1623 1624 1673 1672
8 1183 1184 1233 1232 1624 1625 1674 1673
8 1184 1185 1234 1233 1625 1626 1675 1674
8 1185 1186 1235 1234 1626 1627 1676 1675
8 1186 1187 1236 1235 1627 1628 1677 1676
8 1187 1188 1237 1236 1628 1629 1678 1677
8 1188 1189 1238 1237 1629 1630 1679 1678
8 1189 1190 1239 1238 1630 1631 1680 1679
8 1190 1191 1240 1239 1631 1632 1681 1680
8 1191 1192 1241 1240 1632 1633 1682 1681
8 1192 1193 1242 1241 1633 1634 1683 1682
8 1193 1194 1243 1242 1634 1635 1684 1683
8 1194 1195 1244 1243 1635 1636 1685 1684
8 1195 1196 1245 1244 1636 1637 1686 1685
8 1196 1197 1246 1245 1637 1638 1687 1686
8 1197 1198 1247 1246 1638 1639 1688 1687
8 1198 1199 1248 1247 1639 1640 1689 1688
8 1199 1200 1249 1248 1640 1641 1690 1689
8 1200 1201 1250 1249 1641 1642 1691 1690
8 1201 1202 1251 1250 1642 1643 1692 1691
8 1202 1203 1252 1251 1643 1644 1693 1692
8 1203 1204 1253 1252 1644 1645 1694 1693
8 1204 1205 1254 1253 1645 1646 1695 1694
8 1205 1206 1255 1254 1646 1647 1696 1695
8 1206 1207 1256 1255 1647 1648 1697 1696
8 1207 1208 1257 1256 1648 1649 1698 1697
8 1208 1209 1258 1257 1649 1650 1699 1698
8 1209 1210 1259 1258 1650 1651 1700 1699
8 1210 1211 1260 1259 1651 1652 1701 1700
8 1211 1212 1261 1260 1652 1653 1702 1701
8 1212 1213 1262 1261 1653 1654 1703 1702
8 1213 1214 1263 1262 1654 1655 1704 1703
8 1214 1215 1264 1263 1655 1656 1705 1704
8 1215 1216 1265 1264 1656 1657 1706 1705
8 1216 1217 1266 1265 1657 1658 1707 1706
8 1217 1218 1267 1266 1658 1659 1708 1707
8 1218 1219 1268 1267 1659 1660 1709 1708
8 1219 1220 1269 1268 1660 1661 1710 1709
8 1220 1221 1270 1269 1661 1662 1711 1710
8 1221 1222 1271 1270 1662 1663 1712 1711
8 1222 1223 1272 1271 1663 1664 1713 1712
8 1223 1224 1273 1272 1664 1665 1714 1713
8 1225 1226 1275 1274 1666 1667 1716 1715
8 1226 1227 1276 1275 1667 1668 1717 1716
8 1227 1228 1277 1276 1668 1669 1718 1717
8 1228 1229 1278 1277 1669 1670 1719 1718
8 1229 1230 1279 1278 1670 1671 1720 1719
8 1230 1231 1280 1279 1671 1672 1721 1720
8 1231 1232 1281 1280 1672 1673 1722 1721
8 1232 1233 1282 1281 1673 1674 1723 1722
8 1233 1234 1283 1282 1674 1675 1724 1723
8 1234 1235 1284 1283 1675 1676 1725 1724
8 1235 1236 1285 1284 1676 1677 1726 1725
8 1236 1237 1286 1285 1677 1678 1727 1726
8 1237 1238 1287 1286 1678 1679 1728 1727
8 1238 1239 1288 1287 1679 1680 1729 1728
8 1239 1240 1289 1288 1680 1681 1730 1729
8 1240 1241 1290 1289 1681 1682 1731 1730
8 1241 1242 1291 1290 1682 1683 1732 1731
8 1242 1243 1292 1291 1683 1684 1733 1732
8 1243 1244 1293 1292 1684 1685 1734 1733
8 1244 1245 1294 1293 1685 1686 1735 1734
8 1245 1246 1295 1294 1686 1687 1736 1735
8 1246 1247 1296 1295 1687 1688 1737 1736
8 1247 1248 1297 1296 1688 1689 1738 1737
8 1248 1249 1298 1297 1689 1690 1739 1738
8 1249 1250 1299 1298 1690 1691 1740 1739
8 1250 1251 1300 1299 1691 1692 1741 1740
8 1251 1252 1301 1300 1692 1693 1742 1741
8 1252 1253 1302 1301 1693 1694 1743 1742
8 1253 1254 1303 1302 1694 1695 1744 1743
8 1254 1255 1304 1303 1695 1696 1745 1744
8 1255 1256 1305 1304 1696 1697 1746 1745
8 1256 1257 1306 1305 1697 1698 1747 1746
8 1257 1258 1307 1306 1698 1699 1748 1747
8 1258 1259 1308 1307 1699 1700 1749 1748
8 1259 1260 1309 1308 1700 1701 1750 1749
8 1260 1261 1310 1309 1701 1702 1751 1750
8 1261 1262 1311 1310 1702 1703 1752 1751
8 1262 1263 1312 1311 1703 1704 1753 1752
8 1263 1264 1313 1312 1704 1705 1754 1753
8 1264 1265 1314 1313 1705 1706 1755 1754
8 1265 1266 1315 1314 1706 1707 1756 1755
8 1266 1267 1316 1315 1707 1708 1757 1756
8 1267 1268 1317 1316 1708 1709 1758 1757
8 1268 1269 1318 1317 1709 1710 1759 1758
8 1269 1270 1319 1318 1710 1711 1760 1759
8 1270 1271 1320 1319 1711 1712 1761 1760
8 1271 1272 1321 1320 1712 1713 1762 1761
8 1272 1273 1322 1321 1713 1714 1763 1762
8 1323 1324 1373 1372 1764 1765 1814 1813
8 1324 1325 1374 1373 1765 1766 1815 1814
8 1325 1326 1375 1374 1766 1767 1816 1815
8 1326 1327 1376 1375 1767 1768 1817 1816
8 1327 1328 1377 1376 1768 1769 1818 1817
8 1328 1329 1378 1377 1769 1770 1819 1818
8 1329 1330 1379 1378 1770 1771 1820 1819
8 1330 1331 1380 1379 1771 1772 1821 1820
8 1331 1332 1381 1380 1772 1773 1822 1821
8 1332 1333 1382 1381 1773 1774 1823 1822
8 1333 1334 1383 1382 1774 1775 1824 1823
8 1334 1335 1384 1383 1775 1776 1825 1824
8 1335 1336 1385 1384 1776 1777 1826 1825
8 1336 1337 1386 1385 1777 1778 1827 1826
8 1337 1338 1387 1386 1778 1779 1828 1827
8 1338 1339 1388 1387 1779 1780 1829 1828
8 1339 1340 1389 1388 1780 1781 1830 1829
8 1340 1341 1390 1389 1781 1782 1831 1830
8 1341 1342 1391 1390 1782 1783 1832 1831
8 1342 1343 1392 1391 1783 1784 1833 1832
8 1343 1344 1393 1392 1784 1785 1834 1833
8 1344 1345 1394 1393 1785 1786 1835 1834
8 1345 1346 1395 1394 1786 1787 1836 1835
8 1346 1347 1396 1395 1787 1788 1837 1836
8 1347 1348 1397 1396 1788 1789 1838 1837
8 1348 1349 1398 1397 1789 1790 1839 1838
8 1349 1350 1399 1398 1790 1791 1840 1839
8 1350 1351 1400 1399 1791 1792 1841 1840
8 1351 1352 1401 1400 1792 1793 1842 1841
8 1352 1353 1402 1401 1793 1794 1843 1842
8 1353 1354 1403 1402 1794 1795 1844 1843
8 1354 1355 1404 1403 1795 1796 1845 1844
8 1355 1356 1405 1404 1796 1797 1846 1845
8 1356 1357 1406 1405 1797 1798 1847 1846
8 1357 1358 1407 1406 1798 1799 1848 1847
8 1358 1359 1408 1407 1799 1800 1849 1848
8 1359 1360 1409 1408 1800 1801 1850 1849
8 1360 1361 1410 1409 1801 1802 1851 1850
8 1361 1362 1411 1410 1802 1803 1852 1851
8 1362 1363 1412 1411 1803 1804 1853 1852
8 1363 1364 1413 1412 1804 1805 1854 1853
8 1364 1365 1414 1413 1805 1806 1855 1854
8 1365 1366 1415 1414 1806 1807 1856 1855
8 1366 1367 1416 1415 1807 1808 1857 1856
8 1367 1368 1417 1416 1808 1809 1858 1857
8 1368 1369 1418 1417 1809 1810 1859 1858
8 1369 1370 1419 1418 1810 1811 1860 1859
8 1370 1371 1420 1419 1811 1812 1861 1860
8 1372 1373 1422 1421 1813 1814 1863 1862
8 1373 1374 1423 1422 1814 1815 1864 1863
8 1374 1375 1424 1423 1815 1816 1865 1864
8 1375 1376 1425 1424 1816 1817 1866 1865
8 1376 1377 1426 1425 1817 1818 1867 1866
8 1377 1378 1427 1426 1818 1819 1868 1867
8 1378 1379 1428 1427 1819 1820 1869 1868
8 1379 1380 1429 1428 1820 1821 1870 1869
8 1380 1381 1430 1429 1821 1822 1871 1870
8 1381 1382 1431 1430 1822 1823 1872 1871
8 1382 1383 1432 1431 1823 1824 1873 1872
8 1383 1384 1433 1432 1824 1825 1874 1873
8 1384 1385 1434 1433 1825 1826 1875 1874
8 1385 1386 1435 1434 1826 1827 1876 1875
8 1386 1387 1436 1435 1827 1828 1877 1876
8 1387 1388 1437 1436 1828 1829 1878 1877
8 1388 1389 1438 1437 1829 1830 1879 1878
8 1389 1390 1439 1438 1830 1831 1880 1879
8 1390 1391 1440 1439 1831 1832 1881 1880
8 1391 1392 1441 1440 1832 1833 1882 1881
8 1392 1393 1442 1441 1833 1834 1883 1882
8 1393 1394 1443 1442 1834 1835 1884 1883
8 1394 1395 1444 1443 1835 1836 1885 1884
8 1395 1396 1445 1444 1836 1837 1886 1885
8 1396 1397 1446 1445 1837 1838 1887 1886
8 1397 1398 1447 1446 1838 1839 1888 1887
8 1398 1399 1448 1447 1839 1840 1889 1888
8 1399 1400 1449 1448 1840 1841 1890 1889
8 1400 1401 1450 1449 1841 1842 1891 1890
8 1401 1402 1451 1450 1842 1843 1892 1891
8 1402 1403 1452 1451 1843 1844 1893 1892
8 1403 1404 1453 1452 1844 1845 1894 1893
8 1404 1405 1454 1453 1845 1846 1895 1894
8 1405 1406 1455 1454 1846 1847 1896 1895
8 1406 1407 1456 1455 1847 1848 1897 1896
8 1407 1408 1457 1456 1848 1849 1898 1897
8 1408 1409 1458 1457 1849 1850 1899 1898
8 1409 1410 1459 1458 1850 1851 1900 1899
8 1410 1411 1460 1459 1851 1852 1901 1900
8 1411 1412 1461 1460 1852 1853 1902 1901
8 1412 1413 1462 1461 1853 1854 1903 1902
8 1413 1414 1463 1462 1854 1855 1904 1903
8 1414 1415 1464 1463 1855 1856 1905 1904
8 1415 1416 1465 1464 1856 1857 1906 1905
8 1416 1417 1466 1465 1857 1858 1907 1906
8 1417 1418 1467 1466 1858 1859 1908 1907
8 1418 1419 1468 1467 1859 1860 1909 1908
8 1419 1420 1469 1468 1860 1861 1910 1909
8 1421 1422 1471 1470 1862 1863 1912 1911
8 1422 1423 1472 1471 1863 1864 1913 1912
8 1423 1424 1473 1472 1864 1865 1914 1913
8 1424 1425 1474 1473 1865 1866 1915 1914
8 1425 1426 1475 1474 1866 1867 1916 1915
8 1426 1427 1476 1475 1867 1868 1917 1916
8 1427 1428 1477 1476 1868 1869 1918 1917
8 1428 1429 1478 1477 1869 1870 1919 1918
8 1429 1430 1479 1478 1870 1871 1920 1919
8 1430 1431 1480 1479 1871 1872 1921 1920
8 1431 1432 1481 1480 1872 1873 1922 1921
8 1432 1433 1482 1481 1873 1874 1923 1922
8 1433 1434 1483 1482 1874 1875 1924 1923
8 1434 1435 1484 1483 1875 1876 1925 1924
8 1435 1436 1485 1484 1876 1877 1926 1925
8 1436 1437 1486 1485 1877 1878 1927 1926
8 1437 1438 1487 1486 1878 1879 1928 1927
8 1438 1439 1488 1487 1879 1880 1929 1928
8 1439 1440 1489 1488 1880 1881 1930 1929
8 1440 1441 1490 1489 1881 1882 1931 1930
8 1441 1442 1491 1490 1882 1883 1932 1931
8 1442 1443 1492 1491 1883 1884 1933 1932
8 1443 1444 1493 1492 1884 1885 1934 1933
8 1444 1445 1494 1493 1885 1886 1935 1934
8 1445 1446 1495 1494 1886 1887 1936 1935
8 1446 1447 1496 1495 1887 1888 1937 1936
8 1447 1448 1497 1496 1888 1889 1938 1937
8 1448 1449 1498 1497 1889 1890 1939 1938
8 1449 1450 1499 1498 1890 1891 1940 1939
8 1450 1451 1500 1499 1891 1892 1941 1940
8 1451 1452 1501 1500 1892 1893 1942 1941
8 1452 1453 1502 1501 1893 1894 1943 1942
8 1453 1454 1503 1502 1894 1895 1944 1943
8 1454 1455 1504 1503 1895 1896 1945 1944
8 1455 1456 1505 1504 1896 1897 1946 1945
8 1456 1457 1506 1505 1897 1898 1947 1946
8 1457 1458 1507 1506 1898 1899 1948 1947
8 1458 1459 1508 1507 1899 1900 1949 1948
8 1459 1460 1509 1508 1900 1901 1950 1949
8 1460 1461 1510 1509 1901 1902 1951 1950
8 1461 1462 1511 1510 1902 1903 1952 1951
8 1462 1463 1512 1511 1903 1904 1953 1952
8 1463 1464 1513 1512 1904 1905 1954 1953
8 1464 1465 1514 1513 1905 1906 1955 1954
8 1465 1466 1515 1514 1906 1907 1956 1955
8 1466 1467 1516 1515 1907 1908 1957 1956
8 1467 1468 1517 1516 1908 1909 1958 1957
8 1468 1469 1518 1517 1909 1910 1959 1958
8 1470 1471 1520 1519 1911 1912 1961 1960
8 1471 1472 1521 1520 1912 1913 1962 1961
8 1472 1473 1522 1521 1913 1914 1963 1962
8 1473 1474 1523 1522 1914 1915 1964 1963
8 1474 1475 1524 1523 1915 1916 1965 1964
8 1475 1476 1525 1524 1916 1917 1966 1965
8 1476 1477 1526 1525 1917 1918 1967 1966
8 1477 1478 1527 1526 1918 1919 1968 1967
8 1478 1479 1528 1527 1919 1920 1969 1968
8 1479 1480 1529 1528 1920 1921 1970 1969
8 1480 1481 1530 1529 1921 1922 1971 1970
8 1481 1482 1531 1530 1922 1923 1972 1971
8 1482 1483 1532 1531 1923 1924 1973 1972
8 1483 1484 1533 1532 1924 1925 1974 1973
8 1484 1485 1534 1533 1925 1926 1975 1974
8 1485 1486 1535 1534 1926 1927 1976 1975
8 1486 1487 1536 1535 1927 1928 1977 1976
8 1487 1488 1537 1536 1928 1929 1978 1977
8 1488 1489 1538 1537 1929 1930 1979 1978
8 1489 1490 1539 1538 1930 1931 1980 1979
8 1490 1491 1540 1539 1931 1932 1981 1980
8 1491 1492 1541 1540 1932 1933 1982 1981
8 1492 1493 1542 1541 1933 1934 1983 1982
8 1493 1494 1543 1542 1934 1935 1984 1983
8 1494 1495 1544 1543 1935 1936 1985 1984
8 1495 1496 1545 1544 1936 1937 1986 1985
8 1496 1497 1546 1545 1937 1938 1987 1986
8 1497 1498 1547 1546 1938 1939 1988 1987
8 1498 1499 1548 1547 1939 1940 1989 1988
8 1499 1500 1549 1548 1940 1941 1990 1989
8 1500 1501 1550 1549 1941 1942 1991 1990
8 1501 1502 1551 1550 1942 1943 1992 1991
8 1502 1503 1552 1551 1943 1944 1993 1992
8 1503 1504 1553 1552 1944 1945 1994 1993
8 1504 1505 1554 1553 1945 1946 1995 1994
8 1505 1506 1555 1554 1946 1947 1996 1995
8 1506 1507 1556 1555 1947 1948 1997 1996
8 1507 1508 1557 1556 1948 1949 1998 1997
8 1508 1509 1558 1557 1949 1950 1999 1998
8 1509 1510 1559 1558 1950 1951 2000 1999
8 1510 1511 1560 1559 1951 1952 2001 2000
8 1511 1512 1561 1560 1952 1953 2002 2001
8 1512 1513 1562 1561 1953 1954 2003 2002
8 1513 1514 1563 1562 1954 1955 2004 2003
8 1514 1515 1564 1563 1955 1956 2005 2004
8 1515 1516 1565 1564 1956 1957 2006 2005
8 1516 1517 1566 1565 1957 1958 2007 2006
8 1517 1518 1567 1566 1958 1959 2008 2007
8 1519 1520 1569 1568 1960 1961 2010 2009
8 1520 1521 1570 1569 1961 1962 2011 2010
8 1521 1522 1571 1570 1962 1963 2012 2011
8 1522 1523 1572 1571 1963 1964 2013 2012
8 1523 1524 1573 1572 1964 1965 2014 2013
8 1524 1525 1574 1573 1965 1966 2015 2014
8 1525 1526 1575 1574 1966 1967 2016 2015
8 1526 1527 1576 1575 1967 1968 2017 2016
8 1527 1528 1577 1576 1968 1969 2018 2017
8 1528 1529 1578 1577 1969 1970 2019 2018
8 1529 1530 1579 1578 1970 1971 2020 2019
8 1530 1531 1580 1579 1971 1972 2021 2020
8 1531 1532 1581 1580 1972 1973 2022 2021
8 1532 1533 1582 1581 1973 1974 2023 2022
8 1533 1534 1583 1582 1974 1975 2024 2023
8 1534 1535 1584 1583 1975 1976 2025 2024
8 1535 1536 1585 1584 1976 1977 2026 2025
8 1536 1537 1586 1585 1977 1978 2027 2026
8 1537 1538 1587 1586 1978 1979 2028 2027
8 1538 1539 1588 1587 1979 1980 2029 2028
8 1539 1540 1589 1588 1980 1981 2030 2029
8 1540 1541 1590 1589 1981 1982 2031 2030
8 1541 1542 1591 1590 1982 1983 2032 2031
8 1542 1543 1592 1591 1983 1984 2033 2032
8 1543 1544 1593 1592 1984 1985 2034 2033
8 1544 1545 1594 1593 1985 1986 2035 2034
8 1545 1546 1595 1594 1986 1987 2036 2035
8 1546 1547 1596 1595 1987 1988 2037 2036
8 1547 1548 1597 1596 1988 1989 2038 2037
8 1548 1549 1598 1597 1989 1990 2039 2038
8 1549 1550 1599 1598 1990 1991 2040 2039
8 1550 1551 1600 1599 1991 1992 2041 2040
8 1551 1552 1601 1600 1992 1993 2042 2041
8 1552 1553 1602 1601 1993 1994 2043 2042
8 1553 1554 1603 1602 1994 1995 2044 2043
8 1554 1555 1604 1603 1995 1996 2045 2044
8 1555 1556 1605 1604 1996 1997 2046 2045
8 1556 1557 1606 1605 1997 1998 2047 2046
8 1557 1558 1607 1606 1998 1999 2048 2047
8 1558 1559 1608 1607 1999 2000 2049 2048
8 1559 1560 1609 1608 2000 2001 2050 2049
8 1560 1561 1610 1609 2001 2002 2051 2050
8 1561 1562 1611 1610 2002 2003 2052 2051
8 1562 1563 1612 1611 2003 2004 2053 2052
8 1563 1564 1613 1612 2004 2005 2054 2053
8 1564 1565 1614 1613 2005 2006 2055 2054
8 1565 1566 1615 1614 2006 2007 2056 2055
8 1566 1567 1616 1615 2007 2008 2057 2056
8 1568 1569 1618 1617 2009 2010 2059 2058
8 1569 1570 1619 1618 2010 2011 2060 2059
8 1570 1571 1620 1619 2011 2012 2061 2060
8 1571 1572 1621 1620 2012 2013 2062 2061
8 1572 1573 1622 1621 2013 2014 2063 2062
8 1573 1574 1623 1622 2014 2015 2064 2063
8 1574 1575 1624 1623 2015 2016 2065 2064
8 1575 1576 1625 1624 2016 2017 2066 2065
8 1576 1577 1626 1625 2017 2018 2067 2066
8 1577 1578 1627 1626 2018 2019 2068 2067
8 1578 1579 1628 1627 2019 2020 2069 2068
8 1579 1580 1629 1628 2020 2021 2070 2069
8 1580 1581 1630 1629 2021 2022 2071 2070
8 1581 1582 1631 1630 2022 2023 2072 2071
8 1582 1583 1632 1631 2023 2024 2073 2072
8 1583 1584 1633 1632 2024 2025 2074 2073
8 1584 1585 1634 1633 2025 2026 2075 2074
8 1585 1586 1635 1634 2026 2027 2076 2075
8 1586 1587 1636 1635 2027 2028 2077 2076
8 1587 1588 1637 1636 2028 2029 2078 2077
8 1588 1589 1638 1637 2029 2030 2079 2078
8 1589 1590 1639 1638 2030 2031 2080 2079
8 1590 1591 1640 1639 2031 2032 2081 2080
8 1591 1592 1641 1640 2032 2033 2082 2081
8 1592 1593 1642 1641 2033 2034 2083 2082
8 1593 1594 1643 1642 2034 2035 2084 2083
8 1594 1595 1644 1643 2035 2036 2085 2084
8 1595 1596 1645 1644 2036 2037 2086 2085
8 1596 1597 1646 1645 2037 2038 2087 2086
8 1597 1598 1647 1646 2038 2039 2088 2087
8 1598 1599 1648 1647 2039 2040 2089 2088
8 1599 1600 1649 1648 2040 2041 2090 2089
8 1600 1601 1650 1649 2041 2042 2091 2090
8 1601 1602 1651 1650 2042 2043 2092 2091
8 1602 1603 1652 1651 2043 2044 2093 2092
8 1603 1604 1653 1652 2044 2045 2094 2093
8 1604 1605 1654 1653 2045 2046 2095 2094
8 1605 1606 1655 1654 2046 2047 2096 2095
8 1606 1607 1656 1655 2047 2048 2097 2096
8 1607 1608 1657 1656 2048 2049 2098 2097
8 1608 1609 1658 1657 2049 2050 2099 2098
8 1609 1610 1659 1658 2050 2051 2100 2099
8 1610 1611 1660 1659 2051 2052 2101 2100
8 1611 1612 1661 1660 2052 2053 2102 2101
8 1612 1613 1662 1661 2053 2054 2103 2102
8 1613 1614 1663 1662 2054 2055 2104 2103
8 1614 1615 1664 1663 2055 2056 2105 2104
8 1615 1616 1665 1664 2056 2057 2106 2105
8 1617 1618 1667 1666 2058 2059 2108 2107
8 1618 1619 1668 1667 2059 2060 2109 2108
8 1619 1620 1669 1668 2060 2061 2110 2109
8 1620 1621 1670 1669 2061 2062 2111 2110
8 1621 1622 1671 1670 2062 2063 2112 2111
8 1622 1623 1672 1671 2063 2064 2113 2112
8 1623 1624 1673 1672 2064 2065 2114 2113
8 1624 1625 1674 1673 2065 2066 2115 2114
8 1625 1626 1675 1674 2066 2067 2116 2115
8 1626 1627 1676 1675 2067 2068 2117 2116
8 1627 1628 1677 1676 2068 2069 2118 2117
8 1628 1629 1678 1677 2069 2070 2119 2118
8 1629 1630 1679 1678 2070 2071 2120 2119
8 1630 1631 1680 1679 2071 2072 2121 2120
8 1631 1632 1681 1680 2072 2073 2122 2121
8 1632 1633 1682 1681 2073 2074 2123 2122
8 1633 1634 1683 1682 2074 2075 2124 2123
8 1634 1635 1684 1683 2075 2076 2125 2124
8 1635 1636 1685 1684 2076 2077 2126 2125
8 1636 1637 1686 1685 2077 2078 2127 2126
8 1637 1638 1687 1686 2078 2079 2128 2127
8 1638 1639 1688 1687 2079 2080 2129 2128
8 1639 1640 1689 1688 2080 2081 2130 2129
8 1640 1641 1690 1689 2081 2082 2131 2130
8 1641 1642 1691 1690 2082 2083 2132 2131
8 1642 1643 1692 1691 2083 2084 2133 2132
8 1643 1644 1693 1692 2084 2085 2134 2133
8 1644 1645 1694 1693 2085 2086 2135 2134
8 1645 1646 1695 1694 2086 2087 2136 2135
8 1646 1647 1696 1695 2087 2088 2137 2136
8 1647 1648 1697 1696 2088 2089 2138 2137
8 1648 1649 1698 1697 2089 2090 2139 2138
8 1649 1650 1699 1698 2090 2091 2140 2139
8 1650 1651 1700 1699 2091 2092 2141 2140
8 1651 1652 1701 1700 2092 2093 2142 2141
8 1652 1653 1702 1701 2093 2094 2143 2142
8 1653 1654 1703 1702 2094 2095 2144 2143
8 1654 1655 1704 1703 2095 2096 2145 2144
8 1655 1656 1705 1704 2096 2097 2146 2145
8 1656 1657 1706 1705 2097 2098 2147 2146
8 1657 1658 1707 1706 2098 2099 2148 2147
8 1658 1659 1708 1707 2099 2100 2149 2148
8 1659 1660 1709 1708 2100 2101 2150 2149
8 1660 1661 1710 1709 2101 2102 2151 2150
8 1661 1662 1711 1710 2102 2103 2152 2151
8 1662 1663 1712 1711 2103 2104 2153 2152
8 1663 1664 1713 1712 2104 2105 2154 2153
8 1664 1665 1714 1713 2105 2106 2155 2154
8 1666 1667 1716 1715 2107 2108 2157 2156
8 1667 1668 1717 1716 2108 2109 2158 2157
8 1668 1669 1718 1717 2109 2110 2159 2158
8 1669 1670 1719 1718 2110 2111 2160 2159
8 1670 1671 1720 1719 2111 2112 2161 2160
8 1671 1672 1721 1720 2112 2113 2162 2161
8 1672 1673 1722 1721 2113 2114 2163 2162
8 1673 1674 1723 1722 2114 2115 2164 2163
8 1674 1675 1724 1723 2115 2116 2165 2164
8 1675 1676 1725 1724 2116 2117 2166 2165
8 1676 1677 1726 1725 2117 2118 2167 2166
8 1677 1678 1727 1726 2118 2119 2168 2167
8 1678 1679 1728 1727 2119 2120 2169 2168
8 1679 1680 1729 1728 2120 2121 2170 2169
8 1680 1681 1730 1729 2121 2122 2171 2170
8 1681 1682 1731 1730 2122 2123 2172 2171
8 1682 1683 1732 1731 2123 2124 2173 2172
8 1683 1684 1733 1732 2124 2125 2174 2173
8 1684 1685 1734 1733 2125 2126 2175 2174
8 1685 1686 1735 1734 2126 2127 2176 2175
8 1686 1687 1736 1735 2127 2128 2177 2176
8 1687 1688 1737 1736 2128 2129 2178 2177
8 1688 1689 1738 1737 2129 2130 2179 2178
8 1689 1690 1739 1738 2130 2131 2180 2179
8 1690 1691 1740 1739 2131 2132 2181 2180
8 1691 1692 1741 1740 2132 2133 2182 2181
8 1692 1693 1742 1741 2133 2134 2183 2182
8 1693 1694 1743 1742 2134 2135 2184 2183
8 1694 1695 1744 1743 2135 2136 2185 2184
8 1695 1696 1745 1744 2136 2137 2186 2185
8 1696 1697 1746 1745 2137 2138 2187 2186
8 1697 1698 1747 1746 2138 2139 2188 2187
8 1698 1699 1748 1747 2139 2140 2189 2188
8 1699 1700 1749 1748 2140 2141 2190 2189
8 1700 1701 1750 1749 2141 2142 2191 2190
8 1701 1702 1751 1750 2142 2143 2192 2191
8 1702 1703 1752 1751 2143 2144 2193 2192
8 1703 1704 1753 1752 2144 2145 2194 2193
8 1704 1705 1754 1753 2145 2146 2195 2194
8 1705 1706 1755 1754 2146 2147 2196 2195
8 1706 1707 1756 1755 2147 2148 2197 2196
8 1707 1708 1757 1756 2148 2149 2198 2197
8 1708 1709 1758 1757 2149 2150 2199 2198
8 1709 1710 1759 1758 2150 2151 2200 2199
8 1710 1711 1760 1759 2151 2152 2201 2200
8 1711 1712 1761 1760 2152 2153 2202 2201
8 1712 1713 1762 1761 2153 2154 2203 2202
8 1713 1714 1763 1762 2154 2155 2204 2203
8 1764 1765 1814 1813 2205 2206 2255 2254
8 1765 1766 1815 1814 2206 2207 2256 2255
8 1766 1767 1816 1815 2207 2208 2257 2256
8 1767 1768 1817 1816 2208 2209 2258 2257
8 1768 1769 1818 1817 2209 2210 2259 2258
8 1769 1770 1819 1818 2210 2211 2260 2259
8 1770 1771 1820 1819 2211 2212 2261 2260
8 1771 1772 1821 1820 2212 2213 2262 2261
8 1772 1773 1822 1821 2213 2214 2263 2262
8 1773 1774 1823 1822 2214 2215 2264 2263
8 1774 1775 1824 1823 2215 2216 2265 2264
8 1775 1776 1825 1824 2216 2217 2266 2265
8 1776 1777 1826 1825 2217 2218 2267 2266
8 1777 1778 1827 1826 2218 2219 2268 2267
8 1778 1779 1828 1827 2219 2220 2269 2268
8 1779 1780 1829 1828 2220 2221 2270 2269
8 1780 1781 1830 1829 2221 2222 2271 2270
8 1781 1782 1831 1830 2222 2223 2272 2271
8 1782 1783 1832 1831 2223 2224 2273 2272
8 1783 1784 1833 1832 2224 2225 2274 2273
8 1784 1785 1834 1833 2225 2226 2275 2274
8 1785 1786 1835 1834 2226 2227 2276 2275
8 1786 1787 1836 1835 2227 2228 2277 2276
8 1787 1788 1837 1836 2228 2229 2278 2277
8 1788 1789 1838 1837 2229 2230 2279 2278
8 1789 1790 1839 1838 2230 2231 2280 2279
8 1790 1791 1840 1839 2231 2232 2281 2280
8 1791 1792 1841 1840 2232 2233 2282 2281
8 1792 1793 1842 1841 2233 2234 2283 2282
8 1793 1794 1843 1842 2234 2235 2284 2283
8 1794 1795 1844 1843 2235 2236 2285 2284
8 1795 1796 1845 1844 2236 2237 2286 2285
8 1796 1797 1846 1845 2237 2238 2287 2286
8 1797 1798 1847 1846 2238 2239 2288 2287
8 1798 1799 1848 1847 2239 2240 2289 2288
8 1799 1800 1849 1848 2240 2241 2290 2289
8 1800 1801 1850 1849 2241 2242 2291 2290
8 1801 1802 1851 1850 2242 2243 2292 2291
8 1802 1803 1852 1851 2243 2244 2293 2292
8 1803 1804 1853 1852 2244 2245 2294 2293
8 1804 1805 1854 1853 2245 2246 2295 2294
8 1805 1806 1855 1854 2246 2247 2296 2295
8 1806 1807 1856 1855 2247 2248 2297 2296
8 1807 1808 1857 1856 2248 2249 2298 2297
8 1808 1809 1858 1857 2249 2250 2299 2298
8 1809 1810 1859 1858 2250 2251 2300 2299
8 1810 1811 1860 1859 2251 2252 2301 2300
8 1811 1812 1861 1860 2252 2253 2302 2301
8 1813 1814 1863 1862 2254 2255 2304 2303
8 1814 1815 1864 1863 2255 2256 2305 2304
8 1815 1816 1865 1864 2256 2257 2306 2305
8 1816 1817 1866 1865 2257 2258 2307 2306
8 1817 1818 1867 1866 2258 2259 2308 2307
8 1818 1819 1868 1867 2259 2260 2309 2308
8 1819 1820 1869 1868 2260 2261 2310 2309
8 1820 1821 1870 1869 2261 2262 2311 2310
8 1821 1822 1871 1870 2262 2263 2312 2311
8 1822 1823 1872 1871 2263 2264 2313 2312
8 1823 1824 1873 1872 2264 2265 2314 2313
8 1824 1825 1874 1873 2265 2266 2315 2314
8 1825 1826 1875 1874 2266 2267 2316 2315
8 1826 1827 1876 1875 2267 2268 2317 2316
8 1827 1828 1877 1876 2268 2269 2318 2317
8 1828 1829 1878 1877 2269 2270 2319 2318
8 1829 1830 1879 1878 2270 2271 2320 2319
8 1830 1831 1880 1879 2271 2272 2321 2320
8 1831 1832 1881 1880 2272 2273 2322 2321
8 1832 1833 1882 1881 2273 2274 2323 2322
8 1833 1834 1883 1882 2274 2275 2324 2323
8 1834 1835 1884 1883 2275 2276 2325 2324
8 1835 1836 1885 1884 2276 2277 2326 2325
8 1836 1837 1886 1885 2277 2278 2327 2326
8 1837 1838 1887 1886 2278 2279 2328 2327
8 1838 1839 1888 1887 2279 2280 2329 2328
8 1839 1840 1889 1888 2280 2281 2330 2329
8 1840 1841 1890 1889 2281 2282 2331 2330
8 1841 1842 1891 1890 2282 2283 2332 2331
8 1842 1843 1892 1891 2283 2284 2333 2332
8 1843 1844 1893 1892 2284 2285 2334 2333
8 1844 1845 1894 1893 2285 2286 2335 2334
8 1845 1846 1895 1894 2286 2287 2336 2335
8 1846 1847 1896 1895 2287 2288 2337 2336
8 1847 1848 1897 1896 2288 2289 2338 2337
8 1848 1849 1898 1897 2289 2290 2339 2338
8 1849 1850 1899 1898 2290 2291 2340 2339
8 1850 1851 1900 1899 2291 2292 2341 2340
8 1851 1852 1901 1900 2292 2293 2342 2341
8 1852 1853 1902 1901 2293 2294 2343 2342
8 1853 1854 1903 1902 2294 2295 2344 2343
8 1854 1855 1904 1903 2295 2296 2345 2344
8 1855 1856 1905 1904 2296 2297 2346 2345
8 1856 1857 1906 1905 2297 2298 2347 2346
8 1857 1858 1907 1906 2298 2299 2348 2347
8 1858 1859 1908 1907 2299 2300 2349 2348
8 1859 1860 1909 1908 2300 2301 2350 2349
8 1860 1861 1910 1909 2301 2302 2351 2350
8 1862 1863 1912 1911 2303 2304 2353 2352
8 1863 1864 1913 1912 2304 2305 2354 2353
8 1864 1865 1914 1913 2305 2306 2355 2354
8 1865 1866 1915 1914 2306 2307 2356 2355
8 1866 1867 1916 1915 2307 2308 2357 2356
8 1867 1868 1917 1916 2308 2309 2358 2357
8 1868 1869 1918 1917 2309 2310 2359 2358
8 1869 1870 1919 1918 2310 2311 2360 2359
8 1870 1871 1920 1919 2311 2312 2361 2360
8 1871 1872 1921 1920 2312 2313 2362 2361
8 1872 1873 1922 1921 2313 2314 2363 2362
8 1873 1874 1923 1922 2314 2315 2364 2363
8 1874 1875 1924 1923 2315 2316 2365 2364
8 1875 1876 1925 1924 2316 2317 2366 2365
8 1876 1877 1926 1925 2317 2318 2367 2366
8 1877 1878 1927 1926 2318 2319 2368 2367
8 1878 1879 1928 1927 2319 2320 2369 2368
8 1879 1880 1929 1928 2320 2321 2370 2369
8 1880 1881 1930 1929 2321 2322 2371 2370
8 1881 1882 1931 1930 2322 2323 2372 2371
8 1882 1883 1932 1931 2323 2324 2373 2372
8 1883 1884 1933 1932 2324 2325 2374 2373
8 1884 1885 1934 1933 2325 2326 2375 2374
8 1885 1886 1935 1934 2326 2327 2376 2375
8 1886 1887 1936 1935 2327 2328 2377 2376
8 1887 1888 1937 1936 2328 2329 2378 2377
8 1888 1889 1938 1937 2329 2330 2379 2378
8 1889 1890 1939 1938 2330 2331 2380 2379
8 1890 1891 1940 1939 2331 2332 2381 2380
8 1891 1892 1941 1940 2332 2333 2382 2381
8 1892 1893 1942 1941 2333 2334 2383 2382
8 1893 1894 1943 1942 2334 2335 2384 2383
8 1894 1895 1944 1943 2335 2336 2385 2384
8 1895 1896 1945 1944 2336 2337 2386 2385
8 1896 1897 1946 1945 2337 2338 2387 2386
8 1897 1898 1947 1946 2338 2339 2388 2387
8 1898 1899 1948 1947 2339 2340 2389 2388
8 1899 1900 1949 1948 2340 2341 2390 2389
8 1900 1901 1950 1949 2341 2342 2391 2390
8 1901 1902 1951 1950 2342 2343 2392 2391
8 1902 1903 1952 1951 2343 2344 2393 2392
8 1903 1904 1953 1952 2344 2345 2394 2393
8 1904 1905 1954 1953 2345 2346 2395 2394
8 1905 1906 1955 1954 2346 2347 2396 2395
8 1906 1907 1956 1955 2347 2348 2397 2396
8 1907 1908 1957 1956 2348 2349 2398 2397
8 1908 1909 1958 1957 2349 2350 2399 2398
8 1909 1910 1959 1958 2350 2351 2400 2399
8 1911 1912 1961 1960 2352 2353 2402 2401
8 1912 1913 1962 1961 2353 2354 2403 2402
8 1913 1914 1963 1962 2354 2355 2404 2403
8 1914 1915 1964 1963 2355 2356 2405 2404
8 1915 1916 1965 1964 2356 2357 2406 2405
8 1916 1917 1966 1965 2357 2358 2407 2406
8 1917 1918 1967 1966 2358 2359 2408 2407
8 1918 1919 1968 1967 2359 2360 2409 2408
8 1919 1920 1969 1968 2360 2361 2410 2409
8 1920 1921 1970 1969 2361 2362 2411 2410
8 1921 1922 1971 1970 2362 2363 2412 2411
8 1922 1923 1972 1971 2363 2364 2413 2412
8 1923 1924 1973 1972 2364 2365 2414 2413
8 1924 1925 1974 1973 2365 2366 2415 2414
8 1925 1926 1975 1974 2366 2367 2416 2415
8 1926 1927 1976 1975 2367 2368 2417 2416
8 1927 1928 1977 1976 2368 2369 2418 2417
8 1928 1929 1978 1977 2369 2370 2419 2418
8 1929 1930 1979 1978 2370 2371 2420 2419
8 1930 1931 1980 1979 2371 2372 2421 2420
8 1931 1932 1981 1980 2372 2373 2422 2421
8 1932 1933 1982 1981 2373 2374 2423 2422
8 1933 1934 1983 1982 2374 2375 2424 2423
8 1934 1935 1984 1983 2375 2376 2425 2424
8 1935 1936 1985 1984 2376 2377 2426 2425
8 1936 1937 1986 1985 2377 2378 2427 2426
8 1937 1938 1987 1986 2378 2379 2428 2427
8 1938 1939 1988 1987 2379 2380 2429 2428
8 1939 1940 1989 1988 2380 2381 2430 2429
8 1940 1941 1990 1989 2381 2382 2431 2430
8 1941 1942 1991 1990 2382 2383 2432 2431
8 1942 1943 1992 1991 2383 2384 2433 2432
8 1943 1944 1993 1992 2384 2385 2434 2433
8 1944 1945 1994 1993 2385 2386 2435 2434
8 1945 1946 1995 1994 2386 2387 2436 2435
8 1946 1947 1996 1995 2387 2388 2437 2436
8 1947 1948 1997 1996 2388 2389 2438 2437
8 1948 1949 1998 1997 2389 2390 2439 2438
8 1949 1950 1999 1998 2390 2391 2440 2439
8 1950 1951 2000 1999 2391 2392 2441 2440
8 1951 1952 2001 2000 2392 2393 2442 2441
8 1952 1953 2002 2001 2393 2394 2443 2442
8 1953 1954 2003 2002 2394 2395 2444 2443
8 1954 1955 2004 2003 2395 2396 2445 2444
8 1955 1956 2005 2004 2396 2397 2446 2445
8 1956 1957 2006 2005 2397 2398 2447 2446
8 1957 1958 2007 2006 2398 2399 2448 2447
8 1958 1959 2008 2007 2399 2400 2449 2448
8 1960 1961 2010 2009 2401 2402 2451 2450
8 1961 1962 2011 2010 2402 2403 2452 2451
8 1962 1963 2012 2011 2403 2404 2453 2452
8 1963 1964 2013 2012 2404 2405 2454 2453
8 1964 1965 2014 2013 2405 2406 2455 2454
8 1965 1966 2015 2014 2406 2407 2456 2455
8 1966 1967 2016 2015 2407 2408 2457 2456
8 1967 1968 2017 2016 2408 2409 2458 2457
8 1968 1969 2018 2017 2409 2410 2459 2458
8 1969 1970 2019 2018 2410 2411 2460 2459
8 1970 1971 2020 2019 2411 2412 2461 2460
8 1971 1972 2021 2020 2412 2413 2462 2461
8 1972 1973 2022 2021 2413 2414 2463 2462
8 1973 1974 2023 2022 2414 2415 2464 2463
8 1974 1975 2024 2023 2415 2416 2465 2464
8 1975 1976 2025 2024 2416 2417 2466 2465
8 1976 1977 2026 2025 2417 2418 2467 2466
8 1977 1978 2027 2026 2418 2419 2468 2467
8 1978 1979 2028 2027 2419 2420 2469 2468
8 1979 1980 2029 2028 2420 2421 2470 2469
8 1980 1981 2030 2029 2421 2422 2471 2470
8 1981 1982 2031 2030 2422 2423 2472 2471
8 1982 1983 2032 2031 2423 2424 2473 2472
8 1983 1984 2033 2032 2424 2425 2474 2473
8 1984 1985 2034 2033 2425 2426 2475 2474
8 1985 1986 2035 2034 2426 2427 2476 2475
8 1986 1987 2036 2035 2427 2428 2477 2476
8 1987 1988 2037 2036 2428 2429 2478 2477
8 1988 1989 2038 2037 2429 2430 2479 2478
8 1989 1990 2039 2038 2430 2431 2480 2479
8 1990 1991 2040 2039 2431 2432 2481 2480
8 1991 1992 2041 2040 2432 2433 2482 2481
8 1992 1993 2042 2041 2433 2434 2483 2482
8 1993 1994 2043 2042 2434 2435 2484 2483
8 1994 1995 2044 2043 2435 2436 2485 2484
8 1995 1996 2045 2044 2436 2437 2486 2485
8 1996 1997 2046 2045 2437 2438 2487 2486
8 1997 1998 2047 2046 2438 2439 2488 2487
8 1998 1999 2048 2047 2439 2440 2489 2488
8 1999 2000 2049 2048 2440 2441 2490 2489
8 2000 2001 2050 2049 2441 2442 2491 2490
8 2001 2002 2051 2050 2442 2443 2492 2491
8 2002 2003 2052 2051 2443 2444 2493 2492
8 2003 2004 2053 2052 2444 2445 2494 2493
8 2004 2005 2054 2053 2445 2446 2495 2494
8 2005 2006 2055 2054 2446 2447 2496 2495
8 2006 2007 2056 2055 2447 2448 2497 2496
8 2007 2008 2057 2056 2448 2449 2498 2497
8 2009 2010 2059 2058 2450 2451 2500 2499
8 2010 2011 2060 2059 2451 2452 2501 2500
8 2011 2012 2061 2060 2452 2453 2502 2501
8 2012 2013 2062 2061 2453 2454 2503 2502
8 2013 2014 2063 2062 2454 2455 2504 2503
8 2014 2015 2064 2063 2455 2456 2505 2504
8 2015 2016 2065 2064 2456 2457 2506 2505
8 2016 2017 2066 2065 2457 2458 2507 2506
8 2017 2018 2067 2066 2458 2459 2508 2507
8 2018 2019 2068 2067 2459 2460 2509 2508
8 2019 2020 2069 2068 2460 2461 2510 2509
8 2020 2021 2070 2069 2461 2462 2511 2510
8 2021 2022 2071 2070 2462 2463 2512 2511
8 2022 2023 2072 2071 2463 2464 2513 2512
8 2023 2024 2073 2072 2464 2465 2514 2513
8 2024 2025 2074 2073 2465 2466 2515 2514
8 2025 2026 2075 2074 2466 2467 2516 2515
8 2026 2027 2076 2075 2467 2468 2517 2516
8 2027 2028 2077 2076 2468 2469 2518 2517
8 2028 2029 2078 2077 2469 2470 2519 2518
8 2029 2030 2079 2078 2470 2471 2520 2519
8 2030 2031 2080 2079 2471 2472 2521 2520
8 2031 2032 2081 2080 2472 2473 2522 2521
8 2032 2033 2082 2081 2473 2474 2523 2522
8 2033 2034 2083 2082 2474 2475 2524 2523
8 2034 2035 2084 2083 2475 2476 2525 2524
8 2035 2036 2085 2084 2476 2477 2526 2525
8 2036 2037 2086 2085 2477 2478 2527 2526
8 2037 2038 2087 2086 2478 2479 2528 2527
8 2038 2039 2088 2087 2479 2480 2529 2528
8 2039 2040 2089 2088 2480 2481 2530 2529
8 2040 2041 2090 2089 2481 2482 2531 2530
8 2041 2042 2091 2090 2482 2483 2532 2531
8 2042 2043 2092 2091 2483 2484 2533 2532
8 2043 2044 2093 2092 2484 2485 2534 2533
8 2044 2045 2094 2093 2485 2486 2535 2534
8 2045 2046 2095 2094 2486 2487 2536 2535
8 2046 2047 2096 2095 2487 2488 2537 2536
8 2047 2048 2097 2096 2488 2489 2538 2537
8 2048 2049 2098 2097 2489 2490 2539 2538
8 2049 2050 2099 2098 2490 2491 2540 2539
8 2050 2051 2100 2099 2491 2492 2541 2540
8 2051 2052 2101 2100 2492 2493 2542 2541
8 2052 2053 2102 2101 2493 2494 2543 2542
8 2053 2054 2103 2102 2494 2495 2544 2543
8 2054 2055 2104 2103 2495 2496 2545 2544
8 2055 2056 2105 2104 2496 2497 2546 2545
8 2056 2057 2106 2105 2497 2498 2547 2546
8 2058 2059 2108 2107 2499 2500 2549 2548
8 2059 2060 2109 2108 2500 2501 2550 2549
8 2060 2061 2110 2109 2501 2502 2551 2550
8 2061 2062 2111 2110 2502 2503 2552 2551
8 2062 2063 2112 2111 2503 2504 2553 2552
8 2063 2064 2113 2112 2504 2505 2554 2553
8 2064 2065 2114 2113 2505 2506 2555 2554
8 2065 2066 2115 2114 2506 2507 2556 2555
8 2066 2067 2116 2115 2507 2508 2557 2556
8 2067 2068 2117 2116 2508 2509 2558 2557
8 2068 2069 2118 2117 2509 2510 2559 2558
8 2069 2070 2119 2118 2510 2511 2560 2559
8 2070 2071 2120 2119 2511 2512 2561 2560
8 2071 2072 2121 2120 2512 2513 2562 2561
8 2072 2073 2122 2121 2513 2514 2563 2562
8 2073 2074 2123 2122 2514 2515 2564 2563
8 2074 2075 2124 2123 2515 2516 2565 2564
8 2075 2076 2125 2124 2516 2517 2566 2565
8 2076 2077 2126 2125 2517 2518 2567 2566
8 2077 2078 2127 2126 2518 2519 2568 2567
8 2078 2079 2128 2127 2519 2520 2569 2568
8 2079 2080 2129 2128 2520 2521 2570 2569
8 2080 2081 2130 2129 2521 2522 2571 2570
8 2081 2082 2131 2130 2522 2523 2572 2571
8 2082 2083 2132 2131 2523 2524 2573 2572
8 2083 2084 2133 2132 2524 2525 2574 2573
8 2084 2085 2134 2133 2525 2526 2575 2574
8 2085 2086 2135 2134 2526 2527 2576 2575
8 2086 2087 2136 2135 2527 2528 2577 2576
8 2087 2088 2137 2136 2528 2529 2578 2577
8 2088 2089 2138 2137 2529 2530 2579 2578
8 2089 2090 2139 2138 2530 2531 2580 2579
8 2090 2091 2140 2139 2531 2532 2581 2580
8 2091 2092 2141 2140 2532 2533 2582 2581
8 2092 2093 2142 2141 2533 2534 2583 2582
8 2093 2094 2143 2142 2534 2535 2584 2583
8 2094 2095 2144 2143 2535 2536 2585 2584
8 2095 2096 2145 2144 2536 2537 2586 2585
8 2096 2097 2146 2145 2537 2538 2587 2586
8 2097 2098 2147 2146 2538 2539 2588 2587
8 2098 2099 2148 2147 2539 2540 2589 2588
8 2099 2100 2149 2148 2540 2541 2590 2589
8 2100 2101 2150 2149 2541 2542 2591 2590
8 2101 2102 2151 2150 2542 2543 2592 2591
8 2102 2103 2152 2151 2543 2544 2593 2592
8 2103 2104 2153 2152 2544 2545 2594 2593
8 2104 2105 2154 2153 2545 2546 2595 2594
8 2105 2106 2155 2154 2546 2547 2596 2595
8 2107 2108 2157 2156 2548 2549 2598 2597
8 2108 2109 2158 2157 2549 2550 2599 2598
8 2109 2110 2159 2158 2550 2551 2600 2599
8 2110 2111 2160 2159 2551 2552 2601 2600
8 2111 2112 2161 2160 2552 2553 2602 2601
8 2112 2113 2162 2161 2553 2554 2603 2602
8 2113 2114 2163 2162 2554 2555 2604 2603
8 2114 2115 2164 2163 2555 2556 2605 2604
8 2115 2116 2165 2164 2556 2557 2606 2605
8 2116 2117 2166 2165 2557 2558 2607 2606
8 2117 2118 2167 2166 2558 2559 2608 2607
8 2118 2119 2168 2167 2559 2560 2609 2608
8 2119 2120 2169 2168 2560 2561 2610 2609
8 2120 2121 2170 2169 2561 2562 2611 2610
8 2121 2122 2171 2170 2562 2563 2612 2611
8 2122 2123 2172 2171 2563 2564 2613 2612
8 2123 2124 2173 2172 2564 2565 2614 2613
8 2124 2125 2174 2173 2565 2566 2615 2614
8 2125 2126 2175 2174 2566 2567 2616 2615
8 2126 2127 2176 2175 2567 2568 2617 2616
8 2127 2128 2177 2176 2568 2569 2618 2617
8 2128 2129 2178 2177 2569 2570 2619 2618
8 2129 2130 2179 2178 2570 2571 2620 2619
8 2130 2131 2180 2179 2571 2572 2621 2620
8 2131 2132 2181 2180 2572 2573 2622 2621
8 2132 2133 2182 2181 2573 2574 2623 2622
8 2133 2134 2183 2182 2574 2575 2624 2623
8 2134 2135 2184 2183 2575 2576 2625 2624
8 2135 2136 2185 2184 2576 2577 2626 2625
8 2136 2137 2186 2185 2577 2578 2627 2626
8 2137 2138 2187 2186 2578 2579 2628 2627
8 2138 2139 2188 2187 2579 2580 2629 2628
8 2139 2140 2189 2188 2580 2581 2630 2629
8 2140 2141 2190 2189 2581 2582 2631 2630
8 2141 2142 2191 2190 2582 2583 2632 2631
8 2142 2143 2192 2191 2583 2584 2633 2632
8 2143 2144 2193 2192 2584 2585 2634 2633
8 2144 2145 2194 2193 2585 2586 2635 2634
8 2145 2146 2195 2194 2586 2587 2636 2635
8 2146 2147 2196 2195 2587 2588 2637 2636
8 2147 2148 2197 2196 2588 2589 2638 2637
8 2148 2149 2198 2197 2589 2590 2639 2638
8 2149 2150 2199 2198 2590 2591 2640 2639
8 2150 2151 2200 2199 2591 2592 2641 2640
8 2151 2152 2201 2200 2592 2593 2642 2641
8 2152 2153 2202 2201 2593 2594 2643 2642
8 2153 2154 2203 2202 2594 2595 2644 2643
8 2154 2155 2204 2203 2595 2596 2645 2644
8 2205 2206 2255 2254 2646 2647 2696 2695
8 2206 2207 2256 2255 2647 2648 2697 2696
8 2207 2208 2257 2256 2648 2649 2698 2697
8 2208 2209 2258 2257 2649 2650 2699 2698
8 2209 2210 2259 2258 2650 2651 2700 2699
8 2210 2211 2260 2259 2651 2652 2701 2700
8 2211 2212 2261 2260 2652 2653 2702 2701
8 2212 2213 2262 2261 2653 2654 2703 2702
8 2213 2214 2263 2262 2654 2655 2704 2703
8 2214 2215 2264 2263 2655 2656 2705 2704
8 2215 2216 2265 2264 2656 2657 2706 2705
8 2216 2217 2266 2265 2657 2658 2707 2706
8 2217 2218 2267 2266 2658 2659 2708 2707
8 2218 2219 2268 2267 2659 2660 2709 2708
8 2219 2220 2269 2268 2660 2661 2710 2709
8 2220 2221 2270 2269 2661 2662 2711 2710
8 2221 2222 2271 2270 2662 2663 2712 2711
8 2222 2223 2272 2271 2663 2664 2713 2712
8 2223 2224 2273 2272 2664 2665 2714 2713
8 2224 2225 2274 2273 2665 2666 2715 2714
8 2225 2226 2275 2274 2666 2667 2716 2715
8 2226 2227 2276 2275 2667 2668 2717 2716
8 2227 2228 2277 2276 2668 2669 2718 2717
8 2228 2229 2278 2277 2669 2670 2719 2718
8 2229 2230 2279 2278 2670 2671 2720 2719
8 2230 2231 2280 2279 2671 2672 2721 2720
8 2231 2232 2281 2280 2672 2673 2722 2721
8 2232 2233 2282 2281 2673 2674 2723 2722
8 2233 2234 2283 2282 2674 2675 2724 2723
8 2234 2235 2284 2283 2675 2676 2725 2724
8 2235 2236 2285 2284 2676 2677 2726 2725
8 2236 2237 2286 2285 2677 2678 2727 2726
8 2237 2238 2287 2286 2678 2679 2728 2727
8 2238 2239 2288 2287 2679 2680 2729 2728
8 2239 2240 2289 2288 2680 2681 2730 2729
8 2240 2241 2290 2289 2681 2682 2731 2730
8 2241 2242 2291 2290 2682 2683 2732 2731
8 2242 2243 2292 2291 2683 2684 2733 2732
8 2243 2244 2293 2292 2684 2685 2734 2733
8 2244 2245 2294 2293 2685 2686 2735 2734
8 2245 2246 2295 2294 2686 2687 2736 2735
8 2246 2247 2296 2295 2687 2688 2737 2736
8 2247 2248 2297 2296 2688 2689 2738 2737
8 2248 2249 2298 2297 2689 2690 2739 2738
8 2249 2250 2299 2298 2690 2691 2740 2739
8 2250 2251 2300 2299 2691 2692 2741 2740
8 2251 2252 2301 2300 2692 2693 2742 2741
8 2252 2253 2302 2301 2693 2694 2743 2742
8 2254 2255 2304 2303 2695 2696 2745 2744
8 2255 2256 2305 2304 2696 2697 2746 2745
8 2256 2257 2306 2305 2697 2698 2747 2746
8 2257 2258 2307 2306 2698 2699 2748 2747
8 2258 2259 2308 2307 2699 2700 2749 2748
8 2259 2260 2309 2308 2700 2701 2750 2749
8 2260 2261 2310 2309 2701 2702 2751 2750
8 2261 2262 2311 2310 2702 2703 2752 2751
8 2262 2263 2312 2311 2703 2704 2753 2752
8 2263 2264 2313 2312 2704 2705 2754 2753
8 2264 2265 2314 2313 2705 2706 2755 2754
8 2265 2266 2315 2314 2706 2707 2756 2755
8 2266 2267 2316 2315 2707 2708 2757 2756
8 2267 2268 2317 2316 2708 2709 2758 2757
8 2268 2269 2318 2317 2709 2710 2759 2758
8 2269 2270 2319 2318 2710 2711 2760 2759
8 2270 2271 2320 2319 2711 2712 2761 2760
8 2271 2272 2321 2320 2712 2713 2762 2761
8 2272 2273 2322 2321 2713 2714 2763 2762
8 2273 2274 2323 2322 2714 2715 2764 2763
8 2274 2275 2324 2323 2715 2716 2765 2764
8 2275 2276 2325 2324 2716 2717 2766 2765
8 2276 2277 2326 2325 2717 2718 2767 2766
8 2277 2278 2327 2326 2718 2719 2768 2767
8 2278 2279 2328 2327 2719 2720 2769 2768
8 2279 2280 2329 2328 2720 2721 2770 2769
8 2280 2281 2330 2329 2721 2722 2771 2770
8 2281 2282 2331 2330 2722 2723 2772 2771
8 2282 2283 2332 2331 2723 2724 2773 2772
8 2283 2284 2333 2332 2724 2725 2774 2773
8 2284 2285 2334 2333 2725 2726 2775 2774
8 2285 2286 2335 2334 2726 2727 2776 2775
8 2286 2287 2336 2335 2727 2728 2777 2776
8 2287 2288 2337 2336 2728 2729 2778 2777
8 2288 2289 2338 2337 2729 2730 2779 2778
8 2289 2290 2339 2338 2730 2731 2780 2779
8 2290 2291 2340 2339 2731 2732 2781 2780
8 2291 2292 2341 2340 2732 2733 2782 2781
8 2292 2293 2342 2341 2733 2734 2783 2782
8 2293 2294 2343 2342 2734 2735 2784 2783
8 2294 2295 2344 2343 2735 2736 2785 2784
8 2295 2296 2345 2344 2736 2737 2786 2785
8 2296 2297 2346 2345 2737 2738 2787 2786
8 2297 2298 2347 2346 2738 2739 2788 2787
8 2298 2299 2348 2347 2739 2740 2789 2788
8 2299 2300 2349 2348 2740 2741 2790 2789
8 2300 2301 2350 2349 2741 2742 2791 2790
8 2301 2302 2351 2350 2742 2743 2792 2791
8 2303 2304 2353 2352 2744 2745 2794 2793
8 2304 2305 2354 2353 2745 2746 2795 2794
8 2305 2306 2355 2354 2746 2747 2796 2795
8 2306 2307 2356 2355 2747 2748 2797 2796
8 2307 2308 2357 2356 2748 2749 2798 2797
8 2308 2309 2358 2357 2749 2750 2799 2798
8 2309 2310 2359 2358 2750 2751 2800 2799
8 2310 2311 2360 2359 2751 2752 2801 2800
8 2311 2312 2361 2360 2752 2753 2802 2801
8 2312 2313 2362 2361 2753 2754 2803 2802
8 2313 2314 2363 2362 2754 2755 2804 2803
8 2314 2315 2364 2363 2755 2756 2805 2804
8 2315 2316 2365 2364 2756 2757 2806 2805
8 2316 2317 2366 2365 2757 2758 2807 2806
8 2317 2318 2367 2366 2758 2759 2808 2807
8 2318 2319 2368 2367 2759 2760 2809 2808
8 2319 2320 2369 2368 2760 2761 2810 2809
8 2320 2321 2370 2369 2761 2762 2811 2810
8 2321 2322 2371 2370 2762 2763 2812 2811
8 2322 2323 2372 2371 2763 2764 2813 2812
8 2323 2324 2373 2372 2764 2765 2814 2813
8 2324 2325 2374 2373 2765 2766 2815 2814
8 2325 2326 2375 2374 2766 2767 2816 2815
8 2326 2327 2376 2375 2767 2768 2817 2816
8 2327 2328 2377 2376 2768 2769 2818 2817
8 2328 2329 2378 2377 2769 2770 2819 2818
8 2329 2330 2379 2378 2770 2771 2820 2819
8 2330 2331 2380 2379 2771 2772 2821 2820
8 2331 2332 2381 2380 2772 2773 2822 2821
8 2332 2333 2382 2381 2773 2774 2823 2822
8 2333 2334 2383 2382 2774 2775 2824 2823
8 2334 2335 2384 2383 2775 2776 2825 2824
8 2335 2336 2385 2384 2776 2777 2826 2825
8 2336 2337 2386 2385 2777 2778 2827 2826
8 2337 2338 2387 2386 2778 2779 2828 2827
8 2338 2339 2388 2387 2779 2780 2829 2828
8 2339 2340 2389 2388 2780 2781 2830 2829
8 2340 2341 2390 2389 2781 2782 2831 2830
8 2341 2342 2391 2390 2782 2783 2832 2831
8 2342 2343 2392 2391 2783 2784 2833 2832
8 2343 2344 2393 2392 2784 2785 2834 2833
8 2344 2345 2394 2393 2785 2786 2835 2834
8 2345 2346 2395 2394 2786 2787 2836 2835
8 2346 2347 2396 2395 2787 2788 2837 2836
8 2347 2348 2397 2396 2788 2789 2838 2837
8 2348 2349 2398 2397 2789 2790 2839 2838
8 2349 2350 2399 2398 2790 2791 2840 2839
8 2350 2351 2400 2399 2791 2792 2841 2840
8 2352 2353 2402 2401 2793 2794 2843 2842
8 2353 2354 2403 2402 2794 2795 2844 2843
8 2354 2355 2404 2403 2795 2796 2845 2844
8 2355 2356 2405 2404 2796 2797 2846 2845
8 2356 2357 2406 2405 2797 2798 2847 2846
8 2357 2358 2407 2406 2798 2799 2848 2847
8 2358 2359 2408 2407 2799 2800 2849 2848
8 2359 2360 2409 2408 2800 2801 2850 2849
8 2360 2361 2410 2409 2801 2802 2851 2850
8 2361 2362 2411 2410 2802 2803 2852 2851
8 2362 2363 2412 2411 2803 2804 2853 2852
8 2363 2364 2413 2412 2804 2805 2854 2853
8 2364 2365 2414 2413 2805 2806 2855 2854
8 2365 2366 2415 2414 2806 2807 2856 2855
8 2366 2367 2416 2415 2807 2808 2857 2856
8 2367 2368 2417 2416 2808 2809 2858 2857
8 2368 2369 2418 2417 2809 2810 2859 2858
8 2369 2370 2419 2418 2810 2811 2860 2859
8 2370 2371 2420 2419 2811 2812 2861 2860
8 2371 2372 2421 2420 2812 2813 2862 2861
8 2372 2373 2422 2421 2813 2814 2863 2862
8 2373 2374 2423 2422 2814 2815 2864 2863
8 2374 2375 2424 2423 2815 2816 2865 2864
8 2375 2376 2425 2424 2816 2817 2866 2865
8 2376 2377 2426 2425 2817 2818 2867 2866
8 2377 2378 2427 2426 2818 2819 2868 2867
8 2378 2379 2428 2427 2819 2820 2869 2868
8 2379 2380 2429 2428 2820 2821 2870 2869
8 2380 2381 2430 2429 2821 2822 2871 2870
8 2381 2382 2431 2430 2822 2823 2872 2871
8 2382 2383 2432 2431 2823 2824 2873 2872
8 2383 2384 2433 2432 2824 2825 2874 2873
8 2384 2385 2434 2433 2825 2826 2875 2874
8 2385 2386 2435 2434 2826 2827 2876 2875
8 2386 2387 2436 2435 2827 2828 2877 2876
8 2387 2388 2437 2436 2828 2829 2878 2877
8 2388 2389 2438 2437 2829 2830 2879 2878
8 2389 2390 2439 2438 2830 2831 2880 2879
8 2390 2391 2440 2439 2831 2832 2881 2880
8 2391 2392 2441 2440 2832 2833 2882 2881
8 2392 2393 2442 2441 2833 2834 2883 2882
8 2393 2394 2443 2442 2834 2835 2884 2883
8 2394 2395 2444 2443 2835 2836 2885 2884
8 2395 2396 2445 2444 2836 2837 2886 2885
8 2396 2397 2446 2445 2837 2838 2887 2886
8 2397 2398 2447 2446 2838 2839 2888 2887
8 2398 2399 2448 2447 2839 2840 2889 2888
8 2399 2400 2449 2448 2840 2841 2890 2889
8 2401 2402 2451 2450 2842 2843 2892 2891
8 2402 2403 2452 2451 2843 2844 2893 2892
8 2403 2404 2453 2452 2844 2845 2894 2893
8 2404 2405 2454 2453 2845 2846 2895 2894
8 2405 2406 2455 2454 2846 2847 2896 2895
8 2406 2407 2456 2455 2847 2848 2897 2896
8 2407 2408 2457 2456 2848 2849 2898 2897
8 2408 2409 2458 2457 2849 2850 2899 2898
8 2409 2410 2459 2458 2850 2851 2900 2899
8 2410 2411 2460 2459 2851 2852 2901 2900
8 2411 2412 2461 2460 2852 2853 2902 2901
8 2412 2413 2462 2461 2853 2854 2903 2902
8 2413 2414 2463 2462 2854 2855 2904 2903
8 2414 2415 2464 2463 2855 2856 2905 2904
8 2415 2416 2465 2464 2856 2857 2906 2905
8 2416 2417 2466 2465 2857 2858 2907 2906
8 2417 2418 2467 2466 2858 2859 2908 2907
8 2418 2419 2468 2467 2859 2860 2909 2908
8 2419 2420 2469 2468 2860 2861 2910 2909
8 2420 2421 2470 2469 2861 2862 2911 2910
8 2421 2422 2471 2470 2862 2863 2912 2911
8 2422 2423 2472 2471 2863 2864 2913 2912
8 2423 2424 2473 2472 2864 2865 2914 2913
8 2424 2425 2474 2473 2865 2866 2915 2914
8 2425 2426 2475 2474 2866 2867 2916 2915
8 2426 2427 2476 2475 2867 2868 2917 2916
8 2427 2428 2477 2476 2868 2869 2918 2917
8 2428 2429 2478 2477 2869 2870 2919 2918
8 2429 2430 2479 2478 2870 2871 2920 2919
8 2430 2431 2480 2479 2871 2872 2921 2920
8 2431 2432 2481 2480 2872 2873 2922 2921
8 2432 2433 2482 2481 2873 2874 2923 2922
8 2433 2434 2483 2482 2874 2875 2924 2923
8 2434 2435 2484 2483 2875 2876 2925 2924
8 2435 2436 2485 2484 2876 2877 2926 2925
8 2436 2437 2486 2485 2877 2878 2927 2926
8 2437 2438 2487 2486 2878 2879 2928 2927
8 2438 2439 2488 2487 2879 2880 2929 2928
8 2439 2440 2489 2488 2880 2881 2930 2929
8 2440 2441 2490 2489 2881 2882 2931 2930
8 2441 2442 2491 2490 2882 2883 2932 2931
8 2442 2443 2492 2491 2883 2884 2933 2932
8 2443 2444 2493 2492 2884 2885 2934 2933
8 2444 2445 2494 2493 2885 2886 2935 2934
8 2445 2446 2495 2494 2886 2887 2936 2935
8 2446 2447 2496 2495 2887 2888 2937 2936
8 2447 2448 2497 2496 2888 2889 2938 2937
8 2448 2449 2498 2497 2889 2890 2939 2938
8 2450 2451 2500 2499 2891 2892 2941 2940
8 2451 2452 2501 2500 2892 2893 2942 2941
8 2452 2453 2502 2501 2893 2894 2943 2942
8 2453 2454 2503 2502 2894 2895 2944 2943
8 2454 2455 2504 2503 2895 2896 2945 2944
8 2455 2456 2505 2504 2896 2897 2946 2945
8 2456 2457 2506 2505 2897 2898 2947 2946
8 2457 2458 2507 2506 2898 2899 2948 2947
8 2458 2459 2508 2507 2899 2900 2949 2948
8 2459 2460 2509 2508 2900 2901 2950 2949
8 2460 2461 2510 2509 2901 2902 2951 2950
8 2461 2462 2511 2510 2902 2903 2952 2951
8 2462 2463 2512 2511 2903 2904 2953 2952
8 2463 2464 2513 2512 2904 2905 2954 2953
8 2464 2465 2514 2513 2905 2906 2955 2954
8 2465 2466 2515 2514 2906 2907 2956 2955
8 2466 2467 2516 2515 2907 2908 2957 2956
8 2467 2468 2517 2516 2908 2909 2958 2957
8 2468 2469 2518 2517 2909 2910 2959 2958
8 2469 2470 2519 2518 2910 2911 2960 2959
8 2470 2471 2520 2519 2911 2912 2961 2960
8 2471 2472 2521 2520 2912 2913 2962 2961
8 2472 2473 2522 2521 2913 2914 2963 2962
8 2473 2474 2523 2522 2914 2915 2964 2963
8 2474 2475 2524 2523 2915 2916 2965 2964
8 2475 2476 2525 2524 2916 2917 2966 2965
8 2476 2477 2526 2525 2917 2918 2967 2966
8 2477 2478 2527 2526 2918 2919 2968 2967
8 2478 2479 2528 2527 2919 2920 2969 2968
8 2479 2480 2529 2528 2920 2921 2970 2969
8 2480 2481 2530 2529 2921 2922 2971 2970
8 2481 2482 2531 2530 2922 2923 2972 2971
8 2482 2483 2532 2531 2923 2924 2973 2972
8 2483 2484 2533 2532 2924 2925 2974 2973
8 2484 2485 2534 2533 2925 2926 2975 2974
8 2485 2486 2535 2534 2926 2927 2976 2975
8 2486 2487 2536 2535 2927 2928 2977 2976
8 2487 2488 2537 2536 2928 2929 2978 2977
8 2488 2489 2538 2537 2929 2930 2979 2978
8 2489 2490 2539 2538 2930 2931 2980 2979
8 2490 2491 2540 2539 2931 2932 2981 2980
8 2491 2492 2541 2540 2932 2933 2982 2981
8 2492 2493 2542 2541 2933 2934 2983 2982
8 2493 2494 2543 2542 2934 2935 2984 2983
8 2494 2495 2544 2543 2935 2936 2985 2984
8 2495 2496 2545 2544 2936 2937 2986 2985
8 2496 2497 2546 2545 2937 2938 2987 2986
8 2497 2498 2547 2546 2938 2939 2988 2987
8 2499 2500 2549 2548 2940 2941 2990 2989
8 2500 2501 2550 2549 2941 2942 2991 2990
8 2501 2502 2551 2550 2942 2943 2992 2991
8 2502 2503 2552 2551 2943 2944 2993 2992
8 2503 2504 2553 2552 2944 2945 2994 2993
8 2504 2505 2554 2553 2945 2946 2995 2994
8 2505 2506 2555 2554 2946 2947 2996 2995
8 2506 2507 2556 2555 2947 2948 2997 2996
8 2507 2508 2557 2556 2948 2949 2998 2997
8 2508 2509 2558 2557 2949 2950 2999 2998
8 2509 2510 2559 2558 2950 2951 3000 2999
8 2510 2511 2560 2559 2951 2952 3001 3000
8 2511 2512 2561 2560 2952 2953 3002 3001
8 2512 2513 2562 2561 2953 2954 3003 3002
8 2513 2514 2563 2562 2954 2955 3004 3003
8 2514 2515 2564 2563 2955 2956 3005 3004
8 2515 2516 2565 2564 2956 2957 3006 3005
8 2516 2517 2566 2565 2957 2958 3007 3006
8 2517 2518 2567 2566 2958 2959 3008 3007
8 2518 2519 2568 2567 2959 2960 3009 3008
8 2519 2520 2569 2568 2960 2961 3010 3009
8 2520 2521 2570 2569 2961 2962 3011 3010
8 2521 2522 2571 2570 2962 2963 3012 3011
8 2522 2523 2572 2571 2963 2964 3013 3012
8 2523 2524 2573 2572 2964 2965 3014 3013
8 2524 2525 2574 2573 2965 2966 3015 3014
8 2525 2526 2575 2574 2966 2967 3016 3015
8 2526 2527 2576 2575 2967 2968 3017 3016
8 2527 2528 2577 2576 2968 2969 3018 3017
8 2528 2529 2578 2577 2969 2970 3019 3018
8 2529 2530 2579 2578 2970 2971 3020 3019
8 2530 2531 2580 2579 2971 2972 3021 3020
8 2531 2532 2581 2580 2972 2973 3022 3021
8 2532 2533 2582 2581 2973 2974 3023 3022
8 2533 2534 2583 2582 2974 2975 3024 3023
8 2534 2535 2584 2583 2975 2976 3025 3024
8 2535 2536 2585 2584 2976 2977 3026 3025
8 2536 2537 2586 2585 2977 2978 3027 3026
8 2537 2538 2587 2586 2978 2979 3028 3027
8 2538 2539 2588 2587 2979 2980 3029 3028
8 2539 2540 2589 2588 2980 2981 3030 3029
8 2540 2541 2590 2589 2981 2982 3031 3030
8 2541 2542 2591 2590 2982 2983 3032 3031
8 2542 2543 2592 2591 2983 2984 3033 3032
8 2543 2544 2593 2592 2984 2985 3034 3033
8 2544 2545 2594 2593 2985 2986 3035 3034
8 2545 2546 2595 2594 2986 2987 3036 3035
8 2546 2547 2596 2595 2987 2988 3037 3036
8 2548 2549 2598 2597 2989 2990 3039 3038
8 2549 2550 2599 2598 2990 2991 3040 3039
8 2550 2551 2600 2599 2991 2992 3041 3040
8 2551 2552 2601 2600 2992 2993 3042 3041
8 2552 2553 2602 2601 2993 2994 3043 3042
8 2553 2554 2603 2602 2994 2995 3044 3043
8 2554 2555 2604 2603 2995 2996 3045 3044
8 2555 2556 2605 2604 2996 2997 3046 3045
8 2556 2557 2606 2605 2997 2998 3047 3046
8 2557 2558 2607 2606 2998 2999 3048 3047
8 2558 2559 2608 2607 2999 3000 3049 3048
8 2559 2560 2609 2608 3000 3001 3050 3049
8 2560 2561 2610 2609 3001 3002 3051 3050
8 2561 2562 2611 2610 3002 3003 3052 3051
8 2562 2563 2612 2611 3003 3004 3053 3052
8 2563 2564 2613 2612 3004 3005 3054 3053
8 2564 2565 2614 2613 3005 3006 3055 3054
8 2565 2566 2615 2614 3006 3007 3056 3055
8 2566 2567 2616 2615 3007 3008 3057 3056
8 2567 2568 2617 2616 3008 3009 3058 3057
8 2568 2569 2618 2617 3009 3010 3059 3058
8 2569 2570 2619 2618 3010 3011 3060 3059
8 2570 2571 2620 2619 3011 3012 3061 3060
8 2571 2572 2621 2620 3012 3013 3062 3061
8 2572 2573 2622 2621 3013 3014 3063 3062
8 2573 2574 2623 2622 3014 3015 3064 3063
8 2574 2575 2624 2623 3015 3016 3065 3064
8 2575 2576 2625 2624 3016 3017 3066 3065
8 2576 2577 2626 2625 3017 3018 3067 3066
8 2577 2578 2627 2626 3018 3019 3068 3067
8 2578 2579 2628 2627 3019 3020 3069 3068
8 2579 2580 2629 2628 3020 3021 3070 3069
8 2580 2581 2630 2629 3021 3022 3071 3070
8 2581 2582 2631 2630 3022 3023 3072 3071
8 2582 2583 2632 2631 3023 3024 3073 3072
8 2583 2584 2633 2632 3024 3025 3074 3073
8 2584 2585 2634 2633 3025 3026 3075 3074
8 2585 2586 2635 2634 3026 3027 3076 3075
8 2586 2587 2636 2635 3027 3028 3077 3076
8 2587 2588 2637 2636 3028 3029 3078 3077
8 2588 2589 2638 2637 3029 3030 3079 3078
8 2589 2590 2639 2638 3030 3031 3080 3079
8 2590 2591 2640 2639 3031 3032 3081 3080
8 2591 2592 2641 2640 3032 3033 3082 3081
8 2592 2593 2642 2641 3033 3034 3083 3082
8 2593 2594 2643 2642 3034 3035 3084 3083
8 2594 2595 2644 2643 3035 3036 3085 3084
8 2595 2596 2645 2644 3036 3037 3086 3085
8 2646 2647 2696 2695 3087 3088 3137 3136
8 2647 2648 2697 2696 3088 3089 3138 3137
8 2648 2649 2698 2697 3089 3090 3139 3138
8 2649 2650 2699 2698 3090 3091 3140 3139
8 2650 2651 2700 2699 3091 3092 3141 3140
8 2651 2652 2701 2700 3092 3093 3142 3141
8 2652 2653 2702 2701 3093 3094 3143 3142
8 2653 2654 2703 2702 3094 3095 3144 3143
8 2654 2655 2704 2703 3095 3096 3145 3144
8 2655 2656 2705 2704 3096 3097 3146 3145
8 2656 2657 2706 2705 3097 3098 3147 3146
8 2657 2658 2707 2706 3098 3099 3148 3147
8 2658 2659 2708 2707 3099 3100 3149 3148
8 2659 2660 2709 2708 3100 3101 3150 3149
8 2660 2661 2710 2709 3101 3102 3151 3150
8 2661 2662 2711 2710 3102 3103 3152 3151
8 2662 2663 2712 2711 3103 3104 3153 3152
8 2663 2664 2713 2712 3104 3105 3154 3153
8 2664 2665 2714 2713 3105 3106 3155 3154
8 2665 2666 2715 2714 3106 3107 3156 3155
8 2666 2667 2716 2715 3107 3108 3157 3156
8 2667 2668 2717 2716 3108 3109 3158 3157
8 2668 2669 2718 2717 3109 3110 3159 3158
8 2669 2670 2719 2718 3110 3111 3160 3159
8 2670 2671 2720 2719 3111 3112 3161 3160
8 2671 2672 2721 2720 3112 3113 3162 3161
8 2672 2673 2722 2721 3113 3114 3163 3162
8 2673 2674 2723 2722 3114 3115 3164 3163
8 2674 2675 2724 2723 3115 3116 3165 3164
8 2675 2676 2725 2724 3116 3117 3166 3165
8 2676 2677 2726 2725 3117 3118 3167 3166
8 2677 2678 2727 2726 3118 3119 3168 3167
8 2678 2679 2728 2727 3119 3120 3169 3168
8 2679 2680 2729 2728 3120 3121 3170 3169
8 2680 2681 2730 2729 3121 3122 3171 3170
8 2681 2682 2731 2730 3122 3123 3172 3171
8 2682 2683 2732 2731 3123 3124 3173 3172
8 2683 2684 2733 2732 3124 3125 3174 3173
8 2684 2685 2734 2733 3125 3126 3175 3174
8 2685 2686 2735 2734 3126 3127 3176 3175
8 2686 2687 2736 2735 3127 3128 3177 3176
8 2687 2688 2737 2736 3128 3129 3178 3177
8 2688 2689 2738 2737 3129 3130 3179 3178
8 2689 2690 2739 2738 3130 3131 3180 3179
8 2690 2691 2740 2739 3131 3132 3181 3180
8 2691 2692 2741 2740 3132 3133 3182 3181
8 2692 2693 2742 2741 3133 3134 3183 3182
8 2693 2694 2743 2742 3134 3135 3184 3183
8 2695 2696 2745 2744 3136 3137 3186 3185
8 2696 2697 2746 2745 3137 3138 3187 3186
8 2697 2698 2747 2746 3138 3139 3188 3187
8 2698 2699 2748 2747 3139 3140 3189 3188
8 2699 2700 2749 2748 3140 3141 3190 3189
8 2700 2701 2750 2749 3141 3142 3191 3190
8 2701 2702 2751 2750 3142 3143 3192 3191
8 2702 2703 2752 2751 3143 3144 3193 3192
8 2703 2704 2753 2752 3144 3145 3194 3193
8 2704 2705 2754 2753 3145 3146 3195 3194
8 2705 2706 2755 2754 3146 3147 3196 3195
8 2706 2707 2756 2755 3147 3148 3197 3196
8 2707 2708 2757 2756 3148 3149 3198 3197
8 2708 2709 2758 2757 3149 3150 3199 3198
8 2709 2710 2759 2758 3150 3151 3200 3199
8 2710 2711 2760 2759 3151 3152 3201 3200
8 2711 2712 2761 2760 3152 3153 3202 3201
8 2712 2713 2762 2761 3153 3154 3203 3202
8 2713 2714 2763 2762 3154 3155 3204 3203
8 2714 2715 2764 2763 3155 3156 3205 3204
8 2715 2716 2765 2764 3156 3157 3206 3205
8 2716 2717 2766 2765 3157 3158 3207 3206
8 2717 2718 2767 2766 3158 3159 3208 3207
8 2718 2719 2768 2767 3159 3160 3209 3208
8 2719 2720 2769 2768 3160 3161 3210 3209
8 2720 2721 2770 2769 3161 3162 3211 3210
8 2721 2722 2771 2770 3162 3163 3212 3211
8 2722 2723 2772 2771 3163 3164 3213 3212
8 2723 2724 2773 2772 3164 3165 3214 3213
8 2724 2725 2774 2773 3165 3166 3215 3214
8 2725 2726 2775 2774 3166 3167 3216 3215
8 2726 2727 2776 2775 3167 3168 3217 3216
8 2727 2728 2777 2776 3168 3169 3218 3217
8 2728 2729 2778 2777 3169 3170 3219 3218
8 2729 2730 2779 2778 3170 3171 3220 3219
8 2730 2731 2780 2779 3171 3172 3221 3220
8 2731 2732 2781 2780 3172 3173 3222 3221
8 2732 2733 2782 2781 3173 3174 3223 3222
8 2733 2734 2783 2782 3174 3175 3224 3223
8 2734 2735 2784 2783 3175 3176 3225 3224
8 2735 2736 2785 2784 3176 3177 3226 3225
8 2736 2737 2786 2785 3177 3178 3227 3226
8 2737 2738 2787 2786 3178 3179 3228 3227
8 2738 2739 2788 2787 3179 3180 3229 3228
8 2739 2740 2789 2788 3180 3181 3230 3229
8 2740 2741 2790 2789 3181 3182 3231 3230
8 2741 2742 2791 2790 3182 3183 3232 3231
8 2742 2743 2792 2791 3183 3184 3233 3232
8 2744 2745 2794 2793 3185 3186 3235 3234
8 2745 2746 2795 2794 3186 3187 3236 3235
8 2746 2747 2796 2795 3187 3188 3237 3236
8 2747 2748 2797 2796 3188 3189 3238 3237
8 2748 2749 2798 2797 3189 3190 3239 3238
8 2749 2750 2799 2798 3190 3191 3240 3239
8 2750 2751 2800 2799 3191 3192 3241 3240
8 2751 2752 2801 2800 3192 3193 3242 3241
8 2752 2753 2802 2801 3193 3194 3243 3242
8 2753 2754 2803 2802 3194 3195 3244 3243
8 2754 2755 2804 2803 3195 3196 3245 3244
8 2755 2756 2805 2804 3196 3197 3246 3245
8 2756 2757 2806 2805 3197 3198 3247 3246
8 2757 2758 2807 2806 3198 3199 3248 3247
8 2758 2759 2808 2807 3199 3200 3249 3248
8 2759 2760 2809 2808 3200 3201 3250 3249
8 2760 2761 2810 2809 3201 3202 3251 3250
8 2761 2762 2811 2810 3202 3203 3252 3251
8 2762 2763 2812 2811 3203 3204 3253 3252
8 2763 2764 2813 2812 3204 3205 3254 3253
8 2764 2765 2814 2813 3205 3206 3255 3254
8 2765 2766 2815 2814 3206 3207 3256 3255
8 2766 2767 2816 2815 3207 3208 3257 3256
8 2767 2768 2817 2816 3208 3209 3258 3257
8 2768 2769 2818 2817 3209 3210 3259 3258
8 2769 2770 2819 2818 3210 3211 3260 3259
8 2770 2771 2820 2819 3211 3212 3261 3260
8 2771 2772 2821 2820 3212 3213 3262 3261
8 2772 2773 2822 2821 3213 3214 3263 3262
8 2773 2774 2823 2822 3214 3215 3264 3263
8 2774 2775 2824 2823 3215 3216 3265 3264
8 2775 2776 2825 2824 3216 3217 3266 3265
8 2776 2777 2826 2825 3217 3218 3267 3266
8 2777 2778 2827 2826 3218 3219 3268 3267
8 2778 2779 2828 2827 3219 3220 3269 3268
8 2779 2780 2829 2828 3220 3221 3270 3269
8 2780 2781 2830 2829 3221 3222 3271 3270
8 2781 2782 2831 2830 3222 3223 3272 3271
8 2782 2783 2832 2831 3223 3224 3273 3272
8 2783 2784 2833 2832 3224 3225 3274 3273
8 2784 2785 2834 2833 3225 3226 3275 3274
8 2785 2786 2835 2834 3226 3227 3276 3275
8 2786 2787 2836 2835 3227 3228 3277 3276
8 2787 2788 2837 2836 3228 3229 3278 3277
8 2788 2789 2838 2837 3229 3230 3279 3278
8 2789 2790 2839 2838 3230 3231 3280 3279
8 2790 2791 2840 2839 3231 3232 3281 3280
8 2791 2792 2841 2840 3232 3233 3282 3281
8 2793 2794 2843 2842 3234 3235 3284 3283
8 2794 2795 2844 2843 3235 3236 3285 3284
8 2795 2796 2845 2844 3236 3237 3286 3285
8 2796 2797 2846 2845 3237 3238 3287 3286
8 2797 2798 2847 2846 3238 3239 3288 3287
8 2798 2799 2848 2847 3239 3240 3289 3288
8 2799 2800 2849 2848 3240 3241 3290 3289
8 2800 2801 2850 2849 3241 3242 3291 3290
8 2801 2802 2851 2850 3242 3243 3292 3291
8 2802 2803 2852 2851 3243 3244 3293 3292
8 2803 2804 2853 2852 3244 3245 3294 3293
8 2804 2805 2854 2853 3245 3246 3295 3294
8 2805 2806 2855 2854 3246 3247 3296 3295
8 2806 2807 2856 2855 3247 3248 3297 3296
8 2807 2808 2857 2856 3248 3249 3298 3297
8 2808 2809 2858 2857 3249 3250 3299 3298
8 2809 2810 2859 2858 3250 3251 3300 3299
8 2810 2811 2860 2859 3251 3252 3301 3300
8 2811 2812 2861 2860 3252 3253 3302 3301
8 2812 2813 2862 2861 3253 3254 3303 3302
8 2813 2814 2863 2862 3254 3255 3304 3303
8 2814 2815 2864 2863 3255 3256 3305 3304
8 2815 2816 2865 2864 3256 3257 3306 3305
8 2816 2817 2866 2865 3257 3258 3307 3306
8 2817 2818 2867 2866 3258 3259 3308 3307
8 2818 2819 2868 2867 3259 3260 3309 3308
8 2819 2820 2869 2868 3260 3261 3310 3309
8 2820 2821 2870 2869 3261 3262 3311 3310
8 2821 2822 2871 2870 3262 3263 3312 3311
8 2822 2823 2872 2871 3263 3264 3313 3312
8 2823 2824 2873 2872 3264 3265 3314 3313
8 2824 2825 2874 2873 3265 3266 3315 3314
8 2825 2826 2875 2874 3266 3267 3316 3315
8 2826 2827 2876 2875 3267 3268 3317 3316
8 2827 2828 2877 2876 3268 3269 3318 3317
8 2828 2829 2878 2877 3269 3270 3319 3318
8 2829 2830 2879 2878 3270 3271 3320 3319
8 2830 2831 2880 2879 3271 3272 3321 3320
8 2831 2832 2881 2880 3272 3273 3322 3321
8 2832 2833 2882 2881 3273 3274 3323 3322
8 2833 2834 2883 2882 3274 3275 3324 3323
8 2834 2835 2884 2883 3275 3276 3325 3324
8 2835 2836 2885 2884 3276 3277 3326 3325
8 2836 2837 2886 2885 3277 3278 3327 3326
8 2837 2838 2887 2886 3278 3279 3328 3327
8 2838 2839 2888 2887 3279 3280 3329 3328
8 2839 2840 2889 2888 3280 3281 3330 3329
8 2840 2841 2890 2889 3281 3282 3331 3330
8 2842 2843 2892 2891 3283 3284 3333 3332
8 2843 2844 2893 2892 3284 3285 3334 3333
8 2844 2845 2894 2893 3285 3286 3335 3334
8 2845 2846 2895 2894 3286 3287 3336 3335
8 2846 2847 2896 2895 3287 3288 3337 3336
8 2847 2848 2897 2896 3288 3289 3338 3337
8 2848 2849 2898 2897 3289 3290 3339 3338
8 2849 2850 2899 2898 3290 3291 3340 3339
8 2850 2851 2900 2899 3291 3292 3341 3340
8 2851 2852 2901 2900 3292 3293 3342 3341
8 2852 2853 2902 2901 3293 3294 3343 3342
8 2853 2854 2903 2902 3294 3295 3344 3343
8 2854 2855 2904 2903 3295 3296 3345 3344
8 2855 2856 2905 2904 3296 3297 3346 3345
8 2856 2857 2906 2905 3297 3298 3347 3346
8 2857 2858 2907 2906 3298 3299 3348 3347
8 2858 2859 2908 2907 3299 3300 3349 3348
8 2859 2860 2909 2908 3300 3301 3350 3349
8 2860 2861 2910 2909 3301 3302 3351 3350
8 2861 2862 2911 2910 3302 3303 3352 3351
8 2862 2863 2912 2911 3303 3304 3353 3352
8 2863 2864 2913 2912 3304 3305 3354 3353
8 2864 2865 2914 2913 3305 3306 3355 3354
8 2865 2866 2915 2914 3306 3307 3356 3355
8 2866 2867 2916 2915 3307 3308 3357 3356
8 2867 2868 2917 2916 3308 3309 3358 3357
8 2868 2869 2918 2917 3309 3310 3359 3358
8 2869 2870 2919 2918 3310 3311 3360 3359
8 2870 2871 2920 2919 3311 3312 3361 3360
8 2871 2872 2921 2920 3312 3313 3362 3361
8 2872 2873 2922 2921 3313 3314 3363 3362
8 2873 2874 2923 2922 3314 3315 3364 3363
8 2874 2875 2924 2923 3315 3316 3365 3364
8 2875 2876 2925 2924 3316 3317 3366 3365
8 2876 2877 2926 2925 3317 3318 3367 3366
8 2877 2878 2927 2926 3318 3319 3368 3367
8 2878 2879 2928 2927 3319 3320 3369 3368
8 2879 2880 2929 2928 3320 3321 3370 3369
8 2880 2881 2930 2929 3321 3322 3371 3370
8 2881 2882 2931 2930 3322 3323 3372 3371
8 2882 2883 2932 2931 3323 3324 3373 3372
8 2883 2884 2933 2932 3324 3325 3374 3373
8 2884 2885 2934 2933 3325 3326 3375 3374
8 2885 2886 2935 2934 3326 3327 3376 3375
8 2886 2887 2936 2935 3327 3328 3377 3376
8 2887 2888 2937 2936 3328 3329 3378 3377
8 2888 2889 2938 2937 3329 3330 3379 3378
8 2889 2890 2939 2938 3330 3331 3380 3379
8 2891 2892 2941 2940 3332 3333 3382 3381
8 2892 2893 2942 2941 3333 3334 3383 3382
8 2893 2894 2943 2942 3334 3335 3384 3383
8 2894 2895 2944 2943 3335 3336 3385 3384
8 2895 2896 2945 2944 3336 3337 3386 3385
8 2896 2897 2946 2945 3337 3338 3387 3386
8 2897 2898 2947 2946 3338 3339 3388 3387
8 2898 2899 2948 2947 3339 3340 3389 3388
8 2899 2900 2949 2948 3340 3341 3390 3389
8 2900 2901 2950 2949 3341 3342 3391 3390
8 2901 2902 2951 2950 3342 3343 3392 3391
8 2902 2903 2952 2951 3343 3344 3393 3392
8 2903 2904 2953 2952 3344 3345 3394 3393
8 2904 2905 2954 2953 3345 3346 3395 3394
8 2905 2906 2955 2954 3346 3347 3396 3395
8 2906 2907 2956 2955 3347 3348 3397 3396
8 2907 2908 2957 2956 3348 3349 3398 3397
8 2908 2909 2958 2957 3349 3350 3399 3398
8 2909 2910 2959 2958 3350 3351 3400 3399
8 2910 2911 2960 2959 3351 3352 3401 3400
8 2911 2912 2961 2960 3352 3353 3402 3401
8 2912 2913 2962 2961 3353 3354 3403 3402
8 2913 2914 2963 2962 3354 3355 3404 3403
8 2914 2915 2964 2963 3355 3356 3405 3404
8 2915 2916 2965 2964 3356 3357 3406 3405
8 2916 2917 2966 2965 3357 3358 3407 3406
8 2917 2918 2967 2966 3358 3359 3408 3407
8 2918 2919 2968 2967 3359 3360 3409 3408
8 2919 2920 2969 2968 3360 3361 3410 3409
8 2920 2921 2970 2969 3361 3362 3411 3410
8 2921 2922 2971 2970 3362 3363 3412 3411
8 2922 2923 2972 2971 3363 3364 3413 3412
8 2923 2924 2973 2972 3364 3365 3414 3413
8 2924 2925 2974 2973 3365 3366 3415 3414
8 2925 2926 2975 2974 3366 3367 3416 3415
8 2926 2927 2976 2975 3367 3368 3417 3416
8 2927 2928 2977 2976 3368 3369 3418 3417
8 2928 2929 2978 2977 3369 3370 3419 3418
8 2929 2930 2979 2978 3370 3371 3420 3419
8 2930 2931 2980 2979 3371 3372 3421 3420
8 2931 2932 2981 2980 3372 3373 3422 3421
8 2932 2933 2982 2981 3373 3374 3423 3422
8 2933 2934 2983 2982 3374 3375 3424 3423
8 2934 2935 2984 2983 3375 3376 3425 3424
8 2935 2936 2985 2984 3376 3377 3426 3425
8 2936 2937 2986 2985 3377 3378 3427 3426
8 2937 2938 2987 2986 3378 3379 3428 3427
8 2938 2939 2988 2987 3379 3380 3429 3428
8 2940 2941 2990 2989 3381 3382 3431 3430
8 2941 2942 2991 2990 3382 3383 3432 3431
8 2942 2943 2992 2991 3383 3384 3433 3432
8 2943 2944 2993 2992 3384 3385 3434 3433
8 2944 2945 2994 2993 3385 3386 3435 3434
8 2945 2946 2995 2994 3386 3387 3436 3435
8 2946 2947 2996 2995 3387 3388 3437 3436
8 2947 2948 2997 2996 3388 3389 3438 3437
8 2948 2949 2998 2997 3389 3390 3439 3438
8 2949 2950 2999 2998 3390 3391 3440 3439
8 2950 2951 3000 2999 3391 3392 3441 3440
8 2951 2952 3001 3000 3392 3393 3442 3441
8 2952 2953 3002 3001 3393 3394 3443 3442
8 2953 2954 3003 3002 3394 3395 3444 3443
8 2954 2955 3004 3003 3395 3396 3445 3444
8 2955 2956 3005 3004 3396 3397 3446 3445
8 2956 2957 3006 3005 3397 3398 3447 3446
8 2957 2958 3007 3006 3398 3399 3448 3447
8 2958 2959 3008 3007 3399 3400 3449 3448
8 2959 2960 3009 3008 3400 3401 3450 3449
8 2960 2961 3010 3009 3401 3402 3451 3450
8 2961 2962 3011 3010 3402 3403 3452 3451
8 2962 2963 3012 3011 3403 3404 3453 3452
8 2963 2964 3013 3012 3404 3405 3454 3453
8 2964 2965 3014 3013 3405 3406 3455 3454
8 2965 2966 3015 3014 3406 3407 3456 3455
8 2966 2967 3016 3015 3407 3408 3457 3456
8 2967 2968 3017 3016 3408 3409 3458 3457
8 2968 2969 3018 3017 3409 3410 3459 3458
8 2969 2970 3019 3018 3410 3411 3460 3459
8 2970 2971 3020 3019 3411 3412 3461 3460
8 2971 2972 3021 3020 3412 3413 3462 3461
8 2972 2973 3022 3021 3413 3414 3463 3462
8 2973 2974 3023 3022 3414 3415 3464 3463
8 2974 2975 3024 3023 3415 3416 3465 3464
8 2975 2976 3025 3024 3416 3417 3466 3465
8 2976 2977 3026 3025 3417 3418 3467 3466
8 2977 2978 3027 3026 3418 3419 3468 3467
8 2978 2979 3028 3027 3419 3420 3469 3468
8 2979 2980 3029 3028 3420 3421 3470 3469
8 2980 2981 3030 3029 3421 3422 3471 3470
8 2981 2982 3031 3030 3422 3423 3472 3471
8 2982 2983 3032 3031 3423 3424 3473 3472
8 2983 2984 3033 3032 3424 3425 3474 3473
8 2984 2985 3034 3033 3425 3426 3475 3474
8 2985 2986 3035 3034 3426 3427 3476 3475
8 2986 2987 3036 3035 3427 3428 3477 3476
8 2987 2988 3037 3036 3428 3429 3478 3477
8 2989 2990 3039 3038 3430 3431 3480 3479
8 2990 2991 3040 3039 3431 3432 3481 3480
8 2991 2992 3041 3040 3432 3433 3482 3481
8 2992 2993 3042 3041 3433 3434 3483 3482
8 2993 2994 3043 3042 3434 3435 3484 3483
8 2994 2995 3044 3043 3435 3436 3485 3484
8 2995 2996 3045 3044 3436 3437 3486 3485
8 2996 2997 3046 3045 3437 3438 3487 3486
8 2997 2998 3047 3046 3438 3439 3488 3487
8 2998 2999 3048 3047 3439 3440 3489 3488
8 2999 3000 3049 3048 3440 3441 3490 3489
8 3000 3001 3050 3049 3441 3442 3491 3490
8 3001 3002 3051 3050 3442 3443 3492 3491
8 3002 3003 3052 3051 3443 3444 3493 3492
8 3003 3004 3053 3052 3444 3445 3494 3493
8 3004 3005 3054 3053 3445 3446 3495 3494
8 3005 3006 3055 3054 3446 3447 3496 3495
8 3006 3007 3056 3055 3447 3448 3497 3496
8 3007 3008 3057 3056 3448 3449 3498 3497
8 3008 3009 3058 3057 3449 3450 3499 3498
8 3009 3010 3059 3058 3450 3451 3500 3499
8 3010 3011 3060 3059 3451 3452 3501 3500
8 3011 3012 3061 3060 3452 3453 3502 3501
8 3012 3013 3062 3061 3453 3454 3503 3502
8 3013 3014 3063 3062 3454 3455 3504 3503
8 3014 3015 3064 3063 3455 3456 3505 3504
8 3015 3016 3065 3064 3456 3457 3506 3505
8 3016 3017 3066 3065 3457 3458 3507 3506
8 3017 3018 3067 3066 3458 3459 3508 3507
8 3018 3019 3068 3067 3459 3460 3509 3508
8 3019 3020 3069 3068 3460 3461 3510 3509
8 3020 3021 3070 3069 3461 3462 3511 3510
8 3021 3022 3071 3070 3462 3463 3512 3511
8 3022 3023 3072 3071 3463 3464 3513 3512
8 3023 3024 3073 3072 3464 3465 3514 3513
8 3024 3025 3074 3073 3465 3466 3515 3514
8 3025 3026 3075 3074 3466 3467 3516 3515
8 3026 3027 3076 3075 3467 3468 3517 3516
8 3027 3028 3077 3076 3468 3469 3518 3517
8 3028 3029 3078 3077 3469 3470 3519 3518
8 3029 3030 3079 3078 3470 3471 3520 3519
8 3030 3031 3080 3079 3471 3472 3521 3520
8 3031 3032 3081 3080 3472 3473 3522 3521
8 3032 3033 3082 3081 3473 3474 3523 3522
8 3033 3034 3083 3082 3474 3475 3524 3523
8 3034 3035 3084 3083 3475 3476 3525 3524
8 3035 3036 3085 3084 3476 3477 3526 3525
8 3036 3037 3086 3085 3477 3478 3527 3526
8 3087 3088 3137 3136 3528 3529 3578 3577
8 3088 3089 3138 3137 3529 3530 3579 3578
8 3089 3090 3139 3138 3530 3531 3580 3579
8 3090 3091 3140 3139 3531 3532 3581 3580
8 3091 3092 3141 3140 3532 3533 3582 3581
8 3092 3093 3142 3141 3533 3534 3583 3582
8 3093 3094 3143 3142 3534 3535 3584 3583
8 3094 3095 3144 3143 3535 3536 3585 3584
8 3095 3096 3145 3144 3536 3537 3586 3585
8 3096 3097 3146 3145 3537 3538 3587 3586
8 3097 3098 3147 3146 3538 3539 3588 3587
8 3098 3099 3148 3147 3539 3540 3589 3588
8 3099 3100 3149 3148 3540 3541 3590 3589
8 3100 3101 3150 3149 3541 3542 3591 3590
8 3101 3102 3151 3150 3542 3543 3592 3591
8 3102 3103 3152 3151 3543 3544 3593 3592
8 3103 3104 3153 3152 3544 3545 3594 3593
8 3104 3105 3154 3153 3545 3546 3595 3594
8 3105 3106 3155 3154 3546 3547 3596 3595
8 3106 3107 3156 3155 3547 3548 3597 3596
8 3107 3108 3157 3156 3548 3549 3598 3597
8 3108 3109 3158 3157 3549 3550 3599 3598
8 3109 3110 3159 3158 3550 3551 3600 3599
8 3110 3111 3160 3159 3551 3552 3601 3600
8 3111 3112 3161 3160 3552 3553 3602 3601
8 3112 3113 3162 3161 3553 3554 3603 3602
8 3113 3114 3163 3162 3554 3555 3604 3603
8 3114 3115 3164 3163 3555 3556 3605 3604
8 3115 3116 3165 3164 3556 3557 3606 3605
8 3116 3117 3166 3165 3557 3558 3607 3606
8 3117 3118 3167 3166 3558 3559 3608 3607
8 3118 3119 3168 3167 3559 3560 3609 3608
8 3119 3120 3169 3168 3560 3561 3610 3609
8 3120 3121 3170 3169 3561 3562 3611 3610
8 3121 3122 3171 3170 3562 3563 3612 3611
8 3122 3123 3172 3171 3563 3564 3613 3612
8 3123 3124 3173 3172 3564 3565 3614 3613
8 3124 3125 3174 3173 3565 3566 3615 3614
8 3125 3126 3175 3174 3566 3567 3616 3615
8 3126 3127 3176 3175 3567 3568 3617 3616
8 3127 3128 3177 3176 3568 3569 3618 3617
8 3128 3129 3178 3177 3569 3570 3619 3618
8 3129 3130 3179 3178 3570 3571 3620 3619
8 3130 3131 3180 3179 3571 3572 3621 3620
8 3131 3132 3181 3180 3572 3573 3622 3621
8 3132 3133 3182 3181 3573 3574 3623 3622
8 3133 3134 3183 3182 3574 3575 3624 3623
8 3134 3135 3184 3183 3575 3576 3625 3624
8 3136 3137 3186 3185 3577 3578 3627 3626
8 3137 3138 3187 3186 3578 3579 3628 3627
8 3138 3139 3188 3187 3579 3580 3629 3628
8 3139 3140 3189 3188 3580 3581 3630 3629
8 3140 3141 3190 3189 3581 3582 3631 3630
8 3141 3142 3191 3190 3582 3583 3632 3631
8 3142 3143 3192 3191 3583 3584 3633 3632
8 3143 3144 3193 3192 3584 3585 3634 3633
8 3144 3145 3194 3193 3585 3586 3635 3634
8 3145 3146 3195 3194 3586 3587 3636 3635
8 3146 3147 3196 3195 3587 3588 3637 3636
8 3147 3148 3197 3196 3588 3589 3638 3637
8 3148 3149 3198 3197 3589 3590 3639 3638
8 3149 3150 3199 3198 3590 3591 3640 3639
8 3150 3151 3200 3199 3591 3592 3641 3640
8 3151 3152 3201 3200 3592 3593 3642 3641
8 3152 3153 3202 3201 3593 3594 3643 3642
8 3153 3154 3203 3202 3594 3595 3644 3643
8 3154 3155 3204 3203 3595 3596 3645 3644
8 3155 3156 3205 3204 3596 3597 3646 3645
8 3156 3157 3206 3205 3597 3598 3647 3646
8 3157 3158 3207 3206 3598 3599 3648 3647
8 3158 3159 3208 3207 3599 3600 3649 3648
8 3159 3160 3209 3208 3600 3601 3650 3649
8 3160 3161 3210 3209 3601 3602 3651 3650
8 3161 3162 3211 3210 3602 3603 3652 3651
8 3162 3163 3212 3211 3603 3604 3653 3652
8 3163 3164 3213 3212 3604 3605 3654 3653
8 3164 3165 3214 3213 3605 3606 3655 3654
8 3165 3166 3215 3214 3606 3607 3656 3655
8 3166 3167 3216 3215 3607 3608 3657 3656
8 3167 3168 3217 3216 3608 3609 3658 3657
8 3168 3169 3218 3217 3609 3610 3659 3658
8 3169 3170 3219 3218 3610 3611 3660 3659
8 3170 3171 3220 3219 3611 3612 3661 3660
8 3171 3172 3221 3220 3612 3613 3662 3661
8 3172 3173 3222 3221 3613 3614 3663 3662
8 3173 3174 3223 3222 3614 3615 3664 3663
8 3174 3175 3224 3223 3615 3616 3665 3664
8 3175 3176 3225 3224 3616 3617 3666 3665
8 3176 3177 3226 3225 3617 3618 3667 3666
8 3177 3178 3227 3226 3618 3619 3668 3667
8 3178 3179 3228 3227 3619 3620 3669 3668
8 3179 3180 3229 3228 3620 3621 3670 3669
8 3180 3181 3230 3229 3621 3622 3671 3670
8 3181 3182 3231 3230 3622 3623 3672 3671
8 3182 3183 3232 3231 3623 3624 3673 3672
8 3183 3184 3233 3232 3624 3625 3674 3673
8 3185 3186 3235 3234 3626 3627 3676 3675
8 3186 3187 3236 3235 3627 3628 3677 3676
8 3187 3188 3237 3236 3628 3629 3678 3677
8 3188 3189 3238 3237 3629 3630 3679 3678
8 3189 3190 3239 3238 3630 3631 3680 3679
8 3190 3191 3240 3239 3631 3632 3681 3680
8 3191 3192 3241 3240 3632 3633 3682 3681
8 3192 3193 3242 3241 3633 3634 3683 3682
8 3193 3194 3243 3242 3634 3635 3684 3683
8 3194 3195 3244 3243 3635 3636 3685 3684
8 3195 3196 3245 3244 3636 3637 3686 3685
8 3196 3197 3246 3245 3637 3638 3687 3686
8 3197 3198 3247 3246 3638 3639 3688 3687
8 3198 3199 3248 3247 3639 3640 3689 3688
8 3199 3200 3249 3248 3640 3641 3690 3689
8 3200 3201 3250 3249 3641 3642 3691 3690
8 3201 3202 3251 3250 3642 3643 3692 3691
8 3202 3203 3252 3251 3643 3644 3693 3692
8 3203 3204 3253 3252 3644 3645 3694 3693
8 3204 3205 3254 3253 3645 3646 3695 3694
8 3205 3206 3255 3254 3646 3647 3696 3695
8 3206 3207 3256 3255 3647 3648 3697 3696
8 3207 3208 3257 3256 3648 3649 3698 3697
8 3208 3209 3258 3257 3649 3650 3699 3698
8 3209 3210 3259 3258 3650 3651 3700 3699
8 3210 3211 3260 3259 3651 3652 3701 3700
8 3211 3212 3261 3260 3652 3653 3702 3701
8 3212 3213 3262 3261 3653 3654 3703 3702
8 3213 3214 3263 3262 3654 3655 3704 3703
8 3214 3215 3264 3263 3655 3656 3705 3704
8 3215 3216 3265 3264 3656 3657 3706 3705
8 3216 3217 3266 3265 3657 3658 3707 3706
8 3217 3218 3267 3266 3658 3659 3708 3707
8 3218 3219 3268 3267 3659 3660 3709 3708
8 3219 3220 3269 3268 3660 3661 3710 3709
8 3220 3221 3270 3269 3661 3662 3711 3710
8 3221 3222 3271 3270 3662 3663 3712 3711
8 3222 3223 3272 3271 3663 3664 3713 3712
8 3223 3224 3273 3272 3664 3665 3714 3713
8 3224 3225 3274 3273 3665 3666 3715 3714
8 3225 3226 3275 3274 3666 3667 3716 3715
8 3226 3227 3276 3275 3667 3668 3717 3716
8 3227 3228 3277 3276 3668 3669 3718 3717
8 3228 3229 3278 3277 3669 3670 3719 3718
8 3229 3230 3279 3278 3670 3671 3720 3719
8 3230 3231 3280 3279 3671 3672 3721 3720
8 3231 3232 3281 3280 3672 3673 3722 3721
8 3232 3233 3282 3281 3673 3674 3723 3722
8 3234 3235 3284 3283 3675 3676 3725 3724
8 3235 3236 3285 3284 3676 3677 3726 3725
8 3236 3237 3286 3285 3677 3678 3727 3726
8 3237 3238 3287 3286 3678 3679 3728 3727
8 3238 3239 3288 3287 3679 3680 3729 3728
8 3239 3240 3289 3288 3680 3681 3730 3729
8 3240 3241 3290 3289 3681 3682 3731 3730
8 3241 3242 3291 3290 3682 3683 3732 3731
8 3242 3243 3292 3291 3683 3684 3733 3732
8 3243 3244 3293 3292 3684 3685 3734 3733
8 3244 3245 3294 3293 3685 3686 3735 3734
8 3245 3246 3295 3294 3686 3687 3736 3735
8 3246 3247 3296 3295 3687 3688 3737 3736
8 3247 3248 3297 3296 3688 3689 3738 3737
8 3248 3249 3298 3297 3689 3690 3739 3738
8 3249 3250 3299 3298 3690 3691 3740 3739
8 3250 3251 3300 3299 3691 3692 3741 3740
8 3251 3252 3301 3300 3692 3693 3742 3741
8 3252 3253 3302 3301 3693 3694 3743 3742
8 3253 3254 3303 3302 3694 3695 3744 3743
8 3254 3255 3304 3303 3695 3696 3745 3744
8 3255 3256 3305 3304 3696 3697 3746 3745
8 3256 3257 3306 3305 3697 3698 3747 3746
8 3257 3258 3307 3306 3698 3699 3748 3747
8 3258 3259 3308 3307 3699 3700 3749 3748
8 3259 3260 3309 3308 3700 3701 3750 3749
8 3260 3261 3310 3309 3701 3702 3751 3750
8 3261 3262 3311 3310 3702 3703 3752 3751
8 3262 3263 3312 3311 3703 3704 3753 3752
8 3263 3264 3313 3312 3704 3705 3754 3753
8 3264 3265 3314 3313 3705 3706 3755 3754
8 3265 3266 3315 3314 3706 3707 3756 3755
8 3266 3267 3316 3315 3707 3708 3757 3756
8 3267 3268 3317 3316 3708 3709 3758 3757
8 3268 3269 3318 3317 3709 3710 3759 3758
8 3269 3270 3319 3318 3710 3711 3760 3759
8 3270 3271 3320 3319 3711 3712 3761 3760
8 3271 3272 3321 3320 3712 3713 3762 3761
8 3272 3273 3322 3321 3713 3714 3763 3762
8 3273 3274 3323 3322 3714 3715 3764 3763
8 3274 3275 3324 3323 3715 3716 3765 3764
8 3275 3276 3325 3324 3716 3717 3766 3765
8 3276 3277 3326 3325 3717 3718 3767 3766
8 3277 3278 3327 3326 3718 3719 3768 3767
8 3278 3279 3328 3327 3719 3720 3769 3768
8 3279 3280 3329 3328 3720 3721 3770 3769
8 3280 3281 3330 3329 3721 3722 3771 3770
8 3281 3282 3331 3330 3722 3723 3772 3771
8 3283 3284 3333 3332 3724 3725 3774 3773
8 3284 3285 3334 3333 3725 3726 3775 3774
8 3285 3286 3335 3334 3726 3727 3776 3775
8 3286 3287 3336 3335 3727 3728 3777 3776
8 3287 3288 3337 3336 3728 3729 3778 3777
8 3288 3289 3338 3337 3729 3730 3779 3778
8 3289 3290 3339 3338 3730 3731 3780 3779
8 3290 3291 3340 3339 3731 3732 3781 3780
8 3291 3292 3341 3340 3732 3733 3782 3781
8 3292 3293 3342 3341 3733 3734 3783 3782
8 3293 3294 3343 3342 3734 3735 3784 3783
8 3294 3295 3344 3343 3735 3736 3785 3784
8 3295 3296 3345 3344 3736 3737 3786 3785
8 3296 3297 3346 3345 3737 3738 3787 3786
8 3297 3298 3347 3346 3738 3739 3788 3787
8 3298 3299 3348 3347 3739 3740 3789 3788
8 3299 3300 3349 3348 3740 3741 3790 3789
8 3300 3301 3350 3349 3741 3742 3791 3790
8 3301 3302 3351 3350 3742 3743 3792 3791
8 3302 3303 3352 3351 3743 3744 3793 3792
8 3303 3304 3353 3352 3744 3745 3794 3793
8 3304 3305 3354 3353 3745 3746 3795 3794
8 3305 3306 3355 3354 3746 3747 3796 3795
8 3306 3307 3356 3355 3747 3748 3797 3796
8 3307 3308 3357 3356 3748 3749 3798 3797
8 3308 3309 3358 3357 3749 3750 3799 3798
8 3309 3310 3359 3358 3750 3751 3800 3799
8 3310 3311 3360 3359 3751 3752 3801 3800
8 3311 3312 3361 3360 3752 3753 3802 3801
8 3312 3313 3362 3361 3753 3754 3803 3802
8 3313 3314 3363 3362 3754 3755 3804 3803
8 3314 3315 3364 3363 3755 3756 3805 3804
8 3315 3316 3365 3364 3756 3757 3806 3805
8 3316 3317 3366 3365 3757 3758 3807 3806
8 3317 3318 3367 3366 3758 3759 3808 3807
8 3318 3319 3368 3367 3759 3760 3809 3808
8 3319 3320 3369 3368 3760 3761 3810 3809
8 3320 3321 3370 3369 3761 3762 3811 3810
8 3321 3322 3371 3370 3762 3763 3812 3811
8 3322 3323 3372 3371 3763 3764 3813 3812
8 3323 3324 3373 3372 3764 3765 3814 3813
8 3324 3325 3374 3373 3765 3766 3815 3814
8 3325 3326 3375 3374 3766 3767 3816 3815
8 3326 3327 3376 3375 3767 3768 3817 3816
8 3327 3328 3377 3376 3768 3769 3818 3817
8 3328 3329 3378 3377 3769 3770 3819 3818
8 3329 3330 3379 3378 3770 3771 3820 3819
8 3330 3331 3380 3379 3771 3772 3821 3820
8 3332 3333 3382 3381 3773 3774 3823 3822
8 3333 3334 3383 3382 3774 3775 3824 3823
8 3334 3335 3384 3383 3775 3776 3825 3824
8 3335 3336 3385 3384 3776 3777 3826 3825
8 3336 3337 3386 3385 3777 3778 3827 3826
8 3337 3338 3387 3386 3778 3779 3828 3827
8 3338 3339 3388 3387 3779 3780 3829 3828
8 3339 3340 3389 3388 3780 3781 3830 3829
8 3340 3341 3390 3389 3781 3782 3831 3830
8 3341 3342 3391 3390 3782 3783 3832 3831
8 3342 3343 3392 3391 3783 3784 3833 3832
8 3343 3344 3393 3392 3784 3785 3834 3833
8 3344 3345 3394 3393 3785 3786 3835 3834
8 3345 3346 3395 3394 3786 3787 3836 3835
8 3346 3347 3396 3395 3787 3788 3837 3836
8 3347 3348 3397 3396 3788 3789 3838 3837
8 3348 3349 3398 3397 3789 3790 3839 3838
8 3349 3350 3399 3398 3790 3791 3840 3839
8 3350 3351 3400 3399 3791 3792 3841 3840
8 3351 3352 3401 3400 3792 3793 3842 3841
8 3352 3353 3402 3401 3793 3794 3843 3842
8 3353 3354 3403 3402 3794 3795 3844 3843
8 3354 3355 3404 3403 3795 3796 3845 3844
8 3355 3356 3405 3404 3796 3797 3846 3845
8 3356 3357 3406 3405 3797 3798 3847 3846
8 3357 3358 3407 3406 3798 3799 3848 3847
8 3358 3359 3408 3407 3799 3800 3849 3848
8 3359 3360 3409 3408 3800 3801 3850 3849
8 3360 3361 3410 3409 3801 3802 3851 3850
8 3361 3362 3411 3410 3802 3803 3852 3851
8 3362 3363 3412 3411 3803 3804 3853 3852
8 3363 3364 3413 3412 3804 3805 3854 3853
8 3364 3365 3414 3413 3805 3806 3855 3854
8 3365 3366 3415 3414 3806 3807 3856 3855
8 3366 3367 3416 3415 3807 3808 3857 3856
8 3367 3368 3417 3416 3808 3809 3858 3857
8 3368 3369 3418 3417 3809 3810 3859 3858
8 3369 3370 3419 3418 3810 3811 3860 3859
8 3370 3371 3420 3419 3811 3812 3861 3860
8 3371 3372 3421 3420 3812 3813 3862 3861
8 3372 3373 3422 3421 3813 3814 3863 3862
8 3373 3374 3423 3422 3814 3815 3864 3863
8 3374 3375 3424 3423 3815 3816 3865 3864
8 3375 3376 3425 3424 3816 3817 3866 3865
8 3376 3377 3426 3425 3817 3818 3867 3866
8 3377 3378 3427 3426 3818 3819 3868 3867
8 3378 3379 3428 3427 3819 3820 3869 3868
8 3379 3380 3429 3428 3820 3821 3870 3869
8 3381 3382 3431 3430 3822 3823 3872 3871
8 3382 3383 3432 3431 3823 3824 3873 3872
8 3383 3384 3433 3432 3824 3825 3874 3873
8 3384 3385 3434 3433 3825 3826 3875 3874
8 3385 3386 3435 3434 3826 3827 3876 3875
8 3386 3387 3436 3435 3827 3828 3877 3876
8 3387 3388 3437 3436 3828 3829 3878 3877
8 3388 3389 3438 3437 3829 3830 3879 3878
8 3389 3390 3439 3438 3830 3831 3880 3879
8 3390 3391 3440 3439 3831 3832 3881 3880
8 3391 3392 3441 3440 3832 3833 3882 3881
8 3392 3393 3442 3441 3833 3834 3883 3882
8 3393 3394 3443 3442 3834 3835 3884 3883
8 3394 3395 3444 3443 3835 3836 3885 3884
8 3395 3396 3445 3444 3836 3837 3886 3885
8 3396 3397 3446 3445 3837 3838 3887 3886
8 3397 3398 3447 3446 3838 3839 3888 3887
8 3398 3399 3448 3447 3839 3840 3889 3888
8 3399 3400 3449 3448 3840 3841 3890 3889
8 3400 3401 3450 3449 3841 3842 3891 3890
8 3401 3402 3451 3450 3842 3843 3892 3891
8 3402 3403 3452 3451 3843 3844 3893 3892
8 3403 3404 3453 3452 3844 3845 3894 3893
8 3404 3405 3454 3453 3845 3846 3895 3894
8 3405 3406 3455 3454 3846 3847 3896 3895
8 3406 3407 3456 3455 3847 3848 3897 3896
8 3407 3408 3457 3456 3848 3849 3898 3897
8 3408 3409 3458 3457 3849 3850 3899 3898
8 3409 3410 3459 3458 3850 3851 3900 3899
8 3410 3411 3460 3459 3851 3852 3901 3900
8 3411 3412 3461 3460 3852 3853 3902 3901
8 3412 3413 3462 3461 3853 3854 3903 3902
8 3413 3414 3463 3462 3854 3855 3904 3903
8 3414 3415 3464 3463 3855 3856 3905 3904
8 3415 3416 3465 3464 3856 3857 3906 3905
8 3416 3417 3466 3465 3857 3858 3907 3906
8 3417 3418 3467 3466 3858 3859 3908 3907
8 3418 3419 3468 3467 3859 3860 3909 3908
8 3419 3420 3469 3468 3860 3861 3910 3909
8 3420 3421 3470 3469 3861 3862 3911 3910
8 3421 3422 3471 3470 3862 3863 3912 3911
8 3422 3423 3472 3471 3863 3864 3913 3912
8 3423 3424 3473 3472 3864 3865 3914 3913
8 3424 3425 3474 3473 3865 3866 3915 3914
8 3425 3426 3475 3474 3866 3867 3916 3915
8 3426 3427 3476 3475 3867 3868 3917 3916
8 3427 3428 3477 3476 3868 3869 3918 3917
8 3428 3429 3478 3477 3869 3870 3919 3918
8 3430 3431 3480 3479 3871 3872 3921 3920
8 3431 3432 3481 3480 3872 3873 3922 3921
8 3432 3433 3482 3481 3873 3874 3923 3922
8 3433 3434 3483 3482 3874 3875 3924 3923
8 3434 3435 3484 3483 3875 3876 3925 3924
8 3435 3436 3485 3484 3876 3877 3926 3925
8 3436 3437 3486 3485 3877 3878 3927 3926
8 3437 3438 3487 3486 3878 3879 3928 3927
8 3438 3439 3488 3487 3879 3880 3929 3928
8 3439 3440 3489 3488 3880 3881 3930 3929
8 3440 3441 3490 3489 3881 3882 3931 3930
8 3441 3442 3491 3490 3882 3883 3932 3931
8 3442 3443 3492 3491 3883 3884 3933 3932
8 3443 3444 3493 3492 3884 3885 3934 3933
8 3444 3445 3494 3493 3885 3886 3935 3934
8 3445 3446 3495 3494 3886 3887 3936 3935
8 3446 3447 3496 3495 3887 3888 3937 3936
8 3447 3448 3497 3496 3888 3889 3938 3937
8 3448 3449 3498 3497 3889 3890 3939 3938
8 3449 3450 3499 3498 3890 3891 3940 3939
8 3450 3451 3500 3499 3891 3892 3941 3940
8 3451 3452 3501 3500 3892 3893 3942 3941
8 3452 3453 3502 3501 3893 3894 3943 3942
8 3453 3454 3503 3502 3894 3895 3944 3943
8 3454 3455 3504 3503 3895 3896 3945 3944
8 3455 3456 3505 3504 3896 3897 3946 3945
8 3456 3457 3506 3505 3897 3898 3947 3946
8 3457 3458 3507 3506 3898 3899 3948 3947
8 3458 3459 3508 3507 3899 3900 3949 3948
8 3459 3460 3509 3508 3900 3901 3950 3949
8 3460 3461 3510 3509 3901 3902 3951 3950
8 3461 3462 3511 3510 3902 3903 3952 3951
8 3462 3463 3512 3511 3903 3904 3953 3952
8 3463 3464 3513 3512 3904 3905 3954 3953
8 3464 3465 3514 3513 3905 3906 3955 3954
8 3465 3466 3515 3514 3906 3907 3956 3955
8 3466 3467 3516 3515 3907 3908 3957 3956
8 3467 3468 3517 3516 3908 3909 3958 3957
8 3468 3469 3518 3517 3909 3910 3959 3958
8 3469 3470 3519 3518 3910 3911 3960 3959
8 3470 3471 3520 3519 3911 3912 3961 3960
8 3471 3472 3521 3520 3912 3913 3962 3961
8 3472 3473 3522 3521 3913 3914 3963 3962
8 3473 3474 3523 3522 3914 3915 3964 3963
8 3474 3475 3524 3523 3915 3916 3965 3964
8 3475 3476 3525 3524 3916 3917 3966 3965
8 3476 3477 3526 3525 3917 3918 3967 3966
8 3477 3478 3527 3526 3918 3919 3968 3967
CELL_TYPES 3072
12
12
12
12
12
12
12
12
12
12
12
12
12
12
12
12
12
12
12
12
12
12
12
12
12
12
12
12
12
12
12
12
12
12
12
12
12
12
12
12
12
12
12
12
12
12
12
12
12
12
12
12
12
12
12
12
12
12
12
12
12
12
12
12
12
12
12
12
12
12
12
12
12
12
12
12
12
12
12
12
12
12
12
12
12
12
12
12
12
12
12
12
12
12
12
12
12
12
12
12
12
12
12
12
12
12
12
12
12
12
12
12
12
12
12
12
12
12
12
12
12
12
12
12
12
12
12
12
12
12
12
12
12
12
12
12
12
12
12
12
12
12
12
12
12
12
12
12
12
12
12
12
12
12
12
12
12
12
12
12
12
12
12
12
12
12
12
12
12
12
12
12
12
12
12
12
12
12
12
12
12
12
12
12
12
12
12
12
12
12
12
12
12
12
12
12
12
12
12
12
12
12
12
12
12
12
12
12
12
12
12
12
12
12
12
12
12
12
12
12
12
12
12
12
12
12
12
12
12
12
12
12
12
12
12
12
12
12
12
12
12
12
12
12
12
12
12
12
12
12
12
12
12
12
12
12
12
12
12
12
12
12
12
12
12
12
12
12
12
12
12
12
12
12
12
12
12
12
12
12
12
12
12
12
12
12
12
12
12
12
12
12
12
12
12
12
12
12
12
12
12
12
12
12
12
12
12
12
12
12
12
12
12
12
12
12
12
12
12
12
12
12
12
12
12
12
12
12
12
12
12
12
12
12
12
12
12
12
12
12
12
12
12
12
12
12
12
12
12
12
12
12
12
12
12
12
12
12
12
12
12
12
12
12
12
12
12
12
12
12
12
12
12
12
12
12
12
12
12
12
12
12
12
12
12
12
12
12
12
12
12
12
12
12
12
12
12
12
12
12
12
12
12
12
12
12
12
12
12
12
12
12
12
12
12
12
12
12
12
12
12
12
12
12
12
12
12
12
12
12
12
12
12
12
12
12
12
12
12
12
12
12
12
12
12
12
12
12
12
12
12
12
12
12
12
12
12
12
12
12
12
12
12
12
12
12
12
12
12
12
12
12
12
12
12
12
12
12
12
12
12
12
12
12
12
12
12
12
12
12
12
12
12
12
12
12
12
12
12
12
12
12
12
12
12
12
12
12
12
12
12
12
12
12
12
12
12
12
12
12
12
12
12
12
12
12
12
12
12
12
12
12
12
12
12
12
12
12
12
12
12
12
12
12
12
12
12
12
12
12
12
12
12
12
12
12
12
12
12
12
12
12
12
12
12
12
12
12
12
12
12
12
12
12
12
12
12
12
12
12
12
12
12
12
12
12
12
12
12
12
12
12
12
12
12
12
12
12
12
12
12
12
12
12
12
12
12
12
12
12
12
12
12
12
12
12
12
12
12
12
12
12
12
12
12
12
12
12
12
12
12
12
12
12
12
12
12
12
12
12
12
12
12
12
12
12
12
12
12
12
12
12
12
12
12
12
12
12
12
12
12
12
12
12
12
12
12
12
12
12
12
12
12
12
12
12
12
12
12
12
12
12
12
12
12
12
12
12
12
12
12
12
12
12
12
12
12
12
12
12
12
12
12
12
12
12
12
12
12
12
12
12
12
12
12
12
12
12
12
12
12
12
12
12
12
12
12
12
12
12
12
12
12
12
12
12
12
12
12
12
12
12
12
12
12
12
12
12
12
12
12
12
12
12
12
12
12
12
12
12
12
12
12
12
12
12
12
12
12
12
12
12
12
12
12
12
12
12
12
12
12
12
12
12
12
12
12
12
12
12
12
12
12
12
12
12
12
12
12
12
12
12
12
12
12
12
12
12
12
12
12
12
12
12
12
12
12
12
12
12
12
12
12
12
12
12
12
12
12
12
12
12
12
12
12
12
12
12
12
12
12
12
12
12
12
12
12
12
12
12
12
12
12
12
12
12
12
12
12
12
12
12
12
12
12
12
12
12
12
12
12
12
12
12
12
12
12
12
12
12
12
12
12
12
12
12
12
12
12
12
12
12
12
12
12
12
12
12
12
12
12
12
12
12
12
12
12
12
12
12
12
12
12
12
12
12
12
12
12
12
12
12
12
12
12
12
12
12
12
12
12
12
12
12
12
12
12
12
12
12
12
12
12
12
12
12
12
12
12
12
12
12
12
12
12
12
12
12
12
12
12
12
12
12
12
12
12
12
12
12
12
12
12
12
12
12
12
12
12
12
12
12
12
12
12
12
12
12
12
12
12
12
12
12
12
12
12
12
12
12
12
12
12
12
12
12
12
12
12
12
12
12
12
12
12
12
12
12
12
12
12
12
12
12
12
12
12
12
12
12
12
12
12
12
12
12
12
12
12
12
12
12
12
12
12
12
12
12
12
12
12
12
12
12
12
12
12
12
12
12
12
12
12
12
12
12
12
12
12
12
12
12
12
12
12
12
12
12
12
12
12
12
12
12
12
12
12
12
12
12
12
12
12
12
12
12
12
12
12
12
12
12
12
12
12
12
12
12
12
12
12
12
12
12
12
12
12
12
12
12
12
12
12
12
12
12
12
12
12
12
12
12
12
12
12
12
12
12
12
12
12
12
12
12
12
12
12
12
12
12
12
12
12
12
12
12
12
12
12
12
12
12
12
12
12
12
12
12
12
12
12
12
12
12
12
12
12
12
12
12
12
12
12
12
12
12
12
12
12
12
12
12
12
12
12
12
12
12
12
12
12
12
12
12
12
12
12
12
12
12
12
12
12
12
12
12
12
12
12
12
12
12
12
12
12
12
12
12
12
12
12
12
12
12
12
12
12
12
12
12
12
12
12
12
12
12
12
12
12
12
12
12
12
12
12
12
12
12
12
12
12
12
12
12
12
12
12
12
12
12
12
12
12
12
12
12
12
12
12
12
12
12
12
12
12
12
12
12
12
12
12
12
12
12
12
12
12
12
12
12
12
12
12
12
12
12
12
12
12
12
12
12
12
12
12
12
12
12
12
12
12
12
12
12
12
12
12
12
12
12
12
12
12
12
12
12
12
12
12
12
12
12
12
12
12
12
12
12
12
12
12
12
12
12
12
12
12
12
12
12
12
12
12
12
12
12
12
12
12
12
12
12
12
12
12
12
12
12
12
12
12
12
12
12
12
12
12
12
12
12
12
12
12
12
12
12
12
12
12
12
12
12
12
12
12
12
12
12
12
12
12
12
12
12
12
12
12
12
12
12
12
12
12
12
12
12
12
12
12
12
12
12
12
12
12
12
12
12
12
12
12
12
12
12
12
12
12
12
12
12
12
12
12
12
12
12
12
12
12
12
12
12
12
12
12
12
12
12
12
12
12
12
12
12
12
12
12
12
12
12
12
12
12
12
12
12
12
12
12
12
12
12
12
12
12
12
12
12
12
12
12
12
12
12
12
12
12
12
12
12
12
12
12
12
12
12
12
12
12
12
12
12
12
12
12
12
12
12
12
12
12
12
12
12
12
12
12
12
12
12
12
12
12
12
12
12
12
12
12
12
12
12
12
12
12
12
12
12
12
12
12
12
12
12
12
12
12
12
12
12
12
12
12
12
12
12
12
12
12
12
12
12
12
12
12
12
12
12
12
12
12
12
12
12
12
12
12
12
12
12
12
12
12
12
12
12
12
12
12
12
12
12
12
12
12
12
12
12
12
12
12
12
12
12
12
12
12
12
12
12
12
12
12
12
12
12
12
12
12
12
12
12
12
12
12
12
12
12
12
12
12
12
12
12
12
12
12
12
12
12
12
12
12
12
12
12
12
12
12
12
12
12
12
12
12
12
12
12
12
12
12
12
12
12
12
12
12
12
12
12
12
12
12
12
12
12
12
12
12
12
12
12
12
12
12
12
12
12
12
12
12
12
12
12
12
12
12
12
12
12
12
12
12
12
12
12
12
12
12
12
12
12
12
12
12
12
12
12
12
12
12
12
12
12
12
12
12
12
12
12
12
12
12
12
12
12
12
12
12
12
12
12
12
12
12
12
12
12
12
12
12
12
12
12
12
12
12
12
12
12
12
12
12
12
12
12
12
12
12
12
12
12
12
12
12
12
12
12
12
12
12
12
12
12
12
12
12
12
12
12
12
12
12
12
12
12
12
12
12
12
12
12
12
12
12
12
12
12
12
12
12
12
12
12
12
12
12
12
12
12
12
12
12
12
12
12
12
12
12
12
12
12
12
12
12
12
12
12
12
12
12
12
12
12
12
12
12
12
12
12
12
12
12
12
12
12
12
12
12
12
12
12
12
12
12
12
12
12
12
12
12
12
12
12
12
12
12
12
12
12
12
12
12
12
12
12
12
12
12
12
12
12
12
12
12
12
12
12
12
12
12
12
12
12
12
12
12
12
12
12
12
12
12
12
12
12
12
12
12
12
12
12
12
12
12
12
12
12
12
12
12
12
12
12
12
12
12
12
12
12
12
12
12
12
12
12
12
12
12
12
12
12
12
12
12
12
12
12
12
12
12
12
12
12
12
12
12
12
12
12
12
12
12
12
12
12
12
12
12
12
12
12
12
12
12
12
12
12
12
12
12
12
12
12
12
12
12
12
12
12
12
12
12
12
12
12
12
12
12
12
12
12
12
12
12
12
12
12
12
12
12
12
12
12
12
12
12
12
12
12
12
12
12
12
12
12
12
12
12
12
12
12
12
12
12
12
12
12
12
12
12
12
12
12
12
12
12
12
12
12
12
12
12
12
12
12
12
12
12
12
12
12
12
12
12
12
12
12
12
12
12
12
12
12
12
12
12
12
12
12
12
12
12
12
12
12
12
12
12
12
12
12
12
12
12
12
12
12
12
12
12
12
12
12
12
12
12
12
12
12
12
12
12
12
12
12
12
12
12
12
12
12
12
12
12
12
12
12
12
12
12
12
12
12
12
12
12
12
12
12
12
12
12
12
12
12
12
12
12
12
12
12
12
12
12
12
12
12
12
12
12
12
12
12
12
12
12
12
12
12
12
12
12
12
12
12
12
12
12
12
12
12
12
12
12
12
12
12
12
12
12
12
12
12
12
12
12
12
12
12
12
12
12
12
12
12
12
12
12
12
12
12
12
12
12
12
12
12
12
12
12
12
12
12
12
12
12
12
12
12
12
12
12
12
12
12
12
12
12
12
12
12
12
12
12
12
12
12
12
12
12
12
12
12
12
12
12
12
12
12
12
12
12
12
12
12
12
12
12
12
12
12
12
12
12
12
12
12
12
12
12
12
12
12
12
12
12
12
12
12
12
12
12
12
12
12
12
12
12
12
12
12
12
12
12
12
12
12
12
12
12
12
12
12
12
12
12
12
12
12
12
12
12
12
12
12
12
12
12
12
12
12
12
12
12
12
12
12
12
12
12
12
12
12
12
12
12
12
12
12
12
12
12
12
12
12
12
12
12
12
12
12
12
12
12
12
12
12
12
12
12
12
12
12
12
12
12
12
12
12
12
12
12
12
12
12
12
12
12
12
12
12
12
12
12
12
12
12
12
12
12
12
12
12
12
12
12
12
12
12
12
12
12
12
12
12
12
12
12
12
12
12
12
12
12
12
12
12
12
12
12
12
12
12
12
12
12
12
12
12
12
12
12
12
12
12
12
12
12
12
12
12
12
12
12
12
12
12
12
12
12
12
12
12
12
12
12
12
12
12
12
12
12
12
12
12
12
12
12
12
12
12
12
12
12
12
12
12
12
12
12
12
12
12
12
12
12
12
12
12
12
12
12
12
12
12
12
12
12
12
12
12
12
12
12
12
12
12
12
12
12
12
12
12
12
12
12
12
12
12
12
12
12
12
12
12
12
12
12
12
12
12
12
12
12
12
12
12
12
12
12
12
12
12
12
12
12
12
12
12
12
12
12
12
12
12
12
12
12
12
12
12
12
12
12
12
12
12
12
12
12
12
12
12
12
12
12
12
12
12
12
12
12
12
12
12
12
12
12
12
12
12
12
12
12
12
12
12
12
12
12
12
12
12
12
12
12
12
12
12
12
12
12
12
12
12
12
12
12
12
12
12
12
12
12
12
12
12
12
12
12
12
12
12
12
12
12
12
12
12
12
12
12
12
12
12
12
12
12
12
12
12
12
12
12
12
12
12
12
12
12
12
12
12
12
12
12
12
12
12
12
12
12
12
12
12
12
12
12
12
12
12
12
12
12
12
12
12
12
12
12
12
12
12
12
12
12
12
12
12
12
12
12
12
12
12
12
12
12
12
12
12
12
12
12
12
12
12
12
12
12
12
12
12
12
12
12
12
12
12
12
12
12
12
12
12
12
12
12
12
12
12
12
12
12
12
12
12
12
12
12
12
12
12
12
12
12
12
12
12
12
12
12
12
12
12
12
12
12
12
12
12
12
12
12
12
12
12
12
12
12
12
12
12
12
12
12
12
12
12
12
12
12
12
12
12
12
12
12
12
12
12
12
12
12
12
12
12
12
12
12
12
12
12
12
12
12
12
12
12
12
12
12
12
12
12
12
12
12
12
12
12
12
12
12
12
12
12
12
12
12
12
12
12
12
12
12
12
12
12
12
12
12
12
12
12
12
12
12
12
12
12
12
12
12
12
12
12
12
12
12
12
12
12
12
12
12
12
12
12
12
12
12
12
12
12
12
12
12
12
12
12
12
12
12
12
12
12
12
12
12
12
12
12
12
12
12
12
12
12
12
12
12
12
12
12
12
12
12
12
12
12
12
12
12
12
12
12
12
12
12
12
12
12
12
12
12
12
12
12
12
12
12
12
12
12
12
12
12
12
12
12
12
12
12
12
12
12
12
12
12
12
12
12
12
12
12
12
12
12
12
12
12
12
12
12
12
12
12
12
12
12
12
12
12
12
12
12
12
12
12
12
12
12
12
12
12
12
12
12
12
12
12
12
12
12
12
12
12
12
12
12
12
12
12
12
12
12
12
12
12
12
12
12
12
12
12
12
12
12
12
12
CELL_DATA 3072
SCALARS pressure double 1
LOOKUP_TABLE default
2.05909771816845044e+01
1.80142522937085729e+01
1.66502616857092107e+01
1.59417003531892192e+01
1.54162583435914726e+01
1.49807089589897267e+01
1.45920787895828106e+01
1.42243425022072500e+01
1.38657447685013189e+01
1.35113098150406170e+01
1.31587869501249557e+01
1.28071400310295758e+01
1.24558999668368813e+01
1.21048530840565256e+01
1.17538997191580634e+01
1.14029924353801970e+01
1.10521082685619358e+01
1.07012358833772900e+01
1.03503695654167185e+01
9.99950639368693750e+00
9.64864486151606471e+00
9.29778418579891053e+00
8.94692395759477499e+00
8.59606396299725439e+00
8.24520409010737154e+00
7.89434428044667236e+00
7.54348450351693600e+00
7.19262474345652958e+00
6.84176499204259070e+00
6.49090524502793276e+00
6.14004550022838291e+00
5.78918575652678147e+00
5.43832601335589860e+00
5.08746627043077115e+00
4.73660652761060241e+00
4.38574678482766434e+00
4.03488704205093107e+00
3.68402729926782335e+00
3.33316755647476093e+00
2.98230781367245701e+00
2.63144807086381238e+00
2.28058832805181710e+00
1.92972858523994306e+00
1.57886884244532055e+00
1.22800909968270267e+00
8.77149356839005412e-01
5.26289614192160360e-01
1.75429872846693313e-01
1.94641665009231879e+01
1.76111121874549319e+01
1.65147616502307173e+01
1.58956097111968955e+01
1.54018784118696086e+01
1.49763758792857331e+01
1.45911741009529372e+01
1.42245000541359943e+01
1.38660752522609698e+01
1.35115781452685013e+01
1.31589670930963987e+01
1.28072506029250111e+01
1.24559641808188672e+01
1.21048891726303527e+01
1.17539196040671996e+01
1.14030032434978725e+01
1.10521140868034227e+01
1.07012389976121387e+01
1.03503712262880594e+01
9.99950727711398990e+00
9.64864533063862773e+00
9.29778443467684923e+00
8.94692408953474150e+00
8.59606403289891574e+00
8.24520412711675021e+00
7.89434430002443932e+00
7.54348451386044161e+00
7.19262474891117431e+00
6.84176499491125512e+00
6.49090524653059830e+00
6.14004550101095337e+00
5.78918575693093729e+00
5.43832601356211853e+00
5.08746627053420042e+00
4.73660652766124635e+00
4.38574678485169756e+00
4.03488704206185034e+00
3.68402729927233707e+00
3.33316755647601060e+00
2.98230781367165099e+00
2.63144807086097465e+00
2.28058832804549594e+00
1.92972858522538115e+00
1.57886884241515735e+00
1.22800909963094673e+00
8.77149356717178752e-01
5.26289613884383334e-01
1.75429872693477928e-01
1.89361363570464540e+01
1.73709623390779697e+01
1.64118865606543949e+01
1.58447024690427529e+01
1.53773986291358202e+01
1.49652699809421303e+01
1.45862546969779441e+01
1.42223388861432767e+01
1.38651192203415974e+01
1.35111520705211063e+01
1.31587751583095116e+01
1.28071619500849163e+01
1.24559218910794396e+01
1.21048684155525574e+01
1.17539091822034685e+01
1.14029979143004994e+01
1.10521113266396593e+01
1.07012375627174858e+01
1.03503704809880670e+01
9.99950689066532128e+00
9.64864513089493059e+00
9.29778433191103737e+00
8.94692403693436411e+00
8.59606400612361909e+00
8.24520411357221406e+00
7.89434429322307274e+00
7.54348451047627400e+00
7.19262474724798828e+00
6.84176499410859495e+00
6.49090524615423980e+00
6.14004550084308498e+00
5.78918575686302894e+00
5.43832601354059886e+00
5.08746627053293743e+00
4.73660652766777801e+00
4.38574678486029779e+00
4.03488704207007132e+00
3.68402729927918360e+00
3.33316755648133212e+00
2.98230781367601017e+00
2.63144807086527344e+00
2.28058832805122380e+00
1.92972858523641522e+00
1.57886884243676184e+00
1.22800909967093230e+00
8.77149356841293248e-01
5.26289614161067565e-01
1.75429872738481013e-01
1.87501091396050796e+01
1.72692620353378885e+01
1.63620282502725551e+01
1.58187642893120994e+01
1.53653372009168834e+01
1.49601778326925778e+01
1.45841982243826216e+01
1.42215333665319825e+01
1.38648110221825860e+01
1.35110442522390048e+01
1.31587410094489012e+01
1.28071512831004970e+01
1.24559182392883212e+01
1.21048668982585106e+01
1.17539083798829616e+01
1.14029974281135811e+01
1.10521110289129432e+01
1.07012373856963876e+01
1.03503703808386227e+01
9.99950683732913959e+00
9.64864510422775545e+00
9.29778431947304540e+00
8.94692403162285466e+00
8.59606400415035843e+00
8.24520411304160561e+00
7.89434429324506581e+00
7.54348451066300107e+00
7.19262474744790214e+00
6.84176499427359186e+00
6.49090524627721344e+00
6.14004550093044354e+00
5.78918575692377857e+00
5.43832601358256884e+00
5.08746627056200218e+00
4.73660652768804447e+00
4.38574678487459213e+00
4.03488704208028715e+00
3.68402729928647954e+00
3.33316755648653418e+00
2.98230781368025033e+00
2.63144807087007893e+00
2.28058832805870226e+00
1.92972858525185620e+00
1.57886884246700943e+00
1.22800909972060324e+00
8.77149356989679219e-01
5.26289614498705816e-01
1.75429872622725386e-01
1.87501091396050796e+01
1.72692620353378885e+01
1.63620282502725551e+01
1.58187642893121012e+01
1.53653372009168816e+01
1.49601778326925796e+01
1.45841982243826216e+01
1.42215333665319843e+01
1.38648110221825860e+01
1.35110442522390066e+01
1.31587410094489012e+01
1.28071512831004952e+01
1.24559182392883230e+01
1.21048668982585088e+01
1.17539083798829633e+01
1.14029974281135775e+01
1.10521110289129449e+01
1.07012373856963858e+01
1.03503703808386245e+01
9.99950683732913781e+00
9.64864510422775545e+00
9.29778431947304540e+00
8.94692403162285466e+00
8.59606400415035843e+00
8.24520411304160739e+00
7.89434429324506404e+00
7.54348451066300196e+00
7.19262474744790126e+00
6.84176499427359275e+00
6.49090524627721166e+00
6.14004550093044443e+00
5.78918575692377679e+00
5.43832601358256973e+00
5.08746627056200129e+00
4.73660652768804447e+00
4.38574678487459213e+00
4.03488704208028892e+00
3.68402729928647954e+00
3.33316755648653462e+00
2.98230781368024989e+00
2.63144807087007848e+00
2.28058832805870226e+00
1.92972858525185598e+00
1.57886884246700943e+00
1.22800909972060235e+00
8.77149356989679330e-01
5.26289614498705149e-01
1.75429872622725719e-01
1.89361363570464576e+01
1.73709623390779697e+01
1.64118865606543984e+01
1.58447024690427511e+01
1.53773986291358220e+01
1.49652699809421303e+01
1.45862546969779459e+01
1.42223388861432749e+01
1.38651192203415992e+01
1.35111520705211063e+01
1.31587751583095116e+01
1.28071619500849163e+01
1.24559218910794378e+01
1.21048684155525574e+01
1.17539091822034649e+01
1.14029979143004994e+01
1.10521113266396576e+01
1.07012375627174876e+01
1.03503704809880670e+01
9.99950689066532128e+00
9.64864513089493059e+00
9.29778433191103915e+00
8.94692403693436411e+00
8.59606400612362087e+00
8.24520411357221406e+00
7.89434429322307363e+00
7.54348451047627222e+00
7.19262474724798917e+00
6.84176499410859229e+00
6.49090524615423980e+00
6.14004550084308232e+00
5.78918575686302894e+00
5.43832601354059708e+00
5.08746627053293921e+00
4.73660652766777712e+00
4.38574678486029867e+00
4.03488704207007043e+00
3.68402729927918449e+00
3.33316755648133167e+00
2.98230781367601061e+00
2.63144807086527344e+00
2.28058832805122336e+00
1.92972858523641499e+00
1.57886884243676051e+00
1.22800909967093208e+00
8.77149356841291805e-01
5.26289614161067121e-01
1.75429872738481069e-01
1.94641665009231879e+01
1.76111121874549319e+01
1.65147616502307137e+01
1.58956097111968955e+01
1.54018784118696068e+01
1.49763758792857349e+01
1.45911741009529354e+01
1.42245000541359943e+01
1.38660752522609680e+01
1.35115781452685031e+01
1.31589670930963987e+01
1.28072506029250093e+01
1.24559641808188672e+01
1.21048891726303509e+01
1.17539196040672014e+01
1.14030032434978708e+01
1.10521140868034244e+01
1.07012389976121387e+01
1.03503712262880629e+01
9.99950727711398990e+00
9.64864533063862773e+00
9.29778443467685101e+00
8.94692408953474327e+00
8.59606403289891752e+00
8.24520412711674844e+00
7.89434430002443843e+00
7.54348451386044161e+00
7.19262474891117165e+00
6.84176499491125512e+00
6.49090524653059564e+00
6.14004550101095248e+00
5.78918575693093462e+00
5.43832601356211942e+00
5.08746627053420042e+00
4.73660652766124812e+00
4.38574678485169756e+00
4.03488704206185211e+00
3.68402729927233752e+00
3.33316755647601148e+00
2.98230781367165054e+00
2.63144807086097465e+00
2.28058832804549549e+00
1.92972858522538027e+00
1.57886884241515690e+00
1.22800909963094518e+00
8.77149356717177975e-01
5.26289613884382335e-01
1.75429872693478761e-01
2.05909771816845044e+01
1.80142522937085765e+01
1.66502616857092107e+01
1.59417003531892192e+01
1.54162583435914726e+01
1.49807089589897249e+01
1.45920787895828106e+01
1.42243425022072500e+01
1.38657447685013189e+01
1.35113098150406170e+01
1.31587869501249539e+01
1.28071400310295758e+01
1.24558999668368813e+01
1.21048530840565256e+01
1.17538997191580616e+01
1.14029924353801970e+01
1.10521082685619376e+01
1.07012358833772918e+01
1.03503695654167185e+01
9.99950639368693750e+00
9.64864486151606648e+00
9.29778418579891230e+00
8.94692395759477499e+00
8.59606396299725617e+00
8.24520409010737154e+00
7.89434428044667236e+00
7.54348450351693511e+00
7.19262474345652869e+00
6.84176499204258892e+00
6.49090524502793098e+00
6.14004550022838025e+00
5.78918575652677969e+00
5.43832601335589771e+00
5.08746627043077115e+00
4.73660652761060330e+00
4.38574678482766522e+00
4.03488704205093107e+00
3.68402729926782424e+00
3.33316755647476137e+00
2.98230781367245701e+00
2.63144807086381149e+00
2.28058832805181622e+00
1.92972858523994240e+00
1.57886884244531966e+00
1.22800909968270178e+00
8.77149356839004635e-01
5.26289614192160138e-01
1.75429872846694312e-01
1.94641665009231879e+01
1.76111121874549319e+01
1.65147616502307173e+01
1.58956097111968955e+01
1.54018784118696086e+01
1.49763758792857331e+01
1.45911741009529372e+01
1.42245000541359943e+01
1.38660752522609680e+01
1.35115781452685013e+01
1.31589670930963969e+01
1.28072506029250111e+01
1.24559641808188672e+01
1.21048891726303527e+01
1.17539196040671996e+01
1.14030032434978725e+01
1.10521140868034227e+01
1.07012389976121387e+01
1.03503712262880594e+01
9.99950727711398990e+00
9.64864533063862773e+00
9.29778443467684923e+00
8.94692408953474150e+00
8.59606403289891574e+00
8.24520412711675021e+00
7.89434430002444021e+00
7.54348451386044161e+00
7.19262474891117431e+00
6.84176499491125512e+00
6.49090524653059830e+00
6.14004550101095248e+00
5.78918575693093729e+00
5.43832601356211764e+00
5.08746627053420042e+00
4.73660652766124546e+00
4.38574678485169756e+00
4.03488704206184945e+00
3.68402729927233752e+00
3.33316755647601104e+00
2.98230781367165143e+00
2.63144807086097510e+00
2.28058832804549638e+00
1.92972858522538160e+00
1.57886884241515779e+00
1.22800909963094695e+00
8.77149356717178641e-01
5.26289613884383001e-01
1.75429872693477457e-01
1.82966346955857873e+01
1.72483375730999882e+01
1.64367892471619683e+01
1.58877484591876748e+01
1.54148478398183997e+01
1.49891420590271576e+01
1.46000165700987310e+01
1.42300681685179686e+01
1.38693408144410792e+01
1.35134095383488280e+01
1.31599745422638481e+01
1.28077979395966022e+01
1.24562583435372840e+01
1.21050462136718231e+01
1.17540031543944057e+01
1.14030475872248065e+01
1.10521375805658053e+01
1.07012514365540650e+01
1.03503778081068649e+01
9.99951075744266404e+00
9.64864717019506557e+00
9.29778540660957908e+00
8.94692460275270562e+00
8.59606430368642727e+00
8.24520426985367294e+00
7.89434437516902054e+00
7.54348455335391854e+00
7.19262476961998498e+00
6.84176500573562052e+00
6.49090525216285474e+00
6.14004550392249104e+00
5.78918575842162575e+00
5.43832601431452822e+00
5.08746627090586134e+00
4.73660652783887848e+00
4.38574678493235304e+00
4.03488704209551674e+00
3.68402729928394290e+00
3.33316755647749918e+00
2.98230781366808628e+00
2.63144807085327281e+00
2.28058832803148848e+00
1.92972858519720281e+00
1.57886884235636504e+00
1.22800909951501880e+00
8.77149356461749741e-01
5.26289613275264689e-01
1.75429872115723112e-01
1.77610915830845322e+01
1.70436916198515114e+01
1.63750431090155111e+01
1.58672296774737269e+01
1.54088341419372892e+01
1.49897612402219984e+01
1.46020580220635541e+01
1.42318556865183261e+01
1.38705705095222882e+01
1.35141743263052998e+01
1.31604260661598538e+01
1.28080549842702673e+01
1.24564008178384160e+01
1.21051238987362044e+01
1.17540451128257821e+01
1.14030700842529313e+01
1.10521495790111750e+01
1.07012578311588609e+01
1.03503812128229846e+01
9.99951256784936149e+00
9.64864813251051423e+00
9.29778591817302491e+00
8.94692487466088870e+00
8.59606444816437865e+00
8.24520434659082468e+00
7.89434441590404035e+00
7.54348457496058167e+00
7.19262478106911196e+00
6.84176501179485630e+00
6.49090525536471397e+00
6.14004550561112694e+00
5.78918575930999957e+00
5.43832601478032807e+00
5.08746627114900196e+00
4.73660652796498205e+00
4.38574678499728332e+00
4.03488704212878080e+00
3.68402729930080763e+00
3.33316755648562513e+00
2.98230781367201159e+00
2.63144807085533605e+00
2.28058832803320177e+00
1.92972858520232804e+00
1.57886884236483716e+00
1.22800909951931492e+00
8.77149356563296401e-01
5.26289613587993532e-01
1.75429871778060298e-01
1.75838513355320671e+01
1.69600776430608704e+01
1.63408861804687895e+01
1.58544777523998395e+01
1.54066793158298765e+01
1.49910821276812918e+01
1.46038982074052761e+01
1.42333237276533211e+01
1.38715485772386682e+01
1.35147961585809977e+01
1.31608007995886833e+01
1.28082690596185600e+01
1.24565192343601545e+01
1.21051882689976900e+01
1.17540797208206751e+01
1.14030885670426834e+01
1.10521594134903438e+01
1.07012630446749899e+01
1.03503839756139460e+01
9.99951403347251500e+00
9.64864891066307351e+00
9.29778633165661184e+00
8.94692509452878326e+00
8.59606456512408101e+00
8.24520440881172512e+00
7.89434444899607879e+00
7.54348459255035753e+00
7.19262479041068481e+00
6.84176501675044069e+00
6.49090525798990647e+00
6.14004550699947682e+00
5.78918576004271035e+00
5.43832601516607550e+00
5.08746627135145424e+00
4.73660652807087956e+00
4.38574678505254667e+00
4.03488704215780469e+00
3.68402729931620554e+00
3.33316755649364005e+00
2.98230781367640141e+00
2.63144807085916144e+00
2.28058832803899802e+00
1.92972858521565094e+00
1.57886884239060521e+00
1.22800909955306570e+00
8.77149356724780338e-01
5.26289614039411768e-01
1.75429871288856370e-01
1.75838513355320707e+01
1.69600776430608704e+01
1.63408861804687930e+01
1.58544777523998359e+01
1.54066793158298800e+01
1.49910821276812865e+01
1.46038982074052814e+01
1.42333237276533158e+01
1.38715485772386717e+01
1.35147961585809959e+01
1.31608007995886833e+01
1.28082690596185635e+01
1.24565192343601492e+01
1.21051882689976953e+01
1.17540797208206680e+01
1.14030885670426905e+01
1.10521594134903385e+01
1.07012630446749952e+01
1.03503839756139424e+01
9.99951403347251677e+00
9.64864891066307528e+00
9.29778633165661361e+00
8.94692509452878326e+00
8.59606456512408101e+00
8.24520440881172334e+00
7.89434444899608234e+00
7.54348459255035309e+00
7.19262479041068925e+00
6.84176501675043536e+00
6.49090525798991091e+00
6.14004550699947149e+00
5.78918576004271301e+00
5.43832601516607195e+00
5.08746627135145779e+00
4.73660652807087779e+00
4.38574678505254933e+00
4.03488704215780292e+00
3.68402729931620820e+00
3.33316755649363916e+00
2.98230781367640230e+00
2.63144807085916055e+00
2.28058832803899714e+00
1.92972858521565183e+00
1.57886884239060343e+00
1.22800909955306681e+00
8.77149356724778895e-01
5.26289614039412545e-01
1.75429871288856259e-01
1.77610915830845322e+01
1.70436916198515114e+01
1.63750431090155075e+01
1.58672296774737305e+01
1.54088341419372838e+01
1.49897612402220037e+01
1.46020580220635470e+01
1.42318556865183314e+01
1.38705705095222847e+01
1.35141743263053034e+01
1.31604260661598538e+01
1.28080549842702638e+01
1.24564008178384196e+01
1.21051238987361973e+01
1.17540451128257875e+01
1.14030700842529242e+01
1.10521495790111821e+01
1.07012578311588555e+01
1.03503812128229882e+01
9.99951256784935971e+00
9.64864813251051601e+00
9.29778591817302669e+00
8.94692487466088870e+00
8.59606444816437687e+00
8.24520434659082824e+00
7.89434441590403768e+00
7.54348457496058522e+00
7.19262478106910574e+00
6.84176501179486163e+00
6.49090525536470775e+00
6.14004550561113138e+00
5.78918575930999424e+00
5.43832601478033073e+00
5.08746627114899930e+00
4.73660652796498471e+00
4.38574678499728154e+00
4.03488704212878346e+00
3.68402729930080630e+00
3.33316755648562779e+00
2.98230781367201070e+00
2.63144807085533650e+00
2.28058832803320177e+00
1.92972858520232649e+00
1.57886884236483760e+00
1.22800909951931225e+00
8.77149356563297067e-01
5.26289613587991534e-01
1.75429871778061824e-01
1.82966346955857908e+01
1.72483375730999882e+01
1.64367892471619683e+01
1.58877484591876730e+01
1.54148478398184050e+01
1.49891420590271522e+01
1.46000165700987345e+01
1.42300681685179651e+01
1.38693408144410828e+01
1.35134095383488280e+01
1.31599745422638481e+01
1.28077979395966057e+01
1.24562583435372787e+01
1.21050462136718284e+01
1.17540031543943968e+01
1.14030475872248136e+01
1.10521375805658000e+01
1.07012514365540703e+01
1.03503778081068614e+01
9.99951075744266582e+00
9.64864717019506557e+00
9.29778540660958086e+00
8.94692460275270562e+00
8.59606430368643082e+00
8.24520426985367116e+00
7.89434437516902321e+00
7.54348455335391410e+00
7.19262476961998853e+00
6.84176500573561430e+00
6.49090525216285741e+00
6.14004550392248483e+00
5.78918575842162753e+00
5.43832601431452378e+00
5.08746627090586490e+00
4.73660652783887670e+00
4.38574678493235659e+00
4.03488704209551585e+00
3.68402729928394557e+00
3.33316755647749785e+00
2.98230781366808717e+00
2.63144807085327193e+00
2.28058832803148759e+00
1.92972858519720303e+00
1.57886884235636260e+00
1.22800909951501924e+00
8.77149356461747187e-01
5.26289613275264800e-01
1.75429872115723556e-01
1.94641665009231914e+01
1.76111121874549355e+01
1.65147616502307137e+01
1.58956097111968955e+01
1.54018784118696068e+01
1.49763758792857349e+01
1.45911741009529354e+01
1.42245000541359961e+01
1.38660752522609680e+01
1.35115781452685031e+01
1.31589670930963987e+01
1.28072506029250111e+01
1.24559641808188672e+01
1.21048891726303509e+01
1.17539196040672014e+01
1.14030032434978708e+01
1.10521140868034244e+01
1.07012389976121387e+01
1.03503712262880629e+01
9.99950727711398990e+00
9.64864533063862773e+00
9.29778443467685101e+00
8.94692408953474327e+00
8.59606403289891752e+00
8.24520412711675021e+00
7.89434430002443843e+00
7.54348451386044161e+00
7.19262474891117165e+00
6.84176499491125512e+00
6.49090524653059564e+00
6.14004550101095248e+00
5.78918575693093462e+00
5.43832601356211764e+00
5.08746627053419953e+00
4.73660652766124723e+00
4.38574678485169756e+00
4.03488704206185123e+00
3.68402729927233752e+00
3.33316755647601148e+00
2.98230781367165054e+00
2.63144807086097465e+00
2.28058832804549594e+00
1.92972858522538049e+00
1.57886884241515690e+00
1.22800909963094562e+00
8.77149356717178419e-01
5.26289613884382668e-01
1.75429872693479177e-01
1.89361363570464540e+01
1.73709623390779697e+01
1.64118865606543984e+01
1.58447024690427529e+01
1.53773986291358202e+01
1.49652699809421321e+01
1.45862546969779441e+01
1.42223388861432767e+01
1.38651192203415974e+01
1.35111520705211063e+01
1.31587751583095134e+01
1.28071619500849145e+01
1.24559218910794396e+01
1.21048684155525574e+01
1.17539091822034685e+01
1.14029979143004976e+01
1.10521113266396593e+01
1.07012375627174858e+01
1.03503704809880670e+01
9.99950689066532128e+00
9.64864513089493059e+00
9.29778433191103737e+00
8.94692403693436411e+00
8.59606400612362087e+00
8.24520411357221583e+00
7.89434429322307363e+00
7.54348451047627577e+00
7.19262474724799006e+00
6.84176499410859584e+00
6.49090524615423892e+00
6.14004550084308498e+00
5.78918575686302805e+00
5.43832601354059797e+00
5.08746627053293565e+00
4.73660652766777623e+00
4.38574678486029601e+00
4.03488704207006954e+00
3.68402729927918315e+00
3.33316755648133167e+00
2.98230781367601061e+00
2.63144807086527432e+00
2.28058832805122425e+00
1.92972858523641588e+00
1.57886884243676251e+00
1.22800909967093297e+00
8.77149356841293359e-01
5.26289614161067454e-01
1.75429872738480125e-01
1.77610915830845322e+01
1.70436916198515114e+01
1.63750431090155111e+01
1.58672296774737269e+01
1.54088341419372892e+01
1.49897612402220002e+01
1.46020580220635523e+01
1.42318556865183261e+01
1.38705705095222882e+01
1.35141743263053016e+01
1.31604260661598520e+01
1.28080549842702673e+01
1.24564008178384142e+01
1.21051238987362044e+01
1.17540451128257804e+01
1.14030700842529313e+01
1.10521495790111750e+01
1.07012578311588626e+01
1.03503812128229828e+01
9.99951256784935971e+00
9.64864813251051423e+00
9.29778591817302669e+00
8.94692487466088693e+00
8.59606444816437865e+00
8.24520434659082468e+00
7.89434441590404212e+00
7.54348457496058167e+00
7.19262478106911285e+00
6.84176501179485719e+00
6.49090525536471574e+00
6.14004550561112783e+00
5.78918575930999957e+00
5.43832601478032718e+00
5.08746627114900196e+00
4.73660652796498116e+00
4.38574678499728243e+00
4.03488704212878080e+00
3.68402729930080763e+00
3.33316755648562468e+00
2.98230781367201159e+00
2.63144807085533650e+00
2.28058832803320177e+00
1.92972858520232804e+00
1.57886884236483738e+00
1.22800909951931536e+00
8.77149356563296845e-01
5.26289613587993865e-01
1.75429871778059993e-01
1.72244910135669862e+01
1.68729782465531848e+01
1.63440946308378727e+01
1.58662127898237504e+01
1.54198827404996770e+01
1.50014022007691530e+01
1.46103936455700367e+01
1.42372183299601467e+01
1.38738468612971477e+01
1.35160819992221075e+01
1.31615048819292948e+01
1.28086555985534130e+01
1.24567307991670013e+01
1.21053033277128570e+01
1.17541420858963512e+01
1.14031221933693381e+01
1.10521774429303896e+01
1.07012727408388191e+01
1.03503891726862776e+01
9.99951680543398602e+00
9.64865038539478270e+00
9.29778711501082888e+00
8.94692550992382074e+00
8.59606478503635252e+00
8.24520452507237245e+00
7.89434451038064644e+00
7.54348462491839555e+00
7.19262480745457466e+00
6.84176502571118750e+00
6.49090526269202694e+00
6.14004550946074801e+00
5.78918576132655449e+00
5.43832601583235586e+00
5.08746627169455934e+00
4.73660652824538886e+00
4.38574678513951799e+00
4.03488704219976935e+00
3.68402729933538797e+00
3.33316755650164742e+00
2.98230781367932085e+00
2.63144807085939725e+00
2.28058832803808986e+00
1.92972858521611190e+00
1.57886884239231429e+00
1.22800909956083415e+00
8.77149356823070936e-01
5.26289614283043550e-01
1.75429870938159871e-01
1.70505489075895724e+01
1.68046064694867034e+01
1.63251771418459342e+01
1.58644211406065843e+01
1.54270294370601633e+01
1.50095426976445125e+01
1.46163837027008885e+01
1.42411596055226379e+01
1.38763134497636802e+01
1.35175505184402969e+01
1.31623490002763326e+01
1.28091312629322456e+01
1.24569945903001180e+01
1.21054476591192515e+01
1.17542203463225210e+01
1.14031644376487442e+01
1.10522001645441481e+01
1.07012848729565047e+01
1.03503956401914579e+01
9.99952025227677943e+00
9.64865222026764080e+00
9.29778809067595802e+00
8.94692602828228623e+00
8.59606506021294869e+00
8.24520467103112331e+00
7.89434458773078074e+00
7.54348466586830035e+00
7.19262482910858392e+00
6.84176503714593931e+00
6.49090526872025286e+00
6.14004551263196685e+00
5.78918576299018728e+00
5.43832601670180527e+00
5.08746627214660041e+00
4.73660652847871422e+00
4.38574678525882256e+00
4.03488704226032624e+00
3.68402729936578321e+00
3.33316755651621399e+00
2.98230781368678111e+00
2.63144807086581345e+00
2.28058832804797751e+00
1.92972858523855573e+00
1.57886884243869741e+00
1.22800909964035987e+00
8.77149357130081908e-01
5.26289615015808510e-01
1.75429869920553733e-01
1.70505489075895724e+01
1.68046064694867034e+01
1.63251771418459306e+01
1.58644211406065878e+01
1.54270294370601579e+01
1.50095426976445179e+01
1.46163837027008814e+01
1.42411596055226450e+01
1.38763134497636749e+01
1.35175505184402969e+01
1.31623490002763326e+01
1.28091312629322420e+01
1.24569945903001233e+01
1.21054476591192461e+01
1.17542203463225281e+01
1.14031644376487389e+01
1.10522001645441534e+01
1.07012848729564993e+01
1.03503956401914614e+01
9.99952025227677943e+00
9.64865222026764080e+00
9.29778809067595802e+00
8.94692602828228623e+00
8.59606506021294869e+00
8.24520467103112509e+00
7.89434458773077719e+00
7.54348466586830302e+00
7.19262482910857948e+00
6.84176503714594375e+00
6.49090526872024842e+00
6.14004551263197129e+00
5.78918576299018284e+00
5.43832601670180793e+00
5.08746627214659863e+00
4.73660652847871688e+00
4.38574678525881989e+00
4.03488704226032890e+00
3.68402729936578099e+00
3.33316755651621621e+00
2.98230781368678066e+00
2.63144807086581345e+00
2.28058832804797706e+00
1.92972858523855417e+00
1.57886884243869829e+00
1.22800909964035809e+00
8.77149357130083018e-01
5.26289615015807177e-01
1.75429869920554704e-01
1.72244910135669826e+01
1.68729782465531812e+01
1.63440946308378798e+01
1.58662127898237451e+01
1.54198827404996823e+01
1.50014022007691477e+01
1.46103936455700421e+01
1.42372183299601414e+01
1.38738468612971513e+01
1.35160819992221057e+01
1.31615048819292930e+01
1.28086555985534147e+01
1.24567307991669978e+01
1.21053033277128623e+01
1.17541420858963441e+01
1.14031221933693434e+01
1.10521774429303825e+01
1.07012727408388226e+01
1.03503891726862758e+01
9.99951680543398957e+00
9.64865038539478093e+00
9.29778711501083066e+00
8.94692550992382252e+00
8.59606478503635429e+00
8.24520452507237067e+00
7.89434451038064999e+00
7.54348462491839022e+00
7.19262480745457999e+00
6.84176502571118128e+00
6.49090526269203050e+00
6.14004550946074179e+00
5.78918576132655716e+00
5.43832601583235231e+00
5.08746627169456200e+00
4.73660652824538708e+00
4.38574678513952154e+00
4.03488704219976757e+00
3.68402729933539019e+00
3.33316755650164565e+00
2.98230781367932174e+00
2.63144807085939725e+00
2.28058832803808986e+00
1.92972858521611146e+00
1.57886884239231096e+00
1.22800909956083526e+00
8.77149356823068715e-01
5.26289614283043328e-01
1.75429870938159843e-01
1.77610915830845322e+01
1.70436916198515114e+01
1.63750431090155075e+01
1.58672296774737305e+01
1.54088341419372838e+01
1.49897612402220037e+01
1.46020580220635470e+01
1.42318556865183314e+01
1.38705705095222847e+01
1.35141743263053034e+01
1.31604260661598538e+01
1.28080549842702638e+01
1.24564008178384196e+01
1.21051238987361973e+01
1.17540451128257875e+01
1.14030700842529242e+01
1.10521495790111821e+01
1.07012578311588573e+01
1.03503812128229864e+01
9.99951256784935971e+00
9.64864813251051423e+00
9.29778591817302669e+00
8.94692487466088870e+00
8.59606444816437865e+00
8.24520434659082824e+00
7.89434441590403857e+00
7.54348457496058522e+00
7.19262478106910663e+00
6.84176501179486074e+00
6.49090525536470775e+00
6.14004550561113049e+00
5.78918575930999335e+00
5.43832601478032984e+00
5.08746627114899930e+00
4.73660652796498560e+00
4.38574678499728066e+00
4.03488704212878346e+00
3.68402729930080586e+00
3.33316755648562690e+00
2.98230781367201070e+00
2.63144807085533650e+00
2.28058832803320177e+00
1.92972858520232604e+00
1.57886884236483716e+00
1.22800909951931203e+00
8.77149356563297178e-01
5.26289613587991867e-01
1.75429871778062213e-01
1.89361363570464576e+01
1.73709623390779697e+01
1.64118865606543984e+01
1.58447024690427511e+01
1.53773986291358220e+01
1.49652699809421286e+01
1.45862546969779459e+01
1.42223388861432731e+01
1.38651192203415992e+01
1.35111520705211063e+01
1.31587751583095116e+01
1.28071619500849163e+01
1.24559218910794378e+01
1.21048684155525592e+01
1.17539091822034649e+01
1.14029979143004994e+01
1.10521113266396576e+01
1.07012375627174876e+01
1.03503704809880688e+01
9.99950689066532128e+00
9.64864513089493059e+00
9.29778433191103915e+00
8.94692403693436589e+00
8.59606400612362087e+00
8.24520411357221583e+00
7.89434429322307363e+00
7.54348451047627311e+00
7.19262474724799006e+00
6.84176499410859140e+00
6.49090524615423892e+00
6.14004550084308054e+00
5.78918575686302805e+00
5.43832601354059708e+00
5.08746627053293832e+00
4.73660652766777623e+00
4.38574678486029867e+00
4.03488704207007043e+00
3.68402729927918449e+00
3.33316755648133167e+00
2.98230781367601061e+00
2.63144807086527344e+00
2.28058832805122291e+00
1.92972858523641499e+00
1.57886884243676051e+00
1.22800909967093208e+00
8.77149356841292249e-01
5.26289614161067787e-01
1.75429872738482151e-01
1.87501091396050796e+01
1.72692620353378885e+01
1.63620282502725516e+01
1.58187642893120994e+01
1.53653372009168834e+01
1.49601778326925778e+01
1.45841982243826234e+01
1.42215333665319843e+01
1.38648110221825860e+01
1.35110442522390066e+01
1.31587410094489012e+01
1.28071512831004970e+01
1.24559182392883212e+01
1.21048668982585124e+01
1.17539083798829598e+01
1.14029974281135811e+01
1.10521110289129414e+01
1.07012373856963876e+01
1.03503703808386227e+01
9.99950683732913781e+00
9.64864510422775368e+00
9.29778431947304540e+00
8.94692403162285466e+00
8.59606400415035843e+00
8.24520411304160739e+00
7.89434429324506759e+00
7.54348451066300374e+00
7.19262474744790481e+00
6.84176499427359364e+00
6.49090524627721521e+00
6.14004550093044443e+00
5.78918575692377768e+00
5.43832601358256706e+00
5.08746627056200040e+00
4.73660652768804180e+00
4.38574678487459035e+00
4.03488704208028537e+00
3.68402729928647821e+00
3.33316755648653373e+00
2.98230781368025077e+00
2.63144807087007937e+00
2.28058832805870315e+00
1.92972858525185775e+00
1.57886884246701098e+00
1.22800909972060435e+00
8.77149356989679996e-01
5.26289614498706038e-01
1.75429872622724498e-01
1.75838513355320671e+01
1.69600776430608704e+01
1.63408861804687895e+01
1.58544777523998395e+01
1.54066793158298765e+01
1.49910821276812918e+01
1.46038982074052761e+01
1.42333237276533211e+01
1.38715485772386682e+01
1.35147961585809977e+01
1.31608007995886851e+01
1.28082690596185618e+01
1.24565192343601545e+01
1.21051882689976900e+01
1.17540797208206769e+01
1.14030885670426816e+01
1.10521594134903438e+01
1.07012630446749899e+01
1.03503839756139477e+01
9.99951403347251322e+00
9.64864891066307528e+00
9.29778633165661006e+00
8.94692509452878326e+00
8.59606456512407746e+00
8.24520440881172512e+00
7.89434444899607879e+00
7.54348459255036019e+00
7.19262479041068570e+00
6.84176501675044335e+00
6.49090525798990825e+00
6.14004550699947860e+00
5.78918576004271035e+00
5.43832601516607550e+00
5.08746627135145335e+00
4.73660652807087867e+00
4.38574678505254489e+00
4.03488704215780380e+00
3.68402729931620421e+00
3.33316755649363961e+00
2.98230781367640052e+00
2.63144807085916144e+00
2.28058832803899802e+00
1.92972858521565160e+00
1.57886884239060588e+00
1.22800909955306681e+00
8.77149356724780782e-01
5.26289614039412212e-01
1.75429871288856093e-01
1.70505489075895724e+01
1.68046064694867034e+01
1.63251771418459342e+01
1.58644211406065825e+01
1.54270294370601633e+01
1.50095426976445125e+01
1.46163837027008885e+01
1.42411596055226397e+01
1.38763134497636784e+01
1.35175505184402969e+01
1.31623490002763326e+01
1.28091312629322456e+01
1.24569945903001180e+01
1.21054476591192515e+01
1.17542203463225192e+01
1.14031644376487460e+01
1.10522001645441463e+01
1.07012848729565047e+01
1.03503956401914579e+01
9.99952025227678121e+00
9.64865222026764080e+00
9.29778809067595802e+00
8.94692602828228445e+00
8.59606506021294869e+00
8.24520467103112331e+00
7.89434458773078074e+00
7.54348466586829947e+00
7.19262482910858569e+00
6.84176503714593931e+00
6.49090526872025464e+00
6.14004551263196774e+00
5.78918576299018817e+00
5.43832601670180438e+00
5.08746627214660041e+00
4.73660652847871333e+00
4.38574678525882167e+00
4.03488704226032535e+00
3.68402729936578233e+00
3.33316755651621355e+00
2.98230781368678066e+00
2.63144807086581256e+00
2.28058832804797706e+00
1.92972858523855595e+00
1.57886884243869829e+00
1.22800909964036031e+00
8.77149357130082463e-01
5.26289615015808621e-01
1.75429869920553066e-01
1.68789911158136476e+01
1.67434538096802932e+01
1.63142801367265449e+01
1.58689862882371653e+01
1.54397561046897636e+01
1.50220553077999419e+01
1.46251866739724310e+01
1.42468283314254887e+01
1.38798418454183867e+01
1.35196394866802265e+01
1.31635455505061998e+01
1.28098072771084137e+01
1.24573715694196210e+01
1.21056551039800411e+01
1.17543334981223779e+01
1.14032258077697186e+01
1.10522332823168696e+01
1.07013026564037439e+01
1.03504051593499415e+01
9.99952533639441121e+00
9.64865493019625298e+00
9.29778953271633135e+00
8.94692679460060880e+00
8.59606546694936036e+00
8.24520488666887452e+00
7.89434470192862392e+00
7.54348472627572164e+00
7.19262486102194920e+00
6.84176505398143497e+00
6.49090527758603653e+00
6.14004551729039516e+00
5.78918576543065111e+00
5.43832601797512627e+00
5.08746627280714581e+00
4.73660652881854638e+00
4.38574678543161589e+00
4.03488704234732154e+00
3.68402729940949092e+00
3.33316755653735308e+00
2.98230781369696007e+00
2.63144807087442656e+00
2.28058832806210443e+00
1.92972858527046265e+00
1.57886884250558057e+00
1.22800909976540984e+00
8.77149357556409104e-01
5.26289615943779543e-01
1.75429868477698980e-01
1.68789911158136476e+01
1.67434538096802896e+01
1.63142801367265520e+01
1.58689862882371600e+01
1.54397561046897689e+01
1.50220553077999366e+01
1.46251866739724363e+01
1.42468283314254833e+01
1.38798418454183903e+01
1.35196394866802247e+01
1.31635455505061980e+01
1.28098072771084155e+01
1.24573715694196174e+01
1.21056551039800464e+01
1.17543334981223726e+01
1.14032258077697239e+01
1.10522332823168661e+01
1.07013026564037474e+01
1.03504051593499398e+01
9.99952533639441121e+00
9.64865493019625298e+00
9.29778953271633135e+00
8.94692679460061058e+00
8.59606546694936213e+00
8.24520488666887275e+00
7.89434470192862570e+00
7.54348472627571898e+00
7.19262486102195275e+00
6.84176505398143053e+00
6.49090527758604008e+00
6.14004551729039161e+00
5.78918576543065289e+00
5.43832601797512361e+00
5.08746627280714758e+00
4.73660652881854549e+00
4.38574678543161856e+00
4.03488704234731976e+00
3.68402729940949270e+00
3.33316755653735175e+00
2.98230781369696096e+00
2.63144807087442612e+00
2.28058832806210354e+00
1.92972858527046265e+00
1.57886884250557902e+00
1.22800909976541028e+00
8.77149357556407772e-01
5.26289615943780209e-01
1.75429868477699480e-01
1.70505489075895724e+01
1.68046064694867034e+01
1.63251771418459306e+01
1.58644211406065878e+01
1.54270294370601579e+01
1.50095426976445179e+01
1.46163837027008832e+01
1.42411596055226433e+01
1.38763134497636749e+01
1.35175505184402986e+01
1.31623490002763326e+01
1.28091312629322438e+01
1.24569945903001216e+01
1.21054476591192461e+01
1.17542203463225263e+01
1.14031644376487389e+01
1.10522001645441534e+01
1.07012848729565011e+01
1.03503956401914596e+01
9.99952025227678121e+00
9.64865222026764258e+00
9.29778809067595802e+00
8.94692602828228623e+00
8.59606506021294869e+00
8.24520467103112509e+00
7.89434458773077896e+00
7.54348466586830479e+00
7.19262482910858036e+00
6.84176503714594375e+00
6.49090526872024842e+00
6.14004551263196952e+00
5.78918576299018195e+00
5.43832601670180704e+00
5.08746627214659775e+00
4.73660652847871599e+00
4.38574678525881989e+00
4.03488704226032802e+00
3.68402729936578055e+00
3.33316755651621577e+00
2.98230781368677977e+00
2.63144807086581345e+00
2.28058832804797706e+00
1.92972858523855395e+00
1.57886884243869741e+00
1.22800909964035743e+00
8.77149357130082352e-01
5.26289615015806511e-01
1.75429869920554954e-01
1.75838513355320707e+01
1.69600776430608704e+01
1.63408861804687930e+01
1.58544777523998359e+01
1.54066793158298800e+01
1.49910821276812865e+01
1.46038982074052814e+01
1.42333237276533158e+01
1.38715485772386717e+01
1.35147961585809959e+01
1.31608007995886833e+01
1.28082690596185618e+01
1.24565192343601492e+01
1.21051882689976953e+01
1.17540797208206698e+01
1.14030885670426887e+01
1.10521594134903385e+01
1.07012630446749952e+01
1.03503839756139442e+01
9.99951403347251677e+00
9.64864891066307528e+00
9.29778633165661184e+00
8.94692509452878504e+00
8.59606456512408101e+00
8.24520440881172334e+00
7.89434444899608234e+00
7.54348459255035486e+00
7.19262479041068925e+00
6.84176501675043713e+00
6.49090525798991091e+00
6.14004550699947149e+00
5.78918576004271213e+00
5.43832601516607106e+00
5.08746627135145602e+00
4.73660652807087690e+00
4.38574678505254845e+00
4.03488704215780292e+00
3.68402729931620732e+00
3.33316755649363916e+00
2.98230781367640185e+00
2.63144807085916010e+00
2.28058832803899714e+00
1.92972858521565116e+00
1.57886884239060254e+00
1.22800909955306614e+00
8.77149356724778118e-01
5.26289614039412323e-01
1.75429871288857259e-01
1.87501091396050796e+01
1.72692620353378885e+01
1.63620282502725551e+01
1.58187642893121012e+01
1.53653372009168816e+01
1.49601778326925796e+01
1.45841982243826198e+01
1.42215333665319843e+01
1.38648110221825842e+01
1.35110442522390066e+01
1.31587410094489012e+01
1.28071512831004952e+01
1.24559182392883230e+01
1.21048668982585088e+01
1.17539083798829616e+01
1.14029974281135793e+01
1.10521110289129449e+01
1.07012373856963876e+01
1.03503703808386245e+01
9.99950683732913959e+00
9.64864510422775545e+00
9.29778431947304718e+00
8.94692403162285643e+00
8.59606400415036020e+00
8.24520411304160739e+00
7.89434429324506581e+00
7.54348451066300285e+00
7.19262474744790126e+00
6.84176499427359275e+00
6.49090524627721077e+00
6.14004550093044354e+00
5.78918575692377502e+00
5.43832601358256795e+00
5.08746627056200040e+00
4.73660652768804358e+00
4.38574678487459124e+00
4.03488704208028803e+00
3.68402729928647865e+00
3.33316755648653462e+00
2.98230781368024944e+00
2.63144807087007804e+00
2.28058832805870226e+00
1.92972858525185553e+00
1.57886884246700876e+00
1.22800909972060235e+00
8.77149356989679663e-01
5.26289614498705927e-01
1.75429872622727190e-01
1.87501091396050796e+01
1.72692620353378885e+01
1.63620282502725516e+01
1.58187642893121012e+01
1.53653372009168816e+01
1.49601778326925796e+01
1.45841982243826198e+01
1.42215333665319843e+01
1.38648110221825860e+01
1.35110442522390066e+01
1.31587410094489012e+01
1.28071512831004952e+01
1.24559182392883230e+01
1.21048668982585088e+01
1.17539083798829633e+01
1.14029974281135793e+01
1.10521110289129432e+01
1.07012373856963858e+01
1.03503703808386245e+01
9.99950683732913603e+00
9.64864510422775368e+00
9.29778431947304540e+00
8.94692403162285643e+00
8.59606400415036020e+00
8.24520411304160916e+00
7.89434429324506670e+00
7.54348451066300640e+00
7.19262474744790392e+00
6.84176499427359630e+00
6.49090524627721344e+00
6.14004550093044621e+00
5.78918575692377591e+00
5.43832601358256884e+00
5.08746627056199863e+00
4.73660652768804091e+00
4.38574678487458858e+00
4.03488704208028537e+00
3.68402729928647732e+00
3.33316755648653373e+00
2.98230781368024989e+00
2.63144807087007937e+00
2.28058832805870315e+00
1.92972858525185753e+00
1.57886884246701120e+00
1.22800909972060435e+00
8.77149356989680773e-01
5.26289614498705927e-01
1.75429872622724664e-01
1.75838513355320707e+01
1.69600776430608668e+01
1.63408861804687930e+01
1.58544777523998359e+01
1.54066793158298800e+01
1.49910821276812865e+01
1.46038982074052814e+01
1.42333237276533175e+01
1.38715485772386700e+01
1.35147961585809977e+01
1.31608007995886815e+01
1.28082690596185635e+01
1.24565192343601492e+01
1.21051882689976971e+01
1.17540797208206662e+01
1.14030885670426922e+01
1.10521594134903367e+01
1.07012630446749952e+01
1.03503839756139424e+01
9.99951403347251855e+00
9.64864891066307351e+00
9.29778633165661361e+00
8.94692509452878149e+00
8.59606456512408279e+00
8.24520440881172156e+00
7.89434444899608501e+00
7.54348459255035486e+00
7.19262479041069280e+00
6.84176501675043713e+00
6.49090525798991447e+00
6.14004550699947238e+00
5.78918576004271568e+00
5.43832601516607106e+00
5.08746627135145690e+00
4.73660652807087512e+00
4.38574678505254756e+00
4.03488704215780025e+00
3.68402729931620643e+00
3.33316755649363738e+00
2.98230781367640230e+00
2.63144807085916010e+00
2.28058832803899802e+00
1.92972858521565227e+00
1.57886884239060499e+00
1.22800909955306792e+00
8.77149356724779894e-01
5.26289614039412990e-01
1.75429871288855316e-01
1.70505489075895724e+01
1.68046064694867034e+01
1.63251771418459306e+01
1.58644211406065878e+01
1.54270294370601579e+01
1.50095426976445179e+01
1.46163837027008832e+01
1.42411596055226433e+01
1.38763134497636749e+01
1.35175505184402969e+01
1.31623490002763344e+01
1.28091312629322420e+01
1.24569945903001251e+01
1.21054476591192444e+01
1.17542203463225281e+01
1.14031644376487371e+01
1.10522001645441534e+01
1.07012848729564993e+01
1.03503956401914614e+01
9.99952025227677765e+00
9.64865222026764258e+00
9.29778809067595624e+00
8.94692602828228800e+00
8.59606506021294692e+00
8.24520467103112686e+00
7.89434458773077719e+00
7.54348466586830657e+00
7.19262482910858036e+00
6.84176503714594642e+00
6.49090526872024842e+00
6.14004551263197218e+00
5.78918576299018373e+00
5.43832601670180793e+00
5.08746627214659686e+00
4.73660652847871511e+00
4.38574678525881811e+00
4.03488704226032713e+00
3.68402729936577922e+00
3.33316755651621577e+00
2.98230781368677933e+00
2.63144807086581345e+00
2.28058832804797706e+00
1.92972858523855528e+00
1.57886884243869940e+00
1.22800909964035920e+00
8.77149357130083573e-01
5.26289615015807510e-01
1.75429869920553483e-01
1.68789911158136476e+01
1.67434538096802861e+01
1.63142801367265520e+01
1.58689862882371600e+01
1.54397561046897689e+01
1.50220553077999384e+01
1.46251866739724345e+01
1.42468283314254833e+01
1.38798418454183921e+01
1.35196394866802247e+01
1.31635455505061998e+01
1.28098072771084155e+01
1.24573715694196174e+01
1.21056551039800464e+01
1.17543334981223708e+01
1.14032258077697257e+01
1.10522332823168661e+01
1.07013026564037492e+01
1.03504051593499380e+01
9.99952533639441299e+00
9.64865493019625475e+00
9.29778953271633313e+00
8.94692679460060880e+00
8.59606546694936213e+00
8.24520488666887275e+00
7.89434470192862747e+00
7.54348472627571986e+00
7.19262486102195364e+00
6.84176505398143142e+00
6.49090527758604097e+00
6.14004551729039161e+00
5.78918576543065466e+00
5.43832601797512361e+00
5.08746627280714758e+00
4.73660652881854372e+00
4.38574678543161767e+00
4.03488704234731976e+00
3.68402729940949181e+00
3.33316755653735042e+00
2.98230781369696141e+00
2.63144807087442612e+00
2.28058832806210399e+00
1.92972858527046309e+00
1.57886884250557991e+00
1.22800909976541095e+00
8.77149357556407772e-01
5.26289615943780209e-01
1.75429868477698703e-01
1.68789911158136476e+01
1.67434538096802932e+01
1.63142801367265484e+01
1.58689862882371653e+01
1.54397561046897653e+01
1.50220553077999419e+01
1.46251866739724310e+01
1.42468283314254869e+01
1.38798418454183885e+01
1.35196394866802265e+01
1.31635455505061998e+01
1.28098072771084137e+01
1.24573715694196210e+01
1.21056551039800411e+01
1.17543334981223762e+01
1.14032258077697204e+01
1.10522332823168696e+01
1.07013026564037457e+01
1.03504051593499415e+01
9.99952533639441121e+00
9.64865493019625298e+00
9.29778953271633313e+00
8.94692679460060880e+00
8.59606546694936036e+00
8.24520488666887452e+00
7.89434470192862481e+00
7.54348472627572253e+00
7.19262486102194920e+00
6.84176505398143409e+00
6.49090527758603653e+00
6.14004551729039516e+00
5.78918576543065111e+00
5.43832601797512538e+00
5.08746627280714581e+00
4.73660652881854549e+00
4.38574678543161678e+00
4.03488704234732065e+00
3.68402729940949003e+00
3.33316755653735264e+00
2.98230781369696007e+00
2.63144807087442700e+00
2.28058832806210310e+00
1.92972858527046198e+00
1.57886884250558035e+00
1.22800909976540984e+00
8.77149357556408660e-01
5.26289615943779321e-01
1.75429868477699674e-01
1.70505489075895724e+01
1.68046064694867034e+01
1.63251771418459377e+01
1.58644211406065825e+01
1.54270294370601633e+01
1.50095426976445125e+01
1.46163837027008885e+01
1.42411596055226379e+01
1.38763134497636802e+01
1.35175505184402951e+01
1.31623490002763326e+01
1.28091312629322438e+01
1.24569945903001198e+01
1.21054476591192497e+01
1.17542203463225210e+01
1.14031644376487442e+01
1.10522001645441481e+01
1.07012848729565011e+01
1.03503956401914596e+01
9.99952025227677943e+00
9.64865222026764435e+00
9.29778809067595624e+00
8.94692602828228800e+00
8.59606506021294869e+00
8.24520467103112509e+00
7.89434458773077985e+00
7.54348466586830213e+00
7.19262482910858392e+00
6.84176503714594020e+00
6.49090526872025286e+00
6.14004551263196774e+00
5.78918576299018550e+00
5.43832601670180527e+00
5.08746627214659863e+00
4.73660652847871333e+00
4.38574678525882078e+00
4.03488704226032624e+00
3.68402729936578188e+00
3.33316755651621399e+00
2.98230781368678066e+00
2.63144807086581256e+00
2.28058832804797618e+00
1.92972858523855439e+00
1.57886884243869674e+00
1.22800909964035943e+00
8.77149357130081797e-01
5.26289615015807843e-01
1.75429869920554427e-01
1.75838513355320707e+01
1.69600776430608704e+01
1.63408861804687895e+01
1.58544777523998395e+01
1.54066793158298747e+01
1.49910821276812918e+01
1.46038982074052761e+01
1.42333237276533211e+01
1.38715485772386664e+01
1.35147961585809995e+01
1.31608007995886815e+01
1.28082690596185635e+01
1.24565192343601510e+01
1.21051882689976917e+01
1.17540797208206733e+01
1.14030885670426851e+01
1.10521594134903420e+01
1.07012630446749917e+01
1.03503839756139442e+01
9.99951403347251855e+00
9.64864891066307351e+00
9.29778633165661539e+00
8.94692509452878149e+00
8.59606456512408279e+00
8.24520440881172334e+00
7.89434444899608234e+00
7.54348459255035753e+00
7.19262479041068659e+00
6.84176501675043980e+00
6.49090525798990736e+00
6.14004550699947504e+00
5.78918576004271035e+00
5.43832601516607372e+00
5.08746627135145424e+00
4.73660652807087779e+00
4.38574678505254578e+00
4.03488704215780380e+00
3.68402729931620598e+00
3.33316755649363961e+00
2.98230781367640096e+00
2.63144807085916144e+00
2.28058832803899714e+00
1.92972858521565005e+00
1.57886884239060366e+00
1.22800909955306481e+00
8.77149356724779450e-01
5.26289614039411990e-01
1.75429871288857980e-01
1.87501091396050796e+01
1.72692620353378885e+01
1.63620282502725551e+01
1.58187642893120994e+01
1.53653372009168834e+01
1.49601778326925778e+01
1.45841982243826234e+01
1.42215333665319825e+01
1.38648110221825860e+01
1.35110442522390048e+01
1.31587410094489012e+01
1.28071512831004952e+01
1.24559182392883212e+01
1.21048668982585088e+01
1.17539083798829616e+01
1.14029974281135793e+01
1.10521110289129432e+01
1.07012373856963858e+01
1.03503703808386263e+01
9.99950683732913959e+00
9.64864510422775723e+00
9.29778431947304718e+00
8.94692403162285643e+00
8.59606400415036020e+00
8.24520411304160739e+00
7.89434429324506581e+00
7.54348451066300285e+00
7.19262474744790303e+00
6.84176499427359275e+00
6.49090524627721255e+00
6.14004550093044266e+00
5.78918575692377591e+00
5.43832601358256795e+00
5.08746627056200040e+00
4.73660652768804269e+00
4.38574678487459124e+00
4.03488704208028715e+00
3.68402729928647910e+00
3.33316755648653418e+00
2.98230781368024989e+00
2.63144807087007804e+00
2.28058832805870182e+00
1.92972858525185575e+00
1.57886884246700854e+00
1.22800909972060301e+00
8.77149356989679330e-01
5.26289614498706371e-01
1.75429872622727023e-01
1.89361363570464576e+01
1.73709623390779697e+01
1.64118865606543984e+01
1.58447024690427511e+01
1.53773986291358220e+01
1.49652699809421286e+01
1.45862546969779459e+01
1.42223388861432749e+01
1.38651192203415992e+01
1.35111520705211081e+01
1.31587751583095116e+01
1.28071619500849163e+01
1.24559218910794360e+01
1.21048684155525592e+01
1.17539091822034649e+01
1.14029979143004994e+01
1.10521113266396576e+01
1.07012375627174876e+01
1.03503704809880670e+01
9.99950689066532128e+00
9.64864513089492881e+00
9.29778433191103915e+00
8.94692403693436411e+00
8.59606400612362087e+00
8.24520411357221583e+00
7.89434429322307718e+00
7.54348451047627488e+00
7.19262474724799361e+00
6.84176499410859495e+00
6.49090524615424247e+00
6.14004550084308320e+00
5.78918575686302983e+00
5.43832601354059531e+00
5.08746627053293565e+00
4.73660652766777357e+00
4.38574678486029601e+00
4.03488704207006688e+00
3.68402729927918271e+00
3.33316755648133034e+00
2.98230781367601061e+00
2.63144807086527388e+00
2.28058832805122469e+00
1.92972858523641655e+00
1.57886884243676251e+00
1.22800909967093408e+00
8.77149356841293470e-01
5.26289614161068120e-01
1.75429872738480430e-01
1.77610915830845322e+01
1.70436916198515114e+01
1.63750431090155075e+01
1.58672296774737305e+01
1.54088341419372838e+01
1.49897612402220037e+01
1.46020580220635487e+01
1.42318556865183314e+01
1.38705705095222829e+01
1.35141743263053034e+01
1.31604260661598556e+01
1.28080549842702602e+01
1.24564008178384213e+01
1.21051238987361955e+01
1.17540451128257892e+01
1.14030700842529225e+01
1.10521495790111857e+01
1.07012578311588538e+01
1.03503812128229900e+01
9.99951256784935794e+00
9.64864813251051601e+00
9.29778591817302313e+00
8.94692487466088870e+00
8.59606444816437509e+00
8.24520434659083179e+00
7.89434441590403679e+00
7.54348457496058966e+00
7.19262478106910752e+00
6.84176501179486607e+00
6.49090525536470953e+00
6.14004550561113494e+00
5.78918575930999424e+00
5.43832601478033162e+00
5.08746627114899752e+00
4.73660652796498383e+00
4.38574678499727710e+00
4.03488704212878169e+00
3.68402729930080364e+00
3.33316755648562646e+00
2.98230781367200937e+00
2.63144807085533694e+00
2.28058832803320222e+00
1.92972858520232760e+00
1.57886884236483871e+00
1.22800909951931425e+00
8.77149356563298510e-01
5.26289613587992977e-01
1.75429871778061020e-01
1.72244910135669862e+01
1.68729782465531812e+01
1.63440946308378798e+01
1.58662127898237451e+01
1.54198827404996806e+01
1.50014022007691477e+01
1.46103936455700421e+01
1.42372183299601414e+01
1.38738468612971513e+01
1.35160819992221075e+01
1.31615048819292930e+01
1.28086555985534165e+01
1.24567307991669960e+01
1.21053033277128641e+01
1.17541420858963424e+01
1.14031221933693452e+01
1.10521774429303807e+01
1.07012727408388262e+01
1.03503891726862722e+01
9.99951680543399135e+00
9.64865038539477737e+00
9.29778711501083244e+00
8.94692550992382074e+00
8.59606478503635607e+00
8.24520452507236890e+00
7.89434451038065355e+00
7.54348462491839022e+00
7.19262480745458355e+00
6.84176502571118217e+00
6.49090526269203494e+00
6.14004550946074268e+00
5.78918576132655982e+00
5.43832601583235142e+00
5.08746627169456200e+00
4.73660652824538442e+00
4.38574678513951977e+00
4.03488704219976491e+00
3.68402729933538930e+00
3.33316755650164387e+00
2.98230781367932174e+00
2.63144807085939636e+00
2.28058832803808986e+00
1.92972858521611235e+00
1.57886884239231340e+00
1.22800909956083659e+00
8.77149356823069826e-01
5.26289614283044660e-01
1.75429870938159371e-01
1.70505489075895724e+01
1.68046064694867034e+01
1.63251771418459306e+01
1.58644211406065878e+01
1.54270294370601579e+01
1.50095426976445179e+01
1.46163837027008832e+01
1.42411596055226433e+01
1.38763134497636766e+01
1.35175505184402986e+01
1.31623490002763326e+01
1.28091312629322420e+01
1.24569945903001233e+01
1.21054476591192444e+01
1.17542203463225281e+01
1.14031644376487389e+01
1.10522001645441534e+01
1.07012848729564993e+01
1.03503956401914614e+01
9.99952025227677765e+00
9.64865222026764258e+00
9.29778809067595624e+00
8.94692602828228623e+00
8.59606506021294692e+00
8.24520467103112509e+00
7.89434458773077807e+00
7.54348466586830568e+00
7.19262482910858036e+00
6.84176503714594730e+00
6.49090526872025020e+00
6.14004551263197218e+00
5.78918576299018284e+00
5.43832601670180793e+00
5.08746627214659686e+00
4.73660652847871422e+00
4.38574678525881723e+00
4.03488704226032624e+00
3.68402729936577833e+00
3.33316755651621532e+00
2.98230781368677933e+00
2.63144807086581300e+00
2.28058832804797662e+00
1.92972858523855506e+00
1.57886884243869918e+00
1.22800909964035943e+00
8.77149357130083240e-01
5.26289615015807621e-01
1.75429869920554371e-01
1.70505489075895724e+01
1.68046064694867034e+01
1.63251771418459342e+01
1.58644211406065843e+01
1.54270294370601633e+01
1.50095426976445125e+01
1.46163837027008867e+01
1.42411596055226397e+01
1.38763134497636784e+01
1.35175505184402969e+01
1.31623490002763326e+01
1.28091312629322438e+01
1.24569945903001180e+01
1.21054476591192479e+01
1.17542203463225228e+01
1.14031644376487442e+01
1.10522001645441481e+01
1.07012848729565029e+01
1.03503956401914596e+01
9.99952025227677943e+00
9.64865222026764258e+00
9.29778809067595624e+00
8.94692602828228623e+00
8.59606506021294869e+00
8.24520467103112509e+00
7.89434458773078163e+00
7.54348466586830213e+00
7.19262482910858481e+00
6.84176503714594109e+00
6.49090526872025464e+00
6.14004551263196863e+00
5.78918576299018728e+00
5.43832601670180438e+00
5.08746627214659863e+00
4.73660652847871244e+00
4.38574678525881989e+00
4.03488704226032446e+00
3.68402729936578144e+00
3.33316755651621310e+00
2.98230781368678066e+00
2.63144807086581212e+00
2.28058832804797618e+00
1.92972858523855506e+00
1.57886884243869763e+00
1.22800909964035987e+00
8.77149357130082463e-01
5.26289615015808065e-01
1.75429869920554121e-01
1.72244910135669862e+01
1.68729782465531848e+01
1.63440946308378727e+01
1.58662127898237504e+01
1.54198827404996752e+01
1.50014022007691548e+01
1.46103936455700349e+01
1.42372183299601467e+01
1.38738468612971477e+01
1.35160819992221093e+01
1.31615048819292930e+01
1.28086555985534147e+01
1.24567307991669995e+01
1.21053033277128588e+01
1.17541420858963495e+01
1.14031221933693381e+01
1.10521774429303843e+01
1.07012727408388209e+01
1.03503891726862758e+01
9.99951680543398957e+00
9.64865038539477915e+00
9.29778711501083244e+00
8.94692550992382074e+00
8.59606478503635607e+00
8.24520452507237245e+00
7.89434451038064910e+00
7.54348462491839467e+00
7.19262480745457733e+00
6.84176502571118661e+00
6.49090526269202872e+00
6.14004550946074623e+00
5.78918576132655449e+00
5.43832601583235409e+00
5.08746627169455845e+00
4.73660652824538708e+00
4.38574678513951799e+00
4.03488704219976757e+00
3.68402729933538797e+00
3.33316755650164653e+00
2.98230781367932041e+00
2.63144807085939680e+00
2.28058832803808897e+00
1.92972858521611146e+00
1.57886884239231273e+00
1.22800909956083348e+00
8.77149356823070603e-01
5.26289614283043217e-01
1.75429870938160593e-01
1.77610915830845322e+01
1.70436916198515114e+01
1.63750431090155111e+01
1.58672296774737269e+01
1.54088341419372892e+01
1.49897612402219984e+01
1.46020580220635541e+01
1.42318556865183243e+01
1.38705705095222900e+01
1.35141743263052998e+01
1.31604260661598538e+01
1.28080549842702656e+01
1.24564008178384178e+01
1.21051238987362009e+01
1.17540451128257839e+01
1.14030700842529278e+01
1.10521495790111803e+01
1.07012578311588591e+01
1.03503812128229864e+01
9.99951256784935971e+00
9.64864813251051778e+00
9.29778591817302491e+00
8.94692487466089048e+00
8.59606444816437687e+00
8.24520434659083001e+00
7.89434441590404035e+00
7.54348457496058433e+00
7.19262478106911107e+00
6.84176501179485808e+00
6.49090525536471308e+00
6.14004550561112783e+00
5.78918575930999690e+00
5.43832601478032807e+00
5.08746627114900019e+00
4.73660652796498116e+00
4.38574678499727977e+00
4.03488704212878080e+00
3.68402729930080675e+00
3.33316755648562557e+00
2.98230781367201114e+00
2.63144807085533605e+00
2.28058832803320133e+00
1.92972858520232693e+00
1.57886884236483604e+00
1.22800909951931403e+00
8.77149356563296179e-01
5.26289613587993088e-01
1.75429871778061602e-01
1.89361363570464576e+01
1.73709623390779697e+01
1.64118865606543984e+01
1.58447024690427529e+01
1.53773986291358202e+01
1.49652699809421321e+01
1.45862546969779441e+01
1.42223388861432767e+01
1.38651192203415956e+01
1.35111520705211081e+01
1.31587751583095116e+01
1.28071619500849163e+01
1.24559218910794378e+01
1.21048684155525557e+01
1.17539091822034667e+01
1.14029979143004976e+01
1.10521113266396576e+01
1.07012375627174876e+01
1.03503704809880688e+01
9.99950689066532306e+00
9.64864513089493059e+00
9.29778433191103915e+00
8.94692403693436411e+00
8.59606400612362087e+00
8.24520411357221583e+00
7.89434429322307540e+00
7.54348451047627488e+00
7.19262474724799006e+00
6.84176499410859407e+00
6.49090524615423892e+00
6.14004550084308320e+00
5.78918575686302805e+00
5.43832601354059708e+00
5.08746627053293565e+00
4.73660652766777535e+00
4.38574678486029601e+00
4.03488704207006954e+00
3.68402729927918271e+00
3.33316755648133123e+00
2.98230781367601017e+00
2.63144807086527299e+00
2.28058832805122291e+00
1.92972858523641433e+00
1.57886884243676118e+00
1.22800909967093252e+00
8.77149356841293248e-01
5.26289614161067898e-01
1.75429872738482373e-01
1.94641665009231914e+01
1.76111121874549319e+01
1.65147616502307137e+01
1.58956097111968955e+01
1.54018784118696068e+01
1.49763758792857349e+01
1.45911741009529372e+01
1.42245000541359943e+01
1.38660752522609680e+01
1.35115781452685031e+01
1.31589670930963987e+01
1.28072506029250093e+01
1.24559641808188690e+01
1.21048891726303509e+01
1.17539196040672032e+01
1.14030032434978708e+01
1.10521140868034244e+01
1.07012389976121369e+01
1.03503712262880612e+01
9.99950727711398990e+00
9.64864533063862773e+00
9.29778443467684923e+00
8.94692408953474327e+00
8.59606403289891574e+00
8.24520412711675199e+00
7.89434430002444021e+00
7.54348451386044516e+00
7.19262474891117520e+00
6.84176499491125956e+00
6.49090524653059830e+00
6.14004550101095425e+00
5.78918575693093551e+00
5.43832601356211764e+00
5.08746627053419775e+00
4.73660652766124368e+00
4.38574678485169311e+00
4.03488704206184945e+00
3.68402729927233485e+00
3.33316755647601060e+00
2.98230781367165010e+00
2.63144807086097510e+00
2.28058832804549638e+00
1.92972858522538182e+00
1.57886884241515868e+00
1.22800909963094740e+00
8.77149356717179640e-01
5.26289613884383223e-01
1.75429872693478012e-01
1.82966346955857873e+01
1.72483375730999882e+01
1.64367892471619683e+01
1.58877484591876730e+01
1.54148478398184032e+01
1.49891420590271522e+01
1.46000165700987328e+01
1.42300681685179651e+01
1.38693408144410828e+01
1.35134095383488280e+01
1.31599745422638463e+01
1.28077979395966057e+01
1.24562583435372769e+01
1.21050462136718302e+01
1.17540031543943968e+01
1.14030475872248154e+01
1.10521375805657982e+01
1.07012514365540721e+01
1.03503778081068578e+01
9.99951075744266760e+00
9.64864717019506202e+00
9.29778540660958264e+00
8.94692460275270385e+00
8.59606430368643082e+00
8.24520426985366939e+00
7.89434437516902676e+00
7.54348455335391499e+00
7.19262476961999386e+00
6.84176500573561519e+00
6.49090525216286274e+00
6.14004550392248571e+00
5.78918575842162930e+00
5.43832601431452289e+00
5.08746627090586401e+00
4.73660652783887315e+00
4.38574678493235393e+00
4.03488704209551230e+00
3.68402729928394379e+00
3.33316755647749607e+00
2.98230781366808761e+00
2.63144807085327148e+00
2.28058832803148892e+00
1.92972858519720347e+00
1.57886884235636438e+00
1.22800909951502080e+00
8.77149356461749075e-01
5.26289613275265800e-01
1.75429872115722835e-01
1.77610915830845322e+01
1.70436916198515114e+01
1.63750431090155075e+01
1.58672296774737305e+01
1.54088341419372838e+01
1.49897612402220037e+01
1.46020580220635487e+01
1.42318556865183297e+01
1.38705705095222864e+01
1.35141743263053016e+01
1.31604260661598556e+01
1.28080549842702620e+01
1.24564008178384213e+01
1.21051238987361955e+01
1.17540451128257892e+01
1.14030700842529225e+01
1.10521495790111839e+01
1.07012578311588538e+01
1.03503812128229900e+01
9.99951256784935794e+00
9.64864813251051601e+00
9.29778591817302313e+00
8.94692487466089048e+00
8.59606444816437509e+00
8.24520434659083179e+00
7.89434441590403768e+00
7.54348457496058966e+00
7.19262478106910752e+00
6.84176501179486607e+00
6.49090525536470953e+00
6.14004550561113405e+00
5.78918575930999335e+00
5.43832601478033162e+00
5.08746627114899663e+00
4.73660652796498383e+00
4.38574678499727710e+00
4.03488704212878169e+00
3.68402729930080364e+00
3.33316755648562690e+00
2.98230781367200892e+00
2.63144807085533650e+00
2.28058832803320177e+00
1.92972858520232737e+00
1.57886884236483871e+00
1.22800909951931403e+00
8.77149356563298399e-01
5.26289613587993199e-01
1.75429871778061408e-01
1.75838513355320707e+01
1.69600776430608668e+01
1.63408861804687930e+01
1.58544777523998377e+01
1.54066793158298800e+01
1.49910821276812865e+01
1.46038982074052814e+01
1.42333237276533175e+01
1.38715485772386700e+01
1.35147961585809959e+01
1.31608007995886833e+01
1.28082690596185635e+01
1.24565192343601492e+01
1.21051882689976953e+01
1.17540797208206680e+01
1.14030885670426905e+01
1.10521594134903367e+01
1.07012630446749952e+01
1.03503839756139424e+01
9.99951403347251677e+00
9.64864891066307351e+00
9.29778633165661184e+00
8.94692509452878326e+00
8.59606456512408101e+00
8.24520440881172334e+00
7.89434444899608501e+00
7.54348459255035575e+00
7.19262479041069192e+00
6.84176501675043802e+00
6.49090525798991447e+00
6.14004550699947327e+00
5.78918576004271479e+00
5.43832601516607106e+00
5.08746627135145602e+00
4.73660652807087423e+00
4.38574678505254578e+00
4.03488704215779936e+00
3.68402729931620598e+00
3.33316755649363738e+00
2.98230781367640141e+00
2.63144807085915966e+00
2.28058832803899758e+00
1.92972858521565183e+00
1.57886884239060477e+00
1.22800909955306770e+00
8.77149356724779672e-01
5.26289614039413212e-01
1.75429871288856537e-01
1.75838513355320707e+01
1.69600776430608704e+01
1.63408861804687895e+01
1.58544777523998413e+01
1.54066793158298747e+01
1.49910821276812918e+01
1.46038982074052761e+01
1.42333237276533229e+01
1.38715485772386682e+01
1.35147961585809995e+01
1.31608007995886833e+01
1.28082690596185618e+01
1.24565192343601527e+01
1.21051882689976900e+01
1.17540797208206733e+01
1.14030885670426834e+01
1.10521594134903420e+01
1.07012630446749917e+01
1.03503839756139460e+01
9.99951403347251500e+00
9.64864891066307351e+00
9.29778633165661361e+00
8.94692509452878149e+00
8.59606456512408101e+00
8.24520440881172512e+00
7.89434444899608145e+00
7.54348459255036019e+00
7.19262479041068747e+00
6.84176501675044335e+00
6.49090525798990914e+00
6.14004550699947771e+00
5.78918576004271035e+00
5.43832601516607284e+00
5.08746627135145335e+00
4.73660652807087690e+00
4.38574678505254401e+00
4.03488704215780203e+00
3.68402729931620376e+00
3.33316755649363872e+00
2.98230781367640096e+00
2.63144807085916099e+00
2.28058832803899714e+00
1.92972858521565116e+00
1.57886884239060499e+00
1.22800909955306614e+00
8.77149356724780449e-01
5.26289614039412323e-01
1.75429871288857342e-01
1.77610915830845357e+01
1.70436916198515114e+01
1.63750431090155075e+01
1.58672296774737269e+01
1.54088341419372892e+01
1.49897612402220002e+01
1.46020580220635523e+01
1.42318556865183243e+01
1.38705705095222882e+01
1.35141743263052998e+01
1.31604260661598538e+01
1.28080549842702656e+01
1.24564008178384160e+01
1.21051238987362009e+01
1.17540451128257839e+01
1.14030700842529278e+01
1.10521495790111786e+01
1.07012578311588591e+01
1.03503812128229864e+01
9.99951256784935794e+00
9.64864813251051601e+00
9.29778591817302491e+00
8.94692487466089048e+00
8.59606444816437687e+00
8.24520434659082824e+00
7.89434441590404123e+00
7.54348457496058433e+00
7.19262478106911285e+00
6.84176501179485896e+00
6.49090525536471485e+00
6.14004550561112783e+00
5.78918575930999690e+00
5.43832601478032718e+00
5.08746627114899930e+00
4.73660652796498116e+00
4.38574678499727977e+00
4.03488704212877991e+00
3.68402729930080630e+00
3.33316755648562513e+00
2.98230781367201114e+00
2.63144807085533561e+00
2.28058832803320133e+00
1.92972858520232693e+00
1.57886884236483671e+00
1.22800909951931447e+00
8.77149356563296623e-01
5.26289613587993199e-01
1.75429871778061491e-01
1.82966346955857908e+01
1.72483375730999882e+01
1.64367892471619683e+01
1.58877484591876748e+01
1.54148478398183997e+01
1.49891420590271576e+01
1.46000165700987292e+01
1.42300681685179704e+01
1.38693408144410792e+01
1.35134095383488297e+01
1.31599745422638463e+01
1.28077979395966040e+01
1.24562583435372805e+01
1.21050462136718231e+01
1.17540031543944021e+01
1.14030475872248100e+01
1.10521375805658018e+01
1.07012514365540685e+01
1.03503778081068614e+01
9.99951075744266760e+00
9.64864717019506202e+00
9.29778540660958441e+00
8.94692460275270385e+00
8.59606430368643082e+00
8.24520426985367116e+00
7.89434437516902321e+00
7.54348455335391854e+00
7.19262476961998765e+00
6.84176500573561874e+00
6.49090525216285652e+00
6.14004550392248838e+00
5.78918575842162486e+00
5.43832601431452556e+00
5.08746627090586045e+00
4.73660652783887492e+00
4.38574678493235215e+00
4.03488704209551496e+00
3.68402729928394246e+00
3.33316755647749829e+00
2.98230781366808628e+00
2.63144807085327237e+00
2.28058832803148759e+00
1.92972858519720192e+00
1.57886884235636393e+00
1.22800909951501858e+00
8.77149356461749297e-01
5.26289613275264356e-01
1.75429872115724333e-01
1.94641665009231914e+01
1.76111121874549319e+01
1.65147616502307173e+01
1.58956097111968955e+01
1.54018784118696086e+01
1.49763758792857331e+01
1.45911741009529372e+01
1.42245000541359943e+01
1.38660752522609698e+01
1.35115781452685013e+01
1.31589670930963987e+01
1.28072506029250093e+01
1.24559641808188672e+01
1.21048891726303527e+01
1.17539196040671996e+01
1.14030032434978725e+01
1.10521140868034244e+01
1.07012389976121387e+01
1.03503712262880612e+01
9.99950727711398990e+00
9.64864533063862773e+00
9.29778443467685101e+00
8.94692408953474327e+00
8.59606403289891752e+00
8.24520412711675199e+00
7.89434430002444021e+00
7.54348451386044250e+00
7.19262474891117431e+00
6.84176499491125600e+00
6.49090524653059830e+00
6.14004550101095248e+00
5.78918575693093551e+00
5.43832601356211676e+00
5.08746627053419864e+00
4.73660652766124457e+00
4.38574678485169489e+00
4.03488704206184856e+00
3.68402729927233619e+00
3.33316755647601015e+00
2.98230781367165010e+00
2.63144807086097421e+00
2.28058832804549549e+00
1.92972858522538049e+00
1.57886884241515690e+00
1.22800909963094673e+00
8.77149356717178863e-01
5.26289613884383556e-01
1.75429872693479344e-01
2.05909771816845044e+01
1.80142522937085729e+01
1.66502616857092107e+01
1.59417003531892192e+01
1.54162583435914726e+01
1.49807089589897249e+01
1.45920787895828106e+01
1.42243425022072500e+01
1.38657447685013189e+01
1.35113098150406170e+01
1.31587869501249539e+01
1.28071400310295758e+01
1.24558999668368813e+01
1.21048530840565256e+01
1.17538997191580616e+01
1.14029924353801970e+01
1.10521082685619376e+01
1.07012358833772900e+01
1.03503695654167167e+01
9.99950639368693750e+00
9.64864486151606471e+00
9.29778418579891053e+00
8.94692395759477677e+00
8.59606396299725617e+00
8.24520409010737332e+00
7.89434428044667502e+00
7.54348450351693867e+00
7.19262474345653224e+00
6.84176499204259159e+00
6.49090524502793365e+00
6.14004550022838202e+00
5.78918575652678058e+00
5.43832601335589594e+00
5.08746627043076849e+00
4.73660652761059975e+00
4.38574678482766167e+00
4.03488704205092841e+00
3.68402729926782202e+00
3.33316755647475960e+00
2.98230781367245656e+00
2.63144807086381238e+00
2.28058832805181755e+00
1.92972858523994395e+00
1.57886884244532144e+00
1.22800909968270355e+00
8.77149356839006300e-01
5.26289614192160915e-01
1.75429872846693563e-01
1.94641665009231914e+01
1.76111121874549319e+01
1.65147616502307137e+01
1.58956097111968955e+01
1.54018784118696068e+01
1.49763758792857349e+01
1.45911741009529372e+01
1.42245000541359961e+01
1.38660752522609680e+01
1.35115781452685031e+01
1.31589670930963987e+01
1.28072506029250093e+01
1.24559641808188690e+01
1.21048891726303509e+01
1.17539196040672032e+01
1.14030032434978708e+01
1.10521140868034262e+01
1.07012389976121369e+01
1.03503712262880629e+01
9.99950727711398990e+00
9.64864533063862773e+00
9.29778443467685101e+00
8.94692408953474327e+00
8.59606403289891574e+00
8.24520412711675199e+00
7.89434430002444021e+00
7.54348451386044516e+00
7.19262474891117520e+00
6.84176499491125956e+00
6.49090524653059830e+00
6.14004550101095337e+00
5.78918575693093462e+00
5.43832601356211764e+00
5.08746627053419687e+00
4.73660652766124457e+00
4.38574678485169311e+00
4.03488704206184856e+00
3.68402729927233485e+00
3.33316755647601060e+00
2.98230781367165010e+00
2.63144807086097510e+00
2.28058832804549638e+00
1.92972858522538182e+00
1.57886884241515868e+00
1.22800909963094762e+00
8.77149356717180084e-01
5.26289613884383667e-01
1.75429872693478345e-01
1.89361363570464576e+01
1.73709623390779697e+01
1.64118865606543949e+01
1.58447024690427529e+01
1.53773986291358220e+01
1.49652699809421286e+01
1.45862546969779459e+01
1.42223388861432731e+01
1.38651192203415992e+01
1.35111520705211081e+01
1.31587751583095116e+01
1.28071619500849163e+01
1.24559218910794360e+01
1.21048684155525574e+01
1.17539091822034649e+01
1.14029979143004994e+01
1.10521113266396558e+01
1.07012375627174876e+01
1.03503704809880670e+01
9.99950689066532128e+00
9.64864513089493059e+00
9.29778433191103915e+00
8.94692403693436411e+00
8.59606400612362265e+00
8.24520411357221583e+00
7.89434429322307718e+00
7.54348451047627577e+00
7.19262474724799361e+00
6.84176499410859407e+00
6.49090524615424158e+00
6.14004550084308232e+00
5.78918575686302805e+00
5.43832601354059531e+00
5.08746627053293476e+00
4.73660652766777268e+00
4.38574678486029512e+00
4.03488704207006688e+00
3.68402729927918182e+00
3.33316755648133034e+00
2.98230781367601061e+00
2.63144807086527344e+00
2.28058832805122425e+00
1.92972858523641655e+00
1.57886884243676273e+00
1.22800909967093430e+00
8.77149356841294026e-01
5.26289614161068786e-01
1.75429872738481402e-01
1.87501091396050796e+01
1.72692620353378885e+01
1.63620282502725551e+01
1.58187642893121012e+01
1.53653372009168816e+01
1.49601778326925796e+01
1.45841982243826198e+01
1.42215333665319825e+01
1.38648110221825842e+01
1.35110442522390066e+01
1.31587410094489012e+01
1.28071512831004952e+01
1.24559182392883230e+01
1.21048668982585070e+01
1.17539083798829633e+01
1.14029974281135793e+01
1.10521110289129432e+01
1.07012373856963858e+01
1.03503703808386245e+01
9.99950683732913781e+00
9.64864510422775545e+00
9.29778431947304718e+00
8.94692403162285643e+00
8.59606400415036020e+00
8.24520411304160916e+00
7.89434429324506759e+00
7.54348451066300640e+00
7.19262474744790392e+00
6.84176499427359630e+00
6.49090524627721344e+00
6.14004550093044443e+00
5.78918575692377502e+00
5.43832601358256706e+00
5.08746627056199685e+00
4.73660652768804002e+00
4.38574678487458680e+00
4.03488704208028448e+00
3.68402729928647688e+00
3.33316755648653329e+00
2.98230781368024944e+00
2.63144807087007893e+00
2.28058832805870315e+00
1.92972858525185753e+00
1.57886884246701098e+00
1.22800909972060457e+00
8.77149356989681439e-01
5.26289614498706704e-01
1.75429872622726191e-01
1.87501091396050796e+01
1.72692620353378885e+01
1.63620282502725551e+01
1.58187642893120994e+01
1.53653372009168834e+01
1.49601778326925778e+01
1.45841982243826216e+01
1.42215333665319825e+01
1.38648110221825860e+01
1.35110442522390048e+01
1.31587410094489012e+01
1.28071512831004952e+01
1.24559182392883212e+01
1.21048668982585088e+01
1.17539083798829598e+01
1.14029974281135793e+01
1.10521110289129414e+01
1.07012373856963876e+01
1.03503703808386245e+01
9.99950683732913781e+00
9.64864510422775545e+00
9.29778431947304540e+00
8.94692403162285643e+00
8.59606400415036198e+00
8.24520411304160916e+00
7.89434429324506848e+00
7.54348451066300552e+00
7.19262474744790570e+00
6.84176499427359364e+00
6.49090524627721432e+00
6.14004550093044266e+00
5.78918575692377502e+00
5.43832601358256529e+00
5.08746627056199774e+00
4.73660652768803914e+00
4.38574678487458858e+00
4.03488704208028448e+00
3.68402729928647688e+00
3.33316755648653285e+00
2.98230781368025033e+00
2.63144807087007848e+00
2.28058832805870271e+00
1.92972858525185731e+00
1.57886884246701054e+00
1.22800909972060435e+00
8.77149356989680662e-01
5.26289614498706704e-01
1.75429872622726357e-01
1.89361363570464576e+01
1.73709623390779697e+01
1.64118865606543984e+01
1.58447024690427547e+01
1.53773986291358202e+01
1.49652699809421303e+01
1.45862546969779459e+01
1.42223388861432767e+01
1.38651192203415974e+01
1.35111520705211081e+01
1.31587751583095116e+01
1.28071619500849163e+01
1.24559218910794378e+01
1.21048684155525574e+01
1.17539091822034667e+01
1.14029979143004976e+01
1.10521113266396576e+01
1.07012375627174876e+01
1.03503704809880670e+01
9.99950689066532128e+00
9.64864513089493059e+00
9.29778433191103915e+00
8.94692403693436411e+00
8.59606400612362265e+00
8.24520411357221761e+00
7.89434429322307629e+00
7.54348451047627666e+00
7.19262474724799095e+00
6.84176499410859584e+00
6.49090524615423980e+00
6.14004550084308320e+00
5.78918575686302628e+00
5.43832601354059531e+00
5.08746627053293388e+00
4.73660652766777357e+00
4.38574678486029512e+00
4.03488704207006776e+00
3.68402729927918227e+00
3.33316755648133078e+00
2.98230781367601017e+00
2.63144807086527388e+00
2.28058832805122380e+00
1.92972858523641544e+00
1.57886884243676207e+00
1.22800909967093319e+00
8.77149356841293693e-01
5.26289614161068009e-01
1.75429872738482040e-01
1.94641665009231914e+01
1.76111121874549319e+01
1.65147616502307173e+01
1.58956097111968955e+01
1.54018784118696068e+01
1.49763758792857331e+01
1.45911741009529372e+01
1.42245000541359943e+01
1.38660752522609698e+01
1.35115781452685013e+01
1.31589670930963987e+01
1.28072506029250093e+01
1.24559641808188672e+01
1.21048891726303509e+01
1.17539196040671996e+01
1.14030032434978708e+01
1.10521140868034244e+01
1.07012389976121387e+01
1.03503712262880629e+01
9.99950727711398990e+00
9.64864533063862773e+00
9.29778443467685101e+00
8.94692408953474327e+00
8.59606403289891752e+00
8.24520412711675199e+00
7.89434430002444110e+00
7.54348451386044339e+00
7.19262474891117520e+00
6.84176499491125600e+00
6.49090524653059742e+00
6.14004550101095159e+00
5.78918575693093462e+00
5.43832601356211587e+00
5.08746627053419775e+00
4.73660652766124368e+00
4.38574678485169489e+00
4.03488704206184856e+00
3.68402729927233619e+00
3.33316755647601060e+00
2.98230781367165054e+00
2.63144807086097510e+00
2.28058832804549594e+00
1.92972858522538093e+00
1.57886884241515713e+00
1.22800909963094695e+00
8.77149356717178863e-01
5.26289613884383223e-01
1.75429872693478928e-01
2.05909771816845044e+01
1.80142522937085729e+01
1.66502616857092107e+01
1.59417003531892210e+01
1.54162583435914726e+01
1.49807089589897249e+01
1.45920787895828106e+01
1.42243425022072500e+01
1.38657447685013171e+01
1.35113098150406170e+01
1.31587869501249539e+01
1.28071400310295758e+01
1.24558999668368813e+01
1.21048530840565256e+01
1.17538997191580616e+01
1.14029924353801970e+01
1.10521082685619358e+01
1.07012358833772918e+01
1.03503695654167185e+01
9.99950639368693928e+00
9.64864486151606648e+00
9.29778418579891230e+00
8.94692395759477677e+00
8.59606396299725617e+00
8.24520409010737332e+00
7.89434428044667413e+00
7.54348450351693689e+00
7.19262474345653136e+00
6.84176499204259070e+00
6.49090524502793187e+00
6.14004550022838114e+00
5.78918575652677969e+00
5.43832601335589594e+00
5.08746627043076849e+00
4.73660652761059975e+00
4.38574678482766256e+00
4.03488704205092930e+00
3.68402729926782246e+00
3.33316755647476048e+00
2.98230781367245656e+00
2.63144807086381149e+00
2.28058832805181622e+00
1.92972858523994262e+00
1.57886884244532033e+00
1.22800909968270289e+00
8.77149356839005634e-01
5.26289614192160915e-01
1.75429872846694729e-01
SCALARS velocity_magnitude double 1
LOOKUP_TABLE default
5.87562156314318962e-01
5.52511421142786507e-01
3.90487574546965643e-01
2.77456200936333275e-01
2.28692298260871257e-01
2.05375577431489598e-01
1.93560933589175976e-01
1.87802019590463609e-01
1.85033917614983473e-01
1.83686712900070048e-01
1.83025067994838364e-01
1.82698488033787271e-01
1.82535867709788385e-01
1.82453955453091204e-01
1.82412257552147627e-01
1.82390836594819306e-01
1.82379743205320799e-01
1.82373960740348173e-01
1.82370933468575219e-01
1.82369344220447926e-01
1.82368508516303734e-01
1.82368068804892369e-01
1.82367837519958137e-01
1.82367715980045808e-01
1.82367652202652358e-01
1.82367618799209430e-01
1.82367601345333002e-01
1.82367592251972022e-01
1.82367587532108383e-01
1.82367585094640988e-01
1.82367583844851688e-01
1.82367583210789386e-01
1.82367582894300773e-01
1.82367582740378065e-01
1.82367582668727130e-01
1.82367582637976894e-01
1.82367582626931729e-01
1.82367582624834573e-01
1.82367582626135699e-01
1.82367582628429559e-01
1.82367582630766634e-01
1.82367582632932901e-01
1.82367582634863690e-01
1.82367582639096665e-01
1.82367582651773552e-01
1.82367582661981137e-01
1.82367582708895859e-01
1.82367583073351353e-01
7.58348202643819080e-01
7.63234569450738309e-01
6.30181591239019179e-01
5.08759871230425542e-01
4.48303842898082672e-01
4.17261714304553555e-01
4.00455735741056307e-01
3.91727659775365167e-01
3.87297634591479922e-01
3.85034239319371641e-01
3.83872464426311732e-01
3.83276344089469423e-01
3.82969558944607158e-01
3.82810770930239741e-01
3.82728167306678302e-01
3.82685019549204197e-01
3.82662397669660426e-01
3.82650501242534358e-01
3.82644233985948989e-01
3.82640929012827646e-01
3.82639185321067721e-01
3.82638265472066086e-01
3.82637780545509287e-01
3.82637525161868330e-01
3.82637390843669156e-01
3.82637320315806273e-01
3.82637283357111835e-01
3.82637264037312519e-01
3.82637253969952906e-01
3.82637248746287517e-01
3.82637246052164592e-01
3.82637244674896182e-01
3.82637243980181674e-01
3.82637243636995916e-01
3.82637243473110400e-01
3.82637243399326532e-01
3.82637243369698621e-01
3.82637243360769042e-01
3.82637243360530399e-01
3.82637243363325719e-01
3.82637243367235536e-01
3.82637243371795388e-01
3.82637243377434377e-01
3.82637243389187309e-01
3.82637243419027440e-01
3.82637243455628384e-01
3.82637243561202323e-01
3.82637244166256107e-01
7.60669886251620575e-01
7.67819541041189546e-01
6.74987626573875898e-01
5.84245270092276558e-01
5.38912317213132819e-01
5.15363177038760334e-01
5.02315856402005934e-01
4.95395175130860121e-01
4.91813261474243923e-01
4.89941325395496396e-01
4.88958232076164012e-01
4.88443289819915305e-01
4.88173386808491983e-01
4.88031484288258210e-01
4.87956743546905825e-01
4.87917340768096286e-01
4.87896546812371934e-01
4.87885561548318913e-01
4.87879757485383869e-01
4.87876691307734311e-01
4.87875071648218583e-01
4.87874216472543754e-01
4.87873765316175378e-01
4.87873527548414065e-01
4.87873402394149669e-01
4.87873336615595621e-01
4.87873302106974993e-01
4.87873284044008926e-01
4.87873274616853370e-01
4.87873269716294133e-01
4.87873267183140780e-01
4.87873265884523621e-01
4.87873265227066699e-01
4.87873264900611892e-01
4.87873264743495627e-01
4.87873264671834284e-01
4.87873264642354976e-01
4.87873264632857628e-01
4.87873264631919046e-01
4.87873264633877757e-01
4.87873264636792148e-01
4.87873264640112048e-01
4.87873264643939930e-01
4.87873264651816685e-01
4.87873264672159190e-01
4.87873264700235065e-01
4.87873264797627493e-01
4.87873265293817526e-01
7.53365572621329416e-01
7.53516222879743292e-01
6.74544894917635030e-01
6.01720340123015784e-01
5.68597319921101962e-01
5.52590442622535538e-01
5.43931433896178262e-01
5.39415537599424622e-01
5.37119779735225622e-01
5.35921637580944688e-01
5.35288290477372808e-01
5.34953950160395597e-01
5.34777094618444582e-01
5.34683301743653416e-01
5.34633597906845170e-01
5.34607309509167128e-01
5.34593420360094940e-01
5.34586085932763466e-01
5.34582216931571041e-01
5.34580177671880374e-01
5.34579103071342820e-01
5.34578536941616389e-01
5.34578238830216157e-01
5.34578081941965100e-01
5.34577999438500817e-01
5.34577956099921425e-01
5.34577933368849512e-01
5.34577921470478556e-01
5.34577915259622394e-01
5.34577912030303803e-01
5.34577910360780062e-01
5.34577909504961424e-01
5.34577909071914492e-01
5.34577908857194584e-01
5.34577908754178877e-01
5.34577908707529859e-01
5.34577908688730452e-01
5.34577908683110503e-01
5.34577908682905778e-01
5.34577908684261471e-01
5.34577908685780367e-01
5.34577908686816206e-01
5.34577908686969749e-01
5.34577908687646874e-01
5.34577908691337034e-01
5.34577908698698034e-01
5.34577908767731258e-01
5.34577909072142199e-01
7.53365572621329416e-01
7.53516222879743069e-01
6.74544894917634474e-01
6.01720340123016006e-01
5.68597319921101629e-01
5.52590442622535760e-01
5.43931433896178151e-01
5.39415537599424399e-01
5.37119779735226066e-01
5.35921637580944354e-01
5.35288290477372808e-01
5.34953950160395597e-01
5.34777094618444915e-01
5.34683301743653194e-01
5.34633597906844837e-01
5.34607309509167350e-01
5.34593420360094607e-01
5.34586085932763910e-01
5.34582216931571041e-01
5.34580177671880263e-01
5.34579103071342931e-01
5.34578536941616722e-01
5.34578238830216157e-01
5.34578081941965544e-01
5.34577999438501039e-01
5.34577956099921425e-01
5.34577933368849845e-01
5.34577921470478223e-01
5.34577915259622172e-01
5.34577912030303692e-01
5.34577910360779951e-01
5.34577909504961091e-01
5.34577909071913826e-01
5.34577908857194362e-01
5.34577908754178766e-01
5.34577908707529748e-01
5.34577908688730674e-01
5.34577908683110614e-01
5.34577908682905778e-01
5.34577908684261582e-01
5.34577908685780367e-01
5.34577908686816317e-01
5.34577908686969749e-01
5.34577908687646541e-01
5.34577908691336812e-01
5.34577908698698034e-01
5.34577908767731147e-01
5.34577909072142421e-01
7.60669886251620353e-01
7.67819541041189768e-01
6.74987626573876121e-01
5.84245270092275892e-01
5.38912317213133263e-01
5.15363177038760223e-01
5.02315856402005934e-01
4.95395175130860121e-01
4.91813261474243812e-01
4.89941325395496563e-01
4.88958232076163957e-01
4.88443289819915361e-01
4.88173386808491816e-01
4.88031484288258210e-01
4.87956743546905491e-01
4.87917340768095786e-01
4.87896546812372045e-01
4.87885561548318802e-01
4.87879757485384258e-01
4.87876691307734367e-01
4.87875071648219139e-01
4.87874216472544198e-01
4.87873765316175823e-01
4.87873527548415009e-01
4.87873402394150335e-01
4.87873336615595954e-01
4.87873302106975160e-01
4.87873284044008981e-01
4.87873274616853259e-01
4.87873269716293911e-01
4.87873267183140336e-01
4.87873265884523066e-01
4.87873265227066311e-01
4.87873264900611059e-01
4.87873264743495350e-01
4.87873264671834062e-01
4.87873264642354865e-01
4.87873264632857795e-01
4.87873264631919046e-01
4.87873264633877812e-01
4.87873264636791981e-01
4.87873264640111604e-01
4.87873264643939597e-01
4.87873264651816185e-01
4.87873264672158413e-01
4.87873264700234621e-01
4.87873264797626938e-01
4.87873265293817693e-01
7.58348202643818858e-01
7.63234569450738753e-01
6.30181591239019068e-01
5.08759871230425431e-01
4.48303842898082450e-01
4.17261714304553444e-01
4.00455735741056584e-01
3.91727659775364945e-01
3.87297634591480089e-01
3.85034239319371474e-01
3.83872464426311899e-01
3.83276344089469423e-01
3.82969558944607158e-01
3.82810770930239630e-01
3.82728167306678191e-01
3.82685019549203975e-01
3.82662397669660204e-01
3.82650501242534635e-01
3.82644233985949322e-01
3.82640929012827813e-01
3.82639185321067998e-01
3.82638265472066585e-01
3.82637780545510064e-01
3.82637525161868775e-01
3.82637390843669989e-01
3.82637320315806551e-01
3.82637283357112334e-01
3.82637264037312297e-01
3.82637253969952795e-01
3.82637248746287018e-01
3.82637246052163926e-01
3.82637244674895460e-01
3.82637243980181008e-01
3.82637243636995250e-01
3.82637243473110067e-01
3.82637243399326310e-01
3.82637243369698676e-01
3.82637243360769153e-01
3.82637243360530566e-01
3.82637243363325719e-01
3.82637243367235536e-01
3.82637243371795166e-01
3.82637243377434100e-01
3.82637243389186810e-01
3.82637243419026774e-01
3.82637243455627662e-01
3.82637243561201823e-01
3.82637244166256274e-01
5.87562156314319295e-01
5.52511421142786507e-01
3.90487574546965699e-01
2.77456200936333219e-01
2.28692298260871146e-01
2.05375577431489625e-01
1.93560933589175838e-01
1.87802019590463581e-01
1.85033917614983390e-01
1.83686712900070076e-01
1.83025067994838253e-01
1.82698488033787215e-01
1.82535867709788163e-01
1.82453955453091010e-01
1.82412257552147544e-01
1.82390836594819167e-01
1.82379743205320882e-01
1.82373960740347979e-01
1.82370933468575219e-01
1.82369344220447788e-01
1.82368508516303790e-01
1.82368068804892702e-01
1.82367837519958359e-01
1.82367715980046113e-01
1.82367652202652580e-01
1.82367618799209569e-01
1.82367601345333197e-01
1.82367592251971911e-01
1.82367587532108244e-01
1.82367585094640738e-01
1.82367583844851272e-01
1.82367583210789053e-01
1.82367582894300245e-01
1.82367582740377648e-01
1.82367582668726907e-01
1.82367582637976811e-01
1.82367582626931729e-01
1.82367582624834601e-01
1.82367582626135727e-01
1.82367582628429614e-01
1.82367582630766550e-01
1.82367582632932818e-01
1.82367582634863468e-01
1.82367582639096359e-01
1.82367582651773191e-01
1.82367582661980748e-01
1.82367582708895470e-01
1.82367583073351436e-01
7.58348202643819302e-01
7.63234569450738531e-01
6.30181591239019068e-01
5.08759871230425542e-01
4.48303842898082727e-01
4.17261714304553555e-01
4.00455735741056584e-01
3.91727659775365333e-01
3.87297634591480089e-01
3.85034239319371641e-01
3.83872464426311844e-01
3.83276344089469700e-01
3.82969558944607325e-01
3.82810770930239963e-01
3.82728167306678635e-01
3.82685019549204253e-01
3.82662397669660426e-01
3.82650501242534580e-01
3.82644233985949211e-01
3.82640929012827813e-01
3.82639185321067665e-01
3.82638265472066363e-01
3.82637780545509287e-01
3.82637525161868441e-01
3.82637390843669378e-01
3.82637320315806273e-01
3.82637283357112168e-01
3.82637264037312519e-01
3.82637253969953184e-01
3.82637248746287850e-01
3.82637246052164925e-01
3.82637244674896571e-01
3.82637243980181840e-01
3.82637243636996083e-01
3.82637243473110344e-01
3.82637243399326532e-01
3.82637243369698510e-01
3.82637243360768986e-01
3.82637243360530344e-01
3.82637243363325774e-01
3.82637243367235647e-01
3.82637243371795444e-01
3.82637243377434544e-01
3.82637243389187420e-01
3.82637243419027551e-01
3.82637243455628606e-01
3.82637243561202323e-01
3.82637244166256052e-01
1.03946981027189422e+00
1.16250260675750527e+00
1.12245466271104322e+00
1.03824769662963701e+00
9.77416646129735223e-01
9.40929003875676018e-01
9.18653645855429302e-01
9.05753335885810085e-01
8.98634361051442565e-01
8.94755332373031731e-01
8.92656220253103316e-01
8.91531839713249341e-01
8.90933280324772370e-01
8.90615218846222523e-01
8.90446385077612645e-01
8.90356851046309572e-01
8.90309392952688183e-01
8.90284240054423415e-01
8.90270915225413018e-01
8.90263860218298508e-01
8.90260126946801789e-01
8.90258153005854092e-01
8.90257110359934933e-01
8.90256560251537765e-01
8.90256270377392633e-01
8.90256117854985929e-01
8.90256037740488448e-01
8.90255995746565665e-01
8.90255973792546840e-01
8.90255962355810504e-01
8.90255956427448036e-01
8.90255953376449805e-01
8.90255951822998215e-01
8.90255951044845895e-01
8.90255950664883833e-01
8.90255950486955938e-01
8.90255950409519436e-01
8.90255950380287042e-01
8.90255950373082805e-01
8.90255950374377880e-01
8.90255950380209882e-01
8.90255950389479689e-01
8.90255950403534335e-01
8.90255950431912635e-01
8.90255950496083970e-01
8.90255950588536238e-01
8.90255950793936934e-01
8.90255951755999475e-01
1.06101000990850869e+00
1.20561068206963440e+00
1.25663732603722389e+00
1.23868317222427327e+00
1.22046305923124287e+00
1.20617185298014085e+00
1.19549507973508917e+00
1.18842972328601415e+00
1.18419034516195887e+00
1.18172482076669394e+00
1.18031645515071415e+00
1.17952983773752762e+00
1.17909745824828449e+00
1.17886187155354150e+00
1.17873439814083070e+00
1.17866583354798005e+00
1.17862913305628636e+00
1.17860953833770288e+00
1.17859910508032728e+00
1.17859356155007977e+00
1.17859062038347906e+00
1.17858906215025550e+00
1.17858823777386257e+00
1.17858780220124437e+00
1.17858757234553124e+00
1.17858745121223918e+00
1.17858738747263070e+00
1.17858735399329873e+00
1.17858733644779812e+00
1.17858732728028381e+00
1.17858732251020526e+00
1.17858732004302857e+00
1.17858731877815437e+00
1.17858731813817941e+00
1.17858731782084858e+00
1.17858731766844227e+00
1.17858731759907376e+00
1.17858731757028257e+00
1.17858731756045865e+00
1.17858731755925827e+00
1.17858731756162083e+00
1.17858731756743973e+00
1.17858731757719326e+00
1.17858731759649316e+00
1.17858731763719149e+00
1.17858731769899383e+00
1.17858731783419923e+00
1.17858731837588460e+00
1.05305460013619734e+00
1.19085205418735707e+00
1.27091473153292744e+00
1.29195988544646356e+00
1.30312268051007729e+00
1.30905019539401990e+00
1.31082740252266872e+00
1.31091902914092295e+00
1.31072324088648795e+00
1.31045670064416342e+00
1.31022553913274331e+00
1.31006597188059315e+00
1.30996624409386642e+00
1.30990686697245873e+00
1.30987276181161350e+00
1.30985372103279873e+00
1.30984329294841939e+00
1.30983764936696989e+00
1.30983462446301435e+00
1.30983301385193873e+00
1.30983215923179275e+00
1.30983170674330096e+00
1.30983146754376611e+00
1.30983134118864597e+00
1.30983127446007708e+00
1.30983123923099343e+00
1.30983122064067814e+00
1.30983121083734000e+00
1.30983120567329903e+00
1.30983120295770927e+00
1.30983120153330468e+00
1.30983120078893789e+00
1.30983120040205003e+00
1.30983120020254340e+00
1.30983120010082299e+00
1.30983120004981757e+00
1.30983120002494302e+00
1.30983120001312825e+00
1.30983120000756137e+00
1.30983120000531583e+00
1.30983120000477049e+00
1.30983120000514064e+00
1.30983120000653575e+00
1.30983120000974251e+00
1.30983120001283071e+00
1.30983120001835718e+00
1.30983120005109543e+00
1.30983120004645803e+00
1.05305460013619712e+00
1.19085205418735596e+00
1.27091473153292744e+00
1.29195988544646312e+00
1.30312268051007751e+00
1.30905019539402012e+00
1.31082740252266872e+00
1.31091902914092340e+00
1.31072324088648684e+00
1.31045670064416453e+00
1.31022553913274176e+00
1.31006597188059470e+00
1.30996624409386531e+00
1.30990686697245984e+00
1.30987276181161327e+00
1.30985372103279918e+00
1.30984329294841984e+00
1.30983764936696900e+00
1.30983462446301546e+00
1.30983301385193940e+00
1.30983215923179253e+00
1.30983170674330140e+00
1.30983146754376589e+00
1.30983134118864664e+00
1.30983127446007730e+00
1.30983123923099476e+00
1.30983122064067770e+00
1.30983121083734000e+00
1.30983120567329925e+00
1.30983120295770861e+00
1.30983120153330423e+00
1.30983120078893700e+00
1.30983120040205026e+00
1.30983120020254296e+00
1.30983120010082321e+00
1.30983120004981690e+00
1.30983120002494391e+00
1.30983120001312758e+00
1.30983120000756181e+00
1.30983120000531517e+00
1.30983120000477071e+00
1.30983120000514019e+00
1.30983120000653619e+00
1.30983120000974163e+00
1.30983120001283049e+00
1.30983120001835696e+00
1.30983120005109455e+00
1.30983120004645714e+00
1.06101000990850802e+00
1.20561068206963506e+00
1.25663732603722300e+00
1.23868317222427393e+00
1.22046305923124199e+00
1.20617185298014085e+00
1.19549507973508917e+00
1.18842972328601371e+00
1.18419034516195998e+00
1.18172482076669283e+00
1.18031645515071526e+00
1.17952983773752629e+00
1.17909745824828560e+00
1.17886187155354105e+00
1.17873439814083047e+00
1.17866583354798071e+00
1.17862913305628614e+00
1.17860953833770310e+00
1.17859910508032750e+00
1.17859356155008088e+00
1.17859062038348017e+00
1.17858906215025616e+00
1.17858823777386457e+00
1.17858780220124593e+00
1.17858757234553346e+00
1.17858745121223940e+00
1.17858738747263181e+00
1.17858735399329895e+00
1.17858733644779767e+00
1.17858732728028293e+00
1.17858732251020304e+00
1.17858732004302769e+00
1.17858731877815148e+00
1.17858731813817852e+00
1.17858731782084658e+00
1.17858731766844294e+00
1.17858731759907354e+00
1.17858731757028368e+00
1.17858731756045865e+00
1.17858731755925850e+00
1.17858731756162038e+00
1.17858731756743929e+00
1.17858731757719171e+00
1.17858731759649138e+00
1.17858731763719016e+00
1.17858731769899228e+00
1.17858731783419879e+00
1.17858731837588482e+00
1.03946981027189422e+00
1.16250260675750416e+00
1.12245466271104344e+00
1.03824769662963701e+00
9.77416646129735334e-01
9.40929003875675241e-01
9.18653645855429191e-01
9.05753335885810751e-01
8.98634361051441455e-01
8.94755332373032397e-01
8.92656220253101984e-01
8.91531839713250118e-01
8.90933280324771260e-01
8.90615218846222856e-01
8.90446385077612645e-01
8.90356851046309239e-01
8.90309392952687961e-01
8.90284240054423193e-01
8.90270915225414017e-01
8.90263860218298952e-01
8.90260126946803121e-01
8.90258153005855202e-01
8.90257110359936377e-01
8.90256560251539653e-01
8.90256270377393633e-01
8.90256117854987372e-01
8.90256037740488892e-01
8.90255995746565443e-01
8.90255973792546396e-01
8.90255962355808839e-01
8.90255956427446482e-01
8.90255953376447473e-01
8.90255951822997438e-01
8.90255951044843674e-01
8.90255950664883389e-01
8.90255950486954495e-01
8.90255950409519548e-01
8.90255950380286265e-01
8.90255950373083471e-01
8.90255950374377769e-01
8.90255950380209771e-01
8.90255950389479134e-01
8.90255950403533447e-01
8.90255950431911192e-01
8.90255950496082304e-01
8.90255950588534906e-01
8.90255950793935935e-01
8.90255951755999697e-01
7.58348202643818969e-01
7.63234569450738309e-01
6.30181591239019179e-01
5.08759871230425542e-01
4.48303842898082339e-01
4.17261714304553610e-01
4.00455735741056584e-01
3.91727659775365000e-01
3.87297634591479922e-01
3.85034239319371530e-01
3.83872464426312121e-01
3.83276344089469312e-01
3.82969558944606991e-01
3.82810770930239741e-01
3.82728167306678135e-01
3.82685019549203975e-01
3.82662397669660204e-01
3.82650501242534635e-01
3.82644233985949267e-01
3.82640929012827813e-01
3.82639185321067998e-01
3.82638265472066641e-01
3.82637780545510175e-01
3.82637525161868997e-01
3.82637390843669878e-01
3.82637320315806606e-01
3.82637283357112556e-01
3.82637264037312519e-01
3.82637253969953017e-01
3.82637248746287240e-01
3.82637246052163982e-01
3.82637244674895516e-01
3.82637243980180786e-01
3.82637243636995250e-01
3.82637243473109900e-01
3.82637243399326255e-01
3.82637243369698510e-01
3.82637243360769042e-01
3.82637243360530510e-01
3.82637243363325830e-01
3.82637243367235425e-01
3.82637243371795110e-01
3.82637243377434044e-01
3.82637243389186810e-01
3.82637243419026718e-01
3.82637243455627718e-01
3.82637243561201768e-01
3.82637244166256496e-01
7.60669886251620575e-01
7.67819541041190101e-01
6.74987626573875898e-01
5.84245270092276447e-01
5.38912317213133152e-01
5.15363177038760112e-01
5.02315856402006267e-01
4.95395175130860121e-01
4.91813261474243979e-01
4.89941325395496563e-01
4.88958232076164179e-01
4.88443289819915250e-01
4.88173386808492149e-01
4.88031484288258377e-01
4.87956743546905769e-01
4.87917340768096119e-01
4.87896546812372212e-01
4.87885561548318969e-01
4.87879757485383980e-01
4.87876691307734311e-01
4.87875071648218639e-01
4.87874216472543643e-01
4.87873765316175267e-01
4.87873527548414343e-01
4.87873402394149780e-01
4.87873336615595732e-01
4.87873302106975437e-01
4.87873284044009536e-01
4.87873274616854036e-01
4.87873269716295077e-01
4.87873267183141668e-01
4.87873265884524621e-01
4.87873265227067310e-01
4.87873264900612391e-01
4.87873264743495738e-01
4.87873264671834284e-01
4.87873264642354643e-01
4.87873264632857240e-01
4.87873264631918657e-01
4.87873264633877646e-01
4.87873264636791981e-01
4.87873264640111937e-01
4.87873264643940319e-01
4.87873264651816962e-01
4.87873264672159690e-01
4.87873264700235565e-01
4.87873264797627937e-01
4.87873265293817637e-01
1.06101000990850869e+00
1.20561068206963395e+00
1.25663732603722345e+00
1.23868317222427349e+00
1.22046305923124243e+00
1.20617185298014018e+00
1.19549507973508895e+00
1.18842972328601459e+00
1.18419034516195887e+00
1.18172482076669416e+00
1.18031645515071459e+00
1.17952983773752806e+00
1.17909745824828449e+00
1.17886187155354150e+00
1.17873439814083070e+00
1.17866583354797960e+00
1.17862913305628614e+00
1.17860953833770288e+00
1.17859910508032706e+00
1.17859356155008022e+00
1.17859062038347862e+00
1.17858906215025505e+00
1.17858823777386235e+00
1.17858780220124437e+00
1.17858757234553213e+00
1.17858745121223962e+00
1.17858738747263203e+00
1.17858735399330006e+00
1.17858733644779967e+00
1.17858732728028492e+00
1.17858732251020637e+00
1.17858732004302991e+00
1.17858731877815481e+00
1.17858731813818007e+00
1.17858731782084813e+00
1.17858731766844205e+00
1.17858731759907376e+00
1.17858731757028146e+00
1.17858731756045776e+00
1.17858731755925783e+00
1.17858731756161972e+00
1.17858731756743906e+00
1.17858731757719304e+00
1.17858731759649338e+00
1.17858731763719238e+00
1.17858731769899472e+00
1.17858731783419990e+00
1.17858731837588482e+00
1.08903103109047761e+00
1.26738293553631420e+00
1.42684389682330548e+00
1.50856672977434303e+00
1.55001994821297662e+00
1.57113542651270044e+00
1.58075685246552933e+00
1.58485599707270652e+00
1.58662482099618196e+00
1.58736659109423250e+00
1.58765621129110213e+00
1.58776394060347270e+00
1.58780213689439575e+00
1.58781401843053116e+00
1.58781663597074330e+00
1.58781643770190217e+00
1.58781585700317085e+00
1.58781525132207069e+00
1.58781481911323152e+00
1.58781454846896231e+00
1.58781438704012801e+00
1.58781429383348560e+00
1.58781424126963744e+00
1.58781421200845307e+00
1.58781419582510486e+00
1.58781418690846254e+00
1.58781418200330604e+00
1.58781417930265212e+00
1.58781417781127332e+00
1.58781417698340643e+00
1.58781417652014656e+00
1.58781417625789811e+00
1.58781417610709852e+00
1.58781417601864328e+00
1.58781417596548646e+00
1.58781417593268248e+00
1.58781417591206475e+00
1.58781417589887641e+00
1.58781417589051466e+00
1.58781417588553175e+00
1.58781417588242846e+00
1.58781417588085350e+00
1.58781417588069207e+00
1.58781417588016538e+00
1.58781417587250862e+00
1.58781417585812168e+00
1.58781417583380224e+00
1.58781417551276105e+00
1.08157867263530227e+00
1.25620136022169571e+00
1.45052165984594805e+00
1.58138074281582197e+00
1.66350133119520560e+00
1.71393116464383843e+00
1.74288170851570401e+00
1.75883321276194171e+00
1.76757697582729367e+00
1.77232377457220269e+00
1.77486617610578823e+00
1.77622051818245841e+00
1.77694102393536690e+00
1.77732340850802717e+00
1.77752594680962828e+00
1.77763317414898681e+00
1.77768995449754086e+00
1.77771999785465562e+00
1.77773589051148440e+00
1.77774429528973044e+00
1.77774873705267011e+00
1.77775108268313486e+00
1.77775232043321574e+00
1.77775297293183843e+00
1.77775331648531121e+00
1.77775349711654229e+00
1.77775359192707505e+00
1.77775364158583704e+00
1.77775366752335007e+00
1.77775368101981046e+00
1.77775368800508415e+00
1.77775369159209040e+00
1.77775369341242073e+00
1.77775369431955022e+00
1.77775369475870493e+00
1.77775369496123004e+00
1.77775369504694103e+00
1.77775369507656378e+00
1.77775369508137593e+00
1.77775369507877845e+00
1.77775369507126091e+00
1.77775369506119807e+00
1.77775369504732539e+00
1.77775369502122915e+00
1.77775369495512314e+00
1.77775369484515378e+00
1.77775369464614741e+00
1.77775369344733392e+00
1.08157867263530250e+00
1.25620136022169682e+00
1.45052165984594805e+00
1.58138074281582219e+00
1.66350133119520494e+00
1.71393116464383777e+00
1.74288170851570468e+00
1.75883321276193993e+00
1.76757697582729478e+00
1.77232377457220136e+00
1.77486617610579023e+00
1.77622051818245841e+00
1.77694102393536801e+00
1.77732340850802673e+00
1.77752594680962894e+00
1.77763317414898681e+00
1.77768995449754108e+00
1.77771999785465629e+00
1.77773589051148506e+00
1.77774429528973132e+00
1.77774873705267100e+00
1.77775108268313575e+00
1.77775232043321663e+00
1.77775297293183865e+00
1.77775331648531210e+00
1.77775349711654229e+00
1.77775359192707527e+00
1.77775364158583749e+00
1.77775366752334962e+00
1.77775368101981002e+00
1.77775368800508327e+00
1.77775369159208907e+00
1.77775369341241962e+00
1.77775369431955044e+00
1.77775369475870360e+00
1.77775369496123092e+00
1.77775369504693947e+00
1.77775369507656467e+00
1.77775369508137548e+00
1.77775369507877801e+00
1.77775369507126002e+00
1.77775369506119785e+00
1.77775369504732539e+00
1.77775369502122893e+00
1.77775369495512225e+00
1.77775369484515378e+00
1.77775369464614719e+00
1.77775369344733436e+00
1.08903103109047783e+00
1.26738293553631443e+00
1.42684389682330592e+00
1.50856672977434192e+00
1.55001994821297573e+00
1.57113542651270088e+00
1.58075685246552933e+00
1.58485599707270741e+00
1.58662482099618063e+00
1.58736659109423406e+00
1.58765621129110057e+00
1.58776394060347448e+00
1.58780213689439442e+00
1.58781401843053227e+00
1.58781663597074285e+00
1.58781643770190217e+00
1.58781585700317129e+00
1.58781525132207135e+00
1.58781481911323308e+00
1.58781454846896342e+00
1.58781438704012912e+00
1.58781429383348849e+00
1.58781424126963921e+00
1.58781421200845552e+00
1.58781419582510686e+00
1.58781418690846432e+00
1.58781418200330671e+00
1.58781417930265278e+00
1.58781417781127243e+00
1.58781417698340466e+00
1.58781417652014478e+00
1.58781417625789545e+00
1.58781417610709674e+00
1.58781417601863994e+00
1.58781417596548491e+00
1.58781417593268115e+00
1.58781417591206453e+00
1.58781417589887575e+00
1.58781417589051532e+00
1.58781417588553175e+00
1.58781417588242890e+00
1.58781417588085128e+00
1.58781417588069029e+00
1.58781417588016360e+00
1.58781417587250639e+00
1.58781417585811946e+00
1.58781417583379958e+00
1.58781417551276149e+00
1.06101000990850869e+00
1.20561068206963484e+00
1.25663732603722300e+00
1.23868317222427349e+00
1.22046305923124265e+00
1.20617185298014085e+00
1.19549507973508895e+00
1.18842972328601393e+00
1.18419034516195998e+00
1.18172482076669239e+00
1.18031645515071548e+00
1.17952983773752584e+00
1.17909745824828560e+00
1.17886187155354105e+00
1.17873439814083047e+00
1.17866583354798027e+00
1.17862913305628614e+00
1.17860953833770310e+00
1.17859910508032728e+00
1.17859356155008110e+00
1.17859062038348039e+00
1.17858906215025683e+00
1.17858823777386545e+00
1.17858780220124637e+00
1.17858757234553435e+00
1.17858745121224096e+00
1.17858738747263292e+00
1.17858735399330006e+00
1.17858733644779812e+00
1.17858732728028315e+00
1.17858732251020348e+00
1.17858732004302769e+00
1.17858731877815193e+00
1.17858731813817874e+00
1.17858731782084591e+00
1.17858731766844227e+00
1.17858731759907265e+00
1.17858731757028257e+00
1.17858731756045820e+00
1.17858731755925783e+00
1.17858731756162016e+00
1.17858731756743840e+00
1.17858731757719126e+00
1.17858731759649094e+00
1.17858731763719016e+00
1.17858731769899205e+00
1.17858731783419879e+00
1.17858731837588526e+00
7.60669886251620575e-01
7.67819541041189546e-01
6.74987626573876121e-01
5.84245270092275892e-01
5.38912317213133263e-01
5.15363177038760112e-01
5.02315856402005601e-01
4.95395175130860288e-01
4.91813261474243646e-01
4.89941325395496563e-01
4.88958232076163901e-01
4.88443289819915194e-01
4.88173386808491649e-01
4.88031484288258210e-01
4.87956743546905547e-01
4.87917340768095842e-01
4.87896546812371823e-01
4.87885561548318691e-01
4.87879757485384369e-01
4.87876691307734367e-01
4.87875071648219139e-01
4.87874216472544309e-01
4.87873765316176100e-01
4.87873527548415231e-01
4.87873402394150502e-01
4.87873336615596342e-01
4.87873302106975770e-01
4.87873284044009536e-01
4.87873274616853925e-01
4.87873269716294078e-01
4.87873267183140558e-01
4.87873265884523177e-01
4.87873265227065867e-01
4.87873264900610837e-01
4.87873264743494905e-01
4.87873264671833895e-01
4.87873264642354476e-01
4.87873264632857406e-01
4.87873264631918657e-01
4.87873264633877535e-01
4.87873264636791870e-01
4.87873264640111326e-01
4.87873264643939486e-01
4.87873264651816019e-01
4.87873264672158358e-01
4.87873264700234566e-01
4.87873264797627215e-01
4.87873265293818303e-01
7.53365572621329860e-01
7.53516222879743069e-01
6.74544894917634585e-01
6.01720340123016117e-01
5.68597319921101740e-01
5.52590442622535760e-01
5.43931433896178484e-01
5.39415537599424622e-01
5.37119779735225844e-01
5.35921637580944465e-01
5.35288290477372808e-01
5.34953950160395486e-01
5.34777094618444693e-01
5.34683301743653416e-01
5.34633597906845170e-01
5.34607309509167350e-01
5.34593420360095162e-01
5.34586085932763466e-01
5.34582216931571041e-01
5.34580177671879930e-01
5.34579103071342709e-01
5.34578536941616167e-01
5.34578238830215602e-01
5.34578081941964878e-01
5.34577999438500817e-01
5.34577956099921980e-01
5.34577933368850511e-01
5.34577921470479778e-01
5.34577915259623948e-01
5.34577912030305691e-01
5.34577910360782060e-01
5.34577909504962978e-01
5.34577909071915491e-01
5.34577908857195583e-01
5.34577908754178988e-01
5.34577908707529526e-01
5.34577908688730119e-01
5.34577908683109726e-01
5.34577908682904890e-01
5.34577908684260694e-01
5.34577908685779923e-01
5.34577908686816317e-01
5.34577908686970193e-01
5.34577908687647430e-01
5.34577908691337700e-01
5.34577908698698923e-01
5.34577908767732035e-01
5.34577909072142754e-01
1.05305460013619689e+00
1.19085205418735729e+00
1.27091473153292722e+00
1.29195988544646356e+00
1.30312268051007774e+00
1.30905019539401990e+00
1.31082740252266916e+00
1.31091902914092229e+00
1.31072324088648751e+00
1.31045670064416386e+00
1.31022553913274331e+00
1.31006597188059293e+00
1.30996624409386575e+00
1.30990686697245873e+00
1.30987276181161350e+00
1.30985372103279807e+00
1.30984329294841895e+00
1.30983764936696967e+00
1.30983462446301391e+00
1.30983301385193807e+00
1.30983215923179186e+00
1.30983170674329985e+00
1.30983146754376523e+00
1.30983134118864530e+00
1.30983127446007730e+00
1.30983123923099498e+00
1.30983122064067969e+00
1.30983121083734244e+00
1.30983120567330258e+00
1.30983120295771305e+00
1.30983120153330801e+00
1.30983120078894144e+00
1.30983120040205270e+00
1.30983120020254540e+00
1.30983120010082277e+00
1.30983120004981712e+00
1.30983120002494124e+00
1.30983120001312603e+00
1.30983120000755937e+00
1.30983120000531383e+00
1.30983120000476894e+00
1.30983120000513997e+00
1.30983120000653597e+00
1.30983120000974274e+00
1.30983120001283204e+00
1.30983120001835829e+00
1.30983120005109721e+00
1.30983120004645870e+00
1.08157867263530272e+00
1.25620136022169593e+00
1.45052165984594805e+00
1.58138074281582219e+00
1.66350133119520560e+00
1.71393116464383843e+00
1.74288170851570423e+00
1.75883321276194149e+00
1.76757697582729345e+00
1.77232377457220269e+00
1.77486617610578823e+00
1.77622051818245863e+00
1.77694102393536624e+00
1.77732340850802695e+00
1.77752594680962805e+00
1.77763317414898614e+00
1.77768995449754019e+00
1.77771999785465584e+00
1.77773589051148373e+00
1.77774429528972933e+00
1.77774873705266856e+00
1.77775108268313375e+00
1.77775232043321463e+00
1.77775297293183776e+00
1.77775331648531210e+00
1.77775349711654274e+00
1.77775359192707638e+00
1.77775364158583904e+00
1.77775366752335295e+00
1.77775368101981379e+00
1.77775368800508771e+00
1.77775369159209262e+00
1.77775369341242295e+00
1.77775369431955133e+00
1.77775369475870471e+00
1.77775369496123026e+00
1.77775369504693903e+00
1.77775369507656245e+00
1.77775369508137349e+00
1.77775369507877645e+00
1.77775369507125935e+00
1.77775369506119696e+00
1.77775369504732561e+00
1.77775369502122982e+00
1.77775369495512403e+00
1.77775369484515555e+00
1.77775369464614874e+00
1.77775369344733525e+00
1.07418109804962025e+00
1.24621686854956781e+00
1.47772409166937413e+00
1.66081212653403121e+00
1.78814636426738161e+00
1.87266707839695701e+00
1.92515431344795851e+00
1.95619771342337856e+00
1.97417571881217802e+00
1.98441080729764163e+00
1.99013201106274540e+00
1.99328894911333232e+00
1.99501608208409542e+00
1.99595372416499339e+00
1.99645940759166529e+00
1.99673083678194918e+00
1.99687600762685169e+00
1.99695341315679054e+00
1.99699458839230992e+00
1.99701645066594136e+00
1.99702803972563991e+00
1.99703417428004149e+00
1.99703741746384722e+00
1.99703912995346422e+00
1.99704003304585975e+00
1.99704050865121419e+00
1.99704075874038467e+00
1.99704089000206952e+00
1.99704095873325249e+00
1.99704099460827389e+00
1.99704101325056960e+00
1.99704102287574181e+00
1.99704102779803883e+00
1.99704103027915791e+00
1.99704103150204082e+00
1.99704103208337180e+00
1.99704103234359565e+00
1.99704103244713083e+00
1.99704103247688836e+00
1.99704103247865139e+00
1.99704103246838738e+00
1.99704103244784048e+00
1.99704103241639230e+00
1.99704103235724784e+00
1.99704103221802520e+00
1.99704103198558447e+00
1.99704103156728796e+00
1.99704102926776583e+00
1.07418109804962070e+00
1.24621686854956693e+00
1.47772409166937457e+00
1.66081212653403099e+00
1.78814636426738161e+00
1.87266707839695723e+00
1.92515431344795784e+00
1.95619771342337945e+00
1.97417571881217757e+00
1.98441080729764296e+00
1.99013201106274384e+00
1.99328894911333365e+00
1.99501608208409476e+00
1.99595372416499495e+00
1.99645940759166574e+00
1.99673083678194918e+00
1.99687600762685147e+00
1.99695341315679098e+00
1.99699458839231148e+00
1.99701645066594158e+00
1.99702803972564080e+00
1.99703417428004304e+00
1.99703741746384655e+00
1.99703912995346577e+00
1.99704003304586064e+00
1.99704050865121507e+00
1.99704075874038556e+00
1.99704089000206975e+00
1.99704095873325249e+00
1.99704099460827300e+00
1.99704101325056871e+00
1.99704102287573981e+00
1.99704102779803816e+00
1.99704103027915703e+00
1.99704103150204082e+00
1.99704103208337047e+00
1.99704103234359565e+00
1.99704103244713016e+00
1.99704103247688880e+00
1.99704103247865250e+00
1.99704103246838738e+00
1.99704103244784026e+00
1.99704103241639186e+00
1.99704103235724739e+00
1.99704103221802431e+00
1.99704103198558447e+00
1.99704103156728752e+00
1.99704102926776605e+00
1.08157867263530227e+00
1.25620136022169659e+00
1.45052165984594761e+00
1.58138074281582197e+00
1.66350133119520516e+00
1.71393116464383799e+00
1.74288170851570468e+00
1.75883321276194038e+00
1.76757697582729478e+00
1.77232377457220158e+00
1.77486617610578956e+00
1.77622051818245774e+00
1.77694102393536735e+00
1.77732340850802628e+00
1.77752594680962850e+00
1.77763317414898681e+00
1.77768995449754152e+00
1.77771999785465606e+00
1.77773589051148484e+00
1.77774429528973155e+00
1.77774873705267100e+00
1.77775108268313597e+00
1.77775232043321774e+00
1.77775297293183976e+00
1.77775331648531476e+00
1.77775349711654429e+00
1.77775359192707771e+00
1.77775364158583971e+00
1.77775366752335140e+00
1.77775368101981202e+00
1.77775368800508438e+00
1.77775369159208974e+00
1.77775369341241940e+00
1.77775369431954933e+00
1.77775369475870204e+00
1.77775369496122937e+00
1.77775369504693748e+00
1.77775369507656356e+00
1.77775369508137326e+00
1.77775369507877645e+00
1.77775369507125869e+00
1.77775369506119629e+00
1.77775369504732339e+00
1.77775369502122782e+00
1.77775369495512114e+00
1.77775369484515311e+00
1.77775369464614785e+00
1.77775369344733569e+00
1.05305460013619712e+00
1.19085205418735596e+00
1.27091473153292789e+00
1.29195988544646245e+00
1.30312268051007751e+00
1.30905019539401990e+00
1.31082740252266805e+00
1.31091902914092362e+00
1.31072324088648684e+00
1.31045670064416453e+00
1.31022553913274153e+00
1.31006597188059426e+00
1.30996624409386531e+00
1.30990686697246006e+00
1.30987276181161305e+00
1.30985372103279851e+00
1.30984329294842006e+00
1.30983764936696923e+00
1.30983462446301524e+00
1.30983301385193940e+00
1.30983215923179364e+00
1.30983170674330274e+00
1.30983146754376745e+00
1.30983134118864797e+00
1.30983127446007908e+00
1.30983123923099742e+00
1.30983122064067992e+00
1.30983121083734289e+00
1.30983120567330080e+00
1.30983120295770994e+00
1.30983120153330534e+00
1.30983120078893789e+00
1.30983120040205003e+00
1.30983120020254273e+00
1.30983120010082144e+00
1.30983120004981601e+00
1.30983120002494147e+00
1.30983120001312581e+00
1.30983120000755981e+00
1.30983120000531250e+00
1.30983120000476894e+00
1.30983120000513842e+00
1.30983120000653419e+00
1.30983120000973985e+00
1.30983120001283004e+00
1.30983120001835629e+00
1.30983120005109543e+00
1.30983120004645870e+00
7.53365572621329305e-01
7.53516222879743069e-01
6.74544894917634696e-01
6.01720340123016229e-01
5.68597319921101629e-01
5.52590442622535538e-01
5.43931433896178040e-01
5.39415537599424511e-01
5.37119779735225955e-01
5.35921637580944243e-01
5.35288290477372808e-01
5.34953950160395375e-01
5.34777094618444804e-01
5.34683301743653083e-01
5.34633597906844726e-01
5.34607309509167017e-01
5.34593420360094274e-01
5.34586085932763799e-01
5.34582216931571153e-01
5.34580177671880596e-01
5.34579103071343043e-01
5.34578536941616833e-01
5.34578238830216934e-01
5.34578081941965766e-01
5.34577999438501705e-01
5.34577956099922758e-01
5.34577933368850955e-01
5.34577921470479556e-01
5.34577915259623060e-01
5.34577912030304692e-01
5.34577910360780617e-01
5.34577909504961424e-01
5.34577909071913826e-01
5.34577908857194029e-01
5.34577908754177988e-01
5.34577908707529303e-01
5.34577908688729564e-01
5.34577908683109948e-01
5.34577908682905112e-01
5.34577908684260805e-01
5.34577908685779812e-01
5.34577908686815650e-01
5.34577908686969083e-01
5.34577908687645986e-01
5.34577908691336701e-01
5.34577908698697590e-01
5.34577908767731258e-01
5.34577909072143087e-01
7.53365572621329305e-01
7.53516222879743292e-01
6.74544894917634030e-01
6.01720340123016229e-01
5.68597319921101851e-01
5.52590442622535649e-01
5.43931433896178262e-01
5.39415537599424622e-01
5.37119779735226177e-01
5.35921637580944576e-01
5.35288290477373030e-01
5.34953950160395708e-01
5.34777094618445026e-01
5.34683301743653527e-01
5.34633597906845059e-01
5.34607309509167239e-01
5.34593420360094607e-01
5.34586085932763799e-01
5.34582216931570930e-01
5.34580177671879597e-01
5.34579103071342598e-01
5.34578536941616167e-01
5.34578238830215491e-01
5.34578081941964656e-01
5.34577999438500928e-01
5.34577956099922202e-01
5.34577933368851066e-01
5.34577921470479889e-01
5.34577915259624503e-01
5.34577912030306357e-01
5.34577910360782615e-01
5.34577909504963533e-01
5.34577909071915824e-01
5.34577908857195472e-01
5.34577908754179099e-01
5.34577908707529414e-01
5.34577908688729786e-01
5.34577908683109504e-01
5.34577908682904446e-01
5.34577908684260472e-01
5.34577908685779590e-01
5.34577908686816095e-01
5.34577908686969860e-01
5.34577908687647319e-01
5.34577908691337700e-01
5.34577908698698812e-01
5.34577908767731924e-01
5.34577909072142532e-01
1.05305460013619689e+00
1.19085205418735662e+00
1.27091473153292767e+00
1.29195988544646334e+00
1.30312268051007796e+00
1.30905019539401990e+00
1.31082740252266849e+00
1.31091902914092318e+00
1.31072324088648684e+00
1.31045670064416475e+00
1.31022553913274131e+00
1.31006597188059493e+00
1.30996624409386486e+00
1.30990686697245962e+00
1.30987276181161283e+00
1.30985372103279851e+00
1.30984329294841895e+00
1.30983764936696878e+00
1.30983462446301435e+00
1.30983301385193807e+00
1.30983215923179119e+00
1.30983170674330029e+00
1.30983146754376478e+00
1.30983134118864530e+00
1.30983127446007708e+00
1.30983123923099631e+00
1.30983122064068014e+00
1.30983121083734444e+00
1.30983120567330436e+00
1.30983120295771416e+00
1.30983120153331023e+00
1.30983120078894211e+00
1.30983120040205403e+00
1.30983120020254540e+00
1.30983120010082388e+00
1.30983120004981601e+00
1.30983120002494124e+00
1.30983120001312403e+00
1.30983120000755848e+00
1.30983120000531139e+00
1.30983120000476827e+00
1.30983120000513886e+00
1.30983120000653530e+00
1.30983120000974207e+00
1.30983120001283226e+00
1.30983120001835895e+00
1.30983120005109677e+00
1.30983120004645892e+00
1.08157867263530272e+00
1.25620136022169637e+00
1.45052165984594805e+00
1.58138074281582264e+00
1.66350133119520560e+00
1.71393116464383843e+00
1.74288170851570468e+00
1.75883321276194082e+00
1.76757697582729456e+00
1.77232377457220180e+00
1.77486617610578956e+00
1.77622051818245796e+00
1.77694102393536846e+00
1.77732340850802584e+00
1.77752594680962894e+00
1.77763317414898570e+00
1.77768995449754064e+00
1.77771999785465540e+00
1.77773589051148373e+00
1.77774429528972933e+00
1.77774873705266945e+00
1.77775108268313375e+00
1.77775232043321574e+00
1.77775297293183776e+00
1.77775331648531276e+00
1.77775349711654362e+00
1.77775359192707838e+00
1.77775364158584104e+00
1.77775366752335495e+00
1.77775368101981579e+00
1.77775368800508971e+00
1.77775369159209462e+00
1.77775369341242429e+00
1.77775369431955310e+00
1.77775369475870471e+00
1.77775369496123070e+00
1.77775369504693725e+00
1.77775369507656178e+00
1.77775369508137193e+00
1.77775369507877468e+00
1.77775369507125780e+00
1.77775369506119629e+00
1.77775369504732472e+00
1.77775369502122937e+00
1.77775369495512359e+00
1.77775369484515511e+00
1.77775369464614941e+00
1.77775369344733591e+00
1.07418109804962114e+00
1.24621686854956648e+00
1.47772409166937524e+00
1.66081212653403099e+00
1.78814636426738183e+00
1.87266707839695679e+00
1.92515431344795807e+00
1.95619771342338011e+00
1.97417571881217713e+00
1.98441080729764363e+00
1.99013201106274407e+00
1.99328894911333321e+00
1.99501608208409520e+00
1.99595372416499428e+00
1.99645940759166485e+00
1.99673083678194918e+00
1.99687600762685102e+00
1.99695341315678987e+00
1.99699458839231081e+00
1.99701645066594158e+00
1.99702803972563991e+00
1.99703417428004149e+00
1.99703741746384611e+00
1.99703912995346444e+00
1.99704003304586042e+00
1.99704050865121574e+00
1.99704075874038667e+00
1.99704089000207219e+00
1.99704095873325560e+00
1.99704099460827655e+00
1.99704101325057271e+00
1.99704102287574359e+00
1.99704102779804105e+00
1.99704103027915858e+00
1.99704103150204149e+00
1.99704103208337069e+00
1.99704103234359476e+00
1.99704103244712794e+00
1.99704103247688747e+00
1.99704103247865028e+00
1.99704103246838582e+00
1.99704103244783915e+00
1.99704103241639075e+00
1.99704103235724761e+00
1.99704103221802454e+00
1.99704103198558536e+00
1.99704103156728840e+00
1.99704102926776694e+00
1.07418109804962070e+00
1.24621686854956781e+00
1.47772409166937413e+00
1.66081212653403143e+00
1.78814636426738072e+00
1.87266707839695701e+00
1.92515431344795829e+00
1.95619771342337900e+00
1.97417571881217779e+00
1.98441080729764185e+00
1.99013201106274451e+00
1.99328894911333232e+00
1.99501608208409609e+00
1.99595372416499428e+00
1.99645940759166551e+00
1.99673083678194963e+00
1.99687600762685125e+00
1.99695341315679076e+00
1.99699458839231081e+00
1.99701645066594224e+00
1.99702803972564058e+00
1.99703417428004171e+00
1.99703741746384789e+00
1.99703912995346533e+00
1.99704003304586197e+00
1.99704050865121685e+00
1.99704075874038756e+00
1.99704089000207263e+00
1.99704095873325604e+00
1.99704099460827633e+00
1.99704101325057159e+00
1.99704102287574248e+00
1.99704102779803949e+00
1.99704103027915769e+00
1.99704103150204060e+00
1.99704103208336936e+00
1.99704103234359365e+00
1.99704103244712905e+00
1.99704103247688702e+00
1.99704103247865028e+00
1.99704103246838516e+00
1.99704103244783826e+00
1.99704103241639097e+00
1.99704103235724673e+00
1.99704103221802387e+00
1.99704103198558358e+00
1.99704103156728796e+00
1.99704102926776694e+00
1.08157867263530250e+00
1.25620136022169548e+00
1.45052165984594850e+00
1.58138074281582197e+00
1.66350133119520516e+00
1.71393116464383888e+00
1.74288170851570379e+00
1.75883321276194082e+00
1.76757697582729301e+00
1.77232377457220269e+00
1.77486617610578779e+00
1.77622051818245907e+00
1.77694102393536646e+00
1.77732340850802739e+00
1.77752594680962872e+00
1.77763317414898658e+00
1.77768995449754064e+00
1.77771999785465584e+00
1.77773589051148484e+00
1.77774429528973088e+00
1.77774873705267056e+00
1.77775108268313575e+00
1.77775232043321774e+00
1.77775297293184065e+00
1.77775331648531476e+00
1.77775349711654629e+00
1.77775359192707971e+00
1.77775364158584104e+00
1.77775366752335473e+00
1.77775368101981490e+00
1.77775368800508726e+00
1.77775369159209173e+00
1.77775369341242140e+00
1.77775369431954977e+00
1.77775369475870293e+00
1.77775369496122826e+00
1.77775369504693703e+00
1.77775369507656067e+00
1.77775369508137193e+00
1.77775369507877490e+00
1.77775369507125736e+00
1.77775369506119429e+00
1.77775369504732250e+00
1.77775369502122738e+00
1.77775369495512114e+00
1.77775369484515267e+00
1.77775369464614630e+00
1.77775369344733525e+00
1.05305460013619667e+00
1.19085205418735729e+00
1.27091473153292722e+00
1.29195988544646356e+00
1.30312268051007685e+00
1.30905019539401990e+00
1.31082740252266849e+00
1.31091902914092251e+00
1.31072324088648751e+00
1.31045670064416342e+00
1.31022553913274309e+00
1.31006597188059359e+00
1.30996624409386486e+00
1.30990686697245873e+00
1.30987276181161327e+00
1.30985372103279873e+00
1.30984329294841850e+00
1.30983764936696967e+00
1.30983462446301480e+00
1.30983301385193940e+00
1.30983215923179319e+00
1.30983170674330185e+00
1.30983146754376767e+00
1.30983134118864819e+00
1.30983127446007974e+00
1.30983123923099742e+00
1.30983122064068147e+00
1.30983121083734377e+00
1.30983120567330258e+00
1.30983120295771283e+00
1.30983120153330712e+00
1.30983120078894011e+00
1.30983120040205070e+00
1.30983120020254296e+00
1.30983120010082099e+00
1.30983120004981579e+00
1.30983120002494058e+00
1.30983120001312514e+00
1.30983120000755848e+00
1.30983120000531272e+00
1.30983120000476694e+00
1.30983120000513753e+00
1.30983120000653286e+00
1.30983120000973985e+00
1.30983120001282960e+00
1.30983120001835629e+00
1.30983120005109566e+00
1.30983120004645914e+00
7.53365572621329416e-01
7.53516222879743069e-01
6.74544894917634696e-01
6.01720340123016117e-01
5.68597319921101740e-01
5.52590442622535316e-01
5.43931433896178262e-01
5.39415537599424399e-01
5.37119779735225733e-01
5.35921637580944132e-01
5.35288290477372586e-01
5.34953950160395375e-01
5.34777094618444138e-01
5.34683301743653083e-01
5.34633597906844837e-01
5.34607309509166906e-01
5.34593420360094607e-01
5.34586085932763577e-01
5.34582216931570597e-01
5.34580177671880374e-01
5.34579103071342820e-01
5.34578536941616611e-01
5.34578238830216712e-01
5.34578081941965877e-01
5.34577999438501594e-01
5.34577956099923091e-01
5.34577933368851288e-01
5.34577921470480000e-01
5.34577915259623948e-01
5.34577912030305136e-01
5.34577910360780839e-01
5.34577909504961757e-01
5.34577909071914492e-01
5.34577908857194251e-01
5.34577908754178099e-01
5.34577908707528859e-01
5.34577908688729231e-01
5.34577908683109504e-01
5.34577908682904446e-01
5.34577908684260361e-01
5.34577908685779146e-01
5.34577908686815428e-01
5.34577908686968861e-01
5.34577908687645986e-01
5.34577908691336257e-01
5.34577908698697590e-01
5.34577908767731147e-01
5.34577909072143198e-01
7.60669886251620686e-01
7.67819541041189879e-01
6.74987626573875898e-01
5.84245270092275892e-01
5.38912317213133041e-01
5.15363177038760556e-01
5.02315856402005823e-01
4.95395175130860232e-01
4.91813261474243757e-01
4.89941325395496674e-01
4.88958232076163957e-01
4.88443289819915527e-01
4.88173386808491816e-01
4.88031484288258488e-01
4.87956743546905658e-01
4.87917340768096008e-01
4.87896546812371934e-01
4.87885561548318580e-01
4.87879757485383592e-01
4.87876691307733756e-01
4.87875071648218528e-01
4.87874216472543365e-01
4.87873765316175267e-01
4.87873527548414621e-01
4.87873402394150002e-01
4.87873336615596620e-01
4.87873302106976214e-01
4.87873284044010980e-01
4.87873274616855701e-01
4.87873269716296520e-01
4.87873267183143333e-01
4.87873265884525620e-01
4.87873265227068365e-01
4.87873264900612502e-01
4.87873264743495738e-01
4.87873264671833728e-01
4.87873264642353588e-01
4.87873264632856296e-01
4.87873264631917491e-01
4.87873264633876480e-01
4.87873264636791204e-01
4.87873264640111104e-01
4.87873264643939708e-01
4.87873264651816629e-01
4.87873264672159357e-01
4.87873264700235565e-01
4.87873264797628214e-01
4.87873265293817915e-01
1.06101000990850824e+00
1.20561068206963462e+00
1.25663732603722256e+00
1.23868317222427371e+00
1.22046305923124221e+00
1.20617185298014062e+00
1.19549507973508962e+00
1.18842972328601348e+00
1.18419034516196064e+00
1.18172482076669261e+00
1.18031645515071548e+00
1.17952983773752651e+00
1.17909745824828605e+00
1.17886187155354061e+00
1.17873439814083047e+00
1.17866583354798005e+00
1.17862913305628525e+00
1.17860953833770177e+00
1.17859910508032617e+00
1.17859356155007911e+00
1.17859062038347817e+00
1.17858906215025439e+00
1.17858823777386279e+00
1.17858780220124482e+00
1.17858757234553346e+00
1.17858745121224162e+00
1.17858738747263470e+00
1.17858735399330361e+00
1.17858733644780345e+00
1.17858732728028937e+00
1.17858732251020992e+00
1.17858732004303368e+00
1.17858731877815592e+00
1.17858731813818185e+00
1.17858731782084725e+00
1.17858731766844205e+00
1.17858731759907021e+00
1.17858731757027968e+00
1.17858731756045487e+00
1.17858731755925494e+00
1.17858731756161750e+00
1.17858731756743751e+00
1.17858731757719104e+00
1.17858731759649205e+00
1.17858731763719193e+00
1.17858731769899427e+00
1.17858731783420079e+00
1.17858731837588593e+00
1.08903103109047783e+00
1.26738293553631354e+00
1.42684389682330659e+00
1.50856672977434214e+00
1.55001994821297573e+00
1.57113542651270177e+00
1.58075685246552977e+00
1.58485599707270763e+00
1.58662482099618107e+00
1.58736659109423406e+00
1.58765621129109968e+00
1.58776394060347426e+00
1.58780213689439420e+00
1.58781401843053227e+00
1.58781663597074196e+00
1.58781643770190195e+00
1.58781585700317041e+00
1.58781525132206935e+00
1.58781481911323041e+00
1.58781454846896097e+00
1.58781438704012690e+00
1.58781429383348605e+00
1.58781424126963699e+00
1.58781421200845418e+00
1.58781419582510641e+00
1.58781418690846565e+00
1.58781418200331004e+00
1.58781417930265811e+00
1.58781417781127887e+00
1.58781417698341176e+00
1.58781417652015300e+00
1.58781417625790255e+00
1.58781417610710252e+00
1.58781417601864350e+00
1.58781417596548602e+00
1.58781417593268026e+00
1.58781417591206209e+00
1.58781417589887197e+00
1.58781417589051066e+00
1.58781417588552753e+00
1.58781417588242557e+00
1.58781417588084928e+00
1.58781417588069007e+00
1.58781417588016449e+00
1.58781417587250795e+00
1.58781417585812190e+00
1.58781417583380247e+00
1.58781417551276260e+00
1.08157867263530227e+00
1.25620136022169682e+00
1.45052165984594761e+00
1.58138074281582219e+00
1.66350133119520560e+00
1.71393116464383821e+00
1.74288170851570445e+00
1.75883321276194038e+00
1.76757697582729523e+00
1.77232377457220180e+00
1.77486617610578912e+00
1.77622051818245774e+00
1.77694102393536779e+00
1.77732340850802584e+00
1.77752594680962761e+00
1.77763317414898547e+00
1.77768995449753997e+00
1.77771999785465495e+00
1.77773589051148306e+00
1.77774429528972910e+00
1.77774873705266923e+00
1.77775108268313464e+00
1.77775232043321685e+00
1.77775297293183887e+00
1.77775331648531432e+00
1.77775349711654562e+00
1.77775359192708038e+00
1.77775364158584459e+00
1.77775366752335762e+00
1.77775368101981868e+00
1.77775368800509126e+00
1.77775369159209595e+00
1.77775369341242429e+00
1.77775369431955244e+00
1.77775369475870315e+00
1.77775369496122870e+00
1.77775369504693570e+00
1.77775369507656023e+00
1.77775369508137104e+00
1.77775369507877334e+00
1.77775369507125647e+00
1.77775369506119474e+00
1.77775369504732361e+00
1.77775369502122849e+00
1.77775369495512270e+00
1.77775369484515489e+00
1.77775369464614941e+00
1.77775369344733658e+00
1.08157867263530250e+00
1.25620136022169615e+00
1.45052165984594805e+00
1.58138074281582197e+00
1.66350133119520516e+00
1.71393116464383755e+00
1.74288170851570401e+00
1.75883321276194127e+00
1.76757697582729345e+00
1.77232377457220291e+00
1.77486617610578845e+00
1.77622051818245885e+00
1.77694102393536624e+00
1.77732340850802628e+00
1.77752594680962805e+00
1.77763317414898614e+00
1.77768995449753975e+00
1.77771999785465540e+00
1.77773589051148373e+00
1.77774429528972977e+00
1.77774873705266967e+00
1.77775108268313509e+00
1.77775232043321729e+00
1.77775297293184087e+00
1.77775331648531498e+00
1.77775349711654651e+00
1.77775359192708104e+00
1.77775364158584415e+00
1.77775366752335762e+00
1.77775368101981868e+00
1.77775368800509059e+00
1.77775369159209462e+00
1.77775369341242362e+00
1.77775369431955110e+00
1.77775369475870337e+00
1.77775369496122781e+00
1.77775369504693659e+00
1.77775369507655889e+00
1.77775369508137082e+00
1.77775369507877334e+00
1.77775369507125625e+00
1.77775369506119407e+00
1.77775369504732272e+00
1.77775369502122760e+00
1.77775369495512203e+00
1.77775369484515422e+00
1.77775369464614807e+00
1.77775369344733636e+00
1.08903103109047716e+00
1.26738293553631443e+00
1.42684389682330526e+00
1.50856672977434281e+00
1.55001994821297573e+00
1.57113542651270088e+00
1.58075685246552933e+00
1.58485599707270675e+00
1.58662482099618218e+00
1.58736659109423250e+00
1.58765621129110190e+00
1.58776394060347270e+00
1.58780213689439553e+00
1.58781401843053116e+00
1.58781663597074285e+00
1.58781643770190151e+00
1.58781585700316974e+00
1.58781525132207069e+00
1.58781481911323130e+00
1.58781454846896208e+00
1.58781438704012867e+00
1.58781429383348738e+00
1.58781424126964033e+00
1.58781421200845618e+00
1.58781419582510863e+00
1.58781418690846698e+00
1.58781418200331137e+00
1.58781417930265811e+00
1.58781417781127887e+00
1.58781417698341110e+00
1.58781417652015056e+00
1.58781417625790056e+00
1.58781417610709918e+00
1.58781417601864216e+00
1.58781417596548469e+00
1.58781417593268048e+00
1.58781417591206120e+00
1.58781417589887308e+00
1.58781417589051066e+00
1.58781417588552776e+00
1.58781417588242380e+00
1.58781417588084972e+00
1.58781417588068829e+00
1.58781417588016205e+00
1.58781417587250639e+00
1.58781417585812012e+00
1.58781417583380113e+00
1.58781417551276260e+00
1.06101000990850869e+00
1.20561068206963395e+00
1.25663732603722367e+00
1.23868317222427282e+00
1.22046305923124243e+00
1.20617185298014062e+00
1.19549507973508895e+00
1.18842972328601371e+00
1.18419034516195909e+00
1.18172482076669350e+00
1.18031645515071348e+00
1.17952983773752740e+00
1.17909745824828383e+00
1.17886187155354150e+00
1.17873439814082959e+00
1.17866583354797938e+00
1.17862913305628569e+00
1.17860953833770243e+00
1.17859910508032728e+00
1.17859356155008022e+00
1.17859062038347950e+00
1.17858906215025683e+00
1.17858823777386457e+00
1.17858780220124681e+00
1.17858757234553546e+00
1.17858745121224295e+00
1.17858738747263536e+00
1.17858735399330317e+00
1.17858733644780300e+00
1.17858732728028781e+00
1.17858732251020748e+00
1.17858732004303057e+00
1.17858731877815415e+00
1.17858731813817852e+00
1.17858731782084636e+00
1.17858731766844005e+00
1.17858731759907132e+00
1.17858731757027990e+00
1.17858731756045554e+00
1.17858731755925494e+00
1.17858731756161728e+00
1.17858731756743618e+00
1.17858731757718949e+00
1.17858731759649005e+00
1.17858731763718971e+00
1.17858731769899250e+00
1.17858731783419834e+00
1.17858731837588615e+00
7.60669886251620242e-01
7.67819541041189879e-01
6.74987626573875565e-01
5.84245270092276003e-01
5.38912317213133041e-01
5.15363177038760223e-01
5.02315856402005934e-01
4.95395175130860232e-01
4.91813261474243701e-01
4.89941325395496563e-01
4.88958232076164012e-01
4.88443289819915138e-01
4.88173386808491983e-01
4.88031484288258099e-01
4.87956743546905214e-01
4.87917340768095620e-01
4.87896546812371656e-01
4.87885561548318636e-01
4.87879757485384036e-01
4.87876691307733923e-01
4.87875071648219027e-01
4.87874216472543865e-01
4.87873765316176267e-01
4.87873527548415342e-01
4.87873402394151279e-01
4.87873336615597120e-01
4.87873302106976658e-01
4.87873284044010647e-01
4.87873274616855257e-01
4.87873269716295688e-01
4.87873267183142056e-01
4.87873265884524232e-01
4.87873265227066810e-01
4.87873264900611225e-01
4.87873264743494961e-01
4.87873264671833395e-01
4.87873264642353810e-01
4.87873264632856463e-01
4.87873264631917769e-01
4.87873264633876647e-01
4.87873264636790871e-01
4.87873264640110771e-01
4.87873264643938986e-01
4.87873264651815741e-01
4.87873264672158191e-01
4.87873264700234399e-01
4.87873264797627215e-01
4.87873265293818414e-01
7.58348202643819636e-01
7.63234569450737976e-01
6.30181591239019290e-01
5.08759871230425653e-01
4.48303842898082505e-01
4.17261714304553610e-01
4.00455735741056584e-01
3.91727659775365000e-01
3.87297634591480255e-01
3.85034239319371474e-01
3.83872464426312010e-01
3.83276344089469312e-01
3.82969558944607213e-01
3.82810770930239741e-01
3.82728167306678357e-01
3.82685019549203975e-01
3.82662397669660259e-01
3.82650501242534469e-01
3.82644233985948989e-01
3.82640929012827480e-01
3.82639185321067499e-01
3.82638265472065919e-01
3.82637780545509398e-01
3.82637525161868552e-01
3.82637390843669545e-01
3.82637320315806939e-01
3.82637283357113278e-01
3.82637264037314018e-01
3.82637253969954794e-01
3.82637248746289349e-01
3.82637246052166313e-01
3.82637244674897736e-01
3.82637243980182395e-01
3.82637243636996360e-01
3.82637243473110233e-01
3.82637243399326032e-01
3.82637243369697733e-01
3.82637243360767820e-01
3.82637243360529400e-01
3.82637243363324719e-01
3.82637243367234814e-01
3.82637243371794611e-01
3.82637243377434100e-01
3.82637243389187198e-01
3.82637243419027551e-01
3.82637243455628551e-01
3.82637243561202711e-01
3.82637244166256607e-01
1.03946981027189400e+00
1.16250260675750461e+00
1.12245466271104344e+00
1.03824769662963656e+00
9.77416646129735667e-01
9.40929003875675574e-01
9.18653645855429524e-01
9.05753335885810640e-01
8.98634361051441011e-01
8.94755332373032730e-01
8.92656220253101762e-01
8.91531839713250340e-01
8.90933280324771149e-01
8.90615218846223189e-01
8.90446385077611868e-01
8.90356851046309350e-01
8.90309392952687517e-01
8.90284240054421971e-01
8.90270915225413351e-01
8.90263860218297287e-01
8.90260126946801122e-01
8.90258153005853425e-01
8.90257110359934600e-01
8.90256560251539097e-01
8.90256270377393299e-01
8.90256117854988815e-01
8.90256037740491446e-01
8.90255995746569218e-01
8.90255973792551614e-01
8.90255962355814279e-01
8.90255956427452033e-01
8.90255953376452247e-01
8.90255951823001102e-01
8.90255951044845895e-01
8.90255950664883944e-01
8.90255950486953607e-01
8.90255950409517327e-01
8.90255950380283378e-01
8.90255950373080696e-01
8.90255950374374883e-01
8.90255950380207772e-01
8.90255950389477912e-01
8.90255950403533225e-01
8.90255950431911858e-01
8.90255950496084081e-01
8.90255950588536571e-01
8.90255950793937711e-01
8.90255951756000807e-01
1.06101000990850847e+00
1.20561068206963462e+00
1.25663732603722300e+00
1.23868317222427371e+00
1.22046305923124221e+00
1.20617185298014062e+00
1.19549507973508895e+00
1.18842972328601326e+00
1.18419034516196042e+00
1.18172482076669283e+00
1.18031645515071548e+00
1.17952983773752651e+00
1.17909745824828516e+00
1.17886187155354061e+00
1.17873439814082981e+00
1.17866583354797960e+00
1.17862913305628481e+00
1.17860953833770132e+00
1.17859910508032617e+00
1.17859356155007888e+00
1.17859062038347795e+00
1.17858906215025483e+00
1.17858823777386346e+00
1.17858780220124548e+00
1.17858757234553413e+00
1.17858745121224229e+00
1.17858738747263581e+00
1.17858735399330450e+00
1.17858733644780478e+00
1.17858732728029003e+00
1.17858732251021059e+00
1.17858732004303390e+00
1.17858731877815615e+00
1.17858731813818118e+00
1.17858731782084680e+00
1.17858731766844116e+00
1.17858731759906976e+00
1.17858731757027946e+00
1.17858731756045421e+00
1.17858731755925406e+00
1.17858731756161750e+00
1.17858731756743729e+00
1.17858731757719060e+00
1.17858731759649205e+00
1.17858731763719171e+00
1.17858731769899427e+00
1.17858731783420057e+00
1.17858731837588615e+00
1.05305460013619667e+00
1.19085205418735662e+00
1.27091473153292767e+00
1.29195988544646267e+00
1.30312268051007774e+00
1.30905019539402012e+00
1.31082740252266805e+00
1.31091902914092318e+00
1.31072324088648684e+00
1.31045670064416409e+00
1.31022553913274176e+00
1.31006597188059426e+00
1.30996624409386486e+00
1.30990686697245917e+00
1.30987276181161261e+00
1.30985372103279807e+00
1.30984329294841850e+00
1.30983764936696834e+00
1.30983462446301369e+00
1.30983301385193762e+00
1.30983215923179186e+00
1.30983170674330074e+00
1.30983146754376589e+00
1.30983134118864775e+00
1.30983127446007908e+00
1.30983123923099853e+00
1.30983122064068258e+00
1.30983121083734688e+00
1.30983120567330702e+00
1.30983120295771704e+00
1.30983120153331178e+00
1.30983120078894322e+00
1.30983120040205381e+00
1.30983120020254473e+00
1.30983120010082232e+00
1.30983120004981468e+00
1.30983120002493925e+00
1.30983120001312270e+00
1.30983120000755648e+00
1.30983120000531006e+00
1.30983120000476694e+00
1.30983120000513709e+00
1.30983120000653397e+00
1.30983120000974029e+00
1.30983120001283115e+00
1.30983120001835784e+00
1.30983120005109677e+00
1.30983120004645937e+00
1.05305460013619623e+00
1.19085205418735751e+00
1.27091473153292700e+00
1.29195988544646267e+00
1.30312268051007774e+00
1.30905019539401990e+00
1.31082740252266872e+00
1.31091902914092251e+00
1.31072324088648684e+00
1.31045670064416298e+00
1.31022553913274287e+00
1.31006597188059293e+00
1.30996624409386531e+00
1.30990686697245851e+00
1.30987276181161261e+00
1.30985372103279785e+00
1.30984329294841806e+00
1.30983764936696856e+00
1.30983462446301346e+00
1.30983301385193807e+00
1.30983215923179253e+00
1.30983170674330118e+00
1.30983146754376678e+00
1.30983134118864752e+00
1.30983127446008019e+00
1.30983123923099920e+00
1.30983122064068325e+00
1.30983121083734688e+00
1.30983120567330680e+00
1.30983120295771638e+00
1.30983120153331090e+00
1.30983120078894277e+00
1.30983120040205314e+00
1.30983120020254451e+00
1.30983120010082144e+00
1.30983120004981490e+00
1.30983120002493902e+00
1.30983120001312270e+00
1.30983120000755671e+00
1.30983120000531117e+00
1.30983120000476605e+00
1.30983120000513642e+00
1.30983120000653330e+00
1.30983120000974052e+00
1.30983120001283027e+00
1.30983120001835762e+00
1.30983120005109654e+00
1.30983120004646003e+00
1.06101000990850847e+00
1.20561068206963351e+00
1.25663732603722411e+00
1.23868317222427282e+00
1.22046305923124287e+00
1.20617185298013974e+00
1.19549507973508851e+00
1.18842972328601371e+00
1.18419034516195909e+00
1.18172482076669394e+00
1.18031645515071393e+00
1.17952983773752740e+00
1.17909745824828383e+00
1.17886187155354127e+00
1.17873439814082981e+00
1.17866583354797916e+00
1.17862913305628569e+00
1.17860953833770199e+00
1.17859910508032684e+00
1.17859356155007999e+00
1.17859062038347950e+00
1.17858906215025616e+00
1.17858823777386434e+00
1.17858780220124681e+00
1.17858757234553524e+00
1.17858745121224362e+00
1.17858738747263669e+00
1.17858735399330450e+00
1.17858733644780433e+00
1.17858732728028870e+00
1.17858732251020859e+00
1.17858732004303102e+00
1.17858731877815504e+00
1.17858731813817874e+00
1.17858731782084636e+00
1.17858731766843960e+00
1.17858731759907065e+00
1.17858731757027879e+00
1.17858731756045487e+00
1.17858731755925383e+00
1.17858731756161705e+00
1.17858731756743595e+00
1.17858731757718993e+00
1.17858731759649071e+00
1.17858731763719038e+00
1.17858731769899316e+00
1.17858731783419945e+00
1.17858731837588682e+00
1.03946981027189378e+00
1.16250260675750527e+00
1.12245466271104233e+00
1.03824769662963701e+00
9.77416646129735001e-01
9.40929003875675907e-01
9.18653645855429413e-01
9.05753335885810196e-01
8.98634361051442121e-01
8.94755332373031398e-01
8.92656220253103205e-01
8.91531839713249230e-01
8.90933280324771926e-01
8.90615218846221968e-01
8.90446385077612201e-01
8.90356851046309239e-01
8.90309392952687295e-01
8.90284240054423082e-01
8.90270915225413018e-01
8.90263860218298175e-01
8.90260126946802566e-01
8.90258153005854758e-01
8.90257110359936377e-01
8.90256560251539986e-01
8.90256270377395298e-01
8.90256117854989149e-01
8.90256037740492112e-01
8.90255995746569329e-01
8.90255973792550614e-01
8.90255962355813169e-01
8.90255956427449813e-01
8.90255953376450915e-01
8.90255951822998215e-01
8.90255951044844784e-01
8.90255950664882501e-01
8.90255950486953940e-01
8.90255950409516994e-01
8.90255950380284378e-01
8.90255950373080585e-01
8.90255950374375771e-01
8.90255950380207328e-01
8.90255950389477246e-01
8.90255950403532004e-01
8.90255950431910636e-01
8.90255950496082415e-01
8.90255950588535239e-01
8.90255950793936823e-01
8.90255951756001029e-01
7.58348202643819524e-01
7.63234569450737865e-01
6.30181591239019290e-01
5.08759871230425431e-01
4.48303842898082505e-01
4.17261714304553388e-01
4.00455735741056584e-01
3.91727659775365000e-01
3.87297634591479867e-01
3.85034239319371530e-01
3.83872464426311732e-01
3.83276344089469589e-01
3.82969558944607102e-01
3.82810770930239408e-01
3.82728167306677969e-01
3.82685019549204031e-01
3.82662397669660204e-01
3.82650501242534191e-01
3.82644233985949100e-01
3.82640929012827424e-01
3.82639185321068165e-01
3.82638265472066252e-01
3.82637780545510120e-01
3.82637525161869274e-01
3.82637390843670211e-01
3.82637320315807328e-01
3.82637283357113389e-01
3.82637264037313962e-01
3.82637253969954350e-01
3.82637248746288572e-01
3.82637246052165425e-01
3.82637244674896737e-01
3.82637243980181563e-01
3.82637243636995583e-01
3.82637243473109678e-01
3.82637243399325644e-01
3.82637243369697733e-01
3.82637243360768153e-01
3.82637243360529455e-01
3.82637243363324664e-01
3.82637243367234647e-01
3.82637243371794444e-01
3.82637243377433489e-01
3.82637243389186477e-01
3.82637243419026662e-01
3.82637243455627940e-01
3.82637243561201990e-01
3.82637244166256885e-01
5.87562156314319184e-01
5.52511421142786729e-01
3.90487574546965810e-01
2.77456200936333330e-01
2.28692298260871174e-01
2.05375577431489681e-01
1.93560933589175949e-01
1.87802019590463637e-01
1.85033917614983445e-01
1.83686712900070104e-01
1.83025067994838309e-01
1.82698488033787271e-01
1.82535867709788274e-01
1.82453955453091121e-01
1.82412257552147655e-01
1.82390836594819222e-01
1.82379743205320827e-01
1.82373960740348035e-01
1.82370933468575108e-01
1.82369344220447788e-01
1.82368508516303707e-01
1.82368068804892286e-01
1.82367837519958303e-01
1.82367715980045642e-01
1.82367652202652414e-01
1.82367618799209791e-01
1.82367601345333447e-01
1.82367592251972577e-01
1.82367587532109104e-01
1.82367585094641793e-01
1.82367583844852410e-01
1.82367583210789941e-01
1.82367582894301161e-01
1.82367582740378176e-01
1.82367582668727074e-01
1.82367582637976616e-01
1.82367582626931340e-01
1.82367582624834018e-01
1.82367582626135116e-01
1.82367582628429115e-01
1.82367582630766245e-01
1.82367582632932679e-01
1.82367582634863412e-01
1.82367582639096498e-01
1.82367582651773524e-01
1.82367582661981220e-01
1.82367582708895942e-01
1.82367583073351630e-01
7.58348202643819413e-01
7.63234569450737976e-01
6.30181591239019068e-01
5.08759871230425431e-01
4.48303842898082505e-01
4.17261714304553444e-01
4.00455735741056640e-01
3.91727659775364945e-01
3.87297634591480033e-01
3.85034239319371419e-01
3.83872464426311899e-01
3.83276344089469201e-01
3.82969558944607102e-01
3.82810770930239741e-01
3.82728167306678135e-01
3.82685019549203920e-01
3.82662397669660037e-01
3.82650501242534302e-01
3.82644233985948823e-01
3.82640929012827313e-01
3.82639185321067499e-01
3.82638265472065697e-01
3.82637780545509454e-01
3.82637525161868552e-01
3.82637390843669600e-01
3.82637320315807050e-01
3.82637283357113278e-01
3.82637264037314184e-01
3.82637253969954849e-01
3.82637248746289405e-01
3.82637246052166202e-01
3.82637244674897570e-01
3.82637243980182451e-01
3.82637243636996194e-01
3.82637243473109956e-01
3.82637243399325921e-01
3.82637243369697455e-01
3.82637243360767820e-01
3.82637243360529178e-01
3.82637243363324553e-01
3.82637243367234592e-01
3.82637243371794555e-01
3.82637243377433878e-01
3.82637243389187087e-01
3.82637243419027440e-01
3.82637243455628495e-01
3.82637243561202656e-01
3.82637244166256718e-01
7.60669886251620575e-01
7.67819541041189546e-01
6.74987626573876009e-01
5.84245270092276225e-01
5.38912317213132819e-01
5.15363177038760223e-01
5.02315856402005601e-01
4.95395175130860288e-01
4.91813261474243646e-01
4.89941325395496619e-01
4.88958232076163846e-01
4.88443289819915416e-01
4.88173386808491816e-01
4.88031484288258210e-01
4.87956743546905269e-01
4.87917340768095564e-01
4.87896546812371656e-01
4.87885561548318358e-01
4.87879757485383536e-01
4.87876691307733534e-01
4.87875071648218417e-01
4.87874216472543420e-01
4.87873765316175378e-01
4.87873527548414565e-01
4.87873402394150391e-01
4.87873336615597064e-01
4.87873302106976880e-01
4.87873284044011368e-01
4.87873274616856090e-01
4.87873269716296964e-01
4.87873267183143611e-01
4.87873265884525620e-01
4.87873265227068031e-01
4.87873264900612169e-01
4.87873264743495128e-01
4.87873264671833340e-01
4.87873264642353199e-01
4.87873264632855796e-01
4.87873264631917158e-01
4.87873264633876147e-01
4.87873264636790760e-01
4.87873264640110660e-01
4.87873264643939375e-01
4.87873264651816241e-01
4.87873264672159135e-01
4.87873264700235454e-01
4.87873264797628103e-01
4.87873265293818470e-01
7.53365572621329305e-01
7.53516222879743292e-01
6.74544894917634474e-01
6.01720340123016117e-01
5.68597319921101518e-01
5.52590442622535427e-01
5.43931433896178040e-01
5.39415537599424399e-01
5.37119779735225955e-01
5.35921637580944243e-01
5.35288290477372919e-01
5.34953950160395375e-01
5.34777094618444693e-01
5.34683301743653083e-01
5.34633597906844726e-01
5.34607309509166906e-01
5.34593420360093941e-01
5.34586085932763355e-01
5.34582216931570819e-01
5.34580177671879708e-01
5.34579103071342598e-01
5.34578536941616056e-01
5.34578238830215824e-01
5.34578081941965655e-01
5.34577999438501705e-01
5.34577956099923202e-01
5.34577933368852065e-01
5.34577921470481221e-01
5.34577915259625724e-01
5.34577912030307356e-01
5.34577910360783060e-01
5.34577909504963977e-01
5.34577909071915491e-01
5.34577908857195139e-01
5.34577908754178432e-01
5.34577908707528748e-01
5.34577908688728676e-01
5.34577908683108616e-01
5.34577908682903669e-01
5.34577908684259473e-01
5.34577908685778591e-01
5.34577908686815206e-01
5.34577908686969194e-01
5.34577908687646430e-01
5.34577908691337367e-01
5.34577908698698478e-01
5.34577908767731924e-01
5.34577909072143420e-01
7.53365572621329305e-01
7.53516222879743069e-01
6.74544894917634585e-01
6.01720340123015895e-01
5.68597319921101629e-01
5.52590442622535427e-01
5.43931433896177818e-01
5.39415537599424733e-01
5.37119779735225400e-01
5.35921637580944576e-01
5.35288290477372586e-01
5.34953950160395153e-01
5.34777094618444249e-01
5.34683301743653083e-01
5.34633597906844615e-01
5.34607309509166795e-01
5.34593420360094496e-01
5.34586085932763355e-01
5.34582216931570819e-01
5.34580177671879819e-01
5.34579103071342598e-01
5.34578536941616389e-01
5.34578238830216268e-01
5.34578081941965655e-01
5.34577999438501816e-01
5.34577956099923424e-01
5.34577933368852065e-01
5.34577921470481221e-01
5.34577915259625391e-01
5.34577912030306801e-01
5.34577910360782727e-01
5.34577909504963533e-01
5.34577909071915158e-01
5.34577908857194806e-01
5.34577908754177988e-01
5.34577908707528415e-01
5.34577908688728232e-01
5.34577908683108616e-01
5.34577908682903669e-01
5.34577908684259584e-01
5.34577908685778702e-01
5.34577908686815206e-01
5.34577908686968972e-01
5.34577908687646430e-01
5.34577908691336923e-01
5.34577908698698367e-01
5.34577908767731591e-01
5.34577909072143531e-01
7.60669886251620464e-01
7.67819541041189879e-01
6.74987626573876121e-01
5.84245270092276003e-01
5.38912317213132708e-01
5.15363177038760334e-01
5.02315856402005823e-01
4.95395175130860066e-01
4.91813261474243812e-01
4.89941325395496508e-01
4.88958232076164123e-01
4.88443289819915027e-01
4.88173386808491705e-01
4.88031484288257933e-01
4.87956743546905325e-01
4.87917340768095509e-01
4.87896546812371712e-01
4.87885561548318525e-01
4.87879757485383592e-01
4.87876691307734089e-01
4.87875071648218639e-01
4.87874216472543754e-01
4.87873765316176045e-01
4.87873527548414843e-01
4.87873402394151223e-01
4.87873336615597120e-01
4.87873302106977103e-01
4.87873284044011313e-01
4.87873274616856034e-01
4.87873269716296520e-01
4.87873267183142889e-01
4.87873265884524954e-01
4.87873265227067310e-01
4.87873264900611558e-01
4.87873264743494794e-01
4.87873264671833007e-01
4.87873264642353310e-01
4.87873264632855796e-01
4.87873264631917158e-01
4.87873264633876369e-01
4.87873264636790704e-01
4.87873264640110549e-01
4.87873264643939153e-01
4.87873264651815797e-01
4.87873264672158691e-01
4.87873264700234843e-01
4.87873264797627715e-01
4.87873265293818414e-01
7.58348202643819524e-01
7.63234569450738087e-01
6.30181591239019290e-01
5.08759871230425431e-01
4.48303842898082394e-01
4.17261714304553666e-01
4.00455735741056473e-01
3.91727659775365000e-01
3.87297634591479922e-01
3.85034239319371585e-01
3.83872464426311788e-01
3.83276344089469312e-01
3.82969558944607158e-01
3.82810770930239297e-01
3.82728167306678135e-01
3.82685019549203864e-01
3.82662397669660204e-01
3.82650501242534136e-01
3.82644233985949100e-01
3.82640929012827480e-01
3.82639185321067887e-01
3.82638265472066141e-01
3.82637780545509898e-01
3.82637525161869163e-01
3.82637390843670211e-01
3.82637320315807550e-01
3.82637283357113389e-01
3.82637264037314073e-01
3.82637253969954405e-01
3.82637248746288905e-01
3.82637246052165592e-01
3.82637244674896737e-01
3.82637243980181785e-01
3.82637243636995417e-01
3.82637243473109678e-01
3.82637243399325533e-01
3.82637243369697511e-01
3.82637243360767987e-01
3.82637243360529289e-01
3.82637243363324553e-01
3.82637243367234647e-01
3.82637243371794389e-01
3.82637243377433545e-01
3.82637243389186532e-01
3.82637243419026829e-01
3.82637243455628051e-01
3.82637243561202267e-01
3.82637244166256940e-01
5.87562156314318629e-01
5.52511421142786951e-01
3.90487574546965810e-01
2.77456200936333275e-01
2.28692298260871146e-01
2.05375577431489764e-01
1.93560933589175921e-01
1.87802019590463526e-01
1.85033917614983473e-01
1.83686712900070021e-01
1.83025067994838364e-01
1.82698488033787271e-01
1.82535867709788246e-01
1.82453955453090927e-01
1.82412257552147544e-01
1.82390836594819250e-01
1.82379743205320660e-01
1.82373960740348035e-01
1.82370933468575080e-01
1.82369344220447788e-01
1.82368508516303846e-01
1.82368068804892508e-01
1.82367837519958637e-01
1.82367715980045975e-01
1.82367652202652719e-01
1.82367618799209930e-01
1.82367601345333613e-01
1.82367592251972604e-01
1.82367587532109132e-01
1.82367585094641516e-01
1.82367583844852077e-01
1.82367583210789691e-01
1.82367582894300773e-01
1.82367582740377926e-01
1.82367582668726824e-01
1.82367582637976533e-01
1.82367582626931340e-01
1.82367582624834129e-01
1.82367582626135227e-01
1.82367582628429142e-01
1.82367582630766273e-01
1.82367582632932568e-01
1.82367582634863329e-01
1.82367582639096304e-01
1.82367582651773219e-01
1.82367582661980943e-01
1.82367582708895776e-01
1.82367583073351797e-01
VECTORS velocity double
5.80354551713765932e-01 6.48763509988267012e-02 6.48763509988272286e-02
5.46473304658389725e-01 5.76012056686331653e-02 5.76012056686328669e-02
3.87479294358228366e-01 3.42077646099645596e-02 3.42077646099646637e-02
2.76333569321475403e-01 1.76309657148478911e-02 1.76309657148478599e-02
2.28359813380797083e-01 8.71673438068518679e-03 8.71673438068514862e-03
2.05286643666748120e-01 4.27327376605831331e-03 4.27327376605830030e-03
1.93538606368132721e-01 2.07880458369247897e-03 2.07880458369240958e-03
1.87796665716975092e-01 1.00272325284522616e-03 1.00272325284522248e-03
1.85032652581533397e-01 4.83811218375726200e-04 4.83811218375739210e-04
1.83686412632069945e-01 2.34851435696864389e-04 2.34851435696802318e-04
1.83024996027985387e-01 1.14768181858378735e-04 1.14768181858501819e-04
1.82698470533165347e-01 5.65449999105728515e-05 5.65449999105608575e-05
1.82535863367578072e-01 2.81533144818041364e-05 2.81533144817080592e-05
1.82453954351644410e-01 1.41761533594732405e-05 1.41761533592948587e-05
1.82412257266866301e-01 7.21379324003173018e-06 7.21379324000625821e-06
1.82390836519524729e-01 3.70581237969424331e-06 3.70581237969964526e-06
1.82379743185122845e-01 1.91929704166509678e-06 1.91929704168133440e-06
1.82373960734863755e-01 1.00010631932066435e-06 1.00010631934903529e-06
1.82370933467073532e-01 5.23322082208715468e-07 5.23322082238986520e-07
1.82369344220034452e-01 2.74599362531981212e-07 2.74599362531433235e-07
1.82368508516189548e-01 1.44311013513583891e-07 1.44311013522019677e-07
1.82368068804860783e-01 7.58739349310976789e-08 7.58739349408192878e-08
1.82367837519949422e-01 3.98761918410072050e-08 3.98761919002904322e-08
1.82367715980043421e-01 2.09355656314103443e-08 2.09355655972958938e-08
1.82367652202651720e-01 1.09741293351088450e-08 1.09741292990553476e-08
1.82367618799209236e-01 5.74051511995171304e-09 5.74051504788379160e-09
1.82367601345332975e-01 2.99495854405486488e-09 2.99495849123829006e-09
1.82367592251972022e-01 1.55731647125627967e-09 1.55731642776079331e-09
1.82367587532108383e-01 8.06186359101098695e-10 8.06186266543376327e-10
1.82367585094640988e-01 4.14775993338843004e-10 4.14775941443962508e-10
1.82367583844851688e-01 2.11491284599311356e-10 2.11491280392636607e-10
1.82367583210789386e-01 1.06382835129774997e-10 1.06382795392908157e-10
1.82367582894300773e-01 5.23816285970189453e-11 5.23816889132265858e-11
1.82367582740378065e-01 2.49011134733219800e-11 2.49011622570794121e-11
1.82367582668727130e-01 1.11216873509508354e-11 1.11217505637744897e-11
1.82367582637976894e-01 4.37899324217260551e-12 4.37905712493097129e-12
1.82367582626931729e-01 1.23489161931965474e-12 1.23495389978381337e-12
1.82367582624834573e-01 -7.91962867588544090e-14 -7.91702002804917827e-14
1.82367582626135699e-01 -5.10198499911250376e-13 -5.10132658467905974e-13
1.82367582628429559e-01 -5.59885211937359374e-13 -5.59876838006027462e-13
1.82367582630766634e-01 -4.78448060564604301e-13 -4.78388983803970893e-13
1.82367582632932901e-01 -3.91518029930658036e-13 -3.91503974809080535e-13
1.82367582634863690e-01 -4.63355772634748267e-13 -4.63360177968151691e-13
1.82367582639096665e-01 -1.11991233238575165e-12 -1.11997467125418327e-12
1.82367582651773552e-01 -3.50666916493435252e-12 -3.50670737227602821e-12
1.82367582661981137e-01 -9.20363308377481493e-12 -9.20369760648848700e-12
1.82367582708895859e-01 -1.88964887346102834e-11 -1.88965612629483924e-11
1.82367583073351353e-01 -3.97732381790882962e-11 -3.97732258894733446e-11
7.39036762752349863e-01 1.43073271762722581e-01 9.19059228817595136e-02
7.45950166504675938e-01 1.32854567251784655e-01 9.18423707046000515e-02
6.21304617933824077e-01 8.49041650224162392e-02 6.24555236347710055e-02
5.05359324658324893e-01 4.69288785708632111e-02 3.53021233265384746e-02
4.47243594648726595e-01 2.46939783987503193e-02 1.84312244226030771e-02
4.16964168266626689e-01 1.26917811001140551e-02 9.33484325534689532e-03
4.00377062904977432e-01 6.42075639422742903e-03 4.66665563551250766e-03
3.91707667559690997e-01 3.21372499296560107e-03 2.30967090738782828e-03
3.87292631381591979e-01 1.60447467248629543e-03 1.14065713656931684e-03
3.85032986928149024e-01 8.02786755117701435e-04 5.65649061519547369e-04
3.83872149205508884e-01 4.03147298323522157e-04 2.81924332677416668e-04
3.83276263960009855e-01 2.03584572477916805e-04 1.41339195131218919e-04
3.82969538281993038e-01 1.03572272430473136e-04 7.14079012852340291e-05
3.82810765517569873e-01 5.31068801215021498e-05 3.63829065412271820e-05
3.82728165867860848e-01 2.74277201459989387e-05 1.86834714312247637e-05
3.82685019161705997e-01 1.42552343819415080e-05 9.66270286363120530e-06
3.82662397564135948e-01 7.44810458736914428e-06 5.02854020545147645e-06
3.82650501213567640e-01 3.90598767437589155e-06 2.62897612082630852e-06
3.82644233977955828e-01 2.05321301868126192e-06 1.37890795017255467e-06
3.82640929010614694e-01 1.08078001846858544e-06 7.24865571540367189e-07
3.82639185320454100e-01 5.69222187695170107e-07 3.81529662374685548e-07
3.82638265471895944e-01 2.99742484499780588e-07 2.00886861530221227e-07
3.82637780545462158e-01 1.57721788209086840e-07 1.05735636511760873e-07
3.82637525161855341e-01 8.28943199799794470e-08 5.56031504700746320e-08
3.82637390843665604e-01 4.34993781082558194e-08 2.91995259960062938e-08
3.82637320315805274e-01 2.27825504450520829e-08 1.53056712670270300e-08
3.82637283357111557e-01 1.19039464573713064e-08 8.00416952748454609e-09
3.82637264037312408e-01 6.20128165546149393e-09 4.17338497599122981e-09
3.82637253969952906e-01 3.21781732187424859e-09 2.16746072478182171e-09
3.82637248746287517e-01 1.66063553316886100e-09 1.11956024329333135e-09
3.82637246052164592e-01 8.50287919303299691e-10 5.73750556180158122e-10
3.82637244674896182e-01 4.30260447684188926e-10 2.90583806903708345e-10
3.82637243980181674e-01 2.13777826996734113e-10 1.44499375537385174e-10
3.82637243636995916e-01 1.03143765169896798e-10 6.97626437935806207e-11
3.82637243473110400e-01 4.73394837632388600e-11 3.20131737170456732e-11
3.82637243399326532e-01 1.97737832515426899e-11 1.33338900414206934e-11
3.82637243369698621e-01 6.66281414948903617e-12 4.44027984858042686e-12
3.82637243360769042e-01 9.16553590645751530e-13 5.69137748893101528e-13
3.82637243360530399e-01 -1.23784509739535973e-12 -8.29732451372003891e-13
3.82637243363325719e-01 -1.88082330192984058e-12 -1.12773837756249898e-12
3.82637243367235536e-01 -2.11202443532341867e-12 -1.02298165158398533e-12
3.82637243371795388e-01 -2.58400473025661101e-12 -8.54350976583879870e-13
3.82637243377434377e-01 -4.15225703253169740e-12 -1.02874110230412669e-12
3.82637243389187309e-01 -8.49183241693179659e-12 -2.38651617224769750e-12
3.82637243419027440e-01 -1.99488419717702224e-11 -7.66393855546812079e-12
3.82637243455628384e-01 -4.70008137261713682e-11 -2.25248827911209896e-11
3.82637243561202323e-01 -8.81973080024979045e-11 -4.83040197888730163e-11
3.82637244166256107e-01 -1.38927224098362999e-10 -9.10650537561608329e-11
7.50151347375840549e-01 8.00237060176963028e-02 9.74055355483335050e-02
7.56106252020265046e-01 8.98991178222046522e-02 9.88348717576938568e-02
6.68105432440503577e-01 6.71536045327738584e-02 6.88027657116893343e-02
5.81301790742981717e-01 4.26534900782038276e-02 4.01427887465290387e-02
5.37891328075336350e-01 2.51047066325442159e-02 2.16600676423923909e-02
5.15048426473512122e-01 1.40680233508328444e-02 1.12433693190411195e-02
5.02224813201109233e-01 7.64235525344484756e-03 5.74900027584664478e-03
4.95369834285786848e-01 4.07473520063258640e-03 2.91605138026101822e-03
4.91806343801914292e-01 2.15019051357213942e-03 1.47683407382795070e-03
4.89939453620792498e-01 1.12724537453880603e-03 7.50622355485801871e-04
4.88957727256501384e-01 5.88931895195711507e-04 3.83184586694664485e-04
4.88443153413599618e-01 3.07647547200075051e-04 1.96485285067945310e-04
4.88173349746410579e-01 1.61019479286952938e-04 1.01282621786548380e-04
4.88031474151390143e-01 8.44953269909808383e-05 5.24858190279361463e-05
4.87956740757303109e-01 4.44525118821203707e-05 2.73200492137941517e-05
4.87917339996327526e-01 2.34377989050823638e-05 1.42754447038708344e-05
4.87896546597939851e-01 1.23783954636900279e-05 7.48442933564520795e-06
4.87885561488585695e-01 6.54402041646012004e-06 3.93214147959811392e-06
4.87879757468723751e-01 3.46077233873709844e-06 2.06864635481272493e-06
4.87876691303086307e-01 1.82989416087250094e-06 1.08938614457075751e-06
4.87875071646922620e-01 9.66995996189860844e-07 5.73968137755577915e-07
4.87874216472182931e-01 5.10530613835833484e-07 3.02377513114572657e-07
4.87873765316075125e-01 2.69218436888732236e-07 1.59210517386346369e-07
4.87873527548386254e-01 1.41770247448883761e-07 8.37521381802673440e-08
4.87873402394141953e-01 7.45377770944019681e-08 4.40009689641070961e-08
4.87873336615593511e-01 3.91179240848204588e-08 2.30781374235746647e-08
4.87873302106974438e-01 2.04851866459640421e-08 1.20785055862833434e-08
4.87873284044008759e-01 1.06991058713043413e-08 6.30416391632808939e-09
4.87873274616853314e-01 5.56856552964303442e-09 3.27816748505768212e-09
4.87873269716294133e-01 2.88441008301911526e-09 1.69581003967394849e-09
4.87873267183140780e-01 1.48380909984599199e-09 8.70640311100095042e-10
4.87873265884523621e-01 7.55536189136365273e-10 4.41943843308441643e-10
4.87873265227066699e-01 3.78749085226355408e-10 2.20427709494446252e-10
4.87873264900611892e-01 1.85263969441889524e-10 1.06888577749865105e-10
4.87873264743495627e-01 8.70458783464747175e-11 4.94119455904277294e-11
4.87873264671834284e-01 3.80886390178464449e-11 2.08847982518474778e-11
4.87873264642354976e-01 1.44297922912728117e-11 7.22854194755182542e-12
4.87873264632857628e-01 3.66625995231486711e-12 1.21560276981388753e-12
4.87873264631919046e-01 -7.44057618520303294e-13 -9.88369785454198205e-13
4.87873264633877757e-01 -2.47331075194563030e-12 -1.54448617980427815e-12
4.87873264636792148e-01 -3.54205344295374981e-12 -1.56422623851958708e-12
4.87873264640112048e-01 -5.23332925913030434e-12 -1.60912559833447417e-12
4.87873264643939930e-01 -9.19663334823183003e-12 -2.35123161558191178e-12
4.87873264651816685e-01 -1.82623249324931259e-11 -5.27723098224032995e-12
4.87873264672159190e-01 -3.96531300143253892e-11 -1.52881702802861438e-11
4.87873264700235065e-01 -8.84509275236953363e-11 -4.38424846557846795e-11
4.87873264797627493e-01 -1.57383955735729817e-10 -8.64241013467199070e-11
4.87873265293817526e-01 -2.19187309386613322e-10 -1.21091718891822233e-10
7.46652395630460042e-01 2.31155302379373075e-02 9.76501836771316162e-02
7.46439111835292213e-01 2.92039220091628443e-02 9.88052701265359906e-02
6.70603416602993829e-01 2.37914707374987065e-02 6.88174310765922864e-02
6.00144931212969079e-01 1.63504348061311797e-02 4.03248377403907857e-02
5.68085532492450751e-01 1.01514659056501019e-02 2.18789335707891518e-02
5.52440616327282141e-01 5.91109948233518433e-03 1.14289812587277332e-02
5.43889413992323267e-01 3.31386045253270973e-03 5.89308546865457451e-03
5.39404008905180476e-01 1.81618639354802817e-03 3.02305270878650565e-03
5.37116642095706087e-01 9.81734195720723865e-04 1.55137507372939652e-03
5.35920784681288231e-01 5.25108215936711696e-04 7.99021523645509460e-04
5.35288058163011948e-01 2.78964806760868594e-04 4.13387102767574376e-04
5.34953886591185701e-01 1.47820037368467374e-04 2.14854444710125875e-04
5.34777077120584199e-01 7.83122707626285097e-05 1.12169950510945508e-04
5.34683296901143357e-01 4.15130691517008048e-05 5.87799593865354598e-05
5.34633596561490676e-01 2.20226027257038669e-05 3.08795794787119975e-05
5.34607309134395137e-01 1.16895628406655737e-05 1.62501029267982103e-05
5.34593420255496277e-01 6.20596493652518693e-06 8.56279416158355645e-06
5.34586085903547503e-01 3.29433252901055202e-06 4.51489224646683776e-06
5.34582216923411790e-01 1.74786518972874190e-06 2.38088035094123489e-06
5.34580177669603196e-01 9.26535736979684316e-07 1.25547145592847388e-06
5.34579103070707995e-01 4.90577762871842355e-07 6.61848658674305740e-07
5.34578536941439642e-01 2.59395990459125969e-07 3.48710930656281276e-07
5.34578238830167085e-01 1.36953177527886473e-07 1.83578197583056219e-07
5.34578081941951555e-01 7.21923266713552106e-08 9.65447842806108113e-08
5.34577999438497042e-01 3.79902454531642878e-08 5.07074290875602970e-08
5.34577956099920426e-01 1.99546684110431350e-08 2.65891270841341893e-08
5.34577933368849290e-01 1.04590558025252823e-08 1.39135686610087949e-08
5.34577921470478445e-01 5.46790940337051678e-09 7.26110535479163822e-09
5.34577915259622394e-01 2.84909302610228420e-09 3.77550402510104475e-09
5.34577912030303803e-01 1.47781539457748259e-09 1.95295034118384500e-09
5.34577910360780062e-01 7.61580153475472773e-10 1.00253137378436656e-09
5.34577909504961424e-01 3.88729815105626998e-10 5.08756912493433589e-10
5.34577909071914492e-01 1.95553266373697503e-10 2.53614501970347480e-10
5.34577908857194584e-01 9.61702186106733499e-11 1.22855887485801946e-10
5.34577908754178877e-01 4.55903488772844819e-11 5.66834804818853207e-11
5.34577908707529859e-01 2.02804001757795555e-11 2.38578848947644630e-11
5.34577908688730452e-01 7.96320987480341524e-12 8.14683049981708789e-12
5.34577908683110503e-01 2.27836748413456870e-12 1.24258262877225060e-12
5.34577908682905778e-01 -1.11998150605938849e-13 -1.24609836900943177e-12
5.34577908684261471e-01 -1.09648308000179794e-12 -1.87412837562441361e-12
5.34577908685780367e-01 -1.74293017563115277e-12 -1.99334714282561067e-12
5.34577908686816206e-01 -2.72962865307356403e-12 -2.28797489808412853e-12
5.34577908686969749e-01 -4.90247982272214556e-12 -3.68902922201876033e-12
5.34577908687646874e-01 -9.66724881120903617e-12 -8.20341836464077418e-12
5.34577908691337034e-01 -2.05650930199547154e-11 -2.24678848050834366e-11
5.34577908698698034e-01 -4.51888904544268497e-11 -6.22106378179665284e-11
5.34577908767731258e-01 -7.93017978673197815e-11 -1.16444930529694931e-10
5.34577909072142199e-01 -1.06237541796706886e-10 -1.30966340722648113e-10
7.46652395630460042e-01 -2.31155302379374081e-02 9.76501836771317688e-02
7.46439111835292102e-01 -2.92039220091633960e-02 9.88052701265360461e-02
6.70603416602993274e-01 -2.37914707374989216e-02 6.88174310765919534e-02
6.00144931212969301e-01 -1.63504348061312837e-02 4.03248377403913338e-02
5.68085532492450529e-01 -1.01514659056500638e-02 2.18789335707884683e-02
5.52440616327282363e-01 -5.91109948233510540e-03 1.14289812587284358e-02
5.43889413992323156e-01 -3.31386045253269151e-03 5.89308546865389363e-03
5.39404008905180254e-01 -1.81618639354803554e-03 3.02305270878711540e-03
5.37116642095706531e-01 -9.81734195720812769e-04 1.55137507372888196e-03
5.35920784681287898e-01 -5.25108215936870748e-04 7.99021523645585029e-04
5.35288058163011948e-01 -2.78964806760883556e-04 4.13387102767865701e-04
5.34953886591185701e-01 -1.47820037368587504e-04 2.14854444709529699e-04
5.34777077120584532e-01 -7.83122707625656124e-05 1.12169950512004015e-04
5.34683296901143135e-01 -4.15130691516438029e-05 5.87799593854875581e-05
5.34633596561490343e-01 -2.20226027254730911e-05 3.08795794798910199e-05
5.34607309134395359e-01 -1.16895628406398781e-05 1.62501029257056801e-05
5.34593420255495944e-01 -6.20596493632129509e-06 8.56279416237539504e-06
5.34586085903547947e-01 -3.29433252862964300e-06 4.51489224575420692e-06
5.34582216923411790e-01 -1.74786518944781558e-06 2.38088035140904356e-06
5.34580177669603085e-01 -9.26535736771919416e-07 1.25547145576522798e-06
5.34579103070708217e-01 -4.90577762766121420e-07 6.61848658794900997e-07
5.34578536941440086e-01 -2.59395990579310998e-07 3.48710930453154040e-07
5.34578238830167085e-01 -1.36953177737095246e-07 1.83578197561527924e-07
5.34578081941951888e-01 -7.21923270670427741e-08 9.65447841676700851e-08
5.34577999438497264e-01 -3.79902458062350628e-08 5.07074293184477009e-08
5.34577956099920426e-01 -1.99546688916590360e-08 2.65891267104912539e-08
5.34577933368849623e-01 -1.04590563317849570e-08 1.39135691103232170e-08
5.34577921470478112e-01 -5.46790986604050606e-09 7.26110491675747152e-09
5.34577915259622172e-01 -2.84909343234947326e-09 3.77550456863279528e-09
5.34577912030303692e-01 -1.47781558884875191e-09 1.95294983425037104e-09
5.34577910360779951e-01 -7.61580040994496134e-10 1.00253184394975907e-09
5.34577909504961091e-01 -3.88729558930361754e-10 5.08756567455970076e-10
5.34577909071913826e-01 -1.95552898996260044e-10 2.53614871023210628e-10
5.34577908857194362e-01 -9.61696787560913511e-11 1.22855840270061654e-10
5.34577908754178766e-01 -4.55899744431204528e-11 5.66834772787078726e-11
5.34577908707529748e-01 -2.02799622272198588e-11 2.38578966891865939e-11
5.34577908688730674e-01 -7.96317977335681084e-12 8.14666841378901513e-12
5.34577908683110614e-01 -2.27850930341284356e-12 1.24271100592705124e-12
5.34577908682905778e-01 1.11586257946482855e-13 -1.24622501079350214e-12
5.34577908684261582e-01 1.09604845132269136e-12 -1.87403807818693511e-12
5.34577908685780367e-01 1.74249159586133175e-12 -1.99352366716249224e-12
5.34577908686816317e-01 2.72932631064063120e-12 -2.28777500445977629e-12
5.34577908686969749e-01 4.90227631583435362e-12 -3.68922236221010354e-12
5.34577908687646541e-01 9.66731616570292922e-12 -8.20314263724475503e-12
5.34577908691336812e-01 2.05655244622424212e-11 -2.24681179349859047e-11
5.34577908698698034e-01 4.51895866311459883e-11 -6.22104138645186118e-11
5.34577908767731147e-01 7.93027049599634286e-11 -1.16445061655018537e-10
5.34577909072142421e-01 1.06238658547491629e-10 -1.30966314321307885e-10
7.50151347375840327e-01 -8.00237060176965387e-02 9.74055355483331997e-02
7.56106252020265268e-01 -8.98991178222046244e-02 9.88348717576936209e-02
6.68105432440503910e-01 -6.71536045327737197e-02 6.88027657116893343e-02
5.81301790742981161e-01 -4.26534900782037305e-02 4.01427887465285321e-02
5.37891328075336794e-01 -2.51047066325442297e-02 2.16600676423930327e-02
5.15048426473512011e-01 -1.40680233508326414e-02 1.12433693190405522e-02
5.02224813201109233e-01 -7.64235525344464546e-03 5.74900027584753209e-03
4.95369834285786903e-01 -4.07473520063250313e-03 2.91605138026025971e-03
4.91806343801914236e-01 -2.15019051357210646e-03 1.47683407382817144e-03
4.89939453620792720e-01 -1.12724537453871777e-03 7.50622355485643469e-04
4.88957727256501329e-01 -5.88931895195649599e-04 3.83184586694383840e-04
4.88443153413599673e-01 -3.07647547200090772e-04 1.96485285068619657e-04
4.88173349746410468e-01 -1.61019479286886476e-04 1.01282621785585731e-04
4.88031474151390088e-01 -8.44953269912042924e-05 5.24858190290318139e-05
4.87956740757302776e-01 -4.44525118820978600e-05 2.73200492127276457e-05
4.87917339996327026e-01 -2.34377989049211667e-05 1.42754447052471968e-05
4.87896546597939962e-01 -1.23783954634874786e-05 7.48442933466660283e-06
4.87885561488585584e-01 -6.54402041638822727e-06 3.93214148039335842e-06
4.87879757468724140e-01 -3.46077233840813838e-06 2.06864635432279938e-06
4.87876691303086418e-01 -1.82989416075255938e-06 1.08938614476786081e-06
4.87875071646923175e-01 -9.66995996043715686e-07 5.73968137610150617e-07
4.87874216472183375e-01 -5.10530613591193111e-07 3.02377513191204946e-07
4.87873765316075569e-01 -2.69218436895916293e-07 1.59210517395154347e-07
4.87873527548387254e-01 -1.41770247348354397e-07 8.37521381401401110e-08
4.87873402394142675e-01 -7.45377774053047629e-08 4.40009686706513073e-08
4.87873336615593844e-01 -3.91179244561234194e-08 2.30781378519781512e-08
4.87873302106974605e-01 -2.04851869037997397e-08 1.20785052098456211e-08
4.87873284044008815e-01 -1.06991061896776672e-08 6.30416455587722752e-09
4.87873274616853203e-01 -5.56856574254063395e-09 3.27816685397785727e-09
4.87873269716293911e-01 -2.88441015826107554e-09 1.69581055830472060e-09
4.87873267183140336e-01 -1.48380906224160178e-09 8.70639934525980349e-10
4.87873265884523066e-01 -7.55535826600012224e-10 4.41944351262682331e-10
4.87873265227066311e-01 -3.78748729873970078e-10 2.20427604335099598e-10
4.87873264900611059e-01 -1.85263631960624075e-10 1.06888823219654262e-10
4.87873264743495350e-01 -8.70454713496532924e-11 4.94119832650234416e-11
4.87873264671834062e-01 -3.80885383374076476e-11 2.08847655981952740e-11
4.87873264642354865e-01 -1.44298295421547435e-11 7.22852854142207815e-12
4.87873264632857795e-01 -3.66642993705138995e-12 1.21547318644729503e-12
4.87873264631919046e-01 7.43803596230956567e-13 -9.88318180132627357e-13
4.87873264633877812e-01 2.47298822022295091e-12 -1.54455735358741337e-12
4.87873264636791981e-01 3.54174936680084640e-12 -1.56408645937480949e-12
4.87873264640111604e-01 5.23301072329856920e-12 -1.60938087059743848e-12
4.87873264643939597e-01 9.19653250273770572e-12 -2.35091825224003301e-12
4.87873264651816185e-01 1.82624290143930202e-11 -5.27738102212369072e-12
4.87873264672158413e-01 3.96533685163853132e-11 -1.52878043748552689e-11
4.87873264700234621e-01 8.84514361100578837e-11 -4.38426144120905218e-11
4.87873264797626938e-01 1.57384626441103986e-10 -8.64238537865040367e-11
4.87873265293817693e-01 2.19188131656556085e-10 -1.21091791286765888e-10
7.39036762752349641e-01 -1.43073271762722193e-01 9.19059228817603463e-02
7.45950166504676382e-01 -1.32854567251784766e-01 9.18423707045996213e-02
6.21304617933823966e-01 -8.49041650224163780e-02 6.24555236347709639e-02
5.05359324658324782e-01 -4.69288785708634332e-02 3.53021233265387868e-02
4.47243594648726428e-01 -2.46939783987502014e-02 1.84312244226024491e-02
4.16964168266626523e-01 -1.26917811001143535e-02 9.33484325534741054e-03
4.00377062904977710e-01 -6.42075639422742123e-03 4.66665563551160126e-03
3.91707667559690775e-01 -3.21372499296576630e-03 2.30967090738834003e-03
3.87292631381592090e-01 -1.60447467248612781e-03 1.14065713656897444e-03
3.85032986928148857e-01 -8.02786755117691460e-04 5.65649061519644405e-04
3.83872149205509050e-01 -4.03147298323541727e-04 2.81924332677625919e-04
3.83276263960009855e-01 -2.03584572477601275e-04 1.41339195130601737e-04
3.82969538281993038e-01 -1.03572272430672101e-04 7.14079012861926806e-05
3.82810765517569818e-01 -5.31068801210152414e-05 3.63829065402428552e-05
3.82728165867860737e-01 -2.74277201462643819e-05 1.86834714324036371e-05
3.82685019161705775e-01 -1.42552343816412535e-05 9.66270286259393553e-06
3.82662397564135726e-01 -7.44810458766338828e-06 5.02854020630388637e-06
3.82650501213567917e-01 -3.90598767419767751e-06 2.62897612024451420e-06
3.82644233977956161e-01 -2.05321301898286875e-06 1.37890795070323543e-06
3.82640929010614861e-01 -1.08078001840787011e-06 7.24865571319726118e-07
3.82639185320454378e-01 -5.69222187648893415e-07 3.81529662709134230e-07
3.82638265471896444e-01 -2.99742484590056988e-07 2.00886861611859904e-07
3.82637780545462935e-01 -1.57721788187109009e-07 1.05735636532949641e-07
3.82637525161855729e-01 -8.28943203440491499e-08 5.56031501452198811e-08
3.82637390843666436e-01 -4.34993782914881571e-08 2.91995262873925925e-08
3.82637320315805551e-01 -2.27825504107044866e-08 1.53056709253446064e-08
3.82637283357112057e-01 -1.19039467042199262e-08 8.00416990777882101e-09
3.82637264037312241e-01 -6.20128161579808016e-09 4.17338445136978099e-09
3.82637253969952795e-01 -3.21781750736934048e-09 2.16746130439238063e-09
3.82637248746287018e-01 -1.66063539853071480e-09 1.11955985079536452e-09
3.82637246052163926e-01 -8.50287904965739980e-10 5.73751054651309100e-10
3.82637244674895460e-01 -4.30260333832324048e-10 2.90583631526109542e-10
3.82637243980181008e-01 -2.13777620766369196e-10 1.44499559696760780e-10
3.82637243636995250e-01 -1.03143685728894980e-10 6.97625862238018379e-11
3.82637243473110067e-01 -4.73393838800715691e-11 3.20132917825034319e-11
3.82637243399326310e-01 -1.97738258881289582e-11 1.33339873124815757e-11
3.82637243369698676e-01 -6.66265833884216482e-12 4.44009813060252394e-12
3.82637243360769153e-01 -9.16679183720076238e-13 5.69216336523935842e-13
3.82637243360530566e-01 1.23787070797623714e-12 -8.29864850292998776e-13
3.82637243363325719e-01 1.88063514998704135e-12 -1.12754561430964042e-12
3.82637243367235536e-01 2.11199287205046277e-12 -1.02314090632676052e-12
3.82637243371795166e-01 2.58389098675843175e-12 -8.54222668227012629e-13
3.82637243377434100e-01 4.15230316422144141e-12 -1.02892809829560450e-12
3.82637243389186810e-01 8.49179314128210998e-12 -2.38615818682897615e-12
3.82637243419026774e-01 1.99489944563746245e-11 -7.66404636690717646e-12
3.82637243455627662e-01 4.70009133215030186e-11 -2.25245661929586019e-11
3.82637243561201823e-01 8.81976229088402578e-11 -4.83040922624850111e-11
3.82637244166256274e-01 1.38927576425556639e-10 -9.10650420183982766e-11
5.80354551713766376e-01 -6.48763509988274090e-02 6.48763509988257853e-02
5.46473304658389725e-01 -5.76012056686326587e-02 5.76012056686334498e-02
3.87479294358228366e-01 -3.42077646099647262e-02 3.42077646099643307e-02
2.76333569321475403e-01 -1.76309657148477593e-02 1.76309657148478773e-02
2.28359813380796944e-01 -8.71673438068527352e-03 8.71673438068514689e-03
2.05286643666748148e-01 -4.27327376605837403e-03 4.27327376605838444e-03
1.93538606368132582e-01 -2.07880458369254142e-03 2.07880458369256267e-03
1.87796665716975064e-01 -1.00272325284510365e-03 1.00272325284510538e-03
1.85032652581533313e-01 -4.83811218375829416e-04 4.83811218375840312e-04
1.83686412632069973e-01 -2.34851435696885287e-04 2.34851435696895207e-04
1.83024996027985276e-01 -1.14768181858436089e-04 1.14768181858427551e-04
1.82698470533165264e-01 -5.65449999107216922e-05 5.65449999106181102e-05
1.82535863367577850e-01 -2.81533144816333983e-05 2.81533144816318567e-05
1.82453954351644215e-01 -1.41761533596840670e-05 1.41761533597004486e-05
1.82412257266866218e-01 -7.21379323987051864e-06 7.21379323988478945e-06
1.82390836519524563e-01 -3.70581237994439712e-06 3.70581237994571172e-06
1.82379743185122928e-01 -1.91929704145178975e-06 1.91929704144661480e-06
1.82373960734863561e-01 -1.00010631948987252e-06 1.00010631948951147e-06
1.82370933467073532e-01 -5.23322082095299768e-07 5.23322082086222857e-07
1.82369344220034313e-01 -2.74599362570241214e-07 2.74599362566392508e-07
1.82368508516189604e-01 -1.44311013569592409e-07 1.44311013565888890e-07
1.82368068804861116e-01 -7.58739349149310360e-08 7.58739349092723927e-08
1.82367837519949644e-01 -3.98761918769853464e-08 3.98761918658183154e-08
1.82367715980043699e-01 -2.09355655402390596e-08 2.09355655120711841e-08
1.82367652202651942e-01 -1.09741293326230680e-08 1.09741292227330087e-08
1.82367618799209374e-01 -5.74051524034363010e-09 5.74051519541296924e-09
1.82367601345333169e-01 -2.99495853132652973e-09 2.99495848733384413e-09
1.82367592251971911e-01 -1.55731661689464134e-09 1.55731661992879608e-09
1.82367587532108244e-01 -8.06186225083653727e-10 8.06186253152888476e-10
1.82367585094640738e-01 -4.14776134744140822e-10 4.14776132870261527e-10
1.82367583844851272e-01 -2.11491198458054358e-10 2.11491191877852231e-10
1.82367583210789053e-01 -1.06382926345763248e-10 1.06382952727740898e-10
1.82367582894300245e-01 -5.23816756146073720e-11 5.23816288374879620e-11
1.82367582740377648e-01 -2.49011535382256345e-11 2.49011789484089340e-11
1.82367582668726907e-01 -1.11217407516547856e-11 1.11217177703365479e-11
1.82367582637976811e-01 -4.37897398986773478e-12 4.37900894161934787e-12
1.82367582626931729e-01 -1.23487874062849660e-12 1.23486116668533469e-12
1.82367582624834601e-01 7.92115349778103200e-14 -7.92099580491946966e-14
1.82367582626135727e-01 5.10115111411190053e-13 -5.10090812533960010e-13
1.82367582628429614e-01 5.59902035325850405e-13 -5.59881794332426289e-13
1.82367582630766550e-01 4.78342603036428412e-13 -4.78351678728534821e-13
1.82367582632932818e-01 3.91555941614022234e-13 -3.91530142056852850e-13
1.82367582634863468e-01 4.63283039427645521e-13 -4.63272901855814098e-13
1.82367582639096359e-01 1.12001088154528984e-12 -1.11995622017218605e-12
1.82367582651773191e-01 3.50665171582033568e-12 -3.50660872752913523e-12
1.82367582661980748e-01 9.20372884684323013e-12 -9.20370216479352191e-12
1.82367582708895470e-01 1.88965080827256201e-11 -1.88965004669842426e-11
1.82367583073351436e-01 3.97733596428886324e-11 -3.97732892186293167e-11
7.39036762752350085e-01 9.19059228817597218e-02 1.43073271762722359e-01
7.45950166504676049e-01 9.18423707045998849e-02 1.32854567251784766e-01
6.21304617933823966e-01 6.24555236347711026e-02 8.49041650224164196e-02
5.05359324658324893e-01 3.53021233265384121e-02 4.69288785708632181e-02
4.47243594648726706e-01 1.84312244226031187e-02 2.46939783987503159e-02
4.16964168266626634e-01 9.33484325534689879e-03 1.26917811001142303e-02
4.00377062904977710e-01 4.66665563551228561e-03 6.42075639422763113e-03
3.91707667559691164e-01 2.30967090738780747e-03 3.21372499296564791e-03
3.87292631381592090e-01 1.14065713656927607e-03 1.60447467248629196e-03
3.85032986928149024e-01 5.65649061519424528e-04 8.02786755117585967e-04
3.83872149205508995e-01 2.81924332677241027e-04 4.03147298323380885e-04
3.83276263960010133e-01 1.41339195131195093e-04 2.03584572477723789e-04
3.82969538281993205e-01 7.14079012853146395e-05 1.03572272430404926e-04
3.82810765517570151e-01 3.63829065413678234e-05 5.31068801213049606e-05
3.82728165867861181e-01 1.86834714312534985e-05 2.74277201459868193e-05
3.82685019161706053e-01 9.66270286364414457e-06 1.42552343819897957e-05
3.82662397564136003e-01 5.02854020545849920e-06 7.44810458739494321e-06
3.82650501213567862e-01 2.62897612081664430e-06 3.90598767444702961e-06
3.82644233977956050e-01 1.37890795016404157e-06 2.05321301872350515e-06
3.82640929010614861e-01 7.24865571560129633e-07 1.08078001855207705e-06
3.82639185320454045e-01 3.81529662379228821e-07 5.69222187715877522e-07
3.82638265471896222e-01 2.00886861486214530e-07 2.99742484574835224e-07
3.82637780545462158e-01 1.05735636362251366e-07 1.57721788161378239e-07
3.82637525161855396e-01 5.56031503785509089e-08 8.28943202340729993e-08
3.82637390843665770e-01 2.91995259027055551e-08 4.34993782526076110e-08
3.82637320315805274e-01 1.53056711663578689e-08 2.27825504384124993e-08
3.82637283357111890e-01 8.00416936275659110e-09 1.19039464113413093e-08
3.82637264037312463e-01 4.17338502441137607e-09 6.20128147334330154e-09
3.82637253969953184e-01 2.16746079361951476e-09 3.21781702473684225e-09
3.82637248746287850e-01 1.11956032155823641e-09 1.66063521049606634e-09
3.82637246052164925e-01 5.73750729991894409e-10 8.50287680915234787e-10
3.82637244674896571e-01 2.90584013744680154e-10 4.30260357016772937e-10
3.82637243980181840e-01 1.44499440465870452e-10 2.13777583034469461e-10
3.82637243636996083e-01 6.97627581913555709e-11 1.03143828126147724e-10
3.82637243473110344e-01 3.20132071832647899e-11 4.73396011502146071e-11
3.82637243399326532e-01 1.33338885036088337e-11 1.97740683170309890e-11
3.82637243369698510e-01 4.44021687732639181e-12 6.66299279790500603e-12
3.82637243360768986e-01 5.69028253856771459e-13 9.16823949940643918e-13
3.82637243360530344e-01 -8.29833995294428187e-13 -1.23763091426357428e-12
3.82637243363325774e-01 -1.12787404820087110e-12 -1.88060501218598918e-12
3.82637243367235647e-01 -1.02312098822730537e-12 -2.11190221839371476e-12
3.82637243371795444e-01 -8.54469551767283734e-13 -2.58389486698119785e-12
3.82637243377434544e-01 -1.02879794515535628e-12 -4.15223390099395222e-12
3.82637243389187420e-01 -2.38652923508528278e-12 -8.49187280363945075e-12
3.82637243419027551e-01 -7.66387736951852041e-12 -1.99489806634425873e-11
3.82637243455628606e-01 -2.25247804370628164e-11 -4.70010013139272453e-11
3.82637243561202323e-01 -4.83038996456850879e-11 -8.81974807173686598e-11
3.82637244166256052e-01 -9.10648842139157649e-11 -1.38927399885180898e-10
9.99652093407930042e-01 2.01485953123078432e-01 2.01485953123078571e-01
1.12435078673619770e+00 2.08863135909245601e-01 2.08863135909245518e-01
1.10110482253369435e+00 1.54065959307699035e-01 1.54065959307699091e-01
1.02956847292115117e+00 9.47286628311503620e-02 9.47286628311503343e-02
9.74502458901893132e-01 5.33303746736528278e-02 5.33303746736528278e-02
9.40057571665730007e-01 2.86282403266664709e-02 2.86282403266664952e-02
9.18409084189305225e-01 1.49879138313885069e-02 1.49879138313883543e-02
9.05687382174295452e-01 7.72888214895512803e-03 7.72888214895507859e-03
8.98616932480550967e-01 3.95749425641914263e-03 3.95749425641918166e-03
8.94750756931045554e-01 2.02333651370854156e-03 2.02333651370853245e-03
8.92655019864468269e-01 1.03514910103713110e-03 1.03514910103692055e-03
8.91531523684605309e-01 5.30800855731303417e-04 5.30800855731203454e-04
8.90933196494919089e-01 2.73288862979446478e-04 2.73288862979640117e-04
8.90615196398445330e-01 1.41394242474139435e-04 1.41394242473899258e-04
8.90446379010703004e-01 7.35000525640343131e-05 7.35000525640516604e-05
8.90356849392509475e-01 3.83728064722127190e-05 3.83728064719445551e-05
8.90309392498444319e-01 2.01101368511788628e-05 2.01101368512286073e-05
8.90284239928983312e-01 1.05677500588936187e-05 1.05677500589150723e-05
8.90270915190648271e-01 5.56327880012758510e-06 5.56327880014676193e-06
8.90263860208641455e-01 2.93212418218581415e-06 2.93212418191927618e-06
8.90260126944116492e-01 1.54616109031916075e-06 1.54616109017266068e-06
8.90258153005107578e-01 8.15222023254910644e-07 8.15222023348469563e-07
8.90257110359727655e-01 4.29567534402953904e-07 4.29567535038812856e-07
8.90256560251480256e-01 2.26126645821058424e-07 2.26126646154804149e-07
8.90256270377376757e-01 1.18872833275293978e-07 1.18872833848825519e-07
8.90256117854981599e-01 6.23834649320865952e-08 6.23834652690943895e-08
8.90256037740487227e-01 3.26689886889906571e-08 3.26689889122523955e-08
8.90255995746565332e-01 1.70624353425078511e-08 1.70624353697830896e-08
8.90255973792546729e-01 8.88018409547602505e-09 8.88018411405640412e-09
8.90255962355810504e-01 4.59946186515019872e-09 4.59946155524441218e-09
8.90255956427448036e-01 2.36585488364846567e-09 2.36585431933280715e-09
8.90255953376449805e-01 1.20451694924170942e-09 1.20451626685425118e-09
8.90255951822998215e-01 6.03711984965224116e-10 6.03711240329999072e-10
8.90255951044845895e-01 2.95192537945382707e-10 2.95191987062204842e-10
8.90255950664883833e-01 1.38555503832855000e-10 1.38555204594195326e-10
8.90255950486955938e-01 6.04325564814855693e-11 6.04325261129025693e-11
8.90255950409519436e-01 2.26364245794443481e-11 2.26366092765437876e-11
8.90255950380287042e-01 5.49685278817577419e-12 5.49707798950052489e-12
8.90255950373082805e-01 -1.31861900294018049e-12 -1.31817284746041482e-12
8.90255950374377880e-01 -3.59037221549548539e-12 -3.58988161461315704e-12
8.90255950380209882e-01 -4.39510624733689575e-12 -4.39463660111497646e-12
8.90255950389479689e-01 -5.35371861933868778e-12 -5.35321636291586142e-12
8.90255950403534335e-01 -8.29695666324811248e-12 -8.29659853246383319e-12
8.90255950431912635e-01 -1.66661819680729015e-11 -1.66659850439683279e-11
8.90255950496083970e-01 -4.01949726131162478e-11 -4.01950219883467535e-11
8.90255950588536238e-01 -1.00504913584569949e-10 -1.00505221228387305e-10
8.90255950793936934e-01 -1.99805538767459364e-10 -1.99805981999186106e-10
8.90255951755999475e-01 -3.30063908047200634e-10 -3.30064406867626971e-10
1.03248328056189487e+00 1.18441353672103955e-01 2.13757250699293772e-01
1.17512859663390890e+00 1.49138421501161328e-01 2.24338203001117453e-01
1.23855987151454916e+00 1.26756774411902862e-01 1.70409899960470373e-01
1.23053089322204579e+00 9.02931640323655360e-02 1.09438871096000201e-01
1.21742150482096578e+00 5.76541419727939000e-02 6.39606008486514194e-02
1.20516422428236125e+00 3.42712483969277587e-02 3.54289848112716577e-02
1.19518345363399203e+00 1.94798800915627658e-02 1.91188938474203957e-02
1.18833750209556910e+00 1.07682179200380788e-02 1.01604028346286446e-02
1.18416382046948199e+00 5.84839391090448933e-03 5.34940693746868527e-03
1.18171732388411121e+00 3.13786803031153088e-03 2.80574989511692780e-03
1.18031435836821297e+00 1.67009263297521779e-03 1.46987073539940724e-03
1.17952925454245316e+00 8.84972226740916011e-04 7.69815433129586424e-04
1.17909729631772375e+00 4.68055067210801585e-04 4.03470263243968844e-04
1.17886182656679406e+00 2.47428414179777067e-04 2.11767562096041337e-04
1.17873438562607902e+00 1.30819024743172635e-04 1.11308217910676373e-04
1.17866583006071024e+00 6.91961222014844793e-05 5.85879531464448207e-05
1.17862913208287878e+00 3.66188083974775130e-05 3.08809954248974331e-05
1.17860953806575997e+00 1.93846405406269272e-05 1.62869468134795369e-05
1.17859910500433229e+00 1.02616179956363279e-05 8.59270241326557287e-06
1.17859356152884498e+00 5.43073174267953949e-06 4.53448451852781451e-06
1.17859062037754936e+00 2.87256734996869173e-06 2.39281729315982001e-06
1.17858906214860171e+00 1.51823942436362108e-06 1.26215367395471364e-06
1.17858823777340227e+00 8.01627361887246281e-07 6.65281270204368338e-07
1.17858780220111647e+00 4.22750612649918474e-07 3.50331061597633385e-07
1.17858757234549594e+00 2.22634352955943027e-07 1.84253230073617238e-07
1.17858745121222941e+00 1.17057476060166107e-07 9.67566119371454234e-08
1.17858738747262803e+00 6.14293672987495080e-08 5.07119045014062951e-08
1.17858735399329806e+00 3.21611072038194903e-08 2.65137262345502395e-08
1.17858733644779790e+00 1.67866134997581366e-08 1.38168757014683455e-08
1.17858732728028381e+00 8.72559631603020792e-09 7.16762615531077002e-09
1.17858732251020526e+00 4.50891555640215502e-09 3.69400966409106561e-09
1.17858732004302857e+00 2.30995133810662250e-09 1.88539201077087970e-09
1.17858731877815437e+00 1.16814535416641932e-09 9.48152644513428762e-10
1.17858731813817941e+00 5.79017650270220889e-10 4.65888693227489268e-10
1.17858731782084858e+00 2.77968622953969684e-10 2.20403461453709326e-10
1.17858731766844227e+00 1.26421284045622868e-10 9.75322306421749666e-11
1.17858731759907376e+00 5.19837837303584083e-11 3.77444834891566997e-11
1.17858731757028257e+00 1.70826171153995626e-11 1.03568708473681554e-11
1.17858731756045865e+00 2.09844322346891245e-12 -7.15985852131721673e-13
1.17858731755925827e+00 -3.91550476255310551e-12 -4.58016890077384284e-12
1.17858731756162083e+00 -7.01709817377409553e-12 -6.17246364931211957e-12
1.17858731756743973e+00 -1.05097509208478638e-11 -7.97514188668477813e-12
1.17858731757719326e+00 -1.78375548962369264e-11 -1.27163215507928140e-11
1.17858731759649316e+00 -3.48585832049553799e-11 -2.56018364684417909e-11
1.17858731763719149e+00 -7.67098496950738936e-11 -6.19357084891269653e-11
1.17858731769899383e+00 -1.77250973380714938e-10 -1.56901329505518876e-10
1.17858731783419923e+00 -3.34500065058713345e-10 -3.03180595842813700e-10
1.17858731837588460e+00 -5.25839606503857899e-10 -4.54899136645101687e-10
1.03041788039916127e+00 3.47554904954294613e-02 2.14371263237702836e-01
1.16853765959855793e+00 4.96191728832131168e-02 2.24022969234314168e-01
1.25859310413713454e+00 4.59855690706834561e-02 1.70449348731845640e-01
1.28673090844152949e+00 3.57589539468801190e-02 1.10477201615085466e-01
1.30126162351621688e+00 2.42371960592954079e-02 6.52645842007111010e-02
1.30845299204700205e+00 1.50563658162426867e-02 3.65580020348106674e-02
1.31064481504874442e+00 8.86665266124708924e-03 2.00007615043426359e-02
1.31086484029202399e+00 5.04935545727250561e-03 1.07970115963854189e-02
1.31070750480383080e+00 2.81285634163747512e-03 5.77398390153206504e-03
1.31045218732911795e+00 1.54099425949658910e-03 3.07478848200162976e-03
1.31022425361991446e+00 8.34276405191463071e-04 1.63481029658065478e-03
1.31006560760431756e+00 4.48409347198762127e-04 8.67975132734448321e-04
1.30996614122108590e+00 2.39987108343996309e-04 4.60354121225824196e-04
1.30990683797731755e+00 1.28104249176765571e-04 2.44031083084976177e-04
1.30987275365199896e+00 6.82671370395129861e-05 1.29289256736761775e-04
1.30985371873985956e+00 3.63368286741712129e-05 6.84577575788509823e-05
1.30984329230478802e+00 1.93229479905564252e-05 3.62317023433278234e-05
1.30983764918652090e+00 1.02680761834817971e-05 1.91646630275630502e-05
1.30983462441249321e+00 5.45221213237359874e-06 1.01302592091490380e-05
1.30983301383781336e+00 2.89235097126780065e-06 5.35142341114153119e-06
1.30983215922784924e+00 1.53273482308850432e-06 2.82513676843515495e-06
1.30983170674220184e+00 8.11285688948330182e-07 1.49031988336829921e-06
1.30983146754346036e+00 4.28870876384386625e-07 7.85475512334288582e-07
1.30983134118856115e+00 2.26403153629210529e-07 4.13559775995243950e-07
1.30983127446005354e+00 1.19341815530222509e-07 2.17476800441109399e-07
1.30983123923098699e+00 6.28043033228024017e-08 1.14193785006527141e-07
1.30983122064067636e+00 3.29890475175433150e-08 5.98509263277924008e-08
1.30983121083733955e+00 1.72889501174900053e-08 3.12945232420930610e-08
1.30983120567329903e+00 9.03478316672240307e-09 1.63109565322623540e-08
1.30983120295770927e+00 4.70311271106533189e-09 8.46345377828918748e-09
1.30983120153330468e+00 2.43492703338088258e-09 4.36313709372805334e-09
1.30983120078893789e+00 1.25066004221203510e-09 2.22768301425335306e-09
1.30983120040205003e+00 6.34807752817119716e-10 1.12074316531309586e-09
1.30983120020254340e+00 3.16421991962301390e-10 5.50967111957842273e-10
1.30983120010082299e+00 1.53275630133816895e-10 2.60838313693533716e-10
1.30983120004981757e+00 7.08104263053214236e-11 1.15560159243358379e-10
1.30983120002494302e+00 3.00237841350330961e-11 4.47541149338367287e-11
1.30983120001312825e+00 1.06469628542744717e-11 1.22402918267148496e-11
1.30983120000756137e+00 2.11642740835298475e-12 -7.58342687477022730e-13
1.30983120000531583e+00 -1.43360709756988162e-12 -5.30220324681919572e-12
1.30983120000477049e+00 -3.33037976365798910e-12 -7.43894578758911732e-12
1.30983120000514064e+00 -5.40640868524353917e-12 -1.00136223418790623e-11
1.30983120000653575e+00 -9.41585126380997180e-12 -1.64454805562165489e-11
1.30983120000974251e+00 -1.82905440935192819e-11 -3.33460742547215150e-11
1.30983120001283071e+00 -3.93180841303925176e-11 -8.00951977292456977e-11
1.30983120001835718e+00 -8.90115925149995470e-11 -2.00971095222155403e-10
1.30983120005109543e+00 -1.66158220300835357e-10 -3.77680125591659515e-10
1.30983120004645803e+00 -2.57783692445054912e-10 -5.17869655512497435e-10
1.03041788039916105e+00 -3.47554904954296626e-02 2.14371263237702975e-01
1.16853765959855704e+00 -4.96191728832132417e-02 2.24022969234313751e-01
1.25859310413713454e+00 -4.59855690706836642e-02 1.70449348731846223e-01
1.28673090844152926e+00 -3.57589539468801190e-02 1.10477201615084564e-01
1.30126162351621710e+00 -2.42371960592954114e-02 6.52645842007118920e-02
1.30845299204700227e+00 -1.50563658162425670e-02 3.65580020348100360e-02
1.31064481504874442e+00 -8.86665266124713955e-03 2.00007615043435102e-02
1.31086484029202444e+00 -5.04935545727238505e-03 1.07970115963849003e-02
1.31070750480382969e+00 -2.81285634163755752e-03 5.77398390153256898e-03
1.31045218732911906e+00 -1.54099425949675781e-03 3.07478848200172517e-03
1.31022425361991290e+00 -8.34276405191488333e-04 1.63481029658073935e-03
1.31006560760431912e+00 -4.48409347198692901e-04 8.67975132735070978e-04
1.30996614122108479e+00 -2.39987108344129530e-04 4.60354121225003347e-04
1.30990683797731866e+00 -1.28104249176628690e-04 2.44031083085974158e-04
1.30987275365199851e+00 -6.82671370394087265e-05 1.29289256735827139e-04
1.30985371873986001e+00 -3.63368286737312233e-05 6.84577575799431669e-05
1.30984329230478846e+00 -1.93229479903744215e-05 3.62317023425225322e-05
1.30983764918652001e+00 -1.02680761826978834e-05 1.91646630282150318e-05
1.30983462441249432e+00 -5.45221213168529215e-06 1.01302592087689048e-05
1.30983301383781403e+00 -2.89235097055383022e-06 5.35142341116478733e-06
1.30983215922784901e+00 -1.53273482258531211e-06 2.82513676819095408e-06
1.30983170674220228e+00 -8.11285688510518863e-07 1.49031988318391835e-06
1.30983146754346014e+00 -4.28870876193988283e-07 7.85475512210076389e-07
1.30983134118856182e+00 -2.26403153932669505e-07 4.13559775932489132e-07
1.30983127446005376e+00 -1.19341816268124632e-07 2.17476800265015696e-07
1.30983123923098832e+00 -6.28043045162640026e-08 1.14193785311272443e-07
1.30983122064067592e+00 -3.29890490877428766e-08 5.98509260502767728e-08
1.30983121083733955e+00 -1.72889517086287044e-08 3.12945236532769003e-08
1.30983120567329925e+00 -9.03478472180051746e-09 1.63109560695711790e-08
1.30983120295770861e+00 -4.70311389145016266e-09 8.46345425332819209e-09
1.30983120153330423e+00 -2.43492756587042789e-09 4.36313684807397665e-09
1.30983120078893700e+00 -1.25065981129993675e-09 2.22768340578521658e-09
1.30983120040205026e+00 -6.34806909615662616e-10 1.12074299111525586e-09
1.30983120020254296e+00 -3.16420813967133887e-10 5.50967136712216892e-10
1.30983120010082321e+00 -1.53274470167903046e-10 2.60838354079312579e-10
1.30983120004981690e+00 -7.08090473553664570e-11 1.15560034128892685e-10
1.30983120002494391e+00 -3.00230552547732728e-11 4.47541813904782374e-11
1.30983120001312758e+00 -1.06469695089414479e-11 1.22402074997689288e-11
1.30983120000756181e+00 -2.11709647624686564e-12 -7.58291502509118447e-13
1.30983120000531517e+00 1.43251596845901371e-12 -5.30227348687260751e-12
1.30983120000477071e+00 3.32922485782244894e-12 -7.43877615546858810e-12
1.30983120000514019e+00 5.40516462479236576e-12 -1.00138713250974029e-11
1.30983120000653619e+00 9.41497825118582898e-12 -1.64451966975302018e-11
1.30983120000974163e+00 1.82902367150962141e-11 -3.33461931388844450e-11
1.30983120001283049e+00 3.93184388761160969e-11 -8.00948617496916895e-11
1.30983120001835696e+00 8.90127213188280544e-11 -2.00971163184162623e-10
1.30983120005109455e+00 1.66160215949584757e-10 -3.77679920777735052e-10
1.30983120004645714e+00 2.57786512556068288e-10 -5.17869685352290055e-10
1.03248328056189420e+00 -1.18441353672103761e-01 2.13757250699293966e-01
1.17512859663390956e+00 -1.49138421501161744e-01 2.24338203001117925e-01
1.23855987151454827e+00 -1.26756774411902695e-01 1.70409899960469735e-01
1.23053089322204645e+00 -9.02931640323658691e-02 1.09438871096000770e-01
1.21742150482096489e+00 -5.76541419727935600e-02 6.39606008486506977e-02
1.20516422428236103e+00 -3.42712483969280293e-02 3.54289848112726916e-02
1.19518345363399203e+00 -1.94798800915625472e-02 1.91188938474194312e-02
1.18833750209556865e+00 -1.07682179200383563e-02 1.01604028346293541e-02
1.18416382046948310e+00 -5.84839391090463765e-03 5.34940693746842073e-03
1.18171732388411010e+00 -3.13786803031126807e-03 2.80574989511730077e-03
1.18031435836821408e+00 -1.67009263297524771e-03 1.46987073539991357e-03
1.17952925454245161e+00 -8.84972226740853777e-04 7.69815433129154045e-04
1.17909729631772464e+00 -4.68055067210792748e-04 4.03470263245038192e-04
1.17886182656679361e+00 -2.47428414179731856e-04 2.11767562095100114e-04
1.17873438562607857e+00 -1.30819024743437424e-04 1.11308217911850984e-04
1.17866583006071091e+00 -6.91961222014702762e-05 5.85879531452067500e-05
1.17862913208287856e+00 -3.66188083971673430e-05 3.08809954257356094e-05
1.17860953806576019e+00 -1.93846405400211631e-05 1.62869468126578065e-05
1.17859910500433251e+00 -1.02616179949699586e-05 8.59270241387097950e-06
1.17859356152884609e+00 -5.43073174198599145e-06 4.53448451834260568e-06
1.17859062037755047e+00 -2.87256734935705008e-06 2.39281729310989081e-06
1.17858906214860260e+00 -1.51823942381238813e-06 1.26215367359601594e-06
1.17858823777340427e+00 -8.01627361527797580e-07 6.65281269834885684e-07
1.17858780220111803e+00 -4.22750612794336321e-07 3.50331061409622299e-07
1.17858757234549794e+00 -2.22634353678949202e-07 1.84253230044481184e-07
1.17858745121222963e+00 -1.17057476969224789e-07 9.67566114438439301e-08
1.17858738747262914e+00 -6.14293683837504591e-08 5.07119050647242067e-08
1.17858735399329828e+00 -3.21611085099751587e-08 2.65137256166335171e-08
1.17858733644779745e+00 -1.67866145892324870e-08 1.38168763726054383e-08
1.17858732728028293e+00 -8.72559702572143304e-09 7.16762577036975673e-09
1.17858732251020304e+00 -4.50891598009284281e-09 3.69401022926806317e-09
1.17858732004302769e+00 -2.30995106760218526e-09 1.88539162668395231e-09
1.17858731877815148e+00 -1.16814484366730764e-09 9.48152935535683016e-10
1.17858731813817852e+00 -5.79016850757323515e-10 4.65888442201732910e-10
1.17858731782084658e+00 -2.77967504569063896e-10 2.20403405291651092e-10
1.17858731766844294e+00 -1.26420567558799652e-10 9.75320306351802507e-11
1.17858731759907354e+00 -5.19834043651217341e-11 3.77442671294987743e-11
1.17858731757028368e+00 -1.70826119384871980e-11 1.03567314598415418e-11
1.17858731756045865e+00 -2.09877638837913103e-12 -7.16108390082818091e-13
1.17858731755925850e+00 3.91478120809299122e-12 -4.58021093527123420e-12
1.17858731756162038e+00 7.01619147831126363e-12 -6.17277998167747311e-12
1.17858731756743929e+00 1.05089226365026721e-11 -7.97502023773901099e-12
1.17858731757719171e+00 1.78369573247256964e-11 -1.27164385111132731e-11
1.17858731759649138e+00 3.48583485002766947e-11 -2.56012946504565360e-11
1.17858731763719016e+00 7.67102144355096555e-11 -6.19357591504006116e-11
1.17858731769899228e+00 1.77251954135805284e-10 -1.56900883257556793e-10
1.17858731783419879e+00 3.34501655580012131e-10 -3.03180485452913512e-10
1.17858731837588482e+00 5.25841801445430675e-10 -4.54898986364365018e-10
9.99652093407930153e-01 -2.01485953123078626e-01 2.01485953123078210e-01
1.12435078673619659e+00 -2.08863135909245518e-01 2.08863135909245434e-01
1.10110482253369435e+00 -1.54065959307699785e-01 1.54065959307699479e-01
1.02956847292115117e+00 -9.47286628311498069e-02 9.47286628311497791e-02
9.74502458901893132e-01 -5.33303746736537368e-02 5.33303746736537992e-02
9.40057571665729230e-01 -2.86282403266656556e-02 2.86282403266656174e-02
9.18409084189305114e-01 -1.49879138313891800e-02 1.49879138313892581e-02
9.05687382174296118e-01 -7.72888214895426934e-03 7.72888214895430144e-03
8.98616932480549857e-01 -3.95749425641926406e-03 3.95749425641938289e-03
8.94750756931046332e-01 -2.02333651370857235e-03 2.02333651370853115e-03
8.92655019864466936e-01 -1.03514910103672583e-03 1.03514910103677115e-03
8.91531523684606086e-01 -5.30800855731964022e-04 5.30800855732055962e-04
8.90933196494917978e-01 -2.73288862978479858e-04 2.73288862978571907e-04
8.90615196398445552e-01 -1.41394242475278200e-04 1.41394242475203824e-04
8.90446379010703004e-01 -7.35000525623556700e-05 7.35000525624149352e-05
8.90356849392509142e-01 -3.83728064732233309e-05 3.83728064731708081e-05
8.90309392498444097e-01 -2.01101368498969767e-05 2.01101368500770897e-05
8.90284239928983090e-01 -1.05677500594939770e-05 1.05677500594969602e-05
8.90270915190649270e-01 -5.56327879944378642e-06 5.56327879964685918e-06
8.90263860208641900e-01 -2.93212418228443970e-06 2.93212418238910841e-06
8.90260126944117824e-01 -1.54616108985501189e-06 1.54616109017155594e-06
8.90258153005108688e-01 -8.15222023090008788e-07 8.15222023232570256e-07
8.90257110359729098e-01 -4.29567534720823982e-07 4.29567534943734202e-07
8.90256560251482143e-01 -2.26126646381671150e-07 2.26126646387917754e-07
8.90256270377377756e-01 -1.18872833454793468e-07 1.18872833665544185e-07
8.90256117854983042e-01 -6.23834656510629309e-08 6.23834655593546870e-08
8.90256037740487671e-01 -3.26689886601635716e-08 3.26689885237985661e-08
8.90255995746565110e-01 -1.70624362958588155e-08 1.70624359374026746e-08
8.90255973792546285e-01 -8.88018389600602277e-09 8.88018367088149520e-09
8.90255962355808839e-01 -4.59946266860575840e-09 4.59946224829585041e-09
8.90255956427446482e-01 -2.36585446583902459e-09 2.36585414813984754e-09
8.90255953376447473e-01 -1.20451725961380890e-09 1.20451687450092630e-09
8.90255951822997438e-01 -6.03711535468482829e-10 6.03711283569198204e-10
8.90255951044843674e-01 -2.95192376964572177e-10 2.95192208660104526e-10
8.90255950664883389e-01 -1.38555063562841410e-10 1.38554939146686074e-10
8.90255950486954495e-01 -6.04322195389451076e-11 6.04322193605886825e-11
8.90255950409519548e-01 -2.26361825478290972e-11 2.26362576894854134e-11
8.90255950380286265e-01 -5.49673809164646736e-12 5.49683606177813384e-12
8.90255950373083471e-01 1.31845510402610010e-12 -1.31830070232556068e-12
8.90255950374377769e-01 3.59021090204010004e-12 -3.59003527956798661e-12
8.90255950380209771e-01 4.39461015026026147e-12 -4.39451240424338827e-12
8.90255950389479134e-01 5.35365471265322774e-12 -5.35355265933523511e-12
8.90255950403533447e-01 8.29646003647818031e-12 -8.29621948054157137e-12
8.90255950431911192e-01 1.66663415659697512e-11 -1.66659867751229235e-11
8.90255950496082304e-01 4.01948337198131026e-11 -4.01944321628244855e-11
8.90255950588534906e-01 1.00505600156513225e-10 -1.00505212294252235e-10
8.90255950793935935e-01 1.99806048585090437e-10 -1.99805595027460512e-10
8.90255951755999697e-01 3.30065085071306746e-10 -3.30064496228900320e-10
7.39036762752349641e-01 -9.19059228817594026e-02 1.43073271762723359e-01
7.45950166504675938e-01 -9.18423707046000792e-02 1.32854567251784489e-01
6.21304617933824077e-01 -6.24555236347706932e-02 8.49041650224166000e-02
5.05359324658324893e-01 -3.53021233265388631e-02 4.69288785708633846e-02
4.47243594648726261e-01 -1.84312244226026607e-02 2.46939783987502152e-02
4.16964168266626745e-01 -9.33484325534744003e-03 1.26917811001142234e-02
4.00377062904977710e-01 -4.66665563551164810e-03 6.42075639422744204e-03
3.91707667559690775e-01 -2.30967090738836171e-03 3.21372499296566179e-03
3.87292631381591979e-01 -1.14065713656896989e-03 1.60447467248615817e-03
3.85032986928148913e-01 -5.65649061519646681e-04 8.02786755117686907e-04
3.83872149205509217e-01 -2.81924332677637845e-04 4.03147298323513700e-04
3.83276263960009744e-01 -1.41339195130510555e-04 2.03584572477846765e-04
3.82969538281992872e-01 -7.14079012861945780e-05 1.03572272430770031e-04
3.82810765517569873e-01 -3.63829065402611443e-05 5.31068801212232998e-05
3.82728165867860681e-01 -1.86834714323956784e-05 2.74277201462173207e-05
3.82685019161705775e-01 -9.66270286259583796e-06 1.42552343816730748e-05
3.82662397564135726e-01 -5.02854020630341203e-06 7.44810458774786287e-06
3.82650501213567917e-01 -2.62897612022606879e-06 3.90598767421872458e-06
3.82644233977956105e-01 -1.37890795067337942e-06 2.05321301893540060e-06
3.82640929010614861e-01 -7.24865571270796413e-07 1.08078001842729427e-06
3.82639185320454378e-01 -3.81529662657782329e-07 5.69222187589686024e-07
3.82638265471896499e-01 -2.00886861559799326e-07 2.99742484594792326e-07
3.82637780545463047e-01 -1.05735636480759481e-07 1.57721788110518066e-07
3.82637525161856007e-01 -5.56031501336763904e-08 8.28943203055277061e-08
3.82637390843666325e-01 -2.91995262543356693e-08 4.34993781639345971e-08
3.82637320315805662e-01 -1.53056709593307843e-08 2.27825503269944075e-08
3.82637283357112279e-01 -8.00416999352587373e-09 1.19039465042658876e-08
3.82637264037312408e-01 -4.17338456049094530e-09 6.20128142130453127e-09
3.82637253969953017e-01 -2.16746142872850867e-09 3.21781734500287158e-09
3.82637248746287240e-01 -1.11955994703799071e-09 1.66063528433912565e-09
3.82637246052163982e-01 -5.73751135941401329e-10 8.50287940524017669e-10
3.82637244674895516e-01 -2.90583697831260786e-10 4.30260345238098467e-10
3.82637243980180786e-01 -1.44499653344802631e-10 2.13777705373229783e-10
3.82637243636995250e-01 -6.97625891292757558e-11 1.03143734077562105e-10
3.82637243473109900e-01 -3.20132516187807069e-11 4.73394606473785018e-11
3.82637243399326255e-01 -1.33339499569388285e-11 1.97739602853730638e-11
3.82637243369698510e-01 -4.44014879282007302e-12 6.66285450240774687e-12
3.82637243360769042e-01 -5.69166418151464488e-13 9.16745406951977941e-13
3.82637243360530510e-01 8.29916927150798743e-13 -1.23781568366670409e-12
3.82637243363325830e-01 1.12759755924245043e-12 -1.88058899473321663e-12
3.82637243367235425e-01 1.02317673710214574e-12 -2.11192163274195522e-12
3.82637243371795110e-01 8.54235653176951242e-13 -2.58382646641205769e-12
3.82637243377434044e-01 1.02899620343728036e-12 -4.15217569836370319e-12
3.82637243389186810e-01 2.38628800028453920e-12 -8.49165702205600168e-12
3.82637243419026718e-01 7.66416361394040255e-12 -1.99488983907146523e-11
3.82637243455627718e-01 2.25246741038022814e-11 -4.70008036340652600e-11
3.82637243561201768e-01 4.83042330375358646e-11 -8.81974939375430339e-11
3.82637244166256496e-01 9.10651735512229633e-11 -1.38927488417170993e-10
7.50151347375840660e-01 9.74055355483333662e-02 8.00237060176965664e-02
7.56106252020265490e-01 9.88348717576939262e-02 8.98991178222046106e-02
6.68105432440503688e-01 6.88027657116891400e-02 6.71536045327736919e-02
5.81301790742981606e-01 4.01427887465290317e-02 4.26534900782037860e-02
5.37891328075336683e-01 2.16600676423924048e-02 2.51047066325442540e-02
5.15048426473511789e-01 1.12433693190412774e-02 1.40680233508326553e-02
5.02224813201109566e-01 5.74900027584681825e-03 7.64235525344464633e-03
4.95369834285786848e-01 2.91605138026096878e-03 4.07473520063244589e-03
4.91806343801914347e-01 1.47683407382793530e-03 2.15019051357209735e-03
4.89939453620792664e-01 7.50622355485680223e-04 1.12724537453879128e-03
4.88957727256501551e-01 3.83184586694562408e-04 5.88931895195530988e-04
4.88443153413599562e-01 1.96485285067853803e-04 3.07647547200039922e-04
4.88173349746410745e-01 1.01282621786565199e-04 1.61019479287027802e-04
4.88031474151390310e-01 5.24858190278874046e-05 8.44953269911121759e-05
4.87956740757303054e-01 2.73200492138444824e-05 4.44525118821857278e-05
4.87917339996327359e-01 1.42754447038113777e-05 2.34377989048872650e-05
4.87896546597940073e-01 7.48442933571563027e-06 1.23783954637520103e-05
4.87885561488585751e-01 3.93214147965142702e-06 6.54402041634070025e-06
4.87879757468723863e-01 2.06864635486038578e-06 3.46077233872869503e-06
4.87876691303086307e-01 1.08938614459386521e-06 1.82989416087332171e-06
4.87875071646922676e-01 5.73968137743470426e-07 9.66995996432777400e-07
4.87874216472182820e-01 3.02377513060375572e-07 5.10530613967600153e-07
4.87873765316075014e-01 1.59210517409832792e-07 2.69218437216465748e-07
4.87873527548386532e-01 8.37521379389287446e-08 1.41770247613037317e-07
4.87873402394142119e-01 4.40009687239650301e-08 7.45377774349896678e-08
4.87873336615593622e-01 2.30781372807374970e-08 3.91179242587608980e-08
4.87873302106974882e-01 1.20785055274793731e-08 2.04851867723918324e-08
4.87873284044009370e-01 6.30416376939167847e-09 1.06991056912585862e-08
4.87873274616854036e-01 3.27816752173702529e-09 5.56856533391468686e-09
4.87873269716295077e-01 1.69580996279180176e-09 2.88440962958902046e-09
4.87873267183141668e-01 8.70640446042266309e-10 1.48380858596072010e-09
4.87873265884524621e-01 4.41944001519454591e-10 7.55535518173938059e-10
4.87873265227067310e-01 2.20428044174192518e-10 3.78748648731369994e-10
4.87873264900612391e-01 1.06888894496746696e-10 1.85263502048350859e-10
4.87873264743495738e-01 4.94122167898512959e-11 8.70455559045539098e-11
4.87873264671834284e-01 2.08850248674293649e-11 3.80886861742784363e-11
4.87873264642354643e-01 7.22856673142168208e-12 1.44301085581952679e-11
4.87873264632857240e-01 1.21554972421078432e-12 3.66664177944716090e-12
4.87873264631918657e-01 -9.88460093620170473e-13 -7.43628140394119341e-13
4.87873264633877646e-01 -1.54463118666412746e-12 -2.47287572815148363e-12
4.87873264636791981e-01 -1.56441242814274993e-12 -3.54164719609031262e-12
4.87873264640111937e-01 -1.60932186217385791e-12 -5.23296456665130946e-12
4.87873264643940319e-01 -2.35137322607960131e-12 -9.19646992471308126e-12
4.87873264651816962e-01 -5.27731147406024275e-12 -1.82623482652532560e-11
4.87873264672159690e-01 -1.52881989385707021e-11 -3.96533000534220045e-11
4.87873264700235565e-01 -4.38424536033051053e-11 -8.84511764568453214e-11
4.87873264797627937e-01 -8.64239837461817452e-11 -1.57384289436176981e-10
4.87873265293817637e-01 -1.21091531649191175e-10 -2.19187691569140987e-10
1.03248328056189487e+00 2.13757250699293799e-01 1.18441353672103969e-01
1.17512859663390867e+00 2.24338203001117342e-01 1.49138421501161605e-01
1.23855987151454872e+00 1.70409899960470512e-01 1.26756774411903306e-01
1.23053089322204601e+00 1.09438871096000298e-01 9.02931640323656609e-02
1.21742150482096534e+00 6.39606008486514332e-02 5.76541419727939625e-02
1.20516422428236059e+00 3.54289848112714981e-02 3.42712483969277934e-02
1.19518345363399181e+00 1.91188938474203471e-02 1.94798800915626860e-02
1.18833750209556954e+00 1.01604028346286655e-02 1.07682179200380736e-02
1.18416382046948199e+00 5.34940693746870782e-03 5.84839391090453964e-03
1.18171732388411144e+00 2.80574989511716069e-03 3.13786803031139601e-03
1.18031435836821341e+00 1.46987073539962950e-03 1.67009263297488385e-03
1.17952925454245339e+00 7.69815433129788086e-04 8.84972226741025298e-04
1.17909729631772375e+00 4.03470263244047882e-04 4.68055067210478763e-04
1.17886182656679406e+00 2.11767562096075760e-04 2.47428414179863424e-04
1.17873438562607902e+00 1.11308217910741249e-04 1.30819024742876783e-04
1.17866583006070980e+00 5.85879531464441973e-05 6.91961222016527068e-05
1.17862913208287856e+00 3.08809954249370403e-05 3.66188083972799578e-05
1.17860953806575997e+00 1.62869468136970075e-05 1.93846405404681492e-05
1.17859910500433207e+00 8.59270241363994957e-06 1.02616179950728934e-05
1.17859356152884542e+00 4.53448451851624743e-06 5.43073174271910101e-06
1.17859062037754891e+00 2.39281729313896098e-06 2.87256734977033821e-06
1.17858906214860149e+00 1.26215367378888725e-06 1.51823942475145353e-06
1.17858823777340205e+00 6.65281269960993326e-07 8.01627362366741574e-07
1.17858780220111647e+00 3.50331061153509024e-07 4.22750613810629904e-07
1.17858757234549660e+00 1.84253229394677132e-07 2.22634353958578865e-07
1.17858745121222985e+00 9.67566111229675342e-08 1.17057477248357032e-07
1.17858738747262937e+00 5.07119038115145429e-08 6.14293679821022453e-08
1.17858735399329917e+00 2.65137255645545831e-08 3.21611080184337735e-08
1.17858733644779945e+00 1.38168752585130216e-08 1.67866135054251907e-08
1.17858732728028492e+00 7.16762608038184343e-09 8.72559587853999022e-09
1.17858732251020637e+00 3.69400992647427090e-09 4.50891445874861212e-09
1.17858732004302991e+00 1.88539268238244331e-09 2.30995002334803747e-09
1.17858731877815481e+00 9.48153542115457475e-10 1.16814375233083534e-09
1.17858731813818007e+00 4.65889684275615473e-10 5.79016168273239204e-10
1.17858731782084813e+00 2.20404457812676896e-10 2.77967182876568426e-10
1.17858731766844205e+00 9.75326799780278154e-11 1.26420610286552933e-10
1.17858731759907376e+00 3.77448874343927490e-11 5.19836663564054115e-11
1.17858731757028146e+00 1.03568810932133801e-11 1.70830384440037599e-11
1.17858731756045776e+00 -7.16241733530837221e-13 2.09915146934948242e-12
1.17858731755925783e+00 -4.58074162359606150e-12 -3.91443906743388345e-12
1.17858731756161972e+00 -6.17306021107622029e-12 -7.01595893707139778e-12
1.17858731756743906e+00 -7.97581055516584595e-12 -1.05085971195176374e-11
1.17858731757719304e+00 -1.27169411686641196e-11 -1.78367335704246497e-11
1.17858731759649338e+00 -2.56023005117186168e-11 -3.48580301528539265e-11
1.17858731763719238e+00 -6.19359219298650551e-11 -7.67097670009135827e-11
1.17858731769899472e+00 -1.56901253200233428e-10 -1.77251259480024456e-10
1.17858731783419990e+00 -3.03180263553594331e-10 -3.34500732606184181e-10
1.17858731837588482e+00 -4.54898480355054717e-10 -5.25840646268861553e-10
1.07394321415323390e+00 1.27739108052721928e-01 1.27739108052722011e-01
1.24615491230609865e+00 1.63336217392261729e-01 1.63336217392262145e-01
1.41236960444886916e+00 1.43345049323059109e-01 1.43345049323059220e-01
1.50087912171598359e+00 1.07553336022444421e-01 1.07553336022444546e-01
1.54668012446483227e+00 7.19111689642487339e-02 7.19111689642487756e-02
1.56987262271430428e+00 4.45335654049682159e-02 4.45335654049682020e-02
1.58031816344263110e+00 2.63318145029544370e-02 2.63318145029543919e-02
1.58471219506123884e+00 1.50961962346888075e-02 1.50961962346887989e-02
1.58657972061199692e+00 8.45909994987404691e-03 8.45909994987426549e-03
1.58735288625416326e+00 4.66417316906573513e-03 4.66417316906580972e-03
1.58765213795219107e+00 2.54304021336446053e-03 2.54304021336441109e-03
1.58776274962554420e+00 1.37513312073269333e-03 1.37513312073237804e-03
1.58780179281976452e+00 7.39136236149654890e-04 7.39136236149609571e-04
1.58781391985478204e+00 3.95626024231818480e-04 3.95626024231565698e-04
1.58781660789767343e+00 2.11127655810442193e-04 2.11127655810325641e-04
1.58781642974238602e+00 1.12419974200674675e-04 1.12419974200213781e-04
1.58781585475376219e+00 5.97632584327565080e-05 5.97632584328058595e-05
1.58781525068800256e+00 3.17298479979271887e-05 3.17298479976694874e-05
1.58781481893489373e+00 1.68275799828800038e-05 1.68275799826163122e-05
1.58781454841890279e+00 8.91544373272817563e-06 8.91544373216534088e-06
1.58781438702610322e+00 4.71898661937096814e-06 4.71898661916450979e-06
1.58781429382956407e+00 2.49531228349627008e-06 2.49531228350874815e-06
1.58781424126854320e+00 1.31808198344130957e-06 1.31808198444855625e-06
1.58781421200814843e+00 6.95444587047128915e-07 6.95444588137767903e-07
1.58781419582502048e+00 3.66462467647567716e-07 3.66462469351520655e-07
1.58781418690843901e+00 1.92824790588187713e-07 1.92824792184297264e-07
1.58781418200329960e+00 1.01285039363005875e-07 1.01285041403617711e-07
1.58781417930265056e+00 5.30881658315117385e-08 5.30881672652768578e-08
1.58781417781127265e+00 2.77484776008879434e-08 2.77484789802861703e-08
1.58781417698340643e+00 1.44486516642703676e-08 1.44486518040533313e-08
1.58781417652014656e+00 7.48287706439340216e-09 7.48287634416469013e-09
1.58781417625789811e+00 3.84483947718042035e-09 3.84483786658221043e-09
1.58781417610709852e+00 1.95232340337850546e-09 1.95232131422443866e-09
1.58781417601864328e+00 9.73563494158220946e-10 9.73560936541041436e-10
1.58781417596548646e+00 4.71831323653289911e-10 4.71828988975954291e-10
1.58781417593268248e+00 2.18115362339094747e-10 2.18113378009488494e-10
1.58781417591206475e+00 9.25806899780621000e-11 9.25796155126088364e-11
1.58781417589887641e+00 3.30326570277969039e-11 3.30321690497211606e-11
1.58781417589051466e+00 7.02178237242467752e-12 7.02223184605168469e-12
1.58781417588553175e+00 -3.68838780431344936e-12 -3.68730385818447885e-12
1.58781417588242846e+00 -9.08783138903179961e-12 -9.08633327989567491e-12
1.58781417588085350e+00 -1.43644752216012589e-11 -1.43628065650853404e-11
1.58781417588069207e+00 -2.44772580723774598e-11 -2.44755985163405406e-11
1.58781417588016538e+00 -4.77646201690836300e-11 -4.77633298287350796e-11
1.58781417587250862e+00 -1.05553246564132925e-10 -1.05552462744338319e-10
1.58781417585812168e+00 -2.46941115098005477e-10 -2.46941053051167463e-10
1.58781417583380224e+00 -4.68380731635831588e-10 -4.68381281165971979e-10
1.58781417551276105e+00 -7.19745863037798967e-10 -7.19747006260179593e-10
1.07324300491449254e+00 3.77496791246496322e-02 1.28595642335341376e-01
1.24424515274183056e+00 5.50622149763526914e-02 1.63902439832953328e-01
1.44235996794672294e+00 5.26638382211936859e-02 1.44351406958107470e-01
1.57696444808238789e+00 4.32744143566151998e-02 1.09888617677277353e-01
1.66152940947482075e+00 3.08961956533432801e-02 7.48473475323227083e-02
1.71316226016724138e+00 2.00754871834061890e-02 4.72449181436718560e-02
1.74260468166571192e+00 1.23297118074115527e-02 2.85228245815205179e-02
1.75873877722385963e+00 7.29501758522650093e-03 1.67022909221488103e-02
1.76754623781556086e+00 4.19770455884683168e-03 9.54158976558848980e-03
1.77231410709880044e+00 2.36607930803257524e-03 5.35437775563664311e-03
1.77486321112426682e+00 1.31356921849723452e-03 2.96638128832833661e-03
1.77621962738355421e+00 7.20878124758262740e-04 1.62629779497583415e-03
1.77694076074831697e+00 3.92155209259635487e-04 8.84053140143980067e-04
1.77732333173977608e+00 2.11945338699724223e-04 4.77454905681387891e-04
1.77752592463849157e+00 1.13989650337144606e-04 2.56565587885538259e-04
1.77763316779634239e+00 6.10701202566390480e-05 1.37316363936392752e-04
1.77768995268862184e+00 3.26181425777039412e-05 7.32628919869738303e-05
1.77771999734203212e+00 1.73839568962252915e-05 3.89923102812163920e-05
1.77773589036677948e+00 9.24809380551272672e-06 2.07115347838842146e-05
1.77774429524901589e+00 4.91174494203989324e-06 1.09833959623462630e-05
1.77774873704124659e+00 2.60479587247363360e-06 5.81647465057240313e-06
1.77775108267993787e+00 1.37949502030036447e-06 3.07639834355167628e-06
1.77775232043232312e+00 7.29619750096456761e-07 1.62521609613136239e-06
1.77775297293158974e+00 3.85390830717097966e-07 8.57562066726843301e-07
1.77775331648524215e+00 2.03287643764706813e-07 4.51935704376537316e-07
1.77775349711652320e+00 1.07071476645195676e-07 2.37837785455661695e-07
1.77775359192706972e+00 5.62988229652605582e-08 1.24960085917806990e-07
1.77775364158583549e+00 2.95418323241634200e-08 6.55203789850281025e-08
1.77775366752334962e+00 1.54612256113844349e-08 3.42627963782391761e-08
1.77775368101981024e+00 8.06359040313009320e-09 1.78517054863715480e-08
1.77775368800508415e+00 4.18481192864694165e-09 9.25280693364750357e-09
1.77775369159209040e+00 2.15638124052127898e-09 4.75942891927692391e-09
1.77775369341242073e+00 1.09945330552069417e-09 2.42037397302172437e-09
1.77775369431955022e+00 5.51643451960639874e-10 1.20961204236981074e-09
1.77775369475870493e+00 2.69966171228854657e-10 5.88223678291314635e-10
1.77775369496123004e+00 1.26876936301010321e-10 2.73504763108650925e-10
1.77775369504694103e+00 5.55287006474730269e-11 1.17372696641749476e-10
1.77775369507656378e+00 2.11945688432752470e-11 4.28151812882645052e-11
1.77775369508137593e+00 5.85425320578830281e-12 1.00368013136080696e-11
1.77775369507877845e+00 -6.97500587548593067e-13 -3.39174301753463032e-12
1.77775369507126091e+00 -4.07550891490846201e-12 -1.02444675931817947e-11
1.77775369506119807e+00 -7.15914427494131518e-12 -1.69306886858911746e-11
1.77775369504732539e+00 -1.25311977035121290e-11 -2.92393724883018020e-11
1.77775369502122915e+00 -2.42830192801861329e-11 -5.73138880986864040e-11
1.77775369495512314e+00 -5.23344319091570811e-11 -1.26593998124932830e-10
1.77775369484515378e+00 -1.19560864339731743e-10 -2.95073756995487949e-10
1.77775369464614741e+00 -2.25692422492799713e-10 -5.53736728902161450e-10
1.77775369344733392e+00 -3.49752361832358111e-10 -8.15073660677617597e-10
1.07324300491449276e+00 -3.77496791246495211e-02 1.28595642335341515e-01
1.24424515274183167e+00 -5.50622149763528232e-02 1.63902439832953550e-01
1.44235996794672294e+00 -5.26638382211935957e-02 1.44351406958107165e-01
1.57696444808238811e+00 -4.32744143566153941e-02 1.09888617677277492e-01
1.66152940947482031e+00 -3.08961956533431691e-02 7.48473475323225557e-02
1.71316226016724071e+00 -2.00754871834059254e-02 4.72449181436718282e-02
1.74260468166571258e+00 -1.23297118074117296e-02 2.85228245815205769e-02
1.75873877722385785e+00 -7.29501758522627802e-03 1.67022909221486646e-02
1.76754623781556197e+00 -4.19770455884697566e-03 9.54158976558854011e-03
1.77231410709879911e+00 -2.36607930803275782e-03 5.35437775563666393e-03
1.77486321112426881e+00 -1.31356921849709054e-03 2.96638128832819913e-03
1.77621962738355421e+00 -7.20878124758239755e-04 1.62629779497607658e-03
1.77694076074831808e+00 -3.92155209259539210e-04 8.84053140143879995e-04
1.77732333173977564e+00 -2.11945338699836194e-04 4.77454905681786715e-04
1.77752592463849224e+00 -1.13989650336806308e-04 2.56565587885308299e-04
1.77763316779634239e+00 -6.10701202564622011e-05 1.37316363936508708e-04
1.77768995268862207e+00 -3.26181425769509628e-05 7.32628919866744549e-05
1.77771999734203279e+00 -1.73839568955551360e-05 3.89923102813539638e-05
1.77773589036677993e+00 -9.24809380428872684e-06 2.07115347837848136e-05
1.77774429524901678e+00 -4.91174494074402092e-06 1.09833959624684254e-05
1.77774873704124747e+00 -2.60479587147643738e-06 5.81647465051723672e-06
1.77775108267993853e+00 -1.37949501940041844e-06 3.07639834343000635e-06
1.77775232043232401e+00 -7.29619749662896383e-07 1.62521609602194076e-06
1.77775297293158996e+00 -3.85390830779724247e-07 8.57562066831391307e-07
1.77775331648524304e+00 -2.03287644446355969e-07 4.51935704228821652e-07
1.77775349711652320e+00 -1.07071478214207770e-07 2.37837785460156104e-07
1.77775359192707016e+00 -5.62988251519952057e-08 1.24960085751340663e-07
1.77775364158583593e+00 -2.95418350723905768e-08 6.55203791764125764e-08
1.77775366752334918e+00 -1.54612281752660012e-08 3.42627963421210030e-08
1.77775368101981002e+00 -8.06359287382967256e-09 1.78517056682391270e-08
1.77775368800508327e+00 -4.18481346457523094e-09 9.25280689095880658e-09
1.77775369159208907e+00 -2.15638180643702823e-09 4.75942917333169387e-09
1.77775369341241962e+00 -1.09945274664292162e-09 2.42037404202025815e-09
1.77775369431955044e+00 -5.51642227100880202e-10 1.20961223823635661e-09
1.77775369475870360e+00 -2.69964329121312941e-10 5.88223698592755780e-10
1.77775369496123092e+00 -1.26874842803944942e-10 2.73504654227948899e-10
1.77775369504693947e+00 -5.55269497117654305e-11 1.17372551111443055e-10
1.77775369507656467e+00 -2.11937232499420317e-11 4.28151249554215993e-11
1.77775369508137548e+00 -5.85446733314094262e-12 1.00367580280299693e-11
1.77775369507877801e+00 6.96387852284968297e-13 -3.39191218394592629e-12
1.77775369507126002e+00 4.07377715765643586e-12 -1.02445841767192213e-11
1.77775369506119785e+00 7.15722553142943623e-12 -1.69307976599230460e-11
1.77775369504732539e+00 1.25295476164894964e-11 -2.92392652606127997e-11
1.77775369502122893e+00 2.42820296992176401e-11 -5.73138720307086210e-11
1.77775369495512225e+00 5.23342372423861872e-11 -1.26593748295820019e-10
1.77775369484515378e+00 1.19561865065774051e-10 -2.95073646878106756e-10
1.77775369464614719e+00 2.25694697166555002e-10 -5.53736553339024484e-10
1.77775369344733436e+00 3.49756254314340742e-10 -8.15073617994596925e-10
1.07394321415323413e+00 -1.27739108052721984e-01 1.27739108052721817e-01
1.24615491230609887e+00 -1.63336217392261673e-01 1.63336217392261590e-01
1.41236960444886961e+00 -1.43345049323059887e-01 1.43345049323059887e-01
1.50087912171598248e+00 -1.07553336022444462e-01 1.07553336022444296e-01
1.54668012446483139e+00 -7.19111689642487756e-02 7.19111689642487895e-02
1.56987262271430472e+00 -4.45335654049679244e-02 4.45335654049678828e-02
1.58031816344263132e+00 -2.63318145029543885e-02 2.63318145029545897e-02
1.58471219506123973e+00 -1.50961962346889186e-02 1.50961962346887121e-02
1.58657972061199581e+00 -8.45909994987418222e-03 8.45909994987424640e-03
1.58735288625416482e+00 -4.66417316906573599e-03 4.66417316906565706e-03
1.58765213795218929e+00 -2.54304021336452211e-03 2.54304021336452949e-03
1.58776274962554598e+00 -1.37513312073260681e-03 1.37513312073235441e-03
1.58780179281976297e+00 -7.39136236149712678e-04 7.39136236149829338e-04
1.58781391985478337e+00 -3.95626024231701982e-04 3.95626024231374553e-04
1.58781660789767298e+00 -2.11127655810475125e-04 2.11127655810385218e-04
1.58781642974238624e+00 -1.12419974200283942e-04 1.12419974200149515e-04
1.58781585475376241e+00 -5.97632584325431167e-05 5.97632584329211509e-05
1.58781525068800322e+00 -3.17298479973517620e-05 3.17298479974351710e-05
1.58781481893489551e+00 -1.68275799820640637e-05 1.68275799827203584e-05
1.58781454841890390e+00 -8.91544373172438399e-06 8.91544373212500517e-06
1.58781438702610433e+00 -4.71898661806988996e-06 4.71898661923941715e-06
1.58781429382956696e+00 -2.49531228264923121e-06 2.49531228336308305e-06
1.58781424126854498e+00 -1.31808198295926439e-06 1.31808198412645694e-06
1.58781421200815087e+00 -6.95444587077281594e-07 6.95444587802771348e-07
1.58781419582502226e+00 -3.66462468371968239e-07 3.66462469481790246e-07
1.58781418690844078e+00 -1.92824791732138345e-07 1.92824792167435141e-07
1.58781418200330027e+00 -1.01285040964322363e-07 1.01285041407396973e-07
1.58781417930265123e+00 -5.30881678023372377e-08 5.30881672749425625e-08
1.58781417781127177e+00 -2.77484796620896115e-08 2.77484790475732103e-08
1.58781417698340466e+00 -1.44486531915635646e-08 1.44486519179325965e-08
1.58781417652014478e+00 -7.48287817628543076e-09 7.48287673649672267e-09
1.58781417625789545e+00 -3.84483995165205268e-09 3.84483821254050846e-09
1.58781417610709674e+00 -1.95232311593765809e-09 1.95232172357333251e-09
1.58781417601863994e+00 -9.73562503038358537e-10 9.73561202598798894e-10
1.58781417596548491e+00 -4.71829842260761360e-10 4.71829066688161877e-10
1.58781417593268115e+00 -2.18113837176276527e-10 2.18113080831434109e-10
1.58781417591206453e+00 -9.25797416201412772e-11 9.25793152471605368e-11
1.58781417589887575e+00 -3.30322140737393450e-11 3.30319744098848184e-11
1.58781417589051532e+00 -7.02206262773597861e-12 7.02194104676988037e-12
1.58781417588553175e+00 3.68757645364721935e-12 -3.68751134254674996e-12
1.58781417588242890e+00 9.08664801662084531e-12 -9.08657279288929870e-12
1.58781417588085128e+00 1.43630331840614016e-11 -1.43628871698084751e-11
1.58781417588069029e+00 2.44760179694222098e-11 -2.44755764228769155e-11
1.58781417588016360e+00 4.77638052798006642e-11 -4.77630679608141397e-11
1.58781417587250639e+00 1.05553162011999511e-10 -1.05552143575398844e-10
1.58781417585811946e+00 2.46941921468715373e-10 -2.46940639057477927e-10
1.58781417583379958e+00 4.68382597588262374e-10 -4.68381011305112275e-10
1.58781417551276149e+00 7.19748806254521838e-10 -7.19746827514942194e-10
1.03248328056189487e+00 -2.13757250699293966e-01 1.18441353672103955e-01
1.17512859663390934e+00 -2.24338203001117953e-01 1.49138421501161605e-01
1.23855987151454827e+00 -1.70409899960469791e-01 1.26756774411902917e-01
1.23053089322204601e+00 -1.09438871096000923e-01 9.02931640323659523e-02
1.21742150482096556e+00 -6.39606008486507394e-02 5.76541419727936710e-02
1.20516422428236103e+00 -3.54289848112728234e-02 3.42712483969280710e-02
1.19518345363399181e+00 -1.91188938474193097e-02 1.94798800915626409e-02
1.18833750209556888e+00 -1.01604028346293507e-02 1.07682179200384934e-02
1.18416382046948310e+00 -5.34940693746828108e-03 5.84839391090462204e-03
1.18171732388410966e+00 -2.80574989511725176e-03 3.13786803031135481e-03
1.18031435836821430e+00 -1.46987073539997753e-03 1.67009263297502697e-03
1.17952925454245139e+00 -7.69815433129225602e-04 8.84972226741024539e-04
1.17909729631772464e+00 -4.03470263245068279e-04 4.68055067210453230e-04
1.17886182656679361e+00 -2.11767562094949464e-04 2.47428414179831223e-04
1.17873438562607880e+00 -1.11308217911919397e-04 1.30819024743148647e-04
1.17866583006071046e+00 -5.85879531451773749e-05 6.91961222017024988e-05
1.17862913208287856e+00 -3.08809954255202259e-05 3.66188083971034700e-05
1.17860953806576019e+00 -1.62869468124872852e-05 1.93846405405624375e-05
1.17859910500433229e+00 -8.59270241360298167e-06 1.02616179950753668e-05
1.17859356152884631e+00 -4.53448451806745380e-06 5.43073174263164994e-06
1.17859062037755069e+00 -2.39281729280881972e-06 2.87256734964601961e-06
1.17858906214860304e+00 -1.26215367323252679e-06 1.51823942450794871e-06
1.17858823777340516e+00 -6.65281269590845963e-07 8.01627361724800503e-07
1.17858780220111847e+00 -3.50331061044817332e-07 4.22750613486185209e-07
1.17858757234549905e+00 -1.84253229724384627e-07 2.22634353868639081e-07
1.17858745121223119e+00 -9.67566111995927021e-08 1.17057477241920283e-07
1.17858738747263025e+00 -5.07119050122583375e-08 6.14293680782435288e-08
1.17858735399329917e+00 -2.65137257742946713e-08 3.21611082137104168e-08
1.17858733644779790e+00 -1.38168768006709735e-08 1.67866136135025449e-08
1.17858732728028315e+00 -7.16762634032587051e-09 8.72559620271942261e-09
1.17858732251020348e+00 -3.69401093241642034e-09 4.50891494675193328e-09
1.17858732004302769e+00 -1.88539239232022997e-09 2.30995026691330072e-09
1.17858731877815193e+00 -9.48153713400425825e-10 1.16814387949097970e-09
1.17858731813817874e+00 -4.65889011668913261e-10 5.79016249343696369e-10
1.17858731782084591e+00 -2.20403744864542370e-10 2.77967174906511377e-10
1.17858731766844227e+00 -9.75321000572694446e-11 1.26420335107036403e-10
1.17858731759907265e+00 -3.77442992825224110e-11 5.19833089354975496e-11
1.17858731757028257e+00 -1.03567459568426795e-11 1.70826531520327825e-11
1.17858731756045820e+00 7.16169706679656208e-13 2.09877294442046446e-12
1.17858731755925783e+00 4.58017960929208711e-12 -3.91460276972297815e-12
1.17858731756162016e+00 6.17278934592219428e-12 -7.01598061922541430e-12
1.17858731756743840e+00 7.97503129585002895e-12 -1.05086332023637531e-11
1.17858731757719126e+00 1.27166216131533839e-11 -1.78365555936491387e-11
1.17858731759649094e+00 2.56016484660243116e-11 -3.48576602702616418e-11
1.17858731763719016e+00 6.19362018806226379e-11 -7.67093571381384220e-11
1.17858731769899205e+00 1.56901479894817959e-10 -1.77250922397053891e-10
1.17858731783419879e+00 3.03181199863806006e-10 -3.34500538727919581e-10
1.17858731837588526e+00 4.54899900709844753e-10 -5.25840526796500920e-10
7.50151347375840660e-01 -9.74055355483336022e-02 8.00237060176958864e-02
7.56106252020265046e-01 -9.88348717576936070e-02 8.98991178222049436e-02
6.68105432440503799e-01 -6.88027657116895286e-02 6.71536045327735809e-02
5.81301790742981161e-01 -4.01427887465284003e-02 4.26534900782038068e-02
5.37891328075336794e-01 -2.16600676423930744e-02 2.51047066325444136e-02
5.15048426473511900e-01 -1.12433693190404447e-02 1.40680233508327437e-02
5.02224813201108899e-01 -5.74900027584755811e-03 7.64235525344484669e-03
4.95369834285787070e-01 -2.91605138026049260e-03 4.07473520063276941e-03
4.91806343801914070e-01 -1.47683407382821611e-03 2.15019051357220230e-03
4.89939453620792720e-01 -7.50622355485613762e-04 1.12724537453869110e-03
4.88957727256501273e-01 -3.83184586694447103e-04 5.88931895195700340e-04
4.88443153413599507e-01 -1.96485285068561055e-04 3.07647547200000458e-04
4.88173349746410301e-01 -1.01282621785650335e-04 1.61019479286933937e-04
4.88031474151390143e-01 -5.24858190291053838e-05 8.44953269909283359e-05
4.87956740757302831e-01 -2.73200492128157744e-05 4.44525118821021561e-05
4.87917339996327082e-01 -1.42754447052248216e-05 2.34377989048509985e-05
4.87896546597939740e-01 -7.48442933486299674e-06 1.23783954634503379e-05
4.87885561488585473e-01 -3.93214148030445723e-06 6.54402041645940514e-06
4.87879757468724251e-01 -2.06864635440447453e-06 3.46077233848014592e-06
4.87876691303086363e-01 -1.08938614465005335e-06 1.82989416077350057e-06
4.87875071646923175e-01 -5.73968137609557059e-07 9.66995996220340690e-07
4.87874216472183486e-01 -3.02377513059013808e-07 5.10530613745290850e-07
4.87873765316075847e-01 -1.59210517338618894e-07 2.69218437173798792e-07
4.87873527548387420e-01 -8.37521380254070631e-08 1.41770247525957751e-07
4.87873402394142841e-01 -4.40009686895037064e-08 7.45377775025985141e-08
4.87873336615594233e-01 -2.30781377369858748e-08 3.91179242192752130e-08
4.87873302106975215e-01 -1.20785052693455795e-08 2.04851868196001351e-08
4.87873284044009425e-01 -6.30416442799802311e-09 1.06991057877128716e-08
4.87873274616853925e-01 -3.27816710278793240e-09 5.56856538633947419e-09
4.87873269716294078e-01 -1.69581061904293945e-09 2.88440983649294040e-09
4.87873267183140558e-01 -8.70640145608968846e-10 1.48380879181884118e-09
4.87873265884523177e-01 -4.41944480293889648e-10 7.55535644492435665e-10
4.87873265227065867e-01 -2.20427656340255755e-10 3.78748684222143852e-10
4.87873264900610837e-01 -1.06888818897363897e-10 1.85263603193189409e-10
4.87873264743494905e-01 -4.94120191109393857e-11 8.70455515356315352e-11
4.87873264671833895e-01 -2.08847773963871513e-11 3.80885315305112192e-11
4.87873264642354476e-01 -7.22852846778731386e-12 1.44299186542643830e-11
4.87873264632857406e-01 -1.21546759946759992e-12 3.66649193500064951e-12
4.87873264631918657e-01 9.88290409566355751e-13 -7.43738445899679369e-13
4.87873264633877535e-01 1.54461650239560970e-12 -2.47289271679121988e-12
4.87873264636791870e-01 1.56413375573018814e-12 -3.54158135373450712e-12
4.87873264640111326e-01 1.60946385122324755e-12 -5.23287090026819374e-12
4.87873264643939486e-01 2.35099906680863502e-12 -9.19628671026562634e-12
4.87873264651816019e-01 5.27749455379413991e-12 -1.82620507159839063e-11
4.87873264672158358e-01 1.52879240797281750e-11 -3.96530188609730577e-11
4.87873264700234566e-01 4.38427833461620304e-11 -8.84510379097817180e-11
4.87873264797627215e-01 8.64240539493535904e-11 -1.57384233861636289e-10
4.87873265293818303e-01 1.21092065466047350e-10 -2.19187740017660418e-10
7.46652395630460486e-01 9.76501836771314913e-02 2.31155302379369709e-02
7.46439111835291991e-01 9.88052701265360322e-02 2.92039220091628582e-02
6.70603416602993385e-01 6.88174310765923003e-02 2.37914707374985851e-02
6.00144931212969412e-01 4.03248377403907857e-02 1.63504348061312768e-02
5.68085532492450529e-01 2.18789335707891518e-02 1.01514659056501227e-02
5.52440616327282363e-01 1.14289812587277748e-02 5.91109948233513663e-03
5.43889413992323489e-01 5.89308546865456931e-03 3.31386045253275092e-03
5.39404008905180476e-01 3.02305270878656333e-03 1.81618639354804942e-03
5.37116642095706309e-01 1.55137507372938004e-03 9.81734195720700663e-04
5.35920784681288009e-01 7.99021523645688353e-04 5.25108215936904575e-04
5.35288058163011948e-01 4.13387102767507589e-04 2.78964806760851681e-04
5.34953886591185590e-01 2.14854444710254027e-04 1.47820037368664428e-04
5.34777077120584310e-01 1.12169950510728926e-04 7.83122707625157120e-05
5.34683296901143357e-01 5.87799593866170799e-05 4.15130691516882959e-05
5.34633596561490676e-01 3.08795794787553385e-05 2.20226027254969029e-05
5.34607309134395359e-01 1.62501029269445674e-05 1.16895628406364290e-05
5.34593420255496499e-01 8.56279416161650095e-06 6.20596493625264222e-06
5.34586085903547503e-01 4.51489224661120690e-06 3.29433252901969913e-06
5.34582216923411790e-01 2.38088035087258372e-06 1.74786518958247519e-06
5.34580177669602752e-01 1.25547145598912102e-06 9.26535736927358115e-07
5.34579103070707884e-01 6.61848658552482074e-07 4.90577762836118316e-07
5.34578536941439530e-01 3.48710930715280720e-07 2.59395990960774033e-07
5.34578238830166530e-01 1.83578197474233052e-07 1.36953177848356836e-07
5.34578081941951333e-01 9.65447842696397097e-08 7.21923272502695002e-08
5.34577999438497042e-01 5.07074287802502917e-08 3.79902459748583916e-08
5.34577956099920981e-01 2.65891270090989254e-08 1.99546689871265743e-08
5.34577933368850289e-01 1.39135682446402107e-08 1.04590559563726276e-08
5.34577921470479667e-01 7.26110531659521355e-09 5.46790961498468520e-09
5.34577915259623948e-01 3.77550376924084887e-09 2.84909288448222925e-09
5.34577912030305691e-01 1.95295032436009687e-09 1.47781505426099019e-09
5.34577910360782060e-01 1.00253131202657792e-09 7.61579414790100800e-10
5.34577909504962978e-01 5.08757036098733187e-10 3.88729053360065879e-10
5.34577909071915491e-01 2.53614852984232381e-10 1.95552526415670107e-10
5.34577908857195583e-01 1.22856213519685921e-10 9.61696316292899450e-11
5.34577908754178988e-01 5.66837873788551250e-11 4.55900201985942580e-11
5.34577908707529526e-01 2.38581923596087116e-11 2.02802241790810323e-11
5.34577908688730119e-01 8.14692744722886825e-12 7.96325397710975111e-12
5.34577908683109726e-01 1.24270272425943617e-12 2.27869894020227119e-12
5.34577908682904890e-01 -1.24617239449215075e-12 -1.11506723355771661e-13
5.34577908684260694e-01 -1.87419722926281899e-12 -1.09589694876993503e-12
5.34577908685779923e-01 -1.99355420482214361e-12 -1.74233612987396972e-12
5.34577908686816317e-01 -2.28812730741602389e-12 -2.72915988699420490e-12
5.34577908686970193e-01 -3.68923887973525913e-12 -4.90210050570894267e-12
5.34577908687647430e-01 -8.20355660765560614e-12 -9.66710671064643094e-12
5.34577908691337700e-01 -2.24680510069068841e-11 -2.05652122385956288e-11
5.34577908698698923e-01 -6.22106686595921228e-11 -4.51891608528683519e-11
5.34577908767732035e-01 -1.16444859544371963e-10 -7.93021979307581996e-11
5.34577909072142754e-01 -1.30966120551325983e-10 -1.06238079844044314e-10
1.03041788039916082e+00 2.14371263237703058e-01 3.47554904954294683e-02
1.16853765959855815e+00 2.24022969234314029e-01 4.96191728832127629e-02
1.25859310413713432e+00 1.70449348731845862e-01 4.59855690706833173e-02
1.28673090844152949e+00 1.10477201615085480e-01 3.57589539468800496e-02
1.30126162351621733e+00 6.52645842007111010e-02 2.42371960592953767e-02
1.30845299204700205e+00 3.65580020348106188e-02 1.50563658162425340e-02
1.31064481504874486e+00 2.00007615043426498e-02 8.86665266124721935e-03
1.31086484029202333e+00 1.07970115963852611e-02 5.04935545727239806e-03
1.31070750480383058e+00 5.77398390153198871e-03 2.81285634163758484e-03
1.31045218732911839e+00 3.07478848200149705e-03 1.54099425949642647e-03
1.31022425361991446e+00 1.63481029658082760e-03 8.34276405191443989e-04
1.31006560760431712e+00 8.67975132734463499e-04 4.48409347198671542e-04
1.30996614122108523e+00 4.60354121225859487e-04 2.39987108344165526e-04
1.30990683797731755e+00 2.44031083085008107e-04 1.28104249176507341e-04
1.30987275365199873e+00 1.29289256736904456e-04 6.82671370396599361e-05
1.30985371873985890e+00 6.84577575789036881e-05 3.63368286736907080e-05
1.30984329230478758e+00 3.62317023434301246e-05 1.93229479905295437e-05
1.30983764918652068e+00 1.91646630277972582e-05 1.02680761830456988e-05
1.30983462441249277e+00 1.01302592093521293e-05 5.45221213252659238e-06
1.30983301383781270e+00 5.35142341146999701e-06 2.89235097092457824e-06
1.30983215922784835e+00 2.82513676865816560e-06 1.53273482356906930e-06
1.30983170674220073e+00 1.49031988313698298e-06 8.11285689084266265e-07
1.30983146754345947e+00 7.85475512314539691e-07 4.28870877303898752e-07
1.30983134118856048e+00 4.13559775467117001e-07 2.26403154545293602e-07
1.30983127446005376e+00 2.17476799621210464e-07 1.19341817204667706e-07
1.30983123923098854e+00 1.14193784020178370e-07 6.28043048334081464e-08
1.30983122064067792e+00 5.98509253379443517e-08 3.29890492587177674e-08
1.30983121083734200e+00 3.12945220701508549e-08 1.72889510544605601e-08
1.30983120567330258e+00 1.63109556807882509e-08 9.03478381470587839e-09
1.30983120295771305e+00 8.46345326836492579e-09 4.70311223657549910e-09
1.30983120153330801e+00 4.36313711671096970e-09 2.43492611736688070e-09
1.30983120078894144e+00 2.22768365290110173e-09 1.25065824005230358e-09
1.30983120040205270e+00 1.12074412250274904e-09 6.34805825545475276e-10
1.30983120020254540e+00 5.50968305462369362e-10 3.16419811793578111e-10
1.30983120010082277e+00 2.60839788536380003e-10 1.53273920092106192e-10
1.30983120004981712e+00 1.15561208556377240e-10 7.08088445738422590e-11
1.30983120002494124e+00 4.47550206776989721e-11 3.00230411569938278e-11
1.30983120001312603e+00 1.22406508142409260e-11 1.06470808256560471e-11
1.30983120000755937e+00 -7.58361207260867519e-13 2.11721568407859042e-12
1.30983120000531383e+00 -5.30258435745881955e-12 -1.43235929919281245e-12
1.30983120000476894e+00 -7.43953175586059252e-12 -3.32886757646587950e-12
1.30983120000513997e+00 -1.00144009834318231e-11 -5.40500241858834483e-12
1.30983120000653597e+00 -1.64462079092725206e-11 -9.41454953546743896e-12
1.30983120000974274e+00 -3.33468003212450332e-11 -1.82896776646220769e-11
1.30983120001283204e+00 -8.00956586120674613e-11 -3.93176128849126858e-11
1.30983120001835829e+00 -2.00971310166487235e-10 -8.90117082778208761e-11
1.30983120005109721e+00 -3.77680017959818027e-10 -1.66158814485590432e-10
1.30983120004645870e+00 -5.17869004150656329e-10 -2.57784908215770195e-10
1.07324300491449298e+00 1.28595642335341459e-01 3.77496791246495697e-02
1.24424515274183101e+00 1.63902439832953523e-01 5.50622149763522542e-02
1.44235996794672272e+00 1.44351406958107026e-01 5.26638382211935471e-02
1.57696444808238811e+00 1.09888617677277214e-01 4.32744143566152484e-02
1.66152940947482097e+00 7.48473475323226806e-02 3.08961956533430407e-02
1.71316226016724138e+00 4.72449181436719601e-02 2.00754871834061335e-02
1.74260468166571214e+00 2.85228245815206602e-02 1.23297118074114434e-02
1.75873877722385941e+00 1.67022909221488346e-02 7.29501758522638211e-03
1.76754623781556064e+00 9.54158976558841521e-03 4.19770455884681780e-03
1.77231410709880044e+00 5.35437775563653209e-03 2.36607930803271402e-03
1.77486321112426682e+00 2.96638128832860505e-03 1.31356921849701486e-03
1.77621962738355443e+00 1.62629779497597119e-03 7.20878124758352512e-04
1.77694076074831631e+00 8.84053140144547972e-04 3.92155209259307895e-04
1.77732333173977586e+00 4.77454905681447468e-04 2.11945338699532428e-04
1.77752592463849135e+00 2.56565587885787950e-04 1.13989650336697779e-04
1.77763316779634151e+00 1.37316363936471303e-04 6.10701202566621008e-05
1.77768995268862118e+00 7.32628919873464977e-05 3.26181425771052515e-05
1.77771999734203234e+00 3.89923102814173557e-05 1.73839568960100401e-05
1.77773589036677859e+00 2.07115347846316365e-05 9.24809380482913217e-06
1.77774429524901478e+00 1.09833959627414546e-05 4.91174494191951376e-06
1.77774873704124525e+00 5.81647465115948505e-06 2.60479587194740803e-06
1.77775108267993653e+00 3.07639834327353946e-06 1.37949502049763294e-06
1.77775232043232201e+00 1.62521609567892418e-06 7.29619750593826885e-07
1.77775297293158929e+00 8.57562065483025710e-07 3.85390832333337573e-07
1.77775331648524304e+00 4.51935702717129998e-07 2.03287645522342054e-07
1.77775349711652364e+00 2.37837782995825685e-07 1.07071479308012768e-07
1.77775359192707127e+00 1.24960083597457798e-07 5.62988254926439381e-08
1.77775364158583771e+00 6.55203763474344600e-08 2.95418350199801120e-08
1.77775366752335251e+00 3.42627945687044466e-08 1.54612272064746519e-08
1.77775368101981379e+00 1.78517043025241218e-08 8.06359145761940042e-09
1.77775368800508771e+00 9.25280715073432705e-09 4.18481129211745943e-09
1.77775369159209262e+00 4.75943008430391163e-09 2.15637959231910713e-09
1.77775369341242295e+00 2.42037622675977330e-09 1.09945039722494748e-09
1.77775369431955133e+00 1.20961497037707084e-09 5.51640136526996557e-10
1.77775369475870471e+00 5.88226937080410567e-10 2.69962733835691123e-10
1.77775369496123026e+00 2.73507719073882586e-10 1.26874068807825019e-10
1.77775369504693903e+00 1.17374983746746389e-10 5.55265056988432624e-11
1.77775369507656245e+00 4.28163954154268544e-11 2.11937166129432440e-11
1.77775369508137349e+00 1.00370271891426564e-11 5.85443410245742765e-12
1.77775369507877645e+00 -3.39257296048207315e-12 -6.96237273956547212e-13
1.77775369507125935e+00 -1.02458859469134145e-11 -4.07370736587458116e-12
1.77775369506119696e+00 -1.69325249809012465e-11 -7.15700012908685340e-12
1.77775369504732561e+00 -2.92412321755151060e-11 -1.25291409215436696e-11
1.77775369502122982e+00 -5.73155759317186906e-11 -2.42812827907905553e-11
1.77775369495512403e+00 -1.26595233720094601e-10 -5.23332842220938368e-11
1.77775369484515555e+00 -2.95074379541542141e-10 -1.19560383525291193e-10
1.77775369464614874e+00 -5.53736608307599311e-10 -2.25692800006345108e-10
1.77775369344733525e+00 -8.15072590713298023e-10 -3.49753684591577590e-10
1.07283206442787282e+00 3.80551766683357023e-02 3.80551766683357232e-02
1.24374505414100667e+00 5.54739747867189492e-02 5.54739747867188729e-02
1.47580111844055373e+00 5.32895388875121792e-02 5.32895388875122000e-02
1.65961903058036753e+00 4.45061399021078469e-02 4.45061399021081106e-02
1.78755697742332043e+00 3.24613039468426498e-02 3.24613039468426498e-02
1.87241870910383579e+00 2.15657634889169399e-02 2.15657634889168844e-02
1.92505885230270191e+00 1.35562855953336742e-02 1.35562855953335944e-02
1.95616327567515702e+00 8.20770682634071151e-03 8.20770682634047732e-03
1.97416393777983235e+00 4.82262984306205521e-03 4.82262984306208731e-03
1.98440694164444320e+00 2.76966361002633143e-03 2.76966361002613281e-03
1.99013078284906531e+00 1.56342783876107952e-03 1.56342783876107388e-03
1.99328856918836794e+00 8.70229947022792901e-04 8.70229947022485096e-04
1.99501596713723472e+00 4.78874544254315236e-04 4.78874544254156726e-04
1.99595368999157374e+00 2.61167692755652297e-04 2.61167692755134536e-04
1.99645939757160185e+00 1.41437795874232953e-04 1.41437795873900293e-04
1.99673083387651840e+00 7.61666828065939150e-05 7.61666828059861384e-05
1.99687600679185850e+00 4.08335393934768987e-05 4.08335393932703311e-05
1.99695341291846473e+00 2.18157190043519880e-05 2.18157190035947609e-05
1.99699458832465515e+00 1.16235248355177313e-05 1.16235248350316394e-05
1.99701645064682132e+00 6.17925223034089942e-06 6.17925222959043162e-06
1.99702803972025644e+00 3.27888293750444402e-06 3.27888293703088653e-06
1.99703417427853047e+00 1.73709031025738966e-06 1.73709030968814096e-06
1.99703741746342422e+00 9.18957624004534725e-07 9.18957624785780741e-07
1.99703912995334609e+00 4.85489732514760102e-07 4.85489733684628646e-07
1.99704003304582689e+00 2.56140175155651425e-07 2.56140177654062877e-07
1.99704050865120508e+00 1.34943984855789298e-07 1.34943987688602793e-07
1.99704075874038223e+00 7.09787738517276276e-08 7.09787774771946736e-08
1.99704089000206886e+00 3.72616384202247615e-08 3.72616415916013752e-08
1.99704095873325227e+00 1.95128478485616944e-08 1.95128509480227128e-08
1.99704099460827389e+00 1.01842915986155336e-08 1.01842931408241686e-08
1.99704101325056960e+00 5.29059684431813415e-09 5.29059716256052981e-09
1.99704102287574181e+00 2.72977986101516015e-09 2.72977822733283949e-09
1.99704102779803883e+00 1.39436834266336633e-09 1.39436540731410778e-09
1.99704103027915791e+00 7.01486465775108243e-10 7.01482458064253892e-10
1.99704103150204082e+00 3.44701376020001927e-10 3.44697094551174533e-10
1.99704103208337180e+00 1.63122357048129283e-10 1.63118262368560603e-10
1.99704103234359565e+00 7.23412975203830180e-11 7.23381175172474473e-11
1.99704103244713083e+00 2.82751220522190687e-11 2.82730256680549196e-11
1.99704103247688836e+00 8.31405233977717354e-12 8.31352026270800447e-12
1.99704103247865139e+00 -7.77640634289754877e-14 -7.70671735447749886e-14
1.99704103246838738e+00 -4.34794475550003867e-12 -4.34619010583679011e-12
1.99704103244784048e+00 -8.24139409298218255e-12 -8.23910039117882774e-12
1.99704103241639230e+00 -1.46442330041400145e-11 -1.46416696941474047e-11
1.99704103235724784e+00 -2.84865308807163268e-11 -2.84842376520147568e-11
1.99704103221802520e+00 -6.13801553130924933e-11 -6.13783750025510359e-11
1.99704103198558447e+00 -1.39657226033745609e-10 -1.39656230527593547e-10
1.99704103156728796e+00 -2.61620976751629572e-10 -2.61620950575524317e-10
1.99704102926776583e+00 -3.93710216591736006e-10 -3.93711282895410379e-10
1.07283206442787327e+00 -3.80551766683357162e-02 3.80551766683356607e-02
1.24374505414100578e+00 -5.54739747867192684e-02 5.54739747867190533e-02
1.47580111844055417e+00 -5.32895388875126164e-02 5.32895388875121931e-02
1.65961903058036730e+00 -4.45061399021079787e-02 4.45061399021078816e-02
1.78755697742332043e+00 -3.24613039468426220e-02 3.24613039468427886e-02
1.87241870910383601e+00 -2.15657634889169086e-02 2.15657634889168393e-02
1.92505885230270124e+00 -1.35562855953334921e-02 1.35562855953335615e-02
1.95616327567515791e+00 -8.20770682634066294e-03 8.20770682634032120e-03
1.97416393777983190e+00 -4.82262984306187827e-03 4.82262984306207603e-03
1.98440694164444453e+00 -2.76966361002630888e-03 2.76966361002617834e-03
1.99013078284906375e+00 -1.56342783876116669e-03 1.56342783876124453e-03
1.99328856918836927e+00 -8.70229947022605767e-04 8.70229947022260340e-04
1.99501596713723406e+00 -4.78874544254328952e-04 4.78874544254409942e-04
1.99595368999157530e+00 -2.61167692755302045e-04 2.61167692754884248e-04
1.99645939757160229e+00 -1.41437795874306896e-04 1.41437795874167711e-04
1.99673083387651840e+00 -7.61666828059937956e-05 7.61666828056576658e-05
1.99687600679185828e+00 -4.08335393932471834e-05 4.08335393936531222e-05
1.99695341291846518e+00 -2.18157190033247675e-05 2.18157190034496032e-05
1.99699458832465671e+00 -1.16235248342530975e-05 1.16235248351862297e-05
1.99701645064682154e+00 -6.17925222880498813e-06 6.17925222935901460e-06
1.99702803972025733e+00 -3.27888293592838845e-06 3.27888293723540009e-06
1.99703417427853203e+00 -1.73709030905248762e-06 1.73709030979625582e-06
1.99703741746342356e+00 -9.18957623046536650e-07 9.18957624744389946e-07
1.99703912995334765e+00 -4.85489732076793882e-07 4.85489733547617043e-07
1.99704003304582778e+00 -2.56140175600499576e-07 2.56140177849641037e-07
1.99704050865120597e+00 -1.34943986349336818e-07 1.34943987655080220e-07
1.99704075874038312e+00 -7.09787764876717131e-08 7.09787776344201087e-08
1.99704089000206908e+00 -3.72616414373600239e-08 3.72616415407425061e-08
1.99704095873325227e+00 -1.95128513873015134e-08 1.95128511420149696e-08
1.99704099460827300e+00 -1.01842947214486295e-08 1.01842930921695571e-08
1.99704101325056871e+00 -5.29059947202012501e-09 5.29059720946470464e-09
1.99704102287573981e+00 -2.72978099778863186e-09 2.72977812963433633e-09
1.99704102779803816e+00 -1.39436821724093942e-09 1.39436541443364863e-09
1.99704103027915703e+00 -7.01485179527251658e-10 7.01482414386044366e-10
1.99704103150204082e+00 -3.44699330180819740e-10 3.44697081838906232e-10
1.99704103208337047e+00 -1.63119896715190277e-10 1.63118273105495132e-10
1.99704103234359565e+00 -7.23389799583275051e-11 7.23379951922717535e-11
1.99704103244713016e+00 -2.82735651283184631e-11 2.82729896010895100e-11
1.99704103247688880e+00 -8.31386695168722010e-12 8.31340305779937436e-12
1.99704103247865250e+00 7.67666867319873166e-14 -7.70242425394804304e-14
1.99704103246838738e+00 4.34617293172774338e-12 -4.34630743976407777e-12
1.99704103244784026e+00 8.23912233418034474e-12 -8.23902782040215437e-12
1.99704103241639186e+00 1.46421512547683344e-11 -1.46417131028317244e-11
1.99704103235724739e+00 2.84849042395208046e-11 -2.84841615886762882e-11
1.99704103221802431e+00 6.13796460284583232e-11 -6.13785105753928747e-11
1.99704103198558447e+00 1.39657834982809619e-10 -1.39656130738425698e-10
1.99704103156728752e+00 2.61623110350576484e-10 -2.61620851212345616e-10
1.99704102926776605e+00 3.93714178343082721e-10 -3.93711212752943923e-10
1.07324300491449254e+00 -1.28595642335341487e-01 3.77496791246494864e-02
1.24424515274183145e+00 -1.63902439832953634e-01 5.50622149763525734e-02
1.44235996794672250e+00 -1.44351406958107054e-01 5.26638382211932418e-02
1.57696444808238789e+00 -1.09888617677277561e-01 4.32744143566153386e-02
1.66152940947482053e+00 -7.48473475323225695e-02 3.08961956533431864e-02
1.71316226016724094e+00 -4.72449181436718144e-02 2.00754871834060156e-02
1.74260468166571258e+00 -2.85228245815207261e-02 1.23297118074114972e-02
1.75873877722385830e+00 -1.67022909221487721e-02 7.29501758522631012e-03
1.76754623781556197e+00 -9.54158976558873786e-03 4.19770455884685336e-03
1.77231410709879933e+00 -5.35437775563670296e-03 2.36607930803267932e-03
1.77486321112426815e+00 -2.96638128832849750e-03 1.31356921849682512e-03
1.77621962738355355e+00 -1.62629779497609848e-03 7.20878124758312071e-04
1.77694076074831742e+00 -8.84053140144423506e-04 3.92155209259166949e-04
1.77732333173977519e+00 -4.77454905681843473e-04 2.11945338700000695e-04
1.77752592463849179e+00 -2.56565587885476296e-04 1.13989650336604565e-04
1.77763316779634217e+00 -1.37316363936323038e-04 6.10701202568138891e-05
1.77768995268862251e+00 -7.32628919867633460e-05 3.26181425768896241e-05
1.77771999734203257e+00 -3.89923102808479937e-05 1.73839568963923366e-05
1.77773589036677970e+00 -2.07115347835596079e-05 9.24809380472774232e-06
1.77774429524901700e+00 -1.09833959616422244e-05 4.91174494177076969e-06
1.77774873704124747e+00 -5.81647465000853245e-06 2.60479587209713423e-06
1.77775108267993898e+00 -3.07639834237135281e-06 1.37949502062815521e-06
1.77775232043232512e+00 -1.62521609511617349e-06 7.29619750496490093e-07
1.77775297293159129e+00 -8.57562065379489167e-07 3.85390832414682700e-07
1.77775331648524570e+00 -4.51935703182987796e-07 2.03287645496800437e-07
1.77775349711652519e+00 -2.37837784366261863e-07 1.07071479380903963e-07
1.77775359192707239e+00 -1.24960085205370992e-07 5.62988253197504581e-08
1.77775364158583815e+00 -6.55203788204857453e-08 2.95418352794347179e-08
1.77775366752335096e+00 -3.42627968330714769e-08 1.54612274170338805e-08
1.77775368101981202e+00 -1.78517065572358169e-08 8.06359173296888721e-09
1.77775368800508438e+00 -9.25280850970989142e-09 4.18481131953962584e-09
1.77775369159208974e+00 -4.75943099204262744e-09 2.15637973096181190e-09
1.77775369341241940e+00 -2.42037605078292712e-09 1.09945044176046023e-09
1.77775369431954933e+00 -1.20961383709611160e-09 5.51640201845175798e-10
1.77775369475870204e+00 -5.88225177533107922e-10 2.69962661146863664e-10
1.77775369496122937e+00 -2.73505614498602639e-10 1.26873827734029183e-10
1.77775369504693748e+00 -1.17373293179188064e-10 5.55262973181871549e-11
1.77775369507656356e+00 -4.28155233174074130e-11 2.11933941565312949e-11
1.77775369508137326e+00 -1.00370973090679058e-11 5.85422449830852656e-12
1.77775369507877645e+00 3.39174212258778408e-12 -6.96547789453525685e-13
1.77775369507125869e+00 1.02445791756612044e-11 -4.07379049876780385e-12
1.77775369506119629e+00 1.69309066182958585e-11 -7.15704078866261772e-12
1.77775369504732339e+00 2.92395834298105222e-11 -1.25290691640914951e-11
1.77775369502122782e+00 5.73145456285026606e-11 -2.42812331154810245e-11
1.77775369495512114e+00 1.26594703719752605e-10 -5.23331076654575411e-11
1.77775369484515311e+00 2.95074984627897529e-10 -1.19560343626781423e-10
1.77775369464614785e+00 5.53738223727657195e-10 -2.25692671571020815e-10
1.77775369344733569e+00 8.15075777866826995e-10 -3.49753592209350327e-10
1.03041788039916105e+00 -2.14371263237703114e-01 3.47554904954294197e-02
1.16853765959855704e+00 -2.24022969234313529e-01 4.96191728832132972e-02
1.25859310413713499e+00 -1.70449348731846084e-01 4.59855690706831299e-02
1.28673090844152860e+00 -1.10477201615084772e-01 3.57589539468798553e-02
1.30126162351621710e+00 -6.52645842007118782e-02 2.42371960592953420e-02
1.30845299204700205e+00 -3.65580020348099735e-02 1.50563658162425566e-02
1.31064481504874375e+00 -2.00007615043434860e-02 8.86665266124716384e-03
1.31086484029202466e+00 -1.07970115963846348e-02 5.04935545727231653e-03
1.31070750480382969e+00 -5.77398390153230356e-03 2.81285634163761390e-03
1.31045218732911906e+00 -3.07478848200159723e-03 1.54099425949650822e-03
1.31022425361991268e+00 -1.63481029658074542e-03 8.34276405191593825e-04
1.31006560760431867e+00 -8.67975132735085181e-04 4.48409347198580198e-04
1.30996614122108479e+00 -4.60354121225124073e-04 2.39987108344218842e-04
1.30990683797731888e+00 -2.44031083086012268e-04 1.28104249176488069e-04
1.30987275365199829e+00 -1.29289256735844838e-04 6.82671370399674565e-05
1.30985371873985934e+00 -6.84577575798433119e-05 3.63368286735202715e-05
1.30984329230478869e+00 -3.62317023424952035e-05 1.93229479908738796e-05
1.30983764918652024e+00 -1.91646630279550706e-05 1.02680761829586408e-05
1.30983462441249410e+00 -1.01302592086390716e-05 5.45221213258595245e-06
1.30983301383781425e+00 -5.35142341081739370e-06 2.89235097070558253e-06
1.30983215922785012e+00 -2.82513676792158702e-06 1.53273482347371457e-06
1.30983170674220362e+00 -1.49031988253058278e-06 8.11285688925695239e-07
1.30983146754346169e+00 -7.85475512046398495e-07 4.28870877225867906e-07
1.30983134118856315e+00 -4.13559775267564403e-07 2.26403154497682409e-07
1.30983127446005554e+00 -2.17476799747597706e-07 1.19341816997736313e-07
1.30983123923099076e+00 -1.14193784796049446e-07 6.28043046214498113e-08
1.30983122064067814e+00 -5.98509258220304970e-08 3.29890492772670677e-08
1.30983121083734244e+00 -3.12945235808654963e-08 1.72889510716614600e-08
1.30983120567330080e+00 -1.63109563200385204e-08 9.03478414890183438e-09
1.30983120295770994e+00 -8.46345470269201507e-09 4.70311256281010722e-09
1.30983120153330534e+00 -4.36313740096415747e-09 2.43492626893807103e-09
1.30983120078893789e+00 -2.22768430714034798e-09 1.25065817902520493e-09
1.30983120040205003e+00 -1.12074405483343412e-09 6.34805762287943044e-10
1.30983120020254273e+00 -5.50967932905168526e-10 3.16419894197942131e-10
1.30983120010082144e+00 -2.60838718018265283e-10 1.53273885671704589e-10
1.30983120004981601e+00 -1.15560208844778173e-10 7.08088338162957855e-11
1.30983120002494147e+00 -4.47542499509301257e-11 3.00229165565801074e-11
1.30983120001312581e+00 -1.22402759336408560e-11 1.06467967006640103e-11
1.30983120000755981e+00 7.58299283015393359e-13 2.11689029158344580e-12
1.30983120000531250e+00 5.30222957036886119e-12 -1.43269045164074878e-12
1.30983120000476894e+00 7.43879183405399132e-12 -3.32914776272965463e-12
1.30983120000513842e+00 1.00138915427055275e-11 -5.40495305124525907e-12
1.30983120000653419e+00 1.64453341756870940e-11 -9.41448530944145801e-12
1.30983120000973985e+00 3.33464814323363492e-11 -1.82894738219225309e-11
1.30983120001283004e+00 8.00952467930300560e-11 -3.93175005455106189e-11
1.30983120001835629e+00 2.00971726538085001e-10 -8.90114918159413729e-11
1.30983120005109543e+00 3.77680651249406874e-10 -1.66158749377948328e-10
1.30983120004645870e+00 5.17870735953631359e-10 -2.57784765343860679e-10
7.46652395630459931e-01 -9.76501836771315884e-02 2.31155302379374671e-02
7.46439111835292102e-01 -9.88052701265361571e-02 2.92039220091628339e-02
6.70603416602993496e-01 -6.88174310765919256e-02 2.37914707374988314e-02
6.00144931212969523e-01 -4.03248377403913755e-02 1.63504348061310791e-02
5.68085532492450529e-01 -2.18789335707884683e-02 1.01514659056500759e-02
5.52440616327282141e-01 -1.14289812587285260e-02 5.91109948233506897e-03
5.43889413992323045e-01 -5.89308546865389363e-03 3.31386045253263643e-03
5.39404008905180365e-01 -3.02305270878717829e-03 1.81618639354797265e-03
5.37116642095706420e-01 -1.55137507372894788e-03 9.81734195720701313e-04
5.35920784681287787e-01 -7.99021523645672524e-04 5.25108215936984156e-04
5.35288058163011948e-01 -4.13387102767774194e-04 2.78964806760847019e-04
5.34953886591185479e-01 -2.14854444709671838e-04 1.47820037368643178e-04
5.34777077120584421e-01 -1.12169950511608539e-04 7.83122707624730487e-05
5.34683296901143024e-01 -5.87799593856207117e-05 4.15130691516344788e-05
5.34633596561490232e-01 -3.08795794799034950e-05 2.20226027254737111e-05
5.34607309134395026e-01 -1.62501029260143863e-05 1.16895628408096726e-05
5.34593420255495611e-01 -8.56279416224668161e-06 6.20596493634849416e-06
5.34586085903547836e-01 -4.51489224584214842e-06 3.29433252896102685e-06
5.34582216923411901e-01 -2.38088035116627418e-06 1.74786518960604324e-06
5.34580177669603418e-01 -1.25547145564319340e-06 9.26535737034136147e-07
5.34579103070708328e-01 -6.61848658538643355e-07 4.90577762806518644e-07
5.34578536941440197e-01 -3.48710930575824580e-07 2.59395990884971254e-07
5.34578238830167862e-01 -1.83578197281830736e-07 1.36953177723135667e-07
5.34578081941952221e-01 -9.65447843926978607e-08 7.21923271932605168e-08
5.34577999438497931e-01 -5.07074290964490276e-08 3.79902458732866012e-08
5.34577956099921758e-01 -2.65891266851959119e-08 1.99546690470688659e-08
5.34577933368850733e-01 -1.39135688781501164e-08 1.04590560453636478e-08
5.34577921470479445e-01 -7.26110504123348614e-09 5.46790962541011809e-09
5.34577915259623060e-01 -3.77550461400807647e-09 2.84909305380618915e-09
5.34577912030304692e-01 -1.95295009222707435e-09 1.47781513128995734e-09
5.34577910360780617e-01 -1.00253204556270591e-09 7.61579565179650907e-10
5.34577909504961424e-01 -5.08756841880721779e-10 3.88729125247418087e-10
5.34577909071913826e-01 -2.53614972371984018e-10 1.95552562165832786e-10
5.34577908857194029e-01 -1.22856061300960331e-10 9.61695866583428221e-11
5.34577908754177988e-01 -5.66836072524890816e-11 4.55900228049193930e-11
5.34577908707529303e-01 -2.38581212686609572e-11 2.02800579117397491e-11
5.34577908688729564e-01 -8.14674722427151016e-12 7.96316512089808071e-12
5.34577908683109948e-01 -1.24275457659452831e-12 2.27856561529700981e-12
5.34577908682905112e-01 1.24619840423274940e-12 -1.11646294310142704e-13
5.34577908684260805e-01 1.87403094087052995e-12 -1.09599366017686724e-12
5.34577908685779812e-01 1.99347785185102430e-12 -1.74242249408912223e-12
5.34577908686815650e-01 2.28778431000812430e-12 -2.72909782392053224e-12
5.34577908686969083e-01 3.68924351348576639e-12 -4.90202064210469002e-12
5.34577908687645986e-01 8.20318433444039611e-12 -9.66700714002104656e-12
5.34577908691336701e-01 2.24681936347701189e-11 -2.05651096740659467e-11
5.34577908698697590e-01 6.22105275727934530e-11 -4.51890606649616036e-11
5.34577908767731258e-01 1.16445285746760854e-10 -7.93021529234690775e-11
5.34577909072143087e-01 1.30966633789301430e-10 -1.06238032991389459e-10
7.46652395630459931e-01 9.76501836771318660e-02 -2.31155302379373630e-02
7.46439111835292213e-01 9.88052701265361710e-02 -2.92039220091629068e-02
6.70603416602992941e-01 6.88174310765919117e-02 -2.37914707374985851e-02
6.00144931212969523e-01 4.03248377403912298e-02 -1.63504348061311831e-02
5.68085532492450751e-01 2.18789335707884960e-02 -1.01514659056500794e-02
5.52440616327282252e-01 1.14289812587284097e-02 -5.91109948233510627e-03
5.43889413992323267e-01 5.89308546865400552e-03 -3.31386045253265552e-03
5.39404008905180476e-01 3.02305270878707811e-03 -1.81618639354792712e-03
5.37116642095706642e-01 1.55137507372912048e-03 -9.81734195720675726e-04
5.35920784681288120e-01 7.99021523645610074e-04 -5.25108215936957593e-04
5.35288058163012170e-01 4.13387102767968429e-04 -2.78964806760826853e-04
5.34953886591185812e-01 2.14854444709376176e-04 -1.47820037368786157e-04
5.34777077120584643e-01 1.12169950512131002e-04 -7.83122707625429662e-05
5.34683296901143468e-01 5.87799593853164710e-05 -4.15130691517754318e-05
5.34633596561490565e-01 3.08795794800930881e-05 -2.20226027255948707e-05
5.34607309134395248e-01 1.62501029256742145e-05 -1.16895628408617329e-05
5.34593420255495944e-01 8.56279416286452607e-06 -6.20596493637868326e-06
5.34586085903547836e-01 4.51489224570212625e-06 -3.29433252910450703e-06
5.34582216923411679e-01 2.38088035167124727e-06 -1.74786518954632636e-06
5.34580177669602419e-01 1.25547145538470668e-06 -9.26535736716860898e-07
5.34579103070707773e-01 6.61848659153342576e-07 -4.90577762496252805e-07
5.34578536941439530e-01 3.48710930421219362e-07 -2.59395990623577840e-07
5.34578238830166419e-01 1.83578197818534766e-07 -1.36953177325868268e-07
5.34578081941951000e-01 9.65447839992079506e-08 -7.21923265368508917e-08
5.34577999438497153e-01 5.07074293471163449e-08 -3.79902453487171646e-08
5.34577956099921092e-01 2.65891263347013976e-08 -1.99546683859551242e-08
5.34577933368850844e-01 1.39135689499288960e-08 -1.04590556981071452e-08
5.34577921470479778e-01 7.26110437624495338e-09 -5.46790966978474648e-09
5.34577915259624503e-01 3.77550455899826369e-09 -2.84909327534761639e-09
5.34577912030306357e-01 1.95294952273141190e-09 -1.47781579062865751e-09
5.34577910360782615e-01 1.00253196849645524e-09 -7.61580394248247477e-10
5.34577909504963533e-01 5.08756615838226085e-10 -3.88730215706407990e-10
5.34577909071915824e-01 2.53615138539775232e-10 -1.95553607700430726e-10
5.34577908857195472e-01 1.22855905983526289e-10 -9.61705179743723849e-11
5.34577908754179099e-01 5.66838868589076024e-11 -4.55905159384685432e-11
5.34577908707529414e-01 2.38581081917342028e-11 -2.02804471366847457e-11
5.34577908688729786e-01 8.14699511175997620e-12 -7.96321928005769453e-12
5.34577908683109504e-01 1.24279273472616994e-12 -2.27832568626292714e-12
5.34577908682904446e-01 -1.24612356146297520e-12 1.11986148394376782e-13
5.34577908684260472e-01 -1.87413938138045843e-12 1.09652554497132210e-12
5.34577908685779590e-01 -1.99362641136708710e-12 1.74305152140285466e-12
5.34577908686816095e-01 -2.28795037423191835e-12 2.72979079210393732e-12
5.34577908686969860e-01 -3.68940704175388256e-12 4.90266695672257803e-12
5.34577908687647319e-01 -8.20333869156199006e-12 9.66758099270884240e-12
5.34577908691337700e-01 -2.24682195979810726e-11 2.05655600793716010e-11
5.34577908698698812e-01 -6.22104850644262672e-11 4.51894093320717111e-11
5.34577908767731924e-01 -1.16445005158718487e-10 7.93023264781421100e-11
5.34577909072142532e-01 -1.30966075858702608e-10 1.06238088651823927e-10
1.03041788039916082e+00 2.14371263237702975e-01 -3.47554904954295793e-02
1.16853765959855771e+00 2.24022969234313807e-01 -4.96191728832128115e-02
1.25859310413713477e+00 1.70449348731846473e-01 -4.59855690706833797e-02
1.28673090844152949e+00 1.10477201615084744e-01 -3.57589539468799456e-02
1.30126162351621755e+00 6.52645842007118504e-02 -2.42371960592953524e-02
1.30845299204700205e+00 3.65580020348099805e-02 -1.50563658162425461e-02
1.31064481504874419e+00 2.00007615043435207e-02 -8.86665266124719506e-03
1.31086484029202421e+00 1.07970115963848153e-02 -5.04935545727221158e-03
1.31070750480382969e+00 5.77398390153208152e-03 -2.81285634163748466e-03
1.31045218732911928e+00 3.07478848200150052e-03 -1.54099425949658303e-03
1.31022425361991246e+00 1.63481029658054983e-03 -8.34276405191587429e-04
1.31006560760431934e+00 8.67975132735140801e-04 -4.48409347198904646e-04
1.30996614122108435e+00 4.60354121224723081e-04 -2.39987108344313194e-04
1.30990683797731844e+00 2.44031083085987169e-04 -1.28104249176633623e-04
1.30987275365199807e+00 1.29289256735504751e-04 -6.82671370400029506e-05
1.30985371873985934e+00 6.84577575801430667e-05 -3.63368286738009375e-05
1.30984329230478758e+00 3.62317023424198515e-05 -1.93229479910814873e-05
1.30983764918651979e+00 1.91646630284253399e-05 -1.02680761828492380e-05
1.30983462441249321e+00 1.01302592088204823e-05 -5.45221213237876480e-06
1.30983301383781270e+00 5.35142341190525336e-06 -2.89235097043102019e-06
1.30983215922784768e+00 2.82513676853405409e-06 -1.53273482290394960e-06
1.30983170674220117e+00 1.49031988342065008e-06 -8.11285688134201712e-07
1.30983146754345903e+00 7.85475512097433606e-07 -4.28870876159929141e-07
1.30983134118856048e+00 4.13559775510658042e-07 -2.26403152826602130e-07
1.30983127446005354e+00 2.17476799241060727e-07 -1.19341815079802840e-07
1.30983123923098987e+00 1.14193784353999362e-07 -6.28043026325701820e-08
1.30983122064067836e+00 5.98509247014668148e-08 -3.29890475052165173e-08
1.30983121083734400e+00 3.12945226953467733e-08 -1.72889500570968109e-08
1.30983120567330436e+00 1.63109549391937995e-08 -9.03478390523510543e-09
1.30983120295771416e+00 8.46345380620943986e-09 -4.70311327050849294e-09
1.30983120153331023e+00 4.36313649161507652e-09 -2.43492828000730419e-09
1.30983120078894211e+00 2.22768392528997304e-09 -1.25066104229748752e-09
1.30983120040205403e+00 1.12074396178564809e-09 -6.34809068745600553e-10
1.30983120020254540e+00 5.50968622764450600e-10 -3.16422938800054007e-10
1.30983120010082388e+00 2.60839704315532424e-10 -1.53276489830574117e-10
1.30983120004981601e+00 1.15561450061649768e-10 -7.08105833722768024e-11
1.30983120002494124e+00 4.47550749514884512e-11 -3.00240909720762369e-11
1.30983120001312403e+00 1.22408677118816769e-11 -1.06471049289850639e-11
1.30983120000755848e+00 -7.58256589500775107e-13 -2.11657520501639473e-12
1.30983120000531139e+00 -5.30257781966379786e-12 1.43362648006729208e-12
1.30983120000476827e+00 -7.43935171743083734e-12 3.33050035574975283e-12
1.30983120000513886e+00 -1.00145050922939764e-11 5.40665772582317820e-12
1.30983120000653530e+00 -1.64460328899918541e-11 9.41624225454167914e-12
1.30983120000974207e+00 -3.33470091816549164e-11 1.82912595355388156e-11
1.30983120001283226e+00 -8.00954534945709705e-11 3.93190203859473739e-11
1.30983120001835895e+00 -2.00971479207565632e-10 8.90127743424238450e-11
1.30983120005109677e+00 -3.77679912358516346e-10 1.66159639206898579e-10
1.30983120004645892e+00 -5.17869081916404834e-10 2.57785343740141466e-10
1.07324300491449298e+00 1.28595642335341515e-01 -3.77496791246496391e-02
1.24424515274183123e+00 1.63902439832953384e-01 -5.50622149763526220e-02
1.44235996794672294e+00 1.44351406958106748e-01 -5.26638382211935124e-02
1.57696444808238856e+00 1.09888617677277575e-01 -4.32744143566154427e-02
1.66152940947482075e+00 7.48473475323226112e-02 -3.08961956533430199e-02
1.71316226016724138e+00 4.72449181436719323e-02 -2.00754871834059566e-02
1.74260468166571258e+00 2.85228245815206290e-02 -1.23297118074115631e-02
1.75873877722385896e+00 1.67022909221488172e-02 -7.29501758522621297e-03
1.76754623781556175e+00 9.54158976558867715e-03 -4.19770455884692015e-03
1.77231410709879955e+00 5.35437775563680184e-03 -2.36607930803294170e-03
1.77486321112426815e+00 2.96638128832826635e-03 -1.31356921849698667e-03
1.77621962738355377e+00 1.62629779497629732e-03 -7.20878124758502024e-04
1.77694076074831853e+00 8.84053140143921737e-04 -3.92155209259424230e-04
1.77732333173977475e+00 4.77454905682080045e-04 -2.11945338700418926e-04
1.77752592463849224e+00 2.56565587885371833e-04 -1.13989650337094150e-04
1.77763316779634106e+00 1.37316363937009501e-04 -6.10701202571963279e-05
1.77768995268862162e+00 7.32628919867870358e-05 -3.26181425773180059e-05
1.77771999734203190e+00 3.89923102818421393e-05 -1.73839568962830897e-05
1.77773589036677859e+00 2.07115347842916510e-05 -9.24809380457131906e-06
1.77774429524901478e+00 1.09833959631882798e-05 -4.91174494171233543e-06
1.77774873704124592e+00 5.81647465076226472e-06 -2.60479587135032010e-06
1.77775108267993676e+00 3.07639834356691229e-06 -1.37949501927241778e-06
1.77775232043232312e+00 1.62521609538590139e-06 -7.29619748899702968e-07
1.77775297293158929e+00 8.57562065803216340e-07 -3.85390829926138812e-07
1.77775331648524371e+00 4.51935702536929456e-07 -2.03287642027851011e-07
1.77775349711652453e+00 2.37837783410993881e-07 -1.07071475659324830e-07
1.77775359192707327e+00 1.24960083146306848e-07 -5.62988218928158913e-08
1.77775364158583971e+00 6.55203766529909814e-08 -2.95418324349228974e-08
1.77775366752335451e+00 3.42627939062378146e-08 -1.54612259102893521e-08
1.77775368101981579e+00 1.78517043334951933e-08 -8.06359192825213633e-09
1.77775368800508971e+00 9.25280668944277305e-09 -4.18481346971668536e-09
1.77775369159209462e+00 4.75943029940137235e-09 -2.15638366378020891e-09
1.77775369341242429e+00 2.42037599808824936e-09 -1.09945529170463639e-09
1.77775369431955310e+00 1.20961527709084432e-09 -5.51645600401051795e-10
1.77775369475870471e+00 5.88226946498750129e-10 -2.69967594132008351e-10
1.77775369496123070e+00 2.73507811109245618e-10 -1.26878038600654666e-10
1.77775369504693725e+00 1.17375041302139131e-10 -5.55293445460914480e-11
1.77775369507656178e+00 4.28167672394196107e-11 -2.11951014318717129e-11
1.77775369508137193e+00 1.00371869153456736e-11 -5.85449207750127665e-12
1.77775369507877468e+00 -3.39241620331350785e-12 6.97272462828288845e-13
1.77775369507125780e+00 -1.02457991869247998e-11 4.07548447905007144e-12
1.77775369506119629e+00 -1.69323780072502407e-11 7.15931088095551766e-12
1.77775369504732472e+00 -2.92411268250193685e-11 1.25316831490014896e-11
1.77775369502122937e+00 -5.73156620625150719e-11 2.42838059010061123e-11
1.77775369495512359e+00 -1.26595222580306674e-10 5.23355158276480789e-11
1.77775369484515511e+00 -2.95074442169174424e-10 1.19562476493430457e-10
1.77775369464614941e+00 -5.53736677608988313e-10 2.25694421981732393e-10
1.77775369344733591e+00 -8.15072740124348990e-10 3.49754850248635192e-10
1.07283206442787371e+00 3.80551766683356538e-02 -3.80551766683356954e-02
1.24374505414100534e+00 5.54739747867186786e-02 -5.54739747867187410e-02
1.47580111844055484e+00 5.32895388875121306e-02 -5.32895388875123457e-02
1.65961903058036730e+00 4.45061399021078330e-02 -4.45061399021080065e-02
1.78755697742332065e+00 3.24613039468428441e-02 -3.24613039468426984e-02
1.87241870910383557e+00 2.15657634889168323e-02 -2.15657634889169468e-02
1.92505885230270146e+00 1.35562855953336309e-02 -1.35562855953334400e-02
1.95616327567515857e+00 8.20770682634031079e-03 -8.20770682634041834e-03
1.97416393777983146e+00 4.82262984306218705e-03 -4.82262984306200491e-03
1.98440694164444520e+00 2.76966361002581752e-03 -2.76966361002624903e-03
1.99013078284906397e+00 1.56342783876126448e-03 -1.56342783876131262e-03
1.99328856918836883e+00 8.70229947022129694e-04 -8.70229947022560339e-04
1.99501596713723450e+00 4.78874544254789195e-04 -4.78874544254743876e-04
1.99595368999157463e+00 2.61167692755047475e-04 -2.61167692755488528e-04
1.99645939757160140e+00 1.41437795874832110e-04 -1.41437795874805846e-04
1.99673083387651840e+00 7.61666828058020273e-05 -7.61666828062864624e-05
1.99687600679185784e+00 4.08335393943228678e-05 -4.08335393939017772e-05
1.99695341291846407e+00 2.18157190038174255e-05 -2.18157190036139885e-05
1.99699458832465604e+00 1.16235248359512732e-05 -1.16235248350144023e-05
1.99701645064682154e+00 6.17925222983602120e-06 -6.17925222928025663e-06
1.99702803972025644e+00 3.27888293776490199e-06 -3.27888293643272753e-06
1.99703417427853047e+00 1.73709030975064733e-06 -1.73709030873916823e-06
1.99703741746342311e+00 9.18957624532145195e-07 -9.18957622913691285e-07
1.99703912995334631e+00 4.85489732005244797e-07 -4.85489730640176240e-07
1.99704003304582756e+00 2.56140175664341508e-07 -2.56140173578489630e-07
1.99704050865120664e+00 1.34943984223212308e-07 -1.34943982922639196e-07
1.99704075874038423e+00 7.09787742833900965e-08 -7.09787727490948785e-08
1.99704089000207152e+00 3.72616377854859119e-08 -3.72616373217481714e-08
1.99704095873325538e+00 1.95128482696552634e-08 -1.95128485121420854e-08
1.99704099460827655e+00 1.01842910425617749e-08 -1.01842927588051145e-08
1.99704101325057271e+00 5.29059706090539017e-09 -5.29059941057875467e-09
1.99704102287574359e+00 2.72977945833258145e-09 -2.72978236931969944e-09
1.99704102779804105e+00 1.39436849593602913e-09 -1.39437132204356242e-09
1.99704103027915858e+00 7.01486335958566708e-10 -7.01488985234624560e-10
1.99704103150204149e+00 3.44701603273002519e-10 -3.44703594653918434e-10
1.99704103208337069e+00 1.63122500237713946e-10 -1.63123752998105436e-10
1.99704103234359476e+00 7.23416733703740439e-11 -7.23422816448420987e-11
1.99704103244712794e+00 2.82751569437889939e-11 -2.82754500009939175e-11
1.99704103247688747e+00 8.31424172547107785e-12 -8.31443002424920814e-12
1.99704103247865028e+00 -7.77341620929624320e-14 7.74802182063736744e-14
1.99704103246838582e+00 -4.34791462319986318e-12 4.34778708830002171e-12
1.99704103244783915e+00 -8.24124976970328033e-12 8.24152190217363687e-12
1.99704103241639075e+00 -1.46441318178234363e-11 1.46446211801950272e-11
1.99704103235724761e+00 -2.84864367682093243e-11 2.84871874079547649e-11
1.99704103221802454e+00 -6.13803117173429995e-11 6.13813434175067403e-11
1.99704103198558536e+00 -1.39657257996381336e-10 1.39658819639086497e-10
1.99704103156728840e+00 -2.61621048377765432e-10 2.61623134626254858e-10
1.99704102926776694e+00 -3.93710345505403750e-10 3.93713027120535466e-10
1.07283206442787327e+00 -3.80551766683357648e-02 -3.80551766683357301e-02
1.24374505414100667e+00 -5.54739747867188659e-02 -5.54739747867192060e-02
1.47580111844055373e+00 -5.32895388875124845e-02 -5.32895388875122417e-02
1.65961903058036775e+00 -4.45061399021082285e-02 -4.45061399021080203e-02
1.78755697742331954e+00 -3.24613039468428441e-02 -3.24613039468428927e-02
1.87241870910383579e+00 -2.15657634889166762e-02 -2.15657634889166935e-02
1.92505885230270168e+00 -1.35562855953336638e-02 -1.35562855953335268e-02
1.95616327567515746e+00 -8.20770682634027089e-03 -8.20770682634020497e-03
1.97416393777983212e+00 -4.82262984306230415e-03 -4.82262984306204481e-03
1.98440694164444342e+00 -2.76966361002600270e-03 -2.76966361002621911e-03
1.99013078284906442e+00 -1.56342783876127532e-03 -1.56342783876135968e-03
1.99328856918836794e+00 -8.70229947022261858e-04 -8.70229947022538980e-04
1.99501596713723539e+00 -4.78874544254570295e-04 -4.78874544254721162e-04
1.99595368999157463e+00 -2.61167692755108298e-04 -2.61167692755557808e-04
1.99645939757160207e+00 -1.41437795874577594e-04 -1.41437795874594941e-04
1.99673083387651884e+00 -7.61666828059066664e-05 -7.61666828065181293e-05
1.99687600679185806e+00 -4.08335393936110552e-05 -4.08335393939174168e-05
1.99695341291846495e+00 -2.18157190028912831e-05 -2.18157190037316956e-05
1.99699458832465604e+00 -1.16235248346415248e-05 -1.16235248352044527e-05
1.99701645064682221e+00 -6.17925222857095462e-06 -6.17925222913249935e-06
1.99702803972025711e+00 -3.27888293646720813e-06 -3.27888293653387089e-06
1.99703417427853069e+00 -1.73709030833328931e-06 -1.73709030846606871e-06
1.99703741746342489e+00 -9.18957623675782815e-07 -9.18957622764408398e-07
1.99703912995334720e+00 -4.85489731646832864e-07 -4.85489730509437975e-07
1.99704003304582911e+00 -2.56140176149719604e-07 -2.56140173476184726e-07
1.99704050865120775e+00 -1.34943985848545185e-07 -1.34943982987109123e-07
1.99704075874038511e+00 -7.09787767511121284e-08 -7.09787727549193285e-08
1.99704089000207197e+00 -3.72616409905111873e-08 -3.72616374606434959e-08
1.99704095873325582e+00 -1.95128514664598624e-08 -1.95128483642819859e-08
1.99704099460827633e+00 -1.01842943941688183e-08 -1.01842928774088549e-08
1.99704101325057159e+00 -5.29059961420932902e-09 -5.29059933958229847e-09
1.99704102287574248e+00 -2.72978085121666927e-09 -2.72978246778189006e-09
1.99704102779803949e+00 -1.39436835609132526e-09 -1.39437139265316589e-09
1.99704103027915769e+00 -7.01485018437002289e-10 -7.01489045607912206e-10
1.99704103150204060e+00 -3.44699371168014381e-10 -3.44703542578746840e-10
1.99704103208336936e+00 -1.63119650601879975e-10 -1.63123897388634495e-10
1.99704103234359365e+00 -7.23390562152544872e-11 -7.23422110179588883e-11
1.99704103244712905e+00 -2.82735563862034070e-11 -2.82756747811709256e-11
1.99704103247688702e+00 -8.31391430284697242e-12 -8.31448053785613219e-12
1.99704103247865028e+00 7.68086623499071597e-14 7.73905837174234299e-14
1.99704103246838516e+00 4.34609022318217674e-12 4.34775552795067349e-12
1.99704103244783826e+00 8.23919276344235030e-12 8.24144124795265890e-12
1.99704103241639097e+00 1.46421474032736378e-11 1.46445290767908899e-11
1.99704103235724673e+00 2.84849956627496949e-11 2.84872146279624767e-11
1.99704103221802387e+00 6.13794682990497947e-11 6.13812447035665671e-11
1.99704103198558358e+00 1.39657766398729311e-10 1.39658768288407479e-10
1.99704103156728796e+00 2.61623016902717770e-10 2.61623109406802542e-10
1.99704102926776694e+00 3.93714061084385569e-10 3.93713126112836003e-10
1.07324300491449276e+00 -1.28595642335341598e-01 -3.77496791246497085e-02
1.24424515274183056e+00 -1.63902439832953439e-01 -5.50622149763522264e-02
1.44235996794672316e+00 -1.44351406958107220e-01 -5.26638382211933945e-02
1.57696444808238789e+00 -1.09888617677277201e-01 -4.32744143566152206e-02
1.66152940947482053e+00 -7.48473475323226389e-02 -3.08961956533432176e-02
1.71316226016724182e+00 -4.72449181436720295e-02 -2.00754871834061890e-02
1.74260468166571170e+00 -2.85228245815206394e-02 -1.23297118074114885e-02
1.75873877722385896e+00 -1.67022909221488901e-02 -7.29501758522641073e-03
1.76754623781556020e+00 -9.54158976558842388e-03 -4.19770455884658535e-03
1.77231410709880022e+00 -5.35437775563679403e-03 -2.36607930803278601e-03
1.77486321112426637e+00 -2.96638128832843332e-03 -1.31356921849690471e-03
1.77621962738355488e+00 -1.62629779497648597e-03 -7.20878124758634513e-04
1.77694076074831653e+00 -8.84053140144397376e-04 -3.92155209259714037e-04
1.77732333173977630e+00 -4.77454905681680246e-04 -2.11945338700128197e-04
1.77752592463849202e+00 -2.56565587885334428e-04 -1.13989650337159039e-04
1.77763316779634195e+00 -1.37316363936561048e-04 -6.10701202571855672e-05
1.77768995268862162e+00 -7.32628919866123573e-05 -3.26181425772392996e-05
1.77771999734203234e+00 -3.89923102811301099e-05 -1.73839568963094697e-05
1.77773589036677970e+00 -2.07115347833145545e-05 -9.24809380471458282e-06
1.77774429524901634e+00 -1.09833959620113834e-05 -4.91174494168650347e-06
1.77774873704124725e+00 -5.81647464961514070e-06 -2.60479587129115993e-06
1.77775108267993875e+00 -3.07639834294776381e-06 -1.37949501921571380e-06
1.77775232043232512e+00 -1.62521609484394939e-06 -7.29619748467106937e-07
1.77775297293159218e+00 -8.57562065594399108e-07 -3.85390829435524252e-07
1.77775331648524570e+00 -4.51935703257112496e-07 -2.03287641974768250e-07
1.77775349711652719e+00 -2.37837784691375978e-07 -1.07071475555020889e-07
1.77775359192707438e+00 -1.24960085084882064e-07 -5.62988217961495598e-08
1.77775364158583971e+00 -6.55203788296738690e-08 -2.95418321898540377e-08
1.77775366752335429e+00 -3.42627964331137225e-08 -1.54612258025660907e-08
1.77775368101981490e+00 -1.78517063358724448e-08 -8.06359200295632953e-09
1.77775368800508726e+00 -9.25280820653085425e-09 -4.18481379253218543e-09
1.77775369159209173e+00 -4.75943107703055005e-09 -2.15638375172313375e-09
1.77775369341242140e+00 -2.42037600185747526e-09 -1.09945549676749900e-09
1.77775369431954977e+00 -1.20961414416667290e-09 -5.51645498132123674e-10
1.77775369475870293e+00 -5.88225000864265501e-10 -2.69967643368954208e-10
1.77775369496122826e+00 -2.73505914388442905e-10 -1.26878033225007603e-10
1.77775369504693703e+00 -1.17373485075561314e-10 -5.55293549175131522e-11
1.77775369507656067e+00 -4.28157828565703416e-11 -2.11950843897002260e-11
1.77775369508137193e+00 -1.00371129338174415e-11 -5.85460817491351720e-12
1.77775369507877490e+00 3.39163664862156567e-12 6.97122124280382328e-13
1.77775369507125736e+00 1.02445726780997937e-11 4.07533923599551704e-12
1.77775369506119429e+00 1.69307619884179402e-11 7.15929361877063483e-12
1.77775369504732250e+00 2.92396394681562631e-11 1.25315596338108570e-11
1.77775369502122738e+00 5.73144843072802113e-11 2.42836866776956964e-11
1.77775369495512114e+00 1.26594864034293217e-10 5.23354222408332968e-11
1.77775369484515267e+00 2.95074922158023324e-10 1.19562206417406652e-10
1.77775369464614630e+00 5.53738212274288407e-10 2.25694333035665299e-10
1.77775369344733525e+00 8.15075668066257475e-10 3.49755076547588154e-10
1.03041788039916038e+00 -2.14371263237702780e-01 -3.47554904954295377e-02
1.16853765959855815e+00 -2.24022969234314001e-01 -4.96191728832132486e-02
1.25859310413713432e+00 -1.70449348731845696e-01 -4.59855690706832410e-02
1.28673090844152949e+00 -1.10477201615085563e-01 -3.57589539468800982e-02
1.30126162351621644e+00 -6.52645842007110039e-02 -2.42371960592953871e-02
1.30845299204700205e+00 -3.65580020348106952e-02 -1.50563658162426138e-02
1.31064481504874419e+00 -2.00007615043425804e-02 -8.86665266124731129e-03
1.31086484029202355e+00 -1.07970115963853600e-02 -5.04935545727245791e-03
1.31070750480383058e+00 -5.77398390153199739e-03 -2.81285634163760956e-03
1.31045218732911795e+00 -3.07478848200162325e-03 -1.54099425949650540e-03
1.31022425361991424e+00 -1.63481029658086880e-03 -8.34276405191635350e-04
1.31006560760431778e+00 -8.67975132734756451e-04 -4.48409347198764784e-04
1.30996614122108435e+00 -4.60354121225801157e-04 -2.39987108344412236e-04
1.30990683797731755e+00 -2.44031083085366761e-04 -1.28104249176774380e-04
1.30987275365199851e+00 -1.29289256736439767e-04 -6.82671370401577611e-05
1.30985371873985956e+00 -6.84577575791192139e-05 -3.63368286738416696e-05
1.30984329230478713e+00 -3.62317023428807594e-05 -1.93229479906312250e-05
1.30983764918652068e+00 -1.91646630275676140e-05 -1.02680761828574915e-05
1.30983462441249365e+00 -1.01302592088278397e-05 -5.45221213241919707e-06
1.30983301383781403e+00 -5.35142341104208274e-06 -2.89235097048584439e-06
1.30983215922784968e+00 -2.82513676775857383e-06 -1.53273482268216927e-06
1.30983170674220273e+00 -1.49031988287418339e-06 -8.11285687569245666e-07
1.30983146754346191e+00 -7.85475511551605257e-07 -4.28870875578189877e-07
1.30983134118856337e+00 -4.13559775663931777e-07 -2.26403152243491917e-07
1.30983127446005621e+00 -2.17476799725163059e-07 -1.19341814991232469e-07
1.30983123923099098e+00 -1.14193784608557115e-07 -6.28043024644970871e-08
1.30983122064067969e+00 -5.98509257325209785e-08 -3.29890474214495844e-08
1.30983121083734333e+00 -3.12945230659453135e-08 -1.72889498390964674e-08
1.30983120567330258e+00 -1.63109565735847041e-08 -9.03478384063891704e-09
1.30983120295771283e+00 -8.46345426131807852e-09 -4.70311370737641770e-09
1.30983120153330712e+00 -4.36313758765166744e-09 -2.43492864124998129e-09
1.30983120078894011e+00 -2.22768391754076143e-09 -1.25066139489778778e-09
1.30983120040205070e+00 -1.12074408328343614e-09 -6.34809285996699308e-10
1.30983120020254296e+00 -5.50967862982443013e-10 -3.16422994533048099e-10
1.30983120010082099e+00 -2.60838802038973255e-10 -1.53276394835088161e-10
1.30983120004981579e+00 -1.15560386187657802e-10 -7.08107870242489363e-11
1.30983120002494058e+00 -4.47542861708062886e-11 -3.00239882681065928e-11
1.30983120001312514e+00 -1.22403918575102001e-11 -1.06471981275703594e-11
1.30983120000755848e+00 7.58184035421309676e-13 -2.11660882535287001e-12
1.30983120000531272e+00 5.30206412561961693e-12 1.43340298610664964e-12
1.30983120000476694e+00 7.43888933103018386e-12 3.33026204250167354e-12
1.30983120000513753e+00 1.00136780435967463e-11 5.40654961898230467e-12
1.30983120000653286e+00 1.64454940446891292e-11 9.41619624489895938e-12
1.30983120000973985e+00 3.33462624667427034e-11 1.82911241311743193e-11
1.30983120001282960e+00 8.00955394315355794e-11 3.93187759079877478e-11
1.30983120001835629e+00 2.00971662459378212e-10 8.90126070468222199e-11
1.30983120005109566e+00 3.77680837340529443e-10 1.66159677652702048e-10
1.30983120004645914e+00 5.17870655748129147e-10 2.57785632801415805e-10
7.46652395630460042e-01 -9.76501836771317966e-02 -2.31155302379375850e-02
7.46439111835292102e-01 -9.88052701265360045e-02 -2.92039220091628651e-02
6.70603416602993496e-01 -6.88174310765923836e-02 -2.37914707374988800e-02
6.00144931212969412e-01 -4.03248377403907440e-02 -1.63504348061310617e-02
5.68085532492450529e-01 -2.18789335707892003e-02 -1.01514659056500794e-02
5.52440616327281919e-01 -1.14289812587277002e-02 -5.91109948233517393e-03
5.43889413992323267e-01 -5.89308546865464911e-03 -3.31386045253280774e-03
5.39404008905180254e-01 -3.02305270878645404e-03 -1.81618639354812141e-03
5.37116642095706198e-01 -1.55137507372950711e-03 -9.81734195720737092e-04
5.35920784681287676e-01 -7.99021523645460996e-04 -5.25108215936970278e-04
5.35288058163011726e-01 -4.13387102767752293e-04 -2.78964806760856777e-04
5.34953886591185479e-01 -2.14854444710005691e-04 -1.47820037368746529e-04
5.34777077120583755e-01 -1.12169950511013041e-04 -7.83122707626701566e-05
5.34683296901143024e-01 -5.87799593862220102e-05 -4.15130691515891591e-05
5.34633596561490343e-01 -3.08795794790133312e-05 -2.20226027255785060e-05
5.34607309134394915e-01 -1.62501029264750706e-05 -1.16895628407933266e-05
5.34593420255495944e-01 -8.56279416194902576e-06 -6.20596493621658572e-06
5.34586085903547614e-01 -4.51489224626787396e-06 -3.29433252897232796e-06
5.34582216923411235e-01 -2.38088035097851705e-06 -1.74786518933845262e-06
5.34580177669603196e-01 -1.25547145544263611e-06 -9.26535736724883359e-07
5.34579103070707995e-01 -6.61848658936832802e-07 -4.90577762347714037e-07
5.34578536941439975e-01 -3.48710930157615827e-07 -2.59395990406192075e-07
5.34578238830167640e-01 -1.83578197804996506e-07 -1.36953177052846626e-07
5.34578081941952332e-01 -9.65447840729077977e-08 -7.21923264300857504e-08
5.34577999438497820e-01 -5.07074291986841706e-08 -3.79902452780317159e-08
5.34577956099921980e-01 -2.65891267110588421e-08 -1.99546684402873809e-08
5.34577933368850955e-01 -1.39135687001178496e-08 -1.04590557623918819e-08
5.34577921470479889e-01 -7.26110520708276469e-09 -5.46790952912743381e-09
5.34577915259623948e-01 -3.77550420489926104e-09 -2.84909333661611922e-09
5.34577912030305136e-01 -1.95295022439436817e-09 -1.47781599777440288e-09
5.34577910360780839e-01 -1.00253163837866677e-09 -7.61580726751616359e-10
5.34577909504961757e-01 -5.08756966726877806e-10 -3.88730378465380404e-10
5.34577909071914492e-01 -2.53614792158519539e-10 -1.95553682963850940e-10
5.34577908857194251e-01 -1.22855931621427952e-10 -9.61705223822341188e-11
5.34577908754178099e-01 -5.66836610890495006e-11 -4.55905250388195607e-11
5.34577908707528859e-01 -2.38580078236210851e-11 -2.02803416256757186e-11
5.34577908688729231e-01 -8.14690820989939651e-12 -7.96322778691397497e-12
5.34577908683109504e-01 -1.24261169151661221e-12 -2.27839363515515867e-12
5.34577908682904446e-01 1.24603952075903120e-12 1.11945229956415251e-13
5.34577908684260361e-01 1.87417222351077152e-12 1.09644380930994697e-12
5.34577908685779146e-01 1.99335999508316200e-12 1.74291477439195058e-12
5.34577908686815428e-01 2.28797155705134605e-12 2.72977439127721576e-12
5.34577908686968861e-01 3.68898837105684121e-12 4.90264233249789943e-12
5.34577908687645986e-01 8.20338746682685415e-12 9.66746023009377560e-12
5.34577908691336257e-01 2.24679400141206590e-11 2.05654253733980287e-11
5.34577908698697590e-01 6.22107671277496132e-11 4.51893448700778991e-11
5.34577908767731147e-01 1.16445134563928668e-10 7.93023912985943560e-11
5.34577909072143198e-01 1.30966686548304140e-10 1.06238285496737905e-10
7.50151347375840771e-01 9.74055355483329499e-02 -8.00237060176960113e-02
7.56106252020265268e-01 9.88348717576941066e-02 -8.98991178222048604e-02
6.68105432440503688e-01 6.88027657116894037e-02 -6.71536045327737058e-02
5.81301790742981161e-01 4.01427887465285044e-02 -4.26534900782038276e-02
5.37891328075336572e-01 2.16600676423930015e-02 -2.51047066325442887e-02
5.15048426473512233e-01 1.12433693190404620e-02 -1.40680233508327646e-02
5.02224813201109122e-01 5.74900027584743928e-03 -7.64235525344477643e-03
4.95369834285787014e-01 2.91605138026042668e-03 -4.07473520063251007e-03
4.91806343801914181e-01 1.47683407382816971e-03 -2.15019051357215113e-03
4.89939453620792831e-01 7.50622355485787234e-04 -1.12724537453870975e-03
4.88957727256501329e-01 3.83184586694174426e-04 -5.88931895195654478e-04
4.88443153413599840e-01 1.96485285068768545e-04 -3.07647547200097385e-04
4.88173349746410468e-01 1.01282621785315940e-04 -1.61019479286995926e-04
4.88031474151390365e-01 5.24858190293184159e-05 -8.44953269911900758e-05
4.87956740757302943e-01 2.73200492125081456e-05 -4.44525118820820916e-05
4.87917339996327248e-01 1.42754447056296881e-05 -2.34377989049042192e-05
4.87896546597939851e-01 7.48442933454656302e-06 -1.23783954635361152e-05
4.87885561488585362e-01 3.93214148067625557e-06 -6.54402041625896750e-06
4.87879757468723529e-01 2.06864635399696232e-06 -3.46077233858127106e-06
4.87876691303085752e-01 1.08938614519218472e-06 -1.82989416079700934e-06
4.87875071646922565e-01 5.73968137447409859e-07 -9.66995996133205564e-07
4.87874216472182543e-01 3.02377513676963730e-07 -5.10530613451394875e-07
4.87873765316075014e-01 1.59210516982234546e-07 -2.69218436750533623e-07
4.87873527548386809e-01 8.37521384144312831e-08 -1.41770247134611165e-07
4.87873402394142341e-01 4.40009681988533866e-08 -7.45377767853506947e-08
4.87873336615594511e-01 2.30781379496100572e-08 -3.91179239088613680e-08
4.87873302106975659e-01 1.20785045342261292e-08 -2.04851865029196723e-08
4.87873284044010869e-01 6.30416441474969328e-09 -1.06991058235190553e-08
4.87873274616855646e-01 3.27816643894619209e-09 -5.56856568804106918e-09
4.87873269716296520e-01 1.69581061544878137e-09 -2.88441027694576584e-09
4.87873267183143333e-01 8.70639661803581443e-10 -1.48380935373393492e-09
4.87873265884525620e-01 4.41944656303379063e-10 -7.55536231879284162e-10
4.87873265227068365e-01 2.20427674344687088e-10 -3.78749373125925457e-10
4.87873264900612502e-01 1.06889115690656667e-10 -1.85264141727563867e-10
4.87873264743495738e-01 4.94120624733695911e-11 -8.70460440369415534e-11
4.87873264671833728e-01 2.08851583236717459e-11 -3.80888772912352290e-11
4.87873264642353588e-01 7.22872055631815035e-12 -1.44300138284448934e-11
4.87873264632856296e-01 1.21562753925298387e-12 -3.66639829973717511e-12
4.87873264631917491e-01 -9.88402307481509795e-13 7.44069786422151307e-13
4.87873264633876480e-01 -1.54463923120829193e-12 2.47332010933025669e-12
4.87873264636791204e-01 -1.56423962880736634e-12 3.54206119465962487e-12
4.87873264640111104e-01 -1.60942657071224849e-12 5.23341157997088950e-12
4.87873264643939708e-01 -2.35114629838554339e-12 9.19688586968475149e-12
4.87873264651816629e-01 -5.27753855843146745e-12 1.82626929591369810e-11
4.87873264672159357e-01 -1.52879886743533413e-11 3.96535135844540055e-11
4.87873264700235565e-01 -4.38426974969683931e-11 8.84513775269107307e-11
4.87873264797628214e-01 -8.64238445359534473e-11 1.57384409562039121e-10
4.87873265293817915e-01 -1.21091622595520602e-10 2.19187709052859850e-10
1.03248328056189442e+00 2.13757250699294049e-01 -1.18441353672104163e-01
1.17512859663390934e+00 2.24338203001117592e-01 -1.49138421501161689e-01
1.23855987151454805e+00 1.70409899960469957e-01 -1.26756774411903111e-01
1.23053089322204623e+00 1.09438871096000784e-01 -9.02931640323659801e-02
1.21742150482096512e+00 6.39606008486507255e-02 -5.76541419727937335e-02
1.20516422428236081e+00 3.54289848112726014e-02 -3.42712483969279946e-02
1.19518345363399225e+00 1.91188938474194589e-02 -1.94798800915625923e-02
1.18833750209556843e+00 1.01604028346291980e-02 -1.07682179200383754e-02
1.18416382046948376e+00 5.34940693746824118e-03 -5.84839391090489873e-03
1.18171732388410988e+00 2.80574989511688921e-03 -3.13786803031152091e-03
1.18031435836821430e+00 1.46987073539996409e-03 -1.67009263297509007e-03
1.17952925454245183e+00 7.69815433128730447e-04 -8.84972226741304914e-04
1.17909729631772509e+00 4.03470263245015966e-04 -4.68055067210862354e-04
1.17886182656679317e+00 2.11767562094695408e-04 -2.47428414180000846e-04
1.17873438562607857e+00 1.11308217912084575e-04 -1.30819024743326863e-04
1.17866583006071024e+00 5.85879531451373475e-05 -6.91961222017612625e-05
1.17862913208287767e+00 3.08809954259395072e-05 -3.66188083972694478e-05
1.17860953806575885e+00 1.62869468128137791e-05 -1.93846405407100990e-05
1.17859910500433118e+00 8.59270241437196222e-06 -1.02616179950766238e-05
1.17859356152884431e+00 4.53448451832075223e-06 -5.43073174259288039e-06
1.17859062037754847e+00 2.39281729357182615e-06 -2.87256734934567697e-06
1.17858906214860060e+00 1.26215367362472655e-06 -1.51823942373132644e-06
1.17858823777340249e+00 6.65281270328869264e-07 -8.01627361134045950e-07
1.17858780220111692e+00 3.50331060798730703e-07 -4.22750612430066679e-07
1.17858757234549816e+00 1.84253229602523585e-07 -2.22634352490357604e-07
1.17858745121223185e+00 9.67566103216136841e-08 -1.17057475665815175e-07
1.17858738747263203e+00 5.07119042137443705e-08 -6.14293668933458943e-08
1.17858735399330294e+00 2.65137245087976596e-08 -3.21611072888685333e-08
1.17858733644780322e+00 1.38168756844448229e-08 -1.67866136746722931e-08
1.17858732728028937e+00 7.16762512039874920e-09 -8.72559672611110284e-09
1.17858732251020992e+00 3.69401047385779168e-09 -4.50891610061908242e-09
1.17858732004303368e+00 1.88539191052235863e-09 -2.30995199860196807e-09
1.17858731877815592e+00 9.48153932204864409e-10 -1.16814599677591665e-09
1.17858731813818185e+00 4.65889680581426858e-10 -5.79018434936028529e-10
1.17858731782084725e+00 2.20404861258237274e-10 -2.77969131808802953e-10
1.17858731766844205e+00 9.75331416605533454e-11 -1.26421832367260992e-10
1.17858731759907021e+00 3.77452334361297889e-11 -5.19841901703957291e-11
1.17858731757027968e+00 1.03571508124382779e-11 -1.70829757990386929e-11
1.17858731756045487e+00 -7.15935244793577561e-13 -2.09850375241507026e-12
1.17858731755925494e+00 -4.58044638352091862e-12 3.91528817159279795e-12
1.17858731756161750e+00 -6.17308058812487732e-12 7.01706218815171214e-12
1.17858731756743751e+00 -7.97553396655759183e-12 1.05098277491602438e-11
1.17858731757719104e+00 -1.27170392854215905e-11 1.78379327028456779e-11
1.17858731759649205e+00 -2.56020954656608816e-11 3.48591052922626109e-11
1.17858731763719193e+00 -6.19363317873209921e-11 7.67106462136040231e-11
1.17858731769899427e+00 -1.56901205348598066e-10 1.77252016099532636e-10
1.17858731783420079e+00 -3.03180538570093312e-10 3.34501304413950503e-10
1.17858731837588593e+00 -4.54898561184799636e-10 5.25840864863849527e-10
1.07394321415323413e+00 1.27739108052721845e-01 -1.27739108052722067e-01
1.24615491230609821e+00 1.63336217392261757e-01 -1.63336217392261701e-01
1.41236960444887027e+00 1.43345049323059276e-01 -1.43345049323059415e-01
1.50087912171598270e+00 1.07553336022444337e-01 -1.07553336022444282e-01
1.54668012446483139e+00 7.19111689642488450e-02 -7.19111689642488450e-02
1.56987262271430539e+00 4.45335654049680424e-02 -4.45335654049681604e-02
1.58031816344263154e+00 2.63318145029545758e-02 -2.63318145029544856e-02
1.58471219506123995e+00 1.50961962346887781e-02 -1.50961962346888526e-02
1.58657972061199604e+00 8.45909994987430712e-03 -8.45909994987426896e-03
1.58735288625416460e+00 4.66417316906558767e-03 -4.66417316906585049e-03
1.58765213795218862e+00 2.54304021336467043e-03 -2.54304021336461449e-03
1.58776274962554576e+00 1.37513312073248928e-03 -1.37513312073267663e-03
1.58780179281976275e+00 7.39136236150090198e-04 -7.39136236150099522e-04
1.58781391985478337e+00 3.95626024231324409e-04 -3.95626024231664198e-04
1.58781660789767209e+00 2.11127655810795914e-04 -2.11127655810628838e-04
1.58781642974238579e+00 1.12419974200233933e-04 -1.12419974200492001e-04
1.58781585475376152e+00 5.97632584335010839e-05 -5.97632584331885558e-05
1.58781525068800122e+00 3.17298479977181681e-05 -3.17298479975652888e-05
1.58781481893489285e+00 1.68275799833209081e-05 -1.68275799826743476e-05
1.58781454841890146e+00 8.91544373231465245e-06 -8.91544373195012674e-06
1.58781438702610211e+00 4.71898661968144468e-06 -4.71898661867621817e-06
1.58781429382956452e+00 2.49531228317969025e-06 -2.49531228252949124e-06
1.58781424126854298e+00 1.31808198387344375e-06 -1.31808198288981489e-06
1.58781421200814954e+00 6.95444586666109884e-07 -6.95444586124884207e-07
1.58781419582502203e+00 3.66462467989470341e-07 -3.66462467235839982e-07
1.58781418690844212e+00 1.92824790071735843e-07 -1.92824789545271673e-07
1.58781418200330360e+00 1.01285039508062094e-07 -1.01285038900033548e-07
1.58781417930265634e+00 5.30881650349250560e-08 -5.30881652446936124e-08
1.58781417781127843e+00 2.77484774744906496e-08 -2.77484779652544983e-08
1.58781417698341176e+00 1.44486507337858715e-08 -1.44486521341813338e-08
1.58781417652015300e+00 7.48287675142851229e-09 -7.48287823355754033e-09
1.58781417625790255e+00 3.84483891458704616e-09 -3.84484081693148177e-09
1.58781417610710252e+00 1.95232350196422103e-09 -1.95232503578423373e-09
1.58781417601864350e+00 9.73563312247800818e-10 -9.73564693566990264e-10
1.58781417596548602e+00 4.71831821184361186e-10 -4.71832592983816216e-10
1.58781417593268026e+00 2.18115768381368188e-10 -2.18116139420961125e-10
1.58781417591206209e+00 9.25815607691148608e-11 -9.25814523260265853e-11
1.58781417589887197e+00 3.30332612260403986e-11 -3.30330993227891396e-11
1.58781417589051066e+00 7.02233301843367769e-12 -7.02221024206623768e-12
1.58781417588552753e+00 -3.68803577620857317e-12 3.68816406148832765e-12
1.58781417588242557e+00 -9.08753280945172611e-12 9.08779877689999127e-12
1.58781417588084928e+00 -1.43641843009042033e-11 1.43644738992008065e-11
1.58781417588069007e+00 -2.44770441313954839e-11 2.44774613561489365e-11
1.58781417588016449e+00 -4.77645910179961599e-11 4.77651588203273792e-11
1.58781417587250795e+00 -1.05553337270168142e-10 1.05554114986743310e-10
1.58781417585812190e+00 -2.46941298327998195e-10 2.46942371690758038e-10
1.58781417583380247e+00 -4.68381084630858207e-10 4.68382362691041207e-10
1.58781417551276260e+00 -7.19746145035966033e-10 7.19747690831200368e-10
1.07324300491449254e+00 3.77496791246496460e-02 -1.28595642335341598e-01
1.24424515274183167e+00 5.50622149763526220e-02 -1.63902439832953412e-01
1.44235996794672250e+00 5.26638382211936373e-02 -1.44351406958107081e-01
1.57696444808238811e+00 4.32744143566154080e-02 -1.09888617677277561e-01
1.66152940947482075e+00 3.08961956533430893e-02 -7.48473475323225973e-02
1.71316226016724116e+00 2.00754871834060676e-02 -4.72449181436719323e-02
1.74260468166571236e+00 1.23297118074116273e-02 -2.85228245815206290e-02
1.75873877722385830e+00 7.29501758522648879e-03 -1.67022909221485535e-02
1.76754623781556242e+00 4.19770455884673887e-03 -9.54158976558857480e-03
1.77231410709879955e+00 2.36607930803296035e-03 -5.35437775563664484e-03
1.77486321112426770e+00 1.31356921849653239e-03 -2.96638128832838908e-03
1.77621962738355355e+00 7.20878124758540079e-04 -1.62629779497633570e-03
1.77694076074831786e+00 3.92155209258962740e-04 -8.84053140144255563e-04
1.77732333173977475e+00 2.11945338700306304e-04 -4.77454905682032503e-04
1.77752592463849091e+00 1.13989650336449930e-04 -2.56565587885687499e-04
1.77763316779634084e+00 6.10701202572385847e-05 -1.37316363936948162e-04
1.77768995268862096e+00 3.26181425771087210e-05 -7.32628919871818344e-05
1.77771999734203145e+00 1.73839568970045890e-05 -3.89923102814078147e-05
1.77773589036677793e+00 9.24809380483896791e-06 -2.07115347839381198e-05
1.77774429524901456e+00 4.91174494272679037e-06 -1.09833959622409514e-05
1.77774873704124570e+00 2.60479587208426780e-06 -5.81647465010386855e-06
1.77775108267993742e+00 1.37949502071224441e-06 -3.07639834245788866e-06
1.77775232043232423e+00 7.29619749725684923e-07 -1.62521609456356560e-06
1.77775297293159040e+00 3.85390831284409347e-07 -8.57562064594452256e-07
1.77775331648524526e+00 2.03287643140135184e-07 -4.51935701519258598e-07
1.77775349711652653e+00 1.07071476967675690e-07 -2.37837782146746544e-07
1.77775359192707527e+00 5.62988222573324372e-08 -1.24960082361964636e-07
1.77775364158584304e+00 2.95418327141105419e-08 -6.55203762144375554e-08
1.77775366752335717e+00 1.54612249565371852e-08 -3.42627945025013639e-08
1.77775368101981845e+00 8.06359051413560059e-09 -1.78517054671108989e-08
1.77775368800509126e+00 4.18481116336296311e-09 -9.25280846366937587e-09
1.77775369159209595e+00 2.15638148570809705e-09 -4.75943223674518452e-09
1.77775369341242429e+00 1.09945297590862221e-09 -2.42037803422582130e-09
1.77775369431955244e+00 5.51643873347885257e-10 -1.20961700335402287e-09
1.77775369475870315e+00 2.69966284722289044e-10 -5.88228300117894351e-10
1.77775369496122870e+00 1.26877313527248695e-10 -2.73508741075363170e-10
1.77775369504693570e+00 5.55288448230702545e-11 -1.17375612495936821e-10
1.77775369507656023e+00 2.11950363674799169e-11 -4.28169832027882164e-11
1.77775369508137104e+00 5.85451823930919402e-12 -1.00374012791152267e-11
1.77775369507877334e+00 -6.97239465894425469e-13 3.39235096647076010e-12
1.77775369507125647e+00 -4.07532680313709452e-12 1.02458349724571537e-11
1.77775369506119474e+00 -7.15892797996266051e-12 1.69324668954277841e-11
1.77775369504732361e+00 -1.25311358299369078e-11 2.92414170772342782e-11
1.77775369502122849e+00 -2.42829401315789123e-11 5.73161574719997074e-11
1.77775369495512270e+00 -5.23343847633808174e-11 1.26596007222735372e-10
1.77775369484515489e+00 -1.19561081182259343e-10 2.95075595175223634e-10
1.77775369464614941e+00 -2.25692671913848276e-10 5.53738201092780798e-10
1.77775369344733658e+00 -3.49752712177938049e-10 8.15074800812189245e-10
1.07324300491449276e+00 -3.77496791246497571e-02 -1.28595642335341626e-01
1.24424515274183101e+00 -5.50622149763528579e-02 -1.63902439832953190e-01
1.44235996794672294e+00 -5.26638382211938871e-02 -1.44351406958107359e-01
1.57696444808238789e+00 -4.32744143566153872e-02 -1.09888617677277117e-01
1.66152940947482053e+00 -3.08961956533431725e-02 -7.48473475323226667e-02
1.71316226016724049e+00 -2.00754871834061821e-02 -4.72449181436720433e-02
1.74260468166571192e+00 -1.23297118074115405e-02 -2.85228245815206012e-02
1.75873877722385918e+00 -7.29501758522652782e-03 -1.67022909221486507e-02
1.76754623781556064e+00 -4.19770455884667729e-03 -9.54158976558855919e-03
1.77231410709880066e+00 -2.36607930803293216e-03 -5.35437775563663704e-03
1.77486321112426704e+00 -1.31356921849658465e-03 -2.96638128832851398e-03
1.77621962738355466e+00 -7.20878124758676363e-04 -1.62629779497646103e-03
1.77694076074831631e+00 -3.92155209259263389e-04 -8.84053140144609988e-04
1.77732333173977519e+00 -2.11945338699974999e-04 -4.77454905681890961e-04
1.77752592463849135e+00 -1.13989650336453630e-04 -2.56565587885990533e-04
1.77763316779634151e+00 -6.10701202569278523e-05 -1.37316363936950547e-04
1.77768995268862073e+00 -3.26181425766248822e-05 -7.32628919872369255e-05
1.77771999734203190e+00 -1.73839568958998479e-05 -3.89923102813370502e-05
1.77773589036677859e+00 -9.24809380393206329e-06 -2.07115347838578109e-05
1.77774429524901523e+00 -4.91174494162837329e-06 -1.09833959621473762e-05
1.77774873704124636e+00 -2.60479587097970634e-06 -5.81647465001807767e-06
1.77775108267993809e+00 -1.37949501988990395e-06 -3.07639834277001564e-06
1.77775232043232467e+00 -7.29619749152076011e-07 -1.62521609447497591e-06
1.77775297293159240e+00 -3.85390831160827981e-07 -8.57562064416191631e-07
1.77775331648524593e+00 -2.03287643722155795e-07 -4.51935701537675582e-07
1.77775349711652741e+00 -1.07071478419624496e-07 -2.37837782015977177e-07
1.77775359192707572e+00 -5.62988245497403410e-08 -1.24960082426157795e-07
1.77775364158584259e+00 -2.95418351415254026e-08 -6.55203761850265730e-08
1.77775366752335717e+00 -1.54612276360419451e-08 -3.42627947176758235e-08
1.77775368101981845e+00 -8.06359281711470057e-09 -1.78517055661162986e-08
1.77775368800509059e+00 -4.18481305593707632e-09 -9.25280874839138149e-09
1.77775369159209462e+00 -2.15638199896556367e-09 -4.75943222157302863e-09
1.77775369341242362e+00 -1.09945256331762663e-09 -2.42037821306233260e-09
1.77775369431955110e+00 -5.51642151032236238e-10 -1.20961698229836062e-09
1.77775369475870337e+00 -2.69964047213657270e-10 -5.88228364277016228e-10
1.77775369496122781e+00 -1.26875020717154166e-10 -2.73508711178110345e-10
1.77775369504693659e+00 -5.55269545601346839e-11 -1.17375816736661800e-10
1.77775369507655889e+00 -2.11940083981638307e-11 -4.28169408563921969e-11
1.77775369508137082e+00 -5.85451567459013797e-12 -1.00373375710149592e-11
1.77775369507877334e+00 6.96290212386775894e-13 3.39231805042013012e-12
1.77775369507125625e+00 4.07386957087662384e-12 1.02457490830934642e-11
1.77775369506119407e+00 7.15733416717215656e-12 1.69324432326976434e-11
1.77775369504732272e+00 1.25296288979279222e-11 2.92413547529746860e-11
1.77775369502122760e+00 2.42820274853900063e-11 5.73160502319441223e-11
1.77775369495512203e+00 5.23342965772057786e-11 1.26596014571493729e-10
1.77775369484515422e+00 1.19561691240783357e-10 2.95075501242266452e-10
1.77775369464614807e+00 2.25694573844982387e-10 5.53738141352957578e-10
1.77775369344733636e+00 3.49755954936200968e-10 8.15074882124489516e-10
1.07394321415323346e+00 -1.27739108052721845e-01 -1.27739108052722067e-01
1.24615491230609887e+00 -1.63336217392262006e-01 -1.63336217392262090e-01
1.41236960444886872e+00 -1.43345049323059220e-01 -1.43345049323059331e-01
1.50087912171598337e+00 -1.07553336022444407e-01 -1.07553336022444421e-01
1.54668012446483139e+00 -7.19111689642485813e-02 -7.19111689642486507e-02
1.56987262271430472e+00 -4.45335654049679106e-02 -4.45335654049678412e-02
1.58031816344263110e+00 -2.63318145029545099e-02 -2.63318145029546383e-02
1.58471219506123906e+00 -1.50961962346889359e-02 -1.50961962346887468e-02
1.58657972061199715e+00 -8.45909994987445284e-03 -8.45909994987435222e-03
1.58735288625416326e+00 -4.66417316906570130e-03 -4.66417316906566574e-03
1.58765213795219085e+00 -2.54304021336479967e-03 -2.54304021336469862e-03
1.58776274962554420e+00 -1.37513312073249579e-03 -1.37513312073272932e-03
1.58780179281976408e+00 -7.39136236149908268e-04 -7.39136236149953588e-04
1.58781391985478204e+00 -3.95626024231218048e-04 -3.95626024231844663e-04
1.58781660789767298e+00 -2.11127655810591514e-04 -2.11127655810785153e-04
1.58781642974238535e+00 -1.12419974200185564e-04 -1.12419974200847253e-04
1.58781585475376086e+00 -5.97632584328713928e-05 -5.97632584331588758e-05
1.58781525068800256e+00 -3.17298479971351045e-05 -3.17298479976508934e-05
1.58781481893489351e+00 -1.68275799824622234e-05 -1.68275799826604189e-05
1.58781454841890257e+00 -8.91544373148147188e-06 -8.91544373182548076e-06
1.58781438702610389e+00 -4.71898661884609486e-06 -4.71898661872493950e-06
1.58781429382956585e+00 -2.49531228271128908e-06 -2.49531228257949541e-06
1.58781424126854631e+00 -1.31808198372223143e-06 -1.31808198280410680e-06
1.58781421200815154e+00 -6.95444587006001442e-07 -6.95444586034057393e-07
1.58781419582502425e+00 -3.66462468878886276e-07 -3.66462467117764330e-07
1.58781418690844345e+00 -1.92824791355665208e-07 -1.92824789509096457e-07
1.58781418200330493e+00 -1.01285040981533239e-07 -1.01285038770992075e-07
1.58781417930265656e+00 -5.30881671096580721e-08 -5.30881654581418719e-08
1.58781417781127820e+00 -2.77484793340566507e-08 -2.77484782203377623e-08
1.58781417698341110e+00 -1.44486524897458085e-08 -1.44486527188324352e-08
1.58781417652015056e+00 -7.48287772142715983e-09 -7.48287868208867036e-09
1.58781417625790056e+00 -3.84483945719766491e-09 -3.84484122356647543e-09
1.58781417610709918e+00 -1.95232311231682054e-09 -1.95232527177800388e-09
1.58781417601864216e+00 -9.73562378996470633e-10 -9.73564905643035038e-10
1.58781417596548469e+00 -4.71830181512025764e-10 -4.71832602851964085e-10
1.58781417593268048e+00 -2.18114033886515214e-10 -2.18116189556440013e-10
1.58781417591206120e+00 -9.25800166090247941e-11 -9.25813423103456330e-11
1.58781417589887308e+00 -3.30324879875454545e-11 -3.30331128428519705e-11
1.58781417589051066e+00 -7.02245970217347298e-12 -7.02217880025059573e-12
1.58781417588552776e+00 3.68732571740480394e-12 3.68809917674716654e-12
1.58781417588242380e+00 9.08640729769872851e-12 9.08769276045505120e-12
1.58781417588084972e+00 1.43629246548783310e-11 1.43644023236208607e-11
1.58781417588068829e+00 2.44759259034118255e-11 2.44772861510318896e-11
1.58781417588016205e+00 4.77638744442166996e-11 4.77649743071989309e-11
1.58781417587250639e+00 1.05553134861381416e-10 1.05553853897848831e-10
1.58781417585812012e+00 2.46941992274311020e-10 2.46942150451482768e-10
1.58781417583380113e+00 4.68382586833785620e-10 4.68382242896588334e-10
1.58781417551276260e+00 7.19748687017845951e-10 7.19747911503479363e-10
1.03248328056189487e+00 -2.13757250699293910e-01 -1.18441353672104066e-01
1.17512859663390867e+00 -2.24338203001117259e-01 -1.49138421501161550e-01
1.23855987151454894e+00 -1.70409899960470596e-01 -1.26756774411903056e-01
1.23053089322204534e+00 -1.09438871096000145e-01 -9.02931640323654944e-02
1.21742150482096534e+00 -6.39606008486514888e-02 -5.76541419727939208e-02
1.20516422428236081e+00 -3.54289848112716646e-02 -3.42712483969278559e-02
1.19518345363399181e+00 -1.91188938474203228e-02 -1.94798800915626895e-02
1.18833750209556888e+00 -1.01604028346284105e-02 -1.07682179200382245e-02
1.18416382046948221e+00 -5.34940693746866792e-03 -5.84839391090472265e-03
1.18171732388411077e+00 -2.80574989511683890e-03 -3.13786803031147667e-03
1.18031435836821230e+00 -1.46987073539994219e-03 -1.67009263297510069e-03
1.17952925454245272e+00 -7.69815433129548260e-04 -8.84972226741264473e-04
1.17909729631772309e+00 -4.03470263244307494e-04 -4.68055067210583118e-04
1.17886182656679406e+00 -2.11767562095806824e-04 -2.47428414180008165e-04
1.17873438562607791e+00 -1.11308217910901887e-04 -1.30819024743122545e-04
1.17866583006070957e+00 -5.85879531459099703e-05 -6.91961222018304482e-05
1.17862913208287812e+00 -3.08809954249728664e-05 -3.66188083975180757e-05
1.17860953806575952e+00 -1.62869468131441152e-05 -1.93846405407813514e-05
1.17859910500433229e+00 -8.59270241360662899e-06 -1.02616179950463610e-05
1.17859356152884542e+00 -4.53448451798289450e-06 -5.43073174232522222e-06
1.17859062037754980e+00 -2.39281729298123243e-06 -2.87256734936091128e-06
1.17858906214860304e+00 -1.26215367296943793e-06 -1.51823942391506589e-06
1.17858823777340427e+00 -6.65281270014438775e-07 -8.01627360959463777e-07
1.17858780220111892e+00 -3.50331060965900702e-07 -4.22750612360130027e-07
1.17858757234549993e+00 -1.84253229850073252e-07 -2.22634352207658028e-07
1.17858745121223318e+00 -9.67566112102577205e-08 -1.17057475618954864e-07
1.17858738747263270e+00 -5.07119045381755785e-08 -6.14293668761654192e-08
1.17858735399330250e+00 -2.65137257554570721e-08 -3.21611074946603362e-08
1.17858733644780278e+00 -1.38168759924932920e-08 -1.67866138835749403e-08
1.17858732728028781e+00 -7.16762636908075806e-09 -8.72559720199033767e-09
1.17858732251020748e+00 -3.69401020723982325e-09 -4.50891655347725214e-09
1.17858732004303057e+00 -1.88539239438597045e-09 -2.30995243259519122e-09
1.17858731877815415e+00 -9.48153504254582137e-10 -1.16814630114784256e-09
1.17858731813817852e+00 -4.65889107702818209e-10 -5.79018537524044157e-10
1.17858731782084636e+00 -2.20403930263292432e-10 -2.77969167920496785e-10
1.17858731766844005e+00 -9.75324166451577063e-11 -1.26421749189108748e-10
1.17858731759907132e+00 -3.77446316381603250e-11 -5.19840756778295707e-11
1.17858731757027990e+00 -1.03569437539531109e-11 -1.70827828592550877e-11
1.17858731756045554e+00 7.15943628406883252e-13 -2.09851954439310886e-12
1.17858731755925494e+00 4.58020114034496782e-12 3.91532392042715066e-12
1.17858731756161728e+00 6.17239095558909245e-12 7.01696895890200500e-12
1.17858731756743618e+00 7.97513132242359828e-12 1.05097983151555460e-11
1.17858731757718949e+00 1.27164401141109007e-11 1.78377070463504527e-11
1.17858731759649005e+00 2.56019429380118680e-11 3.48588098541801694e-11
1.17858731763718971e+00 6.19359549022761644e-11 7.67103567092331079e-11
1.17858731769899250e+00 1.56901809365555178e-10 1.77251688167515914e-10
1.17858731783419834e+00 3.03181158676470570e-10 3.34501211359971932e-10
1.17858731837588615e+00 4.54899935324546144e-10 5.25841204138405373e-10
7.50151347375840327e-01 -9.74055355483332136e-02 -8.00237060176959003e-02
7.56106252020265379e-01 -9.88348717576941205e-02 -8.98991178222048465e-02
6.68105432440503355e-01 -6.88027657116891261e-02 -6.71536045327734143e-02
5.81301790742981161e-01 -4.01427887465291150e-02 -4.26534900782038623e-02
5.37891328075336572e-01 -2.16600676423923388e-02 -2.51047066325442089e-02
5.15048426473511900e-01 -1.12433693190413762e-02 -1.40680233508326102e-02
5.02224813201109233e-01 -5.74900027584669942e-03 -7.64235525344469230e-03
4.95369834285786959e-01 -2.91605138026115396e-03 -4.07473520063239558e-03
4.91806343801914125e-01 -1.47683407382785789e-03 -2.15019051357206829e-03
4.89939453620792664e-01 -7.50622355485891968e-04 -1.12724537453886219e-03
4.88957727256501384e-01 -3.83184586694328871e-04 -5.88931895195693943e-04
4.88443153413599451e-01 -1.96485285068191749e-04 -3.07647547200114895e-04
4.88173349746410579e-01 -1.01282621786129092e-04 -1.61019479286871107e-04
4.88031474151389977e-01 -5.24858190284482963e-05 -8.44953269911729996e-05
4.87956740757302498e-01 -2.73200492134554503e-05 -4.44525118820816647e-05
4.87917339996326860e-01 -1.42754447042529987e-05 -2.34377989048868652e-05
4.87896546597939573e-01 -7.48442933537366358e-06 -1.23783954637169855e-05
4.87885561488585418e-01 -3.93214148007977835e-06 -6.54402041634900541e-06
4.87879757468723918e-01 -2.06864635438434733e-06 -3.46077233853662480e-06
4.87876691303085919e-01 -1.08938614501185394e-06 -1.82989416050672204e-06
4.87875071646923064e-01 -5.73968137503428065e-07 -9.66995996026967303e-07
4.87874216472183042e-01 -3.02377513660036994e-07 -5.10530613524407210e-07
4.87873765316076013e-01 -1.59210516964025508e-07 -2.69218436855814895e-07
4.87873527548387531e-01 -8.37521382764971292e-08 -1.41770247126728438e-07
4.87873402394143618e-01 -4.40009684735609944e-08 -7.45377766947597269e-08
4.87873336615595010e-01 -2.30781377187650446e-08 -3.91179238755699954e-08
4.87873302106976103e-01 -1.20785052562478792e-08 -2.04851865105295520e-08
4.87873284044010480e-01 -6.30416413708144221e-09 -1.06991058751211412e-08
4.87873274616855257e-01 -3.27816720607892799e-09 -5.56856581563930515e-09
4.87873269716295688e-01 -1.69581017547590266e-09 -2.88441039591724835e-09
4.87873267183142056e-01 -8.70640222641104618e-10 -1.48380953583515067e-09
4.87873265884524232e-01 -4.41944175919907521e-10 -7.55536548998106429e-10
4.87873265227066810e-01 -2.20427706713094275e-10 -3.78749569422383715e-10
4.87873264900611225e-01 -1.06888879042668533e-10 -1.85264157780380495e-10
4.87873264743494961e-01 -4.94119747998938720e-11 -8.70459518913812742e-11
4.87873264671833395e-01 -2.08849657754388722e-11 -3.80888506752887030e-11
4.87873264642353810e-01 -7.22861174313544825e-12 -1.44298137759455083e-11
4.87873264632856463e-01 -1.21562189466932937e-12 -3.66630286424206648e-12
4.87873264631917769e-01 9.88387279124665073e-13 7.44081169837217303e-13
4.87873264633876647e-01 1.54443033547042483e-12 2.47326080372999362e-12
4.87873264636790871e-01 1.56424756646720419e-12 3.54205155894428329e-12
4.87873264640110771e-01 1.60915831329129945e-12 5.23334800226548267e-12
4.87873264643938986e-01 2.35124482001436267e-12 9.19673148624963268e-12
4.87873264651815741e-01 5.27720005227252788e-12 1.82624700562864590e-11
4.87873264672158191e-01 1.52882041554475387e-11 3.96533376098365356e-11
4.87873264700234399e-01 4.38425730584767704e-11 8.84512069843699386e-11
4.87873264797627215e-01 8.64242423096299529e-11 1.57384409050330149e-10
4.87873265293818414e-01 1.21091996211876143e-10 2.19187930645200104e-10
7.39036762752350085e-01 9.19059228817609292e-02 -1.43073271762723331e-01
7.45950166504675716e-01 9.18423707045993715e-02 -1.32854567251784544e-01
6.21304617933824077e-01 6.24555236347711720e-02 -8.49041650224165584e-02
5.05359324658325004e-01 3.53021233265387174e-02 -4.69288785708633707e-02
4.47243594648726484e-01 1.84312244226026330e-02 -2.46939783987501979e-02
4.16964168266626745e-01 9.33484325534737237e-03 -1.26917811001142095e-02
4.00377062904977710e-01 4.66665563551179642e-03 -6.42075639422745158e-03
3.91707667559690831e-01 2.30967090738827584e-03 -3.21372499296578365e-03
3.87292631381592256e-01 1.14065713656908395e-03 -1.60447467248618419e-03
3.85032986928148857e-01 5.65649061519424203e-04 -8.02786755117609928e-04
3.83872149205509161e-01 2.81924332677801722e-04 -4.03147298323555279e-04
3.83276263960009744e-01 1.41339195130197763e-04 -2.03584572477545845e-04
3.82969538281993094e-01 7.14079012863836222e-05 -1.03572272430656556e-04
3.82810765517569929e-01 3.63829065399915236e-05 -5.31068801209568233e-05
3.82728165867860903e-01 1.86834714326166489e-05 -2.74277201463117717e-05
3.82685019161705775e-01 9.66270286231569028e-06 -1.42552343815751070e-05
3.82662397564135781e-01 5.02854020673339644e-06 -7.44810458793591435e-06
3.82650501213567751e-01 2.62897611999949510e-06 -3.90598767420405990e-06
3.82644233977955828e-01 1.37890795104959503e-06 -2.05321301892057287e-06
3.82640929010614528e-01 7.24865570944674752e-07 -1.08078001842368718e-06
3.82639185320453878e-01 3.81529662856532839e-07 -5.69222187889945440e-07
3.82638265471895778e-01 2.00886861288465742e-07 -2.99742484489557059e-07
3.82637780545462269e-01 1.05735636884460836e-07 -1.57721788125939863e-07
3.82637525161855563e-01 5.56031498772025431e-08 -8.28943200509357146e-08
3.82637390843665937e-01 2.91995262562572131e-08 -4.34993782181301077e-08
3.82637320315805995e-01 1.53056704906005820e-08 -2.27825501680399333e-08
3.82637283357113001e-01 8.00417004011767373e-09 -1.19039465037793416e-08
3.82637264037313962e-01 4.17338406145897559e-09 -6.20128126500409089e-09
3.82637253969954794e-01 2.16746135562030958e-09 -3.21781741136654146e-09
3.82637248746289349e-01 1.11955945143334419e-09 -1.66063511338228579e-09
3.82637246052166313e-01 5.73751255004472168e-10 -8.50288071104783307e-10
3.82637244674897736e-01 2.90583519871495743e-10 -4.30260463356050057e-10
3.82637243980182395e-01 1.44499893308216416e-10 -2.13777906614198953e-10
3.82637243636996360e-01 6.97624745016230482e-11 -1.03143880334922996e-10
3.82637243473110233e-01 3.20135214766552909e-11 -4.73396716019061853e-11
3.82637243399326032e-01 1.33339779375180301e-11 -1.97740183035221250e-11
3.82637243369697733e-01 4.44037879207638301e-12 -6.66287415666579724e-12
3.82637243360767820e-01 5.69166178471895842e-13 -9.16748587714183737e-13
3.82637243360529400e-01 -8.29847220743143135e-13 1.23785203608271345e-12
3.82637243363324719e-01 -1.12771985079047799e-12 1.88075901693633117e-12
3.82637243367234814e-01 -1.02314534617549518e-12 2.11213226015195605e-12
3.82637243371794611e-01 -8.54338139813667499e-13 2.58401145386090150e-12
3.82637243377434100e-01 -1.02899514145538117e-12 4.15242602049820486e-12
3.82637243389187198e-01 -2.38634989439549245e-12 8.49190472438791674e-12
3.82637243419027551e-01 -7.66415649410341345e-12 1.99491042873993925e-11
3.82637243455628551e-01 -2.25246493109870028e-11 4.70009518416712261e-11
3.82637243561202711e-01 -4.83040715877835589e-11 8.81975608958987874e-11
3.82637244166256607e-01 -9.10649052769647176e-11 1.38927417941462600e-10
9.99652093407930153e-01 2.01485953123077655e-01 -2.01485953123078043e-01
1.12435078673619704e+00 2.08863135909245712e-01 -2.08863135909245545e-01
1.10110482253369457e+00 1.54065959307699368e-01 -1.54065959307699479e-01
1.02956847292115072e+00 9.47286628311498902e-02 -9.47286628311497791e-02
9.74502458901893354e-01 5.33303746736534939e-02 -5.33303746736535217e-02
9.40057571665729674e-01 2.86282403266656070e-02 -2.86282403266657562e-02
9.18409084189305447e-01 1.49879138313891540e-02 -1.49879138313890863e-02
9.05687382174296007e-01 7.72888214895452001e-03 -7.72888214895425286e-03
8.98616932480549524e-01 3.95749425641927187e-03 -3.95749425641909146e-03
8.94750756931046554e-01 2.02333651370855327e-03 -2.02333651370867080e-03
8.92655019864466714e-01 1.03514910103655756e-03 -1.03514910103649966e-03
8.91531523684606308e-01 5.30800855731949710e-04 -5.30800855731919786e-04
8.90933196494917867e-01 2.73288862978283563e-04 -2.73288862978222631e-04
8.90615196398445996e-01 1.41394242475447281e-04 -1.41394242475472327e-04
8.90446379010702227e-01 7.35000525624185944e-05 -7.35000525622676870e-05
8.90356849392509253e-01 3.83728064735639940e-05 -3.83728064736113533e-05
8.90309392498443541e-01 2.01101368499001920e-05 -2.01101368497150713e-05
8.90284239928981869e-01 1.05677500597741314e-05 -1.05677500596965551e-05
8.90270915190648604e-01 5.56327879956540934e-06 -5.56327879926292710e-06
8.90263860208640234e-01 2.93212418279810462e-06 -2.93212418272715629e-06
8.90260126944115826e-01 1.54616109012855631e-06 -1.54616108978879763e-06
8.90258153005106911e-01 8.15222023689187825e-07 -8.15222023643964736e-07
8.90257110359727322e-01 4.29567534522580632e-07 -4.29567534140345315e-07
8.90256560251481588e-01 2.26126646219667126e-07 -2.26126646257771300e-07
8.90256270377377423e-01 1.18872832933808714e-07 -1.18872832856387547e-07
8.90256117854984375e-01 6.23834653527285698e-08 -6.23834654464741663e-08
8.90256037740490225e-01 3.26689875823615337e-08 -3.26689876342808219e-08
8.90255995746568884e-01 1.70624355818582292e-08 -1.70624358676919557e-08
8.90255973792551503e-01 8.88018282046809405e-09 -8.88018314316452229e-09
8.90255962355814279e-01 4.59946234602133454e-09 -4.59946283018229587e-09
8.90255956427452033e-01 2.36585391164469593e-09 -2.36585446361515241e-09
8.90255953376452247e-01 1.20451734922882580e-09 -1.20451790288354256e-09
8.90255951823001102e-01 6.03711780246510933e-10 -6.03712036438903158e-10
8.90255951044845895e-01 2.95193136437729496e-10 -2.95193287908910382e-10
8.90255950664883944e-01 1.38555817029423196e-10 -1.38555594195390982e-10
8.90255950486953607e-01 6.04332720314287082e-11 -6.04331521011758361e-11
8.90255950409517327e-01 2.26368567693485319e-11 -2.26365899067738448e-11
8.90255950380283378e-01 5.49724066141418902e-12 -5.49708194159981624e-12
8.90255950373080696e-01 -1.31837864669551272e-12 1.31846947447201788e-12
8.90255950374374883e-01 -3.59017807796290325e-12 3.59025276882482890e-12
8.90255950380207772e-01 -4.39477290750347279e-12 4.39499120391799380e-12
8.90255950389477912e-01 -5.35381044169691978e-12 5.35395509706254264e-12
8.90255950403533225e-01 -8.29674736949660448e-12 8.29694536252997263e-12
8.90255950431911858e-01 -1.66664524222926917e-11 1.66666674785476955e-11
8.90255950496084081e-01 -4.01948218218521250e-11 4.01951638991609133e-11
8.90255950588536571e-01 -1.00505366643458523e-10 1.00505674290388211e-10
8.90255950793937711e-01 -1.99805623342291156e-10 1.99805966527291649e-10
8.90255951756000807e-01 -3.30064194823864936e-10 3.30064575228770143e-10
1.03248328056189465e+00 1.18441353672104274e-01 -2.13757250699293938e-01
1.17512859663390934e+00 1.49138421501161578e-01 -2.24338203001117731e-01
1.23855987151454849e+00 1.26756774411902862e-01 -1.70409899960469902e-01
1.23053089322204623e+00 9.02931640323657164e-02 -1.09438871096000839e-01
1.21742150482096512e+00 5.76541419727936572e-02 -6.39606008486507671e-02
1.20516422428236081e+00 3.42712483969279669e-02 -3.54289848112725944e-02
1.19518345363399181e+00 1.94798800915625160e-02 -1.91188938474194207e-02
1.18833750209556821e+00 1.07682179200382176e-02 -1.01604028346292154e-02
1.18416382046948354e+00 5.84839391090445811e-03 -5.34940693746822037e-03
1.18171732388411010e+00 3.13786803031174469e-03 -2.80574989511706832e-03
1.18031435836821430e+00 1.67009263297501027e-03 -1.46987073540010048e-03
1.17952925454245183e+00 8.84972226741243331e-04 -7.69815433128987945e-04
1.17909729631772420e+00 4.68055067210446237e-04 -4.03470263245308376e-04
1.17886182656679317e+00 2.47428414180197358e-04 -2.11767562094774094e-04
1.17873438562607813e+00 1.30819024743216572e-04 -1.11308217912200219e-04
1.17866583006070980e+00 6.91961222020380187e-05 -5.85879531451098426e-05
1.17862913208287723e+00 3.66188083971800756e-05 -3.08809954260159706e-05
1.17860953806575841e+00 1.93846405411684862e-05 -1.62869468124164461e-05
1.17859910500433118e+00 1.02616179952456051e-05 -8.59270241423747372e-06
1.17859356152884409e+00 5.43073174328416261e-06 -4.53448451797077939e-06
1.17859062037754825e+00 2.87256734956844198e-06 -2.39281729325548942e-06
1.17858906214860104e+00 1.51823942445790622e-06 -1.26215367333421924e-06
1.17858823777340316e+00 8.01627361272401900e-07 -6.65281269864028276e-07
1.17858780220111758e+00 4.22750612953652419e-07 -3.50331060514842052e-07
1.17858757234549860e+00 2.22634352499295998e-07 -1.84253229388782788e-07
1.17858745121223252e+00 1.17057475878221630e-07 -9.67566100586272255e-08
1.17858738747263314e+00 6.14293666056573477e-08 -5.07119042021958836e-08
1.17858735399330383e+00 3.21611071136232994e-08 -2.65137245934465921e-08
1.17858733644780456e+00 1.67866128092847341e-08 -1.38168759698201920e-08
1.17858732728029003e+00 8.72559590324639612e-09 -7.16762570121999862e-09
1.17858732251021059e+00 4.50891491522897597e-09 -3.69401109793681973e-09
1.17858732004303390e+00 2.30995110662031088e-09 -1.88539262841690718e-09
1.17858731877815615e+00 1.16814508754480758e-09 -9.48154622435963548e-10
1.17858731813818118e+00 5.79018002649311660e-10 -4.65889991716722152e-10
1.17858731782084680e+00 2.77968902408378316e-10 -2.20405130211792110e-10
1.17858731766844116e+00 1.26421909974379055e-10 -9.75331588012575335e-11
1.17858731759906976e+00 5.19844806758441445e-11 -3.77451535352173141e-11
1.17858731757027946e+00 1.70833730361360210e-11 -1.03571072340630109e-11
1.17858731756045421e+00 2.09879374959361958e-12 7.15965352226741703e-13
1.17858731755925406e+00 -3.91501121203469858e-12 4.58047773845629126e-12
1.17858731756161750e+00 -7.01675225847422511e-12 6.17316754828967185e-12
1.17858731756743729e+00 -1.05094786236905987e-11 7.97559489353600472e-12
1.17858731757719060e+00 -1.78374816851071594e-11 1.27172032604964440e-11
1.17858731759649205e+00 -3.48586075902561101e-11 2.56023612259245127e-11
1.17858731763719171e+00 -7.67100284606138852e-11 6.19367259084006605e-11
1.17858731769899427e+00 -1.77251247453067615e-10 1.56901665831101727e-10
1.17858731783420057e+00 -3.34500472904022586e-10 3.03181158371383147e-10
1.17858731837588615e+00 -5.25839998393824026e-10 4.54899366839765606e-10
1.03041788039916038e+00 3.47554904954293226e-02 -2.14371263237702947e-01
1.16853765959855771e+00 4.96191728832129017e-02 -2.24022969234313751e-01
1.25859310413713477e+00 4.59855690706833936e-02 -1.70449348731846223e-01
1.28673090844152882e+00 3.57589539468800358e-02 -1.10477201615084911e-01
1.30126162351621733e+00 2.42371960592955016e-02 -6.52645842007119198e-02
1.30845299204700227e+00 1.50563658162425461e-02 -3.65580020348099874e-02
1.31064481504874397e+00 8.86665266124724537e-03 -2.00007615043435172e-02
1.31086484029202421e+00 5.04935545727217688e-03 -1.07970115963849818e-02
1.31070750480382991e+00 2.81285634163765163e-03 -5.77398390153224111e-03
1.31045218732911861e+00 1.54099425949642626e-03 -3.07478848200151743e-03
1.31022425361991290e+00 8.34276405191733362e-04 -1.63481029658059016e-03
1.31006560760431845e+00 4.48409347198474000e-04 -8.67975132735283048e-04
1.30996614122108435e+00 2.39987108344475201e-04 -4.60354121225175681e-04
1.30990683797731799e+00 1.28104249176323271e-04 -2.44031083086094505e-04
1.30987275365199785e+00 6.82671370401827926e-05 -1.29289256735932523e-04
1.30985371873985890e+00 3.63368286735124313e-05 -6.84577575801374695e-05
1.30984329230478713e+00 1.93229479914300753e-05 -3.62317023422672839e-05
1.30983764918651935e+00 1.02680761826977766e-05 -1.91646630282066191e-05
1.30983462441249254e+00 5.45221213310305251e-06 -1.01302592087205613e-05
1.30983301383781248e+00 2.89235097070369322e-06 -5.35142341154122317e-06
1.30983215922784835e+00 1.53273482385427694e-06 -2.82513676831053269e-06
1.30983170674220162e+00 8.11285688486016847e-07 -1.49031988313024208e-06
1.30983146754346014e+00 4.28870876863069507e-07 -7.85475511655500095e-07
1.30983134118856293e+00 2.26403153181827049e-07 -4.13559775102126534e-07
1.30983127446005554e+00 1.19341816029450997e-07 -2.17476798935685524e-07
1.30983123923099209e+00 6.28043025946431435e-08 -1.14193783835200046e-07
1.30983122064068080e+00 3.29890478246609710e-08 -5.98509244732916898e-08
1.30983121083734644e+00 1.72889494360471817e-08 -3.12945225506336956e-08
1.30983120567330702e+00 9.03478332974285379e-09 -1.63109551620991851e-08
1.30983120295771704e+00 4.70311201903197515e-09 -8.46345414706002748e-09
1.30983120153331178e+00 2.43492705635894587e-09 -4.36313727127624738e-09
1.30983120078894322e+00 1.25065959919632536e-09 -2.22768492845882991e-09
1.30983120040205381e+00 6.34808081375055555e-10 -1.12074488765632380e-09
1.30983120020254473e+00 3.16422028746988540e-10 -5.50969275250848712e-10
1.30983120010082232e+00 1.53276079876757248e-10 -2.60840229275962597e-10
1.30983120004981468e+00 7.08106121796023564e-11 -1.15561851824290962e-10
1.30983120002493925e+00 3.00241726140945453e-11 -4.47553143791683339e-11
1.30983120001312270e+00 1.06473394854129242e-11 -1.22410006824851635e-11
1.30983120000755648e+00 2.11695329120881863e-12 7.58146376062932927e-13
1.30983120000531006e+00 -1.43336446248450734e-12 5.30251152922865176e-12
1.30983120000476694e+00 -3.33023216783043111e-12 7.43939669403517768e-12
1.30983120000513709e+00 -5.40621122043356734e-12 1.00145895318381811e-11
1.30983120000653397e+00 -9.41564989355047369e-12 1.64461355437119466e-11
1.30983120000974029e+00 -1.82904851661644626e-11 3.33472310662784904e-11
1.30983120001283115e+00 -3.93181363740459254e-11 8.00958606996321421e-11
1.30983120001835784e+00 -8.90117180827281631e-11 2.00971989927718558e-10
1.30983120005109677e+00 -1.66158454199171466e-10 3.77680683005457784e-10
1.30983120004645937e+00 -2.57784058038695888e-10 5.17870184537459511e-10
1.03041788039916016e+00 -3.47554904954295793e-02 -2.14371263237702891e-01
1.16853765959855838e+00 -4.96191728832130613e-02 -2.24022969234314195e-01
1.25859310413713410e+00 -4.59855690706833659e-02 -1.70449348731845557e-01
1.28673090844152882e+00 -3.57589539468799941e-02 -1.10477201615085646e-01
1.30126162351621733e+00 -2.42371960592954634e-02 -6.52645842007110871e-02
1.30845299204700205e+00 -1.50563658162425930e-02 -3.65580020348108339e-02
1.31064481504874464e+00 -8.86665266124739629e-03 -2.00007615043427574e-02
1.31086484029202355e+00 -5.04935545727206066e-03 -1.07970115963856219e-02
1.31070750480382969e+00 -2.81285634163764339e-03 -5.77398390153186034e-03
1.31045218732911750e+00 -1.54099425949631502e-03 -3.07478848200164797e-03
1.31022425361991401e+00 -8.34276405191745288e-04 -1.63481029658065586e-03
1.31006560760431734e+00 -4.48409347198504467e-04 -8.67975132734750271e-04
1.30996614122108479e+00 -2.39987108344337182e-04 -4.60354121225881876e-04
1.30990683797731733e+00 -1.28104249176272042e-04 -2.44031083085457346e-04
1.30987275365199785e+00 -6.82671370400070570e-05 -1.29289256736807908e-04
1.30985371873985867e+00 -3.63368286733533450e-05 -6.84577575792206817e-05
1.30984329230478669e+00 -1.93229479907729132e-05 -3.62317023430898546e-05
1.30983764918651957e+00 -1.02680761821703106e-05 -1.91646630278364589e-05
1.30983462441249232e+00 -5.45221213231248786e-06 -1.01302592089725434e-05
1.30983301383781270e+00 -2.89235097014668436e-06 -5.35142341138641434e-06
1.30983215922784901e+00 -1.53273482337469134e-06 -2.82513676818620604e-06
1.30983170674220206e+00 -8.11285687959279033e-07 -1.49031988303315644e-06
1.30983146754346103e+00 -4.28870876765337152e-07 -7.85475511510442421e-07
1.30983134118856270e+00 -2.26403153212795235e-07 -4.13559775083098786e-07
1.30983127446005665e+00 -1.19341816687523996e-07 -2.17476799098476707e-07
1.30983123923099276e+00 -6.28043038446962862e-08 -1.14193783656669866e-07
1.30983122064068147e+00 -3.29890493602314368e-08 -5.98509248806085259e-08
1.30983121083734644e+00 -1.72889510455754228e-08 -3.12945222082206862e-08
1.30983120567330680e+00 -9.03478462312199305e-09 -1.63109558210884887e-08
1.30983120295771638e+00 -4.70311331104691656e-09 -8.46345377932510381e-09
1.30983120153331090e+00 -2.43492762655970824e-09 -4.36313774774066534e-09
1.30983120078894277e+00 -1.25065932888509186e-09 -2.22768471905903267e-09
1.30983120040205314e+00 -6.34807039239619754e-10 -1.12074511906505188e-09
1.30983120020254451e+00 -3.16420614234198390e-10 -5.50969256678733379e-10
1.30983120010082144e+00 -1.53274486072564260e-10 -2.60840415405701783e-10
1.30983120004981490e+00 -7.08090723445501996e-11 -1.15561711606269466e-10
1.30983120002493902e+00 -3.00231526461744570e-11 -4.47551505063119805e-11
1.30983120001312270e+00 -1.06470080604420372e-11 -1.22408392578972671e-11
1.30983120000755671e+00 -2.11715209155513553e-12 7.58255608298219488e-13
1.30983120000531117e+00 1.43256981967870100e-12 5.30249798709391503e-12
1.30983120000476605e+00 3.32909987857148917e-12 7.43952820264602121e-12
1.30983120000513642e+00 5.40532436100986556e-12 1.00143933373702001e-11
1.30983120000653330e+00 9.41499249053196417e-12 1.64462882789892490e-11
1.30983120000974052e+00 1.82903672096475571e-11 3.33469290607870065e-11
1.30983120001283027e+00 3.93183962551916986e-11 8.00959730965841240e-11
1.30983120001835762e+00 8.90127182034878815e-11 2.00971818303402748e-10
1.30983120005109654e+00 1.66160127600774507e-10 3.77680778890663472e-10
1.30983120004646003e+00 2.57786298558568977e-10 5.17870172589209759e-10
1.03248328056189465e+00 -1.18441353672103733e-01 -2.13757250699293716e-01
1.17512859663390823e+00 -1.49138421501161633e-01 -2.24338203001117287e-01
1.23855987151454938e+00 -1.26756774411903500e-01 -1.70409899960470623e-01
1.23053089322204534e+00 -9.02931640323656609e-02 -1.09438871096000270e-01
1.21742150482096578e+00 -5.76541419727939208e-02 -6.39606008486515581e-02
1.20516422428236014e+00 -3.42712483969275852e-02 -3.54289848112718520e-02
1.19518345363399137e+00 -1.94798800915626132e-02 -1.91188938474203887e-02
1.18833750209556888e+00 -1.07682179200383702e-02 -1.01604028346284573e-02
1.18416382046948221e+00 -5.84839391090476689e-03 -5.34940693746882232e-03
1.18171732388411121e+00 -3.13786803031165058e-03 -2.80574989511680507e-03
1.18031435836821275e+00 -1.67009263297503261e-03 -1.46987073539987692e-03
1.17952925454245272e+00 -8.84972226741277484e-04 -7.69815433129539695e-04
1.17909729631772309e+00 -4.68055067210325891e-04 -4.03470263244423612e-04
1.17886182656679384e+00 -2.47428414179966586e-04 -2.11767562095900445e-04
1.17873438562607813e+00 -1.30819024742834120e-04 -1.11308217911095390e-04
1.17866583006070935e+00 -6.91961222017581048e-05 -5.85879531460892499e-05
1.17862913208287812e+00 -3.66188083968498073e-05 -3.08809954252772426e-05
1.17860953806575908e+00 -1.93846405406638985e-05 -1.62869468132098009e-05
1.17859910500433185e+00 -1.02616179948327274e-05 -8.59270241382584112e-06
1.17859356152884520e+00 -5.43073174270604230e-06 -4.53448451786098444e-06
1.17859062037754980e+00 -2.87256734932534183e-06 -2.39281729330289912e-06
1.17858906214860260e+00 -1.51823942448878248e-06 -1.26215367284440189e-06
1.17858823777340405e+00 -8.01627361490937459e-07 -6.65281269721846278e-07
1.17858780220111892e+00 -4.22750613498000101e-07 -3.50331060273832274e-07
1.17858757234549971e+00 -2.22634353369467953e-07 -1.84253228946305376e-07
1.17858745121223385e+00 -1.17057476911978199e-07 -9.67566102945845319e-08
1.17858738747263403e+00 -6.14293676831501722e-08 -5.07119037142258474e-08
1.17858735399330383e+00 -3.21611081753916124e-08 -2.65137251821484929e-08
1.17858733644780411e+00 -1.67866138408678402e-08 -1.38168757488683142e-08
1.17858732728028870e+00 -8.72559674209212309e-09 -7.16762640199331842e-09
1.17858732251020859e+00 -4.50891526331884234e-09 -3.69401078432904095e-09
1.17858732004303102e+00 -2.30995110390559510e-09 -1.88539316489498795e-09
1.17858731877815504e+00 -1.16814467967902313e-09 -9.48154389173905467e-10
1.17858731813817874e+00 -5.79017044575768947e-10 -4.65890317378153451e-10
1.17858731782084636e+00 -2.77967750731762360e-10 -2.20405077922856471e-10
1.17858731766843960e+00 -1.26421071234062819e-10 -9.75330977966562092e-11
1.17858731759907065e+00 -5.19837222974061469e-11 -3.77450365550880313e-11
1.17858731757027879e+00 -1.70830444256252900e-11 -1.03568699982630965e-11
1.17858731756045487e+00 -2.09914341896110113e-12 7.16169442958763524e-13
1.17858731755925383e+00 3.91443437576805094e-12 4.58067697055090497e-12
1.17858731756161705e+00 7.01604717170152579e-12 6.17301105358255030e-12
1.17858731756743595e+00 1.05087506788973063e-11 7.97574883832258099e-12
1.17858731757718993e+00 1.78369715904880819e-11 1.27170147187575721e-11
1.17858731759649071e+00 3.48583887824534411e-11 2.56023815821909136e-11
1.17858731763719038e+00 7.67102694882767341e-11 6.19362010129526329e-11
1.17858731769899316e+00 1.77251939995461277e-10 1.56901788740750340e-10
1.17858731783419945e+00 3.34501669518134338e-10 3.03180918596477000e-10
1.17858731837588682e+00 5.25841710261836457e-10 4.54899501592164426e-10
9.99652093407929709e-01 -2.01485953123078376e-01 -2.01485953123078182e-01
1.12435078673619770e+00 -2.08863135909245934e-01 -2.08863135909245823e-01
1.10110482253369368e+00 -1.54065959307698758e-01 -1.54065959307698924e-01
1.02956847292115117e+00 -9.47286628311504314e-02 -9.47286628311504453e-02
9.74502458901892910e-01 -5.33303746736526751e-02 -5.33303746736526960e-02
9.40057571665729896e-01 -2.86282403266666895e-02 -2.86282403266665333e-02
9.18409084189305336e-01 -1.49879138313882571e-02 -1.49879138313883352e-02
9.05687382174295563e-01 -7.72888214895499533e-03 -7.72888214895499012e-03
8.98616932480550634e-01 -3.95749425641871676e-03 -3.95749425641874538e-03
8.94750756931045332e-01 -2.02333651370882996e-03 -2.02333651370881088e-03
8.92655019864468047e-01 -1.03514910103690949e-03 -1.03514910103682622e-03
8.91531523684605198e-01 -5.30800855731428426e-04 -5.30800855731650254e-04
8.90933196494918644e-01 -2.73288862979396497e-04 -2.73288862979393407e-04
8.90615196398444775e-01 -1.41394242474418509e-04 -1.41394242474574092e-04
8.90446379010702560e-01 -7.35000525635176637e-05 -7.35000525635257681e-05
8.90356849392509142e-01 -3.83728064722628904e-05 -3.83728064724117311e-05
8.90309392498443430e-01 -2.01101368509291236e-05 -2.01101368508153535e-05
8.90284239928982979e-01 -1.05677500592078679e-05 -1.05677500593708489e-05
8.90270915190648271e-01 -5.56327879978301803e-06 -5.56327879956773783e-06
8.90263860208641122e-01 -2.93212418219527254e-06 -2.93212418235971425e-06
8.90260126944117269e-01 -1.54616108973284814e-06 -1.54616108971832725e-06
8.90258153005108244e-01 -8.15222023770481812e-07 -8.15222023632376478e-07
8.90257110359729098e-01 -4.29567534436485662e-07 -4.29567534004823961e-07
8.90256560251482476e-01 -2.26126646524299323e-07 -2.26126646102522231e-07
8.90256270377379422e-01 -1.18872833357471659e-07 -1.18872832668799647e-07
8.90256117854984819e-01 -6.23834654391755216e-08 -6.23834650062995589e-08
8.90256037740490891e-01 -3.26689884940410546e-08 -3.26689880535992679e-08
8.90255995746568995e-01 -1.70624356242650561e-08 -1.70624355130956049e-08
8.90255973792550503e-01 -8.88018401672804692e-09 -8.88018413518676430e-09
8.90255962355813169e-01 -4.59946191476478220e-09 -4.59946245271841960e-09
8.90255956427449813e-01 -2.36585446619736667e-09 -2.36585508721709288e-09
8.90255953376450915e-01 -1.20451688507873392e-09 -1.20451765844083714e-09
8.90255951822998215e-01 -6.03711702107076968e-10 -6.03712193644631617e-10
8.90255951044844784e-01 -2.95192306535727935e-10 -2.95193079331365830e-10
8.90255950664882501e-01 -1.38555263251455794e-10 -1.38555666441740093e-10
8.90255950486953940e-01 -6.04326752981768243e-11 -6.04328713771653059e-11
8.90255950409516994e-01 -2.26365972336097174e-11 -2.26364339336371786e-11
8.90255950380284378e-01 -5.49710387708500152e-12 -5.49676978099114163e-12
8.90255950373080585e-01 1.31821836911237910e-12 1.31869566639155596e-12
8.90255950374375771e-01 3.58991364995379349e-12 3.59032370866462211e-12
8.90255950380207328e-01 4.39462697859550300e-12 4.39516820431490761e-12
8.90255950389477246e-01 5.35328881166205576e-12 5.35378164356232873e-12
8.90255950403532004e-01 8.29668226023748032e-12 8.29699734827986173e-12
8.90255950431910636e-01 1.66660841678742409e-11 1.66661561846249774e-11
8.90255950496082415e-01 4.01952442510303442e-11 4.01951319389241325e-11
8.90255950588535239e-01 1.00505469967660553e-10 1.00505272724559211e-10
8.90255950793936823e-01 1.99806282419940486e-10 1.99806060859154562e-10
8.90255951756001029e-01 3.30064990739908089e-10 3.30064697677879746e-10
7.39036762752349974e-01 -9.19059228817602769e-02 -1.43073271762723442e-01
7.45950166504675605e-01 -9.18423707045995658e-02 -1.32854567251784211e-01
6.21304617933824077e-01 -6.24555236347712761e-02 -8.49041650224166555e-02
5.05359324658324782e-01 -3.53021233265384121e-02 -4.69288785708632111e-02
4.47243594648726484e-01 -1.84312244226031464e-02 -2.46939783987503644e-02
4.16964168266626523e-01 -9.33484325534676869e-03 -1.26917811001141228e-02
4.00377062904977710e-01 -4.66665563551249812e-03 -6.42075639422771266e-03
3.91707667559690831e-01 -2.30967090738775369e-03 -3.21372499296583049e-03
3.87292631381591868e-01 -1.14065713656946776e-03 -1.60447467248637978e-03
3.85032986928148913e-01 -5.65649061519226011e-04 -8.02786755117538588e-04
3.83872149205508884e-01 -2.81924332677532623e-04 -4.03147298323543895e-04
3.83276263960010022e-01 -1.41339195130862433e-04 -2.03584572477742194e-04
3.82969538281992983e-01 -7.14079012855460625e-05 -1.03572272430707351e-04
3.82810765517569596e-01 -3.63829065408972525e-05 -5.31068801212996954e-05
3.82728165867860515e-01 -1.86834714316308008e-05 -2.74277201460384274e-05
3.82685019161705831e-01 -9.66270286325637119e-06 -1.42552343818551937e-05
3.82662397564135726e-01 -5.02854020582591584e-06 -7.44810458748752391e-06
3.82650501213567473e-01 -2.62897612041464373e-06 -3.90598767426645150e-06
3.82644233977955939e-01 -1.37890795059164370e-06 -2.05321301888759872e-06
3.82640929010614472e-01 -7.24865571215618463e-07 -1.08078001827638180e-06
3.82639185320454545e-01 -3.81529662847350949e-07 -5.69222187740295470e-07
3.82638265471896111e-01 -2.00886861137623018e-07 -2.99742484292775158e-07
3.82637780545462991e-01 -1.05735636934800309e-07 -1.57721787979076870e-07
3.82637525161856229e-01 -5.56031497203834258e-08 -8.28943197597449250e-08
3.82637390843666603e-01 -2.91995262625077472e-08 -4.34993780320547238e-08
3.82637320315806329e-01 -1.53056708905626377e-08 -2.27825501925979099e-08
3.82637283357113112e-01 -8.00416976844716867e-09 -1.19039464911494650e-08
3.82637264037313907e-01 -4.17338471881223342e-09 -6.20128154912931712e-09
3.82637253969954350e-01 -2.16746090648736843e-09 -3.21781746102155132e-09
3.82637248746288572e-01 -1.11955998864463537e-09 -1.66063552286276774e-09
3.82637246052165425e-01 -5.73750903855184315e-10 -8.50288159425174242e-10
3.82637244674896737e-01 -2.90583838946781105e-10 -4.30260656961151754e-10
3.82637243980181563e-01 -1.44499548358523228e-10 -2.13777853927846637e-10
3.82637243636995583e-01 -6.97626188619628843e-11 -1.03143944651246826e-10
3.82637243473109678e-01 -3.20133827388248261e-11 -4.73397111518442164e-11
3.82637243399325644e-01 -1.33338366051514487e-11 -1.97738573475668923e-11
3.82637243369697733e-01 -4.44039997804370591e-12 -6.66283799612039163e-12
3.82637243360768153e-01 -5.69162435577533265e-13 -9.16571778529977932e-13
3.82637243360529455e-01 8.29695433561049510e-13 1.23786444504748154e-12
3.82637243363324664e-01 1.12772376631433954e-12 1.88080806377646008e-12
3.82637243367234647e-01 1.02300367038107686e-12 2.11205370129186971e-12
3.82637243371794444e-01 8.54434683763156961e-13 2.58400476010872204e-12
3.82637243377433489e-01 1.02877121628352348e-12 4.15229933083338673e-12
3.82637243389186477e-01 2.38654105756160154e-12 8.49184701649317634e-12
3.82637243419026662e-01 7.66394214471142579e-12 1.99489160645625009e-11
3.82637243455627940e-01 2.25249320685251159e-11 4.70009414630507951e-11
3.82637243561201990e-01 4.83040910381268290e-11 8.81974895704872441e-11
3.82637244166256885e-01 9.10652194283662479e-11 1.38927578041929103e-10
5.80354551713766487e-01 6.48763509988245779e-02 -6.48763509988261183e-02
5.46473304658389725e-01 5.76012056686344420e-02 -5.76012056686335955e-02
3.87479294358228588e-01 3.42077646099640670e-02 -3.42077646099644347e-02
2.76333569321475458e-01 1.76309657148480022e-02 -1.76309657148479050e-02
2.28359813380796972e-01 8.71673438068521281e-03 -8.71673438068524056e-03
2.05286643666748203e-01 4.27327376605840265e-03 -4.27327376605840786e-03
1.93538606368132693e-01 2.07880458369251670e-03 -2.07880458369253448e-03
1.87796665716975120e-01 1.00272325284503209e-03 -1.00272325284516350e-03
1.85032652581533369e-01 4.83811218375797812e-04 -4.83811218375824320e-04
1.83686412632070001e-01 2.34851435696913476e-04 -2.34851435696910440e-04
1.83024996027985332e-01 1.14768181858392518e-04 -1.14768181858376932e-04
1.82698470533165347e-01 5.65449999107042907e-05 -5.65449999107007874e-05
1.82535863367577961e-01 2.81533144815639857e-05 -2.81533144816207470e-05
1.82453954351644354e-01 1.41761533597684823e-05 -1.41761533597598375e-05
1.82412257266866329e-01 7.21379323980354544e-06 -7.21379323978741708e-06
1.82390836519524646e-01 3.70581238001571264e-06 -3.70581238000752014e-06
1.82379743185122872e-01 1.91929704136948694e-06 -1.91929704135729263e-06
1.82373960734863616e-01 1.00010631949152868e-06 -1.00010631952395056e-06
1.82370933467073421e-01 5.23322082009920224e-07 -5.23322082108750122e-07
1.82369344220034313e-01 2.74599362668474430e-07 -2.74599362685335362e-07
1.82368508516189520e-01 1.44311013413368696e-07 -1.44311013421088025e-07
1.82368068804860728e-01 7.58739349808893328e-08 -7.58739350717975144e-08
1.82367837519949588e-01 3.98761918461770044e-08 -3.98761918686510054e-08
1.82367715980043255e-01 2.09355656724466984e-08 -2.09355657083713443e-08
1.82367652202651748e-01 1.09741293138804838e-08 -1.09741293041113402e-08
1.82367618799209597e-01 5.74051518522684715e-09 -5.74051521269046109e-09
1.82367601345333419e-01 2.99495831416252989e-09 -2.99495834242231965e-09
1.82367592251972577e-01 1.55731653174933501e-09 -1.55731655777441445e-09
1.82367587532109104e-01 8.06186091089723333e-10 -8.06186085312881395e-10
1.82367585094641793e-01 4.14776219178913282e-10 -4.14776201965001012e-10
1.82367583844852410e-01 2.11491216206204820e-10 -2.11491130526105253e-10
1.82367583210789941e-01 1.06383000388607912e-10 -1.06382991264117735e-10
1.82367582894301161e-01 5.23817261660848184e-11 -5.23816855768565865e-11
1.82367582740378176e-01 2.49013014192561711e-11 -2.49012393799469099e-11
1.82367582668727074e-01 1.11217474404320439e-11 -1.11217154258271065e-11
1.82367582637976616e-01 4.37912456989806372e-12 -4.37906469554235519e-12
1.82367582626931340e-01 1.23490582513964070e-12 -1.23486591669958954e-12
1.82367582624834018e-01 -7.91675879053046674e-14 7.92047237297577245e-14
1.82367582626135116e-01 -5.10142553733355843e-13 5.10156980770056413e-13
1.82367582628429115e-01 -5.59900086623330841e-13 5.59929781518031654e-13
1.82367582630766245e-01 -4.78381468524603852e-13 4.78402656718583357e-13
1.82367582632932679e-01 -3.91587297130812223e-13 3.91618347520715954e-13
1.82367582634863412e-01 -4.63327084527836097e-13 4.63355535225614304e-13
1.82367582639096498e-01 -1.12001313251610472e-12 1.12003030907394998e-12
1.82367582651773524e-01 -3.50666771916996111e-12 3.50668668727728362e-12
1.82367582661981220e-01 -9.20372547020429339e-12 9.20373613139010140e-12
1.82367582708895942e-01 -1.88964842837373613e-11 1.88965179945071011e-11
1.82367583073351630e-01 -3.97732923267034122e-11 3.97732471286020306e-11
7.39036762752349863e-01 1.43073271762723969e-01 -9.19059228817602214e-02
7.45950166504675605e-01 1.32854567251784045e-01 -9.18423707045998294e-02
6.21304617933823966e-01 8.49041650224164612e-02 -6.24555236347708945e-02
5.05359324658324782e-01 4.69288785708633846e-02 -3.53021233265388076e-02
4.47243594648726484e-01 2.46939783987502291e-02 -1.84312244226026052e-02
4.16964168266626578e-01 1.26917811001142165e-02 -9.33484325534744523e-03
4.00377062904977765e-01 6.42075639422748368e-03 -4.66665563551181203e-03
3.91707667559690720e-01 3.21372499296588947e-03 -2.30967090738842980e-03
3.87292631381592034e-01 1.60447467248622366e-03 -1.14065713656914510e-03
3.85032986928148802e-01 8.02786755117678883e-04 -5.65649061519425287e-04
3.83872149205509050e-01 4.03147298323555984e-04 -2.81924332677796952e-04
3.83276263960009633e-01 2.03584572477766290e-04 -1.41339195130221941e-04
3.82969538281992983e-01 1.03572272430823293e-04 -7.14079012864550982e-05
3.82810765517569873e-01 5.31068801210486145e-05 -3.63829065399945458e-05
3.82728165867860681e-01 2.74277201463501694e-05 -1.86834714325838857e-05
3.82685019161705720e-01 1.42552343816375469e-05 -9.66270286228465330e-06
3.82662397564135615e-01 7.44810458781655131e-06 -5.02854020667028487e-06
3.82650501213567584e-01 3.90598767442563525e-06 -2.62897611998452845e-06
3.82644233977955661e-01 2.05321301913172675e-06 -1.37890795081597763e-06
3.82640929010614361e-01 1.08078001850380147e-06 -7.24865570905620286e-07
3.82639185320453878e-01 5.69222187902367284e-07 -3.81529662796575506e-07
3.82638265471895556e-01 2.99742484483796917e-07 -2.00886861213528366e-07
3.82637780545462325e-01 1.57721788059994960e-07 -1.05735636847091053e-07
3.82637525161855563e-01 8.28943199499967438e-08 -5.56031498480490389e-08
3.82637390843665992e-01 4.34993781236441780e-08 -2.91995262125563515e-08
3.82637320315806051e-01 2.27825501401746570e-08 -1.53056704990456858e-08
3.82637283357113056e-01 1.19039463242360210e-08 -8.00417009120275521e-09
3.82637264037314073e-01 6.20128116637085213e-09 -4.17338413477384368e-09
3.82637253969954849e-01 3.21781731390519305e-09 -2.16746143802110820e-09
3.82637248746289405e-01 1.66063509067810551e-09 -1.11955954143000154e-09
3.82637246052166202e-01 8.50287875674565492e-10 -5.73751238280037305e-10
3.82637244674897570e-01 4.30260412297482093e-10 -2.90583514450602134e-10
3.82637243980182451e-01 2.13777999779083626e-10 -1.44499920909516798e-10
3.82637243636996194e-01 1.03143897629914127e-10 -6.97625408352818443e-11
3.82637243473109956e-01 4.73398582931652267e-11 -3.20135493913684688e-11
3.82637243399325921e-01 1.97742006389078310e-11 -1.33339461903436300e-11
3.82637243369697455e-01 6.66311282133502270e-12 -4.44031396443444623e-12
3.82637243360767820e-01 9.16829319500668075e-13 -5.69127880397833735e-13
3.82637243360529178e-01 -1.23777660150364377e-12 8.29866961818961301e-13
3.82637243363324553e-01 -1.88069384925289227e-12 1.12775656844287898e-12
3.82637243367234592e-01 -2.11204353113231031e-12 1.02318603648535952e-12
3.82637243371794555e-01 -2.58391989124404492e-12 8.54404388297096747e-13
3.82637243377433878e-01 -4.15235325630619843e-12 1.02908238415016475e-12
3.82637243389187087e-01 -8.49183232117947722e-12 2.38641522715933996e-12
3.82637243419027440e-01 -1.99489951908665507e-11 7.66421559246150697e-12
3.82637243455628495e-01 -4.70008790505251767e-11 2.25247248474480886e-11
3.82637243561202656e-01 -8.81974961484402156e-11 4.83041714375537298e-11
3.82637244166256718e-01 -1.38927341286412853e-10 9.10650329578418845e-11
7.50151347375840660e-01 8.00237060176956227e-02 -9.74055355483332969e-02
7.56106252020265046e-01 8.98991178222049714e-02 -9.88348717576938429e-02
6.68105432440503688e-01 6.71536045327737197e-02 -6.88027657116895841e-02
5.81301790742981495e-01 4.26534900782036472e-02 -4.01427887465284905e-02
5.37891328075336461e-01 2.51047066325442124e-02 -2.16600676423930535e-02
5.15048426473512011e-01 1.40680233508327125e-02 -1.12433693190404811e-02
5.02224813201108899e-01 7.64235525344481720e-03 -5.74900027584746877e-03
4.95369834285787070e-01 4.07473520063249706e-03 -2.91605138026039806e-03
4.91806343801914070e-01 2.15019051357220967e-03 -1.47683407382822370e-03
4.89939453620792775e-01 1.12724537453873187e-03 -7.50622355485703750e-04
4.88957727256501218e-01 5.88931895195702725e-04 -3.83184586694238340e-04
4.88443153413599729e-01 3.07647547199927653e-04 -1.96485285068767488e-04
4.88173349746410468e-01 1.61019479287071766e-04 -1.01282621785360298e-04
4.88031474151390088e-01 8.44953269912571608e-05 -5.24858190292470551e-05
4.87956740757302554e-01 4.44525118823184477e-05 -2.73200492125183507e-05
4.87917339996326804e-01 2.34377989049275499e-05 -1.42754447055177324e-05
4.87896546597939573e-01 1.23783954638163103e-05 -7.48442933445491574e-06
4.87885561488585140e-01 6.54402041643870112e-06 -3.93214148063890395e-06
4.87879757468723474e-01 3.46077233865527633e-06 -2.06864635404485949e-06
4.87876691303085530e-01 1.82989416091724736e-06 -1.08938614507876044e-06
4.87875071646922454e-01 9.66995996260825265e-07 -5.73968137430234149e-07
4.87874216472182598e-01 5.10530613688207076e-07 -3.02377513497191839e-07
4.87873765316075125e-01 2.69218437020450094e-07 -1.59210517015330082e-07
4.87873527548386754e-01 1.41770247258894668e-07 -8.37521380943324633e-08
4.87873402394142730e-01 7.45377768007958640e-08 -4.40009681299277746e-08
4.87873336615594955e-01 3.91179237141850594e-08 -2.30781377297523060e-08
4.87873302106976325e-01 2.04851864084357742e-08 -1.20785046815752627e-08
4.87873284044011202e-01 1.06991054964699828e-08 -6.30416441092505663e-09
4.87873274616856090e-01 5.56856527338397454e-09 -3.27816660678752090e-09
4.87873269716296964e-01 2.88440971651012165e-09 -1.69581075582123454e-09
4.87873267183143611e-01 1.48380909503395025e-09 -8.70639848478216862e-10
4.87873265884525620e-01 7.55536086105022197e-10 -4.41944735562862623e-10
4.87873265227068031e-01 3.78749277447255032e-10 -2.20427744324048210e-10
4.87873264900612169e-01 1.85264299409155192e-10 -1.06889265963605547e-10
4.87873264743495128e-01 8.70461986291759741e-11 -4.94121312909620176e-11
4.87873264671833340e-01 3.80890517620193590e-11 -2.08851600563930538e-11
4.87873264642353199e-01 1.44302813565789242e-11 -7.22868198183260534e-12
4.87873264632855796e-01 3.66661169044314621e-12 -1.21566162331669535e-12
4.87873264631917158e-01 -7.43864627522019835e-13 9.88391808511462948e-13
4.87873264633876147e-01 -2.47318830811323192e-12 1.54464706387913082e-12
4.87873264636790760e-01 -3.54188452781674510e-12 1.56422875650502970e-12
4.87873264640110660e-01 -5.23321440635238621e-12 1.60951652617279126e-12
4.87873264643939375e-01 -9.19666045160491696e-12 2.35120325535717645e-12
4.87873264651816241e-01 -1.82624124892168123e-11 5.27764060194872045e-12
4.87873264672159135e-01 -3.96532613852221556e-11 1.52881243453289928e-11
4.87873264700235454e-01 -8.84511225676846876e-11 4.38428329142573926e-11
4.87873264797628103e-01 -1.57384153938439601e-10 8.64240588298052054e-11
4.87873265293818470e-01 -2.19187515071930813e-10 1.21091846833341801e-10
7.46652395630459931e-01 2.31155302379375920e-02 -9.76501836771317272e-02
7.46439111835292213e-01 2.92039220091627263e-02 -9.88052701265363098e-02
6.70603416602993274e-01 2.37914707374988418e-02 -6.88174310765919395e-02
6.00144931212969412e-01 1.63504348061310582e-02 -4.03248377403913894e-02
5.68085532492450418e-01 1.01514659056500985e-02 -2.18789335707885030e-02
5.52440616327282030e-01 5.91109948233519387e-03 -1.14289812587284757e-02
5.43889413992323045e-01 3.31386045253264511e-03 -5.89308546865394307e-03
5.39404008905180254e-01 1.81618639354793167e-03 -3.02305270878706076e-03
5.37116642095706420e-01 9.81734195720523504e-04 -1.55137507372902074e-03
5.35920784681287787e-01 5.25108215936898829e-04 -7.99021523645537866e-04
5.35288058163012059e-01 2.78964806760787008e-04 -4.13387102767860063e-04
5.34953886591185479e-01 1.47820037368660471e-04 -2.14854444709470149e-04
5.34777077120584310e-01 7.83122707625080820e-05 -1.12169950511739944e-04
5.34683296901143024e-01 4.15130691517631397e-05 -5.87799593855082596e-05
5.34633596561490232e-01 2.20226027255770051e-05 -3.08795794799899669e-05
5.34607309134394915e-01 1.16895628410121219e-05 -1.62501029258325758e-05
5.34593420255495277e-01 6.20596493635136221e-06 -8.56279416266703357e-06
5.34586085903547392e-01 3.29433252919428575e-06 -4.51489224586407726e-06
5.34582216923411457e-01 1.74786518961593977e-06 -2.38088035148306069e-06
5.34580177669602530e-01 9.26535736981119296e-07 -1.25547145548875134e-06
5.34579103070707773e-01 4.90577762594729279e-07 -6.61848658903636840e-07
5.34578536941439419e-01 2.59395990812056699e-07 -3.48710930355089806e-07
5.34578238830166752e-01 1.36953177349072127e-07 -1.83578197494695304e-07
5.34578081941951999e-01 7.21923268196110036e-08 -9.65447837209192728e-08
5.34577999438497931e-01 3.79902453178270642e-08 -5.07074289295628046e-08
5.34577956099922202e-01 1.99546684253263505e-08 -2.65891262523285949e-08
5.34577933368851843e-01 1.04590555163884355e-08 -1.39135688344964520e-08
5.34577921470481110e-01 5.46790938756948524e-09 -7.26110449742305928e-09
5.34577915259625724e-01 2.84909287813804347e-09 -3.77550449289555110e-09
5.34577912030307356e-01 1.47781543001729995e-09 -1.95294977307936716e-09
5.34577910360783060e-01 7.61579888486004911e-10 -1.00253214674032431e-09
5.34577909504963977e-01 3.88729866831192980e-10 -5.08756872151207285e-10
5.34577909071915491e-01 1.95553213567742780e-10 -2.53615278638688769e-10
5.34577908857195139e-01 9.61703173400576572e-11 -1.22856111509534688e-10
5.34577908754178432e-01 4.55905191110814093e-11 -5.66840123340387967e-11
5.34577908707528748e-01 2.02805690704154094e-11 -2.38582628428564127e-11
5.34577908688728676e-01 7.96335504390199593e-12 -8.14705042613338764e-12
5.34577908683108616e-01 2.27857733432369011e-12 -1.24276641299107075e-12
5.34577908682903669e-01 -1.11808053958592693e-13 1.24616493808441849e-12
5.34577908684259473e-01 -1.09637123012233028e-12 1.87413684720328673e-12
5.34577908685778591e-01 -1.74288890154609935e-12 1.99361823789937509e-12
5.34577908686815206e-01 -2.72957895616903745e-12 2.28799608777900999e-12
5.34577908686969194e-01 -4.90241770831415744e-12 3.68940958396315533e-12
5.34577908687646430e-01 -9.66722848566671788e-12 8.20343268525599415e-12
5.34577908691337367e-01 -2.05652165078147899e-11 2.24683515328739469e-11
5.34577908698698478e-01 -4.51890245602499329e-11 6.22106379008945901e-11
5.34577908767731924e-01 -7.93019181526441191e-11 1.16445255846947803e-10
5.34577909072143420e-01 -1.06237748106032036e-10 1.30966437947740525e-10
7.46652395630459931e-01 -2.31155302379375642e-02 -9.76501836771317411e-02
7.46439111835292102e-01 -2.92039220091628166e-02 -9.88052701265360739e-02
6.70603416602993385e-01 -2.37914707374990084e-02 -6.88174310765923836e-02
6.00144931212969190e-01 -1.63504348061311276e-02 -4.03248377403907995e-02
5.68085532492450418e-01 -1.01514659056500863e-02 -2.18789335707892385e-02
5.52440616327282030e-01 -5.91109948233530056e-03 -1.14289812587276517e-02
5.43889413992322823e-01 -3.31386045253264077e-03 -5.89308546865465778e-03
5.39404008905180588e-01 -1.81618639354795726e-03 -3.02305270878645621e-03
5.37116642095705865e-01 -9.81734195720505723e-04 -1.55137507372944596e-03
5.35920784681288120e-01 -5.25108215936793011e-04 -7.99021523645425977e-04
5.35288058163011726e-01 -2.78964806760779744e-04 -4.13387102767738470e-04
5.34953886591185257e-01 -1.47820037368709748e-04 -2.14854444710097821e-04
5.34777077120583866e-01 -7.83122707625917011e-05 -1.12169950510960037e-04
5.34683296901143024e-01 -4.15130691515911785e-05 -5.87799593863234034e-05
5.34633596561490121e-01 -2.20226027254971062e-05 -3.08795794789688653e-05
5.34607309134394804e-01 -1.16895628407254470e-05 -1.62501029266155595e-05
5.34593420255495833e-01 -6.20596493610157728e-06 -8.56279416189419901e-06
5.34586085903547392e-01 -3.29433252902902750e-06 -4.51489224646266274e-06
5.34582216923411457e-01 -1.74786518941340551e-06 -2.38088035118200697e-06
5.34580177669602641e-01 -9.26535736872289115e-07 -1.25547145561640958e-06
5.34579103070707773e-01 -4.90577762576262902e-07 -6.61848658726581649e-07
5.34578536941439642e-01 -2.59395991065800877e-07 -3.48710930180952696e-07
5.34578238830167196e-01 -1.36953177513746370e-07 -1.83578197556661216e-07
5.34578081941952110e-01 -7.21923271383197893e-08 -9.65447837340413219e-08
5.34577999438498153e-01 -3.79902456447060915e-08 -5.07074287987549440e-08
5.34577956099922424e-01 -1.99546690052859548e-08 -2.65891264393877778e-08
5.34577933368851732e-01 -1.04590560578103602e-08 -1.39135682796680819e-08
5.34577921470481110e-01 -5.46790976265670535e-09 -7.26110488397733120e-09
5.34577915259625391e-01 -2.84909316514607768e-09 -3.77550392139947103e-09
5.34577912030306801e-01 -1.47781559668762701e-09 -1.95295026254448065e-09
5.34577910360782727e-01 -7.61579898593299380e-10 -1.00253171378552674e-09
5.34577909504963533e-01 -3.88729583022373978e-10 -5.08757231752223180e-10
5.34577909071915158e-01 -1.95552746152149878e-10 -2.53615128088410852e-10
5.34577908857194806e-01 -9.61697373657185717e-11 -1.22856374994433705e-10
5.34577908754177988e-01 -4.55900008213020154e-11 -5.66839293461577590e-11
5.34577908707528415e-01 -2.02801816940551675e-11 -2.38582317930118999e-11
5.34577908688728232e-01 -7.96323021123053697e-12 -8.14704418077130817e-12
5.34577908683108616e-01 -2.27858688987513170e-12 -1.24272006991750144e-12
5.34577908682903669e-01 1.11602776412014154e-13 1.24609849788363119e-12
5.34577908684259584e-01 1.09600637975478221e-12 1.87422808350843863e-12
5.34577908685778702e-01 1.74245979912214298e-12 1.99348294954023277e-12
5.34577908686815206e-01 2.72932009117633070e-12 2.28807685673228475e-12
5.34577908686968972e-01 4.90237528971255109e-12 3.68920093532884740e-12
5.34577908687646430e-01 9.66738680698118085e-12 8.20359956301596486e-12
5.34577908691336923e-01 2.05655609529437076e-11 2.24680994647930986e-11
5.34577908698698367e-01 4.51895836144947891e-11 6.22107968039579740e-11
5.34577908767731591e-01 7.93026497066356055e-11 1.16445077116288324e-10
5.34577909072143531e-01 1.06238512494087588e-10 1.30966495059659562e-10
7.50151347375840549e-01 -8.00237060176958587e-02 -9.74055355483332552e-02
7.56106252020265268e-01 -8.98991178222048742e-02 -9.88348717576940650e-02
6.68105432440503910e-01 -6.71536045327735254e-02 -6.88027657116889318e-02
5.81301790742981161e-01 -4.26534900782037027e-02 -4.01427887465291081e-02
5.37891328075336239e-01 -2.51047066325442922e-02 -2.16600676423923215e-02
5.15048426473512011e-01 -1.40680233508326986e-02 -1.12433693190413311e-02
5.02224813201109122e-01 -7.64235525344492041e-03 -5.74900027584663957e-03
4.95369834285786792e-01 -4.07473520063263411e-03 -2.91605138026117565e-03
4.91806343801914236e-01 -2.15019051357218712e-03 -1.47683407382763997e-03
4.89939453620792609e-01 -1.12724537453893093e-03 -7.50622355485828325e-04
4.88957727256501495e-01 -5.88931895195754875e-04 -3.83184586694436207e-04
4.88443153413599340e-01 -3.07647547200022738e-04 -1.96485285068163966e-04
4.88173349746410357e-01 -1.61019479286838121e-04 -1.01282621786176079e-04
4.88031474151389810e-01 -8.44953269911176240e-05 -5.24858190281260781e-05
4.87956740757302609e-01 -4.44525118821725751e-05 -2.73200492134878476e-05
4.87917339996326749e-01 -2.34377989048171409e-05 -1.42754447042233153e-05
4.87896546597939629e-01 -1.23783954637074547e-05 -7.48442933536850007e-06
4.87885561488585306e-01 -6.54402041631057807e-06 -3.93214148008570758e-06
4.87879757468723529e-01 -3.46077233855943117e-06 -2.06864635444617608e-06
4.87876691303086085e-01 -1.82989416082204297e-06 -1.08938614493405291e-06
4.87875071646922676e-01 -9.66995996269475801e-07 -5.73968137287953789e-07
4.87874216472182931e-01 -5.10530613602549705e-07 -3.02377513512357435e-07
4.87873765316075791e-01 -2.69218437183538930e-07 -1.59210516913000032e-07
4.87873527548387087e-01 -1.41770247538349419e-07 -8.37521381566568167e-08
4.87873402394143563e-01 -7.45377773753950369e-08 -4.40009681996224396e-08
4.87873336615595010e-01 -3.91179240989871775e-08 -2.30781374616124560e-08
4.87873302106976547e-01 -2.04851867726924695e-08 -1.20785051060953016e-08
4.87873284044011146e-01 -1.06991058632340645e-08 -6.30416394506177051e-09
4.87873274616855979e-01 -5.56856562127463431e-09 -3.27816718682218773e-09
4.87873269716296520e-01 -2.88440991158340338e-09 -1.69581016104942652e-09
4.87873267183142889e-01 -1.48380895783969291e-09 -8.70640381914717400e-10
4.87873265884524954e-01 -7.55535913676510151e-10 -4.41944535420810884e-10
4.87873265227067310e-01 -3.78748951458862708e-10 -2.20428091940624348e-10
4.87873264900611558e-01 -1.85263845977922807e-10 -1.06889187656948427e-10
4.87873264743494794e-01 -8.70458334534478145e-11 -4.94122823996416754e-11
4.87873264671833007e-01 -3.80887592689800410e-11 -2.08851703031213747e-11
4.87873264642353310e-01 -1.44301513840572059e-11 -7.22863580875148665e-12
4.87873264632855796e-01 -3.66662897961717709e-12 -1.21560172375142214e-12
4.87873264631917158e-01 7.43669019522496259e-13 9.88465013169524023e-13
4.87873264633876369e-01 2.47293755670631104e-12 1.54460524482220995e-12
4.87873264636790704e-01 3.54171360489892176e-12 1.56435541437053061e-12
4.87873264640110549e-01 5.23306398425569767e-12 1.60929742448414398e-12
4.87873264643939153e-01 9.19659172451789171e-12 2.35134275530646857e-12
4.87873264651815797e-01 1.82624850709099708e-11 5.27729849059407158e-12
4.87873264672158691e-01 3.96534999219232857e-11 1.52882455018290303e-11
4.87873264700234843e-01 8.84514958896121654e-11 4.38425540008461556e-11
4.87873264797627715e-01 1.57384664989372902e-10 8.64241481478183911e-11
4.87873265293818414e-01 2.19188107552538575e-10 1.21091833568383881e-10
7.39036762752350085e-01 -1.43073271762723525e-01 -9.19059228817603047e-02
7.45950166504675827e-01 -1.32854567251784322e-01 -9.18423707045995380e-02
6.21304617933824077e-01 -8.49041650224166417e-02 -6.24555236347712761e-02
5.05359324658324782e-01 -4.69288785708633222e-02 -3.53021233265384260e-02
4.47243594648726317e-01 -2.46939783987504026e-02 -1.84312244226032089e-02
4.16964168266626800e-01 -1.26917811001139823e-02 -9.33484325534676349e-03
4.00377062904977599e-01 -6.42075639422761118e-03 -4.66665563551250766e-03
3.91707667559690831e-01 -3.21372499296557288e-03 -2.30967090738776453e-03
3.87292631381591923e-01 -1.60447467248632470e-03 -1.14065713656941506e-03
3.85032986928148968e-01 -8.02786755117590521e-04 -5.65649061519222650e-04
3.83872149205508939e-01 -4.03147298323551918e-04 -2.81924332677655680e-04
3.83276263960009744e-01 -2.03584572477708692e-04 -1.41339195130907671e-04
3.82969538281993038e-01 -1.03572272430645334e-04 -7.14079012855321982e-05
3.82810765517569429e-01 -5.31068801213188045e-05 -3.63829065407724405e-05
3.82728165867860681e-01 -2.74277201460129622e-05 -1.86834714316201181e-05
3.82685019161705664e-01 -1.42552343818718616e-05 -9.66270286325938494e-06
3.82662397564135726e-01 -7.44810458752189312e-06 -5.02854020579072585e-06
3.82650501213567418e-01 -3.90598767434873737e-06 -2.62897612044011359e-06
3.82644233977955939e-01 -2.05321301895184363e-06 -1.37890795066122407e-06
3.82640929010614528e-01 -1.08078001832046118e-06 -7.24865571128659837e-07
3.82639185320454267e-01 -5.69222187717408322e-07 -3.81529662764156273e-07
3.82638265471896000e-01 -2.99742484414145821e-07 -2.00886861083431358e-07
3.82637780545462824e-01 -1.57721788080699621e-07 -1.05735636844043336e-07
3.82637525161856118e-01 -8.28943198347624112e-08 -5.56031496033169344e-08
3.82637390843666603e-01 -4.34993781177327086e-08 -2.91995261094946169e-08
3.82637320315806551e-01 -2.27825503295010063e-08 -1.53056707688982794e-08
3.82637283357113112e-01 -1.19039463996380718e-08 -8.00416978418218540e-09
3.82637264037314018e-01 -6.20128136069300424e-09 -4.17338472159127821e-09
3.82637253969954405e-01 -3.21781716052766567e-09 -2.16746097538883753e-09
3.82637248746288905e-01 -1.66063512916235595e-09 -1.11956013911796595e-09
3.82637246052165592e-01 -8.50287818180865198e-10 -5.73751076533121611e-10
3.82637244674896737e-01 -4.30260362236532566e-10 -2.90583972193494281e-10
3.82637243980181785e-01 -2.13777852315824833e-10 -1.44499711237230217e-10
3.82637243636995417e-01 -1.03143833294119991e-10 -6.97626893689361190e-11
3.82637243473109678e-01 -4.73396287921985369e-11 -3.20134540088287876e-11
3.82637243399325533e-01 -1.97740576438273243e-11 -1.33338486250971406e-11
3.82637243369697511e-01 -6.66297072013314175e-12 -4.44033975443178845e-12
3.82637243360767987e-01 -9.16890366176655811e-13 -5.69062711996963067e-13
3.82637243360529289e-01 1.23760756347416453e-12 8.29784187589082988e-13
3.82637243363324553e-01 1.88062903733671754e-12 1.12789667970058083e-12
3.82637243367234647e-01 2.11190948253294495e-12 1.02309704936653199e-12
3.82637243371794389e-01 2.58386600572167745e-12 8.54445889237466733e-13
3.82637243377433545e-01 4.15227260653666547e-12 1.02878459451024907e-12
3.82637243389186532e-01 8.49193049294817626e-12 2.38653616893618799e-12
3.82637243419026829e-01 1.99490424964109532e-11 7.66394639539392495e-12
3.82637243455628051e-01 4.70011104733310093e-11 2.25248739487799968e-11
3.82637243561202267e-01 8.81976582153780520e-11 4.83040139181315899e-11
3.82637244166256940e-01 1.38927639336415873e-10 9.10651592976998782e-11
5.80354551713765821e-01 -6.48763509988257853e-02 -6.48763509988256881e-02
5.46473304658390058e-01 -5.76012056686337967e-02 -5.76012056686338175e-02
3.87479294358228532e-01 -3.42077646099643029e-02 -3.42077646099642751e-02
2.76333569321475403e-01 -1.76309657148480022e-02 -1.76309657148480022e-02
2.28359813380796972e-01 -8.71673438068504107e-03 -8.71673438068509485e-03
2.05286643666748286e-01 -4.27327376605853709e-03 -4.27327376605854837e-03
1.93538606368132665e-01 -2.07880458369235580e-03 -2.07880458369236708e-03
1.87796665716975009e-01 -1.00272325284526368e-03 -1.00272325284516978e-03
1.85032652581533424e-01 -4.83811218375732001e-04 -4.83811218375727664e-04
1.83686412632069918e-01 -2.34851435696826767e-04 -2.34851435696842786e-04
1.83024996027985387e-01 -1.14768181858326259e-04 -1.14768181858443502e-04
1.82698470533165347e-01 -5.65449999106286473e-05 -5.65449999106524794e-05
1.82535863367577933e-01 -2.81533144817546765e-05 -2.81533144817524742e-05
1.82453954351644132e-01 -1.41761533594162047e-05 -1.41761533595354313e-05
1.82412257266866218e-01 -7.21379324008543715e-06 -7.21379324009884992e-06
1.82390836519524674e-01 -3.70581237980406071e-06 -3.70581237979714002e-06
1.82379743185122706e-01 -1.91929704160154602e-06 -1.91929704158297270e-06
1.82373960734863616e-01 -1.00010631941475404e-06 -1.00010631942797474e-06
1.82370933467073393e-01 -5.23322082122326049e-07 -5.23322082136853934e-07
1.82369344220034313e-01 -2.74599362711553467e-07 -2.74599362767732716e-07
1.82368508516189659e-01 -1.44311013536231223e-07 -1.44311013501045130e-07
1.82368068804860922e-01 -7.58739350701211700e-08 -7.58739350545919327e-08
1.82367837519949921e-01 -3.98761918858163332e-08 -3.98761918588936623e-08
1.82367715980043588e-01 -2.09355657324573250e-08 -2.09355657289880468e-08
1.82367652202652053e-01 -1.09741293336512436e-08 -1.09741293278945463e-08
1.82367618799209735e-01 -5.74051505319211895e-09 -5.74051514314340648e-09
1.82367601345333558e-01 -2.99495838063864463e-09 -2.99495846094992380e-09
1.82367592251972604e-01 -1.55731646775558018e-09 -1.55731653653383659e-09
1.82367587532109132e-01 -8.06186250133612859e-10 -8.06186319157461673e-10
1.82367585094641516e-01 -4.14776090262413995e-10 -4.14776107631390267e-10
1.82367583844852077e-01 -2.11491300069792342e-10 -2.11491288115959896e-10
1.82367583210789691e-01 -1.06382877560084185e-10 -1.06382867886374581e-10
1.82367582894300773e-01 -5.23816242505386981e-11 -5.23817284195074782e-11
1.82367582740377926e-01 -2.49012000110949580e-11 -2.49011462416214232e-11
1.82367582668726824e-01 -1.11217717663438202e-11 -1.11216740476350128e-11
1.82367582637976533e-01 -4.37911742828382116e-12 -4.37904628771423926e-12
1.82367582626931340e-01 -1.23495273581968565e-12 -1.23487914888523720e-12
1.82367582624834129e-01 7.91511294424709846e-14 7.92188191465571856e-14
1.82367582626135227e-01 5.10116302456680613e-13 5.10151780807918129e-13
1.82367582628429142e-01 5.59866399333877328e-13 5.59913609161795760e-13
1.82367582630766273e-01 4.78407142359429061e-13 4.78396592650235117e-13
1.82367582632932568e-01 3.91545962320190579e-13 3.91504711043773666e-13
1.82367582634863329e-01 4.63383179461822024e-13 4.63337316500650941e-13
1.82367582639096304e-01 1.11995955338606601e-12 1.11991869170561483e-12
1.82367582651773219e-01 3.50673099160107313e-12 3.50671032070147345e-12
1.82367582661980943e-01 9.20370739453707213e-12 9.20367014034053558e-12
1.82367582708895776e-01 1.88965695804325170e-11 1.88965695895123623e-11
1.82367583073351797e-01 3.97733490438032748e-11 3.97732915837689996e-11
