iteration,u_residual,v_residual,p_residual,continuity_residual,global_mass_imbalance
1,1.68654808542314044e-01,0.00000000000000000e+00,1.30014427756991457e-02,9.73706337308898750e-09,0.00000000000000000e+00
2,7.02152245579208273e-02,1.08079670190047109e-02,1.05041034486710264e-02,7.40317092569950825e-09,0.00000000000000000e+00
3,3.53158639863042634e-02,9.63492863760207451e-03,8.60524411606832830e-03,7.66116835088315408e-09,0.00000000000000000e+00
4,2.09216277292556228e-02,7.62670470460266852e-03,7.11137079613956280e-03,3.87362331553250258e-09,0.00000000000000000e+00
5,1.41739822067352365e-02,6.08242141225120818e-03,5.98140953419292951e-03,9.72346950911876584e-09,0.00000000000000000e+00
6,1.05832041094914321e-02,5.00567451408090447e-03,5.12661484386888692e-03,7.80699916652267028e-09,0.00000000000000000e+00
7,8.43223059883327526e-03,4.25067813843851318e-03,4.47045045496077733e-03,7.63727794088954118e-09,0.00000000000000000e+00
8,7.01315293983399961e-03,3.70025148316935684e-03,3.95562196918079929e-03,7.49287417199498237e-09,0.00000000000000000e+00
9,6.00632694581571067e-03,3.28634896686031070e-03,3.54254588611192410e-03,7.22164056208516713e-09,0.00000000000000000e+00
10,5.25342058424787053e-03,2.96514601999861615e-03,3.20429704307078527e-03,9.36810821535105735e-09,0.00000000000000000e+00
11,4.66775787754294524e-03,2.70839648430187775e-03,2.92193270468169355e-03,5.78842687371941882e-09,0.00000000000000000e+00
12,4.19793224511837756e-03,2.49830499195154675e-03,2.68230968528801027e-03,7.49343077805324698e-09,0.00000000000000000e+00
13,3.81196770750063087e-03,2.32301715237399941e-03,2.47634750315541257e-03,9.02654080391871478e-09,0.00000000000000000e+00
14,3.48865648717127394e-03,2.17414958034945708e-03,2.29746707243704733e-03,7.86821839830846182e-09,0.00000000000000000e+00
15,3.21353694765512832e-03,2.04583359973869441e-03,2.14075933705879353e-03,8.32580828819280873e-09,0.00000000000000000e+00
16,2.97612147838753529e-03,1.93327022333765865e-03,2.00229654879511025e-03,5.58754149354820834e-09,0.00000000000000000e+00
17,2.76934273897317621e-03,1.83381290438354612e-03,1.87923873257020879e-03,6.72929611972855241e-09,0.00000000000000000e+00
18,2.58747101394526165e-03,1.74501746124840706e-03,1.76929076912201713e-03,9.52479923709136409e-09,0.00000000000000000e+00
19,2.42610158222484901e-03,1.66499099278492641e-03,1.67055728030327628e-03,7.19318414754456755e-09,0.00000000000000000e+00
20,2.28196265488049641e-03,1.59248291793757761e-03,1.58150653824236528e-03,5.45628080374431777e-09,0.00000000000000000e+00
21,2.15241533471989630e-03,1.52626002749240005e-03,1.50085741522557438e-03,4.96965224074440976e-09,0.00000000000000000e+00
22,2.03532484159952122e-03,1.46546294657776350e-03,1.42753916665177313e-03,6.28615112021998607e-09,0.00000000000000000e+00
23,1.92901573132251369e-03,1.40935388477480606e-03,1.36065440811175293e-03,4.19555949624032616e-09,0.00000000000000000e+00
24,1.83201435485220781e-03,1.35726945481506596e-03,1.29942801952515996e-03,8.86492576544535194e-09,0.00000000000000000e+00
25,1.74305712734533274e-03,1.30869333520797497e-03,1.24321754857686299e-03,9.23743527071713470e-09,0.00000000000000000e+00
26,1.66131116919017788e-03,1.26323824022617887e-03,1.19147092325621868e-03,7.13679236133275536e-09,0.00000000000000000e+00
27,1.58596572213884303e-03,1.22050139878848783e-03,1.14369446723147660e-03,8.80430366381139231e-09,0.00000000000000000e+00
28,1.51626484625191622e-03,1.18017571450113891e-03,1.09945374392360264e-03,8.78477882003125176e-09,0.00000000000000000e+00
29,1.45161104465757170e-03,1.14208753988611061e-03,1.05838398750795863e-03,2.90645033110262974e-09,0.00000000000000000e+00
30,1.39149142596781518e-03,1.10603614730804848e-03,1.02018289060884114e-03,7.75818256737978449e-09,0.00000000000000000e+00
31,1.33548647260692743e-03,1.07179070146799175e-03,9.84574538571407086e-04,2.99801460830012578e-09,0.00000000000000000e+00
32,1.28312402482191629e-03,1.03926270764849189e-03,9.51312637443404107e-04,6.58713846416119807e-09,0.00000000000000000e+00
33,1.23411923625934726e-03,1.00833488359927800e-03,9.20302947267529078e-04,5.19150227523553638e-09,0.00000000000000000e+00
34,1.18814516072300006e-03,9.78786163929463906e-04,8.91268229852016074e-04,9.16067169354484431e-09,0.00000000000000000e+00
35,1.14497769859794548e-03,9.50507272614233012e-04,8.64006977917615221e-04,7.39030462241595253e-09,0.00000000000000000e+00
36,1.10432603828339087e-03,9.23458889769069777e-04,8.38351565240759238e-04,7.01139143749086417e-09,0.00000000000000000e+00
37,1.06598867340810827e-03,8.97477999149273015e-04,8.14134662579006196e-04,5.32723451734427739e-09,0.00000000000000000e+00
38,1.02980122813867820e-03,8.72592574671855726e-04,7.91263876181391387e-04,4.98313148892978437e-09,0.00000000000000000e+00
39,9.95590691230538059e-04,8.48703381468804917e-04,7.69636076654186662e-04,5.28823487411825519e-09,0.00000000000000000e+00
40,9.63196119669961805e-04,8.25737559641973279e-04,7.49154394577757976e-04,5.13977247888092204e-09,0.00000000000000000e+00
41,9.32497317804606321e-04,8.03641657771054217e-04,7.29729399293347334e-04,6.98780599428479289e-09,0.00000000000000000e+00
42,9.03345392704387731e-04,7.82325904887446496e-04,7.11269140893946625e-04,8.24489897196133301e-09,0.00000000000000000e+00
43,8.75640211257391367e-04,7.61805518756625603e-04,6.93708053640249055e-04,9.24034944916126044e-09,0.00000000000000000e+00
44,8.49279858951232066e-04,7.42024663538313578e-04,6.76986652190972749e-04,2.33808414739793044e-09,0.00000000000000000e+00
45,8.24151005411992974e-04,7.22959529238573228e-04,6.61035263331942002e-04,4.69292436579877179e-09,0.00000000000000000e+00
46,8.00212685857057686e-04,7.04501227695936713e-04,6.45784108699917932e-04,7.55465521043388561e-09,0.00000000000000000e+00
47,7.77347505563447507e-04,6.86720836859212500e-04,6.31207982814729397e-04,3.15900786721584329e-09,0.00000000000000000e+00
48,7.55474387384703536e-04,6.69573127656651439e-04,6.17264805452700919e-04,8.05604261952641544e-09,0.00000000000000000e+00
49,7.34585805424974709e-04,6.52966425790619067e-04,6.03916048667248206e-04,2.68312761640173473e-09,0.00000000000000000e+00
50,7.14550801927056655e-04,6.36978695628723094e-04,5.91124859024773353e-04,3.21795879430905896e-09,0.00000000000000000e+00
51,6.95378458460095485e-04,6.21477384097165585e-04,5.78856251962581213e-04,8.83980544586387039e-09,0.00000000000000000e+00
52,6.76995213713869849e-04,6.06482054331831228e-04,5.67077938358966625e-04,5.04615777635871900e-09,0.00000000000000000e+00
53,6.59311611289845555e-04,5.92022817438111657e-04,5.55760370384373974e-04,7.40652453545301520e-09,0.00000000000000000e+00
54,6.42356512755943025e-04,5.77970655484970363e-04,5.44872508461174162e-04,8.22158621688040997e-09,0.00000000000000000e+00
55,6.26031004814407645e-04,5.64381335369992495e-04,5.34391623996503286e-04,8.22727453893810257e-09,0.00000000000000000e+00
56,6.10323867482431121e-04,5.51218823642098880e-04,5.24298436013727592e-04,4.04751970918942240e-09,0.00000000000000000e+00
57,5.95186251114582080e-04,5.38479749578888237e-04,5.14572795990199459e-04,7.24962876639151889e-09,0.00000000000000000e+00
58,5.80632832338480128e-04,5.26101849270976633e-04,5.05193571370240752e-04,8.99162427800660231e-09,0.00000000000000000e+00
59,5.66571073604703475e-04,5.14124214614195582e-04,4.96141498493247405e-04,7.79008441767834792e-09,0.00000000000000000e+00
60,5.53006347484017238e-04,5.02509465711887182e-04,4.87398776558489277e-04,7.99833599256370531e-09,0.00000000000000000e+00
61,5.39911428348326225e-04,4.91238946294511353e-04,4.78949452768582878e-04,7.46563206020050824e-09,0.00000000000000000e+00
62,5.27260576546450437e-04,4.80301999224285380e-04,4.70778504318510819e-04,5.75932576776303539e-09,0.00000000000000000e+00
63,5.15020925548362925e-04,4.69691255823913593e-04,4.62872380585062566e-04,6.82476220664894497e-09,0.00000000000000000e+00
64,5.03191777957760224e-04,4.59370378566128113e-04,4.55233272325098978e-04,6.66875804273993237e-09,0.00000000000000000e+00
65,4.91736542352568667e-04,4.49342533184090881e-04,4.47837871039126001e-04,6.22221597698036883e-09,0.00000000000000000e+00
66,4.80642985379895447e-04,4.39597652427148127e-04,4.40672027257208397e-04,8.09572002241383537e-09,0.00000000000000000e+00
67,4.69901708825781164e-04,4.30122931230167047e-04,4.33725992779541124e-04,8.99467018989875944e-09,0.00000000000000000e+00
68,4.59464719035343287e-04,4.20940789870895055e-04,4.26988997735604800e-04,5.95053509184879319e-09,0.00000000000000000e+00
69,4.49377097664145370e-04,4.11976453350493146e-04,4.20450715819514721e-04,1.15659506399108755e-09,0.00000000000000000e+00
70,4.39547143549877482e-04,4.03301138788409157e-04,4.14102389786917872e-04,7.23848236780000689e-09,0.00000000000000000e+00
71,4.30063968861730921e-04,3.94804464709040356e-04,4.07936016504098725e-04,6.44545287314733793e-09,0.00000000000000000e+00
72,4.20820604116701243e-04,3.86577401164338980e-04,4.01943643895600505e-04,6.49699755921340510e-09,0.00000000000000000e+00
73,4.11813996258551481e-04,3.78599850125554993e-04,3.96117831807940373e-04,9.86731552312174582e-09,0.00000000000000000e+00
74,4.03125313395009000e-04,3.70764322748485370e-04,3.90451357652600941e-04,7.97652331679660657e-09,0.00000000000000000e+00
75,3.94647104479516704e-04,3.63168806321821191e-04,3.84937706836379864e-04,9.44672200641694215e-09,0.00000000000000000e+00
76,3.86366453946329277e-04,3.55810224129134167e-04,3.79570752705360361e-04,3.70954192570874591e-09,0.00000000000000000e+00
77,3.78323400049363444e-04,3.48621465274626737e-04,3.74343309791260207e-04,3.00253425195584559e-10,0.00000000000000000e+00
78,3.70516196421429456e-04,3.41595109471357907e-04,3.69251142587102518e-04,9.22868828534452116e-09,0.00000000000000000e+00
79,3.62964600976455303e-04,3.34691062604795613e-04,3.64288941191588742e-04,5.20039010961790826e-09,0.00000000000000000e+00
80,3.55487532094161463e-04,3.28094176550190503e-04,3.59451848098707579e-04,7.89766611264180966e-09,0.00000000000000000e+00
81,3.48285929545664498e-04,3.21570672677379754e-04,3.54735072464061889e-04,7.68453818052456918e-09,0.00000000000000000e+00
82,3.41266457740735623e-04,3.15204426234210063e-04,3.50133817901021301e-04,8.60952789416483045e-09,0.00000000000000000e+00
83,3.34387738470694651e-04,3.09036012792011645e-04,3.45644120653850178e-04,8.61320586927336059e-09,0.00000000000000000e+00
84,3.27691966128823716e-04,3.03001119178803282e-04,3.41261886621398245e-04,9.21876407679738259e-09,0.00000000000000000e+00
85,3.21167357674515572e-04,2.97102709081464487e-04,3.36983249616004199e-04,8.44560043476716877e-09,0.00000000000000000e+00
86,3.14706639931347921e-04,2.91447297634541270e-04,3.32804781567456228e-04,9.90379972919206364e-09,0.00000000000000000e+00
87,3.08649222844860544e-04,2.85654727810235297e-04,3.28722396007541796e-04,8.31648137220183724e-09,0.00000000000000000e+00
88,3.02497596064072490e-04,2.80251927918186215e-04,3.24733298460564486e-04,8.84796576521553148e-09,0.00000000000000000e+00
89,2.96579653485337181e-04,2.74880271969131973e-04,3.20834245179124763e-04,4.72158095441576105e-09,0.00000000000000000e+00
90,2.90770386118107251e-04,2.69659456005389645e-04,3.17022120091959734e-04,1.80759309574171713e-09,0.00000000000000000e+00
91,2.85093587331528562e-04,2.64558935929433046e-04,3.13294410868979450e-04,8.27670631088330063e-09,0.00000000000000000e+00
92,2.79637740310714972e-04,2.59477782271555133e-04,3.09648523921463546e-04,3.05225340958754890e-09,0.00000000000000000e+00
93,2.74183372521405488e-04,2.54625256390646638e-04,3.06076872952671969e-04,5.88846248041988105e-09,0.00000000000000000e+00
94,2.68927298238757118e-04,2.49807288300408342e-04,3.02579669866595710e-04,8.30722749558494591e-09,0.00000000000000000e+00
95,2.63753428143494487e-04,2.45132967911216519e-04,2.99156413358644859e-04,8.67586963881938682e-09,0.00000000000000000e+00
96,2.58707733785246597e-04,2.40541001912706687e-04,2.95805065421254139e-04,8.29913173873481273e-09,0.00000000000000000e+00
97,2.53760868729084718e-04,2.36064643251113204e-04,2.92523486858977278e-04,8.26009424738623693e-09,0.00000000000000000e+00
98,2.48929917994648777e-04,2.31672036068309892e-04,2.89309522180686458e-04,8.01871716489714617e-09,0.00000000000000000e+00
99,2.44204004057267307e-04,2.27372706878512312e-04,2.86161013151239917e-04,8.04706276492588207e-09,0.00000000000000000e+00
100,2.39569923551510166e-04,2.23173217690585731e-04,2.83075810554938581e-04,2.92991880490302559e-09,0.00000000000000000e+00
101,2.34990883630967765e-04,2.19108472233335393e-04,2.80052059345187545e-04,9.20076331326410726e-09,0.00000000000000000e+00
102,2.30666290820412813e-04,2.14956471362880538e-04,2.77087921868580142e-04,9.51538373282580339e-09,0.00000000000000000e+00
103,2.26270259217991161e-04,2.11066808115880489e-04,2.74181942635976894e-04,4.91200450862233072e-09,0.00000000000000000e+00
104,2.22013005043521011e-04,2.07200674300969494e-04,2.71332083717372278e-04,8.59958276726589917e-09,0.00000000000000000e+00
105,2.17880736875447780e-04,2.03379286760620084e-04,2.68536934388956825e-04,9.07926039121264866e-09,0.00000000000000000e+00
106,2.13787059827910805e-04,1.99682027039518265e-04,2.65795086175174620e-04,8.98165513635179688e-09,0.00000000000000000e+00
107,2.09797857223384599e-04,1.96032346389015029e-04,2.63103368453145806e-04,8.86431668884198787e-09,0.00000000000000000e+00
108,2.05887368039290967e-04,1.92455411479007673e-04,2.60458682536381071e-04,9.04576859655841523e-09,0.00000000000000000e+00
109,2.02056889457943731e-04,1.88950217561480833e-04,2.57862231090383298e-04,8.71772407329390030e-09,0.00000000000000000e+00
110,1.98297300548585750e-04,1.85521811004220121e-04,2.55313527377365316e-04,9.24601834381793394e-09,0.00000000000000000e+00
111,1.94637459692292831e-04,1.82133771739525759e-04,2.52811459346777387e-04,7.51876459668548275e-09,0.00000000000000000e+00
112,1.91018677195506560e-04,1.78846642407415459e-04,2.50354861332460158e-04,8.57083538668822038e-09,0.00000000000000000e+00
113,1.87491548652178239e-04,1.75604612894952530e-04,2.47942479198442936e-04,7.03925064802219447e-09,0.00000000000000000e+00
114,1.84023236291232874e-04,1.72432572622430110e-04,2.45572764785771224e-04,7.12027558567615131e-09,0.00000000000000000e+00
115,1.80634113637796430e-04,1.69312252075114438e-04,2.43244740757800684e-04,6.17907044057588453e-09,0.00000000000000000e+00
116,1.77299964761129666e-04,1.66263038514216329e-04,2.40957399930245229e-04,6.08869230969627184e-09,0.00000000000000000e+00
117,1.74041294738660313e-04,1.63261420660814932e-04,2.38709852400489800e-04,2.70018557039942223e-09,0.00000000000000000e+00
118,1.70823028398370882e-04,1.60341855336016467e-04,2.36501124810868120e-04,8.93958725972227487e-09,0.00000000000000000e+00
119,1.67737194158439621e-04,1.57402096724153896e-04,2.34330233399760417e-04,7.20067016812815381e-09,0.00000000000000000e+00
120,1.64625043759101218e-04,1.54609722916728185e-04,2.32196291735416394e-04,9.68825649484749643e-09,0.00000000000000000e+00
121,1.61628749127964608e-04,1.51812034099900884e-04,2.30098358378916934e-04,5.13239716395416150e-09,0.00000000000000000e+00
122,1.58645747012469551e-04,1.49107664546030151e-04,2.28035464951249832e-04,8.16608702231262436e-09,0.00000000000000000e+00
123,1.55772513436209793e-04,1.46405097150276327e-04,2.26006803792085792e-04,8.14368415539891131e-09,0.00000000000000000e+00
124,1.52914081961916265e-04,1.43788641527174698e-04,2.24010354658634022e-04,6.92030430151749458e-09,0.00000000000000000e+00
125,1.50117703601929309e-04,1.41215343237418016e-04,2.22045895674629685e-04,8.85227857435174302e-09,0.00000000000000000e+00
126,1.47398459700301236e-04,1.38663667339962123e-04,2.20113244717250395e-04,6.18549554054248963e-09,0.00000000000000000e+00
127,1.44693844745980054e-04,1.36197846490742583e-04,2.18211759149086857e-04,9.37642475534639714e-09,0.00000000000000000e+00
128,1.42079610249344987e-04,1.33740015348857985e-04,2.16340740435372282e-04,6.67989878601147844e-09,0.00000000000000000e+00
129,1.39476672730691877e-04,1.31360032127197945e-04,2.14499414117897791e-04,9.18521717052618557e-09,0.00000000000000000e+00
130,1.36956621756315278e-04,1.28994868645223735e-04,2.12687095741981460e-04,3.97500477322337269e-09,0.00000000000000000e+00
131,1.34434253890954058e-04,1.26720243907643926e-04,2.10902665989717131e-04,9.08181714625748118e-09,0.00000000000000000e+00
132,1.32042769944919365e-04,1.24400720852670186e-04,2.09145808496260491e-04,7.54094696875643284e-09,0.00000000000000000e+00
133,1.29619634086066999e-04,1.22203026244681811e-04,2.07416056819461849e-04,8.53733850216529843e-09,0.00000000000000000e+00
134,1.27273605583657371e-04,1.20014209028146415e-04,2.05712811475187621e-04,7.57285102587568016e-09,0.00000000000000000e+00
135,1.24966371629443265e-04,1.17865848701877396e-04,2.04035387532896134e-04,7.36001937685919781e-09,0.00000000000000000e+00
136,1.22705485800460567e-04,1.15754923230020025e-04,2.02383269808244286e-04,7.80576707826555719e-09,0.00000000000000000e+00
137,1.20482305924967490e-04,1.13688035629251367e-04,2.00755931328120552e-04,5.77682742061166809e-09,0.00000000000000000e+00
138,1.18294792864026132e-04,1.11662272126140932e-04,1.99152805731913745e-04,8.00888152265298071e-09,0.00000000000000000e+00
139,1.16165215947257319e-04,1.09657579839676203e-04,1.97573385547764627e-04,2.47617682971767433e-09,0.00000000000000000e+00
140,1.14037706820690796e-04,1.07726043978957972e-04,1.96017142120017866e-04,8.77243581790022719e-09,0.00000000000000000e+00
141,1.12030549793038024e-04,1.05744821414301062e-04,1.94483554052875859e-04,8.23520296737258946e-09,0.00000000000000000e+00
142,1.09973823293984052e-04,1.03889965876529020e-04,1.92972187358436079e-04,7.87045203431731038e-09,0.00000000000000000e+00
143,1.07994078138132191e-04,1.02027714870239004e-04,1.91482540229613520e-04,7.86300258777894561e-09,0.00000000000000000e+00
144,1.06043946402500409e-04,1.00206650196918857e-04,1.90014184561907411e-04,3.77607680124137959e-09,0.00000000000000000e+00
145,1.04110806563098676e-04,9.84377646799834569e-05,1.88566697797668995e-04,8.63016824333222452e-09,0.00000000000000000e+00
146,1.02278982641222093e-04,9.66304214049311069e-05,1.87139566763373522e-04,3.25880616888144413e-09,0.00000000000000000e+00
147,1.00383441833872065e-04,9.49599119475971596e-05,1.85732470885523909e-04,8.78081189934661891e-09,0.00000000000000000e+00
148,9.86320943884565915e-05,9.32001172848902302e-05,1.84344986844903587e-04,2.52516832813985659e-09,0.00000000000000000e+00
149,9.67916714622300036e-05,9.16035138751762948e-05,1.82976740817006458e-04,9.51348677533095476e-09,0.00000000000000000e+00
150,9.51193087015167910e-05,8.98922611685834224e-05,1.81627296536411326e-04,8.91974110357629552e-09,0.00000000000000000e+00
151,9.33725833505107730e-05,8.83207148080292226e-05,1.80296335350966787e-04,7.77863510986154720e-09,0.00000000000000000e+00
152,9.16872972599111220e-05,8.67479185750977689e-05,1.78983484707528228e-04,6.30252684683633854e-09,0.00000000000000000e+00
153,9.00353070952798572e-05,8.52024503815152872e-05,1.77688378723965122e-04,8.48511237794494683e-09,0.00000000000000000e+00
154,8.84385035451385788e-05,8.36548933891202056e-05,1.76410668851349170e-04,4.90055199950929063e-09,0.00000000000000000e+00
155,8.68233598841250425e-05,8.21868248621542095e-05,1.75149999747898711e-04,6.85533264710776977e-09,0.00000000000000000e+00
156,8.52835309713511459e-05,8.06977432571029623e-05,1.73906054657941596e-04,8.32538769737873042e-09,0.00000000000000000e+00
157,8.37530761957172392e-05,7.92543492893116504e-05,1.72678484004332194e-04,5.76932184346465552e-09,0.00000000000000000e+00
158,8.22351281921327050e-05,7.78514211377776563e-05,1.71466999492018095e-04,7.89662238467752627e-09,0.00000000000000000e+00
159,8.07723941220410250e-05,7.64478236796572173e-05,1.70271319292726478e-04,8.63225398315500850e-09,0.00000000000000000e+00
160,7.93248185627405271e-05,7.50800781275694836e-05,1.69091116015711047e-04,2.08915734034477135e-09,0.00000000000000000e+00
161,7.78638318051050972e-05,7.37787094389274556e-05,1.67926155262765228e-04,8.44833896761029338e-09,0.00000000000000000e+00
162,7.65307644404282766e-05,7.23978256850430071e-05,1.66776048179160982e-04,8.37819464167092385e-09,0.00000000000000000e+00
163,7.51367301971444423e-05,7.11210599744073973e-05,1.65640615883569966e-04,7.52051823979575548e-09,0.00000000000000000e+00
164,7.37835944714122630e-05,6.98595302139771849e-05,1.64519529958437446e-04,6.32110468141949795e-09,0.00000000000000000e+00
165,7.24634316780538041e-05,6.86099107063204485e-05,1.63412579661631588e-04,6.65277595368767023e-09,0.00000000000000000e+00
166,7.11717449931075825e-05,6.73794495761200044e-05,1.62319478150657484e-04,6.56916496647838701e-09,0.00000000000000000e+00
167,6.98986451929543205e-05,6.61745993491603696e-05,1.61239989276783815e-04,8.47120632942190760e-09,0.00000000000000000e+00
168,6.86558818695694878e-05,6.49861828886352843e-05,1.60173863199835150e-04,9.01852921251029120e-09,0.00000000000000000e+00
169,6.74256511424812415e-05,6.38282451416412116e-05,1.59120908826909137e-04,7.34221431180645905e-09,0.00000000000000000e+00
170,6.62102332443566000e-05,6.26983683176246379e-05,1.58080951042151367e-04,7.45484170948544262e-09,0.00000000000000000e+00
171,6.50374773602463912e-05,6.15680350137305936e-05,1.57053740351441166e-04,8.55604092503031704e-09,0.00000000000000000e+00
172,6.38801182001523077e-05,6.04670809635604636e-05,1.56039022753433511e-04,8.12972904561257232e-09,0.00000000000000000e+00
173,6.27393712700854050e-05,5.93852226730408420e-05,1.55036563216342621e-04,7.50279620787658151e-09,0.00000000000000000e+00
174,6.16164678285621725e-05,5.83291785413996383e-05,1.54046141578858089e-04,5.34426270905568874e-09,0.00000000000000000e+00
175,6.05120715401145570e-05,5.72944647967219751e-05,1.53067552448055540e-04,9.14541995832806684e-09,0.00000000000000000e+00
176,5.94618908707246824e-05,5.62435002973671092e-05,1.52100584005670142e-04,7.80885990741680311e-09,0.00000000000000000e+00
177,5.83820975871357509e-05,5.52601139749111768e-05,1.51145029541438865e-04,6.99074746021416940e-09,0.00000000000000000e+00
178,5.73463113114349601e-05,5.42701522722012912e-05,1.50200712164843609e-04,7.55600573505451324e-09,0.00000000000000000e+00
179,5.63323755250115066e-05,5.32959650928041521e-05,1.49267431386220439e-04,8.74351891759505236e-09,0.00000000000000000e+00
180,5.53357066784787737e-05,5.23415525677321973e-05,1.48345012636560936e-04,8.17050570847100158e-09,0.00000000000000000e+00
181,5.43462943085437741e-05,5.14127986496653442e-05,1.47433268180492742e-04,6.27337713813215564e-09,0.00000000000000000e+00
182,5.33755579193325762e-05,5.05014274375378618e-05,1.46532021011108840e-04,9.56683390679288716e-09,0.00000000000000000e+00
183,5.24520892424217396e-05,4.95795310013812872e-05,1.45641102154050800e-04,9.04953039498387337e-09,0.00000000000000000e+00
184,5.15018471302177265e-05,4.87163111493093198e-05,1.44760347089723516e-04,5.96197494023586840e-09,0.00000000000000000e+00
185,5.05897761603007776e-05,4.78443445376122578e-05,1.43889566629465534e-04,9.66555345569540595e-09,0.00000000000000000e+00
186,4.97107354492139360e-05,4.69785719649142838e-05,1.43028641874069589e-04,9.53432336969003943e-09,0.00000000000000000e+00
187,4.88311595614527419e-05,4.61395451481877610e-05,1.42177361900686344e-04,8.02857267677747149e-09,0.00000000000000000e+00
188,4.79523156633958038e-05,4.53346310436712733e-05,1.41335612291774439e-04,8.28054472704617423e-09,0.00000000000000000e+00
189,4.71178252866722564e-05,4.45131878016635557e-05,1.40503246022022734e-04,6.04897055910060865e-09,0.00000000000000000e+00
190,4.62704507512727082e-05,4.37399392835493997e-05,1.39680108263782153e-04,9.57483012339740431e-09,0.00000000000000000e+00
191,4.54883923233503768e-05,4.29247996889936247e-05,1.38866017899671513e-04,8.24706564597181363e-09,0.00000000000000000e+00
192,4.46639170913662093e-05,4.21832166463434016e-05,1.38060879813995817e-04,5.04159736045731701e-09,0.00000000000000000e+00
193,4.38631540136785297e-05,4.14484758503496365e-05,1.37264551956120870e-04,8.62048577051479281e-09,0.00000000000000000e+00
194,4.31418279267989764e-05,4.06652853886071871e-05,1.36476818373547761e-04,8.11778465831795318e-09,0.00000000000000000e+00
195,4.23420161667506525e-05,3.99802822217857430e-05,1.35697724294813171e-04,6.14356931098298105e-09,0.00000000000000000e+00
196,4.15997233177687914e-05,3.92702998346252356e-05,1.34926952665075897e-04,9.26483074787023034e-09,0.00000000000000000e+00
197,4.08942957082882919e-05,3.85508496131821779e-05,1.34164472476657365e-04,8.75623710771870876e-09,0.00000000000000000e+00
198,4.01607620259195600e-05,3.78813088745261336e-05,1.33410140084163492e-04,6.21440974818737118e-09,0.00000000000000000e+00
199,3.94544835113002171e-05,3.72126718838672500e-05,1.32663821238982539e-04,9.45823088595635276e-09,0.00000000000000000e+00
200,3.87830116205435552e-05,3.65392745699594983e-05,1.31925416688743726e-04,9.05643266726811322e-09,0.00000000000000000e+00
201,3.81042594429382970e-05,3.58877890983932128e-05,1.31194792270359321e-04,8.99787322027582952e-09,0.00000000000000000e+00
202,3.74325708520545814e-05,3.52616276911546414e-05,1.30471821687849873e-04,6.97581912345578753e-09,0.00000000000000000e+00
203,3.67709732252548093e-05,3.46455968465244783e-05,1.29756436740741603e-04,9.51388918284606025e-09,0.00000000000000000e+00
204,3.61436318980545753e-05,3.40237469326221267e-05,1.29048492809345593e-04,4.59247866502246126e-09,0.00000000000000000e+00
205,3.55063210940670000e-05,3.34264420020748010e-05,1.28347883608178741e-04,7.20916899820729977e-09,0.00000000000000000e+00
206,3.49257833432043777e-05,3.28037585652608688e-05,1.27654462367137519e-04,9.02760016287311634e-09,0.00000000000000000e+00
207,3.42780959860499861e-05,3.22650508569216846e-05,1.26968316538652611e-04,7.07335352621992893e-09,0.00000000000000000e+00
208,3.36927629479764519e-05,3.16880307554009172e-05,1.26289062238963789e-04,9.02062645638461611e-09,0.00000000000000000e+00
209,3.31139523649910748e-05,3.11268545683626203e-05,1.25616816089202480e-04,7.17691843821212784e-09,0.00000000000000000e+00
210,3.25477443315993589e-05,3.05691108880519941e-05,1.24951298094944633e-04,9.77674441820359173e-09,0.00000000000000000e+00
211,3.19957360425503624e-05,3.00265004062139364e-05,1.24292554262990290e-04,6.17796963303680308e-09,0.00000000000000000e+00
212,3.14193486941224368e-05,2.95195816679885416e-05,1.23640487279145557e-04,8.49424050490875319e-09,0.00000000000000000e+00
213,3.09118985316969187e-05,2.89719296076922638e-05,1.22994959656181908e-04,9.57485418981196006e-09,0.00000000000000000e+00
214,3.03568716399622768e-05,2.84864559363236735e-05,1.22356019610652924e-04,8.16788845041220967e-09,0.00000000000000000e+00
215,2.98352381447177636e-05,2.79864473468480069e-05,1.21723358730395364e-04,8.62959743129168925e-09,0.00000000000000000e+00
216,2.93206368714539035e-05,2.75035248045910138e-05,1.21097034665161823e-04,7.80296404414378270e-09,0.00000000000000000e+00
217,2.88413474720186099e-05,2.69953286811944049e-05,1.20476839035730951e-04,9.48502949045423783e-09,0.00000000000000000e+00
218,2.83380210983327591e-05,2.65398295202800731e-05,1.19862833397095596e-04,7.46643348608564059e-09,0.00000000000000000e+00
219,2.78557861530648203e-05,2.60718017327586882e-05,1.19254794427973092e-04,9.56889862306104634e-09,0.00000000000000000e+00
220,2.73995717722055231e-05,2.56026901724441282e-05,1.18652716247578230e-04,5.27473748467164589e-09,0.00000000000000000e+00
221,2.69002671891006886e-05,2.51873508157909522e-05,1.18056563172007857e-04,6.98766991493095343e-09,0.00000000000000000e+00
222,2.64837389504121860e-05,2.47115876414946937e-05,1.17466107113577451e-04,9.07062052136746034e-09,0.00000000000000000e+00
223,2.60111814006903831e-05,2.43081244004882440e-05,1.16881441973501235e-04,7.14230472422731849e-09,0.00000000000000000e+00
224,2.55653082800271603e-05,2.38907882081992777e-05,1.16302372691981049e-04,8.93767265821528594e-09,0.00000000000000000e+00
225,2.51640328150925232e-05,2.34492260761765530e-05,1.15728839709122643e-04,8.33263973270215393e-09,0.00000000000000000e+00
226,2.47120723865221980e-05,2.30699542176721177e-05,1.15160876389605040e-04,8.87923903213870449e-09,0.00000000000000000e+00
227,2.43044861536931313e-05,2.26666687557907243e-05,1.14598261900985304e-04,6.28367785323998963e-09,0.00000000000000000e+00
228,2.38979947418882276e-05,2.22706298014581964e-05,1.14041026610945342e-04,8.04876122449156207e-09,0.00000000000000000e+00
229,2.35267727368509115e-05,2.18613190470276476e-05,1.13489015582155951e-04,5.47571092752662379e-09,0.00000000000000000e+00
230,2.30872953213820181e-05,2.15317513892386888e-05,1.12942311596002612e-04,7.03800442315785064e-09,0.00000000000000000e+00
231,2.27468736680690345e-05,2.11183596640757437e-05,1.12400657786094075e-04,9.26314585279034421e-09,0.00000000000000000e+00
232,2.23412135192990891e-05,2.07855523336078582e-05,1.11864161356438734e-04,5.85508404682042987e-09,0.00000000000000000e+00
233,2.19717997554467399e-05,2.04254196284946433e-05,1.11332617820078961e-04,6.96924144450627444e-09,0.00000000000000000e+00
234,2.16388839300039416e-05,2.00473997358920884e-05,1.10806018660389934e-04,9.29519133086398267e-09,0.00000000000000000e+00
235,2.12556519814822529e-05,1.97358443396548708e-05,1.10284385556731673e-04,6.12230847097903085e-09,0.00000000000000000e+00
236,2.09064567634003091e-05,1.93927727858814292e-05,1.09767516921281896e-04,7.45020466160857456e-09,0.00000000000000000e+00
237,2.05831211925992700e-05,1.90462219565078406e-05,1.09255405623977220e-04,8.98652187480614927e-09,0.00000000000000000e+00
238,2.02188472281154956e-05,1.87533469348481746e-05,1.08748077880204696e-04,8.01702023557084727e-09,0.00000000000000000e+00
239,1.99136529391823536e-05,1.84074089829217903e-05,1.08245306322526092e-04,9.62825322031424549e-09,0.00000000000000000e+00
240,1.95811712849858636e-05,1.81078021724327994e-05,1.07747187638657430e-04,7.27430562120056478e-09,0.00000000000000000e+00
241,1.92561228521534549e-05,1.78052654508896898e-05,1.07253593711545704e-04,8.40779910599803922e-09,0.00000000000000000e+00
242,1.89691823058261096e-05,1.74826828566591026e-05,1.06764444632159741e-04,9.01256246047781545e-09,0.00000000000000000e+00
243,1.86383074363905205e-05,1.72156221366981464e-05,1.06279787808187762e-04,6.18458001557869506e-09,0.00000000000000000e+00
244,1.83327937157078572e-05,1.69302127264713924e-05,1.05799480490495408e-04,6.93836596534051181e-09,0.00000000000000000e+00
245,1.80718646200055528e-05,1.66139553517214536e-05,1.05323452972633626e-04,8.84040066324723919e-09,0.00000000000000000e+00
246,1.77681036285905787e-05,1.63553965419118371e-05,1.04851742351256058e-04,9.03896215628824795e-09,0.00000000000000000e+00
247,1.74777759286696800e-05,1.60857638146528630e-05,1.04384263459796360e-04,8.01653730428155104e-09,0.00000000000000000e+00
248,1.71875256822617586e-05,1.58369340220393912e-05,1.03920912046130128e-04,8.64889320735089363e-09,0.00000000000000000e+00
249,1.69486460511735343e-05,1.55363024528526376e-05,1.03461694616540994e-04,9.20691704864076707e-09,0.00000000000000000e+00
250,1.66680590888512778e-05,1.52917643486608379e-05,1.03006553932197050e-04,7.29442628935625685e-09,0.00000000000000000e+00
251,1.63776479782886162e-05,1.50739221451777558e-05,1.02555446352801735e-04,7.70956238223298136e-09,0.00000000000000000e+00
252,1.61723477575600841e-05,1.47701492170218013e-05,1.02108242121056635e-04,9.19802818742649877e-09,0.00000000000000000e+00
253,1.59008615734018493e-05,1.45470047412836730e-05,1.01665066709041092e-04,7.72108583172345117e-09,0.00000000000000000e+00
254,1.56425150783460879e-05,1.43176384342861932e-05,1.01225735533450425e-04,8.46834496772835499e-09,0.00000000000000000e+00
255,1.54091379250963227e-05,1.40789331687166492e-05,1.00790209137408335e-04,9.59625495386576382e-09,0.00000000000000000e+00
256,1.51701486548105872e-05,1.38506827815518762e-05,1.00358539760879727e-04,8.31000126704574483e-09,0.00000000000000000e+00
257,1.49390007474762340e-05,1.36211378602240932e-05,9.99305675992900655e-05,9.15530746029585702e-09,0.00000000000000000e+00
258,1.47033943350037710e-05,1.34112674191455019e-05,9.95063288314760518e-05,9.02947717835601615e-09,0.00000000000000000e+00
259,1.44831844783383671e-05,1.31875773617765955e-05,9.90857551462427281e-05,7.41700458105954522e-09,0.00000000000000000e+00
260,1.42378927309885418e-05,1.30069656699345975e-05,9.86688324470807613e-05,7.77987792324873992e-09,0.00000000000000000e+00
261,1.40694032400154112e-05,1.27462836397558048e-05,9.82553985476343890e-05,9.11797507928724658e-09,0.00000000000000000e+00
262,1.38372439205383830e-05,1.25633653082428111e-05,9.78456235385693519e-05,4.15910831464789130e-09,0.00000000000000000e+00
263,1.36105857842069961e-05,1.23814636541259932e-05,9.74393294480313960e-05,4.20900435700786379e-09,0.00000000000000000e+00
264,1.34301614314878589e-05,1.21621247887780350e-05,9.70364450419063736e-05,5.24889564986172125e-09,0.00000000000000000e+00
265,1.32404873676809096e-05,1.19611566704114612e-05,9.66369901080129799e-05,7.20652070686298671e-09,0.00000000000000000e+00
266,1.30217739650558575e-05,1.17986307735169024e-05,9.62409763386291525e-05,8.76826408938102023e-09,0.00000000000000000e+00
267,1.28439391293800331e-05,1.15964559182563853e-05,9.58482997041433738e-05,5.82158626790452247e-09,0.00000000000000000e+00
268,1.26403065860870308e-05,1.14280065979017697e-05,9.54589124535634644e-05,6.01480790732880574e-09,0.00000000000000000e+00
269,1.24676942727060380e-05,1.12397040427990377e-05,9.50727965714034164e-05,6.77014106263864548e-09,0.00000000000000000e+00
270,1.22962950563994152e-05,1.10565912203939974e-05,9.46899306512269411e-05,8.29402248363549410e-09,0.00000000000000000e+00
271,1.20930760055617510e-05,1.09138554711314338e-05,9.43103204247207024e-05,7.64789101728057564e-09,0.00000000000000000e+00
272,1.19309327452545259e-05,1.07287631093547336e-05,9.39338196636360878e-05,8.15706845576723161e-09,0.00000000000000000e+00
273,1.17703997155780830e-05,1.05560903191407724e-05,9.35604545755583394e-05,8.91637432649000956e-09,0.00000000000000000e+00
274,1.15892834040627216e-05,1.04116057982092151e-05,9.31902404991851493e-05,9.45206825099276260e-09,0.00000000000000000e+00
275,1.14305205534488135e-05,1.02452977736696806e-05,9.28230646428108817e-05,6.49935375526453172e-09,0.00000000000000000e+00
276,1.12468999326908782e-05,1.01157044535268083e-05,9.24589445281873541e-05,6.27666132921995839e-09,0.00000000000000000e+00
277,1.11245560110471238e-05,9.92433495513683209e-06,9.20977699175717365e-05,7.27806212063372326e-09,0.00000000000000000e+00
278,1.09705498622576480e-05,9.77600021402306493e-06,9.17395943957987047e-05,8.53256397303650047e-09,0.00000000000000000e+00
279,1.07940732921132337e-05,9.65679320810929134e-06,9.13844139075469810e-05,7.74436851304255019e-09,0.00000000000000000e+00
280,1.06521878698387966e-05,9.50261147612302814e-06,9.10321052612935426e-05,8.17453845566787765e-09,0.00000000000000000e+00
281,1.05184043118191876e-05,9.35042675859305197e-06,9.06826331716014772e-05,7.97392442859831039e-09,0.00000000000000000e+00
282,1.03426554057718554e-05,9.25130170812842089e-06,9.03360915543869122e-05,8.37481026458791785e-09,0.00000000000000000e+00
283,1.02395154041050180e-05,9.07486429965683627e-06,8.99922808181752336e-05,9.33586363100475054e-09,0.00000000000000000e+00
284,1.00884100791722345e-05,8.95642776158644383e-06,8.96513056741960374e-05,4.23025208280034480e-09,0.00000000000000000e+00
285,9.92532046125705255e-06,8.85629176563788262e-06,8.93131430561451399e-05,3.70873867109798282e-09,0.00000000000000000e+00
286,9.82354558551159575e-06,8.69556574524842794e-06,8.89776079837870663e-05,4.18703259010010739e-09,0.00000000000000000e+00
287,9.70301209395049530e-06,8.56204652443791787e-06,8.86447734039024583e-05,5.48451861392679037e-09,0.00000000000000000e+00
288,9.57084097981180529e-06,8.44669763741677553e-06,8.83146574271604761e-05,6.98006345129074653e-09,0.00000000000000000e+00
289,9.42520934529627296e-06,8.34971970403155725e-06,8.79872154298764081e-05,7.82524054578604782e-09,0.00000000000000000e+00
290,9.32334134489860392e-06,8.20850285289058148e-06,8.76623593861101068e-05,8.99468485700862533e-09,0.00000000000000000e+00
291,9.18782205288050461e-06,8.11034076903675452e-06,8.73400905277102609e-05,9.03085722991536809e-09,0.00000000000000000e+00
292,9.08250405839679340e-06,7.98404258652346321e-06,8.70203673758249553e-05,9.39365022273567682e-09,0.00000000000000000e+00
293,8.96283105019296994e-06,7.87867260096643344e-06,8.67032096506924091e-05,4.93714216986150941e-09,0.00000000000000000e+00
294,8.82527650461323864e-06,7.79566474906366521e-06,8.63886018121146824e-05,4.29460153988405603e-09,0.00000000000000000e+00
295,8.73672938827651647e-06,7.66498225373061270e-06,8.60764083711799510e-05,4.48941648587070474e-09,0.00000000000000000e+00
296,8.63665688012104535e-06,7.55201286795596652e-06,8.57666711087822804e-05,5.53698188627602501e-09,0.00000000000000000e+00
297,8.52630392562818224e-06,7.45503276110413797e-06,8.54594113588193590e-05,6.79703492926556483e-09,0.00000000000000000e+00
298,8.40544473809810452e-06,7.37315766260425036e-06,8.51545864183155774e-05,7.46117779243721359e-09,0.00000000000000000e+00
299,8.31795886578063318e-06,7.25707065423919957e-06,8.48521179809191356e-05,8.42342959574939678e-09,0.00000000000000000e+00
300,8.20363722176522135e-06,7.17556730021202328e-06,8.45520166625547313e-05,8.67991387821576809e-09,0.00000000000000000e+00
301,8.12221686967100428e-06,7.06160497936803225e-06,8.42542271797356727e-05,9.18539608488202665e-09,0.00000000000000000e+00
302,8.01228852421294643e-06,6.98589555124811623e-06,8.39587797831452932e-05,9.18311877484344578e-09,0.00000000000000000e+00
303,7.91584755057464620e-06,6.89608796804134485e-06,8.36656409446162353e-05,8.47019221618206894e-09,0.00000000000000000e+00
304,7.81825105728178751e-06,6.81211973537664896e-06,8.33747528803176105e-05,8.38684954111388830e-09,0.00000000000000000e+00
305,7.74327861536324508e-06,6.70659583379388407e-06,8.30860892814999148e-05,8.78589827723938006e-09,0.00000000000000000e+00
306,7.64014940944178179e-06,6.63757592227503614e-06,8.27996817496232850e-05,8.74020081121438402e-09,0.00000000000000000e+00
307,7.55254567695737275e-06,6.55284423707093353e-06,8.25154867491908990e-05,8.91551214983690420e-09,0.00000000000000000e+00
308,7.47629862250826654e-06,6.45991670477172092e-06,8.22334391320497712e-05,7.72661288992008061e-09,0.00000000000000000e+00
309,7.36414152184606446e-06,6.41024823793569571e-06,8.19536017535796703e-05,7.48460638442510967e-09,0.00000000000000000e+00
310,7.30658749052544227e-06,6.30239773767939554e-06,8.16758395499577860e-05,7.80019445483803413e-09,0.00000000000000000e+00
311,7.22875647571797807e-06,6.22244470347170500e-06,8.14002021753217449e-05,8.51024997500337122e-09,0.00000000000000000e+00
312,7.13014364886148891e-06,6.16934564013313656e-06,8.11267082179717306e-05,8.44832475905965668e-09,0.00000000000000000e+00
313,7.05897662782860629e-06,6.08534897310514186e-06,8.08552763186866521e-05,8.70991064055931525e-09,0.00000000000000000e+00
314,6.98821731419512016e-06,6.00625327875358797e-06,8.05858712597060523e-05,8.69364541604485651e-09,0.00000000000000000e+00
315,6.89208294570950604e-06,5.95879059380974623e-06,8.03185463587593405e-05,8.61454115377015674e-09,0.00000000000000000e+00
316,6.83840220459083892e-06,5.86541702887002241e-06,8.00531798795569021e-05,8.70106524492831884e-09,0.00000000000000000e+00
317,6.75221454026181125e-06,5.81340308605942579e-06,7.97898489479195494e-05,8.71083760501034768e-09,0.00000000000000000e+00
318,6.69407764806459327e-06,5.73105178806674883e-06,7.95284750268044737e-05,8.54486228697737354e-09,0.00000000000000000e+00
319,6.60557512119618869e-06,5.68618084139900349e-06,7.92690915733358582e-05,8.49384032758161974e-09,0.00000000000000000e+00
320,6.55328248685736230e-06,5.60287475023964622e-06,7.90115970224674805e-05,8.48326878882136399e-09,0.00000000000000000e+00
321,6.47134627468999995e-06,5.55771861606633024e-06,7.87560634993256058e-05,8.46658704443615212e-09,0.00000000000000000e+00
322,6.41950296472219836e-06,5.47907888558027447e-06,7.85023977788108004e-05,8.61688469867941274e-09,0.00000000000000000e+00
323,6.33885696491484952e-06,5.43619256339817998e-06,7.82506503394740638e-05,8.57549865332513702e-09,0.00000000000000000e+00
324,6.28918787413865984e-06,5.36015358237168008e-06,7.80007382404718176e-05,8.33570110242529853e-09,0.00000000000000000e+00
325,6.20744372388282216e-06,5.32498249581721016e-06,7.77527048150973143e-05,8.15343810190779544e-09,0.00000000000000000e+00
326,6.16432497164177448e-06,5.24612292731765461e-06,7.75064556337595897e-05,8.55473244218673922e-09,0.00000000000000000e+00
327,6.10262713564083431e-06,5.19243734231388307e-06,7.72620325169122923e-05,5.76938199154581916e-09,0.00000000000000000e+00
328,6.02139791865559919e-06,5.16204819082910760e-06,7.70194726987698318e-05,5.40435178558097180e-09,0.00000000000000000e+00
329,5.97735446034611134e-06,5.09158037775745578e-06,7.67786088272857486e-05,5.62147867798983223e-09,0.00000000000000000e+00
330,5.92578976929609702e-06,5.03290121401113942e-06,7.65395024234633139e-05,6.19703196403115976e-09,0.00000000000000000e+00
331,5.86940682041046946e-06,4.98197569617878223e-06,7.63021607878400893e-05,6.89969881916009837e-09,0.00000000000000000e+00
332,5.80868183757359127e-06,4.93862937630609259e-06,7.60665499192592586e-05,7.36178417042895886e-09,0.00000000000000000e+00
333,5.74033219246852845e-06,4.90467056742866081e-06,7.58326844395136118e-05,7.30243005072687131e-09,0.00000000000000000e+00
334,5.70270205330163710e-06,4.83669295602481136e-06,7.56004764134550131e-05,7.77593417125998861e-09,0.00000000000000000e+00
335,5.65359294752952889e-06,4.78626335973328488e-06,7.53699169622981549e-05,8.32157218734138141e-09,0.00000000000000000e+00
336,5.59604946768040659e-06,4.74769119960131825e-06,7.51410510860201300e-05,7.91300831256114998e-09,0.00000000000000000e+00
337,5.53226451290270035e-06,4.71627187625348403e-06,7.49138697798248026e-05,7.55206795206505115e-09,0.00000000000000000e+00
338,5.49829532063308376e-06,4.65246663933835041e-06,7.46882525176799302e-05,7.64765749050755329e-09,0.00000000000000000e+00
339,5.45178649377668778e-06,4.60624810808687981e-06,7.44642666381485830e-05,7.98830836720269651e-09,0.00000000000000000e+00
340,5.39873108764094844e-06,4.56967669524688078e-06,7.42418968433833810e-05,5.91541019061563306e-09,0.00000000000000000e+00
341,5.33669427250768323e-06,4.54386840777793548e-06,7.40211597594478871e-05,5.57115747865200907e-09,0.00000000000000000e+00
342,5.30027923696344784e-06,4.49014613071947725e-06,7.38019351617746851e-05,5.82283508388867711e-09,0.00000000000000000e+00
343,5.25934234650390908e-06,4.44443597603571538e-06,7.35842608070400869e-05,6.21289304770570763e-09,0.00000000000000000e+00
344,5.21598568663138309e-06,4.40312406180753767e-06,7.33681346525841873e-05,6.74142309275505571e-09,0.00000000000000000e+00
345,5.16845961667178838e-06,4.36861263140378967e-06,7.31535392904722871e-05,7.20945796127518954e-09,0.00000000000000000e+00
346,5.11868451195776646e-06,4.33765641324284367e-06,7.29404869697968737e-05,7.27091582070421892e-09,0.00000000000000000e+00
347,5.08175793880466000e-06,4.29276416374561465e-06,7.27289080388596383e-05,7.66903988888777661e-09,0.00000000000000000e+00
348,5.03893956635888267e-06,4.25673949883550755e-06,7.25188126549225753e-05,7.57243958209512912e-09,0.00000000000000000e+00
349,4.98497591218727771e-06,4.23500593606364652e-06,7.23102188948711999e-05,7.17079501586450870e-09,0.00000000000000000e+00
350,4.95832648278066427e-06,4.18233590910080316e-06,7.21030389487120914e-05,7.18072755302590187e-09,0.00000000000000000e+00
351,4.92008223940794649e-06,4.14595647587704202e-06,7.18973048356626187e-05,7.42256806598892741e-09,0.00000000000000000e+00
352,4.87864415792922919e-06,4.11455876454274428e-06,7.16930167741973938e-05,7.71544621290450548e-09,0.00000000000000000e+00
353,4.83573415621476684e-06,4.08643727899269326e-06,7.14901492653466326e-05,7.53563580222194294e-09,0.00000000000000000e+00
354,4.78799020600361174e-06,4.06401160037781578e-06,7.12887137261762361e-05,7.30468473659436804e-09,0.00000000000000000e+00
355,4.76068050324206773e-06,4.01890629351828128e-06,7.10886407574305208e-05,7.43302654885900408e-09,0.00000000000000000e+00
356,4.72749203044668975e-06,3.98325304578749021e-06,7.08899214793080651e-05,7.67436704415532391e-09,0.00000000000000000e+00
357,4.68991448805247350e-06,3.95405505832416649e-06,7.06925829966794224e-05,7.75810447858611633e-09,0.00000000000000000e+00
358,4.64128465774018193e-06,3.93894448892861166e-06,7.04966261353629425e-05,7.54510788477638144e-09,0.00000000000000000e+00
359,4.61516950515414401e-06,3.89702446130777517e-06,7.03020118219974745e-05,7.59878520279547187e-09,0.00000000000000000e+00
360,4.58509200868460354e-06,3.86219020684655045e-06,7.01086798704712817e-05,7.87602430879281409e-09,0.00000000000000000e+00
361,4.54768346116953166e-06,3.83754023574507606e-06,6.99166837798850756e-05,5.74763712894188385e-09,0.00000000000000000e+00
362,4.49690337731065014e-06,3.82912313991583455e-06,6.97260639972872766e-05,5.06675549639317303e-09,0.00000000000000000e+00
363,4.48415364639138002e-06,3.77726136771753894e-06,6.95366312826254778e-05,5.10342422184869772e-09,0.00000000000000000e+00
364,4.45342880799745879e-06,3.74765708131579822e-06,6.93484897690826042e-05,5.50273017029015036e-09,0.00000000000000000e+00
365,4.41503920429872607e-06,3.72736022489523570e-06,6.91616723597684036e-05,6.05751290335028310e-09,0.00000000000000000e+00
366,4.37953706595340784e-06,3.70541252086911956e-06,6.89760980736127871e-05,6.20893934768786399e-09,0.00000000000000000e+00
367,4.34855579209265429e-06,3.67871641598593361e-06,6.87917629570971846e-05,6.52045675031115540e-09,0.00000000000000000e+00
368,4.31828071274077704e-06,3.65245806635270103e-06,6.86086629931822366e-05,6.66517833184243949e-09,0.00000000000000000e+00
369,4.28919632845020370e-06,3.62547492447049244e-06,6.84267834366646750e-05,6.96955384236754470e-09,0.00000000000000000e+00
370,4.25873861392139882e-06,3.60151784273309376e-06,6.82461119089388996e-05,7.12361994269762002e-09,0.00000000000000000e+00
371,4.22939914537823693e-06,3.57682290207942423e-06,6.80666452703302326e-05,7.29699207416375461e-09,0.00000000000000000e+00
372,4.19977575383884599e-06,3.55351216501643278e-06,6.78883755951592067e-05,7.41557809721710671e-09,0.00000000000000000e+00
373,4.17079574543388762e-06,3.53035972060390453e-06,6.77112745391138845e-05,7.49435244637762868e-09,0.00000000000000000e+00
374,4.14209185712749213e-06,3.50767944035876277e-06,6.75353561427028900e-05,7.55181360912487967e-09,0.00000000000000000e+00
375,4.11382284326608382e-06,3.48541352260374967e-06,6.73605844685853787e-05,7.57722598480409644e-09,0.00000000000000000e+00
376,4.08628777227469052e-06,3.46293608148101798e-06,6.71869751622365273e-05,7.61288068790721842e-09,0.00000000000000000e+00
377,4.05873910526164220e-06,3.44148861614574959e-06,6.70144880278043044e-05,7.62538493383822085e-09,0.00000000000000000e+00
378,4.03247412471024950e-06,3.41905484971358801e-06,6.68431430964852195e-05,7.67367536797573784e-09,0.00000000000000000e+00
379,4.00561060679888247e-06,3.39833519753568081e-06,6.66729005251079213e-05,4.19127135679618018e-09,0.00000000000000000e+00
380,3.96500969316761983e-06,3.39689636855784615e-06,6.65038421412509771e-05,3.07751740573833920e-09,0.00000000000000000e+00
381,3.95875762719303270e-06,3.35209690504787065e-06,6.63357846626045662e-05,3.32986622330867356e-09,0.00000000000000000e+00
382,3.93447160588263162e-06,3.33049476712266593e-06,6.61687799188690644e-05,3.57313161168758078e-09,0.00000000000000000e+00
383,3.90418851055898570e-06,3.31536269050596796e-06,6.60029662090306807e-05,4.19566270869811102e-09,0.00000000000000000e+00
384,3.87710733101396008e-06,3.29833521454981828e-06,6.58381701792207745e-05,4.40071948302596589e-09,0.00000000000000000e+00
385,3.85347400321576329e-06,3.27805665359685647e-06,6.56744145254913335e-05,4.79990421193567613e-09,0.00000000000000000e+00
386,3.82914066057400035e-06,3.25894250615526206e-06,6.55117409210798231e-05,5.00977024952752378e-09,0.00000000000000000e+00
387,3.80642077730706551e-06,3.23921747446905330e-06,6.53500652394743616e-05,5.35052133575460141e-09,0.00000000000000000e+00
388,3.78210013397121658e-06,3.22118885366486144e-06,6.51894723896231481e-05,5.53744835268424331e-09,0.00000000000000000e+00
389,3.75978304375544030e-06,3.20211744765943853e-06,6.50298530263483730e-05,5.82345577816635429e-09,0.00000000000000000e+00
390,3.73583586224352509e-06,3.18497425898475416e-06,6.48712890248929905e-05,5.92597213467158289e-09,0.00000000000000000e+00
391,3.71414615545793436e-06,3.16644889174554769e-06,6.47136750224630174e-05,6.14220518656713253e-09,0.00000000000000000e+00
392,3.69041503446100612e-06,3.15015112820627803e-06,6.45571192508689304e-05,6.16872757288786390e-09,0.00000000000000000e+00
393,3.66952083662655447e-06,3.13196099699519617e-06,6.44014756844183100e-05,6.31573098996940231e-09,0.00000000000000000e+00
394,3.64609333210709596e-06,3.11626465525544050e-06,6.42468962044977741e-05,6.31747171313420892e-09,0.00000000000000000e+00
395,3.62570752373943366e-06,3.09867021747583424e-06,6.40931937212517656e-05,6.41091515610899986e-09,0.00000000000000000e+00
396,3.60285412140645783e-06,3.08339490409229200e-06,6.39405416277291996e-05,6.40966114304089262e-09,0.00000000000000000e+00
397,3.58299807421903112e-06,3.06624994995395455e-06,6.37887497484859311e-05,6.49360658839619252e-09,0.00000000000000000e+00
398,3.56068351230069327e-06,3.05141932316892973e-06,6.36379902413872212e-05,6.48751795353212172e-09,0.00000000000000000e+00
399,3.54168805179246991e-06,3.03441513737592241e-06,6.34880637793209217e-05,6.58704818468579420e-09,0.00000000000000000e+00
400,3.51982620273547630e-06,3.01966313409128767e-06,6.33391854703628748e-05,6.59011883922892187e-09,0.00000000000000000e+00
401,3.50133005520340915e-06,3.00320719734299970e-06,6.31910940282350800e-05,6.71182304524695302e-09,0.00000000000000000e+00
402,3.47983083201495749e-06,2.98904992102430669e-06,6.30440405697141478e-05,6.71264807808545832e-09,0.00000000000000000e+00
403,3.46187401570109819e-06,2.97299756879256219e-06,6.28977510348942460e-05,6.83025257984133474e-09,0.00000000000000000e+00
404,3.44080474494369677e-06,2.95895676810772295e-06,6.27525082615869231e-05,6.83797842639122836e-09,0.00000000000000000e+00
405,3.42294182250381876e-06,2.94360898258003360e-06,6.26080077510495251e-05,6.94576952014528727e-09,0.00000000000000000e+00
406,3.40234734866009853e-06,2.93043389018850151e-06,6.24645012297275672e-05,6.93788555802276246e-09,0.00000000000000000e+00
407,3.38508487295084337e-06,2.91519680837087710e-06,6.23217457955439893e-05,7.00738870120364471e-09,0.00000000000000000e+00
408,3.36512153043527217e-06,2.90159479609650719e-06,6.21799971851558350e-05,7.00405887608825656e-09,0.00000000000000000e+00
409,3.34802979134658993e-06,2.88702366152848611e-06,6.20389643984267089e-05,7.07720079928102347e-09,0.00000000000000000e+00
410,3.32842515687371063e-06,2.87434410618583888e-06,6.18988933690566516e-05,7.07387546563206519e-09,0.00000000000000000e+00
411,3.31200623906261277e-06,2.85987887746950471e-06,6.17595348254171105e-05,7.13384196373416325e-09,0.00000000000000000e+00
412,3.29266526423871552e-06,2.84692127354741896e-06,6.16211749319593109e-05,7.12967598858802529e-09,0.00000000000000000e+00
413,3.27649759611394293e-06,2.83302096987776242e-06,6.14834770839421294e-05,7.19597001376318019e-09,0.00000000000000000e+00
414,3.25754127689999999e-06,2.82094840523671744e-06,6.13467335500195334e-05,7.19941264574268469e-09,0.00000000000000000e+00
415,3.24184366245255342e-06,2.80719467367402609e-06,6.12106597967178496e-05,7.25854846072549001e-09,0.00000000000000000e+00
416,3.22328288771816365e-06,2.79487103516630241e-06,6.10755560308709846e-05,7.25099604853877414e-09,0.00000000000000000e+00
417,3.20792152780863999e-06,2.78159399422615165e-06,6.09410802669413460e-05,7.29630107794397142e-09,0.00000000000000000e+00
418,3.18964520429489325e-06,2.76990395953370996e-06,6.08075527969431176e-05,7.30619483952668935e-09,0.00000000000000000e+00
419,3.17461620904089972e-06,2.75682922775523432e-06,6.06746509374233163e-05,7.36436784490984527e-09,0.00000000000000000e+00
420,3.15677850177803305e-06,2.74511877405157912e-06,6.05426900691954139e-05,7.35393976708176755e-09,0.00000000000000000e+00
421,3.14202567101532049e-06,2.73244321040401409e-06,6.04113354558365314e-05,7.36923875552686320e-09,0.00000000000000000e+00
422,3.12456827408553129e-06,2.72113941419500024e-06,6.02808970996537440e-05,7.38590195764087670e-09,0.00000000000000000e+00
423,3.11010420269676282e-06,2.70867339726153324e-06,6.01510632005672642e-05,7.43561481550562467e-09,0.00000000000000000e+00
424,3.09317454746425493e-06,2.69719913446266233e-06,6.00221371214926364e-05,7.42651799639299735e-09,0.00000000000000000e+00
425,3.07868221516102162e-06,2.68523062125170404e-06,5.98938119431542690e-05,7.45008568359652263e-09,0.00000000000000000e+00
426,3.06191031953475786e-06,2.67491730224720432e-06,5.97663354596587933e-05,7.46370752476526238e-09,0.00000000000000000e+00
427,3.04779453634863150e-06,2.66290010699460018e-06,5.96394797261994957e-05,7.47152236377195975e-09,0.00000000000000000e+00
428,3.03269014274935376e-06,2.65095693078717646e-06,5.95134472619761101e-05,7.48772985836750235e-09,0.00000000000000000e+00
429,3.01670416069845925e-06,2.64106486383302061e-06,5.93881189521983869e-05,7.49564318498928594e-09,0.00000000000000000e+00
430,3.00290098779478410e-06,2.62943656370182095e-06,5.92634213489146803e-05,7.49583648128823544e-09,0.00000000000000000e+00
431,2.98839555426607572e-06,2.61788685997660806e-06,5.91395068672944378e-05,7.52691122838092580e-09,0.00000000000000000e+00
432,2.97280532169331073e-06,2.60815275889035510e-06,5.90163048089806802e-05,7.53786065978987990e-09,0.00000000000000000e+00
433,2.95940075729301039e-06,2.59691715681240121e-06,5.88937046297083140e-05,7.53761427149099573e-09,0.00000000000000000e+00
434,2.94523969392461786e-06,2.58579187544270319e-06,5.87718699555335453e-05,7.17123158398599464e-09,0.00000000000000000e+00
435,2.92625121835126976e-06,2.58146543143114214e-06,5.86507473585149477e-05,6.57219024291403701e-09,0.00000000000000000e+00
436,2.91718422921827622e-06,2.56461021836872740e-06,5.85302450995674699e-05,6.64293193123065165e-09,0.00000000000000000e+00
437,2.90401474622273788e-06,2.55402856910026224e-06,5.84103667444854798e-05,6.76856037988558281e-09,0.00000000000000000e+00
438,2.89021033505599755e-06,2.54355203827318588e-06,5.82912227675967088e-05,6.89082064945532245e-09,0.00000000000000000e+00
439,2.87769881874349306e-06,2.53324357567865163e-06,5.81726379423325095e-05,7.04991558933162151e-09,0.00000000000000000e+00
440,2.86132360626164160e-06,2.52507040253223121e-06,5.80548986625102688e-05,7.10280964162189010e-09,0.00000000000000000e+00
441,2.84926815228647212e-06,2.51483251667601810e-06,5.79376095844932797e-05,7.12079581534589274e-09,0.00000000000000000e+00
442,2.83528578763199499e-06,2.50483932221464308e-06,5.78211053207422474e-05,6.48399272682710559e-09,0.00000000000000000e+00
443,2.81791780301737989e-06,2.50174305577379861e-06,5.77052087781863867e-05,5.73578572873669410e-09,0.00000000000000000e+00
444,2.81311197354198116e-06,2.48206097249593547e-06,5.75898629059282035e-05,6.02561423200296105e-09,0.00000000000000000e+00
445,2.79735410187465040e-06,2.47538498692470291e-06,5.74751948233217830e-05,6.26030727121925296e-09,0.00000000000000000e+00
446,2.78491642700128600e-06,2.46563334131490936e-06,5.73611156895010039e-05,6.29545030054285786e-09,0.00000000000000000e+00
447,2.77051834229149308e-06,2.45747565829835230e-06,5.72477477048228029e-05,6.39189875543541729e-09,0.00000000000000000e+00
448,2.75864247760351137e-06,2.44799492104513309e-06,5.71348674298700581e-05,6.37644774672909371e-09,0.00000000000000000e+00
449,2.74500427255256810e-06,2.43955026554491134e-06,5.70226961672576883e-05,6.42723175892143044e-09,0.00000000000000000e+00
450,2.73401001800603312e-06,2.42995604762238408e-06,5.69109973617984373e-05,6.40831244889786592e-09,0.00000000000000000e+00
451,2.72142840406613889e-06,2.42006351436181004e-06,5.68000344393300956e-05,6.38761222285078781e-09,0.00000000000000000e+00
452,2.70966936833717324e-06,2.41055397588774121e-06,5.66896150250611853e-05,6.46864810164442121e-09,0.00000000000000000e+00
453,2.69791813665383804e-06,2.40180207899786341e-06,5.65797338554792955e-05,6.54836834759883953e-09,0.00000000000000000e+00
454,2.68633184465832196e-06,2.39290182128454942e-06,5.64704328567819456e-05,6.65903338920303662e-09,0.00000000000000000e+00
455,2.67356001837395248e-06,2.38460288535157732e-06,5.63617855511126752e-05,6.68631605763921655e-09,0.00000000000000000e+00
456,2.66296322766910465e-06,2.37572279901217079e-06,5.62535779451051968e-05,6.72479112155616819e-09,0.00000000000000000e+00
457,2.65043857457800387e-06,2.36689095690355711e-06,5.61460811077610789e-05,6.75785948651806931e-09,0.00000000000000000e+00
458,2.63860479923604200e-06,2.35865266140158730e-06,5.60391019320303179e-05,6.77227862680850311e-09,0.00000000000000000e+00
459,2.62849335301158512e-06,2.35000865301521938e-06,5.59325622961544616e-05,6.78986869707643047e-09,0.00000000000000000e+00
460,2.61597109283252813e-06,2.34153816359519014e-06,5.58267453649320447e-05,6.79684134224805403e-09,0.00000000000000000e+00
461,2.60516125757021456e-06,2.33316200847162730e-06,5.57213695068891474e-05,6.79601170319308065e-09,0.00000000000000000e+00
462,2.59398767895824122e-06,2.32484582663487932e-06,5.56165693309041280e-05,6.80533237883142702e-09,0.00000000000000000e+00
463,2.58354127750268529e-06,2.31649171178733690e-06,5.55122576120415956e-05,6.79589147989082102e-09,0.00000000000000000e+00
464,2.57173838173202247e-06,2.30848485225084596e-06,5.54085832395595558e-05,6.81622973332069215e-09,0.00000000000000000e+00
465,2.56200443140569434e-06,2.30022380909104279e-06,5.53052943443469374e-05,6.82242053991387316e-09,0.00000000000000000e+00
466,2.55055273971536587e-06,2.29195959927457369e-06,5.52026580832153400e-05,6.81674692292753362e-09,0.00000000000000000e+00
467,2.53953405687290628e-06,2.28418025511163273e-06,5.51005273701653505e-05,6.84171881260061169e-09,0.00000000000000000e+00
468,2.53014443908210172e-06,2.27612368331278443e-06,5.49987895600574758e-05,6.85660676850567573e-09,0.00000000000000000e+00
469,2.51907970514289289e-06,2.26806560930401793e-06,5.48976848036238072e-05,6.86178137329116633e-09,0.00000000000000000e+00
470,2.50814129874814763e-06,2.26037526216275594e-06,5.47970999575806417e-05,6.88529123846674510e-09,0.00000000000000000e+00
471,2.49901321467608009e-06,2.25250942294472815e-06,5.46968820632651404e-05,6.89895576052078470e-09,0.00000000000000000e+00
472,2.48807327835844253e-06,2.24466438108966875e-06,5.45972931481454262e-05,6.90125335448131772e-09,0.00000000000000000e+00
473,2.47750025265713288e-06,2.23724947097425394e-06,5.44981918144031390e-05,6.92277521912394476e-09,0.00000000000000000e+00
474,2.46875575699038268e-06,2.22955195384255669e-06,5.43994477381840245e-05,6.93326281930294798e-09,0.00000000000000000e+00
475,2.45802166125432643e-06,2.22180171603138843e-06,5.43013280975766010e-05,6.92551439271663351e-09,0.00000000000000000e+00
476,2.44758738133214104e-06,2.21425769715478033e-06,5.42037029693636236e-05,6.94731999471031849e-09,0.00000000000000000e+00
477,2.43905892132396515e-06,2.20675312748730621e-06,5.41064081010755906e-05,6.94166843866195901e-09,0.00000000000000000e+00
478,2.42792645349002868e-06,2.19961868937114062e-06,5.40097651495191877e-05,6.96328385081228594e-09,0.00000000000000000e+00
479,2.41964259543284032e-06,2.19219062237930392e-06,5.39134121167336329e-05,6.96768579764875386e-09,0.00000000000000000e+00
480,2.40918474383660256e-06,2.18466795206315078e-06,5.38176763223022290e-05,6.94663179560514079e-09,0.00000000000000000e+00
481,2.39942024969533605e-06,2.17740687185174895e-06,5.37223865716938162e-05,6.96939026618606564e-09,0.00000000000000000e+00
482,2.39118770258797442e-06,2.17016100004514048e-06,5.36274282384764317e-05,6.97617969486493069e-09,0.00000000000000000e+00
483,2.38103213620192021e-06,2.16294344223984618e-06,5.35330574440066680e-05,6.28003966408778916e-09,0.00000000000000000e+00
484,2.36978710062549059e-06,2.15967862339121393e-06,5.34391511338906344e-05,5.51240643664668078e-09,0.00000000000000000e+00
485,2.36385024768865682e-06,2.14792870180254428e-06,5.33455907798400925e-05,5.78415250872006574e-09,0.00000000000000000e+00
486,2.35442336707574764e-06,2.14110761509961183e-06,5.32525008251218232e-05,6.00541204390258337e-09,0.00000000000000000e+00
487,2.34533679812358305e-06,2.13420024314655615e-06,5.31598504756467528e-05,6.13893697115831491e-09,0.00000000000000000e+00
488,2.33551929263765574e-06,2.12775144336586140e-06,5.30676923874941461e-05,6.25254271190098624e-09,0.00000000000000000e+00
489,2.32773712757141040e-06,2.12083847927481393e-06,5.29758433329964609e-05,6.32796030974725917e-09,0.00000000000000000e+00
490,2.31754444544058590e-06,2.11396217467836943e-06,5.28845839443012222e-05,6.10167950645820210e-09,0.00000000000000000e+00
491,2.30723746801516240e-06,2.10970291178470400e-06,5.27937315034013440e-05,6.04225620005965813e-09,0.00000000000000000e+00
492,2.29893148515121051e-06,2.10206196075564893e-06,5.27032402371769738e-05,5.61000474766103942e-09,0.00000000000000000e+00
493,2.29280141041553882e-06,2.09280633950425684e-06,5.26131420341026317e-05,5.75765491250971811e-09,0.00000000000000000e+00
494,2.28499673734197606e-06,2.08625172428752368e-06,5.25234168696342966e-05,5.90929829282184010e-09,0.00000000000000000e+00
495,2.27467988653108002e-06,2.08002872282869701e-06,5.24342593928867678e-05,6.05255797032781570e-09,0.00000000000000000e+00
496,2.26714764357034963e-06,2.07342402961477752e-06,5.23453648273618778e-05,6.25633845047516341e-09,0.00000000000000000e+00
497,2.25724610477112706e-06,2.06738644842039671e-06,5.22570288593133338e-05,6.26571247795647196e-09,0.00000000000000000e+00
498,2.25001172969868671e-06,2.06085966916609952e-06,5.21689314386529111e-05,6.27693375914969303e-09,0.00000000000000000e+00
499,2.24116248854643378e-06,2.05433719215974087e-06,5.20813379100061065e-05,6.24488946903045483e-09,0.00000000000000000e+00
500,2.23235800934993180e-06,2.04783964663472386e-06,5.19941690204664704e-05,6.23043398460965991e-09,0.00000000000000000e+00
501,2.22505752297464392e-06,2.04141078289360874e-06,5.19072864380549660e-05,5.91497145940417207e-09,0.00000000000000000e+00
502,2.21624895920058322e-06,2.03617813365916132e-06,5.18209159563195622e-05,5.90073774307943243e-09,0.00000000000000000e+00
503,2.20819620367232920e-06,2.02944795439197391e-06,5.17348569054164190e-05,5.92488908619182887e-09,0.00000000000000000e+00
504,2.20103142290900488e-06,2.02295436080485662e-06,5.16491400691401918e-05,5.90173008579067539e-09,0.00000000000000000e+00
505,2.19292250322929076e-06,2.01629700046170601e-06,5.15638777914343346e-05,5.91495647462603426e-09,0.00000000000000000e+00
506,2.18547486869751636e-06,2.00974858914907226e-06,5.14789584859069128e-05,5.95825609325714300e-09,0.00000000000000000e+00
507,2.17786703105312409e-06,2.00330184590207545e-06,5.13944273451700503e-05,6.03949034154649570e-09,0.00000000000000000e+00
508,2.17049937794368235e-06,1.99709228774485153e-06,5.13102405689686036e-05,6.15618750505225131e-09,0.00000000000000000e+00
509,2.16248553388769135e-06,1.99101598515925441e-06,5.12264674291923038e-05,6.21965435911657204e-09,0.00000000000000000e+00
510,2.15535696058180309e-06,1.98500760367822034e-06,5.11429995319192745e-05,6.38144696356999264e-09,0.00000000000000000e+00
511,2.14641645189915381e-06,1.97973895461896756e-06,5.10600148490329350e-05,6.35502674217350069e-09,0.00000000000000000e+00
512,2.13987283413728368e-06,1.97366571972176196e-06,5.09772413987314791e-05,6.32640479503315996e-09,0.00000000000000000e+00
513,2.13198230665901541e-06,1.96758071910572078e-06,5.08949130294099141e-05,6.25137876679742765e-09,0.00000000000000000e+00
514,2.12441294427730746e-06,1.96148208807386595e-06,5.08129408437822029e-05,5.48965126244878403e-09,0.00000000000000000e+00
515,2.11748370456401322e-06,1.95594475241321264e-06,5.07313371920618421e-05,5.53335502297041401e-09,0.00000000000000000e+00
516,2.11010238936345719e-06,1.94992113870927233e-06,5.06500358418067001e-05,5.60299908155944703e-09,0.00000000000000000e+00
517,2.10322841481243079e-06,1.94400561400487105e-06,5.05690633694519688e-05,5.91333272010048632e-09,0.00000000000000000e+00
518,2.09784183483999324e-06,1.93770387787558990e-06,5.04884506306746094e-05,5.90962882419590851e-09,0.00000000000000000e+00
519,2.08974479317979867e-06,1.93220002063411509e-06,5.04081821497264840e-05,5.32790131644641251e-09,0.00000000000000000e+00
520,2.08162472600940568e-06,1.92657435544547723e-06,5.03282956031523312e-05,5.42370798106849337e-09,0.00000000000000000e+00
521,2.07460280818949358e-06,1.92077888055987770e-06,5.02486959556398694e-05,5.50034592450817028e-09,0.00000000000000000e+00
522,2.06804015378727711e-06,1.91509665189425749e-06,5.01694132039753424e-05,5.54518262478100402e-09,0.00000000000000000e+00
523,2.06085381750426128e-06,1.90938435515272468e-06,5.00905062955704332e-05,5.54862963740313445e-09,0.00000000000000000e+00
524,2.05370918069197401e-06,1.90367255078399298e-06,5.00119405794349688e-05,5.57228126809952378e-09,0.00000000000000000e+00
525,2.04736364286835670e-06,1.89809479017446299e-06,4.99336431468592874e-05,5.58467924603622450e-09,0.00000000000000000e+00
526,2.04026109349144680e-06,1.89259378454320794e-06,4.98557207351886763e-05,5.63563766784376343e-09,0.00000000000000000e+00
527,2.03432288366703024e-06,1.88709833231071751e-06,4.97780408897490894e-05,5.67010286182673741e-09,0.00000000000000000e+00
528,2.02664314106119083e-06,1.88159633839064902e-06,4.97007940464873913e-05,5.70640827169633805e-09,0.00000000000000000e+00
529,2.02055126931852030e-06,1.87614664672194136e-06,4.96237722787436293e-05,5.73442093108094385e-09,0.00000000000000000e+00
530,2.01373575427600037e-06,1.87071200796460660e-06,4.95471115467312686e-05,5.75852514493549785e-09,0.00000000000000000e+00
531,2.00748774289011183e-06,1.86531256706455906e-06,4.94707278013737254e-05,5.77743102665500218e-09,0.00000000000000000e+00
532,2.00077260226226713e-06,1.85993462088329399e-06,4.93946860486059268e-05,5.79562162618116841e-09,0.00000000000000000e+00
533,1.99461422361337802e-06,1.85459333018061045e-06,4.93189165662065565e-05,5.81147753598734775e-09,0.00000000000000000e+00
534,1.98813984528031463e-06,1.84926985214621941e-06,4.92434720451462332e-05,5.82314334835881126e-09,0.00000000000000000e+00
535,1.98163174606561368e-06,1.84396445205631780e-06,4.91683387884312629e-05,5.83595944697180966e-09,0.00000000000000000e+00
536,1.97565645360201035e-06,1.83870633071878343e-06,4.90934709823285896e-05,5.84640188632036308e-09,0.00000000000000000e+00
537,1.96932024720497160e-06,1.83346493722087196e-06,4.90189232886998727e-05,5.85145830630378572e-09,0.00000000000000000e+00
538,1.96293947171186133e-06,1.82823982267791007e-06,4.89446807374027446e-05,5.85967766215560093e-09,0.00000000000000000e+00
539,1.95709472169889290e-06,1.82306264288433561e-06,4.88706969245591779e-05,5.86079614127671030e-09,0.00000000000000000e+00
540,1.95074180740704968e-06,1.81790118440233964e-06,4.87970381558300856e-05,5.86658937586887704e-09,0.00000000000000000e+00
541,1.94492419391613495e-06,1.81277343765116984e-06,4.87236356428036183e-05,5.86454975467722857e-09,0.00000000000000000e+00
542,1.93865571696626728e-06,1.80766158256165574e-06,4.86505511498995264e-05,5.86934728801852971e-09,0.00000000000000000e+00
543,1.93293223435271594e-06,1.80258510422490024e-06,4.85777179662101651e-05,5.86637977579119339e-09,0.00000000000000000e+00
544,1.92675189524713585e-06,1.79752446065891556e-06,4.85051986362772643e-05,5.87194513790718718e-09,0.00000000000000000e+00
545,1.92111250389030813e-06,1.79249954695074349e-06,4.84329265677487216e-05,5.87617906584468597e-09,0.00000000000000000e+00
546,1.91516101284284937e-06,1.78749329295160812e-06,4.83609523779780328e-05,5.87530960876027440e-09,0.00000000000000000e+00
547,1.90917014160176595e-06,1.78250144862959836e-06,4.82892634547746769e-05,5.88362499291102528e-09,0.00000000000000000e+00
548,1.90370467291585828e-06,1.77755793244733695e-06,4.82178147317113996e-05,5.89107408862931895e-09,0.00000000000000000e+00
549,1.89786385430155541e-06,1.77262963839153920e-06,4.81466603988886060e-05,5.89838512033951061e-09,0.00000000000000000e+00
550,1.89214290318729926e-06,1.76772289192639989e-06,4.80757729626090223e-05,5.90625093677953193e-09,0.00000000000000000e+00
551,1.88649880992997937e-06,1.76283751788811968e-06,4.80051509943799483e-05,5.91436576030131693e-09,0.00000000000000000e+00
552,1.88089713788051294e-06,1.75798105499436737e-06,4.79347939447122325e-05,5.92251889048262117e-09,0.00000000000000000e+00
553,1.87532943667892646e-06,1.75315089894479641e-06,4.78647002783315733e-05,5.93048256765984613e-09,0.00000000000000000e+00
554,1.86979660321419043e-06,1.74834566386527486e-06,4.77948680835770776e-05,5.93796784264530934e-09,0.00000000000000000e+00
555,1.86430028930080551e-06,1.74356432167841048e-06,4.77252954198883824e-05,5.94468800159448189e-09,0.00000000000000000e+00
556,1.85884140625144634e-06,1.73880614536973701e-06,4.76559803741337661e-05,5.95046297893543611e-09,0.00000000000000000e+00
557,1.85342028443773732e-06,1.73407067887636484e-06,4.75869210518297436e-05,5.95526690206040857e-09,0.00000000000000000e+00
558,1.84803686720761046e-06,1.72935766283394466e-06,4.75181155749812545e-05,5.95957237189180170e-09,0.00000000000000000e+00
559,1.84268151703898356e-06,1.72466535074770591e-06,4.74495624538507732e-05,5.96302976888405668e-09,0.00000000000000000e+00
560,1.83737686766616242e-06,1.71999937019062909e-06,4.73812589493214303e-05,5.96601570159925891e-09,0.00000000000000000e+00
561,1.83210787864847656e-06,1.71535336587883908e-06,4.73132037750668473e-05,5.96873191147932066e-09,0.00000000000000000e+00
562,1.82687210385967677e-06,1.71072926178225244e-06,4.72453952558441533e-05,5.97133591500741844e-09,0.00000000000000000e+00
563,1.82167067458368108e-06,1.70612737663055192e-06,4.71778315589772409e-05,5.97394025566201348e-09,0.00000000000000000e+00
564,1.81650420230741397e-06,1.70154769279753820e-06,4.71105108782010523e-05,5.97661173162650029e-09,0.00000000000000000e+00
565,1.81137254750043212e-06,1.69699009373017011e-06,4.70434314561201294e-05,5.97937883939510462e-09,0.00000000000000000e+00
566,1.80627534839017060e-06,1.69245442278896687e-06,4.69765915634150937e-05,5.98224416578290748e-09,0.00000000000000000e+00
567,1.80121226413669124e-06,1.68794050186166907e-06,4.69099894864200944e-05,5.98519460396965993e-09,0.00000000000000000e+00
568,1.79618300097912626e-06,1.68344813821775499e-06,4.68436235247527634e-05,5.98820733237838481e-09,0.00000000000000000e+00
569,1.79118729010140546e-06,1.67897712979311748e-06,4.67774919920060440e-05,5.99125320634714229e-09,0.00000000000000000e+00
570,1.78622487306402263e-06,1.67452727202364985e-06,4.67115932164557419e-05,5.99429948235960676e-09,0.00000000000000000e+00
571,1.78129549525437189e-06,1.67009836513084605e-06,4.66459255412669842e-05,5.99731263335024751e-09,0.00000000000000000e+00
572,1.77639890089769365e-06,1.66569022021246687e-06,4.65804873245553546e-05,6.00026105746048881e-09,0.00000000000000000e+00
573,1.77153482882841328e-06,1.66130266253942616e-06,4.65152769393791551e-05,6.00777609318927495e-09,0.00000000000000000e+00
574,1.76685445819909144e-06,1.65694518095848317e-06,4.64502821448643609e-05,6.00866623033062663e-09,0.00000000000000000e+00
575,1.76176863323786448e-06,1.65257870945040916e-06,4.63855392849882924e-05,6.01132075682792319e-09,0.00000000000000000e+00
576,1.75709865071319672e-06,1.64825157811679553e-06,4.63209992434032621e-05,6.01875609424828316e-09,0.00000000000000000e+00
577,1.75256469633632693e-06,1.64396026694849555e-06,4.62566710651784343e-05,6.01967130088912709e-09,0.00000000000000000e+00
578,1.74757351802136691e-06,1.63965767079034752e-06,4.61925921193940918e-05,6.02211600197928920e-09,0.00000000000000000e+00
579,1.74298576876961701e-06,1.63539214564700022e-06,4.61287121558046198e-05,6.02905938628801277e-09,0.00000000000000000e+00
580,1.73853850482598299e-06,1.63116079886610542e-06,4.60650394017348997e-05,6.02905350306980401e-09,0.00000000000000000e+00
581,1.73363834713537523e-06,1.62691770169038986e-06,4.60016110025050968e-05,6.03021509698634278e-09,0.00000000000000000e+00
582,1.72914082786014827e-06,1.62271042399535768e-06,4.59383771895118559e-05,6.03602987732203603e-09,0.00000000000000000e+00
583,1.72478337652296770e-06,1.61853673632902519e-06,4.58753461323019421e-05,6.03499458606333418e-09,0.00000000000000000e+00
584,1.71996446381436966e-06,1.61434979954802233e-06,4.58125551101734664e-05,6.03484840384112526e-09,0.00000000000000000e+00
585,1.71557109386259717e-06,1.61020295045137344e-06,4.57499534472348857e-05,6.04099759232372936e-09,0.00000000000000000e+00
586,1.71127959736591043e-06,1.60607938067816837e-06,4.56875516154581701e-05,6.03918661660858011e-09,0.00000000000000000e+00
587,1.70657226334882677e-06,1.60195683623304946e-06,4.56253836470168491e-05,6.04430636599442498e-09,0.00000000000000000e+00
588,1.70241962922516481e-06,1.59787165957002753e-06,4.55633908002269815e-05,6.04285643676313702e-09,0.00000000000000000e+00
589,1.69778036212908612e-06,1.59377765661484527e-06,4.55016311774548759e-05,6.04829067421958427e-09,0.00000000000000000e+00
590,1.69368525514081495e-06,1.58973403670839526e-06,4.54400443802086267e-05,6.04726081679839867e-09,0.00000000000000000e+00
591,1.68910495012247568e-06,1.58567846314856707e-06,4.53786877011665596e-05,6.05293636283378750e-09,0.00000000000000000e+00
592,1.68506331953060537e-06,1.58167100676801292e-06,4.53175016027348730e-05,6.05208773460428783e-09,0.00000000000000000e+00
593,1.68053816832038705e-06,1.57765236141065707e-06,4.52565426892286401e-05,6.05843339821886299e-09,0.00000000000000000e+00
594,1.67652864670607576e-06,1.57367673691746243e-06,4.51957525749573728e-05,6.05701920735187333e-09,0.00000000000000000e+00
595,1.67208405951304694e-06,1.56970152892615071e-06,4.51351852420129731e-05,6.06294265782557379e-09,0.00000000000000000e+00
596,1.66813211563840417e-06,1.56575749718200090e-06,4.50747847122608984e-05,6.06104486848173518e-09,0.00000000000000000e+00
597,1.66373510826751432e-06,1.56181669134723979e-06,4.50146047268068037e-05,6.06659867508402553e-09,0.00000000000000000e+00
598,1.65983106819674947e-06,1.55790725181328386e-06,4.49545890491436875e-05,6.06429896280479715e-09,0.00000000000000000e+00
599,1.65548700352480662e-06,1.55400105402007392e-06,4.48947909887473278e-05,6.06959098054871910e-09,0.00000000000000000e+00
600,1.65163337961408645e-06,1.55012581018008663e-06,4.48351548694805483e-05,6.06695116717072846e-09,0.00000000000000000e+00
601,1.64734214887284214e-06,1.54625368945368329e-06,4.47757336001693309e-05,6.07202116407597598e-09,0.00000000000000000e+00
602,1.64353817627677459e-06,1.54241216277263160e-06,4.47164719796944328e-05,6.07448617064494060e-09,0.00000000000000000e+00
603,1.63944598876834347e-06,1.53858392867436010e-06,4.46574120482135184e-05,6.07125605300507516e-09,0.00000000000000000e+00
604,1.63526758826261853e-06,1.53475095335319830e-06,4.45985462516366115e-05,6.07615317754221939e-09,0.00000000000000000e+00
605,1.63158638316713487e-06,1.53096394436932490e-06,4.45398348703212606e-05,6.07856377108801443e-09,0.00000000000000000e+00
606,1.62757568175791139e-06,1.52718703235133967e-06,4.44813230537028918e-05,6.07534168368834941e-09,0.00000000000000000e+00
607,1.62346664174212687e-06,1.52340450605544417e-06,4.44230022488116289e-05,6.08021260108048776e-09,0.00000000000000000e+00
608,1.61985229128108957e-06,1.51966659419976931e-06,4.43648326067940205e-05,6.08252100000963429e-09,0.00000000000000000e+00
609,1.61591284987479570e-06,1.51593848498884809e-06,4.43068587191836977e-05,6.07900411527745667e-09,0.00000000000000000e+00
610,1.61187556794748318e-06,1.51220448678808927e-06,4.42490722453092928e-05,6.08350356942775016e-09,0.00000000000000000e+00
611,1.60833090660126762e-06,1.50851437459020502e-06,4.41914336333027385e-05,6.08623110404416948e-09,0.00000000000000000e+00
612,1.60443968438594146e-06,1.50483015440760357e-06,4.41339880564734096e-05,6.08188315154266234e-09,0.00000000000000000e+00
613,1.60050178293272184e-06,1.50115214298511685e-06,4.40767245035886699e-05,6.08602728843834716e-09,0.00000000000000000e+00
614,1.59702930852136755e-06,1.49750485387816965e-06,4.40196062801533259e-05,6.08847924151216348e-09,0.00000000000000000e+00
615,1.59320001217858408e-06,1.49386668403880815e-06,4.39626781486464606e-05,6.08967986020502892e-09,0.00000000000000000e+00
616,1.58947443818305166e-06,1.49024553942320991e-06,4.39059179909878796e-05,6.09101195769489587e-09,0.00000000000000000e+00
617,1.58578999227930449e-06,1.48663064817780883e-06,4.38493261195392847e-05,6.09238707787390895e-09,0.00000000000000000e+00
618,1.58213328673336907e-06,1.48303555325322996e-06,4.37929019411200065e-05,6.09380685561634408e-09,0.00000000000000000e+00
619,1.57849897593581809e-06,1.47945681870224880e-06,4.37366445974455526e-05,6.09526422576616074e-09,0.00000000000000000e+00
620,1.57488560020447462e-06,1.47589356915591250e-06,4.36805530928391220e-05,6.09671018887683137e-09,0.00000000000000000e+00
621,1.57129282296591815e-06,1.47234542545245811e-06,4.36246264035541298e-05,6.09804303801660955e-09,0.00000000000000000e+00
622,1.56772064920909843e-06,1.46881214894840717e-06,4.35688635015802982e-05,6.09914897318010387e-09,0.00000000000000000e+00
623,1.56416922333915607e-06,1.46529357993164251e-06,4.35132633534606565e-05,6.09995371594985886e-09,0.00000000000000000e+00
624,1.56063866135159945e-06,1.46178960957345255e-06,4.34578249240095819e-05,6.10044640528890769e-09,0.00000000000000000e+00
625,1.55712894539031464e-06,1.45830015301120868e-06,4.34025471835653399e-05,6.10152650737190170e-09,0.00000000000000000e+00
626,1.55361699201287496e-06,1.45482153710461293e-06,4.33474300102271569e-05,6.10218304355285283e-09,0.00000000000000000e+00
627,1.55015656593112012e-06,1.45136572682904087e-06,4.32924703206812568e-05,6.10268456647512962e-09,0.00000000000000000e+00
628,1.54671699883530682e-06,1.44792014471392675e-06,4.32376681982000652e-05,6.10314119042904101e-09,0.00000000000000000e+00
629,1.54329189986075896e-06,1.44448791086776056e-06,4.31830229651584239e-05,6.10362747250954815e-09,0.00000000000000000e+00
630,1.53988364258373934e-06,1.44106960458586910e-06,4.31285335786085408e-05,6.10418900522737562e-09,0.00000000000000000e+00
631,1.53649439292514189e-06,1.43766529361596321e-06,4.30741989790318677e-05,6.10483727196352724e-09,0.00000000000000000e+00
632,1.53312475680387641e-06,1.43427491453698737e-06,4.30200181707682396e-05,6.10554922434301018e-09,0.00000000000000000e+00
633,1.52977460811435469e-06,1.43089836921731291e-06,4.29659902000687765e-05,6.10627926953352099e-09,0.00000000000000000e+00
634,1.52644370850511524e-06,1.42753555903941437e-06,4.29121141291227836e-05,6.10697750325986665e-09,0.00000000000000000e+00
635,1.52313187135094816e-06,1.42418639409262246e-06,4.28583890259950407e-05,6.10760398196786498e-09,0.00000000000000000e+00
636,1.51983893899421069e-06,1.42085079122634936e-06,4.28048139639604206e-05,6.10813442286172265e-09,0.00000000000000000e+00
637,1.51656474858042005e-06,1.41752866956553330e-06,4.27513880231459469e-05,6.10855894025513939e-09,0.00000000000000000e+00
638,1.51330912578675548e-06,1.41421994766802650e-06,4.26981102916741329e-05,6.10887779208632112e-09,0.00000000000000000e+00
639,1.51007189387325873e-06,1.41092454294546283e-06,4.26449798660235462e-05,6.10909725481320752e-09,0.00000000000000000e+00
640,1.50685288243734883e-06,1.40764237252202116e-06,4.25919958509498795e-05,6.10922684202750984e-09,0.00000000000000000e+00
641,1.50365193019784170e-06,1.40437335438171557e-06,4.25391573592731208e-05,6.10927767059420269e-09,0.00000000000000000e+00
642,1.50046888337146266e-06,1.40111740802001418e-06,4.24864635116989386e-05,6.10926131178024974e-09,0.00000000000000000e+00
643,1.49730359238373721e-06,1.39787445445718695e-06,4.24339134366486041e-05,6.10918867842139155e-09,0.00000000000000000e+00
644,1.49415590896893365e-06,1.39464441580386161e-06,4.23815062701701816e-05,6.10906891329310754e-09,0.00000000000000000e+00
645,1.49102568502642329e-06,1.39142721461533128e-06,4.23292411558784637e-05,6.10890850863916209e-09,0.00000000000000000e+00
646,1.48791277238937589e-06,1.38822277347914031e-06,4.22771172448481637e-05,6.10871089726512993e-09,0.00000000000000000e+00
647,1.48481702363360286e-06,1.38503101485863638e-06,4.22251336955505917e-05,6.10847659307796624e-09,0.00000000000000000e+00
648,1.48173829267513643e-06,1.38185186124412594e-06,4.21732896737147747e-05,6.11318623842560797e-09,0.00000000000000000e+00
649,1.47884319715999651e-06,1.37869675969226523e-06,4.21215738038965335e-05,6.11102565330765456e-09,0.00000000000000000e+00
650,1.47547578554904701e-06,1.37552675774650303e-06,4.20700229059068012e-05,6.11029413383314544e-09,0.00000000000000000e+00
651,1.47255662007367669e-06,1.37238611047442569e-06,4.20185891069055066e-05,6.10984198964006481e-09,0.00000000000000000e+00
652,1.46960348672287403e-06,1.36925764515485875e-06,4.19672924809465597e-05,6.11441874742292426e-09,0.00000000000000000e+00
653,1.46677768040744721e-06,1.36615245104358105e-06,4.19161228952129845e-05,6.11222259042192702e-09,0.00000000000000000e+00
654,1.46347110337083033e-06,1.36303209065284414e-06,4.18651153903771170e-05,6.11133299782596788e-09,0.00000000000000000e+00
655,1.46061042528294464e-06,1.35994038449306259e-06,4.18142220890604496e-05,6.11052312943067867e-09,0.00000000000000000e+00
656,1.45771925652815597e-06,1.35686049428815355e-06,4.17634626911839776e-05,6.11457697361434929e-09,0.00000000000000000e+00
657,1.45495643174235648e-06,1.35380345710554709e-06,4.17128272184074238e-05,6.11155175249314366e-09,0.00000000000000000e+00
658,1.45171291930850779e-06,1.35073138186124114e-06,4.16623505123804070e-05,6.10971943382678403e-09,0.00000000000000000e+00
659,1.44891430819080670e-06,1.34768749797916891e-06,4.16119850641761489e-05,6.11323128887935489e-09,0.00000000000000000e+00
660,1.44625011690011472e-06,1.34466652868473502e-06,4.15617400640646406e-05,6.10961616172783440e-09,0.00000000000000000e+00
661,1.44306501521484232e-06,1.34163011241796646e-06,4.15116528621938880e-05,6.10742239935010438e-09,0.00000000000000000e+00
662,1.44030911443052231e-06,1.33862150824368870e-06,4.14616753630980622e-05,6.11135897367783199e-09,0.00000000000000000e+00
663,1.43767625150677764e-06,1.33562944957695921e-06,4.14118163691806442e-05,6.10752867378684026e-09,0.00000000000000000e+00
664,1.43454469647745185e-06,1.33264096791819919e-06,4.13621124605167509e-05,6.11079597281429764e-09,0.00000000000000000e+00
665,1.43200278186230923e-06,1.32967251194222047e-06,4.13125056037345865e-05,6.10714858774983803e-09,0.00000000000000000e+00
666,1.42893671701639526e-06,1.32669284965044606e-06,4.12630522772397689e-05,6.11047148074672062e-09,0.00000000000000000e+00
667,1.42643008778586615e-06,1.32375285735077531e-06,4.12136956772488736e-05,6.10695996035965317e-09,0.00000000000000000e+00
668,1.42339288597445881e-06,1.32079690263568669e-06,4.11644914268426813e-05,6.11032563405355445e-09,0.00000000000000000e+00
669,1.42091170136379537e-06,1.31787941828270572e-06,4.11153827426376410e-05,6.10690629916954749e-09,0.00000000000000000e+00
670,1.41790295209459423e-06,1.31494588493806941e-06,4.10664248351495724e-05,6.11020929791958815e-09,0.00000000000000000e+00
671,1.41544836993270466e-06,1.31205041843591876e-06,4.10175612603578348e-05,6.10665803790799823e-09,0.00000000000000000e+00
672,1.41246807770617810e-06,1.30913896233545806e-06,4.09688469603970712e-05,6.11022402655658151e-09,0.00000000000000000e+00
673,1.41003018300353251e-06,1.30625940175245526e-06,4.09202259072283432e-05,6.10612668986662315e-09,0.00000000000000000e+00
674,1.40708609799309331e-06,1.30338269728507646e-06,4.08717524603903988e-05,6.10935480137185183e-09,0.00000000000000000e+00
675,1.40467998246796759e-06,1.30051897190022850e-06,4.08233708936720153e-05,6.10488905810966891e-09,0.00000000000000000e+00
676,1.40176261195358765e-06,1.29766275616889464e-06,4.07751357117161112e-05,6.10788164153685243e-09,0.00000000000000000e+00
677,1.39938057774970341e-06,1.29482021041265043e-06,4.07269912683044626e-05,6.10318089041237109e-09,0.00000000000000000e+00
678,1.39649062607584013e-06,1.29198529432989190e-06,4.06789916921569946e-05,6.10605460939130848e-09,0.00000000000000000e+00
679,1.39413326337046403e-06,1.28916386587255000e-06,4.06310817388682961e-05,6.10123310819709454e-09,0.00000000000000000e+00
680,1.39127075317691768e-06,1.28635002614256355e-06,4.05833151790343006e-05,6.10404757929569645e-09,0.00000000000000000e+00
681,1.38893785387628220e-06,1.28354946097164200e-06,4.05356371570151749e-05,6.10446436089991813e-09,0.00000000000000000e+00
682,1.38626589526510016e-06,1.28076743624291096e-06,4.04880907011824886e-05,6.09936558234623573e-09,0.00000000000000000e+00
683,1.38348490373594685e-06,1.27796766597003886e-06,4.04406684096146840e-05,6.10209017247420154e-09,0.00000000000000000e+00
684,1.38124174873568500e-06,1.27520339398739796e-06,4.03933313770895845e-05,6.10249672344549908e-09,0.00000000000000000e+00
685,1.37861714898370274e-06,1.27245309312554266e-06,4.03461255799811297e-05,6.09746389593203303e-09,0.00000000000000000e+00
686,1.37587022426635524e-06,1.26968429062327381e-06,4.02990426492910218e-05,6.10017679935685563e-09,0.00000000000000000e+00
687,1.37365857737200274e-06,1.26695032286085452e-06,4.02520434313570691e-05,6.10056624452429203e-09,0.00000000000000000e+00
688,1.37106998248769324e-06,1.26423011782066903e-06,4.02051734310136151e-05,6.09545281040384734e-09,0.00000000000000000e+00
689,1.36835995528679075e-06,1.26149148354439256e-06,4.01584244305284196e-05,6.09792549879562882e-09,0.00000000000000000e+00
690,1.36618292215310039e-06,1.25878728257278184e-06,4.01117575421170445e-05,6.09798841748173170e-09,0.00000000000000000e+00
691,1.36363048453975501e-06,1.25609672772717463e-06,4.00652180020822304e-05,6.09242350924901106e-09,0.00000000000000000e+00
692,1.36095696147509974e-06,1.25338784914990430e-06,4.00187976471225962e-05,6.09452060723738570e-09,0.00000000000000000e+00
693,1.35881365960782355e-06,1.25071302001286829e-06,3.99724578570560165e-05,6.09475179295252336e-09,0.00000000000000000e+00
694,1.35628572649915687e-06,1.24804569792871129e-06,3.99262437352662468e-05,6.09409777397804978e-09,0.00000000000000000e+00
695,1.35382129789978227e-06,1.24539037517444188e-06,3.98801362541146510e-05,6.08790375477939539e-09,0.00000000000000000e+00
696,1.35124434796827736e-06,1.24271899595256495e-06,3.98341444484982593e-05,6.08974720585316633e-09,0.00000000000000000e+00
697,1.34915900105376454e-06,1.24008271585072821e-06,3.97882320962939382e-05,6.08981930790007504e-09,0.00000000000000000e+00
698,1.34667445735074697e-06,1.23745365820873479e-06,3.97424437192000682e-05,6.08910776447270064e-09,0.00000000000000000e+00
699,1.34425104197848224e-06,1.23483634232740971e-06,3.96967599133706673e-05,6.08848437261901747e-09,0.00000000000000000e+00
700,1.34188034577019772e-06,1.23221399096752504e-06,3.96511790150725447e-05,6.08783635769587461e-09,0.00000000000000000e+00
701,1.33953053185808604e-06,1.22960671454687142e-06,3.96057016036296632e-05,6.08714610202732085e-09,0.00000000000000000e+00
702,1.33719051800295106e-06,1.22700978867174244e-06,3.95603276282427194e-05,6.08641183189426507e-09,0.00000000000000000e+00
703,1.33485931790895512e-06,1.22442230281474351e-06,3.95150566374097046e-05,6.08564759619933838e-09,0.00000000000000000e+00
704,1.33253779723992435e-06,1.22184404883967160e-06,3.94698880852051043e-05,6.08485310173293334e-09,0.00000000000000000e+00
705,1.33022640369149647e-06,1.21927494229140693e-06,3.94248214374751698e-05,6.08399429022264319e-09,0.00000000000000000e+00
706,1.32792519867594410e-06,1.21671492340968693e-06,3.93798561805406056e-05,6.08301347116494949e-09,0.00000000000000000e+00
707,1.32563416646971102e-06,1.21416394611445219e-06,3.93349918084380510e-05,6.08185639706689449e-09,0.00000000000000000e+00
708,1.32335331890253623e-06,1.21162197544348544e-06,3.92902278152750521e-05,6.08049515780906262e-09,0.00000000000000000e+00
709,1.32108266621100009e-06,1.20908898152731945e-06,3.92455636947680291e-05,6.07946825235868790e-09,0.00000000000000000e+00
710,1.31881026269376333e-06,1.20655901889092451e-06,3.92009991550102991e-05,6.07756176123894350e-09,0.00000000000000000e+00
711,1.31657194787075645e-06,1.20405702301247330e-06,3.91565330334828809e-05,6.07622633847637927e-09,0.00000000000000000e+00
712,1.31432207799976082e-06,1.20153893394998614e-06,3.91121656696904237e-05,6.07465841309005140e-09,0.00000000000000000e+00
713,1.31209053980214167e-06,1.19904752699008824e-06,3.90678960582306774e-05,6.07304414718537903e-09,0.00000000000000000e+00
714,1.30987138257069067e-06,1.19655989926702906e-06,3.90237237818716920e-05,6.07143228108726627e-09,0.00000000000000000e+00
715,1.30766147637586241e-06,1.19407999872054594e-06,3.89796484408690683e-05,6.06985413651035404e-09,0.00000000000000000e+00
716,1.30546046561409008e-06,1.19160850521887458e-06,3.89356695725829653e-05,6.06832656826092855e-09,0.00000000000000000e+00
717,1.30326864591634116e-06,1.18914550987654420e-06,3.88917866946259712e-05,6.06685407403255525e-09,0.00000000000000000e+00
718,1.30108620811600590e-06,1.18669099244625417e-06,3.88479993299781868e-05,6.06543045284552442e-09,0.00000000000000000e+00
719,1.29891317359185982e-06,1.18424491090258337e-06,3.88043070274525983e-05,6.06402607428813766e-09,0.00000000000000000e+00
720,1.29674646198175554e-06,1.18180730719487284e-06,3.87607093183190009e-05,6.06262340252117469e-09,0.00000000000000000e+00
721,1.29459130390555420e-06,1.17937799885212203e-06,3.87172057217996440e-05,6.06120308865473635e-09,0.00000000000000000e+00
722,1.29244601062548993e-06,1.17695698997237779e-06,3.86737957898960165e-05,6.05974604883100465e-09,0.00000000000000000e+00
723,1.29030997684906343e-06,1.17454425524239569e-06,3.86304790788849489e-05,6.05823623288260110e-09,0.00000000000000000e+00
724,1.28818299079577806e-06,1.17213975914421169e-06,3.85872551442813960e-05,6.05666172226589199e-09,0.00000000000000000e+00
725,1.28606496190911084e-06,1.16974346435438388e-06,3.85441235425136307e-05,6.05501463299048323e-09,0.00000000000000000e+00
726,1.28395582360139875e-06,1.16735533289425863e-06,3.85010838327186697e-05,6.05329050538100308e-09,0.00000000000000000e+00
727,1.28185550831734230e-06,1.16497532582562252e-06,3.84581355775326771e-05,6.05148764675728060e-09,0.00000000000000000e+00
728,1.27976394600030651e-06,1.16260340321956307e-06,3.84152783432181207e-05,6.04960664951772219e-09,0.00000000000000000e+00
729,1.27768106672074244e-06,1.16023952434539646e-06,3.83725116995956302e-05,6.04765007408609066e-09,0.00000000000000000e+00
730,1.27560680212120853e-06,1.15788364795165553e-06,3.83298352199163255e-05,6.04562216061417764e-09,0.00000000000000000e+00
731,1.27354108566200328e-06,1.15553573243051658e-06,3.82872484807825751e-05,6.04352845010150461e-09,0.00000000000000000e+00
732,1.27148385192426456e-06,1.15319573583474919e-06,3.82447510620969030e-05,6.04137528910235516e-09,0.00000000000000000e+00
733,1.26943503610955409e-06,1.15086361598004921e-06,3.82023425470343959e-05,6.03916927784126296e-09,0.00000000000000000e+00
734,1.26739457393349896e-06,1.14853933051596783e-06,3.81600225219967803e-05,6.03691675503050931e-09,0.00000000000000000e+00
735,1.26536240145673909e-06,1.14622283710856111e-06,3.81177905766079232e-05,6.03462339536479318e-09,0.00000000000000000e+00
736,1.26333845522162457e-06,1.14391409361478197e-06,3.80756463036498234e-05,6.03229395276142592e-09,0.00000000000000000e+00
737,1.26132267231860993e-06,1.14161305836133742e-06,3.80335892990349983e-05,6.02993214040871583e-09,0.00000000000000000e+00
738,1.25931499027801476e-06,1.13931969031633684e-06,3.79916191617474288e-05,6.02754061388575546e-09,0.00000000000000000e+00
739,1.25731534702410878e-06,1.13703394929274146e-06,3.79497354938104734e-05,6.02512101916810484e-09,0.00000000000000000e+00
740,1.25532368077445811e-06,1.13475579601524921e-06,3.79079379002275494e-05,6.02267407724090125e-09,0.00000000000000000e+00
741,1.25333992989650754e-06,1.13248519214380441e-06,3.78662259889617762e-05,6.02019969169125391e-09,0.00000000000000000e+00
742,1.25136403287890486e-06,1.13022210014758947e-06,3.78245993708763178e-05,6.01769707694985693e-09,0.00000000000000000e+00
743,1.24939592836097125e-06,1.12796648323211594e-06,3.77830576597427037e-05,6.01516490867976504e-09,0.00000000000000000e+00
744,1.24743555524068995e-06,1.12571830511980190e-06,3.77416004721769423e-05,6.01260149477525528e-09,0.00000000000000000e+00
745,1.24548285272671851e-06,1.12347752988543174e-06,3.77002274276732802e-05,6.01000495855067482e-09,0.00000000000000000e+00
746,1.24353776055334206e-06,1.12124412180534942e-06,3.76589381485369751e-05,6.00737341924472211e-09,0.00000000000000000e+00
747,1.24160021903003320e-06,1.11901804517278342e-06,3.76177322599022325e-05,6.00470515159999906e-09,0.00000000000000000e+00
748,1.23967016917145055e-06,1.11679926425871830e-06,3.75766093896882342e-05,6.00748587640098446e-09,0.00000000000000000e+00
749,1.23795201904456744e-06,1.11460527372298058e-06,3.75355578233873069e-05,6.00246805378372105e-09,0.00000000000000000e+00
750,1.23566211742609314e-06,1.11237462363420521e-06,3.74946171141056226e-05,5.99933282783286144e-09,0.00000000000000000e+00
751,1.23386291836458872e-06,1.11018398851999048e-06,3.74537380888552681e-05,5.99639656017074008e-09,0.00000000000000000e+00
752,1.23202979496306830e-06,1.10799524672888872e-06,3.74129410358935440e-05,5.99894756848928115e-09,0.00000000000000000e+00
753,1.23034908705428271e-06,1.10582989771043448e-06,3.73722158761177027e-05,5.99386049580954518e-09,0.00000000000000000e+00
754,1.22808561234737927e-06,1.10362808692995423e-06,3.73316005448758918e-05,5.99060146047012548e-09,0.00000000000000000e+00
755,1.22630827518124416e-06,1.10146553191443175e-06,3.72910458068920718e-05,5.98746487679184673e-09,0.00000000000000000e+00
756,1.22450054055516142e-06,1.09930489255637228e-06,3.72505715382336891e-05,5.98968893053080657e-09,0.00000000000000000e+00
757,1.22284654488547578e-06,1.09716740314259871e-06,3.72101677541864892e-05,5.98411441284571216e-09,0.00000000000000000e+00
758,1.22061217072120060e-06,1.09499385549264299e-06,3.71698722376595300e-05,5.98019421403405908e-09,0.00000000000000000e+00
759,1.21886212710914637e-06,1.09285918460096618e-06,3.71296360413980267e-05,5.97631704062977845e-09,0.00000000000000000e+00
760,1.21708185298170778e-06,1.09072644242709051e-06,3.70894789268059658e-05,5.97795975305345061e-09,0.00000000000000000e+00
761,1.21545371776764032e-06,1.08861651871190307e-06,3.70493910233053527e-05,5.97166686505564435e-09,0.00000000000000000e+00
762,1.21324962331495141e-06,1.08647097127248895e-06,3.70094097297659009e-05,5.96723457815716858e-09,0.00000000000000000e+00
763,1.21152581733254970e-06,1.08436387757663577e-06,3.69694865985657330e-05,5.96870328849046099e-09,0.00000000000000000e+00
764,1.20997044955715976e-06,1.08227538392840122e-06,3.69296301622351833e-05,5.96227860061893808e-09,0.00000000000000000e+00
765,1.20780390204727616e-06,1.08015060930150469e-06,3.68898803668107545e-05,5.95784601989281281e-09,0.00000000000000000e+00
766,1.20609785928631190e-06,1.07806366992837450e-06,3.68501885225626743e-05,5.96022400285146151e-09,0.00000000000000000e+00
767,1.20455231551013216e-06,1.07598789397375709e-06,3.68105623020173619e-05,5.95367616464055181e-09,0.00000000000000000e+00
768,1.20239954587077450e-06,1.07389786489051230e-06,3.67710425033334240e-05,5.95512425481344848e-09,0.00000000000000000e+00
769,1.20092523213625929e-06,1.07184156151566576e-06,3.67315674111944098e-05,5.94893418671738079e-09,0.00000000000000000e+00
770,1.19883951407734178e-06,1.06974933366661707e-06,3.66921967101280791e-05,5.95038663377632501e-09,0.00000000000000000e+00
771,1.19737967655715088e-06,1.06771199177411754e-06,3.66528720618621969e-05,5.94430585450646844e-09,0.00000000000000000e+00
772,1.19530517643277872e-06,1.06563393253472075e-06,3.66136513643666966e-05,5.94569230083915269e-09,0.00000000000000000e+00
773,1.19385451533836487e-06,1.06360945484169946e-06,3.65744762757548163e-05,5.93959973285147756e-09,0.00000000000000000e+00
774,1.19179246227904626e-06,1.06154438968902922e-06,3.65354043651112346e-05,5.94083642190640120e-09,0.00000000000000000e+00
775,1.19035308049907469e-06,1.05953255584604299e-06,3.64963775350242501e-05,5.93455907190477570e-09,0.00000000000000000e+00
776,1.18830385099364197e-06,1.05748038219141550e-06,3.64574531780618695e-05,5.93551901925965057e-09,0.00000000000000000e+00
777,1.18687564152490596e-06,1.05548114468869527e-06,3.64185734020324283e-05,5.92885998550879380e-09,0.00000000000000000e+00
778,1.18483909528513004e-06,1.05344180312053074e-06,3.63797954013695435e-05,5.92947834312514308e-09,0.00000000000000000e+00
779,1.18342180566885594e-06,1.05145511413220366e-06,3.63410614930212021e-05,5.92238645230561868e-09,0.00000000000000000e+00
780,1.18139829967146981e-06,1.04942855146825123e-06,3.63024286315839607e-05,5.92356996853392382e-09,0.00000000000000000e+00
781,1.17998513474968260e-06,1.04744735646493169e-06,3.62638391812992810e-05,5.91585366471880831e-09,0.00000000000000000e+00
782,1.17796941177784697e-06,1.04544775881050656e-06,3.62253509639130894e-05,5.91686046403563157e-09,0.00000000000000000e+00
783,1.17657901314529779e-06,1.04347306166656035e-06,3.61869046229676487e-05,5.90897145611533155e-09,0.00000000000000000e+00
784,1.17457812773953484e-06,1.04148470586817320e-06,3.61485591104287180e-05,5.90992502557829701e-09,0.00000000000000000e+00
785,1.17319640685160220e-06,1.03952198719779489e-06,3.61102551777471966e-05,5.90203370856719364e-09,0.00000000000000000e+00
786,1.17120752269521105e-06,1.03754577580745125e-06,3.60720513361178547e-05,5.90301180286923190e-09,0.00000000000000000e+00
787,1.16983494002537659e-06,1.03559507446274596e-06,3.60338886816861473e-05,5.89521584051867400e-09,0.00000000000000000e+00
788,1.16785850598711420e-06,1.03363090404740591e-06,3.59958255117297647e-05,5.89620049052872545e-09,0.00000000000000000e+00
789,1.16649767909934460e-06,1.03169213309937640e-06,3.59578027206814240e-05,5.88848760068506298e-09,0.00000000000000000e+00
790,1.16453135432270563e-06,1.02973988423227137e-06,3.59198790721545531e-05,5.88945999350777541e-09,0.00000000000000000e+00
791,1.16317914198423616e-06,1.02781289987094789e-06,3.58819955404418293e-05,5.88173887868360903e-09,0.00000000000000000e+00
792,1.16122696172355637e-06,1.02587248265798654e-06,3.58442099798706809e-05,5.88264376706069714e-09,0.00000000000000000e+00
793,1.15988288180157941e-06,1.02395719982708884e-06,3.58064644941663381e-05,5.87489687093382773e-09,0.00000000000000000e+00
794,1.15794192560726682e-06,1.02202850022471462e-06,3.57688162842544985e-05,5.87572030456214111e-09,0.00000000000000000e+00
795,1.15660776734307310e-06,1.02012479275874916e-06,3.57312076911961307e-05,5.86793238314566393e-09,0.00000000000000000e+00
796,1.15467906502356500e-06,1.01820769956957219e-06,3.56936957026479006e-05,5.86866820670743926e-09,0.00000000000000000e+00
797,1.15335441403009875e-06,1.01631548040187007e-06,3.56562229402309857e-05,5.86648653001283466e-09,0.00000000000000000e+00
798,1.15164173109064225e-06,1.01442653438865057e-06,3.56188347214266059e-05,5.85844677490229092e-09,0.00000000000000000e+00
799,1.14976318444749053e-06,1.01251141503070098e-06,3.55815249535264530e-05,5.85896061007905306e-09,0.00000000000000000e+00
800,1.14850839897687872e-06,1.01064269005326817e-06,3.55442518489788636e-05,5.85662831465909355e-09,0.00000000000000000e+00
801,1.14682610111982117e-06,1.00877182412644682e-06,3.55070638388456519e-05,5.84848797575725419e-09,0.00000000000000000e+00
802,1.14496178298937737e-06,1.00687410896186937e-06,3.54699541246306034e-05,5.84882106226387654e-09,0.00000000000000000e+00
803,1.14371609195263930e-06,1.00502207361139032e-06,3.54328806586030374e-05,5.84632728124124685e-09,0.00000000000000000e+00
804,1.14204768720597503e-06,1.00316785930828036e-06,3.53958913459538155e-05,5.83800695578612223e-09,0.00000000000000000e+00
805,1.14019905498262097e-06,1.00128705631276724e-06,3.53589794836253407e-05,5.83809424448640711e-09,0.00000000000000000e+00
806,1.13896648915314875e-06,9.99451549020019227e-07,3.53221032820307871e-05,5.83529843465927858e-09,0.00000000000000000e+00
807,1.13731312452591944e-06,9.97613844938034797e-07,3.52853104020444999e-05,5.82655139052968851e-09,0.00000000000000000e+00
808,1.13547987219131553e-06,9.95749807567492164e-07,3.52485941998573258e-05,5.82628970489629469e-09,0.00000000000000000e+00
809,1.13426040829483612e-06,9.93930713652592563e-07,3.52119130709621872e-05,5.82311879835830713e-09,0.00000000000000000e+00
810,1.13262187884236974e-06,9.92109382322891437e-07,3.51753144418110573e-05,5.81395812868704371e-09,0.00000000000000000e+00
811,1.13080453538642816e-06,9.90261982872394825e-07,3.51387916805466412e-05,5.81348089112567546e-09,0.00000000000000000e+00
812,1.12959711010699366e-06,9.88459111477112433e-07,3.51023034909970195e-05,5.81098470101568430e-09,0.00000000000000000e+00
813,1.12796548875753269e-06,9.86647013732607030e-07,3.50658967646826710e-05,5.80134172686188210e-09,0.00000000000000000e+00
814,1.12616066670201662e-06,9.84830363761581939e-07,3.50295659397727196e-05,5.80077251347085588e-09,0.00000000000000000e+00
815,1.12497766649105709e-06,9.83037503202105596e-07,3.49932681282355722e-05,5.79823289998719011e-09,0.00000000000000000e+00
816,1.12336197560449177e-06,9.81240184836333965e-07,3.49570513025421883e-05,5.79456174656711943e-09,0.00000000000000000e+00
817,1.12177472041326419e-06,9.79455345138275176e-07,3.49208982089324477e-05,5.78511089435708219e-09,0.00000000000000000e+00
818,1.12004474896399547e-06,9.77644657965358226e-07,3.48848171754233033e-05,5.78751540402729556e-09,0.00000000000000000e+00
819,1.11902777098983756e-06,9.75890743587490651e-07,3.48487628803683560e-05,5.78288294974471169e-09,0.00000000000000000e+00
820,1.11720154407475507e-06,9.74104760318936521e-07,3.48128062244327664e-05,5.77362764022568039e-09,0.00000000000000000e+00
821,1.11547751216344613e-06,9.72313951464073776e-07,3.47769124412174719e-05,5.77597631162063174e-09,0.00000000000000000e+00
822,1.11449280080657719e-06,9.70576241739876896e-07,3.47410435489160449e-05,5.77137510641313177e-09,0.00000000000000000e+00
823,1.11269030772730510e-06,9.68806010254028076e-07,3.47052717775867236e-05,5.76786561843636786e-09,0.00000000000000000e+00
824,1.11118256651726620e-06,9.67046654673066627e-07,3.46695510209361983e-05,5.75847697271394950e-09,0.00000000000000000e+00
825,1.10951724783715137e-06,9.65279286087446969e-07,3.46339010183428610e-05,5.76042575649801824e-09,0.00000000000000000e+00
826,1.10853276316195969e-06,9.63561943957238168e-07,3.45982774468930117e-05,5.75544942974902405e-09,0.00000000000000000e+00
827,1.10674076774715749e-06,9.61812031114135324e-07,3.45627498113674402e-05,5.75148981844905619e-09,0.00000000000000000e+00
828,1.10524662578915441e-06,9.60072908270286633e-07,3.45272723020965307e-05,5.74741605073433328e-09,0.00000000000000000e+00
829,1.10379787813799782e-06,9.58341694703347831e-07,3.44918531544041916e-05,5.74322950216595514e-09,0.00000000000000000e+00
830,1.10234135238068804e-06,9.56615870997488497e-07,3.44564942470978555e-05,5.73893651499562951e-09,0.00000000000000000e+00
831,1.10087943093987416e-06,9.54894967601888921e-07,3.44211954621770713e-05,5.73454614607494013e-09,0.00000000000000000e+00
832,1.09941849125643654e-06,9.53178952919277260e-07,3.43859564174682980e-05,5.73091409152846210e-09,0.00000000000000000e+00
833,1.09795210798396782e-06,9.51461221418223954e-07,3.43507766727123173e-05,5.72613246047662825e-09,0.00000000000000000e+00
834,1.09650100341183202e-06,9.49768998130637765e-07,3.43156566390503772e-05,5.72150340782863045e-09,0.00000000000000000e+00
835,1.09505903191454639e-06,9.48061714385505769e-07,3.42805950863780056e-05,5.71769118172045525e-09,0.00000000000000000e+00
836,1.09360727603761835e-06,9.46357566581058643e-07,3.42455922680143783e-05,5.71274786174408646e-09,0.00000000000000000e+00
837,1.09216821680002919e-06,9.44679509307686338e-07,3.42106486337751152e-05,5.70878247276118415e-09,0.00000000000000000e+00
838,1.09072805275062482e-06,9.42980129482174811e-07,3.41757627964178921e-05,5.70368772629324506e-09,0.00000000000000000e+00
839,1.08929911318467346e-06,9.41310738202973956e-07,3.41409357128010673e-05,5.69958357318370471e-09,0.00000000000000000e+00
840,1.08786702164610583e-06,9.39620774371202284e-07,3.41061660880296770e-05,5.69521668025868564e-09,0.00000000000000000e+00
841,1.08643618082977745e-06,9.37954209437153783e-07,3.40714547154066647e-05,5.68993194657957903e-09,0.00000000000000000e+00
842,1.08502357553826578e-06,9.36294077160689185e-07,3.40368010049533354e-05,5.68569149956553383e-09,0.00000000000000000e+00
843,1.08360490044743528e-06,9.34617398271110919e-07,3.40022041832066963e-05,5.68123150006694693e-09,0.00000000000000000e+00
844,1.08218577537680425e-06,9.32964690145837293e-07,3.39676650770801822e-05,5.67672430330794401e-09,0.00000000000000000e+00
845,1.08077457824943235e-06,9.31311952409772232e-07,3.39331829600814674e-05,5.67218324700420075e-09,0.00000000000000000e+00
846,1.07936940507801287e-06,9.29662968620593295e-07,3.38987576230753257e-05,5.66761390586565770e-09,0.00000000000000000e+00
847,1.07796829402417735e-06,9.28018401293893530e-07,3.38643889316705404e-05,5.66301726662094920e-09,0.00000000000000000e+00
848,1.07657062996700528e-06,9.26378360553634705e-07,3.38300767225983127e-05,5.65839228423809685e-09,0.00000000000000000e+00
849,1.07517642361543277e-06,9.24742858819286105e-07,3.37958208121075907e-05,5.65373757456074395e-09,0.00000000000000000e+00
850,1.07378578780655981e-06,9.23111889499514422e-07,3.37616210116068073e-05,5.64905130346582519e-09,0.00000000000000000e+00
851,1.07239878365800211e-06,9.21485440222074678e-07,3.37274771340577995e-05,5.64432988725571522e-09,0.00000000000000000e+00
852,1.07101541754253510e-06,9.19863495952550070e-07,3.36933889953348897e-05,5.63956711251543840e-09,0.00000000000000000e+00
853,1.06963566935006220e-06,9.18246040853186418e-07,3.36593564137344878e-05,5.63475473452302481e-09,0.00000000000000000e+00
854,1.06825951531870462e-06,9.16633059147743936e-07,3.36253792090928215e-05,5.62988434781711104e-09,0.00000000000000000e+00
855,1.06688693763911966e-06,9.15024535323180746e-07,3.35914572020919790e-05,5.62494950570515190e-09,0.00000000000000000e+00
856,1.06551792365118804e-06,9.13420453708177021e-07,3.35575902140257488e-05,5.61994710834727532e-09,0.00000000000000000e+00
857,1.06415246119797695e-06,9.11820798011248443e-07,3.35237780668781832e-05,5.61487765433447690e-09,0.00000000000000000e+00
858,1.06279053495254316e-06,9.10225550843138736e-07,3.34900205835440308e-05,5.60974454151428818e-09,0.00000000000000000e+00
859,1.06143212546440961e-06,9.08634693674200038e-07,3.34563175880226183e-05,5.60455290602164339e-09,0.00000000000000000e+00
860,1.06007721058516418e-06,9.07048206865818143e-07,3.34226689055363001e-05,5.59930848075590703e-09,0.00000000000000000e+00
861,1.05872576720426613e-06,9.05466069962593231e-07,3.33890743625512136e-05,5.59401676747297353e-09,0.00000000000000000e+00
862,1.05737777306305671e-06,9.03888261983058942e-07,3.33555337867666069e-05,5.58868259869510540e-09,0.00000000000000000e+00
863,1.05603320752495354e-06,9.02314761774269214e-07,3.33220470070488175e-05,5.58331000974528924e-09,0.00000000000000000e+00
864,1.05469205167653253e-06,9.00745548290181695e-07,3.32886138533859322e-05,5.57790227660908492e-09,0.00000000000000000e+00
865,1.05335428805238701e-06,8.99180600786311526e-07,3.32552341568294912e-05,5.57246198717941294e-09,0.00000000000000000e+00
866,1.05201989995016040e-06,8.97619899019618836e-07,3.32219077494316992e-05,5.56699106801705992e-09,0.00000000000000000e+00
867,1.05068887100112097e-06,8.96063423311307340e-07,3.31886344642482711e-05,5.56149075142654764e-09,0.00000000000000000e+00
868,1.04936118455095351e-06,8.94511154611162844e-07,3.31554141352869328e-05,5.55596151387530004e-09,0.00000000000000000e+00
869,1.04803682354251975e-06,8.92963074490632351e-07,3.31222465975061265e-05,5.55040303565190575e-09,0.00000000000000000e+00
870,1.04671577032655037e-06,8.91419165130927483e-07,3.30891316868158448e-05,5.54481422461223107e-09,0.00000000000000000e+00
871,1.04539800674226889e-06,8.89879409297263670e-07,3.30560692400478756e-05,5.53919332387531561e-09,0.00000000000000000e+00
872,1.04408351430390145e-06,8.88343790250326145e-07,3.30230590949776013e-05,5.53353809615398829e-09,0.00000000000000000e+00
873,1.04277227432997079e-06,8.86812291714103021e-07,3.29901010902734076e-05,5.52784605656638519e-09,0.00000000000000000e+00
874,1.04146426812504587e-06,8.85284897751480404e-07,3.29571950655483119e-05,5.52211471605571209e-09,0.00000000000000000e+00
875,1.04015947700235081e-06,8.83761592745786277e-07,3.29243408612805245e-05,5.51945687697662678e-09,0.00000000000000000e+00
876,1.03900425853622703e-06,8.82253093416123357e-07,3.28915309172205813e-05,5.51230389606077328e-09,0.00000000000000000e+00
877,1.03745538355874873e-06,8.80722078013895081e-07,3.28587904107352044e-05,5.50625338380253836e-09,0.00000000000000000e+00
878,1.03621513971660416e-06,8.79214631509287678e-07,3.28260895477913288e-05,5.50026705968973717e-09,0.00000000000000000e+00
879,1.03496831209190421e-06,8.77708435897135135e-07,3.27934394958094992e-05,5.49736269039308317e-09,0.00000000000000000e+00
880,1.03383567853601917e-06,8.76216113072027422e-07,3.27608341536953204e-05,5.49005009717415262e-09,0.00000000000000000e+00
881,1.03230054505188904e-06,8.74701328194639400e-07,3.27282979343352523e-05,5.48382680784816380e-09,0.00000000000000000e+00
882,1.03106922823053223e-06,8.73209693573621479e-07,3.26958009864213188e-05,5.47766064478986114e-09,0.00000000000000000e+00
883,1.02983266692030150e-06,8.71719319478454228e-07,3.26633542195683860e-05,5.47452959973077090e-09,0.00000000000000000e+00
884,1.02871051532394174e-06,8.70242650844572284e-07,3.26309515750944823e-05,5.46697008173088964e-09,0.00000000000000000e+00
885,1.02718904947285113e-06,8.68743867398766840e-07,3.25986172919735408e-05,5.46041995431233700e-09,0.00000000000000000e+00
886,1.02596937647952365e-06,8.67267930196984465e-07,3.25663217687386606e-05,5.45695959448626304e-09,0.00000000000000000e+00
887,1.02488782805410468e-06,8.65803650248794583e-07,3.25340685579162924e-05,5.44902893192997464e-09,0.00000000000000000e+00
888,1.02338826079959359e-06,8.64316943292820959e-07,3.25018837311712421e-05,5.44212601781615070e-09,0.00000000000000000e+00
889,1.02217858049581110e-06,8.62852758724367091e-07,3.24697376224765234e-05,5.43838160891251343e-09,0.00000000000000000e+00
890,1.02110381110035139e-06,8.61400023925607854e-07,3.24376335339804589e-05,5.43018491627076245e-09,0.00000000000000000e+00
891,1.01961398945267238e-06,8.59925116966308279e-07,3.24055972531881145e-05,5.42309578219549476e-09,0.00000000000000000e+00
892,1.01841244473506016e-06,8.58472495612605549e-07,3.23735993238521326e-05,5.41922294326112616e-09,0.00000000000000000e+00
893,1.01734475421849333e-06,8.57031161553500212e-07,3.23416430427493257e-05,5.41093318204634076e-09,0.00000000000000000e+00
894,1.01586552451100181e-06,8.55567917832190063e-07,3.23097539635710588e-05,5.40693877329614604e-09,0.00000000000000000e+00
895,1.01481453588716421e-06,8.54136805662808788e-07,3.22778956497980773e-05,5.39854830039320611e-09,0.00000000000000000e+00
896,1.01336945083945226e-06,8.52681746041171059e-07,3.22461032651344900e-05,5.39447200349961516e-09,0.00000000000000000e+00
897,1.01233560008157816e-06,8.51258296287804246e-07,3.22143417233364295e-05,5.38605469693477086e-09,0.00000000000000000e+00
898,1.01089917614220297e-06,8.49810818913161511e-07,3.21826460939853376e-05,5.38193128515916163e-09,0.00000000000000000e+00
899,1.00986884175878821e-06,8.48394675402961161e-07,3.21509812531510554e-05,5.37352904715202817e-09,0.00000000000000000e+00
900,1.00843810320039232e-06,8.46954662628882756e-07,3.21193819622254953e-05,5.36938698836355575e-09,0.00000000000000000e+00
901,1.00741195292088494e-06,8.45545751171970283e-07,3.20878132662825712e-05,5.36101600945128971e-09,0.00000000000000000e+00
902,1.00598755049613401e-06,8.44113155499797153e-07,3.20563097461753566e-05,5.35745998211525731e-09,0.00000000000000000e+00
903,1.00496421331492939e-06,8.42705725854897235e-07,3.20248361289291453e-05,5.34880838234025782e-09,0.00000000000000000e+00
904,1.00353492752652856e-06,8.41292164383850079e-07,3.19934287616749715e-05,5.34450150242195915e-09,0.00000000000000000e+00
905,1.00252788911207430e-06,8.39892757642184257e-07,3.19620504597272203e-05,5.33598089055549195e-09,0.00000000000000000e+00
906,1.00111948579729929e-06,8.38473932107162783e-07,3.19307367611959981e-05,5.33214758272234033e-09,0.00000000000000000e+00
907,1.00010608868658248e-06,8.37080713422164948e-07,3.18994526576082626e-05,5.32322740669546254e-09,0.00000000000000000e+00
908,9.98689027769189106e-07,8.35681522505051116e-07,3.18682341479922080e-05,5.31921284948862573e-09,0.00000000000000000e+00
909,9.97688867808520425e-07,8.34290781766255348e-07,3.18370438420320423e-05,5.31012044077611768e-09,0.00000000000000000e+00
910,9.96281906303056851e-07,8.32897941560671274e-07,3.18059188459434824e-05,5.30595046104183010e-09,0.00000000000000000e+00
911,9.95287066248615722e-07,8.31514161853262152e-07,3.17748219457011558e-05,5.29671269455101682e-09,0.00000000000000000e+00
912,9.93886232882739149e-07,8.30128386324943389e-07,3.17437900432307102e-05,5.29240635182364374e-09,0.00000000000000000e+00
913,9.92895320787696192e-07,8.28751646191881704e-07,3.17127860849376932e-05,5.28303544384347150e-09,0.00000000000000000e+00
914,9.91500509196534935e-07,8.27372920012898758e-07,3.16818467678792070e-05,5.27860790490815597e-09,0.00000000000000000e+00
915,9.90513754320323726e-07,8.26003170137146780e-07,3.16509352305915345e-05,5.27227780066419547e-09,0.00000000000000000e+00
916,9.89269974144258104e-07,8.24641015571955643e-07,3.16200805799757081e-05,5.26274747187507943e-09,0.00000000000000000e+00
917,9.87902827145558042e-07,8.23259985390781324e-07,3.15892789540273361e-05,5.25812037832545440e-09,0.00000000000000000e+00
918,9.86954231752990402e-07,8.21905334531873263e-07,3.15585039682512371e-05,5.25163450276715549e-09,0.00000000000000000e+00
919,9.85728849440697988e-07,8.20554294807059277e-07,3.15277860883328529e-05,5.24198888170765149e-09,0.00000000000000000e+00
920,9.84370633891876922e-07,8.19183896152992208e-07,3.14971211828600861e-05,5.23723402243020188e-09,0.00000000000000000e+00
921,9.83426197641193811e-07,8.17839428011554177e-07,3.14664827930611379e-05,5.23064676991509509e-09,0.00000000000000000e+00
922,9.82207649958698571e-07,8.16498460421176080e-07,3.14359010435040978e-05,5.22093249753606310e-09,0.00000000000000000e+00
923,9.80857769738594324e-07,8.15138362381658083e-07,3.14053718264921441e-05,5.21607041708236934e-09,0.00000000000000000e+00
924,9.79919323651560013e-07,8.13803938608413747e-07,3.13748688796577181e-05,5.20937546273399663e-09,0.00000000000000000e+00
925,9.78708508472038115e-07,8.12472952662999459e-07,3.13444221319165295e-05,5.20268847482307339e-09,0.00000000000000000e+00
926,9.77510344586631514e-07,8.11132346255853261e-07,3.13140201380258078e-05,5.19273402125854686e-09,0.00000000000000000e+00
927,9.76198711152173654e-07,8.09790122226464760e-07,3.12836693355494138e-05,5.18760731325535963e-09,0.00000000000000000e+00
928,9.75279481422527356e-07,8.08469878998009231e-07,3.12533448332932341e-05,5.18127358534507326e-09,0.00000000000000000e+00
929,9.74078083645514841e-07,8.07146756993347152e-07,3.12230758128358970e-05,5.17411178852261732e-09,0.00000000000000000e+00
930,9.72880825282227820e-07,8.05830981011372392e-07,3.11928524336544139e-05,5.16704596050467577e-09,0.00000000000000000e+00
931,9.71727618106830093e-07,8.04506341310801069e-07,3.11626715512534192e-05,5.15993209513080157e-09,0.00000000000000000e+00
932,9.70585798509473604e-07,8.03189875711808377e-07,3.11325342412715076e-05,5.15277779443386132e-09,0.00000000000000000e+00
933,9.69445088084453908e-07,8.01877550000589943e-07,3.11024408301777827e-05,5.14558324278081649e-09,0.00000000000000000e+00
934,9.68304728075869489e-07,8.00568600341195067e-07,3.10723912797446718e-05,5.13834625958949552e-09,0.00000000000000000e+00
935,9.67165712125902931e-07,7.99262883442481066e-07,3.10423854602518098e-05,5.13106518288273206e-09,0.00000000000000000e+00
936,9.66028707252546258e-07,7.97960374863343268e-07,3.10124232382810044e-05,5.12373763266234731e-09,0.00000000000000000e+00
937,9.64893975738092148e-07,7.96661067608975761e-07,3.09825044902936047e-05,5.11635739323164747e-09,0.00000000000000000e+00
938,9.63761570487596342e-07,7.95364953883764283e-07,3.09526291007328970e-05,5.10891319898089289e-09,0.00000000000000000e+00
939,9.62631466136523614e-07,7.94072024847724337e-07,3.09227969586707959e-05,5.10139119880050733e-09,0.00000000000000000e+00
940,9.61503631654077323e-07,7.92782272786117639e-07,3.08930079546688692e-05,5.09377982507492324e-09,0.00000000000000000e+00
941,9.60378060305369120e-07,7.91495691750005958e-07,3.08632619786012737e-05,5.08667431785344272e-09,0.00000000000000000e+00
942,9.59251796700308120e-07,7.90207090208663243e-07,3.08335584606834060e-05,5.07865652800260570e-09,0.00000000000000000e+00
943,9.58123818347248766e-07,7.88937899605344402e-07,3.08038989321920265e-05,5.07074266494373682e-09,0.00000000000000000e+00
944,9.57011060595855489e-07,7.87655998101864859e-07,3.07742813021743376e-05,5.06338495598051487e-09,0.00000000000000000e+00
945,9.55895593725407094e-07,7.86376047406698143e-07,3.07447057412396410e-05,5.05577089345856523e-09,0.00000000000000000e+00
946,9.54772586892513987e-07,7.85110828044657701e-07,3.07151734438275374e-05,5.04748671158892207e-09,0.00000000000000000e+00
947,9.53659752009591356e-07,7.83849337812277119e-07,3.06856839366945460e-05,5.03998831494351610e-09,0.00000000000000000e+00
948,9.52556577771334697e-07,7.82573930231379240e-07,3.06562353978894126e-05,5.03228472905836830e-09,0.00000000000000000e+00
949,9.51444117280959618e-07,7.81317089773425135e-07,3.06268297363692402e-05,5.02454685168721499e-09,0.00000000000000000e+00
950,9.50335780754125308e-07,7.80059448139389139e-07,3.05974661580301374e-05,5.01678319368532130e-09,0.00000000000000000e+00
951,9.49232260369846113e-07,7.78804122055270894e-07,3.05681444434875420e-05,5.00899672548945079e-09,0.00000000000000000e+00
952,9.48131946377339968e-07,7.77551664966796284e-07,3.05388645167175771e-05,5.00118686672671158e-09,0.00000000000000000e+00
953,9.47033921042479986e-07,7.76302170096226245e-07,3.05096263013997653e-05,4.99335093665750705e-09,0.00000000000000000e+00
954,9.45937941758910823e-07,7.75055648084035034e-07,3.04804297035756185e-05,4.98548519493915726e-09,0.00000000000000000e+00
955,9.44844017379831433e-07,7.73812095865855338e-07,3.04512746206387128e-05,4.97758536506254220e-09,0.00000000000000000e+00
956,9.43752195477589242e-07,7.72571508456307561e-07,3.04221609479257509e-05,4.96964660965888942e-09,0.00000000000000000e+00
957,9.42662505481679612e-07,7.71333880340114015e-07,3.03930885811013996e-05,4.96166328617350920e-09,0.00000000000000000e+00
958,9.41574955876347495e-07,7.70099205669119628e-07,3.03640574167263274e-05,4.95362896807911927e-09,0.00000000000000000e+00
959,9.40489542176120178e-07,7.68867478384751943e-07,3.03350673522186307e-05,4.94553699852568098e-09,0.00000000000000000e+00
960,9.39406255444820292e-07,7.67638692258901897e-07,3.03061182856056256e-05,4.93738145875327302e-09,0.00000000000000000e+00
961,9.38325087276285873e-07,7.66412840845627690e-07,3.02772101152653982e-05,4.92915817693879493e-09,0.00000000000000000e+00
962,9.37246031241789268e-07,7.65189917156908885e-07,3.02483427398118996e-05,4.92086540316105910e-09,0.00000000000000000e+00
963,9.36169081669119076e-07,7.63969913411985953e-07,3.02195160581022806e-05,4.91250396439678797e-09,0.00000000000000000e+00
964,9.35094232134242642e-07,7.62752820841684870e-07,3.01907299693651502e-05,4.90407693842284151e-09,0.00000000000000000e+00
965,9.34021474475695657e-07,7.61538629600264488e-07,3.01619843733076502e-05,4.89558903126107290e-09,0.00000000000000000e+00
966,9.32950799064243359e-07,7.60327328819740462e-07,3.01332791701924878e-05,4.88704587475841562e-09,0.00000000000000000e+00
967,9.31882195556819791e-07,7.59118906776047708e-07,3.01046142608959578e-05,4.87845340851183129e-09,0.00000000000000000e+00
968,9.30815653734046455e-07,7.57913351056061320e-07,3.00759895468992683e-05,4.86981742523055514e-09,0.00000000000000000e+00
969,9.29751164294874150e-07,7.56710648766765854e-07,3.00474049302623104e-05,4.86114328300012965e-09,0.00000000000000000e+00
970,9.28688718940082635e-07,7.55510786767163841e-07,3.00188603135862732e-05,4.85243574256588313e-09,0.00000000000000000e+00
971,9.27628310501200631e-07,7.54313751822882910e-07,2.99903556000221718e-05,4.84369887451103843e-09,0.00000000000000000e+00
972,9.26569932528781953e-07,7.53119530797527523e-07,2.99618906931905522e-05,4.83493599146492237e-09,0.00000000000000000e+00
973,9.25513579069671841e-07,7.51928110752919391e-07,2.99334654971894562e-05,4.82614958184530234e-09,0.00000000000000000e+00
974,9.24459244386103523e-07,7.50739479095430782e-07,2.99050799165704002e-05,4.81734124372109016e-09,0.00000000000000000e+00
975,9.23406922571831135e-07,7.49553623672532194e-07,2.98767338563261811e-05,4.80851163290025197e-09,0.00000000000000000e+00
976,9.22356607490454505e-07,7.48370532797043228e-07,2.98484272218839610e-05,4.79966044532121343e-09,0.00000000000000000e+00
977,9.21308292650696514e-07,7.47190195350898991e-07,2.98201599190802728e-05,4.79078645088991674e-09,0.00000000000000000e+00
978,9.20261971156540595e-07,7.46012600780182780e-07,2.97919318541757660e-05,4.78188758674226014e-09,0.00000000000000000e+00
979,9.19217635820252987e-07,7.44837739069574911e-07,2.97637429338332508e-05,4.77296110663226215e-09,0.00000000000000000e+00
980,9.18175279191309545e-07,7.43665600783373672e-07,2.97355930651217137e-05,4.76400377316515919e-09,0.00000000000000000e+00
981,9.17134895490185407e-07,7.42496176952453275e-07,2.97074821555183735e-05,4.75501207343861919e-09,0.00000000000000000e+00
982,9.16100370629672087e-07,7.41329514240359382e-07,2.96794101570868406e-05,4.74598237626776318e-09,0.00000000000000000e+00
983,9.15064624866437024e-07,7.40165520160551275e-07,2.96513769429870924e-05,4.73691134125832421e-09,0.00000000000000000e+00
984,9.14030221623330375e-07,7.39004208972637721e-07,2.96233824150850932e-05,4.72779589670735762e-09,0.00000000000000000e+00
985,9.12997643113107495e-07,7.37845574529205425e-07,2.95954264806092919e-05,4.71863340232897139e-09,0.00000000000000000e+00
986,9.11966976064114963e-07,7.36689609780344745e-07,2.95675090482941483e-05,4.70942175171067051e-09,0.00000000000000000e+00
987,9.10938230486526316e-07,7.35536307776035047e-07,2.95396300276446105e-05,4.70015942593711690e-09,0.00000000000000000e+00
988,9.09911401544584401e-07,7.34385661123868282e-07,2.95117893287350835e-05,4.69084551439537292e-09,0.00000000000000000e+00
989,9.08886481775637997e-07,7.33237661983344959e-07,2.94839868621103431e-05,4.68147970887591325e-09,0.00000000000000000e+00
990,9.07863463749012223e-07,7.32092302103052224e-07,2.94562225387236452e-05,4.67206227048478830e-09,0.00000000000000000e+00
991,9.06842340275993937e-07,7.30949572981926438e-07,2.94284962699209233e-05,4.66259397194833318e-09,0.00000000000000000e+00
992,9.05823104363301038e-07,7.29809465902144736e-07,2.94008079674106378e-05,4.65307602263625881e-09,0.00000000000000000e+00
993,9.04805748961805695e-07,7.28671971945026588e-07,2.93731575432934487e-05,4.64350998377021369e-09,0.00000000000000000e+00
994,9.03790266848110672e-07,7.27537081971884083e-07,2.93455449100322924e-05,4.63389767833914075e-09,0.00000000000000000e+00
995,9.02776650941264687e-07,7.26404786666847695e-07,2.93179699804893151e-05,4.62424109857640943e-09,0.00000000000000000e+00
996,9.01764894180383939e-07,7.25275076500390086e-07,2.92904326679222139e-05,4.61454231421195221e-09,0.00000000000000000e+00
997,9.00754989716440803e-07,7.24147941835164353e-07,2.92629328859603909e-05,4.60480338569290784e-09,0.00000000000000000e+00
998,8.99746930970857651e-07,7.23023372946884766e-07,2.92354705486198614e-05,4.59812911593937237e-09,0.00000000000000000e+00
999,8.98927534901658226e-07,7.21909445460273557e-07,2.92080371551373471e-05,4.58682554226529693e-09,0.00000000000000000e+00
1000,8.97625070609962701e-07,7.20775060988737006e-07,2.91806609420827568e-05,4.57675794002777770e-09,0.00000000000000000e+00
1001,8.96670841693662837e-07,7.19663689393648254e-07,2.91533096886948038e-05,4.56678107885519245e-09,0.00000000000000000e+00
1002,8.95721837390602967e-07,7.18550179309305198e-07,2.91259946459202397e-05,4.55987606999206469e-09,0.00000000000000000e+00
1003,8.94924439882430591e-07,7.17446337037120010e-07,2.90987092161178216e-05,4.54846280136946936e-09,0.00000000000000000e+00
1004,8.93633385745852730e-07,7.16322313358318519e-07,2.90714809816651375e-05,4.53827026751680840e-09,0.00000000000000000e+00
1005,8.92683241540993512e-07,7.15220780595912605e-07,2.90442776875310828e-05,4.52817060068467298e-09,0.00000000000000000e+00
1006,8.91739040486236962e-07,7.14117168214546023e-07,2.90171102858010368e-05,4.52109413042085062e-09,0.00000000000000000e+00
1007,8.90946498917848101e-07,7.13023010098569040e-07,2.89899721969513982e-05,4.50954131666431250e-09,0.00000000000000000e+00
1008,8.89664170724444065e-07,7.11909176793283150e-07,2.89628908053757308e-05,4.49914246616165767e-09,0.00000000000000000e+00
1009,8.88720797057548913e-07,7.10817465298465477e-07,2.89358341036397239e-05,4.49180008932796283e-09,0.00000000000000000e+00
1010,8.87965724373657338e-07,7.09731236015394692e-07,2.89088047180501863e-05,4.47996411054284494e-09,0.00000000000000000e+00
1011,8.86705147522320275e-07,7.08625168943988158e-07,2.88818320982970955e-05,4.46925232509989443e-09,0.00000000000000000e+00
1012,8.85769575003770372e-07,7.07540851390600202e-07,2.88548843553648702e-05,4.46162093695029571e-09,0.00000000000000000e+00
1013,8.85017926271702243e-07,7.06461814372767769e-07,2.88279638674186328e-05,4.44949128858033335e-09,0.00000000000000000e+00
1014,8.83763296418638900e-07,7.05363321882113969e-07,2.88010998031786618e-05,4.43853449560537362e-09,0.00000000000000000e+00
1015,8.82832389979041241e-07,7.04286315099400152e-07,2.87742604303994808e-05,4.43071537694885650e-09,0.00000000000000000e+00
1016,8.82084281315346064e-07,7.03214422968107316e-07,2.87474481317428424e-05,4.41841901485491127e-09,0.00000000000000000e+00
1017,8.80836646972307480e-07,7.02123470949446990e-07,2.87206918593242691e-05,4.41044511995058214e-09,0.00000000000000000e+00
1018,8.80092537898546188e-07,7.01060626482372399e-07,2.86939518622420262e-05,4.39799557147538315e-09,0.00000000000000000e+00
1019,8.78877748258796017e-07,6.99975351832576129e-07,2.86672663774264763e-05,4.38990157045267673e-09,0.00000000000000000e+00
1020,8.78151107697843979e-07,6.98917429036844562e-07,2.86405972490792064e-05,4.37738116229644511e-09,0.00000000000000000e+00
1021,8.76944829710598608e-07,6.97837082343146027e-07,2.86139827338980683e-05,4.36919984716759640e-09,0.00000000000000000e+00
1022,8.76219726253000330e-07,6.96783735401910164e-07,2.85873846897922680e-05,4.35663832517585844e-09,0.00000000000000000e+00
1023,8.75016913767624278e-07,6.95708215859264643e-07,2.85608410391901120e-05,4.34840203260418599e-09,0.00000000000000000e+00
1024,8.74293583476916239e-07,6.94659400242794366e-07,2.85343137925739984e-05,4.33583570369589888e-09,0.00000000000000000e+00
1025,8.73094901593372608e-07,6.93588678441883775e-07,2.85078406868575578e-05,4.32756326919353797e-09,0.00000000000000000e+00
1026,8.72373843789459999e-07,6.92544372037887741e-07,2.84813839162388475e-05,4.31499887497657936e-09,0.00000000000000000e+00
1027,8.71179433600763469e-07,6.91478415504712433e-07,2.84549810455612475e-05,4.30667103790109833e-09,0.00000000000000000e+00
1028,8.70460726911353149e-07,6.90438588808743875e-07,2.84285944457447369e-05,4.29406723259709949e-09,0.00000000000000000e+00
1029,8.69270455119087178e-07,6.89377369233139342e-07,2.84022615158746363e-05,4.28564249483413100e-09,0.00000000000000000e+00
1030,8.68554147364739309e-07,6.88342003100947211e-07,2.83759447871612272e-05,4.27294864096774006e-09,0.00000000000000000e+00
1031,8.67367994906517841e-07,6.87285504605581975e-07,2.83496815009703169e-05,4.26440213230661925e-09,0.00000000000000000e+00
1032,8.66654103511954604e-07,6.86254587421862546e-07,2.83234343437477017e-05,4.25159839072534242e-09,0.00000000000000000e+00
1033,8.65472169249959701e-07,6.85202797139065449e-07,2.82972403970045797e-05,4.24293389465456858e-09,0.00000000000000000e+00
1034,8.64760625913318212e-07,6.84176312507557169e-07,2.82710625130208634e-05,4.23002999783464808e-09,0.00000000000000000e+00
1035,8.63582987681697400e-07,6.83129209858825809e-07,2.82449376014896993e-05,4.22245118084223770e-09,0.00000000000000000e+00
1036,8.62913162446526254e-07,6.82116585483145286e-07,2.82188258352033257e-05,4.20897986852619712e-09,0.00000000000000000e+00
1037,8.61660360822187919e-07,6.81066496585516016e-07,2.81927734490677527e-05,4.20004696544134244e-09,0.00000000000000000e+00
1038,8.60974373478338663e-07,6.80046650420466072e-07,2.81667328184987994e-05,4.18693753894314671e-09,0.00000000000000000e+00
1039,8.59820865284316767e-07,6.79008779693062641e-07,2.81407446329975913e-05,4.17913131178129216e-09,0.00000000000000000e+00
1040,8.59160253658840110e-07,6.78005115433645011e-07,2.81147697378522494e-05,4.16551645873628583e-09,0.00000000000000000e+00
1041,8.57916991935227486e-07,6.76964078572884240e-07,2.80888538833161282e-05,4.15757849591949774e-09,0.00000000000000000e+00
1042,8.57273447545496798e-07,6.75962639949777160e-07,2.80629469047615980e-05,4.14385843181433013e-09,0.00000000000000000e+00
1043,8.56048552587879280e-07,6.74925831272558567e-07,2.80370985535410666e-05,4.13579782577088048e-09,0.00000000000000000e+00
1044,8.55412788827423721e-07,6.73928858672796139e-07,2.80112591768938848e-05,4.12200532827766769e-09,0.00000000000000000e+00
1045,8.54193387057429210e-07,6.72896517486097400e-07,2.79854783442823840e-05,4.11383122870695370e-09,0.00000000000000000e+00
1046,8.53559098004723517e-07,6.71903861783516174e-07,2.79597065133912661e-05,4.09994652542707854e-09,0.00000000000000000e+00
1047,8.52343189196107340e-07,6.70875858023301128e-07,2.79339930093651399e-05,4.09165280159986046e-09,0.00000000000000000e+00
1048,8.51710860135703722e-07,6.69887496102585319e-07,2.79082884423444259e-05,4.07765538815505191e-09,0.00000000000000000e+00
1049,8.50498778843103310e-07,6.68863817769361612e-07,2.78826419816110413e-05,4.06923783495853744e-09,0.00000000000000000e+00
1050,8.49868677593245350e-07,6.67879740903501225e-07,2.78570043907011420e-05,4.05511276065581522e-09,0.00000000000000000e+00
1051,8.48660542658008795e-07,6.66860384097637482e-07,2.78314246893971493e-05,4.04656631018349794e-09,0.00000000000000000e+00
1052,8.48032652794016138e-07,6.65880577004045859e-07,2.78058537971907968e-05,4.03229684660299303e-09,0.00000000000000000e+00
1053,8.46828444637478624e-07,6.64865532580331378e-07,2.77803405789794355e-05,4.02361749067461955e-09,0.00000000000000000e+00
1054,8.46202716639222254e-07,6.63889978312745181e-07,2.77548361118129492e-05,4.00919712471089054e-09,0.00000000000000000e+00
1055,8.45002465004941277e-07,6.62879235861021162e-07,2.77293890999161919e-05,4.00039364790658868e-09,0.00000000000000000e+00
1056,8.44378843171932263e-07,6.61907913436509194e-07,2.77039507848645754e-05,3.98584053077602119e-09,0.00000000000000000e+00
1057,8.43182630228719246e-07,6.60901458350231703e-07,2.76785697002259166e-05,3.97693614071115808e-09,0.00000000000000000e+00
1058,8.42561031887267413e-07,6.59934339309920856e-07,2.76531972657034578e-05,3.96549459323378743e-09,0.00000000000000000e+00
1059,8.41552478152073652e-07,6.58935550512821858e-07,2.76278735874090816e-05,3.95086066576661787e-09,0.00000000000000000e+00
1060,8.40429856257803394e-07,6.57947756623922561e-07,2.76025886697508482e-05,3.94178450433993853e-09,0.00000000000000000e+00
1061,8.39843006364906380e-07,6.56989633659745176e-07,2.75773134003186027e-05,3.93025276009056681e-09,0.00000000000000000e+00
1062,8.38847629175559118e-07,6.55997498826364259e-07,2.75520873435750366e-05,3.91877966513829472e-09,0.00000000000000000e+00
1063,8.37911125405221907e-07,6.55019188064163081e-07,2.75268919435635979e-05,3.90724703937727380e-09,0.00000000000000000e+00
1064,8.37008165490125731e-07,6.54045968423858353e-07,2.75017279524044610e-05,3.89568462192017141e-09,0.00000000000000000e+00
1065,8.36114420907191060e-07,6.53074989627755337e-07,2.74765960268638663e-05,3.88410602876863540e-09,0.00000000000000000e+00
1066,8.35221683300379854e-07,6.52105941304365011e-07,2.74514964014757670e-05,3.87251486307338051e-09,0.00000000000000000e+00
1067,8.34328874760772196e-07,6.51138828787586828e-07,2.74264290801988157e-05,3.86090831130865368e-09,0.00000000000000000e+00
1068,8.33436591338178221e-07,6.50173677701807404e-07,2.74013939956925107e-05,3.84927970280570159e-09,0.00000000000000000e+00
1069,8.32545362714545438e-07,6.49210505076281729e-07,2.73763910720349612e-05,3.83761986102791545e-09,0.00000000000000000e+00
1070,8.31655446497651412e-07,6.48249319944907144e-07,2.73514202379238792e-05,3.82591735149154720e-09,0.00000000000000000e+00
1071,8.30766940343934219e-07,6.47290125811499066e-07,2.73264814264539582e-05,3.81415851511000684e-09,0.00000000000000000e+00
1072,8.29879867868168230e-07,6.46332923258932843e-07,2.73015745735530850e-05,3.80232833287683971e-09,0.00000000000000000e+00
1073,8.28994221693956755e-07,6.45377712398340998e-07,2.72766996168498023e-05,3.79041248655436724e-09,0.00000000000000000e+00
1074,8.28109989396160573e-07,6.44424494314515131e-07,2.72518564944286036e-05,3.77840004090831077e-09,0.00000000000000000e+00
1075,8.27227168363553821e-07,6.43473271262794604e-07,2.72270451438500081e-05,3.76628568241049945e-09,0.00000000000000000e+00
1076,8.26345768194339678e-07,6.42524045717371971e-07,2.72022655016776887e-05,3.75407064456370723e-09,0.00000000000000000e+00
1077,8.25465804194252519e-07,6.41576819044559446e-07,2.71775175036002761e-05,3.74176207538614151e-09,0.00000000000000000e+00
1078,8.24587288548104813e-07,6.40631590436710266e-07,2.71528010849310328e-05,3.72937123201831844e-09,0.00000000000000000e+00
1079,8.23710224770714724e-07,6.39688356394918522e-07,2.71281161811348337e-05,3.71691122339546453e-09,0.00000000000000000e+00
1080,8.22834607004349567e-07,6.38747110685605114e-07,2.71034627282053971e-05,3.70439500213131378e-09,0.00000000000000000e+00
1081,8.21960422887429780e-07,6.37807844790003522e-07,2.70788406628362123e-05,3.69183404622223896e-09,0.00000000000000000e+00
1082,8.21087657615809443e-07,6.36870548522466426e-07,2.70542499224325168e-05,3.68048445801417976e-09,0.00000000000000000e+00
1083,8.20256149560031047e-07,6.35949459454838346e-07,2.70296873864243630e-05,3.66749544949047887e-09,0.00000000000000000e+00
1084,8.19312572067020855e-07,6.35001755291997743e-07,2.70051627460958557e-05,3.65469571283493937e-09,0.00000000000000000e+00
1085,8.18454996080074886e-07,6.34069290930479435e-07,2.69806656109180730e-05,3.64318351491321828e-09,0.00000000000000000e+00
1086,8.17644215940336801e-07,6.33154577224632511e-07,2.69561960112354993e-05,3.63010735208085304e-09,0.00000000000000000e+00
1087,8.16712589906456736e-07,6.32212859387183223e-07,2.69317643190784938e-05,3.61725134293574161e-09,0.00000000000000000e+00
1088,8.15860134072933889e-07,6.31286186804316724e-07,2.69073601753127162e-05,3.60568943924331645e-09,0.00000000000000000e+00
1089,8.15052556678822994e-07,6.30377210924032638e-07,2.68829834761669304e-05,3.59261036703935583e-09,0.00000000000000000e+00
1090,8.14124661993773101e-07,6.29441014910029199e-07,2.68586444889460598e-05,3.58097260256040471e-09,0.00000000000000000e+00
1091,8.13315303638971203e-07,6.28534752443682379e-07,2.68343298122857898e-05,3.56785305193130086e-09,0.00000000000000000e+00
1092,8.12399529649107004e-07,6.27602040179732156e-07,2.68100521239560463e-05,3.55495912340124064e-09,0.00000000000000000e+00
1093,8.11559011612784353e-07,6.26684966043911629e-07,2.67858017175783605e-05,3.54331374139009641e-09,0.00000000000000000e+00
1094,8.10759415034725476e-07,6.25785502026425029e-07,2.67615785839622418e-05,3.53018071612828788e-09,0.00000000000000000e+00
1095,8.09838815472273854e-07,6.24858389410878296e-07,2.67373928811093951e-05,3.51839269458420195e-09,0.00000000000000000e+00
1096,8.09035536482944679e-07,6.23961590287762166e-07,2.67132312553140755e-05,3.50511229026810555e-09,0.00000000000000000e+00
1097,8.08126584618761082e-07,6.23037869328497216e-07,2.66891062955958687e-05,3.49316599258889703e-09,0.00000000000000000e+00
1098,8.07331521234093624e-07,6.22145081218460272e-07,2.66650052963189454e-05,3.47973694255754013e-09,0.00000000000000000e+00
1099,8.06427474580602914e-07,6.21225093001917099e-07,2.66409409308601359e-05,3.46763809744724209e-09,0.00000000000000000e+00
1100,8.05635052994209637e-07,6.20336083242434528e-07,2.66169004903012599e-05,3.45405917637527184e-09,0.00000000000000000e+00
1101,8.04733615837867274e-07,6.19419711666414799e-07,2.65928965692990904e-05,3.44181561483230197e-09,0.00000000000000000e+00
1102,8.03943534052934364e-07,6.18534453788539632e-07,2.65689164731532983e-05,3.42809325691050682e-09,0.00000000000000000e+00
1103,8.03044756058507229e-07,6.17621682900240600e-07,2.65449727665193155e-05,3.41571865304999468e-09,0.00000000000000000e+00
1104,8.02257214734801761e-07,6.16740162778524348e-07,2.65210527753378573e-05,3.40186675130181081e-09,0.00000000000000000e+00
1105,8.01361156387926249e-07,6.15830986976891310e-07,2.64971690473445368e-05,3.38937509855324562e-09,0.00000000000000000e+00
1106,8.00576197586956836e-07,6.14953178462294090e-07,2.64733089270584802e-05,3.37663332975260672e-09,0.00000000000000000e+00
1107,7.99722381087650571e-07,6.14064090315876633e-07,2.64494818241756949e-05,3.36249919086380179e-09,0.00000000000000000e+00
1108,7.98828532929266753e-07,6.13157493621694632e-07,2.64256880203879820e-05,3.34977787496160737e-09,0.00000000000000000e+00
1109,7.98058104180644697e-07,6.12285790983999829e-07,2.64019169961821873e-05,3.33684400332391472e-09,0.00000000000000000e+00
1110,7.97214328160190189e-07,6.11402300845729642e-07,2.63781788915143208e-05,3.32254521594355764e-09,0.00000000000000000e+00
1111,7.96326199369713113e-07,6.10501150723686696e-07,2.63544740380267399e-05,3.30968331032504491e-09,0.00000000000000000e+00
1112,7.95559170005027741e-07,6.09634880718288658e-07,2.63307918918792938e-05,3.29663303709633085e-09,0.00000000000000000e+00
1113,7.94718925174094205e-07,6.08756684890631528e-07,2.63071424985888809e-05,3.28348522855950079e-09,0.00000000000000000e+00
1114,7.93873900705842203e-07,6.07877835051996066e-07,2.62835230391687241e-05,3.27026114070979784e-09,0.00000000000000000e+00
1115,7.93039095446369329e-07,6.07000748969318388e-07,2.62599327849120455e-05,3.25575093904769064e-09,0.00000000000000000e+00
1116,7.92172351618647649e-07,6.06108449473132545e-07,2.62363748294938771e-05,3.24271338903939502e-09,0.00000000000000000e+00
1117,7.91418594032402885e-07,6.05251489047339240e-07,2.62128394499729557e-05,3.22953445387663848e-09,0.00000000000000000e+00
1118,7.90586902889269000e-07,6.04382140720954949e-07,2.61893366870959374e-05,3.21627212021921530e-09,0.00000000000000000e+00
1119,7.89748214964809935e-07,6.03512013642248947e-07,2.61658636665142936e-05,3.20293001425354186e-09,0.00000000000000000e+00
1120,7.88919235844320725e-07,6.02643578175463680e-07,2.61424196071771445e-05,3.18952035887607694e-09,0.00000000000000000e+00
1121,7.88097420747616460e-07,6.01777072375699504e-07,2.61190044394229861e-05,3.17605312311476871e-09,0.00000000000000000e+00
1122,7.87278930797418710e-07,6.00912410111025008e-07,2.60956182091557016e-05,3.16253332422656303e-09,0.00000000000000000e+00
1123,7.86461944115672117e-07,6.00049505221603176e-07,2.60722609248694729e-05,3.14896174777262304e-09,0.00000000000000000e+00
1124,7.85645979581150757e-07,5.99188313335294474e-07,2.60489325557382030e-05,3.13533735739045556e-09,0.00000000000000000e+00
1125,7.84831039087649941e-07,5.98328818903342836e-07,2.60256330527287435e-05,3.12165963773230234e-09,0.00000000000000000e+00
1126,7.84017215940226805e-07,5.97471019070408350e-07,2.60023623609851469e-05,3.10792951402123280e-09,0.00000000000000000e+00
1127,7.83204586884246689e-07,5.96614914230978293e-07,2.59791204244458735e-05,3.09414864651885723e-09,0.00000000000000000e+00
1128,7.82393196033159758e-07,5.95760504153429283e-07,2.59559071874385410e-05,3.08031791405160670e-09,0.00000000000000000e+00
1129,7.81583057287325130e-07,5.94907787022086904e-07,2.59327225954743433e-05,3.06643622633635955e-09,0.00000000000000000e+00
1130,7.80774163103612971e-07,5.94056759608524996e-07,2.59095665953831216e-05,3.05250042498976332e-09,0.00000000000000000e+00
1131,7.79966497214611428e-07,5.93207417898092626e-07,2.58864391349688895e-05,3.03850632401337221e-09,0.00000000000000000e+00
1132,7.79160046532403411e-07,5.92359757676562336e-07,2.58633401623961480e-05,3.02445036122402649e-09,0.00000000000000000e+00
1133,7.78354806842120257e-07,5.91513774844820351e-07,2.58402696256906368e-05,3.01033113756526583e-09,0.00000000000000000e+00
1134,7.77550782235036663e-07,5.90669465455699490e-07,2.58172274725408988e-05,2.99615029228173149e-09,0.00000000000000000e+00
1135,7.76747980817531102e-07,5.89826825483859265e-07,2.57942136503292236e-05,2.98191251351306120e-09,0.00000000000000000e+00
1136,7.75946409865272803e-07,5.88985850521171659e-07,2.57712281063329601e-05,2.96762481606970147e-09,0.00000000000000000e+00
1137,7.75146072928630114e-07,5.88146535489845572e-07,2.57482707879403578e-05,2.95329541114790144e-09,0.00000000000000000e+00
1138,7.74346969094674102e-07,5.87308874532194164e-07,2.57253416571085039e-05,2.93894366470570886e-09,0.00000000000000000e+00
1139,7.73549016813511320e-07,5.86473575398336071e-07,2.57024406437040257e-05,2.92455126353535301e-09,0.00000000000000000e+00
1140,7.72752318753399780e-07,5.85639395268385272e-07,2.56795676791791728e-05,2.91011322467211035e-09,0.00000000000000000e+00
1141,7.71956944223034751e-07,5.84806045484355257e-07,2.56567227330275283e-05,2.89566314165267030e-09,0.00000000000000000e+00
1142,7.71162752790859954e-07,5.83974817176434274e-07,2.56339057732953502e-05,2.88121756599180353e-09,0.00000000000000000e+00
1143,7.70369657163321725e-07,5.83145992351923075e-07,2.56111167149895638e-05,2.86674050085433873e-09,0.00000000000000000e+00
1144,7.69577867784111189e-07,5.82317558431945482e-07,2.55883555355641001e-05,2.85226951636661789e-09,0.00000000000000000e+00
1145,7.68787204312919818e-07,5.81491870683967572e-07,2.55656221565572096e-05,2.83776871804871599e-09,0.00000000000000000e+00
1146,7.67997826931879440e-07,5.80666622844747493e-07,2.55429165568080950e-05,2.82327444051923310e-09,0.00000000000000000e+00
1147,7.67209562054236259e-07,5.79844113644878873e-07,2.55202386722603268e-05,2.80876068689202115e-09,0.00000000000000000e+00
1148,7.66422501364003697e-07,5.79022742796924278e-07,2.54975884492148859e-05,2.79422551368952893e-09,0.00000000000000000e+00
1149,7.65636661150078174e-07,5.78202874964688231e-07,2.54749658391427338e-05,2.77966841709777827e-09,0.00000000000000000e+00
1150,7.64852022443131956e-07,5.77384564205478214e-07,2.54523707938466796e-05,2.76508864020341462e-09,0.00000000000000000e+00
1151,7.64068576186411472e-07,5.76567813317817920e-07,2.54298032645459432e-05,2.75048479334995765e-09,0.00000000000000000e+00
1152,7.63286320172409526e-07,5.75752619493636854e-07,2.54072632021168727e-05,2.73585484983700252e-09,0.00000000000000000e+00
1153,7.62505253261817674e-07,5.74938980335949828e-07,2.53847505573850618e-05,2.72119625070897786e-09,0.00000000000000000e+00
1154,7.61725373077987782e-07,5.74126893873800114e-07,2.53622652812572024e-05,2.70650604230439173e-09,0.00000000000000000e+00
1155,7.60946676022453368e-07,5.73316358179963821e-07,2.53398073247872756e-05,2.69178101847494942e-09,0.00000000000000000e+00
1156,7.60169157992182177e-07,5.72507371196274026e-07,2.53173766391625343e-05,2.67701785828822738e-09,0.00000000000000000e+00
1157,7.59392814772723663e-07,5.71699930631213004e-07,2.52949731757127874e-05,2.66221326095499459e-09,0.00000000000000000e+00
1158,7.58617642430986850e-07,5.70894033999026092e-07,2.52725968858798382e-05,2.64736408291475724e-09,0.00000000000000000e+00
1159,7.57843637367381350e-07,5.70089678580961040e-07,2.52502477212607141e-05,2.63246747809044120e-09,0.00000000000000000e+00
1160,7.57070796250547228e-07,5.69286861490052903e-07,2.52279256335517823e-05,2.61752103611764305e-09,0.00000000000000000e+00
1161,7.56299115983895083e-07,5.68485579635822457e-07,2.52056305746001413e-05,2.60252290786671295e-09,0.00000000000000000e+00
1162,7.55528593570076647e-07,5.67685829807220738e-07,2.51833624963671952e-05,2.58747190523902756e-09,0.00000000000000000e+00
1163,7.54759226046512553e-07,5.66887608606862123e-07,2.51611213509567001e-05,2.57236756307396504e-09,0.00000000000000000e+00
1164,7.53991010490570568e-07,5.66090912491494290e-07,2.51389070905959301e-05,2.55721015489595399e-09,0.00000000000000000e+00
1165,7.53223943899236303e-07,5.65295737720958665e-07,2.51167196676649368e-05,2.54200066005017528e-09,0.00000000000000000e+00
1166,7.52458023234784805e-07,5.64502080370924602e-07,2.50945590346751061e-05,2.52674068618765016e-09,0.00000000000000000e+00
1167,7.51693245561059691e-07,5.63709936314348051e-07,2.50724251442868304e-05,2.51143235672195814e-09,0.00000000000000000e+00
1168,7.50929607937143189e-07,5.62919301218740508e-07,2.50503179493065542e-05,2.49607817652302249e-09,0.00000000000000000e+00
1169,7.50167107590412816e-07,5.62130170560697959e-07,2.50282374026842538e-05,2.48068089018293491e-09,0.00000000000000000e+00
1170,7.49405741907475360e-07,5.61342539656888418e-07,2.50061834575207618e-05,2.46524334581544247e-09,0.00000000000000000e+00
1171,7.48645508363832766e-07,5.60556403679332507e-07,2.49841560670629189e-05,2.44976837411772855e-09,0.00000000000000000e+00
1172,7.47886404630274768e-07,5.59771757716327568e-07,2.49621551846975195e-05,2.43425868824528479e-09,0.00000000000000000e+00
1173,7.47128428465405756e-07,5.58988596777655013e-07,2.49401807639654705e-05,2.41871680617385680e-09,0.00000000000000000e+00
1174,7.46371577689328100e-07,5.58206915863995946e-07,2.49182327585507325e-05,2.40314499401952054e-09,0.00000000000000000e+00
1175,7.45615850232118907e-07,5.57426710010231377e-07,2.48963111222639654e-05,2.38754522700656214e-09,0.00000000000000000e+00
1176,7.44861243921477373e-07,5.56647974295935585e-07,2.48744158090724860e-05,2.37191916412027865e-09,0.00000000000000000e+00
1177,7.44107756678092514e-07,5.55870703905842626e-07,2.48525467730647910e-05,2.35626813299922860e-09,0.00000000000000000e+00
1178,7.43355386295489984e-07,5.55094894129653104e-07,2.48307039684700255e-05,2.34059312252770340e-09,0.00000000000000000e+00
1179,7.42604130548637473e-07,5.54320540387680736e-07,2.48088873496449516e-05,2.32489478192190082e-09,0.00000000000000000e+00
1180,7.41853987221743272e-07,5.53547638255715209e-07,2.47870968710811148e-05,2.30917342596950702e-09,0.00000000000000000e+00
1181,7.41104953904993883e-07,5.52776183457116181e-07,2.47653324873890690e-05,2.29342904685948774e-09,0.00000000000000000e+00
1182,7.40357028297214556e-07,5.52006171852310609e-07,2.47435941533072290e-05,2.27766133310718413e-09,0.00000000000000000e+00
1183,7.39610207927174069e-07,5.51237599454983143e-07,2.47218818237013494e-05,2.26186969598839786e-09,0.00000000000000000e+00
1184,7.38864490360655798e-07,5.50470462410507279e-07,2.47001954535433790e-05,2.24605330331314573e-09,0.00000000000000000e+00
1185,7.38119873100106335e-07,5.49704756977393011e-07,2.46785349979384980e-05,2.23021111987350374e-09,0.00000000000000000e+00
1186,7.37376353615030843e-07,5.48940479512120178e-07,2.46569004121051621e-05,2.21434195321103224e-09,0.00000000000000000e+00
1187,7.36633929341363500e-07,5.48177626444969853e-07,2.46352916513924157e-05,2.19844450293085797e-09,0.00000000000000000e+00
1188,7.35892597719438397e-07,5.47416194276377770e-07,2.46137086712462275e-05,2.18251741149282512e-09,0.00000000000000000e+00
1189,7.35152356154765557e-07,5.46656179526950799e-07,2.45921514272498737e-05,2.16655931423612224e-09,0.00000000000000000e+00
1190,7.34413202025305260e-07,5.45897578740559463e-07,2.45706198751072277e-05,2.15056888659008706e-09,0.00000000000000000e+00
1191,7.33675132731168646e-07,5.45140388469280130e-07,2.45491139706385686e-05,2.13454488659562820e-09,0.00000000000000000e+00
1192,7.32938145639779541e-07,5.44384605228118768e-07,2.45276336697834314e-05,2.11848619124250218e-09,0.00000000000000000e+00
1193,7.32202238229151447e-07,5.43630225514361843e-07,2.45061789286134610e-05,2.10239182560028867e-09,0.00000000000000000e+00
1194,7.31467407903921204e-07,5.42877245777237604e-07,2.44847497033172197e-05,2.08626098410636694e-09,0.00000000000000000e+00
1195,7.30733652109518652e-07,5.42125662429200685e-07,2.44633459502127477e-05,2.07009304389090884e-09,0.00000000000000000e+00
1196,7.30000968386073398e-07,5.41375471816414695e-07,2.44419676257375367e-05,2.05388757036687813e-09,0.00000000000000000e+00
1197,7.29269354309685573e-07,5.40626670244105719e-07,2.44206146864558661e-05,2.03764431569956722e-09,0.00000000000000000e+00
1198,7.28538807414625008e-07,5.39879253966297017e-07,2.43992870890654532e-05,2.02576933423953787e-09,0.00000000000000000e+00
1199,7.28016917219707234e-07,5.39131411632433518e-07,2.43779755683863322e-05,2.00724113114965662e-09,0.00000000000000000e+00
1200,7.26959809272535486e-07,5.38389943051676895e-07,2.43567108604189079e-05,1.99029489345874678e-09,0.00000000000000000e+00
1201,7.26274473537836253e-07,5.37643956687124925e-07,2.43354589030438880e-05,1.97356005322419077e-09,0.00000000000000000e+00
1202,7.25607415535552030e-07,5.36902283800471778e-07,2.43142305068926105e-05,1.95694782415676348e-09,0.00000000000000000e+00
1203,7.24906556649494592e-07,5.36162335561163885e-07,2.42930280163666748e-05,1.94479802839530462e-09,0.00000000000000000e+00
1204,7.24390738404009378e-07,5.35421581075486124e-07,2.42718421597167750e-05,1.92605299628482965e-09,0.00000000000000000e+00
1205,7.23340626526967054e-07,5.34686949831172072e-07,2.42507029262438570e-05,1.90891099293457981e-09,0.00000000000000000e+00
1206,7.22657647210417041e-07,5.33947719613166804e-07,2.42295764279439659e-05,1.89198956494941111e-09,0.00000000000000000e+00
1207,7.21993672143482565e-07,5.33212745562416854e-07,2.42084732938914505e-05,1.87962913064483165e-09,0.00000000000000000e+00
1208,7.21499469617291117e-07,5.32477609243209387e-07,2.41873867803036170e-05,1.86067117877373290e-09,0.00000000000000000e+00
1209,7.20462710894227364e-07,5.31748626704459117e-07,2.41663469250104363e-05,1.84329635700395281e-09,0.00000000000000000e+00
1210,7.19783357055516715e-07,5.31014871136636184e-07,2.41453199598232914e-05,1.82611068360669415e-09,0.00000000000000000e+00
1211,7.19121826255679545e-07,5.30285248324424299e-07,2.41243161197431665e-05,1.81363213790766183e-09,0.00000000000000000e+00
1212,7.18627901354067375e-07,5.29555330441931326e-07,2.41033292126255336e-05,1.79428600373829945e-09,0.00000000000000000e+00
1213,7.17597362548068943e-07,5.28831768032507072e-07,2.40823883621181949e-05,1.77655415722845624e-09,0.00000000000000000e+00
1214,7.16923307862702126e-07,5.28103316907721623e-07,2.40614602544996520e-05,1.75902816306644760e-09,0.00000000000000000e+00
1215,7.16265826473587602e-07,5.27379063732623245e-07,2.40405551505163064e-05,1.74636763906430412e-09,0.00000000000000000e+00
1216,7.15774178962331732e-07,5.26654432178627977e-07,2.40196668970775953e-05,1.72667763775019479e-09,0.00000000000000000e+00
1217,7.14749585212749789e-07,5.25936310002373616e-07,2.39988242384894145e-05,1.70875850557692669e-09,0.00000000000000000e+00
1218,7.14077197785625648e-07,5.25213236615249702e-07,2.39779945386277870e-05,1.69586654721038901e-09,0.00000000000000000e+00
1219,7.13622002007916492e-07,5.24492048307682784e-07,2.39571789581549131e-05,1.67591141441061629e-09,0.00000000000000000e+00
1220,7.12623041805217476e-07,5.23778356896614141e-07,2.39364089357233229e-05,1.65780451927401447e-09,0.00000000000000000e+00
1221,7.11958439548376362e-07,5.23059508145214470e-07,2.39156522394599080e-05,1.64482310219046077e-09,0.00000000000000000e+00
1222,7.11503904768062331e-07,5.22342313774750150e-07,2.38949098198779944e-05,1.62473397975914422e-09,0.00000000000000000e+00
1223,7.10508836488996449e-07,5.21632554129779364e-07,2.38742127385539344e-05,1.60654252333492420e-09,0.00000000000000000e+00
1224,7.09846157894373410e-07,5.20917624279406462e-07,2.38535289450926381e-05,1.59355475355257427e-09,0.00000000000000000e+00
1225,7.09392508289037149e-07,5.20204280232534659e-07,2.38328593714498577e-05,1.57339160743803637e-09,0.00000000000000000e+00
1226,7.08402052376918646e-07,5.19498412471357870e-07,2.38122348685165845e-05,1.55516679209412134e-09,0.00000000000000000e+00
1227,7.07742095732185907e-07,5.18787348176180276e-07,2.37916235979891407e-05,1.54221099182210441e-09,0.00000000000000000e+00
1228,7.07289851600075321e-07,5.18077815679355317e-07,2.37710264932512031e-05,1.52200408347295409e-09,0.00000000000000000e+00
1229,7.06304137486678546e-07,5.17375793440356842e-07,2.37504742045480700e-05,1.50900580667465669e-09,0.00000000000000000e+00
1230,7.05846552502291143e-07,5.16665779345926477e-07,2.37299262472275440e-05,1.48837952757655308e-09,0.00000000000000000e+00
1231,7.04886016623585876e-07,5.15966789978564067e-07,2.37094215661107005e-05,1.46989259870750256e-09,0.00000000000000000e+00
1232,7.04250324752384408e-07,5.15262044971964721e-07,2.36889297698820715e-05,1.45683035015111487e-09,0.00000000000000000e+00
1233,7.03806969856386114e-07,5.14558967487094378e-07,2.36684523622685385e-05,1.43645320684012060e-09,0.00000000000000000e+00
1234,7.02830434639643746e-07,5.13863381190414389e-07,2.36480195576339221e-05,1.42343668075393325e-09,0.00000000000000000e+00
1235,7.02374512389477943e-07,5.13159747777237756e-07,2.36275911900883923e-05,1.40262318443791514e-09,0.00000000000000000e+00
1236,7.01420316931319897e-07,5.12467057671772514e-07,2.36072057365934410e-05,1.38942995436431308e-09,0.00000000000000000e+00
1237,7.00985040005471501e-07,5.11765700458734941e-07,2.35868243229702999e-05,1.36846269534043151e-09,0.00000000000000000e+00
1238,7.00042359518735359e-07,5.11075691594300425e-07,2.35664859551148877e-05,1.35520219609985283e-09,0.00000000000000000e+00
1239,6.99608682559504105e-07,5.10376926708995655e-07,2.35461518627699056e-05,1.33411722885005269e-09,0.00000000000000000e+00
1240,6.98668274406491304e-07,5.09689380756212891e-07,2.35258607356139302e-05,1.32082790207382372e-09,0.00000000000000000e+00
1241,6.98234918406164553e-07,5.08993053980337951e-07,2.35055738972789927e-05,1.29959319991682042e-09,0.00000000000000000e+00
1242,6.97296642665765963e-07,5.08307966086746401e-07,2.34853298859002903e-05,1.28627245225916250e-09,0.00000000000000000e+00
1243,6.96864291319206281e-07,5.07614056026352121e-07,2.34650901382264352e-05,1.26486150801512844e-09,0.00000000000000000e+00
1244,6.95928553378911934e-07,5.06931445444672075e-07,2.34448930791967985e-05,1.25151457129551522e-09,0.00000000000000000e+00
1245,6.95497405721112669e-07,5.06239958268071123e-07,2.34247002619125005e-05,1.22991675682406927e-09,0.00000000000000000e+00
1246,6.94564327428270731e-07,5.05559826012662864e-07,2.34045499968197498e-05,1.21655313262700960e-09,0.00000000000000000e+00
1247,6.94134386247420717e-07,5.04870758714042677e-07,2.33844039567287258e-05,1.19475368058905319e-09,0.00000000000000000e+00
1248,6.93203907958732107e-07,5.04193099387439893e-07,2.33643003361092592e-05,1.18137609079745656e-09,0.00000000000000000e+00
1249,6.92775143632732126e-07,5.03506441465728672e-07,2.33442009240602761e-05,1.15935667272752061e-09,0.00000000000000000e+00
1250,6.91847231975764173e-07,5.02831249857349955e-07,2.33241437995028930e-05,1.14597025091346837e-09,0.00000000000000000e+00
1251,6.91419624045456228e-07,5.02146993571091243e-07,2.33040908662355047e-05,1.12372859920843962e-09,0.00000000000000000e+00
1252,6.90494357138390109e-07,5.01474261039507312e-07,2.32840800844800828e-05,1.11035330041306920e-09,0.00000000000000000e+00
1253,6.90067859019395731e-07,5.00792403250175954e-07,2.32640734802358217e-05,1.08791105677827357e-09,0.00000000000000000e+00
1254,6.89145349034937531e-07,5.00122113636924780e-07,2.32441088854401436e-05,1.07457998434110562e-09,0.00000000000000000e+00
1255,6.88719881800346801e-07,4.99442649661480168e-07,2.32241484611652905e-05,1.05197156133713121e-09,0.00000000000000000e+00
1256,6.87800198943029291e-07,4.98774780009746901e-07,2.32042298991276248e-05,1.03872019485584894e-09,0.00000000000000000e+00
1257,6.87375688042436331e-07,4.98097698974032363e-07,2.31843155066384479e-05,1.01597721796261927e-09,0.00000000000000000e+00
1258,6.86458850485242443e-07,4.97432223255974196e-07,2.31644428264759891e-05,1.00283534392951276e-09,0.00000000000000000e+00
1259,6.86035255165465200e-07,4.96757508532443927e-07,2.31445743180728225e-05,9.79978577802573861e-10,0.00000000000000000e+00
1260,6.85121249892581417e-07,4.96094401299901776e-07,2.31247473718055434e-05,9.66969049634594131e-10,0.00000000000000000e+00
1261,6.84698565184883753e-07,4.95422033579094868e-07,2.31049246000257921e-05,9.44008516300478503e-10,0.00000000000000000e+00
1262,6.83787366934381352e-07,4.94761272008000888e-07,2.30851432415958003e-05,9.31149995475609221e-10,0.00000000000000000e+00
1263,6.83365610314861702e-07,4.94091232141741032e-07,2.30653660593182676e-05,9.08088304710711791e-10,0.00000000000000000e+00
1264,6.82457191014409155e-07,4.93432796728965630e-07,2.30456301437872449e-05,8.95398076769248068e-10,0.00000000000000000e+00
1265,6.82036388721526975e-07,4.92765067453240008e-07,2.30258984043392788e-05,8.72232630309985652e-10,0.00000000000000000e+00
1266,6.81130719838767467e-07,4.92108942043744227e-07,2.30062077874831218e-05,8.59727721798566583e-10,0.00000000000000000e+00
1267,6.80710898421262771e-07,4.91443508557201492e-07,2.29865213447526129e-05,8.36450485253308895e-10,0.00000000000000000e+00
1268,6.79807949410012831e-07,4.90789680209181212e-07,2.29668758829011404e-05,8.27333094079235595e-10,0.00000000000000000e+00
1269,6.79420343568802005e-07,4.90134839781557128e-07,2.29472330298792021e-05,8.01445809622680123e-10,0.00000000000000000e+00
1270,6.78461802342218649e-07,4.89487477682599213e-07,2.29276346583433277e-05,7.89212933848976370e-10,0.00000000000000000e+00
1271,6.78057609638617824e-07,4.88815503132902750e-07,2.29080382968700272e-05,7.65483666777038022e-10,0.00000000000000000e+00
1272,6.77169352878577248e-07,4.88164860762977791e-07,2.28884825006480767e-05,7.56933464329752217e-10,0.00000000000000000e+00
1273,6.76787707697345716e-07,4.87514420897563117e-07,2.28689293739208919e-05,7.30494152645287934e-10,0.00000000000000000e+00
1274,6.75836095374861331e-07,4.86871582299462556e-07,2.28494205281773789e-05,7.22301596755788819e-10,0.00000000000000000e+00
1275,6.75464506803723757e-07,4.86212567062110443e-07,2.28299121910339385e-05,6.95346910786377106e-10,0.00000000000000000e+00
1276,6.74523215281936925e-07,4.85570577310661564e-07,2.28104477830990694e-05,6.87478546450654578e-10,0.00000000000000000e+00
1277,6.74156769333949121e-07,4.84913583348431813e-07,2.27909838863412926e-05,6.60123734930981997e-10,0.00000000000000000e+00
1278,6.73219710585625129e-07,4.84273850544519866e-07,2.27715638575979615e-05,6.52702082808509471e-10,0.00000000000000000e+00
1279,6.72854102490793863e-07,4.83619146192459237e-07,2.27521443896322002e-05,6.24921178106389431e-10,0.00000000000000000e+00
1280,6.71919374241991652e-07,4.82981641362395501e-07,2.27327686684808984e-05,6.18039350985465622e-10,0.00000000000000000e+00
1281,6.71554593998723829e-07,4.82329182380010535e-07,2.27133935012081000e-05,5.89784728639647594e-10,0.00000000000000000e+00
1282,6.70622258219939348e-07,4.81693905541323085e-07,2.26940619510242496e-05,5.83529271339115358e-10,0.00000000000000000e+00
1283,6.70258492330165558e-07,4.81043679970812813e-07,2.26747309410376975e-05,5.54755996595506084e-10,0.00000000000000000e+00
1284,6.69328632444139383e-07,4.80410633094648433e-07,2.26554434202749913e-05,5.49230635905330890e-10,0.00000000000000000e+00
1285,6.68965918858389651e-07,4.79762635285976037e-07,2.26361564269965270e-05,5.19900438006274931e-10,0.00000000000000000e+00
1286,6.68038554661440710e-07,4.79131814062807803e-07,2.26169127959572397e-05,5.15231449800808845e-10,0.00000000000000000e+00
1287,6.67676878712912015e-07,4.78486036869265668e-07,2.25976696811653570e-05,4.85309703190963839e-10,0.00000000000000000e+00
1288,6.66752013318483761e-07,4.77857433398735120e-07,2.25784698015213614e-05,4.81648319960471467e-10,0.00000000000000000e+00
1289,6.66391344991311277e-07,4.77213868083243405e-07,2.25592704282494402e-05,4.51107491797806278e-10,0.00000000000000000e+00
1290,6.65469004868854663e-07,4.76587471617029931e-07,2.25401141612745001e-05,4.48638587527730587e-10,0.00000000000000000e+00
1291,6.65109308114053710e-07,4.75946109276646192e-07,2.25209583929510917e-05,4.34485309266187823e-10,0.00000000000000000e+00
1292,6.64396070565968759e-07,4.75316935074376530e-07,2.25018365890844931e-05,4.04021410740742970e-10,0.00000000000000000e+00
1293,6.63496668471892288e-07,4.74680831959345502e-07,2.24827460087403025e-05,4.02452778236884705e-10,0.00000000000000000e+00
1294,6.63174934311900063e-07,4.74050512971473037e-07,2.24636542411437619e-05,3.69866367120446248e-10,0.00000000000000000e+00
1295,6.62279075309219229e-07,4.73431303744065862e-07,2.24446056850339885e-05,3.70897397815920044e-10,0.00000000000000000e+00
1296,6.61923874047255821e-07,4.72795862987053763e-07,2.24255581327035873e-05,3.58480134421559441e-10,0.00000000000000000e+00
1297,6.61214647288906526e-07,4.72172064996872594e-07,2.24065444451172673e-05,3.26924085271083675e-10,0.00000000000000000e+00
1298,6.60320503938142032e-07,4.71541367549081149e-07,2.23875617714200395e-05,3.30303697535165688e-10,0.00000000000000000e+00
1299,6.59999613594792471e-07,4.70916428315671018e-07,2.23685779412918257e-05,3.19035103410627747e-10,0.00000000000000000e+00
1300,6.59311639319682260e-07,4.70297541353395906e-07,2.23496281153660333e-05,2.87116644226880224e-10,0.00000000000000000e+00
1301,6.58427712153630878e-07,4.69670408374257955e-07,2.23307095029334128e-05,2.94383870774587119e-10,0.00000000000000000e+00
1302,6.58106949018666282e-07,4.69048801183849480e-07,2.23117899899062994e-05,2.85549123000060646e-10,0.00000000000000000e+00
1303,6.57420539951800775e-07,4.68433009359403838e-07,2.22929043676648784e-05,2.54144060249801105e-10,0.00000000000000000e+00
1304,6.56539509092922208e-07,4.67809022120554445e-07,2.22740498146026556e-05,2.66414728168732750e-10,0.00000000000000000e+00
1305,6.56219741939472931e-07,4.67190557802616603e-07,2.22551943510877572e-05,2.60927221862786514e-10,0.00000000000000000e+00
1306,6.55535820306362324e-07,4.66577872892809463e-07,2.22363726307594924e-05,2.31321444359202989e-10,0.00000000000000000e+00
1307,6.54658284003501458e-07,4.65957046921814524e-07,2.22175818315524310e-05,2.49147551237716407e-10,0.00000000000000000e+00
1308,6.54339888253552734e-07,4.65341725502554568e-07,2.21987901107696064e-05,2.47865037423438399e-10,0.00000000000000000e+00
1309,6.53658720246287277e-07,4.64732157751248022e-07,2.21800319854194072e-05,2.21993298589338713e-10,0.00000000000000000e+00
1310,6.52784896853193813e-07,4.64114493844182189e-07,2.21613046325469815e-05,2.45101056704671236e-10,0.00000000000000000e+00
1311,6.52467753997030962e-07,4.63502317436088006e-07,2.21425763606064097e-05,2.48473934423105913e-10,0.00000000000000000e+00
1312,6.51789278484777513e-07,4.62895854517328011e-07,2.21238815364278135e-05,2.28104600601676895e-10,0.00000000000000000e+00
1313,6.50919126463060327e-07,4.62281342007014947e-07,2.21052173360879516e-05,2.55126160273901042e-10,0.00000000000000000e+00
1314,6.50603151074124870e-07,4.61672297313754078e-07,2.20865522223285117e-05,2.62842514330668950e-10,0.00000000000000000e+00
1315,6.49927345576907577e-07,4.61068925719543798e-07,2.20679204065825475e-05,2.48710151774207504e-10,0.00000000000000000e+00
1316,6.49060938898224897e-07,4.60457546404607549e-07,2.20493190621733545e-05,2.77880615259906637e-10,0.00000000000000000e+00
1317,6.48746074152881382e-07,4.59851619292603695e-07,2.20307168143802975e-05,2.89117378029371068e-10,0.00000000000000000e+00
1318,6.48072954080604424e-07,4.59251318831622297e-07,2.20121477128106639e-05,3.04601405341076361e-10,0.00000000000000000e+00
1319,6.47412513830535930e-07,4.58637478905969122e-07,2.19936000422599093e-05,2.95859331954110451e-10,0.00000000000000000e+00
1320,6.46573226522832306e-07,4.58038704614213979e-07,2.19750815837055121e-05,3.24506829442711766e-10,0.00000000000000000e+00
1321,6.46277683003335828e-07,4.57438011251882330e-07,2.19565620688622152e-05,3.38496861277528955e-10,0.00000000000000000e+00
1322,6.45615081677149138e-07,4.56842124509435719e-07,2.19380758215828539e-05,3.56199300947086599e-10,0.00000000000000000e+00
1323,6.44958872855110529e-07,4.56232499210428516e-07,2.19196110893049633e-05,3.53659531359551286e-10,0.00000000000000000e+00
1324,6.44123379897048974e-07,4.55637738098138266e-07,2.19011754677468312e-05,3.82177675088330534e-10,0.00000000000000000e+00
1325,6.43827899388377276e-07,4.55041101110967987e-07,2.18827388385265989e-05,3.98258626420187742e-10,0.00000000000000000e+00
1326,6.43167986172673551e-07,4.54449153291823226e-07,2.18643352726181156e-05,4.17369159240896619e-10,0.00000000000000000e+00
1327,6.42515022006579494e-07,4.53843528870312568e-07,2.18459530726305395e-05,4.35517140340563586e-10,0.00000000000000000e+00
1328,6.41884095634113276e-07,4.53246994041441100e-07,2.18275909480788552e-05,4.37560187961070778e-10,0.00000000000000000e+00
1329,6.41071357825217992e-07,4.52658683554527131e-07,2.18092576870401469e-05,4.64909980267294072e-10,0.00000000000000000e+00
1330,6.40784137013383143e-07,4.52067264442116601e-07,2.17909236193796472e-05,4.82426832920366840e-10,0.00000000000000000e+00
1331,6.40130132118277620e-07,4.51480285208928715e-07,2.17726225530101988e-05,5.02496137411408523e-10,0.00000000000000000e+00
1332,6.39480941788876596e-07,4.50879651691248159e-07,2.17543427818321670e-05,5.21775302062677823e-10,0.00000000000000000e+00
1333,6.38853314277614291e-07,4.50288027650408682e-07,2.17360829668343202e-05,5.27710934994710448e-10,0.00000000000000000e+00
1334,6.38045038356071448e-07,4.49704609334341322e-07,2.17178518185065820e-05,5.54462091414403544e-10,0.00000000000000000e+00
1335,6.37759912223801047e-07,4.49118090688905760e-07,2.16996198208952148e-05,5.72992145281172592e-10,0.00000000000000000e+00
1336,6.37109960374535661e-07,4.48535979119854147e-07,2.16814206032367871e-05,5.93633964154345993e-10,0.00000000000000000e+00
1337,6.36464914149922351e-07,4.47940269406295178e-07,2.16632425158645468e-05,6.13586893365323472e-10,0.00000000000000000e+00
1338,6.35841470264009258e-07,4.47353551943617476e-07,2.16450842267648214e-05,6.22280460860420274e-10,0.00000000000000000e+00
1339,6.35038552892455025e-07,4.46775049860049165e-07,2.16269543931716155e-05,6.48483799426528802e-10,0.00000000000000000e+00
1340,6.34755716471815270e-07,4.46193432452119885e-07,2.16088236832890459e-05,6.67707713804630976e-10,0.00000000000000000e+00
1341,6.34109996093268006e-07,4.45616175375169617e-07,2.15907255329818498e-05,6.88731339053334835e-10,0.00000000000000000e+00
1342,6.33469125360252929e-07,4.45025370406077860e-07,2.15726483548097370e-05,7.09154369565254347e-10,0.00000000000000000e+00
1343,6.32849775435712196e-07,4.44443530641020156e-07,2.15545908237768119e-05,7.29171411911865704e-10,0.00000000000000000e+00
1344,6.32247807423276498e-07,4.43864081154968899e-07,2.15365528502682761e-05,7.48990006102701898e-10,0.00000000000000000e+00
1345,6.31653639650424199e-07,4.43285931539089571e-07,2.15185346291781607e-05,7.60059536691314647e-10,0.00000000000000000e+00
1346,6.30867768645048875e-07,4.42714631128993048e-07,2.15005449559512628e-05,7.85361305144950258e-10,0.00000000000000000e+00
1347,6.30587106216958034e-07,4.42139947375341879e-07,2.14825546961706508e-05,8.08411809588043377e-10,0.00000000000000000e+00
1348,6.29975059666430227e-07,4.41579224545019226e-07,2.14645952647043528e-05,8.27232057730668889e-10,0.00000000000000000e+00
1349,6.29289979529473541e-07,4.40998038471931681e-07,2.14466598108144693e-05,8.47738942985220637e-10,0.00000000000000000e+00
1350,6.28681038243588619e-07,4.40411772583869320e-07,2.14287422518580151e-05,8.67957648719149228e-10,0.00000000000000000e+00
1351,6.28093123429089746e-07,4.39837349251362075e-07,2.14108436645744705e-05,8.88095607308299642e-10,0.00000000000000000e+00
1352,6.27509468639250115e-07,4.39265713657698586e-07,2.13929646381353692e-05,9.08248814456702745e-10,0.00000000000000000e+00
1353,6.26924710643855410e-07,4.38695286338720671e-07,2.13751053856376465e-05,9.28453209644117705e-10,0.00000000000000000e+00
1354,6.26338588838136820e-07,4.38125786417716925e-07,2.13572659322241539e-05,9.48716409780451315e-10,0.00000000000000000e+00
1355,6.25752016887683232e-07,4.37557175739736615e-07,2.13394462413840478e-05,9.69035021295727289e-10,0.00000000000000000e+00
1356,6.25165705402617699e-07,4.36989462655150026e-07,2.13216462687395307e-05,9.89402938162222209e-10,0.00000000000000000e+00
1357,6.24580003376041557e-07,4.36422660430746165e-07,2.13038659748301735e-05,1.00981530510663517e-09,0.00000000000000000e+00
1358,6.23995056005664150e-07,4.35856778661387200e-07,2.12861053241689751e-05,1.03027069970748889e-09,0.00000000000000000e+00
1359,6.23410926007486784e-07,4.35291822372459836e-07,2.12683642833370061e-05,1.05077183006054421e-09,0.00000000000000000e+00
1360,6.22827633979503781e-07,4.34727792814090314e-07,2.12506428206775757e-05,1.07132465359595866e-09,0.00000000000000000e+00
1361,6.22245166179614069e-07,4.34164688605827799e-07,2.12329409065992017e-05,1.09193646196062237e-09,0.00000000000000000e+00
1362,6.21663485345784589e-07,4.33602507139492463e-07,2.12152585134050517e-05,1.11261381116625659e-09,0.00000000000000000e+00
1363,6.21082549636331049e-07,4.33041245863976288e-07,2.11975956144007979e-05,1.13336096225517480e-09,0.00000000000000000e+00
1364,6.20502330308625996e-07,4.32480903185122398e-07,2.11799521828617138e-05,1.15417909993769361e-09,0.00000000000000000e+00
1365,6.19922819815559284e-07,4.31921478783131545e-07,2.11623281912264044e-05,1.17506629524863549e-09,0.00000000000000000e+00
1366,6.19344029237471394e-07,4.31362973357896359e-07,2.11447236108772179e-05,1.19601802850336980e-09,0.00000000000000000e+00
1367,6.18765979596385893e-07,4.30805388048465137e-07,2.11271384123225778e-05,1.21702804555008169e-09,0.00000000000000000e+00
1368,6.18188692206726780e-07,4.30248723817252067e-07,2.11095725655630404e-05,1.23808933200066135e-09,0.00000000000000000e+00
1369,6.17612182190099667e-07,4.29692980887640490e-07,2.10920260405315719e-05,1.25919502696467743e-09,0.00000000000000000e+00
1370,6.17036455979314271e-07,4.29138158493997587e-07,2.10744988073606217e-05,1.28033914611344917e-09,0.00000000000000000e+00
1371,6.16461512257414247e-07,4.28584254819365797e-07,2.10569908365234142e-05,1.30151703806921189e-09,0.00000000000000000e+00
1372,6.15887344576597289e-07,4.28031267105361362e-07,2.10395020988726376e-05,1.32272555286301527e-09,0.00000000000000000e+00
1373,6.15313944240521287e-07,4.27479191899905370e-07,2.10220325655654512e-05,1.34396294963257060e-09,0.00000000000000000e+00
1374,6.14741302520470216e-07,4.26928025286473062e-07,2.10045822080264396e-05,1.36522860645803419e-09,0.00000000000000000e+00
1375,6.14169412038163901e-07,4.26377763151911887e-07,2.09871509978612017e-05,1.38652261470175574e-09,0.00000000000000000e+00
1376,6.13598267301256905e-07,4.25828401327295667e-07,2.09697389068212023e-05,1.40784534393433401e-09,0.00000000000000000e+00
1377,6.13027864732618236e-07,4.25279935721328106e-07,2.09523459067537869e-05,1.42919705397718807e-09,0.00000000000000000e+00
1378,6.12458202475023762e-07,4.24732362393141512e-07,2.09349719695757001e-05,1.45057761177868675e-09,0.00000000000000000e+00
1379,6.11889280018674844e-07,4.24185677571503271e-07,2.09176170672488638e-05,1.47198634645284364e-09,0.00000000000000000e+00
1380,6.11321097862660764e-07,4.23639877686278830e-07,2.09002811717823154e-05,1.49342204983260018e-09,0.00000000000000000e+00
1381,6.10753657032939593e-07,4.23094959359412598e-07,2.08829642552031916e-05,1.51488310605248819e-09,0.00000000000000000e+00
1382,6.10186958762217437e-07,4.22550919429684442e-07,2.08656662895853955e-05,1.53636771491818067e-09,0.00000000000000000e+00
1383,6.09621004138419389e-07,4.22007754950781418e-07,2.08483872470177853e-05,1.55787416268913278e-09,0.00000000000000000e+00
1384,6.09055793812445377e-07,4.21465463234641395e-07,2.08311270996522760e-05,1.57940109146025610e-09,0.00000000000000000e+00
1385,6.08491327866713825e-07,4.20924041805715508e-07,2.08138858196801592e-05,1.60094772388082839e-09,0.00000000000000000e+00
1386,6.07927605719262380e-07,4.20383488478910268e-07,2.07966633793691155e-05,1.62251401179244506e-09,0.00000000000000000e+00
1387,6.07364626237398459e-07,4.19843801300628090e-07,2.07794597510434274e-05,1.64410069285068805e-09,0.00000000000000000e+00
1388,6.06802387740448499e-07,4.19304978559380937e-07,2.07622749070969293e-05,1.66570925487981678e-09,0.00000000000000000e+00
1389,6.06240888293169220e-07,4.18767018776903191e-07,2.07451088199786921e-05,1.68734182130869416e-09,0.00000000000000000e+00
1390,6.05680125788481991e-07,4.18229920678557070e-07,2.07279614622019104e-05,1.70900098036568974e-09,0.00000000000000000e+00
1391,6.05120098102787335e-07,4.17693683126775629e-07,2.07108328063270028e-05,1.73068958495092943e-09,0.00000000000000000e+00
1392,6.04560803232578740e-07,4.17158305162417883e-07,2.06937228249554925e-05,1.75241054957072958e-09,0.00000000000000000e+00
1393,6.04002239330883605e-07,4.16623785859520436e-07,2.06766314907340634e-05,1.77416666626357879e-09,0.00000000000000000e+00
1394,6.03444404611947367e-07,4.16090124396581715e-07,2.06595587763333633e-05,1.79596045483616130e-09,0.00000000000000000e+00
1395,6.02887297522729928e-07,4.15557319967610482e-07,2.06425046544720535e-05,1.81779405502067906e-09,0.00000000000000000e+00
1396,6.02330916508640170e-07,4.15025371724834278e-07,2.06254690978941722e-05,1.83966916139619805e-09,0.00000000000000000e+00
1397,6.01775260041183844e-07,4.14494278806183309e-07,2.06084520794001024e-05,1.86158699651333327e-09,0.00000000000000000e+00
1398,6.01220326639174236e-07,4.13964040269493140e-07,2.05914535718112606e-05,1.88354831423956481e-09,0.00000000000000000e+00
1399,6.00666114694859061e-07,4.13434655083816466e-07,2.05744735480102630e-05,1.90555342416956046e-09,0.00000000000000000e+00
1400,6.00112622647907493e-07,4.12906122109534301e-07,2.05575119809354674e-05,1.92760222839231746e-09,0.00000000000000000e+00
1401,5.99559848875858413e-07,4.12378440090538713e-07,2.05405688435551285e-05,1.94969426343344605e-09,0.00000000000000000e+00
1402,5.99007791666786555e-07,4.11851607619890665e-07,2.05236441089188739e-05,1.97182874259261645e-09,0.00000000000000000e+00
1403,5.98456449469308937e-07,4.11325623162400908e-07,2.05067377501182725e-05,1.99400459611303297e-09,0.00000000000000000e+00
1404,5.97905820688628538e-07,4.10800485020758513e-07,2.04898497403113959e-05,2.01622050857194411e-09,0.00000000000000000e+00
1405,5.97355903807554976e-07,4.10276191385004789e-07,2.04729800527058736e-05,2.03847495431374919e-09,0.00000000000000000e+00
1406,5.96806697444828555e-07,4.09752740293763374e-07,2.04561286605841180e-05,2.06076623232899822e-09,0.00000000000000000e+00
1407,5.96258200278024273e-07,4.09230129673959245e-07,2.04392955372725874e-05,2.08309250214100943e-09,0.00000000000000000e+00
1408,5.95710411138190395e-07,4.08708357354394490e-07,2.04224806561582078e-05,2.10545182187735324e-09,0.00000000000000000e+00
1409,5.95163328899391328e-07,4.08187421087051236e-07,2.04056839906967150e-05,2.12784218892479342e-09,0.00000000000000000e+00
1410,5.94616952567137443e-07,4.07667318539862387e-07,2.03889055143921085e-05,2.15026158295944377e-09,0.00000000000000000e+00
1411,5.94071281158818638e-07,4.07148047381793271e-07,2.03721452008077618e-05,2.17270801036060573e-09,0.00000000000000000e+00
1412,5.93526313769440244e-07,4.06629605249525138e-07,2.03554030235653441e-05,2.19517954853525806e-09,0.00000000000000000e+00
1413,5.92982049530497769e-07,4.06111989790970686e-07,2.03386789563333897e-05,2.21893674227043350e-09,0.00000000000000000e+00
1414,5.92465321776465922e-07,4.05605580077993521e-07,2.03219715598271618e-05,2.24052814792874527e-09,0.00000000000000000e+00
1415,5.91877270844029713e-07,4.05091910042479896e-07,2.03052852531988079e-05,2.26296788511153629e-09,0.00000000000000000e+00
1416,5.91339874227626201e-07,4.04565715007979258e-07,2.02886155400507907e-05,2.28543422221935269e-09,0.00000000000000000e+00
1417,5.90806521287496284e-07,4.04049749796490502e-07,2.02719634821370596e-05,2.30794687296866725e-09,0.00000000000000000e+00
1418,5.90270520020737998e-07,4.03536088898643905e-07,2.02553294212772353e-05,2.33170496980888957e-09,0.00000000000000000e+00
1419,5.89758739501163441e-07,4.03033764747578705e-07,2.02387119866919462e-05,2.35341075344290715e-09,0.00000000000000000e+00
1420,5.89174608624575851e-07,4.02524162170864165e-07,2.02221155478751964e-05,2.37592973342338284e-09,0.00000000000000000e+00
1421,5.88640342334704413e-07,4.02002079504000959e-07,2.02055356028702019e-05,2.39847646504139092e-09,0.00000000000000000e+00
1422,5.88110122272109767e-07,4.01490169094577960e-07,2.01889731905632622e-05,2.42223633985705940e-09,0.00000000000000000e+00
1423,5.87603904430336222e-07,4.00990888493965724e-07,2.01724272424659839e-05,2.44402418981130672e-09,0.00000000000000000e+00
1424,5.87024225402078439e-07,4.00484503592053133e-07,2.01559021985611417e-05,2.46661124540054121e-09,0.00000000000000000e+00
1425,5.86493092694112741e-07,3.99965688530845636e-07,2.01393935809716144e-05,2.48923720303469066e-09,0.00000000000000000e+00
1426,5.85965560118695454e-07,3.99457005310887078e-07,2.01229024111510722e-05,2.51304996368159019e-09,0.00000000000000000e+00
1427,5.85461829565849316e-07,3.98960922275290026e-07,2.01064276138897425e-05,2.53496269732054872e-09,0.00000000000000000e+00
1428,5.84884991698764151e-07,3.98457719851119001e-07,2.00899736078869998e-05,2.55765664067772103e-09,0.00000000000000000e+00
1429,5.84356492256551886e-07,3.97942136638963904e-07,2.00735359317969599e-05,2.58150314989763433e-09,0.00000000000000000e+00
1430,5.83857911793484405e-07,3.97447008009337004e-07,2.00571142077022295e-05,2.60349225721315966e-09,0.00000000000000000e+00
1431,5.83286227397260360e-07,3.96946007259354698e-07,2.00407131355505351e-05,2.62625649175962354e-09,0.00000000000000000e+00
1432,5.82761152581271974e-07,3.96432825086712815e-07,2.00243283474475861e-05,2.65015254582706652e-09,0.00000000000000000e+00
1433,5.82264865463542320e-07,3.95940087759602929e-07,2.00079594687740302e-05,2.67223863827759904e-09,0.00000000000000000e+00
1434,5.81695340756564440e-07,3.95441465505503512e-07,1.99916111718862312e-05,2.69508241498447906e-09,0.00000000000000000e+00
1435,5.81172156317208804e-07,3.94930692312052469e-07,1.99752790926056387e-05,2.71903325684709719e-09,0.00000000000000000e+00
1436,5.80677696946542896e-07,3.94440321306334154e-07,1.99589628521153407e-05,2.74121558086545998e-09,0.00000000000000000e+00
1437,5.80110287119494015e-07,3.93944057379434965e-07,1.99426671082409455e-05,2.76413874761846962e-09,0.00000000000000000e+00
1438,5.79589074789300128e-07,3.93435676901555392e-07,1.99263875094741672e-05,2.78814628057567149e-09,0.00000000000000000e+00
1439,5.79096518318066337e-07,3.92947659161483297e-07,1.99101236778809020e-05,2.81042559814986335e-09,0.00000000000000000e+00
1440,5.78531258502402495e-07,3.92453740144371271e-07,1.98938802587748822e-05,2.83343093525458627e-09,0.00000000000000000e+00
1441,5.78012025395174128e-07,3.91947736480454934e-07,1.98776529136627339e-05,2.85749972973052807e-09,0.00000000000000000e+00
1442,5.77521361848676892e-07,3.91462056048061106e-07,1.98614412654705592e-05,2.87987805129728843e-09,0.00000000000000000e+00
1443,5.76958231945353502e-07,3.90970463170638597e-07,1.98452499468694191e-05,2.90398161175100577e-09,0.00000000000000000e+00
1444,5.76466882019189259e-07,3.90477202172749195e-07,1.98290732496587861e-05,2.92638347579272342e-09,0.00000000000000000e+00
1445,5.75908655028480760e-07,3.89985684392480102e-07,1.98129165091190820e-05,2.94949988038544061e-09,0.00000000000000000e+00
1446,5.75395642268722153e-07,3.89483360387721103e-07,1.97967756792106667e-05,2.97365027160099621e-09,0.00000000000000000e+00
1447,5.74909430127845225e-07,3.89001532952280392e-07,1.97806504597928264e-05,2.99616972305058833e-09,0.00000000000000000e+00
1448,5.74350191252495343e-07,3.88513792251479708e-07,1.97645454615524000e-05,3.02035610874183838e-09,0.00000000000000000e+00
1449,5.73861893695699357e-07,3.88024406319907190e-07,1.97484549898720467e-05,3.04289275505397270e-09,0.00000000000000000e+00
1450,5.73307054529684904e-07,3.87536708873027076e-07,1.97323843442531097e-05,3.06611568811064357e-09,0.00000000000000000e+00
1451,5.72797189189620410e-07,3.87038255793755236e-07,1.97163294937321056e-05,3.09033908957703089e-09,0.00000000000000000e+00
1452,5.72314040338263890e-07,3.86560237047214782e-07,1.97002901371476829e-05,3.11297868450663595e-09,0.00000000000000000e+00
1453,5.71758306602098893e-07,3.86076284317723693e-07,1.96842708642309163e-05,3.13723656873123112e-09,0.00000000000000000e+00
1454,5.71273116428299490e-07,3.85590724076582346e-07,1.96682660072159513e-05,3.15989448759213419e-09,0.00000000000000000e+00
1455,5.70721770829027654e-07,3.85106803735668320e-07,1.96522808421187807e-05,3.18416734728359694e-09,0.00000000000000000e+00
1456,5.70240688034873045e-07,3.84622521436304287e-07,1.96363099885866183e-05,3.20686567356100515e-09,0.00000000000000000e+00
1457,5.69692168904703706e-07,3.84140102728056790e-07,1.96203587974611821e-05,3.23023148129151958e-09,0.00000000000000000e+00
1458,5.69187174039634626e-07,3.83647011352874331e-07,1.96044232711812245e-05,3.25456893123636189e-09,0.00000000000000000e+00
1459,5.68708278779944353e-07,3.83174264795016514e-07,1.95885030953273736e-05,3.27738903795190272e-09,0.00000000000000000e+00
1460,5.68157298408981089e-07,3.82695546678526432e-07,1.95726028197052843e-05,3.30177085482005518e-09,0.00000000000000000e+00
1461,5.67676307527856648e-07,3.82215279886034385e-07,1.95567168089197027e-05,3.32461530065034904e-09,0.00000000000000000e+00
1462,5.67129742282042636e-07,3.81736581925796491e-07,1.95408503039533256e-05,3.34901611064649285e-09,0.00000000000000000e+00
1463,5.66652897483015809e-07,3.81257576303636439e-07,1.95249979584931678e-05,3.37190071507451314e-09,0.00000000000000000e+00
1464,5.66109183140269218e-07,3.80780364847067354e-07,1.95091650894875304e-05,3.39542657505296093e-09,0.00000000000000000e+00
1465,5.65608627757869484e-07,3.80292556718557670e-07,1.94933477262333541e-05,3.41989108369219813e-09,0.00000000000000000e+00
1466,5.65133994102120901e-07,3.79825015591024177e-07,1.94775455548120566e-05,3.44289280568158801e-09,0.00000000000000000e+00
1467,5.64587840236937881e-07,3.79351471699357472e-07,1.94617630967855550e-05,3.46740256978297005e-09,0.00000000000000000e+00
1468,5.64111102354212305e-07,3.78876435234424309e-07,1.94459947532246481e-05,3.49043029130914832e-09,0.00000000000000000e+00
1469,5.63569311587880516e-07,3.78402899940100780e-07,1.94302457324245941e-05,3.51496181379330680e-09,0.00000000000000000e+00
1470,5.63096671817322156e-07,3.77929106896832538e-07,1.94145107219613083e-05,3.53803008976450935e-09,0.00000000000000000e+00
1471,5.62557696608988720e-07,3.77457038565240380e-07,1.93987950053461138e-05,3.56171616525685008e-09,0.00000000000000000e+00
1472,5.62061510817964699e-07,3.76974448397533852e-07,1.93830946380613483e-05,3.58631090091229013e-09,0.00000000000000000e+00
1473,5.61591072605535025e-07,3.76512043730695540e-07,1.93674093062802679e-05,3.60949005153803577e-09,0.00000000000000000e+00
1474,5.61049674732167438e-07,3.76043604647431825e-07,1.93517435034991697e-05,3.63412692384785114e-09,0.00000000000000000e+00
1475,5.60577136273751567e-07,3.75573727838460273e-07,1.93360916664401644e-05,3.65732801159133570e-09,0.00000000000000000e+00
1476,5.60040065213519326e-07,3.75105283235294917e-07,1.93204589712072362e-05,3.68112532683613566e-09,0.00000000000000000e+00
1477,5.59546570625311012e-07,3.74626361083592247e-07,1.93048414858596578e-05,3.70580883866055041e-09,0.00000000000000000e+00
1478,5.59079127782422820e-07,3.74167576371933189e-07,1.92892389099322914e-05,3.72910370896945006e-09,0.00000000000000000e+00
1479,5.58541196557898748e-07,3.73702736235248886e-07,1.92736557276782242e-05,3.75382399562332555e-09,0.00000000000000000e+00
1480,5.58071717106226510e-07,3.73236499125481927e-07,1.92580864049830941e-05,3.77713736944665269e-09,0.00000000000000000e+00
1481,5.57538034251605383e-07,3.72771643670999701e-07,1.92425360968891098e-05,3.80103263941513309e-09,0.00000000000000000e+00
1482,5.57047633863186413e-07,3.72296362878572858e-07,1.92270008902890402e-05,3.82579775137117746e-09,0.00000000000000000e+00
1483,5.56583140657159746e-07,3.71841162130633239e-07,1.92114804846919028e-05,3.84920076703016375e-09,0.00000000000000000e+00
1484,5.56048539838049581e-07,3.71379878196833849e-07,1.91959793446296692e-05,3.87400134594120349e-09,0.00000000000000000e+00
1485,5.55581996589402414e-07,3.70917241111040976e-07,1.91804919605445330e-05,3.89742060744190342e-09,0.00000000000000000e+00
1486,5.55051618457645473e-07,3.70455931395828455e-07,1.91650234646720528e-05,3.92140801062851089e-09,0.00000000000000000e+00
1487,5.54564265758908722e-07,3.69984251577927189e-07,1.91495699619455659e-05,3.94625006268027731e-09,0.00000000000000000e+00
1488,5.54102699198083699e-07,3.69532597349786701e-07,1.91341311517042837e-05,3.96975327864461866e-09,0.00000000000000000e+00
1489,5.53571417326416168e-07,3.69074831722348702e-07,1.91187114791951956e-05,3.99380949389059178e-09,0.00000000000000000e+00
1490,5.53083094361577322e-07,3.68605533361322033e-07,1.91033067935165826e-05,4.01870893790922687e-09,0.00000000000000000e+00
1491,5.52621932888980403e-07,3.68155993996312822e-07,1.90879167126893115e-05,4.04227929963092153e-09,0.00000000000000000e+00
1492,5.52092225639906538e-07,3.67700303589189320e-07,1.90725456668479827e-05,4.06639599864664350e-09,0.00000000000000000e+00
1493,5.51605746231591223e-07,3.67233126909807350e-07,1.90571895280579518e-05,4.09134926197303044e-09,0.00000000000000000e+00
1494,5.51146436367156910e-07,3.66785690301056050e-07,1.90418479247006099e-05,4.11498688452532339e-09,0.00000000000000000e+00
1495,5.50618776355294213e-07,3.66332084033277927e-07,1.90265252803500195e-05,4.13916587221709167e-09,0.00000000000000000e+00
1496,5.50134147723578344e-07,3.65867026912516050e-07,1.90112174799226185e-05,4.16417501917116433e-09,0.00000000000000000e+00
1497,5.49676582459987884e-07,3.65421681149494124e-07,1.89959241519814017e-05,4.18788104387256050e-09,0.00000000000000000e+00
1498,5.49150880374902480e-07,3.64970144600290726e-07,1.89806497085725844e-05,4.21212203798692954e-09,0.00000000000000000e+00
1499,5.48668046882924653e-07,3.64507194234983098e-07,1.89653899866350897e-05,4.23717766401950010e-09,0.00000000000000000e+00
1500,5.48212066415270224e-07,3.64063064243952202e-07,1.89501447209740587e-05,4.26094182387760042e-09,0.00000000000000000e+00
1501,5.47688363847437823e-07,3.63613423542442005e-07,1.89349182763052948e-05,4.28523614460850293e-09,0.00000000000000000e+00
1502,5.47207361229181543e-07,3.63152546486213102e-07,1.89197065516049798e-05,4.30956262063091572e-09,0.00000000000000000e+00
1503,5.46728874536599625e-07,3.62701248826502258e-07,1.89045104909190381e-05,4.33470902896021478e-09,0.00000000000000000e+00
1504,5.46272022736643071e-07,3.62262097507344624e-07,1.88893290604227140e-05,4.35857812336914836e-09,0.00000000000000000e+00
1505,5.45748088392354740e-07,3.61815516824238741e-07,1.88741663788744356e-05,4.38296157137945033e-09,0.00000000000000000e+00
1506,5.45268200519332675e-07,3.61357455062198298e-07,1.88590183017094693e-05,4.40737167784129506e-09,0.00000000000000000e+00
1507,5.44791788403068805e-07,3.60908890156575487e-07,1.88438857728932985e-05,4.43259146913610914e-09,0.00000000000000000e+00
1508,5.44337284750513606e-07,3.60472460568424569e-07,1.88287677756482781e-05,4.45654613573489634e-09,0.00000000000000000e+00
1509,5.43816033676512315e-07,3.60028577672248018e-07,1.88136684253015904e-05,4.48100826016881321e-09,0.00000000000000000e+00
1510,5.43338583404946694e-07,3.59573264721019873e-07,1.87985835964441283e-05,4.50549602747320073e-09,0.00000000000000000e+00
1511,5.42864557479496767e-07,3.59127420079182359e-07,1.87835142304739640e-05,4.53001823322982205e-09,0.00000000000000000e+00
1512,5.42388151048517509e-07,3.58683635184888853e-07,1.87684606213823627e-05,4.55457160174571341e-09,0.00000000000000000e+00
1513,5.41909650998057559e-07,3.58240685854470274e-07,1.87534227961591448e-05,4.57915037482931580e-09,0.00000000000000000e+00
1514,5.41430484878423095e-07,3.57798398994090096e-07,1.87384007075327873e-05,4.60375005827638288e-09,0.00000000000000000e+00
1515,5.40951594076096535e-07,3.57356768404181670e-07,1.87233943063803496e-05,4.62836794424568662e-09,0.00000000000000000e+00
1516,5.40473346791019330e-07,3.56915804027807107e-07,1.87084035566575238e-05,4.65300268520568655e-09,0.00000000000000000e+00
1517,5.39995807820127847e-07,3.56475510503928797e-07,1.86934284319588336e-05,4.67765381374750050e-09,0.00000000000000000e+00
1518,5.39518943292097704e-07,3.56035887686241490e-07,1.86784689102078459e-05,4.70232133043523833e-09,0.00000000000000000e+00
1519,5.39042710054480496e-07,3.55596933373456800e-07,1.86635249706039758e-05,4.72700531393640839e-09,0.00000000000000000e+00
1520,5.38567078760310458e-07,3.55158645028124108e-07,1.86485965924655793e-05,4.75170557826653475e-09,0.00000000000000000e+00
1521,5.38092033901836177e-07,3.54721020457904089e-07,1.86336837549089639e-05,4.77642146295080908e-09,0.00000000000000000e+00
1522,5.37617569753227902e-07,3.54284057918095960e-07,1.86187864367531290e-05,4.80115182391046362e-09,0.00000000000000000e+00
1523,5.37143686934259640e-07,3.53847756028606600e-07,1.86039046165593150e-05,4.82589522399096019e-09,0.00000000000000000e+00
1524,5.36670388989456063e-07,3.53412113504468499e-07,1.85890382727052847e-05,4.85065025228125088e-09,0.00000000000000000e+00
1525,5.36197679552858400e-07,3.52977129065184257e-07,1.85741873835132897e-05,4.87541586495408133e-09,0.00000000000000000e+00
1526,5.35725560150126513e-07,3.52542801293486436e-07,1.85593519274057994e-05,4.90019164624119361e-09,0.00000000000000000e+00
1527,5.35254029378575853e-07,3.52109128611758595e-07,1.85445318829731378e-05,4.92497792541568250e-09,0.00000000000000000e+00
1528,5.34783083424377365e-07,3.51676109335974457e-07,1.85297272290259355e-05,4.94977573492597185e-09,0.00000000000000000e+00
1529,5.34312717311966980e-07,3.51243741777062234e-07,1.85149379445507789e-05,4.97458663814332343e-09,0.00000000000000000e+00
1530,5.33842926221888163e-07,3.50812024309598469e-07,1.85001640086545161e-05,4.99941248155604594e-09,0.00000000000000000e+00
1531,5.33373706348097680e-07,3.50380955469663849e-07,1.84854054005070078e-05,5.02425513295968842e-09,0.00000000000000000e+00
1532,5.32905055349430453e-07,3.49950533985107055e-07,1.84706620992817332e-05,5.04911625772773395e-09,0.00000000000000000e+00
1533,5.32436972195699812e-07,3.49520758760159044e-07,1.84559340841518325e-05,5.07399716647101182e-09,0.00000000000000000e+00
1534,5.31969456734864719e-07,3.49091628854271466e-07,1.84412213342623823e-05,5.09889874623299949e-09,0.00000000000000000e+00
1535,5.31502509355310744e-07,3.48663143445506421e-07,1.84265238287351654e-05,5.12382146916089881e-09,0.00000000000000000e+00
1536,5.31036130442244120e-07,3.48235301776714391e-07,1.84118415466906099e-05,5.14876546014946144e-09,0.00000000000000000e+00
1537,5.30570320224261358e-07,3.47808103104058623e-07,1.83971744672557502e-05,5.17373059890904707e-09,0.00000000000000000e+00
1538,5.30105078571531682e-07,3.47381546700408289e-07,1.83825225695843128e-05,5.19871663154803884e-09,0.00000000000000000e+00
1539,5.29640404928324188e-07,3.46955631793801808e-07,1.83678858328456533e-05,5.22372327045804973e-09,0.00000000000000000e+00
1540,5.29176298393852793e-07,3.46530357589443390e-07,1.83532642362573747e-05,5.24875026754489388e-09,0.00000000000000000e+00
1541,5.28712757781339742e-07,3.46105723246420642e-07,1.83386577590612575e-05,5.27379745302600922e-09,0.00000000000000000e+00
1542,5.28249781692304415e-07,3.45681727865390349e-07,1.83240663805575747e-05,5.29886473910271920e-09,0.00000000000000000e+00
1543,5.27787368657489180e-07,3.45258370506588620e-07,1.83094900800777841e-05,5.32395209374381863e-09,0.00000000000000000e+00
1544,5.27325517167280578e-07,3.44835650180203089e-07,1.82949288369993404e-05,5.34905949392072664e-09,0.00000000000000000e+00
1545,5.26864225819024130e-07,3.44413565850993845e-07,1.82803826307356771e-05,5.37418686977061986e-09,0.00000000000000000e+00
1546,5.26403493330090136e-07,3.43992116404402909e-07,1.82658514407330858e-05,5.39933405104419047e-09,0.00000000000000000e+00
1547,5.25943318542354166e-07,3.43571300696718483e-07,1.82513352464858067e-05,5.42450072538709474e-09,0.00000000000000000e+00
1548,5.25483700486181181e-07,3.43151117535692727e-07,1.82368340275030998e-05,5.44968641483113013e-09,0.00000000000000000e+00
1549,5.25024638287645575e-07,3.42731565658049479e-07,1.82223477633329311e-05,5.47489047324518063e-09,0.00000000000000000e+00
1550,5.24566131183488498e-07,3.42312643779563284e-07,1.82078764335674716e-05,5.50011210387238047e-09,0.00000000000000000e+00
1551,5.24108178461927519e-07,3.41894350576661145e-07,1.81934200178161546e-05,5.52535039324994716e-09,0.00000000000000000e+00
1552,5.23650779421795436e-07,3.41476684693864508e-07,1.81789784957280515e-05,5.55060435597595143e-09,0.00000000000000000e+00
1553,5.23193933368552970e-07,3.41059644765383303e-07,1.81645518469960317e-05,5.57587298408973246e-09,0.00000000000000000e+00
1554,5.22737639582128097e-07,3.40643229415613946e-07,1.81501400513428381e-05,5.60115529525027668e-09,0.00000000000000000e+00
1555,5.22281897266269295e-07,3.40227437254695809e-07,1.81357430885219471e-05,5.62645037501976823e-09,0.00000000000000000e+00
1556,5.21826705613386764e-07,3.39812266924582398e-07,1.81213609383454940e-05,5.65175741021223653e-09,0.00000000000000000e+00
1557,5.21372063802647238e-07,3.39397717054539140e-07,1.81069935806454379e-05,5.67707571190987331e-09,0.00000000000000000e+00
1558,5.20917970975681082e-07,3.38983786302776431e-07,1.80926409952982038e-05,5.70240472828174802e-09,0.00000000000000000e+00
1559,5.20464426270314952e-07,3.38570473347553833e-07,1.80783031622188043e-05,5.72774404845200134e-09,0.00000000000000000e+00
1560,5.20011428814106184e-07,3.38157776897410375e-07,1.80639800613478863e-05,5.75309339932024312e-09,0.00000000000000000e+00
1561,5.19558977758867958e-07,3.37745695684287231e-07,1.80496716726763633e-05,5.77845263746751812e-09,0.00000000000000000e+00
1562,5.19107072278236202e-07,3.37334228473400628e-07,1.80353779762202581e-05,5.80382173809634041e-09,0.00000000000000000e+00
1563,5.18655711496508445e-07,3.36923374073211479e-07,1.80210989520269981e-05,5.82920078261703511e-09,0.00000000000000000e+00
1564,5.18204894618490157e-07,3.36513131301127269e-07,1.80068345801831605e-05,5.85458994593691874e-09,0.00000000000000000e+00
1565,5.17754620781927736e-07,3.36103499036992244e-07,1.79925848408070085e-05,5.87673455271415416e-09,0.00000000000000000e+00
1566,5.17135944655641976e-07,3.35698768530929992e-07,1.79783572085119216e-05,5.90418352118188284e-09,0.00000000000000000e+00
1567,5.16959218442205475e-07,3.35292407435798216e-07,1.79641262492789274e-05,5.92946698873800014e-09,0.00000000000000000e+00
1568,5.16469734091961897e-07,3.34888470766678596e-07,1.79499206402255642e-05,5.95512026879771218e-09,0.00000000000000000e+00
1569,5.15979915276739324e-07,3.34472909181061042e-07,1.79357304321788158e-05,5.98072049801853781e-09,0.00000000000000000e+00
1570,5.15510888116894233e-07,3.34064678029156294e-07,1.79215543554081218e-05,6.00627869841449129e-09,0.00000000000000000e+00
1571,5.15058123290186687e-07,3.33658331556724017e-07,1.79073923299023877e-05,6.02848235907658025e-09,0.00000000000000000e+00
1572,5.14442726956293721e-07,3.33257204590981375e-07,1.78932520503965281e-05,6.05609514457921031e-09,0.00000000000000000e+00
1573,5.14271895774957012e-07,3.32854493350907763e-07,1.78791082100890956e-05,6.08149408189976155e-09,0.00000000000000000e+00
1574,5.13787571358408201e-07,3.32454298040656433e-07,1.78649895946680619e-05,6.10724914322087574e-09,0.00000000000000000e+00
1575,5.13301622022064128e-07,3.32042459307242276e-07,1.78508862931182761e-05,6.13293280491595537e-09,0.00000000000000000e+00
1576,5.12835898732241640e-07,3.31637882822444392e-07,1.78367970229210302e-05,6.15513754997122688e-09,0.00000000000000000e+00
1577,5.12215849581995644e-07,3.31239398455405603e-07,1.78227292046006566e-05,6.18280886204352650e-09,0.00000000000000000e+00
1578,5.12047424659731948e-07,3.30839581609814044e-07,1.78086575260260849e-05,6.20818247738206833e-09,0.00000000000000000e+00
1579,5.11566478062364445e-07,3.30442411748779081e-07,1.77946109105612871e-05,6.23387778832656964e-09,0.00000000000000000e+00
1580,5.11083868199485361e-07,3.30033616658942862e-07,1.77805794906205647e-05,6.25948338604577928e-09,0.00000000000000000e+00
1581,5.10621430616587524e-07,3.29632048641022926e-07,1.77665619936386738e-05,6.28148119626500209e-09,0.00000000000000000e+00
1582,5.10004642613474933e-07,3.29236456508128617e-07,1.77525658433791870e-05,6.30917057787051258e-09,0.00000000000000000e+00
1583,5.09838889566206173e-07,3.28839633265764439e-07,1.77385657515520366e-05,6.33452037836969711e-09,0.00000000000000000e+00
1584,5.09360858177136975e-07,3.28445393207131501e-07,1.77245906206708958e-05,6.36022800039766072e-09,0.00000000000000000e+00
1585,5.08880839588624120e-07,3.28039565653674253e-07,1.77106306006560858e-05,6.38226465821840715e-09,0.00000000000000000e+00
1586,5.08249609781875705e-07,3.27644929626879053e-07,1.76966919215953516e-05,6.41011918134260125e-09,0.00000000000000000e+00
1587,5.08080808115220833e-07,3.27250197037400153e-07,1.76827490003470904e-05,6.43557963533547049e-09,0.00000000000000000e+00
1588,5.07603450343643001e-07,3.26858205427566565e-07,1.76688308277114292e-05,6.46139645395277411e-09,0.00000000000000000e+00
1589,5.07125797088284936e-07,3.26454690082112149e-07,1.76549276170309860e-05,6.48347885452201988e-09,0.00000000000000000e+00
1590,5.06496636879520064e-07,3.26062359552702634e-07,1.76410456711820489e-05,6.51146933389086959e-09,0.00000000000000000e+00
1591,5.06331390782660741e-07,3.25669942158155906e-07,1.76271593363162519e-05,6.53703837171615945e-09,0.00000000000000000e+00
1592,5.05856703965951777e-07,3.25280306442386525e-07,1.76132976977518281e-05,6.55929637169317755e-09,0.00000000000000000e+00
1593,5.05209410796522559e-07,3.24882898868379037e-07,1.75994584353988093e-05,6.58744760336755825e-09,0.00000000000000000e+00
1594,5.05029673980234485e-07,3.24491320334280375e-07,1.75856149160060590e-05,6.61313920280245641e-09,0.00000000000000000e+00
1595,5.04549907069180233e-07,3.24103058890437323e-07,1.75717957770153909e-05,6.63547313133994090e-09,0.00000000000000000e+00
1596,5.03902337739817277e-07,3.23707299540106192e-07,1.75579987959803553e-05,6.66373020562006957e-09,0.00000000000000000e+00
1597,5.03726320600540976e-07,3.23317403513229983e-07,1.75441973421813976e-05,6.68951144242703787e-09,0.00000000000000000e+00
1598,5.03249279450904372e-07,3.22930948609161629e-07,1.75304202218978264e-05,6.71191425989650046e-09,0.00000000000000000e+00
1599,5.02603264121017869e-07,3.22536963985117869e-07,1.75166652371947027e-05,6.74026521804125382e-09,0.00000000000000000e+00
1600,5.02429294363958212e-07,3.22148823618173673e-07,1.75029056999208123e-05,6.76249722082172514e-09,0.00000000000000000e+00
1601,5.01785878955797085e-07,3.21767318589650565e-07,1.74891777245527071e-05,6.79096632118817703e-09,0.00000000000000000e+00
1602,5.01583779918905618e-07,3.21374529688009013e-07,1.74754468642511395e-05,6.81328447384221561e-09,0.00000000000000000e+00
1603,5.00924456840318867e-07,3.20992662774218275e-07,1.74617472738854483e-05,6.84183143901352378e-09,0.00000000000000000e+00
1604,5.00721001979193888e-07,3.20600651677581284e-07,1.74480443686415322e-05,6.86416768530414130e-09,0.00000000000000000e+00
1605,5.00062444989030097e-07,3.20219909143829773e-07,1.74343725848092840e-05,6.89275219177100014e-09,0.00000000000000000e+00
1606,4.99861481412890660e-07,3.19829022190268348e-07,1.74206973719121255e-05,6.91507640249783705e-09,0.00000000000000000e+00
1607,4.99204674327443705e-07,3.19449439294588737e-07,1.74070532519166037e-05,6.94368481987805716e-09,0.00000000000000000e+00
1608,4.99005147155704605e-07,3.19059725578050125e-07,1.73934056684630628e-05,6.96597728859177019e-09,0.00000000000000000e+00
1609,4.98349381990388129e-07,3.18681260318510021e-07,1.73797891545803474e-05,6.99393238279677697e-09,0.00000000000000000e+00
1610,4.98129677017283622e-07,3.18284709496613032e-07,1.73661702749880447e-05,7.01660039674495420e-09,0.00000000000000000e+00
1611,4.97512675618623871e-07,3.17905573679700107e-07,1.73525799240306983e-05,7.04523522064614528e-09,0.00000000000000000e+00
1612,4.97307196893904512e-07,3.17526817961912485e-07,1.73389874421946807e-05,7.06741059014726466e-09,0.00000000000000000e+00
1613,4.96647200196393004e-07,3.17151604396691204e-07,1.73254260651484817e-05,7.09536242558432466e-09,0.00000000000000000e+00
1614,4.96427471864926138e-07,3.16757463504336275e-07,1.73118621730728246e-05,7.11784802809801677e-09,0.00000000000000000e+00
1615,4.95811525880832491e-07,3.16380511715903967e-07,1.72983267025035710e-05,7.14579341523154357e-09,0.00000000000000000e+00
1616,4.95587436918616995e-07,3.15996028215692085e-07,1.72847901027029992e-05,7.16820649806444258e-09,0.00000000000000000e+00
1617,4.94967240592236104e-07,3.15621236899673980e-07,1.72712820468578246e-05,7.19618069314333455e-09,0.00000000000000000e+00
1618,4.94741904351905310e-07,3.15237978391281503e-07,1.72577727918517148e-05,7.21854012181945768e-09,0.00000000000000000e+00
1619,4.94121496971878940e-07,3.14864248101673606e-07,1.72442920175089113e-05,7.24656399212239287e-09,0.00000000000000000e+00
1620,4.93897623673757749e-07,3.14482066460236806e-07,1.72308099525910290e-05,7.26890205178185770e-09,0.00000000000000000e+00
1621,4.93277991227960388e-07,3.14109422553189296e-07,1.72173563524735250e-05,7.29699059547684926e-09,0.00000000000000000e+00
1622,4.93055629933465535e-07,3.13728337386159985e-07,1.72039013969091858e-05,7.31933221784085404e-09,0.00000000000000000e+00
1623,4.92436649024983556e-07,3.13356784603292787e-07,1.71904749007507566e-05,7.34749147906233887e-09,0.00000000000000000e+00
1624,4.92215740836117606e-07,3.12976795134301899e-07,1.71770469827942505e-05,7.36985121578531811e-09,0.00000000000000000e+00
1625,4.91597335836212368e-07,3.12606336284970512e-07,1.71636475207790932e-05,7.39808143651146085e-09,0.00000000000000000e+00
1626,4.91377874297911613e-07,3.12227442115867777e-07,1.71502465680763474e-05,7.42046756420580024e-09,0.00000000000000000e+00
1627,4.90760025715140037e-07,3.11858080432235154e-07,1.71368740684683437e-05,7.44876808418274738e-09,0.00000000000000000e+00
1628,4.90542009975776799e-07,3.11480282719207679e-07,1.71235000084009876e-05,7.47118833470576550e-09,0.00000000000000000e+00
1629,4.89924706282631714e-07,3.11112019751026001e-07,1.71101543990575927e-05,7.49956090742277138e-09,0.00000000000000000e+00
1630,4.89708132184050422e-07,3.10735318471346040e-07,1.70968071594025488e-05,7.52202516554476357e-09,0.00000000000000000e+00
1631,4.89091343228178654e-07,3.10368153776804456e-07,1.70834883693893171e-05,7.54651600708784192e-09,0.00000000000000000e+00
1632,4.88724792214630331e-07,3.09993981895001138e-07,1.70701745210252364e-05,7.57500765003697328e-09,0.00000000000000000e+00
1633,4.88501877241048735e-07,3.09622990252335968e-07,1.70568669642669485e-05,7.59768184339690166e-09,0.00000000000000000e+00
1634,4.87861533698245712e-07,3.09256854049095063e-07,1.70435887869113528e-05,7.62234615175803245e-09,0.00000000000000000e+00
1635,4.87481335813660108e-07,3.08884097580124061e-07,1.70303154571392462e-05,7.65100191464708142e-09,0.00000000000000000e+00
1636,4.87256753972813857e-07,3.08514564623272664e-07,1.70170480472605060e-05,7.67378518809375329e-09,0.00000000000000000e+00
1637,4.86616325809186412e-07,3.08150068310151276e-07,1.70038098850464131e-05,7.69855108103449803e-09,0.00000000000000000e+00
1638,4.86238868117523030e-07,3.07778888221784152e-07,1.69905764095951252e-05,7.72730783748531485e-09,0.00000000000000000e+00
1639,4.86017214731263937e-07,3.07411044394809627e-07,1.69773487707191908e-05,7.75013997028718423e-09,0.00000000000000000e+00
1640,4.85378015427408506e-07,3.07048196916488650e-07,1.69641503823940600e-05,7.77493140655138107e-09,0.00000000000000000e+00
1641,4.85002270981442879e-07,3.06678611683011880e-07,1.69509566102109078e-05,7.79974176103275461e-09,0.00000000000000000e+00
1642,4.84632380218350506e-07,3.06313424309219569e-07,1.69377751300754148e-05,7.82857918084570650e-09,0.00000000000000000e+00
1643,4.84387403156027083e-07,3.05947964919268959e-07,1.69246009577686922e-05,7.85135022263726596e-09,0.00000000000000000e+00
1644,4.83734905287776065e-07,3.05586777503477582e-07,1.69114558116504829e-05,7.87604785477858771e-09,0.00000000000000000e+00
1645,4.83358306818757139e-07,3.05219034270027558e-07,1.68983148806110295e-05,7.90072533062714554e-09,0.00000000000000000e+00
1646,4.82990921484756815e-07,3.04855919155070991e-07,1.68851860390817179e-05,7.92542406768067640e-09,0.00000000000000000e+00
1647,4.82598056368506325e-07,3.04493522445491804e-07,1.68720709061318372e-05,7.95013640969883878e-09,0.00000000000000000e+00
1648,4.82191369248706603e-07,3.04131240033207089e-07,1.68589693351904944e-05,7.97485238432749285e-09,0.00000000000000000e+00
1649,4.81781388620061703e-07,3.03769238842008786e-07,1.68458810192216124e-05,7.99956738516456195e-09,0.00000000000000000e+00
1650,4.81372080295067954e-07,3.03407693521819237e-07,1.68328057985085332e-05,8.02427971458915097e-09,0.00000000000000000e+00
1651,4.80964085139043087e-07,3.03046675908069889e-07,1.68197436159337314e-05,8.04898851073845982e-09,0.00000000000000000e+00
1652,4.80557144129398337e-07,3.02686197508074543e-07,1.68066944516262274e-05,8.07369259047477667e-09,0.00000000000000000e+00
1653,4.80150962285273673e-07,3.02326250862153104e-07,1.67936582932718358e-05,8.09838945006204518e-09,0.00000000000000000e+00
1654,4.79745366872766195e-07,3.01966827345659139e-07,1.67806351277901589e-05,8.12307471185703520e-09,0.00000000000000000e+00
1655,4.79340285361729157e-07,3.01607921512198641e-07,1.67676249399555931e-05,8.14774264782701085e-09,0.00000000000000000e+00
1656,4.78935705117573159e-07,3.01249530806289991e-07,1.67546277125549042e-05,8.17238786193713180e-09,0.00000000000000000e+00
1657,4.78531639207123008e-07,3.00891654336210889e-07,1.67416434270467003e-05,8.19700750427384167e-09,0.00000000000000000e+00
1658,4.78128100862174294e-07,3.00534291719627181e-07,1.67286720645366952e-05,8.22160308516626435e-09,0.00000000000000000e+00
1659,4.77725089476442325e-07,3.00177442252173160e-07,1.67157136066389139e-05,8.24618116527373337e-09,0.00000000000000000e+00
1660,4.77322589288802193e-07,2.99821104580403521e-07,1.67027680359234918e-05,8.27075270076111766e-09,0.00000000000000000e+00
1661,4.76920576113887851e-07,2.99465276921395754e-07,1.66898353358861005e-05,8.29533132444867683e-09,0.00000000000000000e+00
1662,4.76519026271435674e-07,2.99109957455348487e-07,1.66769154906202979e-05,8.31993114162187778e-09,0.00000000000000000e+00
1663,4.76117922933181899e-07,2.98755144781423863e-07,1.66640084844320240e-05,8.34456465887899869e-09,0.00000000000000000e+00
1664,4.75717258262345513e-07,2.98400838211416506e-07,1.66511143015245106e-05,8.36924130581427025e-09,0.00000000000000000e+00
1665,4.75317032387307063e-07,2.98047037756963484e-07,1.66382329258405439e-05,8.39396675991821558e-09,0.00000000000000000e+00
1666,4.74917250384718709e-07,2.97693744028290943e-07,1.66253643410331336e-05,8.41874304437689813e-09,0.00000000000000000e+00
1667,4.74517919133157403e-07,2.97340958032602426e-07,1.66125085304936000e-05,8.44356919885691351e-09,0.00000000000000000e+00
1668,4.74119044807050278e-07,2.96988680953664804e-07,1.65996654774551664e-05,8.46844224599375384e-09,0.00000000000000000e+00
1669,4.73720631499908518e-07,2.96636913965503859e-07,1.65868351650735662e-05,8.49335818171884893e-09,0.00000000000000000e+00
1670,4.73322680672608574e-07,2.96285658083547029e-07,1.65740175765085682e-05,8.51831278021943416e-09,0.00000000000000000e+00
1671,4.72925191503084855e-07,2.95934914068649547e-07,1.65612126949408762e-05,8.54330209492306267e-09,0.00000000000000000e+00
1672,4.72528161515652492e-07,2.95584682355533233e-07,1.65484205036369952e-05,8.56832262991825385e-09,0.00000000000000000e+00
1673,4.72131587417405362e-07,2.95234962981021838e-07,1.65356409859388603e-05,8.59337123266424284e-09,0.00000000000000000e+00
1674,4.71735465995343891e-07,2.94885755582163543e-07,1.65228741252409934e-05,8.61753883268157516e-09,0.00000000000000000e+00
1675,4.71326608077978545e-07,2.94528139804207018e-07,1.65101210489834144e-05,8.64300560777427370e-09,0.00000000000000000e+00
1676,4.70952252907858471e-07,2.94190225490128718e-07,1.64973784918774692e-05,8.66727054539715365e-09,0.00000000000000000e+00
1677,4.70542755734849963e-07,2.93833482614489220e-07,1.64846505645219245e-05,8.69191196434689044e-09,0.00000000000000000e+00
1678,4.70152251391034743e-07,2.93487393775543931e-07,1.64719344132773025e-05,8.71660074937620707e-09,0.00000000000000000e+00
1679,4.69762309016829702e-07,2.93141541884741711e-07,1.64592307463163239e-05,8.74132133652030711e-09,0.00000000000000000e+00
1680,4.69370263692333736e-07,2.92795802129735689e-07,1.64465396877624581e-05,8.76605886466828489e-09,0.00000000000000000e+00
1681,4.68977305515135130e-07,2.92450386830791328e-07,1.64338612050857537e-05,8.79079955259958603e-09,0.00000000000000000e+00
1682,4.68584435504291096e-07,2.92105410842751155e-07,1.64211952540951467e-05,8.80938024591110159e-09,0.00000000000000000e+00
1683,4.68034642798134576e-07,2.91753589837878213e-07,1.64085494945497149e-05,8.83779052254476840e-09,0.00000000000000000e+00
1684,4.67908423731720538e-07,2.91426398060000181e-07,1.63958976661221479e-05,8.86326658557680930e-09,0.00000000000000000e+00
1685,4.67480203012983953e-07,2.91082912755429734e-07,1.63832689061456676e-05,8.88145987272696312e-09,0.00000000000000000e+00
1686,4.66862107720776340e-07,2.90721384268924851e-07,1.63706629044946036e-05,8.90989726584582043e-09,0.00000000000000000e+00
1687,4.66728011967628028e-07,2.90396316846254825e-07,1.63580489743478331e-05,8.93528416170280806e-09,0.00000000000000000e+00
1688,4.66301923408949652e-07,2.90054725300917634e-07,1.63454576589552786e-05,8.95311681244083447e-09,0.00000000000000000e+00
1689,4.65686607394663577e-07,2.89694753469860113e-07,1.63328889927483822e-05,8.98150136815032091e-09,0.00000000000000000e+00
1690,4.65557567696834957e-07,2.89371364167188344e-07,1.63203121951655997e-05,9.00579882972226048e-09,0.00000000000000000e+00
1691,4.65121615915099093e-07,2.89023169801382250e-07,1.63077590710830501e-05,9.02358921512707870e-09,0.00000000000000000e+00
1692,4.64528594301141574e-07,2.88674299054199925e-07,1.62952265896333063e-05,9.05193914893345008e-09,0.00000000000000000e+00
1693,4.64397463282171620e-07,2.88351740463165844e-07,1.62826869100282046e-05,9.06921600949472091e-09,0.00000000000000000e+00
1694,4.63799613610029565e-07,2.87996551114688864e-07,1.62701785266791967e-05,9.09764125745557947e-09,0.00000000000000000e+00
1695,4.63636983335195239e-07,2.87674102128890183e-07,1.62576644328182507e-05,9.11473309041646924e-09,0.00000000000000000e+00
1696,4.63023914815558033e-07,2.87319329379352502e-07,1.62451812113617979e-05,9.14326268056687273e-09,0.00000000000000000e+00
1697,4.62862144408251456e-07,2.86997938637362065e-07,1.62326917528287347e-05,9.16024759559857707e-09,0.00000000000000000e+00
1698,4.62249815959383785e-07,2.86644023884904174e-07,1.62202331268115061e-05,9.18894457035704734e-09,0.00000000000000000e+00
1699,4.62091161716832131e-07,2.86323681118959317e-07,1.62077681194109780e-05,9.20593903037906025e-09,0.00000000000000000e+00
1700,4.61479034251566155e-07,2.85970659325143782e-07,1.61953340197519074e-05,9.23388086325841423e-09,0.00000000000000000e+00
1701,4.61311962772397979e-07,2.85645496595736258e-07,1.61828942600314720e-05,9.25132413885467714e-09,0.00000000000000000e+00
1702,4.60718063861724496e-07,2.85300027088032385e-07,1.61704838423544766e-05,9.27194215096446364e-09,0.00000000000000000e+00
1703,4.60394103754956194e-07,2.84967294508511380e-07,1.61580758786817661e-05,9.30038793487493399e-09,0.00000000000000000e+00
1704,4.60209518864242871e-07,2.84642535915052417e-07,1.61456725911445382e-05,9.31813658315323267e-09,0.00000000000000000e+00
1705,4.59581426541882685e-07,2.84297232682329392e-07,1.61332995739060595e-05,9.33904539372047627e-09,0.00000000000000000e+00
1706,4.59245764436100233e-07,2.83965494722829628e-07,1.61209285214966507e-05,9.36021307496373188e-09,0.00000000000000000e+00
1707,4.58905475935207140e-07,2.83633570773783112e-07,1.61085690847949966e-05,9.38162094318731401e-09,0.00000000000000000e+00
1708,4.58536339187596393e-07,2.83301477526302135e-07,1.60962225247080375e-05,9.40319576610660802e-09,0.00000000000000000e+00
1709,4.58155169857919246e-07,2.82969569463048372e-07,1.60838884838292081e-05,9.42488325915133407e-09,0.00000000000000000e+00
1710,4.57772119986046207e-07,2.82638072563337356e-07,1.60715666484242404e-05,9.44663790833603558e-09,0.00000000000000000e+00
1711,4.57390214635664005e-07,2.82307070564563345e-07,1.60592568868487137e-05,9.46841764232819837e-09,0.00000000000000000e+00
1712,4.57009661038094435e-07,2.81976572642654108e-07,1.60469591580484115e-05,9.49018173640634226e-09,0.00000000000000000e+00
1713,4.56630076057204255e-07,2.81646564400119161e-07,1.60346734485469141e-05,9.51134102546469174e-09,0.00000000000000000e+00
1714,4.56255213474649877e-07,2.81318408097046288e-07,1.60223995452197615e-05,9.53255311237236860e-09,0.00000000000000000e+00
1715,4.55874598029491432e-07,2.80988311631233243e-07,1.60101379125989308e-05,1.30169627929921996e-09,0.00000000000000000e+00
1716,5.29882370931136012e-07,3.50923924128219945e-07,1.59987656899847829e-05,2.11562930693223949e-09,0.00000000000000000e+00
1717,4.82608278799461465e-07,3.28032127076305221e-07,1.59868428608617586e-05,1.75113111632563969e-09,0.00000000000000000e+00
1718,4.69476343879923251e-07,3.06812559193797536e-07,1.59743059561823422e-05,1.49473262023604938e-09,0.00000000000000000e+00
1719,4.64920983088391358e-07,2.96168596349050658e-07,1.59619394718210114e-05,3.65090910071687503e-10,0.00000000000000000e+00
1720,4.59580470354318912e-07,2.87572666624893961e-07,1.59495395264824055e-05,8.25507018870545296e-10,0.00000000000000000e+00
1721,4.56843186386045400e-07,2.82989743697698275e-07,1.59372189577936619e-05,1.02893719624698365e-09,0.00000000000000000e+00
1722,4.55189277345934886e-07,2.82826594666560698e-07,1.59250452964573139e-05,1.57207065032414409e-09,0.00000000000000000e+00
1723,4.55016292191620191e-07,2.81512484579426065e-07,1.59127920153904117e-05,1.92040412900099505e-09,0.00000000000000000e+00
1724,4.54359248993729920e-07,2.80604457559535704e-07,1.59005995793650290e-05,2.21789461676404916e-09,0.00000000000000000e+00
1725,4.53153836555314373e-07,2.79812366689418402e-07,1.58884528295209417e-05,2.84495207417937440e-09,0.00000000000000000e+00
1726,4.52790715647828182e-07,2.79477172568012589e-07,1.58763278079247581e-05,2.99945690444719775e-09,0.00000000000000000e+00
1727,4.52438662015626498e-07,2.78161208753685190e-07,1.58641594781713195e-05,3.19214764322145140e-09,0.00000000000000000e+00
1728,4.51108116765945281e-07,2.77348624865308176e-07,1.58520628773544360e-05,3.20975043516059668e-09,0.00000000000000000e+00
1729,4.51719969821351508e-07,2.76921888357122577e-07,1.58399179889558726e-05,3.28642885426499105e-09,0.00000000000000000e+00
1730,4.50650559258982539e-07,2.76487209891884980e-07,1.58278469555003852e-05,3.35360675287501817e-09,0.00000000000000000e+00
1731,4.49758805849917761e-07,2.76064551210328965e-07,1.58157909696266595e-05,3.41008153988724216e-09,0.00000000000000000e+00
1732,4.49446969016663581e-07,2.75651461356563829e-07,1.58037295953611341e-05,3.46401359346664196e-09,0.00000000000000000e+00
1733,4.49171092862453164e-07,2.75276491103451724e-07,1.57916778916766594e-05,3.51933853463429989e-09,0.00000000000000000e+00
1734,4.48987871274065350e-07,2.74923851912609414e-07,1.57796329739791893e-05,3.57117826798731945e-09,0.00000000000000000e+00
1735,4.48395665778655858e-07,2.74580876806822826e-07,1.57676154950809683e-05,3.62735704637762851e-09,0.00000000000000000e+00
1736,4.48215720031617052e-07,2.74249841244193156e-07,1.57555942675797331e-05,3.68143377044232927e-09,0.00000000000000000e+00
1737,4.47795514541750844e-07,2.73933635074026308e-07,1.57435927878401412e-05,3.73383622405854525e-09,0.00000000000000000e+00
1738,4.47342878281808277e-07,2.73604882120752424e-07,1.57316052831864253e-05,3.78615335718909870e-09,0.00000000000000000e+00
1739,4.46976609003051361e-07,2.73287691160167176e-07,1.57196264199268993e-05,3.83636466577080554e-09,0.00000000000000000e+00
1740,4.46600115652115243e-07,2.72982411509064006e-07,1.57076595220383959e-05,3.88588195840070281e-09,0.00000000000000000e+00
1741,4.46280318870788713e-07,2.72637934550931995e-07,1.56957035746023785e-05,3.93306158532390944e-09,0.00000000000000000e+00
1742,4.45900326669925671e-07,2.72312860512678053e-07,1.56837611439418691e-05,3.97845057493335595e-09,0.00000000000000000e+00
1743,4.45517200946112657e-07,2.71998998150224488e-07,1.56718305207005278e-05,4.02215488832135056e-09,0.00000000000000000e+00
1744,4.45145587872056489e-07,2.71685352011761311e-07,1.56599112080591549e-05,4.06436516790364917e-09,0.00000000000000000e+00
1745,4.44781723785191700e-07,2.71370109795304062e-07,1.56480032157812010e-05,4.10530219653873444e-09,0.00000000000000000e+00
1746,4.44420493020597453e-07,2.71052971854989934e-07,1.56361066537997317e-05,4.14519418035893294e-09,0.00000000000000000e+00
1747,4.44059193074761621e-07,2.70734070266568240e-07,1.56242215904922642e-05,4.18426702794840335e-09,0.00000000000000000e+00
1748,4.43697051704410577e-07,2.70413764072735347e-07,1.56123480396692135e-05,4.22273685055871963e-09,0.00000000000000000e+00
1749,4.43334128189986610e-07,2.70092547991391217e-07,1.56004859842911159e-05,4.26080214299263030e-09,0.00000000000000000e+00
1750,4.42970639608295219e-07,2.69770987846921185e-07,1.55886353976333059e-05,4.29863657683761864e-09,0.00000000000000000e+00
1751,4.42606726927901035e-07,2.69449668705112187e-07,1.55767962539018177e-05,4.33477928351252062e-09,0.00000000000000000e+00
1752,4.42190867984375144e-07,2.69163748368291143e-07,1.55649691652609860e-05,4.37185220021394720e-09,0.00000000000000000e+00
1753,4.41844441424881898e-07,2.68855011391583961e-07,1.55531514064386239e-05,4.40836610427543080e-09,0.00000000000000000e+00
1754,4.41479907151464777e-07,2.68528635517220137e-07,1.55413460006763547e-05,4.44576458711854791e-09,0.00000000000000000e+00
1755,4.41133945925568092e-07,2.68203457060789040e-07,1.55295511621978313e-05,4.47993000747264487e-09,0.00000000000000000e+00
1756,4.40614550109045077e-07,2.67891067323366691e-07,1.55177749606739550e-05,4.51955713969611425e-09,0.00000000000000000e+00
1757,4.40487613364410692e-07,2.67576818599544071e-07,1.55059945241579576e-05,4.55512479299475149e-09,0.00000000000000000e+00
1758,4.39954381076067876e-07,2.67273484608095775e-07,1.54942404115552750e-05,4.59501729099611803e-09,0.00000000000000000e+00
1759,4.39779874785354236e-07,2.66964764861605752e-07,1.54824841644266955e-05,4.63131836796390781e-09,0.00000000000000000e+00
1760,4.39219897778189956e-07,2.66665788739450140e-07,1.54707538635368175e-05,4.67090473247705423e-09,0.00000000000000000e+00
1761,4.39047425581867781e-07,2.66359682592057153e-07,1.54590205579759103e-05,4.70927804408374235e-09,0.00000000000000000e+00
1762,4.38656054606695254e-07,2.66059566486509416e-07,1.54473060412428000e-05,4.74739257969781107e-09,0.00000000000000000e+00
1763,4.38248078828816564e-07,2.65757723689142476e-07,1.54356040917619788e-05,4.78512047341748382e-09,0.00000000000000000e+00
1764,4.37866486334519411e-07,2.65455618101253824e-07,1.54239129460723823e-05,4.82244606900239009e-09,0.00000000000000000e+00
1765,4.37504766505615854e-07,2.65153338767763634e-07,1.54122324962898603e-05,4.85990037512340238e-09,0.00000000000000000e+00
1766,4.37170762350390585e-07,2.64859175800925161e-07,1.54005618822596986e-05,4.89660720926303862e-09,0.00000000000000000e+00
1767,4.36806870784565465e-07,2.64564406601594380e-07,1.53889035585270601e-05,4.93293847440995145e-09,0.00000000000000000e+00
1768,4.36444864127842019e-07,2.64260697341292761e-07,1.53772565880859313e-05,4.96969701082495636e-09,0.00000000000000000e+00
1769,4.36135522433234001e-07,2.63923286293997412e-07,1.53656201305885895e-05,5.00572726695852459e-09,0.00000000000000000e+00
1770,4.35764319237611353e-07,2.63604276072657326e-07,1.53539967479687592e-05,5.04140965702981445e-09,0.00000000000000000e+00
1771,4.35389012537962800e-07,2.63296126645493856e-07,1.53423847030865930e-05,5.07676335774851635e-09,0.00000000000000000e+00
1772,4.35025158448026706e-07,2.62989097005720127e-07,1.53307834708232934e-05,5.11184547467405826e-09,0.00000000000000000e+00
1773,4.34669576748778619e-07,2.62682043306090675e-07,1.53191930482397374e-05,5.14671497868954672e-09,0.00000000000000000e+00
1774,4.34317287470357441e-07,2.62375001415581862e-07,1.53076135500055921e-05,5.18142083935103018e-09,0.00000000000000000e+00
1775,4.33965490175824200e-07,2.62068182027703470e-07,1.52960450604886187e-05,5.21600039271820779e-09,0.00000000000000000e+00
1776,4.33613305660476059e-07,2.61761824097008654e-07,1.52844876131359291e-05,5.25048003237851337e-09,0.00000000000000000e+00
1777,4.33260784341185495e-07,2.61456152197446058e-07,1.52729412088539705e-05,5.28487605079906478e-09,0.00000000000000000e+00
1778,4.32908233904680924e-07,2.61151353793893876e-07,1.52614058347619196e-05,5.31919583188501912e-09,0.00000000000000000e+00
1779,4.32555939364527659e-07,2.60847567922873655e-07,1.52498814744415826e-05,5.35343980994365851e-09,0.00000000000000000e+00
1780,4.32204099437217032e-07,2.60544880678594830e-07,1.52383681117357927e-05,5.38760390657960913e-09,0.00000000000000000e+00
1781,4.31852834005991596e-07,2.60243324220878234e-07,1.52268657315929571e-05,5.42168158179890054e-09,0.00000000000000000e+00
1782,4.31502200426649972e-07,2.59942879044208871e-07,1.52153743201377700e-05,5.45566497576207952e-09,0.00000000000000000e+00
1783,4.31152206332881250e-07,2.59643480948811776e-07,1.52038938649667992e-05,5.48954554109371135e-09,0.00000000000000000e+00
1784,4.30802822831934253e-07,2.59345033104566043e-07,1.51924243554373061e-05,5.52331467359464565e-09,0.00000000000000000e+00
1785,4.30453997981283156e-07,2.59047418999689074e-07,1.51809657823147733e-05,5.55696434798403837e-09,0.00000000000000000e+00
1786,4.30105668070395254e-07,2.58750511749692038e-07,1.51695181370266394e-05,5.59048783047709404e-09,0.00000000000000000e+00
1787,4.29757765918444228e-07,2.58454180356679497e-07,1.51580814110629068e-05,5.62388063627307631e-09,0.00000000000000000e+00
1788,4.29410226387595928e-07,2.58158296031567372e-07,1.51466555956680821e-05,5.65611214024037025e-09,0.00000000000000000e+00
1789,4.29013455294241287e-07,2.57896480326044782e-07,1.51352412851963262e-05,5.68974063335890042e-09,0.00000000000000000e+00
1790,4.28732637318250222e-07,2.57580050675908129e-07,1.51238352319860102e-05,5.72281908023804431e-09,0.00000000000000000e+00
1791,4.28390959390846702e-07,2.57273496969740654e-07,1.51124418580496187e-05,5.75471551265154008e-09,0.00000000000000000e+00
1792,4.27982677780399533e-07,2.57010277541455431e-07,1.51010605288526328e-05,5.78808914965423163e-09,0.00000000000000000e+00
1793,4.27694276245508199e-07,2.56694157905981831e-07,1.50896874076066758e-05,5.81981986707470669e-09,0.00000000000000000e+00
1794,4.27299712569990211e-07,2.56420693595386223e-07,1.50783274334606199e-05,5.85202133491710789e-09,0.00000000000000000e+00
1795,4.26959325873528713e-07,2.56135128706116918e-07,1.50669767170720614e-05,5.88422259055700764e-09,0.00000000000000000e+00
1796,4.26626114447539851e-07,2.55840769449365673e-07,1.50556366033662344e-05,5.91644668295625859e-09,0.00000000000000000e+00
1797,4.26285952064529691e-07,2.55545880328003998e-07,1.50443075070538632e-05,5.94869746655317814e-09,0.00000000000000000e+00
1798,4.25940633736940192e-07,2.55251406688000636e-07,1.50329894204788337e-05,5.98097498343909328e-09,0.00000000000000000e+00
1799,4.25593588951452608e-07,2.54957442761932963e-07,1.50216822438237003e-05,6.01262093185621074e-09,0.00000000000000000e+00
1800,4.25227339941575098e-07,2.54655454527781047e-07,1.50103869985023769e-05,6.04471765589736005e-09,0.00000000000000000e+00
1801,4.24892669112114534e-07,2.54354130619249639e-07,1.49991014094662531e-05,6.07686357883115850e-09,0.00000000000000000e+00
1802,4.24556343575210023e-07,2.54061092364545911e-07,1.49878264618849132e-05,6.10905614523315583e-09,0.00000000000000000e+00
1803,4.24215406741785644e-07,2.53769933424929639e-07,1.49765623775949408e-05,6.14128124708176356e-09,0.00000000000000000e+00
1804,4.23872047910523000e-07,2.53479672753734960e-07,1.49653091274030626e-05,6.17352218219647616e-09,0.00000000000000000e+00
1805,4.23528340236710128e-07,2.53190194355070780e-07,1.49540666425977965e-05,6.20576305376659010e-09,0.00000000000000000e+00
1806,4.23185258032470343e-07,2.52901477941406823e-07,1.49428348738869613e-05,6.23798991168416381e-09,0.00000000000000000e+00
1807,4.22843040145689570e-07,2.52613484792770609e-07,1.49316137929280622e-05,6.27019098980845299e-09,0.00000000000000000e+00
1808,4.22501627275785249e-07,2.52326151477141598e-07,1.49204033821258209e-05,6.30298164608041727e-09,0.00000000000000000e+00
1809,4.22179943645614327e-07,2.52047683718360751e-07,1.49092025481404972e-05,6.33470444299874518e-09,0.00000000000000000e+00
1810,4.21809373335252932e-07,2.51761333570159890e-07,1.48980145517801727e-05,6.36738130875456030e-09,0.00000000000000000e+00
1811,4.21491157445510173e-07,2.51476452315690311e-07,1.48868351133042755e-05,6.39960886931157162e-09,0.00000000000000000e+00
1812,4.21145858928118821e-07,2.51198154498849043e-07,1.48756671678406681e-05,6.43176047260883785e-09,0.00000000000000000e+00
1813,4.20801029421499407e-07,2.50913752391983839e-07,1.48645099690355083e-05,6.46383408501947793e-09,0.00000000000000000e+00
1814,4.20459735654485298e-07,2.50628445601961843e-07,1.48533633061369716e-05,6.49583596694523546e-09,0.00000000000000000e+00
1815,4.20120925034650212e-07,2.50343090702799584e-07,1.48422271565552214e-05,6.52777432280953994e-09,0.00000000000000000e+00
1816,4.19783242628020216e-07,2.50057800911996739e-07,1.48311015368230262e-05,6.55965742889629125e-09,0.00000000000000000e+00
1817,4.19445967124827770e-07,2.49772579346891416e-07,1.48199864555791919e-05,6.59149379028814059e-09,0.00000000000000000e+00
1818,4.19108882079069222e-07,2.49487430822699266e-07,1.48088819082222104e-05,6.62329253386468056e-09,0.00000000000000000e+00
1819,4.18771997202980674e-07,2.49202378803886126e-07,1.47977878823346245e-05,6.65506348027363607e-09,0.00000000000000000e+00
1820,4.18435378378379248e-07,2.48917464019463487e-07,1.47867043626488719e-05,6.68681689905257971e-09,0.00000000000000000e+00
1821,4.18099083901964914e-07,2.48632739672314885e-07,1.47756313335482163e-05,6.71856306005292880e-09,0.00000000000000000e+00
1822,4.17763153013786314e-07,2.48348266448771482e-07,1.47645687799264385e-05,6.75031166520868847e-09,0.00000000000000000e+00
1823,4.17427609834810270e-07,2.48064107867507886e-07,1.47535166872936574e-05,6.78207123107759861e-09,0.00000000000000000e+00
1824,4.17092468620379468e-07,2.47780326061554656e-07,1.47424750417050968e-05,6.81384851157358309e-09,0.00000000000000000e+00
1825,4.16757737406616026e-07,2.47496978042109669e-07,1.47314438296320938e-05,6.84564806367816103e-09,0.00000000000000000e+00
1826,4.16423420008925276e-07,2.47214112551146010e-07,1.47204230377875341e-05,6.87747203759118659e-09,0.00000000000000000e+00
1827,4.16089517087591423e-07,2.46931767749229764e-07,1.47094126530536962e-05,6.90932022065152636e-09,0.00000000000000000e+00
1828,4.15756025944262210e-07,2.46649969725762494e-07,1.46984126623813835e-05,6.94119030935838498e-09,0.00000000000000000e+00
1829,4.15422939947087355e-07,2.46368732104913191e-07,1.46874230528185002e-05,6.97307835221283549e-09,0.00000000000000000e+00
1830,4.15090247699406423e-07,2.46088056584868141e-07,1.46764438115615451e-05,7.00497929744383626e-09,0.00000000000000000e+00
1831,4.14757932978461708e-07,2.45807934438026967e-07,1.46654749260597755e-05,7.03688757240035056e-09,0.00000000000000000e+00
1832,4.14425975489322089e-07,2.45528348656651273e-07,1.46545163840413625e-05,7.06879760847044310e-09,0.00000000000000000e+00
1833,4.14094352243456945e-07,2.45249276321567876e-07,1.46435681735317863e-05,7.10070422855257839e-09,0.00000000000000000e+00
1834,4.13763039459690531e-07,2.44970690943485718e-07,1.46326302827886680e-05,7.13196406155705226e-09,0.00000000000000000e+00
1835,4.13413199803789591e-07,2.44684352038317232e-07,1.46217037721968215e-05,7.16423629210872066e-09,0.00000000000000000e+00
1836,4.13112174538733677e-07,2.44406602152331687e-07,1.46107853968354556e-05,7.19549769133837251e-09,0.00000000000000000e+00
1837,4.12760673009099997e-07,2.44128244594130706e-07,1.45998793330954878e-05,7.22712884548367542e-09,0.00000000000000000e+00
1838,4.12436156713070754e-07,2.43844446223824882e-07,1.45889826831126270e-05,7.25875189321957919e-09,0.00000000000000000e+00
1839,4.12111613248857569e-07,2.43567040561620814e-07,1.45780961615968958e-05,7.29036575874454586e-09,0.00000000000000000e+00
1840,4.11784145230731616e-07,2.43290876249523311e-07,1.45672199457889492e-05,7.32196375979025348e-09,0.00000000000000000e+00
1841,4.11454876488839550e-07,2.43015136311613151e-07,1.45563540277411922e-05,7.35353873941615482e-09,0.00000000000000000e+00
1842,4.11125148212977254e-07,2.42739727507325491e-07,1.45454983634962063e-05,7.38508473869536859e-09,0.00000000000000000e+00
1843,4.10795658493770787e-07,2.42464663368098909e-07,1.45346529180579883e-05,7.41278613385025188e-09,0.00000000000000000e+00
1844,4.10306072525733092e-07,2.42190931833719934e-07,1.45238247798251456e-05,7.44649157946242277e-09,0.00000000000000000e+00
1845,4.10232892040402727e-07,2.41920305825539731e-07,1.45129899538858144e-05,7.47773463873417210e-09,0.00000000000000000e+00
1846,4.09872432859223377e-07,2.41649282809438117e-07,1.45021751946532075e-05,7.50927718740280719e-09,0.00000000000000000e+00
1847,4.09503673207781196e-07,2.41369840606095748e-07,1.44913715887793852e-05,7.53671466241875614e-09,0.00000000000000000e+00
1848,4.08990279283694380e-07,2.41096184871197086e-07,1.44805849924294437e-05,7.57040252741079868e-09,0.00000000000000000e+00
1849,4.08918704009424455e-07,2.40826955813057647e-07,1.44697909401910005e-05,7.60148239308471676e-09,0.00000000000000000e+00
1850,4.08560354632769254e-07,2.40557757016457156e-07,1.44590168226833745e-05,7.62870583069491945e-09,0.00000000000000000e+00
1851,4.08029593159863322e-07,2.40280670942387708e-07,1.44482609258818357e-05,7.66237299226727824e-09,0.00000000000000000e+00
1852,4.07944608668626870e-07,2.40012195674423790e-07,1.44374976996685458e-05,7.69332571892625577e-09,0.00000000000000000e+00
1853,4.07581256870275165e-07,2.39744032152318086e-07,1.44267541384267335e-05,7.72024221904690241e-09,0.00000000000000000e+00
1854,4.07050598240657923e-07,2.39468100566265827e-07,1.44160285937345702e-05,7.75383459196504020e-09,0.00000000000000000e+00
1855,4.06968245079644904e-07,2.39200963193629691e-07,1.44052955664914868e-05,7.78461896199911508e-09,0.00000000000000000e+00
1856,4.06607123979557345e-07,2.38934115795425593e-07,1.43945821544371186e-05,7.81120374795280494e-09,0.00000000000000000e+00
1857,4.06078752170956256e-07,2.38659270445833667e-07,1.43838867059784696e-05,7.84471511720595259e-09,0.00000000000000000e+00
1858,4.05996803657421769e-07,2.38393378545097655e-07,1.43731837953057311e-05,7.87534382899687902e-09,0.00000000000000000e+00
1859,4.05636921493483327e-07,2.38127595963861409e-07,1.43625004303892737e-05,7.90624925735366278e-09,0.00000000000000000e+00
1860,4.05273954725167377e-07,2.37853561968877925e-07,1.43518278275551630e-05,7.93235811292287015e-09,0.00000000000000000e+00
1861,4.04768161204786458e-07,2.37584493252340598e-07,1.43411719775216049e-05,7.96579816639430549e-09,0.00000000000000000e+00
1862,4.04702896106331263e-07,2.37320660293598397e-07,1.43305084735096318e-05,7.99630946530152063e-09,0.00000000000000000e+00
1863,4.04350984071156499e-07,2.37056393340558647e-07,1.43198647084647079e-05,8.02715522098544097e-09,0.00000000000000000e+00
1864,4.03990191979907440e-07,2.36783662191828587e-07,1.43092318495649896e-05,8.05311907019143916e-09,0.00000000000000000e+00
1865,4.03484539365247447e-07,2.36515395873577267e-07,1.42986157858890337e-05,8.08667338394885965e-09,0.00000000000000000e+00
1866,4.03419981890803672e-07,2.36252765031748898e-07,1.42879920208708300e-05,8.11726060940421094e-09,0.00000000000000000e+00
1867,4.03068934647765925e-07,2.35989588695613842e-07,1.42773879500833307e-05,8.14337538023830882e-09,0.00000000000000000e+00
1868,4.02544762366134140e-07,2.35717520806576218e-07,1.42668019044174624e-05,8.17713454541045958e-09,0.00000000000000000e+00
1869,4.02466087557405301e-07,2.35455224312851783e-07,1.42562083070433797e-05,8.20790029183727692e-09,0.00000000000000000e+00
1870,4.02109387594289266e-07,2.35192676323243677e-07,1.42456341418427001e-05,8.23418244583779978e-09,0.00000000000000000e+00
1871,4.01583192790921791e-07,2.34921529542480004e-07,1.42350778537925606e-05,8.26747836273266375e-09,0.00000000000000000e+00
1872,4.01491944166548159e-07,2.34653966827562347e-07,1.42245146694266493e-05,8.29408491758035770e-09,0.00000000000000000e+00
1873,4.01004306798847367e-07,2.34391434801659176e-07,1.42139759605083331e-05,8.32757850500777773e-09,0.00000000000000000e+00
1874,4.00879929629663733e-07,2.34126857931071586e-07,1.42034331911034423e-05,8.35440409056213523e-09,0.00000000000000000e+00
1875,4.00370124008637358e-07,2.33864681268191030e-07,1.41929148066813811e-05,8.38805126703713735e-09,0.00000000000000000e+00
1876,4.00243425528030412e-07,2.33600567506223119e-07,1.41823918265429140e-05,8.41500194272330807e-09,0.00000000000000000e+00
1877,3.99732066494092023e-07,2.33339285717585108e-07,1.41718931522782397e-05,8.44872844193032576e-09,0.00000000000000000e+00
1878,3.99608873493151057e-07,2.33075944125352536e-07,1.41613896634965264e-05,8.47572882163911315e-09,0.00000000000000000e+00
1879,3.99097729413790670e-07,2.32815590046039953e-07,1.41509105553147504e-05,8.50496407386291826e-09,0.00000000000000000e+00
1880,3.98829470745663182e-07,2.32551300058591312e-07,1.41404329823733609e-05,8.53869724031290588e-09,0.00000000000000000e+00
1881,3.98701103585137157e-07,2.32293389043901965e-07,1.41299583259385410e-05,8.56564577412016064e-09,0.00000000000000000e+00
1882,3.98165298736463398e-07,2.32035103604778668e-07,1.41195089899225717e-05,8.59484830472317299e-09,0.00000000000000000e+00
1883,3.97883840212766014e-07,2.31770397520246446e-07,1.41090610549835667e-05,8.62398799442160096e-09,0.00000000000000000e+00
1884,3.97607840741837568e-07,2.31511157841765118e-07,1.40986220017193424e-05,8.65309958098460014e-09,0.00000000000000000e+00
1885,3.97307079235251325e-07,2.31252396617258709e-07,1.40881932487740858e-05,8.68215548342611908e-09,0.00000000000000000e+00
1886,3.96993623986352844e-07,2.30993541617953985e-07,1.40777746131088169e-05,8.71113213549406214e-09,0.00000000000000000e+00
1887,3.96677390771896715e-07,2.30734815068836619e-07,1.40673658376568730e-05,8.73994038572342846e-09,0.00000000000000000e+00
1888,3.96362029938071346e-07,2.30477919646447556e-07,1.40569666968066275e-05,8.76875525861225170e-09,0.00000000000000000e+00
1889,3.96047483049036039e-07,2.30218688204077698e-07,1.40465772063762309e-05,8.79747118650512132e-09,0.00000000000000000e+00
1890,3.95734126791323480e-07,2.29960820559679679e-07,1.40361973505004748e-05,8.82608049910618166e-09,0.00000000000000000e+00
1891,3.95421359797712849e-07,2.29703485171375214e-07,1.40258271191492204e-05,8.85457826877438695e-09,0.00000000000000000e+00
1892,3.95109019441450422e-07,2.29446546364597627e-07,1.40154665016359306e-05,8.88296041399183267e-09,0.00000000000000000e+00
1893,3.94797071149182544e-07,2.29189985085459723e-07,1.40051154857038540e-05,8.91122524814215336e-09,0.00000000000000000e+00
1894,3.94485522307855755e-07,2.28933796723897046e-07,1.39947740578324577e-05,8.93937609044905397e-09,0.00000000000000000e+00
1895,3.94174386557524461e-07,2.28677976722239051e-07,1.39844422039786468e-05,8.96742340224408091e-09,0.00000000000000000e+00
1896,3.93863666091370203e-07,2.28422519271244893e-07,1.39741199104195136e-05,8.99538543635793560e-09,0.00000000000000000e+00
1897,3.93553347216873725e-07,2.28167417216452928e-07,1.39638071643452008e-05,9.02328709751162201e-09,0.00000000000000000e+00
1898,3.93243405522772863e-07,2.27912662422575660e-07,1.39535039539455062e-05,9.05115738151061741e-09,0.00000000000000000e+00
1899,3.92933814949949915e-07,2.27658246477250158e-07,1.39432102681394396e-05,9.07902615384810443e-09,0.00000000000000000e+00
1900,3.92624555617059357e-07,2.27404161544603583e-07,1.39329260961476411e-05,9.10692108331762464e-09,0.00000000000000000e+00
1901,3.92315617480992891e-07,2.27150401108986212e-07,1.39226514270807161e-05,9.13486534554085097e-09,0.00000000000000000e+00
1902,3.92006999775853586e-07,2.26896960393384716e-07,1.39123862497396931e-05,9.16287639225228165e-09,0.00000000000000000e+00
1903,3.91698707849458229e-07,2.26643836633967727e-07,1.39021305525334903e-05,9.19096576929469177e-09,0.00000000000000000e+00
1904,3.91390749083833633e-07,2.26391029149768109e-07,1.38918843235734802e-05,9.21832061150509782e-09,0.00000000000000000e+00
1905,3.91074618225461103e-07,2.26133363330749820e-07,1.38816483320050032e-05,9.24608775927754647e-09,0.00000000000000000e+00
1906,3.90772146536697281e-07,2.25882739676164317e-07,1.38714211994791879e-05,9.26559947502485282e-09,0.00000000000000000e+00
1907,3.90294833277703079e-07,2.25621235544919335e-07,1.38612121088478908e-05,9.29823509188970960e-09,0.00000000000000000e+00
1908,3.90277495107819767e-07,2.25386026436947100e-07,1.38509922070277473e-05,9.32718659306564533e-09,0.00000000000000000e+00
1909,3.89933136272435222e-07,2.25135790808856078e-07,1.38407930769188101e-05,9.34709261947680197e-09,0.00000000000000000e+00
1910,3.89383917521603502e-07,2.24866971242443301e-07,1.38306143732695451e-05,9.38015967026918482e-09,0.00000000000000000e+00
1911,3.89354651816923533e-07,2.24633323704531781e-07,1.38204232948026347e-05,9.40038387583071035e-09,0.00000000000000000e+00
1912,3.88822678499951387e-07,2.24368682370606217e-07,1.38102618410117497e-05,9.43378149177948417e-09,0.00000000000000000e+00
1913,3.88760408286387285e-07,2.24134704290498949e-07,1.38000904788865578e-05,9.45410660104365780e-09,0.00000000000000000e+00
1914,3.88208891450268375e-07,2.23871303611577237e-07,1.37899484201430238e-05,9.48689907789860103e-09,0.00000000000000000e+00
1915,3.88140863754837739e-07,2.23633808584429487e-07,1.37797962589035287e-05,9.50731140458447686e-09,0.00000000000000000e+00
1916,3.87599899329687095e-07,2.23374667419009553e-07,1.37696726918450761e-05,9.53093903521656427e-09,0.00000000000000000e+00
1917,3.87361085684140373e-07,2.23128235105388094e-07,1.37595474326223298e-05,9.56389442175845983e-09,0.00000000000000000e+00
1918,3.87277427881289072e-07,2.22892691136599918e-07,1.37494230012548967e-05,9.58329084540083088e-09,0.00000000000000000e+00
1919,3.86707826240438668e-07,2.22633890629032877e-07,1.37393277758918304e-05,9.60669015011470771e-09,0.00000000000000000e+00
1920,3.86444985528673644e-07,2.22384014417703114e-07,1.37292313742429124e-05,9.62991879884073264e-09,0.00000000000000000e+00
1921,3.86188741553330710e-07,2.22139751448693918e-07,1.37191432178430401e-05,9.65249144723514020e-09,0.00000000000000000e+00
1922,3.85912717900384484e-07,2.21895986795014926e-07,1.37090644763059729e-05,9.67512837096547926e-09,0.00000000000000000e+00
1923,3.85604581083238093e-07,2.21649283283614870e-07,1.36989962182752350e-05,9.69771356898236972e-09,0.00000000000000000e+00
1924,3.85295330910533726e-07,2.21403040019258724e-07,1.36889372769511609e-05,1.08594104814051783e-09,0.00000000000000000e+00
1925,4.69372956622448676e-07,3.02337202617290250e-07,1.36799940445697570e-05,1.85260830166480991e-09,0.00000000000000000e+00
1926,4.15375711001003056e-07,2.78772250322491235e-07,1.36702195355404911e-05,1.45849243030679619e-09,0.00000000000000000e+00
1927,4.01304048769229682e-07,2.54485421488918386e-07,1.36598321420788892e-05,1.46905156084009738e-09,0.00000000000000000e+00
1928,3.96778557666651871e-07,2.41031881839439167e-07,1.36496848882010307e-05,3.35484918964252631e-10,0.00000000000000000e+00
1929,3.90707671954146515e-07,2.30680800772667572e-07,1.36394351097477323e-05,8.32319602271493645e-10,0.00000000000000000e+00
1930,3.87500539535997994e-07,2.25131344629058001e-07,1.36292841874074080e-05,1.47269609616125608e-09,0.00000000000000000e+00
1931,3.85705348275504974e-07,2.22567422629801136e-07,1.36192147547778997e-05,1.94983868192390203e-09,0.00000000000000000e+00
1932,3.84857968285808352e-07,2.21257538817664647e-07,1.36091736251557732e-05,2.28720400462393441e-09,0.00000000000000000e+00
1933,3.83802303383696950e-07,2.20553368176011132e-07,1.35991774139869995e-05,2.54008416089890472e-09,0.00000000000000000e+00
1934,3.83229610187241066e-07,2.20140225668569306e-07,1.35891880080304068e-05,2.90290992893103011e-09,0.00000000000000000e+00
1935,3.85905401054548219e-07,2.25448899821436221e-07,1.35792558838081168e-05,3.00881365772196676e-09,0.00000000000000000e+00
1936,3.84603699900772914e-07,2.23842233862243540e-07,1.35692692312325450e-05,3.12813026968823500e-09,0.00000000000000000e+00
1937,3.85456311202761288e-07,2.20465717917948917e-07,1.35592777431111148e-05,3.13304035792074806e-09,0.00000000000000000e+00
1938,3.80633069402564111e-07,2.18352706501808062e-07,1.35494104731896825e-05,3.22810054961313530e-09,0.00000000000000000e+00
1939,3.81455420756203154e-07,2.18043392487023254e-07,1.35394351839728052e-05,3.29525297156370592e-09,0.00000000000000000e+00
1940,3.81006117232468713e-07,2.17694757751317890e-07,1.35295180522502174e-05,3.36887409445212593e-09,0.00000000000000000e+00
1941,3.80567006810847082e-07,2.17404768966038495e-07,1.35196151536474495e-05,3.44339608313545110e-09,0.00000000000000000e+00
1942,3.80138219217012130e-07,2.17137227642955549e-07,1.35097228278435096e-05,3.51723881188984716e-09,0.00000000000000000e+00
1943,3.79756515999451779e-07,2.16890471267788401e-07,1.34998387115888618e-05,3.58895049675514898e-09,0.00000000000000000e+00
1944,3.79430825908222110e-07,2.16660734828860754e-07,1.34899622114147859e-05,3.65792985411628064e-09,0.00000000000000000e+00
1945,3.79141611666025937e-07,2.16438543062847257e-07,1.34800937696875439e-05,3.72669684613300280e-09,0.00000000000000000e+00
1946,3.79166298580168114e-07,2.16246382349629656e-07,1.34702199912864839e-05,3.78891424329178527e-09,0.00000000000000000e+00
1947,3.78470173421147394e-07,2.15965770595175776e-07,1.34603838259923110e-05,3.85024527395288257e-09,0.00000000000000000e+00
1948,3.78159039836275630e-07,2.15722880388890634e-07,1.34505449409141283e-05,3.90929841828982738e-09,0.00000000000000000e+00
1949,3.77919471761939725e-07,2.15473973557501570e-07,1.34407118767185400e-05,3.96646639554219996e-09,0.00000000000000000e+00
1950,3.77660090304505503e-07,2.15217450827054304e-07,1.34308878575093386e-05,4.02163916939850487e-09,0.00000000000000000e+00
1951,3.77326341688812612e-07,2.14984704378579418e-07,1.34210740843019483e-05,4.07496523531997581e-09,0.00000000000000000e+00
1952,3.77021800567114911e-07,2.14726600346166953e-07,1.34112689049064096e-05,4.12708573767383547e-09,0.00000000000000000e+00
1953,3.76742717469572758e-07,2.14468569234689521e-07,1.34014717210017404e-05,4.17745273097447899e-09,0.00000000000000000e+00
1954,3.76288706249998076e-07,2.14224021206587891e-07,1.33916907358943846e-05,4.22656540116904526e-09,0.00000000000000000e+00
1955,3.76225121144955195e-07,2.13986622541827866e-07,1.33819031740691683e-05,4.27433034191142448e-09,0.00000000000000000e+00
1956,3.75918279930882695e-07,2.13757106524145907e-07,1.33721326531268136e-05,4.32027505790433524e-09,0.00000000000000000e+00
1957,3.75409659479813438e-07,2.13527926828961183e-07,1.33623800946625773e-05,4.36647812479648443e-09,0.00000000000000000e+00
1958,3.75346577485446977e-07,2.13299741893479838e-07,1.33526195378403243e-05,4.41077943425878580e-09,0.00000000000000000e+00
1959,3.75013440796556989e-07,2.13066915363016637e-07,1.33428773621713044e-05,4.45458968346070390e-09,0.00000000000000000e+00
1960,3.74679068798766282e-07,2.12824569351066172e-07,1.33331449369468310e-05,4.49753927057614620e-09,0.00000000000000000e+00
1961,3.74368660136352233e-07,2.12584799473704002e-07,1.33234209670262772e-05,4.53969014019899181e-09,0.00000000000000000e+00
1962,3.74075753821171891e-07,2.12345914836772354e-07,1.33137053903840629e-05,4.58168566619187270e-09,0.00000000000000000e+00
1963,3.73807506773120206e-07,2.12116004825709878e-07,1.33039974256391892e-05,4.62269777271636473e-09,0.00000000000000000e+00
1964,3.73513996506627403e-07,2.11886691669069513e-07,1.32942991760989931e-05,4.66401632394466918e-09,0.00000000000000000e+00
1965,3.73265898566588229e-07,2.11628057464810616e-07,1.32846092716801981e-05,4.70461473529238234e-09,0.00000000000000000e+00
1966,3.72961017856638416e-07,2.11385879572371631e-07,1.32749299472232059e-05,4.74489272260317198e-09,0.00000000000000000e+00
1967,3.72653525089680851e-07,2.11152955470005169e-07,1.32652595152618777e-05,4.78493599215460361e-09,0.00000000000000000e+00
1968,3.72357297944238576e-07,2.10921680821152297e-07,1.32555974863559802e-05,4.82485237060104675e-09,0.00000000000000000e+00
1969,3.72068741094178584e-07,2.10690545687028961e-07,1.32459438696510383e-05,4.86763613512401278e-09,0.00000000000000000e+00
1970,3.72070968286520051e-07,2.10499913980081270e-07,1.32362852788692836e-05,4.90581593581895152e-09,0.00000000000000000e+00
1971,3.71390222089343504e-07,2.10220959880841550e-07,1.32266625697280545e-05,4.94549279558299833e-09,0.00000000000000000e+00
1972,3.71089506771081069e-07,2.09988527914013924e-07,1.32170369379044570e-05,4.98780392486704032e-09,0.00000000000000000e+00
1973,3.71148232779282624e-07,2.09800301119862831e-07,1.32074031137108289e-05,5.02587603882818964e-09,0.00000000000000000e+00
1974,3.70510532593846618e-07,2.09523286232975480e-07,1.31978051668670403e-05,5.06796765938734924e-09,0.00000000000000000e+00
1975,3.70516856338486372e-07,2.09334566161205274e-07,1.31881910222469804e-05,5.10573995739531746e-09,0.00000000000000000e+00
1976,3.69895375811114676e-07,2.09058412929702440e-07,1.31786104767937230e-05,5.14727280740084017e-09,0.00000000000000000e+00
1977,3.69924098930537646e-07,2.08872123361229101e-07,1.31690130470458474e-05,5.18449561376975004e-09,0.00000000000000000e+00
1978,3.69318549220163244e-07,2.08598691864280700e-07,1.31594492922313495e-05,5.22539422881303957e-09,0.00000000000000000e+00
1979,3.69352408096684214e-07,2.08413726731746193e-07,1.31498688451276111e-05,5.26177481148164120e-09,0.00000000000000000e+00
1980,3.68749838808075901e-07,2.08142233415874261e-07,1.31403223221515228e-05,5.30198974190220138e-09,0.00000000000000000e+00
1981,3.68784029445664163e-07,2.07958170586579206e-07,1.31307590867368489e-05,5.33739529773800218e-09,0.00000000000000000e+00
1982,3.68183630788099033e-07,2.07687853042446458e-07,1.31212297070749710e-05,5.37698042889966515e-09,0.00000000000000000e+00
1983,3.68218509560489578e-07,2.07504241900364554e-07,1.31116837444535443e-05,5.41143525388289107e-09,0.00000000000000000e+00
1984,3.67620015383179342e-07,2.07234531664390603e-07,1.31021713856763613e-05,5.44712067742509329e-09,0.00000000000000000e+00
1985,3.67368585454904857e-07,2.07010374338863477e-07,1.30926562943756694e-05,5.48601406196500193e-09,0.00000000000000000e+00
1986,3.67443354980141691e-07,2.06826914953967530e-07,1.30831339250740962e-05,5.51937992008423643e-09,0.00000000000000000e+00
1987,3.66821259586990510e-07,2.06557941376995452e-07,1.30736472806345633e-05,5.55437666093384598e-09,0.00000000000000000e+00
1988,3.66542018481063111e-07,2.06332489852795416e-07,1.30641585844278710e-05,5.58927637612813915e-09,0.00000000000000000e+00
1989,3.66319538858732410e-07,2.06109849344135185e-07,1.30546757263639090e-05,5.62427563221729332e-09,0.00000000000000000e+00
1990,3.66076658851424449e-07,2.05885935231605116e-07,1.30452014775403141e-05,5.65943017260796223e-09,0.00000000000000000e+00
1991,3.65809439554465062e-07,2.05661194681495174e-07,1.30357363457859352e-05,5.69476704912507624e-09,0.00000000000000000e+00
1992,3.65529425697246867e-07,2.05436333532722398e-07,1.30262801433877189e-05,5.73031330005843499e-09,0.00000000000000000e+00
1993,3.65245460144816654e-07,2.05211748266677958e-07,1.30168326256151514e-05,5.76609446208275590e-09,0.00000000000000000e+00
1994,3.64961479252959215e-07,2.04987596664685546e-07,1.30073936464404201e-05,5.80212720278248466e-09,0.00000000000000000e+00
1995,3.64678466512029406e-07,2.04763919321433615e-07,1.29979631441826415e-05,5.83841477345209214e-09,0.00000000000000000e+00
1996,3.64396292283444756e-07,2.04540714543540089e-07,1.29885410990040500e-05,5.87494617228450035e-09,0.00000000000000000e+00
1997,3.64114646336284218e-07,2.04317972009895510e-07,1.29791275042421555e-05,5.91074203642731407e-09,0.00000000000000000e+00
1998,3.63786326810016566e-07,2.04121799776315852e-07,1.29697229939782633e-05,5.94722984680627623e-09,0.00000000000000000e+00
1999,3.63523688536089323e-07,2.03906974208141392e-07,1.29603249432286267e-05,5.98476382840901138e-09,0.00000000000000000e+00
2000,3.63307268169031544e-07,2.03662412982160643e-07,1.29509345383461092e-05,6.02125072268353104e-09,0.00000000000000000e+00
2001,3.62974075844007437e-07,2.03457542563408651e-07,1.29415554118173546e-05,6.05818890134745840e-09,0.00000000000000000e+00
2002,3.62693355913992088e-07,2.03243411733802110e-07,1.29321832237730618e-05,6.09514329320960355e-09,0.00000000000000000e+00
2003,3.62423766241893381e-07,2.03023639338829557e-07,1.29228191298271315e-05,6.13208101775568589e-09,0.00000000000000000e+00
2004,3.62150570431688648e-07,2.02803673498358372e-07,1.29134635344468067e-05,6.16962584488493744e-09,0.00000000000000000e+00
2005,3.61918159188515805e-07,2.02560773858332506e-07,1.29041158319297078e-05,6.20609202057328447e-09,0.00000000000000000e+00
2006,3.61577810490506651e-07,2.02357915743864494e-07,1.28947791442693924e-05,6.24337003563400082e-09,0.00000000000000000e+00
2007,3.61343033964141680e-07,2.02121739411627461e-07,1.28854484487321548e-05,6.27952292873608071e-09,0.00000000000000000e+00
2008,3.61014288722293864e-07,2.01920748857706050e-07,1.28761282327631650e-05,6.31645253375675319e-09,0.00000000000000000e+00
2009,3.60787323992642113e-07,2.01685451400789247e-07,1.28668140028300101e-05,6.35291397596245707e-09,0.00000000000000000e+00
2010,3.60508688913115436e-07,2.01459980099483344e-07,1.28575096847322779e-05,6.38917833585311043e-09,0.00000000000000000e+00
2011,3.60219907287535617e-07,2.01241500202758706e-07,1.28482140303741374e-05,6.42520775375366175e-09,0.00000000000000000e+00
2012,3.59936524861120292e-07,2.01024242566387974e-07,1.28389265717223632e-05,6.46099208890807366e-09,0.00000000000000000e+00
2013,3.59658664743556653e-07,2.00807360152580004e-07,1.28296472358887098e-05,6.49652983070829529e-09,0.00000000000000000e+00
2014,3.59383590910001620e-07,2.00590669352834052e-07,1.28203760703049216e-05,6.53182174348437982e-09,0.00000000000000000e+00
2015,3.59109369821079836e-07,2.00374097299046437e-07,1.28111131245128122e-05,6.56687151405816669e-09,0.00000000000000000e+00
2016,3.58835208777473632e-07,2.00157610913746082e-07,1.28018584219832037e-05,6.60168781660346363e-09,0.00000000000000000e+00
2017,3.58560970918186601e-07,1.99941198836288818e-07,1.27926119656856429e-05,6.63628545236413331e-09,0.00000000000000000e+00
2018,3.58286749932494575e-07,1.99724862244915632e-07,1.27833737488319146e-05,6.67068521898442492e-09,0.00000000000000000e+00
2019,3.58012663864624908e-07,1.99508610953737372e-07,1.27741436806142067e-05,6.70488586222679353e-09,0.00000000000000000e+00
2020,3.57738182905165237e-07,1.99292376499603745e-07,1.27649219839562936e-05,6.73893315129745945e-09,0.00000000000000000e+00
2021,3.57464188522215900e-07,1.99076339876476250e-07,1.27557084779280430e-05,6.77286997779570006e-09,0.00000000000000000e+00
2022,3.57191242705129296e-07,1.98860477356131011e-07,1.27465031254596306e-05,6.80672602304585622e-09,0.00000000000000000e+00
2023,3.56918105394753780e-07,1.98644791054094779e-07,1.27373059767220902e-05,6.84053430445057775e-09,0.00000000000000000e+00
2024,3.56645702270716581e-07,1.98429345049795919e-07,1.27281170059413610e-05,6.87432220198942332e-09,0.00000000000000000e+00
2025,3.56373723960826596e-07,1.98214167330229692e-07,1.27189362071398909e-05,6.90811179343656813e-09,0.00000000000000000e+00
2026,3.56102051785793042e-07,1.97999290291072991e-07,1.27097635754868800e-05,6.94192051527208480e-09,0.00000000000000000e+00
2027,3.55830671872061000e-07,1.97784743578989994e-07,1.27005991035071727e-05,6.97576197260414882e-09,0.00000000000000000e+00
2028,3.55559608217207620e-07,1.97570551319328141e-07,1.26914427891604444e-05,7.00965359891857715e-09,0.00000000000000000e+00
2029,3.55289598149764608e-07,1.97356741631146350e-07,1.26822946694430700e-05,7.04363881995031251e-09,0.00000000000000000e+00
2030,3.55020058603327497e-07,1.97143366475227052e-07,1.26731545518746183e-05,7.07762087625007430e-09,0.00000000000000000e+00
2031,3.54750486764896837e-07,1.96931623826659120e-07,1.26640225754884835e-05,7.11169123929161288e-09,0.00000000000000000e+00
2032,3.54480183502669384e-07,1.96719206139575369e-07,1.26548987431439303e-05,7.14585000586632612e-09,0.00000000000000000e+00
2033,3.54210024501682819e-07,1.96507033682485694e-07,1.26457830270923796e-05,7.17893102800689671e-09,0.00000000000000000e+00
2034,3.53894135276279085e-07,1.96319632042839289e-07,1.26366760778799156e-05,7.21376737340240321e-09,0.00000000000000000e+00
2035,3.53687279001435736e-07,1.96092021232422165e-07,1.26275745653063311e-05,7.24712204884462672e-09,0.00000000000000000e+00
2036,3.53377313276650542e-07,1.95897114438919543e-07,1.26184835432907996e-05,7.28218585442801691e-09,0.00000000000000000e+00
2037,3.53159322620027531e-07,1.95669833521013917e-07,1.26093984888381700e-05,7.31578635774486695e-09,0.00000000000000000e+00
2038,3.52840903714511964e-07,1.95475580272564993e-07,1.26003239120840831e-05,7.34996287505552016e-09,0.00000000000000000e+00
2039,3.52576220734803461e-07,1.95271285757556122e-07,1.25912558055160300e-05,7.38424515209221245e-09,0.00000000000000000e+00
2040,3.52319863196939978e-07,1.95061757658679523e-07,1.25821954757943299e-05,7.41862903349166882e-09,0.00000000000000000e+00
2041,3.52057667595594921e-07,1.94852017835893126e-07,1.25731433432096010e-05,7.45309099311359387e-09,0.00000000000000000e+00
2042,3.51790690843134495e-07,1.94642575162761455e-07,1.25640994228690536e-05,7.48760348602685476e-09,0.00000000000000000e+00
2043,3.51521918985526152e-07,1.94433431078616655e-07,1.25550636339211381e-05,7.52214020409976137e-09,0.00000000000000000e+00
2044,3.51253088899527341e-07,1.94224574923511390e-07,1.25460359106631877e-05,7.55667612857370729e-09,0.00000000000000000e+00
2045,3.50984776729404473e-07,1.94016006408610815e-07,1.25370162175368862e-05,7.59061877125000194e-09,0.00000000000000000e+00
2046,3.50700111696439611e-07,1.93801088994659359e-07,1.25280054702430035e-05,7.62542785193597522e-09,0.00000000000000000e+00
2047,3.50458594253729789e-07,1.93594274585830215e-07,1.25190008692739470e-05,7.65926515087411181e-09,0.00000000000000000e+00
2048,3.50173363752637413e-07,1.93384722196541189e-07,1.25100059191150030e-05,7.69331633808938886e-09,0.00000000000000000e+00
2049,3.49910632213521287e-07,1.93172723109682356e-07,1.25010183840038388e-05,7.72724507671613864e-09,0.00000000000000000e+00
2050,3.49648854458184721e-07,1.92965033652691979e-07,1.24920386698867677e-05,7.76104575451978733e-09,0.00000000000000000e+00
2051,3.49384826619413812e-07,1.92758198333599759e-07,1.24830669502631458e-05,7.79471815036401238e-09,0.00000000000000000e+00
2052,3.49120100310925450e-07,1.92551685539165149e-07,1.24741032127081262e-05,7.82825914279102971e-09,0.00000000000000000e+00
2053,3.48855146607473484e-07,1.92345446115907985e-07,1.24651474336444285e-05,7.86166824665407476e-09,0.00000000000000000e+00
2054,3.48590324369285279e-07,1.92139488808895601e-07,1.24561995923137381e-05,7.89494866898433428e-09,0.00000000000000000e+00
2055,3.48325786352718505e-07,1.91933817113185652e-07,1.24472596581735598e-05,7.92820272133203675e-09,0.00000000000000000e+00
2056,3.48061450562745953e-07,1.91727192981568608e-07,1.24383276389895205e-05,7.96132693616091774e-09,0.00000000000000000e+00
2057,3.47797646525470721e-07,1.91521795870374459e-07,1.24294035258843404e-05,7.99432762867897605e-09,0.00000000000000000e+00
2058,3.47534065160493491e-07,1.91316803859558704e-07,1.24204873073806673e-05,8.02721816707753805e-09,0.00000000000000000e+00
2059,3.47270698977275171e-07,1.91112092943473856e-07,1.24115789721752819e-05,8.06001325412061756e-09,0.00000000000000000e+00
2060,3.47007568446718560e-07,1.90907645585313995e-07,1.24026785094434672e-05,8.09272705552929865e-09,0.00000000000000000e+00
2061,3.46744690429618300e-07,1.90703452687513888e-07,1.23937859085548108e-05,8.12537279075587915e-09,0.00000000000000000e+00
2062,3.46482078876023692e-07,1.90499505193899311e-07,1.23849011588838670e-05,8.15796293157010321e-09,0.00000000000000000e+00
2063,3.46219745576129167e-07,1.90295796283317883e-07,1.23760242497748343e-05,8.19050958601670815e-09,0.00000000000000000e+00
2064,3.45957699428529770e-07,1.90092322416439761e-07,1.23671551706222284e-05,8.22302481818661782e-09,0.00000000000000000e+00
2065,3.45695945754041157e-07,1.89889083146204051e-07,1.23582939109854653e-05,8.25552077007170618e-09,0.00000000000000000e+00
2066,3.45434486295624356e-07,1.89686080695188072e-07,1.23494404606211230e-05,8.28800954806968477e-09,0.00000000000000000e+00
2067,3.45173319998683432e-07,1.89483319491417013e-07,1.23405948095235741e-05,8.32050291013962054e-09,0.00000000000000000e+00
2068,3.44912444077437083e-07,1.89280805717983368e-07,1.23317569478478715e-05,8.35301183321722673e-09,0.00000000000000000e+00
2069,3.44651854754928022e-07,1.89078546813507505e-07,1.23229268659175024e-05,8.38554605396768745e-09,0.00000000000000000e+00
2070,3.44391547887828412e-07,1.88876550904098761e-07,1.23141045541589413e-05,8.41811366558506577e-09,0.00000000000000000e+00
2071,3.44131519021257142e-07,1.88674826224145079e-07,1.23052900030925544e-05,8.45072082884436636e-09,0.00000000000000000e+00
2072,3.43871763316904735e-07,1.88473380577107342e-07,1.22964832033300676e-05,8.47805915025032111e-09,0.00000000000000000e+00
2073,3.43448159709050764e-07,1.88269040786028300e-07,1.22876915912349616e-05,8.51380015461948707e-09,0.00000000000000000e+00
2074,3.43448581025259855e-07,1.88074410846789715e-07,1.22788902850176383e-05,8.54630812008718601e-09,0.00000000000000000e+00
2075,3.43161432799703622e-07,1.87877179567704400e-07,1.22701066486957842e-05,8.57921865800576298e-09,0.00000000000000000e+00
2076,3.42859105532147573e-07,1.87673191657867323e-07,1.22613319246186348e-05,8.60679293432150609e-09,0.00000000000000000e+00
2077,3.42407935744989122e-07,1.87468896269909711e-07,1.22525721238344164e-05,8.64280403209533115e-09,0.00000000000000000e+00
2078,3.42409442601355747e-07,1.87275249348198454e-07,1.22438018338546348e-05,8.67561389383483636e-09,0.00000000000000000e+00
2079,3.42123343835502605e-07,1.87078094019037515e-07,1.22350491006064277e-05,8.70347728013849040e-09,0.00000000000000000e+00
2080,3.41651692470005389e-07,1.86871726348233846e-07,1.22263127450521265e-05,8.73905298485099446e-09,0.00000000000000000e+00
2081,3.41625317235370473e-07,1.86673614641980509e-07,1.22175667615942806e-05,8.76709979762564628e-09,0.00000000000000000e+00
2082,3.41190706682185056e-07,1.86473821414596706e-07,1.22088437831229274e-05,8.80276120489382330e-09,0.00000000000000000e+00
2083,3.41132504095138650e-07,1.86277810200798922e-07,1.22001138882567169e-05,8.83078860682047166e-09,0.00000000000000000e+00
2084,3.40675895691544263e-07,1.86077897489377074e-07,1.21914069184079342e-05,8.86644101779467138e-09,0.00000000000000000e+00
2085,3.40616226698864078e-07,1.85882118797073489e-07,1.21826924703472762e-05,8.89427820134988045e-09,0.00000000000000000e+00
2086,3.40158095184786294e-07,1.85682684759007246e-07,1.21740008153730569e-05,8.92452556626632210e-09,0.00000000000000000e+00
2087,3.39949089648418280e-07,1.85482729979293929e-07,1.21653083810422255e-05,8.96002300026821452e-09,0.00000000000000000e+00
2088,3.39884550393442289e-07,1.85291967563411061e-07,1.21566164947420412e-05,8.98752390614725849e-09,0.00000000000000000e+00
2089,3.39403428009239200e-07,1.85092431025162493e-07,1.21479481999897091e-05,9.01751215488296718e-09,0.00000000000000000e+00
2090,3.39182650311015068e-07,1.84892836124500291e-07,1.21392789945220838e-05,9.04741374004369375e-09,0.00000000000000000e+00
2091,3.38966387336155183e-07,1.84697626050855247e-07,1.21306165718124245e-05,9.07729343736526040e-09,0.00000000000000000e+00
2092,3.38725017432902597e-07,1.84502453255278229e-07,1.21219623430369082e-05,9.10712908339781497e-09,0.00000000000000000e+00
2093,3.38470897343615284e-07,1.84307005433447487e-07,1.21133161206867029e-05,9.13690099773990854e-09,0.00000000000000000e+00
2094,3.38213906045837919e-07,1.84111587942397302e-07,1.21046776205935541e-05,9.16660159301439093e-09,0.00000000000000000e+00
2095,3.37957535409438781e-07,1.83916402026372470e-07,1.20960467066388506e-05,9.19623048692411990e-09,0.00000000000000000e+00
2096,3.37702263584236439e-07,1.83721513530487619e-07,1.20874233355258645e-05,9.22579035483952890e-09,0.00000000000000000e+00
2097,3.37447799743750042e-07,1.83526925651432359e-07,1.20788074961615440e-05,9.25528431430154958e-09,0.00000000000000000e+00
2098,3.37193853023528952e-07,1.83332625266657017e-07,1.20701991835074576e-05,9.28471446465387105e-09,0.00000000000000000e+00
2099,3.36940267198254057e-07,1.83138599631844688e-07,1.20615983913381199e-05,9.31408190267926896e-09,0.00000000000000000e+00
2100,3.36686989572888050e-07,1.82944839488702779e-07,1.20530051111672196e-05,9.34338821998933833e-09,0.00000000000000000e+00
2101,3.36434021045206708e-07,1.82751338334698109e-07,1.20444193327755786e-05,9.37263770864985010e-09,0.00000000000000000e+00
2102,3.36181377168818539e-07,1.82558091296381115e-07,1.20358410451971678e-05,9.40183914305776057e-09,0.00000000000000000e+00
2103,3.35929064908524214e-07,1.82365094354338051e-07,1.20272702377113319e-05,9.43100628887974671e-09,0.00000000000000000e+00
2104,3.35677075092007660e-07,1.82172344036964811e-07,1.20187069004528762e-05,9.46015692126594871e-09,0.00000000000000000e+00
2105,3.35425386052660804e-07,1.81979837402199047e-07,1.20101510245495152e-05,9.48856616575719143e-09,0.00000000000000000e+00
2106,3.35168729229435442e-07,1.81784626400281595e-07,1.20016031540473193e-05,9.51737231768892125e-09,0.00000000000000000e+00
2107,3.34920349132374236e-07,1.81592766194535094e-07,1.19930623975615831e-05,9.53539481254261487e-09,0.00000000000000000e+00
2108,3.34476025916010329e-07,1.81389708273157708e-07,1.19845389060658726e-05,9.56992033267565920e-09,0.00000000000000000e+00
2109,3.34545527604270355e-07,1.81213498037815842e-07,1.19760001640981291e-05,9.59971158916063252e-09,0.00000000000000000e+00
2110,3.34254133110077996e-07,1.81024413931683841e-07,1.19674814014739217e-05,9.61727226198045150e-09,0.00000000000000000e+00
2111,3.33752078275283962e-07,1.80817698102865496e-07,1.19589813295224284e-05,9.65224258400578514e-09,0.00000000000000000e+00
2112,3.33780705295733485e-07,1.80640776609485513e-07,1.19504666920185916e-05,1.32353182325082800e-09,0.00000000000000000e+00
2113,4.24765218582404372e-07,2.70315236448943851e-07,1.19431720937463586e-05,1.63473281026870870e-09,0.00000000000000000e+00
2114,3.66366401790331859e-07,2.43560005086749419e-07,1.19349955188928033e-05,1.18550913281623300e-09,0.00000000000000000e+00
2115,3.51352335595644612e-07,2.17272651212806514e-07,1.19261164587757325e-05,1.15792799738428795e-09,0.00000000000000000e+00
2116,3.45907944980761832e-07,2.02866802507183062e-07,1.19174995890052964e-05,2.58225654317282839e-10,0.00000000000000000e+00
2117,3.39574657739630832e-07,1.91317427075618131e-07,1.19087776469324340e-05,1.02746035366759062e-09,0.00000000000000000e+00
2118,3.36210247017282450e-07,1.85366982586561008e-07,1.19001762104033832e-05,1.66198828865397055e-09,0.00000000000000000e+00
2119,3.34604680672083879e-07,1.82538008407330355e-07,1.18916364549798647e-05,2.10938611673037670e-09,0.00000000000000000e+00
2120,3.33774819299208791e-07,1.81161722248279586e-07,1.18831333663429746e-05,2.42349918515108800e-09,0.00000000000000000e+00
2121,3.32982574803235442e-07,1.80429864361977642e-07,1.18746660002867040e-05,2.65901571896760844e-09,0.00000000000000000e+00
2122,3.32097196162438429e-07,1.80058978761186407e-07,1.18662266519506914e-05,2.85187258819364905e-09,0.00000000000000000e+00
2123,3.31673558821933873e-07,1.79841724013577390e-07,1.18577857330307380e-05,3.04196809437926866e-09,0.00000000000000000e+00
2124,3.31009368705409496e-07,1.79759823756326554e-07,1.18493632719209974e-05,3.17467459027117641e-09,0.00000000000000000e+00
2125,3.31202902576062018e-07,1.79495448764642467e-07,1.18409237065655146e-05,3.96934161796187086e-09,0.00000000000000000e+00
2126,3.35744560894619296e-07,1.81010625814613894e-07,1.18325563767771690e-05,3.88481833949656948e-09,0.00000000000000000e+00
2127,3.34877081427421657e-07,1.79875417540401109e-07,1.18241296931646404e-05,3.32455819455824034e-09,0.00000000000000000e+00
2128,3.33059859282607418e-07,1.80178890023946640e-07,1.18157557274737451e-05,3.37327344582303459e-09,0.00000000000000000e+00
2129,3.30417223572876071e-07,1.78378413769799080e-07,1.18073814385548299e-05,3.61797461864931867e-09,0.00000000000000000e+00
2130,3.29165375923723926e-07,1.77448217126305405e-07,1.17990065461368541e-05,3.69817616523463880e-09,0.00000000000000000e+00
2131,3.29630733972542034e-07,1.77267470776355412e-07,1.17906084094487374e-05,3.75275808560229980e-09,0.00000000000000000e+00
2132,3.28991285925916106e-07,1.77011113363848570e-07,1.17822580915578842e-05,3.80018902177943389e-09,0.00000000000000000e+00
2133,3.28631186282915211e-07,1.76800234493043582e-07,1.17739101706422088e-05,3.84930996189383130e-09,0.00000000000000000e+00
2134,3.28400821290778221e-07,1.76580304690403322e-07,1.17655674809883530e-05,3.89917525766492388e-09,0.00000000000000000e+00
2135,3.28137230244193335e-07,1.76379112375197271e-07,1.17572330226385260e-05,3.94869816586281040e-09,0.00000000000000000e+00
2136,3.27825590331350271e-07,1.76211543410442282e-07,1.17489061346751165e-05,4.00408105831648630e-09,0.00000000000000000e+00
2137,3.27635018452947078e-07,1.76008258357413261e-07,1.17405834890784120e-05,4.05886702490909487e-09,0.00000000000000000e+00
2138,3.27399752989773226e-07,1.75819646989409585e-07,1.17322692066859830e-05,4.11327553880810602e-09,0.00000000000000000e+00
2139,3.27158514682233458e-07,1.75638203182181722e-07,1.17239623391388793e-05,4.17131685724702101e-09,0.00000000000000000e+00
2140,3.27186942892744964e-07,1.75490904176669092e-07,1.17156503370613998e-05,4.22139169485529245e-09,0.00000000000000000e+00
2141,3.26604090697027263e-07,1.75267529060502918e-07,1.17073698426061948e-05,4.27626579721930340e-09,0.00000000000000000e+00
2142,3.26626362364705116e-07,1.75119225021365841e-07,1.16990737109133286e-05,4.32797428745677135e-09,0.00000000000000000e+00
2143,3.26359333716435324e-07,1.74932892939648166e-07,1.16907941128519718e-05,4.37592315761218759e-09,0.00000000000000000e+00
2144,3.25783845448212428e-07,1.74702845490017659e-07,1.16825365991038224e-05,4.42724664006430162e-09,0.00000000000000000e+00
2145,3.25857268410368587e-07,1.74556241068203032e-07,1.16742606857773270e-05,4.47403887664740675e-09,0.00000000000000000e+00
2146,3.25358168751911539e-07,1.74335291314446717e-07,1.16660137978066843e-05,4.52193467036101743e-09,0.00000000000000000e+00
2147,3.25149499579025905e-07,1.74153968416508072e-07,1.16577642042310077e-05,4.56945241124925237e-09,0.00000000000000000e+00
2148,3.24964159346295357e-07,1.73973632982612305e-07,1.16495198247723432e-05,4.61637333923226621e-09,0.00000000000000000e+00
2149,3.24695320822751378e-07,1.73811488604875086e-07,1.16412838941763515e-05,4.66197377383658799e-09,0.00000000000000000e+00
2150,3.24261634428947243e-07,1.73625547402233970e-07,1.16330623373862891e-05,4.70823643599311988e-09,0.00000000000000000e+00
2151,3.24111911830311305e-07,1.73435803159088238e-07,1.16248372497580123e-05,4.75391653146749545e-09,0.00000000000000000e+00
2152,3.23915071618188539e-07,1.73254519943403698e-07,1.16166198942525321e-05,4.79906724835206804e-09,0.00000000000000000e+00
2153,3.23670562127420661e-07,1.73071430521315903e-07,1.16084118133039045e-05,4.84363567122037387e-09,0.00000000000000000e+00
2154,3.23429646757107342e-07,1.72895109384847208e-07,1.16002107240653391e-05,4.88788526321465644e-09,0.00000000000000000e+00
2155,3.23335972673927082e-07,1.72717783066029215e-07,1.15920107850442039e-05,4.93115056275691718e-09,0.00000000000000000e+00
2156,3.22854516313340813e-07,1.72534621085641494e-07,1.15838333571418244e-05,4.97506135412033180e-09,0.00000000000000000e+00
2157,3.22854265411363161e-07,1.72345188519949235e-07,1.15756459412866701e-05,5.01807120111240509e-09,0.00000000000000000e+00
2158,3.22530302816634418e-07,1.72179833456173353e-07,1.15674758468887693e-05,5.06121072421928333e-09,0.00000000000000000e+00
2159,3.22283907868107745e-07,1.71984137186804336e-07,1.15593117448491605e-05,5.10401752876059463e-09,0.00000000000000000e+00
2160,3.22013954054427167e-07,1.71797706994224781e-07,1.15511556516165805e-05,5.14656334335737520e-09,0.00000000000000000e+00
2161,3.21756426142270350e-07,1.71617097963141208e-07,1.15430061633498490e-05,5.18880080501353379e-09,0.00000000000000000e+00
2162,3.21513751951050949e-07,1.71437966696275203e-07,1.15348630956662024e-05,5.23172397538986452e-09,0.00000000000000000e+00
2163,3.21527701206149204e-07,1.71292825641348887e-07,1.15267149787784369e-05,5.27254331076216849e-09,0.00000000000000000e+00
2164,3.20951116270078676e-07,1.71075221750322109e-07,1.15185970855458793e-05,5.31482158060525184e-09,0.00000000000000000e+00
2165,3.20954788212124396e-07,1.70932647459960042e-07,1.15104642530362776e-05,5.35455046824847577e-09,0.00000000000000000e+00
2166,3.20421617125685868e-07,1.70716805764261880e-07,1.15023595737761100e-05,5.39592428239143721e-09,0.00000000000000000e+00
2167,3.20457014990989763e-07,1.70576089562245075e-07,1.14942396216430594e-05,5.43602278016551387e-09,0.00000000000000000e+00
2168,3.20198853914463642e-07,1.70399701300465712e-07,1.14861359152363374e-05,5.47575809621440827e-09,0.00000000000000000e+00
2169,3.19896248181440063e-07,1.70219889354084487e-07,1.14780413623722260e-05,5.51279078023629335e-09,0.00000000000000000e+00
2170,3.19354362865861012e-07,1.70001231593131703e-07,1.14699661532529704e-05,5.55237470846936599e-09,0.00000000000000000e+00
2171,3.19440689944886658e-07,1.69864807805649784e-07,1.14618727236848174e-05,5.59042413771518286e-09,0.00000000000000000e+00
2172,3.19223641564733008e-07,1.69690626314070659e-07,1.14537954055544607e-05,5.62817750613534204e-09,0.00000000000000000e+00
2173,3.18940462340797305e-07,1.69512143957868325e-07,1.14457277891198546e-05,5.66230965694111980e-09,0.00000000000000000e+00
2174,3.18407165404096433e-07,1.69294515227647988e-07,1.14376798051452163e-05,5.70071270575527733e-09,0.00000000000000000e+00
2175,3.18492461930414416e-07,1.69157716612235984e-07,1.14296139758249442e-05,5.73723038716989452e-09,0.00000000000000000e+00
2176,3.18275424796620497e-07,1.68983658572009770e-07,1.14215643400478233e-05,5.76971373203267206e-09,0.00000000000000000e+00
2177,3.17738768335058986e-07,1.68766693542889902e-07,1.14135365456680151e-05,5.80778068483248231e-09,0.00000000000000000e+00
2178,3.17805681933846163e-07,1.68628627417476299e-07,1.14054918473497154e-05,5.84374237659511633e-09,0.00000000000000000e+00
2179,3.17578153969984530e-07,1.68454475100349088e-07,1.13974632053496154e-05,5.87527487655011416e-09,0.00000000000000000e+00
2180,3.17038813959205435e-07,1.68237469030272488e-07,1.13894561617712138e-05,5.91334016844433580e-09,0.00000000000000000e+00
2181,3.17106572012291260e-07,1.68100102420562025e-07,1.13814321138150989e-05,5.94465610321083971e-09,0.00000000000000000e+00
2182,3.16628436042359312e-07,1.67889485963008713e-07,1.13734360238170439e-05,5.98303438071050538e-09,0.00000000000000000e+00
2183,3.16681275806935963e-07,1.67750682184063187e-07,1.13654257009798571e-05,6.01464210655396093e-09,0.00000000000000000e+00
2184,3.16183387364109733e-07,1.67540440747372544e-07,1.13574436372254324e-05,6.05336565911927129e-09,0.00000000000000000e+00
2185,3.16224953862575501e-07,1.67403079145598534e-07,1.13494473285542635e-05,6.08552297140965854e-09,0.00000000000000000e+00
2186,3.15722070324470385e-07,1.67193829088343627e-07,1.13414790603473034e-05,6.12475239071412908e-09,0.00000000000000000e+00
2187,3.15761232781945704e-07,1.67056388895439466e-07,1.13334964927391993e-05,6.15776021500011153e-09,0.00000000000000000e+00
2188,3.15258370195513993e-07,1.66848307534251223e-07,1.13255418427392804e-05,6.19351586738562530e-09,0.00000000000000000e+00
2189,3.15051328499336780e-07,1.66678870204228813e-07,1.13175844628099588e-05,6.22976586440742412e-09,0.00000000000000000e+00
2190,3.14882285498153789e-07,1.66511015107886827e-07,1.13096316638369400e-05,6.26656263449943555e-09,0.00000000000000000e+00
2191,3.14687179530304199e-07,1.66341910598821416e-07,1.13016858926786578e-05,6.30384896680887954e-09,0.00000000000000000e+00
2192,3.14466936039248263e-07,1.66172060347252744e-07,1.12937475046244491e-05,6.34166734089875223e-09,0.00000000000000000e+00
2193,3.14234187051172672e-07,1.66000960035351283e-07,1.12858162649287277e-05,6.37981873461419412e-09,0.00000000000000000e+00
2194,3.13998094902020527e-07,1.65830867995549817e-07,1.12778919277788715e-05,6.41823198421885667e-09,0.00000000000000000e+00
2195,3.13762151594253427e-07,1.65661148908360274e-07,1.12699743505877274e-05,6.45684681031923148e-09,0.00000000000000000e+00
2196,3.13527273578916933e-07,1.65491697846223471e-07,1.12620634748224084e-05,6.49560473803701253e-09,0.00000000000000000e+00
2197,3.13293365874558605e-07,1.65322476230656848e-07,1.12541592834818673e-05,6.53394860557670376e-09,0.00000000000000000e+00
2198,3.13014203452050811e-07,1.65172830687504706e-07,1.12462625814203595e-05,6.57299944613147664e-09,0.00000000000000000e+00
2199,3.12843410654746644e-07,1.64990640350818219e-07,1.12383697131614000e-05,6.61135689928017756e-09,0.00000000000000000e+00
2200,3.12569533922730904e-07,1.64835536601221622e-07,1.12304861645492946e-05,6.64979093641687909e-09,0.00000000000000000e+00
2201,3.12344592421672044e-07,1.64670928988578912e-07,1.12226078175337635e-05,6.68838996701546366e-09,0.00000000000000000e+00
2202,3.12169064268958651e-07,1.64485665746606984e-07,1.12147351492985561e-05,6.72625036742311588e-09,0.00000000000000000e+00
2203,3.11884494046883069e-07,1.64329943700872484e-07,1.12068720399509522e-05,6.76436050849311515e-09,0.00000000000000000e+00
2204,3.11698084412771917e-07,1.64148181263398173e-07,1.11990132014861408e-05,6.80200421571217494e-09,0.00000000000000000e+00
2205,3.11463327714465418e-07,1.63975179803996763e-07,1.11911625949502229e-05,6.83933384301443800e-09,0.00000000000000000e+00
2206,3.11221080563771475e-07,1.63806698427789194e-07,1.11833189354876215e-05,6.87630587560938575e-09,0.00000000000000000e+00
2207,3.10985244127225738e-07,1.63639191900577134e-07,1.11754817818323385e-05,6.91291363946643164e-09,0.00000000000000000e+00
2208,3.10755189109437374e-07,1.63472084657393000e-07,1.11676510830185792e-05,6.94916380047677201e-09,0.00000000000000000e+00
2209,3.10527863320293167e-07,1.63305197449678614e-07,1.11598268994930830e-05,6.98506640750022181e-09,0.00000000000000000e+00
2210,3.10301201044221084e-07,1.63138438659526894e-07,1.11520092890414744e-05,7.02063260496255592e-09,0.00000000000000000e+00
2211,3.10074357497352494e-07,1.62971761324871511e-07,1.11441982808279057e-05,7.05587502487560435e-09,0.00000000000000000e+00
2212,3.09847186290865868e-07,1.62805143631894358e-07,1.11363938815536020e-05,7.09080871745107719e-09,0.00000000000000000e+00
2213,3.09619796262738917e-07,1.62638576202216915e-07,1.11285960863803195e-05,7.12545206537740119e-09,0.00000000000000000e+00
2214,3.09392333374328409e-07,1.62472056321184404e-07,1.11208048862501742e-05,7.15982759155527150e-09,0.00000000000000000e+00
2215,3.09164914276683453e-07,1.62305586497411262e-07,1.11130202713211531e-05,7.19396251611404517e-09,0.00000000000000000e+00
2216,3.08937622449276349e-07,1.62139174584049377e-07,1.11052422322145093e-05,7.22788881650219902e-09,0.00000000000000000e+00
2217,3.08710518088436211e-07,1.61972834070115055e-07,1.10974707603465109e-05,7.26164260446178675e-09,0.00000000000000000e+00
2218,3.08483646451297471e-07,1.61806584055010569e-07,1.10897058478979121e-05,7.29526283172447211e-09,0.00000000000000000e+00
2219,3.08257043775893617e-07,1.61640448728694154e-07,1.10819474876029152e-05,7.32878954607829757e-09,0.00000000000000000e+00
2220,3.08030742008316783e-07,1.61474456310664653e-07,1.10741956723493488e-05,7.36226203682198631e-09,0.00000000000000000e+00
2221,3.07804772070777427e-07,1.61308637402733924e-07,1.10664503948928160e-05,7.39571720163268549e-09,0.00000000000000000e+00
2222,3.07579164627783435e-07,1.61143023022892475e-07,1.10587116475679145e-05,7.42918836380321702e-09,0.00000000000000000e+00
2223,3.07353947921545357e-07,1.60977642632866833e-07,1.10509794222244746e-05,7.46270462515306906e-09,0.00000000000000000e+00
2224,3.07129143683612167e-07,1.60812522530906922e-07,1.10432537134466489e-05,7.49619659909455608e-09,0.00000000000000000e+00
2225,3.06904854411640920e-07,1.60648736218905468e-07,1.10355345139509044e-05,7.52979511713904610e-09,0.00000000000000000e+00
2226,3.06680778466583447e-07,1.60484390426898843e-07,1.10278218078856904e-05,7.56352056890832902e-09,0.00000000000000000e+00
2227,3.06457150086688360e-07,1.60320248701093586e-07,1.10201155869899403e-05,7.59738398335364045e-09,0.00000000000000000e+00
2228,3.06233930330639336e-07,1.60156408809252518e-07,1.10124158447021980e-05,7.63139215361122148e-09,0.00000000000000000e+00
2229,3.06011050983270066e-07,1.59992874130860544e-07,1.10047225746354134e-05,7.66554926832255022e-09,0.00000000000000000e+00
2230,3.05788447266593633e-07,1.59829645284521496e-07,1.09970357704517471e-05,7.69985735569573523e-09,0.00000000000000000e+00
2231,3.05566059194213591e-07,1.59666725246987533e-07,1.09893554259328219e-05,7.73431627918170517e-09,0.00000000000000000e+00
2232,3.05343831334341143e-07,1.59504115430966092e-07,1.09816815350269990e-05,7.76892357427807646e-09,0.00000000000000000e+00
2233,3.05121713732771474e-07,1.59341813948665474e-07,1.09740140918337183e-05,7.80367426779668946e-09,0.00000000000000000e+00
2234,3.04899663443188052e-07,1.59179815659364980e-07,1.09663530905220641e-05,7.83856075938039824e-09,0.00000000000000000e+00
2235,3.04677646057942225e-07,1.59018112771233330e-07,1.09586985252750513e-05,7.87240450478431755e-09,0.00000000000000000e+00
2236,3.04409910318957140e-07,1.58874248044214640e-07,1.09510512586044834e-05,7.90802037266728436e-09,0.00000000000000000e+00
2237,3.04249800374649929e-07,1.58700770009497197e-07,1.09434075331259456e-05,7.94218279709532843e-09,0.00000000000000000e+00
2238,3.03986924357957999e-07,1.58552291346445448e-07,1.09357728619726108e-05,7.97693829489437763e-09,0.00000000000000000e+00
2239,3.03771744876367074e-07,1.58395024561007964e-07,1.09281431245920216e-05,8.01178977679306745e-09,0.00000000000000000e+00
2240,3.03561666371561969e-07,1.58234817148202296e-07,1.09205196123690983e-05,8.04671857625469078e-09,0.00000000000000000e+00
2241,3.03345035302992012e-07,1.58074471345554030e-07,1.09129026929588576e-05,8.08169161677388292e-09,0.00000000000000000e+00
2242,3.03123698456875594e-07,1.57914269672923568e-07,1.09052923569002836e-05,8.11667613336625086e-09,0.00000000000000000e+00
2243,3.02900750926200842e-07,1.57754239040574696e-07,1.08976885188505447e-05,8.15110015961146251e-09,0.00000000000000000e+00
2244,3.02662271229281619e-07,1.57589477649338110e-07,1.08900919283704715e-05,8.18582611404482251e-09,0.00000000000000000e+00
2245,3.02447526625546468e-07,1.57426761465976175e-07,1.08825009327891255e-05,8.22049482371171366e-09,0.00000000000000000e+00
2246,3.02232212529487711e-07,1.57267067344335125e-07,1.08749162327479880e-05,8.25508937494649308e-09,0.00000000000000000e+00
2247,3.02013602607565066e-07,1.57107881610196525e-07,1.08673379929433981e-05,8.28958646117650360e-09,0.00000000000000000e+00
2248,3.01793120722095104e-07,1.56948850863685241e-07,1.08597661999752692e-05,8.32396337824697849e-09,0.00000000000000000e+00
2249,3.01572224828626168e-07,1.56789967506110447e-07,1.08522008101243802e-05,8.35820066050559718e-09,0.00000000000000000e+00
2250,3.01351626150749263e-07,1.56631258496887557e-07,1.08446417911606008e-05,8.39228290005392472e-09,0.00000000000000000e+00
2251,3.01131519020339698e-07,1.56472740631276408e-07,1.08370891245283697e-05,8.42619928914512668e-09,0.00000000000000000e+00
2252,3.00911883367432636e-07,1.56314420833849800e-07,1.08295427991625094e-05,8.45994408428551690e-09,0.00000000000000000e+00
2253,3.00692646947657541e-07,1.56156300838553686e-07,1.08220028068958416e-05,8.49351673545532641e-09,0.00000000000000000e+00
2254,3.00473740724313601e-07,1.55998380097442135e-07,1.08144691403957785e-05,8.52692152786993894e-09,0.00000000000000000e+00
2255,3.00255108903131627e-07,1.55840657069235651e-07,1.08069417925343006e-05,8.56016680885633376e-09,0.00000000000000000e+00
2256,3.00036708296548566e-07,1.55683129708361104e-07,1.07994207561560478e-05,8.59326400094035649e-09,0.00000000000000000e+00
2257,2.99818507654376552e-07,1.55525795665490741e-07,1.07919060240011365e-05,8.62622660354906810e-09,0.00000000000000000e+00
2258,2.99600487219100136e-07,1.55368652417766921e-07,1.07843975885849751e-05,8.65906931457537791e-09,0.00000000000000000e+00
2259,2.99382637486645371e-07,1.55211697412334117e-07,1.07768954422113426e-05,8.69180732271366407e-09,0.00000000000000000e+00
2260,2.99164956707287405e-07,1.55054928204326752e-07,1.07693995770127413e-05,8.72445576834651833e-09,0.00000000000000000e+00
2261,2.98947448677453266e-07,1.54898342683386432e-07,1.07619099850393789e-05,8.75702935073800941e-09,0.00000000000000000e+00
2262,2.98730120791575094e-07,1.54741939279780529e-07,1.07544266583109397e-05,8.78954206046589614e-09,0.00000000000000000e+00
2263,2.98512982880928091e-07,1.54585717193204176e-07,1.07469495888653884e-05,8.81580501291152674e-09,0.00000000000000000e+00
2264,2.98122397923624669e-07,1.54423611632368963e-07,1.07394866328939883e-05,8.85302406750067857e-09,0.00000000000000000e+00
2265,2.98211571540466209e-07,1.54266992361111703e-07,1.07320109843711579e-05,8.88460792689208564e-09,0.00000000000000000e+00
2266,2.97920347192473571e-07,1.54118054713434134e-07,1.07245541258735630e-05,8.91716266130735659e-09,0.00000000000000000e+00
2267,2.97658111362116653e-07,1.53963030625664238e-07,1.07171032499385579e-05,8.94313319065464796e-09,0.00000000000000000e+00
2268,2.97248145477730274e-07,1.53800875769314801e-07,1.07096659037627259e-05,8.97922259561025706e-09,0.00000000000000000e+00
2269,2.97305749556650457e-07,1.53654112926258311e-07,1.07022160441184762e-05,9.01155009978873187e-09,0.00000000000000000e+00
2270,2.97068339826156612e-07,1.53501022076965906e-07,1.06947822964294819e-05,9.03761399979412365e-09,0.00000000000000000e+00
2271,2.96629528908691663e-07,1.53336851936141032e-07,1.06873640280446495e-05,9.07399175921933547e-09,0.00000000000000000e+00
2272,2.96666922952585667e-07,1.53190359157910198e-07,1.06799334803534562e-05,9.09985383106102588e-09,0.00000000000000000e+00
2273,2.96244472902987130e-07,1.53030265301085481e-07,1.06725263681417110e-05,9.13579936832197739e-09,0.00000000000000000e+00
2274,2.96240985701971339e-07,1.52879618345407430e-07,1.06651096031199305e-05,9.16212565752749158e-09,0.00000000000000000e+00
2275,2.95822019958537029e-07,1.52720042279151117e-07,1.06577146898419481e-05,9.19823065008594633e-09,0.00000000000000000e+00
2276,2.95814699087720213e-07,1.52571893704222564e-07,1.06503103832509153e-05,9.22459135303929763e-09,0.00000000000000000e+00
2277,2.95390755022277058e-07,1.52412908934641261e-07,1.06429279920206423e-05,9.26080866369211097e-09,0.00000000000000000e+00
2278,2.95386069001517705e-07,1.52265300891676213e-07,1.06355359487439325e-05,9.28716849333424261e-09,0.00000000000000000e+00
2279,2.94960825779085358e-07,1.52106766454949282e-07,1.06281659360399353e-05,9.31674536814485098e-09,0.00000000000000000e+00
2280,2.94797988289402174e-07,1.51951668268890817e-07,1.06207931931677161e-05,9.34637258208765639e-09,0.00000000000000000e+00
2281,2.94628477597569164e-07,1.51800560980455740e-07,1.06134260595051388e-05,9.37609740770148031e-09,0.00000000000000000e+00
2282,2.94428957024089986e-07,1.51649049391794907e-07,1.06060658254268521e-05,9.40586985224601608e-09,0.00000000000000000e+00
2283,2.94215617111793347e-07,1.51497078131826505e-07,1.05987121934626675e-05,9.43565240478068799e-09,0.00000000000000000e+00
2284,2.93999459574657071e-07,1.51345070767799525e-07,1.05913648424631264e-05,9.46542551489508500e-09,0.00000000000000000e+00
2285,2.93784123681351346e-07,1.51193255694483684e-07,1.05840236302733674e-05,9.49517873084110559e-09,0.00000000000000000e+00
2286,2.93570014173588496e-07,1.51041693664615516e-07,1.05766885160445727e-05,9.52490293058462570e-09,0.00000000000000000e+00
2287,2.93356736776471496e-07,1.50890377342943458e-07,1.05693594932264249e-05,9.55458505654493369e-09,0.00000000000000000e+00
2288,2.93143930221714850e-07,1.50739285796607791e-07,1.05620365613062911e-05,9.58355158214331065e-09,0.00000000000000000e+00
2289,2.92929155397274356e-07,1.50586970005558542e-07,1.05547201076384944e-05,1.64270906802952178e-09,0.00000000000000000e+00
2290,3.87279729599252286e-07,2.37657529516791062e-07,1.05486508677238507e-05,1.11817809880052150e-09,0.00000000000000000e+00
2291,3.25507551398070934e-07,2.15937040278962568e-07,1.05416421367866280e-05,5.75484403912445720e-10,0.00000000000000000e+00
2292,3.10284072230082786e-07,1.89343149174350338e-07,1.05339202026776089e-05,5.31620252857584397e-10,0.00000000000000000e+00
2293,3.04942530625636318e-07,1.74336694738553844e-07,1.05264901835616747e-05,5.97685202312721565e-10,0.00000000000000000e+00
2294,2.99203460069726148e-07,1.62267746903266445e-07,1.05189715281064225e-05,1.33816533006926999e-09,0.00000000000000000e+00
2295,2.95872202638459404e-07,1.56138235819416626e-07,1.05115511151255101e-05,1.99331753491352548e-09,0.00000000000000000e+00
2296,2.94541537131062102e-07,1.53080788745907528e-07,1.05041728271907094e-05,2.38234384806641719e-09,0.00000000000000000e+00
2297,2.93519221981425766e-07,1.51698750245420736e-07,1.04968552335300715e-05,2.65773007860305741e-09,0.00000000000000000e+00
2298,2.92534741776221025e-07,1.51023199569060050e-07,1.04895732120845611e-05,2.90996925526132468e-09,0.00000000000000000e+00
2299,2.92257148140871243e-07,1.50557217090917667e-07,1.04822869787768821e-05,3.22347065487881427e-09,0.00000000000000000e+00
2300,2.94532225351499141e-07,1.57487013985818508e-07,1.04750806768921524e-05,3.32345955018070120e-09,0.00000000000000000e+00
2301,2.92838590409660802e-07,1.55607991977964700e-07,1.04677949931995329e-05,3.44484184349666305e-09,0.00000000000000000e+00
2302,2.92680420427955018e-07,1.54153424094886848e-07,1.04605287026659367e-05,3.91258444140919407e-09,0.00000000000000000e+00
2303,2.94569447261202755e-07,1.60171112928810188e-07,1.04532741044042486e-05,3.59623083754820122e-09,0.00000000000000000e+00
2304,2.92695263407644601e-07,1.54785019474857823e-07,1.04460624656429534e-05,3.49163705308959242e-09,0.00000000000000000e+00
2305,2.90659418987439713e-07,1.52207297936258709e-07,1.04388613546694215e-05,3.33173404619342657e-09,0.00000000000000000e+00
2306,2.89897827617425689e-07,1.48903415402701873e-07,1.04316375123309713e-05,3.58748953632644086e-09,0.00000000000000000e+00
2307,2.89512538967754993e-07,1.48171181778727236e-07,1.04244114404177487e-05,3.70549544094011065e-09,0.00000000000000000e+00
2308,2.89414513357013013e-07,1.47972968632137658e-07,1.04171979961093036e-05,3.81097420680756680e-09,0.00000000000000000e+00
2309,2.88775928466156610e-07,1.47796758492132951e-07,1.04100103992883304e-05,3.90433999046214905e-09,0.00000000000000000e+00
2310,2.88748482183236931e-07,1.47653114909463877e-07,1.04028115842641737e-05,3.98734378039454312e-09,0.00000000000000000e+00
2311,2.88475827651159810e-07,1.47528603638733926e-07,1.03956272346511112e-05,4.05984267365980398e-09,0.00000000000000000e+00
2312,2.88425983158791714e-07,1.47424565614692652e-07,1.03884397098816083e-05,4.12639305518012635e-09,0.00000000000000000e+00
2313,2.88106980987942603e-07,1.47282154100683694e-07,1.03812676472764386e-05,4.18747359034024946e-09,0.00000000000000000e+00
2314,2.87795053984961964e-07,1.47129476298724909e-07,1.03741027766836829e-05,4.24372009730633921e-09,0.00000000000000000e+00
2315,2.87536011494581666e-07,1.46970710937402502e-07,1.03669429871601951e-05,4.29608931134497027e-09,0.00000000000000000e+00
2316,2.87313399986770982e-07,1.46807749640619610e-07,1.03597882493822655e-05,4.34552823359577000e-09,0.00000000000000000e+00
2317,2.87106062339172099e-07,1.46642671289097847e-07,1.03526389556982200e-05,4.39284770902680228e-09,0.00000000000000000e+00
2318,2.86901819437646772e-07,1.46477824485413611e-07,1.03454953974746718e-05,4.43524470488598375e-09,0.00000000000000000e+00
2319,2.86465952080479224e-07,1.46278038017207673e-07,1.03383688552854266e-05,4.48189488142514115e-09,0.00000000000000000e+00
2320,2.86562453408987739e-07,1.46157040650511287e-07,1.03312264007451242e-05,4.52640007033485357e-09,0.00000000000000000e+00
2321,2.86378221458666706e-07,1.46006129423809714e-07,1.03240983603815104e-05,4.57083775715609211e-09,0.00000000000000000e+00
2322,2.86132205393005434e-07,1.45854833827079453e-07,1.03169787834586923e-05,4.61523650597302695e-09,0.00000000000000000e+00
2323,2.85892363900632633e-07,1.45705492682504002e-07,1.03098654212876846e-05,4.65969076094789908e-09,0.00000000000000000e+00
2324,2.85669963272209457e-07,1.45557281808062865e-07,1.03027576480821770e-05,4.70075859033400512e-09,0.00000000000000000e+00
2325,2.85232260787345142e-07,1.45375764020784926e-07,1.02956664179753610e-05,4.74760343229942831e-09,0.00000000000000000e+00
2326,2.85328022481018469e-07,1.45260864636364024e-07,1.02885593938668523e-05,4.79273298188453818e-09,0.00000000000000000e+00
2327,2.85148210957507856e-07,1.45110908877717820e-07,1.02814665763107345e-05,4.83812444242118595e-09,0.00000000000000000e+00
2328,2.84906546271781366e-07,1.44955261330296908e-07,1.02743822135478618e-05,4.88143317410297509e-09,0.00000000000000000e+00
2329,2.84443543593323087e-07,1.44757320546107367e-07,1.02673147317394548e-05,4.92809568061492830e-09,0.00000000000000000e+00
2330,2.84518871509581417e-07,1.44634456569554254e-07,1.02602316934871906e-05,4.97181003276377664e-09,0.00000000000000000e+00
2331,2.84109053768070180e-07,1.44449823122744517e-07,1.02531728998523603e-05,5.01792131892002231e-09,0.00000000000000000e+00
2332,2.84156299384026202e-07,1.44328899185495053e-07,1.02461017314438441e-05,5.06165585240735490e-09,0.00000000000000000e+00
2333,2.83719614999936349e-07,1.44150044071740281e-07,1.02390550017805092e-05,5.10693310671234983e-09,0.00000000000000000e+00
2334,2.83752141251764523e-07,1.44034136050335484e-07,1.02319958435201416e-05,5.15007679066303038e-09,0.00000000000000000e+00
2335,2.83310472708933998e-07,1.43863121602672900e-07,1.02249608540894298e-05,5.19437751255796369e-09,0.00000000000000000e+00
2336,2.83343307853455336e-07,1.43752177821052259e-07,1.02179132733706949e-05,5.23706909749307252e-09,0.00000000000000000e+00
2337,2.82902815250484232e-07,1.43584028804434224e-07,1.02108897908670098e-05,5.28069539112173974e-09,0.00000000000000000e+00
2338,2.82937035632023913e-07,1.43474904668646302e-07,1.02038536943550692e-05,5.32272129009475081e-09,0.00000000000000000e+00
2339,2.82496995026860580e-07,1.43309179835812504e-07,1.01968417134886986e-05,5.36557373775440960e-09,0.00000000000000000e+00
2340,2.82530821759857630e-07,1.43200137991873787e-07,1.01898171374061507e-05,5.40749052952366845e-09,0.00000000000000000e+00
2341,2.82311596198063419e-07,1.43061090288634545e-07,1.01828063183942248e-05,5.44841791956207562e-09,0.00000000000000000e+00
2342,2.81830019469338619e-07,1.42889679376286186e-07,1.01758137296033985e-05,5.49017915919610012e-09,0.00000000000000000e+00
2343,2.81883065184858146e-07,1.42781113136751034e-07,1.01688061697054122e-05,5.53000181183004046e-09,0.00000000000000000e+00
2344,2.81463825173879068e-07,1.42613005128635505e-07,1.01618224080946227e-05,5.57109800269888159e-09,0.00000000000000000e+00
2345,2.81506828762177417e-07,1.42501627074045726e-07,1.01548261598505916e-05,5.60995186214920100e-09,0.00000000000000000e+00
2346,2.81072066340167153e-07,1.42332097717244989e-07,1.01478540471799205e-05,5.65042362223660126e-09,0.00000000000000000e+00
2347,2.81104178916940546e-07,1.42219723195068075e-07,1.01408695364668009e-05,5.68971032589794746e-09,0.00000000000000000e+00
2348,2.80885082405182151e-07,1.42078049971315050e-07,1.01338986955332840e-05,5.72708499751072359e-09,0.00000000000000000e+00
2349,2.80407671365008390e-07,1.41903809533476511e-07,1.01269459267181200e-05,5.76662438407055348e-09,0.00000000000000000e+00
2350,2.80460481019724495e-07,1.41793734056262595e-07,1.01199782893640082e-05,5.80280369488473432e-09,0.00000000000000000e+00
2351,2.80046697507466497e-07,1.41624339940386100e-07,1.01130342587607821e-05,5.84187892891989577e-09,0.00000000000000000e+00
2352,2.80090516173270153e-07,1.41512720825811696e-07,1.01060778352711732e-05,5.87949770674392403e-09,0.00000000000000000e+00
2353,2.79878617897669161e-07,1.41371865668500468e-07,1.00991351658950860e-05,5.91444366224422689e-09,0.00000000000000000e+00
2354,2.79406449252229122e-07,1.41198100340013541e-07,1.00922105961595425e-05,5.95294399566284467e-09,0.00000000000000000e+00
2355,2.79458755271806546e-07,1.41088891888228820e-07,1.00852713347920887e-05,5.98980605222112346e-09,0.00000000000000000e+00
2356,2.79263457167675169e-07,1.40949565480320738e-07,1.00783453416486059e-05,6.02361719503781740e-09,0.00000000000000000e+00
2357,2.78802671304210754e-07,1.40777377250067639e-07,1.00714374507073589e-05,6.06165360362308537e-09,0.00000000000000000e+00
2358,2.78858866370657183e-07,1.40671020515408162e-07,1.00645150162410548e-05,6.09471440738817632e-09,0.00000000000000000e+00
2359,2.78449077670223021e-07,1.40504690683485060e-07,1.00576161002371883e-05,6.13272363774611809e-09,0.00000000000000000e+00
2360,2.78491640691567588e-07,1.40397242251262121e-07,1.00507049734186599e-05,6.16898805803904330e-09,0.00000000000000000e+00
2361,2.78280561208233360e-07,1.40260164203472427e-07,1.00438074840153253e-05,6.20179688463988269e-09,0.00000000000000000e+00
2362,2.77811237984332658e-07,1.40091132450383336e-07,1.00369279662017137e-05,6.23978883002631176e-09,0.00000000000000000e+00
2363,2.77863584463457947e-07,1.39987336669085721e-07,1.00300338416381020e-05,6.27586846615196093e-09,0.00000000000000000e+00
2364,2.77670102516957095e-07,1.39853411189814085e-07,1.00231528769941403e-05,6.30844556386278182e-09,0.00000000000000000e+00
2365,2.77212544578233284e-07,1.39686506320000399e-07,1.00162899013129438e-05,6.34646596605195332e-09,0.00000000000000000e+00
2366,2.77269525145992234e-07,1.39584019300156690e-07,1.00094124269544878e-05,6.38258272464891615e-09,0.00000000000000000e+00
2367,2.77078135462568241e-07,1.39450977748042237e-07,1.00025481732131598e-05,6.41529288528397525e-09,0.00000000000000000e+00
2368,2.76622104369750641e-07,1.39284395984940415e-07,9.99570190385311770e-06,6.45348628274797980e-09,0.00000000000000000e+00
2369,2.76678543318281916e-07,1.39181735275371576e-07,9.98884120979136071e-06,6.48982393774743996e-09,0.00000000000000000e+00
2370,2.76487352058468394e-07,1.39048393291176507e-07,9.98199369642340413e-06,6.52296207592526172e-09,0.00000000000000000e+00
2371,2.76032499824566434e-07,1.38881083202880453e-07,9.97516410121211137e-06,6.56140079822473346e-09,0.00000000000000000e+00
2372,2.76088569469904580e-07,1.38777613205642050e-07,9.96832012961148451e-06,6.59806427063390827e-09,0.00000000000000000e+00
2373,2.75897879108960106e-07,1.38643584980273566e-07,9.96148928765779058e-06,6.63181228674335368e-09,0.00000000000000000e+00
2374,2.75444645028910186e-07,1.38475527606272441e-07,9.95467628624217806e-06,6.67048781711313635e-09,0.00000000000000000e+00
2375,2.75500221027147147e-07,1.38371255891164833e-07,9.94784897123767379e-06,6.70460469872468771e-09,0.00000000000000000e+00
2376,2.75097569169553276e-07,1.38207180685829798e-07,9.94104475266805479e-06,6.74346543318130457e-09,0.00000000000000000e+00
2377,2.75139841687658794e-07,1.38100866051416214e-07,9.93422852374075141e-06,6.77807184112335787e-09,0.00000000000000000e+00
2378,2.74720978408365557e-07,1.37936320934055704e-07,9.92743561774296304e-06,6.81705476293979478e-09,0.00000000000000000e+00
2379,2.74752765707672860e-07,1.37829498007046642e-07,9.92063074958688370e-06,6.85205640900518911e-09,0.00000000000000000e+00
2380,2.74330142901493018e-07,1.37664959673108250e-07,9.91384898579371305e-06,6.89107996223471608e-09,0.00000000000000000e+00
2381,2.74361095819192752e-07,1.37558331319527883e-07,9.90705517719717732e-06,6.92638144598816107e-09,0.00000000000000000e+00
2382,2.73939661343204427e-07,1.37394398999093050e-07,9.90028437002167615e-06,6.96537803100784751e-09,0.00000000000000000e+00
2383,2.73970795073624510e-07,1.37288154761436808e-07,9.89350153645417386e-06,7.00087192330120287e-09,0.00000000000000000e+00
2384,2.73550710554626684e-07,1.37125152339953286e-07,9.88674163803988190e-06,7.03776624236094385e-09,0.00000000000000000e+00
2385,2.73377200447254239e-07,1.36993487358777303e-07,9.87997935561357545e-06,7.07641437438252965e-09,0.00000000000000000e+00
2386,2.73435876853409214e-07,1.36888282401840045e-07,9.87321137940196844e-06,7.11187132538646476e-09,0.00000000000000000e+00
2387,2.73000721396846362e-07,1.36727071528482276e-07,9.86646779322383847e-06,7.14858507907982653e-09,0.00000000000000000e+00
2388,2.72807939398739973e-07,1.36595719448826904e-07,9.85972233107656461e-06,7.18703271751724993e-09,0.00000000000000000e+00
2389,2.72855456403129665e-07,1.36490116078754474e-07,9.85297110218147166e-06,7.22229676887678308e-09,0.00000000000000000e+00
2390,2.72416905823677016e-07,1.36329842312774552e-07,9.84624401051182902e-06,7.25867927716386124e-09,0.00000000000000000e+00
2391,2.72224032861374591e-07,1.36199611069415892e-07,9.83951492817173712e-06,7.29480245709273216e-09,0.00000000000000000e+00
2392,2.72072081173990843e-07,1.36070655783998946e-07,9.83278933069782233e-06,7.33276819213674494e-09,0.00000000000000000e+00
2393,2.72105631501351813e-07,1.35964592394339778e-07,9.82605997062805639e-06,7.36735462987224852e-09,0.00000000000000000e+00
2394,2.71653934158162231e-07,1.35804944551942206e-07,9.81935484477960282e-06,7.40299392136835979e-09,0.00000000000000000e+00
2395,2.71453039721069908e-07,1.35675010463194765e-07,9.81264771768158884e-06,7.43831520984540199e-09,0.00000000000000000e+00
2396,2.71298181647841046e-07,1.35546392925258777e-07,9.80594394818906386e-06,7.47344249282089508e-09,0.00000000000000000e+00
2397,2.71132729789444414e-07,1.35416849035460382e-07,9.79924550006738868e-06,7.50838604832933499e-09,0.00000000000000000e+00
2398,2.70951368012377706e-07,1.35286509574580225e-07,9.79255280857216649e-06,7.54313314816943313e-09,0.00000000000000000e+00
2399,2.70760934791592282e-07,1.35155764882338988e-07,9.78586579691050769e-06,7.57767787428933727e-09,0.00000000000000000e+00
2400,2.70567396836758223e-07,1.35024883565865872e-07,9.77918431460769867e-06,7.61202524936956219e-09,0.00000000000000000e+00
2401,2.70373677550455375e-07,1.34894007259992570e-07,9.77250826203206669e-06,7.64618785357423479e-09,0.00000000000000000e+00
2402,2.70180653990492417e-07,1.34763206488248009e-07,9.76583759342523007e-06,7.68018230942891946e-09,0.00000000000000000e+00
2403,2.69988334121534447e-07,1.34632523327959618e-07,9.75917229301678212e-06,7.71402725333812876e-09,0.00000000000000000e+00
2404,2.69796517471723407e-07,1.34501992615430998e-07,9.75251235629664168e-06,7.74774228386161017e-09,0.00000000000000000e+00
2405,2.69605036160629405e-07,1.34371649262952224e-07,9.74585778090056701e-06,7.78134719548956295e-09,0.00000000000000000e+00
2406,2.69413794912001989e-07,1.34241529086594829e-07,9.73920856368500031e-06,7.81486122085364635e-09,0.00000000000000000e+00
2407,2.69222750783450996e-07,1.34111667160592722e-07,9.73256469208235959e-06,7.84823858065513249e-09,0.00000000000000000e+00
2408,2.69031754024952404e-07,1.33980891217838890e-07,9.72592617834217443e-06,7.88156862520739495e-09,0.00000000000000000e+00
2409,2.68841111301367623e-07,1.33851409591840423e-07,9.71929300886885961e-06,7.91487024635773606e-09,0.00000000000000000e+00
2410,2.68650651680702668e-07,1.33722490194305191e-07,9.71266517525527262e-06,7.94815699175734026e-09,0.00000000000000000e+00
2411,2.68460385970660242e-07,1.33593948793082793e-07,9.70604267055821833e-06,7.98144049374989965e-09,0.00000000000000000e+00
2412,2.68270332959268141e-07,1.33465731748003562e-07,9.69942549614157732e-06,8.01479620061281397e-09,0.00000000000000000e+00
2413,2.68080638722575472e-07,1.33339086742506218e-07,9.69281362846036629e-06,8.04815741117386099e-09,0.00000000000000000e+00
2414,2.67890994576304016e-07,1.33211785916905783e-07,9.68620706931588042e-06,8.08153259342470565e-09,0.00000000000000000e+00
2415,2.67701567757512961e-07,1.33084540197462600e-07,9.67960581457790237e-06,8.11493451315775273e-09,0.00000000000000000e+00
2416,2.67512349506630300e-07,1.32957509498904031e-07,9.67300985864043096e-06,8.14837626380890143e-09,0.00000000000000000e+00
2417,2.67323319819596078e-07,1.32830713913319467e-07,9.66641919588961474e-06,8.18186949681475394e-09,0.00000000000000000e+00
2418,2.67134464972665063e-07,1.32704131143632535e-07,9.65983382630967008e-06,8.21553585866831418e-09,0.00000000000000000e+00
2419,2.66945709876205811e-07,1.32576815275786146e-07,9.65325372942138846e-06,8.24925767631601353e-09,0.00000000000000000e+00
2420,2.66757291343189753e-07,1.32450304503615286e-07,9.64667891066644155e-06,8.28169137521554982e-09,0.00000000000000000e+00
2421,2.66522389396247483e-07,1.32335566273776072e-07,9.64011047891950967e-06,8.31607804800973302e-09,0.00000000000000000e+00
2422,2.66397678445800002e-07,1.32200571073139005e-07,9.63354409104128875e-06,8.35000471755410453e-09,0.00000000000000000e+00
2423,2.66214206935304220e-07,1.32072202064526372e-07,9.62698478718441716e-06,8.38269565265604993e-09,0.00000000000000000e+00
2424,2.65968607649426746e-07,1.31956807382811362e-07,9.62043241565141640e-06,8.41727111636394259e-09,0.00000000000000000e+00
2425,2.65836696400165346e-07,1.31821933550304040e-07,9.61388207346637301e-06,8.45010411421982334e-09,0.00000000000000000e+00
2426,2.65603527984132250e-07,1.31704512346002851e-07,9.60733982026361310e-06,8.48354074776768611e-09,0.00000000000000000e+00
2427,2.65423385749406207e-07,1.31579820597097056e-07,9.60080113860975969e-06,8.51826578329351516e-09,0.00000000000000000e+00
2428,2.65293444923227493e-07,1.31444249098101502e-07,9.59426635317419149e-06,8.55127852910041516e-09,0.00000000000000000e+00
2429,2.65049977820456260e-07,1.31326179561143242e-07,9.58774011602981806e-06,8.58484031361903495e-09,0.00000000000000000e+00
2430,2.64863156561892134e-07,1.31201503955633407e-07,9.58121740761485867e-06,8.61841545953590261e-09,0.00000000000000000e+00
2431,2.64686875439850567e-07,1.31075758220145740e-07,9.57469955015293800e-06,8.65200791732950119e-09,0.00000000000000000e+00
2432,2.64506430107608969e-07,1.30949997564619067e-07,9.56818698914834115e-06,8.68490867679935765e-09,0.00000000000000000e+00
2433,2.64307373979896115e-07,1.30821999602219278e-07,9.56168050492781943e-06,8.71815588834448993e-09,0.00000000000000000e+00
2434,2.64127208543881980e-07,1.30695196308852104e-07,9.55517860874145698e-06,8.75139819236256658e-09,0.00000000000000000e+00
2435,2.63945972725711549e-07,1.30569876145767340e-07,9.54868187367624182e-06,8.78462298873655905e-09,0.00000000000000000e+00
2436,2.63761722214489468e-07,1.30444850955248963e-07,9.54219042348792611e-06,8.81781157171144655e-09,0.00000000000000000e+00
2437,2.63575819037744962e-07,1.30319980790503476e-07,9.53570423961853972e-06,8.85094643252769350e-09,0.00000000000000000e+00
2438,2.63389518225594232e-07,1.30195288374908424e-07,9.52922328330717061e-06,8.88401341168739500e-09,0.00000000000000000e+00
2439,2.63203399604855450e-07,1.30070800094286986e-07,9.52274752082974406e-06,8.91693552778180948e-09,0.00000000000000000e+00
2440,2.63017461786230735e-07,1.29945314461353506e-07,9.51627695388170157e-06,8.94978115863181626e-09,0.00000000000000000e+00
2441,2.62831986798721030e-07,1.29821022443302431e-07,9.50981156815978728e-06,8.98254740685169063e-09,0.00000000000000000e+00
2442,2.62646730011352818e-07,1.29697167618685752e-07,9.50335135716678077e-06,9.00895880390882700e-09,0.00000000000000000e+00
2443,2.62273538050017350e-07,1.29565357813443889e-07,9.49690486650842490e-06,9.04630514906791724e-09,0.00000000000000000e+00
2444,2.62412443978240151e-07,1.29448167619458573e-07,9.49044315551198712e-06,9.07795220538635690e-09,0.00000000000000000e+00
2445,2.62155680028763875e-07,1.29327975543525472e-07,9.48399976051588895e-06,9.10382125142005910e-09,0.00000000000000000e+00
2446,2.61729058622508467e-07,1.29195582204156837e-07,9.47757006477781547e-06,9.13979574993688085e-09,0.00000000000000000e+00
2447,2.61820868523955334e-07,1.29082194497513146e-07,9.47112542280023093e-06,9.17182802493070661e-09,0.00000000000000000e+00
2448,2.61611640191234302e-07,1.28960713386254598e-07,9.46469597108732665e-06,9.19702910289233023e-09,0.00000000000000000e+00
2449,2.61184407802141801e-07,1.28826942040339197e-07,9.45828170206024145e-06,9.23244696463580512e-09,0.00000000000000000e+00
2450,2.61259212127192213e-07,1.28711977695772150e-07,9.45185326004065625e-06,9.25729144506125615e-09,0.00000000000000000e+00
2451,2.60876520216350499e-07,1.28582216214760805e-07,9.44544699399521874e-06,9.29283884364601707e-09,0.00000000000000000e+00
2452,2.60916553649812310e-07,1.28468444406408346e-07,9.43902964601561668e-06,9.31738319615621218e-09,0.00000000000000000e+00
2453,2.60509067024998799e-07,1.28337865017615593e-07,9.43263438750612296e-06,9.35302129439201119e-09,0.00000000000000000e+00
2454,2.60547698204131500e-07,1.28224263174644269e-07,9.42622742747477565e-06,9.37721181550166399e-09,0.00000000000000000e+00
2455,2.60137892516238657e-07,1.28093834750657554e-07,9.41984254683042260e-06,9.41291095460560786e-09,0.00000000000000000e+00
2456,2.60180246033928365e-07,1.27980830824307826e-07,9.41344571508310862e-06,9.43676460159945774e-09,0.00000000000000000e+00
2457,2.59770099481563950e-07,1.27850718136875899e-07,9.40707108302528937e-06,9.46428120710767337e-09,0.00000000000000000e+00
2458,2.59642256686313467e-07,1.27727567686312848e-07,9.40069201540749484e-06,9.50017137791913559e-09,0.00000000000000000e+00
2459,2.59676764303340518e-07,1.27619291840985552e-07,9.39431002962486198e-06,9.52375977574326534e-09,0.00000000000000000e+00
2460,2.59237561282675095e-07,1.27488465623223102e-07,9.38795131464926848e-06,9.55122461198213908e-09,0.00000000000000000e+00
2461,2.59096270005085115e-07,1.27365357032758338e-07,9.38158794853796672e-06,9.57881659660843579e-09,0.00000000000000000e+00
2462,2.58956930837274828e-07,1.27247665705285297e-07,9.37522885869021910e-06,9.60652572154482625e-09,0.00000000000000000e+00
2463,2.58789650922086582e-07,1.27128566637405303e-07,9.36887550556749743e-06,9.63432301108368668e-09,0.00000000000000000e+00
2464,2.58608950652606130e-07,1.27008743392632796e-07,9.36252765258450745e-06,9.66219506374489883e-09,0.00000000000000000e+00
2465,2.58425187529970810e-07,1.26888783862451170e-07,9.35618500938397404e-06,9.69013941412665090e-09,0.00000000000000000e+00
2466,2.58241864373347877e-07,1.26768934273937854e-07,9.34984744596753427e-06,9.71815316601599981e-09,0.00000000000000000e+00
2467,2.58059482128736616e-07,1.26649244006649046e-07,9.34351492299781933e-06,9.74553865765575449e-09,0.00000000000000000e+00
2468,2.57879042888701988e-07,1.26529404951792570e-07,9.33718764941181442e-06,9.84890231261572328e-10,0.00000000000000000e+00
2469,3.69282073554268805e-07,2.37169790684892582e-07,9.33252834047942902e-06,1.62812879779605343e-09,0.00000000000000000e+00
2470,2.99576198674091701e-07,2.10237647376654054e-07,9.32648857854652879e-06,1.19235055349508324e-09,0.00000000000000000e+00
2471,2.81434382701753522e-07,1.78769140706357619e-07,9.31967536877985086e-06,1.38026414069474009e-09,0.00000000000000000e+00
2472,2.75328825800069355e-07,1.59054106898748203e-07,9.31323484122554254e-06,2.62878915811902071e-10,0.00000000000000000e+00
2473,2.67023450992588716e-07,1.43387573848152036e-07,9.30658068160168698e-06,8.78924122573638939e-10,0.00000000000000000e+00
2474,2.62648992710121330e-07,1.35032811276236123e-07,9.30008668703275286e-06,1.52834914876789808e-09,0.00000000000000000e+00
2475,2.60266783735281790e-07,1.30972151206900882e-07,9.29368626395844689e-06,2.02806564413303401e-09,0.00000000000000000e+00
2476,2.59201249627401032e-07,1.28916406503810755e-07,9.28731830635082677e-06,2.26365115000428241e-09,0.00000000000000000e+00
2477,2.58110962602552791e-07,1.39356518316318148e-07,9.28104087764095968e-06,2.46195768423537241e-09,0.00000000000000000e+00
2478,2.57426598090809493e-07,1.36108419285511753e-07,9.27470538092321333e-06,2.90012735153690569e-09,0.00000000000000000e+00
2479,2.56732825677393980e-07,1.32529498825920798e-07,9.26840310243228632e-06,3.14847169103171081e-09,0.00000000000000000e+00
2480,2.56736529097414205e-07,1.30414062358581345e-07,9.26209927336695248e-06,3.44732152480741965e-09,0.00000000000000000e+00
2481,2.57937222890809807e-07,1.35866496783263708e-07,9.25585568586522959e-06,3.43503351513080116e-09,0.00000000000000000e+00
2482,2.56651029536464068e-07,1.32906453719244224e-07,9.24957246919489583e-06,3.46145332767802008e-09,0.00000000000000000e+00
2483,2.57121486228047533e-07,1.29248850272984405e-07,9.24331037841902745e-06,3.48331759184299908e-09,0.00000000000000000e+00
2484,2.55954483765356547e-07,1.27589314014810920e-07,9.23704970285029478e-06,3.45370231194952856e-09,0.00000000000000000e+00
2485,2.56180652869245160e-07,1.25804963543448695e-07,9.23084939025968887e-06,3.47555096721439571e-09,0.00000000000000000e+00
2486,2.55255199811945797e-07,1.25267866331891647e-07,9.22457660558554403e-06,3.54812061591628812e-09,0.00000000000000000e+00
2487,2.54957710239124236e-07,1.24992467772684986e-07,9.21832972160465620e-06,3.62017205549777131e-09,0.00000000000000000e+00
2488,2.54767239355335603e-07,1.24803905001154013e-07,9.21209492626612323e-06,3.67877683806553802e-09,0.00000000000000000e+00
2489,2.54434312536675371e-07,1.24623125582638251e-07,9.20587316178119961e-06,3.73713526188603772e-09,0.00000000000000000e+00
2490,2.54199093085126949e-07,1.24454614717147421e-07,9.19965604718855345e-06,3.78600181494336985e-09,0.00000000000000000e+00
2491,2.53869418136095367e-07,1.24323359611689713e-07,9.19344665540123134e-06,3.83554981275265508e-09,0.00000000000000000e+00
2492,2.53646176329951782e-07,1.24200277337438245e-07,9.18723906352004502e-06,3.88394105661504324e-09,0.00000000000000000e+00
2493,2.53450537734575849e-07,1.24080412837865294e-07,9.18103557944285366e-06,3.93162531838978730e-09,0.00000000000000000e+00
2494,2.53267978826213369e-07,1.23952291035907388e-07,9.17483718249551195e-06,3.98039970738424291e-09,0.00000000000000000e+00
2495,2.53111279296208535e-07,1.23814623926224502e-07,9.16864333592615509e-06,4.03086623654254175e-09,0.00000000000000000e+00
2496,2.52982482984135536e-07,1.23653783148974471e-07,9.16245435366078041e-06,4.08046775245018361e-09,0.00000000000000000e+00
2497,2.52797595805230122e-07,1.23490852126915601e-07,9.15627227311609985e-06,4.13050295666068769e-09,0.00000000000000000e+00
2498,2.52609348982634453e-07,1.23324366458430302e-07,9.15009523098313221e-06,4.18128400886108948e-09,0.00000000000000000e+00
2499,2.52431484955224652e-07,1.23158405985219342e-07,9.14392260289363274e-06,4.23581770161284384e-09,0.00000000000000000e+00
2500,2.52445007211454212e-07,1.23029707956026003e-07,9.13774580418560982e-06,4.28664222078947892e-09,0.00000000000000000e+00
2501,2.52027187719495647e-07,1.22843498042405080e-07,9.13159056150035328e-06,4.34056599448790208e-09,0.00000000000000000e+00
2502,2.51849024088423280e-07,1.22695884693400181e-07,9.12543282618665491e-06,4.39556169713307657e-09,0.00000000000000000e+00
2503,2.51714859509012822e-07,1.22559250031114630e-07,9.11927772900436400e-06,4.45022018398129508e-09,0.00000000000000000e+00
2504,2.51746566044645728e-07,1.22452952222733695e-07,9.11311902796895289e-06,4.50684154938319892e-09,0.00000000000000000e+00
2505,2.51336897778126439e-07,1.22302983411491701e-07,9.10698204233271802e-06,4.56391551094486748e-09,0.00000000000000000e+00
2506,2.51148380708181717e-07,1.22185830145425021e-07,9.10084317880256192e-06,4.61691741134587751e-09,0.00000000000000000e+00
2507,2.51180171535521164e-07,1.22091704131104227e-07,9.09469894461500936e-06,4.67412932472938586e-09,0.00000000000000000e+00
2508,2.50774987032078249e-07,1.21955757495235735e-07,9.08857612733955096e-06,4.72917138323467579e-09,0.00000000000000000e+00
2509,2.50589918265576582e-07,1.21848808524582552e-07,9.08245137091268251e-06,4.77798123624159965e-09,0.00000000000000000e+00
2510,2.50624516976090408e-07,1.21759460107007101e-07,9.07632125053913778e-06,4.83106518573536677e-09,0.00000000000000000e+00
2511,2.50222585758664627e-07,1.21630440325033798e-07,9.07021260079681656e-06,4.87680114019330556e-09,0.00000000000000000e+00
2512,2.50225534128660053e-07,1.21544056327115956e-07,9.06409354689052666e-06,4.92245819304079780e-09,0.00000000000000000e+00
2513,2.50023741882808260e-07,1.21434960175671737e-07,9.05798586091934022e-06,4.96676617281131507e-09,0.00000000000000000e+00
2514,2.49797324658406446e-07,1.21325391864219297e-07,9.05188443589233489e-06,5.00954526791372410e-09,0.00000000000000000e+00
2515,2.49590018866638490e-07,1.21216915044569685e-07,9.04578765887868464e-06,5.05086921557125369e-09,0.00000000000000000e+00
2516,2.49402209374128592e-07,1.21108979553237458e-07,9.03969524696641371e-06,5.09089813186224165e-09,0.00000000000000000e+00
2517,2.49225307412491955e-07,1.21000549164384443e-07,9.03360737219881839e-06,5.13027460811006928e-09,0.00000000000000000e+00
2518,2.49138142102601263e-07,1.20889907045444349e-07,9.02752212933212382e-06,5.16786606978998415e-09,0.00000000000000000e+00
2519,2.48848393263628154e-07,1.20774057942240657e-07,9.02144690900568819e-06,5.20606940084788350e-09,0.00000000000000000e+00
2520,2.48760563503039357e-07,1.20660340325956078e-07,9.01537179680941016e-06,5.24205659218425633e-09,0.00000000000000000e+00
2521,2.48485637892903513e-07,1.20539754355545653e-07,9.00930599322157652e-06,5.27827184469238400e-09,0.00000000000000000e+00
2522,2.48322634193462552e-07,1.20421131777018463e-07,9.00324229588736553e-06,5.31540617460660362e-09,0.00000000000000000e+00
2523,2.48255995894430851e-07,1.20301338642933842e-07,8.99718067698698292e-06,5.35002201014907631e-09,0.00000000000000000e+00
2524,2.47978275077320837e-07,1.20174028976434088e-07,8.99112918057747547e-06,5.38537688817547890e-09,0.00000000000000000e+00
2525,2.47808619677347115e-07,1.20050052963693891e-07,8.98508000817693424e-06,5.42052037825535599e-09,0.00000000000000000e+00
2526,2.47651625778169846e-07,1.19925671527608203e-07,8.97903497417690701e-06,5.45553423924682553e-09,0.00000000000000000e+00
2527,2.47489393728907661e-07,1.19801406751108285e-07,8.97299470505824035e-06,5.49043753283332756e-09,0.00000000000000000e+00
2528,2.47320780434316717e-07,1.19678002031670140e-07,8.96695933171230033e-06,5.52144884242264699e-09,0.00000000000000000e+00
2529,2.46962610515953683e-07,1.19530073283479017e-07,8.96093771580156057e-06,5.55810914807490761e-09,0.00000000000000000e+00
2530,2.47032139840282028e-07,1.19439255020556947e-07,8.95490356771769137e-06,5.59274989677575473e-09,0.00000000000000000e+00
2531,2.46876786899213180e-07,1.19324824957000867e-07,8.94888092078614083e-06,5.62333091865655138e-09,0.00000000000000000e+00
2532,2.46487956833127183e-07,1.19185896972756406e-07,8.94287374021086249e-06,5.66002967823619840e-09,0.00000000000000000e+00
2533,2.46529909096140210e-07,1.19100892581290794e-07,8.93685457649944145e-06,5.69463483954591947e-09,0.00000000000000000e+00
2534,2.46361871298372386e-07,1.18994324498369117e-07,8.93084654621688382e-06,5.72508535196217735e-09,0.00000000000000000e+00
2535,2.45969313586663775e-07,1.18862974602595036e-07,8.92485374732460073e-06,5.76201430731537044e-09,0.00000000000000000e+00
2536,2.46014203707827334e-07,1.18784945957679353e-07,8.91884869233434431e-06,5.79689169440898610e-09,0.00000000000000000e+00
2537,2.45849167063208712e-07,1.18680451687305492e-07,8.91285468476238151e-06,5.83186074620991716e-09,0.00000000000000000e+00
2538,2.45644533318970268e-07,1.18576811637322445e-07,8.90686714164513622e-06,5.86692862137952610e-09,0.00000000000000000e+00
2539,2.45448168163674971e-07,1.18472928686729416e-07,8.90088440363294373e-06,5.90212383101345567e-09,0.00000000000000000e+00
2540,2.45266018317936708e-07,1.18369515675387711e-07,8.89490606359655835e-06,5.93749866119418705e-09,0.00000000000000000e+00
2541,2.45093006233546973e-07,1.18266273259035003e-07,8.88893214016056933e-06,5.97310232823924248e-09,0.00000000000000000e+00
2542,2.44923994050592518e-07,1.18162796186894046e-07,8.88296273687597590e-06,6.00897180642385769e-09,0.00000000000000000e+00
2543,2.44756056045795488e-07,1.18058789234768774e-07,8.87699793269346206e-06,6.04513106254572605e-09,0.00000000000000000e+00
2544,2.44588027842657266e-07,1.17954071959556859e-07,8.87103776632731921e-06,6.08159272415764055e-09,0.00000000000000000e+00
2545,2.44419662326817610e-07,1.17848541350511460e-07,8.86508224846691169e-06,6.11835977545996193e-09,0.00000000000000000e+00
2546,2.44251047945250672e-07,1.17742143717908570e-07,8.85913137577854484e-06,6.15542673489734125e-09,0.00000000000000000e+00
2547,2.44082328527294130e-07,1.17634861647417887e-07,8.85318513983739179e-06,6.19278044775380421e-09,0.00000000000000000e+00
2548,2.43913611888249823e-07,1.17526710434407978e-07,8.84724353130017261e-06,6.23040075572290009e-09,0.00000000000000000e+00
2549,2.43744962894960385e-07,1.17417737975202994e-07,8.84130654134842220e-06,6.26826121302987225e-09,0.00000000000000000e+00
2550,2.43576418992734411e-07,1.17308024254555333e-07,8.83537416200957170e-06,6.30632987123529924e-09,0.00000000000000000e+00
2551,2.43408002006490958e-07,1.17197678705964082e-07,8.82944638621920708e-06,6.34457005858434573e-09,0.00000000000000000e+00
2552,2.43239721854326847e-07,1.17086835539976878e-07,8.82352320787382238e-06,6.38294108104783987e-09,0.00000000000000000e+00
2553,2.43071576575841656e-07,1.16975648495047872e-07,8.81760462198389887e-06,6.42139885156495770e-09,0.00000000000000000e+00
2554,2.42903553093458183e-07,1.16864286942918809e-07,8.81169062468490293e-06,6.45989655147080047e-09,0.00000000000000000e+00
2555,2.42735630996581265e-07,1.16752933951858630e-07,8.80578121309704792e-06,6.49838547525536693e-09,0.00000000000000000e+00
2556,2.42567788461471336e-07,1.16641780998985327e-07,8.79987638470207099e-06,6.53681616338522428e-09,0.00000000000000000e+00
2557,2.42400007961994561e-07,1.16531009912467122e-07,8.79397613662985692e-06,6.57513981785190762e-09,0.00000000000000000e+00
2558,2.42232280229665815e-07,1.16420763477537199e-07,8.78808049328508339e-06,6.61339110722018162e-09,0.00000000000000000e+00
2559,2.42064558594608290e-07,1.16309723532627832e-07,8.78218937284259740e-06,6.65136405228693325e-09,0.00000000000000000e+00
2560,2.41897082527853110e-07,1.16201743822775040e-07,8.77630283954186050e-06,6.68909467687301685e-09,0.00000000000000000e+00
2561,2.41729513723411574e-07,1.16093564054262215e-07,8.77042087756142037e-06,6.72587861768796153e-09,0.00000000000000000e+00
2562,2.41383912826838105e-07,1.15963287139021717e-07,8.76455201951130172e-06,6.76351310953433737e-09,0.00000000000000000e+00
2563,2.41450404728365237e-07,1.15881490486294699e-07,8.75867107250241059e-06,6.80020432752935855e-09,0.00000000000000000e+00
2564,2.41300396502133020e-07,1.15775531031900515e-07,8.75280120536462005e-06,6.83674909765305504e-09,0.00000000000000000e+00
2565,2.41102785512387593e-07,1.15667835190160866e-07,8.74693788090777732e-06,6.87186280978164603e-09,0.00000000000000000e+00
2566,2.40731419113412230e-07,1.15538547328022718e-07,8.74108781596108297e-06,6.90843497399699701e-09,0.00000000000000000e+00
2567,2.40784008474285402e-07,1.15457518473820621e-07,8.73522562806214599e-06,6.94388320260049289e-09,0.00000000000000000e+00
2568,2.40629370986970727e-07,1.15352490896824472e-07,8.72937422107683118e-06,6.97919146167630266e-09,0.00000000000000000e+00
2569,2.40431577569022857e-07,1.15245721742089197e-07,8.72352920331530690e-06,7.01248982020694867e-09,0.00000000000000000e+00
2570,2.40061771729930125e-07,1.15117358848891588e-07,8.71769735637181414e-06,7.04828427443808846e-09,0.00000000000000000e+00
2571,2.40115712076329757e-07,1.15037119253890960e-07,8.71185334972085261e-06,7.08278458711614046e-09,0.00000000000000000e+00
2572,2.39962972002180918e-07,1.14932633145078499e-07,8.70602009729730148e-06,7.11506072778964124e-09,0.00000000000000000e+00
2573,2.39590369700626166e-07,1.14804671326893320e-07,8.70020151244128693e-06,7.15060397572770111e-09,0.00000000000000000e+00
2574,2.39630294600993371e-07,1.14723589155597114e-07,8.69437144446649863e-06,7.18471932594970154e-09,0.00000000000000000e+00
2575,2.39468810663913567e-07,1.14618832681660182e-07,8.68855205159429011e-06,7.21632022831032369e-09,0.00000000000000000e+00
2576,2.39093203553409960e-07,1.14490489193741398e-07,8.68274716002643576e-06,7.25175720014391756e-09,0.00000000000000000e+00
2577,2.39132376264633462e-07,1.14409489948961110e-07,8.67693072633232973e-06,7.28296905629445552e-09,0.00000000000000000e+00
2578,2.38797795333487713e-07,1.14283700921268069e-07,8.67113304222979758e-06,7.31843188336522512e-09,0.00000000000000000e+00
2579,2.38826851179976913e-07,1.14201420227318966e-07,8.66532562933965214e-06,7.34949718332336371e-09,0.00000000000000000e+00
2580,2.38479377553069811e-07,1.14075110594390173e-07,8.65953717414970652e-06,7.38500535101866185e-09,0.00000000000000000e+00
2581,2.38500225768915645e-07,1.13992615380847335e-07,8.65373901571932368e-06,7.41597388671056259e-09,0.00000000000000000e+00
2582,2.38149748161288028e-07,1.13866123800244374e-07,8.64795964939385051e-06,7.45152530349029559e-09,0.00000000000000000e+00
2583,2.38170048967949451e-07,1.13783936748703818e-07,8.64217050644936070e-06,7.48245194720233429e-09,0.00000000000000000e+00
2584,2.37820502297782072e-07,1.13657705006889183e-07,8.63640007729794403e-06,7.51805415479538251e-09,0.00000000000000000e+00
2585,2.37841061318558664e-07,1.13575983693013587e-07,8.63061987857920738e-06,7.54899110874966417e-09,0.00000000000000000e+00
2586,2.37492547512167093e-07,1.13450294588252214e-07,8.62485834457008524e-06,7.58464521731368016e-09,0.00000000000000000e+00
2587,2.37512919636759494e-07,1.13369154293884993e-07,8.61908707441096652e-06,7.61562587666360375e-09,0.00000000000000000e+00
2588,2.37165212370968847e-07,1.13244207538043588e-07,8.61333441801151911e-06,7.65132283698003124e-09,0.00000000000000000e+00
2589,2.37185222490787090e-07,1.13163750027914116e-07,8.60757206062542652e-06,7.68235925720319641e-09,0.00000000000000000e+00
2590,2.36838279557124538e-07,1.13039675031324401e-07,8.60182826412917887e-06,7.71808215442064071e-09,0.00000000000000000e+00
2591,2.36857938074913635e-07,1.12959949898009641e-07,8.59607479982134785e-06,7.74916940461593236e-09,0.00000000000000000e+00
2592,2.36511799709739871e-07,1.12836781410238510e-07,8.59033984427429283e-06,7.78196342304395291e-09,0.00000000000000000e+00
2593,2.36364849605134519e-07,1.12738412538737200e-07,8.58460303497910204e-06,7.81766993299237162e-09,0.00000000000000000e+00
2594,2.36407241884159071e-07,1.12659029684406224e-07,8.57886157480564510e-06,7.84885563558471104e-09,0.00000000000000000e+00
2595,2.36049324438178782e-07,1.12536939758867869e-07,8.57313982088520888e-06,7.88172946362417389e-09,0.00000000000000000e+00
2596,2.35887310875593720e-07,1.12438564810280649e-07,8.56741660261607184e-06,7.91745173064602997e-09,0.00000000000000000e+00
2597,2.35921034735306472e-07,1.12359573914919006e-07,8.56168867001936010e-06,7.94868300636029143e-09,0.00000000000000000e+00
2598,2.35560360696651785e-07,1.12237817990003652e-07,8.55598028343754552e-06,7.98159196669674297e-09,0.00000000000000000e+00
2599,2.35398534858633943e-07,1.12139814275584271e-07,8.55027030859515455e-06,8.01731585281174128e-09,0.00000000000000000e+00
2600,2.35433035695967648e-07,1.12061118360284913e-07,8.54455558332525623e-06,8.04861944307709725e-09,0.00000000000000000e+00
2601,2.35074242972217332e-07,1.11939468567986861e-07,8.53886034317996182e-06,8.08159690749825467e-09,0.00000000000000000e+00
2602,2.34913188136180982e-07,1.11841280376036398e-07,8.53316353029293909e-06,8.11455840307692665e-09,0.00000000000000000e+00
2603,2.34785174625743860e-07,1.11743475232187916e-07,8.52746953740333763e-06,8.15033196083755094e-09,0.00000000000000000e+00
2604,2.34807883500850442e-07,1.11663393870957017e-07,8.52177245759678873e-06,8.18181048290013448e-09,0.00000000000000000e+00
2605,2.34438312878761496e-07,1.11540799127950089e-07,8.51609494533514072e-06,8.21490792682499564e-09,0.00000000000000000e+00
2606,2.34270496644339596e-07,1.11441398470480771e-07,8.51041585774295727e-06,8.24795991271194218e-09,0.00000000000000000e+00
2607,2.34139988017488147e-07,1.11342557727754510e-07,8.50473948394569645e-06,8.28104707614778378e-09,0.00000000000000000e+00
2608,2.34001355966661498e-07,1.11242842798109722e-07,8.49906738679465723e-06,8.31416490212762648e-09,0.00000000000000000e+00
2609,2.33850128492394527e-07,1.11142387847892200e-07,8.49339991884102218e-06,8.34729126606569336e-09,0.00000000000000000e+00
2610,2.33691600939636999e-07,1.11041537638125860e-07,8.48773702480191713e-06,8.38040902807226927e-09,0.00000000000000000e+00
2611,2.33530497422907646e-07,1.10940555737075750e-07,8.48207858681718319e-06,8.41350901462191693e-09,0.00000000000000000e+00
2612,2.33369176208152159e-07,1.10839603836262388e-07,8.47642452503786469e-06,8.44658714760631075e-09,0.00000000000000000e+00
2613,2.33208364725723009e-07,1.10738776843755305e-07,8.47077480211351018e-06,8.47964145059202261e-09,0.00000000000000000e+00
2614,2.33048079080154866e-07,1.10638134051654158e-07,8.46512940514639811e-06,8.51267030488113554e-09,0.00000000000000000e+00
2615,2.32888156406819361e-07,1.10537716298063452e-07,8.45948833085108418e-06,8.54567164874913048e-09,0.00000000000000000e+00
2616,2.32728457020742839e-07,1.10437553165069270e-07,8.45385157803167985e-06,8.57744916955429297e-09,0.00000000000000000e+00
2617,2.32520247610415924e-07,1.10343430736553906e-07,8.44822051910653669e-06,8.61087881868413190e-09,0.00000000000000000e+00
2618,2.32427026209965183e-07,1.10238709613119374e-07,8.44259017303399323e-06,8.64374417779774182e-09,0.00000000000000000e+00
2619,2.32272102716327005e-07,1.10137932269681336e-07,8.43696604533024145e-06,8.67536001394485614e-09,0.00000000000000000e+00
2620,2.32052940093308925e-07,1.10044110992300995e-07,8.43134819149903292e-06,8.70865802530807617e-09,0.00000000000000000e+00
2621,2.31952306671333151e-07,1.09940233990952516e-07,8.42573105438048536e-06,8.74014677823433664e-09,0.00000000000000000e+00
2622,2.31745369051968625e-07,1.09846885335226415e-07,8.42012140735067874e-06,8.77210727677578118e-09,0.00000000000000000e+00
2623,2.31594364816572742e-07,1.09748646155901879e-07,8.41451428964168858e-06,8.80527318712891532e-09,0.00000000000000000e+00
2624,2.31495166147893001e-07,1.09646169725023482e-07,8.40890986264856176e-06,8.83597233089131635e-09,0.00000000000000000e+00
2625,2.31263950641659886e-07,1.09551381224305659e-07,8.40331403476117807e-06,8.86806303699566841e-09,0.00000000000000000e+00
2626,2.31125519059339426e-07,1.09454838381086361e-07,8.39771942510188338e-06,8.89972975845768122e-09,0.00000000000000000e+00
2627,2.30977450105715412e-07,1.09357630810048842e-07,8.39212927598011207e-06,8.93132938557364734e-09,0.00000000000000000e+00
2628,2.30822449292062692e-07,1.09260132191785864e-07,8.38654363466546103e-06,8.96226659302111859e-09,0.00000000000000000e+00
2629,2.30650837799346458e-07,1.09161303843977350e-07,8.38096302835574455e-06,8.99345599883942553e-09,0.00000000000000000e+00
2630,2.30497410783440236e-07,1.09063753441991804e-07,8.37538613664670880e-06,9.02456149561708982e-09,0.00000000000000000e+00
2631,2.30343702218941360e-07,1.08966524562925596e-07,8.36981346895986710e-06,9.05558447259650725e-09,0.00000000000000000e+00
2632,2.30187453273748499e-07,1.08869286825125087e-07,8.36424514431507822e-06,9.08652162948852920e-09,0.00000000000000000e+00
2633,2.30029693316695217e-07,1.08772054638996812e-07,8.35868115238195716e-06,9.11737031847921366e-09,0.00000000000000000e+00
2634,2.29871508195492475e-07,1.08674885037849553e-07,8.35312146116260273e-06,9.14813029601382699e-09,0.00000000000000000e+00
2635,2.29713435163269230e-07,1.08577824446340999e-07,8.34756604748165311e-06,9.17880374662203275e-09,0.00000000000000000e+00
2636,2.29555627049473571e-07,1.08480905838190601e-07,8.34201489862453557e-06,9.20939494891446204e-09,0.00000000000000000e+00
2637,2.29398077658289246e-07,1.08384153752910724e-07,8.33646799313494672e-06,9.23150853483107017e-09,0.00000000000000000e+00
2638,2.29032913254722539e-07,1.08276379339560124e-07,8.33093490188500672e-06,9.26803759866473139e-09,0.00000000000000000e+00
2639,2.29225125315498669e-07,1.08191437240939107e-07,8.32538361020733460e-06,9.29746292463965321e-09,0.00000000000000000e+00
2640,2.28998748412990194e-07,1.08096913876290187e-07,8.31985059555247490e-06,9.31913397279563303e-09,0.00000000000000000e+00
2641,2.28575724174706130e-07,1.07987855174346834e-07,8.31433161067552430e-06,9.35432013482180575e-09,0.00000000000000000e+00
2642,2.28718332713457053e-07,1.07904175587702347e-07,8.30879489368507005e-06,9.38455343068558259e-09,0.00000000000000000e+00
2643,2.28538329077544153e-07,1.07810327690451752e-07,8.30327312471122403e-06,9.40589101650455938e-09,0.00000000000000000e+00
2644,2.28112785748661122e-07,1.07701057037811380e-07,8.29776688768696007e-06,9.44075817686853009e-09,0.00000000000000000e+00
2645,2.28241295459200936e-07,1.07617617207290302e-07,8.29224348954685854e-06,9.46205582071311229e-09,0.00000000000000000e+00
2646,2.27865843639399652e-07,1.07511841430896892e-07,8.28674318724595451e-06,9.49730687810707938e-09,0.00000000000000000e+00
2647,2.27956550669209143e-07,1.07430653245631339e-07,8.28122916054007786e-06,9.51874036142572323e-09,0.00000000000000000e+00
2648,2.27553815071883389e-07,1.07324040936164836e-07,8.27573811381272377e-06,9.55417715215877607e-09,0.00000000000000000e+00
2649,2.27643329728246845e-07,1.07241734619234570e-07,8.27023264975745941e-06,9.57557316839241181e-09,0.00000000000000000e+00
2650,2.27238180860297328e-07,1.07134662753876546e-07,8.26475017380778699e-06,9.60139066533429143e-09,0.00000000000000000e+00
2651,2.27143063653852262e-07,1.07038509867205171e-07,8.25926142677650761e-06,9.63714117589815813e-09,0.00000000000000000e+00
2652,2.27223201892717309e-07,1.06960148164689708e-07,8.25376820427938104e-06,9.65856865191902393e-09,0.00000000000000000e+00
2653,2.26787583788477111e-07,1.06851421562115774e-07,8.24829897598804664e-06,9.68448098321313414e-09,0.00000000000000000e+00
2654,2.26679099629216469e-07,1.06754483761114553e-07,8.24282324886543869e-06,9.71047933166337818e-09,0.00000000000000000e+00
2655,2.26569106667341137e-07,1.06661254005636435e-07,8.23735098235286584e-06,9.73663326419336167e-09,0.00000000000000000e+00
2656,2.26429512053661999e-07,1.06567215049400156e-07,8.23188361257044637e-06,9.76286923874352603e-09,0.00000000000000000e+00
2657,2.26276182208193822e-07,1.06472514008072026e-07,8.22642085895104074e-06,9.78914544534293846e-09,0.00000000000000000e+00
2658,2.26119648933769660e-07,1.06377658301166685e-07,8.22096241403903802e-06,9.81471183134409653e-09,0.00000000000000000e+00
2659,2.25969690624462724e-07,1.06283746227283139e-07,8.21550819023551223e-06,5.48254926792177645e-10,0.00000000000000000e+00
2660,3.43864754544196325e-07,2.43323550225422941e-07,8.21211526180855975e-06,1.82339431261664609e-09,0.00000000000000000e+00
2661,2.77042523448434798e-07,2.01353820116882023e-07,8.20689598725850354e-06,1.66906334297793335e-09,0.00000000000000000e+00
2662,2.56163017509236232e-07,1.65999814473227902e-07,8.20095753324519817e-06,1.52839697826952121e-09,0.00000000000000000e+00
2663,2.45267253259646475e-07,1.43411845822807812e-07,8.19524990997079844e-06,3.89323952146531181e-10,0.00000000000000000e+00
2664,2.36211941670151446e-07,1.26225376293869076e-07,8.18941644031556490e-06,6.16313175063761039e-10,0.00000000000000000e+00
2665,2.31563296563891017e-07,1.17020372390044006e-07,8.18376315169358039e-06,1.35557686415707440e-09,0.00000000000000000e+00
2666,2.29367715409129134e-07,1.11899829536072268e-07,8.17817756118271022e-06,1.77674437165585122e-09,0.00000000000000000e+00
2667,2.27854978044115591e-07,1.09580416393196591e-07,8.17268120639749766e-06,2.11313581045921154e-09,0.00000000000000000e+00
2668,2.26848603012294694e-07,1.08312641325789617e-07,8.16721726551141200e-06,2.38712490351101467e-09,0.00000000000000000e+00
2669,2.25915983311695062e-07,1.07563172477536394e-07,8.16177895834099984e-06,2.61977943841475531e-09,0.00000000000000000e+00
2670,2.25532484666869297e-07,1.07116182555357419e-07,8.15633834101375265e-06,2.85286543995186496e-09,0.00000000000000000e+00
2671,2.24793897773339749e-07,1.07072963946757941e-07,8.15091764737571621e-06,2.96384309182623973e-09,0.00000000000000000e+00
2672,2.24982025638137927e-07,1.06793829757126129e-07,8.14548165396756534e-06,3.66280189252033635e-09,0.00000000000000000e+00
2673,2.30179560655972707e-07,1.13431228029963551e-07,8.14010674493797221e-06,3.56498335222826747e-09,0.00000000000000000e+00
2674,2.29276357485352783e-07,1.11718661494575004e-07,8.13467522769414376e-06,2.94589775414701172e-09,0.00000000000000000e+00
2675,2.27839017361107498e-07,1.09485183397135850e-07,8.12930206847159461e-06,3.07429355692761616e-09,0.00000000000000000e+00
2676,2.23911519716319275e-07,1.06162810248211525e-07,8.12394534043888587e-06,3.31804090933119673e-09,0.00000000000000000e+00
2677,2.24041780623878714e-07,1.05691426296720181e-07,8.11853005087160179e-06,3.49788203873190308e-09,0.00000000000000000e+00
2678,2.27714271499670083e-07,1.07866041920902265e-07,8.11314414085678728e-06,3.46263499928190218e-09,0.00000000000000000e+00
2679,2.24853452316128638e-07,1.06360449770420692e-07,8.10778668088517026e-06,3.51030976971432745e-09,0.00000000000000000e+00
2680,2.24321947693102055e-07,1.05857880099204005e-07,8.10239772401511734e-06,3.58307668819660434e-09,0.00000000000000000e+00
2681,2.23979441102689518e-07,1.05507022275513341e-07,8.09702711638433722e-06,3.59426681989320161e-09,0.00000000000000000e+00
2682,2.23221615878680313e-07,1.04921491583067211e-07,8.09168154317723702e-06,3.63995733628915988e-09,0.00000000000000000e+00
2683,2.23411659411968473e-07,1.04630136015735644e-07,8.08630936920666120e-06,3.18450358574131064e-09,0.00000000000000000e+00
2684,2.30309707189364590e-07,1.13276038764088682e-07,8.08103264038711019e-06,3.55280254593020228e-09,0.00000000000000000e+00
2685,2.27954954399819851e-07,1.09882283807351133e-07,8.07563419023746310e-06,3.65752322072160949e-09,0.00000000000000000e+00
2686,2.24820788296679957e-07,1.05996248773936285e-07,8.07031447562977211e-06,3.90961414271501806e-09,0.00000000000000000e+00
2687,2.23074581493089741e-07,1.04899634974923609e-07,8.06494967867898295e-06,3.82402182296297588e-09,0.00000000000000000e+00
2688,2.21956969201460540e-07,1.04229780873882909e-07,8.05961068776352503e-06,3.84790914327256483e-09,0.00000000000000000e+00
2689,2.21631965793239037e-07,1.03909581939194418e-07,8.05427519076538756e-06,3.85530048332434022e-09,0.00000000000000000e+00
2690,2.21351786015672492e-07,1.03649913390713595e-07,8.04894895495237467e-06,3.86736390086676966e-09,0.00000000000000000e+00
2691,2.21189768301143575e-07,1.03463141116406309e-07,8.04362625145899444e-06,3.91515737003136340e-09,0.00000000000000000e+00
2692,2.21288163566107692e-07,1.03355150765379636e-07,8.03829826599110026e-06,3.95157528752071805e-09,0.00000000000000000e+00
2693,2.21072364133256579e-07,1.03237146945744394e-07,8.03298539589175254e-06,3.98873467976271114e-09,0.00000000000000000e+00
2694,2.20835537991619666e-07,1.03124539105247616e-07,8.02767807295809283e-06,4.02679425393181033e-09,0.00000000000000000e+00
2695,2.20645595116797548e-07,1.03021461869559707e-07,8.02237364853589971e-06,4.07326322189199649e-09,0.00000000000000000e+00
2696,2.20652917057870986e-07,1.02949309982620741e-07,8.01706455102965009e-06,4.10914406613605725e-09,0.00000000000000000e+00
2697,2.20302330844275553e-07,1.02837762039125929e-07,8.01177320198866171e-06,4.15560302194927077e-09,0.00000000000000000e+00
2698,2.20315967515624039e-07,1.02776408958951428e-07,8.00647209566464348e-06,4.19886063603291424e-09,0.00000000000000000e+00
2699,2.20158839520036730e-07,1.02694656213894060e-07,8.00118025051349665e-06,4.24237254694109156e-09,0.00000000000000000e+00
2700,2.19978664251375833e-07,1.02613246160055160e-07,7.99589353727052509e-06,4.28608368795758089e-09,0.00000000000000000e+00
2701,2.19811067505744566e-07,1.02532682480284576e-07,7.99061067982323945e-06,4.33172010177782087e-09,0.00000000000000000e+00
2702,2.19734616423947281e-07,1.02452883875592327e-07,7.98532969130086000e-06,4.37454753394755932e-09,0.00000000000000000e+00
2703,2.19476399538044425e-07,1.02366825217358428e-07,7.98005715791963930e-06,4.41879049539543372e-09,0.00000000000000000e+00
2704,2.19325639887275088e-07,1.02283780604411874e-07,7.97478612177650413e-06,4.46313631852057269e-09,0.00000000000000000e+00
2705,2.19188298397102743e-07,1.02199456741563251e-07,7.96951837004446587e-06,4.50762435459907451e-09,0.00000000000000000e+00
2706,2.19044256543791779e-07,1.02113057075017212e-07,7.96425458602509794e-06,4.55223655400555359e-09,0.00000000000000000e+00
2707,2.18890955545003094e-07,1.02024549937055815e-07,7.95899494348135477e-06,4.59692738186631062e-09,0.00000000000000000e+00
2708,2.18730712208124428e-07,1.01934218696919083e-07,7.95373942454915395e-06,4.64186766957167014e-09,0.00000000000000000e+00
2709,2.18408511947775744e-07,1.01826457799606095e-07,7.94849525311223339e-06,4.68720410873916542e-09,0.00000000000000000e+00
2710,2.18291595447923563e-07,1.01740429741988915e-07,7.94324779762742196e-06,4.73227668505952199e-09,0.00000000000000000e+00
2711,2.18184829818467853e-07,1.01651354835601578e-07,7.93800296272518091e-06,4.77811810222231693e-09,0.00000000000000000e+00
2712,2.17986743299570883e-07,1.01564512952378329e-07,7.93276445319480509e-06,4.82327995725086538e-09,0.00000000000000000e+00
2713,2.17853406529541496e-07,1.01472475125155311e-07,7.92752756713158113e-06,4.86761994070839823e-09,0.00000000000000000e+00
2714,2.17716378352524085e-07,1.01380788758302036e-07,7.92229459772500698e-06,4.91108091199099404e-09,0.00000000000000000e+00
2715,2.17569755535737930e-07,1.01289666807022878e-07,7.91706592750437735e-06,4.95251434105942955e-09,0.00000000000000000e+00
2716,2.17477076261414849e-07,1.01195475793285983e-07,7.91183964540687389e-06,4.99353336741327113e-09,0.00000000000000000e+00
2717,2.17308690699193555e-07,1.01105003342170912e-07,7.90662003189045118e-06,5.03388507961046646e-09,0.00000000000000000e+00
2718,2.17139760758255636e-07,1.01016715620516825e-07,7.90140471271260332e-06,5.07274816941244100e-09,0.00000000000000000e+00
2719,2.17130765113077663e-07,1.00944685933076252e-07,7.89618630901863820e-06,5.11137209580795676e-09,0.00000000000000000e+00
2720,2.16939528724244475e-07,1.00856142173851447e-07,7.89097795696710537e-06,5.14961460802373402e-09,0.00000000000000000e+00
2721,2.16738645426015091e-07,1.00768323941453192e-07,7.88577462776299407e-06,5.18728491918594416e-09,0.00000000000000000e+00
2722,2.16562436337083932e-07,1.00682385647462768e-07,7.88057482454265137e-06,5.22482123833174534e-09,0.00000000000000000e+00
2723,2.16482758888620825e-07,1.00599630524020383e-07,7.87537664908004325e-06,5.26152490644480502e-09,0.00000000000000000e+00
2724,2.16304804049639103e-07,1.00513395263989900e-07,7.87018502033492352e-06,5.29780445200478080e-09,0.00000000000000000e+00
2725,2.16127143395125309e-07,1.00426967911724654e-07,7.86499770775067143e-06,5.33358432413752052e-09,0.00000000000000000e+00
2726,2.15962350488772035e-07,1.00340669429039422e-07,7.85981405417658017e-06,5.36886773315514925e-09,0.00000000000000000e+00
2727,2.15807473250801999e-07,1.00254181579619233e-07,7.85463399846816021e-06,5.40368121920097471e-09,0.00000000000000000e+00
2728,2.15657525443364555e-07,1.00167147236206708e-07,7.84945763913666977e-06,5.43805673709520938e-09,0.00000000000000000e+00
2729,2.15509206467157286e-07,1.00079353774671428e-07,7.84428504922400960e-06,5.47203057181750650e-09,0.00000000000000000e+00
2730,2.15361136486592406e-07,9.99907525498099849e-08,7.83911634220210993e-06,5.50564112065436940e-09,0.00000000000000000e+00
2731,2.15212679639147487e-07,9.99013953956814680e-08,7.83395151137840250e-06,5.53893539504115654e-09,0.00000000000000000e+00
2732,2.15064029009725102e-07,9.98114190426673300e-08,7.82879055639808892e-06,5.57196717786758049e-09,0.00000000000000000e+00
2733,2.14915377828335469e-07,9.97209983352588461e-08,7.82363347290988980e-06,5.60479577385533281e-09,0.00000000000000000e+00
2734,2.14766932532231880e-07,9.96303232927910001e-08,7.81848025368714365e-06,5.63748406153116399e-09,0.00000000000000000e+00
2735,2.14618887904478362e-07,9.95395856024436539e-08,7.81333089091279176e-06,5.67009609309541309e-09,0.00000000000000000e+00
2736,2.14471408636450193e-07,9.94489701986119179e-08,7.80818537744088811e-06,5.70269454238643286e-09,0.00000000000000000e+00
2737,2.14324621614610849e-07,9.93586474275172218e-08,7.80304370705688411e-06,5.73533827629466136e-09,0.00000000000000000e+00
2738,2.14178614847179012e-07,9.92687632448694306e-08,7.79790587401373744e-06,5.76808028120417914e-09,0.00000000000000000e+00
2739,2.14033439596367389e-07,9.91794297134157352e-08,7.79277187241273267e-06,5.80096608897989133e-09,0.00000000000000000e+00
2740,2.13889112603629003e-07,9.90907204909562315e-08,7.78764169578542648e-06,5.83403272603486127e-09,0.00000000000000000e+00
2741,2.13745616575141615e-07,9.90026727894326467e-08,7.78251533729260379e-06,5.86730812892788606e-09,0.00000000000000000e+00
2742,2.13602900540540076e-07,9.89152936619096086e-08,7.77739279040870416e-06,5.90081098720204140e-09,0.00000000000000000e+00
2743,2.13460883327712131e-07,9.88285674055030561e-08,7.77227404972618791e-06,5.93455103783509052e-09,0.00000000000000000e+00
2744,2.13319461694932469e-07,9.87424622103293386e-08,7.76715911140424007e-06,5.96852984245798578e-09,0.00000000000000000e+00
2745,2.13178521251473827e-07,9.86569359363497363e-08,7.76204797306277089e-06,6.00274199836758606e-09,0.00000000000000000e+00
2746,2.13037945634664255e-07,9.85719407783496775e-08,7.75694063329320693e-06,6.03717663183947195e-09,0.00000000000000000e+00
2747,2.12897621367386254e-07,9.84874270093268792e-08,7.75183708823470088e-06,6.07178539887346103e-09,0.00000000000000000e+00
2748,2.12757317089403946e-07,9.84021685950644258e-08,7.74673734254179364e-06,6.10658535712009926e-09,0.00000000000000000e+00
2749,2.12617210594371964e-07,9.83182390530226354e-08,7.74164139369953427e-06,6.14156203009871096e-09,0.00000000000000000e+00
2750,2.12477011507778455e-07,9.82348606760447364e-08,7.73654923983639671e-06,6.17669784954508966e-09,0.00000000000000000e+00
2751,2.12336619270560904e-07,9.81518233631022830e-08,7.73146087973289407e-06,6.21197418084461263e-09,0.00000000000000000e+00
2752,2.12195952752489658e-07,9.80690482723067906e-08,7.72637631238249878e-06,6.24737214076302958e-09,0.00000000000000000e+00
2753,2.12054937052298340e-07,9.79864916748698172e-08,7.72129556624942102e-06,6.28290141316937536e-09,0.00000000000000000e+00
2754,2.11913524701467233e-07,9.79054012085094297e-08,7.71621857717828081e-06,6.31850980941260262e-09,0.00000000000000000e+00
2755,2.11771570353020675e-07,9.78234891289025349e-08,7.71114537478952726e-06,6.35417502475407604e-09,0.00000000000000000e+00
2756,2.11629132983522881e-07,9.77414851751437163e-08,7.70607596242154929e-06,6.38987740399744819e-09,0.00000000000000000e+00
2757,2.11486230093712237e-07,9.76595258866586042e-08,7.70101033711349750e-06,6.42559800903348975e-09,0.00000000000000000e+00
2758,2.11342890854336555e-07,9.75776202486151946e-08,7.69594849508745586e-06,6.46053775140925666e-09,0.00000000000000000e+00
2759,2.11122196831597491e-07,9.74938631946164923e-08,7.69089213861397648e-06,6.49682229698657753e-09,0.00000000000000000e+00
2760,2.11083209765942859e-07,9.74160361075326874e-08,7.68583491114111852e-06,6.53172235833298211e-09,0.00000000000000000e+00
2761,2.10864721549712706e-07,9.73323252287785189e-08,7.68078558044143970e-06,6.56721446814567734e-09,0.00000000000000000e+00
2762,2.10736276203224734e-07,9.72517609754458610e-08,7.67573795653186055e-06,6.60257102441514670e-09,0.00000000000000000e+00
2763,2.10611426852322896e-07,9.71711386365563785e-08,7.67069372145830717e-06,6.63781987255101237e-09,0.00000000000000000e+00
2764,2.10477961045121979e-07,9.70899361363244445e-08,7.66565339049240211e-06,6.67294332515222289e-09,0.00000000000000000e+00
2765,2.10337335426888416e-07,9.70082197253162230e-08,7.66061702621082534e-06,6.70791545557499625e-09,0.00000000000000000e+00
2766,2.10193167313329854e-07,9.69261709402672651e-08,7.65558456437789479e-06,6.74174427622570387e-09,0.00000000000000000e+00
2767,2.09904045463341345e-07,9.68285189065889173e-08,7.65056274384205083e-06,6.77697791685585603e-09,0.00000000000000000e+00
2768,2.09946210738152116e-07,9.67652798375382236e-08,7.64553147927226630e-06,6.81126694425576382e-09,0.00000000000000000e+00
2769,2.09816010894891487e-07,9.66829165063291967e-08,7.64050913760673007e-06,6.84434015951716873e-09,0.00000000000000000e+00
2770,2.09506184858294570e-07,9.65837714961398903e-08,7.63549880896793495e-06,6.87909120497667099e-09,0.00000000000000000e+00
2771,2.09528280901673565e-07,9.65193516753319391e-08,7.63047943664478137e-06,6.91146318867278414e-09,0.00000000000000000e+00
2772,2.09248155577680125e-07,9.64201583409120239e-08,7.62547535263828299e-06,6.94588889068698684e-09,0.00000000000000000e+00
2773,2.09263369531890264e-07,9.63548596117369185e-08,7.62046351104542766e-06,6.97924892132903234e-09,0.00000000000000000e+00
2774,2.09115096634166667e-07,9.62722212248792381e-08,7.61546053663464131e-06,7.01097957395146212e-09,0.00000000000000000e+00
2775,2.08799289158004578e-07,9.61729377328582993e-08,7.61046928970734546e-06,7.04505308237515096e-09,0.00000000000000000e+00
2776,2.08822449860200210e-07,9.61098266863184866e-08,7.60546873386953718e-06,7.07795988919052390e-09,0.00000000000000000e+00
2777,2.08686098088474423e-07,9.60284119954469368e-08,7.60047674256021153e-06,7.11086549265568677e-09,0.00000000000000000e+00
2778,2.08519963542528482e-07,9.59475392652509369e-08,7.59548979342792961e-06,7.14364010526107920e-09,0.00000000000000000e+00
2779,2.08360085683321739e-07,9.58662683645500093e-08,7.59050664993643418e-06,7.17626724599969503e-09,0.00000000000000000e+00
2780,2.08211032122291567e-07,9.57854939529733254e-08,7.58552700992847229e-06,7.20875375587320766e-09,0.00000000000000000e+00
2781,2.08068705733827441e-07,9.57051967856224286e-08,7.58055089856175593e-06,7.24111372473561031e-09,0.00000000000000000e+00
2782,2.07929219163372441e-07,9.56252083530777939e-08,7.57557839622514467e-06,7.27335947588557629e-09,0.00000000000000000e+00
2783,2.07790426239684615e-07,9.55453848572879119e-08,7.57060956245369345e-06,7.30550101276903487e-09,0.00000000000000000e+00
2784,2.07651482951062290e-07,9.54656301070825244e-08,7.56564442661396510e-06,7.33754733634673935e-09,0.00000000000000000e+00
2785,2.07512213244385222e-07,9.53858848326477940e-08,7.56068299750526906e-06,7.36950765699877619e-09,0.00000000000000000e+00
2786,2.07372687260009723e-07,9.53061133173252430e-08,7.55572527360843988e-06,7.40139205245583188e-09,0.00000000000000000e+00
2787,2.07233021561846731e-07,9.52262946473066708e-08,7.55077124948513048e-06,7.43448942891835359e-09,0.00000000000000000e+00
2788,2.07167922430987517e-07,9.51496518953479246e-08,7.54581910669315278e-06,7.46540806870718872e-09,0.00000000000000000e+00
2789,2.06923348791696574e-07,9.50650478922204970e-08,7.54087521279835858e-06,7.49715186206812722e-09,0.00000000000000000e+00
2790,2.06783173216879264e-07,9.49847550884863270e-08,7.53593269848006180e-06,7.53014329015590347e-09,0.00000000000000000e+00
2791,2.06732001798792043e-07,9.49085664090761835e-08,7.53099137120451411e-06,7.56091307874999089e-09,0.00000000000000000e+00
2792,2.06498805484117270e-07,9.48243290032700153e-08,7.52605821277760956e-06,7.59258425737410792e-09,0.00000000000000000e+00
2793,2.06364322230622863e-07,9.47442471311173259e-08,7.52112651792165086e-06,7.62557366889416724e-09,0.00000000000000000e+00
2794,2.06315385259201371e-07,9.46682279768629287e-08,7.51619608616901750e-06,7.65634936079587883e-09,0.00000000000000000e+00
2795,2.06083432890528498e-07,9.45840992222152658e-08,7.51127385467238047e-06,7.68807449844448819e-09,0.00000000000000000e+00
2796,2.05949629671911339e-07,9.45041460548269577e-08,7.50635310386325920e-06,7.71979771645719075e-09,0.00000000000000000e+00
2797,2.05826882307146511e-07,9.44249654180179118e-08,7.50143542654115945e-06,7.75156726966614534e-09,0.00000000000000000e+00
2798,2.05699784497158821e-07,9.43457713554040460e-08,7.49652138540366128e-06,7.78339198272589644e-09,0.00000000000000000e+00
2799,2.05567219745055002e-07,9.42664734367133929e-08,7.49161110559232880e-06,7.81526734126429860e-09,0.00000000000000000e+00
2800,2.05431420963280645e-07,9.41871518154933844e-08,7.48670456117822480e-06,7.84715877491203228e-09,0.00000000000000000e+00
2801,2.05294253310407350e-07,9.41065881528111341e-08,7.48180171155447883e-06,7.87908988835253215e-09,0.00000000000000000e+00
2802,2.05157084024309504e-07,9.40272377911248006e-08,7.47690251834896018e-06,7.91106033112909264e-09,0.00000000000000000e+00
2803,2.05020127121340146e-07,9.39483061116039099e-08,7.47200696266343966e-06,7.94307497507978393e-09,0.00000000000000000e+00
2804,2.04883610962367797e-07,9.38696142006156860e-08,7.46711502185772103e-06,7.97512945050208475e-09,0.00000000000000000e+00
2805,2.04747246664076020e-07,9.37911198960089654e-08,7.46222670459612039e-06,8.00722140515540112e-09,0.00000000000000000e+00
2806,2.04610919331519804e-07,9.37128043519719587e-08,7.45734201012971407e-06,8.03934917268705091e-09,0.00000000000000000e+00
2807,2.04474624989687161e-07,9.36346589582273243e-08,7.45246093528606216e-06,8.07151141629207242e-09,0.00000000000000000e+00
2808,2.04338351630060894e-07,9.35566765611652944e-08,7.44758347691466032e-06,8.10140972948945615e-09,0.00000000000000000e+00
2809,2.04065074701830296e-07,9.34635135865964310e-08,7.44271614913080554e-06,8.13496010050566898e-09,0.00000000000000000e+00
2810,2.04107103642313494e-07,9.34040564260359848e-08,7.43783979637032885e-06,8.16717767953395189e-09,0.00000000000000000e+00
2811,2.03984073266920869e-07,9.33266186497099682e-08,7.43297196471100218e-06,8.19731491269839204e-09,0.00000000000000000e+00
2812,2.03688966075680965e-07,9.32331144381031503e-08,7.42811559698437967e-06,8.23094271034336680e-09,0.00000000000000000e+00
2813,2.03709086889978903e-07,9.31725963406814691e-08,7.42325066826781649e-06,8.26108537491964006e-09,0.00000000000000000e+00
2814,2.03440546626082573e-07,9.30804700633860112e-08,7.41840028130224725e-06,8.29471792770187694e-09,0.00000000000000000e+00
2815,2.03452038010709798e-07,9.30191408608242043e-08,7.41354259787863287e-06,8.32491770551882861e-09,0.00000000000000000e+00
2816,2.03174020690680283e-07,9.29268292704061072e-08,7.40869957093881980e-06,8.35640342148158775e-09,0.00000000000000000e+00
2817,2.03048946213053188e-07,9.28521008516169129e-08,7.40385533249800595e-06,8.38782663632286692e-09,0.00000000000000000e+00
2818,2.02943661012666592e-07,9.27771214116839260e-08,7.39901356002471374e-06,8.41924834049089520e-09,0.00000000000000000e+00
2819,2.02826176360797677e-07,9.27013276362896270e-08,7.39417546067339352e-06,8.45065875905631939e-09,0.00000000000000000e+00
2820,2.02696536033263053e-07,9.26249807562209080e-08,7.38934122656346407e-06,8.48202815204454330e-09,0.00000000000000000e+00
2821,2.02560606369882834e-07,9.25483866967875929e-08,7.38451077550702630e-06,8.51334151656024639e-09,0.00000000000000000e+00
2822,2.02422972039715591e-07,9.24717498180427535e-08,7.37968397630246207e-06,8.54458766103446347e-09,0.00000000000000000e+00
2823,2.02285658247469959e-07,9.23951670899043399e-08,7.37486075573261017e-06,8.57575805864794000e-09,0.00000000000000000e+00
2824,2.02149105065479991e-07,9.23186746179971736e-08,7.37004108414593373e-06,8.60562256531821272e-09,0.00000000000000000e+00
2825,2.01961623330065368e-07,9.22432569805890688e-08,7.36522659646552056e-06,8.63713131028495563e-09,0.00000000000000000e+00
2826,2.01896116337554906e-07,9.21653455346374547e-08,7.36041164655404083e-06,8.66803076542669770e-09,0.00000000000000000e+00
2827,2.01765586236391241e-07,9.20902000301691533e-08,7.35560222743242479e-06,8.69754820373937363e-09,0.00000000000000000e+00
2828,2.01568011853992258e-07,9.20146578420459285e-08,7.35079859601309299e-06,8.72880211820540459e-09,0.00000000000000000e+00
2829,2.01494834318684260e-07,9.19369637547704355e-08,7.34599453996819110e-06,8.75938824989411565e-09,0.00000000000000000e+00
2830,2.01360778953386630e-07,9.18619866936930321e-08,7.34119591125041958e-06,8.78847195287512404e-09,0.00000000000000000e+00
2831,2.01162358342996185e-07,9.17865943259997107e-08,7.33640297863776263e-06,8.81942497137072569e-09,0.00000000000000000e+00
2832,2.01090053925459956e-07,9.17093020975512901e-08,7.33160954364644604e-06,8.84967122175324298e-09,0.00000000000000000e+00
2833,2.00956791809184366e-07,9.16347266854490230e-08,7.32682151202237182e-06,8.87830620502774619e-09,0.00000000000000000e+00
2834,2.00758919194051306e-07,9.15595468304348882e-08,7.32203917012507283e-06,8.90898215980275267e-09,0.00000000000000000e+00
2835,2.00687051570531008e-07,9.14827021114003475e-08,7.31725631112112638e-06,8.93892417617835029e-09,0.00000000000000000e+00
2836,2.00554068300924329e-07,9.14084863551618377e-08,7.31247884865650073e-06,8.96716159061744786e-09,0.00000000000000000e+00
2837,2.00356284357533079e-07,9.13334643304344650e-08,7.30770707485574338e-06,8.99762563111424026e-09,0.00000000000000000e+00
2838,2.00284742860340801e-07,9.12570208837079660e-08,7.30293476447928290e-06,9.02733497858571796e-09,0.00000000000000000e+00
2839,2.00151968108823293e-07,9.11831122882313617e-08,7.29816784520574853e-06,9.05526096229834961e-09,0.00000000000000000e+00
2840,1.99954143936899312e-07,9.11081968074680984e-08,7.29340661634029018e-06,9.08558673518020159e-09,0.00000000000000000e+00
2841,1.99883181027429242e-07,9.10320935278801548e-08,7.28864482002136676e-06,9.11336189721837507e-09,0.00000000000000000e+00
2842,1.99699202689195701e-07,9.09583191697697205e-08,7.28389007429614393e-06,9.14365866303822784e-09,0.00000000000000000e+00
2843,1.99624021434831469e-07,9.08827374052023833e-08,7.27913532002752742e-06,9.17068250221859227e-09,0.00000000000000000e+00
2844,1.99422620146254211e-07,9.08092392687416201e-08,7.27438824960896694e-06,9.20134159953041172e-09,0.00000000000000000e+00
2845,1.99362243342859366e-07,9.07344428045345372e-08,7.26964001312278676e-06,9.22831683189220996e-09,0.00000000000000000e+00
2846,1.99160929741146496e-07,9.06601823779537948e-08,7.26489987186205905e-06,9.25650057447329007e-09,0.00000000000000000e+00
2847,1.99037510663488115e-07,9.05850865620515654e-08,7.26016080146291617e-06,9.28536721099240450e-09,0.00000000000000000e+00
2848,1.98933303015648232e-07,9.05103965186938618e-08,7.25542427871119025e-06,9.31328349871539326e-09,0.00000000000000000e+00
2849,1.98792790767047181e-07,9.04357686113552102e-08,7.25069244211806728e-06,9.34161137745722272e-09,0.00000000000000000e+00
2850,1.98662891400585821e-07,9.03619931005729598e-08,7.24596380536252550e-06,9.37000230897324165e-09,0.00000000000000000e+00
2851,1.98532738097267332e-07,9.02878321600337797e-08,7.24123863591411868e-06,9.39846070386090402e-09,0.00000000000000000e+00
2852,1.98401308673175077e-07,9.02136353246197017e-08,7.23651698421159632e-06,9.42698819979418276e-09,0.00000000000000000e+00
2853,1.98269234626103609e-07,9.01395078773733334e-08,7.23179883693259382e-06,9.45558449666678176e-09,0.00000000000000000e+00
2854,1.98137072665231717e-07,9.00654941694232900e-08,7.22708417380597037e-06,9.47381435119067575e-09,0.00000000000000000e+00
2855,1.97772990243297903e-07,8.99763143663155300e-08,7.22238377241998909e-06,9.50990823484689837e-09,0.00000000000000000e+00
2856,1.98023005841884381e-07,8.99204514314658732e-08,7.21766180089828678e-06,9.53765492474881209e-09,0.00000000000000000e+00
2857,1.97824523476316672e-07,8.98466578065752493e-08,7.21295840318136437e-06,9.55630265070102667e-09,0.00000000000000000e+00
2858,1.97394888281997801e-07,8.97554980112504954e-08,7.20826986106970988e-06,9.59035277176578474e-09,0.00000000000000000e+00
2859,1.97583528837497354e-07,8.96974385542186335e-08,7.20356075746185043e-06,9.60899108546751431e-09,0.00000000000000000e+00
2860,1.97210531898296146e-07,8.96098381574843900e-08,7.19887617198893794e-06,9.64341150208654279e-09,0.00000000000000000e+00
2861,1.97352562786817461e-07,8.95523401490865959e-08,7.19417518623027953e-06,9.66212815543572252e-09,0.00000000000000000e+00
2862,1.96944685975525109e-07,8.94634146076452945e-08,7.18949858486683011e-06,9.69670844325702179e-09,0.00000000000000000e+00
2863,1.97087650644551758e-07,8.94059913538418401e-08,7.18480458140251070e-06,9.71528658009412026e-09,0.00000000000000000e+00
2864,1.96676684654081065e-07,8.93170706085142471e-08,7.18013506736601598e-06,9.73865595364996992e-09,0.00000000000000000e+00
2865,1.96613896009231319e-07,8.92429080731073848e-08,7.17545721803380062e-06,9.76206742111521117e-09,0.00000000000000000e+00
2866,1.96533208724922921e-07,8.91718886745937847e-08,7.17078253850962753e-06,9.78548560566860311e-09,0.00000000000000000e+00
2867,1.96417831127959945e-07,8.90997102827800476e-08,7.16611218164423708e-06,9.80796371588776809e-09,0.00000000000000000e+00
2868,1.96305624139590656e-07,8.90294028007612828e-08,7.16144529755332347e-06,9.83029330814954407e-09,0.00000000000000000e+00
2869,1.96164137811448487e-07,8.89561843884417906e-08,7.15678295290868066e-06,6.52639602651232366e-10,0.00000000000000000e+00
2870,3.33840703751521869e-07,2.32819000470170005e-07,7.15443963610140239e-06,2.08670075250115354e-09,0.00000000000000000e+00
2871,2.53666126886530673e-07,1.96174774850930459e-07,7.15021232402719143e-06,1.77046844154788206e-09,0.00000000000000000e+00
2872,2.29978597673853268e-07,1.59338693284085367e-07,7.14488799198652841e-06,1.99426687371416533e-09,0.00000000000000000e+00
2873,2.22903893741169741e-07,1.35678312586997246e-07,7.14002581485558298e-06,6.42425179940877015e-10,0.00000000000000000e+00
2874,2.11097013306156560e-07,1.14532054450278605e-07,7.13484911149118575e-06,4.36391205189959930e-10,0.00000000000000000e+00
2875,2.05049456488199177e-07,1.03044507475579439e-07,7.12991591748844679e-06,1.13176668656900500e-09,0.00000000000000000e+00
2876,2.01973161065628649e-07,9.68958120585095577e-08,7.12509809955444634e-06,1.60344811756759763e-09,0.00000000000000000e+00
2877,1.99827476482463627e-07,9.40376818206636393e-08,7.12037126210287616e-06,2.41090070302292104e-09,0.00000000000000000e+00
2878,1.99046737959140346e-07,1.03845798926938671e-07,7.11567873257533341e-06,2.58447420687310364e-09,0.00000000000000000e+00
2879,1.97646079138001034e-07,9.91305080616088005e-08,7.11097331640973224e-06,2.75882917521402701e-09,0.00000000000000000e+00
2880,1.97661327655403847e-07,9.52398970187485265e-08,7.10632311590363438e-06,2.75967839614275923e-09,0.00000000000000000e+00
2881,1.96270107085247686e-07,9.28779904716944335e-08,7.10167188033928813e-06,2.87155239595863625e-09,0.00000000000000000e+00
2882,1.94966698397905100e-07,9.06993086967883898e-08,7.09705786279125077e-06,2.96662988943715844e-09,0.00000000000000000e+00
2883,1.97709431442406806e-07,9.86103557065765658e-08,7.09243564409453076e-06,3.04665318777630025e-09,0.00000000000000000e+00
2884,1.95820377218334846e-07,9.32754769424830380e-08,7.08781532237834720e-06,3.12987235238531508e-09,0.00000000000000000e+00
2885,1.95356357180067681e-07,9.21908140074409810e-08,7.08317087634755458e-06,3.22373905361739646e-09,0.00000000000000000e+00
2886,1.95250361495881004e-07,9.16540247324874269e-08,7.07855531559586151e-06,3.49344822025496570e-09,0.00000000000000000e+00
2887,1.95005449201032132e-07,9.31503690159662655e-08,7.07400188594588541e-06,3.46918593239068676e-09,0.00000000000000000e+00
2888,1.94582517444089115e-07,9.03261003925171752e-08,7.06935294613461875e-06,3.37636113584983906e-09,0.00000000000000000e+00
2889,1.93699620859765168e-07,8.83728163617535981e-08,7.06477265933955404e-06,3.46393211296393717e-09,0.00000000000000000e+00
2890,1.94069087254829955e-07,8.81117626745213323e-08,7.06015464359634389e-06,3.48460612503806936e-09,0.00000000000000000e+00
2891,1.93517593263001300e-07,8.77861826590188054e-08,7.05557331838478487e-06,3.51735965878373852e-09,0.00000000000000000e+00
2892,1.93222251842690598e-07,8.77811807776176061e-08,7.05098911254075369e-06,3.58837153859654532e-09,0.00000000000000000e+00
2893,1.93508383165104007e-07,8.77768174301973173e-08,7.04639022613998650e-06,3.63659522645650517e-09,0.00000000000000000e+00
2894,1.93174963153735797e-07,8.77427631384031793e-08,7.04181426856665715e-06,3.68525628540013006e-09,0.00000000000000000e+00
2895,1.92892583595493571e-07,8.76926907327905203e-08,7.03724285815151003e-06,3.73261206459907589e-09,0.00000000000000000e+00
2896,1.92684499593025412e-07,8.76246131477201285e-08,7.03267347648288962e-06,3.77899946409559285e-09,0.00000000000000000e+00
2897,1.92533390235350599e-07,8.75370668778061302e-08,7.02810612766918015e-06,3.82738504791233223e-09,0.00000000000000000e+00
2898,1.92481553085658969e-07,8.74382364887608020e-08,7.02353986623518225e-06,3.87101538617950636e-09,0.00000000000000000e+00
2899,1.92271024933945512e-07,8.73137534767008924e-08,7.01898065548323131e-06,3.91836175288486377e-09,0.00000000000000000e+00
2900,1.92227224981437948e-07,8.71966757563644715e-08,7.01442095169042715e-06,3.96397996431011973e-09,0.00000000000000000e+00
2901,1.92099773533410796e-07,8.70740141349682420e-08,7.00986646709242741e-06,4.00784246956722999e-09,0.00000000000000000e+00
2902,1.91896726275500298e-07,8.69455233694361264e-08,7.00531707470123949e-06,4.05467024376090223e-09,0.00000000000000000e+00
2903,1.91865226647162689e-07,8.68405991516236268e-08,7.00076677632308264e-06,4.10041679062495001e-09,0.00000000000000000e+00
2904,1.91744357203974213e-07,8.67480740496866953e-08,6.99622165934130847e-06,4.14634814333148961e-09,0.00000000000000000e+00
2905,1.91610928185114800e-07,8.66563423045837983e-08,6.99168033521396374e-06,4.19241275055274488e-09,0.00000000000000000e+00
2906,1.91479203456020104e-07,8.65703278700455043e-08,6.98714230289954805e-06,4.23855914570511203e-09,0.00000000000000000e+00
2907,1.91350647853046796e-07,8.64889638925065985e-08,6.98260745652119357e-06,4.28471701540341154e-09,0.00000000000000000e+00
2908,1.91223414505222394e-07,8.64098617357602700e-08,6.97807582840018933e-06,4.33078892729395233e-09,0.00000000000000000e+00
2909,1.91095779098572981e-07,8.63306850696452487e-08,6.97354747156347783e-06,4.37665220982901008e-09,0.00000000000000000e+00
2910,1.90966909083799384e-07,8.62497430960993576e-08,6.96902241764350618e-06,4.42216702664091595e-09,0.00000000000000000e+00
2911,1.90836717682439499e-07,8.61662644156041505e-08,6.96450067017257373e-06,4.46718750452006951e-09,0.00000000000000000e+00
2912,1.90705537961782858e-07,8.60804393742225093e-08,6.95998221125485550e-06,4.51157375551927074e-09,0.00000000000000000e+00
2913,1.90573855272937309e-07,8.59932746074741982e-08,6.95546701130677969e-06,4.55520315357959300e-09,0.00000000000000000e+00
2914,1.90442139432688656e-07,8.59063157041573947e-08,6.95095503737613798e-06,4.59797955899954902e-09,0.00000000000000000e+00
2915,1.90310760275387900e-07,8.58213051072195275e-08,6.94644625902485818e-06,4.63983981228203389e-09,0.00000000000000000e+00
2916,1.90179960780754988e-07,8.57398505598659982e-08,6.94194065450308152e-06,4.68075850833853542e-09,0.00000000000000000e+00
2917,1.90049865125908719e-07,8.56632501730202548e-08,6.93743816101993715e-06,4.72073450973573329e-09,0.00000000000000000e+00
2918,1.89920407149396273e-07,8.55892651216112282e-08,6.93293887583925700e-06,4.75984951796808934e-09,0.00000000000000000e+00
2919,1.89791858510409293e-07,8.55238736861173151e-08,6.92844275703307283e-06,4.79818343736246688e-09,0.00000000000000000e+00
2920,1.89663992519367325e-07,8.54637898320689380e-08,6.92394981510105343e-06,4.83582832236384293e-09,0.00000000000000000e+00
2921,1.89536751553191244e-07,8.54071321485258583e-08,6.91946019955142494e-06,4.87345752713888049e-09,0.00000000000000000e+00
2922,1.89585451579511443e-07,8.53498104529498153e-08,6.91496421139746317e-06,4.90932356930290816e-09,0.00000000000000000e+00
2923,1.89203839498375025e-07,8.53054723902390506e-08,6.91048774274782332e-06,4.94647070679779136e-09,0.00000000000000000e+00
2924,1.89279665859437388e-07,8.52357655853229583e-08,6.90599940010158294e-06,4.98243224710845371e-09,0.00000000000000000e+00
2925,1.89110660759734227e-07,8.51790586500678728e-08,6.90151931330362233e-06,5.01706194130229785e-09,0.00000000000000000e+00
2926,1.88746611367357191e-07,8.51198702074073615e-08,6.89705451344881910e-06,5.05365106039818860e-09,0.00000000000000000e+00
2927,1.88863425500922892e-07,8.50413938659986467e-08,6.89257567279711532e-06,5.08896949607743375e-09,0.00000000000000000e+00
2928,1.88719207486690408e-07,8.49769656518939726e-08,6.88810501188589972e-06,5.12282010320243256e-09,0.00000000000000000e+00
2929,1.88371270353939797e-07,8.49076479590916326e-08,6.88364973143707294e-06,5.15908201892722640e-09,0.00000000000000000e+00
2930,1.88490502752810654e-07,8.48222976358016663e-08,6.87918071494236000e-06,5.19396520298984321e-09,0.00000000000000000e+00
2931,1.88347545169160636e-07,8.47519332640450764e-08,6.87471992190848705e-06,5.22714007373186577e-09,0.00000000000000000e+00
2932,1.88000172150464290e-07,8.46766953039972560e-08,6.87027448893371310e-06,5.26295995940313379e-09,0.00000000000000000e+00
2933,1.88117483929137196e-07,8.45892461196570718e-08,6.86581538514424864e-06,5.29548617182518186e-09,0.00000000000000000e+00
2934,1.87785160816450408e-07,8.45199458061460754e-08,6.86137456275432425e-06,5.32910392037672682e-09,0.00000000000000000e+00
2935,1.87710963410409304e-07,8.44317656098046208e-08,6.85693160459653420e-06,5.36231240348479509e-09,0.00000000000000000e+00
2936,1.87627317690388870e-07,8.43551872174767349e-08,6.85249063045093846e-06,5.39519008857101493e-09,0.00000000000000000e+00
2937,1.87525321869889529e-07,8.42815146614517050e-08,6.84805290627281976e-06,5.42773461389749751e-09,0.00000000000000000e+00
2938,1.87409599501448729e-07,8.42090655233907975e-08,6.84361867164676352e-06,5.45993548045411078e-09,0.00000000000000000e+00
2939,1.87286664733865561e-07,8.41375912539146901e-08,6.83918786016432619e-06,5.49179836247636672e-09,0.00000000000000000e+00
2940,1.87161068179817444e-07,8.40670755948785727e-08,6.83476036337076462e-06,5.52334851591604882e-09,0.00000000000000000e+00
2941,1.87035128075675004e-07,8.39974971236288896e-08,6.83033610475279646e-06,5.55462694964403455e-09,0.00000000000000000e+00
2942,1.86909712104659350e-07,8.39288160936850643e-08,6.82591504411311118e-06,5.58568533993504016e-09,0.00000000000000000e+00
2943,1.86784987409007693e-07,8.38609995963701384e-08,6.82149716411310782e-06,5.61658166599246487e-09,0.00000000000000000e+00
2944,1.86660872411280360e-07,8.37940382028593166e-08,6.81708245777577770e-06,5.64737675340503956e-09,0.00000000000000000e+00
2945,1.86537240470472296e-07,8.37279474876207344e-08,6.81267092107310644e-06,5.67813137762198443e-09,0.00000000000000000e+00
2946,1.86413986375151282e-07,8.36627583767969504e-08,6.80826254981892679e-06,5.70890370682908479e-09,0.00000000000000000e+00
2947,1.86291036085431699e-07,8.35985011420404466e-08,6.80385733913920449e-06,5.73974718270203139e-09,0.00000000000000000e+00
2948,1.86168339967441290e-07,8.35351857594790386e-08,6.79945528426610120e-06,5.77070904956363403e-09,0.00000000000000000e+00
2949,1.86045863753983708e-07,8.34727816864432118e-08,6.79505638153977981e-06,5.80182957935271318e-09,0.00000000000000000e+00
2950,1.85923581464127369e-07,8.34112017682602922e-08,6.79066062887506038e-06,5.83314180958379454e-09,0.00000000000000000e+00
2951,1.85801470982676798e-07,8.33502959123734791e-08,6.78626802541394933e-06,5.86467151746631344e-09,0.00000000000000000e+00
2952,1.85679511796710355e-07,8.32898567569526680e-08,6.78187857079126621e-06,5.89643725330022391e-09,0.00000000000000000e+00
2953,1.85557683823357967e-07,8.32296352723263841e-08,6.77749236380616811e-06,5.92847105987386123e-09,0.00000000000000000e+00
2954,1.85436059437715918e-07,8.31740639327521565e-08,6.77310924122946161e-06,5.96309411229190100e-09,0.00000000000000000e+00
2955,1.85486571669427427e-07,8.31134059036880409e-08,6.76871979709046970e-06,5.99383467240774543e-09,0.00000000000000000e+00
2956,1.85114723447848661e-07,8.30591129459514653e-08,6.76434955554909933e-06,6.02661759081221592e-09,0.00000000000000000e+00
2957,1.85012802875157499e-07,8.29908372447058823e-08,6.75997724471459819e-06,6.06155858705966247e-09,0.00000000000000000e+00
2958,1.85091283832180351e-07,8.29265751587769667e-08,6.75559702737515309e-06,6.09306659194710483e-09,0.00000000000000000e+00
2959,1.84737805911857415e-07,8.28699756961563042e-08,6.75123589315961184e-06,6.12828036829025495e-09,0.00000000000000000e+00
2960,1.84821502019521362e-07,8.27981403915894622e-08,6.74686309601730965e-06,6.16021346319936119e-09,0.00000000000000000e+00
2961,1.84475013337762577e-07,8.27389939538951516e-08,6.74250853484924801e-06,6.19548608766956238e-09,0.00000000000000000e+00
2962,1.84568644264396989e-07,8.26656531227466206e-08,6.73814190911001624e-06,6.22774814792569030e-09,0.00000000000000000e+00
2963,1.84229226631606238e-07,8.26053018851458011e-08,6.73379349105820134e-06,6.26154737644961680e-09,0.00000000000000000e+00
2964,1.84150291660011502e-07,8.25316924794643715e-08,6.72944274263119512e-06,6.29662699078507426e-09,0.00000000000000000e+00
2965,1.84236575348460359e-07,8.24631277918909430e-08,6.72508434292160017e-06,6.32918399341723701e-09,0.00000000000000000e+00
2966,1.83891484319794825e-07,8.24022225020514067e-08,6.72074489210679697e-06,6.36299918595333686e-09,0.00000000000000000e+00
2967,1.83799654979271526e-07,8.23234986668692332e-08,6.71640370557924260e-06,6.39783432085267125e-09,0.00000000000000000e+00
2968,1.83877830503687658e-07,8.22537735170378184e-08,6.71205493816557915e-06,6.43029140694686189e-09,0.00000000000000000e+00
2969,1.83529030365338629e-07,8.21928931314903863e-08,6.70772511028263032e-06,6.46384073043970029e-09,0.00000000000000000e+00
2970,1.83436250053574578e-07,8.21194618051888848e-08,6.70339338105574967e-06,6.49713096546836490e-09,0.00000000000000000e+00
2971,1.83345220718342102e-07,8.20522801573842495e-08,6.69906338190079242e-06,6.53025508298656802e-09,0.00000000000000000e+00
2972,1.83243486298455882e-07,8.19862560119134317e-08,6.69473632517766938e-06,6.56322176904129501e-09,0.00000000000000000e+00
2973,1.83131778194970855e-07,8.19204470799982403e-08,6.69041251409537740e-06,6.59601799249544600e-09,0.00000000000000000e+00
2974,1.83014125983269598e-07,8.18547865695145453e-08,6.68609194978940394e-06,6.62863243931872888e-09,0.00000000000000000e+00
2975,1.82893875694956460e-07,8.17893532453254796e-08,6.68177456755832249e-06,6.66106120723105546e-09,0.00000000000000000e+00
2976,1.82772907776565760e-07,8.17242062252487624e-08,6.67746031331517879e-06,6.69330686388828323e-09,0.00000000000000000e+00
2977,1.82652003277488918e-07,8.16593640039474254e-08,6.67314915676551758e-06,6.72537598101950018e-09,0.00000000000000000e+00
2978,1.82531363556224542e-07,8.15948169586715634e-08,6.66884108510474945e-06,6.75727704194738386e-09,0.00000000000000000e+00
2979,1.82410967995956974e-07,8.15305418875872766e-08,6.66453609449348325e-06,6.78901913200776447e-09,0.00000000000000000e+00
2980,1.82290751710150435e-07,8.14665113296238744e-08,6.66023418435793210e-06,6.82061128136589853e-09,0.00000000000000000e+00
2981,1.82170667763496977e-07,8.14026980991440492e-08,6.65593535457551083e-06,6.85206222409189662e-09,0.00000000000000000e+00
2982,1.82050695650484483e-07,8.13390767921670720e-08,6.65163960456207758e-06,6.88338038013535932e-09,0.00000000000000000e+00
2983,1.81930832345409119e-07,8.12756238498895542e-08,6.64734693317384141e-06,6.91457393279357625e-09,0.00000000000000000e+00
2984,1.81811082498501778e-07,8.12123171698177823e-08,6.64305733888341218e-06,6.94565092891237548e-09,0.00000000000000000e+00
2985,1.81691452047743549e-07,8.11491357076640727e-08,6.63877081996986881e-06,6.97661936952363261e-09,0.00000000000000000e+00
2986,1.81571945413188805e-07,8.10860593179391682e-08,6.63448737458753838e-06,7.00748728462893212e-09,0.00000000000000000e+00
2987,1.81452564784879189e-07,8.10230688605291522e-08,6.63020700080578037e-06,7.03826279618074262e-09,0.00000000000000000e+00
2988,1.81333310189302559e-07,8.09601466231442112e-08,6.62592969661102214e-06,7.06895417042795703e-09,0.00000000000000000e+00
2989,1.81214179834820623e-07,8.08972767863714337e-08,6.62165545989094732e-06,7.09956985146632495e-09,0.00000000000000000e+00
2990,1.81095170087291936e-07,8.08344460140048669e-08,6.61738428846324753e-06,7.13011845996426368e-09,0.00000000000000000e+00
2991,1.80976275419731888e-07,8.07716439447152143e-08,6.61311618009425452e-06,7.16060873991328492e-09,0.00000000000000000e+00
2992,1.80857488293890508e-07,8.07088636433236585e-08,6.60885113251851601e-06,7.19104944296657148e-09,0.00000000000000000e+00
2993,1.80738799286913247e-07,8.06461019160377192e-08,6.60458914345033560e-06,7.22144915205069970e-09,0.00000000000000000e+00
2994,1.80620197655055615e-07,8.05833594895658195e-08,6.60033021056629514e-06,7.25181605925014021e-09,0.00000000000000000e+00
2995,1.80501672161092417e-07,8.05206410513981759e-08,6.59607433147641325e-06,7.28215772361422153e-09,0.00000000000000000e+00
2996,1.80383212052835013e-07,8.04579550830987236e-08,6.59182150370456275e-06,7.31248083989012310e-09,0.00000000000000000e+00
2997,1.80264808035767156e-07,8.03953135354097477e-08,6.58757172462568943e-06,7.34279104855728240e-09,0.00000000000000000e+00
2998,1.80146453051755413e-07,8.03327313470828003e-08,6.58332499145573915e-06,7.37309281165105222e-09,0.00000000000000000e+00
2999,1.80028142757126079e-07,8.02702257785315390e-08,6.57908130125002472e-06,7.40338936942078073e-09,0.00000000000000000e+00
3000,1.79909875671287955e-07,8.02078156803415383e-08,6.57484065090663696e-06,7.43368278183323065e-09,0.00000000000000000e+00
3001,1.79791653047110660e-07,8.01455206707444411e-08,6.57060303721032944e-06,7.46280413778913994e-09,0.00000000000000000e+00
3002,1.79605584843998478e-07,8.00790554131910622e-08,6.56636992991610172e-06,7.49385422776460907e-09,0.00000000000000000e+00
3003,1.79581211227576415e-07,8.00223834282809808e-08,6.56213579465506845e-06,7.52412131373943758e-09,0.00000000000000000e+00
3004,1.79465107455451009e-07,7.99613174923626322e-08,6.55790679219537535e-06,7.55326893599906526e-09,0.00000000000000000e+00
3005,1.79267493750152549e-07,7.98947406885730658e-08,6.55368297222286294e-06,7.58433679307344112e-09,0.00000000000000000e+00
3006,1.79233786321215322e-07,7.98381653101376391e-08,6.54945821053716835e-06,7.61345207546515493e-09,0.00000000000000000e+00
3007,1.79044779672817267e-07,7.97728602031254796e-08,6.54524000031559841e-06,7.64450961512950975e-09,0.00000000000000000e+00
3008,1.79007164515174301e-07,7.97166223566363572e-08,6.54102131375823028e-06,7.67362801411102822e-09,0.00000000000000000e+00
3009,1.78813267383333433e-07,7.96514493049423998e-08,6.53680926949738229e-06,7.70467639436348502e-09,0.00000000000000000e+00
3010,1.78773009641455445e-07,7.95954920939282548e-08,6.53259672489975430e-06,7.73378668267159664e-09,0.00000000000000000e+00
3011,1.78578102588033405e-07,7.95306026484872446e-08,6.52839076921817442e-06,7.76368445464836336e-09,0.00000000000000000e+00
3012,1.78470902967851767e-07,7.94704202044096415e-08,6.52418584167066198e-06,7.79466301036005312e-09,0.00000000000000000e+00
3013,1.78437069011933884e-07,7.94159792474588271e-08,6.51998188248958797e-06,7.82376501672009518e-09,0.00000000000000000e+00
3014,1.78236719647205139e-07,7.93513442650607074e-08,6.51578500816790584e-06,7.85365169162955444e-09,0.00000000000000000e+00
3015,1.78124171625149701e-07,7.92912713361061630e-08,6.51158925555862345e-06,7.88348834295754921e-09,0.00000000000000000e+00
3016,1.78020731297660566e-07,7.92323044923092556e-08,6.50739602122090494e-06,7.91442874626044461e-09,0.00000000000000000e+00
3017,1.77979748057416865e-07,7.91781048967258981e-08,6.50320420681158638e-06,7.94350827114172509e-09,0.00000000000000000e+00
3018,1.77773450090115098e-07,7.91133025229986127e-08,6.49901952162869404e-06,7.97335283928468627e-09,0.00000000000000000e+00
3019,1.77658092772356754e-07,7.90531005345362800e-08,6.49483590075180214e-06,8.00313276778821043e-09,0.00000000000000000e+00
3020,1.77553904052093531e-07,7.89939935537557040e-08,6.49065473392078111e-06,8.03289093234651553e-09,0.00000000000000000e+00
3021,1.77446636922371489e-07,7.89348026606244559e-08,6.48647652989950701e-06,8.06263418613934475e-09,0.00000000000000000e+00
3022,1.77334773957751578e-07,7.88753233054932224e-08,6.48230141364971885e-06,8.09235760016887101e-09,0.00000000000000000e+00
3023,1.77220019650436293e-07,7.88155792749131893e-08,6.47812937546327642e-06,8.12205513221477649e-09,0.00000000000000000e+00
3024,1.77104040758177188e-07,7.87556290582248444e-08,6.47396037786346361e-06,8.15172269428663382e-09,0.00000000000000000e+00
3025,1.76987788625743970e-07,7.86955198151498406e-08,6.46979439067204066e-06,8.18135816709582954e-09,0.00000000000000000e+00
3026,1.76871648739092671e-07,7.86352842066980490e-08,6.46563139612422707e-06,8.21096066696009081e-09,0.00000000000000000e+00
3027,1.76755711507246007e-07,7.85749467740209735e-08,6.46147138512504806e-06,8.24052992087979047e-09,0.00000000000000000e+00
3028,1.76639958529913320e-07,7.85145297350768281e-08,6.45731435285959991e-06,8.27006591678473715e-09,0.00000000000000000e+00
3029,1.76524352160521484e-07,7.84540561094801072e-08,6.45316029606323299e-06,8.29956875476384784e-09,0.00000000000000000e+00
3030,1.76408864963505865e-07,7.83935508009298332e-08,6.44900921175969883e-06,8.32903858996277081e-09,0.00000000000000000e+00
3031,1.76293482589360340e-07,7.83330403039054591e-08,6.44486109686130993e-06,8.35847559512557076e-09,0.00000000000000000e+00
3032,1.76178199124678735e-07,7.82725518873407981e-08,6.44071594815722102e-06,8.38787991833213903e-09,0.00000000000000000e+00
3033,1.76063012679501024e-07,7.82121124580045270e-08,6.43657376237975349e-06,8.41725164480109062e-09,0.00000000000000000e+00
3034,1.75947923119674420e-07,7.81517474737033406e-08,6.43243453626759841e-06,8.44659078430881695e-09,0.00000000000000000e+00
3035,1.75832931267593906e-07,7.80914799509536707e-08,6.42829826659421838e-06,8.47589730069668918e-09,0.00000000000000000e+00
3036,1.75718038706528992e-07,7.80313297018259515e-08,6.42416495019006610e-06,8.50517118458830571e-09,0.00000000000000000e+00
3037,1.75603247529206899e-07,7.79713127852826943e-08,6.42003458395072093e-06,8.53441255370096042e-09,0.00000000000000000e+00
3038,1.75488559753381549e-07,7.79114412256066434e-08,6.41590716486646642e-06,8.56362175409788004e-09,0.00000000000000000e+00
3039,1.75373976503061826e-07,7.78517229276588225e-08,6.41178269003654000e-06,8.59077223962380503e-09,0.00000000000000000e+00
3040,1.75154713380829375e-07,7.77820503455019307e-08,6.40766619170325878e-06,8.62107834541266732e-09,0.00000000000000000e+00
3041,1.75176674262798182e-07,7.77353757721213382e-08,6.40354291958132392e-06,8.65016496297278125e-09,0.00000000000000000e+00
3042,1.75072673877288065e-07,7.76757805436810239e-08,6.39942633795455469e-06,8.67724283919251574e-09,0.00000000000000000e+00
3043,1.74837053220679876e-07,7.76058949626151320e-08,6.39531876154229100e-06,8.70752414033809764e-09,0.00000000000000000e+00
3044,1.74842961997175854e-07,7.75586487413779552e-08,6.39120474108873861e-06,8.73656157108063747e-09,0.00000000000000000e+00
3045,1.74730895275349203e-07,7.74990337884535501e-08,6.38709723470582423e-06,8.76355231391411872e-09,0.00000000000000000e+00
3046,1.74492821111735463e-07,7.74293972701594600e-08,6.38299855246300384e-06,8.79378102201533643e-09,0.00000000000000000e+00
3047,1.74498590375664487e-07,7.73824623605937504e-08,6.37889335496048482e-06,8.82065178668489838e-09,0.00000000000000000e+00
3048,1.74284784017581319e-07,7.73137425198801071e-08,6.37479945420280115e-06,8.84873110162979132e-09,0.00000000000000000e+00
3049,1.74184673942940184e-07,7.72575339346091157e-08,6.37070480704109297e-06,8.87890666894207586e-09,0.00000000000000000e+00
3050,1.74195637647967486e-07,7.72091753189838593e-08,6.36660765543872800e-06,8.90572969960030501e-09,0.00000000000000000e+00
3051,1.73965538604449702e-07,7.71400324110068804e-08,6.36252265313224596e-06,8.93375534578728302e-09,0.00000000000000000e+00
3052,1.73851005808753759e-07,7.70831393918011289e-08,6.35843710496871928e-06,8.96170458096816022e-09,0.00000000000000000e+00
3053,1.73755971233218834e-07,7.70260537155113205e-08,6.35435355995321729e-06,8.98962559185155085e-09,0.00000000000000000e+00
3054,1.73655238444293734e-07,7.69685078673020793e-08,6.35027289816906581e-06,9.01751517893175387e-09,0.00000000000000000e+00
3055,1.73546924439954817e-07,7.69106153483030574e-08,6.34619530357815326e-06,9.04535901754965865e-09,0.00000000000000000e+00
3056,1.73434336899475766e-07,7.68525534063367130e-08,6.34212073641143234e-06,9.07314627670862540e-09,0.00000000000000000e+00
3057,1.73320275244983671e-07,7.67944533410510480e-08,6.33804912582422101e-06,9.10087207162873449e-09,0.00000000000000000e+00
3058,1.73206127383597512e-07,7.67363901343189163e-08,6.33398042430274225e-06,9.12677857377508092e-09,0.00000000000000000e+00
3059,1.73036988754117561e-07,7.66745895464804001e-08,6.32991654230163206e-06,9.15516455457530663e-09,0.00000000000000000e+00
3060,1.72998186819840475e-07,7.66187201933977748e-08,6.32585108941041520e-06,9.18092170037029846e-09,0.00000000000000000e+00
3061,1.72835156663526418e-07,7.65589929946360103e-08,6.32179252646431590e-06,9.20927756376314379e-09,0.00000000000000000e+00
3062,1.72784264749873396e-07,7.65035859310026566e-08,6.31773310292354342e-06,9.23431371081153771e-09,0.00000000000000000e+00
3063,1.72600623728391590e-07,7.64456697739527036e-08,6.31368105295602966e-06,9.26106797596247999e-09,0.00000000000000000e+00
3064,1.72509430721410627e-07,7.63857780434540693e-08,6.30962890708370597e-06,9.28746151800678449e-09,0.00000000000000000e+00
3065,1.72410237759247676e-07,7.63273203215240869e-08,6.30557968818746474e-06,9.31324321745143985e-09,0.00000000000000000e+00
3066,1.72292067627919550e-07,7.62718755560516059e-08,6.30153400306944858e-06,9.33932107154601253e-09,0.00000000000000000e+00
3067,1.72183974731136089e-07,7.62161438273383873e-08,6.29749088883932774e-06,9.36537964355120158e-09,0.00000000000000000e+00
3068,1.72074559154045778e-07,7.61594054838105823e-08,6.29345066183164790e-06,9.39142123341674161e-09,0.00000000000000000e+00
3069,1.71963110597382074e-07,7.61025076691842599e-08,6.28941337295948260e-06,9.41744662125958661e-09,0.00000000000000000e+00
3070,1.71850700729907685e-07,7.60456421568626302e-08,6.28537899970408147e-06,9.44345675099258673e-09,0.00000000000000000e+00
3071,1.71738128706365484e-07,7.59888598549726216e-08,6.28134751528022560e-06,9.46945268347630527e-09,0.00000000000000000e+00
3072,1.71625716233148922e-07,7.59321666089325561e-08,6.27731890348141084e-06,9.49543501540594743e-09,0.00000000000000000e+00
3073,1.71513518047914915e-07,7.58755496004689115e-08,6.27329315645208424e-06,9.52140356170064194e-09,0.00000000000000000e+00
3074,1.71401501598108127e-07,7.58189891565344931e-08,6.26927027025845283e-06,9.54735744297717540e-09,0.00000000000000000e+00
3075,1.71289630611791465e-07,7.57624648916716525e-08,6.26525024211098217e-06,9.57329546946170012e-09,0.00000000000000000e+00
3076,1.71177887110897590e-07,7.57059588187986752e-08,6.26123306922746379e-06,9.58628203638418395e-09,0.00000000000000000e+00
3077,1.70806484596746818e-07,7.56310380503520882e-08,6.25723117342268585e-06,9.62343886975051338e-09,0.00000000000000000e+00
3078,1.71179138387699631e-07,7.56024300707895765e-08,6.25320088542217249e-06,9.64669627949537657e-09,0.00000000000000000e+00
3079,1.70916166110610631e-07,7.55387969339304810e-08,6.24919558480819341e-06,9.65957328773290302e-09,0.00000000000000000e+00
3080,1.70473698839620626e-07,7.54601873179184697e-08,6.24520427797993082e-06,9.69482766176195471e-09,0.00000000000000000e+00
3081,1.70778653567332486e-07,7.54271818861730551e-08,6.24118601555898017e-06,9.71966557783853069e-09,0.00000000000000000e+00
3082,1.70598964212468718e-07,7.53692200084973638e-08,6.23718676017720820e-06,9.73229959659281851e-09,0.00000000000000000e+00
3083,1.70149036576574131e-07,7.52897414284220200e-08,6.23320397459709312e-06,9.76511473599658772e-09,0.00000000000000000e+00
3084,1.70404228269864381e-07,7.52531647429303001e-08,6.22919605347619555e-06,9.77651120164380159e-09,0.00000000000000000e+00
3085,1.70057411004739686e-07,7.51808622858265488e-08,6.22521409748818990e-06,9.80978974578072356e-09,0.00000000000000000e+00
3086,1.70205501635989023e-07,7.51416426443536303e-08,6.22121502149835523e-06,9.82125434547868859e-09,0.00000000000000000e+00
3087,1.69818826237186111e-07,7.50666032946620851e-08,6.21724028412659540e-06,9.83872495452982678e-09,0.00000000000000000e+00
3088,1.69788275008084641e-07,7.50117738191548504e-08,6.21325576852629538e-06,9.85640776700907256e-09,0.00000000000000000e+00
3089,1.69716711243112850e-07,7.49554809904199081e-08,6.20927474560361873e-06,9.87416758650639632e-09,0.00000000000000000e+00
3090,1.69613724718947620e-07,7.49009293213488921e-08,6.20529743754797487e-06,2.32589651446777187e-10,0.00000000000000000e+00
3091,3.06741535936838148e-07,2.39719526795909115e-07,6.20428219399621422e-06,1.87650827690808444e-09,0.00000000000000000e+00
3092,2.40668006938122199e-07,1.89545483311736182e-07,6.20037669764753003e-06,2.40075559210832362e-09,0.00000000000000000e+00
3093,2.12895352525860190e-07,1.50947678657134281e-07,6.19601223353076722e-06,1.44106041402790962e-09,0.00000000000000000e+00
3094,1.94333350515449826e-07,1.21988509737985595e-07,6.19134230868446622e-06,5.93103356758758556e-10,0.00000000000000000e+00
3095,1.83811753151851735e-07,1.02763753571722487e-07,6.18693320025365519e-06,3.73903419268287668e-10,0.00000000000000000e+00
3096,1.78027736807925389e-07,9.12618207887468457e-08,6.18267757684799018e-06,1.04675870708645859e-09,0.00000000000000000e+00
3097,1.74687636395018750e-07,8.43296978054704839e-08,6.17851646966574305e-06,1.50874484948189749e-09,0.00000000000000000e+00
3098,1.72802460705933156e-07,8.08496622291516125e-08,6.17444435399674684e-06,1.86195676865842175e-09,0.00000000000000000e+00
3099,1.71667880363165602e-07,7.90268277559658324e-08,6.17041246524613426e-06,2.13695333022275798e-09,0.00000000000000000e+00
3100,1.71186351499770864e-07,7.79538232260162408e-08,6.16639787447105415e-06,2.37050832789675611e-09,0.00000000000000000e+00
3101,1.70159173995618091e-07,7.74391040388923015e-08,6.16242196397888444e-06,2.56125883743943729e-09,0.00000000000000000e+00
3102,1.69713233347297991e-07,7.72392492103091331e-08,6.15844403429611303e-06,2.68774252063150910e-09,0.00000000000000000e+00
3103,1.69739275903974393e-07,7.69219012688968464e-08,6.15446730783623433e-06,2.84809356701418675e-09,0.00000000000000000e+00
3104,1.68788550988393322e-07,7.68205993557508977e-08,6.15052937882325025e-06,2.97731570101336706e-09,0.00000000000000000e+00
3105,1.68520482869359814e-07,7.66768603455531663e-08,6.14657787148635237e-06,3.78751168714932526e-09,0.00000000000000000e+00
3106,1.80678742972838612e-07,7.92221706214894354e-08,6.14266103964430269e-06,3.63370878406945378e-09,0.00000000000000000e+00
3107,1.78538507499981440e-07,7.70315871068123454e-08,6.13867540314813676e-06,2.99556739120757201e-09,0.00000000000000000e+00
3108,1.74099958605706203e-07,7.78981635662305629e-08,6.13478980647356573e-06,2.98902496553227767e-09,0.00000000000000000e+00
3109,1.69593515212834727e-07,7.56738095863538877e-08,6.13085571037700641e-06,3.15746698072100913e-09,0.00000000000000000e+00
3110,1.67494049335052164e-07,7.44411316732263625e-08,6.12693767731484546e-06,3.27082308508178011e-09,0.00000000000000000e+00
3111,1.67504642383300423e-07,7.41603072039743338e-08,6.12299954741186789e-06,3.34843789379818546e-09,0.00000000000000000e+00
3112,1.67861248446245276e-07,7.40947819156100473e-08,6.11905749407931084e-06,3.40369657897818070e-09,0.00000000000000000e+00
3113,1.67510379179113767e-07,7.39940976547005924e-08,6.11514488046580742e-06,3.45513898914671561e-09,0.00000000000000000e+00
3114,1.67290789239745437e-07,7.38866299763186922e-08,6.11123626483678414e-06,3.50288945468635239e-09,0.00000000000000000e+00
3115,1.67122988447815430e-07,7.37920545878553053e-08,6.10732986337697410e-06,3.54903385428566668e-09,0.00000000000000000e+00
3116,1.66987657285331796e-07,7.37071844341086259e-08,6.10342566380036006e-06,3.59476454840041292e-09,0.00000000000000000e+00
3117,1.66861998488186031e-07,7.36290309627462440e-08,6.09952391547283437e-06,3.63807374687283045e-09,0.00000000000000000e+00
3118,1.66673209091234094e-07,7.35500806274740590e-08,6.09562568053010849e-06,3.68348832728704019e-09,0.00000000000000000e+00
3119,1.66579679172713698e-07,7.34845813376494893e-08,6.09172759791316727e-06,3.73072891556215507e-09,0.00000000000000000e+00
3120,1.66560351965908893e-07,7.34305958022028327e-08,6.08783046825005128e-06,3.77624161451737076e-09,0.00000000000000000e+00
3121,1.66453308412916433e-07,7.33743704954774923e-08,6.08393833233506678e-06,3.82351881631995303e-09,0.00000000000000000e+00
3122,1.66500459612812124e-07,7.33186792461625279e-08,6.08004046710061286e-06,3.86805266540677628e-09,0.00000000000000000e+00
3123,1.66336502830197515e-07,7.32662548538184461e-08,6.07615096133106859e-06,3.91178496726053365e-09,0.00000000000000000e+00
3124,1.66184416868065438e-07,7.32093919596574716e-08,6.07226563581522965e-06,3.95462881763665662e-09,0.00000000000000000e+00
3125,1.66052664148862451e-07,7.31519865427897714e-08,6.06838317064060841e-06,3.99662883297758679e-09,0.00000000000000000e+00
3126,1.65936654351994707e-07,7.30945101108209366e-08,6.06450328397330806e-06,4.03787297156446906e-09,0.00000000000000000e+00
3127,1.65828439527024957e-07,7.30369643924954761e-08,6.06062602530411946e-06,4.07845038712072738e-09,0.00000000000000000e+00
3128,1.65721663443200489e-07,7.29795028338203342e-08,6.05675150659253537e-06,4.11843946514103108e-09,0.00000000000000000e+00
3129,1.65612645091155275e-07,7.29224429394714243e-08,6.05287981457823291e-06,4.15790895341187915e-09,0.00000000000000000e+00
3130,1.65499876694137300e-07,7.28661206853513089e-08,6.04901099564230444e-06,4.19692176992696724e-09,0.00000000000000000e+00
3131,1.65383197455196769e-07,7.28107447612285895e-08,6.04514506500935573e-06,4.23553715808401995e-09,0.00000000000000000e+00
3132,1.65263122114571961e-07,7.27563121977678995e-08,6.04128201971319006e-06,4.27248795114708296e-09,0.00000000000000000e+00
3133,1.64963662018149546e-07,7.27020491779140201e-08,6.03743153156521590e-06,4.31038719108101146e-09,0.00000000000000000e+00
3134,1.64912507281155488e-07,7.26455718128505552e-08,6.03357694042474290e-06,4.34793466434466853e-09,0.00000000000000000e+00
3135,1.64842615540370064e-07,7.25937642397563010e-08,6.02972370746970155e-06,4.38484815707621461e-09,0.00000000000000000e+00
3136,1.64679243779785278e-07,7.25356192092968677e-08,6.02587474750768885e-06,4.42201092885357515e-09,0.00000000000000000e+00
3137,1.64423194813411938e-07,7.24706412873484321e-08,6.02203325588165726e-06,4.45882713080681567e-09,0.00000000000000000e+00
3138,1.64433005625752200e-07,7.24190316294299993e-08,6.01818502467918334e-06,4.49528932231600973e-09,0.00000000000000000e+00
3139,1.64303033344838706e-07,7.23655409414072008e-08,6.01434334730645903e-06,4.53154269013161730e-09,0.00000000000000000e+00
3140,1.64280343785208793e-07,7.23101818694774792e-08,6.01050067289214612e-06,4.56718538484840203e-09,0.00000000000000000e+00
3141,1.64172273780902127e-07,7.22535230537490016e-08,6.00666354057174544e-06,4.60248010934100453e-09,0.00000000000000000e+00
3142,1.64050972748853989e-07,7.21963570677382883e-08,6.00282990694831882e-06,4.63757910141148171e-09,0.00000000000000000e+00
3143,1.64029067835006268e-07,7.21467999002832645e-08,5.99899465822334604e-06,4.67213135916463023e-09,0.00000000000000000e+00
3144,1.63897148374174802e-07,7.20880954635604233e-08,5.99516588692446777e-06,4.70690328642839410e-09,0.00000000000000000e+00
3145,1.63823724111464430e-07,7.20358551810462920e-08,5.99133908606860653e-06,4.74111046217560202e-09,0.00000000000000000e+00
3146,1.63679290836542774e-07,7.19784226612796740e-08,5.98751705003833297e-06,4.77518760130657064e-09,0.00000000000000000e+00
3147,1.63546858472108864e-07,7.19207549853499404e-08,5.98369776211112323e-06,4.80911626633511815e-09,0.00000000000000000e+00
3148,1.63431059769412097e-07,7.18639384822735222e-08,5.97988074015225939e-06,4.84388814059789969e-09,0.00000000000000000e+00
3149,1.63478866909165217e-07,7.18103694793709720e-08,5.97605724013081931e-06,4.87771612930587130e-09,0.00000000000000000e+00
3150,1.63317388268500058e-07,7.17582686403599314e-08,5.97224176384851626e-06,4.91053855121405406e-09,0.00000000000000000e+00
3151,1.62988999933337691e-07,7.16984383959271135e-08,5.96844003805825477e-06,4.94517864582006576e-09,0.00000000000000000e+00
3152,1.63085673960609226e-07,7.16406567105473874e-08,5.96462518498506916e-06,4.97869716433466251e-09,0.00000000000000000e+00
3153,1.62958413633240308e-07,7.15899178673360601e-08,5.96081729017568014e-06,5.01224571211310572e-09,0.00000000000000000e+00
3154,1.62824769644681130e-07,7.15348817493161461e-08,5.95701338737198157e-06,5.04569125709056425e-09,0.00000000000000000e+00
3155,1.62696418870284873e-07,7.14794545769646515e-08,5.95321242768387947e-06,5.07898026453781161e-09,0.00000000000000000e+00
3156,1.62575800445468102e-07,7.14244508603004307e-08,5.94941408462065408e-06,5.11208972628280223e-09,0.00000000000000000e+00
3157,1.62461139853386690e-07,7.13699705838180745e-08,5.94561829969951356e-06,5.14500437105865402e-09,0.00000000000000000e+00
3158,1.62349969465405947e-07,7.13159508688130417e-08,5.94182509932322704e-06,5.17770869535791276e-09,0.00000000000000000e+00
3159,1.62240443411313873e-07,7.12623079169649486e-08,5.93803452337602812e-06,5.21018602503028737e-09,0.00000000000000000e+00
3160,1.62131526090168444e-07,7.12089708021777183e-08,5.93424660201139274e-06,5.24242004688685013e-09,0.00000000000000000e+00
3161,1.62022788862156290e-07,7.11558845861610880e-08,5.93046135221559254e-06,5.27439659445638738e-09,0.00000000000000000e+00
3162,1.61914154992532038e-07,7.11030065458998107e-08,5.92667878099718229e-06,5.30610487624878011e-09,0.00000000000000000e+00
3163,1.61805707709326548e-07,7.10503024662855639e-08,5.92289888958677209e-06,5.33753803527041753e-09,0.00000000000000000e+00
3164,1.61697575883852983e-07,7.09977442148407975e-08,5.91912167662458607e-06,5.36869320225962064e-09,0.00000000000000000e+00
3165,1.61589878848794631e-07,7.09453080348723695e-08,5.91534714011821556e-06,5.39957126415434012e-09,0.00000000000000000e+00
3166,1.61482707270329255e-07,7.08929731838570572e-08,5.91157527838510583e-06,5.43017653965050032e-09,0.00000000000000000e+00
3167,1.61376123019683826e-07,7.08407206517469955e-08,5.90780609031870490e-06,5.46051649276659650e-09,0.00000000000000000e+00
3168,1.61270166306490303e-07,7.07885322295150873e-08,5.90403957511981855e-06,5.49060154348020514e-09,0.00000000000000000e+00
3169,1.61164863034771768e-07,7.07363899838061371e-08,5.90027573156970697e-06,5.52044495938507412e-09,0.00000000000000000e+00
3170,1.61060228021773744e-07,7.06842764152586516e-08,5.89651455723474711e-06,5.55006274527084239e-09,0.00000000000000000e+00
3171,1.60956263004968513e-07,7.06321753316374397e-08,5.89275604820799779e-06,5.57947341845022325e-09,0.00000000000000000e+00
3172,1.60852951486416027e-07,7.05800734950362175e-08,5.88900019945647733e-06,5.60869760962640076e-09,0.00000000000000000e+00
3173,1.60750253472444880e-07,7.05279627899044155e-08,5.88524700590644229e-06,5.63775755134643272e-09,0.00000000000000000e+00
3174,1.60648103906741411e-07,7.04758424957231980e-08,5.88149646362730320e-06,5.66667660561818991e-09,0.00000000000000000e+00
3175,1.60546418681978831e-07,7.04237210758839906e-08,5.87774857031488987e-06,5.69547894618172637e-09,0.00000000000000000e+00
3176,1.60445106471605226e-07,7.03716169278122822e-08,5.87400332492236021e-06,5.72418939745244220e-09,0.00000000000000000e+00
3177,1.60344079355050475e-07,7.03195580469206970e-08,5.87026072692305033e-06,5.75283335329427999e-09,0.00000000000000000e+00
3178,1.60243257691190313e-07,7.02675806632841207e-08,5.86652077567980932e-06,5.78143668558065542e-09,0.00000000000000000e+00
3179,1.60142569283420829e-07,7.02157269827857367e-08,5.86278347011367391e-06,5.81002557819653182e-09,0.00000000000000000e+00
3180,1.60041945655747348e-07,7.01640422537310080e-08,5.85904880864429917e-06,5.83862625949338332e-09,0.00000000000000000e+00
3181,1.59941318848267529e-07,7.01125714729063488e-08,5.85531678932153995e-06,5.86726463614455403e-09,0.00000000000000000e+00
3182,1.59840620160466189e-07,7.00613560678377459e-08,5.85158740995567125e-06,5.89596584505848028e-09,0.00000000000000000e+00
3183,1.59739781565805594e-07,7.00104309775481523e-08,5.84786066820124444e-06,5.92475373850842332e-09,0.00000000000000000e+00
3184,1.59638738673487934e-07,6.99598224625174062e-08,5.84413656153408778e-06,5.95365031047834939e-09,0.00000000000000000e+00
3185,1.59537434320247428e-07,6.99095467838244928e-08,5.84041508717934420e-06,5.98267507600925376e-09,0.00000000000000000e+00
3186,1.59435822048170938e-07,6.98596097958993179e-08,5.83669624203041365e-06,6.01184444415288066e-09,0.00000000000000000e+00
3187,1.59333868525464817e-07,6.98100071681430810e-08,5.83298002258436173e-06,6.04117116466301391e-09,0.00000000000000000e+00
3188,1.59231555124878550e-07,6.97607251066160968e-08,5.82926642494019767e-06,6.07066393709289109e-09,0.00000000000000000e+00
3189,1.59128878397225659e-07,6.97117412763505699e-08,5.82555544485076277e-06,6.10032723140339921e-09,0.00000000000000000e+00
3190,1.59025849587206827e-07,6.96630259302640370e-08,5.82184707779909203e-06,6.12797429319784775e-09,0.00000000000000000e+00
3191,1.58754368166360876e-07,6.96123343367699457e-08,5.81815082517171165e-06,6.15948998842820955e-09,0.00000000000000000e+00
3192,1.58877319634115274e-07,6.95632106886358734e-08,5.81444161353771583e-06,6.18963036926128434e-09,0.00000000000000000e+00
3193,1.58770409217550234e-07,6.95199468511450730e-08,5.81073937645602202e-06,6.21819534306504106e-09,0.00000000000000000e+00
3194,1.58484186418613865e-07,6.94700207928513126e-08,5.80705049476467429e-06,6.24845180219249518e-09,0.00000000000000000e+00
3195,1.58431628790971224e-07,6.94189511594184319e-08,5.80335818572938053e-06,6.28025728975277320e-09,0.00000000000000000e+00
3196,1.58517829029759079e-07,6.93742760904488962e-08,5.79965855946684629e-06,6.30950519558127580e-09,0.00000000000000000e+00
3197,1.58227308251461858e-07,6.93282503970500862e-08,5.79597573196127844e-06,6.34021120889065007e-09,0.00000000000000000e+00
3198,1.58149055296122543e-07,6.92770473558968183e-08,5.79229117239254573e-06,6.37090781672603204e-09,0.00000000000000000e+00
3199,1.58070375189382560e-07,6.92295828389400480e-08,5.78860802177518181e-06,6.40165301360099522e-09,0.00000000000000000e+00
3200,1.57982094190436050e-07,6.91822012000593403e-08,5.78492728396151565e-06,6.43243465805684062e-09,0.00000000000000000e+00
3201,1.57885618490038768e-07,6.91343495976050486e-08,5.78124919048204364e-06,6.46322097342904116e-09,0.00000000000000000e+00
3202,1.57784653521399646e-07,6.90860709633110526e-08,5.77757372920696261e-06,6.49398013715630334e-09,0.00000000000000000e+00
3203,1.57682069321559496e-07,6.90374871934234984e-08,5.77390084123589093e-06,6.52468548993161254e-09,0.00000000000000000e+00
3204,1.57579399070740965e-07,6.89886947481568970e-08,5.77023048084974670e-06,6.55531522710409414e-09,0.00000000000000000e+00
3205,1.57477222072681871e-07,6.89397574813053883e-08,5.76656262376122981e-06,6.58585071792394568e-09,0.00000000000000000e+00
3206,1.57375624969003923e-07,6.88907184594683378e-08,5.76289726072332816e-06,6.61627503160634403e-09,0.00000000000000000e+00
3207,1.57274505994916788e-07,6.88416102905654709e-08,5.75923439029844727e-06,6.64657207142660082e-09,0.00000000000000000e+00
3208,1.57173724822977059e-07,6.87924606678555276e-08,5.75557401423983184e-06,6.67762421139855260e-09,0.00000000000000000e+00
3209,1.57218490347571423e-07,6.87462055488994535e-08,5.75190774156834805e-06,6.70676627937374194e-09,0.00000000000000000e+00
3210,1.56906919988304054e-07,6.86965627297850807e-08,5.74825813670546691e-06,6.73671450685044036e-09,0.00000000000000000e+00
3211,1.56822278874925347e-07,6.86433384999157450e-08,5.74460650161442647e-06,6.76733614568352169e-09,0.00000000000000000e+00
3212,1.56890818626358736e-07,6.85974570337736575e-08,5.74094757601190267e-06,6.79588952063963408e-09,0.00000000000000000e+00
3213,1.56594365911663050e-07,6.85485289007505946e-08,5.73730524462615902e-06,6.82634809543610244e-09,0.00000000000000000e+00
3214,1.56666615639593323e-07,6.84990288335544354e-08,5.73365233034915326e-06,6.85447277377541149e-09,0.00000000000000000e+00
3215,1.56375644732860055e-07,6.84498523036539133e-08,5.73001529741156833e-06,6.88463475580666511e-09,0.00000000000000000e+00
3216,1.56456319249206438e-07,6.84007125166102971e-08,5.72636732672797843e-06,6.91360320743778553e-09,0.00000000000000000e+00
3217,1.56328098104347001e-07,6.83554605527984837e-08,5.72272622534468737e-06,6.94110073575733432e-09,0.00000000000000000e+00
3218,1.56034049643186129e-07,6.83023825084150039e-08,5.71909820669407115e-06,6.97087290634176963e-09,0.00000000000000000e+00
3219,1.56131378502361535e-07,6.82531493974520459e-08,5.71545781845591108e-06,6.99934313435562791e-09,0.00000000000000000e+00
3220,1.56014317432661354e-07,6.82084699063442771e-08,5.71182414594707592e-06,7.02776935862310334e-09,0.00000000000000000e+00
3221,1.55889563573248186e-07,6.81596161396436313e-08,5.70819433476349583e-06,7.05436236247497505e-09,0.00000000000000000e+00
3222,1.55605602717881608e-07,6.81062555334519135e-08,5.70457670276363404e-06,7.08368623875098971e-09,0.00000000000000000e+00
3223,1.55715373665306255e-07,6.80575345626213627e-08,5.70094628339105583e-06,7.11161294567920731e-09,0.00000000000000000e+00
3224,1.55605883954450777e-07,6.80133284123168058e-08,5.69732260346182651e-06,7.13953425141576528e-09,0.00000000000000000e+00
3225,1.55485134699642281e-07,6.79648040507548533e-08,5.69370285263268616e-06,7.16736653809433565e-09,0.00000000000000000e+00
3226,1.55366785487357723e-07,6.79155967873102831e-08,5.69008598939629861e-06,7.19305923281468351e-09,0.00000000000000000e+00
3227,1.55091210658771209e-07,6.78624445231143779e-08,5.68648102071949506e-06,7.22204277894324036e-09,0.00000000000000000e+00
3228,1.55207155056257097e-07,6.78142428133878245e-08,5.68286318225415298e-06,7.24953554142176027e-09,0.00000000000000000e+00
3229,1.55101915558539393e-07,6.77704271232157168e-08,5.67925210142196702e-06,7.27707245599904667e-09,0.00000000000000000e+00
3230,1.54983668380760017e-07,6.77222689682707668e-08,5.67564489708348870e-06,7.30234751875519268e-09,0.00000000000000000e+00
3231,1.54704738969539280e-07,6.76692501231781672e-08,5.67205009110191816e-06,7.33124752220982749e-09,0.00000000000000000e+00
3232,1.54813461562627450e-07,6.76213116735024161e-08,5.66844250891912164e-06,7.35861102409440060e-09,0.00000000000000000e+00
3233,1.54705864990740390e-07,6.75776403126097406e-08,5.66484151561657761e-06,7.38595784679859652e-09,0.00000000000000000e+00
3234,1.54587074597081529e-07,6.75324943460138763e-08,5.66124456463232575e-06,7.41095804328004345e-09,0.00000000000000000e+00
3235,1.54308002322136968e-07,6.74803840078622353e-08,5.65765984206781671e-06,7.43984176806795636e-09,0.00000000000000000e+00
3236,1.54417693183471702e-07,6.74330985189449828e-08,5.65406229950902311e-06,7.46717709828949323e-09,0.00000000000000000e+00
3237,1.54311398465990993e-07,6.73899111457187222e-08,5.65047142038004127e-06,7.49230950532362316e-09,0.00000000000000000e+00
3238,1.54034662811810281e-07,6.73385101106555779e-08,5.64689354738936800e-06,7.52133302779498606e-09,0.00000000000000000e+00
3239,1.54134342623510077e-07,6.72914954254152956e-08,5.64330366037044814e-06,7.54655916418894729e-09,0.00000000000000000e+00
3240,1.53867708646281227e-07,6.72444573220304981e-08,5.63972934535110322e-06,7.57573741488624023e-09,0.00000000000000000e+00
3241,1.53955654765368907e-07,6.71955119472576191e-08,5.63614436140984664e-06,7.60111919026842654e-09,0.00000000000000000e+00
3242,1.53681409902411948e-07,6.71504765624933468e-08,5.63257509402671430e-06,7.63037874652633638e-09,0.00000000000000000e+00
3243,1.53763608655916143e-07,6.71019349290577118e-08,5.62899523051195992e-06,7.65599576792169714e-09,0.00000000000000000e+00
3244,1.53486084618950681e-07,6.70542773335790166e-08,5.62543099884996153e-06,7.68327208014772230e-09,0.00000000000000000e+00
3245,1.53421772828962428e-07,6.70044080506646471e-08,5.62186459992282326e-06,7.71251168623569889e-09,0.00000000000000000e+00
3246,1.53496657402630958e-07,6.69621286064274438e-08,5.61829120634193675e-06,7.73837628857537219e-09,0.00000000000000000e+00
3247,1.53211965861493296e-07,6.69153365971247454e-08,5.61473413929132350e-06,7.76584886849759863e-09,0.00000000000000000e+00
3248,1.53137066377052671e-07,6.68656494785429585e-08,5.61117526373010715e-06,7.79330779469394860e-09,0.00000000000000000e+00
3249,1.53063487033378013e-07,6.68198866553515838e-08,5.60761768427221065e-06,7.82082704159358808e-09,0.00000000000000000e+00
3250,1.52980779315278134e-07,6.67744891920728337e-08,5.60406241634187720e-06,7.84841774371505211e-09,0.00000000000000000e+00
3251,1.52889653744713008e-07,6.67288990304424095e-08,5.60050970748990835e-06,7.87607046169877634e-09,0.00000000000000000e+00
3252,1.52793514045134755e-07,6.66831356499821825e-08,5.59695955498001837e-06,7.90377236632253026e-09,0.00000000000000000e+00
3253,1.52695154813628040e-07,6.66372955853190509e-08,5.59341190291926693e-06,7.93151216149915583e-09,0.00000000000000000e+00
3254,1.52596141932695514e-07,6.65914492395394663e-08,5.58986670491778473e-06,7.95928027859080585e-09,0.00000000000000000e+00
3255,1.52497131964170422e-07,6.65456324807086090e-08,5.58632393456363519e-06,7.98706794063745695e-09,0.00000000000000000e+00
3256,1.52398306087597591e-07,6.64998580261164421e-08,5.58278358013492926e-06,8.01486642028509548e-09,0.00000000000000000e+00
3257,1.52299663809569212e-07,6.64541265597874662e-08,5.57924563766719360e-06,8.04266674272452475e-09,0.00000000000000000e+00
3258,1.52201166461209513e-07,6.64084338052207181e-08,5.57571010630338334e-06,8.07045970747902276e-09,0.00000000000000000e+00
3259,1.52102786805535943e-07,6.63627741647088761e-08,5.57217698602166704e-06,8.09731905150857687e-09,0.00000000000000000e+00
3260,1.51944376696866329e-07,6.63106517945274613e-08,5.56864749213866633e-06,8.12567835974485463e-09,0.00000000000000000e+00
3261,1.51929312010406042e-07,6.62717833205713117e-08,5.56511693615050156e-06,8.15245360491627995e-09,0.00000000000000000e+00
3262,1.51773007418885153e-07,6.62207928782621729e-08,5.56159189354917081e-06,8.18073431738622171e-09,0.00000000000000000e+00
3263,1.51747766941764862e-07,6.61816964633419236e-08,5.55806635157039432e-06,8.20742645785156008e-09,0.00000000000000000e+00
3264,1.51582668812071055e-07,6.61302005161456093e-08,5.55454639111740742e-06,8.23559834897720799e-09,0.00000000000000000e+00
3265,1.51553386170729580e-07,6.60908870888948833e-08,5.55102585934577894e-06,8.26215019515878455e-09,0.00000000000000000e+00
3266,1.51386925974446975e-07,6.60392357409374305e-08,5.54751082279889555e-06,8.28926742581622074e-09,0.00000000000000000e+00
3267,1.51298689881072972e-07,6.59931316226930016e-08,5.54399647736887736e-06,8.31717851665070562e-09,0.00000000000000000e+00
3268,1.51275064414553704e-07,6.59552420964748309e-08,5.54048273077346599e-06,8.34343852647284164e-09,0.00000000000000000e+00
3269,1.51103904502620957e-07,6.59034272460821212e-08,5.53697513977460508e-06,8.37028425349585581e-09,0.00000000000000000e+00
3270,1.51011204043954049e-07,6.58571036237572677e-08,5.53346816803180035e-06,8.39797113530593057e-09,0.00000000000000000e+00
3271,1.50985622686114030e-07,6.58191958901346369e-08,5.52996174857777487e-06,8.42393714098323056e-09,0.00000000000000000e+00
3272,1.50813879225111421e-07,6.57672778788892557e-08,5.52646145169456657e-06,8.45050953140875081e-09,0.00000000000000000e+00
3273,1.50721138859203766e-07,6.57209538374252493e-08,5.52296175155753927e-06,8.47798250821714861e-09,0.00000000000000000e+00
3274,1.50695657588772484e-07,6.56831794637104310e-08,5.51946268261643436e-06,8.50367789720016185e-09,0.00000000000000000e+00
3275,1.50524436137542294e-07,6.56312754065514415e-08,5.51596948965671139e-06,8.52999329651024788e-09,0.00000000000000000e+00
3276,1.50431854769783125e-07,6.55849953043708172e-08,5.51247704858265016e-06,8.55726594730822330e-09,0.00000000000000000e+00
3277,1.50405854231575238e-07,6.55473567084160110e-08,5.50898525613155268e-06,8.58267020939342722e-09,0.00000000000000000e+00
3278,1.50234554069766708e-07,6.54954539249516741e-08,5.50549931604654246e-06,8.60872389845361813e-09,0.00000000000000000e+00
3279,1.50142113070046695e-07,6.54492122177433789e-08,5.50201411285383923e-06,8.63465619926625323e-09,0.00000000000000000e+00
3280,1.50057750179353138e-07,6.54044515801386387e-08,5.49853087753016898e-06,8.66167952105089673e-09,0.00000000000000000e+00
3281,1.50028271398948762e-07,6.53670677652488429e-08,5.49504870860772580e-06,8.68672540623608365e-09,0.00000000000000000e+00
3282,1.49852917378620924e-07,6.53149837123508084e-08,5.49157247946958732e-06,8.71247250082651946e-09,0.00000000000000000e+00
3283,1.49758174837421379e-07,6.52686922638316996e-08,5.48809696953316355e-06,8.73811591988594713e-09,0.00000000000000000e+00
3284,1.49672955778647996e-07,6.52239762098970486e-08,5.48462338759692804e-06,8.76370182290706224e-09,0.00000000000000000e+00
3285,1.49584946091265565e-07,6.51793801212739352e-08,5.48115217544727064e-06,8.78924614770929207e-09,0.00000000000000000e+00
3286,1.49492887253414828e-07,6.51346779466138862e-08,5.47768344120000359e-06,8.81475480066379700e-09,0.00000000000000000e+00
3287,1.49398301412847120e-07,6.50898987066120467e-08,5.47421717624673104e-06,8.84023250626913544e-09,0.00000000000000000e+00
3288,1.49302661274208876e-07,6.50451034029991395e-08,5.47075334811176341e-06,8.86568513986257519e-09,0.00000000000000000e+00
3289,1.49206807843632754e-07,6.50003369507580486e-08,5.46729193075905957e-06,8.89111948458605016e-09,0.00000000000000000e+00
3290,1.49111084811014146e-07,6.49556249093021926e-08,5.46383290903339591e-06,8.91654241974136288e-09,0.00000000000000000e+00
3291,1.49015575773723261e-07,6.49109797419639708e-08,5.46037627534259166e-06,8.94196027248529162e-09,0.00000000000000000e+00
3292,1.48920266475510398e-07,6.48664066758153190e-08,5.45692202590459981e-06,8.96737846452114989e-09,0.00000000000000000e+00
3293,1.48825122935232612e-07,6.48219074497047238e-08,5.45347015837387603e-06,8.99280138139357739e-09,0.00000000000000000e+00
3294,1.48730117434430159e-07,6.47774822368299751e-08,5.45002067073667401e-06,9.01823236537499848e-09,0.00000000000000000e+00
3295,1.48635231603480162e-07,6.47331305545950040e-08,5.44657356097152931e-06,9.04367376493994646e-09,0.00000000000000000e+00
3296,1.48540452940790710e-07,6.46888516443330594e-08,5.44312882701470459e-06,9.06912701219774176e-09,0.00000000000000000e+00
3297,1.48445771395106983e-07,6.46446445655288924e-08,5.43968646678640531e-06,9.09251754619652428e-09,0.00000000000000000e+00
3298,1.48273810084897206e-07,6.45948347427995183e-08,5.43625024542211610e-06,9.11915235895153540e-09,0.00000000000000000e+00
3299,1.48279318676990781e-07,6.45587766193119351e-08,5.43280917748544097e-06,9.14454644278238628e-09,0.00000000000000000e+00
3300,1.48192629189251314e-07,6.45167843302092352e-08,5.42937324956347501e-06,9.16793922317949525e-09,0.00000000000000000e+00
3301,1.48008725158351030e-07,6.44670851781921159e-08,5.42594423089335267e-06,9.19468298823087803e-09,0.00000000000000000e+00
3302,1.48002323258859844e-07,6.44280573638361282e-08,5.42251058504301395e-06,9.21811558726666522e-09,0.00000000000000000e+00
3303,1.47833924236162700e-07,6.43800426125313248e-08,5.41908560119167688e-06,9.24284704932857634e-09,0.00000000000000000e+00
3304,1.47748720458196939e-07,6.43358515225821550e-08,5.41566026611381005e-06,9.26758960281489451e-09,0.00000000000000000e+00
3305,1.47673136360320529e-07,6.42926981701196672e-08,5.41223669802560026e-06,9.29236655110445980e-09,0.00000000000000000e+00
3306,1.47589867363600785e-07,6.42494001746748071e-08,5.40881556005199374e-06,9.31717253966573439e-09,0.00000000000000000e+00
3307,1.47499416728736872e-07,6.42058842623746249e-08,5.40539693620873756e-06,9.34189172145717636e-09,0.00000000000000000e+00
3308,1.47405388194705869e-07,6.41649344981744122e-08,5.40198081020278283e-06,9.36407431466203861e-09,0.00000000000000000e+00
3309,1.47241518955411542e-07,6.41153026802339081e-08,5.39856963078005087e-06,9.39022956184601841e-09,0.00000000000000000e+00
3310,1.47237985292211474e-07,6.40750258005498382e-08,5.39515517644432432e-06,9.41246895606242816e-09,0.00000000000000000e+00
3311,1.47081425048609313e-07,6.40283722664112068e-08,5.39174811433350336e-06,9.43869014942862401e-09,0.00000000000000000e+00
3312,1.47063508543961132e-07,6.39884824501169925e-08,5.38833864119228964e-06,9.46081379744667015e-09,0.00000000000000000e+00
3313,1.46895372440814943e-07,6.39441172750209117e-08,5.38493662659641494e-06,9.48438718418094347e-09,0.00000000000000000e+00
3314,1.46809668031950601e-07,6.38979310343844508e-08,5.38153443319942028e-06,9.50793294994486921e-09,0.00000000000000000e+00
3315,1.46731673263275600e-07,6.38545217299556376e-08,5.37813413592582487e-06,9.53146034809143438e-09,0.00000000000000000e+00
3316,1.46645972051565254e-07,6.38113355964620584e-08,5.37473630275889678e-06,9.55483757325052222e-09,0.00000000000000000e+00
3317,1.46554285196113437e-07,6.37706637217231884e-08,5.37134090602447807e-06,9.57815697502648778e-09,0.00000000000000000e+00
3318,1.46459462183298866e-07,6.37278658577159650e-08,5.36794811702666020e-06,9.60142812984607301e-09,0.00000000000000000e+00
3319,1.46364608039008363e-07,6.36847026103189180e-08,5.36455769317096429e-06,9.62476591168313204e-09,0.00000000000000000e+00
3320,1.46270748325732541e-07,6.36388936238968880e-08,5.36116954534163081e-06,9.63176157136934498e-09,0.00000000000000000e+00
3321,1.45941766167932642e-07,6.35817546210243481e-08,5.35779641702364302e-06,9.66669715912160025e-09,0.00000000000000000e+00
3322,1.46274930942693555e-07,6.35606415957406029e-08,5.35439582163644183e-06,9.68748756445647184e-09,0.00000000000000000e+00
3323,1.46065460084514094e-07,6.35106804165892224e-08,5.35101680722726378e-06,9.71077367403261919e-09,0.00000000000000000e+00
3324,1.45917148599479975e-07,6.34680289249608571e-08,5.34763955349355854e-06,9.71649456107741791e-09,0.00000000000000000e+00
3325,1.45554432024107206e-07,6.34064774650098933e-08,5.34427677942784689e-06,9.75233311209112124e-09,0.00000000000000000e+00
3326,1.45898790569545861e-07,6.33869813273559542e-08,5.34088533969194232e-06,9.77277160540914997e-09,0.00000000000000000e+00
3327,1.45688700771358017e-07,6.33400996517758108e-08,5.33751597263843928e-06,9.77761541389931412e-09,0.00000000000000000e+00
3328,1.45290683973413110e-07,6.32766583077703163e-08,5.33416075557472260e-06,9.81208596329602561e-09,0.00000000000000000e+00
3329,1.45575793438325173e-07,6.32551534513121961e-08,5.33077906455788907e-06,9.81443227504867409e-09,0.00000000000000000e+00
3330,1.45188158273597631e-07,6.31926476814840954e-08,5.32742644987188461e-06,9.84957379513252880e-09,0.00000000000000000e+00
3331,1.45412181030686760e-07,6.31720785308579645e-08,5.32405140206750946e-06,2.39449696201530785e-10,0.00000000000000000e+00
3332,2.89311496816076237e-07,2.29086749515185643e-07,5.32412088222056709e-06,1.57427243385770925e-09,0.00000000000000000e+00
3333,2.28107394572313632e-07,1.78558124572311843e-07,5.32061457059528084e-06,2.58494965387725500e-09,0.00000000000000000e+00
3334,1.95213279722418382e-07,1.47637474695727041e-07,5.31708323767245983e-06,1.24902384058189803e-09,0.00000000000000000e+00
3335,1.73220189789003603e-07,1.15048761574494227e-07,5.31274383113079231e-06,5.37755952281754211e-10,0.00000000000000000e+00
3336,1.62665664174361025e-07,9.62685425925318592e-08,5.30892187218632760e-06,3.82217888363921389e-10,0.00000000000000000e+00
3337,1.56265036962262332e-07,8.29910102156415934e-08,5.30525790205582521e-06,1.05517153897188152e-09,0.00000000000000000e+00
3338,1.52037558541807522e-07,7.46320314868127406e-08,5.30167308129486452e-06,1.46787864889872325e-09,0.00000000000000000e+00
3339,1.49554629275806444e-07,9.44140006913951440e-08,5.29822028692161128e-06,1.50370861249790138e-09,0.00000000000000000e+00
3340,1.46580201490071658e-07,8.88783151046511337e-08,5.29481837270502687e-06,1.88249003689048327e-09,0.00000000000000000e+00
3341,1.46417679133601668e-07,8.53709945764295403e-08,5.29138727750118619e-06,2.94172277408870019e-09,0.00000000000000000e+00
3342,1.52906061693411335e-07,7.76846367618573657e-08,5.28797433262190989e-06,3.14165233075710439e-09,0.00000000000000000e+00
3343,1.47358771501112506e-07,7.05422590462389699e-08,5.28455565057292550e-06,3.02039916352670648e-09,0.00000000000000000e+00
3344,1.45000767096407693e-07,6.75728190841849875e-08,5.28120804453871073e-06,3.06934851686434522e-09,0.00000000000000000e+00
3345,1.44740214580905962e-07,6.65625912692348987e-08,5.27785713324740577e-06,3.14012693907902828e-09,0.00000000000000000e+00
3346,1.44107095436018688e-07,6.54944444187975869e-08,5.27453063011732720e-06,3.18307204286318544e-09,0.00000000000000000e+00
3347,1.44417186009164157e-07,6.50172010163134777e-08,5.27117938797036212e-06,3.18970428891795278e-09,0.00000000000000000e+00
3348,1.43908607712985826e-07,6.40464101738842917e-08,5.26786549272083750e-06,3.18699450558484159e-09,0.00000000000000000e+00
3349,1.43832035303703751e-07,6.33756027821598817e-08,5.26454098724484322e-06,3.18512305529279745e-09,0.00000000000000000e+00
3350,1.43747459181068718e-07,6.29638023626592246e-08,5.26121788122428975e-06,3.25512623108356324e-09,0.00000000000000000e+00
3351,1.43930249020828430e-07,6.28535594699741429e-08,5.25788561451657130e-06,3.23793393666529124e-09,0.00000000000000000e+00
3352,1.43340792880800974e-07,6.26852239807841183e-08,5.25458496607394804e-06,3.32855560883183405e-09,0.00000000000000000e+00
3353,1.43812849689650255e-07,6.26871258223500243e-08,5.25124603828533336e-06,3.37534316686291081e-09,0.00000000000000000e+00
3354,1.43559379604801212e-07,6.26341899218608313e-08,5.24793588966175406e-06,3.42010127951726497e-09,0.00000000000000000e+00
3355,1.43287868338504889e-07,6.25704066452501786e-08,5.24463151437742974e-06,3.46685522428027417e-09,0.00000000000000000e+00
3356,1.43135161024330008e-07,6.25281306197615246e-08,5.24132680809725543e-06,3.51305031748167650e-09,0.00000000000000000e+00
3357,1.43026864830504142e-07,6.24990846585341256e-08,5.23802296001160090e-06,3.56130554839597707e-09,0.00000000000000000e+00
3358,1.42991106611861185e-07,6.24826836812709744e-08,5.23471979526914129e-06,3.60708477324488672e-09,0.00000000000000000e+00
3359,1.42877430663013889e-07,6.24637487253621123e-08,5.23142077365502273e-06,3.65231600434734534e-09,0.00000000000000000e+00
3360,1.42758752043733094e-07,6.24479701820474856e-08,5.22812435980094242e-06,3.69701309193839494e-09,0.00000000000000000e+00
3361,1.42647184807539188e-07,6.24356531550935484e-08,5.22483005950189351e-06,3.74319837506700738e-09,0.00000000000000000e+00
3362,1.42684695276851199e-07,6.24215851844917083e-08,5.22152967095510012e-06,3.78688746231646533e-09,0.00000000000000000e+00
3363,1.42534892806689090e-07,6.24025259513883895e-08,5.21823653381275324e-06,3.83006506004806261e-09,0.00000000000000000e+00
3364,1.42390623571896929e-07,6.23775423863860936e-08,5.21494700580201651e-06,3.87269020765407907e-09,0.00000000000000000e+00
3365,1.42261908466180852e-07,6.23489825844686144e-08,5.21165989526087800e-06,3.91479923613837647e-09,0.00000000000000000e+00
3366,1.42147608687295839e-07,6.23164751630399221e-08,5.20837490516860265e-06,3.95644940557929036e-09,0.00000000000000000e+00
3367,1.42042925552070151e-07,6.22792274826361449e-08,5.20509204107342227e-06,3.99769173297081848e-09,0.00000000000000000e+00
3368,1.41943517605618061e-07,6.22365744920462234e-08,5.20181138248004565e-06,4.03856287171972579e-09,0.00000000000000000e+00
3369,1.41846598533093536e-07,6.21881101194716176e-08,5.19853300196871350e-06,4.07908552705129960e-09,0.00000000000000000e+00
3370,1.41750753291268942e-07,6.21336996362917049e-08,5.19525694476324840e-06,4.11991839765147902e-09,0.00000000000000000e+00
3371,1.41504766425212624e-07,6.20670271359203077e-08,5.19199202029883647e-06,4.15991297570730361e-09,0.00000000000000000e+00
3372,1.41613678028602407e-07,6.20033240772808510e-08,5.18871505789908975e-06,4.20015351358427073e-09,0.00000000000000000e+00
3373,1.41375937450476597e-07,6.19275380193988697e-08,5.18545279182440542e-06,4.24027378252057418e-09,0.00000000000000000e+00
3374,1.41324960764467925e-07,6.18456891769474659e-08,5.18218858907385293e-06,4.27981862677365203e-09,0.00000000000000000e+00
3375,1.41264793845536721e-07,6.17627927117868741e-08,5.17892573958346082e-06,4.31888580396838458e-09,0.00000000000000000e+00
3376,1.41190443954276161e-07,6.16773942365690927e-08,5.17566518293709411e-06,4.35864084680417366e-09,0.00000000000000000e+00
3377,1.41052453822934556e-07,6.15795641041535993e-08,5.17240803538068652e-06,4.39739763744717253e-09,0.00000000000000000e+00
3378,1.40987619022971758e-07,6.14891676111065436e-08,5.16915122451950276e-06,4.43533357839220951e-09,0.00000000000000000e+00
3379,1.40922297225711081e-07,6.14032046742648640e-08,5.16589632470968038e-06,4.47250228652861918e-09,0.00000000000000000e+00
3380,1.40847052293498048e-07,6.13218302211058180e-08,5.16264377486280226e-06,4.50887686561787439e-09,0.00000000000000000e+00
3381,1.40764525351489796e-07,6.12463148565360933e-08,5.15939359993018815e-06,4.54441763229949789e-09,0.00000000000000000e+00
3382,1.40678533616577502e-07,6.11778089322366121e-08,5.15614572531316441e-06,4.57818792392341993e-09,0.00000000000000000e+00
3383,1.40644426987655222e-07,6.11244109011084739e-08,5.15289900969194327e-06,4.61160039658597270e-09,0.00000000000000000e+00
3384,1.40533661054026720e-07,6.10707451713325897e-08,5.14965654266884699e-06,4.64438220773218195e-09,0.00000000000000000e+00
3385,1.40422365050521478e-07,6.10222090971436734e-08,5.14641662098686805e-06,4.67644141243115321e-09,0.00000000000000000e+00
3386,1.40320429960118407e-07,6.09799761710986037e-08,5.14317870379491383e-06,4.70758902709317224e-09,0.00000000000000000e+00
3387,1.40358086510829384e-07,6.09450514354169231e-08,5.13993485716927301e-06,4.73812723136166783e-09,0.00000000000000000e+00
3388,1.40217339338604494e-07,6.09107719491617198e-08,5.13669792986720577e-06,4.76831417090878675e-09,0.00000000000000000e+00
3389,1.40082147478788286e-07,6.08761873598614699e-08,5.13346444337193634e-06,4.79801540207889526e-09,0.00000000000000000e+00
3390,1.39961633688370109e-07,6.08437102900204736e-08,5.13023326523759305e-06,4.82722372849341260e-09,0.00000000000000000e+00
3391,1.39854561772302089e-07,6.08131324465116768e-08,5.12700411667006267e-06,4.85597533426462032e-09,0.00000000000000000e+00
3392,1.39756298161263817e-07,6.07836956436963245e-08,5.12377700724151461e-06,4.88431514522701944e-09,0.00000000000000000e+00
3393,1.39662679480694293e-07,6.07545847983786768e-08,5.12055201751042677e-06,4.91228551042817542e-09,0.00000000000000000e+00
3394,1.39571039990010926e-07,6.07250585351720339e-08,5.11732922233843162e-06,4.93992445925193058e-09,0.00000000000000000e+00
3395,1.39480029529551156e-07,6.06944812247566706e-08,5.11410867159120834e-06,4.96950596101694198e-09,0.00000000000000000e+00
3396,1.39514798996884984e-07,6.07441695914840555e-08,5.11088131245059572e-06,4.99700509841187855e-09,0.00000000000000000e+00
3397,1.39323455447390381e-07,6.06995317945373130e-08,5.10766091932753878e-06,5.02187666227887643e-09,0.00000000000000000e+00
3398,1.39081604769789518e-07,6.05682454432216815e-08,5.10445325636438410e-06,5.05105113592051227e-09,0.00000000000000000e+00
3399,1.39164124136085042e-07,6.06151214455354584e-08,5.10123420071030991e-06,5.07794334336210159e-09,0.00000000000000000e+00
3400,1.39011932998543497e-07,6.05687815796564667e-08,5.09802086501528548e-06,5.10475042119470315e-09,0.00000000000000000e+00
3401,1.38896031309065681e-07,6.05175469120136561e-08,5.09481082601393963e-06,5.13143143094621799e-09,0.00000000000000000e+00
3402,1.38791923692516749e-07,6.04658808918550672e-08,5.09160334023722040e-06,5.15799146244986101e-09,0.00000000000000000e+00
3403,1.38695300808195946e-07,6.04135700120171768e-08,5.08839818488584531e-06,5.18445294066862341e-09,0.00000000000000000e+00
3404,1.38603853150198408e-07,6.03604010750517956e-08,5.08519531011659765e-06,5.20795393367037318e-09,0.00000000000000000e+00
3405,1.38413732062426241e-07,6.02227773253556992e-08,5.08200386018371280e-06,5.23655317243178479e-09,0.00000000000000000e+00
3406,1.38525223573206088e-07,6.02601539817639773e-08,5.07880077514459904e-06,5.26286039468156520e-09,0.00000000000000000e+00
3407,1.38392938060975361e-07,6.02061148653500412e-08,5.07560344823415714e-06,5.28629461344502983e-09,0.00000000000000000e+00
3408,1.38186472429810493e-07,6.00648613742688143e-08,5.07241861037075594e-06,5.31495254084952429e-09,0.00000000000000000e+00
3409,1.38286567514123261e-07,6.01001487593452739e-08,5.06922252912132602e-06,5.33838546982981141e-09,0.00000000000000000e+00
3410,1.38041027998597136e-07,5.99627792826837314e-08,5.06604128645402609e-06,5.36419878954241520e-09,0.00000000000000000e+00
3411,1.38012480272302431e-07,5.99159763790224129e-08,5.06285860170189588e-06,5.39002375285946900e-09,0.00000000000000000e+00
3412,1.37959943669117916e-07,5.98713241563474106e-08,5.05967715410354803e-06,5.41591544376335084e-09,0.00000000000000000e+00
3413,1.37893059711071670e-07,5.98262993446315758e-08,5.05649774176364081e-06,5.44188010936009525e-09,0.00000000000000000e+00
3414,1.37816933132517793e-07,5.97820366277044300e-08,5.05332056535491647e-06,5.46790835216807128e-09,0.00000000000000000e+00
3415,1.37735118347955192e-07,5.97393052836182202e-08,5.05014563115293453e-06,5.49399164257959855e-09,0.00000000000000000e+00
3416,1.37650188883045730e-07,5.96984816479354516e-08,5.04697289592344099e-06,5.52013141170074902e-09,0.00000000000000000e+00
3417,1.37563758998133456e-07,5.96596952878471518e-08,5.04380231915913837e-06,5.54634175733549830e-09,0.00000000000000000e+00
3418,1.37476680464778027e-07,5.96229131309150360e-08,5.04063387349306383e-06,5.57264264513134966e-09,0.00000000000000000e+00
3419,1.37389321507789065e-07,5.95880326334410835e-08,5.03746754166258595e-06,5.59904942155229863e-09,0.00000000000000000e+00
3420,1.37301796385018980e-07,5.95549423665489495e-08,5.03430331671190661e-06,5.62556972016991700e-09,0.00000000000000000e+00
3421,1.37214103219584745e-07,5.95234935150460446e-08,5.03114120141234649e-06,5.65220715273223442e-09,0.00000000000000000e+00
3422,1.37126207706899462e-07,5.94934591975290754e-08,5.02798120266768999e-06,5.67896471913039488e-09,0.00000000000000000e+00
3423,1.37038091756172489e-07,5.94645460389785414e-08,5.02482332634802452e-06,5.70584559024840368e-09,0.00000000000000000e+00
3424,1.36949767407220718e-07,5.94364263052124213e-08,5.02166757566281126e-06,5.73285260201068014e-09,0.00000000000000000e+00
3425,1.36861273177819382e-07,5.94087592664626806e-08,5.01851395160251211e-06,5.75998762574711423e-09,0.00000000000000000e+00
3426,1.36772666430715628e-07,5.93812032714075768e-08,5.01536245387761035e-06,5.78725116126030608e-09,0.00000000000000000e+00
3427,1.36684015872952747e-07,5.93534257201555399e-08,5.01221308158844858e-06,5.81464215810460434e-09,0.00000000000000000e+00
3428,1.36595394985431553e-07,5.93251131115080856e-08,5.00906583362735079e-06,5.84215800465593270e-09,0.00000000000000000e+00
3429,1.36506876523900988e-07,5.92959806194272375e-08,5.00592070884717520e-06,5.86979462944053474e-09,0.00000000000000000e+00
3430,1.36418528516660856e-07,5.92657802774682988e-08,5.00277770612613846e-06,5.89754667024750735e-09,0.00000000000000000e+00
3431,1.36330411498344647e-07,5.92343073268554971e-08,4.99963682439751523e-06,5.92540767337176589e-09,0.00000000000000000e+00
3432,1.36242576565990097e-07,5.92014047032059305e-08,4.99649806260063307e-06,5.95337029019585769e-09,0.00000000000000000e+00
3433,1.36155064186907334e-07,5.91669656592094347e-08,4.99336141966252909e-06,5.98142644346268346e-09,0.00000000000000000e+00
3434,1.36067903367264291e-07,5.91309347067453991e-08,4.99022689444588792e-06,6.00956744197443642e-09,0.00000000000000000e+00
3435,1.35981111223190042e-07,5.90933070086267133e-08,4.98709448564181240e-06,6.03778402992424367e-09,0.00000000000000000e+00
3436,1.35894692639834614e-07,5.90541263034436649e-08,4.98396419171245664e-06,6.06606636588491261e-09,0.00000000000000000e+00
3437,1.35808640132351584e-07,5.90134814854402713e-08,4.98083601083323287e-06,6.09440393762560922e-09,0.00000000000000000e+00
3438,1.35722934259029772e-07,5.89715019318436398e-08,4.97770994090243638e-06,6.12278543248430981e-09,0.00000000000000000e+00
3439,1.35637544295690335e-07,5.89283517292594541e-08,4.97458597963935809e-06,6.15119859638262377e-09,0.00000000000000000e+00
3440,1.35552429954243485e-07,5.88842230307143027e-08,4.97146412473514884e-06,6.17963012164422145e-09,0.00000000000000000e+00
3441,1.35467543758324658e-07,5.88393287250216499e-08,4.96834437397376460e-06,6.20806559938457048e-09,0.00000000000000000e+00
3442,1.35382834123750238e-07,5.87938948012806508e-08,4.96522672534772034e-06,6.23648955657708190e-09,0.00000000000000000e+00
3443,1.35298248490123781e-07,5.87481526298047965e-08,4.96211117708463859e-06,6.26488557689972336e-09,0.00000000000000000e+00
3444,1.35213736065764225e-07,5.87023314792434675e-08,4.95899772764530463e-06,6.29323648573770617e-09,0.00000000000000000e+00
3445,1.35129250035713475e-07,5.86566515227023360e-08,4.95588637564409368e-06,6.32152456832088849e-09,0.00000000000000000e+00
3446,1.35044748643210206e-07,5.86113175869145684e-08,4.95277711979986162e-06,6.34973178886644209e-09,0.00000000000000000e+00
3447,1.34960195893294053e-07,5.85665137994782523e-08,4.94966995876089043e-06,6.37783999224266255e-09,0.00000000000000000e+00
3448,1.34875561774697781e-07,5.85223994340477577e-08,4.94656489089500265e-06,6.40583111055396883e-09,0.00000000000000000e+00
3449,1.34790822466097583e-07,5.84791057936761920e-08,4.94346191398352425e-06,6.43368748783171283e-09,0.00000000000000000e+00
3450,1.34705960932144435e-07,5.84367340125873368e-08,4.94036102501935950e-06,6.46139258346438675e-09,0.00000000000000000e+00
3451,1.34620967881375565e-07,5.83953524700132959e-08,4.93726222052729654e-06,6.48893239320347979e-09,0.00000000000000000e+00
3452,1.34535842536502771e-07,5.83549921617350380e-08,4.93416549787671786e-06,6.51629752850430389e-09,0.00000000000000000e+00
3453,1.34450591932596843e-07,5.83156391890516641e-08,4.93107085693613769e-06,6.54348483199488216e-09,0.00000000000000000e+00
3454,1.34365228080716581e-07,5.82772299353771369e-08,4.92797828649603126e-06,6.57041381637309127e-09,0.00000000000000000e+00
3455,1.34279807872653308e-07,5.82421720942574971e-08,4.92488781750595673e-06,6.59718521263651124e-09,0.00000000000000000e+00
3456,1.34194188986962880e-07,5.82058813317677412e-08,4.92179943863119785e-06,6.62380683120584264e-09,0.00000000000000000e+00
3457,1.34108562868280874e-07,5.81700980632683076e-08,4.91871315627568963e-06,6.65036046481637467e-09,0.00000000000000000e+00
3458,1.34022905602907048e-07,5.81317827398068519e-08,4.91562894457533947e-06,6.67674433072044195e-09,0.00000000000000000e+00
3459,1.33937420508767883e-07,5.80959268709491897e-08,4.91254681675973304e-06,6.70294593584668727e-09,0.00000000000000000e+00
3460,1.33851959186352208e-07,5.80607597866854220e-08,4.90946677741009549e-06,6.72896046266299370e-09,0.00000000000000000e+00
3461,1.33766537498516500e-07,5.80258224709385288e-08,4.90638882913845026e-06,6.75478749722334248e-09,0.00000000000000000e+00
3462,1.33681190241740204e-07,5.79909334148084072e-08,4.90331297372815576e-06,6.78042980960983928e-09,0.00000000000000000e+00
3463,1.33595951777639967e-07,5.79559670001412087e-08,4.90023921227285012e-06,6.80589265898646905e-09,0.00000000000000000e+00
3464,1.33510853756711819e-07,5.79208127030880748e-08,4.89716746425366267e-06,6.83117315142660187e-09,0.00000000000000000e+00
3465,1.33425910411440336e-07,5.78853447049413330e-08,4.89409794110558892e-06,6.85627937784966330e-09,0.00000000000000000e+00
3466,1.33340704839969051e-07,5.78495239845334289e-08,4.89103050923715724e-06,6.88122922760176136e-09,0.00000000000000000e+00
3467,1.33256191648928210e-07,5.78132810597293652e-08,4.88796514508966323e-06,6.90603894968425021e-09,0.00000000000000000e+00
3468,1.33172198382344955e-07,5.77765791823964848e-08,4.88490185385149201e-06,6.93072259447956392e-09,0.00000000000000000e+00
3469,1.33088471159712716e-07,5.77394038376098888e-08,4.88184064375341182e-06,6.95529274873259296e-09,0.00000000000000000e+00
3470,1.33004874660895192e-07,5.77017613829810727e-08,4.87878151969105286e-06,6.97976129806021793e-09,0.00000000000000000e+00
3471,1.32921370405297531e-07,5.76636785337172296e-08,4.87572448296733137e-06,7.00413991225434922e-09,0.00000000000000000e+00
3472,1.32837964740249558e-07,5.76252009860436724e-08,4.87266953253492245e-06,7.02844025885531821e-09,0.00000000000000000e+00
3473,1.32754673399772822e-07,5.75863911620209643e-08,4.86961666607760689e-06,7.05267402923431382e-09,0.00000000000000000e+00
3474,1.32671505138701291e-07,5.75473252107331484e-08,4.86656596561141233e-06,7.07686483703183893e-09,0.00000000000000000e+00
3475,1.32588582088210848e-07,5.75080968987107635e-08,4.86351720803319846e-06,7.10102771440460500e-09,0.00000000000000000e+00
3476,1.32506170621011089e-07,5.74687949679904801e-08,4.86047052435560783e-06,7.12516649575553386e-09,0.00000000000000000e+00
3477,1.32423341196126098e-07,5.74295167780938059e-08,4.85742593586039915e-06,7.14928634572872584e-09,0.00000000000000000e+00
3478,1.32340237720628492e-07,5.73903540650716386e-08,4.85438343416766202e-06,7.17339446562354417e-09,0.00000000000000000e+00
3479,1.32257090526928106e-07,5.73513967521986776e-08,4.85134300694884205e-06,7.19749942178216137e-09,0.00000000000000000e+00
3480,1.32174016478301302e-07,5.73127297043706436e-08,4.84830464458623164e-06,7.22161045317846382e-09,0.00000000000000000e+00
3481,1.32091035398727455e-07,5.72744283478410658e-08,4.84526834072418685e-06,7.24573711598154690e-09,0.00000000000000000e+00
3482,1.32008119719591502e-07,5.72365544091451188e-08,4.84223409137286569e-06,7.26988924094198205e-09,0.00000000000000000e+00
3483,1.31925229799341970e-07,5.71991524605031702e-08,4.83920189404855157e-06,7.29407701147618758e-09,0.00000000000000000e+00
3484,1.31842331305817943e-07,5.71622480411644370e-08,4.83617173365624409e-06,7.31823194092211802e-09,0.00000000000000000e+00
3485,1.31759449946652991e-07,5.71285675470747636e-08,4.83314363630736268e-06,7.34244949509848158e-09,0.00000000000000000e+00
3486,1.31676388808262474e-07,5.70931940903775579e-08,4.83011758862189370e-06,7.36674396115078111e-09,0.00000000000000000e+00
3487,1.31593309547742658e-07,5.70580182369805747e-08,4.82709359766214543e-06,7.39120904578847388e-09,0.00000000000000000e+00
3488,1.31510167856877814e-07,5.70204615091497329e-08,4.82407163317051876e-06,7.41575755740205434e-09,0.00000000000000000e+00
3489,1.31427151169493484e-07,5.69854038647423381e-08,4.82105170476795864e-06,7.44038415096107301e-09,0.00000000000000000e+00
3490,1.31344096934813902e-07,5.69511437791628847e-08,4.81803381278880929e-06,7.46508738962355762e-09,0.00000000000000000e+00
3491,1.31261006856419338e-07,5.69172979314759561e-08,4.81501795592297588e-06,7.48770734035879386e-09,0.00000000000000000e+00
3492,1.31038697842914619e-07,5.68782356594384564e-08,4.81201246302377520e-06,7.51399764246678880e-09,0.00000000000000000e+00
3493,1.31143077582242864e-07,5.68497622337667995e-08,4.80899549013531646e-06,7.53889608204746641e-09,0.00000000000000000e+00
3494,1.31058064398215707e-07,5.68197299225763796e-08,4.80598429215407911e-06,7.56395007960392779e-09,0.00000000000000000e+00
3495,1.30960031046176355e-07,5.67865910595345606e-08,4.80297639813115008e-06,7.58714317689121375e-09,0.00000000000000000e+00
3496,1.30724086378414743e-07,5.67473228206600291e-08,4.79997912156201966e-06,7.61365500268847142e-09,0.00000000000000000e+00
3497,1.30817550379446814e-07,5.67186063256902364e-08,4.79697050620964185e-06,7.63884019045824346e-09,0.00000000000000000e+00
3498,1.30727435415074672e-07,5.66880716367436018e-08,4.79396755494098246e-06,7.66239390608130701e-09,0.00000000000000000e+00
3499,1.30491416441035339e-07,5.66485394282775749e-08,4.79097595251180480e-06,7.68900969585101261e-09,0.00000000000000000e+00
3500,1.30577304079081255e-07,5.66190355981961081e-08,4.78797345558691728e-06,7.71273665289937946e-09,0.00000000000000000e+00
3501,1.30351339650048142e-07,5.65816347546993936e-08,4.78498456552971212e-06,7.73937096084350136e-09,0.00000000000000000e+00
3502,1.30427490753502998e-07,5.65516618619081596e-08,4.78198591738147798e-06,7.76325781410146991e-09,0.00000000000000000e+00
3503,1.30195225709095277e-07,5.65129728716638999e-08,4.77900121859336381e-06,7.78990678710545103e-09,0.00000000000000000e+00
3504,1.30266198628453488e-07,5.64820969481233582e-08,4.77600667022772517e-06,7.81391162376247334e-09,0.00000000000000000e+00
3505,1.30032176056919621e-07,5.64422737787777034e-08,4.77302600127100698e-06,7.84054745546267201e-09,0.00000000000000000e+00
3506,1.30102735508151214e-07,5.64106725588129695e-08,4.77003544911694922e-06,7.86462251508768674e-09,0.00000000000000000e+00
3507,1.29868844004453778e-07,5.63699628238271585e-08,4.76705876071217341e-06,7.89121202808274282e-09,0.00000000000000000e+00
3508,1.29939445251041649e-07,5.63377981425905121e-08,4.76407218163626705e-06,7.91530180619495114e-09,0.00000000000000000e+00
3509,1.29705935126742320e-07,5.62964267463577612e-08,4.76109946054116616e-06,7.94181114234119205e-09,0.00000000000000000e+00
3510,1.29776447690471206e-07,5.62638766405645043e-08,4.75811685119188648e-06,7.96585527683584938e-09,0.00000000000000000e+00
3511,1.29543283874170485e-07,5.62220878887181286e-08,4.75514809340587138e-06,7.99225272863723519e-09,0.00000000000000000e+00
3512,1.29613605876789329e-07,5.61893597815473872e-08,4.75216953692036952e-06,8.01621601303942684e-09,0.00000000000000000e+00
3513,1.29380819442234887e-07,5.61474502459411755e-08,4.74920459372843841e-06,8.04248163671051032e-09,0.00000000000000000e+00
3514,1.29451172188858384e-07,5.61147531309770493e-08,4.74623001800596716e-06,8.06628632627198038e-09,0.00000000000000000e+00
3515,1.29218007913688099e-07,5.60729344542198172e-08,4.74326905895640117e-06,8.09238984798800058e-09,0.00000000000000000e+00
3516,1.29288018139332180e-07,5.60404658341472238e-08,4.74029846387569590e-06,8.11598071853782243e-09,0.00000000000000000e+00
3517,1.29054984771308316e-07,5.59989428997768340e-08,4.73734146604993663e-06,8.14191007017107684e-09,0.00000000000000000e+00
3518,1.29124928798201091e-07,5.59668529331099838e-08,4.73437483380076760e-06,8.16525425634980215e-09,0.00000000000000000e+00
3519,1.28892193604861939e-07,5.59257686553179711e-08,4.73142178416895889e-06,8.19101059383533599e-09,0.00000000000000000e+00
3520,1.28962025767042092e-07,5.58941466339181451e-08,4.72845911074084194e-06,8.21409237164895490e-09,0.00000000000000000e+00
3521,1.28729563287624561e-07,5.58535631221810563e-08,4.72550999349840016e-06,8.23960709904592011e-09,0.00000000000000000e+00
3522,1.28799313648476498e-07,5.58250052782713437e-08,4.72255119869621249e-06,8.26232201298760403e-09,0.00000000000000000e+00
3523,1.28566967445011339e-07,5.57852038281015241e-08,4.71960618423428431e-06,8.28772359264458334e-09,0.00000000000000000e+00
3524,1.28636270337650058e-07,5.57544933630346675e-08,4.71665134153127397e-06,8.31021637151651781e-09,0.00000000000000000e+00
3525,1.28404896036615842e-07,5.57147172033989865e-08,4.71371015057865738e-06,8.33551470487105336e-09,0.00000000000000000e+00
3526,1.28473994183919540e-07,5.56844009526305920e-08,4.71075939374819039e-06,8.35779135743218137e-09,0.00000000000000000e+00
3527,1.28242843397174469e-07,5.56450249562724181e-08,4.70782214024359429e-06,8.38299831977379802e-09,0.00000000000000000e+00
3528,1.28312317212961476e-07,5.56150854580426708e-08,4.70487531169788184e-06,8.40508359743937970e-09,0.00000000000000000e+00
3529,1.28081955096457932e-07,5.55759663640272420e-08,4.70194197550124714e-06,8.43020897216491297e-09,0.00000000000000000e+00
3530,1.28151308715522982e-07,5.55462707172923482e-08,4.69899909459786267e-06,8.45211504699449181e-09,0.00000000000000000e+00
3531,1.27921247038041038e-07,5.55072603868223236e-08,4.69606969494128251e-06,8.47532307025190367e-09,0.00000000000000000e+00
3532,1.27868549538691273e-07,5.54715803807935947e-08,4.69313826463141299e-06,8.50031923013273969e-09,0.00000000000000000e+00
3533,1.27932895047984788e-07,5.54415197926630107e-08,4.69020045910930672e-06,8.52208690980663782e-09,0.00000000000000000e+00
3534,1.27697765337210067e-07,5.54017154514969304e-08,4.68727672810592260e-06,8.54517335157891367e-09,0.00000000000000000e+00
3535,1.27636442384498914e-07,5.53652735595141554e-08,4.68435128965402061e-06,8.57003630944333041e-09,0.00000000000000000e+00
3536,1.27695809794100246e-07,5.53376176251449401e-08,4.68141951150993917e-06,8.59154687493990451e-09,0.00000000000000000e+00
3537,1.27458029243182843e-07,5.52979294802777301e-08,4.67850175475684213e-06,8.61443986649590113e-09,0.00000000000000000e+00
3538,1.27396086878094472e-07,5.52614432554613979e-08,4.67558232283289999e-06,8.63724175486803564e-09,0.00000000000000000e+00
3539,1.27337353733311952e-07,5.52275233311926022e-08,4.67266366896473504e-06,8.66001849867712022e-09,0.00000000000000000e+00
3540,1.27271329190769929e-07,5.51936339499738439e-08,4.66974684420501209e-06,8.68278450031946694e-09,0.00000000000000000e+00
3541,1.27197723884001409e-07,5.51594626144052276e-08,4.66683209183165294e-06,8.70553953744519656e-09,0.00000000000000000e+00
3542,1.27119671004881041e-07,5.51250896506602343e-08,4.66391940287375452e-06,8.72828371129718604e-09,0.00000000000000000e+00
3543,1.27039794405146048e-07,5.50906319936790847e-08,4.66100871947593077e-06,8.75102043091605403e-09,0.00000000000000000e+00
3544,1.26959511221780932e-07,5.50561765278003080e-08,4.65809998279775984e-06,8.77367170132773002e-09,0.00000000000000000e+00
3545,1.26879394043375717e-07,5.50245066415266005e-08,4.65519319651328694e-06,8.79633904679762108e-09,0.00000000000000000e+00
3546,1.26799385258490914e-07,5.49907146624274508e-08,4.65228833752735663e-06,8.81903354533415808e-09,0.00000000000000000e+00
3547,1.26719582909602085e-07,5.49566098814078320e-08,4.64938540061345629e-06,8.84175944637995252e-09,0.00000000000000000e+00
3548,1.26639909653876548e-07,5.49225630329471178e-08,4.64648438542030951e-06,8.86451824829569668e-09,0.00000000000000000e+00
3549,1.26560300438148696e-07,5.48886498731032979e-08,4.64358529234764043e-06,8.88595723036732119e-09,0.00000000000000000e+00
3550,1.26427856768125720e-07,5.48462104200471137e-08,4.64068908520132236e-06,8.90960052200312514e-09,0.00000000000000000e+00
3551,1.26421253907034414e-07,5.48209343914444881e-08,4.63779189071183452e-06,8.93111046721811220e-09,0.00000000000000000e+00
3552,1.26290299607032277e-07,5.47803206055290848e-08,4.63489921966973381e-06,8.95350892220583983e-09,0.00000000000000000e+00
3553,1.26222691313408618e-07,5.47464032120680048e-08,4.63200712548103529e-06,8.97603621443568017e-09,0.00000000000000000e+00
3554,1.26156983792464332e-07,5.47114038661814228e-08,4.62911670060958281e-06,8.99859842464826444e-09,0.00000000000000000e+00
3555,1.26085438522392702e-07,5.46784522316618172e-08,4.62622829990338702e-06,9.02118714247814339e-09,0.00000000000000000e+00
3556,1.26008980675123647e-07,5.46457753329853767e-08,4.62334187488136523e-06,9.04377265677248926e-09,0.00000000000000000e+00
3557,1.25929644936536029e-07,5.46131193197447953e-08,4.62045762648306234e-06,9.06636155583499510e-09,0.00000000000000000e+00
3558,1.25849513528662418e-07,5.45804873129413742e-08,4.61757534455712065e-06,9.08896005522257936e-09,0.00000000000000000e+00
3559,1.25770030646682309e-07,5.45479127616832124e-08,4.61469498195477676e-06,9.11157303972786223e-09,0.00000000000000000e+00
3560,1.25691040607444910e-07,5.45153952985358546e-08,4.61181653770776951e-06,9.13420259039384831e-09,0.00000000000000000e+00
3561,1.25612256986491074e-07,5.44829133871695033e-08,4.60894001838954806e-06,9.15684846211843192e-09,0.00000000000000000e+00
3562,1.25533532206631716e-07,5.44504372070371712e-08,4.60606542827241955e-06,9.17789172595823597e-09,0.00000000000000000e+00
3563,1.25398783951585563e-07,5.44155873168729673e-08,4.60319557065253645e-06,9.20146759331699869e-09,0.00000000000000000e+00
3564,1.25392137728820324e-07,5.43875000557214634e-08,4.60032235951172239e-06,9.22414088384336335e-09,0.00000000000000000e+00
3565,1.25319231981846635e-07,5.43540381978567358e-08,4.59745306390944500e-06,9.24525782067549739e-09,0.00000000000000000e+00
3566,1.25176116456000405e-07,5.43183109981730362e-08,4.59458904764839588e-06,9.26884141470971731e-09,0.00000000000000000e+00
3567,1.25161148166782825e-07,5.42894362982043521e-08,4.59172183400074096e-06,9.28992563400143138e-09,0.00000000000000000e+00
3568,1.25029162217137246e-07,5.42530314546484908e-08,4.58886117349154666e-06,9.31347468373715389e-09,0.00000000000000000e+00
3569,1.25011013958864908e-07,5.42235405812908277e-08,4.58599781012826801e-06,9.33451496232079296e-09,0.00000000000000000e+00
3570,1.24875405764576220e-07,5.41866655355590040e-08,4.58314105745289197e-06,9.35640297464977523e-09,0.00000000000000000e+00
3571,1.24801276464869021e-07,5.41545484376614531e-08,4.58028425681730258e-06,9.37983465462935734e-09,0.00000000000000000e+00
3572,1.24788707178905365e-07,5.41238747183348622e-08,4.57742629290344669e-06,9.40073686345105750e-09,0.00000000000000000e+00
3573,1.24648685455470595e-07,5.40863796037529654e-08,4.57457529612529350e-06,9.42247591914653070e-09,0.00000000000000000e+00
3574,1.24569814566078150e-07,5.40537275170645570e-08,4.57172433908818808e-06,9.44413884319791563e-09,0.00000000000000000e+00
3575,1.24501654636630388e-07,5.40204917148730742e-08,4.56887480110815421e-06,9.46575133539460875e-09,0.00000000000000000e+00
3576,1.24430638361707018e-07,5.39869755676337307e-08,4.56602714849183540e-06,9.48731537865662639e-09,0.00000000000000000e+00
3577,1.24355628883481892e-07,5.39532958269912724e-08,4.56318148220679647e-06,9.50882668885798501e-09,0.00000000000000000e+00
3578,1.24278270900927532e-07,5.39195597006862648e-08,4.56033778618175955e-06,9.53028163680819101e-09,0.00000000000000000e+00
3579,1.24200016014884664e-07,5.38858482052032157e-08,4.55749602570968515e-06,9.54913925203601465e-09,0.00000000000000000e+00
3580,1.24058683273843794e-07,5.38421538607223289e-08,4.55465873245009256e-06,9.57160857653145393e-09,0.00000000000000000e+00
3581,1.24065595200590565e-07,5.38184673000827620e-08,4.55181776581541590e-06,9.59285210957419814e-09,0.00000000000000000e+00
3582,1.23992245921328488e-07,5.37883361619888369e-08,4.54898123849055395e-06,9.61082754424350085e-09,0.00000000000000000e+00
3583,1.23830487989593738e-07,5.37491251771041243e-08,4.54615004163309542e-06,9.63356450423214942e-09,0.00000000000000000e+00
3584,1.23837319468200338e-07,5.37209028519749116e-08,4.54331493751852187e-06,9.65139304055280522e-09,0.00000000000000000e+00
3585,1.23690869377580415e-07,5.36828085572916527e-08,4.54048688311044626e-06,9.67134881368794793e-09,0.00000000000000000e+00
3586,1.23632747465271613e-07,5.36452209062825501e-08,4.53765796116250841e-06,9.69100917570208915e-09,0.00000000000000000e+00
3587,1.23570124057680972e-07,5.36108004232140682e-08,4.53483083678465217e-06,9.71008944380858305e-09,0.00000000000000000e+00
3588,1.23491996959462400e-07,5.35814378917443743e-08,4.53200604354046799e-06,9.72941871809708401e-09,0.00000000000000000e+00
3589,1.23417889027804566e-07,5.35503595510621043e-08,4.52918302737000107e-06,9.74873091460311475e-09,0.00000000000000000e+00
3590,1.23342228939321872e-07,5.35178808978247664e-08,4.52636194688624910e-06,9.76802253385781843e-09,0.00000000000000000e+00
3591,1.23265188116706508e-07,5.34851682372251156e-08,4.52354281178123749e-06,9.78729231909124988e-09,0.00000000000000000e+00
3592,1.23187638647756814e-07,5.34524433186984758e-08,4.52072559939685694e-06,9.80654058213257174e-09,0.00000000000000000e+00
3593,1.23110098114711138e-07,5.34197483605340388e-08,4.51791029078764178e-06,9.80238379273953197e-09,0.00000000000000000e+00
3594,1.22812147051893294e-07,5.33719612266814557e-08,4.51510960477557204e-06,9.83659187799381233e-09,0.00000000000000000e+00
3595,1.23117850539314946e-07,5.33606186665874815e-08,4.51228213051528334e-06,9.85342417744880675e-09,0.00000000000000000e+00
3596,1.22953011379296579e-07,5.33230360522650417e-08,4.50947385802436450e-06,9.87320285015830527e-09,0.00000000000000000e+00
3597,1.22824341857712532e-07,5.32887286232054977e-08,4.50666753202836453e-06,2.72798180413596756e-10,0.00000000000000000e+00
3598,2.82475780120858648e-07,2.19233225733069757e-07,4.50774779025543632e-06,1.56541641206317445e-09,0.00000000000000000e+00
3599,2.05118629393921833e-07,1.77605428467180491e-07,4.50489073409232184e-06,1.86325414223488856e-09,0.00000000000000000e+00
3600,1.73324669826868708e-07,1.40081154584567875e-07,4.50146716864920706e-06,1.05073671595626233e-09,0.00000000000000000e+00
3601,1.53200822459459509e-07,1.10105018361509723e-07,4.49782747802182666e-06,6.28795577888932400e-10,0.00000000000000000e+00
3602,1.44857370210954724e-07,9.08820200526872882e-08,4.49460562052864997e-06,4.76432001995316382e-10,0.00000000000000000e+00
3603,1.35997969171605584e-07,7.54008032147428647e-08,4.49133882158655739e-06,1.18709442538735219e-09,0.00000000000000000e+00
3604,1.31123529766918045e-07,6.64085875545894025e-08,4.48826497221066670e-06,1.71934558222965771e-09,0.00000000000000000e+00
3605,1.28237468425187844e-07,6.14958193934959605e-08,4.48530309867310752e-06,2.11595942685998387e-09,0.00000000000000000e+00
3606,1.26465541336311591e-07,5.90556070221697110e-08,4.48239606427095459e-06,2.36125008933043418e-09,0.00000000000000000e+00
3607,1.25755255359153221e-07,5.77342691648404093e-08,4.47952333348734283e-06,2.97657734456283146e-09,0.00000000000000000e+00
3608,1.30778998380539189e-07,8.13397500980081496e-08,4.47669936588964885e-06,2.77697716099391647e-09,0.00000000000000000e+00
3609,1.27114541427955495e-07,7.47659730967244432e-08,4.47388072390575617e-06,2.66013463620678379e-09,0.00000000000000000e+00
3610,1.27869657895699774e-07,6.45320709129398009e-08,4.47110962180754461e-06,2.91437391729211035e-09,0.00000000000000000e+00
3611,1.24262506383076302e-07,5.66673341667971996e-08,4.46826092490452804e-06,3.06615533016065561e-09,0.00000000000000000e+00
3612,1.22003015269007618e-07,5.40644257918671539e-08,4.46546902154248143e-06,3.14757263328105703e-09,0.00000000000000000e+00
3613,1.22351261572114192e-07,5.37498661495256725e-08,4.46265273731110889e-06,3.22515809785921756e-09,0.00000000000000000e+00
3614,1.22189527946265334e-07,5.35281333180655310e-08,4.45985949736897454e-06,3.29238182685026977e-09,0.00000000000000000e+00
3615,1.21793875188457507e-07,5.33489827751043563e-08,4.45708394929297194e-06,3.34744501999331287e-09,0.00000000000000000e+00
3616,1.21597253901219145e-07,5.32112883775910470e-08,4.45430856994217838e-06,3.39497462330674819e-09,0.00000000000000000e+00
3617,1.21464621783567426e-07,5.31098644466060691e-08,4.45153426253609610e-06,3.44090016935633697e-09,0.00000000000000000e+00
3618,1.21496879020979448e-07,5.30385843996133518e-08,4.44875398093193107e-06,3.48341394004362700e-09,0.00000000000000000e+00
3619,1.21365793143974763e-07,5.29791077247302357e-08,4.44598071602285571e-06,3.52470874513870993e-09,0.00000000000000000e+00
3620,1.21243912719883953e-07,5.29285737767992218e-08,4.44321104702979610e-06,3.56518455684671961e-09,0.00000000000000000e+00
3621,1.21138186761244731e-07,5.28837727508165812e-08,4.44044382464686765e-06,3.60509811183076778e-09,0.00000000000000000e+00
3622,1.21046747628917378e-07,5.28405534552322885e-08,4.43767869924424514e-06,3.64801881177460956e-09,0.00000000000000000e+00
3623,1.21078209905827103e-07,5.28792718385455616e-08,4.43490755822110459e-06,3.68753785938716116e-09,0.00000000000000000e+00
3624,1.20912184782619080e-07,5.28256669175351775e-08,4.43214263067346927e-06,3.72657173309396686e-09,0.00000000000000000e+00
3625,1.20797351925165009e-07,5.27674534579609898e-08,4.42938088697594439e-06,3.76505453112285266e-09,0.00000000000000000e+00
3626,1.20702160665580374e-07,5.27103522991435620e-08,4.42662139401696649e-06,3.80297236599822113e-09,0.00000000000000000e+00
3627,1.20619627193687849e-07,5.26546379585327421e-08,4.42386389212757417e-06,3.84033264512776901e-09,0.00000000000000000e+00
3628,1.20545162569858863e-07,5.26004097189090852e-08,4.42110834950013528e-06,3.87714715205492294e-09,0.00000000000000000e+00
3629,1.20475071868919449e-07,5.25478249166938288e-08,4.41835480309126141e-06,3.91342491577913423e-09,0.00000000000000000e+00
3630,1.20406650451272554e-07,5.24969656061198519e-08,4.41560329864631453e-06,3.94917032524791143e-09,0.00000000000000000e+00
3631,1.20338121432945741e-07,5.24478000005869177e-08,4.41285387000988009e-06,3.98438368452124567e-09,0.00000000000000000e+00
3632,1.20268438487179023e-07,5.24002057907702083e-08,4.41010653481485895e-06,4.01906286287527350e-09,0.00000000000000000e+00
3633,1.20197073287413341e-07,5.23540103417312438e-08,4.40736129680436084e-06,4.05320544349588060e-09,0.00000000000000000e+00
3634,1.20123836323462598e-07,5.23090263803718682e-08,4.40461815018791015e-06,4.08681100568812132e-09,0.00000000000000000e+00
3635,1.20048738158280568e-07,5.22650774857323934e-08,4.40187708399469380e-06,4.11988318656170383e-09,0.00000000000000000e+00
3636,1.19971886428164905e-07,5.22220152167302913e-08,4.39913808536346515e-06,4.15243118361107618e-09,0.00000000000000000e+00
3637,1.19893415092613865e-07,5.21797314163357502e-08,4.39640114144256600e-06,4.18447046969488569e-09,0.00000000000000000e+00
3638,1.19813444671523867e-07,5.21381671503116846e-08,4.39366623989642259e-06,4.21602267430545667e-09,0.00000000000000000e+00
3639,1.19732070492451501e-07,5.20973169577100587e-08,4.39093336838803054e-06,4.24711476740665620e-09,0.00000000000000000e+00
3640,1.19649373370553242e-07,5.20572260844523150e-08,4.38820251349795615e-06,4.27585036646882601e-09,0.00000000000000000e+00
3641,1.19476183100666325e-07,5.19361973551491581e-08,4.38548166777957214e-06,4.30595851232855361e-09,0.00000000000000000e+00
3642,1.19455295963758764e-07,5.19053413639223060e-08,4.38275853656469752e-06,4.33561288278720088e-09,0.00000000000000000e+00
3643,1.19409395624721564e-07,5.18765437964247256e-08,4.38003621697162691e-06,4.36494543492587959e-09,0.00000000000000000e+00
3644,1.19344708178934242e-07,5.18465394872841675e-08,4.37731563054512049e-06,4.39400886235976896e-09,0.00000000000000000e+00
3645,1.19267872474759603e-07,5.18163584715342293e-08,4.37459698685686391e-06,4.42146475446544315e-09,0.00000000000000000e+00
3646,1.19053566139447023e-07,5.17819606154766460e-08,4.37188804868991370e-06,4.44983573418151071e-09,0.00000000000000000e+00
3647,1.19019992359658528e-07,5.17546251519593308e-08,4.36917556698790566e-06,4.47794173422068204e-09,0.00000000000000000e+00
3648,1.18976532764028394e-07,5.17302744504746425e-08,4.36646367461185825e-06,4.50595483986884947e-09,0.00000000000000000e+00
3649,1.18915840379547092e-07,5.17062931101200708e-08,4.36375355108447312e-06,4.53393545017426582e-09,0.00000000000000000e+00
3650,1.18844224379572928e-07,5.16824718597445630e-08,4.36104537394196120e-06,4.56191461573216527e-09,0.00000000000000000e+00
3651,1.18768772330410046e-07,5.16588536812160791e-08,4.35833905403073952e-06,4.59095889110160590e-09,0.00000000000000000e+00
3652,1.18806746510926467e-07,5.16395350690203327e-08,4.35562747287085912e-06,4.61908898025409461e-09,0.00000000000000000e+00
3653,1.18692568202792377e-07,5.16146457533521806e-08,4.35292180054692299e-06,4.64730670229541579e-09,0.00000000000000000e+00
3654,1.18583349931688589e-07,5.15875814794108284e-08,4.35021894536641278e-06,4.67552787972218596e-09,0.00000000000000000e+00
3655,1.18487713408937607e-07,5.15602889564560769e-08,4.34751789558059926e-06,4.70374204661987197e-09,0.00000000000000000e+00
3656,1.18404674914612666e-07,5.15328433251600949e-08,4.34481839857985539e-06,4.73195747698713090e-09,0.00000000000000000e+00
3657,1.18330016279580608e-07,5.15049703946817853e-08,4.34212046164411933e-06,4.76017701942406884e-09,0.00000000000000000e+00
3658,1.18259815289000818e-07,5.14764021700474754e-08,4.33942415874498335e-06,4.78839082517474656e-09,0.00000000000000000e+00
3659,1.18191426467148358e-07,5.14469611107128656e-08,4.33672956093445098e-06,4.81657671205441881e-09,0.00000000000000000e+00
3660,1.18123369792096832e-07,5.14165643637117088e-08,4.33403671780300208e-06,4.84590428946856320e-09,0.00000000000000000e+00
3661,1.18163073002555840e-07,5.14685033411387339e-08,4.33133782382839316e-06,4.87381113944083734e-09,0.00000000000000000e+00
3662,1.18004265723330069e-07,5.14315129501670538e-08,4.32864479649899624e-06,4.90167767865329700e-09,0.00000000000000000e+00
3663,1.17892409360875643e-07,5.13907986389402010e-08,4.32595470833407762e-06,4.92938323497748976e-09,0.00000000000000000e+00
3664,1.17796918858277971e-07,5.13512829748966585e-08,4.32326666616698129e-06,4.95688222247234060e-09,0.00000000000000000e+00
3665,1.17711562183592844e-07,5.13125313489877158e-08,4.32058042664530582e-06,4.98415705135063020e-09,0.00000000000000000e+00
3666,1.17632475379040607e-07,5.12740619623771850e-08,4.31789596183532256e-06,5.01119797674903949e-09,0.00000000000000000e+00
3667,1.17556702153602387e-07,5.12356619212507392e-08,4.31521330553942793e-06,5.03799649465768534e-09,0.00000000000000000e+00
3668,1.17482261169506870e-07,5.11972720605271207e-08,4.31253249756728363e-06,5.06454475224109019e-09,0.00000000000000000e+00
3669,1.17408024375438125e-07,5.11589125326641070e-08,4.30985356641019215e-06,5.09083692154506720e-09,0.00000000000000000e+00
3670,1.17333465019942453e-07,5.11206455245522321e-08,4.30717652700929630e-06,5.11687064003109526e-09,0.00000000000000000e+00
3671,1.17258416570811034e-07,5.10825543419327797e-08,4.30450138365741750e-06,5.14264784387830880e-09,0.00000000000000000e+00
3672,1.17182898797373826e-07,5.10447300893379130e-08,4.30182813370359165e-06,5.16817491611871672e-09,0.00000000000000000e+00
3673,1.17107012196260599e-07,5.10072624183901960e-08,4.29915677059900979e-06,5.19346230073901958e-09,0.00000000000000000e+00
3674,1.17030882344934070e-07,5.09702329522771949e-08,4.29648728588615126e-06,5.21852378752245015e-09,0.00000000000000000e+00
3675,1.16954635342992522e-07,5.09337105648858869e-08,4.29381967035518619e-06,5.24337566089295951e-09,0.00000000000000000e+00
3676,1.16878389614586266e-07,5.08977481766095948e-08,4.29115391464527309e-06,5.26803586844273897e-09,0.00000000000000000e+00
3677,1.16802254892756617e-07,5.08623808916471630e-08,4.28849000957452992e-06,5.29252330500304318e-09,0.00000000000000000e+00
3678,1.16726332927674781e-07,5.08276252424087062e-08,4.28582794641030875e-06,5.31685722960889003e-09,0.00000000000000000e+00
3679,1.16650717106911714e-07,5.07934795437996925e-08,4.28316771710884164e-06,5.34105676021581411e-09,0.00000000000000000e+00
3680,1.16575491140624467e-07,5.07599253876872630e-08,4.28050931452314835e-06,5.36514036741175449e-09,0.00000000000000000e+00
3681,1.16500727050309728e-07,5.07269303845851841e-08,4.27785273251654801e-06,5.38912533972396890e-09,0.00000000000000000e+00
3682,1.16426483804585047e-07,5.06944518667650615e-08,4.27519796599138376e-06,5.41302728868706088e-09,0.00000000000000000e+00
3683,1.16352807155217052e-07,5.06624408788169870e-08,4.27254493681387724e-06,5.43684971869429115e-09,0.00000000000000000e+00
3684,1.16279807710446497e-07,5.06307953748322320e-08,4.26989383493956521e-06,5.46060020856840580e-09,0.00000000000000000e+00
3685,1.16206879813054830e-07,5.05995350698736442e-08,4.26724453609732003e-06,5.48429664563002544e-09,0.00000000000000000e+00
3686,1.16135005037297381e-07,5.05685960508926491e-08,4.26459701453251879e-06,5.50795246838233316e-09,0.00000000000000000e+00
3687,1.16064048304489129e-07,5.05379240869598976e-08,4.26195127241502526e-06,5.53157643654541780e-09,0.00000000000000000e+00
3688,1.15993737692093626e-07,5.05074671645384961e-08,4.25930731661336694e-06,5.55517377684753139e-09,0.00000000000000000e+00
3689,1.15923882793805604e-07,5.04771747605490753e-08,4.25666522361028808e-06,5.57876194565722907e-09,0.00000000000000000e+00
3690,1.15854404490029295e-07,5.04470193937494109e-08,4.25402480246290459e-06,5.60234747498485661e-09,0.00000000000000000e+00
3691,1.15785718747563630e-07,5.04169336410545813e-08,4.25138617144249551e-06,5.62592325049053108e-09,0.00000000000000000e+00
3692,1.15716838857011178e-07,5.03868802671566413e-08,4.24874935439012026e-06,5.64948344847823343e-09,0.00000000000000000e+00
3693,1.15647798574776798e-07,5.03568266119902343e-08,4.24611434861044717e-06,5.67302475892783912e-09,0.00000000000000000e+00
3694,1.15578756871565001e-07,5.03267475761489388e-08,4.24348114692936636e-06,5.69654621194149258e-09,0.00000000000000000e+00
3695,1.15509790759317497e-07,5.02966261600178151e-08,4.24084974381710371e-06,5.72004871183462679e-09,0.00000000000000000e+00
3696,1.15440889271965857e-07,5.02664529652595231e-08,4.23822013617887781e-06,5.74353459974305509e-09,0.00000000000000000e+00
3697,1.15371989316048899e-07,5.02362253963188044e-08,4.23559232265151365e-06,5.76700730812109743e-09,0.00000000000000000e+00
3698,1.15303007494062350e-07,5.02059467034283734e-08,4.23296630273313148e-06,5.79047108904023046e-09,0.00000000000000000e+00
3699,1.15233859882486970e-07,5.01756250925834623e-08,4.23034207609821657e-06,5.81393078247599369e-09,0.00000000000000000e+00
3700,1.15164472125659008e-07,5.01452729325307166e-08,4.22771964217285495e-06,5.83739159886032331e-09,0.00000000000000000e+00
3701,1.15094783444575373e-07,5.01149059806635735e-08,4.22509899989551782e-06,5.86085890397045373e-09,0.00000000000000000e+00
3702,1.15024747892944272e-07,5.00845426437647080e-08,4.22248014761982303e-06,5.88433800613037464e-09,0.00000000000000000e+00
3703,1.14954334335928918e-07,5.00542033308831981e-08,4.21986308305045273e-06,5.90783395343452160e-09,0.00000000000000000e+00
3704,1.14883525892151728e-07,5.00239096947780132e-08,4.21724780328218640e-06,5.93135135197451301e-09,0.00000000000000000e+00
3705,1.14812319346109549e-07,4.99936839219895719e-08,4.21463430482463844e-06,5.95489421564736660e-09,0.00000000000000000e+00
3706,1.14740724365886310e-07,4.99635480196101013e-08,4.21202258364977924e-06,5.97846585510290228e-09,0.00000000000000000e+00
3707,1.14668762461078735e-07,4.99335230473100781e-08,4.20941263529138196e-06,6.00206880862127852e-09,0.00000000000000000e+00
3708,1.14596465804569434e-07,4.99036284122461132e-08,4.20680445492325698e-06,6.02570481228242841e-09,0.00000000000000000e+00
3709,1.14523875772597621e-07,4.98738811807168870e-08,4.20419803745652354e-06,6.04937480185688197e-09,0.00000000000000000e+00
3710,1.14451041211999310e-07,4.98442955436730513e-08,4.20159337764291298e-06,6.07135247542477347e-09,0.00000000000000000e+00
3711,1.14293744843701555e-07,4.97379480071894784e-08,4.19899816786871421e-06,6.09655117986561736e-09,0.00000000000000000e+00
3712,1.14386012254228647e-07,4.97914939183798433e-08,4.19639295315612207e-06,6.11862172619602194e-09,0.00000000000000000e+00
3713,1.14184424284160616e-07,4.96875694712702121e-08,4.19380005635685389e-06,6.14226371460964845e-09,0.00000000000000000e+00
3714,1.14161024597834471e-07,4.96635909563934461e-08,4.19120576127265719e-06,6.16590615055927612e-09,0.00000000000000000e+00
3715,1.14116299160361601e-07,4.96413129759650148e-08,4.18861235299907783e-06,6.18959307373020422e-09,0.00000000000000000e+00
3716,1.14058625798118494e-07,4.96174705688986985e-08,4.18602049693597739e-06,6.21332421166694734e-09,0.00000000000000000e+00
3717,1.13993085479644501e-07,4.95927166157231269e-08,4.18343035321089589e-06,6.23708601918305375e-09,0.00000000000000000e+00
3718,1.13923133633006607e-07,4.95675482901358356e-08,4.18084192426327975e-06,6.26086401548164083e-09,0.00000000000000000e+00
3719,1.13851164763353587e-07,4.95421994763139779e-08,4.17825517507136931e-06,6.28464645821936568e-09,0.00000000000000000e+00
3720,1.13778632872802500e-07,4.95167713439666092e-08,4.17567007330585922e-06,6.30842451884389545e-09,0.00000000000000000e+00
3721,1.13706286299219118e-07,4.94913004840617262e-08,4.17308652220572814e-06,6.33217459036875840e-09,0.00000000000000000e+00
3722,1.13634361200098414e-07,4.94657716097172689e-08,4.17050471325265952e-06,6.35589683956989537e-09,0.00000000000000000e+00
3723,1.13562630426176148e-07,4.94401776335202519e-08,4.16792451700338754e-06,6.37959435668426831e-09,0.00000000000000000e+00
3724,1.13491915319583510e-07,4.94145027417263002e-08,4.16534591412929880e-06,6.40326707719841844e-09,0.00000000000000000e+00
3725,1.13421941106445538e-07,4.93887268344708581e-08,4.16276891507967465e-06,6.42691153751932455e-09,0.00000000000000000e+00
3726,1.13352364572376947e-07,4.93628262845491389e-08,4.16019353398613581e-06,6.45052183676462459e-09,0.00000000000000000e+00
3727,1.13282973201284255e-07,4.93367773914761409e-08,4.15761978180109103e-06,6.47409058049748464e-09,0.00000000000000000e+00
3728,1.13213664609881082e-07,4.93105590158646217e-08,4.15504774345761897e-06,6.49762375647247292e-09,0.00000000000000000e+00
3729,1.13144474120168891e-07,4.92841791057031810e-08,4.15247722032402949e-06,6.52240520582554989e-09,0.00000000000000000e+00
3730,1.13181126871272509e-07,4.93379832967979750e-08,4.14990080435891816e-06,6.54461721105113260e-09,0.00000000000000000e+00
3731,1.12938905125893848e-07,4.92247853153758831e-08,4.14733752965723167e-06,6.56933640823020439e-09,0.00000000000000000e+00
3732,1.12999444991239315e-07,4.92769756527831863e-08,4.14476547508115499e-06,6.59137444206347037e-09,0.00000000000000000e+00
3733,1.12778117817198733e-07,4.91652800926020031e-08,4.14220575016766744e-06,6.61590553034852624e-09,0.00000000000000000e+00
3734,1.12847854730747902e-07,4.92182922180685312e-08,4.13963700199316816e-06,6.63907918758028960e-09,0.00000000000000000e+00
3735,1.12719545398717768e-07,4.91889629191775218e-08,4.13707298606084217e-06,6.66085106210066360e-09,0.00000000000000000e+00
3736,1.12541245739508127e-07,4.90734832189180580e-08,4.13451912311215139e-06,6.68511277589470827e-09,0.00000000000000000e+00
3737,1.12620846270488123e-07,4.91273795630141896e-08,4.13195559025070867e-06,6.70798881423006433e-09,0.00000000000000000e+00
3738,1.12501567149554018e-07,4.90987025243516691e-08,4.12939664869926585e-06,6.73083606251991528e-09,0.00000000000000000e+00
3739,1.12411070545434468e-07,4.90655224651666890e-08,4.12684027673100978e-06,6.75359958834718845e-09,0.00000000000000000e+00
3740,1.12328647125134695e-07,4.90330241318805293e-08,4.12428584545689535e-06,6.77626438603783531e-09,0.00000000000000000e+00
3741,1.12251270316385074e-07,4.90011958000134427e-08,4.12173316005480544e-06,6.79883242702702608e-09,0.00000000000000000e+00
3742,1.12177411262440911e-07,4.89697528196132349e-08,4.11918217424411004e-06,6.82131132040220001e-09,0.00000000000000000e+00
3743,1.12105746809035330e-07,4.89385425174262739e-08,4.11663289105478830e-06,6.84370937132670715e-09,0.00000000000000000e+00
3744,1.12035273674433912e-07,4.89074949563966809e-08,4.11408532524099543e-06,6.86603392295650875e-09,0.00000000000000000e+00
3745,1.11965355661489759e-07,4.88765807161698575e-08,4.11153948972099099e-06,6.88829116872785747e-09,0.00000000000000000e+00
3746,1.11895654942660109e-07,4.88457910095187270e-08,4.10899539202702308e-06,6.91048647296704927e-09,0.00000000000000000e+00
3747,1.11826030325850545e-07,4.88151277526819289e-08,4.10645303469479326e-06,6.93262475679920487e-09,0.00000000000000000e+00
3748,1.11756449968955253e-07,4.87845979021380160e-08,4.10391234534148387e-06,6.95470311914278386e-09,0.00000000000000000e+00
3749,1.11687032896461022e-07,4.87541731910137182e-08,4.10137350696512507e-06,6.97672275111177409e-09,0.00000000000000000e+00
3750,1.11617157587004804e-07,4.87239138007876636e-08,4.09883638729848383e-06,6.99862638935069104e-09,0.00000000000000000e+00
3751,1.11547857211378566e-07,4.86967853677677993e-08,4.09630098856766438e-06,7.02049861172522094e-09,0.00000000000000000e+00
3752,1.11478895818292317e-07,4.86673293532324232e-08,4.09376729963256902e-06,7.04235289673004945e-09,0.00000000000000000e+00
3753,1.11410218044028402e-07,4.86375543487965262e-08,4.09123532227208045e-06,7.06419533206358500e-09,0.00000000000000000e+00
3754,1.11341705184531839e-07,4.86078737302756065e-08,4.08870505852685857e-06,7.08602907075447679e-09,0.00000000000000000e+00
3755,1.11273304888476308e-07,4.85783603943123151e-08,4.08617650845889943e-06,7.10785613077229369e-09,0.00000000000000000e+00
3756,1.11205011442533524e-07,4.85490193634290247e-08,4.08364967049285473e-06,7.12967813955460720e-09,0.00000000000000000e+00
3757,1.11136836555343889e-07,4.85198448752319217e-08,4.08112454214677225e-06,7.15149662091216577e-09,0.00000000000000000e+00
3758,1.11068792147622001e-07,4.84908304819885337e-08,4.07860112061912014e-06,7.17331307605569511e-09,0.00000000000000000e+00
3759,1.11000883472425693e-07,4.84619697610352613e-08,4.07607940309371039e-06,7.19338477841916523e-09,0.00000000000000000e+00
3760,1.10852952719806790e-07,4.83548947861198611e-08,4.07356687876442836e-06,7.21660175988929228e-09,0.00000000000000000e+00
3761,1.10944543005757086e-07,4.84095207016116447e-08,4.07104463256185112e-06,7.23838367352723668e-09,0.00000000000000000e+00
3762,1.10837679657084422e-07,4.83837954921786278e-08,4.06852690849215227e-06,7.26023109233186636e-09,0.00000000000000000e+00
3763,1.10754047536584942e-07,4.83536455126082196e-08,4.06601182351952588e-06,7.28038466270797810e-09,0.00000000000000000e+00
3764,1.10595298253804887e-07,4.82457676307449396e-08,4.06350603166297830e-06,7.30365667698297750e-09,0.00000000000000000e+00
3765,1.10682098006092135e-07,4.83001591322609754e-08,4.06099056281799499e-06,7.32551123219839106e-09,0.00000000000000000e+00
3766,1.10570429505519161e-07,4.82744650504667445e-08,4.05847959753599459e-06,7.34573411401353113e-09,0.00000000000000000e+00
3767,1.10403382313128303e-07,4.81659928511453188e-08,4.05597861777990436e-06,7.36902806451857024e-09,0.00000000000000000e+00
3768,1.10485517687771175e-07,4.82199254524867047e-08,4.05346818302973818e-06,7.38924097033745535e-09,0.00000000000000000e+00
3769,1.10285950290428423e-07,4.81156396675532232e-08,4.05096969167708352e-06,7.41253041266181656e-09,0.00000000000000000e+00
3770,1.10362811115123354e-07,4.81687181774314942e-08,4.04846239442435930e-06,7.43278520280396904e-09,0.00000000000000000e+00
3771,1.10157081433598231e-07,4.80635543539275318e-08,4.04596719014822111e-06,7.45445591200820893e-09,0.00000000000000000e+00
3772,1.10130670055794923e-07,4.80390541961005895e-08,4.04347061813732379e-06,7.47609031462724412e-09,0.00000000000000000e+00
3773,1.10087090070339397e-07,4.80170273747042126e-08,4.04097484894915819e-06,7.49773815648284817e-09,0.00000000000000000e+00
3774,1.10032949321686759e-07,4.79936504508177356e-08,4.03848053673894654e-06,7.51940917350704026e-09,0.00000000000000000e+00
3775,1.09971975284765253e-07,4.79693791945751570e-08,4.03598785915147838e-06,7.54109922140545367e-09,0.00000000000000000e+00
3776,1.09906769972377202e-07,4.79446371459739361e-08,4.03349683783016669e-06,7.56280150243186059e-09,0.00000000000000000e+00
3777,1.09839268345648564e-07,4.79196355843676807e-08,4.03100745066723978e-06,7.58451038079985340e-09,0.00000000000000000e+00
3778,1.09770722142358533e-07,4.78944799519219660e-08,4.02851967151714956e-06,7.60622196266931749e-09,0.00000000000000000e+00
3779,1.09701820777804383e-07,4.78692272971821709e-08,4.02603348166942272e-06,7.62793358635261927e-09,0.00000000000000000e+00
3780,1.09632883555898987e-07,4.78439103478004492e-08,4.02354887065755097e-06,7.64964318026173955e-09,0.00000000000000000e+00
3781,1.09564027292367285e-07,4.78185484784721047e-08,4.02106583396057556e-06,7.67134881053253377e-09,0.00000000000000000e+00
3782,1.09495277630433878e-07,4.77931535153812820e-08,4.01858437049794674e-06,7.69304844779332319e-09,0.00000000000000000e+00
3783,1.09426629234547707e-07,4.77677330715259293e-08,4.01610448087545569e-06,7.71473988273110560e-09,0.00000000000000000e+00
3784,1.09358072597300664e-07,4.77422925660479174e-08,4.01362608927132676e-06,7.73640371754593370e-09,0.00000000000000000e+00
3785,1.09289489693150017e-07,4.77168250903772014e-08,4.01114939837234495e-06,7.75804116679280018e-09,0.00000000000000000e+00
3786,1.09220630431346953e-07,4.76913317945003903e-08,4.00867428316676410e-06,7.77965745642402527e-09,0.00000000000000000e+00
3787,1.09152366869564462e-07,4.76658254943670725e-08,4.00620072315983686e-06,7.80125539713604118e-09,0.00000000000000000e+00
3788,1.09084516303926133e-07,4.76403178342993225e-08,4.00372872533691435e-06,7.82283497332337924e-09,0.00000000000000000e+00
3789,1.09016829522359095e-07,4.76148160522512067e-08,4.00125829974476362e-06,7.84439420534174435e-09,0.00000000000000000e+00
3790,1.08949178033263237e-07,4.75893238534861907e-08,3.99878945338416534e-06,7.86593006082292291e-09,0.00000000000000000e+00
3791,1.08881531799704744e-07,4.75638426258776583e-08,3.99632220391177118e-06,7.88752682110502257e-09,0.00000000000000000e+00
3792,1.08813872073769697e-07,4.75355326716029073e-08,3.99385652438006564e-06,7.90908818696324630e-09,0.00000000000000000e+00
3793,1.08746392393599765e-07,4.75093706162509238e-08,3.99139242773979707e-06,7.93060432485505151e-09,0.00000000000000000e+00
3794,1.08678964826196961e-07,4.74836408175439729e-08,3.98892987746495068e-06,7.95206432354714501e-09,0.00000000000000000e+00
3795,1.08610609918620800e-07,4.74579822023738278e-08,3.98646898431199020e-06,7.97346833584033640e-09,0.00000000000000000e+00
3796,1.08542770858976913e-07,4.74323372730419398e-08,3.98400967629254850e-06,7.99482122791389868e-09,0.00000000000000000e+00
3797,1.08475500238379620e-07,4.74066955379955185e-08,3.98155198066059253e-06,8.01613440359222564e-09,0.00000000000000000e+00
3798,1.08409572198258568e-07,4.73810634668987974e-08,3.97909579073846526e-06,8.03740998213725249e-09,0.00000000000000000e+00
3799,1.08343313176889533e-07,4.73554241414340996e-08,3.97664118670520181e-06,8.05864533023634387e-09,0.00000000000000000e+00
3800,1.08276607582392393e-07,4.73297685952054527e-08,3.97418818554655459e-06,8.07983867372835837e-09,0.00000000000000000e+00
3801,1.08209665301973165e-07,4.73040874813602899e-08,3.97173678603266143e-06,8.10098959748768129e-09,0.00000000000000000e+00
3802,1.08142671553511535e-07,4.72783730818678764e-08,3.96928698378974150e-06,8.12209864768834688e-09,0.00000000000000000e+00
3803,1.08075723814749261e-07,4.72526199077348957e-08,3.96683877553299762e-06,8.14316683364762854e-09,0.00000000000000000e+00
3804,1.08008853181660622e-07,4.72268243229242240e-08,3.96439215954313250e-06,8.16419525299622988e-09,0.00000000000000000e+00
3805,1.07942056587578371e-07,4.72009840215056588e-08,3.96194713519901686e-06,8.18518487085168009e-09,0.00000000000000000e+00
3806,1.07875319444831883e-07,4.71750976953026236e-08,3.95950370239609721e-06,8.20613642424639881e-09,0.00000000000000000e+00
3807,1.07808627345696506e-07,4.71491648955377995e-08,3.95706186115491832e-06,8.22705041282342138e-09,0.00000000000000000e+00
3808,1.07741970270790673e-07,4.71231860511329679e-08,3.95462161144575188e-06,8.24792714243674148e-09,0.00000000000000000e+00
3809,1.07675343066681613e-07,4.70971624670522136e-08,3.95218295309256581e-06,8.26876679688758694e-09,0.00000000000000000e+00
3810,1.07608744555840760e-07,4.70710964251984983e-08,3.94974588578668774e-06,8.28956952035985653e-09,0.00000000000000000e+00
3811,1.07542176177401324e-07,4.70449911403787728e-08,3.94731040908814590e-06,8.31033549863024586e-09,0.00000000000000000e+00
3812,1.07475641041450679e-07,4.70188507494940040e-08,3.94487652246818082e-06,8.33106503123177517e-09,0.00000000000000000e+00
3813,1.07409143225314121e-07,4.69926801919819563e-08,3.94244422532701863e-06,8.35175858995932943e-09,0.00000000000000000e+00
3814,1.07342687323123826e-07,4.69664850929720941e-08,3.94001351701139702e-06,8.37241686152768513e-09,0.00000000000000000e+00
3815,1.07276278186704144e-07,4.69402715973196728e-08,3.93758439683220727e-06,8.39304077400408989e-09,0.00000000000000000e+00
3816,1.07209920808654102e-07,4.69140461859453119e-08,3.93515686405680822e-06,8.41363150771251963e-09,0.00000000000000000e+00
3817,1.07143620136935483e-07,4.68878155052123911e-08,3.93273090359863421e-06,8.43411369277684991e-09,0.00000000000000000e+00
3818,1.07077423636179566e-07,4.68644556463445358e-08,3.93030654325057606e-06,8.45457113597756813e-09,0.00000000000000000e+00
3819,1.07011168395044049e-07,4.68387875224925928e-08,3.92788377028942047e-06,8.47501124010663622e-09,0.00000000000000000e+00
3820,1.06945007859359018e-07,4.68126790509913278e-08,3.92546254269157001e-06,8.49542930328245004e-09,0.00000000000000000e+00
3821,1.06877977618397429e-07,4.67864920359802168e-08,3.92304296759437919e-06,8.51582614949584827e-09,0.00000000000000000e+00
3822,1.06811467474269539e-07,4.67603080653430618e-08,3.92062497317413563e-06,8.53620667788733887e-09,0.00000000000000000e+00
3823,1.06745520383305372e-07,4.67341398462214051e-08,3.91820854655864142e-06,8.55657474210517587e-09,0.00000000000000000e+00
3824,1.06679897825857464e-07,4.67079950521459874e-08,3.91579369057483259e-06,8.57693287830556692e-09,0.00000000000000000e+00
3825,1.06614412657328977e-07,4.66818809205301306e-08,3.91338040982667119e-06,8.59728271044737545e-09,0.00000000000000000e+00
3826,1.06548972794489390e-07,4.66558033418793168e-08,3.91096870720415739e-06,8.61762535742531283e-09,0.00000000000000000e+00
3827,1.06483550852801531e-07,4.66297664893514207e-08,3.90855862027600608e-06,8.63796960885170231e-09,0.00000000000000000e+00
3828,1.06419172467294932e-07,4.66037831104168777e-08,3.90615004385822492e-06,8.65831582141821432e-09,0.00000000000000000e+00
3829,1.06354352052709703e-07,4.65778453425771771e-08,3.90374304833437884e-06,8.67866026486155823e-09,0.00000000000000000e+00
3830,1.06289102972210486e-07,4.65519530976114420e-08,3.90133764453326822e-06,8.69900034811383460e-09,0.00000000000000000e+00
3831,1.06223672489401529e-07,4.65261045989411884e-08,3.89893382763337487e-06,8.71736545785754689e-09,0.00000000000000000e+00
3832,1.06045918133599730e-07,4.64931886641466211e-08,3.89653876048323556e-06,8.73897846797773526e-09,0.00000000000000000e+00
3833,1.06131788985701597e-07,4.64744958994670118e-08,3.89413376339962452e-06,8.75926794696080552e-09,0.00000000000000000e+00
3834,1.06065611156447922e-07,4.64505440928040171e-08,3.89173346882514668e-06,8.77961787557241071e-09,0.00000000000000000e+00
3835,1.05988369606056611e-07,4.64245784396036591e-08,3.88933579778289087e-06,8.79801583288800517e-09,0.00000000000000000e+00
3836,1.05799561384888916e-07,4.63912151228121283e-08,3.88694707928186398e-06,8.81963206767823760e-09,0.00000000000000000e+00
3837,1.05876678064981773e-07,4.63723521573538264e-08,3.88454855381245884e-06,8.83802192182881643e-09,0.00000000000000000e+00
3838,1.05699565085914589e-07,4.63412724716342831e-08,3.88216149169450268e-06,8.85960764502503082e-09,0.00000000000000000e+00
3839,1.05764436260636710e-07,4.63223349889017446e-08,3.87976602375335173e-06,8.87802504396587529e-09,0.00000000000000000e+00
3840,1.05579087997901512e-07,4.62908457593722710e-08,3.87738214098168952e-06,8.89961661835849002e-09,0.00000000000000000e+00
3841,1.05637969490168493e-07,4.62717565157026169e-08,3.87498991002614133e-06,8.91803333604537445e-09,0.00000000000000000e+00
3842,1.05449253595066491e-07,4.62400825488378987e-08,3.87260921494862328e-06,8.93779616384787272e-09,0.00000000000000000e+00
3843,1.05406087233531982e-07,4.62142340097840325e-08,3.87022664286609087e-06,8.95750238566851859e-09,0.00000000000000000e+00
3844,1.05362286750656565e-07,4.61898495281007899e-08,3.86784474256633252e-06,8.97720543274326217e-09,0.00000000000000000e+00
3845,1.05309961236949445e-07,4.61652523433041122e-08,3.86546430610409738e-06,8.99691302388467458e-09,0.00000000000000000e+00
3846,1.05250508249099866e-07,4.61403341832175432e-08,3.86308550797968462e-06,9.01661927202072995e-09,0.00000000000000000e+00
3847,1.05187051929761676e-07,4.61152133471167071e-08,3.86070833338096979e-06,9.03631707067894618e-09,0.00000000000000000e+00
3848,1.05121942376521744e-07,4.60899992009235480e-08,3.85833273336110372e-06,9.05600126808462134e-09,0.00000000000000000e+00
3849,1.05056429502143358e-07,4.60647592734756664e-08,3.85595867071056261e-06,9.07566852840253827e-09,0.00000000000000000e+00
3850,1.04991006391505589e-07,4.60395277997086395e-08,3.85358612566032508e-06,9.09531651868789901e-09,0.00000000000000000e+00
3851,1.04925787214574189e-07,4.60143191543430052e-08,3.85121509051413033e-06,9.11494330803222916e-09,0.00000000000000000e+00
3852,1.04860747577358195e-07,4.59891377629659891e-08,3.84884556373399354e-06,9.13454710255651911e-09,0.00000000000000000e+00
3853,1.04795837555097032e-07,4.59639838579335450e-08,3.84647750788788892e-06,9.15411528662999601e-09,0.00000000000000000e+00
3854,1.04729857923834149e-07,4.59388432049480901e-08,3.84411103782061090e-06,9.17365122797158518e-09,0.00000000000000000e+00
3855,1.04664631461268404e-07,4.59137284331751930e-08,3.84174607233030499e-06,9.19315744803286332e-09,0.00000000000000000e+00
3856,1.04599991910161615e-07,4.58886405060030890e-08,3.83938260262273886e-06,9.21138791048973721e-09,0.00000000000000000e+00
3857,1.04489485505039030e-07,4.58535650945323496e-08,3.83702139410604531e-06,9.23159319346278723e-09,0.00000000000000000e+00
3858,1.04489999576696745e-07,4.58377311486622035e-08,3.83465919526505715e-06,9.24974694725800679e-09,0.00000000000000000e+00
3859,1.04380228889517862e-07,4.58043566425135057e-08,3.83230077437061692e-06,9.26992004881058355e-09,0.00000000000000000e+00
3860,1.04372256075497931e-07,4.57885827155321738e-08,3.82994177705033556e-06,9.28801118155341288e-09,0.00000000000000000e+00
3861,1.04255366981578712e-07,4.57548658973506170e-08,3.82758656194763447e-06,9.30684436278069096e-09,0.00000000000000000e+00
3862,1.04197710343560969e-07,4.57286345984997240e-08,3.82523166157519106e-06,9.32692061154614523e-09,0.00000000000000000e+00
3863,1.04189427401192015e-07,4.57145934238716207e-08,3.82287716988342312e-06,9.34488886730357164e-09,0.00000000000000000e+00
3864,1.04068218030326836e-07,4.56807756836711240e-08,3.82052663469484648e-06,9.36362170814866592e-09,0.00000000000000000e+00
3865,1.04007416977435840e-07,4.56543977724916628e-08,3.81817642565069120e-06,9.38230365297604290e-09,0.00000000000000000e+00
3866,1.03952383854184992e-07,4.56298845813113548e-08,3.81582744280922836e-06,9.40096025055998209e-09,0.00000000000000000e+00
3867,1.03894520435666841e-07,4.56055099195807010e-08,3.81347999910923207e-06,9.41959744262746083e-09,0.00000000000000000e+00
3868,1.03833354580223949e-07,4.55810236536540685e-08,3.81113416243168978e-06,9.43821485862327984e-09,0.00000000000000000e+00
3869,1.03770229909227154e-07,4.55564411597859489e-08,3.80878992040826790e-06,9.45681143207898168e-09,0.00000000000000000e+00
3870,1.03706298399798530e-07,4.55318060525343380e-08,3.80644724729432708e-06,9.47538663586104031e-09,0.00000000000000000e+00
3871,1.03642181381188574e-07,4.55071477643016468e-08,3.80410612406572204e-06,9.49394016207214728e-09,0.00000000000000000e+00
3872,1.03578118467940341e-07,4.54824802827233494e-08,3.80176654027069853e-06,9.51247142494630230e-09,0.00000000000000000e+00
3873,1.03514161396301753e-07,4.54578077827236024e-08,3.79942849102097223e-06,9.53097933547820773e-09,0.00000000000000000e+00
3874,1.03450297784433303e-07,4.54331296270150923e-08,3.79709197405943793e-06,9.54797883808607420e-09,0.00000000000000000e+00
3875,1.03348580911777677e-07,4.54083053747304927e-08,3.79475904208097163e-06,9.56724432481384577e-09,0.00000000000000000e+00
3876,1.03334475425975430e-07,4.53853192761426321e-08,3.79242380503994878e-06,9.58419230021922114e-09,0.00000000000000000e+00
3877,1.03236814521719555e-07,4.53596325820828469e-08,3.79009355218199884e-06,9.60343683515304386e-09,0.00000000000000000e+00
3878,1.03215449369599573e-07,4.53361118328566751e-08,3.78776148507802054e-06,9.62033228774455772e-09,0.00000000000000000e+00
3879,1.03112400406234777e-07,4.53101323708815840e-08,3.78543437074041750e-06,9.63799819520739438e-09,0.00000000000000000e+00
3880,1.03050582705266029e-07,4.52863823130308612e-08,3.78310744357854578e-06,9.65563852352324098e-09,0.00000000000000000e+00
3881,1.02995154517550967e-07,4.52619035041580509e-08,3.78078171297902103e-06,9.67326831926352387e-09,0.00000000000000000e+00
3882,1.02937029144102595e-07,4.52371746197283795e-08,3.77845750508943633e-06,9.69088966730410320e-09,0.00000000000000000e+00
3883,1.02875831521582782e-07,4.52123190724785452e-08,3.77613488191717188e-06,9.70501818354123735e-09,0.00000000000000000e+00
3884,1.02745146299093962e-07,4.51761678692691212e-08,3.77381665549888561e-06,9.72434007328490590e-09,0.00000000000000000e+00
3885,1.02773475297223907e-07,4.51598467784846546e-08,3.77149398560023074e-06,9.74201849450843370e-09,0.00000000000000000e+00
3886,1.02714480037082490e-07,4.51377873346450673e-08,3.76917546573722920e-06,9.75556071955278322e-09,0.00000000000000000e+00
3887,1.02563986588757176e-07,4.51058183697521048e-08,3.76686219639769168e-06,9.77525592428646982e-09,0.00000000000000000e+00
3888,1.02589578373861627e-07,4.50870999610421200e-08,3.76454417074202802e-06,9.78881088225621662e-09,0.00000000000000000e+00
3889,1.02453999114035591e-07,4.50562827438998109e-08,3.76223327214817248e-06,9.80443911315685423e-09,0.00000000000000000e+00
3890,1.02404986703502551e-07,4.50307180302493969e-08,3.75992116049314416e-06,9.82012304240994118e-09,0.00000000000000000e+00
3891,1.02359704719518844e-07,4.50062236999142640e-08,3.75761013761540380e-06,9.83579842318900572e-09,0.00000000000000000e+00
3892,1.02303403973465233e-07,4.49790977709175572e-08,3.75530091104474313e-06,9.85151496284394724e-09,0.00000000000000000e+00
3893,1.02241778771912823e-07,4.49538949389162154e-08,3.75299337342563903e-06,9.86725843685395315e-09,0.00000000000000000e+00
3894,1.02178389216354699e-07,4.49290990109446649e-08,3.75068742522959247e-06,2.49040858679556601e-10,0.00000000000000000e+00
3895,2.77645041396723087e-07,2.23117925994609664e-07,3.75301312363318864e-06,1.74560206183549654e-09,0.00000000000000000e+00
3896,1.96327399873031882e-07,1.77506067985606008e-07,3.75075832471526698e-06,2.20225017158549188e-09,0.00000000000000000e+00
3897,1.63005691685176427e-07,1.37991352214071022e-07,3.74778707673672475e-06,1.19618682053891611e-09,0.00000000000000000e+00
3898,1.38867745519452905e-07,1.06111317422473156e-07,3.74431058319910509e-06,7.17336720357680853e-10,0.00000000000000000e+00
3899,1.27236049545697040e-07,8.64230200397023653e-08,3.74145139982244705e-06,4.75020546080461587e-10,0.00000000000000000e+00
3900,1.17000209685696139e-07,6.95642593766673592e-08,3.73857667213061858e-06,6.96074278337704351e-10,0.00000000000000000e+00
3901,1.14388155949733109e-07,7.50262063269789829e-08,3.73609238664405994e-06,1.30130419936109473e-09,0.00000000000000000e+00
3902,1.10028079385562019e-07,6.84574550866169522e-08,3.73353378446988990e-06,1.68531089607882033e-09,0.00000000000000000e+00
3903,1.08108133707611573e-07,6.49253127318182958e-08,3.73109581416274807e-06,1.93699498142456735e-09,0.00000000000000000e+00
3904,1.10926484777347010e-07,6.02392606612510581e-08,3.72875554384828695e-06,2.49977170746914901e-09,0.00000000000000000e+00
3905,1.06129431770375194e-07,5.40495071558875227e-08,3.72630659068854142e-06,2.93482343914537480e-09,0.00000000000000000e+00
3906,1.03527956883066601e-07,5.07830390146326279e-08,3.72396634361430369e-06,2.90525387184417865e-09,0.00000000000000000e+00
3907,1.02833141808246144e-07,4.88060697147048802e-08,3.72162131417954144e-06,2.99504013745781283e-09,0.00000000000000000e+00
3908,1.02446169691460213e-07,4.76099726862738546e-08,3.71930023036704341e-06,3.11174861096931334e-09,0.00000000000000000e+00
3909,1.01999916841470363e-07,4.64775549461198055e-08,3.71700369710719108e-06,3.11401301248711998e-09,0.00000000000000000e+00
3910,1.02195027594432994e-07,4.59761739051729974e-08,3.71468833705738365e-06,3.15566551389872368e-09,0.00000000000000000e+00
3911,1.01791635368571182e-07,4.55938591356228549e-08,3.71240017637877580e-06,3.20001557273860785e-09,0.00000000000000000e+00
3912,1.01356030984801375e-07,4.52739005349802856e-08,3.71012057164500716e-06,3.24983240624850505e-09,0.00000000000000000e+00
3913,1.01290519680439122e-07,4.50949074466576863e-08,3.70783463022152277e-06,3.29867872255138205e-09,0.00000000000000000e+00
3914,1.01182975380368895e-07,4.49678383377979411e-08,3.70555209105918950e-06,3.34670303827695087e-09,0.00000000000000000e+00
3915,1.01163401569941712e-07,4.48897323586807942e-08,3.70326928872023440e-06,3.39155267779234954e-09,0.00000000000000000e+00
3916,1.01051226327555828e-07,4.48314224450969955e-08,3.70099154277952128e-06,3.43530951729148780e-09,0.00000000000000000e+00
3917,1.01046237608267650e-07,4.47961420246075100e-08,3.69870983218042091e-06,3.47576487195514310e-09,0.00000000000000000e+00
3918,1.00919481587757131e-07,4.47712340632282429e-08,3.69643372573900589e-06,3.51436657100697158e-09,0.00000000000000000e+00
3919,1.00806288422059718e-07,4.47582623555004032e-08,3.69416036553300463e-06,3.55341260545245410e-09,0.00000000000000000e+00
3920,1.00807859116783903e-07,4.48316627651121281e-08,3.69188212217937693e-06,3.58924358883534249e-09,0.00000000000000000e+00
3921,1.00644994975571630e-07,4.48224466816313140e-08,3.68960911283732280e-06,3.62406284644077880e-09,0.00000000000000000e+00
3922,1.00532590659621666e-07,4.48091447814304314e-08,3.68733876525797802e-06,3.65801004644379698e-09,0.00000000000000000e+00
3923,1.00439487114385867e-07,4.47955383705978301e-08,3.68507033316822322e-06,3.69124974430823056e-09,0.00000000000000000e+00
3924,1.00358299156139291e-07,4.47797409953845851e-08,3.68280362933014216e-06,3.72392686451521092e-09,0.00000000000000000e+00
3925,1.00284707670700153e-07,4.47601597259959289e-08,3.68053863655015015e-06,3.75614995431123194e-09,0.00000000000000000e+00
3926,1.00215743979658014e-07,4.47358916134626387e-08,3.67827537678546428e-06,3.78798866968536194e-09,0.00000000000000000e+00
3927,1.00149572163550683e-07,4.47065089170319087e-08,3.67601386800175839e-06,3.81947758875288496e-09,0.00000000000000000e+00
3928,1.00085220061275412e-07,4.46718735795239089e-08,3.67375411372462374e-06,3.85062227172749481e-09,0.00000000000000000e+00
3929,1.00022265684797063e-07,4.46320389912497011e-08,3.67149610436171459e-06,3.88140576731965369e-09,0.00000000000000000e+00
3930,9.99605698594441264e-08,4.45872225465991145e-08,3.66923982159468858e-06,3.91179495633493513e-09,0.00000000000000000e+00
3931,9.99000898354975825e-08,4.45378164382840951e-08,3.66698524259547034e-06,3.94174663465091940e-09,0.00000000000000000e+00
3932,9.98407701318254581e-08,4.44844028066103833e-08,3.66473234328716995e-06,3.97121336569063168e-09,0.00000000000000000e+00
3933,9.97824916903315285e-08,4.44277483638833539e-08,3.66248110065206982e-06,4.00014905851606821e-09,0.00000000000000000e+00
3934,9.97250594543399135e-08,4.43687685998521737e-08,3.66023149439142009e-06,4.02851406899989843e-09,0.00000000000000000e+00
3935,9.96682120787332387e-08,4.43084655398443537e-08,3.65798350791833444e-06,4.05627948582148140e-09,0.00000000000000000e+00
3936,9.96116429338447094e-08,4.42478525541725293e-08,3.65573712874836505e-06,4.08343023750764532e-09,0.00000000000000000e+00
3937,9.95550254516793581e-08,4.41878822672986310e-08,3.65349234827571772e-06,4.10996675927176018e-09,0.00000000000000000e+00
3938,9.94980391130533331e-08,4.41293907979185255e-08,3.65124916108295863e-06,4.13590514279887924e-09,0.00000000000000000e+00
3939,9.94403934654944523e-08,4.40730655376936938e-08,3.64900756388178304e-06,4.16127588833686696e-09,0.00000000000000000e+00
3940,9.93818488746944102e-08,4.40194370225501832e-08,3.64676755426120104e-06,4.18612153215352875e-09,0.00000000000000000e+00
3941,9.93222319728761807e-08,4.39688901220033364e-08,3.64452912946890569e-06,4.21049350706987577e-09,0.00000000000000000e+00
3942,9.92614449176145489e-08,4.39216871160772733e-08,3.64229228527354857e-06,4.23444860477141183e-09,0.00000000000000000e+00
3943,9.91994676455764049e-08,4.38779947661663700e-08,3.64005701502378397e-06,4.25804536587099484e-09,0.00000000000000000e+00
3944,9.91363532918017834e-08,4.38379086303222898e-08,3.63782330882573683e-06,4.28134073890681631e-09,0.00000000000000000e+00
3945,9.90722181258524849e-08,4.38014701976141702e-08,3.63559115277489587e-06,4.30438779022495977e-09,0.00000000000000000e+00
3946,9.90072282153279655e-08,4.37686722232193017e-08,3.63336052916132302e-06,4.32723627775642480e-09,0.00000000000000000e+00
3947,9.89415857202107707e-08,4.37394469213820669e-08,3.63113141916080539e-06,4.34993607617182290e-09,0.00000000000000000e+00
3948,9.88755123590841941e-08,4.37136483930756486e-08,3.62890380534147141e-06,4.37253555074910273e-09,0.00000000000000000e+00
3949,9.88092287237711922e-08,4.36910811133042158e-08,3.62667767260779764e-06,4.39507329477015556e-09,0.00000000000000000e+00
3950,9.87429367884737932e-08,4.36715474073407980e-08,3.62445301122016218e-06,4.41757689345501468e-09,0.00000000000000000e+00
3951,9.86768095932135683e-08,4.36548071576419148e-08,3.62222981603095225e-06,4.44006772089320382e-09,0.00000000000000000e+00
3952,9.86109942705498806e-08,4.36405287483675074e-08,3.62000808272138869e-06,4.46256357084814750e-09,0.00000000000000000e+00
3953,9.85456127160779709e-08,4.36283053716245022e-08,3.61778780692015172e-06,4.48289431973350415e-09,0.00000000000000000e+00
3954,9.84074768144045054e-08,4.35408749198846418e-08,3.61557569965382240e-06,4.50716258286927561e-09,0.00000000000000000e+00
3955,9.84885015147310487e-08,4.36132469842164517e-08,3.61335476193826401e-06,4.52974142146785333e-09,0.00000000000000000e+00
3956,9.83880284992717020e-08,4.36087373823250322e-08,3.61113783969988657e-06,4.55243376059227865e-09,0.00000000000000000e+00
3957,9.83106508588407853e-08,4.35988573767135188e-08,3.60892316700761541e-06,4.57519694314519928e-09,0.00000000000000000e+00
3958,9.82388936633184818e-08,4.35888052139449068e-08,3.60671017515219010e-06,4.59801947594437396e-09,0.00000000000000000e+00
3959,9.81711275594217290e-08,4.35783721494353469e-08,3.60449861375899437e-06,4.62088314615317468e-09,0.00000000000000000e+00
3960,9.81066593041422544e-08,4.35669401620815640e-08,3.60228858740326519e-06,4.64380255905201861e-09,0.00000000000000000e+00
3961,9.80442551770160286e-08,4.35540380963406006e-08,3.60007999631069287e-06,4.66679421383049155e-09,0.00000000000000000e+00
3962,9.79839166782069315e-08,4.35393244856672392e-08,3.59787283466317706e-06,4.68986954851303771e-09,0.00000000000000000e+00
3963,9.79249677107185432e-08,4.35225389250912060e-08,3.59566712006268244e-06,4.71303420729696871e-09,0.00000000000000000e+00
3964,9.78668414608652841e-08,4.35034984997861946e-08,3.59346292970557006e-06,4.73630743290836216e-09,0.00000000000000000e+00
3965,9.78091539439978893e-08,4.34821266328293253e-08,3.59126011398744758e-06,4.75968244009958506e-09,0.00000000000000000e+00
3966,9.77521872518713920e-08,4.34583738526710972e-08,3.58905878091819605e-06,4.78314349674757791e-09,0.00000000000000000e+00
3967,9.76950461080708397e-08,4.34322622714559929e-08,3.58685895275141360e-06,4.80667491539708721e-09,0.00000000000000000e+00
3968,9.76377563725204105e-08,4.34038821097350422e-08,3.58466062611066386e-06,4.83026162395448292e-09,0.00000000000000000e+00
3969,9.75804557800990807e-08,4.33733858797311133e-08,3.58246379233489306e-06,4.85388870082854471e-09,0.00000000000000000e+00
3970,9.75232036714583708e-08,4.33409815000511891e-08,3.58026844343873112e-06,4.87754086333837005e-09,0.00000000000000000e+00
3971,9.74659761545341861e-08,4.33069241278049575e-08,3.57807457306382571e-06,4.90120218961663945e-09,0.00000000000000000e+00
3972,9.74087014486411744e-08,4.32715070238436899e-08,3.57588217598379422e-06,4.92485610372126378e-09,0.00000000000000000e+00
3973,9.73512917843773042e-08,4.32350516757084198e-08,3.57369124741737368e-06,4.94848556739561652e-09,0.00000000000000000e+00
3974,9.72936637181679414e-08,4.31978974401189060e-08,3.57150178256443558e-06,4.97207339991782625e-09,0.00000000000000000e+00
3975,9.72357481666202584e-08,4.31603909445798779e-08,3.56931377642376197e-06,4.99560265067825792e-09,0.00000000000000000e+00
3976,9.71774942165352934e-08,4.31228756098238370e-08,3.56712722381542790e-06,5.01905696156499257e-09,0.00000000000000000e+00
3977,9.71188695793761994e-08,4.30856815290728596e-08,3.56494211950793385e-06,5.04242087105913322e-09,0.00000000000000000e+00
3978,9.70598596341957774e-08,4.30491161038993719e-08,3.56275845839947925e-06,5.06568002561876649e-09,0.00000000000000000e+00
3979,9.70004659523977986e-08,4.30134558028262040e-08,3.56057623565937505e-06,5.08882127370095731e-09,0.00000000000000000e+00
3980,9.69407047508014473e-08,4.29789392881066444e-08,3.55839544682528738e-06,5.11183262337603490e-09,0.00000000000000000e+00
3981,9.68806051862855628e-08,4.29457623463738709e-08,3.55621608776024040e-06,5.13470305309940171e-09,0.00000000000000000e+00
3982,9.68202076247896197e-08,4.29140747128784266e-08,3.55403815441130596e-06,5.15742221610447782e-09,0.00000000000000000e+00
3983,9.67595616760567759e-08,4.28839788297047989e-08,3.55186164239011777e-06,5.17998028319071081e-09,0.00000000000000000e+00
3984,9.66987246578142332e-08,4.28555295646598323e-08,3.54968654662139966e-06,5.20236866133649797e-09,0.00000000000000000e+00
3985,9.66377608429835320e-08,4.28287317521017722e-08,3.54751284324256442e-06,5.22450892089665627e-09,0.00000000000000000e+00
3986,9.65767679414587710e-08,4.28066803422306835e-08,3.54534056636043893e-06,5.24648459503372184e-09,0.00000000000000000e+00
3987,9.65156833888191755e-08,4.27832120387877180e-08,3.54316970242722967e-06,5.26831171214717346e-09,0.00000000000000000e+00
3988,9.64546988966288857e-08,4.27608856788887558e-08,3.54100024781387733e-06,5.28999747447571903e-09,0.00000000000000000e+00
3989,9.63938870721828076e-08,4.27400753299660769e-08,3.53883221421895555e-06,5.31160819160211073e-09,0.00000000000000000e+00
3990,9.63332642705484755e-08,4.27169655775491207e-08,3.53666550977541683e-06,5.33304741897716676e-09,0.00000000000000000e+00
3991,9.62730968718603783e-08,4.26968331911985550e-08,3.53450031560612511e-06,5.35430480641925231e-09,0.00000000000000000e+00
3992,9.62127103723922346e-08,4.26777619373809688e-08,3.53233654008338111e-06,5.37538442631069980e-09,0.00000000000000000e+00
3993,9.61529665366863585e-08,4.26591684531317157e-08,3.53017416792878485e-06,5.39629227371733495e-09,0.00000000000000000e+00
3994,9.60938136399147536e-08,4.26407752866081781e-08,3.52801318313823282e-06,5.41702921286288601e-09,0.00000000000000000e+00
3995,9.60341672537653090e-08,4.26223489820351904e-08,3.52585365846434157e-06,5.43759948794456487e-09,0.00000000000000000e+00
3996,9.59752852024353677e-08,4.26037274003902949e-08,3.52369556026083090e-06,5.45801140701534720e-09,0.00000000000000000e+00
3997,9.59169997197766703e-08,4.25847332139262224e-08,3.52153888480989192e-06,5.47827290939502686e-09,0.00000000000000000e+00
3998,9.58591236024396580e-08,4.25652119035737022e-08,3.51938363596084851e-06,5.49839144341259884e-09,0.00000000000000000e+00
3999,9.58015257358745080e-08,4.25450375211911813e-08,3.51722981798065750e-06,5.51837427227002187e-09,0.00000000000000000e+00
4000,9.57441296806177920e-08,4.25241156440076907e-08,3.51507744730035667e-06,5.53823277665752340e-09,0.00000000000000000e+00
4001,9.56879313752945214e-08,4.25023971820021313e-08,3.51292647204972524e-06,5.55797613012195062e-09,0.00000000000000000e+00
4002,9.56313655013650666e-08,4.24798378367995368e-08,3.51077693680091253e-06,5.57760924308297003e-09,0.00000000000000000e+00
4003,9.55745504901957437e-08,4.24564443753611111e-08,3.50862884855975854e-06,5.59713848864294161e-09,0.00000000000000000e+00
4004,9.55176525449488279e-08,4.24322552103601735e-08,3.50648220378075361e-06,5.61657194104342313e-09,0.00000000000000000e+00
4005,9.54607772900992507e-08,4.24073356164218495e-08,3.50433705214175837e-06,5.63592815619776926e-09,0.00000000000000000e+00
4006,9.54040100917823544e-08,4.23817856692340840e-08,3.50219323625588583e-06,5.65522191475580242e-09,0.00000000000000000e+00
4007,9.53476685289612507e-08,4.23557056631741634e-08,3.50005085265094754e-06,5.67445793827253895e-09,0.00000000000000000e+00
4008,9.52909402604888862e-08,4.23292155326428653e-08,3.49790991740580404e-06,5.69364264059026696e-09,0.00000000000000000e+00
4009,9.52338813204006110e-08,4.23024459439582956e-08,3.49577042411929053e-06,5.71278464531309004e-09,0.00000000000000000e+00
4010,9.51766499756155826e-08,4.22755325881576860e-08,3.49363236284274502e-06,5.73189412696273438e-09,0.00000000000000000e+00
4011,9.51193344943579685e-08,4.22486114535949859e-08,3.49149572528362983e-06,5.75098200341888279e-09,0.00000000000000000e+00
4012,9.50619523553684171e-08,4.22218144201177269e-08,3.48936050539160597e-06,5.77005927369284040e-09,0.00000000000000000e+00
4013,9.50044829956899920e-08,4.21952653545402018e-08,3.48722669864537760e-06,5.78913654904473736e-09,0.00000000000000000e+00
4014,9.49468952050954486e-08,4.21690767410462123e-08,3.48509430126891630e-06,5.80822375582828315e-09,0.00000000000000000e+00
4015,9.48891623261000107e-08,4.21433469426537622e-08,3.48296330965652776e-06,5.82732999250624986e-09,0.00000000000000000e+00
4016,9.48312685272541769e-08,4.21181578518021869e-08,3.48083372010250890e-06,5.84646355364228591e-09,0.00000000000000000e+00
4017,9.47732097570111738e-08,4.20935728577961971e-08,3.47870552876078549e-06,5.86563214610794275e-09,0.00000000000000000e+00
4018,9.47149925056134568e-08,4.20696350918879059e-08,3.47657873182480037e-06,5.88484325847778890e-09,0.00000000000000000e+00
4019,9.46566316996479671e-08,4.20463661250001814e-08,3.47445330777153613e-06,5.90403556406354863e-09,0.00000000000000000e+00
4020,9.45981751683295844e-08,4.20269983418199034e-08,3.47232928840827722e-06,5.92328634258879734e-09,0.00000000000000000e+00
4021,9.45395190249488264e-08,4.20056536289807570e-08,3.47020665712077689e-06,5.94260926653600734e-09,0.00000000000000000e+00
4022,9.44808117386545391e-08,4.19845760882078925e-08,3.46808542377139380e-06,5.96208692183974891e-09,0.00000000000000000e+00
4023,9.44220642523638885e-08,4.19608146167363038e-08,3.46596555258828759e-06,5.98164582498751808e-09,0.00000000000000000e+00
4024,9.43634364210169615e-08,4.19399754418979478e-08,3.46384705404690105e-06,6.00127902282694057e-09,0.00000000000000000e+00
4025,9.43048237756433854e-08,4.19200906415989063e-08,3.46172992915913533e-06,6.02098320513511182e-09,0.00000000000000000e+00
4026,9.42462455980340443e-08,4.19006990864426032e-08,3.45961417717994490e-06,6.04075582879114788e-09,0.00000000000000000e+00
4027,9.41877322719005308e-08,4.18816521194631502e-08,3.45749979718417370e-06,6.06059427716558094e-09,0.00000000000000000e+00
4028,9.41293116263562197e-08,4.18628583701871570e-08,3.45538678830875147e-06,6.08049560230238246e-09,0.00000000000000000e+00
4029,9.40710083783122956e-08,4.18442323435284808e-08,3.45327508814911537e-06,6.10044093493411280e-09,0.00000000000000000e+00
4030,9.40128268918438227e-08,4.18256729574561408e-08,3.45116485529944497e-06,6.12042870649083056e-09,0.00000000000000000e+00
4031,9.39543954122618002e-08,4.18070985350892316e-08,3.44905599181347462e-06,6.14046181729156206e-09,0.00000000000000000e+00
4032,9.38965221354930547e-08,4.17884354431649709e-08,3.44694847885304547e-06,6.16054092930431144e-09,0.00000000000000000e+00
4033,9.38391175608852048e-08,4.17696122068243806e-08,3.44484231960069662e-06,6.18066402916065156e-09,0.00000000000000000e+00
4034,9.37819883108957754e-08,4.17505629606193909e-08,3.44273752065656470e-06,6.20082703864399871e-09,0.00000000000000000e+00
4035,9.37250123710889766e-08,4.17312294913447761e-08,3.44063408691065139e-06,6.22102451232362408e-09,0.00000000000000000e+00
4036,9.36681402487724983e-08,4.17115626579383633e-08,3.43853200376644912e-06,6.24124388783201132e-09,0.00000000000000000e+00
4037,9.36104182747083193e-08,4.16915111630586069e-08,3.43643132718197790e-06,6.26147920562543483e-09,0.00000000000000000e+00
4038,9.35532846062262997e-08,4.16710576813077331e-08,3.43433201810527961e-06,6.28172677251094300e-09,0.00000000000000000e+00
4039,9.34966130965035282e-08,4.16501867594588780e-08,3.43223408516283935e-06,6.30198786369111073e-09,0.00000000000000000e+00
4040,9.34412002392032759e-08,4.16289052572170802e-08,3.43013747401166680e-06,6.32225583340677507e-09,0.00000000000000000e+00
4041,9.33854297243288361e-08,4.16072026402319722e-08,3.42804222825562302e-06,6.34252067825315488e-09,0.00000000000000000e+00
4042,9.33293777998376537e-08,4.15850906817201809e-08,3.42594835713445681e-06,6.36277299461307236e-09,0.00000000000000000e+00
4043,9.32731832858010325e-08,4.15625908203371171e-08,3.42385585939083839e-06,6.38300441545211408e-09,0.00000000000000000e+00
4044,9.32169526260539410e-08,4.15397319295328218e-08,3.42176473166201392e-06,6.40320749358621802e-09,0.00000000000000000e+00
4045,9.31607398574477756e-08,4.15165498857270788e-08,3.41967497101958891e-06,6.42337549212173292e-09,0.00000000000000000e+00
4046,9.31045583609830986e-08,4.14930865403059131e-08,3.41758657545707529e-06,6.44350221758955381e-09,0.00000000000000000e+00
4047,9.30483984919660283e-08,4.14693884066283674e-08,3.41549954368866901e-06,6.46358191972273030e-09,0.00000000000000000e+00
4048,9.29922413960485357e-08,4.14455052462791146e-08,3.41341387483357903e-06,6.48360924487975106e-09,0.00000000000000000e+00
4049,9.29360671119028965e-08,4.14214887153586324e-08,3.41132956817158046e-06,6.50357922259915558e-09,0.00000000000000000e+00
4050,9.28798587065688479e-08,4.13973910485426829e-08,3.40924662299185212e-06,6.52348726822630414e-09,0.00000000000000000e+00
4051,9.28236036665574640e-08,4.13732638178713735e-08,3.40716503851354060e-06,6.54332919083465780e-09,0.00000000000000000e+00
4052,9.27672940430232855e-08,4.13491568052956026e-08,3.40508481383394977e-06,6.56310120179988275e-09,0.00000000000000000e+00
4053,9.27109261881399656e-08,4.13251169657382472e-08,3.40300594794188956e-06,6.58279992443640673e-09,0.00000000000000000e+00
4054,9.26545002692932584e-08,4.13011874948629757e-08,3.40092843970665233e-06,6.60242240923511831e-09,0.00000000000000000e+00
4055,9.25980198810398998e-08,4.12774070806628950e-08,3.39885228788926941e-06,6.62196616288547511e-09,0.00000000000000000e+00
4056,9.25414917488529239e-08,4.12538091738928684e-08,3.39677749114703731e-06,6.64142920173062815e-09,0.00000000000000000e+00
4057,9.24849253509301869e-08,4.12304214686778330e-08,3.39470404808669906e-06,6.66081013932053738e-09,0.00000000000000000e+00
4058,9.24283326294604501e-08,4.12072653249062493e-08,3.39263193901911780e-06,6.68004054502638362e-09,0.00000000000000000e+00
4059,9.23717619259416977e-08,4.11873714404752835e-08,3.39056119744950381e-06,6.69919333209840176e-09,0.00000000000000000e+00
4060,9.23150903531484294e-08,4.11649972977637064e-08,3.38849180900648285e-06,6.71827651690152483e-09,0.00000000000000000e+00
4061,9.22584570086244578e-08,4.11423930305041065e-08,3.38642377004147108e-06,6.73729321051788624e-09,0.00000000000000000e+00
4062,9.22018844894973195e-08,4.11200034332679582e-08,3.38435708204596902e-06,6.75621087749802181e-09,0.00000000000000000e+00
4063,9.21452795535946899e-08,4.10952850335445627e-08,3.38229173887186551e-06,6.77506748816090085e-09,0.00000000000000000e+00
4064,9.20888950323095965e-08,4.10730763454470261e-08,3.38022772495378539e-06,6.79386384596285644e-09,0.00000000000000000e+00
4065,9.20316809508202289e-08,4.10514980870810301e-08,3.37816509424809120e-06,6.81260150730465899e-09,0.00000000000000000e+00
4066,9.19750369345912058e-08,4.10301644154021132e-08,3.37610380812164834e-06,6.83128492531800331e-09,0.00000000000000000e+00
4067,9.19188505093962997e-08,4.10089674784925908e-08,3.37404385838298115e-06,6.84991769196828837e-09,0.00000000000000000e+00
4068,9.18629639918958884e-08,4.09878681340699900e-08,3.37198524209813777e-06,6.86853502810024193e-09,0.00000000000000000e+00
4069,9.18073697752022881e-08,4.09696775693518585e-08,3.36992796720055838e-06,6.88709971444280287e-09,0.00000000000000000e+00
4070,9.17517616947460251e-08,4.09494713839493672e-08,3.36787203280118026e-06,6.90561188309237729e-09,0.00000000000000000e+00
4071,9.16962639090128929e-08,4.09289069120107424e-08,3.36581743984558693e-06,6.92407403957254476e-09,0.00000000000000000e+00
4072,9.16408709825196107e-08,4.09083014596555229e-08,3.36376418840198870e-06,6.94248946820777547e-09,0.00000000000000000e+00
4073,9.15855751079483708e-08,4.08877058139737051e-08,3.36171227796652251e-06,6.96086172372360037e-09,0.00000000000000000e+00
4074,9.15303737921385579e-08,4.08671147542458227e-08,3.35966170785327547e-06,6.97919446628328687e-09,0.00000000000000000e+00
4075,9.14752646611419535e-08,4.08465102213069495e-08,3.35761247735643876e-06,6.99749140636768932e-09,0.00000000000000000e+00
4076,9.14202430238571085e-08,4.08258720506169386e-08,3.35556458583392667e-06,7.01575628289808782e-09,0.00000000000000000e+00
4077,9.13653013974855013e-08,4.08051817985517809e-08,3.35351803267815272e-06,7.03399284885911580e-09,0.00000000000000000e+00
4078,9.13104301276731304e-08,4.07844245033787096e-08,3.35147284770266368e-06,7.05227327505226117e-09,0.00000000000000000e+00
4079,9.12565911353591272e-08,4.07602357520360395e-08,3.34942894777500861e-06,7.07053105277236149e-09,0.00000000000000000e+00
4080,9.12023840621483972e-08,4.07385166799561116e-08,3.34738638489493104e-06,7.08876138219997388e-09,0.00000000000000000e+00
4081,9.11478399885645575e-08,4.07172589285752501e-08,3.34534516756970337e-06,7.10696564204346650e-09,0.00000000000000000e+00
4082,9.10931259481283650e-08,4.06960537818508267e-08,3.34330527500210996e-06,7.12508585711870329e-09,0.00000000000000000e+00
4083,9.10383965916168504e-08,4.06781665734757378e-08,3.34126673736055739e-06,7.14319450756399823e-09,0.00000000000000000e+00
4084,9.09835695507756045e-08,4.06575989288336157e-08,3.33922953760659337e-06,7.16130232051661448e-09,0.00000000000000000e+00
4085,9.09287800045995105e-08,4.06364704313236011e-08,3.33719367037201953e-06,7.17941463776730068e-09,0.00000000000000000e+00
4086,9.08740217585244699e-08,4.06152232374544421e-08,3.33515913337828634e-06,7.19753466070700341e-09,0.00000000000000000e+00
4087,9.08192704311033751e-08,4.05939542242420446e-08,3.33312592524224235e-06,7.21566462074097287e-09,0.00000000000000000e+00
4088,9.07645042008201363e-08,4.05726939258250176e-08,3.33109404478504428e-06,7.23380623031600556e-09,0.00000000000000000e+00
4089,9.07097067124988782e-08,4.05514628398665376e-08,3.32906349080536437e-06,7.25196086620968286e-09,0.00000000000000000e+00
4090,9.06548671493840350e-08,4.05302808367040782e-08,3.32703426200072639e-06,7.27012964569502028e-09,0.00000000000000000e+00
4091,9.05999795513708367e-08,4.05091673355541329e-08,3.32500635697089003e-06,7.28831345717459519e-09,0.00000000000000000e+00
4092,9.05450420201788937e-08,4.04881403300123179e-08,3.32297977421492645e-06,7.30651297083267932e-09,0.00000000000000000e+00
4093,9.04900559717931441e-08,4.04672156478305843e-08,3.32095451218194332e-06,7.32472864101169145e-09,0.00000000000000000e+00
4094,9.04350253563853408e-08,4.04464065471340906e-08,3.31893056926085770e-06,7.34296070608110746e-09,0.00000000000000000e+00
4095,9.03799562671669684e-08,4.04257235487349443e-08,3.31690794382524649e-06,7.36120918894454604e-09,0.00000000000000000e+00
4096,9.03248564195906912e-08,4.04051742964551517e-08,3.31488663422507934e-06,7.37947389971920274e-09,0.00000000000000000e+00
4097,9.02697347974394742e-08,4.03847635056992708e-08,3.31286663882003120e-06,7.39775444115500464e-09,0.00000000000000000e+00
4098,9.02146013451620740e-08,4.03644929662077777e-08,3.31084795597366027e-06,7.41605021642142889e-09,0.00000000000000000e+00
4099,9.01594667053383011e-08,4.03443616122813391e-08,3.30883058408744807e-06,7.43436043807344244e-09,0.00000000000000000e+00
4100,9.01043418924552514e-08,4.03243657008712760e-08,3.30681452159569105e-06,7.45268413668502095e-09,0.00000000000000000e+00
4101,9.00492379667503215e-08,4.03044990411010810e-08,3.30479976699308080e-06,7.47102016836488380e-09,0.00000000000000000e+00
4102,8.99941658929969202e-08,4.02847531607915667e-08,3.30278631885749135e-06,7.48936722184109330e-09,0.00000000000000000e+00
4103,8.99391360398381293e-08,4.02651174424478960e-08,3.30077417585036670e-06,7.50772382696560797e-09,0.00000000000000000e+00
4104,8.98841581371851816e-08,4.02455791376690491e-08,3.29876335359063398e-06,7.52616590690000878e-09,0.00000000000000000e+00
4105,8.98292112314293604e-08,4.02228969569661197e-08,3.29675381806246774e-06,7.54461246189369628e-09,0.00000000000000000e+00
4106,8.97744463173442656e-08,4.02025836082580475e-08,3.29474556704137777e-06,7.56304970143103462e-09,0.00000000000000000e+00
4107,8.97187983877406269e-08,4.01827533437619364e-08,3.29273864935691317e-06,7.58147458261482670e-09,0.00000000000000000e+00
4108,8.96637206832608522e-08,4.01630239397199356e-08,3.29073303099842131e-06,7.59988824281887304e-09,0.00000000000000000e+00
4109,8.96090538374914774e-08,4.01433134165369765e-08,3.28872870501188409e-06,7.61829180578718006e-09,0.00000000000000000e+00
4110,8.95546327306841562e-08,4.01235969081468040e-08,3.28672567231419223e-06,7.63668565138009365e-09,0.00000000000000000e+00
4111,8.95003449480826324e-08,4.01038586409544509e-08,3.28472393505689243e-06,7.65506944284808180e-09,0.00000000000000000e+00
4112,8.94461320164590493e-08,4.00840836267958049e-08,3.28272349471965129e-06,7.67344232337149917e-09,0.00000000000000000e+00
4113,8.93919715535997815e-08,4.00642576179529262e-08,3.28072435186916562e-06,7.69180310027322314e-09,0.00000000000000000e+00
4114,8.93378596961474549e-08,4.00443681483065116e-08,3.27872650638565141e-06,7.71015037471159232e-09,0.00000000000000000e+00
4115,8.92837992251858327e-08,4.00244050827927937e-08,3.27672995777486197e-06,7.72848262110681673e-09,0.00000000000000000e+00
4116,8.92297933538881444e-08,4.00043609316456369e-08,3.27473470536379236e-06,7.74679823226255853e-09,0.00000000000000000e+00
4117,8.91758432440918172e-08,3.99842307890809876e-08,3.27274074843463805e-06,7.76509554521888967e-09,0.00000000000000000e+00
4118,8.91219475819598249e-08,3.99640122818731396e-08,3.27074808627093114e-06,7.78337285856011151e-09,0.00000000000000000e+00
4119,8.90681031367097052e-08,3.99437054660177005e-08,3.26875671818696628e-06,7.80162844753740142e-09,0.00000000000000000e+00
4120,8.90143054144814513e-08,3.99233126582996266e-08,3.26676664350242312e-06,7.81986058006943728e-09,0.00000000000000000e+00
4121,8.89605494337488071e-08,3.99028383110531809e-08,3.26477786155301565e-06,7.83806753457621954e-09,0.00000000000000000e+00
4122,8.89068300677780631e-08,3.98822888315895367e-08,3.26279037164975837e-06,7.85624761940919802e-09,0.00000000000000000e+00
4123,8.88531424793884416e-08,3.98616723356943816e-08,3.26080417311074826e-06,7.87439919304742760e-09,0.00000000000000000e+00
4124,8.87994822808626536e-08,3.98409984077888836e-08,3.25881926520994383e-06,7.89252068415979337e-09,0.00000000000000000e+00
4125,8.87458456305223788e-08,3.98202778184545660e-08,3.25683564719764045e-06,7.91061061075909235e-09,0.00000000000000000e+00
4126,8.86922293545445076e-08,3.97995221855748657e-08,3.25485331829232316e-06,7.92866759799127061e-09,0.00000000000000000e+00
4127,8.86386309821978443e-08,3.97787436675564819e-08,3.25287227768173948e-06,7.94669039448237662e-09,0.00000000000000000e+00
4128,8.85850487708277596e-08,3.97579546075742214e-08,3.25089252451747790e-06,7.96467788743912384e-09,0.00000000000000000e+00
4129,8.85314817564469540e-08,3.97371672105525953e-08,3.24891405794072749e-06,7.98262911686575970e-09,0.00000000000000000e+00
4130,8.84779297459748099e-08,3.97163932229951075e-08,3.24693685902723949e-06,8.00047528166775010e-09,0.00000000000000000e+00
4131,8.84244294310894173e-08,3.96986685373285423e-08,3.24496096148939447e-06,8.01828665517499307e-09,0.00000000000000000e+00
4132,8.83708377361680162e-08,3.96784290869409514e-08,3.24298635087032926e-06,8.03606856413474433e-09,0.00000000000000000e+00
4133,8.83172843030655237e-08,3.96577429155001761e-08,3.24101302346163157e-06,8.05382173901555674e-09,0.00000000000000000e+00
4134,8.82637761101293678e-08,3.96370253081287925e-08,3.23904097789800794e-06,8.07154557481336794e-09,0.00000000000000000e+00
4135,8.82103090657033031e-08,3.96163543221374783e-08,3.23707021330976603e-06,8.08923924220651917e-09,0.00000000000000000e+00
4136,8.81568813645891641e-08,3.95957435363229916e-08,3.23510072890403768e-06,8.10690205640364397e-09,0.00000000000000000e+00
4137,8.81034931974566346e-08,3.95751963090248681e-08,3.23313252386886516e-06,8.12453357956524099e-09,0.00000000000000000e+00
4138,8.80501460344138083e-08,3.95547149313986073e-08,3.23116560110228910e-06,8.14209900629109354e-09,0.00000000000000000e+00
4139,8.79967393736657888e-08,3.95316715515012632e-08,3.22919995265965292e-06,8.15963457190173265e-09,0.00000000000000000e+00
4140,8.79435136091854374e-08,3.95108976543534187e-08,3.22723558141441468e-06,8.17714301295508136e-09,0.00000000000000000e+00
4141,8.78903201320334421e-08,3.94906555745816154e-08,3.22527248633577508e-06,8.19462512764069465e-09,0.00000000000000000e+00
4142,8.78371640014636666e-08,3.94705702284580126e-08,3.22331066635717014e-06,8.21208123639662401e-09,0.00000000000000000e+00
4143,8.77840585513811386e-08,3.94505527707824290e-08,3.22135012058897217e-06,8.22951163550623949e-09,0.00000000000000000e+00
4144,8.77310105905978416e-08,3.94305787872593562e-08,3.21939084819130100e-06,8.24550511553949035e-09,0.00000000000000000e+00
4145,8.76147466749991519e-08,3.93366073254706239e-08,3.21743885171927910e-06,8.26397493996221939e-09,0.00000000000000000e+00
4146,8.76921485502550848e-08,3.93921342508838626e-08,3.21547895734122613e-06,8.28129600126114924e-09,0.00000000000000000e+00
4147,8.76044903766894736e-08,3.93766430319729505e-08,3.21352261281854394e-06,8.29864154527789831e-09,0.00000000000000000e+00
4148,8.75384542010315491e-08,3.93557422040370970e-08,3.21156824235067257e-06,8.31453343310930245e-09,0.00000000000000000e+00
4149,8.74137150526191586e-08,3.92605571240233493e-08,3.20962131925788393e-06,8.33294089457436049e-09,0.00000000000000000e+00
4150,8.74857395854231814e-08,3.93159089219417253e-08,3.20766655362048373e-06,8.35018466176949182e-09,0.00000000000000000e+00
4151,8.73950657014171908e-08,3.93002500870334574e-08,3.20571530097478594e-06,8.36599226329617589e-09,0.00000000000000000e+00
4152,8.72637538893026148e-08,3.92045162746226636e-08,3.20377194807187458e-06,8.38435450655026428e-09,0.00000000000000000e+00
4153,8.73328174171388216e-08,3.92596219753355726e-08,3.20182092294744560e-06,8.40008614098790290e-09,0.00000000000000000e+00
4154,8.71728248153187558e-08,3.91689565203501445e-08,3.19987938392405611e-06,8.41841765505990811e-09,0.00000000000000000e+00
4155,8.72382432476596867e-08,3.92237482872123024e-08,3.19793070297929556e-06,8.43411954885606100e-09,0.00000000000000000e+00
4156,8.70731606736216253e-08,3.91322716515967637e-08,3.19599163117050880e-06,8.45243490430379741e-09,0.00000000000000000e+00
4157,8.71358679402932608e-08,3.91870143563340918e-08,3.19404545857615327e-06,8.46810869048103219e-09,0.00000000000000000e+00
4158,8.69690698285656321e-08,3.90950988070045973e-08,3.19210887748204753e-06,8.48493093665193025e-09,0.00000000000000000e+00
4159,8.69486810196254233e-08,3.90756953110026825e-08,3.19017109965442385e-06,8.50170837726318590e-09,0.00000000000000000e+00
4160,8.69155988838075640e-08,3.90601401351565065e-08,3.18823387140405798e-06,8.51995397365767380e-09,0.00000000000000000e+00
4161,8.69602452365700366e-08,3.91184957839691959e-08,3.18629183718204879e-06,8.53559779696772492e-09,0.00000000000000000e+00
4162,8.67754389269167123e-08,3.90246649951884454e-08,3.18435998975213728e-06,8.55239987741924926e-09,0.00000000000000000e+00
4163,8.67473634810783933e-08,3.90040837192017918e-08,3.18242712895040946e-06,8.56915608297272760e-09,0.00000000000000000e+00
4164,8.67091722708579500e-08,3.89879267835017781e-08,3.18049483231581007e-06,8.58590218043989019e-09,0.00000000000000000e+00
4165,8.66651717140844562e-08,3.89713027726970536e-08,3.17856358361312742e-06,8.60264836965816786e-09,0.00000000000000000e+00
4166,8.66174060803453145e-08,3.89541802714993022e-08,3.17663352806712977e-06,8.61939491479084410e-09,0.00000000000000000e+00
4167,8.65671751789424696e-08,3.89367865771567734e-08,3.17470469736980004e-06,8.63613947748376339e-09,0.00000000000000000e+00
4168,8.65155223359317235e-08,3.89192458903387653e-08,3.17277708736400217e-06,8.65287994779946175e-09,0.00000000000000000e+00
4169,8.64631800187346375e-08,3.89016193061486181e-08,3.17085068648101354e-06,8.66961515664119470e-09,0.00000000000000000e+00
4170,8.64105820447304313e-08,3.88839388797809808e-08,3.16892548515716894e-06,8.68634476485618766e-09,0.00000000000000000e+00
4171,8.63579448568518790e-08,3.88662224278532526e-08,3.16700147776568653e-06,8.70306894281802573e-09,0.00000000000000000e+00
4172,8.63053551470833619e-08,3.88484799683303636e-08,3.16507866191888673e-06,8.71978807995266900e-09,0.00000000000000000e+00
4173,8.62528349919932972e-08,3.88307170405057686e-08,3.16315703727943697e-06,8.73650258566725063e-09,0.00000000000000000e+00
4174,8.62003808470155232e-08,3.88129365238636241e-08,3.16123660003498342e-06,8.75325108379977656e-09,0.00000000000000000e+00
4175,8.61480893233253702e-08,3.87978115700266346e-08,3.15931735885367882e-06,8.76999138305108482e-09,0.00000000000000000e+00
4176,8.60957135207275829e-08,3.87805800668182934e-08,3.15739931179875480e-06,8.78672124650132133e-09,0.00000000000000000e+00
4177,8.60433931272448440e-08,3.87629071467245836e-08,3.15548246019270086e-06,8.80344059662593125e-09,0.00000000000000000e+00
4178,8.59911257310936936e-08,3.87451350173626936e-08,3.15356680519885405e-06,8.82014986935625416e-09,0.00000000000000000e+00
4179,8.59389026068411921e-08,3.87273381121841092e-08,3.15165234771297757e-06,8.83684948958544535e-09,0.00000000000000000e+00
4180,8.58867215083697995e-08,3.87095323529288145e-08,3.14973908850611321e-06,8.85353971058388339e-09,0.00000000000000000e+00
4181,8.58345836672743149e-08,3.86917185811982703e-08,3.14782702827755360e-06,8.87022058084735607e-09,0.00000000000000000e+00
4182,8.57824912805273077e-08,3.86738930343724465e-08,3.14591616768372977e-06,8.88689195949174854e-09,0.00000000000000000e+00
4183,8.57304464178643855e-08,3.86560505408765032e-08,3.14400650734483461e-06,8.90355355147158473e-09,0.00000000000000000e+00
4184,8.56784506787225235e-08,3.86381856513460168e-08,3.14209804783076797e-06,8.92020495041422206e-09,0.00000000000000000e+00
4185,8.56265051843347716e-08,3.86202930150965575e-08,3.14019078969095099e-06,8.93684568227124274e-09,0.00000000000000000e+00
4186,8.55746106134989079e-08,3.86023675152695227e-08,3.13828473343371568e-06,8.95347524482758433e-09,0.00000000000000000e+00
4187,8.55227671765605299e-08,3.85844043249606760e-08,3.13637987953750521e-06,8.97009313914893653e-09,0.00000000000000000e+00
4188,8.54709746391892830e-08,3.85663989856591375e-08,3.13447622845244643e-06,8.98669889025771951e-09,0.00000000000000000e+00
4189,8.54192322831756344e-08,3.85483474320693130e-08,3.13257378060240141e-06,9.00329205589019191e-09,0.00000000000000000e+00
4190,8.53675389293236461e-08,3.85302461637148926e-08,3.13067253637535148e-06,9.01987222394085818e-09,0.00000000000000000e+00
4191,8.53158930489999859e-08,3.85120922758117854e-08,3.12877249613239779e-06,9.03643900076545305e-09,0.00000000000000000e+00
4192,8.52642928237586280e-08,3.84938835927348360e-08,3.12687366018660245e-06,9.05299199365508381e-09,0.00000000000000000e+00
4193,8.52127363250370403e-08,3.84756187295798422e-08,3.12497602880295506e-06,9.06953079128922779e-09,0.00000000000000000e+00
4194,8.51612216076974601e-08,3.84572971422543563e-08,3.12307960219925065e-06,9.08605494586549445e-09,0.00000000000000000e+00
4195,8.51097468902966680e-08,3.84389191547774983e-08,3.12118438052487451e-06,9.10070404590676691e-09,0.00000000000000000e+00
4196,8.49681046648306582e-08,3.84142109844624248e-08,3.11929645632184308e-06,9.11838344162640761e-09,0.00000000000000000e+00
4197,8.50377672961693568e-08,3.84024342000426013e-08,3.11740004345060443e-06,9.13483606233522361e-09,0.00000000000000000e+00
4198,8.49859902850471216e-08,3.83848360928383943e-08,3.11550742953797457e-06,9.15131956173452361e-09,0.00000000000000000e+00
4199,8.49251179103752113e-08,3.83659349029288828e-08,3.11361688793315766e-06,9.16592438113570098e-09,0.00000000000000000e+00
4200,8.47746443066909189e-08,3.83404061230803938e-08,3.11173381258276676e-06,9.18355607610553027e-09,0.00000000000000000e+00
4201,8.48370666314286599e-08,3.83282299132887058e-08,3.10984236701407167e-06,9.19994784186766852e-09,0.00000000000000000e+00
4202,8.47818235174002068e-08,3.83102995505381594e-08,3.10795464938217900e-06,9.21448996418998777e-09,0.00000000000000000e+00
4203,8.46311893679740708e-08,3.82846383921918441e-08,3.10607489568472946e-06,9.23207112011655179e-09,0.00000000000000000e+00
4204,8.46886216573198544e-08,3.82722754721479027e-08,3.10418708078335809e-06,9.24656255608498910e-09,0.00000000000000000e+00
4205,8.45449010989069439e-08,3.82476883482424548e-08,3.10230880363178937e-06,9.26409230139695990e-09,0.00000000000000000e+00
4206,8.45961111287991724e-08,3.82352147222488740e-08,3.10042330729009009e-06,9.27854216195330451e-09,0.00000000000000000e+00
4207,8.44481327454700625e-08,3.82103451204025010e-08,3.09854742852545324e-06,9.29604449838261734e-09,0.00000000000000000e+00
4208,8.44960634716010067e-08,3.81977907950400415e-08,3.09666437617113611e-06,9.31043544993189094e-09,0.00000000000000000e+00
4209,8.43463057872304369e-08,3.81727832709589650e-08,3.09479091376997112e-06,9.32607981191689253e-09,0.00000000000000000e+00
4210,8.43126562621663767e-08,3.81539700966722697e-08,3.09291579196699342e-06,9.34346733458312911e-09,0.00000000000000000e+00
4211,8.43577096330200245e-08,3.81421792076441506e-08,3.09103571070163918e-06,9.35774645331238642e-09,0.00000000000000000e+00
4212,8.42041870676537995e-08,3.81144504630022421e-08,3.08916562630515001e-06,9.37327932930779689e-09,0.00000000000000000e+00
4213,8.41649295527722788e-08,3.80949891257338133e-08,3.08729410469433140e-06,9.38875412406423739e-09,0.00000000000000000e+00
4214,8.41275826483812778e-08,3.80768696726894117e-08,3.08542305474768585e-06,9.40420674227297496e-09,0.00000000000000000e+00
4215,8.40854125327047517e-08,3.80587327069648767e-08,3.08355308368043868e-06,9.41964314749436128e-09,0.00000000000000000e+00
4216,8.40386657726006861e-08,3.80404337312523090e-08,3.08168434006084663e-06,9.43506011482247182e-09,0.00000000000000000e+00
4217,8.39891985701150620e-08,3.80220223134134418e-08,3.07981682666347538e-06,9.45045377008689182e-09,0.00000000000000000e+00
4218,8.39385478945261302e-08,3.80035584525316720e-08,3.07795051511958387e-06,9.46582192887342055e-09,0.00000000000000000e+00
4219,8.38875759413930760e-08,3.79850816344959778e-08,3.07608538166642761e-06,9.48116406749037424e-09,0.00000000000000000e+00
4220,8.38366431909893201e-08,3.79666123562313135e-08,3.07422141325806616e-06,9.49648072894306833e-09,0.00000000000000000e+00
4221,8.37858452840941890e-08,3.79481590935274700e-08,3.07235860484762649e-06,9.51177300526016047e-09,0.00000000000000000e+00
4222,8.37351740307215253e-08,3.79297240273674964e-08,3.07049695565952372e-06,9.52704221876412742e-09,0.00000000000000000e+00
4223,8.36845974113961652e-08,3.79113065971577111e-08,3.06863646663946633e-06,9.54228975385038437e-09,0.00000000000000000e+00
4224,8.36340886433550288e-08,3.78929053480266012e-08,3.06677713916513478e-06,9.55751696886730751e-09,0.00000000000000000e+00
4225,8.35836313472931309e-08,3.78745187828441207e-08,3.06491897453031556e-06,9.57122036252089073e-09,0.00000000000000000e+00
4226,8.34929945073695028e-08,3.78451347672595320e-08,3.06306247619697771e-06,9.58727632542772442e-09,0.00000000000000000e+00
4227,8.34979491678433616e-08,3.78365579606016799e-08,3.06120522569218708e-06,9.60093276409672628e-09,0.00000000000000000e+00
4228,8.34085784448759649e-08,3.78090121733128690e-08,3.05935086218871061e-06,9.61699175670171396e-09,0.00000000000000000e+00
4229,8.34068046692584307e-08,3.78005964070564322e-08,3.05749608202658659e-06,9.63061872357263201e-09,0.00000000000000000e+00
4230,8.33114082324679757e-08,3.77727680147065523e-08,3.05564423277043571e-06,9.64512202749846193e-09,0.00000000000000000e+00
4231,8.32673392705478416e-08,3.77529335057346555e-08,3.05379253688626234e-06,9.65960968592233373e-09,0.00000000000000000e+00
4232,8.32265624618599420e-08,3.77349922290616087e-08,3.05194180429373957e-06,9.67409605271172914e-09,0.00000000000000000e+00
4233,8.31821493208729362e-08,3.77171779596121952e-08,3.05009229738283320e-06,9.68858188546379529e-09,0.00000000000000000e+00
4234,8.31343539790363536e-08,3.76992583310776854e-08,3.04824405926133734e-06,9.70306471278112834e-09,0.00000000000000000e+00
4235,8.30847334383197013e-08,3.76812584798936710e-08,3.04639706783502691e-06,9.71754313121200076e-09,0.00000000000000000e+00
4236,8.30344477261239384e-08,3.76632255657680273e-08,3.04455129492807808e-06,9.73074721155228208e-09,0.00000000000000000e+00
4237,8.29599791095318418e-08,3.76466845955776161e-08,3.04270811834999371e-06,9.74461031818530811e-09,0.00000000000000000e+00
4238,8.29165171092355217e-08,3.76298996777915005e-08,3.04086498862918838e-06,9.75850002001143561e-09,0.00000000000000000e+00
4239,8.28753374440163361e-08,3.76121976103000229e-08,3.03902282688567760e-06,9.77241747290322791e-09,0.00000000000000000e+00
4240,8.28301927461907131e-08,3.75942484051304046e-08,3.03718189801876908e-06,9.78175088419093192e-09,0.00000000000000000e+00
4241,8.27078982414084290e-08,3.75649297700747495e-08,3.03534541310786654e-06,9.79927808615053146e-09,0.00000000000000000e+00
4242,8.27766410774621246e-08,3.75540993687653576e-08,3.03350246545506357e-06,9.80798326686986353e-09,0.00000000000000000e+00
4243,8.26316582022367909e-08,3.75279651254172856e-08,3.03166874238769675e-06,9.82439005098749177e-09,0.00000000000000000e+00
4244,8.26643541537361543e-08,3.75196751283623177e-08,3.02982975770357864e-06,9.83376699610678586e-09,0.00000000000000000e+00
4245,8.25382466771923857e-08,3.74927343757744855e-08,3.02799767807549044e-06,9.84551026865112073e-09,0.00000000000000000e+00
4246,8.25012975788049271e-08,3.74728484010996990e-08,3.02616397443692236e-06,9.85730725642102890e-09,0.00000000000000000e+00
4247,8.24686737917339253e-08,3.74549833127820149e-08,3.02433105913515100e-06,9.86916107147265392e-09,0.00000000000000000e+00
4248,8.24269260742092815e-08,3.74370492426884840e-08,3.02249949094635552e-06,9.88054406563666696e-09,0.00000000000000000e+00
4249,8.23771819501980714e-08,3.74221998481526088e-08,3.02066929244501473e-06,9.89213352030158282e-09,0.00000000000000000e+00
4250,8.23274722329475583e-08,3.74051783993871853e-08,3.01884030238352009e-06,9.90375072458240870e-09,0.00000000000000000e+00
4251,8.22776440944825511e-08,3.73870977818596882e-08,3.01701251532622103e-06,9.91538015909479395e-09,0.00000000000000000e+00
4252,8.22276976274025711e-08,3.73688721710385978e-08,3.01518592207000422e-06,2.47720213149810925e-10,0.00000000000000000e+00
4253,2.73732544417206416e-07,2.19852084462135818e-07,3.01914263196170319e-06,1.73209226833155762e-09,0.00000000000000000e+00
4254,1.87960866202180638e-07,1.76026515028067766e-07,3.01730317877113306e-06,2.10016853954966582e-09,0.00000000000000000e+00
4255,1.50542652397713370e-07,1.37923108153485843e-07,3.01454784674325174e-06,1.18564017371655205e-09,0.00000000000000000e+00
4256,1.25086440640850590e-07,1.05794164677053645e-07,3.01134079876363858e-06,8.86404687238925053e-10,0.00000000000000000e+00
4257,1.15860588811794996e-07,8.58132935524814548e-08,3.00892776802944460e-06,3.01969828108978483e-10,0.00000000000000000e+00
4258,1.03435457674069113e-07,6.77890072786162791e-08,3.00635473738390175e-06,1.01091180352601321e-09,0.00000000000000000e+00
4259,9.58901957213888176e-08,5.61504203118873165e-08,3.00408025716947310e-06,1.57194790586591501e-09,0.00000000000000000e+00
4260,9.12486342901391795e-08,4.97061527140673934e-08,3.00198100606861405e-06,1.94063770885816357e-09,0.00000000000000000e+00
4261,8.94058477479512956e-08,4.60942102238125908e-08,2.99997993946860768e-06,2.32544546197267698e-09,0.00000000000000000e+00
4262,8.66488133255117644e-08,4.50840475000608893e-08,2.99803560706917085e-06,2.43840205961032250e-09,0.00000000000000000e+00
4263,8.59372952464511928e-08,4.38080022105726536e-08,2.99613564482677755e-06,3.25599925858140876e-09,0.00000000000000000e+00
4264,1.02966271274380694e-07,5.83847913408738108e-08,2.99426054629803669e-06,3.13240673502023571e-09,0.00000000000000000e+00
4265,9.88837853239548726e-08,5.34637090093064946e-08,2.99238026340745166e-06,2.40595426523508414e-09,0.00000000000000000e+00
4266,9.16452569336866676e-08,4.83422975778112830e-08,2.99065597510019349e-06,2.80253589044663433e-09,0.00000000000000000e+00
4267,8.42605762141953092e-08,4.39138058829807338e-08,2.98875847465221749e-06,2.91396252691579012e-09,0.00000000000000000e+00
4268,8.23163405884805969e-08,3.92786537856148223e-08,2.98691345153034461e-06,2.98601473885281809e-09,0.00000000000000000e+00
4269,8.24153327207943733e-08,3.89063508474625685e-08,2.98507109772977107e-06,3.04107125791157859e-09,0.00000000000000000e+00
4270,8.21060427458747282e-08,3.84195040341289989e-08,2.98324887342717801e-06,3.07904885946103881e-09,0.00000000000000000e+00
4271,8.17864394333207803e-08,3.80641814834986790e-08,2.98143421711238378e-06,3.12709107811942810e-09,0.00000000000000000e+00
4272,8.18290186056079739e-08,3.79311188675884469e-08,2.97961468548358089e-06,3.16815885449856344e-09,0.00000000000000000e+00
4273,8.17126247633200039e-08,3.78408061172701619e-08,2.97780198273087623e-06,3.20861616784850005e-09,0.00000000000000000e+00
4274,8.15804907697593464e-08,3.77743225527076209e-08,2.97599301756178396e-06,3.24878320239277358e-09,0.00000000000000000e+00
4275,8.14593884709216582e-08,3.77145811094258432e-08,2.97418636940519879e-06,3.29149059291194885e-09,0.00000000000000000e+00
4276,8.14471695927696233e-08,3.77287081296667081e-08,2.97237597290790941e-06,3.33065752082382709e-09,0.00000000000000000e+00
4277,8.13023219859573708e-08,3.76554068307458196e-08,2.97056998595396181e-06,3.36889169606728151e-09,0.00000000000000000e+00
4278,8.12096014697191091e-08,3.75715548191322087e-08,2.96876618310700027e-06,3.40608388542352033e-09,0.00000000000000000e+00
4279,8.11401413398600249e-08,3.74898891406480486e-08,2.96696390058106847e-06,3.44217974778783710e-09,0.00000000000000000e+00
4280,8.10847748416880124e-08,3.74163589241491998e-08,2.96516294886819041e-06,3.47716229510908982e-09,0.00000000000000000e+00
4281,8.10375001450401252e-08,3.73544272022187651e-08,2.96336329601863401e-06,3.51104607220883720e-09,0.00000000000000000e+00
4282,8.09943566368039207e-08,3.73047636342973827e-08,2.96156497819233827e-06,3.54387817086113212e-09,0.00000000000000000e+00
4283,8.09528599953855154e-08,3.72653086475097792e-08,2.95976807192645195e-06,3.57573542716473010e-09,0.00000000000000000e+00
4284,8.09113056913456019e-08,3.72321649576027404e-08,2.95797267272061398e-06,3.60671332330680892e-09,0.00000000000000000e+00
4285,8.08682956299364620e-08,3.72009396460971582e-08,2.95617886883405361e-06,3.63690923046482555e-09,0.00000000000000000e+00
4286,8.08226003502308390e-08,3.71680328689538979e-08,2.95438671666523059e-06,3.66640593569428510e-09,0.00000000000000000e+00
4287,8.07732420187238444e-08,3.71314846234663090e-08,2.95259622655015338e-06,3.69526074739912345e-09,0.00000000000000000e+00
4288,8.07196300312673795e-08,3.70912086340059390e-08,2.95080736288191927e-06,3.72350263783261018e-09,0.00000000000000000e+00
4289,8.06616376063883505e-08,3.70486617968894943e-08,2.94902005632343611e-06,3.75113680417814361e-09,0.00000000000000000e+00
4290,8.05995847457906263e-08,3.70061504670765083e-08,2.94723422237302333e-06,3.77815398605320409e-09,0.00000000000000000e+00
4291,8.05341446682573310e-08,3.69660347613792278e-08,2.94544977974273698e-06,3.80454120819425479e-09,0.00000000000000000e+00
4292,8.04662097108100559e-08,3.69300649773838742e-08,2.94366666385794333e-06,3.83029105110239801e-09,0.00000000000000000e+00
4293,8.03967517364553754e-08,3.68990001117345563e-08,2.94188483302247315e-06,3.85540764462275744e-09,0.00000000000000000e+00
4294,8.03267034715857752e-08,3.68725521248822346e-08,2.94010426748849231e-06,3.87990886970291914e-09,0.00000000000000000e+00
4295,8.02568767712992836e-08,3.68496051579693672e-08,2.93832496322602769e-06,3.90382529249182086e-09,0.00000000000000000e+00
4296,8.01879234868375483e-08,3.68285997012456793e-08,2.93654692311244386e-06,3.92719691269044458e-09,0.00000000000000000e+00
4297,8.01203350181808241e-08,3.68079556122492216e-08,2.93477014821262133e-06,3.95006895762659642e-09,0.00000000000000000e+00
4298,8.00544685658273000e-08,3.67864251995946476e-08,2.93299463143517824e-06,3.97248783329182589e-09,0.00000000000000000e+00
4299,7.99905831529342479e-08,3.67633061442618354e-08,2.93122035500393513e-06,3.99449803618924692e-09,0.00000000000000000e+00
4300,7.99288685782494993e-08,3.67384909986759705e-08,2.92944729201668050e-06,4.01614041296413236e-09,0.00000000000000000e+00
4301,7.98694584794086234e-08,3.67123733056630700e-08,2.92767541103166484e-06,4.03745173876787503e-09,0.00000000000000000e+00
4302,7.98124304002704336e-08,3.66856596810211423e-08,2.92590468158166743e-06,4.05846529372262487e-09,0.00000000000000000e+00
4303,7.97578042564648829e-08,3.66591486065886146e-08,2.92413507833236902e-06,4.07921200645374114e-09,0.00000000000000000e+00
4304,7.97055462897940389e-08,3.66335316457667108e-08,2.92236658299779155e-06,4.09972175337464722e-09,0.00000000000000000e+00
4305,7.96555741137475634e-08,3.66092564562603017e-08,2.92059918463557630e-06,4.12002448224748003e-09,0.00000000000000000e+00
4306,7.96077563719718541e-08,3.65864690513947314e-08,2.91883287936905676e-06,4.14015095380713052e-09,0.00000000000000000e+00
4307,7.95619089024690353e-08,3.65650318046065262e-08,2.91706767004978248e-06,4.16013303474291905e-09,0.00000000000000000e+00
4308,7.95177937549979219e-08,3.65445975863039717e-08,2.91530356571650472e-06,4.18000358915356976e-09,0.00000000000000000e+00
4309,7.94751253129942569e-08,3.65247121213233997e-08,2.91354058036260460e-06,4.19979607656557114e-09,0.00000000000000000e+00
4310,7.94335830761764832e-08,3.65049167030848674e-08,2.91177873099742740e-06,4.21954396227864265e-09,0.00000000000000000e+00
4311,7.93928267306575214e-08,3.64848293684876222e-08,2.91001803529575466e-06,4.23928000169398635e-09,0.00000000000000000e+00
4312,7.93525102440871338e-08,3.64641925511327965e-08,2.90825850959226694e-06,4.25903541675963873e-09,0.00000000000000000e+00
4313,7.93122946628300390e-08,3.64428853808057080e-08,2.90650016750476971e-06,4.27883897143402951e-09,0.00000000000000000e+00
4314,7.92718604975366895e-08,3.64209069655818675e-08,2.90474301934272753e-06,4.29871597234025883e-09,0.00000000000000000e+00
4315,7.92309205681711499e-08,3.63983419008835687e-08,2.90298707201136136e-06,4.31868724962114058e-09,0.00000000000000000e+00
4316,7.91892321357825476e-08,3.63753203285057235e-08,2.90123232925102893e-06,4.33876819301107795e-09,0.00000000000000000e+00
4317,7.91466064523964730e-08,3.63519828445362261e-08,2.89947879193872487e-06,4.35896792372482545e-09,0.00000000000000000e+00
4318,7.91029142377154517e-08,3.63284566643401291e-08,2.89772645843946257e-06,4.37928867582914648e-09,0.00000000000000000e+00
4319,7.90580860366921569e-08,3.63048449615258048e-08,2.89597532494295705e-06,4.39972544528851061e-09,0.00000000000000000e+00
4320,7.90121077227587985e-08,3.62812277687704666e-08,2.89422538581986123e-06,4.42026594427025269e-09,0.00000000000000000e+00
4321,7.89650122776875325e-08,3.62576700815012787e-08,2.89247663400578353e-06,4.44089087505854394e-09,0.00000000000000000e+00
4322,7.89168693885826304e-08,3.62342325637667993e-08,2.89072906144157731e-06,4.46157451458046752e-09,0.00000000000000000e+00
4323,7.88677744797106007e-08,3.62109803841393936e-08,2.88898265953472437e-06,4.48228557973513304e-09,0.00000000000000000e+00
4324,7.88178387768203673e-08,3.61879876229326979e-08,2.88723741961207910e-06,4.50298832840177020e-09,0.00000000000000000e+00
4325,7.87671812603310116e-08,3.61653363479917217e-08,2.88549333331980238e-06,4.52364384406979360e-09,0.00000000000000000e+00
4326,7.87159229435128949e-08,3.61431110311394131e-08,2.88375039296671094e-06,4.54421145539450429e-09,0.00000000000000000e+00
4327,7.86641835690593632e-08,3.61213901607913395e-08,2.88200859172792575e-06,4.56465025293193840e-09,0.00000000000000000e+00
4328,7.86120801285480115e-08,3.61002370848673926e-08,2.88026792377195870e-06,4.58492066983850230e-09,0.00000000000000000e+00
4329,7.85597267629387440e-08,3.60796920458634697e-08,2.87852838432031916e-06,4.60498606151413929e-09,0.00000000000000000e+00
4330,7.85072353252818358e-08,3.60597669198949048e-08,2.87678996968380638e-06,4.62481412917471598e-09,0.00000000000000000e+00
4331,7.84547156670401088e-08,3.60404434851979317e-08,2.87505267721556436e-06,4.64437794065029462e-09,0.00000000000000000e+00
4332,7.84022755571494152e-08,3.60216756500460408e-08,2.87331650523482012e-06,4.66365636297531647e-09,0.00000000000000000e+00
4333,7.83500195919136508e-08,3.60033951491385320e-08,2.87158145286044382e-06,4.68263399579827696e-09,0.00000000000000000e+00
4334,7.82980474875109535e-08,3.59855189312576359e-08,2.86984751988805193e-06,4.70130094231807724e-09,0.00000000000000000e+00
4335,7.82464515995671162e-08,3.59679561171335864e-08,2.86811470672565344e-06,4.71965269676963426e-09,0.00000000000000000e+00
4336,7.81953143529254829e-08,3.59506133181952136e-08,2.86638301433666277e-06,4.73769015712902514e-09,0.00000000000000000e+00
4337,7.81447057877388058e-08,3.59333983853684417e-08,2.86465244414867391e-06,4.75541959349511037e-09,0.00000000000000000e+00
4338,7.80946822259635584e-08,3.59162233557198544e-08,2.86292299785153962e-06,4.77285242271857017e-09,0.00000000000000000e+00
4339,7.80452855861679455e-08,3.58990069553457878e-08,2.86119467717492531e-06,4.79000474741731141e-09,0.00000000000000000e+00
4340,7.79965432161185673e-08,3.58816767376125819e-08,2.85946748365360132e-06,4.80689670028761959e-09,0.00000000000000000e+00
4341,7.79484674062253987e-08,3.58641708156840501e-08,2.85774141419614304e-06,4.82355070199743497e-09,0.00000000000000000e+00
4342,7.79001364047840287e-08,3.58464280009358585e-08,2.85601649041574976e-06,4.83999150142976640e-09,0.00000000000000000e+00
4343,7.78530379075498160e-08,3.58284306028952148e-08,2.85429269631437851e-06,4.85624781025575351e-09,0.00000000000000000e+00
4344,7.78068049038986434e-08,3.58101544397542843e-08,2.85257002793243105e-06,4.87234888374249473e-09,0.00000000000000000e+00
4345,7.77612294760309952e-08,3.57915905807683873e-08,2.85084848480404433e-06,4.88832356998563592e-09,0.00000000000000000e+00
4346,7.77161693611381717e-08,3.57727467188107248e-08,2.84912806717413412e-06,4.90419973562463783e-09,0.00000000000000000e+00
4347,7.76715171918500679e-08,3.57536463151681120e-08,2.84740876593775946e-06,4.92000563771962918e-09,0.00000000000000000e+00
4348,7.76283848008883545e-08,3.57343317259050493e-08,2.84569058085678468e-06,4.93576702591161103e-09,0.00000000000000000e+00
4349,7.75848237350764429e-08,3.57148488597566630e-08,2.84397352628153522e-06,4.95150517548945115e-09,0.00000000000000000e+00
4350,7.75411624796083698e-08,3.56952600256412025e-08,2.84225760339186616e-06,4.96723958613392856e-09,0.00000000000000000e+00
4351,7.74975059051353455e-08,3.56756370574534058e-08,2.84054280967506739e-06,4.98298805431042264e-09,0.00000000000000000e+00
4352,7.74538707836179908e-08,3.56560559960212577e-08,2.83882914224044288e-06,4.99876649411728568e-09,0.00000000000000000e+00
4353,7.74102275919902474e-08,3.56365942113956932e-08,2.83711659871296646e-06,5.01458878888724142e-09,0.00000000000000000e+00
4354,7.73665229701818568e-08,3.56173271033186195e-08,2.83540515160600225e-06,5.03041465627770863e-09,0.00000000000000000e+00
4355,7.73227177127776190e-08,3.56020165751780291e-08,2.83369484835660555e-06,5.04631051890369903e-09,0.00000000000000000e+00
4356,7.72786478631972508e-08,3.55836882988176027e-08,2.83198566887711770e-06,5.06229010092566715e-09,0.00000000000000000e+00
4357,7.72343521990230121e-08,3.55651363132344563e-08,2.83027760784216548e-06,5.07836115862080788e-09,0.00000000000000000e+00
4358,7.71897881027876370e-08,3.55469569946335336e-08,2.82857066322975207e-06,5.09452859959693945e-09,0.00000000000000000e+00
4359,7.71449155838994387e-08,3.55292809960316178e-08,2.82686483368181769e-06,5.11079562603705125e-09,0.00000000000000000e+00
4360,7.70997075458184671e-08,3.55121317972084040e-08,2.82516011778699877e-06,5.12716416423565466e-09,0.00000000000000000e+00
4361,7.70541497653050352e-08,3.54955018848468592e-08,2.82345651381980492e-06,5.14363506729855178e-09,0.00000000000000000e+00
4362,7.70082397782066669e-08,3.54793681754107108e-08,2.82175401969111154e-06,5.16020821961422885e-09,0.00000000000000000e+00
4363,7.69619860236247416e-08,3.54636958216755845e-08,2.82005263298714027e-06,5.17688254058305620e-09,0.00000000000000000e+00
4364,7.69154069904078994e-08,3.54484413955296439e-08,2.81835235111404498e-06,5.19365592118167967e-09,0.00000000000000000e+00
4365,7.68685298133688904e-08,3.54335542758565700e-08,2.81665317145625697e-06,5.21052519666895889e-09,0.00000000000000000e+00
4366,7.68213887248393272e-08,3.54189748664253689e-08,2.81495511399225702e-06,5.22756382297873379e-09,0.00000000000000000e+00
4367,7.67740179938819693e-08,3.54007721199449614e-08,2.81325813537266876e-06,5.24468924145555864e-09,0.00000000000000000e+00
4368,7.67265602316674168e-08,3.53852127411420600e-08,2.81156224905433850e-06,5.26188838608819958e-09,0.00000000000000000e+00
4369,7.66789485282279616e-08,3.53701808874999624e-08,2.80986745595570831e-06,5.27915344052948072e-09,0.00000000000000000e+00
4370,7.66312258748542758e-08,3.53552135121710973e-08,2.80817375426699531e-06,5.29647835877317786e-09,0.00000000000000000e+00
4371,7.65834453171981599e-08,3.53401861261758845e-08,2.80648114159564228e-06,5.31385752959753036e-09,0.00000000000000000e+00
4372,7.65356574535421946e-08,3.53250440226878580e-08,2.80478961546823043e-06,5.33128524316665500e-09,0.00000000000000000e+00
4373,7.64879094571110350e-08,3.53097491702136854e-08,2.80309917347561256e-06,5.34875549250468264e-09,0.00000000000000000e+00
4374,7.64402448655932258e-08,3.52942716389486318e-08,2.80140981332266862e-06,5.36626192875120476e-09,0.00000000000000000e+00
4375,7.63927028988884421e-08,3.52785893467996598e-08,2.79972153288336243e-06,5.38379789042300431e-09,0.00000000000000000e+00
4376,7.63453181740842116e-08,3.52626883934371915e-08,2.79803433021341499e-06,5.40135646686065006e-09,0.00000000000000000e+00
4377,7.62981202701159990e-08,3.52465629994282735e-08,2.79634820356086018e-06,5.41893057403730425e-09,0.00000000000000000e+00
4378,7.62511336530164426e-08,3.52302148697305390e-08,2.79466315138252300e-06,5.43651302991792128e-09,0.00000000000000000e+00
4379,7.62043775330566964e-08,3.52136523221637819e-08,2.79297917234208572e-06,5.45409662129151954e-09,0.00000000000000000e+00
4380,7.61578656927079377e-08,3.51968892380232149e-08,2.79129626530467242e-06,5.47167415676184961e-09,0.00000000000000000e+00
4381,7.61116062395914883e-08,3.51799439099218743e-08,2.78961442838541415e-06,5.48923349753326837e-09,0.00000000000000000e+00
4382,7.60646189533893461e-08,3.51628267691172313e-08,2.78793367349648634e-06,5.50676925962234078e-09,0.00000000000000000e+00
4383,7.60185359871262754e-08,3.51455726280612572e-08,2.78625398689461932e-06,5.52427624095517200e-09,0.00000000000000000e+00
4384,7.59729780563472399e-08,3.51282081010713152e-08,2.78457536590163935e-06,5.54174900551789223e-09,0.00000000000000000e+00
4385,7.59277602138542525e-08,3.51107577815274172e-08,2.78289781134995914e-06,5.55918174446589242e-09,0.00000000000000000e+00
4386,7.58827771852112750e-08,3.50932458421441219e-08,2.78122132474095139e-06,5.57656838462546425e-09,0.00000000000000000e+00
4387,7.58379647996488611e-08,3.50756949241646584e-08,2.77954590738477065e-06,5.59390273509723443e-09,0.00000000000000000e+00
4388,7.57932808188887745e-08,3.50581254355544319e-08,2.77787156032762798e-06,5.61117861651058254e-09,0.00000000000000000e+00
4389,7.57486937406696803e-08,3.50405551385677904e-08,2.77619828447182225e-06,5.62838996826063181e-09,0.00000000000000000e+00
4390,7.57041765342506036e-08,3.50229989866396087e-08,2.77452608071193715e-06,5.64553094167836280e-09,0.00000000000000000e+00
4391,7.56597037256522906e-08,3.50054690778370955e-08,2.77285494672606775e-06,5.66259887918228383e-09,0.00000000000000000e+00
4392,7.56163331180260446e-08,3.49879866969717342e-08,2.77118487460978856e-06,5.67958761449658455e-09,0.00000000000000000e+00
4393,7.55722989670498188e-08,3.49705428514612178e-08,2.76951585760208049e-06,5.69642224167217385e-09,0.00000000000000000e+00
4394,7.55279786276155070e-08,3.49566258208004654e-08,2.76784794338661924e-06,5.71316749338108361e-09,0.00000000000000000e+00
4395,7.54834004748723957e-08,3.49397769910167050e-08,2.76618111430332396e-06,5.72982549923089126e-09,0.00000000000000000e+00
4396,7.54387340925144797e-08,3.49224193356042917e-08,2.76451536573816222e-06,5.74639469381569571e-09,0.00000000000000000e+00
4397,7.53940039645649404e-08,3.49050246089299029e-08,2.76285069640804725e-06,5.76287278408501527e-09,0.00000000000000000e+00
4398,7.53492026872197472e-08,3.48876750788915569e-08,2.76118710609397825e-06,5.77925771180863133e-09,0.00000000000000000e+00
4399,7.53043159373300625e-08,3.48703793893888799e-08,2.75952459492569570e-06,5.79554795853586790e-09,0.00000000000000000e+00
4400,7.52593308428076740e-08,3.48531349953480962e-08,2.75786316303822849e-06,5.81174263578727441e-09,0.00000000000000000e+00
4401,7.52142398134757199e-08,3.48359392325692594e-08,2.75620281041162731e-06,5.82784150695685207e-09,0.00000000000000000e+00
4402,7.51690418610660526e-08,3.48187905290643441e-08,2.75454354418948766e-06,5.84381662330073109e-09,0.00000000000000000e+00
4403,7.51236493503056447e-08,3.47988961901311888e-08,2.75288534968776285e-06,5.85969919348159767e-09,0.00000000000000000e+00
4404,7.50782935901061588e-08,3.47813865277347485e-08,2.75122823249799136e-06,5.87549295341007901e-09,0.00000000000000000e+00
4405,7.50328496827752618e-08,3.47644190720565013e-08,2.74957219204044607e-06,5.89120047311456942e-09,0.00000000000000000e+00
4406,7.49873402440294088e-08,3.47475960598892972e-08,2.74791722704777086e-06,5.90682439889914817e-09,0.00000000000000000e+00
4407,7.49417987925942510e-08,3.47308270625446576e-08,2.74626333616630799e-06,5.92236782561119240e-09,0.00000000000000000e+00
4408,7.48962553185616631e-08,3.47140910131068769e-08,2.74461051795950948e-06,5.93783438437427049e-09,0.00000000000000000e+00
4409,7.48507375108075452e-08,3.46973838533105691e-08,2.74295877091491584e-06,5.95322823216656294e-09,0.00000000000000000e+00
4410,7.48052721385817580e-08,3.46807061486604466e-08,2.74130809035631270e-06,5.96855204700647954e-09,0.00000000000000000e+00
4411,7.47589626534909174e-08,3.46640457907847745e-08,2.73965849117519488e-06,5.98381035886665316e-09,0.00000000000000000e+00
4412,7.47133643228433510e-08,3.46474240873889867e-08,2.73800995660547100e-06,5.99900991558583669e-09,0.00000000000000000e+00
4413,7.46681740172593417e-08,3.46308403849151138e-08,2.73636248243962220e-06,6.01415746529680442e-09,0.00000000000000000e+00
4414,7.46232499083506641e-08,3.46142941957312709e-08,2.73471606832247571e-06,6.02925949546108355e-09,0.00000000000000000e+00
4415,7.45785221872587175e-08,3.45977858058254536e-08,2.73307071455136635e-06,6.04432226748536685e-09,0.00000000000000000e+00
4416,7.45339606572357185e-08,3.45813155074834402e-08,2.73142642108350880e-06,6.05935189903573525e-09,0.00000000000000000e+00
4417,7.44895561292763304e-08,3.45648833097858408e-08,2.72978318740514962e-06,6.07435441935182506e-09,0.00000000000000000e+00
4418,7.44453082304865934e-08,3.45484890133907635e-08,2.72814090202677610e-06,6.08933217902136871e-09,0.00000000000000000e+00
4419,7.44029789371250201e-08,3.45321240686584865e-08,2.72649991799576143e-06,6.10428866667845820e-09,0.00000000000000000e+00
4420,7.43573478101898299e-08,3.45158059338688561e-08,2.72485986827872599e-06,6.11924079635818753e-09,0.00000000000000000e+00
4421,7.43135732827978569e-08,3.44995225154682902e-08,2.72322084914201456e-06,6.13419280648931127e-09,0.00000000000000000e+00
4422,7.42700917284049922e-08,3.44832770904534878e-08,2.72158288586065152e-06,6.14914815081320316e-09,0.00000000000000000e+00
4423,7.42266214077959211e-08,3.44670688645007605e-08,2.71994598201253454e-06,6.16411044293529220e-09,0.00000000000000000e+00
4424,7.41831711579087209e-08,3.44508969609358253e-08,2.71831013558486345e-06,6.17908347332520410e-09,0.00000000000000000e+00
4425,7.41397801514113846e-08,3.44347609486664386e-08,2.71667534400134477e-06,6.19407102633254889e-09,0.00000000000000000e+00
4426,7.40964651142709880e-08,3.44186608262982387e-08,2.71504160535188236e-06,6.20907670339029239e-09,0.00000000000000000e+00
4427,7.40532209769356261e-08,3.44025969560853727e-08,2.71340891846566281e-06,6.22410379975509252e-09,0.00000000000000000e+00
4428,7.40100305233122828e-08,3.43865699630244814e-08,2.71177728263629495e-06,6.23915523225108667e-09,0.00000000000000000e+00
4429,7.39668721911473729e-08,3.43705805946071455e-08,2.71014669250678666e-06,6.25423727761117765e-09,0.00000000000000000e+00
4430,7.39248360955178764e-08,3.43546365682657309e-08,2.70851714280651398e-06,6.26935150673309316e-09,0.00000000000000000e+00
4431,7.38821053429096782e-08,3.43387305053477185e-08,2.70688864670141144e-06,6.28449802582301219e-09,0.00000000000000000e+00
4432,7.38390625933386289e-08,3.43228626383525748e-08,2.70526120532260684e-06,6.29967686860163320e-09,0.00000000000000000e+00
4433,7.37958595439663976e-08,3.43070344059660254e-08,2.70363481642095750e-06,6.31488814556923572e-09,0.00000000000000000e+00
4434,7.37525632289291184e-08,3.42912462745213779e-08,2.70200947742464779e-06,6.33013192365056705e-09,0.00000000000000000e+00
4435,7.37091984816664952e-08,3.42754982281094146e-08,2.70038518628897065e-06,6.34540807911167630e-09,0.00000000000000000e+00
4436,7.36657684123008689e-08,3.42597899221292267e-08,2.69876194149976321e-06,6.36071619041499209e-09,0.00000000000000000e+00
4437,7.36222671775003183e-08,3.42441206690287854e-08,2.69713974187139958e-06,6.37605547924089731e-09,0.00000000000000000e+00
4438,7.35786876271543010e-08,3.42284893704600446e-08,2.69551858637591634e-06,6.39142479022507158e-09,0.00000000000000000e+00
4439,7.35350249903505091e-08,3.42128945127208842e-08,2.69389846571648272e-06,6.40685380609117815e-09,0.00000000000000000e+00
4440,7.34913766836058216e-08,3.42002561859613230e-08,2.69227939350181423e-06,6.42230711757241879e-09,0.00000000000000000e+00
4441,7.34475243294294608e-08,3.41853798420536010e-08,2.69066136269670678e-06,6.43778028122292872e-09,0.00000000000000000e+00
4442,7.34036094412176601e-08,3.41700743727597362e-08,2.68904437173869502e-06,6.45327061015915949e-09,0.00000000000000000e+00
4443,7.33596403391474335e-08,3.41547046625250263e-08,2.68742841946966045e-06,6.46877584359756456e-09,0.00000000000000000e+00
4444,7.33156193174927910e-08,3.41393459943610667e-08,2.68581350463609934e-06,6.48429371721647952e-09,0.00000000000000000e+00
4445,7.32715553355595894e-08,3.41240126725531190e-08,2.68419962595879585e-06,6.49982183552073005e-09,0.00000000000000000e+00
4446,7.32274614775349965e-08,3.41087041550009441e-08,2.68258678215678798e-06,6.51535765181963419e-09,0.00000000000000000e+00
4447,7.31833525168863653e-08,3.40934154607479023e-08,2.68097497199943258e-06,6.53089848848046089e-09,0.00000000000000000e+00
4448,7.31392435933153042e-08,3.40781400456313862e-08,2.67936419429201932e-06,6.54644157203951405e-09,0.00000000000000000e+00
4449,7.30951495521157602e-08,3.40628708436256880e-08,2.67775444971300465e-06,6.56198004897218811e-09,0.00000000000000000e+00
4450,7.30500791368378990e-08,3.40475914847261319e-08,2.67614574382707188e-06,6.57751201819194517e-09,0.00000000000000000e+00
4451,7.30057206053684938e-08,3.40323028206290115e-08,2.67453806449236414e-06,6.59303595446927398e-09,0.00000000000000000e+00
4452,7.29617074603822834e-08,3.40169999928752149e-08,2.67293140915726921e-06,6.60855012424129995e-09,0.00000000000000000e+00
4453,7.29178810120900553e-08,3.40016761585280576e-08,2.67132577822166245e-06,6.62405245769451310e-09,0.00000000000000000e+00
4454,7.28741670156744157e-08,3.39863252663421038e-08,2.66972117248933196e-06,6.63954066243925807e-09,0.00000000000000000e+00
4455,7.28305337415989303e-08,3.39709419202901977e-08,2.66811759242870052e-06,6.65501236787984858e-09,0.00000000000000000e+00
4456,7.27869715738787077e-08,3.39555213313957967e-08,2.66651503806364513e-06,6.67046523840241140e-09,0.00000000000000000e+00
4457,7.27434809817401959e-08,3.39400594121315175e-08,2.66491350911989611e-06,6.68589704558393141e-09,0.00000000000000000e+00
4458,7.27000656175717814e-08,3.39245529335763719e-08,2.66331300515849007e-06,6.70130570665505325e-09,0.00000000000000000e+00
4459,7.26567287058963134e-08,3.39089995833278531e-08,2.66171352568204671e-06,6.71668929982138532e-09,0.00000000000000000e+00
4460,7.26134714659074727e-08,3.38933980552530963e-08,2.66011496151395303e-06,6.73204055252921145e-09,0.00000000000000000e+00
4461,7.25720704346769785e-08,3.38777419450947531e-08,2.65851755125371842e-06,6.74735485678425307e-09,0.00000000000000000e+00
4462,7.25290149406943681e-08,3.38620330279657222e-08,2.65692117486746070e-06,6.76263581425051418e-09,0.00000000000000000e+00
4463,7.24860483885644731e-08,3.38462758268251655e-08,2.65532580752876363e-06,6.77788576586525336e-09,0.00000000000000000e+00
4464,7.24433226818064776e-08,3.38304761922181185e-08,2.65373155905499692e-06,6.79311049626285391e-09,0.00000000000000000e+00
4465,7.23989427288778862e-08,3.38146456104879834e-08,2.65213819476370761e-06,6.80831301884423000e-09,0.00000000000000000e+00
4466,7.23562634933941149e-08,3.37987846333039901e-08,2.65054583896213701e-06,6.82348728654495437e-09,0.00000000000000000e+00
4467,7.23135562313655000e-08,3.37828969109550550e-08,2.64895451844483411e-06,6.83862849809762017e-09,0.00000000000000000e+00
4468,7.22706609367539691e-08,3.37669844782478669e-08,2.64736423259612115e-06,6.85373367718218890e-09,0.00000000000000000e+00
4469,7.22276979316735907e-08,3.37510510151591058e-08,2.64577497556292719e-06,6.86880124792126750e-09,0.00000000000000000e+00
4470,7.21847657989358907e-08,3.37351015381089933e-08,2.64418674242056626e-06,6.88383051896469500e-09,0.00000000000000000e+00
4471,7.21419041563011047e-08,3.37191418790230467e-08,2.64259953014680362e-06,6.89882129876057363e-09,0.00000000000000000e+00
4472,7.20991140630929622e-08,3.37031781128653713e-08,2.64101333719187222e-06,6.91377365978918513e-09,0.00000000000000000e+00
4473,7.20563802564342440e-08,3.36872162591328675e-08,2.63942816283643399e-06,6.92868781477545011e-09,0.00000000000000000e+00
4474,7.20136848042675018e-08,3.36712620070625359e-08,2.63784400672697634e-06,6.94356406282709886e-09,0.00000000000000000e+00
4475,7.19710131120039712e-08,3.36553205859361087e-08,2.63626086859177702e-06,6.95840277305325931e-09,0.00000000000000000e+00
4476,7.19283553323530816e-08,3.36393966695791757e-08,2.63467874811462255e-06,6.97320438474605045e-09,0.00000000000000000e+00
4477,7.18857060583761391e-08,3.36234943584647615e-08,2.63309765331804996e-06,6.98794120163943034e-09,0.00000000000000000e+00
4478,7.18429698425739510e-08,3.36048039781853142e-08,2.63151756787537637e-06,7.00264287919257467e-09,0.00000000000000000e+00
4479,7.18003633013144886e-08,3.35884594369355469e-08,2.62993849805986586e-06,7.01731201129217533e-09,0.00000000000000000e+00
4480,7.17577498899214704e-08,3.35726472625481808e-08,2.62836044379326063e-06,7.03194958759593142e-09,0.00000000000000000e+00
4481,7.17151334289214008e-08,3.35569756009500859e-08,2.62678340436648864e-06,7.04655618762371224e-09,0.00000000000000000e+00
4482,7.16725266182560554e-08,3.35413544916602439e-08,2.62520737906106140e-06,7.06113236049859486e-09,0.00000000000000000e+00
4483,7.16299373258186975e-08,3.35257619311355750e-08,2.62363236715977917e-06,7.07567874077294929e-09,0.00000000000000000e+00
4484,7.15873706199808257e-08,3.35101923931430851e-08,2.62205836792602228e-06,7.09019607615827968e-09,0.00000000000000000e+00
4485,7.15448306444994701e-08,3.34946447014159156e-08,2.62048538058944647e-06,7.10468522623394329e-09,0.00000000000000000e+00
4486,7.15023214694454591e-08,3.34791187612623872e-08,2.61891340436506014e-06,7.11914715269854491e-09,0.00000000000000000e+00
4487,7.14598472241805906e-08,3.34636145910844759e-08,2.61734243844588017e-06,7.13358290819560768e-09,0.00000000000000000e+00
4488,7.14174120707933685e-08,3.34481320241970035e-08,2.61577248201971081e-06,7.14799362564969470e-09,0.00000000000000000e+00
4489,7.13750199682849113e-08,3.34326706957309787e-08,2.61420353426771091e-06,7.16238050819987325e-09,0.00000000000000000e+00
4490,7.13326745528532856e-08,3.34172300858821408e-08,2.61263548772231144e-06,7.17674079839709232e-09,0.00000000000000000e+00
4491,7.12921658321711491e-08,3.34018018069047379e-08,2.61106857546228720e-06,7.19107118343060456e-09,0.00000000000000000e+00
4492,7.12499763261965951e-08,3.33863946677555836e-08,2.60950268028104357e-06,7.20537773743371977e-09,0.00000000000000000e+00
4493,7.12078366110720530e-08,3.33710063799662582e-08,2.60793777743093032e-06,7.21966537062827097e-09,0.00000000000000000e+00
4494,7.11659123377903355e-08,3.33556379373019874e-08,2.60637386717530862e-06,7.23393735906654588e-09,0.00000000000000000e+00
4495,7.11240990617782262e-08,3.33402897446934693e-08,2.60481095411795289e-06,7.24819578762519870e-09,0.00000000000000000e+00
4496,7.10823129267795055e-08,3.33249616240803493e-08,2.60324904171596289e-06,7.26244204406798283e-09,0.00000000000000000e+00
4497,7.10405229421893636e-08,3.33096530381038139e-08,2.60168813156833353e-06,7.27667717131097017e-09,0.00000000000000000e+00
4498,7.09987307134687019e-08,3.32943633935717878e-08,2.60012822389656393e-06,7.29090207374558345e-09,0.00000000000000000e+00
4499,7.09569498882727762e-08,3.32790921909213778e-08,2.59856942564339811e-06,7.30512281168353506e-09,0.00000000000000000e+00
4500,7.09134153544787400e-08,3.32638438692533136e-08,2.59701149993155643e-06,7.31934468238370813e-09,0.00000000000000000e+00
4501,7.08715844974218724e-08,3.32486139462764107e-08,2.59545456385860088e-06,7.33356369438471212e-09,0.00000000000000000e+00
4502,7.08297858737905797e-08,3.32334033780841045e-08,2.59389864072985737e-06,7.34777704676347131e-09,0.00000000000000000e+00
4503,7.07878633102865694e-08,3.32182107846819793e-08,2.59234372843356690e-06,7.36198360020635815e-09,0.00000000000000000e+00
4504,7.07459230829963800e-08,3.32030356618869678e-08,2.59078982060299361e-06,7.37618340039504482e-09,0.00000000000000000e+00
4505,7.07040478318611520e-08,3.31878783370159139e-08,2.58923691217630714e-06,7.39037714827121381e-09,0.00000000000000000e+00
4506,7.06622647702763626e-08,3.31727395910606112e-08,2.58768500011603549e-06,7.40456581957943428e-09,0.00000000000000000e+00
4507,7.06205668635758265e-08,3.31576204084908862e-08,2.58613408283770020e-06,7.41875043856581455e-09,0.00000000000000000e+00
4508,7.05789340602679146e-08,3.31425217302215887e-08,2.58458415955832095e-06,7.43293196255484652e-09,0.00000000000000000e+00
4509,7.05373455023414117e-08,3.31274443500667382e-08,2.58303522982137916e-06,7.44711123324376379e-09,0.00000000000000000e+00
4510,7.04957845108465718e-08,3.31123888580787501e-08,2.58148729323275337e-06,7.46128896242915639e-09,0.00000000000000000e+00
4511,7.04542393893404910e-08,3.30973556123337024e-08,2.57994034935993585e-06,7.47546573238184159e-09,0.00000000000000000e+00
4512,7.04127026104428155e-08,3.30823447714278801e-08,2.57839439767782844e-06,7.48964200062241993e-09,0.00000000000000000e+00
4513,7.03711695885070365e-08,3.30673562810691581e-08,2.57684943759191945e-06,7.50381810480860652e-09,0.00000000000000000e+00
4514,7.03296377264515490e-08,3.30523898992981147e-08,2.57530546843986937e-06,7.51799426686525701e-09,0.00000000000000000e+00
4515,7.02881056683036460e-08,3.30374452250505126e-08,2.57376248950319857e-06,7.53217059691432912e-09,0.00000000000000000e+00
4516,7.02465729803366528e-08,3.30225216704506654e-08,2.57222050004190606e-06,7.54634709804198243e-09,0.00000000000000000e+00
4517,7.02050399103915095e-08,3.30076185233451339e-08,2.57067949928125228e-06,7.56052367271137384e-09,0.00000000000000000e+00
4518,7.01635072771870756e-08,3.29927349102013534e-08,2.56913948642625999e-06,7.57470013120772492e-09,0.00000000000000000e+00
4519,7.01219764526364504e-08,3.29778698352136287e-08,2.56760046067184130e-06,7.58887620194176801e-09,0.00000000000000000e+00
4520,7.00804492465531761e-08,3.29630221847321377e-08,2.56606242120486406e-06,7.60305154297756851e-09,0.00000000000000000e+00
4521,7.00389278988623466e-08,3.29481907427861665e-08,2.56452536720824176e-06,7.61722575383061020e-09,0.00000000000000000e+00
4522,6.99974149700641199e-08,3.29333741941872079e-08,2.56298929786536686e-06,7.63139838650249549e-09,0.00000000000000000e+00
4523,6.99559132457313882e-08,3.29185711497235198e-08,2.56145421235975086e-06,7.64556895482593400e-09,0.00000000000000000e+00
4524,6.99144256263825649e-08,3.29037801569052210e-08,2.55992010988922433e-06,7.65973694145464868e-09,0.00000000000000000e+00
4525,6.98729551389955278e-08,3.28889997298156581e-08,2.55838698965379430e-06,7.67390180226776021e-09,0.00000000000000000e+00
4526,6.98315047133836157e-08,3.28742283533793136e-08,2.55685485087314607e-06,7.68806296830975549e-09,0.00000000000000000e+00
4527,6.97900772839486377e-08,3.28594645122269942e-08,2.55532369277337230e-06,7.70221984574141929e-09,0.00000000000000000e+00
4528,6.97486756118050260e-08,3.28447067042904450e-08,2.55379351459691385e-06,7.71637181449335789e-09,0.00000000000000000e+00
4529,6.97073023209515838e-08,3.28299534634737624e-08,2.55226430587666651e-06,7.73054574786095378e-09,0.00000000000000000e+00
4530,6.96660547163255666e-08,3.28182236621229927e-08,2.55073608349488039e-06,7.74471156942480382e-09,0.00000000000000000e+00
4531,6.96247173712631126e-08,3.28041132122888236e-08,2.54920883961687045e-06,7.75886674131434705e-09,0.00000000000000000e+00
4532,6.95834274632684401e-08,3.27895128319094133e-08,2.54768257290193642e-06,7.77301042340878239e-09,0.00000000000000000e+00
4533,6.95421861958044520e-08,3.27748042938264032e-08,2.54615728267818679e-06,7.78714226900434755e-09,0.00000000000000000e+00
4534,6.95009859872940395e-08,3.27600676366898792e-08,2.54463286305892220e-06,7.80125678069876840e-09,0.00000000000000000e+00
4535,6.94616393685838502e-08,3.27453167618507294e-08,2.54310954384485887e-06,7.81535024677377143e-09,0.00000000000000000e+00
4536,6.94205804020362030e-08,3.27305541898060351e-08,2.54158720973297067e-06,7.82942698883727766e-09,0.00000000000000000e+00
4537,6.93795446949546171e-08,3.27157818792849770e-08,2.54006583652788172e-06,7.84349007076927536e-09,0.00000000000000000e+00
4538,6.93387005143741311e-08,3.27010017889469546e-08,2.53854542466856898e-06,7.85754088019039829e-09,0.00000000000000000e+00
4539,6.92979449356140497e-08,3.26862144955515843e-08,2.53702597885980199e-06,7.87157959726520452e-09,0.00000000000000000e+00
4540,6.92571947151907983e-08,3.26714199097473855e-08,2.53550750268075447e-06,7.88560570637501181e-09,0.00000000000000000e+00
4541,6.92164190380005851e-08,3.26566177818641707e-08,2.53398999786206125e-06,7.89961836289477749e-09,0.00000000000000000e+00
4542,6.91756196606473618e-08,3.26418080044435816e-08,2.53247346477921969e-06,7.91361661248436481e-09,0.00000000000000000e+00
4543,6.91348108695251816e-08,3.26269907550184099e-08,2.53095790305083285e-06,7.92759950428816184e-09,0.00000000000000000e+00
4544,6.90940078222108804e-08,3.26121665317265418e-08,2.52944331197217695e-06,7.94156613975787522e-09,0.00000000000000000e+00
4545,6.90532218817033531e-08,3.25973361239456680e-08,2.52792969075455886e-06,7.95551568759727180e-09,0.00000000000000000e+00
4546,6.90124599187154466e-08,3.25825005895234375e-08,2.52641704844385254e-06,7.96942123696399705e-09,0.00000000000000000e+00
4547,6.89716323589633704e-08,3.25647180368335224e-08,2.52490536619488571e-06,7.98330922527383563e-09,0.00000000000000000e+00
4548,6.89309548656324695e-08,3.25492861407949226e-08,2.52339465090867209e-06,7.99718081873730364e-09,0.00000000000000000e+00
4549,6.88902907994681396e-08,3.25343720832511211e-08,2.52188490270837833e-06,8.01103562275087102e-09,0.00000000000000000e+00
4550,6.88496401387982222e-08,3.25195798600582138e-08,2.52037612101453946e-06,8.02487281485671955e-09,0.00000000000000000e+00
4551,6.88090109043574248e-08,3.25048189692037787e-08,2.51886830526767876e-06,8.03869151732967800e-09,0.00000000000000000e+00
4552,6.87684061037360335e-08,3.24900679045675079e-08,2.51736145493655117e-06,8.05249092059844091e-09,0.00000000000000000e+00
4553,6.87278258030045243e-08,3.24753220303666354e-08,2.51585556948837760e-06,8.06627032115686242e-09,0.00000000000000000e+00
4554,6.86872691919058041e-08,3.24605812588704979e-08,2.51435064838123230e-06,8.08002912910781035e-09,0.00000000000000000e+00
4555,6.86467353992691074e-08,3.24458467171188475e-08,2.51284669106377096e-06,8.09376686496175722e-09,0.00000000000000000e+00
4556,6.86062238869159310e-08,3.24311197439205719e-08,2.51134369696925186e-06,8.10748315306968584e-09,0.00000000000000000e+00
4557,6.85657344072939080e-08,3.24164015509305537e-08,2.50984166553328383e-06,8.12117771457699610e-09,0.00000000000000000e+00
4558,6.85252670420029632e-08,3.24016931734582054e-08,2.50834059616310643e-06,8.13485036113080950e-09,0.00000000000000000e+00
4559,6.84848222130740863e-08,3.23869954466031763e-08,2.50684048827611558e-06,8.14850098976968045e-09,0.00000000000000000e+00
4560,6.84444005386325086e-08,3.23723090544990490e-08,2.50534134127398287e-06,8.16212957913788508e-09,0.00000000000000000e+00
4561,6.84040028667121983e-08,3.23576345621163955e-08,2.50384315454892871e-06,8.17573618685643276e-09,0.00000000000000000e+00
4562,6.83636302461903218e-08,3.23429724346139269e-08,2.50234592749175134e-06,8.18932094776181004e-09,0.00000000000000000e+00
4563,6.83232838224434650e-08,3.23283230531007043e-08,2.50084965948175728e-06,8.20288407256925343e-09,0.00000000000000000e+00
4564,6.82829648514852487e-08,3.23136867502047860e-08,2.49935434989433809e-06,8.21642584647634444e-09,0.00000000000000000e+00
4565,6.82426745943874570e-08,3.22990637875256142e-08,2.49785999810189869e-06,8.22994662725182867e-09,0.00000000000000000e+00
4566,6.82024143195358312e-08,3.22844543952454443e-08,2.49636660347008425e-06,8.24344684240921905e-09,0.00000000000000000e+00
4567,6.81621852126992453e-08,3.22698587648514001e-08,2.49487416536249095e-06,8.25692698522815467e-09,0.00000000000000000e+00
4568,6.81219884114027136e-08,3.22552770655532022e-08,2.49338268314062451e-06,8.27038760952134689e-09,0.00000000000000000e+00
4569,6.80818248592955067e-08,3.22407094370164059e-08,2.49189215616377101e-06,8.28382932320991882e-09,0.00000000000000000e+00
4570,6.80416954090183402e-08,3.22261560090308439e-08,2.49040258378974690e-06,8.29725278090450343e-09,0.00000000000000000e+00
4571,6.80016006849161291e-08,3.22116169066547569e-08,2.48891396536767937e-06,8.31065867577463718e-09,0.00000000000000000e+00
4572,6.79615411471947644e-08,3.21970922464582616e-08,2.48742630026062633e-06,8.32404773105015918e-09,0.00000000000000000e+00
4573,6.79215170548672731e-08,3.21825821403286996e-08,2.48593958780996797e-06,8.33742069149147687e-09,0.00000000000000000e+00
4574,6.78815284646803760e-08,3.21680866968953398e-08,2.48445382736866686e-06,8.35077831512963494e-09,0.00000000000000000e+00
4575,6.78415752071180445e-08,3.21536060436779270e-08,2.48296901828283133e-06,8.36412136553022943e-09,0.00000000000000000e+00
4576,6.78016569277347757e-08,3.21391402874284139e-08,2.48148515990129720e-06,8.37745060475693294e-09,0.00000000000000000e+00
4577,6.77617730877741915e-08,3.21246895407992313e-08,2.48000225156884127e-06,8.39076678711177558e-09,0.00000000000000000e+00
4578,6.77219229261315283e-08,3.21102539134248974e-08,2.47852029263218345e-06,8.40407065368848326e-09,0.00000000000000000e+00
4579,6.76821055607955870e-08,3.20958335097852190e-08,2.47703928243503246e-06,8.41736292770067902e-09,0.00000000000000000e+00
4580,6.76423198973473895e-08,3.20814284272479436e-08,2.47555922032545287e-06,8.43064431050462332e-09,0.00000000000000000e+00
4581,6.76025647867021057e-08,3.20670387483578349e-08,2.47408010565177692e-06,8.44391547820553512e-09,0.00000000000000000e+00
4582,6.75628389336678366e-08,3.20526645392807789e-08,2.47260193775770950e-06,8.45717707875577619e-09,0.00000000000000000e+00
4583,6.75231409669632241e-08,3.20383058445044017e-08,2.47112471598734048e-06,8.47042972941132690e-09,0.00000000000000000e+00
4584,6.74834695032200539e-08,3.20239626924957206e-08,2.46964843969189091e-06,8.48367401447645188e-09,0.00000000000000000e+00
4585,6.74438231088986831e-08,3.20096350761618736e-08,2.46817310821521985e-06,8.49691048325022904e-09,0.00000000000000000e+00
4586,6.74042003840895749e-08,3.19953229671058825e-08,2.46669872090671282e-06,8.51013964813666031e-09,0.00000000000000000e+00
4587,6.73645999621153128e-08,3.19810262945436193e-08,2.46522527710722910e-06,8.52336198288120858e-09,0.00000000000000000e+00
4588,6.73250205412230924e-08,3.19667449594091876e-08,2.46375277615801382e-06,8.53657792093672553e-09,0.00000000000000000e+00
4589,6.72854609263958823e-08,3.19524788210225183e-08,2.46228132081946681e-06,8.54979285890619387e-09,0.00000000000000000e+00
4590,6.72440884753005125e-08,3.19382302291938129e-08,2.46081068415205471e-06,8.56301113751086288e-09,0.00000000000000000e+00
4591,6.72044384396242194e-08,3.19239988726026828e-08,2.45934097802438576e-06,8.57622851679646999e-09,0.00000000000000000e+00
4592,6.71648364069864075e-08,3.19097841322001079e-08,2.45787222496107518e-06,8.58944177676824891e-09,0.00000000000000000e+00
4593,6.71251105872978536e-08,3.18955836940261524e-08,2.45640442314903751e-06,8.60264921327257451e-09,0.00000000000000000e+00
4594,6.70853572573099675e-08,3.18813961350800829e-08,2.45493756659338480e-06,8.61585021216544561e-09,0.00000000000000000e+00
4595,6.70456562432781855e-08,3.18672207227939140e-08,2.45347165047652228e-06,8.62904476283818150e-09,0.00000000000000000e+00
4596,6.70060367201378524e-08,3.18530570916772105e-08,2.45200667185883227e-06,8.64223310796291745e-09,0.00000000000000000e+00
4597,6.69664958443337986e-08,3.18389050345151079e-08,2.45054262917543877e-06,8.65541553678809228e-09,0.00000000000000000e+00
4598,6.69270184600231570e-08,3.18247643245609029e-08,2.44907952160889230e-06,8.66859228263412271e-09,0.00000000000000000e+00
4599,6.68875885387303823e-08,3.18106346565908589e-08,2.44761734866565176e-06,8.68176348369344809e-09,0.00000000000000000e+00
4600,6.68481938175934993e-08,3.17965156322549828e-08,2.44615600791311100e-06,8.69492445337015981e-09,0.00000000000000000e+00
4601,6.68106792531992994e-08,3.17824046904117074e-08,2.44469572141818198e-06,8.70807121580413147e-09,0.00000000000000000e+00
4602,6.67714423059182025e-08,3.17682999568261814e-08,2.44323637864120881e-06,8.72120798657772494e-09,0.00000000000000000e+00
4603,6.67321917299830885e-08,3.17542020176333260e-08,2.44177795628312811e-06,8.73433791209075095e-09,0.00000000000000000e+00
4604,6.66931008726553688e-08,3.17401124816549764e-08,2.44032045465967946e-06,8.74746259429905210e-09,0.00000000000000000e+00
4605,6.66540749547339140e-08,3.17260318801375382e-08,2.43886387817171401e-06,8.76058249998879742e-09,0.00000000000000000e+00
4606,6.66150361164514953e-08,3.17119600234609533e-08,2.43740823015289469e-06,8.77369742766517884e-09,0.00000000000000000e+00
4607,6.65759564932909310e-08,3.16978963509966860e-08,2.43595351215241636e-06,8.78680684559494395e-09,0.00000000000000000e+00
4608,6.65368396663868465e-08,3.16838401573867581e-08,2.43449972441781001e-06,8.79991009493656659e-09,0.00000000000000000e+00
4609,6.64977015126058422e-08,3.16697907401926095e-08,2.43304686646913196e-06,8.81300649525899413e-09,0.00000000000000000e+00
4610,6.64585588734714638e-08,3.16557474834381762e-08,2.43159493751259162e-06,8.82609539067998702e-09,0.00000000000000000e+00
4611,6.64194251497017978e-08,3.16417098810723720e-08,2.43014393667448891e-06,8.83917616461490798e-09,0.00000000000000000e+00
4612,6.63803093662117156e-08,3.16276775156548019e-08,2.42869386311190831e-06,8.85224824039641424e-09,0.00000000000000000e+00
4613,6.63412169651481061e-08,3.16136500881932776e-08,2.42724471604230573e-06,8.86531107695733246e-09,0.00000000000000000e+00
4614,6.63021508871475229e-08,3.15996273434845080e-08,2.42579649475545335e-06,8.87836416373450980e-09,0.00000000000000000e+00
4615,6.62631126092985113e-08,3.15856090866598616e-08,2.42434919858296723e-06,8.89140701616014030e-09,0.00000000000000000e+00
4616,6.62241027262923420e-08,3.15715951795712426e-08,2.42290282688829870e-06,8.90443917185365854e-09,0.00000000000000000e+00
4617,6.61851214739881847e-08,3.15575855293790688e-08,2.42145737906708935e-06,8.91746018719667266e-09,0.00000000000000000e+00
4618,6.61461688484954054e-08,3.15435800653287788e-08,2.42001285452494227e-06,8.93046963396880418e-09,0.00000000000000000e+00
4619,6.61072447668598057e-08,3.15295787849684307e-08,2.41856925267439310e-06,8.94217121134189350e-09,0.00000000000000000e+00
4620,6.60213519577030383e-08,3.14465590537461649e-08,2.41713110573578510e-06,8.95609355377540796e-09,0.00000000000000000e+00
4621,6.60837454091483458e-08,3.15003557493917022e-08,2.41568693708538511e-06,8.96904380104845954e-09,0.00000000000000000e+00
4622,6.60160757154017056e-08,3.14918982448654218e-08,2.41424542584040537e-06,8.98071511430202028e-09,0.00000000000000000e+00
4623,6.59191097659402706e-08,3.14081404814624846e-08,2.41280988234902042e-06,8.99461364364110586e-09,0.00000000000000000e+00
4624,6.59755372225487046e-08,3.14615353426614098e-08,2.41136850169671370e-06,9.00753558350493616e-09,0.00000000000000000e+00
4625,6.59032991311285657e-08,3.14527264414195365e-08,2.40992978602539304e-06,9.01916446296260994e-09,0.00000000000000000e+00
4626,6.58037977348559036e-08,3.13684030399299862e-08,2.40849700520669588e-06,9.03302293638026319e-09,0.00000000000000000e+00
4627,6.58592034833661966e-08,3.14218922462713027e-08,2.40705836539082127e-06,9.04459210800858065e-09,0.00000000000000000e+00
4628,6.57359727403879703e-08,3.13433091723992701e-08,2.40562686333290558e-06,9.05841786027737249e-09,0.00000000000000000e+00
4629,6.57897330853698763e-08,3.13968747385152279e-08,2.40418990522338028e-06,9.06995468572583876e-09,0.00000000000000000e+00
4630,6.56626477995097936e-08,3.13176910660046193e-08,2.40276018207126795e-06,9.08244455764961257e-09,0.00000000000000000e+00
4631,6.56485056424272672e-08,3.13023199531407683e-08,2.40132950795187253e-06,9.09620669295057382e-09,0.00000000000000000e+00
4632,6.56946058255339575e-08,3.13604946356312745e-08,2.39989476234469576e-06,9.10769028328958688e-09,0.00000000000000000e+00
4633,6.55557787177960584e-08,3.12806070631496591e-08,2.39846760932743003e-06,9.12013186541786885e-09,0.00000000000000000e+00
4634,6.55374984087596705e-08,3.12646030425301313e-08,2.39703961780640217e-06,9.13252988575892653e-09,0.00000000000000000e+00
4635,6.55116686408784534e-08,3.12534320901576979e-08,2.39561202267151520e-06,9.14490839545350508e-09,0.00000000000000000e+00
4636,6.54804124171161474e-08,3.12420820689811811e-08,2.39418519585394904e-06,9.15727316485808196e-09,0.00000000000000000e+00
4637,6.54457328635552875e-08,3.12303484683329744e-08,2.39275924423387231e-06,9.16962314395676092e-09,0.00000000000000000e+00
4638,6.54089294583226927e-08,3.12183838103179088e-08,2.39133418786985149e-06,9.18195577035016249e-09,0.00000000000000000e+00
4639,6.53709536574313967e-08,3.12062821960515846e-08,2.38991002080909446e-06,9.19426890451852951e-09,0.00000000000000000e+00
4640,6.53324328739909729e-08,3.11940907899148721e-08,2.38848673268729039e-06,9.20656123386565447e-09,0.00000000000000000e+00
4641,6.52937237091174314e-08,3.11818339617978158e-08,2.38706431548737452e-06,9.21883213136618171e-09,0.00000000000000000e+00
4642,6.52549980711146268e-08,3.11695248855616712e-08,2.38564276463490391e-06,9.23108141496913968e-09,0.00000000000000000e+00
4643,6.52163220652647454e-08,3.11571707843027793e-08,2.38422207826777233e-06,9.24330916408102664e-09,0.00000000000000000e+00
4644,6.51777106548205217e-08,3.11447756951711131e-08,2.38280225620380545e-06,9.25551561698363734e-09,0.00000000000000000e+00
4645,6.51391592332742166e-08,3.11323419773686828e-08,2.38138329912811697e-06,9.26770112635541164e-09,0.00000000000000000e+00
4646,6.51006586761214038e-08,3.11198712202532546e-08,2.37996520807936876e-06,9.27986614346095915e-09,0.00000000000000000e+00
4647,6.50622012124492222e-08,3.11073647116936247e-08,2.37854798418912442e-06,9.29201120962747907e-09,0.00000000000000000e+00
4648,6.50237818413993445e-08,3.10948236935953058e-08,2.37713162853560395e-06,9.30413694417711827e-09,0.00000000000000000e+00
4649,6.49853978756969724e-08,3.10822494723603671e-08,2.37571614211226773e-06,9.31624402633851153e-09,0.00000000000000000e+00
4650,6.49470483072642270e-08,3.10696434419597706e-08,2.37430152580681392e-06,9.32833317376077504e-09,0.00000000000000000e+00
4651,6.49087331783700774e-08,3.10570070565795347e-08,2.37288770911771975e-06,9.34035220455650392e-09,0.00000000000000000e+00
4652,6.48704954767716785e-08,3.10549349875656936e-08,2.37147489558368507e-06,9.35241620402762210e-09,0.00000000000000000e+00
4653,6.48321436569107348e-08,3.10338277150106925e-08,2.37006290515732026e-06,9.36446496145971768e-09,0.00000000000000000e+00
4654,6.47939597459710520e-08,3.10194134790621785e-08,2.36865170664484768e-06,9.37644425708914883e-09,0.00000000000000000e+00
4655,6.47558564723255905e-08,3.10169119258604940e-08,2.36724151116038557e-06,9.38846963994474722e-09,0.00000000000000000e+00
4656,6.47176328984017494e-08,3.09956631634434744e-08,2.36583214011605536e-06,9.40048087135868359e-09,0.00000000000000000e+00
4657,6.46795733960047314e-08,3.09811596573965631e-08,2.36442363362963965e-06,9.41247729094550412e-09,0.00000000000000000e+00
4658,6.46415508035730363e-08,3.09679983146547826e-08,2.36301599996975678e-06,9.42445978387516105e-09,0.00000000000000000e+00
4659,6.46035561245093481e-08,3.09550909440527533e-08,2.36160924099260660e-06,9.43642968422180171e-09,0.00000000000000000e+00
4660,6.45655928470011037e-08,3.09422212279865355e-08,2.36020335723506273e-06,9.44838844553389326e-09,0.00000000000000000e+00
4661,6.45276628259475959e-08,3.09293488460974162e-08,2.35879834896096112e-06,9.46033752950247194e-09,0.00000000000000000e+00
4662,6.44897660315773108e-08,3.09164675062113179e-08,2.35739421639930939e-06,9.47227835579363151e-09,0.00000000000000000e+00
4663,6.44519013647110907e-08,3.09035767278264475e-08,2.35599095976016072e-06,9.48421226769552553e-09,0.00000000000000000e+00
4664,6.44140671216205261e-08,3.08906766937328988e-08,2.35458857923924323e-06,9.49614050182878508e-09,0.00000000000000000e+00
4665,6.43762612997134505e-08,3.08777676680755274e-08,2.35318707500166696e-06,9.50806416068012224e-09,0.00000000000000000e+00
4666,6.43384818447793644e-08,3.08648499400937443e-08,2.35178644717328996e-06,9.51998418975373374e-09,0.00000000000000000e+00
4667,6.43007267903054036e-08,3.08519238573637606e-08,2.35038669584083573e-06,9.53190136149101249e-09,0.00000000000000000e+00
4668,6.42629943782777567e-08,3.08389897907073826e-08,2.34898782104436510e-06,9.54381626739715457e-09,0.00000000000000000e+00
4669,6.42252831146874689e-08,3.08260480939497409e-08,2.34758982278517022e-06,9.55367092077653371e-09,0.00000000000000000e+00
4670,6.41207979769581535e-08,3.08092515566810433e-08,2.34619759865921869e-06,9.56681891734059655e-09,0.00000000000000000e+00
4671,6.41700428766923403e-08,3.08006387852533446e-08,2.34479847084463006e-06,9.57874942399292173e-09,0.00000000000000000e+00
4672,6.41344724687021364e-08,3.07880640858799406e-08,2.34340232171210243e-06,9.58867288104671202e-09,0.00000000000000000e+00
4673,6.40246744405989589e-08,3.07709792202657510e-08,2.34201238936745107e-06,9.60183119531577513e-09,0.00000000000000000e+00
4674,6.40661976638094101e-08,3.07620727266435697e-08,2.34061618074280545e-06,9.61177961421584613e-09,0.00000000000000000e+00
4675,6.39606320481366454e-08,3.07453804132673323e-08,2.33922733671712820e-06,9.62300828517180702e-09,0.00000000000000000e+00
4676,6.39377582292801676e-08,3.07326778740325535e-08,2.33783716996445874e-06,9.63422770095806563e-09,0.00000000000000000e+00
4677,6.39137954256774895e-08,3.07201516678074708e-08,2.33644733622376870e-06,9.64545602870945990e-09,0.00000000000000000e+00
4678,6.38840230515094191e-08,3.07074087594587958e-08,2.33505832483069274e-06,9.65669342689415626e-09,0.00000000000000000e+00
4679,6.38496782713136685e-08,3.06944822497397019e-08,2.33367023443729644e-06,9.66793539410396267e-09,0.00000000000000000e+00
4680,6.38128699661114644e-08,3.06814492692987825e-08,2.33228305067631962e-06,9.67917800536602057e-09,0.00000000000000000e+00
4681,6.37750992271219078e-08,3.06683680868370950e-08,2.33089674162529574e-06,9.69041892768715680e-09,0.00000000000000000e+00
4682,6.37371369614486760e-08,3.06552723819855412e-08,2.32951128428830392e-06,9.70165696422261504e-09,0.00000000000000000e+00
4683,6.36992738003336166e-08,3.06421778845144902e-08,2.32812666706977737e-06,9.71289138268397557e-09,0.00000000000000000e+00
4684,6.36615650899520947e-08,3.06290898776295916e-08,2.32674288602573077e-06,9.72412142908018682e-09,0.00000000000000000e+00
4685,6.36239818502433593e-08,3.06160085005998304e-08,2.32535994109365226e-06,9.73361689375999594e-09,0.00000000000000000e+00
4686,6.35511214620049757e-08,3.05911697550514856e-08,2.32397818104162706e-06,9.74580882442715831e-09,0.00000000000000000e+00
4687,6.35621324145467647e-08,3.05883631174240341e-08,2.32259570471393579e-06,9.75529849237271434e-09,0.00000000000000000e+00
4688,6.34905146997273067e-08,3.05654392695242960e-08,2.32121547477521548e-06,9.76575791521145953e-09,0.00000000000000000e+00
4689,6.34610947429635132e-08,3.05508050568028706e-08,2.31983528296686745e-06,9.77621801546417894e-09,0.00000000000000000e+00
4690,6.34328921263293276e-08,3.05380684439178449e-08,2.31845581281747332e-06,9.78667804662235785e-09,0.00000000000000000e+00
4691,6.34006733914441449e-08,3.05254476630137066e-08,2.31707726713906802e-06,9.79713038254087767e-09,0.00000000000000000e+00
4692,6.33652583674464740e-08,3.05127153876601943e-08,2.31569966765406092e-06,9.80756707575390872e-09,0.00000000000000000e+00
4693,6.33282528860175565e-08,3.04998935706328327e-08,2.31432298834537342e-06,9.81798250251443055e-09,0.00000000000000000e+00
4694,6.32907252734528104e-08,3.04870238168013464e-08,2.31294720278627933e-06,9.82837353086386096e-09,0.00000000000000000e+00
4695,6.32531698284356854e-08,3.04741330331156975e-08,2.31157222343704545e-06,9.83868317443657664e-09,0.00000000000000000e+00
4696,6.32157747410514727e-08,3.04716336455756256e-08,2.31019817444855971e-06,9.84798205053983624e-09,0.00000000000000000e+00
4697,6.31649374619243686e-08,3.04634312700890561e-08,2.30882592805136308e-06,9.85776614448594826e-09,0.00000000000000000e+00
4698,6.31311924128813592e-08,3.04519430490593860e-08,2.30745388212094543e-06,9.86756196389712356e-09,0.00000000000000000e+00
4699,6.30989083850584235e-08,3.04391904708973723e-08,2.30608256847599367e-06,9.87736327503280196e-09,0.00000000000000000e+00
4700,6.30644968764014199e-08,3.04261657614900446e-08,2.30471213808484297e-06,9.88035578853013402e-09,0.00000000000000000e+00
4701,6.29454648724943750e-08,3.04018746374042863e-08,2.30334652374474644e-06,9.89456548238613918e-09,0.00000000000000000e+00
4702,6.30278469184186317e-08,3.03952416539252668e-08,2.30197321769649982e-06,9.90404602758453980e-09,0.00000000000000000e+00
4703,6.29855448660396975e-08,3.03860853550695168e-08,2.30060528332264697e-06,9.90690482500113538e-09,0.00000000000000000e+00
4704,6.28467599558571789e-08,3.03621402097753219e-08,2.29924260300508305e-06,9.92032353585029499e-09,0.00000000000000000e+00
4705,6.29099579588920935e-08,3.03580592662121671e-08,2.29787288889646491e-06,9.92315376182632939e-09,0.00000000000000000e+00
4706,6.27933890489925115e-08,3.03355496836972742e-08,2.29651085801484907e-06,9.92951665814562884e-09,0.00000000000000000e+00
4707,6.27741262251411826e-08,3.03206663489122370e-08,2.29514655953282212e-06,9.94332729961541085e-09,0.00000000000000000e+00
4708,6.28289825033600497e-08,3.03182844062468070e-08,2.29377953000322172e-06,9.94555027808027371e-09,0.00000000000000000e+00
4709,6.26935617346282352e-08,3.02984038286101432e-08,2.29242032406259816e-06,9.95158676991364880e-09,0.00000000000000000e+00
4710,6.26652896527610457e-08,3.02841456150864593e-08,2.29105880134187004e-06,9.95772262091704666e-09,0.00000000000000000e+00
4711,6.26434297976173842e-08,3.02708277411265928e-08,2.28969771159428946e-06,9.96395010389504269e-09,0.00000000000000000e+00
4712,6.26132662516427733e-08,3.02574781594412313e-08,2.28833762675773967e-06,9.97023245780266544e-09,0.00000000000000000e+00
4713,6.25778753588414345e-08,3.02440623544463657e-08,2.28697854339597273e-06,3.30908798485861531e-10,0.00000000000000000e+00
4714,2.48130694936425061e-07,2.29065003280005512e-07,2.29354906688976284e-06,1.29158533673334858e-09,0.00000000000000000e+00
4715,1.87354245054749470e-07,1.69746771865050193e-07,2.29118678687722407e-06,2.13470813276204303e-09,0.00000000000000000e+00
4716,1.46450683381909508e-07,1.40226306582303519e-07,2.28931187909687880e-06,1.40065862659830131e-09,0.00000000000000000e+00
4717,1.19836357396082810e-07,1.04763240964882422e-07,2.28622424166338728e-06,7.44298195227090989e-10,0.00000000000000000e+00
4718,1.01193446621059156e-07,8.15052852767401453e-08,2.28373113748935383e-06,4.94979858723696688e-10,0.00000000000000000e+00
4719,8.60466111770661177e-08,6.14509169392278896e-08,2.28136850901927666e-06,1.08765538966133704e-09,0.00000000000000000e+00
4720,7.83804724272293327e-08,5.03821724015957202e-08,2.27947574357608420e-06,1.55367376016562107e-09,0.00000000000000000e+00
4721,7.42689511092062199e-08,4.40022046136772212e-08,2.27777823406837213e-06,1.87063645051045664e-09,0.00000000000000000e+00
4722,7.18180638749274149e-08,4.03296871283664078e-08,2.27620489556181491e-06,2.10937472129749241e-09,0.00000000000000000e+00
4723,6.86723074012221393e-08,3.92545008530011903e-08,2.27472945142070454e-06,2.34590765811941991e-09,0.00000000000000000e+00
4724,6.76488037113072457e-08,3.74673490877529601e-08,2.27323060837255703e-06,2.72574710854028489e-09,0.00000000000000000e+00
4725,6.52414153306014244e-08,3.76428003958136497e-08,2.27176201068702635e-06,2.74422609021783750e-09,0.00000000000000000e+00
4726,6.47162313599927078e-08,3.64812277200529383e-08,2.27033993346694894e-06,2.83591298550772919e-09,0.00000000000000000e+00
4727,6.38632678190901740e-08,3.57185052287400180e-08,2.26894871324187618e-06,2.92468985136743513e-09,0.00000000000000000e+00
4728,6.31866236849749419e-08,3.51822012696515804e-08,2.26756886148821340e-06,2.98403849095101251e-09,0.00000000000000000e+00
4729,6.29633048891254525e-08,3.47304989550623321e-08,2.26619230858794892e-06,3.16093230996067244e-09,0.00000000000000000e+00
4730,6.31297539324845832e-08,3.39968945693983137e-08,2.26482573124715507e-06,3.16649545207094755e-09,0.00000000000000000e+00
4731,6.31706980448209933e-08,3.34931518036468007e-08,2.26344501176721038e-06,3.21018800157847840e-09,0.00000000000000000e+00
4732,6.29573402459638112e-08,3.30845024059480854e-08,2.26207953829927115e-06,3.25457634010344263e-09,0.00000000000000000e+00
4733,6.27287838348879365e-08,3.26240808444881035e-08,2.26072536650393560e-06,3.30224804370224515e-09,0.00000000000000000e+00
4734,6.25231851480942011e-08,3.21553934610062266e-08,2.25937491213945081e-06,3.34081909157829941e-09,0.00000000000000000e+00
4735,6.25294459769081549e-08,3.18114960982895696e-08,2.25802544337670296e-06,3.37600698077574569e-09,0.00000000000000000e+00
4736,6.25814921045305966e-08,3.15470300811679388e-08,2.25667357179156360e-06,3.41153111014924601e-09,0.00000000000000000e+00
4737,6.24519026837650943e-08,3.12442896686692370e-08,2.25533242046844321e-06,3.44601585665181216e-09,0.00000000000000000e+00
4738,6.23766868299248562e-08,3.09084079874415774e-08,2.25399135673470656e-06,3.47939361148149627e-09,0.00000000000000000e+00
4739,6.22863533372038058e-08,3.05277688767714395e-08,2.25265228427133066e-06,3.50657716499094505e-09,0.00000000000000000e+00
4740,6.23469162113556401e-08,3.03579732739235673e-08,2.25130664548249857e-06,3.53317719809986390e-09,0.00000000000000000e+00
4741,6.22718244764383512e-08,3.02444191860541226e-08,2.24996667272520745e-06,3.55918032915877937e-09,0.00000000000000000e+00
4742,6.21911114594585001e-08,3.01895384903790899e-08,2.24862719112834837e-06,3.58538584697930399e-09,0.00000000000000000e+00
4743,6.21855280326208867e-08,3.01810023900818843e-08,2.24728578384496857e-06,3.61043092591650846e-09,0.00000000000000000e+00
4744,6.20652761202693898e-08,3.01819312090899570e-08,2.24594873941699712e-06,3.63520046071734799e-09,0.00000000000000000e+00
4745,6.19413270517716003e-08,3.01973649782255188e-08,2.24461355637838626e-06,3.65956921128838179e-09,0.00000000000000000e+00
4746,6.18263892191659589e-08,3.02254108094930287e-08,2.24327948217387605e-06,3.68347008270044014e-09,0.00000000000000000e+00
4747,6.17191651198678423e-08,3.02625379267969868e-08,2.24194606791947037e-06,3.70685433534195135e-09,0.00000000000000000e+00
4748,6.16224628978135014e-08,3.03053344719574008e-08,2.24061336885556637e-06,3.73043616548020479e-09,0.00000000000000000e+00
4749,6.16054496819783492e-08,3.04129593528748979e-08,2.23927736397588491e-06,3.75258797659997859e-09,0.00000000000000000e+00
4750,6.14687862184307362e-08,3.04485049747977270e-08,2.23794444987649062e-06,3.77420786119615395e-09,0.00000000000000000e+00
4751,6.13711746464693725e-08,3.04744558384243346e-08,2.23661300642890388e-06,3.79521211993441419e-09,0.00000000000000000e+00
4752,6.12894168203715139e-08,3.04963899004728900e-08,2.23528255712325192e-06,3.81557231690041516e-09,0.00000000000000000e+00
4753,6.12198448523559718e-08,3.05135240762344657e-08,2.23395297721435070e-06,3.83528599954279191e-09,0.00000000000000000e+00
4754,6.11605154364506950e-08,3.05245811546718748e-08,2.23262425608554982e-06,3.85436374869095057e-09,0.00000000000000000e+00
4755,6.11098757835757328e-08,3.05284979564537851e-08,2.23129642228404368e-06,3.87282404819154280e-09,0.00000000000000000e+00
4756,6.10667107848870336e-08,3.05244820970478312e-08,2.22996952008495551e-06,3.89069076572406379e-09,0.00000000000000000e+00
4757,6.10300519426522444e-08,3.05120096902406786e-08,2.22864358913842654e-06,3.90799078109581085e-09,0.00000000000000000e+00
4758,6.09991142375946665e-08,3.04908108618694544e-08,2.22731864762026722e-06,3.92475221234025095e-09,0.00000000000000000e+00
4759,6.09732875836574044e-08,3.04608626362714892e-08,2.22599469945492222e-06,3.94100386687344631e-09,0.00000000000000000e+00
4760,6.09520130880522476e-08,3.04224041311806633e-08,2.22467175093431151e-06,3.95677537428942893e-09,0.00000000000000000e+00
4761,6.09346422770822856e-08,3.03759490708526984e-08,2.22334981305537872e-06,3.97209792813373583e-09,0.00000000000000000e+00
4762,6.09204404710611478e-08,3.03222758550986366e-08,2.22202889426042415e-06,3.98700537781168207e-09,0.00000000000000000e+00
4763,6.09086253279745809e-08,3.02623991855959249e-08,2.22070899737342009e-06,4.00557877081817824e-09,0.00000000000000000e+00
4764,6.09873922025115963e-08,3.02838443252637272e-08,2.21938440031956778e-06,4.02019279748016881e-09,0.00000000000000000e+00
4765,6.09273378116100212e-08,3.02248512899691992e-08,2.21806312605488547e-06,4.03455514040157637e-09,0.00000000000000000e+00
4766,6.08972737689784413e-08,3.01565284085344775e-08,2.21674354049646535e-06,4.04867454297824332e-09,0.00000000000000000e+00
4767,6.08741349941150861e-08,3.00862953535146734e-08,2.21542517598648925e-06,4.06258309545929460e-09,0.00000000000000000e+00
4768,6.08536475036236618e-08,3.00166313921848059e-08,2.21410789698712241e-06,4.07632261211981378e-09,0.00000000000000000e+00
4769,6.08337143487065722e-08,2.99488811863246275e-08,2.21279166989585378e-06,4.08564119655480509e-09,0.00000000000000000e+00
4770,6.07366227604228508e-08,2.98018861796969093e-08,2.21148220937806645e-06,4.09866204655258895e-09,0.00000000000000000e+00
4771,6.07484363011587155e-08,2.97289737134718449e-08,2.21017145916127332e-06,4.11165217591328622e-09,0.00000000000000000e+00
4772,6.07404122756100939e-08,2.96725404194315441e-08,2.20886107412208347e-06,4.12467719756426019e-09,0.00000000000000000e+00
4773,6.07203947950528947e-08,2.96235527546166869e-08,2.20755151985731068e-06,4.13777871274066940e-09,0.00000000000000000e+00
4774,6.06913851254965248e-08,2.95817874079017998e-08,2.20624291116558188e-06,4.15098661827365978e-09,0.00000000000000000e+00
4775,6.06551219300192252e-08,2.95476496306279256e-08,2.20493525200316433e-06,4.16432572173305856e-09,0.00000000000000000e+00
4776,6.06130343049609173e-08,2.95213677641984302e-08,2.20362851472251598e-06,4.17781845988683023e-09,0.00000000000000000e+00
4777,6.05662876553822237e-08,2.95029027869995381e-08,2.20232266608863641e-06,4.19148646041594231e-09,0.00000000000000000e+00
4778,6.05158127986903586e-08,2.94919517684275565e-08,2.20101767419066895e-06,4.20534993800924789e-09,0.00000000000000000e+00
4779,6.04623786165759126e-08,2.94880105409758350e-08,2.19971351170978552e-06,4.21942374066460323e-09,0.00000000000000000e+00
4780,6.04066646113270161e-08,2.94904455728381824e-08,2.19841015679321670e-06,4.23371671430427957e-09,0.00000000000000000e+00
4781,6.03493191771808951e-08,2.94984724956487791e-08,2.19710759195758198e-06,4.24823296301822062e-09,0.00000000000000000e+00
4782,6.02909867409446738e-08,2.95111540999185226e-08,2.19580580426911178e-06,4.26297285635670712e-09,0.00000000000000000e+00
4783,6.02323079525884278e-08,2.95274501746568022e-08,2.19450478527233995e-06,4.27793376659827140e-09,0.00000000000000000e+00
4784,6.01739076393133372e-08,2.95462660429048301e-08,2.19320452994006961e-06,4.29311039244395946e-09,0.00000000000000000e+00
4785,6.01163780095830282e-08,2.95664892669635746e-08,2.19190503564631778e-06,4.30849481909440499e-09,0.00000000000000000e+00
4786,6.00602612013837279e-08,2.95870199851040441e-08,2.19060630144593249e-06,4.32407654467864203e-09,0.00000000000000000e+00
4787,6.00060341968528581e-08,2.96067983553948582e-08,2.18930832753005265e-06,4.33984259536493953e-09,0.00000000000000000e+00
4788,5.99540973292399628e-08,2.96248303486985308e-08,2.18801111472588006e-06,4.35577777912894579e-09,0.00000000000000000e+00
4789,5.99047665779897970e-08,2.96402115942715003e-08,2.18671466438790890e-06,4.37186511157736731e-09,0.00000000000000000e+00
4790,5.98582681524439061e-08,2.96521486316086168e-08,2.18541897933855673e-06,4.38808643447612153e-09,0.00000000000000000e+00
4791,5.98147333441635891e-08,2.96599771267315060e-08,2.18412406595406226e-06,4.40442318637819664e-09,0.00000000000000000e+00
4792,5.97741922899926993e-08,2.96631763125020117e-08,2.18282993574395618e-06,4.42085716812242738e-09,0.00000000000000000e+00
4793,5.97365700931577318e-08,2.96613786015159821e-08,2.18153660363414318e-06,4.43737107041523553e-09,0.00000000000000000e+00
4794,5.97016966633013729e-08,2.96543734061136872e-08,2.18024408305671376e-06,4.45394856903144217e-09,0.00000000000000000e+00
4795,5.96693375922655617e-08,2.96421056624907248e-08,2.17895238224857799e-06,4.47057393342594483e-09,0.00000000000000000e+00
4796,5.96392272297779348e-08,2.96246702783225290e-08,2.17766150488594144e-06,4.48723140776878690e-09,0.00000000000000000e+00
4797,5.96110762281136767e-08,2.96023032002895364e-08,2.17637145348540676e-06,4.50390480557841466e-09,0.00000000000000000e+00
4798,5.95845618086064931e-08,2.95753691078548826e-08,2.17508223187469086e-06,4.52057754224154936e-09,0.00000000000000000e+00
4799,5.95593293698937358e-08,2.95443455948469897e-08,2.17379384513006557e-06,4.53723301601708055e-09,0.00000000000000000e+00
4800,5.95350097935749870e-08,2.95098045886948777e-08,2.17250629814085664e-06,4.55385507864186728e-09,0.00000000000000000e+00
4801,5.95112358673651607e-08,2.94723915233326325e-08,2.17121959446100720e-06,4.57042836359740811e-09,0.00000000000000000e+00
4802,5.94876489160659042e-08,2.94328031371173590e-08,2.16993373602827624e-06,4.58693838352766858e-09,0.00000000000000000e+00
4803,5.94639005681048225e-08,2.93917645118905514e-08,2.16864872347945549e-06,4.60337143391558719e-09,0.00000000000000000e+00
4804,5.94396562978172320e-08,2.93500063968460134e-08,2.16736455656356232e-06,4.61971439103912029e-09,0.00000000000000000e+00
4805,5.94146027883043200e-08,2.93082435086051202e-08,2.16608123443091807e-06,4.63595448678103890e-09,0.00000000000000000e+00
4806,5.93884574918383552e-08,2.92671546376421802e-08,2.16479875570938654e-06,4.65207911662212456e-09,0.00000000000000000e+00
4807,5.93609777237154724e-08,2.92273651051824220e-08,2.16351711850407033e-06,4.67034246547590466e-09,0.00000000000000000e+00
4808,5.94189798269446022e-08,2.92688874092557633e-08,2.16223086020120204e-06,4.68597011577386954e-09,0.00000000000000000e+00
4809,5.93402858443974196e-08,2.92398339791784668e-08,2.16094764300143282e-06,4.70152717773340254e-09,0.00000000000000000e+00
4810,5.92897542170125389e-08,2.92070521200045655e-08,2.15966590514590157e-06,4.71695622860591009e-09,0.00000000000000000e+00
4811,5.92452779777311545e-08,2.91758050903927588e-08,2.15838519928685845e-06,4.73223432941119336e-09,0.00000000000000000e+00
4812,5.92033267944633649e-08,2.91472525421121014e-08,2.15710539708947003e-06,4.74735116255476505e-09,0.00000000000000000e+00
4813,5.91625355988113242e-08,2.91215784834441031e-08,2.15582646959605746e-06,4.76230013337876474e-09,0.00000000000000000e+00
4814,5.91219945156544773e-08,2.90987864378859667e-08,2.15454841792574566e-06,4.77707507435290890e-09,0.00000000000000000e+00
4815,5.90811169318253280e-08,2.90788138747704657e-08,2.15327120790141293e-06,4.79162289887376768e-09,0.00000000000000000e+00
4816,5.90396210680840579e-08,2.90659182401762259e-08,2.15199492276768195e-06,4.80599164378970495e-09,0.00000000000000000e+00
4817,5.89973627583486093e-08,2.90515935783993898e-08,2.15071953203228649e-06,4.82018343278600425e-09,0.00000000000000000e+00
4818,5.89544967657744419e-08,2.90394243443676064e-08,2.14944502626434647e-06,4.83419644108029662e-09,0.00000000000000000e+00
4819,5.89111978202902813e-08,2.90298414851886859e-08,2.14817143526953802e-06,4.84805992318124933e-09,0.00000000000000000e+00
4820,5.88676411101642609e-08,2.90170573228764188e-08,2.14689869153479390e-06,4.86172113026537599e-09,0.00000000000000000e+00
4821,5.88241564332187278e-08,2.90091128983257267e-08,2.14562681274533151e-06,4.87517392918819684e-09,0.00000000000000000e+00
4822,5.87808830820776923e-08,2.90029471639773445e-08,2.14435579805836324e-06,4.88841756295290848e-09,0.00000000000000000e+00
4823,5.87380269987763864e-08,2.89977045282477707e-08,2.14308564314688523e-06,4.90145428986274318e-09,0.00000000000000000e+00
4824,5.86957846130840046e-08,2.89929590532268329e-08,2.14181634361079130e-06,4.91428847118521416e-09,0.00000000000000000e+00
4825,5.86543302492247768e-08,2.89883745061170501e-08,2.14054789598886637e-06,4.92692619190785470e-09,0.00000000000000000e+00
4826,5.86138125118550395e-08,2.89836442298973471e-08,2.13928029837833732e-06,4.93937506301087030e-09,0.00000000000000000e+00
4827,5.85743507062542496e-08,2.89784859271332025e-08,2.13801355095925288e-06,4.95164406240198440e-09,0.00000000000000000e+00
4828,5.85360304124572063e-08,2.89726461397511988e-08,2.13674765607670464e-06,4.96374336045530558e-09,0.00000000000000000e+00
4829,5.84988993357686422e-08,2.89659051499165224e-08,2.13548261739201878e-06,4.97568413645318577e-09,0.00000000000000000e+00
4830,5.84629660010394364e-08,2.89580804833497620e-08,2.13421843847799086e-06,4.98747842803869528e-09,0.00000000000000000e+00
4831,5.84282046828243187e-08,2.89490290084512606e-08,2.13295512170270054e-06,4.99913904062103276e-09,0.00000000000000000e+00
4832,5.83945676130665178e-08,2.89386479903123805e-08,2.13169266759521814e-06,5.01067950771286918e-09,0.00000000000000000e+00
4833,5.83619970254223497e-08,2.89268753188078403e-08,2.13043107450128789e-06,5.02211403760935243e-09,0.00000000000000000e+00
4834,5.83304267318941543e-08,2.89136891145064767e-08,2.12917033972090758e-06,5.03345731833051312e-09,0.00000000000000000e+00
4835,5.82997728871236381e-08,2.88991071824739195e-08,2.12791046155477241e-06,5.04472416759607262e-09,0.00000000000000000e+00
4836,5.82699274034557935e-08,2.88831857362646892e-08,2.12665144002589034e-06,5.05592918914286784e-09,0.00000000000000000e+00
4837,5.82407616551168263e-08,2.88660168657023214e-08,2.12539327618217791e-06,5.06708655753219029e-09,0.00000000000000000e+00
4838,5.82121358363859404e-08,2.88477247618364272e-08,2.12413597116470922e-06,5.07820993831359310e-09,0.00000000000000000e+00
4839,5.81839072709664687e-08,2.88284611009345204e-08,2.12287952565652400e-06,5.08931250337887196e-09,0.00000000000000000e+00
4840,5.81559348776428190e-08,2.88083999126105892e-08,2.12162393964343488e-06,5.10040699037827156e-09,0.00000000000000000e+00
4841,5.81280801539985061e-08,2.87877320744173237e-08,2.12036921235936958e-06,5.11150575859237268e-09,0.00000000000000000e+00
4842,5.81002062350236348e-08,2.87666595675251235e-08,2.11911534242789916e-06,5.12262081230048227e-09,0.00000000000000000e+00
4843,5.80721774538511047e-08,2.87453896587681902e-08,2.11786232800580240e-06,5.13376378493661736e-09,0.00000000000000000e+00
4844,5.80438606642068498e-08,2.87241291730145108e-08,2.11661016692113183e-06,5.14494589121235333e-09,0.00000000000000000e+00
4845,5.80151284677735561e-08,2.87030790184823890e-08,2.11535885678421014e-06,5.15617785801122480e-09,0.00000000000000000e+00
4846,5.79858634738684596e-08,2.86824290977660378e-08,2.11410839500160626e-06,5.16746984196262523e-09,0.00000000000000000e+00
4847,5.79559625413726982e-08,2.86623536757292014e-08,2.11285877879256142e-06,5.17883133706262102e-09,0.00000000000000000e+00
4848,5.79253404427952612e-08,2.86430073967489746e-08,2.11161000515681037e-06,5.19027107346915632e-09,0.00000000000000000e+00
4849,5.78939325158782501e-08,2.86245219389383375e-08,2.11036207084626596e-06,5.20179691224812766e-09,0.00000000000000000e+00
4850,5.78616962889440095e-08,2.86070034434666409e-08,2.10911497232770302e-06,5.21341575438856317e-09,0.00000000000000000e+00
4851,5.78286120922892920e-08,2.85905306340499737e-08,2.10786865789880263e-06,5.22509061196683142e-09,0.00000000000000000e+00
4852,5.77946818133558734e-08,2.85804308054381039e-08,2.10662321274649501e-06,5.23686750997170691e-09,0.00000000000000000e+00
4853,5.77598721784023652e-08,2.85666759138868218e-08,2.10537859929377196e-06,5.24875495472961362e-09,0.00000000000000000e+00
4854,5.77242946715556949e-08,2.85533272258343554e-08,2.10413480535198819e-06,5.26075810022356764e-09,0.00000000000000000e+00
4855,5.76880176234436410e-08,2.85411669270357589e-08,2.10289182394970975e-06,5.27288002514178258e-09,0.00000000000000000e+00
4856,5.76511201513317432e-08,2.85302973376884019e-08,2.10164964923059151e-06,5.28512194968080904e-09,0.00000000000000000e+00
4857,5.76136955224572153e-08,2.85206542104843687e-08,2.10040827575433947e-06,5.29748321311117292e-09,0.00000000000000000e+00
4858,5.75758476332480449e-08,2.85121089770020786e-08,2.09916773841337857e-06,5.31001655604121638e-09,0.00000000000000000e+00
4859,5.75376915248805619e-08,2.84987839936112208e-08,2.09792796002628053e-06,5.32266640586663319e-09,0.00000000000000000e+00
4860,5.74994034284870320e-08,2.84899065758965449e-08,2.09668896186369309e-06,5.33542218811511615e-09,0.00000000000000000e+00
4861,5.74610261253202277e-08,2.84822339465026680e-08,2.09545074467355143e-06,5.34827607207008414e-09,0.00000000000000000e+00
4862,5.74226702999660755e-08,2.84750339094242022e-08,2.09421330528653228e-06,5.36122104847450126e-09,0.00000000000000000e+00
4863,5.73844490724751966e-08,2.84680591432929536e-08,2.09297664007828711e-06,5.37425019986303232e-09,0.00000000000000000e+00
4864,5.73464683620494298e-08,2.84611560774385505e-08,2.09174074584215204e-06,5.38735643007548387e-09,0.00000000000000000e+00
4865,5.73088245842395566e-08,2.84541911331681932e-08,2.09050562009700157e-06,5.39798802532465648e-09,0.00000000000000000e+00
4866,5.71992242348539733e-08,2.83855197343188808e-08,2.08927641293641910e-06,5.41368506448011366e-09,0.00000000000000000e+00
4867,5.72774208157876874e-08,2.84369957970163368e-08,2.08804073458805381e-06,5.42695311869015537e-09,0.00000000000000000e+00
4868,5.72149486032224111e-08,2.84335708845589953e-08,2.08680729474114839e-06,5.43787342822912556e-09,0.00000000000000000e+00
4869,5.70999728906641234e-08,2.83639459922833489e-08,2.08558017879319244e-06,5.45364047362759109e-09,0.00000000000000000e+00
4870,5.71760368214185123e-08,2.84138487559494927e-08,2.08434675320839443e-06,5.46702398996645596e-09,0.00000000000000000e+00
4871,5.71127907928851179e-08,2.84084653630257196e-08,2.08311558534308573e-06,5.48045480161651142e-09,0.00000000000000000e+00
4872,5.70702767587356350e-08,2.83985141938034700e-08,2.08188560720086191e-06,5.49390387886419555e-09,0.00000000000000000e+00
4873,5.70323604259731600e-08,2.83872570105883458e-08,2.08065651095319099e-06,5.50735697798715450e-09,0.00000000000000000e+00
4874,5.69968213326462066e-08,2.83753023857093479e-08,2.07942820368963249e-06,5.52080611267742599e-09,0.00000000000000000e+00
4875,5.69630200225645524e-08,2.83627050203830265e-08,2.07820066053098264e-06,5.53424536520952105e-09,0.00000000000000000e+00
4876,5.69304846052758571e-08,2.83494667426680170e-08,2.07697387963366999e-06,5.54766899348293080e-09,0.00000000000000000e+00
4877,5.68988145164857833e-08,2.83356029159724942e-08,2.07574786656445225e-06,5.56107076599288485e-09,0.00000000000000000e+00
4878,5.68677007557258532e-08,2.83211469917201667e-08,2.07452262836608820e-06,5.57444390964949202e-09,0.00000000000000000e+00
4879,5.68369231760092575e-08,2.83061482285171440e-08,2.07329817126663321e-06,5.58778131187108974e-09,0.00000000000000000e+00
4880,5.68063302126561366e-08,2.82906688646697863e-08,2.07207450001560559e-06,5.60107578217704391e-09,0.00000000000000000e+00
4881,5.67758158676835995e-08,2.82747812940597363e-08,2.07085161791322696e-06,5.61432028315395170e-09,0.00000000000000000e+00
4882,5.67453011059486309e-08,2.82585652941956609e-08,2.06962952714397158e-06,5.62750810102136493e-09,0.00000000000000000e+00
4883,5.67147214729278319e-08,2.82421053658773037e-08,2.06840822908879114e-06,5.64063295558806361e-09,0.00000000000000000e+00
4884,5.66840202033919266e-08,2.82254882246579659e-08,2.06718772461081052e-06,5.65368906148929288e-09,0.00000000000000000e+00
4885,5.66531452480141266e-08,2.82088004744666904e-08,2.06596801422186081e-06,5.66667115597830539e-09,0.00000000000000000e+00
4886,5.66220487807191658e-08,2.81921264772608224e-08,2.06474909818655638e-06,5.67957450792710120e-09,0.00000000000000000e+00
4887,5.65906882168082474e-08,2.81755464611543342e-08,2.06353097656964654e-06,5.69239491963491766e-09,0.00000000000000000e+00
4888,5.65590277178493542e-08,2.81591348906373437e-08,2.06231364923024430e-06,5.70512872873270021e-09,0.00000000000000000e+00
4889,5.65270397133696160e-08,2.81429590816070976e-08,2.06109711582847643e-06,5.71777281315638360e-09,0.00000000000000000e+00
4890,5.64947061587449026e-08,2.81270781226793876e-08,2.05988132826136217e-06,5.73028146500026056e-09,0.00000000000000000e+00
4891,5.64620278175799358e-08,2.81167075911616271e-08,2.05866637340926448e-06,5.74269646008842021e-09,0.00000000000000000e+00
4892,5.64289425273034107e-08,2.81019105393246944e-08,2.05745221845915950e-06,5.75501988725018361e-09,0.00000000000000000e+00
4893,5.63955285029104924e-08,2.80866497670668357e-08,2.05623885539171539e-06,5.76725218811859088e-09,0.00000000000000000e+00
4894,5.63618112438549238e-08,2.80717286201235385e-08,2.05502628116812604e-06,5.77939393484269433e-09,0.00000000000000000e+00
4895,5.63278187606697473e-08,2.80573257602433959e-08,2.05381450880651326e-06,5.79143252141468956e-09,0.00000000000000000e+00
4896,5.62935037495878267e-08,2.80399930782661911e-08,2.05260350615751410e-06,5.80338338797445789e-09,0.00000000000000000e+00
4897,5.62591184248360109e-08,2.80263709388414235e-08,2.05139328596749634e-06,5.81525084816961724e-09,0.00000000000000000e+00
4898,5.62245652361243232e-08,2.80137851178364835e-08,2.05018384827804295e-06,5.82703865159813999e-09,0.00000000000000000e+00
4899,5.61899013201652461e-08,2.80016335130424964e-08,2.04897519114222710e-06,5.83875023103259801e-09,0.00000000000000000e+00
4900,5.61551942878486602e-08,2.79897607882902470e-08,2.04776731223432586e-06,5.85038858649544773e-09,0.00000000000000000e+00
4901,5.61205062604992371e-08,2.79781106445053474e-08,2.04656020917094437e-06,5.86195623020444456e-09,0.00000000000000000e+00
4902,5.60858946166275938e-08,2.79666499334745212e-08,2.04535386310288482e-06,5.87346763312863238e-09,0.00000000000000000e+00
4903,5.60514949899002363e-08,2.79589649211204054e-08,2.04414830117516623e-06,5.88490861913119706e-09,0.00000000000000000e+00
4904,5.60171621197962833e-08,2.79489479064550091e-08,2.04294351123065716e-06,5.89628094503177180e-09,0.00000000000000000e+00
4905,5.59830610231052807e-08,2.79385979409565498e-08,2.04173949089179628e-06,5.90758765335855671e-09,0.00000000000000000e+00
4906,5.59492284884802215e-08,2.79282676169799927e-08,2.04053623928214715e-06,5.91883234516794695e-09,0.00000000000000000e+00
4907,5.59156852859362519e-08,2.79179803255761872e-08,2.03933375579015622e-06,5.93001896748551892e-09,0.00000000000000000e+00
4908,5.58824481243425053e-08,2.79076938875709339e-08,2.03813195373407580e-06,5.94115041313322023e-09,0.00000000000000000e+00
4909,5.58516504005531560e-08,2.78973442870183140e-08,2.03693101807905274e-06,5.95222596870059507e-09,0.00000000000000000e+00
4910,5.58190687870230521e-08,2.78868941135623519e-08,2.03573085971477349e-06,5.96325387770472060e-09,0.00000000000000000e+00
4911,5.57866647402129545e-08,2.78763009135794759e-08,2.03453145925762681e-06,5.97424183612119518e-09,0.00000000000000000e+00
4912,5.57547457565470315e-08,2.78655325471571244e-08,2.03333285876948248e-06,5.98522762939675828e-09,0.00000000000000000e+00
4913,5.57232494516494872e-08,2.78491716361375078e-08,2.03213498402892009e-06,5.99617905857322865e-09,0.00000000000000000e+00
4914,5.56921869036340708e-08,2.78367207542312497e-08,2.03093786574032282e-06,6.00709921772615526e-09,0.00000000000000000e+00
4915,5.56614253485075812e-08,2.78248618916573607e-08,2.02974151103572419e-06,6.01799371189134020e-09,0.00000000000000000e+00
4916,5.56309133792878930e-08,2.78129537634988166e-08,2.02854601040542721e-06,6.02887172618194413e-09,0.00000000000000000e+00
4917,5.55982546798521296e-08,2.78008728584608287e-08,2.02735117905935106e-06,6.03974602435415343e-09,0.00000000000000000e+00
4918,5.55675411182909049e-08,2.77886140161945992e-08,2.02615710544897099e-06,6.05061935759653820e-09,0.00000000000000000e+00
4919,5.55370854338878298e-08,2.77761890387709619e-08,2.02496376494126784e-06,6.06146238844552163e-09,0.00000000000000000e+00
4920,5.55066314617267521e-08,2.77689741857071301e-08,2.02377123973584417e-06,6.07231513861187537e-09,0.00000000000000000e+00
4921,5.54761114706522480e-08,2.77572121505143167e-08,2.02257949656475336e-06,6.08318431940294630e-09,0.00000000000000000e+00
4922,5.54456208641691156e-08,2.77444800117562789e-08,2.02138852615964953e-06,6.09407423174452624e-09,0.00000000000000000e+00
4923,5.54151555874315400e-08,2.77314895896962669e-08,2.02019832522612763e-06,6.10498816187330115e-09,0.00000000000000000e+00
4924,5.53846807965312679e-08,2.77184029484877011e-08,2.01900889237400499e-06,6.11592887314049638e-09,0.00000000000000000e+00
4925,5.53541520055153783e-08,2.77052794769439720e-08,2.01782022688932347e-06,6.12689878208545007e-09,0.00000000000000000e+00
4926,5.53235249402242732e-08,2.76921617252275009e-08,2.01663232823360899e-06,6.13790002276803683e-09,0.00000000000000000e+00
4927,5.52927603959552131e-08,2.76790906105460912e-08,2.01544519578673135e-06,6.14893447167670548e-09,0.00000000000000000e+00
4928,5.52618263528347303e-08,2.76661067507070222e-08,2.01425882874847820e-06,6.16000375923227592e-09,0.00000000000000000e+00
4929,5.52306985790098154e-08,2.76532490304596120e-08,2.01307322610296100e-06,6.17110927603961133e-09,0.00000000000000000e+00
4930,5.51993604398334772e-08,2.76405527387887130e-08,2.01188838662130350e-06,6.18225217346079565e-09,0.00000000000000000e+00
4931,5.51678025396935120e-08,2.76280478547881619e-08,2.01070430889042817e-06,6.19343335366919992e-09,0.00000000000000000e+00
4932,5.51360223471701766e-08,2.76157578220894772e-08,2.00952100656486653e-06,6.20463706148634918e-09,0.00000000000000000e+00
4933,5.51039401262082291e-08,2.76003791412895101e-08,2.00833844872113000e-06,6.21587918770255192e-09,0.00000000000000000e+00
4934,5.50717638053086922e-08,2.75880244450127931e-08,2.00715664620708568e-06,6.22716157665155865e-09,0.00000000000000000e+00
4935,5.50393771784368260e-08,2.75764477984099359e-08,2.00597559867962719e-06,6.23848467878739077e-09,0.00000000000000000e+00
4936,5.50068020898239668e-08,2.75651639797243589e-08,2.00479530414142122e-06,6.24984817476703670e-09,0.00000000000000000e+00
4937,5.49740726549892199e-08,2.75540604484977904e-08,2.00361576037815803e-06,6.26125116155482437e-09,0.00000000000000000e+00
4938,5.49412212025893729e-08,2.75431049975721828e-08,2.00243696516524663e-06,6.27269221127562862e-09,0.00000000000000000e+00
4939,5.49082791941165099e-08,2.75322824140198002e-08,2.00125889875149058e-06,6.28418624390599503e-09,0.00000000000000000e+00
4940,5.48753676768229152e-08,2.75253144791232014e-08,2.00008159043866020e-06,6.29571326899661074e-09,0.00000000000000000e+00
4941,5.48423131245026924e-08,2.75157428262497599e-08,1.99890502623997529e-06,6.30726914285466292e-09,0.00000000000000000e+00
4942,5.48092750064163371e-08,2.75057689460422351e-08,1.99772920301496337e-06,6.31885072534279293e-09,0.00000000000000000e+00
4943,5.47762839575024957e-08,2.74958093434477781e-08,1.99655411930132835e-06,6.33045515603576465e-09,0.00000000000000000e+00
4944,5.47433601153011802e-08,2.74859236597130278e-08,1.99537977400233325e-06,6.34207962820904302e-09,0.00000000000000000e+00
4945,5.47105255259239317e-08,2.74760979417197910e-08,1.99420616622740085e-06,6.35372133105758204e-09,0.00000000000000000e+00
4946,5.46778020126238132e-08,2.74663015883347709e-08,1.99303329525619400e-06,6.36537744791160450e-09,0.00000000000000000e+00
4947,5.46452090384559652e-08,2.74565002578055138e-08,1.99186116051350702e-06,6.37704517109218592e-09,0.00000000000000000e+00
4948,5.46127625108495055e-08,2.74466598886510191e-08,1.99068976154861675e-06,6.38872171987838506e-09,0.00000000000000000e+00
4949,5.45804744247236762e-08,2.74367484973182609e-08,1.98951901103539857e-06,6.40039882609563255e-09,0.00000000000000000e+00
4950,5.45506011469629677e-08,2.74267347296160085e-08,1.98834909442134265e-06,6.41207251530186251e-09,0.00000000000000000e+00
4951,5.45187353325572499e-08,2.74165833026296414e-08,1.98717996549747120e-06,6.42379441547229172e-09,0.00000000000000000e+00
4952,5.44868382287504835e-08,2.74009828621924109e-08,1.98601152836978877e-06,6.43551609943723193e-09,0.00000000000000000e+00
4953,5.44552830203619320e-08,2.73892794518293978e-08,1.98484381101722255e-06,6.44723233345483038e-09,0.00000000000000000e+00
4954,5.44239651678728083e-08,2.73781926133347807e-08,1.98367682287637263e-06,6.45894010410338335e-09,0.00000000000000000e+00
4955,5.43928192697332824e-08,2.73670895804167917e-08,1.98251056828809780e-06,6.47063703472452324e-09,0.00000000000000000e+00
4956,5.43618102782433547e-08,2.73558495713480901e-08,1.98134504936730464e-06,6.48232090561648469e-09,0.00000000000000000e+00
4957,5.43309213028025028e-08,2.73444516733985563e-08,1.98018026702177023e-06,6.49398952271693072e-09,0.00000000000000000e+00
4958,5.43001420387943427e-08,2.73328951774473643e-08,1.97901622157376646e-06,6.50564069020998006e-09,0.00000000000000000e+00
4959,5.42694616371967398e-08,2.73211848977952440e-08,1.97785291311337485e-06,6.51727221310387975e-09,0.00000000000000000e+00
4960,5.42388659606039786e-08,2.73093288237524173e-08,1.97669029783607014e-06,6.52883696710815912e-09,0.00000000000000000e+00
4961,5.42083448063259155e-08,2.73025582956900312e-08,1.97552845588991522e-06,6.54037648997535125e-09,0.00000000000000000e+00
4962,5.41778113498167719e-08,2.72913698349275076e-08,1.97436744440811377e-06,6.55189564893720231e-09,0.00000000000000000e+00
4963,5.41449676714494682e-08,2.72792478650230188e-08,1.97320707652353312e-06,6.56339579939715512e-09,0.00000000000000000e+00
4964,5.41140330215120077e-08,2.72668717869548364e-08,1.97204743605025155e-06,6.57487116970536251e-09,0.00000000000000000e+00
4965,5.40832941968715299e-08,2.72543798888569349e-08,1.97088854192624905e-06,6.58631680763496584e-09,0.00000000000000000e+00
4966,5.40524686214652181e-08,2.72418078805218487e-08,1.96973039459063766e-06,6.59772909442057438e-09,0.00000000000000000e+00
4967,5.40215747389110002e-08,2.72291769047873710e-08,1.96857299065742859e-06,6.60910549616420753e-09,0.00000000000000000e+00
4968,5.39906549996173754e-08,2.72165081955370101e-08,1.96741632707886982e-06,6.62044422266293895e-09,0.00000000000000000e+00
4969,5.39597264138645201e-08,2.72038244624911099e-08,1.96626040190609989e-06,6.63174396538458633e-09,0.00000000000000000e+00
4970,5.39287852060523254e-08,2.71911490793481337e-08,1.96510521406195718e-06,6.64300373681517104e-09,0.00000000000000000e+00
4971,5.38978188047641161e-08,2.71785050870265298e-08,1.96395076296151757e-06,6.65422279067359594e-09,0.00000000000000000e+00
4972,5.38668141756867188e-08,2.71659142470285454e-08,1.96279704824022867e-06,6.66540059502364415e-09,0.00000000000000000e+00
4973,5.38357619583325667e-08,2.71533960895716452e-08,1.96164408587119809e-06,6.67652197201566824e-09,0.00000000000000000e+00
4974,5.38045754808294802e-08,2.71374984512306042e-08,1.96049184311496256e-06,6.68760056184630182e-09,0.00000000000000000e+00
4975,5.37734560496911755e-08,2.71247486672536672e-08,1.95934033365695802e-06,6.69863761832984716e-09,0.00000000000000000e+00
4976,5.37422710420635067e-08,2.71127377391519044e-08,1.95818955889207114e-06,6.70963367350991814e-09,0.00000000000000000e+00
4977,5.37110291564351365e-08,2.71009484288639206e-08,1.95703951841386120e-06,6.72058920186395970e-09,0.00000000000000000e+00
4978,5.36797498405459828e-08,2.70892663805054018e-08,1.95589021159957264e-06,6.73150483749678833e-09,0.00000000000000000e+00
4979,5.36484490171370176e-08,2.70776642445657764e-08,1.95474156449312109e-06,6.74234159670921475e-09,0.00000000000000000e+00
4980,5.36171828030216660e-08,2.70763146468922318e-08,1.95359371289120135e-06,6.75314628562361631e-09,0.00000000000000000e+00
4981,5.35858229730007527e-08,2.70663283281171456e-08,1.95244660378144073e-06,6.76392077124315430e-09,0.00000000000000000e+00
4982,5.35545024263953125e-08,2.70548600101495009e-08,1.95130022683404246e-06,6.77466575854826439e-09,0.00000000000000000e+00
4983,5.35232334857121247e-08,2.70432868383656607e-08,1.95015449518478000e-06,6.78537998791306772e-09,0.00000000000000000e+00
4984,5.34943311004659347e-08,2.70318493633313201e-08,1.94900958765640060e-06,6.79606013120796138e-09,0.00000000000000000e+00
4985,5.34633457506060361e-08,2.70205734480655072e-08,1.94786541917691643e-06,6.80671043361534922e-09,0.00000000000000000e+00
4986,5.34321906195783091e-08,2.70094496438428206e-08,1.94672197029752901e-06,6.81733451600018339e-09,0.00000000000000000e+00
4987,5.34011776746290686e-08,2.69984614461822739e-08,1.94557923994605727e-06,6.82793497194324871e-09,0.00000000000000000e+00
4988,5.33702917279620361e-08,2.69875884618281321e-08,1.94443723076985355e-06,6.83851362592010537e-09,0.00000000000000000e+00
4989,5.33394908147390446e-08,2.69768085205524215e-08,1.94329594507409135e-06,6.84907185934642745e-09,0.00000000000000000e+00
4990,5.33087582056871679e-08,2.69660988547725416e-08,1.94215532015314900e-06,6.85960912555425628e-09,0.00000000000000000e+00
4991,5.32757430410403089e-08,2.69554180472285055e-08,1.94101557030971301e-06,6.87016246928356297e-09,0.00000000000000000e+00
4992,5.32444104676308977e-08,2.69341053335275992e-08,1.93987649136424302e-06,6.88068878194722296e-09,0.00000000000000000e+00
4993,5.32138547519487698e-08,2.69209641434801634e-08,1.93873811796783536e-06,6.89119094557393517e-09,0.00000000000000000e+00
4994,5.31836019573630949e-08,2.69094478538135418e-08,1.93760045911252828e-06,6.90167248343203160e-09,0.00000000000000000e+00
4995,5.31534795932897060e-08,2.68982544233906051e-08,1.93646351901167034e-06,6.91213651392201446e-09,0.00000000000000000e+00
4996,5.31234112354227564e-08,2.68871249520018106e-08,1.93532736135694939e-06,6.92258812101553220e-09,0.00000000000000000e+00
4997,5.30959140508459917e-08,2.68760249413661129e-08,1.93419185121828783e-06,6.93303349318785650e-09,0.00000000000000000e+00
4998,5.30667622586070913e-08,2.68649187551164818e-08,1.93305705577481612e-06,6.94347179105199147e-09,0.00000000000000000e+00
4999,5.30370537227751734e-08,2.68538079304826347e-08,1.93192299019871716e-06,6.95390242755404721e-09,0.00000000000000000e+00
5000,5.30071462787943695e-08,2.68426931524888655e-08,1.93078965402150040e-06,6.96432566168189205e-09,0.00000000000000000e+00
5001,5.29772038574429825e-08,2.68315739380444747e-08,1.92965704363863368e-06,6.97474242077214733e-09,0.00000000000000000e+00
5002,5.29472999624851562e-08,2.68204504203294418e-08,1.92852515595786141e-06,6.98515402362957106e-09,0.00000000000000000e+00
5003,5.29174555528895127e-08,2.68093238506903718e-08,1.92739407322543438e-06,6.99556613394351780e-09,0.00000000000000000e+00
5004,5.28853659593571731e-08,2.67981914307541427e-08,1.92626361744904280e-06,7.00598430767583569e-09,0.00000000000000000e+00
5005,5.28551905643010457e-08,2.67870665691664175e-08,1.92513387116266055e-06,7.01640668543734754e-09,0.00000000000000000e+00
5006,5.28252226022649923e-08,2.67759513886170836e-08,1.92400485236435116e-06,7.02683195685929268e-09,0.00000000000000000e+00
5007,5.27951823867158657e-08,2.67648470895199800e-08,1.92287656089911312e-06,7.03725980722201766e-09,0.00000000000000000e+00
5008,5.27650889851530162e-08,2.67537562282965857e-08,1.92174899299042166e-06,7.04769066654502786e-09,0.00000000000000000e+00
5009,5.27349853466868073e-08,2.67426820679393261e-08,1.92062214529188337e-06,7.05812538090435078e-09,0.00000000000000000e+00
5010,5.27048892525083588e-08,2.67316280327484060e-08,1.91949601559310480e-06,7.06856495818178630e-09,0.00000000000000000e+00
5011,5.26747978234233845e-08,2.67205974078922813e-08,1.91837060256708348e-06,7.07901040510878664e-09,0.00000000000000000e+00
5012,5.26446991184918154e-08,2.67095931128952659e-08,1.91724583126060828e-06,7.08942226789770733e-09,0.00000000000000000e+00
5013,5.26146209320245273e-08,2.67089984635334141e-08,1.91612183796149979e-06,7.09984638860081726e-09,0.00000000000000000e+00
5014,5.25844152354180569e-08,2.67000467383710897e-08,1.91499857063087775e-06,7.11028456454339459e-09,0.00000000000000000e+00
5015,5.25541910761005965e-08,2.66895461206900093e-08,1.91387601894223992e-06,7.12073692603300529e-09,0.00000000000000000e+00
5016,5.25239474277750846e-08,2.66788264459642374e-08,1.91275418043625113e-06,7.13120304828333438e-09,0.00000000000000000e+00
5017,5.24936777386412972e-08,2.66681437955961108e-08,1.91163312913390685e-06,7.14172579255910240e-09,0.00000000000000000e+00
5018,5.24633397080957908e-08,2.66469773661527451e-08,1.91051272641441464e-06,7.15225622566685348e-09,0.00000000000000000e+00
5019,5.24330755741895112e-08,2.66341328326015882e-08,1.90939302288532834e-06,7.16279222662289995e-09,0.00000000000000000e+00
5020,5.24027745040471817e-08,2.66229576132055970e-08,1.90827402742411440e-06,7.17333329475134494e-09,0.00000000000000000e+00
5021,5.23724410957465851e-08,2.66121327826714625e-08,1.90715574089864848e-06,7.18387932351994310e-09,0.00000000000000000e+00
5022,5.23420897864469090e-08,2.66013977797172159e-08,1.90603816264479239e-06,7.19443021790380448e-09,0.00000000000000000e+00
5023,5.23117325028062545e-08,2.65907021779517033e-08,1.90492129174731601e-06,7.20498578008459305e-09,0.00000000000000000e+00
5024,5.22813792997653787e-08,2.65800353605917575e-08,1.90380512729576056e-06,7.21554568262055384e-09,0.00000000000000000e+00
5025,5.22510392100467125e-08,2.65693930266317291e-08,1.90268958437294789e-06,7.22610499517820957e-09,0.00000000000000000e+00
5026,5.22230696639526348e-08,2.65587725081575610e-08,1.90157483975356522e-06,7.23666059357424086e-09,0.00000000000000000e+00
5027,5.21929910606000954e-08,2.65481606170643577e-08,1.90046080965773451e-06,7.24721522105190070e-09,0.00000000000000000e+00
5028,5.21627121648681368e-08,2.65375571908319770e-08,1.89934747514222713e-06,7.25777078869714448e-09,0.00000000000000000e+00
5029,5.21325371513637246e-08,2.65269614572706513e-08,1.89823483534136544e-06,7.26638390144350988e-09,0.00000000000000000e+00
5030,5.20385918441370200e-08,2.64617237572752746e-08,1.89712732838762752e-06,7.27871907225954854e-09,0.00000000000000000e+00
5031,5.21108386131679485e-08,2.65046881169550647e-08,1.89601430074582281e-06,7.28926396676012319e-09,0.00000000000000000e+00
5032,5.20573675304608174e-08,2.64965590600011478e-08,1.89490323369810130e-06,7.29790517034595864e-09,0.00000000000000000e+00
5033,5.19566649678432502e-08,2.64312107649194468e-08,1.89379763561064678e-06,7.31024730642243214e-09,0.00000000000000000e+00
5034,5.20256678536527564e-08,2.64779231266075491e-08,1.89268660223896387e-06,7.31889861178584803e-09,0.00000000000000000e+00
5035,5.19014040456833513e-08,2.64148255095095968e-08,1.89158209474200179e-06,7.33121467847904700e-09,0.00000000000000000e+00
5036,5.19698803750627311e-08,2.64589648806285212e-08,1.89047233831833909e-06,7.33986442669845004e-09,0.00000000000000000e+00
5037,5.18440933994630846e-08,2.63947015707569617e-08,1.88936908907362205e-06,7.35215576990724736e-09,0.00000000000000000e+00
5038,5.19096892142952293e-08,2.64387250750396954e-08,1.88826075338343681e-06,7.36079346273308568e-09,0.00000000000000000e+00
5039,5.17846033434657979e-08,2.63740962611286102e-08,1.88715885329843749e-06,7.37305593129160369e-09,0.00000000000000000e+00
5040,5.18504138884586755e-08,2.64181712923157456e-08,1.88605185626990460e-06,7.38168040890667739e-09,0.00000000000000000e+00
5041,5.17255254544055155e-08,2.63532496108263595e-08,1.88495128573059128e-06,7.39391336944575764e-09,0.00000000000000000e+00
5042,5.17912874892241603e-08,2.63973805060978814e-08,1.88384562801004093e-06,7.40252100765680199e-09,0.00000000000000000e+00
5043,5.16665229895813480e-08,2.63321915266521071e-08,1.88274645397234474e-06,7.41472370502023209e-09,0.00000000000000000e+00
5044,5.17342422374896845e-08,2.63763852279093066e-08,1.88164206783418911e-06,7.42331508667345368e-09,0.00000000000000000e+00
5045,5.16083350590731487e-08,2.63109427370752837e-08,1.88054422345251448e-06,7.43548441365845653e-09,0.00000000000000000e+00
5046,5.16754311996598795e-08,2.63551784739857975e-08,1.87944125717559841e-06,7.44405267815815012e-09,0.00000000000000000e+00
5047,5.15523004566961971e-08,2.62895265848127791e-08,1.87834470772473404e-06,7.45617237946191711e-09,0.00000000000000000e+00
5048,5.16170338166896451e-08,2.63302058692912036e-08,1.87724309198005411e-06,7.46469259058542959e-09,0.00000000000000000e+00
5049,5.14934453023593454e-08,2.62638875061439551e-08,1.87614787963759861e-06,7.47677019247304280e-09,0.00000000000000000e+00
5050,5.15579746882374927e-08,2.63079880883821036e-08,1.87504762464342296e-06,7.48525099474205403e-09,0.00000000000000000e+00
5051,5.14344249566461032e-08,2.62422616721895559e-08,1.87395376450479158e-06,7.49728334906336625e-09,0.00000000000000000e+00
5052,5.14988658291417222e-08,2.62866171736763397e-08,1.87285486865815844e-06,7.50571988409730670e-09,0.00000000000000000e+00
5053,5.13754532426522918e-08,2.62207862488960539e-08,1.87176235882420695e-06,7.51770422841687167e-09,0.00000000000000000e+00
5054,5.14398236928964585e-08,2.62652444277978933e-08,1.87066482237404257e-06,7.52609222708288121e-09,0.00000000000000000e+00
5055,5.13165280859631278e-08,2.61992948642011566e-08,1.86957366398479706e-06,7.53802663459517933e-09,0.00000000000000000e+00
5056,5.13808060880187666e-08,2.62438515368735881e-08,1.86847748869592699e-06,7.54636268960246876e-09,0.00000000000000000e+00
5057,5.12576019630030570e-08,2.61778043466834004e-08,1.86738768338372732e-06,7.55824617235905638e-09,0.00000000000000000e+00
5058,5.13217844553873574e-08,2.62224612114018936e-08,1.86629287074369683e-06,7.56652818481617773e-09,0.00000000000000000e+00
5059,5.11986647453191592e-08,2.61563374332381530e-08,1.86520441970993134e-06,7.57836099958099103e-09,0.00000000000000000e+00
5060,5.12627652776462249e-08,2.62010933665383679e-08,1.86411097066395827e-06,7.58658861361261514e-09,0.00000000000000000e+00
5061,5.11397351336567482e-08,2.61349112803373894e-08,1.86302379952941405e-06,7.59645663289833843e-09,0.00000000000000000e+00
5062,5.11308612748959024e-08,2.61310189128431820e-08,1.86193602321305275e-06,7.60817006571056343e-09,0.00000000000000000e+00
5063,5.11853633326244961e-08,2.61819067138683852e-08,1.86084423863185058e-06,7.61628933235286819e-09,0.00000000000000000e+00
5064,5.10561745090946871e-08,2.61150767595006555e-08,1.85975905936237361e-06,7.62610218158047554e-09,0.00000000000000000e+00
5065,5.10453641882586593e-08,2.61010733704453200e-08,1.85867329797367401e-06,7.63777298591425641e-09,0.00000000000000000e+00
5066,5.10985035418701542e-08,2.61502420749358371e-08,1.85758348202408858e-06,7.64583618418990687e-09,0.00000000000000000e+00
5067,5.09659113155814567e-08,2.60829255462778374e-08,1.85650033346470872e-06,7.65558890634233175e-09,0.00000000000000000e+00
5068,5.09545195960041231e-08,2.60689298892120916e-08,1.85541660503542508e-06,7.66530918178803603e-09,0.00000000000000000e+00
5069,5.09328337441607692e-08,2.60588081444349964e-08,1.85433317711067644e-06,7.67501301425876246e-09,0.00000000000000000e+00
5070,5.09077924873189341e-08,2.60487617951096527e-08,1.85325030609658404e-06,7.68470644800971963e-09,0.00000000000000000e+00
5071,5.08811036311667732e-08,2.60386217501614658e-08,1.85216807036126679e-06,7.69439102084249455e-09,0.00000000000000000e+00
5072,5.08533407915324845e-08,2.60284359625324636e-08,1.85108649160491617e-06,7.70406668460998751e-09,0.00000000000000000e+00
5073,5.08248986086039399e-08,2.60182372254979098e-08,1.85000557270345743e-06,7.71373313450372472e-09,0.00000000000000000e+00
5074,5.07960790890015658e-08,2.60080412013792313e-08,1.84892531105369872e-06,7.72339028442056874e-09,0.00000000000000000e+00
5075,5.07670873539698460e-08,2.59978544692955128e-08,1.84784570345132244e-06,7.73303834533679607e-09,0.00000000000000000e+00
5076,5.07380449657634562e-08,2.59876788382171052e-08,1.84676674764423612e-06,7.74267775562783010e-09,0.00000000000000000e+00
5077,5.07090141957785819e-08,2.59775135473494874e-08,1.84568844253198113e-06,7.75230908215938489e-09,0.00000000000000000e+00
5078,5.06800211177386695e-08,2.59673565795537642e-08,1.84461078794508098e-06,7.76193293866449349e-09,0.00000000000000000e+00
5079,5.06510724781722518e-08,2.59572054488532751e-08,1.84353378429582917e-06,7.77154993256601684e-09,0.00000000000000000e+00
5080,5.06221663207848849e-08,2.59470576924639189e-08,1.84245743232362662e-06,7.78116063689148958e-09,0.00000000000000000e+00
5081,5.05932976882632392e-08,2.59369111467439721e-08,1.84138173289781773e-06,7.79076557987167133e-09,0.00000000000000000e+00
5082,5.05644612855831669e-08,2.59267640831427543e-08,1.84030668691669642e-06,7.80036524508380274e-09,0.00000000000000000e+00
5083,5.05356524004463186e-08,2.59166152984967791e-08,1.83923229525057972e-06,7.80996007669478907e-09,0.00000000000000000e+00
5084,5.05068670606165340e-08,2.59064641171909418e-08,1.83815861920262337e-06,7.81955382864338352e-09,0.00000000000000000e+00
5085,5.04807733210137056e-08,2.58963255301838026e-08,1.83708552609516941e-06,7.82914952763417512e-09,0.00000000000000000e+00
5086,5.04528478211960165e-08,2.58861799208201795e-08,1.83601308269498788e-06,7.83874479052912076e-09,0.00000000000000000e+00
5087,5.04243116834287571e-08,2.58760302919418721e-08,1.83494130448749193e-06,7.84833765956618609e-09,0.00000000000000000e+00
5088,5.03955533932812983e-08,2.58658788250043258e-08,1.83387019163601830e-06,7.85792713796641374e-09,0.00000000000000000e+00
5089,5.03667423125134088e-08,2.58557270443630817e-08,1.83279974137632283e-06,7.86751296372004195e-09,0.00000000000000000e+00
5090,5.03379515526206711e-08,2.58455769347823668e-08,1.83172995152796145e-06,7.87709530600476605e-09,0.00000000000000000e+00
5091,5.03092025995040481e-08,2.58354309820721518e-08,1.83066082102632872e-06,7.88667454141083386e-09,0.00000000000000000e+00
5092,5.02804921766627855e-08,2.58252919579031061e-08,1.82959234962911309e-06,7.89625112141547842e-09,0.00000000000000000e+00
5093,5.02518083467140348e-08,2.58151626894009912e-08,1.82852453754328451e-06,7.90582550682198557e-09,0.00000000000000000e+00
5094,5.02231387114334049e-08,2.58050458884392029e-08,1.82745738514410272e-06,7.91539814226861456e-09,0.00000000000000000e+00
5095,5.01944737265513196e-08,2.57949440496500826e-08,1.82639089280835699e-06,7.92496945025921443e-09,0.00000000000000000e+00
5096,5.01658072028015470e-08,2.57848593564897179e-08,1.82532506085295813e-06,7.93453983149587140e-09,0.00000000000000000e+00
5097,5.01371357637014167e-08,2.57747936279664384e-08,1.82425988952419367e-06,7.94410966421555964e-09,0.00000000000000000e+00
5098,5.01084580916811404e-08,2.57647482199885104e-08,1.82319537897973096e-06,7.95367929939146800e-09,0.00000000000000000e+00
5099,5.00797741979245244e-08,2.57547240155464388e-08,1.82213152931554710e-06,7.96324905129732100e-09,0.00000000000000000e+00
5100,5.00510849302893340e-08,2.57447213737105264e-08,1.82106834057038558e-06,7.97281918449339423e-09,0.00000000000000000e+00
5101,5.00223917122878510e-08,2.57347401086595884e-08,1.82000581273294677e-06,7.98238989903189609e-09,0.00000000000000000e+00
5102,4.99936964170290945e-08,2.57247795108889837e-08,1.81894394576082693e-06,7.99196131594124173e-09,0.00000000000000000e+00
5103,4.99650012415411739e-08,2.57148383241196854e-08,1.81788273956672895e-06,8.00153346481734302e-09,0.00000000000000000e+00
5104,4.99363086928873804e-08,2.57049148398136721e-08,1.81682219403817064e-06,8.01110627496389533e-09,0.00000000000000000e+00
5105,4.99076215634209395e-08,2.56950068703781395e-08,1.81576230904074463e-06,8.02067957091125898e-09,0.00000000000000000e+00
5106,4.98789428558982464e-08,2.56851118505884544e-08,1.81470308440994418e-06,8.03025307254604857e-09,0.00000000000000000e+00
5107,4.98502756916881682e-08,2.56752268713745922e-08,1.81364459683509135e-06,8.03986898798113101e-09,0.00000000000000000e+00
5108,4.98215846317891442e-08,2.56550470669282642e-08,1.81258670513617936e-06,8.04947955428318057e-09,0.00000000000000000e+00
5109,4.97930051140386790e-08,2.56429060317369149e-08,1.81152946162340627e-06,8.05908304577936427e-09,0.00000000000000000e+00
5110,4.97644299713857774e-08,2.56323508724388600e-08,1.81047281527683560e-06,8.06867602996883824e-09,0.00000000000000000e+00
5111,4.97333067636738055e-08,2.56220922706444493e-08,1.80941689974721370e-06,8.07825638558197585e-09,0.00000000000000000e+00
5112,4.97040345968793394e-08,2.56119020349691463e-08,1.80836165081808722e-06,8.08782680937321571e-09,0.00000000000000000e+00
5113,4.96754220415173550e-08,2.56017286375825270e-08,1.80730705378000078e-06,8.09738945569269060e-09,0.00000000000000000e+00
5114,4.96470757335537085e-08,2.55915600413951690e-08,1.80625310869153963e-06,8.10694541348291680e-09,0.00000000000000000e+00
5115,4.96188211075482183e-08,2.55813926835312248e-08,1.80519981847889874e-06,8.11649494580234241e-09,0.00000000000000000e+00
5116,4.95905813016768516e-08,2.55712244111412823e-08,1.80414718552208207e-06,8.12603780854979663e-09,0.00000000000000000e+00
5117,4.95623310797892996e-08,2.55610533395028524e-08,1.80309521109845195e-06,8.13557349076038981e-09,0.00000000000000000e+00
5118,4.95340700739887063e-08,2.55508778482622225e-08,1.80204389565249950e-06,8.14510136431565539e-09,0.00000000000000000e+00
5119,4.95058069726912224e-08,2.55406966492135302e-08,1.80099323916419959e-06,8.15462076612989119e-09,0.00000000000000000e+00
5120,4.94775515059153297e-08,2.55305088121875081e-08,1.79994324139436855e-06,8.16413103815898308e-09,0.00000000000000000e+00
5121,4.94493112194902694e-08,2.55203136851366681e-08,1.79889390204692473e-06,8.17363154423243035e-09,0.00000000000000000e+00
5122,4.94210908919237332e-08,2.55101108909724837e-08,1.79784522083263497e-06,8.18312167577698055e-09,0.00000000000000000e+00
5123,4.93928929243551469e-08,2.54999002516325953e-08,1.79679719750376437e-06,8.19260085314583930e-09,0.00000000000000000e+00
5124,4.93647180927317593e-08,2.54896817756271131e-08,1.79574983183420807e-06,8.20206852584920051e-09,0.00000000000000000e+00
5125,4.93365661701246427e-08,2.54794556217460082e-08,1.79470312363046817e-06,8.21152417301287671e-09,0.00000000000000000e+00
5126,4.93084364618208790e-08,2.54692221055130439e-08,1.79365707270286519e-06,8.22096730438190902e-09,0.00000000000000000e+00
5127,4.92803280052319510e-08,2.54589816709322502e-08,1.79261167887250874e-06,8.23039746172098224e-09,0.00000000000000000e+00
5128,4.92522398399588292e-08,2.54487349073857253e-08,1.79156694195243705e-06,8.23981422033673994e-09,0.00000000000000000e+00
5129,4.92241710141472265e-08,2.54384825047729835e-08,1.79052286175371032e-06,8.24921719043690674e-09,0.00000000000000000e+00
5130,4.91961206578551706e-08,2.54282252795604119e-08,1.78947943808014343e-06,8.25860601811192503e-09,0.00000000000000000e+00
5131,4.91680880147469186e-08,2.54179641151555732e-08,1.78843667072664832e-06,8.26798038589806645e-09,0.00000000000000000e+00
5132,4.91400724263084515e-08,2.54076999871667282e-08,1.78739455946669958e-06,8.27734001293879996e-09,0.00000000000000000e+00
5133,4.91120733336272893e-08,2.53974339043246525e-08,1.78635310407543494e-06,8.28668465493249743e-09,0.00000000000000000e+00
5134,4.90840903184186375e-08,2.53871669075184824e-08,1.78531230430710051e-06,8.29601410406902038e-09,0.00000000000000000e+00
5135,4.90561231217604722e-08,2.53769000184204163e-08,1.78427208294544056e-06,8.30528990854395221e-09,0.00000000000000000e+00
5136,4.90282122791510852e-08,2.53768903940488004e-08,1.78323258219094299e-06,8.31455461816677948e-09,0.00000000000000000e+00
5137,4.90002232921371077e-08,2.53684983374569228e-08,1.78219374794423626e-06,8.32380899275551344e-09,0.00000000000000000e+00
5138,4.89722674512880030e-08,2.53584918719905965e-08,1.78115556996985364e-06,8.33305254906362686e-09,0.00000000000000000e+00
5139,4.89443459030636065e-08,2.53481783857642948e-08,1.78011804625135378e-06,8.34228456769707598e-09,0.00000000000000000e+00
5140,4.89164513302346750e-08,2.53378063724192667e-08,1.77908117626571143e-06,8.35150438833527779e-09,0.00000000000000000e+00
5141,4.88885795357291585e-08,2.53274223384670183e-08,1.77804495974703657e-06,8.36071148634759433e-09,0.00000000000000000e+00
5142,4.88607285944931405e-08,2.53170361030853085e-08,1.77700939642319935e-06,8.36990548197165264e-09,0.00000000000000000e+00
5143,4.88328976745448865e-08,2.53066516553923691e-08,1.77597448600250807e-06,8.37908612967299626e-09,0.00000000000000000e+00
5144,4.88050865202866066e-08,2.52962721753810017e-08,1.77494022816063066e-06,8.38825330286579378e-09,0.00000000000000000e+00
5145,4.87772952320581477e-08,2.52859005365129089e-08,1.77390662256719079e-06,8.39740697873665372e-09,0.00000000000000000e+00
5146,4.87495240692332076e-08,2.52755392199792403e-08,1.77287366887567302e-06,8.40654722444512769e-09,0.00000000000000000e+00
5147,4.87217734733568666e-08,2.52651902434001114e-08,1.77184136673018184e-06,8.41567418485737967e-09,0.00000000000000000e+00
5148,4.86940438838418323e-08,2.52548552159135094e-08,1.77080971577741132e-06,8.42478807161705549e-09,0.00000000000000000e+00
5149,4.86663357810680377e-08,2.52445353818705960e-08,1.76977871565247240e-06,8.43388915333174936e-09,0.00000000000000000e+00
5150,4.86386495595329848e-08,2.52342316879800091e-08,1.76874836598999803e-06,8.44297774665474123e-09,0.00000000000000000e+00
5151,4.86109855705225385e-08,2.52239448352049561e-08,1.76771866642112782e-06,8.45205420813786664e-09,0.00000000000000000e+00
5152,4.85833440913220858e-08,2.52136753052584640e-08,1.76668961656957564e-06,8.46111892673525857e-09,0.00000000000000000e+00
5153,4.85557252887990827e-08,2.52034234149219611e-08,1.76566121606545808e-06,8.47017231690705994e-09,0.00000000000000000e+00
5154,4.85281292453041372e-08,2.51931893216786222e-08,1.76463346452498240e-06,8.47921481228009342e-09,0.00000000000000000e+00
5155,4.85005559232595919e-08,2.51829730596113524e-08,1.76360636157006104e-06,8.48824685981054545e-09,0.00000000000000000e+00
5156,4.84730051914994040e-08,2.51727745485333723e-08,1.76257990681674816e-06,8.49726891444514564e-09,0.00000000000000000e+00
5157,4.84454768289977572e-08,2.51625936449469608e-08,1.76155409987941061e-06,8.50628143422288284e-09,0.00000000000000000e+00
5158,4.84179705165271904e-08,2.51524301099710855e-08,1.76052894037671565e-06,8.51528487581694662e-09,0.00000000000000000e+00
5159,4.83904858381999066e-08,2.51422836690982964e-08,1.75950442791681461e-06,8.52427969048405857e-09,0.00000000000000000e+00
5160,4.83630222875922046e-08,2.51321540241978279e-08,1.75848056211505247e-06,8.53326632042060272e-09,0.00000000000000000e+00
5161,4.83355793366249801e-08,2.51220408561219725e-08,1.75745734258344197e-06,8.54224519550974276e-09,0.00000000000000000e+00
5162,4.83081563163131863e-08,2.51119438368738080e-08,1.75643476893552962e-06,8.55121673046981613e-09,0.00000000000000000e+00
5163,4.82807525621467903e-08,2.51018626524453399e-08,1.75541284077846261e-06,8.56018132239741735e-09,0.00000000000000000e+00
5164,4.82533673898458054e-08,2.50917969995692428e-08,1.75439155772599899e-06,8.56913934869369595e-09,0.00000000000000000e+00
5165,4.82260000288318413e-08,2.50817466039858404e-08,1.75337091938483363e-06,8.57809116538360978e-09,0.00000000000000000e+00
5166,4.81986497583714454e-08,2.50717111931570839e-08,1.75235092536157180e-06,8.58703710579477869e-09,0.00000000000000000e+00
5167,4.81713158418907090e-08,2.50616905387954013e-08,1.75133157526441949e-06,8.59597747956865619e-09,0.00000000000000000e+00
5168,4.81439975440297537e-08,2.50516844133313558e-08,1.75031286869865467e-06,8.60491257198325226e-09,0.00000000000000000e+00
5169,4.81166941797054993e-08,2.50416926157937215e-08,1.74929480526419151e-06,8.61384264351938289e-09,0.00000000000000000e+00
5170,4.80894051104465663e-08,2.50317149418447169e-08,1.74827738456347318e-06,8.62276792963545538e-09,0.00000000000000000e+00
5171,4.80621297536211234e-08,2.50217512023461431e-08,1.74726060619321162e-06,8.63168864069844333e-09,0.00000000000000000e+00
5172,4.80348675731367641e-08,2.50118011892927016e-08,1.74624446974098967e-06,8.64060496200773929e-09,0.00000000000000000e+00
5173,4.80076181185629797e-08,2.50018646834224793e-08,1.74522897480357222e-06,8.64951705388203019e-09,0.00000000000000000e+00
5174,4.79803810202855747e-08,2.49919414508926355e-08,1.74421412096739584e-06,8.65842505176066172e-09,0.00000000000000000e+00
5175,4.79531559964602653e-08,2.49820312171847715e-08,1.74319990781615529e-06,8.66732906630482899e-09,0.00000000000000000e+00
5176,4.79259428622016032e-08,2.49721336710298732e-08,1.74218633492755635e-06,8.67622918347874777e-09,0.00000000000000000e+00
5177,4.78987414803129290e-08,2.49622484650197266e-08,1.74117340188232873e-06,8.68512546461323654e-09,0.00000000000000000e+00
5178,4.78715518506110916e-08,2.49523751918365921e-08,1.74016110825717279e-06,8.69401794646189033e-09,0.00000000000000000e+00
5179,4.78443740528869984e-08,2.49425134074441135e-08,1.73914945361932098e-06,8.70290664127226955e-09,0.00000000000000000e+00
5180,4.78172082276908446e-08,2.49326625894564753e-08,1.73813843754000459e-06,8.71179153689136551e-09,0.00000000000000000e+00
5181,4.77900546128278183e-08,2.49228221739672733e-08,1.73712805958736112e-06,8.72067259692777576e-09,0.00000000000000000e+00
5182,4.77629135144816490e-08,2.49129915402388875e-08,1.73611831932939613e-06,8.72954976102390616e-09,0.00000000000000000e+00
5183,4.77357853059236364e-08,2.49031700043049483e-08,1.73510921633074486e-06,8.73842294522315460e-09,0.00000000000000000e+00
5184,4.77086703921563175e-08,2.48933568295883212e-08,1.73410075015562030e-06,8.74729204248316175e-09,0.00000000000000000e+00
5185,4.76815692558552564e-08,2.48835512330059711e-08,1.73309292037288584e-06,8.75615692333133676e-09,0.00000000000000000e+00
5186,4.76544823738053930e-08,2.48737523849826307e-08,1.73208572654599744e-06,8.76501743667729423e-09,0.00000000000000000e+00
5187,4.76274102851987977e-08,2.48639594176030127e-08,1.73107916824699106e-06,8.77387341077591745e-09,0.00000000000000000e+00
5188,4.76003535074570212e-08,2.48541714362492023e-08,1.73007324504326305e-06,8.78272465434153425e-09,0.00000000000000000e+00
5189,4.75733125685049019e-08,2.48443875144586771e-08,1.72906795650879375e-06,8.79157095779823361e-09,0.00000000000000000e+00
5190,4.75462879724986006e-08,2.48346067143229755e-08,1.72806330222278014e-06,8.80041209466206295e-09,0.00000000000000000e+00
5191,4.75192802273173256e-08,2.48248280878413801e-08,1.72705928176219026e-06,8.80924782302509769e-09,0.00000000000000000e+00
5192,4.74922897905075821e-08,2.48150506976840288e-08,1.72605589470890026e-06,8.81807788714293980e-09,0.00000000000000000e+00
5193,4.74653170702696683e-08,2.48052736202096013e-08,1.72505314065485479e-06,8.82690201910220638e-09,0.00000000000000000e+00
5194,4.74383624761408578e-08,2.47954959468130681e-08,1.72405101919018455e-06,8.83571994055481807e-09,0.00000000000000000e+00
5195,4.74114263230707046e-08,2.47857168110247990e-08,1.72304952991073072e-06,8.84453136450372642e-09,0.00000000000000000e+00
5196,4.73845088963155997e-08,2.47759353899625129e-08,1.72204867241691252e-06,8.85333599714209876e-09,0.00000000000000000e+00
5197,4.73576104044548254e-08,2.47661509103534806e-08,1.72104844631674871e-06,8.86213353971335290e-09,0.00000000000000000e+00
5198,4.73307310418055749e-08,2.47563626649651439e-08,1.72004885121537011e-06,8.87092369041101726e-09,0.00000000000000000e+00
5199,4.73038709339280154e-08,2.47465700220850425e-08,1.71904988673384170e-06,8.87970614628613002e-09,0.00000000000000000e+00
5200,4.72770300999738926e-08,2.47367724271023299e-08,1.71805155248103438e-06,8.88848060516311340e-09,0.00000000000000000e+00
5201,4.72502085925235511e-08,2.47269694128058648e-08,1.71705384808078780e-06,8.89724676756080644e-09,0.00000000000000000e+00
5202,4.72234063778023197e-08,2.47171605948381387e-08,1.71605677315611068e-06,8.90600433859627073e-09,0.00000000000000000e+00
5203,4.71966233836444867e-08,2.47073456997951902e-08,1.71506032734015665e-06,8.91475302986816158e-09,0.00000000000000000e+00
5204,4.71698595201442084e-08,2.46975245480992485e-08,1.71406451025667686e-06,8.92349256130260639e-09,0.00000000000000000e+00
5205,4.71431146194550704e-08,2.46876970593840259e-08,1.71306932153762594e-06,8.93222266295035209e-09,0.00000000000000000e+00
5206,4.71163885751522799e-08,2.46778632546924281e-08,1.71207476081751492e-06,8.94094307671315401e-09,0.00000000000000000e+00
5207,4.70896811720816065e-08,2.46680232518718944e-08,1.71108082773026228e-06,8.94965355799275871e-09,0.00000000000000000e+00
5208,4.70629922577854315e-08,2.46581772829014026e-08,1.71008752191511967e-06,8.95835387723349662e-09,0.00000000000000000e+00
5209,4.70363216474944824e-08,2.46483256541540569e-08,1.70909484299995797e-06,8.96704382135146148e-09,0.00000000000000000e+00
5210,4.70096691519174758e-08,2.46384687734813796e-08,1.70810279062804800e-06,8.97572319502576747e-09,0.00000000000000000e+00
5211,4.69830345869444420e-08,2.46286071229348602e-08,1.70711136443225602e-06,8.98439182184350938e-09,0.00000000000000000e+00
5212,4.69564178090967546e-08,2.46187412695503423e-08,1.70612056404768850e-06,8.99304954528127865e-09,0.00000000000000000e+00
5213,4.69298186457088781e-08,2.46088718437312169e-08,1.70513038911100473e-06,9.00169622950929041e-09,0.00000000000000000e+00
5214,4.69032369886217925e-08,2.45989995349286665e-08,1.70414083925155368e-06,9.01033176001334886e-09,0.00000000000000000e+00
5215,4.68766727203485273e-08,2.45891250763616112e-08,1.70315191410477873e-06,9.01895604402941161e-09,0.00000000000000000e+00
5216,4.68501257635266253e-08,2.45792492604771578e-08,1.70216361329761500e-06,9.02756901078567229e-09,0.00000000000000000e+00
5217,4.68235960644207730e-08,2.45693728949812185e-08,1.70117593645915503e-06,9.03617061154699511e-09,0.00000000000000000e+00
5218,4.67970835761958519e-08,2.45594968136659746e-08,1.70018888321858771e-06,9.04476081947993214e-09,0.00000000000000000e+00
5219,4.67705883069065100e-08,2.45496218607235869e-08,1.69920245319666800e-06,9.05333962932817744e-09,0.00000000000000000e+00
5220,4.67441102693952292e-08,2.45397488878125271e-08,1.69821664601651919e-06,9.06190705692238139e-09,0.00000000000000000e+00
5221,4.67176495060335225e-08,2.45298787335751863e-08,1.69723146130244933e-06,9.07046313852052549e-09,0.00000000000000000e+00
5222,4.66912060623855156e-08,2.45200122293627159e-08,1.69624689866712086e-06,9.07900793001020094e-09,0.00000000000000000e+00
5223,4.66647800325075138e-08,2.45101501800911364e-08,1.69526295773114982e-06,9.08754150597472504e-09,0.00000000000000000e+00
5224,4.66383714811448296e-08,2.45002933640485719e-08,1.69427963810688207e-06,9.09606395864622668e-09,0.00000000000000000e+00
5225,4.66119805409234666e-08,2.44904425226082656e-08,1.69329693940717632e-06,9.10457539676362917e-09,0.00000000000000000e+00
5226,4.65856072877821916e-08,2.44805983602655624e-08,1.69231486124478225e-06,9.11307594434896229e-09,0.00000000000000000e+00
5227,4.65592518505006712e-08,2.44707615335592035e-08,1.69133340322922972e-06,9.12156573942652604e-09,0.00000000000000000e+00
5228,4.65329143232674868e-08,2.44609326597840832e-08,1.69035256496707427e-06,9.13004493269336985e-09,0.00000000000000000e+00
5229,4.65065948146573003e-08,2.44511122913133292e-08,1.68937234606431090e-06,9.13851368616770098e-09,0.00000000000000000e+00
5230,4.64802934070502068e-08,2.44413009455159096e-08,1.68839274612801289e-06,9.14697217182328707e-09,0.00000000000000000e+00
5231,4.64540101898665612e-08,2.44314990721814271e-08,1.68741376476373053e-06,9.15542057022578605e-09,0.00000000000000000e+00
5232,4.64277452174320857e-08,2.44217070825143344e-08,1.68643540157260216e-06,9.16385906917990546e-09,0.00000000000000000e+00
5233,4.64014985225442400e-08,2.44119253257724215e-08,1.68545765616237783e-06,9.17228786240826434e-09,0.00000000000000000e+00
5234,4.63752701416679777e-08,2.44021541093460096e-08,1.68448052813246771e-06,9.18070714825701439e-09,0.00000000000000000e+00
5235,4.63490600631017175e-08,2.43923936810642930e-08,1.68350401708576772e-06,9.18911712844015330e-09,0.00000000000000000e+00
5236,4.63228682686151595e-08,2.43826442512261701e-08,1.68252812262593144e-06,9.19751800684006658e-09,0.00000000000000000e+00
5237,4.62966946895600422e-08,2.43729059859468490e-08,1.68155284435397672e-06,9.20590998834190764e-09,0.00000000000000000e+00
5238,4.62705392510618624e-08,2.43631790048484715e-08,1.68057818187111939e-06,9.21429327773172369e-09,0.00000000000000000e+00
5239,4.62444018584458022e-08,2.43534633969504087e-08,1.67960413478076272e-06,9.22266807864629710e-09,0.00000000000000000e+00
5240,4.62182823702728374e-08,2.43437592100732786e-08,1.67863070268462909e-06,9.23103459256830450e-09,0.00000000000000000e+00
5241,4.61921806542825388e-08,2.43340664599810560e-08,1.67765788518456896e-06,9.23939301788575623e-09,0.00000000000000000e+00
5242,4.61660965172016019e-08,2.43243851411991353e-08,1.67668568188201902e-06,9.24774354899633673e-09,0.00000000000000000e+00
5243,4.61400297706209413e-08,2.43147152042771738e-08,1.67571409237785587e-06,9.25608637546553820e-09,0.00000000000000000e+00
5244,4.61139802314941761e-08,2.43050566001460600e-08,1.67474311627376163e-06,9.26442168123433730e-09,0.00000000000000000e+00
5245,4.60879476552422765e-08,2.42954092454197909e-08,1.67377275317253565e-06,9.27274964387556648e-09,0.00000000000000000e+00
5246,4.60619318241059230e-08,2.42857730365987356e-08,1.67280300267612370e-06,9.28107043389515973e-09,0.00000000000000000e+00
5247,4.60359325212914927e-08,2.42761478506068595e-08,1.67183386438883116e-06,9.28938421407873782e-09,0.00000000000000000e+00
5248,4.60099494896587420e-08,2.42665335630594589e-08,1.67086533790459064e-06,9.29769113889085842e-09,0.00000000000000000e+00
5249,4.59839825102671306e-08,2.42569300245115859e-08,1.66989742283142219e-06,9.30599135390787631e-09,0.00000000000000000e+00
5250,4.59580313541349729e-08,2.42473370701587731e-08,1.66893011876296515e-06,9.31428499530426250e-09,0.00000000000000000e+00
5251,4.59320958018334538e-08,2.42377545254498539e-08,1.66796342531003984e-06,9.32257218938062828e-09,0.00000000000000000e+00
5252,4.59061756434239619e-08,2.42281822127093179e-08,1.66699734206228400e-06,9.33085305213533328e-09,0.00000000000000000e+00
5253,4.58802707019621880e-08,2.42186199308971311e-08,1.66603186862280659e-06,9.33912768889224762e-09,0.00000000000000000e+00
5254,4.58543807939969158e-08,2.42090674712625960e-08,1.66506700459306124e-06,9.34739619396413900e-09,0.00000000000000000e+00
5255,4.58285057707887165e-08,2.41995246178345622e-08,1.66410274956448880e-06,9.35565865037914725e-09,0.00000000000000000e+00
5256,4.58026455071260562e-08,2.41899911409317479e-08,1.66313910314441412e-06,9.36391512964744164e-09,0.00000000000000000e+00
5257,4.57767998738341937e-08,2.41804668021906641e-08,1.66217606492288595e-06,9.37216569158972651e-09,0.00000000000000000e+00
5258,4.57509688086213533e-08,2.41709513409821022e-08,1.66121363450057613e-06,9.38041038421784431e-09,0.00000000000000000e+00
5259,4.57251522549802002e-08,2.41614445019322358e-08,1.66025181146965395e-06,9.38864924367100664e-09,0.00000000000000000e+00
5260,4.56993501693747564e-08,2.41519459967362591e-08,1.65929059543059430e-06,9.39688229421125796e-09,0.00000000000000000e+00
5261,4.56735625446353048e-08,2.41424555584844586e-08,1.65832998597941435e-06,9.40510954827741939e-09,0.00000000000000000e+00
5262,4.56477893983357079e-08,2.41329728755968234e-08,1.65736998270903282e-06,9.41333100659809809e-09,0.00000000000000000e+00
5263,4.56220307697517054e-08,2.41234976445847804e-08,1.65641058521870041e-06,9.42154665836542164e-09,0.00000000000000000e+00
5264,4.55962867209845701e-08,2.41140295493055541e-08,1.65545179310433350e-06,9.42975648146811939e-09,0.00000000000000000e+00
5265,4.55705573169936823e-08,2.41045682584912889e-08,1.65449360595861809e-06,9.43796044278169078e-09,0.00000000000000000e+00
5266,4.55448426669959465e-08,2.40951134445122942e-08,1.65353602338555293e-06,9.44615849851965268e-09,0.00000000000000000e+00
5267,4.55191428716469152e-08,2.40856647573605637e-08,1.65257904497351325e-06,9.45435059463920532e-09,0.00000000000000000e+00
5268,4.54934580537096143e-08,2.40762218528083729e-08,1.65162267032743590e-06,9.46253666729872935e-09,0.00000000000000000e+00
5269,4.54677883466732600e-08,2.40667843832217932e-08,1.65066689904470473e-06,9.47071664337354122e-09,0.00000000000000000e+00
5270,4.54421338869660081e-08,2.40573519838201235e-08,1.64971173072788172e-06,9.47889044101176682e-09,0.00000000000000000e+00
5271,4.54164948154472473e-08,2.40479243092577280e-08,1.64875716497129081e-06,9.48705797024382303e-09,0.00000000000000000e+00
5272,4.53908712736705495e-08,2.40385010067976652e-08,1.64780320138477762e-06,9.49521913362943182e-09,0.00000000000000000e+00
5273,4.53652634200247696e-08,2.40290817299101272e-08,1.64684983956876495e-06,9.50337382693969512e-09,0.00000000000000000e+00
5274,4.53396713686098975e-08,2.40196661224440177e-08,1.64589707913055433e-06,9.51014959563632961e-09,0.00000000000000000e+00
5275,4.52825479705538102e-08,2.39489036486072179e-08,1.64494803762105959e-06,9.51919231066357984e-09,0.00000000000000000e+00
5276,4.53325019525618534e-08,2.39983758921152680e-08,1.64399478713944756e-06,9.52732958786932755e-09,0.00000000000000000e+00
5277,4.52815243424982969e-08,2.39946151617649068e-08,1.64304336391479669e-06,9.53409774624660024e-09,0.00000000000000000e+00
5278,4.52159035865233171e-08,2.39235059983709151e-08,1.64209601686490753e-06,9.54313885237259909e-09,0.00000000000000000e+00
5279,4.52618869997188767e-08,2.39727326501705984e-08,1.64114458957138144e-06,9.54989096211780749e-09,0.00000000000000000e+00
5280,4.51722583650705702e-08,2.39070250021542446e-08,1.64019808869491878e-06,9.55892600833511621e-09,0.00000000000000000e+00
5281,4.52170595926605584e-08,2.39564491734027060e-08,1.63924777882790123e-06,9.56566810400784344e-09,0.00000000000000000e+00
5282,4.51240822949649043e-08,2.38902256046021186e-08,1.63830245323948433e-06,9.57331732594915145e-09,0.00000000000000000e+00
5283,4.51159659994207627e-08,2.38786885052689253e-08,1.63735641252027183e-06,9.58095482645513558e-09,0.00000000000000000e+00
5284,4.51016191085218845e-08,2.38716576505379663e-08,1.63641060200575372e-06,9.58859198267889886e-09,0.00000000000000000e+00
5285,4.50823646987381410e-08,2.38645389281909266e-08,1.63546530052189995e-06,9.59622980963338760e-09,0.00000000000000000e+00
5286,4.50601073295717968e-08,2.38570970053950053e-08,1.63452058276304041e-06,9.60386564426433181e-09,0.00000000000000000e+00
5287,4.50360465642007137e-08,2.38494509424302399e-08,1.63357645825027013e-06,9.61149651751425769e-09,0.00000000000000000e+00
5288,4.50110200406117672e-08,2.38416800078874020e-08,1.63263291853389844e-06,9.61912028015008756e-09,0.00000000000000000e+00
5289,4.49855596993414023e-08,2.38338249734054558e-08,1.63168995345269407e-06,9.62673567514304813e-09,0.00000000000000000e+00
5290,4.49599577213419364e-08,2.38259071056829620e-08,1.63074755578313695e-06,9.63434206224119554e-09,0.00000000000000000e+00
5291,4.49343490557051608e-08,2.38179378338288766e-08,1.62980572158593647e-06,9.64193911585428462e-09,0.00000000000000000e+00
5292,4.49087812956231162e-08,2.38099232904526382e-08,1.62886444932153146e-06,9.64952660370654176e-09,0.00000000000000000e+00
5293,4.48832613154303177e-08,2.38018667084508767e-08,1.62792373887310805e-06,9.65710425807230276e-09,0.00000000000000000e+00
5294,4.48577814187390060e-08,2.37937697889188773e-08,1.62698359081296679e-06,9.66467171901895066e-09,0.00000000000000000e+00
5295,4.48323316278196330e-08,2.37856335170614267e-08,1.62604400597142528e-06,9.67222852456171437e-09,0.00000000000000000e+00
5296,4.48069043477974271e-08,2.37774586170512851e-08,1.62510498521364383e-06,9.67977412762768235e-09,0.00000000000000000e+00
5297,4.47814951129095694e-08,2.37692457991064546e-08,1.62416652934847854e-06,9.68730792624315349e-09,0.00000000000000000e+00
5298,4.47561021369738501e-08,2.37609959179839625e-08,1.62322863909515525e-06,9.69482929879686610e-09,0.00000000000000000e+00
5299,4.47307254053477628e-08,2.37527099754338951e-08,1.62229131510023667e-06,9.70233764009053580e-09,0.00000000000000000e+00
5300,4.47053658559860685e-08,2.37443891368729695e-08,1.62135455793463993e-06,9.70983239637233997e-09,0.00000000000000000e+00
5301,4.46800248465881373e-08,2.37360347036868410e-08,1.62041836812318941e-06,9.71731309886624720e-09,0.00000000000000000e+00
5302,4.46547038235476020e-08,2.37276480682924444e-08,1.61948274615519190e-06,9.72477939565309000e-09,0.00000000000000000e+00
5303,4.46294041353784886e-08,2.37192307360599607e-08,1.61854773651487130e-06,9.73218628439279977e-09,0.00000000000000000e+00
5304,4.46040558152103773e-08,2.37026863378060134e-08,1.61761321293616966e-06,9.73962942402259969e-09,0.00000000000000000e+00
5305,4.45788795122515950e-08,2.37009451337807383e-08,1.61667933686209438e-06,9.74701372881729726e-09,0.00000000000000000e+00
5306,4.45535756639278134e-08,2.36855660142130789e-08,1.61574595149959737e-06,9.75443461388220372e-09,0.00000000000000000e+00
5307,4.45284451981256647e-08,2.36839933885758483e-08,1.61481321428450953e-06,9.76179634348127788e-09,0.00000000000000000e+00
5308,4.45031933260886366e-08,2.36686115309734425e-08,1.61388101308143689e-06,9.76914905533708514e-09,0.00000000000000000e+00
5309,4.44780450092320974e-08,2.36587908132227333e-08,1.61294933392634992e-06,9.77654134069093983e-09,0.00000000000000000e+00
5310,4.44529937270947649e-08,2.36582429069987508e-08,1.61201830763741008e-06,9.78387543663243800e-09,0.00000000000000000e+00
5311,4.44278166775805255e-08,2.36429745051024095e-08,1.61108777426796547e-06,9.79124852222729722e-09,0.00000000000000000e+00
5312,4.44028146434937466e-08,2.36413114259973467e-08,1.61015789051081337e-06,9.79856528116995565e-09,0.00000000000000000e+00
5313,4.43776892533080936e-08,2.36258235190122080e-08,1.60922854445629472e-06,9.80383652907453377e-09,0.00000000000000000e+00
5314,4.43103607242955836e-08,2.36170305192471268e-08,1.60830291861205449e-06,9.81234903981942337e-09,0.00000000000000000e+00
5315,4.43396399963933235e-08,2.36158178722044593e-08,1.60737292275804143e-06,9.81973715567024800e-09,0.00000000000000000e+00
5316,4.43162025019756560e-08,2.36082812308209273e-08,1.60644482764863524e-06,9.82505523664898120e-09,0.00000000000000000e+00
5317,4.42460118091042990e-08,2.35926567588624698e-08,1.60552076142809188e-06,9.83164449403694013e-09,0.00000000000000000e+00
5318,4.42314771621427433e-08,2.35909617922222560e-08,1.60459556058107609e-06,9.84009372351295056e-09,0.00000000000000000e+00
5319,4.42539947788998720e-08,2.35743657169837772e-08,1.60366758993610466e-06,9.84549451131891975e-09,0.00000000000000000e+00
5320,4.41849510171376562e-08,2.35649621872244377e-08,1.60274474464119422e-06,9.85205994355691607e-09,0.00000000000000000e+00
5321,4.41644219592712411e-08,2.35561584539526174e-08,1.60182118008226725e-06,9.85864332488134095e-09,0.00000000000000000e+00
5322,4.41454544764808235e-08,2.35473683491951101e-08,1.60089783602253021e-06,9.86524282400604594e-09,0.00000000000000000e+00
5323,4.41244142040381915e-08,2.35385619155657433e-08,1.59997500051104979e-06,9.87185502682422890e-09,0.00000000000000000e+00
5324,4.41013153369085692e-08,2.35297189709065187e-08,1.59905274165129153e-06,9.87847604695562584e-09,0.00000000000000000e+00
5325,4.40769873253477744e-08,2.35208437379428483e-08,1.59813106045123649e-06,9.88510276117221833e-09,0.00000000000000000e+00
5326,4.40521245657485350e-08,2.35119483213115118e-08,1.59720994423358437e-06,9.88917748693513262e-09,0.00000000000000000e+00
5327,4.39942940220517065e-08,2.34901032070168577e-08,1.59628979642243027e-06,9.89720961119551391e-09,0.00000000000000000e+00
5328,4.40138467508111262e-08,2.34922428017295428e-08,1.59536864681695776e-06,9.90133387290942566e-09,0.00000000000000000e+00
5329,4.39574038064310720e-08,2.34724642307734241e-08,1.59444946427691604e-06,9.90684748616966423e-09,0.00000000000000000e+00
5330,4.39399454861123613e-08,2.34616784995668456e-08,1.59353009186658614e-06,9.91241213611371990e-09,0.00000000000000000e+00
5331,4.39234575905914981e-08,2.34530374643611735e-08,1.59261115779478725e-06,9.91801118863650886e-09,0.00000000000000000e+00
5332,4.39032304198580721e-08,2.34446284768361452e-08,1.59169284278794310e-06,9.92363124109675808e-09,0.00000000000000000e+00
5333,4.38801001764390262e-08,2.34361662352613717e-08,1.59077516400514148e-06,9.92926222415409407e-09,0.00000000000000000e+00
5334,4.38555494606772360e-08,2.34276367914054311e-08,1.58985809809851888e-06,9.93489743862082590e-09,0.00000000000000000e+00
5335,4.38305365913970487e-08,2.34190625471351844e-08,1.58894162271598546e-06,9.93973129949047201e-09,0.00000000000000000e+00
5336,4.37995036115713989e-08,2.34143925630112622e-08,1.58802627953604058e-06,9.94494085250684948e-09,0.00000000000000000e+00
5337,4.37752572284251378e-08,2.34065983685740057e-08,1.58711118685980064e-06,9.93793040753958621e-09,0.00000000000000000e+00
5338,4.36542287128686342e-08,2.33862634515647053e-08,1.58620156282589980e-06,9.95280696028916103e-09,0.00000000000000000e+00
5339,4.37939353435996999e-08,2.33964959999609728e-08,1.58528160367768137e-06,9.95655800326022400e-09,0.00000000000000000e+00
5340,4.37325752762716993e-08,2.33808856866244905e-08,1.58436843341800650e-06,9.94892604146744904e-09,0.00000000000000000e+00
5341,4.35968545444231771e-08,2.33632098758304918e-08,1.58346054112586049e-06,9.96156252050526439e-09,0.00000000000000000e+00
5342,4.36932345863980917e-08,2.33557330384844937e-08,1.58254383601565558e-06,9.96708253374124214e-09,0.00000000000000000e+00
5343,4.36669357353414150e-08,2.33523225333433277e-08,1.58163173129128768e-06,9.95927150519130502e-09,0.00000000000000000e+00
5344,4.35265943258945033e-08,2.33365359841789566e-08,1.58072549958422745e-06,9.97224946708305561e-09,0.00000000000000000e+00
5345,4.36209333803834507e-08,2.33293160506068187e-08,1.57981052060620511e-06,9.96412194612394158e-09,0.00000000000000000e+00
5346,4.35032662259064809e-08,2.33180258448228253e-08,1.57890433356618560e-06,9.97667787247937726e-09,0.00000000000000000e+00
5347,4.35753042690467633e-08,2.33161579088614412e-08,1.57799124894061906e-06,9.96883490089721976e-09,0.00000000000000000e+00
5348,4.34537499694742887e-08,2.33012470926912197e-08,1.57708625722303936e-06,9.96767386313557163e-09,0.00000000000000000e+00
5349,4.34525755958129928e-08,2.32916263053888693e-08,1.57617781263639240e-06,9.98088793752206485e-09,0.00000000000000000e+00
5350,4.35164735090603022e-08,2.32896355978965542e-08,1.57526655831832388e-06,9.97284326232348221e-09,0.00000000000000000e+00
5351,4.33837314446825665e-08,2.32745955875385953e-08,1.57436350644919733e-06,9.97181363652991881e-09,0.00000000000000000e+00
5352,4.33796520468321111e-08,2.32649626939792368e-08,1.57345684419734491e-06,9.97094745880706581e-09,0.00000000000000000e+00
5353,4.33684437775044204e-08,2.32562992784822838e-08,1.57255079910124301e-06,9.98490777328658275e-09,0.00000000000000000e+00
5354,4.34239650322685582e-08,2.32541984891315645e-08,1.57164199586395952e-06,2.94605176934524498e-10,0.00000000000000000e+00
5355,2.44536369171317392e-07,2.36071729541943506e-07,1.58213105440505587e-06,1.57302583552631895e-09,0.00000000000000000e+00
5356,1.80812596125614625e-07,1.73483739778822760e-07,1.58026401220286655e-06,2.23201073978116815e-09,0.00000000000000000e+00
5357,1.42303420293809195e-07,1.39985494624148017e-07,1.57814621070052409e-06,1.53882080400792283e-09,0.00000000000000000e+00
5358,1.12903016771544452e-07,1.05600303109756471e-07,1.57478348566625543e-06,8.87563689974034781e-10,0.00000000000000000e+00
5359,9.12603921218590340e-08,8.17403543673547247e-08,1.57217951274034022e-06,3.92357142089219643e-10,0.00000000000000000e+00
5360,7.31065220335118864e-08,6.08110637964555955e-08,1.56975621319769269e-06,8.91146131614633080e-10,0.00000000000000000e+00
5361,6.35804129968389063e-08,4.95475920452915899e-08,1.56807549879386249e-06,1.47281390260842825e-09,0.00000000000000000e+00
5362,5.77756981189694207e-08,4.16378995945983714e-08,1.56662742053895510e-06,1.77597763508091524e-09,0.00000000000000000e+00
5363,5.45871162664723912e-08,3.73012065473272634e-08,1.56538616077706110e-06,2.15418062669199080e-09,0.00000000000000000e+00
5364,5.12877469225221919e-08,3.47299262177882282e-08,1.56423562612407196e-06,2.31812167032385904e-09,0.00000000000000000e+00
5365,4.96235519727570358e-08,3.23136378824601011e-08,1.56313937734266879e-06,2.47648327434518265e-09,0.00000000000000000e+00
5366,4.83637967512494723e-08,3.08157159015372820e-08,1.56210470439975504e-06,2.60727779182094588e-09,0.00000000000000000e+00
5367,4.73637803726447758e-08,2.97590812773756902e-08,1.56110743924612677e-06,2.72772327013753662e-09,0.00000000000000000e+00
5368,4.65475489492832665e-08,2.89352540562841141e-08,1.56012617065236610e-06,2.87187729485527468e-09,0.00000000000000000e+00
5369,4.57841535029958852e-08,2.82951565451752530e-08,1.55915585010145080e-06,2.90667392343207859e-09,0.00000000000000000e+00
5370,4.53853580648131487e-08,2.76408136743872599e-08,1.55821000520579676e-06,3.01985820686487840e-09,0.00000000000000000e+00
5371,4.47486860507739921e-08,2.71164804199246902e-08,1.55727301910143321e-06,3.08989780854557393e-09,0.00000000000000000e+00
5372,4.42877667520387953e-08,2.65102387354426069e-08,1.55634239404800250e-06,3.36805539852202080e-09,0.00000000000000000e+00
5373,4.65917220534534984e-08,2.64190796536066460e-08,1.55540216113129759e-06,3.28825536662863829e-09,0.00000000000000000e+00
5374,4.62969148098907245e-08,2.55303405181750328e-08,1.55446960753724195e-06,3.30382766441540457e-09,0.00000000000000000e+00
5375,4.59293266005186906e-08,2.50829323911168002e-08,1.55355108590165276e-06,3.32305623685393321e-09,0.00000000000000000e+00
5376,4.56546245538782854e-08,2.47631816163516267e-08,1.55264051198259428e-06,3.34261602228692385e-09,0.00000000000000000e+00
5377,4.54106535603101446e-08,2.45038916889461662e-08,1.55173464584116566e-06,3.35911057617694336e-09,0.00000000000000000e+00
5378,4.51350024137261698e-08,2.42154398883416288e-08,1.55083494598111388e-06,3.37636567354660133e-09,0.00000000000000000e+00
5379,4.49526433853714641e-08,2.40247547359766537e-08,1.54993632925656558e-06,3.39252517443355518e-09,0.00000000000000000e+00
5380,4.47694654556204398e-08,2.38728415736439153e-08,1.54903952528312778e-06,3.39801256198471707e-09,0.00000000000000000e+00
5381,4.44168914419713842e-08,2.36696295099489170e-08,1.54815181846127146e-06,3.37100497939402433e-09,0.00000000000000000e+00
5382,4.39357035439401454e-08,2.37062527370160381e-08,1.54725944378205296e-06,3.40353808504007407e-09,0.00000000000000000e+00
5383,4.40133287549746310e-08,2.37805324726245779e-08,1.54635563244108682e-06,3.40492505329336979e-09,0.00000000000000000e+00
5384,4.37283986884162215e-08,2.37539489695788571e-08,1.54546603326872670e-06,3.36849978784226194e-09,0.00000000000000000e+00
5385,4.32690086569203176e-08,2.39586561622071494e-08,1.54457710244577539e-06,3.41192766090458667e-09,0.00000000000000000e+00
5386,4.33703039004770514e-08,2.40509195602814859e-08,1.54367630268060150e-06,3.43001592742939643e-09,0.00000000000000000e+00
5387,4.32408374184230669e-08,2.40514622208056768e-08,1.54278329947517887e-06,3.44305308905478064e-09,0.00000000000000000e+00
5388,4.30581268066515263e-08,2.39576516065223952e-08,1.54189628826903915e-06,3.45165704110525898e-09,0.00000000000000000e+00
5389,4.28668713589141091e-08,2.39051624865582705e-08,1.54101300902273862e-06,3.46570032201766672e-09,0.00000000000000000e+00
5390,4.27927762247235447e-08,2.38474176194437960e-08,1.54012656224442203e-06,3.48014382881916890e-09,0.00000000000000000e+00
5391,4.27452276936642380e-08,2.37819391240546335e-08,1.53923939134700343e-06,3.49959995134898494e-09,0.00000000000000000e+00
5392,4.27588299380399813e-08,2.37208667782024624e-08,1.53834887641001202e-06,3.51585284967636237e-09,0.00000000000000000e+00
5393,4.27161860665159521e-08,2.36550440703242022e-08,1.53746085596033216e-06,3.53437374330910314e-09,0.00000000000000000e+00
5394,4.27333323893617522e-08,2.36573284519435843e-08,1.53657101641876624e-06,3.55069762395973417e-09,0.00000000000000000e+00
5395,4.26617086613291144e-08,2.35976899130346221e-08,1.53568325244990260e-06,3.56670931601829938e-09,0.00000000000000000e+00
5396,4.26329574836290898e-08,2.35332498700405985e-08,1.53479623743343641e-06,3.58242612026163153e-09,0.00000000000000000e+00
5397,4.26231403333816419e-08,2.34684768735923221e-08,1.53390965636545991e-06,3.59786210990960396e-09,0.00000000000000000e+00
5398,4.26262126961848848e-08,2.34056013237641528e-08,1.53302349583898992e-06,3.61303013041137206e-09,0.00000000000000000e+00
5399,4.26377284437835570e-08,2.33450283586210483e-08,1.53213783867928374e-06,3.62793992848225022e-09,0.00000000000000000e+00
5400,4.26538825115494298e-08,2.32868620322165451e-08,1.53125278757791131e-06,3.64518264596656852e-09,0.00000000000000000e+00
5401,4.27300368526995027e-08,2.32950966808407340e-08,1.53036523242133756e-06,3.65970411445604677e-09,0.00000000000000000e+00
5402,4.27082422935034331e-08,2.32438734916754270e-08,1.52947980376722257e-06,3.67400124746649790e-09,0.00000000000000000e+00
5403,4.27050489725777484e-08,2.31936524886802244e-08,1.52859558533548184e-06,3.68806049120597773e-09,0.00000000000000000e+00
5404,4.27033672240348708e-08,2.31466001356014949e-08,1.52771236892329871e-06,3.70189706217336075e-09,0.00000000000000000e+00
5405,4.26998034392370927e-08,2.30997027007421841e-08,1.52682999847024888e-06,3.71550018089316090e-09,0.00000000000000000e+00
5406,4.26927949221429762e-08,2.30604345460766407e-08,1.52594845969708778e-06,3.72887015873061655e-09,0.00000000000000000e+00
5407,4.26811570242597356e-08,2.30278550874237590e-08,1.52506774016832566e-06,3.74201183328353198e-09,0.00000000000000000e+00
5408,4.26641334380768675e-08,2.30023173925853863e-08,1.52418782630925305e-06,3.75493429002144162e-09,0.00000000000000000e+00
5409,4.26413123396870701e-08,2.29842915556176006e-08,1.52330870447863387e-06,3.76765164762772874e-09,0.00000000000000000e+00
5410,4.26125618756492356e-08,2.29740109037549761e-08,1.52243032544408648e-06,3.78015554303430186e-09,0.00000000000000000e+00
5411,4.25779604267860337e-08,2.29765886846791600e-08,1.52155275644592124e-06,3.79250505647243832e-09,0.00000000000000000e+00
5412,4.25377336956590054e-08,2.29820913501389386e-08,1.52067596000153942e-06,3.80473105446685500e-09,0.00000000000000000e+00
5413,4.24923127797213047e-08,2.29929625879969153e-08,1.51979992346336226e-06,3.81686350000726251e-09,0.00000000000000000e+00
5414,4.24421864549935251e-08,2.30086662973016299e-08,1.51892464302309044e-06,3.82893331385672877e-09,0.00000000000000000e+00
5415,4.23879294006897589e-08,2.30279256232825391e-08,1.51805011850400030e-06,3.84097268525795802e-09,0.00000000000000000e+00
5416,4.23301968664556762e-08,2.30491595856779150e-08,1.51717634916103719e-06,3.85301426601525831e-09,0.00000000000000000e+00
5417,4.22697151454600209e-08,2.30706940532653661e-08,1.51630333077912547e-06,3.86508980465083693e-09,0.00000000000000000e+00
5418,4.22072702685178968e-08,2.30909285206029516e-08,1.51543105413333413e-06,3.87722862841519490e-09,0.00000000000000000e+00
5419,4.21436937160143556e-08,2.31084412379938176e-08,1.51455950426616796e-06,3.88945620391155426e-09,0.00000000000000000e+00
5420,4.20798448444836165e-08,2.31220511506498355e-08,1.51368866026946570e-06,3.90179290841898980e-09,0.00000000000000000e+00
5421,4.20165901522339427e-08,2.31308587463173399e-08,1.51281849556449644e-06,3.91425309184452438e-09,0.00000000000000000e+00
5422,4.19547798293463367e-08,2.31342713428585364e-08,1.51194897877974728e-06,3.92684446931502736e-09,0.00000000000000000e+00
5423,4.18952227198856623e-08,2.31320095034412828e-08,1.51108007521191881e-06,3.93956784712554862e-09,0.00000000000000000e+00
5424,4.18386604488793987e-08,2.31240920442512961e-08,1.51021174862299888e-06,3.95241715673130735e-09,0.00000000000000000e+00
5425,4.17857428993516163e-08,2.31108010527370294e-08,1.50934396280419819e-06,3.96355964169727655e-09,0.00000000000000000e+00
5426,4.16828534414427873e-08,2.30397519479290733e-08,1.50847980297774076e-06,3.97678090760509966e-09,0.00000000000000000e+00
5427,4.16595668588742473e-08,2.30168023362456003e-08,1.50761476498522379e-06,3.99006089210005462e-09,0.00000000000000000e+00
5428,4.16319028787986948e-08,2.29917540198369220e-08,1.50674975641016742e-06,4.00339363812797307e-09,0.00000000000000000e+00
5429,4.16054016687506699e-08,2.29633579516672050e-08,1.50588502645954666e-06,4.01675058151586214e-09,0.00000000000000000e+00
5430,4.15821522769372999e-08,2.29326480179913814e-08,1.50502064606445108e-06,4.03009666091123910e-09,0.00000000000000000e+00
5431,4.15628846170745225e-08,2.29005799969877088e-08,1.50415663400847134e-06,4.04339616393033273e-09,0.00000000000000000e+00
5432,4.15477821512098791e-08,2.28679364030027579e-08,1.50329298852753344e-06,4.05661353198180059e-09,0.00000000000000000e+00
5433,4.15367193090295712e-08,2.28353260301036737e-08,1.50242970991648890e-06,4.06971364451816813e-09,0.00000000000000000e+00
5434,4.15293053759679768e-08,2.28032016123172294e-08,1.50156681271539412e-06,4.08400668777371719e-09,0.00000000000000000e+00
5435,4.15835540108770681e-08,2.28274911664400229e-08,1.50070124592926021e-06,4.09651194395850044e-09,0.00000000000000000e+00
5436,4.15454860188438181e-08,2.27971642986495052e-08,1.49983740792526203e-06,4.10889070583052366e-09,0.00000000000000000e+00
5437,4.15295715963850597e-08,2.27675956613685421e-08,1.49897441505323963e-06,4.12109131007077867e-09,0.00000000000000000e+00
5438,4.15193024407317894e-08,2.27392058712467127e-08,1.49811203053536920e-06,4.13309127836393452e-09,0.00000000000000000e+00
5439,4.15115326437761463e-08,2.27121650978442216e-08,1.49725020668626911e-06,4.14488077791912255e-09,0.00000000000000000e+00
5440,4.15046952247069606e-08,2.26865179651382168e-08,1.49638895486220155e-06,4.15645597824246890e-09,0.00000000000000000e+00
5441,4.14975779614979684e-08,2.26623187760176059e-08,1.49552830274489399e-06,4.16781640819313947e-09,0.00000000000000000e+00
5442,4.14892312101423157e-08,2.26396286395792261e-08,1.49466827886877859e-06,4.17896397983495530e-09,0.00000000000000000e+00
5443,4.14789560297182333e-08,2.26184990789006539e-08,1.49380890715537868e-06,4.18990263025011016e-09,0.00000000000000000e+00
5444,4.14662700112492483e-08,2.25989655437569114e-08,1.49295020552415779e-06,4.20063810230697643e-09,0.00000000000000000e+00
5445,4.14508642924663101e-08,2.25810619066327746e-08,1.49209218583471772e-06,4.21117769214946623e-09,0.00000000000000000e+00
5446,4.14325659099305647e-08,2.25648540228856791e-08,1.49123485415768685e-06,4.22152997085816604e-09,0.00000000000000000e+00
5447,4.14113096006186306e-08,2.25504646017291476e-08,1.49037821131057183e-06,4.23170451977451393e-09,0.00000000000000000e+00
5448,4.13871184444234204e-08,2.25380508060260300e-08,1.48952225388426177e-06,4.24171158376754572e-09,0.00000000000000000e+00
5449,4.13600904088857629e-08,2.25277311269726527e-08,1.48866697555783026e-06,4.25156150753068932e-09,0.00000000000000000e+00
5450,4.13303886192285164e-08,2.25195104632855094e-08,1.48781236813944210e-06,4.26126413191082797e-09,0.00000000000000000e+00
5451,4.12982339882170690e-08,2.25132466638610005e-08,1.48695842210511326e-06,4.27082851482023000e-09,0.00000000000000000e+00
5452,4.12638988855256833e-08,2.25086621141625660e-08,1.48610512659817002e-06,4.28026300351566607e-09,0.00000000000000000e+00
5453,4.12277002465126279e-08,2.25053965693389519e-08,1.48525246926078921e-06,4.28957538789002803e-09,0.00000000000000000e+00
5454,4.11899912834796737e-08,2.25030815006214882e-08,1.48440043652469712e-06,4.29877297173893572e-09,0.00000000000000000e+00
5455,4.11511520833018369e-08,2.25013903969924138e-08,1.48354901435832627e-06,4.30786256690924969e-09,0.00000000000000000e+00
5456,4.11115789292401837e-08,2.25000421012038107e-08,1.48269818908009046e-06,4.31685044427514520e-09,0.00000000000000000e+00
5457,4.10716734509844191e-08,2.24987766992691149e-08,1.48184794783724243e-06,4.32574225687048513e-09,0.00000000000000000e+00
5458,4.10318317767417482e-08,2.24973346610752581e-08,1.48099827873120245e-06,4.33454294963537167e-09,0.00000000000000000e+00
5459,4.09924343170730858e-08,2.24954532849582644e-08,1.48014917076637750e-06,4.34325667811446232e-09,0.00000000000000000e+00
5460,4.09538367387185674e-08,2.24928772018625714e-08,1.47930061365588045e-06,4.35188676174534778e-09,0.00000000000000000e+00
5461,4.09163621697279691e-08,2.24893739023131896e-08,1.47845259755144386e-06,4.36043569498536784e-09,0.00000000000000000e+00
5462,4.08802951516927193e-08,2.24847475933164648e-08,1.47760511276390065e-06,4.36890523289839042e-09,0.00000000000000000e+00
5463,4.08458769373973875e-08,2.24788486506746828e-08,1.47675814960139689e-06,4.37729655656959199e-09,0.00000000000000000e+00
5464,4.08133015727623782e-08,2.24715786226898478e-08,1.47591169876377957e-06,4.38561050563120353e-09,0.00000000000000000e+00
5465,4.07827118561024392e-08,2.24628917265204768e-08,1.47506575288457528e-06,4.39384783530179442e-09,0.00000000000000000e+00
5466,4.07541935867685357e-08,2.24527939363843811e-08,1.47422030911589326e-06,4.40200941660260594e-09,0.00000000000000000e+00
5467,4.07277664634648476e-08,2.24413398180052517e-08,1.47337537034976422e-06,4.41009632444136602e-09,0.00000000000000000e+00
5468,4.07033746105221287e-08,2.24286263321516669e-08,1.47253085108467861e-06,4.41810753200282524e-09,0.00000000000000000e+00
5469,4.06838134623443172e-08,2.24147470447598460e-08,1.47168693342808787e-06,4.42604295029909430e-09,0.00000000000000000e+00
5470,4.06636567862647941e-08,2.23999016971668689e-08,1.47084353858049913e-06,4.43390723882834225e-09,0.00000000000000000e+00
5471,4.06449301322722897e-08,2.23842562346627581e-08,1.47000074891816664e-06,4.44170812786131057e-09,0.00000000000000000e+00
5472,4.06245719612496032e-08,2.23679801294659378e-08,1.46915838192731426e-06,4.44945545334074039e-09,0.00000000000000000e+00
5473,4.06076935414176102e-08,2.23512695042356091e-08,1.46831651293838710e-06,4.45715269899755273e-09,0.00000000000000000e+00
5474,4.05922423872553851e-08,2.23343075410371155e-08,1.46747516762915612e-06,4.46480356484817822e-09,0.00000000000000000e+00
5475,4.05775732361507746e-08,2.23172694432635482e-08,1.46663435611041813e-06,4.47241293585655195e-09,0.00000000000000000e+00
5476,4.05633980820716148e-08,2.23003202292360112e-08,1.46579408379083489e-06,4.47998718196243286e-09,0.00000000000000000e+00
5477,4.05495012622327040e-08,2.22836077769655812e-08,1.46495435496639065e-06,4.48753414784054140e-09,0.00000000000000000e+00
5478,4.05356668589796447e-08,2.22672565717295831e-08,1.46411517406842827e-06,4.49506296910183631e-09,0.00000000000000000e+00
5479,4.05216690731058594e-08,2.22513644923467370e-08,1.46327654607862253e-06,4.50258380211666621e-09,0.00000000000000000e+00
5480,4.05072810317684077e-08,2.22360058502105646e-08,1.46243847637443048e-06,4.51010752154982500e-09,0.00000000000000000e+00
5481,4.04922873015976730e-08,2.22212439231937416e-08,1.46160097025814307e-06,4.51764541685647904e-09,0.00000000000000000e+00
5482,4.04764945268068243e-08,2.22071527864286601e-08,1.46076403225878087e-06,4.52520892131777572e-09,0.00000000000000000e+00
5483,4.04597389242165636e-08,2.21938410115084802e-08,1.45992766548434813e-06,4.53280943886821734e-09,0.00000000000000000e+00
5484,4.04418904217901316e-08,2.21814603903927006e-08,1.45909189610722650e-06,4.54045191163757070e-09,0.00000000000000000e+00
5485,4.04227804385876251e-08,2.21661001448454565e-08,1.45825667298833481e-06,4.54815332587704976e-09,0.00000000000000000e+00
5486,4.04025381653312686e-08,2.21558626606002534e-08,1.45742202110313405e-06,4.55592641865878018e-09,0.00000000000000000e+00
5487,4.03810036087319540e-08,2.21474033701051791e-08,1.45658794309770033e-06,4.56378334352496248e-09,0.00000000000000000e+00
5488,4.03581906136099544e-08,2.21399448468468883e-08,1.45575443661506916e-06,4.57173483404087459e-09,0.00000000000000000e+00
5489,4.03341527285632048e-08,2.21332823084841626e-08,1.45492149758961644e-06,4.57978928982173131e-09,0.00000000000000000e+00
5490,4.03089660424477885e-08,2.21273405501034890e-08,1.45408908749671250e-06,4.58796012408539093e-09,0.00000000000000000e+00
5491,4.02828141686093042e-08,2.21271541309478489e-08,1.45325725663214289e-06,4.59624372926587939e-09,0.00000000000000000e+00
5492,4.02556200524886775e-08,2.21244637589568555e-08,1.45242598133526408e-06,4.60464241572241699e-09,0.00000000000000000e+00
5493,4.02276349501393070e-08,2.21216557350788196e-08,1.45159525362874222e-06,4.61315805038044975e-09,0.00000000000000000e+00
5494,4.01990086572722395e-08,2.21190252868631088e-08,1.45076506734866985e-06,4.62179165817326796e-09,0.00000000000000000e+00
5495,4.01698914965177865e-08,2.21164933102654415e-08,1.44993541626228165e-06,4.63054320936199730e-09,0.00000000000000000e+00
5496,4.01404425327385757e-08,2.21139392409670752e-08,1.44910629414167662e-06,4.63941149955463838e-09,0.00000000000000000e+00
5497,4.01108243561450391e-08,2.21112527823240865e-08,1.44827769498673636e-06,4.64839409494461080e-09,0.00000000000000000e+00
5498,4.00811975540806930e-08,2.21083328567372632e-08,1.44744961315262769e-06,4.65748732847319676e-09,0.00000000000000000e+00
5499,4.00517163996617716e-08,2.21050816214357582e-08,1.44662204336435595e-06,4.66668633683287182e-09,0.00000000000000000e+00
5500,4.00225253031641806e-08,2.21014027154857986e-08,1.44579498068137299e-06,4.67598513154032830e-09,0.00000000000000000e+00
5501,3.99937558601960761e-08,2.20972033808433122e-08,1.44496842046969643e-06,4.68537669998401348e-09,0.00000000000000000e+00
5502,3.99655244877637663e-08,2.20923985484678074e-08,1.44414235845861709e-06,4.69485313425067836e-09,0.00000000000000000e+00
5503,3.99379303710868622e-08,2.20869151513486979e-08,1.44331679092789488e-06,4.70440578609385127e-09,0.00000000000000000e+00
5504,3.99110537963071082e-08,2.20806957780769973e-08,1.44249171506307205e-06,4.71402544421913238e-09,0.00000000000000000e+00
5505,3.98849545477287613e-08,2.20737013211680635e-08,1.44166712939881316e-06,4.72370252368576108e-09,0.00000000000000000e+00
5506,3.98596702347204612e-08,2.20659125046682938e-08,1.44084303409192115e-06,4.73342724949533443e-09,0.00000000000000000e+00
5507,3.98352146236159052e-08,2.20573303298397180e-08,1.44001943065715669e-06,4.74318981643480902e-09,0.00000000000000000e+00
5508,3.98115769565036077e-08,2.20479755096076801e-08,1.43919623096235564e-06,4.75296946793456588e-09,0.00000000000000000e+00
5509,3.97918002296551420e-08,2.20378791587520462e-08,1.43837361512057172e-06,4.76276305813366359e-09,0.00000000000000000e+00
5510,3.97701288284630991e-08,2.20270892862919592e-08,1.43755150926552934e-06,4.77256436570235638e-09,0.00000000000000000e+00
5511,3.97487382847050484e-08,2.20156867794091182e-08,1.43672989387128674e-06,4.78236640956577509e-09,0.00000000000000000e+00
5512,3.97280555720583498e-08,2.20037584081221812e-08,1.43590876605155563e-06,4.79216134345620658e-09,0.00000000000000000e+00
5513,3.97080605134819670e-08,2.19913950321030136e-08,1.43508812742852355e-06,4.80194071867660487e-09,0.00000000000000000e+00
5514,3.96886312578321940e-08,2.19786902782115730e-08,1.43426808400713141e-06,4.81170378726194901e-09,0.00000000000000000e+00
5515,3.96662958190378374e-08,2.19657303092154022e-08,1.43344845615412413e-06,4.82143739646102960e-09,0.00000000000000000e+00
5516,3.96465213431481351e-08,2.19526257756194781e-08,1.43262931485568484e-06,4.83112929965815048e-09,0.00000000000000000e+00
5517,3.96273630278521321e-08,2.19394541346702724e-08,1.43181068075632629e-06,4.84076865542940427e-09,0.00000000000000000e+00
5518,3.96083286366064630e-08,2.19262851578357608e-08,1.43099255907748376e-06,4.85034619283806670e-09,0.00000000000000000e+00
5519,3.95892836940571349e-08,2.19131810077304798e-08,1.43017495125666810e-06,4.85985400583896202e-09,0.00000000000000000e+00
5520,3.95701623954592434e-08,2.19001958969351788e-08,1.42935785855745466e-06,4.86928529938536799e-09,0.00000000000000000e+00
5521,3.95509002570074540e-08,2.18873787985682606e-08,1.42854128285026289e-06,4.87863417790946535e-09,0.00000000000000000e+00
5522,3.95314267495007118e-08,2.18747787679943154e-08,1.42772522648865662e-06,4.88789550065682386e-09,0.00000000000000000e+00
5523,3.95116711045414559e-08,2.18624512543398526e-08,1.42690969194641993e-06,4.89706481488840143e-09,0.00000000000000000e+00
5524,3.94915688662930687e-08,2.18504627843662292e-08,1.42609468146117457e-06,4.90613838094966621e-09,0.00000000000000000e+00
5525,3.94710663433460801e-08,2.18388902117826180e-08,1.42528022048604568e-06,4.91510394386215166e-09,0.00000000000000000e+00
5526,3.94500543281372715e-08,2.18240281548174856e-08,1.42446626102804885e-06,4.92396724093890088e-09,0.00000000000000000e+00
5527,3.94286800484891678e-08,2.18133880163111508e-08,1.42365282771866585e-06,4.93272820960714739e-09,0.00000000000000000e+00
5528,3.94068083112584643e-08,2.18039516617014126e-08,1.42283984132733118e-06,4.94135683831484446e-09,0.00000000000000000e+00
5529,3.93844837603457845e-08,2.18049758823939202e-08,1.42202746379812875e-06,4.94989177315517000e-09,0.00000000000000000e+00
5530,3.93616055864501251e-08,2.17974653340884449e-08,1.42121562767297073e-06,4.95833484269477145e-09,0.00000000000000000e+00
5531,3.93383159685309189e-08,2.17892539684991216e-08,1.42040432123526435e-06,4.96668701664143237e-09,0.00000000000000000e+00
5532,3.93146522659650631e-08,2.17817282891465107e-08,1.41959354210905169e-06,4.97494865763047899e-09,0.00000000000000000e+00
5533,3.92906522894916539e-08,2.17750236660975235e-08,1.41878338532687261e-06,4.98314773474016524e-09,0.00000000000000000e+00
5534,3.92663058896778106e-08,2.17571704442736302e-08,1.41797368450619224e-06,4.99124845494190829e-09,0.00000000000000000e+00
5535,3.92418235184163789e-08,2.17475956582813500e-08,1.41716449705805101e-06,4.99925152051092819e-09,0.00000000000000000e+00
5536,3.92171678126487333e-08,2.17397032673804811e-08,1.41635583180099658e-06,5.00715924502783561e-09,0.00000000000000000e+00
5537,3.91924052321015574e-08,2.17321845114712711e-08,1.41554765748335577e-06,5.01497942925716465e-09,0.00000000000000000e+00
5538,3.91676864914266019e-08,2.17293497186259000e-08,1.41474002557546657e-06,5.02270940151319017e-09,0.00000000000000000e+00
5539,3.91429101698705117e-08,2.17233112911864273e-08,1.41393291438655311e-06,5.03035342831001943e-09,0.00000000000000000e+00
5540,3.91182598524923987e-08,2.17165709814652688e-08,1.41312631864196080e-06,5.03791671627670184e-09,0.00000000000000000e+00
5541,3.90938044089813912e-08,2.17095824098017889e-08,1.41232023585978147e-06,5.04540495850312129e-09,0.00000000000000000e+00
5542,3.90695978914458351e-08,2.17024052034174949e-08,1.41151466437798210e-06,5.05282413796530047e-09,0.00000000000000000e+00
5543,3.90456897548560636e-08,2.16950296567334094e-08,1.41070951304143748e-06,5.06017990675650199e-09,0.00000000000000000e+00
5544,3.90253201435864211e-08,2.16874228760578147e-08,1.40990496378214064e-06,5.06747642755920588e-09,0.00000000000000000e+00
5545,3.90024645850860857e-08,2.16795894466626755e-08,1.40910094088186485e-06,5.07472166559411038e-09,0.00000000000000000e+00
5546,3.89793948856362829e-08,2.16715244564976743e-08,1.40829737964863014e-06,5.08192308839824175e-09,0.00000000000000000e+00
5547,3.89535964594576858e-08,2.16632058216666855e-08,1.40749435879219746e-06,5.08908540397556572e-09,0.00000000000000000e+00
5548,3.89309283619294193e-08,2.16546758017363549e-08,1.40669184831928069e-06,5.09621589768777205e-09,0.00000000000000000e+00
5549,3.89092946473629250e-08,2.16459386924075931e-08,1.40588983945253058e-06,5.10332178108865466e-09,0.00000000000000000e+00
5550,3.88881850210442755e-08,2.16370046380421045e-08,1.40508833110823961e-06,5.11040964027890130e-09,0.00000000000000000e+00
5551,3.88674286504997478e-08,2.16278893309705517e-08,1.40428732376433724e-06,5.11748549416956254e-09,0.00000000000000000e+00
5552,3.88469465781232928e-08,2.16186118310459101e-08,1.40348681761149757e-06,5.12455493819756862e-09,0.00000000000000000e+00
5553,3.88266929054170972e-08,2.16091936261608283e-08,1.40268681240096967e-06,5.13162324636586129e-09,0.00000000000000000e+00
5554,3.88066346780141803e-08,2.15996582458126092e-08,1.40188733585290604e-06,5.13869741081432777e-09,0.00000000000000000e+00
5555,3.87904942643134256e-08,2.15900439842766441e-08,1.40108832089841397e-06,5.14578427709629540e-09,0.00000000000000000e+00
5556,3.87720618490202000e-08,2.15803574563953909e-08,1.40028980267941277e-06,5.15288664433277981e-09,0.00000000000000000e+00
5557,3.87531264056720538e-08,2.15706319135589711e-08,1.39949188404571701e-06,5.16001160673239813e-09,0.00000000000000000e+00
5558,3.87308197030032297e-08,2.15608858003814927e-08,1.39869440080868635e-06,5.16716486827900126e-09,0.00000000000000000e+00
5559,3.87107744990145410e-08,2.15511737146891822e-08,1.39789741514182385e-06,5.17434750858999981e-09,0.00000000000000000e+00
5560,3.86911485411719768e-08,2.15415269020270309e-08,1.39710096837503236e-06,5.18155441232519866e-09,0.00000000000000000e+00
5561,3.86714610264845240e-08,2.15278678530418584e-08,1.39630500828208340e-06,5.18879360993155947e-09,0.00000000000000000e+00
5562,3.86518075481961060e-08,2.15179323999477746e-08,1.39550955523848261e-06,5.19606815087316116e-09,0.00000000000000000e+00
5563,3.86320388128278745e-08,2.15089091623936745e-08,1.39471461116315286e-06,5.20338074792550641e-09,0.00000000000000000e+00
5564,3.86121240452124566e-08,2.15001981665984577e-08,1.39392017563298447e-06,5.21073392524330553e-09,0.00000000000000000e+00
5565,3.85920344928527213e-08,2.14916721311922178e-08,1.39312624833696091e-06,5.21813003111884158e-09,0.00000000000000000e+00
5566,3.85717375879104959e-08,2.14833047603191723e-08,1.39233282914251580e-06,5.22557121514311498e-09,0.00000000000000000e+00
5567,3.85512040585807368e-08,2.14750895033357605e-08,1.39153982848299491e-06,5.23302848672566486e-09,0.00000000000000000e+00
5568,3.85304516305503542e-08,2.14776466450705159e-08,1.39074741198803303e-06,5.24053650697738003e-09,0.00000000000000000e+00
5569,3.85093396189722542e-08,2.14716442737474771e-08,1.38995551379216947e-06,5.24809748874728117e-09,0.00000000000000000e+00
5570,3.84879708341105239e-08,2.14644227482252685e-08,1.38916421359992640e-06,5.25574629760715450e-09,0.00000000000000000e+00
5571,3.84663117072302503e-08,2.14463065465923367e-08,1.38837334254909100e-06,5.26344676374465294e-09,0.00000000000000000e+00
5572,3.84444996849647736e-08,2.14367316964854494e-08,1.38758296074320140e-06,5.27119653552661929e-09,0.00000000000000000e+00
5573,3.84224485168617299e-08,2.14289007593781272e-08,1.38679307776025991e-06,5.27899394945527117e-09,0.00000000000000000e+00
5574,3.84001805065281286e-08,2.14214839700005075e-08,1.38600369375416563e-06,5.28683727453273009e-09,0.00000000000000000e+00
5575,3.83777315049622565e-08,2.14142116277026099e-08,1.38521480708892059e-06,5.29472449316911136e-09,0.00000000000000000e+00
5576,3.83551387298708596e-08,2.14070204396533190e-08,1.38442641582077073e-06,5.30265326319050069e-09,0.00000000000000000e+00
5577,3.83324402481910000e-08,2.13998854516177970e-08,1.38363848790356661e-06,5.31063022760385741e-09,0.00000000000000000e+00
5578,3.83097505155784895e-08,2.13972147152902916e-08,1.38285107473790239e-06,5.31864347089598022e-09,0.00000000000000000e+00
5579,3.82869323564813288e-08,2.13913258961515082e-08,1.38206415479180223e-06,5.32668894691268031e-09,0.00000000000000000e+00
5580,3.82641343120126734e-08,2.13847911021626013e-08,1.38127772355952285e-06,5.33476308374451879e-09,0.00000000000000000e+00
5581,3.82413943110759051e-08,2.13780914496289944e-08,1.38049177935729024e-06,5.34286242149217419e-09,0.00000000000000000e+00
5582,3.82187393004008229e-08,2.13713009436246468e-08,1.37970632110924423e-06,5.35098349812547384e-09,0.00000000000000000e+00
5583,3.81961961274105533e-08,2.13644168697197906e-08,1.37892126327290067e-06,5.35911526208700851e-09,0.00000000000000000e+00
5584,3.81768801285916449e-08,2.13574200402434639e-08,1.37813677440675981e-06,5.36725696705627914e-09,0.00000000000000000e+00
5585,3.81550404981863978e-08,2.13502837318194432e-08,1.37735278551081240e-06,5.37540759599747093e-09,0.00000000000000000e+00
5586,3.81328398901327428e-08,2.13430049487650081e-08,1.37656927793838219e-06,5.38356562385072653e-09,0.00000000000000000e+00
5587,3.81107538237035426e-08,2.13355787939477127e-08,1.37578620835913389e-06,5.39172406999430549e-09,0.00000000000000000e+00
5588,3.80857676982375310e-08,2.13279812906439419e-08,1.37500365650007268e-06,5.39988147319528983e-09,0.00000000000000000e+00
5589,3.80636139236445577e-08,2.13202307855486277e-08,1.37422159330346288e-06,5.40803625169512584e-09,0.00000000000000000e+00
5590,3.80422827963564298e-08,2.13123251925058564e-08,1.37344001058587716e-06,5.41618671706252030e-09,0.00000000000000000e+00
5591,3.80212955016766223e-08,2.13042637187479458e-08,1.37265890804709844e-06,5.42433069099901745e-09,0.00000000000000000e+00
5592,3.80004993860870602e-08,2.12960491199047465e-08,1.37187828726755490e-06,5.43246562997134081e-09,0.00000000000000000e+00
5593,3.79798307429416494e-08,2.12876864862460339e-08,1.37109814971808303e-06,5.44058880602186344e-09,0.00000000000000000e+00
5594,3.79592588714581933e-08,2.12791827664189456e-08,1.37031849634168907e-06,5.44869744249424008e-09,0.00000000000000000e+00
5595,3.79387669867677588e-08,2.12705465868511569e-08,1.36953932768649248e-06,5.45678879736095570e-09,0.00000000000000000e+00
5596,3.79183434065439741e-08,2.12617881615007254e-08,1.36876064409246115e-06,5.46486020890919485e-09,0.00000000000000000e+00
5597,3.78979772769754548e-08,2.12529192210677997e-08,1.36798244585528943e-06,5.47290911962860674e-09,0.00000000000000000e+00
5598,3.78776568353414305e-08,2.12439528911653154e-08,1.36720473333882411e-06,5.48093308987900243e-09,0.00000000000000000e+00
5599,3.78573691402692728e-08,2.12349035843965847e-08,1.36642750699244266e-06,5.48892980834728421e-09,0.00000000000000000e+00
5600,3.78371003454936901e-08,2.12257869067166512e-08,1.36565079885689171e-06,5.49690001118571352e-09,0.00000000000000000e+00
5601,3.78204853549339989e-08,2.12166355897036729e-08,1.36487454074281510e-06,5.50484070476669198e-09,0.00000000000000000e+00
5602,3.78012463598319122e-08,2.12074434725057208e-08,1.36409876503522880e-06,5.51274840280419637e-09,0.00000000000000000e+00
5603,3.77813413466198833e-08,2.11982330081149467e-08,1.36332350938111144e-06,5.52061215538727832e-09,0.00000000000000000e+00
5604,3.77611305156566100e-08,2.11848805489999137e-08,1.36254872059413707e-06,5.52843688753433795e-09,0.00000000000000000e+00
5605,3.77409077677550445e-08,2.11751246650933663e-08,1.36177442014816998e-06,5.53622184075400042e-09,0.00000000000000000e+00
5606,3.77205919462875627e-08,2.11661797683188900e-08,1.36100061070384125e-06,5.54396622488080686e-09,0.00000000000000000e+00
5607,3.77001903619326862e-08,2.11574517146663743e-08,1.36022729222597571e-06,5.55166942100436934e-09,0.00000000000000000e+00
5608,3.76797049929495881e-08,2.11488151359702817e-08,1.35945446458912863e-06,5.55933102127686625e-09,0.00000000000000000e+00
5609,3.76591299985217637e-08,2.11402463987393058e-08,1.35868203700942088e-06,5.56692158074851455e-09,0.00000000000000000e+00
5610,3.76384995911379605e-08,2.11422848845012705e-08,1.35791018353405188e-06,5.57447467741318893e-09,0.00000000000000000e+00
5611,3.76176759328244531e-08,2.11348912855828015e-08,1.35713883419979320e-06,5.58199084943862595e-09,0.00000000000000000e+00
5612,3.75967683827815752e-08,2.11258917722985901e-08,1.35636797658661746e-06,5.58947006206064214e-09,0.00000000000000000e+00
5613,3.75757797625421825e-08,2.11167640399381269e-08,1.35559766838019497e-06,5.59687658044979877e-09,0.00000000000000000e+00
5614,3.75546512999378795e-08,2.10997690655797288e-08,1.35482779276282130e-06,5.60425183989916863e-09,0.00000000000000000e+00
5615,3.75335116787208535e-08,2.10900202244551469e-08,1.35405839863995325e-06,5.61159770269577172e-09,0.00000000000000000e+00
5616,3.75122987060671179e-08,2.10816808730555501e-08,1.35328949273185238e-06,5.61891405205603148e-09,0.00000000000000000e+00
5617,3.74910258436691869e-08,2.10736331105460146e-08,1.35252107526463223e-06,5.62620058456227824e-09,0.00000000000000000e+00
5618,3.74697115780024399e-08,2.10656557824140948e-08,1.35175314556879945e-06,5.63345724321048339e-09,0.00000000000000000e+00
5619,3.74483721543861923e-08,2.10577019537743846e-08,1.35098570282213005e-06,5.64068428835629068e-09,0.00000000000000000e+00
5620,3.74270226801312943e-08,2.10497602032834434e-08,1.35021874612986331e-06,5.64788227779417438e-09,0.00000000000000000e+00
5621,3.74056779734737413e-08,2.10418271561961066e-08,1.34945227455122834e-06,5.65505202875312405e-09,0.00000000000000000e+00
5622,3.73843529556652127e-08,2.10339014555086002e-08,1.34868624884202930e-06,5.66219298725599473e-09,0.00000000000000000e+00
5623,3.73598079508140177e-08,2.10259608370089307e-08,1.34792067660149237e-06,5.66934297734401221e-09,0.00000000000000000e+00
5624,3.73380666226162872e-08,2.10265969701224059e-08,1.34715564623494855e-06,5.67646188556969261e-09,0.00000000000000000e+00
5625,3.73169949888932318e-08,2.10205992362548412e-08,1.34639110250883096e-06,5.68355067068041992e-09,0.00000000000000000e+00
5626,3.72962010385222244e-08,2.10134125626366721e-08,1.34562703767401462e-06,5.69061222143653026e-09,0.00000000000000000e+00
5627,3.72755495412197030e-08,2.10060178459206657e-08,1.34486345173968604e-06,5.69764956478587157e-09,0.00000000000000000e+00
5628,3.72549873112109138e-08,2.09985817164610421e-08,1.34410034544363399e-06,5.70466549817136559e-09,0.00000000000000000e+00
5629,3.72344955227090313e-08,2.09911235424216604e-08,1.34333771916160610e-06,5.71166257944730730e-09,0.00000000000000000e+00
5630,3.72140706532749157e-08,2.09836356556154099e-08,1.34257557291054112e-06,5.71864318362220127e-09,0.00000000000000000e+00
5631,3.71937146733683863e-08,2.09761058991373377e-08,1.34181390646146932e-06,5.72560955342112544e-09,0.00000000000000000e+00
5632,3.71734301043878138e-08,2.09685226095395736e-08,1.34105271947344512e-06,5.73256383130130834e-09,0.00000000000000000e+00
5633,3.71532177980690645e-08,2.09608760674309447e-08,1.34029201156994225e-06,5.73950807571660515e-09,0.00000000000000000e+00
5634,3.71330763104425549e-08,2.09531590607107458e-08,1.33953187398282604e-06,5.74647084475124471e-09,0.00000000000000000e+00
5635,3.71129558194779448e-08,2.09347372454168817e-08,1.33877213765938935e-06,5.75342268450250922e-09,0.00000000000000000e+00
5636,3.70929857765461065e-08,2.09247436604997763e-08,1.33801277362505822e-06,5.76033886859669979e-09,0.00000000000000000e+00
5637,3.70731029867803637e-08,2.09270491271961469e-08,1.33725396316324873e-06,5.76725218448652105e-09,0.00000000000000000e+00
5638,3.70531643279812888e-08,2.09209442668999671e-08,1.33649564369758945e-06,5.77416555828997096e-09,0.00000000000000000e+00
5639,3.70332698189089333e-08,2.09132080020707542e-08,1.33573780380481237e-06,5.78108082298502061e-09,0.00000000000000000e+00
5640,3.70134163761401562e-08,2.09051244316968803e-08,1.33498044135367376e-06,5.78799937431630346e-09,0.00000000000000000e+00
5641,3.69935907015331698e-08,2.08969390086337561e-08,1.33422355590349688e-06,5.79492239991818855e-09,0.00000000000000000e+00
5642,3.69737812140289373e-08,2.08887038654387190e-08,1.33346714732236101e-06,5.80185096275304062e-09,0.00000000000000000e+00
5643,3.69539779140721612e-08,2.08804370578795110e-08,1.33271124564566758e-06,5.80878921696068241e-09,0.00000000000000000e+00
5644,3.69378118844053038e-08,2.08721657165245025e-08,1.33195578585507333e-06,5.81573860338704238e-09,0.00000000000000000e+00
5645,3.69189741128443493e-08,2.08638832490013919e-08,1.33120079768996222e-06,5.82269853195609400e-09,0.00000000000000000e+00
5646,3.68994613068032312e-08,2.08556076547896865e-08,1.33044628964679149e-06,5.82966836274828766e-09,0.00000000000000000e+00
5647,3.68797194958958325e-08,2.08473555967111221e-08,1.32969226193965975e-06,5.83664790335300872e-09,0.00000000000000000e+00
5648,3.68598772836783396e-08,2.08391416741005244e-08,1.32893871274316164e-06,5.84363733375529223e-09,0.00000000000000000e+00
5649,3.68399790430656772e-08,2.08309794398070907e-08,1.32818564029478615e-06,5.85063703932309579e-09,0.00000000000000000e+00
5650,3.68200368086945483e-08,2.08228814215340748e-08,1.32743304335523958e-06,5.85764747183702424e-09,0.00000000000000000e+00
5651,3.68000486289566593e-08,2.08148587840008275e-08,1.32668092110559565e-06,5.86466905725941510e-09,0.00000000000000000e+00
5652,3.67800077978823994e-08,2.08069209866142493e-08,1.32592927298163704e-06,5.87170214175884233e-09,0.00000000000000000e+00
5653,3.67599078016077281e-08,2.07990755004750952e-08,1.32517816198388606e-06,5.87870852064262616e-09,0.00000000000000000e+00
5654,3.67396823725066222e-08,2.07832825547040916e-08,1.32442740591213375e-06,5.88576837166140633e-09,0.00000000000000000e+00
5655,3.67195173717045821e-08,2.07823233659234883e-08,1.32367716949339437e-06,5.89284237619571524e-09,0.00000000000000000e+00
5656,3.66992222489026445e-08,2.07759921219629847e-08,1.32292741160220642e-06,5.89992807075227506e-09,0.00000000000000000e+00
5657,3.66788693940821068e-08,2.07687636959872191e-08,1.32217812577335439e-06,5.90702460739116644e-09,0.00000000000000000e+00
5658,3.66584679414254284e-08,2.07614464573362324e-08,1.32142931063317003e-06,5.91413150480091883e-09,0.00000000000000000e+00
5659,3.66380218751792932e-08,2.07541821037021414e-08,1.32068096539991835e-06,5.92124829909740479e-09,0.00000000000000000e+00
5660,3.66175373404180073e-08,2.07469914198023607e-08,1.31993308930732083e-06,5.92837445029568113e-09,0.00000000000000000e+00
5661,3.65970222062916388e-08,2.07398716661138278e-08,1.31918568159323525e-06,5.93550932325870013e-09,0.00000000000000000e+00
5662,3.65764852445920216e-08,2.07328141938508334e-08,1.31843874151180545e-06,5.94265219089219286e-09,0.00000000000000000e+00
5663,3.65559355948762638e-08,2.07258080751251634e-08,1.31769223650287425e-06,5.94979858518851950e-09,0.00000000000000000e+00
5664,3.65318291472445292e-08,2.07188242531941045e-08,1.31694622873090878e-06,5.95694810492548501e-09,0.00000000000000000e+00
5665,3.65105923077121449e-08,2.07118656211412184e-08,1.31620078688183911e-06,5.96413357654768270e-09,0.00000000000000000e+00
5666,3.64900357889518839e-08,2.06939882405759316e-08,1.31545573100872547e-06,5.97132032357086859e-09,0.00000000000000000e+00
5667,3.64697997317061231e-08,2.06844653381674001e-08,1.31471112291249673e-06,5.97850698300111265e-09,0.00000000000000000e+00
5668,3.64496438715983660e-08,2.06765591665269741e-08,1.31396697482372693e-06,5.98569297060335798e-09,0.00000000000000000e+00
5669,3.64295171299894125e-08,2.06689622132355805e-08,1.31322328958326294e-06,5.99287779368739536e-09,0.00000000000000000e+00
5670,3.64094098468959728e-08,2.06614176194387209e-08,1.31248006790227383e-06,6.00006089586359601e-09,0.00000000000000000e+00
5671,3.63893242334308319e-08,2.06538739484014532e-08,1.31173730985203023e-06,6.00724164752788858e-09,0.00000000000000000e+00
5672,3.63692661797978557e-08,2.06463193031048018e-08,1.31099501525400215e-06,6.01441936574869147e-09,0.00000000000000000e+00
5673,3.63492417740952355e-08,2.06387491349084825e-08,1.31025318383865481e-06,6.02159333259220520e-09,0.00000000000000000e+00
5674,3.63292556921732015e-08,2.06311603234266361e-08,1.30951181532877277e-06,6.02876280663501033e-09,0.00000000000000000e+00
5675,3.63093106673738352e-08,2.06235503754101692e-08,1.30877090947024696e-06,6.03592702899459801e-09,0.00000000000000000e+00
5676,3.62894075254252465e-08,2.06159173613092531e-08,1.30803046604740186e-06,6.04308522614203140e-09,0.00000000000000000e+00
5677,3.62695456175445676e-08,2.06082599610231057e-08,1.30729048487595294e-06,6.05023661129479613e-09,0.00000000000000000e+00
5678,3.62497231367834577e-08,2.06005774578022740e-08,1.30655096581460748e-06,6.05738038556713817e-09,0.00000000000000000e+00
5679,3.62299374850601974e-08,2.05928697029398935e-08,1.30581190873922265e-06,6.06451573957567507e-09,0.00000000000000000e+00
5680,3.62101855645704755e-08,2.05851370972686705e-08,1.30507331354574108e-06,6.07164185585297916e-09,0.00000000000000000e+00
5681,3.61904639491104566e-08,2.05773805369955140e-08,1.30433518014842842e-06,6.07875791220896990e-09,0.00000000000000000e+00
5682,3.61707690397309035e-08,2.05696013804409441e-08,1.30359750847090369e-06,6.08586308601912736e-09,0.00000000000000000e+00
5683,3.61510971756761603e-08,2.05618014194567888e-08,1.30286029844027463e-06,6.09295655931413534e-09,0.00000000000000000e+00
5684,3.61314447055227629e-08,2.05539827986856872e-08,1.30212354999309867e-06,6.10003752449831495e-09,0.00000000000000000e+00
5685,3.61118080659122239e-08,2.05461479955773713e-08,1.30138726306404184e-06,6.10710519050170602e-09,0.00000000000000000e+00
5686,3.60921838169949209e-08,2.05382997429631353e-08,1.30065143758809605e-06,6.11415878923404615e-09,0.00000000000000000e+00
5687,3.60725687075643827e-08,2.05304409660626398e-08,1.29991607349555515e-06,6.12119758219040682e-09,0.00000000000000000e+00
5688,3.60529597506693594e-08,2.05225747068820728e-08,1.29918117070820539e-06,6.12822086715141921e-09,0.00000000000000000e+00
5689,3.60333541850818038e-08,2.05147040708581445e-08,1.29844672913936458e-06,6.13522798489257171e-09,0.00000000000000000e+00
5690,3.60137496477477240e-08,2.05068321397747521e-08,1.29771265667066951e-06,6.14218997226836616e-09,0.00000000000000000e+00
5691,3.59941841548394197e-08,2.05094211908712716e-08,1.29697912583883961e-06,6.14913755692752779e-09,0.00000000000000000e+00
5692,3.59745302863004236e-08,2.05031363167201364e-08,1.29624606974333675e-06,6.15607087476407371e-09,0.00000000000000000e+00
5693,3.59548869781998406e-08,2.04951974720107402e-08,1.29551347639441231e-06,6.16298926511656460e-09,0.00000000000000000e+00
5694,3.59352544773964698e-08,2.04869643562455655e-08,1.29478134361650155e-06,6.16989194162540043e-09,0.00000000000000000e+00
5695,3.59156257866120937e-08,2.04786925315716614e-08,1.29404967093943619e-06,6.17677819927108109e-09,0.00000000000000000e+00
5696,3.58959971060627608e-08,2.04704322386354221e-08,1.29331845815492424e-06,6.18364747034103824e-09,0.00000000000000000e+00
5697,3.58763670813605827e-08,2.04621965198197136e-08,1.29258770504995747e-06,6.19049933185603881e-09,0.00000000000000000e+00
5698,3.58567356275473145e-08,2.04539918946233804e-08,1.29185741138401685e-06,6.19733349828310849e-09,0.00000000000000000e+00
5699,3.58371034437307114e-08,2.04458234718670264e-08,1.29112763979382891e-06,6.20411483570278518e-09,0.00000000000000000e+00
5700,3.58174155512528130e-08,2.04299387030854038e-08,1.29039827075492811e-06,6.21088174569893265e-09,0.00000000000000000e+00
5701,3.57977918945314813e-08,2.04206996607338984e-08,1.28966935197182145e-06,6.21763609228434839e-09,0.00000000000000000e+00
5702,3.57781684078907855e-08,2.04127422418845842e-08,1.28894089044755860e-06,6.22437773560273333e-09,0.00000000000000000e+00
5703,3.57585479226753657e-08,2.04050417019795572e-08,1.28821288686902209e-06,6.23110618035335661e-09,0.00000000000000000e+00
5704,3.57389372698585061e-08,2.03973969031858098e-08,1.28748534108026530e-06,6.23782100254285762e-09,0.00000000000000000e+00
5705,3.57193405719310650e-08,2.03897662811129347e-08,1.28675825280914376e-06,6.24452194113066637e-09,0.00000000000000000e+00
5706,3.56997603574635391e-08,2.03821407115646503e-08,1.28603162176073436e-06,6.25120890026012476e-09,0.00000000000000000e+00
5707,3.56801985532434038e-08,2.03745184094192851e-08,1.28530544760206442e-06,6.25788193042042325e-09,0.00000000000000000e+00
5708,3.56606569554275752e-08,2.03668994966822273e-08,1.28457972998226409e-06,6.26454120698089848e-09,0.00000000000000000e+00
5709,3.56411373061619269e-08,2.03592845406875356e-08,1.28385446853227943e-06,6.27118701057725569e-09,0.00000000000000000e+00
5710,3.56216412865887216e-08,2.03516740844437101e-08,1.28312966288159662e-06,6.27781971005265614e-09,0.00000000000000000e+00
5711,3.56021704521059049e-08,2.03440685231746564e-08,1.28240531265161334e-06,6.28443974775464282e-09,0.00000000000000000e+00
5712,3.55827261538332009e-08,2.03364680738309895e-08,1.28168141747806135e-06,6.29104762679830200e-09,0.00000000000000000e+00
5713,3.55633094609797828e-08,2.03288728142875553e-08,1.28095797699182785e-06,6.29764389999156708e-09,0.00000000000000000e+00
5714,3.55439211498084260e-08,2.03212827277318814e-08,1.28023499083652351e-06,6.30422916008793823e-09,0.00000000000000000e+00
5715,3.55245616653741366e-08,2.03136977487593329e-08,1.27951245865944148e-06,6.31080403112674503e-09,0.00000000000000000e+00
5716,3.55052311075507678e-08,2.03061177933146745e-08,1.27879038012550485e-06,6.31736916065213560e-09,0.00000000000000000e+00
5717,3.54859292237858778e-08,2.02985427813525649e-08,1.27806875489969811e-06,6.32392521266183998e-09,0.00000000000000000e+00
5718,3.54666554459831574e-08,2.02909726550691926e-08,1.27734758265684298e-06,6.33047286111293127e-09,0.00000000000000000e+00
5719,3.54474089015119598e-08,2.02834073936569586e-08,1.27662686309054075e-06,6.33701278395392436e-09,0.00000000000000000e+00
5720,3.54281884138218821e-08,2.02758470009542322e-08,1.27590659589000423e-06,6.34354565757162042e-09,0.00000000000000000e+00
5721,3.54089925616256394e-08,2.02682915339714195e-08,1.27518678076837322e-06,6.35007215164199781e-09,0.00000000000000000e+00
5722,3.53898197177484157e-08,2.02607410777168334e-08,1.27446741743734800e-06,6.35659292437143204e-09,0.00000000000000000e+00
5723,3.53706680475138363e-08,2.02531957569871465e-08,1.27374850562161383e-06,6.36310861809257777e-09,0.00000000000000000e+00
5724,3.53515355757459547e-08,2.02456557296449877e-08,1.27303004505465625e-06,6.36961985527723005e-09,0.00000000000000000e+00
5725,3.53324202227470697e-08,2.02381211747141255e-08,1.27231203547371039e-06,6.37612723490773190e-09,0.00000000000000000e+00
5726,3.53133198338959285e-08,2.02305923023876188e-08,1.27159447662033146e-06,6.38263132927690460e-09,0.00000000000000000e+00
5727,3.52942322251020955e-08,2.02230693272393081e-08,1.27087736824495456e-06,6.38913268115907503e-09,0.00000000000000000e+00
5728,3.52751552154211874e-08,2.02155524808345678e-08,1.27016071009563925e-06,6.39563180141097731e-09,0.00000000000000000e+00
5729,3.52560866703506715e-08,2.02080419887135224e-08,1.26944450191757283e-06,6.40212916692922300e-09,0.00000000000000000e+00
5730,3.52370245457843834e-08,2.02005380724255141e-08,1.26872874345922188e-06,6.40862521900634002e-09,0.00000000000000000e+00
5731,3.52179669082537496e-08,2.01930409395085836e-08,1.26801343446390322e-06,6.41512036201913714e-09,0.00000000000000000e+00
5732,3.51989119755536578e-08,2.01855507817050564e-08,1.26729857466117660e-06,6.42161496244141684e-09,0.00000000000000000e+00
5733,3.51798581642040361e-08,2.01780677576994183e-08,1.26658416377666962e-06,6.42810934814820218e-09,0.00000000000000000e+00
5734,3.51608040576240849e-08,2.01705920015847438e-08,1.26587020152680116e-06,6.43460380797983832e-09,0.00000000000000000e+00
5735,3.51417485362728282e-08,2.01631236122657812e-08,1.26515668760918682e-06,6.44109859153327495e-09,0.00000000000000000e+00
5736,3.51226906621765265e-08,2.01556626537440323e-08,1.26444362171653616e-06,6.44759390914901593e-09,0.00000000000000000e+00
5737,3.51036298122379575e-08,2.01482091372450462e-08,1.26373100352182755e-06,6.45408993208394289e-09,0.00000000000000000e+00
5738,3.50845655949843606e-08,2.01407630520718984e-08,1.26301883268489235e-06,6.46058679282550907e-09,0.00000000000000000e+00
5739,3.50654979191481938e-08,2.01333243281152385e-08,1.26230710885747911e-06,6.46708458555689937e-09,0.00000000000000000e+00
5740,3.50464269324897225e-08,2.01258928562480665e-08,1.26159583166997102e-06,6.47358336674353780e-09,0.00000000000000000e+00
5741,3.50273530675993139e-08,2.01184684897384811e-08,1.26088500074324164e-06,6.48008315584011597e-09,0.00000000000000000e+00
5742,3.50082769870819837e-08,2.01110510474798266e-08,1.26017461568922261e-06,6.48658393611604325e-09,0.00000000000000000e+00
5743,3.49891995647293502e-08,2.01036402942482049e-08,1.25946467610948277e-06,6.49308565559415530e-09,0.00000000000000000e+00
5744,3.49701219045692917e-08,2.00962359787800339e-08,1.25875518159941437e-06,6.49958822810948043e-09,0.00000000000000000e+00
5745,3.49510452436835679e-08,2.00888377999129541e-08,1.25804613174442318e-06,6.50609153447440792e-09,0.00000000000000000e+00
5746,3.49319709828595261e-08,2.00814454342231546e-08,1.25733752613310973e-06,6.51259542376634926e-09,0.00000000000000000e+00
5747,3.49129006484283224e-08,2.00740585324464230e-08,1.25662936434733048e-06,6.51909971472336974e-09,0.00000000000000000e+00
5748,3.48938357845038815e-08,2.00666767273167147e-08,1.25592157577877600e-06,6.52564351302845002e-09,0.00000000000000000e+00
5749,3.48748383823264071e-08,2.00674646395213028e-08,1.25521428833733597e-06,6.53218504064684344e-09,0.00000000000000000e+00
5750,3.48557892492983203e-08,2.00616534053512927e-08,1.25450745197515477e-06,6.53872168761540354e-09,0.00000000000000000e+00
5751,3.48367539343673912e-08,2.00546445815188354e-08,1.25380105908720595e-06,6.54525314191363586e-09,0.00000000000000000e+00
5752,3.48177335584237275e-08,2.00474243956166711e-08,1.25309510835698686e-06,6.55177964076044445e-09,0.00000000000000000e+00
5753,3.47987253147200492e-08,2.00401732434505883e-08,1.25238959926559325e-06,6.55830147934876935e-09,0.00000000000000000e+00
5754,3.47797290018066095e-08,2.00329245995834920e-08,1.25168453139127810e-06,6.56481888116890470e-09,0.00000000000000000e+00
5755,3.47607458500728401e-08,2.00256835701528008e-08,1.25097990434378285e-06,6.57133197305038255e-09,0.00000000000000000e+00
5756,3.47417775481496685e-08,2.00184488805169089e-08,1.25027571776375057e-06,6.57784078967121732e-09,0.00000000000000000e+00
5757,3.47228256227714451e-08,2.00112175311514444e-08,1.24957197132413340e-06,6.58434528525963204e-09,0.00000000000000000e+00
5758,3.47038913551619067e-08,2.00039861600795429e-08,1.24886866472232837e-06,6.59084534589714571e-09,0.00000000000000000e+00
5759,3.46849756180794630e-08,1.99967514867475364e-08,1.24816579766902758e-06,6.59734080064659440e-09,0.00000000000000000e+00
5760,3.46660790323032785e-08,1.99895104925340797e-08,1.24746336989304475e-06,6.60383143115860406e-09,0.00000000000000000e+00
5761,3.46472019141780434e-08,1.99822604640317040e-08,1.24676138113163512e-06,6.61031697985291629e-09,0.00000000000000000e+00
5762,3.46283443415878351e-08,1.99749989939951864e-08,1.24605983113833583e-06,6.61679715693173183e-09,0.00000000000000000e+00
5763,3.46095062149389695e-08,1.99677239607212908e-08,1.24535871966729874e-06,6.62327164647688777e-09,0.00000000000000000e+00
5764,3.45906872601020910e-08,1.99604335261724468e-08,1.24465804649290328e-06,6.62974011185885865e-09,0.00000000000000000e+00
5765,3.45718870798734075e-08,1.99531261266220591e-08,1.24395781138312002e-06,6.63620220065958449e-09,0.00000000000000000e+00
5766,3.45531051754953490e-08,1.99458004954001277e-08,1.24325801412356217e-06,6.64265754923498567e-09,0.00000000000000000e+00
5767,3.45343409415835551e-08,1.99384556617958206e-08,1.24255826917430339e-06,6.64910730183291392e-09,0.00000000000000000e+00
5768,3.45293962545994145e-08,1.99311088862857672e-08,1.24185965384438236e-06,6.65553918903817410e-09,0.00000000000000000e+00
5769,3.45002008276112250e-08,1.99237084263845535e-08,1.24116124110844857e-06,6.66196821027299772e-09,0.00000000000000000e+00
5770,3.44790850229127156e-08,1.99162950634689191e-08,1.24046320329026914e-06,6.66839209641251584e-09,0.00000000000000000e+00
5771,3.44598579593244587e-08,1.99088680447304111e-08,1.23976558928645127e-06,6.67480899236664467e-09,0.00000000000000000e+00
5772,3.44410373040857205e-08,1.99014240600601584e-08,1.23906841152546493e-06,6.68121759973022773e-09,0.00000000000000000e+00
5773,3.44222942024204363e-08,1.98939623704090171e-08,1.23837167197846315e-06,6.68761706033084851e-09,0.00000000000000000e+00
5774,3.44035728991579891e-08,1.98864835054019630e-08,1.23767537001925988e-06,6.69400681287635244e-09,0.00000000000000000e+00
5775,3.43848720440393394e-08,1.98789886197583589e-08,1.23697950470593309e-06,6.70038647920793144e-09,0.00000000000000000e+00
5776,3.43661947548273763e-08,1.98714792587519360e-08,1.23628407532088092e-06,6.70675578786478976e-09,0.00000000000000000e+00
5777,3.43475406899265301e-08,1.98639572197033906e-08,1.23558908138866908e-06,6.71311452850665600e-09,0.00000000000000000e+00
5778,3.43289070515399987e-08,1.98564244684377464e-08,1.23489452260446395e-06,6.71946252795315913e-09,0.00000000000000000e+00
5779,3.43102903285717770e-08,1.98488830790932569e-08,1.23420039874313794e-06,6.72579963965074711e-09,0.00000000000000000e+00
5780,3.42916874860971899e-08,1.98413351643031826e-08,1.23350670961382446e-06,6.73212574059640967e-09,0.00000000000000000e+00
5781,3.42730962818882199e-08,1.98337828557407247e-08,1.23281345502244920e-06,6.73844073181122351e-09,0.00000000000000000e+00
5782,3.42545153009195046e-08,1.98262282630887592e-08,1.23212063476590129e-06,6.74474454007826284e-09,0.00000000000000000e+00
5783,3.42359437367028309e-08,1.98186734457476295e-08,1.23142831765411240e-06,6.75100368234480827e-09,0.00000000000000000e+00
5784,3.42173260381120019e-08,1.98032566021676114e-08,1.23073637474767169e-06,6.75725395799310956e-09,0.00000000000000000e+00
5785,3.41987774319221498e-08,1.97943748721121488e-08,1.23004485595922506e-06,6.76349731598561402e-09,0.00000000000000000e+00
5786,3.41802341304223886e-08,1.97867512527437826e-08,1.22935376897735727e-06,6.76973372714419804e-09,0.00000000000000000e+00
5787,3.41616968045987415e-08,1.97793769447756710e-08,1.22866311472802059e-06,6.77596273866254950e-09,0.00000000000000000e+00
5788,3.41431700624896419e-08,1.97720540819306687e-08,1.22797289317297383e-06,6.78218388775648021e-09,0.00000000000000000e+00
5789,3.41246559302430110e-08,1.97647420816583427e-08,1.22728310415094423e-06,6.78839679950977396e-09,0.00000000000000000e+00
5790,3.41061549207537954e-08,1.97574322763384324e-08,1.22659374745574450e-06,6.79460119883742501e-09,0.00000000000000000e+00
5791,3.40876670354633342e-08,1.97501232079491141e-08,1.22590444261356950e-06,6.80079895220815658e-09,0.00000000000000000e+00
5792,3.40828957551439125e-08,1.97428320507076534e-08,1.22521625191541319e-06,6.80697727955499242e-09,0.00000000000000000e+00
5793,3.40540489219813842e-08,1.97355136941031264e-08,1.22452788210185763e-06,6.81315361499755844e-09,0.00000000000000000e+00
5794,3.40469010890605963e-08,1.97282214113115402e-08,1.22384018445365106e-06,6.81931547359353797e-09,0.00000000000000000e+00
5795,3.40312464707843741e-08,1.97209247632715439e-08,1.22315297647395484e-06,6.82546623801292089e-09,0.00000000000000000e+00
5796,3.40136222814536244e-08,1.97136279122179664e-08,1.22246620922198730e-06,6.83160810906506526e-09,0.00000000000000000e+00
5797,3.39955495274288086e-08,1.97063347371296466e-08,1.22177987159754536e-06,6.83774230726344351e-09,0.00000000000000000e+00
5798,3.39773596997937782e-08,1.96990464746239912e-08,1.22109396239490450e-06,6.84386942700822753e-09,0.00000000000000000e+00
5799,3.39591186174029218e-08,1.96917634471869044e-08,1.22040848229731413e-06,6.84998972036380379e-09,0.00000000000000000e+00
5800,3.39408430676657751e-08,1.96844856926628951e-08,1.21972343184676287e-06,6.85610328363559989e-09,0.00000000000000000e+00
5801,3.39225451619259544e-08,1.96772131547322034e-08,1.21903881114391700e-06,6.86221016557777598e-09,0.00000000000000000e+00
5802,3.39042372980607395e-08,1.96699457334965707e-08,1.21835461996330948e-06,6.86831042237726667e-09,0.00000000000000000e+00
5803,3.38859305591754910e-08,1.96626833385909919e-08,1.21767085791767640e-06,6.87440414032782325e-09,0.00000000000000000e+00
5804,3.38676334279893318e-08,1.96554258899195285e-08,1.21698752457501680e-06,6.88049144087372513e-09,0.00000000000000000e+00
5805,3.38493515445707798e-08,1.96481733333832847e-08,1.21630461950083579e-06,6.88657247728059288e-09,0.00000000000000000e+00
5806,3.38310881692843738e-08,1.96409256410074588e-08,1.21562214230197330e-06,6.89264742823309558e-09,0.00000000000000000e+00
5807,3.38128448277673447e-08,1.96336827934946154e-08,1.21494009261067324e-06,6.89871649104689241e-09,0.00000000000000000e+00
5808,3.37946218992205339e-08,1.96264447926041477e-08,1.21425884861828638e-06,6.90477860327925185e-09,0.00000000000000000e+00
5809,3.37627553374346599e-08,1.96191948347674941e-08,1.21357735293874959e-06,6.91084568300302851e-09,0.00000000000000000e+00
5810,3.37548925877105270e-08,1.96119792084633155e-08,1.21289689079232818e-06,6.91690150420213462e-09,0.00000000000000000e+00
5811,3.37254211211168353e-08,1.96047443524334028e-08,1.21221661594066359e-06,6.92295835958217037e-09,0.00000000000000000e+00
5812,3.37044533793778555e-08,1.95975223298757416e-08,1.21153670923795107e-06,6.92901304678399331e-09,0.00000000000000000e+00
5813,3.36854820176252220e-08,1.95903096603909393e-08,1.21085721870319590e-06,6.93506364922017895e-09,0.00000000000000000e+00
5814,3.36669803559076669e-08,1.95831027544463667e-08,1.21017815463766020e-06,6.94110928223314398e-09,0.00000000000000000e+00
5815,3.36486139851255606e-08,1.95759005347814549e-08,1.20949951753092773e-06,6.94714971444325246e-09,0.00000000000000000e+00
5816,3.36303187182107300e-08,1.95687027698673911e-08,1.20882130605863180e-06,6.95318506932658670e-09,0.00000000000000000e+00
5817,3.36120806380711657e-08,1.95615094652322233e-08,1.20814351908539354e-06,6.95921562937034852e-09,0.00000000000000000e+00
5818,3.35938902431141600e-08,1.95543206919168793e-08,1.20746615593690021e-06,6.96524172200679025e-09,0.00000000000000000e+00
5819,3.35757369336385432e-08,1.95471365192884474e-08,1.20678921628049823e-06,6.97126366087066668e-09,0.00000000000000000e+00
5820,3.35576107474767940e-08,1.95399569959549093e-08,1.20611269993021538e-06,6.97728172059563821e-09,0.00000000000000000e+00
5821,3.35395036941365701e-08,1.95327821591324142e-08,1.20543660675255357e-06,6.98329612996311270e-09,0.00000000000000000e+00
5822,3.35214102033634764e-08,1.95256119969609924e-08,1.20476093660822329e-06,6.98930707385659778e-09,0.00000000000000000e+00
5823,3.35033267585625433e-08,1.95184464747272383e-08,1.20408568930876184e-06,6.99531469861955897e-09,0.00000000000000000e+00
5824,3.34852513391968739e-08,1.95112855429010956e-08,1.20341086464143519e-06,7.00131911806836016e-09,0.00000000000000000e+00
5825,3.34671829319680540e-08,1.95041291428868633e-08,1.20273646236056103e-06,7.00732041892589394e-09,0.00000000000000000e+00
5826,3.34491210868692435e-08,1.94969771937064643e-08,1.20206248219333163e-06,7.01331866528360227e-09,0.00000000000000000e+00
5827,3.34310656934913652e-08,1.94898296145971105e-08,1.20138892386115722e-06,7.01931390208782603e-09,0.00000000000000000e+00
5828,3.34130168214294322e-08,1.94826863256418950e-08,1.20071578707097161e-06,7.02530615780625318e-09,0.00000000000000000e+00
5829,3.33949746055757639e-08,1.94755472483875377e-08,1.20004307151826115e-06,7.03129544645619872e-09,0.00000000000000000e+00
5830,3.33769392377753489e-08,1.94684122935060566e-08,1.19937077690574121e-06,7.03728176919929635e-09,0.00000000000000000e+00
5831,3.33589109588399651e-08,1.94612813809054042e-08,1.19869890292560594e-06,7.04326511561469660e-09,0.00000000000000000e+00
5832,3.33408900430389735e-08,1.94541544278232849e-08,1.19802744927219335e-06,7.04924546477219052e-09,0.00000000000000000e+00
5833,3.33228768017971794e-08,1.94470313418417174e-08,1.19735641563587837e-06,7.05522278609675739e-09,0.00000000000000000e+00
5834,3.33048715793604457e-08,1.94399120382170603e-08,1.19668580170356967e-06,7.06119704004595777e-09,0.00000000000000000e+00
5835,3.32868747511915317e-08,1.94327964222569858e-08,1.19601560717359732e-06,7.06716817853218772e-09,0.00000000000000000e+00
5836,3.32688867045975032e-08,1.94256844059578081e-08,1.19534583173684554e-06,7.07313614504406012e-09,0.00000000000000000e+00
5837,3.32509078325519177e-08,1.94185758901951127e-08,1.19467647508065053e-06,7.07910087444435255e-09,0.00000000000000000e+00
5838,3.32329385304920470e-08,1.94114707781975825e-08,1.19400753690588156e-06,7.08506229245284736e-09,0.00000000000000000e+00
5839,3.32149791973655852e-08,1.94043689689487926e-08,1.19333901690598786e-06,7.09102031485463298e-09,0.00000000000000000e+00
5840,3.31970302015836033e-08,1.93972703597987163e-08,1.19267091478036339e-06,7.09697484654378550e-09,0.00000000000000000e+00
5841,3.31790919027469179e-08,1.93901748517500732e-08,1.19200323022991761e-06,7.10292578054244169e-09,0.00000000000000000e+00
5842,3.31611646375659024e-08,1.93830823398324328e-08,1.19133559229583459e-06,7.10887435405891139e-09,0.00000000000000000e+00
5843,3.31567285215135498e-08,1.93760094330372038e-08,1.19066866402109274e-06,7.11481053734335198e-09,0.00000000000000000e+00
5844,3.31420854597220273e-08,1.93689261602500103e-08,1.19000222244454391e-06,7.12073869200060757e-09,0.00000000000000000e+00
5845,3.31251098384629050e-08,1.93618399557287446e-08,1.18933620812962891e-06,7.12666152124894845e-09,0.00000000000000000e+00
5846,3.31076169284074069e-08,1.93547552669770177e-08,1.18867060801025825e-06,7.13258038795856341e-09,0.00000000000000000e+00
5847,3.30899899927241100e-08,1.93476732645795660e-08,1.18800542109357149e-06,7.13849578508790391e-09,0.00000000000000000e+00
5848,3.30722978425928720e-08,1.93405941652631761e-08,1.18734064860852214e-06,7.14440771026969487e-09,0.00000000000000000e+00
5849,3.30545552298798261e-08,1.93335179038514718e-08,1.18667629149966418e-06,7.15031591531781590e-09,0.00000000000000000e+00
5850,3.30367744422214500e-08,1.93264443366600970e-08,1.18601235009560616e-06,7.15622005458435938e-09,0.00000000000000000e+00
5851,3.30189698473232474e-08,1.93193733053191228e-08,1.18534882427726541e-06,7.16211976400408836e-09,0.00000000000000000e+00
5852,3.30011549743768814e-08,1.93123046393631222e-08,1.18468571369783785e-06,7.16801469753751950e-09,0.00000000000000000e+00
5853,3.29833404194818381e-08,1.93052382051235895e-08,1.18402301792632981e-06,7.17390454003914360e-09,0.00000000000000000e+00
5854,3.29655333778984544e-08,1.92981738938145214e-08,1.18336073654914125e-06,7.17978900861764886e-09,0.00000000000000000e+00
5855,3.29477381910431138e-08,1.92911116243600750e-08,1.18269886917821080e-06,7.18566784937784913e-09,0.00000000000000000e+00
5856,3.29299570802254093e-08,1.92840513401364484e-08,1.18203741547479644e-06,7.19154083313631520e-09,0.00000000000000000e+00
5857,3.29121909115099404e-08,1.92769930027183460e-08,1.18137637513509306e-06,7.19740775166224588e-09,0.00000000000000000e+00
5858,3.28944397790880283e-08,1.92699365943171032e-08,1.18071574787989023e-06,7.20326841490922040e-09,0.00000000000000000e+00
5859,3.28767034188064461e-08,1.92628820956273800e-08,1.18005553344823214e-06,7.20912264924327164e-09,0.00000000000000000e+00
5860,3.28589813550022753e-08,1.92558295096876291e-08,1.17939573160082944e-06,7.21497029642976776e-09,0.00000000000000000e+00
5861,3.28412731103083533e-08,1.92487788436859573e-08,1.17873634208984198e-06,7.22081121308932171e-09,0.00000000000000000e+00
5862,3.28235781740505413e-08,1.92417301098356369e-08,1.17807736468633178e-06,7.22664527037811654e-09,0.00000000000000000e+00
5863,3.28058961093677321e-08,1.92346833362211503e-08,1.17741879915270527e-06,7.23247235366677985e-09,0.00000000000000000e+00
5864,3.27882265090386058e-08,1.92276385577668768e-08,1.17676064525210471e-06,7.23829236207552975e-09,0.00000000000000000e+00
5865,3.27705689922811552e-08,1.92205958163506417e-08,1.17610290275408188e-06,7.24410520780906210e-09,0.00000000000000000e+00
5866,3.27529232107757853e-08,1.92135551689197006e-08,1.17544557142128775e-06,7.24991081527240614e-09,0.00000000000000000e+00
5867,3.27352888454339484e-08,1.92065166747344144e-08,1.17478865102161732e-06,7.25570912006409592e-09,0.00000000000000000e+00
5868,3.27176656388679016e-08,1.91994804051901345e-08,1.17413214131097558e-06,7.26150006795010985e-09,0.00000000000000000e+00
5869,3.27000533576890123e-08,1.91924464365674884e-08,1.17347604205542093e-06,7.26728361396305200e-09,0.00000000000000000e+00
5870,3.26824518104793621e-08,1.91854148466267410e-08,1.17282035301074509e-06,7.27305972175831353e-09,0.00000000000000000e+00
5871,3.26648608890172636e-08,1.91783857195274747e-08,1.17216507393098642e-06,7.27882836331438441e-09,0.00000000000000000e+00
5872,3.26472804941544663e-08,1.91713591454580418e-08,1.17151020457181319e-06,7.28458951902950859e-09,0.00000000000000000e+00
5873,3.26297106250321914e-08,1.91643352078278349e-08,1.17085574468336083e-06,7.29034317818872176e-09,0.00000000000000000e+00
5874,3.26121513020719929e-08,1.91573140010497368e-08,1.17020169401431024e-06,7.29608933973476633e-09,0.00000000000000000e+00
5875,3.25946026259608161e-08,1.91502956111159254e-08,1.16954805231324296e-06,7.30182801321629022e-09,0.00000000000000000e+00
5876,3.25770647011120486e-08,1.91432801228336687e-08,1.16889481932532068e-06,7.30755921977260121e-09,0.00000000000000000e+00
5877,3.25595376579184717e-08,1.91362676283554464e-08,1.16824199479602035e-06,7.31328299300797538e-09,0.00000000000000000e+00
5878,3.25420216908504591e-08,1.91292582140228009e-08,1.16758957846768071e-06,7.31899937962348577e-09,0.00000000000000000e+00
5879,3.25245169994888851e-08,1.91222519597964762e-08,1.16693757008713334e-06,7.32470843968959645e-09,0.00000000000000000e+00
5880,3.25070237646247597e-08,1.91152489583742791e-08,1.16628596939305059e-06,7.33041024653409441e-09,0.00000000000000000e+00
5881,3.24895422149565618e-08,1.91082492880544530e-08,1.16563477612716659e-06,7.33610488618065813e-09,0.00000000000000000e+00
5882,3.24720725560535562e-08,1.91012530253982876e-08,1.16498399003293033e-06,7.34179245640267375e-09,0.00000000000000000e+00
5883,3.24546149844325550e-08,1.90942602525879204e-08,1.16433361084831680e-06,7.34747306542541606e-09,0.00000000000000000e+00
5884,3.24371697342834839e-08,1.90872710426770911e-08,1.16368363830913898e-06,7.35314683035948166e-09,0.00000000000000000e+00
5885,3.24197369957795399e-08,1.90802854699283744e-08,1.16303407215479830e-06,7.35881387547136033e-09,0.00000000000000000e+00
5886,3.24023169340894941e-08,1.90733035986163243e-08,1.16238491212304508e-06,7.36447433036473284e-09,0.00000000000000000e+00
5887,3.23849097330910902e-08,1.90663254911269292e-08,1.16173615794571251e-06,7.37012832817618821e-09,0.00000000000000000e+00
5888,3.23675155332686733e-08,1.90593511987551146e-08,1.16108780935603370e-06,7.37577600385521908e-09,0.00000000000000000e+00
5889,3.23501344749499535e-08,1.90523807773734667e-08,1.16043986609017526e-06,7.38141749258315366e-09,0.00000000000000000e+00
5890,3.23327666069533703e-08,1.90454142691605205e-08,1.15979232788217667e-06,7.38705292837175045e-09,0.00000000000000000e+00
5891,3.23154120218452717e-08,1.90384517111823717e-08,1.15914519446340356e-06,7.39268244286258369e-09,0.00000000000000000e+00
5892,3.22980707173126819e-08,1.90314931339344528e-08,1.15849846556570434e-06,7.39830616434022259e-09,0.00000000000000000e+00
5893,3.22807426886896075e-08,1.90245385604122031e-08,1.15785214092380186e-06,7.40392421693311124e-09,0.00000000000000000e+00
5894,3.22634278628563065e-08,1.90175880128055000e-08,1.15720622027435654e-06,7.40953672000922710e-09,0.00000000000000000e+00
5895,3.22461261414163230e-08,1.90106415008351055e-08,1.15656070334543860e-06,7.41514378772496486e-09,0.00000000000000000e+00
5896,3.22288373924704079e-08,1.90036990319949384e-08,1.15591558987624746e-06,7.42074552871773706e-09,0.00000000000000000e+00
5897,3.22115614187705082e-08,1.89967606101228554e-08,1.15527087960093526e-06,7.42634204591073219e-09,0.00000000000000000e+00
5898,3.21942980146138124e-08,1.89898262252925634e-08,1.15462657225871432e-06,7.43193343639807306e-09,0.00000000000000000e+00
5899,3.21770469267214817e-08,1.89828958818052461e-08,1.15398266758414801e-06,7.43751979141354111e-09,0.00000000000000000e+00
5900,3.21598078629477627e-08,1.89759695630701485e-08,1.15333916531799027e-06,7.44310119634312885e-09,0.00000000000000000e+00
5901,3.21425805365932848e-08,1.89690472512065938e-08,1.15269606520072141e-06,7.44867773077543425e-09,0.00000000000000000e+00
5902,3.21253645950473572e-08,1.89621289365373231e-08,1.15205336696910117e-06,7.45424946859153713e-09,0.00000000000000000e+00
5903,3.21081597147484103e-08,1.89552145957346520e-08,1.15141107036517435e-06,7.45981647806830665e-09,0.00000000000000000e+00
5904,3.20909655306568619e-08,1.89483042070459109e-08,1.15076917513362744e-06,7.46537882200792700e-09,0.00000000000000000e+00
5905,3.20737816893356548e-08,1.89413977462624415e-08,1.15012768101154458e-06,7.47093655786811219e-09,0.00000000000000000e+00
5906,3.20566078109329631e-08,1.89344951888931597e-08,1.14948658774285077e-06,7.47648973791730498e-09,0.00000000000000000e+00
5907,3.20394435564824538e-08,1.89275965062748279e-08,1.14884589506609107e-06,7.48203840938765731e-09,0.00000000000000000e+00
5908,3.20222885917840681e-08,1.89207016701305382e-08,1.14820560272752069e-06,7.48758261463433868e-09,0.00000000000000000e+00
5909,3.20051425782234217e-08,1.89138106563326961e-08,1.14756571046566669e-06,7.49312239130167702e-09,0.00000000000000000e+00
5910,3.19880052068226154e-08,1.89069234271998233e-08,1.14692621802122708e-06,7.49865777247856277e-09,0.00000000000000000e+00
5911,3.19708761918061796e-08,1.89000399566634221e-08,1.14628712513843179e-06,7.50418878685910392e-09,0.00000000000000000e+00
5912,3.19537552918486637e-08,1.88931602087448316e-08,1.14564843155306923e-06,7.50971545889012549e-09,0.00000000000000000e+00
5913,3.19366422638821513e-08,1.88862841541744877e-08,1.14501013700501134e-06,7.51523780890574030e-09,0.00000000000000000e+00
5914,3.19195369256205532e-08,1.88794117641011477e-08,1.14437224123408052e-06,7.52075585325881276e-09,0.00000000000000000e+00
5915,3.19024391151323721e-08,1.88725429981992274e-08,1.14373474397754663e-06,7.52626960442560878e-09,0.00000000000000000e+00
5916,3.18853487328532061e-08,1.88656778310209917e-08,1.14309764497206691e-06,7.53177907110689051e-09,0.00000000000000000e+00
5917,3.18682656835390908e-08,1.88588162195347549e-08,1.14246094395397547e-06,7.53728425830225502e-09,0.00000000000000000e+00
5918,3.18511899195186942e-08,1.88519581411357817e-08,1.14182464065692343e-06,7.54278516738510999e-09,0.00000000000000000e+00
5919,3.18341214457653040e-08,1.88451035570051842e-08,1.14118873481490242e-06,7.54828179614854746e-09,0.00000000000000000e+00
5920,3.18170602904841116e-08,1.88382524298902813e-08,1.14055322616707268e-06,7.55377413885164449e-09,0.00000000000000000e+00
5921,3.18000065323109227e-08,1.88314047356576485e-08,1.13991811444118552e-06,7.55926218626087174e-09,0.00000000000000000e+00
5922,3.17829602494820746e-08,1.88245604341156452e-08,1.13928339937176177e-06,7.56474592567944523e-09,0.00000000000000000e+00
5923,3.17659215813063563e-08,1.88177194905304116e-08,1.13864908068926474e-06,7.57022534098071459e-09,0.00000000000000000e+00
5924,3.17488906946992266e-08,1.88108818800001650e-08,1.13801515812996141e-06,7.57570041264360449e-09,0.00000000000000000e+00
5925,3.17318677501239704e-08,1.88040475590763272e-08,1.13738163142150379e-06,7.58117111779730221e-09,0.00000000000000000e+00
5926,3.17148529703550571e-08,1.87972164984709375e-08,1.13674850029656976e-06,7.58663743027039387e-09,0.00000000000000000e+00
5927,3.16978465717836230e-08,1.87903886654599201e-08,1.13611576448863872e-06,7.59209932065511644e-09,0.00000000000000000e+00
5928,3.16808487906039122e-08,1.87835640283922082e-08,1.13548342372902546e-06,7.59755675638163863e-09,0.00000000000000000e+00
5929,3.16638598567049679e-08,1.87767425494366269e-08,1.13485147775157190e-06,7.60300970181449522e-09,0.00000000000000000e+00
5930,3.16468800386643411e-08,1.87699241984394354e-08,1.13421992628744629e-06,7.60845811835461483e-09,0.00000000000000000e+00
5931,3.16299095804510192e-08,1.87631089421831149e-08,1.13358876907170839e-06,7.61390196457299728e-09,0.00000000000000000e+00
5932,3.16129487343037773e-08,1.87562967449520447e-08,1.13295800584027280e-06,7.61934119634294833e-09,0.00000000000000000e+00
5933,3.15959977428126200e-08,1.87494875808203563e-08,1.13232763633184043e-06,7.62477576700383000e-09,0.00000000000000000e+00
5934,3.15790568533156279e-08,1.87426814088057170e-08,1.13169766028004104e-06,7.63020562754029080e-09,0.00000000000000000e+00
5935,3.15621262797550992e-08,1.87358782070098932e-08,1.13106807741879976e-06,7.63563072676829693e-09,0.00000000000000000e+00
5936,3.15452062492341062e-08,1.87290779361220726e-08,1.13043888749689847e-06,7.64105101154737859e-09,0.00000000000000000e+00
5937,3.15282969537843288e-08,1.87222805745583635e-08,1.12981009025083307e-06,7.64646642700323092e-09,0.00000000000000000e+00
5938,3.15113985759936384e-08,1.87154860871033943e-08,1.12918168542113809e-06,7.65187691676113603e-09,0.00000000000000000e+00
5939,3.14945112750681707e-08,1.87086944496493995e-08,1.12855367275500680e-06,7.65728242319752195e-09,0.00000000000000000e+00
5940,3.14776352126093975e-08,1.87019056284510333e-08,1.12792605199284245e-06,7.66268288770758526e-09,0.00000000000000000e+00
5941,3.14607704770161391e-08,1.86951196074632153e-08,1.12729882288656266e-06,7.66807825097097988e-09,0.00000000000000000e+00
5942,3.14439172036968160e-08,1.86883363580001092e-08,1.12667198518181739e-06,7.67346845324614447e-09,0.00000000000000000e+00
5943,3.14270754482362516e-08,1.86815558535029210e-08,1.12604553862511298e-06,7.67885343465528603e-09,0.00000000000000000e+00
5944,3.14102452850734085e-08,1.86747780765279036e-08,1.12541948296885302e-06,7.68423313549602842e-09,0.00000000000000000e+00
5945,3.13934267489436654e-08,1.86680030086758141e-08,1.12479381796704262e-06,7.68960749654579004e-09,0.00000000000000000e+00
5946,3.13766198680986282e-08,1.86612306396255792e-08,1.12416854336983120e-06,7.69497645937896291e-09,0.00000000000000000e+00
5947,3.13598246333705219e-08,1.86544609405001847e-08,1.12354365893236082e-06,7.70033996668447231e-09,0.00000000000000000e+00
5948,3.13430410363875772e-08,1.86476939088775300e-08,1.12291916441064066e-06,7.70569796258558625e-09,0.00000000000000000e+00
5949,3.13262690747477675e-08,1.86409295293952828e-08,1.12229505955843485e-06,7.71105039296446812e-09,0.00000000000000000e+00
5950,3.13095086846440679e-08,1.86341677981947450e-08,1.12167134413408703e-06,7.71639720577066537e-09,0.00000000000000000e+00
5951,3.12927598345649733e-08,1.86274087045436881e-08,1.12104801790007283e-06,7.72173835133765170e-09,0.00000000000000000e+00
5952,3.12760224568435031e-08,1.86206522510562047e-08,1.12042508060639303e-06,7.72707378268215398e-09,0.00000000000000000e+00
5953,3.12592964908706515e-08,1.86138984324338688e-08,1.11980253201789350e-06,7.73240345579777318e-09,0.00000000000000000e+00
5954,3.12425818929116061e-08,1.86071472546187587e-08,1.11918037189272854e-06,7.73772732992476442e-09,0.00000000000000000e+00
5955,3.12258785635245665e-08,1.86003987229219895e-08,1.11855859998982410e-06,7.74304536781593579e-09,0.00000000000000000e+00
5956,3.12091864413755328e-08,1.85936528393858040e-08,1.11793721606973265e-06,7.74835753597110941e-09,0.00000000000000000e+00
5957,3.11925054870362133e-08,1.85869096122964076e-08,1.11731621989410865e-06,7.75366380485480558e-09,0.00000000000000000e+00
5958,3.11758355985550954e-08,1.85801690642104501e-08,1.11669561122419088e-06,7.75896414908318892e-09,0.00000000000000000e+00
5959,3.11591767413481943e-08,1.85734312006649163e-08,1.11607538981281343e-06,7.76425854758787990e-09,0.00000000000000000e+00
5960,3.11425288478531181e-08,1.85666960350207782e-08,1.11545555543215365e-06,7.76954698375191683e-09,0.00000000000000000e+00
5961,3.11258918779204390e-08,1.85599635932994569e-08,1.11483610783421343e-06,7.77482944550877443e-09,0.00000000000000000e+00
5962,3.11092657878879445e-08,1.85532338929760927e-08,1.11421704678064363e-06,7.78010592540992949e-09,0.00000000000000000e+00
5963,3.10926505398956508e-08,1.85465069517338878e-08,1.11359837203141120e-06,7.78537642066505035e-09,0.00000000000000000e+00
5964,3.10760461283663158e-08,1.85397828003756983e-08,1.11298008334407668e-06,7.79064093314261393e-09,0.00000000000000000e+00
5965,3.10594525091050622e-08,1.85330614574404021e-08,1.11236218048010098e-06,7.79589946934078405e-09,0.00000000000000000e+00
5966,3.10428696839511893e-08,1.85263429511108102e-08,1.11174466319633800e-06,7.80115204032203432e-09,0.00000000000000000e+00
5967,3.10262976618870113e-08,1.85196273125305406e-08,1.11112753125097974e-06,7.80639866162080341e-09,0.00000000000000000e+00
5968,3.10097364448802059e-08,1.85129145644130863e-08,1.11051078440332971e-06,7.81163935311769080e-09,0.00000000000000000e+00
5969,3.09931860272469436e-08,1.85062047324618043e-08,1.10989442240844357e-06,7.81687413888367711e-09,0.00000000000000000e+00
5970,3.09766464419191508e-08,1.84994978512337397e-08,1.10927844502318728e-06,7.82210304700091219e-09,0.00000000000000000e+00
5971,3.09601176981451104e-08,1.84927939520918325e-08,1.10866285200294005e-06,7.82732610935682482e-09,0.00000000000000000e+00
5972,3.09435998265282485e-08,1.84860930555847975e-08,1.10804764310693934e-06,7.83254336141702698e-09,0.00000000000000000e+00
5973,3.09270928421848607e-08,1.84793951949943924e-08,1.10743281808820982e-06,7.83775484197494769e-09,0.00000000000000000e+00
5974,3.09105967858842639e-08,1.84727004007969850e-08,1.10681837670115258e-06,7.84296059289166493e-09,0.00000000000000000e+00
5975,3.08941116704204277e-08,1.84660086964847959e-08,1.10620431870337879e-06,7.84816065881519029e-09,0.00000000000000000e+00
5976,3.08776375150426456e-08,1.84593201089525571e-08,1.10559064384518207e-06,7.85335508688923521e-09,0.00000000000000000e+00
5977,3.08611743399697065e-08,1.84526346680711965e-08,1.10497735188446832e-06,7.85854392645873802e-09,0.00000000000000000e+00
5978,3.08447221584834775e-08,1.84459523970829210e-08,1.10436444257404984e-06,7.86372722876077463e-09,0.00000000000000000e+00
5979,3.08282809894165782e-08,1.84392733159025042e-08,1.10375191566941467e-06,7.86890504661616908e-09,0.00000000000000000e+00
5980,3.08118508204726775e-08,1.84325974510895609e-08,1.10313977091900378e-06,7.87407743412471720e-09,0.00000000000000000e+00
5981,3.07954316439531790e-08,1.84259248218544905e-08,1.10252800808397992e-06,7.87924444634937893e-09,0.00000000000000000e+00
5982,3.07790234556569647e-08,1.84192554454134561e-08,1.10191662691158485e-06,7.88440613901748753e-09,0.00000000000000000e+00
5983,3.07626262196226553e-08,1.84125893442470132e-08,1.10130562715831969e-06,7.88956256821718080e-09,0.00000000000000000e+00
5984,3.07462399127881708e-08,1.84059265283979650e-08,1.10069500857660942e-06,7.89471379010523604e-09,0.00000000000000000e+00
5985,3.07298644774302142e-08,1.83992670142851054e-08,1.10008477092245751e-06,7.89985986062221544e-09,0.00000000000000000e+00
5986,3.07134998799835103e-08,1.83926108162665097e-08,1.09947491394761236e-06,7.90500083521521171e-09,0.00000000000000000e+00
5987,3.06971460522716940e-08,1.83859579403300194e-08,1.09886543740352974e-06,7.91013676858083314e-09,0.00000000000000000e+00
5988,3.06808029197419031e-08,1.83793083979494732e-08,1.09825634104891600e-06,7.91526771440752854e-09,0.00000000000000000e+00
5989,3.06644704027526191e-08,1.83726621923725014e-08,1.09764762463363024e-06,7.92039372513755614e-09,0.00000000000000000e+00
5990,3.06481484292275652e-08,1.83660193327557981e-08,1.09703928791288588e-06,7.92551485174857313e-09,0.00000000000000000e+00
5991,3.06318368785008432e-08,1.83593798187455748e-08,1.09643133063753432e-06,7.93063114353791357e-09,0.00000000000000000e+00
5992,3.06155356810791503e-08,1.83527436541865769e-08,1.09582375256793764e-06,7.93574264792949305e-09,0.00000000000000000e+00
5993,3.05992447063099903e-08,1.83461108381768005e-08,1.09521655345654051e-06,7.94084941029607068e-09,0.00000000000000000e+00
5994,3.05829638597995550e-08,1.83394813656938199e-08,1.09460973305506722e-06,7.94595147379504880e-09,0.00000000000000000e+00
5995,3.05666930325512278e-08,1.83328552374075521e-08,1.09400329111828138e-06,7.95104887921812462e-09,0.00000000000000000e+00
5996,3.05504321039216560e-08,1.83262324432264697e-08,1.09339722740265234e-06,7.95614166486248997e-09,0.00000000000000000e+00
5997,3.05341809589252701e-08,1.83196129786847702e-08,1.09279154166185107e-06,7.96122986641505740e-09,0.00000000000000000e+00
5998,3.05179394818441743e-08,1.83129968391027852e-08,1.09218623364938144e-06,7.96631351685036623e-09,0.00000000000000000e+00
5999,3.05017075834691894e-08,1.83063840102070335e-08,1.09158130312060786e-06,7.97139264634500416e-09,0.00000000000000000e+00
6000,3.04854851338539668e-08,1.82997744840688068e-08,1.09097674982887918e-06,7.97646728221373895e-09,0.00000000000000000e+00
6001,3.04692720384577976e-08,1.82931682465512709e-08,1.09037257352983129e-06,7.98153744885217992e-09,0.00000000000000000e+00
6002,3.04530682137059195e-08,1.82865652907860010e-08,1.08976877397802156e-06,7.98660316769765895e-09,0.00000000000000000e+00
6003,3.04368735530170173e-08,1.82799655996312705e-08,1.08916535092812574e-06,7.99166445720696438e-09,0.00000000000000000e+00
6004,3.04206879773182821e-08,1.82733691574770993e-08,1.08856230413260501e-06,7.99672133284727189e-09,0.00000000000000000e+00
6005,3.04045114166267403e-08,1.82667759492522035e-08,1.08795963335048381e-06,8.00177380709904118e-09,0.00000000000000000e+00
6006,3.03883438271802691e-08,1.82601859574362395e-08,1.08735733833097092e-06,8.00682188947117331e-09,0.00000000000000000e+00
6007,3.03721851205897100e-08,1.82535991786763133e-08,1.08675541883389904e-06,8.01186558653973099e-09,0.00000000000000000e+00
6008,3.03560352812481566e-08,1.82470155796924541e-08,1.08615387460684028e-06,8.01690490197911999e-09,0.00000000000000000e+00
6009,3.03398942725514177e-08,1.82404351502061752e-08,1.08555270540899991e-06,8.02193983662955232e-09,0.00000000000000000e+00
6010,3.03237620563995806e-08,1.82338578806908176e-08,1.08495191099347629e-06,8.02697038855242599e-09,0.00000000000000000e+00
6011,3.03076386303804676e-08,1.82272837399207500e-08,1.08435149111414261e-06,8.03199655311673395e-09,0.00000000000000000e+00
6012,3.02915239957717617e-08,1.82207127216550103e-08,1.08375144552754933e-06,8.03701832308072830e-09,0.00000000000000000e+00
6013,3.02754181565082818e-08,1.82141448018414463e-08,1.08315177398732059e-06,8.04203568869330455e-09,0.00000000000000000e+00
6014,3.02593211492513276e-08,1.82075799623234138e-08,1.08255247624671084e-06,8.04704863779745541e-09,0.00000000000000000e+00
6015,3.02432329694508565e-08,1.82010181922965442e-08,1.08195355206285921e-06,8.05205715594928886e-09,0.00000000000000000e+00
6016,3.02271536904679488e-08,1.81944594683508421e-08,1.08135500118890641e-06,8.05706122653957902e-09,0.00000000000000000e+00
6017,3.02110833315492113e-08,1.81879037765992056e-08,1.08075682338012664e-06,8.06206083092254332e-09,0.00000000000000000e+00
6018,3.01950219441853269e-08,1.81813510961120694e-08,1.08015901839499755e-06,8.06705594855719105e-09,0.00000000000000000e+00
6019,3.01789695998809707e-08,1.81748014180345410e-08,1.07956158598447409e-06,8.07204655714857446e-09,0.00000000000000000e+00
6020,3.01629263492181512e-08,1.81682547153225889e-08,1.07896452590681751e-06,8.07703263279802125e-09,0.00000000000000000e+00
6021,3.01468922674484269e-08,1.81617109821047528e-08,1.07836783791979057e-06,8.08201415015804399e-09,0.00000000000000000e+00
6022,3.01308674221488406e-08,1.81551701964024963e-08,1.07777152177651937e-06,8.08699108258600385e-09,0.00000000000000000e+00
6023,3.01148518840747874e-08,1.81486323456708381e-08,1.07717557723863783e-06,8.09196340231155342e-09,0.00000000000000000e+00
6024,3.00988457265224702e-08,1.81420974148277808e-08,1.07658000406100721e-06,8.09693108059966575e-09,0.00000000000000000e+00
6025,3.00828490286166643e-08,1.81355653921672529e-08,1.07598480200152453e-06,8.10189408791268236e-09,0.00000000000000000e+00
6026,3.00668618582421106e-08,1.81290362603724864e-08,1.07538997082152153e-06,8.10685239408586575e-09,0.00000000000000000e+00
6027,3.00508842904756274e-08,1.81225100128324587e-08,1.07479551027798931e-06,8.11180596848868474e-09,0.00000000000000000e+00
6028,3.00349164004678240e-08,1.81159866293090247e-08,1.07420142012684497e-06,8.11675478020068302e-09,0.00000000000000000e+00
6029,3.00189582410286503e-08,1.81094660995287568e-08,1.07360770013432308e-06,8.12169879817283228e-09,0.00000000000000000e+00
6030,3.00030098961681972e-08,1.81029484159128905e-08,1.07301435005791133e-06,8.12663799140126000e-09,0.00000000000000000e+00
6031,2.99870714093703106e-08,1.80964335688288712e-08,1.07242136965943083e-06,8.13157232908566114e-09,0.00000000000000000e+00
6032,2.99711428495909700e-08,1.80899215425117515e-08,1.07182875870129011e-06,8.13650178079572029e-09,0.00000000000000000e+00
6033,2.99552242634912484e-08,1.80834123347267672e-08,1.07123651694456680e-06,8.14142631662619480e-09,0.00000000000000000e+00
6034,2.99393156970877988e-08,1.80769059338481696e-08,1.07064464415413895e-06,8.14634590735208389e-09,0.00000000000000000e+00
6035,2.99234172018430080e-08,1.80704023316902321e-08,1.07005314008931156e-06,8.15126052457995809e-09,0.00000000000000000e+00
6036,2.99075287982068718e-08,1.80639015187722971e-08,1.06946200451896429e-06,8.15617014088553425e-09,0.00000000000000000e+00
6037,2.98916505239507533e-08,1.80574034951717521e-08,1.06887123720408327e-06,8.16107472996046532e-09,0.00000000000000000e+00
6038,2.98757824064386274e-08,1.80509082534851157e-08,1.06828083790915842e-06,8.16597426673160330e-09,0.00000000000000000e+00
6039,2.98599244815586251e-08,1.80444157865679099e-08,1.06769080640342894e-06,8.17086872749634583e-09,0.00000000000000000e+00
6040,2.98440767404919092e-08,1.80379260901854230e-08,1.06710114245023595e-06,8.17575809002510894e-09,0.00000000000000000e+00
6041,2.98282392041591015e-08,1.80314391631619636e-08,1.06651184581386267e-06,8.18064233367874208e-09,0.00000000000000000e+00
6042,2.98124118918140418e-08,1.80249550041673457e-08,1.06592291626587511e-06,8.18552143949865274e-09,0.00000000000000000e+00
6043,2.97965948058707112e-08,1.80184736071314136e-08,1.06533435356840123e-06,8.19039539029904534e-09,0.00000000000000000e+00
6044,2.97807879441236112e-08,1.80119949735982125e-08,1.06474615748920111e-06,8.19526417074318565e-09,0.00000000000000000e+00
6045,2.97649912886499217e-08,1.80055191045540195e-08,1.06415832780097239e-06,8.20012776741518351e-09,0.00000000000000000e+00
6046,2.97492048691063076e-08,1.79990459977865434e-08,1.06357086426563467e-06,8.20498616887227728e-09,0.00000000000000000e+00
6047,2.97334286487198097e-08,1.79925756560579422e-08,1.06298376665224333e-06,8.20983936569597676e-09,0.00000000000000000e+00
6048,2.97176626444096398e-08,1.79861080810593104e-08,1.06239703473472996e-06,8.21468735052728450e-09,0.00000000000000000e+00
6049,2.97019068209700777e-08,1.79796432744779808e-08,1.06181066827190233e-06,8.21953011809310443e-09,0.00000000000000000e+00
6050,2.96861611856817190e-08,1.79731812408058087e-08,1.06122466704361660e-06,8.22436766521938406e-09,0.00000000000000000e+00
6051,2.96704257228800394e-08,1.79667219837425414e-08,1.06063903080795527e-06,8.22919999083670129e-09,0.00000000000000000e+00
6052,2.96547004130171034e-08,1.79602655020175534e-08,1.06005375934105792e-06,8.23402709597294218e-09,0.00000000000000000e+00
6053,2.96389852662583385e-08,1.79538118143201502e-08,1.05946885240787015e-06,8.23884898373067756e-09,0.00000000000000000e+00
6054,2.96232802480533371e-08,1.79473609077697301e-08,1.05888430977979788e-06,8.24366565927019926e-09,0.00000000000000000e+00
6055,2.96075853600584754e-08,1.79409128026652358e-08,1.05830013122378403e-06,8.24847712975952688e-09,0.00000000000000000e+00
6056,2.95919005792329120e-08,1.79344675008707123e-08,1.05771631650743198e-06,8.25328340433419036e-09,0.00000000000000000e+00
6057,2.95762259028981767e-08,1.79280250065029513e-08,1.05713286540321702e-06,8.25808449403724278e-09,0.00000000000000000e+00
6058,2.95605613292600748e-08,1.79215853341129335e-08,1.05654977767939264e-06,8.26288041175113544e-09,0.00000000000000000e+00
6059,2.95449068363876463e-08,1.79151484831231345e-08,1.05596705310213158e-06,8.26767117212873761e-09,0.00000000000000000e+00
6060,2.95292624178231880e-08,1.79087144601872364e-08,1.05538469144169691e-06,8.27245679150140039e-09,0.00000000000000000e+00
6061,2.95136280512441890e-08,1.79022832821472253e-08,1.05480269246422728e-06,8.27723728779973594e-09,0.00000000000000000e+00
6062,2.94980037534278307e-08,1.78958549550678373e-08,1.05422105594642828e-06,8.28201268044643472e-09,0.00000000000000000e+00
6063,2.94823894967350642e-08,1.78894294801700870e-08,1.05363978164941249e-06,8.28678299026241527e-09,0.00000000000000000e+00
6064,2.94667852756084830e-08,1.78830068698414375e-08,1.05305886934180014e-06,8.29154823935046799e-09,0.00000000000000000e+00
6065,2.94511910774502093e-08,1.78765871332681001e-08,1.05247831879230022e-06,8.29630845098737426e-09,0.00000000000000000e+00
6066,2.94356069013728569e-08,1.78701702799294255e-08,1.05189812977371412e-06,8.30106364950372865e-09,0.00000000000000000e+00
6067,2.94200327236952539e-08,1.78637563132482575e-08,1.05131830205258730e-06,8.30581386016302170e-09,0.00000000000000000e+00
6068,2.94044685366796553e-08,1.78573452463936885e-08,1.05073883539295246e-06,8.31055910904067962e-09,0.00000000000000000e+00
6069,2.93889143265964343e-08,1.78509370844341784e-08,1.05015972956830834e-06,8.31529942289556013e-09,0.00000000000000000e+00
6070,2.93733700759465853e-08,1.78445318340775334e-08,1.04958098434400308e-06,8.32003482904466933e-09,0.00000000000000000e+00
6071,2.93578357669841491e-08,1.78381295055274894e-08,1.04900259948989531e-06,8.32476535523541692e-09,0.00000000000000000e+00
6072,2.93423113882292056e-08,1.78317300986192623e-08,1.04842457477607147e-06,8.32949102951684234e-09,0.00000000000000000e+00
6073,2.93267969158002663e-08,1.78253336310380760e-08,1.04784690996539475e-06,8.33421188011649392e-09,0.00000000000000000e+00
6074,2.93112923209084912e-08,1.78189400953891080e-08,1.04726960483046263e-06,8.33892793531170634e-09,0.00000000000000000e+00
6075,2.92957975790584220e-08,1.78125495103331856e-08,1.04669265913317202e-06,8.34363922330746078e-09,0.00000000000000000e+00
6076,2.92803126702351433e-08,1.78061618722437770e-08,1.04611607265224088e-06,8.34834577211720641e-09,0.00000000000000000e+00
6077,2.92648375612194192e-08,1.77997771860966414e-08,1.04553984515069838e-06,8.35304760944420300e-09,0.00000000000000000e+00
6078,2.92493722113739540e-08,1.77933954604019058e-08,1.04496397639602319e-06,8.35774476256772065e-09,0.00000000000000000e+00
6079,2.92339166075710539e-08,1.77870166928503697e-08,1.04438846615435269e-06,8.36243725823291238e-09,0.00000000000000000e+00
6080,2.92184706941218760e-08,1.77806408910809865e-08,1.04381331420054170e-06,8.36712512254937686e-09,0.00000000000000000e+00
6081,2.92030344464574390e-08,1.77742680530283358e-08,1.04323852029768316e-06,8.37180838088614792e-09,0.00000000000000000e+00
6082,2.91876078209338539e-08,1.77678981856171106e-08,1.04266408421535382e-06,8.37648705778586293e-09,0.00000000000000000e+00
6083,2.91721907821979509e-08,1.77615312899952885e-08,1.04209000572652303e-06,8.38116117686668567e-09,0.00000000000000000e+00
6084,2.91567832903008107e-08,1.77551673566287463e-08,1.04151628459569889e-06,8.38583076074816114e-09,0.00000000000000000e+00
6085,2.91413853009940343e-08,1.77488063959645499e-08,1.04094292059267775e-06,8.39049583097182613e-09,0.00000000000000000e+00
6086,2.91259967570203120e-08,1.77424484011688178e-08,1.04036991348766550e-06,8.39515640793408677e-09,0.00000000000000000e+00
6087,2.91106176482372647e-08,1.77360933715903470e-08,1.03979726304586610e-06,8.39981251082162070e-09,0.00000000000000000e+00
6088,2.90952479024809013e-08,1.77297413063205921e-08,1.03922496904097054e-06,8.40446415756216481e-09,0.00000000000000000e+00
6089,2.90798874926792648e-08,1.77233922029649613e-08,1.03865303124001407e-06,8.40911136476995932e-09,0.00000000000000000e+00
6090,2.90645363754146903e-08,1.77170460592133376e-08,1.03808144940984875e-06,8.41375414770984326e-09,0.00000000000000000e+00
6091,2.90491945092673528e-08,1.77107028688212617e-08,1.03751022332670796e-06,8.41839252026122237e-09,0.00000000000000000e+00
6092,2.90338618628625397e-08,1.77043626287814622e-08,1.03693935275662150e-06,8.42302649489586439e-09,0.00000000000000000e+00
6093,2.90185383893130764e-08,1.76980253342027310e-08,1.03636883746590356e-06,8.42765608265573051e-09,0.00000000000000000e+00
6094,2.90032240561747787e-08,1.76916909811860661e-08,1.03579867722763763e-06,8.43228129314247189e-09,0.00000000000000000e+00
6095,2.89879188385850326e-08,1.76853595612000822e-08,1.03522887181061653e-06,8.43690213451333510e-09,0.00000000000000000e+00
6096,2.89726227043593093e-08,1.76790310669351431e-08,1.03465942098657166e-06,8.44151861348361225e-09,0.00000000000000000e+00
6097,2.89573356091628586e-08,1.76727054998959102e-08,1.03409032452346554e-06,8.44613073533608404e-09,0.00000000000000000e+00
6098,2.89420575542228129e-08,1.76663828499828489e-08,1.03352158219173658e-06,8.45073850393743768e-09,0.00000000000000000e+00
6099,2.89267884998302645e-08,1.76600631030082202e-08,1.03295319376083002e-06,8.45534192175750709e-09,0.00000000000000000e+00
6100,2.89115284394537057e-08,1.76537462623581509e-08,1.03238515900312461e-06,8.45994098990338749e-09,0.00000000000000000e+00
6101,2.88962773541422204e-08,1.76474323183830266e-08,1.03181747769079538e-06,8.46453570814766874e-09,0.00000000000000000e+00
6102,2.88810352174369180e-08,1.76411212585092355e-08,1.03125014958843642e-06,8.46912607497237846e-09,0.00000000000000000e+00
6103,2.88658020393636244e-08,1.76348130779163658e-08,1.03068317447307562e-06,8.47371208761347443e-09,0.00000000000000000e+00
6104,2.88505778118843677e-08,1.76285077686924915e-08,1.03011655211366928e-06,8.47829374210970617e-09,0.00000000000000000e+00
6105,2.88353625213191819e-08,1.76222053285800545e-08,1.02955028227927896e-06,8.48287103335964237e-09,0.00000000000000000e+00
6106,2.88201561805158991e-08,1.76159057413369235e-08,1.02898436474574967e-06,8.48744395517814094e-09,0.00000000000000000e+00
6107,2.88049587871241453e-08,1.76096090018256617e-08,1.02841879927856233e-06,8.49201250036250021e-09,0.00000000000000000e+00
6108,2.87897703406010946e-08,1.76033151024306322e-08,1.02785358565349314e-06,8.49657666075813548e-09,0.00000000000000000e+00
6109,2.87745908671020260e-08,1.75970240353970334e-08,1.02728872364383457e-06,8.50113642732715227e-09,0.00000000000000000e+00
6110,2.87594203688037481e-08,1.75907357936232220e-08,1.02672421301821259e-06,8.50569179022199680e-09,0.00000000000000000e+00
6111,2.87442588446650819e-08,1.75844503715965585e-08,1.02616005355134100e-06,8.51024273886179325e-09,0.00000000000000000e+00
6112,2.87291063304328560e-08,1.75781677579836561e-08,1.02559624501207065e-06,8.51478926200856672e-09,0.00000000000000000e+00
6113,2.87139628338205264e-08,1.75718879489692734e-08,1.02503278718032565e-06,8.51933134784792813e-09,0.00000000000000000e+00
6114,2.86988283740274975e-08,1.75656109320002761e-08,1.02446967982275202e-06,8.52386898406604338e-09,0.00000000000000000e+00
6115,2.86837029743854609e-08,1.75593367078877644e-08,1.02390692271646109e-06,8.52840215793472537e-09,0.00000000000000000e+00
6116,2.86685866448351454e-08,1.75530652601917223e-08,1.02334451563134725e-06,8.53293085639065646e-09,0.00000000000000000e+00
6117,2.86534794190862554e-08,1.75467965913752818e-08,1.02278245834596518e-06,8.53745506611791458e-09,0.00000000000000000e+00
6118,2.86383812997455085e-08,1.75405306919746662e-08,1.02222075062817427e-06,8.54197477362947701e-09,0.00000000000000000e+00
6119,2.86232923366325171e-08,1.75342675521324767e-08,1.02165939226017842e-06,8.54648996535108324e-09,0.00000000000000000e+00
6120,2.86082125206986136e-08,1.75280071744143529e-08,1.02109838300866177e-06,8.55100062769484580e-09,0.00000000000000000e+00
6121,2.85931418907026129e-08,1.75217495434137614e-08,1.02053772265511672e-06,8.55550674714606120e-09,0.00000000000000000e+00
6122,2.85780804575446775e-08,1.75154946602425984e-08,1.01997741097348034e-06,8.56000831033347229e-09,0.00000000000000000e+00
6123,2.85630282543770285e-08,1.75092425198946973e-08,1.01941744773655826e-06,8.56450530411262329e-09,0.00000000000000000e+00
6124,2.85479852923873564e-08,1.75029931186046923e-08,1.01885783272312540e-06,8.56899771562968994e-09,0.00000000000000000e+00
6125,2.85329515875451805e-08,1.74967464432560201e-08,1.01829856570447205e-06,8.57348553239769103e-09,0.00000000000000000e+00
6126,2.85179271488288745e-08,1.74905025010492715e-08,1.01773964646365466e-06,8.57796874236438832e-09,0.00000000000000000e+00
6127,2.85029120129447336e-08,1.74842612815850523e-08,1.01718107477081050e-06,8.58244733397295031e-09,0.00000000000000000e+00
6128,2.84879061855867351e-08,1.74780227835597027e-08,1.01662285040975009e-06,8.58692129622974629e-09,0.00000000000000000e+00
6129,2.84729096659424916e-08,1.74717870034938132e-08,1.01606497315264507e-06,8.59139061875502443e-09,0.00000000000000000e+00
6130,2.84579224853973266e-08,1.74655539374918528e-08,1.01550744277801814e-06,8.59585529184098810e-09,0.00000000000000000e+00
6131,2.84429446452232322e-08,1.74593235861064544e-08,1.01495025906392823e-06,8.60031530650300827e-09,0.00000000000000000e+00
6132,2.84279761505027634e-08,1.74530959403331281e-08,1.01439342178996213e-06,8.60477065452146234e-09,0.00000000000000000e+00
6133,2.84130170286213225e-08,1.74468710070785808e-08,1.01383693073162922e-06,8.60922132848811743e-09,0.00000000000000000e+00
6134,2.83980672580682863e-08,1.74406487779423135e-08,1.01328078566772303e-06,8.61366732183983471e-09,0.00000000000000000e+00
6135,2.83831268621390360e-08,1.74344292565600596e-08,1.01272498637722132e-06,8.61810862889273689e-09,0.00000000000000000e+00
6136,2.83681958477232185e-08,1.74282124381259295e-08,1.01216953264161077e-06,8.62254524487259886e-09,0.00000000000000000e+00
6137,2.83532742018796428e-08,1.74219983183786428e-08,1.01161442423406294e-06,8.62697716593356515e-09,0.00000000000000000e+00
6138,2.83383619375947632e-08,1.74157869009630551e-08,1.01105966094120092e-06,8.63140438918386856e-09,0.00000000000000000e+00
6139,2.83234590474287552e-08,1.74095781901725877e-08,1.01050524253429257e-06,8.63582691269178926e-09,0.00000000000000000e+00
6140,2.83085655432673175e-08,1.74033721747423509e-08,1.00995116880189982e-06,8.64024473550491646e-09,0.00000000000000000e+00
6141,2.82936814060247298e-08,1.73971688656056708e-08,1.00939743951379955e-06,8.64465785764753617e-09,0.00000000000000000e+00
6142,2.82788066659214567e-08,1.73909682574359838e-08,1.00884405445735302e-06,8.64906628012331957e-09,0.00000000000000000e+00
6143,2.82639412828244254e-08,1.73847703504899774e-08,1.00829101341015544e-06,8.65347000491260653e-09,0.00000000000000000e+00
6144,2.82490852678890929e-08,1.73785751481241222e-08,1.00773831615076210e-06,8.65786903496084163e-09,0.00000000000000000e+00
6145,2.82342386294184203e-08,1.73723826479926431e-08,1.00718596246195798e-06,8.66226337416696054e-09,0.00000000000000000e+00
6146,2.82194013409658617e-08,1.73661928480030016e-08,1.00663395212215777e-06,8.66665302736897226e-09,0.00000000000000000e+00
6147,2.82045734036646117e-08,1.73600057624952603e-08,1.00608228491235877e-06,8.67103800031608810e-09,0.00000000000000000e+00
6148,2.81897548218574942e-08,1.73538213776177040e-08,1.00553096061339036e-06,8.67541829964644242e-09,0.00000000000000000e+00
6149,2.81749455823086333e-08,1.73476397038211875e-08,1.00497997900712230e-06,8.67979393285985351e-09,0.00000000000000000e+00
6150,2.81601456799796886e-08,1.73414607395273707e-08,1.00442933987020066e-06,8.68416490828407966e-09,0.00000000000000000e+00
6151,2.81453550942387968e-08,1.73352844894172852e-08,1.00387904298873291e-06,8.68853123503529146e-09,0.00000000000000000e+00
6152,2.81305738335077254e-08,1.73291109520548463e-08,1.00332908813660148e-06,8.69289292298177842e-09,0.00000000000000000e+00
6153,2.81158018827439038e-08,1.73229401250950697e-08,1.00277947510106092e-06,8.69724998270163541e-09,0.00000000000000000e+00
6154,2.81010392388242917e-08,1.73167720177615354e-08,1.00223020366202644e-06,8.70160242543697984e-09,0.00000000000000000e+00
6155,2.80862858758653390e-08,1.73106066306098506e-08,1.00168127359943931e-06,8.70595026304635403e-09,0.00000000000000000e+00
6156,2.80715418084003874e-08,1.73044439646491195e-08,1.00113268469173138e-06,8.71029350795599270e-09,0.00000000000000000e+00
6157,2.80568070001167374e-08,1.72982840186761054e-08,1.00058443672384776e-06,8.71463217310659060e-09,0.00000000000000000e+00
6158,2.80420814519130976e-08,1.72921267966014103e-08,1.00003652947511286e-06,8.71896627190116531e-09,0.00000000000000000e+00
6159,2.80273651734202888e-08,1.72859723021680829e-08,9.99488962729706925e-07,8.72329581815240716e-09,0.00000000000000000e+00
