Test project /mnt/c/Users/Hasib/Desktop/CFDAPP/CFDApp/build/asan
          Start 1229: ChannelFlowValidation.AllFourModelsProduceDistinctMuTAndNames
          Start 1167: NaturalConvectionValidation.Grid15x15MatchesDeVahlDavisRa1e3
          Start 1157: TwoMaterialConductionValidation.Grid80MatchesAnalyticalSolution
          Start 1228: ChannelFlowValidation.LaminarControlDiffersSubstantiallyFromKEpsilon
          Start 1231: ChannelFlowValidation.SSTIsDeterministic
          Start 1225: ChannelFlowValidation.SSTMediumConvergesAndMatchesLogLaw
          Start 1224: ChannelFlowValidation.SSTCoarseConvergesAndMatchesLogLaw
          Start 1222: ChannelFlowValidation.KOmegaMediumConvergesAndMatchesLogLaw
   1/1263 Test #1224: ChannelFlowValidation.SSTCoarseConvergesAndMatchesLogLaw .................................................   Passed  196.77 sec
          Start 1172: NaturalConvectionValidation.RepeatedCoupledSolveIsBitIdentical
   2/1263 Test #1222: ChannelFlowValidation.KOmegaMediumConvergesAndMatchesLogLaw ..............................................   Passed  213.04 sec
          Start 1151: HeatedCavityConductionValidation.Grid80x80MatchesAnalyticalProfile
   3/1263 Test #1225: ChannelFlowValidation.SSTMediumConvergesAndMatchesLogLaw .................................................   Passed  355.34 sec
          Start 1140: TransientCavityTest.LongTimeTransientApproachesValidatedSteadySimple
   4/1263 Test #1151: HeatedCavityConductionValidation.Grid80x80MatchesAnalyticalProfile .......................................   Passed  173.08 sec
          Start 1219: ChannelFlowValidation.KEpsilonMediumConvergesAndMatchesLogLaw
   5/1263 Test #1231: ChannelFlowValidation.SSTIsDeterministic .................................................................   Passed  389.80 sec
          Start 1230: ChannelFlowValidation.KEpsilonIsDeterministic
   6/1263 Test #1172: NaturalConvectionValidation.RepeatedCoupledSolveIsBitIdentical ...........................................   Passed  207.83 sec
          Start 1262: LowMachRegressionTest.GridRefinementKeepsAllMetricsSmall
   7/1263 Test #1228: ChannelFlowValidation.LaminarControlDiffersSubstantiallyFromKEpsilon .....................................   Passed  466.20 sec
          Start 1221: ChannelFlowValidation.KOmegaCoarseConvergesAndMatchesLogLaw
   8/1263 Test #1230: ChannelFlowValidation.KEpsilonIsDeterministic ............................................................   Passed  125.70 sec
          Start 1165: NaturalConvectionValidation.Grid10x10MatchesDeVahlDavisRa1e3
   9/1263 Test #1219: ChannelFlowValidation.KEpsilonMediumConvergesAndMatchesLogLaw ............................................   Passed  129.79 sec
          Start 1170: NaturalConvectionValidation.HotFluidRisesNearHotWallColdFluidSinksNearColdWall
  10/1263 Test #1262: LowMachRegressionTest.GridRefinementKeepsAllMetricsSmall .................................................   Passed  123.70 sec
          Start 1166: NaturalConvectionValidation.Grid10x10ConstantPropertyModelsMatchDeVahlDavisRa1e3
  11/1263 Test #1140: TransientCavityTest.LongTimeTransientApproachesValidatedSteadySimple .....................................   Passed  188.94 sec
          Start 1263: LowMachRegressionTest.RepeatedRunIsDeterministic
  12/1263 Test #1167: NaturalConvectionValidation.Grid15x15MatchesDeVahlDavisRa1e3 .............................................   Passed  565.50 sec
          Start 1195: CompressibleProductionCaseTest.RepeatedRunsAreDeterministic
  13/1263 Test #1157: TwoMaterialConductionValidation.Grid80MatchesAnalyticalSolution ..........................................   Passed  570.84 sec
          Start 1147: TransientPoiseuilleTest.LongTimeTransientApproachesValidatedSteadySimple
  14/1263 Test #1221: ChannelFlowValidation.KOmegaCoarseConvergesAndMatchesLogLaw ..............................................   Passed  107.67 sec
          Start 1245: SpeciesSolverCouplingTest.PassiveSpeciesDoesNotAlterVelocityOrThermalSolution
  15/1263 Test #1229: ChannelFlowValidation.AllFourModelsProduceDistinctMuTAndNames ............................................   Passed  618.61 sec
          Start 1218: ChannelFlowValidation.KEpsilonCoarseConvergesAndMatchesLogLaw
  16/1263 Test #1165: NaturalConvectionValidation.Grid10x10MatchesDeVahlDavisRa1e3 .............................................   Passed  103.56 sec
          Start 1138: CavityGhiaValidation.Grid20x20IsDeterministic
  17/1263 Test #1170: NaturalConvectionValidation.HotFluidRisesNearHotWallColdFluidSinksNearColdWall ...........................   Passed  103.29 sec
          Start 1189: CompressibleProductionCaseTest.RunsEndToEndAndConverges
  18/1263 Test #1166: NaturalConvectionValidation.Grid10x10ConstantPropertyModelsMatchDeVahlDavisRa1e3 .........................   Passed  103.64 sec
          Start 1190: CompressibleProductionCaseTest.MachNumberStaysWellBelowPointOneAndEosIsConsistent
  19/1263 Test #1263: LowMachRegressionTest.RepeatedRunIsDeterministic .........................................................   Passed   93.45 sec
          Start 1192: CompressibleProductionCaseTest.ExportsCompressibleFieldsToCsvVtkAndJson
  20/1263 Test #1245: SpeciesSolverCouplingTest.PassiveSpeciesDoesNotAlterVelocityOrThermalSolution ............................   Passed   72.78 sec
          Start 1191: CompressibleProductionCaseTest.ContinuityImbalanceIsSmall
  21/1263 Test #1195: CompressibleProductionCaseTest.RepeatedRunsAreDeterministic ..............................................   Passed   97.42 sec
          Start 1158: TwoMaterialConductionValidation.GridRefinementDoesNotDegradeAccuracy
  22/1263 Test #1189: CompressibleProductionCaseTest.RunsEndToEndAndConverges ..................................................   Passed   49.61 sec
          Start 1156: TwoMaterialConductionValidation.Grid40MatchesAnalyticalSolution
  23/1263 Test #1147: TransientPoiseuilleTest.LongTimeTransientApproachesValidatedSteadySimple .................................   Passed   99.84 sec
          Start  956: VisualizationSnapshotTest.CompressibleCaseExposesThermodynamicFieldsLiveAndReloaded
  24/1263 Test #1190: CompressibleProductionCaseTest.MachNumberStaysWellBelowPointOneAndEosIsConsistent ........................   Passed   48.95 sec
          Start 1246: SpeciesSolverCouplingTest.TwoIndependentSpeciesShowNoCrossCoupling
  25/1263 Test #1218: ChannelFlowValidation.KEpsilonCoarseConvergesAndMatchesLogLaw ............................................   Passed   64.13 sec
          Start 1259: LowMachRegressionTest.EosConsistencyErrorIsAtFloatingPointTolerance
  26/1263 Test #1192: CompressibleProductionCaseTest.ExportsCompressibleFieldsToCsvVtkAndJson ..................................   Passed   48.85 sec
          Start 1258: LowMachRegressionTest.DensityVariationIsSmallRelativeToReferenceDensity
  27/1263 Test #1191: CompressibleProductionCaseTest.ContinuityImbalanceIsSmall ................................................   Passed   48.75 sec
          Start 1260: LowMachRegressionTest.CompressibleMassFluxApproachesTheIncompressibleLimit
  28/1263 Test #1158: TwoMaterialConductionValidation.GridRefinementDoesNotDegradeAccuracy .....................................   Passed   51.06 sec
          Start 1261: LowMachRegressionTest.GlobalMassImbalanceIsSmall
  29/1263 Test  #956: VisualizationSnapshotTest.CompressibleCaseExposesThermodynamicFieldsLiveAndReloaded ......................   Passed   48.25 sec
          Start 1257: LowMachRegressionTest.MachNumberStaysWellBelowPointOne
  30/1263 Test #1156: TwoMaterialConductionValidation.Grid40MatchesAnalyticalSolution ..........................................   Passed   50.62 sec
          Start 1244: SpeciesSolverCouplingTest.TransportsThroughAGenuineSIMPLESolvedPoiseuilleFlow
  31/1263 Test #1246: SpeciesSolverCouplingTest.TwoIndependentSpeciesShowNoCrossCoupling .......................................   Passed   41.85 sec
          Start 1134: CavityGhiaValidation.Grid20x20ConvergesAndMatchesGhia
  32/1263 Test #1259: LowMachRegressionTest.EosConsistencyErrorIsAtFloatingPointTolerance ......................................   Passed   40.98 sec
          Start 1026: SIMPLEConvergenceTest.CavityRe100_20x20Converges
  33/1263 Test #1258: LowMachRegressionTest.DensityVariationIsSmallRelativeToReferenceDensity ..................................   Passed   41.04 sec
          Start 1145: PoiseuilleValidation.Grid64x8IsDeterministic
  34/1263 Test #1260: LowMachRegressionTest.CompressibleMassFluxApproachesTheIncompressibleLimit ...............................   Passed   40.59 sec
          Start 1139: TransientCavityTest.ImpulsiveStartReachesFiniteConservativeStateAndDevelopsRecirculation
  35/1263 Test #1261: LowMachRegressionTest.GlobalMassImbalanceIsSmall .........................................................   Passed   40.82 sec
          Start 1146: TransientPoiseuilleTest.StartupChannelReachesFiniteConservativeStateAndDevelopsProfile
  36/1263 Test #1244: SpeciesSolverCouplingTest.TransportsThroughAGenuineSIMPLESolvedPoiseuilleFlow ............................   Passed   36.55 sec
          Start 1150: HeatedCavityConductionValidation.Grid40x40MatchesAnalyticalProfile
  37/1263 Test #1257: LowMachRegressionTest.MachNumberStaysWellBelowPointOne ...................................................   Passed   40.97 sec
          Start 1152: HeatedCavityConductionValidation.GridRefinementDoesNotDegradeAccuracy
  38/1263 Test #1139: TransientCavityTest.ImpulsiveStartReachesFiniteConservativeStateAndDevelopsRecirculation .................   Passed   31.71 sec
          Start 1148: TemporalRefinementTest.ImplicitEulerConvergesAtApproximatelyFirstOrderOnRealPisoChannel
  39/1263 Test #1150: HeatedCavityConductionValidation.Grid40x40MatchesAnalyticalProfile .......................................   Passed   19.40 sec
          Start 1236: SpeciesAdvectionDiffusionValidation.DiffusionDominatedRegimePe0p1MatchesAnalytical
  40/1263 Test #1152: HeatedCavityConductionValidation.GridRefinementDoesNotDegradeAccuracy ....................................   Passed   19.30 sec
          Start 1141: PoiseuilleValidation.Grid64x8ConvergesAndMatchesAnalyticalProfile
  41/1263 Test #1146: TransientPoiseuilleTest.StartupChannelReachesFiniteConservativeStateAndDevelopsProfile ...................   Passed   26.83 sec
          Start 1237: SpeciesAdvectionDiffusionValidation.MixedRegimePe5MatchesAnalytical
  42/1263 Test #1236: SpeciesAdvectionDiffusionValidation.DiffusionDominatedRegimePe0p1MatchesAnalytical .......................   Passed   13.60 sec
          Start  666: ThermalSolverVariablePropertiesTest.VariableConductivityMatchesManufacturedAnalyticalProfile
  43/1263 Test #1148: TemporalRefinementTest.ImplicitEulerConvergesAtApproximatelyFirstOrderOnRealPisoChannel ..................   Passed   22.94 sec
          Start 1159: TwoMaterialConductionValidation.RepeatedSolveIsDeterministic
  44/1263 Test #1237: SpeciesAdvectionDiffusionValidation.MixedRegimePe5MatchesAnalytical ......................................   Passed   12.72 sec
          Start 1050: SIMPLETurbulenceModelsTest.LaminarKEpsilonKOmegaAndSSTProduceDistinctModelsAndMuT
  45/1263 Test  #666: ThermalSolverVariablePropertiesTest.VariableConductivityMatchesManufacturedAnalyticalProfile .............   Passed   10.13 sec
          Start 1162: BoussinesqCouplingTest.ReversingGravityReversesCirculationDirection
  46/1263 Test #1159: TwoMaterialConductionValidation.RepeatedSolveIsDeterministic .............................................   Passed    9.05 sec
          Start 1164: BoussinesqCouplingTest.RepeatedCoupledSolveIsBitIdentical
  47/1263 Test #1050: SIMPLETurbulenceModelsTest.LaminarKEpsilonKOmegaAndSSTProduceDistinctModelsAndMuT ........................   Passed    6.53 sec
          Start 1155: TwoMaterialConductionValidation.Grid20MatchesAnalyticalSolution
  48/1263 Test #1162: BoussinesqCouplingTest.ReversingGravityReversesCirculationDirection ......................................   Passed    4.58 sec
          Start 1171: NaturalConvectionValidation.ZeroBetaRecoversPureConductionProfile
  49/1263 Test #1164: BoussinesqCouplingTest.RepeatedCoupledSolveIsBitIdentical ................................................   Passed    7.25 sec
          Start 1059: SIMPLEBuoyancyTest.RepeatedBuoyantSolveIsBitIdentical
  50/1263 Test #1155: TwoMaterialConductionValidation.Grid20MatchesAnalyticalSolution ..........................................   Passed    7.14 sec
          Start  665: ThermalSolverVariablePropertiesTest.RepeatedSolveIsDeterministic
  51/1263 Test #1171: NaturalConvectionValidation.ZeroBetaRecoversPureConductionProfile ........................................   Passed    6.58 sec
          Start 1238: SpeciesAdvectionDiffusionValidation.AdvectionDominatedRegimePe50MatchesAnalyticalWithinUpwindDiffusion
  52/1263 Test #1059: SIMPLEBuoyancyTest.RepeatedBuoyantSolveIsBitIdentical ....................................................   Passed    3.80 sec
          Start 1149: HeatedCavityConductionValidation.Grid20x20MatchesAnalyticalProfile
  53/1263 Test  #665: ThermalSolverVariablePropertiesTest.RepeatedSolveIsDeterministic .........................................   Passed    3.83 sec
          Start 1153: HeatedCavityConductionValidation.RepeatedSolveIsDeterministic
  54/1263 Test #1238: SpeciesAdvectionDiffusionValidation.AdvectionDominatedRegimePe50MatchesAnalyticalWithinUpwindDiffusion ...   Passed    3.29 sec
          Start 1055: SIMPLEBuoyancyTest.RealBuoyancySourceChangesConvergedVelocityField
  55/1263 Test #1149: HeatedCavityConductionValidation.Grid20x20MatchesAnalyticalProfile .......................................   Passed    3.42 sec
          Start 1239: SpeciesAdvectionDiffusionValidation.PureAdvectionTransportsInletValueDownstreamWithoutSourceOrSink
  56/1263 Test #1153: HeatedCavityConductionValidation.RepeatedSolveIsDeterministic ............................................   Passed    3.33 sec
          Start 1160: BoussinesqCouplingTest.DifferentiallyHeatedCavityProducesNonzeroVelocity
  57/1263 Test #1055: SIMPLEBuoyancyTest.RealBuoyancySourceChangesConvergedVelocityField .......................................   Passed    2.86 sec
          Start 1181: SpeciesProductionCaseTest.RepeatedRunsAreDeterministic
  58/1263 Test #1239: SpeciesAdvectionDiffusionValidation.PureAdvectionTransportsInletValueDownstreamWithoutSourceOrSink .......   Passed    2.70 sec
          Start  934: ProjectRunnerTest.RepeatedRunsAreDeterministic
  59/1263 Test #1160: BoussinesqCouplingTest.DifferentiallyHeatedCavityProducesNonzeroVelocity .................................   Passed    2.63 sec
          Start 1053: SIMPLEBuoyancyTest.CaseC_ZeroGravityMatchesNoBuoyancyBitForBit
  60/1263 Test #1181: SpeciesProductionCaseTest.RepeatedRunsAreDeterministic ...................................................   Passed    2.33 sec
          Start 1052: SIMPLEBuoyancyTest.CaseB_BetaZeroMatchesNoBuoyancyBitForBit
  61/1263 Test  #934: ProjectRunnerTest.RepeatedRunsAreDeterministic ...........................................................   Passed    2.37 sec
          Start 1054: SIMPLEBuoyancyTest.UniformReferenceTemperatureMatchesNoBuoyancyBitForBit
  62/1263 Test #1053: SIMPLEBuoyancyTest.CaseC_ZeroGravityMatchesNoBuoyancyBitForBit ...........................................   Passed    2.10 sec
          Start 1048: SIMPLESSTTest.RepeatedSolveIsBitIdentical
  63/1263 Test #1052: SIMPLEBuoyancyTest.CaseB_BetaZeroMatchesNoBuoyancyBitForBit ..............................................   Passed    2.21 sec
          Start  953: LoadSnapshotFromResultsTest.ThermalCaseExposesTemperatureField
  64/1263 Test #1054: SIMPLEBuoyancyTest.UniformReferenceTemperatureMatchesNoBuoyancyBitForBit .................................   Passed    2.19 sec
          Start 1046: SIMPLESSTTest.EndToEndLoopIsConnectedAndProducesPhysicalFields
  65/1263 Test #1048: SIMPLESSTTest.RepeatedSolveIsBitIdentical ................................................................   Passed    2.69 sec
          Start 1234: SpeciesDiffusionValidation.Grid80MatchesAnalyticalSlabProfile
  66/1263 Test  #953: LoadSnapshotFromResultsTest.ThermalCaseExposesTemperatureField ...........................................   Passed    2.28 sec
          Start 1044: SIMPLEKOmegaTest.RepeatedSolveIsBitIdentical
  67/1263 Test #1046: SIMPLESSTTest.EndToEndLoopIsConnectedAndProducesPhysicalFields ...........................................   Passed    2.21 sec
          Start 1180: SpeciesProductionCaseTest.NonSpeciesCaseStillRunsWithEmptySpeciesResults
  68/1263 Test #1234: SpeciesDiffusionValidation.Grid80MatchesAnalyticalSlabProfile ............................................   Passed    1.55 sec
          Start  954: VisualizationSnapshotTest.SpeciesCaseExposesConcentrationFieldLiveAndReloaded
  69/1263 Test #1180: SpeciesProductionCaseTest.NonSpeciesCaseStillRunsWithEmptySpeciesResults .................................   Passed    1.44 sec
          Start 1176: SpeciesProductionCaseTest.ConcentrationMatchesAnalyticalProfile
  70/1263 Test #1044: SIMPLEKOmegaTest.RepeatedSolveIsBitIdentical .............................................................   Passed    2.30 sec
          Start  949: BuildSnapshotTest.ValidRunProducesAUsableSnapshot
  71/1263 Test  #954: VisualizationSnapshotTest.SpeciesCaseExposesConcentrationFieldLiveAndReloaded ............................   Passed    1.56 sec
          Start 1201: ParaviewSmokeTest.SolutionVtkExistsIsNonEmptyAndHasExpectedStructureAndFields
  72/1263 Test #1176: SpeciesProductionCaseTest.ConcentrationMatchesAnalyticalProfile ..........................................   Passed    1.47 sec
          Start 1187: MultiphaseProductionCaseTest.NonMultiphaseCaseStillRunsWithNoMultiphaseResult
  73/1263 Test  #949: BuildSnapshotTest.ValidRunProducesAUsableSnapshot ........................................................   Passed    1.13 sec
          Start  932: ProjectRunnerTest.ValidCaseConvergesAndExportsResults
  74/1263 Test #1201: ParaviewSmokeTest.SolutionVtkExistsIsNonEmptyAndHasExpectedStructureAndFields ............................   Passed    1.38 sec
          Start 1179: SpeciesProductionCaseTest.ExportsSpeciesFieldToCsvVtkAndJson
  75/1263 Test #1187: MultiphaseProductionCaseTest.NonMultiphaseCaseStillRunsWithNoMultiphaseResult ............................   Passed    1.41 sec
          Start 1194: CompressibleProductionCaseTest.NonCompressibleCaseStillRunsWithNoCompressibleResult
  76/1263 Test #1179: SpeciesProductionCaseTest.ExportsSpeciesFieldToCsvVtkAndJson .............................................   Passed    1.07 sec
          Start 1043: SIMPLEKOmegaTest.EndToEndLoopIsConnectedAndProducesPhysicalFields
  77/1263 Test  #932: ProjectRunnerTest.ValidCaseConvergesAndExportsResults ....................................................   Passed    1.49 sec
          Start 1177: SpeciesProductionCaseTest.GlobalDiffusiveFluxBalanceIsConserved
  78/1263 Test #1194: CompressibleProductionCaseTest.NonCompressibleCaseStillRunsWithNoCompressibleResult ......................   Passed    1.05 sec
          Start 1175: SpeciesProductionCaseTest.RunsEndToEndAndConverges
  79/1263 Test #1177: SpeciesProductionCaseTest.GlobalDiffusiveFluxBalanceIsConserved ..........................................   Passed    1.02 sec
          Start 1051: SIMPLEBuoyancyTest.CaseA_NoBuoyancySuppliedIsTheBaseline
  80/1263 Test #1043: SIMPLEKOmegaTest.EndToEndLoopIsConnectedAndProducesPhysicalFields ........................................   Passed    1.87 sec
          Start  946: CaseSessionTest.RunConvergingCaseMovesToCompleted
  81/1263 Test #1175: SpeciesProductionCaseTest.RunsEndToEndAndConverges .......................................................   Passed    1.03 sec
          Start 1038: SIMPLETurbulenceTest.DefaultTurbulenceModelMatchesExplicitLaminarModel
  82/1263 Test #1051: SIMPLEBuoyancyTest.CaseA_NoBuoyancySuppliedIsTheBaseline .................................................   Passed    1.09 sec
          Start 1041: SIMPLEKEpsilonTest.RepeatedSolveIsBitIdentical
  83/1263 Test  #946: CaseSessionTest.RunConvergingCaseMovesToCompleted ........................................................   Passed    1.54 sec
          Start  951: LoadSnapshotFromResultsTest.ReloadsAPreviouslyWrittenResultsDirectory
  84/1263 Test #1038: SIMPLETurbulenceTest.DefaultTurbulenceModelMatchesExplicitLaminarModel ...................................   Passed    2.15 sec
          Start 1049: SIMPLESSTTest.ConvergedStatusImpliesTurbulenceResidualWithinTolerance
  85/1263 Test #1041: SIMPLEKEpsilonTest.RepeatedSolveIsBitIdentical ...........................................................   Passed    2.18 sec
          Start 1242: SpeciesConservationTest.OpenChannelSteadyStateInflowEqualsOutflowWithZeroSource
  86/1263 Test  #951: LoadSnapshotFromResultsTest.ReloadsAPreviouslyWrittenResultsDirectory ....................................   Passed    1.61 sec
          Start 1039: SIMPLETurbulenceTest.ElevatedEddyViscosityChangesConvergedVelocityField
  87/1263 Test #1242: SpeciesConservationTest.OpenChannelSteadyStateInflowEqualsOutflowWithZeroSource ..........................   Passed    1.02 sec
          Start 1040: SIMPLEKEpsilonTest.EndToEndLoopIsConnectedAndProducesPhysicalFields
  88/1263 Test #1049: SIMPLESSTTest.ConvergedStatusImpliesTurbulenceResidualWithinTolerance ....................................   Passed    1.39 sec
          Start  662: ThermalSolverVariablePropertiesTest.ConstantModelsReproduceThermalPropertiesOverloadExactly
  89/1263 Test  #662: ThermalSolverVariablePropertiesTest.ConstantModelsReproduceThermalPropertiesOverloadExactly ..............   Passed    0.94 sec
          Start 1243: SpeciesConservationTest.OpenChannelWithVolumetricSourceBalancesNetOutflowAgainstSource
  90/1263 Test #1039: SIMPLETurbulenceTest.ElevatedEddyViscosityChangesConvergedVelocityField ..................................   Passed    1.97 sec
          Start  661: ThermalSolverTest.RepeatedSolveIsDeterministic
  91/1263 Test #1040: SIMPLEKEpsilonTest.EndToEndLoopIsConnectedAndProducesPhysicalFields ......................................   Passed    1.88 sec
          Start 1045: SIMPLEKOmegaTest.ConvergedStatusImpliesTurbulenceResidualWithinTolerance
  92/1263 Test #1243: SpeciesConservationTest.OpenChannelWithVolumetricSourceBalancesNetOutflowAgainstSource ...................   Passed    0.93 sec
          Start 1233: SpeciesDiffusionValidation.Grid40MatchesAnalyticalSlabProfile
  93/1263 Test  #661: ThermalSolverTest.RepeatedSolveIsDeterministic ...........................................................   Passed    0.90 sec
          Start  849: SpeciesSolverTest.RepeatedSolveIsDeterministic
  94/1263 Test #1233: SpeciesDiffusionValidation.Grid40MatchesAnalyticalSlabProfile ............................................   Passed    0.71 sec
          Start 1235: SpeciesDiffusionValidation.GlobalDiffusiveFluxBalanceIsExact
  95/1263 Test #1045: SIMPLEKOmegaTest.ConvergedStatusImpliesTurbulenceResidualWithinTolerance .................................   Passed    1.22 sec
          Start  955: VisualizationSnapshotTest.MultiphaseCaseExposesMixtureFieldsLiveAndReloaded
  96/1263 Test  #849: SpeciesSolverTest.RepeatedSolveIsDeterministic ...........................................................   Passed    0.67 sec
          Start 1042: SIMPLEKEpsilonTest.ConvergedStatusImpliesTurbulenceResidualWithinTolerance
  97/1263 Test #1235: SpeciesDiffusionValidation.GlobalDiffusiveFluxBalanceIsExact .............................................   Passed    0.71 sec
          Start  651: ThermalSolverTest.ConvergesAndMatchesAnalytical1DConductionProfile
  98/1263 Test  #955: VisualizationSnapshotTest.MultiphaseCaseExposesMixtureFieldsLiveAndReloaded ..............................   Passed    0.57 sec
          Start  486: CompressibleCaseTest.ThermalCoupledAcceptedAlongsideThermal
  99/1263 Test  #651: ThermalSolverTest.ConvergesAndMatchesAnalytical1DConductionProfile .......................................   Passed    0.51 sec
          Start  941: CaseSessionTest.SaveAsWritesARoundTripLoadableCase
 100/1263 Test  #486: CompressibleCaseTest.ThermalCoupledAcceptedAlongsideThermal ..............................................   Passed    0.46 sec
          Start  842: SpeciesSolverTest.ConvergesAndMatchesAnalytical1DDiffusionProfile
 101/1263 Test #1042: SIMPLEKEpsilonTest.ConvergedStatusImpliesTurbulenceResidualWithinTolerance ...............................   Passed    1.02 sec
          Start  483: CompressibleCaseTest.ParsesIsothermalCompressibleConfigWhenEnabled
 102/1263 Test  #941: CaseSessionTest.SaveAsWritesARoundTripLoadableCase .......................................................   Passed    0.54 sec
          Start  933: ProjectRunnerTest.MissingCaseDirectoryReportsInvalidCase
 103/1263 Test  #842: SpeciesSolverTest.ConvergesAndMatchesAnalytical1DDiffusionProfile ........................................   Passed    0.42 sec
          Start 1188: MultiphaseProductionCaseTest.RepeatedRunsAreDeterministic
 104/1263 Test  #483: CompressibleCaseTest.ParsesIsothermalCompressibleConfigWhenEnabled .......................................   Passed    0.46 sec
          Start  490: CompressibleCaseTest.RejectsSpecificHeatPressureNotGreaterThanGasConstant
 105/1263 Test  #933: ProjectRunnerTest.MissingCaseDirectoryReportsInvalidCase .................................................   Passed    0.44 sec
          Start  448: BoussinesqCaseTest.BuilderConstructsBoussinesqBuoyancyWithFluidDensity
 106/1263 Test #1188: MultiphaseProductionCaseTest.RepeatedRunsAreDeterministic ................................................   Passed    0.50 sec
          Start 1232: SpeciesDiffusionValidation.Grid20MatchesAnalyticalSlabProfile
 107/1263 Test  #490: CompressibleCaseTest.RejectsSpecificHeatPressureNotGreaterThanGasConstant ................................   Passed    0.40 sec
          Start  405: CaseBuilderTest.SolvedResultMatchesManualSetupBitForBit
 108/1263 Test  #448: BoussinesqCaseTest.BuilderConstructsBoussinesqBuoyancyWithFluidDensity ...................................   Passed    0.21 sec
          Start  513: CSVWriterTest.NonFiniteSpeciesThrows
 109/1263 Test  #513: CSVWriterTest.NonFiniteSpeciesThrows .....................................................................   Passed    0.29 sec
          Start 1182: MultiphaseProductionCaseTest.RunsEndToEndAndConverges
 110/1263 Test #1232: SpeciesDiffusionValidation.Grid20MatchesAnalyticalSlabProfile ............................................   Passed    0.39 sec
          Start  375: CaseWriterTest.SpeciesRoundTrip
 111/1263 Test  #375: CaseWriterTest.SpeciesRoundTrip ..........................................................................   Passed    0.08 sec
          Start  935: ProjectRunnerTest.CancellationStopsEarlyWithCancelledStatus
 112/1263 Test #1182: MultiphaseProductionCaseTest.RunsEndToEndAndConverges ....................................................   Passed    0.48 sec
          Start 1185: MultiphaseProductionCaseTest.ExportsMixtureFieldsToCsvVtkAndJson
 113/1263 Test  #935: ProjectRunnerTest.CancellationStopsEarlyWithCancelledStatus ..............................................   Passed    0.56 sec
          Start  449: BoussinesqCaseTest.AcceptsZeroBeta
 114/1263 Test  #449: BoussinesqCaseTest.AcceptsZeroBeta .......................................................................   Passed    0.07 sec
          Start  373: CaseWriterTest.ExplicitInitialConditionsRoundTrip
 115/1263 Test  #373: CaseWriterTest.ExplicitInitialConditionsRoundTrip ........................................................   Passed    0.08 sec
          Start  947: CaseSessionTest.RunWithoutADirectoryFails
 116/1263 Test #1185: MultiphaseProductionCaseTest.ExportsMixtureFieldsToCsvVtkAndJson .........................................   Passed    0.47 sec
          Start  446: BoussinesqCaseTest.ThermalWithoutBuoyancyHasNoBuoyancyConfig
 117/1263 Test  #446: BoussinesqCaseTest.ThermalWithoutBuoyancyHasNoBuoyancyConfig .............................................   Passed    0.06 sec
          Start  936: CaseSessionTest.StartsEmpty
 118/1263 Test  #947: CaseSessionTest.RunWithoutADirectoryFails ................................................................   Passed    0.36 sec
          Start  938: CaseSessionTest.OpenValidCaseMovesToLoaded
 119/1263 Test  #936: CaseSessionTest.StartsEmpty ..............................................................................   Passed    0.20 sec
          Start  406: ThermalCaseTest.NonThermalFixtureHasNoThermalConfig
 120/1263 Test  #406: ThermalCaseTest.NonThermalFixtureHasNoThermalConfig ......................................................   Passed    0.06 sec
          Start  952: LoadSnapshotFromResultsTest.MissingDirectoryProducesAnInvalidSnapshot
 121/1263 Test  #952: LoadSnapshotFromResultsTest.MissingDirectoryProducesAnInvalidSnapshot ....................................   Passed    0.23 sec
          Start  489: CompressibleCaseTest.RejectsNonPositiveGasConstant
 122/1263 Test  #489: CompressibleCaseTest.RejectsNonPositiveGasConstant .......................................................   Passed    0.06 sec
          Start  415: ThermalCaseTest.RejectsMissingValueForFixedTemperature
 123/1263 Test  #938: CaseSessionTest.OpenValidCaseMovesToLoaded ...............................................................   Passed    0.38 sec
          Start  506: CSVWriterTest.OmitsTemperatureColumnWhenNotProvided
 124/1263 Test  #415: ThermalCaseTest.RejectsMissingValueForFixedTemperature ...................................................   Passed    0.07 sec
          Start  944: CaseSessionTest.ValidateValidCaseMovesToValidated
 125/1263 Test  #506: CSVWriterTest.OmitsTemperatureColumnWhenNotProvided ......................................................   Passed    0.06 sec
          Start  464: SpeciesCaseTest.RejectsUnknownSpeciesKey
 126/1263 Test  #464: SpeciesCaseTest.RejectsUnknownSpeciesKey .................................................................   Passed    0.06 sec
          Start 1199: ResultExportIntegrationTest.ResidualsCsvMatchesStoredHistories
 127/1263 Test  #405: CaseBuilderTest.SolvedResultMatchesManualSetupBitForBit ..................................................   Passed    2.20 sec
          Start 1036: SIMPLEDeterminismTest.RepeatedSolveIsBitIdentical
 128/1263 Test  #944: CaseSessionTest.ValidateValidCaseMovesToValidated ........................................................   Passed    0.54 sec
          Start  473: MultiphaseCaseTest.BuilderConstructsMultiphaseRuntimeObjects
 129/1263 Test  #473: MultiphaseCaseTest.BuilderConstructsMultiphaseRuntimeObjects .............................................   Passed    0.52 sec
          Start 1037: SIMPLEDeterminismTest.RepeatedSolveIsBitIdenticalThirdRun
 130/1263 Test #1199: ResultExportIntegrationTest.ResidualsCsvMatchesStoredHistories ...........................................   Passed    1.39 sec
          Start  447: BoussinesqCaseTest.ParsesBuoyancyConfigWhenEnabled
 131/1263 Test  #447: BoussinesqCaseTest.ParsesBuoyancyConfigWhenEnabled .......................................................   Passed    0.48 sec
          Start  939: CaseSessionTest.OpenMissingDirectoryLeavesStateUnchangedAndSetsError
 132/1263 Test #1036: SIMPLEDeterminismTest.RepeatedSolveIsBitIdentical ........................................................   Passed    2.17 sec
          Start  472: MultiphaseCaseTest.ParsesMultiphaseConfigWhenEnabled
 133/1263 Test  #939: CaseSessionTest.OpenMissingDirectoryLeavesStateUnchangedAndSetsError .....................................   Passed    0.45 sec
          Start  430: TurbulenceCaseTest.BuilderConstructsSSTConfigAndBoundaries
 134/1263 Test  #430: TurbulenceCaseTest.BuilderConstructsSSTConfigAndBoundaries ...............................................   Passed    0.28 sec
          Start  416: ThermalCaseTest.RejectsExtraneousValueForAdiabatic
 135/1263 Test  #472: MultiphaseCaseTest.ParsesMultiphaseConfigWhenEnabled .....................................................   Passed    0.36 sec
          Start  460: SpeciesCaseTest.ZeroDiffusivityIsAccepted
 136/1263 Test  #460: SpeciesCaseTest.ZeroDiffusivityIsAccepted ................................................................   Passed    0.32 sec
          Start  462: SpeciesCaseTest.RejectsEmptyName
 137/1263 Test  #416: ThermalCaseTest.RejectsExtraneousValueForAdiabatic .......................................................   Passed    0.34 sec
          Start  477: MultiphaseCaseTest.RejectsNonPositiveTransportTimeStep
 138/1263 Test #1037: SIMPLEDeterminismTest.RepeatedSolveIsBitIdenticalThirdRun ................................................   Passed    2.17 sec
          Start 1200: ResultExportIntegrationTest.RepeatedExportIsByteIdenticalAcrossAllFiles
 139/1263 Test  #477: MultiphaseCaseTest.RejectsNonPositiveTransportTimeStep ...................................................   Passed    0.30 sec
          Start  459: SpeciesCaseTest.BuilderConstructsSpeciesRuntimeObjects
 140/1263 Test  #462: SpeciesCaseTest.RejectsEmptyName .........................................................................   Passed    0.33 sec
          Start  950: BuildSnapshotTest.IncompleteRunProducesAnInvalidSnapshot
 141/1263 Test  #950: BuildSnapshotTest.IncompleteRunProducesAnInvalidSnapshot .................................................   Passed    0.48 sec
          Start 1163: BoussinesqCouplingTest.ZeroBetaRecoversNonBuoyantAtRestSolution
 142/1263 Test  #459: SpeciesCaseTest.BuilderConstructsSpeciesRuntimeObjects ...................................................   Passed    0.51 sec
          Start  948: CaseSessionTest.RequestCancelStopsARunEarly
 143/1263 Test #1163: BoussinesqCouplingTest.ZeroBetaRecoversNonBuoyantAtRestSolution ..........................................   Passed    0.30 sec
          Start  539: VTKWriterTest.OmitsSpeciesBlocksWhenNotProvided
 144/1263 Test  #948: CaseSessionTest.RequestCancelStopsARunEarly ..............................................................   Passed    0.59 sec
          Start  331: BoussinesqBuoyancyTest.UniformReferenceTemperatureGivesZeroMomentumContribution
 145/1263 Test #1200: ResultExportIntegrationTest.RepeatedExportIsByteIdenticalAcrossAllFiles ..................................   Passed    1.41 sec
          Start  488: CompressibleCaseTest.RejectsNeitherTemperatureNorThermalCoupled
 146/1263 Test  #539: VTKWriterTest.OmitsSpeciesBlocksWhenNotProvided ..........................................................   Passed    0.47 sec
          Start  414: ThermalCaseTest.RejectsUnknownTemperatureBoundaryType
 147/1263 Test  #331: BoussinesqBuoyancyTest.UniformReferenceTemperatureGivesZeroMomentumContribution ..........................   Passed    0.23 sec
          Start  407: ThermalCaseTest.ParsesThermalPropertiesWhenEnabled
 148/1263 Test  #488: CompressibleCaseTest.RejectsNeitherTemperatureNorThermalCoupled ..........................................   Passed    0.08 sec
          Start  943: CaseSessionTest.ReloadDiscardsInMemoryEdits
 149/1263 Test  #414: ThermalCaseTest.RejectsUnknownTemperatureBoundaryType ....................................................   Passed    0.08 sec
          Start  479: MultiphaseCaseTest.RejectsMultiphaseTogetherWithTurbulence
 150/1263 Test  #407: ThermalCaseTest.ParsesThermalPropertiesWhenEnabled .......................................................   Passed    0.06 sec
          Start  538: VTKWriterTest.NonFiniteTemperatureThrows
 151/1263 Test  #479: MultiphaseCaseTest.RejectsMultiphaseTogetherWithTurbulence ...............................................   Passed    0.06 sec
          Start 1198: ResultExportIntegrationTest.VtkCellCountAndFieldsMatchSimpleResultExactly
 152/1263 Test  #538: VTKWriterTest.NonFiniteTemperatureThrows .................................................................   Passed    0.06 sec
          Start  440: TurbulenceCaseTest.RejectsNonPositiveInitialOmega
 153/1263 Test  #943: CaseSessionTest.ReloadDiscardsInMemoryEdits ..............................................................   Passed    0.58 sec
          Start  317: BoussinesqBuoyancyTest.RejectsNegativeBeta
 154/1263 Test  #440: TurbulenceCaseTest.RejectsNonPositiveInitialOmega ........................................................   Passed    0.50 sec
          Start  508: CSVWriterTest.MismatchedTemperatureSizeThrows
 155/1263 Test  #317: BoussinesqBuoyancyTest.RejectsNegativeBeta ...............................................................   Passed    0.22 sec
          Start  319: BoussinesqBuoyancyTest.RejectsNonFiniteInputs
 156/1263 Test  #319: BoussinesqBuoyancyTest.RejectsNonFiniteInputs ............................................................   Passed    0.23 sec
          Start  537: VTKWriterTest.MismatchedTemperatureSizeThrows
 157/1263 Test  #508: CSVWriterTest.MismatchedTemperatureSizeThrows ............................................................   Passed    0.48 sec
          Start  639: EnergyEquationVariablePropertiesTest.DiffusionInternalFaceMatchesHandDerivedValue
 158/1263 Test  #537: VTKWriterTest.MismatchedTemperatureSizeThrows ............................................................   Passed    0.09 sec
          Start  453: BoussinesqCaseTest.RejectsMissingReferenceTemperature
 159/1263 Test  #639: EnergyEquationVariablePropertiesTest.DiffusionInternalFaceMatchesHandDerivedValue ........................   Passed    0.20 sec
          Start  452: BoussinesqCaseTest.RejectsNegativeBeta
 160/1263 Test #1198: ResultExportIntegrationTest.VtkCellCountAndFieldsMatchSimpleResultExactly ................................   Passed    1.46 sec
          Start 1250: AlphaAdvectionValidation.GridRefinementReducesInterfaceSmearing
 161/1263 Test  #453: BoussinesqCaseTest.RejectsMissingReferenceTemperature ....................................................   Passed    0.40 sec
          Start  469: SpeciesCaseTest.RejectsUnknownConcentrationBoundaryType
 162/1263 Test  #452: BoussinesqCaseTest.RejectsNegativeBeta ...................................................................   Passed    0.24 sec
          Start  344: TabulatedPropertyTest.ClampsAboveRangeToTheLastValue
 163/1263 Test  #344: TabulatedPropertyTest.ClampsAboveRangeToTheLastValue .....................................................   Passed    0.22 sec
          Start  607: ThermalPropertiesTest.RejectsZeroSpecificHeat
 164/1263 Test #1250: AlphaAdvectionValidation.GridRefinementReducesInterfaceSmearing ..........................................   Passed    0.30 sec
          Start  523: JSONWriterTest.WritesThermalMetadataWhenProvided
 165/1263 Test  #607: ThermalPropertiesTest.RejectsZeroSpecificHeat ............................................................   Passed    0.19 sec
          Start  465: SpeciesCaseTest.RejectsMissingPerPatchSpeciesWhenSpeciesEnabled
 166/1263 Test  #469: SpeciesCaseTest.RejectsUnknownConcentrationBoundaryType ..................................................   Passed    0.45 sec
          Start  669: ThermalRegionMapTest.RejectsDuplicateRegionNames
 167/1263 Test  #523: JSONWriterTest.WritesThermalMetadataWhenProvided .........................................................   Passed    0.17 sec
          Start  650: EnergyEquationVariablePropertiesTest.CombinerRepeatedAssemblyIsDeterministic
 168/1263 Test  #669: ThermalRegionMapTest.RejectsDuplicateRegionNames .........................................................   Passed    0.14 sec
          Start  432: TurbulenceCaseTest.RejectsUnsupportedModelName
 169/1263 Test  #650: EnergyEquationVariablePropertiesTest.CombinerRepeatedAssemblyIsDeterministic .............................   Passed    0.14 sec
          Start  454: BoussinesqCaseTest.RejectsMissingGravity
 170/1263 Test  #454: BoussinesqCaseTest.RejectsMissingGravity .................................................................   Passed    0.20 sec
          Start  525: JSONWriterTest.WritesSpeciesMetadataInOrderWhenProvided
 171/1263 Test  #465: SpeciesCaseTest.RejectsMissingPerPatchSpeciesWhenSpeciesEnabled ..........................................   Passed    0.40 sec
          Start  352: EvaluatePropertyFieldTest.RejectsNonPositiveResultWhenRequired
 172/1263 Test  #432: TurbulenceCaseTest.RejectsUnsupportedModelName ...........................................................   Passed    0.25 sec
          Start  491: CompressibleCaseTest.RejectsNonPositiveReferencePressure
 173/1263 Test  #352: EvaluatePropertyFieldTest.RejectsNonPositiveResultWhenRequired ...........................................   Passed    0.23 sec
          Start  409: ThermalCaseTest.BuilderConstructsHeatFluxWithCaseConductivity
 174/1263 Test  #525: JSONWriterTest.WritesSpeciesMetadataInOrderWhenProvided ..................................................   Passed    0.32 sec
          Start  540: VTKWriterTest.AppendsOneSpeciesBlockAfterVelocityMagnitudeWhenProvided
 175/1263 Test  #491: CompressibleCaseTest.RejectsNonPositiveReferencePressure .................................................   Passed    0.30 sec
          Start  623: EnergyEquationConvectionTest.MismatchedTemperatureSizeThrows
 176/1263 Test  #409: ThermalCaseTest.BuilderConstructsHeatFluxWithCaseConductivity ............................................   Passed    0.09 sec
          Start  350: EvaluatePropertyFieldTest.EvaluatesEveryCellFromItsOwnTemperature
 177/1263 Test  #540: VTKWriterTest.AppendsOneSpeciesBlockAfterVelocityMagnitudeWhenProvided ...................................   Passed    0.06 sec
          Start  339: LinearPropertyTest.AcceptsZeroSlopeAsAnEquivalentOfConstant
 178/1263 Test  #339: LinearPropertyTest.AcceptsZeroSlopeAsAnEquivalentOfConstant ..............................................   Passed    0.13 sec
          Start 1196: ResultExportIntegrationTest.CsvFieldsMatchSimpleResultExactly
 179/1263 Test  #350: EvaluatePropertyFieldTest.EvaluatesEveryCellFromItsOwnTemperature ........................................   Passed    0.18 sec
          Start  318: BoussinesqBuoyancyTest.AcceptsZeroBeta
 180/1263 Test  #623: EnergyEquationConvectionTest.MismatchedTemperatureSizeThrows .............................................   Passed    0.21 sec
          Start  326: BoussinesqBuoyancyTest.ReversingGravityReversesTheHotCellDirection
 181/1263 Test  #326: BoussinesqBuoyancyTest.ReversingGravityReversesTheHotCellDirection .......................................   Passed    0.13 sec
          Start    2: CFDAppCliValidCase
 182/1263 Test  #318: BoussinesqBuoyancyTest.AcceptsZeroBeta ...................................................................   Passed    0.17 sec
          Start  358: MomentumVariableViscosityTest.TabulatedMuGivesTheExpectedFaceValue
 183/1263 Test  #358: MomentumVariableViscosityTest.TabulatedMuGivesTheExpectedFaceValue .......................................   Passed    0.23 sec
          Start  445: BoussinesqCaseTest.NoBuoyancyBlockHasNoBuoyancyConfig
 184/1263 Test  #445: BoussinesqCaseTest.NoBuoyancyBlockHasNoBuoyancyConfig ....................................................   Passed    0.49 sec
          Start  887: VolumeFractionSolverTest.LinearSolveFailureWhenInnerSolverIsStarved
 185/1263 Test  #887: VolumeFractionSolverTest.LinearSolveFailureWhenInnerSolverIsStarved ......................................   Passed    0.18 sec
          Start  925: CompressibleMomentumTimeDerivativeTest.HandDerivedDiagonalAndSource
 186/1263 Test  #925: CompressibleMomentumTimeDerivativeTest.HandDerivedDiagonalAndSource ......................................   Passed    0.16 sec
          Start  320: BoussinesqBuoyancyTest.RejectsNonFiniteTemperature
 187/1263 Test #1196: ResultExportIntegrationTest.CsvFieldsMatchSimpleResultExactly ............................................   Passed    1.32 sec
          Start  482: CompressibleCaseTest.NonCompressibleFixtureHasNoCompressibleConfig
 188/1263 Test  #320: BoussinesqBuoyancyTest.RejectsNonFiniteTemperature .......................................................   Passed    0.22 sec
          Start  429: TurbulenceCaseTest.ParsesSSTConfigWhenEnabled
 189/1263 Test    #2: CFDAppCliValidCase .......................................................................................   Passed    1.35 sec
          Start  461: SpeciesCaseTest.RejectsNegativeDiffusivity
 190/1263 Test  #461: SpeciesCaseTest.RejectsNegativeDiffusivity ...............................................................   Passed    0.18 sec
          Start  679: RegionAwareThermalDiffusionTest.EqualConductivityMatchesSingleMaterialPathExactly
 191/1263 Test  #482: CompressibleCaseTest.NonCompressibleFixtureHasNoCompressibleConfig .......................................   Passed    0.41 sec
          Start  654: ThermalSolverTest.MaxIterationsWhenOuterBudgetTooSmall
 192/1263 Test  #429: TurbulenceCaseTest.ParsesSSTConfigWhenEnabled ............................................................   Passed    0.22 sec
          Start  824: SpeciesEquationDiffusionTest.ZeroDiffusionCoefficientGivesZeroDiffusiveContribution
 193/1263 Test  #654: ThermalSolverTest.MaxIterationsWhenOuterBudgetTooSmall ...................................................   Passed    0.13 sec
          Start  466: SpeciesCaseTest.RejectsSpeciesKeyWhenSpeciesDisabled
 194/1263 Test  #679: RegionAwareThermalDiffusionTest.EqualConductivityMatchesSingleMaterialPathExactly ........................   Passed    0.15 sec
          Start  337: LinearPropertyTest.MatchesHandWorkedValuesAboveAndBelowReference
 195/1263 Test  #824: SpeciesEquationDiffusionTest.ZeroDiffusionCoefficientGivesZeroDiffusiveContribution ......................   Passed    0.15 sec
          Start  338: LinearPropertyTest.RejectsNonFiniteConstructorArguments
 196/1263 Test  #338: LinearPropertyTest.RejectsNonFiniteConstructorArguments ..................................................   Passed    0.13 sec
          Start 1184: MultiphaseProductionCaseTest.Phase1VolumeIsConserved
 197/1263 Test  #337: LinearPropertyTest.MatchesHandWorkedValuesAboveAndBelowReference .........................................   Passed    0.17 sec
          Start  507: CSVWriterTest.AppendsTemperatureColumnWhenProvided
 198/1263 Test  #507: CSVWriterTest.AppendsTemperatureColumnWhenProvided .......................................................   Passed    0.20 sec
          Start  626: EnergyEquationSourceTest.AccumulatesOnExistingRhs
 199/1263 Test  #466: SpeciesCaseTest.RejectsSpeciesKeyWhenSpeciesDisabled .....................................................   Passed    0.41 sec
          Start  342: TabulatedPropertyTest.InterpolatesWithinAnArbitraryBracket
 200/1263 Test  #626: EnergyEquationSourceTest.AccumulatesOnExistingRhs ........................................................   Passed    0.19 sec
          Start  426: TurbulenceCaseTest.ParsesKOmegaConfigWhenEnabled
 201/1263 Test  #342: TabulatedPropertyTest.InterpolatesWithinAnArbitraryBracket ...............................................   Passed    0.21 sec
          Start  630: EnergyEquationAssemblyTest.MismatchedTemperatureSizeThrows
 202/1263 Test #1184: MultiphaseProductionCaseTest.Phase1VolumeIsConserved .....................................................   Passed    0.49 sec
          Start  468: SpeciesCaseTest.RejectsUnknownSpeciesNameOnPatch
 203/1263 Test  #630: EnergyEquationAssemblyTest.MismatchedTemperatureSizeThrows ...............................................   Passed    0.21 sec
          Start  328: BoussinesqBuoyancyTest.HorizontalGravityProducesHorizontalSourceOnly
 204/1263 Test  #468: SpeciesCaseTest.RejectsUnknownSpeciesNameOnPatch .........................................................   Passed    0.27 sec
          Start 1197: ResultExportIntegrationTest.JsonMetadataMatchesSimpleResultExactly
 205/1263 Test  #426: TurbulenceCaseTest.ParsesKOmegaConfigWhenEnabled .........................................................   Passed    0.37 sec
          Start  487: CompressibleCaseTest.RejectsBothTemperatureAndThermalCoupled
 206/1263 Test  #328: BoussinesqBuoyancyTest.HorizontalGravityProducesHorizontalSourceOnly .....................................   Passed    0.22 sec
          Start  484: CompressibleCaseTest.BuilderConstructsCompressibleRuntimeObjects
 207/1263 Test  #487: CompressibleCaseTest.RejectsBothTemperatureAndThermalCoupled .............................................   Passed    0.37 sec
          Start  410: ThermalCaseTest.RejectsNonPositiveConductivity
 208/1263 Test  #484: CompressibleCaseTest.BuilderConstructsCompressibleRuntimeObjects .........................................   Passed    0.28 sec
          Start  357: MomentumVariableViscosityTest.InternalFaceMatchesHandDerivedLinearMuValue
 209/1263 Test  #357: MomentumVariableViscosityTest.InternalFaceMatchesHandDerivedLinearMuValue ................................   Passed    0.22 sec
          Start  628: EnergyEquationAssemblyTest.CombinedAssemblyMatchesHandDerivedCoefficients
 210/1263 Test  #628: EnergyEquationAssemblyTest.CombinedAssemblyMatchesHandDerivedCoefficients ................................   Passed    0.20 sec
          Start  322: BoussinesqBuoyancyTest.ZeroBetaGivesZeroSourceForAnyTemperature
 211/1263 Test  #410: ThermalCaseTest.RejectsNonPositiveConductivity ...........................................................   Passed    0.48 sec
          Start  677: InterfaceConductanceTest.RejectsNonFiniteInputs
 212/1263 Test  #322: BoussinesqBuoyancyTest.ZeroBetaGivesZeroSourceForAnyTemperature ..........................................   Passed    0.23 sec
          Start  794: SSTModelTest.ConstructionIsDeterministicAcrossInstances
 213/1263 Test  #677: InterfaceConductanceTest.RejectsNonFiniteInputs ..........................................................   Passed    0.21 sec
          Start  323: BoussinesqBuoyancyTest.ZeroGravityGivesZeroSourceForAnyTemperature
 214/1263 Test  #323: BoussinesqBuoyancyTest.ZeroGravityGivesZeroSourceForAnyTemperature .......................................   Passed    0.21 sec
          Start  417: ThermalCaseTest.RejectsMissingPerPatchTemperatureWhenThermalEnabled
 215/1263 Test  #794: SSTModelTest.ConstructionIsDeterministicAcrossInstances ..................................................   Passed    0.25 sec
          Start  510: CSVWriterTest.OmitsSpeciesColumnsWhenNotProvided
 216/1263 Test #1197: ResultExportIntegrationTest.JsonMetadataMatchesSimpleResultExactly .......................................   Passed    1.39 sec
          Start  668: ThermalRegionMapTest.RejectsEmptyRegions
 217/1263 Test  #668: ThermalRegionMapTest.RejectsEmptyRegions .................................................................   Passed    0.21 sec
          Start  614: EnergyEquationDiffusionTest.TwoCellSystemMatchesHandDerivedCoefficients
 218/1263 Test  #510: CSVWriterTest.OmitsSpeciesColumnsWhenNotProvided .........................................................   Passed    0.30 sec
          Start  418: ThermalCaseTest.RejectsTemperatureKeyWhenThermalDisabled
 219/1263 Test  #417: ThermalCaseTest.RejectsMissingPerPatchTemperatureWhenThermalEnabled ......................................   Passed    0.33 sec
          Start  613: ThermalPropertiesTest.ThermalDiffusivityRejectsNonFiniteDensity
 220/1263 Test  #613: ThermalPropertiesTest.ThermalDiffusivityRejectsNonFiniteDensity ..........................................   Passed    0.11 sec
          Start  637: EnergyEquationThermalBCIntegrationTest.HeatFluxAndAdiabaticBoundariesMatchHandDerivedRhs
 221/1263 Test  #614: EnergyEquationDiffusionTest.TwoCellSystemMatchesHandDerivedCoefficients ..................................   Passed    0.18 sec
          Start  355: DensityPropertyDemonstrationTest.LinearDensityModelFeedsThermalDiffusivityPerCell
 222/1263 Test  #637: EnergyEquationThermalBCIntegrationTest.HeatFluxAndAdiabaticBoundariesMatchHandDerivedRhs .................   Passed    0.21 sec
          Start 1249: AlphaAdvectionValidation.SlugTranslatesDownstreamWithApproximatelyCorrectDisplacement
 223/1263 Test  #355: DensityPropertyDemonstrationTest.LinearDensityModelFeedsThermalDiffusivityPerCell ........................   Passed    0.23 sec
          Start  874: VolumeFractionTransportEquationTest.RejectsNonPositiveOrNonFiniteDt
 224/1263 Test  #418: ThermalCaseTest.RejectsTemperatureKeyWhenThermalDisabled .................................................   Passed    0.51 sec
          Start  876: AlphaBoundsTest.ReportsMinAndMax
 225/1263 Test  #874: VolumeFractionTransportEquationTest.RejectsNonPositiveOrNonFiniteDt ......................................   Passed    0.16 sec
          Start  480: MultiphaseCaseTest.RejectsMissingPerPatchAlphaWhenMultiphaseEnabled
 226/1263 Test  #876: AlphaBoundsTest.ReportsMinAndMax .........................................................................   Passed    0.06 sec
          Start 1253: PhaseConservationTest.OpenChannelAccumulationMatchesNetInflowMinusOutflow
 227/1263 Test #1249: AlphaAdvectionValidation.SlugTranslatesDownstreamWithApproximatelyCorrectDisplacement ....................   Passed    0.26 sec
          Start 1173: CaseLidDrivenCavityIntegrationTest.SmallFixtureLoadsBuildsAndConverges
 228/1263 Test #1253: PhaseConservationTest.OpenChannelAccumulationMatchesNetInflowMinusOutflow ................................   Passed    0.28 sec
          Start  351: EvaluatePropertyFieldTest.ConstantPropertyGivesAUniformField
 229/1263 Test  #480: MultiphaseCaseTest.RejectsMissingPerPatchAlphaWhenMultiphaseEnabled ......................................   Passed    0.49 sec
          Start 1183: MultiphaseProductionCaseTest.AlphaAndMixturePropertiesMatchExactExpectedValues
 230/1263 Test  #351: EvaluatePropertyFieldTest.ConstantPropertyGivesAUniformField .............................................   Passed    0.22 sec
          Start  861: TwoPhaseSystemTest.DoesNotRejectOutOfRangeAlpha
 231/1263 Test #1183: MultiphaseProductionCaseTest.AlphaAndMixturePropertiesMatchExactExpectedValues ...........................   Passed    0.15 sec
          Start  660: ThermalSolverTest.NonFiniteStateForNonFiniteMassFlux
 232/1263 Test  #861: TwoPhaseSystemTest.DoesNotRejectOutOfRangeAlpha ..........................................................   Passed    0.17 sec
          Start  347: TabulatedPropertyTest.RejectsMismatchedLengths
 233/1263 Test  #660: ThermalSolverTest.NonFiniteStateForNonFiniteMassFlux .....................................................   Passed    0.19 sec
          Start  451: BoussinesqCaseTest.RejectsUnsupportedBuoyancyModel
 234/1263 Test  #347: TabulatedPropertyTest.RejectsMismatchedLengths ...........................................................   Passed    0.22 sec
          Start  701: LaminarModelTest.TurbulentViscositySizeMatchesMesh
 235/1263 Test #1141: PoiseuilleValidation.Grid64x8ConvergesAndMatchesAnalyticalProfile ........................................   Passed   75.50 sec
          Start  682: RegionAwareThermalDiffusionTest.RepeatedAssemblyIsDeterministic
 236/1263 Test  #701: LaminarModelTest.TurbulentViscositySizeMatchesMesh .......................................................   Passed    0.27 sec
          Start  693: ValidateTurbulentViscosityFieldTest.RejectsNonFiniteEntry
 237/1263 Test  #682: RegionAwareThermalDiffusionTest.RepeatedAssemblyIsDeterministic ..........................................   Passed    0.21 sec
          Start  411: ThermalCaseTest.RejectsNegativeSpecificHeat
 238/1263 Test  #451: BoussinesqCaseTest.RejectsUnsupportedBuoyancyModel .......................................................   Passed    0.48 sec
          Start  615: EnergyEquationDiffusionTest.InternalFaceCoefficientsAreSymmetric
 239/1263 Test  #411: ThermalCaseTest.RejectsNegativeSpecificHeat ..............................................................   Passed    0.07 sec
          Start  356: MomentumVariableViscosityTest.ConstantPropertyReproducesScalarOverloadExactly
 240/1263 Test  #693: ValidateTurbulentViscosityFieldTest.RejectsNonFiniteEntry ................................................   Passed    0.25 sec
          Start  837: SpeciesEquationAssemblyTest.RepeatedAssemblyIsDeterministic
 241/1263 Test #1173: CaseLidDrivenCavityIntegrationTest.SmallFixtureLoadsBuildsAndConverges ...................................   Passed    1.48 sec
          Start  456: BoussinesqCaseTest.RejectsNonFiniteGravityComponent
 242/1263 Test  #615: EnergyEquationDiffusionTest.InternalFaceCoefficientsAreSymmetric .........................................   Passed    0.20 sec
          Start  408: ThermalCaseTest.BuilderConstructsThermalRuntimeObjects
 243/1263 Test  #356: MomentumVariableViscosityTest.ConstantPropertyReproducesScalarOverloadExactly ............................   Passed    0.22 sec
          Start  438: TurbulenceCaseTest.RejectsNonPositiveInitialK
 244/1263 Test  #837: SpeciesEquationAssemblyTest.RepeatedAssemblyIsDeterministic ..............................................   Passed    0.16 sec
          Start 1212: RestartIOTest.ReadRejectsOutOfRangeJsonNumber
 245/1263 Test  #456: BoussinesqCaseTest.RejectsNonFiniteGravityComponent ......................................................   Passed    0.34 sec
          Start  420: TurbulenceCaseTest.ExplicitLaminarModelCollapsesToNoTurbulenceConfig
 246/1263 Test  #408: ThermalCaseTest.BuilderConstructsThermalRuntimeObjects ...................................................   Passed    0.34 sec
          Start  937: CaseSessionTest.NewCaseMovesToLoadedWithNoDirectory
 247/1263 Test  #438: TurbulenceCaseTest.RejectsNonPositiveInitialK ............................................................   Passed    0.29 sec
          Start  422: TurbulenceCaseTest.ParsesKEpsilonConfigWhenEnabled
 248/1263 Test #1212: RestartIOTest.ReadRejectsOutOfRangeJsonNumber ............................................................   Passed    0.28 sec
          Start  942: CaseSessionTest.SaveWithoutADirectorySetFails
 249/1263 Test  #937: CaseSessionTest.NewCaseMovesToLoadedWithNoDirectory ......................................................   Passed    0.31 sec
          Start 1025: SIMPLEConvergenceTest.TinyFourByFourCavityConverges
 250/1263 Test  #420: TurbulenceCaseTest.ExplicitLaminarModelCollapsesToNoTurbulenceConfig .....................................   Passed    0.34 sec
          Start  945: CaseSessionTest.ValidateInvalidCaseLeavesStateAndReportsError
 251/1263 Test  #422: TurbulenceCaseTest.ParsesKEpsilonConfigWhenEnabled .......................................................   Passed    0.33 sec
          Start  931: CompressibleMomentumComponentTest.NonUniformDensityChangesTheAssembledDiagonal
 252/1263 Test  #942: CaseSessionTest.SaveWithoutADirectorySetFails ............................................................   Passed    0.33 sec
          Start  343: TabulatedPropertyTest.ClampsBelowRangeToTheFirstValue
 253/1263 Test  #931: CompressibleMomentumComponentTest.NonUniformDensityChangesTheAssembledDiagonal ...........................   Passed    0.18 sec
          Start  333: ConstantPropertyTest.ReturnsTheSameValueForAnyTemperature
 254/1263 Test  #343: TabulatedPropertyTest.ClampsBelowRangeToTheFirstValue ....................................................   Passed    0.22 sec
          Start  334: ConstantPropertyTest.RejectsNonFiniteReferenceValue
 255/1263 Test  #333: ConstantPropertyTest.ReturnsTheSameValueForAnyTemperature ................................................   Passed    0.06 sec
          Start  335: ConstantPropertyTest.RejectsNonFiniteTemperatureQuery
 256/1263 Test  #334: ConstantPropertyTest.RejectsNonFiniteReferenceValue ......................................................   Passed    0.16 sec
          Start  340: TabulatedPropertyTest.RecoversExactTableNodes
 257/1263 Test  #335: ConstantPropertyTest.RejectsNonFiniteTemperatureQuery ....................................................   Passed    0.16 sec
          Start  315: BoussinesqBuoyancyTest.ConstructsWithValidParameters
 258/1263 Test  #945: CaseSessionTest.ValidateInvalidCaseLeavesStateAndReportsError ............................................   Passed    0.46 sec
          Start  603: ThermalPropertiesTest.StoresConductivityAndSpecificHeat
 259/1263 Test  #315: BoussinesqBuoyancyTest.ConstructsWithValidParameters .....................................................   Passed    0.14 sec
          Start  884: VolumeFractionSolverTest.InvalidConfigurationForNonPositiveDt
 260/1263 Test  #340: TabulatedPropertyTest.RecoversExactTableNodes ............................................................   Passed    0.17 sec
          Start  641: EnergyEquationVariablePropertiesTest.RejectsNonFiniteOrNonPositiveConductivityField
 261/1263 Test  #603: ThermalPropertiesTest.StoresConductivityAndSpecificHeat ..................................................   Passed    0.18 sec
          Start  898: IdealGasEOSTest.DDensityDTemperatureMatchesAnalyticalFormula
 262/1263 Test  #641: EnergyEquationVariablePropertiesTest.RejectsNonFiniteOrNonPositiveConductivityField ......................   Passed    0.08 sec
          Start  913: EvaluateDensityFieldTest.InvalidCellStateThrowsNamingTheCell
 263/1263 Test  #884: VolumeFractionSolverTest.InvalidConfigurationForNonPositiveDt ............................................   Passed    0.17 sec
          Start  897: IdealGasEOSTest.DDensityDPressureIsIndependentOfPressure
 264/1263 Test  #898: IdealGasEOSTest.DDensityDTemperatureMatchesAnalyticalFormula .............................................   Passed    0.12 sec
          Start  616: EnergyEquationDiffusionTest.ConstantTemperatureGivesZeroContributionEverywhere
 265/1263 Test  #913: EvaluateDensityFieldTest.InvalidCellStateThrowsNamingTheCell .............................................   Passed    0.12 sec
          Start  918: CompressibleMassFluxTest.MismatchedDensitySizeThrows
 266/1263 Test  #897: IdealGasEOSTest.DDensityDPressureIsIndependentOfPressure .................................................   Passed    0.06 sec
          Start  865: VolumeFractionConvectionTest.PositiveInternalFluxSelectsOwnerNegativeSelectsNeighbor
 267/1263 Test #1025: SIMPLEConvergenceTest.TinyFourByFourCavityConverges ......................................................   Passed    0.94 sec
          Start  648: EnergyEquationVariablePropertiesTest.CombinerProducesCorrectDimensionsAndIsFinite
 268/1263 Test  #616: EnergyEquationDiffusionTest.ConstantTemperatureGivesZeroContributionEverywhere ...........................   Passed    0.18 sec
          Start  676: InterfaceConductanceTest.RejectsNonPositiveDistance
 269/1263 Test  #918: CompressibleMassFluxTest.MismatchedDensitySizeThrows .....................................................   Passed    0.18 sec
          Start  914: CompressibleMassFluxTest.UniformDensityMatchesIncompressibleMassFluxExactly
 270/1263 Test  #865: VolumeFractionConvectionTest.PositiveInternalFluxSelectsOwnerNegativeSelectsNeighbor .....................   Passed    0.18 sec
          Start 1024: SIMPLEContinuityTest.GlobalMassImbalanceStaysNearZeroForClosedDomain
 271/1263 Test  #648: EnergyEquationVariablePropertiesTest.CombinerProducesCorrectDimensionsAndIsFinite ........................   Passed    0.10 sec
          Start  413: ThermalCaseTest.RejectsUnknownThermalKey
 272/1263 Test  #914: CompressibleMassFluxTest.UniformDensityMatchesIncompressibleMassFluxExactly ..............................   Passed    0.17 sec
          Start  851: PhasePropertiesTest.RejectsEmptyName
 273/1263 Test  #676: InterfaceConductanceTest.RejectsNonPositiveDistance ......................................................   Passed    0.20 sec
          Start  509: CSVWriterTest.NonFiniteTemperatureThrows
 274/1263 Test  #851: PhasePropertiesTest.RejectsEmptyName .....................................................................   Passed    0.16 sec
          Start  832: SpeciesEquationAssemblyTest.CombinedAssemblyUsesDensityTimesDiffusivityAsCoefficient
 275/1263 Test  #509: CSVWriterTest.NonFiniteTemperatureThrows .................................................................   Passed    0.21 sec
          Start  629: EnergyEquationAssemblyTest.ProducesCorrectDimensions
 276/1263 Test  #413: ThermalCaseTest.RejectsUnknownThermalKey .................................................................   Passed    0.39 sec
          Start  928: CompressibleMomentumTimeDerivativeTest.RejectsNonPositiveDt
 277/1263 Test  #832: SpeciesEquationAssemblyTest.CombinedAssemblyUsesDensityTimesDiffusivityAsCoefficient .....................   Passed    0.16 sec
          Start  672: ThermalRegionMapTest.RegionForCellOutOfRangeThrows
 278/1263 Test  #672: ThermalRegionMapTest.RegionForCellOutOfRangeThrows .......................................................   Passed    0.08 sec
          Start  658: ThermalSolverTest.InvalidConfigurationForNonPositiveTolerance
 279/1263 Test  #629: EnergyEquationAssemblyTest.ProducesCorrectDimensions .....................................................   Passed    0.20 sec
          Start  353: EvaluatePropertyFieldTest.AllowsNonPositiveResultWhenNotRequired
 280/1263 Test  #928: CompressibleMomentumTimeDerivativeTest.RejectsNonPositiveDt ..............................................   Passed    0.20 sec
          Start  412: ThermalCaseTest.RejectsMissingThermalField
 281/1263 Test  #658: ThermalSolverTest.InvalidConfigurationForNonPositiveTolerance ............................................   Passed    0.21 sec
          Start  476: MultiphaseCaseTest.RejectsIdenticalPhaseNames
 282/1263 Test  #353: EvaluatePropertyFieldTest.AllowsNonPositiveResultWhenNotRequired .........................................   Passed    0.23 sec
          Start  622: EnergyEquationConvectionTest.ConstantTemperatureWithDivergenceFreeFluxGivesZeroNetContribution
 283/1263 Test #1024: SIMPLEContinuityTest.GlobalMassImbalanceStaysNearZeroForClosedDomain .....................................   Passed    0.94 sec
          Start  372: CaseWriterTest.BasicCaseRoundTripsExactly
 284/1263 Test  #476: MultiphaseCaseTest.RejectsIdenticalPhaseNames ............................................................   Passed    0.21 sec
          Start 1211: RestartIOTest.ReadRejectsIncompatiblePressureArrayLength
 285/1263 Test  #412: ThermalCaseTest.RejectsMissingThermalField ...............................................................   Passed    0.42 sec
          Start  511: CSVWriterTest.AppendsSpeciesColumnsInOrderAfterTemperature
 286/1263 Test  #372: CaseWriterTest.BasicCaseRoundTripsExactly ................................................................   Passed    0.11 sec
          Start  611: ThermalPropertiesTest.ThermalDiffusivityRejectsZeroDensity
 287/1263 Test  #622: EnergyEquationConvectionTest.ConstantTemperatureWithDivergenceFreeFluxGivesZeroNetContribution ...........   Passed    0.23 sec
          Start  864: EvaluateMixtureFieldTest.MismatchedAlphaSizeThrows
 288/1263 Test  #864: EvaluateMixtureFieldTest.MismatchedAlphaSizeThrows .......................................................   Passed    0.19 sec
          Start  463: SpeciesCaseTest.RejectsDuplicateSpeciesNames
 289/1263 Test  #611: ThermalPropertiesTest.ThermalDiffusivityRejectsZeroDensity ...............................................   Passed    0.22 sec
          Start  846: SpeciesSolverTest.LinearSolveFailureWhenInnerSolverIsStarved
 290/1263 Test #1211: RestartIOTest.ReadRejectsIncompatiblePressureArrayLength .................................................   Passed    0.30 sec
          Start  773: SSTEquationTest.CrossDiffusionCoefficientClampsNegativeDotProduct
 291/1263 Test  #846: SpeciesSolverTest.LinearSolveFailureWhenInnerSolverIsStarved .............................................   Passed    0.17 sec
          Start 1247: UniformAlphaPreservationTest.DivergenceFreeChannelFlowPreservesUniformAlphaOverManySteps
 292/1263 Test  #511: CSVWriterTest.AppendsSpeciesColumnsInOrderAfterTemperature ...............................................   Passed    0.44 sec
          Start  866: VolumeFractionConvectionTest.BoundaryOutflowUsesOwnerUnknownNotBoundaryValue
 293/1263 Test  #463: SpeciesCaseTest.RejectsDuplicateSpeciesNames .............................................................   Passed    0.23 sec
          Start  817: SpeciesPropertiesTest.RejectsEmptyName
 294/1263 Test  #773: SSTEquationTest.CrossDiffusionCoefficientClampsNegativeDotProduct ........................................   Passed    0.27 sec
          Start  892: IdealGasEOSTest.RejectsNonPositivePressureOrTemperature
 295/1263 Test #1247: UniformAlphaPreservationTest.DivergenceFreeChannelFlowPreservesUniformAlphaOverManySteps .................   Passed    0.16 sec
          Start  803: SSTModelTest.F1ApproachesOneNearAWallAndZeroFarFromIt
 296/1263 Test  #866: VolumeFractionConvectionTest.BoundaryOutflowUsesOwnerUnknownNotBoundaryValue .............................   Passed    0.18 sec
          Start 1213: RestartIOTest.ReadRejectsNonNumericFieldValue
 297/1263 Test  #817: SpeciesPropertiesTest.RejectsEmptyName ...................................................................   Passed    0.17 sec
          Start  921: CompressibleContinuityTest.CombinedTimeAndFluxHandDerived
 298/1263 Test  #892: IdealGasEOSTest.RejectsNonPositivePressureOrTemperature ..................................................   Passed    0.16 sec
          Start  604: ThermalPropertiesTest.ThermalDiffusivityIsKOverRhoCp
 299/1263 Test  #921: CompressibleContinuityTest.CombinedTimeAndFluxHandDerived ................................................   Passed    0.10 sec
          Start  450: BoussinesqCaseTest.RejectsBuoyancyWithoutThermal
 300/1263 Test  #803: SSTModelTest.F1ApproachesOneNearAWallAndZeroFarFromIt ....................................................   Passed    0.26 sec
          Start  606: ThermalPropertiesTest.RejectsNegativeConductivity
 301/1263 Test #1213: RestartIOTest.ReadRejectsNonNumericFieldValue ............................................................   Passed    0.30 sec
          Start  524: JSONWriterTest.SpeciesArrayIsEmptyByDefault
 302/1263 Test  #604: ThermalPropertiesTest.ThermalDiffusivityIsKOverRhoCp .....................................................   Passed    0.20 sec
          Start  690: ValidateTurbulentViscosityFieldTest.AcceptsCorrectlySizedFiniteNonNegativeField
 303/1263 Test  #606: ThermalPropertiesTest.RejectsNegativeConductivity ........................................................   Passed    0.08 sec
          Start  888: VolumeFractionSolverTest.RepeatedStepIsDeterministic
 304/1263 Test  #888: VolumeFractionSolverTest.RepeatedStepIsDeterministic .....................................................   Passed    0.18 sec
          Start 1161: BoussinesqCouplingTest.EqualWallTemperaturesGiveZeroVelocity
 305/1263 Test  #450: BoussinesqCaseTest.RejectsBuoyancyWithoutThermal .........................................................   Passed    0.41 sec
          Start  827: SpeciesEquationConvectionTest.BoundaryOutflowUsesOwnerUnknownNotBoundaryValue
 306/1263 Test  #524: JSONWriterTest.SpeciesArrayIsEmptyByDefault ..............................................................   Passed    0.25 sec
          Start  441: TurbulenceCaseTest.RejectsOutOfRangeRelaxation
 307/1263 Test  #690: ValidateTurbulentViscosityFieldTest.AcceptsCorrectlySizedFiniteNonNegativeField ..........................   Passed    0.25 sec
          Start  814: TurbulenceModelFactoryTest.SSTOverloadRejectsUnsupportedModelNames
 308/1263 Test  #827: SpeciesEquationConvectionTest.BoundaryOutflowUsesOwnerUnknownNotBoundaryValue ............................   Passed    0.18 sec
          Start  784: SSTEquationTest.TurbulentViscosityOmegaDominatedBranch
 309/1263 Test #1161: BoussinesqCouplingTest.EqualWallTemperaturesGiveZeroVelocity .............................................   Passed    0.24 sec
          Start 1214: RestartIOTest.ReadRejectsInvalidDeltaT
 310/1263 Test  #784: SSTEquationTest.TurbulentViscosityOmegaDominatedBranch ...................................................   Passed    0.10 sec
          Start 1251: PhaseConservationTest.ClosedDomainConservesPhaseVolumeWithCirculatingInternalFlux
 311/1263 Test  #814: TurbulenceModelFactoryTest.SSTOverloadRejectsUnsupportedModelNames .......................................   Passed    0.26 sec
          Start 1205: RestartIOTest.ReadRejectsMalformedJsonSyntax
 312/1263 Test #1205: RestartIOTest.ReadRejectsMalformedJsonSyntax .............................................................   Passed    0.13 sec
          Start  760: WallDistanceTest.HandDerivedDistanceAtDomainCenter
 313/1263 Test #1251: PhaseConservationTest.ClosedDomainConservesPhaseVolumeWithCirculatingInternalFlux ........................   Passed    0.16 sec
          Start  618: EnergyEquationDiffusionTest.MismatchedTemperatureSizeThrows
 314/1263 Test #1214: RestartIOTest.ReadRejectsInvalidDeltaT ...................................................................   Passed    0.25 sec
          Start  895: IdealGasEOSTest.RejectsNonFiniteGasConstant
 315/1263 Test  #441: TurbulenceCaseTest.RejectsOutOfRangeRelaxation ...........................................................   Passed    0.50 sec
          Start  647: EnergyEquationVariablePropertiesTest.CombinerUniformFieldsMatchScalarThermalProperties
 316/1263 Test  #618: EnergyEquationDiffusionTest.MismatchedTemperatureSizeThrows ..............................................   Passed    0.16 sec
          Start  536: VTKWriterTest.AppendsTemperatureBlockAfterVelocityMagnitudeWhenProvided
 317/1263 Test  #647: EnergyEquationVariablePropertiesTest.CombinerUniformFieldsMatchScalarThermalProperties ...................   Passed    0.13 sec
          Start  907: ThermodynamicPropertiesTest.SpeedOfSoundRejectsNonPositiveTemperature
 318/1263 Test  #895: IdealGasEOSTest.RejectsNonFiniteGasConstant ..............................................................   Passed    0.18 sec
          Start  920: CompressibleContinuityTest.SteadyStateWithBalancedFluxGivesZeroImbalance
 319/1263 Test  #907: ThermodynamicPropertiesTest.SpeedOfSoundRejectsNonPositiveTemperature ....................................   Passed    0.03 sec
          Start  427: TurbulenceCaseTest.BuilderConstructsKOmegaConfigAndBoundaries
 320/1263 Test  #920: CompressibleContinuityTest.SteadyStateWithBalancedFluxGivesZeroImbalance .................................   Passed    0.03 sec
          Start  881: VolumeFractionSolverTest.ConvergesForASimpleUniformInletFlow
 321/1263 Test  #760: WallDistanceTest.HandDerivedDistanceAtDomainCenter .......................................................   Passed    0.27 sec
          Start  924: CompressibleContinuityTest.RejectsNonPositiveOrNonFiniteDt
 322/1263 Test  #881: VolumeFractionSolverTest.ConvergesForASimpleUniformInletFlow .............................................   Passed    0.19 sec
          Start  930: CompressibleMomentumComponentTest.MismatchedVelocitySizeThrows
 323/1263 Test  #924: CompressibleContinuityTest.RejectsNonPositiveOrNonFiniteDt ...............................................   Passed    0.19 sec
          Start 1202: RestartIOTest.WriteThenReadRoundTripsExactly
 324/1263 Test  #930: CompressibleMomentumComponentTest.MismatchedVelocitySizeThrows ...........................................   Passed    0.03 sec
          Start  458: SpeciesCaseTest.ParsesSpeciesListWhenEnabled
 325/1263 Test  #536: VTKWriterTest.AppendsTemperatureBlockAfterVelocityMagnitudeWhenProvided ..................................   Passed    0.33 sec
          Start  436: TurbulenceCaseTest.RejectsKEpsilonModelWithInitialOmegaOnly
 326/1263 Test  #427: TurbulenceCaseTest.BuilderConstructsKOmegaConfigAndBoundaries ............................................   Passed    0.29 sec
          Start  348: TabulatedPropertyTest.RejectsNonIncreasingTemperatures
 327/1263 Test  #458: SpeciesCaseTest.ParsesSpeciesListWhenEnabled .............................................................   Passed    0.07 sec
          Start  766: SSTEquationTest.AlphaRejectsInvalidBetaStar
 328/1263 Test  #436: TurbulenceCaseTest.RejectsKEpsilonModelWithInitialOmegaOnly ..............................................   Passed    0.07 sec
          Start  657: ThermalSolverTest.InvalidConfigurationForZeroOuterMaxIterations
 329/1263 Test  #348: TabulatedPropertyTest.RejectsNonIncreasingTemperatures ...................................................   Passed    0.23 sec
          Start  940: CaseSessionTest.SetCaseDefinitionMarksModified
 330/1263 Test #1202: RestartIOTest.WriteThenReadRoundTripsExactly .............................................................   Passed    0.30 sec
          Start  656: ThermalSolverTest.InvalidConfigurationForInvalidLinearSolverSettings
 331/1263 Test  #657: ThermalSolverTest.InvalidConfigurationForZeroOuterMaxIterations ..........................................   Passed    0.21 sec
          Start  475: MultiphaseCaseTest.RejectsNonPositivePhaseViscosity
 332/1263 Test  #656: ThermalSolverTest.InvalidConfigurationForInvalidLinearSolverSettings .....................................   Passed    0.04 sec
          Start  542: VTKWriterTest.MismatchedSpeciesSizeThrows
 333/1263 Test  #766: SSTEquationTest.AlphaRejectsInvalidBetaStar ..............................................................   Passed    0.27 sec
          Start  359: MomentumVariableViscosityTest.StrongTemperatureContrastIncreasesLocalDiffusionAsymmetrically
 334/1263 Test  #359: MomentumVariableViscosityTest.StrongTemperatureContrastIncreasesLocalDiffusionAsymmetrically .............   Passed    0.25 sec
          Start  909: MachNumberTest.RejectsNonPositiveSpeedOfSound
 335/1263 Test  #542: VTKWriterTest.MismatchedSpeciesSizeThrows ................................................................   Passed    0.31 sec
          Start  879: PhaseVolumeTest.MismatchedAlphaSizeThrows
 336/1263 Test  #475: MultiphaseCaseTest.RejectsNonPositivePhaseViscosity ......................................................   Passed    0.34 sec
          Start  627: EnergyEquationSourceTest.RejectsNonFiniteHeatSource
 337/1263 Test  #940: CaseSessionTest.SetCaseDefinitionMarksModified ...........................................................   Passed    0.48 sec
          Start  329: BoussinesqBuoyancyTest.MomentumContributionScalesWithCellVolume
 338/1263 Test  #909: MachNumberTest.RejectsNonPositiveSpeedOfSound ............................................................   Passed    0.17 sec
          Start 1203: RestartIOTest.RepeatedWriteIsByteIdentical
 339/1263 Test  #879: PhaseVolumeTest.MismatchedAlphaSizeThrows ................................................................   Passed    0.17 sec
          Start  856: TwoPhaseSystemTest.StoresBothPhases
 340/1263 Test  #627: EnergyEquationSourceTest.RejectsNonFiniteHeatSource ......................................................   Passed    0.20 sec
          Start  926: CompressibleMomentumTimeDerivativeTest.ConstantDensityMatchesIncompressibleFormula
 341/1263 Test  #329: BoussinesqBuoyancyTest.MomentumContributionScalesWithCellVolume ..........................................   Passed    0.22 sec
          Start  638: EnergyEquationVariablePropertiesTest.DiffusionUniformFieldMatchesScalarOverloadExactly
 342/1263 Test  #856: TwoPhaseSystemTest.StoresBothPhases ......................................................................   Passed    0.16 sec
          Start  922: CompressibleContinuityTest.MismatchedDensityOldSizeThrows
 343/1263 Test  #926: CompressibleMomentumTimeDerivativeTest.ConstantDensityMatchesIncompressibleFormula .......................   Passed    0.17 sec
          Start  345: TabulatedPropertyTest.ReportsTableRange
 344/1263 Test  #922: CompressibleContinuityTest.MismatchedDensityOldSizeThrows ................................................   Passed    0.06 sec
          Start  625: EnergyEquationSourceTest.AddsQTimesVolumeExactly
 345/1263 Test #1203: RestartIOTest.RepeatedWriteIsByteIdentical ...............................................................   Passed    0.29 sec
          Start  653: ThermalSolverTest.InvalidConfigurationForMismatchedMassFluxSize
 346/1263 Test  #653: ThermalSolverTest.InvalidConfigurationForMismatchedMassFluxSize ..........................................   Passed    0.06 sec
          Start  829: SpeciesEquationConvectionTest.ConstantConcentrationWithDivergenceFreeFluxGivesZeroNetContribution
 347/1263 Test  #638: EnergyEquationVariablePropertiesTest.DiffusionUniformFieldMatchesScalarOverloadExactly ...................   Passed    0.19 sec
          Start  341: TabulatedPropertyTest.MidpointInterpolationMatchesHandWorkedValue
 348/1263 Test  #625: EnergyEquationSourceTest.AddsQTimesVolumeExactly .........................................................   Passed    0.11 sec
          Start  854: PhasePropertiesTest.RejectsNonFiniteDensityOrViscosity
 349/1263 Test  #345: TabulatedPropertyTest.ReportsTableRange ..................................................................   Passed    0.20 sec
          Start  455: BoussinesqCaseTest.RejectsUnknownKey
 350/1263 Test  #341: TabulatedPropertyTest.MidpointInterpolationMatchesHandWorkedValue ........................................   Passed    0.10 sec
          Start  631: EnergyEquationAssemblyTest.MismatchedMassFluxSizeThrows
 351/1263 Test  #829: SpeciesEquationConvectionTest.ConstantConcentrationWithDivergenceFreeFluxGivesZeroNetContribution ........   Passed    0.15 sec
          Start  753: KOmegaModelTest.TurbulentViscosityVanishesAsKVanishes
 352/1263 Test  #854: PhasePropertiesTest.RejectsNonFiniteDensityOrViscosity ...................................................   Passed    0.16 sec
          Start  809: TurbulenceModelFactoryTest.LaminarNameCreatesLaminarModelViaKOmegaOverload
 353/1263 Test  #631: EnergyEquationAssemblyTest.MismatchedMassFluxSizeThrows ..................................................   Passed    0.21 sec
          Start  474: MultiphaseCaseTest.RejectsInitialAlphaOutOfRange
 354/1263 Test  #809: TurbulenceModelFactoryTest.LaminarNameCreatesLaminarModelViaKOmegaOverload ...............................   Passed    0.15 sec
          Start  704: LaminarModelTest.RepeatedCorrectIsDeterministic
 355/1263 Test  #753: KOmegaModelTest.TurbulentViscosityVanishesAsKVanishes ....................................................   Passed    0.21 sec
          Start  433: TurbulenceCaseTest.RejectsSSTModelWithInitialEpsilonOnly
 356/1263 Test  #433: TurbulenceCaseTest.RejectsSSTModelWithInitialEpsilonOnly .................................................   Passed    0.14 sec
          Start  316: BoussinesqBuoyancyTest.RejectsNonPositiveReferenceDensity
 357/1263 Test  #455: BoussinesqCaseTest.RejectsUnknownKey .....................................................................   Passed    0.43 sec
          Start  819: SpeciesPropertiesTest.RejectsNonFiniteDiffusivity
 358/1263 Test  #474: MultiphaseCaseTest.RejectsInitialAlphaOutOfRange .........................................................   Passed    0.21 sec
          Start 1254: SinglePhaseEquivalenceTest.AlphaOneReducesToPurePhase1MomentumAssemblyExactly
 359/1263 Test  #704: LaminarModelTest.RepeatedCorrectIsDeterministic ..........................................................   Passed    0.25 sec
          Start  910: EvaluateDensityFieldTest.EvaluatesEveryCellFromItsOwnPressureAndTemperature
 360/1263 Test  #819: SpeciesPropertiesTest.RejectsNonFiniteDiffusivity ........................................................   Passed    0.16 sec
          Start  346: TabulatedPropertyTest.RejectsFewerThanTwoPoints
 361/1263 Test #1254: SinglePhaseEquivalenceTest.AlphaOneReducesToPurePhase1MomentumAssemblyExactly ............................   Passed    0.16 sec
          Start  705: LaminarModelTest.DifferentFiniteFlowFieldsStillProduceZeroMuT
 362/1263 Test  #316: BoussinesqBuoyancyTest.RejectsNonPositiveReferenceDensity ................................................   Passed    0.23 sec
          Start  886: VolumeFractionSolverTest.NonFiniteStateForNonFiniteMassFlux
 363/1263 Test  #346: TabulatedPropertyTest.RejectsFewerThanTwoPoints ..........................................................   Passed    0.05 sec
          Start  801: SSTModelTest.ConvergenceResidualIsNulloptBeforeFirstCorrect
 364/1263 Test  #910: EvaluateDensityFieldTest.EvaluatesEveryCellFromItsOwnPressureAndTemperature ..............................   Passed    0.18 sec
          Start  681: RegionAwareThermalDiffusionTest.MismatchedRegionSizeThrows
 365/1263 Test  #705: LaminarModelTest.DifferentFiniteFlowFieldsStillProduceZeroMuT ............................................   Passed    0.19 sec
          Start  608: ThermalPropertiesTest.RejectsNegativeSpecificHeat
 366/1263 Test  #886: VolumeFractionSolverTest.NonFiniteStateForNonFiniteMassFlux ..............................................   Passed    0.18 sec
          Start  828: SpeciesEquationConvectionTest.BoundaryInflowUsesBoundaryValueOnRhs
 367/1263 Test  #801: SSTModelTest.ConvergenceResidualIsNulloptBeforeFirstCorrect ..............................................   Passed    0.18 sec
          Start  692: ValidateTurbulentViscosityFieldTest.RejectsNegativeEntry
 368/1263 Test  #681: RegionAwareThermalDiffusionTest.MismatchedRegionSizeThrows ...............................................   Passed    0.19 sec
          Start  332: BoussinesqBuoyancyTest.MismatchedTemperatureSizeThrows
 369/1263 Test  #608: ThermalPropertiesTest.RejectsNegativeSpecificHeat ........................................................   Passed    0.08 sec
          Start  492: CompressibleCaseTest.RejectsNonPositiveTemperature
 370/1263 Test  #828: SpeciesEquationConvectionTest.BoundaryInflowUsesBoundaryValueOnRhs .......................................   Passed    0.17 sec
          Start  354: EvaluatePropertyFieldTest.MismatchedTemperatureSizeThrows
 371/1263 Test  #332: BoussinesqBuoyancyTest.MismatchedTemperatureSizeThrows ...................................................   Passed    0.21 sec
          Start  904: ThermodynamicPropertiesTest.DensityDelegatesToTheEquationOfState
 372/1263 Test  #692: ValidateTurbulentViscosityFieldTest.RejectsNegativeEntry .................................................   Passed    0.27 sec
          Start  850: PhasePropertiesTest.StoresNameDensityAndViscosity
 373/1263 Test  #354: EvaluatePropertyFieldTest.MismatchedTemperatureSizeThrows ................................................   Passed    0.12 sec
          Start  729: KEpsilonModelTest.ConstructionIsDeterministicAcrossInstances
 374/1263 Test  #904: ThermodynamicPropertiesTest.DensityDelegatesToTheEquationOfState .........................................   Passed    0.18 sec
          Start  485: CompressibleCaseTest.ThermalCoupledRequiresThermalBlock
 375/1263 Test  #850: PhasePropertiesTest.StoresNameDensityAndViscosity ........................................................   Passed    0.17 sec
          Start  901: ThermodynamicPropertiesTest.DerivesCvAndGammaFromRAndCp
 376/1263 Test  #485: CompressibleCaseTest.ThermalCoupledRequiresThermalBlock ..................................................   Passed    0.10 sec
          Start  883: VolumeFractionSolverTest.InvalidConfigurationForMismatchedMassFluxSize
 377/1263 Test  #492: CompressibleCaseTest.RejectsNonPositiveTemperature .......................................................   Passed    0.50 sec
          Start  787: SSTEquationTest.ProductionLimiterUnlimitedBranch
 378/1263 Test  #729: KEpsilonModelTest.ConstructionIsDeterministicAcrossInstances .............................................   Passed    0.28 sec
          Start  541: VTKWriterTest.MultipleSpeciesWrittenInOrderAfterTemperature
 379/1263 Test  #901: ThermodynamicPropertiesTest.DerivesCvAndGammaFromRAndCp ..................................................   Passed    0.19 sec
          Start  664: ThermalSolverVariablePropertiesTest.NonFiniteStateWhenPropertyModelPredictsNonPositiveValue
 380/1263 Test  #883: VolumeFractionSolverTest.InvalidConfigurationForMismatchedMassFluxSize ...................................   Passed    0.20 sec
          Start  667: ThermalRegionMapTest.ConstructsAndReportsCellRegions
 381/1263 Test  #787: SSTEquationTest.ProductionLimiterUnlimitedBranch .........................................................   Passed    0.29 sec
          Start  927: CompressibleMomentumTimeDerivativeTest.MismatchedSizeThrows
 382/1263 Test  #664: ThermalSolverVariablePropertiesTest.NonFiniteStateWhenPropertyModelPredictsNonPositiveValue ..............   Passed    0.21 sec
          Start  782: SSTEquationTest.KDiffusivityMatchesHandDerivedBlendedValue
 383/1263 Test  #667: ThermalRegionMapTest.ConstructsAndReportsCellRegions .....................................................   Passed    0.13 sec
          Start  325: BoussinesqBuoyancyTest.ColdCellWithDownwardGravityDrivesFluidDownward
 384/1263 Test  #927: CompressibleMomentumTimeDerivativeTest.MismatchedSizeThrows ..............................................   Passed    0.19 sec
          Start  670: ThermalRegionMapTest.RejectsEmptyCellRegionIndex
 385/1263 Test  #541: VTKWriterTest.MultipleSpeciesWrittenInOrderAfterTemperature ..............................................   Passed    0.51 sec
          Start  899: IdealGasEOSTest.DDensityDTemperatureIsNegative
 386/1263 Test  #325: BoussinesqBuoyancyTest.ColdCellWithDownwardGravityDrivesFluidDownward ....................................   Passed    0.24 sec
          Start  868: VolumeFractionConvectionTest.ConstantAlphaWithDivergenceFreeFluxGivesZeroNetContribution
 387/1263 Test  #782: SSTEquationTest.KDiffusivityMatchesHandDerivedBlendedValue ...............................................   Passed    0.27 sec
          Start  336: LinearPropertyTest.MatchesReferenceValueAtReferenceTemperature
 388/1263 Test  #670: ThermalRegionMapTest.RejectsEmptyCellRegionIndex .........................................................   Passed    0.20 sec
          Start  674: InterfaceConductanceTest.EqualConductivityReducesToPlainFormula
 389/1263 Test  #899: IdealGasEOSTest.DDensityDTemperatureIsNegative ...........................................................   Passed    0.18 sec
          Start  750: KOmegaModelTest.RejectsInvalidInitialK
 390/1263 Test  #868: VolumeFractionConvectionTest.ConstantAlphaWithDivergenceFreeFluxGivesZeroNetContribution .................   Passed    0.18 sec
          Start  855: PhasePropertiesTest.TwoPhasesKeepIndependentIdentity
 391/1263 Test  #336: LinearPropertyTest.MatchesReferenceValueAtReferenceTemperature ...........................................   Passed    0.24 sec
          Start  481: MultiphaseCaseTest.RejectsAlphaKeyWhenMultiphaseDisabled
 392/1263 Test  #674: InterfaceConductanceTest.EqualConductivityReducesToPlainFormula ..........................................   Passed    0.21 sec
          Start  812: TurbulenceModelFactoryTest.LaminarNameCreatesLaminarModelViaSSTOverload
 393/1263 Test  #855: PhasePropertiesTest.TwoPhasesKeepIndependentIdentity .....................................................   Passed    0.18 sec
          Start  889: IdealGasEOSTest.MatchesKnownStandardAtmosphereState
 394/1263 Test  #812: TurbulenceModelFactoryTest.LaminarNameCreatesLaminarModelViaSSTOverload ..................................   Passed    0.07 sec
          Start  793: SSTModelTest.ConstructionMuTReducesToStandardKOmegaForm
 395/1263 Test  #750: KOmegaModelTest.RejectsInvalidInitialK ...................................................................   Passed    0.28 sec
          Start  610: ThermalPropertiesTest.RejectsNonFiniteSpecificHeat
 396/1263 Test  #889: IdealGasEOSTest.MatchesKnownStandardAtmosphereState ......................................................   Passed    0.18 sec
          Start  779: SSTEquationTest.F2RemainsBoundedAcrossRepresentativeStates
 397/1263 Test  #610: ThermalPropertiesTest.RejectsNonFiniteSpecificHeat .......................................................   Passed    0.21 sec
          Start  878: PhaseVolumeTest.UniformAlphaGivesAlphaTimesDomainVolume
 398/1263 Test  #779: SSTEquationTest.F2RemainsBoundedAcrossRepresentativeStates ...............................................   Passed    0.10 sec
          Start  457: SpeciesCaseTest.NonSpeciesFixtureHasNoSpeciesConfig
 399/1263 Test  #793: SSTModelTest.ConstructionMuTReducesToStandardKOmegaForm ..................................................   Passed    0.26 sec
          Start  867: VolumeFractionConvectionTest.BoundaryInflowUsesBoundaryValueOnRhs
 400/1263 Test  #457: SpeciesCaseTest.NonSpeciesFixtureHasNoSpeciesConfig ......................................................   Passed    0.09 sec
          Start  905: ThermodynamicPropertiesTest.SpeedOfSoundMatchesAnalyticalFormula
 401/1263 Test  #481: MultiphaseCaseTest.RejectsAlphaKeyWhenMultiphaseDisabled .................................................   Passed    0.52 sec
          Start  871: VolumeFractionTransportEquationTest.ZeroVelocityPreservesAlphaExactly
 402/1263 Test  #878: PhaseVolumeTest.UniformAlphaGivesAlphaTimesDomainVolume ..................................................   Passed    0.13 sec
          Start  816: SpeciesPropertiesTest.AllowsZeroDiffusivityForPureAdvection
 403/1263 Test  #867: VolumeFractionConvectionTest.BoundaryInflowUsesBoundaryValueOnRhs ........................................   Passed    0.12 sec
          Start 1208: RestartIOTest.ReadRejectsWrongFormatVersion
 404/1263 Test  #871: VolumeFractionTransportEquationTest.ZeroVelocityPreservesAlphaExactly ....................................   Passed    0.04 sec
          Start  838: SpeciesBoundaryConditionTest.FixedValueActsAsDirichletInflowSource
 405/1263 Test  #816: SpeciesPropertiesTest.AllowsZeroDiffusivityForPureAdvection ..............................................   Passed    0.13 sec
          Start  811: TurbulenceModelFactoryTest.KOmegaOverloadRejectsUnsupportedModelNames
 406/1263 Test  #838: SpeciesBoundaryConditionTest.FixedValueActsAsDirichletInflowSource .......................................   Passed    0.11 sec
          Start  806: TurbulenceModelFactoryTest.LaminarNameCreatesLaminarModelViaKEpsilonOverload
 407/1263 Test  #905: ThermodynamicPropertiesTest.SpeedOfSoundMatchesAnalyticalFormula .........................................   Passed    0.20 sec
          Start  783: SSTEquationTest.OmegaDiffusivityMatchesHandDerivedBlendedValue
 408/1263 Test #1208: RestartIOTest.ReadRejectsWrongFormatVersion ..............................................................   Passed    0.30 sec
          Start  694: EffectiveViscosityTest.IsSumOfMolecularAndTurbulent
 409/1263 Test  #811: TurbulenceModelFactoryTest.KOmegaOverloadRejectsUnsupportedModelNames ....................................   Passed    0.18 sec
          Start  863: EvaluateMixtureFieldTest.MinMaxBoundsMatchTheLinearLawsRange
 410/1263 Test  #806: TurbulenceModelFactoryTest.LaminarNameCreatesLaminarModelViaKEpsilonOverload .............................   Passed    0.19 sec
          Start  903: ThermodynamicPropertiesTest.RejectsNonFiniteCp
 411/1263 Test  #783: SSTEquationTest.OmegaDiffusivityMatchesHandDerivedBlendedValue ...........................................   Passed    0.19 sec
          Start  419: TurbulenceCaseTest.LegacyFixtureHasNoTurbulenceConfig
 412/1263 Test  #863: EvaluateMixtureFieldTest.MinMaxBoundsMatchTheLinearLawsRange .............................................   Passed    0.17 sec
          Start  443: TurbulenceCaseTest.RejectsEpsilonRelaxationWithoutInitialEpsilon
 413/1263 Test  #903: ThermodynamicPropertiesTest.RejectsNonFiniteCp ...........................................................   Passed    0.18 sec
          Start  743: KOmegaEquationTest.OmegaSourceMatchesHandDerivedExample
 414/1263 Test  #694: EffectiveViscosityTest.IsSumOfMolecularAndTurbulent ......................................................   Passed    0.26 sec
          Start  872: VolumeFractionTransportEquationTest.TimeDerivativeCoefficientMatchesVolumeOverDt
 415/1263 Test  #743: KOmegaEquationTest.OmegaSourceMatchesHandDerivedExample ..................................................   Passed    0.05 sec
          Start  646: EnergyEquationVariablePropertiesTest.RejectsNonFiniteOrNonPositiveSpecificHeatField
 416/1263 Test  #443: TurbulenceCaseTest.RejectsEpsilonRelaxationWithoutInitialEpsilon .........................................   Passed    0.24 sec
          Start  691: ValidateTurbulentViscosityFieldTest.RejectsMismatchedSize
 417/1263 Test  #419: TurbulenceCaseTest.LegacyFixtureHasNoTurbulenceConfig ....................................................   Passed    0.40 sec
          Start 1132: PISOTurbulenceTest.DefaultTurbulenceModelMatchesExplicitLaminarModel
 418/1263 Test  #872: VolumeFractionTransportEquationTest.TimeDerivativeCoefficientMatchesVolumeOverDt .........................   Passed    0.20 sec
          Start 1215: RestartIOTest.ReadRejectsMismatchedVelocityComponentArrayLengths
 419/1263 Test  #646: EnergyEquationVariablePropertiesTest.RejectsNonFiniteOrNonPositiveSpecificHeatField ......................   Passed    0.20 sec
          Start  822: SpeciesEquationDiffusionTest.InternalFaceCoefficientsAreSymmetric
 420/1263 Test  #822: SpeciesEquationDiffusionTest.InternalFaceCoefficientsAreSymmetric ........................................   Passed    0.18 sec
          Start  917: CompressibleMassFluxTest.MismatchedVelocitySizeThrows
 421/1263 Test  #691: ValidateTurbulentViscosityFieldTest.RejectsMismatchedSize ................................................   Passed    0.28 sec
          Start 1217: RestartResumeTest.ContinuousVsSplitRunIsBitIdentical
 422/1263 Test #1132: PISOTurbulenceTest.DefaultTurbulenceModelMatchesExplicitLaminarModel .....................................   Passed    0.28 sec
          Start 1255: SinglePhaseEquivalenceTest.AlphaZeroReducesToPurePhase2MomentumAssemblyExactly
 423/1263 Test #1215: RestartIOTest.ReadRejectsMismatchedVelocityComponentArrayLengths .........................................   Passed    0.31 sec
          Start  852: PhasePropertiesTest.RejectsZeroOrNegativeDensity
 424/1263 Test #1217: RestartResumeTest.ContinuousVsSplitRunIsBitIdentical .....................................................   Passed    0.07 sec
          Start  649: EnergyEquationVariablePropertiesTest.CombinerMismatchedFieldSizeThrows
 425/1263 Test  #917: CompressibleMassFluxTest.MismatchedVelocitySizeThrows ....................................................   Passed    0.18 sec
          Start 1210: RestartIOTest.ReadRejectsCellCountMismatch
 426/1263 Test #1255: SinglePhaseEquivalenceTest.AlphaZeroReducesToPurePhase2MomentumAssemblyExactly ...........................   Passed    0.14 sec
          Start  813: TurbulenceModelFactoryTest.SSTNameCreatesSSTModel
 427/1263 Test  #852: PhasePropertiesTest.RejectsZeroOrNegativeDensity .........................................................   Passed    0.19 sec
          Start  845: SpeciesSolverTest.MaxIterationsWhenOuterBudgetTooSmall
 428/1263 Test  #649: EnergyEquationVariablePropertiesTest.CombinerMismatchedFieldSizeThrows ...................................   Passed    0.22 sec
          Start  642: EnergyEquationVariablePropertiesTest.DiffusionMismatchedConductivityFieldSizeThrows
 429/1263 Test  #845: SpeciesSolverTest.MaxIterationsWhenOuterBudgetTooSmall ...................................................   Passed    0.19 sec
          Start  908: MachNumberTest.MatchesSpeedOverSoundSpeed
 430/1263 Test #1210: RestartIOTest.ReadRejectsCellCountMismatch ...............................................................   Passed    0.32 sec
          Start  764: SSTEquationTest.Alpha1MatchesHandDerivedValue
 431/1263 Test  #813: TurbulenceModelFactoryTest.SSTNameCreatesSSTModel ........................................................   Passed    0.31 sec
          Start  633: EnergyEquationAssemblyTest.NonFiniteTemperatureAtGradientBoundaryThrowsNumericalError
 432/1263 Test  #642: EnergyEquationVariablePropertiesTest.DiffusionMismatchedConductivityFieldSizeThrows ......................   Passed    0.22 sec
          Start  298: MomentumDiffusionTest.NonUniformEffectiveViscosityChangesDiffusionCoefficients
 433/1263 Test  #633: EnergyEquationAssemblyTest.NonFiniteTemperatureAtGradientBoundaryThrowsNumericalError ....................   Passed    0.06 sec
          Start 1209: RestartIOTest.ReadRejectsDifferentMeshWithSameCounts
 434/1263 Test  #908: MachNumberTest.MatchesSpeedOverSoundSpeed ................................................................   Passed    0.18 sec
          Start  835: SpeciesEquationAssemblyTest.MismatchedMassFluxSizeThrows
 435/1263 Test  #764: SSTEquationTest.Alpha1MatchesHandDerivedValue ............................................................   Passed    0.27 sec
          Start  830: SpeciesEquationSourceTest.AddsSTimesVolumeExactly
 436/1263 Test  #298: MomentumDiffusionTest.NonUniformEffectiveViscosityChangesDiffusionCoefficients ...........................   Passed    0.24 sec
          Start  640: EnergyEquationVariablePropertiesTest.DiffusionBoundaryFaceUsesOwnerConductivityDirectly
 437/1263 Test  #835: SpeciesEquationAssemblyTest.MismatchedMassFluxSizeThrows .................................................   Passed    0.16 sec
          Start  134: SparseMatrixTest.RepeatedMultiplyIsBitIdenticalRegardlessOfOpenMPThreadCount
 438/1263 Test  #830: SpeciesEquationSourceTest.AddsSTimesVolumeExactly ........................................................   Passed    0.07 sec
          Start  421: TurbulenceCaseTest.ExplicitLaminarModelAcceptsInitialOmegaToo
 439/1263 Test #1209: RestartIOTest.ReadRejectsDifferentMeshWithSameCounts .....................................................   Passed    0.29 sec
          Start  643: EnergyEquationVariablePropertiesTest.ConvectionUniformFieldMatchesScalarOverloadExactly
 440/1263 Test  #643: EnergyEquationVariablePropertiesTest.ConvectionUniformFieldMatchesScalarOverloadExactly ..................   Passed    0.10 sec
          Start  435: TurbulenceCaseTest.RejectsNeitherInitialEpsilonNorInitialOmega
 441/1263 Test  #640: EnergyEquationVariablePropertiesTest.DiffusionBoundaryFaceUsesOwnerConductivityDirectly ..................   Passed    0.19 sec
          Start 1256: SinglePhaseEquivalenceTest.EqualPhasePropertiesDecoupleMomentumFromAlpha
 442/1263 Test  #134: SparseMatrixTest.RepeatedMultiplyIsBitIdenticalRegardlessOfOpenMPThreadCount .............................   Passed    0.18 sec
          Start  823: SpeciesEquationDiffusionTest.ConstantConcentrationGivesZeroContributionEverywhere
 443/1263 Test #1256: SinglePhaseEquivalenceTest.EqualPhasePropertiesDecoupleMomentumFromAlpha .................................   Passed    0.16 sec
          Start  826: SpeciesEquationConvectionTest.PositiveInternalFluxSelectsOwnerNegativeSelectsNeighbor
 444/1263 Test  #823: SpeciesEquationDiffusionTest.ConstantConcentrationGivesZeroContributionEverywhere ........................   Passed    0.17 sec
          Start  975: ProbeScalarTest.ReturnsTheNearestCellsValue
 445/1263 Test  #826: SpeciesEquationConvectionTest.PositiveInternalFluxSelectsOwnerNegativeSelectsNeighbor ....................   Passed    0.04 sec
          Start  780: SSTEquationTest.F1ApproachesOneVeryNearAWall
 446/1263 Test  #435: TurbulenceCaseTest.RejectsNeitherInitialEpsilonNorInitialOmega ...........................................   Passed    0.25 sec
          Start  847: SpeciesSolverTest.InvalidConfigurationForZeroOuterMaxIterations
 447/1263 Test  #421: TurbulenceCaseTest.ExplicitLaminarModelAcceptsInitialOmegaToo ............................................   Passed    0.40 sec
          Start  977: SampleLineTest.HorizontalLineTracksTheXCoordinateField
 448/1263 Test  #975: ProbeScalarTest.ReturnsTheNearestCellsValue ..............................................................   Passed    0.13 sec
          Start  984: SampleVectorFieldTest.StrideNSamplesEveryNthCellById
 449/1263 Test  #977: SampleLineTest.HorizontalLineTracksTheXCoordinateField ...................................................   Passed    0.09 sec
          Start  836: SpeciesEquationAssemblyTest.NonFiniteConcentrationAtGradientBoundaryThrowsNumericalError
 450/1263 Test  #847: SpeciesSolverTest.InvalidConfigurationForZeroOuterMaxIterations ..........................................   Passed    0.15 sec
          Start  774: SSTEquationTest.CrossDiffusionSourceVanishesAtF1EqualsOne
 451/1263 Test  #836: SpeciesEquationAssemblyTest.NonFiniteConcentrationAtGradientBoundaryThrowsNumericalError .................   Passed    0.05 sec
          Start  923: CompressibleContinuityTest.MismatchedMassFluxSizeThrows
 452/1263 Test  #774: SSTEquationTest.CrossDiffusionSourceVanishesAtF1EqualsOne ................................................   Passed    0.05 sec
          Start  425: TurbulenceCaseTest.InletPatchGetsFixedKAndEpsilonFromCaseConfig
 453/1263 Test  #780: SSTEquationTest.F1ApproachesOneVeryNearAWall .............................................................   Passed    0.26 sec
          Start 1204: RestartIOTest.ReadRejectsMissingFile
 454/1263 Test  #984: SampleVectorFieldTest.StrideNSamplesEveryNthCellById .....................................................   Passed    0.15 sec
          Start 1133: PISOTurbulenceTest.ElevatedEddyViscosityChangesPredictedState
 455/1263 Test  #923: CompressibleContinuityTest.MismatchedMassFluxSizeThrows ..................................................   Passed    0.18 sec
          Start  675: InterfaceConductanceTest.RejectsNonPositiveConductivity
 456/1263 Test #1204: RestartIOTest.ReadRejectsMissingFile .....................................................................   Passed    0.29 sec
          Start  820: SpeciesPropertiesTest.TwoIndependentSpeciesKeepSeparateIdentityAndDiffusivity
 457/1263 Test #1133: PISOTurbulenceTest.ElevatedEddyViscosityChangesPredictedState ............................................   Passed    0.29 sec
          Start  752: KOmegaModelTest.RejectsInvalidCoefficients
 458/1263 Test  #675: InterfaceConductanceTest.RejectsNonPositiveConductivity ..................................................   Passed    0.21 sec
          Start  875: VolumeFractionTransportEquationTest.RepeatedAssemblyIsDeterministic
 459/1263 Test  #820: SpeciesPropertiesTest.TwoIndependentSpeciesKeepSeparateIdentityAndDiffusivity ............................   Passed    0.15 sec
          Start  893: IdealGasEOSTest.RejectsNonFinitePressureOrTemperature
 460/1263 Test  #425: TurbulenceCaseTest.InletPatchGetsFixedKAndEpsilonFromCaseConfig ..........................................   Passed    0.51 sec
          Start  979: ProbeScalarRawTest.MatchesMeshBasedProbeOnEquivalentData
 461/1263 Test  #875: VolumeFractionTransportEquationTest.RepeatedAssemblyIsDeterministic ......................................   Passed    0.18 sec
          Start  972: Vorticity2DTest.UniformFlowHasZeroVorticity
 462/1263 Test  #752: KOmegaModelTest.RejectsInvalidCoefficients ...............................................................   Passed    0.27 sec
          Start  434: TurbulenceCaseTest.RejectsBothInitialEpsilonAndInitialOmega
 463/1263 Test  #979: ProbeScalarRawTest.MatchesMeshBasedProbeOnEquivalentData .................................................   Passed    0.12 sec
          Start  911: EvaluateDensityFieldTest.UniformStateGivesUniformDensity
 464/1263 Test  #972: Vorticity2DTest.UniformFlowHasZeroVorticity ..............................................................   Passed    0.09 sec
          Start  840: ConcentrationBoundsTest.ReportsMinAndMax
 465/1263 Test  #893: IdealGasEOSTest.RejectsNonFinitePressureOrTemperature ....................................................   Passed    0.20 sec
          Start  788: SSTEquationTest.ProductionLimiterLimitedBranch
 466/1263 Test  #911: EvaluateDensityFieldTest.UniformStateGivesUniformDensity .................................................   Passed    0.04 sec
          Start  757: KOmegaModelTest.EffectiveViscosityEqualsMolecularPlusTurbulent
 467/1263 Test  #840: ConcentrationBoundsTest.ReportsMinAndMax .................................................................   Passed    0.16 sec
          Start  621: EnergyEquationConvectionTest.BoundaryInflowUsesBoundaryValueOnRhs
 468/1263 Test  #757: KOmegaModelTest.EffectiveViscosityEqualsMolecularPlusTurbulent ...........................................   Passed    0.17 sec
          Start  857: TwoPhaseSystemTest.MixtureDensityAtCanonicalAlphaValues
 469/1263 Test  #788: SSTEquationTest.ProductionLimiterLimitedBranch ...........................................................   Passed    0.20 sec
          Start  988: SampleVectorFieldRawTest.RejectsZeroStride
 470/1263 Test  #621: EnergyEquationConvectionTest.BoundaryInflowUsesBoundaryValueOnRhs ........................................   Passed    0.20 sec
          Start  781: SSTEquationTest.F1ApproachesZeroFarFromAWallWithLowViscosityRatio
 471/1263 Test  #857: TwoPhaseSystemTest.MixtureDensityAtCanonicalAlphaValues ..................................................   Passed    0.18 sec
          Start  512: CSVWriterTest.MismatchedSpeciesSizeThrows
 472/1263 Test  #988: SampleVectorFieldRawTest.RejectsZeroStride ...............................................................   Passed    0.17 sec
          Start  967: AutomaticContourLevelsTest.IgnoresNonFiniteSamples
 473/1263 Test  #434: TurbulenceCaseTest.RejectsBothInitialEpsilonAndInitialOmega ..............................................   Passed    0.48 sec
          Start 1252: PhaseConservationTest.ClosedDomainConservesPhaseVolumeOverManySteps
 474/1263 Test  #512: CSVWriterTest.MismatchedSpeciesSizeThrows ................................................................   Passed    0.07 sec
          Start  894: IdealGasEOSTest.RejectsNonPositiveGasConstant
 475/1263 Test  #967: AutomaticContourLevelsTest.IgnoresNonFiniteSamples .......................................................   Passed    0.16 sec
          Start 1241: SpeciesConservationTest.ClosedZeroFluxDomainWithConvectionAlsoConservesForAnyField
 476/1263 Test #1252: PhaseConservationTest.ClosedDomainConservesPhaseVolumeOverManySteps ......................................   Passed    0.17 sec
          Start  769: SSTEquationTest.BlendAtQuarterWeightingMatchesHandDerivedValue
 477/1263 Test  #781: SSTEquationTest.F1ApproachesZeroFarFromAWallWithLowViscosityRatio ........................................   Passed    0.27 sec
          Start  671: ThermalRegionMapTest.RejectsOutOfRangeRegionIndex
 478/1263 Test  #769: SSTEquationTest.BlendAtQuarterWeightingMatchesHandDerivedValue ...........................................   Passed    0.06 sec
          Start  754: KOmegaModelTest.CorrectRejectsMismatchedVelocitySize
 479/1263 Test  #894: IdealGasEOSTest.RejectsNonPositiveGasConstant ............................................................   Passed    0.21 sec
          Start  797: SSTModelTest.RejectsInvalidCoefficients
 480/1263 Test #1241: SpeciesConservationTest.ClosedZeroFluxDomainWithConvectionAlsoConservesForAnyField .......................   Passed    0.16 sec
          Start  777: SSTEquationTest.CrossDiffusionSourceCanBeNegative
 481/1263 Test  #777: SSTEquationTest.CrossDiffusionSourceCanBeNegative ........................................................   Passed    0.10 sec
          Start  848: SpeciesSolverTest.NonFiniteStateForNonFiniteInitialConcentration
 482/1263 Test  #671: ThermalRegionMapTest.RejectsOutOfRangeRegionIndex ........................................................   Passed    0.21 sec
          Start  833: SpeciesEquationAssemblyTest.ProducesCorrectDimensions
 483/1263 Test  #754: KOmegaModelTest.CorrectRejectsMismatchedVelocitySize .....................................................   Passed    0.21 sec
          Start  751: KOmegaModelTest.RejectsInvalidInitialOmega
 484/1263 Test  #797: SSTModelTest.RejectsInvalidCoefficients ..................................................................   Passed    0.21 sec
          Start  885: VolumeFractionSolverTest.NonFiniteStateForNonFiniteAlphaOld
 485/1263 Test  #848: SpeciesSolverTest.NonFiniteStateForNonFiniteInitialConcentration .........................................   Passed    0.11 sec
          Start  771: SSTEquationTest.BlendingIsExactForMultipleCoefficients
 486/1263 Test  #833: SpeciesEquationAssemblyTest.ProducesCorrectDimensions ....................................................   Passed    0.11 sec
          Start  535: VTKWriterTest.OmitsTemperatureBlockWhenNotProvided
 487/1263 Test  #885: VolumeFractionSolverTest.NonFiniteStateForNonFiniteAlphaOld ..............................................   Passed    0.17 sec
          Start 1248: UniformAlphaPreservationTest.ZeroVelocityPreservesANonUniformFieldOverManySteps
 488/1263 Test  #771: SSTEquationTest.BlendingIsExactForMultipleCoefficients ...................................................   Passed    0.13 sec
          Start 1240: SpeciesConservationTest.ClosedZeroFluxDomainConservesSpeciesForAnyArbitraryField
 489/1263 Test  #751: KOmegaModelTest.RejectsInvalidInitialOmega ...............................................................   Passed    0.24 sec
          Start  965: AutomaticContourLevelsTest.ProducesEvenlySpacedInteriorLevels
 490/1263 Test #1248: UniformAlphaPreservationTest.ZeroVelocityPreservesANonUniformFieldOverManySteps ..........................   Passed    0.15 sec
          Start  374: CaseWriterTest.ThermalTurbulenceBuoyancyRoundTrip
 491/1263 Test #1240: SpeciesConservationTest.ClosedZeroFluxDomainConservesSpeciesForAnyArbitraryField .........................   Passed    0.15 sec
          Start  765: SSTEquationTest.Alpha2MatchesHandDerivedValue
 492/1263 Test  #965: AutomaticContourLevelsTest.ProducesEvenlySpacedInteriorLevels ............................................   Passed    0.15 sec
          Start  807: TurbulenceModelFactoryTest.KEpsilonNameCreatesKEpsilonModel
 493/1263 Test  #535: VTKWriterTest.OmitsTemperatureBlockWhenNotProvided .......................................................   Passed    0.42 sec
          Start  772: SSTEquationTest.CrossDiffusionCoefficientMatchesHandDerivedExample
 494/1263 Test  #374: CaseWriterTest.ThermalTurbulenceBuoyancyRoundTrip ........................................................   Passed    0.20 sec
          Start  327: BoussinesqBuoyancyTest.SourceIsLinearInTemperatureDeviation
 495/1263 Test  #765: SSTEquationTest.Alpha2MatchesHandDerivedValue ............................................................   Passed    0.18 sec
          Start  912: EvaluateDensityFieldTest.MismatchedSizeThrows
 496/1263 Test  #807: TurbulenceModelFactoryTest.KEpsilonNameCreatesKEpsilonModel ..............................................   Passed    0.18 sec
          Start  915: CompressibleMassFluxTest.InternalFaceUsesArithmeticMeanDensity
 497/1263 Test  #772: SSTEquationTest.CrossDiffusionCoefficientMatchesHandDerivedExample .......................................   Passed    0.07 sec
          Start  431: TurbulenceCaseTest.SSTInletPatchGetsFixedKAndOmegaFromCaseConfig
 498/1263 Test  #912: EvaluateDensityFieldTest.MismatchedSizeThrows ............................................................   Passed    0.12 sec
          Start  902: ThermodynamicPropertiesTest.RejectsCpNotGreaterThanR
 499/1263 Test  #915: CompressibleMassFluxTest.InternalFaceUsesArithmeticMeanDensity ...........................................   Passed    0.12 sec
          Start  612: ThermalPropertiesTest.ThermalDiffusivityRejectsNegativeDensity
 500/1263 Test  #327: BoussinesqBuoyancyTest.SourceIsLinearInTemperatureDeviation ..............................................   Passed    0.22 sec
          Start  736: KEpsilonModelTest.ConvergenceResidualIsNulloptBeforeFirstCorrect
 501/1263 Test  #902: ThermodynamicPropertiesTest.RejectsCpNotGreaterThanR .....................................................   Passed    0.19 sec
          Start  860: TwoPhaseSystemTest.RejectsNonFiniteAlpha
 502/1263 Test  #612: ThermalPropertiesTest.ThermalDiffusivityRejectsNegativeDensity ...........................................   Passed    0.20 sec
          Start  703: LaminarModelTest.CorrectLeavesTurbulentViscosityZero
 503/1263 Test  #703: LaminarModelTest.CorrectLeavesTurbulentViscosityZero .....................................................   Passed    0.13 sec
          Start  684: TurbulenceModelTest.ModelNameIsAccessible
 504/1263 Test  #736: KEpsilonModelTest.ConvergenceResidualIsNulloptBeforeFirstCorrect .........................................   Passed    0.31 sec
          Start  231: WallOmegaTest.RepeatedEvaluationIsDeterministic
 505/1263 Test  #860: TwoPhaseSystemTest.RejectsNonFiniteAlpha .................................................................   Passed    0.21 sec
          Start  659: ThermalSolverTest.NonFiniteStateForNonFiniteInitialTemperature
 506/1263 Test  #431: TurbulenceCaseTest.SSTInletPatchGetsFixedKAndOmegaFromCaseConfig .........................................   Passed    0.54 sec
          Start  974: NearestCellTest.FindsTheCellWhoseCentroidIsClosest
 507/1263 Test  #231: WallOmegaTest.RepeatedEvaluationIsDeterministic ..........................................................   Passed    0.18 sec
          Start  775: SSTEquationTest.CrossDiffusionSourceIsFullWeightAtF1EqualsZero
 508/1263 Test  #974: NearestCellTest.FindsTheCellWhoseCentroidIsClosest .......................................................   Passed    0.16 sec
          Start  919: CompressibleContinuityTest.TimeOnlyImbalanceWithZeroFlux
 509/1263 Test  #659: ThermalSolverTest.NonFiniteStateForNonFiniteInitialTemperature ...........................................   Passed    0.22 sec
          Start  929: CompressibleMomentumComponentTest.ConstantDensityReproducesTransientMomentumExactly
 510/1263 Test  #684: TurbulenceModelTest.ModelNameIsAccessible ................................................................   Passed    0.27 sec
          Start  858: TwoPhaseSystemTest.MixtureViscosityAtCanonicalAlphaValues
 511/1263 Test  #775: SSTEquationTest.CrossDiffusionSourceIsFullWeightAtF1EqualsZero ...........................................   Passed    0.08 sec
          Start  800: SSTModelTest.CorrectProducesPositiveFiniteFieldsForARealFlow
 512/1263 Test  #919: CompressibleContinuityTest.TimeOnlyImbalanceWithZeroFlux .................................................   Passed    0.12 sec
          Start  985: SampleVectorFieldTest.RejectsZeroStride
 513/1263 Test  #929: CompressibleMomentumComponentTest.ConstantDensityReproducesTransientMomentumExactly ......................   Passed    0.12 sec
          Start  349: TabulatedPropertyTest.RejectsNonFiniteEntries
 514/1263 Test  #858: TwoPhaseSystemTest.MixtureViscosityAtCanonicalAlphaValues ................................................   Passed    0.17 sec
          Start  135: SparseMatrixBuilderTest.ReserveDoesNotChangeTheAssembledMatrix
 515/1263 Test  #985: SampleVectorFieldTest.RejectsZeroStride ..................................................................   Passed    0.16 sec
          Start  916: CompressibleMassFluxTest.BoundaryFaceUsesOwnerCellsOwnDensity
 516/1263 Test  #800: SSTModelTest.CorrectProducesPositiveFiniteFieldsForARealFlow .............................................   Passed    0.27 sec
          Start  711: TurbulenceProductionTest.ZeroShearGivesZeroProductionEverywhere
 517/1263 Test  #349: TabulatedPropertyTest.RejectsNonFiniteEntries ............................................................   Passed    0.24 sec
          Start  870: VolumeFractionConvectionTest.MismatchedMassFluxSizeThrows
 518/1263 Test  #135: SparseMatrixBuilderTest.ReserveDoesNotChangeTheAssembledMatrix ...........................................   Passed    0.19 sec
          Start  437: TurbulenceCaseTest.RejectsKOmegaModelWithInitialEpsilonOnly
 519/1263 Test  #916: CompressibleMassFluxTest.BoundaryFaceUsesOwnerCellsOwnDensity ............................................   Passed    0.18 sec
          Start  831: SpeciesEquationSourceTest.RejectsNonFiniteSource
 520/1263 Test  #870: VolumeFractionConvectionTest.MismatchedMassFluxSizeThrows ................................................   Passed    0.17 sec
          Start  749: KOmegaModelTest.ConstructionIsDeterministicAcrossInstances
 521/1263 Test  #711: TurbulenceProductionTest.ZeroShearGivesZeroProductionEverywhere ..........................................   Passed    0.26 sec
          Start  862: EvaluateMixtureFieldTest.EvaluatesEveryCellFromItsOwnAlpha
 522/1263 Test  #749: KOmegaModelTest.ConstructionIsDeterministicAcrossInstances ...............................................   Passed    0.05 sec
          Start  853: PhasePropertiesTest.RejectsZeroOrNegativeViscosity
 523/1263 Test  #831: SpeciesEquationSourceTest.RejectsNonFiniteSource .........................................................   Passed    0.17 sec
          Start  890: IdealGasEOSTest.DoublingPressureAtFixedTemperatureDoublesDensity
 524/1263 Test  #862: EvaluateMixtureFieldTest.EvaluatesEveryCellFromItsOwnAlpha ...............................................   Passed    0.14 sec
          Start  960: MarchingSquaresTest.LevelOutsideRangeProducesNoSegments
 525/1263 Test  #853: PhasePropertiesTest.RejectsZeroOrNegativeViscosity .......................................................   Passed    0.13 sec
          Start  522: JSONWriterTest.ThermalEnabledIsFalseByDefault
 526/1263 Test  #890: IdealGasEOSTest.DoublingPressureAtFixedTemperatureDoublesDensity .........................................   Passed    0.18 sec
          Start  844: SpeciesSolverTest.InvalidConfigurationForMismatchedMassFluxSize
 527/1263 Test  #437: TurbulenceCaseTest.RejectsKOmegaModelWithInitialEpsilonOnly ..............................................   Passed    0.48 sec
          Start  882: VolumeFractionSolverTest.InvalidConfigurationForMismatchedAlphaSize
 528/1263 Test  #960: MarchingSquaresTest.LevelOutsideRangeProducesNoSegments ..................................................   Passed    0.15 sec
          Start  976: ProbeScalarTest.MismatchedFieldSizeThrows
 529/1263 Test  #522: JSONWriterTest.ThermalEnabledIsFalseByDefault ............................................................   Passed    0.15 sec
          Start  227: WallOmegaTest.TypeAndNameAreSSTSpecific
 530/1263 Test  #844: SpeciesSolverTest.InvalidConfigurationForMismatchedMassFluxSize ..........................................   Passed    0.16 sec
          Start  470: SpeciesCaseTest.RejectsMissingValueForConcentrationBoundary
 531/1263 Test  #882: VolumeFractionSolverTest.InvalidConfigurationForMismatchedAlphaSize ......................................   Passed    0.17 sec
          Start  825: SpeciesEquationDiffusionTest.MismatchedConcentrationSizeThrows
 532/1263 Test  #976: ProbeScalarTest.MismatchedFieldSizeThrows ................................................................   Passed    0.16 sec
          Start  759: WallDistanceTest.HandDerivedDistanceNearBottomWall
 533/1263 Test  #227: WallOmegaTest.TypeAndNameAreSSTSpecific ..................................................................   Passed    0.18 sec
          Start  543: VTKWriterTest.NonFiniteSpeciesThrows
 534/1263 Test  #825: SpeciesEquationDiffusionTest.MismatchedConcentrationSizeThrows ...........................................   Passed    0.16 sec
          Start  981: SampleLineRawTest.MatchesMeshBasedSampleLineOnEquivalentData
 535/1263 Test  #759: WallDistanceTest.HandDerivedDistanceNearBottomWall .......................................................   Passed    0.26 sec
          Start  710: TurbulenceProductionTest.HandDerivedShearProductionMatchesExactly
 536/1263 Test  #543: VTKWriterTest.NonFiniteSpeciesThrows .....................................................................   Passed    0.26 sec
          Start  678: RegionAwareThermalDiffusionTest.InterfaceCoefficientMatchesHandDerivedExample
 537/1263 Test  #470: SpeciesCaseTest.RejectsMissingValueForConcentrationBoundary ..............................................   Passed    0.36 sec
          Start  467: SpeciesCaseTest.RejectsPatchMissingOneDeclaredSpecies
 538/1263 Test  #981: SampleLineRawTest.MatchesMeshBasedSampleLineOnEquivalentData .............................................   Passed    0.17 sec
          Start  739: KOmegaEquationTest.LinearEffectiveDiffusivityMatchesHandDerivedExample
 539/1263 Test  #739: KOmegaEquationTest.LinearEffectiveDiffusivityMatchesHandDerivedExample ...................................   Passed    0.15 sec
          Start  747: KOmegaModelTest.FieldsSizedToMeshAtConstruction
 540/1263 Test  #710: TurbulenceProductionTest.HandDerivedShearProductionMatchesExactly ........................................   Passed    0.22 sec
          Start  267: VectorGradientTest.LinearShearFieldIsExactEverywhere
 541/1263 Test  #678: RegionAwareThermalDiffusionTest.InterfaceCoefficientMatchesHandDerivedExample ............................   Passed    0.22 sec
          Start  644: EnergyEquationVariablePropertiesTest.ConvectionUsesUpwindCellsOwnSpecificHeat
 542/1263 Test  #267: VectorGradientTest.LinearShearFieldIsExactEverywhere .....................................................   Passed    0.22 sec
          Start  896: IdealGasEOSTest.DDensityDPressureMatchesAnalyticalFormula
 543/1263 Test  #644: EnergyEquationVariablePropertiesTest.ConvectionUsesUpwindCellsOwnSpecificHeat ............................   Passed    0.22 sec
          Start  742: KOmegaEquationTest.LinearEffectiveDiffusivityRejectsInvalidInputs
 544/1263 Test  #747: KOmegaModelTest.FieldsSizedToMeshAtConstruction ..........................................................   Passed    0.28 sec
          Start  428: TurbulenceCaseTest.KOmegaInletPatchGetsFixedKAndOmegaFromCaseConfig
 545/1263 Test  #742: KOmegaEquationTest.LinearEffectiveDiffusivityRejectsInvalidInputs ........................................   Passed    0.05 sec
          Start  786: SSTEquationTest.TurbulentViscosityRejectsInvalidInputs
 546/1263 Test  #467: SpeciesCaseTest.RejectsPatchMissingOneDeclaredSpecies ....................................................   Passed    0.52 sec
          Start  869: VolumeFractionConvectionTest.MismatchedAlphaSizeThrows
 547/1263 Test  #428: TurbulenceCaseTest.KOmegaInletPatchGetsFixedKAndOmegaFromCaseConfig ......................................   Passed    0.08 sec
          Start  738: KOmegaCoefficientsTest.DefaultsMatchStandardModel
 548/1263 Test  #896: IdealGasEOSTest.DDensityDPressureMatchesAnalyticalFormula ................................................   Passed    0.17 sec
          Start  880: VolumeFractionSolverTest.ZeroVelocityPreservesAlphaThroughAnActualSolve
 549/1263 Test  #880: VolumeFractionSolverTest.ZeroVelocityPreservesAlphaThroughAnActualSolve ..................................   Passed    0.07 sec
          Start  978: SampleLineTest.RejectsTooFewSamples
 550/1263 Test  #869: VolumeFractionConvectionTest.MismatchedAlphaSizeThrows ...................................................   Passed    0.16 sec
          Start  217: HeatFluxTest.RepeatedEvaluationIsDeterministic
 551/1263 Test  #786: SSTEquationTest.TurbulentViscosityRejectsInvalidInputs ...................................................   Passed    0.19 sec
          Start 1207: RestartIOTest.ReadRejectsMissingRequiredField
 552/1263 Test  #738: KOmegaCoefficientsTest.DefaultsMatchStandardModel ........................................................   Passed    0.17 sec
          Start  971: Vorticity2DTest.SolidBodyRotationMatchesAnalyticalConstantAwayFromBoundaries
 553/1263 Test  #971: Vorticity2DTest.SolidBodyRotationMatchesAnalyticalConstantAwayFromBoundaries .............................   Passed    0.08 sec
          Start  969: FieldStatisticsTest.EmptyFieldReportsNoData
 554/1263 Test  #978: SampleLineTest.RejectsTooFewSamples ......................................................................   Passed    0.15 sec
          Start  697: EffectiveViscosityTest.RejectsNonFiniteMolecularViscosity
 555/1263 Test  #217: HeatFluxTest.RepeatedEvaluationIsDeterministic ...........................................................   Passed    0.16 sec
          Start  821: SpeciesEquationDiffusionTest.TwoCellSystemMatchesHandDerivedCoefficients
 556/1263 Test  #969: FieldStatisticsTest.EmptyFieldReportsNoData ..............................................................   Passed    0.16 sec
          Start  224: WallOmegaTest.IgnoresOwnerValue
 557/1263 Test #1207: RestartIOTest.ReadRejectsMissingRequiredField ............................................................   Passed    0.30 sec
          Start  744: KOmegaEquationTest.KSourceMatchesHandDerivedExample
 558/1263 Test  #821: SpeciesEquationDiffusionTest.TwoCellSystemMatchesHandDerivedCoefficients .................................   Passed    0.17 sec
          Start  680: RegionAwareThermalDiffusionTest.MismatchedTemperatureSizeThrows
 559/1263 Test  #744: KOmegaEquationTest.KSourceMatchesHandDerivedExample ......................................................   Passed    0.07 sec
          Start  841: ConcentrationBoundsTest.DoesNotModifyTheField
 560/1263 Test  #697: EffectiveViscosityTest.RejectsNonFiniteMolecularViscosity ................................................   Passed    0.28 sec
          Start  834: SpeciesEquationAssemblyTest.MismatchedConcentrationSizeThrows
 561/1263 Test  #224: WallOmegaTest.IgnoresOwnerValue ..........................................................................   Passed    0.17 sec
          Start  706: LaminarModelTest.ConstructionIsDeterministicAcrossInstances
 562/1263 Test  #841: ConcentrationBoundsTest.DoesNotModifyTheField ............................................................   Passed    0.11 sec
          Start  802: SSTModelTest.EffectiveViscosityEqualsMolecularPlusTurbulent
 563/1263 Test  #834: SpeciesEquationAssemblyTest.MismatchedConcentrationSizeThrows ............................................   Passed    0.11 sec
          Start  986: SampleVectorFieldTest.MismatchedSizeThrows
 564/1263 Test  #680: RegionAwareThermalDiffusionTest.MismatchedTemperatureSizeThrows ..........................................   Passed    0.20 sec
          Start  987: SampleVectorFieldRawTest.MatchesMeshBasedSamplingOnEquivalentData
 565/1263 Test  #986: SampleVectorFieldTest.MismatchedSizeThrows ...............................................................   Passed    0.14 sec
          Start  330: BoussinesqBuoyancyTest.DoublingCellVolumeDoublesIntegratedSource
 566/1263 Test  #706: LaminarModelTest.ConstructionIsDeterministicAcrossInstances ..............................................   Passed    0.23 sec
          Start  645: EnergyEquationVariablePropertiesTest.ConvectionSwitchesToNeighborsSpecificHeatWhenItIsUpwind
 567/1263 Test  #802: SSTModelTest.EffectiveViscosityEqualsMolecularPlusTurbulent ..............................................   Passed    0.19 sec
          Start  877: PhaseVolumeTest.MatchesHandDerivedSum
 568/1263 Test  #987: SampleVectorFieldRawTest.MatchesMeshBasedSamplingOnEquivalentData ........................................   Passed    0.17 sec
          Start  721: KEpsilonEquationTest.PureDiffusionConstantFieldGivesZeroResidual
 569/1263 Test  #877: PhaseVolumeTest.MatchesHandDerivedSum ....................................................................   Passed    0.19 sec
          Start  713: TurbulenceProductionTest.MismatchedFieldSizeThrows
 570/1263 Test  #645: EnergyEquationVariablePropertiesTest.ConvectionSwitchesToNeighborsSpecificHeatWhenItIsUpwind .............   Passed    0.22 sec
          Start  796: SSTModelTest.RejectsInvalidInitialOmega
 571/1263 Test  #330: BoussinesqBuoyancyTest.DoublingCellVolumeDoublesIntegratedSource .........................................   Passed    0.25 sec
          Start  220: AdiabaticTest.TypeAndNameAreThermalSpecific
 572/1263 Test  #796: SSTModelTest.RejectsInvalidInitialOmega ..................................................................   Passed    0.06 sec
          Start 1216: RestartResumeTest.ResumedTransientSolverContinuesFromSnapshotStateAndTime
 573/1263 Test  #721: KEpsilonEquationTest.PureDiffusionConstantFieldGivesZeroResidual .........................................   Passed    0.27 sec
          Start  980: ProbeScalarRawTest.RejectsMismatchedSizes
 574/1263 Test  #713: TurbulenceProductionTest.MismatchedFieldSizeThrows .......................................................   Passed    0.12 sec
          Start  815: SpeciesPropertiesTest.StoresNameAndDiffusivity
 575/1263 Test  #220: AdiabaticTest.TypeAndNameAreThermalSpecific ..............................................................   Passed    0.16 sec
          Start  708: LaminarModelTest.PolymorphicUseThroughBaseInterfaceWorks
 576/1263 Test  #980: ProbeScalarRawTest.RejectsMismatchedSizes ................................................................   Passed    0.16 sec
          Start  442: TurbulenceCaseTest.RejectsOmegaRelaxationWithoutInitialOmega
 577/1263 Test  #815: SpeciesPropertiesTest.StoresNameAndDiffusivity ...........................................................   Passed    0.17 sec
          Start  762: WallDistanceTest.EveryCellDistanceIsFiniteAndPositive
 578/1263 Test #1216: RestartResumeTest.ResumedTransientSolverContinuesFromSnapshotStateAndTime ................................   Passed    0.31 sec
          Start  268: VectorGradientTest.UniformVelocityGivesZeroGradientEverywhere
 579/1263 Test  #708: LaminarModelTest.PolymorphicUseThroughBaseInterfaceWorks .................................................   Passed    0.23 sec
          Start  730: KEpsilonModelTest.RejectsInvalidInitialK
 580/1263 Test  #762: WallDistanceTest.EveryCellDistanceIsFiniteAndPositive ....................................................   Passed    0.15 sec
          Start  983: SampleVectorFieldTest.StrideOneSamplesEveryCell
 581/1263 Test  #268: VectorGradientTest.UniformVelocityGivesZeroGradientEverywhere ............................................   Passed    0.20 sec
          Start  655: ThermalSolverTest.LinearSolveFailureWhenInnerSolverIsStarved
 582/1263 Test  #983: SampleVectorFieldTest.StrideOneSamplesEveryCell ..........................................................   Passed    0.16 sec
          Start  970: VelocityMagnitudeTest.MatchesPythagoreanFormula
 583/1263 Test  #730: KEpsilonModelTest.RejectsInvalidInitialK .................................................................   Passed    0.27 sec
          Start  229: WallOmegaTest.RejectsInvalidBeta1
 584/1263 Test  #442: TurbulenceCaseTest.RejectsOmegaRelaxationWithoutInitialOmega .............................................   Passed    0.50 sec
          Start  959: MarchingSquaresTest.ConstantFieldProducesNoSegments
 585/1263 Test  #970: VelocityMagnitudeTest.MatchesPythagoreanFormula ..........................................................   Passed    0.16 sec
          Start  444: TurbulenceCaseTest.RejectsUnknownKey
 586/1263 Test  #655: ThermalSolverTest.LinearSolveFailureWhenInnerSolverIsStarved .............................................   Passed    0.21 sec
          Start  818: SpeciesPropertiesTest.RejectsNegativeDiffusivity
 587/1263 Test  #229: WallOmegaTest.RejectsInvalidBeta1 ........................................................................   Passed    0.17 sec
          Start  799: SSTModelTest.CorrectRejectsMismatchedVelocitySize
 588/1263 Test  #959: MarchingSquaresTest.ConstantFieldProducesNoSegments ......................................................   Passed    0.15 sec
          Start  228: WallOmegaTest.RejectsInvalidKinematicViscosity
 589/1263 Test  #818: SpeciesPropertiesTest.RejectsNegativeDiffusivity .........................................................   Passed    0.18 sec
          Start  214: HeatFluxTest.RejectsInvalidConductivity
 590/1263 Test  #228: WallOmegaTest.RejectsInvalidKinematicViscosity ...........................................................   Passed    0.18 sec
          Start  982: NearestIndexTest.EmptyPointsReturnsNullopt
 591/1263 Test  #214: HeatFluxTest.RejectsInvalidConductivity ..................................................................   Passed    0.12 sec
          Start  205: FixedTemperatureTest.TypeAndNameAreThermalSpecific
 592/1263 Test  #799: SSTModelTest.CorrectRejectsMismatchedVelocitySize ........................................................   Passed    0.30 sec
          Start  222: AdiabaticTest.RepeatedEvaluationIsDeterministic
 593/1263 Test  #982: NearestIndexTest.EmptyPointsReturnsNullopt ...............................................................   Passed    0.16 sec
          Start  795: SSTModelTest.RejectsInvalidInitialK
 594/1263 Test  #205: FixedTemperatureTest.TypeAndNameAreThermalSpecific .......................................................   Passed    0.16 sec
          Start  768: SSTEquationTest.BlendAtF1EqualsZeroUsesSetTwoExactly
 595/1263 Test  #222: AdiabaticTest.RepeatedEvaluationIsDeterministic ..........................................................   Passed    0.10 sec
          Start  652: ThermalSolverTest.InvalidConfigurationForMismatchedTemperatureSize
 596/1263 Test  #444: TurbulenceCaseTest.RejectsUnknownKey .....................................................................   Passed    0.54 sec
          Start  632: EnergyEquationAssemblyTest.RejectsNonFiniteHeatSource
 597/1263 Test  #768: SSTEquationTest.BlendAtF1EqualsZeroUsesSetTwoExactly .....................................................   Passed    0.17 sec
          Start  798: SSTModelTest.RejectsNoWallPatches
 598/1263 Test  #795: SSTModelTest.RejectsInvalidInitialK ......................................................................   Passed    0.19 sec
          Start  741: KOmegaEquationTest.LinearEffectiveDiffusivityReducesToMolecularAsMuTVanishes
 599/1263 Test  #652: ThermalSolverTest.InvalidConfigurationForMismatchedTemperatureSize .......................................   Passed    0.17 sec
          Start  695: EffectiveViscosityTest.ZeroTurbulentViscosityGivesJustMolecular
 600/1263 Test  #632: EnergyEquationAssemblyTest.RejectsNonFiniteHeatSource ....................................................   Passed    0.17 sec
          Start  727: KEpsilonModelTest.FieldsSizedToMeshAtConstruction
 601/1263 Test  #741: KOmegaEquationTest.LinearEffectiveDiffusivityReducesToMolecularAsMuTVanishes .............................   Passed    0.16 sec
          Start  790: SSTModelTest.NameIsSST
 602/1263 Test  #798: SSTModelTest.RejectsNoWallPatches ........................................................................   Passed    0.19 sec
          Start  663: ThermalSolverVariablePropertiesTest.InvalidConfigurationForMismatchedTemperatureSize
 603/1263 Test  #695: EffectiveViscosityTest.ZeroTurbulentViscosityGivesJustMolecular ..........................................   Passed    0.18 sec
          Start  700: LaminarModelTest.TurbulentViscosityIsZeroEverywhere
 604/1263 Test  #727: KEpsilonModelTest.FieldsSizedToMeshAtConstruction ........................................................   Passed    0.17 sec
          Start  297: MomentumDiffusionTest.UniformEffectiveViscosityFieldMatchesConstantOverload
 605/1263 Test  #790: SSTModelTest.NameIsSST ...................................................................................   Passed    0.19 sec
          Start  707: LaminarModelTest.EffectiveViscosityRejectsInvalidMolecularViscosity
 606/1263 Test  #700: LaminarModelTest.TurbulentViscosityIsZeroEverywhere ......................................................   Passed    0.18 sec
          Start  839: SpeciesBoundaryConditionTest.ZeroGradientGivesNoDiffusiveFluxThroughAnImpermeableWall
 607/1263 Test  #663: ThermalSolverVariablePropertiesTest.InvalidConfigurationForMismatchedTemperatureSize .....................   Passed    0.21 sec
          Start  208: HeatFluxTest.PositiveFluxGivesHandDerivedNegativeGradient
 608/1263 Test  #297: MomentumDiffusionTest.UniformEffectiveViscosityFieldMatchesConstantOverload ..............................   Passed    0.24 sec
          Start  219: AdiabaticTest.EquivalentToZeroHeatFluxForAnyConductivity
 609/1263 Test  #219: AdiabaticTest.EquivalentToZeroHeatFluxForAnyConductivity .................................................   Passed    0.09 sec
          Start  699: LaminarModelTest.NameIsLaminar
 610/1263 Test  #839: SpeciesBoundaryConditionTest.ZeroGradientGivesNoDiffusiveFluxThroughAnImpermeableWall ....................   Passed    0.17 sec
          Start  221: AdiabaticTest.RejectsInvalidDistance
 611/1263 Test  #208: HeatFluxTest.PositiveFluxGivesHandDerivedNegativeGradient ................................................   Passed    0.17 sec
          Start  206: FixedTemperatureTest.RejectsNonFiniteTemperature
 612/1263 Test  #707: LaminarModelTest.EffectiveViscosityRejectsInvalidMolecularViscosity ......................................   Passed    0.25 sec
          Start  732: KEpsilonModelTest.RejectsInvalidCoefficients
 613/1263 Test  #699: LaminarModelTest.NameIsLaminar ...........................................................................   Passed    0.08 sec
          Start  634: EnergyEquationAssemblyTest.NonFiniteMassFluxThrowsInvalidArgumentError
 614/1263 Test  #206: FixedTemperatureTest.RejectsNonFiniteTemperature .........................................................   Passed    0.11 sec
          Start  609: ThermalPropertiesTest.RejectsNonFiniteConductivity
 615/1263 Test  #221: AdiabaticTest.RejectsInvalidDistance .....................................................................   Passed    0.14 sec
          Start  778: SSTEquationTest.F1RemainsBoundedAcrossRepresentativeStates
 616/1263 Test  #634: EnergyEquationAssemblyTest.NonFiniteMassFluxThrowsInvalidArgumentError ...................................   Passed    0.16 sec
          Start  636: EnergyEquationThermalBCIntegrationTest.FixedTemperatureGivesIdenticalResultToEquivalentFixedValue
 617/1263 Test  #609: ThermalPropertiesTest.RejectsNonFiniteConductivity .......................................................   Passed    0.12 sec
          Start  324: BoussinesqBuoyancyTest.HotCellWithDownwardGravityDrivesFluidUpward
 618/1263 Test  #778: SSTEquationTest.F1RemainsBoundedAcrossRepresentativeStates ...............................................   Passed    0.12 sec
          Start  962: MarchingSquaresTest.RepeatedCallsAreDeterministic
 619/1263 Test  #732: KEpsilonModelTest.RejectsInvalidCoefficients .............................................................   Passed    0.23 sec
          Start  207: FixedTemperatureTest.RepeatedEvaluationIsDeterministic
 620/1263 Test  #962: MarchingSquaresTest.RepeatedCallsAreDeterministic ........................................................   Passed    0.17 sec
          Start  733: KEpsilonModelTest.TurbulentViscosityVanishesAsKVanishes
 621/1263 Test  #636: EnergyEquationThermalBCIntegrationTest.FixedTemperatureGivesIdenticalResultToEquivalentFixedValue ........   Passed    0.22 sec
          Start  763: WallDistanceTest.RejectsNoWallPatches
 622/1263 Test  #207: FixedTemperatureTest.RepeatedEvaluationIsDeterministic ...................................................   Passed    0.17 sec
          Start  226: WallOmegaTest.ExposesKinematicViscosityAndBeta1
 623/1263 Test  #324: BoussinesqBuoyancyTest.HotCellWithDownwardGravityDrivesFluidUpward .......................................   Passed    0.24 sec
          Start  321: BoussinesqBuoyancyTest.ReferenceTemperatureGivesZeroSource
 624/1263 Test  #733: KEpsilonModelTest.TurbulentViscosityVanishesAsKVanishes ..................................................   Passed    0.18 sec
          Start  709: KEpsilonCoefficientsTest.DefaultsMatchStandardModel
 625/1263 Test  #763: WallDistanceTest.RejectsNoWallPatches ....................................................................   Passed    0.19 sec
          Start  758: SSTCoefficientsTest.DefaultsMatchStandardModel
 626/1263 Test  #226: WallOmegaTest.ExposesKinematicViscosityAndBeta1 ..........................................................   Passed    0.18 sec
          Start  968: FieldStatisticsTest.ComputesMinMaxAverageIgnoringNonFinite
 627/1263 Test  #321: BoussinesqBuoyancyTest.ReferenceTemperatureGivesZeroSource ...............................................   Passed    0.22 sec
          Start 1124: PisoTransientIntegrationTest.DirectPisoSequenceMatchesTransientSolverBitIdentical
 628/1263 Test  #709: KEpsilonCoefficientsTest.DefaultsMatchStandardModel ......................................................   Passed    0.19 sec
          Start  789: SSTEquationTest.ProductionLimiterRejectsInvalidFactorOrBetaStar
 629/1263 Test  #758: SSTCoefficientsTest.DefaultsMatchStandardModel ...........................................................   Passed    0.19 sec
          Start  748: KOmegaModelTest.InitializedToConfiguredValuesEverywhere
 630/1263 Test  #968: FieldStatisticsTest.ComputesMinMaxAverageIgnoringNonFinite ...............................................   Passed    0.18 sec
          Start  594: RestartSnapshotTest.DifferentMeshWithSameCellAndFaceCountIsRejectedByFingerprint
 631/1263 Test #1124: PisoTransientIntegrationTest.DirectPisoSequenceMatchesTransientSolverBitIdentical ........................   Passed    0.28 sec
          Start  804: SSTModelTest.NearWallBlendApproachesSSTsOwnInnerCoefficientSet
 632/1263 Test  #789: SSTEquationTest.ProductionLimiterRejectsInvalidFactorOrBetaStar ..........................................   Passed    0.19 sec
          Start  225: WallOmegaTest.SmallerDistanceGivesLargerOmega
 633/1263 Test  #748: KOmegaModelTest.InitializedToConfiguredValuesEverywhere ..................................................   Passed    0.20 sec
          Start  562: TimeControllerTest.AdvanceFromStartingStepContinuesTheAbsoluteStepCount
 634/1263 Test  #804: SSTModelTest.NearWallBlendApproachesSSTsOwnInnerCoefficientSet ...........................................   Passed    0.04 sec
          Start 1206: RestartIOTest.ReadRejectsTruncatedFile
 635/1263 Test  #594: RestartSnapshotTest.DifferentMeshWithSameCellAndFaceCountIsRejectedByFingerprint .........................   Passed    0.21 sec
          Start  761: WallDistanceTest.InletOutletSymmetryAreNeverMistakenForWalls
 636/1263 Test  #562: TimeControllerTest.AdvanceFromStartingStepContinuesTheAbsoluteStepCount ..................................   Passed    0.04 sec
          Start  204: FixedTemperatureTest.StoresAndReturnsExactTemperature
 637/1263 Test  #225: WallOmegaTest.SmallerDistanceGivesLargerOmega ............................................................   Passed    0.15 sec
          Start  689: TurbulenceModelTest.CorrectIsCallable
 638/1263 Test  #204: FixedTemperatureTest.StoresAndReturnsExactTemperature ....................................................   Passed    0.09 sec
          Start  737: KEpsilonModelTest.EffectiveViscosityEqualsMolecularPlusTurbulent
 639/1263 Test  #761: WallDistanceTest.InletOutletSymmetryAreNeverMistakenForWalls .............................................   Passed    0.22 sec
          Start  471: MultiphaseCaseTest.NonMultiphaseFixtureHasNoMultiphaseConfig
 640/1263 Test  #689: TurbulenceModelTest.CorrectIsCallable ....................................................................   Passed    0.13 sec
          Start  755: KOmegaModelTest.CorrectProducesPositiveFiniteFieldsForARealFlow
 641/1263 Test  #737: KEpsilonModelTest.EffectiveViscosityEqualsMolecularPlusTurbulent .........................................   Passed    0.13 sec
          Start  961: MarchingSquaresTest.NonFiniteCellsContributeNoSegments
 642/1263 Test #1206: RestartIOTest.ReadRejectsTruncatedFile ...................................................................   Passed    0.29 sec
          Start 1126: PisoTransientIntegrationTest.ShortenedFinalDtReachesEndTimeWithRealPiso
 643/1263 Test  #961: MarchingSquaresTest.NonFiniteCellsContributeNoSegments ...................................................   Passed    0.16 sec
          Start  717: KEpsilonEquationTest.ImplicitSourceReproducesKDestructionAtSelfConsistency
 644/1263 Test  #717: KEpsilonEquationTest.ImplicitSourceReproducesKDestructionAtSelfConsistency ...............................   Passed    0.08 sec
          Start  215: HeatFluxTest.RejectsNonFiniteHeatFlux
 645/1263 Test  #755: KOmegaModelTest.CorrectProducesPositiveFiniteFieldsForARealFlow ..........................................   Passed    0.29 sec
          Start  617: EnergyEquationDiffusionTest.DiagonalIsFinitePositiveAndNonzero
 646/1263 Test #1126: PisoTransientIntegrationTest.ShortenedFinalDtReachesEndTimeWithRealPiso ..................................   Passed    0.28 sec
          Start  964: MarchingSquaresTest.RejectsMismatchedSizes
 647/1263 Test  #215: HeatFluxTest.RejectsNonFiniteHeatFlux ....................................................................   Passed    0.18 sec
          Start  686: TurbulenceModelTest.PositiveTurbulentViscosityIsAccepted
 648/1263 Test  #964: MarchingSquaresTest.RejectsMismatchedSizes ...............................................................   Passed    0.16 sec
          Start  767: SSTEquationTest.BlendAtF1EqualsOneUsesSetOneExactly
 649/1263 Test  #471: MultiphaseCaseTest.NonMultiphaseFixtureHasNoMultiphaseConfig .............................................   Passed    0.53 sec
          Start  735: KEpsilonModelTest.CorrectProducesPositiveFiniteFieldsForARealFlow
 650/1263 Test  #617: EnergyEquationDiffusionTest.DiagonalIsFinitePositiveAndNonzero ...........................................   Passed    0.22 sec
          Start  724: KEpsilonEquationTest.TransportEquationRejectsSizeMismatch
 651/1263 Test  #767: SSTEquationTest.BlendAtF1EqualsOneUsesSetOneExactly ......................................................   Passed    0.16 sec
          Start  900: IdealGasEOSTest.PressureCorrectionGivesExpectedDensityCorrection
 652/1263 Test  #686: TurbulenceModelTest.PositiveTurbulentViscosityIsAccepted .................................................   Passed    0.19 sec
          Start  685: TurbulenceModelTest.ZeroTurbulentViscosityIsAccepted
 653/1263 Test  #735: KEpsilonModelTest.CorrectProducesPositiveFiniteFieldsForARealFlow ........................................   Passed    0.17 sec
          Start 1125: PisoTransientIntegrationTest.FailedPisoStepIsRejectedAndLeavesAcceptedStateBitIdentical
 654/1263 Test  #724: KEpsilonEquationTest.TransportEquationRejectsSizeMismatch ................................................   Passed    0.17 sec
          Start  209: HeatFluxTest.NegativeFluxGivesPositiveGradient
 655/1263 Test #1145: PoiseuilleValidation.Grid64x8IsDeterministic .............................................................   Passed  149.34 sec
          Start  726: KEpsilonModelTest.NameIsKEpsilon
 656/1263 Test  #900: IdealGasEOSTest.PressureCorrectionGivesExpectedDensityCorrection .........................................   Passed    0.21 sec
          Start  210: HeatFluxTest.ZeroFluxReturnsOwnerValue
 657/1263 Test  #685: TurbulenceModelTest.ZeroTurbulentViscosityIsAccepted .....................................................   Passed    0.23 sec
          Start  597: RestartSnapshotTest.NonFiniteMassFluxIsRejected
 658/1263 Test  #209: HeatFluxTest.NegativeFluxGivesPositiveGradient ...........................................................   Passed    0.21 sec
          Start  423: TurbulenceCaseTest.ParsesOptionalRelaxationOverrides
 659/1263 Test  #726: KEpsilonModelTest.NameIsKEpsilon .........................................................................   Passed    0.20 sec
          Start  605: ThermalPropertiesTest.RejectsZeroConductivity
 660/1263 Test  #210: HeatFluxTest.ZeroFluxReturnsOwnerValue ...................................................................   Passed    0.08 sec
          Start  891: IdealGasEOSTest.DoublingTemperatureAtFixedPressureHalvesDensity
 661/1263 Test #1125: PisoTransientIntegrationTest.FailedPisoStepIsRejectedAndLeavesAcceptedStateBitIdentical ..................   Passed    0.29 sec
          Start  673: InterfaceConductanceTest.MatchesHandDerivedExample
 662/1263 Test  #673: InterfaceConductanceTest.MatchesHandDerivedExample .......................................................   Passed    0.13 sec
          Start  963: MarchingSquaresTest.RejectsGridTooSmall
 663/1263 Test  #597: RestartSnapshotTest.NonFiniteMassFluxIsRejected ..........................................................   Passed    0.22 sec
          Start  702: LaminarModelTest.EffectiveViscosityEqualsMolecularViscosity
 664/1263 Test  #605: ThermalPropertiesTest.RejectsZeroConductivity ............................................................   Passed    0.21 sec
          Start  720: KEpsilonEquationTest.ImplicitSourceRejectsNonFiniteSuOrSp
 665/1263 Test  #891: IdealGasEOSTest.DoublingTemperatureAtFixedPressureHalvesDensity ..........................................   Passed    0.20 sec
          Start  596: RestartSnapshotTest.NonFinitePressureIsRejected
 666/1263 Test  #963: MarchingSquaresTest.RejectsGridTooSmall ..................................................................   Passed    0.17 sec
          Start  734: KEpsilonModelTest.CorrectRejectsMismatchedVelocitySize
 667/1263 Test  #702: LaminarModelTest.EffectiveViscosityEqualsMolecularViscosity ..............................................   Passed    0.19 sec
          Start  589: RestartSnapshotTest.SourceTransientStateIsNotModified
 668/1263 Test  #720: KEpsilonEquationTest.ImplicitSourceRejectsNonFiniteSuOrSp ................................................   Passed    0.19 sec
          Start    8: CFDAppCli_does_not_converge
 669/1263 Test  #734: KEpsilonModelTest.CorrectRejectsMismatchedVelocitySize ...................................................   Passed    0.07 sec
          Start  218: AdiabaticTest.ReturnsOwnerValueUnchanged
 670/1263 Test  #589: RestartSnapshotTest.SourceTransientStateIsNotModified ....................................................   Passed    0.05 sec
          Start  620: EnergyEquationConvectionTest.BoundaryOutflowUsesOwnerUnknownNotBoundaryValue
 671/1263 Test  #596: RestartSnapshotTest.NonFinitePressureIsRejected ..........................................................   Passed    0.23 sec
          Start  230: WallOmegaTest.RejectsInvalidDistance
 672/1263 Test  #423: TurbulenceCaseTest.ParsesOptionalRelaxationOverrides .....................................................   Passed    0.52 sec
          Start  586: RestartSnapshotTest.ValidStateProducesValidSnapshot
 673/1263 Test  #218: AdiabaticTest.ReturnsOwnerValueUnchanged .................................................................   Passed    0.14 sec
          Start   65: MeshFingerprintTest.IsNonEmpty
 674/1263 Test  #230: WallOmegaTest.RejectsInvalidDistance .....................................................................   Passed    0.12 sec
          Start  624: EnergyEquationConvectionTest.MismatchedMassFluxSizeThrows
 675/1263 Test  #620: EnergyEquationConvectionTest.BoundaryOutflowUsesOwnerUnknownNotBoundaryValue .............................   Passed    0.21 sec
          Start  269: VectorGradientTest.MismatchedVelocitySizeThrows
 676/1263 Test  #624: EnergyEquationConvectionTest.MismatchedMassFluxSizeThrows ................................................   Passed    0.09 sec
          Start  740: KOmegaEquationTest.LinearFormDiffersFromKEpsilonReciprocalForm
 677/1263 Test  #586: RestartSnapshotTest.ValidStateProducesValidSnapshot ......................................................   Passed    0.23 sec
          Start  299: MomentumDiffusionTest.MismatchedEffectiveViscosityFieldSizeThrows
 678/1263 Test   #65: MeshFingerprintTest.IsNonEmpty ...........................................................................   Passed    0.17 sec
          Start 1112: PisoTest.RepeatedIdenticalTimestepIsBitIdentical
 679/1263 Test  #269: VectorGradientTest.MismatchedVelocitySizeThrows ..........................................................   Passed    0.22 sec
          Start  366: CaseReaderTest.MalformedManifestJsonThrowsIOError
 680/1263 Test    #8: CFDAppCli_does_not_converge ..............................................................................   Passed    0.56 sec
          Start  599: RestartSnapshotTest.NegativeTimeIsNotRejected
 681/1263 Test  #740: KOmegaEquationTest.LinearFormDiffersFromKEpsilonReciprocalForm ...........................................   Passed    0.29 sec
          Start  213: HeatFluxTest.TypeAndNameAreThermalSpecific
 682/1263 Test  #299: MomentumDiffusionTest.MismatchedEffectiveViscosityFieldSizeThrows ........................................   Passed    0.27 sec
          Start  712: TurbulenceProductionTest.NormalStrainContributesWithFactorTwo
 683/1263 Test #1112: PisoTest.RepeatedIdenticalTimestepIsBitIdentical .........................................................   Passed    0.28 sec
          Start  439: TurbulenceCaseTest.RejectsNonPositiveInitialEpsilon
 684/1263 Test  #213: HeatFluxTest.TypeAndNameAreThermalSpecific ...............................................................   Passed    0.19 sec
          Start  785: SSTEquationTest.TurbulentViscosityStrainDominatedBranch
 685/1263 Test  #599: RestartSnapshotTest.NegativeTimeIsNotRejected ............................................................   Passed    0.23 sec
          Start  725: KEpsilonModelTest.TurbulentViscosityMatchesHandDerivedExample
 686/1263 Test  #712: TurbulenceProductionTest.NormalStrainContributesWithFactorTwo ............................................   Passed    0.26 sec
          Start  859: TwoPhaseSystemTest.DeterministicRepeatedEvaluation
 687/1263 Test  #785: SSTEquationTest.TurbulentViscosityStrainDominatedBranch ..................................................   Passed    0.10 sec
          Start  957: MarchingSquaresTest.LinearFieldPhiEqualsXProducesAVerticalLineAtTheLevel
 688/1263 Test  #725: KEpsilonModelTest.TurbulentViscosityMatchesHandDerivedExample ............................................   Passed    0.09 sec
          Start  595: RestartSnapshotTest.NonFiniteVelocityIsRejected
 689/1263 Test  #439: TurbulenceCaseTest.RejectsNonPositiveInitialEpsilon ......................................................   Passed    0.28 sec
          Start  719: KEpsilonEquationTest.ImplicitSourceAddsToDiagonalAndRhsCorrectly
 690/1263 Test  #366: CaseReaderTest.MalformedManifestJsonThrowsIOError ........................................................   Passed    0.44 sec
          Start  698: EffectiveViscosityTest.RepeatedEvaluationIsDeterministic
 691/1263 Test  #957: MarchingSquaresTest.LinearFieldPhiEqualsXProducesAVerticalLineAtTheLevel .................................   Passed    0.16 sec
          Start  715: KEpsilonEquationTest.EffectiveDiffusivityReducesToMolecularAsMuTVanishes
 692/1263 Test  #859: TwoPhaseSystemTest.DeterministicRepeatedEvaluation .......................................................   Passed    0.19 sec
          Start  873: VolumeFractionTransportEquationTest.MismatchedAlphaOldSizeThrows
 693/1263 Test #1134: CavityGhiaValidation.Grid20x20ConvergesAndMatchesGhia ....................................................   Passed  155.96 sec
          Start  478: MultiphaseCaseTest.RejectsTopLevelViscosityAboveBothPhases
 694/1263 Test  #715: KEpsilonEquationTest.EffectiveDiffusivityReducesToMolecularAsMuTVanishes .................................   Passed    0.06 sec
          Start  696: EffectiveViscosityTest.RejectsNonPositiveMolecularViscosity
 695/1263 Test  #595: RestartSnapshotTest.NonFiniteVelocityIsRejected ..........................................................   Passed    0.22 sec
          Start  561: TimeControllerTest.StartingStepIsReflectedImmediately
 696/1263 Test  #719: KEpsilonEquationTest.ImplicitSourceAddsToDiagonalAndRhsCorrectly .........................................   Passed    0.22 sec
          Start 1120: PisoTest.NonFiniteInputStateReturnsNonFiniteState
 697/1263 Test  #698: EffectiveViscosityTest.RepeatedEvaluationIsDeterministic .................................................   Passed    0.23 sec
          Start  683: TurbulenceModelTest.PolymorphicDestructionWorks
 698/1263 Test  #873: VolumeFractionTransportEquationTest.MismatchedAlphaOldSizeThrows .........................................   Passed    0.18 sec
          Start  592: RestartSnapshotTest.WrongFaceCountIsRejected
 699/1263 Test  #696: EffectiveViscosityTest.RejectsNonPositiveMolecularViscosity ..............................................   Passed    0.22 sec
          Start  770: SSTEquationTest.BlendAtHalfWeightingIsTheMidpoint
 700/1263 Test  #561: TimeControllerTest.StartingStepIsReflectedImmediately ....................................................   Passed    0.21 sec
          Start  723: KEpsilonEquationTest.UniformFieldWithZeroSourceIsPreservedByFullEquation
 701/1263 Test  #683: TurbulenceModelTest.PolymorphicDestructionWorks ..........................................................   Passed    0.18 sec
          Start 1154: TwoMaterialConductionValidation.AnalyticalFormulasAreSelfConsistent
 702/1263 Test  #592: RestartSnapshotTest.WrongFaceCountIsRejected .............................................................   Passed    0.12 sec
          Start 1109: FinalCorrectionTest.RepeatedFullPipelineIsBitIdentical
 703/1263 Test #1120: PisoTest.NonFiniteInputStateReturnsNonFiniteState ........................................................   Passed    0.26 sec
          Start  424: TurbulenceCaseTest.BuilderConstructsKEpsilonConfigAndBoundaries
 704/1263 Test #1109: FinalCorrectionTest.RepeatedFullPipelineIsBitIdentical ...................................................   Passed    0.05 sec
          Start  973: Vorticity2DTest.MismatchedSizeThrows
 705/1263 Test  #770: SSTEquationTest.BlendAtHalfWeightingIsTheMidpoint ........................................................   Passed    0.19 sec
          Start 1113: PisoTest.OneStepResultIsFiniteOnCavity
 706/1263 Test  #723: KEpsilonEquationTest.UniformFieldWithZeroSourceIsPreservedByFullEquation .................................   Passed    0.19 sec
          Start  563: TimeControllerTest.StartingStepAtOrAboveMaxStepsIsImmediatelyFinished
 707/1263 Test #1154: TwoMaterialConductionValidation.AnalyticalFormulasAreSelfConsistent ......................................   Passed    0.19 sec
          Start  966: AutomaticContourLevelsTest.ConstantFieldProducesNoLevels
 708/1263 Test  #478: MultiphaseCaseTest.RejectsTopLevelViscosityAboveBothPhases ...............................................   Passed    0.51 sec
          Start  808: TurbulenceModelFactoryTest.KEpsilonOverloadRejectsUnsupportedModelNames
 709/1263 Test  #424: TurbulenceCaseTest.BuilderConstructsKEpsilonConfigAndBoundaries ..........................................   Passed    0.18 sec
          Start  529: VTKWriterTest.CellCountAndConnectivityAreCorrectFor2x2
 710/1263 Test  #973: Vorticity2DTest.MismatchedSizeThrows .....................................................................   Passed    0.17 sec
          Start  776: SSTEquationTest.CrossDiffusionSourceIsHalfWeightAtF1EqualsHalf
 711/1263 Test  #966: AutomaticContourLevelsTest.ConstantFieldProducesNoLevels .................................................   Passed    0.07 sec
          Start  370: CaseReaderTest.UnsupportedFormatVersionThrowsCaseConfigurationError
 712/1263 Test  #563: TimeControllerTest.StartingStepAtOrAboveMaxStepsIsImmediatelyFinished ....................................   Passed    0.23 sec
          Start  756: KOmegaModelTest.ConvergenceResidualIsNulloptBeforeFirstCorrect
 713/1263 Test  #776: SSTEquationTest.CrossDiffusionSourceIsHalfWeightAtF1EqualsHalf ...........................................   Passed    0.18 sec
          Start  494: CSVWriterTest.WriteFieldsRowCountAndCellOrderMatchMesh
 714/1263 Test #1113: PisoTest.OneStepResultIsFiniteOnCavity ...................................................................   Passed    0.30 sec
          Start 1130: PisoTransientIntegrationTest.RepeatedIdenticalMultiStepRunIsBitIdentical
 715/1263 Test  #808: TurbulenceModelFactoryTest.KEpsilonOverloadRejectsUnsupportedModelNames ..................................   Passed    0.26 sec
          Start   70: MeshFingerprintTest.DifferentAspectRatioSameCellCountProducesDifferentFingerprint
 716/1263 Test  #756: KOmegaModelTest.ConvergenceResidualIsNulloptBeforeFirstCorrect ...........................................   Passed    0.07 sec
          Start  216: HeatFluxTest.RejectsInvalidDistance
 717/1263 Test  #529: VTKWriterTest.CellCountAndConnectivityAreCorrectFor2x2 ...................................................   Passed    0.35 sec
          Start  300: MomentumDiffusionTest.NonFiniteOrNonPositiveEffectiveViscosityFieldThrows
 718/1263 Test  #370: CaseReaderTest.UnsupportedFormatVersionThrowsCaseConfigurationError ......................................   Passed    0.33 sec
          Start  223: WallOmegaTest.HandDerivedValueMatchesWilcoxFormula
 719/1263 Test  #494: CSVWriterTest.WriteFieldsRowCountAndCellOrderMatchMesh ...................................................   Passed    0.17 sec
          Start  810: TurbulenceModelFactoryTest.KOmegaNameCreatesKOmegaModel
 720/1263 Test   #70: MeshFingerprintTest.DifferentAspectRatioSameCellCountProducesDifferentFingerprint ........................   Passed    0.16 sec
          Start 1114: PisoTest.WallNormalBoundaryFluxStaysExactlyZero
 721/1263 Test  #223: WallOmegaTest.HandDerivedValueMatchesWilcoxFormula .......................................................   Passed    0.05 sec
          Start  714: KEpsilonEquationTest.EffectiveDiffusivityMatchesHandDerivedExample
 722/1263 Test  #216: HeatFluxTest.RejectsInvalidDistance ......................................................................   Passed    0.18 sec
          Start 1129: PisoTransientIntegrationTest.RealComputedCflCanTriggerCflViolationWhenFailAboveIsLow
 723/1263 Test #1114: PisoTest.WallNormalBoundaryFluxStaysExactlyZero ..........................................................   Passed    0.06 sec
          Start  588: RestartSnapshotTest.TimeStepAndDeltaTCopiedExactly
 724/1263 Test #1130: PisoTransientIntegrationTest.RepeatedIdenticalMultiStepRunIsBitIdentical .................................   Passed    0.27 sec
          Start   66: MeshFingerprintTest.TwoSeparatelyBuiltIdenticalMeshesProduceIdenticalFingerprints
 725/1263 Test #1129: PisoTransientIntegrationTest.RealComputedCflCanTriggerCflViolationWhenFailAboveIsLow .....................   Passed    0.06 sec
          Start  958: MarchingSquaresTest.LinearFieldPhiEqualsYProducesAHorizontalLine
 726/1263 Test  #714: KEpsilonEquationTest.EffectiveDiffusivityMatchesHandDerivedExample .......................................   Passed    0.16 sec
          Start  746: KOmegaModelTest.NameIsKOmega
 727/1263 Test  #300: MomentumDiffusionTest.NonFiniteOrNonPositiveEffectiveViscosityFieldThrows ................................   Passed    0.25 sec
          Start    5: CFDAppCli_bad_boundary
 728/1263 Test  #810: TurbulenceModelFactoryTest.KOmegaNameCreatesKOmegaModel ..................................................   Passed    0.24 sec
          Start 1058: SIMPLEBuoyancyTest.RejectsMismatchedTemperatureSize
 729/1263 Test   #66: MeshFingerprintTest.TwoSeparatelyBuiltIdenticalMeshesProduceIdenticalFingerprints ........................   Passed    0.15 sec
          Start  731: KEpsilonModelTest.RejectsInvalidInitialEpsilon
 730/1263 Test  #958: MarchingSquaresTest.LinearFieldPhiEqualsYProducesAHorizontalLine .........................................   Passed    0.15 sec
          Start  212: HeatFluxTest.ExposesHeatFluxAndConductivity
 731/1263 Test  #588: RestartSnapshotTest.TimeStepAndDeltaTCopiedExactly .......................................................   Passed    0.21 sec
          Start  600: RestartSnapshotTest.InvalidDeltaTIsRejected
 732/1263 Test #1058: SIMPLEBuoyancyTest.RejectsMismatchedTemperatureSize ......................................................   Passed    0.07 sec
          Start 1193: CompressibleProductionCaseTest.MissingCaseDirectoryReportsInvalidCase
 733/1263 Test  #731: KEpsilonModelTest.RejectsInvalidInitialEpsilon ...........................................................   Passed    0.14 sec
          Start  380: CaseValidationTest.ZeroNxIsRejected
 734/1263 Test  #746: KOmegaModelTest.NameIsKOmega .............................................................................   Passed    0.23 sec
          Start  718: KEpsilonEquationTest.ImplicitSourceReproducesEpsilonDestructionAtSelfConsistency
 735/1263 Test  #212: HeatFluxTest.ExposesHeatFluxAndConductivity ..............................................................   Passed    0.18 sec
          Start  843: SpeciesSolverTest.InvalidConfigurationForMismatchedConcentrationSize
 736/1263 Test  #600: RestartSnapshotTest.InvalidDeltaTIsRejected ..............................................................   Passed    0.23 sec
          Start   69: MeshFingerprintTest.DifferentResolutionProducesDifferentFingerprint
 737/1263 Test  #843: SpeciesSolverTest.InvalidConfigurationForMismatchedConcentrationSize .....................................   Passed    0.19 sec
          Start 1117: PisoTest.NonPositiveOrNonFiniteDtReturnsInvalidConfiguration
 738/1263 Test    #5: CFDAppCli_bad_boundary ...................................................................................   Passed    0.50 sec
          Start 1056: SIMPLEBuoyancyTest.RejectsTemperatureWithoutBuoyancy
 739/1263 Test   #69: MeshFingerprintTest.DifferentResolutionProducesDifferentFingerprint ......................................   Passed    0.18 sec
          Start  211: HeatFluxTest.ConductivityScalesTheGradientInversely
 740/1263 Test  #718: KEpsilonEquationTest.ImplicitSourceReproducesEpsilonDestructionAtSelfConsistency .........................   Passed    0.30 sec
          Start 1057: SIMPLEBuoyancyTest.RejectsBuoyancyWithoutTemperature
 741/1263 Test #1056: SIMPLEBuoyancyTest.RejectsTemperatureWithoutBuoyancy .....................................................   Passed    0.04 sec
          Start 1119: PisoTest.ReferenceCellOutOfRangeReturnsInvalidConfiguration
 742/1263 Test #1193: CompressibleProductionCaseTest.MissingCaseDirectoryReportsInvalidCase ....................................   Passed    0.45 sec
          Start 1122: PisoTest.ForcedPressureCorrectionFailurePropagatesAsPressureCorrectionFailure
 743/1263 Test #1057: SIMPLEBuoyancyTest.RejectsBuoyancyWithoutTemperature .....................................................   Passed    0.04 sec
          Start  495: CSVWriterTest.WriteFieldsCoordinatesComeFromMesh
 744/1263 Test #1117: PisoTest.NonPositiveOrNonFiniteDtReturnsInvalidConfiguration .............................................   Passed    0.19 sec
          Start  635: EnergyEquationAssemblyTest.RepeatedAssemblyIsDeterministic
 745/1263 Test  #211: HeatFluxTest.ConductivityScalesTheGradientInversely ......................................................   Passed    0.16 sec
          Start 1099: FinalCorrectionTest.ZeroSecondCorrectionLeavesFirstCorrectionStateBitIdentical
 746/1263 Test #1119: PisoTest.ReferenceCellOutOfRangeReturnsInvalidConfiguration ..............................................   Passed    0.14 sec
          Start 1092: SecondPressureCorrectionTest.FullFirstCorrectionGivesExactlyZeroSecondCorrection
 747/1263 Test #1122: PisoTest.ForcedPressureCorrectionFailurePropagatesAsPressureCorrectionFailure ............................   Passed    0.13 sec
          Start 1178: SpeciesProductionCaseTest.MissingCaseDirectoryReportsInvalidCase
 748/1263 Test  #495: CSVWriterTest.WriteFieldsCoordinatesComeFromMesh .........................................................   Passed    0.14 sec
          Start 1115: PisoTest.TwoCellClosedDomainAtRestStaysAtRestAndConservesMassExactly
 749/1263 Test  #380: CaseValidationTest.ZeroNxIsRejected ......................................................................   Passed    0.55 sec
          Start  792: SSTModelTest.InitializedToConfiguredValuesEverywhere
 750/1263 Test #1099: FinalCorrectionTest.ZeroSecondCorrectionLeavesFirstCorrectionStateBitIdentical ...........................   Passed    0.16 sec
          Start  906: ThermodynamicPropertiesTest.SpeedOfSoundIsPositiveFiniteAndIncreasesWithSqrtT
 751/1263 Test #1092: SecondPressureCorrectionTest.FullFirstCorrectionGivesExactlyZeroSecondCorrection .........................   Passed    0.17 sec
          Start    6: CFDAppCli_bad_solver
 752/1263 Test #1115: PisoTest.TwoCellClosedDomainAtRestStaysAtRestAndConservesMassExactly .....................................   Passed    0.15 sec
          Start 1186: MultiphaseProductionCaseTest.MissingCaseDirectoryReportsInvalidCase
 753/1263 Test  #635: EnergyEquationAssemblyTest.RepeatedAssemblyIsDeterministic ...............................................   Passed    0.24 sec
          Start  593: RestartSnapshotTest.MismatchedMeshCellCountIsRejectedEvenWithConsistentFieldSizes
 754/1263 Test  #792: SSTModelTest.InitializedToConfiguredValuesEverywhere .....................................................   Passed    0.29 sec
          Start 1100: FinalCorrectionTest.TwoCellFullFirstCorrectionMakesSecondCorrectionExactlyIdempotent
 755/1263 Test  #906: ThermodynamicPropertiesTest.SpeedOfSoundIsPositiveFiniteAndIncreasesWithSqrtT ............................   Passed    0.21 sec
          Start 1104: FinalCorrectionTest.FinalContinuityIsEvaluatedFromF2NotF1OrFStar
 756/1263 Test #1178: SpeciesProductionCaseTest.MissingCaseDirectoryReportsInvalidCase .........................................   Passed    0.37 sec
          Start  498: CSVWriterTest.WriteFieldsMismatchedSizeThrows
 757/1263 Test #1186: MultiphaseProductionCaseTest.MissingCaseDirectoryReportsInvalidCase ......................................   Passed    0.20 sec
          Start 1102: FinalCorrectionTest.FullPipelineFinalStateIsFiniteAndConverged
 758/1263 Test  #593: RestartSnapshotTest.MismatchedMeshCellCountIsRejectedEvenWithConsistentFieldSizes ........................   Passed    0.23 sec
          Start  791: SSTModelTest.FieldsSizedToMeshAtConstruction
 759/1263 Test #1100: FinalCorrectionTest.TwoCellFullFirstCorrectionMakesSecondCorrectionExactlyIdempotent .....................   Passed    0.17 sec
          Start  587: RestartSnapshotTest.VelocityPressureFluxCopiedExactly
 760/1263 Test #1104: FinalCorrectionTest.FinalContinuityIsEvaluatedFromF2NotF1OrFStar .........................................   Passed    0.18 sec
          Start    4: CFDAppCli_bad_physics
 761/1263 Test #1102: FinalCorrectionTest.FullPipelineFinalStateIsFiniteAndConverged ...........................................   Passed    0.15 sec
          Start 1101: FinalCorrectionTest.TwoCellPartialFirstCorrectionPlusSecondReconstructsFullSingleCorrection
 762/1263 Test    #6: CFDAppCli_bad_solver .....................................................................................   Passed    0.46 sec
          Start 1047: SIMPLESSTTest.WallDistanceFieldIsSane
 763/1263 Test #1047: SIMPLESSTTest.WallDistanceFieldIsSane ....................................................................   Passed    0.04 sec
          Start  722: KEpsilonEquationTest.PureSourceOnlyAddsExactlyToRhsAndDiagonal
 764/1263 Test    #4: CFDAppCli_bad_physics ....................................................................................   Passed    0.14 sec
          Start 1111: PisoTest.PreviousStateArgumentIsNotMutated
 765/1263 Test  #791: SSTModelTest.FieldsSizedToMeshAtConstruction .............................................................   Passed    0.27 sec
          Start 1083: TransientPressureCorrectionTest.RepeatedPipelineRunIsBitIdentical
 766/1263 Test  #722: KEpsilonEquationTest.PureSourceOnlyAddsExactlyToRhsAndDiagonal ...........................................   Passed    0.05 sec
          Start  619: EnergyEquationConvectionTest.PositiveInternalFluxSelectsOwnerNegativeSelectsNeighbor
 767/1263 Test  #587: RestartSnapshotTest.VelocityPressureFluxCopiedExactly ....................................................   Passed    0.23 sec
          Start  564: TimeControllerTest.ResumedControllerMatchesContinuousControllerBitIdentically
 768/1263 Test #1101: FinalCorrectionTest.TwoCellPartialFirstCorrectionPlusSecondReconstructsFullSingleCorrection ..............   Passed    0.23 sec
          Start 1084: CorrectionApplicationTest.TwoCellProbeCorrectionMatchesHandDerivation
 769/1263 Test #1111: PisoTest.PreviousStateArgumentIsNotMutated ...............................................................   Passed    0.11 sec
          Start  533: VTKWriterTest.NonFiniteValueThrows
 770/1263 Test #1083: TransientPressureCorrectionTest.RepeatedPipelineRunIsBitIdentical ........................................   Passed    0.09 sec
          Start  496: CSVWriterTest.WriteFieldsVelocityPressureAndMagnitudeAreCorrect
 771/1263 Test  #498: CSVWriterTest.WriteFieldsMismatchedSizeThrows ............................................................   Passed    0.50 sec
          Start  728: KEpsilonModelTest.InitializedToConfiguredValuesEverywhere
 772/1263 Test  #533: VTKWriterTest.NonFiniteValueThrows .......................................................................   Passed    0.08 sec
          Start 1116: PisoTest.TinyLidDrivenCavityOneStepConservesMassNearMachineZero
 773/1263 Test  #496: CSVWriterTest.WriteFieldsVelocityPressureAndMagnitudeAreCorrect ..........................................   Passed    0.08 sec
          Start  501: CSVWriterTest.WriteResidualsHeaderAndRowCount
 774/1263 Test  #619: EnergyEquationConvectionTest.PositiveInternalFluxSelectsOwnerNegativeSelectsNeighbor .....................   Passed    0.21 sec
          Start 1097: SecondPressureCorrectionTest.FirstCorrectionStateAndPreviousStateRemainUntouched
 775/1263 Test  #564: TimeControllerTest.ResumedControllerMatchesContinuousControllerBitIdentically ............................   Passed    0.21 sec
          Start  745: KOmegaModelTest.TurbulentViscosityMatchesHandDerivedExample
 776/1263 Test #1116: PisoTest.TinyLidDrivenCavityOneStepConservesMassNearMachineZero ..........................................   Passed    0.11 sec
          Start  503: CSVWriterTest.WriteResidualsValuesMatchHistoriesInOrder
 777/1263 Test #1084: CorrectionApplicationTest.TwoCellProbeCorrectionMatchesHandDerivation ....................................   Passed    0.23 sec
          Start   67: MeshFingerprintTest.RepeatedCallOnSameMeshIsDeterministic
 778/1263 Test #1097: SecondPressureCorrectionTest.FirstCorrectionStateAndPreviousStateRemainUntouched .........................   Passed    0.08 sec
          Start 1108: FinalCorrectionTest.PreviousStateRemainsUntouchedAndFirstCorrectionStateIsPreservedSeparately
 779/1263 Test  #728: KEpsilonModelTest.InitializedToConfiguredValuesEverywhere ................................................   Passed    0.21 sec
          Start 1107: FinalCorrectionTest.PartialFirstCorrectionPlusSecondReconstructsFullSingleCorrectionRealMesh
 780/1263 Test  #745: KOmegaModelTest.TurbulentViscosityMatchesHandDerivedExample ..............................................   Passed    0.14 sec
          Start 1094: SecondPressureCorrectionTest.FullPipelineSecondCorrectionIsFiniteAndConverged
 781/1263 Test   #67: MeshFingerprintTest.RepeatedCallOnSameMeshIsDeterministic ................................................   Passed    0.16 sec
          Start  590: RestartSnapshotTest.RepeatedConstructionFromIdenticalStateIsDeterministic
 782/1263 Test #1108: FinalCorrectionTest.PreviousStateRemainsUntouchedAndFirstCorrectionStateIsPreservedSeparately ............   Passed    0.20 sec
          Start  515: JSONWriterTest.RequiredKeysExist
 783/1263 Test  #501: CSVWriterTest.WriteResidualsHeaderAndRowCount ............................................................   Passed    0.34 sec
          Start 1085: CorrectionApplicationTest.ZeroPressureCorrectionLeavesEverythingUnchanged
 784/1263 Test #1107: FinalCorrectionTest.PartialFirstCorrectionPlusSecondReconstructsFullSingleCorrectionRealMesh .............   Passed    0.18 sec
          Start  367: CaseReaderTest.MalformedReferencedJsonThrowsIOError
 785/1263 Test #1094: SecondPressureCorrectionTest.FullPipelineSecondCorrectionIsFiniteAndConverged ............................   Passed    0.17 sec
          Start  516: JSONWriterTest.CaseAndMeshMetadataAreCorrect
 786/1263 Test  #503: CSVWriterTest.WriteResidualsValuesMatchHistoriesInOrder ..................................................   Passed    0.29 sec
          Start  383: CaseValidationTest.NonPositiveDensityIsRejected
 787/1263 Test  #515: JSONWriterTest.RequiredKeysExist .........................................................................   Passed    0.07 sec
          Start  382: CaseValidationTest.StringNxIsRejected
 788/1263 Test  #367: CaseReaderTest.MalformedReferencedJsonThrowsIOError ......................................................   Passed    0.07 sec
          Start  688: TurbulenceModelTest.NonFiniteTurbulentViscosityRejected
 789/1263 Test  #516: JSONWriterTest.CaseAndMeshMetadataAreCorrect .............................................................   Passed    0.07 sec
          Start  591: RestartSnapshotTest.WrongCellCountIsRejected
 790/1263 Test  #590: RestartSnapshotTest.RepeatedConstructionFromIdenticalStateIsDeterministic ................................   Passed    0.19 sec
          Start 1110: PisoTest.OneStepMatchesIndependentManualPipelineBitIdentical
 791/1263 Test  #383: CaseValidationTest.NonPositiveDensityIsRejected ..........................................................   Passed    0.09 sec
          Start  687: TurbulenceModelTest.NegativeTurbulentViscosityRejected
 792/1263 Test  #382: CaseValidationTest.StringNxIsRejected ....................................................................   Passed    0.08 sec
          Start 1090: CorrectionApplicationTest.RepeatedCorrectionStepIsBitIdentical
 793/1263 Test #1085: CorrectionApplicationTest.ZeroPressureCorrectionLeavesEverythingUnchanged ................................   Passed    0.21 sec
          Start   68: MeshFingerprintTest.DifferentDomainSizeWithSameCellAndFaceCountProducesDifferentFingerprint
 794/1263 Test #1110: PisoTest.OneStepMatchesIndependentManualPipelineBitIdentical .............................................   Passed    0.10 sec
          Start 1087: CorrectionApplicationTest.ContinuityImprovesAfterCorrection
 795/1263 Test #1090: CorrectionApplicationTest.RepeatedCorrectionStepIsBitIdentical ...........................................   Passed    0.09 sec
          Start  514: JSONWriterTest.WrittenFileIsValidJson
 796/1263 Test  #688: TurbulenceModelTest.NonFiniteTurbulentViscosityRejected ..................................................   Passed    0.19 sec
          Start  384: CaseValidationTest.NonPositiveViscosityIsRejected
 797/1263 Test #1026: SIMPLEConvergenceTest.CavityRe100_20x20Converges .........................................................   Passed  158.54 sec
          Start 1095: SecondPressureCorrectionTest.RealPipelineTightFirstCorrectionGivesNearZeroSecondCorrection
 798/1263 Test  #687: TurbulenceModelTest.NegativeTurbulentViscosityRejected ...................................................   Passed    0.17 sec
          Start 1082: TransientPressureCorrectionTest.PreviousStateAndInputsAreNotMutatedByThePipeline
 799/1263 Test  #591: RestartSnapshotTest.WrongCellCountIsRejected .............................................................   Passed    0.22 sec
          Start  601: RestartSnapshotTest.UnsupportedFormatVersionIsRejected
 800/1263 Test   #68: MeshFingerprintTest.DifferentDomainSizeWithSameCellAndFaceCountProducesDifferentFingerprint ..............   Passed    0.16 sec
          Start  400: CaseValidationTest.UnsupportedLinearSolverTypeIsRejected
 801/1263 Test #1087: CorrectionApplicationTest.ContinuityImprovesAfterCorrection ..............................................   Passed    0.20 sec
          Start 1096: SecondPressureCorrectionTest.SameResponseCoefficientsReusedNoMomentumReassembly
 802/1263 Test #1095: SecondPressureCorrectionTest.RealPipelineTightFirstCorrectionGivesNearZeroSecondCorrection ...............   Passed    0.16 sec
          Start  519: JSONWriterTest.FinalResidualsAndMassImbalanceAreCorrect
 803/1263 Test #1082: TransientPressureCorrectionTest.PreviousStateAndInputsAreNotMutatedByThePipeline .........................   Passed    0.16 sec
          Start  716: KEpsilonEquationTest.EffectiveDiffusivityRejectsInvalidInputs
 804/1263 Test  #601: RestartSnapshotTest.UnsupportedFormatVersionIsRejected ...................................................   Passed    0.21 sec
          Start 1098: SecondPressureCorrectionTest.RepeatedSecondCorrectionAssemblyIsBitIdentical
 805/1263 Test  #519: JSONWriterTest.FinalResidualsAndMassImbalanceAreCorrect ..................................................   Passed    0.11 sec
          Start 1023: SIMPLEContinuityTest.ReducedClosedProbeContinuityImprovesAcrossIterations
 806/1263 Test  #514: JSONWriterTest.WrittenFileIsValidJson ....................................................................   Passed    0.34 sec
          Start  505: CSVWriterTest.RepeatedWriteFieldsIsByteIdentical
 807/1263 Test  #384: CaseValidationTest.NonPositiveViscosityIsRejected ........................................................   Passed    0.33 sec
          Start 1118: PisoTest.MismatchedPreviousStateSizeReturnsInvalidConfiguration
 808/1263 Test  #400: CaseValidationTest.UnsupportedLinearSolverTypeIsRejected .................................................   Passed    0.25 sec
          Start 1088: CorrectionApplicationTest.WallNormalBoundaryFluxStaysExactlyZeroAfterCorrection
 809/1263 Test #1096: SecondPressureCorrectionTest.SameResponseCoefficientsReusedNoMomentumReassembly ..........................   Passed    0.21 sec
          Start 1079: TransientPressureCorrectionTest.SmallerDeltaTGivesSmallerResponseCoefficientEverywhere
 810/1263 Test #1098: SecondPressureCorrectionTest.RepeatedSecondCorrectionAssemblyIsBitIdentical ..............................   Passed    0.12 sec
          Start 1071: TransientMomentumAssemblyTest.DiagonalIncludesExactTransientCoefficient
 811/1263 Test #1118: PisoTest.MismatchedPreviousStateSizeReturnsInvalidConfiguration ..........................................   Passed    0.07 sec
          Start  304: MomentumConvectionTest.ConstantFieldGivesZeroNetContribution
 812/1263 Test #1088: CorrectionApplicationTest.WallNormalBoundaryFluxStaysExactlyZeroAfterCorrection ..........................   Passed    0.07 sec
          Start  376: CaseValidationTest.UnsupportedGeometryTypeIsRejected
 813/1263 Test #1079: TransientPressureCorrectionTest.SmallerDeltaTGivesSmallerResponseCoefficientEverywhere ...................   Passed    0.06 sec
          Start  381: CaseValidationTest.FractionalNxIsRejected
 814/1263 Test #1071: TransientMomentumAssemblyTest.DiagonalIncludesExactTransientCoefficient ..................................   Passed    0.06 sec
          Start  391: CaseValidationTest.WallWithUnexpectedVelocityValueIsRejected
 815/1263 Test  #716: KEpsilonEquationTest.EffectiveDiffusivityRejectsInvalidInputs ............................................   Passed    0.27 sec
          Start  404: CaseBuilderTest.ConfigurationMatchesManualSetup
 816/1263 Test  #304: MomentumConvectionTest.ConstantFieldGivesZeroNetContribution .............................................   Passed    0.22 sec
          Start 1073: TransientMomentumAssemblyTest.RejectsMassFluxSizeMismatch
 817/1263 Test  #505: CSVWriterTest.RepeatedWriteFieldsIsByteIdentical .........................................................   Passed    0.35 sec
          Start  403: CaseBuilderTest.BuildsExpectedBoundaryConditionTypes
 818/1263 Test  #376: CaseValidationTest.UnsupportedGeometryTypeIsRejected .....................................................   Passed    0.25 sec
          Start  565: CFLTest.ExactValueForOneDEquivalentCase
 819/1263 Test  #381: CaseValidationTest.FractionalNxIsRejected ................................................................   Passed    0.25 sec
          Start  398: CaseValidationTest.NonPositiveToleranceIsRejected
 820/1263 Test  #391: CaseValidationTest.WallWithUnexpectedVelocityValueIsRejected .............................................   Passed    0.25 sec
          Start  805: SSTModelTest.FarFieldBlendApproachesSSTsOwnOuterCoefficientSet
 821/1263 Test  #404: CaseBuilderTest.ConfigurationMatchesManualSetup ..........................................................   Passed    0.25 sec
          Start 1076: TransientMomentumPredictorProbeTest.PredictorFluxIsFiniteAndRespectsWallImpermeability
 822/1263 Test #1023: SIMPLEContinuityTest.ReducedClosedProbeContinuityImprovesAcrossIterations ................................   Passed    0.49 sec
          Start  388: CaseValidationTest.MissingBoundaryPatchIsRejected
 823/1263 Test #1076: TransientMomentumPredictorProbeTest.PredictorFluxIsFiniteAndRespectsWallImpermeability ...................   Passed    0.12 sec
          Start  584: TransientSolverTest.RejectsNonPositiveOrNonFiniteCflFailAbove
 824/1263 Test #1073: TransientMomentumAssemblyTest.RejectsMassFluxSizeMismatch ................................................   Passed    0.24 sec
          Start  302: MomentumConvectionTest.BoundaryOutflowUsesOwnerUnknownNotBoundaryValue
 825/1263 Test  #565: CFLTest.ExactValueForOneDEquivalentCase ..................................................................   Passed    0.22 sec
          Start  528: VTKWriterTest.PointCountMatchesStructuredGrid
 826/1263 Test  #584: TransientSolverTest.RejectsNonPositiveOrNonFiniteCflFailAbove ............................................   Passed    0.05 sec
          Start  602: RestartSnapshotTest.RealAcceptedPisoStateRoundTripsThroughSnapshotExactly
 827/1263 Test  #805: SSTModelTest.FarFieldBlendApproachesSSTsOwnOuterCoefficientSet ...........................................   Passed    0.28 sec
          Start 1103: FinalCorrectionTest.WallNormalBoundaryFluxStaysExactlyZeroInFinalState
 828/1263 Test  #403: CaseBuilderTest.BuildsExpectedBoundaryConditionTypes .....................................................   Passed    0.35 sec
          Start 1131: PisoTransientIntegrationTest.CallerInitialStateArgumentIsNotMutated
 829/1263 Test  #398: CaseValidationTest.NonPositiveToleranceIsRejected ........................................................   Passed    0.33 sec
          Start  577: TransientSolverTest.MaxTimeStepsStopsBeforeReachingEndTime
 830/1263 Test  #388: CaseValidationTest.MissingBoundaryPatchIsRejected ........................................................   Passed    0.26 sec
          Start 1072: TransientMomentumAssemblyTest.RejectsVelocityPressureSizeMismatch
 831/1263 Test  #528: VTKWriterTest.PointCountMatchesStructuredGrid ............................................................   Passed    0.15 sec
          Start  399: CaseValidationTest.ZeroMaxIterationsIsRejected
 832/1263 Test  #302: MomentumConvectionTest.BoundaryOutflowUsesOwnerUnknownNotBoundaryValue ...................................   Passed    0.20 sec
          Start  582: TransientSolverTest.CatchesNonFiniteStateEvenWhenStepperClaimsConverged
 833/1263 Test  #577: TransientSolverTest.MaxTimeStepsStopsBeforeReachingEndTime ...............................................   Passed    0.06 sec
          Start  362: CaseReaderTest.ExplicitInitialConditionsAreParsed
 834/1263 Test  #602: RestartSnapshotTest.RealAcceptedPisoStateRoundTripsThroughSnapshotExactly ................................   Passed    0.19 sec
          Start  518: JSONWriterTest.EveryStatusMapsToItsOwnEnumName
 835/1263 Test  #582: TransientSolverTest.CatchesNonFiniteStateEvenWhenStepperClaimsConverged ..................................   Passed    0.03 sec
          Start  532: VTKWriterTest.MismatchedSizeThrows
 836/1263 Test #1072: TransientMomentumAssemblyTest.RejectsVelocityPressureSizeMismatch ........................................   Passed    0.10 sec
          Start  570: CFLTest.RejectsFaceFluxSizeMismatch
 837/1263 Test #1103: FinalCorrectionTest.WallNormalBoundaryFluxStaysExactlyZeroInFinalState ...................................   Passed    0.17 sec
          Start  377: CaseValidationTest.NonPositiveGeometryLengthIsRejected
 838/1263 Test #1131: PisoTransientIntegrationTest.CallerInitialStateArgumentIsNotMutated ......................................   Passed    0.17 sec
          Start  305: MomentumConvectionTest.MismatchedMassFluxSizeThrows
 839/1263 Test  #570: CFLTest.RejectsFaceFluxSizeMismatch ......................................................................   Passed    0.19 sec
          Start  396: CaseValidationTest.RelaxationAboveOneIsRejected
 840/1263 Test  #532: VTKWriterTest.MismatchedSizeThrows .......................................................................   Passed    0.23 sec
          Start  257: GridRefinementTest.LaplacianOfSmoothFieldConvergesAtSecondOrder
 841/1263 Test  #399: CaseValidationTest.ZeroMaxIterationsIsRejected ...........................................................   Passed    0.32 sec
          Start  313: MomentumAssemblyTest.RepeatedAssemblyIsDeterministic
 842/1263 Test  #362: CaseReaderTest.ExplicitInitialConditionsAreParsed ........................................................   Passed    0.29 sec
          Start  579: TransientSolverTest.PressureCorrectionFailurePropagates
 843/1263 Test  #518: JSONWriterTest.EveryStatusMapsToItsOwnEnumName ...........................................................   Passed    0.30 sec
          Start 1074: TransientMomentumAssemblyTest.RejectsNonPositiveOrNonFiniteDt
 844/1263 Test  #377: CaseValidationTest.NonPositiveGeometryLengthIsRejected ...................................................   Passed    0.27 sec
          Start  569: CFLTest.MaxMeanAndMaxCellForNonUniformFlux
 845/1263 Test  #305: MomentumConvectionTest.MismatchedMassFluxSizeThrows ......................................................   Passed    0.26 sec
          Start  520: JSONWriterTest.FiniteFlagReflectsActualFieldFiniteness
 846/1263 Test  #396: CaseValidationTest.RelaxationAboveOneIsRejected ..........................................................   Passed    0.12 sec
          Start  397: CaseValidationTest.ZeroRelaxationIsRejected
 847/1263 Test  #313: MomentumAssemblyTest.RepeatedAssemblyIsDeterministic .....................................................   Passed    0.10 sec
          Start  578: TransientSolverTest.FailedStepIsNotAcceptedAndStopsTheRun
 848/1263 Test  #578: TransientSolverTest.FailedStepIsNotAcceptedAndStopsTheRun ................................................   Passed    0.05 sec
          Start  598: RestartSnapshotTest.NonFiniteTimeIsRejected
 849/1263 Test  #579: TransientSolverTest.PressureCorrectionFailurePropagates ..................................................   Passed    0.16 sec
          Start 1077: TransientMomentumPredictorProbeTest.RepeatedPredictorSolveIsBitIdentical
 850/1263 Test  #569: CFLTest.MaxMeanAndMaxCellForNonUniformFlux ...............................................................   Passed    0.15 sec
          Start  361: CaseReaderTest.ValidCaseParsesIntoExpectedConfiguration
 851/1263 Test  #257: GridRefinementTest.LaplacianOfSmoothFieldConvergesAtSecondOrder ..........................................   Passed    0.23 sec
          Start  560: TimeControllerTest.DefaultStartingStepIsZeroAndBehaviorIsUnchanged
 852/1263 Test #1074: TransientMomentumAssemblyTest.RejectsNonPositiveOrNonFiniteDt ............................................   Passed    0.25 sec
          Start  266: TimeDerivativeTest.ImplicitEulerOdeConvergesAtFirstOrder
 853/1263 Test #1077: TransientMomentumPredictorProbeTest.RepeatedPredictorSolveIsBitIdentical .................................   Passed    0.11 sec
          Start 1069: TransientMomentumTermTest.RejectsSizeMismatch
 854/1263 Test  #560: TimeControllerTest.DefaultStartingStepIsZeroAndBehaviorIsUnchanged .......................................   Passed    0.11 sec
          Start  281: MassFluxTest.TangentialMovingWallGivesZeroFlux
 855/1263 Test  #598: RestartSnapshotTest.NonFiniteTimeIsRejected ..............................................................   Passed    0.18 sec
          Start  499: CSVWriterTest.WriteFieldsNonFiniteValueThrows
 856/1263 Test  #361: CaseReaderTest.ValidCaseParsesIntoExpectedConfiguration ..................................................   Passed    0.19 sec
          Start  504: CSVWriterTest.WriteResidualsInconsistentHistoryLengthsThrows
 857/1263 Test  #520: JSONWriterTest.FiniteFlagReflectsActualFieldFiniteness ...................................................   Passed    0.35 sec
          Start  527: VTKWriterTest.HeaderIsWellFormed
 858/1263 Test  #397: CaseValidationTest.ZeroRelaxationIsRejected ..............................................................   Passed    0.34 sec
          Start  574: CFLTest.RepeatedCallsAreDeterministic
 859/1263 Test  #499: CSVWriterTest.WriteFieldsNonFiniteValueThrows ............................................................   Passed    0.09 sec
          Start  553: TimeControllerTest.ReachedEndTimeDistinguishesCompletionFromMaxSteps
 860/1263 Test  #504: CSVWriterTest.WriteResidualsInconsistentHistoryLengthsThrows .............................................   Passed    0.05 sec
          Start  311: MomentumAssemblyTest.CavityAssemblyIsFiniteWithLidForcingOnUOnly
 861/1263 Test  #266: TimeDerivativeTest.ImplicitEulerOdeConvergesAtFirstOrder .................................................   Passed    0.19 sec
          Start  290: ContinuityEquationTest.NonSolenoidalFieldIsDetected
 862/1263 Test  #527: VTKWriterTest.HeaderIsWellFormed .........................................................................   Passed    0.07 sec
          Start  247: DiffusionTest.EqualsGammaTimesLaplacianForConstantGamma
 863/1263 Test #1069: TransientMomentumTermTest.RejectsSizeMismatch ............................................................   Passed    0.23 sec
          Start    1: CFDAppSmokeTest
 864/1263 Test  #281: MassFluxTest.TangentialMovingWallGivesZeroFlux ...........................................................   Passed    0.21 sec
          Start  293: MomentumDiffusionTest.InteriorCellsMatchKnownQuadraticLaplacian
 865/1263 Test  #311: MomentumAssemblyTest.CavityAssemblyIsFiniteWithLidForcingOnUOnly .........................................   Passed    0.10 sec
          Start  263: TimeDerivativeTest.RejectsNonPositiveDeltaT
 866/1263 Test  #290: ContinuityEquationTest.NonSolenoidalFieldIsDetected ......................................................   Passed    0.10 sec
          Start  571: CFLTest.RejectsNonPositiveDt
 867/1263 Test  #553: TimeControllerTest.ReachedEndTimeDistinguishesCompletionFromMaxSteps .....................................   Passed    0.15 sec
          Start  285: ContinuityEquationTest.ClosedZeroVelocityCavityHasZeroImbalance
 868/1263 Test  #574: CFLTest.RepeatedCallsAreDeterministic ....................................................................   Passed    0.18 sec
          Start  312: MomentumAssemblyTest.ChannelAssemblyHasCorrectDimensionsAndFiniteCoefficients
 869/1263 Test  #247: DiffusionTest.EqualsGammaTimesLaplacianForConstantGamma ..................................................   Passed    0.16 sec
          Start  277: FluidPropertiesTest.RejectsNonFiniteViscosity
 870/1263 Test  #263: TimeDerivativeTest.RejectsNonPositiveDeltaT ..............................................................   Passed    0.10 sec
          Start  576: TransientSolverTest.DtSequenceMatchesTimeControllerIncludingShortenedFinalStep
 871/1263 Test  #285: ContinuityEquationTest.ClosedZeroVelocityCavityHasZeroImbalance ..........................................   Passed    0.12 sec
          Start   43: MeshBoundaryPatch.StoresNameAndFaceIds
 872/1263 Test  #293: MomentumDiffusionTest.InteriorCellsMatchKnownQuadraticLaplacian ..........................................   Passed    0.19 sec
          Start  261: TimeDerivativeTest.PreviousFieldIsNotMutated
 873/1263 Test  #312: MomentumAssemblyTest.ChannelAssemblyHasCorrectDimensionsAndFiniteCoefficients ............................   Passed    0.13 sec
          Start  274: FluidPropertiesTest.RejectsZeroViscosity
 874/1263 Test  #277: FluidPropertiesTest.RejectsNonFiniteViscosity ............................................................   Passed    0.11 sec
          Start  547: TimeControllerTest.FinalStepIsShortenedToLandExactlyOnEndTime
 875/1263 Test  #571: CFLTest.RejectsNonPositiveDt .............................................................................   Passed    0.20 sec
          Start  246: LaplacianTest.QuadraticFieldGivesFour
 876/1263 Test  #576: TransientSolverTest.DtSequenceMatchesTimeControllerIncludingShortenedFinalStep ...........................   Passed    0.13 sec
          Start  292: MomentumDiffusionTest.ConstantVelocityGivesZeroContributionEverywhere
 877/1263 Test    #1: CFDAppSmokeTest ..........................................................................................   Passed    0.29 sec
          Start  282: MassFluxTest.InletFluxIsNegativeOutletFluxIsPositive
 878/1263 Test   #43: MeshBoundaryPatch.StoresNameAndFaceIds ...................................................................   Passed    0.15 sec
          Start  236: GradientTest.ConstantFieldHasZeroGradient
 879/1263 Test  #261: TimeDerivativeTest.PreviousFieldIsNotMutated .............................................................   Passed    0.16 sec
          Start  195: SymmetryTest.ResultIsAlwaysNormalToPlane
 880/1263 Test  #246: LaplacianTest.QuadraticFieldGivesFour ....................................................................   Passed    0.13 sec
          Start  556: TimeControllerTest.RejectsEndTimeBeforeStartTime
 881/1263 Test  #236: GradientTest.ConstantFieldHasZeroGradient ................................................................   Passed    0.05 sec
          Start  237: GradientTest.PhiXGivesGradientOneZero
 882/1263 Test  #274: FluidPropertiesTest.RejectsZeroViscosity .................................................................   Passed    0.20 sec
          Start  390: CaseValidationTest.MovingWallWithoutVelocityValueIsRejected
 883/1263 Test  #292: MomentumDiffusionTest.ConstantVelocityGivesZeroContributionEverywhere ....................................   Passed    0.16 sec
          Start 1105: FinalCorrectionTest.ControlledPartialCorrectionShowsRc2BelowRc1
 884/1263 Test  #282: MassFluxTest.InletFluxIsNegativeOutletFluxIsPositive .....................................................   Passed    0.16 sec
          Start   42: MeshFace.RejectsOwnerEqualToNeighbor
 885/1263 Test  #547: TimeControllerTest.FinalStepIsShortenedToLandExactlyOnEndTime ............................................   Passed    0.24 sec
          Start  572: CFLTest.RejectsNonFiniteDt
 886/1263 Test  #556: TimeControllerTest.RejectsEndTimeBeforeStartTime .........................................................   Passed    0.12 sec
          Start    3: CFDAppCli_missing_mesh
 887/1263 Test  #195: SymmetryTest.ResultIsAlwaysNormalToPlane .................................................................   Passed    0.18 sec
          Start  385: CaseValidationTest.UnsupportedPhysicsModelIsRejected
 888/1263 Test  #237: GradientTest.PhiXGivesGradientOneZero ....................................................................   Passed    0.25 sec
          Start  242: DivergenceTest.RotationalFieldIsDivergenceFree
 889/1263 Test   #42: MeshFace.RejectsOwnerEqualToNeighbor .....................................................................   Passed    0.23 sec
          Start 1081: TransientPressureCorrectionTest.FullPipelineFromRestReturnsFinitePressureCorrection
 890/1263 Test #1081: TransientPressureCorrectionTest.FullPipelineFromRestReturnsFinitePressureCorrection ......................   Passed    0.07 sec
          Start  530: VTKWriterTest.CellDataSectionHasPressureVelocityThenMagnitudeInOrder
 891/1263 Test #1105: FinalCorrectionTest.ControlledPartialCorrectionShowsRc2BelowRc1 ..........................................   Passed    0.35 sec
          Start  244: LaplacianTest.PhiXHasZeroLaplacian
 892/1263 Test  #572: CFLTest.RejectsNonFiniteDt ...............................................................................   Passed    0.31 sec
          Start  378: CaseValidationTest.NegativeGeometryHeightIsRejected
 893/1263 Test  #530: VTKWriterTest.CellDataSectionHasPressureVelocityThenMagnitudeInOrder .....................................   Passed    0.08 sec
          Start  249: DiffusionTest.QuadraticFieldWithGammaTwo
 894/1263 Test  #390: CaseValidationTest.MovingWallWithoutVelocityValueIsRejected ..............................................   Passed    0.45 sec
          Start  567: CFLTest.HalvingDtHalvesCFL
 895/1263 Test  #385: CaseValidationTest.UnsupportedPhysicsModelIsRejected .....................................................   Passed    0.32 sec
          Start  517: JSONWriterTest.SolverStatusAndIterationsAreCorrect
 896/1263 Test  #242: DivergenceTest.RotationalFieldIsDivergenceFree ...........................................................   Passed    0.23 sec
          Start  493: CSVWriterTest.WriteFieldsHeaderIsExact
 897/1263 Test  #244: LaplacianTest.PhiXHasZeroLaplacian .......................................................................   Passed    0.12 sec
          Start  555: TimeControllerTest.RejectsNonPositiveDeltaT
 898/1263 Test  #378: CaseValidationTest.NegativeGeometryHeightIsRejected ......................................................   Passed    0.12 sec
          Start  392: CaseValidationTest.VelocityValueWithWrongComponentCountIsRejected
 899/1263 Test  #249: DiffusionTest.QuadraticFieldWithGammaTwo .................................................................   Passed    0.08 sec
          Start  558: TimeControllerTest.RejectsNonFiniteInputs
 900/1263 Test    #3: CFDAppCli_missing_mesh ...................................................................................   Passed    0.43 sec
          Start  389: CaseValidationTest.UnsupportedVelocityBoundaryTypeIsRejected
 901/1263 Test  #558: TimeControllerTest.RejectsNonFiniteInputs ................................................................   Passed    0.06 sec
          Start 1123: PisoTest.AccessorsReturnConstructedValues
 902/1263 Test  #567: CFLTest.HalvingDtHalvesCFL ...............................................................................   Passed    0.15 sec
          Start  306: MomentumPressureTest.LinearPressureXGivesNegativeXSourceZeroYSource
 903/1263 Test  #555: TimeControllerTest.RejectsNonPositiveDeltaT ..............................................................   Passed    0.13 sec
          Start  550: TimeControllerTest.SingleStepCaseReachesEndExactly
 904/1263 Test  #493: CSVWriterTest.WriteFieldsHeaderIsExact ...................................................................   Passed    0.30 sec
          Start  549: TimeControllerTest.InexactDeltaTDoesNotProduceAnExtraTinyStep
 905/1263 Test  #517: JSONWriterTest.SolverStatusAndIterationsAreCorrect .......................................................   Passed    0.33 sec
          Start  256: GridRefinementTest.GradientOfSmoothFieldConvergesAtSecondOrder
 906/1263 Test  #392: CaseValidationTest.VelocityValueWithWrongComponentCountIsRejected ........................................   Passed    0.31 sec
          Start  544: TimeControllerTest.InitialStateIsStartTimeAndStepZero
 907/1263 Test  #389: CaseValidationTest.UnsupportedVelocityBoundaryTypeIsRejected .............................................   Passed    0.29 sec
          Start  241: DivergenceTest.ULinearGivesDivergenceTwo
 908/1263 Test  #549: TimeControllerTest.InexactDeltaTDoesNotProduceAnExtraTinyStep ............................................   Passed    0.06 sec
          Start  395: CaseValidationTest.UnsupportedSolverTypeIsRejected
 909/1263 Test  #550: TimeControllerTest.SingleStepCaseReachesEndExactly .......................................................   Passed    0.23 sec
          Start  289: ContinuityEquationTest.DivergenceFreeRotationalFieldGivesNearZeroImbalance
 910/1263 Test #1123: PisoTest.AccessorsReturnConstructedValues ................................................................   Passed    0.28 sec
          Start  521: JSONWriterTest.FormatVersionIsOne
 911/1263 Test  #306: MomentumPressureTest.LinearPressureXGivesNegativeXSourceZeroYSource ......................................   Passed    0.28 sec
          Start  371: CaseReaderTest.UnknownTopLevelFieldInManifestIsRejected
 912/1263 Test  #544: TimeControllerTest.InitialStateIsStartTimeAndStepZero ....................................................   Passed    0.09 sec
          Start  314: MomentumAssemblyTest.UAndVSystemsAreIndependentScalarSystems
 913/1263 Test  #241: DivergenceTest.ULinearGivesDivergenceTwo .................................................................   Passed    0.10 sec
          Start  500: CSVWriterTest.WriteFieldsUnwritablePathThrowsIOError
 914/1263 Test  #256: GridRefinementTest.GradientOfSmoothFieldConvergesAtSecondOrder ...........................................   Passed    0.19 sec
          Start  197: BoundaryConditionSetTest.RejectsUnknownPatch
 915/1263 Test  #289: ContinuityEquationTest.DivergenceFreeRotationalFieldGivesNearZeroImbalance ...............................   Passed    0.17 sec
          Start  364: CaseReaderTest.MissingManifestThrowsIOError
 916/1263 Test  #314: MomentumAssemblyTest.UAndVSystemsAreIndependentScalarSystems .............................................   Passed    0.14 sec
          Start  121: SparseMatrixTest.BuilderDropsExactZeroSums
 917/1263 Test  #364: CaseReaderTest.MissingManifestThrowsIOError ..............................................................   Passed    0.11 sec
          Start  194: SymmetryTest.TopPlaneRemovesNormalComponent
 918/1263 Test  #395: CaseValidationTest.UnsupportedSolverTypeIsRejected .......................................................   Passed    0.32 sec
          Start 1121: PisoTest.ForcedMomentumFailurePropagatesAsMomentumFailure
 919/1263 Test  #521: JSONWriterTest.FormatVersionIsOne ........................................................................   Passed    0.31 sec
          Start  275: FluidPropertiesTest.RejectsNegativeViscosity
 920/1263 Test  #371: CaseReaderTest.UnknownTopLevelFieldInManifestIsRejected ..................................................   Passed    0.31 sec
          Start  258: GridRefinementTest.UpwindConvectionConvergesAtFirstOrder
 921/1263 Test  #500: CSVWriterTest.WriteFieldsUnwritablePathThrowsIOError .....................................................   Passed    0.28 sec
          Start  575: TransientSolverTest.CompletesAndThreadsStateThroughEveryStep
 922/1263 Test  #197: BoundaryConditionSetTest.RejectsUnknownPatch .............................................................   Passed    0.25 sec
          Start 1127: PisoTransientIntegrationTest.MaxStepsTerminationWithRealPiso
 923/1263 Test  #121: SparseMatrixTest.BuilderDropsExactZeroSums ...............................................................   Passed    0.20 sec
          Start  534: VTKWriterTest.RepeatedWriteIsByteIdentical
 924/1263 Test  #194: SymmetryTest.TopPlaneRemovesNormalComponent ..............................................................   Passed    0.17 sec
          Start  189: InletTest.InflowDotProductWithOutwardNormalIsNegative
 925/1263 Test #1121: PisoTest.ForcedMomentumFailurePropagatesAsMomentumFailure ................................................   Passed    0.22 sec
          Start  185: MovingWallTest.CavityTopWallIsImpermeableAndTangential
 926/1263 Test #1127: PisoTransientIntegrationTest.MaxStepsTerminationWithRealPiso .............................................   Passed    0.16 sec
          Start 1128: PisoTransientIntegrationTest.CflRemainsDiagnosticOnlyUnderGenerousCflFailAbove
 927/1263 Test  #275: FluidPropertiesTest.RejectsNegativeViscosity .............................................................   Passed    0.25 sec
          Start  294: MomentumDiffusionTest.InternalFaceCoefficientsAreSymmetric
 928/1263 Test  #575: TransientSolverTest.CompletesAndThreadsStateThroughEveryStep .............................................   Passed    0.23 sec
          Start  276: FluidPropertiesTest.RejectsNonFiniteDensity
 929/1263 Test  #258: GridRefinementTest.UpwindConvectionConvergesAtFirstOrder .................................................   Passed    0.27 sec
          Start   60: CartesianMesh.TwoByTwo
 930/1263 Test  #189: InletTest.InflowDotProductWithOutwardNormalIsNegative ....................................................   Passed    0.15 sec
          Start  308: MomentumPressureTest.ConstantPressureGivesZeroSource
 931/1263 Test  #185: MovingWallTest.CavityTopWallIsImpermeableAndTangential ...................................................   Passed    0.11 sec
          Start  100: SurfaceFieldTest.SizeMatchesTwoByTwoMeshFaceCount
 932/1263 Test  #276: FluidPropertiesTest.RejectsNonFiniteDensity ..............................................................   Passed    0.15 sec
          Start  379: CaseValidationTest.UnsupportedMeshTypeIsRejected
 933/1263 Test  #294: MomentumDiffusionTest.InternalFaceCoefficientsAreSymmetric ...............................................   Passed    0.18 sec
          Start  182: FixedGradientTest.RejectsInvalidDistance
 934/1263 Test  #308: MomentumPressureTest.ConstantPressureGivesZeroSource .....................................................   Passed    0.15 sec
          Start  531: VTKWriterTest.ZCoordinateIsAlwaysZeroFor2DMesh
 935/1263 Test   #60: CartesianMesh.TwoByTwo ...................................................................................   Passed    0.18 sec
          Start  545: TimeControllerTest.NormalSteppingUsesNominalDeltaT
 936/1263 Test  #100: SurfaceFieldTest.SizeMatchesTwoByTwoMeshFaceCount ........................................................   Passed    0.16 sec
          Start  387: CaseValidationTest.UnknownBoundaryPatchIsRejected
 937/1263 Test #1128: PisoTransientIntegrationTest.CflRemainsDiagnosticOnlyUnderGenerousCflFailAbove ...........................   Passed    0.27 sec
          Start  151: CGTest.ZeroRhsConvergesImmediately
 938/1263 Test  #534: VTKWriterTest.RepeatedWriteIsByteIdentical ...............................................................   Passed    0.48 sec
          Start  184: WallTest.NormalAndTangentialComponentsAreZeroOnAllOrientations
 939/1263 Test  #531: VTKWriterTest.ZCoordinateIsAlwaysZeroFor2DMesh ...........................................................   Passed    0.10 sec
          Start  126: SparseMatrixTest.AllFinite
 940/1263 Test  #387: CaseValidationTest.UnknownBoundaryPatchIsRejected ........................................................   Passed    0.09 sec
          Start  186: MovingWallTest.ReturnsConfiguredVelocityRegardlessOfOwner
 941/1263 Test  #379: CaseValidationTest.UnsupportedMeshTypeIsRejected .........................................................   Passed    0.17 sec
          Start  238: GradientTest.PhiYGivesGradientZeroOne
 942/1263 Test  #184: WallTest.NormalAndTangentialComponentsAreZeroOnAllOrientations ...........................................   Passed    0.05 sec
          Start  259: TimeDerivativeTest.ExactCoefficientsForSingleCell
 943/1263 Test  #182: FixedGradientTest.RejectsInvalidDistance .................................................................   Passed    0.18 sec
          Start 1106: FinalCorrectionTest.RealPipelineSecondCorrectionIsEffectivelyIdempotentAfterFullFirst
 944/1263 Test  #186: MovingWallTest.ReturnsConfiguredVelocityRegardlessOfOwner ................................................   Passed    0.05 sec
          Start  551: TimeControllerTest.StartEqualsEndIsImmediatelyFinished
 945/1263 Test  #545: TimeControllerTest.NormalSteppingUsesNominalDeltaT .......................................................   Passed    0.18 sec
          Start  265: TimeDerivativeTest.RejectsNonFiniteDeltaT
 946/1263 Test  #151: CGTest.ZeroRhsConvergesImmediately .......................................................................   Passed    0.16 sec
          Start  188: InletTest.ReturnsPrescribedVelocityExactly
 947/1263 Test  #126: SparseMatrixTest.AllFinite ...............................................................................   Passed    0.12 sec
          Start  125: SparseMatrixTest.DiagonalLookupThrowsWhenMissing
 948/1263 Test  #551: TimeControllerTest.StartEqualsEndIsImmediatelyFinished ...................................................   Passed    0.06 sec
          Start  157: BiCGSTABTest.ZeroRhsConvergesImmediately
 949/1263 Test  #259: TimeDerivativeTest.ExactCoefficientsForSingleCell ........................................................   Passed    0.11 sec
          Start  546: TimeControllerTest.StepCounterIncrementsOncePerAdvance
 950/1263 Test  #238: GradientTest.PhiYGivesGradientZeroOne ....................................................................   Passed    0.14 sec
          Start  109: AlgebraVector.ConstructionAndInitialization
 951/1263 Test  #265: TimeDerivativeTest.RejectsNonFiniteDeltaT ................................................................   Passed    0.10 sec
          Start 1075: TransientMomentumPredictorProbeTest.PredictorVelocityIsFiniteFromRest
 952/1263 Test  #109: AlgebraVector.ConstructionAndInitialization ..............................................................   Passed    0.07 sec
          Start  288: ContinuityEquationTest.GlobalDivergenceTheoremIdentityHolds
 953/1263 Test  #125: SparseMatrixTest.DiagonalLookupThrowsWhenMissing .........................................................   Passed    0.14 sec
          Start  193: SymmetryTest.RightPlaneRemovesNormalComponent
 954/1263 Test  #157: BiCGSTABTest.ZeroRhsConvergesImmediately .................................................................   Passed    0.14 sec
          Start  296: MomentumDiffusionTest.MismatchedVelocitySizeThrows
 955/1263 Test  #188: InletTest.ReturnsPrescribedVelocityExactly ...............................................................   Passed    0.19 sec
          Start  255: ConvectionTest.InternalConservationFaceOnce
 956/1263 Test #1106: FinalCorrectionTest.RealPipelineSecondCorrectionIsEffectivelyIdempotentAfterFullFirst ....................   Passed    0.26 sec
          Start  240: DivergenceTest.ConstantVectorFieldHasZeroDivergence
 957/1263 Test #1075: TransientMomentumPredictorProbeTest.PredictorVelocityIsFiniteFromRest ....................................   Passed    0.13 sec
          Start   35: MeshCell.AddFaceAppendsFaceIds
 958/1263 Test  #546: TimeControllerTest.StepCounterIncrementsOncePerAdvance ...................................................   Passed    0.20 sec
          Start  264: TimeDerivativeTest.RejectsNonFiniteOrNonPositiveDensity
 959/1263 Test  #288: ContinuityEquationTest.GlobalDivergenceTheoremIdentityHolds ..............................................   Passed    0.17 sec
          Start   63: CartesianMesh.DeterministicGeneration
 960/1263 Test  #296: MomentumDiffusionTest.MismatchedVelocitySizeThrows .......................................................   Passed    0.15 sec
          Start  201: BoundaryConditionSetTest.GetThrowsForUnassignedPatch
 961/1263 Test  #193: SymmetryTest.RightPlaneRemovesNormalComponent ............................................................   Passed    0.18 sec
          Start   57: CartesianMesh.OneByOne
 962/1263 Test  #255: ConvectionTest.InternalConservationFaceOnce ..............................................................   Passed    0.17 sec
          Start 1089: CorrectionApplicationTest.PreviousStateAndPredictorFieldsRetainedIndependently
 963/1263 Test  #240: DivergenceTest.ConstantVectorFieldHasZeroDivergence ......................................................   Passed    0.17 sec
          Start   61: CartesianMesh.FourByThree
 964/1263 Test  #264: TimeDerivativeTest.RejectsNonFiniteOrNonPositiveDensity ..................................................   Passed    0.14 sec
          Start  199: BoundaryConditionSetTest.ReplaceOverwritesExistingAssignment
 965/1263 Test   #63: CartesianMesh.DeterministicGeneration ....................................................................   Passed    0.08 sec
          Start  548: TimeControllerTest.SequenceMatchesWorkedExample
 966/1263 Test   #35: MeshCell.AddFaceAppendsFaceIds ...........................................................................   Passed    0.19 sec
          Start  234: InterpolationTest.LinearFieldPhiYIsExactAtEveryFace
 967/1263 Test   #57: CartesianMesh.OneByOne ...................................................................................   Passed    0.09 sec
          Start   48: Mesh.BoundaryPatchLookupByName
 968/1263 Test  #199: BoundaryConditionSetTest.ReplaceOverwritesExistingAssignment .............................................   Passed    0.07 sec
          Start  369: CaseReaderTest.ManifestCanReferenceAlternativeFilenames
 969/1263 Test  #201: BoundaryConditionSetTest.GetThrowsForUnassignedPatch .....................................................   Passed    0.15 sec
          Start   24: CoreTimer.ElapsedTimeIncreases
 970/1263 Test   #48: Mesh.BoundaryPatchLookupByName ...........................................................................   Passed    0.06 sec
          Start 1086: CorrectionApplicationTest.FullPipelineFromRestProducesFiniteCorrectedState
 971/1263 Test   #61: CartesianMesh.FourByThree ................................................................................   Passed    0.15 sec
          Start  233: InterpolationTest.LinearFieldPhiXIsExactAtEveryFace
 972/1263 Test #1086: CorrectionApplicationTest.FullPipelineFromRestProducesFiniteCorrectedState ...............................   Passed    0.07 sec
          Start   36: MeshCell.RejectsNonPositiveVolume
 973/1263 Test #1089: CorrectionApplicationTest.PreviousStateAndPredictorFieldsRetainedIndependently ...........................   Passed    0.26 sec
          Start  200: BoundaryConditionSetTest.MissingPatchesReportsUnassignedPatches
 974/1263 Test  #548: TimeControllerTest.SequenceMatchesWorkedExample ..........................................................   Passed    0.23 sec
          Start  144: JacobiTest.NonFiniteMatrixValuesAreUnreachableByJacobi
 975/1263 Test  #234: InterpolationTest.LinearFieldPhiYIsExactAtEveryFace ......................................................   Passed    0.22 sec
          Start  133: SparseMatrixTest.RejectsNonFiniteValues
 976/1263 Test  #233: InterpolationTest.LinearFieldPhiXIsExactAtEveryFace ......................................................   Passed    0.12 sec
          Start  262: TimeDerivativeTest.RejectsFieldSizeMismatch
 977/1263 Test   #24: CoreTimer.ElapsedTimeIncreases ...........................................................................   Passed    0.20 sec
          Start  163: SolverFailureTest.BiCGSTABFailsBeforeIteratingOnNanRhs
 978/1263 Test   #36: MeshCell.RejectsNonPositiveVolume ........................................................................   Passed    0.16 sec
          Start   86: ScalarFieldTest.ScalarMultiplicationBothOrders
 979/1263 Test  #144: JacobiTest.NonFiniteMatrixValuesAreUnreachableByJacobi ...................................................   Passed    0.14 sec
          Start  177: FixedValueTest.ExposesTypeAndName
 980/1263 Test  #133: SparseMatrixTest.RejectsNonFiniteValues ..................................................................   Passed    0.14 sec
          Start  196: SymmetryTest.RejectsNonUnitNormal
 981/1263 Test  #163: SolverFailureTest.BiCGSTABFailsBeforeIteratingOnNanRhs ...................................................   Passed    0.11 sec
          Start  124: SparseMatrixTest.DiagonalLookup
 982/1263 Test  #200: BoundaryConditionSetTest.MissingPatchesReportsUnassignedPatches ..........................................   Passed    0.20 sec
          Start  158: BiCGSTABTest.ExactInitialGuessConvergesAtIterationZero
 983/1263 Test  #177: FixedValueTest.ExposesTypeAndName ........................................................................   Passed    0.05 sec
          Start  138: LinearSystemTest.RejectsRhsSizeMismatch
 984/1263 Test  #196: SymmetryTest.RejectsNonUnitNormal ........................................................................   Passed    0.05 sec
          Start  127: SparseMatrixTest.RejectsWrongRowOffsetsSize
 985/1263 Test  #262: TimeDerivativeTest.RejectsFieldSizeMismatch ..............................................................   Passed    0.20 sec
          Start   73: Field.InitializedConstructionFillsValue
 986/1263 Test   #86: ScalarFieldTest.ScalarMultiplicationBothOrders ...........................................................   Passed    0.13 sec
          Start  141: JacobiTest.RejectsZeroDiagonal
 987/1263 Test   #73: Field.InitializedConstructionFillsValue ..................................................................   Passed    0.03 sec
          Start    7: CFDAppCli_malformed_json
 988/1263 Test  #158: BiCGSTABTest.ExactInitialGuessConvergesAtIterationZero ...................................................   Passed    0.10 sec
          Start  116: AlgebraVector.Norms
 989/1263 Test  #124: SparseMatrixTest.DiagonalLookup ..........................................................................   Passed    0.13 sec
          Start  153: CGTest.MaxIterationsReportsFailureNotSuccess
 990/1263 Test  #138: LinearSystemTest.RejectsRhsSizeMismatch ..................................................................   Passed    0.11 sec
          Start  123: SparseMatrixTest.MultiplyRejectsSizeMismatch
 991/1263 Test  #127: SparseMatrixTest.RejectsWrongRowOffsetsSize ..............................................................   Passed    0.11 sec
          Start  181: FixedGradientTest.RejectsNonFiniteGradient
 992/1263 Test  #141: JacobiTest.RejectsZeroDiagonal ...........................................................................   Passed    0.08 sec
          Start  581: TransientSolverTest.InvalidConfigurationFromStepperPropagates
 993/1263 Test  #369: CaseReaderTest.ManifestCanReferenceAlternativeFilenames ..................................................   Passed    0.55 sec
          Start   56: MeshQuality.DetectsOutOfRangeOwner
 994/1263 Test  #116: AlgebraVector.Norms ......................................................................................   Passed    0.10 sec
          Start  176: FixedValueTest.BoundaryValueIgnoresOwnerValue
 995/1263 Test  #153: CGTest.MaxIterationsReportsFailureNotSuccess .............................................................   Passed    0.11 sec
          Start   88: ScalarFieldTest.DivisionByZeroThrows
 996/1263 Test  #123: SparseMatrixTest.MultiplyRejectsSizeMismatch .............................................................   Passed    0.11 sec
          Start   50: MeshGeometry.DistanceAndDisplacement
 997/1263 Test  #176: FixedValueTest.BoundaryValueIgnoresOwnerValue ............................................................   Passed    0.08 sec
          Start   47: Mesh.CellAndFaceAccessorsValidateId
 998/1263 Test  #181: FixedGradientTest.RejectsNonFiniteGradient ...............................................................   Passed    0.17 sec
          Start   38: MeshFace.InternalFaceStoresOwnerAndNeighbor
 999/1263 Test   #56: MeshQuality.DetectsOutOfRangeOwner .......................................................................   Passed    0.15 sec
          Start  146: CGTest.SolvesThreeByThreeSpdSystem
1000/1263 Test   #50: MeshGeometry.DistanceAndDisplacement .....................................................................   Passed    0.09 sec
          Start  191: OutletTest.VelocityZeroGradientReturnsOwnerValue
1001/1263 Test   #47: Mesh.CellAndFaceAccessorsValidateId ......................................................................   Passed    0.06 sec
          Start 1066: TransientMomentumTermTest.DiagonalGetsTimeCoefficientAddedExactly
1002/1263 Test   #38: MeshFace.InternalFaceStoresOwnerAndNeighbor ..............................................................   Passed    0.06 sec
          Start  131: SparseMatrixTest.RejectsOutOfRangeColumn
1003/1263 Test  #581: TransientSolverTest.InvalidConfigurationFromStepperPropagates ............................................   Passed    0.23 sec
          Start   99: SurfaceFieldTest.SizeMatchesOneByOneMeshFaceCount
1004/1263 Test    #7: CFDAppCli_malformed_json .................................................................................   Passed    0.33 sec
          Start   49: Mesh.RejectsEmptyCellsOrFaces
1005/1263 Test   #88: ScalarFieldTest.DivisionByZeroThrows .....................................................................   Passed    0.20 sec
          Start  303: MomentumConvectionTest.BoundaryInflowUsesBoundaryValueOnRhs
1006/1263 Test  #146: CGTest.SolvesThreeByThreeSpdSystem .......................................................................   Passed    0.14 sec
          Start   46: Mesh.ExposesCellsFacesAndPatches
1007/1263 Test  #131: SparseMatrixTest.RejectsOutOfRangeColumn .................................................................   Passed    0.11 sec
          Start   90: ScalarFieldTest.ExplicitValuesFromSpecExample
1008/1263 Test  #191: OutletTest.VelocityZeroGradientReturnsOwnerValue .........................................................   Passed    0.16 sec
          Start  107: FieldArithmetic.TwoByTwoMeshIntegration
1009/1263 Test   #99: SurfaceFieldTest.SizeMatchesOneByOneMeshFaceCount ........................................................   Passed    0.14 sec
          Start  117: AlgebraVector.SizeMismatchRejected
1010/1263 Test   #49: Mesh.RejectsEmptyCellsOrFaces ............................................................................   Passed    0.14 sec
          Start   54: MeshQuality.UniformSquareGridIsValidWithUnitAspectRatio
1011/1263 Test   #46: Mesh.ExposesCellsFacesAndPatches .........................................................................   Passed    0.09 sec
          Start  232: InterpolationTest.ConstantFieldIsPreservedExactly
1012/1263 Test   #90: ScalarFieldTest.ExplicitValuesFromSpecExample ............................................................   Passed    0.09 sec
          Start  104: FieldArithmetic.ScalarIdentities
1013/1263 Test  #107: FieldArithmetic.TwoByTwoMeshIntegration ..................................................................   Passed    0.09 sec
          Start   45: MeshBoundaryPatch.RejectsEmptyName
1014/1263 Test #1066: TransientMomentumTermTest.DiagonalGetsTimeCoefficientAddedExactly ........................................   Passed    0.27 sec
          Start 1078: TransientPressureCorrectionTest.ResponseCoefficientReflectsTransientDiagonalExactly
1015/1263 Test  #303: MomentumConvectionTest.BoundaryInflowUsesBoundaryValueOnRhs ..............................................   Passed    0.24 sec
          Start  245: LaplacianTest.PhiYHasZeroLaplacian
1016/1263 Test   #54: MeshQuality.UniformSquareGridIsValidWithUnitAspectRatio ..................................................   Passed    0.14 sec
          Start  122: SparseMatrixTest.MatrixVectorMultiplicationKnownResult
1017/1263 Test   #45: MeshBoundaryPatch.RejectsEmptyName .......................................................................   Passed    0.10 sec
          Start  160: SolverFailureTest.NaNMatrixRejectedAtConstruction
1018/1263 Test  #117: AlgebraVector.SizeMismatchRejected .......................................................................   Passed    0.19 sec
          Start   59: CartesianMesh.OneByTwo
1019/1263 Test  #122: SparseMatrixTest.MatrixVectorMultiplicationKnownResult ...................................................   Passed    0.04 sec
          Start  203: ChannelBoundaryConfigurationTest.InletOutletWallSetup
1020/1263 Test  #232: InterpolationTest.ConstantFieldIsPreservedExactly ........................................................   Passed    0.19 sec
          Start  251: ConvectionTest.UpwindSelectsOwnerForPositiveFluxNeighborForNegative
1021/1263 Test  #104: FieldArithmetic.ScalarIdentities .........................................................................   Passed    0.18 sec
          Start 1080: TransientPressureCorrectionTest.TwoCellProbeWithTransientDiagonalMatchesHandDerivation
1022/1263 Test  #245: LaplacianTest.PhiYHasZeroLaplacian .......................................................................   Passed    0.11 sec
          Start   41: MeshFace.RejectsZeroAreaVector
1023/1263 Test  #160: SolverFailureTest.NaNMatrixRejectedAtConstruction ........................................................   Passed    0.09 sec
          Start  270: FluidPropertiesTest.StoresDensityAndViscosity
1024/1263 Test   #59: CartesianMesh.OneByTwo ...................................................................................   Passed    0.13 sec
          Start   95: VectorFieldTest.ScalarDivision
1025/1263 Test #1078: TransientPressureCorrectionTest.ResponseCoefficientReflectsTransientDiagonalExactly ......................   Passed    0.25 sec
          Start   64: CartesianMesh.RejectsInvalidInputs
1026/1263 Test #1080: TransientPressureCorrectionTest.TwoCellProbeWithTransientDiagonalMatchesHandDerivation ...................   Passed    0.12 sec
          Start   74: Field.IndexingReadsAndWrites
1027/1263 Test   #41: MeshFace.RejectsZeroAreaVector ...........................................................................   Passed    0.12 sec
          Start  110: AlgebraVector.Addition
1028/1263 Test  #203: ChannelBoundaryConfigurationTest.InletOutletWallSetup ....................................................   Passed    0.19 sec
          Start   25: CoreTimer.ResetRestartsTiming
1029/1263 Test  #251: ConvectionTest.UpwindSelectsOwnerForPositiveFluxNeighborForNegative ......................................   Passed    0.19 sec
          Start   37: MeshCell.RejectsNonFiniteGeometry
1030/1263 Test   #74: Field.IndexingReadsAndWrites .............................................................................   Passed    0.07 sec
          Start  566: CFLTest.ZeroVelocityGivesZeroCFL
1031/1263 Test   #95: VectorFieldTest.ScalarDivision ...........................................................................   Passed    0.13 sec
          Start  295: MomentumDiffusionTest.DiagonalIsFinitePositiveAndNonzero
1032/1263 Test  #270: FluidPropertiesTest.StoresDensityAndViscosity ............................................................   Passed    0.21 sec
          Start  187: MovingWallTest.RejectsNonFiniteVelocity
1033/1263 Test   #64: CartesianMesh.RejectsInvalidInputs .......................................................................   Passed    0.15 sec
          Start 1067: TransientMomentumTermTest.RhsGetsSourceContributionAddedExactly
1034/1263 Test   #37: MeshCell.RejectsNonFiniteGeometry ........................................................................   Passed    0.10 sec
          Start   77: Field.IterationVisitsEveryElement
1035/1263 Test  #295: MomentumDiffusionTest.DiagonalIsFinitePositiveAndNonzero .................................................   Passed    0.07 sec
          Start  559: TimeControllerTest.RepeatedRunsAreBitIdentical
1036/1263 Test   #25: CoreTimer.ResetRestartsTiming ............................................................................   Passed    0.16 sec
          Start  167: SolverDeterminismTest.BiCGSTABRepeatedSolvesAreIdentical
1037/1263 Test  #110: AlgebraVector.Addition ...................................................................................   Passed    0.21 sec
          Start   98: SurfaceFieldTest.SizedConstructionAndFill
1038/1263 Test  #559: TimeControllerTest.RepeatedRunsAreBitIdentical ...........................................................   Passed    0.09 sec
          Start  243: DivergenceTest.GlobalDivergenceTheoremHolds
1039/1263 Test  #566: CFLTest.ZeroVelocityGivesZeroCFL .........................................................................   Passed    0.22 sec
          Start  365: CaseReaderTest.MissingReferencedFileThrowsIOError
1040/1263 Test  #187: MovingWallTest.RejectsNonFiniteVelocity ..................................................................   Passed    0.20 sec
          Start  239: GradientTest.QuadraticFieldMatchesAnalyticalGradient
1041/1263 Test   #77: Field.IterationVisitsEveryElement ........................................................................   Passed    0.17 sec
          Start  106: FieldArithmetic.EmptyFieldsAreAddable
1042/1263 Test   #98: SurfaceFieldTest.SizedConstructionAndFill ................................................................   Passed    0.12 sec
          Start  554: TimeControllerTest.AdvanceAfterFinishedThrows
1043/1263 Test  #167: SolverDeterminismTest.BiCGSTABRepeatedSolvesAreIdentical .................................................   Passed    0.19 sec
          Start  568: CFLTest.DoublingVelocityDoublesCFL
1044/1263 Test #1067: TransientMomentumTermTest.RhsGetsSourceContributionAddedExactly ..........................................   Passed    0.28 sec
          Start  368: CaseReaderTest.ManifestReferencingFileOutsideCaseDirectoryIsRejected
1045/1263 Test  #239: GradientTest.QuadraticFieldMatchesAnalyticalGradient .....................................................   Passed    0.12 sec
          Start 1068: TransientMomentumTermTest.OffDiagonalCoefficientsAreUnchanged
1046/1263 Test  #243: DivergenceTest.GlobalDivergenceTheoremHolds ..............................................................   Passed    0.18 sec
          Start  129: SparseMatrixTest.RejectsNonZeroFirstRowOffset
1047/1263 Test  #106: FieldArithmetic.EmptyFieldsAreAddable ....................................................................   Passed    0.15 sec
          Start 1091: SecondPressureCorrectionTest.PartialFirstCorrectionGivesHandDerivedNonzeroSecondCorrection
1048/1263 Test  #568: CFLTest.DoublingVelocityDoublesCFL .......................................................................   Passed    0.11 sec
          Start   22: LoggerTest.WarningAndErrorGoToStderr
1049/1263 Test  #554: TimeControllerTest.AdvanceAfterFinishedThrows ............................................................   Passed    0.18 sec
          Start  113: AlgebraVector.ScalarDivision
1050/1263 Test  #113: AlgebraVector.ScalarDivision .............................................................................   Passed    0.08 sec
          Start  573: CFLTest.RejectsNonFiniteOrNonPositiveDensity
1051/1263 Test #1068: TransientMomentumTermTest.OffDiagonalCoefficientsAreUnchanged ............................................   Passed    0.21 sec
          Start 1093: SecondPressureCorrectionTest.DeterministicReferenceCellRowIsPreserved
1052/1263 Test  #129: SparseMatrixTest.RejectsNonZeroFirstRowOffset ............................................................   Passed    0.20 sec
          Start   87: ScalarFieldTest.ScalarDivision
1053/1263 Test #1091: SecondPressureCorrectionTest.PartialFirstCorrectionGivesHandDerivedNonzeroSecondCorrection ...............   Passed    0.19 sec
          Start   51: MeshGeometry.UnitNormalHasUnitMagnitude
1054/1263 Test  #365: CaseReaderTest.MissingReferencedFileThrowsIOError ........................................................   Passed    0.41 sec
          Start  114: AlgebraVector.DivisionByZeroThrows
1055/1263 Test  #368: CaseReaderTest.ManifestReferencingFileOutsideCaseDirectoryIsRejected .....................................   Passed    0.31 sec
          Start  111: AlgebraVector.Subtraction
1056/1263 Test   #22: LoggerTest.WarningAndErrorGoToStderr .....................................................................   Passed    0.21 sec
          Start   91: VectorFieldTest.ConstructionAndInitialization
1057/1263 Test   #87: ScalarFieldTest.ScalarDivision ...........................................................................   Passed    0.14 sec
          Start  202: CavityBoundaryConfigurationTest.LidDrivenCavitySetup
1058/1263 Test   #91: VectorFieldTest.ConstructionAndInitialization ............................................................   Passed    0.08 sec
          Start  103: FieldArithmetic.VectorFieldRejectsSizeMismatch
1059/1263 Test  #573: CFLTest.RejectsNonFiniteOrNonPositiveDensity .............................................................   Passed    0.21 sec
          Start 1070: TransientMomentumAssemblyTest.PreviousComponentValueIsNotMutated
1060/1263 Test   #51: MeshGeometry.UnitNormalHasUnitMagnitude ..................................................................   Passed    0.18 sec
          Start  164: SolverFailureTest.InvalidInitialGuessSizeFailsCleanly
1061/1263 Test  #111: AlgebraVector.Subtraction ................................................................................   Passed    0.16 sec
          Start   11: CoreConstants.DerivedAnglesAreConsistent
1062/1263 Test  #114: AlgebraVector.DivisionByZeroThrows .......................................................................   Passed    0.20 sec
          Start   26: CoreTimer.SecondsAndMillisecondsAreConsistent
1063/1263 Test #1093: SecondPressureCorrectionTest.DeterministicReferenceCellRowIsPreserved ....................................   Passed    0.26 sec
          Start  307: MomentumPressureTest.LinearPressureYGivesNegativeYSourceZeroXSource
1064/1263 Test #1070: TransientMomentumAssemblyTest.PreviousComponentValueIsNotMutated .........................................   Passed    0.08 sec
          Start  283: MassFluxTest.ChannelMassBalanceExample
1065/1263 Test  #103: FieldArithmetic.VectorFieldRejectsSizeMismatch ...........................................................   Passed    0.15 sec
          Start  580: TransientSolverTest.StepReportedNonFiniteStatePropagates
1066/1263 Test  #202: CavityBoundaryConfigurationTest.LidDrivenCavitySetup .....................................................   Passed    0.18 sec
          Start  301: MomentumConvectionTest.PositiveInternalFluxSelectsOwnerNegativeSelectsNeighbor
1067/1263 Test   #11: CoreConstants.DerivedAnglesAreConsistent .................................................................   Passed    0.12 sec
          Start  260: TimeDerivativeTest.DifferentVolumesScaleDiagonalAndSourceIndependently
1068/1263 Test   #26: CoreTimer.SecondsAndMillisecondsAreConsistent ............................................................   Passed    0.13 sec
          Start  280: MassFluxTest.StationaryWallGivesZeroFlux
1069/1263 Test  #164: SolverFailureTest.InvalidInitialGuessSizeFailsCleanly ....................................................   Passed    0.18 sec
          Start   72: Field.SizedConstructionValueInitializes
1070/1263 Test  #283: MassFluxTest.ChannelMassBalanceExample ...................................................................   Passed    0.13 sec
          Start  137: LinearSystemTest.RejectsNonSquareMatrix
1071/1263 Test  #307: MomentumPressureTest.LinearPressureYGivesNegativeYSourceZeroXSource ......................................   Passed    0.17 sec
          Start   58: CartesianMesh.TwoByOne
1072/1263 Test  #301: MomentumConvectionTest.PositiveInternalFluxSelectsOwnerNegativeSelectsNeighbor ...........................   Passed    0.11 sec
          Start  178: FixedValueTest.RejectsNonFiniteValue
1073/1263 Test  #280: MassFluxTest.StationaryWallGivesZeroFlux .................................................................   Passed    0.10 sec
          Start  102: FieldArithmetic.ScalarFieldMismatchLeavesOperandUnchanged
1074/1263 Test  #580: TransientSolverTest.StepReportedNonFiniteStatePropagates .................................................   Passed    0.20 sec
          Start  120: SparseMatrixTest.BuilderSumsDuplicateContributions
1075/1263 Test   #72: Field.SizedConstructionValueInitializes ..................................................................   Passed    0.15 sec
          Start   53: MeshGeometry.OwnerNeighborDistanceRejectsBoundaryFace
1076/1263 Test  #102: FieldArithmetic.ScalarFieldMismatchLeavesOperandUnchanged ................................................   Passed    0.07 sec
          Start   13: CoreException.CatchableAsStdRuntimeError
1077/1263 Test  #260: TimeDerivativeTest.DifferentVolumesScaleDiagonalAndSourceIndependently ...................................   Passed    0.22 sec
          Start   14: CoreException.MessageSurvivesConstruction
1078/1263 Test   #58: CartesianMesh.TwoByOne ...................................................................................   Passed    0.16 sec
          Start  118: AlgebraVector.AllFiniteDetection
1079/1263 Test  #137: LinearSystemTest.RejectsNonSquareMatrix ..................................................................   Passed    0.20 sec
          Start  310: MomentumPressureTest.MismatchedPressureSizeThrows
1080/1263 Test  #120: SparseMatrixTest.BuilderSumsDuplicateContributions .......................................................   Passed    0.10 sec
          Start  402: CaseBuilderTest.BuildsExpectedMeshFluidAndInitialFields
1081/1263 Test   #53: MeshGeometry.OwnerNeighborDistanceRejectsBoundaryFace ....................................................   Passed    0.10 sec
          Start   89: ScalarFieldTest.CompoundOperators
1082/1263 Test  #178: FixedValueTest.RejectsNonFiniteValue .....................................................................   Passed    0.21 sec
          Start  159: BiCGSTABTest.MaxIterationsReportsFailureNotSuccess
1083/1263 Test   #14: CoreException.MessageSurvivesConstruction ................................................................   Passed    0.10 sec
          Start  393: CaseValidationTest.UnsupportedPressureBoundaryTypeIsRejected
1084/1263 Test   #13: CoreException.CatchableAsStdRuntimeError .................................................................   Passed    0.13 sec
          Start  552: TimeControllerTest.MaximumStepTerminationStopsBeforeEndTime
1085/1263 Test  #118: AlgebraVector.AllFiniteDetection .........................................................................   Passed    0.16 sec
          Start  165: SolverFailureTest.LinearSolverSettingsRejectsInvalidValues
1086/1263 Test  #159: BiCGSTABTest.MaxIterationsReportsFailureNotSuccess .......................................................   Passed    0.11 sec
          Start   84: ScalarFieldTest.ElementwiseAddition
1087/1263 Test   #89: ScalarFieldTest.CompoundOperators ........................................................................   Passed    0.16 sec
          Start   94: VectorFieldTest.ScalarMultiplicationBothOrders
1088/1263 Test   #84: ScalarFieldTest.ElementwiseAddition ......................................................................   Passed    0.03 sec
          Start  286: ContinuityEquationTest.InternalFacePairCancelsExactly
1089/1263 Test   #94: VectorFieldTest.ScalarMultiplicationBothOrders ...........................................................   Passed    0.03 sec
          Start  152: CGTest.ExactInitialGuessConvergesAtIterationZero
1090/1263 Test  #310: MomentumPressureTest.MismatchedPressureSizeThrows ........................................................   Passed    0.26 sec
          Start  101: FieldArithmetic.ScalarFieldRejectsSizeMismatch
1091/1263 Test  #286: ContinuityEquationTest.InternalFacePairCancelsExactly ....................................................   Passed    0.06 sec
          Start   79: Field.FillOverwritesAllElements
1092/1263 Test  #552: TimeControllerTest.MaximumStepTerminationStopsBeforeEndTime ..............................................   Passed    0.25 sec
          Start  279: MassFluxTest.TangentialVelocityAtVerticalFaceGivesZeroFlux
1093/1263 Test  #165: SolverFailureTest.LinearSolverSettingsRejectsInvalidValues ...............................................   Passed    0.20 sec
          Start   92: VectorFieldTest.ElementwiseAdditionExactValues
1094/1263 Test  #152: CGTest.ExactInitialGuessConvergesAtIterationZero .........................................................   Passed    0.11 sec
          Start   15: CoreException.DerivedTypesCatchableAsBase
1095/1263 Test   #79: Field.FillOverwritesAllElements ..........................................................................   Passed    0.09 sec
          Start  394: CaseValidationTest.MissingPressureBlockIsRejected
1096/1263 Test   #92: VectorFieldTest.ElementwiseAdditionExactValues ...........................................................   Passed    0.04 sec
          Start   76: Field.CheckedAccessThrowsOutOfRange
1097/1263 Test  #101: FieldArithmetic.ScalarFieldRejectsSizeMismatch ...........................................................   Passed    0.14 sec
          Start  502: CSVWriterTest.WriteResidualsIterationColumnIsOneIndexed
1098/1263 Test  #393: CaseValidationTest.UnsupportedPressureBoundaryTypeIsRejected .............................................   Passed    0.37 sec
          Start   39: MeshFace.BoundaryFaceHasNoNeighbor
1099/1263 Test  #402: CaseBuilderTest.BuildsExpectedMeshFluidAndInitialFields ..................................................   Passed    0.44 sec
          Start  140: JacobiTest.RejectsMissingDiagonal
1100/1263 Test  #394: CaseValidationTest.MissingPressureBlockIsRejected ........................................................   Passed    0.08 sec
          Start  136: LinearSystemTest.ValidSystemConstructsAndExposesData
1101/1263 Test  #502: CSVWriterTest.WriteResidualsIterationColumnIsOneIndexed ..................................................   Passed    0.06 sec
          Start  309: MomentumPressureTest.AddingConstantToPressureDoesNotChangeSource
1102/1263 Test   #15: CoreException.DerivedTypesCatchableAsBase ................................................................   Passed    0.13 sec
          Start   62: CartesianMesh.TwentyByTwenty
1103/1263 Test  #309: MomentumPressureTest.AddingConstantToPressureDoesNotChangeSource .........................................   Passed    0.05 sec
          Start  526: JSONWriterTest.RepeatedWriteIsByteIdentical
1104/1263 Test  #279: MassFluxTest.TangentialVelocityAtVerticalFaceGivesZeroFlux ...............................................   Passed    0.22 sec
          Start  115: AlgebraVector.DotProduct
1105/1263 Test   #76: Field.CheckedAccessThrowsOutOfRange ......................................................................   Passed    0.16 sec
          Start   80: Field.CopyIsIndependent
1106/1263 Test   #62: CartesianMesh.TwentyByTwenty .............................................................................   Passed    0.07 sec
          Start   82: ScalarFieldTest.MutationIsIndependentAfterCopy
1107/1263 Test   #39: MeshFace.BoundaryFaceHasNoNeighbor .......................................................................   Passed    0.16 sec
          Start   44: MeshBoundaryPatch.AllowsEmptyFaceList
1108/1263 Test  #140: JacobiTest.RejectsMissingDiagonal ........................................................................   Passed    0.16 sec
          Start  272: FluidPropertiesTest.RejectsZeroDensity
1109/1263 Test  #136: LinearSystemTest.ValidSystemConstructsAndExposesData .....................................................   Passed    0.16 sec
          Start  363: CaseReaderTest.MissingCaseDirectoryThrowsIOError
1110/1263 Test  #115: AlgebraVector.DotProduct .................................................................................   Passed    0.09 sec
          Start   75: Field.CheckedAccessWorksInRange
1111/1263 Test   #80: Field.CopyIsIndependent ..................................................................................   Passed    0.09 sec
          Start  386: CaseValidationTest.UnknownPhysicsFieldIsRejected
1112/1263 Test   #82: ScalarFieldTest.MutationIsIndependentAfterCopy ...........................................................   Passed    0.09 sec
          Start    9: CoreTypes.AliasesAreUsable
1113/1263 Test   #75: Field.CheckedAccessWorksInRange ..........................................................................   Passed    0.04 sec
          Start   78: Field.DataProvidesContiguousAccess
1114/1263 Test   #44: MeshBoundaryPatch.AllowsEmptyFaceList ....................................................................   Passed    0.16 sec
          Start   19: LoggerTest.LevelCanBeChanged
1115/1263 Test    #9: CoreTypes.AliasesAreUsable ...............................................................................   Passed    0.14 sec
          Start   96: VectorFieldTest.DivisionByZeroThrows
1116/1263 Test   #19: LoggerTest.LevelCanBeChanged .............................................................................   Passed    0.07 sec
          Start  583: TransientSolverTest.StepExceedingCflFailAboveIsRejected
1117/1263 Test  #272: FluidPropertiesTest.RejectsZeroDensity ...................................................................   Passed    0.25 sec
          Start  119: SparseMatrixTest.BuilderProducesExpectedCsr
1118/1263 Test   #78: Field.DataProvidesContiguousAccess .......................................................................   Passed    0.16 sec
          Start  497: CSVWriterTest.WriteFieldsUsesFullPrecisionScientificNotation
1119/1263 Test   #96: VectorFieldTest.DivisionByZeroThrows .....................................................................   Passed    0.06 sec
          Start  148: CGTest.DiagonalMatrixWithJacobiPreconditioner
1120/1263 Test  #363: CaseReaderTest.MissingCaseDirectoryThrowsIOError .........................................................   Passed    0.28 sec
          Start   55: MeshQuality.NonSquareCellsReportCorrectAspectRatio
1121/1263 Test  #386: CaseValidationTest.UnknownPhysicsFieldIsRejected .........................................................   Passed    0.26 sec
          Start  278: MassFluxTest.InternalFaceValue
1122/1263 Test  #526: JSONWriterTest.RepeatedWriteIsByteIdentical ..............................................................   Passed    0.42 sec
          Start   23: CoreTimer.ElapsedTimeIsNonNegative
1123/1263 Test  #119: SparseMatrixTest.BuilderProducesExpectedCsr ..............................................................   Passed    0.14 sec
          Start  105: FieldArithmetic.VectorIdentities
1124/1263 Test  #148: CGTest.DiagonalMatrixWithJacobiPreconditioner ............................................................   Passed    0.13 sec
          Start  248: DiffusionTest.QuadraticFieldWithGammaHalf
1125/1263 Test  #583: TransientSolverTest.StepExceedingCflFailAboveIsRejected ..................................................   Passed    0.21 sec
          Start  235: InterpolationTest.BoundaryFaceUsesFixedValueNotOwnerValue
1126/1263 Test   #55: MeshQuality.NonSquareCellsReportCorrectAspectRatio .......................................................   Passed    0.18 sec
          Start  585: TransientSolverTest.RepeatedRunsAreDeterministic
1127/1263 Test   #23: CoreTimer.ElapsedTimeIsNonNegative .......................................................................   Passed    0.17 sec
          Start   85: ScalarFieldTest.ElementwiseSubtraction
1128/1263 Test  #105: FieldArithmetic.VectorIdentities .........................................................................   Passed    0.17 sec
          Start  139: JacobiTest.DiagonalMatrixExactInverse
1129/1263 Test   #85: ScalarFieldTest.ElementwiseSubtraction ...................................................................   Passed    0.06 sec
          Start  192: OutletTest.ScalarZeroGradientOutletIsFixedGradientZero
1130/1263 Test  #278: MassFluxTest.InternalFaceValue ...........................................................................   Passed    0.29 sec
          Start  183: WallTest.VelocityIsZeroRegardlessOfOwnerValue
1131/1263 Test  #248: DiffusionTest.QuadraticFieldWithGammaHalf ................................................................   Passed    0.19 sec
          Start  271: FluidPropertiesTest.KinematicViscosityIsMuOverRho
1132/1263 Test  #235: InterpolationTest.BoundaryFaceUsesFixedValueNotOwnerValue ................................................   Passed    0.19 sec
          Start   12: CoreConstants.ToleranceOrdering
1133/1263 Test  #585: TransientSolverTest.RepeatedRunsAreDeterministic .........................................................   Passed    0.22 sec
          Start  557: TimeControllerTest.RejectsZeroMaxSteps
1134/1263 Test  #192: OutletTest.ScalarZeroGradientOutletIsFixedGradientZero ...................................................   Passed    0.14 sec
          Start  190: InletTest.RejectsNonFiniteVelocity
1135/1263 Test  #183: WallTest.VelocityIsZeroRegardlessOfOwnerValue ............................................................   Passed    0.14 sec
          Start  147: CGTest.IdentityMatrixSolvesImmediately
1136/1263 Test  #139: JacobiTest.DiagonalMatrixExactInverse ....................................................................   Passed    0.20 sec
          Start  252: ConvectionTest.BoundaryOutflowUsesOwnerValue
1137/1263 Test  #497: CSVWriterTest.WriteFieldsUsesFullPrecisionScientificNotation .............................................   Passed    0.54 sec
          Start  161: SolverFailureTest.InfMatrixRejectedAtConstruction
1138/1263 Test   #12: CoreConstants.ToleranceOrdering ..........................................................................   Passed    0.16 sec
          Start   97: VectorFieldTest.SelfSubtractionIsZeroField
1139/1263 Test  #271: FluidPropertiesTest.KinematicViscosityIsMuOverRho ........................................................   Passed    0.25 sec
          Start   20: LoggerTest.MessagesAtOrAboveLevelAreEmittedWithPrefix
1140/1263 Test  #161: SolverFailureTest.InfMatrixRejectedAtConstruction ........................................................   Passed    0.11 sec
          Start   34: MeshCell.StoresIdCentroidAndVolume
1141/1263 Test  #190: InletTest.RejectsNonFiniteVelocity .......................................................................   Passed    0.20 sec
          Start  166: SolverDeterminismTest.CGRepeatedSolvesAreIdentical
1142/1263 Test  #147: CGTest.IdentityMatrixSolvesImmediately ...................................................................   Passed    0.20 sec
          Start  108: FieldArithmetic.TwentyByTwentyMeshIntegration
1143/1263 Test  #557: TimeControllerTest.RejectsZeroMaxSteps ...................................................................   Passed    0.26 sec
          Start  179: FixedGradientTest.NonzeroGradient
1144/1263 Test   #97: VectorFieldTest.SelfSubtractionIsZeroField ...............................................................   Passed    0.17 sec
          Start  128: SparseMatrixTest.RejectsMismatchedValuesAndColumns
1145/1263 Test  #252: ConvectionTest.BoundaryOutflowUsesOwnerValue .............................................................   Passed    0.22 sec
          Start  991: SIMPLESettingsTest.RejectsZeroVelocityRelaxation
1146/1263 Test  #108: FieldArithmetic.TwentyByTwentyMeshIntegration ............................................................   Passed    0.06 sec
          Start   81: ScalarFieldTest.ConstructionAndInitialization
1147/1263 Test   #20: LoggerTest.MessagesAtOrAboveLevelAreEmittedWithPrefix ....................................................   Passed    0.16 sec
          Start   18: LoggerTest.DefaultableLevelRoundTrips
1148/1263 Test   #34: MeshCell.StoresIdCentroidAndVolume .......................................................................   Passed    0.15 sec
          Start  287: ContinuityEquationTest.UniformChannelHasLocalBalanceEverywhere
1149/1263 Test  #166: SolverDeterminismTest.CGRepeatedSolvesAreIdentical .......................................................   Passed    0.15 sec
          Start  250: DiffusionTest.ZeroFluxBoundaryConservesGlobally
1150/1263 Test  #128: SparseMatrixTest.RejectsMismatchedValuesAndColumns .......................................................   Passed    0.12 sec
          Start   16: CoreException.ConvergenceErrorIsCatchableAsNumericalError
1151/1263 Test  #179: FixedGradientTest.NonzeroGradient ........................................................................   Passed    0.17 sec
          Start  291: ContinuityEquationTest.MismatchedMassFluxSizeThrows
1152/1263 Test   #81: ScalarFieldTest.ConstructionAndInitialization ............................................................   Passed    0.16 sec
          Start  112: AlgebraVector.ScalarMultiplicationBothOrders
1153/1263 Test   #18: LoggerTest.DefaultableLevelRoundTrips ....................................................................   Passed    0.15 sec
          Start  180: FixedGradientTest.ZeroGradientReturnsOwnerValue
1154/1263 Test   #16: CoreException.ConvergenceErrorIsCatchableAsNumericalError ................................................   Passed    0.11 sec
          Start  130: SparseMatrixTest.RejectsRowOffsetsBackMismatch
1155/1263 Test  #287: ContinuityEquationTest.UniformChannelHasLocalBalanceEverywhere ...........................................   Passed    0.20 sec
          Start  132: SparseMatrixTest.RejectsUnsortedColumnsWithinRow
1156/1263 Test  #291: ContinuityEquationTest.MismatchedMassFluxSizeThrows ......................................................   Passed    0.13 sec
          Start  254: ConvectionTest.ConstantFieldGivesZeroConvection
1157/1263 Test  #250: DiffusionTest.ZeroFluxBoundaryConservesGlobally ..........................................................   Passed    0.21 sec
          Start   83: ScalarFieldTest.Fill
1158/1263 Test  #254: ConvectionTest.ConstantFieldGivesZeroConvection ..........................................................   Passed    0.03 sec
          Start  154: BiCGSTABTest.SolvesNonsymmetricSystem
1159/1263 Test  #991: SIMPLESettingsTest.RejectsZeroVelocityRelaxation .........................................................   Passed    0.34 sec
          Start  145: CGTest.SolvesTwoByTwoSpdSystem
1160/1263 Test  #112: AlgebraVector.ScalarMultiplicationBothOrders .............................................................   Passed    0.16 sec
          Start   93: VectorFieldTest.ElementwiseSubtraction
1161/1263 Test  #130: SparseMatrixTest.RejectsRowOffsetsBackMismatch ...........................................................   Passed    0.14 sec
          Start  284: MassFluxTest.MismatchedVelocitySizeThrows
1162/1263 Test  #132: SparseMatrixTest.RejectsUnsortedColumnsWithinRow .........................................................   Passed    0.11 sec
          Start   52: MeshGeometry.OwnerNeighborDistanceMatchesCartesianSpacing
1163/1263 Test  #180: FixedGradientTest.ZeroGradientReturnsOwnerValue ..........................................................   Passed    0.19 sec
          Start  198: BoundaryConditionSetTest.RejectsDuplicateAssignment
1164/1263 Test   #83: ScalarFieldTest.Fill .....................................................................................   Passed    0.11 sec
          Start   71: Field.DefaultConstructionIsEmpty
1165/1263 Test   #93: VectorFieldTest.ElementwiseSubtraction ...................................................................   Passed    0.08 sec
          Start   21: LoggerTest.MessagesBelowLevelAreFiltered
1166/1263 Test  #154: BiCGSTABTest.SolvesNonsymmetricSystem ....................................................................   Passed    0.13 sec
          Start  162: SolverFailureTest.CgFailsBeforeIteratingOnNanRhs
1167/1263 Test  #145: CGTest.SolvesTwoByTwoSpdSystem ...........................................................................   Passed    0.15 sec
          Start  253: ConvectionTest.BoundaryInflowUsesGhostReflectedValue
1168/1263 Test   #52: MeshGeometry.OwnerNeighborDistanceMatchesCartesianSpacing ................................................   Passed    0.17 sec
          Start   40: MeshFace.AreaIsMagnitudeOfAreaVector
1169/1263 Test   #71: Field.DefaultConstructionIsEmpty .........................................................................   Passed    0.17 sec
          Start 1029: SIMPLEFailureTest.PressureSolverTooFewIterationsReportsPressureCorrectionFailure
1170/1263 Test  #198: BoundaryConditionSetTest.RejectsDuplicateAssignment ......................................................   Passed    0.21 sec
          Start   17: CoreException.CategoriesAreDistinguishable
1171/1263 Test   #21: LoggerTest.MessagesBelowLevelAreFiltered .................................................................   Passed    0.19 sec
          Start  273: FluidPropertiesTest.RejectsNegativeDensity
1172/1263 Test  #284: MassFluxTest.MismatchedVelocitySizeThrows ................................................................   Passed    0.29 sec
          Start 1027: SIMPLEFailureTest.MaxIterationsIsNotReportedAsConverged
1173/1263 Test  #162: SolverFailureTest.CgFailsBeforeIteratingOnNanRhs .........................................................   Passed    0.20 sec
          Start  992: SIMPLESettingsTest.RejectsNegativeVelocityRelaxation
1174/1263 Test  #253: ConvectionTest.BoundaryInflowUsesGhostReflectedValue .....................................................   Passed    0.22 sec
          Start 1019: FluxCorrectionTest.InternalFaceCorrectionMatchesDCoefficientTimesPressureDifference
1175/1263 Test   #40: MeshFace.AreaIsMagnitudeOfAreaVector .....................................................................   Passed    0.16 sec
          Start 1033: SIMPLEFailureTest.OutOfRangeReferenceCellReportsInvalidConfiguration
1176/1263 Test   #17: CoreException.CategoriesAreDistinguishable ...............................................................   Passed    0.15 sec
          Start 1016: VelocityCorrectionTest.LinearPressureCorrectionGivesExpectedComponentwiseCorrection
1177/1263 Test  #992: SIMPLESettingsTest.RejectsNegativeVelocityRelaxation .....................................................   Passed    0.15 sec
          Start 1004: MomentumPredictorRelaxationTest.RejectsMismatchedPreviousValueSize
1178/1263 Test #1019: FluxCorrectionTest.InternalFaceCorrectionMatchesDCoefficientTimesPressureDifference ......................   Passed    0.12 sec
          Start 1020: FluxCorrectionTest.BoundaryFluxIsUnchangedByCorrection
1179/1263 Test #1029: SIMPLEFailureTest.PressureSolverTooFewIterationsReportsPressureCorrectionFailure .........................   Passed    0.25 sec
          Start 1031: SIMPLEFailureTest.MismatchedInitialFieldSizeReportsInvalidConfiguration
1180/1263 Test #1027: SIMPLEFailureTest.MaxIterationsIsNotReportedAsConverged ..................................................   Passed    0.21 sec
          Start 1021: FluxCorrectionTest.ConstantPressureCorrectionGivesZeroFluxCorrectionEverywhere
1181/1263 Test #1033: SIMPLEFailureTest.OutOfRangeReferenceCellReportsInvalidConfiguration .....................................   Passed    0.15 sec
          Start  995: SIMPLESettingsTest.RejectsNonFinitePressureRelaxation
1182/1263 Test #1016: VelocityCorrectionTest.LinearPressureCorrectionGivesExpectedComponentwiseCorrection ......................   Passed    0.12 sec
          Start 1012: PressureCorrectionTest.NonPositiveDensityThrows
1183/1263 Test  #273: FluidPropertiesTest.RejectsNegativeDensity ...............................................................   Passed    0.27 sec
          Start 1030: SIMPLEFailureTest.InvalidSettingsReportInvalidConfiguration
1184/1263 Test #1004: MomentumPredictorRelaxationTest.RejectsMismatchedPreviousValueSize .......................................   Passed    0.10 sec
          Start 1028: SIMPLEFailureTest.MomentumSolverTooFewIterationsReportsMomentumFailure
1185/1263 Test #1020: FluxCorrectionTest.BoundaryFluxIsUnchangedByCorrection ...................................................   Passed    0.10 sec
          Start 1005: MomentumPredictorRelaxationTest.RejectsMismatchedRhsSize
1186/1263 Test #1031: SIMPLEFailureTest.MismatchedInitialFieldSizeReportsInvalidConfiguration ..................................   Passed    0.10 sec
          Start  996: SIMPLESettingsTest.RejectsZeroVelocityTolerance
1187/1263 Test #1021: FluxCorrectionTest.ConstantPressureCorrectionGivesZeroFluxCorrectionEverywhere ...........................   Passed    0.10 sec
          Start 1006: PressureCorrectionTest.TwoCellProbeSourceSignAndSolutionMatchHandDerivation
1188/1263 Test  #995: SIMPLESettingsTest.RejectsNonFinitePressureRelaxation ....................................................   Passed    0.10 sec
          Start 1015: VelocityCorrectionTest.ConstantPressureCorrectionGivesZeroVelocityCorrection
1189/1263 Test #1012: PressureCorrectionTest.NonPositiveDensityThrows ..........................................................   Passed    0.10 sec
          Start 1011: PressureCorrectionTest.MismatchedReferenceCellThrows
1190/1263 Test #1030: SIMPLEFailureTest.InvalidSettingsReportInvalidConfiguration ..............................................   Passed    0.10 sec
          Start 1001: MomentumPredictorRelaxationTest.OffDiagonalCoefficientsAreUnchanged
1191/1263 Test #1028: SIMPLEFailureTest.MomentumSolverTooFewIterationsReportsMomentumFailure ...................................   Passed    0.09 sec
          Start  993: SIMPLESettingsTest.RejectsVelocityRelaxationAboveOne
1192/1263 Test #1005: MomentumPredictorRelaxationTest.RejectsMismatchedRhsSize .................................................   Passed    0.09 sec
          Start 1014: PressureCorrectionTest.OpenBoundaryDoesNotForceReferenceCellRow
1193/1263 Test  #996: SIMPLESettingsTest.RejectsZeroVelocityTolerance ..........................................................   Passed    0.09 sec
          Start 1002: MomentumPredictorRelaxationTest.AlphaOneIsAnExactNoOp
1194/1263 Test #1006: PressureCorrectionTest.TwoCellProbeSourceSignAndSolutionMatchHandDerivation ..............................   Passed    0.09 sec
          Start  989: SIMPLESettingsTest.DefaultsAreValid
1195/1263 Test #1015: VelocityCorrectionTest.ConstantPressureCorrectionGivesZeroVelocityCorrection .............................   Passed    0.09 sec
          Start 1017: VelocityCorrectionTest.DifferentUAndVResponseCoefficientsApplyToTheirOwnComponent
1196/1263 Test #1011: PressureCorrectionTest.MismatchedReferenceCellThrows .....................................................   Passed    0.10 sec
          Start 1007: PressureCorrectionTest.ReferenceRowIsExactIdentity
1197/1263 Test #1001: MomentumPredictorRelaxationTest.OffDiagonalCoefficientsAreUnchanged ......................................   Passed    0.09 sec
          Start  999: MomentumPredictorRelaxationTest.RelaxedDiagonalMatchesAPOverAlphaExactly
1198/1263 Test  #993: SIMPLESettingsTest.RejectsVelocityRelaxationAboveOne .....................................................   Passed    0.10 sec
          Start  990: SIMPLESettingsTest.RejectsZeroMaxIterations
1199/1263 Test #1014: PressureCorrectionTest.OpenBoundaryDoesNotForceReferenceCellRow ..........................................   Passed    0.09 sec
          Start 1018: VelocityCorrectionTest.MismatchedSizeThrows
1200/1263 Test #1002: MomentumPredictorRelaxationTest.AlphaOneIsAnExactNoOp ....................................................   Passed    0.09 sec
          Start 1013: PressureCorrectionTest.OpenBoundaryDirichletCouplingMatchesHandDerivation
1201/1263 Test  #989: SIMPLESettingsTest.DefaultsAreValid ......................................................................   Passed    0.09 sec
          Start 1000: MomentumPredictorRelaxationTest.RelaxedSourceMatchesDerivationExactly
1202/1263 Test #1017: VelocityCorrectionTest.DifferentUAndVResponseCoefficientsApplyToTheirOwnComponent ........................   Passed    0.09 sec
          Start  997: SIMPLESettingsTest.RejectsNegativePressureTolerance
1203/1263 Test #1007: PressureCorrectionTest.ReferenceRowIsExactIdentity .......................................................   Passed    0.10 sec
          Start 1034: SIMPLENonFiniteTest.NaNInitialVelocityIsDetectedImmediately
1204/1263 Test  #999: MomentumPredictorRelaxationTest.RelaxedDiagonalMatchesAPOverAlphaExactly .................................   Passed    0.09 sec
          Start 1035: SIMPLENonFiniteTest.InfiniteInitialPressureIsDetectedImmediately
1205/1263 Test  #990: SIMPLESettingsTest.RejectsZeroMaxIterations ..............................................................   Passed    0.09 sec
          Start 1003: MomentumPredictorRelaxationTest.RejectsAlphaOutOfRange
1206/1263 Test #1018: VelocityCorrectionTest.MismatchedSizeThrows ..............................................................   Passed    0.09 sec
          Start  994: SIMPLESettingsTest.AcceptsVelocityRelaxationExactlyOne
1207/1263 Test #1013: PressureCorrectionTest.OpenBoundaryDirichletCouplingMatchesHandDerivation ................................   Passed    0.09 sec
          Start  998: SIMPLESettingsTest.RejectsNonFiniteContinuityTolerance
1208/1263 Test #1000: MomentumPredictorRelaxationTest.RelaxedSourceMatchesDerivationExactly ....................................   Passed    0.10 sec
          Start 1009: PressureCorrectionTest.NonReferenceRowsConserveConstantInput
1209/1263 Test  #997: SIMPLESettingsTest.RejectsNegativePressureTolerance ......................................................   Passed    0.10 sec
          Start 1032: SIMPLEFailureTest.InvalidInnerSolverSettingsReportInvalidConfiguration
1210/1263 Test #1034: SIMPLENonFiniteTest.NaNInitialVelocityIsDetectedImmediately ..............................................   Passed    0.10 sec
          Start 1008: PressureCorrectionTest.ConstantResponseCoefficientGivesSymmetricInternalCoupling
1211/1263 Test #1035: SIMPLENonFiniteTest.InfiniteInitialPressureIsDetectedImmediately .........................................   Passed    0.10 sec
          Start 1022: FluxCorrectionTest.MismatchedFaceCoefficientSizeThrows
1212/1263 Test #1003: MomentumPredictorRelaxationTest.RejectsAlphaOutOfRange ...................................................   Passed    0.10 sec
          Start 1010: PressureCorrectionTest.BoundaryFacesGetZeroCoefficient
1213/1263 Test  #994: SIMPLESettingsTest.AcceptsVelocityRelaxationExactlyOne ...................................................   Passed    0.10 sec
          Start   10: CoreConstants.PiIsCorrect
1214/1263 Test  #998: SIMPLESettingsTest.RejectsNonFiniteContinuityTolerance ...................................................   Passed    0.10 sec
          Start   27: GpuBackendCpuFallbackTest.CudaAvailableNeverThrows
1215/1263 Test #1009: PressureCorrectionTest.NonReferenceRowsConserveConstantInput .............................................   Passed    0.10 sec
          Start   28: GpuBackendCpuFallbackTest.ExecutionStatsStartAtZeroWithNoDeviceActivity
1216/1263 Test #1032: SIMPLEFailureTest.InvalidInnerSolverSettingsReportInvalidConfiguration ...................................   Passed    0.09 sec
          Start   29: GpuBackendCpuFallbackTest.ResetIsANoOpWhenAlreadyZero
1217/1263 Test #1008: PressureCorrectionTest.ConstantResponseCoefficientGivesSymmetricInternalCoupling .........................   Passed    0.09 sec
          Start   30: GpuResidencyManagerCpuFallbackTest.ActiveMatchesCudaAvailable
1218/1263 Test #1022: FluxCorrectionTest.MismatchedFaceCoefficientSizeThrows ...................................................   Passed    0.09 sec
          Start   31: GpuResidencyManagerCpuFallbackTest.SyncMatrixNeverThrowsRegardlessOfDevice
1219/1263 Test #1010: PressureCorrectionTest.BoundaryFacesGetZeroCoefficient ...................................................   Passed    0.09 sec
          Start   32: GpuResidencyManagerCpuFallbackTest.SyncFieldNeverThrowsRegardlessOfDevice
1220/1263 Test   #29: GpuBackendCpuFallbackTest.ResetIsANoOpWhenAlreadyZero ....................................................   Passed    0.05 sec
          Start   33: GpuResidencyManagerCpuFallbackTest.MoveConstructionAndAssignmentAreSafe
1221/1263 Test   #28: GpuBackendCpuFallbackTest.ExecutionStatsStartAtZeroWithNoDeviceActivity ..................................   Passed    0.07 sec
          Start  142: JacobiTest.RejectsNearZeroDiagonal
1222/1263 Test   #27: GpuBackendCpuFallbackTest.CudaAvailableNeverThrows .......................................................   Passed    0.11 sec
          Start  143: JacobiTest.AcceptsSmallButSafeDiagonal
1223/1263 Test   #10: CoreConstants.PiIsCorrect ................................................................................   Passed    0.13 sec
          Start  149: CGTest.RepeatedSolveRebuildsPreconditionerEachTime
1224/1263 Test   #30: GpuResidencyManagerCpuFallbackTest.ActiveMatchesCudaAvailable ............................................   Passed    0.09 sec
          Start  150: CGTest.InvalidSystemWhenPreconditionerRejectsTheMatrix
1225/1263 Test   #31: GpuResidencyManagerCpuFallbackTest.SyncMatrixNeverThrowsRegardlessOfDevice ...............................   Passed    0.09 sec
          Start  155: BiCGSTABTest.SolvesWithJacobiPreconditioner
1226/1263 Test   #32: GpuResidencyManagerCpuFallbackTest.SyncFieldNeverThrowsRegardlessOfDevice ................................   Passed    0.09 sec
          Start  156: BiCGSTABTest.InvalidSystemWhenPreconditionerRejectsTheMatrix
1227/1263 Test   #33: GpuResidencyManagerCpuFallbackTest.MoveConstructionAndAssignmentAreSafe ..................................   Passed    0.09 sec
          Start  168: LinearSolverFactoryTest.DefaultSettingsSelectCpuBiCGSTAB
1228/1263 Test  #149: CGTest.RepeatedSolveRebuildsPreconditionerEachTime .......................................................   Passed    0.07 sec
          Start  169: LinearSolverFactoryTest.CgTypeSelectsCpuCG
1229/1263 Test  #142: JacobiTest.RejectsNearZeroDiagonal .......................................................................   Passed    0.10 sec
          Start  170: LinearSolverFactoryTest.GpuBackendRequestNeverThrowsRegardlessOfDeviceAvailability
1230/1263 Test  #143: JacobiTest.AcceptsSmallButSafeDiagonal ...................................................................   Passed    0.11 sec
          Start  171: LinearSolverFactoryTest.GpuBackendReportsAvailabilityConsistentlyAndFallsBackDeterministically
1231/1263 Test  #150: CGTest.InvalidSystemWhenPreconditionerRejectsTheMatrix ...................................................   Passed    0.09 sec
          Start  172: LinearSolverFactoryTest.CpuJacobiPreconditionerTypeMatchesExplicitJacobiPreconditioner
1232/1263 Test  #155: BiCGSTABTest.SolvesWithJacobiPreconditioner ..............................................................   Passed    0.09 sec
          Start  173: LinearSolverFactoryTest.ExplicitPreconditionerArgumentOverridesSettingsPreconditioner
1233/1263 Test  #156: BiCGSTABTest.InvalidSystemWhenPreconditionerRejectsTheMatrix .............................................   Passed    0.09 sec
          Start  174: LinearSolverFactoryTest.GpuBackendJacobiRequestNeverThrowsAndConverges
1234/1263 Test  #168: LinearSolverFactoryTest.DefaultSettingsSelectCpuBiCGSTAB .................................................   Passed    0.09 sec
          Start  175: LinearSolverFactoryTest.InvalidSettingsStillThrowRegardlessOfBackend
1235/1263 Test  #169: LinearSolverFactoryTest.CgTypeSelectsCpuCG ...............................................................   Passed    0.09 sec
          Start  360: CaseReaderTest.CgTypeAndGpuBackendParseCorrectly
1236/1263 Test  #170: LinearSolverFactoryTest.GpuBackendRequestNeverThrowsRegardlessOfDeviceAvailability .......................   Passed    0.09 sec
          Start  401: CaseValidationTest.UnsupportedLinearSolverBackendIsRejected
1237/1263 Test  #171: LinearSolverFactoryTest.GpuBackendReportsAvailabilityConsistentlyAndFallsBackDeterministically ...........   Passed    0.09 sec
          Start 1060: SIMPLEGpuResidencyTest.DisabledByDefaultIssuesNoGpuActivity
1238/1263 Test  #172: LinearSolverFactoryTest.CpuJacobiPreconditionerTypeMatchesExplicitJacobiPreconditioner ...................   Passed    0.09 sec
          Start 1061: SIMPLEGpuResidencyTest.EnablingResidencyDoesNotChangeTheComputedResult
1239/1263 Test  #173: LinearSolverFactoryTest.ExplicitPreconditionerArgumentOverridesSettingsPreconditioner ....................   Passed    0.09 sec
          Start 1062: SIMPLEGpuResidencyTest.RepeatedOuterIterationsReuseGpuResidencyWithoutReallocating
1240/1263 Test  #174: LinearSolverFactoryTest.GpuBackendJacobiRequestNeverThrowsAndConverges ...................................   Passed    0.09 sec
          Start 1063: SIMPLEGpuSolverTest.GpuBackendReproducesCpuCavitySolutionWithinTolerance
1241/1263 Test  #175: LinearSolverFactoryTest.InvalidSettingsStillThrowRegardlessOfBackend .....................................   Passed    0.09 sec
          Start 1064: SIMPLEGpuSolverTest.GpuBackendSatisfiesTheSameConvergenceCriteria
1242/1263 Test #1060: SIMPLEGpuResidencyTest.DisabledByDefaultIssuesNoGpuActivity ..............................................   Passed    0.22 sec
          Start 1065: SIMPLEGpuSolverTest.RepeatedOuterIterationsReuseGpuSolverBuffersWithoutReallocating
1243/1263 Test #1061: SIMPLEGpuResidencyTest.EnablingResidencyDoesNotChangeTheComputedResult ...................................   Passed    0.23 sec
          Start 1135: CavityGhiaValidation.Grid40x40ConvergesAndMatchesGhia
1244/1263 Test #1135: CavityGhiaValidation.Grid40x40ConvergesAndMatchesGhia ....................................................***Not Run (Disabled)   0.00 sec
          Start 1136: CavityGhiaValidation.Grid80x80ConvergesAndMatchesGhia
1245/1263 Test #1136: CavityGhiaValidation.Grid80x80ConvergesAndMatchesGhia ....................................................***Not Run (Disabled)   0.00 sec
          Start 1137: CavityGhiaValidation.GridRefinementReducesGhiaError
1246/1263 Test #1137: CavityGhiaValidation.GridRefinementReducesGhiaError ......................................................***Not Run (Disabled)   0.00 sec
          Start 1142: PoiseuilleValidation.Grid128x16ConvergesAndMatchesAnalyticalProfile
1247/1263 Test #1142: PoiseuilleValidation.Grid128x16ConvergesAndMatchesAnalyticalProfile ......................................***Not Run (Disabled)   0.00 sec
          Start 1143: PoiseuilleValidation.Grid256x32ConvergesAndMatchesAnalyticalProfile
1248/1263 Test #1143: PoiseuilleValidation.Grid256x32ConvergesAndMatchesAnalyticalProfile ......................................***Not Run (Disabled)   0.00 sec
          Start 1144: PoiseuilleValidation.GridRefinementReducesVelocityError
1249/1263 Test #1144: PoiseuilleValidation.GridRefinementReducesVelocityError ..................................................***Not Run (Disabled)   0.00 sec
          Start 1168: NaturalConvectionValidation.Grid20x20MatchesDeVahlDavisRa1e3
1250/1263 Test #1168: NaturalConvectionValidation.Grid20x20MatchesDeVahlDavisRa1e3 .............................................***Not Run (Disabled)   0.00 sec
          Start 1169: NaturalConvectionValidation.GridRefinementReducesNusseltError
1251/1263 Test #1169: NaturalConvectionValidation.GridRefinementReducesNusseltError ............................................***Not Run (Disabled)   0.00 sec
          Start 1174: CaseLidDrivenCavityIntegrationTest.ProductionCaseLoadsBuildsAndConverges
1252/1263 Test #1174: CaseLidDrivenCavityIntegrationTest.ProductionCaseLoadsBuildsAndConverges .................................***Not Run (Disabled)   0.00 sec
          Start 1220: ChannelFlowValidation.KEpsilonFineConvergesAndMatchesLogLaw
1253/1263 Test #1220: ChannelFlowValidation.KEpsilonFineConvergesAndMatchesLogLaw ..............................................***Not Run (Disabled)   0.00 sec
          Start 1223: ChannelFlowValidation.KOmegaFineConvergesAndMatchesLogLaw
1254/1263 Test #1223: ChannelFlowValidation.KOmegaFineConvergesAndMatchesLogLaw ................................................***Not Run (Disabled)   0.00 sec
          Start 1226: ChannelFlowValidation.SSTFineConvergesAndMatchesLogLaw
1255/1263 Test #1226: ChannelFlowValidation.SSTFineConvergesAndMatchesLogLaw ...................................................***Not Run (Disabled)   0.00 sec
          Start 1227: ChannelFlowValidation.KEpsilonGridRefinementReducesReTauError
1256/1263 Test #1227: ChannelFlowValidation.KEpsilonGridRefinementReducesReTauError ............................................***Not Run (Disabled)   0.00 sec
1257/1263 Test  #360: CaseReaderTest.CgTypeAndGpuBackendParseCorrectly .........................................................   Passed    0.47 sec
1258/1263 Test  #401: CaseValidationTest.UnsupportedLinearSolverBackendIsRejected ..............................................   Passed    0.47 sec
1259/1263 Test #1062: SIMPLEGpuResidencyTest.RepeatedOuterIterationsReuseGpuResidencyWithoutReallocating .......................   Passed    0.44 sec
1260/1263 Test #1065: SIMPLEGpuSolverTest.RepeatedOuterIterationsReuseGpuSolverBuffersWithoutReallocating ......................   Passed    0.26 sec
1261/1263 Test #1064: SIMPLEGpuSolverTest.GpuBackendSatisfiesTheSameConvergenceCriteria ........................................   Passed    3.17 sec
1262/1263 Test #1063: SIMPLEGpuSolverTest.GpuBackendReproducesCpuCavitySolutionWithinTolerance .................................   Passed    5.64 sec
1263/1263 Test #1138: CavityGhiaValidation.Grid20x20IsDeterministic ............................................................   Passed  303.61 sec

100% tests passed, 0 tests failed out of 1250

Label Time Summary:
integration    =  16.43 sec*proc (29 tests)
numerical      =  71.80 sec*proc (325 tests)
solver         = 233.97 sec*proc (145 tests)
unit           = 193.01 sec*proc (656 tests)
validation     = 6656.10 sec*proc (108 tests)

Total Test time (real) = 923.26 sec

The following tests did not run:
	1135 - CavityGhiaValidation.Grid40x40ConvergesAndMatchesGhia (Disabled)
	1136 - CavityGhiaValidation.Grid80x80ConvergesAndMatchesGhia (Disabled)
	1137 - CavityGhiaValidation.GridRefinementReducesGhiaError (Disabled)
	1142 - PoiseuilleValidation.Grid128x16ConvergesAndMatchesAnalyticalProfile (Disabled)
	1143 - PoiseuilleValidation.Grid256x32ConvergesAndMatchesAnalyticalProfile (Disabled)
	1144 - PoiseuilleValidation.GridRefinementReducesVelocityError (Disabled)
	1168 - NaturalConvectionValidation.Grid20x20MatchesDeVahlDavisRa1e3 (Disabled)
	1169 - NaturalConvectionValidation.GridRefinementReducesNusseltError (Disabled)
	1174 - CaseLidDrivenCavityIntegrationTest.ProductionCaseLoadsBuildsAndConverges (Disabled)
	1220 - ChannelFlowValidation.KEpsilonFineConvergesAndMatchesLogLaw (Disabled)
	1223 - ChannelFlowValidation.KOmegaFineConvergesAndMatchesLogLaw (Disabled)
	1226 - ChannelFlowValidation.SSTFineConvergesAndMatchesLogLaw (Disabled)
	1227 - ChannelFlowValidation.KEpsilonGridRefinementReducesReTauError (Disabled)
