# vtk DataFile Version 3.0
CFDApp solution
ASCII
DATASET UNSTRUCTURED_GRID
POINTS 1209 double
1.00000000000000000e+00 0.00000000000000000e+00 0
1.08333333333333326e+00 0.00000000000000000e+00 0
1.16666666666666674e+00 0.00000000000000000e+00 0
1.25000000000000000e+00 0.00000000000000000e+00 0
1.33333333333333326e+00 0.00000000000000000e+00 0
1.41666666666666674e+00 0.00000000000000000e+00 0
1.50000000000000000e+00 0.00000000000000000e+00 0
1.58333333333333348e+00 0.00000000000000000e+00 0
1.66666666666666652e+00 0.00000000000000000e+00 0
1.75000000000000000e+00 0.00000000000000000e+00 0
1.83333333333333348e+00 0.00000000000000000e+00 0
1.91666666666666652e+00 0.00000000000000000e+00 0
2.00000000000000000e+00 0.00000000000000000e+00 0
9.98629534754573833e-01 5.23359562429438277e-02 0
1.08184866265078816e+00 5.66972859298558104e-02 0
1.16506779054700282e+00 6.10586156167678001e-02 0
1.24828691844321726e+00 6.54199453036797829e-02 0
1.33150604633943170e+00 6.97812749905917656e-02 0
1.41472517423564637e+00 7.41426046775037623e-02 0
1.49794430213186081e+00 7.85039343644157450e-02 0
1.58116343002807547e+00 8.28652640513277416e-02 0
1.66438255792428969e+00 8.72265937382397105e-02 0
1.74760168582050412e+00 9.15879234251516933e-02 0
1.83082081371671879e+00 9.59492531120636899e-02 0
1.91403994161293300e+00 1.00310582798975659e-01 0
1.99725906950914767e+00 1.04671912485887655e-01 0
9.94521895368273290e-01 1.04528463267653457e-01 0
1.07739871998229608e+00 1.13239168539957899e-01 0
1.16027554459631888e+00 1.21949873812262369e-01 0
1.24315236921034167e+00 1.30660579084566825e-01 0
1.32602919382436424e+00 1.39371284356871267e-01 0
1.40890601843838725e+00 1.48081989629175736e-01 0
1.49178284305240982e+00 1.56792694901480179e-01 0
1.57465966766643284e+00 1.65503400173784648e-01 0
1.65753649228045541e+00 1.74214105446089090e-01 0
1.74041331689447820e+00 1.82924810718393560e-01 0
1.82329014150850122e+00 1.91635515990698030e-01 0
1.90616696612252357e+00 2.00346221263002444e-01 0
1.98904379073654658e+00 2.09056926535306914e-01 0
9.87688340595137770e-01 1.56434465040230869e-01 0
1.06999570231139929e+00 1.69470670460250106e-01 0
1.15230306402766081e+00 1.82506875880269370e-01 0
1.23461042574392232e+00 1.95543081300288579e-01 0
1.31691778746018362e+00 2.08579286720307816e-01 0
1.39922514917644514e+00 2.21615492140327081e-01 0
1.48153251089270666e+00 2.34651697560346317e-01 0
1.56383987260896817e+00 2.47687902980365554e-01 0
1.64614723432522947e+00 2.60724108400384735e-01 0
1.72845459604149099e+00 2.73760313820404000e-01 0
1.81076195775775273e+00 2.86796519240423264e-01 0
1.89306931947401402e+00 2.99832724660442473e-01 0
1.97537668119027554e+00 3.12868930080461738e-01 0
9.78147600733805689e-01 2.07911690817759315e-01 0
1.05965990079495609e+00 2.25237665052572589e-01 0
1.14117220085610671e+00 2.42563639287385890e-01 0
1.22268450091725711e+00 2.59889613522199137e-01 0
1.30419680097840751e+00 2.77215587757012383e-01 0
1.38570910103955813e+00 2.94541561991825684e-01 0
1.46722140110070853e+00 3.11867536226638986e-01 0
1.54873370116185916e+00 3.29193510461452288e-01 0
1.63024600122300933e+00 3.46519484696265478e-01 0
1.71175830128415996e+00 3.63845458931078780e-01 0
1.79327060134531058e+00 3.81171433165892082e-01 0
1.87478290140646076e+00 3.98497407400705328e-01 0
1.95629520146761138e+00 4.15823381635518630e-01 0
9.65925826289068312e-01 2.58819045102520739e-01 0
1.04641964514649066e+00 2.80387298861064116e-01 0
1.12691346400391312e+00 3.01955552619607548e-01 0
1.20740728286133536e+00 3.23523806378150924e-01 0
1.28790110171875760e+00 3.45092060136694301e-01 0
1.36839492057618028e+00 3.66660313895237733e-01 0
1.44888873943360252e+00 3.88228567653781109e-01 0
1.52938255829102498e+00 4.09796821412324541e-01 0
1.60987637714844700e+00 4.31365075170867862e-01 0
1.69037019600586946e+00 4.52933328929411294e-01 0
1.77086401486329215e+00 4.74501582687954726e-01 0
1.85135783372071416e+00 4.96069836446498047e-01 0
1.93185165257813662e+00 5.17638090205041479e-01 0
9.51056516295153531e-01 3.09016994374947396e-01 0
1.03031122598641622e+00 3.34768410572859665e-01 0
1.10956593567767925e+00 3.60519826770771989e-01 0
1.18882064536894183e+00 3.86271242968684259e-01 0
1.26807535506020463e+00 4.12022659166596528e-01 0
1.34733006475146766e+00 4.37774075364508852e-01 0
1.42658477444273024e+00 4.63525491562421066e-01 0
1.50583948413399327e+00 4.89276907760333446e-01 0
1.58509419382525585e+00 5.15028323958245604e-01 0
1.66434890351651865e+00 5.40779740156157929e-01 0
1.74360361320778168e+00 5.66531156354070253e-01 0
1.82285832289904404e+00 5.92282572551982467e-01 0
1.90211303259030706e+00 6.18033988749894792e-01 0
9.33580426497201743e-01 3.58367949545300268e-01 0
1.01137879537196840e+00 3.88231945340741957e-01 0
1.08917716424673539e+00 4.18095941136183646e-01 0
1.16697553312150215e+00 4.47959936931625335e-01 0
1.24477390199626892e+00 4.77823932727067024e-01 0
1.32257227087103590e+00 5.07687928522508769e-01 0
1.40037063974580267e+00 5.37551924317950403e-01 0
1.47816900862056966e+00 5.67415920113392147e-01 0
1.55596737749533620e+00 5.97279915908833781e-01 0
1.63376574637010297e+00 6.27143911704275414e-01 0
1.71156411524486995e+00 6.57007907499717159e-01 0
1.78936248411963650e+00 6.86871903295158792e-01 0
1.86716085299440349e+00 7.16735899090600537e-01 0
9.13545457642600867e-01 4.06736643075800153e-01 0
9.89674245779484152e-01 4.40631363332116777e-01 0
1.06580303391636777e+00 4.74526083588433567e-01 0
1.14193182205325106e+00 5.08420803844750191e-01 0
1.21806061019013434e+00 5.42315524101066870e-01 0
1.29418939832701807e+00 5.76210244357383550e-01 0
1.37031818646390136e+00 6.10104964613700229e-01 0
1.44644697460078486e+00 6.43999684870017020e-01 0
1.52257576273766793e+00 6.77894405126333477e-01 0
1.59870455087455143e+00 7.11789125382650267e-01 0
1.67483333901143516e+00 7.45683845638967058e-01 0
1.75096212714831823e+00 7.79578565895283515e-01 0
1.82709091528520173e+00 8.13473286151600306e-01 0
8.91006524188367899e-01 4.53990499739546749e-01 0
9.65257067870731844e-01 4.91823041384508941e-01 0
1.03950761155309590e+00 5.29655583029471244e-01 0
1.11375815523545985e+00 5.67488124674433436e-01 0
1.18800869891782379e+00 6.05320666319395628e-01 0
1.26225924260018796e+00 6.43153207964357931e-01 0
1.33650978628255190e+00 6.80985749609320123e-01 0
1.41076032996491607e+00 7.18818291254282427e-01 0
1.48501087364727979e+00 7.56650832899244508e-01 0
1.55926141732964374e+00 7.94483374544206811e-01 0
1.63351196101200791e+00 8.32315916189169114e-01 0
1.70776250469437163e+00 8.70148457834131195e-01 0
1.78201304837673580e+00 9.07980999479093498e-01 0
8.66025403784438708e-01 4.99999999999999944e-01 0
9.38194187433141868e-01 5.41666666666666519e-01 0
1.01036297108184514e+00 5.83333333333333259e-01 0
1.08253175473054841e+00 6.24999999999999889e-01 0
1.15470053837925146e+00 6.66666666666666519e-01 0
1.22686932202795496e+00 7.08333333333333259e-01 0
1.29903810567665801e+00 7.49999999999999889e-01 0
1.37120688932536150e+00 7.91666666666666630e-01 0
1.44337567297406433e+00 8.33333333333333148e-01 0
1.51554445662276782e+00 8.74999999999999889e-01 0
1.58771324027147109e+00 9.16666666666666630e-01 0
1.65988202392017414e+00 9.58333333333333148e-01 0
1.73205080756887742e+00 9.99999999999999889e-01 0
8.38670567945424050e-01 5.44639035015027084e-01 0
9.08559781940875943e-01 5.90025621266279332e-01 0
9.78448995936328170e-01 6.35412207517531691e-01 0
1.04833820993178017e+00 6.80798793768783828e-01 0
1.11822742392723207e+00 7.26185380020036075e-01 0
1.18811663792268418e+00 7.71571966271288434e-01 0
1.25800585191813608e+00 8.16958552522540682e-01 0
1.32789506591358819e+00 8.62345138773792930e-01 0
1.39778427990903986e+00 9.07731725025045066e-01 0
1.46767349390449198e+00 9.53118311276297425e-01 0
1.53756270789994431e+00 9.98504897527549784e-01 0
1.60745192189539599e+00 1.04389148377880181e+00 0
1.67734113589084810e+00 1.08927807003005417e+00 0
8.09016994374947451e-01 5.87785252292473137e-01 0
8.76435077239526295e-01 6.36767356650179139e-01 0
9.43853160104105471e-01 6.85749461007885364e-01 0
1.01127124296868431e+00 7.34731565365591477e-01 0
1.07868932583326327e+00 7.83713669723297479e-01 0
1.14610740869784222e+00 8.32695774081003703e-01 0
1.21352549156242118e+00 8.81677878438709706e-01 0
1.28094357442700035e+00 9.30659982796415930e-01 0
1.34836165729157886e+00 9.79642087154121821e-01 0
1.41577974015615804e+00 1.02862419151182793e+00 0
1.48319782302073722e+00 1.07760629586953427e+00 0
1.55061590588531573e+00 1.12658840022724016e+00 0
1.61803398874989490e+00 1.17557050458494627e+00 0
7.77145961456970902e-01 6.29320391049837391e-01 0
8.41908124911718403e-01 6.81763756970657164e-01 0
9.06670288366466126e-01 7.34207122891477049e-01 0
9.71432451821213627e-01 7.86650488812296711e-01 0
1.03619461527596113e+00 8.39093854733116484e-01 0
1.10095677873070885e+00 8.91537220653936369e-01 0
1.16571894218545635e+00 9.43980586574756142e-01 0
1.23048110564020408e+00 9.96423952495575915e-01 0
1.29524326909495135e+00 1.04886731841639547e+00 0
1.36000543254969908e+00 1.10131068433721535e+00 0
1.42476759600444680e+00 1.15375405025803524e+00 0
1.48952975945919408e+00 1.20619741617885490e+00 0
1.55429192291394180e+00 1.25864078209967478e+00 0
7.43144825477394244e-01 6.69130606358858238e-01 0
8.05073560933843746e-01 7.24891490222096424e-01 0
8.67002296390293359e-01 7.80652374085334610e-01 0
9.28931031846742750e-01 8.36413257948572797e-01 0
9.90859767303192251e-01 8.92174141811810983e-01 0
1.05278850275964198e+00 9.47935025675049170e-01 0
1.11471723821609148e+00 1.00369590953828736e+00 0
1.17664597367254098e+00 1.05945679340152554e+00 0
1.23857470912899026e+00 1.11521767726476373e+00 0
1.30050344458543998e+00 1.17097856112800192e+00 0
1.36243218004188948e+00 1.22673944499124010e+00 0
1.42436091549833876e+00 1.28250032885447829e+00 0
1.48628965095478849e+00 1.33826121271771648e+00 0
7.07106781186547573e-01 7.07106781186547462e-01 0
7.66032346285426491e-01 7.66032346285426380e-01 0
8.24957911384305520e-01 8.24957911384305409e-01 0
8.83883476483184438e-01 8.83883476483184327e-01 0
9.42809041582063356e-01 9.42809041582063245e-01 0
1.00173460668094250e+00 1.00173460668094227e+00 0
1.06066017177982141e+00 1.06066017177982119e+00 0
1.11958573687870033e+00 1.11958573687870033e+00 0
1.17851130197757925e+00 1.17851130197757903e+00 0
1.23743686707645817e+00 1.23743686707645795e+00 0
1.29636243217533731e+00 1.29636243217533709e+00 0
1.35528799727421601e+00 1.35528799727421578e+00 0
1.41421356237309515e+00 1.41421356237309492e+00 0
6.69130606358858238e-01 7.43144825477394133e-01 0
7.24891490222096424e-01 8.05073560933843635e-01 0
7.80652374085334610e-01 8.67002296390293248e-01 0
8.36413257948572797e-01 9.28931031846742639e-01 0
8.92174141811810983e-01 9.90859767303192140e-01 0
9.47935025675049170e-01 1.05278850275964175e+00 0
1.00369590953828736e+00 1.11471723821609126e+00 0
1.05945679340152554e+00 1.17664597367254076e+00 0
1.11521767726476373e+00 1.23857470912899004e+00 0
1.17097856112800192e+00 1.30050344458543976e+00 0
1.22673944499124010e+00 1.36243218004188926e+00 0
1.28250032885447829e+00 1.42436091549833854e+00 0
1.33826121271771648e+00 1.48628965095478827e+00 0
6.29320391049837502e-01 7.77145961456970791e-01 0
6.81763756970657275e-01 8.41908124911718292e-01 0
7.34207122891477160e-01 9.06670288366466015e-01 0
7.86650488812296933e-01 9.71432451821213516e-01 0
8.39093854733116595e-01 1.03619461527596091e+00 0
8.91537220653936480e-01 1.10095677873070863e+00 0
9.43980586574756253e-01 1.16571894218545613e+00 0
9.96423952495576137e-01 1.23048110564020385e+00 0
1.04886731841639569e+00 1.29524326909495113e+00 0
1.10131068433721557e+00 1.36000543254969886e+00 0
1.15375405025803546e+00 1.42476759600444658e+00 0
1.20619741617885512e+00 1.48952975945919386e+00 0
1.25864078209967500e+00 1.55429192291394158e+00 0
5.87785252292473137e-01 8.09016994374947451e-01 0
6.36767356650179139e-01 8.76435077239526295e-01 0
6.85749461007885364e-01 9.43853160104105471e-01 0
7.34731565365591477e-01 1.01127124296868431e+00 0
7.83713669723297479e-01 1.07868932583326327e+00 0
8.32695774081003703e-01 1.14610740869784222e+00 0
8.81677878438709706e-01 1.21352549156242118e+00 0
9.30659982796415930e-01 1.28094357442700035e+00 0
9.79642087154121821e-01 1.34836165729157886e+00 0
1.02862419151182793e+00 1.41577974015615804e+00 0
1.07760629586953427e+00 1.48319782302073722e+00 0
1.12658840022724016e+00 1.55061590588531573e+00 0
1.17557050458494627e+00 1.61803398874989490e+00 0
5.44639035015027195e-01 8.38670567945423939e-01 0
5.90025621266279443e-01 9.08559781940875832e-01 0
6.35412207517531802e-01 9.78448995936327948e-01 0
6.80798793768784050e-01 1.04833820993177995e+00 0
7.26185380020036186e-01 1.11822742392723185e+00 0
7.71571966271288545e-01 1.18811663792268396e+00 0
8.16958552522540793e-01 1.25800585191813585e+00 0
8.62345138773793152e-01 1.32789506591358797e+00 0
9.07731725025045288e-01 1.39778427990903986e+00 0
9.53118311276297536e-01 1.46767349390449198e+00 0
9.98504897527549895e-01 1.53756270789994409e+00 0
1.04389148377880203e+00 1.60745192189539576e+00 0
1.08927807003005439e+00 1.67734113589084788e+00 0
5.00000000000000111e-01 8.66025403784438597e-01 0
5.41666666666666741e-01 9.38194187433141757e-01 0
5.83333333333333481e-01 1.01036297108184514e+00 0
6.25000000000000111e-01 1.08253175473054819e+00 0
6.66666666666666741e-01 1.15470053837925146e+00 0
7.08333333333333481e-01 1.22686932202795473e+00 0
7.50000000000000222e-01 1.29903810567665801e+00 0
7.91666666666666963e-01 1.37120688932536128e+00 0
8.33333333333333481e-01 1.44337567297406411e+00 0
8.75000000000000222e-01 1.51554445662276760e+00 0
9.16666666666666963e-01 1.58771324027147087e+00 0
9.58333333333333481e-01 1.65988202392017392e+00 0
1.00000000000000022e+00 1.73205080756887719e+00 0
4.53990499739546804e-01 8.91006524188367788e-01 0
4.91823041384508997e-01 9.65257067870731733e-01 0
5.29655583029471355e-01 1.03950761155309590e+00 0
5.67488124674433547e-01 1.11375815523545985e+00 0
6.05320666319395739e-01 1.18800869891782357e+00 0
6.43153207964358042e-01 1.26225924260018774e+00 0
6.80985749609320234e-01 1.33650978628255168e+00 0
7.18818291254282538e-01 1.41076032996491585e+00 0
7.56650832899244619e-01 1.48501087364727957e+00 0
7.94483374544206922e-01 1.55926141732964352e+00 0
8.32315916189169225e-01 1.63351196101200768e+00 0
8.70148457834131306e-01 1.70776250469437141e+00 0
9.07980999479093609e-01 1.78201304837673558e+00 0
4.06736643075800208e-01 9.13545457642600867e-01 0
4.40631363332116888e-01 9.89674245779484152e-01 0
4.74526083588433623e-01 1.06580303391636777e+00 0
5.08420803844750302e-01 1.14193182205325106e+00 0
5.42315524101066870e-01 1.21806061019013434e+00 0
5.76210244357383661e-01 1.29418939832701807e+00 0
6.10104964613700340e-01 1.37031818646390136e+00 0
6.43999684870017020e-01 1.44644697460078486e+00 0
6.77894405126333588e-01 1.52257576273766793e+00 0
7.11789125382650378e-01 1.59870455087455143e+00 0
7.45683845638967058e-01 1.67483333901143516e+00 0
7.79578565895283626e-01 1.75096212714831823e+00 0
8.13473286151600417e-01 1.82709091528520173e+00 0
3.58367949545300379e-01 9.33580426497201743e-01 0
3.88231945340742068e-01 1.01137879537196840e+00 0
4.18095941136183813e-01 1.08917716424673539e+00 0
4.47959936931625502e-01 1.16697553312150215e+00 0
4.77823932727067135e-01 1.24477390199626892e+00 0
5.07687928522508880e-01 1.32257227087103590e+00 0
5.37551924317950514e-01 1.40037063974580267e+00 0
5.67415920113392369e-01 1.47816900862056966e+00 0
5.97279915908833892e-01 1.55596737749533620e+00 0
6.27143911704275636e-01 1.63376574637010297e+00 0
6.57007907499717381e-01 1.71156411524486995e+00 0
6.86871903295159014e-01 1.78936248411963650e+00 0
7.16735899090600759e-01 1.86716085299440349e+00 0
3.09016994374947451e-01 9.51056516295153531e-01 0
3.34768410572859720e-01 1.03031122598641622e+00 0
3.60519826770772045e-01 1.10956593567767925e+00 0
3.86271242968684314e-01 1.18882064536894183e+00 0
4.12022659166596583e-01 1.26807535506020463e+00 0
4.37774075364508908e-01 1.34733006475146766e+00 0
4.63525491562421177e-01 1.42658477444273024e+00 0
4.89276907760333502e-01 1.50583948413399327e+00 0
5.15028323958245715e-01 1.58509419382525585e+00 0
5.40779740156158040e-01 1.66434890351651865e+00 0
5.66531156354070364e-01 1.74360361320778168e+00 0
5.92282572551982578e-01 1.82285832289904404e+00 0
6.18033988749894903e-01 1.90211303259030706e+00 0
2.58819045102520739e-01 9.65925826289068312e-01 0
2.80387298861064116e-01 1.04641964514649066e+00 0
3.01955552619607548e-01 1.12691346400391312e+00 0
3.23523806378150924e-01 1.20740728286133536e+00 0
3.45092060136694301e-01 1.28790110171875760e+00 0
3.66660313895237733e-01 1.36839492057618028e+00 0
3.88228567653781109e-01 1.44888873943360252e+00 0
4.09796821412324541e-01 1.52938255829102498e+00 0
4.31365075170867862e-01 1.60987637714844700e+00 0
4.52933328929411294e-01 1.69037019600586946e+00 0
4.74501582687954726e-01 1.77086401486329215e+00 0
4.96069836446498047e-01 1.85135783372071416e+00 0
5.17638090205041479e-01 1.93185165257813662e+00 0
2.07911690817759454e-01 9.78147600733805578e-01 0
2.25237665052572728e-01 1.05965990079495587e+00 0
2.42563639287386057e-01 1.14117220085610649e+00 0
2.59889613522199303e-01 1.22268450091725689e+00 0
2.77215587757012605e-01 1.30419680097840729e+00 0
2.94541561991825906e-01 1.38570910103955791e+00 0
3.11867536226639208e-01 1.46722140110070831e+00 0
3.29193510461452510e-01 1.54873370116185893e+00 0
3.46519484696265700e-01 1.63024600122300911e+00 0
3.63845458931079058e-01 1.71175830128415973e+00 0
3.81171433165892359e-01 1.79327060134531036e+00 0
3.98497407400705606e-01 1.87478290140646053e+00 0
4.15823381635518907e-01 1.95629520146761116e+00 0
1.56434465040230924e-01 9.87688340595137770e-01 0
1.69470670460250161e-01 1.06999570231139929e+00 0
1.82506875880269426e-01 1.15230306402766081e+00 0
1.95543081300288663e-01 1.23461042574392232e+00 0
2.08579286720307899e-01 1.31691778746018362e+00 0
2.21615492140327164e-01 1.39922514917644514e+00 0
2.34651697560346373e-01 1.48153251089270666e+00 0
2.47687902980365665e-01 1.56383987260896817e+00 0
2.60724108400384846e-01 1.64614723432522947e+00 0
2.73760313820404111e-01 1.72845459604149099e+00 0
2.86796519240423375e-01 1.81076195775775273e+00 0
2.99832724660442584e-01 1.89306931947401402e+00 0
3.12868930080461849e-01 1.97537668119027554e+00 0
1.04528463267653457e-01 9.94521895368273290e-01 0
1.13239168539957899e-01 1.07739871998229608e+00 0
1.21949873812262369e-01 1.16027554459631888e+00 0
1.30660579084566825e-01 1.24315236921034167e+00 0
1.39371284356871267e-01 1.32602919382436424e+00 0
1.48081989629175736e-01 1.40890601843838725e+00 0
1.56792694901480179e-01 1.49178284305240982e+00 0
1.65503400173784648e-01 1.57465966766643284e+00 0
1.74214105446089090e-01 1.65753649228045541e+00 0
1.82924810718393560e-01 1.74041331689447820e+00 0
1.91635515990698030e-01 1.82329014150850122e+00 0
2.00346221263002444e-01 1.90616696612252357e+00 0
2.09056926535306914e-01 1.98904379073654658e+00 0
5.23359562429439665e-02 9.98629534754573833e-01 0
5.66972859298559631e-02 1.08184866265078816e+00 0
6.10586156167679667e-02 1.16506779054700282e+00 0
6.54199453036799633e-02 1.24828691844321726e+00 0
6.97812749905919461e-02 1.33150604633943170e+00 0
7.41426046775039566e-02 1.41472517423564637e+00 0
7.85039343644159532e-02 1.49794430213186081e+00 0
8.28652640513279498e-02 1.58116343002807547e+00 0
8.72265937382399326e-02 1.66438255792428969e+00 0
9.15879234251519431e-02 1.74760168582050412e+00 0
9.59492531120639397e-02 1.83082081371671879e+00 0
1.00310582798975922e-01 1.91403994161293300e+00 0
1.04671912485887933e-01 1.99725906950914767e+00 0
6.12323399573676604e-17 1.00000000000000000e+00 0
6.63350349538149582e-17 1.08333333333333326e+00 0
7.14377299502622807e-17 1.16666666666666674e+00 0
7.65404249467095785e-17 1.25000000000000000e+00 0
8.16431199431568764e-17 1.33333333333333326e+00 0
8.67458149396041865e-17 1.41666666666666674e+00 0
9.18485099360514844e-17 1.50000000000000000e+00 0
9.69512049324988069e-17 1.58333333333333348e+00 0
1.02053899928946092e-16 1.66666666666666652e+00 0
1.07156594925393403e-16 1.75000000000000000e+00 0
1.12259289921840725e-16 1.83333333333333348e+00 0
1.17361984918287998e-16 1.91666666666666652e+00 0
1.22464679914735321e-16 2.00000000000000000e+00 0
6.12323399573676604e-17 1.00000000000000000e+00 0
6.63350349538149582e-17 1.08333333333333326e+00 0
7.14377299502622807e-17 1.16666666666666674e+00 0
7.65404249467095785e-17 1.25000000000000000e+00 0
8.16431199431568764e-17 1.33333333333333326e+00 0
8.67458149396041865e-17 1.41666666666666674e+00 0
9.18485099360514844e-17 1.50000000000000000e+00 0
9.69512049324988069e-17 1.58333333333333348e+00 0
1.02053899928946092e-16 1.66666666666666652e+00 0
1.07156594925393403e-16 1.75000000000000000e+00 0
1.12259289921840725e-16 1.83333333333333348e+00 0
1.17361984918287998e-16 1.91666666666666652e+00 0
1.22464679914735321e-16 2.00000000000000000e+00 0
-5.23359562429436195e-02 9.98629534754573833e-01 0
-5.66972859298555815e-02 1.08184866265078816e+00 0
-6.10586156167675573e-02 1.16506779054700282e+00 0
-6.54199453036795192e-02 1.24828691844321726e+00 0
-6.97812749905914881e-02 1.33150604633943170e+00 0
-7.41426046775034708e-02 1.41472517423564637e+00 0
-7.85039343644154258e-02 1.49794430213186081e+00 0
-8.28652640513274086e-02 1.58116343002807547e+00 0
-8.72265937382393636e-02 1.66438255792428969e+00 0
-9.15879234251513324e-02 1.74760168582050412e+00 0
-9.59492531120633152e-02 1.83082081371671879e+00 0
-1.00310582798975256e-01 1.91403994161293300e+00 0
-1.04671912485887239e-01 1.99725906950914767e+00 0
-1.04528463267653332e-01 9.94521895368273401e-01 0
-1.13239168539957774e-01 1.07739871998229608e+00 0
-1.21949873812262230e-01 1.16027554459631910e+00 0
-1.30660579084566658e-01 1.24315236921034167e+00 0
-1.39371284356871100e-01 1.32602919382436446e+00 0
-1.48081989629175570e-01 1.40890601843838748e+00 0
-1.56792694901480012e-01 1.49178284305241005e+00 0
-1.65503400173784454e-01 1.57465966766643306e+00 0
-1.74214105446088868e-01 1.65753649228045563e+00 0
-1.82924810718393338e-01 1.74041331689447842e+00 0
-1.91635515990697780e-01 1.82329014150850144e+00 0
-2.00346221263002194e-01 1.90616696612252379e+00 0
-2.09056926535306664e-01 1.98904379073654680e+00 0
-1.56434465040231035e-01 9.87688340595137659e-01 0
-1.69470670460250272e-01 1.06999570231139907e+00 0
-1.82506875880269565e-01 1.15230306402766058e+00 0
-1.95543081300288801e-01 1.23461042574392210e+00 0
-2.08579286720308038e-01 1.31691778746018340e+00 0
-2.21615492140327303e-01 1.39922514917644514e+00 0
-2.34651697560346539e-01 1.48153251089270643e+00 0
-2.47687902980365832e-01 1.56383987260896817e+00 0
-2.60724108400385013e-01 1.64614723432522925e+00 0
-2.73760313820404333e-01 1.72845459604149099e+00 0
-2.86796519240423597e-01 1.81076195775775250e+00 0
-2.99832724660442806e-01 1.89306931947401380e+00 0
-3.12868930080462071e-01 1.97537668119027532e+00 0
-2.07911690817759121e-01 9.78147600733805689e-01 0
-2.25237665052572367e-01 1.05965990079495609e+00 0
-2.42563639287385668e-01 1.14117220085610671e+00 0
-2.59889613522198915e-01 1.22268450091725711e+00 0
-2.77215587757012161e-01 1.30419680097840751e+00 0
-2.94541561991825462e-01 1.38570910103955813e+00 0
-3.11867536226638653e-01 1.46722140110070853e+00 0
-3.29193510461451955e-01 1.54873370116185916e+00 0
-3.46519484696265145e-01 1.63024600122300933e+00 0
-3.63845458931078447e-01 1.71175830128415996e+00 0
-3.81171433165891749e-01 1.79327060134531058e+00 0
-3.98497407400704939e-01 1.87478290140646076e+00 0
-4.15823381635518241e-01 1.95629520146761138e+00 0
-2.58819045102520850e-01 9.65925826289068312e-01 0
-2.80387298861064227e-01 1.04641964514649066e+00 0
-3.01955552619607659e-01 1.12691346400391312e+00 0
-3.23523806378151035e-01 1.20740728286133536e+00 0
-3.45092060136694467e-01 1.28790110171875760e+00 0
-3.66660313895237899e-01 1.36839492057618028e+00 0
-3.88228567653781276e-01 1.44888873943360252e+00 0
-4.09796821412324708e-01 1.52938255829102498e+00 0
-4.31365075170868029e-01 1.60987637714844700e+00 0
-4.52933328929411516e-01 1.69037019600586946e+00 0
-4.74501582687954948e-01 1.77086401486329215e+00 0
-4.96069836446498269e-01 1.85135783372071416e+00 0
-5.17638090205041701e-01 1.93185165257813662e+00 0
-3.09016994374947340e-01 9.51056516295153642e-01 0
-3.34768410572859609e-01 1.03031122598641645e+00 0
-3.60519826770771934e-01 1.10956593567767925e+00 0
-3.86271242968684203e-01 1.18882064536894205e+00 0
-4.12022659166596417e-01 1.26807535506020486e+00 0
-4.37774075364508741e-01 1.34733006475146766e+00 0
-4.63525491562421010e-01 1.42658477444273046e+00 0
-4.89276907760333335e-01 1.50583948413399349e+00 0
-5.15028323958245493e-01 1.58509419382525585e+00 0
-5.40779740156157818e-01 1.66434890351651887e+00 0
-5.66531156354070142e-01 1.74360361320778190e+00 0
-5.92282572551982356e-01 1.82285832289904426e+00 0
-6.18033988749894680e-01 1.90211303259030728e+00 0
-3.58367949545300268e-01 9.33580426497201743e-01 0
-3.88231945340741957e-01 1.01137879537196840e+00 0
-4.18095941136183646e-01 1.08917716424673539e+00 0
-4.47959936931625335e-01 1.16697553312150215e+00 0
-4.77823932727067024e-01 1.24477390199626892e+00 0
-5.07687928522508769e-01 1.32257227087103590e+00 0
-5.37551924317950403e-01 1.40037063974580267e+00 0
-5.67415920113392147e-01 1.47816900862056966e+00 0
-5.97279915908833781e-01 1.55596737749533620e+00 0
-6.27143911704275414e-01 1.63376574637010297e+00 0
-6.57007907499717159e-01 1.71156411524486995e+00 0
-6.86871903295158792e-01 1.78936248411963650e+00 0
-7.16735899090600537e-01 1.86716085299440349e+00 0
-4.06736643075800042e-01 9.13545457642600978e-01 0
-4.40631363332116666e-01 9.89674245779484374e-01 0
-4.74526083588433401e-01 1.06580303391636777e+00 0
-5.08420803844750080e-01 1.14193182205325128e+00 0
-5.42315524101066648e-01 1.21806061019013456e+00 0
-5.76210244357383439e-01 1.29418939832701807e+00 0
-6.10104964613700007e-01 1.37031818646390136e+00 0
-6.43999684870016798e-01 1.44644697460078508e+00 0
-6.77894405126333366e-01 1.52257576273766815e+00 0
-7.11789125382650045e-01 1.59870455087455166e+00 0
-7.45683845638966836e-01 1.67483333901143516e+00 0
-7.79578565895283404e-01 1.75096212714831845e+00 0
-8.13473286151600083e-01 1.82709091528520196e+00 0
-4.53990499739546693e-01 8.91006524188367899e-01 0
-4.91823041384508886e-01 9.65257067870731844e-01 0
-5.29655583029471133e-01 1.03950761155309590e+00 0
-5.67488124674433325e-01 1.11375815523545985e+00 0
-6.05320666319395517e-01 1.18800869891782379e+00 0
-6.43153207964357820e-01 1.26225924260018796e+00 0
-6.80985749609320012e-01 1.33650978628255190e+00 0
-7.18818291254282316e-01 1.41076032996491607e+00 0
-7.56650832899244397e-01 1.48501087364727979e+00 0
-7.94483374544206700e-01 1.55926141732964374e+00 0
-8.32315916189169003e-01 1.63351196101200791e+00 0
-8.70148457834131084e-01 1.70776250469437163e+00 0
-9.07980999479093387e-01 1.78201304837673580e+00 0
-4.99999999999999778e-01 8.66025403784438708e-01 0
-5.41666666666666408e-01 9.38194187433141868e-01 0
-5.83333333333333148e-01 1.01036297108184514e+00 0
-6.24999999999999778e-01 1.08253175473054841e+00 0
-6.66666666666666297e-01 1.15470053837925146e+00 0
-7.08333333333333037e-01 1.22686932202795496e+00 0
-7.49999999999999667e-01 1.29903810567665801e+00 0
-7.91666666666666408e-01 1.37120688932536150e+00 0
-8.33333333333332926e-01 1.44337567297406433e+00 0
-8.74999999999999556e-01 1.51554445662276782e+00 0
-9.16666666666666297e-01 1.58771324027147109e+00 0
-9.58333333333332815e-01 1.65988202392017414e+00 0
-9.99999999999999556e-01 1.73205080756887742e+00 0
-5.44639035015027084e-01 8.38670567945423939e-01 0
-5.90025621266279332e-01 9.08559781940875832e-01 0
-6.35412207517531691e-01 9.78448995936327948e-01 0
-6.80798793768783828e-01 1.04833820993177995e+00 0
-7.26185380020036075e-01 1.11822742392723185e+00 0
-7.71571966271288434e-01 1.18811663792268396e+00 0
-8.16958552522540682e-01 1.25800585191813585e+00 0
-8.62345138773792930e-01 1.32789506591358797e+00 0
-9.07731725025045066e-01 1.39778427990903986e+00 0
-9.53118311276297425e-01 1.46767349390449198e+00 0
-9.98504897527549784e-01 1.53756270789994409e+00 0
-1.04389148377880181e+00 1.60745192189539576e+00 0
-1.08927807003005417e+00 1.67734113589084788e+00 0
-5.87785252292473026e-01 8.09016994374947451e-01 0
-6.36767356650179028e-01 8.76435077239526295e-01 0
-6.85749461007885253e-01 9.43853160104105471e-01 0
-7.34731565365591255e-01 1.01127124296868431e+00 0
-7.83713669723297368e-01 1.07868932583326327e+00 0
-8.32695774081003481e-01 1.14610740869784222e+00 0
-8.81677878438709595e-01 1.21352549156242118e+00 0
-9.30659982796415708e-01 1.28094357442700035e+00 0
-9.79642087154121599e-01 1.34836165729157886e+00 0
-1.02862419151182771e+00 1.41577974015615804e+00 0
-1.07760629586953405e+00 1.48319782302073722e+00 0
-1.12658840022723994e+00 1.55061590588531573e+00 0
-1.17557050458494605e+00 1.61803398874989490e+00 0
-6.29320391049837280e-01 7.77145961456971013e-01 0
-6.81763756970657053e-01 8.41908124911718514e-01 0
-7.34207122891476827e-01 9.06670288366466237e-01 0
-7.86650488812296600e-01 9.71432451821213738e-01 0
-8.39093854733116373e-01 1.03619461527596135e+00 0
-8.91537220653936147e-01 1.10095677873070907e+00 0
-9.43980586574755920e-01 1.16571894218545657e+00 0
-9.96423952495575804e-01 1.23048110564020430e+00 0
-1.04886731841639547e+00 1.29524326909495158e+00 0
-1.10131068433721513e+00 1.36000543254969930e+00 0
-1.15375405025803501e+00 1.42476759600444702e+00 0
-1.20619741617885468e+00 1.48952975945919430e+00 0
-1.25864078209967456e+00 1.55429192291394203e+00 0
-6.69130606358858238e-01 7.43144825477394244e-01 0
-7.24891490222096424e-01 8.05073560933843746e-01 0
-7.80652374085334610e-01 8.67002296390293359e-01 0
-8.36413257948572797e-01 9.28931031846742750e-01 0
-8.92174141811810983e-01 9.90859767303192251e-01 0
-9.47935025675049170e-01 1.05278850275964198e+00 0
-1.00369590953828736e+00 1.11471723821609148e+00 0
-1.05945679340152554e+00 1.17664597367254098e+00 0
-1.11521767726476373e+00 1.23857470912899026e+00 0
-1.17097856112800192e+00 1.30050344458543998e+00 0
-1.22673944499124010e+00 1.36243218004188948e+00 0
-1.28250032885447829e+00 1.42436091549833876e+00 0
-1.33826121271771648e+00 1.48628965095478849e+00 0
-7.07106781186547462e-01 7.07106781186547573e-01 0
-7.66032346285426380e-01 7.66032346285426491e-01 0
-8.24957911384305409e-01 8.24957911384305520e-01 0
-8.83883476483184327e-01 8.83883476483184438e-01 0
-9.42809041582063245e-01 9.42809041582063356e-01 0
-1.00173460668094227e+00 1.00173460668094250e+00 0
-1.06066017177982119e+00 1.06066017177982141e+00 0
-1.11958573687870033e+00 1.11958573687870033e+00 0
-1.17851130197757903e+00 1.17851130197757925e+00 0
-1.23743686707645795e+00 1.23743686707645817e+00 0
-1.29636243217533709e+00 1.29636243217533731e+00 0
-1.35528799727421578e+00 1.35528799727421601e+00 0
-1.41421356237309492e+00 1.41421356237309515e+00 0
-7.43144825477394022e-01 6.69130606358858349e-01 0
-8.05073560933843524e-01 7.24891490222096535e-01 0
-8.67002296390293026e-01 7.80652374085334833e-01 0
-9.28931031846742528e-01 8.36413257948572908e-01 0
-9.90859767303192029e-01 8.92174141811811094e-01 0
-1.05278850275964153e+00 9.47935025675049392e-01 0
-1.11471723821609103e+00 1.00369590953828758e+00 0
-1.17664597367254053e+00 1.05945679340152576e+00 0
-1.23857470912899004e+00 1.11521767726476373e+00 0
-1.30050344458543954e+00 1.17097856112800214e+00 0
-1.36243218004188904e+00 1.22673944499124032e+00 0
-1.42436091549833854e+00 1.28250032885447851e+00 0
-1.48628965095478804e+00 1.33826121271771670e+00 0
-7.77145961456970680e-01 6.29320391049837724e-01 0
-8.41908124911718181e-01 6.81763756970657497e-01 0
-9.06670288366465904e-01 7.34207122891477382e-01 0
-9.71432451821213405e-01 7.86650488812297155e-01 0
-1.03619461527596091e+00 8.39093854733116928e-01 0
-1.10095677873070863e+00 8.91537220653936813e-01 0
-1.16571894218545591e+00 9.43980586574756586e-01 0
-1.23048110564020363e+00 9.96423952495576470e-01 0
-1.29524326909495091e+00 1.04886731841639613e+00 0
-1.36000543254969863e+00 1.10131068433721602e+00 0
-1.42476759600444636e+00 1.15375405025803590e+00 0
-1.48952975945919364e+00 1.20619741617885556e+00 0
-1.55429192291394136e+00 1.25864078209967545e+00 0
-8.09016994374947340e-01 5.87785252292473248e-01 0
-8.76435077239526183e-01 6.36767356650179361e-01 0
-9.43853160104105249e-01 6.85749461007885475e-01 0
-1.01127124296868409e+00 7.34731565365591588e-01 0
-1.07868932583326305e+00 7.83713669723297590e-01 0
-1.14610740869784222e+00 8.32695774081003814e-01 0
-1.21352549156242095e+00 8.81677878438709817e-01 0
-1.28094357442700013e+00 9.30659982796416041e-01 0
-1.34836165729157886e+00 9.79642087154122043e-01 0
-1.41577974015615782e+00 1.02862419151182816e+00 0
-1.48319782302073699e+00 1.07760629586953427e+00 0
-1.55061590588531573e+00 1.12658840022724038e+00 0
-1.61803398874989468e+00 1.17557050458494650e+00 0
-8.38670567945424161e-01 5.44639035015026973e-01 0
-9.08559781940876166e-01 5.90025621266279221e-01 0
-9.78448995936328281e-01 6.35412207517531469e-01 0
-1.04833820993178017e+00 6.80798793768783717e-01 0
-1.11822742392723207e+00 7.26185380020035964e-01 0
-1.18811663792268418e+00 7.71571966271288212e-01 0
-1.25800585191813630e+00 8.16958552522540460e-01 0
-1.32789506591358841e+00 8.62345138773792819e-01 0
-1.39778427990904008e+00 9.07731725025044844e-01 0
-1.46767349390449220e+00 9.53118311276297203e-01 0
-1.53756270789994431e+00 9.98504897527549562e-01 0
-1.60745192189539621e+00 1.04389148377880159e+00 0
-1.67734113589084832e+00 1.08927807003005395e+00 0
-8.66025403784438708e-01 4.99999999999999944e-01 0
-9.38194187433141868e-01 5.41666666666666519e-01 0
-1.01036297108184514e+00 5.83333333333333259e-01 0
-1.08253175473054841e+00 6.24999999999999889e-01 0
-1.15470053837925146e+00 6.66666666666666519e-01 0
-1.22686932202795496e+00 7.08333333333333259e-01 0
-1.29903810567665801e+00 7.49999999999999889e-01 0
-1.37120688932536150e+00 7.91666666666666630e-01 0
-1.44337567297406433e+00 8.33333333333333148e-01 0
-1.51554445662276782e+00 8.74999999999999889e-01 0
-1.58771324027147109e+00 9.16666666666666630e-01 0
-1.65988202392017414e+00 9.58333333333333148e-01 0
-1.73205080756887742e+00 9.99999999999999889e-01 0
-8.91006524188367788e-01 4.53990499739546860e-01 0
-9.65257067870731733e-01 4.91823041384509052e-01 0
-1.03950761155309590e+00 5.29655583029471355e-01 0
-1.11375815523545985e+00 5.67488124674433547e-01 0
-1.18800869891782357e+00 6.05320666319395739e-01 0
-1.26225924260018774e+00 6.43153207964358042e-01 0
-1.33650978628255168e+00 6.80985749609320345e-01 0
-1.41076032996491585e+00 7.18818291254282649e-01 0
-1.48501087364727957e+00 7.56650832899244730e-01 0
-1.55926141732964352e+00 7.94483374544207033e-01 0
-1.63351196101200768e+00 8.32315916189169336e-01 0
-1.70776250469437141e+00 8.70148457834131417e-01 0
-1.78201304837673558e+00 9.07980999479093720e-01 0
-9.13545457642600756e-01 4.06736643075800430e-01 0
-9.89674245779484041e-01 4.40631363332117110e-01 0
-1.06580303391636755e+00 4.74526083588433845e-01 0
-1.14193182205325083e+00 5.08420803844750524e-01 0
-1.21806061019013434e+00 5.42315524101067203e-01 0
-1.29418939832701785e+00 5.76210244357383994e-01 0
-1.37031818646390113e+00 6.10104964613700673e-01 0
-1.44644697460078464e+00 6.43999684870017464e-01 0
-1.52257576273766770e+00 6.77894405126334032e-01 0
-1.59870455087455143e+00 7.11789125382650711e-01 0
-1.67483333901143494e+00 7.45683845638967502e-01 0
-1.75096212714831800e+00 7.79578565895284070e-01 0
-1.82709091528520151e+00 8.13473286151600861e-01 0
-9.33580426497201743e-01 3.58367949545300213e-01 0
-1.01137879537196840e+00 3.88231945340741846e-01 0
-1.08917716424673539e+00 4.18095941136183591e-01 0
-1.16697553312150215e+00 4.47959936931625280e-01 0
-1.24477390199626892e+00 4.77823932727066913e-01 0
-1.32257227087103590e+00 5.07687928522508658e-01 0
-1.40037063974580267e+00 5.37551924317950292e-01 0
-1.47816900862056966e+00 5.67415920113392036e-01 0
-1.55596737749533620e+00 5.97279915908833670e-01 0
-1.63376574637010297e+00 6.27143911704275414e-01 0
-1.71156411524486995e+00 6.57007907499717159e-01 0
-1.78936248411963650e+00 6.86871903295158681e-01 0
-1.86716085299440349e+00 7.16735899090600426e-01 0
-9.51056516295153531e-01 3.09016994374947507e-01 0
-1.03031122598641622e+00 3.34768410572859776e-01 0
-1.10956593567767925e+00 3.60519826770772100e-01 0
-1.18882064536894183e+00 3.86271242968684370e-01 0
-1.26807535506020463e+00 4.12022659166596639e-01 0
-1.34733006475146766e+00 4.37774075364508963e-01 0
-1.42658477444273024e+00 4.63525491562421288e-01 0
-1.50583948413399327e+00 4.89276907760333613e-01 0
-1.58509419382525585e+00 5.15028323958245826e-01 0
-1.66434890351651865e+00 5.40779740156158151e-01 0
-1.74360361320778168e+00 5.66531156354070475e-01 0
-1.82285832289904404e+00 5.92282572551982689e-01 0
-1.90211303259030706e+00 6.18033988749895014e-01 0
-9.65925826289068201e-01 2.58819045102521017e-01 0
-1.04641964514649044e+00 2.80387298861064393e-01 0
-1.12691346400391290e+00 3.01955552619607881e-01 0
-1.20740728286133514e+00 3.23523806378151257e-01 0
-1.28790110171875760e+00 3.45092060136694689e-01 0
-1.36839492057618006e+00 3.66660313895238121e-01 0
-1.44888873943360230e+00 3.88228567653781553e-01 0
-1.52938255829102476e+00 4.09796821412324985e-01 0
-1.60987637714844678e+00 4.31365075170868306e-01 0
-1.69037019600586946e+00 4.52933328929411794e-01 0
-1.77086401486329192e+00 4.74501582687955226e-01 0
-1.85135783372071394e+00 4.96069836446498602e-01 0
-1.93185165257813640e+00 5.17638090205042034e-01 0
-9.78147600733805689e-01 2.07911690817759315e-01 0
-1.05965990079495609e+00 2.25237665052572589e-01 0
-1.14117220085610671e+00 2.42563639287385890e-01 0
-1.22268450091725711e+00 2.59889613522199137e-01 0
-1.30419680097840751e+00 2.77215587757012383e-01 0
-1.38570910103955813e+00 2.94541561991825684e-01 0
-1.46722140110070853e+00 3.11867536226638986e-01 0
-1.54873370116185916e+00 3.29193510461452288e-01 0
-1.63024600122300933e+00 3.46519484696265478e-01 0
-1.71175830128415996e+00 3.63845458931078780e-01 0
-1.79327060134531058e+00 3.81171433165892082e-01 0
-1.87478290140646076e+00 3.98497407400705328e-01 0
-1.95629520146761138e+00 4.15823381635518630e-01 0
-9.87688340595137659e-01 1.56434465040230980e-01 0
-1.06999570231139907e+00 1.69470670460250217e-01 0
-1.15230306402766058e+00 1.82506875880269481e-01 0
-1.23461042574392210e+00 1.95543081300288718e-01 0
-1.31691778746018340e+00 2.08579286720307955e-01 0
-1.39922514917644514e+00 2.21615492140327247e-01 0
-1.48153251089270643e+00 2.34651697560346484e-01 0
-1.56383987260896817e+00 2.47687902980365748e-01 0
-1.64614723432522925e+00 2.60724108400384957e-01 0
-1.72845459604149099e+00 2.73760313820404222e-01 0
-1.81076195775775250e+00 2.86796519240423486e-01 0
-1.89306931947401380e+00 2.99832724660442695e-01 0
-1.97537668119027532e+00 3.12868930080461960e-01 0
-9.94521895368273290e-01 1.04528463267653735e-01 0
-1.07739871998229608e+00 1.13239168539958204e-01 0
-1.16027554459631888e+00 1.21949873812262702e-01 0
-1.24315236921034167e+00 1.30660579084567158e-01 0
-1.32602919382436424e+00 1.39371284356871628e-01 0
-1.40890601843838725e+00 1.48081989629176125e-01 0
-1.49178284305240982e+00 1.56792694901480595e-01 0
-1.57465966766643284e+00 1.65503400173785092e-01 0
-1.65753649228045541e+00 1.74214105446089534e-01 0
-1.74041331689447820e+00 1.82924810718394032e-01 0
-1.82329014150850122e+00 1.91635515990698529e-01 0
-1.90616696612252357e+00 2.00346221263002972e-01 0
-1.98904379073654658e+00 2.09056926535307469e-01 0
-9.98629534754573833e-01 5.23359562429438069e-02 0
-1.08184866265078816e+00 5.66972859298557896e-02 0
-1.16506779054700282e+00 6.10586156167677793e-02 0
-1.24828691844321726e+00 6.54199453036797551e-02 0
-1.33150604633943170e+00 6.97812749905917379e-02 0
-1.41472517423564637e+00 7.41426046775037345e-02 0
-1.49794430213186081e+00 7.85039343644157173e-02 0
-1.58116343002807547e+00 8.28652640513277000e-02 0
-1.66438255792428969e+00 8.72265937382396689e-02 0
-1.74760168582050412e+00 9.15879234251516655e-02 0
-1.83082081371671879e+00 9.59492531120636483e-02 0
-1.91403994161293300e+00 1.00310582798975617e-01 0
-1.99725906950914767e+00 1.04671912485887614e-01 0
-1.00000000000000000e+00 1.22464679914735321e-16 0
-1.08333333333333326e+00 1.32670069907629916e-16 0
-1.16666666666666674e+00 1.42875459900524561e-16 0
-1.25000000000000000e+00 1.53080849893419157e-16 0
-1.33333333333333326e+00 1.63286239886313753e-16 0
-1.41666666666666674e+00 1.73491629879208373e-16 0
-1.50000000000000000e+00 1.83697019872102969e-16 0
-1.58333333333333348e+00 1.93902409864997614e-16 0
-1.66666666666666652e+00 2.04107799857892185e-16 0
-1.75000000000000000e+00 2.14313189850786805e-16 0
-1.83333333333333348e+00 2.24518579843681450e-16 0
-1.91666666666666652e+00 2.34723969836575996e-16 0
-2.00000000000000000e+00 2.44929359829470641e-16 0
-1.00000000000000000e+00 1.22464679914735321e-16 0
-1.08333333333333326e+00 1.32670069907629916e-16 0
-1.16666666666666674e+00 1.42875459900524561e-16 0
-1.25000000000000000e+00 1.53080849893419157e-16 0
-1.33333333333333326e+00 1.63286239886313753e-16 0
-1.41666666666666674e+00 1.73491629879208373e-16 0
-1.50000000000000000e+00 1.83697019872102969e-16 0
-1.58333333333333348e+00 1.93902409864997614e-16 0
-1.66666666666666652e+00 2.04107799857892185e-16 0
-1.75000000000000000e+00 2.14313189850786805e-16 0
-1.83333333333333348e+00 2.24518579843681450e-16 0
-1.91666666666666652e+00 2.34723969836575996e-16 0
-2.00000000000000000e+00 2.44929359829470641e-16 0
-9.98629534754573833e-01 -5.23359562429435640e-02 0
-1.08184866265078816e+00 -5.66972859298555260e-02 0
-1.16506779054700282e+00 -6.10586156167674948e-02 0
-1.24828691844321726e+00 -6.54199453036794498e-02 0
-1.33150604633943170e+00 -6.97812749905914187e-02 0
-1.41472517423564637e+00 -7.41426046775033876e-02 0
-1.49794430213186081e+00 -7.85039343644153426e-02 0
-1.58116343002807547e+00 -8.28652640513273114e-02 0
-1.66438255792428969e+00 -8.72265937382392664e-02 0
-1.74760168582050412e+00 -9.15879234251512353e-02 0
-1.83082081371671879e+00 -9.59492531120632042e-02 0
-1.91403994161293300e+00 -1.00310582798975159e-01 0
-1.99725906950914767e+00 -1.04671912485887128e-01 0
-9.94521895368273401e-01 -1.04528463267653055e-01 0
-1.07739871998229608e+00 -1.13239168539957469e-01 0
-1.16027554459631910e+00 -1.21949873812261911e-01 0
-1.24315236921034167e+00 -1.30660579084566325e-01 0
-1.32602919382436446e+00 -1.39371284356870739e-01 0
-1.40890601843838748e+00 -1.48081989629175181e-01 0
-1.49178284305241005e+00 -1.56792694901479568e-01 0
-1.57465966766643306e+00 -1.65503400173784010e-01 0
-1.65753649228045563e+00 -1.74214105446088396e-01 0
-1.74041331689447842e+00 -1.82924810718392838e-01 0
-1.82329014150850144e+00 -1.91635515990697280e-01 0
-1.90616696612252379e+00 -2.00346221263001667e-01 0
-1.98904379073654680e+00 -2.09056926535306109e-01 0
-9.87688340595137770e-01 -1.56434465040230730e-01 0
-1.06999570231139929e+00 -1.69470670460249939e-01 0
-1.15230306402766081e+00 -1.82506875880269204e-01 0
-1.23461042574392232e+00 -1.95543081300288413e-01 0
-1.31691778746018362e+00 -2.08579286720307622e-01 0
-1.39922514917644514e+00 -2.21615492140326886e-01 0
-1.48153251089270666e+00 -2.34651697560346095e-01 0
-1.56383987260896817e+00 -2.47687902980365360e-01 0
-1.64614723432522947e+00 -2.60724108400384513e-01 0
-1.72845459604149099e+00 -2.73760313820403778e-01 0
-1.81076195775775273e+00 -2.86796519240423042e-01 0
-1.89306931947401402e+00 -2.99832724660442196e-01 0
-1.97537668119027554e+00 -3.12868930080461460e-01 0
-9.78147600733805689e-01 -2.07911690817759065e-01 0
-1.05965990079495609e+00 -2.25237665052572311e-01 0
-1.14117220085610671e+00 -2.42563639287385585e-01 0
-1.22268450091725711e+00 -2.59889613522198859e-01 0
-1.30419680097840751e+00 -2.77215587757012050e-01 0
-1.38570910103955813e+00 -2.94541561991825351e-01 0
-1.46722140110070853e+00 -3.11867536226638598e-01 0
-1.54873370116185916e+00 -3.29193510461451899e-01 0
-1.63024600122300933e+00 -3.46519484696265090e-01 0
-1.71175830128415996e+00 -3.63845458931078336e-01 0
-1.79327060134531058e+00 -3.81171433165891638e-01 0
-1.87478290140646076e+00 -3.98497407400704828e-01 0
-1.95629520146761138e+00 -4.15823381635518130e-01 0
-9.65925826289068423e-01 -2.58819045102520351e-01 0
-1.04641964514649066e+00 -2.80387298861063672e-01 0
-1.12691346400391312e+00 -3.01955552619607104e-01 0
-1.20740728286133558e+00 -3.23523806378150425e-01 0
-1.28790110171875782e+00 -3.45092060136693801e-01 0
-1.36839492057618028e+00 -3.66660313895237178e-01 0
-1.44888873943360252e+00 -3.88228567653780554e-01 0
-1.52938255829102521e+00 -4.09796821412323931e-01 0
-1.60987637714844722e+00 -4.31365075170867196e-01 0
-1.69037019600586969e+00 -4.52933328929410628e-01 0
-1.77086401486329215e+00 -4.74501582687954004e-01 0
-1.85135783372071439e+00 -4.96069836446497325e-01 0
-1.93185165257813685e+00 -5.17638090205040702e-01 0
-9.51056516295153531e-01 -3.09016994374947729e-01 0
-1.03031122598641622e+00 -3.34768410572859998e-01 0
-1.10956593567767925e+00 -3.60519826770772378e-01 0
-1.18882064536894183e+00 -3.86271242968684647e-01 0
-1.26807535506020463e+00 -4.12022659166596972e-01 0
-1.34733006475146766e+00 -4.37774075364509296e-01 0
-1.42658477444273024e+00 -4.63525491562421621e-01 0
-1.50583948413399327e+00 -4.89276907760333946e-01 0
-1.58509419382525585e+00 -5.15028323958246159e-01 0
-1.66434890351651865e+00 -5.40779740156158484e-01 0
-1.74360361320778168e+00 -5.66531156354070919e-01 0
-1.82285832289904404e+00 -5.92282572551983133e-01 0
-1.90211303259030706e+00 -6.18033988749895458e-01 0
-9.33580426497201743e-01 -3.58367949545300435e-01 0
-1.01137879537196840e+00 -3.88231945340742124e-01 0
-1.08917716424673539e+00 -4.18095941136183868e-01 0
-1.16697553312150215e+00 -4.47959936931625557e-01 0
-1.24477390199626892e+00 -4.77823932727067247e-01 0
-1.32257227087103590e+00 -5.07687928522508991e-01 0
-1.40037063974580267e+00 -5.37551924317950625e-01 0
-1.47816900862056966e+00 -5.67415920113392369e-01 0
-1.55596737749533620e+00 -5.97279915908834003e-01 0
-1.63376574637010297e+00 -6.27143911704275747e-01 0
-1.71156411524486995e+00 -6.57007907499717492e-01 0
-1.78936248411963650e+00 -6.86871903295159125e-01 0
-1.86716085299440349e+00 -7.16735899090600870e-01 0
-9.13545457642601089e-01 -4.06736643075799820e-01 0
-9.89674245779484485e-01 -4.40631363332116444e-01 0
-1.06580303391636799e+00 -4.74526083588433178e-01 0
-1.14193182205325128e+00 -5.08420803844749747e-01 0
-1.21806061019013478e+00 -5.42315524101066426e-01 0
-1.29418939832701829e+00 -5.76210244357383106e-01 0
-1.37031818646390158e+00 -6.10104964613699785e-01 0
-1.44644697460078508e+00 -6.43999684870016464e-01 0
-1.52257576273766837e+00 -6.77894405126332922e-01 0
-1.59870455087455188e+00 -7.11789125382649712e-01 0
-1.67483333901143538e+00 -7.45683845638966392e-01 0
-1.75096212714831867e+00 -7.79578565895282960e-01 0
-1.82709091528520218e+00 -8.13473286151599639e-01 0
-8.91006524188368121e-01 -4.53990499739546249e-01 0
-9.65257067870732066e-01 -4.91823041384508386e-01 0
-1.03950761155309612e+00 -5.29655583029470689e-01 0
-1.11375815523546007e+00 -5.67488124674432770e-01 0
-1.18800869891782401e+00 -6.05320666319394962e-01 0
-1.26225924260018818e+00 -6.43153207964357265e-01 0
-1.33650978628255213e+00 -6.80985749609319346e-01 0
-1.41076032996491629e+00 -7.18818291254281649e-01 0
-1.48501087364728002e+00 -7.56650832899243730e-01 0
-1.55926141732964418e+00 -7.94483374544205923e-01 0
-1.63351196101200835e+00 -8.32315916189168226e-01 0
-1.70776250469437207e+00 -8.70148457834130196e-01 0
-1.78201304837673624e+00 -9.07980999479092499e-01 0
-8.66025403784438597e-01 -5.00000000000000111e-01 0
-9.38194187433141757e-01 -5.41666666666666741e-01 0
-1.01036297108184514e+00 -5.83333333333333481e-01 0
-1.08253175473054819e+00 -6.25000000000000111e-01 0
-1.15470053837925146e+00 -6.66666666666666741e-01 0
-1.22686932202795473e+00 -7.08333333333333481e-01 0
-1.29903810567665801e+00 -7.50000000000000222e-01 0
-1.37120688932536128e+00 -7.91666666666666963e-01 0
-1.44337567297406411e+00 -8.33333333333333481e-01 0
-1.51554445662276760e+00 -8.75000000000000222e-01 0
-1.58771324027147087e+00 -9.16666666666666963e-01 0
-1.65988202392017392e+00 -9.58333333333333481e-01 0
-1.73205080756887719e+00 -1.00000000000000022e+00 0
-8.38670567945424050e-01 -5.44639035015027084e-01 0
-9.08559781940875943e-01 -5.90025621266279332e-01 0
-9.78448995936328170e-01 -6.35412207517531691e-01 0
-1.04833820993178017e+00 -6.80798793768783828e-01 0
-1.11822742392723207e+00 -7.26185380020036075e-01 0
-1.18811663792268418e+00 -7.71571966271288434e-01 0
-1.25800585191813608e+00 -8.16958552522540682e-01 0
-1.32789506591358819e+00 -8.62345138773792930e-01 0
-1.39778427990903986e+00 -9.07731725025045066e-01 0
-1.46767349390449198e+00 -9.53118311276297425e-01 0
-1.53756270789994431e+00 -9.98504897527549784e-01 0
-1.60745192189539599e+00 -1.04389148377880181e+00 0
-1.67734113589084810e+00 -1.08927807003005417e+00 0
-8.09016994374947562e-01 -5.87785252292473026e-01 0
-8.76435077239526517e-01 -6.36767356650179028e-01 0
-9.43853160104105582e-01 -6.85749461007885253e-01 0
-1.01127124296868454e+00 -7.34731565365591255e-01 0
-1.07868932583326327e+00 -7.83713669723297368e-01 0
-1.14610740869784244e+00 -8.32695774081003481e-01 0
-1.21352549156242140e+00 -8.81677878438709595e-01 0
-1.28094357442700035e+00 -9.30659982796415708e-01 0
-1.34836165729157909e+00 -9.79642087154121599e-01 0
-1.41577974015615826e+00 -1.02862419151182771e+00 0
-1.48319782302073722e+00 -1.07760629586953405e+00 0
-1.55061590588531595e+00 -1.12658840022723994e+00 0
-1.61803398874989512e+00 -1.17557050458494605e+00 0
-7.77145961456970791e-01 -6.29320391049837613e-01 0
-8.41908124911718292e-01 -6.81763756970657386e-01 0
-9.06670288366466015e-01 -7.34207122891477271e-01 0
-9.71432451821213516e-01 -7.86650488812297044e-01 0
-1.03619461527596091e+00 -8.39093854733116817e-01 0
-1.10095677873070863e+00 -8.91537220653936702e-01 0
-1.16571894218545613e+00 -9.43980586574756364e-01 0
-1.23048110564020385e+00 -9.96423952495576359e-01 0
-1.29524326909495113e+00 -1.04886731841639591e+00 0
-1.36000543254969886e+00 -1.10131068433721580e+00 0
-1.42476759600444658e+00 -1.15375405025803568e+00 0
-1.48952975945919386e+00 -1.20619741617885534e+00 0
-1.55429192291394158e+00 -1.25864078209967523e+00 0
-7.43144825477394244e-01 -6.69130606358858238e-01 0
-8.05073560933843746e-01 -7.24891490222096424e-01 0
-8.67002296390293359e-01 -7.80652374085334610e-01 0
-9.28931031846742750e-01 -8.36413257948572797e-01 0
-9.90859767303192251e-01 -8.92174141811810983e-01 0
-1.05278850275964198e+00 -9.47935025675049170e-01 0
-1.11471723821609148e+00 -1.00369590953828736e+00 0
-1.17664597367254098e+00 -1.05945679340152554e+00 0
-1.23857470912899026e+00 -1.11521767726476373e+00 0
-1.30050344458543998e+00 -1.17097856112800192e+00 0
-1.36243218004188948e+00 -1.22673944499124010e+00 0
-1.42436091549833876e+00 -1.28250032885447829e+00 0
-1.48628965095478849e+00 -1.33826121271771648e+00 0
-7.07106781186547684e-01 -7.07106781186547462e-01 0
-7.66032346285426602e-01 -7.66032346285426380e-01 0
-8.24957911384305631e-01 -8.24957911384305409e-01 0
-8.83883476483184660e-01 -8.83883476483184327e-01 0
-9.42809041582063578e-01 -9.42809041582063245e-01 0
-1.00173460668094250e+00 -1.00173460668094227e+00 0
-1.06066017177982141e+00 -1.06066017177982119e+00 0
-1.11958573687870055e+00 -1.11958573687870033e+00 0
-1.17851130197757947e+00 -1.17851130197757903e+00 0
-1.23743686707645839e+00 -1.23743686707645795e+00 0
-1.29636243217533753e+00 -1.29636243217533709e+00 0
-1.35528799727421623e+00 -1.35528799727421578e+00 0
-1.41421356237309537e+00 -1.41421356237309492e+00 0
-6.69130606358858460e-01 -7.43144825477394022e-01 0
-7.24891490222096646e-01 -8.05073560933843524e-01 0
-7.80652374085334944e-01 -8.67002296390293026e-01 0
-8.36413257948573019e-01 -9.28931031846742528e-01 0
-8.92174141811811205e-01 -9.90859767303192029e-01 0
-9.47935025675049503e-01 -1.05278850275964153e+00 0
-1.00369590953828780e+00 -1.11471723821609103e+00 0
-1.05945679340152599e+00 -1.17664597367254053e+00 0
-1.11521767726476395e+00 -1.23857470912899004e+00 0
-1.17097856112800236e+00 -1.30050344458543954e+00 0
-1.22673944499124055e+00 -1.36243218004188904e+00 0
-1.28250032885447851e+00 -1.42436091549833854e+00 0
-1.33826121271771692e+00 -1.48628965095478804e+00 0
-6.29320391049837169e-01 -7.77145961456971124e-01 0
-6.81763756970656831e-01 -8.41908124911718625e-01 0
-7.34207122891476716e-01 -9.06670288366466348e-01 0
-7.86650488812296489e-01 -9.71432451821213849e-01 0
-8.39093854733116151e-01 -1.03619461527596135e+00 0
-8.91537220653936036e-01 -1.10095677873070907e+00 0
-9.43980586574755698e-01 -1.16571894218545680e+00 0
-9.96423952495575582e-01 -1.23048110564020430e+00 0
-1.04886731841639524e+00 -1.29524326909495180e+00 0
-1.10131068433721513e+00 -1.36000543254969952e+00 0
-1.15375405025803501e+00 -1.42476759600444725e+00 0
-1.20619741617885445e+00 -1.48952975945919452e+00 0
-1.25864078209967434e+00 -1.55429192291394225e+00 0
-5.87785252292473248e-01 -8.09016994374947340e-01 0
-6.36767356650179361e-01 -8.76435077239526183e-01 0
-6.85749461007885475e-01 -9.43853160104105249e-01 0
-7.34731565365591588e-01 -1.01127124296868409e+00 0
-7.83713669723297590e-01 -1.07868932583326305e+00 0
-8.32695774081003814e-01 -1.14610740869784222e+00 0
-8.81677878438709817e-01 -1.21352549156242095e+00 0
-9.30659982796416041e-01 -1.28094357442700013e+00 0
-9.79642087154122043e-01 -1.34836165729157886e+00 0
-1.02862419151182816e+00 -1.41577974015615782e+00 0
-1.07760629586953427e+00 -1.48319782302073699e+00 0
-1.12658840022724038e+00 -1.55061590588531573e+00 0
-1.17557050458494650e+00 -1.61803398874989468e+00 0
-5.44639035015026973e-01 -8.38670567945424050e-01 0
-5.90025621266279221e-01 -9.08559781940875943e-01 0
-6.35412207517531469e-01 -9.78448995936328170e-01 0
-6.80798793768783717e-01 -1.04833820993178017e+00 0
-7.26185380020035964e-01 -1.11822742392723207e+00 0
-7.71571966271288212e-01 -1.18811663792268418e+00 0
-8.16958552522540460e-01 -1.25800585191813608e+00 0
-8.62345138773792819e-01 -1.32789506591358819e+00 0
-9.07731725025044844e-01 -1.39778427990903986e+00 0
-9.53118311276297203e-01 -1.46767349390449198e+00 0
-9.98504897527549562e-01 -1.53756270789994431e+00 0
-1.04389148377880159e+00 -1.60745192189539599e+00 0
-1.08927807003005395e+00 -1.67734113589084810e+00 0
-5.00000000000000444e-01 -8.66025403784438375e-01 0
-5.41666666666667074e-01 -9.38194187433141535e-01 0
-5.83333333333333925e-01 -1.01036297108184492e+00 0
-6.25000000000000555e-01 -1.08253175473054797e+00 0
-6.66666666666667185e-01 -1.15470053837925102e+00 0
-7.08333333333334036e-01 -1.22686932202795451e+00 0
-7.50000000000000666e-01 -1.29903810567665756e+00 0
-7.91666666666667407e-01 -1.37120688932536083e+00 0
-8.33333333333334036e-01 -1.44337567297406388e+00 0
-8.75000000000000777e-01 -1.51554445662276716e+00 0
-9.16666666666667518e-01 -1.58771324027147043e+00 0
-9.58333333333334147e-01 -1.65988202392017348e+00 0
-1.00000000000000089e+00 -1.73205080756887675e+00 0
-4.53990499739546916e-01 -8.91006524188367788e-01 0
-4.91823041384509108e-01 -9.65257067870731733e-01 0
-5.29655583029471466e-01 -1.03950761155309590e+00 0
-5.67488124674433658e-01 -1.11375815523545985e+00 0
-6.05320666319395850e-01 -1.18800869891782357e+00 0
-6.43153207964358153e-01 -1.26225924260018774e+00 0
-6.80985749609320345e-01 -1.33650978628255168e+00 0
-7.18818291254282649e-01 -1.41076032996491585e+00 0
-7.56650832899244841e-01 -1.48501087364727957e+00 0
-7.94483374544207144e-01 -1.55926141732964352e+00 0
-8.32315916189169447e-01 -1.63351196101200768e+00 0
-8.70148457834131528e-01 -1.70776250469437141e+00 0
-9.07980999479093831e-01 -1.78201304837673558e+00 0
-4.06736643075800097e-01 -9.13545457642600978e-01 0
-4.40631363332116721e-01 -9.89674245779484374e-01 0
-4.74526083588433456e-01 -1.06580303391636777e+00 0
-5.08420803844750080e-01 -1.14193182205325128e+00 0
-5.42315524101066759e-01 -1.21806061019013456e+00 0
-5.76210244357383550e-01 -1.29418939832701807e+00 0
-6.10104964613700118e-01 -1.37031818646390136e+00 0
-6.43999684870016909e-01 -1.44644697460078508e+00 0
-6.77894405126333477e-01 -1.52257576273766815e+00 0
-7.11789125382650156e-01 -1.59870455087455166e+00 0
-7.45683845638966947e-01 -1.67483333901143516e+00 0
-7.79578565895283404e-01 -1.75096212714831845e+00 0
-8.13473286151600194e-01 -1.82709091528520196e+00 0
-3.58367949545300712e-01 -9.33580426497201632e-01 0
-3.88231945340742401e-01 -1.01137879537196840e+00 0
-4.18095941136184202e-01 -1.08917716424673539e+00 0
-4.47959936931625891e-01 -1.16697553312150193e+00 0
-4.77823932727067580e-01 -1.24477390199626869e+00 0
-5.07687928522509324e-01 -1.32257227087103568e+00 0
-5.37551924317951069e-01 -1.40037063974580245e+00 0
-5.67415920113392813e-01 -1.47816900862056944e+00 0
-5.97279915908834447e-01 -1.55596737749533598e+00 0
-6.27143911704276302e-01 -1.63376574637010297e+00 0
-6.57007907499718047e-01 -1.71156411524486973e+00 0
-6.86871903295159680e-01 -1.78936248411963628e+00 0
-7.16735899090601425e-01 -1.86716085299440326e+00 0
-3.09016994374947562e-01 -9.51056516295153531e-01 0
-3.34768410572859831e-01 -1.03031122598641622e+00 0
-3.60519826770772156e-01 -1.10956593567767925e+00 0
-3.86271242968684425e-01 -1.18882064536894183e+00 0
-4.12022659166596750e-01 -1.26807535506020463e+00 0
-4.37774075364509074e-01 -1.34733006475146766e+00 0
-4.63525491562421343e-01 -1.42658477444273024e+00 0
-4.89276907760333668e-01 -1.50583948413399327e+00 0
-5.15028323958245937e-01 -1.58509419382525585e+00 0
-5.40779740156158262e-01 -1.66434890351651865e+00 0
-5.66531156354070586e-01 -1.74360361320778168e+00 0
-5.92282572551982800e-01 -1.82285832289904404e+00 0
-6.18033988749895125e-01 -1.90211303259030706e+00 0
-2.58819045102520628e-01 -9.65925826289068312e-01 0
-2.80387298861064005e-01 -1.04641964514649066e+00 0
-3.01955552619607437e-01 -1.12691346400391312e+00 0
-3.23523806378150813e-01 -1.20740728286133536e+00 0
-3.45092060136694134e-01 -1.28790110171875760e+00 0
-3.66660313895237566e-01 -1.36839492057618028e+00 0
-3.88228567653780943e-01 -1.44888873943360252e+00 0
-4.09796821412324375e-01 -1.52938255829102498e+00 0
-4.31365075170867696e-01 -1.60987637714844700e+00 0
-4.52933328929411072e-01 -1.69037019600586946e+00 0
-4.74501582687954504e-01 -1.77086401486329215e+00 0
-4.96069836446497825e-01 -1.85135783372071416e+00 0
-5.17638090205041257e-01 -1.93185165257813662e+00 0
-2.07911690817759787e-01 -9.78147600733805578e-01 0
-2.25237665052573088e-01 -1.05965990079495587e+00 0
-2.42563639287386446e-01 -1.14117220085610649e+00 0
-2.59889613522199747e-01 -1.22268450091725689e+00 0
-2.77215587757013049e-01 -1.30419680097840729e+00 0
-2.94541561991826406e-01 -1.38570910103955791e+00 0
-3.11867536226639652e-01 -1.46722140110070831e+00 0
-3.29193510461453009e-01 -1.54873370116185893e+00 0
-3.46519484696266256e-01 -1.63024600122300911e+00 0
-3.63845458931079613e-01 -1.71175830128415973e+00 0
-3.81171433165892970e-01 -1.79327060134531036e+00 0
-3.98497407400706216e-01 -1.87478290140646053e+00 0
-4.15823381635519573e-01 -1.95629520146761116e+00 0
-1.56434465040231035e-01 -9.87688340595137659e-01 0
-1.69470670460250272e-01 -1.06999570231139907e+00 0
-1.82506875880269565e-01 -1.15230306402766058e+00 0
-1.95543081300288801e-01 -1.23461042574392210e+00 0
-2.08579286720308038e-01 -1.31691778746018340e+00 0
-2.21615492140327303e-01 -1.39922514917644514e+00 0
-2.34651697560346539e-01 -1.48153251089270643e+00 0
-2.47687902980365832e-01 -1.56383987260896817e+00 0
-2.60724108400385013e-01 -1.64614723432522925e+00 0
-2.73760313820404333e-01 -1.72845459604149099e+00 0
-2.86796519240423597e-01 -1.81076195775775250e+00 0
-2.99832724660442806e-01 -1.89306931947401380e+00 0
-3.12868930080462071e-01 -1.97537668119027532e+00 0
-1.04528463267653360e-01 -9.94521895368273401e-01 0
-1.13239168539957802e-01 -1.07739871998229608e+00 0
-1.21949873812262258e-01 -1.16027554459631910e+00 0
-1.30660579084566686e-01 -1.24315236921034167e+00 0
-1.39371284356871128e-01 -1.32602919382436446e+00 0
-1.48081989629175598e-01 -1.40890601843838748e+00 0
-1.56792694901480040e-01 -1.49178284305241005e+00 0
-1.65503400173784510e-01 -1.57465966766643306e+00 0
-1.74214105446088924e-01 -1.65753649228045563e+00 0
-1.82924810718393394e-01 -1.74041331689447842e+00 0
-1.91635515990697836e-01 -1.82329014150850144e+00 0
-2.00346221263002250e-01 -1.90616696612252379e+00 0
-2.09056926535306720e-01 -1.98904379073654680e+00 0
-5.23359562429443065e-02 -9.98629534754573833e-01 0
-5.66972859298563309e-02 -1.08184866265078816e+00 0
-6.10586156167683622e-02 -1.16506779054700282e+00 0
-6.54199453036803796e-02 -1.24828691844321726e+00 0
-6.97812749905924040e-02 -1.33150604633943170e+00 0
-7.41426046775044423e-02 -1.41472517423564637e+00 0
-7.85039343644164667e-02 -1.49794430213186081e+00 0
-8.28652640513284910e-02 -1.58116343002807547e+00 0
-8.72265937382405016e-02 -1.66438255792428969e+00 0
-9.15879234251525398e-02 -1.74760168582050412e+00 0
-9.59492531120645642e-02 -1.83082081371671879e+00 0
-1.00310582798976575e-01 -1.91403994161293300e+00 0
-1.04671912485888613e-01 -1.99725906950914767e+00 0
-1.83697019872102969e-16 -1.00000000000000000e+00 0
-1.99005104861444862e-16 -1.08333333333333326e+00 0
-2.14313189850786805e-16 -1.16666666666666674e+00 0
-2.29621274840128699e-16 -1.25000000000000000e+00 0
-2.44929359829470592e-16 -1.33333333333333326e+00 0
-2.60237444818812535e-16 -1.41666666666666674e+00 0
-2.75545529808154478e-16 -1.50000000000000000e+00 0
-2.90853614797496371e-16 -1.58333333333333348e+00 0
-3.06161699786838265e-16 -1.66666666666666652e+00 0
-3.21469784776180208e-16 -1.75000000000000000e+00 0
-3.36777869765522150e-16 -1.83333333333333348e+00 0
-3.52085954754863995e-16 -1.91666666666666652e+00 0
-3.67394039744205938e-16 -2.00000000000000000e+00 0
CELLS 1080 5400
4 0 1 14 13
4 1 2 15 14
4 2 3 16 15
4 3 4 17 16
4 4 5 18 17
4 5 6 19 18
4 6 7 20 19
4 7 8 21 20
4 8 9 22 21
4 9 10 23 22
4 10 11 24 23
4 11 12 25 24
4 13 14 27 26
4 14 15 28 27
4 15 16 29 28
4 16 17 30 29
4 17 18 31 30
4 18 19 32 31
4 19 20 33 32
4 20 21 34 33
4 21 22 35 34
4 22 23 36 35
4 23 24 37 36
4 24 25 38 37
4 26 27 40 39
4 27 28 41 40
4 28 29 42 41
4 29 30 43 42
4 30 31 44 43
4 31 32 45 44
4 32 33 46 45
4 33 34 47 46
4 34 35 48 47
4 35 36 49 48
4 36 37 50 49
4 37 38 51 50
4 39 40 53 52
4 40 41 54 53
4 41 42 55 54
4 42 43 56 55
4 43 44 57 56
4 44 45 58 57
4 45 46 59 58
4 46 47 60 59
4 47 48 61 60
4 48 49 62 61
4 49 50 63 62
4 50 51 64 63
4 52 53 66 65
4 53 54 67 66
4 54 55 68 67
4 55 56 69 68
4 56 57 70 69
4 57 58 71 70
4 58 59 72 71
4 59 60 73 72
4 60 61 74 73
4 61 62 75 74
4 62 63 76 75
4 63 64 77 76
4 65 66 79 78
4 66 67 80 79
4 67 68 81 80
4 68 69 82 81
4 69 70 83 82
4 70 71 84 83
4 71 72 85 84
4 72 73 86 85
4 73 74 87 86
4 74 75 88 87
4 75 76 89 88
4 76 77 90 89
4 78 79 92 91
4 79 80 93 92
4 80 81 94 93
4 81 82 95 94
4 82 83 96 95
4 83 84 97 96
4 84 85 98 97
4 85 86 99 98
4 86 87 100 99
4 87 88 101 100
4 88 89 102 101
4 89 90 103 102
4 91 92 105 104
4 92 93 106 105
4 93 94 107 106
4 94 95 108 107
4 95 96 109 108
4 96 97 110 109
4 97 98 111 110
4 98 99 112 111
4 99 100 113 112
4 100 101 114 113
4 101 102 115 114
4 102 103 116 115
4 104 105 118 117
4 105 106 119 118
4 106 107 120 119
4 107 108 121 120
4 108 109 122 121
4 109 110 123 122
4 110 111 124 123
4 111 112 125 124
4 112 113 126 125
4 113 114 127 126
4 114 115 128 127
4 115 116 129 128
4 117 118 131 130
4 118 119 132 131
4 119 120 133 132
4 120 121 134 133
4 121 122 135 134
4 122 123 136 135
4 123 124 137 136
4 124 125 138 137
4 125 126 139 138
4 126 127 140 139
4 127 128 141 140
4 128 129 142 141
4 130 131 144 143
4 131 132 145 144
4 132 133 146 145
4 133 134 147 146
4 134 135 148 147
4 135 136 149 148
4 136 137 150 149
4 137 138 151 150
4 138 139 152 151
4 139 140 153 152
4 140 141 154 153
4 141 142 155 154
4 143 144 157 156
4 144 145 158 157
4 145 146 159 158
4 146 147 160 159
4 147 148 161 160
4 148 149 162 161
4 149 150 163 162
4 150 151 164 163
4 151 152 165 164
4 152 153 166 165
4 153 154 167 166
4 154 155 168 167
4 156 157 170 169
4 157 158 171 170
4 158 159 172 171
4 159 160 173 172
4 160 161 174 173
4 161 162 175 174
4 162 163 176 175
4 163 164 177 176
4 164 165 178 177
4 165 166 179 178
4 166 167 180 179
4 167 168 181 180
4 169 170 183 182
4 170 171 184 183
4 171 172 185 184
4 172 173 186 185
4 173 174 187 186
4 174 175 188 187
4 175 176 189 188
4 176 177 190 189
4 177 178 191 190
4 178 179 192 191
4 179 180 193 192
4 180 181 194 193
4 182 183 196 195
4 183 184 197 196
4 184 185 198 197
4 185 186 199 198
4 186 187 200 199
4 187 188 201 200
4 188 189 202 201
4 189 190 203 202
4 190 191 204 203
4 191 192 205 204
4 192 193 206 205
4 193 194 207 206
4 195 196 209 208
4 196 197 210 209
4 197 198 211 210
4 198 199 212 211
4 199 200 213 212
4 200 201 214 213
4 201 202 215 214
4 202 203 216 215
4 203 204 217 216
4 204 205 218 217
4 205 206 219 218
4 206 207 220 219
4 208 209 222 221
4 209 210 223 222
4 210 211 224 223
4 211 212 225 224
4 212 213 226 225
4 213 214 227 226
4 214 215 228 227
4 215 216 229 228
4 216 217 230 229
4 217 218 231 230
4 218 219 232 231
4 219 220 233 232
4 221 222 235 234
4 222 223 236 235
4 223 224 237 236
4 224 225 238 237
4 225 226 239 238
4 226 227 240 239
4 227 228 241 240
4 228 229 242 241
4 229 230 243 242
4 230 231 244 243
4 231 232 245 244
4 232 233 246 245
4 234 235 248 247
4 235 236 249 248
4 236 237 250 249
4 237 238 251 250
4 238 239 252 251
4 239 240 253 252
4 240 241 254 253
4 241 242 255 254
4 242 243 256 255
4 243 244 257 256
4 244 245 258 257
4 245 246 259 258
4 247 248 261 260
4 248 249 262 261
4 249 250 263 262
4 250 251 264 263
4 251 252 265 264
4 252 253 266 265
4 253 254 267 266
4 254 255 268 267
4 255 256 269 268
4 256 257 270 269
4 257 258 271 270
4 258 259 272 271
4 260 261 274 273
4 261 262 275 274
4 262 263 276 275
4 263 264 277 276
4 264 265 278 277
4 265 266 279 278
4 266 267 280 279
4 267 268 281 280
4 268 269 282 281
4 269 270 283 282
4 270 271 284 283
4 271 272 285 284
4 273 274 287 286
4 274 275 288 287
4 275 276 289 288
4 276 277 290 289
4 277 278 291 290
4 278 279 292 291
4 279 280 293 292
4 280 281 294 293
4 281 282 295 294
4 282 283 296 295
4 283 284 297 296
4 284 285 298 297
4 286 287 300 299
4 287 288 301 300
4 288 289 302 301
4 289 290 303 302
4 290 291 304 303
4 291 292 305 304
4 292 293 306 305
4 293 294 307 306
4 294 295 308 307
4 295 296 309 308
4 296 297 310 309
4 297 298 311 310
4 299 300 313 312
4 300 301 314 313
4 301 302 315 314
4 302 303 316 315
4 303 304 317 316
4 304 305 318 317
4 305 306 319 318
4 306 307 320 319
4 307 308 321 320
4 308 309 322 321
4 309 310 323 322
4 310 311 324 323
4 312 313 326 325
4 313 314 327 326
4 314 315 328 327
4 315 316 329 328
4 316 317 330 329
4 317 318 331 330
4 318 319 332 331
4 319 320 333 332
4 320 321 334 333
4 321 322 335 334
4 322 323 336 335
4 323 324 337 336
4 325 326 339 338
4 326 327 340 339
4 327 328 341 340
4 328 329 342 341
4 329 330 343 342
4 330 331 344 343
4 331 332 345 344
4 332 333 346 345
4 333 334 347 346
4 334 335 348 347
4 335 336 349 348
4 336 337 350 349
4 338 339 352 351
4 339 340 353 352
4 340 341 354 353
4 341 342 355 354
4 342 343 356 355
4 343 344 357 356
4 344 345 358 357
4 345 346 359 358
4 346 347 360 359
4 347 348 361 360
4 348 349 362 361
4 349 350 363 362
4 351 352 365 364
4 352 353 366 365
4 353 354 367 366
4 354 355 368 367
4 355 356 369 368
4 356 357 370 369
4 357 358 371 370
4 358 359 372 371
4 359 360 373 372
4 360 361 374 373
4 361 362 375 374
4 362 363 376 375
4 364 365 378 377
4 365 366 379 378
4 366 367 380 379
4 367 368 381 380
4 368 369 382 381
4 369 370 383 382
4 370 371 384 383
4 371 372 385 384
4 372 373 386 385
4 373 374 387 386
4 374 375 388 387
4 375 376 389 388
4 377 378 391 390
4 378 379 392 391
4 379 380 393 392
4 380 381 394 393
4 381 382 395 394
4 382 383 396 395
4 383 384 397 396
4 384 385 398 397
4 385 386 399 398
4 386 387 400 399
4 387 388 401 400
4 388 389 402 401
4 403 404 417 416
4 404 405 418 417
4 405 406 419 418
4 406 407 420 419
4 407 408 421 420
4 408 409 422 421
4 409 410 423 422
4 410 411 424 423
4 411 412 425 424
4 412 413 426 425
4 413 414 427 426
4 414 415 428 427
4 416 417 430 429
4 417 418 431 430
4 418 419 432 431
4 419 420 433 432
4 420 421 434 433
4 421 422 435 434
4 422 423 436 435
4 423 424 437 436
4 424 425 438 437
4 425 426 439 438
4 426 427 440 439
4 427 428 441 440
4 429 430 443 442
4 430 431 444 443
4 431 432 445 444
4 432 433 446 445
4 433 434 447 446
4 434 435 448 447
4 435 436 449 448
4 436 437 450 449
4 437 438 451 450
4 438 439 452 451
4 439 440 453 452
4 440 441 454 453
4 442 443 456 455
4 443 444 457 456
4 444 445 458 457
4 445 446 459 458
4 446 447 460 459
4 447 448 461 460
4 448 449 462 461
4 449 450 463 462
4 450 451 464 463
4 451 452 465 464
4 452 453 466 465
4 453 454 467 466
4 455 456 469 468
4 456 457 470 469
4 457 458 471 470
4 458 459 472 471
4 459 460 473 472
4 460 461 474 473
4 461 462 475 474
4 462 463 476 475
4 463 464 477 476
4 464 465 478 477
4 465 466 479 478
4 466 467 480 479
4 468 469 482 481
4 469 470 483 482
4 470 471 484 483
4 471 472 485 484
4 472 473 486 485
4 473 474 487 486
4 474 475 488 487
4 475 476 489 488
4 476 477 490 489
4 477 478 491 490
4 478 479 492 491
4 479 480 493 492
4 481 482 495 494
4 482 483 496 495
4 483 484 497 496
4 484 485 498 497
4 485 486 499 498
4 486 487 500 499
4 487 488 501 500
4 488 489 502 501
4 489 490 503 502
4 490 491 504 503
4 491 492 505 504
4 492 493 506 505
4 494 495 508 507
4 495 496 509 508
4 496 497 510 509
4 497 498 511 510
4 498 499 512 511
4 499 500 513 512
4 500 501 514 513
4 501 502 515 514
4 502 503 516 515
4 503 504 517 516
4 504 505 518 517
4 505 506 519 518
4 507 508 521 520
4 508 509 522 521
4 509 510 523 522
4 510 511 524 523
4 511 512 525 524
4 512 513 526 525
4 513 514 527 526
4 514 515 528 527
4 515 516 529 528
4 516 517 530 529
4 517 518 531 530
4 518 519 532 531
4 520 521 534 533
4 521 522 535 534
4 522 523 536 535
4 523 524 537 536
4 524 525 538 537
4 525 526 539 538
4 526 527 540 539
4 527 528 541 540
4 528 529 542 541
4 529 530 543 542
4 530 531 544 543
4 531 532 545 544
4 533 534 547 546
4 534 535 548 547
4 535 536 549 548
4 536 537 550 549
4 537 538 551 550
4 538 539 552 551
4 539 540 553 552
4 540 541 554 553
4 541 542 555 554
4 542 543 556 555
4 543 544 557 556
4 544 545 558 557
4 546 547 560 559
4 547 548 561 560
4 548 549 562 561
4 549 550 563 562
4 550 551 564 563
4 551 552 565 564
4 552 553 566 565
4 553 554 567 566
4 554 555 568 567
4 555 556 569 568
4 556 557 570 569
4 557 558 571 570
4 559 560 573 572
4 560 561 574 573
4 561 562 575 574
4 562 563 576 575
4 563 564 577 576
4 564 565 578 577
4 565 566 579 578
4 566 567 580 579
4 567 568 581 580
4 568 569 582 581
4 569 570 583 582
4 570 571 584 583
4 572 573 586 585
4 573 574 587 586
4 574 575 588 587
4 575 576 589 588
4 576 577 590 589
4 577 578 591 590
4 578 579 592 591
4 579 580 593 592
4 580 581 594 593
4 581 582 595 594
4 582 583 596 595
4 583 584 597 596
4 585 586 599 598
4 586 587 600 599
4 587 588 601 600
4 588 589 602 601
4 589 590 603 602
4 590 591 604 603
4 591 592 605 604
4 592 593 606 605
4 593 594 607 606
4 594 595 608 607
4 595 596 609 608
4 596 597 610 609
4 598 599 612 611
4 599 600 613 612
4 600 601 614 613
4 601 602 615 614
4 602 603 616 615
4 603 604 617 616
4 604 605 618 617
4 605 606 619 618
4 606 607 620 619
4 607 608 621 620
4 608 609 622 621
4 609 610 623 622
4 611 612 625 624
4 612 613 626 625
4 613 614 627 626
4 614 615 628 627
4 615 616 629 628
4 616 617 630 629
4 617 618 631 630
4 618 619 632 631
4 619 620 633 632
4 620 621 634 633
4 621 622 635 634
4 622 623 636 635
4 624 625 638 637
4 625 626 639 638
4 626 627 640 639
4 627 628 641 640
4 628 629 642 641
4 629 630 643 642
4 630 631 644 643
4 631 632 645 644
4 632 633 646 645
4 633 634 647 646
4 634 635 648 647
4 635 636 649 648
4 637 638 651 650
4 638 639 652 651
4 639 640 653 652
4 640 641 654 653
4 641 642 655 654
4 642 643 656 655
4 643 644 657 656
4 644 645 658 657
4 645 646 659 658
4 646 647 660 659
4 647 648 661 660
4 648 649 662 661
4 650 651 664 663
4 651 652 665 664
4 652 653 666 665
4 653 654 667 666
4 654 655 668 667
4 655 656 669 668
4 656 657 670 669
4 657 658 671 670
4 658 659 672 671
4 659 660 673 672
4 660 661 674 673
4 661 662 675 674
4 663 664 677 676
4 664 665 678 677
4 665 666 679 678
4 666 667 680 679
4 667 668 681 680
4 668 669 682 681
4 669 670 683 682
4 670 671 684 683
4 671 672 685 684
4 672 673 686 685
4 673 674 687 686
4 674 675 688 687
4 676 677 690 689
4 677 678 691 690
4 678 679 692 691
4 679 680 693 692
4 680 681 694 693
4 681 682 695 694
4 682 683 696 695
4 683 684 697 696
4 684 685 698 697
4 685 686 699 698
4 686 687 700 699
4 687 688 701 700
4 689 690 703 702
4 690 691 704 703
4 691 692 705 704
4 692 693 706 705
4 693 694 707 706
4 694 695 708 707
4 695 696 709 708
4 696 697 710 709
4 697 698 711 710
4 698 699 712 711
4 699 700 713 712
4 700 701 714 713
4 702 703 716 715
4 703 704 717 716
4 704 705 718 717
4 705 706 719 718
4 706 707 720 719
4 707 708 721 720
4 708 709 722 721
4 709 710 723 722
4 710 711 724 723
4 711 712 725 724
4 712 713 726 725
4 713 714 727 726
4 715 716 729 728
4 716 717 730 729
4 717 718 731 730
4 718 719 732 731
4 719 720 733 732
4 720 721 734 733
4 721 722 735 734
4 722 723 736 735
4 723 724 737 736
4 724 725 738 737
4 725 726 739 738
4 726 727 740 739
4 728 729 742 741
4 729 730 743 742
4 730 731 744 743
4 731 732 745 744
4 732 733 746 745
4 733 734 747 746
4 734 735 748 747
4 735 736 749 748
4 736 737 750 749
4 737 738 751 750
4 738 739 752 751
4 739 740 753 752
4 741 742 755 754
4 742 743 756 755
4 743 744 757 756
4 744 745 758 757
4 745 746 759 758
4 746 747 760 759
4 747 748 761 760
4 748 749 762 761
4 749 750 763 762
4 750 751 764 763
4 751 752 765 764
4 752 753 766 765
4 754 755 768 767
4 755 756 769 768
4 756 757 770 769
4 757 758 771 770
4 758 759 772 771
4 759 760 773 772
4 760 761 774 773
4 761 762 775 774
4 762 763 776 775
4 763 764 777 776
4 764 765 778 777
4 765 766 779 778
4 767 768 781 780
4 768 769 782 781
4 769 770 783 782
4 770 771 784 783
4 771 772 785 784
4 772 773 786 785
4 773 774 787 786
4 774 775 788 787
4 775 776 789 788
4 776 777 790 789
4 777 778 791 790
4 778 779 792 791
4 780 781 794 793
4 781 782 795 794
4 782 783 796 795
4 783 784 797 796
4 784 785 798 797
4 785 786 799 798
4 786 787 800 799
4 787 788 801 800
4 788 789 802 801
4 789 790 803 802
4 790 791 804 803
4 791 792 805 804
4 806 807 820 819
4 807 808 821 820
4 808 809 822 821
4 809 810 823 822
4 810 811 824 823
4 811 812 825 824
4 812 813 826 825
4 813 814 827 826
4 814 815 828 827
4 815 816 829 828
4 816 817 830 829
4 817 818 831 830
4 819 820 833 832
4 820 821 834 833
4 821 822 835 834
4 822 823 836 835
4 823 824 837 836
4 824 825 838 837
4 825 826 839 838
4 826 827 840 839
4 827 828 841 840
4 828 829 842 841
4 829 830 843 842
4 830 831 844 843
4 832 833 846 845
4 833 834 847 846
4 834 835 848 847
4 835 836 849 848
4 836 837 850 849
4 837 838 851 850
4 838 839 852 851
4 839 840 853 852
4 840 841 854 853
4 841 842 855 854
4 842 843 856 855
4 843 844 857 856
4 845 846 859 858
4 846 847 860 859
4 847 848 861 860
4 848 849 862 861
4 849 850 863 862
4 850 851 864 863
4 851 852 865 864
4 852 853 866 865
4 853 854 867 866
4 854 855 868 867
4 855 856 869 868
4 856 857 870 869
4 858 859 872 871
4 859 860 873 872
4 860 861 874 873
4 861 862 875 874
4 862 863 876 875
4 863 864 877 876
4 864 865 878 877
4 865 866 879 878
4 866 867 880 879
4 867 868 881 880
4 868 869 882 881
4 869 870 883 882
4 871 872 885 884
4 872 873 886 885
4 873 874 887 886
4 874 875 888 887
4 875 876 889 888
4 876 877 890 889
4 877 878 891 890
4 878 879 892 891
4 879 880 893 892
4 880 881 894 893
4 881 882 895 894
4 882 883 896 895
4 884 885 898 897
4 885 886 899 898
4 886 887 900 899
4 887 888 901 900
4 888 889 902 901
4 889 890 903 902
4 890 891 904 903
4 891 892 905 904
4 892 893 906 905
4 893 894 907 906
4 894 895 908 907
4 895 896 909 908
4 897 898 911 910
4 898 899 912 911
4 899 900 913 912
4 900 901 914 913
4 901 902 915 914
4 902 903 916 915
4 903 904 917 916
4 904 905 918 917
4 905 906 919 918
4 906 907 920 919
4 907 908 921 920
4 908 909 922 921
4 910 911 924 923
4 911 912 925 924
4 912 913 926 925
4 913 914 927 926
4 914 915 928 927
4 915 916 929 928
4 916 917 930 929
4 917 918 931 930
4 918 919 932 931
4 919 920 933 932
4 920 921 934 933
4 921 922 935 934
4 923 924 937 936
4 924 925 938 937
4 925 926 939 938
4 926 927 940 939
4 927 928 941 940
4 928 929 942 941
4 929 930 943 942
4 930 931 944 943
4 931 932 945 944
4 932 933 946 945
4 933 934 947 946
4 934 935 948 947
4 936 937 950 949
4 937 938 951 950
4 938 939 952 951
4 939 940 953 952
4 940 941 954 953
4 941 942 955 954
4 942 943 956 955
4 943 944 957 956
4 944 945 958 957
4 945 946 959 958
4 946 947 960 959
4 947 948 961 960
4 949 950 963 962
4 950 951 964 963
4 951 952 965 964
4 952 953 966 965
4 953 954 967 966
4 954 955 968 967
4 955 956 969 968
4 956 957 970 969
4 957 958 971 970
4 958 959 972 971
4 959 960 973 972
4 960 961 974 973
4 962 963 976 975
4 963 964 977 976
4 964 965 978 977
4 965 966 979 978
4 966 967 980 979
4 967 968 981 980
4 968 969 982 981
4 969 970 983 982
4 970 971 984 983
4 971 972 985 984
4 972 973 986 985
4 973 974 987 986
4 975 976 989 988
4 976 977 990 989
4 977 978 991 990
4 978 979 992 991
4 979 980 993 992
4 980 981 994 993
4 981 982 995 994
4 982 983 996 995
4 983 984 997 996
4 984 985 998 997
4 985 986 999 998
4 986 987 1000 999
4 988 989 1002 1001
4 989 990 1003 1002
4 990 991 1004 1003
4 991 992 1005 1004
4 992 993 1006 1005
4 993 994 1007 1006
4 994 995 1008 1007
4 995 996 1009 1008
4 996 997 1010 1009
4 997 998 1011 1010
4 998 999 1012 1011
4 999 1000 1013 1012
4 1001 1002 1015 1014
4 1002 1003 1016 1015
4 1003 1004 1017 1016
4 1004 1005 1018 1017
4 1005 1006 1019 1018
4 1006 1007 1020 1019
4 1007 1008 1021 1020
4 1008 1009 1022 1021
4 1009 1010 1023 1022
4 1010 1011 1024 1023
4 1011 1012 1025 1024
4 1012 1013 1026 1025
4 1014 1015 1028 1027
4 1015 1016 1029 1028
4 1016 1017 1030 1029
4 1017 1018 1031 1030
4 1018 1019 1032 1031
4 1019 1020 1033 1032
4 1020 1021 1034 1033
4 1021 1022 1035 1034
4 1022 1023 1036 1035
4 1023 1024 1037 1036
4 1024 1025 1038 1037
4 1025 1026 1039 1038
4 1027 1028 1041 1040
4 1028 1029 1042 1041
4 1029 1030 1043 1042
4 1030 1031 1044 1043
4 1031 1032 1045 1044
4 1032 1033 1046 1045
4 1033 1034 1047 1046
4 1034 1035 1048 1047
4 1035 1036 1049 1048
4 1036 1037 1050 1049
4 1037 1038 1051 1050
4 1038 1039 1052 1051
4 1040 1041 1054 1053
4 1041 1042 1055 1054
4 1042 1043 1056 1055
4 1043 1044 1057 1056
4 1044 1045 1058 1057
4 1045 1046 1059 1058
4 1046 1047 1060 1059
4 1047 1048 1061 1060
4 1048 1049 1062 1061
4 1049 1050 1063 1062
4 1050 1051 1064 1063
4 1051 1052 1065 1064
4 1053 1054 1067 1066
4 1054 1055 1068 1067
4 1055 1056 1069 1068
4 1056 1057 1070 1069
4 1057 1058 1071 1070
4 1058 1059 1072 1071
4 1059 1060 1073 1072
4 1060 1061 1074 1073
4 1061 1062 1075 1074
4 1062 1063 1076 1075
4 1063 1064 1077 1076
4 1064 1065 1078 1077
4 1066 1067 1080 1079
4 1067 1068 1081 1080
4 1068 1069 1082 1081
4 1069 1070 1083 1082
4 1070 1071 1084 1083
4 1071 1072 1085 1084
4 1072 1073 1086 1085
4 1073 1074 1087 1086
4 1074 1075 1088 1087
4 1075 1076 1089 1088
4 1076 1077 1090 1089
4 1077 1078 1091 1090
4 1079 1080 1093 1092
4 1080 1081 1094 1093
4 1081 1082 1095 1094
4 1082 1083 1096 1095
4 1083 1084 1097 1096
4 1084 1085 1098 1097
4 1085 1086 1099 1098
4 1086 1087 1100 1099
4 1087 1088 1101 1100
4 1088 1089 1102 1101
4 1089 1090 1103 1102
4 1090 1091 1104 1103
4 1092 1093 1106 1105
4 1093 1094 1107 1106
4 1094 1095 1108 1107
4 1095 1096 1109 1108
4 1096 1097 1110 1109
4 1097 1098 1111 1110
4 1098 1099 1112 1111
4 1099 1100 1113 1112
4 1100 1101 1114 1113
4 1101 1102 1115 1114
4 1102 1103 1116 1115
4 1103 1104 1117 1116
4 1105 1106 1119 1118
4 1106 1107 1120 1119
4 1107 1108 1121 1120
4 1108 1109 1122 1121
4 1109 1110 1123 1122
4 1110 1111 1124 1123
4 1111 1112 1125 1124
4 1112 1113 1126 1125
4 1113 1114 1127 1126
4 1114 1115 1128 1127
4 1115 1116 1129 1128
4 1116 1117 1130 1129
4 1118 1119 1132 1131
4 1119 1120 1133 1132
4 1120 1121 1134 1133
4 1121 1122 1135 1134
4 1122 1123 1136 1135
4 1123 1124 1137 1136
4 1124 1125 1138 1137
4 1125 1126 1139 1138
4 1126 1127 1140 1139
4 1127 1128 1141 1140
4 1128 1129 1142 1141
4 1129 1130 1143 1142
4 1131 1132 1145 1144
4 1132 1133 1146 1145
4 1133 1134 1147 1146
4 1134 1135 1148 1147
4 1135 1136 1149 1148
4 1136 1137 1150 1149
4 1137 1138 1151 1150
4 1138 1139 1152 1151
4 1139 1140 1153 1152
4 1140 1141 1154 1153
4 1141 1142 1155 1154
4 1142 1143 1156 1155
4 1144 1145 1158 1157
4 1145 1146 1159 1158
4 1146 1147 1160 1159
4 1147 1148 1161 1160
4 1148 1149 1162 1161
4 1149 1150 1163 1162
4 1150 1151 1164 1163
4 1151 1152 1165 1164
4 1152 1153 1166 1165
4 1153 1154 1167 1166
4 1154 1155 1168 1167
4 1155 1156 1169 1168
4 1157 1158 1171 1170
4 1158 1159 1172 1171
4 1159 1160 1173 1172
4 1160 1161 1174 1173
4 1161 1162 1175 1174
4 1162 1163 1176 1175
4 1163 1164 1177 1176
4 1164 1165 1178 1177
4 1165 1166 1179 1178
4 1166 1167 1180 1179
4 1167 1168 1181 1180
4 1168 1169 1182 1181
4 1170 1171 1184 1183
4 1171 1172 1185 1184
4 1172 1173 1186 1185
4 1173 1174 1187 1186
4 1174 1175 1188 1187
4 1175 1176 1189 1188
4 1176 1177 1190 1189
4 1177 1178 1191 1190
4 1178 1179 1192 1191
4 1179 1180 1193 1192
4 1180 1181 1194 1193
4 1181 1182 1195 1194
4 1183 1184 1197 1196
4 1184 1185 1198 1197
4 1185 1186 1199 1198
4 1186 1187 1200 1199
4 1187 1188 1201 1200
4 1188 1189 1202 1201
4 1189 1190 1203 1202
4 1190 1191 1204 1203
4 1191 1192 1205 1204
4 1192 1193 1206 1205
4 1193 1194 1207 1206
4 1194 1195 1208 1207
CELL_TYPES 1080
9
9
9
9
9
9
9
9
9
9
9
9
9
9
9
9
9
9
9
9
9
9
9
9
9
9
9
9
9
9
9
9
9
9
9
9
9
9
9
9
9
9
9
9
9
9
9
9
9
9
9
9
9
9
9
9
9
9
9
9
9
9
9
9
9
9
9
9
9
9
9
9
9
9
9
9
9
9
9
9
9
9
9
9
9
9
9
9
9
9
9
9
9
9
9
9
9
9
9
9
9
9
9
9
9
9
9
9
9
9
9
9
9
9
9
9
9
9
9
9
9
9
9
9
9
9
9
9
9
9
9
9
9
9
9
9
9
9
9
9
9
9
9
9
9
9
9
9
9
9
9
9
9
9
9
9
9
9
9
9
9
9
9
9
9
9
9
9
9
9
9
9
9
9
9
9
9
9
9
9
9
9
9
9
9
9
9
9
9
9
9
9
9
9
9
9
9
9
9
9
9
9
9
9
9
9
9
9
9
9
9
9
9
9
9
9
9
9
9
9
9
9
9
9
9
9
9
9
9
9
9
9
9
9
9
9
9
9
9
9
9
9
9
9
9
9
9
9
9
9
9
9
9
9
9
9
9
9
9
9
9
9
9
9
9
9
9
9
9
9
9
9
9
9
9
9
9
9
9
9
9
9
9
9
9
9
9
9
9
9
9
9
9
9
9
9
9
9
9
9
9
9
9
9
9
9
9
9
9
9
9
9
9
9
9
9
9
9
9
9
9
9
9
9
9
9
9
9
9
9
9
9
9
9
9
9
9
9
9
9
9
9
9
9
9
9
9
9
9
9
9
9
9
9
9
9
9
9
9
9
9
9
9
9
9
9
9
9
9
9
9
9
9
9
9
9
9
9
9
9
9
9
9
9
9
9
9
9
9
9
9
9
9
9
9
9
9
9
9
9
9
9
9
9
9
9
9
9
9
9
9
9
9
9
9
9
9
9
9
9
9
9
9
9
9
9
9
9
9
9
9
9
9
9
9
9
9
9
9
9
9
9
9
9
9
9
9
9
9
9
9
9
9
9
9
9
9
9
9
9
9
9
9
9
9
9
9
9
9
9
9
9
9
9
9
9
9
9
9
9
9
9
9
9
9
9
9
9
9
9
9
9
9
9
9
9
9
9
9
9
9
9
9
9
9
9
9
9
9
9
9
9
9
9
9
9
9
9
9
9
9
9
9
9
9
9
9
9
9
9
9
9
9
9
9
9
9
9
9
9
9
9
9
9
9
9
9
9
9
9
9
9
9
9
9
9
9
9
9
9
9
9
9
9
9
9
9
9
9
9
9
9
9
9
9
9
9
9
9
9
9
9
9
9
9
9
9
9
9
9
9
9
9
9
9
9
9
9
9
9
9
9
9
9
9
9
9
9
9
9
9
9
9
9
9
9
9
9
9
9
9
9
9
9
9
9
9
9
9
9
9
9
9
9
9
9
9
9
9
9
9
9
9
9
9
9
9
9
9
9
9
9
9
9
9
9
9
9
9
9
9
9
9
9
9
9
9
9
9
9
9
9
9
9
9
9
9
9
9
9
9
9
9
9
9
9
9
9
9
9
9
9
9
9
9
9
9
9
9
9
9
9
9
9
9
9
9
9
9
9
9
9
9
9
9
9
9
9
9
9
9
9
9
9
9
9
9
9
9
9
9
9
9
9
9
9
9
9
9
9
9
9
9
9
9
9
9
9
9
9
9
9
9
9
9
9
9
9
9
9
9
9
9
9
9
9
9
9
9
9
9
9
9
9
9
9
9
9
9
9
9
9
9
9
9
9
9
9
9
9
9
9
9
9
9
9
9
9
9
9
9
9
9
9
9
9
9
9
9
9
9
9
9
9
9
9
9
9
9
9
9
9
9
9
9
9
9
9
9
9
9
9
9
9
9
9
9
9
9
9
9
9
9
9
9
9
9
9
9
9
9
9
9
9
9
9
9
9
9
9
9
9
9
9
9
9
9
9
9
9
9
9
9
9
9
9
9
9
9
9
9
9
9
9
9
9
9
9
9
9
9
9
9
9
9
9
9
9
9
9
9
9
9
9
9
9
9
9
9
9
9
9
9
9
9
9
9
9
9
9
9
9
9
9
9
9
9
9
9
9
9
9
9
9
9
9
9
9
9
9
9
9
9
9
9
9
9
9
9
9
9
9
9
9
9
9
9
9
9
9
9
9
9
9
9
9
9
9
9
9
9
9
9
9
9
9
9
9
9
9
9
9
9
9
9
9
9
9
9
9
9
9
9
9
9
9
9
9
9
9
9
9
9
9
9
9
9
9
9
9
9
9
9
9
9
9
9
9
9
9
9
9
9
9
9
9
9
9
9
9
9
9
9
9
9
9
9
9
9
9
9
9
9
9
9
9
9
9
9
9
9
9
9
9
9
9
9
9
9
9
9
9
9
9
9
9
9
9
9
9
9
9
9
9
9
9
9
9
9
9
CELL_DATA 1080
SCALARS pressure double 1
LOOKUP_TABLE default
0.00000000000000000e+00
0.00000000000000000e+00
0.00000000000000000e+00
0.00000000000000000e+00
0.00000000000000000e+00
0.00000000000000000e+00
0.00000000000000000e+00
0.00000000000000000e+00
0.00000000000000000e+00
0.00000000000000000e+00
0.00000000000000000e+00
0.00000000000000000e+00
0.00000000000000000e+00
0.00000000000000000e+00
0.00000000000000000e+00
0.00000000000000000e+00
0.00000000000000000e+00
0.00000000000000000e+00
0.00000000000000000e+00
0.00000000000000000e+00
0.00000000000000000e+00
0.00000000000000000e+00
0.00000000000000000e+00
0.00000000000000000e+00
0.00000000000000000e+00
0.00000000000000000e+00
0.00000000000000000e+00
0.00000000000000000e+00
0.00000000000000000e+00
0.00000000000000000e+00
0.00000000000000000e+00
0.00000000000000000e+00
0.00000000000000000e+00
0.00000000000000000e+00
0.00000000000000000e+00
0.00000000000000000e+00
0.00000000000000000e+00
0.00000000000000000e+00
0.00000000000000000e+00
0.00000000000000000e+00
0.00000000000000000e+00
0.00000000000000000e+00
0.00000000000000000e+00
0.00000000000000000e+00
0.00000000000000000e+00
0.00000000000000000e+00
0.00000000000000000e+00
0.00000000000000000e+00
0.00000000000000000e+00
0.00000000000000000e+00
0.00000000000000000e+00
0.00000000000000000e+00
0.00000000000000000e+00
0.00000000000000000e+00
0.00000000000000000e+00
0.00000000000000000e+00
0.00000000000000000e+00
0.00000000000000000e+00
0.00000000000000000e+00
0.00000000000000000e+00
0.00000000000000000e+00
0.00000000000000000e+00
0.00000000000000000e+00
0.00000000000000000e+00
0.00000000000000000e+00
0.00000000000000000e+00
0.00000000000000000e+00
0.00000000000000000e+00
0.00000000000000000e+00
0.00000000000000000e+00
0.00000000000000000e+00
0.00000000000000000e+00
0.00000000000000000e+00
0.00000000000000000e+00
0.00000000000000000e+00
0.00000000000000000e+00
0.00000000000000000e+00
0.00000000000000000e+00
0.00000000000000000e+00
0.00000000000000000e+00
0.00000000000000000e+00
0.00000000000000000e+00
0.00000000000000000e+00
0.00000000000000000e+00
0.00000000000000000e+00
0.00000000000000000e+00
0.00000000000000000e+00
0.00000000000000000e+00
0.00000000000000000e+00
0.00000000000000000e+00
0.00000000000000000e+00
0.00000000000000000e+00
0.00000000000000000e+00
0.00000000000000000e+00
0.00000000000000000e+00
0.00000000000000000e+00
0.00000000000000000e+00
0.00000000000000000e+00
0.00000000000000000e+00
0.00000000000000000e+00
0.00000000000000000e+00
0.00000000000000000e+00
0.00000000000000000e+00
0.00000000000000000e+00
0.00000000000000000e+00
0.00000000000000000e+00
0.00000000000000000e+00
0.00000000000000000e+00
0.00000000000000000e+00
0.00000000000000000e+00
0.00000000000000000e+00
0.00000000000000000e+00
0.00000000000000000e+00
0.00000000000000000e+00
0.00000000000000000e+00
0.00000000000000000e+00
0.00000000000000000e+00
0.00000000000000000e+00
0.00000000000000000e+00
0.00000000000000000e+00
0.00000000000000000e+00
0.00000000000000000e+00
0.00000000000000000e+00
0.00000000000000000e+00
0.00000000000000000e+00
0.00000000000000000e+00
0.00000000000000000e+00
0.00000000000000000e+00
0.00000000000000000e+00
0.00000000000000000e+00
0.00000000000000000e+00
0.00000000000000000e+00
0.00000000000000000e+00
0.00000000000000000e+00
0.00000000000000000e+00
0.00000000000000000e+00
0.00000000000000000e+00
0.00000000000000000e+00
0.00000000000000000e+00
0.00000000000000000e+00
0.00000000000000000e+00
0.00000000000000000e+00
0.00000000000000000e+00
0.00000000000000000e+00
0.00000000000000000e+00
0.00000000000000000e+00
0.00000000000000000e+00
0.00000000000000000e+00
0.00000000000000000e+00
0.00000000000000000e+00
0.00000000000000000e+00
0.00000000000000000e+00
0.00000000000000000e+00
0.00000000000000000e+00
0.00000000000000000e+00
0.00000000000000000e+00
0.00000000000000000e+00
0.00000000000000000e+00
0.00000000000000000e+00
0.00000000000000000e+00
0.00000000000000000e+00
0.00000000000000000e+00
0.00000000000000000e+00
0.00000000000000000e+00
0.00000000000000000e+00
0.00000000000000000e+00
0.00000000000000000e+00
0.00000000000000000e+00
0.00000000000000000e+00
0.00000000000000000e+00
0.00000000000000000e+00
0.00000000000000000e+00
0.00000000000000000e+00
0.00000000000000000e+00
0.00000000000000000e+00
0.00000000000000000e+00
0.00000000000000000e+00
0.00000000000000000e+00
0.00000000000000000e+00
0.00000000000000000e+00
0.00000000000000000e+00
0.00000000000000000e+00
0.00000000000000000e+00
0.00000000000000000e+00
0.00000000000000000e+00
0.00000000000000000e+00
0.00000000000000000e+00
0.00000000000000000e+00
0.00000000000000000e+00
0.00000000000000000e+00
0.00000000000000000e+00
0.00000000000000000e+00
0.00000000000000000e+00
0.00000000000000000e+00
0.00000000000000000e+00
0.00000000000000000e+00
0.00000000000000000e+00
0.00000000000000000e+00
0.00000000000000000e+00
0.00000000000000000e+00
0.00000000000000000e+00
0.00000000000000000e+00
0.00000000000000000e+00
0.00000000000000000e+00
0.00000000000000000e+00
0.00000000000000000e+00
0.00000000000000000e+00
0.00000000000000000e+00
0.00000000000000000e+00
0.00000000000000000e+00
0.00000000000000000e+00
0.00000000000000000e+00
0.00000000000000000e+00
0.00000000000000000e+00
0.00000000000000000e+00
0.00000000000000000e+00
0.00000000000000000e+00
0.00000000000000000e+00
0.00000000000000000e+00
0.00000000000000000e+00
0.00000000000000000e+00
0.00000000000000000e+00
0.00000000000000000e+00
0.00000000000000000e+00
0.00000000000000000e+00
0.00000000000000000e+00
0.00000000000000000e+00
0.00000000000000000e+00
0.00000000000000000e+00
0.00000000000000000e+00
0.00000000000000000e+00
0.00000000000000000e+00
0.00000000000000000e+00
0.00000000000000000e+00
0.00000000000000000e+00
0.00000000000000000e+00
0.00000000000000000e+00
0.00000000000000000e+00
0.00000000000000000e+00
0.00000000000000000e+00
0.00000000000000000e+00
0.00000000000000000e+00
0.00000000000000000e+00
0.00000000000000000e+00
0.00000000000000000e+00
0.00000000000000000e+00
0.00000000000000000e+00
0.00000000000000000e+00
0.00000000000000000e+00
0.00000000000000000e+00
0.00000000000000000e+00
0.00000000000000000e+00
0.00000000000000000e+00
0.00000000000000000e+00
0.00000000000000000e+00
0.00000000000000000e+00
0.00000000000000000e+00
0.00000000000000000e+00
0.00000000000000000e+00
0.00000000000000000e+00
0.00000000000000000e+00
0.00000000000000000e+00
0.00000000000000000e+00
0.00000000000000000e+00
0.00000000000000000e+00
0.00000000000000000e+00
0.00000000000000000e+00
0.00000000000000000e+00
0.00000000000000000e+00
0.00000000000000000e+00
0.00000000000000000e+00
0.00000000000000000e+00
0.00000000000000000e+00
0.00000000000000000e+00
0.00000000000000000e+00
0.00000000000000000e+00
0.00000000000000000e+00
0.00000000000000000e+00
0.00000000000000000e+00
0.00000000000000000e+00
0.00000000000000000e+00
0.00000000000000000e+00
0.00000000000000000e+00
0.00000000000000000e+00
0.00000000000000000e+00
0.00000000000000000e+00
0.00000000000000000e+00
0.00000000000000000e+00
0.00000000000000000e+00
0.00000000000000000e+00
0.00000000000000000e+00
0.00000000000000000e+00
0.00000000000000000e+00
0.00000000000000000e+00
0.00000000000000000e+00
0.00000000000000000e+00
0.00000000000000000e+00
0.00000000000000000e+00
0.00000000000000000e+00
0.00000000000000000e+00
0.00000000000000000e+00
0.00000000000000000e+00
0.00000000000000000e+00
0.00000000000000000e+00
0.00000000000000000e+00
0.00000000000000000e+00
0.00000000000000000e+00
0.00000000000000000e+00
0.00000000000000000e+00
0.00000000000000000e+00
0.00000000000000000e+00
0.00000000000000000e+00
0.00000000000000000e+00
0.00000000000000000e+00
0.00000000000000000e+00
0.00000000000000000e+00
0.00000000000000000e+00
0.00000000000000000e+00
0.00000000000000000e+00
0.00000000000000000e+00
0.00000000000000000e+00
0.00000000000000000e+00
0.00000000000000000e+00
0.00000000000000000e+00
0.00000000000000000e+00
0.00000000000000000e+00
0.00000000000000000e+00
0.00000000000000000e+00
0.00000000000000000e+00
0.00000000000000000e+00
0.00000000000000000e+00
0.00000000000000000e+00
0.00000000000000000e+00
0.00000000000000000e+00
0.00000000000000000e+00
0.00000000000000000e+00
0.00000000000000000e+00
0.00000000000000000e+00
0.00000000000000000e+00
0.00000000000000000e+00
0.00000000000000000e+00
0.00000000000000000e+00
0.00000000000000000e+00
0.00000000000000000e+00
0.00000000000000000e+00
0.00000000000000000e+00
0.00000000000000000e+00
0.00000000000000000e+00
0.00000000000000000e+00
0.00000000000000000e+00
0.00000000000000000e+00
0.00000000000000000e+00
0.00000000000000000e+00
0.00000000000000000e+00
0.00000000000000000e+00
0.00000000000000000e+00
0.00000000000000000e+00
0.00000000000000000e+00
0.00000000000000000e+00
0.00000000000000000e+00
0.00000000000000000e+00
0.00000000000000000e+00
0.00000000000000000e+00
0.00000000000000000e+00
0.00000000000000000e+00
0.00000000000000000e+00
0.00000000000000000e+00
0.00000000000000000e+00
0.00000000000000000e+00
0.00000000000000000e+00
0.00000000000000000e+00
0.00000000000000000e+00
0.00000000000000000e+00
0.00000000000000000e+00
0.00000000000000000e+00
0.00000000000000000e+00
0.00000000000000000e+00
0.00000000000000000e+00
0.00000000000000000e+00
0.00000000000000000e+00
0.00000000000000000e+00
0.00000000000000000e+00
0.00000000000000000e+00
0.00000000000000000e+00
0.00000000000000000e+00
0.00000000000000000e+00
0.00000000000000000e+00
0.00000000000000000e+00
0.00000000000000000e+00
0.00000000000000000e+00
0.00000000000000000e+00
0.00000000000000000e+00
0.00000000000000000e+00
0.00000000000000000e+00
0.00000000000000000e+00
0.00000000000000000e+00
0.00000000000000000e+00
0.00000000000000000e+00
0.00000000000000000e+00
0.00000000000000000e+00
0.00000000000000000e+00
0.00000000000000000e+00
0.00000000000000000e+00
0.00000000000000000e+00
0.00000000000000000e+00
0.00000000000000000e+00
0.00000000000000000e+00
0.00000000000000000e+00
0.00000000000000000e+00
0.00000000000000000e+00
0.00000000000000000e+00
0.00000000000000000e+00
0.00000000000000000e+00
0.00000000000000000e+00
0.00000000000000000e+00
0.00000000000000000e+00
0.00000000000000000e+00
0.00000000000000000e+00
0.00000000000000000e+00
0.00000000000000000e+00
0.00000000000000000e+00
0.00000000000000000e+00
0.00000000000000000e+00
0.00000000000000000e+00
0.00000000000000000e+00
0.00000000000000000e+00
0.00000000000000000e+00
0.00000000000000000e+00
0.00000000000000000e+00
0.00000000000000000e+00
0.00000000000000000e+00
0.00000000000000000e+00
0.00000000000000000e+00
0.00000000000000000e+00
0.00000000000000000e+00
0.00000000000000000e+00
0.00000000000000000e+00
0.00000000000000000e+00
0.00000000000000000e+00
0.00000000000000000e+00
0.00000000000000000e+00
0.00000000000000000e+00
0.00000000000000000e+00
0.00000000000000000e+00
0.00000000000000000e+00
0.00000000000000000e+00
0.00000000000000000e+00
0.00000000000000000e+00
0.00000000000000000e+00
0.00000000000000000e+00
0.00000000000000000e+00
0.00000000000000000e+00
0.00000000000000000e+00
0.00000000000000000e+00
0.00000000000000000e+00
0.00000000000000000e+00
0.00000000000000000e+00
0.00000000000000000e+00
0.00000000000000000e+00
0.00000000000000000e+00
0.00000000000000000e+00
0.00000000000000000e+00
0.00000000000000000e+00
0.00000000000000000e+00
0.00000000000000000e+00
0.00000000000000000e+00
0.00000000000000000e+00
0.00000000000000000e+00
0.00000000000000000e+00
0.00000000000000000e+00
0.00000000000000000e+00
0.00000000000000000e+00
0.00000000000000000e+00
0.00000000000000000e+00
0.00000000000000000e+00
0.00000000000000000e+00
0.00000000000000000e+00
0.00000000000000000e+00
0.00000000000000000e+00
0.00000000000000000e+00
0.00000000000000000e+00
0.00000000000000000e+00
0.00000000000000000e+00
0.00000000000000000e+00
0.00000000000000000e+00
0.00000000000000000e+00
0.00000000000000000e+00
0.00000000000000000e+00
0.00000000000000000e+00
0.00000000000000000e+00
0.00000000000000000e+00
0.00000000000000000e+00
0.00000000000000000e+00
0.00000000000000000e+00
0.00000000000000000e+00
0.00000000000000000e+00
0.00000000000000000e+00
0.00000000000000000e+00
0.00000000000000000e+00
0.00000000000000000e+00
0.00000000000000000e+00
0.00000000000000000e+00
0.00000000000000000e+00
0.00000000000000000e+00
0.00000000000000000e+00
0.00000000000000000e+00
0.00000000000000000e+00
0.00000000000000000e+00
0.00000000000000000e+00
0.00000000000000000e+00
0.00000000000000000e+00
0.00000000000000000e+00
0.00000000000000000e+00
0.00000000000000000e+00
0.00000000000000000e+00
0.00000000000000000e+00
0.00000000000000000e+00
0.00000000000000000e+00
0.00000000000000000e+00
0.00000000000000000e+00
0.00000000000000000e+00
0.00000000000000000e+00
0.00000000000000000e+00
0.00000000000000000e+00
0.00000000000000000e+00
0.00000000000000000e+00
0.00000000000000000e+00
0.00000000000000000e+00
0.00000000000000000e+00
0.00000000000000000e+00
0.00000000000000000e+00
0.00000000000000000e+00
0.00000000000000000e+00
0.00000000000000000e+00
0.00000000000000000e+00
0.00000000000000000e+00
0.00000000000000000e+00
0.00000000000000000e+00
0.00000000000000000e+00
0.00000000000000000e+00
0.00000000000000000e+00
0.00000000000000000e+00
0.00000000000000000e+00
0.00000000000000000e+00
0.00000000000000000e+00
0.00000000000000000e+00
0.00000000000000000e+00
0.00000000000000000e+00
0.00000000000000000e+00
0.00000000000000000e+00
0.00000000000000000e+00
0.00000000000000000e+00
0.00000000000000000e+00
0.00000000000000000e+00
0.00000000000000000e+00
0.00000000000000000e+00
0.00000000000000000e+00
0.00000000000000000e+00
0.00000000000000000e+00
0.00000000000000000e+00
0.00000000000000000e+00
0.00000000000000000e+00
0.00000000000000000e+00
0.00000000000000000e+00
0.00000000000000000e+00
0.00000000000000000e+00
0.00000000000000000e+00
0.00000000000000000e+00
0.00000000000000000e+00
0.00000000000000000e+00
0.00000000000000000e+00
0.00000000000000000e+00
0.00000000000000000e+00
0.00000000000000000e+00
0.00000000000000000e+00
0.00000000000000000e+00
0.00000000000000000e+00
0.00000000000000000e+00
0.00000000000000000e+00
0.00000000000000000e+00
0.00000000000000000e+00
0.00000000000000000e+00
0.00000000000000000e+00
0.00000000000000000e+00
0.00000000000000000e+00
0.00000000000000000e+00
0.00000000000000000e+00
0.00000000000000000e+00
0.00000000000000000e+00
0.00000000000000000e+00
0.00000000000000000e+00
0.00000000000000000e+00
0.00000000000000000e+00
0.00000000000000000e+00
0.00000000000000000e+00
0.00000000000000000e+00
0.00000000000000000e+00
0.00000000000000000e+00
0.00000000000000000e+00
0.00000000000000000e+00
0.00000000000000000e+00
0.00000000000000000e+00
0.00000000000000000e+00
0.00000000000000000e+00
0.00000000000000000e+00
0.00000000000000000e+00
0.00000000000000000e+00
0.00000000000000000e+00
0.00000000000000000e+00
0.00000000000000000e+00
0.00000000000000000e+00
0.00000000000000000e+00
0.00000000000000000e+00
0.00000000000000000e+00
0.00000000000000000e+00
0.00000000000000000e+00
0.00000000000000000e+00
0.00000000000000000e+00
0.00000000000000000e+00
0.00000000000000000e+00
0.00000000000000000e+00
0.00000000000000000e+00
0.00000000000000000e+00
0.00000000000000000e+00
0.00000000000000000e+00
0.00000000000000000e+00
0.00000000000000000e+00
0.00000000000000000e+00
0.00000000000000000e+00
0.00000000000000000e+00
0.00000000000000000e+00
0.00000000000000000e+00
0.00000000000000000e+00
0.00000000000000000e+00
0.00000000000000000e+00
0.00000000000000000e+00
0.00000000000000000e+00
0.00000000000000000e+00
0.00000000000000000e+00
0.00000000000000000e+00
0.00000000000000000e+00
0.00000000000000000e+00
0.00000000000000000e+00
0.00000000000000000e+00
0.00000000000000000e+00
0.00000000000000000e+00
0.00000000000000000e+00
0.00000000000000000e+00
0.00000000000000000e+00
0.00000000000000000e+00
0.00000000000000000e+00
0.00000000000000000e+00
0.00000000000000000e+00
0.00000000000000000e+00
0.00000000000000000e+00
0.00000000000000000e+00
0.00000000000000000e+00
0.00000000000000000e+00
0.00000000000000000e+00
0.00000000000000000e+00
0.00000000000000000e+00
0.00000000000000000e+00
0.00000000000000000e+00
0.00000000000000000e+00
0.00000000000000000e+00
0.00000000000000000e+00
0.00000000000000000e+00
0.00000000000000000e+00
0.00000000000000000e+00
0.00000000000000000e+00
0.00000000000000000e+00
0.00000000000000000e+00
0.00000000000000000e+00
0.00000000000000000e+00
0.00000000000000000e+00
0.00000000000000000e+00
0.00000000000000000e+00
0.00000000000000000e+00
0.00000000000000000e+00
0.00000000000000000e+00
0.00000000000000000e+00
0.00000000000000000e+00
0.00000000000000000e+00
0.00000000000000000e+00
0.00000000000000000e+00
0.00000000000000000e+00
0.00000000000000000e+00
0.00000000000000000e+00
0.00000000000000000e+00
0.00000000000000000e+00
0.00000000000000000e+00
0.00000000000000000e+00
0.00000000000000000e+00
0.00000000000000000e+00
0.00000000000000000e+00
0.00000000000000000e+00
0.00000000000000000e+00
0.00000000000000000e+00
0.00000000000000000e+00
0.00000000000000000e+00
0.00000000000000000e+00
0.00000000000000000e+00
0.00000000000000000e+00
0.00000000000000000e+00
0.00000000000000000e+00
0.00000000000000000e+00
0.00000000000000000e+00
0.00000000000000000e+00
0.00000000000000000e+00
0.00000000000000000e+00
0.00000000000000000e+00
0.00000000000000000e+00
0.00000000000000000e+00
0.00000000000000000e+00
0.00000000000000000e+00
0.00000000000000000e+00
0.00000000000000000e+00
0.00000000000000000e+00
0.00000000000000000e+00
0.00000000000000000e+00
0.00000000000000000e+00
0.00000000000000000e+00
0.00000000000000000e+00
0.00000000000000000e+00
0.00000000000000000e+00
0.00000000000000000e+00
0.00000000000000000e+00
0.00000000000000000e+00
0.00000000000000000e+00
0.00000000000000000e+00
0.00000000000000000e+00
0.00000000000000000e+00
0.00000000000000000e+00
0.00000000000000000e+00
0.00000000000000000e+00
0.00000000000000000e+00
0.00000000000000000e+00
0.00000000000000000e+00
0.00000000000000000e+00
0.00000000000000000e+00
0.00000000000000000e+00
0.00000000000000000e+00
0.00000000000000000e+00
0.00000000000000000e+00
0.00000000000000000e+00
0.00000000000000000e+00
0.00000000000000000e+00
0.00000000000000000e+00
0.00000000000000000e+00
0.00000000000000000e+00
0.00000000000000000e+00
0.00000000000000000e+00
0.00000000000000000e+00
0.00000000000000000e+00
0.00000000000000000e+00
0.00000000000000000e+00
0.00000000000000000e+00
0.00000000000000000e+00
0.00000000000000000e+00
0.00000000000000000e+00
0.00000000000000000e+00
0.00000000000000000e+00
0.00000000000000000e+00
0.00000000000000000e+00
0.00000000000000000e+00
0.00000000000000000e+00
0.00000000000000000e+00
0.00000000000000000e+00
0.00000000000000000e+00
0.00000000000000000e+00
0.00000000000000000e+00
0.00000000000000000e+00
0.00000000000000000e+00
0.00000000000000000e+00
0.00000000000000000e+00
0.00000000000000000e+00
0.00000000000000000e+00
0.00000000000000000e+00
0.00000000000000000e+00
0.00000000000000000e+00
0.00000000000000000e+00
0.00000000000000000e+00
0.00000000000000000e+00
0.00000000000000000e+00
0.00000000000000000e+00
0.00000000000000000e+00
0.00000000000000000e+00
0.00000000000000000e+00
0.00000000000000000e+00
0.00000000000000000e+00
0.00000000000000000e+00
0.00000000000000000e+00
0.00000000000000000e+00
0.00000000000000000e+00
0.00000000000000000e+00
0.00000000000000000e+00
0.00000000000000000e+00
0.00000000000000000e+00
0.00000000000000000e+00
0.00000000000000000e+00
0.00000000000000000e+00
0.00000000000000000e+00
0.00000000000000000e+00
0.00000000000000000e+00
0.00000000000000000e+00
0.00000000000000000e+00
0.00000000000000000e+00
0.00000000000000000e+00
0.00000000000000000e+00
0.00000000000000000e+00
0.00000000000000000e+00
0.00000000000000000e+00
0.00000000000000000e+00
0.00000000000000000e+00
0.00000000000000000e+00
0.00000000000000000e+00
0.00000000000000000e+00
0.00000000000000000e+00
0.00000000000000000e+00
0.00000000000000000e+00
0.00000000000000000e+00
0.00000000000000000e+00
0.00000000000000000e+00
0.00000000000000000e+00
0.00000000000000000e+00
0.00000000000000000e+00
0.00000000000000000e+00
0.00000000000000000e+00
0.00000000000000000e+00
0.00000000000000000e+00
0.00000000000000000e+00
0.00000000000000000e+00
0.00000000000000000e+00
0.00000000000000000e+00
0.00000000000000000e+00
0.00000000000000000e+00
0.00000000000000000e+00
0.00000000000000000e+00
0.00000000000000000e+00
0.00000000000000000e+00
0.00000000000000000e+00
0.00000000000000000e+00
0.00000000000000000e+00
0.00000000000000000e+00
0.00000000000000000e+00
0.00000000000000000e+00
0.00000000000000000e+00
0.00000000000000000e+00
0.00000000000000000e+00
0.00000000000000000e+00
0.00000000000000000e+00
0.00000000000000000e+00
0.00000000000000000e+00
0.00000000000000000e+00
0.00000000000000000e+00
0.00000000000000000e+00
0.00000000000000000e+00
0.00000000000000000e+00
0.00000000000000000e+00
0.00000000000000000e+00
0.00000000000000000e+00
0.00000000000000000e+00
0.00000000000000000e+00
0.00000000000000000e+00
0.00000000000000000e+00
0.00000000000000000e+00
0.00000000000000000e+00
0.00000000000000000e+00
0.00000000000000000e+00
0.00000000000000000e+00
0.00000000000000000e+00
0.00000000000000000e+00
0.00000000000000000e+00
0.00000000000000000e+00
0.00000000000000000e+00
0.00000000000000000e+00
0.00000000000000000e+00
0.00000000000000000e+00
0.00000000000000000e+00
0.00000000000000000e+00
0.00000000000000000e+00
0.00000000000000000e+00
0.00000000000000000e+00
0.00000000000000000e+00
0.00000000000000000e+00
0.00000000000000000e+00
0.00000000000000000e+00
0.00000000000000000e+00
0.00000000000000000e+00
0.00000000000000000e+00
0.00000000000000000e+00
0.00000000000000000e+00
0.00000000000000000e+00
0.00000000000000000e+00
0.00000000000000000e+00
0.00000000000000000e+00
0.00000000000000000e+00
0.00000000000000000e+00
0.00000000000000000e+00
0.00000000000000000e+00
0.00000000000000000e+00
0.00000000000000000e+00
0.00000000000000000e+00
0.00000000000000000e+00
0.00000000000000000e+00
0.00000000000000000e+00
0.00000000000000000e+00
0.00000000000000000e+00
0.00000000000000000e+00
0.00000000000000000e+00
0.00000000000000000e+00
0.00000000000000000e+00
0.00000000000000000e+00
0.00000000000000000e+00
0.00000000000000000e+00
0.00000000000000000e+00
0.00000000000000000e+00
0.00000000000000000e+00
0.00000000000000000e+00
0.00000000000000000e+00
0.00000000000000000e+00
0.00000000000000000e+00
0.00000000000000000e+00
0.00000000000000000e+00
0.00000000000000000e+00
0.00000000000000000e+00
0.00000000000000000e+00
0.00000000000000000e+00
0.00000000000000000e+00
0.00000000000000000e+00
0.00000000000000000e+00
0.00000000000000000e+00
0.00000000000000000e+00
0.00000000000000000e+00
0.00000000000000000e+00
0.00000000000000000e+00
0.00000000000000000e+00
0.00000000000000000e+00
0.00000000000000000e+00
0.00000000000000000e+00
0.00000000000000000e+00
0.00000000000000000e+00
0.00000000000000000e+00
0.00000000000000000e+00
0.00000000000000000e+00
0.00000000000000000e+00
0.00000000000000000e+00
0.00000000000000000e+00
0.00000000000000000e+00
0.00000000000000000e+00
0.00000000000000000e+00
0.00000000000000000e+00
0.00000000000000000e+00
0.00000000000000000e+00
0.00000000000000000e+00
0.00000000000000000e+00
0.00000000000000000e+00
0.00000000000000000e+00
0.00000000000000000e+00
0.00000000000000000e+00
0.00000000000000000e+00
0.00000000000000000e+00
0.00000000000000000e+00
0.00000000000000000e+00
0.00000000000000000e+00
0.00000000000000000e+00
0.00000000000000000e+00
0.00000000000000000e+00
0.00000000000000000e+00
0.00000000000000000e+00
0.00000000000000000e+00
0.00000000000000000e+00
0.00000000000000000e+00
0.00000000000000000e+00
0.00000000000000000e+00
0.00000000000000000e+00
0.00000000000000000e+00
0.00000000000000000e+00
0.00000000000000000e+00
0.00000000000000000e+00
0.00000000000000000e+00
0.00000000000000000e+00
0.00000000000000000e+00
0.00000000000000000e+00
0.00000000000000000e+00
0.00000000000000000e+00
0.00000000000000000e+00
0.00000000000000000e+00
0.00000000000000000e+00
0.00000000000000000e+00
0.00000000000000000e+00
0.00000000000000000e+00
0.00000000000000000e+00
0.00000000000000000e+00
0.00000000000000000e+00
0.00000000000000000e+00
0.00000000000000000e+00
0.00000000000000000e+00
0.00000000000000000e+00
0.00000000000000000e+00
0.00000000000000000e+00
0.00000000000000000e+00
0.00000000000000000e+00
0.00000000000000000e+00
0.00000000000000000e+00
0.00000000000000000e+00
0.00000000000000000e+00
0.00000000000000000e+00
0.00000000000000000e+00
0.00000000000000000e+00
0.00000000000000000e+00
0.00000000000000000e+00
0.00000000000000000e+00
0.00000000000000000e+00
0.00000000000000000e+00
0.00000000000000000e+00
0.00000000000000000e+00
0.00000000000000000e+00
0.00000000000000000e+00
0.00000000000000000e+00
0.00000000000000000e+00
0.00000000000000000e+00
0.00000000000000000e+00
0.00000000000000000e+00
0.00000000000000000e+00
0.00000000000000000e+00
0.00000000000000000e+00
0.00000000000000000e+00
0.00000000000000000e+00
0.00000000000000000e+00
0.00000000000000000e+00
0.00000000000000000e+00
0.00000000000000000e+00
0.00000000000000000e+00
0.00000000000000000e+00
0.00000000000000000e+00
0.00000000000000000e+00
0.00000000000000000e+00
0.00000000000000000e+00
0.00000000000000000e+00
0.00000000000000000e+00
0.00000000000000000e+00
0.00000000000000000e+00
0.00000000000000000e+00
0.00000000000000000e+00
0.00000000000000000e+00
0.00000000000000000e+00
0.00000000000000000e+00
0.00000000000000000e+00
0.00000000000000000e+00
0.00000000000000000e+00
0.00000000000000000e+00
0.00000000000000000e+00
0.00000000000000000e+00
0.00000000000000000e+00
0.00000000000000000e+00
0.00000000000000000e+00
0.00000000000000000e+00
0.00000000000000000e+00
0.00000000000000000e+00
0.00000000000000000e+00
0.00000000000000000e+00
0.00000000000000000e+00
0.00000000000000000e+00
0.00000000000000000e+00
0.00000000000000000e+00
0.00000000000000000e+00
0.00000000000000000e+00
0.00000000000000000e+00
0.00000000000000000e+00
0.00000000000000000e+00
0.00000000000000000e+00
0.00000000000000000e+00
0.00000000000000000e+00
0.00000000000000000e+00
0.00000000000000000e+00
0.00000000000000000e+00
0.00000000000000000e+00
0.00000000000000000e+00
0.00000000000000000e+00
VECTORS velocity double
0.00000000000000000e+00 0.00000000000000000e+00 0
0.00000000000000000e+00 0.00000000000000000e+00 0
0.00000000000000000e+00 0.00000000000000000e+00 0
0.00000000000000000e+00 0.00000000000000000e+00 0
0.00000000000000000e+00 0.00000000000000000e+00 0
0.00000000000000000e+00 0.00000000000000000e+00 0
0.00000000000000000e+00 0.00000000000000000e+00 0
0.00000000000000000e+00 0.00000000000000000e+00 0
0.00000000000000000e+00 0.00000000000000000e+00 0
0.00000000000000000e+00 0.00000000000000000e+00 0
0.00000000000000000e+00 0.00000000000000000e+00 0
0.00000000000000000e+00 0.00000000000000000e+00 0
0.00000000000000000e+00 0.00000000000000000e+00 0
0.00000000000000000e+00 0.00000000000000000e+00 0
0.00000000000000000e+00 0.00000000000000000e+00 0
0.00000000000000000e+00 0.00000000000000000e+00 0
0.00000000000000000e+00 0.00000000000000000e+00 0
0.00000000000000000e+00 0.00000000000000000e+00 0
0.00000000000000000e+00 0.00000000000000000e+00 0
0.00000000000000000e+00 0.00000000000000000e+00 0
0.00000000000000000e+00 0.00000000000000000e+00 0
0.00000000000000000e+00 0.00000000000000000e+00 0
0.00000000000000000e+00 0.00000000000000000e+00 0
0.00000000000000000e+00 0.00000000000000000e+00 0
0.00000000000000000e+00 0.00000000000000000e+00 0
0.00000000000000000e+00 0.00000000000000000e+00 0
0.00000000000000000e+00 0.00000000000000000e+00 0
0.00000000000000000e+00 0.00000000000000000e+00 0
0.00000000000000000e+00 0.00000000000000000e+00 0
0.00000000000000000e+00 0.00000000000000000e+00 0
0.00000000000000000e+00 0.00000000000000000e+00 0
0.00000000000000000e+00 0.00000000000000000e+00 0
0.00000000000000000e+00 0.00000000000000000e+00 0
0.00000000000000000e+00 0.00000000000000000e+00 0
0.00000000000000000e+00 0.00000000000000000e+00 0
0.00000000000000000e+00 0.00000000000000000e+00 0
0.00000000000000000e+00 0.00000000000000000e+00 0
0.00000000000000000e+00 0.00000000000000000e+00 0
0.00000000000000000e+00 0.00000000000000000e+00 0
0.00000000000000000e+00 0.00000000000000000e+00 0
0.00000000000000000e+00 0.00000000000000000e+00 0
0.00000000000000000e+00 0.00000000000000000e+00 0
0.00000000000000000e+00 0.00000000000000000e+00 0
0.00000000000000000e+00 0.00000000000000000e+00 0
0.00000000000000000e+00 0.00000000000000000e+00 0
0.00000000000000000e+00 0.00000000000000000e+00 0
0.00000000000000000e+00 0.00000000000000000e+00 0
0.00000000000000000e+00 0.00000000000000000e+00 0
0.00000000000000000e+00 0.00000000000000000e+00 0
0.00000000000000000e+00 0.00000000000000000e+00 0
0.00000000000000000e+00 0.00000000000000000e+00 0
0.00000000000000000e+00 0.00000000000000000e+00 0
0.00000000000000000e+00 0.00000000000000000e+00 0
0.00000000000000000e+00 0.00000000000000000e+00 0
0.00000000000000000e+00 0.00000000000000000e+00 0
0.00000000000000000e+00 0.00000000000000000e+00 0
0.00000000000000000e+00 0.00000000000000000e+00 0
0.00000000000000000e+00 0.00000000000000000e+00 0
0.00000000000000000e+00 0.00000000000000000e+00 0
0.00000000000000000e+00 0.00000000000000000e+00 0
0.00000000000000000e+00 0.00000000000000000e+00 0
0.00000000000000000e+00 0.00000000000000000e+00 0
0.00000000000000000e+00 0.00000000000000000e+00 0
0.00000000000000000e+00 0.00000000000000000e+00 0
0.00000000000000000e+00 0.00000000000000000e+00 0
0.00000000000000000e+00 0.00000000000000000e+00 0
0.00000000000000000e+00 0.00000000000000000e+00 0
0.00000000000000000e+00 0.00000000000000000e+00 0
0.00000000000000000e+00 0.00000000000000000e+00 0
0.00000000000000000e+00 0.00000000000000000e+00 0
0.00000000000000000e+00 0.00000000000000000e+00 0
0.00000000000000000e+00 0.00000000000000000e+00 0
0.00000000000000000e+00 0.00000000000000000e+00 0
0.00000000000000000e+00 0.00000000000000000e+00 0
0.00000000000000000e+00 0.00000000000000000e+00 0
0.00000000000000000e+00 0.00000000000000000e+00 0
0.00000000000000000e+00 0.00000000000000000e+00 0
0.00000000000000000e+00 0.00000000000000000e+00 0
0.00000000000000000e+00 0.00000000000000000e+00 0
0.00000000000000000e+00 0.00000000000000000e+00 0
0.00000000000000000e+00 0.00000000000000000e+00 0
0.00000000000000000e+00 0.00000000000000000e+00 0
0.00000000000000000e+00 0.00000000000000000e+00 0
0.00000000000000000e+00 0.00000000000000000e+00 0
0.00000000000000000e+00 0.00000000000000000e+00 0
0.00000000000000000e+00 0.00000000000000000e+00 0
0.00000000000000000e+00 0.00000000000000000e+00 0
0.00000000000000000e+00 0.00000000000000000e+00 0
0.00000000000000000e+00 0.00000000000000000e+00 0
0.00000000000000000e+00 0.00000000000000000e+00 0
0.00000000000000000e+00 0.00000000000000000e+00 0
0.00000000000000000e+00 0.00000000000000000e+00 0
0.00000000000000000e+00 0.00000000000000000e+00 0
0.00000000000000000e+00 0.00000000000000000e+00 0
0.00000000000000000e+00 0.00000000000000000e+00 0
0.00000000000000000e+00 0.00000000000000000e+00 0
0.00000000000000000e+00 0.00000000000000000e+00 0
0.00000000000000000e+00 0.00000000000000000e+00 0
0.00000000000000000e+00 0.00000000000000000e+00 0
0.00000000000000000e+00 0.00000000000000000e+00 0
0.00000000000000000e+00 0.00000000000000000e+00 0
0.00000000000000000e+00 0.00000000000000000e+00 0
0.00000000000000000e+00 0.00000000000000000e+00 0
0.00000000000000000e+00 0.00000000000000000e+00 0
0.00000000000000000e+00 0.00000000000000000e+00 0
0.00000000000000000e+00 0.00000000000000000e+00 0
0.00000000000000000e+00 0.00000000000000000e+00 0
0.00000000000000000e+00 0.00000000000000000e+00 0
0.00000000000000000e+00 0.00000000000000000e+00 0
0.00000000000000000e+00 0.00000000000000000e+00 0
0.00000000000000000e+00 0.00000000000000000e+00 0
0.00000000000000000e+00 0.00000000000000000e+00 0
0.00000000000000000e+00 0.00000000000000000e+00 0
0.00000000000000000e+00 0.00000000000000000e+00 0
0.00000000000000000e+00 0.00000000000000000e+00 0
0.00000000000000000e+00 0.00000000000000000e+00 0
0.00000000000000000e+00 0.00000000000000000e+00 0
0.00000000000000000e+00 0.00000000000000000e+00 0
0.00000000000000000e+00 0.00000000000000000e+00 0
0.00000000000000000e+00 0.00000000000000000e+00 0
0.00000000000000000e+00 0.00000000000000000e+00 0
0.00000000000000000e+00 0.00000000000000000e+00 0
0.00000000000000000e+00 0.00000000000000000e+00 0
0.00000000000000000e+00 0.00000000000000000e+00 0
0.00000000000000000e+00 0.00000000000000000e+00 0
0.00000000000000000e+00 0.00000000000000000e+00 0
0.00000000000000000e+00 0.00000000000000000e+00 0
0.00000000000000000e+00 0.00000000000000000e+00 0
0.00000000000000000e+00 0.00000000000000000e+00 0
0.00000000000000000e+00 0.00000000000000000e+00 0
0.00000000000000000e+00 0.00000000000000000e+00 0
0.00000000000000000e+00 0.00000000000000000e+00 0
0.00000000000000000e+00 0.00000000000000000e+00 0
0.00000000000000000e+00 0.00000000000000000e+00 0
0.00000000000000000e+00 0.00000000000000000e+00 0
0.00000000000000000e+00 0.00000000000000000e+00 0
0.00000000000000000e+00 0.00000000000000000e+00 0
0.00000000000000000e+00 0.00000000000000000e+00 0
0.00000000000000000e+00 0.00000000000000000e+00 0
0.00000000000000000e+00 0.00000000000000000e+00 0
0.00000000000000000e+00 0.00000000000000000e+00 0
0.00000000000000000e+00 0.00000000000000000e+00 0
0.00000000000000000e+00 0.00000000000000000e+00 0
0.00000000000000000e+00 0.00000000000000000e+00 0
0.00000000000000000e+00 0.00000000000000000e+00 0
0.00000000000000000e+00 0.00000000000000000e+00 0
0.00000000000000000e+00 0.00000000000000000e+00 0
0.00000000000000000e+00 0.00000000000000000e+00 0
0.00000000000000000e+00 0.00000000000000000e+00 0
0.00000000000000000e+00 0.00000000000000000e+00 0
0.00000000000000000e+00 0.00000000000000000e+00 0
0.00000000000000000e+00 0.00000000000000000e+00 0
0.00000000000000000e+00 0.00000000000000000e+00 0
0.00000000000000000e+00 0.00000000000000000e+00 0
0.00000000000000000e+00 0.00000000000000000e+00 0
0.00000000000000000e+00 0.00000000000000000e+00 0
0.00000000000000000e+00 0.00000000000000000e+00 0
0.00000000000000000e+00 0.00000000000000000e+00 0
0.00000000000000000e+00 0.00000000000000000e+00 0
0.00000000000000000e+00 0.00000000000000000e+00 0
0.00000000000000000e+00 0.00000000000000000e+00 0
0.00000000000000000e+00 0.00000000000000000e+00 0
0.00000000000000000e+00 0.00000000000000000e+00 0
0.00000000000000000e+00 0.00000000000000000e+00 0
0.00000000000000000e+00 0.00000000000000000e+00 0
0.00000000000000000e+00 0.00000000000000000e+00 0
0.00000000000000000e+00 0.00000000000000000e+00 0
0.00000000000000000e+00 0.00000000000000000e+00 0
0.00000000000000000e+00 0.00000000000000000e+00 0
0.00000000000000000e+00 0.00000000000000000e+00 0
0.00000000000000000e+00 0.00000000000000000e+00 0
0.00000000000000000e+00 0.00000000000000000e+00 0
0.00000000000000000e+00 0.00000000000000000e+00 0
0.00000000000000000e+00 0.00000000000000000e+00 0
0.00000000000000000e+00 0.00000000000000000e+00 0
0.00000000000000000e+00 0.00000000000000000e+00 0
0.00000000000000000e+00 0.00000000000000000e+00 0
0.00000000000000000e+00 0.00000000000000000e+00 0
0.00000000000000000e+00 0.00000000000000000e+00 0
0.00000000000000000e+00 0.00000000000000000e+00 0
0.00000000000000000e+00 0.00000000000000000e+00 0
0.00000000000000000e+00 0.00000000000000000e+00 0
0.00000000000000000e+00 0.00000000000000000e+00 0
0.00000000000000000e+00 0.00000000000000000e+00 0
0.00000000000000000e+00 0.00000000000000000e+00 0
0.00000000000000000e+00 0.00000000000000000e+00 0
0.00000000000000000e+00 0.00000000000000000e+00 0
0.00000000000000000e+00 0.00000000000000000e+00 0
0.00000000000000000e+00 0.00000000000000000e+00 0
0.00000000000000000e+00 0.00000000000000000e+00 0
0.00000000000000000e+00 0.00000000000000000e+00 0
0.00000000000000000e+00 0.00000000000000000e+00 0
0.00000000000000000e+00 0.00000000000000000e+00 0
0.00000000000000000e+00 0.00000000000000000e+00 0
0.00000000000000000e+00 0.00000000000000000e+00 0
0.00000000000000000e+00 0.00000000000000000e+00 0
0.00000000000000000e+00 0.00000000000000000e+00 0
0.00000000000000000e+00 0.00000000000000000e+00 0
0.00000000000000000e+00 0.00000000000000000e+00 0
0.00000000000000000e+00 0.00000000000000000e+00 0
0.00000000000000000e+00 0.00000000000000000e+00 0
0.00000000000000000e+00 0.00000000000000000e+00 0
0.00000000000000000e+00 0.00000000000000000e+00 0
0.00000000000000000e+00 0.00000000000000000e+00 0
0.00000000000000000e+00 0.00000000000000000e+00 0
0.00000000000000000e+00 0.00000000000000000e+00 0
0.00000000000000000e+00 0.00000000000000000e+00 0
0.00000000000000000e+00 0.00000000000000000e+00 0
0.00000000000000000e+00 0.00000000000000000e+00 0
0.00000000000000000e+00 0.00000000000000000e+00 0
0.00000000000000000e+00 0.00000000000000000e+00 0
0.00000000000000000e+00 0.00000000000000000e+00 0
0.00000000000000000e+00 0.00000000000000000e+00 0
0.00000000000000000e+00 0.00000000000000000e+00 0
0.00000000000000000e+00 0.00000000000000000e+00 0
0.00000000000000000e+00 0.00000000000000000e+00 0
0.00000000000000000e+00 0.00000000000000000e+00 0
0.00000000000000000e+00 0.00000000000000000e+00 0
0.00000000000000000e+00 0.00000000000000000e+00 0
0.00000000000000000e+00 0.00000000000000000e+00 0
0.00000000000000000e+00 0.00000000000000000e+00 0
0.00000000000000000e+00 0.00000000000000000e+00 0
0.00000000000000000e+00 0.00000000000000000e+00 0
0.00000000000000000e+00 0.00000000000000000e+00 0
0.00000000000000000e+00 0.00000000000000000e+00 0
0.00000000000000000e+00 0.00000000000000000e+00 0
0.00000000000000000e+00 0.00000000000000000e+00 0
0.00000000000000000e+00 0.00000000000000000e+00 0
0.00000000000000000e+00 0.00000000000000000e+00 0
0.00000000000000000e+00 0.00000000000000000e+00 0
0.00000000000000000e+00 0.00000000000000000e+00 0
0.00000000000000000e+00 0.00000000000000000e+00 0
0.00000000000000000e+00 0.00000000000000000e+00 0
0.00000000000000000e+00 0.00000000000000000e+00 0
0.00000000000000000e+00 0.00000000000000000e+00 0
0.00000000000000000e+00 0.00000000000000000e+00 0
0.00000000000000000e+00 0.00000000000000000e+00 0
0.00000000000000000e+00 0.00000000000000000e+00 0
0.00000000000000000e+00 0.00000000000000000e+00 0
0.00000000000000000e+00 0.00000000000000000e+00 0
0.00000000000000000e+00 0.00000000000000000e+00 0
0.00000000000000000e+00 0.00000000000000000e+00 0
0.00000000000000000e+00 0.00000000000000000e+00 0
0.00000000000000000e+00 0.00000000000000000e+00 0
0.00000000000000000e+00 0.00000000000000000e+00 0
0.00000000000000000e+00 0.00000000000000000e+00 0
0.00000000000000000e+00 0.00000000000000000e+00 0
0.00000000000000000e+00 0.00000000000000000e+00 0
0.00000000000000000e+00 0.00000000000000000e+00 0
0.00000000000000000e+00 0.00000000000000000e+00 0
0.00000000000000000e+00 0.00000000000000000e+00 0
0.00000000000000000e+00 0.00000000000000000e+00 0
0.00000000000000000e+00 0.00000000000000000e+00 0
0.00000000000000000e+00 0.00000000000000000e+00 0
0.00000000000000000e+00 0.00000000000000000e+00 0
0.00000000000000000e+00 0.00000000000000000e+00 0
0.00000000000000000e+00 0.00000000000000000e+00 0
0.00000000000000000e+00 0.00000000000000000e+00 0
0.00000000000000000e+00 0.00000000000000000e+00 0
0.00000000000000000e+00 0.00000000000000000e+00 0
0.00000000000000000e+00 0.00000000000000000e+00 0
0.00000000000000000e+00 0.00000000000000000e+00 0
0.00000000000000000e+00 0.00000000000000000e+00 0
0.00000000000000000e+00 0.00000000000000000e+00 0
0.00000000000000000e+00 0.00000000000000000e+00 0
0.00000000000000000e+00 0.00000000000000000e+00 0
0.00000000000000000e+00 0.00000000000000000e+00 0
0.00000000000000000e+00 0.00000000000000000e+00 0
0.00000000000000000e+00 0.00000000000000000e+00 0
0.00000000000000000e+00 0.00000000000000000e+00 0
0.00000000000000000e+00 0.00000000000000000e+00 0
0.00000000000000000e+00 0.00000000000000000e+00 0
0.00000000000000000e+00 0.00000000000000000e+00 0
0.00000000000000000e+00 0.00000000000000000e+00 0
0.00000000000000000e+00 0.00000000000000000e+00 0
0.00000000000000000e+00 0.00000000000000000e+00 0
0.00000000000000000e+00 0.00000000000000000e+00 0
0.00000000000000000e+00 0.00000000000000000e+00 0
0.00000000000000000e+00 0.00000000000000000e+00 0
0.00000000000000000e+00 0.00000000000000000e+00 0
0.00000000000000000e+00 0.00000000000000000e+00 0
0.00000000000000000e+00 0.00000000000000000e+00 0
0.00000000000000000e+00 0.00000000000000000e+00 0
0.00000000000000000e+00 0.00000000000000000e+00 0
0.00000000000000000e+00 0.00000000000000000e+00 0
0.00000000000000000e+00 0.00000000000000000e+00 0
0.00000000000000000e+00 0.00000000000000000e+00 0
0.00000000000000000e+00 0.00000000000000000e+00 0
0.00000000000000000e+00 0.00000000000000000e+00 0
0.00000000000000000e+00 0.00000000000000000e+00 0
0.00000000000000000e+00 0.00000000000000000e+00 0
0.00000000000000000e+00 0.00000000000000000e+00 0
0.00000000000000000e+00 0.00000000000000000e+00 0
0.00000000000000000e+00 0.00000000000000000e+00 0
0.00000000000000000e+00 0.00000000000000000e+00 0
0.00000000000000000e+00 0.00000000000000000e+00 0
0.00000000000000000e+00 0.00000000000000000e+00 0
0.00000000000000000e+00 0.00000000000000000e+00 0
0.00000000000000000e+00 0.00000000000000000e+00 0
0.00000000000000000e+00 0.00000000000000000e+00 0
0.00000000000000000e+00 0.00000000000000000e+00 0
0.00000000000000000e+00 0.00000000000000000e+00 0
0.00000000000000000e+00 0.00000000000000000e+00 0
0.00000000000000000e+00 0.00000000000000000e+00 0
0.00000000000000000e+00 0.00000000000000000e+00 0
0.00000000000000000e+00 0.00000000000000000e+00 0
0.00000000000000000e+00 0.00000000000000000e+00 0
0.00000000000000000e+00 0.00000000000000000e+00 0
0.00000000000000000e+00 0.00000000000000000e+00 0
0.00000000000000000e+00 0.00000000000000000e+00 0
0.00000000000000000e+00 0.00000000000000000e+00 0
0.00000000000000000e+00 0.00000000000000000e+00 0
0.00000000000000000e+00 0.00000000000000000e+00 0
0.00000000000000000e+00 0.00000000000000000e+00 0
0.00000000000000000e+00 0.00000000000000000e+00 0
0.00000000000000000e+00 0.00000000000000000e+00 0
0.00000000000000000e+00 0.00000000000000000e+00 0
0.00000000000000000e+00 0.00000000000000000e+00 0
0.00000000000000000e+00 0.00000000000000000e+00 0
0.00000000000000000e+00 0.00000000000000000e+00 0
0.00000000000000000e+00 0.00000000000000000e+00 0
0.00000000000000000e+00 0.00000000000000000e+00 0
0.00000000000000000e+00 0.00000000000000000e+00 0
0.00000000000000000e+00 0.00000000000000000e+00 0
0.00000000000000000e+00 0.00000000000000000e+00 0
0.00000000000000000e+00 0.00000000000000000e+00 0
0.00000000000000000e+00 0.00000000000000000e+00 0
0.00000000000000000e+00 0.00000000000000000e+00 0
0.00000000000000000e+00 0.00000000000000000e+00 0
0.00000000000000000e+00 0.00000000000000000e+00 0
0.00000000000000000e+00 0.00000000000000000e+00 0
0.00000000000000000e+00 0.00000000000000000e+00 0
0.00000000000000000e+00 0.00000000000000000e+00 0
0.00000000000000000e+00 0.00000000000000000e+00 0
0.00000000000000000e+00 0.00000000000000000e+00 0
0.00000000000000000e+00 0.00000000000000000e+00 0
0.00000000000000000e+00 0.00000000000000000e+00 0
0.00000000000000000e+00 0.00000000000000000e+00 0
0.00000000000000000e+00 0.00000000000000000e+00 0
0.00000000000000000e+00 0.00000000000000000e+00 0
0.00000000000000000e+00 0.00000000000000000e+00 0
0.00000000000000000e+00 0.00000000000000000e+00 0
0.00000000000000000e+00 0.00000000000000000e+00 0
0.00000000000000000e+00 0.00000000000000000e+00 0
0.00000000000000000e+00 0.00000000000000000e+00 0
0.00000000000000000e+00 0.00000000000000000e+00 0
0.00000000000000000e+00 0.00000000000000000e+00 0
0.00000000000000000e+00 0.00000000000000000e+00 0
0.00000000000000000e+00 0.00000000000000000e+00 0
0.00000000000000000e+00 0.00000000000000000e+00 0
0.00000000000000000e+00 0.00000000000000000e+00 0
0.00000000000000000e+00 0.00000000000000000e+00 0
0.00000000000000000e+00 0.00000000000000000e+00 0
0.00000000000000000e+00 0.00000000000000000e+00 0
0.00000000000000000e+00 0.00000000000000000e+00 0
0.00000000000000000e+00 0.00000000000000000e+00 0
0.00000000000000000e+00 0.00000000000000000e+00 0
0.00000000000000000e+00 0.00000000000000000e+00 0
0.00000000000000000e+00 0.00000000000000000e+00 0
0.00000000000000000e+00 0.00000000000000000e+00 0
0.00000000000000000e+00 0.00000000000000000e+00 0
0.00000000000000000e+00 0.00000000000000000e+00 0
0.00000000000000000e+00 0.00000000000000000e+00 0
0.00000000000000000e+00 0.00000000000000000e+00 0
0.00000000000000000e+00 0.00000000000000000e+00 0
0.00000000000000000e+00 0.00000000000000000e+00 0
0.00000000000000000e+00 0.00000000000000000e+00 0
0.00000000000000000e+00 0.00000000000000000e+00 0
0.00000000000000000e+00 0.00000000000000000e+00 0
0.00000000000000000e+00 0.00000000000000000e+00 0
0.00000000000000000e+00 0.00000000000000000e+00 0
0.00000000000000000e+00 0.00000000000000000e+00 0
0.00000000000000000e+00 0.00000000000000000e+00 0
0.00000000000000000e+00 0.00000000000000000e+00 0
0.00000000000000000e+00 0.00000000000000000e+00 0
0.00000000000000000e+00 0.00000000000000000e+00 0
0.00000000000000000e+00 0.00000000000000000e+00 0
0.00000000000000000e+00 0.00000000000000000e+00 0
0.00000000000000000e+00 0.00000000000000000e+00 0
0.00000000000000000e+00 0.00000000000000000e+00 0
0.00000000000000000e+00 0.00000000000000000e+00 0
0.00000000000000000e+00 0.00000000000000000e+00 0
0.00000000000000000e+00 0.00000000000000000e+00 0
0.00000000000000000e+00 0.00000000000000000e+00 0
0.00000000000000000e+00 0.00000000000000000e+00 0
0.00000000000000000e+00 0.00000000000000000e+00 0
0.00000000000000000e+00 0.00000000000000000e+00 0
0.00000000000000000e+00 0.00000000000000000e+00 0
0.00000000000000000e+00 0.00000000000000000e+00 0
0.00000000000000000e+00 0.00000000000000000e+00 0
0.00000000000000000e+00 0.00000000000000000e+00 0
0.00000000000000000e+00 0.00000000000000000e+00 0
0.00000000000000000e+00 0.00000000000000000e+00 0
0.00000000000000000e+00 0.00000000000000000e+00 0
0.00000000000000000e+00 0.00000000000000000e+00 0
0.00000000000000000e+00 0.00000000000000000e+00 0
0.00000000000000000e+00 0.00000000000000000e+00 0
0.00000000000000000e+00 0.00000000000000000e+00 0
0.00000000000000000e+00 0.00000000000000000e+00 0
0.00000000000000000e+00 0.00000000000000000e+00 0
0.00000000000000000e+00 0.00000000000000000e+00 0
0.00000000000000000e+00 0.00000000000000000e+00 0
0.00000000000000000e+00 0.00000000000000000e+00 0
0.00000000000000000e+00 0.00000000000000000e+00 0
0.00000000000000000e+00 0.00000000000000000e+00 0
0.00000000000000000e+00 0.00000000000000000e+00 0
0.00000000000000000e+00 0.00000000000000000e+00 0
0.00000000000000000e+00 0.00000000000000000e+00 0
0.00000000000000000e+00 0.00000000000000000e+00 0
0.00000000000000000e+00 0.00000000000000000e+00 0
0.00000000000000000e+00 0.00000000000000000e+00 0
0.00000000000000000e+00 0.00000000000000000e+00 0
0.00000000000000000e+00 0.00000000000000000e+00 0
0.00000000000000000e+00 0.00000000000000000e+00 0
0.00000000000000000e+00 0.00000000000000000e+00 0
0.00000000000000000e+00 0.00000000000000000e+00 0
0.00000000000000000e+00 0.00000000000000000e+00 0
0.00000000000000000e+00 0.00000000000000000e+00 0
0.00000000000000000e+00 0.00000000000000000e+00 0
0.00000000000000000e+00 0.00000000000000000e+00 0
0.00000000000000000e+00 0.00000000000000000e+00 0
0.00000000000000000e+00 0.00000000000000000e+00 0
0.00000000000000000e+00 0.00000000000000000e+00 0
0.00000000000000000e+00 0.00000000000000000e+00 0
0.00000000000000000e+00 0.00000000000000000e+00 0
0.00000000000000000e+00 0.00000000000000000e+00 0
0.00000000000000000e+00 0.00000000000000000e+00 0
0.00000000000000000e+00 0.00000000000000000e+00 0
0.00000000000000000e+00 0.00000000000000000e+00 0
0.00000000000000000e+00 0.00000000000000000e+00 0
0.00000000000000000e+00 0.00000000000000000e+00 0
0.00000000000000000e+00 0.00000000000000000e+00 0
0.00000000000000000e+00 0.00000000000000000e+00 0
0.00000000000000000e+00 0.00000000000000000e+00 0
0.00000000000000000e+00 0.00000000000000000e+00 0
0.00000000000000000e+00 0.00000000000000000e+00 0
0.00000000000000000e+00 0.00000000000000000e+00 0
0.00000000000000000e+00 0.00000000000000000e+00 0
0.00000000000000000e+00 0.00000000000000000e+00 0
0.00000000000000000e+00 0.00000000000000000e+00 0
0.00000000000000000e+00 0.00000000000000000e+00 0
0.00000000000000000e+00 0.00000000000000000e+00 0
0.00000000000000000e+00 0.00000000000000000e+00 0
0.00000000000000000e+00 0.00000000000000000e+00 0
0.00000000000000000e+00 0.00000000000000000e+00 0
0.00000000000000000e+00 0.00000000000000000e+00 0
0.00000000000000000e+00 0.00000000000000000e+00 0
0.00000000000000000e+00 0.00000000000000000e+00 0
0.00000000000000000e+00 0.00000000000000000e+00 0
0.00000000000000000e+00 0.00000000000000000e+00 0
0.00000000000000000e+00 0.00000000000000000e+00 0
0.00000000000000000e+00 0.00000000000000000e+00 0
0.00000000000000000e+00 0.00000000000000000e+00 0
0.00000000000000000e+00 0.00000000000000000e+00 0
0.00000000000000000e+00 0.00000000000000000e+00 0
0.00000000000000000e+00 0.00000000000000000e+00 0
0.00000000000000000e+00 0.00000000000000000e+00 0
0.00000000000000000e+00 0.00000000000000000e+00 0
0.00000000000000000e+00 0.00000000000000000e+00 0
0.00000000000000000e+00 0.00000000000000000e+00 0
0.00000000000000000e+00 0.00000000000000000e+00 0
0.00000000000000000e+00 0.00000000000000000e+00 0
0.00000000000000000e+00 0.00000000000000000e+00 0
0.00000000000000000e+00 0.00000000000000000e+00 0
0.00000000000000000e+00 0.00000000000000000e+00 0
0.00000000000000000e+00 0.00000000000000000e+00 0
0.00000000000000000e+00 0.00000000000000000e+00 0
0.00000000000000000e+00 0.00000000000000000e+00 0
0.00000000000000000e+00 0.00000000000000000e+00 0
0.00000000000000000e+00 0.00000000000000000e+00 0
0.00000000000000000e+00 0.00000000000000000e+00 0
0.00000000000000000e+00 0.00000000000000000e+00 0
0.00000000000000000e+00 0.00000000000000000e+00 0
0.00000000000000000e+00 0.00000000000000000e+00 0
0.00000000000000000e+00 0.00000000000000000e+00 0
0.00000000000000000e+00 0.00000000000000000e+00 0
0.00000000000000000e+00 0.00000000000000000e+00 0
0.00000000000000000e+00 0.00000000000000000e+00 0
0.00000000000000000e+00 0.00000000000000000e+00 0
0.00000000000000000e+00 0.00000000000000000e+00 0
0.00000000000000000e+00 0.00000000000000000e+00 0
0.00000000000000000e+00 0.00000000000000000e+00 0
0.00000000000000000e+00 0.00000000000000000e+00 0
0.00000000000000000e+00 0.00000000000000000e+00 0
0.00000000000000000e+00 0.00000000000000000e+00 0
0.00000000000000000e+00 0.00000000000000000e+00 0
0.00000000000000000e+00 0.00000000000000000e+00 0
0.00000000000000000e+00 0.00000000000000000e+00 0
0.00000000000000000e+00 0.00000000000000000e+00 0
0.00000000000000000e+00 0.00000000000000000e+00 0
0.00000000000000000e+00 0.00000000000000000e+00 0
0.00000000000000000e+00 0.00000000000000000e+00 0
0.00000000000000000e+00 0.00000000000000000e+00 0
0.00000000000000000e+00 0.00000000000000000e+00 0
0.00000000000000000e+00 0.00000000000000000e+00 0
0.00000000000000000e+00 0.00000000000000000e+00 0
0.00000000000000000e+00 0.00000000000000000e+00 0
0.00000000000000000e+00 0.00000000000000000e+00 0
0.00000000000000000e+00 0.00000000000000000e+00 0
0.00000000000000000e+00 0.00000000000000000e+00 0
0.00000000000000000e+00 0.00000000000000000e+00 0
0.00000000000000000e+00 0.00000000000000000e+00 0
0.00000000000000000e+00 0.00000000000000000e+00 0
0.00000000000000000e+00 0.00000000000000000e+00 0
0.00000000000000000e+00 0.00000000000000000e+00 0
0.00000000000000000e+00 0.00000000000000000e+00 0
0.00000000000000000e+00 0.00000000000000000e+00 0
0.00000000000000000e+00 0.00000000000000000e+00 0
0.00000000000000000e+00 0.00000000000000000e+00 0
0.00000000000000000e+00 0.00000000000000000e+00 0
0.00000000000000000e+00 0.00000000000000000e+00 0
0.00000000000000000e+00 0.00000000000000000e+00 0
0.00000000000000000e+00 0.00000000000000000e+00 0
0.00000000000000000e+00 0.00000000000000000e+00 0
0.00000000000000000e+00 0.00000000000000000e+00 0
0.00000000000000000e+00 0.00000000000000000e+00 0
0.00000000000000000e+00 0.00000000000000000e+00 0
0.00000000000000000e+00 0.00000000000000000e+00 0
0.00000000000000000e+00 0.00000000000000000e+00 0
0.00000000000000000e+00 0.00000000000000000e+00 0
0.00000000000000000e+00 0.00000000000000000e+00 0
0.00000000000000000e+00 0.00000000000000000e+00 0
0.00000000000000000e+00 0.00000000000000000e+00 0
0.00000000000000000e+00 0.00000000000000000e+00 0
0.00000000000000000e+00 0.00000000000000000e+00 0
0.00000000000000000e+00 0.00000000000000000e+00 0
0.00000000000000000e+00 0.00000000000000000e+00 0
0.00000000000000000e+00 0.00000000000000000e+00 0
0.00000000000000000e+00 0.00000000000000000e+00 0
0.00000000000000000e+00 0.00000000000000000e+00 0
0.00000000000000000e+00 0.00000000000000000e+00 0
0.00000000000000000e+00 0.00000000000000000e+00 0
0.00000000000000000e+00 0.00000000000000000e+00 0
0.00000000000000000e+00 0.00000000000000000e+00 0
0.00000000000000000e+00 0.00000000000000000e+00 0
0.00000000000000000e+00 0.00000000000000000e+00 0
0.00000000000000000e+00 0.00000000000000000e+00 0
0.00000000000000000e+00 0.00000000000000000e+00 0
0.00000000000000000e+00 0.00000000000000000e+00 0
0.00000000000000000e+00 0.00000000000000000e+00 0
0.00000000000000000e+00 0.00000000000000000e+00 0
0.00000000000000000e+00 0.00000000000000000e+00 0
0.00000000000000000e+00 0.00000000000000000e+00 0
0.00000000000000000e+00 0.00000000000000000e+00 0
0.00000000000000000e+00 0.00000000000000000e+00 0
0.00000000000000000e+00 0.00000000000000000e+00 0
0.00000000000000000e+00 0.00000000000000000e+00 0
0.00000000000000000e+00 0.00000000000000000e+00 0
0.00000000000000000e+00 0.00000000000000000e+00 0
0.00000000000000000e+00 0.00000000000000000e+00 0
0.00000000000000000e+00 0.00000000000000000e+00 0
0.00000000000000000e+00 0.00000000000000000e+00 0
0.00000000000000000e+00 0.00000000000000000e+00 0
0.00000000000000000e+00 0.00000000000000000e+00 0
0.00000000000000000e+00 0.00000000000000000e+00 0
0.00000000000000000e+00 0.00000000000000000e+00 0
0.00000000000000000e+00 0.00000000000000000e+00 0
0.00000000000000000e+00 0.00000000000000000e+00 0
0.00000000000000000e+00 0.00000000000000000e+00 0
0.00000000000000000e+00 0.00000000000000000e+00 0
0.00000000000000000e+00 0.00000000000000000e+00 0
0.00000000000000000e+00 0.00000000000000000e+00 0
0.00000000000000000e+00 0.00000000000000000e+00 0
0.00000000000000000e+00 0.00000000000000000e+00 0
0.00000000000000000e+00 0.00000000000000000e+00 0
0.00000000000000000e+00 0.00000000000000000e+00 0
0.00000000000000000e+00 0.00000000000000000e+00 0
0.00000000000000000e+00 0.00000000000000000e+00 0
0.00000000000000000e+00 0.00000000000000000e+00 0
0.00000000000000000e+00 0.00000000000000000e+00 0
0.00000000000000000e+00 0.00000000000000000e+00 0
0.00000000000000000e+00 0.00000000000000000e+00 0
0.00000000000000000e+00 0.00000000000000000e+00 0
0.00000000000000000e+00 0.00000000000000000e+00 0
0.00000000000000000e+00 0.00000000000000000e+00 0
0.00000000000000000e+00 0.00000000000000000e+00 0
0.00000000000000000e+00 0.00000000000000000e+00 0
0.00000000000000000e+00 0.00000000000000000e+00 0
0.00000000000000000e+00 0.00000000000000000e+00 0
0.00000000000000000e+00 0.00000000000000000e+00 0
0.00000000000000000e+00 0.00000000000000000e+00 0
0.00000000000000000e+00 0.00000000000000000e+00 0
0.00000000000000000e+00 0.00000000000000000e+00 0
0.00000000000000000e+00 0.00000000000000000e+00 0
0.00000000000000000e+00 0.00000000000000000e+00 0
0.00000000000000000e+00 0.00000000000000000e+00 0
0.00000000000000000e+00 0.00000000000000000e+00 0
0.00000000000000000e+00 0.00000000000000000e+00 0
0.00000000000000000e+00 0.00000000000000000e+00 0
0.00000000000000000e+00 0.00000000000000000e+00 0
0.00000000000000000e+00 0.00000000000000000e+00 0
0.00000000000000000e+00 0.00000000000000000e+00 0
0.00000000000000000e+00 0.00000000000000000e+00 0
0.00000000000000000e+00 0.00000000000000000e+00 0
0.00000000000000000e+00 0.00000000000000000e+00 0
0.00000000000000000e+00 0.00000000000000000e+00 0
0.00000000000000000e+00 0.00000000000000000e+00 0
0.00000000000000000e+00 0.00000000000000000e+00 0
0.00000000000000000e+00 0.00000000000000000e+00 0
0.00000000000000000e+00 0.00000000000000000e+00 0
0.00000000000000000e+00 0.00000000000000000e+00 0
0.00000000000000000e+00 0.00000000000000000e+00 0
0.00000000000000000e+00 0.00000000000000000e+00 0
0.00000000000000000e+00 0.00000000000000000e+00 0
0.00000000000000000e+00 0.00000000000000000e+00 0
0.00000000000000000e+00 0.00000000000000000e+00 0
0.00000000000000000e+00 0.00000000000000000e+00 0
0.00000000000000000e+00 0.00000000000000000e+00 0
0.00000000000000000e+00 0.00000000000000000e+00 0
0.00000000000000000e+00 0.00000000000000000e+00 0
0.00000000000000000e+00 0.00000000000000000e+00 0
0.00000000000000000e+00 0.00000000000000000e+00 0
0.00000000000000000e+00 0.00000000000000000e+00 0
0.00000000000000000e+00 0.00000000000000000e+00 0
0.00000000000000000e+00 0.00000000000000000e+00 0
0.00000000000000000e+00 0.00000000000000000e+00 0
0.00000000000000000e+00 0.00000000000000000e+00 0
0.00000000000000000e+00 0.00000000000000000e+00 0
0.00000000000000000e+00 0.00000000000000000e+00 0
0.00000000000000000e+00 0.00000000000000000e+00 0
0.00000000000000000e+00 0.00000000000000000e+00 0
0.00000000000000000e+00 0.00000000000000000e+00 0
0.00000000000000000e+00 0.00000000000000000e+00 0
0.00000000000000000e+00 0.00000000000000000e+00 0
0.00000000000000000e+00 0.00000000000000000e+00 0
0.00000000000000000e+00 0.00000000000000000e+00 0
0.00000000000000000e+00 0.00000000000000000e+00 0
0.00000000000000000e+00 0.00000000000000000e+00 0
0.00000000000000000e+00 0.00000000000000000e+00 0
0.00000000000000000e+00 0.00000000000000000e+00 0
0.00000000000000000e+00 0.00000000000000000e+00 0
0.00000000000000000e+00 0.00000000000000000e+00 0
0.00000000000000000e+00 0.00000000000000000e+00 0
0.00000000000000000e+00 0.00000000000000000e+00 0
0.00000000000000000e+00 0.00000000000000000e+00 0
0.00000000000000000e+00 0.00000000000000000e+00 0
0.00000000000000000e+00 0.00000000000000000e+00 0
0.00000000000000000e+00 0.00000000000000000e+00 0
0.00000000000000000e+00 0.00000000000000000e+00 0
0.00000000000000000e+00 0.00000000000000000e+00 0
0.00000000000000000e+00 0.00000000000000000e+00 0
0.00000000000000000e+00 0.00000000000000000e+00 0
0.00000000000000000e+00 0.00000000000000000e+00 0
0.00000000000000000e+00 0.00000000000000000e+00 0
0.00000000000000000e+00 0.00000000000000000e+00 0
0.00000000000000000e+00 0.00000000000000000e+00 0
0.00000000000000000e+00 0.00000000000000000e+00 0
0.00000000000000000e+00 0.00000000000000000e+00 0
0.00000000000000000e+00 0.00000000000000000e+00 0
0.00000000000000000e+00 0.00000000000000000e+00 0
0.00000000000000000e+00 0.00000000000000000e+00 0
0.00000000000000000e+00 0.00000000000000000e+00 0
0.00000000000000000e+00 0.00000000000000000e+00 0
0.00000000000000000e+00 0.00000000000000000e+00 0
0.00000000000000000e+00 0.00000000000000000e+00 0
0.00000000000000000e+00 0.00000000000000000e+00 0
0.00000000000000000e+00 0.00000000000000000e+00 0
0.00000000000000000e+00 0.00000000000000000e+00 0
0.00000000000000000e+00 0.00000000000000000e+00 0
0.00000000000000000e+00 0.00000000000000000e+00 0
0.00000000000000000e+00 0.00000000000000000e+00 0
0.00000000000000000e+00 0.00000000000000000e+00 0
0.00000000000000000e+00 0.00000000000000000e+00 0
0.00000000000000000e+00 0.00000000000000000e+00 0
0.00000000000000000e+00 0.00000000000000000e+00 0
0.00000000000000000e+00 0.00000000000000000e+00 0
0.00000000000000000e+00 0.00000000000000000e+00 0
0.00000000000000000e+00 0.00000000000000000e+00 0
0.00000000000000000e+00 0.00000000000000000e+00 0
0.00000000000000000e+00 0.00000000000000000e+00 0
0.00000000000000000e+00 0.00000000000000000e+00 0
0.00000000000000000e+00 0.00000000000000000e+00 0
0.00000000000000000e+00 0.00000000000000000e+00 0
0.00000000000000000e+00 0.00000000000000000e+00 0
0.00000000000000000e+00 0.00000000000000000e+00 0
0.00000000000000000e+00 0.00000000000000000e+00 0
0.00000000000000000e+00 0.00000000000000000e+00 0
0.00000000000000000e+00 0.00000000000000000e+00 0
0.00000000000000000e+00 0.00000000000000000e+00 0
0.00000000000000000e+00 0.00000000000000000e+00 0
0.00000000000000000e+00 0.00000000000000000e+00 0
0.00000000000000000e+00 0.00000000000000000e+00 0
0.00000000000000000e+00 0.00000000000000000e+00 0
0.00000000000000000e+00 0.00000000000000000e+00 0
0.00000000000000000e+00 0.00000000000000000e+00 0
0.00000000000000000e+00 0.00000000000000000e+00 0
0.00000000000000000e+00 0.00000000000000000e+00 0
0.00000000000000000e+00 0.00000000000000000e+00 0
0.00000000000000000e+00 0.00000000000000000e+00 0
0.00000000000000000e+00 0.00000000000000000e+00 0
0.00000000000000000e+00 0.00000000000000000e+00 0
0.00000000000000000e+00 0.00000000000000000e+00 0
0.00000000000000000e+00 0.00000000000000000e+00 0
0.00000000000000000e+00 0.00000000000000000e+00 0
0.00000000000000000e+00 0.00000000000000000e+00 0
0.00000000000000000e+00 0.00000000000000000e+00 0
0.00000000000000000e+00 0.00000000000000000e+00 0
0.00000000000000000e+00 0.00000000000000000e+00 0
0.00000000000000000e+00 0.00000000000000000e+00 0
0.00000000000000000e+00 0.00000000000000000e+00 0
0.00000000000000000e+00 0.00000000000000000e+00 0
0.00000000000000000e+00 0.00000000000000000e+00 0
0.00000000000000000e+00 0.00000000000000000e+00 0
0.00000000000000000e+00 0.00000000000000000e+00 0
0.00000000000000000e+00 0.00000000000000000e+00 0
0.00000000000000000e+00 0.00000000000000000e+00 0
0.00000000000000000e+00 0.00000000000000000e+00 0
0.00000000000000000e+00 0.00000000000000000e+00 0
0.00000000000000000e+00 0.00000000000000000e+00 0
0.00000000000000000e+00 0.00000000000000000e+00 0
0.00000000000000000e+00 0.00000000000000000e+00 0
0.00000000000000000e+00 0.00000000000000000e+00 0
0.00000000000000000e+00 0.00000000000000000e+00 0
0.00000000000000000e+00 0.00000000000000000e+00 0
0.00000000000000000e+00 0.00000000000000000e+00 0
0.00000000000000000e+00 0.00000000000000000e+00 0
0.00000000000000000e+00 0.00000000000000000e+00 0
0.00000000000000000e+00 0.00000000000000000e+00 0
0.00000000000000000e+00 0.00000000000000000e+00 0
0.00000000000000000e+00 0.00000000000000000e+00 0
0.00000000000000000e+00 0.00000000000000000e+00 0
0.00000000000000000e+00 0.00000000000000000e+00 0
0.00000000000000000e+00 0.00000000000000000e+00 0
0.00000000000000000e+00 0.00000000000000000e+00 0
0.00000000000000000e+00 0.00000000000000000e+00 0
0.00000000000000000e+00 0.00000000000000000e+00 0
0.00000000000000000e+00 0.00000000000000000e+00 0
0.00000000000000000e+00 0.00000000000000000e+00 0
0.00000000000000000e+00 0.00000000000000000e+00 0
0.00000000000000000e+00 0.00000000000000000e+00 0
0.00000000000000000e+00 0.00000000000000000e+00 0
0.00000000000000000e+00 0.00000000000000000e+00 0
0.00000000000000000e+00 0.00000000000000000e+00 0
0.00000000000000000e+00 0.00000000000000000e+00 0
0.00000000000000000e+00 0.00000000000000000e+00 0
0.00000000000000000e+00 0.00000000000000000e+00 0
0.00000000000000000e+00 0.00000000000000000e+00 0
0.00000000000000000e+00 0.00000000000000000e+00 0
0.00000000000000000e+00 0.00000000000000000e+00 0
0.00000000000000000e+00 0.00000000000000000e+00 0
0.00000000000000000e+00 0.00000000000000000e+00 0
0.00000000000000000e+00 0.00000000000000000e+00 0
0.00000000000000000e+00 0.00000000000000000e+00 0
0.00000000000000000e+00 0.00000000000000000e+00 0
0.00000000000000000e+00 0.00000000000000000e+00 0
0.00000000000000000e+00 0.00000000000000000e+00 0
0.00000000000000000e+00 0.00000000000000000e+00 0
0.00000000000000000e+00 0.00000000000000000e+00 0
0.00000000000000000e+00 0.00000000000000000e+00 0
0.00000000000000000e+00 0.00000000000000000e+00 0
0.00000000000000000e+00 0.00000000000000000e+00 0
0.00000000000000000e+00 0.00000000000000000e+00 0
0.00000000000000000e+00 0.00000000000000000e+00 0
0.00000000000000000e+00 0.00000000000000000e+00 0
0.00000000000000000e+00 0.00000000000000000e+00 0
0.00000000000000000e+00 0.00000000000000000e+00 0
0.00000000000000000e+00 0.00000000000000000e+00 0
0.00000000000000000e+00 0.00000000000000000e+00 0
0.00000000000000000e+00 0.00000000000000000e+00 0
0.00000000000000000e+00 0.00000000000000000e+00 0
0.00000000000000000e+00 0.00000000000000000e+00 0
0.00000000000000000e+00 0.00000000000000000e+00 0
0.00000000000000000e+00 0.00000000000000000e+00 0
0.00000000000000000e+00 0.00000000000000000e+00 0
0.00000000000000000e+00 0.00000000000000000e+00 0
0.00000000000000000e+00 0.00000000000000000e+00 0
0.00000000000000000e+00 0.00000000000000000e+00 0
0.00000000000000000e+00 0.00000000000000000e+00 0
0.00000000000000000e+00 0.00000000000000000e+00 0
0.00000000000000000e+00 0.00000000000000000e+00 0
0.00000000000000000e+00 0.00000000000000000e+00 0
0.00000000000000000e+00 0.00000000000000000e+00 0
0.00000000000000000e+00 0.00000000000000000e+00 0
0.00000000000000000e+00 0.00000000000000000e+00 0
0.00000000000000000e+00 0.00000000000000000e+00 0
0.00000000000000000e+00 0.00000000000000000e+00 0
0.00000000000000000e+00 0.00000000000000000e+00 0
0.00000000000000000e+00 0.00000000000000000e+00 0
0.00000000000000000e+00 0.00000000000000000e+00 0
0.00000000000000000e+00 0.00000000000000000e+00 0
0.00000000000000000e+00 0.00000000000000000e+00 0
0.00000000000000000e+00 0.00000000000000000e+00 0
0.00000000000000000e+00 0.00000000000000000e+00 0
0.00000000000000000e+00 0.00000000000000000e+00 0
0.00000000000000000e+00 0.00000000000000000e+00 0
0.00000000000000000e+00 0.00000000000000000e+00 0
0.00000000000000000e+00 0.00000000000000000e+00 0
0.00000000000000000e+00 0.00000000000000000e+00 0
0.00000000000000000e+00 0.00000000000000000e+00 0
0.00000000000000000e+00 0.00000000000000000e+00 0
0.00000000000000000e+00 0.00000000000000000e+00 0
0.00000000000000000e+00 0.00000000000000000e+00 0
0.00000000000000000e+00 0.00000000000000000e+00 0
0.00000000000000000e+00 0.00000000000000000e+00 0
0.00000000000000000e+00 0.00000000000000000e+00 0
0.00000000000000000e+00 0.00000000000000000e+00 0
0.00000000000000000e+00 0.00000000000000000e+00 0
0.00000000000000000e+00 0.00000000000000000e+00 0
0.00000000000000000e+00 0.00000000000000000e+00 0
0.00000000000000000e+00 0.00000000000000000e+00 0
0.00000000000000000e+00 0.00000000000000000e+00 0
0.00000000000000000e+00 0.00000000000000000e+00 0
0.00000000000000000e+00 0.00000000000000000e+00 0
0.00000000000000000e+00 0.00000000000000000e+00 0
0.00000000000000000e+00 0.00000000000000000e+00 0
0.00000000000000000e+00 0.00000000000000000e+00 0
0.00000000000000000e+00 0.00000000000000000e+00 0
0.00000000000000000e+00 0.00000000000000000e+00 0
0.00000000000000000e+00 0.00000000000000000e+00 0
0.00000000000000000e+00 0.00000000000000000e+00 0
0.00000000000000000e+00 0.00000000000000000e+00 0
0.00000000000000000e+00 0.00000000000000000e+00 0
0.00000000000000000e+00 0.00000000000000000e+00 0
0.00000000000000000e+00 0.00000000000000000e+00 0
0.00000000000000000e+00 0.00000000000000000e+00 0
0.00000000000000000e+00 0.00000000000000000e+00 0
0.00000000000000000e+00 0.00000000000000000e+00 0
0.00000000000000000e+00 0.00000000000000000e+00 0
0.00000000000000000e+00 0.00000000000000000e+00 0
0.00000000000000000e+00 0.00000000000000000e+00 0
0.00000000000000000e+00 0.00000000000000000e+00 0
0.00000000000000000e+00 0.00000000000000000e+00 0
0.00000000000000000e+00 0.00000000000000000e+00 0
0.00000000000000000e+00 0.00000000000000000e+00 0
0.00000000000000000e+00 0.00000000000000000e+00 0
0.00000000000000000e+00 0.00000000000000000e+00 0
0.00000000000000000e+00 0.00000000000000000e+00 0
0.00000000000000000e+00 0.00000000000000000e+00 0
0.00000000000000000e+00 0.00000000000000000e+00 0
0.00000000000000000e+00 0.00000000000000000e+00 0
0.00000000000000000e+00 0.00000000000000000e+00 0
0.00000000000000000e+00 0.00000000000000000e+00 0
0.00000000000000000e+00 0.00000000000000000e+00 0
0.00000000000000000e+00 0.00000000000000000e+00 0
0.00000000000000000e+00 0.00000000000000000e+00 0
0.00000000000000000e+00 0.00000000000000000e+00 0
0.00000000000000000e+00 0.00000000000000000e+00 0
0.00000000000000000e+00 0.00000000000000000e+00 0
0.00000000000000000e+00 0.00000000000000000e+00 0
0.00000000000000000e+00 0.00000000000000000e+00 0
0.00000000000000000e+00 0.00000000000000000e+00 0
0.00000000000000000e+00 0.00000000000000000e+00 0
0.00000000000000000e+00 0.00000000000000000e+00 0
0.00000000000000000e+00 0.00000000000000000e+00 0
0.00000000000000000e+00 0.00000000000000000e+00 0
0.00000000000000000e+00 0.00000000000000000e+00 0
0.00000000000000000e+00 0.00000000000000000e+00 0
0.00000000000000000e+00 0.00000000000000000e+00 0
0.00000000000000000e+00 0.00000000000000000e+00 0
0.00000000000000000e+00 0.00000000000000000e+00 0
0.00000000000000000e+00 0.00000000000000000e+00 0
0.00000000000000000e+00 0.00000000000000000e+00 0
0.00000000000000000e+00 0.00000000000000000e+00 0
0.00000000000000000e+00 0.00000000000000000e+00 0
0.00000000000000000e+00 0.00000000000000000e+00 0
0.00000000000000000e+00 0.00000000000000000e+00 0
0.00000000000000000e+00 0.00000000000000000e+00 0
0.00000000000000000e+00 0.00000000000000000e+00 0
0.00000000000000000e+00 0.00000000000000000e+00 0
0.00000000000000000e+00 0.00000000000000000e+00 0
0.00000000000000000e+00 0.00000000000000000e+00 0
0.00000000000000000e+00 0.00000000000000000e+00 0
0.00000000000000000e+00 0.00000000000000000e+00 0
0.00000000000000000e+00 0.00000000000000000e+00 0
0.00000000000000000e+00 0.00000000000000000e+00 0
0.00000000000000000e+00 0.00000000000000000e+00 0
0.00000000000000000e+00 0.00000000000000000e+00 0
0.00000000000000000e+00 0.00000000000000000e+00 0
0.00000000000000000e+00 0.00000000000000000e+00 0
0.00000000000000000e+00 0.00000000000000000e+00 0
0.00000000000000000e+00 0.00000000000000000e+00 0
0.00000000000000000e+00 0.00000000000000000e+00 0
0.00000000000000000e+00 0.00000000000000000e+00 0
0.00000000000000000e+00 0.00000000000000000e+00 0
0.00000000000000000e+00 0.00000000000000000e+00 0
0.00000000000000000e+00 0.00000000000000000e+00 0
0.00000000000000000e+00 0.00000000000000000e+00 0
0.00000000000000000e+00 0.00000000000000000e+00 0
0.00000000000000000e+00 0.00000000000000000e+00 0
0.00000000000000000e+00 0.00000000000000000e+00 0
0.00000000000000000e+00 0.00000000000000000e+00 0
0.00000000000000000e+00 0.00000000000000000e+00 0
0.00000000000000000e+00 0.00000000000000000e+00 0
0.00000000000000000e+00 0.00000000000000000e+00 0
0.00000000000000000e+00 0.00000000000000000e+00 0
0.00000000000000000e+00 0.00000000000000000e+00 0
0.00000000000000000e+00 0.00000000000000000e+00 0
0.00000000000000000e+00 0.00000000000000000e+00 0
0.00000000000000000e+00 0.00000000000000000e+00 0
0.00000000000000000e+00 0.00000000000000000e+00 0
0.00000000000000000e+00 0.00000000000000000e+00 0
0.00000000000000000e+00 0.00000000000000000e+00 0
0.00000000000000000e+00 0.00000000000000000e+00 0
0.00000000000000000e+00 0.00000000000000000e+00 0
0.00000000000000000e+00 0.00000000000000000e+00 0
0.00000000000000000e+00 0.00000000000000000e+00 0
0.00000000000000000e+00 0.00000000000000000e+00 0
0.00000000000000000e+00 0.00000000000000000e+00 0
0.00000000000000000e+00 0.00000000000000000e+00 0
0.00000000000000000e+00 0.00000000000000000e+00 0
0.00000000000000000e+00 0.00000000000000000e+00 0
0.00000000000000000e+00 0.00000000000000000e+00 0
0.00000000000000000e+00 0.00000000000000000e+00 0
0.00000000000000000e+00 0.00000000000000000e+00 0
0.00000000000000000e+00 0.00000000000000000e+00 0
0.00000000000000000e+00 0.00000000000000000e+00 0
0.00000000000000000e+00 0.00000000000000000e+00 0
0.00000000000000000e+00 0.00000000000000000e+00 0
0.00000000000000000e+00 0.00000000000000000e+00 0
0.00000000000000000e+00 0.00000000000000000e+00 0
0.00000000000000000e+00 0.00000000000000000e+00 0
0.00000000000000000e+00 0.00000000000000000e+00 0
0.00000000000000000e+00 0.00000000000000000e+00 0
0.00000000000000000e+00 0.00000000000000000e+00 0
0.00000000000000000e+00 0.00000000000000000e+00 0
0.00000000000000000e+00 0.00000000000000000e+00 0
0.00000000000000000e+00 0.00000000000000000e+00 0
0.00000000000000000e+00 0.00000000000000000e+00 0
0.00000000000000000e+00 0.00000000000000000e+00 0
0.00000000000000000e+00 0.00000000000000000e+00 0
0.00000000000000000e+00 0.00000000000000000e+00 0
0.00000000000000000e+00 0.00000000000000000e+00 0
0.00000000000000000e+00 0.00000000000000000e+00 0
0.00000000000000000e+00 0.00000000000000000e+00 0
0.00000000000000000e+00 0.00000000000000000e+00 0
0.00000000000000000e+00 0.00000000000000000e+00 0
0.00000000000000000e+00 0.00000000000000000e+00 0
0.00000000000000000e+00 0.00000000000000000e+00 0
0.00000000000000000e+00 0.00000000000000000e+00 0
0.00000000000000000e+00 0.00000000000000000e+00 0
0.00000000000000000e+00 0.00000000000000000e+00 0
0.00000000000000000e+00 0.00000000000000000e+00 0
0.00000000000000000e+00 0.00000000000000000e+00 0
0.00000000000000000e+00 0.00000000000000000e+00 0
0.00000000000000000e+00 0.00000000000000000e+00 0
0.00000000000000000e+00 0.00000000000000000e+00 0
0.00000000000000000e+00 0.00000000000000000e+00 0
0.00000000000000000e+00 0.00000000000000000e+00 0
0.00000000000000000e+00 0.00000000000000000e+00 0
0.00000000000000000e+00 0.00000000000000000e+00 0
0.00000000000000000e+00 0.00000000000000000e+00 0
0.00000000000000000e+00 0.00000000000000000e+00 0
0.00000000000000000e+00 0.00000000000000000e+00 0
0.00000000000000000e+00 0.00000000000000000e+00 0
0.00000000000000000e+00 0.00000000000000000e+00 0
0.00000000000000000e+00 0.00000000000000000e+00 0
0.00000000000000000e+00 0.00000000000000000e+00 0
0.00000000000000000e+00 0.00000000000000000e+00 0
0.00000000000000000e+00 0.00000000000000000e+00 0
0.00000000000000000e+00 0.00000000000000000e+00 0
0.00000000000000000e+00 0.00000000000000000e+00 0
0.00000000000000000e+00 0.00000000000000000e+00 0
0.00000000000000000e+00 0.00000000000000000e+00 0
0.00000000000000000e+00 0.00000000000000000e+00 0
0.00000000000000000e+00 0.00000000000000000e+00 0
0.00000000000000000e+00 0.00000000000000000e+00 0
0.00000000000000000e+00 0.00000000000000000e+00 0
0.00000000000000000e+00 0.00000000000000000e+00 0
0.00000000000000000e+00 0.00000000000000000e+00 0
0.00000000000000000e+00 0.00000000000000000e+00 0
0.00000000000000000e+00 0.00000000000000000e+00 0
0.00000000000000000e+00 0.00000000000000000e+00 0
0.00000000000000000e+00 0.00000000000000000e+00 0
0.00000000000000000e+00 0.00000000000000000e+00 0
0.00000000000000000e+00 0.00000000000000000e+00 0
0.00000000000000000e+00 0.00000000000000000e+00 0
0.00000000000000000e+00 0.00000000000000000e+00 0
0.00000000000000000e+00 0.00000000000000000e+00 0
0.00000000000000000e+00 0.00000000000000000e+00 0
0.00000000000000000e+00 0.00000000000000000e+00 0
0.00000000000000000e+00 0.00000000000000000e+00 0
0.00000000000000000e+00 0.00000000000000000e+00 0
0.00000000000000000e+00 0.00000000000000000e+00 0
0.00000000000000000e+00 0.00000000000000000e+00 0
0.00000000000000000e+00 0.00000000000000000e+00 0
0.00000000000000000e+00 0.00000000000000000e+00 0
0.00000000000000000e+00 0.00000000000000000e+00 0
0.00000000000000000e+00 0.00000000000000000e+00 0
0.00000000000000000e+00 0.00000000000000000e+00 0
0.00000000000000000e+00 0.00000000000000000e+00 0
0.00000000000000000e+00 0.00000000000000000e+00 0
0.00000000000000000e+00 0.00000000000000000e+00 0
0.00000000000000000e+00 0.00000000000000000e+00 0
0.00000000000000000e+00 0.00000000000000000e+00 0
0.00000000000000000e+00 0.00000000000000000e+00 0
0.00000000000000000e+00 0.00000000000000000e+00 0
0.00000000000000000e+00 0.00000000000000000e+00 0
0.00000000000000000e+00 0.00000000000000000e+00 0
0.00000000000000000e+00 0.00000000000000000e+00 0
0.00000000000000000e+00 0.00000000000000000e+00 0
0.00000000000000000e+00 0.00000000000000000e+00 0
0.00000000000000000e+00 0.00000000000000000e+00 0
0.00000000000000000e+00 0.00000000000000000e+00 0
0.00000000000000000e+00 0.00000000000000000e+00 0
0.00000000000000000e+00 0.00000000000000000e+00 0
0.00000000000000000e+00 0.00000000000000000e+00 0
0.00000000000000000e+00 0.00000000000000000e+00 0
0.00000000000000000e+00 0.00000000000000000e+00 0
0.00000000000000000e+00 0.00000000000000000e+00 0
0.00000000000000000e+00 0.00000000000000000e+00 0
0.00000000000000000e+00 0.00000000000000000e+00 0
0.00000000000000000e+00 0.00000000000000000e+00 0
0.00000000000000000e+00 0.00000000000000000e+00 0
0.00000000000000000e+00 0.00000000000000000e+00 0
0.00000000000000000e+00 0.00000000000000000e+00 0
0.00000000000000000e+00 0.00000000000000000e+00 0
0.00000000000000000e+00 0.00000000000000000e+00 0
0.00000000000000000e+00 0.00000000000000000e+00 0
0.00000000000000000e+00 0.00000000000000000e+00 0
0.00000000000000000e+00 0.00000000000000000e+00 0
0.00000000000000000e+00 0.00000000000000000e+00 0
0.00000000000000000e+00 0.00000000000000000e+00 0
0.00000000000000000e+00 0.00000000000000000e+00 0
0.00000000000000000e+00 0.00000000000000000e+00 0
0.00000000000000000e+00 0.00000000000000000e+00 0
0.00000000000000000e+00 0.00000000000000000e+00 0
0.00000000000000000e+00 0.00000000000000000e+00 0
0.00000000000000000e+00 0.00000000000000000e+00 0
0.00000000000000000e+00 0.00000000000000000e+00 0
0.00000000000000000e+00 0.00000000000000000e+00 0
0.00000000000000000e+00 0.00000000000000000e+00 0
0.00000000000000000e+00 0.00000000000000000e+00 0
0.00000000000000000e+00 0.00000000000000000e+00 0
0.00000000000000000e+00 0.00000000000000000e+00 0
0.00000000000000000e+00 0.00000000000000000e+00 0
0.00000000000000000e+00 0.00000000000000000e+00 0
0.00000000000000000e+00 0.00000000000000000e+00 0
0.00000000000000000e+00 0.00000000000000000e+00 0
0.00000000000000000e+00 0.00000000000000000e+00 0
0.00000000000000000e+00 0.00000000000000000e+00 0
0.00000000000000000e+00 0.00000000000000000e+00 0
0.00000000000000000e+00 0.00000000000000000e+00 0
0.00000000000000000e+00 0.00000000000000000e+00 0
0.00000000000000000e+00 0.00000000000000000e+00 0
0.00000000000000000e+00 0.00000000000000000e+00 0
0.00000000000000000e+00 0.00000000000000000e+00 0
0.00000000000000000e+00 0.00000000000000000e+00 0
0.00000000000000000e+00 0.00000000000000000e+00 0
0.00000000000000000e+00 0.00000000000000000e+00 0
0.00000000000000000e+00 0.00000000000000000e+00 0
0.00000000000000000e+00 0.00000000000000000e+00 0
0.00000000000000000e+00 0.00000000000000000e+00 0
0.00000000000000000e+00 0.00000000000000000e+00 0
0.00000000000000000e+00 0.00000000000000000e+00 0
0.00000000000000000e+00 0.00000000000000000e+00 0
0.00000000000000000e+00 0.00000000000000000e+00 0
0.00000000000000000e+00 0.00000000000000000e+00 0
0.00000000000000000e+00 0.00000000000000000e+00 0
0.00000000000000000e+00 0.00000000000000000e+00 0
0.00000000000000000e+00 0.00000000000000000e+00 0
0.00000000000000000e+00 0.00000000000000000e+00 0
0.00000000000000000e+00 0.00000000000000000e+00 0
0.00000000000000000e+00 0.00000000000000000e+00 0
0.00000000000000000e+00 0.00000000000000000e+00 0
0.00000000000000000e+00 0.00000000000000000e+00 0
0.00000000000000000e+00 0.00000000000000000e+00 0
0.00000000000000000e+00 0.00000000000000000e+00 0
0.00000000000000000e+00 0.00000000000000000e+00 0
0.00000000000000000e+00 0.00000000000000000e+00 0
0.00000000000000000e+00 0.00000000000000000e+00 0
0.00000000000000000e+00 0.00000000000000000e+00 0
0.00000000000000000e+00 0.00000000000000000e+00 0
0.00000000000000000e+00 0.00000000000000000e+00 0
0.00000000000000000e+00 0.00000000000000000e+00 0
0.00000000000000000e+00 0.00000000000000000e+00 0
0.00000000000000000e+00 0.00000000000000000e+00 0
0.00000000000000000e+00 0.00000000000000000e+00 0
0.00000000000000000e+00 0.00000000000000000e+00 0
0.00000000000000000e+00 0.00000000000000000e+00 0
0.00000000000000000e+00 0.00000000000000000e+00 0
0.00000000000000000e+00 0.00000000000000000e+00 0
0.00000000000000000e+00 0.00000000000000000e+00 0
0.00000000000000000e+00 0.00000000000000000e+00 0
0.00000000000000000e+00 0.00000000000000000e+00 0
0.00000000000000000e+00 0.00000000000000000e+00 0
0.00000000000000000e+00 0.00000000000000000e+00 0
0.00000000000000000e+00 0.00000000000000000e+00 0
0.00000000000000000e+00 0.00000000000000000e+00 0
0.00000000000000000e+00 0.00000000000000000e+00 0
0.00000000000000000e+00 0.00000000000000000e+00 0
SCALARS velocity_magnitude double 1
LOOKUP_TABLE default
0.00000000000000000e+00
0.00000000000000000e+00
0.00000000000000000e+00
0.00000000000000000e+00
0.00000000000000000e+00
0.00000000000000000e+00
0.00000000000000000e+00
0.00000000000000000e+00
0.00000000000000000e+00
0.00000000000000000e+00
0.00000000000000000e+00
0.00000000000000000e+00
0.00000000000000000e+00
0.00000000000000000e+00
0.00000000000000000e+00
0.00000000000000000e+00
0.00000000000000000e+00
0.00000000000000000e+00
0.00000000000000000e+00
0.00000000000000000e+00
0.00000000000000000e+00
0.00000000000000000e+00
0.00000000000000000e+00
0.00000000000000000e+00
0.00000000000000000e+00
0.00000000000000000e+00
0.00000000000000000e+00
0.00000000000000000e+00
0.00000000000000000e+00
0.00000000000000000e+00
0.00000000000000000e+00
0.00000000000000000e+00
0.00000000000000000e+00
0.00000000000000000e+00
0.00000000000000000e+00
0.00000000000000000e+00
0.00000000000000000e+00
0.00000000000000000e+00
0.00000000000000000e+00
0.00000000000000000e+00
0.00000000000000000e+00
0.00000000000000000e+00
0.00000000000000000e+00
0.00000000000000000e+00
0.00000000000000000e+00
0.00000000000000000e+00
0.00000000000000000e+00
0.00000000000000000e+00
0.00000000000000000e+00
0.00000000000000000e+00
0.00000000000000000e+00
0.00000000000000000e+00
0.00000000000000000e+00
0.00000000000000000e+00
0.00000000000000000e+00
0.00000000000000000e+00
0.00000000000000000e+00
0.00000000000000000e+00
0.00000000000000000e+00
0.00000000000000000e+00
0.00000000000000000e+00
0.00000000000000000e+00
0.00000000000000000e+00
0.00000000000000000e+00
0.00000000000000000e+00
0.00000000000000000e+00
0.00000000000000000e+00
0.00000000000000000e+00
0.00000000000000000e+00
0.00000000000000000e+00
0.00000000000000000e+00
0.00000000000000000e+00
0.00000000000000000e+00
0.00000000000000000e+00
0.00000000000000000e+00
0.00000000000000000e+00
0.00000000000000000e+00
0.00000000000000000e+00
0.00000000000000000e+00
0.00000000000000000e+00
0.00000000000000000e+00
0.00000000000000000e+00
0.00000000000000000e+00
0.00000000000000000e+00
0.00000000000000000e+00
0.00000000000000000e+00
0.00000000000000000e+00
0.00000000000000000e+00
0.00000000000000000e+00
0.00000000000000000e+00
0.00000000000000000e+00
0.00000000000000000e+00
0.00000000000000000e+00
0.00000000000000000e+00
0.00000000000000000e+00
0.00000000000000000e+00
0.00000000000000000e+00
0.00000000000000000e+00
0.00000000000000000e+00
0.00000000000000000e+00
0.00000000000000000e+00
0.00000000000000000e+00
0.00000000000000000e+00
0.00000000000000000e+00
0.00000000000000000e+00
0.00000000000000000e+00
0.00000000000000000e+00
0.00000000000000000e+00
0.00000000000000000e+00
0.00000000000000000e+00
0.00000000000000000e+00
0.00000000000000000e+00
0.00000000000000000e+00
0.00000000000000000e+00
0.00000000000000000e+00
0.00000000000000000e+00
0.00000000000000000e+00
0.00000000000000000e+00
0.00000000000000000e+00
0.00000000000000000e+00
0.00000000000000000e+00
0.00000000000000000e+00
0.00000000000000000e+00
0.00000000000000000e+00
0.00000000000000000e+00
0.00000000000000000e+00
0.00000000000000000e+00
0.00000000000000000e+00
0.00000000000000000e+00
0.00000000000000000e+00
0.00000000000000000e+00
0.00000000000000000e+00
0.00000000000000000e+00
0.00000000000000000e+00
0.00000000000000000e+00
0.00000000000000000e+00
0.00000000000000000e+00
0.00000000000000000e+00
0.00000000000000000e+00
0.00000000000000000e+00
0.00000000000000000e+00
0.00000000000000000e+00
0.00000000000000000e+00
0.00000000000000000e+00
0.00000000000000000e+00
0.00000000000000000e+00
0.00000000000000000e+00
0.00000000000000000e+00
0.00000000000000000e+00
0.00000000000000000e+00
0.00000000000000000e+00
0.00000000000000000e+00
0.00000000000000000e+00
0.00000000000000000e+00
0.00000000000000000e+00
0.00000000000000000e+00
0.00000000000000000e+00
0.00000000000000000e+00
0.00000000000000000e+00
0.00000000000000000e+00
0.00000000000000000e+00
0.00000000000000000e+00
0.00000000000000000e+00
0.00000000000000000e+00
0.00000000000000000e+00
0.00000000000000000e+00
0.00000000000000000e+00
0.00000000000000000e+00
0.00000000000000000e+00
0.00000000000000000e+00
0.00000000000000000e+00
0.00000000000000000e+00
0.00000000000000000e+00
0.00000000000000000e+00
0.00000000000000000e+00
0.00000000000000000e+00
0.00000000000000000e+00
0.00000000000000000e+00
0.00000000000000000e+00
0.00000000000000000e+00
0.00000000000000000e+00
0.00000000000000000e+00
0.00000000000000000e+00
0.00000000000000000e+00
0.00000000000000000e+00
0.00000000000000000e+00
0.00000000000000000e+00
0.00000000000000000e+00
0.00000000000000000e+00
0.00000000000000000e+00
0.00000000000000000e+00
0.00000000000000000e+00
0.00000000000000000e+00
0.00000000000000000e+00
0.00000000000000000e+00
0.00000000000000000e+00
0.00000000000000000e+00
0.00000000000000000e+00
0.00000000000000000e+00
0.00000000000000000e+00
0.00000000000000000e+00
0.00000000000000000e+00
0.00000000000000000e+00
0.00000000000000000e+00
0.00000000000000000e+00
0.00000000000000000e+00
0.00000000000000000e+00
0.00000000000000000e+00
0.00000000000000000e+00
0.00000000000000000e+00
0.00000000000000000e+00
0.00000000000000000e+00
0.00000000000000000e+00
0.00000000000000000e+00
0.00000000000000000e+00
0.00000000000000000e+00
0.00000000000000000e+00
0.00000000000000000e+00
0.00000000000000000e+00
0.00000000000000000e+00
0.00000000000000000e+00
0.00000000000000000e+00
0.00000000000000000e+00
0.00000000000000000e+00
0.00000000000000000e+00
0.00000000000000000e+00
0.00000000000000000e+00
0.00000000000000000e+00
0.00000000000000000e+00
0.00000000000000000e+00
0.00000000000000000e+00
0.00000000000000000e+00
0.00000000000000000e+00
0.00000000000000000e+00
0.00000000000000000e+00
0.00000000000000000e+00
0.00000000000000000e+00
0.00000000000000000e+00
0.00000000000000000e+00
0.00000000000000000e+00
0.00000000000000000e+00
0.00000000000000000e+00
0.00000000000000000e+00
0.00000000000000000e+00
0.00000000000000000e+00
0.00000000000000000e+00
0.00000000000000000e+00
0.00000000000000000e+00
0.00000000000000000e+00
0.00000000000000000e+00
0.00000000000000000e+00
0.00000000000000000e+00
0.00000000000000000e+00
0.00000000000000000e+00
0.00000000000000000e+00
0.00000000000000000e+00
0.00000000000000000e+00
0.00000000000000000e+00
0.00000000000000000e+00
0.00000000000000000e+00
0.00000000000000000e+00
0.00000000000000000e+00
0.00000000000000000e+00
0.00000000000000000e+00
0.00000000000000000e+00
0.00000000000000000e+00
0.00000000000000000e+00
0.00000000000000000e+00
0.00000000000000000e+00
0.00000000000000000e+00
0.00000000000000000e+00
0.00000000000000000e+00
0.00000000000000000e+00
0.00000000000000000e+00
0.00000000000000000e+00
0.00000000000000000e+00
0.00000000000000000e+00
0.00000000000000000e+00
0.00000000000000000e+00
0.00000000000000000e+00
0.00000000000000000e+00
0.00000000000000000e+00
0.00000000000000000e+00
0.00000000000000000e+00
0.00000000000000000e+00
0.00000000000000000e+00
0.00000000000000000e+00
0.00000000000000000e+00
0.00000000000000000e+00
0.00000000000000000e+00
0.00000000000000000e+00
0.00000000000000000e+00
0.00000000000000000e+00
0.00000000000000000e+00
0.00000000000000000e+00
0.00000000000000000e+00
0.00000000000000000e+00
0.00000000000000000e+00
0.00000000000000000e+00
0.00000000000000000e+00
0.00000000000000000e+00
0.00000000000000000e+00
0.00000000000000000e+00
0.00000000000000000e+00
0.00000000000000000e+00
0.00000000000000000e+00
0.00000000000000000e+00
0.00000000000000000e+00
0.00000000000000000e+00
0.00000000000000000e+00
0.00000000000000000e+00
0.00000000000000000e+00
0.00000000000000000e+00
0.00000000000000000e+00
0.00000000000000000e+00
0.00000000000000000e+00
0.00000000000000000e+00
0.00000000000000000e+00
0.00000000000000000e+00
0.00000000000000000e+00
0.00000000000000000e+00
0.00000000000000000e+00
0.00000000000000000e+00
0.00000000000000000e+00
0.00000000000000000e+00
0.00000000000000000e+00
0.00000000000000000e+00
0.00000000000000000e+00
0.00000000000000000e+00
0.00000000000000000e+00
0.00000000000000000e+00
0.00000000000000000e+00
0.00000000000000000e+00
0.00000000000000000e+00
0.00000000000000000e+00
0.00000000000000000e+00
0.00000000000000000e+00
0.00000000000000000e+00
0.00000000000000000e+00
0.00000000000000000e+00
0.00000000000000000e+00
0.00000000000000000e+00
0.00000000000000000e+00
0.00000000000000000e+00
0.00000000000000000e+00
0.00000000000000000e+00
0.00000000000000000e+00
0.00000000000000000e+00
0.00000000000000000e+00
0.00000000000000000e+00
0.00000000000000000e+00
0.00000000000000000e+00
0.00000000000000000e+00
0.00000000000000000e+00
0.00000000000000000e+00
0.00000000000000000e+00
0.00000000000000000e+00
0.00000000000000000e+00
0.00000000000000000e+00
0.00000000000000000e+00
0.00000000000000000e+00
0.00000000000000000e+00
0.00000000000000000e+00
0.00000000000000000e+00
0.00000000000000000e+00
0.00000000000000000e+00
0.00000000000000000e+00
0.00000000000000000e+00
0.00000000000000000e+00
0.00000000000000000e+00
0.00000000000000000e+00
0.00000000000000000e+00
0.00000000000000000e+00
0.00000000000000000e+00
0.00000000000000000e+00
0.00000000000000000e+00
0.00000000000000000e+00
0.00000000000000000e+00
0.00000000000000000e+00
0.00000000000000000e+00
0.00000000000000000e+00
0.00000000000000000e+00
0.00000000000000000e+00
0.00000000000000000e+00
0.00000000000000000e+00
0.00000000000000000e+00
0.00000000000000000e+00
0.00000000000000000e+00
0.00000000000000000e+00
0.00000000000000000e+00
0.00000000000000000e+00
0.00000000000000000e+00
0.00000000000000000e+00
0.00000000000000000e+00
0.00000000000000000e+00
0.00000000000000000e+00
0.00000000000000000e+00
0.00000000000000000e+00
0.00000000000000000e+00
0.00000000000000000e+00
0.00000000000000000e+00
0.00000000000000000e+00
0.00000000000000000e+00
0.00000000000000000e+00
0.00000000000000000e+00
0.00000000000000000e+00
0.00000000000000000e+00
0.00000000000000000e+00
0.00000000000000000e+00
0.00000000000000000e+00
0.00000000000000000e+00
0.00000000000000000e+00
0.00000000000000000e+00
0.00000000000000000e+00
0.00000000000000000e+00
0.00000000000000000e+00
0.00000000000000000e+00
0.00000000000000000e+00
0.00000000000000000e+00
0.00000000000000000e+00
0.00000000000000000e+00
0.00000000000000000e+00
0.00000000000000000e+00
0.00000000000000000e+00
0.00000000000000000e+00
0.00000000000000000e+00
0.00000000000000000e+00
0.00000000000000000e+00
0.00000000000000000e+00
0.00000000000000000e+00
0.00000000000000000e+00
0.00000000000000000e+00
0.00000000000000000e+00
0.00000000000000000e+00
0.00000000000000000e+00
0.00000000000000000e+00
0.00000000000000000e+00
0.00000000000000000e+00
0.00000000000000000e+00
0.00000000000000000e+00
0.00000000000000000e+00
0.00000000000000000e+00
0.00000000000000000e+00
0.00000000000000000e+00
0.00000000000000000e+00
0.00000000000000000e+00
0.00000000000000000e+00
0.00000000000000000e+00
0.00000000000000000e+00
0.00000000000000000e+00
0.00000000000000000e+00
0.00000000000000000e+00
0.00000000000000000e+00
0.00000000000000000e+00
0.00000000000000000e+00
0.00000000000000000e+00
0.00000000000000000e+00
0.00000000000000000e+00
0.00000000000000000e+00
0.00000000000000000e+00
0.00000000000000000e+00
0.00000000000000000e+00
0.00000000000000000e+00
0.00000000000000000e+00
0.00000000000000000e+00
0.00000000000000000e+00
0.00000000000000000e+00
0.00000000000000000e+00
0.00000000000000000e+00
0.00000000000000000e+00
0.00000000000000000e+00
0.00000000000000000e+00
0.00000000000000000e+00
0.00000000000000000e+00
0.00000000000000000e+00
0.00000000000000000e+00
0.00000000000000000e+00
0.00000000000000000e+00
0.00000000000000000e+00
0.00000000000000000e+00
0.00000000000000000e+00
0.00000000000000000e+00
0.00000000000000000e+00
0.00000000000000000e+00
0.00000000000000000e+00
0.00000000000000000e+00
0.00000000000000000e+00
0.00000000000000000e+00
0.00000000000000000e+00
0.00000000000000000e+00
0.00000000000000000e+00
0.00000000000000000e+00
0.00000000000000000e+00
0.00000000000000000e+00
0.00000000000000000e+00
0.00000000000000000e+00
0.00000000000000000e+00
0.00000000000000000e+00
0.00000000000000000e+00
0.00000000000000000e+00
0.00000000000000000e+00
0.00000000000000000e+00
0.00000000000000000e+00
0.00000000000000000e+00
0.00000000000000000e+00
0.00000000000000000e+00
0.00000000000000000e+00
0.00000000000000000e+00
0.00000000000000000e+00
0.00000000000000000e+00
0.00000000000000000e+00
0.00000000000000000e+00
0.00000000000000000e+00
0.00000000000000000e+00
0.00000000000000000e+00
0.00000000000000000e+00
0.00000000000000000e+00
0.00000000000000000e+00
0.00000000000000000e+00
0.00000000000000000e+00
0.00000000000000000e+00
0.00000000000000000e+00
0.00000000000000000e+00
0.00000000000000000e+00
0.00000000000000000e+00
0.00000000000000000e+00
0.00000000000000000e+00
0.00000000000000000e+00
0.00000000000000000e+00
0.00000000000000000e+00
0.00000000000000000e+00
0.00000000000000000e+00
0.00000000000000000e+00
0.00000000000000000e+00
0.00000000000000000e+00
0.00000000000000000e+00
0.00000000000000000e+00
0.00000000000000000e+00
0.00000000000000000e+00
0.00000000000000000e+00
0.00000000000000000e+00
0.00000000000000000e+00
0.00000000000000000e+00
0.00000000000000000e+00
0.00000000000000000e+00
0.00000000000000000e+00
0.00000000000000000e+00
0.00000000000000000e+00
0.00000000000000000e+00
0.00000000000000000e+00
0.00000000000000000e+00
0.00000000000000000e+00
0.00000000000000000e+00
0.00000000000000000e+00
0.00000000000000000e+00
0.00000000000000000e+00
0.00000000000000000e+00
0.00000000000000000e+00
0.00000000000000000e+00
0.00000000000000000e+00
0.00000000000000000e+00
0.00000000000000000e+00
0.00000000000000000e+00
0.00000000000000000e+00
0.00000000000000000e+00
0.00000000000000000e+00
0.00000000000000000e+00
0.00000000000000000e+00
0.00000000000000000e+00
0.00000000000000000e+00
0.00000000000000000e+00
0.00000000000000000e+00
0.00000000000000000e+00
0.00000000000000000e+00
0.00000000000000000e+00
0.00000000000000000e+00
0.00000000000000000e+00
0.00000000000000000e+00
0.00000000000000000e+00
0.00000000000000000e+00
0.00000000000000000e+00
0.00000000000000000e+00
0.00000000000000000e+00
0.00000000000000000e+00
0.00000000000000000e+00
0.00000000000000000e+00
0.00000000000000000e+00
0.00000000000000000e+00
0.00000000000000000e+00
0.00000000000000000e+00
0.00000000000000000e+00
0.00000000000000000e+00
0.00000000000000000e+00
0.00000000000000000e+00
0.00000000000000000e+00
0.00000000000000000e+00
0.00000000000000000e+00
0.00000000000000000e+00
0.00000000000000000e+00
0.00000000000000000e+00
0.00000000000000000e+00
0.00000000000000000e+00
0.00000000000000000e+00
0.00000000000000000e+00
0.00000000000000000e+00
0.00000000000000000e+00
0.00000000000000000e+00
0.00000000000000000e+00
0.00000000000000000e+00
0.00000000000000000e+00
0.00000000000000000e+00
0.00000000000000000e+00
0.00000000000000000e+00
0.00000000000000000e+00
0.00000000000000000e+00
0.00000000000000000e+00
0.00000000000000000e+00
0.00000000000000000e+00
0.00000000000000000e+00
0.00000000000000000e+00
0.00000000000000000e+00
0.00000000000000000e+00
0.00000000000000000e+00
0.00000000000000000e+00
0.00000000000000000e+00
0.00000000000000000e+00
0.00000000000000000e+00
0.00000000000000000e+00
0.00000000000000000e+00
0.00000000000000000e+00
0.00000000000000000e+00
0.00000000000000000e+00
0.00000000000000000e+00
0.00000000000000000e+00
0.00000000000000000e+00
0.00000000000000000e+00
0.00000000000000000e+00
0.00000000000000000e+00
0.00000000000000000e+00
0.00000000000000000e+00
0.00000000000000000e+00
0.00000000000000000e+00
0.00000000000000000e+00
0.00000000000000000e+00
0.00000000000000000e+00
0.00000000000000000e+00
0.00000000000000000e+00
0.00000000000000000e+00
0.00000000000000000e+00
0.00000000000000000e+00
0.00000000000000000e+00
0.00000000000000000e+00
0.00000000000000000e+00
0.00000000000000000e+00
0.00000000000000000e+00
0.00000000000000000e+00
0.00000000000000000e+00
0.00000000000000000e+00
0.00000000000000000e+00
0.00000000000000000e+00
0.00000000000000000e+00
0.00000000000000000e+00
0.00000000000000000e+00
0.00000000000000000e+00
0.00000000000000000e+00
0.00000000000000000e+00
0.00000000000000000e+00
0.00000000000000000e+00
0.00000000000000000e+00
0.00000000000000000e+00
0.00000000000000000e+00
0.00000000000000000e+00
0.00000000000000000e+00
0.00000000000000000e+00
0.00000000000000000e+00
0.00000000000000000e+00
0.00000000000000000e+00
0.00000000000000000e+00
0.00000000000000000e+00
0.00000000000000000e+00
0.00000000000000000e+00
0.00000000000000000e+00
0.00000000000000000e+00
0.00000000000000000e+00
0.00000000000000000e+00
0.00000000000000000e+00
0.00000000000000000e+00
0.00000000000000000e+00
0.00000000000000000e+00
0.00000000000000000e+00
0.00000000000000000e+00
0.00000000000000000e+00
0.00000000000000000e+00
0.00000000000000000e+00
0.00000000000000000e+00
0.00000000000000000e+00
0.00000000000000000e+00
0.00000000000000000e+00
0.00000000000000000e+00
0.00000000000000000e+00
0.00000000000000000e+00
0.00000000000000000e+00
0.00000000000000000e+00
0.00000000000000000e+00
0.00000000000000000e+00
0.00000000000000000e+00
0.00000000000000000e+00
0.00000000000000000e+00
0.00000000000000000e+00
0.00000000000000000e+00
0.00000000000000000e+00
0.00000000000000000e+00
0.00000000000000000e+00
0.00000000000000000e+00
0.00000000000000000e+00
0.00000000000000000e+00
0.00000000000000000e+00
0.00000000000000000e+00
0.00000000000000000e+00
0.00000000000000000e+00
0.00000000000000000e+00
0.00000000000000000e+00
0.00000000000000000e+00
0.00000000000000000e+00
0.00000000000000000e+00
0.00000000000000000e+00
0.00000000000000000e+00
0.00000000000000000e+00
0.00000000000000000e+00
0.00000000000000000e+00
0.00000000000000000e+00
0.00000000000000000e+00
0.00000000000000000e+00
0.00000000000000000e+00
0.00000000000000000e+00
0.00000000000000000e+00
0.00000000000000000e+00
0.00000000000000000e+00
0.00000000000000000e+00
0.00000000000000000e+00
0.00000000000000000e+00
0.00000000000000000e+00
0.00000000000000000e+00
0.00000000000000000e+00
0.00000000000000000e+00
0.00000000000000000e+00
0.00000000000000000e+00
0.00000000000000000e+00
0.00000000000000000e+00
0.00000000000000000e+00
0.00000000000000000e+00
0.00000000000000000e+00
0.00000000000000000e+00
0.00000000000000000e+00
0.00000000000000000e+00
0.00000000000000000e+00
0.00000000000000000e+00
0.00000000000000000e+00
0.00000000000000000e+00
0.00000000000000000e+00
0.00000000000000000e+00
0.00000000000000000e+00
0.00000000000000000e+00
0.00000000000000000e+00
0.00000000000000000e+00
0.00000000000000000e+00
0.00000000000000000e+00
0.00000000000000000e+00
0.00000000000000000e+00
0.00000000000000000e+00
0.00000000000000000e+00
0.00000000000000000e+00
0.00000000000000000e+00
0.00000000000000000e+00
0.00000000000000000e+00
0.00000000000000000e+00
0.00000000000000000e+00
0.00000000000000000e+00
0.00000000000000000e+00
0.00000000000000000e+00
0.00000000000000000e+00
0.00000000000000000e+00
0.00000000000000000e+00
0.00000000000000000e+00
0.00000000000000000e+00
0.00000000000000000e+00
0.00000000000000000e+00
0.00000000000000000e+00
0.00000000000000000e+00
0.00000000000000000e+00
0.00000000000000000e+00
0.00000000000000000e+00
0.00000000000000000e+00
0.00000000000000000e+00
0.00000000000000000e+00
0.00000000000000000e+00
0.00000000000000000e+00
0.00000000000000000e+00
0.00000000000000000e+00
0.00000000000000000e+00
0.00000000000000000e+00
0.00000000000000000e+00
0.00000000000000000e+00
0.00000000000000000e+00
0.00000000000000000e+00
0.00000000000000000e+00
0.00000000000000000e+00
0.00000000000000000e+00
0.00000000000000000e+00
0.00000000000000000e+00
0.00000000000000000e+00
0.00000000000000000e+00
0.00000000000000000e+00
0.00000000000000000e+00
0.00000000000000000e+00
0.00000000000000000e+00
0.00000000000000000e+00
0.00000000000000000e+00
0.00000000000000000e+00
0.00000000000000000e+00
0.00000000000000000e+00
0.00000000000000000e+00
0.00000000000000000e+00
0.00000000000000000e+00
0.00000000000000000e+00
0.00000000000000000e+00
0.00000000000000000e+00
0.00000000000000000e+00
0.00000000000000000e+00
0.00000000000000000e+00
0.00000000000000000e+00
0.00000000000000000e+00
0.00000000000000000e+00
0.00000000000000000e+00
0.00000000000000000e+00
0.00000000000000000e+00
0.00000000000000000e+00
0.00000000000000000e+00
0.00000000000000000e+00
0.00000000000000000e+00
0.00000000000000000e+00
0.00000000000000000e+00
0.00000000000000000e+00
0.00000000000000000e+00
0.00000000000000000e+00
0.00000000000000000e+00
0.00000000000000000e+00
0.00000000000000000e+00
0.00000000000000000e+00
0.00000000000000000e+00
0.00000000000000000e+00
0.00000000000000000e+00
0.00000000000000000e+00
0.00000000000000000e+00
0.00000000000000000e+00
0.00000000000000000e+00
0.00000000000000000e+00
0.00000000000000000e+00
0.00000000000000000e+00
0.00000000000000000e+00
0.00000000000000000e+00
0.00000000000000000e+00
0.00000000000000000e+00
0.00000000000000000e+00
0.00000000000000000e+00
0.00000000000000000e+00
0.00000000000000000e+00
0.00000000000000000e+00
0.00000000000000000e+00
0.00000000000000000e+00
0.00000000000000000e+00
0.00000000000000000e+00
0.00000000000000000e+00
0.00000000000000000e+00
0.00000000000000000e+00
0.00000000000000000e+00
0.00000000000000000e+00
0.00000000000000000e+00
0.00000000000000000e+00
0.00000000000000000e+00
0.00000000000000000e+00
0.00000000000000000e+00
0.00000000000000000e+00
0.00000000000000000e+00
0.00000000000000000e+00
0.00000000000000000e+00
0.00000000000000000e+00
0.00000000000000000e+00
0.00000000000000000e+00
0.00000000000000000e+00
0.00000000000000000e+00
0.00000000000000000e+00
0.00000000000000000e+00
0.00000000000000000e+00
0.00000000000000000e+00
0.00000000000000000e+00
0.00000000000000000e+00
0.00000000000000000e+00
0.00000000000000000e+00
0.00000000000000000e+00
0.00000000000000000e+00
0.00000000000000000e+00
0.00000000000000000e+00
0.00000000000000000e+00
0.00000000000000000e+00
0.00000000000000000e+00
0.00000000000000000e+00
0.00000000000000000e+00
0.00000000000000000e+00
0.00000000000000000e+00
0.00000000000000000e+00
0.00000000000000000e+00
0.00000000000000000e+00
0.00000000000000000e+00
0.00000000000000000e+00
0.00000000000000000e+00
0.00000000000000000e+00
0.00000000000000000e+00
0.00000000000000000e+00
0.00000000000000000e+00
0.00000000000000000e+00
0.00000000000000000e+00
0.00000000000000000e+00
0.00000000000000000e+00
0.00000000000000000e+00
0.00000000000000000e+00
0.00000000000000000e+00
0.00000000000000000e+00
0.00000000000000000e+00
0.00000000000000000e+00
0.00000000000000000e+00
0.00000000000000000e+00
0.00000000000000000e+00
0.00000000000000000e+00
0.00000000000000000e+00
0.00000000000000000e+00
0.00000000000000000e+00
0.00000000000000000e+00
0.00000000000000000e+00
0.00000000000000000e+00
0.00000000000000000e+00
0.00000000000000000e+00
0.00000000000000000e+00
0.00000000000000000e+00
0.00000000000000000e+00
0.00000000000000000e+00
0.00000000000000000e+00
0.00000000000000000e+00
0.00000000000000000e+00
0.00000000000000000e+00
0.00000000000000000e+00
0.00000000000000000e+00
0.00000000000000000e+00
0.00000000000000000e+00
0.00000000000000000e+00
0.00000000000000000e+00
0.00000000000000000e+00
0.00000000000000000e+00
0.00000000000000000e+00
0.00000000000000000e+00
0.00000000000000000e+00
0.00000000000000000e+00
0.00000000000000000e+00
0.00000000000000000e+00
0.00000000000000000e+00
0.00000000000000000e+00
0.00000000000000000e+00
0.00000000000000000e+00
0.00000000000000000e+00
0.00000000000000000e+00
0.00000000000000000e+00
0.00000000000000000e+00
0.00000000000000000e+00
0.00000000000000000e+00
0.00000000000000000e+00
0.00000000000000000e+00
0.00000000000000000e+00
0.00000000000000000e+00
0.00000000000000000e+00
0.00000000000000000e+00
0.00000000000000000e+00
0.00000000000000000e+00
0.00000000000000000e+00
0.00000000000000000e+00
0.00000000000000000e+00
0.00000000000000000e+00
0.00000000000000000e+00
0.00000000000000000e+00
0.00000000000000000e+00
0.00000000000000000e+00
0.00000000000000000e+00
0.00000000000000000e+00
0.00000000000000000e+00
0.00000000000000000e+00
0.00000000000000000e+00
0.00000000000000000e+00
0.00000000000000000e+00
0.00000000000000000e+00
0.00000000000000000e+00
0.00000000000000000e+00
0.00000000000000000e+00
0.00000000000000000e+00
0.00000000000000000e+00
0.00000000000000000e+00
0.00000000000000000e+00
0.00000000000000000e+00
0.00000000000000000e+00
0.00000000000000000e+00
0.00000000000000000e+00
0.00000000000000000e+00
0.00000000000000000e+00
0.00000000000000000e+00
0.00000000000000000e+00
0.00000000000000000e+00
0.00000000000000000e+00
0.00000000000000000e+00
0.00000000000000000e+00
0.00000000000000000e+00
0.00000000000000000e+00
0.00000000000000000e+00
0.00000000000000000e+00
0.00000000000000000e+00
0.00000000000000000e+00
0.00000000000000000e+00
0.00000000000000000e+00
0.00000000000000000e+00
0.00000000000000000e+00
0.00000000000000000e+00
0.00000000000000000e+00
0.00000000000000000e+00
0.00000000000000000e+00
0.00000000000000000e+00
0.00000000000000000e+00
0.00000000000000000e+00
0.00000000000000000e+00
0.00000000000000000e+00
0.00000000000000000e+00
0.00000000000000000e+00
0.00000000000000000e+00
0.00000000000000000e+00
0.00000000000000000e+00
0.00000000000000000e+00
0.00000000000000000e+00
0.00000000000000000e+00
0.00000000000000000e+00
0.00000000000000000e+00
0.00000000000000000e+00
0.00000000000000000e+00
0.00000000000000000e+00
0.00000000000000000e+00
0.00000000000000000e+00
0.00000000000000000e+00
0.00000000000000000e+00
0.00000000000000000e+00
0.00000000000000000e+00
0.00000000000000000e+00
0.00000000000000000e+00
0.00000000000000000e+00
0.00000000000000000e+00
0.00000000000000000e+00
0.00000000000000000e+00
0.00000000000000000e+00
0.00000000000000000e+00
0.00000000000000000e+00
0.00000000000000000e+00
0.00000000000000000e+00
0.00000000000000000e+00
0.00000000000000000e+00
0.00000000000000000e+00
0.00000000000000000e+00
0.00000000000000000e+00
0.00000000000000000e+00
0.00000000000000000e+00
0.00000000000000000e+00
0.00000000000000000e+00
0.00000000000000000e+00
0.00000000000000000e+00
0.00000000000000000e+00
0.00000000000000000e+00
0.00000000000000000e+00
SCALARS temperature double 1
LOOKUP_TABLE default
9.94447453890039190e-01
9.94447222181925494e-01
9.94447003262761253e-01
9.94446816848495452e-01
9.94446660161360740e-01
9.94446528297613042e-01
9.94446416909091302e-01
9.94446322544064842e-01
9.94446242640937839e-01
9.94446175615269490e-01
9.94446121495152768e-01
9.94446084639541761e-01
9.83336090070785040e-01
9.83335952896745802e-01
9.83335794012621056e-01
9.83335645892366772e-01
9.83335515707308594e-01
9.83335403723883283e-01
9.83335308482324089e-01
9.83335228380068260e-01
9.83335162254514339e-01
9.83335109741569235e-01
9.83335071704773522e-01
9.83335050746364625e-01
9.72224787411796965e-01
9.72224699943862514e-01
9.72224584655239310e-01
9.72224469029349558e-01
9.72224363138601722e-01
9.72224270059098283e-01
9.72224190292291790e-01
9.72224123550412545e-01
9.72224069514910472e-01
9.72224028188079070e-01
9.72224000027851254e-01
9.72223985794281265e-01
9.61113523751155108e-01
9.61113464652342597e-01
9.61113380081018098e-01
9.61113290456685032e-01
9.61113205503273615e-01
9.61113129358787122e-01
9.61113063592334727e-01
9.61113008699519766e-01
9.61112964809846981e-01
9.61112931993957864e-01
9.61112910327210579e-01
9.61112899749046345e-01
9.50002286440231436e-01
9.50002244754933223e-01
9.50002181882602437e-01
9.50002112514428676e-01
9.50002044933360601e-01
9.50001983345751255e-01
9.50001929746147500e-01
9.50001885015523517e-01
9.50001849499087059e-01
9.50001823274147617e-01
9.50001806229290646e-01
9.50001798027695243e-01
9.38891067715052263e-01
9.38891037385299554e-01
9.38890990058405706e-01
9.38890936303600099e-01
9.38890882809087501e-01
9.38890833386359924e-01
9.38890790069060621e-01
9.38890753868419359e-01
9.38890725215979383e-01
9.38890704193938608e-01
9.38890690634906044e-01
9.38890684152119515e-01
9.27779862512643105e-01
9.27779839950821583e-01
9.27779803950068205e-01
9.27779762199425262e-01
9.27779719971707606e-01
9.27779680523363792e-01
9.27779645728714852e-01
9.27779616583933375e-01
9.27779593535633773e-01
9.27779576673601780e-01
9.27779565836259423e-01
9.27779560669456216e-01
9.16668667369603507e-01
9.16668650319159561e-01
9.16668622702932034e-01
9.16668590193467803e-01
9.16668556905907206e-01
9.16668525532414180e-01
9.16668497706767060e-01
9.16668474337420158e-01
9.16668455847841179e-01
9.16668442333347766e-01
9.16668433660022486e-01
9.16668429529872042e-01
9.05557479828636547e-01
9.05557466796672372e-01
9.05557445472684797e-01
9.05557420097882537e-01
9.05557393873023808e-01
9.05557368981472433e-01
9.05557346800314078e-01
9.05557328121356919e-01
9.05557313326153079e-01
9.05557302510821782e-01
9.05557295572327114e-01
9.05557292269596137e-01
8.94446298098068970e-01
8.94446288055736560e-01
8.94446271506652457e-01
8.94446251658512659e-01
8.94446231000421865e-01
8.94446211283050685e-01
8.94446193642789433e-01
8.94446178750206600e-01
8.94446166937756026e-01
8.94446158297612426e-01
8.94446152753689105e-01
8.94446150114796779e-01
8.83335120844950250e-01
8.83335113060082056e-01
8.83335100166558140e-01
8.83335084613279253e-01
8.83335068338363505e-01
8.83335052736028858e-01
8.83335038731215549e-01
8.83335026881005514e-01
8.83335017468323991e-01
8.83335010577927404e-01
8.83335006154931879e-01
8.83335004049231709e-01
8.72223947062774285e-01
8.72223941001278202e-01
8.72223930925713931e-01
8.72223918719651214e-01
8.72223905894897178e-01
8.72223893557326657e-01
8.72223882452919375e-01
8.72223873038364794e-01
8.72223865550328936e-01
8.72223860064193057e-01
8.72223856540866316e-01
8.72223854863065973e-01
8.61112775983161827e-01
8.61112771248022213e-01
8.61112763356369215e-01
8.61112753765406858e-01
8.61112743656619606e-01
8.61112733905106675e-01
8.61112725108808097e-01
8.61112717638601644e-01
8.61112711689917210e-01
8.61112707328083093e-01
8.61112704525411665e-01
8.61112703190433981e-01
8.50001607014750915e-01
8.50001603306601683e-01
8.50001597114480645e-01
8.50001589570843930e-01
8.50001581600645761e-01
8.50001573895441065e-01
8.50001566932484631e-01
8.50001561010918616e-01
8.50001556290545968e-01
8.50001552826855411e-01
8.50001550600247402e-01
8.50001549539393997e-01
8.38890439699651158e-01
8.38890436790313720e-01
8.38890431925009561e-01
8.38890425986910548e-01
8.38890419701256884e-01
8.38890413614156283e-01
8.38890408105420260e-01
8.38890403415122221e-01
8.38890399672953757e-01
8.38890396925313198e-01
8.38890395158283342e-01
8.38890394316202048e-01
8.27779273681707561e-01
8.27779271395836291e-01
8.27779267568941934e-01
8.27779262891659484e-01
8.27779257933388135e-01
8.27779253125216385e-01
8.27779248768786391e-01
8.27779245056048718e-01
8.27779242091641887e-01
8.27779239913896125e-01
8.27779238512871829e-01
8.27779237845078564e-01
8.16668108682943927e-01
8.16668106884954725e-01
8.16668103872320250e-01
8.16668100186251356e-01
8.16668096274286048e-01
8.16668092476666052e-01
8.16668089032597799e-01
8.16668086095125534e-01
8.16668083748291029e-01
8.16668082023459085e-01
8.16668080913476424e-01
8.16668080384318151e-01
8.05556944485835924e-01
8.05556943070395381e-01
8.05556940697213175e-01
8.05556937791102934e-01
8.05556934704142136e-01
8.05556931704857648e-01
8.05556928982744114e-01
8.05556926659562689e-01
8.05556924802574459e-01
8.05556923437252825e-01
8.05556922558406274e-01
8.05556922139376796e-01
7.94445780919821543e-01
7.94445779804799912e-01
7.94445777934380537e-01
7.94445775642441232e-01
7.94445773206164052e-01
7.94445770837482912e-01
7.94445768686395160e-01
7.94445766849615542e-01
7.94445765380823010e-01
7.94445764300587109e-01
7.94445763605104327e-01
7.94445763273462835e-01
7.83334617850957260e-01
7.83334616972139908e-01
7.83334615497376374e-01
7.83334613689337100e-01
7.83334611766374311e-01
7.83334609895761869e-01
7.83334608196166626e-01
7.83334606744311324e-01
7.83334605582941990e-01
7.83334604728590733e-01
7.83334604178444471e-01
7.83334603916081340e-01
7.72223455173930651e-01
7.72223454481000271e-01
7.72223453317828379e-01
7.72223451891226986e-01
7.72223450373286213e-01
7.72223448896041109e-01
7.72223447553331166e-01
7.72223446405960523e-01
7.72223445487909110e-01
7.72223444812416226e-01
7.72223444377382884e-01
7.72223444169901296e-01
7.61112292805862678e-01
7.61112292259328305e-01
7.61112291341685121e-01
7.61112290215864240e-01
7.61112289017550347e-01
7.61112287850968738e-01
7.61112286790302073e-01
7.61112285883701944e-01
7.61112285158143664e-01
7.61112284624197777e-01
7.61112284280286322e-01
7.61112284116252757e-01
7.50001130681483441e-01
7.50001130250309123e-01
7.50001129526223886e-01
7.50001128637652559e-01
7.50001127691607872e-01
7.50001126770368232e-01
7.50001125932562629e-01
7.50001125216299358e-01
7.50001124642969641e-01
7.50001124220995519e-01
7.50001123949178949e-01
7.50001123819525883e-01
7.38889968749358750e-01
7.38889968409128683e-01
7.38889967837687678e-01
7.38889967136297510e-01
7.38889966389381758e-01
7.38889965661893910e-01
7.38889965000162796e-01
7.38889964434334190e-01
7.38889963981356424e-01
7.38889963647926806e-01
7.38889963433130958e-01
7.38889963330672028e-01
7.27778806968941705e-01
7.27778806700434044e-01
7.27778806249404275e-01
7.27778805695723174e-01
7.27778805106002902e-01
7.27778804531524548e-01
7.27778804008890501e-01
7.27778803561939469e-01
7.27778803204090052e-01
7.27778802940660996e-01
7.27778802770949307e-01
7.27778802689992843e-01
7.16667645308255885e-01
7.16667645096327299e-01
7.16667644740304866e-01
7.16667644303201845e-01
7.16667643837584967e-01
7.16667643383940955e-01
7.16667642971184682e-01
7.16667642618162293e-01
7.16667642335490629e-01
7.16667642127389426e-01
7.16667641993315563e-01
7.16667641929357724e-01
7.05556483742076135e-01
7.05556483574791504e-01
7.05556483293747205e-01
7.05556482948664687e-01
7.05556482581031319e-01
7.05556482222813641e-01
7.05556481896850496e-01
7.05556481618035969e-01
7.05556481394767787e-01
7.05556481230389498e-01
7.05556481124481882e-01
7.05556481073958741e-01
6.94445322250498598e-01
6.94445322118447561e-01
6.94445321896583923e-01
6.94445321624146517e-01
6.94445321333880927e-01
6.94445321051025521e-01
6.94445320793618315e-01
6.94445320573428115e-01
6.94445320397095167e-01
6.94445320267266575e-01
6.94445320183615822e-01
6.94445320143709854e-01
6.83334160817815728e-01
6.83334160713575778e-01
6.83334160538431989e-01
6.83334160323350703e-01
6.83334160094179466e-01
6.83334159870842894e-01
6.83334159667587371e-01
6.83334159493709903e-01
6.83334159354458404e-01
6.83334159251927864e-01
6.83334159185863932e-01
6.83334159154347365e-01
6.72222999431627888e-01
6.72222999349345485e-01
6.72222999211089078e-01
6.72222999041299119e-01
6.72222998860376175e-01
6.72222998684050221e-01
6.72222998523570370e-01
6.72222998386279302e-01
6.72222998276324479e-01
6.72222998195362687e-01
6.72222998143195305e-01
6.72222998118307324e-01
6.61111838082147352e-01
6.61111838017203524e-01
6.61111837908078037e-01
6.61111837774057576e-01
6.61111837631243815e-01
6.61111837492052712e-01
6.61111837365365163e-01
6.61111837256979529e-01
6.61111837170172634e-01
6.61111837106252875e-01
6.61111837065065822e-01
6.61111837045416206e-01
6.50000676761643748e-01
6.50000676710395076e-01
6.50000676624280072e-01
6.50000676518515674e-01
6.50000676405809052e-01
6.50000676295957813e-01
6.50000676195970351e-01
6.50000676110425446e-01
6.50000676041910030e-01
6.50000675991458055e-01
6.50000675958948615e-01
6.50000675943438688e-01
6.38889515464011293e-01
6.38889515423583854e-01
6.38889515355650861e-01
6.38889515272216491e-01
6.38889515183302281e-01
6.38889515096638161e-01
6.38889515017754261e-01
6.38889514950262360e-01
6.38889514896205157e-01
6.38889514856398888e-01
6.38889514830748406e-01
6.38889514818510973e-01
6.27778354184425846e-01
6.27778354152553342e-01
6.27778354098995295e-01
6.27778354033215025e-01
6.27778353963112767e-01
6.27778353894783536e-01
6.27778353832586622e-01
6.27778353779371301e-01
6.27778353736747508e-01
6.27778353705360170e-01
6.27778353685134460e-01
6.27778353675484624e-01
6.16667192919072460e-01
6.16667192893968541e-01
6.16667192851785173e-01
6.16667192799974062e-01
6.16667192744758341e-01
6.16667192690937838e-01
6.16667192641946804e-01
6.16667192600029224e-01
6.16667192566454192e-01
6.16667192541729525e-01
6.16667192525797270e-01
6.16667192518195795e-01
6.05556031664932770e-01
6.05556031645191672e-01
6.05556031612019541e-01
6.05556031571276354e-01
6.05556031527855199e-01
6.05556031485531054e-01
6.05556031447003429e-01
6.05556031414038687e-01
6.05556031387633475e-01
6.05556031368188696e-01
6.05556031355658386e-01
6.05556031349679946e-01
5.94444870419615579e-01
5.94444870404131631e-01
5.94444870378113666e-01
5.94444870346156895e-01
5.94444870312099805e-01
5.94444870278902027e-01
5.94444870248682422e-01
5.94444870222825217e-01
5.94444870202113118e-01
5.94444870186860319e-01
5.94444870177030738e-01
5.94444870172340933e-01
5.83333709181221183e-01
5.83333709169128189e-01
5.83333709148807555e-01
5.83333709123848743e-01
5.83333709097248798e-01
5.83333709071320539e-01
5.83333709047717308e-01
5.83333709027521463e-01
5.83333709011343959e-01
5.83333708999430156e-01
5.83333708991752520e-01
5.83333708988089117e-01
5.72222547948236238e-01
5.72222547938857073e-01
5.72222547923096792e-01
5.72222547903739054e-01
5.72222547883109001e-01
5.72222547862999087e-01
5.72222547844692619e-01
5.72222547829028261e-01
5.72222547816480409e-01
5.72222547807239579e-01
5.72222547801283787e-01
5.72222547798442394e-01
5.61111386719450267e-01
5.61111386712259907e-01
5.61111386700178016e-01
5.61111386685338664e-01
5.61111386669523982e-01
5.61111386654106981e-01
5.61111386640073095e-01
5.61111386628064701e-01
5.61111386618445507e-01
5.61111386611360952e-01
5.61111386606794937e-01
5.61111386604616680e-01
5.50000225493883499e-01
5.50000225488480599e-01
5.50000225479401528e-01
5.50000225468250670e-01
5.50000225456366620e-01
5.50000225444781776e-01
5.50000225434235768e-01
5.50000225425211320e-01
5.50000225417982325e-01
5.50000225412658805e-01
5.50000225409227217e-01
5.50000225407590082e-01
5.38889064270738127e-01
5.38889064266820261e-01
5.38889064260236861e-01
5.38889064252150440e-01
5.38889064243532889e-01
5.38889064235132165e-01
5.38889064227484615e-01
5.38889064220940517e-01
5.38889064215698377e-01
5.38889064211837132e-01
5.38889064209348789e-01
5.38889064208161406e-01
5.27777903049350461e-01
5.27777903046697805e-01
5.27777903042241703e-01
5.27777903036768525e-01
5.27777903030935303e-01
5.27777903025249184e-01
5.27777903020072214e-01
5.27777903015642980e-01
5.27777903012094707e-01
5.27777903009480909e-01
5.27777903007796589e-01
5.27777903006992677e-01
5.16666741829151288e-01
5.16666741827616849e-01
5.16666741825038689e-01
5.16666741821872444e-01
5.16666741818497921e-01
5.16666741815208441e-01
5.16666741812213504e-01
5.16666741809651664e-01
5.16666741807598640e-01
5.16666741806086738e-01
5.16666741805112295e-01
5.16666741804647334e-01
5.05555580609640676e-01
5.05555580609138633e-01
5.05555580608294641e-01
5.05555580607258692e-01
5.05555580606153798e-01
5.05555580605077104e-01
5.05555580604097665e-01
5.05555580603258892e-01
5.05555580602587318e-01
5.05555580602092602e-01
5.05555580601773857e-01
5.05555580601621535e-01
4.94444419390355439e-01
4.94444419390856982e-01
4.94444419391700196e-01
4.94444419392736367e-01
4.94444419393840484e-01
4.94444419394917067e-01
4.94444419395896895e-01
4.94444419396735668e-01
4.94444419397407353e-01
4.94444419397902346e-01
4.94444419398220925e-01
4.94444419398372914e-01
4.83333258170844826e-01
4.83333258172378655e-01
4.83333258174956093e-01
4.83333258178122283e-01
4.83333258181496639e-01
4.83333258184786119e-01
4.83333258187780668e-01
4.83333258190343062e-01
4.83333258192395920e-01
4.83333258193907656e-01
4.83333258194882209e-01
4.83333258195347226e-01
4.72222096950645764e-01
4.72222096953297310e-01
4.72222096957753357e-01
4.72222096963226201e-01
4.72222096969059368e-01
4.72222096974745653e-01
4.72222096979922068e-01
4.72222096984351802e-01
4.72222096987900297e-01
4.72222096990513707e-01
4.72222096992197971e-01
4.72222096993001550e-01
4.61110935729257210e-01
4.61110935733174965e-01
4.61110935739758310e-01
4.61110935747843953e-01
4.61110935756461671e-01
4.61110935764862451e-01
4.61110935772510167e-01
4.61110935779054376e-01
4.61110935784296572e-01
4.61110935788157317e-01
4.61110935790645660e-01
4.61110935791832988e-01
4.49999774506112116e-01
4.49999774511514850e-01
4.49999774520593310e-01
4.49999774531743835e-01
4.49999774543628162e-01
4.49999774555213061e-01
4.49999774565759125e-01
4.49999774574783185e-01
4.49999774582012069e-01
4.49999774587336199e-01
4.49999774590767343e-01
4.49999774592404811e-01
4.38888613280545958e-01
4.38888613287735596e-01
4.38888613299816988e-01
4.38888613314656006e-01
4.38888613330471133e-01
4.38888613345887413e-01
4.38888613359921187e-01
4.38888613371929970e-01
4.38888613381549664e-01
4.38888613388633830e-01
4.38888613393199789e-01
4.38888613395378269e-01
4.27777452051759433e-01
4.27777452061138430e-01
4.27777452076898324e-01
4.27777452096255562e-01
4.27777452116886059e-01
4.27777452136995917e-01
4.27777452155302607e-01
4.27777452170967076e-01
4.27777452183514872e-01
4.27777452192755814e-01
4.27777452198710884e-01
4.27777452201552499e-01
4.16666290818774543e-01
4.16666290830867259e-01
4.16666290851187671e-01
4.16666290876146372e-01
4.16666290902745873e-01
4.16666290928674299e-01
4.16666290952277363e-01
4.16666290972473652e-01
4.16666290988651267e-01
4.16666291000565236e-01
4.16666291008242595e-01
4.16666291011906165e-01
4.05555129580380314e-01
4.05555129595863317e-01
4.05555129621881338e-01
4.05555129653837498e-01
4.05555129687894811e-01
4.05555129721092478e-01
4.05555129751312360e-01
4.05555129777169787e-01
4.05555129797881941e-01
4.05555129813134962e-01
4.05555129822964211e-01
4.05555129827654071e-01
3.94443968335062622e-01
3.94443968354803387e-01
3.94443968387975019e-01
3.94443968428718150e-01
3.94443968472139139e-01
3.94443968514463728e-01
3.94443968552991131e-01
3.94443968585956373e-01
3.94443968612361584e-01
3.94443968631806530e-01
3.94443968644337173e-01
3.94443968650315779e-01
3.83332807080923266e-01
3.83332807106026463e-01
3.83332807148209720e-01
3.83332807200020609e-01
3.83332807255236052e-01
3.83332807309056667e-01
3.83332807358047811e-01
3.83332807399965336e-01
3.83332807433540868e-01
3.83332807458265534e-01
3.83332807474198067e-01
3.83332807481799653e-01
3.72221645815569879e-01
3.72221645847442273e-01
3.72221645900999931e-01
3.72221645966780090e-01
3.72221646036881904e-01
3.72221646105211246e-01
3.72221646167407882e-01
3.72221646220623814e-01
3.72221646263247441e-01
3.72221646294635278e-01
3.72221646314861265e-01
3.72221646324510935e-01
3.61110484535984266e-01
3.61110484576411650e-01
3.61110484644344309e-01
3.61110484727778958e-01
3.61110484816693000e-01
3.61110484903357065e-01
3.61110484982241076e-01
3.61110485049732699e-01
3.61110485103790346e-01
3.61110485143596782e-01
3.61110485169247153e-01
3.61110485181485086e-01
3.49999323238351812e-01
3.49999323289600428e-01
3.49999323375715599e-01
3.49999323481479330e-01
3.49999323594186174e-01
3.49999323704037690e-01
3.49999323804024931e-01
3.49999323889570058e-01
3.49999323958086195e-01
3.49999324008538060e-01
3.49999324041047777e-01
3.49999324056557815e-01
3.38888161917848318e-01
3.38888161982792424e-01
3.38888162091917688e-01
3.38888162225937983e-01
3.38888162368751800e-01
3.38888162507942792e-01
3.38888162634630674e-01
3.38888162743016419e-01
3.38888162829823980e-01
3.38888162893743627e-01
3.38888162934930848e-01
3.38888162954580352e-01
3.27777000568367838e-01
3.27777000650650574e-01
3.27777000788906425e-01
3.27777000958696940e-01
3.27777001139619661e-01
3.27777001315945504e-01
3.27777001476425855e-01
3.27777001613717200e-01
3.27777001723671912e-01
3.27777001804633872e-01
3.27777001856801475e-01
3.27777001881689178e-01
3.16665839182180886e-01
3.16665839286420725e-01
3.16665839461564402e-01
3.16665839676645799e-01
3.16665839905817315e-01
3.16665840129153497e-01
3.16665840332409243e-01
3.16665840506287100e-01
3.16665840645538654e-01
3.16665840748069083e-01
3.16665840814132682e-01
3.16665840845649360e-01
3.05554677749498405e-01
3.05554677881549330e-01
3.05554678103412691e-01
3.05554678375850208e-01
3.05554678666115964e-01
3.05554678948971592e-01
3.05554679206378910e-01
3.05554679426569220e-01
3.05554679602902224e-01
3.05554679732730983e-01
3.05554679816381347e-01
3.05554679856287481e-01
2.94443516257921256e-01
2.94443516425205665e-01
2.94443516706249797e-01
2.94443517051332593e-01
2.94443517418966016e-01
2.94443517777183805e-01
2.94443518103147339e-01
2.94443518381962255e-01
2.94443518605229937e-01
2.94443518769608281e-01
2.94443518875515786e-01
2.94443518926038927e-01
2.83332354691742005e-01
2.83332354903670147e-01
2.83332355259692137e-01
2.83332355696795435e-01
2.83332356162413257e-01
2.83332356616057324e-01
2.83332357028813264e-01
2.83332357381836208e-01
2.83332357664507650e-01
2.83332357872609131e-01
2.83332358006682883e-01
2.83332358070641221e-01
2.72221193031056408e-01
2.72221193299563735e-01
2.72221193750593893e-01
2.72221194304274716e-01
2.72221194893995488e-01
2.72221195468474064e-01
2.72221195991108056e-01
2.72221196438059143e-01
2.72221196795908504e-01
2.72221197059338116e-01
2.72221197229049361e-01
2.72221197310006047e-01
2.61110031250639862e-01
2.61110031590869762e-01
2.61110032162311267e-01
2.61110032863700992e-01
2.61110033610617076e-01
2.61110034338105146e-01
2.61110034999836538e-01
2.61110035565664977e-01
2.61110036018642966e-01
2.61110036352072528e-01
2.61110036566867987e-01
2.61110036669327417e-01
2.49998869318515921e-01
2.49998869749690239e-01
2.49998870473775309e-01
2.49998871362346775e-01
2.49998872308391351e-01
2.49998873229631241e-01
2.49998874067437288e-01
2.49998874783700475e-01
2.49998875357030054e-01
2.49998875779004370e-01
2.49998876050820801e-01
2.49998876180473867e-01
2.38887707194136795e-01
2.38887707740671085e-01
2.38887708658314879e-01
2.38887709784135788e-01
2.38887710982449541e-01
2.38887712149031262e-01
2.38887713209697816e-01
2.38887714116297944e-01
2.38887714841856558e-01
2.38887715375802057e-01
2.38887715719713706e-01
2.38887715883747076e-01
2.27776544826069294e-01
2.27776545518999674e-01
2.27776546682171260e-01
2.27776548108773402e-01
2.27776549626714009e-01
2.27776551103958974e-01
2.27776552446669028e-01
2.27776553594040060e-01
2.27776554512091417e-01
2.27776555187584134e-01
2.27776555622617061e-01
2.27776555830098842e-01
2.16665382149042629e-01
2.16665383027860675e-01
2.16665384502623987e-01
2.16665386310663288e-01
2.16665388233625966e-01
2.16665390104238548e-01
2.16665391803833846e-01
2.16665393255689093e-01
2.16665394417058482e-01
2.16665395271409794e-01
2.16665395821556084e-01
2.16665396083918438e-01
2.05554219080178652e-01
2.05554220195200588e-01
2.05554222065619824e-01
2.05554224357559462e-01
2.05554226793836226e-01
2.05554229162517754e-01
2.05554231313605534e-01
2.05554233150385152e-01
2.05554234619177684e-01
2.05554235699413251e-01
2.05554236394896284e-01
2.05554236726537609e-01
1.94443055514164326e-01
1.94443056929605146e-01
1.94443059302787519e-01
1.94443062208897843e-01
1.94443065295858308e-01
1.94443068295143129e-01
1.94443071017256663e-01
1.94443073340438005e-01
1.94443075197426707e-01
1.94443076562748285e-01
1.94443077441595003e-01
1.94443077860624036e-01
1.83331891317056350e-01
1.83331893115045635e-01
1.83331896127680777e-01
1.83331899813749699e-01
1.83331903725714979e-01
1.83331907523335141e-01
1.83331910967402784e-01
1.83331913904875521e-01
1.83331916251710109e-01
1.83331917976542108e-01
1.83331919086524520e-01
1.83331919615683098e-01
1.72220726318292827e-01
1.72220728604164736e-01
1.72220732431059370e-01
1.72220737108342098e-01
1.72220742066613641e-01
1.72220746874785030e-01
1.72220751231215052e-01
1.72220754943952892e-01
1.72220757908359612e-01
1.72220760086105346e-01
1.72220761487129836e-01
1.72220762154923185e-01
1.61109560300349508e-01
1.61109563209687195e-01
1.61109568074991716e-01
1.61109574013091061e-01
1.61109580298744698e-01
1.61109586385845355e-01
1.61109591894581683e-01
1.61109596584879555e-01
1.61109600327048186e-01
1.61109603074688551e-01
1.61109604841718157e-01
1.61109605683799673e-01
1.49998392985250029e-01
1.49998396693399400e-01
1.49998402885521021e-01
1.49998410429157319e-01
1.49998418399355932e-01
1.49998426104560351e-01
1.49998433067517090e-01
1.49998438989083493e-01
1.49998443709455698e-01
1.49998447173146171e-01
1.49998449399754291e-01
1.49998450460607446e-01
1.38887224016838950e-01
1.38887228751979230e-01
1.38887236643632200e-01
1.38887246234594419e-01
1.38887256343382309e-01
1.38887266094894740e-01
1.38887274891193707e-01
1.38887282361400161e-01
1.38887288310084456e-01
1.38887292671918711e-01
1.38887295474589917e-01
1.38887296809567795e-01
1.27776052937226825e-01
1.27776058998722936e-01
1.27776069074287513e-01
1.27776081280350284e-01
1.27776094105104460e-01
1.27776106442674675e-01
1.27776117547082818e-01
1.27776126961636954e-01
1.27776134449672507e-01
1.27776139935808386e-01
1.27776143459135155e-01
1.27776145136935332e-01
1.16664879155050347e-01
1.16664886939919041e-01
1.16664899833442845e-01
1.16664915386721815e-01
1.16664931661638105e-01
1.16664947263972724e-01
1.16664961268786241e-01
1.16664973118996540e-01
1.16664982531677633e-01
1.16664989422073984e-01
1.16664993845069384e-01
1.16664995950769665e-01
1.05553701901932015e-01
1.05553711944264147e-01
1.05553728493348598e-01
1.05553748341488410e-01
1.05553768999579606e-01
1.05553788716951077e-01
1.05553806357212412e-01
1.05553821249795093e-01
1.05553833062245556e-01
1.05553841702389087e-01
1.05553847246311769e-01
1.05553849885204332e-01
9.44425201713643553e-02
9.44425332033282106e-02
9.44425545273159528e-02
9.44425799021182538e-02
9.44426061269773576e-02
9.44426310185290940e-02
9.44426531996873236e-02
9.44426718786446628e-02
9.44426866738481557e-02
9.44426974891788562e-02
9.44427044276735517e-02
9.44427077304044044e-02
8.33313326303972979e-02
8.33313496808409798e-02
8.33313772970684097e-02
8.33314098065330300e-02
8.33314430940939321e-02
8.33314744675874020e-02
8.33315022932342858e-02
8.33315256625814516e-02
8.33315441521602362e-02
8.33315576666535524e-02
8.33315663399786799e-02
8.33315704701293181e-02
7.22201374873571583e-02
7.22201600491788193e-02
7.22201960499321977e-02
7.22202378005753071e-02
7.22202800282933655e-02
7.22203194766378592e-02
7.22203542712864938e-02
7.22203834160678876e-02
7.22204064643674204e-02
7.22204233263996770e-02
7.22204341637417840e-02
7.22204393305447279e-02
6.11089322849480629e-02
6.11089626147011747e-02
6.11090099415945304e-02
6.11090636963999567e-02
6.11091171909130815e-02
6.11091666136407280e-02
6.11092099309402809e-02
6.11092461315817861e-02
6.11092747840218248e-02
6.11092958060625163e-02
6.11093093650949618e-02
6.11093158478811932e-02
4.99977135597683003e-02
4.99977552450668675e-02
4.99978181173976188e-02
4.99978874855715252e-02
4.99979550666396488e-02
4.99980166542496815e-02
4.99980702538534647e-02
4.99981149844773848e-02
4.99981505009134963e-02
4.99981767258532578e-02
4.99981937707101864e-02
4.99982019723056101e-02
3.88864762488445939e-02
3.88865353476573819e-02
3.88866199189818532e-02
3.88867095433146695e-02
3.88867944967269050e-02
3.88868706412133919e-02
3.88869364076659396e-02
3.88869913004810525e-02
3.88870351901536987e-02
3.88870680060428367e-02
3.88870896727898790e-02
3.88871002509543415e-02
2.77752125882026919e-02
2.77753000561368271e-02
2.77754153447605755e-02
2.77755309706503792e-02
2.77756368613987156e-02
2.77757299409024210e-02
2.77758097077085014e-02
2.77758764495878233e-02
2.77759304850897365e-02
2.77759718119211969e-02
2.77759999721489820e-02
2.77760142057189123e-02
1.66639099292148658e-02
1.66640471032541843e-02
1.66642059873791486e-02
1.66643541076330268e-02
1.66644842926917530e-02
1.66645962761169178e-02
1.66646915176759496e-02
1.66647716199319965e-02
1.66648377454858450e-02
1.66648902584307056e-02
1.66649282952266234e-02
1.66649492536355137e-02
5.55254610996085574e-03
5.55277781807491863e-03
5.55299673723867390e-03
5.55318315150477113e-03
5.55333983863934635e-03
5.55347170238685434e-03
5.55358309090894179e-03
5.55367745593504311e-03
5.55375735906194629e-03
5.55382438473037924e-03
5.55387850484713799e-03
5.55391536045838231e-03
