cell_id,x,y,velocity_x,velocity_y,velocity_magnitude,pressure
0,6.25000000000000035e-03,6.25000000000000035e-03,-8.89408955569661762e-05,-9.19736496536982772e-05,1.27943874933880274e-04,0.00000000000000000e+00
1,1.87500000000000028e-02,6.25000000000000035e-03,-6.66345036441986518e-05,-4.35230701078792559e-05,7.95890363525284634e-05,1.39162872655935609e-03
2,3.12500000000000000e-02,6.25000000000000035e-03,1.79873539338609171e-05,-5.25417289618337099e-05,5.55353777680567953e-05,5.83444138497779563e-04
3,4.37500000000000042e-02,6.25000000000000035e-03,5.27793266591107215e-05,-2.42860467637531762e-05,5.80987899185544273e-05,1.26146222140082831e-03
4,5.62500000000000014e-02,6.25000000000000035e-03,4.64951991567897277e-05,-2.14992032456428079e-05,5.12251821356156630e-05,3.09610195479294954e-04
5,6.87500000000000056e-02,6.25000000000000035e-03,4.33170919460421010e-05,-1.00177841043855355e-05,4.44603919576058758e-05,9.39247555555134815e-04
6,8.12500000000000028e-02,6.25000000000000035e-03,-2.46676124381300386e-05,-7.47017849528720313e-06,2.57739145290202097e-05,-2.40689746308006807e-04
7,9.37500000000000000e-02,6.25000000000000035e-03,-6.87466420978696612e-05,-1.95948015513355735e-06,6.87745618830897952e-05,5.57002991102181029e-04
8,1.06250000000000011e-01,6.25000000000000035e-03,-1.84247174166983610e-04,4.87384829913323627e-09,1.84247174231447019e-04,-8.66739532969473293e-04
9,1.18750000000000008e-01,6.25000000000000035e-03,-2.64933782813391169e-04,2.94624888484809442e-06,2.64950164480614366e-04,1.88804745534079449e-04
10,1.31250000000000006e-01,6.25000000000000035e-03,-4.17589170579589031e-04,4.40496683330140782e-06,4.17612402974518431e-04,-1.47805301222165685e-03
11,1.43750000000000017e-01,6.25000000000000035e-03,-5.28440248545943405e-04,5.91965366136038349e-06,5.28473403855642403e-04,-1.21214413269406213e-04
12,1.56250000000000000e-01,6.25000000000000035e-03,-7.09069088122538452e-04,6.99126686053656905e-06,7.09103553469620819e-04,-2.02584627031191606e-03
13,1.68750000000000011e-01,6.25000000000000035e-03,-8.43299049927649083e-04,7.60141526689276667e-06,8.43333308439157608e-04,-3.47562643804914969e-04
14,1.81250000000000022e-01,6.25000000000000035e-03,-1.04372703407131840e-03,8.41403612719872887e-06,1.04376094851994783e-03,-2.48253478446350826e-03
15,1.93750000000000006e-01,6.25000000000000035e-03,-1.19501997682054640e-03,8.42296331593669529e-06,1.19504966060461301e-03,-4.76827645327194331e-04
16,2.06250000000000017e-01,6.25000000000000035e-03,-1.40814098727114092e-03,9.08514190808930738e-06,1.40817029504120461e-03,-2.83273169212916497e-03
17,2.18750000000000000e-01,6.25000000000000035e-03,-1.57091837368866501e-03,8.68685440634265086e-06,1.57094239176111018e-03,-5.02995006021110806e-04
18,2.31250000000000011e-01,6.25000000000000035e-03,-1.79062776703396622e-03,9.27631947340594503e-06,1.79065179478759087e-03,-3.06809660074520724e-03
19,2.43750000000000022e-01,6.25000000000000035e-03,-1.96003271312117106e-03,8.59598888793848156e-06,1.96005156246719693e-03,-4.24177309954519978e-04
20,2.56250000000000033e-01,6.25000000000000035e-03,-2.18105415550300845e-03,9.15944897975116389e-06,2.18107338820649381e-03,-3.18416908547685621e-03
21,2.68749999999999989e-01,6.25000000000000035e-03,-2.35280496925266208e-03,8.27422289078031654e-06,2.35281951838734685e-03,-2.40513464263225905e-04
22,2.81250000000000000e-01,6.25000000000000035e-03,-2.57047233295562214e-03,8.83166872723581845e-06,2.57048750490307312e-03,-3.17850825472305041e-03
23,2.93750000000000011e-01,6.25000000000000035e-03,-2.74067321497898546e-03,7.78422330001951243e-06,2.74068426956401408e-03,4.69968021022229608e-05
24,3.06250000000000022e-01,6.25000000000000035e-03,-2.95071555384340302e-03,8.33470903280306998e-06,2.95072732509597379e-03,-3.04976546897447196e-03
25,3.18750000000000033e-01,6.25000000000000035e-03,-3.11567606546466359e-03,7.14337403454809270e-06,3.11568425433354258e-03,4.36941339345734716e-04
26,3.31250000000000044e-01,6.25000000000000035e-03,-3.31403715871788533e-03,7.67101010060887832e-06,3.31404603675912674e-03,-2.79742864692365204e-03
27,3.43750000000000000e-01,6.25000000000000035e-03,-3.47013028664043500e-03,6.33786271290120088e-06,3.47013607438714051e-03,9.27420158901335213e-04
28,3.56250000000000011e-01,6.25000000000000035e-03,-3.65284105403402290e-03,6.81745172443723857e-06,3.65284741587770237e-03,-2.42203306298909319e-03
29,3.68750000000000022e-01,6.25000000000000035e-03,-3.79641550930678905e-03,5.33495417846402685e-06,3.79641925780612550e-03,1.51561436516037327e-03
30,3.81250000000000033e-01,6.25000000000000035e-03,-3.95952775532456072e-03,5.73700321666334549e-06,3.95953191152583883e-03,-1.92567058076000019e-03
31,3.93750000000000044e-01,6.25000000000000035e-03,-4.08688048084752432e-03,4.09345386291852040e-06,4.08688253086591895e-03,2.19714389775587131e-03
32,4.06250000000000000e-01,6.25000000000000035e-03,-4.22646327650610075e-03,4.38843131426778700e-06,4.22646555480866125e-03,-1.31265781234718719e-03
33,4.18750000000000011e-01,6.25000000000000035e-03,-4.33387145334434860e-03,2.57234069584658852e-06,4.33387221674217272e-03,2.96533652378262779e-03
34,4.31250000000000022e-01,6.25000000000000035e-03,-4.44606630181636382e-03,2.73402807097831455e-06,4.44606714243684503e-03,-5.90247908499327107e-04
35,4.43750000000000033e-01,6.25000000000000035e-03,-4.52987333191628722e-03,7.37302126667047446e-07,4.52987339191955694e-03,3.81050921258500310e-03
36,4.56250000000000044e-01,6.25000000000000035e-03,-4.61100026768570398e-03,7.44783565190110236e-07,4.61100032783561941e-03,2.30705177270543237e-04
37,4.68750000000000000e-01,6.25000000000000035e-03,-4.66774619933780100e-03,-1.43586915878276159e-06,4.66774642018530448e-03,4.71933696075983126e-03
38,4.81250000000000011e-01,6.25000000000000035e-03,-4.71444966560530775e-03,-1.59854358535518934e-06,4.71444993661695316e-03,1.13518476898947975e-03
39,4.93750000000000022e-01,6.25000000000000035e-03,-4.74103399073666585e-03,-3.96160654616219933e-06,4.74103564589498355e-03,5.67433465810484716e-03
40,5.06249999999999978e-01,6.25000000000000035e-03,-4.75046215594521638e-03,-4.30404996030264293e-06,4.75046410573890486e-03,2.10352495123077845e-03
41,5.18750000000000044e-01,6.25000000000000035e-03,-4.74434939212118201e-03,-6.82220468162553809e-06,4.74435429716176926e-03,6.65338012951954393e-03
42,5.31250000000000000e-01,6.25000000000000035e-03,-4.71445197849716408e-03,-7.28423507196814375e-06,4.71445760587964249e-03,3.11051918405283283e-03
43,5.43750000000000067e-01,6.25000000000000035e-03,-4.67411893162111240e-03,-9.88633092023218702e-06,4.67412938700652054e-03,7.62885136014209049e-03
44,5.56250000000000022e-01,6.25000000000000035e-03,-4.60397678194262531e-03,-1.04438952821181633e-05,4.60398862765922130e-03,4.12723143504470716e-03
45,5.68749999999999978e-01,6.25000000000000035e-03,-4.52894832585456954e-03,-1.30898921449468711e-05,4.52896724248887366e-03,8.57136281284463612e-03
46,5.81250000000000044e-01,6.25000000000000035e-03,-4.41882275311782351e-03,-1.37010791673047950e-05,4.41884399396970471e-03,5.12257615899390593e-03
47,5.93750000000000000e-01,6.25000000000000035e-03,-4.30988383560345061e-03,-1.63249294874750772e-05,4.30991475318464809e-03,9.44954397804651999e-03
48,6.06250000000000067e-01,6.25000000000000035e-03,-4.16144756138189017e-03,-1.69275225778442710e-05,4.16148198928601668e-03,6.06375624269361608e-03
49,6.18750000000000022e-01,6.25000000000000035e-03,-4.02083617529828356e-03,-1.94460864928424731e-05,4.02088319885907878e-03,1.02312409769132820e-02
50,6.31250000000000089e-01,6.25000000000000035e-03,-3.83732856216524761e-03,-1.99651840010685315e-05,3.83738050010438807e-03,6.91780385533161037e-03
51,6.43750000000000044e-01,6.25000000000000035e-03,-3.66884215725228092e-03,-2.22855621869219111e-05,3.66890984096278350e-03,1.08853170144871374e-02
52,6.56250000000000000e-01,6.25000000000000035e-03,-3.45512771087497662e-03,-2.26401723815052731e-05,3.45520188641150472e-03,7.65354999505791795e-03
53,6.68750000000000067e-01,6.25000000000000035e-03,-3.26412653911861651e-03,-2.46663639744551022e-05,3.26421973722514558e-03,1.13837585139196715e-02
54,6.81250000000000022e-01,6.25000000000000035e-03,-3.02664321964554121e-03,-2.47762334533980226e-05,3.02674462761073817e-03,8.24380412504650481e-03
55,6.93750000000000089e-01,6.25000000000000035e-03,-2.81993773516402363e-03,-2.64162507312699807e-05,2.82006146183105388e-03,1.17038935272444720e-02
56,7.06250000000000044e-01,6.25000000000000035e-03,-2.56652493291192408e-03,-2.62091358425519687e-05,2.56665875216402104e-03,8.66754923719194152e-03
57,7.18750000000000000e-01,6.25000000000000035e-03,-2.35214086221786434e-03,-2.73823042636628519e-05,2.35230024152993395e-03,1.18305240482796045e-02
58,7.31250000000000067e-01,6.25000000000000035e-03,-2.09174556658411502e-03,-2.68010193407273599e-05,2.09191725695879321e-03,8.91194881926248364e-03
59,7.43750000000000022e-01,6.25000000000000035e-03,-1.87857081066036195e-03,-2.74445483031262265e-05,1.87877127237370020e-03,1.17577684596757524e-02
60,7.56250000000000089e-01,6.25000000000000035e-03,-1.62084226506132266e-03,-2.64527323848844792e-05,1.62105810977267108e-03,8.97396764951550498e-03
61,7.68750000000000044e-01,6.25000000000000035e-03,-1.41817200482102887e-03,-2.65263900475780507e-05,1.41842006635095673e-03,1.14904307500347819e-02
62,7.81250000000000000e-01,6.25000000000000035e-03,-1.17296723408379512e-03,-2.51118368949675014e-05,1.17323601060759643e-03,8.86144546930314747e-03
63,7.93750000000000067e-01,6.25000000000000035e-03,-9.89974509290616859e-04,-2.45996031194042345e-05,9.90280096497364636e-04,1.10447693297299910e-02
64,8.06250000000000022e-01,6.25000000000000035e-03,-7.66806086799729490e-04,-2.27742143406554260e-05,7.67144210427184560e-04,8.59353703315423115e-03
65,8.18750000000000089e-01,6.25000000000000035e-03,-6.11970752221257380e-04,-2.16822008671089737e-05,6.12354733311250982e-04,1.04486317439996639e-02
66,8.31250000000000044e-01,6.25000000000000035e-03,-4.19429383652543462e-04,-1.94782881468933143e-05,4.19881425619526426e-04,8.20054177718367548e-03
67,8.43750000000000000e-01,6.25000000000000035e-03,-2.99953288917352220e-04,-1.78292844109087322e-05,3.00482709843580915e-04,9.74104624045812884e-03
68,8.56250000000000067e-01,6.25000000000000035e-03,-1.45124398059814414e-04,-1.52935266554574249e-05,1.45928005776083472e-04,7.72328213934875881e-03
69,8.68750000000000022e-01,6.25000000000000035e-03,-6.63364081607110636e-05,-1.31213910256679899e-05,6.76216677560745647e-05,8.97150191934862479e-03
70,8.81250000000000089e-01,6.25000000000000035e-03,4.58108218012096669e-05,-1.03123890916780110e-05,4.69571800993239612e-05,7.21233263897657750e-03
71,8.93750000000000044e-01,6.25000000000000035e-03,8.11178917570808876e-05,-7.67004667717966676e-06,8.14797028660733778e-05,8.19927338612031452e-03
72,9.06250000000000000e-01,6.25000000000000035e-03,1.48493203508349769e-04,-4.68803809340968427e-06,1.48567187458528141e-04,6.72750809918833039e-03
73,9.18750000000000067e-01,6.25000000000000035e-03,1.41016399832325824e-04,-1.73382967458403503e-06,1.41027058350555023e-04,7.49305560741355368e-03
74,9.31250000000000022e-01,6.25000000000000035e-03,1.65764400472633944e-04,1.10670073911486101e-06,1.65768094790818291e-04,6.33766535520207536e-03
75,9.43750000000000089e-01,6.25000000000000035e-03,1.21623189523787368e-04,3.68985413654482905e-06,1.21679148803268994e-04,6.93001328601440970e-03
76,9.56250000000000044e-01,6.25000000000000035e-03,1.13371943753553723e-04,5.11537204816886577e-06,1.13487288546559862e-04,6.11833639975344762e-03
77,9.68750000000000000e-01,6.25000000000000035e-03,4.89971157617117656e-05,4.62802435520294309e-06,4.92152005217791965e-05,6.58615744037632529e-03
78,9.81250000000000067e-01,6.25000000000000035e-03,3.34966581680979836e-05,1.07304048217342452e-06,3.35138407871552127e-05,6.13096290416998476e-03
79,9.93750000000000022e-01,6.25000000000000035e-03,-1.44415047862490700e-05,-5.47252559160114086e-06,1.54436264148672103e-05,6.47762168498708293e-03
80,6.25000000000000035e-03,1.87500000000000028e-02,-3.21077948705338439e-05,-1.24436242469759859e-04,1.28511824091953305e-04,1.22841592561740310e-03
81,1.87500000000000028e-02,1.87500000000000028e-02,2.68006671580858980e-05,-6.34540860436814090e-05,6.88817595286112628e-05,1.46844284664949263e-03
82,3.12500000000000000e-02,1.87500000000000028e-02,3.03486286147193682e-05,-6.66620250094878276e-05,7.32452376414995582e-05,9.63986619351491652e-04
83,4.37500000000000042e-02,1.87500000000000028e-02,6.07594157728117809e-05,-4.39079832257042588e-06,6.09178603938360314e-05,1.41941783657108852e-03
84,5.62500000000000014e-02,1.87500000000000028e-02,-1.38577147185806391e-05,3.13138595893032234e-05,3.42431607711695340e-05,6.37071856016923591e-04
85,6.87500000000000056e-02,1.87500000000000028e-02,-7.94200734911705553e-05,8.08937859959044293e-05,1.13363806773123654e-04,1.27282706935083630e-03
86,8.12500000000000028e-02,1.87500000000000028e-02,-2.71085384337663811e-04,1.20005506232727518e-04,2.96460127382540460e-04,2.22149894114853381e-04
87,9.37500000000000000e-02,1.87500000000000028e-02,-4.46142680512152500e-04,1.61140069110314306e-04,4.74351571355514142e-04,1.08294384923014633e-03
88,1.06250000000000011e-01,1.87500000000000028e-02,-7.51406483437651275e-04,1.96765317326859807e-04,7.76742102280336731e-04,-2.34795324880513189e-04
89,1.18750000000000008e-01,1.87500000000000028e-02,-1.02735001606345830e-03,2.29888864913845682e-04,1.05275683123737772e-03,8.92600335143176353e-04
90,1.31250000000000006e-01,1.87500000000000028e-02,-1.42937252424059336e-03,2.59791363607726116e-04,1.45278951182168433e-03,-6.88877251313857160e-04
91,1.43750000000000017e-01,1.87500000000000028e-02,-1.78968083765575561e-03,2.84949418156624560e-04,1.81222340553807162e-03,7.32725561749069721e-04
92,1.56250000000000000e-01,1.87500000000000028e-02,-2.26798981873506476e-03,3.08659975535307348e-04,2.28889685184443560e-03,-1.10636233471114926e-03
93,1.68750000000000011e-01,1.87500000000000028e-02,-2.69416333361087966e-03,3.26345895684505805e-04,2.71385661224085497e-03,6.24250525329003844e-04
94,1.81250000000000022e-01,1.87500000000000028e-02,-3.22844787777065538e-03,3.44197441079370807e-04,3.24674415036470612e-03,-1.46381253020394075e-03
95,1.93750000000000006e-01,1.87500000000000028e-02,-3.70260191924323516e-03,3.55185168074845649e-04,3.71959910151672696e-03,5.80466230392862200e-04
96,2.06250000000000017e-01,1.87500000000000028e-02,-4.27420166697323797e-03,3.67797032222564138e-04,4.28999703343353571e-03,-1.74555164031401744e-03
97,2.18750000000000000e-01,1.87500000000000028e-02,-4.78005445591153221e-03,3.72904014900169009e-04,4.79457797994863738e-03,6.09268751369539986e-04
98,2.31250000000000011e-01,1.87500000000000028e-02,-5.37235150456912523e-03,3.80909664132277569e-04,5.38583817626147286e-03,-1.94129608139173809e-03
99,2.43750000000000022e-01,1.87500000000000028e-02,-5.89538179100288807e-03,3.80850009698194519e-04,5.90767070778115862e-03,7.15000694689712471e-04
100,2.56250000000000033e-01,1.87500000000000028e-02,-6.49364274983742738e-03,3.84766464607259548e-04,6.50503200567088304e-03,-2.04433659863419550e-03
101,2.68749999999999989e-01,1.87500000000000028e-02,-7.02083646494167275e-03,3.80085198169442340e-04,7.03111722454704841e-03,8.99783764104745000e-04
102,2.81250000000000000e-01,1.87500000000000028e-02,-7.61180879568101355e-03,3.80265907149992405e-04,7.62130141787788467e-03,-2.05030831448027280e-03
103,2.93750000000000011e-01,1.87500000000000028e-02,-8.13124346289457664e-03,3.71328471379074913e-04,8.13971775226404910e-03,1.16434944057484447e-03
104,3.06250000000000022e-01,1.87500000000000028e-02,-8.70268999418420328e-03,3.67966336780461002e-04,8.71046567985188022e-03,-1.95648472181783866e-03
105,3.18750000000000033e-01,1.87500000000000028e-02,-9.20310902479739429e-03,3.54982986744027684e-04,9.20995269494827296e-03,1.50843119840894809e-03
106,3.31250000000000044e-01,1.87500000000000028e-02,-9.74339319230997820e-03,3.48143026498778897e-04,9.74961099053968210e-03,-1.76149949100069770e-03
107,3.43750000000000000e-01,1.87500000000000028e-02,-1.02138613578940472e-02,3.31213542407505807e-04,1.02192302180230468e-02,1.93080550810640619e-03
108,3.56250000000000011e-01,1.87500000000000028e-02,-1.07116487025133381e-02,3.20881560487594453e-04,1.07164538398631017e-02,-1.46539285153228873e-03
109,3.68750000000000022e-01,1.87500000000000028e-02,-1.11413391106047199e-02,3.00049861204019868e-04,1.11453787327617949e-02,2.42907548221760888e-03
110,3.81250000000000033e-01,1.87500000000000028e-02,-1.15854479397663468e-02,2.86187727907773149e-04,1.15889821546433201e-02,-1.06988232824526612e-03
111,3.93750000000000044e-01,1.87500000000000028e-02,-1.19635823965196664e-02,2.61498968177764179e-04,1.19664399663673270e-02,2.99928883783518851e-03
112,4.06250000000000000e-01,1.87500000000000028e-02,-1.23429935700707268e-02,2.44099956704560769e-04,1.23454070430938194e-02,-5.78765056887125835e-04
113,4.18750000000000011e-01,1.87500000000000028e-02,-1.26589384242205595e-02,2.15654835575862562e-04,1.26607752146665545e-02,3.63547529962557304e-03
114,4.31250000000000022e-01,1.87500000000000028e-02,-1.29629582734818484e-02,1.94794350603643779e-04,1.29644217780454287e-02,1.63167005974349979e-06
115,4.43750000000000033e-01,1.87500000000000028e-02,-1.32064643983486694e-02,1.62796753543415781e-04,1.32074677621342364e-02,4.32917961524301870e-03
116,4.56250000000000044e-01,1.87500000000000028e-02,-1.34250243364906052e-02,1.38674896730001188e-04,1.34257405442809036e-02,6.62024135715215639e-04
117,4.68750000000000000e-01,1.87500000000000028e-02,-1.35865921634696959e-02,1.03470150684129505e-04,1.35869861517754834e-02,5.06905504817591751e-03
118,4.81250000000000011e-01,1.87500000000000028e-02,-1.37106647441357261e-02,7.64445485745272364e-05,1.37108778528252200e-02,1.38982966106627006e-03
119,4.93750000000000022e-01,1.87500000000000028e-02,-1.37820178179717031e-02,3.85527326743127804e-05,1.37820717400573035e-02,5.84056754797581540e-03
120,5.06249999999999978e-01,1.87500000000000028e-02,-1.38041429844868481e-02,9.18007726257884060e-06,1.38041460369693284e-02,2.16895296020653454e-03
121,5.18750000000000044e-01,1.87500000000000028e-02,-1.37788304817434010e-02,-3.06065927180946824e-05,1.37788644745544583e-02,6.62584682666387311e-03
122,5.31250000000000000e-01,1.87500000000000028e-02,-1.36938218740587248e-02,-6.13921821963372250e-05,1.36939594901724481e-02,2.97880462839574239e-03
123,5.43750000000000067e-01,1.87500000000000028e-02,-1.35679649220563948e-02,-1.01995768552903923e-04,1.35683482879440966e-02,7.40224486344217072e-03
124,5.56250000000000022e-01,1.87500000000000028e-02,-1.33735282581641385e-02,-1.33188196210737151e-04,1.33741914584592607e-02,3.79620551667843222e-03
125,5.68749999999999978e-01,1.87500000000000028e-02,-1.31463031786526151e-02,-1.73450435484345214e-04,1.31474473689238078e-02,8.14680209037565474e-03
126,5.81250000000000044e-01,1.87500000000000028e-02,-1.28435238110211711e-02,-2.03849253689516828e-04,1.28451414317825845e-02,4.59685166311749830e-03
127,5.93750000000000000e-01,1.87500000000000028e-02,-1.25176834718963275e-02,-2.42407222301453597e-04,1.25200303819124337e-02,8.83530275594805042e-03
128,6.06250000000000067e-01,1.87500000000000028e-02,-1.21115292101211317e-02,-2.70638982652447171e-04,1.21145526234586378e-02,5.35546629874548031e-03
129,6.18750000000000022e-01,1.87500000000000028e-02,-1.16938428193318639e-02,-3.05992013862724547e-04,1.16978455706932289e-02,9.44338834897736137e-03
130,6.31250000000000089e-01,1.87500000000000028e-02,-1.11935152510971945e-02,-3.30589083972800016e-04,1.11983959931316723e-02,6.04706099706456800e-03
131,6.43750000000000044e-01,1.87500000000000028e-02,-1.06950071293303549e-02,-3.61188284306494117e-04,1.07011043576421307e-02,9.94796140472968896e-03
132,6.56250000000000000e-01,1.87500000000000028e-02,-1.01140574621335719e-02,-3.80685204326368344e-04,1.01212192729993166e-02,6.64844286399663819e-03
133,6.68750000000000067e-01,1.87500000000000028e-02,-9.54998222617556465e-03,-4.05037096963842573e-04,9.55856765264472517e-03,1.03287759899570088e-02
134,6.81250000000000022e-01,1.87500000000000028e-02,-8.90614147473067080e-03,-4.18079590901993263e-04,8.91594899672752683e-03,7.13984169158066520e-03
135,6.93750000000000089e-01,1.87500000000000028e-02,-8.29565608579707105e-03,-4.34859437204788003e-04,8.30704596255179249e-03,1.05700773951040664e-02
136,7.06250000000000044e-01,1.87500000000000028e-02,-7.61035031038054602e-03,-4.40319376236373325e-04,7.62307765930522740e-03,7.50651195082033176e-03
137,7.18750000000000000e-01,1.87500000000000028e-02,-6.97586547154617400e-03,-4.48485771488077347e-04,6.99026741722642408e-03,1.06621393246252999e-02
138,7.31250000000000067e-01,1.87500000000000028e-02,-6.27341137045896256e-03,-4.45572211027846926e-04,6.28921496040992737e-03,7.74015528165293305e-03
139,7.43750000000000022e-01,1.87500000000000028e-02,-5.63963173236062005e-03,-4.44472104255497853e-04,5.65711954338161092e-03,1.06025456576039016e-02
140,7.56250000000000089e-01,1.87500000000000028e-02,-4.94613668162156590e-03,-4.32827243601097676e-04,4.96503851909385705e-03,7.84001685316102620e-03
141,7.68750000000000044e-01,1.87500000000000028e-02,-4.33882843126795655e-03,-4.22280454203324720e-04,4.35932941379535161e-03,1.03970826735155664e-02
142,7.81250000000000000e-01,1.87500000000000028e-02,-3.68084711801280537e-03,-4.02050775432821891e-04,3.70273957121066083e-03,7.81353850254153624e-03
143,7.93750000000000067e-01,1.87500000000000028e-02,-3.12539610228028050e-03,-3.82406151989061051e-04,3.14870374300724740e-03,1.00601488714512442e-02
144,8.06250000000000022e-01,1.87500000000000028e-02,-2.52841489389224634e-03,-3.54284044017147903e-04,2.55311555937080218e-03,7.67650224006300157e-03
145,8.18750000000000089e-01,1.87500000000000028e-02,-2.04824843287901206e-03,-3.26446767469196957e-04,2.07409959615791279e-03,9.61464901527475310e-03
146,8.31250000000000044e-01,1.87500000000000028e-02,-1.53506656584987441e-03,-2.91687965538366437e-04,1.56253359350448455e-03,7.45266155535552303e-03
147,8.43750000000000000e-01,1.87500000000000028e-02,-1.14999324503425458e-03,-2.57131030784691001e-04,1.17838908286559282e-03,9.09140416504538793e-03
148,8.56250000000000067e-01,1.87500000000000028e-02,-7.39029265030993667e-04,-2.17570794098150482e-04,7.70390358855009647e-04,7.17291728708679965e-03
149,8.68750000000000022e-01,1.87500000000000028e-02,-4.63481514893927912e-04,-1.78368182247588667e-04,4.96618891189893577e-04,8.52815502503919375e-03
150,8.81250000000000089e-01,1.87500000000000028e-02,-1.66925424517871002e-04,-1.36491813947111837e-04,2.15624935072557071e-04,6.87411623864937760e-03
151,8.93750000000000044e-01,1.87500000000000028e-02,-7.93182949188632210e-06,-9.54622233320737970e-05,9.57911791481402158e-05,7.96821265125491340e-03
152,9.06250000000000000e-01,1.87500000000000028e-02,1.70564657997114913e-04,-5.46661061373860383e-05,1.79110819656146759e-04,6.59749553081448968e-03
153,9.18750000000000067e-01,1.87500000000000028e-02,2.16161502851582672e-04,-1.58798464741669932e-05,2.16744007619813794e-04,7.45859521162437790e-03
154,9.31250000000000022e-01,1.87500000000000028e-02,2.85015993940756368e-04,1.87223773451978923e-05,2.85630257878070827e-04,6.38631942133183108e-03
155,9.43750000000000089e-01,1.87500000000000028e-02,2.35157519903521762e-04,4.84699909336917643e-05,2.40100810469867849e-04,7.04690006466584477e-03
156,9.56250000000000044e-01,1.87500000000000028e-02,2.21003128565537256e-04,6.78356593841641491e-05,2.31179712604371321e-04,6.28169723159226461e-03
157,9.68750000000000000e-01,1.87500000000000028e-02,1.16271746910203769e-04,7.51266741467156363e-05,1.38430980267775577e-04,6.77475629889144962e-03
158,9.81250000000000067e-01,1.87500000000000028e-02,7.39191062226310006e-05,6.25756716257411228e-05,9.68491039925779975e-05,6.31371159853280801e-03
159,9.93750000000000022e-01,1.87500000000000028e-02,-1.17890040586588758e-05,2.45264263774563506e-05,2.72126111856959082e-05,6.66459632687437312e-03
160,6.25000000000000035e-03,3.12500000000000000e-02,-3.93851376891290089e-05,-8.65122542122032367e-05,9.50555584890674693e-05,7.73696680711027083e-04
161,1.87500000000000028e-02,3.12500000000000000e-02,1.03130254100587051e-05,-1.06098265499916323e-04,1.06598313472583840e-04,1.25255471748582327e-03
162,3.12500000000000000e-02,3.12500000000000000e-02,-1.47544688369007695e-05,-8.61982040425003475e-05,8.74518423523003795e-05,6.79548635685463449e-04
163,4.37500000000000042e-02,3.12500000000000000e-02,-3.05806573072466792e-05,1.96500754814031000e-05,3.63497189503316352e-05,1.22557882028089633e-03
164,5.62500000000000014e-02,3.12500000000000000e-02,-1.74848886631483581e-04,1.19118484894782889e-04,2.11568775106105904e-04,3.87801483186510398e-04
165,6.87500000000000056e-02,3.12500000000000000e-02,-3.35374489801359293e-04,2.46795417548643567e-04,4.16394076005568753e-04,1.04249174034517903e-03
166,8.12500000000000028e-02,3.12500000000000000e-02,-6.52693731043130850e-04,3.59830245270284662e-04,7.45309943549846967e-04,-5.76772399297655934e-05
167,9.37500000000000000e-02,3.12500000000000000e-02,-9.78762850211752555e-04,4.77804914535955450e-04,1.08916217952577908e-03,7.93912902178668060e-04
168,1.06250000000000011e-01,3.12500000000000000e-02,-1.46658161812265484e-03,5.81928343351733983e-04,1.57781565444489041e-03,-5.69275112506462859e-04
169,1.18750000000000008e-01,3.12500000000000000e-02,-1.94701249112055473e-03,6.80216994885231361e-04,2.06241431354375589e-03,5.41092721165795120e-04
170,1.31250000000000006e-01,3.12500000000000000e-02,-2.58220305608100132e-03,7.67586793176781965e-04,2.69387492432248592e-03,-1.08177302137811961e-03
171,1.43750000000000017e-01,3.12500000000000000e-02,-3.19289474224628998e-03,8.43707613044232313e-04,3.30248684651018691e-03,3.24054626617793675e-04
172,1.56250000000000000e-01,3.12500000000000000e-02,-3.94579912031113068e-03,9.12455053245208756e-04,4.04992653291893785e-03,-1.55208759849972218e-03
173,1.68750000000000011e-01,3.12500000000000000e-02,-4.65876001433989263e-03,9.67101351508479600e-04,4.75808048432366931e-03,1.67923903997303146e-04
174,1.81250000000000022e-01,3.12500000000000000e-02,-5.49906365988108055e-03,1.01795875304897389e-03,5.59248971016788974e-03,-1.95279094780757985e-03
175,1.93750000000000006e-01,3.12500000000000000e-02,-6.28657245391626117e-03,1.05309576892042797e-03,6.37416691943792999e-03,8.75877991199674371e-05
176,2.06250000000000017e-01,3.12500000000000000e-02,-7.18579356075031879e-03,1.08776244298332161e-03,7.26765823564136729e-03,-2.26681912593594374e-03
177,2.18750000000000000e-01,3.12500000000000000e-02,-8.02211939335590110e-03,1.10563944467867653e-03,8.09795271305570330e-03,9.12194154390621613e-05
178,2.31250000000000011e-01,3.12500000000000000e-02,-8.95442462774367898e-03,1.12594013082887505e-03,9.02493554504149760e-03,-2.48370752091632953e-03
179,2.43750000000000022e-01,3.12500000000000000e-02,-9.81625010725382073e-03,1.12858097932190646e-03,9.88091398581365278e-03,1.82856306211511048e-04
180,2.56250000000000033e-01,3.12500000000000000e-02,-1.07583947820953530e-02,1.13605471496480248e-03,1.08182105083424168e-02,-2.59704268427471711e-03
181,2.68749999999999989e-01,3.12500000000000000e-02,-1.16245723699668225e-02,1.12503289985581290e-03,1.16788861545249287e-02,3.64148021358837940e-04
182,2.81250000000000000e-01,3.12500000000000000e-02,-1.25554232008969237e-02,1.12077514280325388e-03,1.26053476221144496e-02,-2.60285834574347117e-03
183,2.93750000000000011e-01,3.12500000000000000e-02,-1.34064474556646746e-02,1.09716543786812456e-03,1.34512677982244564e-02,6.35396663042385847e-04
184,3.06250000000000022e-01,3.12500000000000000e-02,-1.43063742607067168e-02,1.08182380706788451e-03,1.43472187979744193e-02,-2.49876152570142548e-03
185,3.18750000000000033e-01,3.12500000000000000e-02,-1.51238093333007102e-02,1.04626303747891404e-03,1.51599563024973211e-02,9.96025496980903905e-04
186,3.31250000000000044e-01,3.12500000000000000e-02,-1.59741258984897466e-02,1.02012457136582257e-03,1.60066658727514265e-02,-2.28361111909529705e-03
187,3.43750000000000000e-01,3.12500000000000000e-02,-1.67401351203854236e-02,9.72935869606727849e-04,1.67683847777634447e-02,1.44461066052773692e-03
188,3.56250000000000011e-01,3.12500000000000000e-02,-1.75226969815467162e-02,9.36064266576236144e-04,1.75476814940968007e-02,-1.95759628548642078e-03
189,3.68750000000000022e-01,3.12500000000000000e-02,-1.82197576185162656e-02,8.77412765524360531e-04,1.82408722609031654e-02,1.97860329085774349e-03
190,3.81250000000000033e-01,3.12500000000000000e-02,-1.89167729975456278e-02,8.29806896020321297e-04,1.89349644870370516e-02,-1.52258202035761422e-03
191,3.93750000000000044e-01,3.12500000000000000e-02,-1.95276142266202629e-02,7.59864186140062525e-04,1.95423926622376593e-02,2.59385775909880484e-03
192,4.06250000000000000e-01,3.12500000000000000e-02,-2.01216876166386040e-02,7.01617953864520872e-04,2.01339161688622419e-02,-9.82606861285710087e-04
193,4.18750000000000011e-01,3.12500000000000000e-02,-2.06294582045729279e-02,6.20719464608052380e-04,2.06387945013260070e-02,3.28406853616195534e-03
194,4.31250000000000022e-01,3.12500000000000000e-02,-2.11038605284107894e-02,5.52169428365971850e-04,2.11110828779633407e-02,-3.44433654712128967e-04
195,4.43750000000000033e-01,3.12500000000000000e-02,-2.14925114856474204e-02,4.60954166641035299e-04,2.14974540051707068e-02,4.04020455628797352e-03
196,4.56250000000000044e-01,3.12500000000000000e-02,-2.18316544901922052e-02,3.82806720834691762e-04,2.18350103907611094e-02,3.81930644030170391e-04
197,4.68750000000000000e-01,3.12500000000000000e-02,-2.20865104194036196e-02,2.82334983638927821e-04,2.20883149096849640e-02,4.85001575212978212e-03
198,4.81250000000000011e-01,3.12500000000000000e-02,-2.22765972026277848e-02,1.95774688766381074e-04,2.22774574549450231e-02,1.18281622822674366e-03
199,4.93750000000000022e-01,3.12500000000000000e-02,-2.23850923050252747e-02,8.76381123297005307e-05,2.23852638569044908e-02,5.69767389095572098e-03
200,5.06249999999999978e-01,3.12500000000000000e-02,-2.24149270030751489e-02,-5.54183185530960586e-06,2.24149276881521024e-02,2.04064127155351984e-03
201,5.18750000000000044e-01,3.12500000000000000e-02,-2.23675050980509070e-02,-1.19019331510095207e-04,2.23678217516280857e-02,6.56352434356905021e-03
202,5.31250000000000000e-01,3.12500000000000000e-02,-2.22294587353635623e-02,-2.16209724350745078e-04,2.22305101676082834e-02,2.93253121932969020e-03
203,5.43750000000000067e-01,3.12500000000000000e-02,-2.20204917092452560e-02,-3.32042021077602232e-04,2.20229949602841341e-02,7.42227711248792752e-03
204,5.56250000000000022e-01,3.12500000000000000e-02,-2.17113568485161508e-02,-4.30186412968084362e-04,2.17156182632111949e-02,3.83268466444178398e-03
205,5.68749999999999978e-01,3.12500000000000000e-02,-2.13400407505281026e-02,-5.44931165908684487e-04,2.13469971942139604e-02,8.24830227158969420e-03
206,5.81250000000000044e-01,3.12500000000000000e-02,-2.08619157692308023e-02,-6.40433609281866861e-04,2.08717436926189430e-02,4.71388358339617109e-03
207,5.93750000000000000e-01,3.12500000000000000e-02,-2.03330571424515591e-02,-7.50119988802285648e-04,2.03468890191056268e-02,9.01426530751131723e-03
208,6.06250000000000067e-01,3.12500000000000000e-02,-1.96940573293493230e-02,-8.38924029659153503e-04,1.97119174008830861e-02,5.54757892612254850e-03
209,6.18750000000000022e-01,3.12500000000000000e-02,-1.90186881592087700e-02,-9.39213270346085085e-04,1.90418649523732865e-02,9.69242612390819845e-03
210,6.31250000000000089e-01,3.12500000000000000e-02,-1.82334287888587486e-02,-1.01701044934595481e-03,1.82617697842367352e-02,6.30533646493107707e-03
211,6.43750000000000044e-01,3.12500000000000000e-02,-1.74291266338833448e-02,-1.10343879984204155e-03,1.74640210835001752e-02,1.02562391353153426e-02
212,6.56250000000000000e-01,3.12500000000000000e-02,-1.65188613842955911e-02,-1.16593870263160464e-03,1.65599575631058399e-02,6.96056205421475335e-03
213,6.68750000000000067e-01,3.12500000000000000e-02,-1.56096806339918199e-02,-1.23420986761940341e-03,1.56583972197842890e-02,1.06821783141409637e-02
214,6.81250000000000022e-01,3.12500000000000000e-02,-1.46020169599272737e-02,-1.27744996309465454e-03,1.46577889774076858e-02,7.49037846808467932e-03
215,6.93750000000000089e-01,3.12500000000000000e-02,-1.36179696354769442e-02,-1.32375728736478329e-03,1.36821573718702502e-02,1.09516359679427428e-02
216,7.06250000000000044e-01,3.12500000000000000e-02,-1.25461151026352476e-02,-1.34443073466857378e-03,1.26179434999881719e-02,7.87749160010806429e-03
217,7.18750000000000000e-01,3.12500000000000000e-02,-1.15221728193127208e-02,-1.36578425913072826e-03,1.16028372875171416e-02,1.10527226078736673e-02
218,7.31250000000000067e-01,3.12500000000000000e-02,-1.04237024964794374e-02,-1.36155804279491899e-03,1.05122506647725624e-02,8.11186902844797213e-03
219,7.43750000000000022e-01,3.12500000000000000e-02,-9.39832989504838651e-03,-1.35608672741522880e-03,9.49566090529942869e-03,1.09817910457881800e-02
220,7.56250000000000089e-01,3.12500000000000000e-02,-8.31350568400077150e-03,-1.32587994691831792e-03,8.41857080456969581e-03,8.19206044239465664e-03
221,7.68750000000000044e-01,3.12500000000000000e-02,-7.32677668988212724e-03,-1.29307984048976604e-03,7.44000753610378658e-03,1.07445279202017015e-02
222,7.81250000000000000e-01,3.12500000000000000e-02,-6.29648893232236367e-03,-1.23727642221688736e-03,6.41690157473463491e-03,8.12602279668221163e-03
223,7.93750000000000067e-01,3.12500000000000000e-02,-5.38787191847067172e-03,-1.17818465770491276e-03,5.51518656959998788e-03,1.03565039571191266e-02
224,8.06250000000000022e-01,3.12500000000000000e-02,-4.45130066837303839e-03,-1.09876954515918742e-03,4.58490699509025816e-03,7.93137364768115374e-03
225,8.18750000000000089e-01,3.12500000000000000e-02,-3.65721341142229194e-03,-1.01606550822085626e-03,3.79573432337975726e-03,9.84314699405506623e-03
226,8.31250000000000044e-01,3.12500000000000000e-02,-2.84930525629370967e-03,-9.16702922142900050e-04,2.99313960432992434e-03,7.63507580367711342e-03
227,8.43750000000000000e-01,3.12500000000000000e-02,-2.20051638082666232e-03,-8.14777604291862245e-04,2.34651547762678488e-03,9.23918560647887799e-03
228,8.56250000000000067e-01,3.12500000000000000e-02,-1.54932006039331955e-03,-7.00902158291778874e-04,1.70048713168763311e-03,7.27263467275008225e-03
229,8.68750000000000022e-01,3.12500000000000000e-02,-1.06818343577543213e-03,-5.86006889197578985e-04,1.21836773047057935e-03,8.58767653728947748e-03
230,8.81250000000000089e-01,3.12500000000000000e-02,-5.91951200377801765e-04,-4.65091375817298285e-04,7.52805560213490885e-04,6.88692327637757066e-03
231,8.93750000000000044e-01,3.12500000000000000e-02,-2.89263773223365054e-04,-3.45807731626393859e-04,4.50839791668848178e-04,7.93871291487004485e-03
232,9.06250000000000000e-01,3.12500000000000000e-02,7.04063467844914747e-06,-2.28147295868143349e-04,2.28255907149456968e-04,6.52663995013879478e-03
233,9.18750000000000067e-01,3.12500000000000000e-02,1.36113347627425153e-04,-1.16694739488147682e-04,1.79288888742584756e-04,7.34767144412573712e-03
234,9.31250000000000022e-01,3.12500000000000000e-02,2.65662120593887691e-04,-1.73952947837857556e-05,2.66231024861972310e-04,6.24391539662430117e-03
235,9.43750000000000089e-01,3.12500000000000000e-02,2.47618809072694054e-04,6.73343902762470593e-05,2.56610589649868589e-04,6.87192791114062552e-03
236,9.56250000000000044e-01,3.12500000000000000e-02,2.49089736774071250e-04,1.24352312152660184e-04,2.78404731468214720e-04,6.08908646095187526e-03
237,9.68750000000000000e-01,3.12500000000000000e-02,1.41190573855467724e-04,1.51488720940633822e-04,2.07083583892749739e-04,6.56379181191681441e-03
238,9.81250000000000067e-01,3.12500000000000000e-02,8.88115131459600913e-05,1.29332472515492839e-04,1.56889685174793294e-04,6.09858136436606212e-03
239,9.93750000000000022e-01,3.12500000000000000e-02,-8.61641508413989625e-06,5.66045600739463429e-05,5.72566051217428905e-05,6.45748338973682005e-03
240,6.25000000000000035e-03,4.37500000000000042e-02,-1.84037387338131045e-05,-9.52548597426287126e-05,9.70164207955041076e-05,1.48106156272962818e-03
241,1.87500000000000028e-02,4.37500000000000042e-02,9.71848531987496809e-06,-8.81633549795643006e-05,8.86973850694894593e-05,1.62854189824105386e-03
242,3.12500000000000000e-02,4.37500000000000042e-02,-8.59218826065472481e-05,-2.54966151141636632e-05,8.96250371990610887e-05,1.22988785577901019e-03
243,4.37500000000000042e-02,4.37500000000000042e-02,-1.75833256875314499e-04,1.55487860972901016e-04,2.34720704526269981e-04,1.58809610892297003e-03
244,5.62500000000000014e-02,4.37500000000000042e-02,-4.33944140158073588e-04,3.36535003709731526e-04,5.49147817531344534e-04,8.89632645428347279e-04
245,6.87500000000000056e-02,4.37500000000000042e-02,-7.12845144141281955e-04,5.58383929930086030e-04,9.05505832521233509e-04,1.48254868626712080e-03
246,8.12500000000000028e-02,4.37500000000000042e-02,-1.18066546469463868e-03,7.63966752821453759e-04,1.40627740468911864e-03,4.93027126559247722e-04
247,9.37500000000000000e-02,4.37500000000000042e-02,-1.66887759866716991e-03,9.74537352995833665e-04,1.93258259635059994e-03,1.34893580256237127e-03
248,1.06250000000000011e-01,4.37500000000000042e-02,-2.34645121610994314e-03,1.16572579155809668e-03,2.62006677981451103e-03,7.37172193698241985e-05
249,1.18750000000000008e-01,4.37500000000000042e-02,-3.03097919904583499e-03,1.34488805345798069e-03,3.31595518386219000e-03,1.21805845856192731e-03
250,1.31250000000000006e-01,4.37500000000000042e-02,-3.89368938153163971e-03,1.50651638214161139e-03,4.17497408489122136e-03,-3.37145450766193698e-04
251,1.43750000000000017e-01,4.37500000000000042e-02,-4.74550009327560657e-03,1.64779626955161994e-03,5.02344539944717897e-03,1.11331069276248622e-03
252,1.56250000000000000e-01,4.37500000000000042e-02,-5.75855322395274656e-03,1.77549438165414413e-03,6.02605306418571140e-03,-7.14402793230603755e-04
253,1.68750000000000011e-01,4.37500000000000042e-02,-6.74273296581324229e-03,1.87873941403700600e-03,6.99957924693482992e-03,1.05128178020607492e-03
254,1.81250000000000022e-01,4.37500000000000042e-02,-7.86879120319507533e-03,1.97309966112261181e-03,8.11239775110924634e-03,-1.03926373027329443e-03
255,1.93750000000000006e-01,4.37500000000000042e-02,-8.94982600305357576e-03,2.04092795746382881e-03,9.17958454465622395e-03,1.04306568028055035e-03
256,2.06250000000000017e-01,4.37500000000000042e-02,-1.01526864003987118e-02,2.10454826166853399e-03,1.03685179524623007e-02,-1.29828077595793719e-03
257,2.18750000000000000e-01,4.37500000000000042e-02,-1.12968879257276181e-02,2.14043820629184877e-03,1.14978760004360945e-02,1.09570224308211503e-03
258,2.31250000000000011e-01,4.37500000000000042e-02,-1.25429447025945766e-02,2.17635251319728187e-03,1.27303563215663950e-02,-1.48201603146257957e-03
259,2.43750000000000022e-01,4.37500000000000042e-02,-1.37192400218528760e-02,2.18362046779887889e-03,1.38919309357842646e-02,1.21344481161268433e-03
260,2.56250000000000033e-01,4.37500000000000042e-02,-1.49777219807051606e-02,2.19450147668766478e-03,1.51376349692573468e-02,-1.58386731652136563e-03
261,2.68749999999999989e-01,4.37500000000000042e-02,-1.61575542054876141e-02,2.17581864842883574e-03,1.63033967225888581e-02,1.39871542706301302e-03
262,2.81250000000000000e-01,4.37500000000000042e-02,-1.74001434476069167e-02,2.16364655654123581e-03,1.75341483516859367e-02,-1.59921861556596226e-03
263,2.93750000000000011e-01,4.37500000000000042e-02,-1.85569623758394635e-02,2.12089741715226418e-03,1.86777690978447569e-02,1.65271155641439184e-03
264,3.06250000000000022e-01,4.37500000000000042e-02,-1.97571815635564363e-02,2.08691824262524509e-03,1.98670946815767795e-02,-1.52493991226002371e-03
265,3.18750000000000033e-01,4.37500000000000042e-02,-2.08658352744198784e-02,2.02127403364652262e-03,2.09635071116051237e-02,1.97568686632731624e-03
266,3.31250000000000044e-01,4.37500000000000042e-02,-2.19984508671061604e-02,1.96613443954274424e-03,2.20861387568501849e-02,-1.35920000478147673e-03
267,3.43750000000000000e-01,4.37500000000000042e-02,-2.30346744864591765e-02,1.87825472355587927e-03,2.31111243669297334e-02,2.36695882059531279e-03
268,3.56250000000000011e-01,4.37500000000000042e-02,-2.40752666689377053e-02,1.80223594181453295e-03,2.41426286797943937e-02,-1.10153027214063867e-03
269,3.68750000000000022e-01,4.37500000000000042e-02,-2.50153826194585358e-02,1.69253627568706922e-03,2.50725755885274938e-02,2.82470923831875005e-03
270,3.81250000000000033e-01,4.37500000000000042e-02,-2.59401633181236546e-02,1.59583271339319753e-03,2.59892045861366064e-02,-7.53068646849194834e-04
271,3.93750000000000044e-01,4.37500000000000042e-02,-2.67610482144564031e-02,1.46477428564638183e-03,2.68011056720492621e-02,3.34564788650852998e-03
272,4.06250000000000000e-01,4.37500000000000042e-02,-2.75469588505938244e-02,1.34777867834401615e-03,2.75799102478979825e-02,-3.16912245198339040e-04
273,4.18750000000000011e-01,4.37500000000000042e-02,-2.82262901593007716e-02,1.19614907050027367e-03,2.82516234711546847e-02,3.92460829702880216e-03
274,4.31250000000000022e-01,4.37500000000000042e-02,-2.88513761194415311e-02,1.05971831198621146e-03,2.88708314200724035e-02,2.01490321412941669e-04
275,4.43750000000000033e-01,4.37500000000000042e-02,-2.93681433184124902e-02,8.88883246477673809e-04,2.93815921181389515e-02,4.55414207761834552e-03
276,4.56250000000000044e-01,4.37500000000000042e-02,-2.98121799015851445e-02,7.34569783210862939e-04,2.98212283994285475e-02,7.93972555736706755e-04
277,4.68750000000000000e-01,4.37500000000000042e-02,-3.01474283862577484e-02,5.46687373346811168e-04,3.01523847380056539e-02,5.22417513435462135e-03
278,4.81250000000000011e-01,4.37500000000000042e-02,-3.03927621006314652e-02,3.76936830922713581e-04,3.03950994319822296e-02,1.44937374187312641e-03
279,4.93750000000000022e-01,4.37500000000000042e-02,-3.05305322601206637e-02,1.75149909665995782e-04,3.05310346627349731e-02,5.92179040439166828e-03
280,5.06249999999999978e-01,4.37500000000000042e-02,-3.05630972525080917e-02,-6.49322832035288427e-06,3.05630979422617036e-02,2.15342472041024462e-03
281,5.18750000000000044e-01,4.37500000000000042e-02,-3.04915104118694512e-02,-2.17803636805730409e-04,3.04922882975572837e-02,6.63093452302789682e-03
282,5.31250000000000000e-01,4.37500000000000042e-02,-3.03019362495576573e-02,-4.06499193980920139e-04,3.03046627116515428e-02,2.88697500684824285e-03
283,5.43750000000000067e-01,4.37500000000000042e-02,-3.00142716614795642e-02,-6.21811624394449556e-04,3.00207120679261592e-02,7.33041009721957515e-03
284,5.56250000000000022e-01,4.37500000000000042e-02,-2.95989749850457604e-02,-8.11751191664148515e-04,2.96101040214743726e-02,3.62892099517935591e-03
285,5.68749999999999978e-01,4.37500000000000042e-02,-2.90948368910124364e-02,-1.02457988955769060e-03,2.91128716835818910e-02,7.99972806599904412e-03
286,5.81250000000000044e-01,4.37500000000000042e-02,-2.84571595894780212e-02,-1.20897403682156601e-03,2.84828290400151347e-02,4.35745378616465579e-03
287,5.93750000000000000e-01,4.37500000000000042e-02,-2.77434771739012952e-02,-1.41191784219807013e-03,2.77793815210472146e-02,8.61718313549143800e-03
288,6.06250000000000067e-01,4.37500000000000042e-02,-2.68945551074244588e-02,-1.58318878748706700e-03,2.69411132131379405e-02,5.04983316314593263e-03
289,6.18750000000000022e-01,4.37500000000000042e-02,-2.59863078868364204e-02,-1.76822619332452340e-03,2.60463974756628448e-02,9.16095646400342384e-03
290,6.31250000000000089e-01,4.37500000000000042e-02,-2.49456272747228605e-02,-1.91838130176784664e-03,2.50192827025150673e-02,5.68359944884168789e-03
291,6.43750000000000044e-01,4.37500000000000042e-02,-2.38661978448189392e-02,-2.07730476148139604e-03,2.39564311749499437e-02,9.61043286600727145e-03
292,6.56250000000000000e-01,4.37500000000000042e-02,-2.26617233349022951e-02,-2.19842164481040938e-03,2.27681084465975354e-02,6.23797001769643266e-03
293,6.68750000000000067e-01,4.37500000000000042e-02,-2.14427694638426418e-02,-2.32336438507172935e-03,2.15682726323950698e-02,9.94766376395331449e-03
294,6.81250000000000022e-01,4.37500000000000042e-02,-2.01105489137772472e-02,-2.40815025016054719e-03,2.02542184554422022e-02,6.69532727697927550e-03
295,6.93750000000000089e-01,4.37500000000000042e-02,-1.87913174772888943e-02,-2.49216874625958051e-03,1.89558570788053819e-02,1.01588602659401141e-02
296,7.06250000000000044e-01,4.37500000000000042e-02,-1.73745040624934850e-02,-2.53455408745732183e-03,1.75583984417670980e-02,7.04266906772727658e-03
297,7.18750000000000000e-01,4.37500000000000042e-02,-1.60005481838540742e-02,-2.57222170482674121e-03,1.62059824349718960e-02,1.02357762496184633e-02
298,7.31250000000000067e-01,4.37500000000000042e-02,-1.45478228979321264e-02,-2.56793977395110501e-03,1.47727270925932415e-02,7.27287654447891264e-03
299,7.43750000000000022e-01,4.37500000000000042e-02,-1.31691290375165037e-02,-2.55589994272764241e-03,1.34148642976362423e-02,1.01768358846843748e-02
300,7.56250000000000089e-01,4.37500000000000042e-02,-1.17325542348707193e-02,-2.50299979406147077e-03,1.19965760466582555e-02,7.38565897583330893e-03
301,7.68750000000000044e-01,4.37500000000000042e-02,-1.04011338802078319e-02,-2.44042833004586707e-03,1.06835984774839646e-02,9.98787586555839949e-03
302,7.81250000000000000e-01,4.37500000000000042e-02,-9.03351470845891250e-03,-2.33967697961000093e-03,9.33158487915426368e-03,7.38806119924612700e-03
303,7.93750000000000067e-01,4.37500000000000042e-02,-7.80055648241140005e-03,-2.22861864828317142e-03,8.11267049218480397e-03,9.68241010153327378e-03
304,8.06250000000000022e-01,4.37500000000000042e-02,-6.55242002187019380e-03,-2.08377283916454234e-03,6.87577758426239759e-03,7.29446552937088911e-03
305,8.18750000000000089e-01,4.37500000000000042e-02,-5.46511798525457781e-03,-1.92935317039604100e-03,5.79568099957807493e-03,9.28137884855823221e-03
306,8.31250000000000044e-01,4.37500000000000042e-02,-4.38142279426323791e-03,-1.74733026855374918e-03,4.71699361558753846e-03,7.12607737189510388e-03
307,8.43750000000000000e-01,4.37500000000000042e-02,-3.47957622088807634e-03,-1.55790829154311711e-03,3.81241772656519626e-03,8.81240359795813430e-03
308,8.56250000000000067e-01,4.37500000000000042e-02,-2.59621675058162088e-03,-1.34896946489886094e-03,2.92575802711538468e-03,6.90993685844847570e-03
309,8.68750000000000022e-01,4.37500000000000042e-02,-1.90861314081472813e-03,-1.13640518216586535e-03,2.22131061748331252e-03,8.30861491159390689e-03
310,8.81250000000000089e-01,4.37500000000000042e-02,-1.24866224528221185e-03,-9.14602448315962407e-04,1.54779037380995722e-03,6.67752453217284811e-03
311,8.93750000000000044e-01,4.37500000000000042e-02,-7.89089220125203310e-04,-6.94993973673368689e-04,1.05151244441523410e-03,7.80713035048451968e-03
312,9.06250000000000000e-01,4.37500000000000042e-02,-3.58519036580775316e-04,-4.79363564342747566e-04,5.98602811896328216e-04,6.46300150719885964e-03
313,9.18750000000000067e-01,4.37500000000000042e-02,-1.21010894411638064e-04,-2.74909409081298777e-04,3.00364478205618563e-04,7.34722310412763528e-03
314,9.31250000000000022e-01,4.37500000000000042e-02,9.65760636649395769e-05,-9.22362392899673058e-05,1.33545722175480301e-04,6.30099468224000828e-03
315,9.43750000000000089e-01,4.37500000000000042e-02,1.43821831522834940e-04,6.47690059550115924e-05,1.57733139685302159e-04,6.96821843356630003e-03
316,9.56250000000000044e-01,4.37500000000000042e-02,1.93936095104295446e-04,1.74675217764013748e-04,2.61003143056186141e-04,6.22392956333611171e-03
317,9.68750000000000000e-01,4.37500000000000042e-02,1.16530028267388143e-04,2.35268657219978971e-04,2.62546355065329843e-04,6.70771934778835021e-03
318,9.81250000000000067e-01,4.37500000000000042e-02,8.22756931473930467e-05,2.12652414284912903e-04,2.28013900857132408e-04,6.25928095640659009e-03
319,9.93750000000000022e-01,4.37500000000000042e-02,-8.75331377507989236e-06,1.04731483504841413e-04,1.05096641902440786e-04,6.60390834640313135e-03
320,6.25000000000000035e-03,5.62500000000000014e-02,-2.25086305778995094e-05,-7.76874236205574186e-05,8.08824717679442249e-05,1.23735984353806204e-03
321,1.87500000000000028e-02,5.62500000000000014e-02,-2.41139813003244367e-05,-3.87086270341482056e-05,4.56052836963129299e-05,1.39191402484148885e-03
322,3.12500000000000000e-02,5.62500000000000014e-02,-1.88050494805781652e-04,9.96441758072854879e-05,2.12819055464994790e-04,9.72012476005564897e-04
323,4.37500000000000042e-02,5.62500000000000014e-02,-3.65488645068171589e-04,3.67394532352594136e-04,5.18228416893891722e-04,1.34747234451432804e-03
324,5.62500000000000014e-02,5.62500000000000014e-02,-7.38058808471959179e-04,6.56553183051078351e-04,9.87822295221944726e-04,6.17405427597927567e-04
325,6.87500000000000056e-02,5.62500000000000014e-02,-1.14893760527331589e-03,9.93099389163279401e-04,1.51865203966137694e-03,1.21360728951450266e-03
326,8.12500000000000028e-02,5.62500000000000014e-02,-1.77122417936751678e-03,1.31641866268086046e-03,2.20685141979033066e-03,1.87756822399514993e-04
327,9.37500000000000000e-02,5.62500000000000014e-02,-2.43065242228061081e-03,1.64303595793885144e-03,2.93387769973777867e-03,1.03777528041636711e-03
328,1.06250000000000011e-01,5.62500000000000014e-02,-3.29979567674225762e-03,1.94471833105145427e-03,3.83021943175250066e-03,-2.76258188753277260e-04
329,1.18750000000000008e-01,5.62500000000000014e-02,-4.19121793501365473e-03,2.22676626756537765e-03,4.74602947621979767e-03,8.60345690375196454e-04
330,1.31250000000000006e-01,5.62500000000000014e-02,-5.27877876976038177e-03,2.48292573195943705e-03,5.83356027572350024e-03,-7.34818884028648717e-04
331,1.43750000000000017e-01,5.62500000000000014e-02,-6.36844225684098444e-03,2.70775254127593673e-03,6.92018645727874703e-03,7.11052988725145480e-04
332,1.56250000000000000e-01,5.62500000000000014e-02,-7.63427717575001271e-03,2.91063149032636578e-03,8.17030988816563018e-03,-1.15688096997834645e-03
333,1.68750000000000011e-01,5.62500000000000014e-02,-8.88131450780665910e-03,3.07639537904085816e-03,9.39904015922695020e-03,6.10124552705240382e-04
334,1.81250000000000022e-01,5.62500000000000014e-02,-1.02817177641503464e-02,3.22611572146220930e-03,1.07759706212438439e-02,-1.52035341065109375e-03
335,1.93750000000000006e-01,5.62500000000000014e-02,-1.16439535078693250e-02,3.33592769335020823e-03,1.21123931107227200e-02,5.70485441832032031e-04
336,2.06250000000000017e-01,5.62500000000000014e-02,-1.31358959643752254e-02,3.43600267029947701e-03,1.35778450844452649e-02,-1.81018922727976036e-03
337,2.18750000000000000e-01,5.62500000000000014e-02,-1.45727372043308028e-02,3.49472155547333628e-03,1.49859183361173137e-02,5.99934396126753896e-04
338,2.31250000000000011e-01,5.62500000000000014e-02,-1.61157128440144320e-02,3.54957817040070945e-03,1.65019909604422269e-02,-2.01631326293362978e-03
339,2.43750000000000022e-01,5.62500000000000014e-02,-1.75892308627592364e-02,3.56207620130343655e-03,1.79462929098834871e-02,7.02924501866179319e-04
340,2.56250000000000033e-01,5.62500000000000014e-02,-1.91457071278975793e-02,3.57575507134446973e-03,1.94767586050008309e-02,-2.13195544921992303e-03
341,2.68749999999999989e-01,5.62500000000000014e-02,-2.06206847793725875e-02,3.54607411690240504e-03,2.09233668995411314e-02,8.81843416979437409e-04
342,2.81250000000000000e-01,5.62500000000000014e-02,-2.21558142249364369e-02,3.52166168611326097e-03,2.24339520593526687e-02,-2.15250841340332028e-03
343,2.93750000000000011e-01,5.62500000000000014e-02,-2.35992906009490633e-02,3.45273335998469216e-03,2.38505321643604842e-02,1.13780230559858901e-03
344,3.06250000000000022e-01,5.62500000000000014e-02,-2.50803238744645648e-02,3.39225868271503294e-03,2.53086954349388132e-02,-2.07487762243948248e-03
345,3.18750000000000033e-01,5.62500000000000014e-02,-2.64609952839063751e-02,3.28598098822474463e-03,2.66642446446526959e-02,1.47099574711084119e-03
346,3.31250000000000044e-01,5.62500000000000014e-02,-2.78566854653716882e-02,3.19060025503848212e-03,2.80388098018461186e-02,-1.89724215358257650e-03
347,3.43750000000000000e-01,5.62500000000000014e-02,-2.91443954503462568e-02,3.04812843133141047e-03,2.93033594166275495e-02,1.88071725250296522e-03
348,3.56250000000000011e-01,5.62500000000000014e-02,-3.04245746817631869e-02,2.91847379889411231e-03,3.05642312823505673e-02,-1.61913043548505089e-03
349,3.68750000000000022e-01,5.62500000000000014e-02,-3.15900317147121204e-02,2.74062399237510112e-03,3.17086916097794810e-02,2.36512127712779682e-03
350,3.81250000000000033e-01,5.62500000000000014e-02,-3.27254602188045834e-02,2.57722885284942388e-03,3.28267856344863704e-02,-1.24171563211362794e-03
351,3.93750000000000044e-01,5.62500000000000014e-02,-3.37402519498437581e-02,2.36492219522392664e-03,3.38230314819413860e-02,2.92082080853343570e-03
352,4.06250000000000000e-01,5.62500000000000014e-02,-3.47027802879946029e-02,2.16866092150731380e-03,3.47704766994831327e-02,-7.68241002790446929e-04
353,4.18750000000000011e-01,5.62500000000000014e-02,-3.55397027615690433e-02,1.92335750560441998e-03,3.55917093783797225e-02,3.54240433461881776e-03
354,4.31250000000000022e-01,5.62500000000000014e-02,-3.63027462401992324e-02,1.69585769777628168e-03,3.63423350641012971e-02,-2.04492611922757901e-04
355,4.43750000000000033e-01,5.62500000000000014e-02,-3.69364318021347879e-02,1.41994766505728503e-03,3.69637152576043904e-02,4.22195000514187860e-03
356,4.56250000000000044e-01,5.62500000000000014e-02,-3.74757281455454991e-02,1.16395020759313232e-03,3.74937992223325772e-02,4.40757095450907169e-04
357,4.68750000000000000e-01,5.62500000000000014e-02,-3.78835338512935119e-02,8.61086678368527965e-04,3.78933187690094694e-02,4.94861039884724602e-03
358,4.81250000000000011e-01,5.62500000000000014e-02,-3.81781382302689709e-02,5.80749372900050118e-04,3.81825550292754640e-02,1.15540897705399969e-03
359,4.93750000000000022e-01,5.62500000000000014e-02,-3.83412420568248272e-02,2.56133502309804234e-04,3.83420975799582259e-02,5.70834326120999661e-03
360,5.06249999999999978e-01,5.62500000000000014e-02,-3.83746965047480071e-02,-4.26915161855418894e-05,3.83747202517109309e-02,1.92388313119221739e-03
361,5.18750000000000044e-01,5.62500000000000014e-02,-3.82793174683441692e-02,-3.82018197541581590e-04,3.82812236448305254e-02,6.48345465596602416e-03
362,5.31250000000000000e-01,5.62500000000000014e-02,-3.80408681847304447e-02,-6.91586123317075303e-04,3.80471542117672909e-02,2.72497635078710774e-03
363,5.43750000000000067e-01,5.62500000000000014e-02,-3.76794918806225010e-02,-1.03682813750962549e-03,3.76937544026676730e-02,7.25047252528697797e-03
364,5.56250000000000022e-01,5.62500000000000014e-02,-3.71653976810844972e-02,-1.34777960243820816e-03,3.71898278384010447e-02,3.53527904452622613e-03
365,5.68749999999999978e-01,5.62500000000000014e-02,-3.65381496361545308e-02,-1.68854751543494677e-03,3.65771454811047378e-02,7.98647906130215898e-03
366,5.81250000000000044e-01,5.62500000000000014e-02,-3.57529887298834378e-02,-1.98998329273597421e-03,3.58083263588867065e-02,4.33035825644146732e-03
367,5.93750000000000000e-01,5.62500000000000014e-02,-3.48687868071522189e-02,-2.31449081849418150e-03,3.49455170394075906e-02,8.66698613380403882e-03
368,6.06250000000000067e-01,5.62500000000000014e-02,-3.38264494776278554e-02,-2.59432539599830725e-03,3.39257897258535696e-02,5.08455701791143098e-03
369,6.18750000000000022e-01,5.62500000000000014e-02,-3.27038176397483060e-02,-2.88986237412088703e-03,3.28312502466060821e-02,9.26717420865524888e-03
370,6.31250000000000089e-01,5.62500000000000014e-02,-3.14281194697214883e-02,-3.13540497470880331e-03,3.15841330062820586e-02,5.77236314930136638e-03
371,6.43750000000000044e-01,5.62500000000000014e-02,-3.00955638005998595e-02,-3.38900876259234755e-03,3.02857778646826968e-02,9.76338956641949370e-03
372,6.56250000000000000e-01,5.62500000000000014e-02,-2.86203626538902370e-02,-3.58771392757095946e-03,2.88443555945748532e-02,6.37000515508515889e-03
373,6.68750000000000067e-01,5.62500000000000014e-02,-2.71161941715272470e-02,-3.78698524747068986e-03,2.73793579839361617e-02,1.01348233436577648e-02
374,6.81250000000000022e-01,5.62500000000000014e-02,-2.54849055354244985e-02,-3.92732071980995186e-03,2.57857374954791399e-02,6.85716951220162289e-03
375,6.93750000000000089e-01,5.62500000000000014e-02,-2.38564206036338579e-02,-4.06132862550734851e-03,2.41996527706876720e-02,1.03652419738447712e-02
376,7.06250000000000044e-01,5.62500000000000014e-02,-2.21208604800090004e-02,-4.13369984657886800e-03,2.25037761897338047e-02,7.21869220825723662e-03
377,7.18750000000000000e-01,5.62500000000000014e-02,-2.04228298358058932e-02,-4.19390848829657818e-03,2.08490011010237473e-02,1.04446082751458932e-02
378,7.31250000000000067e-01,5.62500000000000014e-02,-1.86413593872830144e-02,-4.19156668588312274e-03,1.91067922762574102e-02,7.44605701533639173e-03
379,7.43750000000000022e-01,5.62500000000000014e-02,-1.69338256489166526e-02,-4.17270658475543763e-03,1.74403535328378281e-02,1.03704238211614740e-02
380,7.56250000000000089e-01,5.62500000000000014e-02,-1.51688235554966744e-02,-4.09256237199692469e-03,1.57112149379504025e-02,7.53853596533215087e-03
381,7.68750000000000044e-01,5.62500000000000014e-02,-1.35142598854477818e-02,-3.99337078658256687e-03,1.40919207523514754e-02,1.01486396571689140e-02
382,7.81250000000000000e-01,5.62500000000000014e-02,-1.18290002102798397e-02,-3.83664637263161044e-03,1.24356383576971138e-02,7.50383658670302715e-03
383,7.93750000000000067e-01,5.62500000000000014e-02,-1.02889304498011563e-02,-3.66042366718900749e-03,1.09206589189555243e-02,9.79402499768644748e-03
384,8.06250000000000022e-01,5.62500000000000014e-02,-8.74398415979038557e-03,-3.43311277607174451e-03,9.39380233557701727e-03,7.35817378276909691e-03
385,8.18750000000000089e-01,5.62500000000000014e-02,-7.37519312563827013e-03,-3.18809325725996368e-03,8.03476273809304586e-03,9.32994693517737693e-03
386,8.31250000000000044e-01,5.62500000000000014e-02,-6.02448413326636852e-03,-2.90126784429876449e-03,6.68668558976270519e-03,7.12575183121862913e-03
387,8.43750000000000000e-01,5.62500000000000014e-02,-4.87493803027233465e-03,-2.60089431361362798e-03,5.52536623488282617e-03,8.78758396522184154e-03
388,8.56250000000000067e-01,5.62500000000000014e-02,-3.76155157778163864e-03,-2.27101237635527397e-03,4.39394668673510035e-03,6.83770324901934734e-03
389,8.68750000000000022e-01,5.62500000000000014e-02,-2.86608524166910962e-03,-1.93434683087970790e-03,3.45776550313173312e-03,8.20464687112867387e-03
390,8.81250000000000089e-01,5.62500000000000014e-02,-2.01783496753763511e-03,-1.58389125303773229e-03,2.56522308146232099e-03,6.53055240343729162e-03
391,8.93750000000000044e-01,5.62500000000000014e-02,-1.39353973333640273e-03,-1.23660648363443557e-03,1.86310187154487515e-03,7.62367553956447026e-03
392,9.06250000000000000e-01,5.62500000000000014e-02,-8.18163081703833484e-04,-8.95634485391360756e-04,1.21307541384918093e-03,6.24420517310735057e-03
393,9.18750000000000067e-01,5.62500000000000014e-02,-4.59263689861056040e-04,-5.72311558623003151e-04,7.33800829216132338e-04,7.08988275170874781e-03
394,9.31250000000000022e-01,5.62500000000000014e-02,-1.39020448755783273e-04,-2.81773112077126199e-04,3.14201801175435791e-04,6.01927130448727966e-03
395,9.43750000000000089e-01,5.62500000000000014e-02,-1.09815831832879909e-05,-3.04103150631748718e-05,3.23323743553274190e-05,6.64835817841014348e-03
396,9.56250000000000044e-01,5.62500000000000014e-02,1.03461870147304963e-04,1.51960108236713919e-04,1.83837518123182903e-04,5.89328202817244844e-03
397,9.68750000000000000e-01,5.62500000000000014e-02,7.08208211634324614e-05,2.62905105864348230e-04,2.72276850649861592e-04,6.34078386077878680e-03
398,9.81250000000000067e-01,5.62500000000000014e-02,6.75981007645481665e-05,2.54783261003437033e-04,2.63598204308222717e-04,5.89617732080582099e-03
399,9.93750000000000022e-01,5.62500000000000014e-02,-9.97974588722506221e-06,1.30052361799934705e-04,1.30434704498897470e-04,6.20437920228710058e-03
400,6.25000000000000035e-03,6.87500000000000056e-02,-2.00669133520904320e-05,-4.84822309606456630e-05,5.24710180042439625e-05,1.91429890699703438e-03
401,1.87500000000000028e-02,6.87500000000000056e-02,-6.14633311373953404e-05,7.73014044848120289e-05,9.87585348708132138e-05,1.89404935666164171e-03
402,3.12500000000000000e-02,6.87500000000000056e-02,-3.04367724303360881e-04,3.16182018759042093e-04,4.38874447403981281e-04,1.58328959537024734e-03
403,4.37500000000000042e-02,6.87500000000000056e-02,-5.81475155184509691e-04,7.05281282996015279e-04,9.14076060424598913e-04,1.82411646614314793e-03
404,5.62500000000000014e-02,6.87500000000000056e-02,-1.08720427363709934e-03,1.12043242334365829e-03,1.56121169221041752e-03,1.19594184370488488e-03
405,6.87500000000000056e-02,6.87500000000000056e-02,-1.64146824820756245e-03,1.59119860924152121e-03,2.28611701886096688e-03,1.72306063399124188e-03
406,8.12500000000000028e-02,6.87500000000000056e-02,-2.43354228670865629e-03,2.04627202862259910e-03,3.17952154833434694e-03,7.82365455625880050e-04
407,9.37500000000000000e-02,6.87500000000000056e-02,-3.27088306045344957e-03,2.50262359227588658e-03,4.11847069186818335e-03,1.61475325510713379e-03
408,1.06250000000000011e-01,6.87500000000000056e-02,-4.33940527546452029e-03,2.92701938636267135e-03,5.23429848526736369e-03,3.67282742444055099e-04
409,1.18750000000000008e-01,6.87500000000000056e-02,-5.43809909869473473e-03,3.32325449702166589e-03,6.37314225945092259e-03,1.51928117428962086e-03
410,1.31250000000000006e-01,6.87500000000000056e-02,-6.75056672608951441e-03,3.68460146751637286e-03,7.69067221365016349e-03,-2.81303511947290699e-05
411,1.43750000000000017e-01,6.87500000000000056e-02,-8.07236859725934779e-03,4.00255087345613176e-03,9.01019135560523349e-03,1.45215771155835643e-03
412,1.56250000000000000e-01,6.87500000000000056e-02,-9.58447350499225421e-03,4.28935481902999877e-03,1.05005093748557921e-02,-3.86632345284020269e-04
413,1.68750000000000011e-01,6.87500000000000056e-02,-1.10835773226140005e-02,4.52531405967334516e-03,1.19718066140846336e-02,1.42455892509880965e-03
414,1.81250000000000022e-01,6.87500000000000056e-02,-1.27467339611103854e-02,4.73684861252043465e-03,1.35984176084300926e-02,-6.94878561192786696e-04
415,1.93750000000000006e-01,6.87500000000000056e-02,-1.43754945330078696e-02,4.89412377699191721e-03,1.51857594677729819e-02,1.44410909563591678e-03
416,2.06250000000000017e-01,6.87500000000000056e-02,-1.61412241280010256e-02,5.03455752283466559e-03,1.69081603316591951e-02,-9.42840888446109778e-04
417,2.18750000000000000e-01,6.87500000000000056e-02,-1.78532468145051505e-02,5.11916263174218462e-03,1.85726747634761512e-02,1.51581814153243784e-03
418,2.31250000000000011e-01,6.87500000000000056e-02,-1.96752922764671205e-02,5.19418064856690467e-03,2.03493645791300720e-02,-1.12302949499331023e-03
419,2.43750000000000022e-01,6.87500000000000056e-02,-2.14267248320773665e-02,5.21241922843808207e-03,2.20516178826532343e-02,1.64292709301494208e-03
420,2.56250000000000033e-01,6.87500000000000056e-02,-2.32617176645003275e-02,5.22739151025021064e-03,2.38418357242969545e-02,-1.22978170202609469e-03
421,2.68749999999999989e-01,6.87500000000000056e-02,-2.50114499499267985e-02,5.18463477147319916e-03,2.55431608520022869e-02,1.82753925698737863e-03
422,2.81250000000000000e-01,6.87500000000000056e-02,-2.68187636185339660e-02,5.14378229493375229e-03,2.73075919539690452e-02,-1.25875043669284822e-03
423,2.93750000000000011e-01,6.87500000000000056e-02,-2.85280681523806603e-02,5.04402884101133511e-03,2.89705522808218104e-02,2.07099591370433220e-03
424,3.06250000000000022e-01,6.87500000000000056e-02,-3.02693174737688232e-02,4.95023825476634000e-03,3.06714270797228926e-02,-1.20663252335392033e-03
425,3.18750000000000033e-01,6.87500000000000056e-02,-3.19013108944164944e-02,4.79617888686388258e-03,3.22598352242694369e-02,2.37400453337196279e-03
426,3.31250000000000044e-01,6.87500000000000056e-02,-3.35398139472312534e-02,4.65122644593402978e-03,3.38607889315391472e-02,-1.07112490552135637e-03
427,3.43750000000000000e-01,6.87500000000000056e-02,-3.50589943266857371e-02,4.44461792365798483e-03,3.53396054262902631e-02,2.73655466700763834e-03
428,3.56250000000000011e-01,6.87500000000000056e-02,-3.65593999916440857e-02,4.24963118418826991e-03,3.68055579084280576e-02,-8.51070480553340388e-04
429,3.68750000000000022e-01,6.87500000000000056e-02,-3.79314157240235386e-02,3.99183619222623180e-03,3.81408842977488879e-02,3.15767017554579145e-03
430,3.81250000000000033e-01,6.87500000000000056e-02,-3.92596119918664499e-02,3.74786927146614776e-03,3.94380990645835303e-02,-5.46743251960932404e-04
431,3.93750000000000044e-01,6.87500000000000056e-02,-4.04513416354847985e-02,3.44045918735264630e-03,4.05973866096149688e-02,3.63505228323503932e-03
432,4.06250000000000000e-01,6.87500000000000056e-02,-4.15746935936954012e-02,3.14909300130241992e-03,4.16937877164033771e-02,-1.60217785804338145e-04
433,4.18750000000000011e-01,6.87500000000000056e-02,-4.25546595035675573e-02,2.79444068557987025e-03,4.26463121994129363e-02,4.16467006335205156e-03
434,4.31250000000000022e-01,6.87500000000000056e-02,-4.34425780612167911e-02,2.45834759376888741e-03,4.35120794894556101e-02,3.04233776973057127e-04
435,4.43750000000000033e-01,6.87500000000000056e-02,-4.41816767193503740e-02,2.06016227589298504e-03,4.42296826388817663e-02,4.74035596879061102e-03
436,4.56250000000000044e-01,6.87500000000000056e-02,-4.48064861404210354e-02,1.68359810932003882e-03,4.48381054778795099e-02,8.39775268834999579e-04
437,4.68750000000000000e-01,6.87500000000000056e-02,-4.52789908732440030e-02,1.24737685806174505e-03,4.52961694133769063e-02,5.35346576920725861e-03
438,4.81250000000000011e-01,6.87500000000000056e-02,-4.56170399515099523e-02,8.36586486115086176e-04,4.56247105293436928e-02,1.43673182307767927e-03
439,4.93750000000000022e-01,6.87500000000000056e-02,-4.58018097497430651e-02,3.69980799998174102e-04,4.58033040526993687e-02,5.99266684176638122e-03
440,5.06249999999999978e-01,6.87500000000000056e-02,-4.58347459526000020e-02,-6.64722355304378011e-05,4.58347941535410253e-02,2.08247570056918326e-03
441,5.18750000000000044e-01,6.87500000000000056e-02,-4.57165383888727545e-02,-5.53354953388148526e-04,4.57198871823380065e-02,6.64335511565173221e-03
442,5.31250000000000000e-01,6.87500000000000056e-02,-4.54326114517461174e-02,-1.00438634684245007e-03,4.54437121641603631e-02,2.75888149948598244e-03
443,5.43750000000000067e-01,6.87500000000000056e-02,-4.50034296093735700e-02,-1.49898961897942354e-03,4.50283871183906614e-02,7.28538652668403626e-03
444,5.56250000000000022e-01,6.87500000000000056e-02,-4.43989555841541317e-02,-1.95117312060007295e-03,4.44418083960390134e-02,3.44632254508059777e-03
445,5.68749999999999978e-01,6.87500000000000056e-02,-4.36595515917028026e-02,-2.43866999538155504e-03,4.37276063435323784e-02,7.89991321054678806e-03
446,5.81250000000000044e-01,6.87500000000000056e-02,-4.27403256996892744e-02,-2.87644543867274314e-03,4.28370094576778424e-02,4.12458130724184871e-03
447,5.93750000000000000e-01,6.87500000000000056e-02,-4.17014553257333900e-02,-3.34010127865802487e-03,4.18350051133716330e-02,8.46676569347080618e-03
448,6.06250000000000067e-01,6.87500000000000056e-02,-4.04838297318482268e-02,-3.74630596439667202e-03,4.06567986705317491e-02,4.77239041250539231e-03
449,6.18750000000000022e-01,6.87500000000000056e-02,-3.91671271002201546e-02,-4.16815304042179695e-03,3.93882894405580622e-02,8.96551949065839925e-03
450,6.31250000000000089e-01,6.87500000000000056e-02,-3.76786620799998348e-02,-4.52483285002280508e-03,3.79493832421485197e-02,5.36860640658907550e-03
451,6.43750000000000044e-01,6.87500000000000056e-02,-3.61170285635093041e-02,-4.88660102086859328e-03,3.64461057150760742e-02,9.37677732398315908e-03
452,6.56250000000000000e-01,6.87500000000000056e-02,-3.43965981984391683e-02,-5.17604859983483885e-03,3.47838676218260798e-02,5.89356711895187325e-03
453,6.68750000000000067e-01,6.87500000000000056e-02,-3.26339864147550326e-02,-5.46029388442493581e-03,3.30876393631021129e-02,9.68359386206132239e-03
454,6.81250000000000022e-01,6.87500000000000056e-02,-3.07312269654989659e-02,-5.66625027727449531e-03,3.12492352387978289e-02,6.33053910287749173e-03
455,6.93750000000000089e-01,6.87500000000000056e-02,-2.88217219402915024e-02,-5.85760989086578105e-03,2.94109375783406339e-02,9.87292866757406504e-03
456,7.06250000000000044e-01,6.87500000000000056e-02,-2.67957419685055064e-02,-5.96654951364384081e-03,2.74519853697595233e-02,6.66712579587882496e-03
457,7.18750000000000000e-01,6.87500000000000056e-02,-2.48018797460483574e-02,-6.05303385322054303e-03,2.55298346599753291e-02,9.93698495982181691e-03
458,7.31250000000000067e-01,6.87500000000000056e-02,-2.27191953788892682e-02,-6.05543538918286179e-03,2.35123400880625152e-02,6.89648707368488781e-03
459,7.43750000000000022e-01,6.87500000000000056e-02,-2.07095087312869006e-02,-6.02965358620845618e-03,2.15694337955571955e-02,9.87428214541583547e-03
460,7.56250000000000089e-01,6.87500000000000056e-02,-1.86412208440089738e-02,-5.92115179213583819e-03,1.95590171813572501e-02,7.01822182969530622e-03
461,7.68750000000000044e-01,6.87500000000000056e-02,-1.66870575190337690e-02,-5.78136860342768136e-03,1.76601843583876761e-02,9.69032324732380969e-03
462,7.81250000000000000e-01,6.87500000000000056e-02,-1.47053439342407482e-02,-5.56369492272860543e-03,1.57226537651093505e-02,7.03879011169018538e-03
463,7.93750000000000067e-01,6.87500000000000056e-02,-1.28770569254439849e-02,-5.31464371007930175e-03,1.39306867320391058e-02,9.39775565671511527e-03
464,8.06250000000000022e-01,6.87500000000000056e-02,-1.10511017224205008e-02,-4.99630780935251487e-03,1.21280641903430859e-02,6.97139891177076410e-03
465,8.18750000000000089e-01,6.87500000000000056e-02,-9.41375095649643959e-03,-4.64974789589582115e-03,1.04994696326207466e-02,9.01598112871550804e-03
466,8.31250000000000044e-01,6.87500000000000056e-02,-7.80526079240216174e-03,-4.24649838531428268e-03,8.88565386304729019e-03,6.83533873536559724e-03
467,8.43750000000000000e-01,6.87500000000000056e-02,-6.41397673246502271e-03,-3.82161550444334516e-03,7.46617991937004264e-03,8.57023885977016738e-03
468,8.56250000000000067e-01,6.87500000000000056e-02,-5.07242707636910376e-03,-3.35685623305637939e-03,6.08259814672084623e-03,6.65482359543923853e-03
469,8.68750000000000022e-01,6.87500000000000056e-02,-3.96755814195500541e-03,-2.88077137107275397e-03,4.90309711327298163e-03,8.09025015033761410e-03
470,8.81250000000000089e-01,6.87500000000000056e-02,-2.92526661680371546e-03,-2.38630780023717974e-03,3.77513571899859828e-03,6.45743951908329342e-03
471,8.93750000000000044e-01,6.87500000000000056e-02,-2.12737000470133563e-03,-1.89518603844312118e-03,2.84911095909104461e-03,7.60856384717008023e-03
472,9.06250000000000000e-01,6.87500000000000056e-02,-1.39443356789474841e-03,-1.41292952136306453e-03,1.98514856058959379e-03,6.27233645430313059e-03
473,9.18750000000000067e-01,6.87500000000000056e-02,-8.99115711906889260e-04,-9.54439242330699738e-04,1.31124495449882767e-03,7.15878737767097154e-03
474,9.31250000000000022e-01,6.87500000000000056e-02,-4.58242164770649471e-04,-5.39941800223253492e-04,7.08182906601125786e-04,6.12832105930124615e-03
475,9.43750000000000089e-01,6.87500000000000056e-02,-2.30878741105301186e-04,-1.77964745357204443e-04,2.91507193194993572e-04,6.77399320415976534e-03
476,9.56250000000000044e-01,6.87500000000000056e-02,-3.22026885217567945e-05,9.33131458873878966e-05,9.87135063880836074e-05,6.05214070276037432e-03
477,9.68750000000000000e-01,6.87500000000000056e-02,-2.48587089451340813e-06,2.71018975014830361e-04,2.71030375368137356e-04,6.48593368998693666e-03
478,9.81250000000000067e-01,6.87500000000000056e-02,4.19895066103122139e-05,2.93751635917028210e-04,2.96737497241767118e-04,6.06761879255637935e-03
479,9.93750000000000022e-01,6.87500000000000056e-02,-1.28076944805271388e-05,1.62379464736697705e-04,1.62883785583719094e-04,6.32631294040898740e-03
480,6.25000000000000035e-03,8.12500000000000028e-02,-2.43419493158994491e-05,3.96696619787740964e-06,2.46630759904947712e-05,1.74976597995806058e-03
481,1.87500000000000028e-02,8.12500000000000028e-02,-1.04158892907622882e-04,2.45448827702269515e-04,2.66634960183693916e-04,1.65637302377852000e-03
482,3.12500000000000000e-02,8.12500000000000028e-02,-4.30035810639781482e-04,6.19933719015010971e-04,7.54485662159590990e-04,1.35216364925312606e-03
483,4.37500000000000042e-02,8.12500000000000028e-02,-8.10577175158017473e-04,1.14993841959272329e-03,1.40690928127671462e-03,1.56031681160826406e-03
484,5.62500000000000014e-02,8.12500000000000028e-02,-1.45038612490217987e-03,1.71696080916365406e-03,2.24757076229262958e-03,9.19091744982789352e-04
485,6.87500000000000056e-02,8.12500000000000028e-02,-2.15347953482026427e-03,2.33900391441051398e-03,3.17937311722254600e-03,1.42833672857685607e-03
486,8.12500000000000028e-02,8.12500000000000028e-02,-3.11666170685770448e-03,2.94638286597455421e-03,4.28891037303201321e-03,4.62366176015272206e-04
487,9.37500000000000000e-02,8.12500000000000028e-02,-4.13648089026728751e-03,3.54832733063263151e-03,5.44987164994378045e-03,1.28409846578699319e-03
488,1.06250000000000011e-01,8.12500000000000028e-02,-5.40493480052881350e-03,4.11261667727803783e-03,6.79168139212911644e-03,3.05122995848292370e-06
489,1.18750000000000008e-01,8.12500000000000028e-02,-6.71269356628046831e-03,4.63722132001891454e-03,8.15868105061235728e-03,1.15081037762117299e-03
490,1.31250000000000006e-01,8.12500000000000028e-02,-8.24837137260053116e-03,5.11800731150818030e-03,9.70719471016148749e-03,-4.36180889653411041e-04
491,1.43750000000000017e-01,8.12500000000000028e-02,-9.80054162375195402e-03,5.54082232748755437e-03,1.12583892357512316e-02,1.04715437430204336e-03
492,1.56250000000000000e-01,8.12500000000000028e-02,-1.15543034961182161e-02,5.92277781149956606e-03,1.29838833283729572e-02,-8.35758195522317334e-04
493,1.68750000000000011e-01,8.12500000000000028e-02,-1.33001594388468310e-02,6.23769323258319391e-03,1.46902368245906984e-02,9.86610287411834310e-04
494,1.81250000000000022e-01,8.12500000000000028e-02,-1.52185590392555550e-02,6.51909082522192460e-03,1.65560588431788204e-02,-1.18051253369476621e-03
495,1.93750000000000006e-01,8.12500000000000028e-02,-1.71054410798680348e-02,6.72933537512070915e-03,1.83815143317325180e-02,9.78227402562294396e-04
496,2.06250000000000017e-01,8.12500000000000028e-02,-1.91349517437064617e-02,6.91492708879022904e-03,2.03460707478682438e-02,-1.45927040358911865e-03
497,2.18750000000000000e-01,8.12500000000000028e-02,-2.11113003717648164e-02,7.02759376078278698e-03,2.22502601659726740e-02,1.02780359671206982e-03
498,2.31250000000000011e-01,8.12500000000000028e-02,-2.32004781846054178e-02,7.12433576766757434e-03,2.42697002067355470e-02,-1.66390045909338056e-03
499,2.43750000000000022e-01,8.12500000000000028e-02,-2.52171950048187578e-02,7.14719926907864990e-03,2.62104822790992266e-02,1.13898770150072117e-03
500,2.56250000000000033e-01,8.12500000000000028e-02,-2.73174394402580130e-02,7.16185973378019158e-03,2.82406574360177763e-02,-1.78838820454711332e-03
501,2.68749999999999989e-01,8.12500000000000028e-02,-2.93281741654625554e-02,7.10171907037295772e-03,3.01757553945912714e-02,1.31410676404940252e-03
502,2.81250000000000000e-01,8.12500000000000028e-02,-3.13936675381578240e-02,7.03975130419386835e-03,3.21732879874171984e-02,-1.82816317599104167e-03
503,2.93750000000000011e-01,8.12500000000000028e-02,-3.33545336142756152e-02,6.90179580392276306e-03,3.40611170977243166e-02,1.55466364562175047e-03
504,3.06250000000000022e-01,8.12500000000000028e-02,-3.53418100071411709e-02,6.76705605898412707e-03,3.59838377926298691e-02,-1.77973475701579472e-03
505,3.18750000000000033e-01,8.12500000000000028e-02,-3.72109082451536552e-02,6.55490443531978832e-03,3.77838386692699521e-02,1.86152145154810716e-03
506,3.31250000000000044e-01,8.12500000000000028e-02,-3.90783748601604766e-02,6.34991238626747296e-03,3.95909177593105968e-02,-1.64061586395903951e-03
507,3.43750000000000000e-01,8.12500000000000028e-02,-4.08153881472495816e-02,6.06606910566373937e-03,4.12637020152740244e-02,2.23482455901520983e-03
508,3.56250000000000011e-01,8.12500000000000028e-02,-4.25230115041948728e-02,5.79258836281644485e-03,4.29157382241867752e-02,-1.40948138187849906e-03
509,3.68750000000000022e-01,8.12500000000000028e-02,-4.40890346401157304e-02,5.43912797209199911e-03,4.44232719258061681e-02,2.67371972122505772e-03
510,3.81250000000000033e-01,8.12500000000000028e-02,-4.55983140172966095e-02,5.09890241800278841e-03,4.58825135219105354e-02,-1.08649656599653236e-03
511,3.93750000000000044e-01,8.12500000000000028e-02,-4.69560034422473599e-02,4.67824318474695071e-03,4.71884754846347773e-02,3.17594483572318726e-03
512,4.06250000000000000e-01,8.12500000000000028e-02,-4.82302841544448718e-02,4.27377062786137799e-03,4.84192670844785372e-02,-6.73747890616231086e-04
513,4.18750000000000011e-01,8.12500000000000028e-02,-4.93443521298730925e-02,3.78943913414509772e-03,4.94896447357252856e-02,3.73735308711386095e-03
514,4.31250000000000022e-01,8.12500000000000028e-02,-5.03494796933961833e-02,3.32470037466189470e-03,5.04591293818768896e-02,-1.75709122121264430e-04
515,4.43750000000000033e-01,8.12500000000000028e-02,-5.11875139418372510e-02,2.78202128974269726e-03,5.12630590776863848e-02,4.35143953597988582e-03
516,4.56250000000000044e-01,8.12500000000000028e-02,-5.18927935327304843e-02,2.26311268828251417e-03,5.19421187445262000e-02,4.00324416394366603e-04
517,4.68750000000000000e-01,8.12500000000000028e-02,-5.24263523028975983e-02,1.66978521532840552e-03,5.24529369859578556e-02,5.00893782704138653e-03
518,4.81250000000000011e-01,8.12500000000000028e-02,-5.28057506436218210e-02,1.10542855087387743e-03,5.28173198233065772e-02,1.04390232898481940e-03
519,4.93750000000000022e-01,8.12500000000000028e-02,-5.30116572064646407e-02,4.71974353703839117e-04,5.30137582101690708e-02,5.69755805859469260e-03
520,5.06249999999999978e-01,8.12500000000000028e-02,-5.30451556913791172e-02,-1.26101693186611048e-04,5.30453055789074993e-02,1.74126070518079235e-03
521,5.18750000000000044e-01,8.12500000000000028e-02,-5.29068814427784972e-02,-7.86016390099117781e-04,5.29127198862969425e-02,6.40127771938942165e-03
522,5.31250000000000000e-01,8.12500000000000028e-02,-5.25818456465510439e-02,-1.40284419728226441e-03,5.26005557331818280e-02,2.47252943235193312e-03
523,5.43750000000000067e-01,8.12500000000000028e-02,-5.20909628451712639e-02,-2.07233499395658056e-03,5.21321684036276239e-02,7.09797956265058663e-03
524,5.56250000000000022e-01,8.12500000000000028e-02,-5.14037462183876137e-02,-2.68982836941911510e-03,5.14740740756094717e-02,3.21601210757516435e-03
525,5.68749999999999978e-01,8.12500000000000028e-02,-5.05615307155808866e-02,-3.34900481797643056e-03,5.06723220463939153e-02,7.76660501540576888e-03
526,5.81250000000000044e-01,8.12500000000000028e-02,-4.95189549112798472e-02,-3.94628250927785661e-03,4.96759503295950977e-02,3.94910831269514647e-03
527,5.93750000000000000e-01,8.12500000000000028e-02,-4.83377154898687322e-02,-4.57277995131042964e-03,4.85535277324171538e-02,8.38446500142826096e-03
528,6.06250000000000067e-01,8.12500000000000028e-02,-4.69582193413348448e-02,-5.12689930586230150e-03,4.72372677046562980e-02,4.64790775845951108e-03
529,6.18750000000000022e-01,8.12500000000000028e-02,-4.54622301036692739e-02,-5.69677849177251464e-03,4.58177656720981374e-02,8.92842167442966725e-03
530,6.31250000000000089e-01,8.12500000000000028e-02,-4.37765637869848914e-02,-6.18380218887080307e-03,4.42111631435663580e-02,5.28850310991632599e-03
531,6.43750000000000044e-01,8.12500000000000028e-02,-4.20024785372333787e-02,-6.67276625756575530e-03,4.25292136395543849e-02,9.37633380144729280e-03
532,6.56250000000000000e-01,8.12500000000000028e-02,-4.00538173057430891e-02,-7.06911767613423083e-03,4.06728497339549355e-02,5.84852969776939596e-03
533,6.68750000000000067e-01,8.12500000000000028e-02,-3.80504411883604010e-02,-7.45398543393918558e-03,3.87736762956293751e-02,9.70868070044044601e-03
534,6.81250000000000022e-01,8.12500000000000028e-02,-3.58937997401297115e-02,-7.73801926245076561e-03,3.67184123007871233e-02,6.30882475328967563e-03
535,6.93750000000000089e-01,8.12500000000000028e-02,-3.37211109836868389e-02,-7.99836850336080318e-03,3.46567053351826762e-02,9.91023464500719563e-03
536,7.06250000000000044e-01,8.12500000000000028e-02,-3.14219665070902127e-02,-8.15205769052722296e-03,3.24622245658301029e-02,6.65505843451081030e-03
537,7.18750000000000000e-01,8.12500000000000028e-02,-2.91493161975494054e-02,-8.27192691337379910e-03,3.03002872865079272e-02,9.97161878132146046e-03
538,7.31250000000000067e-01,8.12500000000000028e-02,-2.67813904020818144e-02,-8.28254356582486424e-03,2.80328985263476951e-02,6.87916477482515467e-03
539,7.43750000000000022e-01,8.12500000000000028e-02,-2.44848569111370817e-02,-8.25206141920437931e-03,2.58380482162484312e-02,9.89057461533056001e-03
540,7.56250000000000089e-01,8.12500000000000028e-02,-2.21270615662904416e-02,-8.11371777602509260e-03,2.35677591151002980e-02,6.98039975406504996e-03
541,7.68750000000000044e-01,8.12500000000000028e-02,-1.98859947634021650e-02,-7.93052849145826216e-03,2.14090184241101898e-02,9.67277595321858023e-03
542,7.81250000000000000e-01,8.12500000000000028e-02,-1.76186064277518983e-02,-7.64545703143362700e-03,1.92059445400510932e-02,6.96588017441164033e-03
543,7.93750000000000067e-01,8.12500000000000028e-02,-1.55114582989841696e-02,-7.31583976094214977e-03,1.71501268207820239e-02,9.33206683640917627e-03
544,8.06250000000000022e-01,8.12500000000000028e-02,-1.34116473075553844e-02,-6.89534162636551689e-03,1.50803852618740034e-02,6.85050985685778813e-03
545,8.18750000000000089e-01,8.12500000000000028e-02,-1.15112394706337069e-02,-6.43499434404498204e-03,1.31877892900275854e-02,8.89006501783610667e-03
546,8.31250000000000044e-01,8.12500000000000028e-02,-9.64812398405157090e-03,-5.90008406555707614e-03,1.13091683333599591e-02,6.65627023109440288e-03
547,8.43750000000000000e-01,8.12500000000000028e-02,-8.01653650154143457e-03,-5.33466828234733983e-03,9.62930647363707641e-03,8.37514739475446121e-03
548,8.56250000000000067e-01,8.12500000000000028e-02,-6.44595358948376121e-03,-4.71659769868741034e-03,7.98727810515209059e-03,6.41092384703586832e-03
549,8.68750000000000022e-01,8.12500000000000028e-02,-5.12922585251770254e-03,-4.08232212973799920e-03,6.55547952609757990e-03,7.82090006400839449e-03
550,8.81250000000000089e-01,8.12500000000000028e-02,-3.88840752937833368e-03,-3.42337575683393904e-03,5.18065774656118957e-03,6.14622935719401093e-03
551,8.93750000000000044e-01,8.12500000000000028e-02,-2.91122983661933933e-03,-2.76812415574904718e-03,4.01718439995776659e-03,7.26415273016124685e-03
552,9.06250000000000000e-01,8.12500000000000028e-02,-2.01356586967342890e-03,-2.12331892285919348e-03,2.92624858132142221e-03,5.89577716192543275e-03
553,9.18750000000000067e-01,8.12500000000000028e-02,-1.37414666194744946e-03,-1.50905330897287029e-03,2.04096078792888325e-03,6.74272015398034649e-03
554,9.31250000000000022e-01,8.12500000000000028e-02,-8.04254952178066985e-04,-9.49577357425389476e-04,1.24439671561682084e-03,5.69254028242268707e-03
555,9.43750000000000089e-01,8.12500000000000028e-02,-4.69609708062989760e-04,-4.56862543333163120e-04,6.55176816903538456e-04,6.29299242224260619e-03
556,9.56250000000000044e-01,8.12500000000000028e-02,-1.78996120264866701e-04,-7.61399250338795842e-05,1.94517092447012049e-04,5.56630659854420121e-03
557,9.68750000000000000e-01,8.12500000000000028e-02,-8.08720917220869646e-05,1.88441691134961673e-04,2.05062347049159507e-04,5.94772473946001464e-03
558,9.81250000000000067e-01,8.12500000000000028e-02,1.58536802263930915e-05,2.65247443210315213e-04,2.65720803299873611e-04,5.54164100370719247e-03
559,9.93750000000000022e-01,8.12500000000000028e-02,-1.50303578206792688e-05,1.59138099773458965e-04,1.59846321370637215e-04,5.73491385695839694e-03
560,6.25000000000000035e-03,9.37500000000000000e-02,-2.59806841415415396e-05,8.01878305140970389e-05,8.42916609814998226e-05,2.45059424613256653e-03
561,1.87500000000000028e-02,9.37500000000000000e-02,-1.49223740458957500e-04,4.82927540054730177e-04,5.05456955298742828e-04,2.21792229993211885e-03
562,3.12500000000000000e-02,9.37500000000000000e-02,-5.60824211848490596e-04,1.02292781825618598e-03,1.16657838054622012e-03,1.99127571804867155e-03
563,4.37500000000000042e-02,9.37500000000000000e-02,-1.05047180301733284e-03,1.72542301280628947e-03,2.02004346043742778e-03,2.09311688767950532e-03
564,5.62500000000000014e-02,9.37500000000000000e-02,-1.83180182528333091e-03,2.46380266652865233e-03,3.07015007885690170e-03,1.52502023816791202e-03
565,6.87500000000000056e-02,9.37500000000000000e-02,-2.68896916600425183e-03,3.25713060804167041e-03,4.22367789652140779e-03,1.97236488408199890e-03
566,8.12500000000000028e-02,9.37500000000000000e-02,-3.83077198900555168e-03,4.02988035678400382e-03,5.56010339128177721e-03,1.06695697968299725e-03
567,9.37500000000000000e-02,9.37500000000000000e-02,-5.03625329843683175e-03,4.79041951703915864e-03,6.95068100514226964e-03,1.86777393182111970e-03
568,1.06250000000000011e-01,9.37500000000000000e-02,-6.50921924670924516e-03,5.50397534268573171e-03,8.52429937148048607e-03,6.31013488690548570e-04
569,1.18750000000000008e-01,9.37500000000000000e-02,-8.02589875924649733e-03,6.16608317459412057e-03,1.01210489876142357e-02,1.78972733122839721e-03
570,1.31250000000000006e-01,9.37500000000000000e-02,-9.78517140082205833e-03,6.77332510490346196e-03,1.19007357890250388e-02,2.29187107034406511e-04
571,1.43750000000000017e-01,9.37500000000000000e-02,-1.15637870036531566e-02,7.30774836252548552e-03,1.36793404810265466e-02,1.74609657528006722e-03
572,1.56250000000000000e-01,9.37500000000000000e-02,-1.35553047381501684e-02,7.78997572818652777e-03,1.56342575260180368e-02,-1.28711237027782352e-04
573,1.68750000000000011e-01,9.37500000000000000e-02,-1.55404128787689517e-02,8.18871309733461283e-03,1.75658604865536645e-02,1.74234042924907313e-03
574,1.81250000000000022e-01,9.37500000000000000e-02,-1.77063844778761401e-02,8.54325543986901928e-03,1.96596862840998747e-02,-4.34912851341394272e-04
575,1.93750000000000006e-01,9.37500000000000000e-02,-1.98408719524486507e-02,8.80954373875379379e-03,2.17087139351569980e-02,1.78204358633874218e-03
576,2.06250000000000017e-01,9.37500000000000000e-02,-2.21234771706312755e-02,9.04165806620152966e-03,2.38997870849417919e-02,-6.83277651401275297e-04
577,2.18750000000000000e-01,9.37500000000000000e-02,-2.43513184590239025e-02,9.18360642954289645e-03,2.60254747842482183e-02,1.86756408645543455e-03
578,2.31250000000000011e-01,9.37500000000000000e-02,-2.66947245218122006e-02,9.30142597025057291e-03,2.82687962668291479e-02,-8.68808143109887107e-04
579,2.43750000000000022e-01,9.37500000000000000e-02,-2.89622872876160592e-02,9.32819493887915123e-03,3.04274432995632650e-02,2.00059324669309667e-03
580,2.56250000000000033e-01,9.37500000000000000e-02,-3.13134174383703015e-02,9.33982357385414012e-03,3.26766340993125404e-02,-9.87243036126180884e-04
581,2.68749999999999989e-01,9.37500000000000000e-02,-3.35697821647626890e-02,9.25958204497540766e-03,3.48234135925421587e-02,2.18253356458539185e-03
582,2.81250000000000000e-01,9.37500000000000000e-02,-3.58783158014863018e-02,9.17168905884801350e-03,3.70320594207691062e-02,-1.03481172766095543e-03
583,2.93750000000000011e-01,9.37500000000000000e-02,-3.80750534590087800e-02,8.99080341519456136e-03,3.91221707214342920e-02,2.41466566108452727e-03
584,3.06250000000000022e-01,9.37500000000000000e-02,-4.02930689181336121e-02,8.80824625726364663e-03,4.12445948576303026e-02,-1.00817479920660706e-03
585,3.18750000000000033e-01,9.37500000000000000e-02,-4.23838341155314269e-02,8.53129752612838063e-03,4.32339268608833358e-02,2.69811363162845335e-03
586,3.31250000000000044e-01,9.37500000000000000e-02,-4.44654049291940620e-02,8.25741690253166231e-03,4.52256251412781612e-02,-9.04540531849345499e-04
587,3.43750000000000000e-01,9.37500000000000000e-02,-4.64056017169394430e-02,7.88773928076053066e-03,4.70711833468467830e-02,3.03363865407922130e-03
588,3.56250000000000011e-01,9.37500000000000000e-02,-4.83065571250780937e-02,7.52505606637147995e-03,4.88891596376995127e-02,-7.21928219643094555e-04
589,3.68750000000000022e-01,9.37500000000000000e-02,-5.00532412298981752e-02,7.06556403189283894e-03,5.05494723286718031e-02,3.42130077907948056e-03
590,3.81250000000000033e-01,9.37500000000000000e-02,-5.17312144610536928e-02,6.61667452565934452e-03,5.21526502815920154e-02,-4.59539373845305698e-04
591,3.93750000000000044e-01,9.37500000000000000e-02,-5.32433173451161146e-02,6.07080533398223106e-03,5.35882964770839632e-02,3.86003366982478214e-03
592,4.06250000000000000e-01,9.37500000000000000e-02,-5.46581349499737218e-02,5.53932606373277753e-03,5.49381092635147783e-02,-1.18192863813093235e-04
593,4.18750000000000011e-01,9.37500000000000000e-02,-5.58970338429989333e-02,4.91197330676700766e-03,5.61124395674591908e-02,4.34718001213862341e-03
594,4.31250000000000022e-01,9.37500000000000000e-02,-5.70114462091411214e-02,4.30343125598936591e-03,5.71736348278891332e-02,2.99223518921828079e-04
595,4.43750000000000033e-01,9.37500000000000000e-02,-5.79418588986364488e-02,3.60178491457957680e-03,5.80536981354365517e-02,4.87803834155024155e-03
596,4.56250000000000044e-01,9.37500000000000000e-02,-5.87225733331502922e-02,2.92438510570912228e-03,5.87953454544975634e-02,7.87336386454008793e-04
597,4.68750000000000000e-01,9.37500000000000000e-02,-5.93137232725160155e-02,2.15862531587175492e-03,5.93529900822437964e-02,5.44547598032420980e-03
598,4.81250000000000011e-01,9.37500000000000000e-02,-5.97326716637059801e-02,1.42385593971379692e-03,5.97496395790063431e-02,1.33796093393190080e-03
599,4.93750000000000022e-01,9.37500000000000000e-02,-5.99596417883595384e-02,6.07670722517275217e-04,5.99627209780826745e-02,6.03966726306041663e-03
600,5.06249999999999978e-01,9.37500000000000000e-02,-5.99953878048601411e-02,-1.69278689871358527e-04,5.99956266166993615e-02,1.93992677834343963e-03
601,5.18750000000000044e-01,9.37500000000000000e-02,-5.98405549405336482e-02,-1.01837519636585648e-03,5.98492197412096513e-02,6.64727750077836240e-03
602,5.31250000000000000e-01,9.37500000000000000e-02,-5.94797185750340213e-02,-1.81834245440181362e-03,5.95075061739838637e-02,2.57594098626438405e-03
603,5.43750000000000067e-01,9.37500000000000000e-02,-5.89342831957270705e-02,-2.67878302538131089e-03,5.89951321236865181e-02,7.24881637393918685e-03
604,5.56250000000000022e-01,9.37500000000000000e-02,-5.81732256566631148e-02,-3.47866062393768728e-03,5.82771418571431180e-02,3.22726793842145147e-03
605,5.68749999999999978e-01,9.37500000000000000e-02,-5.72388678054164476e-02,-4.32512820472544073e-03,5.74020445771163332e-02,7.82640965273777474e-03
606,5.81250000000000044e-01,9.37500000000000000e-02,-5.60852207964355476e-02,-5.09834469068289314e-03,5.63164728154200087e-02,3.87454284191452586e-03
607,5.93750000000000000e-01,9.37500000000000000e-02,-5.47754905882104973e-02,-5.90246603077480662e-03,5.50925900137540017e-02,8.36061161022302879e-03
608,6.06250000000000067e-01,9.37500000000000000e-02,-5.32493648433546921e-02,-6.61991458793270444e-03,5.36592780921642878e-02,4.49709284120581188e-03
609,6.18750000000000022e-01,9.37500000000000000e-02,-5.15906676325547653e-02,-7.35138968321769753e-03,5.21118020898073825e-02,8.83144704770153638e-03
610,6.31250000000000089e-01,9.37500000000000000e-02,-4.97253935288416438e-02,-7.98275713006964954e-03,5.03620807055848788e-02,5.07409657138022715e-03
611,6.43750000000000044e-01,9.37500000000000000e-02,-4.77574406811448471e-02,-8.61087045708286598e-03,4.85275203409542763e-02,9.21969790596603028e-03
612,6.56250000000000000e-01,9.37500000000000000e-02,-4.55997090938501520e-02,-9.12631805215206870e-03,4.65040121993016559e-02,5.58595307153685397e-03
613,6.68750000000000067e-01,9.37500000000000000e-02,-4.33753035703662998e-02,-9.62176662371699680e-03,4.44296674844940273e-02,9.50835274376682534e-03
614,6.81250000000000022e-01,9.37500000000000000e-02,-4.09845803850348717e-02,-9.99388148465250002e-03,4.21854654646202226e-02,6.01575921817618705e-03
615,6.93750000000000089e-01,9.37500000000000000e-02,-3.85686199356407092e-02,-1.03308213126404296e-02,3.99282395396241760e-02,9.68409755622896655e-03
616,7.06250000000000044e-01,9.37500000000000000e-02,-3.60157299047701718e-02,-1.05367232605580157e-02,3.75253959025476647e-02,6.35075725564111272e-03
617,7.18750000000000000e-01,9.37500000000000000e-02,-3.34833414788728648e-02,-1.06949024491622621e-02,3.51498946653884675e-02,9.73869453227194960e-03
618,7.31250000000000067e-01,9.37500000000000000e-02,-3.08481560703654581e-02,-1.07183601617765120e-02,3.26571887568293806e-02,6.58358971595500182e-03
619,7.43750000000000022e-01,9.37500000000000000e-02,-2.82819219900163760e-02,-1.06851810345127592e-02,3.02330978430871838e-02,9.67008107987333589e-03
620,7.56250000000000089e-01,9.37500000000000000e-02,-2.56501401090737172e-02,-1.05185739913999324e-02,2.77230966240726295e-02,6.71319643472303475e-03
621,7.68750000000000044e-01,9.37500000000000000e-02,-2.31364374207590970e-02,-1.02909208646490991e-02,2.53218835943768601e-02,9.48303212609802847e-03
622,7.81250000000000000e-01,9.37500000000000000e-02,-2.05955140818073409e-02,-9.93689348473041252e-03,2.28673796579494902e-02,6.74521295953600490e-03
623,7.93750000000000067e-01,9.37500000000000000e-02,-1.82200583401155754e-02,-9.52259145426241974e-03,2.05584599112386517e-02,9.18926771921513806e-03
624,8.06250000000000022e-01,9.37500000000000000e-02,-1.58544077361353203e-02,-8.99529767398710156e-03,1.82284838894315425e-02,6.69178209098079350e-03
625,8.18750000000000089e-01,9.37500000000000000e-02,-1.36971626676725428e-02,-8.41414496894729060e-03,1.60751392125587332e-02,8.80695296906965248e-03
626,8.31250000000000044e-01,9.37500000000000000e-02,-1.15828287130952303e-02,-7.74008760706141469e-03,1.39309323866670526e-02,6.57076488618149254e-03
627,8.43750000000000000e-01,9.37500000000000000e-02,-9.71250335516850478e-03,-7.02453906019801823e-03,1.19865287065274700e-02,8.35961943417115952e-03
628,8.56250000000000067e-01,9.37500000000000000e-02,-7.91154330452514994e-03,-6.24317398770528852e-03,1.00781813289966497e-02,6.40442218596971521e-03
629,8.68750000000000022e-01,9.37500000000000000e-02,-6.37994183509161400e-03,-5.43894497980566827e-03,8.38366150989562804e-03,7.87462209302383989e-03
630,8.81250000000000089e-01,9.37500000000000000e-02,-4.93480588571380743e-03,-4.60343674375955723e-03,6.74862496983431696e-03,6.21771715042457405e-03
631,8.93750000000000044e-01,9.37500000000000000e-02,-3.77132892687321794e-03,-3.77052532828991678e-03,5.33289631681945191e-03,7.38131895863526448e-03
632,9.06250000000000000e-01,9.37500000000000000e-02,-2.69955611145375344e-03,-2.94927571684398815e-03,3.99822841429212615e-03,6.03645055347259204e-03
633,9.18750000000000067e-01,9.37500000000000000e-02,-1.90619924154223708e-03,-2.16411431556642235e-03,2.88391857015688358e-03,6.90921085494120187e-03
634,9.31250000000000022e-01,9.37500000000000000e-02,-1.19581061599196756e-03,-1.44387539421389900e-03,1.87476376734121639e-03,5.88548126797452335e-03
635,9.43750000000000089e-01,9.37500000000000000e-02,-7.43078571507307180e-04,-8.03451513066698124e-04,1.09439485437501350e-03,6.48629983550504628e-03
636,9.56250000000000044e-01,9.37500000000000000e-02,-3.49099524117782499e-04,-2.94957405457565243e-04,4.57023356923386061e-04,5.78731524481367055e-03
637,9.68750000000000000e-01,9.37500000000000000e-02,-1.73273357771293513e-04,7.60794950788069309e-05,1.89239916732133681e-04,6.13786979780246451e-03
638,9.81250000000000067e-01,9.37500000000000000e-02,-1.57170724715906306e-05,2.28235803565148422e-04,2.28776328312407025e-04,5.76134979733858993e-03
639,9.93750000000000022e-01,9.37500000000000000e-02,-1.79488204044087500e-05,1.63252229487458836e-04,1.64235960089548135e-04,5.88545118281911042e-03
640,6.25000000000000035e-03,1.06250000000000011e-01,-2.94754827817204526e-05,1.79283738198085746e-04,1.81690569010874229e-04,2.30347893570303922e-03
641,1.87500000000000028e-02,1.06250000000000011e-01,-1.92872364107176287e-04,7.80132941564454880e-04,8.03621276068709148e-04,1.97176564465491094e-03
642,3.12500000000000000e-02,1.06250000000000011e-01,-6.91179311672781758e-04,1.52144815243336357e-03,1.67108746671960776e-03,1.76547166794736757e-03
643,4.37500000000000042e-02,1.06250000000000011e-01,-1.28914624130117709e-03,2.42060689443702017e-03,2.74248715017171713e-03,1.80972422071229650e-03
644,5.62500000000000014e-02,1.06250000000000011e-01,-2.21139395266630855e-03,3.35586497146185547e-03,4.01896664835300638e-03,1.23982947953349648e-03
645,6.87500000000000056e-02,1.06250000000000011e-01,-3.22336148102031527e-03,4.33752259448240418e-03,5.40408748032180242e-03,1.65493573929648185e-03
646,8.12500000000000028e-02,1.06250000000000011e-01,-4.54297540080212444e-03,5.29421118407422727e-03,6.97619506277382187e-03,7.31351280521910807e-04
647,9.37500000000000000e-02,1.06250000000000011e-01,-5.93509430759400249e-03,6.22618353348217309e-03,8.60178503757442689e-03,1.51668058961005833e-03
648,1.06250000000000011e-01,1.06250000000000011e-01,-7.61139808241151437e-03,7.10294087637368225e-03,1.04108188852845684e-02,2.49153304948869438e-04
649,1.18750000000000008e-01,1.06250000000000011e-01,-9.33696274385639041e-03,7.91244631719510705e-03,1.22386960090794250e-02,1.40532583821159282e-03
650,1.31250000000000006e-01,1.06250000000000011e-01,-1.13175577736772549e-02,8.65670520181110147e-03,1.42487072715943557e-02,-1.96060897047274207e-04
651,1.43750000000000017e-01,1.06250000000000011e-01,-1.33207377469267939e-02,9.31009666875978227e-03,1.62517677224372215e-02,1.32972739427411656e-03
652,1.56250000000000000e-01,1.06250000000000011e-01,-1.55460855692766027e-02,9.90033970236046772e-03,1.84308844809305122e-02,-5.94274076474962860e-04
653,1.68750000000000011e-01,1.06250000000000011e-01,-1.77663975285765850e-02,1.03877871742926280e-02,2.05803547958194992e-02,1.29642644352944087e-03
654,1.81250000000000022e-01,1.06250000000000011e-01,-2.01741826786695048e-02,1.08206068880709293e-02,2.28928630839066692e-02,-9.37104506871240962e-04
655,1.93750000000000006e-01,1.06250000000000011e-01,-2.25501374373570269e-02,1.11453212436670394e-02,2.51540629733692685e-02,1.30987637551333285e-03
656,2.06250000000000017e-01,1.06250000000000011e-01,-2.50783830581748253e-02,1.14265453666804132e-02,2.75588685513276435e-02,-1.21781781905628780e-03
657,2.18750000000000000e-01,1.06250000000000011e-01,-2.75498176944865593e-02,1.15976197363993321e-02,2.98914241639565252e-02,1.37306141619936671e-03
658,2.31250000000000011e-01,1.06250000000000011e-01,-3.01386403088932560e-02,1.17365842292513622e-02,3.23432380728825158e-02,-1.43093611970945855e-03
659,2.43750000000000022e-01,1.06250000000000011e-01,-3.26478490482927791e-02,1.17645633915260464e-02,3.47028384901487061e-02,1.48812797068429998e-03
660,2.56250000000000033e-01,1.06250000000000011e-01,-3.52401381074644374e-02,1.17707345180393282e-02,3.71539705136251855e-02,-1.57180417208006981e-03
661,2.68749999999999989e-01,1.06250000000000011e-01,-3.77321461458913904e-02,1.16651889686080912e-02,3.94941956045219700e-02,1.65684543533284388e-03
662,2.81250000000000000e-01,1.06250000000000011e-01,-4.02735606133574411e-02,1.15464945843787564e-02,4.18960764471431601e-02,-1.63629409816890459e-03
663,2.93750000000000011e-01,1.06250000000000011e-01,-4.26959183264618639e-02,1.13150291019637177e-02,4.41698010559045603e-02,1.88083180730468937e-03
664,3.06250000000000022e-01,1.06250000000000011e-01,-4.51345662290575933e-02,1.10773920354503789e-02,4.64740538687152399e-02,-1.62071354876767927e-03
665,3.18750000000000033e-01,1.06250000000000011e-01,-4.74369880413430534e-02,1.07256381116547228e-02,4.86344234810766954e-02,2.16154389380466671e-03
666,3.31250000000000044e-01,1.06250000000000011e-01,-4.97230780265527222e-02,1.03733094055282228e-02,5.07936023181804891e-02,-1.52191818202168953e-03
667,3.43750000000000000e-01,1.06250000000000011e-01,-5.18571673650615184e-02,9.90554575734120014e-03,5.27947501545256090e-02,2.50006403214961042e-03
668,3.56250000000000011e-01,1.06250000000000011e-01,-5.39428328327959811e-02,9.44192172305249010e-03,5.47629354568509447e-02,-1.33759769688853326e-03
669,3.68750000000000022e-01,1.06250000000000011e-01,-5.58620494332562612e-02,8.86204627616201703e-03,5.65606261553424014e-02,2.89672975328942673e-03
670,3.81250000000000033e-01,1.06250000000000011e-01,-5.77014636832752989e-02,8.29072676872425439e-03,5.82940396742752664e-02,-1.06669043157080808e-03
671,3.93750000000000044e-01,1.06250000000000011e-01,-5.93614145663612786e-02,7.60337123529987446e-03,5.98463766109627940e-02,3.35065886916417885e-03
672,4.06250000000000000e-01,1.06250000000000011e-01,-6.09112470985948840e-02,6.92927939594472492e-03,6.13041184265229258e-02,-7.09875276079695240e-04
673,4.18750000000000011e-01,1.06250000000000011e-01,-6.22703224071462294e-02,6.14091493222856770e-03,6.25723891896002860e-02,3.85922537309396803e-03
674,4.31250000000000022e-01,1.06250000000000011e-01,-6.34905337819333671e-02,5.37135113025823899e-03,6.37173390285513119e-02,-2.70086108053993273e-04
675,4.43750000000000033e-01,1.06250000000000011e-01,-6.45108633522455954e-02,4.49128055847333729e-03,6.46670170296034658e-02,4.41754418030752393e-03
676,4.56250000000000044e-01,1.06250000000000011e-01,-6.53657970452362624e-02,3.63682539672676537e-03,6.54668918028440960e-02,2.47009430463175921e-04
677,4.68750000000000000e-01,1.06250000000000011e-01,-6.60144700440215837e-02,2.67799411234049536e-03,6.60687665062603818e-02,5.01802618037475081e-03
678,4.81250000000000011e-01,1.06250000000000011e-01,-6.64741702979054772e-02,1.75320710560275452e-03,6.64972860495078727e-02,8.32628924978433336e-04
679,4.93750000000000022e-01,1.06250000000000011e-01,-6.67246338277576317e-02,7.32790481512949829e-04,6.67286575718269159e-02,5.65006849308596903e-03
680,5.06249999999999978e-01,1.06250000000000011e-01,-6.67662938458363914e-02,-2.43328052332806232e-04,6.67667372457994429e-02,1.47465729788692030e-03
681,5.18750000000000044e-01,1.06250000000000011e-01,-6.65998245465038163e-02,-1.30358455013863798e-03,6.66125811112619481e-02,6.29921068529876518e-03
682,5.31250000000000000e-01,1.06250000000000011e-01,-6.62092472414299305e-02,-2.30726669773016844e-03,6.62494369779189213e-02,2.15439596092273280e-03
683,5.43750000000000067e-01,1.06250000000000011e-01,-6.56165414049607459e-02,-3.38071427003863896e-03,6.57035747499675332e-02,6.94418419089680699e-03
684,5.56250000000000022e-01,1.06250000000000011e-01,-6.47899005607723427e-02,-4.38341683655763675e-03,6.49380131959531454e-02,2.85119481853844279e-03
685,5.68749999999999978e-01,1.06250000000000011e-01,-6.37727798150623804e-02,-5.43887254821033127e-03,6.40042871996564233e-02,7.56511707691307975e-03
686,5.81250000000000044e-01,1.06250000000000011e-01,-6.25181891816890822e-02,-6.40786590629810818e-03,6.28457216048201872e-02,3.54352400262900958e-03
687,5.93750000000000000e-01,1.06250000000000011e-01,-6.10910486180436391e-02,-7.41046457080086086e-03,6.15388593200041911e-02,8.14026632332223721e-03
688,6.06250000000000067e-01,1.06250000000000011e-01,-5.94298361839561348e-02,-8.30997210375330510e-03,6.00080083423622720e-02,4.20828859676041899e-03
689,6.18750000000000022e-01,1.06250000000000011e-01,-5.76206957606470518e-02,-9.22253379386594151e-03,5.83540890556955641e-02,8.64716480850876920e-03
690,6.31250000000000089e-01,1.06250000000000011e-01,-5.55882103540375344e-02,-1.00153329257930707e-02,5.64832366634490934e-02,4.82211479344653651e-03
691,6.43750000000000044e-01,1.06250000000000011e-01,-5.34392279875744933e-02,-1.08001798202223536e-02,5.45196750912650130e-02,9.06405708311038526e-03
692,6.56250000000000000e-01,1.06250000000000011e-01,-5.10850382483210158e-02,-1.14496224637167555e-02,5.23524114763978046e-02,5.36288624841737855e-03
693,6.68750000000000067e-01,1.06250000000000011e-01,-4.86523455981592717e-02,-1.20707785729760320e-02,5.01273820138309761e-02,9.37153287337830036e-03
694,6.81250000000000022e-01,1.06250000000000011e-01,-4.60396946818791286e-02,-1.25431440301882035e-02,4.77177529705946554e-02,5.81141819461633308e-03
695,6.93750000000000089e-01,1.06250000000000011e-01,-4.33924257841267966e-02,-1.29688092675799629e-02,4.52889901548910664e-02,9.55422254083183355e-03
696,7.06250000000000044e-01,1.06250000000000011e-01,-4.05968224021545990e-02,-1.32358598718526552e-02,4.26999997154496602e-02,6.15311379957756994e-03
697,7.18750000000000000e-01,1.06250000000000011e-01,-3.78152315168465217e-02,-1.34410078666650831e-02,4.01329344447232672e-02,9.60238161468822578e-03
698,7.31250000000000067e-01,1.06250000000000011e-01,-3.49220932302846468e-02,-1.34825780332745952e-02,3.74343759933036882e-02,6.37941826515419849e-03
699,7.43750000000000022e-01,1.06250000000000011e-01,-3.20947031890314108e-02,-1.34514927838190849e-02,3.47996067636569678e-02,9.51317321559039426e-03
700,7.56250000000000089e-01,1.06250000000000011e-01,-2.91960220827992556e-02,-1.32579167266744617e-02,3.20652469410534283e-02,6.48888084062359920e-03
701,7.68750000000000044e-01,1.06250000000000011e-01,-2.64158078936313941e-02,-1.29864701606185306e-02,2.94354091852971241e-02,9.29146640254412820e-03
702,7.81250000000000000e-01,1.06250000000000011e-01,-2.36058805342465629e-02,-1.25606574918340295e-02,2.67396281280104404e-02,6.48765986815015398e-03
703,7.93750000000000067e-01,1.06250000000000011e-01,-2.09655720217151453e-02,-1.20581544814533960e-02,2.41858284889378897e-02,8.95000947008592340e-03
704,8.06250000000000022e-01,1.06250000000000011e-01,-1.83359200033338075e-02,-1.14171726802184074e-02,2.15999489438883259e-02,6.38936241362021966e-03
705,8.18750000000000089e-01,1.06250000000000011e-01,-1.59225948609428639e-02,-1.07076675455951668e-02,1.91880997332387268e-02,8.50890752382771863e-03
706,8.31250000000000044e-01,1.06250000000000011e-01,-1.35562905545608594e-02,-9.88379913252998392e-03,1.67768441279007065e-02,6.21419155251585423e-03
707,8.43750000000000000e-01,1.06250000000000011e-01,-1.14455156508780093e-02,-9.00692735781836833e-03,1.45644968654433937e-02,7.99442260110607220e-03
708,8.56250000000000067e-01,1.06250000000000011e-01,-9.41121040593851169e-03,-8.04834104510776700e-03,1.23833224492949263e-02,5.98746659392716818e-03
709,8.68750000000000022e-01,1.06250000000000011e-01,-7.66106680295689998e-03,-7.05990704261425916e-03,1.04179763874623302e-02,7.43720430610757786e-03
710,8.81250000000000089e-01,1.06250000000000011e-01,-6.00709157453120125e-03,-6.03130154761093336e-03,8.51244662497321024e-03,5.73766511888142584e-03
711,8.93750000000000044e-01,1.06250000000000011e-01,-4.65248897781902777e-03,-5.00409028692413906e-03,6.83275737081422054e-03,6.87012899861982884e-03
712,9.06250000000000000e-01,1.06250000000000011e-01,-3.40146725181745711e-03,-3.98789677359043422e-03,5.24149789106125637e-03,5.49419432587947704e-03
713,9.18750000000000067e-01,1.06250000000000011e-01,-2.44923008939506009e-03,-3.01337979912149690e-03,3.88319273852736398e-03,6.32596144779756699e-03
714,9.31250000000000022e-01,1.06250000000000011e-01,-1.59372268426653005e-03,-2.11228490781363923e-03,2.64607247181988369e-03,5.28513215906385378e-03
715,9.43750000000000089e-01,1.06250000000000011e-01,-1.01902382909129126e-03,-1.30401577562387606e-03,1.65495217675068083e-03,5.83505231554989554e-03
716,9.56250000000000044e-01,1.06250000000000011e-01,-5.18806270691646310e-04,-6.45673606746901348e-04,8.28283980865576015e-04,5.13521020515322543e-03
717,9.68750000000000000e-01,1.06250000000000011e-01,-2.63633075187176622e-04,-1.45239746801253023e-04,3.00993326144517043e-04,5.42323549790692944e-03
718,9.81250000000000067e-01,1.06250000000000011e-01,-4.53006178534334309e-05,1.10041276197973915e-04,1.19000959849833112e-04,5.06435029712579404e-03
719,9.93750000000000022e-01,1.06250000000000011e-01,-1.99634068350654888e-05,1.25354911479321970e-04,1.26934595144314325e-04,5.10979099972369479e-03
720,6.25000000000000035e-03,1.18750000000000008e-01,-3.18671897869672545e-05,3.02718713273465462e-04,3.04391420954765396e-04,3.00650784423581478e-03
721,1.87500000000000028e-02,1.18750000000000008e-01,-2.37653050309356368e-04,1.14457450548675769e-03,1.16898664275157452e-03,2.55051867553935958e-03
722,3.12500000000000000e-02,1.18750000000000008e-01,-8.22588489435758922e-04,2.11954807938319507e-03,2.27357337329790049e-03,2.40365996869515951e-03
723,4.37500000000000042e-02,1.18750000000000008e-01,-1.53069605719599881e-03,3.24543710947288984e-03,3.58829938147015850e-03,2.35869311768793517e-03
724,5.62500000000000014e-02,1.18750000000000008e-01,-2.59592297230293442e-03,4.39850401248471738e-03,5.10741163662909153e-03,1.84032144399968209e-03
725,6.87500000000000056e-02,1.18750000000000008e-01,-3.76406635022483041e-03,5.58837590663326632e-03,6.73781424222529707e-03,2.20436773461720218e-03
726,8.12500000000000028e-02,1.18750000000000008e-01,-5.26408764547986723e-03,6.74223730670763140e-03,8.55385191824443135e-03,1.31929667821122608e-03
727,9.37500000000000000e-02,1.18750000000000008e-01,-6.84314909156903597e-03,7.85837241804220737e-03,1.04203026131724531e-02,2.08975924750275186e-03
728,1.06250000000000011e-01,1.18750000000000008e-01,-8.72428980046474102e-03,8.90660360339958802e-03,1.24675907965646517e-02,8.44485577928141720e-04
729,1.18750000000000008e-01,1.18750000000000008e-01,-1.06572519953846770e-02,9.87164240195652874e-03,1.45267458092043708e-02,2.01664095172488823e-03
730,1.31250000000000006e-01,1.18750000000000008e-01,-1.28585111367768273e-02,1.07579921199702881e-02,1.67653124965792544e-02,4.19486931490265186e-04
731,1.43750000000000017e-01,1.18750000000000008e-01,-1.50825304995472597e-02,1.15355489543690938e-02,1.89881967534681721e-02,1.98577802872348247e-03
732,1.56250000000000000e-01,1.18750000000000008e-01,-1.75384714419276680e-02,1.22366552805045527e-02,2.13853621192911375e-02,4.72433814982329894e-05
733,1.68750000000000011e-01,1.18750000000000008e-01,-1.99879542789182414e-02,1.28159610763466016e-02,2.37437818084347552e-02,1.99705442732391091e-03
734,1.81250000000000022e-01,1.18750000000000008e-01,-2.26318007601525040e-02,1.33281376892343834e-02,2.62647608005561230e-02,-2.69818921289735592e-04
735,1.93750000000000006e-01,1.18750000000000008e-01,-2.52411136486970847e-02,1.37127786553185600e-02,2.87254959343820997e-02,2.04991907653416039e-03
736,2.06250000000000017e-01,1.18750000000000008e-01,-2.80070933692829066e-02,1.40425973579879401e-02,3.13303657743458294e-02,-5.29463448180361946e-04
737,2.18750000000000000e-01,1.18750000000000008e-01,-3.07123560822246885e-02,1.42427881998662131e-02,3.38541848495516468e-02,2.14387435749769295e-03
738,2.31250000000000011e-01,1.18750000000000008e-01,-3.35370478084356383e-02,1.44008265261625686e-02,3.64981832471415607e-02,-7.29322493576110885e-04
739,2.43750000000000022e-01,1.18750000000000008e-01,-3.62769939055247806e-02,1.44285142304371172e-02,3.90410336661237561e-02,2.27884825673441323e-03
740,2.56250000000000033e-01,1.18750000000000008e-01,-3.90998242882749300e-02,1.44255928889882278e-02,4.16760601493567501e-02,-8.66691260494366258e-04
741,2.68749999999999989e-01,1.18750000000000008e-01,-4.18159660910902981e-02,1.42917306432791304e-02,4.41908201430031983e-02,2.45538178745283641e-03
742,2.81250000000000000e-01,1.18750000000000008e-01,-4.45791503429992242e-02,1.41370287211082975e-02,4.67670420955310015e-02,-9.38483184600393287e-04
743,2.93750000000000011e-01,1.18750000000000008e-01,-4.72155545233868060e-02,1.38504479427565934e-02,4.92051165750668901e-02,2.67461900849568076e-03
744,3.06250000000000022e-01,1.18750000000000008e-01,-4.98637872361785486e-02,1.35509703988926887e-02,5.16722950553442015e-02,-9.41352393644468485e-04
745,3.18750000000000033e-01,1.18750000000000008e-01,-5.23667424825694020e-02,1.31183698243609332e-02,5.39848807082542528e-02,2.93811681691528081e-03
746,3.31250000000000044e-01,1.18750000000000008e-01,-5.48468935688882359e-02,1.26793287491948209e-02,5.62934020262331677e-02,-8.71966357449230215e-04
747,3.43750000000000000e-01,1.18750000000000008e-01,-5.71646870602012525e-02,1.21059854464385681e-02,5.84324937883034662e-02,3.24750563760272488e-03
748,3.56250000000000011e-01,1.18750000000000008e-01,-5.94256843486582337e-02,1.15317394197007126e-02,6.05342297741554083e-02,-7.27400325325603921e-04
749,3.68750000000000022e-01,1.18750000000000008e-01,-6.15086291623478179e-02,1.08226268171168552e-02,6.24535084094865051e-02,3.60403789548308442e-03
750,3.81250000000000033e-01,1.18750000000000008e-01,-6.35016353612282702e-02,1.01178999374909439e-02,6.43026406354783864e-02,-5.05619558261339837e-04
751,3.93750000000000044e-01,1.18750000000000008e-01,-6.53024218950915003e-02,9.27897136476640329e-03,6.59583627370531334e-02,4.00806384430958760e-03
752,4.06250000000000000e-01,1.18750000000000008e-01,-6.69813498498786630e-02,8.45014302931489797e-03,6.75122666256119663e-02,-2.06011734305237197e-04
753,4.18750000000000011e-01,1.18750000000000008e-01,-6.84557374916192757e-02,7.48960371852983118e-03,6.88642298975462586e-02,4.45847697251807937e-03
754,4.31250000000000022e-01,1.18750000000000008e-01,-6.97780974258902648e-02,6.54591970544091909e-03,7.00844629369956201e-02,1.70072030902527560e-04
755,4.43750000000000033e-01,1.18750000000000008e-01,-7.08859192665053373e-02,5.47536371288986912e-03,7.10970685615514159e-02,4.95217525803882952e-03
756,4.56250000000000044e-01,1.18750000000000008e-01,-7.18139542614917026e-02,4.42996695920336650e-03,7.19504595810982750e-02,6.18814147756052485e-04
757,4.68750000000000000e-01,1.18750000000000008e-01,-7.25203754039876053e-02,3.26529679743351679e-03,7.25938496837756908e-02,5.48359008953993449e-03
758,4.81250000000000011e-01,1.18750000000000008e-01,-7.30224134613808307e-02,2.13601162385528617e-03,7.30536475022438292e-02,1.13351765048954451e-03
759,4.93750000000000022e-01,1.18750000000000008e-01,-7.32993589384629690e-02,8.98086266340011766e-04,7.33048605464291098e-02,6.04434005474213491e-03
760,5.06249999999999978e-01,1.18750000000000008e-01,-7.33512888081212788e-02,-2.92090672870024242e-04,7.33518703699748559e-02,1.70433963399964600e-03
761,5.18750000000000044e-01,1.18750000000000008e-01,-7.31789425612887345e-02,-1.57712432121341292e-03,7.31959353756269637e-02,6.62236671150102842e-03
762,5.31250000000000000e-01,1.18750000000000008e-01,-7.27657066589441209e-02,-2.79963488960151491e-03,7.28195442246831054e-02,2.31478639992085304e-03
763,5.43750000000000067e-01,1.18750000000000008e-01,-7.21341374217063930e-02,-4.09981519830420003e-03,7.22505520133505247e-02,7.19838388541086619e-03
764,5.56250000000000022e-01,1.18750000000000008e-01,-7.12515171785636364e-02,-5.32044926763177491e-03,7.14498836993916475e-02,2.94643857812280007e-03
765,5.68749999999999978e-01,1.18750000000000008e-01,-7.01624083239220930e-02,-6.59849711985565149e-03,7.04720065419845582e-02,7.75499238342768071e-03
766,5.81250000000000044e-01,1.18750000000000008e-01,-6.88186419938020544e-02,-7.77813155056066973e-03,6.92568033935217348e-02,3.58021658669687012e-03
767,5.93750000000000000e-01,1.18750000000000008e-01,-6.72868084777515224e-02,-8.99243791308659141e-03,6.78850391083508919e-02,8.27282476364527529e-03
768,6.06250000000000067e-01,1.18750000000000008e-01,-6.55039404414705928e-02,-1.00883623210768353e-02,6.62762496500899495e-02,4.19534064599214659e-03
769,6.18750000000000022e-01,1.18750000000000008e-01,-6.35584583180919399e-02,-1.11945853381283326e-02,6.45367830362287981e-02,8.73158529735709905e-03
770,6.31250000000000089e-01,1.18750000000000008e-01,-6.13732304148517233e-02,-1.21623692879550965e-02,6.25667374748841570e-02,4.77049873596491810e-03
771,6.43750000000000044e-01,1.18750000000000008e-01,-5.90580366006517726e-02,-1.31155532707388639e-02,6.04968546680033012e-02,9.11137154253152323e-03
772,6.56250000000000000e-01,1.18750000000000008e-01,-5.65221762342752176e-02,-1.39114042666413761e-02,5.82089647299141866e-02,5.28526318914609213e-03
773,6.68750000000000067e-01,1.18750000000000008e-01,-5.38959906001510308e-02,-1.46685521312549094e-02,5.58564609011250462e-02,9.39419314114966174e-03
774,6.81250000000000022e-01,1.18750000000000008e-01,-5.10757472934521978e-02,-1.52520740799920521e-02,5.33043874866427417e-02,5.72164899512389233e-03
775,6.93750000000000089e-01,1.18750000000000008e-01,-4.82111721980355082e-02,-1.57750575747648177e-02,5.07264188189524845e-02,9.56555866365590979e-03
776,7.06250000000000044e-01,1.18750000000000008e-01,-4.51859654457677853e-02,-1.61122683228977354e-02,4.79726657980893770e-02,6.06566364282293356e-03
777,7.18750000000000000e-01,1.18750000000000008e-01,-4.21676388232405039e-02,-1.63709089545989311e-02,4.52340184366481768e-02,9.61596254817742406e-03
778,7.31250000000000067e-01,1.18750000000000008e-01,-3.90277111410740549e-02,-1.64373258607137147e-02,4.23479387734799137e-02,6.30866786756293599e-03
779,7.43750000000000022e-01,1.18750000000000008e-01,-3.59494316933229238e-02,-1.64124347162827103e-02,3.95187253386180548e-02,9.54208355808606676e-03
780,7.56250000000000089e-01,1.18750000000000008e-01,-3.27924546107284179e-02,-1.61960012698277138e-02,3.65739734856488433e-02,6.44835931936370722e-03
781,7.68750000000000044e-01,1.18750000000000008e-01,-2.97532636677957443e-02,-1.58821425706420633e-02,3.37268313293670532e-02,9.34751335705515975e-03
782,7.81250000000000000e-01,1.18750000000000008e-01,-2.66799220377047647e-02,-1.53857634338663007e-02,3.07983758724531091e-02,6.48921494240657301e-03
783,7.93750000000000067e-01,1.18750000000000008e-01,-2.37792154810068761e-02,-1.47935227907949225e-02,2.80053460156079112e-02,9.04287451819572180e-03
784,8.06250000000000022e-01,1.18750000000000008e-01,-2.08878938662625004e-02,-1.40370179104045319e-02,2.51662866149391269e-02,6.44228582313628555e-03
785,8.18750000000000089e-01,1.18750000000000008e-01,-1.82197436945762924e-02,-1.31946295266822753e-02,2.24957175622927906e-02,8.64526095030803028e-03
786,8.31250000000000044e-01,1.18750000000000008e-01,-1.56005498136624690e-02,-1.22160251937710271e-02,1.98143489931769529e-02,6.32432610572922303e-03
787,8.43750000000000000e-01,1.18750000000000008e-01,-1.32475286286115341e-02,-1.11703529331507994e-02,1.73284101814630657e-02,8.17703149531008242e-03
788,8.56250000000000067e-01,1.18750000000000008e-01,-1.09760018275611194e-02,-1.00266021898242595e-02,1.48662492778647327e-02,6.15634255893934834e-03
789,8.68750000000000022e-01,1.18750000000000008e-01,-9.00291394556397215e-03,-8.84367114707580899e-03,1.26199436951537694e-02,7.66409206180679141e-03
790,8.81250000000000089e-01,1.18750000000000008e-01,-7.13387192304068378e-03,-7.61111992456153189e-03,1.04317436280041767e-02,5.96175368436251130e-03
791,8.93750000000000044e-01,1.18750000000000008e-01,-5.58189603972580363e-03,-6.37662630782106100e-03,8.47460479715144398e-03,7.13388922577423527e-03
792,9.06250000000000000e-01,1.18750000000000008e-01,-4.14396779484647697e-03,-5.15177030187275852e-03,6.61159635246911462e-03,5.76442339452209237e-03
793,9.18750000000000067e-01,1.18750000000000008e-01,-3.02581091916878870e-03,-3.97220131600535195e-03,4.99338712833640851e-03,6.61338001720604765e-03
794,9.31250000000000022e-01,1.18750000000000008e-01,-2.01729203189646026e-03,-2.87345129778955989e-03,3.51086734336708518e-03,5.58686005401946417e-03
795,9.43750000000000089e-01,1.18750000000000008e-01,-1.31405391414431008e-03,-1.87857340157014077e-03,2.29254786522872659e-03,6.12720076464484415e-03
796,9.56250000000000044e-01,1.18750000000000008e-01,-7.00815443880218854e-04,-1.04985448267806616e-03,1.26227442387947413e-03,5.44881800046490960e-03
797,9.68750000000000000e-01,1.18750000000000008e-01,-3.61419190415459093e-04,-3.97492803998060777e-04,5.37237713150153493e-04,5.69606341420675951e-03
798,9.81250000000000067e-01,1.18750000000000008e-01,-7.78280194757434608e-05,-1.50811018002634638e-05,7.92757229360074200e-05,5.36634991447713493e-03
799,9.93750000000000022e-01,1.18750000000000008e-01,-2.24633110259798039e-05,9.80569915396220125e-05,1.00597087095260406e-04,5.33489545757292322e-03
800,6.25000000000000035e-03,1.31250000000000006e-01,-3.47831035872270687e-05,4.48906506961999183e-04,4.50252058616041435e-04,2.84441492496113977e-03
801,1.87500000000000028e-02,1.31250000000000006e-01,-2.79760306900549995e-04,1.57067869704815557e-03,1.59539882119737750e-03,2.28374950638662389e-03
802,3.12500000000000000e-02,1.31250000000000006e-01,-9.49943111723192514e-04,2.81474814399457641e-03,2.97072365420132179e-03,2.16277282019728583e-03
803,4.37500000000000042e-02,1.31250000000000006e-01,-1.76535109902551160e-03,4.19361480593500105e-03,4.55004061997119329e-03,2.05065008655360738e-03
804,5.62500000000000014e-02,1.31250000000000006e-01,-2.97117805066195954e-03,5.58963569523869119e-03,6.33023903294511678e-03,1.53579227813368689e-03
805,6.87500000000000056e-02,1.31250000000000006e-01,-4.29345352214019829e-03,7.00521647938592319e-03,8.21625225208173424e-03,1.86089951690302652e-03
806,8.12500000000000028e-02,1.31250000000000006e-01,-5.97123513306721705e-03,8.37383441681066425e-03,1.02847825380286504e-02,9.60791152493934808e-04
807,9.37500000000000000e-02,1.31250000000000006e-01,-7.73560109678542510e-03,9.68577346233026430e-03,1.23957142550225417e-02,1.71370252668690015e-03
808,1.06250000000000011e-01,1.31250000000000006e-01,-9.81874925106642968e-03,1.09177209749647293e-02,1.46834760238338108e-02,4.37805588131105327e-04
809,1.18750000000000008e-01,1.31250000000000006e-01,-1.19572193402544893e-02,1.20459175411227991e-02,1.69728967403471216e-02,1.60954946061388541e-03
810,1.31250000000000006e-01,1.31250000000000006e-01,-1.43758237580298622e-02,1.30827935420433639e-02,1.94376900784446957e-02,-3.15712968273211585e-05
811,1.43750000000000017e-01,1.31250000000000006e-01,-1.68179634190963288e-02,1.39891733212651470e-02,2.18755768787581677e-02,1.54896062378899295e-03
812,1.56250000000000000e-01,1.31250000000000006e-01,-1.95003546244198085e-02,1.48067011186741766e-02,2.44847346012955214e-02,-4.45160522027200276e-04
813,1.68750000000000011e-01,1.31250000000000006e-01,-2.21751314533825440e-02,1.54801044121617281e-02,2.70438548950815219e-02,1.53205578081751616e-03
814,1.81250000000000022e-01,1.31250000000000006e-01,-2.50499050350659544e-02,1.60748260730862978e-02,2.97640349338895542e-02,-8.00642917466045149e-04
815,1.93750000000000006e-01,1.31250000000000006e-01,-2.78874832197558813e-02,1.65194791920951732e-02,3.24130361600117808e-02,1.55868862524603325e-03
816,2.06250000000000017e-01,1.31250000000000006e-01,-3.08851099630033932e-02,1.68989634208400255e-02,3.52060361603759725e-02,-1.09558646057604362e-03
817,2.18750000000000000e-01,1.31250000000000006e-01,-3.38180509688476780e-02,1.71263234801375813e-02,3.79074072877306004e-02,1.62880454859200339e-03
818,2.31250000000000011e-01,1.31250000000000006e-01,-3.68717792096046257e-02,1.73025064018867414e-02,4.07296554106361605e-02,-1.32729288866956425e-03
819,2.43750000000000022e-01,1.31250000000000006e-01,-3.98355612247825938e-02,1.73259803446839944e-02,4.34403215112155738e-02,1.74277916395556317e-03
820,2.56250000000000033e-01,1.31250000000000006e-01,-4.28816741799240356e-02,1.73110920535872563e-02,4.62440470607940537e-02,-1.49265539767008009e-03
821,2.68749999999999989e-01,1.31250000000000006e-01,-4.58146855808252568e-02,1.71430544828333233e-02,4.89169677297281932e-02,1.90160939117161405e-03
822,2.81250000000000000e-01,1.31250000000000006e-01,-4.87923347298244922e-02,1.69475610430035867e-02,5.16518320458584507e-02,-1.58813522487135142e-03
823,2.93750000000000011e-01,1.31250000000000006e-01,-5.16355837473658277e-02,1.65981128253152692e-02,5.42377254159236086e-02,2.10691086289153387e-03
824,3.06250000000000022e-01,1.31250000000000006e-01,-5.44864517452821676e-02,1.62301418333991518e-02,5.68523607928748675e-02,-1.60989756661021762e-03
825,3.18750000000000033e-01,1.31250000000000006e-01,-5.71832295762565029e-02,1.57071075469467532e-02,5.93012223504896033e-02,2.36072349026815280e-03
826,3.31250000000000044e-01,1.31250000000000006e-01,-5.98512424997663800e-02,1.51728902885260326e-02,6.17445368309900711e-02,-1.55410559897941583e-03
827,3.43750000000000000e-01,1.31250000000000006e-01,-6.23469277624512444e-02,1.44826252790421963e-02,6.40069202226561246e-02,2.66515159907425823e-03
828,3.56250000000000011e-01,1.31250000000000006e-01,-6.47781756422023680e-02,1.37875648277880174e-02,6.62292154823872076e-02,-1.41734907293133527e-03
829,3.68750000000000022e-01,1.31250000000000006e-01,-6.70203040345611345e-02,1.29362214485041847e-02,6.82573584183401444e-02,3.02187634623865163e-03
830,3.81250000000000033e-01,1.31250000000000006e-01,-6.91632632430253802e-02,1.20862750671600367e-02,7.02113596750773561e-02,-1.19717278767897113e-03
831,3.93750000000000044e-01,1.31250000000000006e-01,-7.11019242034669485e-02,1.10812554369999570e-02,7.19602518582001666e-02,3.43158347051549656e-03
832,4.06250000000000000e-01,1.31250000000000006e-01,-7.29080170713474751e-02,1.00843946813284190e-02,7.36021329131479607e-02,-8.92663945291952382e-04
833,4.18750000000000011e-01,1.31250000000000006e-01,-7.44965870821451964e-02,8.93578821189163451e-03,7.50305924130645757e-02,3.89335330007903107e-03
834,4.31250000000000022e-01,1.31250000000000006e-01,-7.59210677407330115e-02,7.80336603026325626e-03,7.63210393554440286e-02,-5.05052221081509520e-04
835,4.43750000000000033e-01,1.31250000000000006e-01,-7.71172498108798898e-02,6.52522977242568723e-03,7.73928216437196753e-02,4.40406459115235717e-03
836,4.56250000000000044e-01,1.31250000000000006e-01,-7.81203707709343109e-02,5.27313722028477198e-03,7.82981373056358260e-02,-3.82708311152352523e-05
837,4.68750000000000000e-01,1.31250000000000006e-01,-7.88874800558776595e-02,3.88452324246038984e-03,7.89830616675987751e-02,4.95786965071190727e-03
838,4.81250000000000011e-01,1.31250000000000006e-01,-7.94358687450958251e-02,2.53405787142107998e-03,7.94762775460942372e-02,5.00578637610917085e-04
839,4.93750000000000022e-01,1.31250000000000006e-01,-7.97442819541493708e-02,1.05972441332243699e-03,7.97513229997789119e-02,5.54580362528333225e-03
840,5.06249999999999978e-01,1.31250000000000006e-01,-7.98124372479151467e-02,-3.61877146143533179e-04,7.98132576363181218e-02,1.10091814485683724e-03
841,5.18750000000000044e-01,1.31250000000000006e-01,-7.96411085960989779e-02,-1.89110734691631116e-03,7.96635579510053676e-02,6.15503072123373390e-03
842,5.31250000000000000e-01,1.31250000000000006e-01,-7.92129082789894828e-02,-3.35021664378862705e-03,7.92837233584291201e-02,1.74521259624468134e-03
843,5.43750000000000067e-01,1.31250000000000006e-01,-7.85510162034230575e-02,-4.89683179888809449e-03,7.87035012452243637e-02,6.76460190612101879e-03
844,5.56250000000000022e-01,1.31250000000000006e-01,-7.76215320762005667e-02,-6.35331407130546727e-03,7.78811070898795116e-02,2.41322178464159053e-03
845,5.68749999999999978e-01,1.31250000000000006e-01,-7.64702479286688691e-02,-7.87365217414178961e-03,7.68745290511197443e-02,7.35532997609517677e-03
846,5.81250000000000044e-01,1.31250000000000006e-01,-7.50474194737492523e-02,-9.28166808250592730e-03,7.56192074281573506e-02,3.08390388524540458e-03
847,5.93750000000000000e-01,1.31250000000000006e-01,-7.34215032346074437e-02,-1.07270361677125944e-02,7.42009868005330808e-02,7.90574543521459575e-03
848,6.06250000000000067e-01,1.31250000000000006e-01,-7.15275804706474172e-02,-1.20365694135459774e-02,7.25332597587620559e-02,3.73424034474866690e-03
849,6.18750000000000022e-01,1.31250000000000006e-01,-6.94566124772661997e-02,-1.33550689291922816e-02,7.07289112239161272e-02,8.39323242597077995e-03
850,6.31250000000000089e-01,1.31250000000000006e-01,-6.71291607382636657e-02,-1.45140569514007872e-02,6.86802888069942968e-02,4.34051726049666364e-03
851,6.43750000000000044e-01,1.31250000000000006e-01,-6.46582623995737849e-02,-1.56530039353389300e-02,6.65259906257086447e-02,8.79548583019378223e-03
852,6.56250000000000000e-01,1.31250000000000006e-01,-6.19505776791417218e-02,-1.66100359272181100e-02,6.41386573626455680e-02,4.87989495216214434e-03
853,6.68750000000000067e-01,1.31250000000000006e-01,-5.91404622516817982e-02,-1.75189123831644526e-02,6.16806822792322282e-02,9.09219988753985631e-03
854,6.81250000000000022e-01,1.31250000000000006e-01,-5.61212342654055993e-02,-1.82264046583587996e-02,5.90067348888478893e-02,5.33214992582786620e-03
855,6.93750000000000089e-01,1.31250000000000006e-01,-5.30474245458482513e-02,-1.88602214170313191e-02,5.63004192066711914e-02,9.26684796147745314e-03
856,7.06250000000000044e-01,1.31250000000000006e-01,-4.97994892120970506e-02,-1.92779194123069500e-02,5.34006301709368525e-02,5.68142414794856228e-03
857,7.18750000000000000e-01,1.31250000000000006e-01,-4.65505544267152335e-02,-1.96008088285485708e-02,5.05088687674539460e-02,9.30836806667147305e-03
858,7.31250000000000067e-01,1.31250000000000006e-01,-4.31686039047799799e-02,-1.96994039738292402e-02,4.74509734358727828e-02,5.91778066206477462e-03
859,7.43750000000000022e-01,1.31250000000000006e-01,-3.98433076887738866e-02,-1.96882037087347875e-02,4.44422606632352418e-02,9.21254301945504360e-03
860,7.56250000000000089e-01,1.31250000000000006e-01,-3.64304793553482872e-02,-1.94528044049605067e-02,4.12988065841872545e-02,6.03835333738007417e-03
861,7.68750000000000044e-01,1.31250000000000006e-01,-3.31337991488537820e-02,-1.91003567381121085e-02,3.82448986606021488e-02,8.98286844392752644e-03
862,7.81250000000000000e-01,1.31250000000000006e-01,-2.97971484312958973e-02,-1.85335338263804099e-02,3.50907670296655982e-02,6.04790126676472799e-03
863,7.93750000000000067e-01,1.31250000000000006e-01,-2.66352254918648008e-02,-1.78514286619199519e-02,3.20641348280926095e-02,8.63074323466408479e-03
864,8.06250000000000022e-01,1.31250000000000006e-01,-2.34802002267191258e-02,-1.69755881814228661e-02,2.89739606680219780e-02,5.95863914294427182e-03
865,8.18750000000000089e-01,1.31250000000000006e-01,-2.05544046193964977e-02,-1.59961425619620373e-02,2.60453474947154699e-02,8.17489538968332527e-03
866,8.31250000000000044e-01,1.31250000000000006e-01,-1.76785730108916482e-02,-1.48550799328062803e-02,2.30912395403861000e-02,5.78930964327997299e-03
867,8.43750000000000000e-01,1.31250000000000006e-01,-1.50790087472620453e-02,-1.36324848050483321e-02,2.03278416650631878e-02,7.64006187624973691e-03
868,8.56250000000000067e-01,1.31250000000000006e-01,-1.25654356715308186e-02,-1.22921492732922175e-02,1.75780291094387933e-02,5.56357846006071046e-03
869,8.68750000000000022e-01,1.31250000000000006e-01,-1.03643528452168551e-02,-1.09029190824097254e-02,1.50430533608615791e-02,7.05505498253598817e-03
870,8.81250000000000089e-01,1.31250000000000006e-01,-8.27515478556153927e-03,-9.45164589437286380e-03,1.25623165394610822e-02,5.30794479331007582e-03
871,8.93750000000000044e-01,1.31250000000000006e-01,-6.52086454256184302e-03,-7.99474408244687032e-03,1.03168603424811135e-02,6.45044273839220396e-03
872,9.06250000000000000e-01,1.31250000000000006e-01,-4.89159035509143750e-03,-6.54344556125220113e-03,8.16972068158359523e-03,5.04944401646277401e-03
873,9.18750000000000067e-01,1.31250000000000006e-01,-3.60358908860826778e-03,-5.14066834808159755e-03,6.27792365233160055e-03,5.85611810409876997e-03
874,9.31250000000000022e-01,1.31250000000000006e-01,-2.43917082279721366e-03,-3.82364634098689799e-03,4.53539696649893354e-03,4.81345146095038621e-03
875,9.43750000000000089e-01,1.31250000000000006e-01,-1.60528359170036545e-03,-2.62096457389404420e-03,3.07349812223629230e-03,5.29900074577018682e-03
876,9.56250000000000044e-01,1.31250000000000006e-01,-8.78404922108110735e-04,-1.59805652645673892e-03,1.82356241158199302e-03,4.62185534554514221e-03
877,9.68750000000000000e-01,1.31250000000000006e-01,-4.54921981743661413e-04,-7.68554115378404382e-04,8.93101023254739049e-04,4.80096508299064726e-03
878,9.81250000000000067e-01,1.31250000000000006e-01,-1.07889682427148655e-04,-2.28819128983253175e-04,2.52979005774956812e-04,4.49170809768320405e-03
879,9.93750000000000022e-01,1.31250000000000006e-01,-2.41169131730160018e-05,2.49252969145841390e-05,3.46827900733918799e-05,4.37673299672705282e-03
880,6.25000000000000035e-03,1.43750000000000017e-01,-3.73473458386700932e-05,6.17457199500938739e-04,6.18585658948488169e-04,3.52030732001601399e-03
881,1.87500000000000028e-02,1.43750000000000017e-01,-3.22273541367937223e-04,2.05968840673151528e-03,2.08474856236670397e-03,2.84720924968357488e-03
882,3.12500000000000000e-02,1.43750000000000017e-01,-1.07673932110042918e-03,3.60550181088627316e-03,3.76284611350344864e-03,2.77253122525178636e-03
883,4.37500000000000042e-02,1.43750000000000017e-01,-1.99900082263555854e-03,5.26647984027910944e-03,5.63309987457739914e-03,2.58519002431252965e-03
884,5.62500000000000014e-02,1.43750000000000017e-01,-3.34488816154855737e-03,6.92710977124897081e-03,7.69240707426489811e-03,2.10414832140020996e-03
885,6.87500000000000056e-02,1.43750000000000017e-01,-4.82014266278025204e-03,8.58810402372269140e-03,9.84831488183822087e-03,2.39109776076328268e-03
886,8.12500000000000028e-02,1.43750000000000017e-01,-6.67533294264814701e-03,1.01850263369329674e-02,1.21776365268151162e-02,1.50927899190869794e-03
887,9.37500000000000000e-02,1.43750000000000017e-01,-8.62309658509866073e-03,1.17054232486855023e-02,1.45387319992772140e-02,2.25892558370077799e-03
888,1.06250000000000011e-01,1.43750000000000017e-01,-1.09074095169997727e-02,1.31289991382810452e-02,1.70687492437062195e-02,9.83438611025752455e-04
889,1.18750000000000008e-01,1.43750000000000017e-01,-1.32484435316750949e-02,1.44281224374862450e-02,1.95880568991178318e-02,2.18285299776385406e-03
890,1.31250000000000006e-01,1.43750000000000017e-01,-1.58824372862912677e-02,1.56196460185173015e-02,2.22761117768958614e-02,5.22822853188927537e-04
891,1.43750000000000017e-01,1.43750000000000017e-01,-1.85384643636423742e-02,1.66593581686281453e-02,2.49240621800033944e-02,2.15716203586782240e-03
892,1.56250000000000000e-01,1.43750000000000017e-01,-2.14438797643776782e-02,1.75948614523895840e-02,2.77384053052418880e-02,1.24190012553510737e-04
893,1.68750000000000011e-01,1.43750000000000017e-01,-2.43383459548787290e-02,1.83646674752285799e-02,3.04896063486408478e-02,2.17652288552052471e-03
894,1.81250000000000022e-01,1.43750000000000017e-01,-2.74390861263812957e-02,1.90416509037863377e-02,3.33989208896430870e-02,-2.14930448551660771e-04
895,1.93750000000000006e-01,1.43750000000000017e-01,-3.04980636150647723e-02,1.95470227991811074e-02,3.62245494738063500e-02,2.23643398823390434e-03
896,2.06250000000000017e-01,1.43750000000000017e-01,-3.37210144566043937e-02,1.99744441288724796e-02,3.91929232673447203e-02,-4.95945552515320302e-04
897,2.18750000000000000e-01,1.43750000000000017e-01,-3.68737740618726648e-02,2.02283861994419153e-02,4.20578508937368978e-02,2.33362044670099369e-03
898,2.31250000000000011e-01,1.43750000000000017e-01,-4.01491852730072180e-02,2.04197269538942648e-02,4.50435603272860280e-02,-7.18980727804526855e-04
899,2.43750000000000022e-01,1.43750000000000017e-01,-4.33283216588972453e-02,2.04372344827375117e-02,4.79064088727099158e-02,2.46627504875349644e-03
900,2.56250000000000033e-01,1.43750000000000017e-01,-4.65897569333720840e-02,2.04062114894916283e-02,5.08627458801090698e-02,-8.82814221622016198e-04
901,2.68749999999999989e-01,1.43750000000000017e-01,-4.97309623228820510e-02,2.02011206403209312e-02,5.36773126067681822e-02,2.63409839418719642e-03
902,2.81250000000000000e-01,1.43750000000000017e-01,-5.29149750247830467e-02,1.99595175053380938e-02,5.65541945475250413e-02,-9.84986351806489734e-04
903,2.93750000000000011e-01,1.43750000000000017e-01,-5.59566463098891617e-02,1.95432068104862029e-02,5.92712679018043836e-02,2.83814050066265007e-03
904,3.06250000000000022e-01,1.43750000000000017e-01,-5.90023798111819209e-02,1.91002949319922267e-02,6.20169500207165617e-02,-1.02207391614504554e-03
905,3.18750000000000033e-01,1.43750000000000017e-01,-6.18852512403936864e-02,1.84817236359008097e-02,6.45860544517194018e-02,3.08046927688199147e-03
906,3.31250000000000044e-01,1.43750000000000017e-01,-6.47341438369276462e-02,1.78447848920377551e-02,6.71486837260652225e-02,-9.90105015882348193e-04
907,3.43750000000000000e-01,1.43750000000000017e-01,-6.74011008896619884e-02,1.70314121614150021e-02,6.95196188233968143e-02,3.36370000315568043e-03
908,3.56250000000000011e-01,1.43750000000000017e-01,-6.99968269088810380e-02,1.62069435649157129e-02,7.18485963469587541e-02,-8.85083956465554920e-04
909,3.68750000000000022e-01,1.43750000000000017e-01,-7.23930034204741946e-02,1.52061482744596712e-02,7.39727915492016663e-02,3.69042207517369892e-03
910,3.81250000000000033e-01,1.43750000000000017e-01,-7.46817263480934745e-02,1.42014081088819976e-02,7.60199989647891150e-02,-7.03593932120947564e-04
911,3.93750000000000044e-01,1.43750000000000017e-01,-7.67549328753762833e-02,1.30221095022131309e-02,7.78517505043473529e-02,4.06255992617742933e-03
912,4.06250000000000000e-01,1.43750000000000017e-01,-7.86858952150785579e-02,1.18467438572848072e-02,7.95727054071836692e-02,-4.43443156497566116e-04
913,4.18750000000000011e-01,1.43750000000000017e-01,-8.03873804676168008e-02,1.05009996566911949e-02,8.10703517460927697e-02,4.48070716055628745e-03
914,4.31250000000000022e-01,1.43750000000000017e-01,-8.19138139796631998e-02,9.16855981194400309e-03,8.24253323300553065e-02,-1.04316158421707578e-04
915,4.43750000000000033e-01,1.43750000000000017e-01,-8.31993257000356590e-02,7.67298375164082291e-03,8.35523936018206376e-02,4.94347767313607113e-03
916,4.56250000000000044e-01,1.43750000000000017e-01,-8.42796354836719275e-02,6.20220321951765047e-03,8.45075397940136808e-02,3.11614021865468842e-04
917,4.68750000000000000e-01,1.43750000000000017e-01,-8.51107214853705080e-02,4.57909450553606323e-03,8.52338138196979817e-02,5.44692484276312634e-03
918,4.81250000000000011e-01,1.43750000000000017e-01,-8.57098759992580284e-02,2.99483716768789371e-03,8.57621821869590240e-02,7.99163607755670855e-04
919,4.93750000000000022e-01,1.43750000000000017e-01,-8.60553465578901972e-02,1.27294844001525848e-03,8.60647609009025372e-02,5.98408899176430895e-03
920,5.06249999999999978e-01,1.43750000000000017e-01,-8.61463891833501305e-02,-3.93234334641735068e-04,8.61472866814223387e-02,1.34976119714024390e-03
921,5.18750000000000044e-01,1.43750000000000017e-01,-8.59838463694759664e-02,-2.17835357454255031e-03,8.60114356396018270e-02,6.54436797609768070e-03
922,5.31250000000000000e-01,1.43750000000000017e-01,-8.55494236272418829e-02,-3.88770404612905247e-03,8.56377143886008912e-02,1.94784274886729107e-03
923,5.43750000000000067e-01,1.43750000000000017e-01,-8.48669041530763779e-02,-5.69287376542661726e-03,8.50576288891039811e-02,7.10824699869905784e-03
924,5.56250000000000022e-01,1.43750000000000017e-01,-8.39010516447141336e-02,-7.39921211219549818e-03,8.42266870235927612e-02,2.57476555561891645e-03
925,5.68749999999999978e-01,1.43750000000000017e-01,-8.26988272426509852e-02,-9.17426312093444496e-03,8.32061483973508403e-02,7.65845020810537909e-03
926,5.81250000000000044e-01,1.43750000000000017e-01,-8.12087318784568690e-02,-1.08248995691977001e-02,8.19270198651843584e-02,3.21132435322172768e-03
927,5.93750000000000000e-01,1.43750000000000017e-01,-7.95010066417837225e-02,-1.25138905620742237e-02,8.04798578158318484e-02,8.17519087254531956e-03
928,6.06250000000000067e-01,1.43750000000000017e-01,-7.75085628652957687e-02,-1.40513158418652320e-02,7.87719289742948858e-02,3.83608777450785083e-03
929,6.18750000000000022e-01,1.43750000000000017e-01,-7.53248275654618688e-02,-1.55945684855676725e-02,7.69221698473049192e-02,8.63722840177028398e-03
930,6.31250000000000089e-01,1.43750000000000017e-01,-7.28677830519801201e-02,-1.69588319243573482e-02,7.48152109343350330e-02,4.42658547250546208e-03
931,6.43750000000000044e-01,1.43750000000000017e-01,-7.02536895773683556e-02,-1.82956394091869298e-02,7.25969098558900683e-02,9.02324171112429269e-03
932,6.56250000000000000e-01,1.43750000000000017e-01,-6.73862262987579147e-02,-1.94273767402493962e-02,7.01307811292231076e-02,4.96079432300988894e-03
933,6.68750000000000067e-01,1.43750000000000017e-01,-6.44038096675396271e-02,-2.04993286133741404e-02,6.75875223195211566e-02,9.31344603044676270e-03
934,6.81250000000000022e-01,1.43750000000000017e-01,-6.11963804043524767e-02,-2.13433534172137833e-02,6.48115399422533878e-02,5.41881385193739885e-03
935,6.93750000000000089e-01,1.43750000000000017e-01,-5.79234439132528256e-02,-2.20981564884375169e-02,6.19955956093593691e-02,9.49132013468982974e-03
936,7.06250000000000044e-01,1.43750000000000017e-01,-5.44616816374111426e-02,-2.26074584446496890e-02,5.89675499245244927e-02,5.78456972394786415e-03
937,7.18750000000000000e-01,1.43750000000000017e-01,-5.09901702260731962e-02,-2.30030602360882137e-02,5.59387007349028825e-02,9.54526114296746706e-03
938,7.31250000000000067e-01,1.43750000000000017e-01,-4.73727089088981229e-02,-2.31429795326368697e-02,5.27235341286530698e-02,6.04734532192404382e-03
939,7.43750000000000022e-01,1.43750000000000017e-01,-4.38059318340643863e-02,-2.31517292283929740e-02,4.95475754211598257e-02,9.46995457328843153e-03
940,7.56250000000000089e-01,1.43750000000000017e-01,-4.01410291281220841e-02,-2.29040117039277791e-02,4.62157545821596030e-02,6.20292699710766476e-03
941,7.68750000000000044e-01,1.43750000000000017e-01,-3.65896632789648596e-02,-2.25165399019910430e-02,4.29627516347124150e-02,9.26724878204237927e-03
942,7.81250000000000000e-01,1.43750000000000017e-01,-3.29906046043352205e-02,-2.18829414215858040e-02,3.95884215070535506e-02,6.25416926321761216e-03
943,7.93750000000000067e-01,1.43750000000000017e-01,-2.95675185989516948e-02,-2.11114269096545765e-02,3.63308478054261974e-02,8.94636347007122558e-03
944,8.06250000000000022e-01,1.43750000000000017e-01,-2.61469094924943329e-02,-2.01165524553874250e-02,3.29899463276169050e-02,6.21084798180087262e-03
945,8.18750000000000089e-01,1.43750000000000017e-01,-2.29609932769322539e-02,-1.89970958554256837e-02,2.98009540653241464e-02,8.52334323306061688e-03
946,8.31250000000000044e-01,1.43750000000000017e-01,-1.98242051102397281e-02,-1.76902503959019582e-02,2.65696079632832434e-02,6.08876974298180537e-03
947,8.43750000000000000e-01,1.43750000000000017e-01,-1.69735582842857301e-02,-1.62842069280076593e-02,2.35218425320853075e-02,8.01978058276170240e-03
948,8.56250000000000067e-01,1.43750000000000017e-01,-1.42117652652432262e-02,-1.47402087851008900e-02,2.04755470496575352e-02,5.90823024286999537e-03
949,8.68750000000000022e-01,1.43750000000000017e-01,-1.17767700281548263e-02,-1.31345412521184542e-02,1.76411021821100307e-02,7.46095785133614291e-03
950,8.81250000000000089e-01,1.43750000000000017e-01,-9.46018038459071377e-03,-1.14536853552889457e-02,1.48553667449496298e-02,5.69203813204903486e-03
951,8.93750000000000044e-01,1.43750000000000017e-01,-7.49713938639107007e-03,-9.76064824676778527e-03,1.23076136263740137e-02,6.87366218192301311e-03
952,9.06250000000000000e-01,1.43750000000000017e-01,-5.66915943848106223e-03,-8.06825372550781621e-03,9.86083601517080688e-03,5.46340958275723897e-03
953,9.18750000000000067e-01,1.43750000000000017e-01,-4.20529914019259193e-03,-6.42494310888059444e-03,7.67883030225677016e-03,6.28397293067083432e-03
954,9.31250000000000022e-01,1.43750000000000017e-01,-2.87846690957405116e-03,-4.87109929784150433e-03,5.65801909849593734e-03,5.24405487742445227e-03
955,9.43750000000000089e-01,1.43750000000000017e-01,-1.90920022129768569e-03,-3.43952358710807385e-03,3.93387442495002956e-03,5.71526334756282482e-03
956,9.56250000000000044e-01,1.43750000000000017e-01,-1.06381340296546139e-03,-2.19969593211360353e-03,2.44343224790172795e-03,5.05268421861620153e-03
957,9.68750000000000000e-01,1.43750000000000017e-01,-5.53289671474257051e-04,-1.16805265093694924e-03,1.29246913151569143e-03,5.18645628892558559e-03
958,9.81250000000000067e-01,1.43750000000000017e-01,-1.39859550791274450e-04,-4.45506946128726010e-04,4.66944464574193955e-04,4.90392467606154403e-03
959,9.93750000000000022e-01,1.43750000000000017e-01,-2.62571368838483617e-05,-3.38621215810346504e-05,4.28495100941180297e-05,4.71017648711406691e-03
960,6.25000000000000035e-03,1.56250000000000000e-01,-3.99621316250589235e-05,8.08621319202167447e-04,8.09608182908419060e-04,3.32321586651198545e-03
961,1.87500000000000028e-02,1.56250000000000000e-01,-3.62074644385129935e-04,2.60987908584765045e-03,2.63487511864444633e-03,2.54776082781120895e-03
962,3.12500000000000000e-02,1.56250000000000000e-01,-1.19820631438182878e-03,4.49172480817755342e-03,4.64879448074682726e-03,2.49982348183615732e-03
963,4.37500000000000042e-02,1.56250000000000000e-01,-2.22368114023101249e-03,6.46141891091519486e-03,6.83335145852689233e-03,2.24413709530119033e-03
964,5.62500000000000014e-02,1.56250000000000000e-01,-3.70590239699065396e-03,8.41117338198158794e-03,9.19138456587344915e-03,1.76774401811581367e-03
965,6.87500000000000056e-02,1.56250000000000000e-01,-5.33052377679573992e-03,1.03351699291563941e-02,1.16288529614714496e-02,2.01474412846419345e-03
966,8.12500000000000028e-02,1.56250000000000000e-01,-7.35897721666439915e-03,1.21773271240358232e-02,1.42282058447705997e-02,1.11777521514652266e-03
967,9.37500000000000000e-02,1.56250000000000000e-01,-9.48670463868349356e-03,1.39172149339425854e-02,1.68429936893407829e-02,1.85081497884853510e-03
968,1.06250000000000011e-01,1.56250000000000000e-01,-1.19678814172597715e-02,1.55437459578873696e-02,1.96172940035299406e-02,5.42443635191899496e-04
969,1.18750000000000008e-01,1.56250000000000000e-01,-1.45080305777535914e-02,1.70201700768527371e-02,2.23644615560050219e-02,1.74477994692514866e-03
970,1.31250000000000006e-01,1.56250000000000000e-01,-1.73529321181459806e-02,1.83736272701270284e-02,2.52728002437113790e-02,3.59158775805235340e-05
971,1.43750000000000017e-01,1.56250000000000000e-01,-2.02191048337853375e-02,1.95497048771046643e-02,2.81247784179980975e-02,1.69004953465885159e-03
972,1.56250000000000000e-01,1.56250000000000000e-01,-2.33427606945689134e-02,2.06075253394212878e-02,3.11376713557517323e-02,-4.06161700600443589e-04
973,1.68750000000000011e-01,1.56250000000000000e-01,-2.64526807503795494e-02,2.14742693709403243e-02,3.40718148019327899e-02,1.68102432297753245e-03
974,1.81250000000000022e-01,1.56250000000000000e-01,-2.97742268186712844e-02,2.22356102317045161e-02,3.71608254082974737e-02,-7.86704083199376149e-04
975,1.93750000000000006e-01,1.56250000000000000e-01,-3.30498198700841309e-02,2.28002415790794465e-02,4.01514832790694151e-02,1.71330093681481069e-03
976,2.06250000000000017e-01,1.56250000000000000e-01,-3.64925924730561471e-02,2.32758576535908174e-02,4.32836557480393083e-02,-1.10712986618510551e-03
977,2.18750000000000000e-01,1.56250000000000000e-01,-3.98599340447892136e-02,2.35532104518771171e-02,4.62986831847878727e-02,1.78391891418033430e-03
978,2.31250000000000011e-01,1.56250000000000000e-01,-4.33513346087839799e-02,2.37583478103046003e-02,4.94347782743905645e-02,-1.36730459454272642e-03
979,2.43750000000000022e-01,1.56250000000000000e-01,-4.67403521285194232e-02,2.37651575551243964e-02,5.24351335529707197e-02,1.89151700020933743e-03
980,2.56250000000000033e-01,1.56250000000000000e-01,-5.02114661089698433e-02,2.37151286571469708e-02,5.55301598776490185e-02,-1.56557303602274816e-03
981,2.68749999999999989e-01,1.56250000000000000e-01,-5.35554537383272009e-02,2.34667754287085500e-02,5.84711567710058597e-02,2.03632772638757042e-03
982,2.81250000000000000e-01,1.56250000000000000e-01,-5.69405353964356140e-02,2.31747346163340730e-02,6.14759538012241771e-02,-1.69892801393867481e-03
983,2.93750000000000011e-01,1.56250000000000000e-01,-6.01756206934343160e-02,2.26839262461240657e-02,6.43091427075472427e-02,2.21999001306122943e-03
984,3.06250000000000022e-01,1.56250000000000000e-01,-6.34115985167033047e-02,2.21603209857935864e-02,6.71722461485171202e-02,-1.76332753326350245e-03
985,3.18750000000000033e-01,1.56250000000000000e-01,-6.64763120838303689e-02,2.14371949781808693e-02,6.98473578369243342e-02,2.44519088199356442e-03
986,3.31250000000000044e-01,1.56250000000000000e-01,-6.95024582641223521e-02,2.06903893106636406e-02,7.25167836751113293e-02,-1.75414895968367007e-03
987,3.43750000000000000e-01,1.56250000000000000e-01,-7.23375299721539938e-02,1.97435559820743414e-02,7.49835064883576929e-02,2.71516307698470771e-03
988,3.56250000000000011e-01,1.56250000000000000e-01,-7.50953984118502005e-02,1.87811819817248170e-02,7.74083436023867977e-02,-1.66675670694714831e-03
989,3.68750000000000022e-01,1.56250000000000000e-01,-7.76438593828888829e-02,1.76193026090799391e-02,7.96178919860363599e-02,3.03307224814537745e-03
990,3.81250000000000033e-01,1.56250000000000000e-01,-8.00775494754570188e-02,1.64499741360572133e-02,8.17497130213385992e-02,-1.49715334587870673e-03
991,3.93750000000000044e-01,1.56250000000000000e-01,-8.22851728751742700e-02,1.50835503370319295e-02,8.36562201265816929e-02,3.40133098227212880e-03
992,4.06250000000000000e-01,1.56250000000000000e-01,-8.43419323630492934e-02,1.37186563175961569e-02,8.54503545100516460e-02,-1.24267910741578504e-03
993,4.18750000000000011e-01,1.56250000000000000e-01,-8.61580064298070880e-02,1.21617878460667309e-02,8.70121322320710350e-02,3.82088090926561855e-03
994,4.31250000000000022e-01,1.56250000000000000e-01,-8.77891514432933978e-02,1.06171589311426715e-02,8.84288367836117417e-02,-9.02718992449828210e-04
995,4.43750000000000033e-01,1.56250000000000000e-01,-8.91675481597922343e-02,8.88909775821368139e-03,8.96095290902923364e-02,4.29049005859005739e-03
996,4.56250000000000044e-01,1.56250000000000000e-01,-9.03296533845367455e-02,7.18640330407063332e-03,9.06150686862803589e-02,-4.79369560929963120e-04
997,4.68750000000000000e-01,1.56250000000000000e-01,-9.12301353303377610e-02,5.31278682823675859e-03,9.13846994648120914e-02,4.80612099916175647e-03
998,4.81250000000000011e-01,1.56250000000000000e-01,-9.18864306020458627e-02,3.48056473013185494e-03,9.19523271028266503e-02,2.19898077721060491e-05
999,4.93750000000000022e-01,1.56250000000000000e-01,-9.22761227118924082e-02,1.49424850192619949e-03,9.22882202739100099e-02,5.36043613685708437e-03
1000,5.06249999999999978e-01,1.56250000000000000e-01,-9.23980178019673387e-02,-4.31495846805144182e-04,9.23990253325135541e-02,5.92280890775917805e-04
1001,5.18750000000000044e-01,1.56250000000000000e-01,-9.22529473410120815e-02,-2.49006150096878253e-03,9.22865466868392215e-02,5.94245522597569055e-03
1002,5.31250000000000000e-01,1.56250000000000000e-01,-9.18215665372489193e-02,-4.46529037758257048e-03,9.19300761421993073e-02,1.21530129896315676e-03
1003,5.43750000000000067e-01,1.56250000000000000e-01,-9.11282760549939619e-02,-6.54717959387595555e-03,9.13631668528934598e-02,6.53107744648951608e-03
1004,5.56250000000000022e-01,1.56250000000000000e-01,-9.01362198376727680e-02,-8.51954697517982688e-03,9.05379523033714856e-02,1.87063792395137274e-03
1005,5.68749999999999978e-01,1.56250000000000000e-01,-8.88936363475337221e-02,-1.05679238238843894e-02,8.95196045402066737e-02,7.10744814150775315e-03
1006,5.81250000000000044e-01,1.56250000000000000e-01,-8.73468550547119998e-02,-1.24776801374538761e-02,8.82335853831265199e-02,2.53731983989818194e-03
1007,5.93750000000000000e-01,1.56250000000000000e-01,-8.55680992136250707e-02,-1.44291222367085633e-02,8.67761440233124209e-02,7.64985518644798867e-03
1008,6.06250000000000067e-01,1.56250000000000000e-01,-8.34875815563235896e-02,-1.62109861361653222e-02,8.50468832211429548e-02,3.19183451588947280e-03
1009,6.18750000000000022e-01,1.56250000000000000e-01,-8.12014725355168915e-02,-1.79977203356845618e-02,8.31720931515963352e-02,8.13487185768199672e-03
1010,6.31250000000000089e-01,1.56250000000000000e-01,-7.86245654168292590e-02,-1.95834892057057570e-02,8.10267569168065527e-02,3.80941157974989258e-03
1011,6.43750000000000044e-01,1.56250000000000000e-01,-7.58766883591193569e-02,-2.11363764966880745e-02,7.87655905059859718e-02,8.53884940048487036e-03
1012,6.56250000000000000e-01,1.56250000000000000e-01,-7.28578860431765424e-02,-2.24582767968483019e-02,7.62407093052284851e-02,4.36564662264812744e-03
1013,6.68750000000000067e-01,1.56250000000000000e-01,-6.97110316675464831e-02,-2.37105083343414763e-02,7.36329827022275674e-02,8.83968891117355333e-03
1014,6.81250000000000022e-01,1.56250000000000000e-01,-6.63220337093052142e-02,-2.47052077410137537e-02,7.07740026059347771e-02,4.83834885216758489e-03
1015,6.93750000000000089e-01,1.56250000000000000e-01,-6.28558013187782705e-02,-2.55965949166121615e-02,6.78677937666376657e-02,9.01875249258870908e-03
1016,7.06250000000000044e-01,1.56250000000000000e-01,-5.91846292516341466e-02,-2.62097160332180612e-02,6.47284292579027171e-02,5.20943940685439626e-03
1017,7.18750000000000000e-01,1.56250000000000000e-01,-5.54939875023987700e-02,-2.66913718183748316e-02,6.15793145338848769e-02,9.06271607146229632e-03
1018,7.31250000000000067e-01,1.56250000000000000e-01,-5.16429652096973626e-02,-2.68822596683797321e-02,5.82207157335617800e-02,5.46668217608616957e-03
1019,7.43750000000000022e-01,1.56250000000000000e-01,-4.78355962896534342e-02,-2.69213805858325300e-02,5.48908462772614361e-02,8.96513032481113456e-03
1020,7.56250000000000089e-01,1.56250000000000000e-01,-4.39180484262717274e-02,-2.66677928892117659e-02,5.13806009613963360e-02,5.60500906481810768e-03
1021,7.68750000000000044e-01,1.56250000000000000e-01,-4.01103723077771146e-02,-2.62521769788456316e-02,4.79376549572163094e-02,8.72745309116043991e-03
1022,7.81250000000000000e-01,1.56250000000000000e-01,-3.62459889495591117e-02,-2.55545087829642872e-02,4.43486711646488910e-02,5.62721935528149794e-03
1023,7.93750000000000067e-01,1.56250000000000000e-01,-3.25578825537109623e-02,-2.46964104022173170e-02,4.08647574706614974e-02,8.35935609959712229e-03
1024,8.06250000000000022e-01,1.56250000000000000e-01,-2.88668399218175234e-02,-2.35810612786312053e-02,3.72741317551247286e-02,5.54389575877232629e-03
1025,8.18750000000000089e-01,1.56250000000000000e-01,-2.54152301282353915e-02,-2.23200173092239426e-02,3.38248000017031952e-02,7.87819375989655402e-03
1026,8.31250000000000044e-01,1.56250000000000000e-01,-2.20113398006319301e-02,-2.08415867446972089e-02,3.03128820446954793e-02,5.37248617374309553e-03
1027,8.43750000000000000e-01,1.56250000000000000e-01,-1.89030461985512203e-02,-1.92459721451213248e-02,2.69765194084660882e-02,7.30764385818944047e-03
1028,8.56250000000000067e-01,1.56250000000000000e-01,-1.58864092491634544e-02,-1.74881392909049804e-02,2.36265320072582934e-02,5.13563572036429983e-03
1029,8.68750000000000022e-01,1.56250000000000000e-01,-1.32108173652186987e-02,-1.56554225920539115e-02,2.04845783943179045e-02,6.67566757146304326e-03
1030,8.81250000000000089e-01,1.56250000000000000e-01,-1.06606556719973083e-02,-1.37306134431297144e-02,1.73833059249828212e-02,4.85899098048083334e-03
1031,8.93750000000000044e-01,1.56250000000000000e-01,-8.48298236874782396e-03,-1.17865494558074321e-02,1.45218365898628979e-02,6.01205541665021832e-03
1032,9.06250000000000000e-01,1.56250000000000000e-01,-6.45147517371474129e-03,-9.83476231457843832e-03,1.17619760967836474e-02,4.56880086854258988e-03
1033,9.18750000000000067e-01,1.56250000000000000e-01,-4.80751808018469329e-03,-7.93200648070559178e-03,9.27517961557932334e-03,5.34588600898778729e-03
1034,9.31250000000000022e-01,1.56250000000000000e-01,-3.31556918151848469e-03,-6.11936502567543734e-03,6.95985828267321142e-03,4.28966699874066063e-03
1035,9.43750000000000089e-01,1.56250000000000000e-01,-2.20890840072337103e-03,-4.43612094239148776e-03,4.95564782226406986e-03,4.70318638299924326e-03
1036,9.56250000000000044e-01,1.56250000000000000e-01,-1.24482695811188007e-03,-2.95373326035101641e-03,3.20532905158673557e-03,4.04271533712256478e-03
1037,9.68750000000000000e-01,1.56250000000000000e-01,-6.47518025970655561e-04,-1.69286298420928596e-03,1.81247473837924241e-03,4.10491655306136592e-03
1038,9.81250000000000067e-01,1.56250000000000000e-01,-1.69696438530435594e-04,-7.55777827827953659e-04,7.74594736805159288e-04,3.84423881255418088e-03
1039,9.93750000000000022e-01,1.56250000000000000e-01,-2.76389459344781490e-05,-1.41350370945605877e-04,1.44027215132520653e-04,3.56510295505646111e-03
1040,6.25000000000000035e-03,1.68750000000000011e-01,-4.26522676313767881e-05,1.01970024282902437e-03,1.02059188766111101e-03,3.94518501421753376e-03
1041,1.87500000000000028e-02,1.68750000000000011e-01,-4.01806901805679931e-04,3.21789668217748077e-03,3.24288572779053014e-03,3.06903352173841775e-03
1042,3.12500000000000000e-02,1.68750000000000011e-01,-1.31848687109742901e-03,5.46748657845975029e-03,5.62421702238576418e-03,3.05591197175604165e-03
1043,4.37500000000000042e-02,1.68750000000000011e-01,-2.44534835281369012e-03,7.77399169587183071e-03,8.14951995237098679e-03,2.73903923450239057e-03
1044,5.62500000000000014e-02,1.68750000000000011e-01,-4.06214279817984376e-03,1.00344722861967876e-02,1.08255086797459897e-02,2.28033298013750885e-03
1045,6.87500000000000056e-02,1.68750000000000011e-01,-5.83328186654792896e-03,1.22408564623590795e-02,1.35597103312229683e-02,2.50425331567816515e-03
1046,8.12500000000000028e-02,1.68750000000000011e-01,-8.03292681410923241e-03,1.43418659787058079e-02,1.64382795009695055e-02,1.60598467055054128e-03
1047,9.37500000000000000e-02,1.68750000000000011e-01,-1.03370347602246386e-02,1.63138696624852524e-02,1.93131206954922016e-02,2.35154829945294092e-03
1048,1.06250000000000011e-01,1.68750000000000011e-01,-1.30125949194295886e-02,1.81511203956361729e-02,2.23336248323921689e-02,1.02132382489476901e-03
1049,1.18750000000000008e-01,1.68750000000000011e-01,-1.57475811283190430e-02,1.98125832595380177e-02,2.53085907709045752e-02,2.26828454756738919e-03
1050,1.31250000000000006e-01,1.68750000000000011e-01,-1.88002706435591999e-02,2.13316488953860378e-02,2.84339483868684371e-02,5.16051869367064784e-04
1051,1.43750000000000017e-01,1.68750000000000011e-01,-2.18715786647097794e-02,2.26484688641528341e-02,3.14852202656593846e-02,2.24282780398365762e-03
1052,1.56250000000000000e-01,1.68750000000000011e-01,-2.52095416789090421e-02,2.38294952082473213e-02,3.46895637554082564e-02,8.14283190736933771e-05
1053,1.68750000000000011e-01,1.68750000000000011e-01,-2.85291777235281499e-02,2.47952925737940470e-02,3.77984194828395043e-02,2.26506119876155893e-03
1054,1.81250000000000022e-01,1.68750000000000011e-01,-3.20667472820049537e-02,2.56399722051459042e-02,4.10570877672616560e-02,-2.89383797596669203e-04
1055,1.93750000000000006e-01,1.68750000000000011e-01,-3.55525917874771474e-02,2.62644298843647019e-02,4.42018897781271056e-02,2.32685517851832606e-03
1056,2.06250000000000017e-01,1.68750000000000011e-01,-3.92096688206600846e-02,2.67858592061522710e-02,4.74855807844618907e-02,-6.01032456839566977e-04
1057,2.18750000000000000e-01,1.68750000000000011e-01,-4.27848063291740924e-02,2.70860585391437050e-02,5.06378733736998002e-02,2.42240053906393185e-03
1058,2.31250000000000011e-01,1.68750000000000011e-01,-4.64861830593440856e-02,2.73015583304664772e-02,5.39104841630893977e-02,-8.55836929269478651e-04
1059,2.43750000000000022e-01,1.68750000000000011e-01,-5.00781615052207779e-02,2.72961919626569932e-02,5.70342384485424334e-02,2.54834115449779387e-03
1060,2.56250000000000033e-01,1.68750000000000011e-01,-5.37527719275875532e-02,2.72228317743170370e-02,6.02531580891160420e-02,-1.05383477145601216e-03
1061,2.68749999999999989e-01,1.68750000000000011e-01,-5.72928298369057634e-02,2.69289193384689464e-02,6.33058847774707750e-02,2.70368900590848204e-03
1062,2.81250000000000000e-01,1.68750000000000011e-01,-6.08730065985250354e-02,2.65813008642665667e-02,6.64235537138802290e-02,-1.19301722998165047e-03
1063,2.93750000000000011e-01,1.68750000000000011e-01,-6.42953704504330148e-02,2.60129110428917974e-02,6.93582453806598082e-02,2.88953683831065207e-03
1064,3.06250000000000022e-01,1.68750000000000011e-01,-6.77162232047174434e-02,2.54026921919272390e-02,7.23241567922427581e-02,-1.26973208771773475e-03
1065,3.18750000000000033e-01,1.68750000000000011e-01,-7.09575884741331653e-02,2.45711450405291763e-02,7.50914144937166461e-02,3.10859973887885879e-03
1066,3.31250000000000044e-01,1.68750000000000011e-01,-7.41566111152402174e-02,2.37077892832590550e-02,7.78541087213538291e-02,-1.27922401607106248e-03
1067,3.43750000000000000e-01,1.68750000000000011e-01,-7.71558988989748951e-02,2.26228438807621370e-02,8.04041404416599159e-02,3.36462146814944883e-03
1068,3.56250000000000011e-01,1.68750000000000011e-01,-8.00728818801730857e-02,2.15151307560537443e-02,8.29130102218357673e-02,-1.21628098852719687e-03
1069,3.68750000000000022e-01,1.68750000000000011e-01,-8.27713266168073475e-02,2.01867306667091878e-02,8.51973978764402062e-02,3.66168093627696270e-03
1070,3.81250000000000033e-01,1.68750000000000011e-01,-8.53486117152418011e-02,1.88446408307112040e-02,8.74042676861811890e-02,-1.07595575682574961e-03
1071,3.93750000000000044e-01,1.68750000000000011e-01,-8.76901973014552333e-02,1.72848737341559262e-02,8.93775003162085580e-02,4.00343360970327727e-03
1072,4.06250000000000000e-01,1.68750000000000011e-01,-8.98732758789225761e-02,1.57215478454913460e-02,9.12380007664953252e-02,-8.54330236759523053e-04
1073,4.18750000000000011e-01,1.68750000000000011e-01,-9.18055048744940150e-02,1.39465607101617560e-02,9.28588029262868014e-02,4.39232451910260245e-03
1074,4.31250000000000022e-01,1.68750000000000011e-01,-9.35439319372221717e-02,1.21801125777071268e-02,9.43335695533741303e-02,-5.49286340086993030e-04
1075,4.43750000000000033e-01,1.68750000000000011e-01,-9.50188885346590767e-02,1.02117991970357321e-02,9.55660505681936584e-02,4.82881468844500832e-03
1076,4.56250000000000044e-01,1.68750000000000011e-01,-9.62674652218178245e-02,8.26683113321007024e-03,9.66217644075024890e-02,-1.61239543263290045e-04
1077,4.68750000000000000e-01,1.68750000000000011e-01,-9.72431174156917211e-02,6.13416788086929270e-03,9.74363992577347571e-02,5.31067088413290141e-03
1078,4.81250000000000011e-01,1.68750000000000011e-01,-9.79632836398056928e-02,4.04288386719206961e-03,9.80466718020383543e-02,3.06216861507634488e-04
1079,4.93750000000000022e-01,1.68750000000000011e-01,-9.84049606270728378e-02,1.78282583429453822e-03,9.84211092396909681e-02,5.83238127329369256e-03
1080,5.06249999999999978e-01,1.68750000000000011e-01,-9.85663329065476768e-02,-4.14343655867231903e-04,9.85672037916747457e-02,8.45814968885951033e-04
1081,5.18750000000000044e-01,1.68750000000000011e-01,-9.84482882516644481e-02,-2.75650805530379015e-03,9.84868711876957098e-02,6.38511934701290612e-03
1082,5.31250000000000000e-01,1.68750000000000011e-01,-9.80302388753104131e-02,-5.01031569739679439e-03,9.81581937351029415e-02,1.44324536790601740e-03
1083,5.43750000000000067e-01,1.68750000000000011e-01,-9.73371743473853829e-02,-7.37990479824569487e-03,9.76165380699626634e-02,6.94887522831049570e-03
1084,5.56250000000000022e-01,1.68750000000000011e-01,-9.63304572338378323e-02,-9.63181018042444555e-03,9.68107884392642865e-02,2.07916235325705150e-03
1085,5.68749999999999978e-01,1.68750000000000011e-01,-9.50595075194937134e-02,-1.19652821478225743e-02,9.58095921436141057e-02,7.50624578521834774e-03
1086,5.81250000000000044e-01,1.68750000000000011e-01,-9.34683228825773926e-02,-1.41484241454182189e-02,9.45330909696725924e-02,2.73397333463822317e-03
1087,5.93750000000000000e-01,1.68750000000000011e-01,-9.16309783764672203e-02,-1.63747772980380561e-02,9.30825952033404874e-02,8.03665322034230641e-03
1088,6.06250000000000067e-01,1.68750000000000011e-01,-8.94748053399689186e-02,-1.84159698411552955e-02,9.13503625379542272e-02,3.38519271791577021e-03
1089,6.18750000000000022e-01,1.68750000000000011e-01,-8.70985916902629054e-02,-2.04591462745425771e-02,8.94692200743376492e-02,8.51741146912841571e-03
1090,6.31250000000000089e-01,1.68750000000000011e-01,-8.44137139523362667e-02,-2.22816937451559838e-02,8.73049195600097555e-02,4.00864247075527740e-03
1091,6.43750000000000044e-01,1.68750000000000011e-01,-8.15434916862780440e-02,-2.40638186633948155e-02,8.50200470774678252e-02,8.92514282460802819e-03
1092,6.56250000000000000e-01,1.68750000000000011e-01,-7.83840378768966423e-02,-2.55911714336123433e-02,8.24558393883132040e-02,4.58001539789323030e-03
1093,6.68750000000000067e-01,1.68750000000000011e-01,-7.50827063774610753e-02,-2.70366093353798451e-02,7.98021994766935222e-02,9.23750493941260728e-03
1094,6.81250000000000022e-01,1.68750000000000011e-01,-7.15209801561056679e-02,-2.81967917021094978e-02,7.68785383886960438e-02,5.07669184832213165e-03
1095,6.93750000000000089e-01,1.68750000000000011e-01,-6.78693512314475639e-02,-2.92369086225103686e-02,7.38988880997448749e-02,9.43509255245094346e-03
1096,7.06250000000000044e-01,1.68750000000000011e-01,-6.39952111980921085e-02,-2.99675592142505803e-02,7.06642884457773929e-02,5.47964087337006207e-03
1097,7.18750000000000000e-01,1.68750000000000011e-01,-6.00908131251801300e-02,-3.05459825652493744e-02,6.74089227990022077e-02,9.50331648514955891e-03
1098,7.31250000000000067e-01,1.68750000000000011e-01,-5.60098698815693283e-02,-3.07997452765708668e-02,6.39197139640969997e-02,5.77518754177962657e-03
1099,7.43750000000000022e-01,1.68750000000000011e-01,-5.19644674200088336e-02,-3.08778068038803692e-02,6.04462143335951219e-02,9.43402242056697038e-03
1100,7.56250000000000089e-01,1.68750000000000011e-01,-4.77949103482160423e-02,-3.06277058140241656e-02,5.67662736017119501e-02,5.95640306090351387e-03
1101,7.68750000000000044e-01,1.68750000000000011e-01,-4.37305962962345196e-02,-3.01896551642811400e-02,5.31392541475926919e-02,9.22660437131149654e-03
1102,7.81250000000000000e-01,1.68750000000000011e-01,-3.95985597455563165e-02,-2.94340043638152415e-02,4.93397055809161461e-02,6.02388779549396791e-03
1103,7.93750000000000067e-01,1.68750000000000011e-01,-3.56424000418731693e-02,-2.84915198188436664e-02,4.56305531670664899e-02,8.88840432019764870e-03
1104,8.06250000000000022e-01,1.68750000000000011e-01,-3.16759340098227080e-02,-2.72578880242636927e-02,4.17894395145225750e-02,5.98577886406427302e-03
1105,8.18750000000000089e-01,1.68750000000000011e-01,-2.79533319035940968e-02,-2.58534216872293131e-02,3.80760840613920057e-02,8.43427532462528128e-03
1106,8.31250000000000044e-01,1.68750000000000011e-01,-2.42752497413393532e-02,-2.42012337403098195e-02,3.42780901532962687e-02,5.85692355240289252e-03
1107,8.43750000000000000e-01,1.68750000000000011e-01,-2.09024210884119280e-02,-2.24098394014553108e-02,3.06449361127790025e-02,7.88531319037543907e-03
1108,8.56250000000000067e-01,1.68750000000000011e-01,-1.76225337409782468e-02,-2.04313590267618840e-02,2.69813662947664887e-02,5.65730288420209990e-03
1109,8.68750000000000022e-01,1.68750000000000011e-01,-1.46987244740520440e-02,-1.83608680145544469e-02,2.35196508352480647e-02,7.26690872894332311e-03
1110,8.81250000000000089e-01,1.68750000000000011e-01,-1.19061995879745537e-02,-1.61805688622676351e-02,2.00890118556207344e-02,5.40993606262974575e-03
1111,8.93750000000000044e-01,1.68750000000000011e-01,-9.50648562137573934e-03,-1.39702689406334558e-02,1.68979786703336646e-02,6.60640059412455349e-03
1112,9.06250000000000000e-01,1.68750000000000011e-01,-7.26324672682272972e-03,-1.17428980934508875e-02,1.38076213971803849e-02,5.13860325826494702e-03
1113,9.18750000000000067e-01,1.68750000000000011e-01,-5.43289570157470900e-03,-9.56115278059066140e-03,1.09969085745942937e-02,5.93067078489691469e-03
1114,9.31250000000000022e-01,1.68750000000000011e-01,-3.76906987630900876e-03,-7.46902439935479001e-03,8.36613490272880914e-03,4.86574453460311262e-03
1115,9.43750000000000089e-01,1.68750000000000011e-01,-2.52049660457422586e-03,-5.51043025606035367e-03,6.05951687352841457e-03,5.26397721620559984e-03
1116,9.56250000000000044e-01,1.68750000000000011e-01,-1.43293364953458666e-03,-3.76053993991465330e-03,4.02429614760914638e-03,4.61078888586744558e-03
1117,9.68750000000000000e-01,1.68750000000000011e-01,-7.46278208321760951e-04,-2.24320685299741508e-03,2.36408717046358158e-03,4.62613620678385684e-03
1118,9.81250000000000067e-01,1.68750000000000011e-01,-2.01163969830321139e-04,-1.06498085753437260e-03,1.08381325405834650e-03,4.38893163847810935e-03
1119,9.93750000000000022e-01,1.68750000000000011e-01,-2.95858846258399902e-05,-2.31092081416228457e-04,2.32978270794463301e-04,4.03084507730644415e-03
1120,6.25000000000000035e-03,1.81250000000000022e-01,-4.51386279499884288e-05,1.25316674352745640e-03,1.25397941881691876e-03,3.69839633949005505e-03
1121,1.87500000000000028e-02,1.81250000000000022e-01,-4.38999939751459839e-04,3.88550612683598610e-03,3.91022746253741251e-03,2.72566660596356000e-03
1122,3.12500000000000000e-02,1.81250000000000022e-01,-1.43289818109840444e-03,6.53550969152227618e-03,6.69074615610073132e-03,2.73747398162800743e-03
1123,4.37500000000000042e-02,1.81250000000000022e-01,-2.65724753620904088e-03,9.20471128852177155e-03,9.58058841479630420e-03,2.35555831747456335e-03
1124,5.62500000000000014e-02,1.81250000000000022e-01,-4.40390081904009929e-03,1.17995001073723967e-02,1.25945442636017299e-02,1.89985088604733730e-03
1125,6.87500000000000056e-02,1.81250000000000022e-01,-6.31706399804349197e-03,1.43054408754259791e-02,1.56381244462271002e-02,2.08649059063203881e-03
1126,8.12500000000000028e-02,1.81250000000000022e-01,-8.68253867025758214e-03,1.66816193650046983e-02,1.88059273209118319e-02,1.17053771875599041e-03
1127,9.37500000000000000e-02,1.81250000000000022e-01,-1.11583771971948530e-02,1.88962233686341512e-02,2.19448545056054843e-02,1.90277230181879029e-03
1128,1.06250000000000011e-01,1.81250000000000022e-01,-1.40227301395371411e-02,2.09549738686848896e-02,2.52140415325181437e-02,5.35483515140308349e-04
1129,1.18750000000000008e-01,1.81250000000000022e-01,-1.69478738409613548e-02,2.28070432838353640e-02,2.84146379720010174e-02,1.78984475493433669e-03
1130,1.31250000000000006e-01,1.81250000000000022e-01,-2.02027149566558900e-02,2.44984438739602878e-02,3.17541090863130634e-02,-1.75256663213117817e-05
1131,1.43750000000000017e-01,1.81250000000000022e-01,-2.34744272873186124e-02,2.59580351080338778e-02,3.49981188514115471e-02,1.73490185991144203e-03
1132,1.56250000000000000e-01,1.81250000000000022e-01,-2.70210747097878387e-02,2.72660755951995154e-02,3.83872030348014620e-02,-4.98418927268255707e-04
1133,1.68750000000000011e-01,1.81250000000000022e-01,-3.05456006837178419e-02,2.83304012072928407e-02,4.16610772027719359e-02,1.72729069255629555e-03
1134,1.81250000000000022e-01,1.81250000000000022e-01,-3.42936211308122185e-02,2.92601015098506063e-02,4.50799954595212035e-02,-9.14584878022530953e-04
1135,1.93750000000000006e-01,1.81250000000000022e-01,-3.79848065382850791e-02,2.99419624466754491e-02,4.83669995235291375e-02,1.75881619078130792e-03
1136,2.06250000000000017e-01,1.81250000000000022e-01,-4.18507414154767193e-02,3.05092686184054822e-02,5.17909261227786841e-02,-1.27073962337788306e-03
1137,2.18750000000000000e-01,1.81250000000000022e-01,-4.56287746638802949e-02,3.08284038710272441e-02,5.50670097477821280e-02,1.82392782294679939e-03
1138,2.31250000000000011e-01,1.81250000000000022e-01,-4.95349460074107004e-02,3.10530111467040397e-02,5.84636671552034859e-02,-1.56892863829641315e-03
1139,2.43750000000000022e-01,1.81250000000000022e-01,-5.33251733133926903e-02,3.10303128692039631e-02,6.16964701232092586e-02,1.91974416281393326e-03
1140,2.56250000000000033e-01,1.81250000000000022e-01,-5.71985630320513971e-02,3.09312087931177468e-02,6.50262661571076317e-02,-1.80868233138808737e-03
1141,2.68749999999999989e-01,1.81250000000000022e-01,-6.09304095060756029e-02,3.05854718384440984e-02,6.81761387155236792e-02,2.04589317516652713e-03
1142,2.81250000000000000e-01,1.81250000000000022e-01,-6.47016712725154292e-02,3.01787820114551610e-02,7.13937332624620391e-02,-1.98733038491005288e-03
1143,2.93750000000000011e-01,1.81250000000000022e-01,-6.83077434118053856e-02,2.95255084774449540e-02,7.44157473984150414e-02,2.20417182230988901e-03
1144,3.06250000000000022e-01,1.81250000000000022e-01,-7.19104311018004122e-02,2.88241315809902032e-02,7.74721928348812150e-02,-2.10046427994982354e-03
1145,3.18750000000000033e-01,1.81250000000000022e-01,-7.53258822721228766e-02,2.78758615086455892e-02,8.03184424333720781e-02,2.39804533152686078e-03
1146,3.31250000000000044e-01,1.81250000000000022e-01,-7.86959711040881860e-02,2.68903684436792613e-02,8.31633800602903789e-02,-2.14252781727161017e-03
1147,3.43750000000000000e-01,1.81250000000000022e-01,-8.18581929034914446e-02,2.56580279331521492e-02,8.57851860337414812e-02,2.63201414726838738e-03
1148,3.56250000000000011e-01,1.81250000000000022e-01,-8.49339434530043819e-02,2.43983444813500178e-02,8.83688517743031893e-02,-2.10751099017084630e-03
1149,3.68750000000000022e-01,1.81250000000000022e-01,-8.77826158623932346e-02,2.28931661780809037e-02,9.07187119909763640e-02,2.91087939513638228e-03
1150,3.81250000000000033e-01,1.81250000000000022e-01,-9.05047993963415676e-02,2.13706352592410061e-02,9.29936705650204060e-02,-1.98971995675880937e-03
1151,3.93750000000000044e-01,1.81250000000000022e-01,-9.29823017219281178e-02,1.96062911217989438e-02,9.50269176868344390e-02,3.23893970986396506e-03
1152,4.06250000000000000e-01,1.81250000000000022e-01,-9.52947761760300494e-02,1.78357992706387296e-02,9.69495234751681506e-02,-1.78459218253496478e-03
1153,4.18750000000000011e-01,1.81250000000000022e-01,-9.73469350905781100e-02,1.58304740581593738e-02,9.86257049680015485e-02,3.61915609824520201e-03
1154,4.31250000000000022e-01,1.81250000000000022e-01,-9.91975386454975738e-02,1.38324119536277906e-02,1.00157312732420345e-01,-1.48951955026269144e-03
1155,4.43750000000000033e-01,1.81250000000000022e-01,-1.00774671602020180e-01,1.16106256305781794e-02,1.01441318327535807e-01,4.05232795289432561e-03
1156,4.56250000000000044e-01,1.81250000000000022e-01,-1.02116386462681244e-01,9.41252438002042162e-03,1.02549266206054090e-01,-1.10463342845557857e-03
1157,4.68750000000000000e-01,1.81250000000000022e-01,-1.03174588948666462e-01,7.00657537793392300e-03,1.03412223181077387e-01,4.53633224327108005e-03
1158,4.81250000000000011e-01,1.81250000000000022e-01,-1.03966922514331289e-01,4.64431166390343823e-03,1.04070603956796737e-01,-6.33495939163294095e-04
1159,4.93750000000000022e-01,1.81250000000000022e-01,-1.04469546361330379e-01,2.09525485745051636e-03,1.04490555601259139e-01,5.06549252561228763e-03
1160,5.06249999999999978e-01,1.81250000000000022e-01,-1.04680081577441311e-01,-3.86265077446380420e-04,1.04680794225921983e-01,-8.36336548746978220e-05
1161,5.18750000000000044e-01,1.81250000000000022e-01,-1.04599339847694303e-01,-3.02819819391033458e-03,1.04643164520550752e-01,5.63103753541616559e-03
1162,5.31250000000000000e-01,1.81250000000000022e-01,-1.04205358582049767e-01,-5.57451511641255705e-03,1.04354357724038935e-01,5.30473422511194164e-04
1163,5.43750000000000067e-01,1.81250000000000022e-01,-1.03523701626281037e-01,-8.24899075924075305e-03,1.03851830253266608e-01,6.21148860871699807e-03
1164,5.56250000000000022e-01,1.81250000000000022e-01,-1.02513667016818605e-01,-1.07953503942792642e-02,1.03080509871509796e-01,1.18773091475892476e-03
1165,5.68749999999999978e-01,1.81250000000000022e-01,-1.01225960142326099e-01,-1.34320632408396878e-02,1.02113247571711821e-01,6.78806353490450914e-03
1166,5.81250000000000044e-01,1.81250000000000022e-01,-9.96018084111036373e-02,-1.59043827737995400e-02,1.00863618962328164e-01,1.86698459444933559e-03
1167,5.93750000000000000e-01,1.81250000000000022e-01,-9.77173507633463528e-02,-1.84246093447746027e-02,9.94391616502996317e-02,7.33842432819014831e-03
1168,6.06250000000000067e-01,1.81250000000000022e-01,-9.54964732618472506e-02,-2.07415940887893044e-02,9.77230276382941715e-02,2.54381313980338482e-03
1169,6.18750000000000022e-01,1.81250000000000022e-01,-9.30408853678449527e-02,-2.30607350279084626e-02,9.58561622957015136e-02,7.83780830385518920e-03
1170,6.31250000000000089e-01,1.81250000000000022e-01,-9.02578980230804573e-02,-2.51368687976602223e-02,9.36928509999326170e-02,3.19180436888428154e-03
1171,6.43750000000000044e-01,1.81250000000000022e-01,-8.72746961900915941e-02,-2.71679191839358444e-02,9.14055163973031687e-02,8.26053871431593929e-03
1172,6.56250000000000000e-01,1.81250000000000022e-01,-8.39827753433358831e-02,-2.89174101926318733e-02,8.88218619857642638e-02,3.78423907638523365e-03
1173,6.68750000000000067e-01,1.81250000000000022e-01,-8.05343880406617085e-02,-3.05753659118630818e-02,8.61431405146584755e-02,8.58188918596943309e-03
1174,6.81250000000000022e-01,1.81250000000000022e-01,-7.68059225231257636e-02,-3.19169892374284933e-02,8.31735771541090019e-02,4.29606906373694586e-03
1175,6.93750000000000089e-01,1.81250000000000022e-01,-7.29738877146867554e-02,-3.31240873172456568e-02,8.01398368403394290e-02,8.78016207032772389e-03
1176,7.06250000000000044e-01,1.81250000000000022e-01,-6.89001758552901800e-02,-3.39867680690428484e-02,7.68266531658696045e-02,4.70601253533242583e-03
1177,7.18750000000000000e-01,1.81250000000000022e-01,-6.47842439129280717e-02,-3.46783509346218141e-02,7.34818772413616539e-02,8.83877110634235554e-03
1178,7.31250000000000067e-01,1.81250000000000022e-01,-6.04739612518401318e-02,-3.50072157189132149e-02,6.98756405471862990e-02,4.99853352317238334e-03
1179,7.43750000000000022e-01,1.81250000000000022e-01,-5.61898435685183884e-02,-3.51378834992245731e-02,6.62719350634915910e-02,8.74807125730524618e-03
1180,7.56250000000000089e-01,1.81250000000000022e-01,-5.17660457443578220e-02,-3.49003791050328527e-02,6.24320426838811740e-02,5.16543921678082156e-03
1181,7.68750000000000044e-01,1.81250000000000022e-01,-4.74416160925533459e-02,-3.44499682358433423e-02,5.86302588167904315e-02,8.50666426837474489e-03
1182,7.81250000000000000e-01,1.81250000000000022e-01,-4.30371398294061638e-02,-3.36415326757214458e-02,5.46255263175330213e-02,5.20683666630199649e-03
1183,7.93750000000000067e-01,1.81250000000000022e-01,-3.88070285641438570e-02,-3.26203662502177819e-02,5.06958949055702629e-02,8.12194130310278650e-03
1184,8.06250000000000022e-01,1.81250000000000022e-01,-3.45583217221440628e-02,-3.12690768429324875e-02,4.66050723297414399e-02,5.13125030503219434e-03
1185,8.18750000000000089e-01,1.81250000000000022e-01,-3.05570455060391495e-02,-2.97219138437150171e-02,4.26277514371960001e-02,7.60971126212879601e-03
1186,8.31250000000000044e-01,1.81250000000000022e-01,-2.65966900472486140e-02,-2.78915714243000330e-02,3.85398972233482184e-02,4.95481579409943248e-03
1187,8.43750000000000000e-01,1.81250000000000022e-01,-2.29507174836980424e-02,-2.58997758030661100e-02,3.46054015966526796e-02,6.99289924137720068e-03
1188,8.56250000000000067e-01,1.81250000000000022e-01,-1.93991818522910239e-02,-2.36910422284226825e-02,3.06201524883068510e-02,4.69961989595198051e-03
1189,8.68750000000000022e-01,1.81250000000000022e-01,-1.62186122997069297e-02,-2.13727136144456868e-02,2.68297646686160261e-02,6.29946085555611705e-03
1190,8.81250000000000089e-01,1.81250000000000022e-01,-1.31760361683869679e-02,-1.89221964181019338e-02,2.30576982024631241e-02,4.39141864678839044e-03
1191,8.93750000000000044e-01,1.81250000000000022e-01,-1.05468115471063165e-02,-1.64303228533498637e-02,1.95241067113321731e-02,5.55980469904953593e-03
1192,9.06250000000000000e-01,1.81250000000000022e-01,-8.08582872055059985e-03,-1.39078387567158675e-02,1.60875294865584911e-02,4.05709085031787878e-03
1193,9.18750000000000067e-01,1.81250000000000022e-01,-6.06355029715237824e-03,-1.14268626844428577e-02,1.29359898351540659e-02,4.80409719967559053e-03
1194,9.31250000000000022e-01,1.81250000000000022e-01,-4.22424652744697333e-03,-9.03139685089207264e-03,9.97047580624671470e-03,3.72222047207700427e-03
1195,9.43750000000000089e-01,1.81250000000000022e-01,-2.83069614003406871e-03,-6.77279117521880150e-03,7.34054091605826093e-03,4.05979617634742544e-03
1196,9.56250000000000044e-01,1.81250000000000022e-01,-1.61876426054959489e-03,-4.72773392539473179e-03,4.99718578807722101e-03,3.40911017174166768e-03
1197,9.68750000000000000e-01,1.81250000000000022e-01,-8.42139406445177640e-04,-2.92501578717955374e-03,3.04383247488055134e-03,3.34960034118562521e-03
1198,9.81250000000000067e-01,1.81250000000000022e-01,-2.31160558091956711e-04,-1.47241654416505443e-03,1.49045150311855057e-03,3.13529478845136697e-03
1199,9.93750000000000022e-01,1.81250000000000022e-01,-3.08234750202427242e-05,-3.72279526568076514e-04,3.73553386431008929e-04,2.68974173115123835e-03
1200,6.25000000000000035e-03,1.93750000000000006e-01,-4.79995125926361082e-05,1.50405571328850315e-03,1.50482143189313946e-03,4.24261463824223990e-03
1201,1.87500000000000028e-02,1.93750000000000006e-01,-4.75764536505628058e-04,4.60562981632665642e-03,4.63013800002046692e-03,3.18153067648437168e-03
1202,3.12500000000000000e-02,1.93750000000000006e-01,-1.54587447153050977e-03,7.68612701721478695e-03,7.84004313805024972e-03,3.21687549147624784e-03
1203,4.37500000000000042e-02,1.93750000000000006e-01,-2.86492777153330878e-03,1.07448174392293580e-02,1.11202029180438138e-02,2.78901902400587390e-03
1204,5.62500000000000014e-02,1.93750000000000006e-01,-4.73913067642511409e-03,1.36948246727674073e-02,1.44916383610022674e-02,2.33497822152998590e-03
1205,6.87500000000000056e-02,1.93750000000000006e-01,-6.79023653733153241e-03,1.65191777148836448e-02,1.78603063973947693e-02,2.51610130486497850e-03
1206,8.12500000000000028e-02,1.93750000000000006e-01,-9.31847485595184780e-03,1.91838551934977869e-02,2.13273128576034823e-02,1.57878968496004998e-03
1207,9.37500000000000000e-02,1.93750000000000006e-01,-1.19611392786508567e-02,2.16536077810460630e-02,2.47375743107254333e-02,2.34313567903523395e-03
1208,1.06250000000000011e-01,1.93750000000000006e-01,-1.50106931209530951e-02,2.39414307061622395e-02,2.82579725427957208e-02,9.30512390179530162e-04
1209,1.18750000000000008e-01,1.93750000000000006e-01,-1.81205279494093714e-02,2.59919814195285100e-02,3.16849590701714715e-02,2.25117865369100362e-03
1210,1.31250000000000006e-01,1.93750000000000006e-01,-2.15734580590433156e-02,2.78591504503255087e-02,3.52355836682063939e-02,3.74033890799507470e-04
1211,1.43750000000000017e-01,1.93750000000000006e-01,-2.50396909779715578e-02,2.94661128210870760e-02,3.86683065191293640e-02,2.22313273476423476e-03
1212,1.56250000000000000e-01,1.93750000000000006e-01,-2.87904994639137136e-02,3.09017471508649701e-02,4.22351848150047393e-02,-1.04290609747888349e-04
1213,1.68750000000000011e-01,1.93750000000000006e-01,-3.25137282453935444e-02,3.20669989572346867e-02,4.56665626748783485e-02,2.24450206018090605e-03
1214,1.81250000000000022e-01,1.93750000000000006e-01,-3.64672635684193669e-02,3.30803822655650892e-02,4.92358914106821033e-02,-5.15141522436821878e-04
1215,1.93750000000000006e-01,1.93750000000000006e-01,-4.03574396375262559e-02,3.38205915115733641e-02,5.26550600065110938e-02,2.30389407643193664e-03
1216,2.06250000000000017e-01,1.93750000000000006e-01,-4.44270075129057085e-02,3.44311516706390375e-02,5.62073233833308428e-02,-8.65958032702027832e-04
1217,2.18750000000000000e-01,1.93750000000000006e-01,-4.84016148861203255e-02,3.47691921849172803e-02,5.95954113063750721e-02,2.39328392979799159e-03
1218,2.31250000000000011e-01,1.93750000000000006e-01,-5.25072720002276588e-02,3.49993952015463100e-02,6.31028626718306146e-02,-1.16087858786861724e-03
1219,2.43750000000000022e-01,1.93750000000000006e-01,-5.64897000029478194e-02,3.49586327725774082e-02,6.64318614201872687e-02,2.50803875321171151e-03
1220,2.56250000000000033e-01,1.93750000000000006e-01,-6.05567484577554382e-02,3.48296131230809852e-02,6.98585838253207164e-02,-1.40089513240973149e-03
1221,2.68749999999999989e-01,1.93750000000000006e-01,-6.44748944019483822e-02,3.44307537779926995e-02,7.30923307458665877e-02,2.64671324345804254e-03
1222,2.81250000000000000e-01,1.93750000000000006e-01,-6.84326263440410004e-02,3.39602792439469142e-02,7.63958435693329191e-02,-1.58420239442627446e-03
1223,2.93750000000000011e-01,1.93750000000000006e-01,-7.22177843076541870e-02,3.32203077965090784e-02,7.94921204925473496e-02,2.81064347573584117e-03
1224,3.06250000000000022e-01,1.93750000000000006e-01,-7.59985354608437441e-02,3.24225665930951909e-02,8.26256631844901751e-02,-1.70671329501667396e-03
1225,3.18750000000000033e-01,1.93750000000000006e-01,-7.95846252460053472e-02,3.13552415936788967e-02,8.55386681620954603e-02,3.00337330944771717e-03
1226,3.31250000000000044e-01,1.93750000000000006e-01,-8.31231852162661461e-02,3.02419176768285759e-02,8.84535895555955548e-02,-1.76270893825388126e-03
1227,3.43750000000000000e-01,1.93750000000000006e-01,-8.64463576025747971e-02,2.88593018525397406e-02,9.11363376824428084e-02,3.22994821126900778e-03
1228,3.56250000000000011e-01,1.93750000000000006e-01,-8.96797623362209501e-02,2.74414443038722144e-02,9.37842878000552660e-02,-1.74559330087255293e-03
1229,3.68750000000000022e-01,1.93750000000000006e-01,-9.26783919384239069e-02,2.57560112432411031e-02,9.61907295296905301e-02,3.49610915622854167e-03
1230,3.81250000000000033e-01,1.93750000000000006e-01,-9.55460983710739037e-02,2.40462802131749080e-02,9.85255322544641571e-02,-1.64872448377109465e-03
1231,3.93750000000000044e-01,1.93750000000000006e-01,-9.81611513551338410e-02,2.20732245318643050e-02,1.00612319705886868e-01,3.80741828803908338e-03
1232,4.06250000000000000e-01,1.93750000000000006e-01,-1.00605572225698339e-01,2.00881873364247149e-02,1.02591502734502821e-01,-1.46629322581539549e-03
1233,4.18750000000000011e-01,1.93750000000000006e-01,-1.02781317290861179e-01,1.78476573314906087e-02,1.04319404025650903e-01,4.16835030907577227e-03
1234,4.31250000000000022e-01,1.93750000000000006e-01,-1.04748678096724682e-01,1.56098970949206089e-02,1.05905403310337570e-01,-1.19421405128360722e-03
1235,4.43750000000000033e-01,1.93750000000000006e-01,-1.06433696990499357e-01,1.31289523572619589e-02,1.07240389989335105e-01,4.58138901467813626e-03
1236,4.56250000000000044e-01,1.93750000000000006e-01,-1.07875167300145347e-01,1.06688273369475849e-02,1.08401455694930357e-01,-8.30985300399109572e-04
1237,4.68750000000000000e-01,1.93750000000000006e-01,-1.09023616038952123e-01,7.98299176283275014e-03,1.09315493008513273e-01,5.04617358168237603e-03
1238,4.81250000000000011e-01,1.93750000000000006e-01,-1.09896663733409602e-01,5.33993969744658674e-03,1.10026322558315431e-01,-3.78463014579424471e-04
1239,4.93750000000000022e-01,1.93750000000000006e-01,-1.10469743272934004e-01,2.49426678697392589e-03,1.10497898376360759e-01,5.55873174656089201e-03
1240,5.06249999999999978e-01,1.93750000000000006e-01,-1.10739671807315920e-01,-2.82444287666021939e-04,1.10740031997320978e-01,1.57518327804020546e-04
1241,5.18750000000000044e-01,1.93750000000000006e-01,-1.10707332214972490e-01,-3.23294206926233972e-03,1.10754527314144105e-01,6.11223433676968270e-03
1242,5.31250000000000000e-01,1.93750000000000006e-01,-1.10349110644281920e-01,-6.08385448136736316e-03,1.10516693333335067e-01,7.64472571039269237e-04
1243,5.43750000000000067e-01,1.93750000000000006e-01,-1.09691116260222238e-01,-9.07328747788168147e-03,1.10065732778507758e-01,6.68658009732864440e-03
1244,5.56250000000000022e-01,1.93750000000000006e-01,-1.08690449612537404e-01,-1.19274705507379022e-02,1.09342939372939180e-01,1.42195059902366656e-03
1245,5.68749999999999978e-01,1.93750000000000006e-01,-1.07398954513903064e-01,-1.48788005545682014e-02,1.08424693389568963e-01,7.26385722005442203e-03
1246,5.81250000000000044e-01,1.93750000000000006e-01,-1.05754974827594800e-01,-1.76549819936187742e-02,1.07218529601838003e-01,2.10986797204211008e-03
1247,5.93750000000000000e-01,1.93750000000000006e-01,-1.03836513769113958e-01,-2.04817298513193420e-02,1.05837246985292566e-01,7.82245144536861808e-03
1248,6.06250000000000067e-01,1.93750000000000006e-01,-1.01563889643231903e-01,-2.30904242310490046e-02,1.04155611325710162e-01,2.80442319342708761e-03
1249,6.18750000000000022e-01,1.93750000000000006e-01,-9.90415299740902283e-02,-2.56992858023962351e-02,1.02321444235125306e-01,8.33785690866179624e-03
1250,6.31250000000000089e-01,1.93750000000000006e-01,-9.61725185538299110e-02,-2.80459230016205617e-02,1.00178476340976499e-01,3.47928810041028000e-03
1251,6.43750000000000044e-01,1.93750000000000006e-01,-9.30877536406602979e-02,-3.03404422328127123e-02,9.79074681152919540e-02,8.78408397079853860e-03
1252,6.56250000000000000e-01,1.93750000000000006e-01,-8.96738763811508882e-02,-3.23295808638480314e-02,9.53236901512631296e-02,4.10724116606497793e-03
1253,6.68750000000000067e-01,1.93750000000000006e-01,-8.60880016346500659e-02,-3.42148898517076819e-02,9.26380198029513185e-02,9.13549444610188208e-03
1254,6.81250000000000022e-01,1.93750000000000006e-01,-8.22010708999051237e-02,-3.57554641412252128e-02,8.96407790742900223e-02,4.66213778345541622e-03
1255,6.93750000000000089e-01,1.93750000000000006e-01,-7.81957597944102634e-02,-3.71440005346368451e-02,8.65693573127478549e-02,9.36890433435315015e-03
1256,7.06250000000000044e-01,1.93750000000000006e-01,-7.39279530717999595e-02,-3.81554550700273012e-02,8.31936355557751084e-02,5.12104699658207530e-03
1257,7.18750000000000000e-01,1.93750000000000006e-01,-6.96047197585016042e-02,-3.89734512734024666e-02,7.97730964474854809e-02,9.46574264707774997e-03
1258,7.31250000000000067e-01,1.93750000000000006e-01,-6.50673818796367459e-02,-3.93924861797116388e-02,7.60626856749697794e-02,5.46632183198561203e-03
1259,7.43750000000000022e-01,1.93750000000000006e-01,-6.05456199063974798e-02,-3.95868771842006681e-02,7.23387374443799774e-02,9.41400434875000296e-03
1260,7.56250000000000089e-01,1.93750000000000006e-01,-5.58665028741702069e-02,-3.93743703589890873e-02,6.83476933374968093e-02,5.68732972364414165e-03
1261,7.68750000000000044e-01,1.93750000000000006e-01,-5.12798503727040778e-02,-3.89196092407369659e-02,6.43766963869580461e-02,9.20971374606542083e-03
1262,7.81250000000000000e-01,1.93750000000000006e-01,-4.65985974503118558e-02,-3.80671329120652879e-02,6.01708890783662492e-02,5.78156931240948746e-03
1263,7.93750000000000067e-01,1.93750000000000006e-01,-4.20895164525495469e-02,-3.69712725219664209e-02,5.60214457784065784e-02,8.85764087233739845e-03
1264,8.06250000000000022e-01,1.93750000000000006e-01,-3.75513760668153493e-02,-3.55065229255252385e-02,5.16799672481730796e-02,5.75495469456149041e-03
1265,8.18750000000000089e-01,1.93750000000000006e-01,-3.32640543382850540e-02,-3.38158681736362848e-02,4.74342729611947136e-02,8.37109793057634610e-03
1266,8.31250000000000044e-01,1.93750000000000006e-01,-2.90120679075909736e-02,-3.18063307302515336e-02,4.30504675793052585e-02,5.62116200072268653e-03
1267,8.43750000000000000e-01,1.93750000000000006e-01,-2.50840421096921416e-02,-2.96080370521204540e-02,3.88052190644576356e-02,7.77078178638881435e-03
1268,8.56250000000000067e-01,1.93750000000000006e-01,-2.12502612293172209e-02,-2.71623560255128509e-02,3.44872032378813961e-02,5.40009294435096592e-03
1269,8.68750000000000022e-01,1.93750000000000006e-01,-1.78034793659950577e-02,-2.45845728898989452e-02,3.03539964702206205e-02,7.08279847145684184e-03
1270,8.81250000000000089e-01,1.93750000000000006e-01,-1.45000774214209607e-02,-2.18513894071779256e-02,2.62247109469547768e-02,5.11568214116931916e-03
1271,8.93750000000000044e-01,1.93750000000000006e-01,-1.16324006237382340e-02,-1.90609010921347216e-02,2.23300401861547988e-02,6.33616356914901147e-03
1272,9.06250000000000000e-01,1.93750000000000006e-01,-8.94377900680743895e-03,-1.62253116269602884e-02,1.85270591383139421e-02,4.79340888367566290e-03
1273,9.18750000000000067e-01,1.93750000000000006e-01,-6.72209357107891176e-03,-1.34230216815343726e-02,1.50121301966537144e-02,5.56016349173453408e-03
1274,9.31250000000000022e-01,1.93750000000000006e-01,-4.69917538595399434e-03,-1.07011671767409458e-02,1.16874816899327667e-02,4.45791410952376538e-03
1275,9.43750000000000089e-01,1.93750000000000006e-01,-3.15529111226793687e-03,-8.11605853362228936e-03,8.70782797971688359e-03,4.78193808642600297e-03
1276,9.56250000000000044e-01,1.93750000000000006e-01,-1.81311249093134784e-03,-5.74852455671765079e-03,6.02767878075442451e-03,4.13102929785840334e-03
1277,9.68750000000000000e-01,1.93750000000000006e-01,-9.43453894317828365e-04,-3.63081451417884100e-03,3.75138898104091694e-03,4.02448441909691954e-03
1278,9.81250000000000067e-01,1.93750000000000006e-01,-2.62923198503675008e-04,-1.87586632954385934e-03,1.89420249567667765e-03,3.83029990399925578e-03
1279,9.93750000000000022e-01,1.93750000000000006e-01,-3.27516467925288495e-05,-4.92953592185201126e-04,4.94040397554609085e-04,3.30498711988356239e-03
1280,6.25000000000000035e-03,2.06250000000000017e-01,-5.04513294472330661e-05,1.77701022034988491e-03,1.77772626123116591e-03,3.93402544706569855e-03
1281,1.87500000000000028e-02,2.06250000000000017e-01,-5.10146345210355586e-04,5.38315758661098934e-03,5.40727610685999040e-03,2.78390549053836745e-03
1282,3.12500000000000000e-02,2.06250000000000017e-01,-1.65256227932855486e-03,8.92491201117058194e-03,9.07661922161531048e-03,2.84078357715035479e-03
1283,4.37500000000000042e-02,2.06250000000000017e-01,-3.06235898172800731e-03,1.23975845124672107e-02,1.27702053341650322e-02,2.35363050531050416e-03
1284,5.62500000000000014e-02,2.06250000000000017e-01,-5.05855997235164691e-03,1.57252014842365652e-02,1.65188071819279414e-02,1.89913545560175330e-03
1285,6.87500000000000056e-02,2.06250000000000017e-01,-7.24258836547851410e-03,1.88842490856585728e-02,2.02254777387571583e-02,2.04783048735375853e-03
1286,8.12500000000000028e-02,2.06250000000000017e-01,-9.92716429705870623e-03,2.18530644507810047e-02,2.40021877517609949e-02,1.08863185445100047e-03
1287,9.37500000000000000e-02,2.06250000000000017e-01,-1.27311544771997708e-02,2.45877557303235579e-02,2.76882651348253073e-02,1.84439916128084570e-03
1288,1.06250000000000011e-01,2.06250000000000017e-01,-1.59591433666865998e-02,2.71150504415444901e-02,3.14629975915512380e-02,3.89170061489658081e-04
1289,1.18750000000000008e-01,2.06250000000000017e-01,-1.92480196335786911e-02,2.93689762813309496e-02,3.51144276278001002e-02,1.72241469448693543e-03
1290,1.31250000000000006e-01,2.06250000000000017e-01,-2.28922687102561390e-02,3.14184354316088960e-02,3.88738221901673772e-02,-2.17177919055671557e-04
1291,1.43750000000000017e-01,2.06250000000000017e-01,-2.65473919776247659e-02,3.31741032361718494e-02,4.24886472641556739e-02,1.66348116256458557e-03
1292,1.56250000000000000e-01,2.06250000000000017e-01,-3.04957888428852193e-02,3.47410763612463550e-02,4.62269999447054020e-02,-7.45216467398018226e-04
1293,1.68750000000000011e-01,2.06250000000000017e-01,-3.44122057305412815e-02,3.60060561656191033e-02,4.98059834140720040e-02,1.65245462088697099e-03
1294,1.81250000000000022e-01,2.06250000000000017e-01,-3.85650185818938451e-02,3.71049050036706546e-02,5.35166762192238674e-02,-1.20616086967097473e-03
1295,1.93750000000000006e-01,2.06250000000000017e-01,-4.26488764325438155e-02,3.79004675758654597e-02,5.70558682646020235e-02,1.67782208830612135e-03
1296,2.06250000000000017e-01,2.06250000000000017e-01,-4.69163039632463919e-02,3.85546575205755401e-02,6.07256222207776253e-02,-1.60747567670279376e-03
1297,2.18750000000000000e-01,2.06250000000000017e-01,-5.10825057679681060e-02,3.89073067732744540e-02,6.42121555150127615e-02,1.73182731669588633e-03
1298,2.31250000000000011e-01,2.06250000000000017e-01,-5.53824892669222135e-02,3.91424237657026775e-02,6.78185037851366940e-02,-1.95294480505154829e-03
1299,2.43750000000000022e-01,2.06250000000000017e-01,-5.95526379171179218e-02,3.90783125305836365e-02,7.12294264551198014e-02,1.81037527803525880e-03
1300,2.56250000000000033e-01,2.06250000000000017e-01,-6.38089805859957532e-02,3.89178362280117943e-02,7.47407785622703491e-02,-2.24293897399385550e-03
1301,2.68749999999999989e-01,2.06250000000000017e-01,-6.79096594116250230e-02,3.84597658911181445e-02,7.80440608490007154e-02,1.91273551096851450e-03
1302,2.81250000000000000e-01,2.06250000000000017e-01,-7.20504986540609349e-02,3.79232016073207320e-02,8.14213950780034862e-02,-2.47485441874911814e-03
1303,2.93750000000000011e-01,2.06250000000000017e-01,-7.60119319946227084e-02,3.70897354633077520e-02,8.45781430529974204e-02,2.04106767012319492e-03
1304,3.06250000000000022e-01,2.06250000000000017e-01,-7.99686042096850319e-02,3.61925894711558477e-02,8.77774526394613230e-02,-2.64369742282611958e-03
1305,3.18750000000000033e-01,2.06250000000000017e-01,-8.37237298725379275e-02,3.49987400914415561e-02,9.07445576977373297e-02,2.19979604065040357e-03
1306,3.31250000000000044e-01,2.06250000000000017e-01,-8.74300518123643927e-02,3.37537951618919821e-02,9.37194358057264754e-02,-2.74278988481215782e-03
1307,3.43750000000000000e-01,2.06250000000000017e-01,-9.09140182652726919e-02,3.22127545576646052e-02,9.64521657264920118e-02,2.39486038351367824e-03
1308,3.56250000000000011e-01,2.06250000000000017e-01,-9.43059885148837956e-02,3.06321403325067916e-02,9.91561772716142154e-02,-2.76457247340556721e-03
1309,3.68750000000000022e-01,2.06250000000000017e-01,-9.74560687535282189e-02,2.87575825244394297e-02,1.01610451674728638e-01,2.63287002623760610e-03
1310,3.81250000000000033e-01,2.06250000000000017e-01,-1.00471972906248444e-01,2.68552127390723032e-02,1.03999133606654401e-01,-2.70148200454826265e-03
1311,3.93750000000000044e-01,2.06250000000000017e-01,-1.03227869000629885e-01,2.46637865840154888e-02,1.06133384507764883e-01,2.92018918078942868e-03
1312,4.06250000000000000e-01,2.06250000000000017e-01,-1.05808756565788711e-01,2.24578289154738764e-02,1.08165831229621812e-01,-2.54687657071098455e-03
1313,4.18750000000000011e-01,2.06250000000000017e-01,-1.08113256581785083e-01,1.99715536311801424e-02,1.09942435861508911e-01,3.26198557658588083e-03
1314,4.31250000000000022e-01,2.06250000000000017e-01,-1.10203747883536568e-01,1.74866898630093061e-02,1.11582482361449381e-01,-2.29597477923594324e-03
1315,4.43750000000000033e-01,2.06250000000000017e-01,-1.12003690491320515e-01,1.47350516892571434e-02,1.12968794062610942e-01,3.66128108936996646e-03
1316,4.56250000000000044e-01,2.06250000000000017e-01,-1.13553066770457900e-01,1.20043648008357449e-02,1.14185829888159118e-01,-1.94676465459333605e-03
1317,4.68750000000000000e-01,2.06250000000000017e-01,-1.14800567743530438e-01,9.02598309453699066e-03,1.15154846728480295e-01,4.11804732570087220e-03
1318,4.81250000000000011e-01,2.06250000000000017e-01,-1.15764095702195979e-01,6.09237193414080905e-03,1.15924297925547495e-01,-1.50082513701330468e-03
1319,4.93750000000000022e-01,2.06250000000000017e-01,-1.16418000403144192e-01,2.93616022893996740e-03,1.16455020736576612e-01,4.62837189521664999e-03
1320,5.06249999999999978e-01,2.06250000000000017e-01,-1.16758454666760006e-01,-1.46743849609024533e-04,1.16758546881704769e-01,-9.63991906859479200e-04
1321,5.18750000000000044e-01,2.06250000000000017e-01,-1.16786075935477712e-01,-3.42086207076017917e-03,1.16836166616824319e-01,5.18582604950728904e-03
1322,5.31250000000000000e-01,2.06250000000000017e-01,-1.16475640902682337e-01,-6.58881378417588287e-03,1.16661850622957086e-01,-3.48332156666416519e-04
1323,5.43750000000000067e-01,2.06250000000000017e-01,-1.15853742825462375e-01,-9.90974084234952715e-03,1.16276793429432451e-01,5.76925602364132106e-03
1324,5.56250000000000022e-01,2.06250000000000017e-01,-1.14875010623562090e-01,-1.30856220275697814e-02,1.15617911975661986e-01,3.23939835492629809e-04
1325,5.68749999999999978e-01,2.06250000000000017e-01,-1.13592532510972580e-01,-1.63696018736400328e-02,1.14765967550305797e-01,6.35945813993060282e-03
1326,5.81250000000000044e-01,2.06250000000000017e-01,-1.11941298439664272e-01,-1.94649719237058663e-02,1.13621034268962015e-01,1.03141863690237620e-03
1327,5.93750000000000000e-01,2.06250000000000017e-01,-1.10001419895554800e-01,-2.26177219547917356e-02,1.12302598925681271e-01,6.93322769645509512e-03
1328,6.06250000000000067e-01,2.06250000000000017e-01,-1.07689029348401882e-01,-2.55347758509751575e-02,1.10674982808946054e-01,1.74851716546815675e-03
1329,6.18750000000000022e-01,2.06250000000000017e-01,-1.05111623194017845e-01,-2.84540862056387352e-02,1.08894849980516115e-01,7.46408977208049083e-03
1330,6.31250000000000089e-01,2.06250000000000017e-01,-1.02167343044071574e-01,-3.10889033593176427e-02,1.06792723987966479e-01,2.44671883916199647e-03
1331,6.43750000000000044e-01,2.06250000000000017e-01,-9.89912221308785478e-02,-3.36684835417820696e-02,1.04560168529742661e-01,7.92375682466441890e-03
1332,6.56250000000000000e-01,2.06250000000000017e-01,-9.54642956298223516e-02,-3.59154909950327242e-02,1.01996834428880176e-01,3.09631248420809370e-03
1333,6.68750000000000067e-01,2.06250000000000017e-01,-9.17489935284271224e-02,-3.80500254971800900e-02,9.93261408382275640e-02,8.28408004451827544e-03
1334,6.81250000000000022e-01,2.06250000000000017e-01,-8.77100904599622394e-02,-3.98076403178851124e-02,9.63208606490456448e-02,3.66851126795264722e-03
1335,6.93750000000000089e-01,2.06250000000000017e-01,-8.35368711727267205e-02,-4.13989814082862256e-02,9.32324219731117398e-02,8.51932196064557855e-03
1336,7.06250000000000044e-01,2.06250000000000017e-01,-7.90785968983963306e-02,-4.25763072013309735e-02,8.98118389875252748e-02,4.13778487963149463e-03
1337,7.18750000000000000e-01,2.06250000000000017e-01,-7.45503391389053388e-02,-4.35406112282396493e-02,8.63338745328536133e-02,8.60852938763476475e-03
1338,7.31250000000000067e-01,2.06250000000000017e-01,-6.97864334406744502e-02,-4.40649134473949725e-02,8.25340105017083048e-02,4.48416183138291083e-03
1339,7.43750000000000022e-01,2.06250000000000017e-01,-6.50260227302776328e-02,-4.43403555790239587e-02,7.87048331742902924e-02,8.53772763214744740e-03
1340,7.56250000000000089e-01,2.06250000000000017e-01,-6.00888959957341165e-02,-4.41648537101257538e-02,7.45735189274514543e-02,4.69520700452752057e-03
1341,7.68750000000000044e-01,2.06250000000000017e-01,-5.52358092801231992e-02,-4.37193623067221177e-02,7.04441428887922494e-02,8.30162541419076326e-03
1342,7.81250000000000000e-01,2.06250000000000017e-01,-5.02721558920516676e-02,-4.28306867501924565e-02,6.60436021543938517e-02,4.76736938769543352e-03
1343,7.93750000000000067e-01,2.06250000000000017e-01,-4.54770618296213083e-02,-4.16689639288345751e-02,6.16803510654545181e-02,7.90453826745650574e-03
1344,8.06250000000000022e-01,2.06250000000000017e-01,-4.06414779104092225e-02,-4.00934815350926510e-02,5.70895523572141558e-02,4.70644378661571640e-03
1345,8.18750000000000089e-01,2.06250000000000017e-01,-3.60589134013287668e-02,-3.82624785113127239e-02,5.25762541221148141e-02,7.36032018234575400e-03
1346,8.31250000000000044e-01,2.06250000000000017e-01,-3.15057302479408233e-02,-3.60706554215340092e-02,4.78926217803437235e-02,4.52700513817172554e-03
1347,8.43750000000000000e-01,2.06250000000000017e-01,-2.72852386516747487e-02,-3.36627122809799798e-02,4.33320025661275698e-02,6.69123784117638641e-03
1348,8.56250000000000067e-01,2.06250000000000017e-01,-2.31591369312445852e-02,-3.09708120885113722e-02,3.86721711935342355e-02,4.25084371323020647e-03
1349,8.68750000000000022e-01,2.06250000000000017e-01,-1.94356206871392281e-02,-2.81238941410035456e-02,3.41862073525088170e-02,5.92590649503662963e-03
1350,8.81250000000000089e-01,2.06250000000000017e-01,-1.58619510353003763e-02,-2.50926231211354225e-02,2.96857074321230686e-02,3.90461977618898224e-03
1351,8.93750000000000044e-01,2.06250000000000017e-01,-1.27463223934985125e-02,-2.19874791368862600e-02,2.54149163554399718e-02,5.09658634221560325e-03
1352,9.06250000000000000e-01,2.06250000000000017e-01,-9.82233543678797706e-03,-1.88176393855837495e-02,2.12269127637217565e-02,3.51711294809968966e-03
1353,9.18750000000000067e-01,2.06250000000000017e-01,-7.39374862136972164e-03,-1.56721802252387625e-02,1.73287261992441759e-02,4.23625403372653898e-03
1354,9.31250000000000022e-01,2.06250000000000017e-01,-5.18204058845146264e-03,-1.25978424819870125e-02,1.36220108596827611e-02,3.11650362497969437e-03
1355,9.43750000000000089e-01,2.06250000000000017e-01,-3.48297852370163009e-03,-9.65941960676517698e-03,1.02681802933200540e-02,3.37586151689562219e-03
1356,9.56250000000000044e-01,2.06250000000000017e-01,-2.00833164113674257e-03,-6.93936744988421679e-03,7.22414123514370302e-03,2.72804591710947356e-03
1357,9.68750000000000000e-01,2.06250000000000017e-01,-1.04356976765639033e-03,-4.47561624013132625e-03,4.59566954739934301e-03,2.54205164473326681e-03
1358,9.81250000000000067e-01,2.06250000000000017e-01,-2.94004115394859195e-04,-2.38308386673363737e-03,2.40115121051450190e-03,2.37226731613783071e-03
1359,9.93750000000000022e-01,2.06250000000000017e-01,-3.39642407463973612e-05,-6.68153528328797592e-04,6.69016223321752183e-04,1.75535830181201185e-03
1360,6.25000000000000035e-03,2.18750000000000000e-01,-5.35382777093771362e-05,2.06488046674598849e-03,2.06557442110644326e-03,4.37880770601336428e-03
1361,1.87500000000000028e-02,2.18750000000000000e-01,-5.43783954019494203e-04,6.20772306064914202e-03,6.23149473131159957e-03,3.15364888822628918e-03
1362,3.12500000000000000e-02,2.18750000000000000e-01,-1.75771396876955063e-03,1.02387464796279432e-02,1.03885267420410106e-02,3.22221816885934166e-03
1363,4.37500000000000042e-02,2.18750000000000000e-01,-3.25467050126940693e-03,1.41506447914743518e-02,1.45201111595715231e-02,2.70616454645420269e-03
1364,5.62500000000000014e-02,2.18750000000000000e-01,-5.37033880437867272e-03,1.78756056015433908e-02,1.86648818505701988e-02,2.23643683633843997e-03
1365,6.87500000000000056e-02,2.18750000000000000e-01,-7.68218899553350411e-03,2.13874703227391015e-02,2.27253143997864608e-02,2.40000009808815891e-03
1366,8.12500000000000028e-02,2.18750000000000000e-01,-1.05194572140360088e-02,2.46731143948205611e-02,2.68220348597535720e-02,1.39796453373239229e-03
1367,9.37500000000000000e-02,2.18750000000000000e-01,-1.34787369998641809e-02,2.76851368412911157e-02,3.07919332461039606e-02,2.20929018101915847e-03
1368,1.06250000000000011e-01,2.18750000000000000e-01,-1.68808122554401814e-02,3.04591280132842264e-02,3.48241338978165435e-02,6.83177367563890222e-04
1369,1.18750000000000008e-01,2.18750000000000000e-01,-2.03421675856098050e-02,3.29245219947740461e-02,3.87017820089126385e-02,2.10910857093645409e-03
1370,1.31250000000000006e-01,2.18750000000000000e-01,-2.41729269847720078e-02,3.51594908204151194e-02,4.26675543447474145e-02,7.06176241905799655e-05
1371,1.43750000000000017e-01,2.18750000000000000e-01,-2.80101326473407401e-02,3.70689176486766955e-02,4.64615129603632090e-02,2.07723786420463191e-03
1372,1.56250000000000000e-01,2.18750000000000000e-01,-3.21510047356639433e-02,3.87676608651334118e-02,5.03648551518485130e-02,-4.57783868443564855e-04
1373,1.68750000000000011e-01,2.18750000000000000e-01,-3.62537669843903815e-02,4.01353877827139438e-02,5.40849791811672739e-02,2.09515978412347847e-03
1374,1.81250000000000022e-01,2.18750000000000000e-01,-4.06005749802252069e-02,4.13182801678879386e-02,5.79276010616439282e-02,-9.16081330093089161e-04
1375,1.93750000000000006e-01,2.18750000000000000e-01,-4.48714275362716991e-02,4.21709160098823338e-02,6.15778463918269237e-02,2.14857295298643679e-03
1376,2.06250000000000017e-01,2.18750000000000000e-01,-4.93314219055644085e-02,4.28661300003556553e-02,6.53536096052252519e-02,-1.31406775103487679e-03
1377,2.18750000000000000e-01,2.18750000000000000e-01,-5.36828883644111382e-02,4.32343029820804262e-02,6.89279149364911276e-02,2.22757146332606048e-03
1378,2.31250000000000011e-01,2.18750000000000000e-01,-5.81720972743962270e-02,4.34709919583185084e-02,7.26203831106804892e-02,-1.65731267809533095e-03
1379,2.43750000000000022e-01,2.18750000000000000e-01,-6.25242203484385611e-02,4.33839430025936418e-02,7.61015416442557546e-02,2.32654841535518547e-03
1380,2.56250000000000033e-01,2.18750000000000000e-01,-6.69651955496070456e-02,4.31882079407266278e-02,7.96841183682705650e-02,-1.94743139746939779e-03
1381,2.68749999999999989e-01,2.18750000000000000e-01,-7.12434949193677114e-02,4.26709918898818055e-02,8.30448620758221928e-02,2.44386778700666487e-03
1382,2.81250000000000000e-01,2.18750000000000000e-01,-7.55635013402647104e-02,4.20642262753072801e-02,8.64826101996259006e-02,-2.18254576630718539e-03
1383,2.93750000000000011e-01,2.18750000000000000e-01,-7.96973962210394682e-02,4.11370428903603605e-02,8.96879660945475166e-02,2.58134291682641506e-03
1384,3.06250000000000022e-01,2.18750000000000000e-01,-8.38270707461207382e-02,4.01361317931965000e-02,9.29402327584559623e-02,-2.35790208204062803e-03
1385,3.18750000000000033e-01,2.18750000000000000e-01,-8.77487807446163531e-02,3.88152372004524626e-02,9.59503577955504172e-02,2.74355670043679480e-03
1386,3.31250000000000044e-01,2.18750000000000000e-01,-9.16212640299770842e-02,3.74340573912213467e-02,9.89735554338633666e-02,-2.46661624770623446e-03
1387,3.43750000000000000e-01,2.18750000000000000e-01,-9.52651806724218037e-02,3.57337145629933392e-02,1.01746513478441367e-01,2.93705442398232465e-03
1388,3.56250000000000011e-01,2.18750000000000000e-01,-9.88157061014901111e-02,3.39854206607121054e-02,1.04496663055915942e-01,-2.50052122976361386e-03
1389,3.68750000000000022e-01,2.18750000000000000e-01,-1.02118209503532925e-01,3.19204097007241075e-02,1.06990846653671839e-01,3.16943657125861146e-03
1390,3.81250000000000033e-01,2.18750000000000000e-01,-1.05284117998464405e-01,2.98200708959998687e-02,1.09425692279999001e-01,-2.45109423565841684e-03
1391,3.93750000000000044e-01,2.18750000000000000e-01,-1.08183800791960341e-01,2.74083708301474521e-02,1.11601763182117494e-01,3.44837831505151286e-03
1392,4.06250000000000000e-01,2.18750000000000000e-01,-1.10904940887855338e-01,2.49756194700583301e-02,1.13682397411612693e-01,-2.31043920255532718e-03
1393,4.18750000000000011e-01,2.18750000000000000e-01,-1.13343195534427274e-01,2.22409707732454040e-02,1.15504721786132067e-01,3.78060624090391069e-03
1394,4.31250000000000022e-01,2.18750000000000000e-01,-1.15562664783501953e-01,1.95024188145480025e-02,1.17196731317396718e-01,-2.07229329927447869e-03
1395,4.43750000000000033e-01,2.18750000000000000e-01,-1.17484589770852174e-01,1.64765640971916323e-02,1.18634337348317020e-01,4.17087137981193498e-03
1396,4.56250000000000044e-01,2.18750000000000000e-01,-1.19149774476399545e-01,1.34678244555932747e-02,1.19908511179747157e-01,-1.73301480524318133e-03
1397,4.68750000000000000e-01,2.18750000000000000e-01,-1.20505357330443930e-01,1.01922957797500480e-02,1.20935619395610192e-01,4.62097044759570384e-03
1398,4.81250000000000011e-01,2.18750000000000000e-01,-1.21569230829113847e-01,6.95951280128404536e-03,1.21768274615408748e-01,-1.29249607582723747e-03
1399,4.93750000000000022e-01,2.18750000000000000e-01,-1.22314768313580638e-01,3.48689482951071916e-03,1.22364459640685611e-01,5.12888718142776989e-03
1400,5.06249999999999978e-01,2.18750000000000000e-01,-1.22737411597944587e-01,8.77799700245384778e-05,1.22737442987404632e-01,-7.54933618092225030e-04
1401,5.18750000000000044e-01,2.18750000000000000e-01,-1.22837111400862412e-01,-3.51747923552438082e-03,1.22887463142015541e-01,5.68853143812468251e-03
1402,5.31250000000000000e-01,2.18750000000000000e-01,-1.22587338656099484e-01,-7.01404540099918351e-03,1.22787835031294937e-01,-1.30045412503392249e-04
1403,5.43750000000000067e-01,2.18750000000000000e-01,-1.22014905128872669e-01,-1.06756201845274960e-02,1.22481043186005265e-01,6.28301790377586676e-03
1404,5.56250000000000022e-01,2.18750000000000000e-01,-1.21071950085897689e-01,-1.41865574607375755e-02,1.21900268704334333e-01,5.60241978137171362e-04
1405,5.68749999999999978e-01,2.18750000000000000e-01,-1.19812556313030907e-01,-1.78141825414988818e-02,1.21129656772753419e-01,6.89207362570579997e-03
1406,5.81250000000000044e-01,2.18750000000000000e-01,-1.18168325889531772e-01,-2.12440014570029166e-02,1.20062737106230125e-01,1.29545524010518621e-03
1407,5.93750000000000000e-01,2.18750000000000000e-01,-1.16221183256042013e-01,-2.47356248353353785e-02,1.18824301274734881e-01,7.49318362245481821e-03
1408,6.06250000000000067e-01,2.18750000000000000e-01,-1.13883043914306245e-01,-2.79781691516616735e-02,1.17269457405868457e-01,2.05037251573778490e-03
1409,6.18750000000000022e-01,2.18750000000000000e-01,-1.11264159298696444e-01,-3.12225432030182222e-02,1.15561932955926441e-01,8.05982182711585324e-03
1410,6.31250000000000089e-01,2.18750000000000000e-01,-1.08257665217155935e-01,-3.41643243555087572e-02,1.13520584639695291e-01,2.79618676146359876e-03
1411,6.43750000000000044e-01,2.18750000000000000e-01,-1.05002460883756046e-01,-3.70449955313425575e-02,1.11345626252502217e-01,8.56292054201506121e-03
1412,6.56250000000000000e-01,2.18750000000000000e-01,-1.01373827217766568e-01,-3.95698720510987353e-02,1.08822918628926305e-01,3.50218884247345671e-03
1413,6.68750000000000067e-01,2.18750000000000000e-01,-9.75393665017971340e-02,-4.19705258068860457e-02,1.06185936234881845e-01,8.97282358766527538e-03
1414,6.81250000000000022e-01,2.18750000000000000e-01,-9.33573950664264157e-02,-4.39657210740608193e-02,1.03191995053642294e-01,4.13788919015906174e-03
1415,6.93750000000000089e-01,2.18750000000000000e-01,-8.90238812706804078e-02,-4.57768404688216266e-02,1.00103798927933543e-01,9.26161094253863393e-03
1416,7.06250000000000044e-01,2.18750000000000000e-01,-8.43809687402340136e-02,-4.71402028157747524e-02,9.66558151745290917e-02,4.67541942369865786e-03
1417,7.18750000000000000e-01,2.18750000000000000e-01,-7.96521179928456197e-02,-4.82668679822660859e-02,9.31351192921537202e-02,9.40559133199171671e-03
1418,7.31250000000000067e-01,2.18750000000000000e-01,-7.46639245382642175e-02,-4.89151080032589752e-02,8.92602342503429902e-02,5.09197441082379684e-03
1419,7.43750000000000022e-01,2.18750000000000000e-01,-6.96657839713028942e-02,-4.92855666752155391e-02,8.53369119363558831e-02,9.38768325914906936e-03
1420,7.56250000000000089e-01,2.18750000000000000e-01,-6.44691405835436798e-02,-4.91629869140488493e-02,8.10757014764081907e-02,5.37199195867493155e-03
1421,7.68750000000000044e-01,2.18750000000000000e-01,-5.93469614353041783e-02,-4.87373927380338051e-02,7.67945003402250859e-02,9.19935944267293373e-03
1422,7.81250000000000000e-01,2.18750000000000000e-01,-5.40956774161751863e-02,-4.78243885648492392e-02,7.22046706018147355e-02,5.50874446111899747e-03
1423,7.93750000000000067e-01,2.18750000000000000e-01,-4.90085881809733462e-02,-4.66028784385054684e-02,6.76289138922573363e-02,8.84183550026339769e-03
1424,8.06250000000000022e-01,2.18750000000000000e-01,-4.38670123707159132e-02,-4.49232914876109349e-02,6.27886685032689601e-02,5.50505493341885404e-03
1425,8.18750000000000089e-01,2.18750000000000000e-01,-3.89804887476837211e-02,-4.29524221497539008e-02,5.80033539680160776e-02,8.32625748207265794e-03
1426,8.31250000000000044e-01,2.18750000000000000e-01,-3.41149869391037530e-02,-4.05787438126630137e-02,5.30138357720789377e-02,5.37295957043591298e-03
1427,8.43750000000000000e-01,2.18750000000000000e-01,-2.95914758156260345e-02,-3.79553095465553422e-02,4.81275489062305759e-02,7.67278662682169092e-03
1428,8.56250000000000067e-01,2.18750000000000000e-01,-2.51603865311079110e-02,-3.50108362247584862e-02,4.31138458450602280e-02,5.13231174586098807e-03
1429,8.68750000000000022e-01,2.18750000000000000e-01,-2.11488628559707952e-02,-3.18823059702519063e-02,3.82590621171170556e-02,6.90867262549461555e-03
1430,8.81250000000000089e-01,2.18750000000000000e-01,-1.72919139510448114e-02,-2.85396789698875927e-02,3.33695005026233837e-02,4.80852418530867010e-03
1431,8.93750000000000044e-01,2.18750000000000000e-01,-1.39175402357683622e-02,-2.51009276989775064e-02,2.87011236289370329e-02,6.06560223194549646e-03
1432,9.06250000000000000e-01,2.18750000000000000e-01,-1.07460408642528048e-02,-2.15770102453772851e-02,2.41048701590634469e-02,4.42981943165783945e-03
1433,9.18750000000000067e-01,2.18750000000000000e-01,-8.10134047849051485e-03,-1.80635878826068755e-02,1.97970938458423944e-02,5.17674451092362160e-03
1434,9.31250000000000022e-01,2.18750000000000000e-01,-5.69058890615265801e-03,-1.46111996003968451e-02,1.56802409376088567e-02,4.02443741643165442e-03
1435,9.43750000000000089e-01,2.18750000000000000e-01,-3.82953033933951725e-03,-1.12898965013189991e-02,1.19217056510558424e-02,4.27392771455295268e-03
1436,9.56250000000000044e-01,2.18750000000000000e-01,-2.21471662326327501e-03,-8.18733609298023281e-03,8.48159430890062759e-03,3.61818427961140519e-03
1437,9.68750000000000000e-01,2.18750000000000000e-01,-1.15078918873845254e-03,-5.34512754734925433e-03,5.46760498338615900e-03,3.38524876723349244e-03
1438,9.81250000000000067e-01,2.18750000000000000e-01,-3.27216750550306712e-04,-2.88501691510718167e-03,2.90351397487514408e-03,3.23250370880807502e-03
1439,9.93750000000000022e-01,2.18750000000000000e-01,-3.60360354412404222e-05,-8.20783254570321480e-04,8.21573944835990726e-04,2.53313410724780030e-03
1440,6.25000000000000035e-03,2.31250000000000011e-01,-5.60016679523505227e-05,2.37440587609434334e-03,2.37506619933946063e-03,3.99795427613789008e-03
1441,1.87500000000000028e-02,2.31250000000000011e-01,-5.75136281733401545e-04,7.08709387690097201e-03,7.11039249005097993e-03,2.69240533837507810e-03
1442,3.12500000000000000e-02,2.31250000000000011e-01,-1.85605302547629174e-03,1.16360348977955150e-02,1.17831337502421144e-02,2.77814434929627005e-03
1443,4.37500000000000042e-02,2.31250000000000011e-01,-3.43620327792005251e-03,1.60098063428837298e-02,1.63744127254637321e-02,2.20987941381045432e-03
1444,5.62500000000000014e-02,2.31250000000000011e-01,-5.66494275736343506e-03,2.01531140823027650e-02,2.09341726289460628e-02,1.73513685847157418e-03
1445,6.87500000000000056e-02,2.31250000000000011e-01,-8.09923785718836414e-03,2.40328075002555659e-02,2.53608653285264177e-02,1.87225608236857668e-03
1446,8.12500000000000028e-02,2.31250000000000011e-01,-1.10817363345981097e-02,2.76501603359120690e-02,2.97881897199409711e-02,8.43112858184905979e-04
1447,9.37500000000000000e-02,2.31250000000000011e-01,-1.41901694591923255e-02,3.09483970100208755e-02,3.40465003601025593e-02,1.65126027785375898e-03
1448,1.06250000000000011e-01,2.31250000000000011e-01,-1.77584207736265313e-02,3.39791782652036634e-02,3.83398756381871861e-02,7.62130872273029329e-05
1449,1.18750000000000008e-01,2.31250000000000011e-01,-2.13858136114662284e-02,3.66602275491926186e-02,4.24420228992793830e-02,1.51998812876975062e-03
1450,1.31250000000000006e-01,2.31250000000000011e-01,-2.53951676158023915e-02,3.90872418967241411e-02,4.66125199632858866e-02,-5.88758055397629182e-04
1451,1.43750000000000017e-01,2.31250000000000011e-01,-2.94080071592840130e-02,4.11511726949342141e-02,5.05791449042863814e-02,1.45490175736664854e-03
1452,1.56250000000000000e-01,2.31250000000000011e-01,-3.37337382689969906e-02,4.29856903436078713e-02,5.46418765409620172e-02,-1.17095418718497746e-03
1453,1.68750000000000011e-01,2.31250000000000011e-01,-3.80165923056589652e-02,4.44544789217858616e-02,5.84932644561935167e-02,1.43682560579372841e-03
1454,1.81250000000000022e-01,2.31250000000000011e-01,-4.25502963274093093e-02,4.57236768118565451e-02,6.24594455526580050e-02,-1.68487967333616961e-03
1455,1.93750000000000006e-01,2.31250000000000011e-01,-4.70022455190683350e-02,4.66300341859225351e-02,6.62085430440444295e-02,1.45136244489952725e-03
1456,2.06250000000000017e-01,2.31250000000000011e-01,-5.16484009039016589e-02,4.73673539054145637e-02,7.00801222311358551e-02,-2.14024765771026306e-03
1457,2.18750000000000000e-01,2.31250000000000011e-01,-5.61797482150300301e-02,4.77465760705369779e-02,7.37285537357389442e-02,1.48893721002871411e-03
1458,2.31250000000000011e-01,2.31250000000000011e-01,-6.08526370251193244e-02,4.79851076504296467e-02,7.74958965954601064e-02,-2.54214537545449214e-03
1459,2.43750000000000022e-01,2.31250000000000011e-01,-6.53820433797976386e-02,4.78698867102968911e-02,8.10329417593511764e-02,1.54457364230138920e-03
1460,2.56250000000000033e-01,2.31250000000000011e-01,-7.00031402685063753e-02,4.76385704822610764e-02,8.46751028640977538e-02,-2.89142123492243733e-03
1461,2.68749999999999989e-01,2.31250000000000011e-01,-7.44552653515516555e-02,4.70564379116700654e-02,8.80789128424325357e-02,1.61746321805767107e-03
1462,2.81250000000000000e-01,2.31250000000000011e-01,-7.89511476960689795e-02,4.63786612554471026e-02,9.15656264237514478e-02,-3.18524185986397874e-03
1463,2.93750000000000011e-01,2.31250000000000011e-01,-8.32548284992873505e-02,4.53515703417686281e-02,9.48057561591601761e-02,1.71036634819431957e-03
1464,3.06250000000000022e-01,2.31250000000000011e-01,-8.75556228030657663e-02,4.42456213778683813e-02,9.81002655223033176e-02,-3.41778419468839268e-03
1465,3.18750000000000033e-01,2.31250000000000011e-01,-9.16425893510118827e-02,4.27911075243649769e-02,1.01140709242717702e-01,1.82887596173961068e-03
1466,3.31250000000000044e-01,2.31250000000000011e-01,-9.56809411530424175e-02,4.12719214295661080e-02,1.04202754274636350e-01,-3.58103785495362224e-03
1467,3.43750000000000000e-01,2.31250000000000011e-01,-9.94850447409168503e-02,3.94052893523382658e-02,1.07004910896854308e-01,1.98056741317057449e-03
1468,3.56250000000000011e-01,2.31250000000000011e-01,-1.03195579592656572e-01,3.74869639809098862e-02,1.09793442955261916e-01,-3.66569899445956353e-03
1469,3.68750000000000022e-01,2.31250000000000011e-01,-1.06652493125346443e-01,3.52240160280019865e-02,1.12318678744868658e-01,2.17405547088521172e-03
1470,3.81250000000000033e-01,2.31250000000000011e-01,-1.09971724700913667e-01,3.29226564970837368e-02,1.14794083229574670e-01,-3.66213884461257010e-03
1471,3.93750000000000044e-01,2.31250000000000011e-01,-1.13019067279093346e-01,3.02825706336029010e-02,1.17005741965150484e-01,2.41797995219460767e-03
1472,4.06250000000000000e-01,2.31250000000000011e-01,-1.15885705039736886e-01,2.76191226610472407e-02,1.19131492767961533e-01,-3.56142694077486071e-03
1473,4.18750000000000011e-01,2.31250000000000011e-01,-1.18463542816224635e-01,2.46271892225943152e-02,1.20996319884436779e-01,2.71994723558791887e-03
1474,4.31250000000000022e-01,2.31250000000000011e-01,-1.20819154253909711e-01,2.16300182741999761e-02,1.22740073835615138e-01,-3.35638059078102215e-03
1475,4.43750000000000033e-01,2.31250000000000011e-01,-1.22870834390191766e-01,1.83200348599848392e-02,1.24229085245819104e-01,3.08546567299594621e-03
1476,4.56250000000000044e-01,2.31250000000000011e-01,-1.24660822851138831e-01,1.50270901507047507e-02,1.25563267687331337e-01,-3.04259890064412578e-03
1477,4.68750000000000000e-01,2.31250000000000011e-01,-1.26134103110144419e-01,1.14432861739179135e-02,1.26652124995432769e-01,3.51692994159841276e-03
1478,4.81250000000000011e-01,2.31250000000000011e-01,-1.27308967444699855e-01,7.90375260664896197e-03,1.27554076756106693e-01,-2.61942295101025985e-03
1479,4.93750000000000022e-01,2.31250000000000011e-01,-1.28157400753163758e-01,4.10217272662170233e-03,1.28223036888408054e-01,4.01274322102643591e-03
1480,5.06249999999999978e-01,2.31250000000000011e-01,-1.28674234361356249e-01,3.77568139752523790e-04,1.28674788308282773e-01,-2.09074578593938278e-03
1481,5.18750000000000044e-01,2.31250000000000011e-01,-1.28858695008754326e-01,-3.57310361816179237e-03,1.28908224519715148e-01,4.56678192401516799e-03
1482,5.31250000000000000e-01,2.31250000000000011e-01,-1.28682714250248242e-01,-7.40906718305753883e-03,1.28895830899738967e-01,-1.46532285460679009e-03
1483,5.43750000000000067e-01,2.31250000000000011e-01,-1.28173347125499326e-01,-1.14272836654860880e-02,1.28681738118993527e-01,5.16294157288528770e-03
1484,5.56250000000000022e-01,2.31250000000000011e-01,-1.27279929658594526e-01,-1.52860467010655868e-02,1.28194554165315167e-01,-7.66675707665806787e-04
1485,5.68749999999999978e-01,2.31250000000000011e-01,-1.26057696371346145e-01,-1.92753541469099787e-02,1.27522868897854136e-01,5.77897480374143201e-03
1486,5.81250000000000044e-01,2.31250000000000011e-01,-1.24434343503360051e-01,-2.30544611509236087e-02,1.26552021011407195e-01,-1.63423706952535870e-05
1487,5.93750000000000000e-01,2.31250000000000011e-01,-1.22493917854729711e-01,-2.69050944020123167e-02,1.25413890842212800e-01,6.39109015217358394e-03
1488,6.06250000000000067e-01,2.31250000000000011e-01,-1.20143421475165699e-01,-3.04899675406316018e-02,1.23951925537234303e-01,7.58834745350538023e-04
1489,6.18750000000000022e-01,2.31250000000000011e-01,-1.17496290864653699e-01,-3.40815066720267512e-02,1.22339394570950485e-01,6.97094068811034747e-03
1490,6.31250000000000089e-01,2.31250000000000011e-01,-1.14439840593093908e-01,-3.73488319472980862e-02,1.20380282284102733e-01,1.52790532732962605e-03
1491,6.43750000000000044e-01,2.31250000000000011e-01,-1.11117335955790736e-01,-4.05543038841531048e-02,1.18286575372864272e-01,7.48716011514472153e-03
1492,6.56250000000000000e-01,2.31250000000000011e-01,-1.07397445350466900e-01,-4.33768884526267023e-02,1.15826446546711190e-01,2.25756687041486596e-03
1493,6.68750000000000067e-01,2.31250000000000011e-01,-1.03453456003560582e-01,-4.60683702527915073e-02,1.13247129309439587e-01,7.90741829075783734e-03
1494,6.81250000000000022e-01,2.31250000000000011e-01,-9.91364117504728304e-02,-4.83215115349496654e-02,1.10285976496477381e-01,2.91441520986131502e-03
1495,6.93750000000000089e-01,2.31250000000000011e-01,-9.46494302944373839e-02,-5.03772407253720161e-02,1.07221178123370953e-01,8.20090839471092001e-03
1496,7.06250000000000044e-01,2.31250000000000011e-01,-8.98268609966454551e-02,-5.19465489007703632e-02,1.03765644117939107e-01,3.46754042813860125e-03
1497,7.18750000000000000e-01,2.31250000000000011e-01,-8.49009140454625028e-02,-5.32593993875676158e-02,1.00223394618619108e-01,8.34106582503960602e-03
1498,7.31250000000000067e-01,2.31250000000000011e-01,-7.96900008619603334e-02,-5.40498273493861606e-02,9.62906022095494502e-02,3.89122458733348001e-03
1499,7.43750000000000022e-01,2.31250000000000011e-01,-7.44539705627170478e-02,-5.45367854998299734e-02,9.22911409898501678e-02,8.30822815314792573e-03
1500,7.56250000000000089e-01,2.31250000000000011e-01,-6.89958017337053003e-02,-5.44823660932202830e-02,8.79133031571016077e-02,4.16741944427441967e-03
1501,7.68750000000000044e-01,2.31250000000000011e-01,-6.36006629897844511e-02,-5.40943649553165887e-02,8.34939797390154420e-02,8.09188475733049750e-03
1502,7.81250000000000000e-01,2.31250000000000011e-01,-5.80563031953832409e-02,-5.31678678007790409e-02,7.87232907543592431e-02,4.28764416012797876e-03
1503,7.93750000000000067e-01,2.31250000000000011e-01,-5.26699288334182419e-02,-5.18990539409667773e-02,7.39434459792395749e-02,7.69215653918982334e-03
1504,8.06250000000000022e-01,2.31250000000000011e-01,-4.72139665137738460e-02,-5.01205141598336928e-02,6.88565506949763428e-02,4.25396886094757485e-03
1505,8.18750000000000089e-01,2.31250000000000011e-01,-4.20134148882754729e-02,-4.80158068326270379e-02,6.38016044967720242e-02,7.12021102400033166e-03
1506,8.31250000000000044e-01,2.31250000000000011e-01,-3.68250824132893631e-02,-4.54587338316520123e-02,5.85028475915705878e-02,4.07885490710642364e-03
1507,8.43750000000000000e-01,2.31250000000000011e-01,-3.19866786852931462e-02,-4.26184864201859664e-02,5.32867994728878636e-02,6.39746285134529680e-03
1508,8.56250000000000067e-01,2.31250000000000011e-01,-2.72390896049242229e-02,-3.94126291185497579e-02,4.79095328357671130e-02,3.78380235839744688e-03
1509,8.68750000000000022e-01,2.31250000000000011e-01,-2.29270949781906833e-02,-3.59934047238182619e-02,4.26752488891577395e-02,5.55361623866792737e-03
1510,8.81250000000000089e-01,2.31250000000000011e-01,-1.87756330430400749e-02,-3.23232940750203535e-02,3.73807401749503068e-02,3.39697659432058570e-03
1511,8.93750000000000044e-01,2.31250000000000011e-01,-1.51307607156194977e-02,-2.85342484924335643e-02,3.22977283545032232e-02,4.62382717729304619e-03
1512,9.06250000000000000e-01,2.31250000000000011e-01,-1.17020580529101498e-02,-2.46333367060609550e-02,2.72715866782233494e-02,2.95018883413194436e-03
1513,9.18750000000000067e-01,2.31250000000000011e-01,-8.83139519297626921e-03,-2.07283813487391493e-02,2.25312967756692017e-02,3.64542986106172924e-03
1514,9.31250000000000022e-01,2.31250000000000011e-01,-6.21450267206499936e-03,-1.68693036005584558e-02,1.79775818014803503e-02,2.47571601978287866e-03
1515,9.43750000000000089e-01,2.31250000000000011e-01,-4.18439525753474227e-03,-1.31358892189618413e-02,1.37862521826679629e-02,2.65471618667199698e-03
1516,9.56250000000000044e-01,2.31250000000000011e-01,-2.42556423713141374e-03,-9.61791677232017549e-03,9.91905665412435439e-03,2.00340665962362927e-03
1517,9.68750000000000000e-01,2.31250000000000011e-01,-1.25864218035137460e-03,-6.36355512641823690e-03,6.48683389529310268e-03,1.68414641915854563e-03
1518,9.81250000000000067e-01,2.31250000000000011e-01,-3.60574993115782814e-04,-3.49781910428237581e-03,3.51635504634318892e-03,1.55832067989724677e-03
1519,9.93750000000000022e-01,2.31250000000000011e-01,-3.73271960226804114e-05,-1.03162476566418730e-03,1.03229984824885308e-03,7.60145083892155098e-04
1520,6.25000000000000035e-03,2.43750000000000022e-01,-5.93679094551495857e-05,2.69625523199524967e-03,2.69690875350554488e-03,4.32306050066328437e-03
1521,1.87500000000000028e-02,2.43750000000000022e-01,-6.05432376715323473e-04,8.00776461938162813e-03,8.03061906469204612e-03,2.95709511452464267e-03
1522,3.12500000000000000e-02,2.43750000000000022e-01,-1.95282433152765551e-03,1.31002337392454819e-02,1.32449857264049960e-02,3.04158470601529436e-03
1523,4.37500000000000042e-02,2.43750000000000022e-01,-3.61180209910962448e-03,1.79593699042462224e-02,1.83189541666733159e-02,2.46369198331445423e-03
1524,5.62500000000000014e-02,2.43750000000000022e-01,-5.95103583644728939e-03,2.25392069094929696e-02,2.33115995940994039e-02,1.95517960805212084e-03
1525,6.87500000000000056e-02,2.43750000000000022e-01,-8.50171416342465798e-03,2.68039561291107432e-02,2.81199432411921614e-02,2.13077347391390191e-03
1526,8.12500000000000028e-02,2.43750000000000022e-01,-1.16254629920299786e-02,3.07647559064172897e-02,3.28880159900304114e-02,1.03504400234717643e-03
1527,9.37500000000000000e-02,2.43750000000000022e-01,-1.48759482230501755e-02,3.43613735236154710e-02,3.74432614226417465e-02,1.92638536240094462e-03
1528,1.06250000000000011e-01,2.43750000000000022e-01,-1.86055029691131052e-02,3.76556227658616793e-02,4.20013174390822738e-02,2.51961914713885510e-04
1529,1.18750000000000008e-01,2.43750000000000022e-01,-2.23912995918752952e-02,4.05606846784817773e-02,4.63307612607470679e-02,1.81982786666359461e-03
1530,1.31250000000000006e-01,2.43750000000000022e-01,-2.65738416702858173e-02,4.31826725110520671e-02,5.07041641910621621e-02,-4.20536785518034137e-04
1531,1.43750000000000017e-01,2.43750000000000022e-01,-3.07545239127574033e-02,4.54067719930337649e-02,5.48417330500023739e-02,1.78402862871859759e-03
1532,1.56250000000000000e-01,2.43750000000000022e-01,-3.52594287518487454e-02,4.73773678225586081e-02,5.90579571074102555e-02,-1.00455949145471842e-03
1533,1.68750000000000011e-01,2.43750000000000022e-01,-3.97147090962305174e-02,4.89511023245169652e-02,6.30354546059877785e-02,1.79674930407816807e-03
1534,1.81250000000000022e-01,2.43750000000000022e-01,-4.44295493000407410e-02,5.03051842419025494e-02,6.71162902179233412e-02,-1.51712930553553533e-03
1535,1.93750000000000006e-01,2.43750000000000022e-01,-4.90552886138532762e-02,5.12680555090808954e-02,7.09565702149606570e-02,1.84109846554997118e-03
1536,2.06250000000000017e-01,2.43750000000000022e-01,-5.38819659952836996e-02,5.20450072371633488e-02,7.49129430594826784e-02,-1.96999855105063149e-03
1537,2.18750000000000000e-01,2.43750000000000022e-01,-5.85864627169232419e-02,5.24374588218226995e-02,7.86260815593133044e-02,1.90560373924508796e-03
1538,2.31250000000000011e-01,2.43750000000000022e-01,-6.34377258362654600e-02,5.26747792264738238e-02,8.24559120126321793e-02,-2.36980604501230412e-03
1539,2.43750000000000022e-01,2.43750000000000022e-01,-6.81384777321986657e-02,5.25332578215981297e-02,8.60383363682250268e-02,1.98397891399172428e-03
1540,2.56250000000000033e-01,2.43750000000000022e-01,-7.29349644473652331e-02,5.22630327230498848e-02,8.97269949811594497e-02,-2.71847359352044536e-03
1541,2.68749999999999989e-01,2.43750000000000022e-01,-7.75559996147596603e-02,5.16177105019243881e-02,9.31628741168126356e-02,2.07466437686815641e-03
1542,2.81250000000000000e-01,2.43750000000000022e-01,-8.22238657438469356e-02,5.08654953671345833e-02,9.66853800572048949e-02,-3.01378007266114335e-03
1543,2.93750000000000011e-01,2.43750000000000022e-01,-8.66936745473442794e-02,4.97401372092104097e-02,9.99493594582372830e-02,2.18019098858524907e-03
1544,3.06250000000000022e-01,2.43750000000000022e-01,-9.11628171306888002e-02,4.85256934584492663e-02,1.03273433916118013e-01,-3.25007418843608871e-03
1545,3.18750000000000033e-01,2.43750000000000022e-01,-9.54128733692730796e-02,4.69390918420890188e-02,1.06333883346471494e-01,2.30640177469134278e-03
1546,3.31250000000000044e-01,2.43750000000000022e-01,-9.96157224930067503e-02,4.52783995456375460e-02,1.09423149439312528e-01,-3.41910073266851917e-03
1547,3.43750000000000000e-01,2.43750000000000022e-01,-1.03579554744168217e-01,4.32468160191811224e-02,1.12245317304540779e-01,2.46155595881080618e-03
1548,3.56250000000000011e-01,2.43750000000000022e-01,-1.07450387592600130e-01,4.11548322315803475e-02,1.15062183230675408e-01,-3.51092344331315614e-03
1549,3.68750000000000022e-01,2.43750000000000022e-01,-1.11063147553400063e-01,3.86949547392783783e-02,1.17610893486713705e-01,2.65533457888747449e-03
1550,3.81250000000000033e-01,2.43750000000000022e-01,-1.14537870084331611e-01,3.61886745693481490e-02,1.20118873831473350e-01,-3.51493063906204925e-03
1551,3.93750000000000044e-01,2.43750000000000022e-01,-1.17736341685348855e-01,3.33206986894882748e-02,1.22360594615279955e-01,2.89776676143329789e-03
1552,4.06250000000000000e-01,2.43750000000000022e-01,-1.20752684798626109e-01,3.04221802688901290e-02,1.24525980977421721e-01,-3.42090704422970361e-03
1553,4.18750000000000011e-01,2.43750000000000022e-01,-1.23475683192156876e-01,2.71727261998742191e-02,1.26430223399720459e-01,3.19810125620142082e-03
1554,4.31250000000000022e-01,2.43750000000000022e-01,-1.25973768300214867e-01,2.39118403623002559e-02,1.28223111837407672e-01,-3.22014647143060821e-03
1555,4.43750000000000033e-01,2.43750000000000022e-01,-1.28162887704746237e-01,2.03165090573172655e-02,1.29763193260244075e-01,3.56365891674917260e-03
1556,4.56250000000000044e-01,2.43750000000000022e-01,-1.30086126698707422e-01,1.67332564612861952e-02,1.31157928587147699e-01,-2.90656579390218906e-03
1557,4.68750000000000000e-01,2.43750000000000022e-01,-1.31686804967183602e-01,1.28386986279289649e-02,1.32311174074315585e-01,3.99871754105170403e-03
1558,4.81250000000000011e-01,2.43750000000000022e-01,-1.32983104481172565e-01,8.98499534154190149e-03,1.33286294189380150e-01,-2.47776188723756617e-03
1559,4.93750000000000022e-01,2.43750000000000022e-01,-1.33945969912030810e-01,4.85041389400590363e-03,1.34033762055005473e-01,4.50349924901417148e-03
1560,5.06249999999999978e-01,2.43750000000000022e-01,-1.34569194856986624e-01,7.91268200129297927e-04,1.34571521169310454e-01,-1.93593112303815985e-03
1561,5.18750000000000044e-01,2.43750000000000022e-01,-1.34851629714517640e-01,-3.51073934359455355e-03,1.34897321424111455e-01,5.07334559673810678e-03
1562,5.31250000000000000e-01,2.43750000000000022e-01,-1.34763244483904976e-01,-7.69720584138567678e-03,1.34982884254239460e-01,-1.28707938664663897e-03
1563,5.43750000000000067e-01,2.43750000000000022e-01,-1.34331354470391656e-01,-1.20801227722914361e-02,1.34873430148579110e-01,5.69515985657757188e-03
1564,5.56250000000000022e-01,2.43750000000000022e-01,-1.33502397226362729e-01,-1.63000401357527545e-02,1.34493796784880354e-01,-5.54492176063852262e-04
1565,5.68749999999999978e-01,2.43750000000000022e-01,-1.32332521703920958e-01,-2.06614526872792269e-02,1.33935775383828587e-01,6.34649706219040429e-03
1566,5.81250000000000044e-01,2.43750000000000022e-01,-1.30745555720250789e-01,-2.48056429769378944e-02,1.33077872931966074e-01,2.41229015209714351e-04
1567,5.93750000000000000e-01,2.43750000000000022e-01,-1.28827278178665128e-01,-2.90281853230161570e-02,1.32057196494816370e-01,7.00400921020714450e-03
1568,6.06250000000000067e-01,2.43750000000000022e-01,-1.26479872534745547e-01,-3.29737015545972859e-02,1.30707395164225998e-01,1.07350354905003109e-03
1569,6.18750000000000022e-01,2.43750000000000022e-01,-1.23819499538296462e-01,-3.69277059267257776e-02,1.29208838439655249e-01,7.63904932081990642e-03
1570,6.31250000000000089e-01,2.43750000000000022e-01,-1.20727732736448712e-01,-4.05412379557887684e-02,1.27352963949298320e-01,1.91085323169190992e-03
1571,6.43750000000000044e-01,2.43750000000000022e-01,-1.17351765605959460e-01,-4.40889054235386532e-02,1.25360553892689019e-01,8.21909508155537274e-03
1572,6.56250000000000000e-01,2.43750000000000022e-01,-1.13553639614545593e-01,-4.72317743216365479e-02,1.22984834736971138e-01,2.71858688496224785e-03
1573,6.68750000000000067e-01,2.43750000000000022e-01,-1.09512019710388445e-01,-5.02329968623313819e-02,1.20483345051585866e-01,8.70977497036025047e-03
1574,6.81250000000000022e-01,2.43750000000000022e-01,-1.05070483263146774e-01,-5.27678425096913262e-02,1.17576577838780436e-01,3.46104753781211090e-03
1575,6.93750000000000089e-01,2.43750000000000022e-01,-1.00439239577012604e-01,-5.50877420982518462e-02,1.14554354680614576e-01,9.07741101546819321e-03
1576,7.06250000000000044e-01,2.43750000000000022e-01,-9.54443852987763297e-02,-5.68868973838937073e-02,1.11111429560720357e-01,4.10429253353911203e-03
1577,7.18750000000000000e-01,2.43750000000000022e-01,-9.03271963466533850e-02,-5.84049836724125429e-02,1.07564606249554259e-01,9.29188880221066410e-03
1578,7.31250000000000067e-01,2.43750000000000022e-01,-8.48970970075081516e-02,-5.93603209712472019e-02,1.03591335477981647e-01,4.61897232418285834e-03
1579,7.43750000000000022e-01,2.43750000000000022e-01,-7.94252022051673834e-02,-5.99809179594115588e-02,9.95292583343480308e-02,9.32956468485189247e-03
1580,7.56250000000000089e-01,2.43750000000000022e-01,-7.37048055918237688e-02,-6.00146631005583214e-02,9.50481885908513874e-02,4.98307999241424156e-03
1581,7.68750000000000044e-01,2.43750000000000022e-01,-6.80346970017466218e-02,-5.96779326186677034e-02,9.04995891579498529e-02,9.17584257872467932e-03
1582,7.81250000000000000e-01,2.43750000000000022e-01,-6.21922470118080745e-02,-5.87535978245965970e-02,8.55561853153364443e-02,5.18418661688513794e-03
1583,7.93750000000000067e-01,2.43750000000000022e-01,-5.65006848667502157e-02,-5.74461388967854800e-02,8.05753452649170254e-02,8.82702547506936976e-03
1584,8.06250000000000022e-01,2.43750000000000022e-01,-5.07213224315522376e-02,-5.55783938034769900e-02,7.52436735345893004e-02,5.22078509438933611e-03
1585,8.18750000000000089e-01,2.43750000000000022e-01,-4.51974855167622536e-02,-5.33421063650575747e-02,6.99156134815324959e-02,8.29109578388644020e-03
1586,8.31250000000000044e-01,2.43750000000000022e-01,-3.96740341922475689e-02,-5.06041878652242483e-02,6.43025102043966734e-02,5.10245756547907277e-03
1587,8.43750000000000000e-01,2.43750000000000022e-01,-3.45090484620166824e-02,-4.75419733628259303e-02,5.87461799352559308e-02,7.58721633029510369e-03
1588,8.56250000000000067e-01,2.43750000000000022e-01,-2.94304912051092313e-02,-4.40692529191507587e-02,5.29929510918772037e-02,4.84876011188616323e-03
1589,8.68750000000000022e-01,2.43750000000000022e-01,-2.48051313039247198e-02,-4.03462996408282190e-02,4.73615712757974455e-02,6.74395697134200743e-03
1590,8.81250000000000089e-01,2.43750000000000022e-01,-2.03438567217265505e-02,-3.63349764673839420e-02,4.16425626156638404e-02,4.48695314787451397e-03
1591,8.93750000000000044e-01,2.43750000000000022e-01,-1.64157685025867507e-02,-3.21749017705606419e-02,3.61206555792630349e-02,5.79649393132691555e-03
1592,9.06250000000000000e-01,2.43750000000000022e-01,-1.27151569546651768e-02,-2.78754738000325450e-02,3.06384930431976531e-02,4.04893475331019517e-03
1593,9.18750000000000067e-01,2.43750000000000022e-01,-9.60732979404571238e-03,-2.35514008792059304e-02,2.54355905994852090e-02,4.78322663630001681e-03
1594,9.31250000000000022e-01,2.43750000000000022e-01,-6.77147653561229346e-03,-1.92574363056755016e-02,2.04132738074885196e-02,3.56787723042558541e-03
1595,9.43750000000000089e-01,2.43750000000000022e-01,-4.56372368045915733e-03,-1.50789484435738842e-02,1.57544362004974001e-02,3.74233348432009968e-03
1596,9.56250000000000044e-01,2.43750000000000022e-01,-2.65090737315632407e-03,-1.11124676885880191e-02,1.14242832611489153e-02,3.07505888410384296e-03
1597,9.68750000000000000e-01,2.43750000000000022e-01,-1.37568956381506585e-03,-7.41008518323676806e-03,7.53670247514221393e-03,2.70869972296994971e-03
1598,9.81250000000000067e-01,2.43750000000000022e-01,-3.96554672218882526e-04,-4.10585344417870382e-03,4.12495916502609184e-03,2.59721795636951719e-03
1599,9.93750000000000022e-01,2.43750000000000022e-01,-3.96940447407124604e-05,-1.21853158275672386e-03,1.21917793425056894e-03,1.71138528475023354e-03
1600,6.25000000000000035e-03,2.56250000000000033e-01,-6.18588808193799069e-05,3.03927441369532475e-03,3.03990386079548355e-03,3.86092708913909075e-03
1601,1.87500000000000028e-02,2.56250000000000033e-01,-6.33488923107589585e-04,8.98029504871222448e-03,9.00261114219787391e-03,2.42404844226748071e-03
1602,3.12500000000000000e-02,2.56250000000000033e-01,-2.04207843764214313e-03,1.46426398362425481e-02,1.47843493505598750e-02,2.52076821633263719e-03
1603,4.37500000000000042e-02,2.56250000000000033e-01,-3.77592975056414981e-03,2.00075942580868298e-02,2.03607827324350302e-02,1.89842832665146539e-03
1604,5.62500000000000014e-02,2.56250000000000033e-01,-6.21831734686313382e-03,2.50434238808769777e-02,2.58038863410839370e-02,1.37976930006592315e-03
1605,6.87500000000000056e-02,2.56250000000000033e-01,-8.87973178132254841e-03,2.97066495536647684e-02,3.10053973400193812e-02,1.53524947041002303e-03
1606,8.12500000000000028e-02,2.56250000000000033e-01,-1.21361736598643438e-02,3.40249504175100942e-02,3.61245617553542855e-02,4.06761352447741677e-04
1607,9.37500000000000000e-02,2.56250000000000033e-01,-1.55220660331456036e-02,3.79276937958301710e-02,4.09810259828568349e-02,1.30021223297227149e-03
1608,1.06250000000000011e-01,2.56250000000000033e-01,-1.94038299091059824e-02,4.14952392593076688e-02,4.58078977505921373e-02,-4.29669168991940811e-04
1609,1.18750000000000008e-01,2.56250000000000033e-01,-2.33409140658232019e-02,4.46276692340873971e-02,5.03629539512452928e-02,1.16069719199425343e-03
1610,1.31250000000000006e-01,2.56250000000000033e-01,-2.76875281965871904e-02,4.74513239811729243e-02,5.49383960923782999e-02,-1.15764694633076529e-03
1611,1.43750000000000017e-01,2.56250000000000033e-01,-3.20288436238715807e-02,4.98357139985956960e-02,5.92405706727429024e-02,1.08836870345365398e-03
1612,1.56250000000000000e-01,2.56250000000000033e-01,-3.67041583103566021e-02,5.19468752277369231e-02,6.36056057529349184e-02,-1.80025410756980771e-03
1613,1.68750000000000011e-01,2.56250000000000033e-01,-4.13248339467778697e-02,5.36234107592072420e-02,6.76994245335913319e-02,1.06039880505235610e-03
1614,1.81250000000000022e-01,2.56250000000000033e-01,-4.62126703463335772e-02,5.50653910575298333e-02,7.18874689557059410e-02,-2.37483387181303476e-03
1615,1.93750000000000006e-01,2.56250000000000033e-01,-5.10055586607848707e-02,5.60811258035491880e-02,7.58067258605216177e-02,1.05988557392257092e-03
1616,2.06250000000000017e-01,2.56250000000000033e-01,-5.60054518880998345e-02,5.68997901757307065e-02,7.98385668911488350e-02,-2.89291116326854990e-03
1617,2.18750000000000000e-01,2.56250000000000033e-01,-6.08770355263324875e-02,5.73008817376645177e-02,8.36026584648368876e-02,1.07579059049581899e-03
1618,2.31250000000000011e-01,2.56250000000000033e-01,-6.59003808659097134e-02,5.75385040408142728e-02,8.74845108892240431e-02,-3.36048161821528605e-03
1619,2.43750000000000022e-01,2.56250000000000033e-01,-7.07671850896473831e-02,5.73655499871394553e-02,9.10977541481644143e-02,1.10257412524500734e-03
1620,2.56250000000000033e-01,2.56250000000000033e-01,-7.57339545186974383e-02,5.70575841151724633e-02,9.48219371880796025e-02,-3.77853157181413110e-03
1621,2.68749999999999989e-01,2.56250000000000033e-01,-8.05195795936296671e-02,5.63436512692002886e-02,9.82751735499872714e-02,1.13962632606925572e-03
1622,2.81250000000000000e-01,2.56250000000000033e-01,-8.53556779127091353e-02,5.55179289273240451e-02,1.01822552434701549e-01,-4.14371329697711850e-03
1623,2.93750000000000011e-01,2.56250000000000033e-01,-8.99884843933274198e-02,5.42887303107118038e-02,1.05096115828118647e-01,1.19054946336475407e-03
1624,3.06250000000000022e-01,2.56250000000000033e-01,-9.46237489278656946e-02,5.29665040396618061e-02,1.08439404329548378e-01,-4.44913434195748358e-03
1625,3.18750000000000033e-01,2.56250000000000033e-01,-9.90351760161726768e-02,5.12421276331936695e-02,1.11506599503934364e-01,1.26232240643943264e-03
1626,3.31250000000000044e-01,2.56250000000000033e-01,-1.03401983236950434e-01,4.94403674080735878e-02,1.14613786547604665e-01,-4.68523972088673909e-03
1627,3.43750000000000000e-01,2.56250000000000033e-01,-1.07525449727996714e-01,4.72379854706747662e-02,1.17444240431515537e-01,1.36436520679914138e-03
1628,3.56250000000000011e-01,2.56250000000000033e-01,-1.11557871068981948e-01,4.49723914260793597e-02,1.20281646929297145e-01,-4.84077645180968838e-03
1629,3.68750000000000022e-01,2.56250000000000033e-01,-1.15328195413943166e-01,4.23094563306827959e-02,1.22844140081790704e-01,1.50751569008586114e-03
1630,3.81250000000000033e-01,2.56250000000000033e-01,-1.18961639079023684e-01,3.95977442240456820e-02,1.25378837608269594e-01,-4.90383335865502389e-03
1631,3.93750000000000044e-01,2.56250000000000033e-01,-1.22314915881978334e-01,3.64952808327335051e-02,1.27643425879578776e-01,1.70293052052443048e-03
1632,4.06250000000000000e-01,2.56250000000000033e-01,-1.25486197567624969e-01,3.33604053577363779e-02,1.29844916826241191e-01,-4.86294569380674776e-03
1633,4.18750000000000011e-01,2.56250000000000033e-01,-1.28360078098317842e-01,2.98461170782554665e-02,1.31784294792874263e-01,1.96093011782271344e-03
1634,4.31250000000000022e-01,2.56250000000000033e-01,-1.31007876746262492e-01,2.63191999650290408e-02,1.33625461856500566e-01,-4.70824444299096020e-03
1635,4.43750000000000033e-01,2.56250000000000033e-01,-1.33342215779063827e-01,2.24301979453407040e-02,1.35215606675921779e-01,2.28981960488100445e-03
1636,4.56250000000000044e-01,2.56250000000000033e-01,-1.35407885111694049e-01,1.85530087771391509e-02,1.36673002034441077e-01,-4.43261473147339626e-03
1637,4.68750000000000000e-01,2.56250000000000033e-01,-1.37145729367122604e-01,1.43380406670206312e-02,1.37893185088347192e-01,2.69473532978318229e-03
1638,4.81250000000000011e-01,2.56250000000000033e-01,-1.38574443900450817e-01,1.01649311317659700e-02,1.38946760765527505e-01,-4.03280637437344186e-03
1639,4.93750000000000022e-01,2.56250000000000033e-01,-1.39663339844980333e-01,5.68602382935260754e-03,1.39779037640278658e-01,3.17658379545362416e-03
1640,5.06249999999999978e-01,2.56250000000000033e-01,-1.40405541719357541e-01,1.28524075322458274e-03,1.40411423998547918e-01,-3.51040880350556028e-03
1641,5.18750000000000044e-01,2.56250000000000033e-01,-1.40799130563184438e-01,-3.38129411224023183e-03,1.40839725635994228e-01,3.73113071115958742e-03
1642,5.31250000000000000e-01,2.56250000000000033e-01,-1.40812218863294064e-01,-7.92734650396281423e-03,1.41035186403245222e-01,-2.86984766222096038e-03
1643,5.43750000000000067e-01,2.56250000000000033e-01,-1.40472255679251590e-01,-1.26903559062062129e-02,1.41044318384836803e-01,4.34655457786484699e-03
1644,5.56250000000000022e-01,2.56250000000000033e-01,-1.39722522104373803e-01,-1.72829139696373743e-02,1.40787365549928212e-01,-2.13568561478317794e-03
1645,5.68749999999999978e-01,2.56250000000000033e-01,-1.38620255729940300e-01,-2.20343932413873747e-02,1.40360570617784758e-01,4.99871604132953989e-03
1646,5.81250000000000044e-01,2.56250000000000033e-01,-1.37084850788127571e-01,-2.65577814704273107e-02,1.39633706791140400e-01,-1.32927443383315134e-03
1647,5.93750000000000000e-01,2.56250000000000033e-01,-1.35204219663465353e-01,-3.11729361129440309e-02,1.38751334987121056e-01,5.66323960527185220e-03
1648,6.06250000000000067e-01,2.56250000000000033e-01,-1.32874921960752540e-01,-3.54958767541955697e-02,1.37534367169173832e-01,-4.78613797267809951e-04
1649,6.18750000000000022e-01,2.56250000000000033e-01,-1.30216395245343231e-01,-3.98357546251931205e-02,1.36173407599465029e-01,6.30982554677375022e-03
1650,6.31250000000000089e-01,2.56250000000000033e-01,-1.27103511813953463e-01,-4.38147613186908799e-02,1.34443430575293121e-01,3.82748562199226492e-04
1651,6.43750000000000044e-01,2.56250000000000033e-01,-1.23688018000332148e-01,-4.77304438856805610e-02,1.32577981091788366e-01,6.90366990268704087e-03
1652,6.56250000000000000e-01,2.56250000000000033e-01,-1.19824312148547246e-01,-5.12149052944876268e-02,1.30310522622679337e-01,1.21742955527931376e-03
1653,6.68750000000000067e-01,2.56250000000000033e-01,-1.15697050871828230e-01,-5.45535017429760599e-02,1.27913611992075738e-01,7.40755305461310298e-03
1654,6.81250000000000022e-01,2.56250000000000033e-01,-1.11141383881518230e-01,-5.73926482817653516e-02,1.25085264071725988e-01,1.98655322240415266e-03
1655,6.93750000000000089e-01,2.56250000000000033e-01,-1.06375131437835488e-01,-6.00052320855245305e-02,1.22132290840933785e-01,7.78452567077187862e-03
1656,7.06250000000000044e-01,2.56250000000000033e-01,-1.01215351190362790e-01,-6.20570440651991156e-02,1.18724993302583681e-01,2.65261590129834204e-03
1657,7.18750000000000000e-01,2.56250000000000033e-01,-9.59127288110452614e-02,-6.38084898049650906e-02,1.15198849469825199e-01,8.00101208883775145e-03
1658,7.31250000000000067e-01,2.56250000000000033e-01,-9.02672137232650440e-02,-6.49503778781970464e-02,1.11205761810628301e-01,3.18264332676343378e-03
1659,7.43750000000000022e-01,2.56250000000000033e-01,-8.45612814559649345e-02,-6.57307787215830608e-02,1.07103434085096608e-01,8.03003658578893380e-03
1660,7.56250000000000089e-01,2.56250000000000033e-01,-7.85784714748048174e-02,-6.58715407433950739e-02,1.02536023227085771e-01,3.55129667122066131e-03
1661,7.68750000000000044e-01,2.56250000000000033e-01,-7.26309754955466874e-02,-6.56085164390740883e-02,9.78761259489307617e-02,7.85418064324373659e-03
1662,7.81250000000000000e-01,2.56250000000000033e-01,-6.64862417382352938e-02,-6.47006705214579203e-02,9.27717473501567524e-02,3.74350627165279549e-03
1663,7.93750000000000067e-01,2.56250000000000033e-01,-6.04829327267586148e-02,-6.33714543961276938e-02,8.76020912051196365e-02,7.46783022480292710e-03
1664,8.06250000000000022e-01,2.56250000000000033e-01,-5.43723093431004861e-02,-6.14226327870720373e-02,8.20310175591971308e-02,3.75619846925320062e-03
1665,8.18750000000000089e-01,2.56250000000000033e-01,-4.85150157441628579e-02,-5.90644462372085857e-02,7.64350414532789652e-02,6.87830292874105995e-03
1666,8.31250000000000044e-01,2.56250000000000033e-01,-4.26456831635513775e-02,-5.61462258737530986e-02,7.05056946093896159e-02,3.59875987860101658e-03
1667,8.43750000000000000e-01,2.56250000000000033e-01,-3.71412887952303483e-02,-5.28632486285919440e-02,6.46064887525938103e-02,6.10557553275075954e-03
1668,8.56250000000000067e-01,2.56250000000000033e-01,-3.17192532091754784e-02,-4.91157434361873604e-02,5.84676600988714990e-02,3.29206277109274923e-03
1669,8.68750000000000022e-01,2.56250000000000033e-01,-2.67663547957110760e-02,-4.50811197172265657e-02,5.24284760794055463e-02,5.18055591103743288e-03
1670,8.81250000000000089e-01,2.56250000000000033e-01,-2.19824336886462711e-02,-4.07120020687359169e-02,4.62676399151770862e-02,2.86613004176452775e-03
1671,8.93750000000000044e-01,2.56250000000000033e-01,-1.77571136648994043e-02,-3.61638838070240387e-02,4.02882312557413316e-02,4.14211510984322830e-03
1672,9.06250000000000000e-01,2.56250000000000033e-01,-1.37729407057394625e-02,-3.14412738259954930e-02,3.43256113636020224e-02,2.35678502416727161e-03
1673,9.18750000000000067e-01,2.56250000000000033e-01,-1.04155769589542192e-02,-2.66728466933245228e-02,2.86343324370150268e-02,3.03333701265344306e-03
1674,9.31250000000000022e-01,2.56250000000000033e-01,-7.35165402215415525e-03,-2.19125657714898080e-02,2.31129261572679719e-02,1.80182178694676893e-03
1675,9.43750000000000089e-01,2.56250000000000033e-01,-4.95677462762537935e-03,-1.72570876236710705e-02,1.79548513767207769e-02,1.89756628902114019e-03
1676,9.56250000000000044e-01,2.56250000000000033e-01,-2.88442550836142970e-03,-1.28057686467591986e-02,1.31265997557481352e-02,1.23726601466590878e-03
1677,9.68750000000000000e-01,2.56250000000000033e-01,-1.49515808071130755e-03,-8.61837438465548090e-03,8.74710664850966886e-03,7.74784891168083271e-04
1678,9.81250000000000067e-01,2.56250000000000033e-01,-4.33506021211856713e-04,-4.83381192690435224e-03,4.85321184527418969e-03,6.94146579670304681e-04
1679,9.93750000000000022e-01,2.56250000000000033e-01,-4.11526786078401566e-05,-1.46811057188407082e-03,1.46868723499401794e-03,-3.01347153602181145e-04
1680,6.25000000000000035e-03,2.68749999999999989e-01,-6.55566102595473300e-05,3.39184913413840194e-03,3.39248260392063751e-03,4.04711820332236561e-03
1681,1.87500000000000028e-02,2.68749999999999989e-01,-6.60158655108122254e-04,9.98798145806260168e-03,1.00097743759046086e-02,2.56608499879718618e-03
1682,3.12500000000000000e-02,2.68749999999999989e-01,-2.12979497532697062e-03,1.62431076979293737e-02,1.63821419333205764e-02,2.64708166610018274e-03
1683,4.37500000000000042e-02,2.68749999999999989e-01,-3.93331560229495409e-03,2.21354490668430430e-02,2.24821946664034433e-02,2.03705539500257824e-03
1684,5.62500000000000014e-02,2.68749999999999989e-01,-6.47636261434584356e-03,2.76435903580702358e-02,2.83921003202878622e-02,1.46378244496278868e-03
1685,6.87500000000000056e-02,2.68749999999999989e-01,-9.24146181025838238e-03,3.27215076818529668e-02,3.40014952812964788e-02,1.68506403213426682e-03
1686,8.12500000000000028e-02,2.68749999999999989e-01,-1.26264519798396299e-02,3.74078165237312563e-02,3.94812870442737412e-02,4.63145604973658014e-04
1687,9.37500000000000000e-02,2.68749999999999989e-01,-1.61395716271482172e-02,4.16285832109973553e-02,4.46477850790246780e-02,1.47215685678159821e-03
1688,1.06250000000000011e-01,2.68749999999999989e-01,-2.01683147701274858e-02,4.54753396485384070e-02,4.97470344524864258e-02,-3.89458107977326161e-04
1689,1.18750000000000008e-01,2.68749999999999989e-01,-2.42479512659440656e-02,4.88437982055988928e-02,5.45314566442605120e-02,1.36202675023992976e-03
1690,1.31250000000000006e-01,2.68749999999999989e-01,-2.87527453371160986e-02,5.18716103132608949e-02,5.93075401691205290e-02,-1.12523635531742126e-03
1691,1.43750000000000017e-01,2.68749999999999989e-01,-3.32458388518334577e-02,5.44226834031802456e-02,6.37739309574442831e-02,1.32296837707083343e-03
1692,1.56250000000000000e-01,2.68749999999999989e-01,-3.80853227465726765e-02,5.66745019854661830e-02,6.82824353989458788e-02,-1.77000667531145212e-03
1693,1.68750000000000011e-01,2.68749999999999989e-01,-4.28627480250223583e-02,5.84587666518063334e-02,7.24889134054780976e-02,1.32928153028866441e-03
1694,1.81250000000000022e-01,2.68749999999999989e-01,-4.79172397556931473e-02,5.99871838546088137e-02,7.67758040831303945e-02,-2.34341363675387567e-03
1695,1.93750000000000006e-01,2.68749999999999989e-01,-5.28691017205907346e-02,6.10598659793453527e-02,8.07678720170203895e-02,1.36176011165662649e-03
1696,2.06250000000000017e-01,2.68749999999999989e-01,-5.80359920675075636e-02,6.19178847663696408e-02,8.48646029225449822e-02,-2.85882917302662538e-03
1697,2.18750000000000000e-01,2.68749999999999989e-01,-6.30671827922661132e-02,6.23312997243175501e-02,8.86716441184881576e-02,1.40764041234436692e-03
1698,2.31250000000000011e-01,2.68749999999999989e-01,-6.82567384035058233e-02,6.25664491607274276e-02,9.25934279420873169e-02,-3.32364892897975836e-03
1699,2.43750000000000022e-01,2.68749999999999989e-01,-7.32830233987565721e-02,6.23656334733375325e-02,9.62282378358524371e-02,1.46021878338361503e-03
1700,2.56250000000000033e-01,2.68749999999999989e-01,-7.84147924350905301e-02,6.20170604868978750e-02,9.99749741889132959e-02,-3.73982657886665765e-03
1701,2.68749999999999989e-01,2.68749999999999989e-01,-8.33595568678312387e-02,6.12381337578520590e-02,1.03435606767426899e-01,1.51825441806201743e-03
1702,2.81250000000000000e-01,2.68749999999999989e-01,-8.83594559414881270e-02,6.03361387504835270e-02,1.06994593758719322e-01,-4.10456182197249404e-03
1703,2.93750000000000011e-01,2.68749999999999989e-01,-9.31511462249745292e-02,5.90068144293518504e-02,1.10267584503001378e-01,1.58522008016478066e-03
1704,3.06250000000000022e-01,2.68749999999999989e-01,-9.79492306606699337e-02,5.75742207009036083e-02,1.13617087959221527e-01,-4.41109959118126446e-03
1705,3.18750000000000033e-01,2.68749999999999989e-01,-1.02519465627755380e-01,5.57158478412139724e-02,1.16681174716686084e-01,1.66843373402480403e-03
1706,3.31250000000000044e-01,2.68749999999999989e-01,-1.07048338613881494e-01,5.37705969362567079e-02,1.19794089565694387e-01,-4.64962185948145784e-03
1707,3.43750000000000000e-01,2.68749999999999989e-01,-1.11330630614270260e-01,5.14011507910435497e-02,1.22623764481501252e-01,1.77808734973724960e-03
1708,3.56250000000000011e-01,2.68749999999999989e-01,-1.15524424649389251e-01,4.89595800324966329e-02,1.25470845886727245e-01,-4.80822604808145600e-03
1709,3.68750000000000022e-01,2.68749999999999989e-01,-1.19453438786285185e-01,4.60971052784793431e-02,1.28039318777178723e-01,1.92618147911369892e-03
1710,3.81250000000000033e-01,2.68749999999999989e-01,-1.23247299595828849e-01,4.31774653702230241e-02,1.30591693355514765e-01,-4.87398812163107511e-03
1711,3.93750000000000044e-01,2.68749999999999989e-01,-1.26758583525709373e-01,3.98435861549147827e-02,1.32873059177277764e-01,2.12537409142323072e-03
1712,4.06250000000000000e-01,2.68749999999999989e-01,-1.30088596879102736e-01,3.64694702808128282e-02,1.35103905570996691e-01,-4.83410503535314662e-03
1713,4.18750000000000011e-01,2.68749999999999989e-01,-1.33118728459818675e-01,3.26926921167503409e-02,1.37074461460184344e-01,2.38775906014337177e-03
1714,4.31250000000000022e-01,2.68749999999999989e-01,-1.35922248275298613e-01,2.88961520747582010e-02,1.38959868958413557e-01,-4.67710096165222747e-03
1715,4.43750000000000033e-01,2.68749999999999989e-01,-1.38409367880416495e-01,2.47147736213102487e-02,1.40598624289887980e-01,2.72360293774117496e-03
1716,4.56250000000000044e-01,2.68749999999999989e-01,-1.40625723487517451e-01,2.05389786907811504e-02,1.42117710902083139e-01,-4.39406527673380856e-03
1717,4.68750000000000000e-01,2.68749999999999989e-01,-1.42510435780306810e-01,1.60034950828214645e-02,1.43406192896816137e-01,3.14008691654050001e-03
1718,4.81250000000000011e-01,2.68749999999999989e-01,-1.44082009845165726e-01,1.15048371184741996e-02,1.44540606191288168e-01,-3.97986711454582833e-03
1719,4.93750000000000022e-01,2.68749999999999989e-01,-1.45308649063955464e-01,6.67974313242838957e-03,1.45462099741159340e-01,3.64012069720708953e-03
1720,5.06249999999999978e-01,2.68749999999999989e-01,-1.46182312816521942e-01,1.92930008921562458e-03,1.46195043620574644e-01,-3.43425645947034036e-03
1721,5.18750000000000044e-01,2.68749999999999989e-01,-1.46700556997468395e-01,-3.10582271406562851e-03,1.46733430267606990e-01,4.22130199450062877e-03
1722,5.31250000000000000e-01,2.68749999999999989e-01,-1.46829396535092221e-01,-8.02184594687765408e-03,1.47048365170289436e-01,-2.75843677967039982e-03
1723,5.43750000000000067e-01,2.68749999999999989e-01,-1.46596384831653048e-01,-1.31715570888831998e-02,1.47186921843809965e-01,4.87505398950858083e-03
1724,5.56250000000000022e-01,2.68749999999999989e-01,-1.45941618584792265e-01,-1.81498253562236249e-02,1.47065877060623407e-01,-1.97646777989212916e-03
1725,5.68749999999999978e-01,2.68749999999999989e-01,-1.44923106591473116e-01,-2.33008261196973702e-02,1.46784315653900321e-01,5.57729708912309708e-03
1726,5.81250000000000044e-01,2.68749999999999989e-01,-1.43455984021325561e-01,-2.82194963787262242e-02,1.46205195965792401e-01,-1.10858473476042234e-03
1727,5.93750000000000000e-01,2.68749999999999989e-01,-1.41629754157876542e-01,-3.32397690229360304e-02,1.45478072256676139e-01,6.30417784654682071e-03
1728,6.06250000000000067e-01,2.68749999999999989e-01,-1.39335638874789836e-01,-3.79593869399700509e-02,1.44413764293796487e-01,-1.82459033133967300e-04
1729,6.18750000000000022e-01,2.68749999999999989e-01,-1.36695681728457780e-01,-4.27007123825933962e-02,1.43209846872304120e-01,7.02502647163708461e-03
1730,6.31250000000000089e-01,2.68749999999999989e-01,-1.33578348209107134e-01,-4.70675308651812979e-02,1.41628131287602155e-01,7.67753471999709858e-04
1731,6.43750000000000044e-01,2.68749999999999989e-01,-1.30139259168458754e-01,-5.13696320737188489e-02,1.39910921218840245e-01,7.70363578449147039e-03
1732,6.56250000000000000e-01,2.68749999999999989e-01,-1.26225358999366377e-01,-5.52207223081311246e-02,1.37775794052332173e-01,1.70301514863682962e-03
1733,6.68750000000000067e-01,2.68749999999999989e-01,-1.22026748872268484e-01,-5.89173726499759090e-02,1.35505661285098361e-01,8.30028953611762488e-03
1734,6.81250000000000022e-01,2.68749999999999989e-01,-1.17370115230827451e-01,-6.20878178753854204e-02,1.32780424302021055e-01,2.58171868646136279e-03
1735,6.93750000000000089e-01,2.68749999999999989e-01,-1.12480626401783607e-01,-6.50151333712524482e-02,1.29918662566312487e-01,8.77449223516540283e-03
1736,7.06250000000000044e-01,2.68749999999999989e-01,-1.07165921700861116e-01,-6.73474402511420184e-02,1.26570978041477739e-01,3.36263276083413522e-03
1737,7.18750000000000000e-01,2.68749999999999989e-01,-1.01686279498731172e-01,-6.93543820001280703e-02,1.23085863286218872e-01,9.08824100546033048e-03
1738,7.31250000000000067e-01,2.68749999999999989e-01,-9.58313396082130509e-02,-7.07100014552714956e-02,1.19094710029073750e-01,4.00826912503785514e-03
1739,7.43750000000000022e-01,2.68749999999999989e-01,-8.98957289689365086e-02,-7.16708152678214583e-02,1.14969334381002139e-01,9.20955290208026051e-03
1740,7.56250000000000089e-01,2.68749999999999989e-01,-8.36518439487495408e-02,-7.19433030091543579e-02,1.10333448436514228e-01,4.48832760155183814e-03
1741,7.68750000000000044e-01,2.68749999999999989e-01,-7.74268282403415692e-02,-7.17712042355697494e-02,1.05574710460333343e-01,9.11584171171305087e-03
1742,7.81250000000000000e-01,2.68749999999999989e-01,-7.09761824563113902e-02,-7.09000826622343955e-02,1.00321683586268001e-01,4.78277140281696111e-03
1743,7.93750000000000067e-01,2.68749999999999989e-01,-6.46564390064358063e-02,-6.95609933022497129e-02,9.49693997779736537e-02,8.79666141562895562e-03
1744,8.06250000000000022e-01,2.68749999999999989e-01,-5.82060817846210624e-02,-6.75448676759677347e-02,8.91642142682925604e-02,4.88404350531312752e-03
1745,8.18750000000000089e-01,2.68749999999999989e-01,-5.20064842427401322e-02,-6.50695286668709488e-02,8.32989673658630497e-02,8.25533746707013578e-03
1746,8.31250000000000044e-01,2.68749999999999989e-01,-4.57785746325672094e-02,-6.19765926551514162e-02,7.70504765237184919e-02,4.79799028802901061e-03
1747,8.43750000000000000e-01,2.68749999999999989e-01,-3.99226466875202829e-02,-5.84690681908298093e-02,7.07986557332869193e-02,7.50912066964723544e-03
1748,8.56250000000000067e-01,2.68749999999999989e-01,-3.41413252107054324e-02,-5.44429912970171917e-02,6.42625037522678577e-02,4.54322897054127480e-03
1749,8.68750000000000022e-01,2.68749999999999989e-01,-2.88467962865306231e-02,-5.00836480755565625e-02,5.77971405914929140e-02,6.58772374785196284e-03
1750,8.81250000000000089e-01,2.68749999999999989e-01,-2.37228062813720775e-02,-4.53431535722348816e-02,5.11739495616547399e-02,4.14896307881795334e-03
1751,8.93750000000000044e-01,2.68749999999999989e-01,-1.91857843653395616e-02,-4.03847836512326169e-02,4.47104581979448426e-02,5.53039810840552301e-03
1752,9.06250000000000000e-01,2.68749999999999989e-01,-1.49007051740246092e-02,-3.52160826044265879e-02,3.82387694452240509e-02,3.65155322516544714e-03
1753,9.18750000000000067e-01,2.68749999999999989e-01,-1.12806034758207701e-02,-2.99729330613679353e-02,3.20254388116688049e-02,4.38199611058676542e-03
1754,9.31250000000000022e-01,2.68749999999999989e-01,-7.97299191773140868e-03,-2.47154508157319923e-02,2.59696382174468797e-02,3.09039293000730247e-03
1755,9.43750000000000089e-01,2.68749999999999989e-01,-5.38052091274275179e-03,-1.95462764591241636e-02,2.02733058159978823e-02,3.18864187243188312e-03
1756,9.56250000000000044e-01,2.68749999999999989e-01,-3.13612742286574616e-03,-1.45734395261758829e-02,1.49070598991067355e-02,2.50372720379927159e-03
1757,9.68750000000000000e-01,2.68749999999999989e-01,-1.62619607943448644e-03,-9.86095734185315348e-03,9.99414795701042760e-03,1.99362616172632685e-03
1758,9.81250000000000067e-01,2.68749999999999989e-01,-4.73627946322461701e-04,-5.55935800343415523e-03,5.57949682694461498e-03,1.92495201393507939e-03
1759,9.93750000000000022e-01,2.68749999999999989e-01,-4.39606927489245690e-05,-1.69302233300700215e-03,1.69359297429088262e-03,8.33909545745995786e-04
1760,6.25000000000000035e-03,2.81250000000000000e-01,-6.80705578457499845e-05,3.76505360711769203e-03,3.76566890011792920e-03,3.49631765125540993e-03
1761,1.87500000000000028e-02,2.81250000000000000e-01,-6.84605729156941988e-04,1.10442623997076463e-02,1.10654605398054079e-02,1.95452848758177582e-03
1762,3.12500000000000000e-02,2.81250000000000000e-01,-2.20909377850609951e-03,1.79160325215903804e-02,1.80517122909966202e-02,2.04254228046586587e-03
1763,4.37500000000000042e-02,2.81250000000000000e-01,-4.07837310295214393e-03,2.43537172082423162e-02,2.46928465152546038e-02,1.39603172256107266e-03
1764,5.62500000000000014e-02,2.81250000000000000e-01,-6.71364854580047948e-03,3.03519736210780613e-02,3.10856137062009326e-02,8.07381283805180881e-04
1765,6.87500000000000056e-02,2.81250000000000000e-01,-9.57658408360724869e-03,3.58561276882900931e-02,3.71129742207406896e-02,1.01455923909125390e-03
1766,8.12500000000000028e-02,2.81250000000000000e-01,-1.30803596838818415e-02,4.09236270372549463e-02,4.29632291540576056e-02,-2.45622931285260308e-04
1767,9.37500000000000000e-02,2.81250000000000000e-01,-1.67136483476292806e-02,4.54687824677281957e-02,4.84433299865502445e-02,7.69925155077453779e-04
1768,1.06250000000000011e-01,2.81250000000000000e-01,-2.08790063008168110e-02,4.96043439970340824e-02,5.38193631278338289e-02,-1.15323149813400345e-03
1769,1.18750000000000008e-01,2.81250000000000000e-01,-2.50934927013434228e-02,5.32111672831788243e-02,5.88312136505003275e-02,6.24029079226545691e-04
1770,1.31250000000000006e-01,2.81250000000000000e-01,-2.97460624814065155e-02,5.64500892052166511e-02,6.38078428128130426e-02,-1.94818857571064301e-03
1771,1.43750000000000017e-01,2.81250000000000000e-01,-3.43830069799364937e-02,5.91672057745357763e-02,6.84320787945874170e-02,5.44033595616654603e-04
1772,1.56250000000000000e-01,2.81250000000000000e-01,-3.93766300137005504e-02,6.15648080830639918e-02,7.30803980937457937e-02,-2.65713595725234827e-03
1773,1.68750000000000011e-01,2.81250000000000000e-01,-4.43029624793021895e-02,6.34540950691137029e-02,7.73897581433265480e-02,5.03783169047537522e-04
1774,1.81250000000000022e-01,2.81250000000000000e-01,-4.95147549977425008e-02,6.50729072734474306e-02,8.17691520287764373e-02,-3.29986772515000835e-03
1775,1.93750000000000006e-01,2.81250000000000000e-01,-5.46180732180668455e-02,6.61985051410317743e-02,8.58217688291340319e-02,4.84197873831113818e-04
1776,2.06250000000000017e-01,2.81250000000000000e-01,-5.99435082388158832e-02,6.70991647205041036e-02,8.99751192617510853e-02,-3.88934613598077667e-03
1777,2.18750000000000000e-01,2.81250000000000000e-01,-6.51273213824670461e-02,6.75201223239813159e-02,9.38111662282297282e-02,4.73084723494617107e-04
1778,2.31250000000000011e-01,2.81250000000000000e-01,-7.04757209408325286e-02,6.77557605445825439e-02,9.77633383692727009e-02,-4.43213669676468733e-03
1779,2.43750000000000022e-01,2.81250000000000000e-01,-7.56552355753893624e-02,6.75219736632655942e-02,1.01404790800782157e-01,4.64619905175321841e-04
1780,2.56250000000000033e-01,2.81250000000000000e-01,-8.09458884782082166e-02,6.71356467772404181e-02,1.05163833753457808e-01,-4.92907172483074418e-03
1781,2.68749999999999989e-01,2.81250000000000000e-01,-8.60444829947710627e-02,6.62865686075299609e-02,1.08616583593842714e-01,4.58639398984443029e-04
1782,2.81250000000000000e-01,2.81250000000000000e-01,-9.12034756790691958e-02,6.53111510937666867e-02,1.12176737486590281e-01,-5.37604299991436239e-03
1783,2.93750000000000011e-01,2.81250000000000000e-01,-9.61499021924921843e-02,6.38766524148876302e-02,1.15434095549617324e-01,4.59807639160405277e-04
1784,3.06250000000000022e-01,2.81250000000000000e-01,-1.01107663958453914e-01,6.23365496904310923e-02,1.18779649513050950e-01,-5.76487770039575079e-03
1785,3.18750000000000033e-01,2.81250000000000000e-01,-1.05833948158574789e-01,6.03392864089333583e-02,1.21826327479618232e-01,4.76695089790301404e-04
1786,3.31250000000000044e-01,2.81250000000000000e-01,-1.10523460491405046e-01,5.82533414598112656e-02,1.24935531816327328e-01,-6.08428242407370572e-03
1787,3.43750000000000000e-01,2.81250000000000000e-01,-1.14963433059901643e-01,5.57120361153793861e-02,1.27751406681256646e-01,5.20774486065982167e-04
1788,3.56250000000000011e-01,2.81250000000000000e-01,-1.19319029579334310e-01,5.30970804693613463e-02,1.30599888109155321e-01,-6.32085594677250090e-03
1789,3.68750000000000022e-01,2.81250000000000000e-01,-1.23407411256062041e-01,5.00302204339515139e-02,1.33163103409287553e-01,6.05336218838810726e-04
1790,3.81250000000000033e-01,2.81250000000000000e-01,-1.27364093593992755e-01,4.69048302922640895e-02,1.35726472884862975e-01,-6.46017656137675041e-03
1791,3.93750000000000044e-01,2.81250000000000000e-01,-1.31036063135698183e-01,4.33344029428943053e-02,1.38015652447538745e-01,7.44323235727068475e-04
1792,4.06250000000000000e-01,2.81250000000000000e-01,-1.34529272045145282e-01,3.97225404421697043e-02,1.40271184696560247e-01,-6.48796649012775648e-03
1793,4.18750000000000011e-01,2.81250000000000000e-01,-1.37720465247549217e-01,3.56775404079701930e-02,1.42266698273221193e-01,9.51093564667271569e-04
1794,4.31250000000000022e-01,2.81250000000000000e-01,-1.40686268679631132e-01,3.16118664809558816e-02,1.44194092449750316e-01,-6.39132555259240478e-03
1795,4.43750000000000033e-01,2.81250000000000000e-01,-1.43333180443730474e-01,2.71314039043510889e-02,1.45878420933104547e-01,1.23713314336277354e-03
1796,4.56250000000000044e-01,2.81250000000000000e-01,-1.45708864759895640e-01,2.26561286441796760e-02,1.47459734960968841e-01,-6.16001068640748776e-03
1797,4.68750000000000000e-01,2.81250000000000000e-01,-1.47749648812754597e-01,1.77920285225012173e-02,1.48817052125211152e-01,1.61076178169871752e-03
1798,4.81250000000000011e-01,2.81250000000000000e-01,-1.49474720138919437e-01,1.29652090115966075e-02,1.50035957707886386e-01,-5.78771790726001403e-03
1799,4.93750000000000022e-01,2.81250000000000000e-01,-1.50850398254228607e-01,7.78401128884401161e-03,1.51051095610737707e-01,2.07589778486673860e-03
1800,5.06249999999999978e-01,2.81250000000000000e-01,-1.51868008631511786e-01,2.67921269152743193e-03,1.51891639751328578e-01,-5.27328912958222994e-03
1801,5.18750000000000044e-01,2.81250000000000000e-01,-1.52524103762200436e-01,-2.73652749275945855e-03,1.52548650637038125e-01,2.63096013551211445e-03
1802,5.31250000000000000e-01,2.81250000000000000e-01,-1.52782844481807012e-01,-8.02947225626159805e-03,1.52993692656482105e-01,-4.61591778286338759e-03
1803,5.43750000000000067e-01,2.81250000000000000e-01,-1.52671674283111208e-01,-1.35804349227182774e-02,1.53274486921661512e-01,3.26930533673588496e-03
1804,5.56250000000000022e-01,2.81250000000000000e-01,-1.52127280002711779e-01,-1.89541780573482289e-02,1.53303523073845677e-01,-3.84003843744976613e-03
1805,5.68749999999999978e-01,2.81250000000000000e-01,-1.51208694490515994e-01,-2.45223000059952290e-02,1.53184243599367081e-01,3.96551984398654453e-03
1806,5.81250000000000044e-01,2.81250000000000000e-01,-1.49826141934019608e-01,-2.98491642136350203e-02,1.52770564609434972e-01,-2.96638877591224974e-03
1807,5.93750000000000000e-01,2.81250000000000000e-01,-1.48071273173189910e-01,-3.52955126527213503e-02,1.52219825096955891e-01,4.69508784842146386e-03
1808,6.06250000000000067e-01,2.81250000000000000e-01,-1.45829005321819388e-01,-4.04280357124522441e-02,1.51329193696122410e-01,-2.02381742558770204e-03
1809,6.18750000000000022e-01,2.81250000000000000e-01,-1.43224729818736407e-01,-4.55952243296275858e-02,1.50307177850291324e-01,5.42593785986468426e-03
1810,6.31250000000000089e-01,2.81250000000000000e-01,-1.40119339178703145e-01,-5.03693379511642586e-02,1.48897613874484414e-01,-1.04840535031537271e-03
1811,6.43750000000000044e-01,2.81250000000000000e-01,-1.36673146116884608e-01,-5.50855486691566865e-02,1.47356596532592726e-01,6.11966026205750576e-03
1812,6.56250000000000000e-01,2.81250000000000000e-01,-1.32724400754291899e-01,-5.93256480526654292e-02,1.45379844106583805e-01,-8.19294740710997671e-05
1813,6.68750000000000067e-01,2.81250000000000000e-01,-1.28469427687354365e-01,-6.34107869822624071e-02,1.43266610750817397e-01,6.73354695526369104e-03
1814,6.81250000000000022e-01,2.81250000000000000e-01,-1.23725275091943435e-01,-6.69370919358176497e-02,1.40671667273126411e-01,8.30488110684119525e-04
1815,6.93750000000000089e-01,2.81250000000000000e-01,-1.18725083779460797e-01,-7.02113828407438245e-02,1.37932171007526305e-01,7.22343017336081125e-03
1816,7.06250000000000044e-01,2.81250000000000000e-01,-1.13266117500076646e-01,-7.28498106692385267e-02,1.34671111557323503e-01,1.64348764952585683e-03
1817,7.18750000000000000e-01,2.81250000000000000e-01,-1.07618605639864640e-01,-7.51449352385515634e-02,1.31257478156007606e-01,7.54718268016942549e-03
1818,7.31250000000000067e-01,2.81250000000000000e-01,-1.01561298509068559e-01,-7.67394558766277129e-02,1.27293524749254316e-01,2.31513212703773289e-03
1819,7.43750000000000022e-01,2.81250000000000000e-01,-9.54009658361643781e-02,-7.79120346963618482e-02,1.23173168478366651e-01,7.66859954384358292e-03
1820,7.56250000000000089e-01,2.81250000000000000e-01,-8.88988161275924005e-02,-7.83390854152052618e-02,1.18490555794874677e-01,2.81076902074610261e-03
1821,7.68750000000000044e-01,2.81250000000000000e-01,-8.23964840172651952e-02,-7.82858265589711083e-02,1.13656725355030117e-01,7.56123731881829571e-03
1822,7.81250000000000000e-01,2.81250000000000000e-01,-7.56381571506190425e-02,-7.74698283474055671e-02,1.08271441854804099e-01,3.10661072743551687e-03
1823,7.93750000000000067e-01,2.81250000000000000e-01,-6.89972556424549577e-02,-7.61430837981581232e-02,1.02754029100973032e-01,7.21167815569500464e-03
1824,8.06250000000000022e-01,2.81250000000000000e-01,-6.22009170431194330e-02,-7.40714884462348733e-02,9.67240377654165762e-02,3.19247734503529980e-03
1825,8.18750000000000089e-01,2.81250000000000000e-01,-5.56496867718230329e-02,-7.14933544398631965e-02,9.05990472735001828e-02,6.62165939494538305e-03
1826,8.31250000000000044e-01,2.81250000000000000e-01,-4.90530905746074178e-02,-6.82291037697687203e-02,8.40322336734333625e-02,3.07317400469246400e-03
1827,8.43750000000000000e-01,2.81250000000000000e-01,-4.28325628791578969e-02,-6.45017640490182648e-02,7.74280698986629795e-02,5.80860300689281083e-03
1828,8.56250000000000067e-01,2.81250000000000000e-01,-3.66791211736352818e-02,-6.01907802429487229e-02,7.04860834230783967e-02,2.76813523904969163e-03
1829,8.68750000000000022e-01,2.81250000000000000e-01,-3.10275290415890290e-02,-5.55007626371031917e-02,6.35849212606787728e-02,4.80430730314188557e-03
1830,8.81250000000000089e-01,2.81250000000000000e-01,-2.55494716570381433e-02,-5.03723525212523698e-02,5.64814075646058525e-02,2.30925379763217368e-03
1831,8.93750000000000044e-01,2.81250000000000000e-01,-2.06846727136613916e-02,-4.49869603973588883e-02,4.95144654728779735e-02,3.65189323876028565e-03
1832,9.06250000000000000e-01,2.81250000000000000e-01,-1.60853106521517929e-02,-3.93459508010320022e-02,4.25069531160898254e-02,1.73716178115466968e-03
1833,9.18750000000000067e-01,2.81250000000000000e-01,-1.21875944176032588e-02,-3.36013809586051260e-02,3.57433946347196496e-02,2.40144475890891052e-03
1834,9.31250000000000022e-01,2.81250000000000000e-01,-8.62529213501995844e-03,-2.78123066770149079e-02,2.91190670714356024e-02,1.09654291504229871e-03
1835,9.43750000000000089e-01,2.81250000000000000e-01,-5.82324528692604836e-03,-2.20946132325967291e-02,2.28491163848789786e-02,1.10503133210248009e-03
1836,9.56250000000000044e-01,2.81250000000000000e-01,-3.39965352148244911e-03,-1.65599184575920891e-02,1.69052815234833377e-02,4.31211576637585638e-04
1837,9.68750000000000000e-01,2.81250000000000000e-01,-1.76129744658263089e-03,-1.12813675175184730e-02,1.14180305552516112e-02,-1.88144370065915906e-04
1838,9.81250000000000067e-01,2.81250000000000000e-01,-5.15531838134653431e-04,-6.41605794086788292e-03,6.43673617423491402e-03,-2.20371480884423151e-04
1839,9.93750000000000022e-01,2.81250000000000000e-01,-4.56641749014406089e-05,-1.98595418367845857e-03,1.98647910548774764e-03,-1.43587264624447301e-03
1840,6.25000000000000035e-03,2.93750000000000011e-01,-7.21550495787730425e-05,4.14478031601971629e-03,4.14540832961533649e-03,3.52511079891086425e-03
1841,1.87500000000000028e-02,2.93750000000000011e-01,-7.07305156787514915e-04,1.21290082005864747e-02,1.21496140068198116e-02,1.95738868907908894e-03
1842,3.12500000000000000e-02,2.93750000000000011e-01,-2.28697749138911987e-03,1.96373204464203657e-02,1.97700435093481723e-02,2.01325785063613495e-03
1843,4.37500000000000042e-02,2.93750000000000011e-01,-4.21588201109069499e-03,2.66398481107669241e-02,2.69713768372356194e-02,1.40414773616858173e-03
1844,5.62500000000000014e-02,2.93750000000000011e-01,-6.94111550344200193e-03,3.31423968689537121e-02,3.38614464347191738e-02,7.37074875104375355e-04
1845,6.87500000000000056e-02,2.93750000000000011e-01,-9.89377439927097146e-03,3.90879161536251615e-02,4.03206145922467354e-02,1.04172095770022283e-03
1846,8.12500000000000028e-02,2.93750000000000011e-01,-1.35121851322336298e-02,4.45456231252805562e-02,4.65498838523501074e-02,-3.42683730633153844e-04
1847,9.37500000000000000e-02,2.93750000000000011e-01,-1.72563272575594895e-02,4.94267834472874382e-02,5.23525333901334530e-02,8.26267360532482987e-04
1848,1.06250000000000011e-01,2.93750000000000011e-01,-2.15528623584350550e-02,5.38560707408225689e-02,5.80086392831458478e-02,-1.26584744554600380e-03
1849,1.18750000000000008e-01,2.93750000000000011e-01,-2.58922984926938833e-02,5.77102678861758714e-02,6.32525583729934143e-02,7.16043989998587206e-04
1850,1.31250000000000006e-01,2.93750000000000011e-01,-3.06863686570783174e-02,6.11621527204408710e-02,6.84285185193764939e-02,-2.06808463779650656e-03
1851,1.43750000000000017e-01,2.93750000000000011e-01,-3.54571484891188574e-02,6.40525285512825449e-02,7.32115823677667032e-02,6.74919902738186890e-04
1852,1.56250000000000000e-01,2.93750000000000011e-01,-4.05981359386115917e-02,6.65956232952590599e-02,7.79947798495132377e-02,-2.77861943227801760e-03
1853,1.68750000000000011e-01,2.93750000000000011e-01,-4.56635960780882449e-02,6.85960382817654979e-02,8.24049784584416634e-02,6.73959147682011276e-04
1854,1.81250000000000022e-01,2.93750000000000011e-01,-5.10256832008508660e-02,7.03035936384233812e-02,8.68689566219726095e-02,-3.41941499918568120e-03
1855,1.93750000000000006e-01,2.93750000000000011e-01,-5.62711853906538370e-02,7.14876405190092851e-02,9.09776294054996382e-02,6.91872325576292440e-04
1856,2.06250000000000017e-01,2.93750000000000011e-01,-6.17481633655835652e-02,7.24285599962212062e-02,9.51773711664122973e-02,-4.00518029445905231e-03
1857,2.18750000000000000e-01,2.93750000000000011e-01,-6.70760580746998236e-02,7.28624147287605384e-02,9.90359987426107785e-02,7.14830358481067271e-04
1858,2.31250000000000011e-01,2.93750000000000011e-01,-7.25765372285031019e-02,7.30959124421669409e-02,1.03006631688611350e-01,-4.54381771470150578e-03
1859,2.43750000000000022e-01,2.93750000000000011e-01,-7.79016750165867494e-02,7.28345914058404625e-02,1.06646840907950124e-01,7.35925869126234753e-04
1860,2.56250000000000033e-01,2.93750000000000011e-01,-8.33449321607021565e-02,7.24079722335889686e-02,1.10405127416493831e-01,-5.03709955495009517e-03
1861,2.68749999999999989e-01,2.93750000000000011e-01,-8.85908824825928781e-02,7.14944072703236483e-02,1.13841094205824861e-01,7.54436778685885451e-04
1862,2.81250000000000000e-01,2.93750000000000011e-01,-9.39034422012611503e-02,7.04433299515734440e-02,1.17388752408021768e-01,-5.48146583373177506e-03
1863,2.93750000000000011e-01,2.93750000000000011e-01,-9.89994629590456726e-02,6.89095934807770205e-02,1.20621000409818366e-01,7.74968637975024057e-04
1864,3.06250000000000022e-01,2.93750000000000011e-01,-1.04112415327522592e-01,6.72601380255052617e-02,1.23948865232968469e-01,-5.86889780520333335e-03
1865,3.18750000000000033e-01,2.93750000000000011e-01,-1.08991141492807864e-01,6.51301488444348126e-02,1.26968520556882514e-01,8.06507132507402655e-04
1866,3.31250000000000044e-01,2.93750000000000011e-01,-1.13838142492216229e-01,6.29020435035535785e-02,1.30060715679259087e-01,-6.18785644876146228e-03
1867,3.43750000000000000e-01,2.93750000000000011e-01,-1.18433922523627888e-01,6.01951479419882071e-02,1.32853490131386975e-01,8.61387607000685851e-04
1868,3.56250000000000011e-01,2.93750000000000011e-01,-1.22949799073258800e-01,5.74056004692856184e-02,1.35691031602659551e-01,-6.42429300807786322e-03
1869,3.68750000000000022e-01,2.93750000000000011e-01,-1.27197596757285092e-01,5.41405314530188295e-02,1.38240463565644289e-01,9.54177469707512315e-04
1870,3.81250000000000033e-01,2.93750000000000011e-01,-1.31317478595670695e-01,5.08082296984475670e-02,1.40803964396655545e-01,-6.56274437974939829e-03
1871,3.93750000000000044e-01,2.93750000000000011e-01,-1.35152267729883618e-01,4.70070719202711415e-02,1.43093676600497210e-01,1.10046652531587091e-03
1872,4.06250000000000000e-01,2.93750000000000011e-01,-1.38811185602145698e-01,4.31560441084753166e-02,1.45365021209938966e-01,-6.58752262378838917e-03
1873,4.18750000000000011e-01,2.93750000000000011e-01,-1.42167787629254833e-01,3.88479527658873239e-02,1.47379928326409199e-01,1.31556788295484760e-03
1874,4.31250000000000022e-01,2.93750000000000011e-01,-1.45300703618840232e-01,3.45110868069840662e-02,1.49342926128856995e-01,-6.48399706490797832e-03
1875,4.43750000000000033e-01,2.93750000000000011e-01,-1.48114046137678729e-01,2.97356023790385296e-02,1.51069443343512411e-01,1.61314702892902400e-03
1876,4.56250000000000044e-01,2.93750000000000011e-01,-1.50656310696748064e-01,2.49577025378924545e-02,1.52709563776225271e-01,-6.23995138915909176e-03
1877,4.68750000000000000e-01,2.93750000000000011e-01,-1.52862111474181078e-01,1.97675641009852909e-02,1.54134946442497339e-01,2.00381842389668868e-03
1878,4.81250000000000011e-01,2.93750000000000011e-01,-1.54750369097533952e-01,1.46078657496093861e-02,1.55438304409117906e-01,-5.84697808562528558e-03
1879,4.93750000000000022e-01,2.93750000000000011e-01,-1.56286274276007692e-01,9.07123881894177433e-03,1.56549311403103214e-01,2.49377887786592957e-03
1880,5.06249999999999978e-01,2.93750000000000011e-01,-1.57459866542874249e-01,3.60529550052774957e-03,1.57501135638273698e-01,-5.30183759261532942e-03
1881,5.18750000000000044e-01,2.93750000000000011e-01,-1.58267089868952937e-01,-2.19277155654195189e-03,1.58282279433568956e-01,3.08359357579630683e-03
1882,5.31250000000000000e-01,2.93750000000000011e-01,-1.58669958660018345e-01,-7.87199162150644706e-03,1.58865112700243283e-01,-4.60013921358037869e-03
1883,5.43750000000000067e-01,2.93750000000000011e-01,-1.58695775483721074e-01,-1.38288824305165866e-02,1.59297166157018166e-01,3.77054804501723243e-03
1884,5.56250000000000022e-01,2.93750000000000011e-01,-1.58277910366837166e-01,-1.96105421769930399e-02,1.59488150890804925e-01,-3.76499902844083063e-03
1885,5.68749999999999978e-01,2.93750000000000011e-01,-1.57475994049033230e-01,-2.56036881350855811e-02,1.59543842086900589e-01,4.52964572751805850e-03
1886,5.81250000000000044e-01,2.93750000000000011e-01,-1.56195729531508648e-01,-3.13546879099897077e-02,1.59311714502773011e-01,-2.81570871914342937e-03
1887,5.93750000000000000e-01,2.93750000000000011e-01,-1.54530151325685677e-01,-3.72385805513157780e-02,1.58953702536984487e-01,5.33716832941347717e-03
1888,6.06250000000000067e-01,2.93750000000000011e-01,-1.52358439742416696e-01,-4.28037455354452756e-02,1.58256926523317687e-01,-1.78053434598075973e-03
1889,6.18750000000000022e-01,2.93750000000000011e-01,-1.49808367958102651e-01,-4.84119928259727772e-02,1.57436552806685642e-01,6.16080081602592838e-03
1890,6.31250000000000089e-01,2.93750000000000011e-01,-1.46733863911206047e-01,-5.36169861252846075e-02,1.56222943319703517e-01,-6.96053454998494256e-04
1891,6.43750000000000044e-01,2.93750000000000011e-01,-1.43298918650261342e-01,-5.87661132066251007e-02,1.54880715867883628e-01,6.96064538012652889e-03
1892,6.56250000000000000e-01,2.93750000000000011e-01,-1.39333581889712482e-01,-6.34223792812579068e-02,1.53089010826750554e-01,3.94201015491667250e-04
1893,6.68750000000000067e-01,2.93750000000000011e-01,-1.35039516128085541e-01,-6.79179591279441691e-02,1.51157269385936460e-01,7.69115430018343406e-03
1894,6.81250000000000022e-01,2.93750000000000011e-01,-1.30224346680467062e-01,-7.18301773082819228e-02,1.48721063876283810e-01,1.44200635896237438e-03
1895,6.93750000000000089e-01,2.93750000000000011e-01,-1.25128623839396574e-01,-7.54756603047182645e-02,1.46129216114965960e-01,8.30397951541805325e-03
1896,7.06250000000000044e-01,2.93750000000000011e-01,-1.19539008831053423e-01,-7.84520201927328270e-02,1.42983544873637930e-01,2.39760886661711170e-03
1897,7.18750000000000000e-01,2.93750000000000011e-01,-1.13735649354224547e-01,-8.10604700228040459e-02,1.39666022118284133e-01,8.75163741792427119e-03
1898,7.31250000000000067e-01,2.93750000000000011e-01,-1.07485582522172787e-01,-8.29258379259344702e-02,1.35756565387642192e-01,3.21360289822108201e-03
1899,7.43750000000000022e-01,2.93750000000000011e-01,-1.01108430228059501e-01,-8.43344582869092890e-02,1.31663265635213605e-01,8.99173147923583958e-03
1900,7.56250000000000089e-01,2.93750000000000011e-01,-9.43526565468237460e-02,-8.49460842528973747e-02,1.26957713540151701e-01,3.84918920237239124e-03
1901,7.68750000000000044e-01,2.93750000000000011e-01,-8.75760415358857458e-02,-8.50329081142717491e-02,1.22066205452063467e-01,8.99130296929550980e-03
1902,7.81250000000000000e-01,2.93750000000000011e-01,-8.05090587462305440e-02,-8.42977204466127394e-02,1.16566780056323385e-01,4.27430755851284250e-03
1903,7.93750000000000067e-01,2.93750000000000011e-01,-7.35447934273800313e-02,-8.29991559548234614e-02,1.10894979730775486e-01,8.73073338597855908e-03
1904,8.06250000000000022e-01,2.93750000000000011e-01,-6.63957064505035915e-02,-8.08909625420663886e-02,1.04650550194652248e-01,4.47302429293239875e-03
1905,8.18750000000000089e-01,2.93750000000000011e-01,-5.94855487386811849e-02,-7.82181493968413938e-02,9.82680487432645439e-02,8.20655354045879588e-03
1906,8.31250000000000044e-01,2.93750000000000011e-01,-5.25081253027689793e-02,-7.47923651497135883e-02,9.13838120648256813e-02,4.44554451332774409e-03
1907,8.43750000000000000e-01,2.93750000000000011e-01,-4.59113692703394596e-02,-7.08436983099955259e-02,8.44196862024204214e-02,7.43257524039879144e-03
1908,8.56250000000000067e-01,2.93750000000000011e-01,-3.93693492127367012e-02,-6.62468018245599699e-02,7.70622112933241343e-02,4.20835602624047064e-03
1909,8.68750000000000022e-01,2.93750000000000011e-01,-3.33460762607310154e-02,-6.12138201559768932e-02,6.97071917385485573e-02,6.43898078782313265e-03
1910,8.81250000000000089e-01,2.93750000000000011e-01,-2.74947965367093733e-02,-5.56849196515721498e-02,6.21029315990565128e-02,3.79230426688858570e-03
1911,8.93750000000000044e-01,2.93750000000000011e-01,-2.22864115065789549e-02,-4.98493250977654484e-02,5.46043894805471053e-02,5.26936245091610619e-03
1912,9.06250000000000000e-01,2.93750000000000011e-01,-1.73529046866427832e-02,-4.37122081892834385e-02,4.70306330581140228e-02,3.23879345027010745e-03
1913,9.18750000000000067e-01,2.93750000000000011e-01,-1.31625802054479435e-02,-3.74331865874254627e-02,3.96799316500653712e-02,3.97611471000006503e-03
1914,9.31250000000000022e-01,2.93750000000000011e-01,-9.32709909393930267e-03,-3.10789887157827613e-02,3.24483946768390347e-02,2.59469659371672299e-03
1915,9.43750000000000089e-01,2.93750000000000011e-01,-6.30322644897353575e-03,-2.47720021091389422e-02,2.55613527060330609e-02,2.61491510070876532e-03
1916,9.56250000000000044e-01,2.93750000000000011e-01,-3.68521393081982715e-03,-1.86347206496877311e-02,1.89956209534673237e-02,1.90679945067532739e-03
1917,9.68750000000000000e-01,2.93750000000000011e-01,-1.91054781443318221e-03,-1.27450174302728200e-02,1.28874226379518328e-02,1.23915808372423064e-03
1918,9.81250000000000067e-01,2.93750000000000011e-01,-5.61173625556042176e-04,-7.27446932526895629e-03,7.29608249694990024e-03,1.21661440063089129e-03
1919,9.93750000000000022e-01,2.93750000000000011e-01,-4.90610115248786568e-05,-2.25403745786014213e-03,2.25457132162379306e-03,-1.04960432792140530e-04
1920,6.25000000000000035e-03,3.06250000000000022e-01,-7.46721144129955090e-05,4.54457428847221921e-03,4.54518771758809573e-03,2.88027261367852089e-03
1921,1.87500000000000028e-02,3.06250000000000022e-01,-7.27799463765203651e-04,1.32587981958622227e-02,1.32787582875077692e-02,1.26247962913810419e-03
1922,3.12500000000000000e-02,3.06250000000000022e-01,-2.35535590745348470e-03,2.14248473002363084e-02,2.15539273286614527e-02,1.32016989041569381e-03
1923,4.37500000000000042e-02,3.06250000000000022e-01,-4.34009248896760451e-03,2.90073889784848056e-02,2.93302747713333721e-02,6.82290156742058787e-04
1924,5.62500000000000014e-02,3.06250000000000022e-01,-7.14559638637392996e-03,3.60302775193594924e-02,3.67320084645397851e-02,-5.01351889453414541e-06
1925,6.87500000000000056e-02,3.06250000000000022e-01,-1.01820232738511832e-02,4.24265590141653728e-02,4.36312560870266986e-02,2.90561906127223492e-04
1926,8.12500000000000028e-02,3.06250000000000022e-01,-1.39039675565745691e-02,4.82867601246325315e-02,5.02486966711384528e-02,-1.13685065410222682e-03
1927,9.37500000000000000e-02,3.06250000000000022e-01,-1.77515975160493361e-02,5.35086532470539708e-02,5.63763708186795984e-02,4.14128158139411644e-05
1928,1.06250000000000011e-01,3.06250000000000022e-01,-2.21675662676734803e-02,5.82410588878644539e-02,6.23171078806726217e-02,-2.11717497220697192e-03
1929,1.18750000000000008e-01,3.06250000000000022e-01,-2.66237562473477171e-02,6.23437037294375038e-02,6.77905730276862767e-02,-1.08485151763141322e-04
1930,1.31250000000000006e-01,3.06250000000000022e-01,-3.15475298063504772e-02,6.60158402139760375e-02,7.31665073379875602e-02,-2.98301615266755114e-03
1931,1.43750000000000017e-01,3.06250000000000022e-01,-3.64435498429425478e-02,6.90778453284489197e-02,7.81017351943998073e-02,-1.96186448319074459e-04
1932,1.56250000000000000e-01,3.06250000000000022e-01,-4.17204815361879033e-02,7.17723072328182027e-02,8.30172431795554305e-02,-3.76422027468669871e-03
1933,1.68750000000000011e-01,3.06250000000000022e-01,-4.69163945326203924e-02,7.38803630260642247e-02,8.75183187498681930e-02,-2.50882913935535393e-04
1934,1.81250000000000022e-01,3.06250000000000022e-01,-5.24180418242720450e-02,7.56816911743773829e-02,9.20617699574854259e-02,-4.48268499903217103e-03
1935,1.93750000000000006e-01,3.06250000000000022e-01,-5.77972224086378966e-02,7.69195614655942134e-02,9.62140210895110759e-02,-2.93552759307945930e-04
1936,2.06250000000000017e-01,3.06250000000000022e-01,-6.34159203414417644e-02,7.79053668172749042e-02,1.00453099164168377e-01,-5.15249229553275522e-03
1937,2.18750000000000000e-01,3.06250000000000022e-01,-6.88797743912772237e-02,7.83469355697336972e-02,1.04320015497320798e-01,-3.37287173339004742e-04
1938,2.31250000000000011e-01,3.06250000000000022e-01,-7.45235973130605189e-02,7.85828328753162136e-02,1.08300637944515721e-01,-5.78050263092250247e-03
1939,2.43750000000000022e-01,3.06250000000000022e-01,-7.99868252071850583e-02,7.82886796347007918e-02,1.11924124145197534e-01,-3.87966448689252587e-04
1940,2.56250000000000033e-01,3.06250000000000022e-01,-8.55751889214832473e-02,7.78264261596632451e-02,1.15672233348081702e-01,-6.36716594675414745e-03
1941,2.68749999999999989e-01,3.06250000000000022e-01,-9.09617649108045295e-02,7.68432704052225829e-02,1.19075316007385121e-01,-4.45108542374104282e-04
1942,2.81250000000000000e-01,3.06250000000000022e-01,-9.64217749306461591e-02,7.57214100160825687e-02,1.22600532688891178e-01,-6.90742623383061236e-03
1943,2.93750000000000011e-01,3.06250000000000022e-01,-1.01661691033626406e-01,7.40837076529692190e-02,1.25791474923490437e-01,-5.02805726866949925e-04
1944,3.06250000000000022e-01,3.06250000000000022e-01,-1.06925241392908016e-01,7.23300027062626083e-02,1.29091581981241543e-01,-7.39166994840647577e-03
1945,3.18750000000000033e-01,3.06250000000000022e-01,-1.11951983799018606e-01,7.00629961967557668e-02,1.32068429659030678e-01,-5.50719346970991079e-04
1946,3.31250000000000044e-01,3.06250000000000022e-01,-1.16953550663371056e-01,6.76979820762770163e-02,1.35133821784073072e-01,-7.80671066455067286e-03
1947,3.43750000000000000e-01,3.06250000000000022e-01,-1.21702234523562311e-01,6.48215864517035917e-02,1.37888621568800385e-01,-5.75132420781568777e-04
1948,3.56250000000000011e-01,3.06250000000000022e-01,-1.26377283434498139e-01,6.18626880751146219e-02,1.40706111964485764e-01,-8.13682399095668092e-03
1949,3.68750000000000022e-01,3.06250000000000022e-01,-1.30783361050498342e-01,5.83957158750715230e-02,1.43228304326439210e-01,-5.60073155421805867e-04
1950,3.81250000000000033e-01,3.06250000000000022e-01,-1.35067288293921117e-01,5.48614967742860130e-02,1.45783936685041526e-01,-8.36485419916988167e-03
1951,3.93750000000000044e-01,3.06250000000000022e-01,-1.39065757751628577e-01,5.08258594225271879e-02,1.48062665669212973e-01,-4.88523970698449394e-04
1952,4.06250000000000000e-01,3.06250000000000022e-01,-1.42893306473743736e-01,4.67401060563286605e-02,1.50343388777678250e-01,-8.47341092985278224e-03
1953,4.18750000000000011e-01,3.06250000000000022e-01,-1.46418373794246354e-01,4.21647531561239672e-02,1.52368653578314833e-01,-3.43722870709304218e-04
1954,4.31250000000000022e-01,3.06250000000000022e-01,-1.49723495439386456e-01,3.75602087401800400e-02,1.54362865894598744e-01,-8.44616357608471771e-03
1955,4.43750000000000033e-01,3.06250000000000022e-01,-1.52708674466617400e-01,3.24846629456817387e-02,1.56125566721296072e-01,-1.10548372876731512e-04
1956,4.56250000000000044e-01,3.06250000000000022e-01,-1.55424838240679930e-01,2.74063034023915610e-02,1.57822640354055244e-01,-8.26922658759818817e-03
1957,4.68750000000000000e-01,3.06250000000000022e-01,-1.57803500438017025e-01,2.18837083243868420e-02,1.59313657419940247e-01,2.23044201289234102e-04
1958,4.81250000000000011e-01,3.06250000000000022e-01,-1.59864484531602347e-01,1.63914943721224990e-02,1.60702627552589350e-01,-7.93262297869189517e-03
1959,4.93750000000000022e-01,3.06250000000000022e-01,-1.61570890260007538e-01,1.04911120618628242e-02,1.61911136157171009e-01,6.64602780829188881e-04
1960,5.06249999999999978e-01,3.06250000000000022e-01,-1.62912137583090755e-01,4.66215063090867545e-03,1.62978833657616951e-01,-7.43186436636912758e-03
1961,5.18750000000000044e-01,3.06250000000000022e-01,-1.63883007976671408e-01,-1.52883471411494423e-03,1.63890138931739371e-01,1.21591454275212082e-03
1962,5.31250000000000000e-01,3.06250000000000022e-01,-1.64443836615156769e-01,-7.59868234694215713e-03,1.64619304378684883e-01,-6.76113648819519093e-03
1963,5.43750000000000067e-01,3.06250000000000022e-01,-1.64621407155336630e-01,-1.39748655385675321e-02,1.65213512040099680e-01,1.87692066036986753e-03
1964,5.56250000000000022e-01,3.06250000000000022e-01,-1.64345556678255483e-01,-2.01718894382248125e-02,1.65578884895972334e-01,-5.94106645923907391e-03
1965,5.68749999999999978e-01,3.06250000000000022e-01,-1.63676973203022047e-01,-2.66068325659564557e-02,1.65825435612561078e-01,2.62183971431588806e-03
1966,5.81250000000000044e-01,3.06250000000000022e-01,-1.62516011473143318e-01,-3.27929837121704523e-02,1.65791537075586359e-01,-4.99197921803495349e-03
1967,5.93750000000000000e-01,3.06250000000000022e-01,-1.60957898105191149e-01,-3.91351113144390791e-02,1.65647221226420310e-01,3.42677879538709658e-03
1968,6.06250000000000067e-01,3.06250000000000022e-01,-1.58874868482562909e-01,-4.51478547454142939e-02,1.65165228251786367e-01,-3.94296719665300933e-03
1969,6.18750000000000022e-01,3.06250000000000022e-01,-1.56398100739655904e-01,-5.12220543650487858e-02,1.64572369395192125e-01,4.25839631900986997e-03
1970,6.31250000000000089e-01,3.06250000000000022e-01,-1.53373106123963182e-01,-5.68768934066155168e-02,1.63579615740164802e-01,-2.83223338685206338e-03
1971,6.43750000000000044e-01,3.06250000000000022e-01,-1.49968658709170005e-01,-6.24880188837273060e-02,1.62466461459097988e-01,5.07478353708292612e-03
1972,6.56250000000000000e-01,3.06250000000000022e-01,-1.46005058503155705e-01,-6.75832382808776166e-02,1.60888070424875823e-01,-1.70598118774822286e-03
1973,6.68750000000000067e-01,3.06250000000000022e-01,-1.41690341979471279e-01,-7.25221335424128671e-02,1.59171645916611315e-01,5.82734211429444728e-03
1974,6.81250000000000022e-01,3.06250000000000022e-01,-1.36821237053938310e-01,-7.68462640135838815e-02,1.56924820222345385e-01,-6.16178986251237791e-04
1975,6.93750000000000089e-01,3.06250000000000022e-01,-1.31646512979010616e-01,-8.08987449023065575e-02,1.54516702353827362e-01,6.46368682731768892e-03
1976,7.06250000000000044e-01,3.06250000000000022e-01,-1.25941021156545208e-01,-8.42411669786822803e-02,1.51518035308947946e-01,3.82722360026400347e-04
1977,7.18750000000000000e-01,3.06250000000000022e-01,-1.19995256474642417e-01,-8.72002888642261220e-02,1.48333246288280540e-01,6.93151198740720679e-03
1978,7.31250000000000067e-01,3.06250000000000022e-01,-1.13563807285096255e-01,-8.93651682368782341e-02,1.44509071061618949e-01,1.23796121204011148e-03
1979,7.43750000000000022e-01,3.06250000000000022e-01,-1.06979056914815046e-01,-9.10467818642320265e-02,1.40477881199199073e-01,7.18318868999021868e-03
1980,7.56250000000000089e-01,3.06250000000000022e-01,-9.99766668315757168e-02,-9.18700875584631815e-02,1.35777195797937983e-01,1.90319270121199792e-03
1981,7.68750000000000044e-01,3.06250000000000022e-01,-9.29298365495322271e-02,-9.21311306977910666e-02,1.30859083615835536e-01,7.18065765773038319e-03
1982,7.81250000000000000e-01,3.06250000000000022e-01,-8.55561375381217459e-02,-9.14998183860509379e-02,1.25267990464932061e-01,2.34324103026479005e-03
1983,7.93750000000000067e-01,3.06250000000000022e-01,-7.82668708126783852e-02,-9.02580193056283092e-02,1.19466368136742399e-01,6.89999355348522910e-03
1984,8.06250000000000022e-01,3.06250000000000022e-01,-7.07616650577376355e-02,-8.81296112894784517e-02,1.13022305885953397e-01,2.53818460551773206e-03
1985,8.18750000000000089e-01,3.06250000000000022e-01,-6.34852420540786139e-02,-8.53823878130350877e-02,1.06397970409780260e-01,6.33490032911596893e-03
1986,8.31250000000000044e-01,3.06250000000000022e-01,-5.61186744761135933e-02,-8.18023048705181360e-02,9.92014249246713081e-02,2.48602533564555063e-03
1987,8.43750000000000000e-01,3.06250000000000022e-01,-4.91333330260388043e-02,-7.76418538928033142e-02,9.18822174860786239e-02,5.49841903517183251e-03
1988,8.56250000000000067e-01,3.06250000000000022e-01,-4.21905105665654340e-02,-7.27552451326106964e-02,8.41032988423982275e-02,2.20330209923552548e-03
1989,8.68750000000000022e-01,3.06250000000000022e-01,-3.57795511145407100e-02,-6.73764834694932091e-02,7.62873960931484685e-02,4.42233662674356570e-03
1990,8.81250000000000089e-01,3.06250000000000022e-01,-2.95405772155883269e-02,-6.14313456661757101e-02,6.81649171684914623e-02,1.72330849626613930e-03
1991,8.93750000000000044e-01,3.06250000000000022e-01,-2.39708854281005974e-02,-5.51298680653862089e-02,6.01157691551394494e-02,3.15417191345986753e-03
1992,9.06250000000000000e-01,3.06250000000000022e-01,-1.86885968187939441e-02,-4.84692726921908679e-02,5.19474161664022910e-02,1.09202573321891326e-03
1993,9.18750000000000067e-01,3.06250000000000022e-01,-1.41884669285731995e-02,-4.16280437468727685e-02,4.39796159598372163e-02,1.75210189325781434e-03
1994,9.31250000000000022e-01,3.06250000000000022e-01,-1.00672093458438715e-02,-3.46713182360490063e-02,3.61033102670438033e-02,3.62364084576455054e-04
1995,9.43750000000000089e-01,3.06250000000000022e-01,-6.80705592072398166e-03,-2.77371911586764310e-02,2.85602483126604009e-02,2.78629377860116533e-04
1996,9.56250000000000044e-01,3.06250000000000022e-01,-3.98607503088918482e-03,-2.09524268581938872e-02,2.13282203992701362e-02,-4.12344519852196590e-04
1997,9.68750000000000000e-01,3.06250000000000022e-01,-2.06529406056053279e-03,-1.44059279872276094e-02,1.45532196001357146e-02,-1.20597862207186225e-03
1998,9.81250000000000067e-01,3.06250000000000022e-01,-6.09390296968634381e-04,-8.27756670556478724e-03,8.29996789747491741e-03,-1.18458377594261649e-03
1999,9.93750000000000022e-01,3.06250000000000022e-01,-5.10787064721968589e-05,-2.59646082447841228e-03,2.59696319714122813e-03,-2.64950126286181637e-03
2000,6.25000000000000035e-03,3.18750000000000033e-01,-7.92068225559283456e-05,4.94751505972335429e-03,4.94814904655556994e-03,2.73382488459642534e-03
2001,1.87500000000000028e-02,3.18750000000000033e-01,-7.46149650730399024e-04,1.44097009018310362e-02,1.44290061813527291e-02,1.11057635873053101e-03
2002,3.12500000000000000e-02,3.18750000000000033e-01,-2.42258997071442784e-03,2.32500703978948085e-02,2.33759430969805101e-02,1.11733033200925877e-03
2003,4.37500000000000042e-02,3.18750000000000033e-01,-4.45598837317145308e-03,3.14299360466432781e-02,3.17442390407759734e-02,5.45616870999470968e-04
2004,5.62500000000000014e-02,3.18750000000000033e-01,-7.33990910028710884e-03,3.89849366285394752e-02,3.96698821466829749e-02,-2.47577583907587393e-04
2005,6.87500000000000056e-02,3.18750000000000033e-01,-1.04508418641374411e-02,4.58459858602559070e-02,4.70220641312989601e-02,1.82232448265481510e-04
2006,8.12500000000000028e-02,3.18750000000000033e-01,-1.42723579555577313e-02,5.21159550729012391e-02,5.40349236584288378e-02,-1.40507528455599204e-03
2007,9.37500000000000000e-02,3.18750000000000033e-01,-1.82129517261551861e-02,5.76899349933048464e-02,6.04966132119063166e-02,-2.91277133625471043e-05
2008,1.06250000000000011e-01,3.18750000000000033e-01,-2.27428810016349764e-02,6.27291335853647908e-02,6.67246793669708793e-02,-2.39989040347158298e-03
2009,1.18750000000000008e-01,3.18750000000000033e-01,-2.73046846875179688e-02,6.70896421208950211e-02,7.24331822150217908e-02,-1.35436726906012795e-04
2010,1.31250000000000006e-01,3.18750000000000033e-01,-3.23516240571959587e-02,7.09829939261921450e-02,7.80077752910821737e-02,-3.27183345554259673e-03
2011,1.43750000000000017e-01,3.18750000000000033e-01,-3.73616093525534765e-02,7.42247530310785053e-02,8.30975560166326982e-02,-1.77040661530647534e-04
2012,1.56250000000000000e-01,3.18750000000000033e-01,-4.27672180990112741e-02,7.70696554894410996e-02,8.81406077877248118e-02,-4.05323168928835992e-03
2013,1.68750000000000011e-01,3.18750000000000033e-01,-4.80825273995635419e-02,7.92927382447903423e-02,9.27322370024934589e-02,-1.85908828317666149e-04
2014,1.81250000000000022e-01,3.18750000000000033e-01,-5.37160042164516044e-02,8.11857445666636923e-02,9.73474921599185861e-02,-4.76809750971758650e-03
2015,1.93750000000000006e-01,3.18750000000000033e-01,-5.92182896153929383e-02,8.24845312232889982e-02,1.01540650559755086e-01,-1.85225782806980549e-04
2016,2.06250000000000017e-01,3.18750000000000033e-01,-6.49707497216125140e-02,8.35125654505817772e-02,1.05809011466538691e-01,-5.43225131880693737e-03
2017,2.18750000000000000e-01,3.18750000000000033e-01,-7.05606839105055034e-02,8.39689827311552173e-02,1.09679533983434274e-01,-1.89714346472276847e-04
2018,2.31250000000000011e-01,3.18750000000000033e-01,-7.63399015103786577e-02,8.42045412150740358e-02,1.13658195146040461e-01,-6.05392288851710775e-03
2019,2.43750000000000022e-01,3.18750000000000033e-01,-8.19322207370940109e-02,8.38849599804747242e-02,1.17258583079609763e-01,-2.06329645119942407e-04
2020,2.56250000000000033e-01,3.18750000000000033e-01,-8.76580043563990607e-02,8.33846076286022947e-02,1.20983133192699377e-01,-6.63456563271157523e-03
2021,2.68749999999999989e-01,3.18750000000000033e-01,-9.31772675142374246e-02,8.23396640360915533e-02,1.24345580761827612e-01,-2.35130008446226798e-04
2022,2.81250000000000000e-01,3.18750000000000033e-01,-9.87775833060796221e-02,8.11450619358035224e-02,1.27834001894468169e-01,-7.16975314055561842e-03
2023,2.93750000000000011e-01,3.18750000000000033e-01,-1.04154701186472173e-01,7.94116330978794777e-02,1.30974842051882367e-01,-2.70233630893484576e-04
2024,3.06250000000000022e-01,3.18750000000000033e-01,-1.09562552476892519e-01,7.75523384609316802e-02,1.34232328840748094e-01,-7.65010923243453298e-03
2025,3.18750000000000033e-01,3.18750000000000033e-01,-1.14732056119692769e-01,7.51569430055505083e-02,1.37156883835234084e-01,-3.00830696876428936e-04
2026,3.31250000000000044e-01,3.18750000000000033e-01,-1.19883063575367182e-01,7.26542945774304033e-02,1.40180581582327463e-01,-8.06226953489541480e-03
2027,3.43750000000000000e-01,3.18750000000000033e-01,-1.24781036214990967e-01,6.96172873716350560e-02,1.42887626125818540e-01,-3.12254064917903609e-04
2028,3.56250000000000011e-01,3.18750000000000033e-01,-1.29611636347121334e-01,6.64888101683894922e-02,1.45670649597599317e-01,-8.38989624949504006e-03
2029,3.68750000000000022e-01,3.18750000000000033e-01,-1.34174222635966567e-01,6.28288754188823934e-02,1.48155963789404599e-01,-2.87126877814262538e-04
2030,3.81250000000000033e-01,3.18750000000000033e-01,-1.38620404901331346e-01,5.90927818626270016e-02,1.50690323256913422e-01,-8.61477579447468209e-03
2031,3.93750000000000044e-01,3.18750000000000033e-01,-1.42782825063314828e-01,5.48313729256893687e-02,1.52949058807098220e-01,-2.06607989483499973e-04
2032,4.06250000000000000e-01,3.18750000000000033e-01,-1.46779350375722983e-01,5.05108767591957372e-02,1.55227337694434198e-01,-8.71802575983954449e-03
2033,4.18750000000000011e-01,3.18750000000000033e-01,-1.50475376143335199e-01,4.56763800723676769e-02,1.57255112864394975e-01,-5.17489380384996320e-05
2034,4.31250000000000022e-01,3.18750000000000033e-01,-1.53955452801185055e-01,4.08036535435477715e-02,1.59270900009134742e-01,-8.68142635448284489e-03
2035,4.43750000000000033e-01,3.18750000000000033e-01,-1.57117336874302210e-01,3.54351512822765752e-02,1.61063675274317503e-01,1.95038784024422287e-04
2036,4.56250000000000044e-01,3.18750000000000033e-01,-1.60012765175514077e-01,3.00548318765671424e-02,1.62810865541102412e-01,-8.48887683969253015e-03
2037,4.68750000000000000e-01,3.18750000000000033e-01,-1.62571647114984896e-01,2.42053968674233004e-02,1.64363748080860711e-01,5.48428874776029176e-04
2038,4.81250000000000011e-01,3.18750000000000033e-01,-1.64813475965392836e-01,1.83775837097338267e-02,1.65834910205310521e-01,-8.12797402343064593e-03
2039,4.93750000000000022e-01,3.18750000000000033e-01,-1.66700307443091500e-01,1.21170716372834934e-02,1.67140108671390675e-01,1.01858686133348103e-03
2040,5.06249999999999978e-01,3.18750000000000033e-01,-1.68220094272235915e-01,5.91975297198492779e-03,1.68324221644448019e-01,-7.59178244023428136e-03
2041,5.18750000000000044e-01,3.18750000000000033e-01,-1.69367174097665579e-01,-6.62884785222619868e-04,1.69368471322343339e-01,1.60961196314511851e-03
2042,5.31250000000000000e-01,3.18750000000000033e-01,-1.70099265084842660e-01,-7.13125829231922841e-03,1.70248685243779035e-01,-6.87096829046898640e-03
2043,5.43750000000000067e-01,3.18750000000000033e-01,-1.70443106294031921e-01,-1.39289500398564088e-02,1.71011309954550883e-01,2.32688016877768793e-03
2044,5.56250000000000022e-01,3.18750000000000033e-01,-1.70325241252948401e-01,-2.05526636732282081e-02,1.71560775796625237e-01,-5.98304703526539132e-03
2045,5.68749999999999978e-01,3.18750000000000033e-01,-1.69806795222658846e-01,-2.74349826042116600e-02,1.72008796211947812e-01,3.14504569492816879e-03
2046,5.81250000000000044e-01,3.18750000000000033e-01,-1.68783459817375775e-01,-3.40714849829329494e-02,1.72188043710548994e-01,-4.94657993510873653e-03
2047,5.93750000000000000e-01,3.18750000000000033e-01,-1.67351563385722157e-01,-4.08814219344982160e-02,1.72272564347988544e-01,4.04170582759261730e-03
2048,6.06250000000000067e-01,3.18750000000000033e-01,-1.65377365884976674e-01,-4.73613114562572643e-02,1.72025483489830822e-01,-3.78959729556677810e-03
2049,6.18750000000000022e-01,3.18750000000000033e-01,-1.62994076494778206e-01,-5.39153908220612252e-02,1.71679755183542865e-01,4.98363867528886506e-03
2050,6.31250000000000089e-01,3.18750000000000033e-01,-1.60039848038224936e-01,-6.00442548364539530e-02,1.70932926901060100e-01,-2.55043970462130341e-03
2051,6.43750000000000044e-01,3.18750000000000033e-01,-1.56686765894260477e-01,-6.61357224898127816e-02,1.70072562148196965e-01,5.92756457171618022e-03
2052,6.56250000000000000e-01,3.18750000000000033e-01,-1.52746319659066682e-01,-7.16985916819802144e-02,1.68736854950449711e-01,-1.27694393007151330e-03
2053,6.68750000000000067e-01,3.18750000000000033e-01,-1.48431567452032148e-01,-7.71032577776475242e-02,1.67262794955105099e-01,6.82186452898738901e-03
2054,6.81250000000000022e-01,3.18750000000000033e-01,-1.43528940073491901e-01,-8.18719811012714460e-02,1.65237943366730922e-01,-2.43776031857958944e-05
2055,6.93750000000000089e-01,3.18750000000000033e-01,-1.38294437843426571e-01,-8.63572592341798201e-02,1.63042717595324432e-01,7.60943033027176429e-03
2056,7.06250000000000044e-01,3.18750000000000033e-01,-1.32491140993404005e-01,-9.01013399792813668e-02,1.60225322305171558e-01,1.14783298147888872e-03
2057,7.18750000000000000e-01,3.18750000000000033e-01,-1.26419532898257525e-01,-9.34389638560446378e-02,1.57202857050070283e-01,8.23165927122251548e-03
2058,7.31250000000000067e-01,3.18750000000000033e-01,-1.19821018368806681e-01,-9.59401978577547054e-02,1.53497876232614461e-01,2.18047091421475154e-03
2059,7.43750000000000022e-01,3.18750000000000033e-01,-1.13041286223120527e-01,-9.79227675374850781e-02,1.49556680871092473e-01,8.63340614114940265e-03
2060,7.56250000000000089e-01,3.18750000000000033e-01,-1.05801499351518571e-01,-9.89935699302352534e-02,1.44891974079179975e-01,3.01968900568481578e-03
2061,7.68750000000000044e-01,3.18750000000000033e-01,-9.84919913801256541e-02,-9.94544877366378283e-02,1.39970952332902937e-01,8.76846874394870621e-03
2062,7.81250000000000000e-01,3.18750000000000033e-01,-9.08146212610298348e-02,-9.89590635740304064e-02,1.34313780745809130e-01,3.62242244356226388e-03
2063,7.93750000000000067e-01,3.18750000000000033e-01,-8.32020338588009972e-02,-9.77945537526408448e-02,1.28399194631116070e-01,8.60494508916374683e-03
2064,8.06250000000000022e-01,3.18750000000000033e-01,-7.53369874528112410e-02,-9.56710872494071773e-02,1.21772815578636923e-01,3.96129761636204118e-03
2065,8.18750000000000089e-01,3.18750000000000033e-01,-6.76899097663204302e-02,-9.28619344618803189e-02,1.14914153854845727e-01,8.12962376434257956e-03
2066,8.31250000000000044e-01,3.18750000000000033e-01,-5.99238013021702737e-02,-8.91428945661486838e-02,1.07411906295966475e-01,4.02816330515648642e-03
2067,8.43750000000000000e-01,3.18750000000000033e-01,-5.25399294469755182e-02,-8.47725207274638015e-02,9.97337678862151716e-02,7.35053461920896854e-03
2068,8.56250000000000067e-01,3.18750000000000033e-01,-4.51801306578304973e-02,-7.95993339064825500e-02,9.15275814419584527e-02,3.83543263412319769e-03
2069,8.68750000000000022e-01,3.18750000000000033e-01,-3.83672805322906596e-02,-7.38642715472477424e-02,8.32344809958531634e-02,6.29696482438412211e-03
2070,8.81250000000000089e-01,3.18750000000000033e-01,-3.17203473687524620e-02,-6.74924701417665002e-02,7.45748882870873875e-02,3.41471668695409337e-03
2071,8.93750000000000044e-01,3.18750000000000033e-01,-2.57728614083615852e-02,-6.07016792080387335e-02,6.59464498199126420e-02,5.01665371115784641e-03
2072,9.06250000000000000e-01,3.18750000000000033e-01,-2.01197244862350889e-02,-5.34936505126391640e-02,5.71521999451498688e-02,2.81273090887531425e-03
2073,9.18750000000000067e-01,3.18750000000000033e-01,-1.52934133523068214e-02,-4.60548002265443526e-02,4.85276531049197435e-02,3.57044697233800624e-03
2074,9.31250000000000022e-01,3.18750000000000033e-01,-1.08650827378748618e-02,-3.84595664654335048e-02,3.99648379905381823e-02,2.08504261352467296e-03
2075,9.43750000000000089e-01,3.18750000000000033e-01,-7.35484429015759080e-03,-3.08532125753778232e-02,3.17177310152210595e-02,2.02525153070449732e-03
2076,9.56250000000000044e-01,3.18750000000000033e-01,-4.31285951179560031e-03,-2.33757951804990857e-02,2.37703293517176617e-02,1.28870733777718257e-03
2077,9.68750000000000000e-01,3.18750000000000033e-01,-2.23693962964018056e-03,-1.61216278180820669e-02,1.62760800689666155e-02,4.46481007843449668e-04
2078,9.81250000000000067e-01,3.18750000000000033e-01,-6.61902222816209405e-04,-9.28814305061124480e-03,9.31169779799510995e-03,4.75036965369261116e-04
2079,9.93750000000000022e-01,3.18750000000000033e-01,-5.52208893393426237e-05,-2.91431385350871810e-03,2.91483697372121701e-03,-1.10886634144551294e-03
2080,6.25000000000000035e-03,3.31250000000000044e-01,-8.16951353488701287e-05,5.36998867422022047e-03,5.37061006370720493e-03,1.99211288572452181e-03
2081,1.87500000000000028e-02,3.31250000000000044e-01,-7.62346490924631468e-04,1.56018792564619462e-02,1.56204932222206959e-02,3.29783561987264339e-04
2082,3.12500000000000000e-02,3.31250000000000044e-01,-2.47906268218110000e-03,2.51349278054582778e-02,2.52568871313901752e-02,3.33506971477201596e-04
2083,4.37500000000000042e-02,3.31250000000000044e-01,-4.55758403091612550e-03,3.39242199366311878e-02,3.42289975095354873e-02,-2.60012255767085303e-04
2084,5.62500000000000014e-02,3.31250000000000044e-01,-7.50880593859217307e-03,4.20255526697227641e-02,4.26910909185872073e-02,-1.07738145635894226e-03
2085,6.87500000000000056e-02,3.31250000000000044e-01,-1.06883320949383645e-02,4.93583416504664654e-02,5.05023398809982052e-02,-6.53312711464923185e-04
2086,8.12500000000000028e-02,3.31250000000000044e-01,-1.45968430472905100e-02,5.60494662624640774e-02,5.79189994324343649e-02,-2.28691224565385782e-03
2087,9.37500000000000000e-02,3.31250000000000044e-01,-1.86228770668152611e-02,6.19783362383945005e-02,6.47157300285270548e-02,-9.01420975004399157e-04
2088,1.06250000000000011e-01,3.31250000000000044e-01,-2.32535328852294942e-02,6.73335571032671054e-02,7.12357684300757854e-02,-3.34160686982222857e-03
2089,1.18750000000000008e-01,3.31250000000000044e-01,-2.79123874882590828e-02,7.19514379094789713e-02,7.71758433224822571e-02,-1.05259194045625635e-03
2090,1.31250000000000006e-01,3.31250000000000044e-01,-3.30691997375825650e-02,7.60736927062054813e-02,8.29504592708341371e-02,-4.28238847688987463e-03
2091,1.43750000000000017e-01,3.31250000000000044e-01,-3.81839657364046597e-02,7.94922674757238962e-02,8.81875038074610429e-02,-1.14780205242576063e-03
2092,1.56250000000000000e-01,3.31250000000000044e-01,-4.37053265619112841e-02,8.24943085394266029e-02,9.33566629185160063e-02,-5.14194049249549687e-03
2093,1.68750000000000011e-01,3.31250000000000044e-01,-4.91305328922654744e-02,8.48278208007452739e-02,9.80284063120549359e-02,-1.21900848297170163e-03
2094,1.81250000000000022e-01,3.31250000000000044e-01,-5.48835795343659699e-02,8.68186842268350578e-02,1.02711689857503438e-01,-5.94394250714805686e-03
2095,1.93750000000000006e-01,3.31250000000000044e-01,-6.04993956260328272e-02,8.81728295015281743e-02,1.06932804758038569e-01,-1.28884992095126133e-03
2096,2.06250000000000017e-01,3.31250000000000044e-01,-6.63742318226340361e-02,8.92491309846298458e-02,1.11224754580787358e-01,-6.70333043417925371e-03
2097,2.18750000000000000e-01,3.31250000000000044e-01,-7.20808062641751929e-02,8.97144688069009405e-02,1.15084006469178671e-01,-1.37111396249366179e-03
2098,2.31250000000000011e-01,3.31250000000000044e-01,-7.79850605083548531e-02,8.99558694198842740e-02,1.19053467423586773e-01,-7.42705247158996495e-03
2099,2.43750000000000022e-01,3.31250000000000044e-01,-8.36973705817206509e-02,8.96050315732376673e-02,1.22614483343260874e-01,-1.47156939133179037e-03
2100,2.56250000000000033e-01,3.31250000000000044e-01,-8.95513721487513625e-02,8.90730927084269070e-02,1.26307023155358134e-01,-8.11502266241586820e-03
2101,2.68749999999999989e-01,3.31250000000000044e-01,-9.51947796975328026e-02,8.79609754513965558e-02,1.29611647948874531e-01,-1.58894665414404442e-03
2102,2.81250000000000000e-01,3.31250000000000044e-01,-1.00927476664102886e-01,8.67005731721700174e-02,1.33053917395038912e-01,-8.76112507507035947e-03
2103,2.93750000000000011e-01,3.31250000000000044e-01,-1.06434051057174670e-01,8.48666898624854948e-02,1.36127007873737410e-01,-1.71596715789719780e-03
2104,3.06250000000000022e-01,3.31250000000000044e-01,-1.11979683098220664e-01,8.29091860015629262e-02,1.39331915045404042e-01,-9.35421519159195490e-03
2105,3.18750000000000033e-01,3.31250000000000044e-01,-1.17285262888319058e-01,8.03814177349894965e-02,1.42186515562724852e-01,-1.84039228196047639e-03
2106,3.31250000000000044e-01,3.31250000000000044e-01,-1.22580734477976350e-01,7.77488781429566955e-02,1.45158274024075079e-01,-9.87911939391811211e-03
2107,3.43750000000000000e-01,3.31250000000000044e-01,-1.27622652630508288e-01,7.45479779861166897e-02,1.47800346705499713e-01,-1.94610200471281619e-03
2108,3.56250000000000011e-01,3.31250000000000044e-01,-1.32605524331960961e-01,7.12578664291789732e-02,1.50538727945313144e-01,-1.03176615353763115e-02
2109,3.68750000000000022e-01,3.31250000000000044e-01,-1.37320910828387183e-01,6.74022228444435961e-02,1.52970886756630592e-01,-2.01423126822569990e-03
2110,3.81250000000000033e-01,3.31250000000000044e-01,-1.41927929536534714e-01,6.34721551232423215e-02,1.55474279733068710e-01,-1.06497557983055383e-02
2111,3.93750000000000044e-01,3.31250000000000044e-01,-1.46252520657522728e-01,5.89824746505370479e-02,1.57698231171374770e-01,-2.02439607940470756e-03
2112,4.06250000000000000e-01,3.31250000000000044e-01,-1.50418634317314281e-01,5.44347647965293044e-02,1.59965337396385299e-01,-1.08546023380681408e-02
2113,4.18750000000000011e-01,3.31250000000000044e-01,-1.54286050139206987e-01,4.93384686691196311e-02,1.61982930453093088e-01,-1.95603476598438285e-03
2114,4.31250000000000022e-01,3.31250000000000044e-01,-1.57943888777885871e-01,4.42043163873467246e-02,1.64013089689676400e-01,-1.09120092634593067e-02
2115,4.43750000000000033e-01,3.31250000000000044e-01,-1.61285380087438035e-01,3.85395440043210108e-02,1.65826024139790418e-01,-1.78987532602948316e-03
2116,4.56250000000000044e-01,3.31250000000000044e-01,-1.64365223862242865e-01,3.28627871395351170e-02,1.67618285380395193e-01,-1.08038416336156615e-02
2117,4.68750000000000000e-01,3.31250000000000044e-01,-1.67109929241782834e-01,2.66819558888692042e-02,1.69226638627756332e-01,-1.50951981499345810e-03
2118,4.81250000000000011e-01,3.31250000000000044e-01,-1.69540217083806316e-01,2.05223419369979648e-02,1.70777784642509145e-01,-1.05155599033838407e-02
2119,4.93750000000000022e-01,3.31250000000000044e-01,-1.71616005959875917e-01,1.38952479693287209e-02,1.72177615902152914e-01,-1.10311635816143488e-03
2120,5.06249999999999978e-01,3.31250000000000044e-01,-1.73324451676589247e-01,7.33120493727381761e-03,1.73479428506156413e-01,-1.00377258221271137e-02
2121,5.18750000000000044e-01,3.31250000000000044e-01,-1.74659457301503812e-01,3.47849503103626911e-04,1.74659803687433030e-01,-5.65091141438486019e-04
2122,5.31250000000000000e-01,3.31250000000000044e-01,-1.75574757263100317e-01,-6.52058066337020837e-03,1.75695797787494390e-01,-9.36539257247814665e-03
2123,5.43750000000000067e-01,3.31250000000000044e-01,-1.76098819121365852e-01,-1.37513579301712652e-02,1.76634917105489675e-01,1.13727396664109264e-04
2124,5.56250000000000022e-01,3.31250000000000044e-01,-1.76153717082929651e-01,-2.08060673887336227e-02,1.77378196186333298e-01,-8.50240652459661322e-03
2125,5.68749999999999978e-01,3.31250000000000044e-01,-1.75801987312725311e-01,-2.81510499597279994e-02,1.78041625349070365e-01,9.07616829961473874e-04
2126,5.81250000000000044e-01,3.31250000000000044e-01,-1.74933453006455908e-01,-3.52461318262632037e-02,1.78448880045452341e-01,-7.47377555113936005e-03
2127,5.93750000000000000e-01,3.31250000000000044e-01,-1.73646719597097071e-01,-4.25435959994726054e-02,1.78782383884428603e-01,1.79475755741072686e-03
2128,6.06250000000000067e-01,3.31250000000000044e-01,-1.71800533959736046e-01,-4.95033197119100488e-02,1.78790386014880565e-01,-6.30699594979051981e-03
2129,6.18750000000000022e-01,3.31250000000000044e-01,-1.69531551906726391e-01,-5.65619056395097256e-02,1.78718203497785499e-01,2.74144382977095213e-03
2130,6.31250000000000089e-01,3.31250000000000044e-01,-1.66668735961113701e-01,-6.31822557723618200e-02,1.78242713711836143e-01,-5.04142148444956112e-03
2131,6.43750000000000044e-01,3.31250000000000044e-01,-1.63388999365885718e-01,-6.97838117620574183e-02,1.77667513906813207e-01,3.70274174554159185e-03
2132,6.56250000000000000e-01,3.31250000000000044e-01,-1.59493055563906139e-01,-7.58365735117819267e-02,1.76604701678973297e-01,-3.72730870289546094e-03
2133,6.68750000000000067e-01,3.31250000000000044e-01,-1.55200406370365168e-01,-8.17416976515515092e-02,1.75410579135022948e-01,4.62407482785130372e-03
2134,6.81250000000000022e-01,3.31250000000000044e-01,-1.50285299610878720e-01,-8.69816261730464307e-02,1.73641799607235053e-01,-2.42377195241923497e-03
2135,6.93750000000000089e-01,3.31250000000000044e-01,-1.45012079547592793e-01,-9.19386380640323936e-02,1.71700950445204364e-01,5.44404110960905463e-03
2136,7.06250000000000044e-01,3.31250000000000044e-01,-1.39130493206917616e-01,-9.61144103598797761e-02,1.69101372019352686e-01,-1.19543870327030034e-03
2137,7.18750000000000000e-01,3.31250000000000044e-01,-1.32951603847896255e-01,-9.98724052474267016e-02,1.66284774695803605e-01,6.09854922958494479e-03
2138,7.31250000000000067e-01,3.31250000000000044e-01,-1.26202655626007021e-01,-1.02741868738513084e-01,1.62735988272226906e-01,-1.07818346911949501e-04
2139,7.43750000000000022e-01,3.31250000000000044e-01,-1.19242519902570510e-01,-1.05068185004123821e-01,1.58927977564605388e-01,6.52613579396795537e-03
2140,7.56250000000000089e-01,3.31250000000000044e-01,-1.11777734388449942e-01,-1.06417960523258096e-01,1.54334196557161574e-01,7.78356702433573018e-04
2141,7.68750000000000044e-01,3.31250000000000044e-01,-1.04214769695931755e-01,-1.07119774491596167e-01,1.49450206791113260e-01,6.67405657852769996e-03
2142,7.81250000000000000e-01,3.31250000000000044e-01,-9.62407503939705922e-02,-1.06788486663171214e-01,1.43756957814934472e-01,1.41327281197611561e-03
2143,7.93750000000000067e-01,3.31250000000000044e-01,-8.83076755089665377e-02,-1.05737292087641044e-01,1.37762914065520714e-01,6.50445365189759091e-03
2144,8.06250000000000022e-01,3.31250000000000044e-01,-8.00837377304490783e-02,-1.03640586589954176e-01,1.30976243027463357e-01,1.76383504330332040e-03
2145,8.18750000000000089e-01,3.31250000000000044e-01,-7.20620126616502571e-02,-1.00797078303680621e-01,1.23907161469408889e-01,5.99965630228213240e-03
2146,8.31250000000000044e-01,3.31250000000000044e-01,-6.38912237316671267e-02,-9.69512841942221648e-02,1.16110464544927128e-01,1.81811141832737152e-03
2147,8.43750000000000000e-01,3.31250000000000044e-01,-5.60983687240962509e-02,-9.23868866807293354e-02,1.08084984174780657e-01,5.16557267340420328e-03
2148,8.56250000000000067e-01,3.31250000000000044e-01,-4.83111901882144132e-02,-8.69270477499083649e-02,9.94499005927943214e-02,1.58741266228273068e-03
2149,8.68750000000000022e-01,3.31250000000000044e-01,-4.10808058748824770e-02,-8.08374794421594517e-02,9.06770681809426909e-02,4.03226832603073050e-03
2150,8.81250000000000089e-01,3.31250000000000044e-01,-3.40119276408957505e-02,-7.40250796485054513e-02,8.14648613748105710e-02,1.10527749445157625e-03
2151,8.93750000000000044e-01,3.31250000000000044e-01,-2.76679091645359067e-02,-6.67315472084580447e-02,7.22399653264844399e-02,2.65125488207578830e-03
2152,9.06250000000000000e-01,3.31250000000000044e-01,-2.16287182454587661e-02,-5.89482027199515479e-02,6.27908596600965790e-02,4.23188723276343346e-04
2153,9.18750000000000067e-01,3.31250000000000044e-01,-1.64570463321694997e-02,-5.08835787304784404e-02,5.34787150032606101e-02,1.08967013579058846e-03
2154,9.31250000000000022e-01,3.31250000000000044e-01,-1.17079162420962116e-02,-4.26095417378977645e-02,4.41887808142020638e-02,-3.96442434350255737e-04
2155,9.43750000000000089e-01,3.31250000000000044e-01,-7.93078510054605682e-03,-3.42901383702422444e-02,3.51953255669187198e-02,-5.77760570546706313e-04
2156,9.56250000000000044e-01,3.31250000000000044e-01,-4.65817467255363361e-03,-2.60701636012576204e-02,2.64830515892024373e-02,-1.28884737769144006e-03
2157,9.68750000000000000e-01,3.31250000000000044e-01,-2.41525350282413955e-03,-1.80574312001552939e-02,1.82182400640469692e-02,-2.27758705856784477e-03
2158,9.81250000000000067e-01,3.31250000000000044e-01,-7.17769523017882521e-04,-1.04593166724405578e-02,1.04839161739574364e-02,-2.19553768430725930e-03
2159,9.93750000000000022e-01,3.31250000000000044e-01,-5.76175971533391271e-05,-3.31387202061588643e-03,3.31437287529972148e-03,-3.94581045834579199e-03
2160,6.25000000000000035e-03,3.43750000000000000e-01,-8.67575307319246047e-05,5.79182755297593700e-03,5.79247730013246823e-03,1.65316813759328442e-03
2161,1.87500000000000028e-02,3.43750000000000000e-01,-7.75965412744160669e-04,1.68070818760819897e-02,1.68249850969056994e-02,8.38178324757919759e-06
2162,3.12500000000000000e-02,3.43750000000000000e-01,-2.53488679422400392e-03,2.70457756538947935e-02,2.71643080489884677e-02,-6.04445970595155900e-05
2163,4.37500000000000042e-02,3.43750000000000000e-01,-4.65021060707319304e-03,3.64595291036100069e-02,3.67548870376052314e-02,-5.54747758000231125e-04
2164,5.62500000000000014e-02,3.43750000000000000e-01,-7.66756914579949048e-03,4.51163063541693624e-02,4.57632244891996096e-02,-1.50990909889836067e-03
2165,6.87500000000000056e-02,3.43750000000000000e-01,-1.09051917619493524e-02,5.29337218410023472e-02,5.40453708961784948e-02,-9.08813074873555124e-04
2166,8.12500000000000028e-02,3.43750000000000000e-01,-1.48971872805282787e-02,6.00512724013793561e-02,6.18714918673842831e-02,-2.74391902668803637e-03
2167,9.37500000000000000e-02,3.43750000000000000e-01,-1.89968607892835525e-02,6.63461759599227735e-02,6.90122871983855773e-02,-1.10881307941806408e-03
2168,1.06250000000000011e-01,3.43750000000000000e-01,-2.37229626513748085e-02,7.20195648423660184e-02,7.58260949610507634e-02,-3.81167720622678985e-03
2169,1.18750000000000008e-01,3.43750000000000000e-01,-2.84664208362056248e-02,7.69047158668278857e-02,8.20041001278685455e-02,-1.20669813194094534e-03
2170,1.31250000000000006e-01,3.43750000000000000e-01,-3.37264725692551920e-02,8.12556386972905359e-02,8.79770070647401675e-02,-4.75675311093429372e-03
2171,1.43750000000000017e-01,3.43750000000000000e-01,-3.89334002914549018e-02,8.48601466435351948e-02,9.33651655951884402e-02,-1.24680905357991783e-03
2172,1.56250000000000000e-01,3.43750000000000000e-01,-4.45628347443806846e-02,8.80174313739504333e-02,9.86555343917565331e-02,-5.61426017954537015e-03
2173,1.68750000000000011e-01,3.43750000000000000e-01,-5.00854846018746191e-02,9.04701227091675858e-02,1.03408891642916570e-01,-1.26396773207012388e-03
2174,1.81250000000000022e-01,3.43750000000000000e-01,-5.59496243742052743e-02,9.25559540001594794e-02,1.08152508470651304e-01,-6.41001896756605068e-03
2175,1.93750000000000006e-01,3.43750000000000000e-01,-6.16669262378264013e-02,9.39741852432791486e-02,1.12400877593369641e-01,-1.28311030570788962e-03
2176,2.06250000000000017e-01,3.43750000000000000e-01,-6.76550896757353304e-02,9.50954557251410121e-02,1.16706284572014554e-01,-7.16079469197739970e-03
2177,2.18750000000000000e-01,3.43750000000000000e-01,-7.34668550213655180e-02,9.55786896876201914e-02,1.20551502309729566e-01,-1.31974026247247932e-03
2178,2.31250000000000011e-01,3.43750000000000000e-01,-7.94867595214235889e-02,9.58227122390352820e-02,1.24499546666088659e-01,-7.87504373345520800e-03
2179,2.43750000000000022e-01,3.43750000000000000e-01,-8.53083674478740950e-02,9.54500335161533042e-02,1.28016508524706668e-01,-1.38076896787053881e-03
2180,2.56250000000000033e-01,3.43750000000000000e-01,-9.12811242229295688e-02,9.48837438044376896e-02,1.31663086997639817e-01,-8.55385159090452096e-03
2181,2.68749999999999989e-01,3.43750000000000000e-01,-9.70388957737803592e-02,9.37144219518461913e-02,1.34903447601472659e-01,-1.46550990790344582e-03
2182,2.81250000000000000e-01,3.43750000000000000e-01,-1.02894730862058734e-01,9.23861731408675974e-02,1.38284238533499804e-01,-9.19190885076096205e-03
2183,2.93750000000000011e-01,3.43750000000000000e-01,-1.08522059938096008e-01,9.04623931073970794e-02,1.41281570135403517e-01,-1.56672005876297015e-03
2184,3.06250000000000022e-01,3.43750000000000000e-01,-1.14196780854598501e-01,8.84054945155807737e-02,1.44417575862834574e-01,-9.77847345928132237e-03
2185,3.18750000000000033e-01,3.43750000000000000e-01,-1.19630997184116211e-01,8.57564575748838431e-02,1.47192885368345405e-01,-1.67165841056207687e-03
2186,3.31250000000000044e-01,3.43750000000000000e-01,-1.25063154200517224e-01,8.29937237015800633e-02,1.50095805112723135e-01,-1.02983263861903696e-02
2187,3.43750000000000000e-01,3.43750000000000000e-01,-1.30243044779576822e-01,7.96404602044012699e-02,1.52662548174146734e-01,-1.76317451870102891e-03
2188,3.56250000000000011e-01,3.43750000000000000e-01,-1.35371706194292202e-01,7.61891929147679586e-02,1.55339280141751329e-01,-1.07327579306421214e-02
2189,3.68750000000000022e-01,3.43750000000000000e-01,-1.40235609940981415e-01,7.21495942562911524e-02,1.57707292941279442e-01,-1.82086044025935858e-03
2190,3.81250000000000033e-01,3.43750000000000000e-01,-1.44998673876876649e-01,6.80265906949090865e-02,1.60163143287166798e-01,-1.10606328112023526e-02
2191,3.93750000000000044e-01,3.43750000000000000e-01,-1.49483080745042463e-01,6.33203334903922749e-02,1.62341171802976025e-01,-1.82230467902071082e-03
2192,4.06250000000000000e-01,3.43750000000000000e-01,-1.53816072087239186e-01,5.85466683304746507e-02,1.64581579786273052e-01,-1.12595794247740896e-02
2193,4.18750000000000011e-01,3.43750000000000000e-01,-1.57854692441556616e-01,5.31998445288252020e-02,1.66578292054245791e-01,-1.74448112976563941e-03
2194,4.31250000000000022e-01,3.43750000000000000e-01,-1.61690032348211499e-01,4.78052967174473140e-02,1.68609053597393921e-01,-1.13073349611214815e-02
2195,4.43750000000000033e-01,3.43750000000000000e-01,-1.65213345637892556e-01,4.18546631209666398e-02,1.70432574356650962e-01,-1.56529212910425249e-03
2196,4.56250000000000044e-01,3.43750000000000000e-01,-1.68480123082862115e-01,3.58817329440336077e-02,1.72258673607697671e-01,-1.11832523825343283e-02
2197,4.68750000000000000e-01,3.43750000000000000e-01,-1.71415459230374462e-01,2.93785465461095970e-02,1.73914802878656932e-01,-1.26526432303429169e-03
2198,4.81250000000000011e-01,3.43750000000000000e-01,-1.74039768321893773e-01,2.28860381757752390e-02,1.75538063396294491e-01,-1.08699258403234002e-02
2199,4.93750000000000022e-01,3.43750000000000000e-01,-1.76312012290656628e-01,1.58994556403517992e-02,1.77027450887256937e-01,-8.29369688341651955e-04
2200,5.06249999999999978e-01,3.43750000000000000e-01,-1.78217909899847204e-01,8.96559463273477290e-03,1.78443283135534647e-01,-1.03547595156838531e-02
2201,5.18750000000000044e-01,3.43750000000000000e-01,-1.79750891242925953e-01,1.58557781465142088e-03,1.79757884276691760e-01,-2.48904439920472542e-04
2202,5.31250000000000000e-01,3.43750000000000000e-01,-1.80861699685143262e-01,-5.68951101923841421e-03,1.80951167303880583e-01,-9.63080140472531016e-03
2203,5.43750000000000067e-01,3.43750000000000000e-01,-1.81579409576264006e-01,-1.33518079872981844e-02,1.82069637113370209e-01,4.89484599231763593e-04
2204,5.56250000000000022e-01,3.43750000000000000e-01,-1.81822446258137677e-01,-2.08471326171398193e-02,1.83013674083796207e-01,-8.69454075214178349e-03
2205,5.68749999999999978e-01,3.43750000000000000e-01,-1.81653715065598603e-01,-2.86570245470586030e-02,1.83900237229385893e-01,1.36377015912679750e-03
2206,5.81250000000000044e-01,3.43750000000000000e-01,-1.80958399860350089e-01,-3.62244256163807704e-02,1.84548507149895569e-01,-7.56987660951029262e-03
2207,5.93750000000000000e-01,3.43750000000000000e-01,-1.79835855728468108e-01,-4.40160661040270712e-02,1.85144130560124659e-01,2.35391917231922475e-03
2208,6.06250000000000067e-01,3.43750000000000000e-01,-1.78138868234326814e-01,-5.14742003372631596e-02,1.85426669268925703e-01,-6.28228838964670251e-03
2209,6.18750000000000022e-01,3.43750000000000000e-01,-1.76005623738275024e-01,-5.90488489854829462e-02,1.85646831790929334e-01,3.42682655890336543e-03
2210,6.31250000000000089e-01,3.43750000000000000e-01,-1.73257583600843951e-01,-6.61845886722817883e-02,1.85468568908380177e-01,-4.87057628051626012e-03
2211,6.43750000000000044e-01,3.43750000000000000e-01,-1.70074402035882838e-01,-7.33129865998642660e-02,1.85202851576467320e-01,4.53653484922264018e-03
2212,6.56250000000000000e-01,3.43750000000000000e-01,-1.66247590452173244e-01,-7.98850371656055491e-02,1.84444789826396838e-01,-3.38621087629426736e-03
2213,6.68750000000000067e-01,3.43750000000000000e-01,-1.62001107590295651e-01,-8.63125102934428207e-02,1.83559822111589055e-01,5.62549247092889067e-03
2214,6.81250000000000022e-01,3.43750000000000000e-01,-1.57098189970427488e-01,-9.20582418931174540e-02,1.82083939962963903e-01,-1.89155217817655610e-03
2215,6.93750000000000089e-01,3.43750000000000000e-01,-1.51809947825899294e-01,-9.75134651985023748e-02,1.80430419147996790e-01,6.62719861843573572e-03
2216,7.06250000000000044e-01,3.43750000000000000e-01,-1.45873265499069232e-01,-1.02159840584585493e-01,1.78088861570929985e-01,-4.56614262552122881e-04
2217,7.18750000000000000e-01,3.43750000000000000e-01,-1.39608952571192213e-01,-1.06368095012828984e-01,1.75513051579315932e-01,7.47038439284202199e-03
2218,7.31250000000000067e-01,3.43750000000000000e-01,-1.32729573218315855e-01,-1.09647406264473113e-01,1.72161823024858468e-01,8.45695129079448125e-04
2219,7.43750000000000022e-01,3.43750000000000000e-01,-1.25607442233702765e-01,-1.12348868254224118e-01,1.68521505281960943e-01,8.08465681742025037e-03
2220,7.56250000000000089e-01,3.43750000000000000e-01,-1.17932704141373815e-01,-1.14019551959571322e-01,1.64038352025244971e-01,1.94566338954248207e-03
2221,7.68750000000000044e-01,3.43750000000000000e-01,-1.10129670164447677e-01,-1.14992529848409020e-01,1.59222568034394163e-01,8.40723607191687546e-03
2222,7.81250000000000000e-01,3.43750000000000000e-01,-1.01867501516575101e-01,-1.14864503983410443e-01,1.53527984877625312e-01,2.78366392534711796e-03
2223,7.93750000000000067e-01,3.43750000000000000e-01,-9.36210224303304084e-02,-1.13952496712428297e-01,1.47479040368102526e-01,8.39006940954042588e-03
2224,8.06250000000000022e-01,3.43750000000000000e-01,-8.50390149150368618e-02,-1.11915217055892413e-01,1.40558350397218923e-01,3.31697233824306166e-03
2225,8.18750000000000089e-01,3.43750000000000000e-01,-7.66427129651915812e-02,-1.09055245230598272e-01,1.33293480571896966e-01,8.00627981677941997e-03
2226,8.31250000000000044e-01,3.43750000000000000e-01,-6.80600056179267859e-02,-1.05105131912428526e-01,1.25216824424840084e-01,3.52535380303052202e-03
2227,8.43750000000000000e-01,3.43750000000000000e-01,-5.98513548932346068e-02,-1.00353212508462367e-01,1.16845846923733343e-01,7.25471790431820793e-03
2228,8.56250000000000067e-01,3.43750000000000000e-01,-5.16220963021202656e-02,-9.46156217809538402e-02,1.07781986953395359e-01,3.41419053630821409e-03
2229,8.68750000000000022e-01,3.43750000000000000e-01,-4.39616058600973067e-02,-8.81640494461593677e-02,9.85166097901433863e-02,6.16146084388063779e-03
2230,8.81250000000000089e-01,3.43750000000000000e-01,-3.64502692656184582e-02,-8.09042281833239341e-02,8.87362173381051750e-02,3.01415890073969753e-03
2231,8.93750000000000044e-01,3.43750000000000000e-01,-2.96934694385101970e-02,-7.30852573383946741e-02,7.88869885818638122e-02,4.77752871365356643e-03
2232,9.06250000000000000e-01,3.43750000000000000e-01,-2.32444530290407333e-02,-6.47035152394741242e-02,6.87520871026046781e-02,2.37706219485119821e-03
2233,9.18750000000000067e-01,3.43750000000000000e-01,-1.77102755158200439e-02,-5.59758212360639551e-02,5.87107010850495964e-02,3.17283662925772064e-03
2234,9.31250000000000022e-01,3.43750000000000000e-01,-1.26164160893060626e-02,-4.69849739702595318e-02,4.86493754731185252e-02,1.56826976956912778e-03
2235,9.43750000000000089e-01,3.43750000000000000e-01,-8.55740223758779360e-03,-3.79030210418825411e-02,3.88570217226856321e-02,1.42727919643251852e-03
2236,9.56250000000000044e-01,3.43750000000000000e-01,-5.03325633892832969e-03,-2.88906203900762514e-02,2.93257841480300714e-02,6.57042593625840584e-04
2237,9.68750000000000000e-01,3.43750000000000000e-01,-2.61338294412916073e-03,-2.00619474516316731e-02,2.02314484396124185e-02,-3.79463208950667392e-04
2238,9.81250000000000067e-01,3.43750000000000000e-01,-7.78458109955472888e-04,-1.16452192149692230e-02,1.16712093458066230e-02,-2.93476657871261841e-04
2239,9.93750000000000022e-01,3.43750000000000000e-01,-6.26782772677580952e-05,-3.68949793230732197e-03,3.69003029241512593e-03,-2.17764004148719671e-03
2240,6.25000000000000035e-03,3.56250000000000011e-01,-8.91753293593433187e-05,6.23276787512819577e-03,6.23340578051809462e-03,8.14885256839641787e-04
2241,1.87500000000000028e-02,3.56250000000000011e-01,-7.87554259942311588e-04,1.80496912475066607e-02,1.80668645825077211e-02,-8.58023722334568212e-04
2242,3.12500000000000000e-02,3.56250000000000011e-01,-2.57854586816992290e-03,2.90094203069880402e-02,2.91237938006322639e-02,-9.33989305562338864e-04
2243,4.37500000000000042e-02,3.56250000000000011e-01,-4.72760278999602001e-03,3.90563919050246830e-02,3.93414790873304124e-02,-1.44450441477186192e-03
2244,5.62500000000000014e-02,3.56250000000000011e-01,-7.79838404755928832e-03,4.82809677721016822e-02,4.89067136778167585e-02,-2.42624691079157623e-03
2245,6.87500000000000056e-02,3.56250000000000011e-01,-1.10884618585672928e-02,5.65872649290014781e-02,5.76634419587827088e-02,-1.83012521622258730e-03
2246,8.12500000000000028e-02,3.56250000000000011e-01,-1.51497617271535451e-02,6.41417501750069091e-02,6.59065959969298149e-02,-3.71252171689780098e-03
2247,9.37500000000000000e-02,3.56250000000000011e-01,-1.93156124581011848e-02,7.08032368182019006e-02,7.33906753516135463e-02,-2.07123309105813544e-03
2248,1.06250000000000011e-01,3.56250000000000011e-01,-2.41223373647998264e-02,7.68039069622378084e-02,8.05029644460705518e-02,-4.84350525537921225e-03
2249,1.18750000000000008e-01,3.56250000000000011e-01,-2.89416553295639110e-02,8.19538984180891716e-02,8.69141005771661562e-02,-2.22064818299951743e-03
2250,1.31250000000000006e-01,3.56250000000000011e-01,-3.42900723319822034e-02,8.65416301390715542e-02,9.30873933873992976e-02,-5.86354462206251526e-03
2251,1.43750000000000017e-01,3.56250000000000011e-01,-3.95795175435214169e-02,9.03274117202902821e-02,9.86183528409634025e-02,-2.32295430015357421e-03
2252,1.56250000000000000e-01,3.56250000000000011e-01,-4.53025065556007522e-02,9.36475115009109543e-02,1.04029676105107133e-01,-6.80776842242886409e-03
2253,1.68750000000000011e-01,3.56250000000000011e-01,-5.09123308423523879e-02,9.62132308467550101e-02,1.08853347315423038e-01,-2.41261790920204236e-03
2254,1.81250000000000022e-01,3.56250000000000011e-01,-5.68736690609281323e-02,9.84013969788980758e-02,1.13654956600452162e-01,-7.70133454796980473e-03
2255,1.93750000000000006e-01,3.56250000000000011e-01,-6.26817795906584180e-02,9.98767611918173065e-02,1.17916805073828151e-01,-2.51374070445325483e-03
2256,2.06250000000000017e-01,3.56250000000000011e-01,-6.87701761058409217e-02,1.01050474450326791e-01,1.22231483294053672e-01,-8.55981755186393384e-03
2257,2.18750000000000000e-01,3.56250000000000011e-01,-7.46762424803839725e-02,1.01544459370704110e-01,1.26046889766775611e-01,-2.64066153264697632e-03
2258,2.31250000000000011e-01,3.56250000000000011e-01,-8.07996238971998987e-02,1.01798930542348037e-01,1.29967693991602212e-01,-9.39011847751464526e-03
2259,2.43750000000000022e-01,3.56250000000000011e-01,-8.67196272393946366e-02,1.01397580369484971e-01,1.33423247799346112e-01,-2.79893480441884782e-03
2260,2.56250000000000033e-01,3.56250000000000011e-01,-9.27999809708087431e-02,1.00805293586374203e-01,1.37016581781978342e-01,-1.01915468915877612e-02
2261,2.68749999999999989e-01,3.56250000000000011e-01,-9.86614236753942941e-02,9.95726392486579598e-02,1.40174131024947080e-01,-2.98642946820962740e-03
2262,2.81250000000000000e-01,3.56250000000000011e-01,-1.04630344584352733e-01,9.81855230368473969e-02,1.43484863110572347e-01,-1.09569046961456341e-02
2263,2.93750000000000011e-01,3.56250000000000011e-01,-1.10368198228484704e-01,9.61666803450845903e-02,1.46387054034145286e-01,-3.19443362339965828e-03
2264,3.06250000000000022e-01,3.56250000000000011e-01,-1.16163165459249582e-01,9.40200108979404314e-02,1.49444449407670654e-01,-1.16735147629797014e-02
2265,3.18750000000000033e-01,3.56250000000000011e-01,-1.21716538055288023e-01,9.12456256925758824e-02,1.52120609531365081e-01,-3.40873601257606334e-03
2266,3.31250000000000044e-01,3.56250000000000011e-01,-1.27277875309308619e-01,8.83629037101053560e-02,1.54944055372683659e-01,-1.23242042389364124e-02
2267,3.43750000000000000e-01,3.56250000000000011e-01,-1.32587327427768520e-01,8.48542699638067666e-02,1.57415521869760017e-01,-3.61070443977446571e-03
2268,3.56250000000000011e-01,3.56250000000000011e-01,-1.37855768418809033e-01,8.12524878827910885e-02,1.60019310314359925e-01,-1.28882875769159404e-02
2269,3.68750000000000022e-01,3.56250000000000011e-01,-1.42861194887955401e-01,7.70268475375761041e-02,1.62303592832664573e-01,-3.77840503314001144e-03
2270,3.81250000000000033e-01,3.56250000000000011e-01,-1.47775978462727525e-01,7.27217482212463850e-02,1.64700311095549723e-01,-1.33426082035513222e-02
2271,3.93750000000000044e-01,3.56250000000000011e-01,-1.52414989109850574e-01,6.77974589036258318e-02,1.66813741457784881e-01,-3.88781332374556025e-03
2272,4.06250000000000000e-01,3.56250000000000011e-01,-1.56912435436071168e-01,6.28085522008965808e-02,1.69016054338195804e-01,-1.36626966464669878e-02
2273,4.18750000000000011e-01,3.56250000000000011e-01,-1.61119204258194260e-01,5.72099563145958834e-02,1.70974784931321649e-01,-3.91416345263039239e-03
2274,4.31250000000000022e-01,3.56250000000000011e-01,-1.65131764017517807e-01,5.15651858917234238e-02,1.72995571861204539e-01,-1.38240903342724906e-02
2275,4.43750000000000033e-01,3.56250000000000011e-01,-1.68836361296855669e-01,4.53271160375670196e-02,1.74814943137723361e-01,-3.83346868859754187e-03
2276,4.56250000000000044e-01,3.56250000000000011e-01,-1.72292173762143092e-01,3.90671446378542120e-02,1.76665885019829244e-01,-1.38038367343883625e-02
2277,4.68750000000000000e-01,3.56250000000000011e-01,-1.75420440724199433e-01,3.22390491405975463e-02,1.78358311590355201e-01,-3.62422695392374200e-03
2278,4.81250000000000011e-01,3.56250000000000011e-01,-1.78243472168684691e-01,2.54211533376756255e-02,1.80047133850462338e-01,-1.35821637453062798e-02
2279,4.93750000000000022e-01,3.56250000000000011e-01,-1.80717529610084193e-01,1.80708172985537263e-02,1.81618776414250116e-01,-3.26929844135918522e-03
2280,5.06249999999999978e-01,3.56250000000000011e-01,-1.82828365717434216e-01,1.07723431709064073e-02,1.83145446812907814e-01,-1.31442410222005722e-02
2281,5.18750000000000044e-01,3.56250000000000011e-01,-1.84567823072030374e-01,2.98906155782556688e-03,1.84592025295094414e-01,-2.75788521380982646e-03
2282,5.31250000000000000e-01,3.56250000000000011e-01,-1.85885089699613482e-01,-4.68982087487222494e-03,1.85944241622244766e-01,-1.24818766186894411e-02
2283,5.43750000000000067e-01,3.56250000000000011e-01,-1.86808858152419155e-01,-1.27931708696483251e-02,1.87246401047151456e-01,-2.07379137623292130e-03
2284,5.56250000000000022e-01,3.56250000000000011e-01,-1.87253725307257451e-01,-2.07295586661882525e-02,1.88397643944771154e-01,-1.15857005740327805e-02
2285,5.68749999999999978e-01,3.56250000000000011e-01,-1.87283744907008914e-01,-2.90176210473955358e-02,1.89518398678449801e-01,-1.23662461590612750e-03
2286,5.81250000000000044e-01,3.56250000000000011e-01,-1.86778305457139165e-01,-3.70618400931870262e-02,1.90419839776566735e-01,-1.04796888132556460e-02
2287,5.93750000000000000e-01,3.56250000000000011e-01,-1.85839001302827184e-01,-4.53656044409907269e-02,1.91296033601140419e-01,-2.65390993763720624e-04
2288,6.06250000000000067e-01,3.56250000000000011e-01,-1.84310803495958658e-01,-5.33314655801677487e-02,1.91871617250323145e-01,-9.18879236260372600e-03
2289,6.18750000000000022e-01,3.56250000000000011e-01,-1.82335341963275860e-01,-6.14456067544514456e-02,1.92410341505563132e-01,8.06947036186186559e-04
2290,6.31250000000000089e-01,3.56250000000000011e-01,-1.79724262761823128e-01,-6.91114685255510841e-02,1.92554422714823870e-01,-7.75233687916110272e-03
2291,6.43750000000000044e-01,3.56250000000000011e-01,-1.76662049259878134e-01,-7.67961491620335196e-02,1.92632105773718088e-01,1.93333777106570763e-03
2292,6.56250000000000000e-01,3.56250000000000011e-01,-1.72928488145625892e-01,-8.39079478015076347e-02,1.92210316363592731e-01,-6.22381771319309527e-03
2293,6.68750000000000067e-01,3.56250000000000011e-01,-1.68753980042503471e-01,-9.08933588653809965e-02,1.91675529126742183e-01,3.05359269068356800e-03
2294,6.81250000000000022e-01,3.56250000000000011e-01,-1.63888303210838276e-01,-9.71709655512451864e-02,1.90529715465826865e-01,-4.66935316453457715e-03
2295,6.93750000000000089e-01,3.56250000000000011e-01,-1.58610920107110809e-01,-1.03165729093601125e-01,1.89210442726184092e-01,4.09686098827910430e-03
2296,7.06250000000000044e-01,3.56250000000000011e-01,-1.52643794030852153e-01,-1.08313695307914556e-01,1.87168331849672076e-01,-3.16451085094069133e-03
2297,7.18750000000000000e-01,3.56250000000000011e-01,-1.46318376310367648e-01,-1.13018159897719433e-01,1.84884211637361934e-01,4.98584479942556277e-03
2298,7.31250000000000067e-01,3.56250000000000011e-01,-1.39331213920008301e-01,-1.16741788491751541e-01,1.81774124541079746e-01,-1.78937030707137829e-03
2299,7.43750000000000022e-01,3.56250000000000011e-01,-1.32068002019234271e-01,-1.19867002867183395e-01,1.78353737089285064e-01,5.64275290087503517e-03
2300,7.56250000000000089e-01,3.56250000000000011e-01,-1.24202215873594563e-01,-1.21894270729648563e-01,1.74024146786082079e-01,-6.21951851509430168e-04
2301,7.68750000000000044e-01,3.56250000000000011e-01,-1.16174762156479539e-01,-1.23186803497752476e-01,1.69326796219938180e-01,5.99667095214372753e-03
2302,7.81250000000000000e-01,3.56250000000000011e-01,-1.07637954528949933e-01,-1.23295809656776514e-01,1.63669746544975014e-01,2.69487090376768084e-04
2303,7.93750000000000067e-01,3.56250000000000011e-01,-9.90868503500811071e-02,-1.22567474345994201e-01,1.57610246113174118e-01,5.99162230727843300e-03
2304,8.06250000000000022e-01,3.56250000000000011e-01,-9.01536265441175849e-02,-1.20617716303963271e-01,1.50586552737751428e-01,8.34360693281193224e-04
2305,8.18750000000000089e-01,3.56250000000000011e-01,-8.13836362008882042e-02,-1.17777644624434616e-01,1.43160294127101240e-01,5.59417948974715723e-03
2306,8.31250000000000044e-01,3.56250000000000011e-01,-7.23886627508805031e-02,-1.13741614909095776e-01,1.34823119148719278e-01,1.04656309732786054e-03
2307,8.43750000000000000e-01,3.56250000000000011e-01,-6.37571041990973170e-02,-1.08826206794268021e-01,1.26127362697724482e-01,4.79919406973070874e-03
2308,8.56250000000000067e-01,3.56250000000000011e-01,-5.50786718296287850e-02,-1.02815928823844188e-01,1.16639510074527220e-01,9.08695248269237254e-04
2309,8.68750000000000022e-01,3.56250000000000011e-01,-4.69739836883765888e-02,-9.60105636954684538e-02,1.06885843237902525e-01,3.63220676561506160e-03
2310,8.81250000000000089e-01,3.56250000000000011e-01,-3.90079282439070030e-02,-8.82925141393298557e-02,9.65255744293995882e-02,4.52416360110325809e-04
2311,8.93750000000000044e-01,3.56250000000000011e-01,-3.18194404800202155e-02,-7.99384599312271127e-02,8.60385621023384700e-02,2.14751422517769431e-03
2312,9.06250000000000000e-01,3.56250000000000011e-01,-2.49457549963040537e-02,-7.09308669637746109e-02,7.51896175051337823e-02,-2.65738395463998743e-04
2313,9.18750000000000067e-01,3.56250000000000011e-01,-1.90284033922163247e-02,-6.15125445186018582e-02,6.43884560213233009e-02,4.21711924357327024e-04
2314,9.31250000000000022e-01,3.56250000000000011e-01,-1.35756001282415703e-02,-5.17620633084294249e-02,5.35126911749705253e-02,-1.17273585981685210e-03
2315,9.43750000000000089e-01,3.56250000000000011e-01,-9.21573930115044543e-03,-4.18740526763719464e-02,4.28761721520279984e-02,-1.45639171301798083e-03
2316,9.56250000000000044e-01,3.56250000000000011e-01,-5.42978911081551645e-03,-3.20140148070156005e-02,3.24712142343298454e-02,-2.19022160455776757e-03
2317,9.68750000000000000e-01,3.56250000000000011e-01,-2.81904247062419056e-03,-2.23128001940487743e-02,2.24901768101259253e-02,-3.39766438592778051e-03
2318,9.81250000000000067e-01,3.56250000000000011e-01,-8.43277940533063131e-04,-1.30100596947846803e-02,1.30373605820676194e-02,-3.24640096167200503e-03
2319,9.93750000000000022e-01,3.56250000000000011e-01,-6.55174982547195771e-05,-4.15531152302520655e-03,4.15582800365506180e-03,-5.32410904888624970e-03
2320,6.25000000000000035e-03,3.68750000000000022e-01,-9.48636785269101171e-05,6.66883509831471110e-03,6.66950977853828821e-03,2.66723350472680405e-04
2321,1.87500000000000028e-02,3.68750000000000022e-01,-7.96094294120057206e-04,1.92964694791521209e-02,1.93128843129393747e-02,-1.36288846204175407e-03
2322,3.12500000000000000e-02,3.68750000000000022e-01,-2.62237344479835299e-03,3.09863018624245146e-02,3.10970697267970338e-02,-1.53634226201154853e-03
2323,4.37500000000000042e-02,3.68750000000000022e-01,-4.79557744790363311e-03,4.16792185920804650e-02,4.19541991403157150e-02,-1.90960904102001642e-03
2324,5.62500000000000014e-02,3.68750000000000022e-01,-7.91968186300214677e-03,5.14777989332791605e-02,5.20834440472813034e-02,-3.06636926113890021e-03
2325,6.87500000000000056e-02,3.68750000000000022e-01,-1.12504095404605368e-02,6.02847978778951882e-02,6.13255947383045119e-02,-2.24326916604521967e-03
2326,8.12500000000000028e-02,3.68750000000000022e-01,-1.53783144197589088e-02,6.82792091940842005e-02,6.99895918159441632e-02,-4.37595767692502274e-03
2327,9.37500000000000000e-02,3.68750000000000022e-01,-1.95972152777296009e-02,7.53183001314240846e-02,7.78260700622160073e-02,-2.42396361334887983e-03
2328,1.06250000000000011e-01,3.68750000000000022e-01,-2.44797865638199212e-02,8.16465445011524404e-02,8.52374224105166417e-02,-5.51822446767044096e-03
2329,1.18750000000000008e-01,3.68750000000000022e-01,-2.93611658870928244e-02,8.70718529782118916e-02,9.18889854297495756e-02,-2.50831960602213933e-03
2330,1.31250000000000006e-01,3.68750000000000022e-01,-3.47914545774197712e-02,9.18945856376173209e-02,9.82601657902226755e-02,-6.54004057111895205e-03
2331,1.43750000000000017e-01,3.68750000000000022e-01,-4.01493988473081986e-02,9.58718406691773661e-02,1.03939328750460788e-01,-2.54444595320013666e-03
2332,1.56250000000000000e-01,3.68750000000000022e-01,-4.59579920552403293e-02,9.93514739914260758e-02,1.09466215875120787e-01,-7.47897232371445148e-03
2333,1.68750000000000011e-01,3.68750000000000022e-01,-5.16410582087168321e-02,1.02040407404329653e-01,1.14363646479804293e-01,-2.56986307401006319e-03
2334,1.81250000000000022e-01,3.68750000000000022e-01,-5.76904018149139025e-02,1.04326772547888552e-01,1.19215174922595715e-01,-8.36243825054146933e-03
2335,1.93750000000000006e-01,3.68750000000000022e-01,-6.35756832537315575e-02,1.05869682335346257e-01,1.23491931473136862e-01,-2.61116519269711557e-03
2336,2.06250000000000017e-01,3.68750000000000022e-01,-6.97540864763067509e-02,1.07091423962701660e-01,1.27805342871505911e-01,-9.20804771425466802e-03
2337,2.18750000000000000e-01,3.68750000000000022e-01,-7.57412631861434232e-02,1.07607001637648594e-01,1.31590295046699973e-01,-2.68458748076813060e-03
2338,2.31250000000000011e-01,3.68750000000000022e-01,-8.19570944496813697e-02,1.07867732100428174e-01,1.35471077943315032e-01,-1.00244721629278756e-02
2339,2.43750000000000022e-01,3.68750000000000022e-01,-8.79628767427088065e-02,1.07449135929356204e-01,1.38862466119604289e-01,-2.79697641247863638e-03
2340,2.56250000000000033e-01,3.68750000000000022e-01,-9.41392716461187523e-02,1.06827298417823027e-01,1.42387759843718126e-01,-1.08124822897065244e-02
2341,2.68749999999999989e-01,3.68750000000000022e-01,-1.00092469040265711e-01,1.05543419985411169e-01,1.45457608466499411e-01,-2.94689037638348403e-03
2342,2.81250000000000000e-01,3.68750000000000022e-01,-1.06162709531755758e-01,1.04094821373676927e-01,1.48681716199207392e-01,-1.15659756705795251e-02
2343,2.93750000000000011e-01,3.68750000000000022e-01,-1.12000012722388242e-01,1.01993746211247238e-01,1.51481771563510031e-01,-3.12570735050640832e-03
2344,3.06250000000000022e-01,3.68750000000000022e-01,-1.17903614402386059e-01,9.97558150675317279e-02,1.54442497159732961e-01,-1.22729402127495172e-02
2345,3.18750000000000033e-01,3.68750000000000022e-01,-1.23566078475899066e-01,9.68696070035736517e-02,1.57010498091493395e-01,-3.31870862250543660e-03
2346,3.31250000000000044e-01,3.68750000000000022e-01,-1.29245545788956945e-01,9.38665915280350177e-02,1.59735243798531629e-01,-1.29163695958658762e-02
2347,3.43750000000000000e-01,3.68750000000000022e-01,-1.34675708269362399e-01,9.02167105634920918e-02,1.62100589951891638e-01,-3.50616030528190905e-03
2348,3.56250000000000011e-01,3.68750000000000022e-01,-1.40073883215911632e-01,8.64652264207761423e-02,1.64611445954347096e-01,-1.34751840019476724e-02
2349,3.68750000000000022e-01,3.68750000000000022e-01,-1.45213436050040612e-01,8.20680902768819998e-02,1.66799620656504138e-01,-3.66444091822666152e-03
2350,3.81250000000000033e-01,3.68750000000000022e-01,-1.50271367510370873e-01,7.75826276502504103e-02,1.69116965460459762e-01,-1.39252240707566938e-02
2351,3.93750000000000044e-01,3.68750000000000022e-01,-1.55059318475064878e-01,7.24550168997776800e-02,1.71152334836246589e-01,-3.76727226304620407e-03
2352,4.06250000000000000e-01,3.68750000000000022e-01,-1.59714606122868141e-01,6.72531912943532401e-02,1.73296702646812600e-01,-1.42403853389089143e-02
2353,4.18750000000000011e-01,3.68750000000000022e-01,-1.64085901741726436e-01,6.14173523435093752e-02,1.75203522565279157e-01,-3.78710764571173588e-03
2354,4.31250000000000022e-01,3.68750000000000022e-01,-1.68271510055923057e-01,5.55248144245507336e-02,1.77195671824628420e-01,-1.43939482930746064e-02
2355,4.43750000000000033e-01,3.68750000000000022e-01,-1.72156138608298204e-01,4.90132177578177994e-02,1.78997294883176505e-01,-3.69671953625339477e-03
2356,4.56250000000000044e-01,3.68750000000000022e-01,-1.75799722103004902e-01,4.24682131282692471e-02,1.80856549280920015e-01,-1.43601364255930494e-02
2357,4.68750000000000000e-01,3.68750000000000022e-01,-1.79122362154002984e-01,3.53279687978998863e-02,1.82572960766415771e-01,-3.47101076450662170e-03
2358,4.81250000000000011e-01,3.68750000000000022e-01,-1.82146181408539054e-01,2.81855547053763492e-02,1.84314017089754117e-01,-1.41158986970018677e-02
2359,4.93750000000000022e-01,3.68750000000000022e-01,-1.84826499612904288e-01,2.04824656174509741e-02,1.85957969328902295e-01,-3.08905480877415218e-03
2360,5.06249999999999978e-01,3.68750000000000022e-01,-1.87148027174969256e-01,1.28183290132439405e-02,1.87586496406790454e-01,-1.36428592388995861e-02
2361,5.18750000000000044e-01,3.68750000000000022e-01,-1.89101759864037627e-01,4.64042556228050091e-03,1.89158687701821454e-01,-2.53637121340345240e-03
2362,5.31250000000000000e-01,3.68750000000000022e-01,-1.90635095898418899e-01,-3.44603879855153242e-03,1.90666239726912573e-01,-1.29293304433952729e-02
2363,5.43750000000000067e-01,3.68750000000000022e-01,-1.91776172512146958e-01,-1.19850232845204411e-02,1.92150308681873466e-01,-1.79286735996769743e-03
2364,5.56250000000000022e-01,3.68750000000000022e-01,-1.92436477138533901e-01,-2.03698319449228081e-02,1.93511570163010876e-01,-1.19591589623481345e-02
2365,5.68749999999999978e-01,3.68750000000000022e-01,-1.92680016154358758e-01,-2.91342539638308300e-02,1.94870196231422071e-01,-8.71583626576407831e-04
2366,5.81250000000000044e-01,3.68750000000000022e-01,-1.92382094333291398e-01,-3.76667925242683277e-02,1.96034837411950075e-01,-1.07525212945548867e-02
2367,5.93750000000000000e-01,3.68750000000000022e-01,-1.91644490567876663e-01,-4.64853230109273305e-02,1.97201663330843158e-01,2.10842795881030308e-04
2368,6.06250000000000067e-01,3.68750000000000022e-01,-1.90306627615146856e-01,-5.49755330640387951e-02,1.98088166607511912e-01,-9.33148029939880747e-03
2369,6.18750000000000022e-01,3.68750000000000022e-01,-1.88510950547911865e-01,-6.36370774670281941e-02,1.98962448982268558e-01,1.42289611364439347e-03
2370,6.31250000000000089e-01,3.68750000000000022e-01,-1.86061821074531480e-01,-7.18556169953055296e-02,1.99454834374469370e-01,-7.73384316346148720e-03
2371,6.43750000000000044e-01,3.68750000000000022e-01,-1.83145644703343741e-01,-8.01103699667965186e-02,1.99899971360729400e-01,2.71719058834554066e-03
2372,6.56250000000000000e-01,3.68750000000000022e-01,-1.79532938192523500e-01,-8.77909155764268756e-02,1.99848244309995815e-01,-6.01355274344492208e-03
2373,6.68750000000000067e-01,3.68750000000000022e-01,-1.75457701615912148e-01,-9.53542140458166626e-02,1.99694344418248071e-01,4.03092691742731966e-03
2374,6.81250000000000022e-01,3.68750000000000022e-01,-1.70658251507649572e-01,-1.02199195064690593e-01,1.98919366275681797e-01,-4.23957464527078502e-03
2375,6.93750000000000089e-01,3.68750000000000022e-01,-1.65420014052529540e-01,-1.08759393242459187e-01,1.97970671230884493e-01,5.28804681064587011e-03
2376,7.06250000000000044e-01,3.68750000000000022e-01,-1.59451170058984404e-01,-1.14450371221561251e-01,1.96274203872878666e-01,-2.49298992230914977e-03
2377,7.18750000000000000e-01,3.68750000000000022e-01,-1.53092302117767615e-01,-1.19681984955154377e-01,1.94321976344734720e-01,6.40335991091943186e-03
2378,7.31250000000000067e-01,3.68750000000000022e-01,-1.46023829279490702e-01,-1.23895869649049487e-01,1.91502337410121737e-01,-8.62059252401287026e-04
2379,7.43750000000000022e-01,3.68750000000000022e-01,-1.38644639245050355e-01,-1.27479058959791725e-01,1.88343426921844581e-01,7.28873729460558731e-03
2380,7.56250000000000089e-01,3.68750000000000022e-01,-1.30609822083374544e-01,-1.29910990931706105e-01,1.84216696283232118e-01,5.64712348613729881e-04
2381,7.68750000000000044e-01,3.68750000000000022e-01,-1.22378462294842130e-01,-1.31557859450292192e-01,1.79677373135275265e-01,7.86112976341589442e-03
2382,7.81250000000000000e-01,3.68750000000000022e-01,-1.13582409166020637e-01,-1.31950731845516644e-01,1.74103300676709649e-01,1.70707126215649519e-03
2383,7.93750000000000067e-01,3.68750000000000022e-01,-1.04740732235342499e-01,-1.31437762182404244e-01,1.68066969737405481e-01,8.05170538226280923e-03
2384,8.06250000000000022e-01,3.68750000000000022e-01,-9.54632687609638375e-02,-1.29616870383201632e-01,1.60977541198962626e-01,2.50212469144673894e-03
2385,8.18750000000000089e-01,3.68750000000000022e-01,-8.63258386923891341e-02,-1.26821010160191566e-01,1.53413555607044699e-01,7.81488453080674862e-03
2386,8.31250000000000044e-01,3.68750000000000022e-01,-7.69161366984895956e-02,-1.22730231730776920e-01,1.44840608481568239e-01,2.91261995269353081e-03
2387,8.43750000000000000e-01,3.68750000000000022e-01,-6.78596865889088408e-02,-1.17663863363012156e-01,1.35829753019927585e-01,7.13562865929393431e-03
2388,8.56250000000000067e-01,3.68750000000000022e-01,-5.87202925674006337e-02,-1.11397443702125953e-01,1.25926419875137585e-01,2.93264294495802161e-03
2389,8.68750000000000022e-01,3.68750000000000022e-01,-5.01619700565113028e-02,-1.04235307566205179e-01,1.15677234507796420e-01,6.03321522135618748e-03
2390,8.81250000000000089e-01,3.68750000000000022e-01,-4.17215405043432561e-02,-9.60576108822477487e-02,1.04727033522681603e-01,2.58908056143685198e-03
2391,8.93750000000000044e-01,3.68750000000000022e-01,-3.40865404696089128e-02,-8.71477961384814204e-02,9.35768700747177384e-02,4.56009988664424389e-03
2392,9.06250000000000000e-01,3.68750000000000022e-01,-2.67634002651785906e-02,-7.74935339827898667e-02,8.19849218020970577e-02,1.93783708337978678e-03
2393,9.18750000000000067e-01,3.68750000000000022e-01,-2.04457877353473420e-02,-6.73461896889210043e-02,7.03813860458502860e-02,2.79539172869486567e-03
2394,9.31250000000000022e-01,3.68750000000000022e-01,-1.46077626780088728e-02,-5.67967655738406338e-02,5.86451985255983035e-02,1.05494186765938791e-03
2395,9.43750000000000089e-01,3.68750000000000022e-01,-9.93139029666103082e-03,-4.60488913977045861e-02,4.71076736018900058e-02,8.33761925186051280e-04
2396,9.56250000000000044e-01,3.68750000000000022e-01,-5.85981838467026367e-03,-3.52865934660581623e-02,3.57698357550070151e-02,2.40104551787251989e-05
2397,9.68750000000000000e-01,3.68750000000000022e-01,-3.04761309126367090e-03,-2.46483635904522526e-02,2.48360579247426869e-02,-1.22817890597999991e-03
2398,9.81250000000000067e-01,3.68750000000000022e-01,-9.13394883520062656e-04,-1.43981680264765668e-02,1.44271110320775154e-02,-1.07749258202902219e-03
2399,9.93750000000000022e-01,3.68750000000000022e-01,-7.16948732580372335e-05,-4.59808124760034079e-03,4.59864015926288779e-03,-3.30545205692235828e-03
2400,6.25000000000000035e-03,3.81250000000000033e-01,-9.71607644886752841e-05,7.12378136964911691e-03,7.12444392333295463e-03,-6.64022999553477212e-04
2401,1.87500000000000028e-02,3.81250000000000033e-01,-8.02840085027974981e-04,2.05768688902956756e-02,2.05925249916212479e-02,-2.31131540934159489e-03
2402,3.12500000000000000e-02,3.81250000000000033e-01,-2.65250303311319671e-03,3.30091579344752445e-02,3.31155594831765571e-02,-2.49477621871552592e-03
2403,4.37500000000000042e-02,3.81250000000000033e-01,-4.84756259954610344e-03,4.43531675592792191e-02,4.46172874085596638e-02,-2.88081561938667834e-03
2404,5.62500000000000014e-02,3.81250000000000033e-01,-8.01050920744910550e-03,5.47362481790978489e-02,5.53193015365018859e-02,-4.06426546097437072e-03
2405,6.87500000000000056e-02,3.81250000000000033e-01,-1.13768428525968853e-02,6.40451734197538536e-02,6.50478038957429394e-02,-3.24898150221737680e-03
2406,8.12500000000000028e-02,3.81250000000000033e-01,-1.55554564274283675e-02,7.24891918758509834e-02,7.41394305581015572e-02,-5.42668328852522093e-03
2407,9.37500000000000000e-02,3.81250000000000033e-01,-1.98203171419002143e-02,7.99037984893629510e-02,8.23253422989192601e-02,-3.47671812566160802e-03
2408,1.06250000000000011e-01,3.81250000000000033e-01,-2.47622479095553211e-02,8.65686747762650227e-02,9.00405707115021631e-02,-6.63622530691256908e-03
2409,1.18750000000000008e-01,3.81250000000000033e-01,-2.96970304601340274e-02,9.22644751933853619e-02,9.69259872318097709e-02,-3.62098635130224562e-03
2410,1.31250000000000006e-01,3.81250000000000033e-01,-3.51926814060725471e-02,9.73308544087436028e-02,1.03497922899376912e-01,-7.74010668623512695e-03
2411,1.43750000000000017e-01,3.81250000000000033e-01,-4.06092211202091907e-02,1.01492683607955200e-01,1.09315477705284464e-01,-3.72964386699867938e-03
2412,1.56250000000000000e-01,3.81250000000000033e-01,-4.64872567636858830e-02,1.05140328416443191e-01,1.14958921797876965e-01,-8.77547979780229220e-03
2413,1.68750000000000011e-01,3.81250000000000033e-01,-5.22326439137750093e-02,1.07944207851212615e-01,1.19917476202799606e-01,-3.83942767406994685e-03
2414,1.81250000000000022e-01,3.81250000000000033e-01,-5.83544057841187402e-02,1.10337337244885619e-01,1.24818126346733851e-01,-9.76869545932492790e-03
2415,1.93750000000000006e-01,3.81250000000000033e-01,-6.43051040009527258e-02,1.11938853885423281e-01,1.29094745864250765e-01,-3.97574860549214197e-03
2416,2.06250000000000017e-01,3.81250000000000033e-01,-7.05586324327192732e-02,1.13217517996721334e-01,1.33404373961701517e-01,-1.07358061637767583e-02
2417,2.18750000000000000e-01,3.81250000000000033e-01,-7.66145086245352408e-02,1.13745724857170508e-01,1.37141798351422095e-01,-4.15341235568327579e-03
2418,2.31250000000000011e-01,3.81250000000000033e-01,-8.29086880999340969e-02,1.14022146172685079e-01,1.40978368483527711e-01,-1.16836111037643998e-02
2419,2.43750000000000022e-01,3.81250000000000033e-01,-8.89873758365559014e-02,1.13577873953251390e-01,1.44286820292142820e-01,-4.37772650271645546e-03
2420,2.56250000000000033e-01,3.81250000000000033e-01,-9.52465394248736691e-02,1.12936615874211901e-01,1.47738222804842556e-01,-1.26108431346227939e-02
2421,2.68749999999999989e-01,3.81250000000000033e-01,-1.01278382479292134e-01,1.11594062435806773e-01,1.50700184235283974e-01,-4.64569895578814326e-03
2422,2.81250000000000000e-01,3.81250000000000033e-01,-1.07437548949484152e-01,1.10094913530642935e-01,1.53830156047481625e-01,-1.35093044436653646e-02
2423,2.93750000000000011e-01,3.81250000000000033e-01,-1.13361225889966624e-01,1.07905450056988497e-01,1.56506720901299579e-01,-4.94719654673916268e-03
2424,3.06250000000000022e-01,3.81250000000000033e-01,-1.19362017529152542e-01,1.05588028700341188e-01,1.59361610915093960e-01,-1.43648904180142326e-02
2425,3.18750000000000033e-01,3.81250000000000033e-01,-1.25120844623146515e-01,1.02585312607313670e-01,1.61799172191794099e-01,-5.26603426791108498e-03
2426,3.31250000000000044e-01,3.81250000000000033e-01,-1.30908052822724164e-01,9.94745787798022724e-02,1.64414446193928560e-01,-1.51585205851232432e-02
2427,3.43750000000000000e-01,3.81250000000000033e-01,-1.36446904436975519e-01,9.56802652111515967e-02,1.66650745216783941e-01,-5.58102463186163546e-03
2428,3.56250000000000011e-01,3.81250000000000033e-01,-1.41965632977275324e-01,9.17923417922161117e-02,1.69056425368388358e-01,-1.58670382847572004e-02
2429,3.68750000000000022e-01,3.81250000000000033e-01,-1.47228401724075336e-01,8.72219039484397607e-02,1.71125283937285433e-01,-5.86704679932459252e-03
2430,3.81250000000000033e-01,3.81250000000000033e-01,-1.52421717366762466e-01,8.25698249435705967e-02,1.73349807949836232e-01,-1.64641590038997893e-02
2431,3.93750000000000044e-01,3.81250000000000033e-01,-1.57349251386798117e-01,7.72381962765438246e-02,1.75284128990732341e-01,-6.09620605681824093e-03
2432,4.06250000000000000e-01,3.81250000000000033e-01,-1.62156297743167394e-01,7.18373849898251010e-02,1.77356349702927490e-01,-1.69215491098303784e-02
2433,4.18750000000000011e-01,3.81250000000000033e-01,-1.66684789002356837e-01,6.57642982965160050e-02,1.79189178845133829e-01,-6.23915204427254698e-03
2434,4.31250000000000022e-01,3.81250000000000033e-01,-1.71039361921539457e-01,5.96377143448562769e-02,1.81138400950229317e-01,-1.72101069081739728e-02
2435,4.43750000000000033e-01,3.81250000000000033e-01,-1.75099206767426435e-01,5.28527183218034172e-02,1.82902001204431480e-01,-6.26661268831066407e-03
2436,4.56250000000000044e-01,3.81250000000000033e-01,-1.78928837388582257e-01,4.60356884921319445e-02,1.84756091818847251e-01,-1.73014988942404059e-02
2437,4.68750000000000000e-01,3.81250000000000033e-01,-1.82444039622123355e-01,3.85828639929140169e-02,1.86479127484913493e-01,-6.15118406957803135e-03
2438,4.81250000000000011e-01,3.81250000000000033e-01,-1.85669675208392310e-01,3.11276263293038466e-02,1.88260875948473849e-01,-1.71699761994681330e-02
2439,4.93750000000000022e-01,3.81250000000000033e-01,-1.88557908543052599e-01,2.30699972561693861e-02,1.89963969340319505e-01,-5.86940842020092224e-03
2440,5.06249999999999978e-01,3.81250000000000033e-01,-1.91094318905682098e-01,1.50499404031179135e-02,1.91686043895125363e-01,-1.67944581411454442e-02
2441,5.18750000000000044e-01,3.81250000000000033e-01,-1.93267846071593724e-01,6.47345777687590405e-03,1.93376229099499836e-01,-5.40424672643015185e-03
2442,5.31250000000000000e-01,3.81250000000000033e-01,-1.95024977813371941e-01,-2.01308814893366066e-03,1.95035367292708206e-01,-1.61608102891114477e-02
2443,5.43750000000000067e-01,3.81250000000000033e-01,-1.96393032853895810e-01,-1.09944446032588360e-02,1.96700536770201828e-01,-4.73401137864940588e-03
2444,5.56250000000000022e-01,3.81250000000000033e-01,-1.97279916234500002e-01,-1.98234347709953032e-02,1.98273381762684525e-01,-1.52477604095770831e-02
2445,5.68749999999999978e-01,3.81250000000000033e-01,-1.97750815751730591e-01,-2.90746215542898520e-02,1.99876758901579354e-01,-3.86567564924034405e-03
2446,5.81250000000000044e-01,3.81250000000000033e-01,-1.97675457505898378e-01,-3.80951405536240281e-02,2.01312757255884323e-01,-1.40736996798165384e-02
2447,5.93750000000000000e-01,3.81250000000000033e-01,-1.97157791645912989e-01,-4.74436379966565111e-02,2.02785831835094021e-01,-2.81469286328927875e-03
2448,6.06250000000000067e-01,3.81250000000000033e-01,-1.96029322028419467e-01,-5.64628488170303561e-02,2.03998893113312291e-01,-1.26590008686114728e-02
2449,6.18750000000000022e-01,3.81250000000000033e-01,-1.94435913591638088e-01,-6.56929164299750595e-02,2.05233729594554326e-01,-1.61155752992112305e-03
2450,6.31250000000000089e-01,3.81250000000000033e-01,-1.92171656698261195e-01,-7.44746985230753111e-02,2.06098098871040802e-01,-1.10411242964823103e-02
2451,6.43750000000000044e-01,3.81250000000000033e-01,-1.89427768020055759e-01,-8.33274592534100911e-02,2.06945269969353918e-01,-3.03882974461010963e-04
2452,6.56250000000000000e-01,3.81250000000000033e-01,-1.85962211569753483e-01,-9.15939079168374831e-02,2.07295412634703163e-01,-9.27534489037432595e-03
2453,6.68750000000000067e-01,3.81250000000000033e-01,-1.82015380366134155e-01,-9.97703852735904312e-02,2.07566202613694212e-01,1.04353543144876468e-03
2454,6.81250000000000022e-01,3.81250000000000033e-01,-1.77310914676922088e-01,-1.07206774257334408e-01,2.07201479025198559e-01,-7.43399956264439651e-03
2455,6.93750000000000089e-01,3.81250000000000033e-01,-1.72142503576841077e-01,-1.14375051914143849e-01,2.06675334856547016e-01,2.35054227667015093e-03
2456,7.06250000000000044e-01,3.81250000000000033e-01,-1.66201796409786329e-01,-1.20639643015394427e-01,2.05370301155551382e-01,-5.60380515516401782e-03
2457,7.18750000000000000e-01,3.81250000000000033e-01,-1.59839915398057336e-01,-1.26447633536206028e-01,2.03808249541977043e-01,3.52562854174378031e-03
2458,7.31250000000000067e-01,3.81250000000000033e-01,-1.52719288948388543e-01,-1.31187811556485345e-01,2.01329141253523719e-01,-3.88089098307058383e-03
2459,7.43750000000000022e-01,3.81250000000000033e-01,-1.45252146347829875e-01,-1.35283024932116469e-01,1.98493533530528482e-01,4.47231663779403422e-03
2460,7.56250000000000089e-01,3.81250000000000033e-01,-1.37074647522399118e-01,-1.38158941381340383e-01,1.94621047363851718e-01,-2.36346340413827894e-03
2461,7.68750000000000044e-01,3.81250000000000033e-01,-1.28662631103181324e-01,-1.40216104448235734e-01,1.90301415099919519e-01,5.09777723043085274e-03
2462,7.81250000000000000e-01,3.81250000000000033e-01,-1.19628679723667170e-01,-1.40932175374473639e-01,1.84859133039753071e-01,-1.14246720208711731e-03
2463,7.93750000000000067e-01,3.81250000000000033e-01,-1.10512644116813635e-01,-1.40688367649173973e-01,1.78902938213654383e-01,5.32301118423107907e-03
2464,8.06250000000000022e-01,3.81250000000000033e-01,-1.00905355108260736e-01,-1.39031395348811454e-01,1.71789462954401562e-01,-2.91200230100236096e-04
2465,8.18750000000000089e-01,3.81250000000000033e-01,-9.14079194107926818e-02,-1.36326386582716785e-01,1.64134979238766521e-01,5.09330641079856587e-03
2466,8.31250000000000044e-01,3.81250000000000033e-01,-8.15897357205948442e-02,-1.32206709784296522e-01,1.55356039750457448e-01,1.44533729118222470e-04
2467,8.43750000000000000e-01,3.81250000000000033e-01,-7.21062732138908757e-02,-1.27023510253698124e-01,1.46062612580932671e-01,4.38711111825869880e-03
2468,8.56250000000000067e-01,3.81250000000000033e-01,-6.25038879231589323e-02,-1.20512752460518541e-01,1.35757355274478714e-01,1.53688217767525525e-04
2469,8.68750000000000022e-01,3.81250000000000033e-01,-5.34808317036505054e-02,-1.13010617134856564e-01,1.25026392993300928e-01,3.22119742523523317e-03
2470,8.81250000000000089e-01,3.81250000000000033e-01,-4.45570197923173261e-02,-1.04367221929410350e-01,1.13480593169209998e-01,-2.37415533927759525e-04
2471,8.93750000000000044e-01,3.81250000000000033e-01,-3.64575116672682040e-02,-9.48977363124607065e-02,1.01659876619039427e-01,1.65028662132684517e-03
2472,9.06250000000000000e-01,3.81250000000000033e-01,-2.86716221474514407e-02,-8.45710754704727119e-02,8.92990969875878393e-02,-9.68561016822389129e-04
2473,9.18750000000000067e-01,3.81250000000000033e-01,-2.19322483637859091e-02,-7.36691458334061550e-02,7.68645989133778795e-02,-2.39693481991593634e-04
2474,9.31250000000000022e-01,3.81250000000000033e-01,-1.56951303201958818e-02,-6.22761001835597169e-02,6.42234362973572032e-02,-1.95531048430105502e-03
2475,9.43750000000000089e-01,3.81250000000000033e-01,-1.06814018070023505e-02,-5.06227811953960521e-02,5.17373976975995312e-02,-2.34400801992239042e-03
2476,9.56250000000000044e-01,3.81250000000000033e-01,-6.31383955263419006e-03,-3.88976212809000396e-02,3.94067191124652730e-02,-3.10336097191870382e-03
2477,9.68750000000000000e-01,3.81250000000000033e-01,-3.28420353876635214e-03,-2.72598182001954591e-02,2.74569423132247740e-02,-4.55489675303525059e-03
2478,9.81250000000000067e-01,3.81250000000000033e-01,-9.88422454937878036e-04,-1.59860212106186922e-02,1.60165493504617305e-02,-4.32475150984398381e-03
2479,9.93750000000000022e-01,3.81250000000000033e-01,-7.50418493026702130e-05,-5.14071827893874261e-03,5.14126596302522283e-03,-6.77755032041286749e-03
2480,6.25000000000000035e-03,3.93750000000000044e-01,-1.03602190150806750e-04,7.56912033945609727e-03,7.56982933275064142e-03,-1.43769498184252590e-03
2481,1.87500000000000028e-02,3.93750000000000044e-01,-8.06029732201523469e-04,2.18518315484407741e-02,2.18666921584089700e-02,-3.01296872505685612e-03
2482,3.12500000000000000e-02,3.93750000000000044e-01,-2.68405605664711298e-03,3.50315111345638960e-02,3.51341846253232157e-02,-3.32276293238219006e-03
2483,4.37500000000000042e-02,3.93750000000000044e-01,-4.89000222214444353e-03,4.70370767427912145e-02,4.72905773938086735e-02,-3.52771238438455035e-03
2484,5.62500000000000014e-02,3.93750000000000044e-01,-8.09325947022527387e-03,5.80077236423888823e-02,5.85695898143751142e-02,-4.92978751915776683e-03
2485,6.87500000000000056e-02,3.93750000000000044e-01,-1.14820289094931076e-02,6.78294420948797050e-02,6.87944053159926239e-02,-3.82902007986336834e-03
2486,8.12500000000000028e-02,3.93750000000000044e-01,-1.57099435549623197e-02,7.67234826210893006e-02,7.83153568082830959e-02,-6.31445050588194060e-03
2487,9.37500000000000000e-02,3.93750000000000044e-01,-2.00062888321121887e-02,8.45246366812564959e-02,8.68600356834620946e-02,-3.98164476103079513e-03
2488,1.06250000000000011e-01,3.93750000000000044e-01,-2.50037238035181776e-02,9.15242096955131978e-02,9.48781701153162682e-02,-7.53307611731278762e-03
2489,1.18750000000000008e-01,3.93750000000000044e-01,-2.99767510582146929e-02,9.75016829543691732e-02,1.02005802692496372e-01,-4.04655331799868082e-03
2490,1.31250000000000006e-01,3.93750000000000044e-01,-3.55317349880204386e-02,1.02807878408067252e-01,1.08774831896109384e-01,-8.63530582136687840e-03
2491,1.43750000000000017e-01,3.93750000000000044e-01,-4.09914389564923348e-02,1.07165667866659597e-01,1.14737868365378984e-01,-4.07540274058460460e-03
2492,1.56250000000000000e-01,3.93750000000000044e-01,-4.69309074781014968e-02,1.10976145929892439e-01,1.20491555895717875e-01,-9.66081675081936417e-03
2493,1.68750000000000011e-01,3.93750000000000044e-01,-5.27231732270105682e-02,1.13906668259788180e-01,1.25516780030284381e-01,-4.10829779831645495e-03
2494,1.81250000000000022e-01,3.93750000000000044e-01,-5.89075360855037325e-02,1.16400624836032474e-01,1.30457668497806989e-01,-1.06384580866623283e-02
2495,1.93750000000000006e-01,3.93750000000000044e-01,-6.49083620746761653e-02,1.18072886202914076e-01,1.34737900842723385e-01,-4.17345842882874997e-03
2496,2.06250000000000017e-01,3.93750000000000044e-01,-7.12255825364335460e-02,1.19402359020687673e-01,1.39032395316197821e-01,-1.15866631365743634e-02
2497,2.18750000000000000e-01,3.93750000000000044e-01,-7.73351319203380849e-02,1.19955906104684054e-01,1.42724006524942659e-01,-4.28787501361247228e-03
2498,2.31250000000000011e-01,3.93750000000000044e-01,-8.36948458326199352e-02,1.20242262264671634e-01,1.46502658178860684e-01,-1.25144119527958470e-02
2499,2.43750000000000022e-01,3.93750000000000044e-01,-8.98317617861025125e-02,1.19785714678345562e-01,1.49727628935334034e-01,-4.45838468593856476e-03
2500,2.56250000000000033e-01,3.93750000000000044e-01,-9.61597903586169228e-02,1.19120093890912909e-01,1.53089196386920340e-01,-1.34223323361187547e-02
2501,2.68749999999999989e-01,3.93750000000000044e-01,-1.02256039206959345e-01,1.17733043469415016e-01,1.55940267663186888e-01,-4.68285672395825532e-03
2502,2.81250000000000000e-01,3.93750000000000044e-01,-1.08489487482915481e-01,1.16179571916171245e-01,1.58958050519407423e-01,-1.43037428968744770e-02
2503,2.93750000000000011e-01,3.93750000000000044e-01,-1.14485845243581033e-01,1.13916724068307940e-01,1.61505506976053897e-01,-4.95134556907628458e-03
2504,3.06250000000000022e-01,3.93750000000000044e-01,-1.20568848785773813e-01,1.11517450725336698e-01,1.64234555175835906e-01,-1.51455803836130429e-02
2505,3.18750000000000033e-01,3.93750000000000044e-01,-1.26411038856353297e-01,1.08414056533305228e-01,1.66533355213750400e-01,-5.24717726037677180e-03
2506,3.31250000000000044e-01,3.93750000000000044e-01,-1.32291135495449713e-01,1.05194768640872946e-01,1.69017407032773459e-01,-1.59292360316429446e-02
2507,3.43750000000000000e-01,3.93750000000000044e-01,-1.37926563072616831e-01,1.01272620381919906e-01,1.71113647731690327e-01,-5.54799813612139557e-03
2508,3.56250000000000011e-01,3.93750000000000044e-01,-1.43551625370156449e-01,9.72489310917362820e-02,1.73390956352685865e-01,-1.66313699504407331e-02
2509,3.68750000000000022e-01,3.93750000000000044e-01,-1.48926634166942018e-01,9.25224310096305486e-02,1.75326959148403710e-01,-5.82684797967279646e-03
2510,3.81250000000000033e-01,3.93750000000000044e-01,-1.54242295047465783e-01,8.77057636751103348e-02,1.77434457091467407e-01,-1.72247915874522844e-02
2511,3.93750000000000044e-01,3.93750000000000044e-01,-1.59299885140614189e-01,8.21877922733248861e-02,1.79252019806126817e-01,-6.05333331831409572e-03
2512,4.06250000000000000e-01,3.93750000000000044e-01,-1.64247414033776129e-01,7.65910823950869263e-02,1.81227500449665957e-01,-1.76794969015197680e-02
2513,4.18750000000000011e-01,3.93750000000000044e-01,-1.68925395575049292e-01,7.02985627970718618e-02,1.82969060776735526e-01,-6.19497654844322360e-03
2514,4.31250000000000022e-01,3.93750000000000044e-01,-1.73440024998345294e-01,6.39416402754097724e-02,1.84851225672259339e-01,-1.79639446371198004e-02
2515,4.43750000000000033e-01,3.93750000000000044e-01,-1.77669630832939657e-01,5.69008039667347754e-02,1.86558835792823952e-01,-6.21880622487644939e-03
2516,4.56250000000000044e-01,3.93750000000000044e-01,-1.81679384549232631e-01,4.98154955730724519e-02,1.88385196789394138e-01,-1.80466387858592113e-02
2517,4.68750000000000000e-01,3.93750000000000044e-01,-1.85384416691759840e-01,4.20668954832167721e-02,1.90097358339720052e-01,-6.09323428039030331e-03
2518,4.81250000000000011e-01,3.93750000000000044e-01,-1.88809544457070433e-01,3.43019011548608629e-02,1.91900142003397972e-01,-1.78980677236560207e-02
2519,4.93750000000000022e-01,3.93750000000000044e-01,-1.91906180001912036e-01,2.59051903235569571e-02,1.93646742313486830e-01,-5.79023845644461958e-03
2520,5.06249999999999978e-01,3.93750000000000044e-01,-1.94659367865585742e-01,1.75307580564430070e-02,1.95447171828765476e-01,-1.74930540157184969e-02
2521,5.18750000000000044e-01,3.93750000000000044e-01,-1.97056821309036151e-01,8.56917231752001712e-03,1.97243051940058867e-01,-5.28784756547144921e-03
2522,5.31250000000000000e-01,3.93750000000000044e-01,-1.99044513249412941e-01,-3.18362876952211734e-04,1.99044767852905757e-01,-1.68136780816258609e-02
2523,5.43750000000000067e-01,3.93750000000000044e-01,-2.00647093867262510e-01,-9.73197177658447626e-03,2.00882969790966315e-01,-4.56364601222749525e-03
2524,5.56250000000000022e-01,3.93750000000000044e-01,-2.01771368496886233e-01,-1.90095836976701370e-02,2.02664869717139123e-01,-1.58296229576029707e-02
2525,5.68749999999999978e-01,3.93750000000000044e-01,-2.02481760242370967e-01,-2.87405568810956101e-02,2.04511326925147341e-01,-3.61108524019287426e-03
2526,5.81250000000000044e-01,3.93750000000000044e-01,-2.02644883076920801e-01,-3.82573899962497105e-02,2.06224577891637478e-01,-1.45549915838465160e-02
2527,5.93750000000000000e-01,3.93750000000000044e-01,-2.02364021468514760e-01,-4.81332462040050604e-02,2.08009630967041698e-01,-2.44453980390249050e-03
2528,6.06250000000000067e-01,3.93750000000000044e-01,-2.01465975697851851e-01,-5.76950364665777260e-02,2.09564444972822533e-01,-1.30053070101289209e-02
2529,6.18750000000000022e-01,3.93750000000000044e-01,-2.00096453574337585e-01,-6.74964610667213860e-02,2.11173774388673713e-01,-1.09151528630057758e-03
2530,6.31250000000000089e-01,3.93750000000000044e-01,-1.98042934198692816e-01,-7.68614523974082697e-02,2.12435135160516320e-01,-1.12150710260347716e-02
2531,6.43750000000000044e-01,3.93750000000000044e-01,-1.95497447626870463e-01,-8.63214517845111440e-02,2.13706913942452142e-01,4.01153397022171174e-04
2532,6.56250000000000000e-01,3.93750000000000044e-01,-1.92209067379430082e-01,-9.52010691685634680e-02,2.14493750850014042e-01,-9.23880400857998198e-03
2533,6.68750000000000067e-01,3.93750000000000044e-01,-1.88420587688334806e-01,-1.04007054844236307e-01,2.15220318097965463e-01,1.96682223907013003e-03
2534,6.81250000000000022e-01,3.93750000000000044e-01,-1.83844135777891604e-01,-1.12069924577383934e-01,2.15309856380752729e-01,-7.15083941250842497e-03
2535,6.93750000000000089e-01,3.93750000000000044e-01,-1.78778168956095690e-01,-1.19869952418546172e-01,2.15245067743999235e-01,3.52039641284432585e-03
2536,7.06250000000000044e-01,3.93750000000000044e-01,-1.72899939992102847e-01,-1.26750908598298961e-01,2.14383259793686082e-01,-5.04310958585726856e-03
2537,7.18750000000000000e-01,3.93750000000000044e-01,-1.66568648043033840e-01,-1.33165821133925583e-01,2.13256302202670528e-01,4.96205968141307224e-03
2538,7.31250000000000067e-01,3.93750000000000044e-01,-1.59429311887858416e-01,-1.38481693066366929e-01,2.11175009893603410e-01,-3.02038717190226264e-03
2539,7.43750000000000022e-01,3.93750000000000044e-01,-1.51906633628840743e-01,-1.43124908731076694e-01,2.08711199603006159e-01,6.18373392786615572e-03
2540,7.56250000000000089e-01,3.93750000000000044e-01,-1.43616383604816655e-01,-1.46498673439595384e-01,2.05152448094793799e-01,-1.19274041920374558e-03
2541,7.68750000000000044e-01,3.93750000000000044e-01,-1.35052449607539649e-01,-1.49004908022420307e-01,2.01101036197646105e-01,7.07826433417054878e-03
2542,7.81250000000000000e-01,3.93750000000000044e-01,-1.25804235576780027e-01,-1.50099005810768071e-01,1.95847944166996440e-01,3.34559254138422769e-04
2543,7.93750000000000067e-01,3.93750000000000044e-01,-1.16436384473081148e-01,-1.50162033719861004e-01,1.90015967750207376e-01,7.55074844979059228e-03
2544,8.06250000000000022e-01,3.93750000000000044e-01,-1.06514048456315125e-01,-1.48720007785039049e-01,1.82928628798600917e-01,1.47276310918796833e-03
2545,8.18750000000000089e-01,3.93750000000000044e-01,-9.66708457058503973e-02,-1.46137437179462537e-01,1.75218158176787403e-01,7.53068566693844595e-03
2546,8.31250000000000044e-01,3.93750000000000044e-01,-8.64482604964769696e-02,-1.42030421634877613e-01,1.66270690179140868e-01,2.16131325479469337e-03
2547,8.43750000000000000e-01,3.93750000000000044e-01,-7.65425363004067494e-02,-1.36750374813782605e-01,1.56714469258614125e-01,6.98287926289954501e-03
2548,8.56250000000000067e-01,3.93750000000000044e-01,-6.64699493430175037e-02,-1.30021564640430853e-01,1.46026920248319453e-01,2.37710855370296559e-03
2549,8.68750000000000022e-01,3.93750000000000044e-01,-5.69776369946929512e-02,-1.22182691351647249e-01,1.34814914543721381e-01,5.91456238421066670e-03
2550,8.81250000000000089e-01,3.93750000000000044e-01,-4.75529943130939270e-02,-1.13079750309240154e-01,1.22671582683770902e-01,2.13882513875828439e-03
2551,8.93750000000000044e-01,3.93750000000000044e-01,-3.89770448916936241e-02,-1.03033558022299090e-01,1.10159539338286872e-01,4.37638905703598407e-03
2552,9.06250000000000000e-01,3.93750000000000044e-01,-3.07034951212061605e-02,-9.20177605072136223e-02,9.70050146199713387e-02,1.50432713378931228e-03
2553,9.18750000000000067e-01,3.93750000000000044e-01,-2.35263904394789440e-02,-8.03228914960505136e-02,8.36974189888619602e-02,2.45596855088104542e-03
2554,9.31250000000000022e-01,3.93750000000000044e-01,-1.68619520122047853e-02,-6.80467227067597380e-02,7.01047922526880363e-02,5.60656586158422886e-04
2555,9.43750000000000089e-01,3.93750000000000044e-01,-1.14951974985115953e-02,-5.54302357217732605e-02,5.66096334354951949e-02,2.64420157030090231e-04
2556,9.56250000000000044e-01,3.93750000000000044e-01,-6.80490898242121396e-03,-4.26830524209178275e-02,4.32220979387379634e-02,-5.91919660552004908e-04
2557,9.68750000000000000e-01,3.93750000000000044e-01,-3.54700515416653738e-03,-2.99736778771593874e-02,3.01828197994719848e-02,-2.08160030284177625e-03
2558,9.81250000000000067e-01,3.93750000000000044e-01,-1.06915316786161002e-03,-1.76067389416863611e-02,1.76391707474315117e-02,-1.85857727213688739e-03
2559,9.93750000000000022e-01,3.93750000000000044e-01,-8.25685421982026084e-05,-5.66132576179122129e-03,5.66192784705719151e-03,-4.47874898174239772e-03
2560,6.25000000000000035e-03,4.06250000000000000e-01,-1.05720891087517004e-04,8.03346900344239362e-03,8.03416461967777079e-03,-2.45228489003257964e-03
2561,1.87500000000000028e-02,4.06250000000000000e-01,-8.07818622051924588e-04,2.31569762024603325e-02,2.31710620768114141e-02,-4.03597362049286888e-03
2562,3.12500000000000000e-02,4.06250000000000000e-01,-2.70026024055775677e-03,3.70933936625353830e-02,3.71915482169075245e-02,-4.35677947316099722e-03
2563,4.37500000000000042e-02,4.06250000000000000e-01,-4.91599533686272374e-03,4.97618157921175600e-02,5.00040530465351019e-02,-4.57421159185215139e-03
2564,5.62500000000000014e-02,4.06250000000000000e-01,-8.14314302971809803e-03,6.13287395363811827e-02,6.18669950096473603e-02,-5.99985910078181146e-03
2565,6.87500000000000056e-02,4.06250000000000000e-01,-1.15503431093211019e-02,7.16611038325859762e-02,7.25859781806907217e-02,-4.91464760361600295e-03
2566,8.12500000000000028e-02,4.06250000000000000e-01,-1.58098497785440079e-02,8.10141111768184763e-02,8.25423379835465570e-02,-7.43834014839227751e-03
2567,9.37500000000000000e-02,4.06250000000000000e-01,-2.01313819091056834e-02,8.91966318552771670e-02,9.14402081794224303e-02,-5.12215253125445150e-03
2568,1.06250000000000011e-01,4.06250000000000000e-01,-2.51661251683046559e-02,9.65399842630304955e-02,9.97662388661262195e-02,-8.72910006416412372e-03
2569,1.18750000000000008e-01,4.06250000000000000e-01,-3.01691896434861974e-02,1.02791352271224934e-01,1.07127223923201217e-01,-5.25734710788639068e-03
2570,1.31250000000000006e-01,4.06250000000000000e-01,-3.57653492815439636e-02,1.08346569923454303e-01,1.14097061414432627e-01,-9.92157880244738492e-03
2571,1.43750000000000017e-01,4.06250000000000000e-01,-4.12583407100559282e-02,1.12890541515637460e-01,1.20193698012170849e-01,-5.37102003695074954e-03
2572,1.56250000000000000e-01,4.06250000000000000e-01,-4.72414425224006937e-02,1.16873262417913640e-01,1.26059959383635345e-01,-1.10545065281084324e-02
2573,1.68750000000000011e-01,4.06250000000000000e-01,-5.30692085944972705e-02,1.19919348924036509e-01,1.31137298840608568e-01,-5.50196746549669064e-03
2574,1.81250000000000022e-01,4.06250000000000000e-01,-5.92989028906368704e-02,1.22523888977809803e-01,1.36119297876090450e-01,-1.21551685965378183e-02
2575,1.93750000000000006e-01,4.06250000000000000e-01,-6.53371229427193168e-02,1.24255248147753544e-01,1.40386275421395201e-01,-5.67680825917638802e-03
2576,2.06250000000000017e-01,4.06250000000000000e-01,-7.17013708245570064e-02,1.25645804219305907e-01,1.44664973977935596e-01,-1.32400007387234626e-02
2577,2.18750000000000000e-01,4.06250000000000000e-01,-7.78506625805107794e-02,1.26213180361338967e-01,1.48291916708728322e-01,-5.91079894956543766e-03
2578,2.31250000000000011e-01,4.06250000000000000e-01,-8.42598689034576992e-02,1.26520435577388846e-01,1.52010348747445734e-01,-1.43157389793669050e-02
2579,2.43750000000000022e-01,4.06250000000000000e-01,-9.04400768000059863e-02,1.26040864845241130e-01,1.55131257657917937e-01,-6.20904464145322337e-03
2580,2.56250000000000033e-01,4.06250000000000000e-01,-9.68215443842218720e-02,1.25362685050188327e-01,1.58398908645036307e-01,-1.53806781751400952e-02
2581,2.68749999999999989e-01,4.06250000000000000e-01,-1.02966494320953478e-01,1.23921670500422090e-01,1.61116974190685824e-01,-6.56777320696725047e-03
2582,2.81250000000000000e-01,4.06250000000000000e-01,-1.09259411475644566e-01,1.22326632037860400e-01,1.64016535452161966e-01,-1.64258240126077606e-02
2583,2.93750000000000011e-01,4.06250000000000000e-01,-1.15312265709296785e-01,1.19982597881014993e-01,1.66411365048450971e-01,-6.97552380745988538e-03
2584,3.06250000000000022e-01,4.06250000000000000e-01,-1.21463305296645591e-01,1.17515243510173464e-01,1.69006411093903464e-01,-1.74358742373930502e-02
2585,3.18750000000000033e-01,4.06250000000000000e-01,-1.27372538217632336e-01,1.14305272947631612e-01,1.71141634080181598e-01,-7.41421772660053220e-03
2586,3.31250000000000044e-01,4.06250000000000000e-01,-1.33332055577239234e-01,1.10992220509370340e-01,1.73484034014812744e-01,-1.83900566163942882e-02
2587,3.43750000000000000e-01,4.06250000000000000e-01,-1.39048003909813367e-01,1.06938327809564859e-01,1.75414233590120705e-01,-7.86014893113920129e-03
2588,3.56250000000000011e-01,4.06250000000000000e-01,-1.44766775179718532e-01,1.02794613948573602e-01,1.77550420593057035e-01,-1.92629016685605912e-02
2589,3.68750000000000022e-01,4.06250000000000000e-01,-1.50238692039737387e-01,9.79100578182479780e-02,1.79326640541174781e-01,-8.28496886294672989e-03
2590,3.81250000000000033e-01,4.06250000000000000e-01,-1.55665127784902879e-01,9.29453474612493141e-02,1.81302150078211988e-01,-2.00250512727976476e-02
2591,3.93750000000000044e-01,4.06250000000000000e-01,-1.60838680445782173e-01,8.72407236356089050e-02,1.82975476466124054e-01,-8.65675547852224128e-03
2592,4.06250000000000000e-01,4.06250000000000000e-01,-1.65916472382076602e-01,8.14652241348173267e-02,1.84837384073266969e-01,-2.06442095585501334e-02
2593,4.18750000000000011e-01,4.06250000000000000e-01,-1.70731658126035940e-01,7.49542548124364771e-02,1.86460289072373969e-01,-8.94125727948730936e-03
2594,4.31250000000000022e-01,4.06250000000000000e-01,-1.75397859264422945e-01,6.83843219580744233e-02,1.88257335910736540e-01,-2.10863363934755514e-02
2595,4.43750000000000033e-01,4.06250000000000000e-01,-1.79787362659080852e-01,6.10893738468551301e-02,1.89882614709479619e-01,-9.10339180811306839e-03
2596,4.56250000000000044e-01,4.06250000000000000e-01,-1.83970955747175785e-01,5.37528766569004765e-02,1.91662944533942892e-01,-2.13171706291821611e-02
2597,4.68750000000000000e-01,4.06250000000000000e-01,-1.87859026185688921e-01,4.57102837545687452e-02,1.93340227992931019e-01,-9.10905166260731272e-03
2598,4.81250000000000011e-01,4.06250000000000000e-01,-1.91480098930202541e-01,3.76518080542468797e-02,1.95146834296828914e-01,-2.13041554613392324e-02
2599,4.93750000000000022e-01,4.06250000000000000e-01,-1.94782082038049170e-01,2.89170580503636844e-02,1.96916875176723793e-01,-8.92721069025332985e-03
2600,5.06249999999999978e-01,4.06250000000000000e-01,-1.97751806501084426e-01,2.02030021968483825e-02,1.98781131579957027e-01,-2.10188385108712288e-02
2601,5.18750000000000044e-01,4.06250000000000000e-01,-2.00374494726869745e-01,1.08558324086433754e-02,2.00668351352007918e-01,-8.53214772070122127e-03
2602,5.31250000000000000e-01,4.06250000000000000e-01,-2.02596207715506571e-01,1.57958960243689654e-03,2.02602365445265248e-01,-2.04398966935270300e-02
2603,5.43750000000000067e-01,4.06250000000000000e-01,-2.04438994117799644e-01,-8.27034402630932516e-03,2.04606209353995983e-01,-7.90494214315850922e-03
2604,5.56250000000000022e-01,4.06250000000000000e-01,-2.05808532592213406e-01,-1.79864043897218565e-02,2.06592988338498013e-01,-1.95341269269128474e-02
2605,5.68749999999999978e-01,4.06250000000000000e-01,-2.06769421949975524e-01,-2.82038217338774037e-02,2.08684089987529603e-01,-7.02373988580031351e-03
2606,5.81250000000000044e-01,4.06250000000000000e-01,-2.07183409302963084e-01,-3.82105736077486130e-02,2.10677509539657082e-01,-1.83098507843513364e-02
2607,5.93750000000000000e-01,4.06250000000000000e-01,-2.07155758463085843e-01,-4.86252059620059379e-02,2.12786087231434995e-01,-5.90488991331725773e-03
2608,6.06250000000000067e-01,4.06250000000000000e-01,-2.06505508565642842e-01,-5.87281829733404051e-02,2.14694025401977462e-01,-1.67801044213568354e-02
2609,6.18750000000000022e-01,4.06250000000000000e-01,-2.05381786083197043e-01,-6.91185510832886263e-02,2.16700374154216169e-01,-4.57311061550547647e-03
2610,6.31250000000000089e-01,4.06250000000000000e-01,-2.03561550423409732e-01,-7.90715557134030744e-02,2.18379522239884438e-01,-1.49780027765687371e-02
2611,6.43750000000000044e-01,4.06250000000000000e-01,-2.01241650090671464e-01,-8.91638392076275904e-02,2.20109954235286509e-01,-3.07418537788113231e-03
2612,6.56250000000000000e-01,4.06250000000000000e-01,-1.98157949042080950e-01,-9.86687163699871139e-02,2.21364153282921833e-01,-1.29583877834846314e-02
2613,6.68750000000000067e-01,4.06250000000000000e-01,-1.94559577388526417e-01,-1.08137738125628047e-01,2.22592002463091437e-01,-1.47572438364743574e-03
2614,6.81250000000000022e-01,4.06250000000000000e-01,-1.90142886264202227e-01,-1.16847250308307254e-01,2.23176157107997430e-01,-1.07981920422167820e-02
2615,6.93750000000000089e-01,4.06250000000000000e-01,-1.85214442266003976e-01,-1.25321565962747655e-01,2.23628899114721363e-01,1.33746986864238403e-04
2616,7.06250000000000044e-01,4.06250000000000000e-01,-1.79433395875995272e-01,-1.32847340793591284e-01,2.23259399603958936e-01,-8.59466732632787299e-03
2617,7.18750000000000000e-01,4.06250000000000000e-01,-1.73169242466458512e-01,-1.39920466589670334e-01,2.22632709876779217e-01,1.64819877534817675e-03
2618,7.31250000000000067e-01,4.06250000000000000e-01,-1.66046972022348333e-01,-1.45848132329772562e-01,2.21005146143417625e-01,-6.46081101731827041e-03
2619,7.43750000000000022e-01,4.06250000000000000e-01,-1.58504355730121615e-01,-1.51098035285524041e-01,2.18984581769051501e-01,2.95055042985345592e-03
2620,7.56250000000000089e-01,4.06250000000000000e-01,-1.50135785703585545e-01,-1.55011570436341978e-01,2.15799307501145565e-01,-4.51759222579376472e-03
2621,7.68750000000000044e-01,4.06250000000000000e-01,-1.41451735116547822e-01,-1.58030202808451536e-01,2.12089929905128538e-01,3.92232786582233806e-03
2622,7.81250000000000000e-01,4.06250000000000000e-01,-1.32019611493257000e-01,-1.59546832695078272e-01,2.07085416294489011e-01,-2.88307505915110255e-03
2623,7.93750000000000067e-01,4.06250000000000000e-01,-1.22424989609849572e-01,-1.59980365113719269e-01,2.01448741130071857e-01,4.45605531654647436e-03
2624,8.06250000000000022e-01,4.06250000000000000e-01,-1.12211206224942003e-01,-1.58795681329821886e-01,1.94441310455002875e-01,-1.65929175391142463e-03
2625,8.18750000000000089e-01,4.06250000000000000e-01,-1.02037924441909275e-01,-1.56393837121228008e-01,1.86737169074381065e-01,4.46905387729249273e-03
2626,8.31250000000000044e-01,4.06250000000000000e-01,-9.14256974838532493e-02,-1.52333928832360244e-01,1.77663400940969413e-01,-9.18652177234507831e-04
2627,8.43750000000000000e-01,4.06250000000000000e-01,-8.11023948972653397e-02,-1.47003328749187201e-01,1.67891563580227526e-01,3.91638307435608797e-03
2628,8.56250000000000067e-01,4.06250000000000000e-01,-7.05646257472508920e-02,-1.40076730903676200e-01,1.56846603238675525e-01,-6.92548906620805201e-04
2629,8.68750000000000022e-01,4.06250000000000000e-01,-6.05966216633272853e-02,-1.31928916933043289e-01,1.45179852872684312e-01,2.79997416931455304e-03
2630,8.81250000000000089e-01,4.06250000000000000e-01,-5.06672052491056527e-02,-1.22367069512246865e-01,1.32441932139221147e-01,-9.65231306712006909e-04
2631,8.93750000000000044e-01,4.06250000000000000e-01,-4.15990419820687560e-02,-1.11748410358699549e-01,1.19240041561223170e-01,1.17100288169951893e-03
2632,9.06250000000000000e-01,4.06250000000000000e-01,-3.28275483513816857e-02,-1.00021168423544513e-01,1.05270518491994522e-01,-1.67554030854029628e-03
2633,9.18750000000000067e-01,4.06250000000000000e-01,-2.51912137565660950e-02,-8.75116864843857173e-02,9.10653200832810122e-02,-8.76403892388397760e-04
2634,9.31250000000000022e-01,4.06250000000000000e-01,-1.80869740847265786e-02,-7.43069211102106303e-02,7.64765137569740211e-02,-2.72750299266759063e-03
2635,9.43750000000000089e-01,4.06250000000000000e-01,-1.23448338816239418e-02,-6.06806369518014116e-02,6.19236192776328118e-02,-3.21995960909495123e-03
2636,9.56250000000000044e-01,4.06250000000000000e-01,-7.32204047283244262e-03,-4.68456378183427641e-02,4.74144077184682558e-02,-4.00839571949849083e-03
2637,9.68750000000000000e-01,4.06250000000000000e-01,-3.81786298968106626e-03,-3.29961909644366433e-02,3.32163317657074644e-02,-5.72987594952233895e-03
2638,9.81250000000000067e-01,4.06250000000000000e-01,-1.15558394325576013e-03,-1.94505038419186850e-02,1.94848011012276959e-02,-5.41062855510168576e-03
2639,9.93750000000000022e-01,4.06250000000000000e-01,-8.64929952630143754e-05,-6.29276962700595511e-03,6.29336401432478969e-03,-8.29099285961731533e-03
2640,6.25000000000000035e-03,4.18750000000000011e-01,-1.13081140751740623e-04,8.48294998897975751e-03,8.48370366408005699e-03,-3.46756338699508691e-03
2641,1.87500000000000028e-02,4.18750000000000011e-01,-8.05507318286300322e-04,2.44463925128882813e-02,2.44596596242468781e-02,-4.94733872771099554e-03
2642,3.12500000000000000e-02,4.18750000000000011e-01,-2.71971926712992690e-03,3.91401827597098184e-02,3.92345610317674301e-02,-5.42792757613927077e-03
2643,4.37500000000000042e-02,4.18750000000000011e-01,-4.93276756875971490e-03,5.24798113179889628e-02,5.27111258830536694e-02,-5.41361126805763038e-03
2644,5.62500000000000014e-02,4.18750000000000011e-01,-8.18749666823868037e-03,6.46427258669102084e-02,6.51591674992623021e-02,-7.10916101197473903e-03
2645,6.87500000000000056e-02,4.18750000000000011e-01,-1.15985535986115659e-02,7.54958436242445380e-02,7.63816002065697136e-02,-5.66966640175358121e-03
2646,8.12500000000000028e-02,4.18750000000000011e-01,-1.58901617340645972e-02,8.53053325587534994e-02,8.67726742868644152e-02,-8.56897492467688024e-03
2647,9.37500000000000000e-02,4.18750000000000011e-01,-2.02210676067639643e-02,9.38804527982780995e-02,9.60334889128112434e-02,-5.78440642794283196e-03
2648,1.06250000000000011e-01,4.18750000000000011e-01,-2.52907291036060730e-02,1.01562983469942719e-01,1.04664514473186407e-01,-9.86604653946261678e-03
2649,1.18750000000000008e-01,4.18750000000000011e-01,-3.03073452951834396e-02,1.08100296974593307e-01,1.12268470127800113e-01,-5.82278473874982185e-03
2650,1.31250000000000006e-01,4.18750000000000011e-01,-3.59395440246066747e-02,1.13898148074924960e-01,1.19433826697440182e-01,-1.10521935742694949e-02
2651,1.43750000000000017e-01,4.18750000000000011e-01,-4.14490168283181970e-02,1.18641004028783179e-01,1.25673023489498131e-01,-5.83981723551434476e-03
2652,1.56250000000000000e-01,4.18750000000000011e-01,-4.74679789304827959e-02,1.22788281931680260e-01,1.31644108122918102e-01,-1.21688717241802066e-02
2653,1.68750000000000011e-01,4.18750000000000011e-01,-5.33143241169374490e-02,1.25963229089819884e-01,1.36781403117457095e-01,-5.87814096150192627e-03
2654,1.81250000000000022e-01,4.18750000000000011e-01,-5.95790681801920963e-02,1.28669952981186053e-01,1.41794295249846380e-01,-1.32462597523600057e-02
2655,1.93750000000000006e-01,4.18750000000000011e-01,-6.56377587863916645e-02,1.30474317434720044e-01,1.46054314857715278e-01,-5.96764829833567635e-03
2656,2.06250000000000017e-01,4.18750000000000011e-01,-7.20364245794430230e-02,1.31917453428530340e-01,1.50304560760005729e-01,-1.43036998331197759e-02
2657,2.18750000000000000e-01,4.18750000000000011e-01,-7.82085939099844418e-02,1.32513236446115873e-01,1.53871186369641894e-01,-6.12619338431844972e-03
2658,2.31250000000000011e-01,4.18750000000000011e-01,-8.46526058761635364e-02,1.32833366594754920e-01,1.57514338910848456e-01,-1.53507028448362799e-02
2659,2.43750000000000022e-01,4.18750000000000011e-01,-9.08593401374712117e-02,1.32346098394306971e-01,1.60533203576120886e-01,-6.36074367092391221e-03
2660,2.56250000000000033e-01,4.18750000000000011e-01,-9.72778070590014365e-02,1.31648330266140368e-01,1.63689506713384281e-01,-1.63880658796880137e-02
2661,2.68749999999999989e-01,4.18750000000000011e-01,-1.03454836597700911e-01,1.30169502684152227e-01,1.66273878419000348e-01,-6.66862543930243998e-03
2662,2.81250000000000000e-01,4.18750000000000011e-01,-1.09789425159087364e-01,1.28527283322843661e-01,1.69035441358057731e-01,-1.74088860335425560e-02
2663,2.93750000000000011e-01,4.18750000000000011e-01,-1.15882368414469250e-01,1.26119102732546506e-01,1.71273907479830095e-01,-7.03870087106716388e-03
2664,3.06250000000000022e-01,4.18750000000000011e-01,-1.22082748843685113e-01,1.23579775854533988e-01,1.73712862406579321e-01,-1.83994090043790512e-02
2665,3.18750000000000033e-01,4.18750000000000011e-01,-1.28042944196574721e-01,1.20281194115277545e-01,1.75677435137026716e-01,-7.45243599733504819e-03
2666,3.31250000000000044e-01,4.18750000000000011e-01,-1.34062808557165875e-01,1.16872390032897594e-01,1.77853850647763739e-01,-1.93397445137840802e-02
2667,3.43750000000000000e-01,4.18750000000000011e-01,-1.39843696233330123e-01,1.12705640360441714e-01,1.79607407267231428e-01,-7.88489261502521577e-03
2668,3.56250000000000011e-01,4.18750000000000011e-01,-1.45637298100052048e-01,1.08441867552853663e-01,1.81576048079679475e-01,-2.02045318445718894e-02
2669,3.68750000000000022e-01,4.18750000000000011e-01,-1.51191285343232562e-01,1.03419008515082539e-01,1.83178317728877188e-01,-8.30571826242422484e-03
2670,3.81250000000000033e-01,4.18750000000000011e-01,-1.56710438134144925e-01,9.83080817270391150e-02,1.84993622465872781e-01,-2.09636623581103756e-02
2671,3.93750000000000044e-01,4.18750000000000011e-01,-1.61986187689999200e-01,9.24372985163412764e-02,1.86505171937238340e-01,-8.68022753709045587e-03
2672,4.06250000000000000e-01,4.18750000000000011e-01,-1.67177678423663767e-01,8.64864589212011592e-02,1.88224025405511253e-01,-2.15831719913984060e-02
2673,4.18750000000000011e-01,4.18750000000000011e-01,-1.72117792780738244e-01,7.97780609880485297e-02,1.89707863850516051e-01,-8.97067245612956539e-03
2674,4.31250000000000022e-01,4.18750000000000011e-01,-1.76921208945013897e-01,7.29998000270628833e-02,1.91389876896758654e-01,-2.20264120644028845e-02
2675,4.43750000000000033e-01,4.18750000000000011e-01,-1.81460331600019231e-01,6.54719749448147981e-02,1.92910423377181450e-01,-9.13779235813214595e-03
2676,4.56250000000000044e-01,4.18750000000000011e-01,-1.85806353870666741e-01,5.78896572498986198e-02,1.94615553220245402e-01,-2.22555949843994162e-02
2677,4.68750000000000000e-01,4.18750000000000011e-01,-1.89869766878127372e-01,4.95740903778929820e-02,1.96234856259406509e-01,-9.14271292420876930e-03
2678,4.81250000000000011e-01,4.18750000000000011e-01,-1.93679045381195236e-01,4.12274841446669468e-02,1.98018378108371140e-01,-2.22337943248355277e-02
2679,4.93750000000000022e-01,4.18750000000000011e-01,-1.97181900873461435e-01,3.21749412436899626e-02,1.99789711637277434e-01,-8.94921496521408101e-03
2680,5.06249999999999978e-01,4.18750000000000011e-01,-2.00364700504713861e-01,2.31257125485585420e-02,2.01694848197028181e-01,-2.19274546798589355e-02
2681,5.18750000000000044e-01,4.18750000000000011e-01,-2.03212041899332785e-01,1.34116232739190430e-02,2.03654132321781561e-01,-8.52625789618522388e-03
2682,5.31250000000000000e-01,4.18750000000000011e-01,-2.05668832784064226e-01,3.74867717284591007e-03,2.05702993073279300e-01,-2.13094069683541325e-02
2683,5.43750000000000067e-01,4.18750000000000011e-01,-2.07756219457317065e-01,-6.52157222778753862e-03,2.07858551971091959e-01,-7.85016774612682516e-03
2684,5.56250000000000022e-01,4.18750000000000011e-01,-2.09378489343997304e-01,-1.66766389662392212e-02,2.10041572283166555e-01,-2.03433131404271890e-02
2685,5.68749999999999978e-01,4.18750000000000011e-01,-2.10598708610349294e-01,-2.73675617371018157e-02,2.12369488165745912e-01,-6.89065720103523242e-03
2686,5.81250000000000044e-01,4.18750000000000011e-01,-2.11276830411268518e-01,-3.78685767897070785e-02,2.14643723823245897e-01,-1.90244588804408046e-02
2687,5.93750000000000000e-01,4.18750000000000011e-01,-2.11516547192551280e-01,-4.88129702423402145e-02,2.17075921741998745e-01,-5.65670779676147838e-03
2688,6.06250000000000067e-01,4.18750000000000011e-01,-2.11133570790021846e-01,-5.94665860885312744e-02,2.19348260935822936e-01,-1.73604547150101526e-02
2689,6.18750000000000022e-01,4.18750000000000011e-01,-2.10275672016781850e-01,-7.04421708406876429e-02,2.21761037323642218e-01,-4.16914384004470322e-03
2690,6.31250000000000089e-01,4.18750000000000011e-01,-2.08714451321064670e-01,-8.09992324546569969e-02,2.23880767035707279e-01,-1.53799625785656594e-02
2691,6.43750000000000044e-01,4.18750000000000011e-01,-2.06646136591589785e-01,-9.17267206261942886e-02,2.26089400558862730e-01,-2.47165331740787503e-03
2692,6.56250000000000000e-01,4.18750000000000011e-01,-2.03798679849874764e-01,-1.01880864700943943e-01,2.27845589162405771e-01,-1.31354564017878202e-02
2693,6.68750000000000067e-01,4.18750000000000011e-01,-2.00422015893505834e-01,-1.12023689411419020e-01,2.29604641599778586e-01,-6.32519132777472942e-04
2694,6.81250000000000022e-01,4.18750000000000011e-01,-1.96201504235281154e-01,-1.21412872212216472e-01,2.30729529542724660e-01,-1.07044733367737815e-02
2695,6.93750000000000089e-01,4.18750000000000011e-01,-1.91446822813297196e-01,-1.30580908493001108e-01,2.31739637585294284e-01,1.25553916721093885e-03
2696,7.06250000000000044e-01,4.18750000000000011e-01,-1.85802598899524968e-01,-1.38794020436078080e-01,2.31918920889668284e-01,-8.18860554356593863e-03
2697,7.18750000000000000e-01,4.18750000000000011e-01,-1.79644833750191413e-01,-1.46553595237535250e-01,2.31840942394093169e-01,3.07822368690636224e-03
2698,7.31250000000000067e-01,4.18750000000000011e-01,-1.72580164162643296e-01,-1.53144600127627456e-01,2.30731839178419024e-01,-5.70943730182878108e-03
2699,7.43750000000000022e-01,4.18750000000000011e-01,-1.65057555590910787e-01,-1.59037321625645073e-01,2.29209219551713222e-01,4.70592057656775333e-03
2700,7.56250000000000089e-01,4.18750000000000011e-01,-1.56649134570050863e-01,-1.63549430369257787e-01,2.26467144494857359e-01,-3.40083271195504560e-03
2701,7.68750000000000044e-01,4.18750000000000011e-01,-1.47882721454199118e-01,-1.67122177954433959e-01,2.23157168087726288e-01,6.00372952118962983e-03
2702,7.81250000000000000e-01,4.18750000000000011e-01,-1.38299704669872847e-01,-1.69124010336895864e-01,2.18471369255123476e-01,-1.39746727987061985e-03
2703,7.93750000000000067e-01,4.18750000000000011e-01,-1.28510696591941503e-01,-1.69971397664847673e-01,2.13085135949666438e-01,6.84496621783341804e-03
2704,8.06250000000000022e-01,4.18750000000000011e-01,-1.18029621267311008e-01,-1.69105460494565291e-01,2.06222327272252121e-01,1.79681524164906063e-04
2705,8.18750000000000089e-01,4.18750000000000011e-01,-1.07550290746257923e-01,-1.66923762256311670e-01,1.98571416486377189e-01,7.12686608112227810e-03
2706,8.31250000000000044e-01,4.18750000000000011e-01,-9.65608818268570007e-02,-1.62964472296421581e-01,1.89423924386629139e-01,1.23907062552087565e-03
2707,8.43750000000000000e-01,4.18750000000000011e-01,-8.58335338209947757e-02,-1.57612116035974498e-01,1.79468589590316169e-01,6.78606309718468581e-03
2708,8.56250000000000067e-01,4.18750000000000011e-01,-7.48297952400755473e-02,-1.50525996999109929e-01,1.68099893004866857e-01,1.73260742188432559e-03
2709,8.68750000000000022e-01,4.18750000000000011e-01,-6.43885194177314241e-02,-1.42080630656114454e-01,1.55989701712795081e-01,5.81044198714496165e-03
2710,8.81250000000000089e-01,4.18750000000000011e-01,-5.39406653710939182e-02,-1.32076131080470643e-01,1.42666393316232654e-01,1.66429237812186818e-03
2711,8.93750000000000044e-01,4.18750000000000011e-01,-4.43729989111678255e-02,-1.20873579812314710e-01,1.28760961976114946e-01,4.24370467996651977e-03
2712,9.06250000000000000e-01,4.18750000000000011e-01,-3.50796168855573298e-02,-1.08424535394018182e-01,1.13958147564121898e-01,1.09012894352179075e-03
2713,9.18750000000000067e-01,4.18750000000000011e-01,-2.69705130244774702e-02,-9.50636740535208830e-02,9.88155387444584477e-02,2.17997368240996792e-03
2714,9.31250000000000022e-01,4.18750000000000011e-01,-1.93968142162536140e-02,-8.08921981268075629e-02,8.31852397936469756e-02,1.07613587488053540e-04
2715,9.43750000000000089e-01,4.18750000000000011e-01,-1.32644634764266470e-02,-6.61952189823445808e-02,6.75111324704156385e-02,-2.51911427017467889e-04
2716,9.56250000000000044e-01,4.18750000000000011e-01,-7.87952051429779803e-03,-5.12092703373829283e-02,5.18119311744158692e-02,-1.16406736346402252e-03
2717,9.68750000000000000e-01,4.18750000000000011e-01,-4.11847074767106389e-03,-3.61400256428021510e-02,3.63739364760238618e-02,-2.91172269939768457e-03
2718,9.81250000000000067e-01,4.18750000000000011e-01,-1.24803131524855939e-03,-2.13375054525710220e-02,2.13739729835690402e-02,-2.60910377884887102e-03
2719,9.93750000000000022e-01,4.18750000000000011e-01,-9.56467690681041483e-05,-6.90317672218099601e-03,6.90383930592932717e-03,-5.67383267596007802e-03
2720,6.25000000000000035e-03,4.31250000000000022e-01,-1.14956756601538408e-04,8.95211428683087215e-03,8.95285235332124452e-03,-4.55212420443618700e-03
2721,1.87500000000000028e-02,4.31250000000000022e-01,-8.02395820351255911e-04,2.57632538598104137e-02,2.57757461288233777e-02,-6.03308957292136502e-03
2722,3.12500000000000000e-02,4.31250000000000022e-01,-2.72206000781346396e-03,4.12209274467628881e-02,4.13107064846079258e-02,-6.52305857878095283e-03
2723,4.37500000000000042e-02,4.31250000000000022e-01,-4.93305711257514736e-03,5.52290157137265286e-02,5.54488884395618886e-02,-6.52533785341801419e-03
2724,5.62500000000000014e-02,4.31250000000000022e-01,-8.19682251217401098e-03,6.79950084570383889e-02,6.84872913347345375e-02,-8.23698436030321710e-03
2725,6.87500000000000056e-02,4.31250000000000022e-01,-1.16093432607877346e-02,7.93629854309022692e-02,8.02076075410082523e-02,-6.82727767669133283e-03
2726,8.12500000000000028e-02,4.31250000000000022e-01,-1.59134467687210984e-02,8.96373101402561379e-02,9.10389211120243153e-02,-9.75217312897764046e-03
2727,9.37500000000000000e-02,4.31250000000000022e-01,-2.02487675796779107e-02,9.85962154596142365e-02,1.00653992923552163e-01,-7.00705412815919547e-03
2728,1.06250000000000011e-01,4.31250000000000022e-01,-2.53334284854914195e-02,1.06627141711164303e-01,1.09595300758391190e-01,-1.11272002697217851e-02
2729,1.18750000000000008e-01,4.31250000000000022e-01,-3.03563162350765393e-02,1.13438989477485042e-01,1.17430448645302096e-01,-7.12842462678915916e-03
2730,1.31250000000000006e-01,4.31250000000000022e-01,-3.60047833370785650e-02,1.19489308093677943e-01,1.24795990207441601e-01,-1.24130049776070579e-02
2731,1.43750000000000017e-01,4.31250000000000022e-01,-4.15212696684717497e-02,1.24417611853851834e-01,1.31163096846245913e-01,-7.24477471577763751e-03
2732,1.56250000000000000e-01,4.31250000000000022e-01,-4.75567220611249342e-02,1.28739814590391771e-01,1.37242783686310932e-01,-1.36494382726526243e-02
2733,1.68750000000000011e-01,4.31250000000000022e-01,-5.34100881177901124e-02,1.32028894626755350e-01,1.42422844126611131e-01,-7.39679433887884159e-03
2734,1.81250000000000022e-01,4.31250000000000022e-01,-5.96910194361236560e-02,1.34848737427056248e-01,1.47469318120736048e-01,-1.48645074345590076e-02
2735,1.93750000000000006e-01,4.31250000000000022e-01,-6.57566407369758049e-02,1.36710890678762437e-01,1.51703010620067275e-01,-7.61227844510297368e-03
2736,2.06250000000000017e-01,4.31250000000000022e-01,-7.21713792763344353e-02,1.38218211957750775e-01,1.55926207237418041e-01,-1.60750236770189070e-02
2737,2.18750000000000000e-01,4.31250000000000022e-01,-7.83510523040038404e-02,1.38827486892189128e-01,1.59411287285266240e-01,-7.90699936360276731e-03
2738,2.31250000000000011e-01,4.31250000000000022e-01,-8.48119944027677652e-02,1.39172902517510910e-01,1.62979051383064899e-01,-1.72878128203833720e-02
2739,2.43750000000000022e-01,4.31250000000000022e-01,-9.10282470479600869e-02,1.38664040511708969e-01,1.65873017370690296e-01,-8.28598950101353156e-03
2740,2.56250000000000033e-01,4.31250000000000022e-01,-9.74662353333074494e-02,1.37960038959367981e-01,1.68916071999434092e-01,-1.85010010554989314e-02
2741,2.68749999999999989e-01,4.31250000000000022e-01,-1.03656960123771485e-01,1.36431123145502764e-01,1.71342396227099875e-01,-8.74486379307600793e-03
2742,2.81250000000000000e-01,4.31250000000000022e-01,-1.10016072272814014e-01,1.34756146118903186e-01,1.73961935707660553e-01,-1.97051398007175547e-02
2743,2.93750000000000011e-01,4.31250000000000022e-01,-1.16129661273336737e-01,1.32273627579745368e-01,1.76018211502574656e-01,-9.27101310101048799e-03
2744,3.06250000000000022e-01,4.31250000000000022e-01,-1.22362528677492172e-01,1.29677913962185032e-01,1.78294559069910930e-01,-2.08841012632058690e-02
2745,3.18750000000000033e-01,4.31250000000000022e-01,-1.28353562601122434e-01,1.26282922075338172e-01,1.80061138062287573e-01,-9.84463126933550481e-03
2746,3.31250000000000044e-01,4.31250000000000022e-01,-1.34417233265610225e-01,1.22795166794711197e-01,1.82062202521342725e-01,-2.20157798427804627e-02
2747,3.43750000000000000e-01,4.31250000000000022e-01,-1.40242697135610633e-01,1.18510302549401786e-01,1.83610200997170514e-01,-1.04396187797222914e-02
2748,3.56250000000000011e-01,4.31250000000000022e-01,-1.46094998659371478e-01,1.14144483709246278e-01,1.85398791243449435e-01,-2.30726926435890906e-02
2749,3.68750000000000022e-01,4.31250000000000022e-01,-1.51710961349524553e-01,1.08980591599826773e-01,1.86796641134269775e-01,-1.10244506474062708e-02
2750,3.81250000000000033e-01,4.31250000000000022e-01,-1.57307302956524231e-01,1.03742603395826180e-01,1.88435971414163350e-01,-2.40226001856940381e-02
2751,3.93750000000000044e-01,4.31250000000000022e-01,-1.62666000000997263e-01,9.77052793171036549e-02,1.89753917384484272e-01,-1.15631173455168577e-02
2752,4.06250000000000000e-01,4.31250000000000022e-01,-1.67956567993512912e-01,9.15992420487448666e-02,1.91310820070544035e-01,-2.48292770860967967e-02
2753,4.18750000000000011e-01,4.31250000000000022e-01,-1.73003856149601676e-01,8.46950357400926834e-02,1.92622904457511623e-01,-1.20162532356734523e-02
2754,4.31250000000000022e-01,4.31250000000000022e-01,-1.77931195400498038e-01,7.77293189401780937e-02,1.94168373633694907e-01,-2.54535593863125832e-02
2755,4.43750000000000033e-01,4.31250000000000022e-01,-1.82604394719848517e-01,6.99717177978142479e-02,1.95551543748903184e-01,-1.23425616039402625e-02
2756,4.56250000000000044e-01,4.31250000000000022e-01,-1.87101422494673847e-01,6.21648013801880533e-02,1.97158324273079250e-01,-2.58547842754019465e-02
2757,4.68750000000000000e-01,4.31250000000000022e-01,-1.91327620091497064e-01,5.35801367170462214e-02,1.98688422562799533e-01,-1.25006292508610620e-02
2758,4.81250000000000011e-01,4.31250000000000022e-01,-1.95316181572000119e-01,4.49664485802853744e-02,2.00425528019237048e-01,-2.59927202359466758e-02
2759,4.93750000000000022e-01,4.31250000000000022e-01,-1.99011132259908435e-01,3.55998510464852203e-02,2.02170176232555870e-01,-1.24511918484886321e-02
2760,5.06249999999999978e-01,4.31250000000000022e-01,-2.02401268400609485e-01,2.62356524728761878e-02,2.04094544049695487e-01,-2.58300601834873973e-02
2761,5.18750000000000044e-01,4.31250000000000022e-01,-2.05469066724699306e-01,1.61570934495401872e-02,2.06103345556194473e-01,-1.21598526642532050e-02
2762,5.31250000000000000e-01,4.31250000000000022e-01,-2.08159187107063604e-01,6.12626235067775197e-03,2.08249317567820225e-01,-2.53355150283915490e-02
2763,5.43750000000000067e-01,4.31250000000000022e-01,-2.10492852354255133e-01,-4.56354506510619172e-03,2.10542316021724019e-01,-1.16001708563268600e-02
2764,5.56250000000000022e-01,4.31250000000000022e-01,-2.12371017685020091e-01,-1.51414610512017583e-02,2.12910105432635999e-01,-2.44719267195873322e-02
2765,5.68749999999999978e-01,4.31250000000000022e-01,-2.13857672030793672e-01,-2.63082962711427421e-02,2.15469789852593324e-01,-1.07363451248446620e-02
2766,5.81250000000000044e-01,4.31250000000000022e-01,-2.14808229632983655e-01,-3.72903423794605643e-02,2.18020974112203308e-01,-2.32250252511498508e-02
2767,5.93750000000000000e-01,4.31250000000000022e-01,-2.15328679517914151e-01,-4.87712234006723241e-02,2.20782862683965742e-01,-9.57110657880324601e-03
2768,6.06250000000000067e-01,4.31250000000000022e-01,-2.15227232771730004e-01,-5.99667413607701191e-02,2.23425092136057879e-01,-2.15989961788984747e-02
2769,6.18750000000000022e-01,4.31250000000000022e-01,-2.14655252284921771e-01,-7.15403568519206584e-02,2.26262900167048087e-01,-8.12200672484994675e-03
2770,6.31250000000000089e-01,4.31250000000000022e-01,-2.13373778225647293e-01,-8.26988636530543303e-02,2.28839400636765750e-01,-1.96198026420025887e-02
2771,6.43750000000000044e-01,4.31250000000000022e-01,-2.11583950247829972e-01,-9.40822124693504735e-02,2.31558266329673912e-01,-6.43039730687246409e-03
2772,6.56250000000000000e-01,4.31250000000000022e-01,-2.09000078248051641e-01,-1.04890711565168659e-01,2.33844166231144429e-01,-1.73388707566578502e-02
2773,6.68750000000000067e-01,4.31250000000000022e-01,-2.05878413161358770e-01,-1.15737418814004261e-01,2.36180166651578455e-01,-4.56415427527439698e-03
2774,6.81250000000000022e-01,4.31250000000000022e-01,-2.01887633111113102e-01,-1.25820431725518933e-01,2.37885261087784461e-01,-1.48351107394031848e-02
2775,6.93750000000000089e-01,4.31250000000000022e-01,-1.97345350720337182e-01,-1.35722868282328046e-01,2.39511762604083911e-01,-2.61827457908368104e-03
2776,7.06250000000000044e-01,4.31250000000000022e-01,-1.91876645163089388e-01,-1.44647443028619122e-01,2.40290511118853217e-01,-1.22145971878082245e-02
2777,7.18750000000000000e-01,4.31250000000000022e-01,-1.85867466905336731e-01,-1.53145179706378753e-01,2.40832226500328428e-01,-7.12622878338712413e-04
2778,7.31250000000000067e-01,4.31250000000000022e-01,-1.78902402402256328e-01,-1.60433658617708169e-01,2.40301952557115478e-01,-9.60697710942478786e-03
2779,7.43750000000000022e-01,4.31250000000000022e-01,-1.71443001524131139e-01,-1.67031214989234900e-01,2.39357743873857665e-01,1.01402927858627043e-03
2780,7.56250000000000089e-01,4.31250000000000022e-01,-1.63037438938665541e-01,-1.72184796932574075e-01,2.37126149528876007e-01,-7.15780589662504910e-03
2781,7.68750000000000044e-01,4.31250000000000022e-01,-1.54229615149729937e-01,-1.76381645682658239e-01,2.34301641315114551e-01,2.41425470855452648e-03
2782,7.81250000000000000e-01,4.31250000000000022e-01,-1.44535906717795509e-01,-1.78917402642840423e-01,2.30004489737038770e-01,-5.01648039827201197e-03
2783,7.93750000000000067e-01,4.31250000000000022e-01,-1.34587557080958486e-01,-1.80252316177826416e-01,2.24954902165948267e-01,3.34642655881931591e-03
2784,8.06250000000000022e-01,4.31250000000000022e-01,-1.23873432674579606e-01,-1.79754792818212689e-01,2.18303487978781907e-01,-3.32031611280550259e-03
2785,8.18750000000000089e-01,4.31250000000000022e-01,-1.13113632835659617e-01,-1.77864291271878999e-01,2.10785198823181669e-01,3.69220883881482987e-03
2786,8.31250000000000044e-01,4.31250000000000022e-01,-1.01772243939676793e-01,-1.74049559282462130e-01,2.01620531501472772e-01,-2.17658140134657872e-03
2787,8.43750000000000000e-01,4.31250000000000022e-01,-9.06542324869878402e-02,-1.68735969789354845e-01,1.91546384378716239e-01,3.37453122168187994e-03
2788,8.56250000000000067e-01,4.31250000000000022e-01,-7.91987473206162140e-02,-1.61520793716433381e-01,1.79892769115218842e-01,-1.64572026113561491e-03
2789,8.68750000000000022e-01,4.31250000000000022e-01,-6.82842907012985029e-02,-1.52819433798958682e-01,1.67381372031698200e-01,2.37219782896960643e-03
2790,8.81250000000000089e-01,4.31250000000000022e-01,-5.73212036999470598e-02,-1.42381820169574791e-01,1.53487143137176013e-01,-1.73004560424325519e-03
2791,8.93750000000000044e-01,4.31250000000000022e-01,-4.72420248557123348e-02,-1.30610671082282304e-01,1.38891887138996972e-01,7.26704003636621711e-04
2792,9.06250000000000000e-01,4.31250000000000022e-01,-3.74212344843830105e-02,-1.17423073028164099e-01,1.23241741588281425e-01,-2.37214253435517799e-03
2793,9.18750000000000067e-01,4.31250000000000022e-01,-2.88188842864865735e-02,-1.03195519096927868e-01,1.07144030413282049e-01,-1.46230934708811906e-03
2794,9.31250000000000022e-01,4.31250000000000022e-01,-2.07659283300986215e-02,-8.80125847473929024e-02,9.04291924841077455e-02,-3.46550316701232800e-03
2795,9.43750000000000089e-01,4.31250000000000022e-01,-1.42199582252260457e-02,-7.21987704263075403e-02,7.35857979707894155e-02,-4.05394980705292476e-03
2796,9.56250000000000044e-01,4.31250000000000022e-01,-8.46453942753572566e-03,-5.59914473040976218e-02,5.66276487144561566e-02,-4.87663419964084761e-03
2797,9.68750000000000000e-01,4.31250000000000022e-01,-4.42660827163225950e-03,-3.96283180569894991e-02,3.98747846742324510e-02,-6.89262969934443474e-03
2798,9.81250000000000067e-01,4.31250000000000022e-01,-1.34698167807403477e-03,-2.34733743233060156e-02,2.35119897448750476e-02,-6.47423109547471450e-03
2799,9.93750000000000022e-01,4.31250000000000022e-01,-1.00225207937036428e-04,-7.63678864602969961e-03,7.63744629548608698e-03,-9.83846634963631873e-03
2800,6.25000000000000035e-03,4.43750000000000033e-01,-1.23452247789025379e-04,9.40059772382823185e-03,9.40140829996914326e-03,-5.82533228282671508e-03
2801,1.87500000000000028e-02,4.43750000000000033e-01,-7.94600853081972483e-04,2.70535182455320204e-02,2.70651850164940200e-02,-7.16708699211844776e-03
2802,3.12500000000000000e-02,4.43750000000000033e-01,-2.73022820796062259e-03,4.32713461610071612e-02,4.33573931948549388e-02,-7.85575780870507653e-03
2803,4.37500000000000042e-02,4.43750000000000033e-01,-4.92505303201162120e-03,5.79544245320547866e-02,5.81633172215079222e-02,-7.56754949970966494e-03
2804,5.62500000000000014e-02,4.43750000000000033e-01,-8.20460173863636968e-03,7.13196754901211788e-02,7.17900522475490854e-02,-9.60964648073089900e-03
2805,6.87500000000000056e-02,4.43750000000000033e-01,-1.16025842725619426e-02,8.32121595600423536e-02,8.40171617019276062e-02,-7.76436188259459377e-03
2806,8.12500000000000028e-02,4.43750000000000033e-01,-1.59224031875347775e-02,9.39455790477112390e-02,9.52853333198566271e-02,-1.11454433838657514e-02
2807,9.37500000000000000e-02,4.43750000000000033e-01,-2.02450308360260650e-02,1.03299970001141161e-01,1.05265118039112607e-01,-7.83001851831945095e-03
2808,1.06250000000000011e-01,4.43750000000000033e-01,-2.53444535167397580e-02,1.11671511376793209e-01,1.14511430771078213e-01,-1.25231791958091351e-02
2809,1.18750000000000008e-01,4.43750000000000033e-01,-3.03558783154608963e-02,1.18771034231103259e-01,1.22588898031709914e-01,-7.83312178671594951e-03
2810,1.31250000000000006e-01,4.43750000000000033e-01,-3.60169112986364753e-02,1.25064235669078844e-01,1.30147151113594262e-01,-1.37962098027034231e-02
2811,1.43750000000000017e-01,4.43750000000000033e-01,-4.15223235754915154e-02,1.30192175785835473e-01,1.36653232639984412e-01,-7.83192326813018577e-03
2812,1.56250000000000000e-01,4.43750000000000033e-01,-4.75671103418638316e-02,1.34678386570637687e-01,1.42831711449331766e-01,-1.50074792469683319e-02
2813,1.68750000000000011e-01,4.43750000000000033e-01,-5.34091957652468516e-02,1.38096614532653872e-01,1.48064908528897726e-01,-7.87163575384364385e-03
2814,1.81250000000000022e-01,4.43750000000000033e-01,-5.96957915741939057e-02,1.41017940127635355e-01,1.53132775621389911e-01,-1.61884993323542122e-02
2815,1.93750000000000006e-01,4.43750000000000033e-01,-6.57498847265858000e-02,1.42953625569862242e-01,1.57349249776183225e-01,-7.98397670049537725e-03
2816,2.06250000000000017e-01,4.43750000000000033e-01,-7.21669927808138989e-02,1.44513443274478071e-01,1.61530833385059441e-01,-1.73597496234077324e-02
2817,2.18750000000000000e-01,4.43750000000000033e-01,-7.83355641468513331e-02,1.45152666145632103e-01,1.64941677872485565e-01,-8.18787544587317416e-03
2818,2.31250000000000011e-01,4.43750000000000033e-01,-8.47968419278827407e-02,1.45512277823098474e-01,1.68417123233384231e-01,-1.85316571527348352e-02
2819,2.43750000000000022e-01,4.43750000000000033e-01,-9.10038538876820208e-02,1.44999027140782055e-01,1.71191177617842888e-01,-8.49066251539062553e-03
2820,2.56250000000000033e-01,4.43750000000000033e-01,-9.74422610028067571e-02,1.44278891480033589e-01,1.74101673616442937e-01,-1.97056689521061187e-02
2821,2.68749999999999989e-01,4.43750000000000033e-01,-1.03627765973117736e-01,1.42717908595701409e-01,1.76372093355242121e-01,-8.88934931898458826e-03
2822,2.81250000000000000e-01,4.43750000000000033e-01,-1.09990254587523553e-01,1.41001956682482776e-01,1.78827872247356884e-01,-2.08751832072320981e-02
2823,2.93750000000000011e-01,4.43750000000000033e-01,-1.16105441640123555e-01,1.38464018141452372e-01,1.80700741277739607e-01,-9.37181052289630390e-03
2824,3.06250000000000022e-01,4.43750000000000033e-01,-1.22348135263087687e-01,1.35805764849447536e-01,1.82790240354068795e-01,-2.20262725747341036e-02
2825,3.18750000000000033e-01,4.43750000000000033e-01,-1.28350896505894096e-01,1.32334257572420427e-01,1.84353758738764140e-01,-9.91781699542462931e-03
2826,3.31250000000000044e-01,4.43750000000000033e-01,-1.34434788230919311e-01,1.28763718060695032e-01,1.86152645362633207e-01,-2.31382364541225689e-02
2827,3.43750000000000000e-01,4.43750000000000033e-01,-1.40285787904610521e-01,1.24381675250988061e-01,1.87485741927912009e-01,-1.04999523388719894e-02
2828,3.56250000000000011e-01,4.43750000000000033e-01,-1.46172922190797472e-01,1.19912420476612644e-01,1.89064834822229411e-01,-2.41840768806105173e-02
2829,3.68750000000000022e-01,4.43750000000000033e-01,-1.51832109578677321e-01,1.14629504585034001e-01,1.90244350298561599e-01,-1.10844958040518526e-02
2830,3.81250000000000033e-01,4.43750000000000033e-01,-1.57482187746179614e-01,1.09265492772490286e-01,1.91675734948735993e-01,-2.51310207628875106e-02
2831,3.93750000000000044e-01,4.43750000000000033e-01,-1.62905691547734682e-01,1.03084690072990481e-01,1.92781528332177571e-01,-1.16323805687152219e-02
2832,4.06250000000000000e-01,4.43750000000000033e-01,-1.68273051008649199e-01,9.68267587663909496e-02,1.94142321272215979e-01,-2.59412209470414185e-02
2833,4.18750000000000011e-01,4.43750000000000033e-01,-1.73410417778289833e-01,8.97507628760943338e-02,1.95259756301399523e-01,-1.21003472290040996e-02
2834,4.31250000000000022e-01,4.43750000000000033e-01,-1.78441369235028152e-01,8.26028404556500007e-02,1.96633037676310185e-01,-2.65727675021356254e-02
2835,4.43750000000000033e-01,4.43750000000000033e-01,-1.83233153334258964e-01,7.46402383461757385e-02,1.97852353185879432e-01,-1.24424128738263914e-02
2836,4.56250000000000044e-01,4.43750000000000033e-01,-1.87863711345618772e-01,6.66154288457790206e-02,1.99324833878914892e-01,-2.69811320994602991e-02
2837,4.68750000000000000e-01,4.43750000000000033e-01,-1.92239482511414900e-01,5.77868619970136818e-02,2.00736992245371892e-01,-1.26117684870499201e-02
2838,4.81250000000000011e-01,4.43750000000000033e-01,-1.96393586818196103e-01,4.89135725697796772e-02,2.02393128650296406e-01,-2.71211517132108997e-02
2839,4.93750000000000022e-01,4.43750000000000033e-01,-2.00270489357236930e-01,3.92580316817014996e-02,2.04081998125529518e-01,-1.25632039583756135e-02
2840,5.06249999999999978e-01,4.43750000000000033e-01,-2.03858880288808192e-01,2.95862385629926117e-02,2.05994632417723283e-01,-2.69496297228417718e-02
2841,5.18750000000000044e-01,4.43750000000000033e-01,-2.07140958257359703e-01,1.91675518294675447e-02,2.08025891732045110e-01,-1.22561577637796005e-02
2842,5.31250000000000000e-01,4.43750000000000033e-01,-2.10060951398950757e-01,8.77505388408469922e-03,2.10244155384402859e-01,-2.64286030320328401e-02
2843,5.43750000000000067e-01,4.43750000000000033e-01,-2.12639645332178884e-01,-2.31170738470239893e-03,2.12652210799764124e-01,-1.16586083674378206e-02
2844,5.56250000000000022e-01,4.43750000000000033e-01,-2.14776372338993188e-01,-1.33092509397085591e-02,2.15188350696950997e-01,-2.55178060076290819e-02
2845,5.68749999999999978e-01,4.43750000000000033e-01,-2.16533070906968217e-01,-2.49322713413121927e-02,2.17963733108604424e-01,-1.07253247278584676e-02
2846,5.81250000000000044e-01,4.43750000000000033e-01,-2.17765378124554987e-01,-3.63950425963129667e-02,2.20785776342856482e-01,-2.41876458745864838e-02
2847,5.93750000000000000e-01,4.43750000000000033e-01,-2.18576498358983545e-01,-4.83958286873406793e-02,2.23870145104721724e-01,-9.45013368814528673e-03
2848,6.06250000000000067e-01,4.43750000000000033e-01,-2.18773258931406533e-01,-6.01375425273465436e-02,2.26888216628137518e-01,-2.24342275795940370e-02
2849,6.18750000000000022e-01,4.43750000000000033e-01,-2.18504130878900860e-01,-7.22974131344139848e-02,2.30154233411145354e-01,-7.84424198207622769e-03
2850,6.31250000000000089e-01,4.43750000000000033e-01,-2.17526745841328806e-01,-8.40681329175121256e-02,2.33206638260051557e-01,-2.02768953544170925e-02
2851,6.43750000000000044e-01,4.43750000000000033e-01,-2.16039779235088908e-01,-9.61021216148175844e-02,2.36450426074505393e-01,-5.94501905506510369e-03
2852,6.56250000000000000e-01,4.43750000000000033e-01,-2.13751386724430559e-01,-1.07584081727362432e-01,2.39298955216559334e-01,-1.77625377192577386e-02
2853,6.68750000000000067e-01,4.43750000000000033e-01,-2.10916541706802629e-01,-1.19137736996847834e-01,2.42238700339742374e-01,-3.81933054650720289e-03
2854,6.81250000000000022e-01,4.43750000000000033e-01,-2.07194243103107717e-01,-1.29943707295883754e-01,2.44570688024685429e-01,-1.49686327995324497e-02
2855,6.93750000000000089e-01,4.43750000000000033e-01,-2.02903004168563383e-01,-1.40593389647833189e-01,2.46852446439761841e-01,-1.56504472416135439e-03
2856,7.06250000000000044e-01,4.43750000000000033e-01,-1.97653980246757538e-01,-1.50269779625183814e-01,2.48290359410080458e-01,-1.20039901557184702e-02
2857,7.18750000000000000e-01,4.43750000000000033e-01,-1.91837442067324115e-01,-1.59529212466745590e-01,2.49501851314161582e-01,6.90358981320912733e-04
2858,7.31250000000000067e-01,4.43750000000000033e-01,-1.85019255976503288e-01,-1.67567052467622574e-01,2.49621397630062608e-01,-9.00604790578615234e-03
2859,7.43750000000000022e-01,4.43750000000000033e-01,-1.77670221779590215e-01,-1.74903532503127901e-01,2.49314968241542784e-01,2.79519145016885774e-03
2860,7.56250000000000089e-01,4.43750000000000033e-01,-1.69314713740327083e-01,-1.80760922989032541e-01,2.47673138569397266e-01,-6.13367166641642318e-03
2861,7.68750000000000044e-01,4.43750000000000033e-01,-1.60512581620218087e-01,-1.85624823359890695e-01,2.45399396710297146e-01,4.58383593511689068e-03
2862,7.81250000000000000e-01,4.43750000000000033e-01,-1.50751373481750689e-01,-1.88764300553677600e-01,2.41573876423245348e-01,-3.55482535946783891e-03
2863,7.93750000000000067e-01,4.43750000000000033e-01,-1.40686936368544568e-01,-1.90634844553891208e-01,2.36927115423400142e-01,5.89211654883056539e-03
2864,8.06250000000000022e-01,4.43750000000000033e-01,-1.29774666997762772e-01,-1.90577748426875249e-01,2.30567435666525905e-01,-1.42938921076769506e-03
2865,8.18750000000000089e-01,4.43750000000000033e-01,-1.18769877198437110e-01,-1.89025778346799928e-01,2.23242085210977576e-01,6.57677933421932717e-03
2866,8.31250000000000044e-01,4.43750000000000033e-01,-1.07099146000395523e-01,-1.85422372670173113e-01,2.14130061786407283e-01,1.11175594988659624e-04
2867,8.43750000000000000e-01,4.43750000000000033e-01,-9.56148784126434476e-02,-1.80186290198442067e-01,2.03983587941142408e-01,6.53648775700121573e-03
2868,8.56250000000000067e-01,4.43750000000000033e-01,-8.37152377103630163e-02,-1.72894579277824756e-01,1.92095748439570141e-01,9.83877447267046722e-04
2869,8.68750000000000022e-01,4.43750000000000033e-01,-7.23391895178723265e-02,-1.63958698383829538e-01,1.79207737321306071e-01,5.73004227210885658e-03
2870,8.81250000000000089e-01,4.43750000000000033e-01,-6.08527654499568943e-02,-1.53117181523640233e-01,1.64766290061562237e-01,1.16903416641083412e-03
2871,8.93750000000000044e-01,4.43750000000000033e-01,-5.02614606537297517e-02,-1.40773916659996223e-01,1.49477456624207999e-01,4.18652060029478523e-03
2872,9.06250000000000000e-01,4.43750000000000033e-01,-3.98915751896639012e-02,-1.26846607966562774e-01,1.32971424463060761e-01,7.14629341876421966e-04
2873,9.18750000000000067e-01,4.43750000000000033e-01,-3.07864566366293536e-02,-1.11719188843934628e-01,1.15883489195768463e-01,2.00263268868064318e-03
2874,9.31250000000000022e-01,4.43750000000000033e-01,-2.22237996864318200e-02,-9.54902066520929710e-02,9.80422196758216347e-02,-2.73447750310950265e-04
2875,9.43750000000000089e-01,4.43750000000000033e-01,-1.52512891246630103e-02,-7.84966556123255638e-02,7.99645344029720900e-02,-6.74648457048643529e-04
2876,9.56250000000000044e-01,4.43750000000000033e-01,-9.09286939860628335e-03,-6.10018556118347086e-02,6.16758191026859429e-02,-1.65518549597648578e-03
2877,9.68750000000000000e-01,4.43750000000000033e-01,-4.76831675071329175e-03,-4.32574706012859925e-02,4.35194853767396361e-02,-3.67773663564140152e-03
2878,9.81250000000000067e-01,4.43750000000000033e-01,-1.45214178564292951e-03,-2.56632743091099111e-02,2.57043257843933941e-02,-3.28960977352319404e-03
2879,9.93750000000000022e-01,4.43750000000000033e-01,-1.11341554300873081e-04,-8.35015298207465034e-03,8.35089526732100268e-03,-6.85392999067605674e-03
2880,6.25000000000000035e-03,4.56250000000000044e-01,-1.25012832374025610e-04,9.87022623814279819e-03,9.87101789079427791e-03,-6.95996673673763937e-03
2881,1.87500000000000028e-02,4.56250000000000044e-01,-7.86867586018451227e-04,2.83696560581524551e-02,2.83805663343033518e-02,-8.29882630729078183e-03
2882,3.12500000000000000e-02,4.56250000000000044e-01,-2.71937147301722169e-03,4.53516648952591306e-02,4.54331210680065378e-02,-8.99165611375879470e-03
2883,4.37500000000000042e-02,4.56250000000000044e-01,-4.90107372508658858e-03,6.07027897603133471e-02,6.09003219067316345e-02,-8.73012883561827616e-03
2884,5.62500000000000014e-02,4.56250000000000044e-01,-8.17552082651861953e-03,7.46730425163292660e-02,7.51192546517226722e-02,-1.07751071050053767e-02
2885,6.87500000000000056e-02,4.56250000000000044e-01,-1.15589068958947151e-02,8.70799736649354589e-02,8.78437826036300301e-02,-8.98230969067577087e-03
2886,8.12500000000000028e-02,4.56250000000000044e-01,-1.58728571796513084e-02,9.82804691797222879e-02,9.95539964905073627e-02,-1.23686231280863597e-02
2887,9.37500000000000000e-02,4.56250000000000044e-01,-2.01798579032576621e-02,1.08017244962876471e-01,1.09886085899743163e-01,-9.12600812077394262e-03
2888,1.06250000000000011e-01,4.56250000000000044e-01,-2.52724146966829370e-02,1.16738903620351275e-01,1.19443152014181125e-01,-1.38313261241149593e-02
2889,1.18750000000000008e-01,4.56250000000000044e-01,-3.02666210106434137e-02,1.24110225542675146e-01,1.27747471331747353e-01,-9.22757380795070394e-03
2890,1.31250000000000006e-01,4.56250000000000044e-01,-3.59189182726128500e-02,1.30656861405779201e-01,1.35504184888451451e-01,-1.52148576591389310e-02
2891,1.43750000000000017e-01,4.56250000000000044e-01,-4.14046788800813831e-02,1.35966395742242618e-01,1.42130954419854599e-01,-9.34269154717700528e-03
2892,1.56250000000000000e-01,4.56250000000000044e-01,-4.74379941116717524e-02,1.40627979432690758e-01,1.48413583895343953e-01,-1.65597459761307152e-02
2893,1.68750000000000011e-01,4.56250000000000044e-01,-5.32574193610265423e-02,1.44155975496916861e-01,1.53679204801638464e-01,-9.51385505304940156e-03
2894,1.81250000000000022e-01,4.56250000000000044e-01,-5.95294004667824700e-02,1.47190893897886477e-01,1.58773136160981071e-01,-1.78945854092073461e-02
2895,1.93750000000000006e-01,4.56250000000000044e-01,-6.55578635267667492e-02,1.49180315342055198e-01,1.62949685350261442e-01,-9.77009836415274231e-03
2896,2.06250000000000017e-01,4.56250000000000044e-01,-7.19575262694400891e-02,1.50805523281780485e-01,1.67093361445357247e-01,-1.92366758773979685e-02
2897,2.18750000000000000e-01,4.56250000000000044e-01,-7.80983251223859726e-02,1.51455393121437742e-01,1.70405646891442997e-01,-1.01278748238502816e-02
2898,2.31250000000000011e-01,4.56250000000000044e-01,-8.45404683237909044e-02,1.51842977405711815e-01,1.73791198200131530e-01,-2.05932320044950566e-02
2899,2.43750000000000022e-01,4.56250000000000044e-01,-9.07192280013226632e-02,1.51307360839314009e-01,1.76419658126055617e-01,-1.05923711515689585e-02
2900,2.56250000000000033e-01,4.56250000000000044e-01,-9.71387823506175835e-02,1.50585877650544930e-01,1.79198352627320590e-01,-2.19626382097818200e-02
2901,2.68749999999999989e-01,4.56250000000000044e-01,-1.03298012743202008e-01,1.48976873375023994e-01,1.81285929507208732e-01,-1.11588476793504799e-02
2902,2.81250000000000000e-01,4.56250000000000044e-01,-1.09644662322696013e-01,1.47235877498434642e-01,1.83576566038784167e-01,-2.33354942358455428e-02
2903,2.93750000000000011e-01,4.56250000000000044e-01,-1.15738710717483428e-01,1.44629132117120973e-01,1.85237779665750002e-01,-1.18138125523730639e-02
2904,3.06250000000000022e-01,4.56250000000000044e-01,-1.21971960459104745e-01,1.41925540804860806e-01,1.87136362770546599e-01,-2.46953776513733521e-02
2905,3.18750000000000033e-01,4.56250000000000044e-01,-1.27962452016627648e-01,1.38367078472257238e-01,1.88467072803329555e-01,-1.25359831715284153e-02
2906,3.31250000000000044e-01,4.56250000000000044e-01,-1.34047189115843179e-01,1.34732333177878222e-01,1.90056440336583726e-01,-2.60193642735671651e-02
2907,3.43750000000000000e-01,4.56250000000000044e-01,-1.39898950300852309e-01,1.30245832304806491e-01,1.91143122105013552e-01,-1.32970796149129069e-02
2908,3.56250000000000011e-01,4.56250000000000044e-01,-1.45801471565987328e-01,1.25693169776221997e-01,1.92501537758017871e-01,-2.72784127513000484e-02
2909,3.68750000000000022e-01,4.56250000000000044e-01,-1.51478881470519605e-01,1.20287158494483695e-01,1.93429191256740685e-01,-1.40625478623734711e-02
2910,3.81250000000000033e-01,4.56250000000000044e-01,-1.57163327225089994e-01,1.14818625289263496e-01,1.94637170493657280e-01,-2.84377518473959215e-02
2911,3.93750000000000044e-01,4.56250000000000044e-01,-1.62627031580326598e-01,1.08493362955886991e-01,1.95495169265397395e-01,-1.47923382176449909e-02
2912,4.06250000000000000e-01,4.56250000000000044e-01,-1.68052170524303685e-01,1.02106469634509672e-01,1.96639932768379211e-01,-2.94574208209384160e-02
2913,4.18750000000000011e-01,4.56250000000000044e-01,-1.73256112924925182e-01,9.48605071370641068e-02,1.97525179357355390e-01,-1.54418760624934724e-02
2914,4.31250000000000022e-01,4.56250000000000044e-01,-1.78372451878637178e-01,8.75546030008777787e-02,1.98702139132516775e-01,-3.02931131485121817e-02
2915,4.43750000000000033e-01,4.56250000000000044e-01,-1.83261218311363439e-01,7.93911598531237828e-02,1.99718878426125429e-01,-1.59633646593654623e-02
2916,4.56250000000000044e-01,4.56250000000000044e-01,-1.88008458958865199e-01,7.11737117810422315e-02,2.01029544815626959e-01,-3.08974650642464543e-02
2917,4.68750000000000000e-01,4.56250000000000044e-01,-1.92514990798663632e-01,6.21070730802400148e-02,2.02285219946499839e-01,-1.63075583684349733e-02
2918,4.81250000000000011e-01,4.56250000000000044e-01,-1.96819917251956800e-01,5.30000548085730536e-02,2.03831022262998207e-01,-3.12219092367939377e-02
2919,4.93750000000000022e-01,4.56250000000000044e-01,-2.00863725890141731e-01,4.30621807001474871e-02,2.05427816483362696e-01,-1.64261503667229025e-02
2920,5.06249999999999978e-01,4.56250000000000044e-01,-2.04638678277784314e-01,3.31087242113112176e-02,2.07299725678012359e-01,-3.12191618959289340e-02
2921,5.18750000000000044e-01,4.56250000000000044e-01,-2.08124816759547221e-01,2.23561906978550426e-02,2.09322092989999431e-01,-1.62749789427187423e-02
2922,5.31250000000000000e-01,4.56250000000000044e-01,-2.11267009273624545e-01,1.16275397488767064e-02,2.11586740813391877e-01,-3.08462721041543701e-02
2923,5.43750000000000067e-01,4.56250000000000044e-01,-2.14086406782439120e-01,1.48912157484977682e-04,2.14086458571873806e-01,-1.58185791413280007e-02
2924,5.56250000000000022e-01,4.56250000000000044e-01,-2.16478792107842100e-01,-1.12454849112165120e-02,2.16770681512419267e-01,-3.00646384195858603e-02
2925,5.68749999999999978e-01,4.56250000000000044e-01,-2.18507466546090129e-01,-2.33222104305185959e-02,2.19748580054015569e-01,-1.50060612917177726e-02
2926,5.81250000000000044e-01,4.56250000000000044e-01,-2.20024390477542658e-01,-3.52444292655336999e-02,2.22829311804500663e-01,-2.88313572121054150e-02
2927,5.93750000000000000e-01,4.56250000000000044e-01,-2.21135214342785130e-01,-4.77662008581951625e-02,2.26235260220096907e-01,-1.38245071096532637e-02
2928,6.06250000000000067e-01,4.56250000000000044e-01,-2.21639769756758531e-01,-6.00367031347756111e-02,2.29627074320782359e-01,-2.71385322640940660e-02
2929,6.18750000000000022e-01,4.56250000000000044e-01,-2.21690349682643478e-01,-7.27896522635596011e-02,2.33334405133625050e-01,-1.22794713593117888e-02
2930,6.31250000000000089e-01,4.56250000000000044e-01,-2.21034265149414183e-01,-8.51609034826007610e-02,2.36872383050693303e-01,-2.50010879469383385e-02
2931,6.43750000000000044e-01,4.56250000000000044e-01,-2.19875281992192195e-01,-9.78602645228588003e-02,2.40669422660274690e-01,-1.04041821313981212e-02
2932,6.56250000000000000e-01,4.56250000000000044e-01,-2.17907786083640559e-01,-1.10011744279952889e-01,2.44103230448495689e-01,-2.24631541650360568e-02
2933,6.68750000000000067e-01,4.56250000000000044e-01,-2.15393115434035387e-01,-1.22297153394211724e-01,2.47690912034953442e-01,-8.26329916106164838e-03
2934,6.81250000000000022e-01,4.56250000000000044e-01,-2.11972974721339358e-01,-1.33831883669419643e-01,2.50686088761858994e-01,-1.96018872236661569e-02
2935,6.93750000000000089e-01,4.56250000000000044e-01,-2.07973661619360983e-01,-1.45265608438900240e-01,2.53683150647591005e-01,-5.95526163449546734e-03
2936,7.06250000000000044e-01,4.56250000000000044e-01,-2.02985573928373408e-01,-1.55711050032401294e-01,2.55830166956956262e-01,-1.65291356362086764e-02
2937,7.18750000000000000e-01,4.56250000000000044e-01,-1.97408530873610072e-01,-1.65782256886086304e-01,2.57786510042557038e-01,-3.61179163823113812e-03
2938,7.31250000000000067e-01,4.56250000000000044e-01,-1.90784457889869558e-01,-1.74599064621720756e-01,2.58618527447495972e-01,-1.33895498857388821e-02
2939,7.43750000000000022e-01,4.56250000000000044e-01,-1.83596083354765183e-01,-1.82737975961461296e-01,2.59038008179690693e-01,-1.39317529915107281e-03
2940,7.56250000000000089e-01,4.56250000000000044e-01,-1.75341231081990734e-01,-1.89340772997536377e-01,2.58059054552737366e-01,-1.03538209496179083e-02
2941,7.68750000000000044e-01,4.56250000000000044e-01,-1.66595003204082520e-01,-1.94947061623994000e-01,2.56433718392097498e-01,5.21848969142624979e-04
2942,7.81250000000000000e-01,4.56250000000000044e-01,-1.56816699811658494e-01,-1.98741542492800877e-01,2.53159392581506992e-01,-7.60610055520273727e-03
2943,7.93750000000000067e-01,4.56250000000000044e-01,-1.46682013323286980e-01,-2.01230947209112082e-01,2.49017082039062920e-01,1.95212608777515411e-03
2944,8.06250000000000022e-01,4.56250000000000044e-01,-1.35617614612786541e-01,-2.01670513036601218e-01,2.43029078963214268e-01,-5.32557027437836894e-03
2945,8.18750000000000089e-01,4.56250000000000044e-01,-1.24404732187257297e-01,-2.00541578225366501e-01,2.35994622794045872e-01,2.73532546543048781e-03
2946,8.31250000000000044e-01,4.56250000000000044e-01,-1.12442106863418670e-01,-1.97203392761917257e-01,2.27007501005353274e-01,-3.66369779580998523e-03
2947,8.43750000000000000e-01,4.56250000000000044e-01,-1.00615530787316373e-01,-1.92121478378036586e-01,2.16873574899699995e-01,2.75181072834853940e-03
2948,8.56250000000000067e-01,4.56250000000000044e-01,-8.82973933367426633e-02,-1.84795497814258192e-01,2.04806752043195484e-01,-2.72079266690553739e-03
2949,8.68750000000000022e-01,4.56250000000000044e-01,-7.64683606351135720e-02,-1.75683333738067410e-01,1.91603872433578348e-01,1.94644844977674030e-03
2950,8.81250000000000089e-01,4.56250000000000044e-01,-6.44712656687248115e-02,-1.64458751523271884e-01,1.76644346214421988e-01,-2.52745673394340212e-03
2951,8.93750000000000044e-01,4.56250000000000044e-01,-5.33613353273457505e-02,-1.51573109251642968e-01,1.60691753229989798e-01,3.42138676967214351e-04
2952,9.06250000000000000e-01,4.56250000000000044e-01,-4.24436483778204213e-02,-1.36897473709673367e-01,1.43326137168734047e-01,-3.03735488943606509e-03
2953,9.18750000000000067e-01,4.56250000000000044e-01,-3.28175197165822830e-02,-1.20864355175006474e-01,1.25240496454694650e-01,-1.96091340344445178e-03
2954,9.31250000000000022e-01,4.56250000000000044e-01,-2.37396152055552104e-02,-1.03547350187099763e-01,1.06233813171125971e-01,-4.13625040191988643e-03
2955,9.43750000000000089e-01,4.56250000000000044e-01,-1.63166838802737066e-02,-8.53305657793026057e-02,8.68765769874980248e-02,-4.80327384287191923e-03
2956,9.56250000000000044e-01,4.56250000000000044e-01,-9.74945984726292847e-03,-6.64742267369937828e-02,6.71853762927220044e-02,-5.66806508536183903e-03
2957,9.68750000000000000e-01,4.56250000000000044e-01,-5.11632050228279754e-03,-4.72697027920881072e-02,4.75457835936523576e-02,-7.99962949614119005e-03
2958,9.81250000000000067e-01,4.56250000000000044e-01,-1.56462076188897733e-03,-2.81303942681338341e-02,2.81738729998058830e-02,-7.47314330659646850e-03
2959,9.93750000000000022e-01,4.56250000000000044e-01,-1.16659011605888595e-04,-9.20062277935031377e-03,9.20136233678952274e-03,-1.13801001007922970e-02
2960,6.25000000000000035e-03,4.68750000000000000e-01,-1.34925804862138837e-04,1.03127775718389724e-02,1.03136601756623064e-02,-8.50834933134554487e-03
2961,1.87500000000000028e-02,4.68750000000000000e-01,-7.73822580518979532e-04,2.96478992561022281e-02,2.96579960834529102e-02,-9.66900194514841438e-03
2962,3.12500000000000000e-02,4.68750000000000000e-01,-2.71785384309253209e-03,4.73860606437495405e-02,4.74639386571060126e-02,-1.06060247176123328e-02
2963,4.37500000000000042e-02,4.68750000000000000e-01,-4.87050141010755919e-03,6.34104225915820136e-02,6.35971970862621722e-02,-9.98556220940624573e-03
2964,5.62500000000000014e-02,4.68750000000000000e-01,-8.15069577473388415e-03,7.79781801869845331e-02,7.84030001140651051e-02,-1.24328429209708373e-02
2965,6.87500000000000056e-02,4.68750000000000000e-01,-1.15020373231686148e-02,9.09091835580218277e-02,9.16339266744019415e-02,-1.01078561602568010e-02
2966,8.12500000000000028e-02,4.68750000000000000e-01,-1.58170367137510197e-02,1.02567362296841338e-01,1.03779778661045805e-01,-1.40464207368038180e-02
2967,9.37500000000000000e-02,4.68750000000000000e-01,-2.00900787523282803e-02,1.12699056810326756e-01,1.14475712141100097e-01,-1.01113958331913913e-02
2968,1.06250000000000011e-01,4.68750000000000000e-01,-2.51785292564968045e-02,1.21759266003869035e-01,1.24335341690611861e-01,-1.55070016585110125e-02
2969,1.18750000000000008e-01,4.68750000000000000e-01,-3.01366542662342245e-02,1.29416911728125389e-01,1.32879475358717192e-01,-1.00681555308148752e-02
2970,1.31250000000000006e-01,4.68750000000000000e-01,-3.57786041006245073e-02,1.36203442337260450e-01,1.40824309747673376e-01,-1.68688291413956852e-02
2971,1.43750000000000017e-01,4.68750000000000000e-01,-4.12254916477806238e-02,1.41710473750862626e-01,1.47585228028739912e-01,-1.00396163160752193e-02
2972,1.56250000000000000e-01,4.68750000000000000e-01,-4.72412527603501345e-02,1.46532430414005238e-01,1.53959374918848563e-01,-1.81761379207890546e-02
2973,1.68750000000000011e-01,4.68750000000000000e-01,-5.30185014824152215e-02,1.50187095498494405e-01,1.59270603545396100e-01,-1.00737539897550344e-02
2974,1.81250000000000022e-01,4.68750000000000000e-01,-5.92653733253725584e-02,1.53319838676211295e-01,1.64375659411894803e-01,-1.94619399248103023e-02
2975,1.93750000000000006e-01,4.68750000000000000e-01,-6.52483941439773035e-02,1.55380683550082249e-01,1.68524507887899244e-01,-1.02044079517866950e-02
2976,2.06250000000000017e-01,4.68750000000000000e-01,-7.16159270028161321e-02,1.57055505809307272e-01,1.72613072811679119e-01,-2.07482819734825519e-02
2977,2.18750000000000000e-01,4.68750000000000000e-01,-7.77088083300936650e-02,1.57734403911518217e-01,1.75837427953792619e-01,-1.04519217828077469e-02
2978,2.31250000000000011e-01,4.68750000000000000e-01,-8.41133082505315516e-02,1.58134922738922018e-01,1.79113657811161286e-01,-2.20471049816275237e-02
2979,2.43750000000000022e-01,4.68750000000000000e-01,-9.02432850523983282e-02,1.57596007328695858e-01,1.81604933916991312e-01,-1.08243256586706919e-02
2980,2.56250000000000033e-01,4.68750000000000000e-01,-9.66221344484368971e-02,1.56859552850443867e-01,1.84230171757540861e-01,-2.33611921938808621e-02
2981,2.68749999999999989e-01,4.68750000000000000e-01,-1.02734124156545897e-01,1.55222333084459596e-01,1.86140465655363352e-01,-1.13186251776661861e-02
2982,2.81250000000000000e-01,4.68750000000000000e-01,-1.09040304986568110e-01,1.53444658293268615e-01,1.88242001876047199e-01,-2.46849551036750180e-02
2983,2.93750000000000011e-01,4.68750000000000000e-01,-1.15091785069040886e-01,1.50789748066433416e-01,1.89693613788964349e-01,-1.19219764938591887e-02
2984,3.06250000000000022e-01,4.68750000000000000e-01,-1.21288811248417186e-01,1.48031628124049741e-01,1.91374864230157260e-01,-2.60049828898475111e-02
2985,3.18750000000000033e-01,4.68750000000000000e-01,-1.27245154637844637e-01,1.44407815213717539e-01,1.92470637951891732e-01,-1.26126767572387957e-02
2986,3.31250000000000044e-01,4.68750000000000000e-01,-1.33302481621606184e-01,1.40702446919541369e-01,1.93821387301879061e-01,-2.73003925845708498e-02
2987,3.43750000000000000e-01,4.68750000000000000e-01,-1.39132757091785408e-01,1.36134194789441221e-01,1.94654676509277036e-01,-1.33609964868405592e-02
2988,3.56250000000000011e-01,4.68750000000000000e-01,-1.45021649176246270e-01,1.31494680045712020e-01,1.95760388255955459e-01,-2.85430811178038341e-02
2989,3.68750000000000022e-01,4.68750000000000000e-01,-1.50694834810424144e-01,1.25989517282854679e-01,1.96423755446503367e-01,-1.41299405630728060e-02
2990,3.81250000000000033e-01,4.68750000000000000e-01,-1.56384630183664552e-01,1.20416057354475858e-01,1.97373198348909429e-01,-2.96980128986734405e-02
2991,3.93750000000000044e-01,4.68750000000000000e-01,-1.61866170691678440e-01,1.13971623082738532e-01,1.97965118347908448e-01,-1.48760589857723155e-02
2992,4.06250000000000000e-01,4.68750000000000000e-01,-1.67320880701203545e-01,1.07458328002377576e-01,1.98855649594606582e-01,-3.07236902554234859e-02
2993,4.18750000000000011e-01,4.68750000000000000e-01,-1.72569533172834688e-01,1.00069080126940699e-01,1.99484497084214979e-01,-1.55504467933718429e-02
2994,4.31250000000000022e-01,4.68750000000000000e-01,-1.77744736224174638e-01,9.26104936917664379e-02,2.00424286944557023e-01,-3.15729572953815096e-02
2995,4.43750000000000033e-01,4.68750000000000000e-01,-1.82709686225057566e-01,8.42742417177276687e-02,2.01208790209466193e-01,-1.61000810444914613e-02
2996,4.56250000000000044e-01,4.68750000000000000e-01,-1.87549721948102627e-01,7.58717949829182253e-02,2.02315168676845819e-01,-3.21942840235117378e-02
2997,4.68750000000000000e-01,4.68750000000000000e-01,-1.92168009573580101e-01,6.65962917674552540e-02,2.03380456240631946e-01,-1.64696456313395551e-02
2998,4.81250000000000011e-01,4.68750000000000000e-01,-1.96603542599723180e-01,5.72649323805438926e-02,2.04773595571571265e-01,-3.25336631623083378e-02
2999,4.93750000000000022e-01,4.68750000000000000e-01,-2.00797919377151496e-01,4.70747546185697890e-02,2.06242180333198549e-01,-1.66039975741166697e-02
3000,5.06249999999999978e-01,4.68750000000000000e-01,-2.04744022766490175e-01,3.68499700604584257e-02,2.08033735610505560e-01,-3.25372082020445874e-02
3001,5.18750000000000044e-01,4.68750000000000000e-01,-2.08421480032443346e-01,2.57938507289567770e-02,2.10011514147062622e-01,-1.64514549393619119e-02
3002,5.31250000000000000e-01,4.68750000000000000e-01,-2.11776472903457663e-01,1.47392848578337139e-02,2.12288767940155748e-01,-3.21543984481683712e-02
3003,5.43750000000000067e-01,4.68750000000000000e-01,-2.14827869597024046e-01,2.89806689465258501e-03,2.14847416431573235e-01,-1.59682412641049751e-02
3004,5.56250000000000022e-01,4.68750000000000000e-01,-2.17473072213575092e-01,-8.88557160069419934e-03,2.17654521020542779e-01,-3.13413737824884062e-02
3005,5.68749999999999978e-01,4.68750000000000000e-01,-2.19771724362362059e-01,-2.13886370049468123e-02,2.20810064585234500e-01,-1.51023390994058909e-02
3006,5.81250000000000044e-01,4.68750000000000000e-01,-2.21577769277114339e-01,-3.37647182699007675e-02,2.24135592973690567e-01,-3.00423358992612972e-02
3007,5.93750000000000000e-01,4.68750000000000000e-01,-2.22992783944472722e-01,-4.67823518635365893e-02,2.27847251765717018e-01,-1.38214207201828136e-02
3008,6.06250000000000067e-01,4.68750000000000000e-01,-2.23817788156395941e-01,-5.95798885402717068e-02,2.31612101181463609e-01,-2.82356809044452400e-02
3009,6.18750000000000022e-01,4.68750000000000000e-01,-2.24200308573208162e-01,-7.29047442816407876e-02,2.35755975752669295e-01,-1.21239358883625283e-02
3010,6.31250000000000089e-01,4.68750000000000000e-01,-2.23887067997579486e-01,-8.58807535984152381e-02,2.39793500861021025e-01,-2.59275655975833574e-02
3011,6.43750000000000044e-01,4.68750000000000000e-01,-2.23077016388124799e-01,-9.92303379789605255e-02,2.44151623414726515e-01,-1.00372577517333708e-02
3012,6.56250000000000000e-01,4.68750000000000000e-01,-2.21461150476392421e-01,-1.12063885592989604e-01,2.48200232926010733e-01,-2.31549715621009733e-02
3013,6.68750000000000067e-01,4.68750000000000000e-01,-2.19296839183751868e-01,-1.25074184234356067e-01,2.52457234473235037e-01,-7.62295647565359655e-03
3014,6.81250000000000022e-01,4.68750000000000000e-01,-2.16218484450149795e-01,-1.37360894230223657e-01,2.56160981184969605e-01,-1.99909244072181032e-02
3015,6.93750000000000089e-01,4.68750000000000000e-01,-2.12550391009156348e-01,-1.49582313937059230e-01,2.59908709667279469e-01,-4.98041092143133857e-03
3016,7.06250000000000044e-01,4.68750000000000000e-01,-2.07870663640794678e-01,-1.60832749550607335e-01,2.62825771435133027e-01,-1.65475624499682068e-02
3017,7.18750000000000000e-01,4.68750000000000000e-01,-2.02580510847677420e-01,-1.71731729934126276e-01,2.65576072795486673e-01,-2.24755952086153326e-03
3018,7.31250000000000067e-01,4.68750000000000000e-01,-1.96203666315800163e-01,-1.81377454203645372e-01,2.67195919821312633e-01,-1.29755807220992489e-02
3019,7.43750000000000022e-01,4.68750000000000000e-01,-1.89229362909647897e-01,-1.90348030253083195e-01,2.68402914306867968e-01,4.02784339591570899e-04
3020,7.56250000000000089e-01,4.68750000000000000e-01,-1.81130733711478226e-01,-1.97760080120913145e-01,2.68174182173244291e-01,-9.45846855996199803e-03
3021,7.68750000000000044e-01,4.68750000000000000e-01,-1.72496589317434224e-01,-2.04150487895658123e-01,2.67268582205583638e-01,2.77256599267723843e-03
3022,7.81250000000000000e-01,4.68750000000000000e-01,-1.62754873467863936e-01,-2.08675496719323866e-01,2.64640533117277699e-01,-6.20020151806178425e-03
3023,7.93750000000000067e-01,4.68750000000000000e-01,-1.52604601258153172e-01,-2.11834919300533192e-01,2.61078910217243165e-01,4.65502312217752536e-03
3024,8.06250000000000022e-01,4.68750000000000000e-01,-1.41434749923120051e-01,-2.12853370614424664e-01,2.55558889236389364e-01,-3.40591663328965785e-03
3025,8.18750000000000089e-01,4.68750000000000000e-01,-1.30062056728287856e-01,-2.12202126914929151e-01,2.48889295204940603e-01,5.85778757283145039e-03
3026,8.31250000000000044e-01,4.68750000000000000e-01,-1.17841981298900958e-01,-2.09210054429116860e-01,2.40115762561903812e-01,-1.25678177174794094e-03
3027,8.43750000000000000e-01,4.68750000000000000e-01,-1.05710386864226111e-01,-2.04331691684744965e-01,2.30056788897293835e-01,6.23013398460994881e-03
3028,8.56250000000000067e-01,4.68750000000000000e-01,-9.29916900094728133e-02,-1.97040372905165267e-01,2.17881534246077119e-01,1.17307962064750802e-04
3029,8.68750000000000022e-01,4.68750000000000000e-01,-8.07327791426742797e-02,-1.87785357743841280e-01,2.04404310647017112e-01,5.68935821826277791e-03
3030,8.81250000000000089e-01,4.68750000000000000e-01,-6.82243893194325463e-02,-1.76222976706935763e-01,1.88968528642900563e-01,6.60997138910885589e-04
3031,8.93750000000000044e-01,4.68750000000000000e-01,-5.66041822252751278e-02,-1.62801906544891656e-01,1.72361521866232631e-01,4.23907641963430955e-03
3032,9.06250000000000000e-01,4.68750000000000000e-01,-4.51207393512527283e-02,-1.47389342809065071e-01,1.54141167418998720e-01,4.04986190635941469e-04
3033,9.18750000000000067e-01,4.68750000000000000e-01,-3.49699702809768212e-02,-1.30423433164872343e-01,1.35030258608818204e-01,1.97190262368506734e-03
3034,9.31250000000000022e-01,4.68750000000000000e-01,-2.53463567379528416e-02,-1.11990113830176138e-01,1.14822573545376408e-01,-5.40814354631015447e-04
3035,9.43750000000000089e-01,4.68750000000000000e-01,-1.74632827071461334e-02,-9.24868588877877512e-02,9.41211204238414922e-02,-9.48184295173346730e-04
3036,9.56250000000000044e-01,4.68750000000000000e-01,-1.04518884459296954e-02,-7.22014445994525189e-02,7.29540305557819652e-02,-2.01457146513291932e-03
3037,9.68750000000000000e-01,4.68750000000000000e-01,-5.50205706084836658e-03,-5.14421949009700799e-02,5.17355974946672806e-02,-4.32251044190452068e-03
3038,9.81250000000000067e-01,4.68750000000000000e-01,-1.68334880748369871e-03,-3.06623129190288154e-02,3.07084857450200255e-02,-3.84557555296651497e-03
3039,9.93750000000000022e-01,4.68750000000000000e-01,-1.30146474261504347e-04,-1.00311990815179185e-02,1.00320433171816308e-02,-7.96559955112692564e-03
3040,6.25000000000000035e-03,4.81250000000000011e-01,-1.36091056839392996e-04,1.07790363939081306e-02,1.07798954705946790e-02,-9.66631782027699629e-03
3041,1.87500000000000028e-02,4.81250000000000011e-01,-7.62022596039984407e-04,3.09521977791882077e-02,3.09615766038950115e-02,-1.08245032105594163e-02
3042,3.12500000000000000e-02,4.81250000000000011e-01,-2.69522424243305624e-03,4.94486420535789825e-02,4.95220398879123169e-02,-1.17557019119718040e-02
3043,4.37500000000000042e-02,4.81250000000000011e-01,-4.82512545846376650e-03,6.61350106963898149e-02,6.63107945624353823e-02,-1.11799390818359875e-02
3044,5.62500000000000014e-02,4.81250000000000011e-01,-8.08757652545030042e-03,8.13051026879701849e-02,8.17063560389055116e-02,-1.36094596949671420e-02
3045,6.87500000000000056e-02,4.81250000000000011e-01,-1.14100413539802246e-02,9.47454719607597889e-02,9.54300450632119129e-02,-1.13705815638705417e-02
3046,8.12500000000000028e-02,4.81250000000000011e-01,-1.57024364316779019e-02,1.06869252284900212e-01,1.08016682016365106e-01,-1.52842149318306812e-02
3047,9.37500000000000000e-02,4.81250000000000011e-01,-1.99414496187949181e-02,1.17377679776679469e-01,1.19059569639133347e-01,-1.14687084694490918e-02
3048,1.06250000000000011e-01,4.81250000000000011e-01,-2.50024913813744684e-02,1.26786430079126572e-01,1.29228183564905674e-01,-1.68383080033713342e-02
3049,1.18750000000000008e-01,4.81250000000000011e-01,-2.99210258119860170e-02,1.34709034668257593e-01,1.37991999068407423e-01,-1.15427255977213466e-02
3050,1.31250000000000006e-01,4.81250000000000011e-01,-3.55299227349731572e-02,1.41746850269292762e-01,1.46131943704374462e-01,-1.83232324671501468e-02
3051,1.43750000000000017e-01,4.81250000000000011e-01,-4.09308248440208994e-02,1.47427578502725198e-01,1.53003997743814263e-01,-1.16503968791811796e-02
3052,1.56250000000000000e-01,4.81250000000000011e-01,-4.69069910089187983e-02,1.52422331879294243e-01,1.59476747712738703e-01,-1.97798025219500725e-02
3053,1.68750000000000011e-01,4.81250000000000011e-01,-5.26312890684197399e-02,1.56178438569576888e-01,1.64808243917088870e-01,-1.18360487425764136e-02
3054,1.81250000000000022e-01,4.81250000000000011e-01,-5.88316206377742720e-02,1.59422310170790449e-01,1.69931258357780390e-01,-2.12371930483018848e-02
3055,1.93750000000000006e-01,4.81250000000000011e-01,-6.47548313070606119e-02,1.61529029328981638e-01,1.74025330034362796e-01,-1.21301508008215594e-02
3056,2.06250000000000017e-01,4.81250000000000011e-01,-7.10692727491708254e-02,1.63267631217807518e-01,1.78065046914238717e-01,-2.27134794049165221e-02
3057,2.18750000000000000e-01,4.81250000000000011e-01,-7.70964628123425727e-02,1.63950762673073153e-01,1.81173168982764310e-01,-1.25501311958885874e-02
3058,2.31250000000000011e-01,4.81250000000000011e-01,-8.34426305405102930e-02,1.64379306453360408e-01,1.84345406727718264e-01,-2.42167570821461633e-02
3059,2.43750000000000022e-01,4.81250000000000011e-01,-8.95029334070292920e-02,1.63814014283983206e-01,1.86670314630624029e-01,-1.31016713705302008e-02
3060,2.56250000000000033e-01,4.81250000000000011e-01,-9.58204354465787972e-02,1.63078715444353345e-01,1.89146036913683036e-01,-2.57462901999073977e-02
3061,2.68749999999999989e-01,4.81250000000000011e-01,-1.01861543581453010e-01,1.61392721742365935e-01,1.90849114989315588e-01,-1.37800312719481861e-02
3062,2.81250000000000000e-01,4.81250000000000011e-01,-1.08106432589032450e-01,1.59595670677706580e-01,1.92763530954882634e-01,-2.72934152121687632e-02
3063,2.93750000000000011e-01,4.81250000000000011e-01,-1.14089382619213975e-01,1.56875179043207302e-01,1.93974763890233298e-01,-1.45711836512105609e-02
3064,3.06250000000000022e-01,4.81250000000000011e-01,-1.20228982843584048e-01,1.54081162934947197e-01,1.95438003180007369e-01,-2.88421194458829550e-02
3065,3.18750000000000033e-01,4.81250000000000011e-01,-1.26123375667934468e-01,1.50378165126724028e-01,1.96266906117040535e-01,-1.54526949908404283e-02
3066,3.31250000000000044e-01,4.81250000000000011e-01,-1.32131571199440689e-01,1.46622294791520474e-01,1.97374895661946825e-01,-3.03693380344573806e-02
3067,3.43750000000000000e-01,4.81250000000000011e-01,-1.37911247283746402e-01,1.41962304987136134e-01,1.97921217065324534e-01,-1.63943941163314025e-02
3068,3.56250000000000011e-01,4.81250000000000011e-01,-1.43764219972498275e-01,1.37257699220723894e-01,1.98765758971880230e-01,-3.18450846671545218e-02
3069,3.68750000000000022e-01,4.81250000000000011e-01,-1.49403340767634396e-01,1.31647347077137156e-01,1.99129059217830140e-01,-1.73589319820497759e-02
3070,3.81250000000000033e-01,4.81250000000000011e-01,-1.55075696480894754e-01,1.25992491162585707e-01,1.99806354924934315e-01,-3.32325679917044106e-02
3071,3.93750000000000044e-01,4.81250000000000011e-01,-1.60545157218854234e-01,1.19426737403283398e-01,2.00093710828750021e-01,-1.83023706725550135e-02
3072,4.06250000000000000e-01,4.81250000000000011e-01,-1.66006368026179907e-01,1.12812425863238100e-01,2.00710631642651349e-01,-3.44884605233165137e-02
3073,4.18750000000000011e-01,4.81250000000000011e-01,-1.71270474090312874e-01,1.05281417103314220e-01,2.01041667527909640e-01,-1.91749571525147849e-02
3074,4.31250000000000022e-01,4.81250000000000011e-01,-1.76481581815471300e-01,9.76973988787807751e-02,2.01718939288730359e-01,-3.55634907406094519e-02
3075,4.43750000000000033e-01,4.81250000000000011e-01,-1.81494952687517891e-01,8.91931449023539435e-02,2.02227186472582532e-01,-1.99222452372174487e-02
3076,4.56250000000000044e-01,4.81250000000000011e-01,-1.86405520527499674e-01,8.06347122199899402e-02,2.03098436473372917e-01,-3.64035271602806479e-02
3077,4.68750000000000000e-01,4.81250000000000011e-01,-1.91110239378849023e-01,7.11578524879680763e-02,2.03927839115066400e-01,-2.04867310918809484e-02
3078,4.81250000000000011e-01,4.81250000000000011e-01,-1.95655602455174188e-01,6.16326610353838400e-02,2.05133370465167580e-01,-3.69513152807735556e-02
3079,4.93750000000000022e-01,4.81250000000000011e-01,-1.99978708104085301e-01,5.11995937666396700e-02,2.06428879028220963e-01,-2.08101612368838396e-02
3080,5.06249999999999978e-01,4.81250000000000011e-01,-2.04077662776328994e-01,4.07349855679378578e-02,2.08103415381557716e-01,-3.71490050126490265e-02
3081,5.18750000000000044e-01,4.81250000000000011e-01,-2.07929182270729457e-01,2.93855628078828861e-02,2.09995371714021994e-01,-2.08366424458102627e-02
3082,5.31250000000000000e-01,4.81250000000000011e-01,-2.11482343793626792e-01,1.80366187038154685e-02,2.12250091521093559e-01,-3.69415334126907066e-02
3083,5.43750000000000067e-01,4.81250000000000011e-01,-2.14754095517778687e-01,5.84244074334891710e-03,2.14833553374464192e-01,-2.05165574345344860e-02
3084,5.56250000000000022e-01,4.81250000000000011e-01,-2.17642946745142951e-01,-6.29897819107547424e-03,2.17734079542364650e-01,-3.62806547580259084e-02
3085,5.68749999999999978e-01,4.81250000000000011e-01,-2.20207440704199287e-01,-1.92205407113334413e-02,2.21044669980367259e-01,-1.98017831285600583e-02
3086,5.81250000000000044e-01,4.81250000000000011e-01,-2.22298808734647163e-01,-3.20207852140601337e-02,2.24593167862622706e-01,-3.51076128062973170e-02
3087,5.93750000000000000e-01,4.81250000000000011e-01,-2.24021456579064276e-01,-4.55291436165301405e-02,2.28601215933468299e-01,-1.86437652150793221e-02
3088,6.06250000000000067e-01,4.81250000000000011e-01,-2.25170195842148563e-01,-5.88266782759740287e-02,2.32727727554274233e-01,-3.33885954236086135e-02
3089,6.18750000000000022e-01,4.81250000000000011e-01,-2.25896757603726933e-01,-7.27232533785682755e-02,2.37314172939250306e-01,-1.70347379194989955e-02
3090,6.31250000000000089e-01,4.81250000000000011e-01,-2.25938132661852864e-01,-8.62817941682631206e-02,2.41852409116840417e-01,-3.11245335593370587e-02
3091,6.43750000000000044e-01,4.81250000000000011e-01,-2.25498642462187759e-01,-1.00288968371733456e-01,2.46794479130624272e-01,-1.49964304411421574e-02
3092,6.56250000000000000e-01,4.81250000000000011e-01,-2.24255783948217102e-01,-1.13789632298082227e-01,2.51473133858792552e-01,-2.83478724506057086e-02
3093,6.68750000000000067e-01,4.81250000000000011e-01,-2.22473431655011267e-01,-1.27542498093807882e-01,2.56440083864371615e-01,-1.25861948892198542e-02
3094,6.81250000000000022e-01,4.81250000000000011e-01,-2.19768487542402496e-01,-1.40576167590657108e-01,2.60882822376544476e-01,-2.51292370155795849e-02
3095,6.93750000000000089e-01,4.81250000000000011e-01,-2.16472959431741246e-01,-1.53615988235367373e-01,2.65440038439314629e-01,-9.90175761502059062e-03
3096,7.06250000000000044e-01,4.81250000000000011e-01,-2.12143357183390113e-01,-1.65678902468219369e-01,2.69173369262475870e-01,-2.15817398166224597e-02
3097,7.18750000000000000e-01,4.81250000000000011e-01,-2.07190042218943521e-01,-1.77451682525490595e-01,2.72794452336947491e-01,-7.08322161470606101e-03
3098,7.31250000000000067e-01,4.81250000000000011e-01,-2.01111196952156318e-01,-1.87948331899556453e-01,2.75264035070611479e-01,-1.78616237759712942e-02
3099,7.43750000000000022e-01,4.81250000000000011e-01,-1.94407215126386673e-01,-1.97813196281090203e-01,2.77352169481578592e-01,-4.31052590407763562e-03
3100,7.56250000000000089e-01,4.81250000000000011e-01,-1.86522201484859429e-01,-2.06071822485706213e-01,2.77949865388236683e-01,-1.41634358569089121e-02
3101,7.68750000000000044e-01,4.81250000000000011e-01,-1.78059107947319328e-01,-2.13325060081704793e-01,2.77871601970870852e-01,-1.79452014731574312e-03
3102,7.81250000000000000e-01,4.81250000000000011e-01,-1.68414289309129467e-01,-2.18631971512641715e-01,2.75977013193134835e-01,-1.07079994765262292e-02
3103,7.93750000000000067e-01,4.81250000000000011e-01,-1.58305328659763239e-01,-2.22553051488048881e-01,2.73112500279130033e-01,2.39732733545865775e-04
3104,8.06250000000000022e-01,4.81250000000000011e-01,-1.47088437859816151e-01,-2.24211671249756744e-01,2.68152721553688522e-01,-7.72224542831540222e-03
3105,8.18750000000000089e-01,4.81250000000000011e-01,-1.35605208939975214e-01,-2.24136162868976974e-01,2.61965249980379844e-01,1.57754318681631875e-03
3106,8.31250000000000044e-01,4.81250000000000011e-01,-1.23178894396970856e-01,-2.21553856046053044e-01,2.53493887803503626e-01,-5.41172431872927358e-03
3107,8.43750000000000000e-01,4.81250000000000011e-01,-1.10778501059533047e-01,-2.16973414215422739e-01,2.43617197203511021e-01,2.04490502927606472e-03
3108,8.56250000000000067e-01,4.81250000000000011e-01,-9.76985300929648220e-02,-2.09772085338490372e-01,2.31407282879309645e-01,-3.92938780573523667e-03
3109,8.68750000000000022e-01,4.81250000000000011e-01,-8.50288906975882608e-02,-2.00452100883848711e-01,2.17740572705251850e-01,1.53928028713495131e-03
3110,8.81250000000000089e-01,4.81250000000000011e-01,-7.20338168177467597e-02,-1.88586521221469655e-01,2.01875572449339513e-01,-3.34744528329604819e-03
3111,8.93750000000000044e-01,4.81250000000000011e-01,-5.99042543737607902e-02,-1.74678040717345662e-01,1.84664391805585804e-01,5.26758561901490181e-05
3112,9.06250000000000000e-01,4.81250000000000011e-01,-4.78655025800759082e-02,-1.58531058255427459e-01,1.65599525267523001e-01,-3.64139967401762646e-03
3113,9.18750000000000067e-01,4.81250000000000011e-01,-3.71754867881772810e-02,-1.40639826870823048e-01,1.45470195298531946e-01,-2.32222026426052519e-03
3114,9.31250000000000022e-01,4.81250000000000011e-01,-2.70067410785045578e-02,-1.21053617469837824e-01,1.24029602781816614e-01,-4.69478477587308759e-03
3115,9.43750000000000089e-01,4.81250000000000011e-01,-1.86398673128946660e-02,-1.00225922372009738e-01,1.01944495529491141e-01,-5.40939579973216070e-03
3116,9.56250000000000044e-01,4.81250000000000011e-01,-1.11823400476386975e-02,-7.84352476068154586e-02,7.92283585345769648e-02,-6.32829946079404085e-03
3117,9.68750000000000000e-01,4.81250000000000011e-01,-5.89195897023008300e-03,-5.60389168460932036e-02,5.63478072491753953e-02,-8.99013343291471534e-03
3118,9.81250000000000067e-01,4.81250000000000011e-01,-1.81021998262755209e-03,-3.35023456286794516e-02,3.35512154624687323e-02,-8.34896383969542868e-03
3119,9.93750000000000022e-01,4.81250000000000011e-01,-1.36297599584382021e-04,-1.10144771811904151e-02,1.10153204497471079e-02,-1.28583767395451798e-02
3120,6.25000000000000035e-03,4.93750000000000022e-01,-1.47789120145314247e-04,1.12111941563064321e-02,1.12121682129030162e-02,-1.15091024002805156e-02
3121,1.87500000000000028e-02,4.93750000000000022e-01,-7.44228083474139050e-04,3.22070536878473063e-02,3.22156512070159787e-02,-1.24459599098519415e-02
3122,3.12500000000000000e-02,4.93750000000000022e-01,-2.68662728639751120e-03,5.14496771285915186e-02,5.15197752597226430e-02,-1.36748554043289363e-02
3123,4.37500000000000042e-02,4.93750000000000022e-01,-4.77583020381975015e-03,6.88026205949615610e-02,6.89681749422872969e-02,-1.26598570964873945e-02
3124,5.62500000000000014e-02,4.93750000000000022e-01,-8.03678957504468799e-03,8.45637747148419855e-02,8.49448172680128538e-02,-1.55774586665641378e-02
3125,6.87500000000000056e-02,4.93750000000000022e-01,-1.13114621045333312e-02,9.85237260729954351e-02,9.91709321033584640e-02,-1.26907948501354829e-02
3126,8.12500000000000028e-02,4.93750000000000022e-01,-1.55930782448928714e-02,1.11099611954595126e-01,1.12188537139999142e-01,-1.72718340763670201e-02
3127,9.37500000000000000e-02,4.93750000000000022e-01,-1.97785990855986887e-02,1.21998633826789965e-01,1.23591503095447572e-01,-1.26167533626721281e-02
3128,1.06250000000000011e-01,4.93750000000000022e-01,-2.48190025965033985e-02,1.31739845089699020e-01,1.34057337263363302e-01,-1.88171621530690593e-02
3129,1.18750000000000008e-01,4.93750000000000022e-01,-2.96781113654624590e-02,1.39943707452396732e-01,1.43056043387697507e-01,-1.25129255090205595e-02
3130,1.31250000000000006e-01,4.93750000000000022e-01,-3.52551987983294526e-02,1.47214403934596172e-01,1.51377045050193032e-01,-2.02679594131213656e-02
3131,1.43750000000000017e-01,4.93750000000000022e-01,-4.05899544873798562e-02,1.53086752138115817e-01,1.58376444225410223e-01,-1.24442055978851787e-02
3132,1.56250000000000000e-01,4.93750000000000022e-01,-4.65220247171600140e-02,1.58234214323839634e-01,1.64931395939241554e-01,-2.16697239924459502e-02
3133,1.68750000000000011e-01,4.93750000000000022e-01,-5.21728651245874572e-02,1.62110785133069701e-01,1.70299484766597842e-01,-1.24617321331280291e-02
3134,1.81250000000000022e-01,4.93750000000000022e-01,-5.83164699439980214e-02,1.65444854322749413e-01,1.75421807334792346e-01,-2.30573879390540346e-02
3135,1.93750000000000006e-01,4.93750000000000022e-01,-6.41589618368133691e-02,1.67617250528508482e-01,1.79476781391673196e-01,-1.26019611160960512e-02
3136,2.06250000000000017e-01,4.93750000000000022e-01,-7.04047461244720341e-02,1.69398760100561319e-01,1.83446908397113306e-01,-2.44552814141641393e-02
3137,2.18750000000000000e-01,4.93750000000000022e-01,-7.63448568231053920e-02,1.70106537311551731e-01,1.86453134056434683e-01,-1.28871500235723819e-02
3138,2.31250000000000011e-01,4.93750000000000022e-01,-8.26122472839324329e-02,1.70543160124434129e-01,1.89498688297650181e-01,-2.58777388161678772e-02
3139,2.43750000000000022e-01,4.93750000000000022e-01,-8.85809173103291742e-02,1.69972455448774845e-01,1.91669545110393386e-01,-1.33264811426098383e-02
3140,2.56250000000000033e-01,4.93750000000000022e-01,-9.48123821648109710e-02,1.69220067358523324e-01,1.93971180871255561e-01,-2.73298201225829936e-02
3141,2.68749999999999989e-01,4.93750000000000022e-01,-1.00759984983721726e-01,1.67506848942371389e-01,1.95476645706136098e-01,-1.39173384869705746e-02
3142,2.81250000000000000e-01,4.93750000000000022e-01,-1.06915364644342800e-01,1.65674531620362775e-01,1.97177447048741794e-01,-2.88078790834543630e-02
3143,2.93750000000000011e-01,4.93750000000000022e-01,-1.12806414766805099e-01,1.62910701491933263e-01,1.98154444495030835e-01,-1.46464743304939408e-02
3144,3.06250000000000022e-01,4.93750000000000022e-01,-1.18857604517656826e-01,1.60067776693232661e-01,1.99371069333517698e-01,-3.02998909792153368e-02
3145,3.18750000000000033e-01,4.93750000000000022e-01,-1.24665882675991227e-01,1.56308701209477457e-01,1.99934970370812592e-01,-1.54909642306947405e-02
3146,3.31250000000000044e-01,4.93750000000000022e-01,-1.30591976458279246e-01,1.52492585436653311e-01,2.00769153328978239e-01,-3.17855700840420016e-02
3147,3.43750000000000000e-01,4.93750000000000022e-01,-1.36296104346832897e-01,1.47765046722352883e-01,2.01025215067617558e-01,-1.64189618153385182e-02
3148,3.56250000000000011e-01,4.93750000000000022e-01,-1.42078995476051240e-01,1.42989140870714099e-01,2.01574639680761197e-01,-3.32363766173145170e-02
3149,3.68750000000000022e-01,4.93750000000000022e-01,-1.47658412686108964e-01,1.37299114515248954e-01,2.01628504144758053e-01,-1.73903373285604727e-02
3150,3.81250000000000033e-01,4.93750000000000022e-01,-1.53278786745267792e-01,1.31560329612321281e-01,2.01996303911244623e-01,-3.46155503020311936e-02
3151,3.93750000000000044e-01,4.93750000000000022e-01,-1.58710048411922100e-01,1.24900345888066505e-01,2.01962808135243838e-01,-1.83573283244248091e-02
3152,4.06250000000000000e-01,4.93750000000000022e-01,-1.64143683879965196e-01,1.18186176217030939e-01,2.02264977706198640e-01,-3.58783259496382456e-02
3153,4.18750000000000011e-01,4.93750000000000022e-01,-1.69396997287261847e-01,1.10542289526871479e-01,2.02274418708306453e-01,-1.92653571403408261e-02
3154,4.31250000000000022e-01,4.93750000000000022e-01,-1.74611300272693559e-01,1.02837565383387231e-01,2.02644198132843678e-01,-3.69724956436115956e-02
3155,4.43750000000000033e-01,4.93750000000000022e-01,-1.79647244032916820e-01,9.41961349454649710e-02,2.02844877005278618e-01,-2.00541851747719144e-02
3156,4.56250000000000044e-01,4.93750000000000022e-01,-1.84597979368321202e-01,8.54897219940350811e-02,2.03432805991276999e-01,-3.78394879428257322e-02
3157,4.68750000000000000e-01,4.93750000000000022e-01,-1.89364397072109530e-01,7.58443022920648052e-02,2.03988316010142279e-01,-2.06595810801137765e-02
3158,4.81250000000000011e-01,4.93750000000000022e-01,-1.93992639678824685e-01,6.61360735160381880e-02,2.04956396508323480e-01,-3.84161390181274112e-02
3159,4.93750000000000022e-01,4.93750000000000022e-01,-1.98421772340071328e-01,5.54947332837111978e-02,2.06036077328232342e-01,-2.10156724773509010e-02
3160,5.06249999999999978e-01,4.93750000000000022e-01,-2.02651196469733230e-01,4.48031331307018332e-02,2.07544761844142445e-01,-3.86373354152692097e-02
3161,5.18750000000000044e-01,4.93750000000000022e-01,-2.06657209643849954e-01,3.31964558464737242e-02,2.09306490531347422e-01,-2.10580961050686258e-02
3162,5.31250000000000000e-01,4.93750000000000022e-01,-2.10391965025756300e-01,2.15668875326982291e-02,2.11494467032230210e-01,-3.84397292075486785e-02
3163,5.43750000000000067e-01,4.93750000000000022e-01,-2.13869072602295762e-01,9.05661699779507917e-03,2.14060744946874382e-01,-2.07278190222919753e-02
3164,5.56250000000000022e-01,4.93750000000000022e-01,-2.16992619211361953e-01,-3.42955666938366379e-03,2.17019719498380254e-01,-3.77668507114520061e-02
3165,5.68749999999999978e-01,4.93750000000000022e-01,-2.19813584799125356e-01,-1.67347838171976425e-02,2.20449688254827469e-01,-1.99748081771513007e-02
3166,5.81250000000000044e-01,4.93750000000000022e-01,-2.22188561520517192e-01,-2.99480763685025797e-02,2.24197779089647359e-01,-3.65498638460584752e-02
3167,5.93750000000000000e-01,4.93750000000000022e-01,-2.24216258120324530e-01,-4.39129105663243341e-02,2.28475981494523833e-01,-1.87318657635273111e-02
3168,6.06250000000000067e-01,4.93750000000000022e-01,-2.25696035520153854e-01,-5.77020212937595020e-02,2.32955411422229086e-01,-3.47370372438467884e-02
3169,6.18750000000000022e-01,4.93750000000000022e-01,-2.26772384925391340e-01,-7.21386753986708595e-02,2.37969962501624693e-01,-1.69796989072826046e-02
3170,6.31250000000000089e-01,4.93750000000000022e-01,-2.27185612037315132e-01,-8.62763765551312900e-02,2.43016286425935396e-01,-3.23174383594613951e-02
3171,6.43750000000000044e-01,4.93750000000000022e-01,-2.27132156185309908e-01,-1.00914462978854952e-01,2.48541234429417585e-01,-1.47316764946754490e-02
3172,6.56250000000000000e-01,4.93750000000000022e-01,-2.26290176591007003e-01,-1.15086691349680123e-01,2.53874359767593816e-01,-2.93132386784766830e-02
3173,6.68750000000000067e-01,4.93750000000000022e-01,-2.24916087936543108e-01,-1.29563152709749468e-01,2.59564745589166368e-01,-1.20395612134302481e-02
3174,6.81250000000000022e-01,4.93750000000000022e-01,-2.22623262213851869e-01,-1.43359060375145231e-01,2.64788476090599467e-01,-2.57875973707801728e-02
3175,6.93750000000000089e-01,4.93750000000000022e-01,-2.19737954408926156e-01,-1.57209000886071759e-01,2.70184082742518761e-01,-8.99947873392270559e-03
3176,7.06250000000000044e-01,4.93750000000000022e-01,-2.15807423793262981e-01,-1.70113470161469854e-01,2.74793444053278491e-01,-2.18505909901896521e-02
3177,7.18750000000000000e-01,4.93750000000000022e-01,-2.11239564318034589e-01,-1.82765321364775468e-01,2.79330120514853730e-01,-5.75552318305397846e-03
3178,7.31250000000000067e-01,4.93750000000000022e-01,-2.05516202972751194e-01,-1.94158203309612282e-01,2.82726577450288175e-01,-1.76616458627474673e-02
3179,7.43750000000000022e-01,4.93750000000000022e-01,-1.99140510893717593e-01,-2.04938322976793624e-01,2.85756293550205875e-01,-2.49879762720246930e-03
3180,7.56250000000000089e-01,4.93750000000000022e-01,-1.91532071227415390e-01,-2.14106235714429993e-01,2.87273414155342244e-01,-1.34263607970388898e-02
3181,7.68750000000000044e-01,4.93750000000000022e-01,-1.83304273704747278e-01,-2.22259556153838245e-01,2.88096801544422021e-01,5.40360534145503690e-04
3182,7.81250000000000000e-01,4.93750000000000022e-01,-1.73820242717596440e-01,-2.28427457314404309e-01,2.87041077258165522e-01,-9.38550804641720068e-03
3183,7.93750000000000067e-01,4.93750000000000022e-01,-1.63818552803118939e-01,-2.33161779665934071e-01,2.84957775362410237e-01,3.10890320450771685e-03
3184,8.06250000000000022e-01,4.93750000000000022e-01,-1.52613605164515859e-01,-2.35551809843785431e-01,2.80669855171505001e-01,-5.79465044088059000e-03
3185,8.18750000000000089e-01,4.93750000000000022e-01,-1.41081800703826254e-01,-2.36112527245370712e-01,2.75051267970227831e-01,4.95707881317030037e-03
3186,8.31250000000000044e-01,4.93750000000000022e-01,-1.28496813729350928e-01,-2.34035224309785378e-01,2.66990481771030685e-01,-2.89458403090118131e-03
3187,8.43750000000000000e-01,4.93750000000000022e-01,-1.15879567479957701e-01,-2.29812756868689988e-01,2.57375168535990850e-01,5.87221855906936135e-03
3188,8.56250000000000067e-01,4.93750000000000022e-01,-1.02468470661068484e-01,-2.22788591235732275e-01,2.45223457002833350e-01,-8.75893190502035138e-04
3189,8.68750000000000022e-01,4.93750000000000022e-01,-8.94250914003714148e-02,-2.13450612726031774e-01,2.31426037958314401e-01,5.71498934258681326e-03
3190,8.81250000000000089e-01,4.93750000000000022e-01,-7.59521814753620211e-02,-2.01346369874612602e-01,2.15195479814401847e-01,1.55151788588008498e-04
3191,8.93750000000000044e-01,4.93750000000000022e-01,-6.33330710886002290e-02,-1.86970600704748191e-01,1.97405884971568329e-01,4.44895630502463793e-03
3192,9.06250000000000000e-01,4.93750000000000022e-01,-5.07264122717312471e-02,-1.70117018687768434e-01,1.77518925608443789e-01,1.98798050237138156e-04
3193,9.18750000000000067e-01,4.93750000000000022e-01,-3.95015755730821830e-02,-1.51282410635470571e-01,1.56354540197702813e-01,2.15223356684448447e-03
3194,9.31250000000000022e-01,4.93750000000000022e-01,-2.87580963612687687e-02,-1.30524795459436432e-01,1.33655341591915944e-01,-6.38730816494525100e-04
3195,9.43750000000000089e-01,4.93750000000000022e-01,-1.99024577084123827e-02,-1.08311310267948394e-01,1.10124691848808035e-01,-9.97802503401818168e-04
3196,9.56250000000000044e-01,4.93750000000000022e-01,-1.19606231274081484e-02,-8.49485708401924444e-02,8.57864569345714589e-02,-2.17451396185329828e-03
3197,9.68750000000000000e-01,4.93750000000000022e-01,-6.32418211326631150e-03,-6.08142003286410784e-02,6.11421478279414593e-02,-4.76825689173357957e-03
3198,9.81250000000000067e-01,4.93750000000000022e-01,-1.94318691128364442e-03,-3.64173448322187981e-02,3.64691510732141552e-02,-4.20348432337667392e-03
3199,9.93750000000000022e-01,4.93750000000000022e-01,-1.52657258839869296e-04,-1.19774815994344343e-02,1.19784543954329498e-02,-8.93432263780159427e-03
3200,6.25000000000000035e-03,5.06249999999999978e-01,-1.48468125553699181e-04,1.16711191525891416e-02,1.16720634447486822e-02,-1.26559235098740817e-02
3201,1.87500000000000028e-02,5.06249999999999978e-01,-7.29251209005116804e-04,3.34906379354727377e-02,3.34985766361909909e-02,-1.35969578752446075e-02
3202,3.12500000000000000e-02,5.06249999999999978e-01,-2.65457578567637222e-03,5.34805567416404212e-02,5.35463978433444177e-02,-1.48038413555411537e-02
3203,4.37500000000000042e-02,5.06249999999999978e-01,-4.71368494060501499e-03,7.14845311931541771e-02,7.16397726519586303e-02,-1.38619495891886303e-02
3204,5.62500000000000014e-02,5.06249999999999978e-01,-7.94671144897500167e-03,8.78412815658574514e-02,8.82000054987839427e-02,-1.67316582003595310e-02
3205,6.87500000000000056e-02,5.06249999999999978e-01,-1.11810688705301607e-02,1.02300889182429439e-01,1.02910097797073580e-01,-1.39787156107176944e-02
3206,8.12500000000000028e-02,5.06249999999999978e-01,-1.54260623185547754e-02,1.15337161509409467e-01,1.16364187891737289e-01,-1.84922629090883070e-02
3207,9.37500000000000000e-02,5.06249999999999978e-01,-1.95618869348626497e-02,1.26602510032273796e-01,1.28104890487929224e-01,-1.40202557975414692e-02
3208,1.06250000000000011e-01,5.06249999999999978e-01,-2.45567162106259743e-02,1.36686931282913787e-01,1.38875301960388969e-01,-2.01416941856893197e-02
3209,1.18750000000000008e-01,5.06249999999999978e-01,-2.93559795232948041e-02,1.45143921593183178e-01,1.48082853528760078e-01,-1.40565459512548199e-02
3210,1.31250000000000006e-01,5.06249999999999978e-01,-3.48773108376648489e-02,1.52659889877148930e-01,1.56593322937379209e-01,-2.17304222012922044e-02
3211,1.43750000000000017e-01,5.06249999999999978e-01,-4.01409249639359741e-02,1.58692888120095604e-01,1.63690948426776256e-01,-1.41473463624050538e-02
3212,1.56250000000000000e-01,5.06249999999999978e-01,-4.60058849493364050e-02,1.64006636787596721e-01,1.70337072771461734e-01,-2.32992697309839410e-02
3213,1.68750000000000011e-01,5.06249999999999978e-01,-5.15735657149547638e-02,1.67971169405146975e-01,1.75710405018847271e-01,-1.43390281354134966e-02
3214,1.81250000000000022e-01,5.06249999999999978e-01,-5.76382101359642351e-02,1.71409988436308419e-01,1.80841221527098056e-01,-2.48781921720703930e-02
3215,1.93750000000000006e-01,5.06249999999999978e-01,-6.33856619954617784e-02,1.73615402783886680e-01,1.84824376721292205e-01,-1.46638823331949192e-02
3216,2.06250000000000017e-01,5.06249999999999978e-01,-6.95411126692477566e-02,1.75455283792972344e-01,1.88734000546137620e-01,-2.64865795585927585e-02
3217,2.18750000000000000e-01,5.06249999999999978e-01,-7.53754700771278596e-02,1.76156183345617001e-01,1.91604964497902902e-01,-1.51407743374364166e-02
3218,2.31250000000000011e-01,5.06249999999999978e-01,-8.15426863588853829e-02,1.76617288598286598e-01,1.94532455725089759e-01,-2.81341615052948073e-02
3219,2.43750000000000022e-01,5.06249999999999978e-01,-8.73970932745468387e-02,1.76011902266193038e-01,1.96515754208673399e-01,-1.57763555604822463e-02
3220,2.56250000000000033e-01,5.06249999999999978e-01,-9.35210921924539557e-02,1.75259856212269055e-01,1.98650980074135786e-01,-2.98219483734257287e-02
3221,2.68749999999999989e-01,5.06249999999999978e-01,-9.93490841112783796e-02,1.73493302970305713e-01,1.99925402811389014e-01,-1.65663393323015017e-02
3222,2.81250000000000000e-01,5.06249999999999978e-01,-1.05393174081474930e-01,1.71644311770513702e-01,2.01418695522886798e-01,-3.15429180462586806e-02
3223,2.93750000000000011e-01,5.06249999999999978e-01,-1.11163275239661824e-01,1.68814875996743413e-01,2.02128019135904724e-01,-1.74965811279503489e-02
3224,3.06250000000000022e-01,5.06249999999999978e-01,-1.17103624023351449e-01,1.65942966644040846e-01,2.03101764980089999e-01,-3.32823572883420085e-02
3225,3.18750000000000033e-01,5.06249999999999978e-01,-1.22794357347736846e-01,1.62109865700334199e-01,2.03366818222206758e-01,-1.85438753662885356e-02
3226,3.31250000000000044e-01,5.06249999999999978e-01,-1.28615023468184930e-01,1.58254962612112027e-01,2.03927578941845766e-01,-3.50178982748797704e-02
3227,3.43750000000000000e-01,5.06249999999999978e-01,-1.34210378028337213e-01,1.53446537859567633e-01,2.03858444886634266e-01,-1.96764982808502083e-02
3228,3.56250000000000011e-01,5.06249999999999978e-01,-1.39898807537534309e-01,1.48622549587039826e-01,2.04108644099597558e-01,-3.67193686947236836e-02
3229,3.68750000000000022e-01,5.06249999999999978e-01,-1.45384116459924106e-01,1.42844251458499300e-01,2.03816146302425588e-01,-2.08545998786843836e-02
3230,3.81250000000000033e-01,5.06249999999999978e-01,-1.50927036071577758e-01,1.37046750061236372e-01,2.03864616644719193e-01,-3.83486140959641911e-02
3231,3.93750000000000044e-01,5.06249999999999978e-01,-1.56285174666210946e-01,1.30288661240315351e-01,2.03470369017804964e-01,-2.20305905931696966e-02
3232,4.06250000000000000e-01,5.06249999999999978e-01,-1.61664784355726482e-01,1.23502064127076941e-01,2.03441053734078392e-01,-3.98594691376434954e-02
3233,4.18750000000000011e-01,5.06249999999999978e-01,-1.66872590181177366e-01,1.15745988361293017e-01,2.03085191915874930e-01,-2.31496917719940624e-02
3234,4.31250000000000022e-01,5.06249999999999978e-01,-1.72062961891648519e-01,1.07950386145495347e-01,2.03122989156541423e-01,-4.11980623844439009e-02
3235,4.43750000000000033e-01,5.06249999999999978e-01,-1.77087796540739195e-01,9.91767217960065756e-02,2.02968248329281120e-01,-2.41508323399871952e-02
3236,4.56250000000000044e-01,5.06249999999999978e-01,-1.82051414833671710e-01,9.03546417073161634e-02,2.03240446075575981e-01,-4.23036457204234023e-02
3237,4.68750000000000000e-01,5.06249999999999978e-01,-1.86847828049956977e-01,8.05493684672455856e-02,2.03470665225870789e-01,-2.49680802034463814e-02
3238,4.81250000000000011e-01,5.06249999999999978e-01,-1.91532264630047244e-01,7.06928333664050557e-02,2.04161908993045899e-01,-4.31101512817148105e-02
3239,4.93750000000000022e-01,5.06249999999999978e-01,-1.96038785442230690e-01,5.98549791881484369e-02,2.04972739483275296e-01,-2.55327891819475475e-02
3240,5.06249999999999978e-01,5.06249999999999978e-01,-2.00373592325667094e-01,4.89732251278426761e-02,2.06271552282216053e-01,-4.35487114485001783e-02
3241,5.18750000000000044e-01,5.06249999999999978e-01,-2.04509757587180097e-01,3.71231482299544599e-02,2.07851795957769730e-01,-2.57765863879590822e-02
3242,5.31250000000000000e-01,5.06249999999999978e-01,-2.08403831928985289e-01,2.52512733449642250e-02,2.09928044739684183e-01,-4.35515019428319508e-02
3243,5.43750000000000067e-01,5.06249999999999978e-01,-2.12067684748802110e-01,1.24399171458793069e-02,2.12432234967562444e-01,-2.56351067033379620e-02
3244,5.56250000000000022e-01,5.06249999999999978e-01,-2.15407867520637869e-01,-3.51708194266943679e-04,2.15408154647038802e-01,-4.30578248112237910e-02
3245,5.68749999999999978e-01,5.06249999999999978e-01,-2.18474746054208496e-01,-1.40277358482868274e-02,2.18924626381958698e-01,-2.50576497115081766e-02
3246,5.81250000000000044e-01,5.06249999999999978e-01,-2.21121435964348134e-01,-2.76154231521293959e-02,2.22839182009821779e-01,-4.19938607876861117e-02
3247,5.93750000000000000e-01,5.06249999999999978e-01,-2.23450949880321242e-01,-4.20247372427851040e-02,2.27368435678180630e-01,-2.39691263162087088e-02
3248,6.06250000000000067e-01,5.06249999999999978e-01,-2.25257108037373172e-01,-5.62679514068971584e-02,2.32178481080589694e-01,-4.02982901812517155e-02
3249,6.18750000000000022e-01,5.06249999999999978e-01,-2.26689089650054881e-01,-7.12366587817933605e-02,2.37618612319751316e-01,-2.23371036021502711e-02
3250,6.31250000000000089e-01,5.06249999999999978e-01,-2.27478455645956451e-01,-8.59195266403638136e-02,2.43163757252542800e-01,-3.79517472215778820e-02
3251,6.43750000000000044e-01,5.06249999999999978e-01,-2.27827342308675213e-01,-1.01187285524061907e-01,2.49287313466133476e-01,-2.01679211387326557e-02
3252,6.56250000000000000e-01,5.06249999999999978e-01,-2.27401179296210343e-01,-1.16003322179379739e-01,2.55280369597742807e-01,-3.49696454340660962e-02
3253,6.68750000000000067e-01,5.06249999999999978e-01,-2.26463116758952310e-01,-1.31212180451735189e-01,2.61729210351228425e-01,-1.75069394732081211e-02
3254,6.81250000000000022e-01,5.06249999999999978e-01,-2.24609352342515112e-01,-1.45752053716413671e-01,2.67755527155419226e-01,-3.14103553815276437e-02
3255,6.93750000000000089e-01,5.06249999999999978e-01,-2.22173868318618822e-01,-1.60434468480171427e-01,2.74044606661350110e-01,-1.44459589440446880e-02
3256,7.06250000000000044e-01,5.06249999999999978e-01,-2.18682018700507519e-01,-1.74175188073482173e-01,2.79568992278045769e-01,-2.73823131264887554e-02
3257,7.18750000000000000e-01,5.06249999999999978e-01,-2.14550522468521326e-01,-1.87745407730427250e-01,2.85096939330080956e-01,-1.11284090993860243e-02
3258,7.31250000000000067e-01,5.06249999999999978e-01,-2.09234508847867207e-01,-2.00045434544074502e-01,2.89477556253910306e-01,-2.30479752678064385e-02
3259,7.43750000000000022e-01,5.06249999999999978e-01,-2.03247504115879329e-01,-2.11799684867776755e-01,2.93544978562781611e-01,-7.75001204085036359e-03
3260,7.56250000000000089e-01,5.06249999999999978e-01,-1.95977901572107815e-01,-2.21906272226111562e-01,2.96056973499858489e-01,-1.86221358765139358e-02
3261,7.68750000000000044e-01,5.06249999999999978e-01,-1.88051901745868000e-01,-2.31039088946156795e-01,2.97896925750011310e-01,-4.55236634985021083e-03
3262,7.81250000000000000e-01,5.06249999999999978e-01,-1.78797771648982001e-01,-2.38116076813990662e-01,2.97771572155449082e-01,-1.43619142438770851e-02
3263,7.93750000000000067e-01,5.06249999999999978e-01,-1.68970908438295042e-01,-2.43761725034387616e-01,2.96598965760508149e-01,-1.80699252583464546e-03
3264,8.06250000000000022e-01,5.06249999999999978e-01,-1.57848655623167355e-01,-2.46946987137442009e-01,2.93085333202296627e-01,-1.05462176851360591e-02
3265,8.18750000000000089e-01,5.06249999999999978e-01,-1.46330464437627483e-01,-2.48254818949924044e-01,2.88171927769502456e-01,2.11558992362385608e-04
3266,8.31250000000000044e-01,5.06249999999999978e-01,-1.33652830209854384e-01,-2.46754839232649126e-01,2.80626138675346304e-01,-7.44421939826389427e-03
3267,8.43750000000000000e-01,5.06249999999999978e-01,-1.20868620250705897e-01,-2.43003444198329005e-01,2.71403568977196308e-01,1.26241309795576068e-03
3268,8.56250000000000067e-01,5.06249999999999978e-01,-1.07181313641364864e-01,-2.36225503902741829e-01,2.59403783102700569e-01,-5.27574326099145355e-03
3269,8.68750000000000022e-01,5.06249999999999978e-01,-9.37958394881891616e-02,-2.26969893077741458e-01,2.45587035221763145e-01,1.17967263748285957e-03
3270,8.81250000000000089e-01,5.06249999999999978e-01,-7.98842154305781094e-02,-2.14677682842371681e-01,2.29058934306280521e-01,-4.17113287818156406e-03
3271,8.93750000000000044e-01,5.06249999999999978e-01,-6.67859152168002040e-02,-1.99905122581883699e-01,2.10766260359251001e-01,-9.17033912275081663e-05
3272,9.06250000000000000e-01,5.06249999999999978e-01,-5.36335561977123038e-02,-1.82361900571866825e-01,1.90085299617294479e-01,-4.14266198055851693e-03
3273,9.18750000000000067e-01,5.06249999999999978e-01,-4.18644940383877465e-02,-1.62609257907277011e-01,1.67911901359747373e-01,-2.47872458718551838e-03
3274,9.31250000000000022e-01,5.06249999999999978e-01,-3.05551781411911028e-02,-1.40652294994320137e-01,1.43932925345138352e-01,-5.08091280131912643e-03
3275,9.43750000000000089e-01,5.06249999999999978e-01,-2.11881480980612956e-02,-1.17024304783903493e-01,1.18926975619416619e-01,-5.79369811424779169e-03
3276,9.56250000000000044e-01,5.06249999999999978e-01,-1.27654891662000829e-02,-9.20133046001177513e-02,9.28945958443569697e-02,-6.78482899136550674e-03
3277,9.68750000000000000e-01,5.06249999999999978e-01,-6.75731022667927506e-03,-6.60570426144529571e-02,6.64017629319225006e-02,-9.78171927864001506e-03
3278,9.81250000000000067e-01,5.06249999999999978e-01,-2.08512218662838854e-03,-3.96739050975850049e-02,3.97286606900528610e-02,-9.02321641611427555e-03
3279,9.93750000000000022e-01,5.06249999999999978e-01,-1.59746848984647447e-04,-1.31106871750952241e-02,1.31116603547745594e-02,-1.41935827228186328e-02
3280,6.25000000000000035e-03,5.18750000000000044e-01,-1.62430255896669768e-04,1.20892191417456621e-02,1.20903102956533073e-02,-1.48158603042964389e-02
3281,1.87500000000000028e-02,5.18750000000000044e-01,-7.07529712231149527e-04,3.47131804200652289e-02,3.47203901644219659e-02,-1.54876814255480132e-02
3282,3.12500000000000000e-02,5.18750000000000044e-01,-2.64274007100774545e-03,5.54346288325189979e-02,5.54975868744043352e-02,-1.70556938962067133e-02
3283,4.37500000000000042e-02,5.18750000000000044e-01,-4.65151242267639042e-03,7.40945979435427837e-02,7.42404607490657203e-02,-1.55795369858210027e-02
3284,5.62500000000000014e-02,5.18750000000000044e-01,-7.87987415149971233e-03,9.10318434917813113e-02,9.13722547940874624e-02,-1.90404675378689353e-02
3285,6.87500000000000056e-02,5.18750000000000044e-01,-1.10534950731591454e-02,1.06002753425065141e-01,1.06577499909819212e-01,-1.55003222098910650e-02
3286,8.12500000000000028e-02,5.18750000000000044e-01,-1.52800671230859230e-02,1.19481279715037580e-01,1.20454375817689002e-01,-2.08201755149526185e-02
3287,9.37500000000000000e-02,5.18750000000000044e-01,-1.93457011214069642e-02,1.31128801423716801e-01,1.32548175071176888e-01,-1.53300196752090643e-02
3288,1.06250000000000011e-01,5.18750000000000044e-01,-2.43069271667388370e-02,1.41534951135038806e-01,1.43606995306938184e-01,-2.24515346934081664e-02
3289,1.18750000000000008e-01,5.18750000000000044e-01,-2.90257159143468800e-02,1.50263655715788119e-01,1.53041361773258139e-01,-1.51471031083037586e-02
3290,1.31250000000000006e-01,5.18750000000000044e-01,-3.44962407301224183e-02,1.58000524931260516e-01,1.61722467527132513e-01,-2.39888334155839884e-02
3291,1.43750000000000017e-01,5.18750000000000044e-01,-3.96678380794285509e-02,1.64214523119861705e-01,1.68937701480099928e-01,-1.50203593185950588e-02
3292,1.56250000000000000e-01,5.18750000000000044e-01,-4.54632848107421814e-02,1.69668190333110119e-01,1.75653650906251152e-01,-2.54790963989068413e-02
3293,1.68750000000000011e-01,5.18750000000000044e-01,-5.09265742145798700e-02,1.73742154444629815e-01,1.81052070389417813e-01,-1.50047988755817614e-02
3294,1.81250000000000022e-01,5.18750000000000044e-01,-5.69026109139745551e-02,1.77258442304436270e-01,1.86167834216930034e-01,-2.69599825879479754e-02
3295,1.93750000000000006e-01,5.18750000000000044e-01,-6.25333313837476978e-02,1.79519049298967781e-01,1.90098675942666218e-01,-1.51402599545893950e-02
3296,2.06250000000000017e-01,5.18750000000000044e-01,-6.85820222409331964e-02,1.81390212094845155e-01,1.93922414430278717e-01,-2.84592307185102082e-02
3297,2.18750000000000000e-01,5.18750000000000044e-01,-7.42883693936527839e-02,1.82106865145643421e-01,1.96676567390071583e-01,-1.54516162299711043e-02
3298,2.31250000000000011e-01,5.18750000000000044e-01,-8.03329236147679593e-02,1.82566574152203259e-01,1.99459100103675568e-01,-2.99948261935464276e-02
3299,2.43750000000000022e-01,5.18750000000000044e-01,-8.60501268794887364e-02,1.81949480146810200e-01,2.01271552042683322e-01,-1.59497819864653015e-02
3300,2.56250000000000033e-01,5.18750000000000044e-01,-9.20389776178392599e-02,1.81173989520361539e-01,2.03212174536028189e-01,-3.15753627350703753e-02
3301,2.68749999999999989e-01,5.18750000000000044e-01,-9.77236041124730920e-02,1.79377422302511275e-01,2.04269827514062474e-01,-1.66329653685261501e-02
3302,2.81250000000000000e-01,5.18750000000000044e-01,-1.03624462159711217e-01,1.77490786974065867e-01,2.05526175020513263e-01,-3.32003106999229705e-02
3303,2.93750000000000011e-01,5.18750000000000044e-01,-1.09248912857032990e-01,1.74619524503187740e-01,2.05978890418807181e-01,-1.74878433453493527e-02
3304,3.06250000000000022e-01,5.18750000000000044e-01,-1.15043161540359262e-01,1.71701047143823532e-01,2.06678926374913002e-01,-3.48600810551433077e-02
3305,3.18750000000000033e-01,5.18750000000000044e-01,-1.20590584783016819e-01,1.67818365424126342e-01,2.06652105994435897e-01,-1.84905103174432053e-02
3306,3.31250000000000044e-01,5.18750000000000044e-01,-1.26268165925281756e-01,1.63910908613983552e-01,2.06906828521429303e-01,-3.65358952557914979e-02
3307,3.43750000000000000e-01,5.18750000000000044e-01,-1.31727843112128179e-01,1.59046998455251581e-01,2.06514339377676770e-01,-1.96071838451454920e-02
3308,3.56250000000000011e-01,5.18750000000000044e-01,-1.37282639453797956e-01,1.54165284843800265e-01,2.06430274297089350e-01,-3.81995471113835625e-02
3309,3.68750000000000022e-01,5.18750000000000044e-01,-1.42645794254455588e-01,1.48325425847349868e-01,2.05786915452081554e-01,-2.07947404864175858e-02
3310,3.81250000000000033e-01,5.18750000000000044e-01,-1.48071431219799154e-01,1.42463884206662589e-01,2.05477753167414873e-01,-3.98131862557389096e-02
3311,3.93750000000000044e-01,5.18750000000000044e-01,-1.53327361966084069e-01,1.35636105326438050e-01,2.04710607921531923e-01,-2.20012118059953188e-02
3312,4.06250000000000000e-01,5.18750000000000044e-01,-1.58613315073665190e-01,1.28776165760312672e-01,2.04307328763765367e-01,-4.13292770173995794e-02
3313,4.18750000000000011e-01,5.18750000000000044e-01,-1.63745734680677657e-01,1.20938420687765377e-01,2.03565142459522758e-01,-2.31664063735837339e-02
3314,4.31250000000000022e-01,5.18750000000000044e-01,-1.68873624937470573e-01,1.13055409299243445e-01,2.03223588127315946e-01,-4.26909022088101317e-02
3315,4.43750000000000033e-01,5.18750000000000044e-01,-1.73857103637640842e-01,1.04182498883395008e-01,2.02682721411712813e-01,-2.42228472711689853e-02
3316,4.56250000000000044e-01,5.18750000000000044e-01,-1.78797085127634592e-01,9.52524396907253879e-02,2.02586833030120400e-01,-4.38325963261485957e-02
3317,4.68750000000000000e-01,5.18750000000000044e-01,-1.83593525216680958e-01,8.53230360167896440e-02,2.02451483019044476e-01,-2.50972312895870603e-02
3318,4.81250000000000011e-01,5.18750000000000044e-01,-1.88300717398549255e-01,7.53297501840999861e-02,2.02809594042311581e-01,-4.46819110095974387e-02
3319,4.93750000000000022e-01,5.18750000000000044e-01,-1.92855848760092236e-01,6.43339339241033870e-02,2.03303304092989273e-01,-2.57126252222516713e-02
3320,5.06249999999999978e-01,5.18750000000000044e-01,-1.97266849072983280e-01,5.32768416056301694e-02,2.04334606943255143e-01,-4.51619450289809793e-02
3321,5.18750000000000044e-01,5.18750000000000044e-01,-2.01506825930193645e-01,4.12245738584428451e-02,2.05680495882014952e-01,-2.59916109218654851e-02
3322,5.31250000000000000e-01,5.18750000000000044e-01,-2.05536484732611435e-01,2.91275517395173308e-02,2.07590126996871571e-01,-4.51951550396494997e-02
3323,5.43750000000000067e-01,5.18750000000000044e-01,-2.09364822316086968e-01,1.60585532667649189e-02,2.09979775112909856e-01,-2.58605745979188818e-02
3324,5.56250000000000022e-01,5.18750000000000044e-01,-2.12903853420912725e-01,2.98022391064999004e-03,2.12924710956786556e-01,-4.47091286388566073e-02
3325,5.68749999999999978e-01,5.18750000000000044e-01,-2.16199574392936938e-01,-1.10232711686801300e-02,2.16480411296138597e-01,-2.52554488713297304e-02
3326,5.81250000000000044e-01,5.18750000000000044e-01,-2.19110008558355496e-01,-2.49691974426659788e-02,2.20528131247180015e-01,-4.36295604850525862e-02
3327,5.93750000000000000e-01,5.18750000000000044e-01,-2.21730693920834998e-01,-3.97792300485624653e-02,2.25270698871094799e-01,-2.41017436944382483e-02
3328,6.06250000000000067e-01,5.18750000000000044e-01,-2.23864271748772936e-01,-5.44612680865610294e-02,2.30393667202908881e-01,-4.18666192391313197e-02
3329,6.18750000000000022e-01,5.18750000000000044e-01,-2.25649466725856979e-01,-6.99192396626861085e-02,2.36233744220997743e-01,-2.23402485929197238e-02
3330,6.31250000000000089e-01,5.18750000000000044e-01,-2.26826489165958628e-01,-8.51355868370709257e-02,2.42277370659017999e-01,-3.93872971522373425e-02
3331,6.43750000000000044e-01,5.18750000000000044e-01,-2.27585555860620931e-01,-1.00993557272632276e-01,2.48987718265315794e-01,-1.99679690760597023e-02
3332,6.56250000000000000e-01,5.18750000000000044e-01,-2.27598440387708711e-01,-1.16448469764363988e-01,2.55658553890495466e-01,-3.61935851426332736e-02
3333,6.68750000000000067e-01,5.18750000000000044e-01,-2.27116289747017863e-01,-1.32356690700626556e-01,2.62868983795488287e-01,-1.70221656282419781e-02
3334,6.81250000000000022e-01,5.18750000000000044e-01,-2.25737331035179178e-01,-1.47645963821947973e-01,2.69734449516182584e-01,-3.23326251424734465e-02
3335,6.93750000000000089e-01,5.18750000000000044e-01,-2.23784918585149234e-01,-1.63137927057543874e-01,2.76936225566093763e-01,-1.35900083969882034e-02
3336,7.06250000000000044e-01,5.18750000000000044e-01,-2.20780069256138994e-01,-1.77734583960405174e-01,2.83431510803445863e-01,-2.79056876321141789e-02
3337,7.18750000000000000e-01,5.18750000000000044e-01,-2.17132003498449189e-01,-1.92214295072447527e-01,2.89987313814670966e-01,-9.81587557057717400e-03
3338,7.31250000000000067e-01,5.18750000000000044e-01,-2.12283160178389468e-01,-2.05459111895906460e-01,2.95427802950870511e-01,-2.30743662895216452e-02
3339,7.43750000000000022e-01,5.18750000000000044e-01,-2.06744885534086126e-01,-2.18196256713809988e-01,3.00587847622656335e-01,-5.90419454230452223e-03
3340,7.56250000000000089e-01,5.18750000000000044e-01,-1.99882830836603409e-01,-2.29299858489576430e-01,3.04190024765103040e-01,-1.80612714268633748e-02
3341,7.68750000000000044e-01,5.18750000000000044e-01,-1.92329082407921459e-01,-2.39440867840070848e-01,3.07119529063000662e-01,-2.11498173745730154e-03
3342,7.81250000000000000e-01,5.18750000000000044e-01,-1.83377984976148323e-01,-2.47506607681252488e-01,3.08037345495305037e-01,-1.31420147348587976e-02
3343,7.93750000000000067e-01,5.18750000000000044e-01,-1.73802283388217599e-01,-2.54111926785577424e-01,3.07863776767642761e-01,1.25099707122828369e-03
3344,8.06250000000000022e-01,5.18750000000000044e-01,-1.62833934712919820e-01,-2.58190552743119306e-01,3.05249491105044957e-01,-8.62550339207556263e-03
3345,8.18750000000000089e-01,5.18750000000000044e-01,-1.51405219423027704e-01,-2.60309228311566276e-01,3.01138564140659870e-01,3.87970500926893436e-03
3346,8.31250000000000044e-01,5.18750000000000044e-01,-1.38696494763319356e-01,-2.59495513288764301e-01,2.94235686273148611e-01,-4.82113456466310483e-03
3347,8.43750000000000000e-01,5.18750000000000044e-01,-1.25813295465430519e-01,-2.56284989893451776e-01,2.85501280838735272e-01,5.48369157966077051e-03
3348,8.56250000000000067e-01,5.18750000000000044e-01,-1.11893775916437566e-01,-2.49859965831415398e-01,2.73770377532183029e-01,-1.99501088810354965e-03
3349,8.68750000000000022e-01,5.18750000000000044e-01,-9.82193365148806008e-02,-2.40748265237870518e-01,2.60013009829253350e-01,5.84950723870875620e-03
3350,8.81250000000000089e-01,5.18750000000000044e-01,-8.38892932234576866e-02,-2.28355039532692983e-01,2.43276463303602447e-01,-3.22750878415744885e-04
3351,8.93750000000000044e-01,5.18750000000000044e-01,-7.03457113385216326e-02,-2.13221649699320004e-01,2.24526147707170498e-01,4.88192866463115892e-03
3352,9.06250000000000000e-01,5.18750000000000044e-01,-5.66421337653591900e-02,-1.95037338967282398e-01,2.03095777673814426e-01,1.47643160144726536e-04
3353,9.18750000000000067e-01,5.18750000000000044e-01,-4.43437731207889582e-02,-1.74361011929565962e-01,1.79911457933312979e-01,2.62941102550782535e-03
3354,9.31250000000000022e-01,5.18750000000000044e-01,-3.24408356792527455e-02,-1.51200196246699115e-01,1.54641220780905003e-01,-4.93552135450121246e-04
3355,9.43750000000000089e-01,5.18750000000000044e-01,-2.25640462408881852e-02,-1.26101054398444545e-01,1.28103911349967792e-01,-7.24575626845459200e-04
3356,9.56250000000000044e-01,5.18750000000000044e-01,-1.36195690305462684e-02,-9.93786208803755094e-02,1.00307541833419597e-01,-2.04593814592144178e-03
3357,9.68750000000000000e-01,5.18750000000000044e-01,-7.23790911742371642e-03,-7.14944550732654616e-02,7.18598944795722505e-02,-4.91120744608720614e-03
3358,9.81250000000000067e-01,5.18750000000000044e-01,-2.23276538696413332e-03,-4.30142743022088880e-02,4.30721840056769445e-02,-4.26602175422732908e-03
3359,9.93750000000000022e-01,5.18750000000000044e-01,-1.79598309050059575e-04,-1.42221158924746814e-02,1.42232498400187909e-02,-9.65912649443987324e-03
3360,6.25000000000000035e-03,5.31250000000000000e-01,-1.62517846512982232e-04,1.25411492858402505e-02,1.25422022571862017e-02,-1.59082625983575712e-02
3361,1.87500000000000028e-02,5.31250000000000000e-01,-6.90666813872565849e-04,3.59705390447407139e-02,3.59771691467936569e-02,-1.65992382851664101e-02
3362,3.12500000000000000e-02,5.31250000000000000e-01,-2.60473641937229283e-03,5.74248672679761873e-02,5.74839110757008886e-02,-1.81210571387645236e-02
3363,4.37500000000000042e-02,5.31250000000000000e-01,-4.57934425998086231e-03,7.67210036455343303e-02,7.68575487133795615e-02,-1.67598994949278123e-02
3364,5.62500000000000014e-02,5.31250000000000000e-01,-7.77319030528869030e-03,9.42438349192676328e-02,9.45638562444045122e-02,-2.01307625328124851e-02
3365,6.87500000000000056e-02,5.31250000000000000e-01,-1.08991671560302213e-02,1.09700182862072268e-01,1.10240291929344883e-01,-1.67898124167353002e-02
3366,8.12500000000000028e-02,5.31250000000000000e-01,-1.50791092974665187e-02,1.23630171376117926e-01,1.24546372133808980e-01,-2.19840436362013329e-02
3367,9.37500000000000000e-02,5.31250000000000000e-01,-1.90833929233412136e-02,1.35628240569379888e-01,1.36964212571796334e-01,-1.67617404020321374e-02
3368,1.06250000000000011e-01,5.31250000000000000e-01,-2.39844771943963260e-02,1.46367974005915780e-01,1.48320055828215475e-01,-2.37329034331002428e-02
3369,1.18750000000000008e-01,5.31250000000000000e-01,-2.86264143447219933e-02,1.55331883257608688e-01,1.57947667138806064e-01,-1.67468554530662526e-02
3370,1.31250000000000006e-01,5.31250000000000000e-01,-3.40211295502257857e-02,1.63303254603631515e-01,1.66809442838263045e-01,-2.54259361155098097e-02
3371,1.43750000000000017e-01,5.31250000000000000e-01,-3.90985292339930401e-02,1.69658366393352605e-01,1.74105302261368500e-01,-1.68070579418390480e-02
3372,1.56250000000000000e-01,5.31250000000000000e-01,-4.48007852927551631e-02,1.75266819995536671e-01,1.80902096599777962e-01,-2.71039067841438892e-02
3373,1.68750000000000011e-01,5.31250000000000000e-01,-5.01515128984942743e-02,1.79408725054105683e-01,1.86286512854654945e-01,-1.69912520517474415e-02
3374,1.81250000000000022e-01,5.31250000000000000e-01,-5.60163288772119322e-02,1.83018386339866390e-01,1.91398952032994590e-01,-2.87980770221225313e-02
3375,1.93750000000000006e-01,5.31250000000000000e-01,-6.15163155070851050e-02,1.85292849107066671e-01,1.95237539945015220e-01,-1.73342047370974965e-02
3376,2.06250000000000017e-01,5.31250000000000000e-01,-6.74363857601179562e-02,1.87212144588769946e-01,1.98987570480957277e-01,-3.05300597951044389e-02
3377,2.18750000000000000e-01,5.31250000000000000e-01,-7.29952984366194074e-02,1.87904936104212938e-01,2.01585164648045156e-01,-1.78569041250272592e-02
3378,2.31250000000000011e-01,5.31250000000000000e-01,-7.88957197742081451e-02,1.88381038569126358e-01,2.04235036884157201e-01,-3.23123298440644094e-02
3379,2.43750000000000022e-01,5.31250000000000000e-01,-8.44514441749117245e-02,1.87715635782271600e-01,2.05837815622811837e-01,-1.85676082992974820e-02
3380,2.56250000000000033e-01,5.31250000000000000e-01,-9.02836643023514629e-02,1.86935482589593027e-01,2.07595796419059814e-01,-3.41488228258352983e-02
3381,2.68749999999999989e-01,5.31250000000000000e-01,-9.57964534376257865e-02,1.85076307624818109e-01,2.08399136599131590e-01,-1.94630382459607155e-02
3382,2.81250000000000000e-01,5.31250000000000000e-01,-1.01532165895837606e-01,1.83171912671009546e-01,2.09429535412405082e-01,-3.60353151225960636e-02
3383,2.93750000000000011e-01,5.31250000000000000e-01,-1.06978979946608724e-01,1.80230949204098073e-01,2.09589353740659012e-01,-2.05294012081212902e-02
3384,3.06250000000000022e-01,5.31250000000000000e-01,-1.12604374732890700e-01,1.77287059573986328e-01,2.10024871625661164e-01,-3.79594749848956997e-02
3385,3.18750000000000033e-01,5.31250000000000000e-01,-1.17973665266541905e-01,1.73332111287196111e-01,2.09670709684731643e-01,-2.17431168251413405e-02
3386,3.31250000000000044e-01,5.31250000000000000e-01,-1.23484202111742075e-01,1.69394756208605723e-01,2.09625694040941779e-01,-3.99006127475604253e-02
3387,3.43750000000000000e-01,5.31250000000000000e-01,-1.28771203364194092e-01,1.64458134078128204e-01,2.08874365780777976e-01,-2.30712528071705704e-02
3388,3.56250000000000011e-01,5.31250000000000000e-01,-1.34166914167522106e-01,1.59543135344131365e-01,2.08458084258373311e-01,-4.18292415147182156e-02
3389,3.68750000000000022e-01,5.31250000000000000e-01,-1.39369388010211342e-01,1.53630061880128177e-01,2.07427149205770212e-01,-2.44717646917253125e-02
3390,3.81250000000000033e-01,5.31250000000000000e-01,-1.44650622263799739e-01,1.47731036566291274e-01,2.06756527554163017e-01,-4.37066042044802830e-02
3391,3.93750000000000044e-01,5.31250000000000000e-01,-1.49764943343744295e-01,1.40827474482712600e-01,2.05577031362781409e-01,-2.58936869933026718e-02
3392,4.06250000000000000e-01,5.31250000000000000e-01,-1.54928426375555844e-01,1.33923224456635126e-01,2.04788298855350381e-01,-4.54843438688722138e-02
3393,4.18750000000000011e-01,5.31250000000000000e-01,-1.59945871742419865e-01,1.26003153343734298e-01,2.03616002661891088e-01,-2.72774537448005304e-02
3394,4.31250000000000022e-01,5.31250000000000000e-01,-1.64980934803586138e-01,1.18064596041311906e-01,2.02874241063431465e-01,-4.71045052447822826e-02
3395,4.43750000000000033e-01,5.31250000000000000e-01,-1.69884046440244629e-01,1.09096978017778415e-01,2.01897845078947841e-01,-2.85555461451108758e-02
3396,4.56250000000000044e-01,5.31250000000000000e-01,-1.74768901979094088e-01,1.00093941941825873e-01,2.01402498277533315e-01,-4.85000652631756984e-02
3397,4.68750000000000000e-01,5.31250000000000000e-01,-1.79527817816319241e-01,9.00497530226276460e-02,2.00846198344219962e-01,-2.96536818158114057e-02
3398,4.81250000000000011e-01,5.31250000000000000e-01,-1.84225793278000149e-01,7.99580575792395026e-02,2.00829365085769845e-01,-4.95962027987914694e-02
3399,4.93750000000000022e-01,5.31250000000000000e-01,-1.88794498983751724e-01,6.88178348832249737e-02,2.00945906264697632e-01,-3.04927788488869311e-02
3400,5.06249999999999978e-01,5.31250000000000000e-01,-1.93250216753656057e-01,5.76271091793607373e-02,2.01659440611405588e-01,-5.03125271595264434e-02
3401,5.18750000000000044e-01,5.31250000000000000e-01,-1.97562773275767267e-01,4.53894952869188101e-02,2.02709781872541711e-01,-3.09919505511798178e-02
3402,5.31250000000000000e-01,5.31250000000000000e-01,-2.01698381274341587e-01,3.31121668176717274e-02,2.04398269562271473e-01,-5.05664609535793202e-02
3403,5.43750000000000067e-01,5.31250000000000000e-01,-2.05665343831035574e-01,1.98040010120631507e-02,2.06616630766315312e-01,-3.10728313488123388e-02
3404,5.56250000000000022e-01,5.31250000000000000e-01,-2.09376969800739221e-01,6.48591053716674523e-03,2.09477403359970532e-01,-5.02777908560965991e-02
3405,5.68749999999999978e-01,5.31250000000000000e-01,-2.12882195197446972e-01,-7.82482977152275383e-03,2.13025953801496276e-01,-3.06656864311949245e-02
3406,5.81250000000000044e-01,5.31250000000000000e-01,-2.16035627616712078e-01,-2.20815056257638032e-02,2.17161196557873415e-01,-4.93830839030795013e-02
3407,5.93750000000000000e-01,5.31250000000000000e-01,-2.18936083714450558e-01,-3.72736499119271508e-02,2.22086320447653446e-01,-2.96973951673958070e-02
3408,6.06250000000000067e-01,5.31250000000000000e-01,-2.21383004456501581e-01,-5.23464737348764836e-02,2.27487555647915646e-01,-4.77694999931046888e-02
3409,6.18750000000000022e-01,5.31250000000000000e-01,-2.23519532164585671e-01,-6.82775262629655155e-02,2.33715215276338373e-01,-2.80897809712533954e-02
3410,6.31250000000000089e-01,5.31250000000000000e-01,-2.25078965710300449e-01,-8.39808416932509294e-02,2.40235972695026417e-01,-4.53958192462743729e-02
3411,6.43750000000000044e-01,5.31250000000000000e-01,-2.26257385860771265e-01,-1.00418313094698841e-01,2.47540385111874012e-01,-2.58315657453984798e-02
3412,6.56250000000000000e-01,5.31250000000000000e-01,-2.26715244327044263e-01,-1.16470116216705527e-01,2.54882502306070957e-01,-4.22560749127676161e-02
3413,6.68750000000000067e-01,5.31250000000000000e-01,-2.26710716273059193e-01,-1.33076148437199532e-01,2.62882122168707211e-01,-2.29513045286639378e-02
3414,6.81250000000000022e-01,5.31250000000000000e-01,-2.25825829429740388e-01,-1.49081090096934266e-01,2.70596520048060563e-01,-3.83904178701950788e-02
3415,6.93750000000000089e-01,5.31250000000000000e-01,-2.24391824948751206e-01,-1.65394455847959088e-01,2.78759783916320114e-01,-1.95288825345936758e-02
3416,7.06250000000000044e-01,5.31250000000000000e-01,-2.21908195215057114e-01,-1.80825918023256316e-01,2.86253837935069977e-01,-3.38955565686423418e-02
3417,7.18750000000000000e-01,5.31250000000000000e-01,-2.18792785973837806e-01,-1.96244897724267536e-01,2.93908732563361974e-01,-1.57045698188304182e-02
3418,7.31250000000000067e-01,5.31250000000000000e-01,-2.14460871460441516e-01,-2.10430528093113661e-01,3.00457105992051277e-01,-2.89328440907308942e-02
3419,7.43750000000000022e-01,5.31250000000000000e-01,-2.09433390159541766e-01,-2.24202440132774267e-01,3.06804626880379794e-01,-1.16838802879651125e-02
3420,7.56250000000000089e-01,5.31250000000000000e-01,-2.03043208738324293e-01,-2.36320221444069278e-01,3.11566672925922328e-01,-2.37310535643978707e-02
3421,7.68750000000000044e-01,5.31250000000000000e-01,-1.95933757446639462e-01,-2.47546196724092171e-01,3.15704223633009873e-01,-7.73516081170945186e-03
3422,7.81250000000000000e-01,5.31250000000000000e-01,-1.87361578304562432e-01,-2.56641200968771910e-01,3.17756301368627869e-01,-1.85801883921522318e-02
3423,7.93750000000000067e-01,5.31250000000000000e-01,-1.78114078974677653e-01,-2.64307865429223521e-01,3.18721309072283798e-01,-4.17625292650293609e-03
3424,8.06250000000000022e-01,5.31250000000000000e-01,-1.67381814228020204e-01,-2.69342562692981569e-01,3.17115259507148528e-01,-1.38126033838129342e-02
3425,8.18750000000000089e-01,5.31250000000000000e-01,-1.56117548781297993e-01,-2.72394170524571266e-01,3.13960623603104394e-01,-1.34709947086137077e-03
3426,8.31250000000000044e-01,5.31250000000000000e-01,-1.43458978194796277e-01,-2.72345467753510928e-01,3.07818992641087197e-01,-9.76906080620390180e-03
3427,8.43750000000000000e-01,5.31250000000000000e-01,-1.30541292205790999e-01,-2.69807890205462253e-01,2.99728755023405291e-01,4.32417776397591661e-04
3428,8.56250000000000067e-01,5.31250000000000000e-01,-1.16461766277082560e-01,-2.63818366362762902e-01,2.88380778545822614e-01,-6.75097138401171276e-03
3429,8.68750000000000022e-01,5.31250000000000000e-01,-1.02544260852868691e-01,-2.54975912833879881e-01,2.74823655385287913e-01,9.15195868023675448e-04
3430,8.81250000000000089e-01,5.31250000000000000e-01,-8.78519775861680008e-02,-2.42550416368459421e-01,2.57970297604808774e-01,-4.96625469189134958e-03
3431,8.93750000000000044e-01,5.31250000000000000e-01,-7.38849538671656064e-02,-2.27153623135697480e-01,2.38867651455000635e-01,-2.10545082706959429e-05
3432,9.06250000000000000e-01,5.31250000000000000e-01,-5.96669603139425853e-02,-2.08363158325433256e-01,2.16737979829228739e-01,-4.48364334626513879e-03
3433,9.18750000000000067e-01,5.31250000000000000e-01,-4.68367963404423895e-02,-1.86811694384141636e-01,1.92593599712217872e-01,-2.34028083236710680e-03
3434,9.31250000000000022e-01,5.31250000000000000e-01,-3.43599901007713843e-02,-1.62431559894367444e-01,1.66025963540172211e-01,-5.21504597185181232e-03
3435,9.43750000000000089e-01,5.31250000000000000e-01,-2.39527472095788577e-02,-1.35846498840601931e-01,1.37942036182360506e-01,-5.85222444946016749e-03
3436,9.56250000000000044e-01,5.31250000000000000e-01,-1.44973139407092080e-02,-1.07339207473036199e-01,1.08313792161640207e-01,-6.94247642579112582e-03
3437,9.68750000000000000e-01,5.31250000000000000e-01,-7.71473456572585852e-03,-7.74445485721460131e-02,7.78278564073499879e-02,-1.02648598494826920e-02
3438,9.81250000000000067e-01,5.31250000000000000e-01,-2.39019545049232130e-03,-4.67322422280138997e-02,4.67933274938780105e-02,-9.39242115518755354e-03
3439,9.93750000000000022e-01,5.31250000000000000e-01,-1.87741616511630786e-04,-1.55234216884200180e-02,1.55245569286559474e-02,-1.52783390272638077e-02
3440,6.25000000000000035e-03,5.43750000000000067e-01,-1.79370146574863614e-04,1.29427113839599775e-02,1.29439542496862028e-02,-1.84137927049403752e-02
3441,1.87500000000000028e-02,5.43750000000000067e-01,-6.66228048547088162e-04,3.71554147999200168e-02,3.71613873364112501e-02,-1.87819352632675185e-02
3442,3.12500000000000000e-02,5.43750000000000067e-01,-2.59502576506726382e-03,5.93238277173004230e-02,5.93805582135542506e-02,-2.07408301691200704e-02
3443,4.37500000000000042e-02,5.43750000000000067e-01,-4.51257951751437517e-03,7.92628883513574051e-02,7.93912390865745277e-02,-1.87317272946078764e-02
3444,5.62500000000000014e-02,5.43750000000000067e-01,-7.70420188785901367e-03,9.73523566361503279e-02,9.76567256738679196e-02,-2.28188793075214218e-02
3445,6.87500000000000056e-02,5.43750000000000067e-01,-1.07605377949184285e-02,1.13308341576543833e-01,1.13818141983001109e-01,-1.85210235616164662e-02
3446,8.12500000000000028e-02,5.43750000000000067e-01,-1.49201984380387866e-02,1.27666362737514388e-01,1.28535257793560509e-01,-2.46903130173604796e-02
3447,9.37500000000000000e-02,5.43750000000000067e-01,-1.88417006197844489e-02,1.40033673397211178e-01,1.41295574479041619e-01,-1.82315159899852260e-02
3448,1.06250000000000011e-01,5.43750000000000067e-01,-2.37011805344131896e-02,1.51078995893009688e-01,1.52926809156422538e-01,-2.64078824277202730e-02
3449,1.18750000000000008e-01,5.43750000000000067e-01,-2.82450232492626532e-02,1.60299649641468672e-01,1.62769035794677469e-01,-1.79453761456940114e-02
3450,1.31250000000000006e-01,5.43750000000000067e-01,-3.35734813700715659e-02,1.68473827730443559e-01,1.71786522409220793e-01,-2.80253866663059646e-02
3451,1.43750000000000017e-01,5.43750000000000067e-01,-3.85353257362177903e-02,1.74993361096905775e-01,1.79186070210796439e-01,-1.77362132158651251e-02
3452,1.56250000000000000e-01,5.43750000000000067e-01,-4.41445379932111776e-02,1.80722524227024978e-01,1.86035940069712580e-01,-2.95921178518196749e-02
3453,1.68750000000000011e-01,5.43750000000000067e-01,-4.93610273686989828e-02,1.84956724827430696e-01,1.91430146742312679e-01,-1.76640657585136786e-02
3454,1.81250000000000022e-01,5.43750000000000067e-01,-5.51056050005081371e-02,1.88624754328430844e-01,1.96509352571150958e-01,-3.11498551526878907e-02
3455,1.93750000000000006e-01,5.43750000000000067e-01,-6.04527255759351734e-02,1.90937982296842668e-01,2.00279417597387516e-01,-1.77732873041423385e-02
3456,2.06250000000000017e-01,5.43750000000000067e-01,-6.62267302904966521e-02,1.92870859495263475e-01,2.03924368939594480e-01,-3.27314554590459397e-02
3457,2.18750000000000000e-01,5.43750000000000067e-01,-7.16155052912220424e-02,1.93564930307553978e-01,2.06388378653172444e-01,-1.80923220059890158e-02
3458,2.31250000000000011e-01,5.43750000000000067e-01,-7.73469734939249004e-02,1.94024534192008324e-01,2.08873344821917689e-01,-3.43603198093043044e-02
3459,2.43750000000000022e-01,5.43750000000000067e-01,-8.27178171022928121e-02,1.93336017623005646e-01,2.10288023854168921e-01,-1.86345294086280276e-02
3460,2.56250000000000033e-01,5.43750000000000067e-01,-8.83624173696642840e-02,1.92520956522319209e-01,2.11830676493466041e-01,-3.60502253964525912e-02
3461,2.68749999999999989e-01,5.43750000000000067e-01,-9.36791128816408664e-02,1.90624386525677397e-01,2.12399230056471905e-01,-1.93994213096059104e-02
3462,2.81250000000000000e-01,5.43750000000000067e-01,-9.92137592973720284e-02,1.88675407051051874e-01,2.13170774872628810e-01,-3.78052055275275301e-02
3463,2.93750000000000011e-01,5.43750000000000067e-01,-1.04457645548024045e-01,1.85690074683501100e-01,2.13054461463262595e-01,-2.03738916596796216e-02
3464,3.06250000000000022e-01,5.43750000000000067e-01,-1.09874522721607595e-01,1.82697953013934572e-01,2.13192290617608665e-01,-3.96193224818786119e-02
3465,3.18750000000000033e-01,5.43750000000000067e-01,-1.15039165836158738e-01,1.78696423052086106e-01,2.12523931094569601e-01,-2.15332194708297599e-02
3466,3.31250000000000044e-01,5.43750000000000067e-01,-1.20340346298983755e-01,1.74710784164937877e-01,2.12145367733747231e-01,-4.14763018432874400e-02
3467,3.43750000000000000e-01,5.43750000000000067e-01,-1.25426762748230503e-01,1.69727841001802243e-01,2.11043627775476722e-01,-2.28417836079410110e-02
3468,3.56250000000000011e-01,5.43750000000000067e-01,-1.30619417791316306e-01,1.64765912566328832e-01,2.10259930200591361e-01,-4.33490816506123117e-02
3469,3.68750000000000022e-01,5.43750000000000067e-01,-1.35631787279400479e-01,1.58807177112838205e-01,2.08843724404524311e-01,-2.42535415875432502e-02
3470,3.81250000000000033e-01,5.43750000000000067e-01,-1.40723889000831048e-01,1.52861975816566797e-01,2.07773907375451899e-01,-4.51993832032104095e-02
3471,3.93750000000000044e-01,5.43750000000000067e-01,-1.45665628760319021e-01,1.45911878756282143e-01,2.06176506334565329e-01,-2.57123985338885766e-02
3472,4.06250000000000000e-01,5.43750000000000067e-01,-1.50661990469280888e-01,1.38959710150653254e-01,2.04960572836141469e-01,-4.69774433318574242e-02
3473,4.18750000000000011e-01,5.43750000000000067e-01,-1.55532034879923481e-01,1.30988838996334650e-01,2.03342788943934316e-01,-2.71526397026698278e-02
3474,4.31250000000000022e-01,5.43750000000000067e-01,-1.60430520435224350e-01,1.22996265263740967e-01,2.02153489101587036e-01,-4.86220712548717793e-02
3475,4.43750000000000033e-01,5.43750000000000067e-01,-1.65219647748592519e-01,1.13968331746844731e-01,2.00714505313711322e-01,-2.84996326912030293e-02
3476,4.56250000000000044e-01,5.43750000000000067e-01,-1.70007388214194699e-01,1.04898942339229542e-01,1.99765613035129019e-01,-5.00612159362198786e-02
3477,4.68750000000000000e-01,5.43750000000000067e-01,-1.74694455863038167e-01,9.47777647568815579e-02,1.98748528552021658e-01,-2.96710318034741696e-02
3478,4.81250000000000011e-01,5.43750000000000067e-01,-1.79343943804897488e-01,8.45991966769919918e-02,1.98295925974001308e-01,-5.12132513601242303e-02
3479,4.93750000000000022e-01,5.43750000000000067e-01,-1.83891943871529268e-01,7.33561830944833154e-02,1.97983273584010216e-01,-3.05787424780008359e-02
3480,5.06249999999999978e-01,5.43750000000000067e-01,-1.88356939822393321e-01,6.20478988023428768e-02,1.98313586334982306e-01,-5.19891896367753945e-02
3481,5.18750000000000044e-01,5.43750000000000067e-01,-1.92708892002509652e-01,4.96705692180846037e-02,1.99007242338773843e-01,-3.11319396547382055e-02
3482,5.31250000000000000e-01,5.43750000000000067e-01,-1.96920179303078757e-01,3.72329059746604532e-02,2.00409197154408553e-01,-5.22959400608456818e-02
3483,5.43750000000000067e-01,5.43750000000000067e-01,-2.00995071486039817e-01,2.37349949098202666e-02,2.02391622220504608e-01,-3.12414975826865345e-02
3484,5.56250000000000022e-01,5.43750000000000067e-01,-2.04856092613598773e-01,1.01998417099690795e-02,2.05109861907758539e-01,-5.20401825382859132e-02
3485,5.68749999999999978e-01,5.43750000000000067e-01,-2.08545119161197889e-01,-4.36671728495050676e-03,2.08590831403983129e-01,-3.08262742581087851e-02
3486,5.81250000000000044e-01,5.43750000000000067e-01,-2.11925843763881849e-01,-1.89125853874422441e-02,2.12768064194489848e-01,-5.11545695052071855e-02
3487,5.93750000000000000e-01,5.43750000000000067e-01,-2.15085692128129474e-01,-3.44338928006450926e-02,2.17824580641494209e-01,-2.98093839540052134e-02
3488,6.06250000000000067e-01,5.43750000000000067e-01,-2.17839679616624843e-01,-4.98751594091603814e-02,2.23476301968604546e-01,-4.95044755490065408e-02
3489,6.18750000000000022e-01,5.43750000000000067e-01,-2.20315274286297186e-01,-6.62252367003857978e-02,2.30053476522021905e-01,-2.80874060957569290e-02
3490,6.31250000000000089e-01,5.43750000000000067e-01,-2.22261644295515925e-01,-8.23951515333791601e-02,2.37042611192913921e-01,-4.70274188507468771e-02
3491,6.43750000000000044e-01,5.43750000000000067e-01,-2.23857459216627475e-01,-9.93591409039988327e-02,2.44917130736305860e-01,-2.56360559329673506e-02
3492,6.56250000000000000e-01,5.43750000000000067e-01,-2.24777171025035027e-01,-1.15992650390018576e-01,2.52940845967034200e-01,-4.37003586303349525e-02
3493,6.68750000000000067e-01,5.43750000000000067e-01,-2.25261029800897100e-01,-1.33247858386620149e-01,2.61720315053267205e-01,-2.24725874377218991e-02
3494,6.81250000000000022e-01,5.43750000000000067e-01,-2.24900859895872635e-01,-1.49962471462510127e-01,2.70313040064749932e-01,-3.95482179769200276e-02
3495,6.93750000000000089e-01,5.43750000000000067e-01,-2.24010960407383247e-01,-1.67057192632386053e-01,2.79444119624751408e-01,-1.86687488611973727e-02
3496,7.06250000000000044e-01,5.43750000000000067e-01,-2.22093807436879426e-01,-1.83331355669287738e-01,2.87986189379540514e-01,-3.46557791244542709e-02
3497,7.18750000000000000e-01,5.43750000000000067e-01,-2.19553203581528300e-01,-1.99663118301653703e-01,2.96764165648166101e-01,-1.43619951301242575e-02
3498,7.31250000000000067e-01,5.43750000000000067e-01,-2.15797870110993051e-01,-2.14816366454142343e-01,3.04491037702263767e-01,-2.91783514209890890e-02
3499,7.43750000000000022e-01,5.43750000000000067e-01,-2.11340029752743186e-01,-2.29615278100956388e-01,3.12070158959920296e-01,-9.76298909834652333e-03
3500,7.56250000000000089e-01,5.43750000000000067e-01,-2.05493913371750075e-01,-2.42797483992603147e-01,3.18085470692980099e-01,-2.33476544077197007e-02
3501,7.68750000000000044e-01,5.43750000000000067e-01,-1.98902651892727073e-01,-2.55123708713092756e-01,3.23497096860980160e-01,-5.15599496223742831e-03
3502,7.81250000000000000e-01,5.43750000000000067e-01,-1.90790083006751238e-01,-2.65324419510336806e-01,3.26799484947911500e-01,-1.74687463892136685e-02
3503,7.93750000000000067e-01,5.43750000000000067e-01,-1.81955647806884419e-01,-2.74092747090362465e-01,3.28990412894303585e-01,-8.87831689185303286e-04
3504,8.06250000000000022e-01,5.43750000000000067e-01,-1.71542130182175734e-01,-2.80185361963925850e-01,3.28527836699258502e-01,-1.19033910075475036e-02
3505,8.18750000000000089e-01,5.43750000000000067e-01,-1.60531491874887744e-01,-2.84232961673140050e-01,3.26433356728539403e-01,2.65882829926520660e-03
3506,8.31250000000000044e-01,5.43750000000000067e-01,-1.47998930715444177e-01,-2.85070198411608522e-01,3.21198850426567817e-01,-7.03619949406758451e-03
3507,8.43750000000000000e-01,5.43750000000000067e-01,-1.35131568266940699e-01,-2.83282936651964024e-01,3.13862649801538995e-01,5.10986606748729810e-03
3508,8.56250000000000067e-01,5.43750000000000067e-01,-1.20951180386099366e-01,-2.77855578082255195e-01,3.03039453385553381e-01,-3.22342185773942741e-03
3509,8.68750000000000022e-01,5.43750000000000067e-01,-1.06861899320803866e-01,-2.69358623548532017e-01,2.89781872459975332e-01,6.15868053265112431e-03
3510,8.81250000000000089e-01,5.43750000000000067e-01,-9.18409872184499793e-02,-2.57013081877508154e-01,2.72929461930063899e-01,-7.31092686340997734e-04
3511,8.93750000000000044e-01,5.43750000000000067e-01,-7.75012437438284546e-02,-2.41407069221946685e-01,2.53542532629478290e-01,5.62833628385283821e-03
3512,9.06250000000000000e-01,5.43750000000000067e-01,-6.27721592005643370e-02,-2.22084388036597191e-01,2.30785223487750324e-01,3.21655554593719970e-04
3513,9.18750000000000067e-01,5.43750000000000067e-01,-4.94383279039460402e-02,-1.99668215228722801e-01,2.05697701587941095e-01,3.51673669317528054e-03
3514,9.31250000000000022e-01,5.43750000000000067e-01,-3.63626716420631310e-02,-1.74083294720237342e-01,1.77840482988552179e-01,-8.97662580085452003e-06
3515,9.43750000000000089e-01,5.43750000000000067e-01,-2.54353430428460037e-02,-1.45963793018649618e-01,1.48163374516438573e-01,9.76431436730355413e-07
3516,9.56250000000000044e-01,5.43750000000000067e-01,-1.54250235852222140e-02,-1.15615841907067265e-01,1.16640277145095270e-01,-1.51310824722806396e-03
3517,9.68750000000000000e-01,5.43750000000000067e-01,-8.24495896416789151e-03,-8.36014660910278373e-02,8.40070501856248347e-02,-4.61509657233363270e-03
3518,9.81250000000000067e-01,5.43750000000000067e-01,-2.55267070668113976e-03,-5.05406310326761143e-02,5.06050542230502137e-02,-3.90626309872780294e-03
3519,9.93750000000000022e-01,5.43750000000000067e-01,-2.11859277198276057e-04,-1.67998203000896268e-02,1.68011561051208159e-02,-1.00060848230834627e-02
3520,6.25000000000000035e-03,5.56250000000000022e-01,-1.78741732202687209e-04,1.33868230317197336e-02,1.33880162641600020e-02,-1.93984080554944968e-02
3521,1.87500000000000028e-02,5.56250000000000022e-01,-6.49252969371289521e-04,3.83857764010672592e-02,3.83912667065176363e-02,-1.98116809961391104e-02
3522,3.12500000000000000e-02,5.56250000000000022e-01,-2.55589824578028807e-03,6.12715626126940707e-02,6.13248481518223754e-02,-2.16899614666181684e-02
3523,4.37500000000000042e-02,5.56250000000000022e-01,-4.43970219670560169e-03,8.18294995310673012e-02,8.19498502079190894e-02,-1.98551944459662739e-02
3524,5.62500000000000014e-02,5.56250000000000022e-01,-7.59522420609454706e-03,1.00492388322805951e-01,1.00779003475736303e-01,-2.37948765872292821e-02
3525,6.87500000000000056e-02,5.56250000000000022e-01,-1.06021960736574911e-02,1.16915253608420242e-01,1.17394987490546207e-01,-1.97844890148370506e-02
3526,8.12500000000000028e-02,5.56250000000000022e-01,-1.47107449019543753e-02,1.31712170194754397e-01,1.32531135183330873e-01,-2.57505321441340897e-02
3527,9.37500000000000000e-02,5.56250000000000022e-01,-1.85647124799180746e-02,1.44408059167355496e-01,1.45596483824110501e-01,-1.96711226610180312e-02
3528,1.06250000000000011e-01,5.56250000000000022e-01,-2.33544449641504871e-02,1.55772364106816691e-01,1.57513362985526428e-01,-2.76029228481800767e-02
3529,1.18750000000000008e-01,5.56250000000000022e-01,-2.78088975630753112e-02,1.65202791049616354e-01,1.67527003656893519e-01,-1.95873009108631646e-02
3530,1.31250000000000006e-01,5.56250000000000022e-01,-3.30452263027065096e-02,1.73594846235681749e-01,1.76712075481521846e-01,-2.93980212098253584e-02
3531,1.43750000000000017e-01,5.56250000000000022e-01,-3.78928371018699209e-02,1.80227809206764289e-01,1.84168212010375670e-01,-1.95975695947673140e-02
3532,1.56250000000000000e-01,5.56250000000000022e-01,-4.33850073481460430e-02,1.86094022023314820e-01,1.91084389460292298e-01,-3.11768344913966426e-02
3533,1.68750000000000011e-01,5.56250000000000022e-01,-4.84609982470079609e-02,1.90367967040942304e-01,1.96439383083937130e-01,-1.97542660597324338e-02
3534,1.81250000000000022e-01,5.56250000000000022e-01,-5.40628270216263196e-02,1.94111785033703604e-01,2.01499812294059083e-01,-3.29729623583445569e-02
3535,1.93750000000000006e-01,5.56250000000000022e-01,-5.92435455338112052e-02,1.96411948574772594e-01,2.05152263527254020e-01,-2.00956649181595684e-02
3536,2.06250000000000017e-01,5.56250000000000022e-01,-6.48500533073055468e-02,1.98376812941966796e-01,2.08707664753770977e-01,-3.48116866361655036e-02
3537,2.18750000000000000e-01,5.56250000000000022e-01,-7.00485256182929589e-02,1.99022963960582139e-01,2.10990369744573469e-01,-2.06458552076051703e-02
3538,2.31250000000000011e-01,5.56250000000000022e-01,-7.55902353900057972e-02,1.99485414459534244e-01,2.13326778132536921e-01,-3.67098288895186184e-02
3539,2.43750000000000022e-01,5.56250000000000022e-01,-8.07502396286000484e-02,1.98728686895125323e-01,2.14508023614822130e-01,-2.14155289393357859e-02
3540,2.56250000000000033e-01,5.56250000000000022e-01,-8.61865419393830628e-02,1.97899004464338307e-01,2.15852115994829286e-01,-3.86758283226086158e-02
3541,2.68749999999999989e-01,5.56250000000000022e-01,-9.12762969868589624e-02,1.95925092242368315e-01,2.16143480498056678e-01,-2.24030635306895487e-02
3542,2.81250000000000000e-01,5.56250000000000022e-01,-9.65887984017836793e-02,1.93952819391209869e-01,2.16672776616029183e-01,-4.07097091246957227e-02
3543,2.93750000000000011e-01,5.56250000000000022e-01,-1.01594915722944837e-01,1.90889004304924031e-01,2.16240927821903239e-01,-2.35955049290458643e-02
3544,3.06250000000000022e-01,5.56250000000000022e-01,-1.06781266335768829e-01,1.87871087282874133e-01,2.16096701217579235e-01,-4.28027942103971284e-02
3545,3.18750000000000033e-01,5.56250000000000022e-01,-1.11703262588750102e-01,1.83795089624011115e-01,2.15077320614865231e-01,-2.49692618149416103e-02
3546,3.31250000000000044e-01,5.56250000000000022e-01,-1.16771650574047925e-01,1.79784978885138058e-01,2.14378769962226157e-01,-4.49371628457546773e-02
3547,3.43750000000000000e-01,5.56250000000000022e-01,-1.21617084185364377e-01,1.74734237968562744e-01,2.12891449063141863e-01,-2.64904791118103083e-02
3548,3.56250000000000011e-01,5.56250000000000022e-01,-1.26581389125834803e-01,1.69750888625237739e-01,2.11750353629182569e-01,-4.70849406548515190e-02
3549,3.68750000000000022e-01,5.56250000000000022e-01,-1.31361545057416790e-01,1.63731458048209294e-01,2.09913901098674860e-01,-2.81151666944478643e-02
3550,3.81250000000000033e-01,5.56250000000000022e-01,-1.36237030526302788e-01,1.57767694174279771e-01,2.08449451454528506e-01,-4.92075615211502865e-02
3551,3.93750000000000044e-01,5.56250000000000022e-01,-1.40963004965389244e-01,1.50762408677953375e-01,2.06397365872848737e-01,-2.97892259095018687e-02
3552,4.06250000000000000e-01,5.56250000000000022e-01,-1.45762375885260781e-01,1.43792518290863841e-01,2.04750967128715822e-01,-5.12551668184054107e-02
3553,4.18750000000000011e-01,5.56250000000000022e-01,-1.50441381036085814e-01,1.35768439234930788e-01,2.02646683220658347e-01,-3.14485559295272638e-02
3554,4.31250000000000022e-01,5.56250000000000022e-01,-1.55171010690949879e-01,1.27755152291995827e-01,2.00996073334784142e-01,-5.31663228724207695e-02
3555,4.43750000000000033e-01,5.56250000000000022e-01,-1.59802712741638653e-01,1.18670540527319207e-01,1.99046738703835074e-01,-3.30194469888650186e-02
3556,4.56250000000000044e-01,5.56250000000000022e-01,-1.64458845333911030e-01,1.09571733086700651e-01,1.97617500490686410e-01,-5.48682504059744350e-02
3557,4.68750000000000000e-01,5.56250000000000022e-01,-1.69031559843292267e-01,9.93829579042230654e-02,1.96083249016454908e-01,-3.44194906237020037e-02
3558,4.81250000000000011e-01,5.56250000000000022e-01,-1.73596314888705638e-01,8.91585521621022642e-02,1.95153600957248430e-01,-5.62777767728399464e-02
3559,4.93750000000000022e-01,5.56250000000000022e-01,-1.78082920863642163e-01,7.78274506430935847e-02,1.94346697365634202e-01,-3.55592746129121187e-02
3560,5.06249999999999978e-01,5.56250000000000022e-01,-1.82519971308407497e-01,6.64470712333865288e-02,1.94238907538929084e-01,-5.73032298648223359e-02
3561,5.18750000000000044e-01,5.56250000000000022e-01,-1.86873492077233833e-01,5.39493409993370421e-02,1.94505098738831844e-01,-3.63452026623340418e-02
3562,5.31250000000000000e-01,5.56250000000000022e-01,-1.91123366334696482e-01,4.14013512167611536e-02,1.95556163394765448e-01,-5.78474323710860897e-02
3563,5.43750000000000067e-01,5.56250000000000022e-01,-1.95272359871376172e-01,2.77365235716063793e-02,1.97232373786796256e-01,-3.66839709245784448e-02
3564,5.56250000000000022e-01,5.56250000000000022e-01,-1.99247409420118177e-01,1.40389352537231959e-02,1.99741387458098996e-01,-5.78115883751551263e-02
3565,5.68749999999999978e-01,5.56250000000000022e-01,-2.03091863752048796e-01,-7.58439706619777306e-04,2.03093279930846887e-01,-3.64899370329015843e-02
3566,5.81250000000000044e-01,5.56250000000000022e-01,-2.06671233547915362e-01,-1.55380209361429978e-02,2.07254502655138950e-01,-5.71262819129236266e-02
3567,5.93750000000000000e-01,5.56250000000000022e-01,-2.10070895535622665e-01,-3.13630999605430810e-02,2.12399211840047814e-01,-3.56825356710994968e-02
3568,6.06250000000000067e-01,5.56250000000000022e-01,-2.13107463431887190e-01,-4.71140773281125899e-02,2.18253355650841030e-01,-5.56560433372464136e-02
3569,6.18750000000000022e-01,5.56250000000000022e-01,-2.15911697964982829e-01,-6.38587511130468688e-02,2.25157281498600509e-01,-3.41473909250085139e-02
3570,6.31250000000000089e-01,5.56250000000000022e-01,-2.18228332779265316e-01,-8.04359569793241941e-02,2.32580197787338405e-01,-5.33176732654515873e-02
3571,6.43750000000000044e-01,5.56250000000000022e-01,-2.20242059978972948e-01,-9.79058636409941424e-02,2.41023075905753170e-01,-3.18479111565165354e-02
3572,6.56250000000000000e-01,5.56250000000000022e-01,-2.21617949268801878e-01,-1.15063975633887053e-01,2.49708297673074925e-01,-5.00797808687767770e-02
3573,6.68750000000000067e-01,5.56250000000000022e-01,-2.22603706436598298e-01,-1.32955409927248830e-01,2.59286619686080244e-01,-2.87901242474727648e-02
3574,6.81250000000000022e-01,5.56250000000000022e-01,-2.22776624552371766e-01,-1.50328733382725371e-01,2.68752958174236556e-01,-4.59583992951531559e-02
3575,6.93750000000000089e-01,5.56250000000000022e-01,-2.22459221235131621e-01,-1.68204318354067767e-01,2.78892089929954512e-01,-2.50355756768262556e-02
3576,7.06250000000000044e-01,5.56250000000000022e-01,-2.21133677079290186e-01,-1.85281405428348173e-01,2.88494891351843030e-01,-4.10307696815833817e-02
3577,7.18750000000000000e-01,5.56250000000000022e-01,-2.19212396197324882e-01,-2.02543492755026699e-01,2.98459278803622552e-01,-2.07138780237689432e-02
3578,7.31250000000000067e-01,5.56250000000000022e-01,-2.16077393633238607e-01,-2.18641600593392743e-01,3.07398096203236493e-01,-3.54481749689241760e-02
3579,7.43750000000000022e-01,5.56250000000000022e-01,-2.12249838555369025e-01,-2.34508891650801660e-01,3.16297983284856976e-01,-1.60324257913697990e-02
3580,7.56250000000000089e-01,5.56250000000000022e-01,-2.07010459814959746e-01,-2.48755676044264629e-01,3.23624345247758183e-01,-2.94443986941266625e-02
3581,7.68750000000000044e-01,5.56250000000000022e-01,-2.01012220404366865e-01,-2.62252349824284414e-01,3.30427310826833132e-01,-1.12794767012101404e-02
3582,7.81250000000000000e-01,5.56250000000000022e-01,-1.93438870264346308e-01,-2.73586468435987606e-01,3.35064400138872176e-01,-2.33353409311897950e-02
3583,7.93750000000000067e-01,5.56250000000000022e-01,-1.85102016355461474e-01,-2.83557961240554934e-01,3.38626451775046022e-01,-6.81565564719314922e-03
3584,8.06250000000000022e-01,5.56250000000000022e-01,-1.75098947302202407e-01,-2.90765175928792197e-01,3.39417190017301473e-01,-1.75044230670139932e-02
3585,8.18750000000000089e-01,5.56250000000000022e-01,-1.64428794286601426e-01,-2.95939326779028067e-01,3.38551197789890956e-01,-3.04866134289212120e-03
3586,8.31250000000000044e-01,5.56250000000000022e-01,-1.52118293487702894e-01,-2.97744048806942774e-01,3.34352349795185411e-01,-1.23688938887078284e-02
3587,8.43750000000000000e-01,5.56250000000000022e-01,-1.39380733649794503e-01,-2.96857405630000071e-01,3.27950161137526119e-01,-3.87750301839603461e-04
3588,8.56250000000000067e-01,5.56250000000000022e-01,-1.25190136521361933e-01,-2.92086898426634434e-01,3.17785031923670525e-01,-8.32547463745449828e-03
3589,8.68750000000000022e-01,5.56250000000000022e-01,-1.10990685754096485e-01,-2.84087674401079626e-01,3.04999572246877793e-01,8.20144851988891845e-04
3590,8.81250000000000089e-01,5.56250000000000022e-01,-9.57167977428347444e-02,-2.71910146106915274e-01,2.88265212826707085e-01,-5.68115310386305399e-03
3591,8.93750000000000044e-01,5.56250000000000022e-01,-8.10396543711068978e-02,-2.56223817699661294e-01,2.68734200162870474e-01,3.61516172206594131e-04
3592,9.06250000000000000e-01,5.56250000000000022e-01,-6.58539006542550737e-02,-2.36425365237562662e-01,2.45425527521273557e-01,-4.58577187462638237e-03
3593,9.18750000000000067e-01,5.56250000000000022e-01,-5.20225848203759791e-02,-2.13222340541129873e-01,2.19476914132741452e-01,-1.78761149459002316e-03
3594,9.31250000000000022e-01,5.56250000000000022e-01,-3.83815764471410331e-02,-1.86434059790508200e-01,1.90343909964407643e-01,-4.99307622909893421e-03
3595,9.43750000000000089e-01,5.56250000000000022e-01,-2.69163658858789616e-02,-1.56785089619815188e-01,1.59078770046779006e-01,-5.44921750553171557e-03
3596,9.56250000000000044e-01,5.56250000000000022e-01,-1.63717072923166666e-02,-1.24529340011009293e-01,1.25600912907680939e-01,-6.67791589807689451e-03
3597,9.68750000000000000e-01,5.56250000000000022e-01,-8.76496751473422250e-03,-9.03176139428754909e-02,9.07419199921879749e-02,-1.02963824034112434e-02
3598,9.81250000000000067e-01,5.56250000000000022e-01,-2.72574103147971668e-03,-5.47653578804438573e-02,5.48331477114325991e-02,-9.32220569702492223e-03
3599,9.93750000000000022e-01,5.56250000000000022e-01,-2.21182826017257440e-04,-1.82883256911129076e-02,1.82896631578262116e-02,-1.59711040181517230e-02
3600,6.25000000000000035e-03,5.68749999999999978e-01,-1.99308337213929343e-04,1.37710148115188762e-02,1.37724570339629385e-02,-2.22866659106972093e-02
3601,1.87500000000000028e-02,5.68749999999999978e-01,-6.23779655332009123e-04,3.95325827222467591e-02,3.95375036863695947e-02,-2.23162903887293082e-02
3602,3.12500000000000000e-02,5.68749999999999978e-01,-2.55558677044711484e-03,6.31148010282737704e-02,6.31665190791757397e-02,-2.47236478907434665e-02
3603,4.37500000000000042e-02,5.68749999999999978e-01,-4.37964216756369512e-03,8.43020444537988245e-02,8.44157329210981494e-02,-2.21031826356816903e-02
3604,5.62500000000000014e-02,5.68749999999999978e-01,-7.54289582593361662e-03,1.03515545450541452e-01,1.03789996759629966e-01,-2.69122902209840975e-02
3605,6.87500000000000056e-02,5.68749999999999978e-01,-1.04768150605254462e-02,1.20423522789304696e-01,1.20878403756827624e-01,-2.17362371113239972e-02
3606,8.12500000000000028e-02,5.68749999999999978e-01,-1.45708776140677891e-02,1.35629743346472431e-01,1.36410182005135244e-01,-2.88840529671782822e-02
3607,9.37500000000000000e-02,5.68749999999999978e-01,-1.83350100836964201e-02,1.48676866489822423e-01,1.49803148244627121e-01,-2.12988815864310101e-02
3608,1.06250000000000011e-01,5.68749999999999978e-01,-2.30816283529448503e-02,1.60324213666528520e-01,1.61977205356846926e-01,-3.06861765120446210e-02
3609,1.18750000000000008e-01,5.68749999999999978e-01,-2.74249869392952719e-02,1.69989758975237465e-01,1.72187827865618426e-01,-2.08779758869777933e-02
3610,1.31250000000000006e-01,5.68749999999999978e-01,-3.25842110106700431e-02,1.78558967075688413e-01,1.81507673475048009e-01,-3.23721650742989850e-02
3611,1.43750000000000017e-01,5.68749999999999978e-01,-3.72959493246003415e-02,1.85332308153654479e-01,1.89047751326442109e-01,-2.05535628014245110e-02
3612,1.56250000000000000e-01,5.68749999999999978e-01,-4.26740468758273969e-02,1.91292050165835004e-01,1.95994190560354747e-01,-3.39950907657950926e-02
3613,1.68750000000000011e-01,5.68749999999999978e-01,-4.75876717883503622e-02,1.95633552317706016e-01,2.01338206256737012e-01,-2.03925014426472144e-02
3614,1.81250000000000022e-01,5.68749999999999978e-01,-5.30381775292660188e-02,1.99408828370082586e-01,2.06341777416874539e-01,-3.56031291464610836e-02
3615,1.93750000000000006e-01,5.68749999999999978e-01,-5.80302499464447064e-02,2.01724062865653392e-01,2.09904996243236025e-01,-2.04452829045844130e-02
3616,2.06250000000000017e-01,5.68749999999999978e-01,-6.34503190859997956e-02,2.03677524248634140e-01,2.13331846840006834e-01,-3.72367937580048991e-02
3617,2.18750000000000000e-01,5.68749999999999978e-01,-6.84357698027227290e-02,2.04303818789257602e-01,2.15461144897090590e-01,-2.07451772897331924e-02
3618,2.31250000000000011e-01,5.68749999999999978e-01,-7.37599615541652542e-02,2.04728085613263999e-01,2.17610020374393365e-01,-3.89273398955650232e-02
3619,2.43750000000000022e-01,5.68749999999999978e-01,-7.86858158963866378e-02,2.03930889419990852e-01,2.18584686753003327e-01,-2.13088252079993226e-02
3620,2.56250000000000033e-01,5.68749999999999978e-01,-8.38789270737267528e-02,2.03048997657155395e-01,2.19691988603624461e-01,-4.06958565888614066e-02
3621,2.68749999999999989e-01,5.68749999999999978e-01,-8.87176712832991043e-02,2.01025074969089945e-01,2.19731440545634593e-01,-2.21375027451265298e-02
3622,2.81250000000000000e-01,5.68749999999999978e-01,-9.37676489154514320e-02,1.98996148295172204e-01,2.19981451534999928e-01,-4.25526741994074406e-02
3623,2.93750000000000011e-01,5.68749999999999978e-01,-9.85109435316521842e-02,1.95880850410447449e-01,2.19257185864036058e-01,-2.32184996156101567e-02
3624,3.06250000000000022e-01,5.68749999999999978e-01,-1.03422409772097990e-01,1.92808552201274380e-01,2.18795184236352191e-01,-4.44968504969685888e-02
3625,3.18750000000000033e-01,5.68749999999999978e-01,-1.08075459146123751e-01,1.88685001181480683e-01,2.17445014981950846e-01,-2.45262820166573213e-02
3626,3.31250000000000044e-01,5.68749999999999978e-01,-1.12864032947894377e-01,1.84626977696420086e-01,2.16391799351495273e-01,-4.65156257873404408e-02
3627,3.43750000000000000e-01,5.68749999999999978e-01,-1.17440663038490323e-01,1.79535671022936438e-01,2.14535233713663648e-01,-2.60233127297586492e-02
3628,3.56250000000000011e-01,5.68749999999999978e-01,-1.22128047661581807e-01,1.74512853533414419e-01,2.13002338189054979e-01,-4.85838389175888979e-02
3629,3.68750000000000022e-01,5.68749999999999978e-01,-1.26646396536959721e-01,1.68460820193819832e-01,2.10756631440558312e-01,-2.76605492968182362e-02
3630,3.81250000000000033e-01,5.68749999999999978e-01,-1.31256084186068989e-01,1.62466011330061888e-01,2.08862070451674459e-01,-5.06633680422835520e-02
3631,3.93750000000000044e-01,5.68749999999999978e-01,-1.35734734538708657e-01,1.55435149725301314e-01,2.06358920161985121e-01,-2.93777381501894169e-02
3632,4.06250000000000000e-01,5.68749999999999978e-01,-1.40288122987669239e-01,1.48440743574182465e-01,2.04243511045662351e-01,-5.27027082687316767e-02
3633,4.18750000000000011e-01,5.68749999999999978e-01,-1.44742473257997190e-01,1.40395338052939772e-01,2.01646310434486414e-01,-3.11036837059175987e-02
3634,4.31250000000000022e-01,5.68749999999999978e-01,-1.49255167117113147e-01,1.32360321300974471e-01,1.99490249300697808e-01,-5.46368319246581663e-02
3635,4.43750000000000033e-01,5.68749999999999978e-01,-1.53693827096479496e-01,1.23253984870011921e-01,1.97011008001836435e-01,-3.27567133530007326e-02
3636,4.56250000000000044e-01,5.68749999999999978e-01,-1.58171894010004671e-01,1.14130565109205911e-01,1.95049055231905299e-01,-5.63875137339600735e-02
3637,4.68750000000000000e-01,5.68749999999999978e-01,-1.62592893398809668e-01,1.03913023350117859e-01,1.92962082818254277e-01,-3.42455914619848659e-02
3638,4.81250000000000011e-01,5.68749999999999978e-01,-1.67028859027872678e-01,9.36533683386334415e-02,1.91493062927419688e-01,-5.78643437967212987e-02
3639,4.93750000000000022e-01,5.68749999999999978e-01,-1.71415475896678993e-01,8.22776160258937989e-02,1.90139084555988519e-01,-3.54711607150243816e-02
3640,5.06249999999999978e-01,5.68749999999999978e-01,-1.75783873700230686e-01,7.08412987153843043e-02,1.89521660653184876e-01,-5.89666940004684864e-02
3641,5.18750000000000044e-01,5.68749999999999978e-01,-1.80099938872242793e-01,5.82717455584726568e-02,1.89292325021953728e-01,-3.63290361424252334e-02
3642,5.31250000000000000e-01,5.68749999999999978e-01,-1.84352304942666523e-01,4.56346032586140635e-02,1.89916532593255333e-01,-5.95869832845246222e-02
3643,5.43750000000000067e-01,5.68749999999999978e-01,-1.88536954432626358e-01,3.18568416338074201e-02,1.91209418035858586e-01,-3.67138092000043048e-02
3644,5.56250000000000022e-01,5.68749999999999978e-01,-1.92596356081729814e-01,1.80221583100329645e-02,1.93437727876731302e-01,-5.96158344808408944e-02
3645,5.68749999999999978e-01,5.68749999999999978e-01,-1.96558699942372656e-01,3.05495248948549781e-03,1.96582438833555778e-01,-3.65257662972517799e-02
3646,5.81250000000000044e-01,5.68749999999999978e-01,-2.00315347333223315e-01,-1.19307821248153621e-02,2.00670331487591141e-01,-5.89509586158269011e-02
3647,5.93750000000000000e-01,5.68749999999999978e-01,-2.03925181677087397e-01,-2.79997528406573520e-02,2.05838446071600040e-01,-3.56885627883603285e-02
3648,6.06250000000000067e-01,5.68749999999999978e-01,-2.07230977041068715e-01,-4.40316504191423583e-02,2.11857178504834986e-01,-5.74830548392399887e-02
3649,6.18750000000000022e-01,5.68749999999999978e-01,-2.10340754161894961e-01,-6.11063745136810957e-02,2.19037033096234651e-01,-3.40549197984391164e-02
3650,6.31250000000000089e-01,5.68749999999999978e-01,-2.13024436587859606e-01,-7.80621636981510270e-02,2.26876865248116344e-01,-5.50761564164496259e-02
3651,6.43750000000000044e-01,5.68749999999999978e-01,-2.15442423894954993e-01,-9.59714336018458458e-02,2.35851550941109933e-01,-3.15737900913268879e-02
3652,6.56250000000000000e-01,5.68749999999999978e-01,-2.17283611731028892e-01,-1.13628473370229757e-01,2.45201137614264597e-01,-5.16822003213261369e-02
3653,6.68750000000000067e-01,5.68749999999999978e-01,-2.18770237516833943e-01,-1.32090980445255274e-01,2.55555168091276819e-01,-2.82370711018505062e-02
3654,6.81250000000000022e-01,5.68749999999999978e-01,-2.19499778420570613e-01,-1.50104534443571164e-01,2.65916385330428329e-01,-4.72985648754037022e-02
3655,6.93750000000000089e-01,5.68749999999999978e-01,-2.19769663992655712e-01,-1.68701813237305043e-01,2.77054158967158182e-01,-2.40946349072804281e-02
3656,7.06250000000000044e-01,5.68749999999999978e-01,-2.19075400802562326e-01,-1.86575878348924029e-01,2.87757866301645737e-01,-4.19854742175543583e-02
3657,7.18750000000000000e-01,5.68749999999999978e-01,-2.17806831872316031e-01,-2.04720939886909620e-01,2.98915505182375918e-01,-1.92690924535792382e-02
3658,7.31250000000000067e-01,5.68749999999999978e-01,-2.15348814227746016e-01,-2.21776751491721824e-01,3.09127868836695519e-01,-3.58820426410610613e-02
3659,7.43750000000000022e-01,5.68749999999999978e-01,-2.12205197984600913e-01,-2.38683605896492818e-01,3.19375812758943833e-01,-1.39685048902245239e-02
3660,7.56250000000000089e-01,5.68749999999999978e-01,-2.07645426697702334e-01,-2.54033067533334711e-01,3.28099714460202863e-01,-2.92185137940317169e-02
3661,7.68750000000000044e-01,5.68749999999999978e-01,-2.02313844112914060e-01,-2.68696540506912773e-01,3.36346134807771369e-01,-8.49308928404815880e-03
3662,7.81250000000000000e-01,5.68749999999999978e-01,-1.95365605867296427e-01,-2.81232733558426318e-01,3.42431847789659627e-01,-2.23201548286400715e-02
3663,7.93750000000000067e-01,5.68749999999999978e-01,-1.87616859162247906e-01,-2.92433754518778621e-01,3.47444364789322835e-01,-3.23035484301914446e-03
3664,8.06250000000000022e-01,5.68749999999999978e-01,-1.78116867894006659e-01,-3.00856843716042432e-01,3.49629030601221968e-01,-1.55966252459433657e-02
3665,8.18750000000000089e-01,5.68749999999999978e-01,-1.67888157418438988e-01,-3.07214537533499477e-01,3.50095994654723963e-01,1.36778280343701278e-03
3666,8.31250000000000044e-01,5.68749999999999978e-01,-1.55889558371386738e-01,-3.10116672104438607e-01,3.47093510060844990e-01,-9.51037842523205779e-03
3667,8.43750000000000000e-01,5.68749999999999978e-01,-1.43383538976785491e-01,-3.10211849799105488e-01,3.41745857334496694e-01,4.83114199310184789e-03
3668,8.56250000000000067e-01,5.68749999999999978e-01,-1.29257909194543164e-01,-3.06244194946714343e-01,3.32405045130043042e-01,-4.52047837960742327e-03
3669,8.68750000000000022e-01,5.68749999999999978e-01,-1.15039394719350832e-01,-2.98832550126217122e-01,3.20210798306885147e-01,6.74073825171768448e-03
3670,8.81250000000000089e-01,5.68749999999999978e-01,-9.95611560872997764e-02,-2.86962839854509322e-01,3.03743469491616291e-01,-1.00586403118569658e-03
3671,8.93750000000000044e-01,5.68749999999999978e-01,-8.46168615356564374e-02,-2.71270383822374950e-01,2.84161282364932821e-01,6.81130771073349545e-03
3672,9.06250000000000000e-01,5.68749999999999978e-01,-6.89883593075738266e-02,-2.51100343071632481e-01,2.60405023013463466e-01,8.15264487951243978e-04
3673,9.18750000000000067e-01,5.68749999999999978e-01,-5.47038591412933942e-02,-2.27140785064701312e-01,2.33635289382317646e-01,4.96283183928095031e-03
3674,9.31250000000000022e-01,5.68749999999999978e-01,-4.04762801688498958e-02,-1.99188559199380028e-01,2.03259468099845603e-01,9.39769075468969311e-04
3675,9.43750000000000089e-01,5.68749999999999978e-01,-2.84947434943433574e-02,-1.67973734545304842e-01,1.70373489439833214e-01,1.34673907471377727e-03
3676,9.56250000000000044e-01,5.68749999999999978e-01,-1.73685638587372064e-02,-1.33766446761722752e-01,1.34889322371238268e-01,-4.27239940405538590e-04
3677,9.68750000000000000e-01,5.68749999999999978e-01,-9.34543382854997363e-03,-9.72473320970136945e-02,9.76953465290475165e-02,-3.70321713840814602e-03
3678,9.81250000000000067e-01,5.68749999999999978e-01,-2.90288754855195326e-03,-5.90837793276815723e-02,5.91550482694563479e-02,-2.96067658990610419e-03
3679,9.93750000000000022e-01,5.68749999999999978e-01,-2.50548497246780657e-04,-1.97465153857242087e-02,1.97481048313025605e-02,-9.80052104855012873e-03
3680,6.25000000000000035e-03,5.81250000000000044e-01,-1.97813272353133832e-04,1.42099926759604971e-02,1.42113694604555970e-02,-2.30982962498149612e-02
3681,1.87500000000000028e-02,5.81250000000000044e-01,-6.09060332698835522e-04,4.07416283051932338e-02,4.07461805749617448e-02,-2.32134461336017464e-02
3682,3.12500000000000000e-02,5.81250000000000044e-01,-2.52184823411196390e-03,6.50277856487409128e-02,6.50766672847840899e-02,-2.54926604124155951e-02
3683,4.37500000000000042e-02,5.81250000000000044e-01,-4.31853349554550854e-03,8.68161112547665148e-02,8.69234542856653081e-02,-2.31284540412478624e-02
3684,5.62500000000000014e-02,5.81250000000000044e-01,-7.45079118056515225e-03,1.06590181115985810e-01,1.06850273745812394e-01,-2.77134190532799356e-02
3685,6.87500000000000056e-02,5.81250000000000044e-01,-1.03410067282579260e-02,1.23942284814372986e-01,1.24372932686983892e-01,-2.29422943702971976e-02
3686,8.12500000000000028e-02,5.81250000000000044e-01,-1.43867555680187807e-02,1.39571233534143302e-01,1.40310754990543379e-01,-2.97848259922356487e-02
3687,9.37500000000000000e-02,5.81250000000000044e-01,-1.80842581567776314e-02,1.52917614336080254e-01,1.53983236643860544e-01,-2.27244053512303118e-02
3688,1.06250000000000011e-01,5.81250000000000044e-01,-2.27579503889851764e-02,1.64863447965741955e-01,1.66426803072883711e-01,-3.17446433605760581e-02
3689,1.18750000000000008e-01,5.81250000000000044e-01,-2.70050779635121127e-02,1.74703941582769584e-01,1.76778792394255063e-01,-2.25482388614109686e-02
3690,1.31250000000000006e-01,5.81250000000000044e-01,-3.20606198343630633e-02,1.83467144236963420e-01,1.86247352621803169e-01,-3.36357354725815225e-02
3691,1.43750000000000017e-01,5.81250000000000044e-01,-3.66419036375559351e-02,1.90315985420025591e-01,1.93811257177129243e-01,-2.24820603508382004e-02
3692,1.56250000000000000e-01,5.81250000000000044e-01,-4.18819610183948782e-02,1.96387298042872555e-01,2.00803559458806402e-01,-3.55002660092755204e-02
3693,1.68750000000000011e-01,5.81250000000000044e-01,-4.66290579483298606e-02,2.00730220317455604e-01,2.06074963044623582e-01,-2.25831451029840508e-02
3694,1.81250000000000022e-01,5.81250000000000044e-01,-5.19063529628707165e-02,2.04556123270683260e-01,2.11039041519423792e-01,-3.73759818837983704e-02
3695,1.93750000000000006e-01,5.81250000000000044e-01,-5.66966136375650631e-02,2.06822005706665341e-01,2.14452437716373928e-01,-2.28948276766236143e-02
3696,2.06250000000000017e-01,5.81250000000000044e-01,-6.19099193058857064e-02,2.08784287176172062e-01,2.17769870919104797e-01,-3.92940562895168419e-02
3697,2.18750000000000000e-01,5.81250000000000044e-01,-6.66611929141407017e-02,2.09330326534262839e-01,2.19688188684957264e-01,-2.34456501034849343e-02
3698,2.31250000000000011e-01,5.81250000000000044e-01,-7.17485488645285274e-02,2.09737596201925669e-01,2.21670281104002886e-01,-4.12779264175870825e-02
3699,2.43750000000000022e-01,5.81250000000000044e-01,-7.64123267504152048e-02,2.08845189497400552e-01,2.22385154305806493e-01,-2.42497797978409729e-02
3700,2.56250000000000033e-01,5.81250000000000044e-01,-8.13433265657436677e-02,2.07933162991751491e-01,2.23277712834343389e-01,-4.33426171115982098e-02
3701,2.68749999999999989e-01,5.81250000000000044e-01,-8.58976156050996198e-02,2.05811181384991188e-01,2.23017135551793866e-01,-2.53079721440779802e-02
3702,2.81250000000000000e-01,5.81250000000000044e-01,-9.06658971705250200e-02,2.03748547829115251e-01,2.23010707483316778e-01,-4.54941797221976099e-02
3703,2.93750000000000011e-01,5.81250000000000044e-01,-9.51085850477976918e-02,2.00540976615899813e-01,2.21951179883894817e-01,-2.66085631813022840e-02
3704,3.06250000000000022e-01,5.81250000000000044e-01,-9.97250817306421095e-02,1.97438197134666982e-01,2.21194334497904516e-01,-4.77290392962212637e-02
3705,3.18750000000000033e-01,5.81250000000000044e-01,-1.04068104392910185e-01,1.93233782926156672e-01,2.19475431918669861e-01,-2.81282076917049144e-02
3706,3.31250000000000044e-01,5.81250000000000044e-01,-1.08555227540499788e-01,1.89152899612712644e-01,2.18089561552740591e-01,-5.00331871091496336e-02
3707,3.43750000000000000e-01,5.81250000000000044e-01,-1.12819567379978572e-01,1.83995196472314021e-01,2.15829764186246942e-01,-2.98322707193798241e-02
3708,3.56250000000000011e-01,5.81250000000000044e-01,-1.17206260810750584e-01,1.78959445762799152e-01,2.13924731625321773e-01,-5.23812592348291833e-02
3709,3.68750000000000022e-01,5.81250000000000044e-01,-1.21417649101310657e-01,1.72856327390406267e-01,2.11238148619486615e-01,-3.16749171692269973e-02
3710,3.81250000000000033e-01,5.81250000000000044e-01,-1.25735135987102786e-01,1.66858946572487538e-01,2.08928773683701774e-01,-5.47356054398775785e-02
3711,3.93750000000000044e-01,5.81250000000000044e-01,-1.29920258653918014e-01,1.59791184975343420e-01,2.05942944536892020e-01,-3.35990314203516369e-02
3712,4.06250000000000000e-01,5.81250000000000044e-01,-1.34198246561525875e-01,1.52803245938953891e-01,2.03366667253187111e-01,-5.70454881756932847e-02
3713,4.18750000000000011e-01,5.81250000000000044e-01,-1.38381221741850385e-01,1.44732141407805659e-01,2.00241742120009086e-01,-3.55361504920067781e-02
3714,4.31250000000000022e-01,5.81250000000000044e-01,-1.42644311799572404e-01,1.36709553242043036e-01,1.97577583840912036e-01,-5.92465771144299186e-02
3715,4.43750000000000033e-01,5.81250000000000044e-01,-1.46843197461578617e-01,1.27583862052159824e-01,1.94526518749718852e-01,-3.74066220937613950e-02
3716,4.56250000000000044e-01,5.81250000000000044e-01,-1.51107238957448348e-01,1.18473888242401348e-01,1.92014217860595943e-01,-6.12609201501879697e-02
3717,4.68750000000000000e-01,5.81250000000000044e-01,-1.55330324667082353e-01,1.08236470326249182e-01,1.89321534089142207e-01,-3.91202144135413821e-02
3718,4.81250000000000011e-01,5.81250000000000044e-01,-1.59598461748101800e-01,9.79842487357613368e-02,1.87276752408492647e-01,-6.29976052960328908e-02
3719,4.93750000000000022e-01,5.81250000000000044e-01,-1.63840103645830709e-01,8.65789818079354956e-02,1.85309200132037083e-01,-4.05774358118095521e-02
3720,5.06249999999999978e-01,5.81250000000000044e-01,-1.68098282704983837e-01,7.51346569029863881e-02,1.84125634598483190e-01,-6.43543847323555934e-02
3721,5.18750000000000044e-01,5.81250000000000044e-01,-1.72334069567881609e-01,6.25142742801519657e-02,1.83322300941815397e-01,-4.16718464881807582e-02
3722,5.31250000000000000e-01,5.81250000000000044e-01,-1.76545867896147846e-01,4.98414813595572173e-02,1.83446495565653095e-01,-6.52206549403342717e-02
3723,5.43750000000000067e-01,5.81250000000000044e-01,-1.80726979680924466e-01,3.59770790226792495e-02,1.84273143457188010e-01,-4.22935749708047426e-02
3724,5.56250000000000022e-01,5.81250000000000044e-01,-1.84827844639436467e-01,2.20637696397946066e-02,1.86140114120459221e-01,-6.54824813070649936e-02
3725,5.68749999999999978e-01,5.81250000000000044e-01,-1.88874481495730856e-01,6.95708024661198000e-03,1.89002568040328417e-01,-4.23338085554415960e-02
3726,5.81250000000000044e-01,5.81250000000000044e-01,-1.92765853170930368e-01,-8.16851078327817531e-03,1.92938847091852439e-01,-6.50315249463863654e-02
3727,5.93750000000000000e-01,5.81250000000000044e-01,-1.96558062545224149e-01,-2.44508673730787079e-02,1.98073008930616634e-01,-4.17318244126871005e-02
3728,6.06250000000000067e-01,5.81250000000000044e-01,-2.00095753533833048e-01,-4.06955771123214127e-02,2.04192165811466320e-01,-6.37660028722474848e-02
3729,6.18750000000000022e-01,5.81250000000000044e-01,-2.03491618056644591e-01,-5.80685869569631044e-02,2.11614742894935620e-01,-4.03168934433857998e-02
3730,6.31250000000000089e-01,5.81250000000000044e-01,-2.06512363598802318e-01,-7.53314794673017735e-02,2.19823083678435477e-01,-6.15268788922720203e-02
3731,6.43750000000000044e-01,5.81250000000000044e-01,-2.09325340467363924e-01,-9.36498653004357029e-02,2.29319417914330970e-01,-3.80253561385819894e-02
3732,6.56250000000000000e-01,5.81250000000000044e-01,-2.11612107702620761e-01,-1.11733490233055441e-01,2.39299095205155049e-01,-5.82569486991893759e-02
3733,6.68750000000000067e-01,5.81250000000000044e-01,-2.13603036804897173e-01,-1.30742286102991601e-01,2.50439219587729023e-01,-3.48372870155449071e-02
3734,6.81250000000000022e-01,5.81250000000000044e-01,-2.14883436675859352e-01,-1.49326785841929266e-01,2.61674187354254462e-01,-5.39430083314991829e-02
3735,6.93750000000000089e-01,5.81250000000000044e-01,-2.15759447342143834e-01,-1.68631590918135316e-01,2.73840743084312888e-01,-3.07903369845902684e-02
3736,7.06250000000000044e-01,5.81250000000000044e-01,-2.15708523537089580e-01,-1.87241880494407875e-01,2.85639088602441193e-01,-4.86350186202543847e-02
3737,7.18750000000000000e-01,5.81250000000000044e-01,-2.15129261756857093e-01,-2.06272813866419019e-01,2.98042065830346647e-01,-2.59957884645848798e-02
3738,7.31250000000000067e-01,5.81250000000000044e-01,-2.13381477359517818e-01,-2.24241053216743730e-01,3.09541119769062179e-01,-4.24641842831753880e-02
3739,7.43750000000000022e-01,5.81250000000000044e-01,-2.10977481086287028e-01,-2.42214842407148051e-01,3.21215702305840234e-01,-2.06536784181577220e-02
3740,7.56250000000000089e-01,5.81250000000000044e-01,-2.07153752873625890e-01,-2.58645034644853611e-01,3.31375815768237381e-01,-3.56579968225466948e-02
3741,7.68750000000000044e-01,5.81250000000000044e-01,-2.02562992608891573e-01,-2.74534553305923690e-01,3.41175888558310825e-01,-1.50627213626265896e-02
3742,7.81250000000000000e-01,5.81250000000000044e-01,-1.96319083840621245e-01,-2.88281652741050221e-01,3.48780008009536513e-01,-2.85475399677774140e-02
3743,7.93750000000000067e-01,5.81250000000000044e-01,-1.89247593795073527e-01,-3.00808893632357577e-01,3.55388016463059953e-01,-9.61901849310260390e-03
3744,8.06250000000000022e-01,5.81250000000000044e-01,-1.80348884144826777e-01,-3.10492278808658595e-01,3.59069875110789416e-01,-2.15601949929806712e-02
3745,8.18750000000000089e-01,5.81250000000000044e-01,-1.70658624977238965e-01,-3.18168636300082019e-01,3.61047984905297270e-01,-4.79614708709045958e-03
3746,8.31250000000000044e-01,5.81250000000000044e-01,-1.59081398323340978e-01,-3.22247276066755295e-01,3.59374732312878475e-01,-1.51899378901137333e-02
3747,8.43750000000000000e-01,5.81250000000000044e-01,-1.46901067631389270e-01,-3.23490855381450115e-01,3.55283347747490541e-01,-1.09971567044065180e-03
3748,8.56250000000000067e-01,5.81250000000000044e-01,-1.32950005510055508e-01,-3.20429864214249516e-01,3.46916419106225282e-01,-9.93959735017699471e-03
3749,8.68750000000000022e-01,5.81250000000000044e-01,-1.18790801881405700e-01,-3.13786024356477733e-01,3.35518887237471919e-01,1.00575805182898841e-03
3750,8.81250000000000089e-01,5.81250000000000044e-01,-1.03205524714566968e-01,-3.02331718274240935e-01,3.19461810246959077e-01,-6.23721147313091844e-03
3751,8.93750000000000044e-01,5.81250000000000044e-01,-8.80447747550608395e-02,-2.86798003287796643e-01,3.00008294971216449e-01,1.18871297925416731e-03
3752,9.06250000000000000e-01,5.81250000000000044e-01,-7.20487453601636463e-02,-2.66337629295404554e-01,2.75910772690502348e-01,-4.34294550746198559e-03
3753,9.18750000000000067e-01,5.81250000000000044e-01,-5.73277762230535656e-02,-2.41735595194847275e-01,2.48440278358577710e-01,-6.64195550758328395e-04
3754,9.31250000000000022e-01,5.81250000000000044e-01,-4.25641376958125137e-02,-2.12642666386531592e-01,2.16860806476785628e-01,-4.28016720620360246e-03
3755,9.43750000000000089e-01,5.81250000000000044e-01,-3.00523657880909199e-02,-1.79893760812355002e-01,1.82386704199275468e-01,-4.40921930768423381e-03
3756,9.56250000000000044e-01,5.81250000000000044e-01,-1.83776281571644134e-02,-1.43678379397927769e-01,1.44848934835910603e-01,-5.83313858813567197e-03
3757,9.68750000000000000e-01,5.81250000000000044e-01,-9.90706387639550719e-03,-1.04784010145316783e-01,1.05251312090561752e-01,-9.69162512585929059e-03
3758,9.81250000000000067e-01,5.81250000000000044e-01,-3.09143345348150862e-03,-6.38602468417495961e-02,6.39350302063469295e-02,-8.64032487614157206e-03
3759,9.93750000000000022e-01,5.81250000000000044e-01,-2.61192713719623647e-04,-2.14421370900400241e-02,2.14437278620525848e-02,-1.60885361920294102e-02
3760,6.25000000000000035e-03,5.93750000000000000e-01,-2.23191233633228186e-04,1.45781975083717763e-02,1.45799059297331470e-02,-2.64192532889001887e-02
3761,1.87500000000000028e-02,5.93750000000000000e-01,-5.84832521111059659e-04,4.18566235198330888e-02,4.18607090427144321e-02,-2.60805622589079314e-02
3762,3.12500000000000000e-02,5.93750000000000000e-01,-2.54067296732868623e-03,6.68248001752074633e-02,6.68730808142059679e-02,-2.90018164956504093e-02
3763,4.37500000000000042e-02,5.93750000000000000e-01,-4.28028723303767924e-03,8.92308098522159171e-02,8.93334108028995960e-02,-2.56824734961621642e-02
3764,5.62500000000000014e-02,5.93750000000000000e-01,-7.44010984239793210e-03,1.09538717718304174e-01,1.09791101250680923e-01,-3.13264567370811556e-02
3765,6.87500000000000056e-02,5.93750000000000000e-01,-1.02610628278294660e-02,1.27359137598494737e-01,1.27771825298807484e-01,-2.51297606519753150e-02
3766,8.12500000000000028e-02,5.93750000000000000e-01,-1.43079566242323101e-02,1.43373865470726058e-01,1.44086026119047250e-01,-3.34096529449580126e-02
3767,9.37500000000000000e-02,5.93750000000000000e-01,-1.79156711785274890e-02,1.57047541709001676e-01,1.58066130561286738e-01,-2.45081918266354983e-02
3768,1.06250000000000011e-01,5.93750000000000000e-01,-2.25528198005739700e-02,1.69246075179963151e-01,1.70742096873556348e-01,-3.52916874240661871e-02
3769,1.18750000000000008e-01,5.93750000000000000e-01,-2.66816316341211869e-02,1.79291741134751131e-01,1.81266207291346931e-01,-2.39112327849999758e-02
3770,1.31250000000000006e-01,5.93750000000000000e-01,-3.16547039707928968e-02,1.88197004210320373e-01,1.90840594940431568e-01,-3.70267911220206886e-02
3771,1.43750000000000017e-01,5.93750000000000000e-01,-3.60837285121297716e-02,1.95152797314765147e-01,1.98460700802740531e-01,-2.34279968870531180e-02
3772,1.56250000000000000e-01,5.93750000000000000e-01,-4.11914515362109684e-02,2.01280583663595719e-01,2.05452206217450417e-01,-3.86745650517388642e-02
3773,1.68750000000000011e-01,5.93750000000000000e-01,-4.57501315608394160e-02,2.05656931199619836e-01,2.10684237398717805e-01,-2.31348500383168620e-02
3774,1.81250000000000022e-01,5.93750000000000000e-01,-5.08454229093914661e-02,2.09477928029915772e-01,2.15560338101751570e-01,-4.02931754736652603e-02
3775,1.93750000000000006e-01,5.93750000000000000e-01,-5.54117771190190470e-02,2.11726459693980962e-01,2.18857393702005826e-01,-2.30906714444211320e-02
3776,2.06250000000000017e-01,5.93750000000000000e-01,-6.03968885483050846e-02,2.13643808292048099e-01,2.22016803345705754e-01,-4.19344918959292726e-02
3777,2.18750000000000000e-01,5.93750000000000000e-01,-6.48916372190211366e-02,2.14141127981984036e-01,2.23757340157505258e-01,-2.33351442780282033e-02
3778,2.31250000000000011e-01,5.93750000000000000e-01,-6.97103581038008013e-02,2.14481079871806729e-01,2.25525314876038885e-01,-4.36409391750576733e-02
3779,2.43750000000000022e-01,5.93750000000000000e-01,-7.40893752891795265e-02,2.13524202618354114e-01,2.26012877143194707e-01,-2.38890992891894402e-02
3780,2.56250000000000033e-01,5.93750000000000000e-01,-7.87184344588952173e-02,2.12536296210905723e-01,2.26645690739332689e-01,-4.54436071175201572e-02
3781,2.68749999999999989e-01,5.93750000000000000e-01,-8.29650769698448837e-02,2.10346044835657414e-01,2.26116480103986855e-01,-2.47559223287675337e-02
3782,2.81250000000000000e-01,5.93750000000000000e-01,-8.74059866210220443e-02,2.08209269039473371e-01,2.25811660928186109e-01,-4.73611321620762901e-02
3783,2.93750000000000011e-01,5.93750000000000000e-01,-9.15241036559098775e-02,2.04938307132107478e-01,2.24446811695314025e-01,-2.59232475033187616e-02
3784,3.06250000000000022e-01,5.93750000000000000e-01,-9.57960129797472554e-02,2.01770355450357930e-01,2.23356558984462522e-01,-4.93989630757020876e-02
3785,3.18750000000000033e-01,5.93750000000000000e-01,-9.98039304243124453e-02,1.97513302439301708e-01,2.21296925348320350e-01,-2.73644476918131520e-02
3786,3.31250000000000044e-01,5.93750000000000000e-01,-1.03937621352507240e-01,1.93380846861542999e-01,2.19543118920417807e-01,-5.15487642574529656e-02
3787,3.43750000000000000e-01,5.93750000000000000e-01,-1.07863092274372893e-01,1.88184754655350034e-01,2.16905390803650067e-01,-2.90397029216076970e-02
3788,3.56250000000000011e-01,5.93750000000000000e-01,-1.11896005397290360e-01,1.83113452076679339e-01,2.14595555301848623e-01,-5.37878446853620740e-02
3789,3.68750000000000022e-01,5.93750000000000000e-01,-1.15771961052768019e-01,1.76987653476681078e-01,2.11489423965325912e-01,-3.08966279463793840e-02
3790,3.81250000000000033e-01,5.93750000000000000e-01,-1.19744022372993558e-01,1.70971235471014976e-01,2.08733787999329984e-01,-5.60786085132128492e-02
3791,3.93750000000000044e-01,5.93750000000000000e-01,-1.23604888611881542e-01,1.63896140116449512e-01,2.05280571983386895e-01,-3.28705676922148304e-02
3792,4.06250000000000000e-01,5.93750000000000000e-01,-1.27554861461407598e-01,1.56904404974931855e-01,2.02210867618375811e-01,-5.83680994342333156e-02
3793,4.18750000000000011e-01,5.93750000000000000e-01,-1.31433181980972091e-01,1.48839219825875280e-01,1.98564333866932285e-01,-3.48847463384210979e-02
3794,4.31250000000000022e-01,5.93750000000000000e-01,-1.35395253571806234e-01,1.40825063961548369e-01,1.95354993101143681e-01,-6.05877532645135372e-02
3795,4.43750000000000033e-01,5.93750000000000000e-01,-1.39318353735460698e-01,1.31714681211844292e-01,1.91724700897658806e-01,-3.68505093712106838e-02
3796,4.56250000000000044e-01,5.93750000000000000e-01,-1.43318664048715516e-01,1.22620511868231905e-01,1.88616089969906281e-01,-6.26535305293188238e-02
3797,4.68750000000000000e-01,5.93750000000000000e-01,-1.47305082670285081e-01,1.12401984685252074e-01,1.85291644554424428e-01,-3.86679374580098378e-02
3798,4.81250000000000011e-01,5.93750000000000000e-01,-1.51357910613437840e-01,1.02166002708173317e-01,1.82611908742644491e-01,-6.44666625007231098e-02
3799,4.93750000000000022e-01,5.93750000000000000e-01,-1.55413318855228688e-01,9.07751622171808353e-02,1.79981748388975488e-01,-4.02271033892946800e-02
3800,5.06249999999999978e-01,5.93750000000000000e-01,-1.59516646398764089e-01,7.93381385090950741e-02,1.78157516541954219e-01,-6.59152836340154563e-02
3801,5.18750000000000044e-01,5.93750000000000000e-01,-1.63628982391459538e-01,6.67170604409907941e-02,1.76707696584929186e-01,-4.14102275511528048e-02
3802,5.31250000000000000e-01,5.93750000000000000e-01,-1.67759247186672261e-01,5.40303879882735386e-02,1.76245419352680982e-01,-6.68773249769079453e-02
3803,5.43750000000000067e-01,5.93750000000000000e-01,-1.71892857669855292e-01,4.01365705181205429e-02,1.76516568091681370e-01,-4.20948448384234203e-02
3804,5.56250000000000022e-01,5.93750000000000000e-01,-1.75998935065857176e-01,2.61725175582119066e-02,1.77934330076156805e-01,-6.72252230123675243e-02
3805,5.68749999999999978e-01,5.93750000000000000e-01,-1.80087412581852263e-01,1.09907548535595253e-02,1.80422484360118818e-01,-4.21571549808565510e-02
3806,5.81250000000000044e-01,5.93750000000000000e-01,-1.84083898862463818e-01,-4.24438319364371392e-03,1.84132823280099334e-01,-6.68331978869384224e-02
3807,5.93750000000000000e-01,5.93750000000000000e-01,-1.88018325589386665e-01,-2.06719949109898972e-02,1.89151320722422134e-01,-4.15333717550405573e-02
3808,6.06250000000000067e-01,5.93750000000000000e-01,-1.91766429040678033e-01,-3.70953424990016073e-02,1.95321344819586074e-01,-6.55971225635189614e-02
3809,6.18750000000000022e-01,5.93750000000000000e-01,-1.95413387176179953e-01,-5.46918229201243181e-02,2.02922614269562984e-01,-4.00334658565480242e-02
3810,6.31250000000000089e-01,5.93750000000000000e-01,-1.98759756239923258e-01,-7.22257715727600141e-02,2.11475773505700237e-01,-6.33240962161761012e-02
3811,6.43750000000000044e-01,5.93750000000000000e-01,-2.01940775783471027e-01,-9.08736482678806773e-02,2.21445471557999152e-01,-3.75705367630212658e-02
3812,6.56250000000000000e-01,5.93750000000000000e-01,-2.04673563480190224e-01,-1.09348205048720629e-01,2.32052359468841674e-01,-5.99334549946067066e-02
3813,6.68750000000000067e-01,5.93750000000000000e-01,-2.07153527733976162e-01,-1.28821496200264091e-01,2.43941718317933237e-01,-3.41074872443584073e-02
3814,6.81250000000000022e-01,5.93750000000000000e-01,-2.08999590168092830e-01,-1.47945663217038503e-01,2.56063952861702360e-01,-5.53885368822721325e-02
3815,6.93750000000000089e-01,5.93750000000000000e-01,-2.10482272136593956e-01,-1.67878444277190730e-01,2.69232165494231068e-01,-2.96670376612262407e-02
3816,7.06250000000000044e-01,5.93750000000000000e-01,-2.11106435330808112e-01,-1.87203726482909172e-01,2.82154500667929353e-01,-4.97167816057582715e-02
3817,7.18750000000000000e-01,5.93750000000000000e-01,-2.11236985369691876e-01,-2.07049565997044910e-01,2.95788077460265586e-01,-2.43492249921729749e-02
3818,7.31250000000000067e-01,5.93750000000000000e-01,-2.10250184167208226e-01,-2.25926328191172532e-01,3.08622497093602011e-01,-4.30304356596923204e-02
3819,7.43750000000000022e-01,5.93750000000000000e-01,-2.08629665540986525e-01,-2.44912762889362146e-01,3.21727522555725454e-01,-1.83496594748131514e-02
3820,7.56250000000000089e-01,5.93750000000000000e-01,-2.05612380437385445e-01,-2.62445494023544335e-01,3.33397792917695224e-01,-3.55455641112114029e-02
3821,7.68750000000000044e-01,5.93750000000000000e-01,-2.01831237124895896e-01,-2.79532486844589256e-01,3.44781466266512682e-01,-1.19737626188487038e-02
3822,7.81250000000000000e-01,5.93750000000000000e-01,-1.96379833876886206e-01,-2.94546219143175192e-01,3.54009200961010073e-01,-2.75946169203371075e-02
3823,7.93750000000000067e-01,5.93750000000000000e-01,-1.90077870412126343e-01,-3.08405070165273465e-01,3.62275149746786151e-01,-5.64049780492624758e-03
3824,8.06250000000000022e-01,5.93750000000000000e-01,-1.81880887919640133e-01,-3.19444053173113141e-01,3.67593743823399988e-01,-1.96249771231454782e-02
3825,8.18750000000000089e-01,5.93750000000000000e-01,-1.72839229136526135e-01,-3.28482973306192416e-01,3.71179825530140173e-01,1.33065934787111813e-04
3826,8.31250000000000044e-01,5.93750000000000000e-01,-1.61786275314361933e-01,-3.33872627542558753e-01,3.71006375015668244e-01,-1.21739615924425209e-02
3827,8.43750000000000000e-01,5.93750000000000000e-01,-1.50049545081741703e-01,-3.36344023226714584e-01,3.68296304542375719e-01,4.77543851865918322e-03
3828,8.56250000000000067e-01,5.93750000000000000e-01,-1.36364716330373531e-01,-3.34353018531942381e-01,3.61091784538619287e-01,-5.81196290555717216e-03
3829,8.68750000000000022e-01,5.93750000000000000e-01,-1.22376929393695488e-01,-3.28577639882888850e-01,3.50627121425081567e-01,7.73766744691189567e-03
3830,8.81250000000000089e-01,5.93750000000000000e-01,-1.06749767811267923e-01,-3.17707585889651534e-01,3.35162084758389600e-01,-1.05276194032611400e-03
3831,8.93750000000000044e-01,5.93750000000000000e-01,-9.14650015936691319e-02,-3.02427598826192134e-01,3.15956166340057520e-01,8.59700952755993071e-03
3832,9.06250000000000000e-01,5.93750000000000000e-01,-7.51276876919070302e-02,-2.81816222382856640e-01,2.91658280623191712e-01,1.75414186661479476e-03
3833,9.18750000000000067e-01,5.93750000000000000e-01,-6.00339230537457122e-02,-2.56625653685218502e-01,2.63554165299258292e-01,7.16138137275859794e-03
3834,9.31250000000000022e-01,5.93750000000000000e-01,-4.47176457283980436e-02,-2.26463012978041056e-01,2.30835794638922731e-01,2.51289513427070416e-03
3835,9.43750000000000089e-01,5.93750000000000000e-01,-3.17111765776648818e-02,-1.92160329059011703e-01,1.94759315012164425e-01,3.52871307683368714e-03
3836,9.56250000000000044e-01,5.93750000000000000e-01,-1.94368018292426434e-02,-1.53910955074231942e-01,1.55133398587188470e-01,1.40114071956317201e-03
3837,9.68750000000000000e-01,5.93750000000000000e-01,-1.05379040067746649e-02,-1.12533436295710484e-01,1.13025756822844256e-01,-1.94872528670626257e-03
3838,9.81250000000000067e-01,5.93750000000000000e-01,-3.28276968383491930e-03,-6.87290160399511296e-02,6.88073704091136246e-02,-1.22072801392243148e-03
3839,9.93750000000000022e-01,5.93750000000000000e-01,-2.97074330453439279e-04,-2.30989185069493223e-02,2.31008287589103689e-02,-8.81768655982828609e-03
3840,6.25000000000000035e-03,6.06250000000000067e-01,-2.20645160880117441e-04,1.50181048281784867e-02,1.50197255939373865e-02,-2.69784624828853445e-02
3841,1.87500000000000028e-02,6.06250000000000067e-01,-5.75493219254673066e-04,4.30586766876458610e-02,4.30625223429448589e-02,-2.67846196350295905e-02
3842,3.12500000000000000e-02,6.06250000000000067e-01,-2.52099602354257562e-03,6.87236178729316860e-02,6.87698413150376053e-02,-2.95133508195901569e-02
3843,4.37500000000000042e-02,6.06250000000000067e-01,-4.24743537282993872e-03,9.17148355239203322e-02,9.18131350212273711e-02,-2.65615910151938174e-02
3844,5.62500000000000014e-02,6.06250000000000067e-01,-7.39014439204376764e-03,1.12571601354799516e-01,1.12813916099562636e-01,-3.18802655140602437e-02
3845,6.87500000000000056e-02,6.06250000000000067e-01,-1.01825331258375649e-02,1.30809158398942471e-01,1.31204877584251423e-01,-2.62435433072651103e-02
3846,8.12500000000000028e-02,6.06250000000000067e-01,-1.41932079062793426e-02,1.47226742174699832e-01,1.47909299106061654e-01,-3.40854388918319998e-02
3847,9.37500000000000000e-02,6.06250000000000067e-01,-1.77440302334590308e-02,1.61161252327408022e-01,1.62135128398087691e-01,-2.58970760223379143e-02
3848,1.06250000000000011e-01,6.06250000000000067e-01,-2.23129882403889090e-02,1.73630554353730093e-01,1.75058386972459429e-01,-3.61559565269307451e-02
3849,1.18750000000000008e-01,6.06250000000000067e-01,-2.63455374288968716e-02,1.83804357237881799e-01,1.85682872344350269e-01,-2.55977561293963159e-02
3850,1.31250000000000006e-01,6.06250000000000067e-01,-3.12089623024049551e-02,1.92870622415475035e-01,1.95379313948344291e-01,-3.81316252070271269e-02
3851,1.43750000000000017e-01,6.06250000000000067e-01,-3.54956035345923987e-02,1.99851030351296310e-01,2.02978748155465100e-01,-2.54195293326355404e-02
3852,1.56250000000000000e-01,6.06250000000000067e-01,-4.04473864954934467e-02,2.06055306908385111e-01,2.09987572440429454e-01,-4.00576923147931765e-02
3853,1.68750000000000011e-01,6.06250000000000067e-01,-4.48154209982255664e-02,2.10382264924437928e-01,2.15102578678138090e-01,-2.54269872079883989e-02
3854,1.81250000000000022e-01,6.06250000000000067e-01,-4.97079787509030965e-02,2.14219587553190316e-01,2.19911152156863576e-01,-4.19790411984186304e-02
3855,1.93750000000000006e-01,6.06250000000000067e-01,-5.40371252904718533e-02,2.16371331335629691e-01,2.23016958847552654e-01,-2.56707740898347442e-02
3856,2.06250000000000017e-01,6.06250000000000067e-01,-5.87755432550642679e-02,2.18266166458716632e-01,2.26041332294587505e-01,-4.39360654391376601e-02
3857,2.18750000000000000e-01,6.06250000000000067e-01,-6.29909551247608557e-02,2.18641454665616825e-01,2.27534494364759143e-01,-2.61856915015002585e-02
3858,2.31250000000000011e-01,6.06250000000000067e-01,-6.75240903272232573e-02,2.18937540616795656e-01,2.29113835169005131e-01,-4.59619765760417853e-02
3859,2.43750000000000022e-01,6.06250000000000067e-01,-7.15877787442027735e-02,2.17850735756708241e-01,2.29311476239781875e-01,-2.69906393758473154e-02
3860,2.56250000000000033e-01,6.06250000000000067e-01,-7.58987500222411265e-02,2.16811244088717631e-01,2.29712289219005744e-01,-4.80810848969179874e-02
3861,2.68749999999999989e-01,6.06250000000000067e-01,-7.98011383517056305e-02,2.14496028358652668e-01,2.28859712190380954e-01,-2.80894921713027296e-02
3862,2.81250000000000000e-01,6.06250000000000067e-01,-8.38985387421781886e-02,2.12310112209186275e-01,2.28286111161739413e-01,-5.03076003326411170e-02
3863,2.93750000000000011e-01,6.06250000000000067e-01,-8.76509800911287884e-02,2.08928137002878406e-01,2.26569328776930839e-01,-2.94722064544097710e-02
3864,3.06250000000000022e-01,6.06250000000000067e-01,-9.15613659333656682e-02,2.05720704489909284e-01,2.25176579571251756e-01,-5.26446260671107058e-02
3865,3.18750000000000033e-01,6.06250000000000067e-01,-9.51898794447208207e-02,2.01372379464788531e-01,2.22737397758012962e-01,-3.11157326226248997e-02
3866,3.31250000000000044e-01,6.06250000000000067e-01,-9.89516149632692632e-02,1.97214869084932298e-01,2.20647063637896795e-01,-5.50831701706855012e-02
3867,3.43750000000000000e-01,6.06250000000000067e-01,-1.02491772596001104e-01,1.91950438234421705e-01,2.17599481130486494e-01,-3.29845503772097301e-02
3868,3.56250000000000011e-01,6.06250000000000067e-01,-1.06150058184171739e-01,1.86871232981210916e-01,2.14915547526048134e-01,-5.76011304326118842e-02
3869,3.68750000000000022e-01,6.06250000000000067e-01,-1.09642798666922212e-01,1.80701087433268126e-01,2.11363256738442723e-01,-3.50308261487532052e-02
3870,3.81250000000000033e-01,6.06250000000000067e-01,-1.13245601566407283e-01,1.74694886910785468e-01,2.08189504507094669e-01,-6.01622965123950679e-02
3871,3.93750000000000044e-01,6.06250000000000067e-01,-1.16733690774755039e-01,1.67598668571957043e-01,2.04245118103196871e-01,-3.71943095766381210e-02
3872,4.06250000000000000e-01,6.06250000000000067e-01,-1.20328261593197788e-01,1.60634629765970260e-01,2.00704695555663004e-01,-6.27154646390476467e-02
3873,4.18750000000000011e-01,6.06250000000000067e-01,-1.23853106149627051e-01,1.52569095779960751e-01,1.96511884856935881e-01,-3.94021591906861049e-02
3874,4.31250000000000022e-01,6.06250000000000067e-01,-1.27482764242401236e-01,1.44597876348696752e-01,1.92770332321746674e-01,-6.51938144484158211e-02
3875,4.43750000000000033e-01,6.06250000000000067e-01,-1.31081289801079331e-01,1.35503769028142901e-01,1.88530039931961074e-01,-4.15689202027949983e-02
3876,4.56250000000000044e-01,6.06250000000000067e-01,-1.34782163124791243e-01,1.26463812550127508e-01,1.84822421208336141e-01,-6.75146972864137940e-02
3877,4.68750000000000000e-01,6.06250000000000067e-01,-1.38483458266300374e-01,1.16272164253508531e-01,1.80822798323632378e-01,-4.35968631007124727e-02
3878,4.81250000000000011e-01,6.06250000000000067e-01,-1.42280863664482810e-01,1.06095707364918496e-01,1.77482797156156974e-01,-6.95800318297856990e-02
3879,4.93750000000000022e-01,6.06250000000000067e-01,-1.46102269283249014e-01,9.47341325786873190e-02,1.74127622636821494e-01,-4.53769384913371918e-02
3880,5.06249999999999978e-01,6.06250000000000067e-01,-1.50006388333449397e-01,8.33535529220460064e-02,1.71609240210350983e-01,-7.12775609714074720e-02
3881,5.18750000000000044e-01,6.06250000000000067e-01,-1.53948689166119507e-01,7.07532745788164302e-02,1.69429114261958752e-01,-4.67906583416010172e-02
3882,5.31250000000000000e-01,6.06250000000000067e-01,-1.57949255612792966e-01,5.81085820090991231e-02,1.68299063133885596e-01,-7.24834122501578498e-02
3883,5.43750000000000067e-01,6.06250000000000067e-01,-1.61990662662093554e-01,4.42131680645696593e-02,1.67915987982115850e-01,-4.77131533019621301e-02
3884,5.56250000000000022e-01,6.06250000000000067e-01,-1.66050505115619529e-01,3.02615251304587211e-02,1.68785455985916544e-01,-7.30666209765503671e-02
3885,5.68749999999999978e-01,6.06250000000000067e-01,-1.70139118753083962e-01,1.50384668221298264e-02,1.70802444989632124e-01,-4.80173404348656838e-02
3886,5.81250000000000044e-01,6.06250000000000067e-01,-1.74186857172562437e-01,-2.34451239582683603e-04,1.74187014955301450e-01,-7.28969965016313393e-02
3887,5.93750000000000000e-01,6.06250000000000067e-01,-1.78231712970816691e-01,-1.67718460058990798e-02,1.79019100452876750e-01,-4.76222543147361427e-02
3888,6.06250000000000067e-01,6.06250000000000067e-01,-1.82141757874051791e-01,-3.32974707783460985e-02,1.85160313030855839e-01,-7.18724635215776675e-02
3889,6.18750000000000022e-01,6.06250000000000067e-01,-1.86012163165053118e-01,-5.10786617517936872e-02,1.92897782599221440e-01,-4.63678453027709103e-02
3890,6.31250000000000089e-01,6.06250000000000067e-01,-1.89640351992290429e-01,-6.88011715282994402e-02,2.01735134043196096e-01,-6.97881955799683207e-02
3891,6.43750000000000044e-01,6.06250000000000067e-01,-1.93169895053520779e-01,-8.77393350252855947e-02,2.12162200369593518e-01,-4.41272721419047956e-02
3892,6.56250000000000000e-01,6.06250000000000067e-01,-1.96313112398405459e-01,-1.06517961269798803e-01,2.23349309765271786e-01,-6.65516675221639875e-02
3893,6.68750000000000067e-01,6.06250000000000067e-01,-1.99274129548180995e-01,-1.26419395221136932e-01,2.35991614671503175e-01,-4.08540491761991004e-02
3894,6.81250000000000022e-01,6.06250000000000067e-01,-2.01662991742248110e-01,-1.45995422140803993e-01,2.48963100728814002e-01,-6.21143834502588463e-02
3895,6.93750000000000089e-01,6.06250000000000067e-01,-2.03759380947382274e-01,-1.66527725758979533e-01,2.63152747982076662e-01,-3.65578482845674776e-02
3896,7.06250000000000044e-01,6.06250000000000067e-01,-2.05053589037162864e-01,-1.86484719536608223e-01,2.77170570222866730e-01,-5.64916132001096402e-02
3897,7.18750000000000000e-01,6.06250000000000067e-01,-2.05919506587834339e-01,-2.07131876209010440e-01,2.92072691868380585e-01,-3.13245566272316589e-02
3898,7.31250000000000067e-01,6.06250000000000067e-01,-2.05711541980253210e-01,-2.26846109099943405e-01,3.06229318840761711e-01,-4.97843422136321906e-02
3899,7.43750000000000022e-01,6.06250000000000067e-01,-2.04921445518088774e-01,-2.46855277213054836e-01,3.20827565401037795e-01,-2.53371611556669728e-02
3900,7.56250000000000089e-01,6.06250000000000067e-01,-2.02755449423081019e-01,-2.65441393366403933e-01,3.34019319176381668e-01,-4.22009810430586246e-02
3901,7.68750000000000044e-01,6.06250000000000067e-01,-1.99853422906483252e-01,-2.83769541377779766e-01,3.47082905458037660e-01,-1.88934745256979578e-02
3902,7.81250000000000000e-01,6.06250000000000067e-01,-1.95268171830908943e-01,-3.00033152731291719e-01,3.57979820196703269e-01,-3.40737677901714817e-02
3903,7.93750000000000067e-01,6.06250000000000067e-01,-1.89825899994519265e-01,-3.15310083889584924e-01,3.68041195127918164e-01,-1.24141807447567722e-02
3904,8.06250000000000022e-01,6.06250000000000067e-01,-1.82431126216241274e-01,-3.27729263377769697e-01,3.75083438566223171e-01,-2.58618132126696640e-02
3905,8.18750000000000089e-01,6.06250000000000067e-01,-1.74142654649964312e-01,-3.38265290052437884e-01,3.80459026207549234e-01,-6.43195324302987814e-03
3906,8.31250000000000044e-01,6.06250000000000067e-01,-1.63734359412271213e-01,-3.45035519002208357e-01,3.81914191704458783e-01,-1.81299997001678551e-02
3907,8.43750000000000000e-01,6.06250000000000067e-01,-1.52549028802753422e-01,-3.48914247856576487e-01,3.80804882513320397e-01,-1.55077066509161669e-03
3908,8.56250000000000067e-01,6.06250000000000067e-01,-1.39258689957764720e-01,-3.48101258853413031e-01,3.74923284345055952e-01,-1.14929131159941730e-02
3909,8.68750000000000022e-01,6.06250000000000067e-01,-1.25538099178734319e-01,-3.43402595163054547e-01,3.65629808289929303e-01,1.63243132011347387e-03
3910,8.81250000000000089e-01,6.06250000000000067e-01,-1.09989900045055933e-01,-3.33242649110436884e-01,3.50925122067462070e-01,-6.51982798342988414e-03
3911,8.93750000000000044e-01,6.06250000000000067e-01,-9.46489757004722043e-02,-3.18421491138800750e-01,3.32190720249988247e-01,2.63996690449140158e-03
3912,9.06250000000000000e-01,6.06250000000000067e-01,-7.80697384973006447e-02,-2.97767939382765134e-01,3.07832145484020214e-01,-3.61376624883659762e-03
3913,9.18750000000000067e-01,6.06250000000000067e-01,-6.26323314072247672e-02,-2.72146826113155160e-01,2.79260996025167019e-01,1.23374813702734781e-03
3914,9.31250000000000022e-01,6.06250000000000067e-01,-4.68346467621980900e-02,-2.40964878864743326e-01,2.45474147281623728e-01,-2.90336270014355169e-03
3915,9.43750000000000089e-01,6.06250000000000067e-01,-3.33244376796106648e-02,-2.05175568397060248e-01,2.07864215327504126e-01,-2.50743625383236792e-03
3916,9.56250000000000044e-01,6.06250000000000067e-01,-2.04990400917493681e-02,-1.64851361705804306e-01,1.66120986335083709e-01,-4.20772620386380362e-03
3917,9.68750000000000000e-01,6.06250000000000067e-01,-1.11386089388435770e-02,-1.20938766631027372e-01,1.21450623231528068e-01,-8.21503702043905291e-03
3918,9.81250000000000067e-01,6.06250000000000067e-01,-3.48632985139372053e-03,-7.41010659357646678e-02,7.41830335632701204e-02,-7.12842417891973619e-03
3919,9.93750000000000022e-01,6.06250000000000067e-01,-3.09200209934911124e-04,-2.50223558576746358e-02,2.50242661718166649e-02,-1.53965704144290224e-02
3920,6.25000000000000035e-03,6.18750000000000022e-01,-2.52318002072977388e-04,1.53746445825199991e-02,1.53767148771440012e-02,-3.08006929388877013e-02
3921,1.87500000000000028e-02,6.18750000000000022e-01,-5.55580256918514746e-04,4.41569734322089791e-02,4.41604684317850882e-02,-3.00701915718249307e-02
3922,3.12500000000000000e-02,6.18750000000000022e-01,-2.57198298770966102e-03,7.04972695571315228e-02,7.05441713502960588e-02,-3.35817980565617305e-02
3923,4.37500000000000042e-02,6.18750000000000022e-01,-4.25109874857846747e-03,9.40997715765632681e-02,9.41957475225476959e-02,-2.94629087808267603e-02
3924,5.62500000000000014e-02,6.18750000000000022e-01,-7.45407893550538436e-03,1.15474518147771155e-01,1.15714854855531291e-01,-3.60782783560361225e-02
3925,6.87500000000000056e-02,6.18750000000000022e-01,-1.01902145857554350e-02,1.34161839847494885e-01,1.34548280347868476e-01,-2.86879807808367096e-02
3926,8.12500000000000028e-02,6.18750000000000022e-01,-1.42300159698155893e-02,1.50936239488010937e-01,1.51605546551844217e-01,-3.82865830903421772e-02
3927,9.37500000000000000e-02,6.18750000000000022e-01,-1.76998416832192251e-02,1.65166788045045754e-01,1.66112468733470131e-01,-2.78351705713754186e-02
3928,1.06250000000000011e-01,6.18750000000000022e-01,-2.22484242409321901e-02,1.77848632972366971e-01,1.79234842124359833e-01,-4.02390058989173099e-02
3929,1.18750000000000008e-01,6.18750000000000022e-01,-2.61621817162270599e-02,1.88187010710408359e-01,1.89996870374941285e-01,-2.70079760948466752e-02
3930,1.31250000000000006e-01,6.18750000000000022e-01,-3.09437055906840626e-02,1.97348293431332894e-01,1.99759510001257273e-01,-4.19930030810444083e-02
3931,1.43750000000000017e-01,6.18750000000000022e-01,-3.50659389277306471e-02,2.04390349396383786e-01,2.07376553639169098e-01,-2.63087544895385869e-02
3932,1.56250000000000000e-01,6.18750000000000022e-01,-3.98695003637188905e-02,2.10601794806126730e-01,2.14342466708803386e-01,-4.36194241425823109e-02
3933,1.68750000000000011e-01,6.18750000000000022e-01,-4.40249826942606046e-02,2.14916487347097368e-01,2.19379341859813698e-01,-2.58272897876478669e-02
3934,1.81250000000000022e-01,6.18750000000000022e-01,-4.87043672306883557e-02,2.18701193675161970e-01,2.24058759039414607e-01,-4.51919689901270002e-02
3935,1.93750000000000006e-01,6.18750000000000022e-01,-5.27744810709664391e-02,2.20792828632445870e-01,2.27012376375884867e-01,-2.56338607208846624e-02
3936,2.06250000000000017e-01,6.18750000000000022e-01,-5.72405136691405275e-02,2.22599363196206629e-01,2.29841147100478455e-01,-4.67791559085434447e-02
3937,2.18750000000000000e-01,6.18750000000000022e-01,-6.11548917122180166e-02,2.22888325606955540e-01,2.31125780630818733e-01,-2.57764553286002340e-02
3938,2.31250000000000011e-01,6.18750000000000022e-01,-6.53647835039452008e-02,2.23079787140839647e-01,2.32458913258493827e-01,-4.84389934156499655e-02
3939,2.43750000000000022e-01,6.18750000000000022e-01,-6.90915439695487105e-02,2.21897365702290600e-01,2.32404996404363406e-01,-2.62809512061106670e-02
3940,2.56250000000000033e-01,6.18750000000000022e-01,-7.30380114248209700e-02,2.20751691643070153e-01,2.32520666772159018e-01,-5.02158689385840684e-02
3941,2.68749999999999989e-01,6.18750000000000022e-01,-7.65744724558140438e-02,2.18344197717050825e-01,2.31382450735981293e-01,-2.71529057502959345e-02
3942,2.81250000000000000e-01,6.18750000000000022e-01,-8.02760447988075249e-02,2.16061291045221343e-01,2.30492353141417666e-01,-5.21389352740691744e-02
3943,2.93750000000000011e-01,6.18750000000000022e-01,-8.36407468632804491e-02,2.12599368462612376e-01,2.28460644327527412e-01,-2.83798431785522130e-02
3944,3.06250000000000022e-01,6.18750000000000022e-01,-8.71337638846044205e-02,2.09311570415681658e-01,2.26723678336817863e-01,-5.42213362381112618e-02
3945,3.18750000000000033e-01,6.18750000000000022e-01,-9.03599869431737784e-02,2.04901666082560274e-01,2.23941108338285150e-01,-2.99333225242726757e-02
3946,3.31250000000000044e-01,6.18750000000000022e-01,-9.36922663757950025e-02,2.00685180504632299e-01,2.21478627530535738e-01,-5.64597964591741497e-02
3947,3.43750000000000000e-01,6.18750000000000022e-01,-9.68228940007062472e-02,1.95381204744098064e-01,2.18056157835377740e-01,-3.17704498544847946e-02
3948,3.56250000000000011e-01,6.18750000000000022e-01,-1.00048795622060246e-01,1.90267031707463202e-01,2.14968148478311999e-01,-5.88342996082556816e-02
3949,3.68750000000000022e-01,6.18750000000000022e-01,-1.03132234056707434e-01,1.84081109010464872e-01,2.11002635993131932e-01,-3.38347777857927606e-02
3950,3.81250000000000033e-01,6.18750000000000022e-01,-1.06308759562900992e-01,1.78064781099687902e-01,2.07385193849229432e-01,-6.13077557832213543e-02
3951,3.93750000000000044e-01,6.18750000000000022e-01,-1.09395578391750903e-01,1.70976631791782324e-01,2.02978819561373008e-01,-3.60566974124147260e-02
3952,4.06250000000000000e-01,6.18750000000000022e-01,-1.12579137028993859e-01,1.64026559510724118e-01,1.98944148743103510e-01,-6.38256921317626458e-02
3953,4.18750000000000011e-01,6.18750000000000022e-01,-1.15719107978072833e-01,1.55991488924472760e-01,1.94227332186061780e-01,-3.83535181425581281e-02
3954,4.31250000000000022e-01,6.18750000000000022e-01,-1.18962587730266828e-01,1.48056056989641860e-01,1.89928126644795581e-01,-6.63160239390975514e-02
3955,4.43750000000000033e-01,6.18750000000000022e-01,-1.22201811341914865e-01,1.39011797617627331e-01,1.85087986028615953e-01,-4.06295028603326294e-02
3956,4.56250000000000044e-01,6.18750000000000022e-01,-1.25551606330786103e-01,1.30025543536477578e-01,1.80748023016012865e-01,-6.86890644920467169e-02
3957,4.68750000000000000e-01,6.18750000000000022e-01,-1.28929416901872873e-01,1.19898370917277119e-01,1.76063664312866963e-01,-4.27762135990382847e-02
3958,4.81250000000000011e-01,6.18750000000000022e-01,-1.32422090392666475e-01,1.09787713565080533e-01,1.72014394961037181e-01,-7.08380445803103304e-02
3959,4.93750000000000022e-01,6.18750000000000022e-01,-1.35967395596386598e-01,9.84983584933279421e-02,1.67895977590722639e-01,-4.46734433221001870e-02
3960,5.06249999999999978e-01,6.18750000000000022e-01,-1.39625570851363678e-01,8.71874770673168320e-02,1.64611531166358682e-01,-7.26403616578247535e-02
3961,5.18750000000000044e-01,6.18750000000000022e-01,-1.43352223125713801e-01,7.46576034490010337e-02,1.61628022408964483e-01,-4.61910438755192485e-02
3962,5.31250000000000000e-01,6.18750000000000022e-01,-1.47179303753639745e-01,6.20752807924046454e-02,1.59734429409761375e-01,-7.39598767869766860e-02
3963,5.43750000000000067e-01,6.18750000000000022e-01,-1.51080144720110360e-01,4.82355183155406125e-02,1.58593427845602569e-01,-4.71921998744590232e-02
3964,5.56250000000000022e-01,6.18750000000000022e-01,-1.55053438862274712e-01,3.43238752771836894e-02,1.58807107262429609e-01,-7.46507172646449502e-02
3965,5.68749999999999978e-01,6.18750000000000022e-01,-1.59092761060184634e-01,1.91248462584402874e-02,1.60238155150894013e-01,-4.75392987727051089e-02
3966,5.81250000000000044e-01,6.18750000000000022e-01,-1.63154851760476394e-01,3.85107480783774799e-03,1.63200295435267484e-01,-7.45634810508392087e-02
3967,5.93750000000000000e-01,6.18750000000000022e-01,-1.67261119467126296e-01,-1.27192915167058506e-02,1.67744038529192563e-01,-4.71065806924513275e-02
3968,6.06250000000000067e-01,6.18750000000000022e-01,-1.71306177791193753e-01,-2.93120944341131069e-02,1.73795872878335200e-01,-7.36027007104969461e-02
3969,6.18750000000000022e-01,6.18750000000000022e-01,-1.75353329009986181e-01,-4.71953410747008861e-02,1.81593475141707122e-01,-4.57831995183234780e-02
3970,6.31250000000000089e-01,6.18750000000000022e-01,-1.79244571660378771e-01,-6.50653263392186459e-02,1.90688523937183191e-01,-7.15207550158810657e-02
3971,6.43750000000000044e-01,6.18750000000000022e-01,-1.83081497064952553e-01,-8.42028988979632298e-02,2.01516656260381732e-01,-4.33777734711985261e-02
3972,6.56250000000000000e-01,6.18750000000000022e-01,-1.86626897831944666e-01,-1.03241357250409740e-01,2.13280043232558086e-01,-6.82012099305576575e-02
3973,6.68750000000000067e-01,6.18750000000000022e-01,-1.90037552109266011e-01,-1.23473511855430484e-01,2.26627402009543261e-01,-3.98293831557617051e-02
3974,6.81250000000000022e-01,6.18750000000000022e-01,-1.92974411856751904e-01,-1.43457912622545564e-01,2.40456433321043050e-01,-6.35686938344163233e-02
3975,6.93750000000000089e-01,6.18750000000000022e-01,-1.95667777365326589e-01,-1.64489612719452366e-01,2.55622205200726704e-01,-3.51307365128779442e-02
3976,7.06250000000000044e-01,6.18750000000000022e-01,-1.97654050705968753e-01,-1.85041228159861681e-01,2.70753356173820403e-01,-5.76109710784014420e-02
3977,7.18750000000000000e-01,6.18750000000000022e-01,-1.99258819653043789e-01,-2.06393237997375800e-01,2.86883680087532400e-01,-2.93525746032080800e-02
3978,7.31250000000000067e-01,6.18750000000000022e-01,-1.99871887689414524e-01,-2.26922153735039350e-01,3.02394502834093803e-01,-5.04032498816741822e-02
3979,7.43750000000000022e-01,6.18750000000000022e-01,-1.99941273618610527e-01,-2.47870329809027040e-01,3.18459123430100410e-01,-2.26681428386514248e-02
3980,7.56250000000000089e-01,6.18750000000000022e-01,-1.98691288003134903e-01,-2.67511427095542764e-01,3.33227537209994984e-01,-4.21336921082519356e-02
3981,7.68750000000000044e-01,6.18750000000000022e-01,-1.96726969093418746e-01,-2.87021080185300204e-01,3.47969252721299305e-01,-1.53757359676459406e-02
3982,7.81250000000000000e-01,6.18750000000000022e-01,-1.93095062012049734e-01,-3.04571805505499116e-01,3.60624025381444779e-01,-3.31257762788572385e-02
3983,7.93750000000000067e-01,6.18750000000000022e-01,-1.88601514831122752e-01,-3.21243266596585253e-01,3.72515459719779896e-01,-7.91308707822381552e-03
3984,8.06250000000000022e-01,6.18750000000000022e-01,-1.82114537953249916e-01,-3.35125520177933567e-01,3.81411613887747580e-01,-2.38490663290359881e-02
3985,8.18750000000000089e-01,6.18750000000000022e-01,-1.74694867254096081e-01,-3.47180721290296201e-01,3.88655052560206160e-01,-8.53200964237036926e-04
3986,8.31250000000000044e-01,6.18750000000000022e-01,-1.65045737401769282e-01,-3.55464636810732315e-01,3.91912239484147273e-01,-1.49058417009927443e-02
3987,8.43750000000000000e-01,6.18750000000000022e-01,-1.54544178666523480e-01,-3.60820500947434175e-01,3.92524313977704709e-01,5.13148811752851298e-03
3988,8.56250000000000067e-01,6.18750000000000022e-01,-1.41756588030875902e-01,-3.61362495433011521e-01,3.88172362946834160e-01,-6.97979672564080517e-03
3989,8.68750000000000022e-01,6.18750000000000022e-01,-1.28436932761593570e-01,-3.57847063005126864e-01,3.80198061802794252e-01,9.34826576224410261e-03
3990,8.81250000000000089e-01,6.18750000000000022e-01,-1.13050791059493033e-01,-3.48595421479543921e-01,3.66468619714809984e-01,-7.38226355032981342e-04
3991,8.93750000000000044e-01,6.18750000000000022e-01,-9.77709488518977710e-02,-3.34348217115450597e-01,3.48350238592829042e-01,1.12070712732199578e-02
3992,9.06250000000000000e-01,6.18750000000000022e-01,-8.09901191052197766e-02,-3.13831743948789710e-01,3.24113811650500905e-01,3.30326821116568720e-03
3993,9.18750000000000067e-01,6.18750000000000022e-01,-6.52956382987975731e-02,-2.87861024547074351e-01,2.95173660468102672e-01,1.03631897303385189e-02
3994,9.31250000000000022e-01,6.18750000000000022e-01,-4.90053801116115129e-02,-2.55769949329650248e-01,2.60422338250725693e-01,4.91422523070350267e-03
3995,9.43750000000000089e-01,6.18750000000000022e-01,-3.50441509940210075e-02,-2.18496036051651688e-01,2.21288522723562003e-01,6.82306419356373990e-03
3996,9.56250000000000044e-01,6.18750000000000022e-01,-2.16116083016543517e-02,-1.76095991871134061e-01,1.77417191857110190e-01,4.21129085685479927e-03
3997,9.68750000000000000e-01,6.18750000000000022e-01,-1.18198573661373978e-02,-1.29546068365269884e-01,1.30084176044033162e-01,9.37286781557467464e-04
3998,9.81250000000000067e-01,6.18750000000000022e-01,-3.69110592412262616e-03,-7.95577943490221040e-02,7.96433732624653862e-02,1.57721980264140900e-03
3999,9.93750000000000022e-01,6.18750000000000022e-01,-3.53272634480498863e-04,-2.68942331090266697e-02,2.68965532378581777e-02,-6.77156665748593952e-03
4000,6.25000000000000035e-03,6.31250000000000089e-01,-2.48495313962255118e-04,1.58260987951583422e-02,1.58280495638336155e-02,-3.10103625485526092e-02
4001,1.87500000000000028e-02,6.31250000000000089e-01,-5.55749206512035575e-04,4.53779031037422620e-02,4.53813061433136836e-02,-3.05090767691724579e-02
4002,3.12500000000000000e-02,6.31250000000000089e-01,-2.57792209222424502e-03,7.24195309359637607e-02,7.24653996283646379e-02,-3.37419312801189655e-02
4003,4.37500000000000042e-02,6.31250000000000089e-01,-4.26825007563237917e-03,9.65962057329377288e-02,9.66904593054980221e-02,-3.01405786202081777e-02
4004,5.62500000000000014e-02,6.31250000000000089e-01,-7.47940924974679986e-03,1.18511386137289426e-01,1.18747169258500290e-01,-3.62980971558823154e-02
4005,6.87500000000000056e-02,6.31250000000000089e-01,-1.02140926318965014e-02,1.37584102237591765e-01,1.37962722779804065e-01,-2.96716357971242399e-02
4006,8.12500000000000028e-02,6.31250000000000089e-01,-1.42413516201598013e-02,1.54737300652997123e-01,1.55391274881651748e-01,-3.86607554679672255e-02
4007,9.37500000000000000e-02,6.31250000000000089e-01,-1.76746371220165704e-02,1.69178408821639759e-01,1.70099167572380694e-01,-2.91657860107066257e-02
4008,1.06250000000000011e-01,6.31250000000000089e-01,-2.21690338285401647e-02,1.82094078009919280e-01,1.83438598193437802e-01,-4.08438016563858336e-02
4009,1.18750000000000008e-01,6.31250000000000089e-01,-2.59940754049918336e-02,1.92498137031137884e-01,1.94245269483246719e-01,-2.87027171520742620e-02
4010,1.31250000000000006e-01,6.31250000000000089e-01,-3.06659136716449301e-02,2.01775805108101419e-01,2.04092806802050997e-01,-4.28850781528449035e-02
4011,1.43750000000000017e-01,6.31250000000000089e-01,-3.46379842556810980e-02,2.08775083100639497e-01,2.11628980238944914e-01,-2.83653847526435625e-02
4012,1.56250000000000000e-01,6.31250000000000089e-01,-3.92703512396426896e-02,2.15016007071074766e-01,2.18572742544154819e-01,-4.48364949503296320e-02
4013,1.68750000000000011e-01,6.31250000000000089e-01,-4.32122281476369080e-02,2.19215159393622905e-01,2.23433620499366464e-01,-2.82293091806862760e-02
4014,1.81250000000000022e-01,6.31250000000000089e-01,-4.76593892153816950e-02,2.22970961521281957e-01,2.28007603079608379e-01,-4.67548321245628076e-02
4015,1.93750000000000006e-01,6.31250000000000089e-01,-5.14558873626188365e-02,2.24905286030671864e-01,2.30716484085582485e-01,-2.83555891458563969e-02
4016,2.06250000000000017e-01,6.31250000000000089e-01,-5.56335998785552413e-02,2.26648659283774812e-01,2.33376760176714743e-01,-4.86945808823996268e-02
4017,2.18750000000000000e-01,6.31250000000000089e-01,-5.92211891307010546e-02,2.26763325430179991e-01,2.34368843923862841e-01,-2.87875980280343780e-02
4018,2.31250000000000011e-01,6.31250000000000089e-01,-6.30941662644642215e-02,2.26876468148438454e-01,2.35486317258810723e-01,-5.07030381509120109e-02
4019,2.43750000000000022e-01,6.31250000000000089e-01,-6.64495515595490832e-02,2.25521370265831494e-01,2.35107276257123604e-01,-2.95503899021023718e-02
4020,2.56250000000000033e-01,6.31250000000000089e-01,-7.00191813726776663e-02,2.24296626590001297e-01,2.34971620541193027e-01,-5.28172180853793138e-02
4021,2.68749999999999989e-01,6.31250000000000089e-01,-7.31488854272053513e-02,2.21731287852089065e-01,2.33485595812222196e-01,-3.06516095264694581e-02
4022,2.81250000000000000e-01,6.31250000000000089e-01,-7.64426588268517504e-02,2.19379004270636474e-01,2.32315792840896623e-01,-5.50619527097761033e-02
4023,2.93750000000000011e-01,6.31250000000000089e-01,-7.93743960737799542e-02,2.15782916386771301e-01,2.29918598109108224e-01,-3.20829096158746843e-02
4024,3.06250000000000022e-01,6.31250000000000089e-01,-8.24374559973240773e-02,2.12442710129156331e-01,2.27876807153188560e-01,-5.74486310605433273e-02
4025,3.18750000000000033e-01,6.31250000000000089e-01,-8.52133742009809625e-02,2.07927791727461897e-01,2.24711561152013684e-01,-3.38212421157697701e-02
4026,3.31250000000000044e-01,6.31250000000000089e-01,-8.81020444727337038e-02,2.03680673368914683e-01,2.21918424075807780e-01,-5.99742063377304707e-02
4027,3.43750000000000000e-01,6.31250000000000089e-01,-9.07735687730594348e-02,1.98303742540368783e-01,2.18092216948047507e-01,-3.58297221525744752e-02
4028,3.56250000000000011e-01,6.31250000000000089e-01,-9.35504826148573776e-02,1.93183585308977834e-01,2.14642937061306188e-01,-6.26202869676139445e-02
4029,3.68750000000000022e-01,6.31250000000000089e-01,-9.61743718503257627e-02,1.86957707940838908e-01,2.10244368198762355e-01,-3.80579971464311967e-02
4030,3.81250000000000033e-01,6.31250000000000089e-01,-9.89047579008052041e-02,1.80961341663549935e-01,2.06225988449780351e-01,-6.53522685630530120e-02
4031,3.93750000000000044e-01,6.31250000000000089e-01,-1.01539974494364901e-01,1.73865600637055889e-01,2.01344514465133823e-01,-4.04422206818838906e-02
4032,4.06250000000000000e-01,6.31250000000000089e-01,-1.04288668858391761e-01,1.66961350823958299e-01,1.96855833343124925e-01,-6.81185200645104683e-02
4033,4.18750000000000011e-01,6.31250000000000089e-01,-1.06993690811909917e-01,1.58949015868523030e-01,1.91604904736613041e-01,-4.29048466047600857e-02
4034,4.31250000000000022e-01,6.31250000000000089e-01,-1.09822493445695279e-01,1.51083835015064005e-01,1.86781437165176728e-01,-7.08498016682384130e-02
4035,4.43750000000000033e-01,6.31250000000000089e-01,-1.12652752268225298e-01,1.42089188738423661e-01,1.81328376571207178e-01,-4.53545211587906491e-02
4036,4.56250000000000044e-01,6.31250000000000089e-01,-1.15617768142844288e-01,1.33194719926786415e-01,1.76375456701627215e-01,-7.34589885972188189e-02
4037,4.68750000000000000e-01,6.31250000000000089e-01,-1.18622886915284220e-01,1.23138998230415353e-01,1.70981291916123240e-01,-4.76862087163168399e-02
4038,4.81250000000000011e-01,6.31250000000000089e-01,-1.21771535614226364e-01,1.13137016993652501e-01,1.66217602858628688e-01,-7.58412740674848929e-02
4039,4.93750000000000022e-01,6.31250000000000089e-01,-1.24992010949060692e-01,1.01933928981145103e-01,1.61287100161864289e-01,-4.97818020473845199e-02
4040,5.06249999999999978e-01,6.31250000000000089e-01,-1.28359208391064156e-01,9.07417230181227358e-02,1.57194614014215972e-01,-7.78749646473721330e-02
4041,5.18750000000000044e-01,6.31250000000000089e-01,-1.31822073801842132e-01,7.83033068289589462e-02,1.53324710995222185e-01,-5.15116713538929030e-02
4042,5.31250000000000000e-01,6.31250000000000089e-01,-1.35425174020641220e-01,6.58398401978654568e-02,1.50581746290184254e-01,-7.94233251395623507e-02
4043,5.43750000000000067e-01,6.31250000000000089e-01,-1.39138310275267268e-01,5.20836035033676245e-02,1.48567059404676099e-01,-5.27376664186410063e-02
4044,5.56250000000000022e-01,6.31250000000000089e-01,-1.42970301939781941e-01,3.82774541753485020e-02,1.48005644267028946e-01,-8.03375706749980684e-02
4045,5.68749999999999978e-01,6.31250000000000089e-01,-1.46915121383245140e-01,2.31361997754843743e-02,1.48725709381750060e-01,-5.33185056345065467e-02
4046,5.81250000000000044e-01,6.31250000000000089e-01,-1.50935316428293970e-01,7.93717133517091167e-03,1.51143866677126815e-01,-8.04605366438703035e-02
4047,5.93750000000000000e-01,6.31250000000000089e-01,-1.55058067355396761e-01,-8.62413909107770382e-03,1.55297714172015461e-01,-5.31203660874226199e-02
4048,6.06250000000000067e-01,6.31250000000000089e-01,-1.59177781161689957e-01,-2.52020967285703640e-02,1.61160515310280250e-01,-7.97131344296364286e-02
4049,6.18750000000000022e-01,6.31250000000000089e-01,-1.63363734098598834e-01,-4.31437766239607876e-02,1.68964774672166279e-01,-5.20480731832339075e-02
4050,6.31250000000000089e-01,6.31250000000000089e-01,-1.67459899547661745e-01,-6.10699695740120549e-02,1.78248027030550121e-01,-7.78312115909577801e-02
4051,6.43750000000000044e-01,6.31250000000000089e-01,-1.71574205462530854e-01,-8.03603861387121449e-02,1.89461076848152832e-01,-4.98852982553732449e-02
4052,6.56250000000000000e-01,6.31250000000000089e-01,-1.75469059416809320e-01,-9.95590209884000543e-02,2.01745853669383829e-01,-7.46863699724495123e-02
4053,6.68750000000000067e-01,6.31250000000000089e-01,-1.79309401188200573e-01,-1.20075109986805775e-01,2.15800587100254598e-01,-4.65601916899403417e-02
4054,6.81250000000000022e-01,6.31250000000000089e-01,-1.82751848340265560e-01,-1.40362476476502435e-01,2.30434074898657554e-01,-7.01926392937483740e-02
4055,6.93750000000000089e-01,6.31250000000000089e-01,-1.86035918949060075e-01,-1.61851151809445287e-01,2.46587020098920362e-01,-4.20515085695515115e-02
4056,7.06250000000000044e-01,6.31250000000000089e-01,-1.88688348748224960e-01,-1.82891136165115348e-01,2.62778348881901880e-01,-6.43254781274166937e-02
4057,7.18750000000000000e-01,6.31250000000000089e-01,-1.91043847155290686e-01,-2.04916926599858079e-01,2.80158345124727093e-01,-3.64138206725976368e-02
4058,7.31250000000000067e-01,6.31250000000000089e-01,-1.92475380903839283e-01,-2.26161306067218792e-01,2.96977623089868914e-01,-5.71467491956270252e-02
4059,7.43750000000000022e-01,6.31250000000000089e-01,-1.93438783981623036e-01,-2.48038575022855451e-01,3.14549992604765016e-01,-2.98039546400649391e-02
4060,7.56250000000000089e-01,6.31250000000000089e-01,-1.93132113348780138e-01,-2.68653551629331300e-01,3.30869678286814073e-01,-4.88328376466479822e-02
4061,7.68750000000000044e-01,6.31250000000000089e-01,-1.92166028348040335e-01,-2.89368266525153739e-01,3.47364039766398736e-01,-2.25067786300703204e-02
4062,7.81250000000000000e-01,6.31250000000000089e-01,-1.89549334095339306e-01,-3.08156672381079577e-01,3.61786518252085465e-01,-3.97008517875207106e-02
4063,7.93750000000000067e-01,6.31250000000000089e-01,-1.86091434239781361e-01,-3.26292900457703539e-01,3.75628911009948330e-01,-1.49539689743317210e-02
4064,8.06250000000000022e-01,6.31250000000000089e-01,-1.80609500125650801e-01,-3.41634194943485625e-01,3.86437206658883980e-01,-3.02245840456256409e-02
4065,8.18750000000000089e-01,6.31250000000000089e-01,-1.74167428440800964e-01,-3.55336170743656365e-01,3.95724762137077357e-01,-7.72565547389096781e-03
4066,8.31250000000000044e-01,6.31250000000000089e-01,-1.65404988244524626e-01,-3.65184715419954786e-01,4.00897351590808970e-01,-2.10270663116940079e-02
4067,8.43750000000000000e-01,6.31250000000000089e-01,-1.55706930039752639e-01,-3.72205260993298925e-01,4.03461775603952577e-01,-1.52011440311264974e-03
4068,8.56250000000000067e-01,6.31250000000000089e-01,-1.43567772603577615e-01,-3.74207240332945501e-01,4.00802649751659468e-01,-1.28329621105936365e-02
4069,8.68750000000000022e-01,6.31250000000000089e-01,-1.30762476005205908e-01,-3.72110036770723684e-01,3.94416917229118591e-01,2.92354678334455454e-03
4070,8.81250000000000089e-01,6.31250000000000089e-01,-1.15684284881848273e-01,-3.63907599543723093e-01,3.81852844397287894e-01,-6.36828922865578621e-03
4071,8.93750000000000044e-01,6.31250000000000089e-01,-1.00552296850777989e-01,-3.50483586306445716e-01,3.64622419321953883e-01,4.95449292919661419e-03
4072,9.06250000000000000e-01,6.31250000000000089e-01,-8.36969399256976693e-02,-3.30242450883126037e-01,3.40683510194167982e-01,-2.21254507696348659e-03
4073,9.18750000000000067e-01,6.31250000000000089e-01,-6.77890224816612152e-02,-3.04132763888609381e-01,3.11596035981756059e-01,4.16951972782562096e-03
4074,9.31250000000000022e-01,6.31250000000000089e-01,-5.11024225897563425e-02,-2.71215806597206455e-01,2.75988172468885573e-01,-6.42940590673045354e-04
4075,9.43750000000000089e-01,6.31250000000000089e-01,-3.66869649306499832e-02,-2.32570309176524992e-01,2.35446134192700579e-01,5.42055032283879834e-04
4076,9.56250000000000044e-01,6.31250000000000089e-01,-2.27154133962486453e-02,-1.88075344049437793e-01,1.89442141682036713e-01,-1.54975608982567685e-03
4077,9.68750000000000000e-01,6.31250000000000089e-01,-1.24563708628099741e-02,-1.38859994695662597e-01,1.39417571711571958e-01,-5.56882788950541392e-03
4078,9.81250000000000067e-01,6.31250000000000089e-01,-3.90900163767401304e-03,-8.55676241153270345e-02,8.56568654022853843e-02,-4.51230240812088880e-03
4079,9.93750000000000022e-01,6.31250000000000089e-01,-3.67076223916185812e-04,-2.90671065786516324e-02,2.90694243116174818e-02,-1.35999689099868676e-02
4080,6.25000000000000035e-03,6.43750000000000044e-01,-2.88510203203570412e-04,1.61791966557088794e-02,1.61817688329012402e-02,-3.54292161365916750e-02
4081,1.87500000000000028e-02,6.43750000000000044e-01,-5.44315743603804368e-04,4.64863912283509026e-02,4.64895778542248617e-02,-3.42909649319252108e-02
4082,3.12500000000000000e-02,6.43750000000000044e-01,-2.67865575379010873e-03,7.42102983382270098e-02,7.42586262739620834e-02,-3.84853098626517787e-02
4083,4.37500000000000042e-02,6.43750000000000044e-01,-4.34067819872958286e-03,9.90010614963051927e-02,9.90961738142302206e-02,-3.34464507515326651e-02
4084,5.62500000000000014e-02,6.43750000000000044e-01,-7.66155296137123465e-03,1.21421066709196626e-01,1.21662544912471207e-01,-4.12028308705442853e-02
4085,6.87500000000000056e-02,6.43750000000000044e-01,-1.03645941642813728e-02,1.40923407536906964e-01,1.41304039588411701e-01,-3.24024618974486714e-02
4086,8.12500000000000028e-02,6.43750000000000044e-01,-1.44641492919197687e-02,1.58397667008255472e-01,1.59056695955867022e-01,-4.35520079062739693e-02
4087,9.37500000000000000e-02,6.43750000000000044e-01,-1.78355752851404488e-02,1.73093919916289252e-01,1.74010381465413339e-01,-3.12563366552983599e-02
4088,1.06250000000000011e-01,6.43750000000000044e-01,-2.23365442661073721e-02,1.86169130841404684e-01,1.87504310585105832e-01,-4.55572213931089362e-02
4089,1.18750000000000008e-01,6.43750000000000044e-01,-2.60495696550053814e-02,1.96683166729925252e-01,1.98400726193536270e-01,-3.01274985661764763e-02
4090,1.31250000000000006e-01,6.43750000000000044e-01,-3.06456064310325835e-02,2.05993437313517769e-01,2.08260532530203435e-01,-4.72842673560366911e-02
4091,1.43750000000000017e-01,6.43750000000000044e-01,-3.44449154411735486e-02,2.12993892458013506e-01,2.15761095715064938e-01,-2.91379992424676895e-02
4092,1.56250000000000000e-01,6.43750000000000044e-01,-3.89140206325922916e-02,2.19177447259960495e-01,2.22605153554868512e-01,-4.88230913244399323e-02
4093,1.68750000000000011e-01,6.43750000000000044e-01,-4.26200866290677993e-02,2.23304463721617219e-01,2.27335336677491257e-01,-2.83965686228870133e-02
4094,1.81250000000000022e-01,6.43750000000000044e-01,-4.68203231675876907e-02,2.26946432111037988e-01,2.31725755386507110e-01,-5.02713124499857417e-02
4095,1.93750000000000006e-01,6.43750000000000044e-01,-5.03215330857735080e-02,2.28765815119440524e-01,2.34235041911676073e-01,-2.79887225210602095e-02
4096,2.06250000000000017e-01,6.43750000000000044e-01,-5.41780613310430814e-02,2.30366410881811867e-01,2.36651527762146596e-01,-5.17215142721385232e-02
4097,2.18750000000000000e-01,6.43750000000000044e-01,-5.74179114094097096e-02,2.30347510822992790e-01,2.37395855677742629e-01,-2.79727939431412310e-02
4098,2.31250000000000011e-01,6.43750000000000044e-01,-6.09076380356807848e-02,2.30310057017344527e-01,2.38227753912968743e-01,-5.32529982211466038e-02
4099,2.43750000000000022e-01,6.43750000000000044e-01,-6.38714514999882271e-02,2.28820849394734016e-01,2.37567976449779311e-01,-2.83802488872085500e-02
4100,2.56250000000000033e-01,6.43750000000000044e-01,-6.70087610979577530e-02,2.27453088029215211e-01,2.37118285498839371e-01,-5.49273081327303278e-02
4101,2.68749999999999989e-01,6.43750000000000044e-01,-6.97120752693184270e-02,2.24766001503185348e-01,2.35328555152333863e-01,-2.92183136434480926e-02
4102,2.81250000000000000e-01,6.43750000000000044e-01,-7.25370786631290149e-02,2.22289011465729852e-01,2.33824789959046792e-01,-5.67863369363923592e-02
4103,2.93750000000000011e-01,6.43750000000000044e-01,-7.50163877381539862e-02,2.18592359005039261e-01,2.31106204686652716e-01,-3.04732978861158542e-02
4104,3.06250000000000022e-01,6.43750000000000044e-01,-7.75859271513422155e-02,2.15152896363460966e-01,2.28714548959001646e-01,-5.88518894631809980e-02
4105,3.18750000000000033e-01,6.43750000000000044e-01,-7.98916982757186811e-02,2.10564325586582307e-01,2.25211053598864702e-01,-3.21135900542307007e-02
4106,3.31250000000000044e-01,6.43750000000000044e-01,-8.22727676567210769e-02,2.06247850331180260e-01,2.22051759876227384e-01,-6.11258649438353938e-02
4107,3.43750000000000000e-01,6.43750000000000044e-01,-8.44643216969265670e-02,2.00827603510524560e-01,2.17866812460049464e-01,-3.40918574920376430e-02
4108,3.56250000000000011e-01,6.43750000000000044e-01,-8.67293466728721041e-02,1.95670425473879278e-01,2.14030126336065551e-01,-6.35905368970411250e-02
4109,3.68750000000000022e-01,6.43750000000000044e-01,-8.88711049976854406e-02,1.89433247746849442e-01,2.09243945325614800e-01,-3.63463848215049568e-02
4110,3.81250000000000033e-01,6.43750000000000044e-01,-9.10945199083703777e-02,1.83433076528915107e-01,2.04806994807792936e-01,-6.62087062748350080e-02
4111,3.93750000000000044e-01,6.43750000000000044e-01,-9.32531350296325195e-02,1.76358323486668411e-01,1.99495377028850618e-01,-3.88016692701658172e-02
4112,4.06250000000000000e-01,6.43750000000000044e-01,-9.55087699335123025e-02,1.69483056109458602e-01,1.94541593091077769e-01,-6.89237958247134463e-02
4113,4.18750000000000011e-01,6.43750000000000044e-01,-9.77507428231988162e-02,1.61523027135219543e-01,1.88798559362649859e-01,-4.13684722306992061e-02
4114,4.31250000000000022e-01,6.43750000000000044e-01,-1.00109584997790824e-01,1.53717970470563625e-01,1.83442479960392424e-01,-7.16597959001153695e-02
4115,4.43750000000000033e-01,6.43750000000000044e-01,-1.02499025115537795e-01,1.44804735440673182e-01,1.77410432488281256e-01,-4.39436030266622812e-02
4116,4.56250000000000044e-01,6.43750000000000044e-01,-1.05026930856395362e-01,1.35998585185933274e-01,1.71832102290839700e-01,-7.43212007285036502e-02
4117,4.68750000000000000e-01,6.43750000000000044e-01,-1.07623153461110038e-01,1.26049768498912224e-01,1.65744644859322693e-01,-4.64100423508970461e-02
4118,4.81250000000000011e-01,6.43750000000000044e-01,-1.10378290085156761e-01,1.16159781970500434e-01,1.60238765189816695e-01,-7.67934167371247950e-02
4119,4.93750000000000022e-01,6.43750000000000044e-01,-1.13232908710233726e-01,1.05083646532733097e-01,1.54480627858629926e-01,-4.86375804703398432e-02
4120,5.06249999999999978e-01,6.43750000000000044e-01,-1.16262352184109866e-01,9.40205034070161344e-02,1.49521869959851450e-01,-7.89436739807774235e-02
4121,5.18750000000000044e-01,6.43750000000000044e-01,-1.19415312647569341e-01,8.17211881445827210e-02,1.44700965741348886e-01,-5.04841391880545831e-02
4122,5.31250000000000000e-01,6.43750000000000044e-01,-1.22750367316596859e-01,6.93944811904487757e-02,1.41007966782203481e-01,-8.06226674068929450e-02
4123,5.43750000000000067e-01,6.43750000000000044e-01,-1.26224636579353927e-01,5.57782880070306353e-02,1.37999551784001223e-01,-5.17983891454255746e-02
4124,5.56250000000000022e-01,6.43750000000000044e-01,-1.29874367559621312e-01,4.21036319258655325e-02,1.36528631320907867e-01,-8.16669774515272756e-02
4125,5.68749999999999978e-01,6.43750000000000044e-01,-1.33668929553405397e-01,2.70875440784140858e-02,1.36385914859831758e-01,-5.24243258639266879e-02
4126,5.81250000000000044e-01,6.43750000000000044e-01,-1.37610906926327020e-01,1.19969282789877639e-02,1.38132863552513890e-01,-8.19010833844944358e-02
4127,5.93750000000000000e-01,6.43750000000000044e-01,-1.41691297360367618e-01,-4.47908019015403214e-03,1.41762074995444215e-01,-5.22084454157534378e-02
4128,6.06250000000000067e-01,6.43750000000000044e-01,-1.45853909978671870e-01,-2.10035847843734330e-02,1.47358452861927391e-01,-8.12359656232464200e-02
4129,6.18750000000000022e-01,6.43750000000000044e-01,-1.50120012187022062e-01,-3.89153913241693725e-02,1.55081996830531199e-01,-5.10589364037566593e-02
4130,6.31250000000000089e-01,6.43750000000000044e-01,-1.54396365831628246e-01,-5.68520981584312440e-02,1.64530844667587745e-01,-7.93902093126249847e-02
4131,6.43750000000000044e-01,6.43750000000000044e-01,-1.58732556407299330e-01,-7.61958051045804885e-02,1.76073351700737707e-01,-4.87263742998551019e-02
4132,6.56250000000000000e-01,6.43750000000000044e-01,-1.62960940272794202e-01,-9.55035068876569498e-02,1.88884059365617030e-01,-7.61996286676629442e-02
4133,6.68750000000000067e-01,6.43750000000000044e-01,-1.67182337067555253e-01,-1.16192671174668777e-01,2.03594377776190966e-01,-4.51169348219426225e-02
4134,6.81250000000000022e-01,6.43750000000000044e-01,-1.71126173395724029e-01,-1.36728856990448649e-01,2.19040972320198479e-01,-7.15475953865288838e-02
4135,6.93750000000000089e-01,6.43750000000000044e-01,-1.74964579384262964e-01,-1.58554929042765219e-01,2.36119185080053112e-01,-4.01884674223054947e-02
4136,7.06250000000000044e-01,6.43750000000000044e-01,-1.78294601264540997e-01,-1.80030891746377264e-01,2.53377360518017625e-01,-6.53778509591989715e-02
4137,7.18750000000000000e-01,6.43750000000000044e-01,-1.81383493677503060e-01,-2.02607879112285033e-01,2.71937353920043701e-01,-3.39765672294125368e-02
4138,7.31250000000000067e-01,6.43750000000000044e-01,-1.83665166012405262e-01,-2.24524949459934287e-01,2.90076448779197582e-01,-5.77202928358223968e-02
4139,7.43750000000000022e-01,6.43750000000000044e-01,-1.85531735994029723e-01,-2.47215117016500452e-01,3.09091150216955213e-01,-2.66230761145575222e-02
4140,7.56250000000000089e-01,6.43750000000000044e-01,-1.86224544940715303e-01,-2.68782065257048342e-01,3.26991406220745628e-01,-4.87218650080791862e-02
4141,7.68750000000000044e-01,6.43750000000000044e-01,-1.86299106432485290e-01,-2.90605217131732929e-01,3.45193785114570273e-01,-1.84064862102731042e-02
4142,7.81250000000000000e-01,6.43750000000000044e-01,-1.84780527333648803e-01,-3.10644439426162822e-01,3.61446830153615062e-01,-3.86790227268049777e-02
4143,7.93750000000000067e-01,6.43750000000000044e-01,-1.82438055362730528e-01,-3.30184289754195892e-01,3.77233759418503678e-01,-9.76828072848429270e-03
4144,8.06250000000000022e-01,6.43750000000000044e-01,-1.78068924112423033e-01,-3.47047728485644968e-01,3.90064953029110040e-01,-2.80632215199835104e-02
4145,8.18750000000000089e-01,6.43750000000000044e-01,-1.72720575199615589e-01,-3.62386249025424434e-01,4.01442636724106627e-01,-1.32341623743527240e-03
4146,8.31250000000000044e-01,6.43750000000000044e-01,-1.64969136211063933e-01,-3.73923504015684416e-01,4.08697446477944260e-01,-1.75242095646013889e-02
4147,8.43750000000000000e-01,6.43750000000000044e-01,-1.56218612223062547e-01,-3.82658555832316949e-01,4.13318067783848497e-01,6.16157630436008942e-03
4148,8.56250000000000067e-01,6.43750000000000044e-01,-1.44852670016175411e-01,-3.86305486537725618e-01,4.12570266669768537e-01,-7.85218907095266115e-03
4149,8.68750000000000022e-01,6.43750000000000044e-01,-1.32717120679139572e-01,-3.85731211352830561e-01,4.07924504697968981e-01,1.18422889674819065e-02
4150,8.81250000000000089e-01,6.43750000000000044e-01,-1.18049442195301460e-01,-3.78804306641289612e-01,3.96772445530949147e-01,1.19906112178288238e-04
4151,8.93750000000000044e-01,6.43750000000000044e-01,-1.03209963171565125e-01,-3.66336042909294168e-01,3.80597415693165297e-01,1.49331848776267269e-02
4152,9.06250000000000000e-01,6.43750000000000044e-01,-8.63365134597996325e-02,-3.46593893126085129e-01,3.57185274484671744e-01,5.67582253105316202e-03
4153,9.18750000000000067e-01,6.43750000000000044e-01,-7.03286114848426097e-02,-3.20455842046165285e-01,3.28082398636230954e-01,1.48910140706897919e-02
4154,9.31250000000000022e-01,6.43750000000000044e-01,-5.32406550631334269e-02,-2.86871050149390572e-01,2.91769715298496490e-01,8.40058685922652482e-03
4155,9.43750000000000089e-01,6.43750000000000044e-01,-3.84446169967071413e-02,-2.46883163671402922e-01,2.49858530133402146e-01,1.15812400139982483e-02
4156,9.56250000000000044e-01,6.43750000000000044e-01,-2.38710377165471908e-02,-2.00325797306139364e-01,2.01743033356805768e-01,8.30307075251485519e-03
4157,9.68750000000000000e-01,6.43750000000000044e-01,-1.31887284147537004e-02,-1.48352416891177730e-01,1.48937510905251563e-01,5.32073377046589444e-03
4158,9.81250000000000067e-01,6.43750000000000044e-01,-4.12634640757873587e-03,-9.16464646434756169e-02,9.17393111829556129e-02,5.76419766091034423e-03
4159,9.93750000000000022e-01,6.43750000000000044e-01,-4.21611013028493336e-04,-3.11701049667835600e-02,3.11729562198809138e-02,-3.30122516631341538e-03
4160,6.25000000000000035e-03,6.56250000000000000e-01,-2.83139049727368450e-04,1.66590282362986675e-02,1.66614341969494560e-02,-3.51695379367603991e-02
4161,1.87500000000000028e-02,6.56250000000000000e-01,-5.59510780122566089e-04,4.77676066305802657e-02,4.77708833446371314e-02,-3.43784609002756453e-02
4162,3.12500000000000000e-02,6.56250000000000000e-01,-2.72576515435128718e-03,7.62163048038787538e-02,7.62650307390905502e-02,-3.81791422137152323e-02
4163,4.37500000000000042e-02,6.56250000000000000e-01,-4.43670806279253694e-03,1.01578366541959217e-01,1.01675212946750540e-01,-3.38591819730720833e-02
4164,5.62500000000000014e-02,6.56250000000000000e-01,-7.80583822425960205e-03,1.24535994468565295e-01,1.24780387195495737e-01,-4.09845389356586903e-02
4165,6.87500000000000056e-02,6.56250000000000000e-01,-1.05494572987879232e-02,1.44385688461725892e-01,1.44770570496442819e-01,-3.32159820745074053e-02
4166,8.12500000000000028e-02,6.56250000000000000e-01,-1.46742334479682459e-02,1.62209242798421999e-01,1.62871641412871165e-01,-4.35351365281395342e-02
4167,9.37500000000000000e-02,6.56250000000000000e-01,-1.80417062952743165e-02,1.77049529036540781e-01,1.77966398227603184e-01,-3.25102291815154709e-02
4168,1.06250000000000011e-01,6.56250000000000000e-01,-2.25126866580883135e-02,1.90309291787940926e-01,1.91636237704127632e-01,-4.58294720836897873e-02
4169,1.18750000000000008e-01,6.56250000000000000e-01,-2.61521525925400809e-02,2.00805668626218708e-01,2.02501485519603674e-01,-3.18296946584189430e-02
4170,1.31250000000000006e-01,6.56250000000000000e-01,-3.06437988442886423e-02,2.10172618303334779e-01,2.12394849024378357e-01,-4.79064697834028566e-02
4171,1.43750000000000017e-01,6.56250000000000000e-01,-3.42880700586115361e-02,2.17041720232674790e-01,2.19733429568427119e-01,-3.12717595375737109e-02
4172,1.56250000000000000e-01,6.56250000000000000e-01,-3.85717294876228162e-02,2.23192882741269610e-01,2.26501305122121716e-01,-4.98309516660766366e-02
4173,1.68750000000000011e-01,6.56250000000000000e-01,-4.20403987803559948e-02,2.27119448463363932e-01,2.30977572504158901e-01,-3.09281742255176594e-02
4174,1.81250000000000022e-01,6.56250000000000000e-01,-4.59768165587311206e-02,2.30674337798688067e-01,2.35211644651659335e-01,-5.16789805061296861e-02
4175,1.93750000000000006e-01,6.56250000000000000e-01,-4.91647671498486871e-02,2.32260785417216259e-01,2.37407343550112226e-01,-3.08747087777144179e-02
4176,2.06250000000000017e-01,6.56250000000000000e-01,-5.26874775173011428e-02,2.33747180094376672e-01,2.39611590890776993e-01,-5.35261385117316024e-02
4177,2.18750000000000000e-01,6.56250000000000000e-01,-5.55487168880368712e-02,2.33490450180851405e-01,2.40007187962285679e-01,-3.11660951069483300e-02
4178,2.31250000000000011e-01,6.56250000000000000e-01,-5.86457203591023365e-02,2.33332349757127439e-01,2.40589496777437212e-01,-5.54395469540836447e-02
4179,2.43750000000000022e-01,6.56250000000000000e-01,-6.11776217765703581e-02,2.31619841362111972e-01,2.39563044559980093e-01,-3.18349753625674359e-02
4180,2.56250000000000033e-01,6.56250000000000000e-01,-6.38751168548491732e-02,2.30139776361763665e-01,2.38839584694546025e-01,-5.74731039973740698e-02
4181,2.68749999999999989e-01,6.56250000000000000e-01,-6.61052698253135340e-02,2.27256767551929001e-01,2.36676034056743922e-01,-3.28931258189760559e-02
4182,2.81250000000000000e-01,6.56250000000000000e-01,-6.84547741099948287e-02,2.24686011869396518e-01,2.34882651611874077e-01,-5.96649524794237648e-02
4183,2.93750000000000011e-01,6.56250000000000000e-01,-7.04309492212421978e-02,2.20828756050484826e-01,2.31788390794296972e-01,-3.43335136188858484e-02
4184,3.06250000000000022e-01,6.56250000000000000e-01,-7.24998197540480532e-02,2.17320868885881785e-01,2.29095141628285259e-01,-6.20362252627714508e-02
4185,3.18750000000000033e-01,6.56250000000000000e-01,-7.42827377168935460e-02,2.12611468080384058e-01,2.25214478846305466e-01,-3.61322746248742346e-02
4186,3.31250000000000044e-01,6.56250000000000000e-01,-7.61475226442265563e-02,2.08256281515143443e-01,2.21741119315673335e-01,-6.45903675672375166e-02
4187,3.43750000000000000e-01,6.56250000000000000e-01,-7.78058164706961902e-02,2.02757018262383293e-01,2.17173095781508119e-01,-3.82501651741584472e-02
4188,3.56250000000000011e-01,6.56250000000000000e-01,-7.95477105342794477e-02,1.97593472841688850e-01,2.13004738822601652e-01,-6.73126419021453370e-02
4189,3.68750000000000022e-01,6.56250000000000000e-01,-8.11544230812766276e-02,1.91319455358435642e-01,2.07820052892648682e-01,-4.06333237256649507e-02
4190,3.81250000000000033e-01,6.56250000000000000e-01,-8.28561527128410524e-02,1.85346578132666528e-01,2.03023387982425058e-01,-7.01696907316089885e-02
4191,3.93750000000000044e-01,6.56250000000000000e-01,-8.44862103736922360e-02,1.78276319267164501e-01,1.97282451715188684e-01,-4.32134159753477104e-02
4192,4.06250000000000000e-01,6.56250000000000000e-01,-8.62297522794083643e-02,1.71462249744858963e-01,1.91924134140906116e-01,-7.31089391848414316e-02
4193,4.18750000000000011e-01,6.56250000000000000e-01,-8.79579254909096664e-02,1.63546211157116456e-01,1.85698572532242534e-01,-4.59074325448654633e-02
4194,4.31250000000000022e-01,6.56250000000000000e-01,-8.98226300702530955e-02,1.55835475461851308e-01,1.79868841896418524e-01,-7.60582995750797020e-02
4195,4.43750000000000033e-01,6.56250000000000000e-01,-9.17216936768187330e-02,1.47002843831468055e-01,1.73270612584717182e-01,-4.86176725364556930e-02
4196,4.56250000000000044e-01,6.56250000000000000e-01,-9.37823773430842833e-02,1.38322255683599432e-01,1.67117266365626349e-01,-7.89259807637748972e-02
4197,4.68750000000000000e-01,6.56250000000000000e-01,-9.59211301930577159e-02,1.28486613257832644e-01,1.60342361851075976e-01,-5.12317294900640902e-02
4198,4.81250000000000011e-01,6.56250000000000000e-01,-9.82460477771584240e-02,1.18750211047966250e-01,1.54122998049506604e-01,-8.16007232701832924e-02
4199,4.93750000000000022e-01,6.56250000000000000e-01,-1.00686909418273129e-01,1.07814211153746578e-01,1.47518669513076184e-01,-5.36226486073899250e-02
4200,5.06249999999999978e-01,6.56250000000000000e-01,-1.03334753120240846e-01,9.69275791900572892e-02,1.41679309745869231e-01,-8.39520508735559223e-02
4201,5.18750000000000044e-01,6.56250000000000000e-01,-1.06130193125202360e-01,8.47875241909013949e-02,1.35840134537681595e-01,-5.56500220975471097e-02
4202,5.31250000000000000e-01,6.56250000000000000e-01,-1.09145837365195328e-01,7.26526116970791780e-02,1.31115276762687860e-01,-8.58317354504625346e-02
4203,5.43750000000000067e-01,6.56250000000000000e-01,-1.12333453596512298e-01,5.92038062242905977e-02,1.26979901828451314e-01,-5.71624534030327203e-02
4204,5.56250000000000022e-01,6.56250000000000000e-01,-1.15741888731685338e-01,4.57251716970616395e-02,1.24446679883006908e-01,-8.70762378486207439e-02
4205,5.68749999999999978e-01,6.56250000000000000e-01,-1.19337476806335691e-01,3.08689606989634158e-02,1.23265267229405936e-01,-5.80018614964353044e-02
4206,5.81250000000000044e-01,6.56250000000000000e-01,-1.23134880390966220e-01,1.59629188316145060e-02,1.24165267069830249e-01,-8.75099177207822182e-02
4207,5.93750000000000000e-01,6.56250000000000000e-01,-1.27122794956987417e-01,-3.84862650674154072e-04,1.27123377539051202e-01,-5.80109284898179534e-02
4208,6.06250000000000067e-01,6.56250000000000000e-01,-1.31263428224297013e-01,-1.67700957289783625e-02,1.32330358194762965e-01,-8.70183802806602930e-02
4209,6.18750000000000022e-01,6.56250000000000000e-01,-1.35567239087322544e-01,-3.46049356843986106e-02,1.39914180437440444e-01,-5.71017074673559125e-02
4210,6.31250000000000089e-01,6.56250000000000000e-01,-1.39953256734391129e-01,-5.24542745011590469e-02,1.49460245496939231e-01,-8.53708636368905316e-02
4211,6.43750000000000044e-01,6.56250000000000000e-01,-1.44473357987520645e-01,-7.17992888943239371e-02,1.61330992230014125e-01,-5.50170824193648711e-02
4212,6.56250000000000000e-01,6.56250000000000000e-01,-1.48965234753409365e-01,-9.11062444066906146e-02,1.74616691455971668e-01,-8.23597378933684371e-02
4213,6.68750000000000067e-01,6.56250000000000000e-01,-1.53536782578466757e-01,-1.11913198226300206e-01,1.89995019781536739e-01,-5.16515536450901369e-02
4214,6.81250000000000022e-01,6.56250000000000000e-01,-1.57918474845409995e-01,-1.32577410217940950e-01,2.06191693328311804e-01,-7.78637295772136862e-02
4215,6.93750000000000089e-01,6.56250000000000000e-01,-1.62291376637867746e-01,-1.54685873209271268e-01,2.24201271855288514e-01,-4.69494246665937073e-02
4216,7.06250000000000044e-01,6.56250000000000000e-01,-1.66249102103066065e-01,-1.76469585128885026e-01,2.42446444448328607e-01,-7.18162578373974236e-02
4217,7.18750000000000000e-01,6.56250000000000000e-01,-1.70067920487286250e-01,-1.99549324684987234e-01,2.62188921507191752e-01,-4.09295108993717113e-02
4218,7.31250000000000067e-01,6.56250000000000000e-01,-1.73171958182620350e-01,-2.22010627457042586e-01,2.81562152649593445e-01,-6.42333581697281941e-02
4219,7.43750000000000022e-01,6.56250000000000000e-01,-1.75960682957272518e-01,-2.45481960238751989e-01,3.02032373677806221e-01,-3.37150072631172901e-02
4220,7.56250000000000089e-01,6.56250000000000000e-01,-1.77656434014431125e-01,-2.67883956508168430e-01,3.21439920826885162e-01,-5.52478084397018468e-02
4221,7.68750000000000044e-01,6.56250000000000000e-01,-1.78818906692965546e-01,-2.90814839549072446e-01,3.41393427430611573e-01,-2.55667907070317203e-02
4222,7.81250000000000000e-01,6.56250000000000000e-01,-1.78441378326204575e-01,-3.12015719389985180e-01,3.59437247159230366e-01,-4.51446917512109067e-02
4223,7.93750000000000067e-01,6.56250000000000000e-01,-1.77293312928360425e-01,-3.33006842602698416e-01,3.77261813637865984e-01,-1.69128545179747930e-02
4224,8.06250000000000022e-01,6.56250000000000000e-01,-1.74124091544168413e-01,-3.51349898552565543e-01,3.92130017301634326e-01,-3.43917198941580821e-02
4225,8.18750000000000089e-01,6.56250000000000000e-01,-1.69978394548902539e-01,-3.68438075536062226e-01,4.05757649488139027e-01,-8.36526908799711463e-03
4226,8.31250000000000044e-01,6.56250000000000000e-01,-1.63367360547324869e-01,-3.81685134265247583e-01,4.15177595989089598e-01,-2.36503972569389563e-02
4227,8.43750000000000000e-01,6.56250000000000000e-01,-1.55693642824093648e-01,-3.92323618527319617e-01,4.22088061984944363e-01,-7.06196275246123934e-04
4228,8.56250000000000067e-01,6.56250000000000000e-01,-1.45261669075177069e-01,-3.97707423468751819e-01,4.23405417046900046e-01,-1.37447609695201464e-02
4229,8.68750000000000022e-01,6.56250000000000000e-01,-1.33926865702506614e-01,-3.98914928436256366e-01,4.20796299278167085e-01,5.18015878730150245e-03
4230,8.81250000000000089e-01,6.56250000000000000e-01,-1.19841736129436369e-01,-3.93413686692401010e-01,4.11261924563196268e-01,-5.56525466496247435e-03
4231,8.93750000000000044e-01,6.56250000000000000e-01,-1.05402358108731609e-01,-3.82197950234827111e-01,3.96465547379068861e-01,8.44645764955176577e-03
4232,9.06250000000000000e-01,6.56250000000000000e-01,-8.86695223802451277e-02,-3.63122972644803366e-01,3.73792158105997974e-01,1.00672244445656467e-04
4233,9.18750000000000067e-01,6.56250000000000000e-01,-7.26221641161488712e-02,-3.37229827191773690e-01,3.44960773231836326e-01,8.48088398337830916e-03
4234,9.31250000000000022e-01,6.56250000000000000e-01,-5.52591984766267474e-02,-3.03099215539052724e-01,3.08095299342051598e-01,2.77753588741254821e-03
4235,9.43750000000000089e-01,6.56250000000000000e-01,-4.00862416656999204e-02,-2.61940897136821393e-01,2.64990453344500221e-01,5.10092533223045503e-03
4236,9.56250000000000044e-01,6.56250000000000000e-01,-2.50030326212590699e-02,-2.13330899504299787e-01,2.14791117887992294e-01,2.45492720389535110e-03
4237,9.68750000000000000e-01,6.56250000000000000e-01,-1.38576404541080507e-02,-1.58605409816104770e-01,1.59209642364681797e-01,-1.37900031884098445e-03
4238,9.81250000000000067e-01,6.56250000000000000e-01,-4.35786536643345546e-03,-9.83346973756858006e-02,9.84312130298091309e-02,-4.50262733339849180e-04
4239,9.93750000000000022e-01,6.56250000000000000e-01,-4.37352324995374209e-04,-3.36154315336836332e-02,3.36182764913960305e-02,-1.03299077284924080e-02
4240,6.25000000000000035e-03,6.68750000000000067e-01,-3.34391023861010136e-04,1.70221521776583000e-02,1.70254363267493374e-02,-4.03190397632682898e-02
4241,1.87500000000000028e-02,6.68750000000000067e-01,-5.62310765550631570e-04,4.89289990502907793e-02,4.89322300887708381e-02,-3.87657960295241591e-02
4242,3.12500000000000000e-02,6.68750000000000067e-01,-2.90036928757805195e-03,7.80880237532628613e-02,7.81418683913717993e-02,-4.37588805570483241e-02
4243,4.37500000000000042e-02,6.68750000000000067e-01,-4.61422086038830968e-03,1.04080925156623622e-01,1.04183156103120289e-01,-3.76490512333965618e-02
4244,5.62500000000000014e-02,6.68750000000000067e-01,-8.16430304402119764e-03,1.27534525109856911e-01,1.27795582627848819e-01,-4.67635408545443929e-02
4245,6.87500000000000056e-02,6.68750000000000067e-01,-1.09152629655380959e-02,1.47791412809636702e-01,1.48193942743538948e-01,-3.62730446698248041e-02
4246,8.12500000000000028e-02,6.68750000000000067e-01,-1.51737296146269903e-02,1.65890805247384227e-01,1.66583316499712447e-01,-4.92697496447201053e-02
4247,9.37500000000000000e-02,6.68750000000000067e-01,-1.85101136955670847e-02,1.80931804339657720e-01,1.81876172520280960e-01,-3.47498264771960996e-02
4248,1.06250000000000011e-01,6.68750000000000067e-01,-2.30257238229127706e-02,1.94280646039091204e-01,1.95640367467799697e-01,-5.12965940095836750e-02
4249,1.18750000000000008e-01,6.68750000000000067e-01,-2.65667599588929187e-02,2.04813533410246829e-01,2.06529359178552946e-01,-3.32246771822629905e-02
4250,1.31250000000000006e-01,6.68750000000000067e-01,-3.09922584872474871e-02,2.14130602254240077e-01,2.16361814810062864e-01,-5.29279367606418569e-02
4251,1.43750000000000017e-01,6.68750000000000067e-01,-3.44574540287517425e-02,2.20920903647516570e-01,2.23591953805540228e-01,-3.18491046822271875e-02
4252,1.56250000000000000e-01,6.68750000000000067e-01,-3.85602558715500768e-02,2.26931200119066034e-01,2.30183976245869504e-01,-5.42856046154927829e-02
4253,1.68750000000000011e-01,6.68750000000000067e-01,-4.17682829330101660e-02,2.30708460970068696e-01,2.34458916278203616e-01,-3.07583098239111695e-02
4254,1.81250000000000022e-01,6.68750000000000067e-01,-4.54175075401464859e-02,2.34072398387804581e-01,2.38437911579048950e-01,-5.55035906812591726e-02
4255,1.93750000000000006e-01,6.68750000000000067e-01,-4.82701934815003494e-02,2.35475220422271508e-01,2.40371776653705405e-01,-3.00575800734546074e-02
4256,2.06250000000000017e-01,6.68750000000000067e-01,-5.14145179762819718e-02,2.36752128289470065e-01,2.42270557246082041e-01,-5.67086654658121234e-02
4257,2.18750000000000000e-01,6.68750000000000067e-01,-5.38767610192667848e-02,2.36304337796622188e-01,2.42368408501246940e-01,-2.98173729974035850e-02
4258,2.31250000000000011e-01,6.68750000000000067e-01,-5.65218606442429300e-02,2.35940894103985721e-01,2.42616624000243281e-01,-5.80084999013309177e-02
4259,2.43750000000000022e-01,6.68750000000000067e-01,-5.86031591804368410e-02,2.34048676619014850e-01,2.41273938279789796e-01,-3.00744806568114045e-02
4260,2.56250000000000033e-01,6.68750000000000067e-01,-6.07927489445461641e-02,2.32382826258166753e-01,2.40203114600889250e-01,-5.94859734945908658e-02
4261,2.68749999999999989e-01,6.68750000000000067e-01,-6.25324860879936245e-02,2.29343944159985241e-01,2.37716125955315744e-01,-3.08362899451246897e-02
4262,2.81250000000000000e-01,6.68750000000000067e-01,-6.43340448822715127e-02,2.26616931100947216e-01,2.35571863329485043e-01,-6.11975734124993107e-02
4263,2.93750000000000011e-01,6.68750000000000067e-01,-6.57907416643536552e-02,2.22635554121784873e-01,2.32152991899436695e-01,-3.20858054308674479e-02
4264,3.06250000000000022e-01,6.68750000000000067e-01,-6.72855473356653577e-02,2.19007065818129953e-01,2.29110104007934939e-01,-6.31739900058049392e-02
4265,3.18750000000000033e-01,6.68750000000000067e-01,-6.85294701101309411e-02,2.14210052769314374e-01,2.24904946546330503e-01,-3.37860263333633060e-02
4266,3.31250000000000044e-01,6.68750000000000067e-01,-6.98060282184047726e-02,2.09773439992797212e-01,2.21083191812585372e-01,-6.54215447651628340e-02
4267,3.43750000000000000e-01,6.68750000000000067e-01,-7.09143092553063403e-02,2.04225702616239263e-01,2.16187365186436886e-01,-3.58830949087683981e-02
4268,3.56250000000000011e-01,6.68750000000000067e-01,-7.20641597376786708e-02,1.99021660749698764e-01,2.11666871678743956e-01,-6.79235673793737033e-02
4269,3.68750000000000022e-01,6.68750000000000067e-01,-7.31176253434076967e-02,1.92739501497388388e-01,2.06142432733585262e-01,-3.83082449069625380e-02
4270,3.81250000000000033e-01,6.68750000000000067e-01,-7.42326728710002159e-02,1.86767596672253983e-01,2.00979165309000785e-01,-7.06412901642188423e-02
4271,3.93750000000000044e-01,6.68750000000000067e-01,-7.53136645070777155e-02,1.79729649689152893e-01,1.94871483390644612e-01,-4.09787206573280910e-02
4272,4.06250000000000000e-01,6.68750000000000067e-01,-7.64844342183337023e-02,1.72957593384420683e-01,1.89114245330776753e-01,-7.35147647798261861e-02
4273,4.18750000000000011e-01,6.68750000000000067e-01,-7.76751655202007618e-02,1.65113562519675405e-01,1.82471696069635259e-01,-4.37978439878198775e-02
4274,4.31250000000000022e-01,6.68750000000000067e-01,-7.89895005283793306e-02,1.57484634039853244e-01,1.76183856106027326e-01,-7.64631634608543137e-02
4275,4.43750000000000033e-01,6.68750000000000067e-01,-8.03705782436553717e-02,1.48762088226409572e-01,1.69084560917611870e-01,-4.66542537146998129e-02
4276,4.56250000000000044e-01,6.68750000000000067e-01,-8.19120666428055783e-02,1.40200973164684828e-01,1.62375797266772787e-01,-7.93844838828223071e-02
4277,4.68750000000000000e-01,6.68750000000000067e-01,-8.35609128464986500e-02,1.30511010241629699e-01,1.54969512969586748e-01,-4.94219564255564195e-02
4278,4.81250000000000011e-01,6.68750000000000067e-01,-8.54074600530698030e-02,1.20928550699929527e-01,1.48047791631966408e-01,-8.21561490015224050e-02
4279,4.93750000000000022e-01,6.68750000000000067e-01,-8.73964985748010015e-02,1.10169907582800944e-01,1.40625589776320919e-01,-5.19608448096022801e-02
4280,5.06249999999999978e-01,6.68750000000000067e-01,-8.96178846074507512e-02,9.94667959392058626e-02,1.33884311014868279e-01,-8.46357267473091951e-02
4281,5.18750000000000044e-01,6.68750000000000067e-01,-9.20113786341660023e-02,8.75298316071229932e-02,1.26994351131580530e-01,-5.41173047106260560e-02
4282,5.31250000000000000e-01,6.68750000000000067e-01,-9.46655589508967749e-02,7.56007506377789906e-02,1.21148840475183053e-01,-8.66623086298357881e-02
4283,5.43750000000000067e-01,6.68750000000000067e-01,-9.75151359776767895e-02,6.23719214798880150e-02,1.15756029362785715e-01,-5.57259936237378059e-02
4284,5.56250000000000022e-01,6.68750000000000067e-01,-1.00642836175961536e-01,4.91106449233918996e-02,1.11985873744561690e-01,-8.80592584247005677e-02
4285,5.68749999999999978e-01,6.68750000000000067e-01,-1.03980657916255145e-01,3.44781600177024722e-02,1.09547801159601416e-01,-5.66130740274344776e-02
4286,5.81250000000000044e-01,6.68750000000000067e-01,-1.07597295172378843e-01,1.97851978703574918e-02,1.09401243060493689e-01,-8.86398422822979037e-02
4287,5.93750000000000000e-01,6.68750000000000067e-01,-1.11425688936399397e-01,3.64715485337111693e-03,1.11485361790127899e-01,-5.66016091620851550e-02
4288,6.06250000000000067e-01,6.68750000000000067e-01,-1.15512472821692844e-01,-1.25562526070717214e-02,1.16192903642670556e-01,-8.82220696558809192e-02
4289,6.18750000000000022e-01,6.68750000000000067e-01,-1.19786721423361997e-01,-3.02277906994903277e-02,1.23541806526901346e-01,-5.56095029153686818e-02
4290,6.31250000000000089e-01,6.68750000000000067e-01,-1.24254725509783795e-01,-4.79431789090720983e-02,1.33183276785860061e-01,-8.66513851342277097e-02
4291,6.43750000000000044e-01,6.68750000000000067e-01,-1.28890257004214026e-01,-6.71859511618766864e-02,1.45350095920637162e-01,-5.33427753484110242e-02
4292,6.56250000000000000e-01,6.68750000000000067e-01,-1.33624404163778215e-01,-8.64373861310334529e-02,1.59144283935333725e-01,-8.36302868199714361e-02
4293,6.68750000000000067e-01,6.68750000000000067e-01,-1.38480423770851069e-01,-1.07241435690330927e-01,1.75150087915130315e-01,-4.96730102055392073e-02
4294,6.81250000000000022e-01,6.68750000000000067e-01,-1.43288073486572548e-01,-1.27971686037605586e-01,1.92115133268571298e-01,-7.90108745944777535e-02
4295,6.93750000000000089e-01,6.68750000000000067e-01,-1.48138170544774656e-01,-1.50226172796389279e-01,2.10980616563236356e-01,-4.45208348123563857e-02
4296,7.06250000000000044e-01,6.68750000000000067e-01,-1.52724985397671903e-01,-1.72251903689460362e-01,2.30207818045700230e-01,-7.26925933741419533e-02
4297,7.18750000000000000e-01,6.68750000000000067e-01,-1.57232531466462516e-01,-1.95686748063218979e-01,2.51028628484700644e-01,-3.78836049127165356e-02
4298,7.31250000000000067e-01,6.68750000000000067e-01,-1.61179300379679258e-01,-2.18629887056309979e-01,2.71620681070381176e-01,-6.46549646939467287e-02
4299,7.43750000000000022e-01,6.68750000000000067e-01,-1.64874576385805355e-01,-2.42732209672542748e-01,2.93432362821339165e-01,-2.98648394980397004e-02
4300,7.56250000000000089e-01,6.68750000000000067e-01,-1.67618843793409550e-01,-2.65921695528040236e-01,3.14341255560174893e-01,-5.49922342901354305e-02
4301,7.68750000000000044e-01,6.68750000000000067e-01,-1.69889125548168984e-01,-2.89821676067563039e-01,3.35944815257108786e-01,-2.07115827629140367e-02
4302,7.81250000000000000e-01,6.68750000000000067e-01,-1.70728333951551015e-01,-3.12168048823940059e-01,3.55804798619155982e-01,-4.39553983432245041e-02
4303,7.93750000000000067e-01,6.68750000000000067e-01,-1.70838194288335132e-01,-3.34502807708900785e-01,3.75603270742996598e-01,-1.08534709349668787e-02
4304,8.06250000000000022e-01,6.68750000000000067e-01,-1.68975861975761338e-01,-3.54360829815401013e-01,3.92586856170594634e-01,-3.19943087019733674e-02
4305,8.18750000000000089e-01,6.68750000000000067e-01,-1.66143137718214345e-01,-3.73144034096673183e-01,4.08460539578540838e-01,-9.29945248378398308e-04
4306,8.31250000000000044e-01,6.68750000000000067e-01,-1.60804732122958260e-01,-3.88206609746647779e-01,4.20193447978573831e-01,-1.97813363509602019e-02
4307,8.43750000000000000e-01,6.68750000000000067e-01,-1.54359435061028366e-01,-4.00765120936899866e-01,4.29464221271024904e-01,8.21161104492861699e-03
4308,8.56250000000000067e-01,6.68750000000000067e-01,-1.45002791887525823e-01,-4.08070790652394377e-01,4.33067638872783267e-01,-8.19603007757032168e-03
4309,8.68750000000000022e-01,6.68750000000000067e-01,-1.34645067244724748e-01,-4.11151835564729784e-01,4.32637407099274118e-01,1.55745067799085007e-02
4310,8.81250000000000089e-01,6.68750000000000067e-01,-1.21266558213107722e-01,-4.07327514638124111e-01,4.24995626238817037e-01,1.76094558318035783e-03
4311,8.93750000000000044e-01,6.68750000000000067e-01,-1.07402080827610852e-01,-3.97508764613638099e-01,4.11762583184486830e-01,2.01536892234803894e-02
4312,9.06250000000000000e-01,6.68750000000000067e-01,-9.08851072198836318e-02,-3.79372960351398725e-01,3.90107607923959487e-01,9.14229058653929193e-03
4313,9.18750000000000067e-01,6.68750000000000067e-01,-7.49433830990834660e-02,-3.53866489997024414e-01,3.61715362423480957e-01,2.11578079495352359e-02
4314,9.31250000000000022e-01,6.68750000000000067e-01,-5.73074948646936366e-02,-3.19406017765474837e-01,3.24506322207234854e-01,1.32923285243167644e-02
4315,9.43750000000000089e-01,6.68750000000000067e-01,-4.18567739273650596e-02,-2.77139468781327447e-01,2.80282490855213617e-01,1.82493237891122456e-02
4316,9.56250000000000044e-01,6.68750000000000067e-01,-2.61912311762940928e-02,-2.26553614770700545e-01,2.28062537379993796e-01,1.40499076433157882e-02
4317,9.68750000000000000e-01,6.68750000000000067e-01,-1.46438227718723342e-02,-1.68997538435306099e-01,1.69630803637095262e-01,1.16638420705540129e-02
4318,9.81250000000000067e-01,6.68750000000000067e-01,-4.58708642625581167e-03,-1.05066136496625051e-01,1.05166222715325219e-01,1.17539333571288745e-02
4319,9.93750000000000022e-01,6.68750000000000067e-01,-5.05523097816034479e-04,-3.59651279682439567e-02,3.59686805898491238e-02,2.04636782441704711e-03
4320,6.25000000000000035e-03,6.81250000000000022e-01,-3.27155703274172873e-04,1.75558416856596497e-02,1.75588897184910248e-02,-3.94401602946966232e-02
4321,1.87500000000000028e-02,6.81250000000000022e-01,-6.00043237223915290e-04,5.03331413391335664e-02,5.03367179000750314e-02,-3.83979226395353909e-02
4322,3.12500000000000000e-02,6.81250000000000022e-01,-3.00994247538166181e-03,8.02686426324387137e-02,8.03250567616311389e-02,-4.28441857385423314e-02
4323,4.37500000000000042e-02,6.81250000000000022e-01,-4.82794147267082488e-03,1.06841556050658246e-01,1.06950582598644511e-01,-3.77241383491615095e-02
4324,5.62500000000000014e-02,6.81250000000000022e-01,-8.48549486264096181e-03,1.30837751021169651e-01,1.31112626071410415e-01,-4.59811142443842732e-02
4325,6.87500000000000056e-02,6.81250000000000022e-01,-1.13373660694123645e-02,1.51394091582786550e-01,1.51818005636910613e-01,-3.68757479583929210e-02
4326,8.12500000000000028e-02,6.81250000000000022e-01,-1.56754269602079228e-02,1.69805082164488919e-01,1.70527079782870988e-01,-4.87575069939207434e-02
4327,9.37500000000000000e-02,6.81250000000000022e-01,-1.90537078395195160e-02,1.84900229706642438e-01,1.85879366063054191e-01,-3.59151896727397807e-02
4328,1.06250000000000011e-01,6.81250000000000022e-01,-2.35736221929632173e-02,1.98367190653507025e-01,1.99763004560557650e-01,-5.11556903647253161e-02
4329,1.18750000000000008e-01,6.81250000000000022e-01,-2.70624548351681878e-02,2.08770648417027943e-01,2.10517362947030606e-01,-3.49456113550589906e-02
4330,1.31250000000000006e-01,6.81250000000000022e-01,-3.13918939394378441e-02,2.18064818696169560e-01,2.20312768940200604e-01,-5.32222959943099705e-02
4331,1.43750000000000017e-01,6.81250000000000022e-01,-3.46969583502416482e-02,2.24607910593100257e-01,2.27272066958868757e-01,-3.40873498603723527e-02
4332,1.56250000000000000e-01,6.81250000000000022e-01,-3.85974704526627840e-02,2.30505460901684694e-01,2.33714638460756824e-01,-5.50455951894725445e-02
4333,1.68750000000000011e-01,6.81250000000000022e-01,-4.15395490163136469e-02,2.33974650961161351e-01,2.37633481279208664e-01,-3.34558897284761292e-02
4334,1.81250000000000022e-01,6.81250000000000022e-01,-4.48872332400091778e-02,2.37178228896583715e-01,2.41388433795953122e-01,-5.67321573238905863e-02
4335,1.93750000000000006e-01,6.81250000000000022e-01,-4.73797864901631394e-02,2.38255515578638971e-01,2.42920840751666506e-01,-3.31470319403282601e-02
4336,2.06250000000000017e-01,6.81250000000000022e-01,-5.01371031539904546e-02,2.39355946828377547e-01,2.44550604977339964e-01,-5.83884535282565911e-02
4337,2.18750000000000000e-01,6.81250000000000022e-01,-5.21609589083065622e-02,2.38595293637315381e-01,2.44230382590108541e-01,-3.32299210233478887e-02
4338,2.31250000000000011e-01,6.81250000000000022e-01,-5.43497777069561899e-02,2.38061152075122490e-01,2.44186425634452808e-01,-6.01088220625943942e-02
4339,2.43750000000000022e-01,6.81250000000000022e-01,-5.59311973841216808e-02,2.35888024786795020e-01,2.42428255528593872e-01,-3.37459104647202801e-02
4340,2.56250000000000033e-01,6.81250000000000022e-01,-5.76111903105929121e-02,2.34071697714188481e-01,2.41057273111196096e-01,-6.19688905696266987e-02
4341,2.68749999999999989e-01,6.81250000000000022e-01,-5.88052361635904505e-02,2.30795167239809779e-01,2.38168984171968579e-01,-3.47106483442056468e-02
4342,2.81250000000000000e-01,6.81250000000000022e-01,-6.00583101051983606e-02,2.27947036628906946e-01,2.35726222810684394e-01,-6.40227607045114333e-02
4343,2.93750000000000011e-01,6.81250000000000022e-01,-6.09372894801814002e-02,2.23777186058006089e-01,2.31925811951216199e-01,-3.61172873011801343e-02
4344,3.06250000000000022e-01,6.81250000000000022e-01,-6.18572185559519774e-02,2.20062524964041162e-01,2.28590967409099621e-01,-6.63023053306736332e-02
4345,3.18750000000000033e-01,6.81250000000000022e-01,-6.25031876615581017e-02,2.15128716241899248e-01,2.24024581284607144e-01,-3.79395723893046835e-02
4346,3.31250000000000044e-01,6.81250000000000022e-01,-6.31891461999136012e-02,2.10644189859051090e-01,2.19917809462649050e-01,-6.88173361123398525e-02
4347,3.43750000000000000e-01,6.81250000000000022e-01,-6.36893189081405714e-02,2.05011773303773570e-01,2.14676865395740019e-01,-4.01342415920682011e-02
4348,3.56250000000000011e-01,6.81250000000000022e-01,-6.42420448420347873e-02,1.99799982355501782e-01,2.09873946155173879e-01,-7.15559300257539027e-02
4349,3.68750000000000022e-01,6.81250000000000022e-01,-6.46860293067260811e-02,1.93484465243760867e-01,2.04011079792580707e-01,-4.26424035383567920e-02
4350,3.81250000000000033e-01,6.81250000000000022e-01,-6.52056675398898361e-02,1.87545917272143425e-01,1.98557926471778778e-01,-7.44849728722182386e-02
4351,3.93750000000000044e-01,6.81250000000000022e-01,-6.56838154129755492e-02,1.80524467944294914e-01,1.92102699444272801e-01,-4.53899075679955674e-02
4352,4.06250000000000000e-01,6.81250000000000022e-01,-6.62685654863074403e-02,1.73827139360213406e-01,1.86030634976522280e-01,-7.75496504667168574e-02
4353,4.18750000000000011e-01,6.81250000000000022e-01,-6.68706677796212512e-02,1.66047573004951099e-01,1.79006934810154866e-01,-4.82869331033683041e-02
4354,4.31250000000000022e-01,6.81250000000000022e-01,-6.76159205773780164e-02,1.58534347311716173e-01,1.72351536091437663e-01,-8.06739563718785191e-02
4355,4.43750000000000033e-01,6.81250000000000022e-01,-6.84302536219659058e-02,1.49921631544358280e-01,1.64800470920713399e-01,-5.12285572003236475e-02
4356,4.56250000000000044e-01,6.81250000000000022e-01,-6.94273332075106692e-02,1.41516101702470976e-01,1.57629190308682415e-01,-8.37605890381414864e-02
4357,4.68750000000000000e-01,6.81250000000000022e-01,-7.05394978186929811e-02,1.31978172367971602e-01,1.49646445778385984e-01,-5.40947539157901752e-02
4358,4.81250000000000011e-01,6.81250000000000022e-01,-7.18751524429002281e-02,1.22589342131839224e-01,1.42106243152816059e-01,-8.66919474590899797e-02
4359,4.93750000000000022e-01,6.81250000000000022e-01,-7.33670350433806018e-02,1.12020763733666706e-01,1.33908077943530407e-01,-5.67496573673835075e-02
4360,5.06249999999999978e-01,6.81250000000000022e-01,-7.51212945950174987e-02,1.01546020067997192e-01,1.26312323600199422e-01,-8.93290084133161744e-02
4361,5.18750000000000044e-01,6.81250000000000022e-01,-7.70682497905992164e-02,8.98313073093044423e-02,1.18360377232775371e-01,-5.90421741201363898e-02
4362,5.31250000000000000e-01,6.81250000000000022e-01,-7.93113305712654509e-02,7.81599266905781964e-02,1.11351970333986916e-01,-9.15130851815570412e-02
4363,5.43750000000000067e-01,6.81250000000000022e-01,-8.17784588923559652e-02,6.51771916314913685e-02,1.04574292480403147e-01,-6.08079153452419779e-02
4364,5.56250000000000022e-01,6.81250000000000022e-01,-8.45662678505627319e-02,5.21942292578310638e-02,9.93765124463127231e-02,-9.30684225352205463e-02
4365,5.68749999999999978e-01,6.81250000000000022e-01,-8.76024309897762837e-02,3.78195463943092891e-02,9.54175246209512107e-02,-6.18716804746942059e-02
4366,5.81250000000000044e-01,6.81250000000000022e-01,-9.09695868570769700e-02,2.34114432521713260e-02,9.39338139761018570e-02,-9.38069572276581110e-02
4367,5.93750000000000000e-01,6.81250000000000022e-01,-9.45974166286081969e-02,7.52648677246852294e-03,9.48963604989286336e-02,-6.20501270437013516e-02
4368,6.06250000000000067e-01,6.81250000000000022e-01,-9.85476853845727169e-02,-8.40565575594511179e-03,9.89055172543179262e-02,-9.35396920045027946e-02
4369,6.18750000000000022e-01,6.81250000000000022e-01,-1.02746671043924015e-01,-2.58664024896030666e-02,1.05952579904231112e-01,-6.12757108208375201e-02
4370,6.31250000000000089e-01,6.81250000000000022e-01,-1.07211029944514230e-01,-4.33474694886740869e-02,1.15642587539517894e-01,-9.21309754410212373e-02
4371,6.43750000000000044e-01,6.81250000000000022e-01,-1.11918506360108375e-01,-6.24331862801183746e-02,1.28154808005652210e-01,-5.92455833063536830e-02
4372,6.56250000000000000e-01,6.81250000000000022e-01,-1.16807536172323242e-01,-8.15129691812755408e-02,1.42437230566296036e-01,-8.92688636196620616e-02
4373,6.68750000000000067e-01,6.81250000000000022e-01,-1.21908455408035202e-01,-1.02252941901582753e-01,1.59114221952348950e-01,-5.58227628399108125e-02
4374,6.81250000000000022e-01,6.81250000000000022e-01,-1.27056883627878037e-01,-1.22916734053413329e-01,1.76782281882505637e-01,-8.48010640689542683e-02
4375,6.93750000000000089e-01,6.81250000000000022e-01,-1.32352067819780150e-01,-1.45252193992876699e-01,1.96507683605288003e-01,-5.09175853846492096e-02
4376,7.06250000000000044e-01,6.81250000000000022e-01,-1.37492104282967625e-01,-1.67372489936223473e-01,2.16604776326861453e-01,-7.86187091756578027e-02
4377,7.18750000000000000e-01,6.81250000000000022e-01,-1.42669420626132498e-01,-1.91098046933679350e-01,2.38480664045668561e-01,-4.45114993820322907e-02
4378,7.31250000000000067e-01,6.81250000000000022e-01,-1.47401893268297252e-01,-2.14366057280190619e-01,2.60154040239494400e-01,-7.06875404602050894e-02
4379,7.43750000000000022e-01,6.81250000000000022e-01,-1.52005089375997854e-01,-2.39045245717341204e-01,2.83281091314385336e-01,-3.66889746115695373e-02
4380,7.56250000000000089e-01,6.81250000000000022e-01,-1.55771178040177261e-01,-2.62867102705284239e-01,3.05554861837763980e-01,-6.10880573493930226e-02
4381,7.68750000000000044e-01,6.81250000000000022e-01,-1.59179422780684171e-01,-2.87707959503611110e-01,3.28806871276321300e-01,-2.76789606491465827e-02
4382,7.81250000000000000e-01,6.81250000000000022e-01,-1.61251386476235187e-01,-3.11064575855883818e-01,3.50375769700059403e-01,-5.00578916392964285e-02
4383,7.93750000000000067e-01,6.81250000000000022e-01,-1.62685328453679584e-01,-3.34761697995752283e-01,3.72198751393769289e-01,-1.78920587221434169e-02
4384,8.06250000000000022e-01,6.81250000000000022e-01,-1.62198402848955869e-01,-3.56043117027377454e-01,3.91248032671504931e-01,-3.80358644680981392e-02
4385,8.18750000000000089e-01,6.81250000000000022e-01,-1.60783004212455283e-01,-3.76611356708530409e-01,4.09496383922278773e-01,-7.95477319616052884e-03
4386,8.31250000000000044e-01,6.81250000000000022e-01,-1.56841424192318141e-01,-3.93467240131216367e-01,4.23574906479539881e-01,-2.56965956228715625e-02
4387,8.43750000000000000e-01,6.81250000000000022e-01,-1.51760335177670180e-01,-4.08127474926699818e-01,4.35429942841879858e-01,1.28258193651969435e-03
4388,8.56250000000000067e-01,6.81250000000000022e-01,-1.43651003912036973e-01,-4.17420438483558198e-01,4.41446976871222974e-01,-1.39430283647951018e-02
4389,8.68750000000000022e-01,6.81250000000000022e-01,-1.34418682410766877e-01,-4.22652841995940443e-01,4.43513029152799554e-01,8.79526810885841379e-03
4390,8.81250000000000089e-01,6.81250000000000022e-01,-1.21945539929404531e-01,-4.20655565691433198e-01,4.37974679240539733e-01,-3.82704132051242324e-03
4391,8.93750000000000044e-01,6.81250000000000022e-01,-1.08786766167714044e-01,-4.12580844870705621e-01,4.26681982332807408e-01,1.35220688584232265e-02
4392,9.06250000000000000e-01,6.81250000000000022e-01,-9.26805568809106056e-02,-3.95580809510515830e-01,4.06292828483042157e-01,3.63056844386179739e-03
4393,9.18750000000000067e-01,6.81250000000000022e-01,-7.69250983597547927e-02,-3.70808646826569277e-01,3.78703740830493185e-01,1.45983538775693450e-02
4394,9.31250000000000022e-01,6.81250000000000022e-01,-5.91791756571405508e-02,-3.36185213016793993e-01,3.41354174256893850e-01,7.70250591158735433e-03
4395,9.43750000000000089e-01,6.81250000000000022e-01,-4.34625745765862062e-02,-2.93058129362648523e-01,2.96263501927524209e-01,1.16251468160063279e-02
4396,9.56250000000000044e-01,6.81250000000000022e-01,-2.73373879335194851e-02,-2.40543495091911419e-01,2.42091936689473708e-01,8.19551973159322877e-03
4397,9.68750000000000000e-01,6.81250000000000022e-01,-1.53426189717873994e-02,-1.80210273187930398e-01,1.80862208654494649e-01,4.82242831284864816e-03
4398,9.81250000000000067e-01,6.81250000000000022e-01,-4.83182845844304116e-03,-1.12472933858196192e-01,1.12576673502648827e-01,5.48118207477722979e-03
4399,9.93750000000000022e-01,6.81250000000000022e-01,-5.23581482028046994e-04,-3.87084018940905619e-02,3.87119427924091167e-02,-5.12876057061015505e-03
4400,6.25000000000000035e-03,6.93750000000000089e-01,-3.93857026290624578e-04,1.79496542570460257e-02,1.79539748051691615e-02,-4.55109191168694555e-02
4401,1.87500000000000028e-02,6.93750000000000089e-01,-6.25221895938591786e-04,5.16117569609990667e-02,5.16155437733673075e-02,-4.35448354342425833e-02
4402,3.12500000000000000e-02,6.93750000000000089e-01,-3.29220174199764759e-03,8.23164499709183317e-02,8.23822585762536280e-02,-4.94885504889445646e-02
4403,4.37500000000000042e-02,6.93750000000000089e-01,-5.16046652351863540e-03,1.09556254322817140e-01,1.09677724611637273e-01,-4.21081176205578209e-02
4404,5.62500000000000014e-02,6.93750000000000089e-01,-9.09862193544946560e-03,1.34044661995024655e-01,1.34353103166561239e-01,-5.28673776014066329e-02
4405,6.87500000000000056e-02,6.93750000000000089e-01,-1.20142535638760196e-02,1.54980937729876450e-01,1.55445917760258179e-01,-4.03114977478197800e-02
4406,8.12500000000000028e-02,6.93750000000000089e-01,-1.65684519780568834e-02,1.73608042737331075e-01,1.74396863802180085e-01,-5.55429587139117525e-02
4407,9.37500000000000000e-02,6.93750000000000089e-01,-1.99584421432648686e-02,1.88829410083137306e-01,1.89881240582453786e-01,-3.82954617546190368e-02
4408,1.06250000000000011e-01,6.93750000000000089e-01,-2.45706238565576059e-02,2.02290471787912707e-01,2.03777208079992944e-01,-5.75371925214449992e-02
4409,1.18750000000000008e-01,6.93750000000000089e-01,-2.79791714705088165e-02,2.12631035440662169e-01,2.14463962634155070e-01,-3.62476480540314533e-02
4410,1.31250000000000006e-01,6.93750000000000089e-01,-3.22508883489516229e-02,2.21766366467984227e-01,2.24099176918856224e-01,-5.89698471110058631e-02
4411,1.43750000000000017e-01,6.93750000000000089e-01,-3.53686287201717617e-02,2.28125532984562451e-01,2.30851031396950984e-01,-3.43634284936395126e-02
4412,1.56250000000000000e-01,6.93750000000000089e-01,-3.90617052818965430e-02,2.33775231483550089e-01,2.37016192853393814e-01,-6.00151439047266200e-02
4413,1.68750000000000011e-01,6.93750000000000089e-01,-4.17120880827235446e-02,2.36997102725785114e-01,2.40639824203387476e-01,-3.28141708330932091e-02
4414,1.81250000000000022e-01,6.93750000000000089e-01,-4.47191000921380935e-02,2.39914253603031091e-01,2.44046403364094222e-01,-6.08615645551345980e-02
4415,1.93750000000000006e-01,6.93750000000000089e-01,-4.68281530611858177e-02,2.40723800038740887e-01,2.45236261234372838e-01,-3.17295984909400780e-02
4416,2.06250000000000017e-01,6.93750000000000089e-01,-4.91354078051630255e-02,2.41535091395143814e-01,2.46482227909924884e-01,-6.16833838195544257e-02
4417,2.18750000000000000e-01,6.93750000000000089e-01,-5.07004822264426822e-02,2.40515558484008435e-01,2.45801287162757370e-01,-3.11929576295432859e-02
4418,2.31250000000000011e-01,6.93750000000000089e-01,-5.23550740239112911e-02,2.39713090871799733e-01,2.45363851680236195e-01,-6.26248415136022724e-02
4419,2.43750000000000022e-01,6.93750000000000089e-01,-5.34192389762880651e-02,2.37308478693393804e-01,2.43246642633724169e-01,-3.12444699766912630e-02
4420,2.56250000000000033e-01,6.93750000000000089e-01,-5.45040991711960160e-02,2.35258984265277443e-01,2.41490137488042433e-01,-6.37940506774776345e-02
4421,2.68749999999999989e-01,6.93750000000000089e-01,-5.51376623357170068e-02,2.31789304948062297e-01,2.38257095793920404e-01,-3.18885214981268691e-02
4422,2.81250000000000000e-01,6.93750000000000089e-01,-5.57545750183967709e-02,2.28751256523292701e-01,2.35447892316893115e-01,-6.52628854571423028e-02
4423,2.93750000000000011e-01,6.93750000000000089e-01,-5.60428821371474761e-02,2.24432564611210777e-01,2.31323973457580712e-01,-3.31013178848859266e-02
4424,3.06250000000000022e-01,6.93750000000000089e-01,-5.63019111669786770e-02,2.20575379495627721e-01,2.27647541697015787e-01,-6.70697745732657391e-02
4425,3.18750000000000033e-01,6.93750000000000089e-01,-5.63378799114742645e-02,2.15539954388505373e-01,2.22781122743195337e-01,-3.48371745549963113e-02
4426,3.31250000000000044e-01,6.93750000000000089e-01,-5.63513738928436286e-02,2.10962119187472319e-01,2.18358634067170182e-01,-6.92233822419033445e-02
4427,3.43750000000000000e-01,6.93750000000000089e-01,-5.62312693551275944e-02,2.05276459440890874e-01,2.12838860300173155e-01,-3.70327810819340505e-02
4428,3.56250000000000011e-01,6.93750000000000089e-01,-5.61107084377691634e-02,2.00021039162184278e-01,2.07742214556667304e-01,-7.17058000731179562e-02
4429,3.68750000000000022e-01,6.93750000000000089e-01,-5.59319680661466215e-02,1.93700880220448901e-01,2.01614523410217489e-01,-3.96098935745400962e-02
4430,3.81250000000000033e-01,6.93750000000000089e-01,-5.57863787098103886e-02,1.87768157052808082e-01,1.95880067522355095e-01,-7.44740184897194207e-02
4431,3.93750000000000044e-01,6.93750000000000089e-01,-5.56463397747916297e-02,1.80790216456300473e-01,1.89160295772256432e-01,-4.24767337110441776e-02
4432,4.06250000000000000e-01,6.93750000000000089e-01,-5.55816769018507018e-02,1.74147311129891014e-01,1.82802102780555531e-01,-7.74626407755241719e-02
4433,4.18750000000000011e-01,6.93750000000000089e-01,-5.55768196673902259e-02,1.66458515411647773e-01,1.75491367985412289e-01,-4.55283725267318917e-02
4434,4.31250000000000022e-01,6.93750000000000089e-01,-5.56961052783823962e-02,1.59047159957385720e-01,1.68517225332281390e-01,-8.05848302591197357e-02
4435,4.43750000000000033e-01,6.93750000000000089e-01,-5.59214466049519632e-02,1.50571044946229610e-01,1.60620197256104741e-01,-4.86440939633770303e-02
4436,4.56250000000000044e-01,6.93750000000000089e-01,-5.63233614284390227e-02,1.42313214598971033e-01,1.53053494217189806e-01,-8.37306209611266838e-02
4437,4.68750000000000000e-01,6.93750000000000089e-01,-5.68715811896500570e-02,1.32956338138747993e-01,1.44609005937652607e-01,-5.16880381904336814e-02
4438,4.81250000000000011e-01,6.93750000000000089e-01,-5.76508992515499669e-02,1.23759123842109603e-01,1.36528190930221394e-01,-8.67687825461042062e-02
4439,4.93750000000000022e-01,6.93750000000000089e-01,-5.86123028577634278e-02,1.13413542027068423e-01,1.27663751947903359e-01,-5.45102761500868976e-02
4440,5.06249999999999978e-01,6.93750000000000089e-01,-5.98583882040893134e-02,1.03171066073892218e-01,1.19278227322570873e-01,-8.95471555418603793e-02
4441,5.18750000000000044e-01,6.93750000000000089e-01,-6.13183608105688643e-02,9.17173631071345058e-02,1.10326860137597793e-01,-5.69460216045525741e-02
4442,5.31250000000000000e-01,6.93750000000000089e-01,-6.31127027916547068e-02,8.03140149082775812e-02,1.02144771008381888e-01,-9.18934901613926852e-02
4443,5.43750000000000067e-01,6.93750000000000089e-01,-6.51488551711972702e-02,6.76243774003169873e-02,9.39011701146377636e-02,-5.88167632366608517e-02
4444,5.56250000000000022e-01,6.93750000000000089e-01,-6.75615980584959447e-02,5.49376520888483488e-02,8.70787870221738092e-02,-9.36175116934615942e-02
4445,5.68749999999999978e-01,6.93750000000000089e-01,-7.02389286860779227e-02,4.08790406237242304e-02,8.12687090169644244e-02,-5.99320405488019264e-02
4446,5.81250000000000044e-01,6.93750000000000089e-01,-7.33230737151615436e-02,2.67831787924307820e-02,7.80615898202587782e-02,-9.45143816373874707e-02
4447,5.93750000000000000e-01,6.93750000000000089e-01,-7.66852825023328771e-02,1.12228784074084476e-02,7.75021648227330190e-02,-6.00903737239636138e-02
4448,6.06250000000000067e-01,6.93750000000000089e-01,-8.04666691455560718e-02,-4.40406565195708075e-03,8.05870996974524106e-02,-9.43697347052092489e-02
4449,6.18750000000000022e-01,6.93750000000000089e-01,-8.45154473806641743e-02,-2.15667364296790801e-02,8.72237637698641266e-02,-5.92070998480247884e-02
4450,6.31250000000000089e-01,6.93750000000000089e-01,-8.89479902132708916e-02,-3.87684993498990937e-02,9.70295908721832273e-02,-9.30518454097335468e-02
4451,6.43750000000000044e-01,6.93750000000000089e-01,-9.36480402852861160e-02,-5.75916302707057681e-02,1.09939762263306012e-01,-5.69741363102174853e-02
4452,6.56250000000000000e-01,6.93750000000000089e-01,-9.86691757532449087e-02,-7.64446989202286070e-02,1.24817459663418617e-01,-9.02068168035686374e-02
4453,6.68750000000000067e-01,6.93750000000000089e-01,-1.03933848539653054e-01,-9.69941525602990573e-02,1.42162268211906750e-01,-5.32153982266176453e-02
4454,6.81250000000000022e-01,6.93750000000000089e-01,-1.09407067401781258e-01,-1.17525457121468141e-01,1.60568177012345603e-01,-8.56451491208142512e-02
4455,6.93750000000000089e-01,6.93750000000000089e-01,-1.15069237061320245e-01,-1.39792880902179478e-01,1.81060704927395150e-01,-4.78128985207493390e-02
4456,7.06250000000000044e-01,6.93750000000000089e-01,-1.20756137604013214e-01,-1.61932069975168069e-01,2.02000099147208595e-01,-7.92188269585366728e-02
4457,7.18750000000000000e-01,6.93750000000000089e-01,-1.26536305130455606e-01,-1.85778739447500202e-01,2.24778060643760214e-01,-4.07271977064582250e-02
4458,7.31250000000000067e-01,6.93750000000000089e-01,-1.32064468122643636e-01,-2.09291885112122794e-01,2.47475487501899377e-01,-7.08556940713849226e-02
4459,7.43750000000000022e-01,6.93750000000000089e-01,-1.37531133734108052e-01,-2.34364545886300929e-01,2.71738022946147795e-01,-3.20190263338165707e-02
4460,7.56250000000000089e-01,6.93750000000000089e-01,-1.42353510290829710e-01,-2.58745186808238548e-01,2.95319477157453381e-01,-6.05884912164713907e-02
4461,7.68750000000000044e-01,6.93750000000000089e-01,-1.46890757364848662e-01,-2.84342920142256872e-01,3.20043420232700160e-01,-2.18938731435704345e-02
4462,7.81250000000000000e-01,6.93750000000000089e-01,-1.50261909404574512e-01,-3.08660133845834128e-01,3.43292469541114198e-01,-4.86048939776558969e-02
4463,7.93750000000000067e-01,6.93750000000000089e-01,-1.53059220640407251e-01,-3.33557068193589434e-01,3.66997878420232460e-01,-1.07556149352403541e-02
4464,8.06250000000000022e-01,6.93750000000000089e-01,-1.54051363496400917e-01,-3.56261316817413576e-01,3.88141660293735757e-01,-3.53092145003136362e-02
4465,8.18750000000000089e-01,6.93750000000000089e-01,-1.54149903340726563e-01,-3.78502108669170445e-01,4.08688192840169828e-01,7.50769308913806083e-04
4466,8.31250000000000044e-01,6.93750000000000089e-01,-1.51743610122693412e-01,-3.97227617584709813e-01,4.25224532905960684e-01,-2.13653183222094270e-02
4467,8.43750000000000000e-01,6.93750000000000089e-01,-1.48180191514605070e-01,-4.13956452704351774e-01,4.39678648438692421e-01,1.17154918039088108e-02
4468,8.56250000000000067e-01,6.93750000000000089e-01,-1.41476702126716397e-01,-4.25410960252784021e-01,4.48319241554327452e-01,-7.71410139041159640e-03
4469,8.68750000000000022e-01,6.93750000000000089e-01,-1.33565385591517288e-01,-4.32858024701472111e-01,4.52996447863193430e-01,2.09966971066736299e-02
4470,8.81250000000000089e-01,6.93750000000000089e-01,-1.22146391014356592e-01,-4.32958125995505316e-01,4.49858288468015177e-01,4.48717280603339302e-03
4471,8.93750000000000044e-01,6.93750000000000089e-01,-1.09901241577869777e-01,-4.26774285736828130e-01,4.40697826028830231e-01,2.73516294352050306e-02
4472,9.06250000000000000e-01,6.93750000000000089e-01,-9.43040799429381293e-02,-4.11233500561629550e-01,4.21907870841556842e-01,1.40386897829924574e-02
4473,9.18750000000000067e-01,6.93750000000000089e-01,-7.89176500203813275e-02,-3.87368221937284041e-01,3.95325353160649595e-01,2.96892841218902338e-02
4474,9.31250000000000022e-01,6.93750000000000089e-01,-6.10726337442276598e-02,-3.52867589761008793e-01,3.58113672590422316e-01,1.99847255765188518e-02
4475,9.43750000000000089e-01,6.93750000000000089e-01,-4.52207674496105452e-02,-3.08981419228251175e-01,3.12273013942985567e-01,2.73935835259896121e-02
4476,9.56250000000000044e-01,6.93750000000000089e-01,-2.85496248334648310e-02,-2.54672793014744936e-01,2.56268048301115159e-01,2.19145763369413514e-02
4477,9.68750000000000000e-01,6.93750000000000089e-01,-1.61896169309642055e-02,-1.91503072238664501e-01,1.92186186738845827e-01,2.05512069553330651e-02
4478,9.81250000000000067e-01,6.93750000000000089e-01,-5.07295985598105181e-03,-1.19884567713473833e-01,1.19991851796473620e-01,2.00626141111711551e-02
4479,9.93750000000000022e-01,6.93750000000000089e-01,-6.09968750476523602e-04,-4.13203563588737943e-02,4.13248582756296917e-02,9.83896572417496465e-03
4480,6.25000000000000035e-03,7.06250000000000044e-01,-3.84417269631587798e-04,1.85750407099679327e-02,1.85790181122188758e-02,-4.38220245560506094e-02
4481,1.87500000000000028e-02,7.06250000000000044e-01,-6.95942339549415995e-04,5.32310430451007829e-02,5.32355922237120402e-02,-4.25947832296103487e-02
4482,3.12500000000000000e-02,7.06250000000000044e-01,-3.49397644573111454e-03,8.48043304821085864e-02,8.48762766615148850e-02,-4.77865821569171262e-02
4483,4.37500000000000042e-02,7.06250000000000044e-01,-5.54480787098163026e-03,1.12647227294351990e-01,1.12783610118808927e-01,-4.17626249043826295e-02
4484,5.62500000000000014e-02,7.06250000000000044e-01,-9.67435431821223046e-03,1.37692272783769082e-01,1.38031717789188546e-01,-5.13668346001822790e-02
4485,6.87500000000000056e-02,7.06250000000000044e-01,-1.27731305949297658e-02,1.58862888877589814e-01,1.59375563772268997e-01,-4.06647823444229659e-02
4486,8.12500000000000028e-02,7.06250000000000044e-01,-1.74798843450051505e-02,1.77750284368192124e-01,1.78607698461426712e-01,-5.44138371998685103e-02
4487,9.37500000000000000e-02,7.06250000000000044e-01,-2.09704100107537851e-02,1.92901094054856864e-01,1.94037599922231213e-01,-3.93727388992517538e-02
4488,1.06250000000000011e-01,7.06250000000000044e-01,-2.56290292457166426e-02,2.06389202504384028e-01,2.07974397584109932e-01,-5.68962716145927985e-02
4489,1.18750000000000008e-01,7.06250000000000044e-01,-2.90088239126304048e-02,2.16449339101369154e-01,2.18384587968596111e-01,-3.80178919604633320e-02
4490,1.31250000000000006e-01,7.06250000000000044e-01,-3.31905368771873502e-02,2.25455817421355287e-01,2.27885798915437948e-01,-5.88815753380378601e-02
4491,1.43750000000000017e-01,7.06250000000000044e-01,-3.61365859827924921e-02,2.31416896353396850e-01,2.34221332854910064e-01,-3.67565712974870576e-02
4492,1.56250000000000000e-01,7.06250000000000044e-01,-3.96012039981687158e-02,2.36850710186568642e-01,2.40138531422981971e-01,-6.04988462627552431e-02
4493,1.68750000000000011e-01,7.06250000000000044e-01,-4.19454146922590351e-02,2.39629967011520922e-01,2.43273383056281323e-01,-3.57381592003646331e-02
4494,1.81250000000000022e-01,7.06250000000000044e-01,-4.46002109809741573e-02,2.42296320820642536e-01,2.46366974050433840e-01,-6.19018958909557312e-02
4495,1.93750000000000006e-01,7.06250000000000044e-01,-4.62884836876841996e-02,2.42669507840294757e-01,2.47044760635711291e-01,-3.50847843335368101e-02
4496,2.06250000000000017e-01,7.06250000000000044e-01,-4.81417236613575356e-02,2.43230527445251504e-01,2.47949017014348655e-01,-6.32414394164208110e-02
4497,2.18750000000000000e-01,7.06250000000000044e-01,-4.91950420818664247e-02,2.41812419822033886e-01,2.46765878001040051e-01,-3.48827981067387771e-02
4498,2.31250000000000011e-01,7.06250000000000044e-01,-5.03169636079204285e-02,2.40782371134881934e-01,2.45983631723854373e-01,-6.46481247420985922e-02
4499,2.43750000000000022e-01,7.06250000000000044e-01,-5.08013009930724027e-02,2.38034298618158197e-01,2.43394945512899363e-01,-3.51824949183840927e-02
4500,2.56250000000000033e-01,7.06250000000000044e-01,-5.12959756361336464e-02,2.35792779522942364e-01,2.41307919454827935e-01,-6.62244427133187874e-02
4501,2.68749999999999989e-01,7.06250000000000044e-01,-5.13016905717895849e-02,2.32042694885134543e-01,2.37646114432951111e-01,-3.60020195510375174e-02
4502,2.81250000000000000e-01,7.06250000000000044e-01,-5.12888216743031186e-02,2.28855095347844484e-01,2.34531869679601240e-01,-6.80425234124043543e-02
4503,2.93750000000000011e-01,7.06250000000000044e-01,-5.09178293691125092e-02,2.24321392470666570e-01,2.30027634139120085e-01,-3.73324541925589490e-02
4504,3.06250000000000022e-01,7.06250000000000044e-01,-5.05220881413709633e-02,2.20360525648684996e-01,2.26077957028829352e-01,-7.01450137964680087e-02
4505,3.18750000000000033e-01,7.06250000000000044e-01,-4.98806286274715988e-02,2.15174883850361459e-01,2.20880754599146273e-01,-3.91425171276234135e-02
4506,3.31250000000000044e-01,7.06250000000000044e-01,-4.92260994806073479e-02,2.10540729080393341e-01,2.16218887870089277e-01,-7.25469324064254711e-02
4507,3.43750000000000000e-01,7.06250000000000044e-01,-4.84212100775450183e-02,2.04767664151121187e-01,2.10414851822013999e-01,-4.13824447271160523e-02
4508,3.56250000000000011e-01,7.06250000000000044e-01,-4.76288170048556059e-02,1.99503960079248532e-01,2.05110541651530948e-01,-7.52370577239694222e-02
4509,3.68750000000000022e-01,7.06250000000000044e-01,-4.67666779338555341e-02,1.93156560551735940e-01,1.98737462621281835e-01,-4.39862821377283858e-02
4510,3.81250000000000033e-01,7.06250000000000044e-01,-4.59535548261163773e-02,1.87263679216392226e-01,1.92819643073045666e-01,-7.81810666074777838e-02
4511,3.93750000000000044e-01,7.06250000000000044e-01,-4.51392115200594107e-02,1.80316077623656423e-01,1.85880166414368025e-01,-4.68725800520549893e-02
4512,4.06250000000000000e-01,7.06250000000000044e-01,-4.44183525935770360e-02,1.73761102401038453e-01,1.79348573327895472e-01,-8.13193868152448096e-02
4513,4.18750000000000011e-01,7.06250000000000044e-01,-4.37548708457941651e-02,1.66158217374885508e-01,1.71822704913907803e-01,-4.99423498394111626e-02
4514,4.31250000000000022e-01,7.06250000000000044e-01,-4.32358841583592515e-02,1.58882531768226615e-01,1.64660258046793406e-01,-8.45704357263327294e-02
4515,4.43750000000000033e-01,7.06250000000000044e-01,-4.28247484440728507e-02,1.50545026518836722e-01,1.56517615905863355e-01,-5.30820465685674509e-02
4516,4.56250000000000044e-01,7.06250000000000044e-01,-4.26122012983067774e-02,1.42469849460360648e-01,1.48705943743837110e-01,-8.78292379529250489e-02
4517,4.68750000000000000e-01,7.06250000000000044e-01,-4.25524554176561556e-02,1.33301790396541275e-01,1.39928834716062156e-01,-5.61640836463833393e-02
4518,4.81250000000000011e-01,7.06250000000000044e-01,-4.27485196166229806e-02,1.24333713762648373e-01,1.31477406072012915e-01,-9.09726415621111145e-02
4519,4.93750000000000022e-01,7.06250000000000044e-01,-4.31382223497920742e-02,1.14224293042022793e-01,1.22098711493815515e-01,-5.90433528410062650e-02
4520,5.06249999999999978e-01,7.06250000000000044e-01,-4.38405036632350739e-02,1.04255745745484837e-01,1.13098409725306520e-01,-9.38521695793616134e-02
4521,5.18750000000000044e-01,7.06250000000000044e-01,-4.47739110658881626e-02,9.30816414133351366e-02,1.03290343596760148e-01,-6.15577977075185342e-02
4522,5.31250000000000000e-01,7.06250000000000044e-01,-4.60738453055187375e-02,8.19940873184468455e-02,9.40522704479905547e-02,-9.62985475439251948e-02
4523,5.43750000000000067e-01,7.06250000000000044e-01,-4.76397764363421863e-02,6.96221048575704771e-02,8.43610442307538289e-02,-6.35310428877351729e-02
4524,5.56250000000000022e-01,7.06250000000000044e-01,-4.96202230867040378e-02,5.72879481188750539e-02,7.57896796328180605e-02,-9.81236501845269699e-02
4525,5.68749999999999978e-01,7.06250000000000044e-01,-5.18983695034680378e-02,4.35770581397671580e-02,6.77672542843160142e-02,-6.47740508914504132e-02
4526,5.81250000000000044e-01,7.06250000000000044e-01,-5.46286439401056437e-02,2.98614011650592606e-02,6.22574655625768580e-02,-9.91231130746865474e-02
4527,5.93750000000000000e-01,7.06250000000000044e-01,-5.76822486222294886e-02,1.46661601617157633e-02,5.95175441362107496e-02,-6.50868375729109216e-02
4528,6.06250000000000067e-01,7.06250000000000044e-01,-6.12086410320843780e-02,-5.71964020833749657e-04,6.12113133320605352e-02,-9.90805165268032473e-02
4529,6.18750000000000022e-01,7.06250000000000044e-01,-6.50696588836567197e-02,-1.73889028591417936e-02,6.73530582073309791e-02,-6.43543101017917812e-02
4530,6.31250000000000089e-01,7.06250000000000044e-01,-6.93781132312550897e-02,-3.42114878102552852e-02,7.73546927711570576e-02,-9.78647711204461979e-02
4531,6.43750000000000044e-01,7.06250000000000044e-01,-7.40274733348536412e-02,-5.27156738132924241e-02,9.08790904110065995e-02,-6.23263489964033385e-02
4532,6.56250000000000000e-01,7.06250000000000044e-01,-7.90794389924240199e-02,-7.12239387543757846e-02,1.06425594304394591e-01,-9.51315481838445054e-02
4533,6.68750000000000067e-01,7.06250000000000044e-01,-8.44638060747160968e-02,-9.15185533671091789e-02,1.24538267801650671e-01,-5.87947636202216933e-02
4534,6.81250000000000022e-01,7.06250000000000044e-01,-9.01563022943921571e-02,-1.11778309337748613e-01,1.43605533604395763e-01,-9.06901387826795913e-02
4535,6.93750000000000089e-01,7.06250000000000044e-01,-9.61443286015797177e-02,-1.33906438504987152e-01,1.64847402755816719e-01,-5.36388571032817632e-02
4536,7.06250000000000044e-01,7.06250000000000044e-01,-1.02276022551422388e-01,-1.55902588672097192e-01,1.86456434438718649e-01,-8.43889095192807137e-02
4537,7.18750000000000000e-01,7.06250000000000044e-01,-1.08626727162570810e-01,-1.79792826623937307e-01,2.10060054173745236e-01,-4.68035184028020718e-02
4538,7.31250000000000067e-01,7.06250000000000044e-01,-1.14861678693403510e-01,-2.03368613113373758e-01,2.33563691595940814e-01,-7.61393846113564143e-02
4539,7.43750000000000022e-01,7.06250000000000044e-01,-1.21175135808873929e-01,-2.28759095653548461e-01,2.58870889407303517e-01,-3.83298826123184833e-02
4540,7.56250000000000089e-01,7.06250000000000044e-01,-1.26990980308012619e-01,-2.53505093272661353e-01,2.83534021582544427e-01,-6.59660727137250658e-02
4541,7.68750000000000044e-01,7.06250000000000044e-01,-1.32667343533493576e-01,-2.79802223445847875e-01,3.09660956992440617e-01,-2.84133844180862599e-02
4542,7.81250000000000000e-01,7.06250000000000044e-01,-1.37318167668196434e-01,-3.04893966057722454e-01,3.34389906710951035e-01,-5.40476865558802907e-02
4543,7.93750000000000067e-01,7.06250000000000044e-01,-1.41527493209596650e-01,-3.30974669766618212e-01,3.59964252893692771e-01,-1.74359604541576424e-02
4544,8.06250000000000022e-01,7.06250000000000044e-01,-1.44038366245892835e-01,-3.54950533945296909e-01,3.83062569952791587e-01,-4.07703322538712082e-02
4545,8.18750000000000089e-01,7.06250000000000044e-01,-1.45745327414308040e-01,-3.78921293430449391e-01,4.05984047812359972e-01,-6.02133018019920720e-03
4546,8.31250000000000044e-01,7.06250000000000044e-01,-1.44983806700759194e-01,-3.99435302032598083e-01,4.24933953356655125e-01,-2.67937307342347199e-02
4547,8.43750000000000000e-01,7.06250000000000044e-01,-1.43076608300277797e-01,-4.18396321125103110e-01,4.42183669275258873e-01,4.93065692026471453e-03
4548,8.56250000000000067e-01,7.06250000000000044e-01,-1.37956168734198054e-01,-4.32033847006006499e-01,4.53525246762104706e-01,-1.30698779198191537e-02
4549,8.68750000000000022e-01,7.06250000000000044e-01,-1.31531160219135801e-01,-4.41984845855446284e-01,4.61141030569233334e-01,1.42656426811124445e-02
4550,8.81250000000000089e-01,7.06250000000000044e-01,-1.21391464718751854e-01,-4.44318565249014474e-01,4.60602730269270899e-01,-7.96598638816080470e-04
4551,8.93750000000000044e-01,7.06250000000000044e-01,-1.10217304958673323e-01,-4.40424604502477945e-01,4.54006262691955931e-01,2.06981316443011418e-02
4552,9.06250000000000000e-01,7.06250000000000044e-01,-9.53657668013972865e-02,-4.26563509409904729e-01,4.37093876687505656e-01,8.75664432604560984e-03
4553,9.18750000000000067e-01,7.06250000000000044e-01,-8.04539070694106628e-02,-4.04041298910288227e-01,4.11973545737886249e-01,2.30678252087255509e-02
4554,9.31250000000000022e-01,7.06250000000000044e-01,-6.27177708348014284e-02,-3.69881457800979196e-01,3.75161047556198501e-01,1.45570755192409498e-02
4555,9.43750000000000089e-01,7.06250000000000044e-01,-4.67529877546509556e-02,-3.25582100968749233e-01,3.28921793645862492e-01,2.06894198933956844e-02
4556,9.56250000000000044e-01,7.06250000000000044e-01,-2.96969550045330551e-02,-2.69574267238986476e-01,2.71205078665532673e-01,1.61519311960424752e-02
4557,9.68750000000000000e-01,7.06250000000000044e-01,-1.69184060198499381e-02,-2.03687648220898271e-01,2.04389066488432553e-01,1.36211934129880363e-02
4558,9.81250000000000067e-01,7.06250000000000044e-01,-5.33143264595841663e-03,-1.28052498517863850e-01,1.28163436871542719e-01,1.38055920759559483e-02
4559,9.93750000000000022e-01,7.06250000000000044e-01,-6.30947404450508107e-04,-4.43916825491386322e-02,4.43961662102785870e-02,2.56952369537051572e-03
4560,6.25000000000000035e-03,7.18750000000000000e-01,-4.72897845455675530e-04,1.90303137866706940e-02,1.90361885678668706e-02,-5.10891983642154796e-02
4561,1.87500000000000028e-02,7.18750000000000000e-01,-7.55348296453860896e-04,5.47212754276266630e-02,5.47264884263108306e-02,-4.87211539144426151e-02
4562,3.12500000000000000e-02,7.18750000000000000e-01,-3.93230602914557657e-03,8.71658430440082482e-02,8.72544968713907382e-02,-5.58234656875083377e-02
4563,4.37500000000000042e-02,7.18750000000000000e-01,-6.10222745255479312e-03,1.15736393490683542e-01,1.15897152502177761e-01,-4.68932480670256127e-02
4564,5.62500000000000014e-02,7.18750000000000000e-01,-1.06489724035340894e-02,1.41273700206753949e-01,1.41674482470764723e-01,-5.96883114918593735e-02
4565,6.87500000000000056e-02,7.18750000000000000e-01,-1.38883058334519048e-02,1.62786041331783288e-01,1.63377416711724732e-01,-4.45456776341852170e-02
4566,8.12500000000000028e-02,7.18750000000000000e-01,-1.89162477422167886e-02,1.81806224759363366e-01,1.82787657651978991e-01,-6.25324261708591345e-02
4567,9.37500000000000000e-02,7.18750000000000000e-01,-2.24716017082644930e-02,1.96977942439386183e-01,1.98255599393785120e-01,-4.18732952744502313e-02
4568,1.06250000000000011e-01,7.18750000000000000e-01,-2.72743709158775431e-02,2.10329975016485149e-01,2.12090993913678805e-01,-6.44000755687414161e-02
4569,1.18750000000000008e-01,7.18750000000000000e-01,-3.05909775124615993e-02,2.20191746480229350e-01,2.22306574628780423e-01,-3.91331259633811365e-02
4570,1.31250000000000006e-01,7.18750000000000000e-01,-3.47124822638047725e-02,2.28895403464925123e-01,2.31512552904342112e-01,-6.54790026142281073e-02
4571,1.43750000000000017e-01,7.18750000000000000e-01,-3.74533747690936891e-02,2.34535222254974529e-01,2.37506896236266113e-01,-3.65849178078985968e-02
4572,1.56250000000000000e-01,7.18750000000000000e-01,-4.06637800376820971e-02,2.39585518702632061e-01,2.43011859338103597e-01,-6.60282626385958055e-02
4573,1.68750000000000011e-01,7.18750000000000000e-01,-4.26710062624516134e-02,2.41994954264383916e-01,2.45728249627248707e-01,-3.44475810383881448e-02
4574,1.81250000000000022e-01,7.18750000000000000e-01,-4.49077185738073412e-02,2.44258961626431598e-01,2.48352860910292045e-01,-6.63164483494946416e-02
4575,1.93750000000000006e-01,7.18750000000000000e-01,-4.61486784146680554e-02,2.44263984364070652e-01,2.48585185754966909e-01,-3.28786299610340574e-02
4576,2.06250000000000017e-01,7.18750000000000000e-01,-4.74565434586695437e-02,2.44443465104248331e-01,2.49007492154787291e-01,-6.65819035232455142e-02
4577,2.18750000000000000e-01,7.18750000000000000e-01,-4.79766137287735914e-02,2.42689302978813998e-01,2.47386040926367817e-01,-3.19720714264221176e-02
4578,2.31250000000000011e-01,7.18750000000000000e-01,-4.84610434261330547e-02,2.41321335892655919e-01,2.46139106781034733e-01,-6.70138445540245792e-02
4579,2.43750000000000022e-01,7.18750000000000000e-01,-4.83489330508712761e-02,2.38285835207299318e-01,2.43141437413695150e-01,-3.17667321721107482e-02
4580,2.56250000000000033e-01,7.18750000000000000e-01,-4.81441243064356095e-02,2.35761523921898225e-01,2.40626999456023866e-01,-6.77480268661892482e-02
4581,2.68749999999999989e-01,7.18750000000000000e-01,-4.75094326441794224e-02,2.31780343732330141e-01,2.36599395457488287e-01,-3.22583069348920948e-02
4582,2.81250000000000000e-01,7.18750000000000000e-01,-4.67591620839995017e-02,2.28369701148914278e-01,2.33107570965943006e-01,-6.88703092838003628e-02
4583,2.93750000000000011e-01,7.18750000000000000e-01,-4.57192734459066358e-02,2.23663881748448312e-01,2.28288816991120830e-01,-3.34108510695922747e-02
4584,3.06250000000000022e-01,7.18750000000000000e-01,-4.45666686162177889e-02,2.19540630681262644e-01,2.24018473504919519e-01,-7.04233884719185077e-02
4585,3.18750000000000033e-01,7.18750000000000000e-01,-4.32399463644872820e-02,2.14241885361970724e-01,2.18561841145831187e-01,-3.51655428110993068e-02
4586,3.31250000000000044e-01,7.18750000000000000e-01,-4.18231627492900437e-02,2.09505287553045927e-01,2.13639047121630066e-01,-7.24142187727943171e-02
4587,3.43750000000000000e-01,7.18750000000000000e-01,-4.03260341870155734e-02,2.03676977998384690e-01,2.07630682703223879e-01,-3.74458076746303492e-02
4588,3.56250000000000011e-01,7.18750000000000000e-01,-3.87769593160872117e-02,1.98369216346476307e-01,2.02123720942685520e-01,-7.48205454684049281e-02
4589,3.68750000000000022e-01,7.18750000000000000e-01,-3.72234832163077442e-02,1.92023314304991866e-01,1.95597906275676775e-01,-4.01607902446634857e-02
4590,3.81250000000000033e-01,7.18750000000000000e-01,-3.56674697461993109e-02,1.86143508340230357e-01,1.89529876524271113e-01,-7.75903486273783610e-02
4591,3.93750000000000044e-01,7.18750000000000000e-01,-3.41690491550522626e-02,1.79252620915075905e-01,1.82480207214602536e-01,-4.32073008317201412e-02
4592,4.06250000000000000e-01,7.18750000000000000e-01,-3.27254226404056908e-02,1.72765881099593149e-01,1.75838002033439689e-01,-8.06497088034286574e-02
4593,4.18750000000000011e-01,7.18750000000000000e-01,-3.13909548777192710e-02,1.65273580559437111e-01,1.68228263021026753e-01,-4.64728555126209184e-02
4594,4.31250000000000022e-01,7.18750000000000000e-01,-3.01763044516770995e-02,1.58120024423142325e-01,1.60973760203131949e-01,-8.39055248342917975e-02
4595,4.43750000000000033e-01,7.18750000000000000e-01,-2.91128095346455118e-02,1.49944840196045953e-01,1.52744920637048698e-01,-4.98251468253008631e-02
4596,4.56250000000000044e-01,7.18750000000000000e-01,-2.82372442809859098e-02,1.42043966763682944e-01,1.44823445817817559e-01,-8.72366470944460765e-02
4597,4.68750000000000000e-01,7.18750000000000000e-01,-2.75488390192936763e-02,1.33090097768386817e-01,1.35911414735149172e-01,-5.31164866475685518e-02
4598,4.81250000000000011e-01,7.18750000000000000e-01,-2.71203879133735497e-02,1.24347975357843352e-01,1.27271105975263199e-01,-9.05022606748250025e-02
4599,4.93750000000000022e-01,7.18750000000000000e-01,-2.69115434764694711e-02,1.14502950126968123e-01,1.17622943170390251e-01,-5.61878586637767491e-02
4600,5.06249999999999978e-01,7.18750000000000000e-01,-2.70347374654874364e-02,1.04809859024468141e-01,1.08240397165553295e-01,-9.35401176645049154e-02
4601,5.18750000000000044e-01,7.18750000000000000e-01,-2.74072398828240325e-02,9.39481316918579362e-02,9.78642337444346477e-02,-5.88634155493377095e-02
4602,5.31250000000000000e-01,7.18750000000000000e-01,-2.81820877128760895e-02,8.31829838925013804e-02,8.78273242056046288e-02,-9.61665575284537250e-02
4603,5.43750000000000067e-01,7.18750000000000000e-01,-2.92345724372004567e-02,7.11682054816869664e-02,7.69387658925560075e-02,-6.09526580937469267e-02
4604,5.56250000000000022e-01,7.18750000000000000e-01,-3.07550611217972947e-02,5.91993276496296447e-02,6.67115745487519701e-02,-9.81782156384612137e-02
4605,5.68749999999999978e-01,7.18750000000000000e-01,-3.25804557596355640e-02,4.58849555883518792e-02,5.62753520366651716e-02,-6.22528176663185787e-02
4606,5.81250000000000044e-01,7.18750000000000000e-01,-3.49302015805037502e-02,3.25700990260795048e-02,4.77590863922589259e-02,-9.93539056237363050e-02
4607,5.93750000000000000e-01,7.18750000000000000e-01,-3.76102817949551180e-02,1.78004333041753941e-02,4.16099594149324861e-02,-6.25542162135755836e-02
4608,6.06250000000000067e-01,7.18750000000000000e-01,-4.08534418875771480e-02,2.98632321344558232e-03,4.09624442678510961e-02,-9.94575553681731478e-02
4609,6.18750000000000022e-01,7.18750000000000000e-01,-4.44513063734281733e-02,-1.33996209986853264e-02,4.64270231784548598e-02,-6.16567390798531470e-02
4610,6.31250000000000089e-01,7.18750000000000000e-01,-4.86139705465408953e-02,-2.98077957468730233e-02,5.70247561992793389e-02,-9.83594049130462750e-02
4611,6.43750000000000044e-01,7.18750000000000000e-01,-5.31268333319159583e-02,-4.78925548661565115e-02,7.15273180783747020e-02,-5.94136803695373833e-02
4612,6.56250000000000000e-01,7.18750000000000000e-01,-5.81912649563915349e-02,-6.60055851095697754e-02,8.79940940227332546e-02,-9.56717679958280914e-02
4613,6.68750000000000067e-01,7.18750000000000000e-01,-6.36020235441520920e-02,-8.59194170182354666e-02,1.06898847606811578e-01,-5.55062004797966177e-02
4614,6.81250000000000022e-01,7.18750000000000000e-01,-6.94998934335065849e-02,-1.05842277532991164e-01,1.26620783841514317e-01,-9.11630190151378611e-02
4615,6.93750000000000089e-01,7.18750000000000000e-01,-7.57167383629425012e-02,-1.27675150905192047e-01,1.48438433793225716e-01,-4.97844443475516304e-02
4616,7.06250000000000044e-01,7.18750000000000000e-01,-8.22832230647903562e-02,-1.49447152804089461e-01,1.70601817924601579e-01,-8.46351926903555346e-02
4617,7.18750000000000000e-01,7.18750000000000000e-01,-8.91114422356020647e-02,-1.73194922793573208e-01,1.94775076482543913e-01,-4.21847956734501955e-02
4618,7.31250000000000067e-01,7.18750000000000000e-01,-9.60557791527356652e-02,-1.96741108988143981e-01,2.18937837466537250e-01,-7.59737899243714682e-02
4619,7.43750000000000022e-01,7.18750000000000000e-01,-1.03139967303529714e-01,-2.22236921544775756e-01,2.45004290070749559e-01,-3.27207080712173110e-02
4620,7.56250000000000089e-01,7.18750000000000000e-01,-1.09974614939694404e-01,-2.47250773433183607e-01,2.70605544833141864e-01,-6.51439056401214717e-02
4621,7.68750000000000044e-01,7.18750000000000000e-01,-1.16746472303232346e-01,-2.74017238347832759e-01,2.97850945452624638e-01,-2.15449377750400219e-02
4622,7.81250000000000000e-01,7.18750000000000000e-01,-1.22733501385037178e-01,-2.99797948962110261e-01,3.23948024479420116e-01,-5.22504134787906763e-02
4623,7.93750000000000067e-01,7.18750000000000000e-01,-1.28360918667539570e-01,-3.26838195914700702e-01,3.51140615352241725e-01,-9.02699593719625236e-03
4624,8.06250000000000022e-01,7.18750000000000000e-01,-1.32489241237804589e-01,-3.52041624348169990e-01,3.76147184380618782e-01,-3.76337590516968093e-02
4625,8.18750000000000089e-01,7.18750000000000000e-01,-1.35877636072590957e-01,-3.77557809629829377e-01,4.01263793030407767e-01,4.20127884163358847e-03
4626,8.31250000000000044e-01,7.18750000000000000e-01,-1.36904417544735424e-01,-3.99894659689339460e-01,4.22680208185001127e-01,-2.19122526723931343e-02
4627,8.43750000000000000e-01,7.18750000000000000e-01,-1.36800654435066810e-01,-4.20985043495279487e-01,4.42654296150602089e-01,1.71894036313483996e-02
4628,8.56250000000000067e-01,7.18750000000000000e-01,-1.33440558698257244e-01,-4.36954914730117494e-01,4.56876329232000444e-01,-6.05070244703845121e-03
4629,8.68750000000000022e-01,7.18750000000000000e-01,-1.28713460739070029e-01,-4.49423490991679220e-01,4.67491849373415369e-01,2.86643080497040251e-02
4630,8.81250000000000089e-01,7.18750000000000000e-01,-1.20031850424994022e-01,-4.54270671227122114e-01,4.69861136777227184e-01,8.66388297890056946e-03
4631,8.93750000000000044e-01,7.18750000000000000e-01,-1.10172957231843768e-01,-4.52800554790062093e-01,4.66011183260013284e-01,3.71331324538365093e-02
4632,9.06250000000000000e-01,7.18750000000000000e-01,-9.61954894909330116e-02,-4.40995770637760354e-01,4.51365530273183713e-01,2.07719398549593252e-02
4633,9.18750000000000067e-01,7.18750000000000000e-01,-8.19867409127176677e-02,-4.20016597964129379e-01,4.27943650789271768e-01,4.11520911170807566e-02
4634,9.31250000000000022e-01,7.18750000000000000e-01,-6.43830740286105291e-02,-3.86567561397507808e-01,3.91892408380399127e-01,2.89597234937025716e-02
4635,9.43750000000000089e-01,7.18750000000000000e-01,-4.84757777850274227e-02,-3.42002423751154250e-01,3.45420843151549584e-01,3.97355664941530101e-02
4636,9.56250000000000044e-01,7.18750000000000000e-01,-3.09298329933027014e-02,-2.84506605213385000e-01,2.86182918740861436e-01,3.24688935572909898e-02
4637,9.68750000000000000e-01,7.18750000000000000e-01,-1.78411978976696674e-02,-2.15868591361259604e-01,2.16604610012617937e-01,3.27269495596460638e-02
4638,9.81250000000000067e-01,7.18750000000000000e-01,-5.58619393322607426e-03,-1.36171431931470965e-01,1.36285965663845376e-01,3.13357000994785237e-02
4639,9.93750000000000022e-01,7.18750000000000000e-01,-7.42399715181502593e-04,-4.72825697675624060e-02,4.72883977436485761e-02,2.07907591077880517e-02
4640,6.25000000000000035e-03,7.31250000000000067e-01,-4.60944012242849553e-04,1.98034155653915439e-02,1.98087793020674217e-02,-4.83420680450228624e-02
4641,1.87500000000000028e-02,7.31250000000000067e-01,-8.73928027768753279e-04,5.66900109872697164e-02,5.66967467844009601e-02,-4.70322075706139445e-02
4642,3.12500000000000000e-02,7.31250000000000067e-01,-4.26867020106571314e-03,9.01516672009967240e-02,9.02526711206085852e-02,-5.31055262911301687e-02
4643,4.37500000000000042e-02,7.31250000000000067e-01,-6.73037997387062638e-03,1.19363143491246229e-01,1.19552741661178630e-01,-4.60334355968907219e-02
4644,5.62500000000000014e-02,7.31250000000000067e-01,-1.15839583158730466e-02,1.45479103888126959e-01,1.45939568857648472e-01,-5.72796593177563942e-02
4645,6.87500000000000056e-02,7.31250000000000067e-01,-1.51136043815906819e-02,1.67129126673127071e-01,1.67811102195073475e-01,-4.46182947726819698e-02
4646,8.12500000000000028e-02,7.31250000000000067e-01,-2.03857150231406686e-02,1.86334615656102959e-01,1.87446435998960298e-01,-6.06458792440121783e-02
4647,9.37500000000000000e-02,7.31250000000000067e-01,-2.41091983592338563e-02,2.01257901039337050e-01,2.02696808500490377e-01,-4.28845511016619774e-02
4648,1.06250000000000011e-01,7.31250000000000067e-01,-2.90017911999217656e-02,2.14509886832019908e-01,2.16461533399100375e-01,-6.31696132496822882e-02
4649,1.18750000000000008e-01,7.31250000000000067e-01,-3.23061745645858989e-02,2.23885863677965313e-01,2.26204705675690954e-01,-4.10138733087242816e-02
4650,1.31250000000000006e-01,7.31250000000000067e-01,-3.63309156323720697e-02,2.32319786848862009e-01,2.35143400486144238e-01,-6.49638280004412871e-02
4651,1.43750000000000017e-01,7.31250000000000067e-01,-3.88707278511170040e-02,2.37366345249234389e-01,2.40527992842110461e-01,-3.92178301621652348e-02
4652,1.56250000000000000e-01,7.31250000000000067e-01,-4.18055080558447784e-02,2.42070167432608924e-01,2.45653549668346155e-01,-6.62266639778027050e-02
4653,1.68750000000000011e-01,7.31250000000000067e-01,-4.34432652662460686e-02,2.43871803978085278e-01,2.47711069741582357e-01,-3.76926434577045041e-02
4654,1.81250000000000022e-01,7.31250000000000067e-01,-4.52532237458825315e-02,2.45776061229475679e-01,2.49907435929525495e-01,-6.71836281397542728e-02
4655,1.93750000000000006e-01,7.31250000000000067e-01,-4.59888653753635496e-02,2.45215989100531384e-01,2.49491196335793058e-01,-3.65932297687497354e-02
4656,2.06250000000000017e-01,7.31250000000000067e-01,-4.67526531028603573e-02,2.45060761240520231e-01,2.49480635064005835e-01,-6.80472346038488857e-02
4657,2.18750000000000000e-01,7.31250000000000067e-01,-4.66656800177788836e-02,2.42814346064734232e-01,2.47257946983239024e-01,-3.60246235814393884e-02
4658,2.31250000000000011e-01,7.31250000000000067e-01,-4.65208518087499578e-02,2.41157205648558665e-01,2.45603313270063378e-01,-6.89948520349708133e-02
4659,2.43750000000000022e-01,7.31250000000000067e-01,-4.57304507239919625e-02,2.37714588917055436e-01,2.42073335804305623e-01,-3.60444525272560143e-02
4660,2.56250000000000033e-01,7.31250000000000067e-01,-4.48383784296821630e-02,2.34955996339519607e-01,2.39196154643212727e-01,-7.01603618276219615e-02
4661,2.68749999999999989e-01,7.31250000000000067e-01,-4.34790867543341161e-02,2.30654739647542018e-01,2.34716935705258201e-01,-3.66702130342843671e-02
4662,2.81250000000000000e-01,7.31250000000000067e-01,-4.20051111895680535e-02,2.27067839692667445e-01,2.30920404444351551e-01,-7.16344248463821748e-02
4663,2.93750000000000011e-01,7.31250000000000067e-01,-4.02136338940116342e-02,2.22125719005151073e-01,2.25736508776309658e-01,-3.78871212065756899e-02
4664,3.06250000000000022e-01,7.31250000000000067e-01,-3.83174561666556820e-02,2.17884271844551364e-01,2.21227899154500723e-01,-7.34687569185600714e-02
4665,3.18750000000000033e-01,7.31250000000000067e-01,-3.62266835791225303e-02,2.12428027318549928e-01,2.15494870921774995e-01,-3.96547373649290061e-02
4666,3.31250000000000044e-01,7.31250000000000067e-01,-3.40590944865630935e-02,2.07630042615721877e-01,2.10404982150734998e-01,-7.56812318525506567e-02
4667,3.43750000000000000e-01,7.31250000000000067e-01,-3.17968498795165727e-02,2.01717956411882560e-01,2.04208652121418865e-01,-4.19132959871283337e-02
4668,3.56250000000000011e-01,7.31250000000000067e-01,-2.94989377518817472e-02,1.96404769381492844e-01,1.98607705702187665e-01,-7.82564313161863562e-02
4669,3.68750000000000022e-01,7.31250000000000067e-01,-2.71874571894391327e-02,1.90043430630130988e-01,1.91978288757080534e-01,-4.45872454294128223e-02
4670,3.81250000000000033e-01,7.31250000000000067e-01,-2.48926843811531386e-02,1.84212721698542053e-01,1.85886988708957812e-01,-8.11587535771429724e-02
4671,3.93750000000000044e-01,7.31250000000000067e-01,-2.26512376287257497e-02,1.77370272150548070e-01,1.78810771512435712e-01,-4.75877282360786247e-02
4672,4.06250000000000000e-01,7.31250000000000067e-01,-2.04853197679889694e-02,1.70986582286537764e-01,1.72209348317760358e-01,-8.43183309829481503e-02
4673,4.18750000000000011e-01,7.31250000000000067e-01,-1.84277377778060136e-02,1.63605241269919294e-01,1.64639777971777174e-01,-5.08015260388131398e-02
4674,4.31250000000000022e-01,7.31250000000000067e-01,-1.65126991604081473e-02,1.56608039193602666e-01,1.57476179702287472e-01,-8.76472020682100006e-02
4675,4.43750000000000033e-01,7.31250000000000067e-01,-1.47510994669620039e-02,1.48602027794163649e-01,1.49332372913650563e-01,-5.41041309498315609e-02
4676,4.56250000000000044e-01,7.31250000000000067e-01,-1.32000386737142553e-02,1.40909590925861056e-01,1.41526512837280960e-01,-9.10259652089187993e-02
4677,4.68750000000000000e-01,7.31250000000000067e-01,-1.18428970294740983e-02,1.32180934122777899e-01,1.32710412385844384e-01,-5.73627876102173542e-02
4678,4.81250000000000011e-01,7.31250000000000067e-01,-1.07702875322679189e-02,1.23700169883513789e-01,1.24168156637432192e-01,-9.43320989382637892e-02
4679,4.93750000000000022e-01,7.31250000000000067e-01,-9.92765921350294289e-03,1.14134600709516018e-01,1.14565551090107812e-01,-6.04221224605383384e-02
4680,5.06249999999999978e-01,7.31250000000000067e-01,-9.44326911405996526e-03,1.04755213916715190e-01,1.05179989419553185e-01,-9.74031940819893860e-02
4681,5.18750000000000044e-01,7.31250000000000067e-01,-9.22277444311073863e-03,9.42249273631177442e-02,9.46752158963121287e-02,-6.31072773163206119e-02
4682,5.31250000000000000e-01,7.31250000000000067e-01,-9.43363755453505842e-03,8.38251919726192979e-02,8.43543497797049763e-02,-1.00058898412880945e-01
4683,5.43750000000000067e-01,7.31250000000000067e-01,-9.94209233062713811e-03,7.21910113993508157e-02,7.28724044256254394e-02,-6.52305636775162290e-02
4684,5.56250000000000022e-01,7.31250000000000067e-01,-1.09518737681577986e-02,6.06375838731566669e-02,6.16186669525377873e-02,-1.02099376122504581e-01
4685,5.68749999999999978e-01,7.31250000000000067e-01,-1.22937073998203757e-02,4.77481493530145726e-02,4.93053851852937458e-02,-6.65917177782752723e-02
4686,5.81250000000000044e-01,7.31250000000000067e-01,-1.41996751778263233e-02,3.48949394468564544e-02,3.76734332674307157e-02,-1.03305500818683213e-01
4687,5.93750000000000000e-01,7.31250000000000067e-01,-1.64736689204366404e-02,2.05853908273256024e-02,2.63655093486528554e-02,-6.69809806900812932e-02
4688,6.06250000000000067e-01,7.31250000000000067e-01,-1.93600945279923491e-02,6.27270279711624260e-03,2.03509228418209398e-02,-1.03436908122239782e-01
4689,6.18750000000000022e-01,7.31250000000000067e-01,-2.26534442424222264e-02,-9.63229273079830445e-03,2.46162466533044536e-02,-6.61852623350894509e-02
4690,6.31250000000000089e-01,7.31250000000000067e-01,-2.65731160773458631e-02,-2.55324530911543515e-02,3.68515489350460593e-02,-1.02356039771740598e-01
4691,6.43750000000000044e-01,7.31250000000000067e-01,-3.09067259828763354e-02,-4.31421468380527515e-02,5.30704300413771674e-02,-6.40717678289552672e-02
4692,6.56250000000000000e-01,7.31250000000000067e-01,-3.58709448680692156e-02,-6.07454122445184111e-02,7.05459410206182441e-02,-9.97045737107299240e-02
4693,6.68750000000000067e-01,7.31250000000000067e-01,-4.12639305420362812e-02,-8.02135159211263271e-02,9.02048784723242236e-02,-6.03422071600565879e-02
4694,6.81250000000000022e-01,7.31250000000000067e-01,-4.72428726605548382e-02,-9.96604508170858411e-02,1.10290953728246391e-01,-9.52530146458678423e-02
4695,6.93750000000000089e-01,7.31250000000000067e-01,-5.36435485681006768e-02,-1.21126503650196962e-01,1.32473620730692465e-01,-5.48443352021054237e-02
4696,7.06250000000000044e-01,7.31250000000000067e-01,-6.05188413869914427e-02,-1.42504951827951531e-01,1.54823097302407092e-01,-8.88147751579124178e-02
4697,7.18750000000000000e-01,7.31250000000000067e-01,-6.77845154203668976e-02,-1.66023451895936119e-01,1.79327987526253618e-01,-4.74905505505969702e-02
4698,7.31250000000000067e-01,7.31250000000000067e-01,-7.53172406716640236e-02,-1.89337381255655690e-01,2.03767835251648294e-01,-8.02370715590850492e-02
4699,7.43750000000000022e-01,7.31250000000000067e-01,-8.31390276166101422e-02,-2.14843213377228531e-01,2.30368626872863969e-01,-3.82634524271834309e-02
4700,7.56250000000000089e-01,7.31250000000000067e-01,-9.08879176835053482e-02,-2.39896120443991195e-01,2.56536083592389719e-01,-6.94954445912047136e-02
4701,7.68750000000000044e-01,7.31250000000000067e-01,-9.87437318874776204e-02,-2.67046051062757861e-01,2.84717259707379100e-01,-2.73403555124288426e-02
4702,7.81250000000000000e-01,7.31250000000000067e-01,-1.06003131137360693e-01,-2.93277300742546154e-01,3.11846499005132893e-01,-5.67059447334654354e-02
4703,7.93750000000000067e-01,7.31250000000000067e-01,-1.13075925574344371e-01,-3.21221396053472941e-01,3.40542728929919714e-01,-1.50628227532407129e-02
4704,8.06250000000000022e-01,7.31250000000000067e-01,-1.18819923393262139e-01,-3.47431853387665690e-01,3.67188053922740121e-01,-4.21726312562781466e-02
4705,8.18750000000000089e-01,7.31250000000000067e-01,-1.23968359939409536e-01,-3.74508330032307490e-01,3.94492894143424033e-01,-2.03648454459131245e-03
4706,8.31250000000000044e-01,7.31250000000000067e-01,-1.26865338809302536e-01,-3.98510580373211354e-01,4.18217045157885547e-01,-2.65173438604820906e-02
4707,8.43750000000000000e-01,7.31250000000000067e-01,-1.28701498689333060e-01,-4.21862137399709125e-01,4.41057523160337250e-01,1.08071003051403020e-02
4708,8.56250000000000067e-01,7.31250000000000067e-01,-1.27274677256313473e-01,-4.40119598712004290e-01,4.58152927133631260e-01,-1.07019033437184587e-02
4709,8.68750000000000022e-01,7.31250000000000067e-01,-1.24427214373143899e-01,-4.55395256562608097e-01,4.72087885225181303e-01,2.21977912919473393e-02
4710,8.81250000000000089e-01,7.31250000000000067e-01,-1.17453163420308565e-01,-4.62857887490175868e-01,4.77527663711021066e-01,3.95779199718416554e-03
4711,8.93750000000000044e-01,7.31250000000000067e-01,-1.09098338938772896e-01,-4.64262415400092388e-01,4.76908836060234154e-01,3.06210149031487557e-02
4712,9.06250000000000000e-01,7.31250000000000067e-01,-9.62798314053298909e-02,-4.54748803633036491e-01,4.64829302369285602e-01,1.59413897031227755e-02
4713,9.18750000000000067e-01,7.31250000000000067e-01,-8.29123470913990385e-02,-4.35854915105095886e-01,4.43671009106381631e-01,3.45791284655859038e-02
4714,9.31250000000000022e-01,7.31250000000000067e-01,-6.57061908371696368e-02,-4.03391757342036361e-01,4.08707980599629206e-01,2.38610731445793034e-02
4715,9.43750000000000089e-01,7.31250000000000067e-01,-4.98935218146443066e-02,-3.59036295075453371e-01,3.62486447609529805e-01,3.30209063019766616e-02
4716,9.56250000000000044e-01,7.31250000000000067e-01,-3.20686400140914457e-02,-3.00208445839183879e-01,3.01916393436215347e-01,2.69147174171554711e-02
4717,9.68750000000000000e-01,7.31250000000000067e-01,-1.86054694118787875e-02,-2.29031985357525086e-01,2.29786452622529391e-01,2.57545900429020785e-02
4718,9.81250000000000067e-01,7.31250000000000067e-01,-5.86079917731040408e-03,-1.45151191779520405e-01,1.45269464933315828e-01,2.51713398283895211e-02
4719,9.93750000000000022e-01,7.31250000000000067e-01,-7.67323392074681842e-04,-5.07206173635008847e-02,5.07264212311758916e-02,1.34665107764147529e-02
4720,6.25000000000000035e-03,7.43750000000000022e-01,-5.81068780394693543e-04,2.03654818892589559e-02,2.03737697422269881e-02,-5.72108027458674978e-02
4721,1.87500000000000028e-02,7.43750000000000022e-01,-9.85296871451706241e-04,5.85289478217487918e-02,5.85372406511093166e-02,-5.44560017341551642e-02
4722,3.12500000000000000e-02,7.43750000000000022e-01,-4.93414904477587884e-03,9.30228218593064232e-02,9.31535893750977256e-02,-6.30153563376349701e-02
4723,4.37500000000000042e-02,7.43750000000000022e-01,-7.61228009425225002e-03,1.23051425753551061e-01,1.23286658597818441e-01,-5.21219894802928616e-02
4724,5.62500000000000014e-02,7.43750000000000022e-01,-1.30670478524861876e-02,1.49657643452376810e-01,1.50227021481815659e-01,-6.75046937023776189e-02
4725,6.87500000000000056e-02,7.43750000000000022e-01,-1.68360464338230612e-02,1.71587350334284960e-01,1.72411343171679082e-01,-4.90238007650157098e-02
4726,8.12500000000000028e-02,7.43750000000000022e-01,-2.25547411713076726e-02,1.90802728737851840e-01,1.92131199036270406e-01,-7.04834638047481532e-02
4727,9.37500000000000000e-02,7.43750000000000022e-01,-2.64002469597416391e-02,2.05593380626330730e-01,2.07281478180995848e-01,-4.54591731276953390e-02
4728,1.06250000000000011e-01,7.43750000000000022e-01,-3.14802676828924016e-02,2.18528051975262427e-01,2.20783868870643607e-01,-7.20614495497549912e-02
4729,1.18750000000000008e-01,7.43750000000000022e-01,-3.47258350749715602e-02,2.27520044708228175e-01,2.30154848668648021e-01,-4.17979306425595859e-02
4730,1.31250000000000006e-01,7.43750000000000022e-01,-3.86588696931840017e-02,2.35461247082621034e-01,2.38613719395297325e-01,-7.25513273840856093e-02
4731,1.43750000000000017e-01,7.43750000000000022e-01,-4.09524782214025565e-02,2.40008803092524842e-01,2.43477578093714453e-01,-3.83917106533923844e-02
4732,1.56250000000000000e-01,7.43750000000000022e-01,-4.35474217117819903e-02,2.44159533903761855e-01,2.48012612449137387e-01,-7.23473668129919339e-02
4733,1.68750000000000011e-01,7.43750000000000022e-01,-4.47756387441708426e-02,2.45441476745205139e-01,2.49492237017137602e-01,-3.55178943021689369e-02
4734,1.81250000000000022e-01,7.43750000000000022e-01,-4.60497461166449185e-02,2.46806223761670301e-01,2.51065511779103412e-01,-7.18330074807801977e-02
4735,1.93750000000000006e-01,7.43750000000000022e-01,-4.62475358670334236e-02,2.45762043702825034e-01,2.50075621960161920e-01,-3.33608073685943002e-02
4736,2.06250000000000017e-01,7.43750000000000022e-01,-4.63338422653737370e-02,2.45122121602136644e-01,2.49462781668539080e-01,-7.13293249248295735e-02
4737,2.18750000000000000e-01,7.43750000000000022e-01,-4.56155444952437983e-02,2.42455960825728678e-01,2.46709689391245546e-01,-3.20178734722820352e-02
4738,2.31250000000000011e-01,7.43750000000000022e-01,-4.46991048959823542e-02,2.40388122599877158e-01,2.44508608162566754e-01,-7.10769263118994354e-02
4739,2.43750000000000022e-01,7.43750000000000022e-01,-4.32136149328208527e-02,2.36601657324676612e-01,2.40515614387810189e-01,-3.15169432158954044e-02
4740,2.56250000000000033e-01,7.43750000000000022e-01,-4.14934091194554128e-02,2.33512343081889784e-01,2.37170228679631501e-01,-7.12379882443447410e-02
4741,2.68749999999999989e-01,7.43750000000000022e-01,-3.93986392792486026e-02,2.28945216826592024e-01,2.32310492842728894e-01,-3.18357349104934767e-02
4742,2.81250000000000000e-01,7.43750000000000022e-01,-3.70679280065376315e-02,2.25106590147067825e-01,2.28138134064294118e-01,-7.19070978462994087e-02
4743,2.93750000000000011e-01,7.43750000000000022e-01,-3.45182773002018981e-02,2.19974221713829104e-01,2.22666049694106888e-01,-3.29185218750743733e-02
4744,3.06250000000000022e-01,7.43750000000000022e-01,-3.17565080473931824e-02,2.15556171129755003e-01,2.17882855487723903e-01,-7.31240439635472417e-02
4745,3.18750000000000033e-01,7.43750000000000022e-01,-2.88980628299987871e-02,2.09981384508985874e-01,2.11960562076149273e-01,-3.46881192117489273e-02
4746,3.31250000000000044e-01,7.43750000000000022e-01,-2.58702061215155647e-02,2.05078082245129023e-01,2.06703380190333630e-01,-7.48866332533632134e-02
4747,3.43750000000000000e-01,7.43750000000000022e-01,-2.28398344871403210e-02,1.99114560496861853e-01,2.00420224132342562e-01,-3.70500918795336059e-02
4748,3.56250000000000011e-01,7.43750000000000022e-01,-1.96983765539303114e-02,1.93762576973743106e-01,1.94761295627150083e-01,-7.71670600715508304e-02
4749,3.68750000000000022e-01,7.43750000000000022e-01,-1.66268707641639354e-02,1.87414692527403032e-01,1.88150790076866886e-01,-3.98971916101988830e-02
4750,3.81250000000000033e-01,7.43750000000000022e-01,-1.35123951773707014e-02,1.81610152769762473e-01,1.82112142408148853e-01,-7.98942118177302096e-02
4751,3.93750000000000044e-01,7.43750000000000022e-01,-1.05238471570963960e-02,1.74842795741012746e-01,1.75159226367095577e-01,-4.31095967503347388e-02
4752,4.06250000000000000e-01,7.43750000000000022e-01,-7.56580514823006200e-03,1.68545340119406084e-01,1.68715064779370733e-01,-8.29806391705305013e-02
4753,4.18750000000000011e-01,7.43750000000000022e-01,-4.77977567613996086e-03,1.61298424001068863e-01,1.61369228295678513e-01,-4.65756266653383905e-02
4754,4.31250000000000022e-01,7.43750000000000022e-01,-2.10649495467341583e-03,1.54446422952498219e-01,1.54460787528149152e-01,-8.63334493976497114e-02
4755,4.43750000000000033e-01,7.43750000000000022e-01,3.62093951310644155e-04,1.46629585837808801e-01,1.46630032922989262e-01,-5.01449783681069752e-02
4756,4.56250000000000044e-01,7.43750000000000022e-01,2.63245915520722833e-03,1.39138861782860335e-01,1.39163762163264842e-01,-8.98103653003904240e-02
4757,4.68750000000000000e-01,7.43750000000000022e-01,4.67003557335280827e-03,1.30657712796308001e-01,1.30741145571770523e-01,-5.36529746126992862e-02
4758,4.81250000000000011e-01,7.43750000000000022e-01,6.42156927799703882e-03,1.22435876815638528e-01,1.22604161771150036e-01,-9.32616152778453361e-02
4759,4.93750000000000022e-01,7.43750000000000022e-01,7.91613372691696120e-03,1.13173277941484601e-01,1.13449795121908240e-01,-5.69362116720379813e-02
4760,5.06249999999999978e-01,7.43750000000000022e-01,9.03539771477780002e-03,1.04108134720766812e-01,1.04499483859498296e-01,-9.65145458596780997e-02
4761,5.18750000000000044e-01,7.43750000000000022e-01,9.87433597414392843e-03,9.39358476889430583e-02,9.44534064603843870e-02,-5.98060561553939718e-02
4762,5.31250000000000000e-01,7.43750000000000022e-01,1.02484682403085284e-02,8.39054619407310909e-02,8.45290343299867908e-02,-9.93734344616064580e-02
4763,5.43750000000000067e-01,7.43750000000000022e-01,1.03182048758074171e-02,7.26838124184961548e-02,7.34125461998579032e-02,-6.20594963598934610e-02
4764,5.56250000000000022e-01,7.43750000000000022e-01,9.83535182778182485e-03,6.15540806144875829e-02,6.23348938065277150e-02,-1.01622612513183289e-01
4765,5.68749999999999978e-01,7.43750000000000022e-01,9.02211051452927321e-03,4.91301729586445524e-02,4.99517004023157171e-02,-6.34797156414712016e-02
4766,5.81250000000000044e-01,7.43750000000000022e-01,7.57328732483977026e-03,3.67531541915854104e-02,3.75253117766532474e-02,-1.03026412001272397e-01
4767,5.93750000000000000e-01,7.43750000000000022e-01,5.76499442432707506e-03,2.29583355102752282e-02,2.36710863737785958e-02,-6.38382358848017251e-02
4768,6.06250000000000067e-01,7.43750000000000022e-01,3.24834513042718265e-03,9.16912587477537559e-03,9.72751846021611445e-03,-1.03327833493324070e-01
4769,6.18750000000000022e-01,7.43750000000000022e-01,3.39523987200014438e-04,-6.18902745600516911e-03,6.19833343642224588e-03,-6.28957216828520127e-02
4770,6.31250000000000089e-01,7.43750000000000022e-01,-3.32583136175594769e-03,-2.15515778613114099e-02,2.18066884821837975e-02,-1.02390580774825352e-01
4771,6.43750000000000044e-01,7.43750000000000022e-01,-7.39289710225080401e-03,-3.85970462567382655e-02,3.92986883662707204e-02,-6.05358548669813479e-02
4772,6.56250000000000000e-01,7.43750000000000022e-01,-1.22492544199986481e-02,-5.56455547247476229e-02,5.69778201976061868e-02,-9.98201177957369623e-02
4773,6.68750000000000067e-01,7.43750000000000022e-01,-1.75232714534537953e-02,-7.45496850531249672e-02,7.65814637099053591e-02,-5.63842447020996007e-02
4774,6.81250000000000022e-01,7.43750000000000022e-01,-2.35804433666618948e-02,-9.34599600871737629e-02,9.63888035451445080e-02,-9.53319498359859741e-02
4775,6.93750000000000089e-01,7.43750000000000022e-01,-3.00537915980342782e-02,-1.14401238417097345e-01,1.18283023890935521e-01,-5.02182799051720113e-02
4776,7.06250000000000044e-01,7.43750000000000022e-01,-3.72291540966008735e-02,-1.35303628003477699e-01,1.40332040766362159e-01,-8.86616024019873245e-02
4777,7.18750000000000000e-01,7.43750000000000022e-01,-4.48134389453265919e-02,-1.58398426305572743e-01,1.64615630382380390e-01,-4.19942956316483179e-02
4778,7.31250000000000067e-01,7.43750000000000022e-01,-5.29342603156025618e-02,-1.81384193659377968e-01,1.88950421075536917e-01,-7.96948434727575705e-02
4779,7.43750000000000022e-01,7.43750000000000022e-01,-6.13854783088287337e-02,-2.06667982042468584e-01,2.15591817443774536e-01,-3.16594827190950778e-02
4780,7.56250000000000089e-01,7.43750000000000022e-01,-7.00712552354022244e-02,-2.31643831948302098e-01,2.42010011549022713e-01,-6.83201231959504746e-02
4781,7.68750000000000044e-01,7.43750000000000022e-01,-7.89285881417067514e-02,-2.58903587373782162e-01,2.70667304233549511e-01,-1.92892124587077142e-02
4782,7.81250000000000000e-01,7.43750000000000022e-01,-8.75075884972478096e-02,-2.85463693012945552e-01,2.98575112950146715e-01,-5.45221233375474748e-02
4783,7.93750000000000067e-01,7.43750000000000022e-01,-9.59881813131735762e-02,-3.14022783172759445e-01,3.28365709694810548e-01,-5.22746587484376225e-03
4784,8.06250000000000022e-01,7.43750000000000022e-01,-1.03441709441239385e-01,-3.41147309685391364e-01,3.56485166813019227e-01,-3.85861647870087490e-02
4785,8.18750000000000089e-01,7.43750000000000022e-01,-1.10387212878823485e-01,-3.69513584772480197e-01,3.85649615711676275e-01,9.92811318240742133e-03
4786,8.31250000000000044e-01,7.43750000000000022e-01,-1.15302348575288871e-01,-3.95159827335357261e-01,4.11638094358001305e-01,-2.10329057788744243e-02
4787,8.43750000000000000e-01,7.43750000000000022e-01,-1.19207651386547986e-01,-4.20576702655485579e-01,4.37144400588246718e-01,2.52094410324744875e-02
4788,8.56250000000000067e-01,7.43750000000000022e-01,-1.19913238641616085e-01,-4.41227694559380768e-01,4.57231957815403989e-01,-2.81074273751089326e-03
4789,8.68750000000000022e-01,7.43750000000000022e-01,-1.19166694453572627e-01,-4.59245807391415573e-01,4.74454858414985914e-01,3.92321668790970718e-02
4790,8.81250000000000089e-01,7.43750000000000022e-01,-1.14117662203367609e-01,-4.69598231486482887e-01,4.83265289299774026e-01,1.47086396708534396e-02
4791,8.93750000000000044e-01,7.43750000000000022e-01,-1.07550607049208796e-01,-4.73974493835899846e-01,4.86023614532926584e-01,5.02434705825984887e-02
4792,9.06250000000000000e-01,7.43750000000000022e-01,-9.60619892642310819e-02,-4.67180634960745189e-01,4.76954559118294097e-01,2.98187386025350366e-02
4793,9.18750000000000067e-01,7.43750000000000022e-01,-8.38213788028171897e-02,-4.50590650448335295e-01,4.58320802294483742e-01,5.63892576411018087e-02
4794,9.31250000000000022e-01,7.43750000000000022e-01,-6.70572709071205059e-02,-4.19585444100840588e-01,4.24910134596493905e-01,4.07967264198135088e-02
4795,9.43750000000000089e-01,7.43750000000000022e-01,-5.15619306421911949e-02,-3.75640191536624424e-01,3.79162479933368435e-01,5.62025157834136480e-02
4796,9.56250000000000044e-01,7.43750000000000022e-01,-3.33285512154723670e-02,-3.15793897298605075e-01,3.17547756876291443e-01,4.64190649900197358e-02
4797,9.68750000000000000e-01,7.43750000000000022e-01,-1.96331154515261980e-02,-2.42076453614547271e-01,2.42871300521344063e-01,4.91510576382703165e-02
4798,9.81250000000000067e-01,7.43750000000000022e-01,-6.13426659980008480e-03,-1.54008997239949014e-01,1.54131114501816435e-01,4.63864970956405706e-02
4799,9.93750000000000022e-01,7.43750000000000022e-01,-9.14481236434444588e-04,-5.39105422826134800e-02,5.39182978694361867e-02,3.58100724583307189e-02
4800,6.25000000000000035e-03,7.56250000000000089e-01,-5.66452736732418836e-04,2.13699186018770672e-02,2.13774247689894371e-02,-5.30744025427672891e-02
4801,1.87500000000000028e-02,7.56250000000000089e-01,-1.17336249992523603e-03,6.10426561352320346e-02,6.10539322861387151e-02,-5.18316310291802584e-02
4802,3.12500000000000000e-02,7.56250000000000089e-01,-5.46671280313755416e-03,9.67791208691347743e-02,9.69333956130424002e-02,-5.89828956404923888e-02
4803,4.37500000000000042e-02,7.56250000000000089e-01,-8.58655961533384519e-03,1.27495294674310505e-01,1.27784111571497633e-01,-5.06442313170720262e-02
4804,5.62500000000000014e-02,7.56250000000000089e-01,-1.45026061605931390e-02,1.54703638230473228e-01,1.55381920657438166e-01,-6.39516226394316739e-02
4805,6.87500000000000056e-02,7.56250000000000089e-01,-1.86944347912273018e-02,1.76615782571676483e-01,1.77602411429488072e-01,-4.88020764314317651e-02
4806,8.12500000000000028e-02,7.56250000000000089e-01,-2.47626049820262491e-02,1.95899869652041592e-01,1.97458718559558044e-01,-6.76800164054057324e-02
4807,9.37500000000000000e-02,7.56250000000000089e-01,-2.88418851568744833e-02,2.10182108508190607e-01,2.12151768968234511e-01,-4.64641782553403063e-02
4808,1.06250000000000011e-01,7.56250000000000089e-01,-3.40413605056927651e-02,2.22836804974781921e-01,2.25421950742263622e-01,-7.01576584743813653e-02
4809,1.18750000000000008e-01,7.56250000000000089e-01,-3.72665272812986170e-02,2.31062872420044141e-01,2.34048809154435489e-01,-4.38990559846643494e-02
4810,1.31250000000000006e-01,7.56250000000000089e-01,-4.10637907877528033e-02,2.38548027812186508e-01,2.42056597693481673e-01,-7.15886382216628786e-02
4811,1.43750000000000017e-01,7.56250000000000089e-01,-4.30895399281656238e-02,2.42253037630143664e-01,2.46055365095445122e-01,-4.14006385035965915e-02
4812,1.56250000000000000e-01,7.56250000000000089e-01,-4.53214301620959228e-02,2.45895184102008196e-01,2.50036944463209787e-01,-7.22853710269655697e-02
4813,1.68750000000000011e-01,7.56250000000000089e-01,-4.60758425144048717e-02,2.46372011287509962e-01,2.50643474300180358e-01,-3.92269078297272922e-02
4814,1.81250000000000022e-01,7.56250000000000089e-01,-4.68081684653410199e-02,2.47250062228747514e-01,2.51641804768602151e-01,-7.25798603079329252e-02
4815,1.93750000000000006e-01,7.56250000000000089e-01,-4.63773196787727673e-02,2.45497720959625659e-01,2.49839922304177203e-01,-3.75703869806946200e-02
4816,2.06250000000000017e-01,7.56250000000000089e-01,-4.57932273732277739e-02,2.44431109544101771e-01,2.48683708727002906e-01,-7.27682589701726806e-02
4817,2.18750000000000000e-01,7.56250000000000089e-01,-4.43390772957516915e-02,2.41177008914708974e-01,2.45218888759582004e-01,-3.65530760728119131e-02
4818,2.31250000000000011e-01,7.56250000000000089e-01,-4.26666230433252192e-02,2.38757838278902401e-01,2.42540194733853798e-01,-7.30851251205033997e-02
4819,2.43750000000000022e-01,7.56250000000000089e-01,-4.03771606853575438e-02,2.34506070964972918e-01,2.37956744860153308e-01,-3.62350825002996924e-02
4820,2.56250000000000033e-01,7.56250000000000089e-01,-3.78487352036075766e-02,2.31143790850571490e-01,2.34222071558778444e-01,-7.36978555001830127e-02
4821,2.68749999999999989e-01,7.56250000000000089e-01,-3.49116434777783924e-02,2.26226228327320145e-01,2.28904192258517380e-01,-3.66276074193016554e-02
4822,2.81250000000000000e-01,7.56250000000000089e-01,-3.17451753262182335e-02,2.22190440187052834e-01,2.24446759537776874e-01,-7.47128495448135116e-02
4823,2.93750000000000011e-01,7.56250000000000089e-01,-2.83363622345599656e-02,2.16811076274434550e-01,2.18654961571803530e-01,-3.77044968006699094e-02
4824,3.06250000000000022e-01,7.56250000000000089e-01,-2.47292034566793106e-02,2.12267195544038167e-01,2.13702821244205338e-01,-7.61859942550221630e-02
4825,3.18750000000000033e-01,7.56250000000000089e-01,-2.10093450119505191e-02,2.06538326460847327e-01,2.07604125380683902e-01,-3.94097058964587368e-02
4826,3.31250000000000044e-01,7.56250000000000089e-01,-1.71400332492958780e-02,2.01575110737518326e-01,2.02302511127839785e-01,-7.81364850908322223e-02
4827,3.43750000000000000e-01,7.56250000000000089e-01,-1.32588016243045861e-02,1.95542569006220968e-01,1.95991561333811903e-01,-4.16687446861145339e-02
4828,3.56250000000000011e-01,7.56250000000000089e-01,-9.28710041936248176e-03,1.90195242147225135e-01,1.90421848456633069e-01,-8.05298064264212132e-02
4829,3.68750000000000022e-01,7.56250000000000089e-01,-5.38104931283493477e-03,1.83853750660916859e-01,1.83932480339372761e-01,-4.43921450286448721e-02
4830,3.81250000000000033e-01,7.56250000000000089e-01,-1.45682837427954211e-03,1.78113255957429550e-01,1.78119213721229186e-01,-8.33407817849350085e-02
4831,3.93750000000000044e-01,7.56250000000000089e-01,2.34121357384423035e-03,1.71419860860923312e-01,1.71435847997367996e-01,-4.74923470321703678e-02
4832,4.06250000000000000e-01,7.56250000000000089e-01,6.07958779921261277e-03,1.65246171684118731e-01,1.65357971214167898e-01,-8.64707500271349738e-02
4833,4.18750000000000011e-01,7.56250000000000089e-01,9.64533182675211820e-03,1.58142005605545422e-01,1.58435874608601562e-01,-5.08267335233401202e-02
4834,4.31250000000000022e-01,7.56250000000000089e-01,1.30715717640529552e-02,1.51469913818885915e-01,1.52032893745674358e-01,-8.98360354573988773e-02
4835,4.43750000000000033e-01,7.56250000000000089e-01,1.62891106263009892e-02,1.43859065493795568e-01,1.44778333495533901e-01,-5.42769796242399127e-02
4836,4.56250000000000044e-01,7.56250000000000089e-01,1.92806758990236651e-02,1.36605452639046748e-01,1.37959393133784247e-01,-9.33125935332924372e-02
4837,4.68750000000000000e-01,7.56250000000000089e-01,2.20339183125680821e-02,1.28387758009050640e-01,1.30264768693593685e-01,-5.76804126705341563e-02
4838,4.81250000000000011e-01,7.56250000000000089e-01,2.44752313426563686e-02,1.20457911229651340e-01,1.22919263449986188e-01,-9.67367923888684395e-02
4839,4.93750000000000022e-01,7.56250000000000089e-01,2.66505559698046422e-02,1.11516668504339223e-01,1.14656964410394080e-01,-6.08673803673406913e-02
4840,5.06249999999999978e-01,7.56250000000000089e-01,2.84247956041397062e-02,1.02800868662875008e-01,1.06658274892193886e-01,-9.99420786351003509e-02
4841,5.18750000000000044e-01,7.56250000000000089e-01,2.99051924868185409e-02,9.30077332371250232e-02,9.76972823551498781e-02,-6.36559924894238294e-02
4842,5.31250000000000000e-01,7.56250000000000089e-01,3.08945794748732815e-02,8.33851796842372400e-02,8.89244804983520404e-02,-1.02737399340265129e-01
4843,5.43750000000000067e-01,7.56250000000000089e-01,3.15607625868758873e-02,7.26000019151129133e-02,7.91633880852729982e-02,-6.58467275454330953e-02
4844,5.56250000000000022e-01,7.56250000000000089e-01,3.16467536529220148e-02,6.19375169825292643e-02,6.95541014371534594e-02,-1.04910606183337488e-01
4845,5.68749999999999978e-01,7.56250000000000089e-01,3.13772131508389396e-02,5.00061028615301564e-02,5.90350728678394610e-02,-6.72261022195377728e-02
4846,5.81250000000000044e-01,7.56250000000000089e-01,3.04415963337798315e-02,3.81558591547839013e-02,4.88114779041620914e-02,-1.06230496266878388e-01
4847,5.93750000000000000e-01,7.56250000000000089e-01,2.91137900935881239e-02,2.49062547756880859e-02,3.83136307410952004e-02,-6.75714268375232907e-02
4848,6.06250000000000067e-01,7.56250000000000089e-01,2.70420264679972350e-02,1.17019186754969626e-02,2.94653371978636537e-02,-1.06449426001421765e-01
4849,6.18750000000000022e-01,7.56250000000000089e-01,2.45352546438198163e-02,-3.06212130560257418e-03,2.47256002420023560e-02,-6.66603449157437550e-02
4850,6.31250000000000089e-01,7.56250000000000089e-01,2.12216240946247400e-02,-1.77964078305543720e-02,2.76960188634571489e-02,-1.05444798948510374e-01
4851,6.43750000000000044e-01,7.56250000000000089e-01,1.74459353232468417e-02,-3.42225802594149295e-02,3.84128319564570539e-02,-6.43659634321501334e-02
4852,6.56250000000000000e-01,7.56250000000000089e-01,1.28182180833849180e-02,-5.06115890658718134e-02,5.22095744342538359e-02,-1.02806939581782400e-01
4853,6.68750000000000067e-01,7.56250000000000089e-01,7.70007883699118031e-03,-6.88860010670144934e-02,6.93150225932344516e-02,-6.03171719230927578e-02
4854,6.81250000000000022e-01,7.56250000000000089e-01,1.71396375277849708e-03,-8.71266810756612803e-02,8.71435380679820293e-02,-9.82696369699080918e-02
4855,6.93750000000000089e-01,7.56250000000000089e-01,-4.79419753902260611e-03,-1.07481263657876663e-01,1.07588133023754848e-01,-5.43415183805487645e-02
4856,7.06250000000000044e-01,7.56250000000000089e-01,-1.21283532584957037e-02,-1.27742272493252068e-01,1.28316737546210730e-01,-9.16523643849507380e-02
4857,7.18750000000000000e-01,7.56250000000000089e-01,-1.99942997164513463e-02,-1.50321595332142621e-01,1.51645488044820281e-01,-4.63465248204293218e-02
4858,7.31250000000000067e-01,7.56250000000000089e-01,-2.85541566791145708e-02,-1.72762543596859913e-01,1.75106357205306346e-01,-8.26814809808003454e-02
4859,7.43750000000000022e-01,7.56250000000000089e-01,-3.75887800706822608e-02,-1.97709231246708000e-01,2.01250730451758536e-01,-3.61776347366788154e-02
4860,7.56250000000000089e-01,7.56250000000000089e-01,-4.70570258409077416e-02,-2.22350460230394453e-01,2.27275363481526715e-01,-7.13265252456333210e-02
4861,7.68750000000000044e-01,7.56250000000000089e-01,-5.68823617454119190e-02,-2.49612480747548132e-01,2.56011706026660013e-01,-2.40789607940307404e-02
4862,7.81250000000000000e-01,7.56250000000000089e-01,-6.66658078114660130e-02,-2.76215415797395392e-01,2.84146592193683267e-01,-5.76547525614162018e-02
4863,7.93750000000000067e-01,7.56250000000000089e-01,-7.65589316379687995e-02,-3.05289779250535187e-01,3.14742941665715037e-01,-1.03134701189574827e-02
4864,8.06250000000000022e-01,7.56250000000000089e-01,-8.56625616078942331e-02,-3.33030795669746138e-01,3.43871466285951777e-01,-4.18218163436797005e-02
4865,8.18750000000000089e-01,7.56250000000000089e-01,-9.44604207315749844e-02,-3.62649930853041702e-01,3.74750241404194551e-01,4.54305035294161070e-03
4866,8.31250000000000044e-01,7.56250000000000089e-01,-1.01430555426955074e-01,-3.89688385193937670e-01,4.02672565652639591e-01,-2.44234883355473505e-02
4867,8.43750000000000000e-01,7.56250000000000089e-01,-1.07532684449814092e-01,-4.17253221168534083e-01,4.30886909525574846e-01,1.95398113927488515e-02
4868,8.56250000000000067e-01,7.56250000000000089e-01,-1.10523716585991194e-01,-4.40159069297201944e-01,4.53823201492122408e-01,-6.37240401384857671e-03
4869,8.68750000000000022e-01,7.56250000000000089e-01,-1.12074885545289674e-01,-4.61192541969426495e-01,4.74614939438499972e-01,3.33020793129020429e-02
4870,8.81250000000000089e-01,7.56250000000000089e-01,-1.09218640305623907e-01,-4.74472757261523326e-01,4.86881000629067140e-01,1.09330276555271166e-02
4871,8.93750000000000044e-01,7.56250000000000089e-01,-1.04666416657456851e-01,-4.82319536229272428e-01,4.93545533668711067e-01,4.40834515142128278e-02
4872,9.06250000000000000e-01,7.56250000000000089e-01,-9.48484869032064914e-02,-4.78477079927099869e-01,4.87787403981890522e-01,2.57335493536776060e-02
4873,9.18750000000000067e-01,7.56250000000000089e-01,-8.39181044548197447e-02,-4.64860825316102511e-01,4.72374676680342387e-01,5.00027346937128789e-02
4874,9.31250000000000022e-01,7.56250000000000089e-01,-6.79356332277812197e-02,-4.35650516659115528e-01,4.40915664189211909e-01,3.62442990999442272e-02
4875,9.43750000000000089e-01,7.56250000000000089e-01,-5.28183551804254844e-02,-3.92765954439854403e-01,3.96301493324230814e-01,4.95484114553051969e-02
4876,9.56250000000000044e-01,7.56250000000000089e-01,-3.44549366519807457e-02,-3.32136836987238671e-01,3.33919183551319165e-01,4.12117179005625986e-02
4877,9.68750000000000000e-01,7.56250000000000089e-01,-2.04480584618910374e-02,-2.56226952644467265e-01,2.57041580987067142e-01,4.21629755557333466e-02
4878,9.81250000000000067e-01,7.56250000000000089e-01,-6.43090624269019792e-03,-1.63869698841740158e-01,1.63995837610546952e-01,4.03873811386739126e-02
4879,9.93750000000000022e-01,7.56250000000000089e-01,-9.45174710716580220e-04,-5.77696933973384646e-02,5.77774249206060506e-02,2.84396919296361420e-02
4880,6.25000000000000035e-03,7.68750000000000044e-01,-7.34250433316808093e-04,2.21055887130327151e-02,2.21177796364957317e-02,-6.41568671437522664e-02
4881,1.87500000000000028e-02,7.68750000000000044e-01,-1.36407375165631850e-03,6.34291398325105144e-02,6.34438056636905251e-02,-6.10208805205736809e-02
4882,3.12500000000000000e-02,7.68750000000000044e-01,-6.46638830563165800e-03,1.00436544965862046e-01,1.00644491863185637e-01,-7.14873033594860402e-02
4883,4.37500000000000042e-02,7.68750000000000044e-01,-9.93732649784412510e-03,1.32087044510419971e-01,1.32460325325821304e-01,-5.79831038937123136e-02
4884,5.62500000000000014e-02,7.68750000000000044e-01,-1.66971034852618425e-02,1.59766240990452391e-01,1.60636375161471001e-01,-7.67604191132140595e-02
4885,6.87500000000000056e-02,7.68750000000000044e-01,-2.12463893988399481e-02,1.81846878199610568e-01,1.83083850116363717e-01,-5.38173388335629471e-02
4886,8.12500000000000028e-02,7.68750000000000044e-01,-2.78950829733509188e-02,2.00951097042994381e-01,2.02877990567910255e-01,-7.97653625281696255e-02
4887,9.37500000000000000e-02,7.68750000000000044e-01,-3.21420297786895875e-02,2.14871470369763118e-01,2.17262189202719197e-01,-4.90143619104266917e-02
4888,1.06250000000000011e-01,7.68750000000000044e-01,-3.75362704393011129e-02,2.26953807197000118e-01,2.30036958334319502e-01,-8.07692030434145614e-02
4889,1.18750000000000008e-01,7.68750000000000044e-01,-4.06718250084401253e-02,2.34541616453547430e-01,2.38041944199252675e-01,-4.41243125243753753e-02
4890,1.31250000000000006e-01,7.68750000000000044e-01,-4.42846044505438713e-02,2.41285566744044250e-01,2.45315818711993705e-01,-8.03097207241070254e-02
4891,1.43750000000000017e-01,7.68750000000000044e-01,-4.59767718079186066e-02,2.44265394065388497e-01,2.48554714869376303e-01,-3.96236220552493024e-02
4892,1.56250000000000000e-01,7.68750000000000044e-01,-4.77145557004654067e-02,2.47147335165149501e-01,2.51711112398574022e-01,-7.89924608493484393e-02
4893,1.68750000000000011e-01,7.68750000000000044e-01,-4.79393759469652833e-02,2.46926980661234224e-01,2.51537507232337032e-01,-3.58529541387489561e-02
4894,1.81250000000000022e-01,7.68750000000000044e-01,-4.79536888224903549e-02,2.47109387858488738e-01,2.51719299696072651e-01,-7.73594322142134722e-02
4895,1.93750000000000006e-01,7.68750000000000044e-01,-4.68516303227432609e-02,2.44745687217308772e-01,2.49189740309210428e-01,-3.30124564485113486e-02
4896,2.06250000000000017e-01,7.68750000000000044e-01,-4.54033226569800705e-02,2.43085749778010202e-01,2.47289594308841121e-01,-7.58312791285755128e-02
4897,2.18750000000000000e-01,7.68750000000000044e-01,-4.31840988859947400e-02,2.39327766251267698e-01,2.43192611103661638e-01,-3.11864088473950696e-02
4898,2.31250000000000011e-01,7.68750000000000044e-01,-4.05625419035039805e-02,2.36428254263120224e-01,2.39882552970365343e-01,-7.46999010952356934e-02
4899,2.43750000000000022e-01,7.68750000000000044e-01,-3.74511053897075841e-02,2.31782011773607438e-01,2.34788173204554057e-01,-3.03751105675977226e-02
4900,2.56250000000000033e-01,7.68750000000000044e-01,-3.39331422726768320e-02,2.28049044629401787e-01,2.30559807644091813e-01,-7.41455922317498795e-02
4901,2.68749999999999989e-01,7.68750000000000044e-01,-3.01438730374688595e-02,2.22839740427494715e-01,2.24869302030073159e-01,-3.05243221284595030e-02
4902,2.81250000000000000e-01,7.68750000000000044e-01,-2.59777695102547980e-02,2.18533689549784499e-01,2.20072301703257311e-01,-7.42605937423663626e-02
4903,2.93750000000000011e-01,7.68750000000000044e-01,-2.17055655101045693e-02,2.12956184470426191e-01,2.14059496585214920e-01,-3.15480721164017805e-02
4904,3.06250000000000022e-01,7.68750000000000044e-01,-1.71076405972266747e-02,2.08231686478170974e-01,2.08933258770228281e-01,-7.50694044645726088e-02
4905,3.18750000000000033e-01,7.68750000000000044e-01,-1.25277906631198477e-02,2.02390011350414706e-01,2.02777371107626170e-01,-3.33467489039377396e-02
4906,3.31250000000000044e-01,7.68750000000000044e-01,-7.68855385726812616e-03,1.97330211970576541e-01,1.97479939276800409e-01,-7.65435197396596434e-02
4907,3.43750000000000000e-01,7.68750000000000044e-01,-2.95678733446290551e-03,1.91259299500502189e-01,1.91282153471681815e-01,-3.58026636549094029e-02
4908,3.56250000000000011e-01,7.68750000000000044e-01,1.95034108915153443e-03,1.85887626579951504e-01,1.85897857830292196e-01,-7.86654759592301106e-02
4909,3.68750000000000022e-01,7.68750000000000044e-01,6.68246587444873506e-03,1.79581979148731224e-01,1.79706267517687063e-01,-3.87901340698587060e-02
4910,3.81250000000000033e-01,7.68750000000000044e-01,1.14977277327160208e-02,1.73890807231194600e-01,1.74270509790188377e-01,-8.13217995600425264e-02
4911,3.93750000000000044e-01,7.68750000000000044e-01,1.60959717391599630e-02,1.67303842433727173e-01,1.68076339796287944e-01,-4.21958884921181318e-02
4912,4.06250000000000000e-01,7.68750000000000044e-01,2.06800103667342250e-02,1.61244233914773577e-01,1.62564958707374724e-01,-8.44405796179026058e-02
4913,4.18750000000000011e-01,7.68750000000000044e-01,2.50216446695384967e-02,1.54303828628681861e-01,1.56319398129081411e-01,-4.58551638990569929e-02
4914,4.31250000000000022e-01,7.68750000000000044e-01,2.92526074903077388e-02,1.47805731130613904e-01,1.50672655780793002e-01,-8.78735712117775652e-02
4915,4.43750000000000033e-01,7.68750000000000044e-01,3.32199198999165377e-02,1.40417814378142963e-01,1.44293886470950261e-01,-4.96183495578394890e-02
4916,4.56250000000000044e-01,7.68750000000000044e-01,3.69757422556891285e-02,1.33397198562463681e-01,1.38426941379460211e-01,-9.14760287168226577e-02
4917,4.68750000000000000e-01,7.68750000000000044e-01,4.04519652832028842e-02,1.25460451942889628e-01,1.31820660357121450e-01,-5.33166912938190102e-02
4918,4.81250000000000011e-01,7.68750000000000044e-01,4.36146977450371717e-02,1.17822422562718410e-01,1.25635843285022475e-01,-9.50826009267931177e-02
4919,4.93750000000000022e-01,7.68750000000000044e-01,4.64831661698000553e-02,1.09220989894661710e-01,1.18700924051748813e-01,-5.67687055573310798e-02
4920,5.06249999999999978e-01,7.68750000000000044e-01,4.89336266234035866e-02,1.00856700386029091e-01,1.12100730716957919e-01,-9.85067747746054545e-02
4921,5.18750000000000044e-01,7.68750000000000044e-01,5.10743588195220616e-02,9.14633423882457719e-02,1.04757496770659653e-01,-5.97744718307652856e-02
4922,5.31250000000000000e-01,7.68750000000000044e-01,5.26909636365614290e-02,8.22530920297162987e-02,9.76826944622148363e-02,-1.01540392158620776e-01
4923,5.43750000000000067e-01,7.68750000000000044e-01,5.39801488502430760e-02,7.19289402442680192e-02,8.99312454854144655e-02,-6.21170633416446225e-02
4924,5.56250000000000022e-01,7.68750000000000044e-01,5.46384158049002464e-02,6.17408072675312211e-02,8.24456412657188914e-02,-1.03954491657923948e-01
4925,5.68749999999999978e-01,7.68750000000000044e-01,5.49479874064130666e-02,5.03326768326459104e-02,7.45161705749490255e-02,-6.35637239054315656e-02
4926,5.81250000000000044e-01,7.68750000000000044e-01,5.45207512426708063e-02,3.90197106533336294e-02,6.70451350623970932e-02,-1.05500018508546442e-01
4927,5.93750000000000000e-01,7.68750000000000044e-01,5.37187997935043848e-02,2.63553171288651682e-02,5.98357100084695309e-02,-6.38681657062984409e-02
4928,6.06250000000000067e-01,7.68750000000000044e-01,5.20777795063369423e-02,1.37507307618635142e-02,5.38625817687558295e-02,-1.05909048398425520e-01
4929,6.18750000000000022e-01,7.68750000000000044e-01,5.00302435781365337e-02,-3.71127380359630361e-04,5.00316200819054466e-02,-6.27748786656756735e-02
4930,6.31250000000000089e-01,7.68750000000000044e-01,4.70496470891560784e-02,-1.44592757657304068e-02,4.92213362972153748e-02,-1.04984583057850037e-01
4931,6.43750000000000044e-01,7.68750000000000044e-01,4.36396344979312831e-02,-3.01960385548328374e-02,5.30680548307358377e-02,-6.01385517544502507e-02
4932,6.56250000000000000e-01,7.68750000000000044e-01,3.92261735538794037e-02,-4.58968219642821029e-02,6.03755824659280294e-02,-1.02396429327749880e-01
4933,6.68750000000000067e-01,7.68750000000000044e-01,3.43568673333401534e-02,-6.34477079087189533e-02,7.21526574135066268e-02,-5.55962874201440943e-02
4934,6.81250000000000022e-01,7.68750000000000044e-01,2.84352485480696901e-02,-8.09629314911104736e-02,8.58111859586193210e-02,-9.78403490365523792e-02
4935,6.93750000000000089e-01,7.68750000000000044e-01,2.20184245698763874e-02,-1.00561057234759721e-01,1.02943369153685446e-01,-4.89713210975518606e-02
4936,7.06250000000000044e-01,7.68750000000000044e-01,1.45296313379229686e-02,-1.20100920982331161e-01,1.20976615127139794e-01,-9.10743803009141095e-02
4937,7.18750000000000000e-01,7.68750000000000044e-01,6.53820668790500333e-03,-1.41974596712578421e-01,1.42125065552818841e-01,-3.99902590345520212e-02
4938,7.31250000000000067e-01,7.68750000000000044e-01,-2.45918343927273601e-03,-1.63787271729600697e-01,1.63805732389968733e-01,-8.17676672524526721e-02
4939,7.43750000000000022e-01,7.68750000000000044e-01,-1.19452130521158564e-02,-1.88166915140403790e-01,1.88545686952304364e-01,-2.86406216205417168e-02
4940,7.56250000000000089e-01,7.68750000000000044e-01,-2.22307537906331898e-02,-2.12347979895123523e-01,2.13508479877590668e-01,-6.98643573715627131e-02
4941,7.68750000000000044e-01,7.68750000000000044e-01,-3.29045457973910355e-02,-2.39296428850339388e-01,2.41548111138667643e-01,-1.48378527428448623e-02
4942,7.81250000000000000e-01,7.68750000000000044e-01,-4.39278524308400128e-02,-2.65785032391746834e-01,2.69390682212038601e-01,-5.50959287540848872e-02
4943,7.93750000000000067e-01,7.68750000000000044e-01,-5.51377523957980106e-02,-2.95027465883257900e-01,3.00135598296432049e-01,1.01327830485264448e-03
4944,8.06250000000000022e-01,7.68750000000000044e-01,-6.59847452081241126e-02,-3.23243917123970714e-01,3.29910012818388887e-01,-3.78307561336877207e-02
4945,8.18750000000000089e-01,7.68750000000000044e-01,-7.66213919820155492e-02,-3.53746834215051265e-01,3.61949803738629783e-01,1.84019027034487762e-02
4946,8.31250000000000044e-01,7.68750000000000044e-01,-8.57975860801621082e-02,-3.82085852512997093e-01,3.91600337675756582e-01,-1.83579311739597191e-02
4947,8.43750000000000000e-01,7.68750000000000044e-01,-9.41901404009339582e-02,-4.11484587223240439e-01,4.22127170496081894e-01,3.63620064842330865e-02
4948,8.56250000000000067e-01,7.68750000000000044e-01,-9.96926155813663561e-02,-4.36683977519862654e-01,4.47919092944274955e-01,2.40054815567408144e-03
4949,8.68750000000000022e-01,7.68750000000000044e-01,-1.03759827530094231e-01,-4.60551729565600476e-01,4.72095326618407529e-01,5.34293083683363076e-02
4950,8.81250000000000089e-01,7.68750000000000044e-01,-1.03366144809839938e-01,-4.77005379930463713e-01,4.88076523073436574e-01,2.30612056143045946e-02
4951,8.93750000000000044e-01,7.68750000000000044e-01,-1.01153189009956609e-01,-4.88345292835509759e-01,4.98711432274701105e-01,6.75747515068269161e-02
4952,9.06250000000000000e-01,7.68750000000000044e-01,-9.32404387370154158e-02,-4.87927820343612040e-01,4.96756819058520094e-01,4.17109022263729215e-02
4953,9.18750000000000067e-01,7.68750000000000044e-01,-8.39787933594285940e-02,-4.77503950190113824e-01,4.84832404219507906e-01,7.64642909155998085e-02
4954,9.31250000000000022e-01,7.68750000000000044e-01,-6.88610650444268085e-02,-4.50684256858324417e-01,4.55914625405889895e-01,5.61792810552469782e-02
4955,9.43750000000000089e-01,7.68750000000000044e-01,-5.44167912221295222e-02,-4.09121135381080747e-01,4.12724230670332037e-01,7.80030363105002067e-02
4956,9.56250000000000044e-01,7.68750000000000044e-01,-3.57645321851954578e-02,-3.48163444291296753e-01,3.49995550976301362e-01,6.46392447482361382e-02
4957,9.68750000000000000e-01,7.68750000000000044e-01,-2.16338542763572193e-02,-2.70100532063881571e-01,2.70965534841689004e-01,7.10903455940227469e-02
4958,9.81250000000000067e-01,7.68750000000000044e-01,-6.73449124361242928e-03,-1.73511315719410503e-01,1.73641959373278337e-01,6.62551681160365169e-02
4959,9.93750000000000022e-01,7.68750000000000044e-01,-1.14528855307954088e-03,-6.12864913246661466e-02,6.12971916547421780e-02,5.60764963077489548e-02
4960,6.25000000000000035e-03,7.81250000000000000e-01,-7.17283648143861698e-04,2.34683887926049606e-02,2.34793476986214569e-02,-5.81765362414725859e-02
4961,1.87500000000000028e-02,7.81250000000000000e-01,-1.65374671612855358e-03,6.67743664910939033e-02,6.67948418554010076e-02,-5.72107570020870052e-02
4962,3.12500000000000000e-02,7.81250000000000000e-01,-7.28639932314812180e-03,1.05352855188780861e-01,1.05604525052313006e-01,-6.57418398359301548e-02
4963,4.37500000000000042e-02,7.81250000000000000e-01,-1.14016378720980596e-02,1.37725268832439324e-01,1.38196407410374256e-01,-5.57786978662510938e-02
4964,5.62500000000000014e-02,7.81250000000000000e-01,-1.88218545603876311e-02,1.66013481285155418e-01,1.67077042640540629e-01,-7.17681172502319387e-02
4965,6.87500000000000056e-02,7.81250000000000000e-01,-2.39446243899365946e-02,1.87812730018863394e-01,1.89332951686476431e-01,-5.33251050191607262e-02
4966,8.12500000000000028e-02,7.81250000000000000e-01,-3.10449805290058736e-02,2.06796577380458729e-01,2.09113881012998298e-01,-7.58722139505129123e-02
4967,9.37500000000000000e-02,7.81250000000000000e-01,-3.55641419265833175e-02,2.19821980227680347e-01,2.22680289164067791e-01,-5.01385795719717156e-02
4968,1.06250000000000011e-01,7.81250000000000000e-01,-4.10627461906765759e-02,2.31367946799785423e-01,2.34983565236099590e-01,-7.81318515692368543e-02
4969,1.18750000000000008e-01,7.81250000000000000e-01,-4.41119026177809320e-02,2.37809613451823859e-01,2.41866227908458659e-01,-4.66332277644911641e-02
4970,1.31250000000000006e-01,7.81250000000000000e-01,-4.74834907454660601e-02,2.43854592608721749e-01,2.48434587426429848e-01,-7.89254671946295616e-02
4971,1.43750000000000017e-01,7.81250000000000000e-01,-4.87713296190332990e-02,2.45681125714054649e-01,2.50475264497182493e-01,-4.32209154658692238e-02
4972,1.56250000000000000e-01,7.81250000000000000e-01,-4.99879296843813853e-02,2.47859668955351276e-01,2.52850170276365416e-01,-7.87512073221026537e-02
4973,1.68750000000000011e-01,7.81250000000000000e-01,-4.95665188781507643e-02,2.46609019325067347e-01,2.51540947374715773e-01,-4.02354747886340472e-02
4974,1.81250000000000022e-01,7.81250000000000000e-01,-4.88594582119205242e-02,2.46164450044528860e-01,2.50966498008175887e-01,-7.80950180367867564e-02
4975,1.93750000000000006e-01,7.81250000000000000e-01,-4.69459818346462734e-02,2.42944977569934384e-01,2.47439259893968422e-01,-3.79067263873474544e-02
4976,2.06250000000000017e-01,7.81250000000000000e-01,-4.46470785186154767e-02,2.40765952802046906e-01,2.44870589595657440e-01,-7.73612736338338408e-02
4977,2.18750000000000000e-01,7.81250000000000000e-01,-4.15147457852308097e-02,2.36333610149676326e-01,2.39952181494545974e-01,-3.63656581450184924e-02
4978,2.31250000000000011e-01,7.81250000000000000e-01,-3.79680535571853342e-02,2.33027447785976033e-01,2.36100327218254996e-01,-7.68493512846694232e-02
4979,2.43750000000000022e-01,7.81250000000000000e-01,-3.38893877573397395e-02,2.27873825389528800e-01,2.30380057514153747e-01,-3.56647445135420890e-02
4980,2.56250000000000033e-01,7.81250000000000000e-01,-2.94100716912710849e-02,2.23839375495399368e-01,2.25763190841766992e-01,-7.67565994008566482e-02
4981,2.68749999999999989e-01,7.81250000000000000e-01,-2.46328265134759354e-02,2.18267795903425404e-01,2.19653378919110576e-01,-3.58000593238339548e-02
4982,2.81250000000000000e-01,7.81250000000000000e-01,-1.94949491482555443e-02,2.13755148113489224e-01,2.14642298690898264e-01,-7.71963930347963762e-02
4983,2.93750000000000011e-01,7.81250000000000000e-01,-1.42365028524305218e-02,2.07937689438861401e-01,2.08424472417803264e-01,-3.67281380361161383e-02
4984,3.06250000000000022e-01,7.81250000000000000e-01,-8.67393911447290715e-03,2.03092617898230854e-01,2.03277762346298907e-01,-7.82153808725424282e-02
4985,3.18750000000000033e-01,7.81250000000000000e-01,-3.12039901941354439e-03,1.97115800141204445e-01,1.97140496994776843e-01,-3.83660867951526041e-02
4986,3.31250000000000044e-01,7.81250000000000000e-01,2.66039524750817224e-03,1.92007468916193469e-01,1.92025898832620917e-01,-7.98501442673898998e-02
4987,3.43750000000000000e-01,7.81250000000000000e-01,8.33105766718937081e-03,1.85900071210006484e-01,1.86086654539597524e-01,-4.06201468257122653e-02
4988,3.56250000000000011e-01,7.81250000000000000e-01,1.41370240955869236e-02,1.80559491880605244e-01,1.81112080100863410e-01,-8.20369769664160003e-02
4989,3.68750000000000022e-01,7.81250000000000000e-01,1.97683410807449160e-02,1.74302625892345742e-01,1.75420046465766588e-01,-4.34142075380192921e-02
4990,3.81250000000000033e-01,7.81250000000000000e-01,2.54454823508481476e-02,1.68703365471659650e-01,1.70611541501539954e-01,-8.47282427430004759e-02
4991,3.93750000000000044e-01,7.81250000000000000e-01,3.09068893215339695e-02,1.62233729606479748e-01,1.65151502656082222e-01,-4.65992204685546849e-02
4992,4.06250000000000000e-01,7.81250000000000000e-01,3.63204896751827544e-02,1.56324205720032888e-01,1.60488115647995006e-01,-8.78195133347185047e-02
4993,4.18750000000000011e-01,7.81250000000000000e-01,4.14896673728707560e-02,1.49565468506834442e-01,1.55213471929405489e-01,-5.00429695028035484e-02
4994,4.31250000000000022e-01,7.81250000000000000e-01,4.65154617423588351e-02,1.43275417859444476e-01,1.50637092191476085e-01,-9.11962582851650605e-02
4995,4.43750000000000033e-01,7.81250000000000000e-01,5.12737215995863679e-02,1.36131918679146063e-01,1.45467844590952550e-01,-5.36009668850185236e-02
4996,4.56250000000000044e-01,7.81250000000000000e-01,5.57898084592470256e-02,1.29377239131597710e-01,1.40893480094836515e-01,-9.47180575014045928e-02
4997,4.68750000000000000e-01,7.81250000000000000e-01,6.00197250303377491e-02,1.21744737834487998e-01,1.35735583334310544e-01,-5.71063513588151855e-02
4998,4.81250000000000011e-01,7.81250000000000000e-01,6.39074545015126394e-02,1.14430575346726043e-01,1.31066850557437498e-01,-9.82182993582339375e-02
4999,4.93750000000000022e-01,7.81250000000000000e-01,6.74913248648559005e-02,1.06193641366154098e-01,1.25825944854854460e-01,-6.03769600865205480e-02
5000,5.06249999999999978e-01,7.81250000000000000e-01,7.06302087982908083e-02,9.82135550715463740e-02,1.20973256526729203e-01,-1.01512886724344401e-01
5001,5.18750000000000044e-01,7.81250000000000000e-01,7.34461353569854231e-02,8.92462831374761650e-02,1.15582151964441229e-01,-6.32150350753612478e-02
5002,5.31250000000000000e-01,7.81250000000000000e-01,7.57119370905073308e-02,8.04832639887947954e-02,1.10498204511598169e-01,-1.04396774779565368e-01
5003,5.43750000000000067e-01,7.81250000000000000e-01,7.76327530560814993e-02,7.06484403204939299e-02,1.04966882714430096e-01,-6.54059747467607838e-02
5004,5.56250000000000022e-01,7.81250000000000000e-01,7.88965233398465082e-02,6.09735295492092946e-02,9.97117480581061894e-02,-1.06644528636182387e-01
5005,5.68749999999999978e-01,7.81250000000000000e-01,7.97889946734487571e-02,5.01196798662601195e-02,9.42245508394496667e-02,-6.67197984139888262e-02
5006,5.81250000000000044e-01,7.81250000000000000e-01,7.99165537290872224e-02,3.93888564453523174e-02,8.90962264745632088e-02,-1.08012524702111368e-01
5007,5.93750000000000000e-01,7.81250000000000000e-01,7.96413086131741305e-02,2.73451790364626010e-02,8.42050880538405405e-02,-6.69140029101416983e-02
5008,6.06250000000000067e-01,7.81250000000000000e-01,7.84930906285799951e-02,1.53942233443518182e-02,7.99884203419611167e-02,-1.08244157695329135e-01
5009,6.18750000000000022e-01,7.81250000000000000e-01,7.69054435319447421e-02,1.96203154304075292e-03,7.69304673885517765e-02,-6.57370446682985082e-02
5010,6.31250000000000089e-01,7.81250000000000000e-01,7.43329261893373727e-02,-1.14021580566565205e-02,7.52023478637366405e-02,-1.07083824649919224e-01
5011,6.43750000000000044e-01,7.81250000000000000e-01,7.12832578083538865e-02,-2.64029549363277577e-02,7.60159119733625210e-02,-6.30401433568339720e-02
5012,6.56250000000000000e-01,7.81250000000000000e-01,6.71765938965363241e-02,-4.13253379254587480e-02,7.88700090160608519e-02,-1.04296518392032189e-01
5013,6.68750000000000067e-01,7.81250000000000000e-01,6.25480392564944365e-02,-5.80987623313225024e-02,8.53681638508376750e-02,-5.84615287918505561e-02
5014,6.81250000000000022e-01,7.81250000000000000e-01,5.67989214929187289e-02,-7.47849330340111529e-02,9.39090181593880691e-02,-9.95174065642366601e-02
5015,6.93750000000000089e-01,7.81250000000000000e-01,5.04764227997917883e-02,-9.35791509090970475e-02,1.06324629054283082e-01,-5.18053655188896595e-02
5016,7.06250000000000044e-01,7.81250000000000000e-01,4.29979897216761220e-02,-1.12258946459046230e-01,1.20211888680780546e-01,-9.25291123839053625e-02
5017,7.18750000000000000e-01,7.81250000000000000e-01,3.49068332187157590e-02,-1.33336083116657733e-01,1.37829597932561276e-01,-4.29434448184545584e-02
5018,7.31250000000000067e-01,7.81250000000000000e-01,2.56855018775070457e-02,-1.54276237611386535e-01,1.56399816170686129e-01,-8.31684780498243847e-02
5019,7.43750000000000022e-01,7.81250000000000000e-01,1.58069878326239852e-02,-1.77940728964211620e-01,1.78641439449685746e-01,-3.18482280480572380e-02
5020,7.56250000000000089e-01,7.81250000000000000e-01,4.94978938713014523e-03,-2.01388495077157365e-01,2.01449314628814713e-01,-7.11746133053356989e-02
5021,7.68750000000000044e-01,7.81250000000000000e-01,-6.52161968006143792e-03,-2.27918190847331253e-01,2.28011476119891560e-01,-1.83627998093142362e-02
5022,7.81250000000000000e-01,7.81250000000000000e-01,-1.86227538833472622e-02,-2.53979844979334290e-01,2.54661674811751781e-01,-5.66221934673226054e-02
5023,7.93750000000000067e-01,7.81250000000000000e-01,-3.11405137990988130e-02,-2.83235426073647989e-01,2.84942166382571027e-01,-2.82307288456849943e-03
5024,8.06250000000000022e-01,7.81250000000000000e-01,-4.35873939523224452e-02,-3.11545066974774854e-01,3.14579385319305238e-01,-3.93446021607908314e-02
5025,8.18750000000000089e-01,7.81250000000000000e-01,-5.60826404897687633e-02,-3.42839354445090783e-01,3.47396150699214368e-01,1.42075127389003023e-02
5026,8.31250000000000044e-01,7.81250000000000000e-01,-6.74348995100702286e-02,-3.72117826955969622e-01,3.78178718082292697e-01,-2.01077177440833026e-02
5027,8.43750000000000000e-01,7.81250000000000000e-01,-7.82266532322491159e-02,-4.03360179121019902e-01,4.10875703073885601e-01,3.17624039054028515e-02
5028,8.56250000000000067e-01,7.81250000000000000e-01,-8.63466867170961799e-02,-4.30587851910216535e-01,4.39160162719337444e-01,3.82947205495182141e-04
5029,8.68750000000000022e-01,7.81250000000000000e-01,-9.31382633627093892e-02,-4.57520725148849949e-01,4.66904647699025288e-01,4.83636434326184042e-02
5030,8.81250000000000089e-01,7.81250000000000000e-01,-9.54784198806132162e-02,-4.77078142439394115e-01,4.86538469862683620e-01,2.06621722394548374e-02
5031,8.93750000000000044e-01,7.81250000000000000e-01,-9.58784141923363920e-02,-4.92446684709581473e-01,5.01693539513411668e-01,6.20327784235383609e-02
5032,9.06250000000000000e-01,7.81250000000000000e-01,-9.02744974865317823e-02,-4.95650494579425949e-01,5.03804424031067177e-01,3.87601949911337840e-02
5033,9.18750000000000067e-01,7.81250000000000000e-01,-8.29303650364668216e-02,-4.89241378315279307e-01,4.96220285458903732e-01,7.04371635779175859e-02
5034,9.31250000000000022e-01,7.81250000000000000e-01,-6.91175055104364527e-02,-4.65211805502818765e-01,4.70318247091453701e-01,5.24618267285619361e-02
5035,9.43750000000000089e-01,7.81250000000000000e-01,-5.54485433204520567e-02,-4.25863409825744665e-01,4.29458012831021974e-01,7.14780619342721690e-02
5036,9.56250000000000044e-01,7.81250000000000000e-01,-3.68819540624281336e-02,-3.64919327592274190e-01,3.66778399290171642e-01,5.99456232985907597e-02
5037,9.68750000000000000e-01,7.81250000000000000e-01,-2.25310700572288782e-02,-2.85257657429128952e-01,2.86146081992883550e-01,6.40738181781558974e-02
5038,9.81250000000000067e-01,7.81250000000000000e-01,-7.06519007190772094e-03,-1.84358114621184926e-01,1.84493445242453369e-01,6.04786495973145544e-02
5039,9.93750000000000022e-01,7.81250000000000000e-01,-1.18511943461518466e-03,-6.56497863607424376e-02,6.56604824630875328e-02,4.86074971906299350e-02
5040,6.25000000000000035e-03,7.93750000000000067e-01,-9.60124531524733974e-04,2.44769055865139799e-02,2.44957291421822113e-02,-7.24288497460546243e-02
5041,1.87500000000000028e-02,7.93750000000000067e-01,-1.96768682042062701e-03,6.99981721125369494e-02,7.00258230263636622e-02,-6.88698072662439348e-02
5042,3.12500000000000000e-02,7.93750000000000067e-01,-8.78614838616700172e-03,1.10184961011742980e-01,1.10534709646441215e-01,-8.19584903260384134e-02
5043,4.37500000000000042e-02,7.93750000000000067e-01,-1.34342025961083390e-02,1.43622204928814251e-01,1.44249144011351416e-01,-6.47701971890359413e-02
5044,5.62500000000000014e-02,7.93750000000000067e-01,-2.20062150044035947e-02,1.72309953524646703e-01,1.73709509188432004e-01,-8.81669312334224936e-02
5045,6.87500000000000056e-02,7.93750000000000067e-01,-2.76097409744492789e-02,1.94069508140395419e-01,1.96023651089686612e-01,-5.90179391667434647e-02
5046,8.12500000000000028e-02,7.93750000000000067e-01,-3.53990458983102635e-02,2.12571540958862021e-01,2.15498845649195581e-01,-9.09275684259095163e-02
5047,9.37500000000000000e-02,7.93750000000000067e-01,-4.00855210724670868e-02,2.24888540261087982e-01,2.28433151141453628e-01,-5.24630228967254350e-02
5048,1.06250000000000011e-01,7.93750000000000067e-01,-4.56956298288177243e-02,2.35502694229314580e-01,2.39894996977257469e-01,-9.08575410636707770e-02
5049,1.18750000000000008e-01,7.93750000000000067e-01,-4.85481654478730415e-02,2.40961467539783342e-01,2.45803484937215877e-01,-4.59348106265441147e-02
5050,1.31250000000000006e-01,7.93750000000000067e-01,-5.15258610671916889e-02,2.45946318745781850e-01,2.51285706046558255e-01,-8.88934432136446184e-02
5051,1.43750000000000017e-01,7.93750000000000067e-01,-5.23089013191057745e-02,2.46768744790093753e-01,2.52251926776566715e-01,-4.00638850317449821e-02
5052,1.56250000000000000e-01,7.93750000000000067e-01,-5.27629343605839768e-02,2.47944045675067726e-01,2.53495911264973561e-01,-8.59610249331267812e-02
5053,1.68750000000000011e-01,7.93750000000000067e-01,-5.16146375650602049e-02,2.45797230247479487e-01,2.51158016412586282e-01,-3.52401979042933633e-02
5054,1.81250000000000022e-01,7.93750000000000067e-01,-4.99099628397677297e-02,2.44490564694269524e-01,2.49532844762347439e-01,-8.28079302231018999e-02
5055,1.93750000000000006e-01,7.93750000000000067e-01,-4.71275691308550224e-02,2.40531843025004272e-01,2.45105233075895018e-01,-3.16490294608664166e-02
5056,2.06250000000000017e-01,7.93750000000000067e-01,-4.37010501310004795e-02,2.37656415353141692e-01,2.41640959982071774e-01,-7.99596400503603949e-02
5057,2.18750000000000000e-01,7.93750000000000067e-01,-3.96197450354232317e-02,2.32647097596992175e-01,2.35996602130150057e-01,-2.93308843280491137e-02
5058,2.31250000000000011e-01,7.93750000000000067e-01,-3.48893660702212990e-02,2.28804979438941791e-01,2.31449749364384672e-01,-7.77442994107071517e-02
5059,2.43750000000000022e-01,7.93750000000000067e-01,-2.98243668426349286e-02,2.23222214605314023e-01,2.25205794665379183e-01,-2.82328867318455239e-02
5060,2.56250000000000033e-01,7.93750000000000067e-01,-2.41533824014881320e-02,2.18794740715646502e-01,2.20123884315763213e-01,-7.63397513901464819e-02
5061,2.68749999999999989e-01,7.93750000000000067e-01,-1.83796620443012551e-02,2.12922639773044736e-01,2.13714441497958901e-01,-2.82495998000290467e-02
5062,2.81250000000000000e-01,7.93750000000000067e-01,-1.20720493120287306e-02,2.08139788649297691e-01,2.08489582458132344e-01,-7.58177216730991921e-02
5063,2.93750000000000011e-01,7.93750000000000067e-01,-5.82329985608164794e-03,2.02133043305878307e-01,2.02216908336839890e-01,-2.92488603904683987e-02
5064,3.06250000000000022e-01,7.93750000000000067e-01,8.72269252516059989e-04,1.97118161665057828e-01,1.97120091598651487e-01,-7.61734853098461617e-02
5065,3.18750000000000033e-01,7.93750000000000067e-01,7.38526945555108890e-03,1.91053402891535107e-01,1.91196090340169711e-01,-3.11135575619658142e-02
5066,3.31250000000000044e-01,7.93750000000000067e-01,1.42289855531931506e-02,1.85881477900796344e-01,1.86425287599234268e-01,-7.73548655942447871e-02
5067,3.43750000000000000e-01,7.93750000000000067e-01,2.08165778854762264e-02,1.79780270549373955e-01,1.80981423338607311e-01,-3.37042915910467089e-02
5068,3.56250000000000011e-01,7.93750000000000067e-01,2.76247355439473707e-02,1.74453191319218909e-01,1.76626843869591432e-01,-7.93041055664792383e-02
5069,3.68750000000000022e-01,7.93750000000000067e-01,3.41399644430357210e-02,1.68271010619353456e-01,1.71699359891149012e-01,-3.68611956021239404e-02
5070,3.81250000000000033e-01,7.93750000000000067e-01,4.07653026254202050e-02,1.62755218677760549e-01,1.67782809324995341e-01,-8.19011528698097013e-02
5071,3.93750000000000044e-01,7.93750000000000067e-01,4.70763719054008573e-02,1.56426229628539665e-01,1.63356512290071365e-01,-4.04441913352250604e-02
5072,4.06250000000000000e-01,7.93750000000000067e-01,5.33848593068112984e-02,1.50664510932201345e-01,1.59842854258948508e-01,-8.50230340506154952e-02
5073,4.18750000000000011e-01,7.93750000000000067e-01,5.93695551311636954e-02,1.44106173319731246e-01,1.55856771637708141e-01,-4.42930556405315146e-02
5074,4.31250000000000022e-01,7.93750000000000067e-01,6.52391102184184946e-02,1.38024809503859897e-01,1.52666268509673658e-01,-8.85192876738383483e-02
5075,4.43750000000000033e-01,7.93750000000000067e-01,7.07798615672961123e-02,1.31140725329588564e-01,1.49022409869979611e-01,-4.82409289810992944e-02
5076,4.56250000000000044e-01,7.93750000000000067e-01,7.60912934285457726e-02,1.24654386332334333e-01,1.46043147622611558e-01,-9.22256207657077970e-02
5077,4.68750000000000000e-01,7.93750000000000067e-01,8.10714638440200586e-02,1.17340024120631811e-01,1.42622801509585784e-01,-5.21073233081918510e-02
5078,4.81250000000000011e-01,7.93750000000000067e-01,8.57067265760663860e-02,1.10354052644536640e-01,1.39727090843035057e-01,-9.59602942369631590e-02
5079,4.93750000000000022e-01,7.93750000000000067e-01,9.00080925727610448e-02,1.02495434843143760e-01,1.36406638006630193e-01,-5.56966987759633381e-02
5080,5.06249999999999978e-01,7.93750000000000067e-01,9.38463840729045345e-02,9.49051379079434154e-02,1.33469580822316469e-01,-9.95222798768841815e-02
5081,5.18750000000000044e-01,7.93750000000000067e-01,9.73459296998806650e-02,8.63788153879700010e-02,1.30144265248081953e-01,-5.87957400123550675e-02
5082,5.31250000000000000e-01,7.93750000000000067e-01,1.00261248170232201e-01,7.80697194001033629e-02,1.27071629295699845e-01,-1.02690100245238392e-01
5083,5.43750000000000067e-01,7.93750000000000067e-01,1.02829367556069098e-01,6.87415786031449205e-02,1.23690272296706941e-01,-6.11727274263859366e-02
5084,5.56250000000000022e-01,7.93750000000000067e-01,1.04688924395079833e-01,5.95877866029196276e-02,1.20459433849050737e-01,-1.05221738934746400e-01
5085,5.68749999999999978e-01,7.93750000000000067e-01,1.06188038580230279e-01,4.93099155982953050e-02,1.17078466482216453e-01,-6.25779977785057701e-02
5086,5.81250000000000044e-01,7.93750000000000067e-01,1.06851026371186320e-01,3.91705725578549713e-02,1.13804549957750523e-01,-1.06855607108351430e-01
5087,5.93750000000000000e-01,7.93750000000000067e-01,1.07134632266915220e-01,2.77761147472431295e-02,1.10676745441032773e-01,-6.27456165648741515e-02
5088,6.06250000000000067e-01,7.93750000000000067e-01,1.06451091805078821e-01,1.64897062576071507e-02,1.07720682131870513e-01,-1.07313846536697149e-01
5089,6.18750000000000022e-01,7.93750000000000067e-01,1.05363280767285017e-01,3.78645836144396062e-03,1.05431296117275738e-01,-6.13964432531902415e-02
5090,6.31250000000000089e-01,7.93750000000000067e-01,1.03170990861995618e-01,-8.83406927079418564e-03,1.03548511024191811e-01,-1.06312418192781491e-01
5091,6.43750000000000044e-01,7.93750000000000067e-01,1.00544168440300966e-01,-2.30421757472212101e-02,1.03150723073168235e-01,-5.83542653774382081e-02
5092,6.56250000000000000e-01,7.93750000000000067e-01,9.67066032537756554e-02,-3.71586962410564298e-02,1.03599883297319756e-01,-1.03612642746915118e-01
5093,6.68750000000000067e-01,7.93750000000000067e-01,9.23974825488008689e-02,-5.30723764252548011e-02,1.06555018280604236e-01,-5.32380781826708241e-02
5094,6.81250000000000022e-01,7.93750000000000067e-01,8.67754341097357468e-02,-6.88885381241427508e-02,1.10795336769263716e-01,-9.88251564993945092e-02
5095,6.93750000000000089e-01,7.93750000000000067e-01,8.06349051222625957e-02,-8.67623222594114257e-02,1.18446985980742672e-01,-4.58068683332143456e-02
5096,7.06250000000000044e-01,7.93750000000000067e-01,7.31019732217497165e-02,-1.04528699715449258e-01,1.27554488565146062e-01,-9.16669507295697211e-02
5097,7.18750000000000000e-01,7.93750000000000067e-01,6.50082488054307128e-02,-1.24664148011886314e-01,1.40595953755000641e-01,-3.58382485219830432e-02
5098,7.31250000000000067e-01,7.93750000000000067e-01,5.55014858270243619e-02,-1.44684951441231752e-01,1.54964996378404662e-01,-8.18619313244663832e-02
5099,7.43750000000000022e-01,7.93750000000000067e-01,4.53917689798701007e-02,-1.67433075532463338e-01,1.73476936430700973e-01,-2.32325502074239680e-02
5100,7.56250000000000089e-01,7.93750000000000067e-01,3.39492306246778827e-02,-1.90017063849459489e-01,1.93025995176756254e-01,-6.92404784189271094e-02
5101,7.68750000000000044e-01,7.93750000000000067e-01,2.18967249114153661e-02,-2.15725579059463629e-01,2.16834019522737925e-01,-8.03206114829796598e-03
5102,7.81250000000000000e-01,7.93750000000000067e-01,8.73449087447431688e-03,-2.41164014934946186e-01,2.41322136221232747e-01,-5.36993653603974816e-02
5103,7.93750000000000067e-01,7.93750000000000067e-01,-4.90638984579817947e-03,-2.70064323984760268e-01,2.70108888692439209e-01,9.90538059797453456e-03
5104,8.06250000000000022e-01,7.93750000000000067e-01,-1.90657262150171480e-02,-2.98299862400596139e-01,2.98908530865749256e-01,-3.51735988050620729e-02
5105,8.18750000000000089e-01,7.93750000000000067e-01,-3.33469329016315222e-02,-3.29900628089602577e-01,3.31581728006626109e-01,2.99652385545315716e-02
5106,8.31250000000000044e-01,7.93750000000000067e-01,-4.70193409871893370e-02,-3.59940110162406235e-01,3.62998211194758780e-01,-1.36006231662194211e-02
5107,8.43750000000000000e-01,7.93750000000000067e-01,-6.02403985775884984e-02,-3.92573897007361561e-01,3.97168944194197071e-01,5.11487464190189048e-02
5108,8.56250000000000067e-01,7.93750000000000067e-01,-7.12395516773434434e-02,-4.21770839338625858e-01,4.27744917725035978e-01,9.90690259428452305e-03
5109,8.68750000000000022e-01,7.93750000000000067e-01,-8.09447150145804206e-02,-4.51420888461663117e-01,4.58620611647916343e-01,7.19957338423608956e-02
5110,8.81250000000000089e-01,7.93750000000000067e-01,-8.63609808598458095e-02,-4.74263903182203905e-01,4.82062722969421820e-01,3.41190974818344137e-02
5111,8.93750000000000044e-01,7.93750000000000067e-01,-8.97344478079739882e-02,-4.93549901840244942e-01,5.01641083574618563e-01,9.01512521713002946e-02
5112,9.06250000000000000e-01,7.93750000000000067e-01,-8.67723422734359984e-02,-5.00874743734904926e-01,5.08335468263945711e-01,5.69931269076928079e-02
5113,9.18750000000000067e-01,7.93750000000000067e-01,-8.17985619988193524e-02,-4.98661424403781861e-01,5.05325856189333900e-01,1.02712399487050576e-01
5114,9.31250000000000022e-01,7.93750000000000067e-01,-6.94485331262917477e-02,-4.78165149044707527e-01,4.83182169077399859e-01,7.58897796029376209e-02
5115,9.43750000000000089e-01,7.93750000000000067e-01,-5.69552645731408597e-02,-4.41356966111567106e-01,4.45016711706204882e-01,1.06744762470021876e-01
5116,9.56250000000000044e-01,7.93750000000000067e-01,-3.82884694163994344e-02,-3.81080179799956620e-01,3.82998838544737374e-01,8.82164391895441102e-02
5117,9.68750000000000000e-01,7.93750000000000067e-01,-2.39699403939030789e-02,-2.99917372372465130e-01,3.00873708212085533e-01,1.00274554003515176e-01
5118,9.81250000000000067e-01,7.93750000000000067e-01,-7.42226106384792205e-03,-1.94856718216625507e-01,1.94998027152720965e-01,9.23045239885972313e-02
5119,9.93750000000000022e-01,7.93750000000000067e-01,-1.46757222896604892e-03,-6.95366884554108888e-02,6.95521732916528357e-02,8.31745994669844252e-02
5120,6.25000000000000035e-03,8.06250000000000022e-01,-9.42306220735251109e-04,2.63963546142032858e-02,2.64131686461963021e-02,-6.39568812833022499e-02
5121,1.87500000000000028e-02,8.06250000000000022e-01,-2.40782676876081549e-03,7.45999730009878764e-02,7.46388210082158388e-02,-6.35499124932808190e-02
5122,3.12500000000000000e-02,8.06250000000000022e-01,-1.00314653036838661e-02,1.16819861641977274e-01,1.17249777697826477e-01,-7.39551519012722619e-02
5123,4.37500000000000042e-02,8.06250000000000022e-01,-1.55906892497303384e-02,1.50944605292651329e-01,1.51747630815891044e-01,-6.17395546213596116e-02
5124,5.62500000000000014e-02,8.06250000000000022e-01,-2.50634112307144066e-02,1.80189808509148119e-01,1.81924549396400514e-01,-8.13704392468759113e-02
5125,6.87500000000000056e-02,8.06250000000000022e-01,-3.13825725187315066e-02,2.01204539718632031e-01,2.03637257547041289e-01,-5.83555232167161722e-02
5126,8.12500000000000028e-02,8.06250000000000022e-01,-3.96791811201785416e-02,2.19273434226541164e-01,2.22834639075412178e-01,-8.57772776681368782e-02
5127,9.37500000000000000e-02,8.06250000000000022e-01,-4.45954777774423480e-02,2.30117257999083724e-01,2.34398611487387470e-01,-5.39463647198074395e-02
5128,1.06250000000000011e-01,8.06250000000000022e-01,-5.01897219934681268e-02,2.39831949176002895e-01,2.45027288356506223e-01,-8.74851948308915384e-02
5129,1.18750000000000008e-01,8.06250000000000022e-01,-5.27729956564436525e-02,2.43638258833461685e-01,2.49288167063653254e-01,-4.91617913498622675e-02
5130,1.31250000000000006e-01,8.06250000000000022e-01,-5.52801587224458491e-02,2.47616961048959278e-01,2.53712544718428579e-01,-8.71982274913382788e-02
5131,1.43750000000000017e-01,8.06250000000000022e-01,-5.54017575523445341e-02,2.46916339501385473e-01,2.53055396015679168e-01,-4.45724852646361691e-02
5132,1.56250000000000000e-01,8.06250000000000022e-01,-5.50602338617562428e-02,2.47167304593403941e-01,2.53225800053785588e-01,-8.57103107706113920e-02
5133,1.68750000000000011e-01,8.06250000000000022e-01,-5.29869858555524903e-02,2.43753922138732787e-01,2.49446577904111427e-01,-4.05946166057436081e-02
5134,1.81250000000000022e-01,8.06250000000000022e-01,-5.02845533717159732e-02,2.41679538569372826e-01,2.46855292977278346e-01,-8.37205937152020324e-02
5135,1.93750000000000006e-01,8.06250000000000022e-01,-4.64225356167430950e-02,2.36733682219433722e-01,2.41242384564279266e-01,-3.74839963009181709e-02
5136,2.06250000000000017e-01,8.06250000000000022e-01,-4.18905837254131413e-02,2.33260532335718473e-01,2.36992187530303655e-01,-8.17633752247456519e-02
5137,2.18750000000000000e-01,8.06250000000000022e-01,-3.66541096847170025e-02,2.27519297370753465e-01,2.30452933226853535e-01,-3.53615902110887073e-02
5138,2.31250000000000011e-01,8.06250000000000022e-01,-3.07752215582532754e-02,2.23234707388081571e-01,2.25346064630829485e-01,-8.02020965439504407e-02
5139,2.43750000000000022e-01,8.06250000000000022e-01,-2.45327723483646509e-02,2.17134979453780547e-01,2.18516489587148505e-01,-3.42539617103995928e-02
5140,2.56250000000000033e-01,8.06250000000000022e-01,-1.77090790532774545e-02,2.12397528626401100e-01,2.13134515382933959e-01,-7.92489720476310666e-02
5141,2.68749999999999989e-01,8.06250000000000022e-01,-1.07690132307526523e-02,2.06183381111215286e-01,2.06464423793584290e-01,-3.41287119015539139e-02
5142,2.81250000000000000e-01,8.06250000000000022e-01,-3.32737975106935308e-03,2.01201848411612899e-01,2.01229359836623933e-01,-7.90091673928240285e-02
5143,2.93750000000000011e-01,8.06250000000000022e-01,4.05623869160204060e-03,1.94990086234433729e-01,1.95032271181041106e-01,-3.49269901422380527e-02
5144,3.06250000000000022e-01,8.06250000000000022e-01,1.18234546777042735e-02,1.89887294543696378e-01,1.90255035963940333e-01,-7.95144020926029788e-02
5145,3.18750000000000033e-01,8.06250000000000022e-01,1.94041704409963593e-02,1.83755623436885090e-01,1.84777301027971380e-01,-3.65108899864043726e-02
5146,3.31250000000000044e-01,8.06250000000000022e-01,2.72592567302123792e-02,1.78579559801633841e-01,1.80648072938597803e-01,-8.07917394853598647e-02
5147,3.43750000000000000e-01,8.06250000000000022e-01,3.48610828287675145e-02,1.72500712314256843e-01,1.75988041766820591e-01,-3.87854860620300765e-02
5148,3.56250000000000011e-01,8.06250000000000022e-01,4.26311616576618563e-02,1.67239635161269995e-01,1.72587692241238322e-01,-8.27508724597582901e-02
5149,3.68750000000000022e-01,8.06250000000000022e-01,5.01068873179459362e-02,1.61158321755517198e-01,1.68768198508333134e-01,-4.16296348920036502e-02
5150,3.81250000000000033e-01,8.06250000000000022e-01,5.76439009304070410e-02,1.55770598132257049e-01,1.66094246007968932e-01,-8.53029763503323352e-02
5151,3.93750000000000044e-01,8.06250000000000022e-01,6.48640725764506876e-02,1.49610327593882125e-01,1.63066238179311013e-01,-4.48985104110957017e-02
5152,4.06250000000000000e-01,8.06250000000000022e-01,7.20377136212081437e-02,1.44034752813433725e-01,1.61044845312720730e-01,-8.83298968689351233e-02
5153,4.18750000000000011e-01,8.06250000000000022e-01,7.88829136339016385e-02,1.37707283766608707e-01,1.58700378278537446e-01,-4.84404879993867374e-02
5154,4.31250000000000022e-01,8.06250000000000022e-01,8.55731437670704115e-02,1.31868911890444945e-01,1.57201058703017760e-01,-9.16942667306974157e-02
5155,4.43750000000000033e-01,8.06250000000000022e-01,9.19282862496613173e-02,1.25275732948464391e-01,1.55386032443635802e-01,-5.20923261759315692e-02
5156,4.56250000000000044e-01,8.06250000000000022e-01,9.80183856788512248e-02,1.19089487460995985e-01,1.54239780714349906e-01,-9.52377365177244084e-02
5157,4.68750000000000000e-01,8.06250000000000022e-01,1.03768832029742325e-01,1.12125253228696237e-01,1.52774483839468872e-01,-5.56744223234737906e-02
5158,4.81250000000000011e-01,8.06250000000000022e-01,1.09142302215165937e-01,1.05497827484456949e-01,1.51795367968745515e-01,-9.87805854614551421e-02
5159,4.93750000000000022e-01,8.06250000000000022e-01,1.14170948131080960e-01,9.80499031031566576e-02,1.50495145754567072e-01,-5.89907673122629095e-02
5160,5.06249999999999978e-01,8.06250000000000022e-01,1.18707642095960866e-01,9.08796093664381160e-02,1.49501196284776011e-01,-1.02123451018525394e-01
5161,5.18750000000000044e-01,8.06250000000000022e-01,1.22891619244499359e-01,8.28273284427605005e-02,1.48198233516799810e-01,-6.18281890423587333e-02
5162,5.31250000000000000e-01,8.06250000000000022e-01,1.26464929117710456e-01,7.50037086001284353e-02,1.47033787275307942e-01,-1.05046550111171783e-01
5163,5.43750000000000067e-01,8.06250000000000022e-01,1.29673349682846439e-01,6.62166829648735550e-02,1.45601602741317171e-01,-6.39556689620222191e-02
5164,5.56250000000000022e-01,8.06250000000000022e-01,1.32148132864499029e-01,5.76187127496524260e-02,1.44163258420792667e-01,-1.07309704558549476e-01
5165,5.68749999999999978e-01,8.06250000000000022e-01,1.34240162976699606e-01,4.79535253118547125e-02,1.42548103971415790e-01,-6.51249287099291696e-02
5166,5.81250000000000044e-01,8.06250000000000022e-01,1.35470859309921227e-01,3.84460696903792531e-02,1.40820644781956494e-01,-1.08653397549197797e-01
5167,5.93750000000000000e-01,8.06250000000000022e-01,1.36293818861387056e-01,2.77411085332589270e-02,1.39088368178200417e-01,-6.50721889054855229e-02
5168,6.06250000000000067e-01,8.06250000000000022e-01,1.36122465549775196e-01,1.71693149230950498e-02,1.37200987614077147e-01,-1.08800772318656425e-01
5169,6.18750000000000022e-01,8.06250000000000022e-01,1.35509750625096292e-01,5.23819891137198776e-03,1.35610955465666122e-01,-6.35208021968310943e-02
5170,6.31250000000000089e-01,8.06250000000000022e-01,1.33764475163808183e-01,-6.57940987383683843e-03,1.33926186573563727e-01,-1.07458830516274348e-01
5171,6.43750000000000044e-01,8.06250000000000022e-01,1.31536158532541136e-01,-1.99423759486078156e-02,1.33039315091342092e-01,-6.02835778346366216e-02
5172,6.56250000000000000e-01,8.06250000000000022e-01,1.28054635165894576e-01,-3.31751676183646912e-02,1.32282203390996472e-01,-1.04400238406074805e-01
5173,6.68750000000000067e-01,8.06250000000000022e-01,1.24040499240782864e-01,-4.81712433694279005e-02,1.33065826340421856e-01,-5.50004081097041769e-02
5174,6.81250000000000022e-01,8.06250000000000022e-01,1.18656939658172381e-01,-6.30190462028358961e-02,1.34353524380115635e-01,-9.92445417636933086e-02
5175,6.93750000000000089e-01,8.06250000000000022e-01,1.12679184723658635e-01,-7.99091611217284947e-02,1.38137875693695067e-01,-4.74409541492943621e-02
5176,7.06250000000000044e-01,8.06250000000000022e-01,1.05233584102706432e-01,-9.66291752814377458e-02,1.42868137590829558e-01,-9.17283328435480882e-02
5177,7.18750000000000000e-01,8.06250000000000022e-01,9.71264355836824744e-02,-1.15738868656818886e-01,1.51092786747586305e-01,-3.74281402625811013e-02
5178,7.31250000000000067e-01,8.06250000000000022e-01,8.74968709327592770e-02,-1.34656855968875555e-01,1.60586958631286220e-01,-8.16192759063394807e-02
5179,7.43750000000000022e-01,8.06250000000000022e-01,7.71356755367666874e-02,-1.56391530193138339e-01,1.74379537666162682e-01,-2.48607796855795059e-02
5180,7.56250000000000089e-01,8.06250000000000022e-01,6.52858588621379188e-02,-1.77890779592002529e-01,1.89492408373574200e-01,-6.87128454057623905e-02
5181,7.68750000000000044e-01,8.06250000000000022e-01,5.26696456210560340e-02,-2.02706274500528472e-01,2.09437163110397451e-01,-9.72460659707572068e-03
5182,7.81250000000000000e-01,8.06250000000000022e-01,3.87448633833175973e-02,-2.27174305394375581e-01,2.30454614772646643e-01,-5.29517986944752286e-02
5183,7.93750000000000067e-01,8.06250000000000022e-01,2.40830843129499310e-02,-2.55437777423549228e-01,2.56570561610460934e-01,7.68930144582882259e-03
5184,8.06250000000000022e-01,8.06250000000000022e-01,8.54860784570996186e-03,-2.83102372762011723e-01,2.83231410969159214e-01,-3.44257365761490783e-02
5185,8.18750000000000089e-01,8.06250000000000022e-01,-7.47594330360122194e-03,-3.14888025703014551e-01,3.14976758601997531e-01,2.72895738146548550e-02
5186,8.31250000000000044e-01,8.06250000000000022e-01,-2.33575596176784014e-02,-3.45222498986401172e-01,3.46011776385875547e-01,-1.33167473611327091e-02
5187,8.43750000000000000e-01,8.06250000000000022e-01,-3.90840978450860549e-02,-3.79141966726042168e-01,3.81151148020382469e-01,4.80212177970773188e-02
5188,8.56250000000000067e-01,8.06250000000000022e-01,-5.29701224720336011e-02,-4.09881961958967034e-01,4.13290523256987286e-01,9.94812942649386453e-03
5189,8.68750000000000022e-01,8.06250000000000022e-01,-6.58009329385008807e-02,-4.42401008830929698e-01,4.47267722276268709e-01,6.81673625386195331e-02
5190,8.81250000000000089e-01,8.06250000000000022e-01,-7.45347082629558150e-02,-4.68287121445338628e-01,4.74181664393938052e-01,3.36507469678272511e-02
5191,8.93750000000000044e-01,8.06250000000000022e-01,-8.12084444758824908e-02,-4.92036756934310815e-01,4.98693274096038475e-01,8.55552474636844112e-02
5192,9.06250000000000000e-01,8.06250000000000022e-01,-8.13557175878880795e-02,-5.03585371371613966e-01,5.10114672445055817e-01,5.56934770312273036e-02
5193,9.18750000000000067e-01,8.06250000000000022e-01,-7.90971747950205417e-02,-5.06566350653129716e-01,5.12704428179222571e-01,9.72678187574541331e-02
5194,9.31250000000000022e-01,8.06250000000000022e-01,-6.87888389836119468e-02,-4.90054366259236374e-01,4.94858753846443622e-01,7.34048520078177669e-02
5195,9.43750000000000089e-01,8.06250000000000022e-01,-5.76515302271154856e-02,-4.57024375221064372e-01,4.60646261771147203e-01,1.00415323754132452e-01
5196,9.56250000000000044e-01,8.06250000000000022e-01,-3.94044722519671792e-02,-3.97904183912631715e-01,3.99850537086838875e-01,8.42496876103713405e-02
5197,9.68750000000000000e-01,8.06250000000000022e-01,-2.50078817328767480e-02,-3.16124507389857756e-01,3.17112122633692151e-01,9.31482976862036544e-02
5198,9.81250000000000067e-01,8.06250000000000022e-01,-7.80968547164217521e-03,-2.06860309803770959e-01,2.07007678503185188e-01,8.67777167748424588e-02
5199,9.93750000000000022e-01,8.06250000000000022e-01,-1.52303764185661114e-03,-7.45399157630848991e-02,7.45554738810391138e-02,7.54409923202939980e-02
5200,6.25000000000000035e-03,8.18750000000000089e-01,-1.31001831119029449e-03,2.78273194103410039e-02,2.78581380128104586e-02,-8.29366395153533220e-02
5201,1.87500000000000028e-02,8.18750000000000089e-01,-2.91931795699972756e-03,7.90872315237350354e-02,7.91410930390965134e-02,-7.87672771950816974e-02
5202,3.12500000000000000e-02,8.18750000000000089e-01,-1.22973390619143651e-02,1.23368346984060753e-01,1.23979730543275893e-01,-9.56807847701615921e-02
5203,4.37500000000000042e-02,8.18750000000000089e-01,-1.86246047088197107e-02,1.58653834565750024e-01,1.59743278803761157e-01,-7.29265506361748972e-02
5204,5.62500000000000014e-02,8.18750000000000089e-01,-2.96097126880162133e-02,1.88102566469410842e-01,1.90418776904605680e-01,-1.02874488169821476e-01
5205,6.87500000000000056e-02,8.18750000000000089e-01,-3.64958575764713425e-02,2.08684755364828167e-01,2.11852011418160152e-01,-6.47152872360987202e-02
5206,8.12500000000000028e-02,8.18750000000000089e-01,-4.54801357191451996e-02,2.25785381410403413e-01,2.30320388163256645e-01,-1.04771916153050162e-01
5207,9.37500000000000000e-02,8.18750000000000089e-01,-5.04461081258368166e-02,2.35398353425928686e-01,2.40743005341135602e-01,-5.56441359168336341e-02
5208,1.06250000000000011e-01,8.18750000000000089e-01,-5.58732725138502972e-02,2.43681352497975151e-01,2.50004848226288212e-01,-1.02744656950625457e-01
5209,1.18750000000000008e-01,8.18750000000000089e-01,-5.80049037355214736e-02,2.46050973490562347e-01,2.52795669292455505e-01,-4.69487809676521484e-02
5210,1.31250000000000006e-01,8.18750000000000089e-01,-5.97013696175070913e-02,2.48576424886716330e-01,2.55645247449796220e-01,-9.84203699375652136e-02
5211,1.43750000000000017e-01,8.18750000000000089e-01,-5.90057195644267327e-02,2.46547689080365784e-01,2.53510232401346070e-01,-3.94124942582670945e-02
5212,1.56250000000000000e-01,8.18750000000000089e-01,-5.74539463974495374e-02,2.45530819511872750e-01,2.52163318678218618e-01,-9.31838156524494865e-02
5213,1.68750000000000011e-01,8.18750000000000089e-01,-5.43393098432890867e-02,2.41020223000362799e-01,2.47069845366425844e-01,-3.34163570194637577e-02
5214,1.81250000000000022e-01,8.18750000000000089e-01,-5.02218072854158371e-02,2.37927857422680106e-01,2.43170506568458344e-01,-8.80190085172427722e-02
5215,1.93750000000000006e-01,8.18750000000000089e-01,-4.52040511258909178e-02,2.32136356080676620e-01,2.36496710447749864e-01,-2.90653670592898872e-02
5216,2.06250000000000017e-01,8.18750000000000089e-01,-3.91823027698578949e-02,2.27889924670756194e-01,2.31233800766219605e-01,-8.35289935556740443e-02
5217,2.18750000000000000e-01,8.18750000000000089e-01,-3.27499508728376978e-02,2.21530034161037698e-01,2.23937748755237365e-01,-2.63078687511585016e-02
5218,2.31250000000000011e-01,8.18750000000000089e-01,-2.53857789534973587e-02,2.16685763219979677e-01,2.18167728491866830e-01,-8.00337833370667884e-02
5219,2.43750000000000022e-01,8.18750000000000089e-01,-1.79505335840337912e-02,2.10154194577937575e-01,2.10919432852103933e-01,-2.50024944013810466e-02
5220,2.56250000000000033e-01,8.18750000000000089e-01,-9.68965658200072327e-03,2.05033281147874807e-01,2.05262114923676520e-01,-7.76682668137134297e-02
5221,2.68749999999999989e-01,8.18750000000000089e-01,-1.58210088083529719e-03,1.98538894905705865e-01,1.98545198465175821e-01,-2.49715494436641150e-02
5222,2.81250000000000000e-01,8.18750000000000089e-01,7.21363420147457142e-03,1.93317006533179570e-01,1.93451548283651825e-01,-7.64611384093640267e-02
5223,2.93750000000000011e-01,8.18750000000000089e-01,1.56918567908800564e-02,1.86980006593727960e-01,1.87637302355731062e-01,-2.60207694878511094e-02
5224,3.06250000000000022e-01,8.18750000000000089e-01,2.46971807619050451e-02,1.81772854913313575e-01,1.83442965307811040e-01,-7.63539786487724137e-02
5225,3.18750000000000033e-01,8.18750000000000089e-01,3.33137824405781852e-02,1.75615257461071983e-01,1.78747102783840317e-01,-2.80059998609349416e-02
5226,3.31250000000000044e-01,8.18750000000000089e-01,4.23184302165416915e-02,1.70427332170240198e-01,1.75602747947341931e-01,-7.72570020527538620e-02
5227,3.43750000000000000e-01,8.18750000000000089e-01,5.09002475397087803e-02,1.64405893738656328e-01,1.72105006015542683e-01,-3.07582323250405014e-02
5228,3.56250000000000011e-01,8.18750000000000089e-01,5.97354461465544953e-02,1.59210282063339148e-01,1.70047750473259512e-01,-7.90492288725564013e-02
5229,3.68750000000000022e-01,8.18750000000000089e-01,6.81382174730441881e-02,1.53255685591789204e-01,1.67720368013587445e-01,-3.41082966174372157e-02
5230,3.81250000000000033e-01,8.18750000000000089e-01,7.66640638363818294e-02,1.48001041935926753e-01,1.66678394214813508e-01,-8.15877934965501261e-02
5231,3.93750000000000044e-01,8.18750000000000089e-01,8.47615921888716789e-02,1.42029733766340871e-01,1.65399434050211486e-01,-3.78916137899344072e-02
5232,4.06250000000000000e-01,8.18750000000000089e-01,9.28547130562804718e-02,1.36648774724496630e-01,1.65211638120534382e-01,-8.47189064263333680e-02
5233,4.18750000000000011e-01,8.18750000000000089e-01,1.00531125623008033e-01,1.30567980510296944e-01,1.64786239575901189e-01,-4.19369494136985280e-02
5234,4.31250000000000022e-01,8.18750000000000089e-01,1.08077558305201896e-01,1.24982619757956881e-01,1.65231394870273829e-01,-8.82739955695626966e-02
5235,4.43750000000000033e-01,8.18750000000000089e-01,1.15221357074639652e-01,1.18692660391205532e-01,1.65420400062578937e-01,-4.60646105193362049e-02
5236,4.56250000000000044e-01,8.18750000000000089e-01,1.22109703110437465e-01,1.12817082001590602e-01,1.66248228817851756e-01,-9.20709240316550381e-02
5237,4.68750000000000000e-01,8.18750000000000089e-01,1.28609281973991268e-01,1.06213244301910481e-01,1.66798083547152642e-01,-5.00821343442040615e-02
5238,4.81250000000000011e-01,8.18750000000000089e-01,1.34726673452232437e-01,9.99552162341269673e-02,1.67756733968909721e-01,-9.59120074999974259e-02
5239,4.93750000000000022e-01,8.18750000000000089e-01,1.40466911667012528e-01,9.29272122678698187e-02,1.68423335833090632e-01,-5.37812195168514279e-02
5240,5.06249999999999978e-01,8.18750000000000089e-01,1.45695319868491963e-01,8.61877637507022509e-02,1.69279227467309334e-01,-9.95818509741741159e-02
5241,5.18750000000000044e-01,8.18750000000000089e-01,1.50554381894676265e-01,7.86186475689789471e-02,1.69845558238251676e-01,-5.69350600865683037e-02
5242,5.31250000000000000e-01,8.18750000000000089e-01,1.54767643324969978e-01,7.12912818491822364e-02,1.70397976185354572e-01,-1.02845591620452273e-01
5243,5.43750000000000067e-01,8.18750000000000089e-01,1.58614399632129505e-01,6.30555174482503727e-02,1.70688388741963043e-01,-5.92968472561682808e-02
5244,5.56250000000000022e-01,8.18750000000000089e-01,1.61675765130533944e-01,5.50242407224470764e-02,1.70782669195751191e-01,-1.05447972571547546e-01
5245,5.68749999999999978e-01,8.18750000000000089e-01,1.64367423784161054e-01,4.59843765229769122e-02,1.70678683161222283e-01,-6.05994457917983231e-02
5246,5.81250000000000044e-01,8.18750000000000089e-01,1.66127191395351675e-01,3.71201374296531855e-02,1.70223818320774795e-01,-1.07113373142037158e-01
5247,5.93750000000000000e-01,8.18750000000000089e-01,1.67506796209423825e-01,2.71217616294809477e-02,1.69688292849659583e-01,-6.05563440788570231e-02
5248,6.06250000000000067e-01,8.18750000000000089e-01,1.67799811549941086e-01,1.72769279451497268e-02,1.68686896335837666e-01,-1.07546869965880448e-01
5249,6.18750000000000022e-01,8.18750000000000089e-01,1.67693551717270739e-01,6.14178890138711037e-03,1.67805985764698379e-01,-5.88641209511781907e-02
5250,6.31250000000000089e-01,8.18750000000000089e-01,1.66337677900838560e-01,-4.85741459195384792e-03,1.66408586214657928e-01,-1.06435349135043045e-01
5251,6.43750000000000044e-01,8.18750000000000089e-01,1.64554263258607253e-01,-1.73348849605446803e-02,1.65464811344220086e-01,-5.52912952856016021e-02
5252,6.56250000000000000e-01,8.18750000000000089e-01,1.61364233071264296e-01,-2.96600907056550622e-02,1.64067476043684518e-01,-1.03527406791178014e-01
5253,6.68750000000000067e-01,8.18750000000000089e-01,1.57710018876415864e-01,-4.36770985642713980e-02,1.63646383989969446e-01,-4.94588198276541546e-02
5254,6.81250000000000022e-01,8.18750000000000089e-01,1.52491561937712905e-01,-5.75244115229107608e-02,1.62980779183499180e-01,-9.84267293748666144e-02
5255,6.93750000000000089e-01,8.18750000000000089e-01,1.46760344300832485e-01,-7.33412367634450474e-02,1.64065644390562759e-01,-4.10772662037915612e-02
5256,7.06250000000000044e-01,8.18750000000000089e-01,1.39316932196768384e-01,-8.89732879533965543e-02,1.65304124467470503e-01,-9.08157674395128067e-02
5257,7.18750000000000000e-01,8.18750000000000089e-01,1.31303540458248214e-01,-1.06929543066313387e-01,1.69335604399197148e-01,-2.98884558738707444e-02
5258,7.31250000000000067e-01,8.18750000000000089e-01,1.21461817306137462e-01,-1.24691691618325717e-01,1.74071798468187128e-01,-8.03921326088465615e-02
5259,7.43750000000000022e-01,8.18750000000000089e-01,1.10987290643194944e-01,-1.45223997744099081e-01,1.82779069384585491e-01,-1.57077593714295485e-02
5260,7.56250000000000089e-01,8.18750000000000089e-01,9.86356343656318024e-02,-1.65548708206830819e-01,1.92705379156008549e-01,-6.69004626880461001e-02
5261,7.68750000000000044e-01,8.18750000000000089e-01,8.56048299150034553e-02,-1.89186333972085424e-01,2.07652729013066695e-01,1.55038652045274053e-03
5262,7.81250000000000000e-01,8.18750000000000089e-01,7.07765874508203274e-02,-2.12575310920256805e-01,2.24048182639421278e-01,-5.01405374727509762e-02
5263,7.93750000000000067e-01,8.18750000000000089e-01,5.52882606196544168e-02,-2.39869628167427157e-01,2.46158953279230902e-01,2.18569046770995083e-02
5264,8.06250000000000022e-01,8.18750000000000089e-01,3.83463126064246679e-02,-2.66738881318771215e-01,2.69481113434131336e-01,-3.00015742271692552e-02
5265,8.18750000000000089e-01,8.18750000000000089e-01,2.08791045595674435e-02,-2.97995822057320503e-01,2.98726374749247070e-01,4.47462512029066020e-02
5266,8.31250000000000044e-01,8.18750000000000089e-01,2.73565973442695077e-03,-3.28330205140215714e-01,3.28341601752806689e-01,-6.59725139284928191e-03
5267,8.43750000000000000e-01,8.18750000000000089e-01,-1.54094718924446730e-02,-3.62962485656711131e-01,3.63289440829350663e-01,6.98091493139990638e-02
5268,8.56250000000000067e-01,8.18750000000000089e-01,-3.25068788433488867e-02,-3.95052463350090033e-01,3.96387620860074785e-01,1.98398952934673196e-02
5269,8.68750000000000022e-01,8.18750000000000089e-01,-4.85684605739515607e-02,-4.29857243460337157e-01,4.32592354437573323e-01,9.55553399643975926e-02
5270,8.81250000000000089e-01,8.18750000000000089e-01,-6.10597319593190330e-02,-4.58855059998082737e-01,4.62899834686498868e-01,4.81119770341439032e-02
5271,8.93750000000000044e-01,8.18750000000000089e-01,-7.14107400426919614e-02,-4.86729622297449926e-01,4.91940259599946972e-01,1.19060347912387413e-01
5272,9.06250000000000000e-01,8.18750000000000089e-01,-7.51531587714812654e-02,-5.02984889007047076e-01,5.08568378728724180e-01,7.61253044784244437e-02
5273,9.18750000000000067e-01,8.18750000000000089e-01,-7.61826895313064550e-02,-5.11228823112808373e-01,5.16873980546061706e-01,1.36785533315997326e-01
5274,9.31250000000000022e-01,8.18750000000000089e-01,-6.82218217868906379e-02,-4.99609871993308752e-01,5.04246210854471966e-01,1.00772177497414767e-01
5275,9.43750000000000089e-01,8.18750000000000089e-01,-5.90028082463884204e-02,-4.70741645457283642e-01,4.74424944694933792e-01,1.44620868770308497e-01
5276,9.56250000000000044e-01,8.18750000000000089e-01,-4.09881608799449113e-02,-4.13723103924049429e-01,4.15748525015868287e-01,1.18508359860022880e-01
5277,9.68750000000000000e-01,8.18750000000000089e-01,-2.68674290683042216e-02,-3.31512265012416429e-01,3.32599219178883465e-01,1.39180905852878761e-01
5278,9.81250000000000067e-01,8.18750000000000089e-01,-8.26763654012392483e-03,-2.18341033004384288e-01,2.18497506867655650e-01,1.26384354364672435e-01
5279,9.93750000000000022e-01,8.18750000000000089e-01,-1.94122670079953136e-03,-7.88693199150018315e-02,7.88932062028081249e-02,1.19342023189002402e-01
5280,6.25000000000000035e-03,8.31250000000000044e-01,-1.29627961971027334e-03,3.06258535567281755e-02,3.06532746526474095e-02,-7.10049827225126273e-02
5281,1.87500000000000028e-02,8.31250000000000044e-01,-3.58718587979126730e-03,8.55868892198186210e-02,8.56620307304331863e-02,-7.15119915493302449e-02
5282,3.12500000000000000e-02,8.31250000000000044e-01,-1.41813145689865579e-02,1.32525645925301583e-01,1.33282243794223959e-01,-8.46558256616278954e-02
5283,4.37500000000000042e-02,8.31250000000000044e-01,-2.17527069171991119e-02,1.68256263999767675e-01,1.69656566726387209e-01,-6.90155955935371213e-02
5284,5.62500000000000014e-02,8.31250000000000044e-01,-3.38848459198154914e-02,1.98061855251289914e-01,2.00939496586889421e-01,-9.38360722260931923e-02
5285,6.87500000000000056e-02,8.31250000000000044e-01,-4.15465839964353906e-02,2.17073957879082902e-01,2.21014076092593520e-01,-6.41358919238086272e-02
5286,8.12500000000000028e-02,8.31250000000000044e-01,-5.09457391186472347e-02,2.33224766374941994e-01,2.38724234180343609e-01,-9.82496943754827406e-02
5287,9.37500000000000000e-02,8.31250000000000044e-01,-5.59101653502779503e-02,2.40509104345309227e-01,2.46922206094304653e-01,-5.79246881648165443e-02
5288,1.06250000000000011e-01,8.31250000000000044e-01,-6.09835296285022935e-02,2.47392109131275989e-01,2.54797658047266173e-01,-9.87598359259663633e-02
5289,1.18750000000000008e-01,8.31250000000000044e-01,-6.24458111341315153e-02,2.47464783683608192e-01,2.55222057220324539e-01,-5.13949534515300427e-02
5290,1.31250000000000006e-01,8.31250000000000044e-01,-6.32271839426000043e-02,2.48619418679319831e-01,2.56533218382638151e-01,-9.66681988356680594e-02
5291,1.43750000000000017e-01,8.31250000000000044e-01,-6.14174800639869720e-02,2.44667067094329976e-01,2.52257964349892450e-01,-4.53091855571881169e-02
5292,1.56250000000000000e-01,8.31250000000000044e-01,-5.86176190844291609e-02,2.42502807482213867e-01,2.49486746950379923e-01,-9.32246943907645426e-02
5293,1.68750000000000011e-01,8.31250000000000044e-01,-5.41453610909134950e-02,2.36519663485848769e-01,2.42638148985530627e-01,-4.01505606217179498e-02
5294,1.81250000000000022e-01,8.31250000000000044e-01,-4.86203559845065775e-02,2.32546454877269965e-01,2.37574814936361262e-01,-8.94001065463737032e-02
5295,1.93750000000000006e-01,8.31250000000000044e-01,-4.21438728422506778e-02,2.25691796281592416e-01,2.29592885183656337e-01,-3.61702728664250253e-02
5296,2.06250000000000017e-01,8.31250000000000044e-01,-3.46697519104789548e-02,2.20808859320411222e-01,2.23514080209536947e-01,-8.58624807698245840e-02
5297,2.18750000000000000e-01,8.31250000000000044e-01,-2.67649984279911407e-02,2.13720140611251885e-01,2.15389562522754680e-01,-3.34417806548072336e-02
5298,2.31250000000000011e-01,8.31250000000000044e-01,-1.79710687551214131e-02,2.08437957530631407e-01,2.09211236437583825e-01,-8.30220049629298157e-02
5299,2.43750000000000022e-01,8.31250000000000044e-01,-9.10039827319520170e-03,2.01435984937519019e-01,2.01641447317953859e-01,-3.19355456764116447e-02
5300,2.56250000000000033e-01,8.31250000000000044e-01,5.37566900074743642e-04,1.96031989032672993e-01,1.96032726100205223e-01,-8.10649515839481638e-02
5301,2.68749999999999989e-01,8.31250000000000044e-01,9.99489034611500578e-03,1.89276996812232728e-01,1.89540706327925301e-01,-3.15867125071208205e-02
5302,2.81250000000000000e-01,8.31250000000000044e-01,2.00465462372525008e-02,1.83930984348270904e-01,1.85020190842421772e-01,-8.00551015504487457e-02
5303,2.93750000000000011e-01,8.31250000000000044e-01,2.97664644206860653e-02,1.77503255756073147e-01,1.79981799657948416e-01,-3.22611866751987414e-02
5304,3.06250000000000022e-01,8.31250000000000044e-01,3.99366348334144541e-02,1.72268633166251350e-01,1.76837260708217175e-01,-8.00326315455412302e-02
5305,3.18750000000000033e-01,8.31250000000000044e-01,4.97075221546714116e-02,1.66130924230868171e-01,1.73407963325101111e-01,-3.38271875060902755e-02
5306,3.31250000000000044e-01,8.31250000000000044e-01,5.97908298279588024e-02,1.60996508615693812e-01,1.71740557580203235e-01,-8.09335441587755861e-02
5307,3.43750000000000000e-01,8.31250000000000044e-01,6.94431557170793606e-02,1.55080100532271975e-01,1.69918184597900285e-01,-3.61452594471698974e-02
5308,3.56250000000000011e-01,8.31250000000000044e-01,7.92791459816845206e-02,1.50005208683701763e-01,1.69666571898609897e-01,-8.26503845454078095e-02
5309,3.68750000000000022e-01,8.31250000000000044e-01,8.86747086910782689e-02,1.44225981982874257e-01,1.69305457207887922e-01,-3.90669289480729820e-02
5310,3.81250000000000033e-01,8.31250000000000044e-01,9.81307264036663934e-02,1.39150876161706294e-01,1.70272152159658074e-01,-8.50575431228053486e-02
5311,3.93750000000000044e-01,8.31250000000000044e-01,1.07150333698327924e-01,1.33415850098936750e-01,1.71116869622153250e-01,-4.24325355955880792e-02
5312,4.06250000000000000e-01,8.31250000000000044e-01,1.16110406754604184e-01,1.28268961050307023e-01,1.73016048173702114e-01,-8.80108828140439420e-02
5313,4.18750000000000011e-01,8.31250000000000044e-01,1.24644980577559725e-01,1.22480524210560618e-01,1.74750822584827825e-01,-4.60736496123910905e-02
5314,4.31250000000000022e-01,8.31250000000000044e-01,1.33001438849046499e-01,1.17182490611011741e-01,1.77260031709679300e-01,-9.13498331872493186e-02
5315,4.43750000000000033e-01,8.31250000000000044e-01,1.40945515636857477e-01,1.11239608031717951e-01,1.79554695770369310e-01,-4.98107308116984351e-02
5316,4.56250000000000044e-01,8.31250000000000044e-01,1.48592456452568605e-01,1.05705420810581319e-01,1.82355022150064661e-01,-9.48966678310844136e-02
5317,4.68750000000000000e-01,8.31250000000000044e-01,1.55839474591259769e-01,9.95042572039285256e-02,1.84897374352870292e-01,-5.34498156396618629e-02
5318,4.81250000000000011e-01,8.31250000000000044e-01,1.62668362629961427e-01,9.36440837487474975e-02,1.87697124703217200e-01,-9.84554447971922181e-02
5319,4.93750000000000022e-01,8.31250000000000044e-01,1.69107047378825981e-01,8.70772056226108426e-02,1.90209445644076630e-01,-5.67804568856457442e-02
5320,5.06249999999999978e-01,8.31250000000000044e-01,1.75002964663774130e-01,8.07960325311347233e-02,1.92753823603793534e-01,-1.01811359358892281e-01
5321,5.18750000000000044e-01,8.31250000000000044e-01,1.80514066192146716e-01,7.37509486533634157e-02,1.94998796202678570e-01,-5.95740465041320888e-02
5322,5.31250000000000000e-01,8.31250000000000044e-01,1.85352596213708865e-01,6.69475715437981567e-02,1.97072479709304360e-01,-1.04729694973348025e-01
5323,5.43750000000000067e-01,8.31250000000000044e-01,1.89806093016479188e-01,5.93045195592611374e-02,1.98855170881561766e-01,-6.15826822587811976e-02
5324,5.56250000000000022e-01,8.31250000000000044e-01,1.93450610406002727e-01,5.18695365843861930e-02,2.00283767419963482e-01,-1.06955194095999198e-01
5325,5.68749999999999978e-01,8.31250000000000044e-01,1.96703017481542897e-01,4.34980920293106740e-02,2.01455109383044811e-01,-6.25390358776641148e-02
5326,5.81250000000000044e-01,8.31250000000000044e-01,1.99001980089464348e-01,3.53104927764244028e-02,2.02110412843182041e-01,-1.08212140538976084e-01
5327,5.93750000000000000e-01,8.31250000000000044e-01,2.00893394609886256e-01,2.60645356470725412e-02,2.02577185330384602e-01,-6.21574055192696609e-02
5328,6.06250000000000067e-01,8.31250000000000044e-01,2.01677444080165663e-01,1.69862825197928703e-02,2.02391514754326013e-01,-1.08205104147286291e-01
5329,6.18750000000000022e-01,8.31250000000000044e-01,2.02028320412024731e-01,6.69645650438323737e-03,2.02139270747222266e-01,-6.01361535085640567e-02
5330,6.31250000000000089e-01,8.31250000000000044e-01,2.01108111721257005e-01,-3.43650175209144664e-03,2.01137470761620446e-01,-1.06619885139957543e-01
5331,6.43750000000000044e-01,8.31250000000000044e-01,1.99717638160066491e-01,-1.49726860841673595e-02,2.00278097456537352e-01,-5.62274656946782983e-02
5332,6.56250000000000000e-01,8.31250000000000044e-01,1.96890340962799004e-01,-2.63274508214802021e-02,1.98642747240378031e-01,-1.03195378235786256e-01
5333,6.68750000000000067e-01,8.31250000000000044e-01,1.93544570200001709e-01,-3.93021718218728930e-02,1.97494712242681086e-01,-5.00842056590065504e-02
5334,6.81250000000000022e-01,8.31250000000000044e-01,1.88592919771944090e-01,-5.20660705172807659e-02,1.95648064358473511e-01,-9.75601446425094776e-02
5335,6.93750000000000089e-01,8.31250000000000044e-01,1.83060608883196529e-01,-6.67379549555206925e-02,1.94846455334275359e-01,-4.14306010034139541e-02
5336,7.06250000000000044e-01,8.31250000000000044e-01,1.75757318611892810e-01,-8.11692611618988619e-02,1.93595154906343020e-01,-8.94102160436012483e-02
5337,7.18750000000000000e-01,8.31250000000000044e-01,1.67796910576787861e-01,-9.78869822861346134e-02,1.94261845199206779e-01,-3.00330516733654275e-02
5338,7.31250000000000067e-01,8.31250000000000044e-01,1.57920927287406782e-01,-1.14337705025368108e-01,1.94966997375921325e-01,-7.84647987420684645e-02
5339,7.43750000000000022e-01,8.31250000000000044e-01,1.47299427964417029e-01,-1.33568362851235467e-01,1.98840712715992296e-01,-1.57254982421964964e-02
5340,7.56250000000000089e-01,8.31250000000000044e-01,1.34669623826829538e-01,-1.52505643962448784e-01,2.03454857455065363e-01,-6.44829395080539491e-02
5341,7.68750000000000044e-01,8.31250000000000044e-01,1.21210802030683171e-01,-1.74850013766548351e-01,2.12754755159746345e-01,1.55333501047527070e-03
5342,7.81250000000000000e-01,8.31250000000000044e-01,1.05758865222792986e-01,-1.96855302919932779e-01,2.23465764404553457e-01,-4.73128117901893130e-02
5343,7.93750000000000067e-01,8.31250000000000044e-01,8.94349989082564995e-02,-2.23010044478014507e-01,2.40275048575181560e-01,2.16804602901330377e-02
5344,8.06250000000000022e-01,8.31250000000000044e-01,7.13512550218532854e-02,-2.48691039126848673e-01,2.58724244196761211e-01,-2.69327282904985761e-02
5345,8.18750000000000089e-01,8.31250000000000044e-01,5.24874071213036753e-02,-2.79279656436165757e-01,2.84169059549804370e-01,4.43395454632492109e-02
5346,8.31250000000000044e-01,8.31250000000000044e-01,3.25114189106617546e-02,-3.08932015576543595e-01,3.10638025051297173e-01,-3.54477104801691027e-03
5347,8.43750000000000000e-01,8.31250000000000044e-01,1.20995231672919850e-02,-3.43901432808153940e-01,3.44114216428756448e-01,6.86353643763907145e-02
5348,8.56250000000000067e-01,8.31250000000000044e-01,-7.99687559157972148e-03,-3.76721357568692072e-01,3.76806225091393054e-01,2.25326867695799724e-02
5349,8.68750000000000022e-01,8.31250000000000044e-01,-2.74935054485858678e-02,-4.13849866142479816e-01,4.14762105969192774e-01,9.33268460485855156e-02
5350,8.81250000000000089e-01,8.31250000000000044e-01,-4.38845968789350546e-02,-4.45443519932952003e-01,4.47600030488699618e-01,5.02506263230713054e-02
5351,8.93750000000000044e-01,8.31250000000000044e-01,-5.82845109305662884e-02,-4.77944751925499789e-01,4.81485482758870764e-01,1.15802594719641647e-01
5352,9.06250000000000000e-01,8.31250000000000044e-01,-6.61346353185480185e-02,-4.98812386041357858e-01,5.03177490014199646e-01,7.71592820348507846e-02
5353,9.18750000000000067e-01,8.31250000000000044e-01,-7.09341755701543980e-02,-5.13498831329768701e-01,5.18375064061588287e-01,1.32228052028079884e-01
5354,9.31250000000000022e-01,8.31250000000000044e-01,-6.60902987905614275e-02,-5.07233488817044442e-01,5.11521006188148997e-01,1.00091724604634086e-01
5355,9.43750000000000089e-01,8.31250000000000044e-01,-5.91202580285889109e-02,-4.84258913376733435e-01,4.87854384108805106e-01,1.38568154757983758e-01
5356,9.56250000000000044e-01,8.31250000000000044e-01,-4.20937786748449422e-02,-4.30039074832854307e-01,4.32094309249987818e-01,1.15573792434862085e-01
5357,9.68750000000000000e-01,8.31250000000000044e-01,-2.81475742096577060e-02,-3.48845647724724595e-01,3.49979387779295992e-01,1.31755285430197794e-01
5358,9.81250000000000067e-01,8.31250000000000044e-01,-8.75486058599287201e-03,-2.31786316255395003e-01,2.31951598371570089e-01,1.21086970902524696e-01
5359,9.93750000000000022e-01,8.31250000000000044e-01,-2.02633942284195182e-03,-8.47490560779244201e-02,8.47732773788753696e-02,1.10967861065369364e-01
5360,6.25000000000000035e-03,8.43750000000000000e-01,-1.88844997810047382e-03,3.27110594645891317e-02,3.27655253981326208e-02,-9.73932410416052385e-02
5361,1.87500000000000028e-02,8.43750000000000000e-01,-4.43473973408106247e-03,9.19721497809204841e-02,9.20790054889446957e-02,-9.20222620675790193e-02
5362,3.12500000000000000e-02,8.43750000000000000e-01,-1.76590022315936471e-02,1.41534389674129346e-01,1.42631777035286650e-01,-1.14910842112484340e-01
5363,4.37500000000000042e-02,8.43750000000000000e-01,-2.62750165168518825e-02,1.78357027216605679e-01,1.80282016991451105e-01,-8.30900966838428734e-02
5364,5.62500000000000014e-02,8.43750000000000000e-01,-4.02511275080767103e-02,2.07897176682106805e-01,2.11757855434131614e-01,-1.22754230678883913e-01
5365,6.87500000000000056e-02,8.43750000000000000e-01,-4.84191048661132620e-02,2.25745098053586363e-01,2.30879316984564459e-01,-7.09202240164497066e-02
5366,8.12500000000000028e-02,8.43750000000000000e-01,-5.82004580906856500e-02,2.40149906951238473e-01,2.47101742467863122e-01,-1.22417445117807638e-01
5367,9.37500000000000000e-02,8.43750000000000000e-01,-6.28387577210275938e-02,2.45435382678735797e-01,2.53352001260261417e-01,-5.82091028940289398e-02
5368,1.06250000000000011e-01,8.43750000000000000e-01,-6.70793849831251426e-02,2.50218153389457687e-01,2.59053600969653575e-01,-1.16870020704067226e-01
5369,1.18750000000000008e-01,8.43750000000000000e-01,-6.75688115172128484e-02,2.48293657623047781e-01,2.57323307738883067e-01,-4.67061829850291821e-02
5370,1.31250000000000006e-01,8.43750000000000000e-01,-6.67770511350347651e-02,2.47549458510210263e-01,2.56397950395453378e-01,-1.08886305511569942e-01
5371,1.43750000000000017e-01,8.43750000000000000e-01,-6.36177334420965912e-02,2.41936948123870260e-01,2.50161353681582765e-01,-3.72467468256478737e-02
5372,1.56250000000000000e-01,8.43750000000000000e-01,-5.88996479874537571e-02,2.38260272106810167e-01,2.45432527993860644e-01,-1.00434189421994002e-01
5373,1.68750000000000011e-01,8.43750000000000000e-01,-5.29108082287393089e-02,2.31021582173953716e-01,2.37003217399205934e-01,-3.00556132480683177e-02
5374,1.81250000000000022e-01,8.43750000000000000e-01,-4.53791641099272405e-02,2.25928143547516336e-01,2.30440436083042627e-01,-9.26987440097195442e-02
5375,1.93750000000000006e-01,8.43750000000000000e-01,-3.73535263735328485e-02,2.18184178184505750e-01,2.21358581361975587e-01,-2.50360853900205259e-02
5376,2.06250000000000017e-01,8.43750000000000000e-01,-2.79205265474670901e-02,2.12513022064888729e-01,2.14339311256334153e-01,-8.62601210281016273e-02
5377,2.18750000000000000e-01,8.43750000000000000e-01,-1.85117409534222843e-02,2.04829587723786621e-01,2.05664397891864137e-01,-2.19835180999963138e-02
5378,2.31250000000000011e-01,8.43750000000000000e-01,-7.87165721456971335e-03,1.99023325995917932e-01,1.99178932816151788e-01,-8.13355943371794066e-02
5379,2.43750000000000022e-01,8.43750000000000000e-01,2.43063549534917401e-03,1.91643613346311081e-01,1.91659026725436638e-01,-2.06223404230504066e-02
5380,2.56250000000000033e-01,8.43750000000000000e-01,1.37271007120942385e-02,1.85940338390513382e-01,1.86446353503463835e-01,-7.79643287312762195e-02
5381,2.68749999999999989e-01,8.43750000000000000e-01,2.44770098787025700e-02,1.79027799712041719e-01,1.80693323292082458e-01,-2.06338229944956347e-02
5382,2.81250000000000000e-01,8.43750000000000000e-01,3.60041617159299471e-02,1.73547946621680410e-01,1.77243305762075171e-01,-7.60856407876224494e-02
5383,2.93750000000000011e-01,8.43750000000000000e-01,4.69136624828187729e-02,1.67087645299734605e-01,1.73548762425324604e-01,-2.18396939038894566e-02
5384,3.06250000000000022e-01,8.43750000000000000e-01,5.84118417421490774e-02,1.61834468178768009e-01,1.72053300887877597e-01,-7.55570584776764781e-02
5385,3.18750000000000033e-01,8.43750000000000000e-01,6.92747378040788203e-02,1.55758644403911739e-01,1.70469189604362498e-01,-2.40300201127318820e-02
5386,3.31250000000000044e-01,8.43750000000000000e-01,8.05547497496965637e-02,1.50694514249447603e-01,1.70873942811984092e-01,-7.62142434412167585e-02
5387,3.43750000000000000e-01,8.43750000000000000e-01,9.12115989625830181e-02,1.44915027828354942e-01,1.71230607882480984e-01,-2.70106108858454985e-02
5388,3.56250000000000011e-01,8.43750000000000000e-01,1.02128542652704019e-01,1.39981675094887764e-01,1.73277547843729313e-01,-7.78845892674325663e-02
5389,3.68750000000000022e-01,8.43750000000000000e-01,1.12450776239211431e-01,1.34401439174075349e-01,1.75239618605108449e-01,-3.05966492339561497e-02
5390,3.81250000000000033e-01,8.43750000000000000e-01,1.22886969431141524e-01,1.29528477312190499e-01,1.78546446872473369e-01,-8.03898276780244808e-02
5391,3.93750000000000044e-01,8.43750000000000000e-01,1.32764272148630569e-01,1.24047288219418489e-01,1.81697775643366422e-01,-3.46081487406708771e-02
5392,4.06250000000000000e-01,8.43750000000000000e-01,1.42616730068651248e-01,1.19157285098385746e-01,1.85843994488636921e-01,-8.35472903023118385e-02
5393,4.18750000000000011e-01,8.43750000000000000e-01,1.51948040387584998e-01,1.13674102438441393e-01,1.89763032603329856e-01,-3.88625500421422090e-02
5394,4.31250000000000022e-01,8.43750000000000000e-01,1.61119989992859314e-01,1.08685320009042657e-01,1.94350585182466312e-01,-8.71670678475953975e-02
5395,4.43750000000000033e-01,8.43750000000000000e-01,1.69806946303662720e-01,1.03098735604423009e-01,1.98654847150039893e-01,-4.31694951937406438e-02
5396,4.56250000000000044e-01,8.43750000000000000e-01,1.78201446887220616e-01,9.79264165256952257e-02,2.03335532375093914e-01,-9.10494045843383837e-02
5397,4.68750000000000000e-01,8.43750000000000000e-01,1.86143526309621360e-01,9.21343902339995385e-02,2.07697275501561668e-01,-4.73259865559110954e-02
5398,4.81250000000000011e-01,8.43750000000000000e-01,1.93658959420535709e-01,8.66909743684093903e-02,2.12177090188335166e-01,-9.49815391861456304e-02
5399,4.93750000000000022e-01,8.43750000000000000e-01,2.00749723464847540e-01,8.05896428079410920e-02,2.16321848177950554e-01,-5.11124426313097763e-02
5400,5.06249999999999978e-01,8.43750000000000000e-01,2.07276156118150423e-01,7.47840920008835119e-02,2.20354408423141107e-01,-9.87346783228287839e-02
5401,5.18750000000000044e-01,8.43750000000000000e-01,2.13400018312166900e-01,6.82660506356002478e-02,2.24053166648042507e-01,-5.42895283653092031e-02
5402,5.31250000000000000e-01,8.43750000000000000e-01,2.18816115333258371e-01,6.20025966235930384e-02,2.27430900094085342e-01,-1.02061476093804046e-01
5403,5.43750000000000067e-01,8.43750000000000000e-01,2.23845460748221731e-01,5.49545616238984042e-02,2.30492503437440516e-01,-5.65959605901514215e-02
5404,5.56250000000000022e-01,8.43750000000000000e-01,2.28015664222173536e-01,4.81306307582323456e-02,2.33040126904926592e-01,-1.04694286381836740e-01
5405,5.68749999999999978e-01,8.43750000000000000e-01,2.31807992853980099e-01,4.04301105185554954e-02,2.35307329651104374e-01,-5.77473974559853803e-02
5406,5.81250000000000044e-01,8.43750000000000000e-01,2.34579606180426531e-01,3.29330263254502681e-02,2.36880087509939941e-01,-1.06344289139105458e-01
5407,5.93750000000000000e-01,8.43750000000000000e-01,2.36974336625424165e-01,2.44434677505331599e-02,2.38231650572990006e-01,-5.74365362694549061e-02
5408,6.06250000000000067e-01,8.43750000000000000e-01,2.38174256702190196e-01,1.61451988387947207e-02,2.38720849531801477e-01,-1.06701464040523900e-01
5409,6.18750000000000022e-01,8.43750000000000000e-01,2.38989007202199039e-01,6.70837884484691126e-03,2.39083140163037694e-01,-5.53346000189717524e-02
5410,6.31250000000000089e-01,8.43750000000000000e-01,2.38420399503136565e-01,-2.54362795238403635e-03,2.38433967677416703e-01,-1.05435042815376356e-01
5411,6.43750000000000044e-01,8.43750000000000000e-01,2.37447405788425964e-01,-1.31197448668040860e-02,2.37809583955364306e-01,-5.11397967641610204e-02
5412,6.56250000000000000e-01,8.43750000000000000e-01,2.34890567898022262e-01,-2.34840369262917792e-02,2.36061599752714624e-01,-1.02257046199785137e-01
5413,6.68750000000000067e-01,8.43750000000000000e-01,2.31900267428730017e-01,-3.53821743346777740e-02,2.34583955747544759e-01,-4.44908559847572438e-02
5414,6.81250000000000022e-01,8.43750000000000000e-01,2.27114739384853881e-01,-4.70376016211271897e-02,2.31934561486894342e-01,-9.67913694480211084e-02
5415,6.93750000000000089e-01,8.43750000000000000e-01,2.21855251929237107e-01,-6.05079823133600828e-02,2.29958623957048330e-01,-3.50440485238891417e-02
5416,7.06250000000000044e-01,8.43750000000000000e-01,2.14582246867347032e-01,-7.37068941065900651e-02,2.26888181511243875e-01,-8.86867023695408208e-02
5417,7.18750000000000000e-01,8.43750000000000000e-01,2.06781614063231867e-01,-8.90953334232114369e-02,2.25159086763978028e-01,-2.24753976661668693e-02
5418,7.31250000000000067e-01,8.43750000000000000e-01,1.96753460010643560e-01,-1.04191680497679934e-01,2.22638339715087119e-01,-7.75972368104923677e-02
5419,7.43750000000000022e-01,8.43750000000000000e-01,1.86130512430268041e-01,-1.21974698083975971e-01,2.22536277110567421e-01,-6.50524448719947378e-03
5420,7.56250000000000089e-01,8.43750000000000000e-01,1.73094446277929775e-01,-1.39457732781186033e-01,2.22283932313453114e-01,-6.31947739668972663e-02
5421,7.68750000000000044e-01,8.43750000000000000e-01,1.59391698854995989e-01,-1.60277390481510879e-01,2.26041048403701317e-01,1.30721706411210583e-02
5422,7.81250000000000000e-01,8.43750000000000000e-01,1.43170216786786292e-01,-1.80797347250589241e-01,2.30619582316041682e-01,-4.51800421570816083e-02
5423,7.93750000000000067e-01,8.43750000000000000e-01,1.26233322714589369e-01,-2.05463635699121988e-01,2.41143437311213571e-01,3.63372395841615389e-02
5424,8.06250000000000022e-01,8.43750000000000000e-01,1.06861555732599811e-01,-2.29789325596544358e-01,2.53421637299789781e-01,-2.33142813084103312e-02
5425,8.18750000000000089e-01,8.43750000000000000e-01,8.68137250207597216e-02,-2.59157400228448687e-01,2.73311508987727048e-01,6.31166337686930590e-02
5426,8.31250000000000044e-01,8.43750000000000000e-01,6.48011710319486289e-02,-2.87940558733821517e-01,2.95142265917738678e-01,2.49437536120852930e-03
5427,8.43750000000000000e-01,8.43750000000000000e-01,4.24021359930922478e-02,-3.22455398335228849e-01,3.25231340821126591e-01,9.29150432112903074e-02
5428,8.56250000000000067e-01,8.43750000000000000e-01,1.92554407985081819e-02,-3.55457879901865892e-01,3.55979039249046447e-01,3.20236122429972819e-02
5429,8.68750000000000022e-01,8.43750000000000000e-01,-3.55525108525664392e-03,-3.93970514640786695e-01,3.93986555883072687e-01,1.24410165148335139e-01
5430,8.81250000000000089e-01,8.43750000000000000e-01,-2.43814124103170424e-02,-4.28062716683950295e-01,4.28756507456115266e-01,6.48723252510607640e-02
5431,8.93750000000000044e-01,8.43750000000000000e-01,-4.31777859650326265e-02,-4.64480358653808600e-01,4.66482930851722433e-01,1.55254225330926920e-01
5432,9.06250000000000000e-01,8.43750000000000000e-01,-5.58486353231421942e-02,-4.90334101548034196e-01,4.93504408499433000e-01,9.92777239849391285e-02
5433,9.18750000000000067e-01,8.43750000000000000e-01,-6.51291293667836946e-02,-5.11273718950828626e-01,5.15405296035931437e-01,1.80639349178296271e-01
5434,9.31250000000000022e-01,8.43750000000000000e-01,-6.39991938747095090e-02,-5.11422876724327624e-01,5.15411734105462038e-01,1.31610894650440569e-01
5435,9.43750000000000089e-01,8.43750000000000000e-01,-6.00971536732681708e-02,-4.94738512402853270e-01,4.98375223635983577e-01,1.94701883042081109e-01
5436,9.56250000000000044e-01,8.43750000000000000e-01,-4.39659334052030573e-02,-4.44695078219537965e-01,4.46863195948012437e-01,1.57205138100851988e-01
5437,9.68750000000000000e-01,8.43750000000000000e-01,-3.07257180293919949e-02,-3.64851319301270294e-01,3.66142806763015860e-01,1.91587274030492138e-01
5438,9.81250000000000067e-01,8.43750000000000000e-01,-9.41801933208853519e-03,-2.44461758976585619e-01,2.44643108813769439e-01,1.71129407763777913e-01
5439,9.93750000000000022e-01,8.43750000000000000e-01,-2.68780589288646196e-03,-8.96504499250217052e-02,8.96907323655942584e-02,1.67969066127888644e-01
5440,6.25000000000000035e-03,8.56250000000000067e-01,-1.89683148736696132e-03,3.69492137944040927e-02,3.69978697997066924e-02,-8.04611428346871244e-02
5441,1.87500000000000028e-02,8.56250000000000067e-01,-5.46433500014100772e-03,1.01357052428393976e-01,1.01504241458009875e-01,-8.22694916929711945e-02
5442,3.12500000000000000e-02,8.56250000000000067e-01,-2.05213694473375917e-02,1.54366424685938614e-01,1.55724499274563971e-01,-9.97730921142427896e-02
5443,4.37500000000000042e-02,8.56250000000000067e-01,-3.07379868042973806e-02,1.90847693936828294e-01,1.93307180709321930e-01,-7.83796250578886189e-02
5444,5.62500000000000014e-02,8.56250000000000067e-01,-4.59819295240377068e-02,2.20206738838852667e-01,2.24956319477351507e-01,-1.10995015052134605e-01
5445,6.87500000000000056e-02,8.56250000000000067e-01,-5.47180749853530407e-02,2.35022305089075317e-01,2.41308001565395919e-01,-7.09791040822330965e-02
5446,8.12500000000000028e-02,8.56250000000000067e-01,-6.44492092553962115e-02,2.47645501415072439e-01,2.55894499637582040e-01,-1.14566348325922621e-01
5447,9.37500000000000000e-02,8.56250000000000067e-01,-6.84579314313867454e-02,2.49386761996945899e-01,2.58612152528039152e-01,-6.20614091180861777e-02
5448,1.06250000000000011e-01,8.56250000000000067e-01,-7.15917213975301031e-02,2.52123529144586855e-01,2.62090916517499495e-01,-1.12629945364644560e-01
5449,1.18750000000000008e-01,8.56250000000000067e-01,-7.06370742838585142e-02,2.47160896722012496e-01,2.57056618533374193e-01,-5.31560192430641509e-02
5450,1.31250000000000006e-01,8.56250000000000067e-01,-6.81405826532957559e-02,2.44669987180959364e-01,2.53981380481840546e-01,-1.07553692854020569e-01
5451,1.43750000000000017e-01,8.56250000000000067e-01,-6.31246742254464865e-02,2.36787830484374628e-01,2.45057546632552581e-01,-4.52042405231706801e-02
5452,1.56250000000000000e-01,8.56250000000000067e-01,-5.64611763900532415e-02,2.31797803823531046e-01,2.38575116675568022e-01,-1.01245533320637390e-01
5453,1.68750000000000011e-01,8.56250000000000067e-01,-4.84863816088346722e-02,2.22997071322657808e-01,2.28207412281021399e-01,-3.86905219730023092e-02
5454,1.81250000000000022e-01,8.56250000000000067e-01,-3.89809527723775223e-02,2.16991362146635947e-01,2.20464885923574772e-01,-9.49568689136360694e-02
5455,1.93750000000000006e-01,8.56250000000000067e-01,-2.90023286864671305e-02,2.08230783288302496e-01,2.10240800460086419e-01,-3.38047715947983260e-02
5456,2.06250000000000017e-01,8.56250000000000067e-01,-1.76843693367830894e-02,2.01969521075344577e-01,2.02742260918250122e-01,-8.94403933815649949e-02
5457,2.18750000000000000e-01,8.56250000000000067e-01,-6.42844343387979911e-03,1.93668638794422393e-01,1.93775299090124087e-01,-3.05030123269521385e-02
5458,2.31250000000000011e-01,8.56250000000000067e-01,5.95323328434337311e-03,1.87498273206798294e-01,1.87592759567284439e-01,-8.51202673600249538e-02
5459,2.43750000000000022e-01,8.56250000000000067e-01,1.79073779681390745e-02,1.79834356608034068e-01,1.80723739454227095e-01,-2.86311128712945229e-02
5460,2.56250000000000033e-01,8.56250000000000067e-01,3.07189181588135712e-02,1.73988523396997469e-01,1.76679535336482646e-01,-8.20291446954171111e-02
5461,2.68749999999999989e-01,8.56250000000000067e-01,4.29463448087325783e-02,1.66996859805315950e-01,1.72430680904724437e-01,-2.81063320321864214e-02
5462,2.81250000000000000e-01,8.56250000000000067e-01,5.58268652645186186e-02,1.61497428980237001e-01,1.70874393788213369e-01,-8.02486302641054611e-02
5463,2.93750000000000011e-01,8.56250000000000067e-01,6.80608490416531875e-02,1.55092316525270307e-01,1.69369140688158837e-01,-2.87325833839391087e-02
5464,3.06250000000000022e-01,8.56250000000000067e-01,8.07682256893987316e-02,1.49910823607855126e-01,1.70284354289520989e-01,-7.96926396084961380e-02
5465,3.18750000000000033e-01,8.56250000000000067e-01,9.28175082420246433e-02,1.43984593058715943e-01,1.71308647985273482e-01,-3.03368280047215041e-02
5466,3.31250000000000044e-01,8.56250000000000067e-01,1.05180265467054002e-01,1.39063062012141470e-01,1.74360039745099421e-01,-8.02354359843657633e-02
5467,3.43750000000000000e-01,8.56250000000000067e-01,1.16901512917164024e-01,1.33502740095195721e-01,1.77451247770330556e-01,-3.27448424485159845e-02
5468,3.56250000000000011e-01,8.56250000000000067e-01,1.28791864668387129e-01,1.28769574674197806e-01,1.82123441013324672e-01,-8.17265786481895518e-02
5469,3.68750000000000022e-01,8.56250000000000067e-01,1.40071825011090473e-01,1.23463863257919026e-01,1.86717545218727854e-01,-3.57814002572204443e-02
5470,3.81250000000000033e-01,8.56250000000000067e-01,1.51387160042767865e-01,1.18841031868988492e-01,1.92461069002280438e-01,-8.40026300995503628e-02
5471,3.93750000000000044e-01,8.56250000000000067e-01,1.62129477610799294e-01,1.13682293324424602e-01,1.98014220009198272e-01,-3.92676464447993187e-02
5472,4.06250000000000000e-01,8.56250000000000067e-01,1.72779952523229058e-01,1.09088932225782392e-01,2.04336259944461723e-01,-8.68895502176410817e-02
5473,4.18750000000000011e-01,8.56250000000000067e-01,1.82895834478452701e-01,1.03973384368294036e-01,2.10383818119565885e-01,-4.30187020104988854e-02
5474,4.31250000000000022e-01,8.56250000000000067e-01,1.92795804697485695e-01,9.93273912321934044e-02,2.16878198438534314e-01,-9.02024407808608847e-02
5475,4.43750000000000033e-01,8.56250000000000067e-01,2.02197386838458837e-01,9.41542079758008882e-02,2.23044385994921934e-01,-4.68401513209042095e-02
5476,4.56250000000000044e-01,8.56250000000000067e-01,2.11259264260088897e-01,8.93726937225070850e-02,2.29386039503129163e-01,-9.37436606607281453e-02
5477,4.68750000000000000e-01,8.56250000000000067e-01,2.19854801046779041e-01,8.40427588790620128e-02,2.35370598978128426e-01,-5.05242648161726426e-02
5478,4.81250000000000011e-01,8.56250000000000067e-01,2.27984636619597142e-01,7.90417651310339614e-02,2.41297731380962832e-01,-9.73005304442479402e-02
5479,4.93750000000000022e-01,8.56250000000000067e-01,2.35674812338756645e-01,7.34560011482598141e-02,2.46857046234457950e-01,-5.38468171382685684e-02
5480,5.06249999999999978e-01,8.56250000000000067e-01,2.42768773665756554e-01,6.81496211031547422e-02,2.52152827316448891e-01,-1.00643210292376953e-01
5481,5.18750000000000044e-01,8.56250000000000067e-01,2.49443562090620907e-01,6.22069803123322593e-02,2.57083253184715144e-01,-5.65645004757855188e-02
5482,5.31250000000000000e-01,8.56250000000000067e-01,2.55384912986244494e-01,5.65059967353684703e-02,2.61561429587867822e-01,-1.03522771904912506e-01
5483,5.43750000000000067e-01,8.56250000000000067e-01,2.60920719566726078e-01,5.01009807802290305e-02,2.65687278909546187e-01,-5.84130481705316257e-02
5484,5.56250000000000022e-01,8.56250000000000067e-01,2.65576993286586849e-01,4.39108357524150630e-02,2.69182653340848399e-01,-1.05669765774718982e-01
5485,5.68749999999999978e-01,8.56250000000000067e-01,2.69833754218420929e-01,3.69301999001301479e-02,2.72349214392608008e-01,-5.91063063329081151e-02
5486,5.81250000000000044e-01,8.56250000000000067e-01,2.73053772187982047e-01,3.01479235298151016e-02,2.74713049925273789e-01,-1.06793487812097576e-01
5487,5.93750000000000000e-01,8.56250000000000067e-01,2.75871635652997216e-01,2.24659950199516956e-02,2.76784898956024206e-01,-5.83364817652106959e-02
5488,6.06250000000000067e-01,8.56250000000000067e-01,2.77482025520994102e-01,1.49753093526504774e-02,2.77885829752870239e-01,-1.06582059517831729e-01
5489,6.18750000000000022e-01,8.56250000000000067e-01,2.78677229786899794e-01,6.44650537156620310e-03,2.78751781757904049e-01,-5.57758356701190047e-02
5490,6.31250000000000089e-01,8.56250000000000067e-01,2.78478114002252641e-01,-1.89130723846035438e-03,2.78484536413284300e-01,-1.04703417451432648e-01
5491,6.43750000000000044e-01,8.56250000000000067e-01,2.77837770471476675e-01,-1.14465434134556204e-02,2.78073461618826678e-01,-5.11022459880868946e-02
5492,6.56250000000000000e-01,8.56250000000000067e-01,2.75598897771003326e-01,-2.07768629334049194e-02,2.76380951742238257e-01,-1.00852201354120236e-01
5493,6.68750000000000067e-01,8.56250000000000067e-01,2.72881066265030114e-01,-3.15298801854923955e-02,2.74696577464028979e-01,-4.39925428392079002e-02
5494,6.81250000000000022e-01,8.56250000000000067e-01,2.68346884479117975e-01,-4.20177726845441454e-02,2.71616537845211337e-01,-9.46807907684871775e-02
5495,6.93750000000000089e-01,8.56250000000000067e-01,2.63282767891791059e-01,-5.42088268043273286e-02,2.68805529653436015e-01,-3.41151969122386184e-02
5496,7.06250000000000044e-01,8.56250000000000067e-01,2.56172368039777609e-01,-6.60925275690010944e-02,2.64560965275617399e-01,-8.58452304124666943e-02
5497,7.18750000000000000e-01,8.56250000000000067e-01,2.48463741679020883e-01,-8.00613683211636451e-02,2.61044160299739814e-01,-2.11657644878327431e-02
5498,7.31250000000000067e-01,8.56250000000000067e-01,2.38473310713366055e-01,-9.36837125202472504e-02,2.56215061840965874e-01,-7.40131397758500703e-02
5499,7.43750000000000022e-01,8.56250000000000067e-01,2.27795710087686842e-01,-1.09912312755380534e-01,2.52926080168870804e-01,-4.88968385055261502e-03
5500,7.56250000000000089e-01,8.56250000000000067e-01,2.14612756051461656e-01,-1.25764161382189488e-01,2.48747380585544242e-01,-5.88762520048048618e-02
5501,7.68750000000000044e-01,8.56250000000000067e-01,2.00635680639956959e-01,-1.44928522212128957e-01,2.47505460336636535e-01,1.48816080888394264e-02
5502,7.81250000000000000e-01,8.56250000000000067e-01,1.83982832734046697e-01,-1.63694495205499585e-01,2.46263213861566299e-01,-4.01747048746084398e-02
5503,7.93750000000000067e-01,8.56250000000000067e-01,1.66428802961447131e-01,-1.86703880772830205e-01,2.50113745225678030e-01,3.81688711641782683e-02
5504,8.06250000000000022e-01,8.56250000000000067e-01,1.46174806435933641e-01,-2.09269261203391538e-01,2.55265935293364166e-01,-1.77314227817295701e-02
5505,8.18750000000000089e-01,8.56250000000000067e-01,1.24970790850122429e-01,-2.37221515315590520e-01,2.68126361804150060e-01,6.47535471654984152e-02
5506,8.31250000000000044e-01,8.56250000000000067e-01,1.01383911222210563e-01,-2.64518509624296350e-01,2.83282084482185392e-01,8.47722379694232364e-03
5507,8.43750000000000000e-01,8.56250000000000067e-01,7.69879083925279623e-02,-2.98357681383804418e-01,3.08130563364584165e-01,9.39580642776586678e-02
5508,8.56250000000000067e-01,8.56250000000000067e-01,5.12444644293389498e-02,-3.30762327433352654e-01,3.34708399033812998e-01,3.81892609367174493e-02
5509,8.68750000000000022e-01,8.56250000000000067e-01,2.52912385835163955e-02,-3.70214713303004650e-01,3.71077593900674962e-01,1.24407904722785304e-01
5510,8.81250000000000089e-01,8.56250000000000067e-01,2.99849697609706582e-04,-4.05819630996885894e-01,4.05819741772489140e-01,7.03973582546747051e-02
5511,8.93750000000000044e-01,8.56250000000000067e-01,-2.32530697995734642e-02,-4.46478936223459688e-01,4.47084047743079305e-01,1.53802440176390554e-01
5512,9.06250000000000000e-01,8.56250000000000067e-01,-4.12253537482749691e-02,-4.76859981236911090e-01,4.78638664857883811e-01,1.03514112993329285e-01
5513,9.18750000000000067e-01,8.56250000000000067e-01,-5.56441026153372612e-02,-5.05349393944890202e-01,5.08403654703950769e-01,1.77415062931858381e-01
5514,9.31250000000000022e-01,8.56250000000000067e-01,-5.92392479295717478e-02,-5.12264685200371161e-01,5.15678578378718999e-01,1.33590251546251870e-01
5515,9.43750000000000089e-01,8.56250000000000067e-01,-5.90252349311710042e-02,-5.04293023267056939e-01,5.07735592286485571e-01,1.89085207808694478e-01
5516,9.56250000000000044e-01,8.56250000000000067e-01,-4.49537024801594243e-02,-4.59410003264974831e-01,4.61604144767569113e-01,1.55819907050163436e-01
5517,9.68750000000000000e-01,8.56250000000000067e-01,-3.24137916730374079e-02,-3.83394148852022165e-01,3.84761909841124461e-01,1.83527397154524347e-01
5518,9.81250000000000067e-01,8.56250000000000067e-01,-1.01008414427356495e-02,-2.59824010041772635e-01,2.60020274578807553e-01,1.65990055019567567e-01
5519,9.93750000000000022e-01,8.56250000000000067e-01,-2.84191403174281721e-03,-9.68551374193234726e-02,9.68968220318904422e-02,1.58183326026930332e-01
5520,6.25000000000000035e-03,8.68750000000000022e-01,-2.94413389888526812e-03,4.00724935966949719e-02,4.01805010853737987e-02,-1.19244738497896657e-01
5521,1.87500000000000028e-02,8.68750000000000022e-01,-6.95427852777311031e-03,1.10596553542760864e-01,1.10814979336633979e-01,-1.10929350954497685e-01
5522,3.12500000000000000e-02,8.68750000000000022e-01,-2.59949916589465174e-02,1.66808560633002451e-01,1.68821904656364874e-01,-1.43906644804604966e-01
5523,4.37500000000000042e-02,8.68750000000000022e-01,-3.74862794072274644e-02,2.03817225658250584e-01,2.07235814035178212e-01,-9.60786771735598899e-02
5524,5.62500000000000014e-02,8.68750000000000022e-01,-5.45786895738487321e-02,2.31878000988675198e-01,2.38214694546962397e-01,-1.50822925478877601e-01
5525,6.87500000000000056e-02,8.68750000000000022e-01,-6.33433929696879811e-02,2.44211798646599976e-01,2.52293059815603737e-01,-7.73387330947946927e-02
5526,8.12500000000000028e-02,8.68750000000000022e-01,-7.24188485952473454e-02,2.53890716566920971e-01,2.64017017615770289e-01,-1.45254052474189599e-01
5527,9.37500000000000000e-02,8.68750000000000022e-01,-7.52053363436028521e-02,2.52577098751479989e-01,2.63535639768645524e-01,-5.94059152245118710e-02
5528,1.06250000000000011e-01,8.68750000000000022e-01,-7.61281569268673491e-02,2.52398466667589416e-01,2.63629441173082957e-01,-1.33460758029074394e-01
5529,1.18750000000000008e-01,8.68750000000000022e-01,-7.32412198863056502e-02,2.44841507431930561e-01,2.55561421290409707e-01,-4.44344864129166198e-02
5530,1.31250000000000006e-01,8.68750000000000022e-01,-6.78846138411581396e-02,2.40038444882405361e-01,2.49452953115265247e-01,-1.19932956352619594e-01
5531,1.43750000000000017e-01,8.68750000000000022e-01,-6.06871589979230755e-02,2.30256317973656977e-01,2.38119514601439208e-01,-3.29628975875878305e-02
5532,1.56250000000000000e-01,8.68750000000000022e-01,-5.10695875979405300e-02,2.23623579111807191e-01,2.29380923165372258e-01,-1.07156029242775244e-01
5533,1.68750000000000011e-01,8.68750000000000022e-01,-4.09263629799785575e-02,2.13539926561289561e-01,2.17426464402496078e-01,-2.47578152537797150e-02
5534,1.81250000000000022e-01,8.68750000000000022e-01,-2.86551145326522753e-02,2.06445899316773596e-01,2.08425106293821633e-01,-9.63177423365958740e-02
5535,1.93750000000000006e-01,8.68750000000000022e-01,-1.66472790991731220e-02,1.96885960025125900e-01,1.97588494494039923e-01,-1.93115045246666089e-02
5536,2.06250000000000017e-01,8.68750000000000022e-01,-2.84048906243973900e-03,1.89941149835793660e-01,1.89962387800999333e-01,-8.77293817624545252e-02
5537,2.18750000000000000e-01,8.68750000000000022e-01,1.02349588249320556e-02,1.81190153287571931e-01,1.81478996113935642e-01,-1.62380632400994512e-02
5538,2.31250000000000011e-01,8.68750000000000022e-01,2.47153903718418319e-02,1.74689713079255710e-01,1.76429437387713772e-01,-8.13242104063429672e-02
5539,2.43750000000000022e-01,8.68750000000000022e-01,3.82301974089998484e-02,1.66875913552543914e-01,1.71199061089502502e-01,-1.49823755910483917e-02
5540,2.56250000000000033e-01,8.68750000000000022e-01,5.28346461534326267e-02,1.60903760544346269e-01,1.69356192657578231e-01,-7.70243061738719176e-02
5541,2.68749999999999989e-01,8.68750000000000022e-01,6.64326052358782254e-02,1.53917666161188377e-01,1.67642294767558792e-01,-1.52454256376391463e-02
5542,2.81250000000000000e-01,8.68750000000000022e-01,8.08508395987166256e-02,1.48436002477610490e-01,1.69026936005331974e-01,-7.45715151930500669e-02
5543,2.93750000000000011e-01,8.68750000000000022e-01,9.42876236293692382e-02,1.42143937153474481e-01,1.70572725953373000e-01,-1.67486266304372119e-02
5544,3.06250000000000022e-01,8.68750000000000022e-01,1.08318046710508042e-01,1.37080528908534588e-01,1.74710820068544659e-01,-7.37109780571928996e-02
5545,3.18750000000000033e-01,8.68750000000000022e-01,1.21425252229170083e-01,1.31344108296813283e-01,1.78872487161113147e-01,-1.92509040897385388e-02
5546,3.31250000000000044e-01,8.68750000000000022e-01,1.34931841066126601e-01,1.26613376067376104e-01,1.85033912385468569e-01,-7.42007249006454983e-02
5547,3.43750000000000000e-01,8.68750000000000022e-01,1.47587579313542133e-01,1.21300798166083190e-01,1.91039203315340328e-01,-2.25383873090788146e-02
5548,3.56250000000000011e-01,8.68750000000000022e-01,1.60472257649335925e-01,1.16814361030204511e-01,1.98486625287372487e-01,-7.58134659542693684e-02
5549,3.68750000000000022e-01,8.68750000000000022e-01,1.72581990519112466e-01,1.11803395318552740e-01,2.05632056489973403e-01,-2.64137430359242982e-02
5550,3.81250000000000033e-01,8.68750000000000022e-01,1.84766835367964538e-01,1.07473937658002727e-01,2.13750861349396137e-01,-7.83329106009611059e-02
5551,3.93750000000000044e-01,8.68750000000000022e-01,1.96250223312556621e-01,1.02651646828514270e-01,2.21475756566795273e-01,-3.06871795578165761e-02
5552,4.06250000000000000e-01,8.68750000000000022e-01,2.07665633546030792e-01,9.83941380488083800e-02,2.29796478994875625e-01,-8.15486657982522484e-02
5553,4.18750000000000011e-01,8.68750000000000022e-01,2.18447517841639738e-01,9.36553198094333544e-02,2.37677590403009509e-01,-3.51682114743579743e-02
5554,4.31250000000000022e-01,8.68750000000000022e-01,2.29024324895914455e-01,8.93870550716929224e-02,2.45849927818617114e-01,-8.52503879536493925e-02
5555,4.43750000000000033e-01,8.68750000000000022e-01,2.39028425871187833e-01,8.46322840117936098e-02,2.53568948949808970e-01,-3.96589601993389759e-02
5556,4.56250000000000044e-01,8.68750000000000022e-01,2.48692373705404618e-01,8.02723470711099590e-02,2.61326513089532031e-01,-8.92224139475801536e-02
5557,4.68750000000000000e-01,8.68750000000000022e-01,2.57836734399156386e-01,7.54059850948905624e-02,2.68637011958054617e-01,-4.39485461361647164e-02
5558,4.81250000000000011e-01,8.68750000000000022e-01,2.66504493797659725e-01,7.08743441168129679e-02,2.75767688223865881e-01,-9.32389341526167620e-02
5559,4.93750000000000022e-01,8.68750000000000022e-01,2.74697990135201520e-01,6.58024536722043585e-02,2.82469376558949936e-01,-4.78084870300106782e-02
5560,5.06249999999999978e-01,8.68750000000000022e-01,2.82273998501275880e-01,6.10187380094847562e-02,2.88793865271006811e-01,-9.70598507322395082e-02
5561,5.18750000000000044e-01,8.68750000000000022e-01,2.89413400654046693e-01,5.56468617131610707e-02,2.94714590233777607e-01,-5.09889760820590593e-02
5562,5.31250000000000000e-01,8.68750000000000022e-01,2.95787098049353325e-01,5.05288277987110263e-02,3.00071941059422531e-01,-1.00427412194445759e-01
5563,5.43750000000000067e-01,8.68750000000000022e-01,3.01754359438696884e-01,4.47594561002704061e-02,3.05055900370162170e-01,-5.32160446468134402e-02
5564,5.56250000000000022e-01,8.68750000000000022e-01,3.06797500799969258e-01,3.92209558210934242e-02,3.09294341805063266e-01,-1.03063699363144995e-01
5565,5.68749999999999978e-01,8.68750000000000022e-01,3.11456953729246366e-01,3.29503524887006100e-02,3.13195082585010443e-01,-5.41896686919426246e-02
5566,5.81250000000000044e-01,8.68750000000000022e-01,3.15020663384324773e-01,2.68984541092405875e-02,3.16166957781117586e-01,-1.04669002168428185e-01
5567,5.93750000000000000e-01,8.68750000000000022e-01,3.18215735782873710e-01,2.00123026537575785e-02,3.18844392701739809e-01,-5.35829406651688392e-02
5568,6.06250000000000067e-01,8.68750000000000022e-01,3.20126867412119653e-01,1.33428423831412069e-02,3.20404810641098492e-01,-1.04921152724135214e-01
5569,6.18750000000000022e-01,8.68750000000000022e-01,3.21675723209730979e-01,5.70946695661335348e-03,3.21726388279594044e-01,-5.10424690449194016e-02
5570,6.31250000000000089e-01,8.68750000000000022e-01,3.21731581346077544e-01,-1.70102511603707827e-03,3.21736078054502772e-01,-1.03476021467688764e-01
5571,6.43750000000000044e-01,8.68750000000000022e-01,3.21420256770694912e-01,-1.02432393532877423e-02,3.21583434609104490e-01,-4.61899455352301272e-02
5572,6.56250000000000000e-01,8.68750000000000022e-01,3.19379902201451848e-01,-1.85243095016677413e-02,3.19916664106017656e-01,-1.00008464572487646e-01
5573,6.68750000000000067e-01,8.68750000000000022e-01,3.16960049308200265e-01,-2.81327367563393993e-02,3.18206102604677021e-01,-3.86944079814534117e-02
5574,6.81250000000000022e-01,8.68750000000000022e-01,3.12553270763205937e-01,-3.74364194759978508e-02,3.14787281458385471e-01,-9.41776170495562254e-02
5575,6.93750000000000089e-01,8.68750000000000022e-01,3.07746492209713951e-01,-4.83358895667381910e-02,3.11519279800771598e-01,-2.81508740319739124e-02
5576,7.06250000000000044e-01,8.68750000000000022e-01,3.00669871541180134e-01,-5.88851398855499975e-02,3.06381839135302814e-01,-8.56002544369056373e-02
5577,7.18750000000000000e-01,8.68750000000000022e-01,2.93160403874809239e-01,-7.13985324554640560e-02,3.01729635330763024e-01,-1.41535611331820438e-02
5578,7.31250000000000067e-01,8.68750000000000022e-01,2.83072863352413384e-01,-8.35210912428954871e-02,2.95137287798302728e-01,-7.38856828133572785e-02
5579,7.43750000000000022e-01,8.68750000000000022e-01,2.72502538186933874e-01,-9.81162189299629173e-02,2.89628081745250954e-01,3.69230580058418781e-03
5580,7.56250000000000089e-01,8.68750000000000022e-01,2.59028544289897800e-01,-1.12295328711321502e-01,2.82322559508317139e-01,-5.86349677500539526e-02
5581,7.68750000000000044e-01,8.68750000000000022e-01,2.45002620916306063e-01,-1.29649350234851635e-01,2.77191699500865973e-01,2.57513685330433319e-02
5582,7.81250000000000000e-01,8.68750000000000022e-01,2.27758691619268983e-01,-1.46588288689868368e-01,2.70854477513563452e-01,-3.94385968870379147e-02
5583,7.93750000000000067e-01,8.68750000000000022e-01,2.09882875337747993e-01,-1.67657290500126815e-01,2.68625740423148185e-01,5.23187125252974616e-02
5584,8.06250000000000022e-01,8.68750000000000022e-01,1.88562878992131422e-01,-1.88329334898804324e-01,2.66503091383997248e-01,-1.58817543811057837e-02
5585,8.18750000000000089e-01,8.68750000000000022e-01,1.66559641323134555e-01,-2.14367976858613085e-01,2.71469599808424444e-01,8.35328452109606184e-02
5586,8.31250000000000044e-01,8.68750000000000022e-01,1.41152707387000531e-01,-2.39955906229008420e-01,2.78393469278402583e-01,1.24218332585770003e-02
5587,8.43750000000000000e-01,8.68750000000000022e-01,1.15157468140695551e-01,-2.72317209242811831e-01,2.95665190576044457e-01,1.19215294967324165e-01
5588,8.56250000000000067e-01,8.68750000000000022e-01,8.64496243195074926e-02,-3.03759652140677017e-01,3.15821886216913539e-01,4.57277942776145932e-02
5589,8.68750000000000022e-01,8.68750000000000022e-01,5.76429262071691262e-02,-3.43026941334909186e-01,3.47836440620169052e-01,1.58468242180965724e-01
5590,8.81250000000000089e-01,8.68750000000000022e-01,2.81718043098632999e-02,-3.79517065594985437e-01,3.80561235067238213e-01,8.39147874943783345e-02
5591,8.93750000000000044e-01,8.68750000000000022e-01,-7.92836321091053400e-05,-4.22955976694694258e-01,4.22955984125602702e-01,1.99026709254957246e-01
5592,9.06250000000000000e-01,8.68750000000000022e-01,-2.43716137587796852e-02,-4.57941947440500652e-01,4.58590016008640744e-01,1.25939498131509259e-01
5593,9.18750000000000067e-01,8.68750000000000022e-01,-4.47353874565413825e-02,-4.93260424305576761e-01,4.95284868613007911e-01,2.36299119176643757e-01
5594,9.31250000000000022e-01,8.68750000000000022e-01,-5.42146327537684700e-02,-5.08040841186674030e-01,5.10925359243685762e-01,1.68787499185815842e-01
5595,9.43750000000000089e-01,8.68750000000000022e-01,-5.89067598646384888e-02,-5.09024439351599245e-01,5.12421590309151687e-01,2.61349489299711968e-01
5596,9.56250000000000044e-01,8.68750000000000022e-01,-4.71893925520973437e-02,-4.71305828290266182e-01,4.73662350783561670e-01,2.06337817803292328e-01
5597,9.68750000000000000e-01,8.68750000000000022e-01,-3.62391456892586505e-02,-3.99704347149499761e-01,4.01343793785944980e-01,2.63727396405208370e-01
5598,9.81250000000000067e-01,8.68750000000000022e-01,-1.12462635150947093e-02,-2.74033149974992285e-01,2.74263825044914700e-01,2.30536018560832751e-01
5599,9.93750000000000022e-01,8.68750000000000022e-01,-4.00380452359198023e-03,-1.02593157684184574e-01,1.02671254274383422e-01,2.34752966102103000e-01
5600,6.25000000000000035e-03,8.81250000000000089e-01,-3.05639043975281964e-03,4.68478041588475530e-02,4.69473990443128458e-02,-9.46850207672176591e-02
5601,1.87500000000000028e-02,8.81250000000000089e-01,-8.63267323531422860e-03,1.24407539286183297e-01,1.24706691393970309e-01,-9.79606256461867525e-02
5602,3.12500000000000000e-02,8.81250000000000089e-01,-3.03791222727084163e-02,1.84898929532572365e-01,1.87377974192142804e-01,-1.23108012585715298e-01
5603,4.37500000000000042e-02,8.81250000000000089e-01,-4.36372561730799732e-02,2.19430720154977471e-01,2.23727626979877109e-01,-9.10011413785825479e-02
5604,5.62500000000000014e-02,8.81250000000000089e-01,-6.15736990101558163e-02,2.46064645657803949e-01,2.53651592253023084e-01,-1.35955548538903126e-01
5605,6.87500000000000056e-02,8.81250000000000089e-01,-6.99908805022535774e-02,2.52861506629059651e-01,2.62369329168252285e-01,-7.91804819860440073e-02
5606,8.12500000000000028e-02,8.81250000000000089e-01,-7.77104543529117120e-02,2.59508524115911410e-01,2.70894054575870236e-01,-1.36484396428975835e-01
5607,9.37500000000000000e-02,8.81250000000000089e-01,-7.84752241000920836e-02,2.53094826482680113e-01,2.64981795581993917e-01,-6.61500964034966582e-02
5608,1.06250000000000011e-01,8.81250000000000089e-01,-7.68171219867627708e-02,2.50160777627331909e-01,2.61689290750386994e-01,-1.29722980301951812e-01
5609,1.18750000000000008e-01,8.81250000000000089e-01,-7.11334668563791267e-02,2.38915823357847418e-01,2.49280445999612521e-01,-5.40565686516626676e-02
5610,1.31250000000000006e-01,8.81250000000000089e-01,-6.28005248403478156e-02,2.32117575022315309e-01,2.40463041972073799e-01,-1.19795896736184987e-01
5611,1.43750000000000017e-01,8.81250000000000089e-01,-5.26444838980372753e-02,2.19970989531355271e-01,2.26182841790208117e-01,-4.38620946824111804e-02
5612,1.56250000000000000e-01,8.81250000000000089e-01,-4.01239858333832314e-02,2.12038936412058093e-01,2.15801864667371113e-01,-1.09428619923441092e-01
5613,1.68750000000000011e-01,8.81250000000000089e-01,-2.71915003897350190e-02,2.00580503516998576e-01,2.02415207147530390e-01,-3.58760076801256864e-02
5614,1.81250000000000022e-01,8.81250000000000089e-01,-1.22691508916808363e-02,1.92714480159350637e-01,1.93104642426565137e-01,-9.99676191845727258e-02
5615,1.93750000000000006e-01,8.81250000000000089e-01,2.23660887370893263e-03,1.82413790708391449e-01,1.82427501928461411e-01,-3.01637027366424212e-02
5616,2.06250000000000017e-01,8.81250000000000089e-01,1.82916047350137785e-02,1.75089745640866656e-01,1.76042613683066423e-01,-9.21330982858604292e-02
5617,2.18750000000000000e-01,8.81250000000000089e-01,3.34609953026094725e-02,1.66110142071096117e-01,1.69446798451670322e-01,-2.63222276026452984e-02
5618,2.31250000000000011e-01,8.81250000000000089e-01,4.97914883193671734e-02,1.59505726706270834e-01,1.67096586324057605e-01,-8.61560146520412157e-02
5619,2.43750000000000022e-01,8.81250000000000089e-01,6.50862768470331643e-02,1.51712264486863035e-01,1.65084325814235100e-01,-2.42281829895068801e-02
5620,2.56250000000000033e-01,8.81250000000000089e-01,8.12527281793982703e-02,1.45789012676644431e-01,1.66902492653123596e-01,-8.19735745899203005e-02
5621,2.68749999999999989e-01,8.81250000000000089e-01,9.63558270078243018e-02,1.38977630520737722e-01,1.69113060357621248e-01,-2.36461197755447085e-02
5622,2.81250000000000000e-01,8.81250000000000089e-01,1.12091405551457635e-01,1.33645494076104349e-01,1.74429359012029245e-01,-7.94562575856363751e-02
5623,2.93750000000000011e-01,8.81250000000000089e-01,1.26801572728939160e-01,1.27621892549022509e-01,1.79905492701936953e-01,-2.43339317281339243e-02
5624,3.06250000000000022e-01,8.81250000000000089e-01,1.41945471512314431e-01,1.22776445848412935e-01,1.87676776767988912e-01,-7.84194447051077409e-02
5625,3.18750000000000033e-01,8.81250000000000089e-01,1.56132364464883155e-01,1.17367419789533689e-01,1.95326461242320504e-01,-2.60675062785929931e-02
5626,3.31250000000000044e-01,8.81250000000000089e-01,1.70583897469859608e-01,1.12904133589263433e-01,2.04563460709750955e-01,-7.86613156482764420e-02
5627,3.43750000000000000e-01,8.81250000000000089e-01,1.84158204679241239e-01,1.07958802028438522e-01,2.13469780732769981e-01,-2.86371460318826342e-02
5628,3.56250000000000011e-01,8.81250000000000089e-01,1.97848956999384706e-01,1.03778689990902853e-01,2.23414919559935171e-01,-7.99764363073801055e-02
5629,3.68750000000000022e-01,8.81250000000000089e-01,2.10743460626874352e-01,9.91656413841227186e-02,2.32909060854478933e-01,-3.18424420164371835e-02
5630,3.81250000000000033e-01,8.81250000000000089e-01,2.23619970870133244e-01,9.51764331530792901e-02,2.43031777345477623e-01,-8.21601276574106115e-02
5631,3.93750000000000044e-01,8.81250000000000089e-01,2.35777090060676098e-01,9.07797485544817873e-02,2.52649557579456507e-01,-3.54863668443954131e-02
5632,4.06250000000000000e-01,8.81250000000000089e-01,2.47789901888772174e-01,8.68953587536054339e-02,2.62584536580060479e-01,-8.50073343278033439e-02
5633,4.18750000000000011e-01,8.81250000000000089e-01,2.59153380617550555e-01,8.26108644939295422e-02,2.72001892673450762e-01,-3.93696706189557849e-02
5634,4.31250000000000022e-01,8.81250000000000089e-01,2.70249920458409287e-01,7.87502704540962162e-02,2.81490008000941039e-01,-8.83093305111976729e-02
5635,4.43750000000000033e-01,8.81250000000000089e-01,2.80759162427838938e-01,7.44822694254485690e-02,2.90470851800910923e-01,-4.32855346315194622e-02
5636,4.56250000000000044e-01,8.81250000000000089e-01,2.90878900582235256e-01,7.05682177014699125e-02,2.99316568458032339e-01,-9.18497063653544443e-02
5637,4.68750000000000000e-01,8.81250000000000089e-01,3.00464958174057939e-01,6.62267087054887738e-02,3.07677051527246725e-01,-4.70146871761926502e-02
5638,4.81250000000000011e-01,8.81250000000000089e-01,3.09535943473343733e-01,6.21843661157527386e-02,3.15720439140628029e-01,-9.54004388932510744e-02
5639,4.93750000000000022e-01,8.81250000000000089e-01,3.18118472895283555e-01,5.76825470083850017e-02,3.23305798009565271e-01,-5.03212204373961400e-02
5640,5.06249999999999978e-01,8.81250000000000089e-01,3.26054585352664295e-01,5.34380704257428410e-02,3.30404630718645453e-01,-9.87184129641280189e-02
5641,5.18750000000000044e-01,8.81250000000000089e-01,3.33539275112751055e-01,4.86899330175880607e-02,3.37074409618998871e-01,-5.29491295132321835e-02
5642,5.31250000000000000e-01,8.81250000000000089e-01,3.40237783077740885e-01,4.41688798223814974e-02,3.43092755648410408e-01,-1.01542486307387270e-01
5643,5.43750000000000067e-01,8.81250000000000089e-01,3.46513927460205817e-01,3.90866530209926163e-02,3.48711439973339921e-01,-5.46196118097239947e-02
5644,5.56250000000000022e-01,8.81250000000000089e-01,3.51853041750832318e-01,3.42120443381367587e-02,3.53512414162653665e-01,-1.03591205129491021e-01
5645,5.68749999999999978e-01,8.81250000000000089e-01,3.56790950424272169e-01,2.87031560334990339e-02,3.57943645663585996e-01,-5.50292458291500447e-02
5646,5.81250000000000044e-01,8.81250000000000089e-01,3.60627059131854277e-01,2.33928844690683181e-02,3.61384978688756631e-01,-1.04561268490055467e-01
5647,5.93750000000000000e-01,8.81250000000000089e-01,3.64074910072167468e-01,1.73559743024955422e-02,3.64488367424868176e-01,-5.38492549603074855e-02
5648,6.06250000000000067e-01,8.81250000000000089e-01,3.66239018960955898e-01,1.15189842523567721e-02,3.66420122274540794e-01,-1.04126883270118473e-01
5649,6.18750000000000022e-01,8.81250000000000089e-01,3.68018411886463115e-01,4.83806096887465231e-03,3.68050211684999573e-01,-5.07261832155609105e-02
5650,6.31250000000000089e-01,8.81250000000000089e-01,3.68310474074470651e-01,-1.63228436146311672e-03,3.68314091048927927e-01,-1.01940406072894563e-01
5651,6.43750000000000044e-01,8.81250000000000089e-01,3.68208290743142597e-01,-9.09847582571097178e-03,3.68320685862656427e-01,-4.52620505033753603e-02
5652,6.56250000000000000e-01,8.81250000000000089e-01,3.66384485453163378e-01,-1.63132391128881296e-02,3.66747478452318143e-01,-9.76587654439604880e-02
5653,6.68750000000000067e-01,8.81250000000000089e-01,3.64149463115666316e-01,-2.47067118735146800e-02,3.64986647836641975e-01,-3.71635388821338064e-02
5654,6.81250000000000022e-01,8.81250000000000089e-01,3.59935511246892492e-01,-3.28009619358286819e-02,3.61426998660140941e-01,-9.09650666464359298e-02
5655,6.93750000000000089e-01,8.81250000000000089e-01,3.55283719999507919e-01,-4.23287220732199779e-02,3.57796370033348188e-01,-2.60345538824014733e-02
5656,7.06250000000000044e-01,8.81250000000000089e-01,3.48366808292451979e-01,-5.15033675545249203e-02,3.52153418255916506e-01,-8.14755992745630903e-02
5657,7.18750000000000000e-01,8.81250000000000089e-01,3.40969688227101331e-01,-6.24674671352112715e-02,3.46644649086027823e-01,-1.14849192549385023e-02
5658,7.31250000000000067e-01,8.81250000000000089e-01,3.30987840192722094e-01,-7.30229752591570330e-02,3.38947348818577410e-01,-6.88035735311707808e-02
5659,7.43750000000000022e-01,8.81250000000000089e-01,3.20459723906148630e-01,-8.58708955376671079e-02,3.31765346813747197e-01,6.85633459430306895e-03
5660,7.56250000000000089e-01,8.81250000000000089e-01,3.06994719608930489e-01,-9.82615895566844311e-02,3.22336932184278502e-01,-5.25606748061509602e-02
5661,7.68750000000000044e-01,8.81250000000000089e-01,2.92885430263501001e-01,-1.13661349873865627e-01,3.14166799193971780e-01,2.93168328563180071e-02
5662,7.81250000000000000e-01,8.81250000000000089e-01,2.75470545674872114e-01,-1.28572327626240879e-01,3.03998133161441031e-01,-3.23617922461881466e-02
5663,7.93750000000000067e-01,8.81250000000000089e-01,2.57278704071659647e-01,-1.47510512081398593e-01,2.96566489582537063e-01,5.61345386979999542e-02
5664,8.06250000000000022e-01,8.81250000000000089e-01,2.35451552948593934e-01,-1.65943851735767617e-01,2.88053459820927948e-01,-7.83777202018842191e-03
5665,8.18750000000000089e-01,8.81250000000000089e-01,2.12702138441576233e-01,-1.89813538014457217e-01,2.85081354899237915e-01,8.73674351880215222e-02
5666,8.31250000000000044e-01,8.81250000000000089e-01,1.86175852492986155e-01,-2.13114419732126803e-01,2.82982691960570687e-01,2.13208953383455732e-02
5667,8.43750000000000000e-01,8.81250000000000089e-01,1.58662120420751535e-01,-2.43656531759795153e-01,2.90761369383247203e-01,1.22703207956388796e-01
5668,8.56250000000000067e-01,8.81250000000000089e-01,1.27768558962086803e-01,-2.73246137502786868e-01,3.01642596990942535e-01,5.52323997348633730e-02
5669,8.68750000000000022e-01,8.81250000000000089e-01,9.61632751772623640e-02,-3.11938557135032712e-01,3.26424629769727914e-01,1.61112245760857947e-01
5670,8.81250000000000089e-01,8.81250000000000089e-01,6.28306483348604616e-02,-3.48096049613901226e-01,3.53721006058422383e-01,9.34626103769688049e-02
5671,8.93750000000000044e-01,8.81250000000000089e-01,2.99465297653758039e-02,-3.93936902947769285e-01,3.95073509804275191e-01,2.00191254094513993e-01
5672,9.06250000000000000e-01,8.81250000000000089e-01,-5.33679508049175332e-04,-4.32202792479524533e-01,4.32203121970348880e-01,1.34366734307769187e-01
5673,9.18750000000000067e-01,8.81250000000000089e-01,-2.76747742960612268e-02,-4.75507471169970330e-01,4.76312133239116753e-01,2.35074298793201214e-01
5674,9.31250000000000022e-01,8.81250000000000089e-01,-4.42531101144551658e-02,-4.98092514328316527e-01,5.00054487615806065e-01,1.74722448592191854e-01
5675,9.43750000000000089e-01,8.81250000000000089e-01,-5.49982607305226703e-02,-5.11319082104135014e-01,5.14268424470332164e-01,2.56568042406693786e-01
5676,9.56250000000000044e-01,8.81250000000000089e-01,-4.75361719708709968e-02,-4.82077092956462283e-01,4.84415122801712061e-01,2.07536308445464390e-01
5677,9.68750000000000000e-01,8.81250000000000089e-01,-3.85447225716652950e-02,-4.19337832782807562e-01,4.21105584908474606e-01,2.54608561722196314e-01
5678,9.81250000000000067e-01,8.81250000000000089e-01,-1.24082487871080994e-02,-2.92059111353118572e-01,2.92322577236750702e-01,2.25523355925601771e-01
5679,9.93750000000000022e-01,8.81250000000000089e-01,-4.37848899068843302e-03,-1.12105438750068842e-01,1.12190911232537091e-01,2.22094380157261823e-01
5680,6.25000000000000035e-03,8.93750000000000044e-01,-5.21411648467108232e-03,5.17618173236262386e-02,5.20237709452147645e-02,-1.56328316006215690e-01
5681,1.87500000000000028e-02,8.93750000000000044e-01,-1.16216083921470183e-02,1.37919133519749409e-01,1.38407908634076565e-01,-1.39603501948967396e-01
5682,3.12500000000000000e-02,8.93750000000000044e-01,-3.92522267545405562e-02,2.01813659280463575e-01,2.05595453202061129e-01,-1.91129626420497939e-01
5683,4.37500000000000042e-02,8.93750000000000044e-01,-5.35873584582007359e-02,2.35011417781923387e-01,2.41043505356185517e-01,-1.12573950003260134e-01
5684,5.62500000000000014e-02,8.93750000000000044e-01,-7.20973943357775954e-02,2.58232363735172277e-01,2.68108164646776337e-01,-1.91678699049885576e-01
5685,6.87500000000000056e-02,8.93750000000000044e-01,-7.90191164742618385e-02,2.60347945823132310e-01,2.72075492580088119e-01,-8.27574869375870548e-02
5686,8.12500000000000028e-02,8.93750000000000044e-01,-8.34361187528328552e-02,2.62376022281089583e-01,2.75323015711697539e-01,-1.74437617587663379e-01
5687,9.37500000000000000e-02,8.93750000000000044e-01,-8.11365091148136541e-02,2.51682934402671143e-01,2.64437956014028919e-01,-5.76433064414460378e-02
5688,1.06250000000000011e-01,8.93750000000000044e-01,-7.47151120996237678e-02,2.45057896011871917e-01,2.56194692321727813e-01,-1.51881665330015181e-01
5689,1.18750000000000008e-01,8.93750000000000044e-01,-6.55308814636851450e-02,2.30823855605340356e-01,2.39945720407600871e-01,-3.88297314018554926e-02
5690,1.31250000000000006e-01,8.93750000000000044e-01,-5.24004400502527390e-02,2.21550871998806298e-01,2.27663336971264618e-01,-1.30386029970780998e-01
5691,1.43750000000000017e-01,8.93750000000000044e-01,-3.89495540667804674e-02,2.07578504208558723e-01,2.11201096520505033e-01,-2.56962002003406839e-02
5692,1.56250000000000000e-01,8.93750000000000044e-01,-2.21627632348920418e-02,1.98172226449586680e-01,1.99407671392532293e-01,-1.12173902907236986e-01
5693,1.68750000000000011e-01,8.93750000000000044e-01,-6.34650944499980541e-03,1.85683600348659245e-01,1.85792027871424237e-01,-1.70535586533276905e-02
5694,1.81250000000000022e-01,8.93750000000000044e-01,1.21005601805347536e-02,1.77019638885508090e-01,1.77432736854951423e-01,-9.79770076765080350e-02
5695,1.93750000000000006e-01,8.93750000000000044e-01,2.89444560426348058e-02,1.66323502810964557e-01,1.68823248170721307e-01,-1.16485737428373270e-02
5696,2.06250000000000017e-01,8.93750000000000044e-01,4.77374297575943254e-02,1.58718817819434338e-01,1.65742346218038183e-01,-8.72379437882657149e-02
5697,2.18750000000000000e-01,8.93750000000000044e-01,6.47937254670428869e-02,1.49688373006850950e-01,1.63109888950169618e-01,-8.88257387258383803e-03
5698,2.31250000000000011e-01,8.93750000000000044e-01,8.32995386784188829e-02,1.43066678968237743e-01,1.65550257550503982e-01,-7.96105317447911714e-02
5699,2.43750000000000022e-01,8.93750000000000044e-01,1.00130336526277827e-01,1.35412590954981454e-01,1.68412155386737955e-01,-8.08143055872412482e-03
5700,2.56250000000000033e-01,8.93750000000000044e-01,1.18023879581302601e-01,1.29636642563350640e-01,1.75314846052807949e-01,-7.46031249578762157e-02
5701,2.68749999999999989e-01,8.93750000000000044e-01,1.34374106131105953e-01,1.23076729720560579e-01,1.82220420911712450e-01,-8.83039617214425275e-03
5702,2.81250000000000000e-01,8.93750000000000044e-01,1.51485315551194072e-01,1.17992863122631853e-01,1.92015927921412227e-01,-7.17736591729342538e-02
5703,2.93750000000000011e-01,8.93750000000000044e-01,1.67208075810667239e-01,1.12287447615933927e-01,2.01412540593695288e-01,-1.08068754750807600e-02
5704,3.06250000000000022e-01,8.93750000000000044e-01,1.83451592408960251e-01,1.07752505318286174e-01,2.12755938012903822e-01,-7.07452635066320168e-02
5705,3.18750000000000033e-01,8.93750000000000044e-01,1.98461665959909023e-01,1.02703107814814024e-01,2.23461319271152203e-01,-1.37494456014528917e-02
5706,3.31250000000000044e-01,8.93750000000000044e-01,2.13795230631390526e-01,9.85904516699459277e-02,2.35432533438378916e-01,-7.11972705337796247e-02
5707,3.43750000000000000e-01,8.93750000000000044e-01,2.28040116310174346e-01,9.40330283496723096e-02,2.46666789550940790e-01,-1.74349830196431597e-02
5708,3.56250000000000011e-01,8.93750000000000044e-01,2.42440521490736444e-01,9.02321528648741406e-02,2.58687548736560302e-01,-7.28511405659132971e-02
5709,3.68750000000000022e-01,8.93750000000000044e-01,2.55882764629856374e-01,8.60295520912268546e-02,2.69957539379131972e-01,-2.16619035730134038e-02
5710,3.81250000000000033e-01,8.93750000000000044e-01,2.69331770407664262e-01,8.24434707968291353e-02,2.81667407464822550e-01,-7.54567464357414480e-02
5711,3.93750000000000044e-01,8.93750000000000044e-01,2.81937909405483578e-01,7.84787854416176961e-02,2.92656632462560351e-01,-2.62377892311614243e-02
5712,4.06250000000000000e-01,8.93750000000000044e-01,2.94413735680725042e-01,7.50211063662493544e-02,3.03821681513837871e-01,-7.87806245972526020e-02
5713,4.18750000000000011e-01,8.93750000000000044e-01,3.06147228555800899e-01,7.11922891139314951e-02,3.14315872303132959e-01,-3.09698027752499383e-02
5714,4.31250000000000022e-01,8.93750000000000044e-01,3.17619256870072753e-01,6.77846088165358351e-02,3.24771836105146372e-01,-8.25961901550614774e-02
5715,4.43750000000000033e-01,8.93750000000000044e-01,3.28435809508190624e-01,6.40002302621953817e-02,3.34613374569688260e-01,-3.56571573324406532e-02
5716,4.56250000000000044e-01,8.93750000000000044e-01,3.38861092976317446e-01,6.05699430095650651e-02,3.44231838052912242e-01,-8.66757792002033345e-02
5717,4.68750000000000000e-01,8.93750000000000044e-01,3.48705412639944423e-01,5.67458281281017843e-02,3.53292448000715076e-01,-4.00850354897095487e-02
5718,4.81250000000000011e-01,8.93750000000000044e-01,3.58026186715936057e-01,5.32242559467880072e-02,3.61960732394335183e-01,-9.07841952174640865e-02
5719,4.93750000000000022e-01,8.93750000000000044e-01,3.66829532261047531e-01,4.92806788824031658e-02,3.70124966801713418e-01,-4.40196035805260483e-02
5720,5.06249999999999978e-01,8.93750000000000044e-01,3.74971191577749496e-01,4.56013754674777297e-02,3.77733874517183321e-01,-9.46735108904525891e-02
5721,5.18750000000000044e-01,8.93750000000000044e-01,3.82649289612540633e-01,4.14605341829445834e-02,3.84888886220058457e-01,-4.72038877144022387e-02
5722,5.31250000000000000e-01,8.93750000000000044e-01,3.89518478906228094e-01,3.75576062721612522e-02,3.91324953457246771e-01,-9.80789502714367600e-02
5723,5.43750000000000067e-01,8.93750000000000044e-01,3.95969500415017495e-01,3.31410927433417671e-02,3.97353969763913795e-01,-4.93543974448386324e-02
5724,5.56250000000000022e-01,8.93750000000000044e-01,4.01452050356250034e-01,2.89473328564181058e-02,4.02494343829497059e-01,-1.00715733619488323e-01
5725,5.68749999999999978e-01,8.93750000000000044e-01,4.06554358519389925e-01,2.41732773827537280e-02,4.07272382774153008e-01,-5.01584796141243267e-02
5726,5.81250000000000044e-01,8.93750000000000044e-01,4.10512780171997382e-01,1.96178419335906393e-02,4.10981267707755726e-01,-1.02276786321024590e-01
5727,5.93750000000000000e-01,8.93750000000000044e-01,4.14122053729625295e-01,1.43973534630264244e-02,4.14372247106369329e-01,-4.92725153899464807e-02
5728,6.06250000000000067e-01,8.93750000000000044e-01,4.16392128241117765e-01,9.40261428877573434e-03,4.16498275646647709e-01,-1.02431273249627072e-01
5729,6.18750000000000022e-01,8.93750000000000044e-01,4.18337094128920617e-01,3.63511197306987457e-03,4.18352887361000736e-01,-4.63213070090483722e-02
5730,6.31250000000000089e-01,8.93750000000000044e-01,4.18722192933143111e-01,-1.88772654336108047e-03,4.18726448133196871e-01,-1.00824650980527855e-01
5731,6.43750000000000044e-01,8.93750000000000044e-01,4.18796236509419217e-01,-8.32003711788492639e-03,4.18878873580533273e-01,-4.08612335258707535e-02
5732,6.56250000000000000e-01,8.93750000000000044e-01,4.17049958261555387e-01,-1.44624259076516683e-02,4.17300646355956928e-01,-9.71139223005119401e-02
5733,6.68750000000000067e-01,8.93750000000000044e-01,4.15006300646170390e-01,-2.16864135333686703e-02,4.15572532908468184e-01,-3.25929786697455315e-02
5734,6.81250000000000022e-01,8.93750000000000044e-01,4.10851255814790428e-01,-2.85677611115249599e-02,4.11843260694545688e-01,-9.09941148231634411e-02
5735,6.93750000000000089e-01,8.93750000000000044e-01,4.06410111562681420e-01,-3.67696847767570653e-02,4.08070077926540986e-01,-2.10487527014750868e-02
5736,7.06250000000000044e-01,8.93750000000000044e-01,3.99523807507204953e-01,-4.45683503749196921e-02,4.02002003253958629e-01,-8.20561655011345925e-02
5737,7.18750000000000000e-01,8.93750000000000044e-01,3.92355627599855816e-01,-5.40218938760251982e-02,3.96057197292549235e-01,-5.73483034750452841e-03
5738,7.31250000000000067e-01,8.93750000000000044e-01,3.82353162568519089e-01,-6.30085418505705736e-02,3.87510022157212697e-01,-6.98722792926298325e-02
5739,7.43750000000000022e-01,8.93750000000000044e-01,3.72059261385942974e-01,-7.41252450765926135e-02,3.79371382606435326e-01,1.38733950802568951e-02
5740,7.56250000000000089e-01,8.93750000000000044e-01,3.58475098685336058e-01,-8.47186360467404309e-02,3.68349892997244521e-01,-5.39820155929594536e-02
5741,7.68750000000000044e-01,8.93750000000000044e-01,3.44567258030987922e-01,-9.81271279102095273e-02,3.58267398096589362e-01,3.83353544499205889e-02
5742,7.81250000000000000e-01,8.93750000000000044e-01,3.26842779642563308e-01,-1.10979361008328239e-01,3.45170423377053059e-01,-3.38697202542420361e-02
5743,7.93750000000000067e-01,8.93750000000000044e-01,3.08731772134959781e-01,-1.27640043874120812e-01,3.34076769509315363e-01,6.82410421384972293e-02
5744,8.06250000000000022e-01,8.93750000000000044e-01,2.86232142952716706e-01,-1.43750774758841515e-01,3.20301615517423865e-01,-8.93198319835360188e-03
5745,8.18750000000000089e-01,8.93750000000000044e-01,2.63259277654405432e-01,-1.65093808703869305e-01,3.10743323248415304e-01,1.04177900241718219e-01
5746,8.31250000000000044e-01,8.93750000000000044e-01,2.35385696613853418e-01,-1.85914107926006100e-01,2.99950798792588125e-01,2.15579348533973883e-02
5747,8.43750000000000000e-01,8.93750000000000044e-01,2.06990538013880343e-01,-2.13911228208894938e-01,2.97662722525198931e-01,1.46617281638128483e-01
5748,8.56250000000000067e-01,8.93750000000000044e-01,1.73551907675918105e-01,-2.41259245652490656e-01,2.97197389407712065e-01,5.84535414718554344e-02
5749,8.68750000000000022e-01,8.93750000000000044e-01,1.39792467034489526e-01,-2.78090120020568543e-01,3.11249174605561119e-01,1.95576228917888700e-01
5750,8.81250000000000089e-01,8.93750000000000044e-01,1.01972758744873077e-01,-3.13298979955572932e-01,3.29476394248878757e-01,1.02586580509905378e-01
5751,8.93750000000000044e-01,8.93750000000000044e-01,6.48083659009591750e-02,-3.59592514412335640e-01,3.65385961295912998e-01,2.49799657168767647e-01
5752,9.06250000000000000e-01,8.93750000000000044e-01,2.72359263898838237e-02,-4.00319525263505060e-01,4.01244960084875368e-01,1.54155538424250116e-01
5753,9.18750000000000067e-01,8.93750000000000044e-01,-7.10298486212811164e-03,-4.49541634200191831e-01,4.49597746072342652e-01,3.04986374197282972e-01
5754,9.31250000000000022e-01,8.93750000000000044e-01,-3.29434357344675632e-02,-4.80716461480092339e-01,4.81843943923685847e-01,2.11340550272193090e-01
5755,9.43750000000000089e-01,8.93750000000000044e-01,-5.14940182340838798e-02,-5.05741793813298646e-01,5.08356563765419711e-01,3.50565048892946929e-01
5756,9.56250000000000044e-01,8.93750000000000044e-01,-4.97679745025861944e-02,-4.87758690992864397e-01,4.90291129763901268e-01,2.67967412868058474e-01
5757,9.68750000000000000e-01,8.93750000000000044e-01,-4.44390078075982062e-02,-4.34832467466461536e-01,4.37097357779585638e-01,3.66862880399183022e-01
5758,9.81250000000000067e-01,8.93750000000000044e-01,-1.49249883948273914e-02,-3.08198920808682941e-01,3.08560091499569256e-01,3.11166616357087644e-01
5759,9.93750000000000022e-01,8.93750000000000044e-01,-6.80099920294437426e-03,-1.19379870285414622e-01,1.19573437767427557e-01,3.31064985470728712e-01
5760,6.25000000000000035e-03,9.06250000000000000e-01,-5.82964833174202165e-03,6.36837138695243860e-02,6.39499821101400800e-02,-1.19554599507684670e-01
5761,1.87500000000000028e-02,9.06250000000000000e-01,-1.47498020742222943e-02,1.58445299348657753e-01,1.59130353945796582e-01,-1.22651694399548788e-01
5762,3.12500000000000000e-02,9.06250000000000000e-01,-4.58400811539692032e-02,2.26865183233232903e-01,2.31450047318316227e-01,-1.62663045945387025e-01
5763,4.37500000000000042e-02,9.06250000000000000e-01,-6.10778666781384219e-02,2.52275243058565912e-01,2.59563680160015742e-01,-1.08433072110175860e-01
5764,5.62500000000000014e-02,9.06250000000000000e-01,-7.82372299446025682e-02,2.71497192449237479e-01,2.82545199317247142e-01,-1.73785213357898011e-01
5765,6.87500000000000056e-02,9.06250000000000000e-01,-8.22238422718067630e-02,2.64199302298886718e-01,2.76698448808730180e-01,-8.86492865554430187e-02
5766,8.12500000000000028e-02,9.06250000000000000e-01,-8.22860944011977041e-02,2.61626991459805058e-01,2.74262071734521329e-01,-1.65881019577911737e-01
5767,9.37500000000000000e-02,9.06250000000000000e-01,-7.52872595650817822e-02,2.44372603168951846e-01,2.55707138407182566e-01,-6.93985711792832055e-02
5768,1.06250000000000011e-01,9.06250000000000000e-01,-6.37718357160424743e-02,2.34556513037236014e-01,2.43071192943098396e-01,-1.50004232852605918e-01
5769,1.18750000000000008e-01,9.06250000000000000e-01,-4.97627466192256188e-02,2.16599644251787099e-01,2.22242518076739698e-01,-5.32229433331461790e-02
5770,1.31250000000000006e-01,9.06250000000000000e-01,-3.19313880391925431e-02,2.05537899157892556e-01,2.08003465193129650e-01,-1.32511559042432475e-01
5771,1.43750000000000017e-01,9.06250000000000000e-01,-1.41896343076430877e-02,1.89731515868672568e-01,1.90261382933082340e-01,-4.05600138142784630e-02
5772,1.56250000000000000e-01,9.06250000000000000e-01,6.49380615425179750e-03,1.79437829343047972e-01,1.79555295432114181e-01,-1.16816455468222904e-01
5773,1.68750000000000011e-01,9.06250000000000000e-01,2.57729666811071824e-02,1.66315099809235922e-01,1.68300202721510611e-01,-3.11569910261689266e-02
5774,1.81250000000000022e-01,9.06250000000000000e-01,4.71494114775289838e-02,1.57425720499870192e-01,1.64334793873910312e-01,-1.03604842399910899e-01
5775,1.93750000000000006e-01,9.06250000000000000e-01,6.66684405790588241e-02,1.46774586657338696e-01,1.61206266186138453e-01,-2.47009230254991267e-02
5776,2.06250000000000017e-01,9.06250000000000000e-01,8.76927169500023446e-02,1.39242920000878567e-01,1.64555775882964078e-01,-9.33343565706841183e-02
5777,2.18750000000000000e-01,9.06250000000000000e-01,1.06827880712056109e-01,1.30545468169353612e-01,1.68684069659778502e-01,-2.06199109635882213e-02
5778,2.31250000000000011e-01,9.06250000000000000e-01,1.27032884532302159e-01,1.24171779042188443e-01,1.77640041834883855e-01,-8.57825633475746835e-02
5779,2.43750000000000022e-01,9.06250000000000000e-01,1.45459527857914162e-01,1.16985144805545282e-01,1.86665471766531310e-01,-1.85436104026535167e-02
5780,2.56250000000000033e-01,9.06250000000000000e-01,1.64639855260260343e-01,1.11548108810887225e-01,1.98869963844229142e-01,-8.06169380526449569e-02
5781,2.68749999999999989e-01,9.06250000000000000e-01,1.82205773551547739e-01,1.05513219254297713e-01,2.10551616837590189e-01,-1.81220567635389934e-02
5782,2.81250000000000000e-01,9.06250000000000000e-01,2.00285204237663661e-01,1.00814574594193976e-01,2.24226986527337857e-01,-7.74996957904870720e-02
5783,2.93750000000000011e-01,9.06250000000000000e-01,2.16926913285050094e-01,9.56524617934884080e-02,2.37079478560533380e-01,-1.90449300862010860e-02
5784,3.06250000000000022e-01,9.06250000000000000e-01,2.33892309283771166e-01,9.15260718417666708e-02,2.51162565221968337e-01,-7.61128669759551929e-02
5785,3.18750000000000033e-01,9.06250000000000000e-01,2.49589906152790919e-01,8.70204676159738316e-02,2.64324957273167294e-01,-2.10424755057350525e-02
5786,3.31250000000000044e-01,9.06250000000000000e-01,2.65454553841073138e-01,8.33290462340963434e-02,2.78226257030581792e-01,-7.61665422410778697e-02
5787,3.43750000000000000e-01,9.06250000000000000e-01,2.80206341984196583e-01,7.93100562850115598e-02,2.91214146490338333e-01,-2.38757087570973872e-02
5788,3.56250000000000011e-01,9.06250000000000000e-01,2.94989960632624559e-01,7.59395319132818852e-02,3.04607763166413303e-01,-7.73964949148241849e-02
5789,3.68750000000000022e-01,9.06250000000000000e-01,3.08798110122563363e-01,7.22708162784919395e-02,3.17142465937354900e-01,-2.73252960518374256e-02
5790,3.81250000000000033e-01,9.06250000000000000e-01,3.22515906694333776e-01,6.91248858129266536e-02,3.29840506774893183e-01,-7.95577771630559122e-02
5791,3.93750000000000044e-01,9.06250000000000000e-01,3.35378135322458026e-01,6.56941058597347305e-02,3.41751677679977162e-01,-3.11814947045027033e-02
5792,4.06250000000000000e-01,9.06250000000000000e-01,3.48034722204256408e-01,6.26897237940265972e-02,3.53635644879253197e-01,-8.24170630449855557e-02
5793,4.18750000000000011e-01,9.06250000000000000e-01,3.59939324921142778e-01,5.94015851024796357e-02,3.64807985024142689e-01,-3.52356518270516769e-02
5794,4.31250000000000022e-01,9.06250000000000000e-01,3.71525233226597196e-01,5.64654396865705843e-02,3.75791624178979267e-01,-8.57451853051825891e-02
5795,4.43750000000000033e-01,9.06250000000000000e-01,3.82447993151607768e-01,5.32366151090984327e-02,3.86135474482682706e-01,-3.92730601521018505e-02
5796,4.56250000000000044e-01,9.06250000000000000e-01,3.92937538465228164e-01,5.03024097261350472e-02,3.96144218131943227e-01,-8.93104420248333614e-02
5797,4.68750000000000000e-01,9.06250000000000000e-01,4.02839671617930661e-01,4.70577577784967657e-02,4.05578887020000001e-01,-4.30669476252639113e-02
5798,4.81250000000000011e-01,9.06250000000000000e-01,4.12189476213307537e-01,4.40640654017939032e-02,4.14538063584919070e-01,-9.28728668771542087e-02
5799,4.93750000000000022e-01,9.06250000000000000e-01,4.21016087340647105e-01,4.07336672076512168e-02,4.22982006052043613e-01,-4.63734438770842389e-02
5800,5.06249999999999978e-01,9.06250000000000000e-01,4.29163827359355932e-01,3.76221343795197574e-02,4.30809721001049029e-01,-9.61794660252467959e-02
5801,5.18750000000000044e-01,9.06250000000000000e-01,4.36842530888556679e-01,3.41387743524849060e-02,4.38174454649525924e-01,-4.89273733816488615e-02
5802,5.31250000000000000e-01,9.06250000000000000e-01,4.43705628071735136e-01,3.08524713111317413e-02,4.44776977111604965e-01,-9.89603393256471148e-02
5803,5.43750000000000067e-01,9.06250000000000000e-01,4.50145085626234176e-01,2.71492352458271753e-02,4.50963057342708473e-01,-5.04387770199753796e-02
5804,5.56250000000000022e-01,9.06250000000000000e-01,4.55619122706979574e-01,2.36309481201995956e-02,4.56231527500387979e-01,-1.00925612376846982e-01
5805,5.68749999999999978e-01,9.06250000000000000e-01,4.60707248589219798e-01,1.96386262871742698e-02,4.61125627725348264e-01,-5.05901473153235054e-02
5806,5.81250000000000044e-01,9.06250000000000000e-01,4.64663849755583669e-01,1.58288894632020657e-02,4.64933379110725797e-01,-1.01763111197655742e-01
5807,5.93750000000000000e-01,9.06250000000000000e-01,4.68265283197651261e-01,1.14728939719339635e-02,4.68405809895936054e-01,-4.90345046950532160e-02
5808,6.06250000000000067e-01,9.06250000000000000e-01,4.70548999844138005e-01,7.30756122800130768e-03,4.70605739133533707e-01,-1.01136681989091592e-01
5809,6.18750000000000022e-01,9.06250000000000000e-01,4.72500971863263397e-01,2.50435353614674979e-03,4.72507608614255503e-01,-4.53947706375579796e-02
5810,6.31250000000000089e-01,9.06250000000000000e-01,4.72924307534266231e-01,-2.08791654780422862e-03,4.72928916489863016e-01,-9.86849733152522085e-02
5811,6.43750000000000044e-01,9.06250000000000000e-01,4.73028654602875243e-01,-7.42976528167944676e-03,4.73086999913913397e-01,-3.92180926652205900e-02
5812,6.56250000000000000e-01,9.06250000000000000e-01,4.71352449113431271e-01,-1.25199295344132436e-02,4.71518695197524984e-01,-9.40560865832970744e-02
5813,6.68750000000000067e-01,9.06250000000000000e-01,4.69370835466258185e-01,-1.85113890169559224e-02,4.69735726456515457e-01,-3.02294105252939628e-02
5814,6.81250000000000022e-01,9.06250000000000000e-01,4.65326906272907515e-01,-2.42015570834792117e-02,4.65955840253966747e-01,-8.69517290310310026e-02
5815,6.93750000000000089e-01,9.06250000000000000e-01,4.60987602787195416e-01,-3.10044888504633180e-02,4.62029055636508201e-01,-1.79656914525124917e-02
5816,7.06250000000000044e-01,9.06250000000000000e-01,4.54259483814822673e-01,-3.74458449035816598e-02,4.55800252233642622e-01,-7.69540261202421305e-02
5817,7.18750000000000000e-01,9.06250000000000000e-01,4.47236346080611580e-01,-4.52998540267355865e-02,4.49524666765217851e-01,-1.94323607009565680e-03
5818,7.31250000000000067e-01,9.06250000000000000e-01,4.37437510157968945e-01,-5.27237654566829472e-02,4.40603416619906041e-01,-6.36267551828128136e-02
5819,7.43750000000000022e-01,9.06250000000000000e-01,4.27325109787366930e-01,-6.19956626788488938e-02,4.31798809222275204e-01,1.83455430619416902e-02
5820,7.56250000000000089e-01,9.06250000000000000e-01,4.13972387905626793e-01,-7.07669544913139548e-02,4.19977499154731426e-01,-4.65027069141497398e-02
5821,7.68750000000000044e-01,9.06250000000000000e-01,4.00254510061113900e-01,-8.20316448323668707e-02,4.08574183690264381e-01,4.34312941229377386e-02
5822,7.81250000000000000e-01,9.06250000000000000e-01,3.82738144169710470e-01,-9.27344372969012565e-02,3.93812344731912845e-01,-2.50662754841705360e-02
5823,7.93750000000000067e-01,9.06250000000000000e-01,3.64753192785081948e-01,-1.06902257621831573e-01,3.80096019883865155e-01,7.38551146333023961e-02
5824,8.06250000000000022e-01,9.06250000000000000e-01,3.42318026384931251e-01,-1.20469193983474207e-01,3.62897310388355487e-01,1.26895664573482315e-03
5825,8.18750000000000089e-01,9.06250000000000000e-01,3.19244410092717201e-01,-1.38969228997051664e-01,3.48180183214786054e-01,1.10122854886582994e-01
5826,8.31250000000000044e-01,9.06250000000000000e-01,2.91033668475395302e-01,-1.56843770188287462e-01,3.30606358730624883e-01,3.31760952717811627e-02
5827,8.43750000000000000e-01,9.06250000000000000e-01,2.61972472034636306e-01,-1.81824623915205846e-01,3.18888334634311044e-01,1.52570885498337111e-01
5828,8.56250000000000067e-01,9.06250000000000000e-01,2.27281391696426194e-01,-2.06046420237345429e-01,3.06776723862957124e-01,7.13793497795428972e-02
5829,8.68750000000000022e-01,9.06250000000000000e-01,1.91650151883243608e-01,-2.40361023952746417e-01,3.07413731886659658e-01,2.01017917156452647e-01
5830,8.81250000000000089e-01,9.06250000000000000e-01,1.50755339751705686e-01,-2.73110573518105637e-01,3.11956019065253498e-01,1.16432465296134643e-01
5831,8.93750000000000044e-01,9.06250000000000000e-01,1.09482247634775876e-01,-3.19201414813748252e-01,3.37455042585321219e-01,2.53910509410347929e-01
5832,9.06250000000000000e-01,9.06250000000000000e-01,6.57793593282134242e-02,-3.60290343177858186e-01,3.66245894858698795e-01,1.68003372611500945e-01
5833,9.18750000000000067e-01,9.06250000000000000e-01,2.40734590055675587e-02,-4.15329175450571575e-01,4.16026267691049056e-01,3.06476429652535853e-01
5834,9.31250000000000022e-01,9.06250000000000000e-01,-1.18038025006253471e-02,-4.53700664824224664e-01,4.53854186953714489e-01,2.23116201779334333e-01
5835,9.43750000000000089e-01,9.06250000000000000e-01,-4.01041523970657454e-02,-4.94495329108231074e-01,4.96118910695152626e-01,3.47522350453257856e-01
5836,9.56250000000000044e-01,9.06250000000000000e-01,-4.72610168517033219e-02,-4.89131563279302628e-01,4.91409493101131911e-01,2.73984178639525178e-01
5837,9.68750000000000000e-01,9.06250000000000000e-01,-4.71226881876367562e-02,-4.54181338682307256e-01,4.56619355863592258e-01,3.56689544150671611e-01
5838,9.81250000000000067e-01,9.06250000000000000e-01,-1.75065296058732368e-02,-3.29696859975129486e-01,3.30161321260231011e-01,3.06836022587292145e-01
5839,9.93750000000000022e-01,9.06250000000000000e-01,-8.04033532318978485e-03,-1.33831634966856849e-01,1.34072941006048468e-01,3.13491422046442036e-01
5840,6.25000000000000035e-03,9.18750000000000067e-01,-1.13174498658325760e-02,7.23415194169147041e-02,7.32214456495737381e-02,-2.30536174591041088e-01
5841,1.87500000000000028e-02,9.18750000000000067e-01,-2.20527805863108411e-02,1.77929397094721387e-01,1.79290812598077692e-01,-1.85355221002633325e-01
5842,3.12500000000000000e-02,9.18750000000000067e-01,-6.01405435577640896e-02,2.48142234900953607e-01,2.55326171241929967e-01,-2.74006772814138433e-01
5843,4.37500000000000042e-02,9.18750000000000067e-01,-7.43853706136204246e-02,2.67408159368781428e-01,2.77561357285781518e-01,-1.31618917388739431e-01
5844,5.62500000000000014e-02,9.18750000000000067e-01,-8.68178788026774950e-02,2.79379079359519111e-01,2.92557710654784919e-01,-2.50920968743031880e-01
5845,6.87500000000000056e-02,9.18750000000000067e-01,-8.54570997949074262e-02,2.64396172761204584e-01,2.77863729328117814e-01,-8.34871291581620739e-02
5846,8.12500000000000028e-02,9.18750000000000067e-01,-7.64780524935557565e-02,2.55440411154611080e-01,2.66643387624827144e-01,-2.08955385832525931e-01
5847,9.37500000000000000e-02,9.18750000000000067e-01,-6.32190093898437611e-02,2.33167806167796088e-01,2.41586152296310391e-01,-4.97118557691773461e-02
5848,1.06250000000000011e-01,9.18750000000000067e-01,-4.29261463020277137e-02,2.19534587887664334e-01,2.23691951834100872e-01,-1.69141918633663679e-01
5849,1.18750000000000008e-01,9.18750000000000067e-01,-2.33850513639370580e-02,1.98982306582966728e-01,2.00351738101698901e-01,-2.77659598395015861e-02
5850,1.31250000000000006e-01,9.18750000000000067e-01,1.49403127195383016e-03,1.85979198616904456e-01,1.85985199539177248e-01,-1.37540688374529763e-01
5851,1.43750000000000017e-01,9.18750000000000067e-01,2.34868729942265195e-02,1.69151976789605668e-01,1.70774776986761773e-01,-1.42363862965175381e-02
5852,1.56250000000000000e-01,9.18750000000000067e-01,4.91947178056913181e-02,1.58211293409636050e-01,1.65683232773662259e-01,-1.13613510865203327e-01
5853,1.68750000000000011e-01,9.18750000000000067e-01,7.15074219547625345e-02,1.45026443444482567e-01,1.61697188264892711e-01,-6.11133915519858177e-03
5854,1.81250000000000022e-01,9.18750000000000067e-01,9.63912435743894541e-02,1.36126045948631563e-01,1.66797998259650054e-01,-9.63236997649125209e-02
5855,1.93750000000000006e-01,9.18750000000000067e-01,1.18076757163780105e-01,1.25778438728193359e-01,1.72517640347925549e-01,-1.63998352696515990e-03
5856,2.06250000000000017e-01,9.18750000000000067e-01,1.41556855998433845e-01,1.18561464332832364e-01,1.84648759283421171e-01,-8.40664287431794055e-02
5857,2.18750000000000000e-01,9.18750000000000067e-01,1.62200502965701931e-01,1.10346246901017783e-01,1.96176699348997757e-01,2.01662534925232739e-04
5858,2.31250000000000011e-01,9.18750000000000067e-01,1.84100081282676714e-01,1.04437316072429537e-01,2.11660088152444831e-01,-7.57145510761841611e-02
5859,2.43750000000000022e-01,9.18750000000000067e-01,2.03552319788032954e-01,9.78034713045505683e-02,2.25829727649638018e-01,1.20513559059995431e-04
5860,2.56250000000000033e-01,9.18750000000000067e-01,2.23878065081687200e-01,9.28928686808770387e-02,2.42384968751122920e-01,-7.04177275581828327e-02
5861,2.68749999999999989e-01,9.18750000000000067e-01,2.42113722287596062e-01,8.74290525640093186e-02,2.57415799344553609e-01,-1.41743337739924798e-03
5862,2.81250000000000000e-01,9.18750000000000067e-01,2.60941703262271230e-01,8.32743711058383934e-02,2.73907271507143668e-01,-6.75383528846391773e-02
5863,2.93750000000000011e-01,9.18750000000000067e-01,2.77989821498834722e-01,7.86778478524450403e-02,2.88909232458304244e-01,-4.08034480344636897e-03
5864,3.06250000000000022e-01,9.18750000000000067e-01,2.95414971527363068e-01,7.50923228381657065e-02,3.04809550952302055e-01,-6.65898822269561652e-02
5865,3.18750000000000033e-01,9.18750000000000067e-01,3.11323595245063589e-01,7.11382162552475772e-02,3.19347814722898249e-01,-7.61237783851484353e-03
5866,3.31250000000000044e-01,9.18750000000000067e-01,3.27436550877568622e-01,6.79769741327932858e-02,3.34418246904754024e-01,-6.71888611176893469e-02
5867,3.43750000000000000e-01,9.18750000000000067e-01,3.42254557414053251e-01,6.44948379953822620e-02,3.48278288440063533e-01,-1.17998930498432134e-02
5868,3.56250000000000011e-01,9.18750000000000067e-01,3.57131258618732850e-01,6.16434747100997812e-02,3.62412270566181194e-01,-6.90200098691413633e-02
5869,3.68750000000000022e-01,9.18750000000000067e-01,3.70899041476290159e-01,5.85007030087028243e-02,3.75484262280782244e-01,-1.64505029577789903e-02
5870,3.81250000000000033e-01,9.18750000000000067e-01,3.84596341805403197e-01,5.58666497063877651e-02,3.88632768406775964e-01,-7.18112082538510943e-02
5871,3.93750000000000044e-01,9.18750000000000067e-01,3.97341049258492229e-01,5.29569658117923572e-02,4.00854524302559023e-01,-2.13791865120469132e-02
5872,4.06250000000000000e-01,9.18750000000000067e-01,4.09895071053289095e-01,5.04632162280258395e-02,4.12989715932318813e-01,-7.53154431160996257e-02
5873,4.18750000000000011e-01,9.18750000000000067e-01,4.21628175068572419e-01,4.76986923402067733e-02,4.24317667865268644e-01,-2.63983959425635184e-02
5874,4.31250000000000022e-01,9.18750000000000067e-01,4.33053850676005270e-01,4.52793155713294149e-02,4.35414577160576799e-01,-7.92975164611811612e-02
5875,4.43750000000000033e-01,9.18750000000000067e-01,4.43769881813303846e-01,4.25847780453720431e-02,4.45808446898179889e-01,-3.13105732259589126e-02
5876,4.56250000000000044e-01,9.18750000000000067e-01,4.54060914100224533e-01,4.01816943572582269e-02,4.55835367512166190e-01,-8.35240632727673182e-02
5877,4.68750000000000000e-01,9.18750000000000067e-01,4.63736733294441594e-01,3.74907033250253263e-02,4.65249729330824147e-01,-3.59021896680339347e-02
5878,4.81250000000000011e-01,9.18750000000000067e-01,4.72865590248910006e-01,3.50513035005384915e-02,4.74162904831806675e-01,-8.77559155294017762e-02
5879,4.93750000000000022e-01,9.18750000000000067e-01,4.81459837765354726e-01,3.23031222911457153e-02,4.82542295649612873e-01,-3.99388041390182982e-02
5880,5.06249999999999978e-01,9.18750000000000067e-01,4.89377560753398055e-01,2.97784068361709141e-02,4.90282725050196266e-01,-9.17421910955249359e-02
5881,5.18750000000000044e-01,9.18750000000000067e-01,4.96830055049944874e-01,2.69155316357402516e-02,4.97558588956281411e-01,-4.31608297888933581e-02
5882,5.31250000000000000e-01,9.18750000000000067e-01,5.03465732037114200e-01,2.42585160382804560e-02,5.04049817910935061e-01,-9.52157086744763737e-02
5883,5.43750000000000067e-01,9.18750000000000067e-01,5.09696649437127558e-01,2.12244219652155432e-02,5.10138364108397191e-01,-4.52798104073647498e-02
5884,5.56250000000000022e-01,9.18750000000000067e-01,5.14956413645177302e-01,1.83886019333359269e-02,5.15284628759063223e-01,-9.78894608279212985e-02
5885,5.68749999999999978e-01,9.18750000000000067e-01,5.19865055056321523e-01,1.51254218058519720e-02,5.20085044827783061e-01,-4.59750816060393100e-02
5886,5.81250000000000044e-01,9.18750000000000067e-01,5.23630398152498455e-01,1.20631850866093418e-02,5.23769333107407031e-01,-9.94538734039846217e-02
5887,5.93750000000000000e-01,9.18750000000000067e-01,5.27093119362045837e-01,8.50914398446121593e-03,5.27161798701461515e-01,-4.48908231080188749e-02
5888,6.06250000000000067e-01,9.18750000000000067e-01,5.29218072193578859e-01,5.17022771658465653e-03,5.29243327015966658e-01,-9.95740339442965777e-02
5889,6.18750000000000022e-01,9.18750000000000067e-01,5.31084161787351294e-01,1.25683540002434349e-03,5.31085648965019863e-01,-4.16340109747168896e-02
5890,6.31250000000000089e-01,9.18750000000000067e-01,5.31391552943796586e-01,-2.41220551402680393e-03,5.31397027913651065e-01,-9.78823389650858439e-02
5891,6.43750000000000044e-01,9.18750000000000067e-01,5.31478350671089061e-01,-6.75103365559359247e-03,5.31521225999000091e-01,-3.57342364142163998e-02
5892,6.56250000000000000e-01,9.18750000000000067e-01,5.29737902349315504e-01,-1.08015249252249191e-02,5.29848014175917426e-01,-9.40674016332504886e-02
5893,6.68750000000000067e-01,9.18750000000000067e-01,5.27824312581933963e-01,-1.56635907475036334e-02,5.28056675961677824e-01,-2.69008421018291297e-02
5894,6.81250000000000022e-01,9.18750000000000067e-01,5.23778921959680566e-01,-2.01815876535689012e-02,5.24167583478284071e-01,-8.78314946315510436e-02
5895,6.93750000000000089e-01,9.18750000000000067e-01,5.19612424212235524e-01,-2.57048296952424905e-02,5.20247834849293378e-01,-1.46128928061114976e-02
5896,7.06250000000000044e-01,9.18750000000000067e-01,5.12951567363665761e-01,-3.08143111925382046e-02,5.13876281059081341e-01,-7.87538496824334439e-02
5897,7.18750000000000000e-01,9.18750000000000067e-01,5.06223654624874397e-01,-3.72023186063022912e-02,5.07588810959667458e-01,1.70254249881563510e-03
5898,7.31250000000000067e-01,9.18750000000000067e-01,4.96557422038511220e-01,-4.30946970827306361e-02,4.98423942340438186e-01,-6.63877902990135799e-02
5899,7.43750000000000022e-01,9.18750000000000067e-01,4.86875336967911632e-01,-5.06623374932523088e-02,4.89504102319784140e-01,2.26951347818042035e-02
5900,7.56250000000000089e-01,9.18750000000000067e-01,4.73698874728030128e-01,-5.76456158669370333e-02,4.77193504720339279e-01,-5.02357721762329290e-02
5901,7.68750000000000044e-01,9.18750000000000067e-01,4.60545344196944539e-01,-6.68949021152427936e-02,4.65378278382747534e-01,4.91266857604563470e-02
5902,7.81250000000000000e-01,9.18750000000000067e-01,4.43189608149316905e-01,-7.54758235150998075e-02,4.49570493590079334e-01,-2.97085545117370467e-02
5903,7.93750000000000067e-01,9.18750000000000067e-01,4.25867337460091422e-01,-8.72217361335245189e-02,4.34707511287179826e-01,8.19216198031769566e-02
5904,8.06250000000000022e-01,9.18750000000000067e-01,4.03440137135814392e-01,-9.82399823730601973e-02,4.15228898788155054e-01,-4.05418250630993054e-03
5905,8.18750000000000089e-01,9.18750000000000067e-01,3.81010082649523074e-01,-1.13811043740947929e-01,3.97645114087926854e-01,1.22230883063736154e-01
5906,8.31250000000000044e-01,9.18750000000000067e-01,3.52359580510381132e-01,-1.28640378917242115e-01,3.75107479351483197e-01,2.77608136483619219e-02
5907,8.43750000000000000e-01,9.18750000000000067e-01,3.23624739569817355e-01,-1.50160320205142611e-01,3.56764759786813990e-01,1.71482733193733916e-01
5908,8.56250000000000067e-01,9.18750000000000067e-01,2.87446653658725682e-01,-1.70935359244101220e-01,3.34431571086686363e-01,6.72291019026570458e-02
5909,8.68750000000000022e-01,9.18750000000000067e-01,2.51162676060851076e-01,-2.01565207997265350e-01,3.22042268842195389e-01,2.31307430166904748e-01
5910,8.81250000000000089e-01,9.18750000000000067e-01,2.06617432964681241e-01,-2.31129737491253207e-01,3.10018901291018334e-01,1.16490501650420922e-01
5911,8.93750000000000044e-01,9.18750000000000067e-01,1.62447459788629400e-01,-2.74617443240725012e-01,3.19067261441613903e-01,3.02980692414368868e-01
5912,9.06250000000000000e-01,9.18750000000000067e-01,1.11217432798865340e-01,-3.14909626541689136e-01,3.33972139926366096e-01,1.78240570055720221e-01
5913,9.18750000000000067e-01,9.18750000000000067e-01,6.25782377406644830e-02,-3.71959152223553968e-01,3.77186488042178025e-01,3.85396346586173055e-01
5914,9.31250000000000022e-01,9.18750000000000067e-01,1.40135472889809463e-02,-4.16537967290713074e-01,4.16773628847003308e-01,2.54392207429084416e-01
5915,9.43750000000000089e-01,9.18750000000000067e-01,-2.61117239677188979e-02,-4.70285030689009176e-01,4.71009375935053598e-01,4.68986934063549188e-01
5916,9.56250000000000044e-01,9.18750000000000067e-01,-4.66800959505449184e-02,-4.80739498429528178e-01,4.83000514190436880e-01,3.42367652598191630e-01
5917,9.68750000000000000e-01,9.18750000000000067e-01,-5.52697546663418193e-02,-4.64587181385495318e-01,4.67863222415052349e-01,5.22911321983273170e-01
5918,9.81250000000000067e-01,9.18750000000000067e-01,-2.42393777932382835e-02,-3.47280836572144314e-01,3.48125734305942625e-01,4.24737985432791010e-01
5919,9.93750000000000022e-01,9.18750000000000067e-01,-1.42448594254227651e-02,-1.44926732342968045e-01,1.45625113794497552e-01,4.86511979158213037e-01
5920,6.25000000000000035e-03,9.31250000000000022e-01,-1.40885262944015766e-02,9.70541354667243533e-02,9.80713606734469889e-02,-1.74924099790794235e-01
5921,1.87500000000000028e-02,9.31250000000000022e-01,-2.87512512263124673e-02,2.07268065786743727e-01,2.09252683476357032e-01,-1.64267404973512970e-01
5922,3.12500000000000000e-02,9.31250000000000022e-01,-6.77465214138050081e-02,2.79198274747027519e-01,2.87299961338994603e-01,-2.36046728438392250e-01
5923,4.37500000000000042e-02,9.31250000000000022e-01,-7.81463356567631967e-02,2.78951962581222013e-01,2.89691296390649222e-01,-1.31782260125430567e-01
5924,5.62500000000000014e-02,9.31250000000000022e-01,-8.22102065058636644e-02,2.82569705230288126e-01,2.94285841262655168e-01,-2.31340502142982490e-01
5925,6.87500000000000056e-02,9.31250000000000022e-01,-7.20571382276580519e-02,2.53858575864527924e-01,2.63887111677562070e-01,-9.77353386022468407e-02
5926,8.12500000000000028e-02,9.31250000000000022e-01,-5.31210974388590038e-02,2.39389972581209171e-01,2.45212988982110885e-01,-2.02882707726297851e-01
5927,9.37500000000000000e-02,9.31250000000000022e-01,-3.10455345246343356e-02,2.10819505105247551e-01,2.13093146174957393e-01,-6.95015321174229650e-02
5928,1.06250000000000011e-01,9.31250000000000022e-01,-2.50617641360043183e-03,1.94723920336249662e-01,1.94740047425623758e-01,-1.71278269404102707e-01
5929,1.18750000000000008e-01,9.31250000000000022e-01,2.39162953232958629e-02,1.72177978055778252e-01,1.73831082690545202e-01,-4.88066713953973566e-02
5930,1.31250000000000006e-01,9.31250000000000022e-01,5.44408696172045750e-02,1.58667630546021593e-01,1.67747504505331685e-01,-1.43377168830614188e-01
5931,1.43750000000000017e-01,9.31250000000000022e-01,8.11970950805241259e-02,1.42029061037239196e-01,1.63600802041541010e-01,-3.38049804543716081e-02
5932,1.56250000000000000e-01,9.31250000000000022e-01,1.10548003759701183e-01,1.31419200430275385e-01,1.71731963760354767e-01,-1.21349696249847511e-01
5933,1.68750000000000011e-01,9.31250000000000022e-01,1.36059466356661829e-01,1.19116550728839338e-01,1.80833987521139800e-01,-2.34764045749240591e-02
5934,1.81250000000000022e-01,9.31250000000000022e-01,1.63271672520383632e-01,1.10858551079373105e-01,1.97350595122034955e-01,-1.04521955528583371e-01
5935,1.93750000000000006e-01,9.31250000000000022e-01,1.87015179209638782e-01,1.01606711006151193e-01,2.12834679919182451e-01,-1.68310858541265082e-02
5936,2.06250000000000017e-01,9.31250000000000022e-01,2.11897698749529850e-01,9.51215709685320626e-02,2.32268697845551264e-01,-9.21394910289158597e-02
5937,2.18750000000000000e-01,9.31250000000000022e-01,2.33792967723481626e-01,8.79997545403950199e-02,2.49806141950358579e-01,-1.30042702718207795e-02
5938,2.31250000000000011e-01,9.31250000000000022e-01,2.56457676055876049e-01,8.28225744907884892e-02,2.69499755942863295e-01,-8.33931097387427822e-02
5939,2.43750000000000022e-01,9.31250000000000022e-01,2.76593541240746754e-01,7.72044630512928043e-02,2.87166356266076395e-01,-1.13625695788035028e-02
5940,2.56250000000000033e-01,9.31250000000000022e-01,2.97244324502175084e-01,7.29895179087747953e-02,3.06074595765982727e-01,-7.75862008461952468e-02
5941,2.68749999999999989e-01,9.31250000000000022e-01,3.15764170291805868e-01,6.84466897984709333e-02,3.23097447505300894e-01,-1.14293034207384302e-02
5942,2.81250000000000000e-01,9.31250000000000022e-01,3.34612393261292052e-01,6.49414693726602377e-02,3.40856051975507279e-01,-7.41559462572131817e-02
5943,2.93750000000000011e-01,9.31250000000000022e-01,3.51663983940034452e-01,6.11761260036689999e-02,3.56945480421581474e-01,-1.28343467003654670e-02
5944,3.06250000000000022e-01,9.31250000000000022e-01,3.68898264379268703e-01,5.81954567988870325e-02,3.73460360217878984e-01,-7.26494404352733270e-02
5945,3.18750000000000033e-01,9.31250000000000022e-01,3.84613591011051081e-01,5.49956623146542617e-02,3.88525594091101711e-01,-1.52793938182733315e-02
5946,3.31250000000000044e-01,9.31250000000000022e-01,4.00390482104065970e-01,5.24013890941770824e-02,4.03804957545750909e-01,-7.26954337061127970e-02
5947,3.43750000000000000e-01,9.31250000000000022e-01,4.14878506258440305e-01,4.96119826989957907e-02,4.17834325759098124e-01,-1.85122772902169518e-02
5948,3.56250000000000011e-01,9.31250000000000022e-01,4.29321261320201097e-01,4.72984801581943087e-02,4.31918848450543402e-01,-7.39799264051959476e-02
5949,3.68750000000000022e-01,9.31250000000000022e-01,4.42666149652509167e-01,4.48022465400939457e-02,4.44927591123788380e-01,-2.23079666355560750e-02
5950,3.81250000000000033e-01,9.31250000000000022e-01,4.55866381731964976e-01,4.26864179683194289e-02,4.57860555488633136e-01,-7.62267717193663014e-02
5951,3.93750000000000044e-01,9.31250000000000022e-01,4.68127906124546411e-01,4.03917891302783966e-02,4.69867250531144198e-01,-2.64544352399928503e-02
5952,4.06250000000000000e-01,9.31250000000000022e-01,4.80147997381749625e-01,3.84062253712267598e-02,4.81681572760439047e-01,-7.91825393690897272e-02
5953,4.18750000000000011e-01,9.31250000000000022e-01,4.91362634885289307e-01,3.62391373657865792e-02,4.92697182900846797e-01,-3.07419700671338579e-02
5954,4.31250000000000022e-01,9.31250000000000022e-01,5.02238036618538053e-01,3.43274271369532202e-02,5.03409791005585028e-01,-8.26047115038914259e-02
5955,4.43750000000000033e-01,9.31250000000000022e-01,5.12420143967327379e-01,3.22258236822047725e-02,5.13432476237618896e-01,-3.49548567288209266e-02
5956,4.56250000000000044e-01,9.31250000000000022e-01,5.22161253658559810e-01,3.03392982216000966e-02,5.23041917860182615e-01,-8.62524291234394169e-02
5957,4.68750000000000000e-01,9.31250000000000022e-01,5.31304055972875333e-01,2.82493148501882542e-02,5.32054530741664977e-01,-3.88647149121362154e-02
5958,4.81250000000000011e-01,9.31250000000000022e-01,5.39897576429198556e-01,2.63447253594945759e-02,5.40539950039207961e-01,-8.98791991647049648e-02
5959,4.93750000000000022e-01,9.31250000000000022e-01,5.47973857505545614e-01,2.42179125437405711e-02,5.48508756354430749e-01,-4.22250074817732482e-02
5960,5.06249999999999978e-01,9.31250000000000022e-01,5.55383610651477899e-01,2.22556844298490673e-02,5.55829353731622788e-01,-9.32271243664747340e-02
5961,5.18750000000000044e-01,9.31250000000000022e-01,5.62346043613233038e-01,2.00468231242506671e-02,5.62703250288134726e-01,-4.47663886488985502e-02
5962,5.31250000000000000e-01,9.31250000000000022e-01,5.68513217716259622e-01,1.79896254970887022e-02,5.68797771922166295e-01,-9.60223300050769973e-02
5963,5.43750000000000067e-01,9.31250000000000022e-01,5.74294282614339124e-01,1.56547996061455162e-02,5.74507611606867252e-01,-4.61926435428668819e-02
5964,5.56250000000000022e-01,9.31250000000000022e-01,5.79137062546826842e-01,1.34662506245707952e-02,5.79293601830065952e-01,-9.79713524917262407e-02
5965,5.68749999999999978e-01,9.31250000000000022e-01,5.83648467176091090e-01,1.09609353605472221e-02,5.83751381446741213e-01,-4.61770287928125189e-02
5966,5.81250000000000044e-01,9.31250000000000022e-01,5.87060913254205063e-01,8.60447123658089098e-03,5.87123967145033565e-01,-9.87583173087294847e-02
5967,5.93750000000000000e-01,9.31250000000000022e-01,5.90192278774587353e-01,5.88158272296655446e-03,5.90221584610786110e-01,-4.43589130915705218e-02
5968,6.06250000000000067e-01,9.31250000000000022e-01,5.92041973418442224e-01,3.32008138289846847e-03,5.92051282601087303e-01,-9.80427065720096691e-02
5969,6.18750000000000022e-01,9.31250000000000022e-01,5.93657710929590410e-01,3.27326894991105061e-04,5.93657801169206634e-01,-4.03409690402330434e-02
5970,6.31250000000000089e-01,9.31250000000000022e-01,5.93780192309130705e-01,-2.47865018249329890e-03,5.93785365671296583e-01,-9.54461053605248771e-02
5971,6.43750000000000044e-01,9.31250000000000022e-01,5.93709930180465806e-01,-5.77954291749554604e-03,5.93738060352567265e-01,-3.36646030521565789e-02
5972,6.56250000000000000e-01,9.31250000000000022e-01,5.91899052969022677e-01,-8.86256879554522120e-03,5.91965399353105437e-01,-9.06651128161274217e-02
5973,6.68750000000000067e-01,9.31250000000000022e-01,5.89946566114172621e-01,-1.25556963391743309e-02,5.90080160978544876e-01,-2.40331543122027265e-02
5974,6.81250000000000022e-01,9.31250000000000022e-01,5.85967406609237185e-01,-1.59864991642558567e-02,5.86185439740602776e-01,-8.33770258901165573e-02
5975,6.93750000000000089e-01,9.31250000000000022e-01,5.81901767380703983e-01,-2.01802616507877793e-02,5.82251586379188169e-01,-1.09274698504901804e-02
5976,7.06250000000000044e-01,9.31250000000000022e-01,5.75465477895104938e-01,-2.40540779216103645e-02,5.75967980805965007e-01,-7.31469216023462321e-02
5977,7.18750000000000000e-01,9.31250000000000022e-01,5.68998713052653260e-01,-2.89086571101836130e-02,5.69732609134749990e-01,6.22232512375778691e-03
5978,7.31250000000000067e-01,9.31250000000000022e-01,5.59735914588851857e-01,-3.33726404856997186e-02,5.60729905759989045e-01,-5.95061702950593074e-02
5979,7.43750000000000022e-01,9.31250000000000022e-01,5.50493310701236971e-01,-3.91398673464466371e-02,5.51882971600597627e-01,2.80601154237624037e-02
5980,7.56250000000000089e-01,9.31250000000000022e-01,5.37914558823675337e-01,-4.44343611274141750e-02,5.39746685995635134e-01,-4.19278542902173021e-02
5981,7.68750000000000044e-01,9.31250000000000022e-01,5.25388388979137533e-01,-5.15249177408789935e-02,5.27908871323733209e-01,5.53350203650258207e-02
5982,7.81250000000000000e-01,9.31250000000000022e-01,5.08823717392170471e-01,-5.80540518916634121e-02,5.12124836657847804e-01,-1.97879652310324408e-02
5983,7.93750000000000067e-01,9.31250000000000022e-01,4.92301734502989974e-01,-6.71550990722179220e-02,4.96860951500570081e-01,8.89428099864271876e-02
5984,8.06250000000000022e-01,9.31250000000000022e-01,4.70813422700600670e-01,-7.56097960574730193e-02,4.76846013147753101e-01,7.69781739387011710e-03
5985,8.18750000000000089e-01,9.31250000000000022e-01,4.49277570464253928e-01,-8.78907449434586652e-02,4.57793750906430319e-01,1.29971845534430197e-01
5986,8.31250000000000044e-01,9.31250000000000022e-01,4.21555448365185881e-01,-9.94565314707426956e-02,4.33128846532488176e-01,4.15720249085483537e-02
5987,8.43750000000000000e-01,9.31250000000000022e-01,3.93572129563453110e-01,-1.16913518679147579e-01,4.10570081738856008e-01,1.79721173936579881e-01
5988,8.56250000000000067e-01,9.31250000000000022e-01,3.57884969917678764e-01,-1.33582718639629561e-01,3.82002610478164528e-01,8.32678092462785235e-02
5989,8.68750000000000022e-01,9.31250000000000022e-01,3.21611308585893096e-01,-1.59533364857203236e-01,3.59005192598926159e-01,2.39575187824725783e-01
5990,8.81250000000000089e-01,9.31250000000000022e-01,2.76108127117878577e-01,-1.84393984643978437e-01,3.32019335933054272e-01,1.34717161433193039e-01
5991,8.93750000000000044e-01,9.31250000000000022e-01,2.29873919106121233e-01,-2.23802709612317713e-01,3.20826544280586268e-01,3.10369395269616266e-01
5992,9.06250000000000000e-01,9.31250000000000022e-01,1.74173991782627574e-01,-2.60420019157209082e-01,3.13297248298378683e-01,1.98141938386744709e-01
5993,9.18750000000000067e-01,9.31250000000000022e-01,1.18989631774139806e-01,-3.18126314846262970e-01,3.39651121987560978e-01,3.90234253418913601e-01
5994,9.31250000000000022e-01,9.31250000000000022e-01,5.94297980366748010e-02,-3.65009874398214806e-01,3.69816318329627636e-01,2.74467460562258070e-01
5995,9.43750000000000089e-01,9.31250000000000022e-01,6.06350173127000527e-03,-4.33802437380545358e-01,4.33844811805496999e-01,4.68648634438210920e-01
5996,9.56250000000000044e-01,9.31250000000000022e-01,-3.22890341415105545e-02,-4.59972977896457413e-01,4.61104892752968454e-01,3.57536245454169399e-01
5997,9.68750000000000000e-01,9.31250000000000022e-01,-5.39019578431478852e-02,-4.76622539379034371e-01,4.79660782327931856e-01,5.13927880837195317e-01
5998,9.81250000000000067e-01,9.31250000000000022e-01,-3.02355944542151943e-02,-3.70721476867149513e-01,3.71952422471692246e-01,4.24498820864132709e-01
5999,9.93750000000000022e-01,9.31250000000000022e-01,-1.85223055744026081e-02,-1.72316054198773133e-01,1.73308679351110578e-01,4.65396890489220394e-01
6000,6.25000000000000035e-03,9.43750000000000089e-01,-3.03391466194811166e-02,1.15181539366663033e-01,1.19110246530147512e-01,-4.19511773803284416e-01
6001,1.87500000000000028e-02,9.43750000000000089e-01,-4.85796704859881440e-02,2.31587206325966688e-01,2.36627594583541878e-01,-2.59000512980127329e-01
6002,3.12500000000000000e-02,9.43750000000000089e-01,-8.52032440215416825e-02,2.97537824317387067e-01,3.09496930019214689e-01,-4.26248650491939218e-01
6003,4.37500000000000042e-02,9.43750000000000089e-01,-8.61788870183607530e-02,2.81871415017254212e-01,2.94751242866849616e-01,-1.44962342297995622e-01
6004,5.62500000000000014e-02,9.43750000000000089e-01,-6.99007373415807265e-02,2.73290623844679947e-01,2.82088422595311417e-01,-3.28820884440703676e-01
6005,6.87500000000000056e-02,9.43750000000000089e-01,-4.67951886607534742e-02,2.35306395432947846e-01,2.39914337657094467e-01,-6.98724100789965413e-02
6006,8.12500000000000028e-02,9.43750000000000089e-01,-9.19518136743500795e-03,2.14429791872779385e-01,2.14626855269753031e-01,-2.40236424367510693e-01
6007,9.37500000000000000e-02,9.43750000000000089e-01,2.27463011556171026e-02,1.82551971699094984e-01,1.83963628436409149e-01,-2.98404745867396105e-02
6008,1.06250000000000011e-01,9.43750000000000089e-01,6.34302111872801916e-02,1.64573988317967851e-01,1.76374571075723907e-01,-1.77727300945824701e-01
6009,1.18750000000000008e-01,9.43750000000000089e-01,9.58799789505539318e-02,1.42034108683732091e-01,1.71367028313911318e-01,-8.22086709535354773e-03
6010,1.31250000000000006e-01,9.43750000000000089e-01,1.33432036942283366e-01,1.28699860507027503e-01,1.85385443271836259e-01,-1.36324295640360610e-01
6011,1.43750000000000017e-01,9.43750000000000089e-01,1.63571928598521599e-01,1.13043465402713247e-01,1.98833098089061300e-01,3.12621613138352019e-03
6012,1.56250000000000000e-01,9.43750000000000089e-01,1.96819708361315182e-01,1.03350607140992826e-01,2.22304623424356584e-01,-1.08570185397967534e-01
6013,1.68750000000000011e-01,9.43750000000000089e-01,2.24016980325917742e-01,9.23011778011128825e-02,2.42287256986031513e-01,8.78917633742358657e-03
6014,1.81250000000000022e-01,9.43750000000000089e-01,2.53189129306897687e-01,8.51722354047844410e-02,2.67131137988503631e-01,-8.98714080105698088e-02
6015,1.93750000000000006e-01,9.43750000000000089e-01,2.77548957049458367e-01,7.71506034180398370e-02,2.88072281150078269e-01,1.10688242037402431e-02
6016,2.06250000000000017e-01,9.43750000000000089e-01,3.03215500031750906e-01,7.17857873457281997e-02,3.11597237992172926e-01,-7.73228319995890312e-02
6017,2.18750000000000000e-01,9.43750000000000089e-01,3.25056550605054839e-01,6.57842573989305124e-02,3.31646392431434900e-01,1.11291462810110924e-02
6018,2.31250000000000011e-01,9.43750000000000089e-01,3.47783415955439046e-01,6.16390538141855931e-02,3.53203450391898044e-01,-6.91444089778748411e-02
6019,2.43750000000000022e-01,9.43750000000000089e-01,3.67446760055218258e-01,5.70146179975442660e-02,3.71843768457242041e-01,9.61998284972790871e-03
6020,2.56250000000000033e-01,9.43750000000000089e-01,3.87712622304074772e-01,5.37247397363315032e-02,3.91417200891374606e-01,-6.42003255862494127e-02
6021,2.68749999999999989e-01,9.43750000000000089e-01,4.05500810448634286e-01,5.00585981113473300e-02,4.08578964851805171e-01,6.93726763999074313e-03
6022,2.81250000000000000e-01,9.43750000000000089e-01,4.23687647039329263e-01,4.73772341039409989e-02,4.26328306080024311e-01,-6.17277559522866059e-02
6023,2.93750000000000011e-01,9.43750000000000089e-01,4.39850550003045959e-01,4.43894234477345204e-02,4.42084751209543880e-01,3.35093049633238601e-03
6024,3.06250000000000022e-01,9.43750000000000089e-01,4.56255437070486880e-01,4.21455552147209575e-02,4.58197852112750603e-01,-6.11854486143219092e-02
6025,3.18750000000000033e-01,9.43750000000000089e-01,4.70991996334905183e-01,3.96432922917232949e-02,4.72657435396150627e-01,-9.32028405736988062e-04
6026,3.31250000000000044e-01,9.43750000000000089e-01,4.85842186974170365e-01,3.77150459893893369e-02,4.87303863454648267e-01,-6.21668210624454834e-02
6027,3.43750000000000000e-01,9.43750000000000089e-01,4.99306441431611625e-01,3.55612155905523919e-02,5.00571196244227745e-01,-5.73473825845731162e-03
6028,3.56250000000000011e-01,9.43750000000000089e-01,5.12772593117361120e-01,3.38589495830366946e-02,5.13889249468374665e-01,-6.43478192829997631e-02
6029,3.68750000000000022e-01,9.43750000000000089e-01,5.25080038769588309e-01,3.19526197476462798e-02,5.26051344474101734e-01,-1.08919361801951900e-02
6030,3.81250000000000033e-01,9.43750000000000089e-01,5.37286623910268935e-01,3.04081249113309811e-02,5.38146420868445330e-01,-6.74541052923258028e-02
6031,3.93750000000000044e-01,9.43750000000000089e-01,5.48519691982065516e-01,2.86722861254402397e-02,5.49268561346595852e-01,-1.62384209449598881e-02
6032,4.06250000000000000e-01,9.43750000000000089e-01,5.59552820285462604e-01,2.72318136588283431e-02,5.60215075095774617e-01,-7.12394058315084927e-02
6033,4.18750000000000011e-01,9.43750000000000089e-01,5.69765234505735685e-01,2.56055074065080664e-02,5.70340305835841055e-01,-2.16010563892288926e-02
6034,4.31250000000000022e-01,9.43750000000000089e-01,5.79678385422117581e-01,2.42252073001192822e-02,5.80184359660209092e-01,-7.54705651391169435e-02
6035,4.43750000000000033e-01,9.43750000000000089e-01,5.88898485961297902e-01,2.26583540744921645e-02,5.89334224168997389e-01,-2.67926885056133483e-02
6036,4.56250000000000044e-01,9.43750000000000089e-01,5.97716623583849693e-01,2.13012370509647886e-02,5.98096066538126303e-01,-7.99168093113128142e-02
6037,4.68750000000000000e-01,9.43750000000000089e-01,6.05949822970078600e-01,1.97511335407133601e-02,6.06271634858181918e-01,-3.16071588178690049e-02
6038,4.81250000000000011e-01,9.43750000000000089e-01,6.13672261780845996e-01,1.83849891719003906e-02,6.13947597687351521e-01,-8.43417849537880793e-02
6039,4.93750000000000022e-01,9.43750000000000089e-01,6.20902783696286154e-01,1.68138226560398778e-02,6.21130398092144542e-01,-3.58149788822771306e-02
6040,5.06249999999999978e-01,9.43750000000000089e-01,6.27505057217538909e-01,1.54097185988811003e-02,6.27694237874527161e-01,-8.84975233518848492e-02
6041,5.18750000000000044e-01,9.43750000000000089e-01,6.33697065607488619e-01,1.37826627684750364e-02,6.33846931642436218e-01,-3.91593963168243575e-02
6042,5.31250000000000000e-01,9.43750000000000089e-01,6.39131944820072295e-01,1.23137634908445492e-02,6.39250554681649374e-01,-9.21198237471342052e-02
6043,5.43750000000000067e-01,9.43750000000000089e-01,6.44230128311757411e-01,1.05973410595292684e-02,6.44317283535150387e-01,-4.13526320124287111e-02
6044,5.56250000000000022e-01,9.43750000000000089e-01,6.48427842905341167e-01,9.03787029994072670e-03,6.48490825343298383e-01,-9.49247956617873118e-02
6045,5.68749999999999978e-01,9.43750000000000089e-01,6.52357507556615812e-01,7.19838274778001296e-03,6.52397221315100029e-01,-4.20720323893764639e-02
6046,5.81250000000000044e-01,9.43750000000000089e-01,6.55225110603926852e-01,5.52277098415230889e-03,6.55248385396920763e-01,-9.66067152205323382e-02
6047,5.93750000000000000e-01,9.43750000000000089e-01,6.57891884407462268e-01,3.52496483825048704e-03,6.57901327667236524e-01,-4.09557406394874743e-02
6048,6.06250000000000067e-01,9.43750000000000089e-01,6.59311207537450539e-01,1.70811609256994799e-03,6.59313420191851463e-01,-9.68389476090446982e-02
6049,6.18750000000000022e-01,9.43750000000000089e-01,6.60600128367248574e-01,-4.84411510909152408e-04,6.60600305974298752e-01,-3.75968709038571880e-02
6050,6.31250000000000089e-01,9.43750000000000089e-01,6.60419508883491879e-01,-2.46120396616043326e-03,6.60424094986604482e-01,-9.52079685721776703e-02
6051,6.43750000000000044e-01,9.43750000000000089e-01,6.60175586191944164e-01,-4.87280867139778650e-03,6.60193569241798284e-01,-3.15598129964126811e-02
6052,6.56250000000000000e-01,9.43750000000000089e-01,6.58220664953436008e-01,-7.03506167464912693e-03,6.58258259245191324e-01,-9.15375646161707551e-02
6053,6.68750000000000067e-01,9.43750000000000089e-01,6.56284159667879119e-01,-9.73472508472230692e-03,6.56356353746537113e-01,-2.25126024215805791e-02
6054,6.81250000000000022e-01,9.43750000000000089e-01,6.52342429796271883e-01,-1.21338304110920336e-02,6.52455267089590563e-01,-8.54574307529377131e-02
6055,6.93750000000000089e-01,9.43750000000000089e-01,6.48514787617658239e-01,-1.52055298717992098e-02,6.48693022852457224e-01,-9.90690677582927240e-03
6056,7.06250000000000044e-01,9.43750000000000089e-01,6.42319433487037239e-01,-1.79084567054467077e-02,6.42569037113273400e-01,-7.65651302156057506e-02
6057,7.18750000000000000e-01,9.43750000000000089e-01,6.36348839287693924e-01,-2.14752155931845420e-02,6.36711104149730533e-01,6.88157019978264100e-03
6058,7.31250000000000067e-01,9.43750000000000089e-01,6.27551713619120655e-01,-2.45866691320878843e-02,6.28033165975576124e-01,-6.44228272159512727e-02
6059,7.43750000000000022e-01,9.43750000000000089e-01,6.19105253567011959e-01,-2.88432581489229713e-02,6.19776773148945637e-01,2.85930777873616773e-02
6060,7.56250000000000089e-01,9.43750000000000089e-01,6.07232951028545243e-01,-3.25382577040344914e-02,6.08104098842665031e-01,-4.85354619290702879e-02
6061,7.68750000000000044e-01,9.43750000000000089e-01,5.95849017187170538e-01,-3.78061396194330351e-02,5.97047197025361798e-01,5.61479618220080343e-02
6062,7.81250000000000000e-01,9.43750000000000089e-01,5.80230281761885291e-01,-4.23869346105698389e-02,5.81776445122314523e-01,-2.83049193157101815e-02
6063,7.93750000000000067e-01,9.43750000000000089e-01,5.65238557558220722e-01,-4.92133110692633546e-02,5.67376926687099270e-01,9.07551755996431064e-02
6064,8.06250000000000022e-01,9.43750000000000089e-01,5.44886014294395538e-01,-5.52137969048264385e-02,5.47676302155095662e-01,-2.93974428575130954e-03
6065,8.18750000000000089e-01,9.43750000000000089e-01,5.25277300118298429e-01,-6.45547198074841455e-02,5.29229207309074856e-01,1.34097372451579988e-01
6066,8.31250000000000044e-01,9.43750000000000089e-01,4.98705088420447584e-01,-7.29331385829835172e-02,5.04009928394283824e-01,2.87224132232874081e-02
6067,8.43750000000000000e-01,9.43750000000000089e-01,4.72937502866215886e-01,-8.64912650425469082e-02,4.80781260601941596e-01,1.88641624734690427e-01
6068,8.56250000000000067e-01,9.43750000000000089e-01,4.37924158450242629e-01,-9.89729676937205760e-02,4.48969060056988223e-01,6.85650731495783539e-02
6069,8.68750000000000022e-01,9.43750000000000089e-01,4.03708268419579797e-01,-1.19789555657056832e-01,4.21105573027537372e-01,2.58125346838943892e-01
6070,8.81250000000000089e-01,9.43750000000000089e-01,3.57172658923115949e-01,-1.39391010809960747e-01,3.83408609940923351e-01,1.19872083007311461e-01
6071,8.93750000000000044e-01,9.43750000000000089e-01,3.11546728971739129e-01,-1.72684262303757663e-01,3.56203900568737797e-01,3.48140809314365141e-01
6072,9.06250000000000000e-01,9.43750000000000089e-01,2.50351832636403759e-01,-2.04024237079575010e-01,3.22958092359223237e-01,1.88535957520050590e-01
6073,9.18750000000000067e-01,9.43750000000000089e-01,1.91349090421699397e-01,-2.57215676707642615e-01,3.20584433105199629e-01,4.65999048146934158e-01
6074,9.31250000000000022e-01,9.43750000000000089e-01,1.16973127434679802e-01,-3.03610968382493684e-01,3.25364922301107029e-01,2.84548678142887757e-01
6075,9.43750000000000089e-01,9.43750000000000089e-01,5.08484739231744171e-02,-3.78566683443776753e-01,3.81966361233468332e-01,6.15878187584917192e-01
6076,9.56250000000000044e-01,9.43750000000000089e-01,-1.48006120965685876e-02,-4.20773400700043376e-01,4.21033624375907023e-01,4.20183989815829717e-01
6077,9.68750000000000000e-01,9.43750000000000089e-01,-5.59807719087453831e-02,-4.66640876391144932e-01,4.69986759752436867e-01,7.72545169510570728e-01
6078,9.81250000000000067e-01,9.43750000000000089e-01,-4.70502088347555594e-02,-3.82660078899242417e-01,3.85541772230414193e-01,5.91827787611488798e-01
6079,9.93750000000000022e-01,9.43750000000000089e-01,-3.56223008362611948e-02,-1.93684650941180980e-01,1.96933217937137806e-01,8.00274496710721261e-01
6080,6.25000000000000035e-03,9.56250000000000044e-01,-3.75496012442742416e-02,1.75973149369595266e-01,1.79934771105136559e-01,-3.44431201757734673e-01
6081,1.87500000000000028e-02,9.56250000000000044e-01,-5.66120247662321649e-02,2.62131860301689890e-01,2.68175378313067980e-01,-2.36884209081739183e-01
6082,3.12500000000000000e-02,9.56250000000000044e-01,-7.32219322180737153e-02,3.16797990213424585e-01,3.25149839244944505e-01,-3.78423033404422127e-01
6083,4.37500000000000042e-02,9.56250000000000044e-01,-5.49763903590030703e-02,2.63648868133712411e-01,2.69319752645611143e-01,-1.57249073478100049e-01
6084,5.62500000000000014e-02,9.56250000000000044e-01,-1.48961472042478324e-02,2.43186788497851386e-01,2.43642585155857599e-01,-3.10980372999492050e-01
6085,6.87500000000000056e-02,9.56250000000000044e-01,2.57450563693854412e-02,1.93152142053362730e-01,1.94860354888482246e-01,-1.00220279994542208e-01
6086,8.12500000000000028e-02,9.56250000000000044e-01,7.78683049139763245e-02,1.69849557630645243e-01,1.86848455004321262e-01,-2.40549329312562787e-01
6087,9.37500000000000000e-02,9.56250000000000044e-01,1.20359479595673169e-01,1.38192946708165454e-01,1.83258546453984317e-01,-6.14565983104524496e-02
6088,1.06250000000000011e-01,9.56250000000000044e-01,1.68111073508513564e-01,1.21591593623178673e-01,2.07474935054837578e-01,-1.86727151176876077e-01
6089,1.18750000000000008e-01,9.56250000000000044e-01,2.05981578636197038e-01,1.02174718880096077e-01,2.29930606739699783e-01,-3.65601326261830242e-02
6090,1.31250000000000006e-01,9.56250000000000044e-01,2.46496524517318127e-01,9.09772929812444203e-02,2.62749699214503363e-01,-1.47830803717265258e-01
6091,1.43750000000000017e-01,9.56250000000000044e-01,2.78912136211329487e-01,7.86397001475110657e-02,2.89786442342042039e-01,-2.08889904638692031e-02
6092,1.56250000000000000e-01,9.56250000000000044e-01,3.12828991112017896e-01,7.09760106615921899e-02,3.20779631163821577e-01,-1.20326918727963680e-01
6093,1.68750000000000011e-01,9.56250000000000044e-01,3.40462148178278079e-01,6.27451955107042048e-02,3.46195658409871265e-01,-1.12693872756385767e-02
6094,1.81250000000000022e-01,9.56250000000000044e-01,3.69061101417875126e-01,5.73286741739099659e-02,3.73487179783072942e-01,-1.00964552608370367e-01
6095,1.93750000000000006e-01,9.56250000000000044e-01,3.92813971885846047e-01,5.15781733807982590e-02,3.96185719679589099e-01,-5.73723965469787652e-03
6096,2.06250000000000017e-01,9.56250000000000044e-01,4.17238982077210108e-01,4.76163022578869194e-02,4.19947235263599394e-01,-8.74815292692401741e-02
6097,2.18750000000000000e-01,9.56250000000000044e-01,4.37893886629411588e-01,4.34294521116813104e-02,4.40042240311237398e-01,-3.07009652408173593e-03
6098,2.31250000000000011e-01,9.56250000000000044e-01,4.59032427196542026e-01,4.04349011619671503e-02,4.60809885364807159e-01,-7.83436082448854126e-02
6099,2.43750000000000022e-01,9.56250000000000044e-01,4.77198723123523960e-01,3.72726645913944096e-02,4.78652141827929423e-01,-2.49328991173315521e-03
6100,2.56250000000000033e-01,9.56250000000000044e-01,4.95711733952688971e-01,3.49382002024484842e-02,4.96941446260792230e-01,-7.24975145953289241e-02
6101,2.68749999999999989e-01,9.56250000000000044e-01,5.11849145449125742e-01,3.24688823420945238e-02,5.12877934812509872e-01,-3.48917687379272966e-03
6102,2.81250000000000000e-01,9.56250000000000044e-01,5.28223683529895349e-01,3.05946433889693024e-02,5.29108960466546319e-01,-6.91994587081774526e-02
6103,2.93750000000000011e-01,9.56250000000000044e-01,5.42675718067404667e-01,2.86053786259881995e-02,5.43429114665665791e-01,-5.68763879779277462e-03
6104,3.06250000000000022e-01,9.56250000000000044e-01,5.57270458272347113e-01,2.70570882865430774e-02,5.57926921459806935e-01,-6.79033455274883624e-02
6105,3.18750000000000033e-01,9.56250000000000044e-01,5.70292838412350012e-01,2.54057973777346777e-02,5.70858455385232277e-01,-8.80405682685621478e-03
6106,3.31250000000000044e-01,9.56250000000000044e-01,5.83371849151849142e-01,2.40901685200499011e-02,5.83869035488415178e-01,-6.81895055807458794e-02
6107,3.43750000000000000e-01,9.56250000000000044e-01,5.95153837829193177e-01,2.26783216761305730e-02,5.95585759531625847e-01,-1.26026246246742878e-02
6108,3.56250000000000011e-01,9.56250000000000044e-01,6.06910431330110689e-01,2.15282356485244873e-02,6.07292134468609190e-01,-6.97187507955226993e-02
6109,3.68750000000000022e-01,9.56250000000000044e-01,6.17590150271874694e-01,2.02848396958744265e-02,6.17923189752839885e-01,-1.68733547096870523e-02
6110,3.81250000000000033e-01,9.56250000000000044e-01,6.28163467246553586e-01,1.92502267130731930e-02,6.28458362035001272e-01,-7.22019679148297594e-02
6111,3.93750000000000044e-01,9.56250000000000044e-01,6.37838732805221853e-01,1.81221149636581966e-02,6.38096121377749181e-01,-2.14167768548733928e-02
6112,4.06250000000000000e-01,9.56250000000000044e-01,6.47325246656073383e-01,1.71642340591929149e-02,6.47552766876325681e-01,-7.53793007106060980e-02
6113,4.18750000000000011e-01,9.56250000000000044e-01,6.56061204744465720e-01,1.61100127999286961e-02,6.56258970897292682e-01,-2.60331339544567116e-02
6114,4.31250000000000022e-01,9.56250000000000044e-01,6.64522714026999028e-01,1.51977956645422685e-02,6.64696479944696161e-01,-7.90053871558752119e-02
6115,4.43750000000000033e-01,9.56250000000000044e-01,6.72357223723960340e-01,1.41839651341268153e-02,6.72506818672285123e-01,-3.05142993001366186e-02
6116,4.56250000000000044e-01,9.56250000000000044e-01,6.79826405009996471e-01,1.32916289722102843e-02,6.79956328266419385e-01,-8.28385486499468027e-02
6117,4.68750000000000000e-01,9.56250000000000044e-01,6.86773834744848766e-01,1.22900164700997811e-02,6.86883792642525637e-01,-3.46373944646621509e-02
6118,4.81250000000000011e-01,9.56250000000000044e-01,6.93258067735623040e-01,1.13954587636986831e-02,6.93351718077459545e-01,-8.66326602162346415e-02
6119,4.93750000000000022e-01,9.56250000000000044e-01,6.99311948540144335e-01,1.03814386628626656e-02,6.99389001657678477e-01,-3.81594939179372081e-02
6120,5.06249999999999978e-01,9.56250000000000044e-01,7.04795867952377364e-01,9.46510131416289369e-03,7.04859421179593992e-01,-9.01309098303235551e-02
6121,5.18750000000000044e-01,9.56250000000000044e-01,7.09930685969514141e-01,8.41626061650077063e-03,7.09980571793277893e-01,-4.08130072630489282e-02
6122,5.31250000000000000e-01,9.56250000000000044e-01,7.14377728527258893e-01,7.46024436369773815e-03,7.14416681119451558e-01,-9.30609332805573120e-02
6123,5.43750000000000067e-01,9.56250000000000044e-01,7.18550022721875958e-01,6.35525210128883543e-03,7.18578126846955656e-01,-4.23014111683406163e-02
6124,5.56250000000000022e-01,9.56250000000000044e-01,7.21903098830567691e-01,5.34251377803110321e-03,7.21922867455135342e-01,-9.51309918841427571e-02
6125,5.68749999999999978e-01,9.56250000000000044e-01,7.25051966231877842e-01,4.16006569629633408e-03,7.25063900551744189e-01,-4.22949893523459908e-02
6126,5.81250000000000044e-01,9.56250000000000044e-01,7.27233276616726099e-01,3.07367573960622186e-03,7.27239772084318781e-01,-9.60270927198343810e-02
6127,5.93750000000000000e-01,9.56250000000000044e-01,7.29280389546602792e-01,1.79195315106109548e-03,7.29282591094385202e-01,-4.04261333621994540e-02
6128,6.06250000000000067e-01,9.56250000000000044e-01,7.30190072514315336e-01,6.15335952139296392e-04,7.30190331788086011e-01,-9.54118010894510205e-02
6129,6.18750000000000022e-01,9.56250000000000044e-01,7.31038857947859277e-01,-7.84415400563806087e-04,7.31039278792344316e-01,-3.62834992189593752e-02
6130,6.31250000000000089e-01,9.56250000000000044e-01,7.30548465204500119e-01,-2.05071542344062224e-03,7.30551343470394743e-01,-9.28996716755694091e-02
6131,6.43750000000000044e-01,9.56250000000000044e-01,7.30075449850185687e-01,-3.58402442635653937e-03,7.30084246991427488e-01,-2.94587512587465121e-02
6132,6.56250000000000000e-01,9.56250000000000044e-01,7.28043766487149524e-01,-4.96787809081567812e-03,7.28060715691706828e-01,-8.82659365065054935e-02
6133,6.68750000000000067e-01,9.56250000000000044e-01,7.26119612610095388e-01,-6.68064999201737741e-03,7.26150344557758065e-01,-1.95804842819265607e-02
6134,6.81250000000000022e-01,9.56250000000000044e-01,7.22367519219007215e-01,-8.21401139204209173e-03,7.22414218302610212e-01,-8.11264109670922634e-02
6135,6.93750000000000089e-01,9.56250000000000044e-01,7.18826513921845045e-01,-1.01602977985852990e-02,7.18898316014433658e-01,-6.10085762381805570e-03
6136,7.06250000000000044e-01,9.56250000000000044e-01,7.13124751622326136e-01,-1.18851813623128879e-02,7.13223785997368021e-01,-7.10562883323586914e-02
6137,7.18750000000000000e-01,9.56250000000000044e-01,7.07753357015348694e-01,-1.41437947245910967e-02,7.07894668220991119e-01,1.16093769365467649e-02
6138,7.31250000000000067e-01,9.56250000000000044e-01,6.99798994137895036e-01,-1.61262918935395037e-02,6.99984778039240862e-01,-5.75822907749953608e-02
6139,7.43750000000000022e-01,9.56250000000000044e-01,6.92310605227947184e-01,-1.88237699175275996e-02,6.92566464987292463e-01,3.42993279644502394e-02
6140,7.56250000000000089e-01,9.56250000000000044e-01,6.81685652576363599e-01,-2.11755637495305953e-02,6.82014467169555827e-01,-4.01562367309558355e-02
6141,7.68750000000000044e-01,9.56250000000000044e-01,6.71674780505929214e-01,-2.45247054181467854e-02,6.72122363817433954e-01,6.29001039258461347e-02
6142,7.81250000000000000e-01,9.56250000000000044e-01,6.57774549054275459e-01,-2.74412481297893612e-02,6.58346701580919347e-01,-1.81041453681684700e-02
6143,7.93750000000000067e-01,9.56250000000000044e-01,6.44635853634131561e-01,-3.18130660517839253e-02,6.45420370736948912e-01,9.86270052656185031e-02
6144,8.06250000000000022e-01,9.56250000000000044e-01,6.26545225380492621e-01,-3.56464246512365954e-02,6.27558433165795848e-01,9.46652840236609193e-03
6145,8.18750000000000089e-01,9.56250000000000044e-01,6.09331524988251050e-01,-4.17118185225935356e-02,6.10757548581242982e-01,1.43146562483984885e-01
6146,8.31250000000000044e-01,9.56250000000000044e-01,5.85613552419051220e-01,-4.71148618743842951e-02,5.87505781236493996e-01,4.38351231875079711e-02
6147,8.43750000000000000e-01,9.56250000000000044e-01,5.62792557581523467e-01,-5.61343426112055274e-02,5.65585119402503889e-01,1.98842209767560757e-01
6148,8.56250000000000067e-01,9.56250000000000044e-01,5.31144700332869202e-01,-6.43518629390160135e-02,5.35028835629833499e-01,8.69737805304999917e-02
6149,8.68750000000000022e-01,9.56250000000000044e-01,5.00216246545811871e-01,-7.87833652164444814e-02,5.06382377204428580e-01,2.69201805168272856e-01
6150,8.81250000000000089e-01,9.56250000000000044e-01,4.57004968976343351e-01,-9.22310823866024782e-02,4.66218955242354793e-01,1.42099102058486526e-01
6151,8.93750000000000044e-01,9.56250000000000044e-01,4.14072665353880487e-01,-1.16983122991814098e-01,4.30280400736757496e-01,3.59225552266405956e-01
6152,9.06250000000000000e-01,9.56250000000000044e-01,3.54170973428474090e-01,-1.40221281303137379e-01,3.80918739562083608e-01,2.14604876181651749e-01
6153,9.18750000000000067e-01,9.56250000000000044e-01,2.94349708199035665e-01,-1.84748585507419516e-01,3.47525237304932622e-01,4.75120950693338706e-01
6154,9.31250000000000022e-01,9.56250000000000044e-01,2.13685039229733198e-01,-2.24508424306238741e-01,3.09944073302076128e-01,3.13176928143748312e-01
6155,9.43750000000000089e-01,9.56250000000000044e-01,1.36542442766339200e-01,-3.02029409068197252e-01,3.31459805434510313e-01,6.19799593818195826e-01
6156,9.56250000000000044e-01,9.56250000000000044e-01,4.67206580779943106e-02,-3.53143164786910158e-01,3.56220317678477782e-01,4.47783166001477329e-01
6157,9.68750000000000000e-01,9.56250000000000044e-01,-2.12456064381763808e-02,-4.44373387615434157e-01,4.44880976682238916e-01,7.70281056821346843e-01
6158,9.81250000000000067e-01,9.56250000000000044e-01,-4.87836198282748171e-02,-3.91079653054166365e-01,3.94110563924029822e-01,6.07229223537851692e-01
6159,9.93750000000000022e-01,9.56250000000000044e-01,-4.34343662479597242e-02,-2.54988717280909827e-01,2.58661535818384969e-01,7.97234893211465456e-01
6160,6.25000000000000035e-03,9.68750000000000000e-01,-7.48547127655094791e-02,2.09343397550610905e-01,2.22323831653828879e-01,-1.03998640045310498e+00
6161,1.87500000000000028e-02,9.68750000000000000e-01,-8.94725889194573909e-02,2.67259335777451257e-01,2.81838423086978429e-01,-3.58039101144647265e-01
6162,3.12500000000000000e-02,9.68750000000000000e-01,-4.31856293917012093e-02,2.95902688861380270e-01,2.99037455616102066e-01,-6.81647672245037306e-01
6163,4.37500000000000042e-02,9.68750000000000000e-01,5.43120540741086431e-03,2.23545175155974551e-01,2.23611143120580724e-01,-1.19161871552805748e-01
6164,5.62500000000000014e-02,9.68750000000000000e-01,9.29459177880367221e-02,1.92569927183394413e-01,2.13827314646371391e-01,-3.93409901761290981e-01
6165,6.87500000000000056e-02,9.68750000000000000e-01,1.50523478475582756e-01,1.42541239875075137e-01,2.07304902589188517e-01,-2.20275901680730794e-02
6166,8.12500000000000028e-02,9.68750000000000000e-01,2.23077086352791804e-01,1.19816361820558243e-01,2.53217983199388652e-01,-2.42781890304440445e-01
6167,9.37500000000000000e-02,9.68750000000000000e-01,2.71183454980370275e-01,9.23082607665206417e-02,2.86463403004346251e-01,1.23100270044398715e-02
6168,1.06250000000000011e-01,9.68750000000000000e-01,3.25565259811831376e-01,7.89531194921608559e-02,3.35001990253623261e-01,-1.64592786336114461e-01
6169,1.18750000000000008e-01,9.68750000000000000e-01,3.63408181989662127e-01,6.36474805105653463e-02,3.68939708505839958e-01,2.40594205217720021e-02
6170,1.31250000000000006e-01,9.68750000000000000e-01,4.04436024812678374e-01,5.57707656188429768e-02,4.08263244076653653e-01,-1.20769531375025052e-01
6171,1.43750000000000017e-01,9.68750000000000000e-01,4.34403604248031427e-01,4.67095924369168997e-02,4.36907630294211258e-01,2.76392221196215572e-02
6172,1.56250000000000000e-01,9.68750000000000000e-01,4.66317752449831036e-01,4.18022842839818262e-02,4.68187651718005804e-01,-9.41775312946422222e-02
6173,1.68750000000000011e-01,9.68750000000000000e-01,4.90609746767883825e-01,3.60674389013272423e-02,4.91933718881464810e-01,2.78568859686345524e-02
6174,1.81250000000000022e-01,9.68750000000000000e-01,5.16239020323885578e-01,3.28223199283398867e-02,5.17281384538863409e-01,-7.72553761905814401e-02
6175,1.93750000000000006e-01,9.68750000000000000e-01,5.36417824335522209e-01,2.89708800536478649e-02,5.37199585029566107e-01,2.63479362933695047e-02
6176,2.06250000000000017e-01,9.68750000000000000e-01,5.57574755365664476e-01,2.67079914311321512e-02,5.58214049113210709e-01,-6.63697213483996351e-02
6177,2.18750000000000000e-01,9.68750000000000000e-01,5.74700014706386653e-01,2.39887648295635525e-02,5.75200458745965482e-01,2.37211954784155576e-02
6178,2.31250000000000011e-01,9.68750000000000000e-01,5.92561380346393940e-01,2.23365369259131558e-02,5.92982217574748560e-01,-5.95931763475957207e-02
6179,2.43750000000000022e-01,9.68750000000000000e-01,6.07355251035888721e-01,2.03330697221064498e-02,6.07695511490081275e-01,2.02502104574876114e-02
6180,2.56250000000000033e-01,9.68750000000000000e-01,6.22706014741587488e-01,1.90768266190389571e-02,6.22998158993429918e-01,-5.57989467099174186e-02
6181,2.68749999999999989e-01,9.68750000000000000e-01,6.35669118329294291e-01,1.75442249751131714e-02,6.35911179196843257e-01,1.60931304433140701e-02
6182,2.81250000000000000e-01,9.68750000000000000e-01,6.49046790985201349e-01,1.65533477365769552e-02,6.49257845704983128e-01,-5.42678260922770869e-02
6183,2.93750000000000011e-01,9.68750000000000000e-01,6.60532161044365185e-01,1.53400565096454920e-02,6.60710264115563994e-01,1.13689224752437767e-02
6184,3.06250000000000022e-01,9.68750000000000000e-01,6.72312659369222465e-01,1.45312842154751813e-02,6.72469679739590265e-01,-5.45028072531436106e-02
6185,3.18750000000000033e-01,9.68750000000000000e-01,6.82572487788235427e-01,1.35391553455659428e-02,6.82706752429542152e-01,6.18648797656808601e-03
6186,3.31250000000000044e-01,9.68750000000000000e-01,6.93022451148319507e-01,1.28570437053600172e-02,6.93141703671382392e-01,-5.61340985543440849e-02
6187,3.43750000000000000e-01,9.68750000000000000e-01,7.02237947418685615e-01,1.20197495605597754e-02,7.02340806997790223e-01,6.57207101115745915e-04
6188,3.56250000000000011e-01,9.68750000000000000e-01,7.11547449388880815e-01,1.14257654502335233e-02,7.11639178831481756e-01,-5.88664999920993151e-02
6189,3.68750000000000022e-01,9.68750000000000000e-01,7.19848204442344652e-01,1.06965795295818240e-02,7.19927672931455098e-01,-5.09859569072297104e-03
6190,3.81250000000000033e-01,9.68750000000000000e-01,7.28151694701888896e-01,1.01627840373614900e-02,7.28222612033314176e-01,-6.24480339740873178e-02
6191,3.93750000000000044e-01,9.68750000000000000e-01,7.35628444826095684e-01,9.50740045119963587e-03,7.35689879977018291e-01,-1.09474184971084139e-02
6192,4.06250000000000000e-01,9.68750000000000000e-01,7.43018436965818929e-01,9.01267779329009179e-03,7.43073096022278445e-01,-6.66499328860560569e-02
6193,4.18750000000000011e-01,9.68750000000000000e-01,7.49731617341324430e-01,8.40485132450724363e-03,7.49778727070210427e-01,-1.67391282369825437e-02
6194,4.31250000000000022e-01,9.68750000000000000e-01,7.56267793926327037e-01,7.93259889831684183e-03,7.56309395852963751e-01,-7.12530697505312088e-02
6195,4.43750000000000033e-01,9.68750000000000000e-01,7.62253363559085351e-01,7.35141233762544224e-03,7.62288812406752392e-01,-2.23037528034933201e-02
6196,4.56250000000000044e-01,9.68750000000000000e-01,7.67968711896995559e-01,6.88809037859806992e-03,7.67999601719814851e-01,-7.60382758204507792e-02
6197,4.68750000000000000e-01,9.68750000000000000e-01,7.73242176031189277e-01,6.31617914668708078e-03,7.73267972253126379e-01,-2.74483361994488084e-02
6198,4.81250000000000011e-01,9.68750000000000000e-01,7.78147140334794374e-01,5.85037210965847626e-03,7.78169132557337773e-01,-8.07791576702926867e-02
6199,4.93750000000000022e-01,9.68750000000000000e-01,7.82706347975854255e-01,5.27271153069101047e-03,7.82724107619399256e-01,-3.19537908413805791e-02
6200,5.06249999999999978e-01,9.68750000000000000e-01,7.86791594974866393e-01,4.79448843205733215e-03,7.86806202976577551e-01,-8.52366255524563965e-02
6201,5.18750000000000044e-01,9.68750000000000000e-01,7.90618661840612358e-01,4.19749407246726956e-03,7.90629804274496695e-01,-3.55716891964574303e-02
6202,5.31250000000000000e-01,9.68750000000000000e-01,7.93856802707091913e-01,3.69792240317238152e-03,7.93865415441702305e-01,-8.91546451508553328e-02
6203,5.43750000000000067e-01,9.68750000000000000e-01,7.96919351642601081e-01,3.06868759905907975e-03,7.96925259899599503e-01,-3.80208786219021697e-02
6204,5.56250000000000022e-01,9.68750000000000000e-01,7.99265790599476222e-01,2.53938866244368547e-03,7.99269824600794432e-01,-9.22568282167675197e-02
6205,5.68749999999999978e-01,9.68750000000000000e-01,8.01517588892597721e-01,1.86496887999346335e-03,8.01519758591843212e-01,-3.89837081835191293e-02
6206,5.81250000000000044e-01,9.68750000000000000e-01,8.02910598045399659e-01,1.29775369609668942e-03,8.02911646831877102e-01,-9.42433777142353268e-02
6207,5.93750000000000000e-01,9.68750000000000000e-01,8.04291591571458908e-01,5.65001774272249594e-04,8.04291790023717312e-01,-3.81017962428040965e-02
6208,6.06250000000000067e-01,9.68750000000000000e-01,8.04651794721474078e-01,-4.70239968670790371e-05,8.04651796095519511e-01,-9.47875209561567789e-02
6209,6.18750000000000022e-01,9.68750000000000000e-01,8.05086521573236569e-01,-8.45880587313362141e-04,8.05086965943966448e-01,-3.49564118629001191e-02
6210,6.31250000000000089e-01,9.68750000000000000e-01,8.04314183341134359e-01,-1.49456744229592691e-03,8.04315571934023588e-01,-9.35493552298778258e-02
6211,6.43750000000000044e-01,9.68750000000000000e-01,8.03724106169717900e-01,-2.37107406078380109e-03,8.03727603626075426e-01,-2.91951900312720988e-02
6212,6.56250000000000000e-01,9.68750000000000000e-01,8.01711448948796646e-01,-3.07611669483971771e-03,8.01717350360773517e-01,-9.03114744503483724e-02
6213,6.68750000000000067e-01,9.68750000000000000e-01,8.00000400348313323e-01,-4.06130983729530420e-03,8.00010709175231094e-01,-2.04023174180941354e-02
6214,6.81250000000000022e-01,9.68750000000000000e-01,7.96603994486881350e-01,-4.83776399826871348e-03,7.96618684185199211e-01,-8.47227099987384602e-02
6215,6.93750000000000089e-01,9.68750000000000000e-01,7.93649160837205492e-01,-5.96544362530971456e-03,7.93671580072795146e-01,-8.04062890205274605e-03
6216,7.06250000000000044e-01,9.68750000000000000e-01,7.88681841123287097e-01,-6.83249019764939867e-03,7.88711436103166186e-01,-7.64075123519199345e-02
6217,7.18750000000000000e-01,9.68750000000000000e-01,7.84325020003358686e-01,-8.15197149963358368e-03,7.84367383081805536e-01,8.52282221500005183e-03
6218,7.31250000000000067e-01,9.68750000000000000e-01,7.77536299931584129e-01,-9.14128257247635335e-03,7.77590033859982155e-01,-6.49604245416186693e-02
6219,7.43750000000000022e-01,9.68750000000000000e-01,7.71564394257585384e-01,-1.07322462075094931e-02,7.71639031927969010e-01,3.00557824379341157e-02
6220,7.56250000000000089e-01,9.68750000000000000e-01,7.62602890549887169e-01,-1.18999881732360681e-02,7.62695731201877392e-01,-4.99324575120151451e-02
6221,7.68750000000000044e-01,9.68750000000000000e-01,7.54710793055442530e-01,-1.38971677778340300e-02,7.54838732728137285e-01,5.75348252945076660e-02
6222,7.81250000000000000e-01,9.68750000000000000e-01,7.43056226211781357e-01,-1.53457663012424948e-02,7.43214671447937958e-01,-3.07987600748743269e-02
6223,7.93750000000000067e-01,9.68750000000000000e-01,7.32778433029552145e-01,-1.79859087612352399e-02,7.32999130168115132e-01,9.22822622567736339e-02
6224,8.06250000000000022e-01,9.68750000000000000e-01,7.17617305806931949e-01,-1.99074417288663402e-02,7.17893379151659183e-01,-6.88916515408852237e-03
6225,8.18750000000000089e-01,9.68750000000000000e-01,7.04200196905691689e-01,-2.36247474562600139e-02,7.04596370991496745e-01,1.36225642552133180e-01
6226,8.31250000000000044e-01,9.68750000000000000e-01,6.84192340696822110e-01,-2.63923690779422591e-02,6.84701187536389977e-01,2.27624596576082201e-02
6227,8.43750000000000000e-01,9.68750000000000000e-01,6.66350423072254339e-01,-3.20238844382370255e-02,6.67119491173122525e-01,1.92413990076961527e-01
6228,8.56250000000000067e-01,9.68750000000000000e-01,6.39179930085408854e-01,-3.63950863621809381e-02,6.40215264840896081e-01,5.97658000945289689e-02
6229,8.68750000000000022e-01,9.68750000000000000e-01,6.14626121385806190e-01,-4.56510604779505266e-02,6.16319144934279306e-01,2.66108080454943496e-01
6230,8.81250000000000089e-01,9.68750000000000000e-01,5.76139297971411057e-01,-5.32460961944166214e-02,5.78594536291983541e-01,1.07249141083477481e-01
6231,8.93750000000000044e-01,9.68750000000000000e-01,5.40721814006538515e-01,-6.98512637679096354e-02,5.45214892673059448e-01,3.67218979117091393e-01
6232,9.06250000000000000e-01,9.68750000000000000e-01,4.83442211525023424e-01,-8.43001859829397709e-02,4.90737091772125711e-01,1.72270425912085523e-01
6233,9.18750000000000067e-01,9.68750000000000000e-01,4.29995316438042452e-01,-1.16730498948572944e-01,4.45558056310774220e-01,5.15891497646092545e-01
6234,9.31250000000000022e-01,9.68750000000000000e-01,3.41990565267138946e-01,-1.45802848318259404e-01,3.71774148253283698e-01,2.72840672022060859e-01
6235,9.43750000000000089e-01,9.68750000000000000e-01,2.61912381766086833e-01,-2.11602819847442863e-01,3.36710334100059627e-01,7.53948655031851600e-01
6236,9.56250000000000044e-01,9.68750000000000000e-01,1.35833540666102787e-01,-2.62984732502197838e-01,2.95992770687296292e-01,4.56959189554300094e-01
6237,9.68750000000000000e-01,9.68750000000000000e-01,4.10742360173198678e-02,-3.71136881885294534e-01,3.73402836036291486e-01,1.15111527675430247e+00
6238,9.81250000000000067e-01,9.68750000000000000e-01,-6.10872542260318396e-02,-3.60470936309743528e-01,3.65610378070561626e-01,8.22302656096116746e-01
6239,9.93750000000000022e-01,9.68750000000000000e-01,-7.13372280071078030e-02,-2.85902675771866399e-01,2.94668186462758552e-01,1.62980212409251402e+00
6240,6.25000000000000035e-03,9.81250000000000067e-01,-1.56197212123759775e-02,3.40300652247853552e-01,3.40658934435994099e-01,-9.61277445213831516e-01
6241,1.87500000000000028e-02,9.81250000000000067e-01,2.60133906240063648e-02,2.30462497633908303e-01,2.31925978077955591e-01,-3.49713934766017309e-01
6242,3.12500000000000000e-02,9.81250000000000067e-01,1.44173962113340604e-01,2.21894696032106292e-01,2.64619325595542632e-01,-6.14934019370228069e-01
6243,4.37500000000000042e-02,9.81250000000000067e-01,2.25483363815098731e-01,1.27516758571241562e-01,2.59042990783168059e-01,-1.60978744205929808e-01
6244,5.62500000000000014e-02,9.81250000000000067e-01,3.26185606583721532e-01,9.80952868609803047e-02,3.40616698426146391e-01,-3.86534433216541295e-01
6245,6.87500000000000056e-02,9.81250000000000067e-01,3.89409330082025440e-01,6.30201459568260486e-02,3.94475810603579946e-01,-7.36203305678343883e-02
6246,8.12500000000000028e-02,9.81250000000000067e-01,4.57424274951207299e-01,4.91906138527936632e-02,4.60061608706760439e-01,-2.58167624725371192e-01
6247,9.37500000000000000e-02,9.81250000000000067e-01,5.01188977258030466e-01,3.57036881877519502e-02,5.02459097116530251e-01,-3.17910701061109302e-02
6248,1.06250000000000011e-01,9.81250000000000067e-01,5.46919848851071921e-01,2.93681537514288507e-02,5.47707777489097603e-01,-1.84441740464399345e-01
6249,1.18750000000000008e-01,9.81250000000000067e-01,5.77650318209501190e-01,2.33026174311074981e-02,5.78120145044850098e-01,-1.06482340245745346e-02
6250,1.31250000000000006e-01,9.81250000000000067e-01,6.09848464335670415e-01,1.99834055644191218e-02,6.10175782828626834e-01,-1.39440677212628150e-01
6251,1.43750000000000017e-01,9.81250000000000067e-01,6.32461385709667701e-01,1.67563918296256102e-02,6.32683318162365449e-01,5.23502650650121797e-04
6252,1.56250000000000000e-01,9.81250000000000067e-01,6.56349794715446078e-01,1.47716426572857863e-02,6.56515997101215110e-01,-1.10511747042105091e-01
6253,1.68750000000000011e-01,9.81250000000000067e-01,6.73797678698177860e-01,1.28221111534870813e-02,6.73919667581741710e-01,6.32996155121788411e-03
6254,1.81250000000000022e-01,9.81250000000000067e-01,6.92345085293172180e-01,1.15226015000250304e-02,6.92440963169379753e-01,-9.13274147967357147e-02
6255,1.93750000000000006e-01,9.81250000000000067e-01,7.06352317123944085e-01,1.02403958482671989e-02,7.06426543678459251e-01,8.88254635886565232e-03
6256,2.06250000000000017e-01,9.81250000000000067e-01,7.21285541481408443e-01,9.33633653590732436e-03,7.21345963827372039e-01,-7.85234218533383266e-02
6257,2.18750000000000000e-01,9.81250000000000067e-01,7.32888865090569497e-01,8.44056975982022430e-03,7.32937467859034686e-01,9.25462473392167119e-03
6258,2.31250000000000011e-01,9.81250000000000067e-01,7.45257775569734715e-01,7.78209730739576853e-03,7.45298405395886321e-01,-7.01706477466265133e-02
6259,2.43750000000000022e-01,9.81250000000000067e-01,7.55106919625115114e-01,7.12557037865881385e-03,7.55140539117687193e-01,8.05339942014766420e-03
6260,2.56250000000000033e-01,9.81250000000000067e-01,7.65578656771477850e-01,6.62696001002848097e-03,7.65607338198240339e-01,-6.50792452087262246e-02
6261,2.68749999999999989e-01,9.81250000000000067e-01,7.74097043364138981e-01,6.12545753504716885e-03,7.74121278466827434e-01,5.66198780588913781e-03
6262,2.81250000000000000e-01,9.81250000000000067e-01,7.83111637651793369e-01,5.73440797335408436e-03,7.83132632738847478e-01,-6.24645123306999464e-02
6263,2.93750000000000011e-01,9.81250000000000067e-01,7.90584169193612074e-01,5.33668784906339393e-03,7.90602181135843018e-01,2.35053258128158776e-03
6264,3.06250000000000022e-01,9.81250000000000067e-01,7.98440404077102150e-01,5.01973343897765736e-03,7.98456183260299213e-01,-6.17749892687999222e-02
6265,3.18750000000000033e-01,9.81250000000000067e-01,8.05063350868342353e-01,4.69302544778155053e-03,8.05077029481786388e-01,-1.66887956292475288e-03
6266,3.31250000000000044e-01,9.81250000000000067e-01,8.11968248124595560e-01,4.42782867183543621e-03,8.11980320961827151e-01,-6.25981734337751616e-02
6267,3.43750000000000000e-01,9.81250000000000067e-01,8.17878712666615493e-01,4.15020268207168773e-03,8.17889242388908366e-01,-6.21284973774938101e-03
6268,3.56250000000000011e-01,9.81250000000000067e-01,8.23977147723913728e-01,3.92122854860142180e-03,8.23986478047162296e-01,-6.46056704120850089e-02
6269,3.68750000000000022e-01,9.81250000000000067e-01,8.29271059828650459e-01,3.67735118424642468e-03,8.29279213281669980e-01,-1.11095049198734926e-02
6270,3.81250000000000033e-01,9.81250000000000067e-01,8.34664061346598540e-01,3.47334770272508114e-03,8.34671288261350508e-01,-6.75194462975474002e-02
6271,3.93750000000000044e-01,9.81250000000000067e-01,8.39407495100606638e-01,3.25202612451043743e-03,8.39413794564390914e-01,-1.61874548440074546e-02
6272,4.06250000000000000e-01,9.81250000000000067e-01,8.44163868190578759e-01,3.06451482341556919e-03,8.44169430629647777e-01,-7.10899070030835828e-02
6273,4.18750000000000011e-01,9.81250000000000067e-01,8.48400351183499435e-01,2.85722576703894334e-03,8.48405162423808590e-01,-2.12679719506145282e-02
6274,4.31250000000000022e-01,9.81250000000000067e-01,8.52564236273772202e-01,2.67957434135530524e-03,8.52568447159365306e-01,-7.50809194517902817e-02
6275,4.43750000000000033e-01,9.81250000000000067e-01,8.56319589985639618e-01,2.47955417579812879e-03,8.56323179869659223e-01,-2.61589569612461770e-02
6276,4.56250000000000044e-01,9.81250000000000067e-01,8.59915471214539262e-01,2.30639208452071724e-03,8.59918564213246084e-01,-7.92591117377122734e-02
6277,4.68750000000000000e-01,9.81250000000000067e-01,8.63201091254991226e-01,2.10805329715831741e-03,8.63203665326156555e-01,-3.06499415001191579e-02
6278,4.81250000000000011e-01,9.81250000000000067e-01,8.66237148510380472e-01,1.93489165497694269e-03,8.66239309466565022e-01,-8.33859500259758468e-02
6279,4.93750000000000022e-01,9.81250000000000067e-01,8.69052267517947286e-01,1.73342916930501064e-03,8.69053996282607821e-01,-3.45077044632841889e-02
6280,5.06249999999999978e-01,9.81250000000000067e-01,8.71522599829424816e-01,1.55639971534599617e-03,8.71523989568568136e-01,-8.72117056852439454e-02
6281,5.18750000000000044e-01,9.81250000000000067e-01,8.73855851921026217e-01,1.34749987018186954e-03,8.73856890853715651e-01,-3.74722142860778387e-02
6282,5.31250000000000000e-01,9.81250000000000067e-01,8.75741868498783882e-01,1.16315219151955887e-03,8.75742640942395734e-01,-9.04707434930750870e-02
6283,5.43750000000000067e-01,9.81250000000000067e-01,8.77572323809799437e-01,9.42735179104154677e-04,8.77572830177957064e-01,-3.92526290305234421e-02
6284,5.56250000000000022e-01,9.81250000000000067e-01,8.78843440779726426e-01,7.47837359143013075e-04,8.78843758959614085e-01,-9.28776857369078418e-02
6285,5.68749999999999978e-01,9.81250000000000067e-01,8.80141170429495689e-01,5.11775385305477423e-04,8.80141319220412277e-01,-3.95230274186154085e-02
6286,5.81250000000000044e-01,9.81250000000000067e-01,8.80754885562088918e-01,3.03174992259470303e-04,8.80754937741801247e-01,-9.41239544908789444e-02
6287,5.93750000000000000e-01,9.81250000000000067e-01,8.81481132615449692e-01,4.73418582950613928e-05,8.81481133886748314e-01,-3.79175715749590567e-02
6288,6.06250000000000067e-01,9.81250000000000067e-01,8.81382938630088764e-01,-1.76173059227985806e-04,8.81382956237047765e-01,-9.38725023493451327e-02
6289,6.18750000000000022e-01,9.81250000000000067e-01,8.81490532801526894e-01,-4.50127981734168821e-04,8.81490647729129218e-01,-3.40252548955193232e-02
6290,6.31250000000000089e-01,9.81250000000000067e-01,8.80617693368330401e-01,-6.84982124067325853e-04,8.80617959772493575e-01,-9.18128939015575990e-02
6291,6.43750000000000044e-01,9.81250000000000067e-01,8.80065825321118878e-01,-9.84501581841249916e-04,8.80066375986213290e-01,-2.74925431096736950e-02
6292,6.56250000000000000e-01,9.81250000000000067e-01,8.78346891743857605e-01,-1.24097852816808804e-03,8.78347768406001705e-01,-8.76649237676197512e-02
6293,6.68750000000000067e-01,9.81250000000000067e-01,8.77075040445701171e-01,-1.57627399144388424e-03,8.77076456879629429e-01,-1.78694219748587388e-02
6294,6.81250000000000022e-01,9.81250000000000067e-01,8.74410145007123329e-01,-1.85972235758347136e-03,8.74412122662206470e-01,-8.10658380985564003e-02
6295,6.93750000000000089e-01,9.81250000000000067e-01,8.72340825784034934e-01,-2.24107011066534230e-03,8.72343704467919534e-01,-4.61279145473837780e-03
6296,7.06250000000000044e-01,9.81250000000000067e-01,8.68599143300004317e-01,-2.55815425255525490e-03,8.68602910365076641e-01,-7.16134321157342463e-02
6297,7.18750000000000000e-01,9.81250000000000067e-01,8.65632924019183680e-01,-3.00100786947660354e-03,8.65638126005454089e-01,1.29252384158733986e-02
6298,7.31250000000000067e-01,9.81250000000000067e-01,8.60638585444733262e-01,-3.36296091998814460e-03,8.60645155835121578e-01,-5.88581889979596373e-02
6299,7.43750000000000022e-01,9.81250000000000067e-01,8.56640685460666740e-01,-3.89292631502011167e-03,8.56649530941221649e-01,3.55375091532475484e-02
6300,7.56250000000000089e-01,9.81250000000000067e-01,8.50144952653137276e-01,-4.31945474459037842e-03,8.50155925822372649e-01,-4.22809159011833316e-02
6301,7.68750000000000044e-01,9.81250000000000067e-01,8.44919296759731098e-01,-4.98040260746693275e-03,8.44933975199891552e-01,6.42392369913249439e-02
6302,7.81250000000000000e-01,9.81250000000000067e-01,8.36549926917678488e-01,-5.50659248590020314e-03,8.36568050302412103e-01,-2.12458516010955757e-02
6303,7.93750000000000067e-01,9.81250000000000067e-01,8.29790539938604077e-01,-6.37628894186979562e-03,8.29815037964648061e-01,1.00407935678826735e-01
6304,8.06250000000000022e-01,9.81250000000000067e-01,8.18958010757693033e-01,-7.06611804288986324e-03,8.18988494063496386e-01,5.09041923849023852e-03
6305,8.18750000000000089e-01,9.81250000000000067e-01,8.10155630789924919e-01,-8.28876640255873931e-03,8.10198031193051782e-01,1.46039035153170377e-01
6306,8.31250000000000044e-01,9.81250000000000067e-01,7.95872404755908480e-01,-9.26325362759084642e-03,7.95926310985961671e-01,3.79568053275529810e-02
6307,8.43750000000000000e-01,9.81250000000000067e-01,7.84127728462369000e-01,-1.11236047280840258e-02,7.84206624000142849e-01,2.04229790442390147e-01
6308,8.56250000000000067e-01,9.81250000000000067e-01,7.64643343149737142e-01,-1.26259716248376935e-02,7.64747577559208636e-01,7.93298304509750668e-02
6309,8.68750000000000022e-01,9.81250000000000067e-01,7.48276668539721745e-01,-1.57441579544308208e-02,7.48442283139186815e-01,2.80139968835988018e-01
6310,8.81250000000000089e-01,9.81250000000000067e-01,7.20306642576327039e-01,-1.83254364356797150e-02,7.20539715047087914e-01,1.32723219880325372e-01
6311,8.93750000000000044e-01,9.81250000000000067e-01,6.96011981217683595e-01,-2.42872084826995654e-02,6.96435601110718117e-01,3.83002023868032837e-01
6312,9.06250000000000000e-01,9.81250000000000067e-01,6.53071922860353093e-01,-2.94936998734584496e-02,6.53737573312674569e-01,2.05086006474823945e-01
6313,9.18750000000000067e-01,9.81250000000000067e-01,6.14126180818636680e-01,-4.32978559364019244e-02,6.15650607321696963e-01,5.30531321241375031e-01
6314,9.31250000000000022e-01,9.81250000000000067e-01,5.43255359991657860e-01,-5.64246616093862507e-02,5.46177744509422025e-01,3.12007104720312622e-01
6315,9.43750000000000089e-01,9.81250000000000067e-01,4.76831047318382828e-01,-9.58730460081519964e-02,4.86373815740143489e-01,7.58674461896213237e-01
6316,9.56250000000000044e-01,9.81250000000000067e-01,3.56096605851072001e-01,-1.32304446141547877e-01,3.79880585404776150e-01,4.93879228815910676e-01
6317,9.68750000000000000e-01,9.81250000000000067e-01,2.49395617746872328e-01,-2.47452999182536243e-01,3.51327711625166739e-01,1.13696180416610448e+00
6318,9.81250000000000067e-01,9.81250000000000067e-01,7.88325534056776300e-02,-2.78667878418283277e-01,2.89603794758642841e-01,8.53542065621629376e-01
6319,9.93750000000000022e-01,9.81250000000000067e-01,2.32156242076488745e-03,-3.87413323427060086e-01,3.87420279310303262e-01,1.67670390205567177e+00
6320,6.25000000000000035e-03,9.93750000000000022e-01,2.21618902869732265e-01,1.98949950315702090e-01,2.97818771805613614e-01,-3.23392989519075025e+00
6321,1.87500000000000028e-02,9.93750000000000022e-01,3.17631882930008602e-01,1.07465429716898320e-01,3.35318999816443919e-01,-3.14470698690808959e-01
6322,3.12500000000000000e-02,9.93750000000000022e-01,5.59546631885305512e-01,9.64332117912571340e-02,5.67795559678452411e-01,-8.61490219119026457e-01
6323,4.37500000000000042e-02,9.93750000000000022e-01,6.35960201911718870e-01,4.15330550061844966e-02,6.37314971637840122e-01,6.94394196268122155e-02
6324,5.62500000000000014e-02,9.93750000000000022e-01,7.28596028274934193e-01,2.86447027059671400e-02,7.29158893116666262e-01,-3.18725882406552918e-01
6325,6.87500000000000056e-02,9.93750000000000022e-01,7.62700819255156759e-01,1.13018520105996126e-02,7.62784551201292182e-01,9.78959236158200019e-02
6326,8.12500000000000028e-02,9.93750000000000022e-01,8.02917392061165636e-01,8.03769907558737895e-03,8.02957622219711675e-01,-1.71429636037449984e-01
6327,9.37500000000000000e-02,9.93750000000000022e-01,8.19929977094202234e-01,2.81172580076592639e-03,8.19934798102677109e-01,8.18672453564686237e-02
6328,1.06250000000000011e-01,9.93750000000000022e-01,8.41431955059242620e-01,2.49300311692194493e-03,8.41435648198577524e-01,-1.15813657673230638e-01
6329,1.18750000000000008e-01,9.93750000000000022e-01,8.51792194601187713e-01,7.17665897442310062e-04,8.51792496930941501e-01,6.71985228149495489e-02
6330,1.31250000000000006e-01,9.93750000000000022e-01,8.65451172874701524e-01,9.61158736051432303e-04,8.65451706599688064e-01,-8.71452426099975919e-02
6331,1.43750000000000017e-01,9.93750000000000022e-01,8.72738031963940730e-01,2.06829784124325049e-04,8.72738056472187940e-01,5.69826443912849270e-02
6332,1.56250000000000000e-01,9.93750000000000022e-01,8.82413118644974848e-01,4.67682442269983412e-04,8.82413242581738033e-01,-6.96713096079139144e-02
6333,1.68750000000000011e-01,9.93750000000000022e-01,8.87978837451695702e-01,7.04893214433460573e-05,8.87978840249478818e-01,4.94164877737621813e-02
6334,1.81250000000000022e-01,9.93750000000000022e-01,8.95304238782616113e-01,2.69596132599586895e-04,8.95304279373328127e-01,-5.84331138051321503e-02
6335,1.93750000000000006e-01,9.93750000000000022e-01,8.99772716161148289e-01,2.85460387694603500e-05,8.99772716613971624e-01,4.31106705902805851e-02
6336,2.06250000000000017e-01,9.93750000000000022e-01,9.05571503142844958e-01,1.73573034152924060e-04,9.05571519777422007e-01,-5.13054244158171122e-02
6337,2.18750000000000000e-01,9.93750000000000022e-01,9.09284499456349038e-01,1.44434670942739382e-05,9.09284499571062166e-01,3.73030178659794764e-02
6338,2.31250000000000011e-01,9.93750000000000022e-01,9.14024650316321519e-01,1.20816886725918878e-04,9.14024658301182846e-01,-4.71493474004451782e-02
6339,2.43750000000000022e-01,9.93750000000000022e-01,9.17189470662288397e-01,9.90262842694302068e-06,9.17189470715746302e-01,3.15975211193603306e-02
6340,2.56250000000000033e-01,9.93750000000000022e-01,9.21158078702008387e-01,8.92308358850740459e-05,9.21158083023819296e-01,-4.52659338983516651e-02
6341,2.68749999999999989e-01,9.93750000000000022e-01,9.23907891177745633e-01,8.77184982076165998e-06,9.23907891219386879e-01,2.57956403546258303e-02
6342,2.81250000000000000e-01,9.93750000000000022e-01,9.27290096106076489e-01,6.89304268796075688e-05,9.27290098668059892e-01,-4.51829022861402543e-02
6343,2.93750000000000011e-01,9.93750000000000022e-01,9.29713620052600276e-01,8.64516213311788454e-06,9.29713620092794901e-01,1.98114220321044705e-02
6344,3.06250000000000022e-01,9.93750000000000022e-01,9.32633062191905449e-01,5.49773271953975449e-05,9.32633063812321139e-01,-4.65539514224338202e-02
6345,3.18750000000000033e-01,9.93750000000000022e-01,9.34790869067278818e-01,8.50874703731824955e-06,9.34790869106003397e-01,1.36286744228137566e-02
6346,3.31250000000000044e-01,9.93750000000000022e-01,9.37332088088778104e-01,4.47073100329844036e-05,9.37332089154965686e-01,-4.91057247481806805e-02
6347,3.43750000000000000e-01,9.93750000000000022e-01,9.39266076914935133e-01,7.90614510103298051e-06,9.39266076948209627e-01,7.27841456087666757e-03
6348,3.56250000000000011e-01,9.93750000000000022e-01,9.41487561915891225e-01,3.65773717226932138e-05,9.41487562626417973e-01,-5.26074320887192567e-02
6349,3.68750000000000022e-01,9.93750000000000022e-01,9.43226673100316271e-01,6.59842723451063943e-06,9.43226673123396253e-01,8.26873127738493824e-04
6350,3.81250000000000033e-01,9.93750000000000022e-01,9.45168765524111110e-01,2.96233952282951368e-05,9.45168765988337989e-01,-5.68519555544461930e-02
6351,3.93750000000000044e-01,9.93750000000000022e-01,9.46732536659015467e-01,4.42120589057652291e-06,9.46732536669338876e-01,-5.63054192987980876e-03
6352,4.06250000000000000e-01,9.93750000000000022e-01,9.48422372493514243e-01,2.31926609146940810e-05,9.48422372777090184e-01,-6.16431243779399785e-02
6353,4.18750000000000011e-01,9.93750000000000022e-01,9.49823221698436693e-01,1.22568360933202158e-06,9.49823221699227505e-01,-1.19717536132628900e-02
6354,4.31250000000000022e-01,9.93750000000000022e-01,9.51277906723781541e-01,1.68071760730947979e-05,9.51277906872256107e-01,-6.67865408809145966e-02
6355,4.43750000000000033e-01,9.93750000000000022e-01,9.52522647965735270e-01,-3.14466334261148446e-06,9.52522647970926117e-01,-1.80483929712335345e-02
6356,4.56250000000000044e-01,9.93750000000000022e-01,9.53751340402571701e-01,1.00913042918878725e-05,9.53751340455957997e-01,-7.20826266694658546e-02
6357,4.68750000000000000e-01,9.93750000000000022e-01,9.54842224712391219e-01,-8.86332083524752738e-06,9.54842224753528090e-01,-2.36848813697432686e-02
6358,4.81250000000000011e-01,9.93750000000000022e-01,9.55847514809478382e-01,2.73147820693644908e-06,9.55847514813381149e-01,-7.73211880951543973e-02
6359,4.93750000000000022e-01,9.93750000000000022e-01,9.56782970659476040e-01,-1.61261099302839050e-05,9.56782970795374887e-01,-2.86767168336720356e-02
6360,5.06249999999999978e-01,9.93750000000000022e-01,9.57561781945460377e-01,-5.54907369194226604e-06,9.57561781961538849e-01,-8.22771130513166860e-02
6361,5.18750000000000044e-01,9.93750000000000022e-01,9.58336953987061313e-01,-2.51597163559594766e-05,9.58336954317326795e-01,-3.27882326044352801e-02
6362,5.31250000000000000e-01,9.93750000000000022e-01,9.58881085570172265e-01,-1.50138000624190574e-05,9.58881085687712575e-01,-8.67069494499950605e-02
6363,5.43750000000000067e-01,9.93750000000000022e-01,9.59488215063756589e-01,-3.62460489190965889e-05,9.59488215748379947e-01,-3.57498805245539605e-02
6364,5.56250000000000022e-01,9.93750000000000022e-01,9.59784557532422977e-01,-2.59560720720023648e-05,9.59784557883396339e-01,-9.03460831249350976e-02
6365,5.68749999999999978e-01,9.93750000000000022e-01,9.60213189026531633e-01,-4.97909703438536579e-05,9.60213190317464105e-01,-3.72546956866844359e-02
6366,5.81250000000000044e-01,9.93750000000000022e-01,9.60243564169713570e-01,-3.87629075565810674e-05,9.60243564952099948e-01,-9.29058242409124685e-02
6367,5.93750000000000000e-01,9.93750000000000022e-01,9.60480643793816591e-01,-6.62976955027929504e-05,9.60480646081933731e-01,-3.69524765106563763e-02
6368,6.06250000000000067e-01,9.93750000000000022e-01,9.60221689869795725e-01,-5.30572674896915739e-05,9.60221691335641392e-01,-9.40705613892200004e-02
6369,6.18750000000000022e-01,9.93750000000000022e-01,9.60254386417742523e-01,-8.37910206721562589e-05,9.60254390073510877e-01,-3.44577476027502078e-02
6370,6.31250000000000089e-01,9.93750000000000022e-01,9.59684931349099712e-01,-6.65935202503738184e-05,9.59684933659596062e-01,-9.35444456355090798e-02
6371,6.43750000000000044e-01,9.93750000000000022e-01,9.59505694652321051e-01,-1.03316104143478250e-04,9.59505700214673296e-01,-2.94065993403159857e-02
6372,6.56250000000000000e-01,9.93750000000000022e-01,9.58594372194731315e-01,-8.21868001603314418e-05,9.58594375717947367e-01,-9.10672265543129716e-02
6373,6.68750000000000067e-01,9.93750000000000022e-01,9.58185305356265893e-01,-1.27474366942676852e-04,9.58185313835687391e-01,-2.13862626606011325e-02
6374,6.81250000000000022e-01,9.93750000000000022e-01,9.56887998878333645e-01,-1.00545711742668282e-04,9.56888004160791006e-01,-8.63296420200261316e-02
6375,6.93750000000000089e-01,9.93750000000000022e-01,9.56227687484362820e-01,-1.57201470038689653e-04,9.56227700406129477e-01,-9.89147423523386964e-03
6376,7.06250000000000044e-01,9.93750000000000022e-01,9.54487236422347118e-01,-1.21744996159120895e-04,9.54487244186643768e-01,-7.89908846778071966e-02
6377,7.18750000000000000e-01,9.93750000000000022e-01,9.53550295596843345e-01,-1.94003442992467110e-04,9.53550315332213239e-01,5.67893053084304097e-03
6378,7.31250000000000067e-01,9.93750000000000022e-01,9.51289884801351349e-01,-1.46378178384816264e-04,9.51289896063202911e-01,-6.86919204841040382e-02
6379,7.43750000000000022e-01,9.93750000000000022e-01,9.50043305200256705e-01,-2.41016896653038423e-04,9.50043335772096542e-01,2.60466421308973572e-02
6380,7.56250000000000089e-01,9.93750000000000022e-01,9.47153767056674312e-01,-1.76127078567861760e-04,9.47153783432445939e-01,-5.50604486125381154e-02
6381,7.68750000000000044e-01,9.93750000000000022e-01,9.45549898960260427e-01,-3.04344303275837235e-04,9.45549947939934965e-01,5.21103888375951535e-02
6382,7.81250000000000000e-01,9.93750000000000022e-01,9.41867025142771319e-01,-2.14744614823284815e-04,9.41867049623535513e-01,-3.77090521959813976e-02
6383,7.93750000000000067e-01,9.93750000000000022e-01,9.39830551407825676e-01,-3.95980584025223514e-04,9.39830634827446221e-01,8.50528819229858651e-02
6384,8.06250000000000022e-01,9.93750000000000022e-01,9.35092952270111688e-01,-2.70487398383951181e-04,9.35092991391051953e-01,-1.62275801434218492e-02
6385,8.18750000000000089e-01,9.93750000000000022e-01,9.32495738280353148e-01,-5.40904123088255229e-04,9.32495895158949928e-01,1.26541972525158669e-01
6386,8.31250000000000044e-01,9.93750000000000022e-01,9.26261680382417296e-01,-3.62651295183819141e-04,9.26261751375290987e-01,9.83018178863790879e-03
6387,8.43750000000000000e-01,9.93750000000000022e-01,9.22871419127139103e-01,-7.96351358304206989e-04,9.22871762715289479e-01,1.79132394155173125e-01
6388,8.56250000000000067e-01,9.93750000000000022e-01,9.14340333274146988e-01,-5.42448445960448536e-04,9.14340494182662056e-01,4.09694834903273353e-02
6389,8.68750000000000022e-01,9.93750000000000022e-01,9.09704371044742000e-01,-1.31564787327167055e-03,9.09705322413382422e-01,2.47165432980896965e-01
6390,8.81250000000000089e-01,9.93750000000000022e-01,8.97279352954577059e-01,-9.80073541772874101e-04,8.97279888208095122e-01,7.78455608354784584e-02
6391,8.93750000000000044e-01,9.93750000000000022e-01,8.90400014322090705e-01,-2.61758768758953804e-03,8.90403861890817327e-01,3.39223129404391255e-01
6392,9.06250000000000000e-01,9.93750000000000022e-01,8.70373602612389496e-01,-2.41329534778451970e-03,8.70376948292465591e-01,1.22040485213008670e-01
6393,9.18750000000000067e-01,9.93750000000000022e-01,8.58493951228062269e-01,-6.91473441485628351e-03,8.58521798120000290e-01,4.77015522038928552e-01
6394,9.31250000000000022e-01,9.93750000000000022e-01,8.20160279492186506e-01,-8.50686926804609250e-03,8.20204395795002483e-01,1.82693625573878693e-01
6395,9.43750000000000089e-01,9.93750000000000022e-01,7.93563131899720275e-01,-2.44446203853807900e-02,7.93939534080699505e-01,7.36728536474987039e-01
6396,9.56250000000000044e-01,9.93750000000000022e-01,6.99842099726692868e-01,-3.55486993344578811e-02,7.00744371774927655e-01,3.23317983096279904e-01
6397,9.68750000000000000e-01,9.93750000000000022e-01,6.25710481276275488e-01,-9.38731435334543146e-02,6.32713026146799695e-01,1.45538508490078100e+00
6398,9.81250000000000067e-01,9.93750000000000022e-01,3.58515657975468083e-01,-1.13396521580264684e-01,3.76021605921902091e-01,9.06845678374615272e-01
6399,9.93750000000000022e-01,9.93750000000000022e-01,2.33646363114949629e-01,-2.04748619060022674e-01,3.10664803290989444e-01,4.08642872285246384e+00
