Test project <repo>/build/asan
          Start 1581: ChannelFlowValidation.AllFourModelsProduceDistinctMuTAndNames
          Start 1507: NaturalConvectionValidation.Grid15x15MatchesDeVahlDavisRa1e3
          Start 1497: TwoMaterialConductionValidation.Grid80MatchesAnalyticalSolution
          Start 1580: ChannelFlowValidation.LaminarControlDiffersSubstantiallyFromKEpsilon
          Start 1583: ChannelFlowValidation.SSTIsDeterministic
          Start 1577: ChannelFlowValidation.SSTMediumConvergesAndMatchesLogLaw
          Start 1574: ChannelFlowValidation.KOmegaMediumConvergesAndMatchesLogLaw
          Start 1576: ChannelFlowValidation.SSTCoarseConvergesAndMatchesLogLaw
          Start 1512: NaturalConvectionValidation.RepeatedCoupledSolveIsBitIdentical
          Start 1491: HeatedCavityConductionValidation.Grid80x80MatchesAnalyticalProfile
          Start 1476: TransientCavityTest.LongTimeTransientApproachesValidatedSteadySimple
          Start 1571: ChannelFlowValidation.KEpsilonMediumConvergesAndMatchesLogLaw
          Start 1582: ChannelFlowValidation.KEpsilonIsDeterministic
          Start 1617: LowMachRegressionTest.GridRefinementKeepsAllMetricsSmall
          Start 1573: ChannelFlowValidation.KOmegaCoarseConvergesAndMatchesLogLaw
          Start 1505: NaturalConvectionValidation.Grid10x10MatchesDeVahlDavisRa1e3
   1/1639 Test #1505: NaturalConvectionValidation.Grid10x10MatchesDeVahlDavisRa1e3 .............................................   Passed  147.10 sec
          Start 1510: NaturalConvectionValidation.HotFluidRisesNearHotWallColdFluidSinksNearColdWall
   2/1639 Test #1573: ChannelFlowValidation.KOmegaCoarseConvergesAndMatchesLogLaw ..............................................   Passed  150.99 sec
          Start 1506: NaturalConvectionValidation.Grid10x10ConstantPropertyModelsMatchDeVahlDavisRa1e3
   3/1639 Test #1617: LowMachRegressionTest.GridRefinementKeepsAllMetricsSmall .................................................   Passed  174.64 sec
          Start 1536: CompressibleProductionCaseTest.RepeatedRunsAreDeterministic
   4/1639 Test #1582: ChannelFlowValidation.KEpsilonIsDeterministic ............................................................   Passed  178.81 sec
          Start 1618: LowMachRegressionTest.RepeatedRunIsDeterministic
   5/1639 Test #1571: ChannelFlowValidation.KEpsilonMediumConvergesAndMatchesLogLaw ............................................   Passed  180.90 sec
          Start 1487: TransientPoiseuilleTest.LongTimeTransientApproachesValidatedSteadySimple
   6/1639 Test #1491: HeatedCavityConductionValidation.Grid80x80MatchesAnalyticalProfile .......................................   Passed  237.01 sec
          Start 1600: SpeciesSolverCouplingTest.PassiveSpeciesDoesNotAlterVelocityOrThermalSolution
   7/1639 Test #1476: TransientCavityTest.LongTimeTransientApproachesValidatedSteadySimple .....................................   Passed  261.83 sec
          Start 1459: CavityGhiaValidation.Grid20x20IsDeterministic
   8/1639 Test #1576: ChannelFlowValidation.SSTCoarseConvergesAndMatchesLogLaw .................................................   Passed  276.75 sec
          Start 1570: ChannelFlowValidation.KEpsilonCoarseConvergesAndMatchesLogLaw
   9/1639 Test #1512: NaturalConvectionValidation.RepeatedCoupledSolveIsBitIdentical ...........................................   Passed  294.63 sec
          Start 1529: CompressibleProductionCaseTest.RunsEndToEndAndConverges
  10/1639 Test #1510: NaturalConvectionValidation.HotFluidRisesNearHotWallColdFluidSinksNearColdWall ...........................   Passed  148.90 sec
          Start 1530: CompressibleProductionCaseTest.MachNumberStaysWellBelowPointOneAndEosIsConsistent
  11/1639 Test #1574: ChannelFlowValidation.KOmegaMediumConvergesAndMatchesLogLaw ..............................................   Passed  297.69 sec
          Start 1533: CompressibleProductionCaseTest.ExportsCompressibleFieldsToCsvVtkAndJson
  12/1639 Test #1506: NaturalConvectionValidation.Grid10x10ConstantPropertyModelsMatchDeVahlDavisRa1e3 .........................   Passed  147.67 sec
          Start 1531: CompressibleProductionCaseTest.ContinuityImbalanceIsSmall
  13/1639 Test #1536: CompressibleProductionCaseTest.RepeatedRunsAreDeterministic ..............................................   Passed  134.23 sec
          Start 1498: TwoMaterialConductionValidation.GridRefinementDoesNotDegradeAccuracy
  14/1639 Test #1618: LowMachRegressionTest.RepeatedRunIsDeterministic .........................................................   Passed  131.03 sec
          Start 1496: TwoMaterialConductionValidation.Grid40MatchesAnalyticalSolution
  15/1639 Test #1487: TransientPoiseuilleTest.LongTimeTransientApproachesValidatedSteadySimple .................................   Passed  138.30 sec
          Start 1175: VisualizationSnapshotTest.CompressibleCaseExposesThermodynamicFieldsLiveAndReloaded
  16/1639 Test #1600: SpeciesSolverCouplingTest.PassiveSpeciesDoesNotAlterVelocityOrThermalSolution ............................   Passed  102.64 sec
          Start 1601: SpeciesSolverCouplingTest.TwoIndependentSpeciesShowNoCrossCoupling
  17/1639 Test #1529: CompressibleProductionCaseTest.RunsEndToEndAndConverges ..................................................   Passed   66.15 sec
          Start 1614: LowMachRegressionTest.EosConsistencyErrorIsAtFloatingPointTolerance
  18/1639 Test #1530: CompressibleProductionCaseTest.MachNumberStaysWellBelowPointOneAndEosIsConsistent ........................   Passed   65.88 sec
          Start 1613: LowMachRegressionTest.DensityVariationIsSmallRelativeToReferenceDensity
  19/1639 Test #1533: CompressibleProductionCaseTest.ExportsCompressibleFieldsToCsvVtkAndJson ..................................   Passed   66.23 sec
          Start 1615: LowMachRegressionTest.CompressibleMassFluxApproachesTheIncompressibleLimit
  20/1639 Test #1531: CompressibleProductionCaseTest.ContinuityImbalanceIsSmall ................................................   Passed   65.76 sec
          Start 1616: LowMachRegressionTest.GlobalMassImbalanceIsSmall
  21/1639 Test #1570: ChannelFlowValidation.KEpsilonCoarseConvergesAndMatchesLogLaw ............................................   Passed   89.60 sec
          Start 1612: LowMachRegressionTest.MachNumberStaysWellBelowPointOne
  22/1639 Test #1498: TwoMaterialConductionValidation.GridRefinementDoesNotDegradeAccuracy .....................................   Passed   67.83 sec
          Start 1599: SpeciesSolverCouplingTest.TransportsThroughAGenuineSIMPLESolvedPoiseuilleFlow
  23/1639 Test #1496: TwoMaterialConductionValidation.Grid40MatchesAnalyticalSolution ..........................................   Passed   67.45 sec
          Start 1455: CavityGhiaValidation.Grid20x20ConvergesAndMatchesGhia
  24/1639 Test #1175: VisualizationSnapshotTest.CompressibleCaseExposesThermodynamicFieldsLiveAndReloaded ......................   Passed   66.89 sec
          Start 1290: SIMPLEConvergenceTest.CavityRe100_20x20Converges
  25/1639 Test #1601: SpeciesSolverCouplingTest.TwoIndependentSpeciesShowNoCrossCoupling .......................................   Passed   58.23 sec
          Start 1481: PoiseuilleValidation.Grid64x8IsDeterministic
  26/1639 Test #1614: LowMachRegressionTest.EosConsistencyErrorIsAtFloatingPointTolerance ......................................   Passed   56.83 sec
          Start 1475: TransientCavityTest.ImpulsiveStartReachesFiniteConservativeStateAndDevelopsRecirculation
  27/1639 Test #1613: LowMachRegressionTest.DensityVariationIsSmallRelativeToReferenceDensity ..................................   Passed   56.76 sec
          Start 1486: TransientPoiseuilleTest.StartupChannelReachesFiniteConservativeStateAndDevelopsProfile
  28/1639 Test #1615: LowMachRegressionTest.CompressibleMassFluxApproachesTheIncompressibleLimit ...............................   Passed   56.64 sec
          Start 1490: HeatedCavityConductionValidation.Grid40x40MatchesAnalyticalProfile
  29/1639 Test #1616: LowMachRegressionTest.GlobalMassImbalanceIsSmall .........................................................   Passed   56.90 sec
          Start 1492: HeatedCavityConductionValidation.GridRefinementDoesNotDegradeAccuracy
  30/1639 Test #1612: LowMachRegressionTest.MachNumberStaysWellBelowPointOne ...................................................   Passed   56.79 sec
          Start 1488: TemporalRefinementTest.ImplicitEulerConvergesAtApproximatelyFirstOrderOnRealPisoChannel
  31/1639 Test #1599: SpeciesSolverCouplingTest.TransportsThroughAGenuineSIMPLESolvedPoiseuilleFlow ............................   Passed   52.14 sec
          Start 1477: PoiseuilleValidation.Grid64x8ConvergesAndMatchesAnalyticalProfile
  32/1639 Test #1490: HeatedCavityConductionValidation.Grid40x40MatchesAnalyticalProfile .......................................   Passed   26.46 sec
          Start 1591: SpeciesAdvectionDiffusionValidation.DiffusionDominatedRegimePe0p1MatchesAnalytical
  33/1639 Test #1492: HeatedCavityConductionValidation.GridRefinementDoesNotDegradeAccuracy ....................................   Passed   26.64 sec
          Start 1592: SpeciesAdvectionDiffusionValidation.MixedRegimePe5MatchesAnalytical
  34/1639 Test #1488: TemporalRefinementTest.ImplicitEulerConvergesAtApproximatelyFirstOrderOnRealPisoChannel ..................   Passed   30.35 sec
          Start  869: ThermalSolverVariablePropertiesTest.VariableConductivityMatchesManufacturedAnalyticalProfile
  35/1639 Test #1486: TransientPoiseuilleTest.StartupChannelReachesFiniteConservativeStateAndDevelopsProfile ...................   Passed   37.11 sec
          Start 1499: TwoMaterialConductionValidation.RepeatedSolveIsDeterministic
  36/1639 Test #1475: TransientCavityTest.ImpulsiveStartReachesFiniteConservativeStateAndDevelopsRecirculation .................   Passed   43.63 sec
          Start 1327: SIMPLEGpuSolverTest.GpuBackendReproducesCpuCavitySolutionWithinTolerance
  37/1639 Test #1592: SpeciesAdvectionDiffusionValidation.MixedRegimePe5MatchesAnalytical ......................................   Passed   17.11 sec
          Start 1504: BoussinesqCouplingTest.RepeatedCoupledSolveIsBitIdentical
  38/1639 Test #1591: SpeciesAdvectionDiffusionValidation.DiffusionDominatedRegimePe0p1MatchesAnalytical .......................   Passed   18.68 sec
          Start 1314: SIMPLETurbulenceModelsTest.LaminarKEpsilonKOmegaAndSSTProduceDistinctModelsAndMuT
  39/1639 Test  #869: ThermalSolverVariablePropertiesTest.VariableConductivityMatchesManufacturedAnalyticalProfile .............   Passed   14.71 sec
          Start 1495: TwoMaterialConductionValidation.Grid20MatchesAnalyticalSolution
  40/1639 Test #1499: TwoMaterialConductionValidation.RepeatedSolveIsDeterministic .............................................   Passed   12.83 sec
          Start 1502: BoussinesqCouplingTest.ReversingGravityReversesCirculationDirection
  41/1639 Test #1327: SIMPLEGpuSolverTest.GpuBackendReproducesCpuCavitySolutionWithinTolerance .................................   Passed   10.26 sec
          Start 1511: NaturalConvectionValidation.ZeroBetaRecoversPureConductionProfile
  42/1639 Test #1504: BoussinesqCouplingTest.RepeatedCoupledSolveIsBitIdentical ................................................   Passed    7.37 sec
          Start 1323: SIMPLEBuoyancyTest.RepeatedBuoyantSolveIsBitIdentical
  43/1639 Test #1495: TwoMaterialConductionValidation.Grid20MatchesAnalyticalSolution ..........................................   Passed    6.78 sec
          Start  868: ThermalSolverVariablePropertiesTest.RepeatedSolveIsDeterministic
  44/1639 Test #1502: BoussinesqCouplingTest.ReversingGravityReversesCirculationDirection ......................................   Passed    7.25 sec
          Start 1328: SIMPLEGpuSolverTest.GpuBackendSatisfiesTheSameConvergenceCriteria
  45/1639 Test #1314: SIMPLETurbulenceModelsTest.LaminarKEpsilonKOmegaAndSSTProduceDistinctModelsAndMuT ........................   Passed   10.62 sec
          Start 1593: SpeciesAdvectionDiffusionValidation.AdvectionDominatedRegimePe50MatchesAnalyticalWithinUpwindDiffusion
  46/1639 Test #1511: NaturalConvectionValidation.ZeroBetaRecoversPureConductionProfile ........................................   Passed    5.22 sec
          Start 1489: HeatedCavityConductionValidation.Grid20x20MatchesAnalyticalProfile
  47/1639 Test #1323: SIMPLEBuoyancyTest.RepeatedBuoyantSolveIsBitIdentical ....................................................   Passed    5.55 sec
          Start 1493: HeatedCavityConductionValidation.RepeatedSolveIsDeterministic
  48/1639 Test  #868: ThermalSolverVariablePropertiesTest.RepeatedSolveIsDeterministic .........................................   Passed    5.34 sec
          Start 1319: SIMPLEBuoyancyTest.RealBuoyancySourceChangesConvergedVelocityField
  49/1639 Test #1593: SpeciesAdvectionDiffusionValidation.AdvectionDominatedRegimePe50MatchesAnalyticalWithinUpwindDiffusion ...   Passed    4.66 sec
          Start 1594: SpeciesAdvectionDiffusionValidation.PureAdvectionTransportsInletValueDownstreamWithoutSourceOrSink
  50/1639 Test #1328: SIMPLEGpuSolverTest.GpuBackendSatisfiesTheSameConvergenceCriteria ........................................   Passed    5.30 sec
          Start 1500: BoussinesqCouplingTest.DifferentiallyHeatedCavityProducesNonzeroVelocity
  51/1639 Test #1489: HeatedCavityConductionValidation.Grid20x20MatchesAnalyticalProfile .......................................   Passed    4.88 sec
          Start 1521: SpeciesProductionCaseTest.RepeatedRunsAreDeterministic
  52/1639 Test #1493: HeatedCavityConductionValidation.RepeatedSolveIsDeterministic ............................................   Passed    4.56 sec
          Start 1151: ProjectRunnerTest.RepeatedRunsAreDeterministic
  53/1639 Test #1319: SIMPLEBuoyancyTest.RealBuoyancySourceChangesConvergedVelocityField .......................................   Passed    4.32 sec
          Start 1316: SIMPLEBuoyancyTest.CaseB_BetaZeroMatchesNoBuoyancyBitForBit
  54/1639 Test #1594: SpeciesAdvectionDiffusionValidation.PureAdvectionTransportsInletValueDownstreamWithoutSourceOrSink .......   Passed    3.82 sec
          Start 1317: SIMPLEBuoyancyTest.CaseC_ZeroGravityMatchesNoBuoyancyBitForBit
  55/1639 Test #1521: SpeciesProductionCaseTest.RepeatedRunsAreDeterministic ...................................................   Passed    3.53 sec
          Start 1318: SIMPLEBuoyancyTest.UniformReferenceTemperatureMatchesNoBuoyancyBitForBit
  56/1639 Test #1500: BoussinesqCouplingTest.DifferentiallyHeatedCavityProducesNonzeroVelocity .................................   Passed    4.07 sec
          Start 1312: SIMPLESSTTest.RepeatedSolveIsBitIdentical
  57/1639 Test #1151: ProjectRunnerTest.RepeatedRunsAreDeterministic ...........................................................   Passed    3.74 sec
          Start 1172: LoadSnapshotFromResultsTest.ThermalCaseExposesTemperatureField
  58/1639 Test #1316: SIMPLEBuoyancyTest.CaseB_BetaZeroMatchesNoBuoyancyBitForBit ..............................................   Passed    3.19 sec
          Start 1310: SIMPLESSTTest.EndToEndLoopIsConnectedAndProducesPhysicalFields
  59/1639 Test #1317: SIMPLEBuoyancyTest.CaseC_ZeroGravityMatchesNoBuoyancyBitForBit ...........................................   Passed    3.08 sec
          Start 1308: SIMPLEKOmegaTest.RepeatedSolveIsBitIdentical
  60/1639 Test #1318: SIMPLEBuoyancyTest.UniformReferenceTemperatureMatchesNoBuoyancyBitForBit .................................   Passed    3.18 sec
          Start 1589: SpeciesDiffusionValidation.Grid80MatchesAnalyticalSlabProfile
  61/1639 Test #1312: SIMPLESSTTest.RepeatedSolveIsBitIdentical ................................................................   Passed    3.95 sec
          Start 1173: VisualizationSnapshotTest.SpeciesCaseExposesConcentrationFieldLiveAndReloaded
  62/1639 Test #1172: LoadSnapshotFromResultsTest.ThermalCaseExposesTemperatureField ...........................................   Passed    3.15 sec
          Start 1520: SpeciesProductionCaseTest.NonSpeciesCaseStillRunsWithEmptySpeciesResults
  63/1639 Test #1589: SpeciesDiffusionValidation.Grid80MatchesAnalyticalSlabProfile ............................................   Passed    2.24 sec
          Start 1516: SpeciesProductionCaseTest.ConcentrationMatchesAnalyticalProfile
  64/1639 Test #1173: VisualizationSnapshotTest.SpeciesCaseExposesConcentrationFieldLiveAndReloaded ............................   Passed    1.62 sec
          Start 1553: ParaviewSmokeTest.SolutionVtkExistsIsNonEmptyAndHasExpectedStructureAndFields
  65/1639 Test #1310: SIMPLESSTTest.EndToEndLoopIsConnectedAndProducesPhysicalFields ...........................................   Passed    3.20 sec
          Start 1527: MultiphaseProductionCaseTest.NonMultiphaseCaseStillRunsWithNoMultiphaseResult
  66/1639 Test #1308: SIMPLEKOmegaTest.RepeatedSolveIsBitIdentical .............................................................   Passed    3.69 sec
          Start 1307: SIMPLEKOmegaTest.EndToEndLoopIsConnectedAndProducesPhysicalFields
  67/1639 Test #1520: SpeciesProductionCaseTest.NonSpeciesCaseStillRunsWithEmptySpeciesResults .................................   Passed    2.15 sec
          Start 1168: BuildSnapshotTest.ValidRunProducesAUsableSnapshot
  68/1639 Test #1516: SpeciesProductionCaseTest.ConcentrationMatchesAnalyticalProfile ..........................................   Passed    1.54 sec
          Start 1149: ProjectRunnerTest.ValidCaseConvergesAndExportsResults
  69/1639 Test #1527: MultiphaseProductionCaseTest.NonMultiphaseCaseStillRunsWithNoMultiphaseResult ............................   Passed    1.58 sec
          Start 1302: SIMPLETurbulenceTest.DefaultTurbulenceModelMatchesExplicitLaminarModel
  70/1639 Test #1553: ParaviewSmokeTest.SolutionVtkExistsIsNonEmptyAndHasExpectedStructureAndFields ............................   Passed    2.14 sec
          Start 1305: SIMPLEKEpsilonTest.RepeatedSolveIsBitIdentical
  71/1639 Test #1149: ProjectRunnerTest.ValidCaseConvergesAndExportsResults ....................................................   Passed    1.67 sec
          Start 1165: CaseSessionTest.RunConvergingCaseMovesToCompleted
  72/1639 Test #1168: BuildSnapshotTest.ValidRunProducesAUsableSnapshot ........................................................   Passed    2.18 sec
          Start 1519: SpeciesProductionCaseTest.ExportsSpeciesFieldToCsvVtkAndJson
  73/1639 Test #1307: SIMPLEKOmegaTest.EndToEndLoopIsConnectedAndProducesPhysicalFields ........................................   Passed    2.83 sec
          Start 1170: LoadSnapshotFromResultsTest.ReloadsAPreviouslyWrittenResultsDirectory
  74/1639 Test #1577: ChannelFlowValidation.SSTMediumConvergesAndMatchesLogLaw .................................................   Passed  494.58 sec
          Start 1535: CompressibleProductionCaseTest.NonCompressibleCaseStillRunsWithNoCompressibleResult
  75/1639 Test #1165: CaseSessionTest.RunConvergingCaseMovesToCompleted ........................................................   Passed    1.70 sec
          Start 1315: SIMPLEBuoyancyTest.CaseA_NoBuoyancySuppliedIsTheBaseline
  76/1639 Test #1519: SpeciesProductionCaseTest.ExportsSpeciesFieldToCsvVtkAndJson .............................................   Passed    2.07 sec
          Start 1515: SpeciesProductionCaseTest.RunsEndToEndAndConverges
  77/1639 Test #1302: SIMPLETurbulenceTest.DefaultTurbulenceModelMatchesExplicitLaminarModel ...................................   Passed    3.35 sec
          Start 1517: SpeciesProductionCaseTest.GlobalDiffusiveFluxBalanceIsConserved
  78/1639 Test #1170: LoadSnapshotFromResultsTest.ReloadsAPreviouslyWrittenResultsDirectory ....................................   Passed    1.74 sec
          Start 1303: SIMPLETurbulenceTest.ElevatedEddyViscosityChangesConvergedVelocityField
  79/1639 Test #1535: CompressibleProductionCaseTest.NonCompressibleCaseStillRunsWithNoCompressibleResult ......................   Passed    1.68 sec
          Start 1304: SIMPLEKEpsilonTest.EndToEndLoopIsConnectedAndProducesPhysicalFields
  80/1639 Test #1305: SIMPLEKEpsilonTest.RepeatedSolveIsBitIdentical ...........................................................   Passed    3.24 sec
          Start 1313: SIMPLESSTTest.ConvergedStatusImpliesTurbulenceResidualWithinTolerance
  81/1639 Test #1315: SIMPLEBuoyancyTest.CaseA_NoBuoyancySuppliedIsTheBaseline .................................................   Passed    1.62 sec
          Start 1597: SpeciesConservationTest.OpenChannelSteadyStateInflowEqualsOutflowWithZeroSource
  82/1639 Test #1515: SpeciesProductionCaseTest.RunsEndToEndAndConverges .......................................................   Passed    1.51 sec
          Start  865: ThermalSolverVariablePropertiesTest.ConstantModelsReproduceThermalPropertiesOverloadExactly
  83/1639 Test #1517: SpeciesProductionCaseTest.GlobalDiffusiveFluxBalanceIsConserved ..........................................   Passed    1.50 sec
          Start 1598: SpeciesConservationTest.OpenChannelWithVolumetricSourceBalancesNetOutflowAgainstSource
  84/1639 Test #1313: SIMPLESSTTest.ConvergedStatusImpliesTurbulenceResidualWithinTolerance ....................................   Passed    1.93 sec
          Start  864: ThermalSolverTest.RepeatedSolveIsDeterministic
  85/1639 Test #1597: SpeciesConservationTest.OpenChannelSteadyStateInflowEqualsOutflowWithZeroSource ..........................   Passed    1.41 sec
          Start 1309: SIMPLEKOmegaTest.ConvergedStatusImpliesTurbulenceResidualWithinTolerance
  86/1639 Test #1598: SpeciesConservationTest.OpenChannelWithVolumetricSourceBalancesNetOutflowAgainstSource ...................   Passed    1.09 sec
          Start 1588: SpeciesDiffusionValidation.Grid40MatchesAnalyticalSlabProfile
  87/1639 Test  #865: ThermalSolverVariablePropertiesTest.ConstantModelsReproduceThermalPropertiesOverloadExactly ..............   Passed    1.26 sec
          Start 1057: SpeciesSolverTest.RepeatedSolveIsDeterministic
  88/1639 Test #1303: SIMPLETurbulenceTest.ElevatedEddyViscosityChangesConvergedVelocityField ..................................   Passed    2.84 sec
          Start 1590: SpeciesDiffusionValidation.GlobalDiffusiveFluxBalanceIsExact
  89/1639 Test #1304: SIMPLEKEpsilonTest.EndToEndLoopIsConnectedAndProducesPhysicalFields ......................................   Passed    2.83 sec
          Start 1306: SIMPLEKEpsilonTest.ConvergedStatusImpliesTurbulenceResidualWithinTolerance
  90/1639 Test  #864: ThermalSolverTest.RepeatedSolveIsDeterministic ...........................................................   Passed    1.02 sec
          Start 1174: VisualizationSnapshotTest.MultiphaseCaseExposesMixtureFieldsLiveAndReloaded
  91/1639 Test #1588: SpeciesDiffusionValidation.Grid40MatchesAnalyticalSlabProfile ............................................   Passed    1.02 sec
          Start  854: ThermalSolverTest.ConvergesAndMatchesAnalytical1DConductionProfile
  92/1639 Test #1057: SpeciesSolverTest.RepeatedSolveIsDeterministic ...........................................................   Passed    0.97 sec
          Start  552: CaseValidationTest.UnsupportedLinearSolverBackendIsRejected
  93/1639 Test #1590: SpeciesDiffusionValidation.GlobalDiffusiveFluxBalanceIsExact .............................................   Passed    0.83 sec
          Start  499: CaseReaderTest.CgTypeAndGpuBackendParseCorrectly
  94/1639 Test #1174: VisualizationSnapshotTest.MultiphaseCaseExposesMixtureFieldsLiveAndReloaded ..............................   Passed    0.86 sec
          Start  642: CompressibleCaseTest.ThermalCoupledAcceptedAlongsideThermal
  95/1639 Test  #552: CaseValidationTest.UnsupportedLinearSolverBackendIsRejected ..............................................   Passed    0.54 sec
          Start  556: CaseBuilderTest.SolvedResultMatchesManualSetupBitForBit
  96/1639 Test  #499: CaseReaderTest.CgTypeAndGpuBackendParseCorrectly .........................................................   Passed    0.45 sec
          Start 1326: SIMPLEGpuResidencyTest.RepeatedOuterIterationsReuseGpuResidencyWithoutReallocating
  97/1639 Test  #642: CompressibleCaseTest.ThermalCoupledAcceptedAlongsideThermal ..............................................   Passed    0.22 sec
          Start 1160: CaseSessionTest.SaveAsWritesARoundTripLoadableCase
  98/1639 Test #1309: SIMPLEKOmegaTest.ConvergedStatusImpliesTurbulenceResidualWithinTolerance .................................   Passed    1.78 sec
          Start 1528: MultiphaseProductionCaseTest.RepeatedRunsAreDeterministic
  99/1639 Test  #854: ThermalSolverTest.ConvergesAndMatchesAnalytical1DConductionProfile .......................................   Passed    0.80 sec
          Start  635: CompressibleCaseTest.ParsesIsothermalCompressibleConfigWhenEnabled
 100/1639 Test #1326: SIMPLEGpuResidencyTest.RepeatedOuterIterationsReuseGpuResidencyWithoutReallocating .......................   Passed    0.18 sec
          Start 1522: MultiphaseProductionCaseTest.RunsEndToEndAndConverges
 101/1639 Test #1306: SIMPLEKEpsilonTest.ConvergedStatusImpliesTurbulenceResidualWithinTolerance ...............................   Passed    1.57 sec
          Start 1150: ProjectRunnerTest.MissingCaseDirectoryReportsInvalidCase
 102/1639 Test  #635: CompressibleCaseTest.ParsesIsothermalCompressibleConfigWhenEnabled .......................................   Passed    0.54 sec
          Start 1050: SpeciesSolverTest.ConvergesAndMatchesAnalytical1DDiffusionProfile
 103/1639 Test #1150: ProjectRunnerTest.MissingCaseDirectoryReportsInvalidCase .................................................   Passed    0.42 sec
          Start 1152: ProjectRunnerTest.CancellationStopsEarlyWithCancelledStatus
 104/1639 Test #1522: MultiphaseProductionCaseTest.RunsEndToEndAndConverges ....................................................   Passed    0.58 sec
          Start  646: CompressibleCaseTest.RejectsSpecificHeatPressureNotGreaterThanGasConstant
 105/1639 Test #1528: MultiphaseProductionCaseTest.RepeatedRunsAreDeterministic ................................................   Passed    0.78 sec
          Start 1300: SIMPLEDeterminismTest.RepeatedSolveIsBitIdentical
 106/1639 Test #1160: CaseSessionTest.SaveAsWritesARoundTripLoadableCase .......................................................   Passed    0.83 sec
          Start 1525: MultiphaseProductionCaseTest.ExportsMixtureFieldsToCsvVtkAndJson
 107/1639 Test  #646: CompressibleCaseTest.RejectsSpecificHeatPressureNotGreaterThanGasConstant ................................   Passed    0.12 sec
          Start 1301: SIMPLEDeterminismTest.RepeatedSolveIsBitIdenticalThirdRun
 108/1639 Test #1152: ProjectRunnerTest.CancellationStopsEarlyWithCancelledStatus ..............................................   Passed    0.24 sec
          Start 1587: SpeciesDiffusionValidation.Grid20MatchesAnalyticalSlabProfile
 109/1639 Test #1050: SpeciesSolverTest.ConvergesAndMatchesAnalytical1DDiffusionProfile ........................................   Passed    0.62 sec
          Start  625: MultiphaseCaseTest.BuilderConstructsMultiphaseRuntimeObjects
 110/1639 Test  #625: MultiphaseCaseTest.BuilderConstructsMultiphaseRuntimeObjects .............................................   Passed    0.13 sec
          Start  681: CSVWriterTest.NonFiniteSpeciesThrows
 111/1639 Test #1587: SpeciesDiffusionValidation.Grid20MatchesAnalyticalSlabProfile ............................................   Passed    0.55 sec
          Start 1551: ResultExportIntegrationTest.ResidualsCsvMatchesStoredHistories
 112/1639 Test  #681: CSVWriterTest.NonFiniteSpeciesThrows .....................................................................   Passed    0.09 sec
          Start 1163: CaseSessionTest.ValidateValidCaseMovesToValidated
 113/1639 Test #1525: MultiphaseProductionCaseTest.ExportsMixtureFieldsToCsvVtkAndJson .........................................   Passed    0.75 sec
          Start  600: BoussinesqCaseTest.BuilderConstructsBoussinesqBuoyancyWithFluidDensity
 114/1639 Test  #600: BoussinesqCaseTest.BuilderConstructsBoussinesqBuoyancyWithFluidDensity ...................................   Passed    0.11 sec
          Start  611: SpeciesCaseTest.BuilderConstructsSpeciesRuntimeObjects
 115/1639 Test  #611: SpeciesCaseTest.BuilderConstructsSpeciesRuntimeObjects ...................................................   Passed    0.11 sec
          Start 1167: CaseSessionTest.RequestCancelStopsARunEarly
 116/1639 Test #1163: CaseSessionTest.ValidateValidCaseMovesToValidated ........................................................   Passed    0.65 sec
          Start 1552: ResultExportIntegrationTest.RepeatedExportIsByteIdenticalAcrossAllFiles
 117/1639 Test #1167: CaseSessionTest.RequestCancelStopsARunEarly ..............................................................   Passed    0.39 sec
          Start 1162: CaseSessionTest.ReloadDiscardsInMemoryEdits
 118/1639 Test #1162: CaseSessionTest.ReloadDiscardsInMemoryEdits ..............................................................   Passed    0.76 sec
          Start  599: BoussinesqCaseTest.ParsesBuoyancyConfigWhenEnabled
 119/1639 Test  #599: BoussinesqCaseTest.ParsesBuoyancyConfigWhenEnabled .......................................................   Passed    0.11 sec
          Start 1157: CaseSessionTest.OpenValidCaseMovesToLoaded
 120/1639 Test #1551: ResultExportIntegrationTest.ResidualsCsvMatchesStoredHistories ...........................................   Passed    2.03 sec
          Start 1166: CaseSessionTest.RunWithoutADirectoryFails
 121/1639 Test  #556: CaseBuilderTest.SolvedResultMatchesManualSetupBitForBit ..................................................   Passed    3.67 sec
          Start 1550: ResultExportIntegrationTest.VtkCellCountAndFieldsMatchSimpleResultExactly
 122/1639 Test #1552: ResultExportIntegrationTest.RepeatedExportIsByteIdenticalAcrossAllFiles ..................................   Passed    1.54 sec
          Start 1524: MultiphaseProductionCaseTest.Phase1VolumeIsConserved
 123/1639 Test #1166: CaseSessionTest.RunWithoutADirectoryFails ................................................................   Passed    0.21 sec
          Start  708: VTKWriterTest.OmitsSpeciesBlocksWhenNotProvided
 124/1639 Test #1157: CaseSessionTest.OpenValidCaseMovesToLoaded ...............................................................   Passed    0.74 sec
          Start 1158: CaseSessionTest.OpenMissingDirectoryLeavesStateUnchangedAndSetsError
 125/1639 Test #1300: SIMPLEDeterminismTest.RepeatedSolveIsBitIdentical ........................................................   Passed    3.21 sec
          Start 1169: BuildSnapshotTest.IncompleteRunProducesAnInvalidSnapshot
 126/1639 Test #1301: SIMPLEDeterminismTest.RepeatedSolveIsBitIdenticalThirdRun ................................................   Passed    3.20 sec
          Start  621: SpeciesCaseTest.RejectsUnknownConcentrationBoundaryType
 127/1639 Test  #708: VTKWriterTest.OmitsSpeciesBlocksWhenNotProvided ..........................................................   Passed    0.73 sec
          Start  624: MultiphaseCaseTest.ParsesMultiphaseConfigWhenEnabled
 128/1639 Test #1158: CaseSessionTest.OpenMissingDirectoryLeavesStateUnchangedAndSetsError .....................................   Passed    0.63 sec
          Start    2: CFDAppCliValidCase
 129/1639 Test #1169: BuildSnapshotTest.IncompleteRunProducesAnInvalidSnapshot .................................................   Passed    0.53 sec
          Start 1548: ResultExportIntegrationTest.CsvFieldsMatchSimpleResultExactly
 130/1639 Test  #621: SpeciesCaseTest.RejectsUnknownConcentrationBoundaryType ..................................................   Passed    0.46 sec
          Start  676: CSVWriterTest.MismatchedTemperatureSizeThrows
 131/1639 Test  #624: MultiphaseCaseTest.ParsesMultiphaseConfigWhenEnabled .....................................................   Passed    0.10 sec
          Start  614: SpeciesCaseTest.RejectsEmptyName
 132/1639 Test #1524: MultiphaseProductionCaseTest.Phase1VolumeIsConserved .....................................................   Passed    0.90 sec
          Start  597: BoussinesqCaseTest.NoBuoyancyBlockHasNoBuoyancyConfig
 133/1639 Test  #676: CSVWriterTest.MismatchedTemperatureSizeThrows ............................................................   Passed    0.10 sec
          Start 1155: CaseSessionTest.StartsEmpty
 134/1639 Test  #614: SpeciesCaseTest.RejectsEmptyName .........................................................................   Passed    0.10 sec
          Start  591: TurbulenceCaseTest.RejectsNonPositiveInitialOmega
 135/1639 Test  #597: BoussinesqCaseTest.NoBuoyancyBlockHasNoBuoyancyConfig ....................................................   Passed    0.12 sec
          Start  567: ThermalCaseTest.RejectsExtraneousValueForAdiabatic
 136/1639 Test  #591: TurbulenceCaseTest.RejectsNonPositiveInitialOmega ........................................................   Passed    0.09 sec
          Start  612: SpeciesCaseTest.ZeroDiffusivityIsAccepted
 137/1639 Test  #567: ThermalCaseTest.RejectsExtraneousValueForAdiabatic .......................................................   Passed    0.11 sec
          Start  617: SpeciesCaseTest.RejectsMissingPerPatchSpeciesWhenSpeciesEnabled
 138/1639 Test  #612: SpeciesCaseTest.ZeroDiffusivityIsAccepted ................................................................   Passed    0.11 sec
          Start  632: MultiphaseCaseTest.RejectsMissingPerPatchAlphaWhenMultiphaseEnabled
 139/1639 Test  #617: SpeciesCaseTest.RejectsMissingPerPatchSpeciesWhenSpeciesEnabled ..........................................   Passed    0.10 sec
          Start 1549: ResultExportIntegrationTest.JsonMetadataMatchesSimpleResultExactly
 140/1639 Test  #632: MultiphaseCaseTest.RejectsMissingPerPatchAlphaWhenMultiphaseEnabled ......................................   Passed    0.12 sec
          Start  526: CaseWriterTest.SpeciesRoundTrip
 141/1639 Test #1550: ResultExportIntegrationTest.VtkCellCountAndFieldsMatchSimpleResultExactly ................................   Passed    1.50 sec
          Start 1171: LoadSnapshotFromResultsTest.MissingDirectoryProducesAnInvalidSnapshot
 142/1639 Test #1155: CaseSessionTest.StartsEmpty ..............................................................................   Passed    0.65 sec
          Start  629: MultiphaseCaseTest.RejectsNonPositiveTransportTimeStep
 143/1639 Test #1171: LoadSnapshotFromResultsTest.MissingDirectoryProducesAnInvalidSnapshot ....................................   Passed    0.24 sec
          Start  605: BoussinesqCaseTest.RejectsMissingReferenceTemperature
 144/1639 Test  #605: BoussinesqCaseTest.RejectsMissingReferenceTemperature ....................................................   Passed    0.35 sec
          Start  634: CompressibleCaseTest.NonCompressibleFixtureHasNoCompressibleConfig
 145/1639 Test  #526: CaseWriterTest.SpeciesRoundTrip ..........................................................................   Passed    0.64 sec
          Start  618: SpeciesCaseTest.RejectsSpeciesKeyWhenSpeciesDisabled
 146/1639 Test  #629: MultiphaseCaseTest.RejectsNonPositiveTransportTimeStep ...................................................   Passed    0.40 sec
          Start  581: TurbulenceCaseTest.BuilderConstructsSSTConfigAndBoundaries
 147/1639 Test #1548: ResultExportIntegrationTest.CsvFieldsMatchSimpleResultExactly ............................................   Passed    1.53 sec
          Start 1513: CaseLidDrivenCavityIntegrationTest.SmallFixtureLoadsBuildsAndConverges
 148/1639 Test  #618: SpeciesCaseTest.RejectsSpeciesKeyWhenSpeciesDisabled .....................................................   Passed    0.50 sec
          Start  601: BoussinesqCaseTest.AcceptsZeroBeta
 149/1639 Test  #634: CompressibleCaseTest.NonCompressibleFixtureHasNoCompressibleConfig .......................................   Passed    0.54 sec
          Start 1503: BoussinesqCouplingTest.ZeroBetaRecoversNonBuoyantAtRestSolution
 150/1639 Test  #581: TurbulenceCaseTest.BuilderConstructsSSTConfigAndBoundaries ...............................................   Passed    0.53 sec
          Start  524: CaseWriterTest.ExplicitInitialConditionsRoundTrip
 151/1639 Test #1549: ResultExportIntegrationTest.JsonMetadataMatchesSimpleResultExactly .......................................   Passed    1.48 sec
          Start  603: BoussinesqCaseTest.RejectsUnsupportedBuoyancyModel
 152/1639 Test    #2: CFDAppCliValidCase .......................................................................................   Passed    2.14 sec
          Start  569: ThermalCaseTest.RejectsTemperatureKeyWhenThermalDisabled
 153/1639 Test  #601: BoussinesqCaseTest.AcceptsZeroBeta .......................................................................   Passed    0.60 sec
          Start  561: ThermalCaseTest.RejectsNonPositiveConductivity
 154/1639 Test  #524: CaseWriterTest.ExplicitInitialConditionsRoundTrip ........................................................   Passed    0.57 sec
          Start  693: JSONWriterTest.WritesSpeciesMetadataInOrderWhenProvided
 155/1639 Test  #603: BoussinesqCaseTest.RejectsUnsupportedBuoyancyModel .......................................................   Passed    0.37 sec
          Start 1605: AlphaAdvectionValidation.GridRefinementReducesInterfaceSmearing
 156/1639 Test  #569: ThermalCaseTest.RejectsTemperatureKeyWhenThermalDisabled .................................................   Passed    0.24 sec
          Start  710: VTKWriterTest.MultipleSpeciesWrittenInOrderAfterTemperature
 157/1639 Test #1503: BoussinesqCouplingTest.ZeroBetaRecoversNonBuoyantAtRestSolution ..........................................   Passed    0.66 sec
          Start  633: MultiphaseCaseTest.RejectsAlphaKeyWhenMultiphaseDisabled
 158/1639 Test  #561: ThermalCaseTest.RejectsNonPositiveConductivity ...........................................................   Passed    0.10 sec
          Start  648: CompressibleCaseTest.RejectsNonPositiveTemperature
 159/1639 Test  #693: JSONWriterTest.WritesSpeciesMetadataInOrderWhenProvided ..................................................   Passed    0.14 sec
          Start  643: CompressibleCaseTest.RejectsBothTemperatureAndThermalCoupled
 160/1639 Test  #710: VTKWriterTest.MultipleSpeciesWrittenInOrderAfterTemperature ..............................................   Passed    0.11 sec
          Start  598: BoussinesqCaseTest.ThermalWithoutBuoyancyHasNoBuoyancyConfig
 161/1639 Test  #633: MultiphaseCaseTest.RejectsAlphaKeyWhenMultiphaseDisabled .................................................   Passed    0.11 sec
          Start 1329: SIMPLEGpuSolverTest.RepeatedOuterIterationsReuseGpuSolverBuffersWithoutReallocating
 162/1639 Test  #648: CompressibleCaseTest.RejectsNonPositiveTemperature .......................................................   Passed    0.11 sec
          Start  557: ThermalCaseTest.NonThermalFixtureHasNoThermalConfig
 163/1639 Test  #643: CompressibleCaseTest.RejectsBothTemperatureAndThermalCoupled .............................................   Passed    0.10 sec
          Start  679: CSVWriterTest.AppendsSpeciesColumnsInOrderAfterTemperature
 164/1639 Test  #598: BoussinesqCaseTest.ThermalWithoutBuoyancyHasNoBuoyancyConfig .............................................   Passed    0.12 sec
          Start 1164: CaseSessionTest.ValidateInvalidCaseLeavesStateAndReportsError
 165/1639 Test  #557: ThermalCaseTest.NonThermalFixtureHasNoThermalConfig ......................................................   Passed    0.09 sec
          Start  647: CompressibleCaseTest.RejectsNonPositiveReferencePressure
 166/1639 Test  #679: CSVWriterTest.AppendsSpeciesColumnsInOrderAfterTemperature ...............................................   Passed    0.10 sec
          Start  566: ThermalCaseTest.RejectsMissingValueForFixedTemperature
 167/1639 Test #1605: AlphaAdvectionValidation.GridRefinementReducesInterfaceSmearing ..........................................   Passed    0.40 sec
          Start  466: BoussinesqBuoyancyTest.UniformReferenceTemperatureGivesZeroMomentumContribution
 168/1639 Test  #647: CompressibleCaseTest.RejectsNonPositiveReferencePressure .................................................   Passed    0.12 sec
          Start  674: CSVWriterTest.OmitsTemperatureColumnWhenNotProvided
 169/1639 Test  #566: ThermalCaseTest.RejectsMissingValueForFixedTemperature ...................................................   Passed    0.12 sec
          Start  604: BoussinesqCaseTest.RejectsNegativeBeta
 170/1639 Test  #674: CSVWriterTest.OmitsTemperatureColumnWhenNotProvided ......................................................   Passed    0.09 sec
          Start  454: BoussinesqBuoyancyTest.RejectsNonFiniteInputs
 171/1639 Test #1329: SIMPLEGpuSolverTest.RepeatedOuterIterationsReuseGpuSolverBuffersWithoutReallocating ......................   Passed    0.37 sec
          Start 1159: CaseSessionTest.SetCaseDefinitionMarksModified
 172/1639 Test  #604: BoussinesqCaseTest.RejectsNegativeBeta ...................................................................   Passed    0.12 sec
          Start  583: TurbulenceCaseTest.RejectsUnsupportedModelName
 173/1639 Test  #454: BoussinesqBuoyancyTest.RejectsNonFiniteInputs ............................................................   Passed    0.18 sec
          Start  452: BoussinesqBuoyancyTest.RejectsNegativeBeta
 174/1639 Test  #466: BoussinesqBuoyancyTest.UniformReferenceTemperatureGivesZeroMomentumContribution ..........................   Passed    0.32 sec
          Start  577: TurbulenceCaseTest.ParsesKOmegaConfigWhenEnabled
 175/1639 Test #1159: CaseSessionTest.SetCaseDefinitionMarksModified ...........................................................   Passed    0.34 sec
          Start 1289: SIMPLEConvergenceTest.TinyFourByFourCavityConverges
 176/1639 Test #1164: CaseSessionTest.ValidateInvalidCaseLeavesStateAndReportsError ............................................   Passed    0.63 sec
          Start  479: TabulatedPropertyTest.ClampsAboveRangeToTheLastValue
 177/1639 Test  #479: TabulatedPropertyTest.ClampsAboveRangeToTheLastValue .....................................................   Passed    0.15 sec
          Start  487: EvaluatePropertyFieldTest.RejectsNonPositiveResultWhenRequired
 178/1639 Test  #452: BoussinesqBuoyancyTest.RejectsNegativeBeta ...............................................................   Passed    0.37 sec
          Start  678: CSVWriterTest.OmitsSpeciesColumnsWhenNotProvided
 179/1639 Test  #577: TurbulenceCaseTest.ParsesKOmegaConfigWhenEnabled .........................................................   Passed    0.47 sec
          Start  842: EnergyEquationVariablePropertiesTest.DiffusionInternalFaceMatchesHandDerivedValue
 180/1639 Test  #583: TurbulenceCaseTest.RejectsUnsupportedModelName ...........................................................   Passed    0.63 sec
          Start 1288: SIMPLEContinuityTest.GlobalMassImbalanceStaysNearZeroForClosedDomain
 181/1639 Test  #678: CSVWriterTest.OmitsSpeciesColumnsWhenNotProvided .........................................................   Passed    0.16 sec
          Start  640: CompressibleCaseTest.BuilderConstructsCompressibleRuntimeObjects
 182/1639 Test  #487: EvaluatePropertyFieldTest.RejectsNonPositiveResultWhenRequired ...........................................   Passed    0.36 sec
          Start  568: ThermalCaseTest.RejectsMissingPerPatchTemperatureWhenThermalEnabled
 183/1639 Test #1513: CaseLidDrivenCavityIntegrationTest.SmallFixtureLoadsBuildsAndConverges ...................................   Passed    2.37 sec
          Start  606: BoussinesqCaseTest.RejectsMissingGravity
 184/1639 Test  #842: EnergyEquationVariablePropertiesTest.DiffusionInternalFaceMatchesHandDerivedValue ........................   Passed    0.32 sec
          Start  620: SpeciesCaseTest.RejectsUnknownSpeciesNameOnPatch
 185/1639 Test  #606: BoussinesqCaseTest.RejectsMissingGravity .................................................................   Passed    0.29 sec
          Start  602: BoussinesqCaseTest.RejectsBuoyancyWithoutThermal
 186/1639 Test  #640: CompressibleCaseTest.BuilderConstructsCompressibleRuntimeObjects .........................................   Passed    0.58 sec
          Start  691: JSONWriterTest.WritesThermalMetadataWhenProvided
 187/1639 Test  #568: ThermalCaseTest.RejectsMissingPerPatchTemperatureWhenThermalEnabled ......................................   Passed    0.42 sec
          Start  608: BoussinesqCaseTest.RejectsNonFiniteGravityComponent
 188/1639 Test  #620: SpeciesCaseTest.RejectsUnknownSpeciesNameOnPatch .........................................................   Passed    0.33 sec
          Start  619: SpeciesCaseTest.RejectsPatchMissingOneDeclaredSpecies
 189/1639 Test  #619: SpeciesCaseTest.RejectsPatchMissingOneDeclaredSpecies ....................................................   Passed    0.45 sec
          Start  493: MomentumVariableViscosityTest.TabulatedMuGivesTheExpectedFaceValue
 190/1639 Test  #602: BoussinesqCaseTest.RejectsBuoyancyWithoutThermal .........................................................   Passed    0.53 sec
          Start  563: ThermalCaseTest.RejectsMissingThermalField
 191/1639 Test  #691: JSONWriterTest.WritesThermalMetadataWhenProvided .........................................................   Passed    0.54 sec
          Start  645: CompressibleCaseTest.RejectsNonPositiveGasConstant
 192/1639 Test  #608: BoussinesqCaseTest.RejectsNonFiniteGravityComponent ......................................................   Passed    0.53 sec
          Start  607: BoussinesqCaseTest.RejectsUnknownKey
 193/1639 Test #1289: SIMPLEConvergenceTest.TinyFourByFourCavityConverges ......................................................   Passed    1.55 sec
          Start  826: EnergyEquationConvectionTest.MismatchedTemperatureSizeThrows
 194/1639 Test #1288: SIMPLEContinuityTest.GlobalMassImbalanceStaysNearZeroForClosedDomain .....................................   Passed    1.45 sec
          Start  810: ThermalPropertiesTest.RejectsZeroSpecificHeat
 195/1639 Test  #493: MomentumVariableViscosityTest.TabulatedMuGivesTheExpectedFaceValue .......................................   Passed    0.40 sec
          Start  580: TurbulenceCaseTest.ParsesSSTConfigWhenEnabled
 196/1639 Test  #826: EnergyEquationConvectionTest.MismatchedTemperatureSizeThrows .............................................   Passed    0.36 sec
          Start 1161: CaseSessionTest.SaveWithoutADirectorySetFails
 197/1639 Test  #810: ThermalPropertiesTest.RejectsZeroSpecificHeat ............................................................   Passed    0.13 sec
          Start  564: ThermalCaseTest.RejectsUnknownThermalKey
 198/1639 Test  #563: ThermalCaseTest.RejectsMissingThermalField ...............................................................   Passed    0.57 sec
          Start  455: BoussinesqBuoyancyTest.RejectsNonFiniteTemperature
 199/1639 Test  #645: CompressibleCaseTest.RejectsNonPositiveGasConstant .......................................................   Passed    0.57 sec
          Start  559: ThermalCaseTest.BuilderConstructsThermalRuntimeObjects
 200/1639 Test  #607: BoussinesqCaseTest.RejectsUnknownKey .....................................................................   Passed    0.57 sec
          Start 1325: SIMPLEGpuResidencyTest.EnablingResidencyDoesNotChangeTheComputedResult
 201/1639 Test  #580: TurbulenceCaseTest.ParsesSSTConfigWhenEnabled ............................................................   Passed    0.24 sec
          Start  565: ThermalCaseTest.RejectsUnknownTemperatureBoundaryType
 202/1639 Test  #564: ThermalCaseTest.RejectsUnknownThermalKey .................................................................   Passed    0.19 sec
          Start 1156: CaseSessionTest.NewCaseMovesToLoadedWithNoDirectory
 203/1639 Test #1325: SIMPLEGpuResidencyTest.EnablingResidencyDoesNotChangeTheComputedResult ...................................   Passed    0.14 sec
          Start 1608: PhaseConservationTest.OpenChannelAccumulationMatchesNetInflowMinusOutflow
 204/1639 Test  #455: BoussinesqBuoyancyTest.RejectsNonFiniteTemperature .......................................................   Passed    0.44 sec
          Start  616: SpeciesCaseTest.RejectsUnknownSpeciesKey
 205/1639 Test #1156: CaseSessionTest.NewCaseMovesToLoadedWithNoDirectory ......................................................   Passed    0.43 sec
          Start 1604: AlphaAdvectionValidation.SlugTranslatesDownstreamWithApproximatelyCorrectDisplacement
 206/1639 Test #1161: CaseSessionTest.SaveWithoutADirectorySetFails ............................................................   Passed    0.68 sec
          Start  558: ThermalCaseTest.ParsesThermalPropertiesWhenEnabled
 207/1639 Test  #559: ThermalCaseTest.BuilderConstructsThermalRuntimeObjects ...................................................   Passed    0.62 sec
          Start  627: MultiphaseCaseTest.RejectsNonPositivePhaseViscosity
 208/1639 Test  #565: ThermalCaseTest.RejectsUnknownTemperatureBoundaryType ....................................................   Passed    0.59 sec
          Start  592: TurbulenceCaseTest.RejectsOutOfRangeRelaxation
 209/1639 Test #1608: PhaseConservationTest.OpenChannelAccumulationMatchesNetInflowMinusOutflow ................................   Passed    0.46 sec
          Start  707: VTKWriterTest.NonFiniteTemperatureThrows
 210/1639 Test  #616: SpeciesCaseTest.RejectsUnknownSpeciesKey .................................................................   Passed    0.24 sec
          Start  485: EvaluatePropertyFieldTest.EvaluatesEveryCellFromItsOwnTemperature
 211/1639 Test  #558: ThermalCaseTest.ParsesThermalPropertiesWhenEnabled .......................................................   Passed    0.17 sec
          Start  706: VTKWriterTest.MismatchedTemperatureSizeThrows
 212/1639 Test  #627: MultiphaseCaseTest.RejectsNonPositivePhaseViscosity ......................................................   Passed    0.10 sec
          Start 1000: SSTModelTest.ConstructionIsDeterministicAcrossInstances
 213/1639 Test  #592: TurbulenceCaseTest.RejectsOutOfRangeRelaxation ...........................................................   Passed    0.10 sec
          Start  675: CSVWriterTest.AppendsTemperatureColumnWhenProvided
 214/1639 Test  #707: VTKWriterTest.NonFiniteTemperatureThrows .................................................................   Passed    0.10 sec
          Start  571: TurbulenceCaseTest.ExplicitLaminarModelCollapsesToNoTurbulenceConfig
 215/1639 Test  #706: VTKWriterTest.MismatchedTemperatureSizeThrows ............................................................   Passed    0.10 sec
          Start  477: TabulatedPropertyTest.InterpolatesWithinAnArbitraryBracket
 216/1639 Test #1604: AlphaAdvectionValidation.SlugTranslatesDownstreamWithApproximatelyCorrectDisplacement ....................   Passed    0.34 sec
          Start 1097: VolumeFractionSolverTest.LinearSolveFailureWhenInnerSolverIsStarved
 217/1639 Test  #675: CSVWriterTest.AppendsTemperatureColumnWhenProvided .......................................................   Passed    0.11 sec
          Start  573: TurbulenceCaseTest.ParsesKEpsilonConfigWhenEnabled
 218/1639 Test  #571: TurbulenceCaseTest.ExplicitLaminarModelCollapsesToNoTurbulenceConfig .....................................   Passed    0.12 sec
          Start  463: BoussinesqBuoyancyTest.HorizontalGravityProducesHorizontalSourceOnly
 219/1639 Test  #485: EvaluatePropertyFieldTest.EvaluatesEveryCellFromItsOwnTemperature ........................................   Passed    0.29 sec
          Start  907: LaminarModelTest.TurbulentViscositySizeMatchesMesh
 220/1639 Test  #477: TabulatedPropertyTest.InterpolatesWithinAnArbitraryBracket ...............................................   Passed    0.19 sec
          Start  457: BoussinesqBuoyancyTest.ZeroBetaGivesZeroSourceForAnyTemperature
 221/1639 Test  #463: BoussinesqBuoyancyTest.HorizontalGravityProducesHorizontalSourceOnly .....................................   Passed    0.11 sec
          Start  613: SpeciesCaseTest.RejectsNegativeDiffusivity
 222/1639 Test  #907: LaminarModelTest.TurbulentViscositySizeMatchesMesh .......................................................   Passed    0.15 sec
          Start  833: EnergyEquationAssemblyTest.MismatchedTemperatureSizeThrows
 223/1639 Test #1000: SSTModelTest.ConstructionIsDeterministicAcrossInstances ..................................................   Passed    0.43 sec
          Start  492: MomentumVariableViscosityTest.InternalFaceMatchesHandDerivedLinearMuValue
 224/1639 Test #1097: VolumeFractionSolverTest.LinearSolveFailureWhenInnerSolverIsStarved ......................................   Passed    0.33 sec
          Start 1324: SIMPLEGpuResidencyTest.DisabledByDefaultIssuesNoGpuActivity
 225/1639 Test #1324: SIMPLEGpuResidencyTest.DisabledByDefaultIssuesNoGpuActivity ..............................................   Passed    0.11 sec
          Start  453: BoussinesqBuoyancyTest.AcceptsZeroBeta
 226/1639 Test  #492: MomentumVariableViscosityTest.InternalFaceMatchesHandDerivedLinearMuValue ................................   Passed    0.19 sec
          Start  872: ThermalRegionMapTest.RejectsDuplicateRegionNames
 227/1639 Test  #457: BoussinesqBuoyancyTest.ZeroBetaGivesZeroSourceForAnyTemperature ..........................................   Passed    0.38 sec
          Start 1564: RestartIOTest.ReadRejectsOutOfRangeJsonNumber
 228/1639 Test  #453: BoussinesqBuoyancyTest.AcceptsZeroBeta ...................................................................   Passed    0.08 sec
          Start  490: DensityPropertyDemonstrationTest.LinearDensityModelFeedsThermalDiffusivityPerCell
 229/1639 Test  #833: EnergyEquationAssemblyTest.MismatchedTemperatureSizeThrows ...............................................   Passed    0.35 sec
          Start  853: EnergyEquationVariablePropertiesTest.CombinerRepeatedAssemblyIsDeterministic
 230/1639 Test  #573: TurbulenceCaseTest.ParsesKEpsilonConfigWhenEnabled .......................................................   Passed    0.65 sec
          Start  589: TurbulenceCaseTest.RejectsNonPositiveInitialK
 231/1639 Test  #872: ThermalRegionMapTest.RejectsDuplicateRegionNames .........................................................   Passed    0.17 sec
          Start  899: ValidateTurbulentViscosityFieldTest.RejectsNonFiniteEntry
 232/1639 Test  #613: SpeciesCaseTest.RejectsNegativeDiffusivity ...............................................................   Passed    0.55 sec
          Start  829: EnergyEquationSourceTest.AccumulatesOnExistingRhs
 233/1639 Test  #853: EnergyEquationVariablePropertiesTest.CombinerRepeatedAssemblyIsDeterministic .............................   Passed    0.33 sec
          Start 1142: CompressibleMomentumTimeDerivativeTest.HandDerivedDiagonalAndSource
 234/1639 Test  #490: DensityPropertyDemonstrationTest.LinearDensityModelFeedsThermalDiffusivityPerCell ........................   Passed    0.44 sec
          Start  711: VTKWriterTest.MismatchedSpeciesSizeThrows
 235/1639 Test  #829: EnergyEquationSourceTest.AccumulatesOnExistingRhs ........................................................   Passed    0.28 sec
          Start  560: ThermalCaseTest.BuilderConstructsHeatFluxWithCaseConductivity
 236/1639 Test #1564: RestartIOTest.ReadRejectsOutOfRangeJsonNumber ............................................................   Passed    0.51 sec
          Start  582: TurbulenceCaseTest.SSTInletPatchGetsFixedKAndOmegaFromCaseConfig
 237/1639 Test  #899: ValidateTurbulentViscosityFieldTest.RejectsNonFiniteEntry ................................................   Passed    0.49 sec
          Start  880: InterfaceConductanceTest.RejectsNonFiniteInputs
 238/1639 Test #1142: CompressibleMomentumTimeDerivativeTest.HandDerivedDiagonalAndSource ......................................   Passed    0.28 sec
          Start  472: LinearPropertyTest.MatchesHandWorkedValuesAboveAndBelowReference
 239/1639 Test  #589: TurbulenceCaseTest.RejectsNonPositiveInitialK ............................................................   Passed    0.74 sec
          Start  458: BoussinesqBuoyancyTest.ZeroGravityGivesZeroSourceForAnyTemperature
 240/1639 Test  #711: VTKWriterTest.MismatchedSpeciesSizeThrows ................................................................   Passed    0.41 sec
          Start  644: CompressibleCaseTest.RejectsNeitherTemperatureNorThermalCoupled
 241/1639 Test  #560: ThermalCaseTest.BuilderConstructsHeatFluxWithCaseConductivity ............................................   Passed    0.42 sec
          Start  871: ThermalRegionMapTest.RejectsEmptyRegions
 242/1639 Test  #582: TurbulenceCaseTest.SSTInletPatchGetsFixedKAndOmegaFromCaseConfig .........................................   Passed    0.41 sec
          Start  482: TabulatedPropertyTest.RejectsMismatchedLengths
 243/1639 Test  #880: InterfaceConductanceTest.RejectsNonFiniteInputs ..........................................................   Passed    0.30 sec
          Start  486: EvaluatePropertyFieldTest.ConstantPropertyGivesAUniformField
 244/1639 Test  #871: ThermalRegionMapTest.RejectsEmptyRegions .................................................................   Passed    0.06 sec
          Start  831: EnergyEquationAssemblyTest.CombinedAssemblyMatchesHandDerivedCoefficients
 245/1639 Test  #472: LinearPropertyTest.MatchesHandWorkedValuesAboveAndBelowReference .........................................   Passed    0.28 sec
          Start  840: EnergyEquationThermalBCIntegrationTest.HeatFluxAndAdiabaticBoundariesMatchHandDerivedRhs
 246/1639 Test  #482: TabulatedPropertyTest.RejectsMismatchedLengths ...........................................................   Passed    0.11 sec
          Start  882: RegionAwareThermalDiffusionTest.EqualConductivityMatchesSingleMaterialPathExactly
 247/1639 Test  #458: BoussinesqBuoyancyTest.ZeroGravityGivesZeroSourceForAnyTemperature .......................................   Passed    0.20 sec
          Start  705: VTKWriterTest.AppendsTemperatureBlockAfterVelocityMagnitudeWhenProvided
 248/1639 Test  #486: EvaluatePropertyFieldTest.ConstantPropertyGivesAUniformField .............................................   Passed    0.11 sec
          Start  623: MultiphaseCaseTest.NonMultiphaseFixtureHasNoMultiphaseConfig
 249/1639 Test  #882: RegionAwareThermalDiffusionTest.EqualConductivityMatchesSingleMaterialPathExactly ........................   Passed    0.17 sec
          Start  491: MomentumVariableViscosityTest.ConstantPropertyReproducesScalarOverloadExactly
 250/1639 Test  #831: EnergyEquationAssemblyTest.CombinedAssemblyMatchesHandDerivedCoefficients ................................   Passed    0.26 sec
          Start 1563: RestartIOTest.ReadRejectsIncompatiblePressureArrayLength
 251/1639 Test  #840: EnergyEquationThermalBCIntegrationTest.HeatFluxAndAdiabaticBoundariesMatchHandDerivedRhs .................   Passed    0.25 sec
          Start  885: RegionAwareThermalDiffusionTest.RepeatedAssemblyIsDeterministic
 252/1639 Test  #705: VTKWriterTest.AppendsTemperatureBlockAfterVelocityMagnitudeWhenProvided ..................................   Passed    0.44 sec
          Start 1032: SpeciesEquationDiffusionTest.ZeroDiffusionCoefficientGivesZeroDiffusiveContribution
 253/1639 Test  #644: CompressibleCaseTest.RejectsNeitherTemperatureNorThermalCoupled ..........................................   Passed    0.66 sec
          Start  461: BoussinesqBuoyancyTest.ReversingGravityReversesTheHotCellDirection
 254/1639 Test  #623: MultiphaseCaseTest.NonMultiphaseFixtureHasNoMultiphaseConfig .............................................   Passed    0.47 sec
          Start  474: LinearPropertyTest.AcceptsZeroSlopeAsAnEquivalentOfConstant
 255/1639 Test  #461: BoussinesqBuoyancyTest.ReversingGravityReversesTheHotCellDirection .......................................   Passed    0.06 sec
          Start  818: EnergyEquationDiffusionTest.InternalFaceCoefficientsAreSymmetric
 256/1639 Test  #491: MomentumVariableViscosityTest.ConstantPropertyReproducesScalarOverloadExactly ............................   Passed    0.40 sec
          Start  631: MultiphaseCaseTest.RejectsMultiphaseTogetherWithTurbulence
 257/1639 Test  #885: RegionAwareThermalDiffusionTest.RepeatedAssemblyIsDeterministic ..........................................   Passed    0.37 sec
          Start 1565: RestartIOTest.ReadRejectsNonNumericFieldValue
 258/1639 Test  #474: LinearPropertyTest.AcceptsZeroSlopeAsAnEquivalentOfConstant ..............................................   Passed    0.10 sec
          Start  863: ThermalSolverTest.NonFiniteStateForNonFiniteMassFlux
 259/1639 Test  #818: EnergyEquationDiffusionTest.InternalFaceCoefficientsAreSymmetric .........................................   Passed    0.07 sec
          Start  817: EnergyEquationDiffusionTest.TwoCellSystemMatchesHandDerivedCoefficients
 260/1639 Test #1563: RestartIOTest.ReadRejectsIncompatiblePressureArrayLength .................................................   Passed    0.48 sec
          Start  478: TabulatedPropertyTest.ClampsBelowRangeToTheFirstValue
 261/1639 Test #1565: RestartIOTest.ReadRejectsNonNumericFieldValue ............................................................   Passed    0.09 sec
          Start  979: SSTEquationTest.CrossDiffusionCoefficientClampsNegativeDotProduct
 262/1639 Test #1032: SpeciesEquationDiffusionTest.ZeroDiffusionCoefficientGivesZeroDiffusiveContribution ......................   Passed    0.27 sec
          Start  857: ThermalSolverTest.MaxIterationsWhenOuterBudgetTooSmall
 263/1639 Test  #857: ThermalSolverTest.MaxIterationsWhenOuterBudgetTooSmall ...................................................   Passed    0.12 sec
          Start  473: LinearPropertyTest.RejectsNonFiniteConstructorArguments
 264/1639 Test  #863: ThermalSolverTest.NonFiniteStateForNonFiniteMassFlux .....................................................   Passed    0.26 sec
          Start  692: JSONWriterTest.SpeciesArrayIsEmptyByDefault
 265/1639 Test  #817: EnergyEquationDiffusionTest.TwoCellSystemMatchesHandDerivedCoefficients ..................................   Passed    0.26 sec
          Start 1009: SSTModelTest.F1ApproachesOneNearAWallAndZeroFarFromIt
 266/1639 Test  #473: LinearPropertyTest.RejectsNonFiniteConstructorArguments ..................................................   Passed    0.15 sec
          Start  488: EvaluatePropertyFieldTest.AllowsNonPositiveResultWhenNotRequired
 267/1639 Test  #478: TabulatedPropertyTest.ClampsBelowRangeToTheFirstValue ....................................................   Passed    0.37 sec
          Start 1554: RestartIOTest.WriteThenReadRoundTripsExactly
 268/1639 Test  #979: SSTEquationTest.CrossDiffusionCoefficientClampsNegativeDotProduct ........................................   Passed    0.37 sec
          Start  825: EnergyEquationConvectionTest.ConstantTemperatureWithDivergenceFreeFluxGivesZeroNetContribution
 269/1639 Test #1009: SSTModelTest.F1ApproachesOneNearAWallAndZeroFarFromIt ....................................................   Passed    0.19 sec
          Start  966: WallDistanceTest.HandDerivedDistanceAtDomainCenter
 270/1639 Test  #631: MultiphaseCaseTest.RejectsMultiphaseTogetherWithTurbulence ...............................................   Passed    0.70 sec
          Start 1020: TurbulenceModelFactoryTest.SSTOverloadRejectsUnsupportedModelNames
 271/1639 Test  #692: JSONWriterTest.SpeciesArrayIsEmptyByDefault ..............................................................   Passed    0.41 sec
          Start  615: SpeciesCaseTest.RejectsDuplicateSpeciesNames
 272/1639 Test  #488: EvaluatePropertyFieldTest.AllowsNonPositiveResultWhenNotRequired .........................................   Passed    0.43 sec
          Start 1501: BoussinesqCouplingTest.EqualWallTemperaturesGiveZeroVelocity
 273/1639 Test  #825: EnergyEquationConvectionTest.ConstantTemperatureWithDivergenceFreeFluxGivesZeroNetContribution ...........   Passed    0.41 sec
          Start  896: ValidateTurbulentViscosityFieldTest.AcceptsCorrectlySizedFiniteNonNegativeField
 274/1639 Test #1020: TurbulenceModelFactoryTest.SSTOverloadRejectsUnsupportedModelNames .......................................   Passed    0.24 sec
          Start  814: ThermalPropertiesTest.ThermalDiffusivityRejectsZeroDensity
 275/1639 Test  #966: WallDistanceTest.HandDerivedDistanceAtDomainCenter .......................................................   Passed    0.43 sec
          Start  861: ThermalSolverTest.InvalidConfigurationForNonPositiveTolerance
 276/1639 Test  #896: ValidateTurbulentViscosityFieldTest.AcceptsCorrectlySizedFiniteNonNegativeField ..........................   Passed    0.06 sec
          Start  494: MomentumVariableViscosityTest.StrongTemperatureContrastIncreasesLocalDiffusionAsymmetrically
 277/1639 Test #1554: RestartIOTest.WriteThenReadRoundTripsExactly .............................................................   Passed    0.55 sec
          Start 1071: TwoPhaseSystemTest.DoesNotRejectOutOfRangeAlpha
 278/1639 Test  #814: ThermalPropertiesTest.ThermalDiffusivityRejectsZeroDensity ...............................................   Passed    0.28 sec
          Start 1084: VolumeFractionTransportEquationTest.RejectsNonPositiveOrNonFiniteDt
 279/1639 Test  #861: ThermalSolverTest.InvalidConfigurationForNonPositiveTolerance ............................................   Passed    0.28 sec
          Start  628: MultiphaseCaseTest.RejectsIdenticalPhaseNames
 280/1639 Test #1071: TwoPhaseSystemTest.DoesNotRejectOutOfRangeAlpha ..........................................................   Passed    0.28 sec
          Start  578: TurbulenceCaseTest.BuilderConstructsKOmegaConfigAndBoundaries
 281/1639 Test #1501: BoussinesqCouplingTest.EqualWallTemperaturesGiveZeroVelocity .............................................   Passed    0.46 sec
          Start  576: TurbulenceCaseTest.InletPatchGetsFixedKAndEpsilonFromCaseConfig
 282/1639 Test #1084: VolumeFractionTransportEquationTest.RejectsNonPositiveOrNonFiniteDt ......................................   Passed    0.12 sec
          Start 1555: RestartIOTest.RepeatedWriteIsByteIdentical
 283/1639 Test  #494: MomentumVariableViscosityTest.StrongTemperatureContrastIncreasesLocalDiffusionAsymmetrically .............   Passed    0.41 sec
          Start  972: SSTEquationTest.AlphaRejectsInvalidBetaStar
 284/1639 Test  #628: MultiphaseCaseTest.RejectsIdenticalPhaseNames ............................................................   Passed    0.27 sec
          Start  585: TurbulenceCaseTest.RejectsBothInitialEpsilonAndInitialOmega
 285/1639 Test  #615: SpeciesCaseTest.RejectsDuplicateSpeciesNames .............................................................   Passed    0.83 sec
          Start  677: CSVWriterTest.NonFiniteTemperatureThrows
 286/1639 Test  #578: TurbulenceCaseTest.BuilderConstructsKOmegaConfigAndBoundaries ............................................   Passed    0.24 sec
          Start  879: InterfaceConductanceTest.RejectsNonPositiveDistance
 287/1639 Test  #576: TurbulenceCaseTest.InletPatchGetsFixedKAndEpsilonFromCaseConfig ..........................................   Passed    0.26 sec
          Start  570: TurbulenceCaseTest.LegacyFixtureHasNoTurbulenceConfig
 288/1639 Test #1555: RestartIOTest.RepeatedWriteIsByteIdentical ...............................................................   Passed    0.44 sec
          Start 1566: RestartIOTest.ReadRejectsInvalidDeltaT
 289/1639 Test  #972: SSTEquationTest.AlphaRejectsInvalidBetaStar ..............................................................   Passed    0.44 sec
          Start 1148: CompressibleMomentumComponentTest.NonUniformDensityChangesTheAssembledDiagonal
 290/1639 Test  #879: InterfaceConductanceTest.RejectsNonPositiveDistance ......................................................   Passed    0.39 sec
          Start  704: VTKWriterTest.OmitsTemperatureBlockWhenNotProvided
 291/1639 Test  #704: VTKWriterTest.OmitsTemperatureBlockWhenNotProvided .......................................................   Passed    0.13 sec
          Start  806: ThermalPropertiesTest.StoresConductivityAndSpecificHeat
 292/1639 Test  #585: TurbulenceCaseTest.RejectsBothInitialEpsilonAndInitialOmega ..............................................   Passed    0.60 sec
          Start  483: TabulatedPropertyTest.RejectsNonIncreasingTemperatures
 293/1639 Test  #677: CSVWriterTest.NonFiniteTemperatureThrows .................................................................   Passed    0.61 sec
          Start  993: SSTEquationTest.ProductionLimiterUnlimitedBranch
 294/1639 Test  #570: TurbulenceCaseTest.LegacyFixtureHasNoTurbulenceConfig ....................................................   Passed    0.57 sec
          Start 1534: CompressibleProductionCaseTest.MissingCaseDirectoryReportsInvalidCase
 295/1639 Test #1148: CompressibleMomentumComponentTest.NonUniformDensityChangesTheAssembledDiagonal ...........................   Passed    0.36 sec
          Start  832: EnergyEquationAssemblyTest.ProducesCorrectDimensions
 296/1639 Test #1566: RestartIOTest.ReadRejectsInvalidDeltaT ...................................................................   Passed    0.47 sec
          Start 1145: CompressibleMomentumTimeDerivativeTest.RejectsNonPositiveDt
 297/1639 Test  #832: EnergyEquationAssemblyTest.ProducesCorrectDimensions .....................................................   Passed    0.21 sec
          Start 1045: SpeciesEquationAssemblyTest.RepeatedAssemblyIsDeterministic
 298/1639 Test  #806: ThermalPropertiesTest.StoresConductivityAndSpecificHeat ..................................................   Passed    0.36 sec
          Start  819: EnergyEquationDiffusionTest.ConstantTemperatureGivesZeroContributionEverywhere
 299/1639 Test  #483: TabulatedPropertyTest.RejectsNonIncreasingTemperatures ...................................................   Passed    0.45 sec
          Start  709: VTKWriterTest.AppendsOneSpeciesBlockAfterVelocityMagnitudeWhenProvided
 300/1639 Test #1145: CompressibleMomentumTimeDerivativeTest.RejectsNonPositiveDt ..............................................   Passed    0.36 sec
          Start 1133: CompressibleMassFluxTest.MismatchedDensitySizeThrows
 301/1639 Test  #993: SSTEquationTest.ProductionLimiterUnlimitedBranch .........................................................   Passed    0.54 sec
          Start  572: TurbulenceCaseTest.ExplicitLaminarModelAcceptsInitialOmegaToo
 302/1639 Test #1045: SpeciesEquationAssemblyTest.RepeatedAssemblyIsDeterministic ..............................................   Passed    0.33 sec
          Start  898: ValidateTurbulentViscosityFieldTest.RejectsNegativeEntry
 303/1639 Test  #819: EnergyEquationDiffusionTest.ConstantTemperatureGivesZeroContributionEverywhere ...........................   Passed    0.42 sec
          Start 1075: VolumeFractionConvectionTest.PositiveInternalFluxSelectsOwnerNegativeSelectsNeighbor
 304/1639 Test #1133: CompressibleMassFluxTest.MismatchedDensitySizeThrows .....................................................   Passed    0.36 sec
          Start  910: LaminarModelTest.RepeatedCorrectIsDeterministic
 305/1639 Test #1534: CompressibleProductionCaseTest.MissingCaseDirectoryReportsInvalidCase ....................................   Passed    0.88 sec
          Start  622: SpeciesCaseTest.RejectsMissingValueForConcentrationBoundary
 306/1639 Test #1075: VolumeFractionConvectionTest.PositiveInternalFluxSelectsOwnerNegativeSelectsNeighbor .....................   Passed    0.27 sec
          Start  807: ThermalPropertiesTest.ThermalDiffusivityIsKOverRhoCp
 307/1639 Test  #898: ValidateTurbulentViscosityFieldTest.RejectsNegativeEntry .................................................   Passed    0.41 sec
          Start  475: TabulatedPropertyTest.RecoversExactTableNodes
 308/1639 Test  #709: VTKWriterTest.AppendsOneSpeciesBlockAfterVelocityMagnitudeWhenProvided ...................................   Passed    0.65 sec
          Start  988: SSTEquationTest.KDiffusivityMatchesHandDerivedBlendedValue
 309/1639 Test  #910: LaminarModelTest.RepeatedCorrectIsDeterministic ..........................................................   Passed    0.22 sec
          Start  464: BoussinesqBuoyancyTest.MomentumContributionScalesWithCellVolume
 310/1639 Test  #622: SpeciesCaseTest.RejectsMissingValueForConcentrationBoundary ..............................................   Passed    0.21 sec
          Start 1094: VolumeFractionSolverTest.InvalidConfigurationForNonPositiveDt
 311/1639 Test  #572: TurbulenceCaseTest.ExplicitLaminarModelAcceptsInitialOmegaToo ............................................   Passed    0.62 sec
          Start 1019: TurbulenceModelFactoryTest.SSTNameCreatesSSTModel
 312/1639 Test  #464: BoussinesqBuoyancyTest.MomentumContributionScalesWithCellVolume ..........................................   Passed    0.25 sec
          Start  451: BoussinesqBuoyancyTest.RejectsNonPositiveReferenceDensity
 313/1639 Test  #475: TabulatedPropertyTest.RecoversExactTableNodes ............................................................   Passed    0.32 sec
          Start 1074: EvaluateMixtureFieldTest.MismatchedAlphaSizeThrows
 314/1639 Test  #807: ThermalPropertiesTest.ThermalDiffusivityIsKOverRhoCp .....................................................   Passed    0.35 sec
          Start 1560: RestartIOTest.ReadRejectsWrongFormatVersion
 315/1639 Test  #988: SSTEquationTest.KDiffusivityMatchesHandDerivedBlendedValue ...............................................   Passed    0.34 sec
          Start  935: KEpsilonModelTest.ConstructionIsDeterministicAcrossInstances
 316/1639 Test #1094: VolumeFractionSolverTest.InvalidConfigurationForNonPositiveDt ............................................   Passed    0.30 sec
          Start  860: ThermalSolverTest.InvalidConfigurationForZeroOuterMaxIterations
 317/1639 Test #1019: TurbulenceModelFactoryTest.SSTNameCreatesSSTModel ........................................................   Passed    0.30 sec
          Start  470: ConstantPropertyTest.RejectsNonFiniteTemperatureQuery
 318/1639 Test #1074: EvaluateMixtureFieldTest.MismatchedAlphaSizeThrows .......................................................   Passed    0.11 sec
          Start  460: BoussinesqBuoyancyTest.ColdCellWithDownwardGravityDrivesFluidDownward
 319/1639 Test  #460: BoussinesqBuoyancyTest.ColdCellWithDownwardGravityDrivesFluidDownward ....................................   Passed    0.18 sec
          Start  469: ConstantPropertyTest.RejectsNonFiniteReferenceValue
 320/1639 Test  #451: BoussinesqBuoyancyTest.RejectsNonPositiveReferenceDensity ................................................   Passed    0.35 sec
          Start 1124: CompressibleMassFluxTest.UniformDensityMatchesIncompressibleMassFluxExactly
 321/1639 Test  #470: ConstantPropertyTest.RejectsNonFiniteTemperatureQuery ....................................................   Passed    0.27 sec
          Start  956: KOmegaModelTest.RejectsInvalidInitialK
 322/1639 Test  #860: ThermalSolverTest.InvalidConfigurationForZeroOuterMaxIterations ..........................................   Passed    0.38 sec
          Start  471: LinearPropertyTest.MatchesReferenceValueAtReferenceTemperature
 323/1639 Test  #956: KOmegaModelTest.RejectsInvalidInitialK ...................................................................   Passed    0.11 sec
          Start  630: MultiphaseCaseTest.RejectsTopLevelViscosityAboveBothPhases
 324/1639 Test #1560: RestartIOTest.ReadRejectsWrongFormatVersion ..............................................................   Passed    0.51 sec
          Start 1567: RestartIOTest.ReadRejectsMismatchedVelocityComponentArrayLengths
 325/1639 Test  #935: KEpsilonModelTest.ConstructionIsDeterministicAcrossInstances .............................................   Passed    0.52 sec
          Start 1562: RestartIOTest.ReadRejectsCellCountMismatch
 326/1639 Test  #471: LinearPropertyTest.MatchesReferenceValueAtReferenceTemperature ...........................................   Passed    0.19 sec
          Start 1523: MultiphaseProductionCaseTest.AlphaAndMixturePropertiesMatchExactExpectedValues
 327/1639 Test  #469: ConstantPropertyTest.RejectsNonFiniteReferenceValue ......................................................   Passed    0.37 sec
          Start  897: ValidateTurbulentViscosityFieldTest.RejectsMismatchedSize
 328/1639 Test #1124: CompressibleMassFluxTest.UniformDensityMatchesIncompressibleMassFluxExactly ..............................   Passed    0.37 sec
          Start  999: SSTModelTest.ConstructionMuTReducesToStandardKOmegaForm
 329/1639 Test #1567: RestartIOTest.ReadRejectsMismatchedVelocityComponentArrayLengths .........................................   Passed    0.35 sec
          Start  830: EnergyEquationSourceTest.RejectsNonFiniteHeatSource
 330/1639 Test #1562: RestartIOTest.ReadRejectsCellCountMismatch ...............................................................   Passed    0.35 sec
          Start  626: MultiphaseCaseTest.RejectsInitialAlphaOutOfRange
 331/1639 Test  #999: SSTModelTest.ConstructionMuTReducesToStandardKOmegaForm ..................................................   Passed    0.31 sec
          Start  834: EnergyEquationAssemblyTest.MismatchedMassFluxSizeThrows
 332/1639 Test  #897: ValidateTurbulentViscosityFieldTest.RejectsMismatchedSize ................................................   Passed    0.37 sec
          Start 1076: VolumeFractionConvectionTest.BoundaryOutflowUsesOwnerUnknownNotBoundaryValue
 333/1639 Test  #830: EnergyEquationSourceTest.RejectsNonFiniteHeatSource ......................................................   Passed    0.34 sec
          Start  480: TabulatedPropertyTest.ReportsTableRange
 334/1639 Test  #834: EnergyEquationAssemblyTest.MismatchedMassFluxSizeThrows ..................................................   Passed    0.20 sec
          Start 1025: SpeciesPropertiesTest.RejectsEmptyName
 335/1639 Test  #626: MultiphaseCaseTest.RejectsInitialAlphaOutOfRange .........................................................   Passed    0.38 sec
          Start 1054: SpeciesSolverTest.LinearSolveFailureWhenInnerSolverIsStarved
 336/1639 Test  #630: MultiphaseCaseTest.RejectsTopLevelViscosityAboveBothPhases ...............................................   Passed    0.83 sec
          Start  816: ThermalPropertiesTest.ThermalDiffusivityRejectsNonFiniteDensity
 337/1639 Test #1076: VolumeFractionConvectionTest.BoundaryOutflowUsesOwnerUnknownNotBoundaryValue .............................   Passed    0.28 sec
          Start 1061: PhasePropertiesTest.RejectsEmptyName
 338/1639 Test #1025: SpeciesPropertiesTest.RejectsEmptyName ...................................................................   Passed    0.22 sec
          Start  467: BoussinesqBuoyancyTest.MismatchedTemperatureSizeThrows
 339/1639 Test #1054: SpeciesSolverTest.LinearSolveFailureWhenInnerSolverIsStarved .............................................   Passed    0.21 sec
          Start  900: EffectiveViscosityTest.IsSumOfMolecularAndTurbulent
 340/1639 Test  #480: TabulatedPropertyTest.ReportsTableRange ..................................................................   Passed    0.40 sec
          Start 1040: SpeciesEquationAssemblyTest.CombinedAssemblyUsesDensityTimesDiffusivityAsCoefficient
 341/1639 Test  #467: BoussinesqBuoyancyTest.MismatchedTemperatureSizeThrows ...................................................   Passed    0.16 sec
          Start 1098: VolumeFractionSolverTest.RepeatedStepIsDeterministic
 342/1639 Test #1523: MultiphaseProductionCaseTest.AlphaAndMixturePropertiesMatchExactExpectedValues ...........................   Passed    1.04 sec
          Start  562: ThermalCaseTest.RejectsNegativeSpecificHeat
 343/1639 Test #1061: PhasePropertiesTest.RejectsEmptyName .....................................................................   Passed    0.32 sec
          Start 1091: VolumeFractionSolverTest.ConvergesForASimpleUniformInletFlow
 344/1639 Test  #816: ThermalPropertiesTest.ThermalDiffusivityRejectsNonFiniteDensity ..........................................   Passed    0.40 sec
          Start 1141: CompressibleContinuityTest.RejectsNonPositiveOrNonFiniteDt
 345/1639 Test #1091: VolumeFractionSolverTest.ConvergesForASimpleUniformInletFlow .............................................   Passed    0.19 sec
          Start 1425: PISOTurbulenceTest.DefaultTurbulenceModelMatchesExplicitLaminarModel
 346/1639 Test #1098: VolumeFractionSolverTest.RepeatedStepIsDeterministic .....................................................   Passed    0.27 sec
          Start  959: KOmegaModelTest.TurbulentViscosityVanishesAsKVanishes
 347/1639 Test #1040: SpeciesEquationAssemblyTest.CombinedAssemblyUsesDensityTimesDiffusivityAsCoefficient .....................   Passed    0.33 sec
          Start 1035: SpeciesEquationConvectionTest.BoundaryOutflowUsesOwnerUnknownNotBoundaryValue
 348/1639 Test  #900: EffectiveViscosityTest.IsSumOfMolecularAndTurbulent ......................................................   Passed    0.47 sec
          Start 1105: IdealGasEOSTest.RejectsNonFiniteGasConstant
 349/1639 Test  #959: KOmegaModelTest.TurbulentViscosityVanishesAsKVanishes ....................................................   Passed    0.09 sec
          Start  588: TurbulenceCaseTest.RejectsKOmegaModelWithInitialEpsilonOnly
 350/1639 Test #1105: IdealGasEOSTest.RejectsNonFiniteGasConstant ..............................................................   Passed    0.07 sec
          Start  450: BoussinesqBuoyancyTest.ConstructsWithValidParameters
 351/1639 Test #1141: CompressibleContinuityTest.RejectsNonPositiveOrNonFiniteDt ...............................................   Passed    0.36 sec
          Start  841: EnergyEquationVariablePropertiesTest.DiffusionUniformFieldMatchesScalarOverloadExactly
 352/1639 Test #1035: SpeciesEquationConvectionTest.BoundaryOutflowUsesOwnerUnknownNotBoundaryValue ............................   Passed    0.34 sec
          Start 1602: UniformAlphaPreservationTest.DivergenceFreeChannelFlowPreservesUniformAlphaOverManySteps
 353/1639 Test #1425: PISOTurbulenceTest.DefaultTurbulenceModelMatchesExplicitLaminarModel .....................................   Passed    0.48 sec
          Start  867: ThermalSolverVariablePropertiesTest.NonFiniteStateWhenPropertyModelPredictsNonPositiveValue
 354/1639 Test  #562: ThermalCaseTest.RejectsNegativeSpecificHeat ..............................................................   Passed    0.81 sec
          Start 1561: RestartIOTest.ReadRejectsDifferentMeshWithSameCounts
 355/1639 Test  #588: TurbulenceCaseTest.RejectsKOmegaModelWithInitialEpsilonOnly ..............................................   Passed    0.46 sec
          Start  877: InterfaceConductanceTest.EqualConductivityReducesToPlainFormula
 356/1639 Test  #450: BoussinesqBuoyancyTest.ConstructsWithValidParameters .....................................................   Passed    0.44 sec
          Start 1102: IdealGasEOSTest.RejectsNonPositivePressureOrTemperature
 357/1639 Test  #841: EnergyEquationVariablePropertiesTest.DiffusionUniformFieldMatchesScalarOverloadExactly ...................   Passed    0.42 sec
          Start  970: SSTEquationTest.Alpha1MatchesHandDerivedValue
 358/1639 Test  #867: ThermalSolverVariablePropertiesTest.NonFiniteStateWhenPropertyModelPredictsNonPositiveValue ..............   Passed    0.17 sec
          Start  813: ThermalPropertiesTest.RejectsNonFiniteSpecificHeat
 359/1639 Test #1602: UniformAlphaPreservationTest.DivergenceFreeChannelFlowPreservesUniformAlphaOverManySteps .................   Passed    0.28 sec
          Start  873: ThermalRegionMapTest.RejectsEmptyCellRegionIndex
 360/1639 Test  #877: InterfaceConductanceTest.EqualConductivityReducesToPlainFormula ..........................................   Passed    0.28 sec
          Start  911: LaminarModelTest.DifferentFiniteFlowFieldsStillProduceZeroMuT
 361/1639 Test  #813: ThermalPropertiesTest.RejectsNonFiniteSpecificHeat .......................................................   Passed    0.22 sec
          Start 1093: VolumeFractionSolverTest.InvalidConfigurationForMismatchedMassFluxSize
 362/1639 Test  #873: ThermalRegionMapTest.RejectsEmptyCellRegionIndex .........................................................   Passed    0.22 sec
          Start 1606: PhaseConservationTest.ClosedDomainConservesPhaseVolumeWithCirculatingInternalFlux
 363/1639 Test #1102: IdealGasEOSTest.RejectsNonPositivePressureOrTemperature ..................................................   Passed    0.34 sec
          Start 1119: MachNumberTest.RejectsNonPositiveSpeedOfSound
 364/1639 Test #1561: RestartIOTest.ReadRejectsDifferentMeshWithSameCounts .....................................................   Passed    0.48 sec
          Start  884: RegionAwareThermalDiffusionTest.MismatchedRegionSizeThrows
 365/1639 Test  #970: SSTEquationTest.Alpha1MatchesHandDerivedValue ............................................................   Passed    0.43 sec
          Start  821: EnergyEquationDiffusionTest.MismatchedTemperatureSizeThrows
 366/1639 Test  #911: LaminarModelTest.DifferentFiniteFlowFieldsStillProduceZeroMuT ............................................   Passed    0.22 sec
          Start 1108: IdealGasEOSTest.DDensityDTemperatureMatchesAnalyticalFormula
 367/1639 Test #1093: VolumeFractionSolverTest.InvalidConfigurationForMismatchedMassFluxSize ...................................   Passed    0.27 sec
          Start 1007: SSTModelTest.ConvergenceResidualIsNulloptBeforeFirstCorrect
 368/1639 Test #1606: PhaseConservationTest.ClosedDomainConservesPhaseVolumeWithCirculatingInternalFlux ........................   Passed    0.26 sec
          Start 1557: RestartIOTest.ReadRejectsMalformedJsonSyntax
 369/1639 Test #1108: IdealGasEOSTest.DDensityDTemperatureMatchesAnalyticalFormula .............................................   Passed    0.11 sec
          Start  594: TurbulenceCaseTest.RejectsEpsilonRelaxationWithoutInitialEpsilon
 370/1639 Test #1119: MachNumberTest.RejectsNonPositiveSpeedOfSound ............................................................   Passed    0.29 sec
          Start 1123: EvaluateDensityFieldTest.InvalidCellStateThrowsNamingTheCell
 371/1639 Test  #821: EnergyEquationDiffusionTest.MismatchedTemperatureSizeThrows ..............................................   Passed    0.21 sec
          Start 1089: PhaseVolumeTest.MismatchedAlphaSizeThrows
 372/1639 Test  #884: RegionAwareThermalDiffusionTest.MismatchedRegionSizeThrows ...............................................   Passed    0.27 sec
          Start 1111: ThermodynamicPropertiesTest.DerivesCvAndGammaFromRAndCp
 373/1639 Test #1111: ThermodynamicPropertiesTest.DerivesCvAndGammaFromRAndCp ..................................................   Passed    0.22 sec
          Start  845: EnergyEquationVariablePropertiesTest.DiffusionMismatchedConductivityFieldSizeThrows
 374/1639 Test #1123: EvaluateDensityFieldTest.InvalidCellStateThrowsNamingTheCell .............................................   Passed    0.33 sec
          Start 1143: CompressibleMomentumTimeDerivativeTest.ConstantDensityMatchesIncompressibleFormula
 375/1639 Test #1089: PhaseVolumeTest.MismatchedAlphaSizeThrows ................................................................   Passed    0.35 sec
          Start  852: EnergyEquationVariablePropertiesTest.CombinerMismatchedFieldSizeThrows
 376/1639 Test #1007: SSTModelTest.ConvergenceResidualIsNulloptBeforeFirstCorrect ..............................................   Passed    0.51 sec
          Start 1120: EvaluateDensityFieldTest.EvaluatesEveryCellFromItsOwnPressureAndTemperature
 377/1639 Test #1557: RestartIOTest.ReadRejectsMalformedJsonSyntax .............................................................   Passed    0.53 sec
          Start 1096: VolumeFractionSolverTest.NonFiniteStateForNonFiniteMassFlux
 378/1639 Test #1120: EvaluateDensityFieldTest.EvaluatesEveryCellFromItsOwnPressureAndTemperature ..............................   Passed    0.17 sec
          Start 1144: CompressibleMomentumTimeDerivativeTest.MismatchedSizeThrows
 379/1639 Test  #845: EnergyEquationVariablePropertiesTest.DiffusionMismatchedConductivityFieldSizeThrows ......................   Passed    0.32 sec
          Start 1082: VolumeFractionTransportEquationTest.TimeDerivativeCoefficientMatchesVolumeOverDt
 380/1639 Test #1143: CompressibleMomentumTimeDerivativeTest.ConstantDensityMatchesIncompressibleFormula .......................   Passed    0.30 sec
          Start 1115: ThermodynamicPropertiesTest.SpeedOfSoundMatchesAnalyticalFormula
 381/1639 Test  #852: EnergyEquationVariablePropertiesTest.CombinerMismatchedFieldSizeThrows ...................................   Passed    0.27 sec
          Start 1114: ThermodynamicPropertiesTest.DensityDelegatesToTheEquationOfState
 382/1639 Test #1096: VolumeFractionSolverTest.NonFiniteStateForNonFiniteMassFlux ..............................................   Passed    0.24 sec
          Start 1066: TwoPhaseSystemTest.StoresBothPhases
 383/1639 Test #1082: VolumeFractionTransportEquationTest.TimeDerivativeCoefficientMatchesVolumeOverDt .........................   Passed    0.11 sec
          Start 1426: PISOTurbulenceTest.ElevatedEddyViscosityChangesPredictedState
 384/1639 Test #1115: ThermodynamicPropertiesTest.SpeedOfSoundMatchesAnalyticalFormula .........................................   Passed    0.16 sec
          Start 1556: RestartIOTest.ReadRejectsMissingFile
 385/1639 Test #1144: CompressibleMomentumTimeDerivativeTest.MismatchedSizeThrows ..............................................   Passed    0.23 sec
          Start  849: EnergyEquationVariablePropertiesTest.RejectsNonFiniteOrNonPositiveSpecificHeatField
 386/1639 Test #1114: ThermodynamicPropertiesTest.DensityDelegatesToTheEquationOfState .........................................   Passed    0.20 sec
          Start  986: SSTEquationTest.F1ApproachesOneVeryNearAWall
 387/1639 Test  #594: TurbulenceCaseTest.RejectsEpsilonRelaxationWithoutInitialEpsilon .........................................   Passed    0.96 sec
          Start  429: MomentumDiffusionTest.NonUniformEffectiveViscosityChangesDiffusionCoefficients
 388/1639 Test #1066: TwoPhaseSystemTest.StoresBothPhases ......................................................................   Passed    0.27 sec
          Start  520: CaseWriterTest.BasicCaseRoundTripsExactly
 389/1639 Test #1426: PISOTurbulenceTest.ElevatedEddyViscosityChangesPredictedState ............................................   Passed    0.50 sec
          Start 1060: PhasePropertiesTest.StoresNameDensityAndViscosity
 390/1639 Test  #849: EnergyEquationVariablePropertiesTest.RejectsNonFiniteOrNonPositiveSpecificHeatField ......................   Passed    0.44 sec
          Start 1015: TurbulenceModelFactoryTest.LaminarNameCreatesLaminarModelViaKOmegaOverload
 391/1639 Test #1556: RestartIOTest.ReadRejectsMissingFile .....................................................................   Passed    0.54 sec
          Start 1109: IdealGasEOSTest.DDensityDTemperatureIsNegative
 392/1639 Test  #986: SSTEquationTest.F1ApproachesOneVeryNearAWall .............................................................   Passed    0.51 sec
          Start 1064: PhasePropertiesTest.RejectsNonFiniteDensityOrViscosity
 393/1639 Test  #429: MomentumDiffusionTest.NonUniformEffectiveViscosityChangesDiffusionCoefficients ...........................   Passed    0.49 sec
          Start 1099: IdealGasEOSTest.MatchesKnownStandardAtmosphereState
 394/1639 Test #1015: TurbulenceModelFactoryTest.LaminarNameCreatesLaminarModelViaKOmegaOverload ...............................   Passed    0.13 sec
          Start 1065: PhasePropertiesTest.TwoPhasesKeepIndependentIdentity
 395/1639 Test #1065: PhasePropertiesTest.TwoPhasesKeepIndependentIdentity .....................................................   Passed    0.05 sec
          Start 1027: SpeciesPropertiesTest.RejectsNonFiniteDiffusivity
 396/1639 Test #1060: PhasePropertiesTest.StoresNameDensityAndViscosity ........................................................   Passed    0.27 sec
          Start 1078: VolumeFractionConvectionTest.ConstantAlphaWithDivergenceFreeFluxGivesZeroNetContribution
 397/1639 Test #1064: PhasePropertiesTest.RejectsNonFiniteDensityOrViscosity ...................................................   Passed    0.15 sec
          Start 1036: SpeciesEquationConvectionTest.BoundaryInflowUsesBoundaryValueOnRhs
 398/1639 Test #1099: IdealGasEOSTest.MatchesKnownStandardAtmosphereState ......................................................   Passed    0.16 sec
          Start  987: SSTEquationTest.F1ApproachesZeroFarFromAWallWithLowViscosityRatio
 399/1639 Test #1109: IdealGasEOSTest.DDensityDTemperatureIsNegative ...........................................................   Passed    0.25 sec
          Start  586: TurbulenceCaseTest.RejectsNeitherInitialEpsilonNorInitialOmega
 400/1639 Test #1027: SpeciesPropertiesTest.RejectsNonFiniteDiffusivity ........................................................   Passed    0.22 sec
          Start 1113: ThermodynamicPropertiesTest.RejectsNonFiniteCp
 401/1639 Test #1036: SpeciesEquationConvectionTest.BoundaryInflowUsesBoundaryValueOnRhs .......................................   Passed    0.19 sec
          Start  584: TurbulenceCaseTest.RejectsSSTModelWithInitialEpsilonOnly
 402/1639 Test #1078: VolumeFractionConvectionTest.ConstantAlphaWithDivergenceFreeFluxGivesZeroNetContribution .................   Passed    0.28 sec
          Start  989: SSTEquationTest.OmegaDiffusivityMatchesHandDerivedBlendedValue
 403/1639 Test  #584: TurbulenceCaseTest.RejectsSSTModelWithInitialEpsilonOnly .................................................   Passed    0.12 sec
          Start  958: KOmegaModelTest.RejectsInvalidCoefficients
 404/1639 Test  #586: TurbulenceCaseTest.RejectsNeitherInitialEpsilonNorInitialOmega ...........................................   Passed    0.27 sec
          Start 1012: TurbulenceModelFactoryTest.LaminarNameCreatesLaminarModelViaKEpsilonOverload
 405/1639 Test  #520: CaseWriterTest.BasicCaseRoundTripsExactly ................................................................   Passed    0.92 sec
          Start  990: SSTEquationTest.TurbulentViscosityOmegaDominatedBranch
 406/1639 Test  #989: SSTEquationTest.OmegaDiffusivityMatchesHandDerivedBlendedValue ...........................................   Passed    0.15 sec
          Start 1017: TurbulenceModelFactoryTest.KOmegaOverloadRejectsUnsupportedModelNames
 407/1639 Test  #987: SSTEquationTest.F1ApproachesZeroFarFromAWallWithLowViscosityRatio ........................................   Passed    0.40 sec
          Start 1037: SpeciesEquationConvectionTest.ConstantConcentrationWithDivergenceFreeFluxGivesZeroNetContribution
 408/1639 Test  #958: KOmegaModelTest.RejectsInvalidCoefficients ...............................................................   Passed    0.12 sec
          Start 1609: SinglePhaseEquivalenceTest.AlphaOneReducesToPurePhase1MomentumAssemblyExactly
 409/1639 Test #1012: TurbulenceModelFactoryTest.LaminarNameCreatesLaminarModelViaKEpsilonOverload .............................   Passed    0.12 sec
          Start  851: EnergyEquationVariablePropertiesTest.CombinerProducesCorrectDimensionsAndIsFinite
 410/1639 Test  #990: SSTEquationTest.TurbulentViscosityOmegaDominatedBranch ...................................................   Passed    0.13 sec
          Start 1086: AlphaBoundsTest.ReportsMinAndMax
 411/1639 Test #1113: ThermodynamicPropertiesTest.RejectsNonFiniteCp ...........................................................   Passed    0.35 sec
          Start  878: InterfaceConductanceTest.RejectsNonPositiveConductivity
 412/1639 Test #1017: TurbulenceModelFactoryTest.KOmegaOverloadRejectsUnsupportedModelNames ....................................   Passed    0.13 sec
          Start 1062: PhasePropertiesTest.RejectsZeroOrNegativeDensity
 413/1639 Test #1609: SinglePhaseEquivalenceTest.AlphaOneReducesToPurePhase1MomentumAssemblyExactly ............................   Passed    0.25 sec
          Start 1053: SpeciesSolverTest.MaxIterationsWhenOuterBudgetTooSmall
 414/1639 Test #1037: SpeciesEquationConvectionTest.ConstantConcentrationWithDivergenceFreeFluxGivesZeroNetContribution ........   Passed    0.29 sec
          Start  587: TurbulenceCaseTest.RejectsKEpsilonModelWithInitialOmegaOnly
 415/1639 Test #1086: AlphaBoundsTest.ReportsMinAndMax .........................................................................   Passed    0.24 sec
          Start  850: EnergyEquationVariablePropertiesTest.CombinerUniformFieldsMatchScalarThermalProperties
 416/1639 Test #1062: PhasePropertiesTest.RejectsZeroOrNegativeDensity .........................................................   Passed    0.20 sec
          Start 1073: EvaluateMixtureFieldTest.MinMaxBoundsMatchTheLinearLawsRange
 417/1639 Test  #851: EnergyEquationVariablePropertiesTest.CombinerProducesCorrectDimensionsAndIsFinite ........................   Passed    0.31 sec
          Start  593: TurbulenceCaseTest.RejectsOmegaRelaxationWithoutInitialOmega
 418/1639 Test  #878: InterfaceConductanceTest.RejectsNonPositiveConductivity ..................................................   Passed    0.27 sec
          Start 1030: SpeciesEquationDiffusionTest.InternalFaceCoefficientsAreSymmetric
 419/1639 Test #1053: SpeciesSolverTest.MaxIterationsWhenOuterBudgetTooSmall ...................................................   Passed    0.13 sec
          Start 1132: CompressibleMassFluxTest.MismatchedVelocitySizeThrows
 420/1639 Test #1073: EvaluateMixtureFieldTest.MinMaxBoundsMatchTheLinearLawsRange .............................................   Passed    0.35 sec
          Start 1104: IdealGasEOSTest.RejectsNonPositiveGasConstant
 421/1639 Test  #850: EnergyEquationVariablePropertiesTest.CombinerUniformFieldsMatchScalarThermalProperties ...................   Passed    0.43 sec
          Start  874: ThermalRegionMapTest.RejectsOutOfRangeRegionIndex
 422/1639 Test #1030: SpeciesEquationDiffusionTest.InternalFaceCoefficientsAreSymmetric ........................................   Passed    0.37 sec
          Start  843: EnergyEquationVariablePropertiesTest.DiffusionBoundaryFaceUsesOwnerConductivityDirectly
 423/1639 Test #1104: IdealGasEOSTest.RejectsNonPositiveGasConstant ............................................................   Passed    0.09 sec
          Start  942: KEpsilonModelTest.ConvergenceResidualIsNulloptBeforeFirstCorrect
 424/1639 Test #1132: CompressibleMassFluxTest.MismatchedVelocitySizeThrows ....................................................   Passed    0.39 sec
          Start 1118: MachNumberTest.MatchesSpeedOverSoundSpeed
 425/1639 Test  #587: TurbulenceCaseTest.RejectsKEpsilonModelWithInitialOmegaOnly ..............................................   Passed    0.65 sec
          Start  824: EnergyEquationConvectionTest.BoundaryInflowUsesBoundaryValueOnRhs
 426/1639 Test  #593: TurbulenceCaseTest.RejectsOmegaRelaxationWithoutInitialOmega .............................................   Passed    0.61 sec
          Start  844: EnergyEquationVariablePropertiesTest.RejectsNonFiniteOrNonPositiveConductivityField
 427/1639 Test  #843: EnergyEquationVariablePropertiesTest.DiffusionBoundaryFaceUsesOwnerConductivityDirectly ..................   Passed    0.21 sec
          Start 1103: IdealGasEOSTest.RejectsNonFinitePressureOrTemperature
 428/1639 Test  #874: ThermalRegionMapTest.RejectsOutOfRangeRegionIndex ........................................................   Passed    0.25 sec
          Start  595: TurbulenceCaseTest.RejectsUnknownKey
 429/1639 Test  #824: EnergyEquationConvectionTest.BoundaryInflowUsesBoundaryValueOnRhs ........................................   Passed    0.07 sec
          Start 1138: CompressibleContinuityTest.CombinedTimeAndFluxHandDerived
 430/1639 Test  #844: EnergyEquationVariablePropertiesTest.RejectsNonFiniteOrNonPositiveConductivityField ......................   Passed    0.08 sec
          Start  145: SparseMatrixTest.RepeatedMultiplyIsBitIdenticalRegardlessOfOpenMPThreadCount
 431/1639 Test #1138: CompressibleContinuityTest.CombinedTimeAndFluxHandDerived ................................................   Passed    0.06 sec
          Start  462: BoussinesqBuoyancyTest.SourceIsLinearInTemperatureDeviation
 432/1639 Test #1118: MachNumberTest.MatchesSpeedOverSoundSpeed ................................................................   Passed    0.29 sec
          Start  484: TabulatedPropertyTest.RejectsNonFiniteEntries
 433/1639 Test #1103: IdealGasEOSTest.RejectsNonFinitePressureOrTemperature ....................................................   Passed    0.17 sec
          Start  712: VTKWriterTest.NonFiniteSpeciesThrows
 434/1639 Test  #942: KEpsilonModelTest.ConvergenceResidualIsNulloptBeforeFirstCorrect .........................................   Passed    0.44 sec
          Start  875: ThermalRegionMapTest.RegionForCellOutOfRangeThrows
 435/1639 Test  #145: SparseMatrixTest.RepeatedMultiplyIsBitIdenticalRegardlessOfOpenMPThreadCount .............................   Passed    0.37 sec
          Start  468: ConstantPropertyTest.ReturnsTheSameValueForAnyTemperature
 436/1639 Test  #484: TabulatedPropertyTest.RejectsNonFiniteEntries ............................................................   Passed    0.31 sec
          Start 1006: SSTModelTest.CorrectProducesPositiveFiniteFieldsForARealFlow
 437/1639 Test  #462: BoussinesqBuoyancyTest.SourceIsLinearInTemperatureDeviation ..............................................   Passed    0.37 sec
          Start 1518: SpeciesProductionCaseTest.MissingCaseDirectoryReportsInvalidCase
 438/1639 Test  #875: ThermalRegionMapTest.RegionForCellOutOfRangeThrows .......................................................   Passed    0.38 sec
          Start 1140: CompressibleContinuityTest.MismatchedMassFluxSizeThrows
 439/1639 Test  #712: VTKWriterTest.NonFiniteSpeciesThrows .....................................................................   Passed    0.51 sec
          Start  957: KOmegaModelTest.RejectsInvalidInitialOmega
 440/1639 Test  #595: TurbulenceCaseTest.RejectsUnknownKey .....................................................................   Passed    0.70 sec
          Start  489: EvaluatePropertyFieldTest.MismatchedTemperatureSizeThrows
 441/1639 Test  #468: ConstantPropertyTest.ReturnsTheSameValueForAnyTemperature ................................................   Passed    0.40 sec
          Start 1107: IdealGasEOSTest.DDensityDPressureIsIndependentOfPressure
 442/1639 Test  #489: EvaluatePropertyFieldTest.MismatchedTemperatureSizeThrows ................................................   Passed    0.14 sec
          Start  870: ThermalRegionMapTest.ConstructsAndReportsCellRegions
 443/1639 Test  #957: KOmegaModelTest.RejectsInvalidInitialOmega ...............................................................   Passed    0.20 sec
          Start  828: EnergyEquationSourceTest.AddsQTimesVolumeExactly
 444/1639 Test #1006: SSTModelTest.CorrectProducesPositiveFiniteFieldsForARealFlow .............................................   Passed    0.44 sec
          Start  994: SSTEquationTest.ProductionLimiterLimitedBranch
 445/1639 Test #1107: IdealGasEOSTest.DDensityDPressureIsIndependentOfPressure .................................................   Passed    0.11 sec
          Start 1003: SSTModelTest.RejectsInvalidCoefficients
 446/1639 Test #1140: CompressibleContinuityTest.MismatchedMassFluxSizeThrows ..................................................   Passed    0.32 sec
          Start  862: ThermalSolverTest.NonFiniteStateForNonFiniteInitialTemperature
 447/1639 Test  #870: ThermalRegionMapTest.ConstructsAndReportsCellRegions .....................................................   Passed    0.24 sec
          Start 1031: SpeciesEquationDiffusionTest.ConstantConcentrationGivesZeroContributionEverywhere
 448/1639 Test  #828: EnergyEquationSourceTest.AddsQTimesVolumeExactly .........................................................   Passed    0.24 sec
          Start  809: ThermalPropertiesTest.RejectsNegativeConductivity
 449/1639 Test  #862: ThermalSolverTest.NonFiniteStateForNonFiniteInitialTemperature ...........................................   Passed    0.16 sec
          Start 1085: VolumeFractionTransportEquationTest.RepeatedAssemblyIsDeterministic
 450/1639 Test  #994: SSTEquationTest.ProductionLimiterLimitedBranch ...........................................................   Passed    0.31 sec
          Start 1043: SpeciesEquationAssemblyTest.MismatchedMassFluxSizeThrows
 451/1639 Test #1003: SSTModelTest.RejectsInvalidCoefficients ..................................................................   Passed    0.29 sec
          Start 1070: TwoPhaseSystemTest.RejectsNonFiniteAlpha
 452/1639 Test #1518: SpeciesProductionCaseTest.MissingCaseDirectoryReportsInvalidCase .........................................   Passed    0.79 sec
          Start  890: TurbulenceModelTest.ModelNameIsAccessible
 453/1639 Test #1031: SpeciesEquationDiffusionTest.ConstantConcentrationGivesZeroContributionEverywhere ........................   Passed    0.25 sec
          Start  960: KOmegaModelTest.CorrectRejectsMismatchedVelocitySize
 454/1639 Test #1043: SpeciesEquationAssemblyTest.MismatchedMassFluxSizeThrows .................................................   Passed    0.15 sec
          Start 1067: TwoPhaseSystemTest.MixtureDensityAtCanonicalAlphaValues
 455/1639 Test #1085: VolumeFractionTransportEquationTest.RepeatedAssemblyIsDeterministic ......................................   Passed    0.25 sec
          Start 1024: SpeciesPropertiesTest.AllowsZeroDiffusivityForPureAdvection
 456/1639 Test #1070: TwoPhaseSystemTest.RejectsNonFiniteAlpha .................................................................   Passed    0.19 sec
          Start  815: ThermalPropertiesTest.ThermalDiffusivityRejectsNegativeDensity
 457/1639 Test  #809: ThermalPropertiesTest.RejectsNegativeConductivity ........................................................   Passed    0.35 sec
          Start 1088: PhaseVolumeTest.UniformAlphaGivesAlphaTimesDomainVolume
 458/1639 Test  #815: ThermalPropertiesTest.ThermalDiffusivityRejectsNegativeDensity ...........................................   Passed    0.07 sec
          Start 1610: SinglePhaseEquivalenceTest.AlphaZeroReducesToPurePhase2MomentumAssemblyExactly
 459/1639 Test  #960: KOmegaModelTest.CorrectRejectsMismatchedVelocitySize .....................................................   Passed    0.25 sec
          Start  476: TabulatedPropertyTest.MidpointInterpolationMatchesHandWorkedValue
 460/1639 Test  #890: TurbulenceModelTest.ModelNameIsAccessible ................................................................   Passed    0.36 sec
          Start 1611: SinglePhaseEquivalenceTest.EqualPhasePropertiesDecoupleMomentumFromAlpha
 461/1639 Test #1067: TwoPhaseSystemTest.MixtureDensityAtCanonicalAlphaValues ..................................................   Passed    0.27 sec
          Start  985: SSTEquationTest.F2RemainsBoundedAcrossRepresentativeStates
 462/1639 Test #1088: PhaseVolumeTest.UniformAlphaGivesAlphaTimesDomainVolume ..................................................   Passed    0.20 sec
          Start  525: CaseWriterTest.ThermalTurbulenceBuoyancyRoundTrip
 463/1639 Test #1024: SpeciesPropertiesTest.AllowsZeroDiffusivityForPureAdvection ..............................................   Passed    0.29 sec
          Start 1207: SampleVectorFieldRawTest.RejectsZeroStride
 464/1639 Test #1611: SinglePhaseEquivalenceTest.EqualPhasePropertiesDecoupleMomentumFromAlpha .................................   Passed    0.09 sec
          Start 1077: VolumeFractionConvectionTest.BoundaryInflowUsesBoundaryValueOnRhs
 465/1639 Test #1610: SinglePhaseEquivalenceTest.AlphaZeroReducesToPurePhase2MomentumAssemblyExactly ...........................   Passed    0.23 sec
          Start  963: KOmegaModelTest.EffectiveViscosityEqualsMolecularPlusTurbulent
 466/1639 Test #1207: SampleVectorFieldRawTest.RejectsZeroStride ...............................................................   Passed    0.29 sec
          Start 1607: PhaseConservationTest.ClosedDomainConservesPhaseVolumeOverManySteps
 467/1639 Test  #476: TabulatedPropertyTest.MidpointInterpolationMatchesHandWorkedValue ........................................   Passed    0.42 sec
          Start 1055: SpeciesSolverTest.InvalidConfigurationForZeroOuterMaxIterations
 468/1639 Test  #985: SSTEquationTest.F2RemainsBoundedAcrossRepresentativeStates ...............................................   Passed    0.40 sec
          Start  465: BoussinesqBuoyancyTest.DoublingCellVolumeDoublesIntegratedSource
 469/1639 Test  #963: KOmegaModelTest.EffectiveViscosityEqualsMolecularPlusTurbulent ...........................................   Passed    0.30 sec
          Start 1203: SampleVectorFieldTest.StrideNSamplesEveryNthCellById
 470/1639 Test #1077: VolumeFractionConvectionTest.BoundaryInflowUsesBoundaryValueOnRhs ........................................   Passed    0.37 sec
          Start 1048: ConcentrationBoundsTest.ReportsMinAndMax
 471/1639 Test #1607: PhaseConservationTest.ClosedDomainConservesPhaseVolumeOverManySteps ......................................   Passed    0.27 sec
          Start 1112: ThermodynamicPropertiesTest.RejectsCpNotGreaterThanR
 472/1639 Test #1048: ConcentrationBoundsTest.ReportsMinAndMax .................................................................   Passed    0.17 sec
          Start  610: SpeciesCaseTest.ParsesSpeciesListWhenEnabled
 473/1639 Test #1055: SpeciesSolverTest.InvalidConfigurationForZeroOuterMaxIterations ..........................................   Passed    0.29 sec
          Start  917: TurbulenceProductionTest.ZeroShearGivesZeroProductionEverywhere
 474/1639 Test #1203: SampleVectorFieldTest.StrideNSamplesEveryNthCellById .....................................................   Passed    0.28 sec
          Start  881: RegionAwareThermalDiffusionTest.InterfaceCoefficientMatchesHandDerivedExample
 475/1639 Test  #465: BoussinesqBuoyancyTest.DoublingCellVolumeDoublesIntegratedSource .........................................   Passed    0.45 sec
          Start 1046: SpeciesBoundaryConditionTest.FixedValueActsAsDirichletInflowSource
 476/1639 Test  #610: SpeciesCaseTest.ParsesSpeciesListWhenEnabled .............................................................   Passed    0.30 sec
          Start  965: WallDistanceTest.HandDerivedDistanceNearBottomWall
 477/1639 Test  #525: CaseWriterTest.ThermalTurbulenceBuoyancyRoundTrip ........................................................   Passed    0.97 sec
          Start 1596: SpeciesConservationTest.ClosedZeroFluxDomainWithConvectionAlsoConservesForAnyField
 478/1639 Test #1112: ThermodynamicPropertiesTest.RejectsCpNotGreaterThanR .....................................................   Passed    0.38 sec
          Start  847: EnergyEquationVariablePropertiesTest.ConvectionUsesUpwindCellsOwnSpecificHeat
 479/1639 Test  #847: EnergyEquationVariablePropertiesTest.ConvectionUsesUpwindCellsOwnSpecificHeat ............................   Passed    0.06 sec
          Start 1186: AutomaticContourLevelsTest.IgnoresNonFiniteSamples
 480/1639 Test  #881: RegionAwareThermalDiffusionTest.InterfaceCoefficientMatchesHandDerivedExample ............................   Passed    0.37 sec
          Start 1028: SpeciesPropertiesTest.TwoIndependentSpeciesKeepSeparateIdentityAndDiffusivity
 481/1639 Test  #965: WallDistanceTest.HandDerivedDistanceNearBottomWall .......................................................   Passed    0.16 sec
          Start  641: CompressibleCaseTest.ThermalCoupledRequiresThermalBlock
 482/1639 Test  #917: TurbulenceProductionTest.ZeroShearGivesZeroProductionEverywhere ..........................................   Passed    0.47 sec
          Start 1018: TurbulenceModelFactoryTest.LaminarNameCreatesLaminarModelViaSSTOverload
 483/1639 Test #1046: SpeciesBoundaryConditionTest.FixedValueActsAsDirichletInflowSource .......................................   Passed    0.31 sec
          Start 1559: RestartIOTest.ReadRejectsMissingRequiredField
 484/1639 Test #1028: SpeciesPropertiesTest.TwoIndependentSpeciesKeepSeparateIdentityAndDiffusivity ............................   Passed    0.09 sec
          Start 1095: VolumeFractionSolverTest.NonFiniteStateForNonFiniteAlphaOld
 485/1639 Test #1596: SpeciesConservationTest.ClosedZeroFluxDomainWithConvectionAlsoConservesForAnyField .......................   Passed    0.25 sec
          Start  953: KOmegaModelTest.FieldsSizedToMeshAtConstruction
 486/1639 Test #1186: AutomaticContourLevelsTest.IgnoresNonFiniteSamples .......................................................   Passed    0.23 sec
          Start 1194: ProbeScalarTest.ReturnsTheNearestCellsValue
 487/1639 Test #1018: TurbulenceModelFactoryTest.LaminarNameCreatesLaminarModelViaSSTOverload ..................................   Passed    0.40 sec
          Start  971: SSTEquationTest.Alpha2MatchesHandDerivedValue
 488/1639 Test #1095: VolumeFractionSolverTest.NonFiniteStateForNonFiniteAlphaOld ..............................................   Passed    0.36 sec
          Start  903: EffectiveViscosityTest.RejectsNonFiniteMolecularViscosity
 489/1639 Test  #953: KOmegaModelTest.FieldsSizedToMeshAtConstruction ..........................................................   Passed    0.35 sec
          Start  811: ThermalPropertiesTest.RejectsNegativeSpecificHeat
 490/1639 Test #1194: ProbeScalarTest.ReturnsTheNearestCellsValue ..............................................................   Passed    0.28 sec
          Start 1569: RestartResumeTest.ContinuousVsSplitRunIsBitIdentical
 491/1639 Test #1559: RestartIOTest.ReadRejectsMissingRequiredField ............................................................   Passed    0.55 sec
          Start 1013: TurbulenceModelFactoryTest.KEpsilonNameCreatesKEpsilonModel
 492/1639 Test #1569: RestartResumeTest.ContinuousVsSplitRunIsBitIdentical .....................................................   Passed    0.10 sec
          Start  949: KOmegaEquationTest.OmegaSourceMatchesHandDerivedExample
 493/1639 Test  #949: KOmegaEquationTest.OmegaSourceMatchesHandDerivedExample ..................................................   Passed    0.09 sec
          Start 1139: CompressibleContinuityTest.MismatchedDensityOldSizeThrows
 494/1639 Test  #971: SSTEquationTest.Alpha2MatchesHandDerivedValue ............................................................   Passed    0.31 sec
          Start  146: SparseMatrixBuilderTest.ReserveDoesNotChangeTheAssembledMatrix
 495/1639 Test  #903: EffectiveViscosityTest.RejectsNonFiniteMolecularViscosity ................................................   Passed    0.32 sec
          Start  856: ThermalSolverTest.InvalidConfigurationForMismatchedMassFluxSize
 496/1639 Test #1013: TurbulenceModelFactoryTest.KEpsilonNameCreatesKEpsilonModel ..............................................   Passed    0.18 sec
          Start  265: WallOmegaTest.RepeatedEvaluationIsDeterministic
 497/1639 Test  #811: ThermalPropertiesTest.RejectsNegativeSpecificHeat ........................................................   Passed    0.34 sec
          Start 1595: SpeciesConservationTest.ClosedZeroFluxDomainConservesSpeciesForAnyArbitraryField
 498/1639 Test  #856: ThermalSolverTest.InvalidConfigurationForMismatchedMassFluxSize ..........................................   Passed    0.08 sec
          Start 1603: UniformAlphaPreservationTest.ZeroVelocityPreservesANonUniformFieldOverManySteps
 499/1639 Test  #641: CompressibleCaseTest.ThermalCoupledRequiresThermalBlock ..................................................   Passed    0.94 sec
          Start 1184: AutomaticContourLevelsTest.ProducesEvenlySpacedInteriorLevels
 500/1639 Test #1139: CompressibleContinuityTest.MismatchedDensityOldSizeThrows ................................................   Passed    0.34 sec
          Start 1198: ProbeScalarRawTest.MatchesMeshBasedProbeOnEquivalentData
 501/1639 Test  #265: WallOmegaTest.RepeatedEvaluationIsDeterministic ..........................................................   Passed    0.31 sec
          Start 1568: RestartResumeTest.ResumedTransientSolverContinuesFromSnapshotStateAndTime
 502/1639 Test  #146: SparseMatrixBuilderTest.ReserveDoesNotChangeTheAssembledMatrix ...........................................   Passed    0.38 sec
          Start  609: SpeciesCaseTest.NonSpeciesFixtureHasNoSpeciesConfig
 503/1639 Test #1595: SpeciesConservationTest.ClosedZeroFluxDomainConservesSpeciesForAnyArbitraryField .........................   Passed    0.31 sec
          Start 1005: SSTModelTest.CorrectRejectsMismatchedVelocitySize
 504/1639 Test #1603: UniformAlphaPreservationTest.ZeroVelocityPreservesANonUniformFieldOverManySteps ..........................   Passed    0.29 sec
          Start 1100: IdealGasEOSTest.DoublingPressureAtFixedTemperatureDoublesDensity
 505/1639 Test #1184: AutomaticContourLevelsTest.ProducesEvenlySpacedInteriorLevels ............................................   Passed    0.26 sec
          Start 1068: TwoPhaseSystemTest.MixtureViscosityAtCanonicalAlphaValues
 506/1639 Test #1198: ProbeScalarRawTest.MatchesMeshBasedProbeOnEquivalentData .................................................   Passed    0.16 sec
          Start 1080: VolumeFractionConvectionTest.MismatchedMassFluxSizeThrows
 507/1639 Test #1068: TwoPhaseSystemTest.MixtureViscosityAtCanonicalAlphaValues ................................................   Passed    0.24 sec
          Start 1193: NearestCellTest.FindsTheCellWhoseCentroidIsClosest
 508/1639 Test #1080: VolumeFractionConvectionTest.MismatchedMassFluxSizeThrows ................................................   Passed    0.24 sec
          Start  848: EnergyEquationVariablePropertiesTest.ConvectionSwitchesToNeighborsSpecificHeatWhenItIsUpwind
 509/1639 Test #1100: IdealGasEOSTest.DoublingPressureAtFixedTemperatureDoublesDensity .........................................   Passed    0.35 sec
          Start  397: VectorGradientTest.LinearShearFieldIsExactEverywhere
 510/1639 Test #1568: RestartResumeTest.ResumedTransientSolverContinuesFromSnapshotStateAndTime ................................   Passed    0.53 sec
          Start 1039: SpeciesEquationSourceTest.RejectsNonFiniteSource
 511/1639 Test #1005: SSTModelTest.CorrectRejectsMismatchedVelocitySize ........................................................   Passed    0.52 sec
          Start  883: RegionAwareThermalDiffusionTest.MismatchedTemperatureSizeThrows
 512/1639 Test #1193: NearestCellTest.FindsTheCellWhoseCentroidIsClosest .......................................................   Passed    0.27 sec
          Start  859: ThermalSolverTest.InvalidConfigurationForInvalidLinearSolverSettings
 513/1639 Test  #883: RegionAwareThermalDiffusionTest.MismatchedTemperatureSizeThrows ..........................................   Passed    0.16 sec
          Start  977: SSTEquationTest.BlendingIsExactForMultipleCoefficients
 514/1639 Test  #848: EnergyEquationVariablePropertiesTest.ConvectionSwitchesToNeighborsSpecificHeatWhenItIsUpwind .............   Passed    0.36 sec
          Start 1137: CompressibleContinuityTest.SteadyStateWithBalancedFluxGivesZeroImbalance
 515/1639 Test  #859: ThermalSolverTest.InvalidConfigurationForInvalidLinearSolverSettings .....................................   Passed    0.14 sec
          Start  481: TabulatedPropertyTest.RejectsFewerThanTwoPoints
 516/1639 Test #1039: SpeciesEquationSourceTest.RejectsNonFiniteSource .........................................................   Passed    0.29 sec
          Start 1147: CompressibleMomentumComponentTest.MismatchedVelocitySizeThrows
 517/1639 Test  #397: VectorGradientTest.LinearShearFieldIsExactEverywhere .....................................................   Passed    0.44 sec
          Start 1117: ThermodynamicPropertiesTest.SpeedOfSoundRejectsNonPositiveTemperature
 518/1639 Test  #609: SpeciesCaseTest.NonSpeciesFixtureHasNoSpeciesConfig ......................................................   Passed    0.98 sec
          Start 1204: SampleVectorFieldTest.RejectsZeroStride
 519/1639 Test #1137: CompressibleContinuityTest.SteadyStateWithBalancedFluxGivesZeroImbalance .................................   Passed    0.24 sec
          Start  916: TurbulenceProductionTest.HandDerivedShearProductionMatchesExactly
 520/1639 Test #1147: CompressibleMomentumComponentTest.MismatchedVelocitySizeThrows ...........................................   Passed    0.19 sec
          Start  912: LaminarModelTest.ConstructionIsDeterministicAcrossInstances
 521/1639 Test #1117: ThermodynamicPropertiesTest.SpeedOfSoundRejectsNonPositiveTemperature ....................................   Passed    0.15 sec
          Start  846: EnergyEquationVariablePropertiesTest.ConvectionUniformFieldMatchesScalarOverloadExactly
 522/1639 Test  #977: SSTEquationTest.BlendingIsExactForMultipleCoefficients ...................................................   Passed    0.42 sec
          Start  574: TurbulenceCaseTest.ParsesOptionalRelaxationOverrides
 523/1639 Test  #916: TurbulenceProductionTest.HandDerivedShearProductionMatchesExactly ........................................   Passed    0.15 sec
          Start 1196: SampleLineTest.HorizontalLineTracksTheXCoordinateField
 524/1639 Test  #912: LaminarModelTest.ConstructionIsDeterministicAcrossInstances ..............................................   Passed    0.15 sec
          Start 1092: VolumeFractionSolverTest.InvalidConfigurationForMismatchedAlphaSize
 525/1639 Test  #481: TabulatedPropertyTest.RejectsFewerThanTwoPoints ..........................................................   Passed    0.42 sec
          Start  909: LaminarModelTest.CorrectLeavesTurbulentViscosityZero
 526/1639 Test #1204: SampleVectorFieldTest.RejectsZeroStride ..................................................................   Passed    0.25 sec
          Start  927: KEpsilonEquationTest.PureDiffusionConstantFieldGivesZeroResidual
 527/1639 Test #1196: SampleLineTest.HorizontalLineTracksTheXCoordinateField ...................................................   Passed    0.09 sec
          Start  983: SSTEquationTest.CrossDiffusionSourceCanBeNegative
 528/1639 Test  #846: EnergyEquationVariablePropertiesTest.ConvectionUniformFieldMatchesScalarOverloadExactly ..................   Passed    0.35 sec
          Start  261: WallOmegaTest.TypeAndNameAreSSTSpecific
 529/1639 Test #1092: VolumeFractionSolverTest.InvalidConfigurationForMismatchedAlphaSize ......................................   Passed    0.29 sec
          Start  858: ThermalSolverTest.LinearSolveFailureWhenInnerSolverIsStarved
 530/1639 Test  #983: SSTEquationTest.CrossDiffusionSourceCanBeNegative ........................................................   Passed    0.27 sec
          Start 1191: Vorticity2DTest.UniformFlowHasZeroVorticity
 531/1639 Test  #909: LaminarModelTest.CorrectLeavesTurbulentViscosityZero .....................................................   Passed    0.36 sec
          Start 1052: SpeciesSolverTest.InvalidConfigurationForMismatchedMassFluxSize
 532/1639 Test  #927: KEpsilonEquationTest.PureDiffusionConstantFieldGivesZeroResidual .........................................   Passed    0.37 sec
          Start 1195: ProbeScalarTest.MismatchedFieldSizeThrows
 533/1639 Test  #261: WallOmegaTest.TypeAndNameAreSSTSpecific ..................................................................   Passed    0.25 sec
          Start  992: SSTEquationTest.TurbulentViscosityRejectsInvalidInputs
 534/1639 Test #1191: Vorticity2DTest.UniformFlowHasZeroVorticity ..............................................................   Passed    0.23 sec
          Start 1056: SpeciesSolverTest.NonFiniteStateForNonFiniteInitialConcentration
 535/1639 Test #1195: ProbeScalarTest.MismatchedFieldSizeThrows ................................................................   Passed    0.18 sec
          Start 1122: EvaluateDensityFieldTest.MismatchedSizeThrows
 536/1639 Test  #858: ThermalSolverTest.LinearSolveFailureWhenInnerSolverIsStarved .............................................   Passed    0.38 sec
          Start 1125: CompressibleMassFluxTest.InternalFaceUsesArithmeticMeanDensity
 537/1639 Test #1052: SpeciesSolverTest.InvalidConfigurationForMismatchedMassFluxSize ..........................................   Passed    0.31 sec
          Start 1041: SpeciesEquationAssemblyTest.ProducesCorrectDimensions
 538/1639 Test #1056: SpeciesSolverTest.NonFiniteStateForNonFiniteInitialConcentration .........................................   Passed    0.13 sec
          Start 1200: SampleLineRawTest.MatchesMeshBasedSampleLineOnEquivalentData
 539/1639 Test #1122: EvaluateDensityFieldTest.MismatchedSizeThrows ............................................................   Passed    0.24 sec
          Start 1087: PhaseVolumeTest.MatchesHandDerivedSum
 540/1639 Test  #574: TurbulenceCaseTest.ParsesOptionalRelaxationOverrides .....................................................   Passed    0.96 sec
          Start 1106: IdealGasEOSTest.DDensityDPressureMatchesAnalyticalFormula
 541/1639 Test #1125: CompressibleMassFluxTest.InternalFaceUsesArithmeticMeanDensity ...........................................   Passed    0.24 sec
          Start 1033: SpeciesEquationDiffusionTest.MismatchedConcentrationSizeThrows
 542/1639 Test  #992: SSTEquationTest.TurbulentViscosityRejectsInvalidInputs ...................................................   Passed    0.46 sec
          Start  980: SSTEquationTest.CrossDiffusionSourceVanishesAtF1EqualsOne
 543/1639 Test #1041: SpeciesEquationAssemblyTest.ProducesCorrectDimensions ....................................................   Passed    0.28 sec
          Start  936: KEpsilonModelTest.RejectsInvalidInitialK
 544/1639 Test #1200: SampleLineRawTest.MatchesMeshBasedSampleLineOnEquivalentData .............................................   Passed    0.26 sec
          Start 1179: MarchingSquaresTest.LevelOutsideRangeProducesNoSegments
 545/1639 Test #1033: SpeciesEquationDiffusionTest.MismatchedConcentrationSizeThrows ...........................................   Passed    0.11 sec
          Start 1072: EvaluateMixtureFieldTest.EvaluatesEveryCellFromItsOwnAlpha
 546/1639 Test #1087: PhaseVolumeTest.MatchesHandDerivedSum ....................................................................   Passed    0.29 sec
          Start  459: BoussinesqBuoyancyTest.HotCellWithDownwardGravityDrivesFluidUpward
 547/1639 Test #1072: EvaluateMixtureFieldTest.EvaluatesEveryCellFromItsOwnAlpha ...............................................   Passed    0.11 sec
          Start  690: JSONWriterTest.ThermalEnabledIsFalseByDefault
 548/1639 Test #1106: IdealGasEOSTest.DDensityDPressureMatchesAnalyticalFormula ................................................   Passed    0.32 sec
          Start  914: LaminarModelTest.PolymorphicUseThroughBaseInterfaceWorks
 549/1639 Test #1179: MarchingSquaresTest.LevelOutsideRangeProducesNoSegments ..................................................   Passed    0.26 sec
          Start 1038: SpeciesEquationSourceTest.AddsSTimesVolumeExactly
 550/1639 Test  #980: SSTEquationTest.CrossDiffusionSourceVanishesAtF1EqualsOne ................................................   Passed    0.36 sec
          Start 1029: SpeciesEquationDiffusionTest.TwoCellSystemMatchesHandDerivedCoefficients
 551/1639 Test  #936: KEpsilonModelTest.RejectsInvalidInitialK .................................................................   Passed    0.34 sec
          Start 1081: VolumeFractionTransportEquationTest.ZeroVelocityPreservesAlphaExactly
 552/1639 Test  #914: LaminarModelTest.PolymorphicUseThroughBaseInterfaceWorks .................................................   Passed    0.13 sec
          Start 1008: SSTModelTest.EffectiveViscosityEqualsMolecularPlusTurbulent
 553/1639 Test #1038: SpeciesEquationSourceTest.AddsSTimesVolumeExactly ........................................................   Passed    0.22 sec
          Start  866: ThermalSolverVariablePropertiesTest.InvalidConfigurationForMismatchedTemperatureSize
 554/1639 Test #1029: SpeciesEquationDiffusionTest.TwoCellSystemMatchesHandDerivedCoefficients .................................   Passed    0.23 sec
          Start  975: SSTEquationTest.BlendAtQuarterWeightingMatchesHandDerivedValue
 555/1639 Test  #459: BoussinesqBuoyancyTest.HotCellWithDownwardGravityDrivesFluidUpward .......................................   Passed    0.41 sec
          Start 1146: CompressibleMomentumComponentTest.ConstantDensityReproducesTransientMomentumExactly
 556/1639 Test #1081: VolumeFractionTransportEquationTest.ZeroVelocityPreservesAlphaExactly ....................................   Passed    0.32 sec
          Start 1079: VolumeFractionConvectionTest.MismatchedAlphaSizeThrows
 557/1639 Test  #975: SSTEquationTest.BlendAtQuarterWeightingMatchesHandDerivedValue ...........................................   Passed    0.27 sec
          Start 1136: CompressibleContinuityTest.TimeOnlyImbalanceWithZeroFlux
 558/1639 Test #1008: SSTModelTest.EffectiveViscosityEqualsMolecularPlusTurbulent ..............................................   Passed    0.46 sec
          Start 1063: PhasePropertiesTest.RejectsZeroOrNegativeViscosity
 559/1639 Test #1136: CompressibleContinuityTest.TimeOnlyImbalanceWithZeroFlux .................................................   Passed    0.10 sec
          Start  945: KOmegaEquationTest.LinearEffectiveDiffusivityMatchesHandDerivedExample
 560/1639 Test  #866: ThermalSolverVariablePropertiesTest.InvalidConfigurationForMismatchedTemperatureSize .....................   Passed    0.43 sec
          Start  836: EnergyEquationAssemblyTest.NonFiniteTemperatureAtGradientBoundaryThrowsNumericalError
 561/1639 Test #1146: CompressibleMomentumComponentTest.ConstantDensityReproducesTransientMomentumExactly ......................   Passed    0.39 sec
          Start  944: KOmegaCoefficientsTest.DefaultsMatchStandardModel
 562/1639 Test #1063: PhasePropertiesTest.RejectsZeroOrNegativeViscosity .......................................................   Passed    0.14 sec
          Start  913: LaminarModelTest.EffectiveViscosityRejectsInvalidMolecularViscosity
 563/1639 Test #1079: VolumeFractionConvectionTest.MismatchedAlphaSizeThrows ...................................................   Passed    0.34 sec
          Start  839: EnergyEquationThermalBCIntegrationTest.FixedTemperatureGivesIdenticalResultToEquivalentFixedValue
 564/1639 Test  #690: JSONWriterTest.ThermalEnabledIsFalseByDefault ............................................................   Passed    0.95 sec
          Start  456: BoussinesqBuoyancyTest.ReferenceTemperatureGivesZeroSource
 565/1639 Test  #839: EnergyEquationThermalBCIntegrationTest.FixedTemperatureGivesIdenticalResultToEquivalentFixedValue ........   Passed    0.20 sec
          Start 1206: SampleVectorFieldRawTest.MatchesMeshBasedSamplingOnEquivalentData
 566/1639 Test  #945: KOmegaEquationTest.LinearEffectiveDiffusivityMatchesHandDerivedExample ...................................   Passed    0.31 sec
          Start  258: WallOmegaTest.IgnoresOwnerValue
 567/1639 Test  #836: EnergyEquationAssemblyTest.NonFiniteTemperatureAtGradientBoundaryThrowsNumericalError ....................   Passed    0.31 sec
          Start  978: SSTEquationTest.CrossDiffusionCoefficientMatchesHandDerivedExample
 568/1639 Test  #944: KOmegaCoefficientsTest.DefaultsMatchStandardModel ........................................................   Passed    0.31 sec
          Start 1188: FieldStatisticsTest.EmptyFieldReportsNoData
 569/1639 Test  #913: LaminarModelTest.EffectiveViscosityRejectsInvalidMolecularViscosity ......................................   Passed    0.32 sec
          Start  251: HeatFluxTest.RepeatedEvaluationIsDeterministic
 570/1639 Test #1188: FieldStatisticsTest.EmptyFieldReportsNoData ..............................................................   Passed    0.12 sec
          Start  398: VectorGradientTest.UniformVelocityGivesZeroGradientEverywhere
 571/1639 Test #1206: SampleVectorFieldRawTest.MatchesMeshBasedSamplingOnEquivalentData ........................................   Passed    0.22 sec
          Start  428: MomentumDiffusionTest.UniformEffectiveViscosityFieldMatchesConstantOverload
 572/1639 Test  #258: WallOmegaTest.IgnoresOwnerValue ..........................................................................   Passed    0.22 sec
          Start  981: SSTEquationTest.CrossDiffusionSourceIsFullWeightAtF1EqualsZero
 573/1639 Test  #251: HeatFluxTest.RepeatedEvaluationIsDeterministic ...........................................................   Passed    0.16 sec
          Start 1023: SpeciesPropertiesTest.StoresNameAndDiffusivity
 574/1639 Test  #456: BoussinesqBuoyancyTest.ReferenceTemperatureGivesZeroSource ...............................................   Passed    0.39 sec
          Start 1197: SampleLineTest.RejectsTooFewSamples
 575/1639 Test  #428: MomentumDiffusionTest.UniformEffectiveViscosityFieldMatchesConstantOverload ..............................   Passed    0.08 sec
          Start 1026: SpeciesPropertiesTest.RejectsNegativeDiffusivity
 576/1639 Test  #981: SSTEquationTest.CrossDiffusionSourceIsFullWeightAtF1EqualsZero ...........................................   Passed    0.18 sec
          Start  680: CSVWriterTest.MismatchedSpeciesSizeThrows
 577/1639 Test  #978: SSTEquationTest.CrossDiffusionCoefficientMatchesHandDerivedExample .......................................   Passed    0.42 sec
          Start 1044: SpeciesEquationAssemblyTest.NonFiniteConcentrationAtGradientBoundaryThrowsNumericalError
 578/1639 Test #1023: SpeciesPropertiesTest.StoresNameAndDiffusivity ...........................................................   Passed    0.22 sec
          Start  820: EnergyEquationDiffusionTest.DiagonalIsFinitePositiveAndNonzero
 579/1639 Test #1026: SpeciesPropertiesTest.RejectsNegativeDiffusivity .........................................................   Passed    0.19 sec
          Start 1558: RestartIOTest.ReadRejectsTruncatedFile
 580/1639 Test #1197: SampleLineTest.RejectsTooFewSamples ......................................................................   Passed    0.25 sec
          Start  835: EnergyEquationAssemblyTest.RejectsNonFiniteHeatSource
 581/1639 Test #1044: SpeciesEquationAssemblyTest.NonFiniteConcentrationAtGradientBoundaryThrowsNumericalError .................   Passed    0.10 sec
          Start  855: ThermalSolverTest.InvalidConfigurationForMismatchedTemperatureSize
 582/1639 Test #1477: PoiseuilleValidation.Grid64x8ConvergesAndMatchesAnalyticalProfile ........................................   Passed  102.83 sec
          Start  961: KOmegaModelTest.CorrectProducesPositiveFiniteFieldsForARealFlow
 583/1639 Test  #398: VectorGradientTest.UniformVelocityGivesZeroGradientEverywhere ............................................   Passed    0.44 sec
          Start 1034: SpeciesEquationConvectionTest.PositiveInternalFluxSelectsOwnerNegativeSelectsNeighbor
 584/1639 Test  #855: ThermalSolverTest.InvalidConfigurationForMismatchedTemperatureSize .......................................   Passed    0.21 sec
          Start 1205: SampleVectorFieldTest.MismatchedSizeThrows
 585/1639 Test  #820: EnergyEquationDiffusionTest.DiagonalIsFinitePositiveAndNonzero ...........................................   Passed    0.32 sec
          Start 1001: SSTModelTest.RejectsInvalidInitialK
 586/1639 Test  #835: EnergyEquationAssemblyTest.RejectsNonFiniteHeatSource ....................................................   Passed    0.31 sec
          Start 1199: ProbeScalarRawTest.RejectsMismatchedSizes
 587/1639 Test #1034: SpeciesEquationConvectionTest.PositiveInternalFluxSelectsOwnerNegativeSelectsNeighbor ....................   Passed    0.35 sec
          Start  263: WallOmegaTest.RejectsInvalidBeta1
 588/1639 Test #1205: SampleVectorFieldTest.MismatchedSizeThrows ...............................................................   Passed    0.23 sec
          Start  254: AdiabaticTest.TypeAndNameAreThermalSpecific
 589/1639 Test #1199: ProbeScalarRawTest.RejectsMismatchedSizes ................................................................   Passed    0.17 sec
          Start 1202: SampleVectorFieldTest.StrideOneSamplesEveryCell
 590/1639 Test #1558: RestartIOTest.ReadRejectsTruncatedFile ...................................................................   Passed    0.56 sec
          Start 1004: SSTModelTest.RejectsNoWallPatches
 591/1639 Test  #961: KOmegaModelTest.CorrectProducesPositiveFiniteFieldsForARealFlow ..........................................   Passed    0.50 sec
          Start  996: SSTModelTest.NameIsSST
 592/1639 Test #1001: SSTModelTest.RejectsInvalidInitialK ......................................................................   Passed    0.30 sec
          Start  262: WallOmegaTest.RejectsInvalidKinematicViscosity
 593/1639 Test  #262: WallOmegaTest.RejectsInvalidKinematicViscosity ...........................................................   Passed    0.04 sec
          Start 1189: VelocityMagnitudeTest.MatchesPythagoreanFormula
 594/1639 Test  #263: WallOmegaTest.RejectsInvalidBeta1 ........................................................................   Passed    0.21 sec
          Start 1047: SpeciesBoundaryConditionTest.ZeroGradientGivesNoDiffusiveFluxThroughAnImpermeableWall
 595/1639 Test  #254: AdiabaticTest.TypeAndNameAreThermalSpecific ..............................................................   Passed    0.21 sec
          Start 1417: PisoTransientIntegrationTest.DirectPisoSequenceMatchesTransientSolverBitIdentical
 596/1639 Test #1189: VelocityMagnitudeTest.MatchesPythagoreanFormula ..........................................................   Passed    0.07 sec
          Start  955: KOmegaModelTest.ConstructionIsDeterministicAcrossInstances
 597/1639 Test #1202: SampleVectorFieldTest.StrideOneSamplesEveryCell ..........................................................   Passed    0.24 sec
          Start 1121: EvaluateDensityFieldTest.UniformStateGivesUniformDensity
 598/1639 Test  #680: CSVWriterTest.MismatchedSpeciesSizeThrows ................................................................   Passed    0.93 sec
          Start  938: KEpsilonModelTest.RejectsInvalidCoefficients
 599/1639 Test  #996: SSTModelTest.NameIsSST ...................................................................................   Passed    0.27 sec
          Start 1110: IdealGasEOSTest.PressureCorrectionGivesExpectedDensityCorrection
 600/1639 Test #1004: SSTModelTest.RejectsNoWallPatches ........................................................................   Passed    0.32 sec
          Start  968: WallDistanceTest.EveryCellDistanceIsFiniteAndPositive
 601/1639 Test  #955: KOmegaModelTest.ConstructionIsDeterministicAcrossInstances ...............................................   Passed    0.14 sec
          Start 1201: NearestIndexTest.EmptyPointsReturnsNullopt
 602/1639 Test  #938: KEpsilonModelTest.RejectsInvalidCoefficients .............................................................   Passed    0.11 sec
          Start  901: EffectiveViscosityTest.ZeroTurbulentViscosityGivesJustMolecular
 603/1639 Test  #968: WallDistanceTest.EveryCellDistanceIsFiniteAndPositive ....................................................   Passed    0.07 sec
          Start 1178: MarchingSquaresTest.ConstantFieldProducesNoSegments
 604/1639 Test #1047: SpeciesBoundaryConditionTest.ZeroGradientGivesNoDiffusiveFluxThroughAnImpermeableWall ....................   Passed    0.28 sec
          Start  974: SSTEquationTest.BlendAtF1EqualsZeroUsesSetTwoExactly
 605/1639 Test #1121: EvaluateDensityFieldTest.UniformStateGivesUniformDensity .................................................   Passed    0.23 sec
          Start  579: TurbulenceCaseTest.KOmegaInletPatchGetsFixedKAndOmegaFromCaseConfig
 606/1639 Test #1110: IdealGasEOSTest.PressureCorrectionGivesExpectedDensityCorrection .........................................   Passed    0.18 sec
          Start  808: ThermalPropertiesTest.RejectsZeroConductivity
 607/1639 Test #1178: MarchingSquaresTest.ConstantFieldProducesNoSegments ......................................................   Passed    0.14 sec
          Start  906: LaminarModelTest.TurbulentViscosityIsZeroEverywhere
 608/1639 Test #1201: NearestIndexTest.EmptyPointsReturnsNullopt ...............................................................   Passed    0.21 sec
          Start  239: FixedTemperatureTest.TypeAndNameAreThermalSpecific
 609/1639 Test #1417: PisoTransientIntegrationTest.DirectPisoSequenceMatchesTransientSolverBitIdentical ........................   Passed    0.43 sec
          Start 1049: ConcentrationBoundsTest.DoesNotModifyTheField
 610/1639 Test  #974: SSTEquationTest.BlendAtF1EqualsZeroUsesSetTwoExactly .....................................................   Passed    0.26 sec
          Start  919: TurbulenceProductionTest.MismatchedFieldSizeThrows
 611/1639 Test  #901: EffectiveViscosityTest.ZeroTurbulentViscosityGivesJustMolecular ..........................................   Passed    0.34 sec
          Start  823: EnergyEquationConvectionTest.BoundaryOutflowUsesOwnerUnknownNotBoundaryValue
 612/1639 Test  #906: LaminarModelTest.TurbulentViscosityIsZeroEverywhere ......................................................   Passed    0.19 sec
          Start 1101: IdealGasEOSTest.DoublingTemperatureAtFixedPressureHalvesDensity
 613/1639 Test  #808: ThermalPropertiesTest.RejectsZeroConductivity ............................................................   Passed    0.35 sec
          Start 1042: SpeciesEquationAssemblyTest.MismatchedConcentrationSizeThrows
 614/1639 Test  #239: FixedTemperatureTest.TypeAndNameAreThermalSpecific .......................................................   Passed    0.30 sec
          Start  967: WallDistanceTest.InletOutletSymmetryAreNeverMistakenForWalls
 615/1639 Test  #823: EnergyEquationConvectionTest.BoundaryOutflowUsesOwnerUnknownNotBoundaryValue .............................   Passed    0.16 sec
          Start  837: EnergyEquationAssemblyTest.NonFiniteMassFluxThrowsInvalidArgumentError
 616/1639 Test #1049: ConcentrationBoundsTest.DoesNotModifyTheField ............................................................   Passed    0.32 sec
          Start  933: KEpsilonModelTest.FieldsSizedToMeshAtConstruction
 617/1639 Test #1042: SpeciesEquationAssemblyTest.MismatchedConcentrationSizeThrows ............................................   Passed    0.09 sec
          Start  242: HeatFluxTest.PositiveFluxGivesHandDerivedNegativeGradient
 618/1639 Test #1101: IdealGasEOSTest.DoublingTemperatureAtFixedPressureHalvesDensity ..........................................   Passed    0.33 sec
          Start 1419: PisoTransientIntegrationTest.ShortenedFinalDtReachesEndTimeWithRealPiso
 619/1639 Test  #919: TurbulenceProductionTest.MismatchedFieldSizeThrows .......................................................   Passed    0.42 sec
          Start  947: KOmegaEquationTest.LinearEffectiveDiffusivityReducesToMolecularAsMuTVanishes
 620/1639 Test  #967: WallDistanceTest.InletOutletSymmetryAreNeverMistakenForWalls .............................................   Passed    0.27 sec
          Start 1187: FieldStatisticsTest.ComputesMinMaxAverageIgnoringNonFinite
 621/1639 Test  #933: KEpsilonModelTest.FieldsSizedToMeshAtConstruction ........................................................   Passed    0.24 sec
          Start  950: KOmegaEquationTest.KSourceMatchesHandDerivedExample
 622/1639 Test  #242: HeatFluxTest.PositiveFluxGivesHandDerivedNegativeGradient ................................................   Passed    0.27 sec
          Start  969: WallDistanceTest.RejectsNoWallPatches
 623/1639 Test  #837: EnergyEquationAssemblyTest.NonFiniteMassFluxThrowsInvalidArgumentError ...................................   Passed    0.38 sec
          Start  948: KOmegaEquationTest.LinearEffectiveDiffusivityRejectsInvalidInputs
 624/1639 Test  #579: TurbulenceCaseTest.KOmegaInletPatchGetsFixedKAndOmegaFromCaseConfig ......................................   Passed    0.97 sec
          Start  964: SSTCoefficientsTest.DefaultsMatchStandardModel
 625/1639 Test #1187: FieldStatisticsTest.ComputesMinMaxAverageIgnoringNonFinite ...............................................   Passed    0.27 sec
          Start  430: MomentumDiffusionTest.MismatchedEffectiveViscosityFieldSizeThrows
 626/1639 Test  #969: WallDistanceTest.RejectsNoWallPatches ....................................................................   Passed    0.20 sec
          Start 1418: PisoTransientIntegrationTest.FailedPisoStepIsRejectedAndLeavesAcceptedStateBitIdentical
 627/1639 Test  #947: KOmegaEquationTest.LinearEffectiveDiffusivityReducesToMolecularAsMuTVanishes .............................   Passed    0.34 sec
          Start  995: SSTEquationTest.ProductionLimiterRejectsInvalidFactorOrBetaStar
 628/1639 Test  #950: KOmegaEquationTest.KSourceMatchesHandDerivedExample ......................................................   Passed    0.30 sec
          Start  260: WallOmegaTest.ExposesKinematicViscosityAndBeta1
 629/1639 Test  #948: KOmegaEquationTest.LinearEffectiveDiffusivityRejectsInvalidInputs ........................................   Passed    0.22 sec
          Start 1181: MarchingSquaresTest.RepeatedCallsAreDeterministic
 630/1639 Test  #964: SSTCoefficientsTest.DefaultsMatchStandardModel ...........................................................   Passed    0.13 sec
          Start  946: KOmegaEquationTest.LinearFormDiffersFromKEpsilonReciprocalForm
 631/1639 Test #1419: PisoTransientIntegrationTest.ShortenedFinalDtReachesEndTimeWithRealPiso ..................................   Passed    0.48 sec
          Start 1190: Vorticity2DTest.SolidBodyRotationMatchesAnalyticalConstantAwayFromBoundaries
 632/1639 Test #1418: PisoTransientIntegrationTest.FailedPisoStepIsRejectedAndLeavesAcceptedStateBitIdentical ..................   Passed    0.14 sec
          Start  241: FixedTemperatureTest.RepeatedEvaluationIsDeterministic
 633/1639 Test #1181: MarchingSquaresTest.RepeatedCallsAreDeterministic ........................................................   Passed    0.23 sec
          Start  769: RestartSnapshotTest.DifferentMeshWithSameCellAndFaceCountIsRejectedByFingerprint
 634/1639 Test #1190: Vorticity2DTest.SolidBodyRotationMatchesAnalyticalConstantAwayFromBoundaries .............................   Passed    0.20 sec
          Start  954: KOmegaModelTest.InitializedToConfiguredValuesEverywhere
 635/1639 Test  #241: FixedTemperatureTest.RepeatedEvaluationIsDeterministic ...................................................   Passed    0.17 sec
          Start    8: CFDAppCli_does_not_converge
 636/1639 Test  #260: WallOmegaTest.ExposesKinematicViscosityAndBeta1 ..........................................................   Passed    0.33 sec
          Start  915: KEpsilonCoefficientsTest.DefaultsMatchStandardModel
 637/1639 Test  #946: KOmegaEquationTest.LinearFormDiffersFromKEpsilonReciprocalForm ...........................................   Passed    0.30 sec
          Start  939: KEpsilonModelTest.TurbulentViscosityVanishesAsKVanishes
 638/1639 Test  #430: MomentumDiffusionTest.MismatchedEffectiveViscosityFieldSizeThrows ........................................   Passed    0.45 sec
          Start  243: HeatFluxTest.NegativeFluxGivesPositiveGradient
 639/1639 Test  #995: SSTEquationTest.ProductionLimiterRejectsInvalidFactorOrBetaStar ..........................................   Passed    0.44 sec
          Start  248: HeatFluxTest.RejectsInvalidConductivity
 640/1639 Test  #954: KOmegaModelTest.InitializedToConfiguredValuesEverywhere ..................................................   Passed    0.16 sec
          Start  891: TurbulenceModelTest.ZeroTurbulentViscosityIsAccepted
 641/1639 Test  #243: HeatFluxTest.NegativeFluxGivesPositiveGradient ...........................................................   Passed    0.23 sec
          Start  249: HeatFluxTest.RejectsNonFiniteHeatFlux
 642/1639 Test  #248: HeatFluxTest.RejectsInvalidConductivity ..................................................................   Passed    0.22 sec
          Start  255: AdiabaticTest.RejectsInvalidDistance
 643/1639 Test  #939: KEpsilonModelTest.TurbulentViscosityVanishesAsKVanishes ..................................................   Passed    0.31 sec
          Start 1090: VolumeFractionSolverTest.ZeroVelocityPreservesAlphaThroughAnActualSolve
 644/1639 Test  #769: RestartSnapshotTest.DifferentMeshWithSameCellAndFaceCountIsRejectedByFingerprint .........................   Passed    0.44 sec
          Start 1002: SSTModelTest.RejectsInvalidInitialOmega
 645/1639 Test  #915: KEpsilonCoefficientsTest.DefaultsMatchStandardModel ......................................................   Passed    0.40 sec
          Start 1180: MarchingSquaresTest.NonFiniteCellsContributeNoSegments
 646/1639 Test  #891: TurbulenceModelTest.ZeroTurbulentViscosityIsAccepted .....................................................   Passed    0.31 sec
          Start  256: AdiabaticTest.RepeatedEvaluationIsDeterministic
 647/1639 Test  #255: AdiabaticTest.RejectsInvalidDistance .....................................................................   Passed    0.18 sec
          Start  400: VectorGradientTest.MismatchedVelocitySizeThrows
 648/1639 Test  #249: HeatFluxTest.RejectsNonFiniteHeatFlux ....................................................................   Passed    0.23 sec
          Start  892: TurbulenceModelTest.PositiveTurbulentViscosityIsAccepted
 649/1639 Test  #256: AdiabaticTest.RepeatedEvaluationIsDeterministic ..........................................................   Passed    0.11 sec
          Start  812: ThermalPropertiesTest.RejectsNonFiniteConductivity
 650/1639 Test #1090: VolumeFractionSolverTest.ZeroVelocityPreservesAlphaThroughAnActualSolve ..................................   Passed    0.32 sec
          Start  932: KEpsilonModelTest.NameIsKEpsilon
 651/1639 Test #1180: MarchingSquaresTest.NonFiniteCellsContributeNoSegments ...................................................   Passed    0.27 sec
          Start 1183: MarchingSquaresTest.RejectsMismatchedSizes
 652/1639 Test  #932: KEpsilonModelTest.NameIsKEpsilon .........................................................................   Passed    0.10 sec
          Start  908: LaminarModelTest.EffectiveViscosityEqualsMolecularViscosity
 653/1639 Test #1002: SSTModelTest.RejectsInvalidInitialOmega ..................................................................   Passed    0.43 sec
          Start  772: RestartSnapshotTest.NonFiniteMassFluxIsRejected
 654/1639 Test  #892: TurbulenceModelTest.PositiveTurbulentViscosityIsAccepted .................................................   Passed    0.29 sec
          Start  259: WallOmegaTest.SmallerDistanceGivesLargerOmega
 655/1639 Test #1183: MarchingSquaresTest.RejectsMismatchedSizes ...............................................................   Passed    0.25 sec
          Start  984: SSTEquationTest.F1RemainsBoundedAcrossRepresentativeStates
 656/1639 Test    #8: CFDAppCli_does_not_converge ..............................................................................   Passed    1.01 sec
          Start 1069: TwoPhaseSystemTest.DeterministicRepeatedEvaluation
 657/1639 Test  #400: VectorGradientTest.MismatchedVelocitySizeThrows ..........................................................   Passed    0.49 sec
          Start  918: TurbulenceProductionTest.NormalStrainContributesWithFactorTwo
 658/1639 Test  #812: ThermalPropertiesTest.RejectsNonFiniteConductivity .......................................................   Passed    0.45 sec
          Start  771: RestartSnapshotTest.NonFinitePressureIsRejected
 659/1639 Test  #259: WallOmegaTest.SmallerDistanceGivesLargerOmega ............................................................   Passed    0.28 sec
          Start 1182: MarchingSquaresTest.RejectsGridTooSmall
 660/1639 Test  #984: SSTEquationTest.F1RemainsBoundedAcrossRepresentativeStates ...............................................   Passed    0.21 sec
          Start  973: SSTEquationTest.BlendAtF1EqualsOneUsesSetOneExactly
 661/1639 Test  #908: LaminarModelTest.EffectiveViscosityEqualsMolecularViscosity ..............................................   Passed    0.41 sec
          Start  240: FixedTemperatureTest.RejectsNonFiniteTemperature
 662/1639 Test  #918: TurbulenceProductionTest.NormalStrainContributesWithFactorTwo ............................................   Passed    0.20 sec
          Start 1405: PisoTest.RepeatedIdenticalTimestepIsBitIdentical
 663/1639 Test  #772: RestartSnapshotTest.NonFiniteMassFluxIsRejected ..........................................................   Passed    0.43 sec
          Start  590: TurbulenceCaseTest.RejectsNonPositiveInitialEpsilon
 664/1639 Test  #771: RestartSnapshotTest.NonFinitePressureIsRejected ..........................................................   Passed    0.23 sec
          Start  930: KEpsilonEquationTest.TransportEquationRejectsSizeMismatch
 665/1639 Test #1069: TwoPhaseSystemTest.DeterministicRepeatedEvaluation .......................................................   Passed    0.33 sec
          Start  941: KEpsilonModelTest.CorrectProducesPositiveFiniteFieldsForARealFlow
 666/1639 Test #1182: MarchingSquaresTest.RejectsGridTooSmall ..................................................................   Passed    0.24 sec
          Start 1526: MultiphaseProductionCaseTest.MissingCaseDirectoryReportsInvalidCase
 667/1639 Test  #240: FixedTemperatureTest.RejectsNonFiniteTemperature .........................................................   Passed    0.29 sec
          Start  926: KEpsilonEquationTest.ImplicitSourceRejectsNonFiniteSuOrSp
 668/1639 Test  #973: SSTEquationTest.BlendAtF1EqualsOneUsesSetOneExactly ......................................................   Passed    0.36 sec
          Start  761: RestartSnapshotTest.ValidStateProducesValidSnapshot
 669/1639 Test  #930: KEpsilonEquationTest.TransportEquationRejectsSizeMismatch ................................................   Passed    0.27 sec
          Start  253: AdiabaticTest.EquivalentToZeroHeatFluxForAnyConductivity
 670/1639 Test  #941: KEpsilonModelTest.CorrectProducesPositiveFiniteFieldsForARealFlow ........................................   Passed    0.27 sec
          Start  904: EffectiveViscosityTest.RepeatedEvaluationIsDeterministic
 671/1639 Test  #926: KEpsilonEquationTest.ImplicitSourceRejectsNonFiniteSuOrSp ................................................   Passed    0.13 sec
          Start 1083: VolumeFractionTransportEquationTest.MismatchedAlphaOldSizeThrows
 672/1639 Test #1405: PisoTest.RepeatedIdenticalTimestepIsBitIdentical .........................................................   Passed    0.47 sec
          Start  838: EnergyEquationAssemblyTest.RepeatedAssemblyIsDeterministic
 673/1639 Test  #253: AdiabaticTest.EquivalentToZeroHeatFluxForAnyConductivity .................................................   Passed    0.38 sec
          Start  514: CaseReaderTest.MalformedManifestJsonThrowsIOError
 674/1639 Test #1083: VolumeFractionTransportEquationTest.MismatchedAlphaOldSizeThrows .........................................   Passed    0.43 sec
          Start  943: KEpsilonModelTest.EffectiveViscosityEqualsMolecularPlusTurbulent
 675/1639 Test  #761: RestartSnapshotTest.ValidStateProducesValidSnapshot ......................................................   Passed    0.57 sec
          Start  895: TurbulenceModelTest.CorrectIsCallable
 676/1639 Test  #838: EnergyEquationAssemblyTest.RepeatedAssemblyIsDeterministic ...............................................   Passed    0.49 sec
          Start 1494: TwoMaterialConductionValidation.AnalyticalFormulasAreSelfConsistent
 677/1639 Test  #904: EffectiveViscosityTest.RepeatedEvaluationIsDeterministic .................................................   Passed    0.61 sec
          Start  905: LaminarModelTest.NameIsLaminar
 678/1639 Test  #943: KEpsilonModelTest.EffectiveViscosityEqualsMolecularPlusTurbulent .........................................   Passed    0.14 sec
          Start  247: HeatFluxTest.TypeAndNameAreThermalSpecific
 679/1639 Test  #895: TurbulenceModelTest.CorrectIsCallable ....................................................................   Passed    0.14 sec
          Start  902: EffectiveViscosityTest.RejectsNonPositiveMolecularViscosity
 680/1639 Test  #514: CaseReaderTest.MalformedManifestJsonThrowsIOError ........................................................   Passed    0.30 sec
          Start  876: InterfaceConductanceTest.MatchesHandDerivedExample
 681/1639 Test  #590: TurbulenceCaseTest.RejectsNonPositiveInitialEpsilon ......................................................   Passed    1.07 sec
          Start  774: RestartSnapshotTest.NegativeTimeIsNotRejected
 682/1639 Test #1494: TwoMaterialConductionValidation.AnalyticalFormulasAreSelfConsistent ......................................   Passed    0.14 sec
          Start  925: KEpsilonEquationTest.ImplicitSourceAddsToDiagonalAndRhsCorrectly
 683/1639 Test #1526: MultiphaseProductionCaseTest.MissingCaseDirectoryReportsInvalidCase ......................................   Passed    0.98 sec
          Start   76: MeshFingerprintTest.IsNonEmpty
 684/1639 Test  #247: HeatFluxTest.TypeAndNameAreThermalSpecific ...............................................................   Passed    0.31 sec
          Start   27: GpuBackendCpuFallbackTest.CudaAvailableNeverThrows
 685/1639 Test  #902: EffectiveViscosityTest.RejectsNonPositiveMolecularViscosity ..............................................   Passed    0.32 sec
          Start  238: FixedTemperatureTest.StoresAndReturnsExactTemperature
 686/1639 Test  #925: KEpsilonEquationTest.ImplicitSourceAddsToDiagonalAndRhsCorrectly .........................................   Passed    0.24 sec
          Start 1014: TurbulenceModelFactoryTest.KEpsilonOverloadRejectsUnsupportedModelNames
 687/1639 Test  #905: LaminarModelTest.NameIsLaminar ...........................................................................   Passed    0.44 sec
          Start  431: MomentumDiffusionTest.NonFiniteOrNonPositiveEffectiveViscosityFieldThrows
 688/1639 Test  #876: InterfaceConductanceTest.MatchesHandDerivedExample .......................................................   Passed    0.41 sec
          Start 1406: PisoTest.OneStepResultIsFiniteOnCavity
 689/1639 Test   #76: MeshFingerprintTest.IsNonEmpty ...........................................................................   Passed    0.34 sec
          Start  154: JacobiTest.AcceptsSmallButSafeDiagonal
 690/1639 Test  #774: RestartSnapshotTest.NegativeTimeIsNotRejected ............................................................   Passed    0.49 sec
          Start  998: SSTModelTest.InitializedToConfiguredValuesEverywhere
 691/1639 Test   #27: GpuBackendCpuFallbackTest.CudaAvailableNeverThrows .......................................................   Passed    0.28 sec
          Start 1176: MarchingSquaresTest.LinearFieldPhiEqualsXProducesAVerticalLineAtTheLevel
 692/1639 Test  #238: FixedTemperatureTest.StoresAndReturnsExactTemperature ....................................................   Passed    0.33 sec
          Start  770: RestartSnapshotTest.NonFiniteVelocityIsRejected
 693/1639 Test #1014: TurbulenceModelFactoryTest.KEpsilonOverloadRejectsUnsupportedModelNames ..................................   Passed    0.49 sec
          Start  252: AdiabaticTest.ReturnsOwnerValueUnchanged
 694/1639 Test  #998: SSTModelTest.InitializedToConfiguredValuesEverywhere .....................................................   Passed    0.33 sec
          Start 1413: PisoTest.NonFiniteInputStateReturnsNonFiniteState
 695/1639 Test #1176: MarchingSquaresTest.LinearFieldPhiEqualsXProducesAVerticalLineAtTheLevel .................................   Passed    0.31 sec
          Start  923: KEpsilonEquationTest.ImplicitSourceReproducesKDestructionAtSelfConsistency
 696/1639 Test  #431: MomentumDiffusionTest.NonFiniteOrNonPositiveEffectiveViscosityFieldThrows ................................   Passed    0.53 sec
          Start  736: TimeControllerTest.StartingStepIsReflectedImmediately
 697/1639 Test  #154: JacobiTest.AcceptsSmallButSafeDiagonal ...................................................................   Passed    0.46 sec
          Start  153: JacobiTest.RejectsNearZeroDiagonal
 698/1639 Test #1406: PisoTest.OneStepResultIsFiniteOnCavity ...................................................................   Passed    0.54 sec
          Start 1116: ThermodynamicPropertiesTest.SpeedOfSoundIsPositiveFiniteAndIncreasesWithSqrtT
 699/1639 Test #1413: PisoTest.NonFiniteInputStateReturnsNonFiniteState ........................................................   Passed    0.13 sec
          Start 1192: Vorticity2DTest.MismatchedSizeThrows
 700/1639 Test  #736: TimeControllerTest.StartingStepIsReflectedImmediately ....................................................   Passed    0.16 sec
          Start  264: WallOmegaTest.RejectsInvalidDistance
 701/1639 Test  #770: RestartSnapshotTest.NonFiniteVelocityIsRejected ..........................................................   Passed    0.46 sec
          Start  976: SSTEquationTest.BlendAtHalfWeightingIsTheMidpoint
 702/1639 Test  #252: AdiabaticTest.ReturnsOwnerValueUnchanged .................................................................   Passed    0.30 sec
          Start  738: TimeControllerTest.StartingStepAtOrAboveMaxStepsIsImmediatelyFinished
 703/1639 Test  #264: WallOmegaTest.RejectsInvalidDistance .....................................................................   Passed    0.08 sec
          Start  737: TimeControllerTest.AdvanceFromStartingStepContinuesTheAbsoluteStepCount
 704/1639 Test #1192: Vorticity2DTest.MismatchedSizeThrows .....................................................................   Passed    0.29 sec
          Start  997: SSTModelTest.FieldsSizedToMeshAtConstruction
 705/1639 Test  #923: KEpsilonEquationTest.ImplicitSourceReproducesKDestructionAtSelfConsistency ...............................   Passed    0.44 sec
          Start 1051: SpeciesSolverTest.InvalidConfigurationForMismatchedConcentrationSize
 706/1639 Test  #153: JacobiTest.RejectsNearZeroDiagonal .......................................................................   Passed    0.41 sec
          Start 1016: TurbulenceModelFactoryTest.KOmegaNameCreatesKOmegaModel
 707/1639 Test #1116: ThermodynamicPropertiesTest.SpeedOfSoundIsPositiveFiniteAndIncreasesWithSqrtT ............................   Passed    0.39 sec
          Start  924: KEpsilonEquationTest.ImplicitSourceReproducesEpsilonDestructionAtSelfConsistency
 708/1639 Test  #976: SSTEquationTest.BlendAtHalfWeightingIsTheMidpoint ........................................................   Passed    0.26 sec
          Start  244: HeatFluxTest.ZeroFluxReturnsOwnerValue
 709/1639 Test  #997: SSTModelTest.FieldsSizedToMeshAtConstruction .............................................................   Passed    0.09 sec
          Start 1423: PisoTransientIntegrationTest.RepeatedIdenticalMultiStepRunIsBitIdentical
 710/1639 Test  #738: TimeControllerTest.StartingStepAtOrAboveMaxStepsIsImmediatelyFinished ....................................   Passed    0.27 sec
          Start  822: EnergyEquationConvectionTest.PositiveInternalFluxSelectsOwnerNegativeSelectsNeighbor
 711/1639 Test  #737: TimeControllerTest.AdvanceFromStartingStepContinuesTheAbsoluteStepCount ..................................   Passed    0.27 sec
          Start  889: TurbulenceModelTest.PolymorphicDestructionWorks
 712/1639 Test #1016: TurbulenceModelFactoryTest.KOmegaNameCreatesKOmegaModel ..................................................   Passed    0.14 sec
          Start 1010: SSTModelTest.NearWallBlendApproachesSSTsOwnInnerCoefficientSet
 713/1639 Test  #924: KEpsilonEquationTest.ImplicitSourceReproducesEpsilonDestructionAtSelfConsistency .........................   Passed    0.15 sec
          Start  929: KEpsilonEquationTest.UniformFieldWithZeroSourceIsPreservedByFullEquation
 714/1639 Test #1051: SpeciesSolverTest.InvalidConfigurationForMismatchedConcentrationSize .....................................   Passed    0.30 sec
          Start  952: KOmegaModelTest.NameIsKOmega
 715/1639 Test  #244: HeatFluxTest.ZeroFluxReturnsOwnerValue ...................................................................   Passed    0.29 sec
          Start  940: KEpsilonModelTest.CorrectRejectsMismatchedVelocitySize
 716/1639 Test  #940: KEpsilonModelTest.CorrectRejectsMismatchedVelocitySize ...................................................   Passed    0.12 sec
          Start  982: SSTEquationTest.CrossDiffusionSourceIsHalfWeightAtF1EqualsHalf
 717/1639 Test  #822: EnergyEquationConvectionTest.PositiveInternalFluxSelectsOwnerNegativeSelectsNeighbor .....................   Passed    0.40 sec
          Start    5: CFDAppCli_bad_boundary
 718/1639 Test  #889: TurbulenceModelTest.PolymorphicDestructionWorks ..........................................................   Passed    0.39 sec
          Start  575: TurbulenceCaseTest.BuilderConstructsKEpsilonConfigAndBoundaries
 719/1639 Test #1010: SSTModelTest.NearWallBlendApproachesSSTsOwnInnerCoefficientSet ...........................................   Passed    0.38 sec
          Start  827: EnergyEquationConvectionTest.MismatchedMassFluxSizeThrows
 720/1639 Test  #929: KEpsilonEquationTest.UniformFieldWithZeroSourceIsPreservedByFullEquation .................................   Passed    0.37 sec
          Start  531: CaseValidationTest.ZeroNxIsRejected
 721/1639 Test  #952: KOmegaModelTest.NameIsKOmega .............................................................................   Passed    0.30 sec
          Start  179: LinearSolverFactoryTest.DefaultSettingsSelectCpuBiCGSTAB
 722/1639 Test #1423: PisoTransientIntegrationTest.RepeatedIdenticalMultiStepRunIsBitIdentical .................................   Passed    0.57 sec
          Start  764: RestartSnapshotTest.SourceTransientStateIsNotModified
 723/1639 Test  #982: SSTEquationTest.CrossDiffusionSourceIsHalfWeightAtF1EqualsHalf ...........................................   Passed    0.60 sec
          Start  250: HeatFluxTest.RejectsInvalidDistance
 724/1639 Test  #827: EnergyEquationConvectionTest.MismatchedMassFluxSizeThrows ................................................   Passed    0.56 sec
          Start  167: BiCGSTABTest.InvalidSystemWhenPreconditionerRejectsTheMatrix
 725/1639 Test  #179: LinearSolverFactoryTest.DefaultSettingsSelectCpuBiCGSTAB .................................................   Passed    0.52 sec
          Start  166: BiCGSTABTest.SolvesWithJacobiPreconditioner
 726/1639 Test  #764: RestartSnapshotTest.SourceTransientStateIsNotModified ....................................................   Passed    0.60 sec
          Start  991: SSTEquationTest.TurbulentViscosityStrainDominatedBranch
 727/1639 Test  #531: CaseValidationTest.ZeroNxIsRejected ......................................................................   Passed    0.74 sec
          Start  698: VTKWriterTest.CellCountAndConnectivityAreCorrectFor2x2
 728/1639 Test  #575: TurbulenceCaseTest.BuilderConstructsKEpsilonConfigAndBoundaries ..........................................   Passed    0.82 sec
          Start  931: KEpsilonModelTest.TurbulentViscosityMatchesHandDerivedExample
 729/1639 Test  #167: BiCGSTABTest.InvalidSystemWhenPreconditionerRejectsTheMatrix .............................................   Passed    0.25 sec
          Start  181: LinearSolverFactoryTest.GpuBackendRequestNeverThrowsRegardlessOfDeviceAvailability
 730/1639 Test  #250: HeatFluxTest.RejectsInvalidDistance ......................................................................   Passed    0.31 sec
          Start  186: LinearSolverFactoryTest.InvalidSettingsStillThrowRegardlessOfBackend
 731/1639 Test  #166: BiCGSTABTest.SolvesWithJacobiPreconditioner ..............................................................   Passed    0.28 sec
          Start  161: CGTest.InvalidSystemWhenPreconditionerRejectsTheMatrix
 732/1639 Test    #5: CFDAppCli_bad_boundary ...................................................................................   Passed    1.01 sec
          Start  518: CaseReaderTest.UnsupportedFormatVersionThrowsCaseConfigurationError
 733/1639 Test  #931: KEpsilonModelTest.TurbulentViscosityMatchesHandDerivedExample ............................................   Passed    0.28 sec
          Start  183: LinearSolverFactoryTest.CpuJacobiPreconditionerTypeMatchesExplicitJacobiPreconditioner
 734/1639 Test  #991: SSTEquationTest.TurbulentViscosityStrainDominatedBranch ..................................................   Passed    0.37 sec
          Start  185: LinearSolverFactoryTest.GpuBackendJacobiRequestNeverThrowsAndConverges
 735/1639 Test  #181: LinearSolverFactoryTest.GpuBackendRequestNeverThrowsRegardlessOfDeviceAvailability .......................   Passed    0.28 sec
          Start  246: HeatFluxTest.ExposesHeatFluxAndConductivity
 736/1639 Test  #186: LinearSolverFactoryTest.InvalidSettingsStillThrowRegardlessOfBackend .....................................   Passed    0.27 sec
          Start  180: LinearSolverFactoryTest.CgTypeSelectsCpuCG
 737/1639 Test  #161: CGTest.InvalidSystemWhenPreconditionerRejectsTheMatrix ...................................................   Passed    0.26 sec
          Start  763: RestartSnapshotTest.TimeStepAndDeltaTCopiedExactly
 738/1639 Test  #183: LinearSolverFactoryTest.CpuJacobiPreconditionerTypeMatchesExplicitJacobiPreconditioner ...................   Passed    0.10 sec
          Start   31: GpuResidencyManagerCpuFallbackTest.SyncMatrixNeverThrowsRegardlessOfDevice
 739/1639 Test  #185: LinearSolverFactoryTest.GpuBackendJacobiRequestNeverThrowsAndConverges ...................................   Passed    0.11 sec
          Start 1177: MarchingSquaresTest.LinearFieldPhiEqualsYProducesAHorizontalLine
 740/1639 Test  #180: LinearSolverFactoryTest.CgTypeSelectsCpuCG ...............................................................   Passed    0.10 sec
          Start   30: GpuResidencyManagerCpuFallbackTest.ActiveMatchesCudaAvailable
 741/1639 Test  #698: VTKWriterTest.CellCountAndConnectivityAreCorrectFor2x2 ...................................................   Passed    0.64 sec
          Start  184: LinearSolverFactoryTest.ExplicitPreconditionerArgumentOverridesSettingsPreconditioner
 742/1639 Test   #31: GpuResidencyManagerCpuFallbackTest.SyncMatrixNeverThrowsRegardlessOfDevice ...............................   Passed    0.22 sec
          Start  775: RestartSnapshotTest.InvalidDeltaTIsRejected
 743/1639 Test  #518: CaseReaderTest.UnsupportedFormatVersionThrowsCaseConfigurationError ......................................   Passed    0.49 sec
          Start  767: RestartSnapshotTest.WrongFaceCountIsRejected
 744/1639 Test  #246: HeatFluxTest.ExposesHeatFluxAndConductivity ..............................................................   Passed    0.34 sec
          Start  182: LinearSolverFactoryTest.GpuBackendReportsAvailabilityConsistentlyAndFallsBackDeterministically
 745/1639 Test   #30: GpuResidencyManagerCpuFallbackTest.ActiveMatchesCudaAvailable ............................................   Passed    0.22 sec
          Start   32: GpuResidencyManagerCpuFallbackTest.SyncFieldNeverThrowsRegardlessOfDevice
 746/1639 Test #1177: MarchingSquaresTest.LinearFieldPhiEqualsYProducesAHorizontalLine .........................................   Passed    0.28 sec
          Start   33: GpuResidencyManagerCpuFallbackTest.MoveConstructionAndAssignmentAreSafe
 747/1639 Test  #763: RestartSnapshotTest.TimeStepAndDeltaTCopiedExactly .......................................................   Passed    0.39 sec
          Start   81: MeshFingerprintTest.DifferentAspectRatioSameCellCountProducesDifferentFingerprint
 748/1639 Test  #775: RestartSnapshotTest.InvalidDeltaTIsRejected ..............................................................   Passed    0.16 sec
          Start  666: CSVWriterTest.WriteFieldsMismatchedSizeThrows
 749/1639 Test  #767: RestartSnapshotTest.WrongFaceCountIsRejected .............................................................   Passed    0.17 sec
          Start    6: CFDAppCli_bad_solver
 750/1639 Test  #182: LinearSolverFactoryTest.GpuBackendReportsAvailabilityConsistentlyAndFallsBackDeterministically ...........   Passed    0.19 sec
          Start  920: KEpsilonEquationTest.EffectiveDiffusivityMatchesHandDerivedExample
 751/1639 Test  #184: LinearSolverFactoryTest.ExplicitPreconditionerArgumentOverridesSettingsPreconditioner ....................   Passed    0.28 sec
          Start 1011: SSTModelTest.FarFieldBlendApproachesSSTsOwnOuterCoefficientSet
 752/1639 Test   #33: GpuResidencyManagerCpuFallbackTest.MoveConstructionAndAssignmentAreSafe ..................................   Passed    0.19 sec
          Start  768: RestartSnapshotTest.MismatchedMeshCellCountIsRejectedEvenWithConsistentFieldSizes
 753/1639 Test   #32: GpuResidencyManagerCpuFallbackTest.SyncFieldNeverThrowsRegardlessOfDevice ................................   Passed    0.27 sec
          Start   77: MeshFingerprintTest.TwoSeparatelyBuiltIdenticalMeshesProduceIdenticalFingerprints
 754/1639 Test   #77: MeshFingerprintTest.TwoSeparatelyBuiltIdenticalMeshesProduceIdenticalFingerprints ........................   Passed    0.08 sec
          Start  245: HeatFluxTest.ConductivityScalesTheGradientInversely
 755/1639 Test   #81: MeshFingerprintTest.DifferentAspectRatioSameCellCountProducesDifferentFingerprint ........................   Passed    0.33 sec
          Start  921: KEpsilonEquationTest.EffectiveDiffusivityReducesToMolecularAsMuTVanishes
 756/1639 Test #1011: SSTModelTest.FarFieldBlendApproachesSSTsOwnOuterCoefficientSet ...........................................   Passed    0.35 sec
          Start   80: MeshFingerprintTest.DifferentResolutionProducesDifferentFingerprint
 757/1639 Test  #920: KEpsilonEquationTest.EffectiveDiffusivityMatchesHandDerivedExample .......................................   Passed    0.41 sec
          Start  762: RestartSnapshotTest.VelocityPressureFluxCopiedExactly
 758/1639 Test  #921: KEpsilonEquationTest.EffectiveDiffusivityReducesToMolecularAsMuTVanishes .................................   Passed    0.18 sec
          Start  662: CSVWriterTest.WriteFieldsRowCountAndCellOrderMatchMesh
 759/1639 Test  #245: HeatFluxTest.ConductivityScalesTheGradientInversely ......................................................   Passed    0.31 sec
          Start 1410: PisoTest.NonPositiveOrNonFiniteDtReturnsInvalidConfiguration
 760/1639 Test  #768: RestartSnapshotTest.MismatchedMeshCellCountIsRejectedEvenWithConsistentFieldSizes ........................   Passed    0.50 sec
          Start  937: KEpsilonModelTest.RejectsInvalidInitialEpsilon
 761/1639 Test  #762: RestartSnapshotTest.VelocityPressureFluxCopiedExactly ....................................................   Passed    0.18 sec
          Start 1402: FinalCorrectionTest.RepeatedFullPipelineIsBitIdentical
 762/1639 Test   #80: MeshFingerprintTest.DifferentResolutionProducesDifferentFingerprint ......................................   Passed    0.32 sec
          Start 1185: AutomaticContourLevelsTest.ConstantFieldProducesNoLevels
 763/1639 Test  #666: CSVWriterTest.WriteFieldsMismatchedSizeThrows ............................................................   Passed    0.89 sec
          Start  739: TimeControllerTest.ResumedControllerMatchesContinuousControllerBitIdentically
 764/1639 Test  #662: CSVWriterTest.WriteFieldsRowCountAndCellOrderMatchMesh ...................................................   Passed    0.37 sec
          Start 1394: FinalCorrectionTest.TwoCellPartialFirstCorrectionPlusSecondReconstructsFullSingleCorrection
 765/1639 Test #1410: PisoTest.NonPositiveOrNonFiniteDtReturnsInvalidConfiguration .............................................   Passed    0.32 sec
          Start  962: KOmegaModelTest.ConvergenceResidualIsNulloptBeforeFirstCorrect
 766/1639 Test #1402: FinalCorrectionTest.RepeatedFullPipelineIsBitIdentical ...................................................   Passed    0.26 sec
          Start  934: KEpsilonModelTest.InitializedToConfiguredValuesEverywhere
 767/1639 Test    #6: CFDAppCli_bad_solver .....................................................................................   Passed    0.96 sec
          Start 1392: FinalCorrectionTest.ZeroSecondCorrectionLeavesFirstCorrectionStateBitIdentical
 768/1639 Test #1394: FinalCorrectionTest.TwoCellPartialFirstCorrectionPlusSecondReconstructsFullSingleCorrection ..............   Passed    0.08 sec
          Start  922: KEpsilonEquationTest.EffectiveDiffusivityRejectsInvalidInputs
 769/1639 Test #1185: AutomaticContourLevelsTest.ConstantFieldProducesNoLevels .................................................   Passed    0.23 sec
          Start 1385: SecondPressureCorrectionTest.FullFirstCorrectionGivesExactlyZeroSecondCorrection
 770/1639 Test  #934: KEpsilonModelTest.InitializedToConfiguredValuesEverywhere ................................................   Passed    0.12 sec
          Start 1412: PisoTest.ReferenceCellOutOfRangeReturnsInvalidConfiguration
 771/1639 Test  #937: KEpsilonModelTest.RejectsInvalidInitialEpsilon ...........................................................   Passed    0.45 sec
          Start 1408: PisoTest.TwoCellClosedDomainAtRestStaysAtRestAndConservesMassExactly
 772/1639 Test  #962: KOmegaModelTest.ConvergenceResidualIsNulloptBeforeFirstCorrect ...........................................   Passed    0.18 sec
          Start 1415: PisoTest.ForcedPressureCorrectionFailurePropagatesAsPressureCorrectionFailure
 773/1639 Test  #922: KEpsilonEquationTest.EffectiveDiffusivityRejectsInvalidInputs ............................................   Passed    0.13 sec
          Start 1393: FinalCorrectionTest.TwoCellFullFirstCorrectionMakesSecondCorrectionExactlyIdempotent
 774/1639 Test  #739: TimeControllerTest.ResumedControllerMatchesContinuousControllerBitIdentically ............................   Passed    0.35 sec
          Start 1397: FinalCorrectionTest.FinalContinuityIsEvaluatedFromF2NotF1OrFStar
 775/1639 Test #1392: FinalCorrectionTest.ZeroSecondCorrectionLeavesFirstCorrectionStateBitIdentical ...........................   Passed    0.26 sec
          Start 1407: PisoTest.WallNormalBoundaryFluxStaysExactlyZero
 776/1639 Test #1385: SecondPressureCorrectionTest.FullFirstCorrectionGivesExactlyZeroSecondCorrection .........................   Passed    0.23 sec
          Start 1422: PisoTransientIntegrationTest.RealComputedCflCanTriggerCflViolationWhenFailAboveIsLow
 777/1639 Test #1393: FinalCorrectionTest.TwoCellFullFirstCorrectionMakesSecondCorrectionExactlyIdempotent .....................   Passed    0.13 sec
          Start   28: GpuBackendCpuFallbackTest.ExecutionStatsStartAtZeroWithNoDeviceActivity
 778/1639 Test #1415: PisoTest.ForcedPressureCorrectionFailurePropagatesAsPressureCorrectionFailure ............................   Passed    0.18 sec
          Start 1395: FinalCorrectionTest.FullPipelineFinalStateIsFiniteAndConverged
 779/1639 Test #1412: PisoTest.ReferenceCellOutOfRangeReturnsInvalidConfiguration ..............................................   Passed    0.23 sec
          Start 1322: SIMPLEBuoyancyTest.RejectsMismatchedTemperatureSize
 780/1639 Test #1408: PisoTest.TwoCellClosedDomainAtRestStaysAtRestAndConservesMassExactly .....................................   Passed    0.24 sec
          Start  766: RestartSnapshotTest.WrongCellCountIsRejected
 781/1639 Test #1397: FinalCorrectionTest.FinalContinuityIsEvaluatedFromF2NotF1OrFStar .........................................   Passed    0.13 sec
          Start  663: CSVWriterTest.WriteFieldsCoordinatesComeFromMesh
 782/1639 Test #1407: PisoTest.WallNormalBoundaryFluxStaysExactlyZero ..........................................................   Passed    0.13 sec
          Start 1377: CorrectionApplicationTest.TwoCellProbeCorrectionMatchesHandDerivation
 783/1639 Test #1422: PisoTransientIntegrationTest.RealComputedCflCanTriggerCflViolationWhenFailAboveIsLow .....................   Passed    0.14 sec
          Start  669: CSVWriterTest.WriteResidualsHeaderAndRowCount
 784/1639 Test #1395: FinalCorrectionTest.FullPipelineFinalStateIsFiniteAndConverged ...........................................   Passed    0.12 sec
          Start  257: WallOmegaTest.HandDerivedValueMatchesWilcoxFormula
 785/1639 Test   #28: GpuBackendCpuFallbackTest.ExecutionStatsStartAtZeroWithNoDeviceActivity ..................................   Passed    0.17 sec
          Start  894: TurbulenceModelTest.NonFiniteTurbulentViscosityRejected
 786/1639 Test #1322: SIMPLEBuoyancyTest.RejectsMismatchedTemperatureSize ......................................................   Passed    0.18 sec
          Start 1287: SIMPLEContinuityTest.ReducedClosedProbeContinuityImprovesAcrossIterations
 787/1639 Test  #257: WallOmegaTest.HandDerivedValueMatchesWilcoxFormula .......................................................   Passed    0.34 sec
          Start  765: RestartSnapshotTest.RepeatedConstructionFromIdenticalStateIsDeterministic
 788/1639 Test  #766: RestartSnapshotTest.WrongCellCountIsRejected .............................................................   Passed    0.48 sec
          Start   78: MeshFingerprintTest.RepeatedCallOnSameMeshIsDeterministic
 789/1639 Test #1287: SIMPLEContinuityTest.ReducedClosedProbeContinuityImprovesAcrossIterations ................................   Passed    0.34 sec
          Start 1401: FinalCorrectionTest.PreviousStateRemainsUntouchedAndFirstCorrectionStateIsPreservedSeparately
 790/1639 Test #1377: CorrectionApplicationTest.TwoCellProbeCorrectionMatchesHandDerivation ....................................   Passed    0.51 sec
          Start  951: KOmegaModelTest.TurbulentViscosityMatchesHandDerivedExample
 791/1639 Test  #663: CSVWriterTest.WriteFieldsCoordinatesComeFromMesh .........................................................   Passed    0.63 sec
          Start  671: CSVWriterTest.WriteResidualsValuesMatchHistoriesInOrder
 792/1639 Test  #669: CSVWriterTest.WriteResidualsHeaderAndRowCount ............................................................   Passed    0.61 sec
          Start  776: RestartSnapshotTest.UnsupportedFormatVersionIsRejected
 793/1639 Test  #894: TurbulenceModelTest.NonFiniteTurbulentViscosityRejected ..................................................   Passed    0.56 sec
          Start  893: TurbulenceModelTest.NegativeTurbulentViscosityRejected
 794/1639 Test  #951: KOmegaModelTest.TurbulentViscosityMatchesHandDerivedExample ..............................................   Passed    0.16 sec
          Start 1378: CorrectionApplicationTest.ZeroPressureCorrectionLeavesEverythingUnchanged
 795/1639 Test   #78: MeshFingerprintTest.RepeatedCallOnSameMeshIsDeterministic ................................................   Passed    0.27 sec
          Start  160: CGTest.RepeatedSolveRebuildsPreconditionerEachTime
 796/1639 Test  #765: RestartSnapshotTest.RepeatedConstructionFromIdenticalStateIsDeterministic ................................   Passed    0.39 sec
          Start    4: CFDAppCli_bad_physics
 797/1639 Test  #776: RestartSnapshotTest.UnsupportedFormatVersionIsRejected ...................................................   Passed    0.19 sec
          Start 1400: FinalCorrectionTest.PartialFirstCorrectionPlusSecondReconstructsFullSingleCorrectionRealMesh
 798/1639 Test #1378: CorrectionApplicationTest.ZeroPressureCorrectionLeavesEverythingUnchanged ................................   Passed    0.17 sec
          Start 1404: PisoTest.PreviousStateArgumentIsNotMutated
 799/1639 Test #1401: FinalCorrectionTest.PreviousStateRemainsUntouchedAndFirstCorrectionStateIsPreservedSeparately ............   Passed    0.40 sec
          Start  682: JSONWriterTest.WrittenFileIsValidJson
 800/1639 Test #1400: FinalCorrectionTest.PartialFirstCorrectionPlusSecondReconstructsFullSingleCorrectionRealMesh .............   Passed    0.07 sec
          Start 1387: SecondPressureCorrectionTest.FullPipelineSecondCorrectionIsFiniteAndConverged
 801/1639 Test #1404: PisoTest.PreviousStateArgumentIsNotMutated ...............................................................   Passed    0.07 sec
          Start   79: MeshFingerprintTest.DifferentDomainSizeWithSameCellAndFaceCountProducesDifferentFingerprint
 802/1639 Test #1387: SecondPressureCorrectionTest.FullPipelineSecondCorrectionIsFiniteAndConverged ............................   Passed    0.08 sec
          Start  535: CaseValidationTest.NonPositiveViscosityIsRejected
 803/1639 Test  #160: CGTest.RepeatedSolveRebuildsPreconditionerEachTime .......................................................   Passed    0.38 sec
          Start 1398: FinalCorrectionTest.ControlledPartialCorrectionShowsRc2BelowRc1
 804/1639 Test  #893: TurbulenceModelTest.NegativeTurbulentViscosityRejected ...................................................   Passed    0.51 sec
          Start 1380: CorrectionApplicationTest.ContinuityImprovesAfterCorrection
 805/1639 Test   #79: MeshFingerprintTest.DifferentDomainSizeWithSameCellAndFaceCountProducesDifferentFingerprint ..............   Passed    0.32 sec
          Start 1376: TransientPressureCorrectionTest.RepeatedPipelineRunIsBitIdentical
 806/1639 Test  #671: CSVWriterTest.WriteResidualsValuesMatchHistoriesInOrder ..................................................   Passed    0.75 sec
          Start 1389: SecondPressureCorrectionTest.SameResponseCoefficientsReusedNoMomentumReassembly
 807/1639 Test  #682: JSONWriterTest.WrittenFileIsValidJson ....................................................................   Passed    0.47 sec
          Start  673: CSVWriterTest.RepeatedWriteFieldsIsByteIdentical
 808/1639 Test  #535: CaseValidationTest.NonPositiveViscosityIsRejected ........................................................   Passed    0.36 sec
          Start 1409: PisoTest.TinyLidDrivenCavityOneStepConservesMassNearMachineZero
 809/1639 Test #1376: TransientPressureCorrectionTest.RepeatedPipelineRunIsBitIdentical ........................................   Passed    0.12 sec
          Start 1320: SIMPLEBuoyancyTest.RejectsTemperatureWithoutBuoyancy
 810/1639 Test #1398: FinalCorrectionTest.ControlledPartialCorrectionShowsRc2BelowRc1 ..........................................   Passed    0.31 sec
          Start 1321: SIMPLEBuoyancyTest.RejectsBuoyancyWithoutTemperature
 811/1639 Test #1380: CorrectionApplicationTest.ContinuityImprovesAfterCorrection ..............................................   Passed    0.28 sec
          Start  554: CaseBuilderTest.BuildsExpectedBoundaryConditionTypes
 812/1639 Test #1389: SecondPressureCorrectionTest.SameResponseCoefficientsReusedNoMomentumReassembly ..........................   Passed    0.13 sec
          Start  777: RestartSnapshotTest.RealAcceptedPisoStateRoundTripsThroughSnapshotExactly
 813/1639 Test #1409: PisoTest.TinyLidDrivenCavityOneStepConservesMassNearMachineZero ..........................................   Passed    0.11 sec
          Start  928: KEpsilonEquationTest.PureSourceOnlyAddsExactlyToRhsAndDiagonal
 814/1639 Test    #4: CFDAppCli_bad_physics ....................................................................................   Passed    0.74 sec
          Start  551: CaseValidationTest.UnsupportedLinearSolverTypeIsRejected
 815/1639 Test #1320: SIMPLEBuoyancyTest.RejectsTemperatureWithoutBuoyancy .....................................................   Passed    0.13 sec
          Start 1388: SecondPressureCorrectionTest.RealPipelineTightFirstCorrectionGivesNearZeroSecondCorrection
 816/1639 Test #1321: SIMPLEBuoyancyTest.RejectsBuoyancyWithoutTemperature .....................................................   Passed    0.14 sec
          Start  549: CaseValidationTest.NonPositiveToleranceIsRejected
 817/1639 Test  #777: RestartSnapshotTest.RealAcceptedPisoStateRoundTripsThroughSnapshotExactly ................................   Passed    0.46 sec
          Start  702: VTKWriterTest.NonFiniteValueThrows
 818/1639 Test  #928: KEpsilonEquationTest.PureSourceOnlyAddsExactlyToRhsAndDiagonal ...........................................   Passed    0.46 sec
          Start 1390: SecondPressureCorrectionTest.FirstCorrectionStateAndPreviousStateRemainUntouched
 819/1639 Test  #673: CSVWriterTest.RepeatedWriteFieldsIsByteIdentical .........................................................   Passed    0.63 sec
          Start 1366: TransientMomentumAssemblyTest.RejectsMassFluxSizeMismatch
 820/1639 Test  #554: CaseBuilderTest.BuildsExpectedBoundaryConditionTypes .....................................................   Passed    0.55 sec
          Start 1421: PisoTransientIntegrationTest.CflRemainsDiagnosticOnlyUnderGenerousCflFailAbove
 821/1639 Test  #551: CaseValidationTest.UnsupportedLinearSolverTypeIsRejected .................................................   Passed    0.49 sec
          Start 1416: PisoTest.AccessorsReturnConstructedValues
 822/1639 Test  #549: CaseValidationTest.NonPositiveToleranceIsRejected ........................................................   Passed    0.44 sec
          Start 1375: TransientPressureCorrectionTest.PreviousStateAndInputsAreNotMutatedByThePipeline
 823/1639 Test #1388: SecondPressureCorrectionTest.RealPipelineTightFirstCorrectionGivesNearZeroSecondCorrection ...............   Passed    0.49 sec
          Start  664: CSVWriterTest.WriteFieldsVelocityPressureAndMagnitudeAreCorrect
 824/1639 Test  #702: VTKWriterTest.NonFiniteValueThrows .......................................................................   Passed    0.14 sec
          Start 1311: SIMPLESSTTest.WallDistanceFieldIsSane
 825/1639 Test #1390: SecondPressureCorrectionTest.FirstCorrectionStateAndPreviousStateRemainUntouched .........................   Passed    0.12 sec
          Start 1424: PisoTransientIntegrationTest.CallerInitialStateArgumentIsNotMutated
 826/1639 Test #1366: TransientMomentumAssemblyTest.RejectsMassFluxSizeMismatch ................................................   Passed    0.12 sec
          Start 1403: PisoTest.OneStepMatchesIndependentManualPipelineBitIdentical
 827/1639 Test #1421: PisoTransientIntegrationTest.CflRemainsDiagnosticOnlyUnderGenerousCflFailAbove ...........................   Passed    0.12 sec
          Start  527: CaseValidationTest.UnsupportedGeometryTypeIsRejected
 828/1639 Test #1416: PisoTest.AccessorsReturnConstructedValues ................................................................   Passed    0.12 sec
          Start  435: MomentumConvectionTest.ConstantFieldGivesZeroNetContribution
 829/1639 Test #1375: TransientPressureCorrectionTest.PreviousStateAndInputsAreNotMutatedByThePipeline .........................   Passed    0.13 sec
          Start  550: CaseValidationTest.ZeroMaxIterationsIsRejected
 830/1639 Test #1311: SIMPLESSTTest.WallDistanceFieldIsSane ....................................................................   Passed    0.11 sec
          Start  555: CaseBuilderTest.ConfigurationMatchesManualSetup
 831/1639 Test #1424: PisoTransientIntegrationTest.CallerInitialStateArgumentIsNotMutated ......................................   Passed    0.11 sec
          Start  773: RestartSnapshotTest.NonFiniteTimeIsRejected
 832/1639 Test #1403: PisoTest.OneStepMatchesIndependentManualPipelineBitIdentical .............................................   Passed    0.12 sec
          Start  532: CaseValidationTest.FractionalNxIsRejected
 833/1639 Test  #435: MomentumConvectionTest.ConstantFieldGivesZeroNetContribution .............................................   Passed    0.40 sec
          Start  542: CaseValidationTest.WallWithUnexpectedVelocityValueIsRejected
 834/1639 Test  #532: CaseValidationTest.FractionalNxIsRejected ................................................................   Passed    0.35 sec
          Start  683: JSONWriterTest.RequiredKeysExist
 835/1639 Test  #664: CSVWriterTest.WriteFieldsVelocityPressureAndMagnitudeAreCorrect ..........................................   Passed    0.57 sec
          Start  534: CaseValidationTest.NonPositiveDensityIsRejected
 836/1639 Test  #527: CaseValidationTest.UnsupportedGeometryTypeIsRejected .....................................................   Passed    0.51 sec
          Start  515: CaseReaderTest.MalformedReferencedJsonThrowsIOError
 837/1639 Test  #550: CaseValidationTest.ZeroMaxIterationsIsRejected ...........................................................   Passed    0.49 sec
          Start  688: JSONWriterTest.FiniteFlagReflectsActualFieldFiniteness
 838/1639 Test  #555: CaseBuilderTest.ConfigurationMatchesManualSetup ..........................................................   Passed    0.49 sec
          Start  740: CFLTest.ExactValueForOneDEquivalentCase
 839/1639 Test  #542: CaseValidationTest.WallWithUnexpectedVelocityValueIsRejected .............................................   Passed    0.14 sec
          Start  533: CaseValidationTest.StringNxIsRejected
 840/1639 Test  #773: RestartSnapshotTest.NonFiniteTimeIsRejected ..............................................................   Passed    0.50 sec
          Start  684: JSONWriterTest.CaseAndMeshMetadataAreCorrect
 841/1639 Test  #683: JSONWriterTest.RequiredKeysExist .........................................................................   Passed    0.13 sec
          Start  548: CaseValidationTest.ZeroRelaxationIsRejected
 842/1639 Test  #534: CaseValidationTest.NonPositiveDensityIsRejected ..........................................................   Passed    0.13 sec
          Start 1396: FinalCorrectionTest.WallNormalBoundaryFluxStaysExactlyZeroInFinalState
 843/1639 Test  #515: CaseReaderTest.MalformedReferencedJsonThrowsIOError ......................................................   Passed    0.13 sec
          Start 1383: CorrectionApplicationTest.RepeatedCorrectionStepIsBitIdentical
 844/1639 Test  #688: JSONWriterTest.FiniteFlagReflectsActualFieldFiniteness ...................................................   Passed    0.13 sec
          Start  686: JSONWriterTest.EveryStatusMapsToItsOwnEnumName
 845/1639 Test  #533: CaseValidationTest.StringNxIsRejected ....................................................................   Passed    0.11 sec
          Start  539: CaseValidationTest.MissingBoundaryPatchIsRejected
 846/1639 Test  #684: JSONWriterTest.CaseAndMeshMetadataAreCorrect .............................................................   Passed    0.11 sec
          Start 1367: TransientMomentumAssemblyTest.RejectsNonPositiveOrNonFiniteDt
 847/1639 Test  #548: CaseValidationTest.ZeroRelaxationIsRejected ..............................................................   Passed    0.12 sec
          Start  510: CaseReaderTest.ExplicitInitialConditionsAreParsed
 848/1639 Test  #686: JSONWriterTest.EveryStatusMapsToItsOwnEnumName ...........................................................   Passed    0.12 sec
          Start  541: CaseValidationTest.MovingWallWithoutVelocityValueIsRejected
 849/1639 Test  #539: CaseValidationTest.MissingBoundaryPatchIsRejected ........................................................   Passed    0.12 sec
          Start    3: CFDAppCli_missing_mesh
 850/1639 Test  #510: CaseReaderTest.ExplicitInitialConditionsAreParsed ........................................................   Passed    0.10 sec
          Start  517: CaseReaderTest.ManifestCanReferenceAlternativeFilenames
 851/1639 Test #1367: TransientMomentumAssemblyTest.RejectsNonPositiveOrNonFiniteDt ............................................   Passed    0.16 sec
          Start 1391: SecondPressureCorrectionTest.RepeatedSecondCorrectionAssemblyIsBitIdentical
 852/1639 Test  #740: CFLTest.ExactValueForOneDEquivalentCase ..................................................................   Passed    0.35 sec
          Start  438: MomentumConvectionTest.MismatchedMassFluxSizeThrows
 853/1639 Test #1396: FinalCorrectionTest.WallNormalBoundaryFluxStaysExactlyZeroInFinalState ...................................   Passed    0.29 sec
          Start  703: VTKWriterTest.RepeatedWriteIsByteIdentical
 854/1639 Test #1383: CorrectionApplicationTest.RepeatedCorrectionStepIsBitIdentical ...........................................   Passed    0.29 sec
          Start  528: CaseValidationTest.NonPositiveGeometryLengthIsRejected
 855/1639 Test  #541: CaseValidationTest.MovingWallWithoutVelocityValueIsRejected ..............................................   Passed    0.16 sec
          Start  433: MomentumConvectionTest.BoundaryOutflowUsesOwnerUnknownNotBoundaryValue
 856/1639 Test  #517: CaseReaderTest.ManifestCanReferenceAlternativeFilenames ..................................................   Passed    0.13 sec
          Start 1362: TransientMomentumTermTest.RejectsSizeMismatch
 857/1639 Test  #703: VTKWriterTest.RepeatedWriteIsByteIdentical ...............................................................   Passed    0.09 sec
          Start  701: VTKWriterTest.MismatchedSizeThrows
 858/1639 Test  #528: CaseValidationTest.NonPositiveGeometryLengthIsRejected ...................................................   Passed    0.12 sec
          Start  687: JSONWriterTest.FinalResidualsAndMassImbalanceAreCorrect
 859/1639 Test #1362: TransientMomentumTermTest.RejectsSizeMismatch ............................................................   Passed    0.24 sec
          Start  362: GridRefinementTest.LaplacianOfSmoothFieldConvergesAtSecondOrder
 860/1639 Test #1391: SecondPressureCorrectionTest.RepeatedSecondCorrectionAssemblyIsBitIdentical ..............................   Passed    0.37 sec
          Start 1399: FinalCorrectionTest.RealPipelineSecondCorrectionIsEffectivelyIdempotentAfterFullFirst
 861/1639 Test  #438: MomentumConvectionTest.MismatchedMassFluxSizeThrows ......................................................   Passed    0.38 sec
          Start  745: CFLTest.RejectsFaceFluxSizeMismatch
 862/1639 Test  #433: MomentumConvectionTest.BoundaryOutflowUsesOwnerUnknownNotBoundaryValue ...................................   Passed    0.36 sec
          Start 1414: PisoTest.ForcedMomentumFailurePropagatesAsMomentumFailure
 863/1639 Test    #3: CFDAppCli_missing_mesh ...................................................................................   Passed    0.72 sec
          Start  747: CFLTest.RejectsNonFiniteDt
 864/1639 Test #1399: FinalCorrectionTest.RealPipelineSecondCorrectionIsEffectivelyIdempotentAfterFullFirst ....................   Passed    0.36 sec
          Start 1369: TransientMomentumPredictorProbeTest.PredictorFluxIsFiniteAndRespectsWallImpermeability
 865/1639 Test #1414: PisoTest.ForcedMomentumFailurePropagatesAsMomentumFailure ................................................   Passed    0.31 sec
          Start 1411: PisoTest.MismatchedPreviousStateSizeReturnsInvalidConfiguration
 866/1639 Test  #701: VTKWriterTest.MismatchedSizeThrows .......................................................................   Passed    0.62 sec
          Start 1381: CorrectionApplicationTest.WallNormalBoundaryFluxStaysExactlyZeroAfterCorrection
 867/1639 Test  #687: JSONWriterTest.FinalResidualsAndMassImbalanceAreCorrect ..................................................   Passed    0.60 sec
          Start    1: CFDAppSmokeTest
 868/1639 Test  #745: CFLTest.RejectsFaceFluxSizeMismatch ......................................................................   Passed    0.42 sec
          Start  697: VTKWriterTest.PointCountMatchesStructuredGrid
 869/1639 Test  #747: CFLTest.RejectsNonFiniteDt ...............................................................................   Passed    0.20 sec
          Start  396: TimeDerivativeTest.ImplicitEulerOdeConvergesAtFirstOrder
 870/1639 Test  #362: GridRefinementTest.LaplacianOfSmoothFieldConvergesAtSecondOrder ..........................................   Passed    0.54 sec
          Start 1364: TransientMomentumAssemblyTest.DiagonalIncludesExactTransientCoefficient
 871/1639 Test  #396: TimeDerivativeTest.ImplicitEulerOdeConvergesAtFirstOrder .................................................   Passed    0.06 sec
          Start 1372: TransientPressureCorrectionTest.SmallerDeltaTGivesSmallerResponseCoefficientEverywhere
 872/1639 Test #1411: PisoTest.MismatchedPreviousStateSizeReturnsInvalidConfiguration ..........................................   Passed    0.25 sec
          Start  754: TransientSolverTest.PressureCorrectionFailurePropagates
 873/1639 Test #1369: TransientMomentumPredictorProbeTest.PredictorFluxIsFiniteAndRespectsWallImpermeability ...................   Passed    0.29 sec
          Start  536: CaseValidationTest.UnsupportedPhysicsModelIsRejected
 874/1639 Test #1381: CorrectionApplicationTest.WallNormalBoundaryFluxStaysExactlyZeroAfterCorrection ..........................   Passed    0.27 sec
          Start  412: MassFluxTest.TangentialMovingWallGivesZeroFlux
 875/1639 Test #1364: TransientMomentumAssemblyTest.DiagonalIncludesExactTransientCoefficient ..................................   Passed    0.19 sec
          Start  685: JSONWriterTest.SolverStatusAndIterationsAreCorrect
 876/1639 Test #1372: TransientPressureCorrectionTest.SmallerDeltaTGivesSmallerResponseCoefficientEverywhere ...................   Passed    0.17 sec
          Start  735: TimeControllerTest.DefaultStartingStepIsZeroAndBehaviorIsUnchanged
 877/1639 Test    #1: CFDAppSmokeTest ..........................................................................................   Passed    0.56 sec
          Start 1365: TransientMomentumAssemblyTest.RejectsVelocityPressureSizeMismatch
 878/1639 Test  #754: TransientSolverTest.PressureCorrectionFailurePropagates ..................................................   Passed    0.38 sec
          Start  500: CaseReaderTest.ValidCaseParsesIntoExpectedConfiguration
 879/1639 Test  #735: TimeControllerTest.DefaultStartingStepIsZeroAndBehaviorIsUnchanged .......................................   Passed    0.28 sec
          Start  744: CFLTest.MaxMeanAndMaxCellForNonUniformFlux
 880/1639 Test  #412: MassFluxTest.TangentialMovingWallGivesZeroFlux ...........................................................   Passed    0.46 sec
          Start 1382: CorrectionApplicationTest.PreviousStateAndPredictorFieldsRetainedIndependently
 881/1639 Test  #536: CaseValidationTest.UnsupportedPhysicsModelIsRejected .....................................................   Passed    0.50 sec
          Start  543: CaseValidationTest.VelocityValueWithWrongComponentCountIsRejected
 882/1639 Test  #685: JSONWriterTest.SolverStatusAndIterationsAreCorrect .......................................................   Passed    0.46 sec
          Start  661: CSVWriterTest.WriteFieldsHeaderIsExact
 883/1639 Test  #500: CaseReaderTest.ValidCaseParsesIntoExpectedConfiguration ..................................................   Passed    0.18 sec
          Start  274: GradientTest.PhiXGivesGradientOneZero
 884/1639 Test  #697: VTKWriterTest.PointCountMatchesStructuredGrid ............................................................   Passed    0.79 sec
          Start  546: CaseValidationTest.UnsupportedSolverTypeIsRejected
 885/1639 Test #1365: TransientMomentumAssemblyTest.RejectsVelocityPressureSizeMismatch ........................................   Passed    0.33 sec
          Start  439: MomentumPressureTest.LinearPressureXGivesNegativeXSourceZeroYSource
 886/1639 Test #1382: CorrectionApplicationTest.PreviousStateAndPredictorFieldsRetainedIndependently ...........................   Passed    0.21 sec
          Start  749: CFLTest.RepeatedCallsAreDeterministic
 887/1639 Test  #749: CFLTest.RepeatedCallsAreDeterministic ....................................................................   Passed    0.05 sec
          Start 1420: PisoTransientIntegrationTest.MaxStepsTerminationWithRealPiso
 888/1639 Test  #744: CFLTest.MaxMeanAndMaxCellForNonUniformFlux ...............................................................   Passed    0.42 sec
          Start  746: CFLTest.RejectsNonPositiveDt
 889/1639 Test  #274: GradientTest.PhiXGivesGradientOneZero ....................................................................   Passed    0.47 sec
          Start  540: CaseValidationTest.UnsupportedVelocityBoundaryTypeIsRejected
 890/1639 Test  #439: MomentumPressureTest.LinearPressureXGivesNegativeXSourceZeroYSource ......................................   Passed    0.43 sec
          Start  689: JSONWriterTest.FormatVersionIsOne
 891/1639 Test  #543: CaseValidationTest.VelocityValueWithWrongComponentCountIsRejected ........................................   Passed    0.63 sec
          Start  519: CaseReaderTest.UnknownTopLevelFieldInManifestIsRejected
 892/1639 Test  #661: CSVWriterTest.WriteFieldsHeaderIsExact ...................................................................   Passed    0.62 sec
          Start  722: TimeControllerTest.FinalStepIsShortenedToLandExactlyOnEndTime
 893/1639 Test  #546: CaseValidationTest.UnsupportedSolverTypeIsRejected .......................................................   Passed    0.58 sec
          Start  547: CaseValidationTest.RelaxationAboveOneIsRejected
 894/1639 Test  #540: CaseValidationTest.UnsupportedVelocityBoundaryTypeIsRejected .............................................   Passed    0.16 sec
          Start   29: GpuBackendCpuFallbackTest.ResetIsANoOpWhenAlreadyZero
 895/1639 Test #1420: PisoTransientIntegrationTest.MaxStepsTerminationWithRealPiso .............................................   Passed    0.44 sec
          Start  752: TransientSolverTest.MaxTimeStepsStopsBeforeReachingEndTime
 896/1639 Test  #746: CFLTest.RejectsNonPositiveDt .............................................................................   Passed    0.43 sec
          Start  303: DivergenceTest.RotationalFieldIsDivergenceFree
 897/1639 Test  #722: TimeControllerTest.FinalStepIsShortenedToLandExactlyOnEndTime ............................................   Passed    0.12 sec
          Start  728: TimeControllerTest.ReachedEndTimeDistinguishesCompletionFromMaxSteps
 898/1639 Test   #29: GpuBackendCpuFallbackTest.ResetIsANoOpWhenAlreadyZero ....................................................   Passed    0.25 sec
          Start  759: TransientSolverTest.RejectsNonPositiveOrNonFiniteCflFailAbove
 899/1639 Test #1583: ChannelFlowValidation.SSTIsDeterministic .................................................................   Passed  547.31 sec
          Start  665: CSVWriterTest.WriteFieldsUsesFullPrecisionScientificNotation
 900/1639 Test  #759: TransientSolverTest.RejectsNonPositiveOrNonFiniteCflFailAbove ............................................   Passed    0.09 sec
          Start 1386: SecondPressureCorrectionTest.DeterministicReferenceCellRowIsPreserved
 901/1639 Test  #752: TransientSolverTest.MaxTimeStepsStopsBeforeReachingEndTime ...............................................   Passed    0.35 sec
          Start  424: MomentumDiffusionTest.InteriorCellsMatchKnownQuadraticLaplacian
 902/1639 Test  #728: TimeControllerTest.ReachedEndTimeDistinguishesCompletionFromMaxSteps .....................................   Passed    0.31 sec
          Start  448: MomentumAssemblyTest.RepeatedAssemblyIsDeterministic
 903/1639 Test  #665: CSVWriterTest.WriteFieldsUsesFullPrecisionScientificNotation .............................................   Passed    0.21 sec
          Start 1370: TransientMomentumPredictorProbeTest.RepeatedPredictorSolveIsBitIdentical
 904/1639 Test  #689: JSONWriterTest.FormatVersionIsOne ........................................................................   Passed    0.62 sec
          Start  363: GridRefinementTest.UpwindConvectionConvergesAtFirstOrder
 905/1639 Test  #519: CaseReaderTest.UnknownTopLevelFieldInManifestIsRejected ..................................................   Passed    0.62 sec
          Start  668: CSVWriterTest.WriteFieldsUnwritablePathThrowsIOError
 906/1639 Test  #547: CaseValidationTest.RelaxationAboveOneIsRejected ..........................................................   Passed    0.61 sec
          Start  308: DiffusionTest.EqualsGammaTimesLaplacianForConstantGamma
 907/1639 Test  #303: DivergenceTest.RotationalFieldIsDivergenceFree ...........................................................   Passed    0.55 sec
          Start  405: FluidPropertiesTest.RejectsZeroViscosity
 908/1639 Test  #424: MomentumDiffusionTest.InteriorCellsMatchKnownQuadraticLaplacian ..........................................   Passed    0.27 sec
          Start   42: MeshFace.RejectsOwnerEqualToNeighbor
 909/1639 Test  #448: MomentumAssemblyTest.RepeatedAssemblyIsDeterministic .....................................................   Passed    0.28 sec
          Start  750: TransientSolverTest.CompletesAndThreadsStateThroughEveryStep
 910/1639 Test  #405: FluidPropertiesTest.RejectsZeroViscosity .................................................................   Passed    0.10 sec
          Start  513: CaseReaderTest.MissingReferencedFileThrowsIOError
 911/1639 Test #1370: TransientMomentumPredictorProbeTest.RepeatedPredictorSolveIsBitIdentical .................................   Passed    0.24 sec
          Start  406: FluidPropertiesTest.RejectsNegativeViscosity
 912/1639 Test #1386: SecondPressureCorrectionTest.DeterministicReferenceCellRowIsPreserved ....................................   Passed    0.43 sec
          Start    7: CFDAppCli_malformed_json
 913/1639 Test  #308: DiffusionTest.EqualsGammaTimesLaplacianForConstantGamma ..................................................   Passed    0.27 sec
          Start 1359: TransientMomentumTermTest.DiagonalGetsTimeCoefficientAddedExactly
 914/1639 Test  #363: GridRefinementTest.UpwindConvectionConvergesAtFirstOrder .................................................   Passed    0.38 sec
          Start  725: TimeControllerTest.SingleStepCaseReachesEndExactly
 915/1639 Test   #42: MeshFace.RejectsOwnerEqualToNeighbor .....................................................................   Passed    0.35 sec
          Start  391: TimeDerivativeTest.PreviousFieldIsNotMutated
 916/1639 Test  #725: TimeControllerTest.SingleStepCaseReachesEndExactly .......................................................   Passed    0.24 sec
          Start  757: TransientSolverTest.CatchesNonFiniteStateEvenWhenStepperClaimsConverged
 917/1639 Test  #750: TransientSolverTest.CompletesAndThreadsStateThroughEveryStep .............................................   Passed    0.52 sec
          Start 1360: TransientMomentumTermTest.RhsGetsSourceContributionAddedExactly
 918/1639 Test  #406: FluidPropertiesTest.RejectsNegativeViscosity .............................................................   Passed    0.56 sec
          Start  231: BoundaryConditionSetTest.RejectsUnknownPatch
 919/1639 Test  #668: CSVWriterTest.WriteFieldsUnwritablePathThrowsIOError .....................................................   Passed    0.81 sec
          Start  553: CaseBuilderTest.BuildsExpectedMeshFluidAndInitialFields
 920/1639 Test  #513: CaseReaderTest.MissingReferencedFileThrowsIOError ........................................................   Passed    0.67 sec
          Start 1371: TransientPressureCorrectionTest.ResponseCoefficientReflectsTransientDiagonalExactly
 921/1639 Test #1359: TransientMomentumTermTest.DiagonalGetsTimeCoefficientAddedExactly ........................................   Passed    0.56 sec
          Start  229: SymmetryTest.ResultIsAlwaysNormalToPlane
 922/1639 Test #1360: TransientMomentumTermTest.RhsGetsSourceContributionAddedExactly ..........................................   Passed    0.23 sec
          Start  447: MomentumAssemblyTest.ChannelAssemblyHasCorrectDimensionsAndFiniteCoefficients
 923/1639 Test  #391: TimeDerivativeTest.PreviousFieldIsNotMutated .............................................................   Passed    0.56 sec
          Start  413: MassFluxTest.InletFluxIsNegativeOutletFluxIsPositive
 924/1639 Test  #229: SymmetryTest.ResultIsAlwaysNormalToPlane .................................................................   Passed    0.18 sec
          Start  753: TransientSolverTest.FailedStepIsNotAcceptedAndStopsTheRun
 925/1639 Test    #7: CFDAppCli_malformed_json .................................................................................   Passed    0.85 sec
          Start  751: TransientSolverTest.DtSequenceMatchesTimeControllerIncludingShortenedFinalStep
 926/1639 Test  #231: BoundaryConditionSetTest.RejectsUnknownPatch .............................................................   Passed    0.36 sec
          Start  423: MomentumDiffusionTest.ConstantVelocityGivesZeroContributionEverywhere
 927/1639 Test  #757: TransientSolverTest.CatchesNonFiniteStateEvenWhenStepperClaimsConverged ..................................   Passed    0.52 sec
          Start  446: MomentumAssemblyTest.CavityAssemblyIsFiniteWithLidForcingOnUOnly
 928/1639 Test  #753: TransientSolverTest.FailedStepIsNotAcceptedAndStopsTheRun ................................................   Passed    0.08 sec
          Start  361: GridRefinementTest.GradientOfSmoothFieldConvergesAtSecondOrder
 929/1639 Test  #751: TransientSolverTest.DtSequenceMatchesTimeControllerIncludingShortenedFinalStep ...........................   Passed    0.09 sec
          Start  416: ContinuityEquationTest.ClosedZeroVelocityCavityHasZeroImbalance
 930/1639 Test  #446: MomentumAssemblyTest.CavityAssemblyIsFiniteWithLidForcingOnUOnly .........................................   Passed    0.11 sec
          Start  667: CSVWriterTest.WriteFieldsNonFiniteValueThrows
 931/1639 Test  #447: MomentumAssemblyTest.ChannelAssemblyHasCorrectDimensionsAndFiniteCoefficients ............................   Passed    0.35 sec
          Start  421: ContinuityEquationTest.NonSolenoidalFieldIsDetected
 932/1639 Test  #413: MassFluxTest.InletFluxIsNegativeOutletFluxIsPositive .....................................................   Passed    0.26 sec
          Start   43: MeshBoundaryPatch.StoresNameAndFaceIds
 933/1639 Test  #423: MomentumDiffusionTest.ConstantVelocityGivesZeroContributionEverywhere ....................................   Passed    0.21 sec
          Start  393: TimeDerivativeTest.RejectsNonPositiveDeltaT
 934/1639 Test  #416: ContinuityEquationTest.ClosedZeroVelocityCavityHasZeroImbalance ..........................................   Passed    0.17 sec
          Start  742: CFLTest.HalvingDtHalvesCFL
 935/1639 Test #1371: TransientPressureCorrectionTest.ResponseCoefficientReflectsTransientDiagonalExactly ......................   Passed    0.59 sec
          Start  307: LaplacianTest.QuadraticFieldGivesFour
 936/1639 Test  #393: TimeDerivativeTest.RejectsNonPositiveDeltaT ..............................................................   Passed    0.20 sec
          Start  694: JSONWriterTest.RepeatedWriteIsByteIdentical
 937/1639 Test  #307: LaplacianTest.QuadraticFieldGivesFour ....................................................................   Passed    0.14 sec
          Start  408: FluidPropertiesTest.RejectsNonFiniteViscosity
 938/1639 Test   #43: MeshBoundaryPatch.StoresNameAndFaceIds ...................................................................   Passed    0.30 sec
          Start  696: VTKWriterTest.HeaderIsWellFormed
 939/1639 Test  #553: CaseBuilderTest.BuildsExpectedMeshFluidAndInitialFields ..................................................   Passed    0.86 sec
          Start  132: SparseMatrixTest.BuilderDropsExactZeroSums
 940/1639 Test  #361: GridRefinementTest.GradientOfSmoothFieldConvergesAtSecondOrder ...........................................   Passed    0.50 sec
          Start  420: ContinuityEquationTest.DivergenceFreeRotationalFieldGivesNearZeroImbalance
 941/1639 Test  #667: CSVWriterTest.WriteFieldsNonFiniteValueThrows ............................................................   Passed    0.42 sec
          Start  756: TransientSolverTest.InvalidConfigurationFromStepperPropagates
 942/1639 Test  #694: JSONWriterTest.RepeatedWriteIsByteIdentical ..............................................................   Passed    0.13 sec
          Start  268: InterpolationTest.LinearFieldPhiYIsExactAtEveryFace
 943/1639 Test  #421: ContinuityEquationTest.NonSolenoidalFieldIsDetected ......................................................   Passed    0.44 sec
          Start  672: CSVWriterTest.WriteResidualsInconsistentHistoryLengthsThrows
 944/1639 Test  #408: FluidPropertiesTest.RejectsNonFiniteViscosity ............................................................   Passed    0.16 sec
          Start  723: TimeControllerTest.SequenceMatchesWorkedExample
 945/1639 Test  #696: VTKWriterTest.HeaderIsWellFormed .........................................................................   Passed    0.14 sec
          Start  731: TimeControllerTest.RejectsEndTimeBeforeStartTime
 946/1639 Test  #420: ContinuityEquationTest.DivergenceFreeRotationalFieldGivesNearZeroImbalance ...............................   Passed    0.12 sec
          Start  544: CaseValidationTest.UnsupportedPressureBoundaryTypeIsRejected
 947/1639 Test  #756: TransientSolverTest.InvalidConfigurationFromStepperPropagates ............................................   Passed    0.12 sec
          Start  425: MomentumDiffusionTest.InternalFaceCoefficientsAreSymmetric
 948/1639 Test  #742: CFLTest.HalvingDtHalvesCFL ...............................................................................   Passed    0.45 sec
          Start  721: TimeControllerTest.StepCounterIncrementsOncePerAdvance
 949/1639 Test  #723: TimeControllerTest.SequenceMatchesWorkedExample ..........................................................   Passed    0.12 sec
          Start  392: TimeDerivativeTest.RejectsFieldSizeMismatch
 950/1639 Test  #731: TimeControllerTest.RejectsEndTimeBeforeStartTime .........................................................   Passed    0.14 sec
          Start  228: SymmetryTest.TopPlaneRemovesNormalComponent
 951/1639 Test  #132: SparseMatrixTest.BuilderDropsExactZeroSums ...............................................................   Passed    0.32 sec
          Start 1384: SecondPressureCorrectionTest.PartialFirstCorrectionGivesHandDerivedNonzeroSecondCorrection
 952/1639 Test  #268: InterpolationTest.LinearFieldPhiYIsExactAtEveryFace ......................................................   Passed    0.43 sec
          Start  305: LaplacianTest.PhiXHasZeroLaplacian
 953/1639 Test  #392: TimeDerivativeTest.RejectsFieldSizeMismatch ..............................................................   Passed    0.29 sec
          Start   71: CartesianMesh.TwoByTwo
 954/1639 Test  #228: SymmetryTest.TopPlaneRemovesNormalComponent ..............................................................   Passed    0.37 sec
          Start  516: CaseReaderTest.ManifestReferencingFileOutsideCaseDirectoryIsRejected
 955/1639 Test  #425: MomentumDiffusionTest.InternalFaceCoefficientsAreSymmetric ...............................................   Passed    0.55 sec
          Start  720: TimeControllerTest.NormalSteppingUsesNominalDeltaT
 956/1639 Test  #721: TimeControllerTest.StepCounterIncrementsOncePerAdvance ...................................................   Passed    0.55 sec
          Start  730: TimeControllerTest.RejectsNonPositiveDeltaT
 957/1639 Test  #720: TimeControllerTest.NormalSteppingUsesNominalDeltaT .......................................................   Passed    0.05 sec
          Start  434: MomentumConvectionTest.BoundaryInflowUsesBoundaryValueOnRhs
 958/1639 Test  #672: CSVWriterTest.WriteResidualsInconsistentHistoryLengthsThrows .............................................   Passed    0.73 sec
          Start  222: InletTest.ReturnsPrescribedVelocityExactly
 959/1639 Test  #544: CaseValidationTest.UnsupportedPressureBoundaryTypeIsRejected .............................................   Passed    0.70 sec
          Start  216: FixedGradientTest.RejectsInvalidDistance
 960/1639 Test  #516: CaseReaderTest.ManifestReferencingFileOutsideCaseDirectoryIsRejected .....................................   Passed    0.17 sec
          Start  529: CaseValidationTest.NegativeGeometryHeightIsRejected
 961/1639 Test  #730: TimeControllerTest.RejectsNonPositiveDeltaT ..............................................................   Passed    0.11 sec
          Start  449: MomentumAssemblyTest.UAndVSystemsAreIndependentScalarSystems
 962/1639 Test #1384: SecondPressureCorrectionTest.PartialFirstCorrectionGivesHandDerivedNonzeroSecondCorrection ...............   Passed    0.57 sec
          Start  530: CaseValidationTest.UnsupportedMeshTypeIsRejected
 963/1639 Test   #71: CartesianMesh.TwoByTwo ...................................................................................   Passed    0.37 sec
          Start  407: FluidPropertiesTest.RejectsNonFiniteDensity
 964/1639 Test  #305: LaplacianTest.PhiXHasZeroLaplacian .......................................................................   Passed    0.47 sec
          Start  419: ContinuityEquationTest.GlobalDivergenceTheoremIdentityHolds
 965/1639 Test  #222: InletTest.ReturnsPrescribedVelocityExactly ...............................................................   Passed    0.19 sec
          Start   35: MeshCell.AddFaceAppendsFaceIds
 966/1639 Test  #216: FixedGradientTest.RejectsInvalidDistance .................................................................   Passed    0.19 sec
          Start  223: InletTest.InflowDotProductWithOutwardNormalIsNegative
 967/1639 Test  #419: ContinuityEquationTest.GlobalDivergenceTheoremIdentityHolds ..............................................   Passed    0.09 sec
          Start  227: SymmetryTest.RightPlaneRemovesNormalComponent
 968/1639 Test  #434: MomentumConvectionTest.BoundaryInflowUsesBoundaryValueOnRhs ..............................................   Passed    0.32 sec
          Start   24: CoreTimer.ElapsedTimeIncreases
 969/1639 Test  #449: MomentumAssemblyTest.UAndVSystemsAreIndependentScalarSystems .............................................   Passed    0.26 sec
          Start  441: MomentumPressureTest.ConstantPressureGivesZeroSource
 970/1639 Test  #407: FluidPropertiesTest.RejectsNonFiniteDensity ..............................................................   Passed    0.24 sec
          Start  234: BoundaryConditionSetTest.MissingPatchesReportsUnassignedPatches
 971/1639 Test  #223: InletTest.InflowDotProductWithOutwardNormalIsNegative ....................................................   Passed    0.23 sec
          Start  335: ConvectionTest.InternalConservationFaceOnce
 972/1639 Test  #227: SymmetryTest.RightPlaneRemovesNormalComponent ............................................................   Passed    0.21 sec
          Start 1368: TransientMomentumPredictorProbeTest.PredictorVelocityIsFiniteFromRest
 973/1639 Test  #234: BoundaryConditionSetTest.MissingPatchesReportsUnassignedPatches ..........................................   Passed    0.12 sec
          Start 1361: TransientMomentumTermTest.OffDiagonalCoefficientsAreUnchanged
 974/1639 Test   #35: MeshCell.AddFaceAppendsFaceIds ...........................................................................   Passed    0.35 sec
          Start  162: CGTest.ZeroRhsConvergesImmediately
 975/1639 Test   #24: CoreTimer.ElapsedTimeIncreases ...........................................................................   Passed    0.29 sec
          Start  301: DivergenceTest.ConstantVectorFieldHasZeroDivergence
 976/1639 Test  #529: CaseValidationTest.NegativeGeometryHeightIsRejected ......................................................   Passed    0.65 sec
          Start  111: SurfaceFieldTest.SizeMatchesTwoByTwoMeshFaceCount
 977/1639 Test  #530: CaseValidationTest.UnsupportedMeshTypeIsRejected .........................................................   Passed    0.64 sec
          Start 1374: TransientPressureCorrectionTest.FullPipelineFromRestReturnsFinitePressureCorrection
 978/1639 Test  #441: MomentumPressureTest.ConstantPressureGivesZeroSource .....................................................   Passed    0.46 sec
          Start  275: GradientTest.PhiYGivesGradientZeroOne
 979/1639 Test #1368: TransientMomentumPredictorProbeTest.PredictorVelocityIsFiniteFromRest ....................................   Passed    0.33 sec
          Start  741: CFLTest.ZeroVelocityGivesZeroCFL
 980/1639 Test #1361: TransientMomentumTermTest.OffDiagonalCoefficientsAreUnchanged ............................................   Passed    0.33 sec
          Start  699: VTKWriterTest.CellDataSectionHasPressureVelocityThenMagnitudeInOrder
 981/1639 Test #1374: TransientPressureCorrectionTest.FullPipelineFromRestReturnsFinitePressureCorrection ......................   Passed    0.14 sec
          Start  302: DivergenceTest.ULinearGivesDivergenceTwo
 982/1639 Test  #335: ConvectionTest.InternalConservationFaceOnce ..............................................................   Passed    0.44 sec
          Start  310: DiffusionTest.QuadraticFieldWithGammaTwo
 983/1639 Test  #301: DivergenceTest.ConstantVectorFieldHasZeroDivergence ......................................................   Passed    0.31 sec
          Start  394: TimeDerivativeTest.RejectsNonFiniteOrNonPositiveDensity
 984/1639 Test  #275: GradientTest.PhiYGivesGradientZeroOne ....................................................................   Passed    0.13 sec
          Start  512: CaseReaderTest.MissingManifestThrowsIOError
 985/1639 Test  #162: CGTest.ZeroRhsConvergesImmediately .......................................................................   Passed    0.42 sec
          Start  401: FluidPropertiesTest.StoresDensityAndViscosity
 986/1639 Test  #111: SurfaceFieldTest.SizeMatchesTwoByTwoMeshFaceCount ........................................................   Passed    0.30 sec
          Start  136: SparseMatrixTest.DiagonalLookupThrowsWhenMissing
 987/1639 Test  #302: DivergenceTest.ULinearGivesDivergenceTwo .................................................................   Passed    0.33 sec
          Start  427: MomentumDiffusionTest.MismatchedVelocitySizeThrows
 988/1639 Test  #394: TimeDerivativeTest.RejectsNonFiniteOrNonPositiveDensity ..................................................   Passed    0.31 sec
          Start  168: BiCGSTABTest.ZeroRhsConvergesImmediately
 989/1639 Test  #741: CFLTest.ZeroVelocityGivesZeroCFL .........................................................................   Passed    0.44 sec
          Start  273: GradientTest.ConstantFieldHasZeroGradient
 990/1639 Test  #310: DiffusionTest.QuadraticFieldWithGammaTwo .................................................................   Passed    0.39 sec
          Start   99: ScalarFieldTest.DivisionByZeroThrows
 991/1639 Test  #136: SparseMatrixTest.DiagonalLookupThrowsWhenMissing .........................................................   Passed    0.35 sec
          Start  719: TimeControllerTest.InitialStateIsStartTimeAndStepZero
 992/1639 Test  #401: FluidPropertiesTest.StoresDensityAndViscosity ............................................................   Passed    0.42 sec
          Start   72: CartesianMesh.FourByThree
 993/1639 Test  #427: MomentumDiffusionTest.MismatchedVelocitySizeThrows .......................................................   Passed    0.21 sec
          Start  219: MovingWallTest.CavityTopWallIsImpermeableAndTangential
 994/1639 Test  #168: BiCGSTABTest.ZeroRhsConvergesImmediately .................................................................   Passed    0.22 sec
          Start  389: TimeDerivativeTest.ExactCoefficientsForSingleCell
 995/1639 Test  #699: VTKWriterTest.CellDataSectionHasPressureVelocityThenMagnitudeInOrder .....................................   Passed    0.65 sec
          Start  266: InterpolationTest.ConstantFieldIsPreservedExactly
 996/1639 Test  #512: CaseReaderTest.MissingManifestThrowsIOError ..............................................................   Passed    0.59 sec
          Start  733: TimeControllerTest.RejectsNonFiniteInputs
 997/1639 Test   #99: ScalarFieldTest.DivisionByZeroThrows .....................................................................   Passed    0.24 sec
          Start  445: MomentumPressureTest.MismatchedPressureSizeThrows
 998/1639 Test  #266: InterpolationTest.ConstantFieldIsPreservedExactly ........................................................   Passed    0.14 sec
          Start  235: BoundaryConditionSetTest.GetThrowsForUnassignedPatch
 999/1639 Test  #273: GradientTest.ConstantFieldHasZeroGradient ................................................................   Passed    0.41 sec
          Start  390: TimeDerivativeTest.DifferentVolumesScaleDiagonalAndSourceIndependently
1000/1639 Test  #389: TimeDerivativeTest.ExactCoefficientsForSingleCell ........................................................   Passed    0.22 sec
          Start  331: ConvectionTest.UpwindSelectsOwnerForPositiveFluxNeighborForNegative
1001/1639 Test   #72: CartesianMesh.FourByThree ................................................................................   Passed    0.30 sec
          Start   36: MeshCell.RejectsNonPositiveVolume
1002/1639 Test  #719: TimeControllerTest.InitialStateIsStartTimeAndStepZero ....................................................   Passed    0.36 sec
          Start  748: CFLTest.RejectsNonFiniteOrNonPositiveDensity
1003/1639 Test  #733: TimeControllerTest.RejectsNonFiniteInputs ................................................................   Passed    0.24 sec
          Start  137: SparseMatrixTest.AllFinite
1004/1639 Test  #235: BoundaryConditionSetTest.GetThrowsForUnassignedPatch .....................................................   Passed    0.15 sec
          Start  121: AlgebraVector.Addition
1005/1639 Test  #219: MovingWallTest.CavityTopWallIsImpermeableAndTangential ...................................................   Passed    0.41 sec
          Start  395: TimeDerivativeTest.RejectsNonFiniteDeltaT
1006/1639 Test  #390: TimeDerivativeTest.DifferentVolumesScaleDiagonalAndSourceIndependently ...................................   Passed    0.30 sec
          Start  700: VTKWriterTest.ZCoordinateIsAlwaysZeroFor2DMesh
1007/1639 Test  #445: MomentumPressureTest.MismatchedPressureSizeThrows ........................................................   Passed    0.45 sec
          Start  128: AlgebraVector.SizeMismatchRejected
1008/1639 Test  #331: ConvectionTest.UpwindSelectsOwnerForPositiveFluxNeighborForNegative ......................................   Passed    0.33 sec
          Start  215: FixedGradientTest.RejectsNonFiniteGradient
1009/1639 Test  #395: TimeDerivativeTest.RejectsNonFiniteDeltaT ................................................................   Passed    0.18 sec
          Start  724: TimeControllerTest.InexactDeltaTDoesNotProduceAnExtraTinyStep
1010/1639 Test   #36: MeshCell.RejectsNonPositiveVolume ........................................................................   Passed    0.35 sec
          Start  115: FieldArithmetic.ScalarIdentities
1011/1639 Test  #121: AlgebraVector.Addition ...................................................................................   Passed    0.27 sec
          Start  155: JacobiTest.NonFiniteMatrixValuesAreUnreachableByJacobi
1012/1639 Test  #137: SparseMatrixTest.AllFinite ...............................................................................   Passed    0.33 sec
          Start  237: ChannelBoundaryConfigurationTest.InletOutletWallSetup
1013/1639 Test  #128: AlgebraVector.SizeMismatchRejected .......................................................................   Passed    0.14 sec
          Start  144: SparseMatrixTest.RejectsNonFiniteValues
1014/1639 Test  #748: CFLTest.RejectsNonFiniteOrNonPositiveDensity .............................................................   Passed    0.44 sec
          Start  755: TransientSolverTest.StepReportedNonFiniteStatePropagates
1015/1639 Test  #724: TimeControllerTest.InexactDeltaTDoesNotProduceAnExtraTinyStep ............................................   Passed    0.16 sec
          Start  267: InterpolationTest.LinearFieldPhiXIsExactAtEveryFace
1016/1639 Test  #237: ChannelBoundaryConfigurationTest.InletOutletWallSetup ....................................................   Passed    0.13 sec
          Start  221: MovingWallTest.RejectsNonFiniteVelocity
1017/1639 Test  #215: FixedGradientTest.RejectsNonFiniteGradient ...............................................................   Passed    0.28 sec
          Start  225: OutletTest.VelocityZeroGradientReturnsOwnerValue
1018/1639 Test  #115: FieldArithmetic.ScalarIdentities .........................................................................   Passed    0.26 sec
          Start  538: CaseValidationTest.UnknownBoundaryPatchIsRejected
1019/1639 Test  #144: SparseMatrixTest.RejectsNonFiniteValues ..................................................................   Passed    0.21 sec
          Start   22: LoggerTest.WarningAndErrorGoToStderr
1020/1639 Test  #155: JacobiTest.NonFiniteMatrixValuesAreUnreachableByJacobi ...................................................   Passed    0.32 sec
          Start  727: TimeControllerTest.MaximumStepTerminationStopsBeforeEndTime
1021/1639 Test  #225: OutletTest.VelocityZeroGradientReturnsOwnerValue .........................................................   Passed    0.22 sec
          Start  409: MassFluxTest.InternalFaceValue
1022/1639 Test  #221: MovingWallTest.RejectsNonFiniteVelocity ..................................................................   Passed    0.29 sec
          Start  140: SparseMatrixTest.RejectsNonZeroFirstRowOffset
1023/1639 Test  #727: TimeControllerTest.MaximumStepTerminationStopsBeforeEndTime ..............................................   Passed    0.19 sec
          Start   67: MeshQuality.DetectsOutOfRangeOwner
1024/1639 Test  #755: TransientSolverTest.StepReportedNonFiniteStatePropagates .................................................   Passed    0.48 sec
          Start  304: DivergenceTest.GlobalDivergenceTheoremHolds
1025/1639 Test   #22: LoggerTest.WarningAndErrorGoToStderr .....................................................................   Passed    0.29 sec
          Start   97: ScalarFieldTest.ScalarMultiplicationBothOrders
1026/1639 Test  #267: InterpolationTest.LinearFieldPhiXIsExactAtEveryFace ......................................................   Passed    0.51 sec
          Start  178: SolverDeterminismTest.BiCGSTABRepeatedSolvesAreIdentical
1027/1639 Test  #700: VTKWriterTest.ZCoordinateIsAlwaysZeroFor2DMesh ...........................................................   Passed    0.79 sec
          Start  729: TimeControllerTest.AdvanceAfterFinishedThrows
1028/1639 Test  #304: DivergenceTest.GlobalDivergenceTheoremHolds ..............................................................   Passed    0.13 sec
          Start 1373: TransientPressureCorrectionTest.TwoCellProbeWithTransientDiagonalMatchesHandDerivation
1029/1639 Test  #538: CaseValidationTest.UnknownBoundaryPatchIsRejected ........................................................   Passed    0.50 sec
          Start  135: SparseMatrixTest.DiagonalLookup
1030/1639 Test  #140: SparseMatrixTest.RejectsNonZeroFirstRowOffset ............................................................   Passed    0.32 sec
          Start  110: SurfaceFieldTest.SizeMatchesOneByOneMeshFaceCount
1031/1639 Test  #178: SolverDeterminismTest.BiCGSTABRepeatedSolvesAreIdentical .................................................   Passed    0.19 sec
          Start  157: CGTest.SolvesThreeByThreeSpdSystem
1032/1639 Test  #135: SparseMatrixTest.DiagonalLookup ..........................................................................   Passed    0.10 sec
          Start 1252: SIMPLESettingsTest.RejectsZeroVelocityRelaxation
1033/1639 Test   #67: MeshQuality.DetectsOutOfRangeOwner .......................................................................   Passed    0.33 sec
          Start   68: CartesianMesh.OneByOne
1034/1639 Test   #97: ScalarFieldTest.ScalarMultiplicationBothOrders ...........................................................   Passed    0.30 sec
          Start   49: Mesh.RejectsEmptyCellsOrFaces
1035/1639 Test  #409: MassFluxTest.InternalFaceValue ...........................................................................   Passed    0.48 sec
          Start   25: CoreTimer.ResetRestartsTiming
1036/1639 Test  #110: SurfaceFieldTest.SizeMatchesOneByOneMeshFaceCount ........................................................   Passed    0.14 sec
          Start   88: Field.IterationVisitsEveryElement
1037/1639 Test #1252: SIMPLESettingsTest.RejectsZeroVelocityRelaxation .........................................................   Passed    0.15 sec
          Start  511: CaseReaderTest.MissingCaseDirectoryThrowsIOError
1038/1639 Test  #729: TimeControllerTest.AdvanceAfterFinishedThrows ............................................................   Passed    0.43 sec
          Start  174: SolverFailureTest.BiCGSTABFailsBeforeIteratingOnNanRhs
1039/1639 Test   #68: CartesianMesh.OneByOne ...................................................................................   Passed    0.24 sec
          Start  403: FluidPropertiesTest.RejectsZeroDensity
1040/1639 Test   #49: Mesh.RejectsEmptyCellsOrFaces ............................................................................   Passed    0.24 sec
          Start 1379: CorrectionApplicationTest.FullPipelineFromRestProducesFiniteCorrectedState
1041/1639 Test #1373: TransientPressureCorrectionTest.TwoCellProbeWithTransientDiagonalMatchesHandDerivation ...................   Passed    0.47 sec
          Start  125: AlgebraVector.DivisionByZeroThrows
1042/1639 Test  #157: CGTest.SolvesThreeByThreeSpdSystem .......................................................................   Passed    0.37 sec
          Start   74: CartesianMesh.DeterministicGeneration
1043/1639 Test  #174: SolverFailureTest.BiCGSTABFailsBeforeIteratingOnNanRhs ...................................................   Passed    0.13 sec
          Start   59: MeshQuality.UniformSquareGridIsValidWithUnitAspectRatio
1044/1639 Test   #25: CoreTimer.ResetRestartsTiming ............................................................................   Passed    0.33 sec
          Start  120: AlgebraVector.ConstructionAndInitialization
1045/1639 Test   #88: Field.IterationVisitsEveryElement ........................................................................   Passed    0.32 sec
          Start  410: MassFluxTest.TangentialVelocityAtVerticalFaceGivesZeroFlux
1046/1639 Test   #59: MeshQuality.UniformSquareGridIsValidWithUnitAspectRatio ..................................................   Passed    0.22 sec
          Start  134: SparseMatrixTest.MultiplyRejectsSizeMismatch
1047/1639 Test   #74: CartesianMesh.DeterministicGeneration ....................................................................   Passed    0.27 sec
          Start   75: CartesianMesh.RejectsInvalidInputs
1048/1639 Test  #125: AlgebraVector.DivisionByZeroThrows .......................................................................   Passed    0.34 sec
          Start  149: LinearSystemTest.RejectsRhsSizeMismatch
1049/1639 Test  #120: AlgebraVector.ConstructionAndInitialization ..............................................................   Passed    0.26 sec
          Start  138: SparseMatrixTest.RejectsWrongRowOffsetsSize
1050/1639 Test  #410: MassFluxTest.TangentialVelocityAtVerticalFaceGivesZeroFlux ...............................................   Passed    0.24 sec
          Start  726: TimeControllerTest.StartEqualsEndIsImmediatelyFinished
1051/1639 Test  #403: FluidPropertiesTest.RejectsZeroDensity ...................................................................   Passed    0.48 sec
          Start  236: CavityBoundaryConfigurationTest.LidDrivenCavitySetup
1052/1639 Test  #134: SparseMatrixTest.MultiplyRejectsSizeMismatch .............................................................   Passed    0.17 sec
          Start  212: FixedValueTest.RejectsNonFiniteValue
1053/1639 Test #1379: CorrectionApplicationTest.FullPipelineFromRestProducesFiniteCorrectedState ...............................   Passed    0.53 sec
          Start  164: CGTest.MaxIterationsReportsFailureNotSuccess
1054/1639 Test  #138: SparseMatrixTest.RejectsWrongRowOffsetsSize ..............................................................   Passed    0.23 sec
          Start  220: MovingWallTest.ReturnsConfiguredVelocityRegardlessOfOwner
1055/1639 Test   #75: CartesianMesh.RejectsInvalidInputs .......................................................................   Passed    0.30 sec
          Start  218: WallTest.NormalAndTangentialComponentsAreZeroOnAllOrientations
1056/1639 Test  #149: LinearSystemTest.RejectsRhsSizeMismatch ..................................................................   Passed    0.29 sec
          Start  127: AlgebraVector.Norms
1057/1639 Test  #164: CGTest.MaxIterationsReportsFailureNotSuccess .............................................................   Passed    0.14 sec
          Start  169: BiCGSTABTest.ExactInitialGuessConvergesAtIterationZero
1058/1639 Test  #236: CavityBoundaryConfigurationTest.LidDrivenCavitySetup .....................................................   Passed    0.23 sec
          Start  537: CaseValidationTest.UnknownPhysicsFieldIsRejected
1059/1639 Test  #212: FixedValueTest.RejectsNonFiniteValue .....................................................................   Passed    0.21 sec
          Start   51: MeshGeometry.UnitNormalHasUnitMagnitude
1060/1639 Test  #220: MovingWallTest.ReturnsConfiguredVelocityRegardlessOfOwner ................................................   Passed    0.12 sec
          Start   70: CartesianMesh.OneByTwo
1061/1639 Test  #218: WallTest.NormalAndTangentialComponentsAreZeroOnAllOrientations ...........................................   Passed    0.13 sec
          Start  440: MomentumPressureTest.LinearPressureYGivesNegativeYSourceZeroXSource
1062/1639 Test  #511: CaseReaderTest.MissingCaseDirectoryThrowsIOError .........................................................   Passed    0.98 sec
          Start  148: LinearSystemTest.RejectsNonSquareMatrix
1063/1639 Test  #726: TimeControllerTest.StartEqualsEndIsImmediatelyFinished ...................................................   Passed    0.42 sec
          Start  175: SolverFailureTest.InvalidInitialGuessSizeFailsCleanly
1064/1639 Test  #537: CaseValidationTest.UnknownPhysicsFieldIsRejected .........................................................   Passed    0.16 sec
          Start  117: FieldArithmetic.EmptyFieldsAreAddable
1065/1639 Test  #127: AlgebraVector.Norms ......................................................................................   Passed    0.23 sec
          Start  233: BoundaryConditionSetTest.ReplaceOverwritesExistingAssignment
1066/1639 Test  #169: BiCGSTABTest.ExactInitialGuessConvergesAtIterationZero ...................................................   Passed    0.24 sec
          Start  142: SparseMatrixTest.RejectsOutOfRangeColumn
1067/1639 Test  #148: LinearSystemTest.RejectsNonSquareMatrix ..................................................................   Passed    0.12 sec
          Start  306: LaplacianTest.PhiYHasZeroLaplacian
1068/1639 Test  #175: SolverFailureTest.InvalidInitialGuessSizeFailsCleanly ....................................................   Passed    0.13 sec
          Start  758: TransientSolverTest.StepExceedingCflFailAboveIsRejected
1069/1639 Test   #70: CartesianMesh.OneByTwo ...................................................................................   Passed    0.27 sec
          Start   48: Mesh.BoundaryPatchLookupByName
1070/1639 Test   #51: MeshGeometry.UnitNormalHasUnitMagnitude ..................................................................   Passed    0.35 sec
          Start  106: VectorFieldTest.ScalarDivision
1071/1639 Test  #117: FieldArithmetic.EmptyFieldsAreAddable ....................................................................   Passed    0.25 sec
          Start  152: JacobiTest.RejectsZeroDiagonal
1072/1639 Test  #106: VectorFieldTest.ScalarDivision ...........................................................................   Passed    0.05 sec
          Start   41: MeshFace.RejectsZeroAreaVector
1073/1639 Test  #233: BoundaryConditionSetTest.ReplaceOverwritesExistingAssignment .............................................   Passed    0.33 sec
          Start  176: SolverFailureTest.LinearSolverSettingsRejectsInvalidValues
1074/1639 Test  #440: MomentumPressureTest.LinearPressureYGivesNegativeYSourceZeroXSource ......................................   Passed    0.47 sec
          Start   50: MeshGeometry.DistanceAndDisplacement
1075/1639 Test  #152: JacobiTest.RejectsZeroDiagonal ...........................................................................   Passed    0.16 sec
          Start  760: TransientSolverTest.RepeatedRunsAreDeterministic
1076/1639 Test  #142: SparseMatrixTest.RejectsOutOfRangeColumn .................................................................   Passed    0.39 sec
          Start  402: FluidPropertiesTest.KinematicViscosityIsMuOverRho
1077/1639 Test  #176: SolverFailureTest.LinearSolverSettingsRejectsInvalidValues ...............................................   Passed    0.09 sec
          Start  122: AlgebraVector.Subtraction
1078/1639 Test   #48: Mesh.BoundaryPatchLookupByName ...........................................................................   Passed    0.31 sec
          Start  210: FixedValueTest.BoundaryValueIgnoresOwnerValue
1079/1639 Test   #50: MeshGeometry.DistanceAndDisplacement .....................................................................   Passed    0.12 sec
          Start  732: TimeControllerTest.RejectsZeroMaxSteps
1080/1639 Test   #41: MeshFace.RejectsZeroAreaVector ...........................................................................   Passed    0.24 sec
          Start   46: Mesh.ExposesCellsFacesAndPatches
1081/1639 Test  #306: LaplacianTest.PhiYHasZeroLaplacian .......................................................................   Passed    0.48 sec
          Start  101: ScalarFieldTest.ExplicitValuesFromSpecExample
1082/1639 Test  #758: TransientSolverTest.StepExceedingCflFailAboveIsRejected ..................................................   Passed    0.47 sec
          Start   98: ScalarFieldTest.ScalarDivision
1083/1639 Test  #760: TransientSolverTest.RepeatedRunsAreDeterministic .........................................................   Passed    0.20 sec
          Start  118: FieldArithmetic.TwoByTwoMeshIntegration
1084/1639 Test  #732: TimeControllerTest.RejectsZeroMaxSteps ...................................................................   Passed    0.14 sec
          Start   45: MeshBoundaryPatch.RejectsEmptyName
1085/1639 Test  #101: ScalarFieldTest.ExplicitValuesFromSpecExample ............................................................   Passed    0.20 sec
          Start  743: CFLTest.DoublingVelocityDoublesCFL
1086/1639 Test   #98: ScalarFieldTest.ScalarDivision ...........................................................................   Passed    0.19 sec
          Start  276: GradientTest.QuadraticFieldMatchesAnalyticalGradient
1087/1639 Test  #118: FieldArithmetic.TwoByTwoMeshIntegration ..................................................................   Passed    0.17 sec
          Start  114: FieldArithmetic.VectorFieldRejectsSizeMismatch
1088/1639 Test  #210: FixedValueTest.BoundaryValueIgnoresOwnerValue ............................................................   Passed    0.36 sec
          Start  109: SurfaceFieldTest.SizedConstructionAndFill
1089/1639 Test  #122: AlgebraVector.Subtraction ................................................................................   Passed    0.40 sec
          Start  230: SymmetryTest.RejectsNonUnitNormal
1090/1639 Test   #46: Mesh.ExposesCellsFacesAndPatches .........................................................................   Passed    0.36 sec
          Start  211: FixedValueTest.ExposesTypeAndName
1091/1639 Test   #45: MeshBoundaryPatch.RejectsEmptyName .......................................................................   Passed    0.23 sec
          Start  171: SolverFailureTest.NaNMatrixRejectedAtConstruction
1092/1639 Test  #402: FluidPropertiesTest.KinematicViscosityIsMuOverRho ........................................................   Passed    0.53 sec
          Start   69: CartesianMesh.TwoByOne
1093/1639 Test  #109: SurfaceFieldTest.SizedConstructionAndFill ................................................................   Passed    0.16 sec
          Start   37: MeshCell.RejectsNonFiniteGeometry
1094/1639 Test  #114: FieldArithmetic.VectorFieldRejectsSizeMismatch ...........................................................   Passed    0.21 sec
          Start   83: Field.SizedConstructionValueInitializes
1095/1639 Test  #211: FixedValueTest.ExposesTypeAndName ........................................................................   Passed    0.21 sec
          Start  414: MassFluxTest.ChannelMassBalanceExample
1096/1639 Test  #230: SymmetryTest.RejectsNonUnitNormal ........................................................................   Passed    0.29 sec
          Start  129: AlgebraVector.AllFiniteDetection
1097/1639 Test   #69: CartesianMesh.TwoByOne ...................................................................................   Passed    0.24 sec
          Start  100: ScalarFieldTest.CompoundOperators
1098/1639 Test  #743: CFLTest.DoublingVelocityDoublesCFL .......................................................................   Passed    0.48 sec
          Start  332: ConvectionTest.BoundaryOutflowUsesOwnerValue
1099/1639 Test   #37: MeshCell.RejectsNonFiniteGeometry ........................................................................   Passed    0.25 sec
          Start   47: Mesh.CellAndFaceAccessorsValidateId
1100/1639 Test  #276: GradientTest.QuadraticFieldMatchesAnalyticalGradient .....................................................   Passed    0.50 sec
          Start   38: MeshFace.InternalFaceStoresOwnerAndNeighbor
1101/1639 Test  #171: SolverFailureTest.NaNMatrixRejectedAtConstruction ........................................................   Passed    0.37 sec
          Start  734: TimeControllerTest.RepeatedRunsAreBitIdentical
1102/1639 Test  #129: AlgebraVector.AllFiniteDetection .........................................................................   Passed    0.16 sec
          Start   26: CoreTimer.SecondsAndMillisecondsAreConsistent
1103/1639 Test   #83: Field.SizedConstructionValueInitializes ..................................................................   Passed    0.31 sec
          Start  415: MassFluxTest.MismatchedVelocitySizeThrows
1104/1639 Test  #100: ScalarFieldTest.CompoundOperators ........................................................................   Passed    0.16 sec
          Start   11: CoreConstants.DerivedAnglesAreConsistent
1105/1639 Test  #332: ConvectionTest.BoundaryOutflowUsesOwnerValue .............................................................   Passed    0.16 sec
          Start   87: Field.CheckedAccessThrowsOutOfRange
1106/1639 Test   #47: Mesh.CellAndFaceAccessorsValidateId ......................................................................   Passed    0.17 sec
          Start   84: Field.InitializedConstructionFillsValue
1107/1639 Test   #38: MeshFace.InternalFaceStoresOwnerAndNeighbor ..............................................................   Passed    0.17 sec
          Start   85: Field.IndexingReadsAndWrites
1108/1639 Test  #414: MassFluxTest.ChannelMassBalanceExample ...................................................................   Passed    0.37 sec
          Start  147: LinearSystemTest.ValidSystemConstructsAndExposesData
1109/1639 Test  #415: MassFluxTest.MismatchedVelocitySizeThrows ................................................................   Passed    0.15 sec
          Start   39: MeshFace.BoundaryFaceHasNoNeighbor
1110/1639 Test   #26: CoreTimer.SecondsAndMillisecondsAreConsistent ............................................................   Passed    0.20 sec
          Start  151: JacobiTest.RejectsMissingDiagonal
1111/1639 Test   #11: CoreConstants.DerivedAnglesAreConsistent .................................................................   Passed    0.18 sec
          Start  309: DiffusionTest.QuadraticFieldWithGammaHalf
1112/1639 Test   #85: Field.IndexingReadsAndWrites .............................................................................   Passed    0.13 sec
          Start  426: MomentumDiffusionTest.DiagonalIsFinitePositiveAndNonzero
1113/1639 Test   #84: Field.InitializedConstructionFillsValue ..................................................................   Passed    0.19 sec
          Start  269: InterpolationTest.BoundaryFaceUsesFixedValueNotOwnerValue
1114/1639 Test   #87: Field.CheckedAccessThrowsOutOfRange ......................................................................   Passed    0.25 sec
          Start   13: CoreException.CatchableAsStdRuntimeError
1115/1639 Test  #734: TimeControllerTest.RepeatedRunsAreBitIdentical ...........................................................   Passed    0.41 sec
          Start  432: MomentumConvectionTest.PositiveInternalFluxSelectsOwnerNegativeSelectsNeighbor
1116/1639 Test  #151: JacobiTest.RejectsMissingDiagonal ........................................................................   Passed    0.21 sec
          Start 1363: TransientMomentumAssemblyTest.PreviousComponentValueIsNotMutated
1117/1639 Test  #147: LinearSystemTest.ValidSystemConstructsAndExposesData .....................................................   Passed    0.32 sec
          Start  112: FieldArithmetic.ScalarFieldRejectsSizeMismatch
1118/1639 Test   #39: MeshFace.BoundaryFaceHasNoNeighbor .......................................................................   Passed    0.33 sec
          Start  124: AlgebraVector.ScalarDivision
1119/1639 Test  #309: DiffusionTest.QuadraticFieldWithGammaHalf ................................................................   Passed    0.36 sec
          Start  150: JacobiTest.DiagonalMatrixExactInverse
1120/1639 Test  #269: InterpolationTest.BoundaryFaceUsesFixedValueNotOwnerValue ................................................   Passed    0.32 sec
          Start  411: MassFluxTest.StationaryWallGivesZeroFlux
1121/1639 Test   #13: CoreException.CatchableAsStdRuntimeError .................................................................   Passed    0.30 sec
          Start  133: SparseMatrixTest.MatrixVectorMultiplicationKnownResult
1122/1639 Test  #426: MomentumDiffusionTest.DiagonalIsFinitePositiveAndNonzero .................................................   Passed    0.40 sec
          Start   44: MeshBoundaryPatch.AllowsEmptyFaceList
1123/1639 Test  #432: MomentumConvectionTest.PositiveInternalFluxSelectsOwnerNegativeSelectsNeighbor ...........................   Passed    0.32 sec
          Start   60: MeshQuality.NonSquareCellsReportCorrectAspectRatio
1124/1639 Test  #411: MassFluxTest.StationaryWallGivesZeroFlux .................................................................   Passed    0.08 sec
          Start  102: VectorFieldTest.ConstructionAndInitialization
1125/1639 Test  #112: FieldArithmetic.ScalarFieldRejectsSizeMismatch ...........................................................   Passed    0.25 sec
          Start  170: BiCGSTABTest.MaxIterationsReportsFailureNotSuccess
1126/1639 Test  #124: AlgebraVector.ScalarDivision .............................................................................   Passed    0.25 sec
          Start   89: Field.DataProvidesContiguousAccess
1127/1639 Test  #150: JacobiTest.DiagonalMatrixExactInverse ....................................................................   Passed    0.19 sec
          Start   15: CoreException.DerivedTypesCatchableAsBase
1128/1639 Test  #133: SparseMatrixTest.MatrixVectorMultiplicationKnownResult ...................................................   Passed    0.17 sec
          Start  224: InletTest.RejectsNonFiniteVelocity
1129/1639 Test  #170: BiCGSTABTest.MaxIterationsReportsFailureNotSuccess .......................................................   Passed    0.09 sec
          Start  158: CGTest.IdentityMatrixSolvesImmediately
1130/1639 Test #1363: TransientMomentumAssemblyTest.PreviousComponentValueIsNotMutated .........................................   Passed    0.43 sec
          Start   23: CoreTimer.ElapsedTimeIsNonNegative
1131/1639 Test   #44: MeshBoundaryPatch.AllowsEmptyFaceList ....................................................................   Passed    0.21 sec
          Start  163: CGTest.ExactInitialGuessConvergesAtIterationZero
1132/1639 Test   #60: MeshQuality.NonSquareCellsReportCorrectAspectRatio .......................................................   Passed    0.21 sec
          Start  131: SparseMatrixTest.BuilderSumsDuplicateContributions
1133/1639 Test  #102: VectorFieldTest.ConstructionAndInitialization ............................................................   Passed    0.21 sec
          Start   14: CoreException.MessageSurvivesConstruction
1134/1639 Test   #89: Field.DataProvidesContiguousAccess .......................................................................   Passed    0.17 sec
          Start  116: FieldArithmetic.VectorIdentities
1135/1639 Test   #23: CoreTimer.ElapsedTimeIsNonNegative .......................................................................   Passed    0.10 sec
          Start   53: MeshGeometry.OwnerNeighborDistanceRejectsBoundaryFace
1136/1639 Test   #15: CoreException.DerivedTypesCatchableAsBase ................................................................   Passed    0.20 sec
          Start  404: FluidPropertiesTest.RejectsNegativeDensity
1137/1639 Test   #14: CoreException.MessageSurvivesConstruction ................................................................   Passed    0.09 sec
          Start  311: DiffusionTest.ZeroFluxBoundaryConservesGlobally
1138/1639 Test  #224: InletTest.RejectsNonFiniteVelocity .......................................................................   Passed    0.23 sec
          Start    9: CoreTypes.AliasesAreUsable
1139/1639 Test  #158: CGTest.IdentityMatrixSolvesImmediately ...................................................................   Passed    0.24 sec
          Start  418: ContinuityEquationTest.UniformChannelHasLocalBalanceEverywhere
1140/1639 Test  #131: SparseMatrixTest.BuilderSumsDuplicateContributions .......................................................   Passed    0.21 sec
          Start  113: FieldArithmetic.ScalarFieldMismatchLeavesOperandUnchanged
1141/1639 Test  #163: CGTest.ExactInitialGuessConvergesAtIterationZero .........................................................   Passed    0.26 sec
          Start  130: SparseMatrixTest.BuilderProducesExpectedCsr
1142/1639 Test  #116: FieldArithmetic.VectorIdentities .........................................................................   Passed    0.23 sec
          Start   90: Field.FillOverwritesAllElements
1143/1639 Test  #113: FieldArithmetic.ScalarFieldMismatchLeavesOperandUnchanged ................................................   Passed    0.09 sec
          Start 1293: SIMPLEFailureTest.PressureSolverTooFewIterationsReportsPressureCorrectionFailure
1144/1639 Test   #53: MeshGeometry.OwnerNeighborDistanceRejectsBoundaryFace ....................................................   Passed    0.28 sec
          Start   12: CoreConstants.ToleranceOrdering
1145/1639 Test    #9: CoreTypes.AliasesAreUsable ...............................................................................   Passed    0.24 sec
          Start  108: VectorFieldTest.SelfSubtractionIsZeroField
1146/1639 Test  #418: ContinuityEquationTest.UniformChannelHasLocalBalanceEverywhere ...........................................   Passed    0.23 sec
          Start  159: CGTest.DiagonalMatrixWithJacobiPreconditioner
1147/1639 Test #1293: SIMPLEFailureTest.PressureSolverTooFewIterationsReportsPressureCorrectionFailure .........................   Passed    0.10 sec
          Start   20: LoggerTest.MessagesAtOrAboveLevelAreEmittedWithPrefix
1148/1639 Test   #12: CoreConstants.ToleranceOrdering ..........................................................................   Passed    0.10 sec
          Start   91: Field.CopyIsIndependent
1149/1639 Test  #404: FluidPropertiesTest.RejectsNegativeDensity ...............................................................   Passed    0.39 sec
          Start  126: AlgebraVector.DotProduct
1150/1639 Test   #90: Field.FillOverwritesAllElements ..........................................................................   Passed    0.20 sec
          Start  545: CaseValidationTest.MissingPressureBlockIsRejected
1151/1639 Test  #108: VectorFieldTest.SelfSubtractionIsZeroField ...............................................................   Passed    0.12 sec
          Start   93: ScalarFieldTest.MutationIsIndependentAfterCopy
1152/1639 Test  #311: DiffusionTest.ZeroFluxBoundaryConservesGlobally ..........................................................   Passed    0.44 sec
          Start  217: WallTest.VelocityIsZeroRegardlessOfOwnerValue
1153/1639 Test  #130: SparseMatrixTest.BuilderProducesExpectedCsr ..............................................................   Passed    0.32 sec
          Start  226: OutletTest.ScalarZeroGradientOutletIsFixedGradientZero
1154/1639 Test  #159: CGTest.DiagonalMatrixWithJacobiPreconditioner ............................................................   Passed    0.17 sec
          Start  213: FixedGradientTest.NonzeroGradient
1155/1639 Test   #91: Field.CopyIsIndependent ..................................................................................   Passed    0.16 sec
          Start  333: ConvectionTest.BoundaryInflowUsesGhostReflectedValue
1156/1639 Test  #126: AlgebraVector.DotProduct .................................................................................   Passed    0.17 sec
          Start  417: ContinuityEquationTest.InternalFacePairCancelsExactly
1157/1639 Test   #20: LoggerTest.MessagesAtOrAboveLevelAreEmittedWithPrefix ....................................................   Passed    0.24 sec
          Start   73: CartesianMesh.TwentyByTwenty
1158/1639 Test   #93: ScalarFieldTest.MutationIsIndependentAfterCopy ...........................................................   Passed    0.22 sec
          Start  214: FixedGradientTest.ZeroGradientReturnsOwnerValue
1159/1639 Test  #217: WallTest.VelocityIsZeroRegardlessOfOwnerValue ............................................................   Passed    0.23 sec
          Start  177: SolverDeterminismTest.CGRepeatedSolvesAreIdentical
1160/1639 Test  #226: OutletTest.ScalarZeroGradientOutletIsFixedGradientZero ...................................................   Passed    0.24 sec
          Start  670: CSVWriterTest.WriteResidualsIterationColumnIsOneIndexed
1161/1639 Test  #213: FixedGradientTest.NonzeroGradient ........................................................................   Passed    0.26 sec
          Start   34: MeshCell.StoresIdCentroidAndVolume
1162/1639 Test   #34: MeshCell.StoresIdCentroidAndVolume .......................................................................   Passed    0.13 sec
          Start  232: BoundaryConditionSetTest.RejectsDuplicateAssignment
1163/1639 Test   #73: CartesianMesh.TwentyByTwenty .............................................................................   Passed    0.35 sec
          Start   92: ScalarFieldTest.ConstructionAndInitialization
1164/1639 Test  #214: FixedGradientTest.ZeroGradientReturnsOwnerValue ..........................................................   Passed    0.34 sec
          Start   18: LoggerTest.DefaultableLevelRoundTrips
1165/1639 Test  #232: BoundaryConditionSetTest.RejectsDuplicateAssignment ......................................................   Passed    0.09 sec
          Start   95: ScalarFieldTest.ElementwiseAddition
1166/1639 Test  #333: ConvectionTest.BoundaryInflowUsesGhostReflectedValue .....................................................   Passed    0.53 sec
          Start  173: SolverFailureTest.CgFailsBeforeIteratingOnNanRhs
1167/1639 Test  #417: ContinuityEquationTest.InternalFacePairCancelsExactly ....................................................   Passed    0.53 sec
          Start  442: MomentumPressureTest.AddingConstantToPressureDoesNotChangeSource
1168/1639 Test  #177: SolverDeterminismTest.CGRepeatedSolvesAreIdentical .......................................................   Passed    0.41 sec
          Start  105: VectorFieldTest.ScalarMultiplicationBothOrders
1169/1639 Test  #173: SolverFailureTest.CgFailsBeforeIteratingOnNanRhs .........................................................   Passed    0.06 sec
          Start  172: SolverFailureTest.InfMatrixRejectedAtConstruction
1170/1639 Test   #92: ScalarFieldTest.ConstructionAndInitialization ............................................................   Passed    0.19 sec
          Start   19: LoggerTest.LevelCanBeChanged
1171/1639 Test  #670: CSVWriterTest.WriteResidualsIterationColumnIsOneIndexed ..................................................   Passed    0.45 sec
          Start  103: VectorFieldTest.ElementwiseAdditionExactValues
1172/1639 Test   #95: ScalarFieldTest.ElementwiseAddition ......................................................................   Passed    0.16 sec
          Start  123: AlgebraVector.ScalarMultiplicationBothOrders
1173/1639 Test  #105: VectorFieldTest.ScalarMultiplicationBothOrders ...........................................................   Passed    0.10 sec
          Start   21: LoggerTest.MessagesBelowLevelAreFiltered
1174/1639 Test  #545: CaseValidationTest.MissingPressureBlockIsRejected ........................................................   Passed    0.87 sec
          Start  107: VectorFieldTest.DivisionByZeroThrows
1175/1639 Test   #19: LoggerTest.LevelCanBeChanged .............................................................................   Passed    0.11 sec
          Start  422: ContinuityEquationTest.MismatchedMassFluxSizeThrows
1176/1639 Test   #18: LoggerTest.DefaultableLevelRoundTrips ....................................................................   Passed    0.30 sec
          Start  139: SparseMatrixTest.RejectsMismatchedValuesAndColumns
1177/1639 Test  #103: VectorFieldTest.ElementwiseAdditionExactValues ...........................................................   Passed    0.18 sec
          Start 1291: SIMPLEFailureTest.MaxIterationsIsNotReportedAsConverged
1178/1639 Test  #172: SolverFailureTest.InfMatrixRejectedAtConstruction ........................................................   Passed    0.24 sec
          Start   86: Field.CheckedAccessWorksInRange
1179/1639 Test  #123: AlgebraVector.ScalarMultiplicationBothOrders .............................................................   Passed    0.20 sec
          Start   52: MeshGeometry.OwnerNeighborDistanceMatchesCartesianSpacing
1180/1639 Test  #107: VectorFieldTest.DivisionByZeroThrows .....................................................................   Passed    0.16 sec
          Start   82: Field.DefaultConstructionIsEmpty
1181/1639 Test  #139: SparseMatrixTest.RejectsMismatchedValuesAndColumns .......................................................   Passed    0.12 sec
          Start  141: SparseMatrixTest.RejectsRowOffsetsBackMismatch
1182/1639 Test  #422: ContinuityEquationTest.MismatchedMassFluxSizeThrows ......................................................   Passed    0.18 sec
          Start  156: CGTest.SolvesTwoByTwoSpdSystem
1183/1639 Test  #442: MomentumPressureTest.AddingConstantToPressureDoesNotChangeSource .........................................   Passed    0.40 sec
          Start   40: MeshFace.AreaIsMagnitudeOfAreaVector
1184/1639 Test   #21: LoggerTest.MessagesBelowLevelAreFiltered .................................................................   Passed    0.28 sec
          Start   96: ScalarFieldTest.ElementwiseSubtraction
1185/1639 Test #1291: SIMPLEFailureTest.MaxIterationsIsNotReportedAsConverged ..................................................   Passed    0.16 sec
          Start   16: CoreException.ConvergenceErrorIsCatchableAsNumericalError
1186/1639 Test   #86: Field.CheckedAccessWorksInRange ..........................................................................   Passed    0.16 sec
          Start  165: BiCGSTABTest.SolvesNonsymmetricSystem
1187/1639 Test   #82: Field.DefaultConstructionIsEmpty .........................................................................   Passed    0.15 sec
          Start  143: SparseMatrixTest.RejectsUnsortedColumnsWithinRow
1188/1639 Test   #96: ScalarFieldTest.ElementwiseSubtraction ...................................................................   Passed    0.07 sec
          Start   94: ScalarFieldTest.Fill
1189/1639 Test   #52: MeshGeometry.OwnerNeighborDistanceMatchesCartesianSpacing ................................................   Passed    0.21 sec
          Start  119: FieldArithmetic.TwentyByTwentyMeshIntegration
1190/1639 Test   #40: MeshFace.AreaIsMagnitudeOfAreaVector .....................................................................   Passed    0.14 sec
          Start   17: CoreException.CategoriesAreDistinguishable
1191/1639 Test  #156: CGTest.SolvesTwoByTwoSpdSystem ...........................................................................   Passed    0.19 sec
          Start 1253: SIMPLESettingsTest.RejectsNegativeVelocityRelaxation
1192/1639 Test  #143: SparseMatrixTest.RejectsUnsortedColumnsWithinRow .........................................................   Passed    0.09 sec
          Start  104: VectorFieldTest.ElementwiseSubtraction
1193/1639 Test  #165: BiCGSTABTest.SolvesNonsymmetricSystem ....................................................................   Passed    0.13 sec
          Start 1297: SIMPLEFailureTest.OutOfRangeReferenceCellReportsInvalidConfiguration
1194/1639 Test  #141: SparseMatrixTest.RejectsRowOffsetsBackMismatch ...........................................................   Passed    0.27 sec
          Start 1283: FluxCorrectionTest.InternalFaceCorrectionMatchesDCoefficientTimesPressureDifference
1195/1639 Test   #16: CoreException.ConvergenceErrorIsCatchableAsNumericalError ................................................   Passed    0.19 sec
          Start  334: ConvectionTest.ConstantFieldGivesZeroConvection
1196/1639 Test   #17: CoreException.CategoriesAreDistinguishable ...............................................................   Passed    0.11 sec
          Start 1278: VelocityCorrectionTest.LinearPressureCorrectionGivesExpectedComponentwiseCorrection
1197/1639 Test #1253: SIMPLESettingsTest.RejectsNegativeVelocityRelaxation .....................................................   Passed    0.10 sec
          Start 1266: MomentumPredictorRelaxationTest.RejectsMismatchedPreviousValueSize
1198/1639 Test   #94: ScalarFieldTest.Fill .....................................................................................   Passed    0.19 sec
          Start 1284: FluxCorrectionTest.BoundaryFluxIsUnchangedByCorrection
1199/1639 Test  #119: FieldArithmetic.TwentyByTwentyMeshIntegration ............................................................   Passed    0.18 sec
          Start 1295: SIMPLEFailureTest.MismatchedInitialFieldSizeReportsInvalidConfiguration
1200/1639 Test  #104: VectorFieldTest.ElementwiseSubtraction ...................................................................   Passed    0.15 sec
          Start 1285: FluxCorrectionTest.ConstantPressureCorrectionGivesZeroFluxCorrectionEverywhere
1201/1639 Test #1297: SIMPLEFailureTest.OutOfRangeReferenceCellReportsInvalidConfiguration .....................................   Passed    0.14 sec
          Start 1256: SIMPLESettingsTest.RejectsNonFinitePressureRelaxation
1202/1639 Test #1283: FluxCorrectionTest.InternalFaceCorrectionMatchesDCoefficientTimesPressureDifference ......................   Passed    0.14 sec
          Start 1274: PressureCorrectionTest.NonPositiveDensityThrows
1203/1639 Test #1278: VelocityCorrectionTest.LinearPressureCorrectionGivesExpectedComponentwiseCorrection ......................   Passed    0.12 sec
          Start 1294: SIMPLEFailureTest.InvalidSettingsReportInvalidConfiguration
1204/1639 Test #1266: MomentumPredictorRelaxationTest.RejectsMismatchedPreviousValueSize .......................................   Passed    0.12 sec
          Start 1273: PressureCorrectionTest.MismatchedReferenceCellThrows
1205/1639 Test #1284: FluxCorrectionTest.BoundaryFluxIsUnchangedByCorrection ...................................................   Passed    0.13 sec
          Start 1292: SIMPLEFailureTest.MomentumSolverTooFewIterationsReportsMomentumFailure
1206/1639 Test #1295: SIMPLEFailureTest.MismatchedInitialFieldSizeReportsInvalidConfiguration ..................................   Passed    0.13 sec
          Start 1254: SIMPLESettingsTest.RejectsVelocityRelaxationAboveOne
1207/1639 Test #1285: FluxCorrectionTest.ConstantPressureCorrectionGivesZeroFluxCorrectionEverywhere ...........................   Passed    0.12 sec
          Start 1268: PressureCorrectionTest.TwoCellProbeSourceSignAndSolutionMatchHandDerivation
1208/1639 Test #1256: SIMPLESettingsTest.RejectsNonFinitePressureRelaxation ....................................................   Passed    0.12 sec
          Start 1257: SIMPLESettingsTest.RejectsZeroVelocityTolerance
1209/1639 Test #1274: PressureCorrectionTest.NonPositiveDensityThrows ..........................................................   Passed    0.12 sec
          Start 1277: VelocityCorrectionTest.ConstantPressureCorrectionGivesZeroVelocityCorrection
1210/1639 Test #1294: SIMPLEFailureTest.InvalidSettingsReportInvalidConfiguration ..............................................   Passed    0.12 sec
          Start 1267: MomentumPredictorRelaxationTest.RejectsMismatchedRhsSize
1211/1639 Test #1273: PressureCorrectionTest.MismatchedReferenceCellThrows .....................................................   Passed    0.12 sec
          Start 1263: MomentumPredictorRelaxationTest.OffDiagonalCoefficientsAreUnchanged
1212/1639 Test #1292: SIMPLEFailureTest.MomentumSolverTooFewIterationsReportsMomentumFailure ...................................   Passed    0.13 sec
          Start 1276: PressureCorrectionTest.OpenBoundaryDoesNotForceReferenceCellRow
1213/1639 Test #1254: SIMPLESettingsTest.RejectsVelocityRelaxationAboveOne .....................................................   Passed    0.13 sec
          Start 1264: MomentumPredictorRelaxationTest.AlphaOneIsAnExactNoOp
1214/1639 Test #1268: PressureCorrectionTest.TwoCellProbeSourceSignAndSolutionMatchHandDerivation ..............................   Passed    0.12 sec
          Start 1269: PressureCorrectionTest.ReferenceRowIsExactIdentity
1215/1639 Test  #334: ConvectionTest.ConstantFieldGivesZeroConvection ..........................................................   Passed    0.38 sec
          Start 1279: VelocityCorrectionTest.DifferentUAndVResponseCoefficientsApplyToTheirOwnComponent
1216/1639 Test #1257: SIMPLESettingsTest.RejectsZeroVelocityTolerance ..........................................................   Passed    0.15 sec
          Start 1250: SIMPLESettingsTest.DefaultsAreValid
1217/1639 Test #1277: VelocityCorrectionTest.ConstantPressureCorrectionGivesZeroVelocityCorrection .............................   Passed    0.15 sec
          Start 1261: MomentumPredictorRelaxationTest.RelaxedDiagonalMatchesAPOverAlphaExactly
1218/1639 Test #1267: MomentumPredictorRelaxationTest.RejectsMismatchedRhsSize .................................................   Passed    0.14 sec
          Start   10: CoreConstants.PiIsCorrect
1219/1639 Test #1263: MomentumPredictorRelaxationTest.OffDiagonalCoefficientsAreUnchanged ......................................   Passed    0.15 sec
          Start 1251: SIMPLESettingsTest.RejectsZeroMaxIterations
1220/1639 Test #1276: PressureCorrectionTest.OpenBoundaryDoesNotForceReferenceCellRow ..........................................   Passed    0.14 sec
          Start 1282: VelocityCorrectionTest.MismatchedSizeThrows
1221/1639 Test #1264: MomentumPredictorRelaxationTest.AlphaOneIsAnExactNoOp ....................................................   Passed    0.14 sec
          Start 1275: PressureCorrectionTest.OpenBoundaryDirichletCouplingMatchesHandDerivation
1222/1639 Test #1269: PressureCorrectionTest.ReferenceRowIsExactIdentity .......................................................   Passed    0.14 sec
          Start 1262: MomentumPredictorRelaxationTest.RelaxedSourceMatchesDerivationExactly
1223/1639 Test #1279: VelocityCorrectionTest.DifferentUAndVResponseCoefficientsApplyToTheirOwnComponent ........................   Passed    0.14 sec
          Start 1265: MomentumPredictorRelaxationTest.RejectsAlphaOutOfRange
1224/1639 Test #1250: SIMPLESettingsTest.DefaultsAreValid ......................................................................   Passed    0.14 sec
          Start 1298: SIMPLENonFiniteTest.NaNInitialVelocityIsDetectedImmediately
1225/1639 Test #1261: MomentumPredictorRelaxationTest.RelaxedDiagonalMatchesAPOverAlphaExactly .................................   Passed    0.15 sec
          Start 1299: SIMPLENonFiniteTest.InfiniteInitialPressureIsDetectedImmediately
1226/1639 Test #1251: SIMPLESettingsTest.RejectsZeroMaxIterations ..............................................................   Passed    0.12 sec
          Start 1258: SIMPLESettingsTest.RejectsNegativePressureTolerance
1227/1639 Test #1282: VelocityCorrectionTest.MismatchedSizeThrows ..............................................................   Passed    0.12 sec
          Start 1259: SIMPLESettingsTest.RejectsNonFiniteContinuityTolerance
1228/1639 Test #1275: PressureCorrectionTest.OpenBoundaryDirichletCouplingMatchesHandDerivation ................................   Passed    0.12 sec
          Start 1255: SIMPLESettingsTest.AcceptsVelocityRelaxationExactlyOne
1229/1639 Test #1262: MomentumPredictorRelaxationTest.RelaxedSourceMatchesDerivationExactly ....................................   Passed    0.12 sec
          Start 1271: PressureCorrectionTest.NonReferenceRowsConserveConstantInput
1230/1639 Test   #10: CoreConstants.PiIsCorrect ................................................................................   Passed    0.21 sec
          Start 1296: SIMPLEFailureTest.InvalidInnerSolverSettingsReportInvalidConfiguration
1231/1639 Test #1265: MomentumPredictorRelaxationTest.RejectsAlphaOutOfRange ...................................................   Passed    0.14 sec
          Start 1270: PressureCorrectionTest.ConstantResponseCoefficientGivesSymmetricInternalCoupling
1232/1639 Test #1298: SIMPLENonFiniteTest.NaNInitialVelocityIsDetectedImmediately ..............................................   Passed    0.13 sec
          Start 1286: FluxCorrectionTest.MismatchedFaceCoefficientSizeThrows
1233/1639 Test #1299: SIMPLENonFiniteTest.InfiniteInitialPressureIsDetectedImmediately .........................................   Passed    0.14 sec
          Start 1272: PressureCorrectionTest.BoundaryFacesGetZeroCoefficient
1234/1639 Test #1258: SIMPLESettingsTest.RejectsNegativePressureTolerance ......................................................   Passed    0.14 sec
          Start   54: MeshGeometryNonOrthogonal.CartesianFacesDecomposeExactly
1235/1639 Test #1259: SIMPLESettingsTest.RejectsNonFiniteContinuityTolerance ...................................................   Passed    0.14 sec
          Start   55: MeshGeometryNonOrthogonal.NonOrthogonalButUnskewedFace
1236/1639 Test #1255: SIMPLESettingsTest.AcceptsVelocityRelaxationExactlyOne ...................................................   Passed    0.14 sec
          Start   56: MeshGeometryNonOrthogonal.OrthogonalButSkewedFace
1237/1639 Test #1271: PressureCorrectionTest.NonReferenceRowsConserveConstantInput .............................................   Passed    0.14 sec
          Start   57: MeshGeometryNonOrthogonal.DistortedDecompositionIsConsistent
1238/1639 Test #1296: SIMPLEFailureTest.InvalidInnerSolverSettingsReportInvalidConfiguration ...................................   Passed    0.14 sec
          Start   58: MeshGeometryNonOrthogonal.DegenerateGeometryIsDetected
1239/1639 Test #1270: PressureCorrectionTest.ConstantResponseCoefficientGivesSymmetricInternalCoupling .........................   Passed    0.14 sec
          Start   61: MeshQuality.CartesianHasZeroNonOrthogonality
1240/1639 Test #1286: FluxCorrectionTest.MismatchedFaceCoefficientSizeThrows ...................................................   Passed    0.14 sec
          Start   62: MeshQuality.CartesianHasZeroSkewness
1241/1639 Test #1272: PressureCorrectionTest.BoundaryFacesGetZeroCoefficient ...................................................   Passed    0.14 sec
          Start   63: MeshQuality.DistortedMeshReportsNonZeroMetrics
1242/1639 Test   #56: MeshGeometryNonOrthogonal.OrthogonalButSkewedFace ........................................................   Passed    0.11 sec
          Start   64: MeshQuality.MetricsDiscriminateDistortionLevels
1243/1639 Test   #54: MeshGeometryNonOrthogonal.CartesianFacesDecomposeExactly .................................................   Passed    0.16 sec
          Start   65: MeshQuality.NonOrthogonalityMetricsAreDeterministic
1244/1639 Test   #55: MeshGeometryNonOrthogonal.NonOrthogonalButUnskewedFace ...................................................   Passed    0.16 sec
          Start   66: MeshQuality.InvalidGeometryHandledSafely
1245/1639 Test   #57: MeshGeometryNonOrthogonal.DistortedDecompositionIsConsistent .............................................   Passed    0.14 sec
          Start  187: GMRESTest.SolvesSPDSystemAndAgreesWithCG
1246/1639 Test   #58: MeshGeometryNonOrthogonal.DegenerateGeometryIsDetected ...................................................   Passed    0.15 sec
          Start  188: GMRESTest.SolvesNonSymmetricSystem
1247/1639 Test   #61: MeshQuality.CartesianHasZeroNonOrthogonality .............................................................   Passed    0.14 sec
          Start  189: GMRESTest.RestartedSolveConvergesDeterministically
1248/1639 Test   #62: MeshQuality.CartesianHasZeroSkewness .....................................................................   Passed    0.14 sec
          Start  190: GMRESTest.JacobiPreconditionedSolveMatches
1249/1639 Test   #63: MeshQuality.DistortedMeshReportsNonZeroMetrics ...........................................................   Passed    0.14 sec
          Start  191: GMRESTest.ZeroRightHandSideConvergesImmediately
1250/1639 Test   #64: MeshQuality.MetricsDiscriminateDistortionLevels ..........................................................   Passed    0.14 sec
          Start  192: GMRESTest.NonFiniteInputIsRejectedBeforeIterating
1251/1639 Test   #65: MeshQuality.NonOrthogonalityMetricsAreDeterministic ......................................................   Passed    0.14 sec
          Start  193: GMRESTest.IterationBudgetIsReportedAsMaxIterations
1252/1639 Test   #66: MeshQuality.InvalidGeometryHandledSafely .................................................................   Passed    0.14 sec
          Start  194: GMRESTest.SingularInconsistentSystemReportsBreakdown
1253/1639 Test  #194: GMRESTest.SingularInconsistentSystemReportsBreakdown .....................................................   Passed    0.05 sec
          Start  195: GMRESTest.InvalidRestartLengthIsRejected
1254/1639 Test  #189: GMRESTest.RestartedSolveConvergesDeterministically .......................................................   Passed    0.16 sec
          Start  196: GMRESTest.GpuRequestFallsBackToCpu
1255/1639 Test  #191: GMRESTest.ZeroRightHandSideConvergesImmediately ..........................................................   Passed    0.14 sec
          Start  197: LinearFallbackTest.PrimaryBiCGSTABGenuinelyBreaksDownOnIndefiniteSystem
1256/1639 Test  #192: GMRESTest.NonFiniteInputIsRejectedBeforeIterating ........................................................   Passed    0.14 sec
          Start  198: LinearFallbackTest.DisabledPropagatesFailure
1257/1639 Test  #193: GMRESTest.IterationBudgetIsReportedAsMaxIterations .......................................................   Passed    0.14 sec
          Start  199: LinearFallbackTest.EligibleBreakdownUsesFallback
1258/1639 Test  #187: GMRESTest.SolvesSPDSystemAndAgreesWithCG .................................................................   Passed    0.27 sec
          Start  200: LinearFallbackTest.SuccessRecorded
1259/1639 Test  #195: GMRESTest.InvalidRestartLengthIsRejected .................................................................   Passed    0.11 sec
          Start  201: LinearFallbackTest.FallbackFailurePropagates
1260/1639 Test  #190: GMRESTest.JacobiPreconditionedSolveMatches ...............................................................   Passed    0.25 sec
          Start  202: LinearFallbackTest.MaxAttemptsRespected
1261/1639 Test  #188: GMRESTest.SolvesNonSymmetricSystem .......................................................................   Passed    0.31 sec
          Start  203: LinearFallbackTest.DoesNotUseCGForUnsupportedMatrix
1262/1639 Test  #196: GMRESTest.GpuRequestFallsBackToCpu .......................................................................   Passed    0.14 sec
          Start  204: LinearFallbackTest.SpdMatrixIsCGEligibleAndPreferred
1263/1639 Test  #197: LinearFallbackTest.PrimaryBiCGSTABGenuinelyBreaksDownOnIndefiniteSystem ..................................   Passed    0.14 sec
          Start  205: LinearFallbackTest.SingularOrReducibleMatricesAreNotCGEligible
1264/1639 Test  #198: LinearFallbackTest.DisabledPropagatesFailure .............................................................   Passed    0.14 sec
          Start  206: LinearFallbackTest.FallbackKeepsAndRecordsThePreconditioner
1265/1639 Test  #199: LinearFallbackTest.EligibleBreakdownUsesFallback .........................................................   Passed    0.14 sec
          Start  207: LinearFallbackTest.OnlyAlgorithmicFailuresAreEligible
1266/1639 Test  #200: LinearFallbackTest.SuccessRecorded .......................................................................   Passed    0.14 sec
          Start  208: LinearFallbackTest.HealthySolveIsUntouched
1267/1639 Test  #201: LinearFallbackTest.FallbackFailurePropagates .............................................................   Passed    0.13 sec
          Start  209: LinearFallbackTest.Deterministic
1268/1639 Test  #202: LinearFallbackTest.MaxAttemptsRespected ..................................................................   Passed    0.13 sec
          Start  270: InterpolationTest.SkewCorrectedInterpolationIsExactForLinearFieldOnSkewedMesh
1269/1639 Test  #203: LinearFallbackTest.DoesNotUseCGForUnsupportedMatrix ......................................................   Passed    0.13 sec
          Start  271: InterpolationTest.SkewCorrectedInterpolationMatchesPlainOnCartesianMesh
1270/1639 Test  #204: LinearFallbackTest.SpdMatrixIsCGEligibleAndPreferred .....................................................   Passed    0.13 sec
          Start  272: InterpolationTest.SkewCorrectedInterpolationFallsBackOnDegenerateFace
1271/1639 Test  #205: LinearFallbackTest.SingularOrReducibleMatricesAreNotCGEligible ...........................................   Passed    0.13 sec
          Start  277: GradientTest.DefaultSchemeArgumentMatchesExplicitGreenGauss
1272/1639 Test  #206: LinearFallbackTest.FallbackKeepsAndRecordsThePreconditioner ..............................................   Passed    0.14 sec
          Start  278: GradientSchemeTest.ParsesBothValidNames
1273/1639 Test  #207: LinearFallbackTest.OnlyAlgorithmicFailuresAreEligible ....................................................   Passed    0.13 sec
          Start  279: GradientSchemeTest.RejectsInvalidName
1274/1639 Test  #208: LinearFallbackTest.HealthySolveIsUntouched ...............................................................   Passed    0.14 sec
          Start  280: GradientSchemeTest.NameRoundTripsThroughParse
1275/1639 Test  #209: LinearFallbackTest.Deterministic .........................................................................   Passed    0.14 sec
          Start  281: SolveLeastSquaresGradientTest.ReconstructsExactGradientForConsistentLinearData
1276/1639 Test  #281: SolveLeastSquaresGradientTest.ReconstructsExactGradientForConsistentLinearData ...........................   Passed    0.08 sec
          Start  282: SolveLeastSquaresGradientTest.ZeroDataGivesZeroGradient
1277/1639 Test  #270: InterpolationTest.SkewCorrectedInterpolationIsExactForLinearFieldOnSkewedMesh ............................   Passed    0.23 sec
          Start  283: SolveLeastSquaresGradientTest.DetectsAColinearStencilAsIllConditioned
1278/1639 Test  #271: InterpolationTest.SkewCorrectedInterpolationMatchesPlainOnCartesianMesh ..................................   Passed    0.23 sec
          Start  284: SolveLeastSquaresGradientTest.DetectsASingleNeighborAsIllConditioned
1279/1639 Test  #272: InterpolationTest.SkewCorrectedInterpolationFallsBackOnDegenerateFace ....................................   Passed    0.23 sec
          Start  285: SolveLeastSquaresGradientTest.DetectsNoNeighborsAsIllConditioned
1280/1639 Test  #277: GradientTest.DefaultSchemeArgumentMatchesExplicitGreenGauss ..............................................   Passed    0.23 sec
          Start  286: SolveLeastSquaresGradientTest.IgnoresAZeroDistanceEntryRatherThanDividingByZero
1281/1639 Test  #278: GradientSchemeTest.ParsesBothValidNames ..................................................................   Passed    0.23 sec
          Start  287: SolveLeastSquaresGradientTest.NearlyColinearStencilIsAlsoRejected
1282/1639 Test  #279: GradientSchemeTest.RejectsInvalidName ....................................................................   Passed    0.23 sec
          Start  288: SolveLeastSquaresGradientTest.MismatchedSizesThrows
1283/1639 Test  #280: GradientSchemeTest.NameRoundTripsThroughParse ............................................................   Passed    0.23 sec
          Start  289: SolveLeastSquaresGradientTest.NeverProducesNonFiniteResultOnAcceptedInput
1284/1639 Test  #287: SolveLeastSquaresGradientTest.NearlyColinearStencilIsAlsoRejected ........................................   Passed    0.13 sec
          Start  290: LeastSquaresTest.ConstantFieldHasZeroGradient
1285/1639 Test  #288: SolveLeastSquaresGradientTest.MismatchedSizesThrows ......................................................   Passed    0.12 sec
          Start  291: LeastSquaresTest.LinearFieldCartesianIsExactAtEveryCellIncludingBoundaryAdjacent
1286/1639 Test  #289: SolveLeastSquaresGradientTest.NeverProducesNonFiniteResultOnAcceptedInput ................................   Passed    0.12 sec
          Start  292: LeastSquaresTest.LinearFieldDistortedIsExactAtEveryCell
1287/1639 Test  #283: SolveLeastSquaresGradientTest.DetectsAColinearStencilAsIllConditioned ....................................   Passed    0.26 sec
          Start  293: LeastSquaresTest.GreenGaussDistortedIsNotExactUnlikeLeastSquares
1288/1639 Test  #282: SolveLeastSquaresGradientTest.ZeroDataGivesZeroGradient ..................................................   Passed    0.30 sec
          Start  294: LeastSquaresTest.BoundaryCellsUseTheAssignedConditionAtTheFacesOwnPosition
1289/1639 Test  #286: SolveLeastSquaresGradientTest.IgnoresAZeroDistanceEntryRatherThanDividingByZero ..........................   Passed    0.24 sec
          Start  295: LeastSquaresTest.RejectsNonScalarBoundaryCondition
1290/1639 Test  #285: SolveLeastSquaresGradientTest.DetectsNoNeighborsAsIllConditioned .........................................   Passed    0.28 sec
          Start  296: LeastSquaresTest.MismatchedFieldSizeThrows
1291/1639 Test  #284: SolveLeastSquaresGradientTest.DetectsASingleNeighborAsIllConditioned .....................................   Passed    0.32 sec
          Start  297: LeastSquaresTest.RepeatedCallsAreDeterministic
1292/1639 Test  #296: LeastSquaresTest.MismatchedFieldSizeThrows ...............................................................   Passed    0.10 sec
          Start  298: LeastSquaresTest.SmoothNonlinearFieldIsFiniteAndReasonablyAccurate
1293/1639 Test  #290: LeastSquaresTest.ConstantFieldHasZeroGradient ............................................................   Passed    0.24 sec
          Start  299: SkewnessTest.ProductionInterpolationUsesCorrection
1294/1639 Test  #291: LeastSquaresTest.LinearFieldCartesianIsExactAtEveryCellIncludingBoundaryAdjacent .........................   Passed    0.24 sec
          Start  300: SkewnessTest.CorrectedProductionOperatorImprovesError
1295/1639 Test  #292: LeastSquaresTest.LinearFieldDistortedIsExactAtEveryCell ..................................................   Passed    0.24 sec
          Start  312: DiffusionTest.NonOrthogonalCorrectionMatchesBaselineOnCartesianMesh
1296/1639 Test  #293: LeastSquaresTest.GreenGaussDistortedIsNotExactUnlikeLeastSquares .........................................   Passed    0.24 sec
          Start  313: DiffusionTest.DefaultParametersPreserveUncorrectedBehavior
1297/1639 Test  #294: LeastSquaresTest.BoundaryCellsUseTheAssignedConditionAtTheFacesOwnPosition ...............................   Passed    0.24 sec
          Start  314: DiffusionTest.LinearFieldGivesZeroDiffusionOnCartesianRegardlessOfCorrection
1298/1639 Test  #295: LeastSquaresTest.RejectsNonScalarBoundaryCondition .......................................................   Passed    0.24 sec
          Start  315: DiffusionTest.LinearFieldNearZeroInInteriorOnDistortedMeshWhenCorrected
1299/1639 Test  #297: LeastSquaresTest.RepeatedCallsAreDeterministic ...........................................................   Passed    0.22 sec
          Start  316: DiffusionTest.CorrectionReducesInteriorErrorForQuadraticFieldOnDistortedMesh
1300/1639 Test  #315: DiffusionTest.LinearFieldNearZeroInInteriorOnDistortedMeshWhenCorrected ..................................   Passed    0.12 sec
          Start  317: DiffusionTest.ConstantFieldConservesGloballyOnDistortedMeshWithCorrection
1301/1639 Test  #298: LeastSquaresTest.SmoothNonlinearFieldIsFiniteAndReasonablyAccurate .......................................   Passed    0.25 sec
          Start  318: DiffusionTest.StrongDistortionProducesFiniteResults
1302/1639 Test  #299: SkewnessTest.ProductionInterpolationUsesCorrection .......................................................   Passed    0.25 sec
          Start  319: DiffusionTest.NonOrthogonalCorrectionIsDeterministic
1303/1639 Test  #312: DiffusionTest.NonOrthogonalCorrectionMatchesBaselineOnCartesianMesh ......................................   Passed    0.23 sec
          Start  320: DiffusionTest.CorrectedFluxIsAntisymmetricUnderFaceReversal
1304/1639 Test  #313: DiffusionTest.DefaultParametersPreserveUncorrectedBehavior ...............................................   Passed    0.23 sec
          Start  321: DiffusionTest.ClosedDomainGlobalBalanceIsUnchangedByCorrection
1305/1639 Test  #314: DiffusionTest.LinearFieldGivesZeroDiffusionOnCartesianRegardlessOfCorrection .............................   Passed    0.23 sec
          Start  322: DiffusionTest.LinearField2x3y5IsConsistentOnCartesianAndDistortedMeshes
1306/1639 Test  #316: DiffusionTest.CorrectionReducesInteriorErrorForQuadraticFieldOnDistortedMesh .............................   Passed    0.21 sec
          Start  323: DiffusionTest.CorrectionLeavesWallThermalBoundaryFluxesUntouched
1307/1639 Test  #300: SkewnessTest.CorrectedProductionOperatorImprovesError ....................................................   Passed    0.33 sec
          Start  324: DiffusionTest.NetDirichletBoundaryFluxIsMoreAccurateWithCorrectionOnDistortedMesh
1308/1639 Test  #317: DiffusionTest.ConstantFieldConservesGloballyOnDistortedMeshWithCorrection ................................   Passed    0.15 sec
          Start  325: DiffusionTest.NeumannBoundaryFluxesAreNeverCorrected
1309/1639 Test  #318: DiffusionTest.StrongDistortionProducesFiniteResults ......................................................   Passed    0.14 sec
          Start  326: DiffusionTest.CorrectionNeverAlterableOnPureBoundaryMeshWithMixedConditions
1310/1639 Test  #319: DiffusionTest.NonOrthogonalCorrectionIsDeterministic .....................................................   Passed    0.14 sec
          Start  327: DiffusionTest.ExtremeNonOrthogonalityFallsBackSafely
1311/1639 Test  #320: DiffusionTest.CorrectedFluxIsAntisymmetricUnderFaceReversal ..............................................   Passed    0.14 sec
          Start  328: DiffusionTest.ZeroOwnerNeighborDistanceIsAPreexistingLimitationNotWorsenedByCorrection
1312/1639 Test  #321: DiffusionTest.ClosedDomainGlobalBalanceIsUnchangedByCorrection ...........................................   Passed    0.14 sec
          Start  329: DiffusionTest.BoundaryCorrectionClassificationCoversEveryConditionType
1313/1639 Test  #322: DiffusionTest.LinearField2x3y5IsConsistentOnCartesianAndDistortedMeshes ..................................   Passed    0.13 sec
          Start  330: DiffusionTest.BoundaryRingTruncationIsFirstOrderAndLocalized
1314/1639 Test  #323: DiffusionTest.CorrectionLeavesWallThermalBoundaryFluxesUntouched .........................................   Passed    0.14 sec
          Start  336: ConvectionSchemeTest.ParsesAllFourValidNames
1315/1639 Test  #324: DiffusionTest.NetDirichletBoundaryFluxIsMoreAccurateWithCorrectionOnDistortedMesh ........................   Passed    0.13 sec
          Start  337: ConvectionSchemeTest.RejectsInvalidName
1316/1639 Test  #325: DiffusionTest.NeumannBoundaryFluxesAreNeverCorrected .....................................................   Passed    0.14 sec
          Start  338: ConvectionSchemeTest.NameRoundTripsThroughParse
1317/1639 Test  #326: DiffusionTest.CorrectionNeverAlterableOnPureBoundaryMeshWithMixedConditions ..............................   Passed    0.13 sec
          Start  339: ConvectionSchemeTest.ConvectionOverloadWithoutSchemeArgumentDefaultsToUpwind
1318/1639 Test  #327: DiffusionTest.ExtremeNonOrthogonalityFallsBackSafely .....................................................   Passed    0.14 sec
          Start  340: ConvectionSchemeTest.CentralSchemeMatchesIndependentOracleForPositiveAndNegativeFlux
1319/1639 Test  #328: DiffusionTest.ZeroOwnerNeighborDistanceIsAPreexistingLimitationNotWorsenedByCorrection ...................   Passed    0.14 sec
          Start  341: ConvectionSchemeTest.QuickSchemeMatchesIndependentOracleForPositiveAndNegativeFlux
1320/1639 Test  #329: DiffusionTest.BoundaryCorrectionClassificationCoversEveryConditionType ...................................   Passed    0.14 sec
          Start  342: ConvectionSchemeTest.QuickDegradesToUpwindWhenNoFartherUpstreamCellExists
1321/1639 Test  #336: ConvectionSchemeTest.ParsesAllFourValidNames .............................................................   Passed    0.12 sec
          Start  343: ConvectionSchemeTest.SchemeChoiceDoesNotAffectABoundaryOnlyMesh
1322/1639 Test  #337: ConvectionSchemeTest.RejectsInvalidName ..................................................................   Passed    0.12 sec
          Start  344: ConvectionSchemeTest.LinearFieldIsReproducedExactlyAwayFromAnyDegradedFace
1323/1639 Test  #338: ConvectionSchemeTest.NameRoundTripsThroughParse ..........................................................   Passed    0.12 sec
          Start  345: ConvectionSchemeTest.DegradedFaceStillProducesAFiniteConsistentResult
1324/1639 Test  #339: ConvectionSchemeTest.ConvectionOverloadWithoutSchemeArgumentDefaultsToUpwind .............................   Passed    0.12 sec
          Start  346: ConvectionSchemeTest.HigherOrderSchemesAreDeterministic
1325/1639 Test  #340: ConvectionSchemeTest.CentralSchemeMatchesIndependentOracleForPositiveAndNegativeFlux .....................   Passed    0.12 sec
          Start  347: ConvectionSchemeTest.StepFunctionStaysWithinInitialBoundsAfterOneExplicitStep
1326/1639 Test  #341: ConvectionSchemeTest.QuickSchemeMatchesIndependentOracleForPositiveAndNegativeFlux .......................   Passed    0.12 sec
          Start  348: QuickFaceValueTest.MatchesClassicalCoefficientsOnUniformGrid
1327/1639 Test  #342: ConvectionSchemeTest.QuickDegradesToUpwindWhenNoFartherUpstreamCellExists ................................   Passed    0.12 sec
          Start  349: QuickFaceValueTest.ReproducesALinearFieldExactly
1328/1639 Test  #343: ConvectionSchemeTest.SchemeChoiceDoesNotAffectABoundaryOnlyMesh ..........................................   Passed    0.12 sec
          Start  350: QuickFaceValueTest.ThrowsOnNonPositiveDistance
1329/1639 Test  #344: ConvectionSchemeTest.LinearFieldIsReproducedExactlyAwayFromAnyDegradedFace ...............................   Passed    0.12 sec
          Start  351: LinearUpwindFaceValueTest.ReconstructsExactlyForALinearField
1330/1639 Test  #345: ConvectionSchemeTest.DegradedFaceStillProducesAFiniteConsistentResult ....................................   Passed    0.12 sec
          Start  352: LinearUpwindFaceValueTest.ZeroGradientReturnsUpwindValueUnchanged
1331/1639 Test  #346: ConvectionSchemeTest.HigherOrderSchemesAreDeterministic ..................................................   Passed    0.12 sec
          Start  353: SmoothnessRatioTest.PositiveForSmoothMonotoneData
1332/1639 Test  #347: ConvectionSchemeTest.StepFunctionStaysWithinInitialBoundsAfterOneExplicitStep ............................   Passed    0.12 sec
          Start  354: SmoothnessRatioTest.NegativeAtALocalExtremum
1333/1639 Test  #348: QuickFaceValueTest.MatchesClassicalCoefficientsOnUniformGrid .............................................   Passed    0.12 sec
          Start  355: SmoothnessRatioTest.NulloptWhenLocalGradientIsZero
1334/1639 Test  #349: QuickFaceValueTest.ReproducesALinearFieldExactly .........................................................   Passed    0.12 sec
          Start  356: VanLeerLimiterTest.ZeroAtOrBelowZeroRatio
1335/1639 Test  #350: QuickFaceValueTest.ThrowsOnNonPositiveDistance ...........................................................   Passed    0.12 sec
          Start  357: VanLeerLimiterTest.ZeroWhenRatioIsNullopt
1336/1639 Test  #351: LinearUpwindFaceValueTest.ReconstructsExactlyForALinearField .............................................   Passed    0.12 sec
          Start  358: VanLeerLimiterTest.OneAtRatioOfOne
1337/1639 Test  #352: LinearUpwindFaceValueTest.ZeroGradientReturnsUpwindValueUnchanged ........................................   Passed    0.12 sec
          Start  359: VanLeerLimiterTest.ApproachesTwoForLargeRatio
1338/1639 Test  #353: SmoothnessRatioTest.PositiveForSmoothMonotoneData ........................................................   Passed    0.12 sec
          Start  360: VanLeerLimiterTest.StaysWithinTheZeroToTwoSwebyTvdRegion
1339/1639 Test  #330: DiffusionTest.BoundaryRingTruncationIsFirstOrderAndLocalized .............................................   Passed    0.49 sec
          Start  364: GridRefinementTest.CentralConvectionOfSmoothFieldGlobalOrderReflectsBoundaryTreatment
1340/1639 Test  #354: SmoothnessRatioTest.NegativeAtALocalExtremum .............................................................   Passed    0.14 sec
          Start  365: GridRefinementTest.CentralConvectionOfSmoothFieldConvergesAboveFirstOrderInInterior
1341/1639 Test  #355: SmoothnessRatioTest.NulloptWhenLocalGradientIsZero .......................................................   Passed    0.14 sec
          Start  366: GridRefinementTest.LinearUpwindConvectionOfSmoothFieldGlobalOrderReflectsBoundaryTreatment
1342/1639 Test  #356: VanLeerLimiterTest.ZeroAtOrBelowZeroRatio ................................................................   Passed    0.15 sec
          Start  367: GridRefinementTest.LinearUpwindConvectionOfSmoothFieldConvergesAboveFirstOrderInInterior
1343/1639 Test  #357: VanLeerLimiterTest.ZeroWhenRatioIsNullopt ................................................................   Passed    0.15 sec
          Start  368: GridRefinementTest.QuickConvectionOfSmoothFieldGlobalOrderReflectsBoundaryTreatment
1344/1639 Test  #358: VanLeerLimiterTest.OneAtRatioOfOne .......................................................................   Passed    0.15 sec
          Start  369: GridRefinementTest.QuickConvectionOfSmoothFieldConvergesAboveFirstOrderInInterior
1345/1639 Test  #359: VanLeerLimiterTest.ApproachesTwoForLargeRatio ............................................................   Passed    0.15 sec
          Start  370: GridRefinementTest.LeastSquaresGradientCartesianGlobalOrderReflectsBoundaryTreatment
1346/1639 Test  #360: VanLeerLimiterTest.StaysWithinTheZeroToTwoSwebyTvdRegion .................................................   Passed    0.15 sec
          Start  371: GridRefinementTest.LeastSquaresGradientCartesianConvergesAtSecondOrderInInterior
1347/1639 Test  #364: GridRefinementTest.CentralConvectionOfSmoothFieldGlobalOrderReflectsBoundaryTreatment ....................   Passed    0.15 sec
          Start  372: GridRefinementTest.GreenGaussGradientDistortedGlobalOrderReflectsBoundaryTreatment
1348/1639 Test  #365: GridRefinementTest.CentralConvectionOfSmoothFieldConvergesAboveFirstOrderInInterior ......................   Passed    0.15 sec
          Start  373: GridRefinementTest.GreenGaussGradientDistortedConvergesAtSecondOrderInInterior
1349/1639 Test  #368: GridRefinementTest.QuickConvectionOfSmoothFieldGlobalOrderReflectsBoundaryTreatment ......................   Passed    0.15 sec
          Start  374: GridRefinementTest.LeastSquaresGradientDistortedGlobalOrderReflectsBoundaryTreatment
1350/1639 Test  #366: GridRefinementTest.LinearUpwindConvectionOfSmoothFieldGlobalOrderReflectsBoundaryTreatment ...............   Passed    0.21 sec
          Start  375: GridRefinementTest.LeastSquaresGradientDistortedConvergesAtSecondOrderInInterior
1351/1639 Test  #367: GridRefinementTest.LinearUpwindConvectionOfSmoothFieldConvergesAboveFirstOrderInInterior .................   Passed    0.21 sec
          Start  376: GridRefinementTest.DiffusionOrthogonalUncorrectedConvergesAtSecondOrder
1352/1639 Test  #370: GridRefinementTest.LeastSquaresGradientCartesianGlobalOrderReflectsBoundaryTreatment .....................   Passed    0.17 sec
          Start  377: GridRefinementTest.DiffusionOrthogonalCorrectionFlagIsInertOnCartesianMesh
1353/1639 Test  #369: GridRefinementTest.QuickConvectionOfSmoothFieldConvergesAboveFirstOrderInInterior ........................   Passed    0.22 sec
          Start  378: GridRefinementTest.DiffusionDistortedUncorrectedGlobalOrderReflectsBoundaryTreatment
1354/1639 Test  #371: GridRefinementTest.LeastSquaresGradientCartesianConvergesAtSecondOrderInInterior .........................   Passed    0.20 sec
          Start  379: GridRefinementTest.DiffusionDistortedUncorrectedConvergesInInterior
1355/1639 Test  #372: GridRefinementTest.GreenGaussGradientDistortedGlobalOrderReflectsBoundaryTreatment .......................   Passed    0.26 sec
          Start  380: GridRefinementTest.DiffusionDistortedCorrectedGlobalOrderReflectsBoundaryTreatment
1356/1639 Test  #373: GridRefinementTest.GreenGaussGradientDistortedConvergesAtSecondOrderInInterior ...........................   Passed    0.26 sec
          Start  381: GridRefinementTest.DiffusionStronglyDistortedCorrectedGlobal
1357/1639 Test  #376: GridRefinementTest.DiffusionOrthogonalUncorrectedConvergesAtSecondOrder ..................................   Passed    0.17 sec
          Start  382: GridRefinementTest.DiffusionStronglyDistortedUncorrectedGlobal
1358/1639 Test  #378: GridRefinementTest.DiffusionDistortedUncorrectedGlobalOrderReflectsBoundaryTreatment .....................   Passed    0.15 sec
          Start  383: GridRefinementTest.DiffusionDistortedCorrectedConvergesAtSecondOrderInInterior
1359/1639 Test  #379: GridRefinementTest.DiffusionDistortedUncorrectedConvergesInInterior ......................................   Passed    0.16 sec
          Start  384: GridRefinementTest.DiffusionDistortedCorrectedGreenGaussInterior
1360/1639 Test  #374: GridRefinementTest.LeastSquaresGradientDistortedGlobalOrderReflectsBoundaryTreatment .....................   Passed    0.32 sec
          Start  385: GridRefinementTest.DiffusionModeratelyDistortedUncorrectedInterior
1361/1639 Test  #375: GridRefinementTest.LeastSquaresGradientDistortedConvergesAtSecondOrderInInterior .........................   Passed    0.31 sec
          Start  386: GridRefinementTest.DiffusionModeratelyDistortedCorrectedConvergesAtSecondOrderInInterior
1362/1639 Test  #377: GridRefinementTest.DiffusionOrthogonalCorrectionFlagIsInertOnCartesianMesh ...............................   Passed    0.28 sec
          Start  387: GridRefinementTest.DiffusionStronglyDistortedUncorrectedInterior
1363/1639 Test  #382: GridRefinementTest.DiffusionStronglyDistortedUncorrectedGlobal ...........................................   Passed    0.14 sec
          Start  388: GridRefinementTest.DiffusionStronglyDistortedCorrectedConvergesAtSecondOrderInInterior
1364/1639 Test  #385: GridRefinementTest.DiffusionModeratelyDistortedUncorrectedInterior .......................................   Passed    0.14 sec
          Start  399: VectorGradientTest.LeastSquaresIsExactForLinearFieldOnDistortedMesh
1365/1639 Test  #381: GridRefinementTest.DiffusionStronglyDistortedCorrectedGlobal .............................................   Passed    0.28 sec
          Start  436: MomentumConvectionTest.DefaultSchemeArgumentMatchesExplicitUpwind
1366/1639 Test  #387: GridRefinementTest.DiffusionStronglyDistortedUncorrectedInterior .........................................   Passed    0.14 sec
          Start  437: MomentumConvectionTest.NonUpwindSchemeAddsAnExplicitCorrectionOnlyOnInternalFaces
1367/1639 Test  #380: GridRefinementTest.DiffusionDistortedCorrectedGlobalOrderReflectsBoundaryTreatment .......................   Passed    0.34 sec
          Start  443: MomentumPressureTest.DefaultGradientSchemeArgumentMatchesExplicitGreenGauss
1368/1639 Test  #384: GridRefinementTest.DiffusionDistortedCorrectedGreenGaussInterior .........................................   Passed    0.26 sec
          Start  444: MomentumPressureTest.LeastSquaresSchemeIsWiredThroughAndAlsoExactForALinearPressureField
1369/1639 Test  #399: VectorGradientTest.LeastSquaresIsExactForLinearFieldOnDistortedMesh ......................................   Passed    0.08 sec
          Start  495: MomentumNonOrthogonalTest.CartesianCorrectionIsBitIdenticalForBothOverloads
1370/1639 Test  #383: GridRefinementTest.DiffusionDistortedCorrectedConvergesAtSecondOrderInInterior ...........................   Passed    0.33 sec
          Start  496: MomentumNonOrthogonalTest.LinearVelocityResidualVanishesInEveryRowWhenCorrected
1371/1639 Test  #386: GridRefinementTest.DiffusionModeratelyDistortedCorrectedConvergesAtSecondOrderInInterior .................   Passed    0.29 sec
          Start  497: MomentumNonOrthogonalTest.ExplicitCorrectionIsGloballyConservativeWithoutDirichletFaces
1372/1639 Test  #388: GridRefinementTest.DiffusionStronglyDistortedCorrectedConvergesAtSecondOrderInInterior ...................   Passed    0.31 sec
          Start  498: MomentumNonOrthogonalTest.CorrectionVelocityDefaultsToVelocityAndIsValidated
1373/1639 Test  #443: MomentumPressureTest.DefaultGradientSchemeArgumentMatchesExplicitGreenGauss ..............................   Passed    0.18 sec
          Start  501: CaseReaderTest.MissingConvectionSchemeDefaultsToUpwind
1374/1639 Test  #436: MomentumConvectionTest.DefaultSchemeArgumentMatchesExplicitUpwind ........................................   Passed    0.23 sec
          Start  502: CaseReaderTest.EachValidConvectionSchemeNameParses
1375/1639 Test  #437: MomentumConvectionTest.NonUpwindSchemeAddsAnExplicitCorrectionOnlyOnInternalFaces ........................   Passed    0.23 sec
          Start  503: CaseReaderTest.InvalidConvectionSchemeValueThrowsCaseConfigurationError
1376/1639 Test  #444: MomentumPressureTest.LeastSquaresSchemeIsWiredThroughAndAlsoExactForALinearPressureField .................   Passed    0.21 sec
          Start  504: CaseReaderTest.MissingGradientSchemeDefaultsToGreenGauss
1377/1639 Test  #495: MomentumNonOrthogonalTest.CartesianCorrectionIsBitIdenticalForBothOverloads ..............................   Passed    0.21 sec
          Start  505: CaseReaderTest.EachValidGradientSchemeNameParses
1378/1639 Test  #497: MomentumNonOrthogonalTest.ExplicitCorrectionIsGloballyConservativeWithoutDirichletFaces ..................   Passed    0.16 sec
          Start  506: CaseReaderTest.InvalidGradientSchemeValueThrowsCaseConfigurationError
1379/1639 Test  #496: MomentumNonOrthogonalTest.LinearVelocityResidualVanishesInEveryRowWhenCorrected ..........................   Passed    0.23 sec
          Start  507: CaseReaderTest.MissingNonOrthogonalCorrectionsDefaultsToZero
1380/1639 Test  #498: MomentumNonOrthogonalTest.CorrectionVelocityDefaultsToVelocityAndIsValidated .............................   Passed    0.14 sec
          Start  508: CaseReaderTest.ValidNonOrthogonalCorrectionsCountParses
1381/1639 Test  #506: CaseReaderTest.InvalidGradientSchemeValueThrowsCaseConfigurationError ....................................   Passed    0.41 sec
          Start  509: CaseReaderTest.NegativeNonOrthogonalCorrectionsThrowsCaseConfigurationError
1382/1639 Test  #501: CaseReaderTest.MissingConvectionSchemeDefaultsToUpwind ...................................................   Passed    0.52 sec
          Start  521: CaseWriterTest.NonDefaultConvectionSchemeRoundTrips
1383/1639 Test  #502: CaseReaderTest.EachValidConvectionSchemeNameParses .......................................................   Passed    0.52 sec
          Start  522: CaseWriterTest.NonDefaultGradientSchemeRoundTrips
1384/1639 Test  #503: CaseReaderTest.InvalidConvectionSchemeValueThrowsCaseConfigurationError ..................................   Passed    0.52 sec
          Start  523: CaseWriterTest.NonDefaultNonOrthogonalCorrectionsRoundTrips
1385/1639 Test  #504: CaseReaderTest.MissingGradientSchemeDefaultsToGreenGauss .................................................   Passed    0.52 sec
          Start  596: TurbulenceCaseTest.NonOrthogonalCorrectionReachesEveryTurbulenceModel
1386/1639 Test  #505: CaseReaderTest.EachValidGradientSchemeNameParses .........................................................   Passed    0.52 sec
          Start  636: CompressibleCaseTest.CoupledDefaultsToFalseWhenAbsent
1387/1639 Test  #507: CaseReaderTest.MissingNonOrthogonalCorrectionsDefaultsToZero .............................................   Passed    0.50 sec
          Start  637: CompressibleCaseTest.CoupledTrueParsesAndRoundTripsThroughCaseBuilder
1388/1639 Test  #508: CaseReaderTest.ValidNonOrthogonalCorrectionsCountParses ..................................................   Passed    0.50 sec
          Start  638: CompressibleCaseTest.CoupledExplicitFalseParsesTheSameAsAbsent
1389/1639 Test  #638: CompressibleCaseTest.CoupledExplicitFalseParsesTheSameAsAbsent ...........................................   Passed    0.32 sec
          Start  639: CompressibleCaseTest.RejectsNonBooleanCoupled
1390/1639 Test  #509: CaseReaderTest.NegativeNonOrthogonalCorrectionsThrowsCaseConfigurationError ..............................   Passed    0.47 sec
          Start  649: PhysicsCompatibilityTest.SpeciesSupportedAlongsideMultiphase
1391/1639 Test  #521: CaseWriterTest.NonDefaultConvectionSchemeRoundTrips ......................................................   Passed    0.47 sec
          Start  650: PhysicsCompatibilityTest.SpeciesSupportedAlongsideCompressible
1392/1639 Test  #523: CaseWriterTest.NonDefaultNonOrthogonalCorrectionsRoundTrips ..............................................   Passed    0.45 sec
          Start  651: PhysicsCompatibilityTest.CompressibleSupportedAlongsideBuoyancy
1393/1639 Test  #636: CompressibleCaseTest.CoupledDefaultsToFalseWhenAbsent ....................................................   Passed    0.44 sec
          Start  652: PhysicsCompatibilityTest.CompressibleSupportedAlongsideTurbulence
1394/1639 Test  #637: CompressibleCaseTest.CoupledTrueParsesAndRoundTripsThroughCaseBuilder ....................................   Passed    0.44 sec
          Start  653: PhysicsCompatibilityTest.AllCompatibleModulesTogether
1395/1639 Test  #522: CaseWriterTest.NonDefaultGradientSchemeRoundTrips ........................................................   Passed    0.53 sec
          Start  654: PhysicsCompatibilityTest.RejectsMultiphaseTogetherWithCompressible
1396/1639 Test  #596: TurbulenceCaseTest.NonOrthogonalCorrectionReachesEveryTurbulenceModel ....................................   Passed    0.52 sec
          Start  655: PhysicsCompatibilityTest.RejectsMultiphaseTogetherWithTurbulence
1397/1639 Test  #639: CompressibleCaseTest.RejectsNonBooleanCoupled ............................................................   Passed    0.14 sec
          Start  656: PhysicsCompatibilityTest.RejectsBuoyancyWithoutThermal
1398/1639 Test  #649: PhysicsCompatibilityTest.SpeciesSupportedAlongsideMultiphase .............................................   Passed    0.15 sec
          Start  657: PhysicsCompatibilityTest.RejectsCompressibleThermalCoupledWithoutThermal
1399/1639 Test  #650: PhysicsCompatibilityTest.SpeciesSupportedAlongsideCompressible ...........................................   Passed    0.15 sec
          Start  658: PhysicsCompatibilityTest.RejectsCoupledCompressibleTogetherWithTurbulence
1400/1639 Test  #651: PhysicsCompatibilityTest.CompressibleSupportedAlongsideBuoyancy ..........................................   Passed    0.15 sec
          Start  659: PhysicsCompatibilityTest.RejectsCoupledCompressibleTogetherWithBuoyancy
1401/1639 Test  #652: PhysicsCompatibilityTest.CompressibleSupportedAlongsideTurbulence ........................................   Passed    0.15 sec
          Start  660: PhysicsCompatibilityTest.RejectsMultiphaseCompressibleAndTurbulenceAllTogether
1402/1639 Test  #653: PhysicsCompatibilityTest.AllCompatibleModulesTogether ....................................................   Passed    0.15 sec
          Start  695: JSONWriterTest.RobustnessStatusesAndDiagnosticsAreExported
1403/1639 Test  #654: PhysicsCompatibilityTest.RejectsMultiphaseTogetherWithCompressible .......................................   Passed    0.15 sec
          Start  713: RobustnessConfigTest.AbsentBlockDefaultsToEveryFeatureOff
1404/1639 Test  #655: PhysicsCompatibilityTest.RejectsMultiphaseTogetherWithTurbulence .........................................   Passed    0.15 sec
          Start  714: RobustnessConfigTest.FullBlockParsesAndReachesSolverSettings
1405/1639 Test  #656: PhysicsCompatibilityTest.RejectsBuoyancyWithoutThermal ...................................................   Passed    0.15 sec
          Start  715: RobustnessConfigTest.PartialBlockKeepsDefaultsForAbsentKeys
1406/1639 Test  #657: PhysicsCompatibilityTest.RejectsCompressibleThermalCoupledWithoutThermal .................................   Passed    0.15 sec
          Start  716: RobustnessConfigTest.InvalidValuesAreRejectedWithTheFieldNamed
1407/1639 Test  #658: PhysicsCompatibilityTest.RejectsCoupledCompressibleTogetherWithTurbulence ................................   Passed    0.15 sec
          Start  717: RobustnessConfigTest.NonDefaultBlockRoundTripsAndDefaultIsNotWritten
1408/1639 Test  #659: PhysicsCompatibilityTest.RejectsCoupledCompressibleTogetherWithBuoyancy ..................................   Passed    0.15 sec
          Start  718: RobustnessConfigTest.GmresLinearSolverTypeIsAccepted
1409/1639 Test  #660: PhysicsCompatibilityTest.RejectsMultiphaseCompressibleAndTurbulenceAllTogether ...........................   Passed    0.15 sec
          Start  778: ResidualNormalization.NonzeroBaseline
1410/1639 Test  #695: JSONWriterTest.RobustnessStatusesAndDiagnosticsAreExported ...............................................   Passed    0.15 sec
          Start  779: ResidualNormalization.ZeroBaseline
1411/1639 Test  #713: RobustnessConfigTest.AbsentBlockDefaultsToEveryFeatureOff ................................................   Passed    0.15 sec
          Start  780: ResidualNormalization.SmallBaseline
1412/1639 Test  #714: RobustnessConfigTest.FullBlockParsesAndReachesSolverSettings .............................................   Passed    0.15 sec
          Start  781: ResidualNormalization.DecreasingIncreasingAndConstantSequences
1413/1639 Test  #715: RobustnessConfigTest.PartialBlockKeepsDefaultsForAbsentKeys ..............................................   Passed    0.15 sec
          Start  782: ResidualNormalization.NonFiniteInput
1414/1639 Test  #717: RobustnessConfigTest.NonDefaultBlockRoundTripsAndDefaultIsNotWritten .....................................   Passed    0.13 sec
          Start  783: ResidualTrend.Converging
1415/1639 Test  #718: RobustnessConfigTest.GmresLinearSolverTypeIsAccepted .....................................................   Passed    0.13 sec
          Start  784: ResidualTrend.SlowConvergenceIsNotStagnation
1416/1639 Test  #716: RobustnessConfigTest.InvalidValuesAreRejectedWithTheFieldNamed ...........................................   Passed    0.19 sec
          Start  785: ResidualTrend.Stagnating
1417/1639 Test  #780: ResidualNormalization.SmallBaseline ......................................................................   Passed    0.18 sec
          Start  786: ResidualTrend.Diverging
1418/1639 Test  #778: ResidualNormalization.NonzeroBaseline ....................................................................   Passed    0.23 sec
          Start  787: ResidualTrend.SustainedRunawayFromAPlateau
1419/1639 Test  #779: ResidualNormalization.ZeroBaseline .......................................................................   Passed    0.23 sec
          Start  788: ResidualTrend.SingleSpikeDoesNotTriggerDivergence
1420/1639 Test  #781: ResidualNormalization.DecreasingIncreasingAndConstantSequences ...........................................   Passed    0.21 sec
          Start  789: ResidualTrend.NonFiniteResidualIsDivergingWhenEnabled
1421/1639 Test  #782: ResidualNormalization.NonFiniteInput .....................................................................   Passed    0.21 sec
          Start  790: ResidualTrend.DisabledDetectionNeverStops
1422/1639 Test  #783: ResidualTrend.Converging .................................................................................   Passed    0.21 sec
          Start  791: ConvergencePolicy.DefaultIsExactlyTheAbsoluteGate
1423/1639 Test  #785: ResidualTrend.Stagnating .................................................................................   Passed    0.19 sec
          Start  792: ConvergencePolicy.NoHiddenConvergence
1424/1639 Test  #784: ResidualTrend.SlowConvergenceIsNotStagnation .............................................................   Passed    0.23 sec
          Start  793: ConvergencePolicy.NormalizationRemovesArbitraryScale
1425/1639 Test  #786: ResidualTrend.Diverging ..................................................................................   Passed    0.14 sec
          Start  794: ConvergencePolicy.NormalizedHistoriesAreReportedAndFinite
1426/1639 Test  #787: ResidualTrend.SustainedRunawayFromAPlateau ...............................................................   Passed    0.14 sec
          Start  795: AdaptiveRelaxation.ImprovingIncreasesGradually
1427/1639 Test  #788: ResidualTrend.SingleSpikeDoesNotTriggerDivergence ........................................................   Passed    0.14 sec
          Start  796: AdaptiveRelaxation.GrowthReducesAlpha
1428/1639 Test  #789: ResidualTrend.NonFiniteResidualIsDivergingWhenEnabled ....................................................   Passed    0.14 sec
          Start  797: AdaptiveRelaxation.PlateauHolds
1429/1639 Test  #790: ResidualTrend.DisabledDetectionNeverStops ................................................................   Passed    0.14 sec
          Start  798: AdaptiveRelaxation.GrowingOscillationReducesAlphaDecayingZigzagDoesNot
1430/1639 Test  #791: ConvergencePolicy.DefaultIsExactlyTheAbsoluteGate ........................................................   Passed    0.14 sec
          Start  799: AdaptiveRelaxation.RespectsBounds
1431/1639 Test  #792: ConvergencePolicy.NoHiddenConvergence ....................................................................   Passed    0.14 sec
          Start  800: AdaptiveRelaxation.RecoveryAfterGrowthStopsBelowTheUnstableFactor
1432/1639 Test  #794: ConvergencePolicy.NormalizedHistoriesAreReportedAndFinite ................................................   Passed    0.12 sec
          Start  801: AdaptiveRelaxation.DisabledPreservesFixedAlpha
1433/1639 Test  #793: ConvergencePolicy.NormalizationRemovesArbitraryScale .....................................................   Passed    0.16 sec
          Start  802: AdaptiveRelaxation.Deterministic
1434/1639 Test  #795: AdaptiveRelaxation.ImprovingIncreasesGradually ...........................................................   Passed    0.13 sec
          Start  803: SolverRobustnessSettingsTest.DefaultsAreValidAndDisabled
1435/1639 Test  #796: AdaptiveRelaxation.GrowthReducesAlpha ....................................................................   Passed    0.14 sec
          Start  804: SolverRobustnessSettingsTest.InvalidValuesAreRejected
1436/1639 Test  #797: AdaptiveRelaxation.PlateauHolds ..........................................................................   Passed    0.14 sec
          Start  805: SolverRobustnessPerformance.BookkeepingIsFixedWindowCost
1437/1639 Test  #798: AdaptiveRelaxation.GrowingOscillationReducesAlphaDecayingZigzagDoesNot ...................................   Passed    0.14 sec
          Start  886: ThermalNonOrthogonalTest.NonOrthogonalDiffusion
1438/1639 Test  #799: AdaptiveRelaxation.RespectsBounds ........................................................................   Passed    0.14 sec
          Start  887: ThermalNonOrthogonalTest.CartesianSolveIsBitIdentical
1439/1639 Test  #800: AdaptiveRelaxation.RecoveryAfterGrowthStopsBelowTheUnstableFactor ........................................   Passed    0.14 sec
          Start  888: ThermalNonOrthogonalTest.PrescribedFluxWallsKeepEnergyBalance
1440/1639 Test  #801: AdaptiveRelaxation.DisabledPreservesFixedAlpha ...........................................................   Passed    0.14 sec
          Start 1021: TurbulenceNonOrthogonalTest.NonOrthogonalDiffusion
1441/1639 Test  #802: AdaptiveRelaxation.Deterministic .........................................................................   Passed    0.15 sec
          Start 1022: TurbulenceNonOrthogonalTest.ModelsRouteTheCorrectionThroughTheSharedOperator
1442/1639 Test  #803: SolverRobustnessSettingsTest.DefaultsAreValidAndDisabled .................................................   Passed    0.15 sec
          Start 1058: SpeciesNonOrthogonalTest.NonOrthogonalDiffusion
1443/1639 Test  #804: SolverRobustnessSettingsTest.InvalidValuesAreRejected ....................................................   Passed    0.16 sec
          Start 1059: SpeciesNonOrthogonalTest.CartesianSolveIsBitIdentical
1444/1639 Test #1021: TurbulenceNonOrthogonalTest.NonOrthogonalDiffusion .......................................................   Passed    0.31 sec
          Start 1126: CompressibleMassFluxTest.OutletBoundaryUsesEosEvaluatedPressureNotOwnerDensity
1445/1639 Test #1022: TurbulenceNonOrthogonalTest.ModelsRouteTheCorrectionThroughTheSharedOperator .............................   Passed    0.39 sec
          Start 1127: CompressibleMassFluxTest.InletBoundaryReducesToOwnerDensityUnderZeroPressureGradient
1446/1639 Test #1127: CompressibleMassFluxTest.InletBoundaryReducesToOwnerDensityUnderZeroPressureGradient .....................   Passed    0.12 sec
          Start 1128: CompressibleMassFluxTest.WallBoundaryMassFluxIsZeroRegardlessOfBoundaryDensity
1447/1639 Test #1126: CompressibleMassFluxTest.OutletBoundaryUsesEosEvaluatedPressureNotOwnerDensity ...........................   Passed    0.23 sec
          Start 1129: CompressibleMassFluxTest.BoundaryDensityMatchesDirectEosEvaluation
1448/1639 Test  #805: SolverRobustnessPerformance.BookkeepingIsFixedWindowCost .................................................   Passed    0.78 sec
          Start 1130: CompressibleMassFluxTest.ThrowsOnNonPositiveBoundaryTemperature
1449/1639 Test #1128: CompressibleMassFluxTest.WallBoundaryMassFluxIsZeroRegardlessOfBoundaryDensity ...........................   Passed    0.17 sec
          Start 1131: CompressibleMassFluxTest.UniformStateGivesUniformBoundaryDensityMatchingInterior
1450/1639 Test #1129: CompressibleMassFluxTest.BoundaryDensityMatchesDirectEosEvaluation .......................................   Passed    0.17 sec
          Start 1134: CompressibleMassFluxTest.MismatchedPressureGaugeSizeThrows
1451/1639 Test #1130: CompressibleMassFluxTest.ThrowsOnNonPositiveBoundaryTemperature ..........................................   Passed    0.04 sec
          Start 1135: CompressibleMassFluxTest.MismatchedTemperatureSizeThrows
1452/1639 Test #1131: CompressibleMassFluxTest.UniformStateGivesUniformBoundaryDensityMatchingInterior .........................   Passed    0.06 sec
          Start 1153: ProjectRunnerTest.DivergenceDetectionReportsNumericalFailure
1453/1639 Test #1134: CompressibleMassFluxTest.MismatchedPressureGaugeSizeThrows ...............................................   Passed    0.06 sec
          Start 1154: ProjectRunnerTest.StagnationDetectionReportsDidNotConverge
1454/1639 Test #1135: CompressibleMassFluxTest.MismatchedTemperatureSizeThrows .................................................   Passed    0.06 sec
          Start 1208: GridConvergenceTest.RepresentativeGridSize
1455/1639 Test #1059: SpeciesNonOrthogonalTest.CartesianSolveIsBitIdentical ....................................................   Passed    0.81 sec
          Start 1209: GridConvergenceTest.FirstOrderSynthetic
1456/1639 Test #1209: GridConvergenceTest.FirstOrderSynthetic ..................................................................   Passed    0.46 sec
          Start 1210: GridConvergenceTest.SecondOrderSynthetic
1457/1639 Test #1208: GridConvergenceTest.RepresentativeGridSize ...............................................................   Passed    0.53 sec
          Start 1211: GridConvergenceTest.ThirdOrderSynthetic
1458/1639 Test #1210: GridConvergenceTest.SecondOrderSynthetic .................................................................   Passed    0.43 sec
          Start 1212: GridConvergenceTest.UnequalRefinementRatios
1459/1639 Test #1211: GridConvergenceTest.ThirdOrderSynthetic ..................................................................   Passed    0.42 sec
          Start 1213: GridConvergenceTest.RichardsonExactRecovery
1460/1639 Test #1153: ProjectRunnerTest.DivergenceDetectionReportsNumericalFailure .............................................   Passed    1.07 sec
          Start 1214: GridConvergenceTest.GCIKnownCase
1461/1639 Test  #887: ThermalNonOrthogonalTest.CartesianSolveIsBitIdentical ....................................................   Passed    1.93 sec
          Start 1215: GridConvergenceTest.AsymptoticRatio
1462/1639 Test #1058: SpeciesNonOrthogonalTest.NonOrthogonalDiffusion ..........................................................   Passed    1.87 sec
          Start 1216: GridConvergenceTest.OscillatorySequenceDetected
1463/1639 Test #1213: GridConvergenceTest.RichardsonExactRecovery ..............................................................   Passed    0.44 sec
          Start 1217: GridConvergenceTest.DivergingSequenceDetected
1464/1639 Test #1212: GridConvergenceTest.UnequalRefinementRatios ..............................................................   Passed    0.48 sec
          Start 1218: GridConvergenceTest.ZeroDifferenceHandled
1465/1639 Test #1214: GridConvergenceTest.GCIKnownCase .........................................................................   Passed    0.42 sec
          Start 1219: GridConvergenceTest.ZeroSolutionQuantityHasNoRelativeMetrics
1466/1639 Test #1215: GridConvergenceTest.AsymptoticRatio ......................................................................   Passed    0.41 sec
          Start 1220: GridConvergenceTest.InvalidGridSpacingRejected
1467/1639 Test #1216: GridConvergenceTest.OscillatorySequenceDetected ..........................................................   Passed    0.41 sec
          Start 1221: GridConvergenceTest.NonFiniteInputRejected
1468/1639 Test #1220: GridConvergenceTest.InvalidGridSpacingRejected ...........................................................   Passed    0.40 sec
          Start 1222: GridConvergenceTest.GridIndependenceCriterion
1469/1639 Test #1217: GridConvergenceTest.DivergingSequenceDetected ............................................................   Passed    0.47 sec
          Start 1223: GridConvergenceTest.ObservedOrderSolverMatchesClosedFormForEqualRatios
1470/1639 Test #1218: GridConvergenceTest.ZeroDifferenceHandled ................................................................   Passed    0.47 sec
          Start 1224: GridConvergenceStudyTest.RunsCoarseToFineAndAnalysesEveryQuantity
1471/1639 Test #1219: GridConvergenceTest.ZeroSolutionQuantityHasNoRelativeMetrics .............................................   Passed    0.47 sec
          Start 1225: GridConvergenceStudyTest.RejectedSolveInvalidatesTheStudy
1472/1639 Test #1221: GridConvergenceTest.NonFiniteInputRejected ...............................................................   Passed    0.45 sec
          Start 1226: GridConvergenceStudyTest.MissingQuantityIsInvalid
1473/1639 Test #1225: GridConvergenceStudyTest.RejectedSolveInvalidatesTheStudy ................................................   Passed    0.43 sec
          Start 1227: GridConvergenceStudyTest.SimpleSolveGateRejectsInvalidSolves
1474/1639 Test #1222: GridConvergenceTest.GridIndependenceCriterion ............................................................   Passed    0.50 sec
          Start 1228: GridConvergenceStudyTest.DeterministicReport
1475/1639 Test #1223: GridConvergenceTest.ObservedOrderSolverMatchesClosedFormForEqualRatios ...................................   Passed    0.50 sec
          Start 1229: GridConvergenceStudyTest.ReportSchemaValidation
1476/1639 Test #1224: GridConvergenceStudyTest.RunsCoarseToFineAndAnalysesEveryQuantity ........................................   Passed    0.50 sec
          Start 1230: ManufacturedFieldsTest.VelocityIsAnalyticallyDivergenceFree
1477/1639 Test #1226: GridConvergenceStudyTest.MissingQuantityIsInvalid ........................................................   Passed    0.48 sec
          Start 1231: ManufacturedFieldsTest.VelocityDerivativesExact
1478/1639 Test #1227: GridConvergenceStudyTest.SimpleSolveGateRejectsInvalidSolves .............................................   Passed    0.48 sec
          Start 1232: ManufacturedFieldsTest.PressureGradientExact
1479/1639 Test #1230: ManufacturedFieldsTest.VelocityIsAnalyticallyDivergenceFree ..............................................   Passed    0.43 sec
          Start 1233: ManufacturedFieldsTest.MomentumForcingExact
1480/1639 Test #1231: ManufacturedFieldsTest.VelocityDerivativesExact ..........................................................   Passed    0.43 sec
          Start 1234: ManufacturedFieldsTest.ScalarForcingExact
1481/1639 Test #1228: GridConvergenceStudyTest.DeterministicReport .............................................................   Passed    0.51 sec
          Start 1235: ManufacturedFieldsTest.CompressibleForcingExact
1482/1639 Test #1232: ManufacturedFieldsTest.PressureGradientExact .............................................................   Passed    0.10 sec
          Start 1236: ManufacturedFieldsTest.ExactFaceFluxIsDiscretelyDivergenceFree
1483/1639 Test #1233: ManufacturedFieldsTest.MomentumForcingExact ..............................................................   Passed    0.10 sec
          Start 1237: MMSSourceTest.CellVolumeScaling
1484/1639 Test #1234: ManufacturedFieldsTest.ScalarForcingExact ................................................................   Passed    0.09 sec
          Start 1238: MMSSourceTest.RelaxedMomentumSourceIsAPureRhsTerm
1485/1639 Test #1235: ManufacturedFieldsTest.CompressibleForcingExact ..........................................................   Passed    0.10 sec
          Start 1239: MMSSourceTest.SolversRejectMalformedSourceFields
1486/1639 Test #1229: GridConvergenceStudyTest.ReportSchemaValidation ..........................................................   Passed    0.63 sec
          Start 1240: MMSErrorNormsTest.KnownField
1487/1639 Test #1236: ManufacturedFieldsTest.ExactFaceFluxIsDiscretelyDivergenceFree ...........................................   Passed    0.10 sec
          Start 1241: MMSErrorNormsTest.PressureGaugeRemoval
1488/1639 Test #1237: MMSSourceTest.CellVolumeScaling ..........................................................................   Passed    0.10 sec
          Start 1242: MMSStudyTest.OrdersComeFromTheSharedGridConvergenceAnalysis
1489/1639 Test #1238: MMSSourceTest.RelaxedMomentumSourceIsAPureRhsTerm ........................................................   Passed    0.11 sec
          Start 1243: MMSStudyTest.ReportIsDeterministicExceptRuntime
1490/1639 Test #1239: MMSSourceTest.SolversRejectMalformedSourceFields .........................................................   Passed    0.09 sec
          Start 1244: SampleErrorNormsTest.KnownValues
1491/1639 Test #1241: MMSErrorNormsTest.PressureGaugeRemoval ...................................................................   Passed    0.07 sec
          Start 1245: ProductionValidationTest.PassedRequiresAcceptanceAndEveryCheck
1492/1639 Test #1240: MMSErrorNormsTest.KnownField .............................................................................   Passed    0.11 sec
          Start 1246: ProductionValidationTest.MakeSimpleRunRecordsSolverAndCost
1493/1639 Test #1242: MMSStudyTest.OrdersComeFromTheSharedGridConvergenceAnalysis ..............................................   Passed    0.10 sec
          Start 1247: ProductionValidationTest.SimpleCountsLinearIterations
1494/1639 Test #1244: SampleErrorNormsTest.KnownValues .........................................................................   Passed    0.09 sec
          Start 1248: ProductionValidationTest.GridStudyEntryAndSequenceOrder
1495/1639 Test #1245: ProductionValidationTest.PassedRequiresAcceptanceAndEveryCheck ...........................................   Passed    0.09 sec
          Start 1249: ProductionValidationTest.ReportIsDeterministicExceptRuntime
1496/1639 Test #1243: MMSStudyTest.ReportIsDeterministicExceptRuntime ..........................................................   Passed    0.14 sec
          Start 1260: SIMPLESettingsTest.NonOrthogonalOptionsFollowTheCorrectionCountAndGradientScheme
1497/1639 Test #1248: ProductionValidationTest.GridStudyEntryAndSequenceOrder ..................................................   Passed    0.08 sec
          Start 1280: VelocityCorrectionTest.DefaultGradientSchemeArgumentMatchesExplicitGreenGauss
1498/1639 Test #1260: SIMPLESettingsTest.NonOrthogonalOptionsFollowTheCorrectionCountAndGradientScheme .........................   Passed    0.08 sec
          Start 1281: VelocityCorrectionTest.LeastSquaresSchemeIsWiredThroughAndMatchesOnInteriorCells
1499/1639 Test #1280: VelocityCorrectionTest.DefaultGradientSchemeArgumentMatchesExplicitGreenGauss ............................   Passed    0.07 sec
          Start 1330: SIMPLENonOrthogonalTest.DefaultSettingsDisableTheCorrection
1500/1639 Test #1249: ProductionValidationTest.ReportIsDeterministicExceptRuntime ..............................................   Passed    0.15 sec
          Start 1331: SIMPLENonOrthogonalTest.CartesianExtraPassesOnlyDifferByLinearSolverTolerance
1501/1639 Test #1281: VelocityCorrectionTest.LeastSquaresSchemeIsWiredThroughAndMatchesOnInteriorCells .........................   Passed    0.08 sec
          Start 1332: SIMPLENonOrthogonalTest.NonOrthogonalCorrectionsZeroPreservesBaseline
1502/1639 Test #1330: SIMPLENonOrthogonalTest.DefaultSettingsDisableTheCorrection ..............................................   Passed    0.08 sec
          Start 1333: SIMPLENonOrthogonalTest.DistortedMeshMild
1503/1639 Test  #886: ThermalNonOrthogonalTest.NonOrthogonalDiffusion ..........................................................   Passed    5.22 sec
          Start 1334: SIMPLENonOrthogonalTest.DistortedMeshModerate
1504/1639 Test  #888: ThermalNonOrthogonalTest.PrescribedFluxWallsKeepEnergyBalance ............................................   Passed    5.38 sec
          Start 1335: SIMPLENonOrthogonalTest.DistortedMeshStrong
1505/1639 Test #1331: SIMPLENonOrthogonalTest.CartesianExtraPassesOnlyDifferByLinearSolverTolerance ............................   Passed    5.95 sec
          Start 1336: SIMPLENonOrthogonalTest.NonOrthogonalMassConservation
1506/1639 Test #1154: ProjectRunnerTest.StagnationDetectionReportsDidNotConverge ...............................................   Passed   10.81 sec
          Start 1337: SIMPLENonOrthogonalTest.NonOrthogonalDeterministic
1507/1639 Test #1246: ProductionValidationTest.MakeSimpleRunRecordsSolverAndCost ...............................................   Passed   11.60 sec
          Start 1338: SIMPLENonOrthogonalTest.NonOrthogonalCorrectionPassCount
1508/1639 Test #1338: SIMPLENonOrthogonalTest.NonOrthogonalCorrectionPassCount .................................................   Passed    0.79 sec
          Start 1339: SIMPLENonOrthogonalTest.CorrectedSolveIsCloserToExactCouetteFlowOnDistortedMesh
1509/1639 Test #1455: CavityGhiaValidation.Grid20x20ConvergesAndMatchesGhia ....................................................   Passed  210.34 sec
          Start 1340: NonOrthogonalCorrectionPassesTest.AtMostOnePassRunsNothing
1510/1639 Test #1340: NonOrthogonalCorrectionPassesTest.AtMostOnePassRunsNothing ...............................................   Passed    0.11 sec
          Start 1341: NonOrthogonalCorrectionPassesTest.PassesExecuteAndTheCorrectorIterationConverges
1511/1639 Test #1341: NonOrthogonalCorrectionPassesTest.PassesExecuteAndTheCorrectorIterationConverges .........................   Passed    0.39 sec
          Start 1342: NonOrthogonalCorrectionPassesTest.PassesChangeOnlyTheRightHandSide
1512/1639 Test #1342: NonOrthogonalCorrectionPassesTest.PassesChangeOnlyTheRightHandSide .......................................   Passed    0.13 sec
          Start 1343: NonOrthogonalCorrectionPassesTest.Deterministic
1513/1639 Test #1343: NonOrthogonalCorrectionPassesTest.Deterministic ..........................................................   Passed    0.33 sec
          Start 1344: PressureCorrectionNonOrthogonalTest.CartesianCompatibility
1514/1639 Test #1344: PressureCorrectionNonOrthogonalTest.CartesianCompatibility ...............................................   Passed    0.08 sec
          Start 1345: PressureCorrectionNonOrthogonalTest.NonOrthogonalInternalFace
1515/1639 Test #1345: PressureCorrectionNonOrthogonalTest.NonOrthogonalInternalFace ............................................   Passed    0.09 sec
          Start 1346: PressureCorrectionNonOrthogonalTest.NonOrthogonalConservation
1516/1639 Test #1346: PressureCorrectionNonOrthogonalTest.NonOrthogonalConservation ............................................   Passed    0.10 sec
          Start 1347: PressureCorrectionNonOrthogonalTest.NonOrthogonalBoundary
1517/1639 Test #1347: PressureCorrectionNonOrthogonalTest.NonOrthogonalBoundary ................................................   Passed    0.07 sec
          Start 1348: PressureCorrectionNonOrthogonalTest.DegenerateGeometryRejected
1518/1639 Test #1348: PressureCorrectionNonOrthogonalTest.DegenerateGeometryRejected ...........................................   Passed    0.09 sec
          Start 1349: SIMPLERobustnessTest.DefaultRobustnessPreservesBaseline
1519/1639 Test #1247: ProductionValidationTest.SimpleCountsLinearIterations ....................................................   Passed   22.57 sec
          Start 1350: SIMPLERobustnessTest.NormalizedResidualConvergence
1520/1639 Test #1349: SIMPLERobustnessTest.DefaultRobustnessPreservesBaseline ..................................................   Passed    4.84 sec
          Start 1351: SIMPLERobustnessTest.StagnationStatus
1521/1639 Test #1481: PoiseuilleValidation.Grid64x8IsDeterministic .............................................................   Passed  198.49 sec
          Start 1352: SIMPLERobustnessTest.NormalConvergenceIsNotStagnationOrDivergence
1522/1639 Test #1332: SIMPLENonOrthogonalTest.NonOrthogonalCorrectionsZeroPreservesBaseline ....................................   Passed   35.31 sec
          Start 1353: SIMPLERobustnessTest.DivergenceStatus
1523/1639 Test #1290: SIMPLEConvergenceTest.CavityRe100_20x20Converges .........................................................   Passed  218.47 sec
          Start 1354: SIMPLERobustnessTest.AdaptiveRelaxationRecovery
1524/1639 Test #1353: SIMPLERobustnessTest.DivergenceStatus ....................................................................   Passed    0.60 sec
          Start 1355: SIMPLERobustnessTest.LinearSolverFallbackRecovery
1525/1639 Test #1355: SIMPLERobustnessTest.LinearSolverFallbackRecovery ........................................................   Passed   13.86 sec
          Start 1356: SIMPLERobustnessTest.Deterministic
1526/1639 Test #1350: SIMPLERobustnessTest.NormalizedResidualConvergence .......................................................   Passed   29.73 sec
          Start 1357: SIMPLERobustnessTest.InvalidRobustnessSettingsAreInvalidConfiguration
1527/1639 Test #1357: SIMPLERobustnessTest.InvalidRobustnessSettingsAreInvalidConfiguration ....................................   Passed    0.06 sec
          Start 1358: SIMPLERobustnessTest.BookkeepingOverheadIsSmall
1528/1639 Test #1352: SIMPLERobustnessTest.NormalConvergenceIsNotStagnationOrDivergence ........................................   Passed   25.45 sec
          Start 1427: CompressibleRelaxedMomentumTest.AlphaOneMatchesUnrelaxedCompressibleMomentumComponentExactly
1529/1639 Test #1427: CompressibleRelaxedMomentumTest.AlphaOneMatchesUnrelaxedCompressibleMomentumComponentExactly .............   Passed    0.33 sec
          Start 1428: CompressibleRelaxedMomentumTest.RelaxationMatchesHandDerivedPatankarFormula
1530/1639 Test #1428: CompressibleRelaxedMomentumTest.RelaxationMatchesHandDerivedPatankarFormula ..............................   Passed    0.33 sec
          Start 1429: CompressibleRelaxedMomentumTest.MismatchedVelocitySizeThrows
1531/1639 Test #1429: CompressibleRelaxedMomentumTest.MismatchedVelocitySizeThrows .............................................   Passed    0.34 sec
          Start 1430: CompressibleRelaxedMomentumTest.MismatchedMassFluxSizeThrows
1532/1639 Test #1430: CompressibleRelaxedMomentumTest.MismatchedMassFluxSizeThrows .............................................   Passed    0.32 sec
          Start 1431: CompressibleRelaxedMomentumTest.RejectsNonPositivePseudoTimeStep
1533/1639 Test #1431: CompressibleRelaxedMomentumTest.RejectsNonPositivePseudoTimeStep .........................................   Passed    0.33 sec
          Start 1432: CompressiblePressureCorrectionTest.NegligibleCompressibilityMatchesIncompressibleEquation
1534/1639 Test #1432: CompressiblePressureCorrectionTest.NegligibleCompressibilityMatchesIncompressibleEquation ................   Passed    0.32 sec
          Start 1433: CompressiblePressureCorrectionTest.CompressibilityDiagonalMatchesHandFormula
1535/1639 Test #1433: CompressiblePressureCorrectionTest.CompressibilityDiagonalMatchesHandFormula .............................   Passed    0.31 sec
          Start 1434: CompressiblePressureCorrectionTest.MismatchedPredictorMassFluxSizeThrows
1536/1639 Test #1434: CompressiblePressureCorrectionTest.MismatchedPredictorMassFluxSizeThrows .................................   Passed    0.32 sec
          Start 1435: CompressiblePressureCorrectionTest.RejectsNonPositivePseudoTimeStep
1537/1639 Test #1435: CompressiblePressureCorrectionTest.RejectsNonPositivePseudoTimeStep ......................................   Passed    0.33 sec
          Start 1436: CompressiblePressureCorrectionTest.RejectsOutOfRangeReferenceCell
1538/1639 Test #1436: CompressiblePressureCorrectionTest.RejectsOutOfRangeReferenceCell ........................................   Passed    0.33 sec
          Start 1437: CompressiblePressureCorrectionTest.OpenBoundaryDoesNotPinReferenceCell
1539/1639 Test #1437: CompressiblePressureCorrectionTest.OpenBoundaryDoesNotPinReferenceCell ...................................   Passed    0.32 sec
          Start 1438: CompressibleSimpleTest.ReducesToIncompressibleSimpleWithNegligibleCompressibility
1540/1639 Test #1354: SIMPLERobustnessTest.AdaptiveRelaxationRecovery ..........................................................   Passed   22.00 sec
          Start 1439: CompressibleSimpleTest.TinyCavityConvergesWithGenuineCompressibility
1541/1639 Test #1439: CompressibleSimpleTest.TinyCavityConvergesWithGenuineCompressibility .....................................   Passed    1.37 sec
          Start 1440: CompressibleSimpleTest.RepeatedRunIsDeterministic
1542/1639 Test #1438: CompressibleSimpleTest.ReducesToIncompressibleSimpleWithNegligibleCompressibility ........................   Passed    2.59 sec
          Start 1441: CompressibleSimpleTest.InvalidSettingsReportInvalidConfiguration
1543/1639 Test #1441: CompressibleSimpleTest.InvalidSettingsReportInvalidConfiguration .........................................   Passed    0.06 sec
          Start 1442: CompressibleSimpleTest.InitialStateOutsideEosDomainReportsInvalidConfiguration
1544/1639 Test #1442: CompressibleSimpleTest.InitialStateOutsideEosDomainReportsInvalidConfiguration ...........................   Passed    0.06 sec
          Start 1443: CompressibleSimpleTest.NonPhysicalPressureTransientReportsNonFiniteState
1545/1639 Test #1443: CompressibleSimpleTest.NonPhysicalPressureTransientReportsNonFiniteState .................................   Passed    0.08 sec
          Start 1444: CompressibleSimpleTest.MismatchedInitialFieldSizeReportsInvalidConfiguration
1546/1639 Test #1444: CompressibleSimpleTest.MismatchedInitialFieldSizeReportsInvalidConfiguration .............................   Passed    0.05 sec
          Start 1445: CompressibleSimpleSettingsTest.RejectsZeroMaxIterations
1547/1639 Test #1445: CompressibleSimpleSettingsTest.RejectsZeroMaxIterations ..................................................   Passed    0.06 sec
          Start 1446: CompressibleSimpleSettingsTest.RejectsNonPositivePseudoTimeStep
1548/1639 Test #1446: CompressibleSimpleSettingsTest.RejectsNonPositivePseudoTimeStep ..........................................   Passed    0.06 sec
          Start 1447: CompressibleSimpleSettingsTest.RejectsOutOfRangeRelaxation
1549/1639 Test #1447: CompressibleSimpleSettingsTest.RejectsOutOfRangeRelaxation ...............................................   Passed    0.04 sec
          Start 1448: CompressibleSIMPLENonOrthogonalTest.CartesianCompatibility
1550/1639 Test #1448: CompressibleSIMPLENonOrthogonalTest.CartesianCompatibility ...............................................   Passed    0.48 sec
          Start 1449: CompressibleSIMPLENonOrthogonalTest.NonOrthogonalPressureCorrection
1551/1639 Test #1440: CompressibleSimpleTest.RepeatedRunIsDeterministic ........................................................   Passed    2.28 sec
          Start 1450: CompressibleSIMPLENonOrthogonalTest.NonOrthogonalOpenChannel
1552/1639 Test #1336: SIMPLENonOrthogonalTest.NonOrthogonalMassConservation ....................................................   Passed   58.83 sec
          Start 1451: CompressibleSIMPLENonOrthogonalTest.LowMachRegression
1553/1639 Test #1580: ChannelFlowValidation.LaminarControlDiffersSubstantiallyFromKEpsilon .....................................   Passed  641.70 sec
          Start 1452: CompressibleSIMPLERobustnessTest.RobustnessRegression
1554/1639 Test #1449: CompressibleSIMPLENonOrthogonalTest.NonOrthogonalPressureCorrection ......................................   Passed   17.37 sec
          Start 1453: CompressibleSIMPLERobustnessTest.FallbackRecovery
1555/1639 Test #1358: SIMPLERobustnessTest.BookkeepingOverheadIsSmall ..........................................................   Passed   26.20 sec
          Start 1454: CompressibleSIMPLERobustnessTest.LowMachRegression
1556/1639 Test #1356: SIMPLERobustnessTest.Deterministic .......................................................................   Passed   30.97 sec
          Start 1456: CavityGhiaValidation.Grid40x40ConvergesAndMatchesGhia
1557/1639 Test #1456: CavityGhiaValidation.Grid40x40ConvergesAndMatchesGhia ....................................................***Not Run (Disabled)   0.00 sec
          Start 1457: CavityGhiaValidation.Grid80x80ConvergesAndMatchesGhia
1558/1639 Test #1457: CavityGhiaValidation.Grid80x80ConvergesAndMatchesGhia ....................................................***Not Run (Disabled)   0.00 sec
          Start 1458: CavityGhiaValidation.GridConvergence
1559/1639 Test #1458: CavityGhiaValidation.GridConvergence .....................................................................***Not Run (Disabled)   0.00 sec
          Start 1460: CavityGhiaValidation.Re100Grid20
1560/1639 Test #1337: SIMPLENonOrthogonalTest.NonOrthogonalDeterministic .......................................................   Passed   73.67 sec
          Start 1461: CavityGhiaValidation.Re100Grid40
1561/1639 Test #1461: CavityGhiaValidation.Re100Grid40 .........................................................................***Not Run (Disabled)   0.00 sec
          Start 1462: CavityGhiaValidation.Re100Grid80
1562/1639 Test #1462: CavityGhiaValidation.Re100Grid80 .........................................................................***Not Run (Disabled)   0.00 sec
          Start 1463: CavityGhiaValidation.Re100Grid160
1563/1639 Test #1463: CavityGhiaValidation.Re100Grid160 ........................................................................***Not Run (Disabled)   0.00 sec
          Start 1464: CavityGhiaValidation.Re1000Grid40
1564/1639 Test #1464: CavityGhiaValidation.Re1000Grid40 ........................................................................***Not Run (Disabled)   0.00 sec
          Start 1465: CavityGhiaValidation.Re1000Grid80
1565/1639 Test #1465: CavityGhiaValidation.Re1000Grid80 ........................................................................***Not Run (Disabled)   0.00 sec
          Start 1466: CavityGhiaValidation.Re1000Grid160
1566/1639 Test #1466: CavityGhiaValidation.Re1000Grid160 .......................................................................***Not Run (Disabled)   0.00 sec
          Start 1467: CavityGhiaValidation.Re100Study
1567/1639 Test #1467: CavityGhiaValidation.Re100Study ..........................................................................***Not Run (Disabled)   0.00 sec
          Start 1468: CavityGhiaValidation.Re1000Study
1568/1639 Test #1468: CavityGhiaValidation.Re1000Study .........................................................................***Not Run (Disabled)   0.00 sec
          Start 1469: SchemeValidation.Upwind
1569/1639 Test #1454: CompressibleSIMPLERobustnessTest.LowMachRegression .......................................................   Passed    8.63 sec
          Start 1470: SchemeValidation.Central
1570/1639 Test #1451: CompressibleSIMPLENonOrthogonalTest.LowMachRegression ....................................................   Passed   28.76 sec
          Start 1471: SchemeValidation.LinearUpwind
1571/1639 Test #1453: CompressibleSIMPLERobustnessTest.FallbackRecovery ........................................................   Passed   23.34 sec
          Start 1472: SchemeValidation.Quick
1572/1639 Test #1351: SIMPLERobustnessTest.StagnationStatus ....................................................................   Passed   81.72 sec
          Start 1473: SchemeValidation.AccuracyCostComparison
1573/1639 Test #1333: SIMPLENonOrthogonalTest.DistortedMeshMild ................................................................   Passed  109.03 sec
          Start 1474: SchemeValidation.AccuracyCostComparisonFull
1574/1639 Test #1474: SchemeValidation.AccuracyCostComparisonFull ..............................................................***Not Run (Disabled)   0.00 sec
          Start 1478: PoiseuilleValidation.Grid128x16ConvergesAndMatchesAnalyticalProfile
1575/1639 Test #1478: PoiseuilleValidation.Grid128x16ConvergesAndMatchesAnalyticalProfile ......................................***Not Run (Disabled)   0.00 sec
          Start 1479: PoiseuilleValidation.Grid256x32ConvergesAndMatchesAnalyticalProfile
1576/1639 Test #1479: PoiseuilleValidation.Grid256x32ConvergesAndMatchesAnalyticalProfile ......................................***Not Run (Disabled)   0.00 sec
          Start 1480: PoiseuilleValidation.GridConvergence
1577/1639 Test #1452: CompressibleSIMPLERobustnessTest.RobustnessRegression ....................................................   Passed   37.62 sec
          Start 1482: PoiseuilleValidation.Profile
1578/1639 Test #1334: SIMPLENonOrthogonalTest.DistortedMeshModerate ............................................................   Passed  109.31 sec
          Start 1483: PoiseuilleValidation.MassFlow
1579/1639 Test #1459: CavityGhiaValidation.Grid20x20IsDeterministic ............................................................   Passed  427.60 sec
          Start 1484: PoiseuilleValidation.PressureDrop
1580/1639 Test #1450: CompressibleSIMPLENonOrthogonalTest.NonOrthogonalOpenChannel .............................................   Passed   61.61 sec
          Start 1485: PoiseuilleValidation.ProductionGridConvergence
1581/1639 Test #1497: TwoMaterialConductionValidation.Grid80MatchesAnalyticalSolution ..........................................   Passed  747.55 sec
          Start 1508: NaturalConvectionValidation.Grid20x20MatchesDeVahlDavisRa1e3
1582/1639 Test #1508: NaturalConvectionValidation.Grid20x20MatchesDeVahlDavisRa1e3 .............................................***Not Run (Disabled)   0.00 sec
          Start 1509: NaturalConvectionValidation.GridConvergence
1583/1639 Test #1335: SIMPLENonOrthogonalTest.DistortedMeshStrong ..............................................................   Passed  209.91 sec
          Start 1514: CaseLidDrivenCavityIntegrationTest.ProductionCaseLoadsBuildsAndConverges
1584/1639 Test #1514: CaseLidDrivenCavityIntegrationTest.ProductionCaseLoadsBuildsAndConverges .................................***Not Run (Disabled)   0.00 sec
          Start 1532: CompressibleProductionCaseTest.OutletBoundaryMassFluxUsesReferencePressureDensity
1585/1639 Test #1507: NaturalConvectionValidation.Grid15x15MatchesDeVahlDavisRa1e3 .............................................   Passed  797.35 sec
          Start 1537: CompressibleCoupledProductionCaseTest.DispatchesToCompressibleSimpleAndConverges
1586/1639 Test #1339: SIMPLENonOrthogonalTest.CorrectedSolveIsCloserToExactCouetteFlowOnDistortedMesh ..........................   Passed  230.78 sec
          Start 1538: CompressibleCoupledProductionCaseTest.MassFlowRateIsConservedAtEveryInternalCrossSection
1587/1639 Test #1483: PoiseuilleValidation.MassFlow ............................................................................   Passed  159.20 sec
          Start 1539: CompressibleCoupledProductionCaseTest.MatchesArkilicIsothermalLubricationPressureProfile
1588/1639 Test #1482: PoiseuilleValidation.Profile .............................................................................   Passed  159.36 sec
          Start 1540: CompressibleCoupledProductionCaseTest.ExportsCoupledCompressibleFields
1589/1639 Test #1532: CompressibleProductionCaseTest.OutletBoundaryMassFluxUsesReferencePressureDensity ........................   Passed   67.42 sec
          Start 1541: CompressibleCoupledProductionCaseTest.RepeatedRunIsDeterministic
1590/1639 Test #1484: PoiseuilleValidation.PressureDrop ........................................................................   Passed  159.48 sec
          Start 1542: CompressibleCoupledProductionCaseTest.NonCoupledCaseStillUsesPostHocPathUnchanged
1591/1639 Test #1581: ChannelFlowValidation.AllFourModelsProduceDistinctMuTAndNames ............................................   Passed  862.76 sec
          Start 1543: HeatedSpeciesDiffusionProductionCaseTest.RunsEndToEndAndConverges
1592/1639 Test #1543: HeatedSpeciesDiffusionProductionCaseTest.RunsEndToEndAndConverges ........................................   Passed    2.07 sec
          Start 1544: HeatedSpeciesDiffusionProductionCaseTest.BothFieldsMatchAnalyticalProfilesSimultaneously
1593/1639 Test #1544: HeatedSpeciesDiffusionProductionCaseTest.BothFieldsMatchAnalyticalProfilesSimultaneously .................   Passed    2.04 sec
          Start 1545: HeatedSpeciesDiffusionProductionCaseTest.BothFieldsConserveFluxIndependently
1594/1639 Test #1545: HeatedSpeciesDiffusionProductionCaseTest.BothFieldsConserveFluxIndependently .............................   Passed    1.94 sec
          Start 1546: HeatedSpeciesDiffusionProductionCaseTest.ExportsBothFieldsToCsvVtkAndJson
1595/1639 Test #1469: SchemeValidation.Upwind ..................................................................................   Passed  219.74 sec
          Start 1547: HeatedSpeciesDiffusionProductionCaseTest.RepeatedRunsAreDeterministic
1596/1639 Test #1546: HeatedSpeciesDiffusionProductionCaseTest.ExportsBothFieldsToCsvVtkAndJson ................................   Passed    1.98 sec
          Start 1572: ChannelFlowValidation.KEpsilonFineConvergesAndMatchesLogLaw
1597/1639 Test #1572: ChannelFlowValidation.KEpsilonFineConvergesAndMatchesLogLaw ..............................................***Not Run (Disabled)   0.00 sec
          Start 1575: ChannelFlowValidation.KOmegaFineConvergesAndMatchesLogLaw
1598/1639 Test #1575: ChannelFlowValidation.KOmegaFineConvergesAndMatchesLogLaw ................................................***Not Run (Disabled)   0.00 sec
          Start 1578: ChannelFlowValidation.SSTFineConvergesAndMatchesLogLaw
1599/1639 Test #1578: ChannelFlowValidation.SSTFineConvergesAndMatchesLogLaw ...................................................***Not Run (Disabled)   0.00 sec
          Start 1579: ChannelFlowValidation.KEpsilonGridRefinementReducesReTauError
1600/1639 Test #1579: ChannelFlowValidation.KEpsilonGridRefinementReducesReTauError ............................................***Not Run (Disabled)   0.00 sec
          Start 1584: TurbulentChannelValidation.ReTau180
1601/1639 Test #1547: HeatedSpeciesDiffusionProductionCaseTest.RepeatedRunsAreDeterministic ....................................   Passed    3.78 sec
          Start 1585: TurbulentChannelValidation.LogLaw
1602/1639 Test #1470: SchemeValidation.Central .................................................................................   Passed  225.86 sec
          Start 1586: TurbulentChannelValidation.Study
1603/1639 Test #1586: TurbulentChannelValidation.Study .........................................................................***Not Run (Disabled)   0.00 sec
          Start 1619: ScalarMMS.AdvectionDiffusionConverges
1604/1639 Test #1460: CavityGhiaValidation.Re100Grid20 .........................................................................   Passed  234.27 sec
          Start 1620: ScalarMMS.DistortedMeshNonOrthogonalCorrection
1605/1639 Test #1472: SchemeValidation.Quick ...................................................................................   Passed  232.80 sec
          Start 1621: MomentumMMS.UConverges
1606/1639 Test #1471: SchemeValidation.LinearUpwind ............................................................................   Passed  243.86 sec
          Start 1622: MomentumMMS.VConverges
1607/1639 Test #1542: CompressibleCoupledProductionCaseTest.NonCoupledCaseStillUsesPostHocPathUnchanged ........................   Passed   67.27 sec
          Start 1623: MomentumMMS.PressureGradientBalance
1608/1639 Test #1623: MomentumMMS.PressureGradientBalance ......................................................................   Passed    1.25 sec
          Start 1624: MomentumMMS.DistortedMesh
1609/1639 Test #1620: ScalarMMS.DistortedMeshNonOrthogonalCorrection ...........................................................   Passed   54.79 sec
          Start 1625: ContinuityMMS.DivergenceFreeField
1610/1639 Test #1625: ContinuityMMS.DivergenceFreeField ........................................................................   Passed    0.42 sec
          Start 1626: SIMPLEMMS.ConvergesFromNonExactInitialCondition
1611/1639 Test #1619: ScalarMMS.AdvectionDiffusionConverges ....................................................................   Passed   98.17 sec
          Start 1627: SIMPLEMMS.VelocityConvergesAtExpectedOrder
1612/1639 Test #1626: SIMPLEMMS.ConvergesFromNonExactInitialCondition ..........................................................   Passed  172.88 sec
          Start 1628: SIMPLEMMS.PressureConvergesAtExpectedOrder
1613/1639 Test #1621: MomentumMMS.UConverges ...................................................................................   Passed  290.53 sec
          Start 1629: SIMPLEMMS.ContinuityConverges
1614/1639 Test #1622: MomentumMMS.VConverges ...................................................................................   Passed  294.56 sec
          Start 1630: SIMPLEMMS.GlobalMassBalance
1615/1639 Test #1624: MomentumMMS.DistortedMesh ................................................................................   Passed  410.53 sec
          Start 1631: SIMPLEMMS.Deterministic
1616/1639 Test #1631: SIMPLEMMS.Deterministic ..................................................................................   Passed   20.25 sec
          Start 1632: SIMPLEMMS.DistortedMesh
1617/1639 Test #1584: TurbulentChannelValidation.ReTau180 ......................................................................   Passed  506.87 sec
          Start 1633: SIMPLEMMS.FineGridStudy
1618/1639 Test #1633: SIMPLEMMS.FineGridStudy ..................................................................................***Not Run (Disabled)   0.00 sec
          Start 1634: CompressibleSimpleMMS.SystemConvergence
1619/1639 Test #1585: TurbulentChannelValidation.LogLaw ........................................................................   Passed  505.91 sec
          Start 1635: BackwardFacingStep.Geometry
1620/1639 Test #1635: BackwardFacingStep.Geometry ..............................................................................   Passed    0.52 sec
          Start 1636: BackwardFacingStep.ReattachmentDetection
1621/1639 Test #1636: BackwardFacingStep.ReattachmentDetection .................................................................   Passed    0.46 sec
          Start 1637: BackwardFacingStep.Converges
1622/1639 Test #1637: BackwardFacingStep.Converges .............................................................................***Not Run (Disabled)   0.00 sec
          Start 1638: BackwardFacingStep.MassConservation
1623/1639 Test #1638: BackwardFacingStep.MassConservation ......................................................................***Not Run (Disabled)   0.00 sec
          Start 1639: BackwardFacingStep.ReattachmentLength
1624/1639 Test #1639: BackwardFacingStep.ReattachmentLength ....................................................................***Not Run (Disabled)   0.00 sec
1625/1639 Test #1473: SchemeValidation.AccuracyCostComparison ..................................................................   Passed  920.26 sec
1626/1639 Test #1630: SIMPLEMMS.GlobalMassBalance ..............................................................................   Passed  466.26 sec
1627/1639 Test #1480: PoiseuilleValidation.GridConvergence .....................................................................   Passed  1074.59 sec
1628/1639 Test #1485: PoiseuilleValidation.ProductionGridConvergence ...........................................................   Passed  1071.75 sec
1629/1639 Test #1629: SIMPLEMMS.ContinuityConverges ............................................................................   Passed  645.45 sec
1630/1639 Test #1634: CompressibleSimpleMMS.SystemConvergence ..................................................................   Passed  529.95 sec
1631/1639 Test #1627: SIMPLEMMS.VelocityConvergesAtExpectedOrder ...............................................................   Passed  1075.31 sec
1632/1639 Test #1628: SIMPLEMMS.PressureConvergesAtExpectedOrder ...............................................................   Passed  1042.95 sec
1633/1639 Test #1509: NaturalConvectionValidation.GridConvergence ..............................................................***Timeout 1500.13 sec
Running main() from <repo>/build/asan/_deps/googletest-src/googletest/src/gtest_main.cc
Note: Google Test filter = NaturalConvectionValidation.GridConvergence
[==========] Running 1 test from 1 test suite.
[----------] Global test environment set-up.
[----------] 1 test from NaturalConvectionValidation
[ RUN      ] NaturalConvectionValidation.GridConvergence

1634/1639 Test #1537: CompressibleCoupledProductionCaseTest.DispatchesToCompressibleSimpleAndConverges .........................***Timeout 1500.08 sec
Running main() from <repo>/build/asan/_deps/googletest-src/googletest/src/gtest_main.cc
Note: Google Test filter = CompressibleCoupledProductionCaseTest.DispatchesToCompressibleSimpleAndConverges
[==========] Running 1 test from 1 test suite.
[----------] Global test environment set-up.
[----------] 1 test from CompressibleCoupledProductionCaseTest
[ RUN      ] CompressibleCoupledProductionCaseTest.DispatchesToCompressibleSimpleAndConverges

1635/1639 Test #1538: CompressibleCoupledProductionCaseTest.MassFlowRateIsConservedAtEveryInternalCrossSection .................***Timeout 1500.05 sec
Running main() from <repo>/build/asan/_deps/googletest-src/googletest/src/gtest_main.cc
Note: Google Test filter = CompressibleCoupledProductionCaseTest.MassFlowRateIsConservedAtEveryInternalCrossSection
[==========] Running 1 test from 1 test suite.
[----------] Global test environment set-up.
[----------] 1 test from CompressibleCoupledProductionCaseTest
[ RUN      ] CompressibleCoupledProductionCaseTest.MassFlowRateIsConservedAtEveryInternalCrossSection

1636/1639 Test #1539: CompressibleCoupledProductionCaseTest.MatchesArkilicIsothermalLubricationPressureProfile .................***Timeout 1500.04 sec
Running main() from <repo>/build/asan/_deps/googletest-src/googletest/src/gtest_main.cc
Note: Google Test filter = CompressibleCoupledProductionCaseTest.MatchesArkilicIsothermalLubricationPressureProfile
[==========] Running 1 test from 1 test suite.
[----------] Global test environment set-up.
[----------] 1 test from CompressibleCoupledProductionCaseTest
[ RUN      ] CompressibleCoupledProductionCaseTest.MatchesArkilicIsothermalLubricationPressureProfile

1637/1639 Test #1540: CompressibleCoupledProductionCaseTest.ExportsCoupledCompressibleFields ...................................***Timeout 1500.03 sec
Running main() from <repo>/build/asan/_deps/googletest-src/googletest/src/gtest_main.cc
Note: Google Test filter = CompressibleCoupledProductionCaseTest.ExportsCoupledCompressibleFields
[==========] Running 1 test from 1 test suite.
[----------] Global test environment set-up.
[----------] 1 test from CompressibleCoupledProductionCaseTest
[ RUN      ] CompressibleCoupledProductionCaseTest.ExportsCoupledCompressibleFields

1638/1639 Test #1541: CompressibleCoupledProductionCaseTest.RepeatedRunIsDeterministic .........................................***Timeout 1500.09 sec
Running main() from <repo>/build/asan/_deps/googletest-src/googletest/src/gtest_main.cc
Note: Google Test filter = CompressibleCoupledProductionCaseTest.RepeatedRunIsDeterministic
[==========] Running 1 test from 1 test suite.
[----------] Global test environment set-up.
[----------] 1 test from CompressibleCoupledProductionCaseTest
[ RUN      ] CompressibleCoupledProductionCaseTest.RepeatedRunIsDeterministic

1639/1639 Test #1632: SIMPLEMMS.DistortedMesh ..................................................................................   Passed  1422.62 sec

99% tests passed, 6 tests failed out of 1614

Label Time Summary:
integration    =  24.68 sec*proc (29 tests)
numerical      = 152.05 sec*proc (442 tests)
solver         = 1591.20 sec*proc (205 tests)
unit           = 372.69 sec*proc (800 tests)
validation     = 30602.47 sec*proc (163 tests)

Total Test time (real) = 2771.63 sec

The following tests did not run:
	1456 - CavityGhiaValidation.Grid40x40ConvergesAndMatchesGhia (Disabled)
	1457 - CavityGhiaValidation.Grid80x80ConvergesAndMatchesGhia (Disabled)
	1458 - CavityGhiaValidation.GridConvergence (Disabled)
	1461 - CavityGhiaValidation.Re100Grid40 (Disabled)
	1462 - CavityGhiaValidation.Re100Grid80 (Disabled)
	1463 - CavityGhiaValidation.Re100Grid160 (Disabled)
	1464 - CavityGhiaValidation.Re1000Grid40 (Disabled)
	1465 - CavityGhiaValidation.Re1000Grid80 (Disabled)
	1466 - CavityGhiaValidation.Re1000Grid160 (Disabled)
	1467 - CavityGhiaValidation.Re100Study (Disabled)
	1468 - CavityGhiaValidation.Re1000Study (Disabled)
	1474 - SchemeValidation.AccuracyCostComparisonFull (Disabled)
	1478 - PoiseuilleValidation.Grid128x16ConvergesAndMatchesAnalyticalProfile (Disabled)
	1479 - PoiseuilleValidation.Grid256x32ConvergesAndMatchesAnalyticalProfile (Disabled)
	1508 - NaturalConvectionValidation.Grid20x20MatchesDeVahlDavisRa1e3 (Disabled)
	1514 - CaseLidDrivenCavityIntegrationTest.ProductionCaseLoadsBuildsAndConverges (Disabled)
	1572 - ChannelFlowValidation.KEpsilonFineConvergesAndMatchesLogLaw (Disabled)
	1575 - ChannelFlowValidation.KOmegaFineConvergesAndMatchesLogLaw (Disabled)
	1578 - ChannelFlowValidation.SSTFineConvergesAndMatchesLogLaw (Disabled)
	1579 - ChannelFlowValidation.KEpsilonGridRefinementReducesReTauError (Disabled)
	1586 - TurbulentChannelValidation.Study (Disabled)
	1633 - SIMPLEMMS.FineGridStudy (Disabled)
	1637 - BackwardFacingStep.Converges (Disabled)
	1638 - BackwardFacingStep.MassConservation (Disabled)
	1639 - BackwardFacingStep.ReattachmentLength (Disabled)

The following tests FAILED:
	1509 - NaturalConvectionValidation.GridConvergence (Timeout)
	1537 - CompressibleCoupledProductionCaseTest.DispatchesToCompressibleSimpleAndConverges (Timeout)
	1538 - CompressibleCoupledProductionCaseTest.MassFlowRateIsConservedAtEveryInternalCrossSection (Timeout)
	1539 - CompressibleCoupledProductionCaseTest.MatchesArkilicIsothermalLubricationPressureProfile (Timeout)
	1540 - CompressibleCoupledProductionCaseTest.ExportsCoupledCompressibleFields (Timeout)
	1541 - CompressibleCoupledProductionCaseTest.RepeatedRunIsDeterministic (Timeout)
Errors while running CTest
ctest exit 8
