# vtk DataFile Version 3.0
CFDApp solution
ASCII
DATASET UNSTRUCTURED_GRID
POINTS 1681 double
0.00000000000000000e+00 0.00000000000000000e+00 0
2.50000000000000014e-02 0.00000000000000000e+00 0
5.00000000000000028e-02 0.00000000000000000e+00 0
7.50000000000000111e-02 0.00000000000000000e+00 0
1.00000000000000006e-01 0.00000000000000000e+00 0
1.25000000000000000e-01 0.00000000000000000e+00 0
1.50000000000000022e-01 0.00000000000000000e+00 0
1.75000000000000017e-01 0.00000000000000000e+00 0
2.00000000000000011e-01 0.00000000000000000e+00 0
2.25000000000000006e-01 0.00000000000000000e+00 0
2.50000000000000000e-01 0.00000000000000000e+00 0
2.75000000000000022e-01 0.00000000000000000e+00 0
3.00000000000000044e-01 0.00000000000000000e+00 0
3.25000000000000011e-01 0.00000000000000000e+00 0
3.50000000000000033e-01 0.00000000000000000e+00 0
3.75000000000000000e-01 0.00000000000000000e+00 0
4.00000000000000022e-01 0.00000000000000000e+00 0
4.25000000000000044e-01 0.00000000000000000e+00 0
4.50000000000000011e-01 0.00000000000000000e+00 0
4.75000000000000033e-01 0.00000000000000000e+00 0
5.00000000000000000e-01 0.00000000000000000e+00 0
5.25000000000000022e-01 0.00000000000000000e+00 0
5.50000000000000044e-01 0.00000000000000000e+00 0
5.75000000000000067e-01 0.00000000000000000e+00 0
6.00000000000000089e-01 0.00000000000000000e+00 0
6.25000000000000000e-01 0.00000000000000000e+00 0
6.50000000000000022e-01 0.00000000000000000e+00 0
6.75000000000000044e-01 0.00000000000000000e+00 0
7.00000000000000067e-01 0.00000000000000000e+00 0
7.25000000000000089e-01 0.00000000000000000e+00 0
7.50000000000000000e-01 0.00000000000000000e+00 0
7.75000000000000022e-01 0.00000000000000000e+00 0
8.00000000000000044e-01 0.00000000000000000e+00 0
8.25000000000000067e-01 0.00000000000000000e+00 0
8.50000000000000089e-01 0.00000000000000000e+00 0
8.75000000000000000e-01 0.00000000000000000e+00 0
9.00000000000000022e-01 0.00000000000000000e+00 0
9.25000000000000044e-01 0.00000000000000000e+00 0
9.50000000000000067e-01 0.00000000000000000e+00 0
9.75000000000000089e-01 0.00000000000000000e+00 0
1.00000000000000000e+00 0.00000000000000000e+00 0
0.00000000000000000e+00 2.50000000000000014e-02 0
2.50000000000000014e-02 2.50000000000000014e-02 0
5.00000000000000028e-02 2.50000000000000014e-02 0
7.50000000000000111e-02 2.50000000000000014e-02 0
1.00000000000000006e-01 2.50000000000000014e-02 0
1.25000000000000000e-01 2.50000000000000014e-02 0
1.50000000000000022e-01 2.50000000000000014e-02 0
1.75000000000000017e-01 2.50000000000000014e-02 0
2.00000000000000011e-01 2.50000000000000014e-02 0
2.25000000000000006e-01 2.50000000000000014e-02 0
2.50000000000000000e-01 2.50000000000000014e-02 0
2.75000000000000022e-01 2.50000000000000014e-02 0
3.00000000000000044e-01 2.50000000000000014e-02 0
3.25000000000000011e-01 2.50000000000000014e-02 0
3.50000000000000033e-01 2.50000000000000014e-02 0
3.75000000000000000e-01 2.50000000000000014e-02 0
4.00000000000000022e-01 2.50000000000000014e-02 0
4.25000000000000044e-01 2.50000000000000014e-02 0
4.50000000000000011e-01 2.50000000000000014e-02 0
4.75000000000000033e-01 2.50000000000000014e-02 0
5.00000000000000000e-01 2.50000000000000014e-02 0
5.25000000000000022e-01 2.50000000000000014e-02 0
5.50000000000000044e-01 2.50000000000000014e-02 0
5.75000000000000067e-01 2.50000000000000014e-02 0
6.00000000000000089e-01 2.50000000000000014e-02 0
6.25000000000000000e-01 2.50000000000000014e-02 0
6.50000000000000022e-01 2.50000000000000014e-02 0
6.75000000000000044e-01 2.50000000000000014e-02 0
7.00000000000000067e-01 2.50000000000000014e-02 0
7.25000000000000089e-01 2.50000000000000014e-02 0
7.50000000000000000e-01 2.50000000000000014e-02 0
7.75000000000000022e-01 2.50000000000000014e-02 0
8.00000000000000044e-01 2.50000000000000014e-02 0
8.25000000000000067e-01 2.50000000000000014e-02 0
8.50000000000000089e-01 2.50000000000000014e-02 0
8.75000000000000000e-01 2.50000000000000014e-02 0
9.00000000000000022e-01 2.50000000000000014e-02 0
9.25000000000000044e-01 2.50000000000000014e-02 0
9.50000000000000067e-01 2.50000000000000014e-02 0
9.75000000000000089e-01 2.50000000000000014e-02 0
1.00000000000000000e+00 2.50000000000000014e-02 0
0.00000000000000000e+00 5.00000000000000028e-02 0
2.50000000000000014e-02 5.00000000000000028e-02 0
5.00000000000000028e-02 5.00000000000000028e-02 0
7.50000000000000111e-02 5.00000000000000028e-02 0
1.00000000000000006e-01 5.00000000000000028e-02 0
1.25000000000000000e-01 5.00000000000000028e-02 0
1.50000000000000022e-01 5.00000000000000028e-02 0
1.75000000000000017e-01 5.00000000000000028e-02 0
2.00000000000000011e-01 5.00000000000000028e-02 0
2.25000000000000006e-01 5.00000000000000028e-02 0
2.50000000000000000e-01 5.00000000000000028e-02 0
2.75000000000000022e-01 5.00000000000000028e-02 0
3.00000000000000044e-01 5.00000000000000028e-02 0
3.25000000000000011e-01 5.00000000000000028e-02 0
3.50000000000000033e-01 5.00000000000000028e-02 0
3.75000000000000000e-01 5.00000000000000028e-02 0
4.00000000000000022e-01 5.00000000000000028e-02 0
4.25000000000000044e-01 5.00000000000000028e-02 0
4.50000000000000011e-01 5.00000000000000028e-02 0
4.75000000000000033e-01 5.00000000000000028e-02 0
5.00000000000000000e-01 5.00000000000000028e-02 0
5.25000000000000022e-01 5.00000000000000028e-02 0
5.50000000000000044e-01 5.00000000000000028e-02 0
5.75000000000000067e-01 5.00000000000000028e-02 0
6.00000000000000089e-01 5.00000000000000028e-02 0
6.25000000000000000e-01 5.00000000000000028e-02 0
6.50000000000000022e-01 5.00000000000000028e-02 0
6.75000000000000044e-01 5.00000000000000028e-02 0
7.00000000000000067e-01 5.00000000000000028e-02 0
7.25000000000000089e-01 5.00000000000000028e-02 0
7.50000000000000000e-01 5.00000000000000028e-02 0
7.75000000000000022e-01 5.00000000000000028e-02 0
8.00000000000000044e-01 5.00000000000000028e-02 0
8.25000000000000067e-01 5.00000000000000028e-02 0
8.50000000000000089e-01 5.00000000000000028e-02 0
8.75000000000000000e-01 5.00000000000000028e-02 0
9.00000000000000022e-01 5.00000000000000028e-02 0
9.25000000000000044e-01 5.00000000000000028e-02 0
9.50000000000000067e-01 5.00000000000000028e-02 0
9.75000000000000089e-01 5.00000000000000028e-02 0
1.00000000000000000e+00 5.00000000000000028e-02 0
0.00000000000000000e+00 7.50000000000000111e-02 0
2.50000000000000014e-02 7.50000000000000111e-02 0
5.00000000000000028e-02 7.50000000000000111e-02 0
7.50000000000000111e-02 7.50000000000000111e-02 0
1.00000000000000006e-01 7.50000000000000111e-02 0
1.25000000000000000e-01 7.50000000000000111e-02 0
1.50000000000000022e-01 7.50000000000000111e-02 0
1.75000000000000017e-01 7.50000000000000111e-02 0
2.00000000000000011e-01 7.50000000000000111e-02 0
2.25000000000000006e-01 7.50000000000000111e-02 0
2.50000000000000000e-01 7.50000000000000111e-02 0
2.75000000000000022e-01 7.50000000000000111e-02 0
3.00000000000000044e-01 7.50000000000000111e-02 0
3.25000000000000011e-01 7.50000000000000111e-02 0
3.50000000000000033e-01 7.50000000000000111e-02 0
3.75000000000000000e-01 7.50000000000000111e-02 0
4.00000000000000022e-01 7.50000000000000111e-02 0
4.25000000000000044e-01 7.50000000000000111e-02 0
4.50000000000000011e-01 7.50000000000000111e-02 0
4.75000000000000033e-01 7.50000000000000111e-02 0
5.00000000000000000e-01 7.50000000000000111e-02 0
5.25000000000000022e-01 7.50000000000000111e-02 0
5.50000000000000044e-01 7.50000000000000111e-02 0
5.75000000000000067e-01 7.50000000000000111e-02 0
6.00000000000000089e-01 7.50000000000000111e-02 0
6.25000000000000000e-01 7.50000000000000111e-02 0
6.50000000000000022e-01 7.50000000000000111e-02 0
6.75000000000000044e-01 7.50000000000000111e-02 0
7.00000000000000067e-01 7.50000000000000111e-02 0
7.25000000000000089e-01 7.50000000000000111e-02 0
7.50000000000000000e-01 7.50000000000000111e-02 0
7.75000000000000022e-01 7.50000000000000111e-02 0
8.00000000000000044e-01 7.50000000000000111e-02 0
8.25000000000000067e-01 7.50000000000000111e-02 0
8.50000000000000089e-01 7.50000000000000111e-02 0
8.75000000000000000e-01 7.50000000000000111e-02 0
9.00000000000000022e-01 7.50000000000000111e-02 0
9.25000000000000044e-01 7.50000000000000111e-02 0
9.50000000000000067e-01 7.50000000000000111e-02 0
9.75000000000000089e-01 7.50000000000000111e-02 0
1.00000000000000000e+00 7.50000000000000111e-02 0
0.00000000000000000e+00 1.00000000000000006e-01 0
2.50000000000000014e-02 1.00000000000000006e-01 0
5.00000000000000028e-02 1.00000000000000006e-01 0
7.50000000000000111e-02 1.00000000000000006e-01 0
1.00000000000000006e-01 1.00000000000000006e-01 0
1.25000000000000000e-01 1.00000000000000006e-01 0
1.50000000000000022e-01 1.00000000000000006e-01 0
1.75000000000000017e-01 1.00000000000000006e-01 0
2.00000000000000011e-01 1.00000000000000006e-01 0
2.25000000000000006e-01 1.00000000000000006e-01 0
2.50000000000000000e-01 1.00000000000000006e-01 0
2.75000000000000022e-01 1.00000000000000006e-01 0
3.00000000000000044e-01 1.00000000000000006e-01 0
3.25000000000000011e-01 1.00000000000000006e-01 0
3.50000000000000033e-01 1.00000000000000006e-01 0
3.75000000000000000e-01 1.00000000000000006e-01 0
4.00000000000000022e-01 1.00000000000000006e-01 0
4.25000000000000044e-01 1.00000000000000006e-01 0
4.50000000000000011e-01 1.00000000000000006e-01 0
4.75000000000000033e-01 1.00000000000000006e-01 0
5.00000000000000000e-01 1.00000000000000006e-01 0
5.25000000000000022e-01 1.00000000000000006e-01 0
5.50000000000000044e-01 1.00000000000000006e-01 0
5.75000000000000067e-01 1.00000000000000006e-01 0
6.00000000000000089e-01 1.00000000000000006e-01 0
6.25000000000000000e-01 1.00000000000000006e-01 0
6.50000000000000022e-01 1.00000000000000006e-01 0
6.75000000000000044e-01 1.00000000000000006e-01 0
7.00000000000000067e-01 1.00000000000000006e-01 0
7.25000000000000089e-01 1.00000000000000006e-01 0
7.50000000000000000e-01 1.00000000000000006e-01 0
7.75000000000000022e-01 1.00000000000000006e-01 0
8.00000000000000044e-01 1.00000000000000006e-01 0
8.25000000000000067e-01 1.00000000000000006e-01 0
8.50000000000000089e-01 1.00000000000000006e-01 0
8.75000000000000000e-01 1.00000000000000006e-01 0
9.00000000000000022e-01 1.00000000000000006e-01 0
9.25000000000000044e-01 1.00000000000000006e-01 0
9.50000000000000067e-01 1.00000000000000006e-01 0
9.75000000000000089e-01 1.00000000000000006e-01 0
1.00000000000000000e+00 1.00000000000000006e-01 0
0.00000000000000000e+00 1.25000000000000000e-01 0
2.50000000000000014e-02 1.25000000000000000e-01 0
5.00000000000000028e-02 1.25000000000000000e-01 0
7.50000000000000111e-02 1.25000000000000000e-01 0
1.00000000000000006e-01 1.25000000000000000e-01 0
1.25000000000000000e-01 1.25000000000000000e-01 0
1.50000000000000022e-01 1.25000000000000000e-01 0
1.75000000000000017e-01 1.25000000000000000e-01 0
2.00000000000000011e-01 1.25000000000000000e-01 0
2.25000000000000006e-01 1.25000000000000000e-01 0
2.50000000000000000e-01 1.25000000000000000e-01 0
2.75000000000000022e-01 1.25000000000000000e-01 0
3.00000000000000044e-01 1.25000000000000000e-01 0
3.25000000000000011e-01 1.25000000000000000e-01 0
3.50000000000000033e-01 1.25000000000000000e-01 0
3.75000000000000000e-01 1.25000000000000000e-01 0
4.00000000000000022e-01 1.25000000000000000e-01 0
4.25000000000000044e-01 1.25000000000000000e-01 0
4.50000000000000011e-01 1.25000000000000000e-01 0
4.75000000000000033e-01 1.25000000000000000e-01 0
5.00000000000000000e-01 1.25000000000000000e-01 0
5.25000000000000022e-01 1.25000000000000000e-01 0
5.50000000000000044e-01 1.25000000000000000e-01 0
5.75000000000000067e-01 1.25000000000000000e-01 0
6.00000000000000089e-01 1.25000000000000000e-01 0
6.25000000000000000e-01 1.25000000000000000e-01 0
6.50000000000000022e-01 1.25000000000000000e-01 0
6.75000000000000044e-01 1.25000000000000000e-01 0
7.00000000000000067e-01 1.25000000000000000e-01 0
7.25000000000000089e-01 1.25000000000000000e-01 0
7.50000000000000000e-01 1.25000000000000000e-01 0
7.75000000000000022e-01 1.25000000000000000e-01 0
8.00000000000000044e-01 1.25000000000000000e-01 0
8.25000000000000067e-01 1.25000000000000000e-01 0
8.50000000000000089e-01 1.25000000000000000e-01 0
8.75000000000000000e-01 1.25000000000000000e-01 0
9.00000000000000022e-01 1.25000000000000000e-01 0
9.25000000000000044e-01 1.25000000000000000e-01 0
9.50000000000000067e-01 1.25000000000000000e-01 0
9.75000000000000089e-01 1.25000000000000000e-01 0
1.00000000000000000e+00 1.25000000000000000e-01 0
0.00000000000000000e+00 1.50000000000000022e-01 0
2.50000000000000014e-02 1.50000000000000022e-01 0
5.00000000000000028e-02 1.50000000000000022e-01 0
7.50000000000000111e-02 1.50000000000000022e-01 0
1.00000000000000006e-01 1.50000000000000022e-01 0
1.25000000000000000e-01 1.50000000000000022e-01 0
1.50000000000000022e-01 1.50000000000000022e-01 0
1.75000000000000017e-01 1.50000000000000022e-01 0
2.00000000000000011e-01 1.50000000000000022e-01 0
2.25000000000000006e-01 1.50000000000000022e-01 0
2.50000000000000000e-01 1.50000000000000022e-01 0
2.75000000000000022e-01 1.50000000000000022e-01 0
3.00000000000000044e-01 1.50000000000000022e-01 0
3.25000000000000011e-01 1.50000000000000022e-01 0
3.50000000000000033e-01 1.50000000000000022e-01 0
3.75000000000000000e-01 1.50000000000000022e-01 0
4.00000000000000022e-01 1.50000000000000022e-01 0
4.25000000000000044e-01 1.50000000000000022e-01 0
4.50000000000000011e-01 1.50000000000000022e-01 0
4.75000000000000033e-01 1.50000000000000022e-01 0
5.00000000000000000e-01 1.50000000000000022e-01 0
5.25000000000000022e-01 1.50000000000000022e-01 0
5.50000000000000044e-01 1.50000000000000022e-01 0
5.75000000000000067e-01 1.50000000000000022e-01 0
6.00000000000000089e-01 1.50000000000000022e-01 0
6.25000000000000000e-01 1.50000000000000022e-01 0
6.50000000000000022e-01 1.50000000000000022e-01 0
6.75000000000000044e-01 1.50000000000000022e-01 0
7.00000000000000067e-01 1.50000000000000022e-01 0
7.25000000000000089e-01 1.50000000000000022e-01 0
7.50000000000000000e-01 1.50000000000000022e-01 0
7.75000000000000022e-01 1.50000000000000022e-01 0
8.00000000000000044e-01 1.50000000000000022e-01 0
8.25000000000000067e-01 1.50000000000000022e-01 0
8.50000000000000089e-01 1.50000000000000022e-01 0
8.75000000000000000e-01 1.50000000000000022e-01 0
9.00000000000000022e-01 1.50000000000000022e-01 0
9.25000000000000044e-01 1.50000000000000022e-01 0
9.50000000000000067e-01 1.50000000000000022e-01 0
9.75000000000000089e-01 1.50000000000000022e-01 0
1.00000000000000000e+00 1.50000000000000022e-01 0
0.00000000000000000e+00 1.75000000000000017e-01 0
2.50000000000000014e-02 1.75000000000000017e-01 0
5.00000000000000028e-02 1.75000000000000017e-01 0
7.50000000000000111e-02 1.75000000000000017e-01 0
1.00000000000000006e-01 1.75000000000000017e-01 0
1.25000000000000000e-01 1.75000000000000017e-01 0
1.50000000000000022e-01 1.75000000000000017e-01 0
1.75000000000000017e-01 1.75000000000000017e-01 0
2.00000000000000011e-01 1.75000000000000017e-01 0
2.25000000000000006e-01 1.75000000000000017e-01 0
2.50000000000000000e-01 1.75000000000000017e-01 0
2.75000000000000022e-01 1.75000000000000017e-01 0
3.00000000000000044e-01 1.75000000000000017e-01 0
3.25000000000000011e-01 1.75000000000000017e-01 0
3.50000000000000033e-01 1.75000000000000017e-01 0
3.75000000000000000e-01 1.75000000000000017e-01 0
4.00000000000000022e-01 1.75000000000000017e-01 0
4.25000000000000044e-01 1.75000000000000017e-01 0
4.50000000000000011e-01 1.75000000000000017e-01 0
4.75000000000000033e-01 1.75000000000000017e-01 0
5.00000000000000000e-01 1.75000000000000017e-01 0
5.25000000000000022e-01 1.75000000000000017e-01 0
5.50000000000000044e-01 1.75000000000000017e-01 0
5.75000000000000067e-01 1.75000000000000017e-01 0
6.00000000000000089e-01 1.75000000000000017e-01 0
6.25000000000000000e-01 1.75000000000000017e-01 0
6.50000000000000022e-01 1.75000000000000017e-01 0
6.75000000000000044e-01 1.75000000000000017e-01 0
7.00000000000000067e-01 1.75000000000000017e-01 0
7.25000000000000089e-01 1.75000000000000017e-01 0
7.50000000000000000e-01 1.75000000000000017e-01 0
7.75000000000000022e-01 1.75000000000000017e-01 0
8.00000000000000044e-01 1.75000000000000017e-01 0
8.25000000000000067e-01 1.75000000000000017e-01 0
8.50000000000000089e-01 1.75000000000000017e-01 0
8.75000000000000000e-01 1.75000000000000017e-01 0
9.00000000000000022e-01 1.75000000000000017e-01 0
9.25000000000000044e-01 1.75000000000000017e-01 0
9.50000000000000067e-01 1.75000000000000017e-01 0
9.75000000000000089e-01 1.75000000000000017e-01 0
1.00000000000000000e+00 1.75000000000000017e-01 0
0.00000000000000000e+00 2.00000000000000011e-01 0
2.50000000000000014e-02 2.00000000000000011e-01 0
5.00000000000000028e-02 2.00000000000000011e-01 0
7.50000000000000111e-02 2.00000000000000011e-01 0
1.00000000000000006e-01 2.00000000000000011e-01 0
1.25000000000000000e-01 2.00000000000000011e-01 0
1.50000000000000022e-01 2.00000000000000011e-01 0
1.75000000000000017e-01 2.00000000000000011e-01 0
2.00000000000000011e-01 2.00000000000000011e-01 0
2.25000000000000006e-01 2.00000000000000011e-01 0
2.50000000000000000e-01 2.00000000000000011e-01 0
2.75000000000000022e-01 2.00000000000000011e-01 0
3.00000000000000044e-01 2.00000000000000011e-01 0
3.25000000000000011e-01 2.00000000000000011e-01 0
3.50000000000000033e-01 2.00000000000000011e-01 0
3.75000000000000000e-01 2.00000000000000011e-01 0
4.00000000000000022e-01 2.00000000000000011e-01 0
4.25000000000000044e-01 2.00000000000000011e-01 0
4.50000000000000011e-01 2.00000000000000011e-01 0
4.75000000000000033e-01 2.00000000000000011e-01 0
5.00000000000000000e-01 2.00000000000000011e-01 0
5.25000000000000022e-01 2.00000000000000011e-01 0
5.50000000000000044e-01 2.00000000000000011e-01 0
5.75000000000000067e-01 2.00000000000000011e-01 0
6.00000000000000089e-01 2.00000000000000011e-01 0
6.25000000000000000e-01 2.00000000000000011e-01 0
6.50000000000000022e-01 2.00000000000000011e-01 0
6.75000000000000044e-01 2.00000000000000011e-01 0
7.00000000000000067e-01 2.00000000000000011e-01 0
7.25000000000000089e-01 2.00000000000000011e-01 0
7.50000000000000000e-01 2.00000000000000011e-01 0
7.75000000000000022e-01 2.00000000000000011e-01 0
8.00000000000000044e-01 2.00000000000000011e-01 0
8.25000000000000067e-01 2.00000000000000011e-01 0
8.50000000000000089e-01 2.00000000000000011e-01 0
8.75000000000000000e-01 2.00000000000000011e-01 0
9.00000000000000022e-01 2.00000000000000011e-01 0
9.25000000000000044e-01 2.00000000000000011e-01 0
9.50000000000000067e-01 2.00000000000000011e-01 0
9.75000000000000089e-01 2.00000000000000011e-01 0
1.00000000000000000e+00 2.00000000000000011e-01 0
0.00000000000000000e+00 2.25000000000000006e-01 0
2.50000000000000014e-02 2.25000000000000006e-01 0
5.00000000000000028e-02 2.25000000000000006e-01 0
7.50000000000000111e-02 2.25000000000000006e-01 0
1.00000000000000006e-01 2.25000000000000006e-01 0
1.25000000000000000e-01 2.25000000000000006e-01 0
1.50000000000000022e-01 2.25000000000000006e-01 0
1.75000000000000017e-01 2.25000000000000006e-01 0
2.00000000000000011e-01 2.25000000000000006e-01 0
2.25000000000000006e-01 2.25000000000000006e-01 0
2.50000000000000000e-01 2.25000000000000006e-01 0
2.75000000000000022e-01 2.25000000000000006e-01 0
3.00000000000000044e-01 2.25000000000000006e-01 0
3.25000000000000011e-01 2.25000000000000006e-01 0
3.50000000000000033e-01 2.25000000000000006e-01 0
3.75000000000000000e-01 2.25000000000000006e-01 0
4.00000000000000022e-01 2.25000000000000006e-01 0
4.25000000000000044e-01 2.25000000000000006e-01 0
4.50000000000000011e-01 2.25000000000000006e-01 0
4.75000000000000033e-01 2.25000000000000006e-01 0
5.00000000000000000e-01 2.25000000000000006e-01 0
5.25000000000000022e-01 2.25000000000000006e-01 0
5.50000000000000044e-01 2.25000000000000006e-01 0
5.75000000000000067e-01 2.25000000000000006e-01 0
6.00000000000000089e-01 2.25000000000000006e-01 0
6.25000000000000000e-01 2.25000000000000006e-01 0
6.50000000000000022e-01 2.25000000000000006e-01 0
6.75000000000000044e-01 2.25000000000000006e-01 0
7.00000000000000067e-01 2.25000000000000006e-01 0
7.25000000000000089e-01 2.25000000000000006e-01 0
7.50000000000000000e-01 2.25000000000000006e-01 0
7.75000000000000022e-01 2.25000000000000006e-01 0
8.00000000000000044e-01 2.25000000000000006e-01 0
8.25000000000000067e-01 2.25000000000000006e-01 0
8.50000000000000089e-01 2.25000000000000006e-01 0
8.75000000000000000e-01 2.25000000000000006e-01 0
9.00000000000000022e-01 2.25000000000000006e-01 0
9.25000000000000044e-01 2.25000000000000006e-01 0
9.50000000000000067e-01 2.25000000000000006e-01 0
9.75000000000000089e-01 2.25000000000000006e-01 0
1.00000000000000000e+00 2.25000000000000006e-01 0
0.00000000000000000e+00 2.50000000000000000e-01 0
2.50000000000000014e-02 2.50000000000000000e-01 0
5.00000000000000028e-02 2.50000000000000000e-01 0
7.50000000000000111e-02 2.50000000000000000e-01 0
1.00000000000000006e-01 2.50000000000000000e-01 0
1.25000000000000000e-01 2.50000000000000000e-01 0
1.50000000000000022e-01 2.50000000000000000e-01 0
1.75000000000000017e-01 2.50000000000000000e-01 0
2.00000000000000011e-01 2.50000000000000000e-01 0
2.25000000000000006e-01 2.50000000000000000e-01 0
2.50000000000000000e-01 2.50000000000000000e-01 0
2.75000000000000022e-01 2.50000000000000000e-01 0
3.00000000000000044e-01 2.50000000000000000e-01 0
3.25000000000000011e-01 2.50000000000000000e-01 0
3.50000000000000033e-01 2.50000000000000000e-01 0
3.75000000000000000e-01 2.50000000000000000e-01 0
4.00000000000000022e-01 2.50000000000000000e-01 0
4.25000000000000044e-01 2.50000000000000000e-01 0
4.50000000000000011e-01 2.50000000000000000e-01 0
4.75000000000000033e-01 2.50000000000000000e-01 0
5.00000000000000000e-01 2.50000000000000000e-01 0
5.25000000000000022e-01 2.50000000000000000e-01 0
5.50000000000000044e-01 2.50000000000000000e-01 0
5.75000000000000067e-01 2.50000000000000000e-01 0
6.00000000000000089e-01 2.50000000000000000e-01 0
6.25000000000000000e-01 2.50000000000000000e-01 0
6.50000000000000022e-01 2.50000000000000000e-01 0
6.75000000000000044e-01 2.50000000000000000e-01 0
7.00000000000000067e-01 2.50000000000000000e-01 0
7.25000000000000089e-01 2.50000000000000000e-01 0
7.50000000000000000e-01 2.50000000000000000e-01 0
7.75000000000000022e-01 2.50000000000000000e-01 0
8.00000000000000044e-01 2.50000000000000000e-01 0
8.25000000000000067e-01 2.50000000000000000e-01 0
8.50000000000000089e-01 2.50000000000000000e-01 0
8.75000000000000000e-01 2.50000000000000000e-01 0
9.00000000000000022e-01 2.50000000000000000e-01 0
9.25000000000000044e-01 2.50000000000000000e-01 0
9.50000000000000067e-01 2.50000000000000000e-01 0
9.75000000000000089e-01 2.50000000000000000e-01 0
1.00000000000000000e+00 2.50000000000000000e-01 0
0.00000000000000000e+00 2.75000000000000022e-01 0
2.50000000000000014e-02 2.75000000000000022e-01 0
5.00000000000000028e-02 2.75000000000000022e-01 0
7.50000000000000111e-02 2.75000000000000022e-01 0
1.00000000000000006e-01 2.75000000000000022e-01 0
1.25000000000000000e-01 2.75000000000000022e-01 0
1.50000000000000022e-01 2.75000000000000022e-01 0
1.75000000000000017e-01 2.75000000000000022e-01 0
2.00000000000000011e-01 2.75000000000000022e-01 0
2.25000000000000006e-01 2.75000000000000022e-01 0
2.50000000000000000e-01 2.75000000000000022e-01 0
2.75000000000000022e-01 2.75000000000000022e-01 0
3.00000000000000044e-01 2.75000000000000022e-01 0
3.25000000000000011e-01 2.75000000000000022e-01 0
3.50000000000000033e-01 2.75000000000000022e-01 0
3.75000000000000000e-01 2.75000000000000022e-01 0
4.00000000000000022e-01 2.75000000000000022e-01 0
4.25000000000000044e-01 2.75000000000000022e-01 0
4.50000000000000011e-01 2.75000000000000022e-01 0
4.75000000000000033e-01 2.75000000000000022e-01 0
5.00000000000000000e-01 2.75000000000000022e-01 0
5.25000000000000022e-01 2.75000000000000022e-01 0
5.50000000000000044e-01 2.75000000000000022e-01 0
5.75000000000000067e-01 2.75000000000000022e-01 0
6.00000000000000089e-01 2.75000000000000022e-01 0
6.25000000000000000e-01 2.75000000000000022e-01 0
6.50000000000000022e-01 2.75000000000000022e-01 0
6.75000000000000044e-01 2.75000000000000022e-01 0
7.00000000000000067e-01 2.75000000000000022e-01 0
7.25000000000000089e-01 2.75000000000000022e-01 0
7.50000000000000000e-01 2.75000000000000022e-01 0
7.75000000000000022e-01 2.75000000000000022e-01 0
8.00000000000000044e-01 2.75000000000000022e-01 0
8.25000000000000067e-01 2.75000000000000022e-01 0
8.50000000000000089e-01 2.75000000000000022e-01 0
8.75000000000000000e-01 2.75000000000000022e-01 0
9.00000000000000022e-01 2.75000000000000022e-01 0
9.25000000000000044e-01 2.75000000000000022e-01 0
9.50000000000000067e-01 2.75000000000000022e-01 0
9.75000000000000089e-01 2.75000000000000022e-01 0
1.00000000000000000e+00 2.75000000000000022e-01 0
0.00000000000000000e+00 3.00000000000000044e-01 0
2.50000000000000014e-02 3.00000000000000044e-01 0
5.00000000000000028e-02 3.00000000000000044e-01 0
7.50000000000000111e-02 3.00000000000000044e-01 0
1.00000000000000006e-01 3.00000000000000044e-01 0
1.25000000000000000e-01 3.00000000000000044e-01 0
1.50000000000000022e-01 3.00000000000000044e-01 0
1.75000000000000017e-01 3.00000000000000044e-01 0
2.00000000000000011e-01 3.00000000000000044e-01 0
2.25000000000000006e-01 3.00000000000000044e-01 0
2.50000000000000000e-01 3.00000000000000044e-01 0
2.75000000000000022e-01 3.00000000000000044e-01 0
3.00000000000000044e-01 3.00000000000000044e-01 0
3.25000000000000011e-01 3.00000000000000044e-01 0
3.50000000000000033e-01 3.00000000000000044e-01 0
3.75000000000000000e-01 3.00000000000000044e-01 0
4.00000000000000022e-01 3.00000000000000044e-01 0
4.25000000000000044e-01 3.00000000000000044e-01 0
4.50000000000000011e-01 3.00000000000000044e-01 0
4.75000000000000033e-01 3.00000000000000044e-01 0
5.00000000000000000e-01 3.00000000000000044e-01 0
5.25000000000000022e-01 3.00000000000000044e-01 0
5.50000000000000044e-01 3.00000000000000044e-01 0
5.75000000000000067e-01 3.00000000000000044e-01 0
6.00000000000000089e-01 3.00000000000000044e-01 0
6.25000000000000000e-01 3.00000000000000044e-01 0
6.50000000000000022e-01 3.00000000000000044e-01 0
6.75000000000000044e-01 3.00000000000000044e-01 0
7.00000000000000067e-01 3.00000000000000044e-01 0
7.25000000000000089e-01 3.00000000000000044e-01 0
7.50000000000000000e-01 3.00000000000000044e-01 0
7.75000000000000022e-01 3.00000000000000044e-01 0
8.00000000000000044e-01 3.00000000000000044e-01 0
8.25000000000000067e-01 3.00000000000000044e-01 0
8.50000000000000089e-01 3.00000000000000044e-01 0
8.75000000000000000e-01 3.00000000000000044e-01 0
9.00000000000000022e-01 3.00000000000000044e-01 0
9.25000000000000044e-01 3.00000000000000044e-01 0
9.50000000000000067e-01 3.00000000000000044e-01 0
9.75000000000000089e-01 3.00000000000000044e-01 0
1.00000000000000000e+00 3.00000000000000044e-01 0
0.00000000000000000e+00 3.25000000000000011e-01 0
2.50000000000000014e-02 3.25000000000000011e-01 0
5.00000000000000028e-02 3.25000000000000011e-01 0
7.50000000000000111e-02 3.25000000000000011e-01 0
1.00000000000000006e-01 3.25000000000000011e-01 0
1.25000000000000000e-01 3.25000000000000011e-01 0
1.50000000000000022e-01 3.25000000000000011e-01 0
1.75000000000000017e-01 3.25000000000000011e-01 0
2.00000000000000011e-01 3.25000000000000011e-01 0
2.25000000000000006e-01 3.25000000000000011e-01 0
2.50000000000000000e-01 3.25000000000000011e-01 0
2.75000000000000022e-01 3.25000000000000011e-01 0
3.00000000000000044e-01 3.25000000000000011e-01 0
3.25000000000000011e-01 3.25000000000000011e-01 0
3.50000000000000033e-01 3.25000000000000011e-01 0
3.75000000000000000e-01 3.25000000000000011e-01 0
4.00000000000000022e-01 3.25000000000000011e-01 0
4.25000000000000044e-01 3.25000000000000011e-01 0
4.50000000000000011e-01 3.25000000000000011e-01 0
4.75000000000000033e-01 3.25000000000000011e-01 0
5.00000000000000000e-01 3.25000000000000011e-01 0
5.25000000000000022e-01 3.25000000000000011e-01 0
5.50000000000000044e-01 3.25000000000000011e-01 0
5.75000000000000067e-01 3.25000000000000011e-01 0
6.00000000000000089e-01 3.25000000000000011e-01 0
6.25000000000000000e-01 3.25000000000000011e-01 0
6.50000000000000022e-01 3.25000000000000011e-01 0
6.75000000000000044e-01 3.25000000000000011e-01 0
7.00000000000000067e-01 3.25000000000000011e-01 0
7.25000000000000089e-01 3.25000000000000011e-01 0
7.50000000000000000e-01 3.25000000000000011e-01 0
7.75000000000000022e-01 3.25000000000000011e-01 0
8.00000000000000044e-01 3.25000000000000011e-01 0
8.25000000000000067e-01 3.25000000000000011e-01 0
8.50000000000000089e-01 3.25000000000000011e-01 0
8.75000000000000000e-01 3.25000000000000011e-01 0
9.00000000000000022e-01 3.25000000000000011e-01 0
9.25000000000000044e-01 3.25000000000000011e-01 0
9.50000000000000067e-01 3.25000000000000011e-01 0
9.75000000000000089e-01 3.25000000000000011e-01 0
1.00000000000000000e+00 3.25000000000000011e-01 0
0.00000000000000000e+00 3.50000000000000033e-01 0
2.50000000000000014e-02 3.50000000000000033e-01 0
5.00000000000000028e-02 3.50000000000000033e-01 0
7.50000000000000111e-02 3.50000000000000033e-01 0
1.00000000000000006e-01 3.50000000000000033e-01 0
1.25000000000000000e-01 3.50000000000000033e-01 0
1.50000000000000022e-01 3.50000000000000033e-01 0
1.75000000000000017e-01 3.50000000000000033e-01 0
2.00000000000000011e-01 3.50000000000000033e-01 0
2.25000000000000006e-01 3.50000000000000033e-01 0
2.50000000000000000e-01 3.50000000000000033e-01 0
2.75000000000000022e-01 3.50000000000000033e-01 0
3.00000000000000044e-01 3.50000000000000033e-01 0
3.25000000000000011e-01 3.50000000000000033e-01 0
3.50000000000000033e-01 3.50000000000000033e-01 0
3.75000000000000000e-01 3.50000000000000033e-01 0
4.00000000000000022e-01 3.50000000000000033e-01 0
4.25000000000000044e-01 3.50000000000000033e-01 0
4.50000000000000011e-01 3.50000000000000033e-01 0
4.75000000000000033e-01 3.50000000000000033e-01 0
5.00000000000000000e-01 3.50000000000000033e-01 0
5.25000000000000022e-01 3.50000000000000033e-01 0
5.50000000000000044e-01 3.50000000000000033e-01 0
5.75000000000000067e-01 3.50000000000000033e-01 0
6.00000000000000089e-01 3.50000000000000033e-01 0
6.25000000000000000e-01 3.50000000000000033e-01 0
6.50000000000000022e-01 3.50000000000000033e-01 0
6.75000000000000044e-01 3.50000000000000033e-01 0
7.00000000000000067e-01 3.50000000000000033e-01 0
7.25000000000000089e-01 3.50000000000000033e-01 0
7.50000000000000000e-01 3.50000000000000033e-01 0
7.75000000000000022e-01 3.50000000000000033e-01 0
8.00000000000000044e-01 3.50000000000000033e-01 0
8.25000000000000067e-01 3.50000000000000033e-01 0
8.50000000000000089e-01 3.50000000000000033e-01 0
8.75000000000000000e-01 3.50000000000000033e-01 0
9.00000000000000022e-01 3.50000000000000033e-01 0
9.25000000000000044e-01 3.50000000000000033e-01 0
9.50000000000000067e-01 3.50000000000000033e-01 0
9.75000000000000089e-01 3.50000000000000033e-01 0
1.00000000000000000e+00 3.50000000000000033e-01 0
0.00000000000000000e+00 3.75000000000000000e-01 0
2.50000000000000014e-02 3.75000000000000000e-01 0
5.00000000000000028e-02 3.75000000000000000e-01 0
7.50000000000000111e-02 3.75000000000000000e-01 0
1.00000000000000006e-01 3.75000000000000000e-01 0
1.25000000000000000e-01 3.75000000000000000e-01 0
1.50000000000000022e-01 3.75000000000000000e-01 0
1.75000000000000017e-01 3.75000000000000000e-01 0
2.00000000000000011e-01 3.75000000000000000e-01 0
2.25000000000000006e-01 3.75000000000000000e-01 0
2.50000000000000000e-01 3.75000000000000000e-01 0
2.75000000000000022e-01 3.75000000000000000e-01 0
3.00000000000000044e-01 3.75000000000000000e-01 0
3.25000000000000011e-01 3.75000000000000000e-01 0
3.50000000000000033e-01 3.75000000000000000e-01 0
3.75000000000000000e-01 3.75000000000000000e-01 0
4.00000000000000022e-01 3.75000000000000000e-01 0
4.25000000000000044e-01 3.75000000000000000e-01 0
4.50000000000000011e-01 3.75000000000000000e-01 0
4.75000000000000033e-01 3.75000000000000000e-01 0
5.00000000000000000e-01 3.75000000000000000e-01 0
5.25000000000000022e-01 3.75000000000000000e-01 0
5.50000000000000044e-01 3.75000000000000000e-01 0
5.75000000000000067e-01 3.75000000000000000e-01 0
6.00000000000000089e-01 3.75000000000000000e-01 0
6.25000000000000000e-01 3.75000000000000000e-01 0
6.50000000000000022e-01 3.75000000000000000e-01 0
6.75000000000000044e-01 3.75000000000000000e-01 0
7.00000000000000067e-01 3.75000000000000000e-01 0
7.25000000000000089e-01 3.75000000000000000e-01 0
7.50000000000000000e-01 3.75000000000000000e-01 0
7.75000000000000022e-01 3.75000000000000000e-01 0
8.00000000000000044e-01 3.75000000000000000e-01 0
8.25000000000000067e-01 3.75000000000000000e-01 0
8.50000000000000089e-01 3.75000000000000000e-01 0
8.75000000000000000e-01 3.75000000000000000e-01 0
9.00000000000000022e-01 3.75000000000000000e-01 0
9.25000000000000044e-01 3.75000000000000000e-01 0
9.50000000000000067e-01 3.75000000000000000e-01 0
9.75000000000000089e-01 3.75000000000000000e-01 0
1.00000000000000000e+00 3.75000000000000000e-01 0
0.00000000000000000e+00 4.00000000000000022e-01 0
2.50000000000000014e-02 4.00000000000000022e-01 0
5.00000000000000028e-02 4.00000000000000022e-01 0
7.50000000000000111e-02 4.00000000000000022e-01 0
1.00000000000000006e-01 4.00000000000000022e-01 0
1.25000000000000000e-01 4.00000000000000022e-01 0
1.50000000000000022e-01 4.00000000000000022e-01 0
1.75000000000000017e-01 4.00000000000000022e-01 0
2.00000000000000011e-01 4.00000000000000022e-01 0
2.25000000000000006e-01 4.00000000000000022e-01 0
2.50000000000000000e-01 4.00000000000000022e-01 0
2.75000000000000022e-01 4.00000000000000022e-01 0
3.00000000000000044e-01 4.00000000000000022e-01 0
3.25000000000000011e-01 4.00000000000000022e-01 0
3.50000000000000033e-01 4.00000000000000022e-01 0
3.75000000000000000e-01 4.00000000000000022e-01 0
4.00000000000000022e-01 4.00000000000000022e-01 0
4.25000000000000044e-01 4.00000000000000022e-01 0
4.50000000000000011e-01 4.00000000000000022e-01 0
4.75000000000000033e-01 4.00000000000000022e-01 0
5.00000000000000000e-01 4.00000000000000022e-01 0
5.25000000000000022e-01 4.00000000000000022e-01 0
5.50000000000000044e-01 4.00000000000000022e-01 0
5.75000000000000067e-01 4.00000000000000022e-01 0
6.00000000000000089e-01 4.00000000000000022e-01 0
6.25000000000000000e-01 4.00000000000000022e-01 0
6.50000000000000022e-01 4.00000000000000022e-01 0
6.75000000000000044e-01 4.00000000000000022e-01 0
7.00000000000000067e-01 4.00000000000000022e-01 0
7.25000000000000089e-01 4.00000000000000022e-01 0
7.50000000000000000e-01 4.00000000000000022e-01 0
7.75000000000000022e-01 4.00000000000000022e-01 0
8.00000000000000044e-01 4.00000000000000022e-01 0
8.25000000000000067e-01 4.00000000000000022e-01 0
8.50000000000000089e-01 4.00000000000000022e-01 0
8.75000000000000000e-01 4.00000000000000022e-01 0
9.00000000000000022e-01 4.00000000000000022e-01 0
9.25000000000000044e-01 4.00000000000000022e-01 0
9.50000000000000067e-01 4.00000000000000022e-01 0
9.75000000000000089e-01 4.00000000000000022e-01 0
1.00000000000000000e+00 4.00000000000000022e-01 0
0.00000000000000000e+00 4.25000000000000044e-01 0
2.50000000000000014e-02 4.25000000000000044e-01 0
5.00000000000000028e-02 4.25000000000000044e-01 0
7.50000000000000111e-02 4.25000000000000044e-01 0
1.00000000000000006e-01 4.25000000000000044e-01 0
1.25000000000000000e-01 4.25000000000000044e-01 0
1.50000000000000022e-01 4.25000000000000044e-01 0
1.75000000000000017e-01 4.25000000000000044e-01 0
2.00000000000000011e-01 4.25000000000000044e-01 0
2.25000000000000006e-01 4.25000000000000044e-01 0
2.50000000000000000e-01 4.25000000000000044e-01 0
2.75000000000000022e-01 4.25000000000000044e-01 0
3.00000000000000044e-01 4.25000000000000044e-01 0
3.25000000000000011e-01 4.25000000000000044e-01 0
3.50000000000000033e-01 4.25000000000000044e-01 0
3.75000000000000000e-01 4.25000000000000044e-01 0
4.00000000000000022e-01 4.25000000000000044e-01 0
4.25000000000000044e-01 4.25000000000000044e-01 0
4.50000000000000011e-01 4.25000000000000044e-01 0
4.75000000000000033e-01 4.25000000000000044e-01 0
5.00000000000000000e-01 4.25000000000000044e-01 0
5.25000000000000022e-01 4.25000000000000044e-01 0
5.50000000000000044e-01 4.25000000000000044e-01 0
5.75000000000000067e-01 4.25000000000000044e-01 0
6.00000000000000089e-01 4.25000000000000044e-01 0
6.25000000000000000e-01 4.25000000000000044e-01 0
6.50000000000000022e-01 4.25000000000000044e-01 0
6.75000000000000044e-01 4.25000000000000044e-01 0
7.00000000000000067e-01 4.25000000000000044e-01 0
7.25000000000000089e-01 4.25000000000000044e-01 0
7.50000000000000000e-01 4.25000000000000044e-01 0
7.75000000000000022e-01 4.25000000000000044e-01 0
8.00000000000000044e-01 4.25000000000000044e-01 0
8.25000000000000067e-01 4.25000000000000044e-01 0
8.50000000000000089e-01 4.25000000000000044e-01 0
8.75000000000000000e-01 4.25000000000000044e-01 0
9.00000000000000022e-01 4.25000000000000044e-01 0
9.25000000000000044e-01 4.25000000000000044e-01 0
9.50000000000000067e-01 4.25000000000000044e-01 0
9.75000000000000089e-01 4.25000000000000044e-01 0
1.00000000000000000e+00 4.25000000000000044e-01 0
0.00000000000000000e+00 4.50000000000000011e-01 0
2.50000000000000014e-02 4.50000000000000011e-01 0
5.00000000000000028e-02 4.50000000000000011e-01 0
7.50000000000000111e-02 4.50000000000000011e-01 0
1.00000000000000006e-01 4.50000000000000011e-01 0
1.25000000000000000e-01 4.50000000000000011e-01 0
1.50000000000000022e-01 4.50000000000000011e-01 0
1.75000000000000017e-01 4.50000000000000011e-01 0
2.00000000000000011e-01 4.50000000000000011e-01 0
2.25000000000000006e-01 4.50000000000000011e-01 0
2.50000000000000000e-01 4.50000000000000011e-01 0
2.75000000000000022e-01 4.50000000000000011e-01 0
3.00000000000000044e-01 4.50000000000000011e-01 0
3.25000000000000011e-01 4.50000000000000011e-01 0
3.50000000000000033e-01 4.50000000000000011e-01 0
3.75000000000000000e-01 4.50000000000000011e-01 0
4.00000000000000022e-01 4.50000000000000011e-01 0
4.25000000000000044e-01 4.50000000000000011e-01 0
4.50000000000000011e-01 4.50000000000000011e-01 0
4.75000000000000033e-01 4.50000000000000011e-01 0
5.00000000000000000e-01 4.50000000000000011e-01 0
5.25000000000000022e-01 4.50000000000000011e-01 0
5.50000000000000044e-01 4.50000000000000011e-01 0
5.75000000000000067e-01 4.50000000000000011e-01 0
6.00000000000000089e-01 4.50000000000000011e-01 0
6.25000000000000000e-01 4.50000000000000011e-01 0
6.50000000000000022e-01 4.50000000000000011e-01 0
6.75000000000000044e-01 4.50000000000000011e-01 0
7.00000000000000067e-01 4.50000000000000011e-01 0
7.25000000000000089e-01 4.50000000000000011e-01 0
7.50000000000000000e-01 4.50000000000000011e-01 0
7.75000000000000022e-01 4.50000000000000011e-01 0
8.00000000000000044e-01 4.50000000000000011e-01 0
8.25000000000000067e-01 4.50000000000000011e-01 0
8.50000000000000089e-01 4.50000000000000011e-01 0
8.75000000000000000e-01 4.50000000000000011e-01 0
9.00000000000000022e-01 4.50000000000000011e-01 0
9.25000000000000044e-01 4.50000000000000011e-01 0
9.50000000000000067e-01 4.50000000000000011e-01 0
9.75000000000000089e-01 4.50000000000000011e-01 0
1.00000000000000000e+00 4.50000000000000011e-01 0
0.00000000000000000e+00 4.75000000000000033e-01 0
2.50000000000000014e-02 4.75000000000000033e-01 0
5.00000000000000028e-02 4.75000000000000033e-01 0
7.50000000000000111e-02 4.75000000000000033e-01 0
1.00000000000000006e-01 4.75000000000000033e-01 0
1.25000000000000000e-01 4.75000000000000033e-01 0
1.50000000000000022e-01 4.75000000000000033e-01 0
1.75000000000000017e-01 4.75000000000000033e-01 0
2.00000000000000011e-01 4.75000000000000033e-01 0
2.25000000000000006e-01 4.75000000000000033e-01 0
2.50000000000000000e-01 4.75000000000000033e-01 0
2.75000000000000022e-01 4.75000000000000033e-01 0
3.00000000000000044e-01 4.75000000000000033e-01 0
3.25000000000000011e-01 4.75000000000000033e-01 0
3.50000000000000033e-01 4.75000000000000033e-01 0
3.75000000000000000e-01 4.75000000000000033e-01 0
4.00000000000000022e-01 4.75000000000000033e-01 0
4.25000000000000044e-01 4.75000000000000033e-01 0
4.50000000000000011e-01 4.75000000000000033e-01 0
4.75000000000000033e-01 4.75000000000000033e-01 0
5.00000000000000000e-01 4.75000000000000033e-01 0
5.25000000000000022e-01 4.75000000000000033e-01 0
5.50000000000000044e-01 4.75000000000000033e-01 0
5.75000000000000067e-01 4.75000000000000033e-01 0
6.00000000000000089e-01 4.75000000000000033e-01 0
6.25000000000000000e-01 4.75000000000000033e-01 0
6.50000000000000022e-01 4.75000000000000033e-01 0
6.75000000000000044e-01 4.75000000000000033e-01 0
7.00000000000000067e-01 4.75000000000000033e-01 0
7.25000000000000089e-01 4.75000000000000033e-01 0
7.50000000000000000e-01 4.75000000000000033e-01 0
7.75000000000000022e-01 4.75000000000000033e-01 0
8.00000000000000044e-01 4.75000000000000033e-01 0
8.25000000000000067e-01 4.75000000000000033e-01 0
8.50000000000000089e-01 4.75000000000000033e-01 0
8.75000000000000000e-01 4.75000000000000033e-01 0
9.00000000000000022e-01 4.75000000000000033e-01 0
9.25000000000000044e-01 4.75000000000000033e-01 0
9.50000000000000067e-01 4.75000000000000033e-01 0
9.75000000000000089e-01 4.75000000000000033e-01 0
1.00000000000000000e+00 4.75000000000000033e-01 0
0.00000000000000000e+00 5.00000000000000000e-01 0
2.50000000000000014e-02 5.00000000000000000e-01 0
5.00000000000000028e-02 5.00000000000000000e-01 0
7.50000000000000111e-02 5.00000000000000000e-01 0
1.00000000000000006e-01 5.00000000000000000e-01 0
1.25000000000000000e-01 5.00000000000000000e-01 0
1.50000000000000022e-01 5.00000000000000000e-01 0
1.75000000000000017e-01 5.00000000000000000e-01 0
2.00000000000000011e-01 5.00000000000000000e-01 0
2.25000000000000006e-01 5.00000000000000000e-01 0
2.50000000000000000e-01 5.00000000000000000e-01 0
2.75000000000000022e-01 5.00000000000000000e-01 0
3.00000000000000044e-01 5.00000000000000000e-01 0
3.25000000000000011e-01 5.00000000000000000e-01 0
3.50000000000000033e-01 5.00000000000000000e-01 0
3.75000000000000000e-01 5.00000000000000000e-01 0
4.00000000000000022e-01 5.00000000000000000e-01 0
4.25000000000000044e-01 5.00000000000000000e-01 0
4.50000000000000011e-01 5.00000000000000000e-01 0
4.75000000000000033e-01 5.00000000000000000e-01 0
5.00000000000000000e-01 5.00000000000000000e-01 0
5.25000000000000022e-01 5.00000000000000000e-01 0
5.50000000000000044e-01 5.00000000000000000e-01 0
5.75000000000000067e-01 5.00000000000000000e-01 0
6.00000000000000089e-01 5.00000000000000000e-01 0
6.25000000000000000e-01 5.00000000000000000e-01 0
6.50000000000000022e-01 5.00000000000000000e-01 0
6.75000000000000044e-01 5.00000000000000000e-01 0
7.00000000000000067e-01 5.00000000000000000e-01 0
7.25000000000000089e-01 5.00000000000000000e-01 0
7.50000000000000000e-01 5.00000000000000000e-01 0
7.75000000000000022e-01 5.00000000000000000e-01 0
8.00000000000000044e-01 5.00000000000000000e-01 0
8.25000000000000067e-01 5.00000000000000000e-01 0
8.50000000000000089e-01 5.00000000000000000e-01 0
8.75000000000000000e-01 5.00000000000000000e-01 0
9.00000000000000022e-01 5.00000000000000000e-01 0
9.25000000000000044e-01 5.00000000000000000e-01 0
9.50000000000000067e-01 5.00000000000000000e-01 0
9.75000000000000089e-01 5.00000000000000000e-01 0
1.00000000000000000e+00 5.00000000000000000e-01 0
0.00000000000000000e+00 5.25000000000000022e-01 0
2.50000000000000014e-02 5.25000000000000022e-01 0
5.00000000000000028e-02 5.25000000000000022e-01 0
7.50000000000000111e-02 5.25000000000000022e-01 0
1.00000000000000006e-01 5.25000000000000022e-01 0
1.25000000000000000e-01 5.25000000000000022e-01 0
1.50000000000000022e-01 5.25000000000000022e-01 0
1.75000000000000017e-01 5.25000000000000022e-01 0
2.00000000000000011e-01 5.25000000000000022e-01 0
2.25000000000000006e-01 5.25000000000000022e-01 0
2.50000000000000000e-01 5.25000000000000022e-01 0
2.75000000000000022e-01 5.25000000000000022e-01 0
3.00000000000000044e-01 5.25000000000000022e-01 0
3.25000000000000011e-01 5.25000000000000022e-01 0
3.50000000000000033e-01 5.25000000000000022e-01 0
3.75000000000000000e-01 5.25000000000000022e-01 0
4.00000000000000022e-01 5.25000000000000022e-01 0
4.25000000000000044e-01 5.25000000000000022e-01 0
4.50000000000000011e-01 5.25000000000000022e-01 0
4.75000000000000033e-01 5.25000000000000022e-01 0
5.00000000000000000e-01 5.25000000000000022e-01 0
5.25000000000000022e-01 5.25000000000000022e-01 0
5.50000000000000044e-01 5.25000000000000022e-01 0
5.75000000000000067e-01 5.25000000000000022e-01 0
6.00000000000000089e-01 5.25000000000000022e-01 0
6.25000000000000000e-01 5.25000000000000022e-01 0
6.50000000000000022e-01 5.25000000000000022e-01 0
6.75000000000000044e-01 5.25000000000000022e-01 0
7.00000000000000067e-01 5.25000000000000022e-01 0
7.25000000000000089e-01 5.25000000000000022e-01 0
7.50000000000000000e-01 5.25000000000000022e-01 0
7.75000000000000022e-01 5.25000000000000022e-01 0
8.00000000000000044e-01 5.25000000000000022e-01 0
8.25000000000000067e-01 5.25000000000000022e-01 0
8.50000000000000089e-01 5.25000000000000022e-01 0
8.75000000000000000e-01 5.25000000000000022e-01 0
9.00000000000000022e-01 5.25000000000000022e-01 0
9.25000000000000044e-01 5.25000000000000022e-01 0
9.50000000000000067e-01 5.25000000000000022e-01 0
9.75000000000000089e-01 5.25000000000000022e-01 0
1.00000000000000000e+00 5.25000000000000022e-01 0
0.00000000000000000e+00 5.50000000000000044e-01 0
2.50000000000000014e-02 5.50000000000000044e-01 0
5.00000000000000028e-02 5.50000000000000044e-01 0
7.50000000000000111e-02 5.50000000000000044e-01 0
1.00000000000000006e-01 5.50000000000000044e-01 0
1.25000000000000000e-01 5.50000000000000044e-01 0
1.50000000000000022e-01 5.50000000000000044e-01 0
1.75000000000000017e-01 5.50000000000000044e-01 0
2.00000000000000011e-01 5.50000000000000044e-01 0
2.25000000000000006e-01 5.50000000000000044e-01 0
2.50000000000000000e-01 5.50000000000000044e-01 0
2.75000000000000022e-01 5.50000000000000044e-01 0
3.00000000000000044e-01 5.50000000000000044e-01 0
3.25000000000000011e-01 5.50000000000000044e-01 0
3.50000000000000033e-01 5.50000000000000044e-01 0
3.75000000000000000e-01 5.50000000000000044e-01 0
4.00000000000000022e-01 5.50000000000000044e-01 0
4.25000000000000044e-01 5.50000000000000044e-01 0
4.50000000000000011e-01 5.50000000000000044e-01 0
4.75000000000000033e-01 5.50000000000000044e-01 0
5.00000000000000000e-01 5.50000000000000044e-01 0
5.25000000000000022e-01 5.50000000000000044e-01 0
5.50000000000000044e-01 5.50000000000000044e-01 0
5.75000000000000067e-01 5.50000000000000044e-01 0
6.00000000000000089e-01 5.50000000000000044e-01 0
6.25000000000000000e-01 5.50000000000000044e-01 0
6.50000000000000022e-01 5.50000000000000044e-01 0
6.75000000000000044e-01 5.50000000000000044e-01 0
7.00000000000000067e-01 5.50000000000000044e-01 0
7.25000000000000089e-01 5.50000000000000044e-01 0
7.50000000000000000e-01 5.50000000000000044e-01 0
7.75000000000000022e-01 5.50000000000000044e-01 0
8.00000000000000044e-01 5.50000000000000044e-01 0
8.25000000000000067e-01 5.50000000000000044e-01 0
8.50000000000000089e-01 5.50000000000000044e-01 0
8.75000000000000000e-01 5.50000000000000044e-01 0
9.00000000000000022e-01 5.50000000000000044e-01 0
9.25000000000000044e-01 5.50000000000000044e-01 0
9.50000000000000067e-01 5.50000000000000044e-01 0
9.75000000000000089e-01 5.50000000000000044e-01 0
1.00000000000000000e+00 5.50000000000000044e-01 0
0.00000000000000000e+00 5.75000000000000067e-01 0
2.50000000000000014e-02 5.75000000000000067e-01 0
5.00000000000000028e-02 5.75000000000000067e-01 0
7.50000000000000111e-02 5.75000000000000067e-01 0
1.00000000000000006e-01 5.75000000000000067e-01 0
1.25000000000000000e-01 5.75000000000000067e-01 0
1.50000000000000022e-01 5.75000000000000067e-01 0
1.75000000000000017e-01 5.75000000000000067e-01 0
2.00000000000000011e-01 5.75000000000000067e-01 0
2.25000000000000006e-01 5.75000000000000067e-01 0
2.50000000000000000e-01 5.75000000000000067e-01 0
2.75000000000000022e-01 5.75000000000000067e-01 0
3.00000000000000044e-01 5.75000000000000067e-01 0
3.25000000000000011e-01 5.75000000000000067e-01 0
3.50000000000000033e-01 5.75000000000000067e-01 0
3.75000000000000000e-01 5.75000000000000067e-01 0
4.00000000000000022e-01 5.75000000000000067e-01 0
4.25000000000000044e-01 5.75000000000000067e-01 0
4.50000000000000011e-01 5.75000000000000067e-01 0
4.75000000000000033e-01 5.75000000000000067e-01 0
5.00000000000000000e-01 5.75000000000000067e-01 0
5.25000000000000022e-01 5.75000000000000067e-01 0
5.50000000000000044e-01 5.75000000000000067e-01 0
5.75000000000000067e-01 5.75000000000000067e-01 0
6.00000000000000089e-01 5.75000000000000067e-01 0
6.25000000000000000e-01 5.75000000000000067e-01 0
6.50000000000000022e-01 5.75000000000000067e-01 0
6.75000000000000044e-01 5.75000000000000067e-01 0
7.00000000000000067e-01 5.75000000000000067e-01 0
7.25000000000000089e-01 5.75000000000000067e-01 0
7.50000000000000000e-01 5.75000000000000067e-01 0
7.75000000000000022e-01 5.75000000000000067e-01 0
8.00000000000000044e-01 5.75000000000000067e-01 0
8.25000000000000067e-01 5.75000000000000067e-01 0
8.50000000000000089e-01 5.75000000000000067e-01 0
8.75000000000000000e-01 5.75000000000000067e-01 0
9.00000000000000022e-01 5.75000000000000067e-01 0
9.25000000000000044e-01 5.75000000000000067e-01 0
9.50000000000000067e-01 5.75000000000000067e-01 0
9.75000000000000089e-01 5.75000000000000067e-01 0
1.00000000000000000e+00 5.75000000000000067e-01 0
0.00000000000000000e+00 6.00000000000000089e-01 0
2.50000000000000014e-02 6.00000000000000089e-01 0
5.00000000000000028e-02 6.00000000000000089e-01 0
7.50000000000000111e-02 6.00000000000000089e-01 0
1.00000000000000006e-01 6.00000000000000089e-01 0
1.25000000000000000e-01 6.00000000000000089e-01 0
1.50000000000000022e-01 6.00000000000000089e-01 0
1.75000000000000017e-01 6.00000000000000089e-01 0
2.00000000000000011e-01 6.00000000000000089e-01 0
2.25000000000000006e-01 6.00000000000000089e-01 0
2.50000000000000000e-01 6.00000000000000089e-01 0
2.75000000000000022e-01 6.00000000000000089e-01 0
3.00000000000000044e-01 6.00000000000000089e-01 0
3.25000000000000011e-01 6.00000000000000089e-01 0
3.50000000000000033e-01 6.00000000000000089e-01 0
3.75000000000000000e-01 6.00000000000000089e-01 0
4.00000000000000022e-01 6.00000000000000089e-01 0
4.25000000000000044e-01 6.00000000000000089e-01 0
4.50000000000000011e-01 6.00000000000000089e-01 0
4.75000000000000033e-01 6.00000000000000089e-01 0
5.00000000000000000e-01 6.00000000000000089e-01 0
5.25000000000000022e-01 6.00000000000000089e-01 0
5.50000000000000044e-01 6.00000000000000089e-01 0
5.75000000000000067e-01 6.00000000000000089e-01 0
6.00000000000000089e-01 6.00000000000000089e-01 0
6.25000000000000000e-01 6.00000000000000089e-01 0
6.50000000000000022e-01 6.00000000000000089e-01 0
6.75000000000000044e-01 6.00000000000000089e-01 0
7.00000000000000067e-01 6.00000000000000089e-01 0
7.25000000000000089e-01 6.00000000000000089e-01 0
7.50000000000000000e-01 6.00000000000000089e-01 0
7.75000000000000022e-01 6.00000000000000089e-01 0
8.00000000000000044e-01 6.00000000000000089e-01 0
8.25000000000000067e-01 6.00000000000000089e-01 0
8.50000000000000089e-01 6.00000000000000089e-01 0
8.75000000000000000e-01 6.00000000000000089e-01 0
9.00000000000000022e-01 6.00000000000000089e-01 0
9.25000000000000044e-01 6.00000000000000089e-01 0
9.50000000000000067e-01 6.00000000000000089e-01 0
9.75000000000000089e-01 6.00000000000000089e-01 0
1.00000000000000000e+00 6.00000000000000089e-01 0
0.00000000000000000e+00 6.25000000000000000e-01 0
2.50000000000000014e-02 6.25000000000000000e-01 0
5.00000000000000028e-02 6.25000000000000000e-01 0
7.50000000000000111e-02 6.25000000000000000e-01 0
1.00000000000000006e-01 6.25000000000000000e-01 0
1.25000000000000000e-01 6.25000000000000000e-01 0
1.50000000000000022e-01 6.25000000000000000e-01 0
1.75000000000000017e-01 6.25000000000000000e-01 0
2.00000000000000011e-01 6.25000000000000000e-01 0
2.25000000000000006e-01 6.25000000000000000e-01 0
2.50000000000000000e-01 6.25000000000000000e-01 0
2.75000000000000022e-01 6.25000000000000000e-01 0
3.00000000000000044e-01 6.25000000000000000e-01 0
3.25000000000000011e-01 6.25000000000000000e-01 0
3.50000000000000033e-01 6.25000000000000000e-01 0
3.75000000000000000e-01 6.25000000000000000e-01 0
4.00000000000000022e-01 6.25000000000000000e-01 0
4.25000000000000044e-01 6.25000000000000000e-01 0
4.50000000000000011e-01 6.25000000000000000e-01 0
4.75000000000000033e-01 6.25000000000000000e-01 0
5.00000000000000000e-01 6.25000000000000000e-01 0
5.25000000000000022e-01 6.25000000000000000e-01 0
5.50000000000000044e-01 6.25000000000000000e-01 0
5.75000000000000067e-01 6.25000000000000000e-01 0
6.00000000000000089e-01 6.25000000000000000e-01 0
6.25000000000000000e-01 6.25000000000000000e-01 0
6.50000000000000022e-01 6.25000000000000000e-01 0
6.75000000000000044e-01 6.25000000000000000e-01 0
7.00000000000000067e-01 6.25000000000000000e-01 0
7.25000000000000089e-01 6.25000000000000000e-01 0
7.50000000000000000e-01 6.25000000000000000e-01 0
7.75000000000000022e-01 6.25000000000000000e-01 0
8.00000000000000044e-01 6.25000000000000000e-01 0
8.25000000000000067e-01 6.25000000000000000e-01 0
8.50000000000000089e-01 6.25000000000000000e-01 0
8.75000000000000000e-01 6.25000000000000000e-01 0
9.00000000000000022e-01 6.25000000000000000e-01 0
9.25000000000000044e-01 6.25000000000000000e-01 0
9.50000000000000067e-01 6.25000000000000000e-01 0
9.75000000000000089e-01 6.25000000000000000e-01 0
1.00000000000000000e+00 6.25000000000000000e-01 0
0.00000000000000000e+00 6.50000000000000022e-01 0
2.50000000000000014e-02 6.50000000000000022e-01 0
5.00000000000000028e-02 6.50000000000000022e-01 0
7.50000000000000111e-02 6.50000000000000022e-01 0
1.00000000000000006e-01 6.50000000000000022e-01 0
1.25000000000000000e-01 6.50000000000000022e-01 0
1.50000000000000022e-01 6.50000000000000022e-01 0
1.75000000000000017e-01 6.50000000000000022e-01 0
2.00000000000000011e-01 6.50000000000000022e-01 0
2.25000000000000006e-01 6.50000000000000022e-01 0
2.50000000000000000e-01 6.50000000000000022e-01 0
2.75000000000000022e-01 6.50000000000000022e-01 0
3.00000000000000044e-01 6.50000000000000022e-01 0
3.25000000000000011e-01 6.50000000000000022e-01 0
3.50000000000000033e-01 6.50000000000000022e-01 0
3.75000000000000000e-01 6.50000000000000022e-01 0
4.00000000000000022e-01 6.50000000000000022e-01 0
4.25000000000000044e-01 6.50000000000000022e-01 0
4.50000000000000011e-01 6.50000000000000022e-01 0
4.75000000000000033e-01 6.50000000000000022e-01 0
5.00000000000000000e-01 6.50000000000000022e-01 0
5.25000000000000022e-01 6.50000000000000022e-01 0
5.50000000000000044e-01 6.50000000000000022e-01 0
5.75000000000000067e-01 6.50000000000000022e-01 0
6.00000000000000089e-01 6.50000000000000022e-01 0
6.25000000000000000e-01 6.50000000000000022e-01 0
6.50000000000000022e-01 6.50000000000000022e-01 0
6.75000000000000044e-01 6.50000000000000022e-01 0
7.00000000000000067e-01 6.50000000000000022e-01 0
7.25000000000000089e-01 6.50000000000000022e-01 0
7.50000000000000000e-01 6.50000000000000022e-01 0
7.75000000000000022e-01 6.50000000000000022e-01 0
8.00000000000000044e-01 6.50000000000000022e-01 0
8.25000000000000067e-01 6.50000000000000022e-01 0
8.50000000000000089e-01 6.50000000000000022e-01 0
8.75000000000000000e-01 6.50000000000000022e-01 0
9.00000000000000022e-01 6.50000000000000022e-01 0
9.25000000000000044e-01 6.50000000000000022e-01 0
9.50000000000000067e-01 6.50000000000000022e-01 0
9.75000000000000089e-01 6.50000000000000022e-01 0
1.00000000000000000e+00 6.50000000000000022e-01 0
0.00000000000000000e+00 6.75000000000000044e-01 0
2.50000000000000014e-02 6.75000000000000044e-01 0
5.00000000000000028e-02 6.75000000000000044e-01 0
7.50000000000000111e-02 6.75000000000000044e-01 0
1.00000000000000006e-01 6.75000000000000044e-01 0
1.25000000000000000e-01 6.75000000000000044e-01 0
1.50000000000000022e-01 6.75000000000000044e-01 0
1.75000000000000017e-01 6.75000000000000044e-01 0
2.00000000000000011e-01 6.75000000000000044e-01 0
2.25000000000000006e-01 6.75000000000000044e-01 0
2.50000000000000000e-01 6.75000000000000044e-01 0
2.75000000000000022e-01 6.75000000000000044e-01 0
3.00000000000000044e-01 6.75000000000000044e-01 0
3.25000000000000011e-01 6.75000000000000044e-01 0
3.50000000000000033e-01 6.75000000000000044e-01 0
3.75000000000000000e-01 6.75000000000000044e-01 0
4.00000000000000022e-01 6.75000000000000044e-01 0
4.25000000000000044e-01 6.75000000000000044e-01 0
4.50000000000000011e-01 6.75000000000000044e-01 0
4.75000000000000033e-01 6.75000000000000044e-01 0
5.00000000000000000e-01 6.75000000000000044e-01 0
5.25000000000000022e-01 6.75000000000000044e-01 0
5.50000000000000044e-01 6.75000000000000044e-01 0
5.75000000000000067e-01 6.75000000000000044e-01 0
6.00000000000000089e-01 6.75000000000000044e-01 0
6.25000000000000000e-01 6.75000000000000044e-01 0
6.50000000000000022e-01 6.75000000000000044e-01 0
6.75000000000000044e-01 6.75000000000000044e-01 0
7.00000000000000067e-01 6.75000000000000044e-01 0
7.25000000000000089e-01 6.75000000000000044e-01 0
7.50000000000000000e-01 6.75000000000000044e-01 0
7.75000000000000022e-01 6.75000000000000044e-01 0
8.00000000000000044e-01 6.75000000000000044e-01 0
8.25000000000000067e-01 6.75000000000000044e-01 0
8.50000000000000089e-01 6.75000000000000044e-01 0
8.75000000000000000e-01 6.75000000000000044e-01 0
9.00000000000000022e-01 6.75000000000000044e-01 0
9.25000000000000044e-01 6.75000000000000044e-01 0
9.50000000000000067e-01 6.75000000000000044e-01 0
9.75000000000000089e-01 6.75000000000000044e-01 0
1.00000000000000000e+00 6.75000000000000044e-01 0
0.00000000000000000e+00 7.00000000000000067e-01 0
2.50000000000000014e-02 7.00000000000000067e-01 0
5.00000000000000028e-02 7.00000000000000067e-01 0
7.50000000000000111e-02 7.00000000000000067e-01 0
1.00000000000000006e-01 7.00000000000000067e-01 0
1.25000000000000000e-01 7.00000000000000067e-01 0
1.50000000000000022e-01 7.00000000000000067e-01 0
1.75000000000000017e-01 7.00000000000000067e-01 0
2.00000000000000011e-01 7.00000000000000067e-01 0
2.25000000000000006e-01 7.00000000000000067e-01 0
2.50000000000000000e-01 7.00000000000000067e-01 0
2.75000000000000022e-01 7.00000000000000067e-01 0
3.00000000000000044e-01 7.00000000000000067e-01 0
3.25000000000000011e-01 7.00000000000000067e-01 0
3.50000000000000033e-01 7.00000000000000067e-01 0
3.75000000000000000e-01 7.00000000000000067e-01 0
4.00000000000000022e-01 7.00000000000000067e-01 0
4.25000000000000044e-01 7.00000000000000067e-01 0
4.50000000000000011e-01 7.00000000000000067e-01 0
4.75000000000000033e-01 7.00000000000000067e-01 0
5.00000000000000000e-01 7.00000000000000067e-01 0
5.25000000000000022e-01 7.00000000000000067e-01 0
5.50000000000000044e-01 7.00000000000000067e-01 0
5.75000000000000067e-01 7.00000000000000067e-01 0
6.00000000000000089e-01 7.00000000000000067e-01 0
6.25000000000000000e-01 7.00000000000000067e-01 0
6.50000000000000022e-01 7.00000000000000067e-01 0
6.75000000000000044e-01 7.00000000000000067e-01 0
7.00000000000000067e-01 7.00000000000000067e-01 0
7.25000000000000089e-01 7.00000000000000067e-01 0
7.50000000000000000e-01 7.00000000000000067e-01 0
7.75000000000000022e-01 7.00000000000000067e-01 0
8.00000000000000044e-01 7.00000000000000067e-01 0
8.25000000000000067e-01 7.00000000000000067e-01 0
8.50000000000000089e-01 7.00000000000000067e-01 0
8.75000000000000000e-01 7.00000000000000067e-01 0
9.00000000000000022e-01 7.00000000000000067e-01 0
9.25000000000000044e-01 7.00000000000000067e-01 0
9.50000000000000067e-01 7.00000000000000067e-01 0
9.75000000000000089e-01 7.00000000000000067e-01 0
1.00000000000000000e+00 7.00000000000000067e-01 0
0.00000000000000000e+00 7.25000000000000089e-01 0
2.50000000000000014e-02 7.25000000000000089e-01 0
5.00000000000000028e-02 7.25000000000000089e-01 0
7.50000000000000111e-02 7.25000000000000089e-01 0
1.00000000000000006e-01 7.25000000000000089e-01 0
1.25000000000000000e-01 7.25000000000000089e-01 0
1.50000000000000022e-01 7.25000000000000089e-01 0
1.75000000000000017e-01 7.25000000000000089e-01 0
2.00000000000000011e-01 7.25000000000000089e-01 0
2.25000000000000006e-01 7.25000000000000089e-01 0
2.50000000000000000e-01 7.25000000000000089e-01 0
2.75000000000000022e-01 7.25000000000000089e-01 0
3.00000000000000044e-01 7.25000000000000089e-01 0
3.25000000000000011e-01 7.25000000000000089e-01 0
3.50000000000000033e-01 7.25000000000000089e-01 0
3.75000000000000000e-01 7.25000000000000089e-01 0
4.00000000000000022e-01 7.25000000000000089e-01 0
4.25000000000000044e-01 7.25000000000000089e-01 0
4.50000000000000011e-01 7.25000000000000089e-01 0
4.75000000000000033e-01 7.25000000000000089e-01 0
5.00000000000000000e-01 7.25000000000000089e-01 0
5.25000000000000022e-01 7.25000000000000089e-01 0
5.50000000000000044e-01 7.25000000000000089e-01 0
5.75000000000000067e-01 7.25000000000000089e-01 0
6.00000000000000089e-01 7.25000000000000089e-01 0
6.25000000000000000e-01 7.25000000000000089e-01 0
6.50000000000000022e-01 7.25000000000000089e-01 0
6.75000000000000044e-01 7.25000000000000089e-01 0
7.00000000000000067e-01 7.25000000000000089e-01 0
7.25000000000000089e-01 7.25000000000000089e-01 0
7.50000000000000000e-01 7.25000000000000089e-01 0
7.75000000000000022e-01 7.25000000000000089e-01 0
8.00000000000000044e-01 7.25000000000000089e-01 0
8.25000000000000067e-01 7.25000000000000089e-01 0
8.50000000000000089e-01 7.25000000000000089e-01 0
8.75000000000000000e-01 7.25000000000000089e-01 0
9.00000000000000022e-01 7.25000000000000089e-01 0
9.25000000000000044e-01 7.25000000000000089e-01 0
9.50000000000000067e-01 7.25000000000000089e-01 0
9.75000000000000089e-01 7.25000000000000089e-01 0
1.00000000000000000e+00 7.25000000000000089e-01 0
0.00000000000000000e+00 7.50000000000000000e-01 0
2.50000000000000014e-02 7.50000000000000000e-01 0
5.00000000000000028e-02 7.50000000000000000e-01 0
7.50000000000000111e-02 7.50000000000000000e-01 0
1.00000000000000006e-01 7.50000000000000000e-01 0
1.25000000000000000e-01 7.50000000000000000e-01 0
1.50000000000000022e-01 7.50000000000000000e-01 0
1.75000000000000017e-01 7.50000000000000000e-01 0
2.00000000000000011e-01 7.50000000000000000e-01 0
2.25000000000000006e-01 7.50000000000000000e-01 0
2.50000000000000000e-01 7.50000000000000000e-01 0
2.75000000000000022e-01 7.50000000000000000e-01 0
3.00000000000000044e-01 7.50000000000000000e-01 0
3.25000000000000011e-01 7.50000000000000000e-01 0
3.50000000000000033e-01 7.50000000000000000e-01 0
3.75000000000000000e-01 7.50000000000000000e-01 0
4.00000000000000022e-01 7.50000000000000000e-01 0
4.25000000000000044e-01 7.50000000000000000e-01 0
4.50000000000000011e-01 7.50000000000000000e-01 0
4.75000000000000033e-01 7.50000000000000000e-01 0
5.00000000000000000e-01 7.50000000000000000e-01 0
5.25000000000000022e-01 7.50000000000000000e-01 0
5.50000000000000044e-01 7.50000000000000000e-01 0
5.75000000000000067e-01 7.50000000000000000e-01 0
6.00000000000000089e-01 7.50000000000000000e-01 0
6.25000000000000000e-01 7.50000000000000000e-01 0
6.50000000000000022e-01 7.50000000000000000e-01 0
6.75000000000000044e-01 7.50000000000000000e-01 0
7.00000000000000067e-01 7.50000000000000000e-01 0
7.25000000000000089e-01 7.50000000000000000e-01 0
7.50000000000000000e-01 7.50000000000000000e-01 0
7.75000000000000022e-01 7.50000000000000000e-01 0
8.00000000000000044e-01 7.50000000000000000e-01 0
8.25000000000000067e-01 7.50000000000000000e-01 0
8.50000000000000089e-01 7.50000000000000000e-01 0
8.75000000000000000e-01 7.50000000000000000e-01 0
9.00000000000000022e-01 7.50000000000000000e-01 0
9.25000000000000044e-01 7.50000000000000000e-01 0
9.50000000000000067e-01 7.50000000000000000e-01 0
9.75000000000000089e-01 7.50000000000000000e-01 0
1.00000000000000000e+00 7.50000000000000000e-01 0
0.00000000000000000e+00 7.75000000000000022e-01 0
2.50000000000000014e-02 7.75000000000000022e-01 0
5.00000000000000028e-02 7.75000000000000022e-01 0
7.50000000000000111e-02 7.75000000000000022e-01 0
1.00000000000000006e-01 7.75000000000000022e-01 0
1.25000000000000000e-01 7.75000000000000022e-01 0
1.50000000000000022e-01 7.75000000000000022e-01 0
1.75000000000000017e-01 7.75000000000000022e-01 0
2.00000000000000011e-01 7.75000000000000022e-01 0
2.25000000000000006e-01 7.75000000000000022e-01 0
2.50000000000000000e-01 7.75000000000000022e-01 0
2.75000000000000022e-01 7.75000000000000022e-01 0
3.00000000000000044e-01 7.75000000000000022e-01 0
3.25000000000000011e-01 7.75000000000000022e-01 0
3.50000000000000033e-01 7.75000000000000022e-01 0
3.75000000000000000e-01 7.75000000000000022e-01 0
4.00000000000000022e-01 7.75000000000000022e-01 0
4.25000000000000044e-01 7.75000000000000022e-01 0
4.50000000000000011e-01 7.75000000000000022e-01 0
4.75000000000000033e-01 7.75000000000000022e-01 0
5.00000000000000000e-01 7.75000000000000022e-01 0
5.25000000000000022e-01 7.75000000000000022e-01 0
5.50000000000000044e-01 7.75000000000000022e-01 0
5.75000000000000067e-01 7.75000000000000022e-01 0
6.00000000000000089e-01 7.75000000000000022e-01 0
6.25000000000000000e-01 7.75000000000000022e-01 0
6.50000000000000022e-01 7.75000000000000022e-01 0
6.75000000000000044e-01 7.75000000000000022e-01 0
7.00000000000000067e-01 7.75000000000000022e-01 0
7.25000000000000089e-01 7.75000000000000022e-01 0
7.50000000000000000e-01 7.75000000000000022e-01 0
7.75000000000000022e-01 7.75000000000000022e-01 0
8.00000000000000044e-01 7.75000000000000022e-01 0
8.25000000000000067e-01 7.75000000000000022e-01 0
8.50000000000000089e-01 7.75000000000000022e-01 0
8.75000000000000000e-01 7.75000000000000022e-01 0
9.00000000000000022e-01 7.75000000000000022e-01 0
9.25000000000000044e-01 7.75000000000000022e-01 0
9.50000000000000067e-01 7.75000000000000022e-01 0
9.75000000000000089e-01 7.75000000000000022e-01 0
1.00000000000000000e+00 7.75000000000000022e-01 0
0.00000000000000000e+00 8.00000000000000044e-01 0
2.50000000000000014e-02 8.00000000000000044e-01 0
5.00000000000000028e-02 8.00000000000000044e-01 0
7.50000000000000111e-02 8.00000000000000044e-01 0
1.00000000000000006e-01 8.00000000000000044e-01 0
1.25000000000000000e-01 8.00000000000000044e-01 0
1.50000000000000022e-01 8.00000000000000044e-01 0
1.75000000000000017e-01 8.00000000000000044e-01 0
2.00000000000000011e-01 8.00000000000000044e-01 0
2.25000000000000006e-01 8.00000000000000044e-01 0
2.50000000000000000e-01 8.00000000000000044e-01 0
2.75000000000000022e-01 8.00000000000000044e-01 0
3.00000000000000044e-01 8.00000000000000044e-01 0
3.25000000000000011e-01 8.00000000000000044e-01 0
3.50000000000000033e-01 8.00000000000000044e-01 0
3.75000000000000000e-01 8.00000000000000044e-01 0
4.00000000000000022e-01 8.00000000000000044e-01 0
4.25000000000000044e-01 8.00000000000000044e-01 0
4.50000000000000011e-01 8.00000000000000044e-01 0
4.75000000000000033e-01 8.00000000000000044e-01 0
5.00000000000000000e-01 8.00000000000000044e-01 0
5.25000000000000022e-01 8.00000000000000044e-01 0
5.50000000000000044e-01 8.00000000000000044e-01 0
5.75000000000000067e-01 8.00000000000000044e-01 0
6.00000000000000089e-01 8.00000000000000044e-01 0
6.25000000000000000e-01 8.00000000000000044e-01 0
6.50000000000000022e-01 8.00000000000000044e-01 0
6.75000000000000044e-01 8.00000000000000044e-01 0
7.00000000000000067e-01 8.00000000000000044e-01 0
7.25000000000000089e-01 8.00000000000000044e-01 0
7.50000000000000000e-01 8.00000000000000044e-01 0
7.75000000000000022e-01 8.00000000000000044e-01 0
8.00000000000000044e-01 8.00000000000000044e-01 0
8.25000000000000067e-01 8.00000000000000044e-01 0
8.50000000000000089e-01 8.00000000000000044e-01 0
8.75000000000000000e-01 8.00000000000000044e-01 0
9.00000000000000022e-01 8.00000000000000044e-01 0
9.25000000000000044e-01 8.00000000000000044e-01 0
9.50000000000000067e-01 8.00000000000000044e-01 0
9.75000000000000089e-01 8.00000000000000044e-01 0
1.00000000000000000e+00 8.00000000000000044e-01 0
0.00000000000000000e+00 8.25000000000000067e-01 0
2.50000000000000014e-02 8.25000000000000067e-01 0
5.00000000000000028e-02 8.25000000000000067e-01 0
7.50000000000000111e-02 8.25000000000000067e-01 0
1.00000000000000006e-01 8.25000000000000067e-01 0
1.25000000000000000e-01 8.25000000000000067e-01 0
1.50000000000000022e-01 8.25000000000000067e-01 0
1.75000000000000017e-01 8.25000000000000067e-01 0
2.00000000000000011e-01 8.25000000000000067e-01 0
2.25000000000000006e-01 8.25000000000000067e-01 0
2.50000000000000000e-01 8.25000000000000067e-01 0
2.75000000000000022e-01 8.25000000000000067e-01 0
3.00000000000000044e-01 8.25000000000000067e-01 0
3.25000000000000011e-01 8.25000000000000067e-01 0
3.50000000000000033e-01 8.25000000000000067e-01 0
3.75000000000000000e-01 8.25000000000000067e-01 0
4.00000000000000022e-01 8.25000000000000067e-01 0
4.25000000000000044e-01 8.25000000000000067e-01 0
4.50000000000000011e-01 8.25000000000000067e-01 0
4.75000000000000033e-01 8.25000000000000067e-01 0
5.00000000000000000e-01 8.25000000000000067e-01 0
5.25000000000000022e-01 8.25000000000000067e-01 0
5.50000000000000044e-01 8.25000000000000067e-01 0
5.75000000000000067e-01 8.25000000000000067e-01 0
6.00000000000000089e-01 8.25000000000000067e-01 0
6.25000000000000000e-01 8.25000000000000067e-01 0
6.50000000000000022e-01 8.25000000000000067e-01 0
6.75000000000000044e-01 8.25000000000000067e-01 0
7.00000000000000067e-01 8.25000000000000067e-01 0
7.25000000000000089e-01 8.25000000000000067e-01 0
7.50000000000000000e-01 8.25000000000000067e-01 0
7.75000000000000022e-01 8.25000000000000067e-01 0
8.00000000000000044e-01 8.25000000000000067e-01 0
8.25000000000000067e-01 8.25000000000000067e-01 0
8.50000000000000089e-01 8.25000000000000067e-01 0
8.75000000000000000e-01 8.25000000000000067e-01 0
9.00000000000000022e-01 8.25000000000000067e-01 0
9.25000000000000044e-01 8.25000000000000067e-01 0
9.50000000000000067e-01 8.25000000000000067e-01 0
9.75000000000000089e-01 8.25000000000000067e-01 0
1.00000000000000000e+00 8.25000000000000067e-01 0
0.00000000000000000e+00 8.50000000000000089e-01 0
2.50000000000000014e-02 8.50000000000000089e-01 0
5.00000000000000028e-02 8.50000000000000089e-01 0
7.50000000000000111e-02 8.50000000000000089e-01 0
1.00000000000000006e-01 8.50000000000000089e-01 0
1.25000000000000000e-01 8.50000000000000089e-01 0
1.50000000000000022e-01 8.50000000000000089e-01 0
1.75000000000000017e-01 8.50000000000000089e-01 0
2.00000000000000011e-01 8.50000000000000089e-01 0
2.25000000000000006e-01 8.50000000000000089e-01 0
2.50000000000000000e-01 8.50000000000000089e-01 0
2.75000000000000022e-01 8.50000000000000089e-01 0
3.00000000000000044e-01 8.50000000000000089e-01 0
3.25000000000000011e-01 8.50000000000000089e-01 0
3.50000000000000033e-01 8.50000000000000089e-01 0
3.75000000000000000e-01 8.50000000000000089e-01 0
4.00000000000000022e-01 8.50000000000000089e-01 0
4.25000000000000044e-01 8.50000000000000089e-01 0
4.50000000000000011e-01 8.50000000000000089e-01 0
4.75000000000000033e-01 8.50000000000000089e-01 0
5.00000000000000000e-01 8.50000000000000089e-01 0
5.25000000000000022e-01 8.50000000000000089e-01 0
5.50000000000000044e-01 8.50000000000000089e-01 0
5.75000000000000067e-01 8.50000000000000089e-01 0
6.00000000000000089e-01 8.50000000000000089e-01 0
6.25000000000000000e-01 8.50000000000000089e-01 0
6.50000000000000022e-01 8.50000000000000089e-01 0
6.75000000000000044e-01 8.50000000000000089e-01 0
7.00000000000000067e-01 8.50000000000000089e-01 0
7.25000000000000089e-01 8.50000000000000089e-01 0
7.50000000000000000e-01 8.50000000000000089e-01 0
7.75000000000000022e-01 8.50000000000000089e-01 0
8.00000000000000044e-01 8.50000000000000089e-01 0
8.25000000000000067e-01 8.50000000000000089e-01 0
8.50000000000000089e-01 8.50000000000000089e-01 0
8.75000000000000000e-01 8.50000000000000089e-01 0
9.00000000000000022e-01 8.50000000000000089e-01 0
9.25000000000000044e-01 8.50000000000000089e-01 0
9.50000000000000067e-01 8.50000000000000089e-01 0
9.75000000000000089e-01 8.50000000000000089e-01 0
1.00000000000000000e+00 8.50000000000000089e-01 0
0.00000000000000000e+00 8.75000000000000000e-01 0
2.50000000000000014e-02 8.75000000000000000e-01 0
5.00000000000000028e-02 8.75000000000000000e-01 0
7.50000000000000111e-02 8.75000000000000000e-01 0
1.00000000000000006e-01 8.75000000000000000e-01 0
1.25000000000000000e-01 8.75000000000000000e-01 0
1.50000000000000022e-01 8.75000000000000000e-01 0
1.75000000000000017e-01 8.75000000000000000e-01 0
2.00000000000000011e-01 8.75000000000000000e-01 0
2.25000000000000006e-01 8.75000000000000000e-01 0
2.50000000000000000e-01 8.75000000000000000e-01 0
2.75000000000000022e-01 8.75000000000000000e-01 0
3.00000000000000044e-01 8.75000000000000000e-01 0
3.25000000000000011e-01 8.75000000000000000e-01 0
3.50000000000000033e-01 8.75000000000000000e-01 0
3.75000000000000000e-01 8.75000000000000000e-01 0
4.00000000000000022e-01 8.75000000000000000e-01 0
4.25000000000000044e-01 8.75000000000000000e-01 0
4.50000000000000011e-01 8.75000000000000000e-01 0
4.75000000000000033e-01 8.75000000000000000e-01 0
5.00000000000000000e-01 8.75000000000000000e-01 0
5.25000000000000022e-01 8.75000000000000000e-01 0
5.50000000000000044e-01 8.75000000000000000e-01 0
5.75000000000000067e-01 8.75000000000000000e-01 0
6.00000000000000089e-01 8.75000000000000000e-01 0
6.25000000000000000e-01 8.75000000000000000e-01 0
6.50000000000000022e-01 8.75000000000000000e-01 0
6.75000000000000044e-01 8.75000000000000000e-01 0
7.00000000000000067e-01 8.75000000000000000e-01 0
7.25000000000000089e-01 8.75000000000000000e-01 0
7.50000000000000000e-01 8.75000000000000000e-01 0
7.75000000000000022e-01 8.75000000000000000e-01 0
8.00000000000000044e-01 8.75000000000000000e-01 0
8.25000000000000067e-01 8.75000000000000000e-01 0
8.50000000000000089e-01 8.75000000000000000e-01 0
8.75000000000000000e-01 8.75000000000000000e-01 0
9.00000000000000022e-01 8.75000000000000000e-01 0
9.25000000000000044e-01 8.75000000000000000e-01 0
9.50000000000000067e-01 8.75000000000000000e-01 0
9.75000000000000089e-01 8.75000000000000000e-01 0
1.00000000000000000e+00 8.75000000000000000e-01 0
0.00000000000000000e+00 9.00000000000000022e-01 0
2.50000000000000014e-02 9.00000000000000022e-01 0
5.00000000000000028e-02 9.00000000000000022e-01 0
7.50000000000000111e-02 9.00000000000000022e-01 0
1.00000000000000006e-01 9.00000000000000022e-01 0
1.25000000000000000e-01 9.00000000000000022e-01 0
1.50000000000000022e-01 9.00000000000000022e-01 0
1.75000000000000017e-01 9.00000000000000022e-01 0
2.00000000000000011e-01 9.00000000000000022e-01 0
2.25000000000000006e-01 9.00000000000000022e-01 0
2.50000000000000000e-01 9.00000000000000022e-01 0
2.75000000000000022e-01 9.00000000000000022e-01 0
3.00000000000000044e-01 9.00000000000000022e-01 0
3.25000000000000011e-01 9.00000000000000022e-01 0
3.50000000000000033e-01 9.00000000000000022e-01 0
3.75000000000000000e-01 9.00000000000000022e-01 0
4.00000000000000022e-01 9.00000000000000022e-01 0
4.25000000000000044e-01 9.00000000000000022e-01 0
4.50000000000000011e-01 9.00000000000000022e-01 0
4.75000000000000033e-01 9.00000000000000022e-01 0
5.00000000000000000e-01 9.00000000000000022e-01 0
5.25000000000000022e-01 9.00000000000000022e-01 0
5.50000000000000044e-01 9.00000000000000022e-01 0
5.75000000000000067e-01 9.00000000000000022e-01 0
6.00000000000000089e-01 9.00000000000000022e-01 0
6.25000000000000000e-01 9.00000000000000022e-01 0
6.50000000000000022e-01 9.00000000000000022e-01 0
6.75000000000000044e-01 9.00000000000000022e-01 0
7.00000000000000067e-01 9.00000000000000022e-01 0
7.25000000000000089e-01 9.00000000000000022e-01 0
7.50000000000000000e-01 9.00000000000000022e-01 0
7.75000000000000022e-01 9.00000000000000022e-01 0
8.00000000000000044e-01 9.00000000000000022e-01 0
8.25000000000000067e-01 9.00000000000000022e-01 0
8.50000000000000089e-01 9.00000000000000022e-01 0
8.75000000000000000e-01 9.00000000000000022e-01 0
9.00000000000000022e-01 9.00000000000000022e-01 0
9.25000000000000044e-01 9.00000000000000022e-01 0
9.50000000000000067e-01 9.00000000000000022e-01 0
9.75000000000000089e-01 9.00000000000000022e-01 0
1.00000000000000000e+00 9.00000000000000022e-01 0
0.00000000000000000e+00 9.25000000000000044e-01 0
2.50000000000000014e-02 9.25000000000000044e-01 0
5.00000000000000028e-02 9.25000000000000044e-01 0
7.50000000000000111e-02 9.25000000000000044e-01 0
1.00000000000000006e-01 9.25000000000000044e-01 0
1.25000000000000000e-01 9.25000000000000044e-01 0
1.50000000000000022e-01 9.25000000000000044e-01 0
1.75000000000000017e-01 9.25000000000000044e-01 0
2.00000000000000011e-01 9.25000000000000044e-01 0
2.25000000000000006e-01 9.25000000000000044e-01 0
2.50000000000000000e-01 9.25000000000000044e-01 0
2.75000000000000022e-01 9.25000000000000044e-01 0
3.00000000000000044e-01 9.25000000000000044e-01 0
3.25000000000000011e-01 9.25000000000000044e-01 0
3.50000000000000033e-01 9.25000000000000044e-01 0
3.75000000000000000e-01 9.25000000000000044e-01 0
4.00000000000000022e-01 9.25000000000000044e-01 0
4.25000000000000044e-01 9.25000000000000044e-01 0
4.50000000000000011e-01 9.25000000000000044e-01 0
4.75000000000000033e-01 9.25000000000000044e-01 0
5.00000000000000000e-01 9.25000000000000044e-01 0
5.25000000000000022e-01 9.25000000000000044e-01 0
5.50000000000000044e-01 9.25000000000000044e-01 0
5.75000000000000067e-01 9.25000000000000044e-01 0
6.00000000000000089e-01 9.25000000000000044e-01 0
6.25000000000000000e-01 9.25000000000000044e-01 0
6.50000000000000022e-01 9.25000000000000044e-01 0
6.75000000000000044e-01 9.25000000000000044e-01 0
7.00000000000000067e-01 9.25000000000000044e-01 0
7.25000000000000089e-01 9.25000000000000044e-01 0
7.50000000000000000e-01 9.25000000000000044e-01 0
7.75000000000000022e-01 9.25000000000000044e-01 0
8.00000000000000044e-01 9.25000000000000044e-01 0
8.25000000000000067e-01 9.25000000000000044e-01 0
8.50000000000000089e-01 9.25000000000000044e-01 0
8.75000000000000000e-01 9.25000000000000044e-01 0
9.00000000000000022e-01 9.25000000000000044e-01 0
9.25000000000000044e-01 9.25000000000000044e-01 0
9.50000000000000067e-01 9.25000000000000044e-01 0
9.75000000000000089e-01 9.25000000000000044e-01 0
1.00000000000000000e+00 9.25000000000000044e-01 0
0.00000000000000000e+00 9.50000000000000067e-01 0
2.50000000000000014e-02 9.50000000000000067e-01 0
5.00000000000000028e-02 9.50000000000000067e-01 0
7.50000000000000111e-02 9.50000000000000067e-01 0
1.00000000000000006e-01 9.50000000000000067e-01 0
1.25000000000000000e-01 9.50000000000000067e-01 0
1.50000000000000022e-01 9.50000000000000067e-01 0
1.75000000000000017e-01 9.50000000000000067e-01 0
2.00000000000000011e-01 9.50000000000000067e-01 0
2.25000000000000006e-01 9.50000000000000067e-01 0
2.50000000000000000e-01 9.50000000000000067e-01 0
2.75000000000000022e-01 9.50000000000000067e-01 0
3.00000000000000044e-01 9.50000000000000067e-01 0
3.25000000000000011e-01 9.50000000000000067e-01 0
3.50000000000000033e-01 9.50000000000000067e-01 0
3.75000000000000000e-01 9.50000000000000067e-01 0
4.00000000000000022e-01 9.50000000000000067e-01 0
4.25000000000000044e-01 9.50000000000000067e-01 0
4.50000000000000011e-01 9.50000000000000067e-01 0
4.75000000000000033e-01 9.50000000000000067e-01 0
5.00000000000000000e-01 9.50000000000000067e-01 0
5.25000000000000022e-01 9.50000000000000067e-01 0
5.50000000000000044e-01 9.50000000000000067e-01 0
5.75000000000000067e-01 9.50000000000000067e-01 0
6.00000000000000089e-01 9.50000000000000067e-01 0
6.25000000000000000e-01 9.50000000000000067e-01 0
6.50000000000000022e-01 9.50000000000000067e-01 0
6.75000000000000044e-01 9.50000000000000067e-01 0
7.00000000000000067e-01 9.50000000000000067e-01 0
7.25000000000000089e-01 9.50000000000000067e-01 0
7.50000000000000000e-01 9.50000000000000067e-01 0
7.75000000000000022e-01 9.50000000000000067e-01 0
8.00000000000000044e-01 9.50000000000000067e-01 0
8.25000000000000067e-01 9.50000000000000067e-01 0
8.50000000000000089e-01 9.50000000000000067e-01 0
8.75000000000000000e-01 9.50000000000000067e-01 0
9.00000000000000022e-01 9.50000000000000067e-01 0
9.25000000000000044e-01 9.50000000000000067e-01 0
9.50000000000000067e-01 9.50000000000000067e-01 0
9.75000000000000089e-01 9.50000000000000067e-01 0
1.00000000000000000e+00 9.50000000000000067e-01 0
0.00000000000000000e+00 9.75000000000000089e-01 0
2.50000000000000014e-02 9.75000000000000089e-01 0
5.00000000000000028e-02 9.75000000000000089e-01 0
7.50000000000000111e-02 9.75000000000000089e-01 0
1.00000000000000006e-01 9.75000000000000089e-01 0
1.25000000000000000e-01 9.75000000000000089e-01 0
1.50000000000000022e-01 9.75000000000000089e-01 0
1.75000000000000017e-01 9.75000000000000089e-01 0
2.00000000000000011e-01 9.75000000000000089e-01 0
2.25000000000000006e-01 9.75000000000000089e-01 0
2.50000000000000000e-01 9.75000000000000089e-01 0
2.75000000000000022e-01 9.75000000000000089e-01 0
3.00000000000000044e-01 9.75000000000000089e-01 0
3.25000000000000011e-01 9.75000000000000089e-01 0
3.50000000000000033e-01 9.75000000000000089e-01 0
3.75000000000000000e-01 9.75000000000000089e-01 0
4.00000000000000022e-01 9.75000000000000089e-01 0
4.25000000000000044e-01 9.75000000000000089e-01 0
4.50000000000000011e-01 9.75000000000000089e-01 0
4.75000000000000033e-01 9.75000000000000089e-01 0
5.00000000000000000e-01 9.75000000000000089e-01 0
5.25000000000000022e-01 9.75000000000000089e-01 0
5.50000000000000044e-01 9.75000000000000089e-01 0
5.75000000000000067e-01 9.75000000000000089e-01 0
6.00000000000000089e-01 9.75000000000000089e-01 0
6.25000000000000000e-01 9.75000000000000089e-01 0
6.50000000000000022e-01 9.75000000000000089e-01 0
6.75000000000000044e-01 9.75000000000000089e-01 0
7.00000000000000067e-01 9.75000000000000089e-01 0
7.25000000000000089e-01 9.75000000000000089e-01 0
7.50000000000000000e-01 9.75000000000000089e-01 0
7.75000000000000022e-01 9.75000000000000089e-01 0
8.00000000000000044e-01 9.75000000000000089e-01 0
8.25000000000000067e-01 9.75000000000000089e-01 0
8.50000000000000089e-01 9.75000000000000089e-01 0
8.75000000000000000e-01 9.75000000000000089e-01 0
9.00000000000000022e-01 9.75000000000000089e-01 0
9.25000000000000044e-01 9.75000000000000089e-01 0
9.50000000000000067e-01 9.75000000000000089e-01 0
9.75000000000000089e-01 9.75000000000000089e-01 0
1.00000000000000000e+00 9.75000000000000089e-01 0
0.00000000000000000e+00 1.00000000000000000e+00 0
2.50000000000000014e-02 1.00000000000000000e+00 0
5.00000000000000028e-02 1.00000000000000000e+00 0
7.50000000000000111e-02 1.00000000000000000e+00 0
1.00000000000000006e-01 1.00000000000000000e+00 0
1.25000000000000000e-01 1.00000000000000000e+00 0
1.50000000000000022e-01 1.00000000000000000e+00 0
1.75000000000000017e-01 1.00000000000000000e+00 0
2.00000000000000011e-01 1.00000000000000000e+00 0
2.25000000000000006e-01 1.00000000000000000e+00 0
2.50000000000000000e-01 1.00000000000000000e+00 0
2.75000000000000022e-01 1.00000000000000000e+00 0
3.00000000000000044e-01 1.00000000000000000e+00 0
3.25000000000000011e-01 1.00000000000000000e+00 0
3.50000000000000033e-01 1.00000000000000000e+00 0
3.75000000000000000e-01 1.00000000000000000e+00 0
4.00000000000000022e-01 1.00000000000000000e+00 0
4.25000000000000044e-01 1.00000000000000000e+00 0
4.50000000000000011e-01 1.00000000000000000e+00 0
4.75000000000000033e-01 1.00000000000000000e+00 0
5.00000000000000000e-01 1.00000000000000000e+00 0
5.25000000000000022e-01 1.00000000000000000e+00 0
5.50000000000000044e-01 1.00000000000000000e+00 0
5.75000000000000067e-01 1.00000000000000000e+00 0
6.00000000000000089e-01 1.00000000000000000e+00 0
6.25000000000000000e-01 1.00000000000000000e+00 0
6.50000000000000022e-01 1.00000000000000000e+00 0
6.75000000000000044e-01 1.00000000000000000e+00 0
7.00000000000000067e-01 1.00000000000000000e+00 0
7.25000000000000089e-01 1.00000000000000000e+00 0
7.50000000000000000e-01 1.00000000000000000e+00 0
7.75000000000000022e-01 1.00000000000000000e+00 0
8.00000000000000044e-01 1.00000000000000000e+00 0
8.25000000000000067e-01 1.00000000000000000e+00 0
8.50000000000000089e-01 1.00000000000000000e+00 0
8.75000000000000000e-01 1.00000000000000000e+00 0
9.00000000000000022e-01 1.00000000000000000e+00 0
9.25000000000000044e-01 1.00000000000000000e+00 0
9.50000000000000067e-01 1.00000000000000000e+00 0
9.75000000000000089e-01 1.00000000000000000e+00 0
1.00000000000000000e+00 1.00000000000000000e+00 0
CELLS 1600 8000
4 0 1 42 41
4 1 2 43 42
4 2 3 44 43
4 3 4 45 44
4 4 5 46 45
4 5 6 47 46
4 6 7 48 47
4 7 8 49 48
4 8 9 50 49
4 9 10 51 50
4 10 11 52 51
4 11 12 53 52
4 12 13 54 53
4 13 14 55 54
4 14 15 56 55
4 15 16 57 56
4 16 17 58 57
4 17 18 59 58
4 18 19 60 59
4 19 20 61 60
4 20 21 62 61
4 21 22 63 62
4 22 23 64 63
4 23 24 65 64
4 24 25 66 65
4 25 26 67 66
4 26 27 68 67
4 27 28 69 68
4 28 29 70 69
4 29 30 71 70
4 30 31 72 71
4 31 32 73 72
4 32 33 74 73
4 33 34 75 74
4 34 35 76 75
4 35 36 77 76
4 36 37 78 77
4 37 38 79 78
4 38 39 80 79
4 39 40 81 80
4 41 42 83 82
4 42 43 84 83
4 43 44 85 84
4 44 45 86 85
4 45 46 87 86
4 46 47 88 87
4 47 48 89 88
4 48 49 90 89
4 49 50 91 90
4 50 51 92 91
4 51 52 93 92
4 52 53 94 93
4 53 54 95 94
4 54 55 96 95
4 55 56 97 96
4 56 57 98 97
4 57 58 99 98
4 58 59 100 99
4 59 60 101 100
4 60 61 102 101
4 61 62 103 102
4 62 63 104 103
4 63 64 105 104
4 64 65 106 105
4 65 66 107 106
4 66 67 108 107
4 67 68 109 108
4 68 69 110 109
4 69 70 111 110
4 70 71 112 111
4 71 72 113 112
4 72 73 114 113
4 73 74 115 114
4 74 75 116 115
4 75 76 117 116
4 76 77 118 117
4 77 78 119 118
4 78 79 120 119
4 79 80 121 120
4 80 81 122 121
4 82 83 124 123
4 83 84 125 124
4 84 85 126 125
4 85 86 127 126
4 86 87 128 127
4 87 88 129 128
4 88 89 130 129
4 89 90 131 130
4 90 91 132 131
4 91 92 133 132
4 92 93 134 133
4 93 94 135 134
4 94 95 136 135
4 95 96 137 136
4 96 97 138 137
4 97 98 139 138
4 98 99 140 139
4 99 100 141 140
4 100 101 142 141
4 101 102 143 142
4 102 103 144 143
4 103 104 145 144
4 104 105 146 145
4 105 106 147 146
4 106 107 148 147
4 107 108 149 148
4 108 109 150 149
4 109 110 151 150
4 110 111 152 151
4 111 112 153 152
4 112 113 154 153
4 113 114 155 154
4 114 115 156 155
4 115 116 157 156
4 116 117 158 157
4 117 118 159 158
4 118 119 160 159
4 119 120 161 160
4 120 121 162 161
4 121 122 163 162
4 123 124 165 164
4 124 125 166 165
4 125 126 167 166
4 126 127 168 167
4 127 128 169 168
4 128 129 170 169
4 129 130 171 170
4 130 131 172 171
4 131 132 173 172
4 132 133 174 173
4 133 134 175 174
4 134 135 176 175
4 135 136 177 176
4 136 137 178 177
4 137 138 179 178
4 138 139 180 179
4 139 140 181 180
4 140 141 182 181
4 141 142 183 182
4 142 143 184 183
4 143 144 185 184
4 144 145 186 185
4 145 146 187 186
4 146 147 188 187
4 147 148 189 188
4 148 149 190 189
4 149 150 191 190
4 150 151 192 191
4 151 152 193 192
4 152 153 194 193
4 153 154 195 194
4 154 155 196 195
4 155 156 197 196
4 156 157 198 197
4 157 158 199 198
4 158 159 200 199
4 159 160 201 200
4 160 161 202 201
4 161 162 203 202
4 162 163 204 203
4 164 165 206 205
4 165 166 207 206
4 166 167 208 207
4 167 168 209 208
4 168 169 210 209
4 169 170 211 210
4 170 171 212 211
4 171 172 213 212
4 172 173 214 213
4 173 174 215 214
4 174 175 216 215
4 175 176 217 216
4 176 177 218 217
4 177 178 219 218
4 178 179 220 219
4 179 180 221 220
4 180 181 222 221
4 181 182 223 222
4 182 183 224 223
4 183 184 225 224
4 184 185 226 225
4 185 186 227 226
4 186 187 228 227
4 187 188 229 228
4 188 189 230 229
4 189 190 231 230
4 190 191 232 231
4 191 192 233 232
4 192 193 234 233
4 193 194 235 234
4 194 195 236 235
4 195 196 237 236
4 196 197 238 237
4 197 198 239 238
4 198 199 240 239
4 199 200 241 240
4 200 201 242 241
4 201 202 243 242
4 202 203 244 243
4 203 204 245 244
4 205 206 247 246
4 206 207 248 247
4 207 208 249 248
4 208 209 250 249
4 209 210 251 250
4 210 211 252 251
4 211 212 253 252
4 212 213 254 253
4 213 214 255 254
4 214 215 256 255
4 215 216 257 256
4 216 217 258 257
4 217 218 259 258
4 218 219 260 259
4 219 220 261 260
4 220 221 262 261
4 221 222 263 262
4 222 223 264 263
4 223 224 265 264
4 224 225 266 265
4 225 226 267 266
4 226 227 268 267
4 227 228 269 268
4 228 229 270 269
4 229 230 271 270
4 230 231 272 271
4 231 232 273 272
4 232 233 274 273
4 233 234 275 274
4 234 235 276 275
4 235 236 277 276
4 236 237 278 277
4 237 238 279 278
4 238 239 280 279
4 239 240 281 280
4 240 241 282 281
4 241 242 283 282
4 242 243 284 283
4 243 244 285 284
4 244 245 286 285
4 246 247 288 287
4 247 248 289 288
4 248 249 290 289
4 249 250 291 290
4 250 251 292 291
4 251 252 293 292
4 252 253 294 293
4 253 254 295 294
4 254 255 296 295
4 255 256 297 296
4 256 257 298 297
4 257 258 299 298
4 258 259 300 299
4 259 260 301 300
4 260 261 302 301
4 261 262 303 302
4 262 263 304 303
4 263 264 305 304
4 264 265 306 305
4 265 266 307 306
4 266 267 308 307
4 267 268 309 308
4 268 269 310 309
4 269 270 311 310
4 270 271 312 311
4 271 272 313 312
4 272 273 314 313
4 273 274 315 314
4 274 275 316 315
4 275 276 317 316
4 276 277 318 317
4 277 278 319 318
4 278 279 320 319
4 279 280 321 320
4 280 281 322 321
4 281 282 323 322
4 282 283 324 323
4 283 284 325 324
4 284 285 326 325
4 285 286 327 326
4 287 288 329 328
4 288 289 330 329
4 289 290 331 330
4 290 291 332 331
4 291 292 333 332
4 292 293 334 333
4 293 294 335 334
4 294 295 336 335
4 295 296 337 336
4 296 297 338 337
4 297 298 339 338
4 298 299 340 339
4 299 300 341 340
4 300 301 342 341
4 301 302 343 342
4 302 303 344 343
4 303 304 345 344
4 304 305 346 345
4 305 306 347 346
4 306 307 348 347
4 307 308 349 348
4 308 309 350 349
4 309 310 351 350
4 310 311 352 351
4 311 312 353 352
4 312 313 354 353
4 313 314 355 354
4 314 315 356 355
4 315 316 357 356
4 316 317 358 357
4 317 318 359 358
4 318 319 360 359
4 319 320 361 360
4 320 321 362 361
4 321 322 363 362
4 322 323 364 363
4 323 324 365 364
4 324 325 366 365
4 325 326 367 366
4 326 327 368 367
4 328 329 370 369
4 329 330 371 370
4 330 331 372 371
4 331 332 373 372
4 332 333 374 373
4 333 334 375 374
4 334 335 376 375
4 335 336 377 376
4 336 337 378 377
4 337 338 379 378
4 338 339 380 379
4 339 340 381 380
4 340 341 382 381
4 341 342 383 382
4 342 343 384 383
4 343 344 385 384
4 344 345 386 385
4 345 346 387 386
4 346 347 388 387
4 347 348 389 388
4 348 349 390 389
4 349 350 391 390
4 350 351 392 391
4 351 352 393 392
4 352 353 394 393
4 353 354 395 394
4 354 355 396 395
4 355 356 397 396
4 356 357 398 397
4 357 358 399 398
4 358 359 400 399
4 359 360 401 400
4 360 361 402 401
4 361 362 403 402
4 362 363 404 403
4 363 364 405 404
4 364 365 406 405
4 365 366 407 406
4 366 367 408 407
4 367 368 409 408
4 369 370 411 410
4 370 371 412 411
4 371 372 413 412
4 372 373 414 413
4 373 374 415 414
4 374 375 416 415
4 375 376 417 416
4 376 377 418 417
4 377 378 419 418
4 378 379 420 419
4 379 380 421 420
4 380 381 422 421
4 381 382 423 422
4 382 383 424 423
4 383 384 425 424
4 384 385 426 425
4 385 386 427 426
4 386 387 428 427
4 387 388 429 428
4 388 389 430 429
4 389 390 431 430
4 390 391 432 431
4 391 392 433 432
4 392 393 434 433
4 393 394 435 434
4 394 395 436 435
4 395 396 437 436
4 396 397 438 437
4 397 398 439 438
4 398 399 440 439
4 399 400 441 440
4 400 401 442 441
4 401 402 443 442
4 402 403 444 443
4 403 404 445 444
4 404 405 446 445
4 405 406 447 446
4 406 407 448 447
4 407 408 449 448
4 408 409 450 449
4 410 411 452 451
4 411 412 453 452
4 412 413 454 453
4 413 414 455 454
4 414 415 456 455
4 415 416 457 456
4 416 417 458 457
4 417 418 459 458
4 418 419 460 459
4 419 420 461 460
4 420 421 462 461
4 421 422 463 462
4 422 423 464 463
4 423 424 465 464
4 424 425 466 465
4 425 426 467 466
4 426 427 468 467
4 427 428 469 468
4 428 429 470 469
4 429 430 471 470
4 430 431 472 471
4 431 432 473 472
4 432 433 474 473
4 433 434 475 474
4 434 435 476 475
4 435 436 477 476
4 436 437 478 477
4 437 438 479 478
4 438 439 480 479
4 439 440 481 480
4 440 441 482 481
4 441 442 483 482
4 442 443 484 483
4 443 444 485 484
4 444 445 486 485
4 445 446 487 486
4 446 447 488 487
4 447 448 489 488
4 448 449 490 489
4 449 450 491 490
4 451 452 493 492
4 452 453 494 493
4 453 454 495 494
4 454 455 496 495
4 455 456 497 496
4 456 457 498 497
4 457 458 499 498
4 458 459 500 499
4 459 460 501 500
4 460 461 502 501
4 461 462 503 502
4 462 463 504 503
4 463 464 505 504
4 464 465 506 505
4 465 466 507 506
4 466 467 508 507
4 467 468 509 508
4 468 469 510 509
4 469 470 511 510
4 470 471 512 511
4 471 472 513 512
4 472 473 514 513
4 473 474 515 514
4 474 475 516 515
4 475 476 517 516
4 476 477 518 517
4 477 478 519 518
4 478 479 520 519
4 479 480 521 520
4 480 481 522 521
4 481 482 523 522
4 482 483 524 523
4 483 484 525 524
4 484 485 526 525
4 485 486 527 526
4 486 487 528 527
4 487 488 529 528
4 488 489 530 529
4 489 490 531 530
4 490 491 532 531
4 492 493 534 533
4 493 494 535 534
4 494 495 536 535
4 495 496 537 536
4 496 497 538 537
4 497 498 539 538
4 498 499 540 539
4 499 500 541 540
4 500 501 542 541
4 501 502 543 542
4 502 503 544 543
4 503 504 545 544
4 504 505 546 545
4 505 506 547 546
4 506 507 548 547
4 507 508 549 548
4 508 509 550 549
4 509 510 551 550
4 510 511 552 551
4 511 512 553 552
4 512 513 554 553
4 513 514 555 554
4 514 515 556 555
4 515 516 557 556
4 516 517 558 557
4 517 518 559 558
4 518 519 560 559
4 519 520 561 560
4 520 521 562 561
4 521 522 563 562
4 522 523 564 563
4 523 524 565 564
4 524 525 566 565
4 525 526 567 566
4 526 527 568 567
4 527 528 569 568
4 528 529 570 569
4 529 530 571 570
4 530 531 572 571
4 531 532 573 572
4 533 534 575 574
4 534 535 576 575
4 535 536 577 576
4 536 537 578 577
4 537 538 579 578
4 538 539 580 579
4 539 540 581 580
4 540 541 582 581
4 541 542 583 582
4 542 543 584 583
4 543 544 585 584
4 544 545 586 585
4 545 546 587 586
4 546 547 588 587
4 547 548 589 588
4 548 549 590 589
4 549 550 591 590
4 550 551 592 591
4 551 552 593 592
4 552 553 594 593
4 553 554 595 594
4 554 555 596 595
4 555 556 597 596
4 556 557 598 597
4 557 558 599 598
4 558 559 600 599
4 559 560 601 600
4 560 561 602 601
4 561 562 603 602
4 562 563 604 603
4 563 564 605 604
4 564 565 606 605
4 565 566 607 606
4 566 567 608 607
4 567 568 609 608
4 568 569 610 609
4 569 570 611 610
4 570 571 612 611
4 571 572 613 612
4 572 573 614 613
4 574 575 616 615
4 575 576 617 616
4 576 577 618 617
4 577 578 619 618
4 578 579 620 619
4 579 580 621 620
4 580 581 622 621
4 581 582 623 622
4 582 583 624 623
4 583 584 625 624
4 584 585 626 625
4 585 586 627 626
4 586 587 628 627
4 587 588 629 628
4 588 589 630 629
4 589 590 631 630
4 590 591 632 631
4 591 592 633 632
4 592 593 634 633
4 593 594 635 634
4 594 595 636 635
4 595 596 637 636
4 596 597 638 637
4 597 598 639 638
4 598 599 640 639
4 599 600 641 640
4 600 601 642 641
4 601 602 643 642
4 602 603 644 643
4 603 604 645 644
4 604 605 646 645
4 605 606 647 646
4 606 607 648 647
4 607 608 649 648
4 608 609 650 649
4 609 610 651 650
4 610 611 652 651
4 611 612 653 652
4 612 613 654 653
4 613 614 655 654
4 615 616 657 656
4 616 617 658 657
4 617 618 659 658
4 618 619 660 659
4 619 620 661 660
4 620 621 662 661
4 621 622 663 662
4 622 623 664 663
4 623 624 665 664
4 624 625 666 665
4 625 626 667 666
4 626 627 668 667
4 627 628 669 668
4 628 629 670 669
4 629 630 671 670
4 630 631 672 671
4 631 632 673 672
4 632 633 674 673
4 633 634 675 674
4 634 635 676 675
4 635 636 677 676
4 636 637 678 677
4 637 638 679 678
4 638 639 680 679
4 639 640 681 680
4 640 641 682 681
4 641 642 683 682
4 642 643 684 683
4 643 644 685 684
4 644 645 686 685
4 645 646 687 686
4 646 647 688 687
4 647 648 689 688
4 648 649 690 689
4 649 650 691 690
4 650 651 692 691
4 651 652 693 692
4 652 653 694 693
4 653 654 695 694
4 654 655 696 695
4 656 657 698 697
4 657 658 699 698
4 658 659 700 699
4 659 660 701 700
4 660 661 702 701
4 661 662 703 702
4 662 663 704 703
4 663 664 705 704
4 664 665 706 705
4 665 666 707 706
4 666 667 708 707
4 667 668 709 708
4 668 669 710 709
4 669 670 711 710
4 670 671 712 711
4 671 672 713 712
4 672 673 714 713
4 673 674 715 714
4 674 675 716 715
4 675 676 717 716
4 676 677 718 717
4 677 678 719 718
4 678 679 720 719
4 679 680 721 720
4 680 681 722 721
4 681 682 723 722
4 682 683 724 723
4 683 684 725 724
4 684 685 726 725
4 685 686 727 726
4 686 687 728 727
4 687 688 729 728
4 688 689 730 729
4 689 690 731 730
4 690 691 732 731
4 691 692 733 732
4 692 693 734 733
4 693 694 735 734
4 694 695 736 735
4 695 696 737 736
4 697 698 739 738
4 698 699 740 739
4 699 700 741 740
4 700 701 742 741
4 701 702 743 742
4 702 703 744 743
4 703 704 745 744
4 704 705 746 745
4 705 706 747 746
4 706 707 748 747
4 707 708 749 748
4 708 709 750 749
4 709 710 751 750
4 710 711 752 751
4 711 712 753 752
4 712 713 754 753
4 713 714 755 754
4 714 715 756 755
4 715 716 757 756
4 716 717 758 757
4 717 718 759 758
4 718 719 760 759
4 719 720 761 760
4 720 721 762 761
4 721 722 763 762
4 722 723 764 763
4 723 724 765 764
4 724 725 766 765
4 725 726 767 766
4 726 727 768 767
4 727 728 769 768
4 728 729 770 769
4 729 730 771 770
4 730 731 772 771
4 731 732 773 772
4 732 733 774 773
4 733 734 775 774
4 734 735 776 775
4 735 736 777 776
4 736 737 778 777
4 738 739 780 779
4 739 740 781 780
4 740 741 782 781
4 741 742 783 782
4 742 743 784 783
4 743 744 785 784
4 744 745 786 785
4 745 746 787 786
4 746 747 788 787
4 747 748 789 788
4 748 749 790 789
4 749 750 791 790
4 750 751 792 791
4 751 752 793 792
4 752 753 794 793
4 753 754 795 794
4 754 755 796 795
4 755 756 797 796
4 756 757 798 797
4 757 758 799 798
4 758 759 800 799
4 759 760 801 800
4 760 761 802 801
4 761 762 803 802
4 762 763 804 803
4 763 764 805 804
4 764 765 806 805
4 765 766 807 806
4 766 767 808 807
4 767 768 809 808
4 768 769 810 809
4 769 770 811 810
4 770 771 812 811
4 771 772 813 812
4 772 773 814 813
4 773 774 815 814
4 774 775 816 815
4 775 776 817 816
4 776 777 818 817
4 777 778 819 818
4 779 780 821 820
4 780 781 822 821
4 781 782 823 822
4 782 783 824 823
4 783 784 825 824
4 784 785 826 825
4 785 786 827 826
4 786 787 828 827
4 787 788 829 828
4 788 789 830 829
4 789 790 831 830
4 790 791 832 831
4 791 792 833 832
4 792 793 834 833
4 793 794 835 834
4 794 795 836 835
4 795 796 837 836
4 796 797 838 837
4 797 798 839 838
4 798 799 840 839
4 799 800 841 840
4 800 801 842 841
4 801 802 843 842
4 802 803 844 843
4 803 804 845 844
4 804 805 846 845
4 805 806 847 846
4 806 807 848 847
4 807 808 849 848
4 808 809 850 849
4 809 810 851 850
4 810 811 852 851
4 811 812 853 852
4 812 813 854 853
4 813 814 855 854
4 814 815 856 855
4 815 816 857 856
4 816 817 858 857
4 817 818 859 858
4 818 819 860 859
4 820 821 862 861
4 821 822 863 862
4 822 823 864 863
4 823 824 865 864
4 824 825 866 865
4 825 826 867 866
4 826 827 868 867
4 827 828 869 868
4 828 829 870 869
4 829 830 871 870
4 830 831 872 871
4 831 832 873 872
4 832 833 874 873
4 833 834 875 874
4 834 835 876 875
4 835 836 877 876
4 836 837 878 877
4 837 838 879 878
4 838 839 880 879
4 839 840 881 880
4 840 841 882 881
4 841 842 883 882
4 842 843 884 883
4 843 844 885 884
4 844 845 886 885
4 845 846 887 886
4 846 847 888 887
4 847 848 889 888
4 848 849 890 889
4 849 850 891 890
4 850 851 892 891
4 851 852 893 892
4 852 853 894 893
4 853 854 895 894
4 854 855 896 895
4 855 856 897 896
4 856 857 898 897
4 857 858 899 898
4 858 859 900 899
4 859 860 901 900
4 861 862 903 902
4 862 863 904 903
4 863 864 905 904
4 864 865 906 905
4 865 866 907 906
4 866 867 908 907
4 867 868 909 908
4 868 869 910 909
4 869 870 911 910
4 870 871 912 911
4 871 872 913 912
4 872 873 914 913
4 873 874 915 914
4 874 875 916 915
4 875 876 917 916
4 876 877 918 917
4 877 878 919 918
4 878 879 920 919
4 879 880 921 920
4 880 881 922 921
4 881 882 923 922
4 882 883 924 923
4 883 884 925 924
4 884 885 926 925
4 885 886 927 926
4 886 887 928 927
4 887 888 929 928
4 888 889 930 929
4 889 890 931 930
4 890 891 932 931
4 891 892 933 932
4 892 893 934 933
4 893 894 935 934
4 894 895 936 935
4 895 896 937 936
4 896 897 938 937
4 897 898 939 938
4 898 899 940 939
4 899 900 941 940
4 900 901 942 941
4 902 903 944 943
4 903 904 945 944
4 904 905 946 945
4 905 906 947 946
4 906 907 948 947
4 907 908 949 948
4 908 909 950 949
4 909 910 951 950
4 910 911 952 951
4 911 912 953 952
4 912 913 954 953
4 913 914 955 954
4 914 915 956 955
4 915 916 957 956
4 916 917 958 957
4 917 918 959 958
4 918 919 960 959
4 919 920 961 960
4 920 921 962 961
4 921 922 963 962
4 922 923 964 963
4 923 924 965 964
4 924 925 966 965
4 925 926 967 966
4 926 927 968 967
4 927 928 969 968
4 928 929 970 969
4 929 930 971 970
4 930 931 972 971
4 931 932 973 972
4 932 933 974 973
4 933 934 975 974
4 934 935 976 975
4 935 936 977 976
4 936 937 978 977
4 937 938 979 978
4 938 939 980 979
4 939 940 981 980
4 940 941 982 981
4 941 942 983 982
4 943 944 985 984
4 944 945 986 985
4 945 946 987 986
4 946 947 988 987
4 947 948 989 988
4 948 949 990 989
4 949 950 991 990
4 950 951 992 991
4 951 952 993 992
4 952 953 994 993
4 953 954 995 994
4 954 955 996 995
4 955 956 997 996
4 956 957 998 997
4 957 958 999 998
4 958 959 1000 999
4 959 960 1001 1000
4 960 961 1002 1001
4 961 962 1003 1002
4 962 963 1004 1003
4 963 964 1005 1004
4 964 965 1006 1005
4 965 966 1007 1006
4 966 967 1008 1007
4 967 968 1009 1008
4 968 969 1010 1009
4 969 970 1011 1010
4 970 971 1012 1011
4 971 972 1013 1012
4 972 973 1014 1013
4 973 974 1015 1014
4 974 975 1016 1015
4 975 976 1017 1016
4 976 977 1018 1017
4 977 978 1019 1018
4 978 979 1020 1019
4 979 980 1021 1020
4 980 981 1022 1021
4 981 982 1023 1022
4 982 983 1024 1023
4 984 985 1026 1025
4 985 986 1027 1026
4 986 987 1028 1027
4 987 988 1029 1028
4 988 989 1030 1029
4 989 990 1031 1030
4 990 991 1032 1031
4 991 992 1033 1032
4 992 993 1034 1033
4 993 994 1035 1034
4 994 995 1036 1035
4 995 996 1037 1036
4 996 997 1038 1037
4 997 998 1039 1038
4 998 999 1040 1039
4 999 1000 1041 1040
4 1000 1001 1042 1041
4 1001 1002 1043 1042
4 1002 1003 1044 1043
4 1003 1004 1045 1044
4 1004 1005 1046 1045
4 1005 1006 1047 1046
4 1006 1007 1048 1047
4 1007 1008 1049 1048
4 1008 1009 1050 1049
4 1009 1010 1051 1050
4 1010 1011 1052 1051
4 1011 1012 1053 1052
4 1012 1013 1054 1053
4 1013 1014 1055 1054
4 1014 1015 1056 1055
4 1015 1016 1057 1056
4 1016 1017 1058 1057
4 1017 1018 1059 1058
4 1018 1019 1060 1059
4 1019 1020 1061 1060
4 1020 1021 1062 1061
4 1021 1022 1063 1062
4 1022 1023 1064 1063
4 1023 1024 1065 1064
4 1025 1026 1067 1066
4 1026 1027 1068 1067
4 1027 1028 1069 1068
4 1028 1029 1070 1069
4 1029 1030 1071 1070
4 1030 1031 1072 1071
4 1031 1032 1073 1072
4 1032 1033 1074 1073
4 1033 1034 1075 1074
4 1034 1035 1076 1075
4 1035 1036 1077 1076
4 1036 1037 1078 1077
4 1037 1038 1079 1078
4 1038 1039 1080 1079
4 1039 1040 1081 1080
4 1040 1041 1082 1081
4 1041 1042 1083 1082
4 1042 1043 1084 1083
4 1043 1044 1085 1084
4 1044 1045 1086 1085
4 1045 1046 1087 1086
4 1046 1047 1088 1087
4 1047 1048 1089 1088
4 1048 1049 1090 1089
4 1049 1050 1091 1090
4 1050 1051 1092 1091
4 1051 1052 1093 1092
4 1052 1053 1094 1093
4 1053 1054 1095 1094
4 1054 1055 1096 1095
4 1055 1056 1097 1096
4 1056 1057 1098 1097
4 1057 1058 1099 1098
4 1058 1059 1100 1099
4 1059 1060 1101 1100
4 1060 1061 1102 1101
4 1061 1062 1103 1102
4 1062 1063 1104 1103
4 1063 1064 1105 1104
4 1064 1065 1106 1105
4 1066 1067 1108 1107
4 1067 1068 1109 1108
4 1068 1069 1110 1109
4 1069 1070 1111 1110
4 1070 1071 1112 1111
4 1071 1072 1113 1112
4 1072 1073 1114 1113
4 1073 1074 1115 1114
4 1074 1075 1116 1115
4 1075 1076 1117 1116
4 1076 1077 1118 1117
4 1077 1078 1119 1118
4 1078 1079 1120 1119
4 1079 1080 1121 1120
4 1080 1081 1122 1121
4 1081 1082 1123 1122
4 1082 1083 1124 1123
4 1083 1084 1125 1124
4 1084 1085 1126 1125
4 1085 1086 1127 1126
4 1086 1087 1128 1127
4 1087 1088 1129 1128
4 1088 1089 1130 1129
4 1089 1090 1131 1130
4 1090 1091 1132 1131
4 1091 1092 1133 1132
4 1092 1093 1134 1133
4 1093 1094 1135 1134
4 1094 1095 1136 1135
4 1095 1096 1137 1136
4 1096 1097 1138 1137
4 1097 1098 1139 1138
4 1098 1099 1140 1139
4 1099 1100 1141 1140
4 1100 1101 1142 1141
4 1101 1102 1143 1142
4 1102 1103 1144 1143
4 1103 1104 1145 1144
4 1104 1105 1146 1145
4 1105 1106 1147 1146
4 1107 1108 1149 1148
4 1108 1109 1150 1149
4 1109 1110 1151 1150
4 1110 1111 1152 1151
4 1111 1112 1153 1152
4 1112 1113 1154 1153
4 1113 1114 1155 1154
4 1114 1115 1156 1155
4 1115 1116 1157 1156
4 1116 1117 1158 1157
4 1117 1118 1159 1158
4 1118 1119 1160 1159
4 1119 1120 1161 1160
4 1120 1121 1162 1161
4 1121 1122 1163 1162
4 1122 1123 1164 1163
4 1123 1124 1165 1164
4 1124 1125 1166 1165
4 1125 1126 1167 1166
4 1126 1127 1168 1167
4 1127 1128 1169 1168
4 1128 1129 1170 1169
4 1129 1130 1171 1170
4 1130 1131 1172 1171
4 1131 1132 1173 1172
4 1132 1133 1174 1173
4 1133 1134 1175 1174
4 1134 1135 1176 1175
4 1135 1136 1177 1176
4 1136 1137 1178 1177
4 1137 1138 1179 1178
4 1138 1139 1180 1179
4 1139 1140 1181 1180
4 1140 1141 1182 1181
4 1141 1142 1183 1182
4 1142 1143 1184 1183
4 1143 1144 1185 1184
4 1144 1145 1186 1185
4 1145 1146 1187 1186
4 1146 1147 1188 1187
4 1148 1149 1190 1189
4 1149 1150 1191 1190
4 1150 1151 1192 1191
4 1151 1152 1193 1192
4 1152 1153 1194 1193
4 1153 1154 1195 1194
4 1154 1155 1196 1195
4 1155 1156 1197 1196
4 1156 1157 1198 1197
4 1157 1158 1199 1198
4 1158 1159 1200 1199
4 1159 1160 1201 1200
4 1160 1161 1202 1201
4 1161 1162 1203 1202
4 1162 1163 1204 1203
4 1163 1164 1205 1204
4 1164 1165 1206 1205
4 1165 1166 1207 1206
4 1166 1167 1208 1207
4 1167 1168 1209 1208
4 1168 1169 1210 1209
4 1169 1170 1211 1210
4 1170 1171 1212 1211
4 1171 1172 1213 1212
4 1172 1173 1214 1213
4 1173 1174 1215 1214
4 1174 1175 1216 1215
4 1175 1176 1217 1216
4 1176 1177 1218 1217
4 1177 1178 1219 1218
4 1178 1179 1220 1219
4 1179 1180 1221 1220
4 1180 1181 1222 1221
4 1181 1182 1223 1222
4 1182 1183 1224 1223
4 1183 1184 1225 1224
4 1184 1185 1226 1225
4 1185 1186 1227 1226
4 1186 1187 1228 1227
4 1187 1188 1229 1228
4 1189 1190 1231 1230
4 1190 1191 1232 1231
4 1191 1192 1233 1232
4 1192 1193 1234 1233
4 1193 1194 1235 1234
4 1194 1195 1236 1235
4 1195 1196 1237 1236
4 1196 1197 1238 1237
4 1197 1198 1239 1238
4 1198 1199 1240 1239
4 1199 1200 1241 1240
4 1200 1201 1242 1241
4 1201 1202 1243 1242
4 1202 1203 1244 1243
4 1203 1204 1245 1244
4 1204 1205 1246 1245
4 1205 1206 1247 1246
4 1206 1207 1248 1247
4 1207 1208 1249 1248
4 1208 1209 1250 1249
4 1209 1210 1251 1250
4 1210 1211 1252 1251
4 1211 1212 1253 1252
4 1212 1213 1254 1253
4 1213 1214 1255 1254
4 1214 1215 1256 1255
4 1215 1216 1257 1256
4 1216 1217 1258 1257
4 1217 1218 1259 1258
4 1218 1219 1260 1259
4 1219 1220 1261 1260
4 1220 1221 1262 1261
4 1221 1222 1263 1262
4 1222 1223 1264 1263
4 1223 1224 1265 1264
4 1224 1225 1266 1265
4 1225 1226 1267 1266
4 1226 1227 1268 1267
4 1227 1228 1269 1268
4 1228 1229 1270 1269
4 1230 1231 1272 1271
4 1231 1232 1273 1272
4 1232 1233 1274 1273
4 1233 1234 1275 1274
4 1234 1235 1276 1275
4 1235 1236 1277 1276
4 1236 1237 1278 1277
4 1237 1238 1279 1278
4 1238 1239 1280 1279
4 1239 1240 1281 1280
4 1240 1241 1282 1281
4 1241 1242 1283 1282
4 1242 1243 1284 1283
4 1243 1244 1285 1284
4 1244 1245 1286 1285
4 1245 1246 1287 1286
4 1246 1247 1288 1287
4 1247 1248 1289 1288
4 1248 1249 1290 1289
4 1249 1250 1291 1290
4 1250 1251 1292 1291
4 1251 1252 1293 1292
4 1252 1253 1294 1293
4 1253 1254 1295 1294
4 1254 1255 1296 1295
4 1255 1256 1297 1296
4 1256 1257 1298 1297
4 1257 1258 1299 1298
4 1258 1259 1300 1299
4 1259 1260 1301 1300
4 1260 1261 1302 1301
4 1261 1262 1303 1302
4 1262 1263 1304 1303
4 1263 1264 1305 1304
4 1264 1265 1306 1305
4 1265 1266 1307 1306
4 1266 1267 1308 1307
4 1267 1268 1309 1308
4 1268 1269 1310 1309
4 1269 1270 1311 1310
4 1271 1272 1313 1312
4 1272 1273 1314 1313
4 1273 1274 1315 1314
4 1274 1275 1316 1315
4 1275 1276 1317 1316
4 1276 1277 1318 1317
4 1277 1278 1319 1318
4 1278 1279 1320 1319
4 1279 1280 1321 1320
4 1280 1281 1322 1321
4 1281 1282 1323 1322
4 1282 1283 1324 1323
4 1283 1284 1325 1324
4 1284 1285 1326 1325
4 1285 1286 1327 1326
4 1286 1287 1328 1327
4 1287 1288 1329 1328
4 1288 1289 1330 1329
4 1289 1290 1331 1330
4 1290 1291 1332 1331
4 1291 1292 1333 1332
4 1292 1293 1334 1333
4 1293 1294 1335 1334
4 1294 1295 1336 1335
4 1295 1296 1337 1336
4 1296 1297 1338 1337
4 1297 1298 1339 1338
4 1298 1299 1340 1339
4 1299 1300 1341 1340
4 1300 1301 1342 1341
4 1301 1302 1343 1342
4 1302 1303 1344 1343
4 1303 1304 1345 1344
4 1304 1305 1346 1345
4 1305 1306 1347 1346
4 1306 1307 1348 1347
4 1307 1308 1349 1348
4 1308 1309 1350 1349
4 1309 1310 1351 1350
4 1310 1311 1352 1351
4 1312 1313 1354 1353
4 1313 1314 1355 1354
4 1314 1315 1356 1355
4 1315 1316 1357 1356
4 1316 1317 1358 1357
4 1317 1318 1359 1358
4 1318 1319 1360 1359
4 1319 1320 1361 1360
4 1320 1321 1362 1361
4 1321 1322 1363 1362
4 1322 1323 1364 1363
4 1323 1324 1365 1364
4 1324 1325 1366 1365
4 1325 1326 1367 1366
4 1326 1327 1368 1367
4 1327 1328 1369 1368
4 1328 1329 1370 1369
4 1329 1330 1371 1370
4 1330 1331 1372 1371
4 1331 1332 1373 1372
4 1332 1333 1374 1373
4 1333 1334 1375 1374
4 1334 1335 1376 1375
4 1335 1336 1377 1376
4 1336 1337 1378 1377
4 1337 1338 1379 1378
4 1338 1339 1380 1379
4 1339 1340 1381 1380
4 1340 1341 1382 1381
4 1341 1342 1383 1382
4 1342 1343 1384 1383
4 1343 1344 1385 1384
4 1344 1345 1386 1385
4 1345 1346 1387 1386
4 1346 1347 1388 1387
4 1347 1348 1389 1388
4 1348 1349 1390 1389
4 1349 1350 1391 1390
4 1350 1351 1392 1391
4 1351 1352 1393 1392
4 1353 1354 1395 1394
4 1354 1355 1396 1395
4 1355 1356 1397 1396
4 1356 1357 1398 1397
4 1357 1358 1399 1398
4 1358 1359 1400 1399
4 1359 1360 1401 1400
4 1360 1361 1402 1401
4 1361 1362 1403 1402
4 1362 1363 1404 1403
4 1363 1364 1405 1404
4 1364 1365 1406 1405
4 1365 1366 1407 1406
4 1366 1367 1408 1407
4 1367 1368 1409 1408
4 1368 1369 1410 1409
4 1369 1370 1411 1410
4 1370 1371 1412 1411
4 1371 1372 1413 1412
4 1372 1373 1414 1413
4 1373 1374 1415 1414
4 1374 1375 1416 1415
4 1375 1376 1417 1416
4 1376 1377 1418 1417
4 1377 1378 1419 1418
4 1378 1379 1420 1419
4 1379 1380 1421 1420
4 1380 1381 1422 1421
4 1381 1382 1423 1422
4 1382 1383 1424 1423
4 1383 1384 1425 1424
4 1384 1385 1426 1425
4 1385 1386 1427 1426
4 1386 1387 1428 1427
4 1387 1388 1429 1428
4 1388 1389 1430 1429
4 1389 1390 1431 1430
4 1390 1391 1432 1431
4 1391 1392 1433 1432
4 1392 1393 1434 1433
4 1394 1395 1436 1435
4 1395 1396 1437 1436
4 1396 1397 1438 1437
4 1397 1398 1439 1438
4 1398 1399 1440 1439
4 1399 1400 1441 1440
4 1400 1401 1442 1441
4 1401 1402 1443 1442
4 1402 1403 1444 1443
4 1403 1404 1445 1444
4 1404 1405 1446 1445
4 1405 1406 1447 1446
4 1406 1407 1448 1447
4 1407 1408 1449 1448
4 1408 1409 1450 1449
4 1409 1410 1451 1450
4 1410 1411 1452 1451
4 1411 1412 1453 1452
4 1412 1413 1454 1453
4 1413 1414 1455 1454
4 1414 1415 1456 1455
4 1415 1416 1457 1456
4 1416 1417 1458 1457
4 1417 1418 1459 1458
4 1418 1419 1460 1459
4 1419 1420 1461 1460
4 1420 1421 1462 1461
4 1421 1422 1463 1462
4 1422 1423 1464 1463
4 1423 1424 1465 1464
4 1424 1425 1466 1465
4 1425 1426 1467 1466
4 1426 1427 1468 1467
4 1427 1428 1469 1468
4 1428 1429 1470 1469
4 1429 1430 1471 1470
4 1430 1431 1472 1471
4 1431 1432 1473 1472
4 1432 1433 1474 1473
4 1433 1434 1475 1474
4 1435 1436 1477 1476
4 1436 1437 1478 1477
4 1437 1438 1479 1478
4 1438 1439 1480 1479
4 1439 1440 1481 1480
4 1440 1441 1482 1481
4 1441 1442 1483 1482
4 1442 1443 1484 1483
4 1443 1444 1485 1484
4 1444 1445 1486 1485
4 1445 1446 1487 1486
4 1446 1447 1488 1487
4 1447 1448 1489 1488
4 1448 1449 1490 1489
4 1449 1450 1491 1490
4 1450 1451 1492 1491
4 1451 1452 1493 1492
4 1452 1453 1494 1493
4 1453 1454 1495 1494
4 1454 1455 1496 1495
4 1455 1456 1497 1496
4 1456 1457 1498 1497
4 1457 1458 1499 1498
4 1458 1459 1500 1499
4 1459 1460 1501 1500
4 1460 1461 1502 1501
4 1461 1462 1503 1502
4 1462 1463 1504 1503
4 1463 1464 1505 1504
4 1464 1465 1506 1505
4 1465 1466 1507 1506
4 1466 1467 1508 1507
4 1467 1468 1509 1508
4 1468 1469 1510 1509
4 1469 1470 1511 1510
4 1470 1471 1512 1511
4 1471 1472 1513 1512
4 1472 1473 1514 1513
4 1473 1474 1515 1514
4 1474 1475 1516 1515
4 1476 1477 1518 1517
4 1477 1478 1519 1518
4 1478 1479 1520 1519
4 1479 1480 1521 1520
4 1480 1481 1522 1521
4 1481 1482 1523 1522
4 1482 1483 1524 1523
4 1483 1484 1525 1524
4 1484 1485 1526 1525
4 1485 1486 1527 1526
4 1486 1487 1528 1527
4 1487 1488 1529 1528
4 1488 1489 1530 1529
4 1489 1490 1531 1530
4 1490 1491 1532 1531
4 1491 1492 1533 1532
4 1492 1493 1534 1533
4 1493 1494 1535 1534
4 1494 1495 1536 1535
4 1495 1496 1537 1536
4 1496 1497 1538 1537
4 1497 1498 1539 1538
4 1498 1499 1540 1539
4 1499 1500 1541 1540
4 1500 1501 1542 1541
4 1501 1502 1543 1542
4 1502 1503 1544 1543
4 1503 1504 1545 1544
4 1504 1505 1546 1545
4 1505 1506 1547 1546
4 1506 1507 1548 1547
4 1507 1508 1549 1548
4 1508 1509 1550 1549
4 1509 1510 1551 1550
4 1510 1511 1552 1551
4 1511 1512 1553 1552
4 1512 1513 1554 1553
4 1513 1514 1555 1554
4 1514 1515 1556 1555
4 1515 1516 1557 1556
4 1517 1518 1559 1558
4 1518 1519 1560 1559
4 1519 1520 1561 1560
4 1520 1521 1562 1561
4 1521 1522 1563 1562
4 1522 1523 1564 1563
4 1523 1524 1565 1564
4 1524 1525 1566 1565
4 1525 1526 1567 1566
4 1526 1527 1568 1567
4 1527 1528 1569 1568
4 1528 1529 1570 1569
4 1529 1530 1571 1570
4 1530 1531 1572 1571
4 1531 1532 1573 1572
4 1532 1533 1574 1573
4 1533 1534 1575 1574
4 1534 1535 1576 1575
4 1535 1536 1577 1576
4 1536 1537 1578 1577
4 1537 1538 1579 1578
4 1538 1539 1580 1579
4 1539 1540 1581 1580
4 1540 1541 1582 1581
4 1541 1542 1583 1582
4 1542 1543 1584 1583
4 1543 1544 1585 1584
4 1544 1545 1586 1585
4 1545 1546 1587 1586
4 1546 1547 1588 1587
4 1547 1548 1589 1588
4 1548 1549 1590 1589
4 1549 1550 1591 1590
4 1550 1551 1592 1591
4 1551 1552 1593 1592
4 1552 1553 1594 1593
4 1553 1554 1595 1594
4 1554 1555 1596 1595
4 1555 1556 1597 1596
4 1556 1557 1598 1597
4 1558 1559 1600 1599
4 1559 1560 1601 1600
4 1560 1561 1602 1601
4 1561 1562 1603 1602
4 1562 1563 1604 1603
4 1563 1564 1605 1604
4 1564 1565 1606 1605
4 1565 1566 1607 1606
4 1566 1567 1608 1607
4 1567 1568 1609 1608
4 1568 1569 1610 1609
4 1569 1570 1611 1610
4 1570 1571 1612 1611
4 1571 1572 1613 1612
4 1572 1573 1614 1613
4 1573 1574 1615 1614
4 1574 1575 1616 1615
4 1575 1576 1617 1616
4 1576 1577 1618 1617
4 1577 1578 1619 1618
4 1578 1579 1620 1619
4 1579 1580 1621 1620
4 1580 1581 1622 1621
4 1581 1582 1623 1622
4 1582 1583 1624 1623
4 1583 1584 1625 1624
4 1584 1585 1626 1625
4 1585 1586 1627 1626
4 1586 1587 1628 1627
4 1587 1588 1629 1628
4 1588 1589 1630 1629
4 1589 1590 1631 1630
4 1590 1591 1632 1631
4 1591 1592 1633 1632
4 1592 1593 1634 1633
4 1593 1594 1635 1634
4 1594 1595 1636 1635
4 1595 1596 1637 1636
4 1596 1597 1638 1637
4 1597 1598 1639 1638
4 1599 1600 1641 1640
4 1600 1601 1642 1641
4 1601 1602 1643 1642
4 1602 1603 1644 1643
4 1603 1604 1645 1644
4 1604 1605 1646 1645
4 1605 1606 1647 1646
4 1606 1607 1648 1647
4 1607 1608 1649 1648
4 1608 1609 1650 1649
4 1609 1610 1651 1650
4 1610 1611 1652 1651
4 1611 1612 1653 1652
4 1612 1613 1654 1653
4 1613 1614 1655 1654
4 1614 1615 1656 1655
4 1615 1616 1657 1656
4 1616 1617 1658 1657
4 1617 1618 1659 1658
4 1618 1619 1660 1659
4 1619 1620 1661 1660
4 1620 1621 1662 1661
4 1621 1622 1663 1662
4 1622 1623 1664 1663
4 1623 1624 1665 1664
4 1624 1625 1666 1665
4 1625 1626 1667 1666
4 1626 1627 1668 1667
4 1627 1628 1669 1668
4 1628 1629 1670 1669
4 1629 1630 1671 1670
4 1630 1631 1672 1671
4 1631 1632 1673 1672
4 1632 1633 1674 1673
4 1633 1634 1675 1674
4 1634 1635 1676 1675
4 1635 1636 1677 1676
4 1636 1637 1678 1677
4 1637 1638 1679 1678
4 1638 1639 1680 1679
CELL_TYPES 1600
9
9
9
9
9
9
9
9
9
9
9
9
9
9
9
9
9
9
9
9
9
9
9
9
9
9
9
9
9
9
9
9
9
9
9
9
9
9
9
9
9
9
9
9
9
9
9
9
9
9
9
9
9
9
9
9
9
9
9
9
9
9
9
9
9
9
9
9
9
9
9
9
9
9
9
9
9
9
9
9
9
9
9
9
9
9
9
9
9
9
9
9
9
9
9
9
9
9
9
9
9
9
9
9
9
9
9
9
9
9
9
9
9
9
9
9
9
9
9
9
9
9
9
9
9
9
9
9
9
9
9
9
9
9
9
9
9
9
9
9
9
9
9
9
9
9
9
9
9
9
9
9
9
9
9
9
9
9
9
9
9
9
9
9
9
9
9
9
9
9
9
9
9
9
9
9
9
9
9
9
9
9
9
9
9
9
9
9
9
9
9
9
9
9
9
9
9
9
9
9
9
9
9
9
9
9
9
9
9
9
9
9
9
9
9
9
9
9
9
9
9
9
9
9
9
9
9
9
9
9
9
9
9
9
9
9
9
9
9
9
9
9
9
9
9
9
9
9
9
9
9
9
9
9
9
9
9
9
9
9
9
9
9
9
9
9
9
9
9
9
9
9
9
9
9
9
9
9
9
9
9
9
9
9
9
9
9
9
9
9
9
9
9
9
9
9
9
9
9
9
9
9
9
9
9
9
9
9
9
9
9
9
9
9
9
9
9
9
9
9
9
9
9
9
9
9
9
9
9
9
9
9
9
9
9
9
9
9
9
9
9
9
9
9
9
9
9
9
9
9
9
9
9
9
9
9
9
9
9
9
9
9
9
9
9
9
9
9
9
9
9
9
9
9
9
9
9
9
9
9
9
9
9
9
9
9
9
9
9
9
9
9
9
9
9
9
9
9
9
9
9
9
9
9
9
9
9
9
9
9
9
9
9
9
9
9
9
9
9
9
9
9
9
9
9
9
9
9
9
9
9
9
9
9
9
9
9
9
9
9
9
9
9
9
9
9
9
9
9
9
9
9
9
9
9
9
9
9
9
9
9
9
9
9
9
9
9
9
9
9
9
9
9
9
9
9
9
9
9
9
9
9
9
9
9
9
9
9
9
9
9
9
9
9
9
9
9
9
9
9
9
9
9
9
9
9
9
9
9
9
9
9
9
9
9
9
9
9
9
9
9
9
9
9
9
9
9
9
9
9
9
9
9
9
9
9
9
9
9
9
9
9
9
9
9
9
9
9
9
9
9
9
9
9
9
9
9
9
9
9
9
9
9
9
9
9
9
9
9
9
9
9
9
9
9
9
9
9
9
9
9
9
9
9
9
9
9
9
9
9
9
9
9
9
9
9
9
9
9
9
9
9
9
9
9
9
9
9
9
9
9
9
9
9
9
9
9
9
9
9
9
9
9
9
9
9
9
9
9
9
9
9
9
9
9
9
9
9
9
9
9
9
9
9
9
9
9
9
9
9
9
9
9
9
9
9
9
9
9
9
9
9
9
9
9
9
9
9
9
9
9
9
9
9
9
9
9
9
9
9
9
9
9
9
9
9
9
9
9
9
9
9
9
9
9
9
9
9
9
9
9
9
9
9
9
9
9
9
9
9
9
9
9
9
9
9
9
9
9
9
9
9
9
9
9
9
9
9
9
9
9
9
9
9
9
9
9
9
9
9
9
9
9
9
9
9
9
9
9
9
9
9
9
9
9
9
9
9
9
9
9
9
9
9
9
9
9
9
9
9
9
9
9
9
9
9
9
9
9
9
9
9
9
9
9
9
9
9
9
9
9
9
9
9
9
9
9
9
9
9
9
9
9
9
9
9
9
9
9
9
9
9
9
9
9
9
9
9
9
9
9
9
9
9
9
9
9
9
9
9
9
9
9
9
9
9
9
9
9
9
9
9
9
9
9
9
9
9
9
9
9
9
9
9
9
9
9
9
9
9
9
9
9
9
9
9
9
9
9
9
9
9
9
9
9
9
9
9
9
9
9
9
9
9
9
9
9
9
9
9
9
9
9
9
9
9
9
9
9
9
9
9
9
9
9
9
9
9
9
9
9
9
9
9
9
9
9
9
9
9
9
9
9
9
9
9
9
9
9
9
9
9
9
9
9
9
9
9
9
9
9
9
9
9
9
9
9
9
9
9
9
9
9
9
9
9
9
9
9
9
9
9
9
9
9
9
9
9
9
9
9
9
9
9
9
9
9
9
9
9
9
9
9
9
9
9
9
9
9
9
9
9
9
9
9
9
9
9
9
9
9
9
9
9
9
9
9
9
9
9
9
9
9
9
9
9
9
9
9
9
9
9
9
9
9
9
9
9
9
9
9
9
9
9
9
9
9
9
9
9
9
9
9
9
9
9
9
9
9
9
9
9
9
9
9
9
9
9
9
9
9
9
9
9
9
9
9
9
9
9
9
9
9
9
9
9
9
9
9
9
9
9
9
9
9
9
9
9
9
9
9
9
9
9
9
9
9
9
9
9
9
9
9
9
9
9
9
9
9
9
9
9
9
9
9
9
9
9
9
9
9
9
9
9
9
9
9
9
9
9
9
9
9
9
9
9
9
9
9
9
9
9
9
9
9
9
9
9
9
9
9
9
9
9
9
9
9
9
9
9
9
9
9
9
9
9
9
9
9
9
9
9
9
9
9
9
9
9
9
9
9
9
9
9
9
9
9
9
9
9
9
9
9
9
9
9
9
9
9
9
9
9
9
9
9
9
9
9
9
9
9
9
9
9
9
9
9
9
9
9
9
9
9
9
9
9
9
9
9
9
9
9
9
9
9
9
9
9
9
9
9
9
9
9
9
9
9
9
9
9
9
9
9
9
9
9
9
9
9
9
9
9
9
9
9
9
9
9
9
9
9
9
9
9
9
9
9
9
9
9
9
9
9
9
9
9
9
9
9
9
9
9
9
9
9
9
9
9
9
9
9
9
9
9
9
9
9
9
9
9
9
9
9
9
9
9
9
9
9
9
9
9
9
9
9
9
9
9
9
9
9
9
9
9
9
9
9
9
9
9
9
9
9
9
9
9
9
9
9
9
9
9
9
9
9
9
9
9
9
9
9
9
9
9
9
9
9
9
9
9
9
9
9
9
9
9
9
9
9
9
9
9
9
9
9
9
9
9
9
9
9
9
9
9
9
9
9
9
9
9
9
9
9
9
9
9
9
9
9
9
9
9
9
9
9
9
9
9
9
9
9
9
9
9
9
9
9
9
9
9
9
9
9
9
9
9
9
9
9
9
9
9
9
9
9
9
9
9
9
9
9
9
9
9
9
9
9
9
9
9
9
9
9
9
9
9
9
9
9
9
9
9
9
9
9
9
9
9
9
9
9
9
9
9
9
9
9
9
9
9
9
9
9
9
9
9
9
9
9
9
9
9
9
9
9
9
9
9
9
9
9
9
9
9
9
9
9
9
9
9
9
9
9
9
9
9
9
9
9
9
9
9
9
9
9
9
9
9
9
9
9
9
9
9
9
9
9
9
9
9
9
9
9
9
9
9
9
9
9
9
9
9
9
9
9
9
9
9
9
9
9
9
9
9
9
9
9
9
9
9
9
9
9
9
9
9
9
9
9
9
9
9
9
9
9
9
9
9
9
9
CELL_DATA 1600
SCALARS pressure double 1
LOOKUP_TABLE default
0.00000000000000000e+00
5.16605327769455842e-04
-1.02107022336977602e-03
1.52766711329705487e-04
-2.55383053893010409e-03
-2.76691610428323202e-04
-3.98778084280167894e-03
-4.29679719853190596e-04
-5.03342064732913673e-03
-1.93062991905904583e-04
-5.58075330610260240e-03
4.48410348907591131e-04
-5.58917814393263164e-03
1.48134083616700894e-03
-5.04349415962598163e-03
2.88172695527303150e-03
-3.95062392072390630e-03
4.60562786083776668e-03
-2.35517638520807253e-03
6.56971019125265118e-03
-3.59701449989139298e-04
8.63208365435429517e-03
1.85280710899981193e-03
1.05723808774923853e-02
4.03554266343667586e-03
1.21408837057785570e-02
5.91444916711703246e-03
1.30877402440737218e-02
7.23673606707589661e-03
1.32276458077535217e-02
7.84282355458576323e-03
1.25118571237868501e-02
7.73249459124238005e-03
1.10814091990004034e-02
7.10081996692888111e-03
9.28350828942044702e-03
6.33446168537849397e-03
7.65155872836214938e-03
5.96548754585376866e-03
6.80776251612630161e-03
6.04810355349338284e-04
1.20881565227527179e-03
-1.60978883054909295e-04
1.29598446064322346e-03
-1.20186672742373019e-03
1.37510146029912270e-03
-2.20966431391721781e-03
1.58888119533989866e-03
-3.00123510824050650e-03
2.00539273971189671e-03
-3.47584809262506747e-03
2.64870366275782787e-03
-3.57746040062285366e-03
3.52181961130531174e-03
-3.27637146639052097e-03
4.61348918070616718e-03
-2.56767504997912821e-03
5.89296654369313600e-03
-1.47936410963452275e-03
7.29950175892975055e-03
-8.27961136321078716e-05
8.73309031498863825e-03
1.48856694570592024e-03
1.00323082298558082e-02
3.06313019046048620e-03
1.10362192395309505e-02
4.46197532226185866e-03
1.15930411611148768e-02
5.52783759623361182e-03
1.16035093586673386e-02
6.17006731600333244e-03
1.10629272491920040e-02
6.40034108458692550e-03
1.00854115022827179e-02
6.34288624306535761e-03
8.89824805931356023e-03
6.21185089323825473e-03
7.80653854273462636e-03
6.25937332662660547e-03
7.13673373384979444e-03
2.97700690962877110e-04
6.22802614705436500e-04
-7.00113262724183700e-04
5.27759553467226300e-04
-1.95207436276973508e-03
4.28430959116731771e-04
-3.13180866956367559e-03
5.02107959147850562e-04
-4.04107889104004300e-03
8.32041249482014093e-04
-4.57515236427256076e-03
1.44598198292288484e-03
-4.67836416813537017e-03
2.34723406150010288e-03
-4.32159229728879858e-03
3.52420190534004840e-03
-3.50084194972918048e-03
4.94400095908528216e-03
-2.24794932454597989e-03
6.53920527630584038e-03
-6.44088335575953436e-04
8.19465698626386900e-03
1.15600568024241458e-03
9.72147744761017035e-03
2.94832550345259592e-03
1.09223586140050136e-02
4.51457588614524556e-03
1.16052140128324027e-02
5.65882507458754548e-03
1.16375054396385957e-02
6.26535343503551757e-03
1.10014428985094944e-02
6.34684364069977493e-03
9.82809740032618805e-03
6.06105208654345463e-03
8.39291377121479353e-03
5.68408940331842447e-03
7.06954682221884283e-03
5.54061857481204581e-03
6.24738357112507650e-03
1.65925620817633057e-03
1.78523841930533912e-03
5.41751794979378589e-04
1.87600665281677757e-03
-5.76184806617884124e-04
2.06218167779074731e-03
-1.56734243654534631e-03
2.38642786953066101e-03
-2.34363018436056000e-03
2.86570934871131344e-03
-2.84516237931483002e-03
3.50627759447965769e-03
-3.02673473278037208e-03
4.31184977917611553e-03
-2.85409675602098060e-03
5.28151897260405699e-03
-2.30979077267998633e-03
6.40024502419298154e-03
-1.40452174820261699e-03
7.62657981942668761e-03
-1.89016589679025628e-04
8.88014733659004372e-03
1.21852324941196959e-03
1.00125588692841893e-02
2.66205121656538750e-03
1.08792601944285531e-02
3.97640106152335592e-03
1.13394307418105238e-02
5.01191995779720970e-03
1.12983665227685565e-02
5.67869054081953858e-03
1.07482901379316719e-02
5.98041010083507057e-03
9.78880714105881747e-03
6.01955814954204752e-03
8.61291007949497277e-03
5.96664209280356548e-03
7.46139184416253539e-03
6.00660326726635500e-03
6.56827690813817800e-03
1.24729826405013200e-03
9.80318141054935081e-04
-1.33627450684234195e-04
8.98256486898017618e-04
-1.45118017230019998e-03
9.32295726388422262e-04
-2.60054106015264073e-03
1.12878646685528176e-03
-3.49928106664315532e-03
1.50993782854945023e-03
-4.08794116423627073e-03
2.08671827265100160e-03
-4.31885990693183300e-03
2.86776516094514348e-03
-4.15342547574535682e-03
3.85693968213370302e-03
-3.56990906277821016e-03
5.04195752872481622e-03
-2.57775391414067235e-03
6.37948902221013338e-03
-1.23249888573160335e-03
7.77992470807785039e-03
3.32919603140472721e-04
9.07242453390104224e-03
1.93434464408160332e-03
1.00804112543445169e-02
3.37137817046194704e-03
1.06267573405635380e-02
4.45904869726909854e-03
1.05861170373924458e-02
5.08354936141307452e-03
9.93745731366491893e-03
5.24718384048491939e-03
8.79261287827519215e-03
5.07808901069112771e-03
7.38065599392075458e-03
4.79269163055060302e-03
5.98737647287567436e-03
4.62353049052443427e-03
4.87130196918909766e-03
2.84679656710360709e-03
2.33787667504508452e-03
1.22627599897668998e-03
2.34181198685199255e-03
-1.31456791828702362e-04
2.55766867241161806e-03
-1.23843240942784669e-03
2.93947176042789549e-03
-2.09603899436071762e-03
3.45060572161150561e-03
-2.69084226547422868e-03
4.07455645509149488e-03
-2.99285603170936897e-03
4.81457662273191908e-03
-2.96277829354290884e-03
5.68337443419870535e-03
-2.56635259610266337e-03
6.68689306535144058e-03
-1.79224357143460667e-03
7.80647325871835097e-03
-6.69381414609866656e-04
8.98145206667757580e-03
6.96406756713168905e-04
1.00665057029137514e-02
2.14905647035187799e-03
1.09140719964309248e-02
3.51408998218397540e-03
1.13680031453879879e-02
4.62153049881719718e-03
1.13101587828884614e-02
5.35601936802437579e-03
1.07082500525097282e-02
5.69799264791506343e-03
9.64181234266718590e-03
5.73236772554507491e-03
8.28671627661178335e-03
5.61405258895663999e-03
6.85969342934208276e-03
5.50713551971962739e-03
5.54916164944267449e-03
2.19390864325797645e-03
1.27317077649063450e-03
3.35125898111363410e-04
1.10753202836090959e-03
-1.20599424570992306e-03
1.17437822925345260e-03
-2.46882230646753567e-03
1.41831158340843984e-03
-3.46587826853158882e-03
1.80340299368420324e-03
-4.18417361474774253e-03
2.31914111094137310e-03
-4.58788498346065360e-03
2.97736965373783091e-03
-4.62871872647820093e-03
3.79986444244461352e-03
-4.26318599763138469e-03
4.79980038484542019e-03
-3.47352505886073300e-03
5.96137136376457405e-03
-2.28798810816759025e-03
7.22186772450741921e-03
-8.19291175028196783e-04
8.41804366916153873e-03
7.51533551373969786e-04
9.37391623425144760e-03
2.21752931082654352e-03
9.89823442758066586e-03
3.37270410733890970e-03
9.83961460686612679e-03
4.07264518935470526e-03
9.14577567812610223e-03
4.28740892084043725e-03
7.89931183212703655e-03
4.11735342810918420e-03
6.30409270941410024e-03
3.75538380634887802e-03
4.61964118461393337e-03
3.41118362326888087e-03
3.07220814023935473e-03
3.72315157476439803e-03
2.62085354373358228e-03
1.59059749477751325e-03
2.52627542424718266e-03
-7.13028211164263339e-05
2.74451258990226175e-03
-1.37468975767372748e-03
3.15232796910275021e-03
-2.39100758162343789e-03
3.66703392682410281e-03
-3.14361645522554791e-03
4.25410624738711569e-03
-3.61248626772136530e-03
4.92016437819146717e-03
-3.74923600544830541e-03
5.69560320997202288e-03
-3.49878062346895783e-03
6.61152269829716217e-03
-2.82400980495228337e-03
7.67498890884726372e-03
-1.72980539684490183e-03
8.84889353310053771e-03
-3.05652420574647056e-04
9.98768089054094185e-03
1.28294162298489209e-03
1.09290324498070128e-02
2.83802681610071305e-03
1.14824553978892935e-02
4.14719696340393792e-03
1.14813329648173184e-02
5.04325219626793660e-03
1.08440633905333914e-02
5.46109312717354446e-03
9.61650422824499203e-03
5.46152398055024454e-03
7.96728538619086851e-03
5.20205188425579539e-03
6.12992989711543240e-03
4.86723657831808574e-03
4.31969209318699282e-03
2.73035055092023119e-03
1.23485232054249320e-03
4.00880250474055936e-04
9.70910688666033229e-04
-1.42511161685258589e-03
1.02876431244577058e-03
-2.88794997261000545e-03
1.27149506978944450e-03
-4.06969991490946457e-03
1.61709367253818639e-03
-4.99085191091546646e-03
2.03990909869731889e-03
-5.62079712926728727e-03
2.55899153328001568e-03
-5.89711727526772127e-03
3.21782138252118839e-03
-5.75035945371859397e-03
4.05903783615803922e-03
-5.13145553399729521e-03
5.09744716730662316e-03
-4.03835096988042382e-03
6.30143268782279269e-03
-2.55752102494893755e-03
7.51480928463167056e-03
-8.76050907026777325e-04
8.54984319229994648e-03
7.77982633944298836e-04
9.18032447832094894e-03
2.15231966716242186e-03
9.19943447453024782e-03
3.03991869070913178e-03
8.49288557334937876e-03
3.35025499192970286e-03
7.09591816013485036e-03
3.14671548324148460e-03
5.19820875643182533e-03
2.62129723276802087e-03
3.08241744863681352e-03
2.01285420949752448e-03
1.02326724108242617e-03
3.97887066669463680e-03
2.41007405785230227e-03
1.36421515221838894e-03
2.24785803567814071e-03
-6.20766532672306463e-04
2.47259252026421931e-03
-2.16916187032176752e-03
2.89194302447788164e-03
-3.40553274044020499e-03
3.38633902401235020e-03
-4.37707829263415428e-03
3.91122665067655459e-03
-5.06498912457708887e-03
4.48279763793396624e-03
-5.40594860657649806e-03
5.15436695337512674e-03
-5.31928378765946213e-03
5.98742309199372640e-03
-4.73723726457149930e-03
7.02040565056449330e-03
-3.63546528547280083e-03
8.24284068459984857e-03
-2.07343913345370149e-03
9.52480281179369712e-03
-2.27646107988628478e-04
1.06795566594135912e-02
1.67420891992463381e-03
1.14687663323147886e-02
3.35786013331945774e-03
1.16509480115281096e-02
4.57297420167976018e-03
1.10614965308658379e-02
5.17481229076044262e-03
9.68547611984811770e-03
5.17942838796644957e-03
7.68176254739443010e-03
4.75467747311462356e-03
5.33323946533813698e-03
4.14172180650075519e-03
2.94179966754622808e-03
2.57300542890079396e-03
6.42998599273833667e-04
-1.92833518344511466e-04
3.05160641342120699e-04
-2.32397835266993447e-03
3.44277999661511702e-04
-4.04180374891050399e-03
5.55257066134863075e-04
-5.47861223124035141e-03
8.22160541555327874e-04
-6.67379716833061982e-03
1.11327517010780192e-03
-7.59241032620731025e-03
1.46117809580826501e-03
-8.15164163684263011e-03
1.93612922965183507e-03
-8.25091459458926479e-03
2.61564009960988612e-03
-7.80428508010715030e-03
3.55214707063528090e-03
-6.77316739183987920e-03
4.74274875097477171e-03
-5.20177057478632843e-03
6.06814514396096950e-03
-3.28155348073645107e-03
7.31487528391131653e-03
-1.26679976207105392e-03
8.20912555312930912e-03
5.22954847705884174e-04
8.45920810792322869e-03
1.78162456238698344e-03
7.84867028169678425e-03
2.31640684252760109e-03
6.33067993646535630e-03
2.12661960262343830e-03
4.07349976008141833e-03
1.41004974214222704e-03
1.41576107397048596e-03
4.75391092076964464e-04
-1.26000915117454367e-03
3.36793017846402599e-03
1.50782260061177822e-03
3.09559941465397228e-04
1.33170681607425352e-03
-2.00105347547218726e-03
1.58508667898366105e-03
-3.82800133473784349e-03
2.01251250451932231e-03
-5.33673163168412335e-03
2.46513023591757611e-03
-6.58760197169615605e-03
2.89558929898013065e-03
-7.55534867712667063e-03
3.33581968409828091e-03
-8.15623463116903723e-03
3.86796584417546923e-03
-8.27867539459180811e-03
4.59101190217145894e-03
-7.81720845346782836e-03
5.58422345291562615e-03
-6.70886108869745996e-03
6.87067295841343670e-03
-4.96116812648009047e-03
8.36616694400499697e-03
-2.74782530972079823e-03
9.86043862861853485e-03
-3.22933472822666510e-04
1.10600936707161909e-02
1.96178717326953977e-03
1.16202913905194844e-02
3.73526860802482746e-03
1.12465416502827917e-02
4.72171612337539751e-03
9.81399216456754590e-03
4.84917277788081674e-03
7.44664295139420198e-03
4.28597642946757559e-03
4.49401388673762066e-03
3.35921782096576743e-03
1.39259302340810349e-03
1.50053850222754931e-03
-6.84591988050620289e-04
-1.65889083081758107e-03
-1.05298363000208518e-03
-4.10127979491701784e-03
-1.02693964168454051e-03
-6.11626313350207857e-03
-8.69288106641141517e-04
-7.87190595552143303e-03
-7.19950351243414471e-04
-9.41464054377029458e-03
-6.08869904505833135e-04
-1.06970634906419053e-02
-4.84122864730302633e-04
-1.16103580431719429e-02
-2.43389587570154366e-04
-1.20172750723091699e-02
2.32316691755256175e-04
-1.17872549964087581e-02
1.04187073031318587e-03
-1.08345032627245787e-02
2.22581804365207811e-03
-9.13876316471737976e-03
3.72393238174353186e-03
-6.87411352312447196e-03
5.31113849147390755e-03
-4.31391501885771030e-03
6.66072447439307932e-03
-1.85903798235743131e-03
7.36688920670481185e-03
4.43493144831548749e-05
7.05765704457563155e-03
1.04017306265823226e-03
5.54307941961935686e-03
1.00777351172980849e-03
2.93260619988065796e-03
1.32532470289259939e-04
-3.67509988995331127e-04
-1.17626358044907843e-03
-3.81736500770286577e-03
1.68473903318434892e-03
-2.51721477946184634e-04
-1.77721353001968952e-03
-3.73370166239541811e-04
-4.41289932427494681e-03
-5.82341463128825099e-05
-6.54730933117235025e-03
3.80404479051914821e-04
-8.37746550555067832e-03
7.69468875216734304e-04
-9.97031721462740377e-03
1.06338254949036801e-03
-1.12902257260896251e-02
1.31429457125010682e-03
-1.22299955984374129e-02
1.63888706606695540e-03
-1.26422515487422619e-02
2.18234526629418465e-03
-1.23745905743562999e-02
3.07754547815811434e-03
-1.13111053050673621e-02
4.40005049611246011e-03
-9.38389370206607273e-03
6.13984943651162390e-03
-6.72345890349132589e-03
8.09224720384027485e-03
-3.59250151319102451e-03
9.91186674346478634e-03
-4.25550699172596734e-04
1.11243134636311840e-02
2.24554433121413460e-03
1.12445435924925022e-02
3.94149884288106864e-03
9.95722554263553383e-03
4.42371962375167054e-03
7.28833704377899322e-03
3.81896464336877644e-03
3.64643226042211943e-03
2.55877381948582845e-03
-3.52516017032928600e-04
-6.56847190856234254e-04
-2.88553772964974652e-03
-4.16373455153190315e-03
-3.23124250497132002e-03
-6.92176222613999446e-03
-3.20580897544019139e-03
-9.27421625034603389e-03
-3.11976768917686213e-03
-1.14124844912797344e-02
-3.12956630904002043e-03
-1.33818282734446212e-02
-3.25843881656184527e-03
-1.51180058661796041e-02
-3.43154676611184730e-03
-1.64834208774166657e-02
-3.51022464737820719e-03
-1.72997122457202931e-02
-3.32650689541712187e-03
-1.73824355133154647e-02
-2.72249255468660998e-03
-1.65831664955057370e-02
-1.59607058211827437e-03
-1.47972666834773302e-02
8.32191359958817014e-05
-1.21293232749167725e-02
2.11715656092829364e-03
-8.84671302543882376e-03
4.13683025774559069e-03
-5.43030814966572427e-03
5.60099344222545967e-03
-2.50519533436898345e-03
5.91816744049581799e-03
-6.72417679809320839e-04
4.65990586687303147e-03
-2.70587094040249630e-04
1.79226277112254102e-03
-1.18746571732277471e-03
-2.23257943215783702e-03
-2.89802868018481340e-03
-6.66951923804904884e-03
-1.23160790375913829e-03
-2.99310416573978898e-03
-5.05928588891028496e-03
-2.97917310601557121e-03
-8.02211553683339872e-03
-2.55880932637925175e-03
-1.04915709484231165e-02
-2.09863257667223515e-03
-1.26889580016448147e-02
-1.79415074907388820e-03
-1.46864911049199090e-02
-1.68823057556183689e-03
-1.64399966593843337e-02
-1.70672597261850903e-03
-1.78203407489514673e-02
-1.69386050219294928e-03
-1.86417115698160052e-02
-1.44866693155092877e-03
-1.86943893253380330e-02
-7.68241151505116089e-04
-1.77897152185033103e-02
4.99227067883866913e-04
-1.57712334183398722e-02
2.44988494123067049e-03
-1.26483166205796343e-02
4.94393854517990138e-03
-8.65407119422957789e-03
7.60690295210628836e-03
-4.28900087809719333e-03
9.82256769922152870e-03
-2.76013085530530332e-04
1.08484089695677424e-02
2.61236271145870750e-03
1.00612911367382648e-02
3.84425274209418020e-03
7.26782188546498849e-03
3.40676440637608345e-03
2.88279787014642181e-03
1.82957030676673548e-03
-2.25556257893031603e-03
-4.00680175402287099e-03
-6.04328047489951625e-03
-7.81749323565994990e-03
-6.30703352414018273e-03
-1.09004377159693175e-02
-6.26470443448712711e-03
-1.36324976586810927e-02
-6.26451283558375309e-03
-1.62167286879680538e-02
-6.47488915690933985e-03
-1.86933050050834930e-02
-6.91122474508606977e-03
-2.09822635840546529e-02
-7.47567653482157386e-03
-2.29195787281111334e-02
-7.99138311002106985e-03
-2.42848462180146156e-02
-8.23460437277062640e-03
-2.48309074707997839e-02
-7.97417339909121947e-03
-2.43264911173092235e-02
-7.02611698815344687e-03
-2.25756602234474905e-02
-5.23275233654692858e-03
-1.95280889926255780e-02
-2.70127307423398324e-03
-1.53945209126329346e-02
1.94701660214908790e-04
-1.07060369586360112e-02
2.77924847885535229e-03
-6.28705456832533583e-03
4.17957009543781094e-03
-3.07653003056984099e-03
3.59903128792019760e-03
-1.78046100261148102e-03
7.08920652945100693e-04
-2.48980640766198512e-03
-4.07358238460811539e-03
-4.58429026577339589e-03
-9.75730344798372146e-03
-5.48428084136243135e-03
-6.78994477454246577e-03
-9.65084438919294567e-03
-6.54407285757963812e-03
-1.29476623614749216e-02
-5.95778366832541359e-03
-1.57734760726870524e-02
-5.44963323837683710e-03
-1.83702529301669054e-02
-5.24069614483431076e-03
-2.08217873647306914e-02
-5.37466501888698902e-03
-2.30854122920002777e-02
-5.75688428293370542e-03
-2.50185308101003451e-02
-6.18994228200353373e-03
-2.63990390897367623e-02
-6.40810390639142118e-03
-2.69508082497764527e-02
-6.12084747462945337e-03
-2.63859128547266168e-02
-5.07655186124455170e-03
-2.44670569353077454e-02
-3.03129861126757690e-03
-2.09695139040821689e-02
1.52007079254313395e-05
-1.60334119637011822e-02
3.71650527646341829e-03
-1.01698287507513124e-02
7.33395391028975573e-03
-4.29135362786804697e-03
9.81361521374717397e-03
4.47454723511687535e-04
1.00773690497351839e-02
3.04350541689711119e-03
7.51346902744030355e-03
3.15903940735001981e-03
2.40899770504025704e-03
1.35801973373866967e-03
-4.15158317802015973e-03
-8.57842724105348231e-03
-1.01778897284919029e-02
-1.26637125046200512e-02
-1.02954615513044662e-02
-1.60902071088880570e-02
-1.02084618727648381e-02
-1.92419385904204765e-02
-1.02945243707285965e-02
-2.23238116578247242e-02
-1.07339964521255965e-02
-2.53732797416708483e-02
-1.15381642042614984e-02
-2.83036044188977251e-02
-1.25905059469336410e-02
-3.09344003553390645e-02
-1.36778672876097553e-02
-3.30089620274909012e-02
-1.45164142209202266e-02
-3.42130063293154957e-02
-1.47863589584119118e-02
-3.42110656035306132e-02
-1.41899756401868971e-02
-3.27105702226804240e-02
-1.24554694614247199e-02
-2.94267569823343060e-02
-9.47114663306358219e-03
-2.44188939488280757e-02
-5.55280441785847324e-03
-1.81976676860010102e-02
-1.47227277520113695e-03
-1.17642551417541635e-02
1.58126537494454188e-03
-6.47312569830613051e-03
2.29573888969659273e-03
-3.59261957172997111e-03
-1.83375418834529882e-04
-3.64633895965877112e-03
-5.65471359905998523e-03
-6.01612936555658787e-03
-1.28742896207853456e-02
-1.11089535194536029e-02
-1.16608214017169202e-02
-1.56157856629898870e-02
-1.10638897840740543e-02
-1.92576407913322006e-02
-1.02172016838475432e-02
-2.24390658488309441e-02
-9.59827096914790158e-03
-2.54283912543841091e-02
-9.46508109618867874e-03
-2.83401708237253809e-02
-9.87102400683636388e-03
-3.11549384832453292e-02
-1.07054034705335380e-02
-3.37343412215228913e-02
-1.17286284238180757e-02
-3.58296510886769587e-02
-1.26025918726094394e-02
-3.70965256888229206e-02
-1.29292490480090675e-02
-3.71324343738724597e-02
-1.23143041837482630e-02
-3.55516801924687306e-02
-1.04064257279831863e-02
-3.19213536408690796e-02
-6.90988794666179580e-03
-2.61083408846520364e-02
-2.06091346753516265e-03
-1.85424018354222106e-02
3.34419464980938294e-03
-1.02669625118368118e-02
7.92869661009687997e-03
-2.86891440664535733e-03
1.00100435048811141e-02
1.96837231560760377e-03
8.27568206721344783e-03
3.28224092449272637e-03
2.62051538728675553e-03
1.49225577019197883e-03
-5.66427582157238638e-03
-1.43102663763178799e-02
-1.52435618781908439e-02
-1.86771128854320567e-02
-1.51444278165831676e-02
-2.24793327597470442e-02
-1.49615136987432795e-02
-2.60762046111490536e-02
-1.50997224373689096e-02
-2.96708762449214569e-02
-1.57591653398057689e-02
-3.33114310281189818e-02
-1.69571336341532049e-02
-3.69245909783432399e-02
-1.85675069419075217e-02
-4.03337846073508338e-02
-2.03470595824288315e-02
-4.32610462741118487e-02
-2.19522877297666508e-02
-4.53301828670369528e-02
-2.29639905452761681e-02
-4.60930942347669570e-02
-2.29387907694193587e-02
-4.51016136893269484e-02
-2.15040580484066532e-02
-4.18653809319313452e-02
-1.82274211783350522e-02
-3.61195080045912872e-02
-1.32553544110288832e-02
-2.82413646914079948e-02
-7.36420127065058432e-03
-1.93176824963508069e-02
-2.03557680227159669e-03
-1.11360609920288112e-02
7.77736056932152252e-04
-5.73263553014741103e-03
-6.05480339614327149e-04
-4.40968041202854065e-03
-6.52678342276335945e-03
-6.78895245925114927e-03
-1.55747809225394961e-02
-1.80785054254523209e-02
-1.75778205397520981e-02
-2.29846522301308288e-02
-1.64721822765010288e-02
-2.69821974520246810e-02
-1.52070138423618870e-02
-3.04652428375307704e-02
-1.43445940404592666e-02
-3.37565672312137438e-02
-1.42047787966111411e-02
-3.70434752456382521e-02
-1.48650690939300667e-02
-4.03673301781075078e-02
-1.62038485621098412e-02
-4.36212477792698866e-02
-1.79388292680747637e-02
-4.65460149764819892e-02
-1.96545876126576757e-02
-4.87331773873097840e-02
-2.08323467792259770e-02
-4.96533603270854218e-02
-2.09047800153936425e-02
-4.87370940319968027e-02
-1.93900756462477286e-02
-4.53310255463692385e-02
-1.56648773696519035e-02
-3.88874814150413570e-02
-9.68927788418594803e-03
-2.96027478871539185e-02
-2.19929091210949819e-03
-1.85067882409907271e-02
5.16931837957592018e-03
-7.57603785617312273e-03
1.00288912230656994e-02
6.43092204652658049e-04
1.00253067541972735e-02
4.14646930558783700e-03
4.21751182763271081e-03
2.83705789151935187e-03
-6.08209361829619311e-03
-2.10510753027480790e-02
-2.11394018288941048e-02
-2.57791113058721509e-02
-2.07418939364540436e-02
-3.00077810878175560e-02
-2.03654315296038640e-02
-3.40376647996533319e-02
-2.04552347687005052e-02
-3.80834375683319348e-02
-2.12531377881738509e-02
-4.22375804971717311e-02
-2.28005396503478328e-02
-4.64766276364110831e-02
-2.49741720645691098e-02
-5.06588483978780285e-02
-2.75092846050978800e-02
-5.45081963928194316e-02
-3.00075784278214207e-02
-5.75996223479346911e-02
-3.19500415413799602e-02
-5.93688203666032505e-02
-3.27383263331167754e-02
-5.91759532179577316e-02
-3.17975433722181636e-02
-5.63656847160059274e-02
-2.85039219525655592e-02
-5.01930763149774986e-02
-2.25873390933451074e-02
-4.07476699440253234e-02
-1.47044162956818294e-02
-2.90262414253088553e-02
-6.52242477425894578e-03
-1.71544380887589838e-02
-6.81318187255825847e-04
-8.08075557351547145e-03
-1.16563378559834767e-05
-4.32732901480945530e-03
-5.90142714149205754e-03
-6.20707396525380876e-03
-1.70409382349119114e-02
-2.63351239792796732e-02
-2.44960777926971213e-02
-3.18051654101028508e-02
-2.26533005474284441e-02
-3.61546297265889077e-02
-2.06986102942668219e-02
-3.97766128823333065e-02
-1.93433938473725545e-02
-4.31272230098187700e-02
-1.90151521279211186e-02
-4.65485256733861319e-02
-1.98325365348965069e-02
-5.01999410054200929e-02
-2.16619457467582682e-02
-5.40385422327950352e-02
-2.41712276150757126e-02
-5.78110326220949294e-02
-2.68619836838023367e-02
-6.10511304009922831e-02
-2.90900501973134808e-02
-6.30932099699251792e-02
-3.01088562529472116e-02
-6.31338935403376877e-02
-2.91759232329056109e-02
-6.04164968398396771e-02
-2.55222960985209101e-02
-5.37714947906147572e-02
-1.85650084641033920e-02
-4.30024664917607255e-02
-8.83119316018823007e-03
-2.89010526916734824e-02
1.94038031215345067e-03
-1.36461162370833770e-02
1.06678419489249551e-02
-7.06291741513640804e-04
1.36232753590275167e-02
6.39342701320222851e-03
8.38311130598534161e-03
6.39403734295364810e-03
-4.17388724802380054e-03
-2.85804995186332497e-02
-2.77403949238300279e-02
-3.38832660334648580e-02
-2.69389589265758775e-02
-3.86129820422390149e-02
-2.61885218996299983e-02
-4.29880219623505755e-02
-2.60212402126090668e-02
-4.72890937308051429e-02
-2.67662678673613805e-02
-5.17245477500148307e-02
-2.85153998067764411e-02
-5.63790455810389696e-02
-3.11590992662961856e-02
-6.11849300744772215e-02
-3.44157326155025284e-02
-6.58934017765943347e-02
-3.78342865205178874e-02
-7.00472338440976811e-02
-4.07988084517950725e-02
-7.29722434706654294e-02
-4.25508665385957024e-02
-7.38093425263571662e-02
-4.22765413944175966e-02
-7.17895087190129066e-02
-3.92135747318623495e-02
-6.56272952973630114e-02
-3.25391315336915482e-02
-5.49367341649393132e-02
-2.26295498446920443e-02
-4.03832826757188901e-02
-1.11398990965858851e-02
-2.41867148082492399e-02
-1.31281433653427184e-03
-1.01959265111780297e-02
2.61341036516929892e-03
-2.60480031882179925e-03
-2.46125861515736170e-03
-3.13280786429320692e-03
-1.58950400099723936e-02
-3.58695482020682382e-02
-3.24153417723910750e-02
-4.22516967822729461e-02
-2.94669261913864840e-02
-4.68938034772415011e-02
-2.63577786508345235e-02
-5.02834850266811184e-02
-2.40877632123196218e-02
-5.32002417713037523e-02
-2.32627854797398566e-02
-5.62884498054816648e-02
-2.40499136674380276e-02
-5.98997153187397768e-02
-2.62817388677554081e-02
-6.40788615791974409e-02
-2.95493038485714864e-02
-6.85806026602334418e-02
-3.32561305202418514e-02
-7.28825020006187568e-02
-3.66259896633463061e-02
-7.61859579772186518e-02
-3.87259843669953835e-02
-7.74495389987920335e-02
-3.85504680581040260e-02
-7.57553399368707941e-02
-3.51590274441323652e-02
-6.94194360998358490e-02
-2.73808444756479148e-02
-5.76246918735419875e-02
-1.53417478609189934e-02
-4.06525735189083720e-02
-6.43832844430670568e-04
-2.05306577767756272e-02
1.31094865124856304e-02
-1.46203291846213950e-03
2.05885513550400981e-02
1.10963626596719631e-02
1.70602489133402022e-02
1.37641585571033395e-02
2.08311690765685060e-03
-3.66583233712058087e-02
-3.49582998943754469e-02
-4.29916821419487824e-02
-3.35894341027729720e-02
-4.83188095775194948e-02
-3.21430711330529736e-02
-5.28080885008919421e-02
-3.13540482597188461e-02
-5.69559697347263028e-02
-3.17183642236057509e-02
-6.12239489267423359e-02
-3.34067952649212893e-02
-6.58887957397161633e-02
-3.63215128618597297e-02
-7.09943250412019139e-02
-4.01560836812313512e-02
-7.63328135992594609e-02
-4.43934664249746869e-02
-8.14233654296286635e-02
-4.83204293702556159e-02
-8.55017360202938725e-02
-5.10229787336684559e-02
-8.75412198205899467e-02
-5.14444740772888320e-02
-8.63583904976288480e-02
-4.86782395873227094e-02
-8.06605536337299811e-02
-4.13596352453782165e-02
-6.91836183409998556e-02
-2.94308723149959775e-02
-5.20459946178768035e-02
-1.42784899922215689e-02
-3.11738315918799330e-02
4.69406908916128462e-04
-1.10676889176564257e-02
9.06405501715648078e-03
2.09625625742281127e-03
5.92733395048953247e-03
4.22402493293347250e-03
-9.94112009228059409e-03
-4.68942997076380319e-02
-4.14935130988521098e-02
-5.48482114351205793e-02
-3.67725887289918826e-02
-5.95445304005761053e-02
-3.17154553823975338e-02
-6.19305787153974913e-02
-2.78832018204972741e-02
-6.35318946755070446e-02
-2.61367252610776937e-02
-6.55322780718720216e-02
-2.66524848097628789e-02
-6.85401273800496785e-02
-2.91625356313500311e-02
-7.26706777759965755e-02
-3.31149459432257751e-02
-7.76468370920294776e-02
-3.77868589692353166e-02
-8.28725449768354938e-02
-4.22544843527603783e-02
-8.74176721045924754e-02
-4.53935503126652179e-02
-9.00624993181007305e-02
-4.59125502459747786e-02
-8.93897954063366251e-02
-4.28052904773980544e-02
-8.38323419693433464e-02
-3.42201205323269878e-02
-7.15393333967065254e-02
-1.97369866351611162e-02
-5.21057042044834051e-02
-5.75448475638994767e-04
-2.69336190178423550e-02
1.94896287129700252e-02
-3.97621198065253889e-04
3.34806364257758393e-02
1.99704045083557540e-02
3.33953125743523122e-02
2.74389669762374090e-02
1.59220364351809925e-02
-4.51295925851523394e-02
-4.28545723135858106e-02
-5.33955095240254626e-02
-4.06035446342313255e-02
-5.93934233677306730e-02
-3.78988126149782875e-02
-6.34863748841416192e-02
-3.59205379050498014e-02
-6.67459811694287308e-02
-3.54430747656356640e-02
-7.01251433207845665e-02
-3.67246544496172486e-02
-7.41927520139043090e-02
-3.96403519786233047e-02
-7.91141514549164038e-02
-4.38373872825878960e-02
-8.47027683494249728e-02
-4.86814759523685261e-02
-9.04281366580156482e-02
-5.33527692112686774e-02
-9.54253070892597116e-02
-5.67783067566119820e-02
-9.85023567604169786e-02
-5.76517718136365653e-02
-9.81918050585509627e-02
-5.49383105320458420e-02
-9.30563890384568382e-02
-4.68042493919672356e-02
-8.11247014918249909e-02
-3.26656112434678889e-02
-6.17805234359661906e-02
-1.33548336120801244e-02
-3.61324337799916323e-02
7.36514028500845439e-03
-8.85383467002837099e-03
2.23441771065630464e-02
1.19342735000919891e-02
2.26775554724612215e-02
1.86074202580541262e-02
4.21583680372763364e-03
-6.02647071313478638e-02
-5.22564726972861993e-02
-7.09430908152704071e-02
-4.44190676996163367e-02
-7.48964517066088575e-02
-3.60725338164226902e-02
-7.47190457478243142e-02
-2.97948267563046473e-02
-7.35468332515374773e-02
-2.66784966111264718e-02
-7.34011886630383109e-02
-2.67371020021393603e-02
-7.51084183588492937e-02
-2.94681521589554851e-02
-7.87372246555600730e-02
-3.40387858353941933e-02
-8.38541563593568073e-02
-3.95847433968072593e-02
-8.97529443570994762e-02
-4.50051154502098261e-02
-9.53175527373350956e-02
-4.89859323810054106e-02
-9.91429614902681472e-02
-4.99933652492512148e-02
-9.95418693387872255e-02
-4.67740154355712201e-02
-9.48097327129166084e-02
-3.70391351359092083e-02
-8.22784400819466660e-02
-1.95868923506192921e-02
-6.08469264734847193e-02
4.88950272152497041e-03
-3.07956568557399800e-02
3.30377296112899649e-02
4.44280708068255960e-03
5.63722158326897954e-02
3.55994618580845398e-02
6.25242737599023407e-02
5.12489613347573078e-02
4.25707305394017674e-02
-5.42125662246643811e-02
-5.18649723016521152e-02
-6.61353215952387580e-02
-4.80111192532383449e-02
-7.26299442987758115e-02
-4.30783290653517573e-02
-7.52244866188068878e-02
-3.91091201657229881e-02
-7.63535030970518142e-02
-3.72510000835108990e-02
-7.78070367623524689e-02
-3.77852933207624767e-02
-8.05097901662099741e-02
-4.04271346963598621e-02
-8.46738377864230674e-02
-4.47954467286480959e-02
-9.00611551634053764e-02
-4.99862517082674679e-02
-9.60143876808027125e-02
-5.50898742934175720e-02
-1.01524982448346637e-01
-5.88597421578476096e-02
-1.05233564246571140e-01
-5.98111710374718275e-02
-1.05462836425955636e-01
-5.63483318330903621e-02
-1.00557629021510803e-01
-4.67657661565235028e-02
-8.81037546607087718e-02
-2.97792744360246379e-02
-6.68140597283099213e-02
-5.14918768757279249e-03
-3.62330067468868630e-02
2.31974952414854829e-02
-7.85567244153090793e-04
4.71872856056391385e-02
3.02289489082863058e-02
5.33670395412020604e-02
4.42311392413471324e-02
3.19677468630660197e-02
-7.87478349581129528e-02
-6.59938241280547122e-02
-9.37939095307710052e-02
-5.20956916699721675e-02
-9.44674066882351809e-02
-3.82623289418134171e-02
-8.85880964138800742e-02
-2.85630680707261268e-02
-8.23937574879198414e-02
-2.38503054934179858e-02
-7.88462565031552848e-02
-2.35009693197697003e-02
-7.85894800186026643e-02
-2.66352620015815958e-02
-8.13671645812869965e-02
-3.19413756319347208e-02
-8.65563812531172788e-02
-3.83254295214183818e-02
-9.29639319387517704e-02
-4.44813406773948011e-02
-9.92572195862109069e-02
-4.89256670747643466e-02
-1.03812691251168668e-01
-4.99203772360408971e-02
-1.04696301657524429e-01
-4.55505052154854748e-02
-1.00088425632982730e-01
-3.39072683652702489e-02
-8.74376281751500090e-02
-1.29034765826722912e-02
-6.42288567955241474e-02
1.83366012835864921e-02
-2.98102259318812970e-02
5.76295432520190568e-02
1.54767696025860518e-02
9.51958241896678076e-02
6.15159849368902140e-02
1.13187666226536685e-01
9.12011230281082469e-02
9.13939751994431449e-02
-6.56007495647819849e-02
-6.32819601272661542e-02
-8.41691878187889320e-02
-5.60159389248918310e-02
-8.98155979955714556e-02
-4.72207418822221253e-02
-8.84770986028174805e-02
-4.02323283399837472e-02
-8.54451488780479246e-02
-3.65004914966392674e-02
-8.36160773812628377e-02
-3.61213193848489988e-02
-8.41895969576067493e-02
-3.84472443583506740e-02
-8.73176402185984746e-02
-4.28048205572563664e-02
-9.23406654697441348e-02
-4.81862123714142596e-02
-9.83173511830168351e-02
-5.33965902389869768e-02
-1.03988595737979417e-01
-5.69639334706518313e-02
-1.07762798370015900e-01
-5.71281016194640917e-02
-1.07706598624751640e-01
-5.18768097042326959e-02
-1.01885586836955713e-01
-3.93584687296969910e-02
-8.77526808923993346e-02
-1.77701784319179504e-02
-6.36090138242544623e-02
1.31047240999693382e-02
-2.84156032306975836e-02
5.19931459821914715e-02
1.62588909817202656e-02
9.03564486208983941e-02
6.16696829342487096e-02
1.07733914464674868e-01
8.80069579196768870e-02
8.34213395274704950e-02
-1.11766939086200917e-01
-8.54065137948155917e-02
-1.31049053854656095e-01
-5.87127833838538352e-02
-1.20512760306063130e-01
-3.61328356212663737e-02
-1.02793997789540667e-01
-2.25212937921212726e-02
-8.85154060875200654e-02
-1.67002031849726312e-02
-8.05529702502824213e-02
-1.65588355441099316e-02
-7.82200465623783675e-02
-2.04322470105892801e-02
-8.04180181861973015e-02
-2.66969648673578211e-02
-8.57182331315824719e-02
-3.39624943843349417e-02
-9.26185644715454004e-02
-4.07581478711267764e-02
-9.95135902933785010e-02
-4.53931788922844609e-02
-1.04564846453713264e-01
-4.58487076164952462e-02
-1.05617870595183197e-01
-3.97431516631909024e-02
-1.00451758928693471e-01
-2.46958107665548043e-02
-8.63347195000349205e-02
2.03327974127356622e-03
-6.04961024786926232e-02
4.23533618869156650e-02
-2.07317250803338675e-02
9.58793989904653809e-02
3.43683208139434967e-02
1.56841770095471650e-01
1.01291437131339215e-01
2.01113380673838216e-01
1.57361377862017010e-01
1.83620005770461892e-01
-8.75395390117493510e-02
-8.02407907008250709e-02
-1.15295349653378773e-01
-6.48926847859810085e-02
-1.14108775490700823e-01
-4.96389095085992618e-02
-1.03495440882946460e-01
-3.84487780570147708e-02
-9.32543260187137929e-02
-3.26393747036018284e-02
-8.68219649085027051e-02
-3.12093840218384162e-02
-8.49530600482057141e-02
-3.32994915510911871e-02
-8.68871727854739484e-02
-3.77703140484640723e-02
-9.14649898480300039e-02
-4.33243281648809722e-02
-9.73426849016426204e-02
-4.84920635292528518e-02
-1.02965508723075569e-01
-5.15366751232474579e-02
-1.06496159716984881e-01
-5.03784775489327374e-02
-1.05760690809959534e-01
-4.25689024804006347e-02
-9.83692246774975770e-02
-2.57361149224548912e-02
-8.18581266408149877e-02
2.53655401907740274e-03
-5.37069611136879177e-02
4.39629337372465165e-02
-1.17419034301162652e-02
9.83198268669707859e-02
4.45128059388074995e-02
1.59139440959076395e-01
1.11006510883909906e-01
2.03622712650311150e-01
1.62860019041581205e-01
1.83877218503317036e-01
-1.95759584122465580e-01
-1.14648643929915223e-01
-1.98957228052266233e-01
-6.01764155673901319e-02
-1.53642061607625224e-01
-2.54417621133772413e-02
-1.13755435611153394e-01
-9.56974523003510831e-03
-8.89651286773606442e-02
-4.16828606668546205e-03
-7.68255070601051859e-02
-5.55338177308326627e-03
-7.33186704594855770e-02
-1.10140122480142256e-02
-7.55532762010160258e-02
-1.86767679510634541e-02
-8.13584754248592862e-02
-2.70092080110054707e-02
-8.88959336738519984e-02
-3.44465282265975642e-02
-9.63625170545314297e-02
-3.91582895027824743e-02
-1.01772789246072096e-01
-3.88844835417593154e-02
-1.02820945983003495e-01
-3.08168684172331724e-02
-9.69107925829797295e-02
-1.20357689983474382e-02
-8.16333801161078926e-02
2.10022079145722462e-02
-5.36246460579053313e-02
7.25598750056588165e-02
-8.81794941742120551e-03
1.46974403805654769e-01
5.83593360062371128e-02
2.45937817276571102e-01
1.53107285865219794e-01
3.52785933813024644e-01
2.66620376888912602e-01
3.80422856395671638e-01
-1.58576756549438785e-01
-1.08999751136793721e-01
-1.76996693143655515e-01
-7.36916034234850886e-02
-1.47597994382146741e-01
-4.86282919307336609e-02
-1.17837003719716407e-01
-3.23599779547767072e-02
-9.73192114635699490e-02
-2.43294593305762551e-02
-8.60504619344719390e-02
-2.25200040174227678e-02
-8.20483156821881637e-02
-2.49864821294827864e-02
-8.31922870846290297e-02
-3.00053696970258750e-02
-8.75917248599404341e-02
-3.59640740485054691e-02
-9.34869984399067239e-02
-4.11719934237182172e-02
-9.90629793909622441e-02
-4.36791535798801284e-02
-1.02285357280545580e-01
-4.11238824520029286e-02
-1.00784189028781238e-01
-3.05962340454207886e-02
-9.18638931974865569e-02
-9.31902465271001144e-03
-7.33358317851715569e-02
2.60384624401486901e-02
-4.19150831429321996e-02
7.95930712745838570e-02
6.29359517114585609e-03
1.55592931870357110e-01
7.65072009979921724e-02
2.55984332059211006e-01
1.74771851872948747e-01
3.67143022980475409e-01
2.91310182163500464e-01
4.06684143943589482e-01
-4.84425087943304855e-01
-1.50598146054170628e-01
-3.15005267003389433e-01
-4.20815321252520913e-02
-1.79542260721503699e-01
1.60957065734235725e-03
-1.10210734864539583e-01
1.44225845082563506e-02
-7.83953406110784456e-02
1.47442781479847265e-02
-6.56931253024852085e-02
9.31526593788047780e-03
-6.33033781729441525e-02
9.69268740410577376e-04
-6.68922655149300910e-02
-8.71347353992990396e-03
-7.39146815091377141e-02
-1.84243956818068780e-02
-8.24555528167844193e-02
-2.67149991030111722e-02
-9.07032813575679164e-02
-3.17736005517365652e-02
-9.66713413129346444e-02
-3.12534872983774997e-02
-9.80266434539996401e-02
-2.20966542678212412e-02
-9.22612148799621251e-02
-1.26345036681862642e-03
-7.73594027647025589e-02
3.56761114389394784e-02
-4.98277566584595100e-02
9.56969564660727912e-02
-4.65621350887346526e-03
1.90537967364827587e-01
6.81740707057504475e-02
3.42326666841132166e-01
1.93953369352461352e-01
5.86459045736974383e-01
4.26145471332361858e-01
8.71845553415593777e-01
-4.40545452563293194e-01
-1.54884200414451445e-01
-2.82285768388894021e-01
-7.30282665520838592e-02
-1.78958638108148688e-01
-3.36107726371584273e-02
-1.22089804520937234e-01
-1.52109671832855696e-02
-9.25668077890369895e-02
-8.72738873170831805e-03
-7.88233297739982658e-02
-9.12451553746882089e-03
-7.45612981971029015e-02
-1.35465408728335859e-02
-7.61502389219720077e-02
-2.00800239500378529e-02
-8.11650953199060943e-02
-2.71019994368730810e-02
-8.76427099979413954e-02
-3.29247462931499674e-02
-9.36796311317235481e-02
-3.55664545405445509e-02
-9.71873566296150987e-02
-3.25704295307127356e-02
-9.57165665458569875e-02
-2.06812799891043161e-02
-8.68812179724307854e-02
2.70399476461397363e-03
-6.84269389397929167e-02
4.21912959983142336e-02
-3.68141701018208020e-02
1.04403669865794746e-01
1.28843950301206992e-02
2.00242055306398020e-01
8.97470222669906614e-02
3.50512356037314232e-01
2.16995484136211836e-01
5.96890079336290014e-01
4.58663788006704043e-01
9.43641726723950303e-01
-1.54710751542749225e+00
-1.07599756150648526e-01
-3.93278162009203680e-01
5.63615211832487334e-02
-1.36546472144174813e-01
6.38999598324362234e-02
-7.01568645979715189e-02
5.20994375358376643e-02
-5.01361962617257531e-02
3.92728356632891309e-02
-4.54711022538358128e-02
2.67943429048237945e-02
-4.80444395855967182e-02
1.43415965093366873e-02
-5.48625410763822347e-02
1.98997207284379611e-03
-6.41840536574396769e-02
-9.66000955569094703e-03
-7.45382065457599746e-02
-1.95239760202552647e-02
-8.43845101047275559e-02
-2.60071513644805005e-02
-9.19347043245044848e-02
-2.69091598802802985e-02
-9.50355196382568074e-02
-1.94203458959481580e-02
-9.17148407802350213e-02
-6.62746232010120507e-04
-8.00247084335345832e-02
3.37737926710535569e-02
-5.74672560393089879e-02
9.09259306476249973e-02
-2.09012806814127643e-02
1.85136608810202219e-01
3.69976545455622322e-02
3.59683248785331755e-01
1.51544279420490424e-01
7.90997519724020437e-01
5.06932294849563259e-01
2.19722288690050860e+00
VECTORS velocity double
-2.78153013546287076e-05 -9.47193282467814529e-05 0
2.35201467052021231e-04 -1.07238028949256748e-04 0
-2.06132389452856574e-07 -7.77084783671759446e-05 0
1.67798192168875466e-05 -3.76172593006227784e-05 0
-5.68233206156054595e-04 -2.14836884850947773e-06 0
-8.32006570873532409e-04 1.58823946333818044e-05 0
-1.66155254280761326e-03 3.83204716747830181e-05 0
-2.11328987477478816e-03 3.73433915311673014e-05 0
-3.06129788478794488e-03 5.25700642728895888e-05 0
-3.61305635163333520e-03 4.06069554086054102e-05 0
-4.58023587715367109e-03 5.34729400518267378e-05 0
-5.16473434191147551e-03 3.52237834689922901e-05 0
-6.07467346687238802e-03 4.74801722923971455e-05 0
-6.63704065074271262e-03 2.47622629765325936e-05 0
-7.42485082718105736e-03 3.60840376992781225e-05 0
-7.91336758305721637e-03 9.11938166437470775e-06 0
-8.51808674243146463e-03 1.82435678055852423e-05 0
-8.88004501212971177e-03 -1.32949438073001984e-05 0
-9.24327174462688528e-03 -7.75286049681937794e-06 0
-9.42672811202283079e-03 -4.40469209226357418e-05 0
-9.49693601552456003e-03 -4.30584119708520179e-05 0
-9.45750740100609159e-03 -8.33247033971767307e-05 0
-9.20011807137686814e-03 -8.56885713908560949e-05 0
-8.91564057436178281e-03 -1.27152115239171373e-04 0
-8.32800055475387858e-03 -1.31038478844917346e-04 0
-7.80987793714548514e-03 -1.69985997546416692e-04 0
-6.93273145140063055e-03 -1.71762834125797052e-04 0
-6.23779871224123834e-03 -2.02975326907963821e-04 0
-5.16326305831181324e-03 -1.98147980491605522e-04 0
-4.39564750876419563e-03 -2.16263679539623640e-04 0
-3.26188946393594654e-03 -2.01011749635995088e-04 0
-2.55970464824378189e-03 -2.02155295041568330e-04 0
-1.52951738845229310e-03 -1.74870356634737243e-04 0
-1.03598323860585283e-03 -1.57876223930642357e-04 0
-2.61887158212846776e-04 -1.20076590778615271e-04 0
-8.55744214631805491e-05 -8.72977399998245342e-05 0
3.33688097185822331e-04 -4.58545402683790984e-05 0
1.70965273714576829e-04 -9.75788194155199170e-06 0
2.60888022073677060e-04 6.97042612849199498e-06 0
-5.76086588746292549e-05 6.44809423998291683e-07 0
-7.91565671333855411e-05 -8.30846358081139413e-05 0
1.22147048822375851e-04 7.93976500360126598e-05 0
-5.31000546992843711e-04 2.96514485007020765e-04 0
-9.34880848968592929e-04 6.05133123185926081e-04 0
-2.34784480328530934e-03 8.51581665478258780e-04 0
-3.41413213729581996e-03 1.07668850659874398e-03 0
-5.40979149841252799e-03 1.24383932065374732e-03 0
-6.94340278380911786e-03 1.36143720448253492e-03 0
-9.25575494194693510e-03 1.44827930464495663e-03 0
-1.10333409291354569e-02 1.47717254339445304e-03 0
-1.34209578855228502e-02 1.49946966547957771e-03 0
-1.52484688861178191e-02 1.45788768793743851e-03 0
-1.75095926523307598e-02 1.42624419925062350e-03 0
-1.92201039216247510e-02 1.32395147572632668e-03 0
-2.11791111830935894e-02 1.24178234523825560e-03 0
-2.26190900888704020e-02 1.08254919157313445e-03 0
-2.41142538748581013e-02 9.50059345376623736e-04 0
-2.51372915670669862e-02 7.36845596510641199e-04 0
-2.60200978165426346e-02 5.56109664289128097e-04 0
-2.64931193430965606e-02 2.96048493429064300e-04 0
-2.66402634159477632e-02 7.55203690802923111e-05 0
-2.64615014818603000e-02 -2.15144815633932504e-04 0
-2.57980790849260608e-02 -4.54526101448860507e-04 0
-2.49243481266620617e-02 -7.46566869628995707e-04 0
-2.34535943160405803e-02 -9.73140750902230095e-04 0
-2.19310325856358762e-02 -1.22679728851671633e-03 0
-1.97635728419389249e-02 -1.39883755111827341e-03 0
-1.77507924660292651e-02 -1.56788560185915559e-03 0
-1.51181726373491015e-02 -1.64266149509039003e-03 0
-1.28862972035787178e-02 -1.68635005261157686e-03 0
-1.01251090067258701e-02 -1.63375513615767430e-03 0
-8.02357460611120669e-03 -1.53127788323503908e-03 0
-5.52264032856714712e-03 -1.34786526312812949e-03 0
-3.90804379502767991e-03 -1.11061373542122206e-03 0
-2.02139738945864272e-03 -8.29556891210077372e-04 0
-1.15674578380265476e-03 -5.08917759205250756e-04 0
-9.22531399499126198e-05 -2.10136350118281842e-04 0
-2.25233827254367591e-05 8.21527914028078523e-05 0
2.97900404316498986e-04 2.21893225439773320e-04 0
-8.01123966930513407e-05 2.02520243489524393e-04 0
-1.06528978236153371e-04 -1.37547719768851606e-04 0
-9.34259815794050722e-05 3.44037876752422561e-04 0
-1.20140989830935102e-03 9.79967027877683876e-04 0
-2.17353399491169563e-03 1.77821539887602323e-03 0
-4.36935288016478303e-03 2.47814286731970739e-03 0
-6.30823517249563901e-03 3.07642356622686011e-03 0
-9.33509193226059880e-03 3.56900880841343150e-03 0
-1.19459436032918597e-02 3.88153464870691529e-03 0
-1.54307975302548483e-02 4.14427306950967880e-03 0
-1.83780286563981071e-02 4.20370837640482702e-03 0
-2.19692458582303775e-02 4.27067240525834391e-03 0
-2.49519021062451773e-02 4.12147292451548256e-03 0
-2.83462023312091374e-02 4.02144489074856074e-03 0
-3.11006460278035017e-02 3.69166314723557744e-03 0
-3.40309025513807345e-02 3.43760304542562638e-03 0
-3.63165170645141158e-02 2.94147015688513451e-03 0
-3.85390655603698798e-02 2.53912092015757878e-03 0
-4.01326505991068394e-02 1.88964482374518188e-03 0
-4.14289767158092931e-02 1.35083021513844777e-03 0
-4.21352824014790614e-02 5.73166909575373957e-04 0
-4.23300771602062725e-02 -7.19072257263516604e-05 0
-4.20070555355023939e-02 -9.28441474826369965e-04 0
-4.09983253210644202e-02 -1.62012616565475678e-03 0
-3.95917297985902764e-02 -2.47448410510755536e-03 0
-3.73911792874338789e-02 -3.12175542016948681e-03 0
-3.49784420806825633e-02 -3.86270755861651931e-03 0
-3.17520012494228593e-02 -4.34958166168638617e-03 0
-2.85725756307892466e-02 -4.85087081382555227e-03 0
-2.46575155952527235e-02 -5.06045469196337184e-03 0
-2.11119017866190327e-02 -5.21156539046382754e-03 0
-1.69946569745793308e-02 -5.06182828341495816e-03 0
-1.35971160418175627e-02 -4.80655849338940382e-03 0
-9.84001574408329728e-03 -4.28882085174696424e-03 0
-7.11872188499036111e-03 -3.66071046683880521e-03 0
-4.23614721697109994e-03 -2.87015608113964666e-03 0
-2.58860189923089878e-03 -2.01765766916369056e-03 0
-8.86790507886470549e-04 -1.17924765002803316e-03 0
-4.07073903226467073e-04 -4.00727071080722174e-04 0
1.96121762855674383e-04 6.49449171835422162e-05 0
-8.91367312799677686e-05 2.18174924615631498e-04 0
-1.64459955325651721e-04 1.17030267460443261e-04 0
-4.33565394782434404e-04 1.17399883359067467e-03 0
-2.12338495776223527e-03 2.37723847682178805e-03 0
-3.73924114506474269e-03 3.77244871422334612e-03 0
-6.75442777079705847e-03 4.98722980007896850e-03 0
-9.54493149227694966e-03 6.04149194934469180e-03 0
-1.35384017054858211e-02 6.88279882466146485e-03 0
-1.71246594901300862e-02 7.45592237772642503e-03 0
-2.16496036921268210e-02 7.88188828670378233e-03 0
-2.56174118562499109e-02 8.01414624798080753e-03 0
-3.02453366660253714e-02 8.07510534886139893e-03 0
-3.42142899321305205e-02 7.83315105095023188e-03 0
-3.85651744008675690e-02 7.57695009257614276e-03 0
-4.21953693746985950e-02 7.00678046457328847e-03 0
-4.59302814040947541e-02 6.45977261715566763e-03 0
-4.89120363923152834e-02 5.58870714492369809e-03 0
-5.17242697189969070e-02 4.76842360842142429e-03 0
-5.37762380493055359e-02 3.62466515424702792e-03 0
-5.53968121130389152e-02 2.56103550787967075e-03 0
-5.62805631001242965e-02 1.19502000232089844e-03 0
-5.65003531871275874e-02 -5.03994676730635139e-05 0
-5.60493625822011537e-02 -1.54901095814480175e-03 0
-5.47524684552638113e-02 -2.86758483655637957e-03 0
-5.29106816685370601e-02 -4.35576143796235268e-03 0
-5.01196208435354396e-02 -5.58425021304401973e-03 0
-4.69897219871135280e-02 -6.86791094512078336e-03 0
-4.29101343617764863e-02 -7.80265976588868926e-03 0
-3.87875652404842397e-02 -8.66414990616430451e-03 0
-3.38276119937032382e-02 -9.10146688118415245e-03 0
-2.91998186820079282e-02 -9.35078997214427478e-03 0
-2.39460886229143528e-02 -9.14688610653965027e-03 0
-1.94398168074970366e-02 -8.68726673954003069e-03 0
-1.45743229992453920e-02 -7.82485219361741396e-03 0
-1.08405019612812653e-02 -6.71556431270761960e-03 0
-6.99557925380395879e-03 -5.35854685269063647e-03 0
-4.53893142450591779e-03 -3.85906379748097690e-03 0
-2.10882710513842072e-03 -2.39083556296346882e-03 0
-1.09333450378859597e-03 -1.00123624848039486e-03 0
-4.49969132101282523e-05 -9.55675665155682500e-05 0
-1.27197479088549575e-04 3.09412209835064267e-04 0
-1.96848368601367212e-04 4.60589488591978417e-04 0
-7.45203742997584194e-04 2.30229519893476384e-03 0
-2.99779450643896219e-03 4.28628459313801485e-03 0
-5.27444079473429837e-03 6.40811013169071114e-03 0
-9.09677512270413817e-03 8.28489622085215247e-03 0
-1.27393576077330720e-02 9.85883059189542402e-03 0
-1.76609842555860500e-02 1.11502000526061910e-02 0
-2.21892094594873628e-02 1.19907819592463133e-02 0
-2.76854128711981999e-02 1.26388550440690098e-02 0
-3.26110706763348274e-02 1.27971396992316352e-02 0
-3.81875361819144776e-02 1.28697027630953042e-02 0
-4.30643685726551859e-02 1.24387106207169990e-02 0
-4.82794920157850818e-02 1.20049475732676089e-02 0
-5.27065729788432358e-02 1.10539268600968049e-02 0
-5.71644025527250771e-02 1.01569062430922150e-02 0
-6.07772668406820413e-02 8.73243224834418207e-03 0
-6.41211341944126351e-02 7.40610898514059129e-03 0
-6.65925409674506669e-02 5.55904214821654509e-03 0
-6.85134700149063192e-02 3.85802611872146156e-03 0
-6.95707011127734976e-02 1.67351056620971715e-03 0
-6.98320595608538652e-02 -3.00221450764150491e-04 0
-6.92877836818219239e-02 -2.67950243781317271e-03 0
-6.77599237369021223e-02 -4.75598025527607798e-03 0
-6.55527253416214872e-02 -7.11041509377537129e-03 0
-6.22615332614104566e-02 -9.04001450022416837e-03 0
-5.85078107991685789e-02 -1.10751210337296721e-02 0
-5.36830351203037431e-02 -1.25492261140706680e-02 0
-4.87152280438496454e-02 -1.39361046271918084e-02 0
-4.28147664019483190e-02 -1.46459347558951531e-02 0
-3.71851389960188433e-02 -1.50955305059659178e-02 0
-3.08745538923230305e-02 -1.48198617151412537e-02 0
-2.53037598533396267e-02 -1.41804473870738613e-02 0
-1.93708344073960613e-02 -1.28865117038081591e-02 0
-1.46251355252872365e-02 -1.12412161400159711e-02 0
-9.82080574837648941e-03 -9.17048675320899891e-03 0
-6.52227813907120795e-03 -6.90577421804214765e-03 0
-3.34893127356748754e-03 -4.62401935921726969e-03 0
-1.76099492055710395e-03 -2.46549669671489429e-03 0
-2.71761838551427815e-04 -9.00841899554180158e-04 0
-1.45910922867460285e-04 4.56622214587414047e-05 0
-2.44818176668407117e-04 1.05929570359079481e-03 0
-1.06963338343176568e-03 3.97475081808423662e-03 0
-3.93441129669778403e-03 6.90711261300930822e-03 0
-6.86182209985696651e-03 9.87092576544658894e-03 0
-1.15157026822845458e-02 1.24530646193949518e-02 0
-1.59679629347924991e-02 1.46049306675932362e-02 0
-2.17986636476242418e-02 1.63338308137567605e-02 0
-2.71897193306544147e-02 1.74793331822037240e-02 0
-3.35988498391937840e-02 1.83051658627202997e-02 0
-3.93782230243371820e-02 1.85150308079733844e-02 0
-4.58209649301397279e-02 1.85300261851187448e-02 0
-5.14936465451985223e-02 1.79236780893200394e-02 0
-5.74844408773132268e-02 1.72209509707309805e-02 0
-6.26053390284697642e-02 1.58901069019175105e-02 0
-6.77076956664465074e-02 1.45324003843387874e-02 0
-7.18724762716243665e-02 1.25437372743554092e-02 0
-7.56940129895245922e-02 1.05857304174202371e-02 0
-7.85418594099342032e-02 8.01522239022058568e-03 0
-8.07446621946991128e-02 5.54128643052635185e-03 0
-8.19772585993518987e-02 2.51179616011251196e-03 0
-8.23036644965852299e-02 -3.31212381109735024e-04 0
-8.17168203398360299e-02 -3.62294689174472943e-03 0
-8.00248088829632054e-02 -6.60057560460428072e-03 0
-7.75483781413540685e-02 -9.85589187651426599e-03 0
-7.38585928006258857e-02 -1.26271765060024105e-02 0
-6.96091887018593092e-02 -1.54480485690135973e-02 0
-6.41572874272831467e-02 -1.75933715554738128e-02 0
-5.84823664049669498e-02 -1.95339202765404708e-02 0
-5.17508573065356414e-02 -2.06298369530524515e-02 0
-4.52411846951108754e-02 -2.12923320493338258e-02 0
-3.79483338586220562e-02 -2.10267299645465582e-02 0
-3.13948452534709363e-02 -2.01921124157364573e-02 0
-2.44149824104121851e-02 -1.85021540684334983e-02 0
-1.86868619252870335e-02 -1.62664873065559989e-02 0
-1.28859072205450859e-02 -1.34603215924869977e-02 0
-8.72874972702462892e-03 -1.03315752016917110e-02 0
-4.73502022243982561e-03 -7.15129924049316777e-03 0
-2.53876922069278411e-03 -4.07876540100986056e-03 0
-5.29517397602694657e-04 -1.71014689833134254e-03 0
-1.79377591803267403e-04 -1.08298254424233037e-04 0
-2.68604521965616432e-04 1.77511766926146362e-03 0
-1.36447691631766269e-03 5.99112666809475079e-03 0
-4.77697104281066872e-03 1.00791029729971615e-02 0
-8.34539228227903704e-03 1.39881320400394860e-02 0
-1.37760759125123596e-02 1.73921195457455088e-02 0
-1.90254169516801824e-02 2.01400806630309508e-02 0
-2.57106609470195667e-02 2.23734636628492335e-02 0
-3.19414594664248763e-02 2.37888498470041412e-02 0
-3.92045631781847564e-02 2.48292525660214862e-02 0
-4.58043169753153054e-02 2.50167725244472630e-02 0
-5.30539978496252229e-02 2.49873598105598595e-02 0
-5.94862358329652022e-02 2.40993912949696507e-02 0
-6.62017590546295498e-02 2.31191588477811551e-02 0
-7.19873679238906272e-02 2.12741305569411066e-02 0
-7.77012448822524404e-02 1.94267871426926503e-02 0
-8.24056025552876298e-02 1.67155047377375542e-02 0
-8.66973691536827434e-02 1.40783957713560559e-02 0
-8.99327620144155793e-02 1.06063184514322510e-02 0
-9.24395628136749914e-02 7.29642109624139244e-03 0
-9.38843048227975263e-02 3.22908021473182743e-03 0
-9.43267591124682253e-02 -5.57645330729834854e-04 0
-9.37566604567988821e-02 -4.96176684803427935e-03 0
-9.19737549055102549e-02 -8.92147615703047306e-03 0
-8.93000058932586216e-02 -1.32799359651089056e-02 0
-8.52947354294415760e-02 -1.69763961075305725e-02 0
-8.06197121834829056e-02 -2.07795621186095160e-02 0
-7.46175911894049054e-02 -2.36734428376282995e-02 0
-6.82869795130229967e-02 -2.63454414148391360e-02 0
-6.07792166878906998e-02 -2.78847718650781992e-02 0
-5.34081690882772658e-02 -2.89006769856962192e-02 0
-4.51556030539770961e-02 -2.86641709646945318e-02 0
-3.76000771905951950e-02 -2.77160887417162959e-02 0
-2.95652658091542890e-02 -2.55928273440538881e-02 0
-2.28062779390220231e-02 -2.27722036400306027e-02 0
-1.59871683013315009e-02 -1.91273359650657171e-02 0
-1.09173428008079356e-02 -1.50581570633526729e-02 0
-6.09689471016127381e-03 -1.08131752701833787e-02 0
-3.26109024834804950e-03 -6.67204754433185082e-03 0
-7.65269201251325888e-04 -3.25991251136622737e-03 0
-1.89188613744938029e-04 -6.63604783663588054e-04 0
-3.12573526133491067e-04 2.69262285312326516e-03 0
-1.64369992484556795e-03 8.48301649521917417e-03 0
-5.62996126805301918e-03 1.38886724170709745e-02 0
-9.78722631066977766e-03 1.88696555332518931e-02 0
-1.60032784687930592e-02 2.31339711400595990e-02 0
-2.19845009490668535e-02 2.65389111266120421e-02 0
-2.95123931851709008e-02 2.92509760112547590e-02 0
-3.65064548618804635e-02 3.09724192415038457e-02 0
-4.45931666705011998e-02 3.21693255739647285e-02 0
-5.19322080025624300e-02 3.23634602686914408e-02 0
-5.99483532067599453e-02 3.22134226892674472e-02 0
-6.70649852704555405e-02 3.10702708148453653e-02 0
-7.44663534494528212e-02 2.97237093390831618e-02 0
-8.08589223827623077e-02 2.73882898512099564e-02 0
-8.71588790646679185e-02 2.49523805666790437e-02 0
-9.23724812427591108e-02 2.15384558426002792e-02 0
-9.71320566045087846e-02 1.81147230736296641e-02 0
-1.00758877979355135e-01 1.37559414152783836e-02 0
-1.03595728693733319e-01 9.49471640660456279e-03 0
-1.05293074716618695e-01 4.39748507619916809e-03 0
-1.05906135979317181e-01 -4.56954929211225789e-04 0
-1.05427753557960358e-01 -5.97744624905966349e-03 0
-1.03633044859029272e-01 -1.10553633695575325e-02 0
-1.00862771961507960e-01 -1.65363507508365648e-02 0
-9.66328253075278282e-02 -2.13056754143518198e-02 0
-9.16431598165360767e-02 -2.61265422352432927e-02 0
-8.51745730577714022e-02 -2.99244124363392643e-02 0
-7.82893189657879046e-02 -3.33735232726533604e-02 0
-7.00608038848517106e-02 -3.55070861358897927e-02 0
-6.18998278014405989e-02 -3.69170252902515442e-02 0
-5.26972978790053864e-02 -3.68334159735019054e-02 0
-4.41692457101258845e-02 -3.57833547700532120e-02 0
-3.50375139003454503e-02 -3.32947260244344720e-02 0
-2.72375554045621894e-02 -2.98452913299761084e-02 0
-1.93185119714522659e-02 -2.53482310057625698e-02 0
-1.33061457345239730e-02 -2.02223335496960407e-02 0
-7.56586522023208839e-03 -1.48067496876829446e-02 0
-4.06993126820936416e-03 -9.41063425101247401e-03 0
-1.01380820828485176e-03 -4.78152195069943449e-03 0
-2.17749829140654618e-04 -1.06273990147876820e-03 0
-3.30688185964616037e-04 3.73143963189983717e-03 0
-1.90239752403763220e-03 1.13076634912293705e-02 0
-6.37549768602305427e-03 1.82232497394270443e-02 0
-1.11065837434710761e-02 2.43600658105017701e-02 0
-1.80212109628339889e-02 2.95904957995891393e-02 0
-2.47143358434884497e-02 3.36473493677032290e-02 0
-3.30062311057175775e-02 3.68969680925921514e-02 0
-4.07419935138978589e-02 3.88673510821493998e-02 0
-4.95843795285879005e-02 4.02569634457742437e-02 0
-5.76423099525227162e-02 4.03693060590140651e-02 0
-6.63713580004438169e-02 4.01224522470998643e-02 0
-7.41584048714523242e-02 3.86144104935921065e-02 0
-8.22118424140642762e-02 3.69157117601202692e-02 0
-8.92105974112781530e-02 3.39634057557898633e-02 0
-9.60881539650906003e-02 3.09431999872088158e-02 0
-1.01829500021384509e-01 2.66852258746232557e-02 0
-1.07077320504002968e-01 2.24678178633924384e-02 0
-1.11136553129300764e-01 1.70663951291746656e-02 0
-1.14353008811083276e-01 1.18337446939823735e-02 0
-1.16365284916654793e-01 5.53582294514730257e-03 0
-1.17223548453096557e-01 -4.19816329908533753e-04 0
-1.16914212429394523e-01 -7.23849570325552256e-03 0
-1.15197846211581190e-01 -1.34833864548122365e-02 0
-1.12412114217521217e-01 -2.02836746282145895e-02 0
-1.08050386515738950e-01 -2.61930904859912980e-02 0
-1.02816135627937844e-01 -3.22411484669473183e-02 0
-9.59607227337721386e-02 -3.70245846136612322e-02 0
-8.85631877475901164e-02 -4.14622996273821542e-02 0
-7.96647569245654691e-02 -4.42718417947424933e-02 0
-7.07145539755892061e-02 -4.62669731465874118e-02 0
-6.05743317731895839e-02 -4.63926631834805300e-02 0
-5.10279786669699947e-02 -4.53783152581619942e-02 0
-4.07758813823307364e-02 -4.25228078246346133e-02 0
-3.18537906359020809e-02 -3.84932557747618698e-02 0
-2.27961066097079022e-02 -3.30574598277437737e-02 0
-1.57530015033554155e-02 -2.68124209164198463e-02 0
-9.07249458216728873e-03 -2.00485646364579918e-02 0
-4.85459204839013524e-03 -1.32252534998781521e-02 0
-1.26270977141325629e-03 -7.11179919426767251e-03 0
-2.21720524731048040e-04 -1.89558492389324388e-03 0
-3.76977965518463323e-04 4.92597863673415078e-03 0
-2.13169608940997572e-03 1.45278160737041945e-02 0
-7.11947468210231797e-03 2.30935004749094619e-02 0
-1.23444647933901308e-02 3.05151195436305332e-02 0
-1.99637378715046970e-02 3.67425620666837066e-02 0
-2.72810958436097706e-02 4.15234876697913105e-02 0
-3.63285113315861760e-02 4.52796543379042835e-02 0
-4.47195216285413838e-02 4.75499459387694681e-02 0
-5.42998458762843014e-02 4.90708273378223370e-02 0
-6.29987609969434315e-02 4.91496576685670067e-02 0
-7.24206825482988648e-02 4.87308490047031126e-02 0
-8.08166322503611895e-02 4.69098356223208932e-02 0
-8.95086390976661123e-02 4.47773586645901431e-02 0
-9.70763858656385759e-02 4.12635665766758614e-02 0
-1.04533563457915063e-01 3.75728424316277287e-02 0
-1.10796305031173173e-01 3.25264981175308610e-02 0
-1.16556908309356208e-01 2.74234127838806803e-02 0
-1.21076624687685541e-01 2.10304441819543532e-02 0
-1.24722903369386892e-01 1.47251348046850226e-02 0
-1.27112010587029894e-01 7.26680856298780615e-03 0
-1.28289603291295878e-01 9.36748545266319615e-05 0
-1.28238858543266387e-01 -8.00435352915935747e-03 0
-1.26690702251678111e-01 -1.55557928692828997e-02 0
-1.24000667523049515e-01 -2.36849637833161965e-02 0
-1.19601966496660508e-01 -3.09000513829197666e-02 0
-1.14239938774653452e-01 -3.82172788153404552e-02 0
-1.07078717842159291e-01 -4.41758484317699013e-02 0
-9.92713643779672000e-02 -4.96704561544995885e-02 0
-8.97484905889179702e-02 -5.33543194679558519e-02 0
-8.00769537377306884e-02 -5.60082897468054466e-02 0
-6.89898921891268641e-02 -5.65187201275872061e-02 0
-5.84449424473183349e-02 -5.55824967683777940e-02 0
-4.70013040043595134e-02 -5.24677889143094073e-02 0
-3.69309378218880546e-02 -4.78255907430102933e-02 0
-2.66150163296967890e-02 -4.14480589311340269e-02 0
-1.84931881733788155e-02 -3.39462831865955245e-02 0
-1.07393943002975605e-02 -2.57043815839674526e-02 0
-5.76650775630257323e-03 -1.72205507651821063e-02 0
-1.53108300591608916e-03 -9.41385103538631106e-03 0
-2.53384686634068395e-04 -2.54710317307165878e-03 0
-3.91119606126372719e-04 6.24013890425300158e-03 0
-2.34609651997273044e-03 1.80492272570499969e-02 0
-7.74019066141524298e-03 2.84366341513003010e-02 0
-1.34466136103778069e-02 3.72028407403222905e-02 0
-2.16560750054327796e-02 4.45282496698048216e-02 0
-2.95752125431068269e-02 5.00101524356814375e-02 0
-3.92740648337588164e-02 5.43369883320718658e-02 0
-4.82971719808453145e-02 5.68362713051819290e-02 0
-5.85296796772936875e-02 5.85382243669308119e-02 0
-6.78512291895794067e-02 5.84873315415439729e-02 0
-7.79034307849353069e-02 5.79427199475865892e-02 0
-8.68999924664659168e-02 5.56992130149364870e-02 0
-9.61952328775330517e-02 5.31781779210349984e-02 0
-1.04339359959700839e-01 4.89848930151232445e-02 0
-1.12371493168797895e-01 4.46660836127317634e-02 0
-1.19183525446020649e-01 3.87049149191030992e-02 0
-1.25484657583420894e-01 3.27512853929192299e-02 0
-1.30515638594393718e-01 2.52285836888776309e-02 0
-1.34650910861311063e-01 1.78723901779432107e-02 0
-1.37489066451746272e-01 9.09863641123204864e-03 0
-1.39072227747753852e-01 7.10321374758005747e-04 0
-1.39367370062981943e-01 -8.84125466213744188e-03 0
-1.38091771740769642e-01 -1.77183786535291370e-02 0
-1.35590296572340091e-01 -2.73761316901070424e-02 0
-1.31266119374828266e-01 -3.59507917141174901e-02 0
-1.25861198306094713e-01 -4.47679141838655606e-02 0
-1.18497581761456250e-01 -5.19903688700711561e-02 0
-1.10339744492993039e-01 -5.87957803659590814e-02 0
-1.00269969365615080e-01 -6.34637583526490301e-02 0
-8.98922271453708455e-02 -6.70285097070245917e-02 0
-7.78938616468974748e-02 -6.80225287873525569e-02 0
-6.63080656844074884e-02 -6.73694799959838053e-02 0
-5.36603748728178426e-02 -6.40350630901565798e-02 0
-4.23450222658623421e-02 -5.88817151106438771e-02 0
-3.07250465103324384e-02 -5.14939012346225453e-02 0
-2.14009447771008089e-02 -4.26897681442012511e-02 0
-1.25326710894997743e-02 -3.27744174324487714e-02 0
-6.69943269546453835e-03 -2.24348049758342216e-02 0
-1.82587028613783375e-03 -1.26246497000824295e-02 0
-2.56927068615269230e-04 -3.68052040304694093e-03 0
-4.43411434356456781e-04 7.66348404013572973e-03 0
-2.51943205207368201e-03 2.18769614946038027e-02 0
-8.35969979225509134e-03 3.41946495609909279e-02 0
-1.44427633431898593e-02 4.44308729252982301e-02 0
-2.32545942422686079e-02 5.28719517615263215e-02 0
-3.16647159252504001e-02 5.91411852639765201e-02 0
-4.20106828668055932e-02 6.40025500258051411e-02 0
-5.15619037136591310e-02 6.68051214148473876e-02 0
-6.24331859529793573e-02 6.86259531908865461e-02 0
-7.22884964525723761e-02 6.85228373500842980e-02 0
-8.29556416532776786e-02 6.77807998635420877e-02 0
-9.24858386478024375e-02 6.52009504502780723e-02 0
-1.02375291261747325e-01 6.22180176154238651e-02 0
-1.11056922125098545e-01 5.74390420818347222e-02 0
-1.19669835148745005e-01 5.24183861208234597e-02 0
-1.27025443429202134e-01 4.56388008949993457e-02 0
-1.33894762585859972e-01 3.87569715410310614e-02 0
-1.39467219033802881e-01 3.01957821362950317e-02 0
-1.44144454083748014e-01 2.17000539693143514e-02 0
-1.47497205124790504e-01 1.16871822188564980e-02 0
-1.49562728290337815e-01 1.97348614030342035e-03 0
-1.50301122008426602e-01 -8.98574298844406934e-03 0
-1.49394300007970354e-01 -1.93313900121629550e-02 0
-1.47204359090553932e-01 -3.05115027565422692e-02 0
-1.43060791362719597e-01 -4.06277343849225231e-02 0
-1.37748994285969234e-01 -5.09866315103886109e-02 0
-1.30281301526065180e-01 -5.96959670755386196e-02 0
-1.21902628178021444e-01 -6.78987918933074280e-02 0
-1.11352170999184194e-01 -7.38005963081918709e-02 0
-1.00367193691289797e-01 -7.83850121912255393e-02 0
-8.74647345930678471e-02 -8.01017470288882122e-02 0
-7.48834946845036292e-02 -7.98164749104081361e-02 0
-6.09607389682486414e-02 -7.64298137977985903e-02 0
-4.83836825917138558e-02 -7.07612726701324080e-02 0
-3.53148541582102779e-02 -6.23912459264177321e-02 0
-2.47300960060088601e-02 -5.21388579305738856e-02 0
-1.45672370446537636e-02 -4.04051473273496220e-02 0
-7.82222681736835686e-03 -2.79273792020758513e-02 0
-2.15321320963853240e-03 -1.58558046458001228e-02 0
-2.99362157881586776e-04 -4.62978689521472472e-03 0
-4.53282046112906680e-04 9.20298871475267767e-03 0
-2.68083660766862053e-03 2.59645095580924197e-02 0
-8.83154569065492528e-03 4.03605811974724893e-02 0
-1.52849603993075248e-02 5.20961532865233806e-02 0
-2.45552426253855503e-02 6.17513485666747464e-02 0
-3.34344699961590455e-02 6.87641593845933763e-02 0
-4.42952862635781833e-02 7.42358147665406060e-02 0
-5.43480851298281040e-02 7.72562326002170646e-02 0
-6.57476003348030219e-02 7.92669012322898825e-02 0
-7.61120838783905240e-02 7.90068335689221302e-02 0
-8.73106058476314090e-02 7.81425376162871582e-02 0
-9.73575318924457256e-02 7.51155520730468484e-02 0
-1.07788059633368585e-01 7.17520678080486585e-02 0
-1.17003985183742859e-01 6.62758300676003914e-02 0
-1.26177677711116820e-01 6.06376766423850008e-02 0
-1.34093094771993659e-01 5.29260043672223346e-02 0
-1.41545490093030052e-01 4.51963281131604333e-02 0
-1.47699235267745199e-01 3.54742748633981170e-02 0
-1.52968294042859249e-01 2.59057654870463901e-02 0
-1.56900189173706905e-01 1.45128195626260635e-02 0
-1.59530722274366654e-01 3.51766533181048502e-03 0
-1.60798972470030110e-01 -9.01374746800611727e-03 0
-1.60371691144485712e-01 -2.08118151029305747e-02 0
-1.58594337171831717e-01 -3.37135480571855023e-02 0
-1.54762076923361108e-01 -4.54030219101971486e-02 0
-1.49648964348838953e-01 -5.75510846477678417e-02 0
-1.42215296110590306e-01 -6.78338588684800625e-02 0
-1.33708427269080193e-01 -7.77283064634168158e-02 0
-1.22802966708002517e-01 -8.49966325574335185e-02 0
-1.11265615293905717e-01 -9.09190082359178642e-02 0
-9.75469513245621062e-02 -9.35040330708370171e-02 0
-8.39606295825286175e-02 -9.38761623838069992e-02 0
-6.87910372124638514e-02 -9.05330914425961503e-02 0
-5.48640447605400761e-02 -8.45298717013150125e-02 0
-4.03147592309623728e-02 -7.51461591770862664e-02 0
-2.83215675553645518e-02 -6.34392014706570695e-02 0
-1.68109707032771116e-02 -4.96814548952333457e-02 0
-9.00520848035999376e-03 -3.48501479651467105e-02 0
-2.53097049909547676e-03 -2.01472593374903489e-02 0
-3.06917477300064248e-04 -6.13360388710919649e-03 0
-5.14215672798001822e-04 1.07979066518273659e-02 0
-2.78953702413118352e-03 3.02553744307880734e-02 0
-9.31058345251402353e-03 4.67993901598329140e-02 0
-1.60032556317504619e-02 6.01545457387852311e-02 0
-2.57570926773231131e-02 7.10222012891997267e-02 0
-3.49690789081433390e-02 7.88810740213945066e-02 0
-4.63460391475080599e-02 8.49170173675360129e-02 0
-5.67725645624734404e-02 8.82571617034570849e-02 0
-6.86851912943092086e-02 9.03909073170316851e-02 0
-7.94475772320240997e-02 9.00854617439747762e-02 0
-9.11534664355812402e-02 8.90272976213507677e-02 0
-1.01628430672810882e-01 8.56779278945789813e-02 0
-1.12576321078336192e-01 8.18656048763789362e-02 0
-1.22266006313776543e-01 7.58281025518302843e-02 0
-1.31987352606624697e-01 6.95087017757079068e-02 0
-1.40435501726241446e-01 6.10059906597654744e-02 0
-1.48478170694228723e-01 5.23643758489119107e-02 0
-1.55223879622348071e-01 4.16179173063128613e-02 0
-1.61119460735313108e-01 3.09023126362629116e-02 0
-1.65681072030946813e-01 1.82489171708129540e-02 0
-1.68941656957020375e-01 5.87359087656160080e-03 0
-1.70829065246963896e-01 -8.14545889873955105e-03 0
-1.70973954064176009e-01 -2.15347314606374012e-02 0
-1.69736792119613678e-01 -3.61217614364246348e-02 0
-1.66332240424407779e-01 -4.95718700035697665e-02 0
-1.61576004127608475e-01 -6.35339942499091453e-02 0
-1.54302002656438952e-01 -7.56353378372046359e-02 0
-1.45838476501324865e-01 -8.73116245850357603e-02 0
-1.34686449838096745e-01 -9.62423222084667490e-02 0
-1.22753102792739169e-01 -1.03641439555642853e-01 0
-1.08272366621258595e-01 -1.07405732443155141e-01 0
-9.37862228177013396e-02 -1.08572699287514479e-01 0
-7.73315981921228884e-02 -1.05525487878768795e-01 0
-6.20804690966445805e-02 -9.92377491003525736e-02 0
-4.59042473464359793e-02 -8.89329075807367003e-02 0
-3.24552062516578060e-02 -7.56427204329199465e-02 0
-1.93761365711734371e-02 -5.97207972438620824e-02 0
-1.04471115247426610e-02 -4.22073134402570008e-02 0
-2.95507655016944131e-03 -2.45535405559595236e-02 0
-3.67365062816995072e-04 -7.46752000733357391e-03 0
-5.18333256499069217e-04 1.25067333311898263e-02 0
-2.88909099701461667e-03 3.47598086215432853e-02 0
-9.61034191184127057e-03 5.35749200923055571e-02 0
-1.65467598238907172e-02 6.85410000870221442e-02 0
-2.66069450304917063e-02 8.07183434560128088e-02 0
-3.61336827946687547e-02 8.93509282412912331e-02 0
-4.78628137298284864e-02 9.60409826061200816e-02 0
-5.86322054665110448e-02 9.95927326073272196e-02 0
-7.09167202753072240e-02 1.01944057989168793e-01 0
-8.20394602355939001e-02 1.01472031031552667e-01 0
-9.41385282447348565e-02 1.00325941480322922e-01 0
-1.05003443779254330e-01 9.65349591689383252e-02 0
-1.16384064624046352e-01 9.23925385614451644e-02 0
-1.26516247184057046e-01 8.56831054234290512e-02 0
-1.36732703367910047e-01 7.88103450686603452e-02 0
-1.45697474891324896e-01 6.94128234419373324e-02 0
-1.54313022421396939e-01 5.99880858115768231e-02 0
-1.61657935963497035e-01 4.81113925361741218e-02 0
-1.68200962966479128e-01 3.63664698762722408e-02 0
-1.73429388954120550e-01 2.23307423469777909e-02 0
-1.77381507548027811e-01 8.66921765099429829e-03 0
-1.79958074103256843e-01 -6.98570605687935230e-03 0
-1.80778130899804684e-01 -2.19006347445439911e-02 0
-1.80179060128565272e-01 -3.83593388089469300e-02 0
-1.77343622552428276e-01 -5.35605716145143088e-02 0
-1.73067057980358235e-01 -6.95851457495917092e-02 0
-1.66126059345630600e-01 -8.35684305066531630e-02 0
-1.57838804103787339e-01 -9.73473725339924906e-02 0
-1.46626444628782937e-01 -1.08079387921619460e-01 0
-1.34410685025222271e-01 -1.17336250532493705e-01 0
-1.19333496161557515e-01 -1.22468678139634385e-01 0
-1.04000040824638693e-01 -1.24819700023830304e-01 0
-8.63640978625232897e-02 -1.22237034599137775e-01 0
-6.97417105317660463e-02 -1.15959568595569967e-01 0
-5.19550477784945369e-02 -1.04770077056521735e-01 0
-3.69015985006026920e-02 -8.99691982407244406e-02 0
-2.22109771321067212e-02 -7.16887131908080233e-02 0
-1.19742056569072421e-02 -5.12725909020803755e-02 0
-3.45049156381740853e-03 -3.02267634531997800e-02 0
-3.82784488523374748e-04 -9.45658754274855164e-03 0
-5.90893776908126044e-04 1.42056451621204918e-02 0
-2.92485248820129528e-03 3.93475956945353658e-02 0
-9.93786366014232266e-03 6.04576568586030899e-02 0
-1.69588118838368863e-02 7.71512167231269835e-02 0
-2.73724913331577224e-02 9.06098130931690671e-02 0
-3.70498741239469395e-02 1.00136907089509924e-01 0
-4.91412401455213754e-02 1.07416311719581270e-01 0
-6.00969357756854922e-02 1.11310938770283877e-01 0
-7.27321380356137914e-02 1.13799011231734526e-01 0
-8.40728456622170384e-02 1.13307054819644204e-01 0
-9.65207731312355821e-02 1.11992203008436764e-01 0
-1.07652298180270278e-01 1.07923172542362666e-01 0
-1.19409632491420212e-01 1.03379396827851619e-01 0
-1.29885240442091265e-01 9.61763829669978754e-02 0
-1.40542942970613954e-01 8.86909767862921888e-02 0
-1.49955935459169742e-01 7.85858972821294605e-02 0
-1.59107316668593513e-01 6.83259328223495832e-02 0
-1.67021105446663098e-01 5.55054064539178757e-02 0
-1.74204752493692355e-01 4.26748974996695590e-02 0
-1.80114905496836508e-01 2.74289894551889291e-02 0
-1.84791413277574867e-01 1.24034251305663867e-02 0
-1.88121673696716146e-01 -4.74929987800384694e-03 0
-1.89691176085732743e-01 -2.13126190648618360e-02 0
-1.89848184460451735e-01 -3.95567020218741336e-02 0
-1.87699792156151651e-01 -5.66827984448725342e-02 0
-1.84075940126388032e-01 -7.47519362477986477e-02 0
-1.77621353814013921e-01 -9.08625810660640409e-02 0
-1.69727050200434132e-01 -1.06811551831569165e-01 0
-1.58617361600610296e-01 -1.19669498896552540e-01 0
-1.46350174934550908e-01 -1.30934624860783555e-01 0
-1.30803283464523828e-01 -1.37815503352199720e-01 0
-1.14819533233728552e-01 -1.41542251634260485e-01 0
-9.60327310847808591e-02 -1.39783012259308337e-01 0
-7.81478554683499860e-02 -1.33646863806566707e-01 0
-5.86370160090974590e-02 -1.21772280382456966e-01 0
-4.19772868468091115e-02 -1.05386757028415698e-01 0
-2.54311743807551470e-02 -8.46475227454451112e-02 0
-1.38303572800588664e-02 -6.09676530259611257e-02 0
-4.00480083054607743e-03 -3.61444099979993660e-02 0
-4.69316555522720927e-04 -1.13006064872727026e-02 0
-5.87159759972439546e-04 1.60224617519244758e-02 0
-2.95685085212351977e-03 4.41056590740127596e-02 0
-1.00505291961960636e-02 6.76095082435961975e-02 0
-1.71797871629405102e-02 8.59738998651742442e-02 0
-2.77333879484493034e-02 1.00810603376050634e-01 0
-3.75533397543776279e-02 1.11117421084195728e-01 0
-4.98091332769786399e-02 1.19089767909733732e-01 0
-6.09172706285575974e-02 1.23180887565505895e-01 0
-7.37280462965365369e-02 1.25922167589191641e-01 0
-8.52319414658320035e-02 1.25257485468551255e-01 0
-9.78781943568434315e-02 1.23908013332227313e-01 0
-1.09207254508893889e-01 1.19420256141998027e-01 0
-1.21215947991812456e-01 1.14628457294917885e-01 0
-1.31960833202687561e-01 1.06812533530777271e-01 0
-1.42961421033947600e-01 9.88843059886071324e-02 0
-1.52755149304966614e-01 8.79730611979329807e-02 0
-1.62375480186835480e-01 7.70567390242117151e-02 0
-1.70810885730095369e-01 6.32045089748314026e-02 0
-1.78607051752318002e-01 4.94638947498416276e-02 0
-1.85185957108678190e-01 3.29129731315752350e-02 0
-1.90606041005999177e-01 1.66796692405007871e-02 0
-1.94725229932064203e-01 -2.09037438663074639e-03 0
-1.97118781604126353e-01 -2.01705437482447292e-02 0
-1.98107858592716679e-01 -4.03549530450650826e-02 0
-1.96781065234264391e-01 -5.93294767043520341e-02 0
-1.93937421269102211e-01 -7.96675303009686669e-02 0
-1.88166896703159392e-01 -9.79142900046275078e-02 0
-1.80835265480956880e-01 -1.16354971959386766e-01 0
-1.70075819487536584e-01 -1.31453594734869422e-01 0
-1.57939506520054507e-01 -1.45153557426732305e-01 0
-1.42183947007921391e-01 -1.53997054282307116e-01 0
-1.25690849197740845e-01 -1.59593074561678261e-01 0
-1.05968010090881540e-01 -1.58906884164267403e-01 0
-8.68529449951119664e-02 -1.53357674920553633e-01 0
-6.57268734412562033e-02 -1.40939290524032423e-01 0
-4.73463097542295985e-02 -1.23176970574073369e-01 0
-2.89462400267214738e-02 -9.98348024602599277e-02 0
-1.57764872309557672e-02 -7.27003927950756051e-02 0
-4.64780534518236931e-03 -4.35875697931664835e-02 0
-4.96656071955542703e-04 -1.39312733979382250e-02 0
-6.75996452193696872e-04 1.77499759966886321e-02 0
-2.91623550699612486e-03 4.88112274781638891e-02 0
-1.02326697443283054e-02 7.46811698774570154e-02 0
-1.72826714315158572e-02 9.48342174940978444e-02 0
-2.80599768139470247e-02 1.10984005712245024e-01 0
-3.78306254020048111e-02 1.22212714220081120e-01 0
-5.02760793917448254e-02 1.30780940551807778e-01 0
-6.13495797718098604e-02 1.35229841131792206e-01 0
-7.43063927884554803e-02 1.38114435837924571e-01 0
-8.57954900415254518e-02 1.37457125593273333e-01 0
-9.85658760295026609e-02 1.35968324184895573e-01 0
-1.09926824231033754e-01 1.31260787934852380e-01 0
-1.22083411513116927e-01 1.26133835366747965e-01 0
-1.32948651771303716e-01 1.17921663978490521e-01 0
-1.44178220718667455e-01 1.09486199869411022e-01 0
-1.54227574948691049e-01 9.79997199583720335e-02 0
-1.64213292499082619e-01 8.63826166179482297e-02 0
-1.73079697974293761e-01 7.17367090625691817e-02 0
-1.81416386842320199e-01 5.70509474366921732e-02 0
-1.88621781458781057e-01 3.94276922395398882e-02 0
-1.94763803793964768e-01 2.19436949317614906e-02 0
-1.99691469488869205e-01 1.76316250673846497e-03 0
-2.02943140253615234e-01 -1.79290106784986240e-02 0
-2.04852292396258490e-01 -3.98946734233136396e-02 0
-2.04451388472158019e-01 -6.08523053048010965e-02 0
-2.02558139852898639e-01 -8.33663153124816619e-02 0
-1.97643841594835251e-01 -1.03963863168976989e-01 0
-1.91126594811120987e-01 -1.24902784834220473e-01 0
-1.80936551969313963e-01 -1.42564443041434535e-01 0
-1.69240860826513323e-01 -1.58826591373318254e-01 0
-1.53493247230645752e-01 -1.70063402024417942e-01 0
-1.36803750363228699e-01 -1.77758216096904564e-01 0
-1.16278390794083891e-01 -1.78620207849618268e-01 0
-9.61678675966919916e-02 -1.73887957317683556e-01 0
-7.33877435105219217e-02 -1.61278250620907726e-01 0
-5.33762366685957557e-02 -1.42167269939798391e-01 0
-3.28823532569840829e-02 -1.16216722486326834e-01 0
-1.81208499289128473e-02 -8.52658784688271887e-02 0
-5.36004250008304418e-03 -5.14236988655222063e-02 0
-6.19691492052806825e-04 -1.64448513023103086e-02 0
-6.62098780276123948e-04 1.96146708307976675e-02 0
-2.88280059114162397e-03 5.36611756017140937e-02 0
-1.01636745590924695e-02 8.19765845147740480e-02 0
-1.71918348085855280e-02 1.03799430481670799e-01 0
-2.79419345242710795e-02 1.21359780479352697e-01 0
-3.76757319985124017e-02 1.33331209069690176e-01 0
-5.00803841801228250e-02 1.42610483596147475e-01 0
-6.10872419838181802e-02 1.47208389072302576e-01 0
-7.39827451810131653e-02 1.50370326958511102e-01 0
-8.53844050015185180e-02 1.49513708347876778e-01 0
-9.80928780226612423e-02 1.48042027769036438e-01 0
-1.09380312057889076e-01 1.42934138664782523e-01 0
-1.21517221286351979e-01 1.37653333392111304e-01 0
-1.32376110780667466e-01 1.28903359214406266e-01 0
-1.43684917408727020e-01 1.20166577683238407e-01 0
-1.53856806414482794e-01 1.08003885932677998e-01 0
-1.64080296405730963e-01 9.59124375665323936e-02 0
-1.73256521824513038e-01 8.04031636111291748e-02 0
-1.82039114371834149e-01 6.50097040550233624e-02 0
-1.89782103179014144e-01 4.62558312002482458e-02 0
-1.96601602291964328e-01 2.77531537729708948e-02 0
-2.02298569093674135e-01 6.08437751211876338e-03 0
-2.06436481431940294e-01 -1.50060147248901789e-02 0
-2.09301927724966419e-01 -3.88510747561307684e-02 0
-2.09930416681589155e-01 -6.16201897129022430e-02 0
-2.09099344270317899e-01 -8.64791298133115865e-02 0
-2.05239168269253869e-01 -1.09342733284566687e-01 0
-1.99727007540069446e-01 -1.33065942521515296e-01 0
-1.90400284570628159e-01 -1.53336616004166038e-01 0
-1.79392939296107168e-01 -1.72600136162625512e-01 0
-1.64013223484132581e-01 -1.86431876790612100e-01 0
-1.47373320096403915e-01 -1.96810777942204362e-01 0
-1.26400267653864640e-01 -1.99540930333943711e-01 0
-1.05443645449077278e-01 -1.96250728801890595e-01 0
-8.12606654713904086e-02 -1.83729563526725703e-01 0
-5.95813777554864282e-02 -1.63684308592322775e-01 0
-3.70870804883051200e-02 -1.35089347330833331e-01 0
-2.05313015854418426e-02 -1.00224156157344715e-01 0
-6.17368451971147397e-03 -6.10884974728557115e-02 0
-6.63951018783863218e-04 -1.99115937249658495e-02 0
-7.75235646553411057e-04 2.12951972855516918e-02 0
-2.77278358921863961e-03 5.83131000828476034e-02 0
-1.02405220482227888e-02 8.89907588752990308e-02 0
-1.70331333168316570e-02 1.12612673241563543e-01 0
-2.78987737643143670e-02 1.31468498884603852e-01 0
-3.73794419294040947e-02 1.44351298038571413e-01 0
-4.97936725964938862e-02 1.54193084789807228e-01 0
-6.05187415013997559e-02 1.59132281019040728e-01 0
-7.33142511983734257e-02 1.62412271902730027e-01 0
-8.44162409381763734e-02 1.61567285918619630e-01 0
-9.69508966022372687e-02 1.59964944182052815e-01 0
-1.07956946993199646e-01 1.54685110735195253e-01 0
-1.19911521673245536e-01 1.49130386795042202e-01 0
-1.30563108963626023e-01 1.40089296449545625e-01 0
-1.41762904887504704e-01 1.30967685959592933e-01 0
-1.51869139947016507e-01 1.18394998913430749e-01 0
-1.62143078496494508e-01 1.05783156124535316e-01 0
-1.71465147558730685e-01 8.96953999275984792e-02 0
-1.80535116620594904e-01 7.35773800332785027e-02 0
-1.88694088383833947e-01 5.39900383507369852e-02 0
-1.96089959853061796e-01 3.44610301648803491e-02 0
-2.02500538342113928e-01 1.15979071991220480e-02 0
-2.07510255146469702e-01 -1.09247944338631119e-02 0
-2.11360726678289618e-01 -3.64008558171447366e-02 0
-2.13089491502560097e-01 -6.10540753660660726e-02 0
-2.13458120720814826e-01 -8.80576450527695287e-02 0
-2.10824261554751285e-01 -1.13335439016334819e-01 0
-2.06577578694949193e-01 -1.39741705267616811e-01 0
-1.98378360312296331e-01 -1.62897802832742744e-01 0
-1.88433786967411865e-01 -1.85213639398157021e-01 0
-1.73732957921047149e-01 -2.02082360059909011e-01 0
-1.57580450265335209e-01 -2.15371106012431229e-01 0
-1.36422931662469382e-01 -2.20549259260401725e-01 0
-1.15018621178261657e-01 -2.19027438128388013e-01 0
-8.95133368507192162e-02 -2.07139921828936646e-01 0
-6.64023813585671724e-02 -1.86340672984240119e-01 0
-4.17077948389882186e-02 -1.55266220953217293e-01 0
-2.34071692504550233e-02 -1.16179021572127589e-01 0
-7.06372769565226464e-03 -7.12905220325282113e-02 0
-8.38141841483712718e-04 -2.32822519816920127e-02 0
-7.48932511216242303e-04 2.31626668463096805e-02 0
-2.68938890972153640e-03 6.31252826288238728e-02 0
-1.00310316839755456e-02 9.62375882295219698e-02 0
-1.67006739724322451e-02 1.21455875916136033e-01 0
-2.73948337878279595e-02 1.41707335386989125e-01 0
-3.66709426771682154e-02 1.55223756542797020e-01 0
-4.88370562650748755e-02 1.65751576350362889e-01 0
-5.92583297864772915e-02 1.70726110876867676e-01 0
-7.17223811554713181e-02 1.74270116554360754e-01 0
-8.24370777677693595e-02 1.73147039051644996e-01 0
-9.45861160865636846e-02 1.71585465003416426e-01 0
-1.05169020485880352e-01 1.65891046221562116e-01 0
-1.16741120596570505e-01 1.60262605007116643e-01 0
-1.27004150721909431e-01 1.50750684062681967e-01 0
-1.37900644809560047e-01 1.41476028160962136e-01 0
-1.47737798522610403e-01 1.28379727904387037e-01 0
-1.57874306248480034e-01 1.15512100849287577e-01 0
-1.67137838313838244e-01 9.87906685973043153e-02 0
-1.76324189251846508e-01 8.22424590959530549e-02 0
-1.84720474601391849e-01 6.18060142822039679e-02 0
-1.92561135140793704e-01 4.15634961724836369e-02 0
-1.99564325780015650e-01 1.74999723852914263e-02 0
-2.05387669623488756e-01 -6.14199902149038801e-03 0
-2.10188176564330587e-01 -3.32763381762312127e-02 0
-2.13047821278343347e-01 -5.95192535986222918e-02 0
-2.14679888091419913e-01 -8.87485073643197314e-02 0
-2.13429273026451288e-01 -1.16220101734423945e-01 0
-2.10628946693563746e-01 -1.45515583807288934e-01 0
-2.03861916172389940e-01 -1.71477652913952033e-01 0
-1.95272300102498741e-01 -1.97248838818331468e-01 0
-1.81691426416555862e-01 -2.17282908288988746e-01 0
-1.66377546566302770e-01 -2.34123652140988958e-01 0
-1.45543644597857208e-01 -2.42100921869247532e-01 0
-1.23987153670590947e-01 -2.43162717901224845e-01 0
-9.76009886053797321e-02 -2.32344450014755399e-01 0
-7.31474421790616891e-02 -2.11491787291867517e-01 0
-4.64974288579616327e-02 -1.78083719307467248e-01 0
-2.62831689145201011e-02 -1.34869677022188050e-01 0
-8.06047762374394010e-03 -8.36572938642503039e-02 0
-9.05899936443424806e-04 -2.78140579755801927e-02 0
-9.00432964582906442e-04 2.47338381581926614e-02 0
-2.53397007216763469e-03 6.75955139493375073e-02 0
-1.00982596217191120e-02 1.03002577392827421e-01 0
-1.64097394399597696e-02 1.29976702408690553e-01 0
-2.71653740227357013e-02 1.51439326541090269e-01 0
-3.60028384816531849e-02 1.65793699210481843e-01 0
-4.80073472716250685e-02 1.76781055437391421e-01 0
-5.78880928528010333e-02 1.82017741724145171e-01 0
-6.99695088403137627e-02 1.85591630478975284e-01 0
-8.00578716810962793e-02 1.84431116405514212e-01 0
-9.16623815424295052e-02 1.82697527392710779e-01 0
-1.01581213964367992e-01 1.76840172521470412e-01 0
-1.12539665225717747e-01 1.70966188982135364e-01 0
-1.22171197951115862e-01 1.61248842728486663e-01 0
-1.32494506756261343e-01 1.51702036892673475e-01 0
-1.41819496320501337e-01 1.38368652118080415e-01 0
-1.51540757733799603e-01 1.25183927960036689e-01 0
-1.60510633367185518e-01 1.08145251657515457e-01 0
-1.69558469250366717e-01 9.11607727716681332e-02 0
-1.77983292369227997e-01 7.02269401813321315e-02 0
-1.86070264221156495e-01 4.93056551934065029e-02 0
-1.93514088908783799e-01 2.44244011624717011e-02 0
-2.00043813764751000e-01 -3.00175849739160998e-04 0
-2.05742914710300789e-01 -2.87407292366226239e-02 0
-2.09744629548601402e-01 -5.65616352034146799e-02 0
-2.12706441077966685e-01 -8.76761884828770321e-02 0
-2.12983470588076262e-01 -1.17385702712162587e-01 0
-2.11853960278960585e-01 -1.49309020511727064e-01 0
-2.06803624104265893e-01 -1.78253821293014036e-01 0
-1.99970510386689282e-01 -2.07384046984221582e-01 0
-1.87903953395853640e-01 -2.30976528422180361e-01 0
-1.73977325527427784e-01 -2.51518763340139173e-01 0
-1.53874015747458875e-01 -2.62939098454210651e-01 0
-1.32751148042078854e-01 -2.66969925843175360e-01 0
-1.05725032057833401e-01 -2.57979096294193244e-01 0
-8.03686331881740962e-02 -2.37444016427260651e-01 0
-5.16453170774607284e-02 -2.02129959856816921e-01 0
-2.96908818421277344e-02 -1.54615698037337629e-01 0
-9.13670724204015787e-03 -9.66672832371903712e-02 0
-1.15291457189380477e-03 -3.22483861286710430e-02 0
-8.59702370883859922e-04 2.65970508323824656e-02 0
-2.43579352141634837e-03 7.23219232750301755e-02 0
-9.84371007414605072e-03 1.10114025921215178e-01 0
-1.59944496012928740e-02 1.38521174785831980e-01 0
-2.64905822680144461e-02 1.61301699599888909e-01 0
-3.49929301596007894e-02 1.76063365745803918e-01 0
-4.65600688928155815e-02 1.87638647653527751e-01 0
-5.58964311503839864e-02 1.92685397124001290e-01 0
-6.73543782357269860e-02 1.96442215915782675e-01 0
-7.67169354484160543e-02 1.94836570242903323e-01 0
-8.75588344942729302e-02 1.93111577265361073e-01 0
-9.66386181741822614e-02 1.86764575574357217e-01 0
-1.06773155395877228e-01 1.80855747012758389e-01 0
-1.15542877351866261e-01 1.70701419708649327e-01 0
-1.25076650557181035e-01 1.61127804260516566e-01 0
-1.33622798969172646e-01 1.47421589319549046e-01 0
-1.42698819716183450e-01 1.34206961149974158e-01 0
-1.51092203043073664e-01 1.16803779722280232e-01 0
-1.59761446738786894e-01 9.97190081787806132e-02 0
-1.67942189155921379e-01 7.83130741041396239e-02 0
-1.76043842671639195e-01 5.70982680806781245e-02 0
-1.83703264540456934e-01 3.14687312105197819e-02 0
-1.90746447143030129e-01 6.09077171282363002e-03 0
-1.97216693310633823e-01 -2.35801442770973042e-02 0
-2.02279112492483731e-01 -5.25520775542540064e-02 0
-2.06548882215329493e-01 -8.55139028836294501e-02 0
-2.08413836424995225e-01 -1.17069332548689342e-01 0
-2.09080326375566533e-01 -1.51699221468270029e-01 0
-2.06002347538062042e-01 -1.83358303449997651e-01 0
-2.01220625413574272e-01 -2.16151824128358094e-01 0
-1.91144576083476875e-01 -2.43273771509694731e-01 0
-1.79040079512385819e-01 -2.68156421481292317e-01 0
-1.60317651081979651e-01 -2.83325264982077718e-01 0
-1.40083649486316686e-01 -2.91314060795409058e-01 0
-1.13087659789717854e-01 -2.84725621991236022e-01 0
-8.70906164435745755e-02 -2.65573401745532456e-01 0
-5.67609718645132461e-02 -2.28760635830233622e-01 0
-3.29712166938062184e-02 -1.77379717911815560e-01 0
-1.03128284379877411e-02 -1.12195026354933808e-01 0
-1.25299076444217302e-03 -3.81042727067857009e-02 0
-1.07453863659772841e-03 2.80296470422221403e-02 0
-2.28495565613692254e-03 7.65798366405547465e-02 0
-1.00829936606205081e-02 1.16561747390801870e-01 0
-1.58228051600424330e-02 1.46623808886075652e-01 0
-2.64217680190842290e-02 1.70438337955463093e-01 0
-3.43448537509944210e-02 1.85863379027432052e-01 0
-4.56008415835945785e-02 1.97685104849846471e-01 0
-5.41422900960309497e-02 2.02812208348635309e-01 0
-6.48970876142088288e-02 2.06412704485642834e-01 0
-7.32791183121048600e-02 2.04635696114509907e-01 0
-8.31333740333990989e-02 2.02619804897743533e-01 0
-9.11167803861401560e-02 1.96054584322782444e-01 0
-1.00115453264674803e-01 1.89871070413909798e-01 0
-1.07760423478370504e-01 1.79552398401366137e-01 0
-1.16151039139022444e-01 1.69782608845964800e-01 0
-1.23644866410343723e-01 1.55990855157686403e-01 0
-1.31713104210077370e-01 1.42654009206147458e-01 0
-1.39245276181005045e-01 1.25207891737591559e-01 0
-1.47192355244838702e-01 1.08011459626579681e-01 0
-1.54843715951175021e-01 8.65093369571406229e-02 0
-1.62667120771680218e-01 6.50674491617613815e-02 0
-1.70285492202639721e-01 3.91270065498530994e-02 0
-1.77640968694782048e-01 1.32139711944308999e-02 0
-1.84695828076027080e-01 -1.72080451555563854e-02 0
-1.90745725080859019e-01 -4.72287631194590607e-02 0
-1.96261269665330695e-01 -8.15414214819533689e-02 0
-1.99797131456123767e-01 -1.14853628504242897e-01 0
-2.02381943625248223e-01 -1.51720433322644427e-01 0
-2.01544160032469444e-01 -1.86112943533740888e-01 0
-1.99175726335618308e-01 -2.22241707025873259e-01 0
-1.91541175242181227e-01 -2.53156539564293237e-01 0
-1.81873352443341102e-01 -2.82345541075148199e-01 0
-1.65083231004149261e-01 -3.01895025000525896e-01 0
-1.46512983085139853e-01 -3.14199733652911262e-01 0
-1.19984083850664683e-01 -3.10971639797956168e-01 0
-9.40448621738181750e-02 -2.93770481192256572e-01 0
-6.21189718998597651e-02 -2.56248864784208608e-01 0
-3.68574214582336884e-02 -2.01063567428310330e-01 0
-1.15682303042612157e-02 -1.28385025019208399e-01 0
-1.60658906680652630e-03 -4.38139637207477436e-02 0
-1.01781299536005273e-03 2.99565343843427867e-02 0
-2.23556657289495806e-03 8.13292028078546475e-02 0
-9.95881172887217066e-03 1.23652557110656883e-01 0
-1.56081285760866738e-02 1.54858146919836709e-01 0
-2.59549574806483448e-02 1.79825025580396425e-01 0
-3.34734751778019493e-02 1.95240089102310499e-01 0
-4.41350319769021546e-02 2.07437913861545559e-01 0
-5.18957024722144916e-02 2.11978778277491925e-01 0
-6.17169634740698733e-02 2.15581381635873204e-01 0
-6.90025349636761709e-02 2.13069518294066979e-01 0
-7.76723647697152436e-02 2.10952033527976868e-01 0
-8.43506856080070977e-02 2.03742893368370759e-01 0
-9.20263646678800007e-02 1.97502581851019154e-01 0
-9.82749390657866456e-02 1.86732880733620515e-01 0
-1.05320519781263416e-01 1.77015769233929199e-01 0
-1.11448568942113274e-01 1.62979233816592711e-01 0
-1.18273804413297184e-01 1.49811148874866212e-01 0
-1.24604325174338892e-01 1.32278388490836285e-01 0
-1.31551557259230928e-01 1.15321401775789700e-01 0
-1.38322157265876738e-01 9.37830540545291497e-02 0
-1.45555504358391014e-01 7.25440903960236916e-02 0
-1.52798468115188657e-01 4.64377302046485585e-02 0
-1.60158411360946468e-01 2.05051437822990519e-02 0
-1.67537738463359537e-01 -1.04801166507919232e-02 0
-1.74322425730175201e-01 -4.09828719620799406e-02 0
-1.80925468181447252e-01 -7.64668203834834997e-02 0
-1.86023183034095207e-01 -1.10945323861267944e-01 0
-1.90535136911873404e-01 -1.49956033750547141e-01 0
-1.92055869162823079e-01 -1.86561669543972325e-01 0
-1.92333685423715012e-01 -2.26158133471354245e-01 0
-1.87569687211948166e-01 -2.60573803222719613e-01 0
-1.80809299305963150e-01 -2.94617171495592911e-01 0
-1.66699221704517703e-01 -3.18683803104170160e-01 0
-1.50401199033681016e-01 -3.36415515930784337e-01 0
-1.25260994989348173e-01 -3.37192413726139006e-01 0
-9.98580781215718111e-02 -3.23440354055400003e-01 0
-6.71074462754817080e-02 -2.85947250065833547e-01 0
-4.04009593247828952e-02 -2.27931845086135787e-01 0
-1.28980247057601180e-02 -1.47445617005831836e-01 0
-1.75147326815932474e-03 -5.12796726570374020e-02 0
-1.34241542536087913e-03 3.12833293668780890e-02 0
-2.18166643679357144e-03 8.55211325646887816e-02 0
-1.06889383241484219e-02 1.29934806472912029e-01 0
-1.59896172824136665e-02 1.62620171098819238e-01 0
-2.66155204473183839e-02 1.88304197717345106e-01 0
-3.34784567013679812e-02 2.04043629618440636e-01 0
-4.36871438841858611e-02 2.16107863164799463e-01 0
-5.04052502526477694e-02 2.20394280878775023e-01 0
-5.91358682244220793e-02 2.23520090224826773e-01 0
-6.50635060145580840e-02 2.20591205557192555e-01 0
-7.22135791590185344e-02 2.17968534993825180e-01 0
-7.73317462011154227e-02 2.10408660823599686e-01 0
-8.32657397591894666e-02 2.03795931941903791e-01 0
-8.78637450901488121e-02 1.92846600641766591e-01 0
-9.31228483413824998e-02 1.82956876040305305e-01 0
-9.76179633047509487e-02 1.68944160845852648e-01 0
-1.02767317896806418e-01 1.55810430946181883e-01 0
-1.07602171777502975e-01 1.38485644612367065e-01 0
-1.13142650647013912e-01 1.21729982648264817e-01 0
-1.18703982223392804e-01 1.00513270441768457e-01 0
-1.24979687336362374e-01 7.95444711680980826e-02 0
-1.31491302727318654e-01 5.37298973995622431e-02 0
-1.38553972566691608e-01 2.79539593518484779e-02 0
-1.45915766787048568e-01 -3.04402476071973307e-03 0
-1.53287301101469764e-01 -3.38403476979687590e-02 0
-1.60744728452650754e-01 -6.98406375438260230e-02 0
-1.67400644398488424e-01 -1.05243334681483836e-01 0
-1.73780745531149111e-01 -1.45687684987142019e-01 0
-1.77867618255303922e-01 -1.84313829293965753e-01 0
-1.81012804438204916e-01 -2.26727790579609179e-01 0
-1.79586804934931371e-01 -2.64680411541860672e-01 0
-1.76327586449076396e-01 -3.03215873143700687e-01 0
-1.65585612629016388e-01 -3.32302649412775430e-01 0
-1.52494780382914863e-01 -3.55637792997993474e-01 0
-1.29414006935973408e-01 -3.61514304112208751e-01 0
-1.05555552934143329e-01 -3.51923826481182478e-01 0
-7.21738174448537662e-02 -3.15705522679758377e-01 0
-4.46605156672794240e-02 -2.55272737879963740e-01 0
-1.43119527354235321e-02 -1.67034053831340318e-01 0
-2.26906106438610599e-03 -5.84632325257448751e-02 0
-1.27028066802821341e-03 3.34806173839043361e-02 0
-2.28947195746235024e-03 9.06745790400771412e-02 0
-1.09946579065432273e-02 1.37461199995133565e-01 0
-1.64341633828263729e-02 1.70782964851641239e-01 0
-2.69409061617493645e-02 1.97315145166456957e-01 0
-3.33927245579793766e-02 2.12309405358017400e-01 0
-4.28648948963369775e-02 2.24366536315998150e-01 0
-4.85473805779303991e-02 2.27424679923753703e-01 0
-5.59894343325431504e-02 2.30241975448725350e-01 0
-6.04002496544814582e-02 2.26143926566007791e-01 0
-6.58870123639932886e-02 2.23223074810355887e-01 0
-6.91863128311245995e-02 2.14791317338216020e-01 0
-7.32526825672880910e-02 2.08037789411488344e-01 0
-7.58858526504722630e-02 1.96585875582488384e-01 0
-7.92132502946709532e-02 1.86773538536466166e-01 0
-8.17321754469736428e-02 1.72619279261195691e-01 0
-8.50135233446309702e-02 1.59799176795426601e-01 0
-8.79885694623981779e-02 1.42649061900018276e-01 0
-9.18586320756068497e-02 1.26427218367645866e-01 0
-9.58245053530352719e-02 1.05615277698341808e-01 0
-1.00793700934158847e-01 8.53355168091171623e-02 0
-1.06160658207938019e-01 6.00071329049502236e-02 0
-1.12504596253282366e-01 3.49337219814678870e-02 0
-1.19409287686059601e-01 4.24838961212981123e-03 0
-1.26972956316770635e-01 -2.61500260944567062e-02 0
-1.34973969030751179e-01 -6.23578884444730905e-02 0
-1.42845702687933340e-01 -9.79058763679344080e-02 0
-1.50926571865081488e-01 -1.39492954354951099e-01 0
-1.57444635424634743e-01 -1.79326695638687250e-01 0
-1.63542942738579195e-01 -2.24442284226709227e-01 0
-1.65708297276420474e-01 -2.65256649196605743e-01 0
-1.66377158860233576e-01 -3.08621141790669906e-01 0
-1.59753658483687250e-01 -3.42514776454705683e-01 0
-1.50600255060014399e-01 -3.72589369569142903e-01 0
-1.30754303541741168e-01 -3.84130325757369329e-01 0
-1.09177484150925846e-01 -3.80682308591996366e-01 0
-7.63454930035654955e-02 -3.46841471139084534e-01 0
-4.82380139385418100e-02 -2.85795029588122862e-01 0
-1.57499093412063924e-02 -1.89836820035247905e-01 0
-2.48089776311212007e-03 -6.78612441478570194e-02 0
-1.79955908764794972e-03 3.48433709921851104e-02 0
-2.50717194811665061e-03 9.52457711010561425e-02 0
-1.27706684847423788e-02 1.44079981351056541e-01 0
-1.80859772757671899e-02 1.78566592701557364e-01 0
-2.91835375955743354e-02 2.05263265642923270e-01 0
-3.49507054516342563e-02 2.19967745022141475e-01 0
-4.37440236996438289e-02 2.31263052037045475e-01 0
-4.81023380698500647e-02 2.33518905918101760e-01 0
-5.39032573457984068e-02 2.35373522837501958e-01 0
-5.65258247883738615e-02 2.30488830858283339e-01 0
-5.98123561287139879e-02 2.26755195912045154e-01 0
-6.10515491221057457e-02 2.17774342022315187e-01 0
-6.26706978165725848e-02 2.10496105357492885e-01 0
-6.31198123656854237e-02 1.98807145832265775e-01 0
-6.39700767715658952e-02 1.88803868094174376e-01 0
-6.42906194694208011e-02 1.74744381731731818e-01 0
-6.52153138564223050e-02 1.62067528131865146e-01 0
-6.60805214469860069e-02 1.45330676614423837e-01 0
-6.78548700530814952e-02 1.29566652567601137e-01 0
-6.99232194406899932e-02 1.09448244819015994e-01 0
-7.32150155937616731e-02 8.98813834795330613e-02 0
-7.70670801330169963e-02 6.54406911711847977e-02 0
-8.23719916680599878e-02 4.12033631352639457e-02 0
-8.83959240986613715e-02 1.14242549817355921e-02 0
-9.58707984419208264e-02 -1.82749218977099372e-02 0
-1.03982888908530177e-01 -5.39679449193279717e-02 0
-1.12959223385017779e-01 -8.92900600678178114e-02 0
-1.22418706044079284e-01 -1.31088758971897812e-01 0
-1.31477457633654732e-01 -1.71696862450954446e-01 0
-1.40467924773414493e-01 -2.18464089510824327e-01 0
-1.46659185255801156e-01 -2.61845667183115471e-01 0
-1.51679313338630856e-01 -3.09170430454079437e-01 0
-1.49993286308302443e-01 -3.48079078882067183e-01 0
-1.45794293428454930e-01 -3.84637027655902408e-01 0
-1.30148934417503886e-01 -4.02936634343476707e-01 0
-1.12220198530193951e-01 -4.06332478249714246e-01 0
-8.04125918472557571e-02 -3.76644558651816563e-01 0
-5.27452202483573371e-02 -3.15868113802719175e-01 0
-1.73176777630834611e-02 -2.12790742187916604e-01 0
-3.27688798719081220e-03 -7.66938333779422360e-02 0
-1.72476273560536603e-03 3.77873642234293899e-02 0
-2.96611364959951549e-03 1.01644590041000585e-01 0
-1.40135726759407324e-02 1.53040702286782293e-01 0
-1.98916931741558306e-02 1.87194134828432279e-01 0
-3.11012023991371588e-02 2.14181143732545959e-01 0
-3.64421042013608198e-02 2.26867659076790018e-01 0
-4.42680299932460344e-02 2.37519979816358140e-01 0
-4.72203856838052105e-02 2.37581167223959777e-01 0
-5.12360072680018430e-02 2.38667781460541822e-01 0
-5.17986106080729619e-02 2.32049793047538477e-01 0
-5.28255825477521035e-02 2.27751587459854271e-01 0
-5.16478139643552492e-02 2.17645980719741478e-01 0
-5.07894518552369639e-02 2.10109259806768006e-01 0
-4.86713175748081928e-02 1.97881182855835863e-01 0
-4.69894333225865379e-02 1.87947909956599463e-01 0
-4.47422852576889254e-02 1.73860115820811983e-01 0
-4.32089493391705562e-02 1.61592927486502641e-01 0
-4.16121166597101452e-02 1.45283964494244272e-01 0
-4.11043673061534248e-02 1.30273966129863861e-01 0
-4.09279246541523062e-02 1.10970601906113117e-01 0
-4.22359440895902494e-02 9.24835370139129864e-02 0
-4.42072835167930042e-02 6.91592103531983859e-02 0
-4.80154922696225256e-02 4.62667421989394617e-02 0
-5.27614436233374146e-02 1.77423280179315399e-02 0
-5.95306529028974477e-02 -1.05590627833206125e-02 0
-6.72974045647441038e-02 -4.52739629748024827e-02 0
-7.67196074779728232e-02 -7.94665197789647532e-02 0
-8.71749734154502326e-02 -1.20978676451861902e-01 0
-9.82488249593282681e-02 -1.61274481356233401e-01 0
-1.09979039436498879e-01 -2.09263916881759326e-01 0
-1.20090424440988594e-01 -2.54042843781337790e-01 0
-1.29722580534154253e-01 -3.05289796990020124e-01 0
-1.33540721345477620e-01 -3.48397952523624543e-01 0
-1.35074072983198040e-01 -3.92435908010555445e-01 0
-1.25025579463340614e-01 -4.17703115614946552e-01 0
-1.11790263294763034e-01 -4.30420330967047515e-01 0
-8.27569711766297095e-02 -4.06315644175913537e-01 0
-5.60408993750326490e-02 -3.48891180946277801e-01 0
-1.88410112578693660e-02 -2.39304888579272013e-01 0
-3.61723567571842122e-03 -8.84563344872351248e-02 0
-2.68425656188256640e-03 3.95345193507797635e-02 0
-3.82981923412583670e-03 1.07534788958653732e-01 0
-1.78245252322060156e-02 1.61006033907737267e-01 0
-2.39744780211160573e-02 1.95654328083893797e-01 0
-3.60610790071127923e-02 2.21814188513668326e-01 0
-4.06081359885240856e-02 2.33134617907385100e-01 0
-4.71621917177793559e-02 2.42041888306197356e-01 0
-4.83361039435620740e-02 2.40486873800810907e-01 0
-4.97720086505306844e-02 2.39952350099472939e-01 0
-4.79635147174817325e-02 2.32078345519964896e-01 0
-4.58299164529964095e-02 2.26605051726850554e-01 0
-4.20008598649795895e-02 2.15738102733106563e-01 0
-3.78293006394933642e-02 2.07520311727955709e-01 0
-3.29749836125388315e-02 1.95006974791756799e-01 0
-2.80811640446878910e-02 1.84875586936678715e-01 0
-2.31161695442956977e-02 1.70963706928573100e-01 0
-1.85872690885927200e-02 1.58938155262470932e-01 0
-1.43752227271923515e-02 1.43225871900849261e-01 0
-1.11911906249913765e-02 1.28883296111467538e-01 0
-8.56974804024532473e-03 1.10579574775024156e-01 0
-7.60060107051668474e-03 9.31616106288257750e-02 0
-7.38924480431379926e-03 7.12199800639838621e-02 0
-9.45877972324343785e-03 4.97584110943391916e-02 0
-1.24661558107057088e-02 2.29391698377611405e-02 0
-1.83065524906245204e-02 -3.73809910453186314e-03 0
-2.51626455566763725e-02 -3.67791956596374703e-02 0
-3.49166937958278745e-02 -6.94117138670737460e-02 0
-4.57647775418813171e-02 -1.09559679841308516e-01 0
-5.88950878119854429e-02 -1.48892119173157145e-01 0
-7.28557071659998168e-02 -1.96622562189072952e-01 0
-8.72324707382823444e-02 -2.42101542805827408e-01 0
-1.01480506864307429e-01 -2.95720145207084117e-01 0
-1.11767842203359599e-01 -3.42727083328778992e-01 0
-1.19953070577673612e-01 -3.93152127780588334e-01 0
-1.16878033174967880e-01 -4.26219999523340665e-01 0
-1.10095632237947952e-01 -4.48600995637747024e-01 0
-8.48296220222342634e-02 -4.32393506102101643e-01 0
-6.07090301748526989e-02 -3.79783927159629664e-01 0
-2.07124962551468103e-02 -2.65214009186050481e-01 0
-4.97883675873004358e-03 -9.91519067852270619e-02 0
-2.68408338817774155e-03 4.43014723140218586e-02 0
-5.03953353221380830e-03 1.16783829135474485e-01 0
-2.08580253122303688e-02 1.73186054789591343e-01 0
-2.81092877308341885e-02 2.05429083570838444e-01 0
-4.03945229691669919e-02 2.30816046732891578e-01 0
-4.42219621116418937e-02 2.37966647485897465e-01 0
-4.91840138574874478e-02 2.45249721194418957e-01 0
-4.82153295086915276e-02 2.40188348928298295e-01 0
-4.70019515340357533e-02 2.38297472056946485e-01 0
-4.22967501492622980e-02 2.28104573198674832e-01 0
-3.70500963184355186e-02 2.21791688207169241e-01 0
-3.00207602990077045e-02 2.09641776903856408e-01 0
-2.26295964224669244e-02 2.01086572024274240e-01 0
-1.45191020789848368e-02 1.88129044592325823e-01 0
-6.46323507010760235e-03 1.78092660876445763e-01 0
1.63522742457921613e-03 1.64361866774886817e-01 0
9.11032953237536115e-03 1.52855851011063276e-01 0
1.62370400396191390e-02 1.37883258423782074e-01 0
2.21346546473098552e-02 1.24472581857571638e-01 0
2.74265439852907772e-02 1.07375199803357135e-01 0
3.08499137734582762e-02 9.13072489245056323e-02 0
3.34321005891761724e-02 7.10124878211896293e-02 0
3.34869139785828607e-02 5.13478933321623865e-02 0
3.24372612677153796e-02 2.65852113725899598e-02 0
2.82370241600524152e-02 2.14154347815795950e-03 0
2.26096171222930215e-02 -2.86684071298876665e-02 0
1.34824837560316799e-02 -5.88607212369821817e-02 0
2.77612573658718052e-03 -9.70043139540460175e-02 0
-1.14017477351103323e-02 -1.34180452133181360e-01 0
-2.71976698391367226e-02 -1.80929934750292981e-01 0
-4.51435043727567084e-02 -2.25415560240441210e-01 0
-6.39424897277987014e-02 -2.80757174959123335e-01 0
-8.06800614288834816e-02 -3.29923517934942567e-01 0
-9.61635222043544652e-02 -3.87327848688750365e-01 0
-1.01551259817328765e-01 -4.27559252061699313e-01 0
-1.02614581824345880e-01 -4.62470333113418286e-01 0
-8.37042811343407106e-02 -4.55701451372280797e-01 0
-6.32468494726812491e-02 -4.13009448792358513e-01 0
-2.25097794913634956e-02 -2.95034804854863386e-01 0
-5.68307994098482972e-03 -1.14148149376566574e-01 0
-4.72175015997033411e-03 4.72583881191864438e-02 0
-7.51678598147289840e-03 1.25708869324279465e-01 0
-2.84648058817302853e-02 1.84076253273911472e-01 0
-3.63494298203064156e-02 2.15190841168486940e-01 0
-4.90667531651520772e-02 2.37927390951296114e-01 0
-5.14930948889478213e-02 2.41924042542866785e-01 0
-5.35245193625160723e-02 2.46035852985729941e-01 0
-4.98223668715964893e-02 2.38304668379970580e-01 0
-4.42703074230451354e-02 2.34034441999430298e-01 0
-3.62490424051391605e-02 2.22126274338642266e-01 0
-2.63891078488383765e-02 2.14329808385080589e-01 0
-1.58972333436065601e-02 2.01317318731617956e-01 0
-4.06477299295498334e-03 1.92019473391705858e-01 0
7.41396945996001568e-03 1.78840264863920212e-01 0
1.94110976192235878e-02 1.68722147633625974e-01 0
3.06505751484980847e-02 1.55389737632449926e-01 0
4.15631488773244850e-02 1.44337285601466303e-01 0
5.16194086406603428e-02 1.30201104325888911e-01 0
6.05236923491175791e-02 1.17694771867156503e-01 0
6.85379263527016447e-02 1.01863848431059084e-01 0
7.45447967288908192e-02 8.71570621591588879e-02 0
7.96102562124351709e-02 6.85824999667704882e-02 0
8.17799535937348138e-02 5.07542765194325257e-02 0
8.28979839391138507e-02 2.81885850647768249e-02 0
8.02177484621216241e-02 6.09055779281101814e-03 0
7.62560205112332856e-02 -2.20250864354142178e-02 0
6.76808642096752150e-02 -4.95772864107821981e-02 0
5.77960942380886106e-02 -8.46757983290415545e-02 0
4.26153849321387959e-02 -1.18917503110228140e-01 0
2.59879075295558482e-02 -1.62881055827915372e-01 0
4.44693327532435373e-03 -2.05356034873341253e-01 0
-1.81664667395433493e-02 -2.60183739684070492e-01 0
-4.25304668715936335e-02 -3.10505482745067118e-01 0
-6.57278650660177571e-02 -3.72280999903679799e-01 0
-8.15134863416716038e-02 -4.19768468050191357e-01 0
-9.24943203154322269e-02 -4.66447973561916307e-01 0
-8.20625161377188661e-02 -4.71760828941173715e-01 0
-6.79296249035342969e-02 -4.40978358066441478e-01 0
-2.54602485546755186e-02 -3.22777413926735313e-01 0
-8.48136779323265672e-03 -1.27344634003160539e-01 0
-5.18600408101483733e-03 5.65400580064038677e-02 0
-1.04575015556406248e-02 1.40525945479113096e-01 0
-3.45204043930703516e-02 2.02019378213753292e-01 0
-4.35735086030879029e-02 2.26029549410245834e-01 0
-5.55144542098908456e-02 2.45960914267411540e-01 0
-5.59051466817385226e-02 2.42422428776860988e-01 0
-5.46182019676049527e-02 2.43580710430503139e-01 0
-4.71506989313547897e-02 2.30931643026239086e-01 0
-3.73113477586669920e-02 2.24726370657491153e-01 0
-2.49741468949189818e-02 2.10220377511432410e-01 0
-1.06660297646975072e-02 2.01442588460804900e-01 0
4.16659413286810543e-03 1.87313967922048435e-01 0
2.00584157909012330e-02 1.77778521687470797e-01 0
3.54654563294584044e-02 1.64649299892317663e-01 0
5.10298125670578251e-02 1.54859541791941807e-01 0
6.58066751320088711e-02 1.42205660301525594e-01 0
7.99332808429892849e-02 1.31890739957201880e-01 0
9.31723963176309261e-02 1.18918363716810596e-01 0
1.04976850153592927e-01 1.07557940095491383e-01 0
1.15835552148865401e-01 9.33496276432383976e-02 0
1.24447527482041159e-01 8.02388674696050824e-02 0
1.32023686410405267e-01 6.37728224007878819e-02 0
1.36482505099110168e-01 4.80641108106748122e-02 0
1.39737510173385482e-01 2.81429332928623578e-02 0
1.38930666418005277e-01 8.78736224351459733e-03 0
1.36621426265798429e-01 -1.61358075272574689e-02 0
1.29272806134292900e-01 -4.03972665144091692e-02 0
1.20165078389290580e-01 -7.19426995172497835e-02 0
1.05135033971257327e-01 -1.02369187624954769e-01 0
8.79855673156895446e-02 -1.42764842969984374e-01 0
6.46391125114501308e-02 -1.81258638132635014e-01 0
3.89593164146407878e-02 -2.33782530716533682e-01 0
8.72398661371248663e-03 -2.82360197846729610e-01 0
-2.23046877870760260e-02 -3.48346921565155010e-01 0
-4.96335612240902807e-02 -4.00791485951334236e-01 0
-7.21372983527890366e-02 -4.61922808722275813e-01 0
-7.39436529211957710e-02 -4.80265360390169704e-01 0
-6.83367178362728200e-02 -4.69612754745406591e-01 0
-2.83968037550805415e-02 -3.54482771792254736e-01 0
-1.04273155764362819e-02 -1.48090195979730110e-01 0
-1.04757339627429349e-02 6.29021223283959124e-02 0
-1.74431558375473736e-02 1.55043325035199436e-01 0
-4.85420719195712239e-02 2.17192718972074206e-01 0
-5.74730303644542320e-02 2.36184797303039318e-01 0
-6.63639481068561410e-02 2.50259584223793408e-01 0
-6.31707162307532377e-02 2.41027585229372399e-01 0
-5.47762276772623263e-02 2.37282067053388890e-01 0
-4.25326992090347619e-02 2.20997499685638366e-01 0
-2.51553580373084125e-02 2.11858663889888665e-01 0
-7.92791654164441695e-03 1.95480535989631554e-01 0
1.30575187601626608e-02 1.85189952399747976e-01 0
3.22011200672870715e-02 1.70592355758317299e-01 0
5.33910996194256540e-02 1.60721582880067354e-01 0
7.25631336329179838e-02 1.47868276943127430e-01 0
9.24609119948775066e-02 1.38381964655576423e-01 0
1.10570212450560673e-01 1.26485618589281618e-01 0
1.28286315192646883e-01 1.16972650098963876e-01 0
1.44493473981598369e-01 1.05156841321108988e-01 0
1.59303083961735620e-01 9.50327362478841503e-02 0
1.72829450185090133e-01 8.23924525177046480e-02 0
1.83955417661794018e-01 7.09700666309410200e-02 0
1.93937057565163995e-01 5.65467982145968148e-02 0
2.00437185546407659e-01 4.30415928871395459e-02 0
2.05835367591237106e-01 2.57397160380557349e-02 0
2.06520914362590513e-01 9.20775491664996108e-03 0
2.06033918810358985e-01 -1.23678777436553502e-02 0
1.99386159160960585e-01 -3.31199076876306717e-02 0
1.91473881606327834e-01 -6.05385844647351873e-02 0
1.75818302106292124e-01 -8.67370763561572805e-02 0
1.58761923843169561e-01 -1.22385583377952828e-01 0
1.32618102550130817e-01 -1.56328990556107328e-01 0
1.05093945911555728e-01 -2.04268951690871087e-01 0
6.84313099790448964e-02 -2.49240809513267603e-01 0
3.13236645699394578e-02 -3.13923677048280392e-01 0
-9.68553072895320978e-03 -3.69935327616172538e-01 0
-4.54936664136359886e-02 -4.42137994614575480e-01 0
-6.41794916587334341e-02 -4.75560993002267451e-01 0
-7.13651302099415352e-02 -4.86525223920198369e-01 0
-3.47694742514859864e-02 -3.80686483046234370e-01 0
-1.73299320648129078e-02 -1.66168669240222278e-01 0
-1.29903220922806817e-02 8.44590144211604527e-02 0
-2.44159354118306388e-02 1.78591455238854724e-01 0
-5.75284501579523475e-02 2.42049905892867290e-01 0
-6.48967661849252503e-02 2.43850092707707244e-01 0
-6.83192592464400700e-02 2.51659746045492405e-01 0
-5.91174985825532462e-02 2.30832883004986195e-01 0
-4.33530094510970673e-02 2.22944345520958376e-01 0
-2.40618958356533484e-02 2.01308433050922664e-01 0
3.48452116080205524e-04 1.90123752454946421e-01 0
2.39578535565976719e-02 1.72004652836326044e-01 0
5.03996602784053671e-02 1.61316177226720037e-01 0
7.47304802529061146e-02 1.46977139797558248e-01 0
1.00271100234523472e-01 1.37419479023515978e-01 0
1.23698072202273301e-01 1.25575941408826219e-01 0
1.47140861101956760e-01 1.16855700330380868e-01 0
1.68731969458984471e-01 1.06376486080151086e-01 0
1.89397604320655250e-01 9.79709061994852026e-02 0
2.08487546793019618e-01 8.78976742859439442e-02 0
2.25799431255131106e-01 7.92255047599206563e-02 0
2.41740855765008339e-01 6.86932986787150007e-02 0
2.55023509383098423e-01 5.91348378319887027e-02 0
2.67044549204340398e-01 4.72870569774157395e-02 0
2.75412051967478699e-01 3.61693432162002379e-02 0
2.82522892602980746e-01 2.20552709511538277e-02 0
2.84789344119786625e-01 8.59224256826653793e-03 0
2.85685807063507491e-01 -9.00480490474031212e-03 0
2.80245452576761256e-01 -2.58340699620587914e-02 0
2.73182388767161388e-01 -4.83782451451842260e-02 0
2.58050374976115771e-01 -6.96544513106760327e-02 0
2.40980029505358601e-01 -9.95676277408101967e-02 0
2.13980052561650119e-01 -1.27588318984863947e-01 0
1.84694243755713083e-01 -1.69598254093989015e-01 0
1.44185556817441912e-01 -2.08588059443396395e-01 0
1.01707672886358721e-01 -2.70232081356749254e-01 0
5.04576254485988585e-02 -3.23972831845763698e-01 0
9.36420397070554045e-04 -4.07430277377005989e-01 0
-3.88281371129081398e-02 -4.54393114105163087e-01 0
-6.31109676012825832e-02 -4.99023703374876781e-01 0
-3.99137454553611659e-02 -4.08517669256256877e-01 0
-2.28038847573868164e-02 -2.00189972729589050e-01 0
-2.87582373395294383e-02 1.00308581643292011e-01 0
-4.39128289335063912e-02 1.99581416066896639e-01 0
-7.71049465089049257e-02 2.57674002798320256e-01 0
-7.86677788069744255e-02 2.46975388949749630e-01 0
-6.65241526694509283e-02 2.44480913501315095e-01 0
-4.79888990223252265e-02 2.16060964813052481e-01 0
-1.65227991022077782e-02 2.02227221043070365e-01 0
1.11179221782199134e-02 1.77295509315288174e-01 0
4.67300771930097836e-02 1.63839830307895840e-01 0
7.64159071436107395e-02 1.45428660121144526e-01 0
1.10272091384359186e-01 1.34418360817535859e-01 0
1.39074333450262794e-01 1.20720137377159198e-01 0
1.69710270263874696e-01 1.11755120950270612e-01 0
1.96436375125213503e-01 1.00997645992480886e-01 0
2.23465988699196677e-01 9.33492736002660140e-02 0
2.47551557668640870e-01 8.42279351506817486e-02 0
2.70812648486799146e-01 7.72183337906167111e-02 0
2.91849991433116740e-01 6.87540279062943266e-02 0
3.11088900147290626e-01 6.17807202318377616e-02 0
3.28613497262201348e-01 5.31673667735403019e-02 0
3.43353259552612866e-01 4.56676744561947470e-02 0
3.56725828300475611e-01 3.61572525051743962e-02 0
3.66188595936282446e-01 2.75645353695231389e-02 0
3.74515013920975803e-01 1.63614509135696223e-02 0
3.77538391151529096e-01 6.04608291332198004e-03 0
3.79577867466405539e-01 -7.82489256467470279e-03 0
3.74450146672534234e-01 -2.06153374656323496e-02 0
3.68391610201289910e-01 -3.83443091438679245e-02 0
3.52804180557536151e-01 -5.45336889018470591e-02 0
3.36442050873836551e-01 -7.83159378769958114e-02 0
3.07457859108777209e-01 -1.00042314124972276e-01 0
2.77938161225301905e-01 -1.34474994860288188e-01 0
2.32038358197198924e-01 -1.66253493570272692e-01 0
1.86280094926515954e-01 -2.20196140347643593e-01 0
1.22060494138767531e-01 -2.69163479474255618e-01 0
6.16908637240893495e-02 -3.52852482500745801e-01 0
-5.90050793147328667e-03 -4.11513162324627368e-01 0
-5.29774370959528451e-02 -4.85439729655798791e-01 0
-5.22267152047738367e-02 -4.20993262035756988e-01 0
-3.96990441264877536e-02 -2.28886268135349236e-01 0
-3.56812132431408718e-02 1.57130163516228133e-01 0
-5.35648192744612936e-02 2.26937463372520826e-01 0
-7.21445749793915569e-02 2.76805474473522495e-01 0
-6.01542897447332678e-02 2.33268120921338779e-01 0
-2.92421426014543989e-02 2.20981959783501630e-01 0
3.74627371863141614e-03 1.80829849840010548e-01 0
4.80454417129904457e-02 1.63839129801776978e-01 0
8.59631071512833300e-02 1.38053382770464916e-01 0
1.28886861463599012e-01 1.24827812305908420e-01 0
1.65262516081202543e-01 1.08460083493578080e-01 0
2.03500846144071101e-01 9.86601428048042156e-02 0
2.36475898774346716e-01 8.75360991270969363e-02 0
2.69686596208744134e-01 8.00601105149534725e-02 0
2.98910580168421591e-01 7.18171191926140901e-02 0
3.27398985597124548e-01 6.57434050819958871e-02 0
3.52899100517491793e-01 5.90265469361042627e-02 0
3.76936934751833319e-01 5.36755054705911477e-02 0
3.98708677992423099e-01 4.76180348579872473e-02 0
4.18328892876143055e-01 4.24651090974087556e-02 0
4.36183761731375741e-01 3.64255098334470492e-02 0
4.51112804699314862e-01 3.10256265760318305e-02 0
4.64610570699494685e-01 2.44483144591013113e-02 0
4.74226642421100908e-01 1.83832221072061028e-02 0
4.82626761520193681e-01 1.07021546231961025e-02 0
4.85895113772614906e-01 3.53233220143395980e-03 0
4.88090724356830596e-01 -5.91971152422982212e-03 0
4.83425704366212905e-01 -1.46450964791513469e-02 0
4.77708121640949390e-01 -2.67351514668502932e-02 0
4.62886107356723253e-01 -3.77024806448551658e-02 0
4.47106054527049268e-01 -5.42238445126890165e-02 0
4.19007244997044892e-01 -6.90823709693890453e-02 0
3.89953595669735975e-01 -9.41809139825072750e-02 0
3.43908377821179279e-01 -1.16928329446760529e-01 0
2.96799538560128140e-01 -1.60255963359044767e-01 0
2.27191960815832289e-01 -1.99382366413279444e-01 0
1.58062994793405465e-01 -2.79470574227761448e-01 0
6.87363165899958634e-02 -3.39724040050047804e-01 0
-5.06472968019804591e-03 -4.52698324585689482e-01 0
-4.78358311365981587e-02 -4.21795754322107641e-01 0
-4.64940134219141363e-02 -2.92116036207184626e-01 0
-7.28278097257082507e-02 1.89554786276670550e-01 0
-8.77720001890066881e-02 2.36044644264996190e-01 0
-5.22878861498985298e-02 2.64263929116947460e-01 0
-1.61548671228896670e-02 2.04072595995880762e-01 0
5.79331532015853398e-02 1.80581024072209551e-01 0
1.07038436030480730e-01 1.38772804912233011e-01 0
1.71743865883952268e-01 1.20011259701133272e-01 0
2.17303949698379406e-01 9.64533350516972587e-02 0
2.68802664385572654e-01 8.45414522241828975e-02 0
3.07903630111899640e-01 7.08137667126748360e-02 0
3.49042892160260521e-01 6.32061444539473438e-02 0
3.82135384502836573e-01 5.45333476575206033e-02 0
4.15550322529616545e-01 4.93217187259802486e-02 0
4.43597526052652014e-01 4.32841112194061461e-02 0
4.71018622394149156e-01 3.93621205208735184e-02 0
4.94758583426982146e-01 3.46887621730135806e-02 0
5.17172318171137624e-01 3.14101846899767084e-02 0
5.37002939620610964e-01 2.73607967928882201e-02 0
5.54836555056686720e-01 2.43070971535777579e-02 0
5.70828301978920649e-01 2.03821634235983526e-02 0
5.84058317397206817e-01 1.72423285554733283e-02 0
5.95972347208209352e-01 1.30421358094673021e-02 0
6.04164736592035734e-01 9.54978007715955556e-03 0
6.11451243203680495e-01 4.69174359508087342e-03 0
6.13738279518128982e-01 5.83496437972193531e-04 0
6.15491910136110265e-01 -5.35664031279021145e-03 0
6.10435657495766004e-01 -1.02314580000137587e-02 0
6.05315274840432571e-01 -1.78057559851972531e-02 0
5.90838400012304588e-01 -2.39304747291186268e-02 0
5.77017402188867767e-01 -3.44379821910741485e-02 0
5.49736344092987439e-01 -4.28888577935506998e-02 0
5.24094444098830325e-01 -5.93768784158870064e-02 0
4.77799554619979694e-01 -7.30986040393731967e-02 0
4.34470117164003355e-01 -1.03480303467786014e-01 0
3.57868813483103010e-01 -1.30426279377640397e-01 0
2.87502083312544510e-01 -1.94397238382238324e-01 0
1.68287839619912394e-01 -2.48384961976915786e-01 0
7.36296528846738241e-02 -3.68867803277074691e-01 0
-4.30668186722950458e-02 -3.79563694245616368e-01 0
-6.50592145718039971e-02 -3.23216136953535571e-01 0
-1.91647463458032297e-02 3.17730071429235927e-01 0
1.33581953753015917e-02 2.06396959905475685e-01 0
1.12904245771989487e-01 2.05188945534412331e-01 0
1.83271640119388152e-01 1.23046028793869708e-01 0
2.72332253283620762e-01 9.77896985973532862e-02 0
3.32786488058698204e-01 6.70176825886176497e-02 0
3.97042276641211278e-01 5.35750304958320031e-02 0
4.43131931680682989e-01 4.09927931154769332e-02 0
4.89428408313530905e-01 3.42298651619318967e-02 0
5.24536031517946699e-01 2.82177759984953876e-02 0
5.59076399135024826e-01 2.44303923246385855e-02 0
5.86572277567203315e-01 2.10263477155226038e-02 0
6.13257839839111307e-01 1.86001940534969747e-02 0
6.35362234521853031e-01 1.63463061712620580e-02 0
6.56434826002519123e-01 1.45847422033873499e-02 0
6.74443529348686011e-01 1.28701978248161892e-02 0
6.91118722563186516e-01 1.14336589727043799e-02 0
7.05710616621223807e-01 9.95105877852490647e-03 0
7.18555848649557571e-01 8.64231558285091621e-03 0
7.29987562328804351e-01 7.20097824017573804e-03 0
7.39116814511709519e-01 5.88415250045608209e-03 0
7.47325297899090857e-01 4.33915207236522729e-03 0
7.52485790350247319e-01 2.90684324300786350e-03 0
7.57131925737464906e-01 1.12594986155714312e-03 0
7.57721143335827740e-01 -5.05928740961706920e-04 0
7.58181694933375283e-01 -2.61960575795546109e-03 0
7.53180365441209920e-01 -4.46623423499530655e-03 0
7.48655210602502175e-01 -7.14020047818798333e-03 0
7.36590462435169679e-01 -9.40261245928343710e-03 0
7.25782885771589004e-01 -1.31238399316519656e-02 0
7.04039544572620968e-01 -1.61576901570540318e-02 0
6.84561801597966979e-01 -2.22458833991361696e-02 0
6.47944678210920277e-01 -2.73025872485128870e-02 0
6.14651289573834969e-01 -4.03266580803423660e-02 0
5.51845722569293984e-01 -5.24132540708944980e-02 0
4.93163397769893597e-01 -8.98906868547210414e-02 0
3.81015087412815479e-01 -1.25850893745712650e-01 0
2.79186578911510497e-01 -2.41344379240503698e-01 0
1.02044317771093157e-01 -2.83106572127985512e-01 0
1.37284637487593581e-02 -4.00242308076193709e-01 0
2.11871520039106476e-01 1.95361484330461410e-01 0
3.01220106531436660e-01 1.03975407163404046e-01 0
5.22243588619691224e-01 9.43509478151575154e-02 0
6.00760334310464050e-01 4.46440946630284816e-02 0
6.89933188115087304e-01 3.10668595414249661e-02 0
7.29617435387788227e-01 1.40620719622424478e-02 0
7.71012218588310372e-01 9.66669793092480439e-03 0
7.92859904596157850e-01 4.06630074090656799e-03 0
8.16070397837295514e-01 3.13841270576026288e-03 0
8.30229108125782767e-01 1.16470115447601897e-03 0
8.45451784653592164e-01 1.17111707757739042e-03 0
8.55831710312770499e-01 3.50682490029796364e-04 0
8.66827568741487031e-01 5.33115909182870721e-04 0
8.74966257483488330e-01 1.05776472154763527e-04 0
8.83278274314935108e-01 2.82288536635943641e-04 0
8.89834642548464672e-01 3.42229176196236909e-06 0
8.96150415654716315e-01 1.44638342530935195e-04 0
9.01414379917002795e-01 -7.78344905388531088e-05 0
9.06022092484937369e-01 3.17365919204895341e-05 0
9.10089923120707023e-01 -1.80333965012915656e-04 0
9.13041156608508153e-01 -9.38137827751513159e-05 0
9.15881766633495076e-01 -3.28360783517256806e-04 0
9.17050373021352505e-01 -2.55283611810041731e-04 0
9.18534806232255141e-01 -5.45082013521565930e-04 0
9.17629710192298331e-01 -4.64775682520682069e-04 0
9.17565517982606549e-01 -8.17248587167487719e-04 0
9.14191408263201000e-01 -7.03581713092495315e-04 0
9.12397016700952079e-01 -1.21711852110682663e-03 0
9.05832761428799427e-01 -1.05689519799053951e-03 0
9.01938687840466935e-01 -1.88817977300100048e-03 0
8.90819565865083929e-01 -1.66668328888428907e-03 0
8.84115327915578009e-01 -3.28295296373546774e-03 0
8.65289732011114920e-01 -3.18718710452886664e-03 0
8.53626378870370961e-01 -7.38209601673190784e-03 0
8.17580177869818292e-01 -8.93768243428976622e-03 0
7.92276064605927033e-01 -2.35671466250003056e-02 0
7.04121751790689587e-01 -3.44076460568220055e-02 0
6.32017939131365614e-01 -8.98973652626304243e-02 0
3.72879622299417068e-01 -1.14105308165995609e-01 0
2.34806257346483721e-01 -2.07443437232731259e-01 0
SCALARS velocity_magnitude double 1
LOOKUP_TABLE default
9.87190059358902897e-05
2.58495115923579192e-04
7.77087517639025890e-05
4.11900537780872456e-05
5.68237267404293452e-04
8.32158148692918164e-04
1.66199437756564734e-03
2.11361979166469057e-03
3.06174923059756828e-03
3.61328453417462600e-03
4.58054800713664050e-03
5.16485445462325048e-03
6.07485901860152673e-03
6.63708684358423669e-03
7.42493850908328493e-03
7.91337283765290202e-03
8.51810627894210824e-03
8.88005496452474660e-03
9.24327499600999768e-03
9.42683101732731156e-03
9.49703362686523007e-03
9.45787445710087778e-03
9.20051710821420329e-03
8.91654723038104620e-03
8.32903141565205681e-03
7.81172763429919311e-03
6.93485889174584591e-03
6.24110020411240002e-03
5.16706377273402299e-03
4.40096432618953311e-03
3.26807720202997335e-03
2.56767495013566051e-03
1.53948143321297731e-03
1.04794378320350267e-03
2.88102883168176002e-04
1.22245151306033504e-04
3.36823967476661647e-04
1.71243513968516307e-04
2.60981123650596951e-04
5.76122674135177312e-05
1.14755474064242799e-04
1.45684207679683004e-04
6.08179595782099469e-04
1.11363741789910703e-03
2.49751207270206346e-03
3.57988217559711839e-03
5.55094409194515671e-03
7.07561682681852322e-03
9.36837832763162855e-03
1.11317856061592425e-02
1.35044629601725145e-02
1.53180037825280217e-02
1.75675839934366432e-02
1.92656492822882303e-02
2.12154842956456050e-02
2.26449806624031101e-02
2.41329619545725543e-02
2.51480887695433863e-02
2.60260398128713127e-02
2.64947733947286067e-02
2.66403704590839098e-02
2.64623760831522656e-02
2.58020828316048480e-02
2.49355266964600211e-02
2.34737744996938551e-02
2.19653186150197827e-02
1.98130148632923719e-02
1.78199017514844502e-02
1.52071522870044166e-02
1.29961699018943180e-02
1.02560707994340077e-02
8.16838793248199010e-03
5.68474247141097060e-03
4.06279081090334115e-03
2.18499703474955408e-03
1.26374763856543421e-03
2.29494939969602163e-04
8.51844111599637854e-05
3.71458280817643953e-04
2.17789910526087197e-04
1.73976430638317706e-04
3.56497510053563240e-04
1.55039385947026596e-03
2.80825569203315426e-03
5.02318988912939940e-03
7.01841954790015897e-03
9.99408651444891154e-03
1.25607276780504255e-02
1.59776253459136507e-02
1.88526682835413531e-02
2.23804916472451002e-02
2.52899971883580252e-02
2.86300402656226478e-02
3.13189808285548599e-02
3.42040851823212991e-02
3.64354450827897927e-02
3.86226191410379352e-02
4.01771129085938400e-02
4.14509934017171580e-02
4.21391806203991470e-02
4.23301382355187744e-02
4.20173145064622125e-02
4.10303240046245646e-02
3.96689820896756959e-02
3.75212692403706152e-02
3.51910772792629611e-02
3.20485326337264509e-02
2.89814255313570815e-02
2.51714377225367367e-02
2.17456388930499858e-02
1.77324694065546760e-02
1.44216701253712751e-02
1.07340530156221393e-02
8.00481120313676839e-03
5.11690718832723095e-03
3.28204239196218687e-03
1.47547362733943250e-03
5.71219177010860919e-04
2.06595227760939676e-04
2.35681256349149816e-04
2.01849350773239405e-04
1.25149998514786768e-03
3.18747963986170486e-03
5.31161874030793620e-03
8.39611550597716728e-03
1.12962534570651783e-02
1.51875356921346068e-02
1.86773858223142145e-02
2.30397374765909518e-02
2.68417274089570897e-02
3.13047554923597607e-02
3.50995141126895158e-02
3.93024534765289285e-02
4.27731711373610657e-02
4.63823178821917703e-02
4.92302849026378872e-02
5.19436034721590251e-02
5.38982557808319884e-02
5.54559797962307713e-02
5.62932487574932874e-02
5.65003756657997819e-02
5.60707631553156588e-02
5.48275099264913454e-02
5.30896684142376576e-02
5.04297555411647239e-02
4.74889689630795253e-02
4.36137722556525637e-02
3.97434612342874305e-02
3.50306156466857893e-02
3.06605069130517320e-02
2.56335851137229030e-02
2.12926062498925359e-02
1.65420434873776237e-02
1.27520699029865393e-02
8.81204592979025966e-03
5.95770693047212741e-03
3.18798470016675882e-03
1.48251622670571466e-03
1.05630876017135137e-04
3.34537164275510444e-04
5.00891163050856724e-04
2.41989499805583992e-03
5.23058385997279829e-03
8.29961451858063880e-03
1.23040978142787520e-02
1.61086241776695373e-02
2.08862951738501834e-02
2.52218133454196781e-02
3.04339077785567257e-02
3.50321097728720221e-02
4.02978556359448251e-02
4.48247851357642252e-02
4.97496544263290250e-02
5.38532462735766548e-02
5.80597249704213406e-02
6.14013968700663215e-02
6.45474267548881708e-02
6.68241682485254951e-02
6.86220076871567747e-02
6.95908261981281473e-02
6.98327049127422800e-02
6.93395752860745118e-02
6.79266266865900525e-02
6.59372262270703363e-02
6.29143893415964328e-02
5.95468070548125089e-02
5.51303123135524972e-02
5.06694035443906940e-02
4.52504986373337137e-02
4.01324009175851454e-02
3.42471368044960575e-02
2.90062984679716092e-02
2.32656701930364293e-02
1.84461250521504999e-02
1.34367426424013350e-02
9.49893834457208285e-03
5.70936911659199447e-03
3.02981469264045544e-03
9.40941350396099874e-04
1.52888965856209171e-04
1.08721815992613032e-03
4.11615835954023956e-03
7.94907522296621656e-03
1.20216379082487262e-02
1.69614335090404952e-02
2.16397744926353705e-02
2.72392321087560098e-02
3.23234887624193543e-02
3.82617538513120581e-02
4.35138002750235856e-02
4.94259314282521275e-02
5.45238834894526472e-02
6.00085168564732999e-02
6.45904325130588208e-02
6.92497127314682104e-02
7.29588801327381992e-02
7.64306305804722114e-02
7.89497781474689381e-02
8.09345805465204599e-02
8.20157304876020093e-02
8.23043309383404420e-02
8.17970932896361774e-02
8.02965605431944091e-02
7.81721789195873873e-02
7.49302163149313527e-02
7.13027443814167605e-02
6.65258164378008943e-02
6.16584237691416015e-02
5.57112323025702044e-02
5.00012819507282547e-02
4.33843222333529302e-02
3.73277070324326901e-02
3.06336591231407863e-02
2.47749352755782110e-02
1.86340243176203804e-02
1.35252548199745071e-02
8.57679994718264609e-03
4.80433932527794903e-03
1.79024889002513880e-03
2.09534799860251210e-04
1.79532479761870074e-03
6.14454196896073532e-03
1.11538230703257923e-02
1.62884440728604182e-02
2.21870703302803375e-02
2.77054027095559978e-02
3.40823996016335687e-02
3.98267022221093850e-02
4.64057060821141329e-02
5.21907497657879693e-02
5.86437962458981610e-02
6.41824969470899676e-02
7.01225242540238491e-02
7.50651035539375844e-02
8.00929679493727481e-02
8.40838357304027478e-02
8.78329951992124491e-02
9.05560361027065996e-02
9.27270755173322664e-02
9.39398193051973890e-02
9.43284074548939588e-02
9.38878613573966153e-02
9.24054345168039137e-02
9.02820455670639843e-02
8.69677521658356739e-02
8.32545986380858888e-02
7.82829279645032849e-02
7.31928538475904999e-02
6.68705741201690851e-02
6.07262847175221651e-02
5.34851678903748295e-02
4.67113196118179655e-02
3.91036795433434906e-02
3.22288624070870000e-02
2.49287892087761698e-02
1.85993674079241444e-02
1.24135766212038132e-02
7.42636708234217444e-03
3.34853199658386195e-03
6.90046114743014067e-04
2.71070471250580824e-03
8.64079384669591208e-03
1.49863833324950443e-02
2.12568506322044458e-02
2.81297981233219301e-02
3.44620383286556864e-02
4.15523880075155672e-02
4.78749621436298720e-02
5.49855983107107801e-02
6.11910760534947473e-02
6.80551956397147939e-02
7.39126104114463667e-02
8.01794031714700012e-02
8.53714457525200227e-02
9.06603082707851254e-02
9.48503050655480212e-02
9.88067791816724939e-02
1.01693546579314203e-01
1.04029921864949249e-01
1.05384863515947308e-01
1.05907121790165523e-01
1.05597069485561093e-01
1.04221058553377433e-01
1.02209342351439914e-01
9.89536999398046985e-02
9.52946218331817696e-02
9.02783382392131489e-02
8.51058724164038688e-02
7.85446968728834710e-02
7.20725706363320312e-02
6.42939012350755568e-02
5.68451470681619747e-02
4.83339028153019629e-02
4.04057649226906984e-02
3.18706404063778953e-02
2.42073602134464973e-02
1.66277524892697558e-02
1.02530179720059685e-02
4.88781743196349972e-03
1.08481845775497670e-03
3.74606412156137025e-03
1.14665762095904691e-02
1.93063150759023201e-02
2.67725420672507916e-02
3.46462333628414845e-02
4.17485630370317898e-02
4.95055304610485108e-02
5.63079125490330637e-02
6.38688797389577734e-02
7.03726990270307079e-02
7.75562269398395038e-02
8.36094594579218642e-02
9.01196804692028369e-02
9.54570249955945666e-02
1.00947585200773154e-01
1.05267983521034600e-01
1.09409119390750750e-01
1.12439295996404245e-01
1.14963681820086316e-01
1.16496887809993732e-01
1.17224300201307807e-01
1.17138076166683036e-01
1.15984246697889648e-01
1.14227452388978343e-01
1.11179872348406261e-01
1.07752723399133846e-01
1.02855627815895675e-01
9.77883454937535507e-02
9.11398347142938908e-02
8.45055083891787517e-02
7.62989440754216069e-02
6.82865001483154294e-02
5.89140194503542033e-02
4.99639341727322467e-02
4.01554246251245792e-02
3.10976361121546724e-02
2.20057970072817105e-02
1.40880940546381939e-02
7.22302732560308348e-03
1.90850784509217206e-03
4.94038236536886721e-03
1.46833772712201254e-02
2.41660233371926436e-02
3.29174472247972250e-02
4.18158665703134216e-02
4.96835809769337541e-02
5.80517685564296976e-02
6.52750562884895497e-02
7.31875628628703701e-02
7.99032711225725056e-02
8.72894661770860780e-02
9.34444258712272546e-02
1.00084006325154615e-01
1.05482257367588206e-01
1.11080981169603826e-01
1.15472049814448641e-01
1.19739535840718794e-01
1.22889497632031039e-01
1.25589140533350130e-01
1.27319557579219977e-01
1.28289637491172448e-01
1.28488421719233720e-01
1.27642143231831512e-01
1.26242398011044088e-01
1.23529120313128543e-01
1.20462957008725474e-01
1.15833317311503550e-01
1.11004315231702594e-01
1.04410128669960897e-01
9.77202488754340681e-02
8.91850376976310866e-02
8.06549765648535838e-02
7.04414043845432575e-02
6.04250055715518583e-02
4.92574936774983069e-02
3.86567995442009676e-02
2.78576708026975726e-02
1.81603959306979798e-02
9.53754719450703239e-03
2.55967544303811268e-03
6.25238419250355188e-03
1.82010651737107045e-02
2.94712183889631260e-02
3.95583464863811241e-02
4.95151552890365429e-02
5.81008480455323245e-02
6.70444663605133384e-02
7.45853776367968596e-02
8.27795090294677766e-02
8.95798931311447694e-02
9.70891514175896697e-02
1.03218268834325555e-01
1.09915610517178450e-01
1.15265874310235869e-01
1.20923163629987521e-01
1.25310746453116545e-01
1.29688264633762596e-01
1.32931611562671942e-01
1.35831845038096199e-01
1.37789798527744783e-01
1.39074041744599336e-01
1.39647526373627262e-01
1.39223842658557084e-01
1.38326357253016757e-01
1.36100159884544297e-01
1.33585955023048930e-01
1.29401218458556538e-01
1.25027209053154037e-01
1.18666403757865760e-01
1.12131323075667116e-01
1.03414303192992663e-01
9.45272786540317100e-02
8.35459462598376057e-02
7.25269417876378275e-02
5.99637419398018623e-02
4.77537091916238263e-02
3.50888911576582238e-02
2.34137325675505027e-02
1.27560018168543874e-02
3.68947719275130540e-03
7.67630127949216808e-03
2.20215572133624013e-02
3.52016851757924604e-02
4.67193309229850598e-02
5.77600158972079794e-02
6.70845289843701592e-02
7.65586303739885510e-02
8.43893012284682720e-02
9.27762047057166944e-02
9.96042466859705516e-02
1.07125511957929825e-01
1.13158270974803091e-01
1.19798923104178154e-01
1.25031530052139184e-01
1.30646686326288203e-01
1.34975417856433494e-01
1.39391213105260314e-01
1.42698600006606030e-01
1.45768707154083299e-01
1.47959507122189637e-01
1.49575747837660450e-01
1.50569488456480827e-01
1.50639833758119263e-01
1.50333213681219602e-01
1.48717863172449449e-01
1.46882340734249384e-01
1.43306754943405584e-01
1.39536721680278919e-01
1.33588300392198489e-01
1.27349062445247158e-01
1.18601727114388183e-01
1.09444997342445463e-01
9.77636339991569264e-02
8.57212835358438924e-02
7.16924437612946608e-02
5.77064827794155424e-02
4.29509059934707407e-02
2.90021678755036441e-02
1.60013395717964364e-02
4.63945518317329143e-03
9.21414488149570332e-03
2.61025409014005554e-02
4.13155263052995061e-02
5.42921651959225177e-02
6.64544128722428379e-02
7.64615812012400115e-02
8.64466805564242935e-02
9.44576086551945499e-02
1.02985380422439529e-01
1.09704735827121494e-01
1.17172514177145234e-01
1.22966805193219522e-01
1.29486003236865099e-01
1.34470882350146592e-01
1.39991907555961637e-01
1.44160049957712311e-01
1.48586115907875210e-01
1.51899599327189355e-01
1.55146407202527564e-01
1.57569956826808688e-01
1.59569499964021089e-01
1.61051411638751196e-01
1.61716452373964981e-01
1.62138111206393404e-01
1.61284639232042754e-01
1.60333838832651315e-01
1.57564662462151561e-01
1.54659733442295028e-01
1.49348572736367813e-01
1.43688215262541025e-01
1.35123691161944920e-01
1.25944913290714056e-01
1.13703330852354817e-01
1.00773819106588003e-01
8.52773419550495321e-02
6.94740489105658554e-02
5.24486005198760916e-02
3.59948134175934742e-02
2.03056117977120712e-02
6.14127795998791175e-03
1.08101436539820676e-02
3.03836995567719412e-02
4.77165577505177310e-02
6.22468759365059007e-02
7.55485334017267085e-02
8.62847629564610641e-02
9.67411762553089943e-02
1.04940224313417527e-01
1.13526083473059439e-01
1.20113729213872866e-01
1.27415910172094304e-01
1.32924960971696371e-01
1.39195565048991554e-01
1.43871044468757980e-01
1.49171447906929489e-01
1.53113882589008099e-01
1.57441401895278582e-01
1.60706265733257275e-01
1.64056190233430182e-01
1.66683054349357845e-01
1.69043729623931271e-01
1.71023150578576644e-01
1.72324802705300484e-01
1.73537777582654651e-01
1.73562047983577938e-01
1.73618471180898376e-01
1.71842405574223062e-01
1.69977001432269376e-01
1.65538588715950091e-01
1.60654512038755887e-01
1.52508677574159229e-01
1.43470856347164000e-01
1.30827385019345710e-01
1.17056035682761655e-01
1.00081276846404332e-01
8.23113696115581189e-02
6.27854146427914428e-02
4.34810239881089980e-02
2.47307264602257583e-02
7.47655081901445803e-03
1.25174697116584837e-02
3.48796666009775075e-02
5.44300535968817376e-02
7.05100273266057731e-02
8.49904729610234250e-02
9.63806588994187974e-02
1.07306659989421529e-01
1.15570099532974993e-01
1.24184428065298030e-01
1.30487724010406370e-01
1.37576731441032274e-01
1.42634924009695518e-01
1.48598895286076504e-01
1.52800377475122373e-01
1.57819208780611342e-01
1.61387404241749327e-01
1.65562916524696596e-01
1.68665332394502293e-01
1.72087431482118136e-01
1.74861130634474449e-01
1.77593227783863883e-01
1.80093610447640246e-01
1.82099891306504752e-01
1.84217080051423898e-01
1.85255216638268133e-01
1.86532300331520601e-01
1.85961152316964584e-01
1.85444328627719618e-01
1.82155066791976572e-01
1.78420929091779035e-01
1.70994328652765037e-01
1.62468353858729986e-01
1.49668467043657216e-01
1.35316398624731882e-01
1.16944841853307710e-01
9.72429154436376258e-02
7.50506435956208168e-02
5.26522571114098059e-02
3.04230688933195721e-02
9.46433156215066226e-03
1.42179291715659514e-02
3.94561535000353958e-02
6.12689922143344404e-02
7.89931107272670713e-02
9.46540623035420914e-02
1.06771219596169531e-01
1.18123348693126948e-01
1.26498090023323101e-01
1.35056206301495174e-01
1.41091218896304188e-01
1.47846248449307494e-01
1.52434997540270928e-01
1.57942901139071307e-01
1.61617054562055718e-01
1.66187870141439237e-01
1.69300105821207580e-01
1.73157648729486746e-01
1.76002556260527021e-01
1.79355631826814715e-01
1.82191461503186852e-01
1.85207211998056509e-01
1.88181614308584766e-01
1.90884703463091498e-01
1.93925413027217886e-01
1.96071802192473804e-01
1.98675121004640493e-01
1.99512791491448432e-01
2.00539221037702942e-01
1.98696392436528035e-01
1.96372731535739892e-01
1.90006873373888108e-01
1.82257329646046351e-01
1.69592381774323175e-01
1.54817865634535562e-01
1.35154681443133390e-01
1.13439239983286297e-01
8.83852235236468886e-02
6.25166657619235511e-02
3.63655991810367257e-02
1.13103476962239137e-02
1.60332166821138405e-02
4.42046618504739544e-02
6.83524596636031212e-02
8.76735795151021707e-02
1.04555815525214008e-01
1.17291664644637819e-01
1.29086492626448196e-01
1.37420685932863579e-01
1.45918528984720436e-01
1.51505516440621185e-01
1.57902934420153962e-01
1.61825282370804902e-01
1.66832218918788577e-01
1.69772137934382367e-01
1.73827713195836869e-01
1.76276473574092984e-01
1.79731849139074057e-01
1.82129538072903580e-01
1.85329856794523573e-01
1.88088017987901063e-01
1.91334456473352316e-01
1.94736449688217211e-01
1.98148088298108788e-01
2.02176274254575267e-01
2.05530470832779616e-01
2.09663155448841260e-01
2.12117866296094332e-01
2.15034584988642780e-01
2.14955418501317191e-01
2.14509773561565281e-01
2.09598109520050896e-01
2.03145610388456660e-01
1.90998997372805790e-01
1.76244178659501122e-01
1.55511753593677027e-01
1.31963021817286363e-01
1.03946489089164013e-01
7.43925040706843732e-02
4.38346704675746934e-02
1.39401235913427807e-02
1.77628437781342068e-02
4.88982653829082847e-02
7.53789404566161669e-02
9.63961593608769624e-02
1.14476250037878508e-01
1.27933981941257630e-01
1.40111878763438585e-01
1.48495390065508159e-01
1.56834426692803675e-01
1.62034957610481117e-01
1.67936348355893883e-01
1.71211276307370819e-01
1.75539465052753668e-01
1.77710052735525925e-01
1.81037530063369478e-01
1.82729554222828050e-01
1.85547734793914121e-01
1.87357245064076583e-01
1.90175487427656109e-01
1.92698519340497365e-01
1.95996084184231145e-01
1.99699253200028626e-01
2.03733570134890296e-01
2.08700854496465915e-01
2.13315197088960351e-01
2.19042787029033598e-01
2.23319441530248547e-01
2.28320128117163595e-01
2.30353329166866350e-01
2.32095573203295408e-01
2.29088929574361888e-01
2.24306151283014121e-01
2.13133392076189060e-01
1.98709034666799733e-01
1.77190392010702635e-01
1.51857022501553890e-01
1.20779036844897047e-01
8.71701510449935379e-02
5.17022906708649241e-02
1.64565230805422472e-02
1.96258423155641383e-02
5.37385551183345647e-02
8.26042413514647272e-02
1.05213501759065603e-01
1.24534926919942140e-01
1.38552055537293134e-01
1.51148254740687438e-01
1.59379926422532792e-01
1.67584849596042723e-01
1.72176785895768486e-01
1.77591257399503905e-01
1.79983945566610126e-01
1.83616108397700178e-01
1.84768803433300960e-01
1.87310869633490529e-01
1.87980733737855565e-01
1.90056674043682317e-01
1.91003903293639449e-01
1.93298993227081856e-01
1.95337780797970123e-01
1.98550818603484669e-01
2.02390045968318388e-01
2.06981161809289910e-01
2.12877201595411625e-01
2.18787174277560670e-01
2.26276767847573168e-01
2.32548811035436148e-01
2.39994630356702293e-01
2.44467556481806514e-01
2.48943032986773199e-01
2.48308642945278851e-01
2.45872686141533014e-01
2.36206711465835356e-01
2.22784000594441089e-01
2.00897606423208419e-01
1.74190968349649866e-01
1.40087769992303574e-01
1.02305502404534357e-01
6.13996653414334431e-02
1.99226603550691390e-02
2.13093035488787219e-02
5.83789856892430181e-02
8.95780299907390776e-02
1.13893554713162426e-01
1.34396085421129297e-01
1.49112440541941921e-01
1.62033691643569955e-01
1.70251581300251642e-01
1.78192944566793965e-01
1.82291221986252638e-01
1.87051489486571521e-01
1.88632409429695114e-01
1.91359988753219079e-01
1.91498659008297906e-01
1.93000663127757821e-01
1.92565862592406961e-01
1.93598693239360992e-01
1.93508556905138240e-01
1.94952710126772261e-01
1.96266103115439128e-01
1.99095040006525975e-01
2.02832392581277304e-01
2.07797635030755629e-01
2.14472327087191383e-01
2.21663554757260239e-01
2.30908029643625640e-01
2.39357036656814265e-01
2.49403368482804200e-01
2.56689828407614118e-01
2.64218440480581351e-01
2.66496568299441794e-01
2.66863844705204856e-01
2.59332204023516311e-01
2.47390989873991385e-01
2.25653683084163975e-01
1.97818408289795189e-01
1.60770455990596806e-01
1.18513546169947734e-01
7.16396173958844945e-02
2.32973333041669659e-02
2.31747715272338853e-02
6.31825460050212395e-02
9.67589529959886757e-02
1.22598704339357961e-01
1.44331028613889328e-01
1.59496622635370178e-01
1.72796536791882116e-01
1.80717886730183463e-01
1.88452045577863631e-01
1.91770093923012752e-01
1.95928826763137498e-01
1.96418843511624364e-01
1.98274032091472097e-01
1.97118804394608771e-01
1.97565316751432324e-01
1.95723814721438211e-01
1.95620402862418330e-01
1.94151109185925430e-01
1.94561151809580168e-01
1.94786131791807648e-01
1.96995723255077471e-01
2.00330150395586187e-01
2.05479485558406422e-01
2.12805977946713493e-01
2.21205595996995602e-01
2.32300994208675948e-01
2.43020918095046584e-01
2.56006520065439447e-01
2.66391190384284937e-01
2.77557877932694319e-01
2.83237774083549498e-01
2.87220076758671339e-01
2.82481519488916089e-01
2.72948569610550251e-01
2.52011698993135302e-01
2.23784102181651207e-01
1.84053856174713121e-01
1.37406822058653677e-01
8.40447149808505739e-02
2.78288065817379991e-02
2.47502228183783222e-02
6.76429930621178371e-02
1.03496404753754823e-01
1.31008483379988300e-01
1.53856514873482342e-01
1.69657758669126996e-01
1.83183642702115901e-01
1.91001281661909633e-01
1.98343100387180726e-01
2.01057453273165709e-01
2.04402491925710694e-01
2.03939181247493800e-01
2.04681738374950906e-01
2.02304203836912305e-01
2.01415744960445064e-01
1.98137965633987084e-01
1.96559449210761183e-01
1.93543428924886018e-01
1.92510677591803375e-01
1.91337072962409704e-01
1.92492054021411702e-01
1.95049362927290887e-01
2.00044038979138666e-01
2.07740647131328060e-01
2.17237262460573732e-01
2.30067694609520285e-01
2.43189970897177754e-01
2.59181951709702874e-01
2.73024108364481766e-01
2.88090867553740471e-01
2.97755020753224964e-01
3.05826418266685274e-01
3.04654201051228424e-01
2.98154001501238441e-01
2.78802791464501876e-01
2.50676640590312083e-01
2.08623487286906106e-01
1.57440663566107864e-01
9.70981105258281324e-02
3.22689885170568680e-02
2.66109413803202396e-02
7.23629302632109034e-02
1.10553142572257498e-01
1.39441522804705870e-01
1.63462501029169510e-01
1.79507141693291461e-01
1.93328999657445266e-01
2.00629193489341690e-01
2.07668380986187590e-01
2.09396220807860439e-01
2.12034503729725543e-01
2.10285589644381432e-01
2.10022160594388246e-01
2.06128918876747752e-01
2.03976316812561648e-01
1.98967779808334050e-01
1.95894005956033540e-01
1.90976377538742637e-01
1.88328437725771930e-01
1.85303849053719716e-01
1.85072004258909573e-01
1.86379104104567067e-01
1.90843665333032514e-01
1.98621366737089300e-01
2.08994163090779200e-01
2.23551041891539543e-01
2.39042999974440340e-01
2.58316156427337407e-01
2.75784761426830671e-01
2.95315680528221547e-01
3.09383866532634888e-01
3.22433274420389049e-01
3.25537947136133321e-01
3.23244970371569018e-01
3.06361712057840518e-01
2.79488831954365968e-01
2.35697340741164996e-01
1.80418029744106201e-01
1.12668000644263050e-01
3.81248683193643398e-02
2.80502361236602375e-02
7.66139178103075746e-02
1.16997041483779485e-01
1.47475091101491096e-01
1.72474162906433470e-01
1.89009959109757153e-01
2.02876409256046525e-01
2.09914695607746865e-01
2.16374297350409944e-01
2.17360523795995464e-01
2.19011285588155663e-01
2.16193588484753896e-01
2.14648846636815577e-01
2.09407193381508872e-01
2.05711443919915665e-01
1.99050747003014394e-01
1.94161036676368970e-01
1.87259881160105446e-01
1.82570711926056312e-01
1.77370915739678919e-01
1.75198073963633516e-01
1.74722841941880980e-01
1.78131756836190730e-01
1.85495729672585791e-01
1.96505693816786453e-01
2.12526443973321183e-01
2.30456611358160507e-01
2.52937820408779823e-01
2.74332054623565802e-01
2.98433152151524883e-01
3.17452760796505806e-01
3.35852528491297708e-01
3.44082954066076141e-01
3.46680727529043442e-01
3.33315977919020734e-01
3.08456693429114026e-01
2.63670717701247947e-01
2.04413863677463309e-01
1.28905153510459752e-01
4.38434093719065332e-02
2.99738201705060520e-02
8.13599224880591776e-02
1.24052943580776773e-01
1.55642729817660891e-01
1.81688468656688529e-01
1.98088782956423515e-01
2.12081090988405108e-01
2.18238782930767594e-01
2.24241645749605756e-01
2.23964214680558049e-01
2.24797145663614639e-01
2.20513502445215698e-01
2.17890159557067087e-01
2.11014531242425613e-01
2.05978140695742690e-01
1.97441166362763793e-01
1.90871876235348514e-01
1.81724544060192922e-01
1.74942384586645627e-01
1.67117564661769386e-01
1.62631638682059765e-01
1.59699200514304557e-01
1.61465716643487217e-01
1.67865203822684078e-01
1.79075134808584419e-01
1.96420975601476477e-01
2.16595220429302460e-01
2.42467421432697977e-01
2.67751215539578369e-01
2.96883391054325319e-01
3.21062446397489265e-01
3.45675108238323925e-01
3.59649825354926955e-01
3.68504979653931863e-01
3.59706881697002268e-01
3.38504502773030291e-01
2.93716256216486948e-01
2.31484693918913270e-01
1.48008678852089098e-01
5.13095749974796234e-02
3.13121186675514446e-02
8.55489554792371737e-02
1.30373721798721975e-01
1.63404369308312258e-01
1.90175857580962726e-01
2.06771878772169487e-01
2.20479420949922789e-01
2.26084781215154823e-01
2.31210470447968497e-01
2.29986390432308008e-01
2.29619431369190163e-01
2.24169586518988662e-01
2.20149870074261345e-01
2.11919440071815152e-01
2.05292677350264408e-01
1.95118928460764757e-01
1.86649436161318710e-01
1.75375315067252513e-01
1.66190998766416631e-01
1.55542768814855681e-01
1.48146026406742626e-01
1.42045290550214448e-01
1.41345771629208389e-01
1.45947514825694180e-01
1.56978233558962177e-01
1.75261468605750620e-01
1.97735012680880534e-01
2.26770035662286595e-01
2.56141518096578147e-01
2.90122605792266619e-01
3.19854874530162203e-01
3.50758155242687553e-01
3.71273007255411180e-01
3.86953353587376314e-01
3.83979917793833003e-01
3.67413056926928216e-01
3.23850331133167912e-01
2.59150019032220014e-01
1.67646076990880077e-01
5.85072490848204743e-02
3.35047064363047861e-02
9.07034782460915540e-02
1.37900195817787091e-01
1.71571859025920564e-01
1.99145873512046850e-01
2.14919421311523223e-01
2.28424477306859858e-01
2.32548560948891342e-01
2.36951860122282254e-01
2.34071069722457614e-01
2.32743720701639428e-01
2.25659158659808123e-01
2.20557650800244615e-01
2.10724154075945441e-01
2.02877040888512078e-01
1.90991005222627019e-01
1.81005734870373997e-01
1.67602933199256732e-01
1.56274917472325414e-01
1.42607582931104121e-01
1.32066349147251627e-01
1.21946469201100680e-01
1.17803434201183499e-01
1.19484839205602142e-01
1.29637785774678022e-01
1.48682475655900787e-01
1.73177525689053258e-01
2.05516701047915029e-01
2.38635447896339420e-01
2.77706019143440841e-01
3.12762417386203362e-01
3.50611420450874900e-01
3.77938623970532517e-01
4.01874700796246598e-01
4.05774315428106491e-01
3.96028715020082356e-01
3.55144534526271261e-01
2.89837376689085713e-01
1.90489049253103587e-01
6.79065778183974844e-02
3.48898110486282678e-02
9.52787637609357613e-02
1.44644844359099051e-01
1.79480167715164146e-01
2.07327487538410071e-01
2.22727099073491169e-01
2.35363843542129886e-01
2.38421715346931878e-01
2.41466884697308815e-01
2.37318920481330964e-01
2.34511059054318571e-01
2.26170191876518517e-01
2.19627472633750681e-01
2.08586653329140698e-01
1.99346611030843529e-01
1.86195818155422271e-01
1.74696653763501047e-01
1.59648491630556333e-01
1.46259361572153856e-01
1.29877538130787451e-01
1.15927139206441404e-01
1.01103011335920395e-01
9.21024546090893903e-02
8.91311000669463976e-02
9.75970428048862915e-02
1.17153660909846719e-01
1.43987850093891118e-01
1.79361652307005154e-01
2.16254790562686594e-01
2.59726387369368150e-01
3.00120092700349339e-01
3.44373299142136380e-01
3.79021148609088476e-01
4.11341244030148101e-01
4.23434382668744058e-01
4.21544132729552601e-01
3.85132845249032241e-01
3.20241664335444154e-01
2.13494266723934262e-01
7.67638070517881604e-02
3.78267061934851045e-02
1.01687858246623603e-01
1.53680957752011044e-01
1.88248037364271176e-01
2.16427463879364457e-01
2.29775894500718808e-01
2.41610014882343210e-01
2.42228354747388019e-01
2.44105383693321465e-01
2.37760809458439137e-01
2.33797621377962311e-01
2.23690119609147531e-01
2.16160749157434606e-01
2.03778948085646450e-01
1.93732866858031677e-01
1.79524961950438988e-01
1.67270103475346460e-01
1.51125770774101137e-01
1.36604814200832952e-01
1.18277510558436272e-01
1.01671429574599806e-01
8.20809374496421079e-02
6.66790741657178887e-02
5.56647117724909379e-02
6.04598415636971309e-02
8.11090154335177838e-02
1.10457348951325196e-01
1.49115110388011118e-01
1.88844618516416290e-01
2.36403840967254281e-01
2.80997289166507791e-01
3.31707413312768484e-01
3.73114268797273718e-01
4.15031260374853550e-01
4.36012945122707885e-01
4.44700713151322868e-01
4.14657833617570915e-01
3.53363323712083732e-01
2.40045440288202405e-01
8.85302632146279800e-02
3.96255404201278916e-02
1.07602966277646261e-01
1.61989680703596012e-01
1.97117710250360123e-01
2.24726357255072368e-01
2.36644819878409574e-01
2.46593892913945234e-01
2.45296382800338053e-01
2.45059958302796865e-01
2.36982820481439760e-01
2.31193059390236128e-01
2.19788537463349282e-01
2.10940123652521544e-01
1.97775301192237046e-01
1.86996081293930111e-01
1.72519408708584593e-01
1.60021322861702009e-01
1.43945466792861770e-01
1.29368260265650625e-01
1.10911148848519492e-01
9.34711443793756203e-02
7.16022799852933239e-02
5.06494618775569921e-02
2.61076723118404824e-02
1.86843048842415538e-02
4.45630784930846208e-02
7.76991732748561620e-02
1.18733897057192173e-01
1.60117127504383810e-01
2.09686399245286731e-01
2.57337640037494653e-01
3.12647881097466662e-01
3.60491198502608245e-01
4.11044200444935615e-01
4.41954706539624265e-01
4.61913305204614599e-01
4.40636141154698457e-01
3.84605535157207634e-01
2.66021574631942093e-01
9.92768323155832633e-02
4.43827078131194819e-02
1.16892513215201291e-01
1.74437572768910587e-01
2.07343291267138297e-01
2.34324059616819874e-01
2.42040714031092064e-01
2.50132950578434876e-01
2.44979919504708932e-01
2.42888593056032664e-01
2.31992912364448578e-01
2.24864987481358525e-01
2.11780359505636839e-01
2.02355894608280101e-01
1.88688478038276902e-01
1.78209902265907189e-01
1.64370000968716123e-01
1.53127101757020295e-01
1.38835998295858659e-01
1.26425339907178219e-01
1.10822600798699711e-01
9.63780622651827651e-02
7.84887175099669987e-02
6.13023617608664043e-02
4.19398304988863185e-02
2.83181168491872838e-02
3.65112633824369315e-02
6.03851130061821076e-02
9.70440302120664650e-02
1.34664002562229185e-01
1.82962713505850583e-01
2.29891519603410088e-01
2.87946580607614466e-01
3.39645108898592563e-01
3.99086814330670225e-01
4.39453720423489347e-01
4.73717807785417166e-01
4.63325176806764882e-01
4.17824088295526364e-01
2.95892254458438142e-01
1.14289533220284775e-01
4.74936856034235549e-02
1.25933402631232177e-01
1.86264092603072029e-01
2.18239270460342111e-01
2.42934126114592780e-01
2.47343447824123708e-01
2.51790617631801494e-01
2.43457148616292862e-01
2.38184760556412661e-01
2.25064601452239360e-01
2.15948261802319186e-01
2.01944014145675865e-01
1.92062491239472083e-01
1.78993874978308543e-01
1.69835078275620388e-01
1.58383800681810100e-01
1.50202354706568730e-01
1.40060311709250762e-01
1.32344915506537875e-01
1.22774960663459928e-01
1.14687750887211740e-01
1.05077838747766633e-01
9.62494539974354246e-02
8.75595344272897397e-02
8.04486299607382188e-02
7.93730753889320961e-02
8.38964046191803398e-02
1.02520141103290219e-01
1.26322775376752572e-01
1.64941231004807370e-01
2.05404177840802782e-01
2.60817175258430956e-01
3.13404683160706576e-01
3.78038748193118779e-01
4.27609652866698497e-01
4.75530137142360254e-01
4.78845002352657700e-01
4.46179724127519661e-01
3.23779991966299363e-01
1.27626758201573848e-01
5.67773968908034457e-02
1.40914515546074565e-01
2.04947523755064226e-01
2.30191241924149109e-01
2.52148023933329746e-01
2.48785086770849151e-01
2.49629145894470245e-01
2.35696016429030014e-01
2.27802718026928475e-01
2.11698642258702607e-01
2.01724764559859188e-01
1.87360302853540023e-01
1.78906519773381095e-01
1.68425623192218210e-01
1.63050665299590919e-01
1.56693868143340714e-01
1.54222231447941532e-01
1.51071746745224805e-01
1.50295873349055115e-01
1.48768370706826580e-01
1.48072492209722184e-01
1.46619325637364267e-01
1.44698420676071859e-01
1.42543314272481791e-01
1.39208289288209441e-01
1.37570994033835853e-01
1.35437799552675403e-01
1.40054982339557071e-01
1.46740675830291267e-01
1.67699911878653157e-01
1.92439363862920293e-01
2.37006540002007354e-01
2.82494936716537470e-01
3.49060276830806371e-01
4.03853074286756042e-01
4.67521626271465096e-01
4.85924356456876816e-01
4.74558791325378093e-01
3.55618354364653555e-01
1.48456845768207890e-01
6.37684717981750748e-02
1.56021461099245778e-01
2.22551140012194115e-01
2.43076958382219460e-01
2.58909314440781413e-01
2.49168288974758456e-01
2.43522513258384865e-01
2.25053161207102254e-01
2.13346866635519161e-01
1.95641232391040004e-01
1.85649716579349838e-01
1.73604907697795602e-01
1.69357718224017739e-01
1.64713192212275900e-01
1.66428928942241566e-01
1.68001141636821477e-01
1.73608696604985152e-01
1.78707373378671042e-01
1.85495804584577345e-01
1.91464187468995795e-01
1.97170854957636393e-01
2.02012679516301807e-01
2.05006448844974903e-01
2.07438500604732123e-01
2.06726076777375950e-01
2.06404796698709508e-01
2.02118204895543940e-01
2.00816253192782984e-01
1.96049472762242494e-01
2.00458423323007839e-01
2.05003205858563381e-01
2.29718397374151173e-01
2.58464359849239322e-01
3.15482562075312056e-01
3.70062097659279887e-01
4.44472361306699870e-01
4.79872134234606396e-01
4.91731405668258181e-01
3.82270996432943655e-01
1.67069905076998898e-01
8.54521713302534153e-02
1.80252727542100005e-01
2.48792442651142282e-01
2.52337983614869754e-01
2.60768381832736762e-01
2.38282812042857645e-01
2.27120374753643328e-01
2.02741362451335144e-01
1.90124071770060049e-01
1.73665135661664749e-01
1.69006019985150885e-01
1.64884578726759573e-01
1.70112923545909345e-01
1.76268346923864283e-01
1.87898077971886429e-01
1.99465371200788250e-01
2.13236373501220045e-01
2.26258830352871393e-01
2.39294930492906371e-01
2.51311381814198209e-01
2.61789838197526104e-01
2.71198925177322081e-01
2.77776924451309415e-01
2.83382462092283016e-01
2.84918930849689556e-01
2.85827687372829653e-01
2.81433673999324896e-01
2.77433004770268887e-01
2.67285874323177242e-01
2.60739500487241205e-01
2.49130973657772925e-01
2.50749938122074190e-01
2.53571396922282311e-01
2.88738339190276749e-01
3.27878586888614265e-01
4.07431353489964121e-01
4.56049039444056448e-01
5.02998658806906862e-01
4.10462901089537979e-01
2.01484595792089743e-01
1.04349641907223054e-01
2.04355274422294036e-01
2.68962942604087818e-01
2.59201585969883963e-01
2.53370045496356833e-01
2.21326173204440563e-01
2.02901088762418330e-01
1.77643760985091714e-01
1.70373677866578782e-01
1.64282945095382049e-01
1.73862675301956981e-01
1.84160315467244678e-01
2.03201335851039638e-01
2.20879546287917033e-01
2.42179964049478752e-01
2.61488276532463038e-01
2.81606394909337476e-01
2.99839179982953230e-01
3.17164249541488474e-01
3.32886766742877538e-01
3.46376958436384663e-01
3.58553571290795237e-01
3.67224578975759219e-01
3.74872235205844284e-01
3.77586800500070097e-01
3.79658512895460876e-01
3.75017205581163027e-01
3.70381782098444523e-01
3.56993995809618603e-01
3.45436882399298373e-01
3.23324604296104157e-01
3.08760660881493232e-01
2.85450562793581275e-01
2.88420897283520272e-01
2.95546515648701436e-01
3.58204741836234353e-01
4.11555462556706331e-01
4.88321963431454342e-01
4.24220410235750078e-01
2.32303546777667208e-01
1.61130497625803559e-01
2.33173330691697961e-01
2.86052635711452508e-01
2.40899470345755762e-01
2.22908343167502188e-01
1.80868651678326137e-01
1.70738469372311907e-01
1.62629616876728583e-01
1.79426324108298202e-01
1.97674704838336990e-01
2.26155738728021805e-01
2.52157528841642997e-01
2.81319180772169830e-01
3.07417035223730817e-01
3.33934561077169068e-01
3.57801492994725912e-01
3.80739428832411964e-01
4.01542136207649114e-01
4.20478713023185513e-01
4.37702058213986556e-01
4.52178451574284490e-01
4.65253374502110684e-01
4.74582818101365267e-01
4.82745406036192870e-01
4.85907953175170493e-01
4.88126621060259003e-01
4.83647485771251329e-01
4.78455659184505333e-01
4.64419019238699549e-01
4.50382114774200426e-01
4.24663920458008659e-01
4.01165615842554946e-01
3.63242627678532770e-01
3.37300963357118955e-01
3.02273907401717223e-01
3.21072752164139330e-01
3.46607998474193657e-01
4.52726655465992778e-01
4.24499617319833267e-01
2.95792954435149302e-01
2.03063799998518230e-01
2.51835259849306214e-01
2.69387169832476958e-01
2.04711026005577390e-01
1.89646398581270942e-01
1.75257291349204647e-01
2.09520065683021950e-01
2.37748296307483065e-01
2.81783834747411643e-01
3.15941822163705699e-01
3.54719547338925911e-01
3.86006914570020065e-01
4.18467086510460273e-01
4.45704251050051348e-01
4.72660469231330815e-01
4.95973150579514688e-01
5.18125280588360049e-01
5.37699516795690724e-01
5.55368740387146120e-01
5.71192071833953374e-01
5.84312772421475723e-01
5.96115035830614759e-01
6.04240206574211736e-01
6.11469243113084482e-01
6.13738556890445097e-01
6.15515219176941408e-01
6.10521395755377450e-01
6.05577102358859642e-01
5.91322824309920447e-01
5.78044165307619262e-01
5.51406839039523478e-01
5.27447248571529692e-01
4.83358893895163622e-01
4.46623393827828841e-01
3.80895132570761907e-01
3.47055808479982186e-01
3.00026475998721232e-01
3.76144629203146064e-01
3.81999147721473420e-01
3.29698912021054003e-01
3.18307533358741512e-01
2.06828785331992088e-01
2.34200495479548104e-01
2.20746051547909550e-01
2.89357359212264353e-01
3.39467548396000296e-01
4.00640553779900654e-01
4.45023952122199584e-01
4.90623940032812067e-01
5.25294480499174488e-01
5.59609921408583788e-01
5.86949013210372739e-01
6.13539848211149930e-01
6.35572474846139657e-01
6.56596828726804693e-01
6.74566317178942554e-01
6.91213293589522104e-01
7.05780771899264470e-01
7.18607818804610110e-01
7.30023078568318606e-01
7.39140236182948884e-01
7.47337894877994291e-01
7.52491404878936732e-01
7.57132762951130522e-01
7.57721312239562739e-01
7.58186220440844494e-01
7.53193607337712567e-01
7.48689259189114886e-01
7.36650472389393518e-01
7.25901530824592744e-01
7.04224929460207982e-01
6.84923163234579357e-01
6.48519650660113522e-01
6.15972764922855354e-01
5.54329189850513160e-01
5.01288811448210803e-01
4.01261690537222937e-01
3.69042348837226475e-01
3.00935830321725106e-01
4.00477684635560882e-01
2.88193772596637865e-01
3.18660380144136668e-01
5.30698094219295147e-01
6.02416861043166718e-01
6.90632285535808910e-01
7.29752933457430197e-01
7.71072815148709734e-01
7.92870331843703147e-01
8.16076432609491254e-01
8.30229925085883558e-01
8.45452595766997161e-01
8.55831782159958587e-01
8.66827732679827268e-01
8.74966263877256067e-01
8.83278319423491665e-01
8.89834642555045741e-01
8.96150427327003452e-01
9.01414383277392872e-01
9.06022093040779963e-01
9.10089940987259483e-01
9.13041161428129744e-01
9.15881825495241553e-01
9.17050408553599761e-01
9.18534967965034976e-01
9.17629827895778738e-01
9.17565881932159821e-01
9.14191679009102365e-01
9.12397828505905562e-01
9.05833378003473522e-01
9.01940664260259650e-01
8.90821125008405934e-01
8.84121423128877759e-01
8.65295601794846991e-01
8.53658298176115937e-01
8.17629029213701508e-01
7.92626502804126054e-01
7.04961933335383040e-01
6.38379363439186887e-01
3.89947732494770105e-01
3.13315748311496889e-01
