Internal ctest changing into directory: /mnt/c/Users/Hasib/Desktop/CFDAPP/CFDApp/build/cuda
Test project /mnt/c/Users/Hasib/Desktop/CFDAPP/CFDApp/build/cuda
          Start 1893: CompressibleCoupledProductionCaseTest.RepeatedRunIsDeterministic
          Start 1861: NaturalConvectionValidation.GridConvergence
          Start 1837: PoiseuilleValidation.ProductionGridConvergence
          Start 1911: GradedMeshProductionCase.GradedGridConvergence
   1/2043 Test #1911: GradedMeshProductionCase.GradedGridConvergence ...........................................................   Passed   56.66 sec
          Start 1858: NaturalConvectionValidation.Grid10x10ConstantPropertyModelsMatchDeVahlDavisRa1e3
   2/2043 Test #1837: PoiseuilleValidation.ProductionGridConvergence ...........................................................   Passed   63.69 sec
          Start 1857: NaturalConvectionValidation.Grid10x10MatchesDeVahlDavisRa1e3
   3/2043 Test #1861: NaturalConvectionValidation.GridConvergence ..............................................................   Passed   75.09 sec
          Start 2030: SIMPLEMMS.DistortedMesh
   4/2043 Test #1893: CompressibleCoupledProductionCaseTest.RepeatedRunIsDeterministic .........................................   Passed   78.92 sec
          Start 1913: GradedMeshProductionCase.GradedVertexGridOnNonOrthogonalStructuredQuad
   5/2043 Test #1858: NaturalConvectionValidation.Grid10x10ConstantPropertyModelsMatchDeVahlDavisRa1e3 .........................   Passed   54.55 sec
          Start 1891: CompressibleCoupledProductionCaseTest.MatchesArkilicIsothermalLubricationPressureProfile
   6/2043 Test #1857: NaturalConvectionValidation.Grid10x10MatchesDeVahlDavisRa1e3 .............................................   Passed   55.60 sec
          Start 1892: CompressibleCoupledProductionCaseTest.ExportsCoupledCompressibleFields
   7/2043 Test #1913: GradedMeshProductionCase.GradedVertexGridOnNonOrthogonalStructuredQuad ...................................   Passed   47.28 sec
          Start 1890: CompressibleCoupledProductionCaseTest.MassFlowRateIsConservedAtEveryInternalCrossSection
   8/2043 Test #2030: SIMPLEMMS.DistortedMesh ..................................................................................   Passed   62.11 sec
          Start 1889: CompressibleCoupledProductionCaseTest.DispatchesToCompressibleSimpleAndConverges
   9/2043 Test #1891: CompressibleCoupledProductionCaseTest.MatchesArkilicIsothermalLubricationPressureProfile .................   Passed   42.18 sec
          Start 1908: StructuredQuadProductionCase.SstChannelMatchesCartesianOnTiltedMesh
  10/2043 Test #1892: CompressibleCoupledProductionCaseTest.ExportsCoupledCompressibleFields ...................................   Passed   41.21 sec
          Start 1919: MultiBlockProductionCase.ObstacleChannelInternalSolid
  11/2043 Test #1890: CompressibleCoupledProductionCaseTest.MassFlowRateIsConservedAtEveryInternalCrossSection .................   Passed   40.42 sec
          Start 1910: GradedMeshProductionCase.GradedMeshBeatsUniformAtEqualCellCount
  12/2043 Test #1889: CompressibleCoupledProductionCaseTest.DispatchesToCompressibleSimpleAndConverges .........................   Passed   40.66 sec
          Start 1909: GradedMeshProductionCase.CommittedCaseRunsConservesAndExportsGradedGeometry
  13/2043 Test #1908: StructuredQuadProductionCase.SstChannelMatchesCartesianOnTiltedMesh ......................................   Passed   32.55 sec
          Start 1825: SchemeValidation.AccuracyCostComparison
  14/2043 Test #1919: MultiBlockProductionCase.ObstacleChannelInternalSolid ....................................................   Passed   33.15 sec
          Start 2025: SIMPLEMMS.VelocityConvergesAtExpectedOrder
  15/2043 Test #1910: GradedMeshProductionCase.GradedMeshBeatsUniformAtEqualCellCount ..........................................   Passed   29.17 sec
          Start 2026: SIMPLEMMS.PressureConvergesAtExpectedOrder
  16/2043 Test #1909: GradedMeshProductionCase.CommittedCaseRunsConservesAndExportsGradedGeometry ..............................   Passed   28.70 sec
          Start 1912: GradedMeshProductionCase.XAndYGradingTogether
  17/2043 Test #1825: SchemeValidation.AccuracyCostComparison ..................................................................   Passed   28.30 sec
          Start 1832: PoiseuilleValidation.GridConvergence
  18/2043 Test #2025: SIMPLEMMS.VelocityConvergesAtExpectedOrder ...............................................................   Passed   29.42 sec
          Start 1652: SIMPLEGpuSolverTest.GpuBackendReproducesCpuCavitySolutionWithinTolerance
  19/2043 Test #2026: SIMPLEMMS.PressureConvergesAtExpectedOrder ...............................................................   Passed   29.13 sec
          Start 1653: SIMPLEGpuSolverTest.GpuBackendSatisfiesTheSameConvergenceCriteria
  20/2043 Test #1912: GradedMeshProductionCase.XAndYGradingTogether ............................................................   Passed   27.96 sec
          Start 1859: NaturalConvectionValidation.Grid15x15MatchesDeVahlDavisRa1e3
  21/2043 Test #1832: PoiseuilleValidation.GridConvergence .....................................................................   Passed   29.17 sec
          Start 1693: SIMPLE3D.RhieChowRemovesACheckerboardPressure
  22/2043 Test #1652: SIMPLEGpuSolverTest.GpuBackendReproducesCpuCavitySolutionWithinTolerance .................................   Passed   22.40 sec
          Start 2027: SIMPLEMMS.ContinuityConverges
  23/2043 Test #1653: SIMPLEGpuSolverTest.GpuBackendSatisfiesTheSameConvergenceCriteria ........................................   Passed   22.22 sec
          Start 1979: ChannelFlowValidation.AllFourModelsProduceDistinctMuTAndNames
  24/2043 Test #1859: NaturalConvectionValidation.Grid15x15MatchesDeVahlDavisRa1e3 .............................................   Passed   23.81 sec
          Start 1906: StructuredQuadProductionCase.CompressibleSimpleMatchesLubricationSolutionOnDistortedMesh
  25/2043 Test #1979: ChannelFlowValidation.AllFourModelsProduceDistinctMuTAndNames ............................................   Passed   17.37 sec
          Start 2032: CompressibleSimpleMMS.SystemConvergence
  26/2043 Test #2027: SIMPLEMMS.ContinuityConverges ............................................................................   Passed   20.05 sec
          Start 1811: CavityGhiaValidation.Grid20x20IsDeterministic
  27/2043 Test #1693: SIMPLE3D.RhieChowRemovesACheckerboardPressure ............................................................   Passed   22.10 sec
          Start 2028: SIMPLEMMS.GlobalMassBalance
  28/2043 Test #1906: StructuredQuadProductionCase.CompressibleSimpleMatchesLubricationSolutionOnDistortedMesh .................   Passed   16.81 sec
          Start 1864: NaturalConvectionValidation.RepeatedCoupledSolveIsBitIdentical
  29/2043 Test #2028: SIMPLEMMS.GlobalMassBalance ..............................................................................   Passed   13.47 sec
          Start 1978: ChannelFlowValidation.LaminarControlDiffersSubstantiallyFromKEpsilon
  30/2043 Test #1811: CavityGhiaValidation.Grid20x20IsDeterministic ............................................................   Passed   13.48 sec
          Start 1975: ChannelFlowValidation.SSTMediumConvergesAndMatchesLogLaw
  31/2043 Test #2032: CompressibleSimpleMMS.SystemConvergence ..................................................................   Passed   15.94 sec
          Start 1981: ChannelFlowValidation.SSTIsDeterministic
  32/2043 Test #1864: NaturalConvectionValidation.RepeatedCoupledSolveIsBitIdentical ...........................................   Passed   11.93 sec
          Start 1916: MultiBlockProductionCase.CurvedChannelGridConvergence
  33/2043 Test #1975: ChannelFlowValidation.SSTMediumConvergesAndMatchesLogLaw .................................................   Passed   11.09 sec
          Start 1902: StructuredQuadProductionCase.DistortedPoiseuilleGridConvergence
  34/2043 Test #1978: ChannelFlowValidation.LaminarControlDiffersSubstantiallyFromKEpsilon .....................................   Passed   11.44 sec
          Start 1982: TurbulentChannelValidation.ReTau180
  35/2043 Test #1981: ChannelFlowValidation.SSTIsDeterministic .................................................................   Passed   11.89 sec
          Start 1983: TurbulentChannelValidation.LogLaw
  36/2043 Test #1916: MultiBlockProductionCase.CurvedChannelGridConvergence ....................................................   Passed   11.38 sec
          Start 1924: MeshQualityCampaign.ProductionPathManufacturedSolutionSmoke
  37/2043 Test #1902: StructuredQuadProductionCase.DistortedPoiseuilleGridConvergence ..........................................   Passed   10.93 sec
          Start 1918: MultiBlockProductionCase.StepChannelRegression
  38/2043 Test #1982: TurbulentChannelValidation.ReTau180 ......................................................................   Passed   10.61 sec
          Start 1828: TransientCavityTest.LongTimeTransientApproachesValidatedSteadySimple
  39/2043 Test #1983: TurbulentChannelValidation.LogLaw ........................................................................   Passed   11.04 sec
          Start 1823: SchemeValidation.LinearUpwind
  40/2043 Test #1924: MeshQualityCampaign.ProductionPathManufacturedSolutionSmoke ..............................................   Passed   10.78 sec
          Start 1824: SchemeValidation.Quick
  41/2043 Test #1828: TransientCavityTest.LongTimeTransientApproachesValidatedSteadySimple .....................................   Passed    8.16 sec
          Start 1664: SIMPLENonOrthogonalTest.CorrectedSolveIsCloserToExactCouetteFlowOnDistortedMesh
  42/2043 Test #1918: MultiBlockProductionCase.StepChannelRegression ...........................................................   Passed    9.63 sec
          Start 1812: CavityGhiaValidation.Re100Grid20
  43/2043 Test #1823: SchemeValidation.LinearUpwind ............................................................................   Passed    7.63 sec
          Start 1822: SchemeValidation.Central
  44/2043 Test #1824: SchemeValidation.Quick ...................................................................................   Passed    7.66 sec
          Start 1807: CavityGhiaValidation.Grid20x20ConvergesAndMatchesGhia
  45/2043 Test #1664: SIMPLENonOrthogonalTest.CorrectedSolveIsCloserToExactCouetteFlowOnDistortedMesh ..........................   Passed    7.65 sec
          Start 1660: SIMPLENonOrthogonalTest.DistortedMeshStrong
  46/2043 Test #1812: CavityGhiaValidation.Re100Grid20 .........................................................................   Passed    7.72 sec
          Start 1615: SIMPLEConvergenceTest.CavityRe100_20x20Converges
  47/2043 Test #1822: SchemeValidation.Central .................................................................................   Passed    7.42 sec
          Start 1821: SchemeValidation.Upwind
  48/2043 Test #1807: CavityGhiaValidation.Grid20x20ConvergesAndMatchesGhia ....................................................   Passed    7.50 sec
          Start 2022: MomentumMMS.DistortedMesh
  49/2043 Test #1660: SIMPLENonOrthogonalTest.DistortedMeshStrong ..............................................................   Passed    7.50 sec
          Start 1972: ChannelFlowValidation.KOmegaMediumConvergesAndMatchesLogLaw
  50/2043 Test #1821: SchemeValidation.Upwind ..................................................................................   Passed    7.36 sec
          Start 1934: Duct3DProductionCase.CommittedDuctRunsConservesAndExports
  51/2043 Test #1615: SIMPLEConvergenceTest.CavityRe100_20x20Converges .........................................................   Passed    7.37 sec
          Start 1833: PoiseuilleValidation.Grid64x8IsDeterministic
  52/2043 Test #1972: ChannelFlowValidation.KOmegaMediumConvergesAndMatchesLogLaw ..............................................   Passed    6.76 sec
          Start 1862: NaturalConvectionValidation.HotFluidRisesNearHotWallColdFluidSinksNearColdWall
  53/2043 Test #2022: MomentumMMS.DistortedMesh ................................................................................   Passed    6.92 sec
          Start 1941: LidDrivenCube3DProductionCase.CommittedLightCubeRunsAndIsMeasured
  54/2043 Test #1934: Duct3DProductionCase.CommittedDuctRunsConservesAndExports ................................................   Passed    6.81 sec
          Start 2024: SIMPLEMMS.ConvergesFromNonExactInitialCondition
  55/2043 Test #1833: PoiseuilleValidation.Grid64x8IsDeterministic .............................................................   Passed    6.81 sec
          Start 1974: ChannelFlowValidation.SSTCoarseConvergesAndMatchesLogLaw
  56/2043 Test #1941: LidDrivenCube3DProductionCase.CommittedLightCubeRunsAndIsMeasured ........................................   Passed    5.03 sec
          Start 2015: LowMachRegressionTest.GridRefinementKeepsAllMetricsSmall
  57/2043 Test #1862: NaturalConvectionValidation.HotFluidRisesNearHotWallColdFluidSinksNearColdWall ...........................   Passed    6.42 sec
          Start 2019: MomentumMMS.UConverges
  58/2043 Test #2024: SIMPLEMMS.ConvergesFromNonExactInitialCondition ..........................................................   Passed    5.05 sec
          Start 2020: MomentumMMS.VConverges
  59/2043 Test #1974: ChannelFlowValidation.SSTCoarseConvergesAndMatchesLogLaw .................................................   Passed    5.35 sec
          Start 1907: StructuredQuadProductionCase.KEpsilonChannelMatchesCartesianOnTiltedMesh
  60/2043 Test #2015: LowMachRegressionTest.GridRefinementKeepsAllMetricsSmall .................................................   Passed    5.41 sec
          Start 1836: PoiseuilleValidation.PressureDrop
  61/2043 Test #1907: StructuredQuadProductionCase.KEpsilonChannelMatchesCartesianOnTiltedMesh .................................   Passed    4.12 sec
          Start 1834: PoiseuilleValidation.Profile
  62/2043 Test #2019: MomentumMMS.UConverges ...................................................................................   Passed    5.00 sec
          Start 1980: ChannelFlowValidation.KEpsilonIsDeterministic
  63/2043 Test #2020: MomentumMMS.VConverges ...................................................................................   Passed    5.03 sec
          Start 1971: ChannelFlowValidation.KOmegaCoarseConvergesAndMatchesLogLaw
  64/2043 Test #1836: PoiseuilleValidation.PressureDrop ........................................................................   Passed    4.76 sec
          Start 1835: PoiseuilleValidation.MassFlow
  65/2043 Test #1834: PoiseuilleValidation.Profile .............................................................................   Passed    4.48 sec
          Start 1839: TransientPoiseuilleTest.LongTimeTransientApproachesValidatedSteadySimple
  66/2043 Test #1971: ChannelFlowValidation.KOmegaCoarseConvergesAndMatchesLogLaw ..............................................   Passed    4.16 sec
          Start 1969: ChannelFlowValidation.KEpsilonMediumConvergesAndMatchesLogLaw
  67/2043 Test #1980: ChannelFlowValidation.KEpsilonIsDeterministic ............................................................   Passed    4.32 sec
          Start 2016: LowMachRegressionTest.RepeatedRunIsDeterministic
  68/2043 Test #1969: ChannelFlowValidation.KEpsilonMediumConvergesAndMatchesLogLaw ............................................   Passed    4.01 sec
          Start 1888: CompressibleProductionCaseTest.RepeatedRunsAreDeterministic
  69/2043 Test #1835: PoiseuilleValidation.MassFlow ............................................................................   Passed    4.29 sec
          Start 1829: PoiseuilleValidation.Grid64x8ConvergesAndMatchesAnalyticalProfile
  70/2043 Test #1839: TransientPoiseuilleTest.LongTimeTransientApproachesValidatedSteadySimple .................................   Passed    4.29 sec
          Start 1659: SIMPLENonOrthogonalTest.DistortedMeshModerate
  71/2043 Test #2016: LowMachRegressionTest.RepeatedRunIsDeterministic .........................................................   Passed    3.94 sec
          Start 1658: SIMPLENonOrthogonalTest.DistortedMeshMild
  72/2043 Test #1829: PoiseuilleValidation.Grid64x8ConvergesAndMatchesAnalyticalProfile ........................................   Passed    3.71 sec
          Start 1662: SIMPLENonOrthogonalTest.NonOrthogonalDeterministic
  73/2043 Test #1658: SIMPLENonOrthogonalTest.DistortedMeshMild ................................................................   Passed    3.70 sec
          Start 1998: SpeciesSolverCouplingTest.PassiveSpeciesDoesNotAlterVelocityOrThermalSolution
  74/2043 Test #1888: CompressibleProductionCaseTest.RepeatedRunsAreDeterministic ..............................................   Passed    3.74 sec
          Start 2037: MMSSimple3DTest.ErrorsDecreaseOnCoarseLevels
  75/2043 Test #1659: SIMPLENonOrthogonalTest.DistortedMeshModerate ............................................................   Passed    3.74 sec
          Start 1968: ChannelFlowValidation.KEpsilonCoarseConvergesAndMatchesLogLaw
  76/2043 Test #2037: MMSSimple3DTest.ErrorsDecreaseOnCoarseLevels .............................................................   Passed    2.50 sec
          Start 1915: MultiBlockProductionCase.CurvedChannelInterfacesAreTransparent
  77/2043 Test #1968: ChannelFlowValidation.KEpsilonCoarseConvergesAndMatchesLogLaw ............................................   Passed    2.49 sec
          Start 1914: MultiBlockProductionCase.CurvedChannelCommittedCaseGate
  78/2043 Test #1998: SpeciesSolverCouplingTest.PassiveSpeciesDoesNotAlterVelocityOrThermalSolution ............................   Passed    2.66 sec
          Start 2010: LowMachRegressionTest.MachNumberStaysWellBelowPointOne
  79/2043 Test #1662: SIMPLENonOrthogonalTest.NonOrthogonalDeterministic .......................................................   Passed    2.97 sec
          Start 2014: LowMachRegressionTest.GlobalMassImbalanceIsSmall
  80/2043 Test #1914: MultiBlockProductionCase.CurvedChannelCommittedCaseGate ..................................................   Passed    1.82 sec
          Start 1676: SIMPLERobustnessTest.StagnationStatus
  81/2043 Test #1915: MultiBlockProductionCase.CurvedChannelInterfacesAreTransparent ...........................................   Passed    1.84 sec
          Start 2013: LowMachRegressionTest.CompressibleMassFluxApproachesTheIncompressibleLimit
  82/2043 Test #2010: LowMachRegressionTest.MachNumberStaysWellBelowPointOne ...................................................   Passed    1.70 sec
          Start 2011: LowMachRegressionTest.DensityVariationIsSmallRelativeToReferenceDensity
  83/2043 Test #2014: LowMachRegressionTest.GlobalMassImbalanceIsSmall .........................................................   Passed    1.74 sec
          Start 1894: CompressibleCoupledProductionCaseTest.NonCoupledCaseStillUsesPostHocPathUnchanged
  84/2043 Test #2011: LowMachRegressionTest.DensityVariationIsSmallRelativeToReferenceDensity ..................................   Passed    2.27 sec
          Start 2012: LowMachRegressionTest.EosConsistencyErrorIsAtFloatingPointTolerance
  85/2043 Test #1676: SIMPLERobustnessTest.StagnationStatus ....................................................................   Passed    2.31 sec
          Start 1883: CompressibleProductionCaseTest.ContinuityImbalanceIsSmall
  86/2043 Test #2013: LowMachRegressionTest.CompressibleMassFluxApproachesTheIncompressibleLimit ...............................   Passed    2.30 sec
          Start 1882: CompressibleProductionCaseTest.MachNumberStaysWellBelowPointOneAndEosIsConsistent
  87/2043 Test #1894: CompressibleCoupledProductionCaseTest.NonCoupledCaseStillUsesPostHocPathUnchanged ........................   Passed    1.95 sec
          Start 1884: CompressibleProductionCaseTest.OutletBoundaryMassFluxUsesReferencePressureDensity
  88/2043 Test #2012: LowMachRegressionTest.EosConsistencyErrorIsAtFloatingPointTolerance ......................................   Passed    2.26 sec
          Start 1999: SpeciesSolverCouplingTest.TwoIndependentSpeciesShowNoCrossCoupling
  89/2043 Test #1883: CompressibleProductionCaseTest.ContinuityImbalanceIsSmall ................................................   Passed    2.26 sec
          Start 2017: ScalarMMS.AdvectionDiffusionConverges
  90/2043 Test #1882: CompressibleProductionCaseTest.MachNumberStaysWellBelowPointOneAndEosIsConsistent ........................   Passed    2.26 sec
          Start 1885: CompressibleProductionCaseTest.ExportsCompressibleFieldsToCsvVtkAndJson
  91/2043 Test #1884: CompressibleProductionCaseTest.OutletBoundaryMassFluxUsesReferencePressureDensity ........................   Passed    2.26 sec
          Start 1695: SIMPLE3D.NonOrthogonalCorrectionPassesAgreeWithUncorrectedOnCartesianHexahedra
  92/2043 Test #1999: SpeciesSolverCouplingTest.TwoIndependentSpeciesShowNoCrossCoupling .......................................   Passed    2.13 sec
          Start 1881: CompressibleProductionCaseTest.RunsEndToEndAndConverges
  93/2043 Test #2017: ScalarMMS.AdvectionDiffusionConverges ....................................................................   Passed    2.17 sec
          Start 1661: SIMPLENonOrthogonalTest.NonOrthogonalMassConservation
  94/2043 Test #1885: CompressibleProductionCaseTest.ExportsCompressibleFieldsToCsvVtkAndJson ..................................   Passed    2.19 sec
          Start 1997: SpeciesSolverCouplingTest.TransportsThroughAGenuineSIMPLESolvedPoiseuilleFlow
  95/2043 Test #1695: SIMPLE3D.NonOrthogonalCorrectionPassesAgreeWithUncorrectedOnCartesianHexahedra ...........................   Passed    2.21 sec
          Start 1432: VisualizationSnapshotTest.CompressibleCaseExposesThermodynamicFieldsLiveAndReloaded
  96/2043 Test #1997: SpeciesSolverCouplingTest.TransportsThroughAGenuineSIMPLESolvedPoiseuilleFlow ............................   Passed    2.13 sec
          Start 1692: SIMPLE3D.PressureReferenceDoesNotChangeVelocityOrFlux
  97/2043 Test #1881: CompressibleProductionCaseTest.RunsEndToEndAndConverges ..................................................   Passed    2.19 sec
          Start 1802: CompressibleSIMPLENonOrthogonalTest.NonOrthogonalOpenChannel
  98/2043 Test #1661: SIMPLENonOrthogonalTest.NonOrthogonalMassConservation ....................................................   Passed    2.18 sec
          Start 1657: SIMPLENonOrthogonalTest.NonOrthogonalCorrectionsZeroPreservesBaseline
  99/2043 Test #1432: VisualizationSnapshotTest.CompressibleCaseExposesThermodynamicFieldsLiveAndReloaded ......................   Passed    2.12 sec
          Start 1654: SIMPLEGpuSolverTest.RepeatedOuterIterationsReuseGpuSolverBuffersWithoutReallocating
 100/2043 Test #1654: SIMPLEGpuSolverTest.RepeatedOuterIterationsReuseGpuSolverBuffersWithoutReallocating ......................   Passed    0.53 sec
          Start 2018: ScalarMMS.DistortedMeshNonOrthogonalCorrection
 101/2043 Test #1802: CompressibleSIMPLENonOrthogonalTest.NonOrthogonalOpenChannel .............................................   Passed    1.54 sec
          Start 1696: SIMPLE3D.PlugFlowIsExactInAllSixDirections
 102/2043 Test #1657: SIMPLENonOrthogonalTest.NonOrthogonalCorrectionsZeroPreservesBaseline ....................................   Passed    1.67 sec
          Start 1827: TransientCavityTest.ImpulsiveStartReachesFiniteConservativeStateAndDevelopsRecirculation
 103/2043 Test #1692: SIMPLE3D.PressureReferenceDoesNotChangeVelocityOrFlux ....................................................   Passed    1.70 sec
          Start 1803: CompressibleSIMPLENonOrthogonalTest.LowMachRegression
 104/2043 Test #2018: ScalarMMS.DistortedMeshNonOrthogonalCorrection ...........................................................   Passed    1.29 sec
          Start 1904: StructuredQuadProductionCase.NonOrthogonalCorrectionIsActiveOnTheProductionPath
 105/2043 Test #1827: TransientCavityTest.ImpulsiveStartReachesFiniteConservativeStateAndDevelopsRecirculation .................   Passed    1.25 sec
          Start 1565: GpuBiCGSTABTest.RepeatedSolveReusesPersistentBuffersWithoutReallocating
 106/2043 Test #1803: CompressibleSIMPLENonOrthogonalTest.LowMachRegression ....................................................   Passed    1.42 sec
          Start 1838: TransientPoiseuilleTest.StartupChannelReachesFiniteConservativeStateAndDevelopsProfile
 107/2043 Test #1696: SIMPLE3D.PlugFlowIsExactInAllSixDirections ...............................................................   Passed    1.58 sec
          Start 1554: GpuCGTest.RepeatedSolveReusesPersistentBuffersWithoutReallocating
 108/2043 Test #1904: StructuredQuadProductionCase.NonOrthogonalCorrectionIsActiveOnTheProductionPath ..........................   Passed    1.28 sec
          Start 1681: SIMPLERobustnessTest.Deterministic
 109/2043 Test #1565: GpuBiCGSTABTest.RepeatedSolveReusesPersistentBuffersWithoutReallocating ..................................   Passed    0.61 sec
          Start 1675: SIMPLERobustnessTest.NormalizedResidualConvergence
 110/2043 Test #1554: GpuCGTest.RepeatedSolveReusesPersistentBuffersWithoutReallocating ........................................   Passed    0.44 sec
          Start 1697: SIMPLE3D.CouetteFlowIsExactForMovingWallsOnThreeAxes
 111/2043 Test #1681: SIMPLERobustnessTest.Deterministic .......................................................................   Passed    0.67 sec
          Start 1639: SIMPLETurbulenceModelsTest.LaminarKEpsilonKOmegaAndSSTProduceDistinctModelsAndMuT
 112/2043 Test #1838: TransientPoiseuilleTest.StartupChannelReachesFiniteConservativeStateAndDevelopsProfile ...................   Passed    0.94 sec
          Start 1804: CompressibleSIMPLERobustnessTest.RobustnessRegression
 113/2043 Test #1697: SIMPLE3D.CouetteFlowIsExactForMovingWallsOnThreeAxes .....................................................   Passed    0.56 sec
          Start 1922: MeshQualityCampaign.EachFamilysTargetedMetricIncreasesWithItsParameter
 114/2043 Test #1639: SIMPLETurbulenceModelsTest.LaminarKEpsilonKOmegaAndSSTProduceDistinctModelsAndMuT ........................   Passed    0.36 sec
          Start   14: CFDAppCli3D_valid_duct3d_cli_smoke
 115/2043 Test #1675: SIMPLERobustnessTest.NormalizedResidualConvergence .......................................................   Passed    0.83 sec
          Start 1840: TemporalRefinementTest.ImplicitEulerConvergesAtApproximatelyFirstOrderOnRealPisoChannel
 116/2043 Test #1804: CompressibleSIMPLERobustnessTest.RobustnessRegression ....................................................   Passed    0.78 sec
          Start   15: CFDAppCli3D_valid_cube3d_cli_smoke
 117/2043 Test #1922: MeshQualityCampaign.EachFamilysTargetedMetricIncreasesWithItsParameter ...................................   Passed    0.79 sec
          Start 1506: ProductionValidationTest.SimpleCountsLinearIterations
 118/2043 Test #1840: TemporalRefinementTest.ImplicitEulerConvergesAtApproximatelyFirstOrderOnRealPisoChannel ..................   Passed    0.70 sec
          Start 2029: SIMPLEMMS.Deterministic
 119/2043 Test   #14: CFDAppCli3D_valid_duct3d_cli_smoke .......................................................................   Passed    1.42 sec
          Start 1683: SIMPLERobustnessTest.BookkeepingOverheadIsSmall
 120/2043 Test   #15: CFDAppCli3D_valid_cube3d_cli_smoke .......................................................................   Passed    0.75 sec
          Start 1677: SIMPLERobustnessTest.NormalConvergenceIsNotStagnationOrDivergence
 121/2043 Test #2029: SIMPLEMMS.Deterministic ..................................................................................   Passed    1.63 sec
          Start 1679: SIMPLERobustnessTest.AdaptiveRelaxationRecovery
 122/2043 Test #1506: ProductionValidationTest.SimpleCountsLinearIterations ....................................................   Passed    1.80 sec
          Start 1571: GpuJacobiTest.RepeatedSolveReusesPersistentDiagonalBufferWithoutReallocating
 123/2043 Test #1683: SIMPLERobustnessTest.BookkeepingOverheadIsSmall ..........................................................   Passed    1.17 sec
          Start   42: GpuResidencyManagerCpuFallbackTest.SyncFieldNeverThrowsRegardlessOfDevice
 124/2043 Test #1677: SIMPLERobustnessTest.NormalConvergenceIsNotStagnationOrDivergence ........................................   Passed    1.17 sec
          Start 1573: GpuJacobiTest.ReducesIterationCountOnAPoorlyConditionedSystem
 125/2043 Test   #42: GpuResidencyManagerCpuFallbackTest.SyncFieldNeverThrowsRegardlessOfDevice ................................   Passed    0.30 sec
          Start   41: GpuResidencyManagerCpuFallbackTest.SyncMatrixNeverThrowsRegardlessOfDevice
 126/2043 Test   #41: GpuResidencyManagerCpuFallbackTest.SyncMatrixNeverThrowsRegardlessOfDevice ...............................   Passed    0.17 sec
          Start 1905: StructuredQuadProductionCase.ThermalAndSpeciesMatchLinearProfilesOnDistortedSlab
 127/2043 Test #1573: GpuJacobiTest.ReducesIterationCountOnAPoorlyConditionedSystem ............................................   Passed    0.55 sec
          Start 1805: CompressibleSIMPLERobustnessTest.FallbackRecovery
 128/2043 Test #1571: GpuJacobiTest.RepeatedSolveReusesPersistentDiagonalBufferWithoutReallocating .............................   Passed    0.63 sec
          Start 1567: GpuJacobiTest.BiCGSTABMatchesCpuJacobiWithinTolerance
 129/2043 Test #1679: SIMPLERobustnessTest.AdaptiveRelaxationRecovery ..........................................................   Passed    0.67 sec
          Start 1563: GpuBiCGSTABTest.MatchesCpuBiCGSTABWithinTolerance
 130/2043 Test #1567: GpuJacobiTest.BiCGSTABMatchesCpuJacobiWithinTolerance ....................................................   Passed    0.21 sec
          Start 1558: GpuBiCGSTABTest.NonzeroInitialGuessConverges
 131/2043 Test #1905: StructuredQuadProductionCase.ThermalAndSpeciesMatchLinearProfilesOnDistortedSlab .........................   Passed    0.36 sec
          Start 1574: GpuLinearSolverInstrumentationTest.RecordsSolveTimingAndIterationCounts
 132/2043 Test #1563: GpuBiCGSTABTest.MatchesCpuBiCGSTABWithinTolerance ........................................................   Passed    0.22 sec
          Start 1989: SpeciesAdvectionDiffusionValidation.DiffusionDominatedRegimePe0p1MatchesAnalytical
 133/2043 Test #1558: GpuBiCGSTABTest.NonzeroInitialGuessConverges .............................................................   Passed    0.28 sec
          Start 1553: GpuCGTest.MatchesCpuCgWithinTolerance
 134/2043 Test #1805: CompressibleSIMPLERobustnessTest.FallbackRecovery ........................................................   Passed    0.56 sec
          Start 1903: StructuredQuadProductionCase.LeastSquaresGradientMatchesAnalyticalSolution
 135/2043 Test #1574: GpuLinearSolverInstrumentationTest.RecordsSolveTimingAndIterationCounts ..................................   Passed    0.29 sec
          Start 1990: SpeciesAdvectionDiffusionValidation.MixedRegimePe5MatchesAnalytical
 136/2043 Test #1989: SpeciesAdvectionDiffusionValidation.DiffusionDominatedRegimePe0p1MatchesAnalytical .......................   Passed    0.49 sec
          Start 1917: MultiBlockProductionCase.SectorConductionInterfaceConservation
 137/2043 Test #1553: GpuCGTest.MatchesCpuCgWithinTolerance ....................................................................   Passed    0.24 sec
          Start   18: CFDAppCli3D_invalid_3d_thermal
 138/2043 Test #1903: StructuredQuadProductionCase.LeastSquaresGradientMatchesAnalyticalSolution ...............................   Passed    0.33 sec
          Start   16: CFDAppCli3D_invalid_3d_box_without_nz
 139/2043 Test #1990: SpeciesAdvectionDiffusionValidation.MixedRegimePe5MatchesAnalytical ......................................   Passed    0.46 sec
          Start 1408: ProjectRunnerTest.StagnationDetectionReportsDidNotConverge
 140/2043 Test #1917: MultiBlockProductionCase.SectorConductionInterfaceConservation ...........................................   Passed    0.38 sec
          Start 1801: CompressibleSIMPLENonOrthogonalTest.NonOrthogonalPressureCorrection
 141/2043 Test   #18: CFDAppCli3D_invalid_3d_thermal ...........................................................................   Passed    0.41 sec
          Start 1680: SIMPLERobustnessTest.LinearSolverFallbackRecovery
 142/2043 Test   #16: CFDAppCli3D_invalid_3d_box_without_nz ....................................................................   Passed    0.44 sec
          Start   17: CFDAppCli3D_invalid_3d_two_component_velocity
 143/2043 Test #1408: ProjectRunnerTest.StagnationDetectionReportsDidNotConverge ...............................................   Passed    0.46 sec
          Start 1555: GpuCGTest.WorksWithAnExistingCpuSidePreconditioner
 144/2043 Test #1801: CompressibleSIMPLENonOrthogonalTest.NonOrthogonalPressureCorrection ......................................   Passed    0.45 sec
          Start 1901: StructuredQuadProductionCase.DistortedPoiseuilleMatchesAnalyticalSolution
 145/2043 Test #1680: SIMPLERobustnessTest.LinearSolverFallbackRecovery ........................................................   Passed    0.44 sec
          Start   37: GpuBackendCpuFallbackTest.CudaAvailableNeverThrows
 146/2043 Test   #37: GpuBackendCpuFallbackTest.CudaAvailableNeverThrows .......................................................   Passed    0.06 sec
          Start   40: GpuResidencyManagerCpuFallbackTest.ActiveMatchesCudaAvailable
 147/2043 Test #1555: GpuCGTest.WorksWithAnExistingCpuSidePreconditioner .......................................................   Passed    0.20 sec
          Start 1505: ProductionValidationTest.MakeSimpleRunRecordsSolverAndCost
 148/2043 Test   #40: GpuResidencyManagerCpuFallbackTest.ActiveMatchesCudaAvailable ............................................   Passed    0.06 sec
          Start 1923: MeshQualityCampaign.InvalidMeshesAreRejectedBeforeTheSolverRuns
 149/2043 Test   #17: CFDAppCli3D_invalid_3d_two_component_velocity ............................................................   Passed    0.51 sec
          Start 1768: AlePisoUniformFlow.GclInconsistentVariantsBreakUniformFlow
 150/2043 Test #1901: StructuredQuadProductionCase.DistortedPoiseuilleMatchesAnalyticalSolution ................................   Passed    0.40 sec
          Start 1566: GpuJacobiTest.CgMatchesCpuJacobiWithinTolerance
 151/2043 Test #1505: ProductionValidationTest.MakeSimpleRunRecordsSolverAndCost ...............................................   Passed    0.37 sec
          Start 1547: GpuCGTest.SolvesSpdSystemAndMatchesBackendUsed
 152/2043 Test #1923: MeshQualityCampaign.InvalidMeshesAreRejectedBeforeTheSolverRuns ..........................................   Passed    0.34 sec
          Start 1694: SIMPLE3D.NonOrthogonalCorrectionIsExactlyInertOnCartesianHexahedra
 153/2043 Test #1768: AlePisoUniformFlow.GclInconsistentVariantsBreakUniformFlow ...............................................   Passed    0.27 sec
          Start 1806: CompressibleSIMPLERobustnessTest.LowMachRegression
 154/2043 Test #1566: GpuJacobiTest.CgMatchesCpuJacobiWithinTolerance ..........................................................   Passed    0.23 sec
          Start 1948: ResultExportIntegrationTest.VtkCellCountAndFieldsMatchSimpleResultExactly
 155/2043 Test #1547: GpuCGTest.SolvesSpdSystemAndMatchesBackendUsed ...........................................................   Passed    0.22 sec
          Start 1545: GpuResidencyManagerTest.SyncFieldReusesItsDeviceAllocationAcrossCalls
 156/2043 Test #1948: ResultExportIntegrationTest.VtkCellCountAndFieldsMatchSimpleResultExactly ................................   Passed    0.10 sec
          Start 1527: DeviceVectorTest.UploadDownloadRoundTrip
 157/2043 Test #1806: CompressibleSIMPLERobustnessTest.LowMachRegression .......................................................   Passed    0.25 sec
          Start 1525: DeviceBufferTest.MoveConstructorTransfersOwnership
 158/2043 Test #1694: SIMPLE3D.NonOrthogonalCorrectionIsExactlyInertOnCartesianHexahedra .......................................   Passed    0.29 sec
          Start 1656: SIMPLENonOrthogonalTest.CartesianExtraPassesOnlyDifferByLinearSolverTolerance
 159/2043 Test #1545: GpuResidencyManagerTest.SyncFieldReusesItsDeviceAllocationAcrossCalls ....................................   Passed    0.21 sec
          Start 1767: AlePisoUniformFlow.UniformFlowStaysUniformUnderPrescribedMotion
 160/2043 Test #1527: DeviceVectorTest.UploadDownloadRoundTrip .................................................................   Passed    0.21 sec
          Start 1551: GpuCGTest.ZeroMatrixTriggersBreakdown
 161/2043 Test #1525: DeviceBufferTest.MoveConstructorTransfersOwnership .......................................................   Passed    0.21 sec
          Start 1539: DeviceFieldTest.NoDeviceToHostCopyUntilSyncToHostIsExplicitlyCalled
 162/2043 Test #1656: SIMPLENonOrthogonalTest.CartesianExtraPassesOnlyDifferByLinearSolverTolerance ............................   Passed    0.19 sec
          Start 1516: DeviceBufferTest.UploadDownloadRoundTrip
 163/2043 Test #1767: AlePisoUniformFlow.UniformFlowStaysUniformUnderPrescribedMotion ..........................................   Passed    0.25 sec
          Start 1517: DeviceBufferTest.ResizeReusesCapacityWhenNotGrowingPastIt
 164/2043 Test #1539: DeviceFieldTest.NoDeviceToHostCopyUntilSyncToHostIsExplicitlyCalled ......................................   Passed    0.22 sec
          Start 1560: GpuBiCGSTABTest.MaxIterationsIsReportedWhenTooFewIterationsAllowed
 165/2043 Test #1516: DeviceBufferTest.UploadDownloadRoundTrip .................................................................   Passed    0.22 sec
          Start 1544: GpuResidencyManagerTest.DistinctKeysAreTrackedIndependently
 166/2043 Test #1551: GpuCGTest.ZeroMatrixTriggersBreakdown ....................................................................   Passed    0.26 sec
          Start 1550: GpuCGTest.MaxIterationsIsReportedWhenTooFewIterationsAllowed
 167/2043 Test #1517: DeviceBufferTest.ResizeReusesCapacityWhenNotGrowingPastIt ................................................   Passed    0.24 sec
          Start 1529: DeviceCsrMatrixTest.StructureUploadedExactlyOnceAcrossRepeatedValueUpdates
 168/2043 Test #1560: GpuBiCGSTABTest.MaxIterationsIsReportedWhenTooFewIterationsAllowed .......................................   Passed    0.22 sec
          Start 1548: GpuCGTest.NonzeroInitialGuessConverges
 169/2043 Test #1544: GpuResidencyManagerTest.DistinctKeysAreTrackedIndependently ..............................................   Passed    0.23 sec
          Start 1513: CudaSpmvTest.RepeatedCallsAreBitIdentical
 170/2043 Test #1550: GpuCGTest.MaxIterationsIsReportedWhenTooFewIterationsAllowed .............................................   Passed    0.23 sec
          Start  314: LinearSolverFactoryTest.GpuBackendRequestNeverThrowsRegardlessOfDeviceAvailability
 171/2043 Test #1529: DeviceCsrMatrixTest.StructureUploadedExactlyOnceAcrossRepeatedValueUpdates ...............................   Passed    0.21 sec
          Start 1520: DeviceBufferTest.GrowingAnAlreadyAllocatedBufferCountsAsReallocation
 172/2043 Test #1513: CudaSpmvTest.RepeatedCallsAreBitIdentical ................................................................   Passed    0.27 sec
          Start  315: LinearSolverFactoryTest.GpuBackendReportsAvailabilityConsistentlyAndFallsBackDeterministically
 173/2043 Test  #314: LinearSolverFactoryTest.GpuBackendRequestNeverThrowsRegardlessOfDeviceAvailability .......................   Passed    0.27 sec
          Start 1650: SIMPLEGpuResidencyTest.EnablingResidencyDoesNotChangeTheComputedResult
 174/2043 Test #1548: GpuCGTest.NonzeroInitialGuessConverges ...................................................................   Passed    0.31 sec
          Start  318: LinearSolverFactoryTest.GpuBackendJacobiRequestNeverThrowsAndConverges
 175/2043 Test #1520: DeviceBufferTest.GrowingAnAlreadyAllocatedBufferCountsAsReallocation .....................................   Passed    0.19 sec
          Start 1946: ResultExportIntegrationTest.CsvFieldsMatchSimpleResultExactly
 176/2043 Test  #315: LinearSolverFactoryTest.GpuBackendReportsAvailabilityConsistentlyAndFallsBackDeterministically ...........   Passed    0.19 sec
          Start 1572: GpuJacobiTest.RebuildsDiagonalWhenMatrixValuesChange
 177/2043 Test  #318: LinearSolverFactoryTest.GpuBackendJacobiRequestNeverThrowsAndConverges ...................................   Passed    0.19 sec
          Start 1651: SIMPLEGpuResidencyTest.RepeatedOuterIterationsReuseGpuResidencyWithoutReallocating
 178/2043 Test #1946: ResultExportIntegrationTest.CsvFieldsMatchSimpleResultExactly ............................................   Passed    0.12 sec
          Start 1523: DeviceBufferTest.DestructorFreesDeviceAllocation
 179/2043 Test #1650: SIMPLEGpuResidencyTest.EnablingResidencyDoesNotChangeTheComputedResult ...................................   Passed    0.22 sec
          Start 1559: GpuBiCGSTABTest.ZeroRhsConvergesImmediately
 180/2043 Test #1572: GpuJacobiTest.RebuildsDiagonalWhenMatrixValuesChange .....................................................   Passed    0.22 sec
          Start 1533: DeviceCsrMatrixTest.SpmvMismatchedInputSizeThrows
 181/2043 Test #1523: DeviceBufferTest.DestructorFreesDeviceAllocation .........................................................   Passed    0.20 sec
          Start 1524: DeviceBufferTest.DownloadMoreThanLogicalSizeThrows
 182/2043 Test #1651: SIMPLEGpuResidencyTest.RepeatedOuterIterationsReuseGpuResidencyWithoutReallocating .......................   Passed    0.23 sec
          Start 1511: CudaSpmvTest.MatchesCpuReferenceOnARepresentativeGridMatrix
 183/2043 Test #1559: GpuBiCGSTABTest.ZeroRhsConvergesImmediately ..............................................................   Passed    0.21 sec
          Start 1531: DeviceCsrMatrixTest.UpdateValuesWithChangedStructureThrows
 184/2043 Test #1533: DeviceCsrMatrixTest.SpmvMismatchedInputSizeThrows ........................................................   Passed    0.18 sec
          Start 1570: GpuJacobiTest.BiCGSTABZeroDiagonalMatrixReportsInvalidSystem
 185/2043 Test #1524: DeviceBufferTest.DownloadMoreThanLogicalSizeThrows .......................................................   Passed    0.19 sec
          Start 1877: MultiphaseProductionCaseTest.ExportsMixtureFieldsToCsvVtkAndJson
 186/2043 Test #1511: CudaSpmvTest.MatchesCpuReferenceOnARepresentativeGridMatrix ..............................................   Passed    0.18 sec
          Start 1564: GpuBiCGSTABTest.MatchesCpuOnANonsymmetricSystem
 187/2043 Test #1531: DeviceCsrMatrixTest.UpdateValuesWithChangedStructureThrows ...............................................   Passed    0.20 sec
          Start 1521: DeviceBufferTest.ResizeWithinCapacityCountsAsNeitherAllocationNorReallocation
 188/2043 Test #1877: MultiphaseProductionCaseTest.ExportsMixtureFieldsToCsvVtkAndJson .........................................   Passed    0.09 sec
          Start 1532: DeviceCsrMatrixTest.ReUploadingStructureAfterAGenuineChangeWorksAndReallocates
 189/2043 Test #1570: GpuJacobiTest.BiCGSTABZeroDiagonalMatrixReportsInvalidSystem .............................................   Passed    0.20 sec
          Start 1510: CudaSpmvTest.MatchesCpuReferenceOnASmallMatrix
 190/2043 Test #1564: GpuBiCGSTABTest.MatchesCpuOnANonsymmetricSystem ..........................................................   Passed    0.18 sec
          Start 1538: DeviceFieldTest.SyncToHostSizeMismatchThrows
 191/2043 Test #1521: DeviceBufferTest.ResizeWithinCapacityCountsAsNeitherAllocationNorReallocation ............................   Passed    0.18 sec
          Start 1549: GpuCGTest.ZeroRhsConvergesImmediately
 192/2043 Test #1532: DeviceCsrMatrixTest.ReUploadingStructureAfterAGenuineChangeWorksAndReallocates ...........................   Passed    0.16 sec
          Start 1899: HeatedSpeciesDiffusionProductionCaseTest.RepeatedRunsAreDeterministic
 193/2043 Test #1538: DeviceFieldTest.SyncToHostSizeMismatchThrows .............................................................   Passed    0.18 sec
          Start 1543: GpuResidencyManagerTest.SyncMatrixHandlesAGenuineStructureChange
 194/2043 Test #1510: CudaSpmvTest.MatchesCpuReferenceOnASmallMatrix ...........................................................   Passed    0.21 sec
          Start 1542: GpuResidencyManagerTest.SyncMatrixUploadsStructureOnceThenValuesOnlyOnRepeatedCalls
 195/2043 Test #1549: GpuCGTest.ZeroRhsConvergesImmediately ....................................................................   Passed    0.21 sec
          Start 1528: DeviceCsrMatrixTest.SpmvMatchesCpuReference
 196/2043 Test #1899: HeatedSpeciesDiffusionProductionCaseTest.RepeatedRunsAreDeterministic ....................................   Passed    0.20 sec
          Start 1856: BoussinesqCouplingTest.RepeatedCoupledSolveIsBitIdentical
 197/2043 Test #1543: GpuResidencyManagerTest.SyncMatrixHandlesAGenuineStructureChange .........................................   Passed    0.19 sec
          Start 1873: SpeciesProductionCaseTest.RepeatedRunsAreDeterministic
 198/2043 Test #1542: GpuResidencyManagerTest.SyncMatrixUploadsStructureOnceThenValuesOnlyOnRepeatedCalls ......................   Passed    0.22 sec
          Start 1561: GpuBiCGSTABTest.ZeroMatrixTriggersBreakdown
 199/2043 Test #1528: DeviceCsrMatrixTest.SpmvMatchesCpuReference ..............................................................   Passed    0.21 sec
          Start 1534: DeviceCsrMatrixTest.SpmvMismatchedOutputSizeThrows
 200/2043 Test #1856: BoussinesqCouplingTest.RepeatedCoupledSolveIsBitIdentical ................................................   Passed    0.22 sec
          Start 1522: DeviceBufferTest.UploadAndDownloadRecordNonZeroTiming
 201/2043 Test #1873: SpeciesProductionCaseTest.RepeatedRunsAreDeterministic ...................................................   Passed    0.24 sec
          Start 1854: BoussinesqCouplingTest.ReversingGravityReversesCirculationDirection
 202/2043 Test #1561: GpuBiCGSTABTest.ZeroMatrixTriggersBreakdown ..............................................................   Passed    0.21 sec
          Start 1557: GpuBiCGSTABTest.SolvesNonsymmetricSystem
 203/2043 Test #1534: DeviceCsrMatrixTest.SpmvMismatchedOutputSizeThrows .......................................................   Passed    0.20 sec
          Start 1518: DeviceBufferTest.ResizePastCapacityAllocatesExactlyOnce
 204/2043 Test #1522: DeviceBufferTest.UploadAndDownloadRecordNonZeroTiming ....................................................   Passed    0.20 sec
          Start 1526: DeviceBufferTest.MoveAssignmentReleasesPreviousAllocation
 205/2043 Test #1557: GpuBiCGSTABTest.SolvesNonsymmetricSystem .................................................................   Passed    0.20 sec
          Start 1569: GpuJacobiTest.ZeroDiagonalMatrixReportsInvalidSystemNotAnException
 206/2043 Test #1854: BoussinesqCouplingTest.ReversingGravityReversesCirculationDirection ......................................   Passed    0.22 sec
          Start 1536: DeviceFieldTest.SyncToDeviceThenToHostRoundTrips
 207/2043 Test #1518: DeviceBufferTest.ResizePastCapacityAllocatesExactlyOnce ..................................................   Passed    0.21 sec
          Start 1537: DeviceFieldTest.MarkHostDirtyThenMarkDeviceDirtyTransitionsState
 208/2043 Test #1526: DeviceBufferTest.MoveAssignmentReleasesPreviousAllocation ................................................   Passed    0.21 sec
          Start 1568: GpuJacobiTest.NonsymmetricSystemMatchesCpuJacobi
 209/2043 Test #1569: GpuJacobiTest.ZeroDiagonalMatrixReportsInvalidSystemNotAnException .......................................   Passed    0.19 sec
          Start 1635: SIMPLESSTTest.EndToEndLoopIsConnectedAndProducesPhysicalFields
 210/2043 Test #1536: DeviceFieldTest.SyncToDeviceThenToHostRoundTrips .........................................................   Passed    0.19 sec
          Start    2: CFDAppCliValidCase
 211/2043 Test #1537: DeviceFieldTest.MarkHostDirtyThenMarkDeviceDirtyTransitionsState .........................................   Passed    0.23 sec
          Start 1868: SpeciesProductionCaseTest.ConcentrationMatchesAnalyticalProfile
 212/2043 Test #1568: GpuJacobiTest.NonsymmetricSystemMatchesCpuJacobi .........................................................   Passed    0.20 sec
          Start 1519: DeviceBufferTest.FirstAllocationIsNotCountedAsReallocation
 213/2043 Test #1635: SIMPLESSTTest.EndToEndLoopIsConnectedAndProducesPhysicalFields ...........................................   Passed    0.20 sec
          Start 1540: SpmvKernelTimingTest.RecordsNonZeroKernelTime
 214/2043 Test #1868: SpeciesProductionCaseTest.ConcentrationMatchesAnalyticalProfile ..........................................   Passed    0.17 sec
          Start   13: CFDAppCliMeshQualityWarning
 215/2043 Test    #2: CFDAppCliValidCase .......................................................................................   Passed    0.23 sec
          Start 1430: VisualizationSnapshotTest.SpeciesCaseExposesConcentrationFieldLiveAndReloaded
 216/2043 Test #1519: DeviceBufferTest.FirstAllocationIsNotCountedAsReallocation ...............................................   Passed    0.18 sec
          Start 1433: VisualizationSnapshotTest.ThreeDimensionalResultLiveAndReloaded
 217/2043 Test #1540: SpmvKernelTimingTest.RecordsNonZeroKernelTime ............................................................   Passed    0.22 sec
          Start 1509: CudaSpmvTest.CudaAvailableDoesNotThrow
 218/2043 Test #1430: VisualizationSnapshotTest.SpeciesCaseExposesConcentrationFieldLiveAndReloaded ............................   Passed    0.19 sec
          Start 1632: SIMPLEKOmegaTest.EndToEndLoopIsConnectedAndProducesPhysicalFields
 219/2043 Test   #13: CFDAppCliMeshQualityWarning ..............................................................................   Passed    0.23 sec
          Start 1674: SIMPLERobustnessTest.DefaultRobustnessPreservesBaseline
 220/2043 Test #1433: VisualizationSnapshotTest.ThreeDimensionalResultLiveAndReloaded ..........................................   Passed    0.20 sec
          Start 1428: LoadSnapshotFromResultsTest.ThermalCaseExposesTemperatureField
 221/2043 Test #1509: CudaSpmvTest.CudaAvailableDoesNotThrow ...................................................................   Passed    0.10 sec
          Start 1855: BoussinesqCouplingTest.ZeroBetaRecoversNonBuoyantAtRestSolution
 222/2043 Test #1428: LoadSnapshotFromResultsTest.ThermalCaseExposesTemperatureField ...........................................   Passed    0.12 sec
          Start 1648: SIMPLEBuoyancyTest.RepeatedBuoyantSolveIsBitIdentical
 223/2043 Test #1855: BoussinesqCouplingTest.ZeroBetaRecoversNonBuoyantAtRestSolution ..........................................   Passed    0.06 sec
          Start 1514: DeviceBufferTest.DefaultConstructedIsEmpty
 224/2043 Test #1632: SIMPLEKOmegaTest.EndToEndLoopIsConnectedAndProducesPhysicalFields ........................................   Passed    0.17 sec
          Start 1896: HeatedSpeciesDiffusionProductionCaseTest.BothFieldsMatchAnalyticalProfilesSimultaneously
 225/2043 Test #1674: SIMPLERobustnessTest.DefaultRobustnessPreservesBaseline ..................................................   Passed    0.17 sec
          Start 1637: SIMPLESSTTest.RepeatedSolveIsBitIdentical
 226/2043 Test #1514: DeviceBufferTest.DefaultConstructedIsEmpty ...............................................................   Passed    0.04 sec
          Start 1405: ProjectRunnerTest.RepeatedRunsAreDeterministic
 227/2043 Test #1648: SIMPLEBuoyancyTest.RepeatedBuoyantSolveIsBitIdentical ....................................................   Passed    0.14 sec
          Start 1895: HeatedSpeciesDiffusionProductionCaseTest.RunsEndToEndAndConverges
 228/2043 Test #1896: HeatedSpeciesDiffusionProductionCaseTest.BothFieldsMatchAnalyticalProfilesSimultaneously .................   Passed    0.14 sec
          Start 1869: SpeciesProductionCaseTest.GlobalDiffusiveFluxBalanceIsConserved
 229/2043 Test #1637: SIMPLESSTTest.RepeatedSolveIsBitIdentical ................................................................   Passed    0.15 sec
          Start 1562: GpuBiCGSTABTest.NonFiniteInputRejectedBeforeAnyGpuWork
 230/2043 Test #1405: ProjectRunnerTest.RepeatedRunsAreDeterministic ...........................................................   Passed    0.15 sec
          Start 1845: HeatedCavityConductionValidation.RepeatedSolveIsDeterministic
 231/2043 Test #1562: GpuBiCGSTABTest.NonFiniteInputRejectedBeforeAnyGpuWork ...................................................   Passed    0.06 sec
          Start 1618: SIMPLEFailureTest.PressureSolverTooFewIterationsReportsPressureCorrectionFailure
 232/2043 Test #1895: HeatedSpeciesDiffusionProductionCaseTest.RunsEndToEndAndConverges ........................................   Passed    0.12 sec
          Start 1616: SIMPLEFailureTest.MaxIterationsIsNotReportedAsConverged
 233/2043 Test #1845: HeatedCavityConductionValidation.RepeatedSolveIsDeterministic ............................................   Passed    0.06 sec
          Start 1897: HeatedSpeciesDiffusionProductionCaseTest.BothFieldsConserveFluxIndependently
 234/2043 Test #1869: SpeciesProductionCaseTest.GlobalDiffusiveFluxBalanceIsConserved ..........................................   Passed    0.14 sec
          Start 1515: DeviceBufferTest.ZeroSizeResizeNeverAllocates
 235/2043 Test #1618: SIMPLEFailureTest.PressureSolverTooFewIterationsReportsPressureCorrectionFailure .........................   Passed    0.06 sec
          Start 1853: BoussinesqCouplingTest.EqualWallTemperaturesGiveZeroVelocity
 236/2043 Test #1616: SIMPLEFailureTest.MaxIterationsIsNotReportedAsConverged ..................................................   Passed    0.06 sec
          Start 2034: MMS3DTest.OperatorErrorsDecreaseOnCoarseLevels
 237/2043 Test #1515: DeviceBufferTest.ZeroSizeResizeNeverAllocates ............................................................   Passed    0.08 sec
          Start 1629: SIMPLEKEpsilonTest.EndToEndLoopIsConnectedAndProducesPhysicalFields
 238/2043 Test #1853: BoussinesqCouplingTest.EqualWallTemperaturesGiveZeroVelocity .............................................   Passed    0.09 sec
          Start   43: GpuResidencyManagerCpuFallbackTest.MoveConstructionAndAssignmentAreSafe
 239/2043 Test #1897: HeatedSpeciesDiffusionProductionCaseTest.BothFieldsConserveFluxIndependently .............................   Passed    0.16 sec
          Start 1644: SIMPLEBuoyancyTest.RealBuoyancySourceChangesConvergedVelocityField
 240/2043 Test #2034: MMS3DTest.OperatorErrorsDecreaseOnCoarseLevels ...........................................................   Passed    0.13 sec
          Start 1546: GpuCGTest.MakeGpuCGReturnsNonNullWithAUsableDevice
 241/2043 Test   #43: GpuResidencyManagerCpuFallbackTest.MoveConstructionAndAssignmentAreSafe ..................................   Passed    0.07 sec
          Start 1867: SpeciesProductionCaseTest.RunsEndToEndAndConverges
 242/2043 Test #1546: GpuCGTest.MakeGpuCGReturnsNonNullWithAUsableDevice .......................................................   Passed    0.05 sec
          Start 1122: ThermalNonOrthogonalTest.NonOrthogonalDiffusion
 243/2043 Test #1629: SIMPLEKEpsilonTest.EndToEndLoopIsConnectedAndProducesPhysicalFields ......................................   Passed    0.16 sec
          Start 1871: SpeciesProductionCaseTest.ExportsSpeciesFieldToCsvVtkAndJson
 244/2043 Test #1644: SIMPLEBuoyancyTest.RealBuoyancySourceChangesConvergedVelocityField .......................................   Passed    0.13 sec
          Start 1403: ProjectRunnerTest.ValidCaseConvergesAndExportsResults
 245/2043 Test #1867: SpeciesProductionCaseTest.RunsEndToEndAndConverges .......................................................   Passed    0.16 sec
          Start 1633: SIMPLEKOmegaTest.RepeatedSolveIsBitIdentical
 246/2043 Test #1122: ThermalNonOrthogonalTest.NonOrthogonalDiffusion ..........................................................   Passed    0.16 sec
          Start  732: CaseBuilderTest.SolvedResultMatchesManualSetupBitForBit
 247/2043 Test #1871: SpeciesProductionCaseTest.ExportsSpeciesFieldToCsvVtkAndJson .............................................   Passed    0.14 sec
          Start 1410: ProjectRunnerTest.MeshQualityWarningDoesNotStopTheRun
 248/2043 Test #1403: ProjectRunnerTest.ValidCaseConvergesAndExportsResults ....................................................   Passed    0.16 sec
          Start 1898: HeatedSpeciesDiffusionProductionCaseTest.ExportsBothFieldsToCsvVtkAndJson
 249/2043 Test #1633: SIMPLEKOmegaTest.RepeatedSolveIsBitIdentical .............................................................   Passed    0.15 sec
          Start 1951: ParaviewSmokeTest.SolutionVtkExistsIsNonEmptyAndHasExpectedStructureAndFields
 250/2043 Test #1410: ProjectRunnerTest.MeshQualityWarningDoesNotStopTheRun ....................................................   Passed    0.12 sec
          Start 1852: BoussinesqCouplingTest.DifferentiallyHeatedCavityProducesNonzeroVelocity
 251/2043 Test  #732: CaseBuilderTest.SolvedResultMatchesManualSetupBitForBit ..................................................   Passed    0.15 sec
          Start 1643: SIMPLEBuoyancyTest.UniformReferenceTemperatureMatchesNoBuoyancyBitForBit
 252/2043 Test #1898: HeatedSpeciesDiffusionProductionCaseTest.ExportsBothFieldsToCsvVtkAndJson ................................   Passed    0.16 sec
          Start 1865: CaseLidDrivenCavityIntegrationTest.SmallFixtureLoadsBuildsAndConverges
 253/2043 Test #1951: ParaviewSmokeTest.SolutionVtkExistsIsNonEmptyAndHasExpectedStructureAndFields ............................   Passed    0.12 sec
          Start 1409: ProjectRunnerTest.MeshQualityReportIsReturnedAndExported
 254/2043 Test #1852: BoussinesqCouplingTest.DifferentiallyHeatedCavityProducesNonzeroVelocity .................................   Passed    0.12 sec
          Start 1630: SIMPLEKEpsilonTest.RepeatedSolveIsBitIdentical
 255/2043 Test #1643: SIMPLEBuoyancyTest.UniformReferenceTemperatureMatchesNoBuoyancyBitForBit .................................   Passed    0.12 sec
          Start 1872: SpeciesProductionCaseTest.NonSpeciesCaseStillRunsWithEmptySpeciesResults
 256/2043 Test #1865: CaseLidDrivenCavityIntegrationTest.SmallFixtureLoadsBuildsAndConverges ...................................   Passed    0.16 sec
          Start 1641: SIMPLEBuoyancyTest.CaseB_BetaZeroMatchesNoBuoyancyBitForBit
 257/2043 Test #1409: ProjectRunnerTest.MeshQualityReportIsReturnedAndExported .................................................   Passed    0.13 sec
          Start 1628: SIMPLETurbulenceTest.ElevatedEddyViscosityChangesConvergedVelocityField
 258/2043 Test #1872: SpeciesProductionCaseTest.NonSpeciesCaseStillRunsWithEmptySpeciesResults .................................   Passed    0.11 sec
          Start 1843: HeatedCavityConductionValidation.Grid80x80MatchesAnalyticalProfile
 259/2043 Test #1630: SIMPLEKEpsilonTest.RepeatedSolveIsBitIdentical ...........................................................   Passed    0.15 sec
          Start 1863: NaturalConvectionValidation.ZeroBetaRecoversPureConductionProfile
 260/2043 Test #1628: SIMPLETurbulenceTest.ElevatedEddyViscosityChangesConvergedVelocityField ..................................   Passed    0.14 sec
          Start 1887: CompressibleProductionCaseTest.NonCompressibleCaseStillRunsWithNoCompressibleResult
 261/2043 Test #1641: SIMPLEBuoyancyTest.CaseB_BetaZeroMatchesNoBuoyancyBitForBit ..............................................   Passed    0.26 sec
          Start 1625: SIMPLEDeterminismTest.RepeatedSolveIsBitIdentical
 262/2043 Test #1843: HeatedCavityConductionValidation.Grid80x80MatchesAnalyticalProfile .......................................   Passed    0.25 sec
          Start 1879: MultiphaseProductionCaseTest.NonMultiphaseCaseStillRunsWithNoMultiphaseResult
 263/2043 Test #1863: NaturalConvectionValidation.ZeroBetaRecoversPureConductionProfile ........................................   Passed    0.24 sec
          Start 1434: VisualizationSnapshotTest.TwoDimensionalResultHasNoThirdComponent
 264/2043 Test #1879: MultiphaseProductionCaseTest.NonMultiphaseCaseStillRunsWithNoMultiphaseResult ............................   Passed    0.10 sec
          Start 1627: SIMPLETurbulenceTest.DefaultTurbulenceModelMatchesExplicitLaminarModel
 265/2043 Test #1887: CompressibleProductionCaseTest.NonCompressibleCaseStillRunsWithNoCompressibleResult ......................   Passed    0.12 sec
          Start 1642: SIMPLEBuoyancyTest.CaseC_ZeroGravityMatchesNoBuoyancyBitForBit
 266/2043 Test #1434: VisualizationSnapshotTest.TwoDimensionalResultHasNoThirdComponent ........................................   Passed    0.11 sec
          Start 1429: LoadSnapshotFromResultsTest.CrlfResultsFilesReload
 267/2043 Test #1625: SIMPLEDeterminismTest.RepeatedSolveIsBitIdentical ........................................................   Passed    0.14 sec
          Start    8: CFDAppCli_does_not_converge
 268/2043 Test    #8: CFDAppCli_does_not_converge ..............................................................................   Passed    0.08 sec
          Start 1426: LoadSnapshotFromResultsTest.ReloadsAPreviouslyWrittenResultsDirectory
 269/2043 Test #1627: SIMPLETurbulenceTest.DefaultTurbulenceModelMatchesExplicitLaminarModel ...................................   Passed    0.14 sec
          Start 1626: SIMPLEDeterminismTest.RepeatedSolveIsBitIdenticalThirdRun
 270/2043 Test #1642: SIMPLEBuoyancyTest.CaseC_ZeroGravityMatchesNoBuoyancyBitForBit ...........................................   Passed    0.14 sec
          Start 1790: CompressibleSimpleTest.ReducesToIncompressibleSimpleWithNegligibleCompressibility
 271/2043 Test #1429: LoadSnapshotFromResultsTest.CrlfResultsFilesReload .......................................................   Passed    0.13 sec
          Start 1766: AlePisoStaticLimit.StationaryMotionIsPisoBitForBit
 272/2043 Test #1766: AlePisoStaticLimit.StationaryMotionIsPisoBitForBit .......................................................   Passed    0.13 sec
          Start 1421: CaseSessionTest.RunConvergingCaseMovesToCompleted
 273/2043 Test #1426: LoadSnapshotFromResultsTest.ReloadsAPreviouslyWrittenResultsDirectory ....................................   Passed    0.17 sec
          Start 1424: BuildSnapshotTest.ValidRunProducesAUsableSnapshot
 274/2043 Test #1790: CompressibleSimpleTest.ReducesToIncompressibleSimpleWithNegligibleCompressibility ........................   Passed    0.16 sec
          Start  909: StructuredQuadCase.WriterRoundTripsVerticesExactly
 275/2043 Test #1626: SIMPLEDeterminismTest.RepeatedSolveIsBitIdenticalThirdRun ................................................   Passed    0.19 sec
          Start 1949: ResultExportIntegrationTest.ResidualsCsvMatchesStoredHistories
 276/2043 Test  #909: StructuredQuadCase.WriterRoundTripsVerticesExactly .......................................................   Passed    0.04 sec
          Start 1634: SIMPLEKOmegaTest.ConvergedStatusImpliesTurbulenceResidualWithinTolerance
 277/2043 Test #1421: CaseSessionTest.RunConvergingCaseMovesToCompleted ........................................................   Passed    0.19 sec
          Start 1947: ResultExportIntegrationTest.JsonMetadataMatchesSimpleResultExactly
 278/2043 Test #1424: BuildSnapshotTest.ValidRunProducesAUsableSnapshot ........................................................   Passed    0.23 sec
          Start 1631: SIMPLEKEpsilonTest.ConvergedStatusImpliesTurbulenceResidualWithinTolerance
 279/2043 Test #1949: ResultExportIntegrationTest.ResidualsCsvMatchesStoredHistories ...........................................   Passed    0.21 sec
          Start 1552: GpuCGTest.NonFiniteInputRejectedBeforeAnyGpuWork
 280/2043 Test #1634: SIMPLEKOmegaTest.ConvergedStatusImpliesTurbulenceResidualWithinTolerance .................................   Passed    0.20 sec
          Start 1950: ResultExportIntegrationTest.RepeatedExportIsByteIdenticalAcrossAllFiles
 281/2043 Test #1552: GpuCGTest.NonFiniteInputRejectedBeforeAnyGpuWork .........................................................   Passed    0.15 sec
          Start 1638: SIMPLESSTTest.ConvergedStatusImpliesTurbulenceResidualWithinTolerance
 282/2043 Test #1947: ResultExportIntegrationTest.JsonMetadataMatchesSimpleResultExactly .......................................   Passed    0.21 sec
          Start 1614: SIMPLEConvergenceTest.TinyFourByFourCavityConverges
 283/2043 Test #1631: SIMPLEKEpsilonTest.ConvergedStatusImpliesTurbulenceResidualWithinTolerance ...............................   Passed    0.21 sec
          Start 1613: SIMPLEContinuityTest.GlobalMassImbalanceStaysNearZeroForClosedDomain
 284/2043 Test #1950: ResultExportIntegrationTest.RepeatedExportIsByteIdenticalAcrossAllFiles ..................................   Passed    0.19 sec
          Start 1875: MultiphaseProductionCaseTest.AlphaAndMixturePropertiesMatchExactExpectedValues
 285/2043 Test #1638: SIMPLESSTTest.ConvergedStatusImpliesTurbulenceResidualWithinTolerance ....................................   Passed    0.11 sec
          Start 1407: ProjectRunnerTest.DivergenceDetectionReportsNumericalFailure
 286/2043 Test #1614: SIMPLEConvergenceTest.TinyFourByFourCavityConverges ......................................................   Passed    0.09 sec
          Start 1640: SIMPLEBuoyancyTest.CaseA_NoBuoyancySuppliedIsTheBaseline
 287/2043 Test #1613: SIMPLEContinuityTest.GlobalMassImbalanceStaysNearZeroForClosedDomain .....................................   Passed    0.09 sec
          Start 1431: VisualizationSnapshotTest.MultiphaseCaseExposesMixtureFieldsLiveAndReloaded
 288/2043 Test #1875: MultiphaseProductionCaseTest.AlphaAndMixturePropertiesMatchExactExpectedValues ...........................   Passed    0.10 sec
          Start 1876: MultiphaseProductionCaseTest.Phase1VolumeIsConserved
 289/2043 Test #1640: SIMPLEBuoyancyTest.CaseA_NoBuoyancySuppliedIsTheBaseline .................................................   Passed    0.10 sec
          Start 1880: MultiphaseProductionCaseTest.RepeatedRunsAreDeterministic
 290/2043 Test #1431: VisualizationSnapshotTest.MultiphaseCaseExposesMixtureFieldsLiveAndReloaded ..............................   Passed    0.10 sec
          Start 1406: ProjectRunnerTest.CancellationStopsEarlyWithCancelledStatus
 291/2043 Test #1407: ProjectRunnerTest.DivergenceDetectionReportsNumericalFailure .............................................   Passed    0.14 sec
          Start 1512: CudaSpmvTest.MismatchedVectorSizeThrows
 292/2043 Test #1876: MultiphaseProductionCaseTest.Phase1VolumeIsConserved .....................................................   Passed    0.12 sec
          Start 1992: SpeciesAdvectionDiffusionValidation.PureAdvectionTransportsInletValueDownstreamWithoutSourceOrSink
 293/2043 Test #1512: CudaSpmvTest.MismatchedVectorSizeThrows ..................................................................   Passed    0.06 sec
          Start 1842: HeatedCavityConductionValidation.Grid40x40MatchesAnalyticalProfile
 294/2043 Test #1880: MultiphaseProductionCaseTest.RepeatedRunsAreDeterministic ................................................   Passed    0.10 sec
          Start 1991: SpeciesAdvectionDiffusionValidation.AdvectionDominatedRegimePe50MatchesAnalyticalWithinUpwindDiffusion
 295/2043 Test #1406: ProjectRunnerTest.CancellationStopsEarlyWithCancelledStatus ..............................................   Passed    0.11 sec
          Start  319: LinearSolverFactoryTest.InvalidSettingsStillThrowRegardlessOfBackend
 296/2043 Test #1992: SpeciesAdvectionDiffusionValidation.PureAdvectionTransportsInletValueDownstreamWithoutSourceOrSink .......   Passed    0.10 sec
          Start 1770: AlePisoGalilean.StaticFormulationOnTheTranslatingMeshIsNotGalileanInvariant
 297/2043 Test #1842: HeatedCavityConductionValidation.Grid40x40MatchesAnalyticalProfile .......................................   Passed    0.09 sec
          Start 1649: SIMPLEGpuResidencyTest.DisabledByDefaultIssuesNoGpuActivity
 298/2043 Test #1991: SpeciesAdvectionDiffusionValidation.AdvectionDominatedRegimePe50MatchesAnalyticalWithinUpwindDiffusion ...   Passed    0.09 sec
          Start 1874: MultiphaseProductionCaseTest.RunsEndToEndAndConverges
 299/2043 Test  #319: LinearSolverFactoryTest.InvalidSettingsStillThrowRegardlessOfBackend .....................................   Passed    0.08 sec
          Start 1423: CaseSessionTest.RequestCancelStopsARunEarly
 300/2043 Test #1770: AlePisoGalilean.StaticFormulationOnTheTranslatingMeshIsNotGalileanInvariant ..............................   Passed    0.09 sec
          Start 1663: SIMPLENonOrthogonalTest.NonOrthogonalCorrectionPassCount
 301/2043 Test #1649: SIMPLEGpuResidencyTest.DisabledByDefaultIssuesNoGpuActivity ..............................................   Passed    0.10 sec
          Start 1841: HeatedCavityConductionValidation.Grid20x20MatchesAnalyticalProfile
 302/2043 Test #1874: MultiphaseProductionCaseTest.RunsEndToEndAndConverges ....................................................   Passed    0.10 sec
          Start    6: CFDAppCli_bad_solver
 303/2043 Test #1423: CaseSessionTest.RequestCancelStopsARunEarly ..............................................................   Passed    0.10 sec
          Start 1987: SpeciesDiffusionValidation.Grid80MatchesAnalyticalSlabProfile
 304/2043 Test #1663: SIMPLENonOrthogonalTest.NonOrthogonalCorrectionPassCount .................................................   Passed    0.07 sec
          Start 1769: AlePisoGalilean.TranslatingCavityIsTheFixedCavityPlusTheTranslation
 305/2043 Test    #6: CFDAppCli_bad_solver .....................................................................................   Passed    0.07 sec
          Start 1844: HeatedCavityConductionValidation.GridRefinementDoesNotDegradeAccuracy
 306/2043 Test #1841: HeatedCavityConductionValidation.Grid20x20MatchesAnalyticalProfile .......................................   Passed    0.11 sec
          Start 1556: GpuBiCGSTABTest.MakeGpuBiCGSTABReturnsNonNullWithAUsableDevice
 307/2043 Test #1987: SpeciesDiffusionValidation.Grid80MatchesAnalyticalSlabProfile ............................................   Passed    0.09 sec
          Start 1541: GpuResidencyManagerTest.ActiveWithAUsableDevice
 308/2043 Test #1769: AlePisoGalilean.TranslatingCavityIsTheFixedCavityPlusTheTranslation ......................................   Passed    0.09 sec
          Start 1685: SIMPLE3D.MonitorNeverConvergesWhileWIsUnconverged
 309/2043 Test #1541: GpuResidencyManagerTest.ActiveWithAUsableDevice ..........................................................   Passed    0.08 sec
          Start   12: CFDAppCliMeshQualityDisconnectedIsFatal
 310/2043 Test #1556: GpuBiCGSTABTest.MakeGpuBiCGSTABReturnsNonNullWithAUsableDevice ...........................................   Passed    0.10 sec
          Start 1678: SIMPLERobustnessTest.DivergenceStatus
 311/2043 Test #1685: SIMPLE3D.MonitorNeverConvergesWhileWIsUnconverged ........................................................   Passed    0.08 sec
          Start 1612: SIMPLEContinuityTest.ReducedClosedProbeContinuityImprovesAcrossIterations
 312/2043 Test #1844: HeatedCavityConductionValidation.GridRefinementDoesNotDegradeAccuracy ....................................   Passed    0.15 sec
          Start 1772: AlePisoMovingWall.CouetteFlowIsUnchangedByTangentialMeshTranslation
 313/2043 Test   #12: CFDAppCliMeshQualityDisconnectedIsFatal ..................................................................   Passed    0.07 sec
          Start 1617: SIMPLEFailureTest.MomentumSolverTooFewIterationsReportsMomentumFailure
 314/2043 Test #1772: AlePisoMovingWall.CouetteFlowIsUnchangedByTangentialMeshTranslation ......................................   Passed    0.09 sec
          Start 1535: DeviceFieldTest.StartsHostDirty
 315/2043 Test #1678: SIMPLERobustnessTest.DivergenceStatus ....................................................................   Passed    0.12 sec
          Start   11: CFDAppCliMeshQualityInvalidNamesTheCell
 316/2043 Test #1612: SIMPLEContinuityTest.ReducedClosedProbeContinuityImprovesAcrossIterations ................................   Passed    0.13 sec
          Start  193: MeshMotionGeometry.AffineMotionsGiveTheExactAffineImage3D
 317/2043 Test #1617: SIMPLEFailureTest.MomentumSolverTooFewIterationsReportsMomentumFailure ...................................   Passed    0.07 sec
          Start 1530: DeviceCsrMatrixTest.UpdateValuesBeforeStructureUploadThrows
 318/2043 Test   #11: CFDAppCliMeshQualityInvalidNamesTheCell ..................................................................   Passed    0.05 sec
          Start  816: CompressibleCaseTest.BuilderConstructsCompressibleRuntimeObjects
 319/2043 Test  #193: MeshMotionGeometry.AffineMotionsGiveTheExactAffineImage3D ................................................   Passed    0.06 sec
          Start    9: CFDAppCli_mesh_quality_invalid_cli
 320/2043 Test #1535: DeviceFieldTest.StartsHostDirty ..........................................................................   Passed    0.10 sec
          Start  488: SmoothnessRatioTest.NulloptWhenLocalGradientIsZero
 321/2043 Test #1530: DeviceCsrMatrixTest.UpdateValuesBeforeStructureUploadThrows ..............................................   Passed    0.08 sec
          Start  505: GridRefinementTest.GreenGaussGradientDistortedGlobalOrderReflectsBoundaryTreatment
 322/2043 Test  #816: CompressibleCaseTest.BuilderConstructsCompressibleRuntimeObjects .........................................   Passed    0.04 sec
          Start  432: SkewnessTest.ProductionInterpolationUsesCorrection
 323/2043 Test  #488: SmoothnessRatioTest.NulloptWhenLocalGradientIsZero .......................................................   Passed    0.02 sec
          Start 1491: ManufacturedFieldsTest.PressureGradientExact
 324/2043 Test  #505: GridRefinementTest.GreenGaussGradientDistortedGlobalOrderReflectsBoundaryTreatment .......................   Passed    0.03 sec
          Start 1900: StructuredQuadProductionCase.CommittedCaseIsAGenuinelyNonOrthogonalMesh
 325/2043 Test  #432: SkewnessTest.ProductionInterpolationUsesCorrection .......................................................   Passed    0.03 sec
          Start 1312: SpeciesNonOrthogonalTest.NonOrthogonalDiffusion
 326/2043 Test #1491: ManufacturedFieldsTest.PressureGradientExact .............................................................   Passed    0.03 sec
          Start    5: CFDAppCli_bad_boundary
 327/2043 Test    #9: CFDAppCli_mesh_quality_invalid_cli .......................................................................   Passed    0.09 sec
          Start  430: LeastSquaresTest.RepeatedCallsAreDeterministic
 328/2043 Test  #430: LeastSquaresTest.RepeatedCallsAreDeterministic ...........................................................   Passed    0.02 sec
          Start 1260: SSTModelTest.CorrectProducesPositiveFiniteFieldsForARealFlow
 329/2043 Test #1312: SpeciesNonOrthogonalTest.NonOrthogonalDiffusion ..........................................................   Passed    0.07 sec
          Start   10: CFDAppCli_mesh_quality_disconnected_cli
 330/2043 Test #1900: StructuredQuadProductionCase.CommittedCaseIsAGenuinelyNonOrthogonalMesh ..................................   Passed    0.09 sec
          Start  772: TurbulenceCaseTest.NonOrthogonalCorrectionReachesEveryTurbulenceModel
 331/2043 Test #1260: SSTModelTest.CorrectProducesPositiveFiniteFieldsForARealFlow .............................................   Passed    0.03 sec
          Start 1172: KEpsilonEquationTest.EffectiveDiffusivityMatchesHandDerivedExample
 332/2043 Test    #5: CFDAppCli_bad_boundary ...................................................................................   Passed    0.08 sec
          Start  951: Case3DTest.RejectsPhysicsThat3DDoesNotSupport
 333/2043 Test #1172: KEpsilonEquationTest.EffectiveDiffusivityMatchesHandDerivedExample .......................................   Passed    0.02 sec
          Start  713: CaseValidationTest.UnknownPhysicsFieldIsRejected
 334/2043 Test  #772: TurbulenceCaseTest.NonOrthogonalCorrectionReachesEveryTurbulenceModel ....................................   Passed    0.04 sec
          Start 1792: CompressibleSimpleTest.RepeatedRunIsDeterministic
 335/2043 Test  #951: Case3DTest.RejectsPhysicsThat3DDoesNotSupport ............................................................   Passed    0.03 sec
          Start 1301: SpeciesBoundaryConditionTest.ZeroGradientGivesNoDiffusiveFluxThroughAnImpermeableWall
 336/2043 Test  #713: CaseValidationTest.UnknownPhysicsFieldIsRejected .........................................................   Passed    0.03 sec
          Start 1164: LaminarModelTest.ConstructionIsDeterministicAcrossInstances
 337/2043 Test   #10: CFDAppCli_mesh_quality_disconnected_cli ..................................................................   Passed    0.08 sec
          Start  436: DivergenceTest.RotationalFieldIsDivergenceFree
 338/2043 Test #1301: SpeciesBoundaryConditionTest.ZeroGradientGivesNoDiffusiveFluxThroughAnImpermeableWall ....................   Passed    0.03 sec
          Start  719: CaseValidationTest.VelocityValueWithWrongComponentCountIsRejected
 339/2043 Test #1164: LaminarModelTest.ConstructionIsDeterministicAcrossInstances ..............................................   Passed    0.03 sec
          Start 1335: VolumeFractionTransportEquationTest.ZeroVelocityPreservesAlphaExactly
 340/2043 Test #1792: CompressibleSimpleTest.RepeatedRunIsDeterministic ........................................................   Passed    0.06 sec
          Start 1419: CaseSessionTest.ValidateValidCaseMovesToValidated
 341/2043 Test  #436: DivergenceTest.RotationalFieldIsDivergenceFree ...........................................................   Passed    0.04 sec
          Start  455: DiffusionTest.LinearField2x3y5IsConsistentOnCartesianAndDistortedMeshes
 342/2043 Test  #719: CaseValidationTest.VelocityValueWithWrongComponentCountIsRejected ........................................   Passed    0.04 sec
          Start  625: MomentumAssemblyTest.UAndVSystemsAreIndependentScalarSystems
 343/2043 Test #1335: VolumeFractionTransportEquationTest.ZeroVelocityPreservesAlphaExactly ....................................   Passed    0.04 sec
          Start 1413: CaseSessionTest.OpenValidCaseMovesToLoaded
 344/2043 Test  #455: DiffusionTest.LinearField2x3y5IsConsistentOnCartesianAndDistortedMeshes ..................................   Passed    0.02 sec
          Start  207: Field.SizedConstructionValueInitializes
 345/2043 Test  #625: MomentumAssemblyTest.UAndVSystemsAreIndependentScalarSystems .............................................   Passed    0.02 sec
          Start 1357: IdealGasEOSTest.RejectsNonFinitePressureOrTemperature
 346/2043 Test #1419: CaseSessionTest.ValidateValidCaseMovesToValidated ........................................................   Passed    0.05 sec
          Start 1353: IdealGasEOSTest.MatchesKnownStandardAtmosphereState
 347/2043 Test  #207: Field.SizedConstructionValueInitializes ..................................................................   Passed    0.02 sec
          Start 1798: CompressibleSimpleSettingsTest.RejectsNonPositivePseudoTimeStep
 348/2043 Test #1413: CaseSessionTest.OpenValidCaseMovesToLoaded ...............................................................   Passed    0.05 sec
          Start 1207: KOmegaModelTest.ConstructionIsDeterministicAcrossInstances
 349/2043 Test #1357: IdealGasEOSTest.RejectsNonFinitePressureOrTemperature ....................................................   Passed    0.04 sec
          Start 1241: SSTEquationTest.F1ApproachesZeroFarFromAWallWithLowViscosityRatio
 350/2043 Test #1353: IdealGasEOSTest.MatchesKnownStandardAtmosphereState ......................................................   Passed    0.04 sec
          Start  201: MeshMotionInvalid.AdvanceMustMoveForwardInTime
 351/2043 Test #1798: CompressibleSimpleSettingsTest.RejectsNonPositivePseudoTimeStep ..........................................   Passed    0.03 sec
          Start  265: SparseMatrixTest.RejectsMismatchedValuesAndColumns
 352/2043 Test #1207: KOmegaModelTest.ConstructionIsDeterministicAcrossInstances ...............................................   Passed    0.04 sec
          Start  378: HeatFluxTest.ConductivityScalesTheGradientInversely
 353/2043 Test #1241: SSTEquationTest.F1ApproachesZeroFarFromAWallWithLowViscosityRatio ........................................   Passed    0.04 sec
          Start  145: MeshGrading.TwoSidedClusteringOddCellCount
 354/2043 Test  #201: MeshMotionInvalid.AdvanceMustMoveForwardInTime ...........................................................   Passed    0.04 sec
          Start  376: HeatFluxTest.NegativeFluxGivesPositiveGradient
 355/2043 Test  #265: SparseMatrixTest.RejectsMismatchedValuesAndColumns .......................................................   Passed    0.03 sec
          Start  202: MeshMotionInvalid.MotionMustStartAtTheReferencePosition
 356/2043 Test  #378: HeatFluxTest.ConductivityScalesTheGradientInversely ......................................................   Passed    0.03 sec
          Start  532: VectorGradientTest.LeastSquaresIsExactForLinearFieldOnDistortedMesh
 357/2043 Test  #145: MeshGrading.TwoSidedClusteringOddCellCount ...............................................................   Passed    0.02 sec
          Start 1381: CompressibleMassFluxTest.InletBoundaryReducesToOwnerDensityUnderZeroPressureGradient
 358/2043 Test  #376: HeatFluxTest.NegativeFluxGivesPositiveGradient ...........................................................   Passed    0.02 sec
          Start  607: MomentumDiffusionTest.NonFiniteOrNonPositiveEffectiveViscosityFieldThrows
 359/2043 Test  #202: MeshMotionInvalid.MotionMustStartAtTheReferencePosition ..................................................   Passed    0.02 sec
          Start 1311: SpeciesSolverTest.RepeatedSolveIsDeterministic
 360/2043 Test  #532: VectorGradientTest.LeastSquaresIsExactForLinearFieldOnDistortedMesh ......................................   Passed    0.02 sec
          Start  408: GradientTest.PhiYGivesGradientZeroOne
 361/2043 Test #1381: CompressibleMassFluxTest.InletBoundaryReducesToOwnerDensityUnderZeroPressureGradient .....................   Passed    0.02 sec
          Start  874: JSONWriterTest.MeshQualityNonFiniteAndUnavailableValuesAreNull
 362/2043 Test  #607: MomentumDiffusionTest.NonFiniteOrNonPositiveEffectiveViscosityFieldThrows ................................   Passed    0.02 sec
          Start  740: ThermalCaseTest.RejectsUnknownThermalKey
 363/2043 Test  #408: GradientTest.PhiYGivesGradientZeroOne ....................................................................   Passed    0.01 sec
          Start 1488: GridConvergenceStudyTest.ReportSchemaValidation
 364/2043 Test  #874: JSONWriterTest.MeshQualityNonFiniteAndUnavailableValuesAreNull ...........................................   Passed    0.02 sec
          Start 1171: TurbulenceProductionTest.MismatchedFieldSizeThrows
 365/2043 Test  #740: ThermalCaseTest.RejectsUnknownThermalKey .................................................................   Passed    0.02 sec
          Start  349: FixedGradientTest.RejectsInvalidDistance
 366/2043 Test #1311: SpeciesSolverTest.RepeatedSolveIsDeterministic ...........................................................   Passed    0.05 sec
          Start  514: GridRefinementTest.DiffusionStronglyDistortedCorrectedGlobal
 367/2043 Test #1488: GridConvergenceStudyTest.ReportSchemaValidation ..........................................................   Passed    0.04 sec
          Start   54: MeshFace.BoundaryFaceHasNoNeighbor
 368/2043 Test #1171: TurbulenceProductionTest.MismatchedFieldSizeThrows .......................................................   Passed    0.04 sec
          Start  346: FixedGradientTest.NonzeroGradient
 369/2043 Test  #349: FixedGradientTest.RejectsInvalidDistance .................................................................   Passed    0.05 sec
          Start 1372: MachNumberTest.MatchesSpeedOverSoundSpeed
 370/2043 Test  #514: GridRefinementTest.DiffusionStronglyDistortedCorrectedGlobal .............................................   Passed    0.05 sec
          Start 1604: VelocityCorrectionTest.DifferentUAndVResponseCoefficientsApplyToTheirOwnComponent
 371/2043 Test   #54: MeshFace.BoundaryFaceHasNoNeighbor .......................................................................   Passed    0.04 sec
          Start 1041: SolverRobustnessPerformance.BookkeepingIsFixedWindowCost
 372/2043 Test  #346: FixedGradientTest.NonzeroGradient ........................................................................   Passed    0.04 sec
          Start 1098: ThermalSolverTest.NonFiniteStateForNonFiniteInitialTemperature
 373/2043 Test #1372: MachNumberTest.MatchesSpeedOverSoundSpeed ................................................................   Passed    0.06 sec
          Start 1323: TwoPhaseSystemTest.DeterministicRepeatedEvaluation
 374/2043 Test #1604: VelocityCorrectionTest.DifferentUAndVResponseCoefficientsApplyToTheirOwnComponent ........................   Passed    0.06 sec
          Start 1263: SSTModelTest.F1ApproachesOneNearAWallAndZeroFarFromIt
 375/2043 Test #1041: SolverRobustnessPerformance.BookkeepingIsFixedWindowCost .................................................   Passed    0.07 sec
          Start   34: CoreTimer.ElapsedTimeIncreases
 376/2043 Test #1098: ThermalSolverTest.NonFiniteStateForNonFiniteInitialTemperature ...........................................   Passed    0.06 sec
          Start  143: MeshGrading.OneSidedEndClusteringMirrorsStart
 377/2043 Test #1323: TwoPhaseSystemTest.DeterministicRepeatedEvaluation .......................................................   Passed    0.05 sec
          Start  534: ObliqueNeumannGradient.ZeroGradientWallsLinearFieldIsExact
 378/2043 Test #1263: SSTModelTest.F1ApproachesOneNearAWallAndZeroFarFromIt ....................................................   Passed    0.04 sec
          Start  621: MomentumPressureTest.MismatchedPressureSizeThrows
 379/2043 Test  #143: MeshGrading.OneSidedEndClusteringMirrorsStart ............................................................   Passed    0.02 sec
          Start  637: BoussinesqBuoyancyTest.ReversingGravityReversesTheHotCellDirection
 380/2043 Test  #534: ObliqueNeumannGradient.ZeroGradientWallsLinearFieldIsExact ...............................................   Passed    0.02 sec
          Start 1298: SpeciesEquationAssemblyTest.NonFiniteConcentrationAtGradientBoundaryThrowsNumericalError
 381/2043 Test   #34: CoreTimer.ElapsedTimeIncreases ...........................................................................   Passed    0.05 sec
          Start 1114: InterfaceConductanceTest.RejectsNonPositiveConductivity
 382/2043 Test  #621: MomentumPressureTest.MismatchedPressureSizeThrows ........................................................   Passed    0.02 sec
          Start 1040: SolverRobustnessSettingsTest.InvalidValuesAreRejected
 383/2043 Test  #637: BoussinesqBuoyancyTest.ReversingGravityReversesTheHotCellDirection .......................................   Passed    0.02 sec
          Start 1277: SpeciesPropertiesTest.StoresNameAndDiffusivity
 384/2043 Test #1298: SpeciesEquationAssemblyTest.NonFiniteConcentrationAtGradientBoundaryThrowsNumericalError .................   Passed    0.02 sec
          Start 1507: ProductionValidationTest.GridStudyEntryAndSequenceOrder
 385/2043 Test #1114: InterfaceConductanceTest.RejectsNonPositiveConductivity ..................................................   Passed    0.02 sec
          Start 1293: SpeciesEquationSourceTest.RejectsNonFiniteSource
 386/2043 Test #1040: SolverRobustnessSettingsTest.InvalidValuesAreRejected ....................................................   Passed    0.03 sec
          Start  981: CFLTest.RejectsNonFiniteOrNonPositiveDensity
 387/2043 Test #1277: SpeciesPropertiesTest.StoresNameAndDiffusivity ...........................................................   Passed    0.03 sec
          Start  596: ContinuityEquationTest.DivergenceFreeRotationalFieldGivesNearZeroImbalance
 388/2043 Test #1507: ProductionValidationTest.GridStudyEntryAndSequenceOrder ..................................................   Passed    0.04 sec
          Start   25: CoreException.DerivedTypesCatchableAsBase
 389/2043 Test #1293: SpeciesEquationSourceTest.RejectsNonFiniteSource .........................................................   Passed    0.04 sec
          Start 1013: ResidualNormalization.SmallBaseline
 390/2043 Test  #981: CFLTest.RejectsNonFiniteOrNonPositiveDensity .............................................................   Passed    0.04 sec
          Start    4: CFDAppCli_bad_physics
 391/2043 Test  #596: ContinuityEquationTest.DivergenceFreeRotationalFieldGivesNearZeroImbalance ...............................   Passed    0.04 sec
          Start  876: VTKWriterTest.PointCountMatchesStructuredGrid
 392/2043 Test   #25: CoreException.DerivedTypesCatchableAsBase ................................................................   Passed    0.03 sec
          Start  873: JSONWriterTest.MeshQualityIsExportedWithEveryMetricAndIssue
 393/2043 Test #1013: ResidualNormalization.SmallBaseline ......................................................................   Passed    0.03 sec
          Start  720: CaseValidationTest.UnsupportedPressureBoundaryTypeIsRejected
 394/2043 Test  #876: VTKWriterTest.PointCountMatchesStructuredGrid ............................................................   Passed    0.02 sec
          Start  579: FluidPropertiesTest.RejectsZeroDensity
 395/2043 Test  #873: JSONWriterTest.MeshQualityIsExportedWithEveryMetricAndIssue ..............................................   Passed    0.02 sec
          Start 1342: PhaseVolumeTest.UniformAlphaGivesAlphaTimesDomainVolume
 396/2043 Test  #720: CaseValidationTest.UnsupportedPressureBoundaryTypeIsRejected .............................................   Passed    0.02 sec
          Start 1054: EnergyEquationDiffusionTest.InternalFaceCoefficientsAreSymmetric
 397/2043 Test    #4: CFDAppCli_bad_physics ....................................................................................   Passed    0.06 sec
          Start  654: TabulatedPropertyTest.ClampsBelowRangeToTheFirstValue
 398/2043 Test  #579: FluidPropertiesTest.RejectsZeroDensity ...................................................................   Passed    0.03 sec
          Start  275: LinearSystemTest.RejectsRhsSizeMismatch
 399/2043 Test #1342: PhaseVolumeTest.UniformAlphaGivesAlphaTimesDomainVolume ..................................................   Passed    0.03 sec
          Start  902: StructuredQuadCase.MalformedVertexIsRejected
 400/2043 Test #1054: EnergyEquationDiffusionTest.InternalFaceCoefficientsAreSymmetric .........................................   Passed    0.03 sec
          Start   79: MeshQuality.MetricsDiscriminateDistortionLevels
 401/2043 Test  #654: TabulatedPropertyTest.ClampsBelowRangeToTheFirstValue ....................................................   Passed    0.03 sec
          Start 1259: SSTModelTest.CorrectRejectsMismatchedVelocitySize
 402/2043 Test  #275: LinearSystemTest.RejectsRhsSizeMismatch ..................................................................   Passed    0.03 sec
          Start 1261: SSTModelTest.ConvergenceResidualIsNulloptBeforeFirstCorrect
 403/2043 Test  #902: StructuredQuadCase.MalformedVertexIsRejected .............................................................   Passed    0.03 sec
          Start  843: CSVWriterTest.WriteFieldsNonFiniteValueThrows
 404/2043 Test   #79: MeshQuality.MetricsDiscriminateDistortionLevels ..........................................................   Passed    0.03 sec
          Start 1262: SSTModelTest.EffectiveViscosityEqualsMolecularPlusTurbulent
 405/2043 Test #1259: SSTModelTest.CorrectRejectsMismatchedVelocitySize ........................................................   Passed    0.03 sec
          Start 1144: TurbulenceModelTest.PositiveTurbulentViscosityIsAccepted
 406/2043 Test #1261: SSTModelTest.ConvergenceResidualIsNulloptBeforeFirstCorrect ..............................................   Passed    0.03 sec
          Start  417: SolveLeastSquaresGradientTest.DetectsASingleNeighborAsIllConditioned
 407/2043 Test  #843: CSVWriterTest.WriteFieldsNonFiniteValueThrows ............................................................   Passed    0.02 sec
          Start 1364: IdealGasEOSTest.PressureCorrectionGivesExpectedDensityCorrection
 408/2043 Test #1262: SSTModelTest.EffectiveViscosityEqualsMolecularPlusTurbulent ..............................................   Passed    0.03 sec
          Start  261: SparseMatrixTest.DiagonalLookup
 409/2043 Test #1144: TurbulenceModelTest.PositiveTurbulentViscosityIsAccepted .................................................   Passed    0.04 sec
          Start  631: BoussinesqBuoyancyTest.RejectsNonFiniteTemperature
 410/2043 Test  #417: SolveLeastSquaresGradientTest.DetectsASingleNeighborAsIllConditioned .....................................   Passed    0.04 sec
          Start   77: MeshQuality.CartesianHasZeroSkewness
 411/2043 Test #1364: IdealGasEOSTest.PressureCorrectionGivesExpectedDensityCorrection .........................................   Passed    0.04 sec
          Start   64: Mesh.RejectsEmptyCellsOrFaces
 412/2043 Test  #261: SparseMatrixTest.DiagonalLookup ..........................................................................   Passed    0.04 sec
          Start  573: GradientBoundaryConsistency.TranslatedMeshGivesTheSameGradient
 413/2043 Test  #631: BoussinesqBuoyancyTest.RejectsNonFiniteTemperature .......................................................   Passed    0.03 sec
          Start 1265: SSTModelTest.FarFieldBlendApproachesSSTsOwnOuterCoefficientSet
 414/2043 Test   #77: MeshQuality.CartesianHasZeroSkewness .....................................................................   Passed    0.03 sec
          Start 1774: AlePisoTransient.TransientSolverRunsAleAndRevertsTheMeshOfARejectedStep
 415/2043 Test   #64: Mesh.RejectsEmptyCellsOrFaces ............................................................................   Passed    0.03 sec
          Start  252: AlgebraVector.DotProduct
 416/2043 Test #1265: SSTModelTest.FarFieldBlendApproachesSSTsOwnOuterCoefficientSet ...........................................   Passed    0.03 sec
          Start  234: SurfaceFieldTest.SizeMatchesOneByOneMeshFaceCount
 417/2043 Test  #573: GradientBoundaryConsistency.TranslatedMeshGivesTheSameGradient ...........................................   Passed    0.06 sec
          Start  949: Case3DTest.RejectsMalformedMeshAndGeometry
 418/2043 Test  #252: AlgebraVector.DotProduct .................................................................................   Passed    0.04 sec
          Start  363: SymmetryTest.RejectsNonUnitNormal
 419/2043 Test  #234: SurfaceFieldTest.SizeMatchesOneByOneMeshFaceCount ........................................................   Passed    0.03 sec
          Start 1173: KEpsilonEquationTest.EffectiveDiffusivityReducesToMolecularAsMuTVanishes
 420/2043 Test #1774: AlePisoTransient.TransientSolverRunsAleAndRevertsTheMeshOfARejectedStep ..................................   Passed    0.07 sec
          Start 1988: SpeciesDiffusionValidation.GlobalDiffusiveFluxBalanceIsExact
 421/2043 Test  #949: Case3DTest.RejectsMalformedMeshAndGeometry ...............................................................   Passed    0.04 sec
          Start  764: TurbulenceCaseTest.RejectsKOmegaModelWithInitialEpsilonOnly
 422/2043 Test  #363: SymmetryTest.RejectsNonUnitNormal ........................................................................   Passed    0.04 sec
          Start  832: PhysicsCompatibilityTest.RejectsBuoyancyWithoutThermal
 423/2043 Test #1173: KEpsilonEquationTest.EffectiveDiffusivityReducesToMolecularAsMuTVanishes .................................   Passed    0.04 sec
          Start   93: MeshQualityReport.NonOrthogonalMeshGetsAnInformationalCorrectionAdvice
 424/2043 Test  #764: TurbulenceCaseTest.RejectsKOmegaModelWithInitialEpsilonOnly ..............................................   Passed    0.02 sec
          Start 2023: ContinuityMMS.DivergenceFreeField
 425/2043 Test  #832: PhysicsCompatibilityTest.RejectsBuoyancyWithoutThermal ...................................................   Passed    0.03 sec
          Start 1402: CompressibleMomentumComponentTest.NonUniformDensityChangesTheAssembledDiagonal
 426/2043 Test #1988: SpeciesDiffusionValidation.GlobalDiffusiveFluxBalanceIsExact .............................................   Passed    0.06 sec
          Start 1267: TurbulenceModelFactoryTest.KEpsilonNameCreatesKEpsilonModel
 427/2043 Test   #93: MeshQualityReport.NonOrthogonalMeshGetsAnInformationalCorrectionAdvice ...................................   Passed    0.03 sec
          Start  451: DiffusionTest.StrongDistortionProducesFiniteResults
 428/2043 Test #1402: CompressibleMomentumComponentTest.NonUniformDensityChangesTheAssembledDiagonal ...........................   Passed    0.02 sec
          Start  190: MeshMotionKernel.TopologyMapWeldsMultiBlockInterfaceVertices
 429/2043 Test #1267: TurbulenceModelFactoryTest.KEpsilonNameCreatesKEpsilonModel ..............................................   Passed    0.02 sec
          Start  904: StructuredQuadCase.BoundaryVertexOffTheRectangleIsRejected
 430/2043 Test #2023: ContinuityMMS.DivergenceFreeField ........................................................................   Passed    0.06 sec
          Start 1986: SpeciesDiffusionValidation.Grid40MatchesAnalyticalSlabProfile
 431/2043 Test  #451: DiffusionTest.StrongDistortionProducesFiniteResults ......................................................   Passed    0.04 sec
          Start 1266: TurbulenceModelFactoryTest.LaminarNameCreatesLaminarModelViaKEpsilonOverload
 432/2043 Test  #190: MeshMotionKernel.TopologyMapWeldsMultiBlockInterfaceVertices .............................................   Passed    0.03 sec
          Start   78: MeshQuality.DistortedMeshReportsNonZeroMetrics
 433/2043 Test  #904: StructuredQuadCase.BoundaryVertexOffTheRectangleIsRejected ...............................................   Passed    0.04 sec
          Start  776: BoussinesqCaseTest.BuilderConstructsBoussinesqBuoyancyWithFluidDensity
 434/2043 Test #1986: SpeciesDiffusionValidation.Grid40MatchesAnalyticalSlabProfile ............................................   Passed    0.05 sec
          Start 1622: SIMPLEFailureTest.OutOfRangeReferenceCellReportsInvalidConfiguration
 435/2043 Test #1266: TurbulenceModelFactoryTest.LaminarNameCreatesLaminarModelViaKEpsilonOverload .............................   Passed    0.05 sec
          Start 1106: ThermalRegionMapTest.ConstructsAndReportsCellRegions
 436/2043 Test   #78: MeshQuality.DistortedMeshReportsNonZeroMetrics ...........................................................   Passed    0.05 sec
          Start  424: LeastSquaresTest.LinearFieldCartesianIsExactAtEveryCellIncludingBoundaryAdjacent
 437/2043 Test  #776: BoussinesqCaseTest.BuilderConstructsBoussinesqBuoyancyWithFluidDensity ...................................   Passed    0.05 sec
          Start 1264: SSTModelTest.NearWallBlendApproachesSSTsOwnInnerCoefficientSet
 438/2043 Test #1622: SIMPLEFailureTest.OutOfRangeReferenceCellReportsInvalidConfiguration .....................................   Passed    0.03 sec
          Start 2021: MomentumMMS.PressureGradientBalance
 439/2043 Test #1106: ThermalRegionMapTest.ConstructsAndReportsCellRegions .....................................................   Passed    0.04 sec
          Start 1416: CaseSessionTest.SaveAsWritesARoundTripLoadableCase
 440/2043 Test  #424: LeastSquaresTest.LinearFieldCartesianIsExactAtEveryCellIncludingBoundaryAdjacent .........................   Passed    0.04 sec
          Start  457: DiffusionTest.NetDirichletBoundaryFluxIsMoreAccurateWithCorrectionOnDistortedMesh
 441/2043 Test #1264: SSTModelTest.NearWallBlendApproachesSSTsOwnInnerCoefficientSet ...........................................   Passed    0.05 sec
          Start 1285: SpeciesEquationDiffusionTest.ConstantConcentrationGivesZeroContributionEverywhere
 442/2043 Test  #457: DiffusionTest.NetDirichletBoundaryFluxIsMoreAccurateWithCorrectionOnDistortedMesh ........................   Passed    0.03 sec
          Start 1477: GridConvergenceTest.ZeroDifferenceHandled
 443/2043 Test #1285: SpeciesEquationDiffusionTest.ConstantConcentrationGivesZeroContributionEverywhere ........................   Passed    0.03 sec
          Start   71: MeshGeometryNonOrthogonal.OrthogonalButSkewedFace
 444/2043 Test #2021: MomentumMMS.PressureGradientBalance ......................................................................   Passed    0.09 sec
          Start 1791: CompressibleSimpleTest.TinyCavityConvergesWithGenuineCompressibility
 445/2043 Test #1477: GridConvergenceTest.ZeroDifferenceHandled ................................................................   Passed    0.03 sec
          Start 1055: EnergyEquationDiffusionTest.ConstantTemperatureGivesZeroContributionEverywhere
 446/2043 Test #1416: CaseSessionTest.SaveAsWritesARoundTripLoadableCase .......................................................   Passed    0.10 sec
          Start  950: Case3DTest.RejectsVelocitiesOfTheWrongDimensionAndTwoDimensionalPatchNames
 447/2043 Test   #71: MeshGeometryNonOrthogonal.OrthogonalButSkewedFace ........................................................   Passed    0.04 sec
          Start  899: StructuredQuadCase.CartesianMeshHasNoVerticesAndRejectsThem
 448/2043 Test #1055: EnergyEquationDiffusionTest.ConstantTemperatureGivesZeroContributionEverywhere ...........................   Passed    0.02 sec
          Start 1105: ThermalSolverVariablePropertiesTest.VariableConductivityMatchesManufacturedAnalyticalProfile
 449/2043 Test #1791: CompressibleSimpleTest.TinyCavityConvergesWithGenuineCompressibility .....................................   Passed    0.05 sec
          Start  256: SparseMatrixTest.BuilderProducesExpectedCsr
 450/2043 Test  #899: StructuredQuadCase.CartesianMeshHasNoVerticesAndRejectsThem ..............................................   Passed    0.03 sec
          Start 1170: TurbulenceProductionTest.NormalStrainContributesWithFactorTwo
 451/2043 Test  #950: Case3DTest.RejectsVelocitiesOfTheWrongDimensionAndTwoDimensionalPatchNames ...............................   Passed    0.04 sec
          Start 1268: TurbulenceModelFactoryTest.KEpsilonOverloadRejectsUnsupportedModelNames
 452/2043 Test #1105: ThermalSolverVariablePropertiesTest.VariableConductivityMatchesManufacturedAnalyticalProfile .............   Passed    0.03 sec
          Start  895: RobustnessConfigTest.InvalidValuesAreRejectedWithTheFieldNamed
 453/2043 Test  #256: SparseMatrixTest.BuilderProducesExpectedCsr ..............................................................   Passed    0.03 sec
          Start  763: TurbulenceCaseTest.RejectsKEpsilonModelWithInitialOmegaOnly
 454/2043 Test #1170: TurbulenceProductionTest.NormalStrainContributesWithFactorTwo ............................................   Passed    0.03 sec
          Start   80: MeshQuality.NonOrthogonalityMetricsAreDeterministic
 455/2043 Test #1268: TurbulenceModelFactoryTest.KEpsilonOverloadRejectsUnsupportedModelNames ..................................   Passed    0.04 sec
          Start   72: MeshGeometryNonOrthogonal.DistortedDecompositionIsConsistent
 456/2043 Test  #763: TurbulenceCaseTest.RejectsKEpsilonModelWithInitialOmegaOnly ..............................................   Passed    0.03 sec
          Start  636: BoussinesqBuoyancyTest.ColdCellWithDownwardGravityDrivesFluidDownward
 457/2043 Test  #895: RobustnessConfigTest.InvalidValuesAreRejectedWithTheFieldNamed ...........................................   Passed    0.04 sec
          Start  632: BoussinesqBuoyancyTest.ReferenceTemperatureGivesZeroSource
 458/2043 Test   #80: MeshQuality.NonOrthogonalityMetricsAreDeterministic ......................................................   Passed    0.02 sec
          Start  119: StructuredQuadMesh.CartesianMeshCarriesItsLatticeGrid
 459/2043 Test   #72: MeshGeometryNonOrthogonal.DistortedDecompositionIsConsistent .............................................   Passed    0.02 sec
          Start 1035: AdaptiveRelaxation.RespectsBounds
 460/2043 Test  #636: BoussinesqBuoyancyTest.ColdCellWithDownwardGravityDrivesFluidDownward ....................................   Passed    0.02 sec
          Start 1200: KOmegaEquationTest.LinearEffectiveDiffusivityRejectsInvalidInputs
 461/2043 Test  #632: BoussinesqBuoyancyTest.ReferenceTemperatureGivesZeroSource ...............................................   Passed    0.03 sec
          Start   84: MeshQualityReport.AspectRatioOfARectangleIsItsSideRatio
 462/2043 Test  #119: StructuredQuadMesh.CartesianMeshCarriesItsLatticeGrid ....................................................   Passed    0.02 sec
          Start  863: JSONWriterTest.FinalResidualsAndMassImbalanceAreCorrect
 463/2043 Test #1035: AdaptiveRelaxation.RespectsBounds ........................................................................   Passed    0.02 sec
          Start  466: ConvectionTest.BoundaryInflowUsesGhostReflectedValue
 464/2043 Test #1200: KOmegaEquationTest.LinearEffectiveDiffusivityRejectsInvalidInputs ........................................   Passed    0.02 sec
          Start 1383: CompressibleMassFluxTest.BoundaryDensityMatchesDirectEosEvaluation
 465/2043 Test   #84: MeshQualityReport.AspectRatioOfARectangleIsItsSideRatio ..................................................   Passed    0.02 sec
          Start   91: MeshQualityReport.NonOrthogonalityBeyondSeventyDegreesIsAWarningNotAnError
 466/2043 Test  #863: JSONWriterTest.FinalResidualsAndMassImbalanceAreCorrect ..................................................   Passed    0.03 sec
          Start  170: MultiBlockMesh.InterfaceFluxesCancelExactlyBetweenBlocks
 467/2043 Test  #466: ConvectionTest.BoundaryInflowUsesGhostReflectedValue .....................................................   Passed    0.03 sec
          Start  809: MultiphaseCaseTest.RejectsAlphaKeyWhenMultiphaseDisabled
 468/2043 Test #1383: CompressibleMassFluxTest.BoundaryDensityMatchesDirectEosEvaluation .......................................   Passed    0.03 sec
          Start  606: MomentumDiffusionTest.MismatchedEffectiveViscosityFieldSizeThrows
 469/2043 Test   #91: MeshQualityReport.NonOrthogonalityBeyondSeventyDegreesIsAWarningNotAnError ...............................   Passed    0.04 sec
          Start   81: MeshQuality.InvalidGeometryHandledSafely
 470/2043 Test  #170: MultiBlockMesh.InterfaceFluxesCancelExactlyBetweenBlocks .................................................   Passed    0.03 sec
          Start  195: MeshMotionGeometry.SinusoidalDeformation3D
 471/2043 Test  #809: MultiphaseCaseTest.RejectsAlphaKeyWhenMultiphaseDisabled .................................................   Passed    0.03 sec
          Start  117: StructuredQuadMesh.DistortedMeshIsConservativeAndGenuinelyNonOrthogonal
 472/2043 Test  #606: MomentumDiffusionTest.MismatchedEffectiveViscosityFieldSizeThrows ........................................   Passed    0.03 sec
          Start  129: StructuredQuadMesh.RejectsDegenerateCells
 473/2043 Test   #81: MeshQuality.InvalidGeometryHandledSafely .................................................................   Passed    0.02 sec
          Start 1018: ResidualTrend.Stagnating
 474/2043 Test  #195: MeshMotionGeometry.SinusoidalDeformation3D ...............................................................   Passed    0.04 sec
          Start  161: GradedMesh.VertexGridIsTheGradedNodes
 475/2043 Test  #117: StructuredQuadMesh.DistortedMeshIsConservativeAndGenuinelyNonOrthogonal ..................................   Passed    0.04 sec
          Start  703: CaseValidationTest.UnsupportedGeometryTypeIsRejected
 476/2043 Test  #129: StructuredQuadMesh.RejectsDegenerateCells ................................................................   Passed    0.04 sec
          Start   75: MeshQuality.NonSquareCellsReportCorrectAspectRatio
 477/2043 Test #1018: ResidualTrend.Stagnating .................................................................................   Passed    0.03 sec
          Start 1326: EvaluateMixtureFieldTest.EvaluatesEveryCellFromItsOwnAlpha
 478/2043 Test  #161: GradedMesh.VertexGridIsTheGradedNodes ....................................................................   Passed    0.03 sec
          Start 1025: ResidualTrend.SubFloorRoundOffGrowthIsNotDivergence
 479/2043 Test  #703: CaseValidationTest.UnsupportedGeometryTypeIsRejected .....................................................   Passed    0.02 sec
          Start  979: CFLTest.RejectsNonPositiveDt
 480/2043 Test   #75: MeshQuality.NonSquareCellsReportCorrectAspectRatio .......................................................   Passed    0.02 sec
          Start 1257: SSTModelTest.RejectsInvalidCoefficients
 481/2043 Test #1326: EvaluateMixtureFieldTest.EvaluatesEveryCellFromItsOwnAlpha ...............................................   Passed    0.03 sec
          Start   82: MeshQuality.DetectsOutOfRangeOwner
 482/2043 Test #1025: ResidualTrend.SubFloorRoundOffGrowthIsNotDivergence ......................................................   Passed    0.03 sec
          Start  933: MultiBlockCase.ParserErrorsNameTheField
 483/2043 Test  #979: CFLTest.RejectsNonPositiveDt .............................................................................   Passed    0.03 sec
          Start   44: Vector3Test.Vector2IsTheSameTypeWithZeroZ
 484/2043 Test #1257: SSTModelTest.RejectsInvalidCoefficients ..................................................................   Passed    0.03 sec
          Start  104: CartesianMesh.TwoByTwo
 485/2043 Test   #82: MeshQuality.DetectsOutOfRangeOwner .......................................................................   Passed    0.03 sec
          Start 1017: ResidualTrend.SlowConvergenceIsNotStagnation
 486/2043 Test   #44: Vector3Test.Vector2IsTheSameTypeWithZeroZ ................................................................   Passed    0.03 sec
          Start 1159: LaminarModelTest.TurbulentViscositySizeMatchesMesh
 487/2043 Test  #933: MultiBlockCase.ParserErrorsNameTheField ..................................................................   Passed    0.04 sec
          Start 1132: ConjugateBoundaryEquivalence.SingleRegionMatchesSingleMaterialIn3D
 488/2043 Test  #104: CartesianMesh.TwoByTwo ...................................................................................   Passed    0.03 sec
          Start   63: Mesh.BoundaryPatchLookupByName
 489/2043 Test #1017: ResidualTrend.SlowConvergenceIsNotStagnation .............................................................   Passed    0.04 sec
          Start  864: JSONWriterTest.FiniteFlagReflectsActualFieldFiniteness
 490/2043 Test #1159: LaminarModelTest.TurbulentViscositySizeMatchesMesh .......................................................   Passed    0.04 sec
          Start 1109: ThermalRegionMapTest.RejectsEmptyCellRegionIndex
 491/2043 Test   #63: Mesh.BoundaryPatchLookupByName ...........................................................................   Passed    0.01 sec
          Start  988: TransientSolverTest.StepReportedNonFiniteStatePropagates
 492/2043 Test #1132: ConjugateBoundaryEquivalence.SingleRegionMatchesSingleMaterialIn3D .......................................   Passed    0.04 sec
          Start 1270: TurbulenceModelFactoryTest.KOmegaNameCreatesKOmegaModel
 493/2043 Test  #864: JSONWriterTest.FiniteFlagReflectsActualFieldFiniteness ...................................................   Passed    0.03 sec
          Start 1771: AlePisoMovingWall.PistonPushesUniformFlowOutOfTheChannel
 494/2043 Test #1109: ThermalRegionMapTest.RejectsEmptyCellRegionIndex .........................................................   Passed    0.04 sec
          Start  922: GradedMeshCase.InvalidRatiosAreRejected
 495/2043 Test  #988: TransientSolverTest.StepReportedNonFiniteStatePropagates .................................................   Passed    0.04 sec
          Start 1256: SSTModelTest.RejectsInvalidInitialOmega
 496/2043 Test #1270: TurbulenceModelFactoryTest.KOmegaNameCreatesKOmegaModel ..................................................   Passed    0.03 sec
          Start  120: StructuredQuadMesh.MeshWithoutGridReportsNone
 497/2043 Test #1771: AlePisoMovingWall.PistonPushesUniformFlowOutOfTheChannel .................................................   Passed    0.04 sec
          Start  114: MeshFingerprintTest.DifferentAspectRatioSameCellCountProducesDifferentFingerprint
 498/2043 Test #1256: SSTModelTest.RejectsInvalidInitialOmega ..................................................................   Passed    0.03 sec
          Start 1108: ThermalRegionMapTest.RejectsDuplicateRegionNames
 499/2043 Test  #922: GradedMeshCase.InvalidRatiosAreRejected ..................................................................   Passed    0.05 sec
          Start  467: ConvectionTest.ConstantFieldGivesZeroConvection
 500/2043 Test  #120: StructuredQuadMesh.MeshWithoutGridReportsNone ............................................................   Passed    0.03 sec
          Start  669: MomentumVariableViscosityTest.TabulatedMuGivesTheExpectedFaceValue
 501/2043 Test  #114: MeshFingerprintTest.DifferentAspectRatioSameCellCountProducesDifferentFingerprint ........................   Passed    0.02 sec
          Start  967: TimeControllerTest.RepeatedRunsAreBitIdentical
 502/2043 Test #1108: ThermalRegionMapTest.RejectsDuplicateRegionNames .........................................................   Passed    0.03 sec
          Start 1258: SSTModelTest.RejectsNoWallPatches
 503/2043 Test  #467: ConvectionTest.ConstantFieldGivesZeroConvection ..........................................................   Passed    0.02 sec
          Start  121: StructuredQuadMesh.MeshRejectsGridThatDoesNotMatchItsCells
 504/2043 Test  #669: MomentumVariableViscosityTest.TabulatedMuGivesTheExpectedFaceValue .......................................   Passed    0.03 sec
          Start   86: MeshQualityReport.ExpansionRatioOfAGeometricGradingIsItsRatio
 505/2043 Test  #967: TimeControllerTest.RepeatedRunsAreBitIdentical ...........................................................   Passed    0.02 sec
          Start  184: Cartesian3DMeshTest.StructuredGridMustMatchTheMeshDimension
 506/2043 Test #1258: SSTModelTest.RejectsNoWallPatches ........................................................................   Passed    0.03 sec
          Start 1243: SSTEquationTest.OmegaDiffusivityMatchesHandDerivedBlendedValue
 507/2043 Test  #121: StructuredQuadMesh.MeshRejectsGridThatDoesNotMatchItsCells ...............................................   Passed    0.03 sec
          Start 1450: Vorticity2DTest.UniformFlowHasZeroVorticity
 508/2043 Test   #86: MeshQualityReport.ExpansionRatioOfAGeometricGradingIsItsRatio ............................................   Passed    0.03 sec
          Start 1392: CompressibleContinuityTest.CombinedTimeAndFluxHandDerived
 509/2043 Test  #184: Cartesian3DMeshTest.StructuredGridMustMatchTheMeshDimension ..............................................   Passed    0.02 sec
          Start  603: MomentumDiffusionTest.MismatchedVelocitySizeThrows
 510/2043 Test #1243: SSTEquationTest.OmegaDiffusivityMatchesHandDerivedBlendedValue ...........................................   Passed    0.02 sec
          Start  838: CSVWriterTest.WriteFieldsRowCountAndCellOrderMatchMesh
 511/2043 Test #1450: Vorticity2DTest.UniformFlowHasZeroVorticity ..............................................................   Passed    0.02 sec
          Start   99: MeshQualityReport.FatalIssuesAreCappedWithACountOfTheRest
 512/2043 Test #1392: CompressibleContinuityTest.CombinedTimeAndFluxHandDerived ................................................   Passed    0.02 sec
          Start  381: HeatFluxTest.RejectsInvalidConductivity
 513/2043 Test  #603: MomentumDiffusionTest.MismatchedVelocitySizeThrows .......................................................   Passed    0.02 sec
          Start 1240: SSTEquationTest.F1ApproachesOneVeryNearAWall
 514/2043 Test  #838: CSVWriterTest.WriteFieldsRowCountAndCellOrderMatchMesh ...................................................   Passed    0.02 sec
          Start  976: CFLTest.DoublingVelocityDoublesCFL
 515/2043 Test   #99: MeshQualityReport.FatalIssuesAreCappedWithACountOfTheRest ................................................   Passed    0.02 sec
          Start 1255: SSTModelTest.RejectsInvalidInitialK
 516/2043 Test  #381: HeatFluxTest.RejectsInvalidConductivity ..................................................................   Passed    0.02 sec
          Start 1320: TwoPhaseSystemTest.StoresBothPhases
 517/2043 Test #1240: SSTEquationTest.F1ApproachesOneVeryNearAWall .............................................................   Passed    0.02 sec
          Start  340: LinearFallbackTest.OnlyAlgorithmicFailuresAreEligible
 518/2043 Test  #976: CFLTest.DoublingVelocityDoublesCFL .......................................................................   Passed    0.02 sec
          Start 1448: VelocityMagnitudeTest.MatchesPythagoreanFormula
 519/2043 Test #1255: SSTModelTest.RejectsInvalidInitialK ......................................................................   Passed    0.03 sec
          Start  155: AxisSpacing.UniformUsesTheCartesianArithmetic
 520/2043 Test #1320: TwoPhaseSystemTest.StoresBothPhases ......................................................................   Passed    0.03 sec
          Start  154: MeshGrading.RejectsVanishingCells
 521/2043 Test  #340: LinearFallbackTest.OnlyAlgorithmicFailuresAreEligible ....................................................   Passed    0.03 sec
          Start 1119: RegionAwareThermalDiffusionTest.MismatchedTemperatureSizeThrows
 522/2043 Test #1448: VelocityMagnitudeTest.MatchesPythagoreanFormula ..........................................................   Passed    0.02 sec
          Start  462: DiffusionTest.BoundaryCorrectionClassificationCoversEveryConditionType
 523/2043 Test  #155: AxisSpacing.UniformUsesTheCartesianArithmetic ............................................................   Passed    0.03 sec
          Start   36: CoreTimer.SecondsAndMillisecondsAreConsistent
 524/2043 Test  #154: MeshGrading.RejectsVanishingCells ........................................................................   Passed    0.03 sec
          Start   76: MeshQuality.CartesianHasZeroNonOrthogonality
 525/2043 Test #1119: RegionAwareThermalDiffusionTest.MismatchedTemperatureSizeThrows ..........................................   Passed    0.03 sec
          Start  450: DiffusionTest.ConstantFieldConservesGloballyOnDistortedMeshWithCorrection
 526/2043 Test  #462: DiffusionTest.BoundaryCorrectionClassificationCoversEveryConditionType ...................................   Passed    0.03 sec
          Start  105: CartesianMesh.FourByThree
 527/2043 Test   #36: CoreTimer.SecondsAndMillisecondsAreConsistent ............................................................   Passed    0.03 sec
          Start   89: MeshQualityReport.MultiBlockInterfaceExpansionIsMeasured
 528/2043 Test   #76: MeshQuality.CartesianHasZeroNonOrthogonality .............................................................   Passed    0.02 sec
          Start  502: GridRefinementTest.QuickConvectionOfSmoothFieldConvergesAboveFirstOrderInInterior
 529/2043 Test  #450: DiffusionTest.ConstantFieldConservesGloballyOnDistortedMeshWithCorrection ................................   Passed    0.03 sec
          Start  122: StructuredQuadMesh.ConstructionIsDeterministic
 530/2043 Test  #105: CartesianMesh.FourByThree ................................................................................   Passed    0.03 sec
          Start 1206: KOmegaModelTest.InitializedToConfiguredValuesEverywhere
 531/2043 Test   #89: MeshQualityReport.MultiBlockInterfaceExpansionIsMeasured .................................................   Passed    0.03 sec
          Start  550: AleOperatorsStaticLimit.BothMomentumAssembliesRefuseA3DMesh
 532/2043 Test  #502: GridRefinementTest.QuickConvectionOfSmoothFieldConvergesAboveFirstOrderInInterior ........................   Passed    0.03 sec
          Start   85: MeshQualityReport.RotatingAValidMeshChangesNoMetric
 533/2043 Test  #122: StructuredQuadMesh.ConstructionIsDeterministic ...........................................................   Passed    0.03 sec
          Start 1186: KEpsilonModelTest.InitializedToConfiguredValuesEverywhere
 534/2043 Test #1206: KOmegaModelTest.InitializedToConfiguredValuesEverywhere ..................................................   Passed    0.04 sec
          Start   96: MeshQualityReport.ReversedFaceOrientationIsFatal
 535/2043 Test  #550: AleOperatorsStaticLimit.BothMomentumAssembliesRefuseA3DMesh ..............................................   Passed    0.03 sec
          Start  968: TimeControllerTest.DefaultStartingStepIsZeroAndBehaviorIsUnchanged
 536/2043 Test   #85: MeshQualityReport.RotatingAValidMeshChangesNoMetric ......................................................   Passed    0.04 sec
          Start   69: MeshGeometryNonOrthogonal.CartesianFacesDecomposeExactly
 537/2043 Test #1186: KEpsilonModelTest.InitializedToConfiguredValuesEverywhere ................................................   Passed    0.03 sec
          Start 1183: KEpsilonModelTest.TurbulentViscosityMatchesHandDerivedExample
 538/2043 Test   #96: MeshQualityReport.ReversedFaceOrientationIsFatal .........................................................   Passed    0.05 sec
          Start   60: MeshBoundaryPatch.RejectsEmptyName
 539/2043 Test  #968: TimeControllerTest.DefaultStartingStepIsZeroAndBehaviorIsUnchanged .......................................   Passed    0.06 sec
          Start   58: MeshBoundaryPatch.StoresNameAndFaceIds
 540/2043 Test   #69: MeshGeometryNonOrthogonal.CartesianFacesDecomposeExactly .................................................   Passed    0.06 sec
          Start  845: CSVWriterTest.WriteResidualsHeaderAndRowCount
 541/2043 Test #1183: KEpsilonModelTest.TurbulentViscosityMatchesHandDerivedExample ............................................   Passed    0.04 sec
          Start  727: CaseValidationTest.UnsupportedLinearSolverTypeIsRejected
 542/2043 Test   #60: MeshBoundaryPatch.RejectsEmptyName .......................................................................   Passed    0.03 sec
          Start  389: AdiabaticTest.RepeatedEvaluationIsDeterministic
 543/2043 Test   #58: MeshBoundaryPatch.StoresNameAndFaceIds ...................................................................   Passed    0.03 sec
          Start  977: CFLTest.MaxMeanAndMaxCellForNonUniformFlux
 544/2043 Test  #845: CSVWriterTest.WriteResidualsHeaderAndRowCount ............................................................   Passed    0.03 sec
          Start  756: TurbulenceCaseTest.ParsesSSTConfigWhenEnabled
 545/2043 Test  #727: CaseValidationTest.UnsupportedLinearSolverTypeIsRejected .................................................   Passed    0.04 sec
          Start 1209: KOmegaModelTest.RejectsInvalidInitialOmega
 546/2043 Test  #389: AdiabaticTest.RepeatedEvaluationIsDeterministic ..........................................................   Passed    0.03 sec
          Start  905: StructuredQuadCase.NonMonotoneBoundaryEdgeIsRejected
 547/2043 Test  #977: CFLTest.MaxMeanAndMaxCellForNonUniformFlux ...............................................................   Passed    0.03 sec
          Start  520: GridRefinementTest.DiffusionStronglyDistortedUncorrectedInterior
 548/2043 Test  #756: TurbulenceCaseTest.ParsesSSTConfigWhenEnabled ............................................................   Passed    0.03 sec
          Start  521: GridRefinementTest.DiffusionStronglyDistortedCorrectedConvergesAtSecondOrderInInterior
 549/2043 Test #1209: KOmegaModelTest.RejectsInvalidInitialOmega ...............................................................   Passed    0.03 sec
          Start   97: MeshQualityReport.BoundaryFaceMustBeInExactlyOnePatch
 550/2043 Test  #905: StructuredQuadCase.NonMonotoneBoundaryEdgeIsRejected .....................................................   Passed    0.03 sec
          Start 1473: GridConvergenceTest.GCIKnownCase
 551/2043 Test  #520: GridRefinementTest.DiffusionStronglyDistortedUncorrectedInterior .........................................   Passed    0.03 sec
          Start  869: JSONWriterTest.WritesSpeciesMetadataInOrderWhenProvided
 552/2043 Test  #521: GridRefinementTest.DiffusionStronglyDistortedCorrectedConvergesAtSecondOrderInInterior ...................   Passed    0.03 sec
          Start  853: CSVWriterTest.NonFiniteTemperatureThrows
 553/2043 Test   #97: MeshQualityReport.BoundaryFaceMustBeInExactlyOnePatch ....................................................   Passed    0.02 sec
          Start  721: CaseValidationTest.MissingPressureBlockIsRejected
 554/2043 Test #1473: GridConvergenceTest.GCIKnownCase .........................................................................   Passed    0.02 sec
          Start 1059: EnergyEquationConvectionTest.BoundaryOutflowUsesOwnerUnknownNotBoundaryValue
 555/2043 Test  #869: JSONWriterTest.WritesSpeciesMetadataInOrderWhenProvided ..................................................   Passed    0.02 sec
          Start 1282: SpeciesPropertiesTest.TwoIndependentSpeciesKeepSeparateIdentityAndDiffusivity
 556/2043 Test  #853: CSVWriterTest.NonFiniteTemperatureThrows .................................................................   Passed    0.02 sec
          Start  368: BoundaryConditionSetTest.GetThrowsForUnassignedPatch
 557/2043 Test  #721: CaseValidationTest.MissingPressureBlockIsRejected ........................................................   Passed    0.04 sec
          Start  662: EvaluatePropertyFieldTest.ConstantPropertyGivesAUniformField
 558/2043 Test #1059: EnergyEquationConvectionTest.BoundaryOutflowUsesOwnerUnknownNotBoundaryValue .............................   Passed    0.06 sec
          Start  124: StructuredQuadMesh.RejectsWrongVertexCount
 559/2043 Test #1282: SpeciesPropertiesTest.TwoIndependentSpeciesKeepSeparateIdentityAndDiffusivity ............................   Passed    0.07 sec
          Start  839: CSVWriterTest.WriteFieldsCoordinatesComeFromMesh
 560/2043 Test  #368: BoundaryConditionSetTest.GetThrowsForUnassignedPatch .....................................................   Passed    0.05 sec
          Start  115: StructuredQuadMesh.LatticeVerticesReproduceCartesianMesh
 561/2043 Test  #662: EvaluatePropertyFieldTest.ConstantPropertyGivesAUniformField .............................................   Passed    0.04 sec
          Start  245: Fields3DTest.VectorFieldsCarryThreeComponents
 562/2043 Test  #124: StructuredQuadMesh.RejectsWrongVertexCount ...............................................................   Passed    0.02 sec
          Start  878: VTKWriterTest.CellDataSectionHasPressureVelocityThenMagnitudeInOrder
 563/2043 Test  #839: CSVWriterTest.WriteFieldsCoordinatesComeFromMesh .........................................................   Passed    0.03 sec
          Start 1454: ProbeScalarTest.MismatchedFieldSizeThrows
 564/2043 Test  #115: StructuredQuadMesh.LatticeVerticesReproduceCartesianMesh .................................................   Passed    0.03 sec
          Start  379: HeatFluxTest.ExposesHeatFluxAndConductivity
 565/2043 Test  #245: Fields3DTest.VectorFieldsCarryThreeComponents ............................................................   Passed    0.04 sec
          Start  805: MultiphaseCaseTest.RejectsNonPositiveTransportTimeStep
 566/2043 Test  #878: VTKWriterTest.CellDataSectionHasPressureVelocityThenMagnitudeInOrder .....................................   Passed    0.05 sec
          Start  810: CompressibleCaseTest.NonCompressibleFixtureHasNoCompressibleConfig
 567/2043 Test #1454: ProbeScalarTest.MismatchedFieldSizeThrows ................................................................   Passed    0.05 sec
          Start 1313: SpeciesNonOrthogonalTest.CartesianSolveIsBitIdentical
 568/2043 Test  #379: HeatFluxTest.ExposesHeatFluxAndConductivity ..............................................................   Passed    0.04 sec
          Start  800: MultiphaseCaseTest.ParsesMultiphaseConfigWhenEnabled
 569/2043 Test  #805: MultiphaseCaseTest.RejectsNonPositiveTransportTimeStep ...................................................   Passed    0.04 sec
          Start  815: CompressibleCaseTest.RejectsNonBooleanCoupled
 570/2043 Test  #810: CompressibleCaseTest.NonCompressibleFixtureHasNoCompressibleConfig .......................................   Passed    0.06 sec
          Start   95: MeshQualityReport.BrokenConnectivityIsFatal
 571/2043 Test #1313: SpeciesNonOrthogonalTest.CartesianSolveIsBitIdentical ....................................................   Passed    0.06 sec
          Start  364: BoundaryConditionSetTest.RejectsUnknownPatch
 572/2043 Test  #800: MultiphaseCaseTest.ParsesMultiphaseConfigWhenEnabled .....................................................   Passed    0.06 sec
          Start  676: CaseReaderTest.ValidCaseParsesIntoExpectedConfiguration
 573/2043 Test  #815: CompressibleCaseTest.RejectsNonBooleanCoupled ............................................................   Passed    0.04 sec
          Start 1464: SampleVectorFieldTest.MismatchedSizeThrows
 574/2043 Test   #95: MeshQualityReport.BrokenConnectivityIsFatal ..............................................................   Passed    0.04 sec
          Start 1201: KOmegaEquationTest.OmegaSourceMatchesHandDerivedExample
 575/2043 Test  #364: BoundaryConditionSetTest.RejectsUnknownPatch .............................................................   Passed    0.04 sec
          Start  148: MeshGrading.NearUnityRatioTendsToUniform
 576/2043 Test  #676: CaseReaderTest.ValidCaseParsesIntoExpectedConfiguration ..................................................   Passed    0.04 sec
          Start  842: CSVWriterTest.WriteFieldsMismatchedSizeThrows
 577/2043 Test #1464: SampleVectorFieldTest.MismatchedSizeThrows ...............................................................   Passed    0.04 sec
          Start 1226: SSTEquationTest.AlphaRejectsInvalidBetaStar
 578/2043 Test #1201: KOmegaEquationTest.OmegaSourceMatchesHandDerivedExample ..................................................   Passed    0.03 sec
          Start  106: CartesianMesh.TwentyByTwenty
 579/2043 Test  #148: MeshGrading.NearUnityRatioTendsToUniform .................................................................   Passed    0.03 sec
          Start  130: MeshValidity.HandBuiltTwoCellMeshIsValid
 580/2043 Test  #842: CSVWriterTest.WriteFieldsMismatchedSizeThrows ............................................................   Passed    0.02 sec
          Start 1349: VolumeFractionSolverTest.NonFiniteStateForNonFiniteAlphaOld
 581/2043 Test #1226: SSTEquationTest.AlphaRejectsInvalidBetaStar ..............................................................   Passed    0.02 sec
          Start 1048: ThermalPropertiesTest.RejectsNonFiniteConductivity
 582/2043 Test  #106: CartesianMesh.TwentyByTwenty .............................................................................   Passed    0.02 sec
          Start  167: MultiBlockMesh.LShapedDomainPatchesFollowTheListedSides
 583/2043 Test  #130: MeshValidity.HandBuiltTwoCellMeshIsValid .................................................................   Passed    0.02 sec
          Start  269: SparseMatrixTest.RejectsUnsortedColumnsWithinRow
 584/2043 Test #1349: VolumeFractionSolverTest.NonFiniteStateForNonFiniteAlphaOld ..............................................   Passed    0.02 sec
          Start   22: CoreConstants.ToleranceOrdering
 585/2043 Test #1048: ThermalPropertiesTest.RejectsNonFiniteConductivity .......................................................   Passed    0.02 sec
          Start 1052: ThermalPropertiesTest.ThermalDiffusivityRejectsNonFiniteDensity
 586/2043 Test  #167: MultiBlockMesh.LShapedDomainPatchesFollowTheListedSides ..................................................   Passed    0.02 sec
          Start 1345: VolumeFractionSolverTest.ConvergesForASimpleUniformInletFlow
 587/2043 Test  #269: SparseMatrixTest.RejectsUnsortedColumnsWithinRow .........................................................   Passed    0.03 sec
          Start   56: MeshFace.RejectsZeroAreaVector
 588/2043 Test   #22: CoreConstants.ToleranceOrdering ..........................................................................   Passed    0.03 sec
          Start  769: TurbulenceCaseTest.RejectsOmegaRelaxationWithoutInitialOmega
 589/2043 Test #1052: ThermalPropertiesTest.ThermalDiffusivityRejectsNonFiniteDensity ..........................................   Passed    0.02 sec
          Start  690: CaseReaderTest.MalformedManifestJsonThrowsIOError
 590/2043 Test #1345: VolumeFractionSolverTest.ConvergesForASimpleUniformInletFlow .............................................   Passed    0.02 sec
          Start 1090: ThermalSolverTest.ConvergesAndMatchesAnalytical1DConductionProfile
 591/2043 Test   #56: MeshFace.RejectsZeroAreaVector ...........................................................................   Passed    0.02 sec
          Start  929: GradedMeshCase.UngradedCaseIsWrittenUnchanged
 592/2043 Test  #769: TurbulenceCaseTest.RejectsOmegaRelaxationWithoutInitialOmega .............................................   Passed    0.02 sec
          Start  691: CaseReaderTest.MalformedReferencedJsonThrowsIOError
 593/2043 Test  #690: CaseReaderTest.MalformedManifestJsonThrowsIOError ........................................................   Passed    0.02 sec
          Start 1199: KOmegaEquationTest.LinearEffectiveDiffusivityReducesToMolecularAsMuTVanishes
 594/2043 Test #1090: ThermalSolverTest.ConvergesAndMatchesAnalytical1DConductionProfile .......................................   Passed    0.03 sec
          Start  331: LinearFallbackTest.DisabledPropagatesFailure
 595/2043 Test  #929: GradedMeshCase.UngradedCaseIsWrittenUnchanged ............................................................   Passed    0.03 sec
          Start 1329: VolumeFractionConvectionTest.PositiveInternalFluxSelectsOwnerNegativeSelectsNeighbor
 596/2043 Test  #691: CaseReaderTest.MalformedReferencedJsonThrowsIOError ......................................................   Passed    0.03 sec
          Start  645: ConstantPropertyTest.RejectsNonFiniteReferenceValue
 597/2043 Test #1199: KOmegaEquationTest.LinearEffectiveDiffusivityReducesToMolecularAsMuTVanishes .............................   Passed    0.03 sec
          Start  459: DiffusionTest.CorrectionNeverAlterableOnPureBoundaryMeshWithMixedConditions
 598/2043 Test  #331: LinearFallbackTest.DisabledPropagatesFailure .............................................................   Passed    0.03 sec
          Start  289: CGTest.ExactInitialGuessConvergesAtIterationZero
 599/2043 Test #1329: VolumeFractionConvectionTest.PositiveInternalFluxSelectsOwnerNegativeSelectsNeighbor .....................   Passed    0.02 sec
          Start  868: JSONWriterTest.SpeciesArrayIsEmptyByDefault
 600/2043 Test  #645: ConstantPropertyTest.RejectsNonFiniteReferenceValue ......................................................   Passed    0.02 sec
          Start  247: AlgebraVector.Addition
 601/2043 Test  #459: DiffusionTest.CorrectionNeverAlterableOnPureBoundaryMeshWithMixedConditions ..............................   Passed    0.02 sec
          Start  116: StructuredQuadMesh.TrapezoidGeometryIsExact
 602/2043 Test  #289: CGTest.ExactInitialGuessConvergesAtIterationZero .........................................................   Passed    0.02 sec
          Start  710: CaseValidationTest.NonPositiveDensityIsRejected
 603/2043 Test  #868: JSONWriterTest.SpeciesArrayIsEmptyByDefault ..............................................................   Passed    0.02 sec
          Start   66: MeshGeometry.UnitNormalHasUnitMagnitude
 604/2043 Test  #247: AlgebraVector.Addition ...................................................................................   Passed    0.03 sec
          Start  203: MeshGeometryUpdate.RejectsInvalidGeometryAndChangesNothing
 605/2043 Test  #116: StructuredQuadMesh.TrapezoidGeometryIsExact ..............................................................   Passed    0.03 sec
          Start  648: LinearPropertyTest.MatchesHandWorkedValuesAboveAndBelowReference
 606/2043 Test  #710: CaseValidationTest.NonPositiveDensityIsRejected ..........................................................   Passed    0.03 sec
          Start 1305: SpeciesSolverTest.InvalidConfigurationForMismatchedConcentrationSize
 607/2043 Test  #203: MeshGeometryUpdate.RejectsInvalidGeometryAndChangesNothing ...............................................   Passed    0.02 sec
          Start  386: AdiabaticTest.EquivalentToZeroHeatFluxForAnyConductivity
 608/2043 Test   #66: MeshGeometry.UnitNormalHasUnitMagnitude ..................................................................   Passed    0.03 sec
          Start  768: TurbulenceCaseTest.RejectsOutOfRangeRelaxation
 609/2043 Test  #648: LinearPropertyTest.MatchesHandWorkedValuesAboveAndBelowReference .........................................   Passed    0.02 sec
          Start  884: VTKWriterTest.AppendsTemperatureBlockAfterVelocityMagnitudeWhenProvided
 610/2043 Test #1305: SpeciesSolverTest.InvalidConfigurationForMismatchedConcentrationSize .....................................   Passed    0.02 sec
          Start 1188: KEpsilonModelTest.RejectsInvalidInitialK
 611/2043 Test  #386: AdiabaticTest.EquivalentToZeroHeatFluxForAnyConductivity .................................................   Passed    0.02 sec
          Start  744: ThermalCaseTest.RejectsMissingPerPatchTemperatureWhenThermalEnabled
 612/2043 Test  #768: TurbulenceCaseTest.RejectsOutOfRangeRelaxation ...........................................................   Passed    0.02 sec
          Start 1057: EnergyEquationDiffusionTest.MismatchedTemperatureSizeThrows
 613/2043 Test  #884: VTKWriterTest.AppendsTemperatureBlockAfterVelocityMagnitudeWhenProvided ..................................   Passed    0.02 sec
          Start  897: RobustnessConfigTest.GmresLinearSolverTypeIsAccepted
 614/2043 Test #1188: KEpsilonModelTest.RejectsInvalidInitialK .................................................................   Passed    0.02 sec
          Start 1030: ConvergencePolicy.NormalizedHistoriesAreReportedAndFinite
 615/2043 Test  #744: ThermalCaseTest.RejectsMissingPerPatchTemperatureWhenThermalEnabled ......................................   Passed    0.02 sec
          Start  941: VTK3DTest.HexahedralMeshAndFieldsRoundTrip
 616/2043 Test #1057: EnergyEquationDiffusionTest.MismatchedTemperatureSizeThrows ..............................................   Passed    0.02 sec
          Start  158: AxisSpacing.FromNodesRejectsInvalidNodes
 617/2043 Test  #897: RobustnessConfigTest.GmresLinearSolverTypeIsAccepted .....................................................   Passed    0.03 sec
          Start  934: MultiBlockCase.GeometryMustBeMeshDefinedExactlyForMultiblock
 618/2043 Test #1030: ConvergencePolicy.NormalizedHistoriesAreReportedAndFinite ................................................   Passed    0.03 sec
          Start  687: CaseReaderTest.MissingCaseDirectoryThrowsIOError
 619/2043 Test  #941: VTK3DTest.HexahedralMeshAndFieldsRoundTrip ...............................................................   Passed    0.03 sec
          Start  102: CartesianMesh.TwoByOne
 620/2043 Test  #158: AxisSpacing.FromNodesRejectsInvalidNodes .................................................................   Passed    0.03 sec
          Start 1849: TwoMaterialConductionValidation.Grid80MatchesAnalyticalSolution
 621/2043 Test  #934: MultiBlockCase.GeometryMustBeMeshDefinedExactlyForMultiblock .............................................   Passed    0.03 sec
          Start  297: BiCGSTABBreakdown.Mesh004ThermalSystemsConvergeToTheRequestedTolerance
 622/2043 Test  #687: CaseReaderTest.MissingCaseDirectoryThrowsIOError .........................................................   Passed    0.03 sec
          Start 1178: KEpsilonEquationTest.ImplicitSourceRejectsNonFiniteSuOrSp
 623/2043 Test  #102: CartesianMesh.TwoByOne ...................................................................................   Passed    0.03 sec
          Start 1092: ThermalSolverTest.InvalidConfigurationForMismatchedMassFluxSize
 624/2043 Test #1849: TwoMaterialConductionValidation.Grid80MatchesAnalyticalSolution ..........................................   Passed    0.04 sec
          Start  655: TabulatedPropertyTest.ClampsAboveRangeToTheLastValue
 625/2043 Test #1178: KEpsilonEquationTest.ImplicitSourceRejectsNonFiniteSuOrSp ................................................   Passed    0.03 sec
          Start 1294: SpeciesEquationAssemblyTest.CombinedAssemblyUsesDensityTimesDiffusivityAsCoefficient
 626/2043 Test #1092: ThermalSolverTest.InvalidConfigurationForMismatchedMassFluxSize ..........................................   Passed    0.02 sec
          Start  237: FieldArithmetic.ScalarFieldMismatchLeavesOperandUnchanged
 627/2043 Test  #297: BiCGSTABBreakdown.Mesh004ThermalSystemsConvergeToTheRequestedTolerance ...................................   Passed    0.06 sec
          Start 1217: WallDistanceTest.HandDerivedDistanceNearBottomWall
 628/2043 Test  #655: TabulatedPropertyTest.ClampsAboveRangeToTheLastValue .....................................................   Passed    0.03 sec
          Start 1455: SampleLineTest.HorizontalLineTracksTheXCoordinateField
 629/2043 Test #1294: SpeciesEquationAssemblyTest.CombinedAssemblyUsesDensityTimesDiffusivityAsCoefficient .....................   Passed    0.02 sec
          Start  802: MultiphaseCaseTest.RejectsInitialAlphaOutOfRange
 630/2043 Test  #237: FieldArithmetic.ScalarFieldMismatchLeavesOperandUnchanged ................................................   Passed    0.02 sec
          Start  927: GradedMeshCase.ImpossibleDomainOrCellCountIsRejected
 631/2043 Test #1217: WallDistanceTest.HandDerivedDistanceNearBottomWall .......................................................   Passed    0.02 sec
          Start   35: CoreTimer.ResetRestartsTiming
 632/2043 Test #1455: SampleLineTest.HorizontalLineTracksTheXCoordinateField ...................................................   Passed    0.03 sec
          Start  200: MeshMotionInvalid.OutOfPlaneMotionOfA2DMeshIsRejected
 633/2043 Test  #802: MultiphaseCaseTest.RejectsInitialAlphaOutOfRange .........................................................   Passed    0.03 sec
          Start  825: PhysicsCompatibilityTest.SpeciesSupportedAlongsideMultiphase
 634/2043 Test  #927: GradedMeshCase.ImpossibleDomainOrCellCountIsRejected .....................................................   Passed    0.03 sec
          Start  125: StructuredQuadMesh.RejectsNonFiniteVertex
 635/2043 Test  #200: MeshMotionInvalid.OutOfPlaneMotionOfA2DMeshIsRejected ....................................................   Passed    0.02 sec
          Start  634: BoussinesqBuoyancyTest.ZeroGravityGivesZeroSourceForAnyTemperature
 636/2043 Test   #35: CoreTimer.ResetRestartsTiming ............................................................................   Passed    0.04 sec
          Start 1216: SSTCoefficientsTest.DefaultsMatchStandardModel
 637/2043 Test  #825: PhysicsCompatibilityTest.SpeciesSupportedAlongsideMultiphase .............................................   Passed    0.03 sec
          Start  739: ThermalCaseTest.RejectsMissingThermalField
 638/2043 Test  #125: StructuredQuadMesh.RejectsNonFiniteVertex ................................................................   Passed    0.03 sec
          Start  762: TurbulenceCaseTest.RejectsNeitherInitialEpsilonNorInitialOmega
 639/2043 Test  #634: BoussinesqBuoyancyTest.ZeroGravityGivesZeroSourceForAnyTemperature .......................................   Passed    0.03 sec
          Start  759: TurbulenceCaseTest.RejectsUnsupportedModelName
 640/2043 Test #1216: SSTCoefficientsTest.DefaultsMatchStandardModel ...........................................................   Passed    0.02 sec
          Start 1248: SSTEquationTest.ProductionLimiterLimitedBranch
 641/2043 Test  #739: ThermalCaseTest.RejectsMissingThermalField ...............................................................   Passed    0.02 sec
          Start 1493: ManufacturedFieldsTest.ScalarForcingExact
 642/2043 Test  #762: TurbulenceCaseTest.RejectsNeitherInitialEpsilonNorInitialOmega ...........................................   Passed    0.03 sec
          Start 1023: ResidualTrend.DisabledDetectionNeverStops
 643/2043 Test  #759: TurbulenceCaseTest.RejectsUnsupportedModelName ...........................................................   Passed    0.03 sec
          Start  924: GradedMeshCase.InvalidTypeClusterAndKeysAreRejected
 644/2043 Test #1248: SSTEquationTest.ProductionLimiterLimitedBranch ...........................................................   Passed    0.03 sec
          Start  761: TurbulenceCaseTest.RejectsBothInitialEpsilonAndInitialOmega
 645/2043 Test #1493: ManufacturedFieldsTest.ScalarForcingExact ................................................................   Passed    0.02 sec
          Start  705: CaseValidationTest.NegativeGeometryHeightIsRejected
 646/2043 Test #1023: ResidualTrend.DisabledDetectionNeverStops ................................................................   Passed    0.03 sec
          Start 1136: SparseAssembly3DTest.OneCell
 647/2043 Test  #761: TurbulenceCaseTest.RejectsBothInitialEpsilonAndInitialOmega ..............................................   Passed    0.02 sec
          Start  166: MultiBlockMesh.RotatedBlocksAndReversedInterfacesConnectAdjacentCells
 648/2043 Test  #705: CaseValidationTest.NegativeGeometryHeightIsRejected ......................................................   Passed    0.01 sec
          Start  936: MultiBlockCase.WriterRoundTripsExactly
 649/2043 Test  #924: GradedMeshCase.InvalidTypeClusterAndKeysAreRejected ......................................................   Passed    0.04 sec
          Start  894: RobustnessConfigTest.PartialBlockKeepsDefaultsForAbsentKeys
 650/2043 Test #1136: SparseAssembly3DTest.OneCell .............................................................................   Passed    0.02 sec
          Start 1466: SampleVectorFieldRawTest.RejectsZeroStride
 651/2043 Test  #166: MultiBlockMesh.RotatedBlocksAndReversedInterfacesConnectAdjacentCells ....................................   Passed    0.02 sec
          Start  674: MomentumNonOrthogonalTest.CorrectionVelocityDefaultsToVelocityAndIsValidated
 652/2043 Test  #894: RobustnessConfigTest.PartialBlockKeepsDefaultsForAbsentKeys ..............................................   Passed    0.02 sec
          Start  198: MeshMotionInvalid.FoldingSinusoidal3DIsRejectedNamingTheCellAndCorner
 653/2043 Test  #936: MultiBlockCase.WriterRoundTripsExactly ...................................................................   Passed    0.03 sec
          Start 1102: ThermalSolverVariablePropertiesTest.InvalidConfigurationForMismatchedTemperatureSize
 654/2043 Test #1466: SampleVectorFieldRawTest.RejectsZeroStride ...............................................................   Passed    0.02 sec
          Start 1031: AdaptiveRelaxation.ImprovingIncreasesGradually
 655/2043 Test  #674: MomentumNonOrthogonalTest.CorrectionVelocityDefaultsToVelocityAndIsValidated .............................   Passed    0.02 sec
          Start  270: SparseMatrixTest.RejectsNonFiniteValues
 656/2043 Test  #198: MeshMotionInvalid.FoldingSinusoidal3DIsRejectedNamingTheCellAndCorner ....................................   Passed    0.02 sec
          Start 1150: ValidateTurbulentViscosityFieldTest.RejectsNegativeEntry
 657/2043 Test #1102: ThermalSolverVariablePropertiesTest.InvalidConfigurationForMismatchedTemperatureSize .....................   Passed    0.02 sec
          Start   94: MeshQualityReport.DegenerateCellsAndFacesCannotBeConstructed
 658/2043 Test #1031: AdaptiveRelaxation.ImprovingIncreasesGradually ...........................................................   Passed    0.03 sec
          Start  857: CSVWriterTest.NonFiniteSpeciesThrows
 659/2043 Test  #270: SparseMatrixTest.RejectsNonFiniteValues ..................................................................   Passed    0.03 sec
          Start 1315: PhasePropertiesTest.RejectsEmptyName
 660/2043 Test #1150: ValidateTurbulentViscosityFieldTest.RejectsNegativeEntry .................................................   Passed    0.03 sec
          Start  191: MeshMotionKernel.AMeshWithoutAStructuredGridCannotMove
 661/2043 Test   #94: MeshQualityReport.DegenerateCellsAndFacesCannotBeConstructed .............................................   Passed    0.02 sec
          Start  545: Operators3DTest.ThreeDimensionalCapableComponentsAcceptA3DMesh
 662/2043 Test #1315: PhasePropertiesTest.RejectsEmptyName .....................................................................   Passed    0.02 sec
          Start  473: ConvectionSchemeTest.CentralSchemeMatchesIndependentOracleForPositiveAndNegativeFlux
 663/2043 Test  #857: CSVWriterTest.NonFiniteSpeciesThrows .....................................................................   Passed    0.03 sec
          Start  961: TimeControllerTest.ReachedEndTimeDistinguishesCompletionFromMaxSteps
 664/2043 Test  #191: MeshMotionKernel.AMeshWithoutAStructuredGridCannotMove ...................................................   Passed    0.02 sec
          Start  677: CaseReaderTest.MissingConvectionSchemeDefaultsToUpwind
 665/2043 Test  #545: Operators3DTest.ThreeDimensionalCapableComponentsAcceptA3DMesh ...........................................   Passed    0.02 sec
          Start  395: WallOmegaTest.RejectsInvalidKinematicViscosity
 666/2043 Test  #473: ConvectionSchemeTest.CentralSchemeMatchesIndependentOracleForPositiveAndNegativeFlux .....................   Passed    0.03 sec
          Start  554: AleOperators3D.UniformFieldIsAnExactSolutionOfTheAleOperator
 667/2043 Test  #961: TimeControllerTest.ReachedEndTimeDistinguishesCompletionFromMaxSteps .....................................   Passed    0.02 sec
          Start  181: Cartesian3DMeshTest.BuildIsDeterministicAndFollowsTheDocumentedNumbering
 668/2043 Test  #677: CaseReaderTest.MissingConvectionSchemeDefaultsToUpwind ...................................................   Passed    0.02 sec
          Start 1180: KEpsilonEquationTest.PureSourceOnlyAddsExactlyToRhsAndDiagonal
 669/2043 Test  #395: WallOmegaTest.RejectsInvalidKinematicViscosity ...........................................................   Passed    0.03 sec
          Start  684: CaseReaderTest.ValidNonOrthogonalCorrectionsCountParses
 670/2043 Test  #554: AleOperators3D.UniformFieldIsAnExactSolutionOfTheAleOperator .............................................   Passed    0.03 sec
          Start  463: DiffusionTest.BoundaryRingTruncationIsFirstOrderAndLocalized
 671/2043 Test  #181: Cartesian3DMeshTest.BuildIsDeterministicAndFollowsTheDocumentedNumbering .................................   Passed    0.03 sec
          Start  251: AlgebraVector.DivisionByZeroThrows
 672/2043 Test #1180: KEpsilonEquationTest.PureSourceOnlyAddsExactlyToRhsAndDiagonal ...........................................   Passed    0.03 sec
          Start  160: GradedMesh.GradedMeshesHaveTheRequestedCellsAndAreValid
 673/2043 Test  #684: CaseReaderTest.ValidNonOrthogonalCorrectionsCountParses ..................................................   Passed    0.03 sec
          Start  953: TimeControllerTest.NormalSteppingUsesNominalDeltaT
 674/2043 Test  #251: AlgebraVector.DivisionByZeroThrows .......................................................................   Passed    0.02 sec
          Start  871: JSONWriterTest.RobustnessStatusesAndDiagnosticsAreExported
 675/2043 Test  #463: DiffusionTest.BoundaryRingTruncationIsFirstOrderAndLocalized .............................................   Passed    0.03 sec
          Start  474: ConvectionSchemeTest.QuickSchemeMatchesIndependentOracleForPositiveAndNegativeFlux
 676/2043 Test  #160: GradedMesh.GradedMeshesHaveTheRequestedCellsAndAreValid ..................................................   Passed    0.02 sec
          Start  556: BoundaryInwardStencil.GradedMeshUsesActualCellHeights
 677/2043 Test  #953: TimeControllerTest.NormalSteppingUsesNominalDeltaT .......................................................   Passed    0.02 sec
          Start   46: Vector3Test.DotCrossAndMagnitudeUseZ
 678/2043 Test  #871: JSONWriterTest.RobustnessStatusesAndDiagnosticsAreExported ...............................................   Passed    0.02 sec
          Start  931: GradedMeshCase.UniformGradingBuildsTheCartesianMesh
 679/2043 Test  #474: ConvectionSchemeTest.QuickSchemeMatchesIndependentOracleForPositiveAndNegativeFlux .......................   Passed    0.03 sec
          Start  728: CaseValidationTest.UnsupportedLinearSolverBackendIsRejected
 680/2043 Test  #556: BoundaryInwardStencil.GradedMeshUsesActualCellHeights ....................................................   Passed    0.03 sec
          Start  990: TransientSolverTest.CatchesNonFiniteStateEvenWhenStepperClaimsConverged
 681/2043 Test   #46: Vector3Test.DotCrossAndMagnitudeUseZ .....................................................................   Passed    0.04 sec
          Start  385: AdiabaticTest.ReturnsOwnerValueUnchanged
 682/2043 Test  #931: GradedMeshCase.UniformGradingBuildsTheCartesianMesh ......................................................   Passed    0.03 sec
          Start 1135: ConjugateBoundaryEquivalence.SingleRegionMatchesSingleMaterialOnOneCellThickMeshes
 683/2043 Test  #728: CaseValidationTest.UnsupportedLinearSolverBackendIsRejected ..............................................   Passed    0.04 sec
          Start  959: TimeControllerTest.StartEqualsEndIsImmediatelyFinished
 684/2043 Test  #990: TransientSolverTest.CatchesNonFiniteStateEvenWhenStepperClaimsConverged ..................................   Passed    0.03 sec
          Start 1449: Vorticity2DTest.SolidBodyRotationMatchesAnalyticalConstantAwayFromBoundaries
 685/2043 Test  #385: AdiabaticTest.ReturnsOwnerValueUnchanged .................................................................   Passed    0.03 sec
          Start  273: LinearSystemTest.ValidSystemConstructsAndExposesData
 686/2043 Test #1135: ConjugateBoundaryEquivalence.SingleRegionMatchesSingleMaterialOnOneCellThickMeshes .......................   Passed    0.03 sec
          Start  555: BoundaryInwardStencil.UniformCartesianGivesHalfAndThreeHalfCellHeights
 687/2043 Test  #959: TimeControllerTest.StartEqualsEndIsImmediatelyFinished ...................................................   Passed    0.02 sec
          Start 1451: Vorticity2DTest.MismatchedSizeThrows
 688/2043 Test #1449: Vorticity2DTest.SolidBodyRotationMatchesAnalyticalConstantAwayFromBoundaries .............................   Passed    0.02 sec
          Start  344: FixedValueTest.ExposesTypeAndName
 689/2043 Test  #273: LinearSystemTest.ValidSystemConstructsAndExposesData .....................................................   Passed    0.02 sec
          Start  944: Case3DTest.ParsesTheThreeDimensionalCaseFormat
 690/2043 Test  #555: BoundaryInwardStencil.UniformCartesianGivesHalfAndThreeHalfCellHeights ...................................   Passed    0.02 sec
          Start  258: SparseMatrixTest.BuilderDropsExactZeroSums
 691/2043 Test #1451: Vorticity2DTest.MismatchedSizeThrows .....................................................................   Passed    0.02 sec
          Start 1137: SparseAssembly3DTest.TwoCellsInX
 692/2043 Test  #344: FixedValueTest.ExposesTypeAndName ........................................................................   Passed    0.02 sec
          Start  978: CFLTest.RejectsFaceFluxSizeMismatch
 693/2043 Test  #944: Case3DTest.ParsesTheThreeDimensionalCaseFormat ...........................................................   Passed    0.02 sec
          Start  875: VTKWriterTest.HeaderIsWellFormed
 694/2043 Test  #258: SparseMatrixTest.BuilderDropsExactZeroSums ...............................................................   Passed    0.02 sec
          Start  274: LinearSystemTest.RejectsNonSquareMatrix
 695/2043 Test #1137: SparseAssembly3DTest.TwoCellsInX .........................................................................   Passed    0.02 sec
          Start  757: TurbulenceCaseTest.BuilderConstructsSSTConfigAndBoundaries
 696/2043 Test  #978: CFLTest.RejectsFaceFluxSizeMismatch ......................................................................   Passed    0.02 sec
          Start 1467: GridConvergenceTest.RepresentativeGridSize
 697/2043 Test  #875: VTKWriterTest.HeaderIsWellFormed .........................................................................   Passed    0.02 sec
          Start 1195: KEpsilonModelTest.EffectiveViscosityEqualsMolecularPlusTurbulent
 698/2043 Test  #274: LinearSystemTest.RejectsNonSquareMatrix ..................................................................   Passed    0.02 sec
          Start 1399: CompressibleMomentumTimeDerivativeTest.RejectsNonPositiveDt
 699/2043 Test  #757: TurbulenceCaseTest.BuilderConstructsSSTConfigAndBoundaries ...............................................   Passed    0.03 sec
          Start 1089: EnergyEquationVariablePropertiesTest.CombinerRepeatedAssemblyIsDeterministic
 700/2043 Test #1467: GridConvergenceTest.RepresentativeGridSize ...............................................................   Passed    0.03 sec
          Start 1341: PhaseVolumeTest.MatchesHandDerivedSum
 701/2043 Test #1195: KEpsilonModelTest.EffectiveViscosityEqualsMolecularPlusTurbulent .........................................   Passed    0.04 sec
          Start 1175: KEpsilonEquationTest.ImplicitSourceReproducesKDestructionAtSelfConsistency
 702/2043 Test #1399: CompressibleMomentumTimeDerivativeTest.RejectsNonPositiveDt ..............................................   Passed    0.04 sec
          Start  516: GridRefinementTest.DiffusionDistortedCorrectedConvergesAtSecondOrderInInterior
 703/2043 Test #1089: EnergyEquationVariablePropertiesTest.CombinerRepeatedAssemblyIsDeterministic .............................   Passed    0.05 sec
          Start  685: CaseReaderTest.NegativeNonOrthogonalCorrectionsThrowsCaseConfigurationError
 704/2043 Test #1341: PhaseVolumeTest.MatchesHandDerivedSum ....................................................................   Passed    0.04 sec
          Start 1469: GridConvergenceTest.SecondOrderSynthetic
 705/2043 Test #1175: KEpsilonEquationTest.ImplicitSourceReproducesKDestructionAtSelfConsistency ...............................   Passed    0.04 sec
          Start 1233: SSTEquationTest.CrossDiffusionCoefficientClampsNegativeDotProduct
 706/2043 Test  #516: GridRefinementTest.DiffusionDistortedCorrectedConvergesAtSecondOrderInInterior ...........................   Passed    0.04 sec
          Start  700: CaseWriterTest.ExplicitInitialConditionsRoundTrip
 707/2043 Test  #685: CaseReaderTest.NegativeNonOrthogonalCorrectionsThrowsCaseConfigurationError ..............................   Passed    0.03 sec
          Start 1146: TurbulenceModelTest.NonFiniteTurbulentViscosityRejected
 708/2043 Test #1469: GridConvergenceTest.SecondOrderSynthetic .................................................................   Passed    0.02 sec
          Start    7: CFDAppCli_malformed_json
 709/2043 Test #1233: SSTEquationTest.CrossDiffusionCoefficientClampsNegativeDotProduct ........................................   Passed    0.03 sec
          Start  310: SolverDeterminismTest.CGRepeatedSolvesAreIdentical
 710/2043 Test  #700: CaseWriterTest.ExplicitInitialConditionsRoundTrip ........................................................   Passed    0.03 sec
          Start  709: CaseValidationTest.StringNxIsRejected
 711/2043 Test #1146: TurbulenceModelTest.NonFiniteTurbulentViscosityRejected ..................................................   Passed    0.03 sec
          Start   49: MeshCell.StoresIdCentroidAndVolume
 712/2043 Test    #7: CFDAppCli_malformed_json .................................................................................   Passed    0.02 sec
          Start  609: MomentumConvectionTest.BoundaryOutflowUsesOwnerUnknownNotBoundaryValue
 713/2043 Test  #310: SolverDeterminismTest.CGRepeatedSolvesAreIdentical .......................................................   Passed    0.02 sec
          Start  965: TimeControllerTest.RejectsZeroMaxSteps
 714/2043 Test  #709: CaseValidationTest.StringNxIsRejected ....................................................................   Passed    0.04 sec
          Start  585: MassFluxTest.InternalFaceValue
 715/2043 Test   #49: MeshCell.StoresIdCentroidAndVolume .......................................................................   Passed    0.04 sec
          Start  807: MultiphaseCaseTest.RejectsMultiphaseTogetherWithTurbulence
 716/2043 Test  #609: MomentumConvectionTest.BoundaryOutflowUsesOwnerUnknownNotBoundaryValue ...................................   Passed    0.05 sec
          Start  211: Field.CheckedAccessThrowsOutOfRange
 717/2043 Test  #965: TimeControllerTest.RejectsZeroMaxSteps ...................................................................   Passed    0.05 sec
          Start 1112: InterfaceConductanceTest.MatchesHandDerivedExample
 718/2043 Test  #585: MassFluxTest.InternalFaceValue ...........................................................................   Passed    0.04 sec
          Start 1009: RestartSnapshotTest.UnsupportedFormatVersionIsRejected
 719/2043 Test  #807: MultiphaseCaseTest.RejectsMultiphaseTogetherWithTurbulence ...............................................   Passed    0.03 sec
          Start  178: Cartesian3DMeshTest.AreaVectorsHaveTheRightMagnitudeDirectionAndClosure
 720/2043 Test  #211: Field.CheckedAccessThrowsOutOfRange ......................................................................   Passed    0.03 sec
          Start  260: SparseMatrixTest.MultiplyRejectsSizeMismatch
 721/2043 Test #1112: InterfaceConductanceTest.MatchesHandDerivedExample .......................................................   Passed    0.02 sec
          Start  780: BoussinesqCaseTest.RejectsNegativeBeta
 722/2043 Test #1009: RestartSnapshotTest.UnsupportedFormatVersionIsRejected ...................................................   Passed    0.02 sec
          Start 1328: EvaluateMixtureFieldTest.MismatchedAlphaSizeThrows
 723/2043 Test  #178: Cartesian3DMeshTest.AreaVectorsHaveTheRightMagnitudeDirectionAndClosure ..................................   Passed    0.03 sec
          Start 1269: TurbulenceModelFactoryTest.LaminarNameCreatesLaminarModelViaKOmegaOverload
 724/2043 Test  #260: SparseMatrixTest.MultiplyRejectsSizeMismatch .............................................................   Passed    0.03 sec
          Start 1073: EnergyEquationAssemblyTest.NonFiniteMassFluxThrowsInvalidArgumentError
 725/2043 Test  #780: BoussinesqCaseTest.RejectsNegativeBeta ...................................................................   Passed    0.03 sec
          Start 1286: SpeciesEquationDiffusionTest.ZeroDiffusionCoefficientGivesZeroDiffusiveContribution
 726/2043 Test #1328: EvaluateMixtureFieldTest.MismatchedAlphaSizeThrows .......................................................   Passed    0.02 sec
          Start  383: HeatFluxTest.RejectsInvalidDistance
 727/2043 Test #1269: TurbulenceModelFactoryTest.LaminarNameCreatesLaminarModelViaKOmegaOverload ...............................   Passed    0.02 sec
          Start  112: MeshFingerprintTest.DifferentDomainSizeWithSameCellAndFaceCountProducesDifferentFingerprint
 728/2043 Test #1073: EnergyEquationAssemblyTest.NonFiniteMassFluxThrowsInvalidArgumentError ...................................   Passed    0.02 sec
          Start 1053: EnergyEquationDiffusionTest.TwoCellSystemMatchesHandDerivedCoefficients
 729/2043 Test #1286: SpeciesEquationDiffusionTest.ZeroDiffusionCoefficientGivesZeroDiffusiveContribution ......................   Passed    0.03 sec
          Start  384: HeatFluxTest.RepeatedEvaluationIsDeterministic
 730/2043 Test  #383: HeatFluxTest.RejectsInvalidDistance ......................................................................   Passed    0.03 sec
          Start 1418: CaseSessionTest.ReloadDiscardsInMemoryEdits
 731/2043 Test  #112: MeshFingerprintTest.DifferentDomainSizeWithSameCellAndFaceCountProducesDifferentFingerprint ..............   Passed    0.03 sec
          Start  278: JacobiTest.RejectsZeroDiagonal
 732/2043 Test #1053: EnergyEquationDiffusionTest.TwoCellSystemMatchesHandDerivedCoefficients ..................................   Passed    0.03 sec
          Start 1007: RestartSnapshotTest.NegativeTimeIsNotRejected
 733/2043 Test  #384: HeatFluxTest.RepeatedEvaluationIsDeterministic ...........................................................   Passed    0.02 sec
          Start  380: HeatFluxTest.TypeAndNameAreThermalSpecific
 734/2043 Test  #278: JacobiTest.RejectsZeroDiagonal ...........................................................................   Passed    0.02 sec
          Start  678: CaseReaderTest.EachValidConvectionSchemeNameParses
 735/2043 Test #1007: RestartSnapshotTest.NegativeTimeIsNotRejected ............................................................   Passed    0.02 sec
          Start  881: VTKWriterTest.NonFiniteValueThrows
 736/2043 Test #1418: CaseSessionTest.ReloadDiscardsInMemoryEdits ..............................................................   Passed    0.04 sec
          Start 1475: GridConvergenceTest.OscillatorySequenceDetected
 737/2043 Test  #380: HeatFluxTest.TypeAndNameAreThermalSpecific ...............................................................   Passed    0.02 sec
          Start  817: CompressibleCaseTest.ThermalCoupledRequiresThermalBlock
 738/2043 Test  #678: CaseReaderTest.EachValidConvectionSchemeNameParses .......................................................   Passed    0.02 sec
          Start  795: SpeciesCaseTest.RejectsPatchMissingOneDeclaredSpecies
 739/2043 Test  #881: VTKWriterTest.NonFiniteValueThrows .......................................................................   Passed    0.02 sec
          Start 1344: VolumeFractionSolverTest.ZeroVelocityPreservesAlphaThroughAnActualSolve
 740/2043 Test #1475: GridConvergenceTest.OscillatorySequenceDetected ..........................................................   Passed    0.02 sec
          Start 1485: GridConvergenceStudyTest.MissingQuantityIsInvalid
 741/2043 Test  #817: CompressibleCaseTest.ThermalCoupledRequiresThermalBlock ..................................................   Passed    0.02 sec
          Start  149: MeshGrading.ConstructionIsDeterministic
 742/2043 Test  #795: SpeciesCaseTest.RejectsPatchMissingOneDeclaredSpecies ....................................................   Passed    0.03 sec
          Start 1039: SolverRobustnessSettingsTest.DefaultsAreValidAndDisabled
 743/2043 Test #1344: VolumeFractionSolverTest.ZeroVelocityPreservesAlphaThroughAnActualSolve ..................................   Passed    0.03 sec
          Start  197: MeshMotionInvalid.FoldingSinusoidal2DIsRejectedNamingTheCell
 744/2043 Test #1485: GridConvergenceStudyTest.MissingQuantityIsInvalid ........................................................   Passed    0.03 sec
          Start  276: JacobiTest.DiagonalMatrixExactInverse
 745/2043 Test  #149: MeshGrading.ConstructionIsDeterministic ..................................................................   Passed    0.03 sec
          Start 1182: KEpsilonEquationTest.TransportEquationRejectsSizeMismatch
 746/2043 Test #1039: SolverRobustnessSettingsTest.DefaultsAreValidAndDisabled .................................................   Passed    0.03 sec
          Start  513: GridRefinementTest.DiffusionDistortedCorrectedGlobalOrderReflectsBoundaryTreatment
 747/2043 Test  #197: MeshMotionInvalid.FoldingSinusoidal2DIsRejectedNamingTheCell .............................................   Passed    0.03 sec
          Start  425: LeastSquaresTest.LinearFieldDistortedIsExactAtEveryCell
 748/2043 Test  #276: JacobiTest.DiagonalMatrixExactInverse ....................................................................   Passed    0.04 sec
          Start  837: CSVWriterTest.WriteFieldsHeaderIsExact
 749/2043 Test #1182: KEpsilonEquationTest.TransportEquationRejectsSizeMismatch ................................................   Passed    0.03 sec
          Start  134: MeshValidity.DetectsCellListingAFaceItDoesNotOwnOrNeighbor
 750/2043 Test  #513: GridRefinementTest.DiffusionDistortedCorrectedGlobalOrderReflectsBoundaryTreatment .......................   Passed    0.03 sec
          Start 1051: ThermalPropertiesTest.ThermalDiffusivityRejectsNegativeDensity
 751/2043 Test  #425: LeastSquaresTest.LinearFieldDistortedIsExactAtEveryCell ..................................................   Passed    0.03 sec
          Start  330: LinearFallbackTest.PrimaryBiCGSTABGenuinelyBreaksDownOnIndefiniteSystem
 752/2043 Test  #837: CSVWriterTest.WriteFieldsHeaderIsExact ...................................................................   Passed    0.02 sec
          Start  118: StructuredQuadMesh.CarriesItsVertexGrid
 753/2043 Test  #134: MeshValidity.DetectsCellListingAFaceItDoesNotOwnOrNeighbor ...............................................   Passed    0.02 sec
          Start  639: BoussinesqBuoyancyTest.HorizontalGravityProducesHorizontalSourceOnly
 754/2043 Test #1051: ThermalPropertiesTest.ThermalDiffusivityRejectsNegativeDensity ...........................................   Passed    0.02 sec
          Start 1020: ResidualTrend.SustainedRunawayFromAPlateau
 755/2043 Test  #330: LinearFallbackTest.PrimaryBiCGSTABGenuinelyBreaksDownOnIndefiniteSystem ..................................   Passed    0.03 sec
          Start  108: CartesianMesh.RejectsInvalidInputs
 756/2043 Test  #118: StructuredQuadMesh.CarriesItsVertexGrid ..................................................................   Passed    0.03 sec
          Start 1167: KEpsilonCoefficientsTest.DefaultsMatchStandardModel
 757/2043 Test  #639: BoussinesqBuoyancyTest.HorizontalGravityProducesHorizontalSourceOnly .....................................   Passed    0.03 sec
          Start  438: LaplacianTest.PhiXHasZeroLaplacian
 758/2043 Test #1020: ResidualTrend.SustainedRunawayFromAPlateau ...............................................................   Passed    0.03 sec
          Start  107: CartesianMesh.DeterministicGeneration
 759/2043 Test  #108: CartesianMesh.RejectsInvalidInputs .......................................................................   Passed    0.03 sec
          Start 1352: VolumeFractionSolverTest.RepeatedStepIsDeterministic
 760/2043 Test #1167: KEpsilonCoefficientsTest.DefaultsMatchStandardModel ......................................................   Passed    0.03 sec
          Start  925: GradedMeshCase.GradingIsRejectedForStructuredQuad
 761/2043 Test  #438: LaplacianTest.PhiXHasZeroLaplacian .......................................................................   Passed    0.02 sec
          Start  683: CaseReaderTest.MissingNonOrthogonalCorrectionsDefaultsToZero
 762/2043 Test  #107: CartesianMesh.DeterministicGeneration ....................................................................   Passed    0.03 sec
          Start  460: DiffusionTest.ExtremeNonOrthogonalityFallsBackSafely
 763/2043 Test #1352: VolumeFractionSolverTest.RepeatedStepIsDeterministic .....................................................   Passed    0.03 sec
          Start 1391: CompressibleContinuityTest.SteadyStateWithBalancedFluxGivesZeroImbalance
 764/2043 Test  #925: GradedMeshCase.GradingIsRejectedForStructuredQuad ........................................................   Passed    0.04 sec
          Start 1386: CompressibleMassFluxTest.MismatchedVelocitySizeThrows
 765/2043 Test  #683: CaseReaderTest.MissingNonOrthogonalCorrectionsDefaultsToZero .............................................   Passed    0.04 sec
          Start   67: MeshGeometry.OwnerNeighborDistanceMatchesCartesianSpacing
 766/2043 Test  #460: DiffusionTest.ExtremeNonOrthogonalityFallsBackSafely .....................................................   Passed    0.04 sec
          Start  701: CaseWriterTest.ThermalTurbulenceBuoyancyRoundTrip
 767/2043 Test #1391: CompressibleContinuityTest.SteadyStateWithBalancedFluxGivesZeroImbalance .................................   Passed    0.04 sec
          Start  651: TabulatedPropertyTest.RecoversExactTableNodes
 768/2043 Test #1386: CompressibleMassFluxTest.MismatchedVelocitySizeThrows ....................................................   Passed    0.04 sec
          Start 1046: ThermalPropertiesTest.RejectsZeroSpecificHeat
 769/2043 Test   #67: MeshGeometry.OwnerNeighborDistanceMatchesCartesianSpacing ................................................   Passed    0.04 sec
          Start  578: FluidPropertiesTest.KinematicViscosityIsMuOverRho
 770/2043 Test  #701: CaseWriterTest.ThermalTurbulenceBuoyancyRoundTrip ........................................................   Passed    0.03 sec
          Start  604: MomentumDiffusionTest.UniformEffectiveViscosityFieldMatchesConstantOverload
 771/2043 Test  #651: TabulatedPropertyTest.RecoversExactTableNodes ............................................................   Passed    0.03 sec
          Start 1228: SSTEquationTest.BlendAtF1EqualsZeroUsesSetTwoExactly
 772/2043 Test #1046: ThermalPropertiesTest.RejectsZeroSpecificHeat ............................................................   Passed    0.03 sec
          Start  192: MeshMotionGeometry.AffineMotionsGiveTheExactAffineImage2D
 773/2043 Test  #578: FluidPropertiesTest.KinematicViscosityIsMuOverRho ........................................................   Passed    0.02 sec
          Start  366: BoundaryConditionSetTest.ReplaceOverwritesExistingAssignment
 774/2043 Test  #604: MomentumDiffusionTest.UniformEffectiveViscosityFieldMatchesConstantOverload ..............................   Passed    0.03 sec
          Start  377: HeatFluxTest.ZeroFluxReturnsOwnerValue
 775/2043 Test #1228: SSTEquationTest.BlendAtF1EqualsZeroUsesSetTwoExactly .....................................................   Passed    0.03 sec
          Start  771: TurbulenceCaseTest.RejectsUnknownKey
 776/2043 Test  #192: MeshMotionGeometry.AffineMotionsGiveTheExactAffineImage2D ................................................   Passed    0.03 sec
          Start 1042: ThermalPropertiesTest.StoresConductivityAndSpecificHeat
 777/2043 Test  #366: BoundaryConditionSetTest.ReplaceOverwritesExistingAssignment .............................................   Passed    0.02 sec
          Start 1401: CompressibleMomentumComponentTest.MismatchedVelocitySizeThrows
 778/2043 Test  #377: HeatFluxTest.ZeroFluxReturnsOwnerValue ...................................................................   Passed    0.03 sec
          Start 1176: KEpsilonEquationTest.ImplicitSourceReproducesEpsilonDestructionAtSelfConsistency
 779/2043 Test  #771: TurbulenceCaseTest.RejectsUnknownKey .....................................................................   Passed    0.04 sec
          Start   92: MeshQualityReport.SkewnessAndExpansionWarningsUseTheirThresholds
 780/2043 Test #1042: ThermalPropertiesTest.StoresConductivityAndSpecificHeat ..................................................   Passed    0.04 sec
          Start  484: LinearUpwindFaceValueTest.ReconstructsExactlyForALinearField
 781/2043 Test #1401: CompressibleMomentumComponentTest.MismatchedVelocitySizeThrows ...........................................   Passed    0.03 sec
          Start 1390: CompressibleContinuityTest.TimeOnlyImbalanceWithZeroFlux
 782/2043 Test #1176: KEpsilonEquationTest.ImplicitSourceReproducesEpsilonDestructionAtSelfConsistency .........................   Passed    0.02 sec
          Start  867: JSONWriterTest.WritesThermalMetadataWhenProvided
 783/2043 Test   #92: MeshQualityReport.SkewnessAndExpansionWarningsUseTheirThresholds .........................................   Passed    0.03 sec
          Start  819: CompressibleCaseTest.RejectsBothTemperatureAndThermalCoupled
 784/2043 Test  #484: LinearUpwindFaceValueTest.ReconstructsExactlyForALinearField .............................................   Passed    0.03 sec
          Start 1015: ResidualNormalization.NonFiniteInput
 785/2043 Test #1390: CompressibleContinuityTest.TimeOnlyImbalanceWithZeroFlux .................................................   Passed    0.03 sec
          Start  180: Cartesian3DMeshTest.EachCellHasSixFacesInCanonicalOrderAndEachFaceItsOwners
 786/2043 Test  #867: JSONWriterTest.WritesThermalMetadataWhenProvided .........................................................   Passed    0.02 sec
          Start 1219: WallDistanceTest.InletOutletSymmetryAreNeverMistakenForWalls
 787/2043 Test  #819: CompressibleCaseTest.RejectsBothTemperatureAndThermalCoupled .............................................   Passed    0.02 sec
          Start  872: JSONWriterTest.MeshQualityIsAbsentWhenNotGiven
 788/2043 Test #1015: ResidualNormalization.NonFiniteInput .....................................................................   Passed    0.02 sec
          Start  360: SymmetryTest.RightPlaneRemovesNormalComponent
 789/2043 Test  #180: Cartesian3DMeshTest.EachCellHasSixFacesInCanonicalOrderAndEachFaceItsOwners ..............................   Passed    0.02 sec
          Start  157: AxisSpacing.FromNodesGivesCentresAndWidths
 790/2043 Test #1219: WallDistanceTest.InletOutletSymmetryAreNeverMistakenForWalls .............................................   Passed    0.02 sec
          Start  983: TransientSolverTest.CompletesAndThreadsStateThroughEveryStep
 791/2043 Test  #872: JSONWriterTest.MeshQualityIsAbsentWhenNotGiven ...........................................................   Passed    0.02 sec
          Start 1037: AdaptiveRelaxation.DisabledPreservesFixedAlpha
 792/2043 Test  #360: SymmetryTest.RightPlaneRemovesNormalComponent ............................................................   Passed    0.02 sec
          Start  670: MomentumVariableViscosityTest.StrongTemperatureContrastIncreasesLocalDiffusionAsymmetrically
 793/2043 Test  #157: AxisSpacing.FromNodesGivesCentresAndWidths ...............................................................   Passed    0.02 sec
          Start  328: GMRESTest.InvalidRestartLengthIsRejected
 794/2043 Test  #983: TransientSolverTest.CompletesAndThreadsStateThroughEveryStep .............................................   Passed    0.02 sec
          Start  661: EvaluatePropertyFieldTest.EvaluatesEveryCellFromItsOwnTemperature
 795/2043 Test #1037: AdaptiveRelaxation.DisabledPreservesFixedAlpha ...........................................................   Passed    0.02 sec
          Start   57: MeshFace.RejectsOwnerEqualToNeighbor
 796/2043 Test  #670: MomentumVariableViscosityTest.StrongTemperatureContrastIncreasesLocalDiffusionAsymmetrically .............   Passed    0.02 sec
          Start  176: Cartesian3DMeshTest.TopologyCountsMatchIndependentFormulas
 797/2043 Test  #328: GMRESTest.InvalidRestartLengthIsRejected .................................................................   Passed    0.03 sec
          Start  478: ConvectionSchemeTest.DegradedFaceStillProducesAFiniteConsistentResult
 798/2043 Test  #661: EvaluatePropertyFieldTest.EvaluatesEveryCellFromItsOwnTemperature ........................................   Passed    0.03 sec
          Start  352: MovingWallTest.CavityTopWallIsImpermeableAndTangential
 799/2043 Test   #57: MeshFace.RejectsOwnerEqualToNeighbor .....................................................................   Passed    0.03 sec
          Start 1333: VolumeFractionConvectionTest.MismatchedAlphaSizeThrows
 800/2043 Test  #176: Cartesian3DMeshTest.TopologyCountsMatchIndependentFormulas ...............................................   Passed    0.03 sec
          Start  316: LinearSolverFactoryTest.CpuJacobiPreconditionerTypeMatchesExplicitJacobiPreconditioner
 801/2043 Test  #478: ConvectionSchemeTest.DegradedFaceStillProducesAFiniteConsistentResult ....................................   Passed    0.04 sec
          Start  716: CaseValidationTest.UnsupportedVelocityBoundaryTypeIsRejected
 802/2043 Test  #352: MovingWallTest.CavityTopWallIsImpermeableAndTangential ...................................................   Passed    0.03 sec
          Start  131: MeshValidity.DetectsInvertedInternalFace
 803/2043 Test #1333: VolumeFractionConvectionTest.MismatchedAlphaSizeThrows ...................................................   Passed    0.03 sec
          Start  549: AleOperatorsStaticLimit.AleMomentumAssemblyWithoutMotionIsTheStaticAssembly
 804/2043 Test  #316: LinearSolverFactoryTest.CpuJacobiPreconditionerTypeMatchesExplicitJacobiPreconditioner ...................   Passed    0.03 sec
          Start 1332: VolumeFractionConvectionTest.ConstantAlphaWithDivergenceFreeFluxGivesZeroNetContribution
 805/2043 Test  #716: CaseValidationTest.UnsupportedVelocityBoundaryTypeIsRejected .............................................   Passed    0.03 sec
          Start 1300: SpeciesBoundaryConditionTest.FixedValueActsAsDirichletInflowSource
 806/2043 Test  #131: MeshValidity.DetectsInvertedInternalFace .................................................................   Passed    0.03 sec
          Start 1576: SIMPLESettingsTest.RejectsZeroMaxIterations
 807/2043 Test  #549: AleOperatorsStaticLimit.AleMomentumAssemblyWithoutMotionIsTheStaticAssembly ..............................   Passed    0.03 sec
          Start  561: BoundaryReconstruction.ReproducesTheUniformThreePointFormula
 808/2043 Test #1332: VolumeFractionConvectionTest.ConstantAlphaWithDivergenceFreeFluxGivesZeroNetContribution .................   Passed    0.03 sec
          Start  388: AdiabaticTest.RejectsInvalidDistance
 809/2043 Test #1300: SpeciesBoundaryConditionTest.FixedValueActsAsDirichletInflowSource .......................................   Passed    0.03 sec
          Start   87: MeshQualityReport.ShearedMeshHasTheShearAngleOnEveryFace
 810/2043 Test #1576: SIMPLESettingsTest.RejectsZeroMaxIterations ..............................................................   Passed    0.03 sec
          Start 1367: ThermodynamicPropertiesTest.RejectsNonFiniteCp
 811/2043 Test  #561: BoundaryReconstruction.ReproducesTheUniformThreePointFormula .............................................   Passed    0.02 sec
          Start 1133: ConjugateBoundaryEquivalence.SingleRegionMatchesSingleMaterialOnAGradedMesh
 812/2043 Test  #388: AdiabaticTest.RejectsInvalidDistance .....................................................................   Passed    0.06 sec
          Start  608: MomentumConvectionTest.PositiveInternalFluxSelectsOwnerNegativeSelectsNeighbor
 813/2043 Test   #87: MeshQualityReport.ShearedMeshHasTheShearAngleOnEveryFace .................................................   Passed    0.05 sec
          Start 1110: ThermalRegionMapTest.RejectsOutOfRangeRegionIndex
 814/2043 Test #1367: ThermodynamicPropertiesTest.RejectsNonFiniteCp ...........................................................   Passed    0.06 sec
          Start  594: ContinuityEquationTest.UniformChannelHasLocalBalanceEverywhere
 815/2043 Test #1133: ConjugateBoundaryEquivalence.SingleRegionMatchesSingleMaterialOnAGradedMesh ..............................   Passed    0.04 sec
          Start 1250: SSTModelTest.NameIsSST
 816/2043 Test  #608: MomentumConvectionTest.PositiveInternalFluxSelectsOwnerNegativeSelectsNeighbor ...........................   Passed    0.03 sec
          Start  242: FieldArithmetic.TwoByTwoMeshIntegration
 817/2043 Test #1110: ThermalRegionMapTest.RejectsOutOfRangeRegionIndex ........................................................   Passed    0.03 sec
          Start 1117: RegionAwareThermalDiffusionTest.InterfaceCoefficientMatchesHandDerivedExample
 818/2043 Test  #594: ContinuityEquationTest.UniformChannelHasLocalBalanceEverywhere ...........................................   Passed    0.03 sec
          Start 1131: ConjugateBoundaryEquivalence.SingleRegionMatchesSingleMaterialOn20x20
 819/2043 Test #1250: SSTModelTest.NameIsSST ...................................................................................   Passed    0.02 sec
          Start  856: CSVWriterTest.MismatchedSpeciesSizeThrows
 820/2043 Test  #242: FieldArithmetic.TwoByTwoMeshIntegration ..................................................................   Passed    0.02 sec
          Start  396: WallOmegaTest.RejectsInvalidBeta1
 821/2043 Test #1117: RegionAwareThermalDiffusionTest.InterfaceCoefficientMatchesHandDerivedExample ............................   Passed    0.02 sec
          Start  758: TurbulenceCaseTest.SSTInletPatchGetsFixedKAndOmegaFromCaseConfig
 822/2043 Test #1131: ConjugateBoundaryEquivalence.SingleRegionMatchesSingleMaterialOn20x20 ....................................   Passed    0.02 sec
          Start 1190: KEpsilonModelTest.RejectsInvalidCoefficients
 823/2043 Test  #856: CSVWriterTest.MismatchedSpeciesSizeThrows ................................................................   Passed    0.02 sec
          Start 1470: GridConvergenceTest.ThirdOrderSynthetic
 824/2043 Test  #396: WallOmegaTest.RejectsInvalidBeta1 ........................................................................   Passed    0.02 sec
          Start  159: GradedMesh.UniformGradingIsTheCartesianMeshBitForBit
 825/2043 Test  #758: TurbulenceCaseTest.SSTInletPatchGetsFixedKAndOmegaFromCaseConfig .........................................   Passed    0.02 sec
          Start  935: MultiBlockCase.BoundariesMustConfigureExactlyTheMeshPatches
 826/2043 Test #1190: KEpsilonModelTest.RejectsInvalidCoefficients .............................................................   Passed    0.03 sec
          Start 1318: PhasePropertiesTest.RejectsNonFiniteDensityOrViscosity
 827/2043 Test #1470: GridConvergenceTest.ThirdOrderSynthetic ..................................................................   Passed    0.03 sec
          Start  789: SpeciesCaseTest.RejectsNegativeDiffusivity
 828/2043 Test  #159: GradedMesh.UniformGradingIsTheCartesianMeshBitForBit .....................................................   Passed    0.03 sec
          Start  812: CompressibleCaseTest.CoupledDefaultsToFalseWhenAbsent
 829/2043 Test #1318: PhasePropertiesTest.RejectsNonFiniteDensityOrViscosity ...................................................   Passed    0.02 sec
          Start 1370: ThermodynamicPropertiesTest.SpeedOfSoundIsPositiveFiniteAndIncreasesWithSqrtT
 830/2043 Test  #935: MultiBlockCase.BoundariesMustConfigureExactlyTheMeshPatches ..............................................   Passed    0.04 sec
          Start 1474: GridConvergenceTest.AsymptoticRatio
 831/2043 Test  #789: SpeciesCaseTest.RejectsNegativeDiffusivity ...............................................................   Passed    0.04 sec
          Start  717: CaseValidationTest.MovingWallWithoutVelocityValueIsRejected
 832/2043 Test  #812: CompressibleCaseTest.CoupledDefaultsToFalseWhenAbsent ....................................................   Passed    0.03 sec
          Start  458: DiffusionTest.NeumannBoundaryFluxesAreNeverCorrected
 833/2043 Test #1370: ThermodynamicPropertiesTest.SpeedOfSoundIsPositiveFiniteAndIncreasesWithSqrtT ............................   Passed    0.03 sec
          Start  617: MomentumPressureTest.ConstantPressureGivesZeroSource
 834/2043 Test #1474: GridConvergenceTest.AsymptoticRatio ......................................................................   Passed    0.03 sec
          Start  985: TransientSolverTest.MaxTimeStepsStopsBeforeReachingEndTime
 835/2043 Test  #717: CaseValidationTest.MovingWallWithoutVelocityValueIsRejected ..............................................   Passed    0.02 sec
          Start 1304: SpeciesSolverTest.ConvergesAndMatchesAnalytical1DDiffusionProfile
 836/2043 Test  #458: DiffusionTest.NeumannBoundaryFluxesAreNeverCorrected .....................................................   Passed    0.03 sec
          Start 1755: PisoTest.AccessorsReturnConstructedValues
 837/2043 Test  #617: MomentumPressureTest.ConstantPressureGivesZeroSource .....................................................   Passed    0.03 sec
          Start 1081: EnergyEquationVariablePropertiesTest.DiffusionMismatchedConductivityFieldSizeThrows
 838/2043 Test  #985: TransientSolverTest.MaxTimeStepsStopsBeforeReachingEndTime ...............................................   Passed    0.03 sec
          Start  917: MeshQualityCase.InvalidMeshErrorCarriesTheSummaryAndEveryFatalIssue
 839/2043 Test #1304: SpeciesSolverTest.ConvergesAndMatchesAnalytical1DDiffusionProfile ........................................   Passed    0.03 sec
          Start  431: LeastSquaresTest.SmoothNonlinearFieldIsFiniteAndReasonablyAccurate
 840/2043 Test #1755: PisoTest.AccessorsReturnConstructedValues ................................................................   Passed    0.03 sec
          Start  309: SolverFailureTest.LinearSolverSettingsRejectsInvalidValues
 841/2043 Test #1081: EnergyEquationVariablePropertiesTest.DiffusionMismatchedConductivityFieldSizeThrows ......................   Passed    0.03 sec
          Start  268: SparseMatrixTest.RejectsOutOfRangeColumn
 842/2043 Test  #917: MeshQualityCase.InvalidMeshErrorCarriesTheSummaryAndEveryFatalIssue ......................................   Passed    0.03 sec
          Start  814: CompressibleCaseTest.CoupledExplicitFalseParsesTheSameAsAbsent
 843/2043 Test  #431: LeastSquaresTest.SmoothNonlinearFieldIsFiniteAndReasonablyAccurate .......................................   Passed    0.02 sec
          Start 1366: ThermodynamicPropertiesTest.RejectsCpNotGreaterThanR
 844/2043 Test  #309: SolverFailureTest.LinearSolverSettingsRejectsInvalidValues ...............................................   Passed    0.02 sec
          Start  947: Case3DTest.CaseWriterRoundTripIsLossless
 845/2043 Test  #268: SparseMatrixTest.RejectsOutOfRangeColumn .................................................................   Passed    0.02 sec
          Start  250: AlgebraVector.ScalarDivision
 846/2043 Test  #814: CompressibleCaseTest.CoupledExplicitFalseParsesTheSameAsAbsent ...........................................   Passed    0.02 sec
          Start 1107: ThermalRegionMapTest.RejectsEmptyRegions
 847/2043 Test #1366: ThermodynamicPropertiesTest.RejectsCpNotGreaterThanR .....................................................   Passed    0.02 sec
          Start   83: MeshQualityReport.UniformSquareMeshHasTheIdealValueOfEveryMetric
 848/2043 Test  #947: Case3DTest.CaseWriterRoundTripIsLossless .................................................................   Passed    0.03 sec
          Start  642: BoussinesqBuoyancyTest.UniformReferenceTemperatureGivesZeroMomentumContribution
 849/2043 Test  #250: AlgebraVector.ScalarDivision .............................................................................   Passed    0.03 sec
          Start 1163: LaminarModelTest.DifferentFiniteFlowFieldsStillProduceZeroMuT
 850/2043 Test #1107: ThermalRegionMapTest.RejectsEmptyRegions .................................................................   Passed    0.03 sec
          Start  952: TimeControllerTest.InitialStateIsStartTimeAndStepZero
 851/2043 Test   #83: MeshQualityReport.UniformSquareMeshHasTheIdealValueOfEveryMetric .........................................   Passed    0.02 sec
          Start  365: BoundaryConditionSetTest.RejectsDuplicateAssignment
 852/2043 Test  #642: BoussinesqBuoyancyTest.UniformReferenceTemperatureGivesZeroMomentumContribution ..........................   Passed    0.02 sec
          Start  153: MeshGrading.RejectsOverflowingRatio
 853/2043 Test #1163: LaminarModelTest.DifferentFiniteFlowFieldsStillProduceZeroMuT ............................................   Passed    0.02 sec
          Start 1302: ConcentrationBoundsTest.ReportsMinAndMax
 854/2043 Test  #952: TimeControllerTest.InitialStateIsStartTimeAndStepZero ....................................................   Passed    0.02 sec
          Start 1168: TurbulenceProductionTest.HandDerivedShearProductionMatchesExactly
 855/2043 Test  #365: BoundaryConditionSetTest.RejectsDuplicateAssignment ......................................................   Passed    0.03 sec
          Start  338: LinearFallbackTest.SingularOrReducibleMatricesAreNotCGEligible
 856/2043 Test  #153: MeshGrading.RejectsOverflowingRatio ......................................................................   Passed    0.03 sec
          Start  753: TurbulenceCaseTest.ParsesKOmegaConfigWhenEnabled
 857/2043 Test #1302: ConcentrationBoundsTest.ReportsMinAndMax .................................................................   Passed    0.04 sec
          Start   50: MeshCell.AddFaceAppendsFaceIds
 858/2043 Test #1168: TurbulenceProductionTest.HandDerivedShearProductionMatchesExactly ........................................   Passed    0.03 sec
          Start 1094: ThermalSolverTest.LinearSolveFailureWhenInnerSolverIsStarved
 859/2043 Test  #338: LinearFallbackTest.SingularOrReducibleMatricesAreNotCGEligible ...........................................   Passed    0.03 sec
          Start  975: CFLTest.HalvingDtHalvesCFL
 860/2043 Test  #753: TurbulenceCaseTest.ParsesKOmegaConfigWhenEnabled .........................................................   Passed    0.02 sec
          Start 1472: GridConvergenceTest.RichardsonExactRecovery
 861/2043 Test   #50: MeshCell.AddFaceAppendsFaceIds ...........................................................................   Passed    0.02 sec
          Start  696: CaseWriterTest.BasicCaseRoundTripsExactly
 862/2043 Test #1094: ThermalSolverTest.LinearSolveFailureWhenInnerSolverIsStarved .............................................   Passed    0.02 sec
          Start  699: CaseWriterTest.NonDefaultNonOrthogonalCorrectionsRoundTrips
 863/2043 Test  #975: CFLTest.HalvingDtHalvesCFL ...............................................................................   Passed    0.02 sec
          Start 1609: FluxCorrectionTest.BoundaryFluxIsUnchangedByCorrection
 864/2043 Test #1472: GridConvergenceTest.RichardsonExactRecovery ..............................................................   Passed    0.03 sec
          Start  246: AlgebraVector.ConstructionAndInitialization
 865/2043 Test  #696: CaseWriterTest.BasicCaseRoundTripsExactly ................................................................   Passed    0.03 sec
          Start 1012: ResidualNormalization.ZeroBaseline
 866/2043 Test  #699: CaseWriterTest.NonDefaultNonOrthogonalCorrectionsRoundTrips ..............................................   Passed    0.03 sec
          Start 1289: SpeciesEquationConvectionTest.BoundaryOutflowUsesOwnerUnknownNotBoundaryValue
 867/2043 Test #1609: FluxCorrectionTest.BoundaryFluxIsUnchangedByCorrection ...................................................   Passed    0.02 sec
          Start  921: GradedMeshCase.ParsesXAndYGradingAndEveryClusterName
 868/2043 Test  #246: AlgebraVector.ConstructionAndInitialization ..............................................................   Passed    0.02 sec
          Start  829: PhysicsCompatibilityTest.AllCompatibleModulesTogether
 869/2043 Test #1012: ResidualNormalization.ZeroBaseline .......................................................................   Passed    0.02 sec
          Start  656: TabulatedPropertyTest.ReportsTableRange
 870/2043 Test #1289: SpeciesEquationConvectionTest.BoundaryOutflowUsesOwnerUnknownNotBoundaryValue ............................   Passed    0.02 sec
          Start   19: CoreTypes.AliasesAreUsable
 871/2043 Test  #921: GradedMeshCase.ParsesXAndYGradingAndEveryClusterName .....................................................   Passed    0.03 sec
          Start 1043: ThermalPropertiesTest.ThermalDiffusivityIsKOverRhoCp
 872/2043 Test  #829: PhysicsCompatibilityTest.AllCompatibleModulesTogether ....................................................   Passed    0.03 sec
          Start  679: CaseReaderTest.InvalidConvectionSchemeValueThrowsCaseConfigurationError
 873/2043 Test  #656: TabulatedPropertyTest.ReportsTableRange ..................................................................   Passed    0.03 sec
          Start 1388: CompressibleMassFluxTest.MismatchedPressureGaugeSizeThrows
 874/2043 Test   #19: CoreTypes.AliasesAreUsable ...............................................................................   Passed    0.02 sec
          Start 1069: EnergyEquationAssemblyTest.MismatchedTemperatureSizeThrows
 875/2043 Test #1043: ThermalPropertiesTest.ThermalDiffusivityIsKOverRhoCp .....................................................   Passed    0.02 sec
          Start 1480: GridConvergenceTest.NonFiniteInputRejected
 876/2043 Test #1388: CompressibleMassFluxTest.MismatchedPressureGaugeSizeThrows ...............................................   Passed    0.02 sec
          Start  453: DiffusionTest.CorrectedFluxIsAntisymmetricUnderFaceReversal
 877/2043 Test  #679: CaseReaderTest.InvalidConvectionSchemeValueThrowsCaseConfigurationError ..................................   Passed    0.03 sec
          Start  509: GridRefinementTest.DiffusionOrthogonalUncorrectedConvergesAtSecondOrder
 878/2043 Test #1069: EnergyEquationAssemblyTest.MismatchedTemperatureSizeThrows ...............................................   Passed    0.02 sec
          Start  773: BoussinesqCaseTest.NoBuoyancyBlockHasNoBuoyancyConfig
 879/2043 Test #1480: GridConvergenceTest.NonFiniteInputRejected ...............................................................   Passed    0.02 sec
          Start 1205: KOmegaModelTest.FieldsSizedToMeshAtConstruction
 880/2043 Test  #453: DiffusionTest.CorrectedFluxIsAntisymmetricUnderFaceReversal ..............................................   Passed    0.02 sec
          Start  475: ConvectionSchemeTest.QuickDegradesToUpwindWhenNoFartherUpstreamCellExists
 881/2043 Test  #509: GridRefinementTest.DiffusionOrthogonalUncorrectedConvergesAtSecondOrder ..................................   Passed    0.03 sec
          Start  490: VanLeerLimiterTest.ZeroWhenRatioIsNullopt
 882/2043 Test  #773: BoussinesqCaseTest.NoBuoyancyBlockHasNoBuoyancyConfig ....................................................   Passed    0.03 sec
          Start  660: TabulatedPropertyTest.RejectsNonFiniteEntries
 883/2043 Test #1205: KOmegaModelTest.FieldsSizedToMeshAtConstruction ..........................................................   Passed    0.03 sec
          Start 1452: NearestCellTest.FindsTheCellWhoseCentroidIsClosest
 884/2043 Test  #490: VanLeerLimiterTest.ZeroWhenRatioIsNullopt ................................................................   Passed    0.02 sec
          Start  986: TransientSolverTest.FailedStepIsNotAcceptedAndStopsTheRun
 885/2043 Test  #475: ConvectionSchemeTest.QuickDegradesToUpwindWhenNoFartherUpstreamCellExists ................................   Passed    0.03 sec
          Start  788: SpeciesCaseTest.ZeroDiffusivityIsAccepted
 886/2043 Test  #660: TabulatedPropertyTest.RejectsNonFiniteEntries ............................................................   Passed    0.02 sec
          Start   62: Mesh.CellAndFaceAccessorsValidateId
 887/2043 Test #1452: NearestCellTest.FindsTheCellWhoseCentroidIsClosest .......................................................   Passed    0.02 sec
          Start 1499: MMSErrorNormsTest.KnownField
 888/2043 Test  #986: TransientSolverTest.FailedStepIsNotAcceptedAndStopsTheRun ................................................   Passed    0.03 sec
          Start  335: LinearFallbackTest.MaxAttemptsRespected
 889/2043 Test  #788: SpeciesCaseTest.ZeroDiffusivityIsAccepted ................................................................   Passed    0.02 sec
          Start  136: MeshValidity.DetectsBoundaryFaceInNoPatchOrInTwo
 890/2043 Test   #62: Mesh.CellAndFaceAccessorsValidateId ......................................................................   Passed    0.03 sec
          Start 1348: VolumeFractionSolverTest.InvalidConfigurationForNonPositiveDt
 891/2043 Test #1499: MMSErrorNormsTest.KnownField .............................................................................   Passed    0.03 sec
          Start  218: ScalarFieldTest.Fill
 892/2043 Test  #335: LinearFallbackTest.MaxAttemptsRespected ..................................................................   Passed    0.03 sec
          Start   88: MeshQualityReport.WorstEntityIsTheArgmaxOfTheMeshGeometryDefinition
 893/2043 Test  #136: MeshValidity.DetectsBoundaryFaceInNoPatchOrInTwo .........................................................   Passed    0.03 sec
          Start  600: MomentumDiffusionTest.InteriorCellsMatchKnownQuadraticLaplacian
 894/2043 Test #1348: VolumeFractionSolverTest.InvalidConfigurationForNonPositiveDt ............................................   Passed    0.03 sec
          Start  946: Case3DTest.CaseBuilderBuildsTheHexahedralMeshAndThreeComponentState
 895/2043 Test  #218: ScalarFieldTest.Fill .....................................................................................   Passed    0.03 sec
          Start  813: CompressibleCaseTest.CoupledTrueParsesAndRoundTripsThroughCaseBuilder
 896/2043 Test   #88: MeshQualityReport.WorstEntityIsTheArgmaxOfTheMeshGeometryDefinition ......................................   Passed    0.03 sec
          Start   59: MeshBoundaryPatch.AllowsEmptyFaceList
 897/2043 Test  #600: MomentumDiffusionTest.InteriorCellsMatchKnownQuadraticLaplacian ..........................................   Passed    0.03 sec
          Start  208: Field.InitializedConstructionFillsValue
 898/2043 Test  #813: CompressibleCaseTest.CoupledTrueParsesAndRoundTripsThroughCaseBuilder ....................................   Passed    0.02 sec
          Start  697: CaseWriterTest.NonDefaultConvectionSchemeRoundTrips
 899/2043 Test  #946: Case3DTest.CaseBuilderBuildsTheHexahedralMeshAndThreeComponentState ......................................   Passed    0.04 sec
          Start  633: BoussinesqBuoyancyTest.ZeroBetaGivesZeroSourceForAnyTemperature
 900/2043 Test   #59: MeshBoundaryPatch.AllowsEmptyFaceList ....................................................................   Passed    0.04 sec
          Start  558: BoundaryInwardStencil.SingleCellMeshHasNoStencilAnywhere
 901/2043 Test  #208: Field.InitializedConstructionFillsValue ..................................................................   Passed    0.03 sec
          Start  889: VTKWriterTest.MultipleSpeciesWrittenInOrderAfterTemperature
 902/2043 Test  #697: CaseWriterTest.NonDefaultConvectionSchemeRoundTrips ......................................................   Passed    0.03 sec
          Start  254: AlgebraVector.SizeMismatchRejected
 903/2043 Test  #633: BoussinesqBuoyancyTest.ZeroBetaGivesZeroSourceForAnyTemperature ..........................................   Passed    0.03 sec
          Start  930: GradedMeshCase.BuilderBuildsTheGradedMesh
 904/2043 Test  #558: BoundaryInwardStencil.SingleCellMeshHasNoStencilAnywhere .................................................   Passed    0.03 sec
          Start  489: VanLeerLimiterTest.ZeroAtOrBelowZeroRatio
 905/2043 Test  #889: VTKWriterTest.MultipleSpeciesWrittenInOrderAfterTemperature ..............................................   Passed    0.03 sec
          Start  470: ConvectionSchemeTest.RejectsInvalidName
 906/2043 Test  #254: AlgebraVector.SizeMismatchRejected .......................................................................   Passed    0.04 sec
          Start  808: MultiphaseCaseTest.RejectsMissingPerPatchAlphaWhenMultiphaseEnabled
 907/2043 Test  #930: GradedMeshCase.BuilderBuildsTheGradedMesh ................................................................   Passed    0.04 sec
          Start 1283: SpeciesEquationDiffusionTest.TwoCellSystemMatchesHandDerivedCoefficients
 908/2043 Test  #489: VanLeerLimiterTest.ZeroAtOrBelowZeroRatio ................................................................   Passed    0.04 sec
          Start 1288: SpeciesEquationConvectionTest.PositiveInternalFluxSelectsOwnerNegativeSelectsNeighbor
 909/2043 Test  #470: ConvectionSchemeTest.RejectsInvalidName ..................................................................   Passed    0.03 sec
          Start  426: LeastSquaresTest.GreenGaussDistortedIsNotExactUnlikeLeastSquares
 910/2043 Test  #808: MultiphaseCaseTest.RejectsMissingPerPatchAlphaWhenMultiphaseEnabled ......................................   Passed    0.03 sec
          Start  144: MeshGrading.TwoSidedClusteringEvenCellCount
 911/2043 Test #1283: SpeciesEquationDiffusionTest.TwoCellSystemMatchesHandDerivedCoefficients .................................   Passed    0.02 sec
          Start  973: CFLTest.ExactValueForOneDEquivalentCase
 912/2043 Test #1288: SpeciesEquationConvectionTest.PositiveInternalFluxSelectsOwnerNegativeSelectsNeighbor ....................   Passed    0.03 sec
          Start 1347: VolumeFractionSolverTest.InvalidConfigurationForMismatchedMassFluxSize
 913/2043 Test  #426: LeastSquaresTest.GreenGaussDistortedIsNotExactUnlikeLeastSquares .........................................   Passed    0.03 sec
          Start  179: Cartesian3DMeshTest.CentroidsAreBoxAndRectangleCentres
 914/2043 Test  #144: MeshGrading.TwoSidedClusteringEvenCellCount ..............................................................   Passed    0.03 sec
          Start  688: CaseReaderTest.MissingManifestThrowsIOError
 915/2043 Test  #973: CFLTest.ExactValueForOneDEquivalentCase ..................................................................   Passed    0.03 sec
          Start  932: MultiBlockCase.ReaderParsesBlocksInterfacesAndPatches
 916/2043 Test #1347: VolumeFractionSolverTest.InvalidConfigurationForMismatchedMassFluxSize ...................................   Passed    0.02 sec
          Start  823: CompressibleCaseTest.RejectsNonPositiveReferencePressure
 917/2043 Test  #179: Cartesian3DMeshTest.CentroidsAreBoxAndRectangleCentres ...................................................   Passed    0.02 sec
          Start  437: DivergenceTest.GlobalDivergenceTheoremHolds
 918/2043 Test  #932: MultiBlockCase.ReaderParsesBlocksInterfacesAndPatches ....................................................   Passed    0.04 sec
          Start  792: SpeciesCaseTest.RejectsUnknownSpeciesKey
 919/2043 Test  #688: CaseReaderTest.MissingManifestThrowsIOError ..............................................................   Passed    0.08 sec
          Start  370: ChannelBoundaryConfigurationTest.InletOutletWallSetup
 920/2043 Test  #823: CompressibleCaseTest.RejectsNonPositiveReferencePressure .................................................   Passed    0.09 sec
          Start  174: MultiBlockMeshInvalid.OverlapsAndUndeclaredContactsAreRejected
 921/2043 Test  #437: DivergenceTest.GlobalDivergenceTheoremHolds ..............................................................   Passed    0.07 sec
          Start  433: SkewnessTest.CorrectedProductionOperatorImprovesError
 922/2043 Test  #792: SpeciesCaseTest.RejectsUnknownSpeciesKey .................................................................   Passed    0.05 sec
          Start  765: TurbulenceCaseTest.RejectsNonPositiveInitialK
 923/2043 Test  #370: ChannelBoundaryConfigurationTest.InletOutletWallSetup ....................................................   Passed    0.02 sec
          Start  109: MeshFingerprintTest.IsNonEmpty
 924/2043 Test  #174: MultiBlockMeshInvalid.OverlapsAndUndeclaredContactsAreRejected ...........................................   Passed    0.03 sec
          Start 1290: SpeciesEquationConvectionTest.BoundaryInflowUsesBoundaryValueOnRhs
 925/2043 Test  #433: SkewnessTest.CorrectedProductionOperatorImprovesError ....................................................   Passed    0.03 sec
          Start  337: LinearFallbackTest.SpdMatrixIsCGEligibleAndPreferred
 926/2043 Test  #765: TurbulenceCaseTest.RejectsNonPositiveInitialK ............................................................   Passed    0.03 sec
          Start  638: BoussinesqBuoyancyTest.SourceIsLinearInTemperatureDeviation
 927/2043 Test  #109: MeshFingerprintTest.IsNonEmpty ...........................................................................   Passed    0.03 sec
          Start 1307: SpeciesSolverTest.MaxIterationsWhenOuterBudgetTooSmall
 928/2043 Test #1290: SpeciesEquationConvectionTest.BoundaryInflowUsesBoundaryValueOnRhs .......................................   Passed    0.02 sec
          Start  240: FieldArithmetic.VectorIdentities
 929/2043 Test  #337: LinearFallbackTest.SpdMatrixIsCGEligibleAndPreferred .....................................................   Passed    0.02 sec
          Start 1996: SpeciesConservationTest.OpenChannelWithVolumetricSourceBalancesNetOutflowAgainstSource
 930/2043 Test  #638: BoussinesqBuoyancyTest.SourceIsLinearInTemperatureDeviation ..............................................   Passed    0.02 sec
          Start  248: AlgebraVector.Subtraction
 931/2043 Test #1307: SpeciesSolverTest.MaxIterationsWhenOuterBudgetTooSmall ...................................................   Passed    0.03 sec
          Start  718: CaseValidationTest.WallWithUnexpectedVelocityValueIsRejected
 932/2043 Test  #240: FieldArithmetic.VectorIdentities .........................................................................   Passed    0.03 sec
          Start 1385: CompressibleMassFluxTest.UniformStateGivesUniformBoundaryDensityMatchingInterior
 933/2043 Test  #248: AlgebraVector.Subtraction ................................................................................   Passed    0.02 sec
          Start  336: LinearFallbackTest.DoesNotUseCGForUnsupportedMatrix
 934/2043 Test #1996: SpeciesConservationTest.OpenChannelWithVolumetricSourceBalancesNetOutflowAgainstSource ...................   Passed    0.04 sec
          Start 1395: CompressibleContinuityTest.RejectsNonPositiveOrNonFiniteDt
 935/2043 Test  #718: CaseValidationTest.WallWithUnexpectedVelocityValueIsRejected .............................................   Passed    0.03 sec
          Start  264: SparseMatrixTest.RejectsWrongRowOffsetsSize
 936/2043 Test #1385: CompressibleMassFluxTest.UniformStateGivesUniformBoundaryDensityMatchingInterior .........................   Passed    0.02 sec
          Start  712: CaseValidationTest.UnsupportedPhysicsModelIsRejected
 937/2043 Test  #336: LinearFallbackTest.DoesNotUseCGForUnsupportedMatrix ......................................................   Passed    0.02 sec
          Start  615: MomentumPressureTest.LinearPressureXGivesNegativeXSourceZeroYSource
 938/2043 Test #1395: CompressibleContinuityTest.RejectsNonPositiveOrNonFiniteDt ...............................................   Passed    0.02 sec
          Start  722: CaseValidationTest.UnsupportedSolverTypeIsRejected
 939/2043 Test  #264: SparseMatrixTest.RejectsWrongRowOffsetsSize ..............................................................   Passed    0.03 sec
          Start 1334: VolumeFractionConvectionTest.MismatchedMassFluxSizeThrows
 940/2043 Test  #712: CaseValidationTest.UnsupportedPhysicsModelIsRejected .....................................................   Passed    0.03 sec
          Start  877: VTKWriterTest.CellCountAndConnectivityAreCorrectFor2x2
 941/2043 Test  #615: MomentumPressureTest.LinearPressureXGivesNegativeXSourceZeroYSource ......................................   Passed    0.03 sec
          Start 1457: ProbeScalarRawTest.MatchesMeshBasedProbeOnEquivalentData
 942/2043 Test  #722: CaseValidationTest.UnsupportedSolverTypeIsRejected .......................................................   Passed    0.02 sec
          Start  749: TurbulenceCaseTest.ParsesKEpsilonConfigWhenEnabled
 943/2043 Test #1334: VolumeFractionConvectionTest.MismatchedMassFluxSizeThrows ................................................   Passed    0.03 sec
          Start 1378: CompressibleMassFluxTest.UniformDensityMatchesIncompressibleMassFluxExactly
 944/2043 Test  #877: VTKWriterTest.CellCountAndConnectivityAreCorrectFor2x2 ...................................................   Passed    0.04 sec
          Start  409: GradientTest.QuadraticFieldMatchesAnalyticalGradient
 945/2043 Test #1457: ProbeScalarRawTest.MatchesMeshBasedProbeOnEquivalentData .................................................   Passed    0.05 sec
          Start 1213: KOmegaModelTest.CorrectProducesPositiveFiniteFieldsForARealFlow
 946/2043 Test  #749: TurbulenceCaseTest.ParsesKEpsilonConfigWhenEnabled .......................................................   Passed    0.05 sec
          Start  982: CFLTest.RepeatedCallsAreDeterministic
 947/2043 Test #1378: CompressibleMassFluxTest.UniformDensityMatchesIncompressibleMassFluxExactly ..............................   Passed    0.04 sec
          Start 1497: MMSSourceTest.RelaxedMomentumSourceIsAPureRhsTerm
 948/2043 Test  #409: GradientTest.QuadraticFieldMatchesAnalyticalGradient .....................................................   Passed    0.03 sec
          Start   55: MeshFace.AreaIsMagnitudeOfAreaVector
 949/2043 Test #1213: KOmegaModelTest.CorrectProducesPositiveFiniteFieldsForARealFlow ..........................................   Passed    0.03 sec
          Start  591: MassFluxTest.MismatchedVelocitySizeThrows
 950/2043 Test  #982: CFLTest.RepeatedCallsAreDeterministic ....................................................................   Passed    0.03 sec
          Start  954: TimeControllerTest.StepCounterIncrementsOncePerAdvance
 951/2043 Test #1497: MMSSourceTest.RelaxedMomentumSourceIsAPureRhsTerm ........................................................   Passed    0.03 sec
          Start 1177: KEpsilonEquationTest.ImplicitSourceAddsToDiagonalAndRhsCorrectly
 952/2043 Test   #55: MeshFace.AreaIsMagnitudeOfAreaVector .....................................................................   Passed    0.03 sec
          Start  730: CaseBuilderTest.BuildsExpectedBoundaryConditionTypes
 953/2043 Test  #591: MassFluxTest.MismatchedVelocitySizeThrows ................................................................   Passed    0.03 sec
          Start 1373: MachNumberTest.RejectsNonPositiveSpeedOfSound
 954/2043 Test  #954: TimeControllerTest.StepCounterIncrementsOncePerAdvance ...................................................   Passed    0.02 sec
          Start  774: BoussinesqCaseTest.ThermalWithoutBuoyancyHasNoBuoyancyConfig
 955/2043 Test #1177: KEpsilonEquationTest.ImplicitSourceAddsToDiagonalAndRhsCorrectly .........................................   Passed    0.02 sec
          Start  733: ThermalCaseTest.NonThermalFixtureHasNoThermalConfig
 956/2043 Test  #730: CaseBuilderTest.BuildsExpectedBoundaryConditionTypes .....................................................   Passed    0.02 sec
          Start  892: RobustnessConfigTest.AbsentBlockDefaultsToEveryFeatureOff
 957/2043 Test #1373: MachNumberTest.RejectsNonPositiveSpeedOfSound ............................................................   Passed    0.02 sec
          Start  307: SolverFailureTest.BiCGSTABFailsBeforeIteratingOnNanRhs
 958/2043 Test  #774: BoussinesqCaseTest.ThermalWithoutBuoyancyHasNoBuoyancyConfig .............................................   Passed    0.04 sec
          Start  279: JacobiTest.RejectsNearZeroDiagonal
 959/2043 Test  #733: ThermalCaseTest.NonThermalFixtureHasNoThermalConfig ......................................................   Passed    0.04 sec
          Start 1085: EnergyEquationVariablePropertiesTest.RejectsNonFiniteOrNonPositiveSpecificHeatField
 960/2043 Test  #892: RobustnessConfigTest.AbsentBlockDefaultsToEveryFeatureOff ................................................   Passed    0.04 sec
          Start  830: PhysicsCompatibilityTest.RejectsMultiphaseTogetherWithCompressible
 961/2043 Test  #307: SolverFailureTest.BiCGSTABFailsBeforeIteratingOnNanRhs ...................................................   Passed    0.05 sec
          Start 1492: ManufacturedFieldsTest.MomentumForcingExact
 962/2043 Test  #279: JacobiTest.RejectsNearZeroDiagonal .......................................................................   Passed    0.04 sec
          Start  543: Operators3DTest.ConvectionPreservesAConstantWithEveryScheme
 963/2043 Test #1085: EnergyEquationVariablePropertiesTest.RejectsNonFiniteOrNonPositiveSpecificHeatField ......................   Passed    0.03 sec
          Start 1247: SSTEquationTest.ProductionLimiterUnlimitedBranch
 964/2043 Test  #830: PhysicsCompatibilityTest.RejectsMultiphaseTogetherWithCompressible .......................................   Passed    0.03 sec
          Start  583: FluidPropertiesTest.RejectsNonFiniteDensity
 965/2043 Test #1492: ManufacturedFieldsTest.MomentumForcingExact ..............................................................   Passed    0.03 sec
          Start   68: MeshGeometry.OwnerNeighborDistanceRejectsBoundaryFace
 966/2043 Test  #543: Operators3DTest.ConvectionPreservesAConstantWithEveryScheme ..............................................   Passed    0.03 sec
          Start  708: CaseValidationTest.FractionalNxIsRejected
 967/2043 Test #1247: SSTEquationTest.ProductionLimiterUnlimitedBranch .........................................................   Passed    0.02 sec
          Start  512: GridRefinementTest.DiffusionDistortedUncorrectedConvergesInInterior
 968/2043 Test  #583: FluidPropertiesTest.RejectsNonFiniteDensity ..............................................................   Passed    0.03 sec
          Start  612: MomentumConvectionTest.DefaultSchemeArgumentMatchesExplicitUpwind
 969/2043 Test   #68: MeshGeometry.OwnerNeighborDistanceRejectsBoundaryFace ....................................................   Passed    0.03 sec
          Start 1185: KEpsilonModelTest.FieldsSizedToMeshAtConstruction
 970/2043 Test  #708: CaseValidationTest.FractionalNxIsRejected ................................................................   Passed    0.03 sec
          Start 1234: SSTEquationTest.CrossDiffusionSourceVanishesAtF1EqualsOne
 971/2043 Test  #512: GridRefinementTest.DiffusionDistortedUncorrectedConvergesInInterior ......................................   Passed    0.02 sec
          Start 1189: KEpsilonModelTest.RejectsInvalidInitialEpsilon
 972/2043 Test  #612: MomentumConvectionTest.DefaultSchemeArgumentMatchesExplicitUpwind ........................................   Passed    0.02 sec
          Start  387: AdiabaticTest.TypeAndNameAreThermalSpecific
 973/2043 Test #1185: KEpsilonModelTest.FieldsSizedToMeshAtConstruction ........................................................   Passed    0.02 sec
          Start  498: GridRefinementTest.CentralConvectionOfSmoothFieldConvergesAboveFirstOrderInInterior
 974/2043 Test #1234: SSTEquationTest.CrossDiffusionSourceVanishesAtF1EqualsOne ................................................   Passed    0.02 sec
          Start  169: MultiBlockMesh.CurvedSectorsAndClosedRing
 975/2043 Test #1189: KEpsilonModelTest.RejectsInvalidInitialEpsilon ...........................................................   Passed    0.02 sec
          Start   52: MeshCell.RejectsNonFiniteGeometry
 976/2043 Test  #387: AdiabaticTest.TypeAndNameAreThermalSpecific ..............................................................   Passed    0.02 sec
          Start 1097: ThermalSolverTest.InvalidConfigurationForNonPositiveTolerance
 977/2043 Test  #498: GridRefinementTest.CentralConvectionOfSmoothFieldConvergesAboveFirstOrderInInterior ......................   Passed    0.03 sec
          Start  903: StructuredQuadCase.NonFiniteVertexIsRejected
 978/2043 Test  #169: MultiBlockMesh.CurvedSectorsAndClosedRing ................................................................   Passed    0.02 sec
          Start  447: DiffusionTest.LinearFieldGivesZeroDiffusionOnCartesianRegardlessOfCorrection
 979/2043 Test   #52: MeshCell.RejectsNonFiniteGeometry ........................................................................   Passed    0.03 sec
          Start  650: LinearPropertyTest.AcceptsZeroSlopeAsAnEquivalentOfConstant
 980/2043 Test #1097: ThermalSolverTest.InvalidConfigurationForNonPositiveTolerance ............................................   Passed    0.04 sec
          Start  524: TimeDerivativeTest.PreviousFieldIsNotMutated
 981/2043 Test  #903: StructuredQuadCase.NonFiniteVertexIsRejected .............................................................   Passed    0.04 sec
          Start  861: JSONWriterTest.SolverStatusAndIterationsAreCorrect
 982/2043 Test  #447: DiffusionTest.LinearFieldGivesZeroDiffusionOnCartesianRegardlessOfCorrection .............................   Passed    0.03 sec
          Start 1458: ProbeScalarRawTest.RejectsMismatchedSizes
 983/2043 Test  #650: LinearPropertyTest.AcceptsZeroSlopeAsAnEquivalentOfConstant ..............................................   Passed    0.02 sec
          Start  151: MeshGrading.RejectsNonPositiveOrNonFiniteLength
 984/2043 Test  #524: TimeDerivativeTest.PreviousFieldIsNotMutated .............................................................   Passed    0.02 sec
          Start 1354: IdealGasEOSTest.DoublingPressureAtFixedTemperatureDoublesDensity
 985/2043 Test  #861: JSONWriterTest.SolverStatusAndIterationsAreCorrect .......................................................   Passed    0.03 sec
          Start 1002: RestartSnapshotTest.DifferentMeshWithSameCellAndFaceCountIsRejectedByFingerprint
 986/2043 Test #1458: ProbeScalarRawTest.RejectsMismatchedSizes ................................................................   Passed    0.03 sec
          Start  664: EvaluatePropertyFieldTest.AllowsNonPositiveResultWhenNotRequired
 987/2043 Test  #151: MeshGrading.RejectsNonPositiveOrNonFiniteLength ..........................................................   Passed    0.03 sec
          Start 1134: ConjugateBoundaryEquivalence.SingleRegionMatchesSingleMaterialOnADistortedMesh
 988/2043 Test #1354: IdealGasEOSTest.DoublingPressureAtFixedTemperatureDoublesDensity .........................................   Passed    0.02 sec
          Start   27: CoreException.CategoriesAreDistinguishable
 989/2043 Test #1002: RestartSnapshotTest.DifferentMeshWithSameCellAndFaceCountIsRejectedByFingerprint .........................   Passed    0.02 sec
          Start 1462: SampleVectorFieldTest.StrideNSamplesEveryNthCellById
 990/2043 Test  #664: EvaluatePropertyFieldTest.AllowsNonPositiveResultWhenNotRequired .........................................   Passed    0.02 sec
          Start  369: CavityBoundaryConfigurationTest.LidDrivenCavitySetup
 991/2043 Test #1134: ConjugateBoundaryEquivalence.SingleRegionMatchesSingleMaterialOnADistortedMesh ...........................   Passed    0.02 sec
          Start  110: MeshFingerprintTest.TwoSeparatelyBuiltIdenticalMeshesProduceIdenticalFingerprints
 992/2043 Test   #27: CoreException.CategoriesAreDistinguishable ...............................................................   Passed    0.02 sec
          Start  444: DiffusionTest.ZeroFluxBoundaryConservesGlobally
 993/2043 Test #1462: SampleVectorFieldTest.StrideNSamplesEveryNthCellById .....................................................   Passed    0.02 sec
          Start   51: MeshCell.RejectsNonPositiveVolume
 994/2043 Test  #369: CavityBoundaryConfigurationTest.LidDrivenCavitySetup .....................................................   Passed    0.02 sec
          Start 1500: MMSErrorNormsTest.PressureGaugeRemoval
 995/2043 Test  #110: MeshFingerprintTest.TwoSeparatelyBuiltIdenticalMeshesProduceIdenticalFingerprints ........................   Passed    0.02 sec
          Start  517: GridRefinementTest.DiffusionDistortedCorrectedGreenGaussInterior
 996/2043 Test  #444: DiffusionTest.ZeroFluxBoundaryConservesGlobally ..........................................................   Passed    0.02 sec
          Start 1387: CompressibleMassFluxTest.MismatchedDensitySizeThrows
 997/2043 Test   #51: MeshCell.RejectsNonPositiveVolume ........................................................................   Passed    0.02 sec
          Start  623: MomentumAssemblyTest.ChannelAssemblyHasCorrectDimensionsAndFiniteCoefficients
 998/2043 Test #1500: MMSErrorNormsTest.PressureGaugeRemoval ...................................................................   Passed    0.02 sec
          Start  487: SmoothnessRatioTest.NegativeAtALocalExtremum
 999/2043 Test  #517: GridRefinementTest.DiffusionDistortedCorrectedGreenGaussInterior .........................................   Passed    0.02 sec
          Start 1317: PhasePropertiesTest.RejectsZeroOrNegativeViscosity
1000/2043 Test #1387: CompressibleMassFluxTest.MismatchedDensitySizeThrows .....................................................   Passed    0.02 sec
          Start 1237: SSTEquationTest.CrossDiffusionSourceCanBeNegative
1001/2043 Test  #623: MomentumAssemblyTest.ChannelAssemblyHasCorrectDimensionsAndFiniteCoefficients ............................   Passed    0.03 sec
          Start  547: AleOperatorsStaticLimit.TimeDerivativeWithUnchangedVolumesIsTheStaticOne
1002/2043 Test  #487: SmoothnessRatioTest.NegativeAtALocalExtremum .............................................................   Passed    0.04 sec
          Start  672: MomentumNonOrthogonalTest.LinearVelocityResidualVanishesInEveryRowWhenCorrected
1003/2043 Test #1317: PhasePropertiesTest.RejectsZeroOrNegativeViscosity .......................................................   Passed    0.04 sec
          Start  865: JSONWriterTest.FormatVersionIsOne
1004/2043 Test #1237: SSTEquationTest.CrossDiffusionSourceCanBeNegative ........................................................   Passed    0.03 sec
          Start  704: CaseValidationTest.NonPositiveGeometryLengthIsRejected
1005/2043 Test  #547: AleOperatorsStaticLimit.TimeDerivativeWithUnchangedVolumesIsTheStaticOne .................................   Passed    0.03 sec
          Start  942: VTK3DTest.TwoCellConnectivityByHand
1006/2043 Test  #672: MomentumNonOrthogonalTest.LinearVelocityResidualVanishesInEveryRowWhenCorrected ..........................   Passed    0.02 sec
          Start  622: MomentumAssemblyTest.CavityAssemblyIsFiniteWithLidForcingOnUOnly
1007/2043 Test  #865: JSONWriterTest.FormatVersionIsOne ........................................................................   Passed    0.02 sec
          Start   70: MeshGeometryNonOrthogonal.NonOrthogonalButUnskewedFace
1008/2043 Test  #704: CaseValidationTest.NonPositiveGeometryLengthIsRejected ...................................................   Passed    0.02 sec
          Start 1481: GridConvergenceTest.GridIndependenceCriterion
1009/2043 Test  #942: VTK3DTest.TwoCellConnectivityByHand ......................................................................   Passed    0.03 sec
          Start  767: TurbulenceCaseTest.RejectsNonPositiveInitialOmega
1010/2043 Test  #622: MomentumAssemblyTest.CavityAssemblyIsFiniteWithLidForcingOnUOnly .........................................   Passed    0.03 sec
          Start 1251: SSTModelTest.FieldsSizedToMeshAtConstruction
1011/2043 Test   #70: MeshGeometryNonOrthogonal.NonOrthogonalButUnskewedFace ...................................................   Passed    0.03 sec
          Start  689: CaseReaderTest.MissingReferencedFileThrowsIOError
1012/2043 Test #1481: GridConvergenceTest.GridIndependenceCriterion ............................................................   Passed    0.03 sec
          Start 1225: SSTEquationTest.Alpha2MatchesHandDerivedValue
1013/2043 Test  #767: TurbulenceCaseTest.RejectsNonPositiveInitialOmega ........................................................   Passed    0.04 sec
          Start  770: TurbulenceCaseTest.RejectsEpsilonRelaxationWithoutInitialEpsilon
1014/2043 Test #1251: SSTModelTest.FieldsSizedToMeshAtConstruction .............................................................   Passed    0.12 sec
          Start  796: SpeciesCaseTest.RejectsUnknownSpeciesNameOnPatch
1015/2043 Test  #689: CaseReaderTest.MissingReferencedFileThrowsIOError ........................................................   Passed    0.13 sec
          Start  542: Operators3DTest.DivergenceFreeMassFluxBalancesInEveryCell
1016/2043 Test #1225: SSTEquationTest.Alpha2MatchesHandDerivedValue ............................................................   Passed    0.14 sec
          Start   73: MeshGeometryNonOrthogonal.DegenerateGeometryIsDetected
1017/2043 Test  #770: TurbulenceCaseTest.RejectsEpsilonRelaxationWithoutInitialEpsilon .........................................   Passed    0.14 sec
          Start  354: MovingWallTest.RejectsNonFiniteVelocity
1018/2043 Test  #796: SpeciesCaseTest.RejectsUnknownSpeciesNameOnPatch .........................................................   Passed    0.06 sec
          Start  544: Operators3DTest.HigherOrderConvectionIsExactForALinearFieldAwayFromTheBoundary
1019/2043 Test  #542: Operators3DTest.DivergenceFreeMassFluxBalancesInEveryCell ................................................   Passed    0.05 sec
          Start 1162: LaminarModelTest.RepeatedCorrectIsDeterministic
1020/2043 Test   #73: MeshGeometryNonOrthogonal.DegenerateGeometryIsDetected ...................................................   Passed    0.04 sec
          Start  257: SparseMatrixTest.BuilderSumsDuplicateContributions
1021/2043 Test  #354: MovingWallTest.RejectsNonFiniteVelocity ..................................................................   Passed    0.04 sec
          Start 1004: RestartSnapshotTest.NonFinitePressureIsRejected
1022/2043 Test  #544: Operators3DTest.HigherOrderConvectionIsExactForALinearFieldAwayFromTheBoundary ...........................   Passed    0.04 sec
          Start 1291: SpeciesEquationConvectionTest.ConstantConcentrationWithDivergenceFreeFluxGivesZeroNetContribution
1023/2043 Test #1162: LaminarModelTest.RepeatedCorrectIsDeterministic ..........................................................   Passed    0.04 sec
          Start 1045: ThermalPropertiesTest.RejectsNegativeConductivity
1024/2043 Test  #257: SparseMatrixTest.BuilderSumsDuplicateContributions .......................................................   Passed    0.04 sec
          Start 1490: ManufacturedFieldsTest.VelocityDerivativesExact
1025/2043 Test #1004: RestartSnapshotTest.NonFinitePressureIsRejected ..........................................................   Passed    0.04 sec
          Start  970: TimeControllerTest.AdvanceFromStartingStepContinuesTheAbsoluteStepCount
1026/2043 Test #1291: SpeciesEquationConvectionTest.ConstantConcentrationWithDivergenceFreeFluxGivesZeroNetContribution ........   Passed    0.04 sec
          Start  281: JacobiTest.NonFiniteMatrixValuesAreUnreachableByJacobi
1027/2043 Test #1045: ThermalPropertiesTest.RejectsNegativeConductivity ........................................................   Passed    0.04 sec
          Start 1076: EnergyEquationThermalBCIntegrationTest.HeatFluxAndAdiabaticBoundariesMatchHandDerivedRhs
1028/2043 Test #1490: ManufacturedFieldsTest.VelocityDerivativesExact ..........................................................   Passed    0.03 sec
          Start 1271: TurbulenceModelFactoryTest.KOmegaOverloadRejectsUnsupportedModelNames
1029/2043 Test  #970: TimeControllerTest.AdvanceFromStartingStepContinuesTheAbsoluteStepCount ..................................   Passed    0.03 sec
          Start 1103: ThermalSolverVariablePropertiesTest.NonFiniteStateWhenPropertyModelPredictsNonPositiveValue
1030/2043 Test  #281: JacobiTest.NonFiniteMatrixValuesAreUnreachableByJacobi ...................................................   Passed    0.04 sec
          Start  194: MeshMotionGeometry.SinusoidalDeformation2D
1031/2043 Test #1076: EnergyEquationThermalBCIntegrationTest.HeatFluxAndAdiabaticBoundariesMatchHandDerivedRhs .................   Passed    0.04 sec
          Start  999: RestartSnapshotTest.WrongCellCountIsRejected
1032/2043 Test #1271: TurbulenceModelFactoryTest.KOmegaOverloadRejectsUnsupportedModelNames ....................................   Passed    0.04 sec
          Start 1850: TwoMaterialConductionValidation.GridRefinementDoesNotDegradeAccuracy
1033/2043 Test #1103: ThermalSolverVariablePropertiesTest.NonFiniteStateWhenPropertyModelPredictsNonPositiveValue ..............   Passed    0.04 sec
          Start  147: MeshGrading.RatioOneIsExactlyUniform
1034/2043 Test  #194: MeshMotionGeometry.SinusoidalDeformation2D ...............................................................   Passed    0.04 sec
          Start  320: GMRESTest.SolvesSPDSystemAndAgreesWithCG
1035/2043 Test  #999: RestartSnapshotTest.WrongCellCountIsRejected .............................................................   Passed    0.03 sec
          Start 1483: GridConvergenceStudyTest.RunsCoarseToFineAndAnalysesEveryQuantity
1036/2043 Test #1850: TwoMaterialConductionValidation.GridRefinementDoesNotDegradeAccuracy .....................................   Passed    0.03 sec
          Start 1331: VolumeFractionConvectionTest.BoundaryInflowUsesBoundaryValueOnRhs
1037/2043 Test  #147: MeshGrading.RatioOneIsExactlyUniform .....................................................................   Passed    0.03 sec
          Start  995: RestartSnapshotTest.VelocityPressureFluxCopiedExactly
1038/2043 Test  #320: GMRESTest.SolvesSPDSystemAndAgreesWithCG .................................................................   Passed    0.03 sec
          Start   31: LoggerTest.MessagesBelowLevelAreFiltered
1039/2043 Test #1483: GridConvergenceStudyTest.RunsCoarseToFineAndAnalysesEveryQuantity ........................................   Passed    0.03 sec
          Start  605: MomentumDiffusionTest.NonUniformEffectiveViscosityChangesDiffusionCoefficients
1040/2043 Test #1331: VolumeFractionConvectionTest.BoundaryInflowUsesBoundaryValueOnRhs ........................................   Passed    0.03 sec
          Start  989: TransientSolverTest.InvalidConfigurationFromStepperPropagates
1041/2043 Test  #995: RestartSnapshotTest.VelocityPressureFluxCopiedExactly ....................................................   Passed    0.03 sec
          Start  140: MeshValidity.EveryCartesianAndStructuredQuadMeshIsValid
1042/2043 Test   #31: LoggerTest.MessagesBelowLevelAreFiltered .................................................................   Passed    0.04 sec
          Start  734: ThermalCaseTest.ParsesThermalPropertiesWhenEnabled
1043/2043 Test  #605: MomentumDiffusionTest.NonUniformEffectiveViscosityChangesDiffusionCoefficients ...........................   Passed    0.03 sec
          Start  824: CompressibleCaseTest.RejectsNonPositiveTemperature
1044/2043 Test  #989: TransientSolverTest.InvalidConfigurationFromStepperPropagates ............................................   Passed    0.03 sec
          Start 1379: CompressibleMassFluxTest.InternalFaceUsesArithmeticMeanDensity
1045/2043 Test  #140: MeshValidity.EveryCartesianAndStructuredQuadMeshIsValid ..................................................   Passed    0.03 sec
          Start  100: MeshQualityReport.IdenticalMeshesGiveIdenticalReports
1046/2043 Test  #734: ThermalCaseTest.ParsesThermalPropertiesWhenEnabled .......................................................   Passed    0.04 sec
          Start  835: PhysicsCompatibilityTest.RejectsCoupledCompressibleTogetherWithBuoyancy
1047/2043 Test  #824: CompressibleCaseTest.RejectsNonPositiveTemperature .......................................................   Passed    0.04 sec
          Start 1192: KEpsilonModelTest.CorrectRejectsMismatchedVelocitySize
1048/2043 Test #1379: CompressibleMassFluxTest.InternalFaceUsesArithmeticMeanDensity ...........................................   Passed    0.03 sec
          Start 1184: KEpsilonModelTest.NameIsKEpsilon
1049/2043 Test  #100: MeshQualityReport.IdenticalMeshesGiveIdenticalReports ....................................................   Passed    0.03 sec
          Start 1166: LaminarModelTest.PolymorphicUseThroughBaseInterfaceWorks
1050/2043 Test  #835: PhysicsCompatibilityTest.RejectsCoupledCompressibleTogetherWithBuoyancy ..................................   Passed    0.03 sec
          Start 1019: ResidualTrend.Diverging
1051/2043 Test #1192: KEpsilonModelTest.CorrectRejectsMismatchedVelocitySize ...................................................   Passed    0.03 sec
          Start   90: MeshQualityReport.WarningsAreAggregatedPerMetricWithTheWorstEntity
1052/2043 Test #1184: KEpsilonModelTest.NameIsKEpsilon .........................................................................   Passed    0.04 sec
          Start 1350: VolumeFractionSolverTest.NonFiniteStateForNonFiniteMassFlux
1053/2043 Test #1166: LaminarModelTest.PolymorphicUseThroughBaseInterfaceWorks .................................................   Passed    0.04 sec
          Start  548: AleOperatorsStaticLimit.RelativeFluxWithoutMeshMotionIsTheFlux
1054/2043 Test #1019: ResidualTrend.Diverging ..................................................................................   Passed    0.03 sec
          Start  940: MultiBlockCase.JsonMetadataListsTheBlocks
1055/2043 Test   #90: MeshQualityReport.WarningsAreAggregatedPerMetricWithTheWorstEntity .......................................   Passed    0.03 sec
          Start  694: CaseReaderTest.UnsupportedFormatVersionThrowsCaseConfigurationError
1056/2043 Test #1350: VolumeFractionSolverTest.NonFiniteStateForNonFiniteMassFlux ..............................................   Passed    0.03 sec
          Start  726: CaseValidationTest.ZeroMaxIterationsIsRejected
1057/2043 Test  #548: AleOperatorsStaticLimit.RelativeFluxWithoutMeshMotionIsTheFlux ...........................................   Passed    0.02 sec
          Start   47: Vector3Test.IsFiniteChecksEveryComponent
1058/2043 Test  #940: MultiBlockCase.JsonMetadataListsTheBlocks ................................................................   Passed    0.03 sec
          Start 1116: InterfaceConductanceTest.RejectsNonFiniteInputs
1059/2043 Test  #694: CaseReaderTest.UnsupportedFormatVersionThrowsCaseConfigurationError ......................................   Passed    0.03 sec
          Start  230: VectorFieldTest.ScalarDivision
1060/2043 Test  #726: CaseValidationTest.ZeroMaxIterationsIsRejected ...........................................................   Passed    0.04 sec
          Start   33: CoreTimer.ElapsedTimeIsNonNegative
1061/2043 Test   #47: Vector3Test.IsFiniteChecksEveryComponent .................................................................   Passed    0.04 sec
          Start  723: CaseValidationTest.RelaxationAboveOneIsRejected
1062/2043 Test #1116: InterfaceConductanceTest.RejectsNonFiniteInputs ..........................................................   Passed    0.04 sec
          Start  326: GMRESTest.IterationBudgetIsReportedAsMaxIterations
1063/2043 Test  #230: VectorFieldTest.ScalarDivision ...........................................................................   Passed    0.03 sec
          Start  896: RobustnessConfigTest.NonDefaultBlockRoundTripsAndDefaultIsNotWritten
1064/2043 Test   #33: CoreTimer.ElapsedTimeIsNonNegative .......................................................................   Passed    0.03 sec
          Start  263: SparseMatrixTest.AllFinite
1065/2043 Test  #723: CaseValidationTest.RelaxationAboveOneIsRejected ..........................................................   Passed    0.03 sec
          Start  998: RestartSnapshotTest.RepeatedConstructionFromIdenticalStateIsDeterministic
1066/2043 Test  #326: GMRESTest.IterationBudgetIsReportedAsMaxIterations .......................................................   Passed    0.04 sec
          Start  906: StructuredQuadCase.BuilderConstructsTheVertexMesh
1067/2043 Test  #896: RobustnessConfigTest.NonDefaultBlockRoundTripsAndDefaultIsNotWritten .....................................   Passed    0.04 sec
          Start  156: AxisSpacing.GradedUniformOrUnitRatioIsTheUniformSpacing
1068/2043 Test  #263: SparseMatrixTest.AllFinite ...............................................................................   Passed    0.04 sec
          Start 1047: ThermalPropertiesTest.RejectsNegativeSpecificHeat
1069/2043 Test  #998: RestartSnapshotTest.RepeatedConstructionFromIdenticalStateIsDeterministic ................................   Passed    0.04 sec
          Start  686: CaseReaderTest.ExplicitInitialConditionsAreParsed
1070/2043 Test  #906: StructuredQuadCase.BuilderConstructsTheVertexMesh ........................................................   Passed    0.04 sec
          Start  397: WallOmegaTest.RejectsInvalidDistance
1071/2043 Test  #156: AxisSpacing.GradedUniformOrUnitRatioIsTheUniformSpacing ..................................................   Passed    0.04 sec
          Start 1099: ThermalSolverTest.NonFiniteStateForNonFiniteMassFlux
1072/2043 Test #1047: ThermalPropertiesTest.RejectsNegativeSpecificHeat ........................................................   Passed    0.04 sec
          Start  491: VanLeerLimiterTest.OneAtRatioOfOne
1073/2043 Test  #686: CaseReaderTest.ExplicitInitialConditionsAreParsed ........................................................   Passed    0.04 sec
          Start  599: MomentumDiffusionTest.ConstantVelocityGivesZeroContributionEverywhere
1074/2043 Test  #397: WallOmegaTest.RejectsInvalidDistance .....................................................................   Passed    0.04 sec
          Start  890: VTKWriterTest.MismatchedSpeciesSizeThrows
1075/2043 Test #1099: ThermalSolverTest.NonFiniteStateForNonFiniteMassFlux .....................................................   Passed    0.03 sec
          Start  199: MeshMotionInvalid.CollapsingCellsAreRejectedNamingTheCell
1076/2043 Test  #491: VanLeerLimiterTest.OneAtRatioOfOne .......................................................................   Passed    0.03 sec
          Start  766: TurbulenceCaseTest.RejectsNonPositiveInitialEpsilon
1077/2043 Test  #599: MomentumDiffusionTest.ConstantVelocityGivesZeroContributionEverywhere ....................................   Passed    0.03 sec
          Start  945: Case3DTest.FaceFluxKeyParsesEveryValueAndDefaultsToAutomatic
1078/2043 Test  #890: VTKWriterTest.MismatchedSpeciesSizeThrows ................................................................   Passed    0.03 sec
          Start  373: FixedTemperatureTest.RejectsNonFiniteTemperature
1079/2043 Test  #199: MeshMotionInvalid.CollapsingCellsAreRejectedNamingTheCell ................................................   Passed    0.03 sec
          Start 1389: CompressibleMassFluxTest.MismatchedTemperatureSizeThrows
1080/2043 Test  #766: TurbulenceCaseTest.RejectsNonPositiveInitialEpsilon ......................................................   Passed    0.03 sec
          Start  427: LeastSquaresTest.BoundaryCellsUseTheAssignedConditionAtTheFacesOwnPosition
1081/2043 Test  #945: Case3DTest.FaceFluxKeyParsesEveryValueAndDefaultsToAutomatic .............................................   Passed    0.03 sec
          Start 1169: TurbulenceProductionTest.ZeroShearGivesZeroProductionEverywhere
1082/2043 Test  #373: FixedTemperatureTest.RejectsNonFiniteTemperature .........................................................   Passed    0.02 sec
          Start  356: InletTest.InflowDotProductWithOutwardNormalIsNegative
1083/2043 Test #1389: CompressibleMassFluxTest.MismatchedTemperatureSizeThrows .................................................   Passed    0.02 sec
          Start  628: BoussinesqBuoyancyTest.RejectsNegativeBeta
1084/2043 Test  #427: LeastSquaresTest.BoundaryCellsUseTheAssignedConditionAtTheFacesOwnPosition ...............................   Passed    0.02 sec
          Start 1756: PisoTransientIntegrationTest.DirectPisoSequenceMatchesTransientSolverBitIdentical
1085/2043 Test #1169: TurbulenceProductionTest.ZeroShearGivesZeroProductionEverywhere ..........................................   Passed    0.02 sec
          Start  133: MeshValidity.DetectsOpenCell
1086/2043 Test  #356: InletTest.InflowDotProductWithOutwardNormalIsNegative ....................................................   Passed    0.02 sec
          Start 1246: SSTEquationTest.TurbulentViscosityRejectsInvalidInputs
1087/2043 Test  #628: BoussinesqBuoyancyTest.RejectsNegativeBeta ...............................................................   Passed    0.02 sec
          Start  465: ConvectionTest.BoundaryOutflowUsesOwnerValue
1088/2043 Test #1756: PisoTransientIntegrationTest.DirectPisoSequenceMatchesTransientSolverBitIdentical ........................   Passed    0.02 sec
          Start  972: TimeControllerTest.ResumedControllerMatchesContinuousControllerBitIdentically
1089/2043 Test  #133: MeshValidity.DetectsOpenCell .............................................................................   Passed    0.02 sec
          Start  113: MeshFingerprintTest.DifferentResolutionProducesDifferentFingerprint
1090/2043 Test #1246: SSTEquationTest.TurbulentViscosityRejectsInvalidInputs ...................................................   Passed    0.02 sec
          Start  966: TimeControllerTest.RejectsNonFiniteInputs
1091/2043 Test  #465: ConvectionTest.BoundaryOutflowUsesOwnerValue .............................................................   Passed    0.02 sec
          Start 1050: ThermalPropertiesTest.ThermalDiffusivityRejectsZeroDensity
1092/2043 Test  #972: TimeControllerTest.ResumedControllerMatchesContinuousControllerBitIdentically ............................   Passed    0.02 sec
          Start  984: TransientSolverTest.DtSequenceMatchesTimeControllerIncludingShortenedFinalStep
1093/2043 Test  #113: MeshFingerprintTest.DifferentResolutionProducesDifferentFingerprint ......................................   Passed    0.02 sec
          Start 1158: LaminarModelTest.TurbulentViscosityIsZeroEverywhere
1094/2043 Test  #966: TimeControllerTest.RejectsNonFiniteInputs ................................................................   Passed    0.02 sec
          Start  891: VTKWriterTest.NonFiniteSpeciesThrows
1095/2043 Test #1050: ThermalPropertiesTest.ThermalDiffusivityRejectsZeroDensity ...............................................   Passed    0.02 sec
          Start  754: TurbulenceCaseTest.BuilderConstructsKOmegaConfigAndBoundaries
1096/2043 Test  #984: TransientSolverTest.DtSequenceMatchesTimeControllerIncludingShortenedFinalStep ...........................   Passed    0.02 sec
          Start  332: LinearFallbackTest.EligibleBreakdownUsesFallback
1097/2043 Test #1158: LaminarModelTest.TurbulentViscosityIsZeroEverywhere ......................................................   Passed    0.02 sec
          Start  775: BoussinesqCaseTest.ParsesBuoyancyConfigWhenEnabled
1098/2043 Test  #891: VTKWriterTest.NonFiniteSpeciesThrows .....................................................................   Passed    0.02 sec
          Start  225: ScalarFieldTest.ExplicitValuesFromSpecExample
1099/2043 Test  #754: TurbulenceCaseTest.BuilderConstructsKOmegaConfigAndBoundaries ............................................   Passed    0.02 sec
          Start  724: CaseValidationTest.ZeroRelaxationIsRejected
1100/2043 Test  #332: LinearFallbackTest.EligibleBreakdownUsesFallback .........................................................   Passed    0.02 sec
          Start  523: TimeDerivativeTest.DifferentVolumesScaleDiagonalAndSourceIndependently
1101/2043 Test  #775: BoussinesqCaseTest.ParsesBuoyancyConfigWhenEnabled .......................................................   Passed    0.03 sec
          Start  646: ConstantPropertyTest.RejectsNonFiniteTemperatureQuery
1102/2043 Test  #225: ScalarFieldTest.ExplicitValuesFromSpecExample ............................................................   Passed    0.03 sec
          Start 1215: KOmegaModelTest.EffectiveViscosityEqualsMolecularPlusTurbulent
1103/2043 Test  #724: CaseValidationTest.ZeroRelaxationIsRejected ..............................................................   Passed    0.03 sec
          Start 1482: GridConvergenceTest.ObservedOrderSolverMatchesClosedFormForEqualRatios
1104/2043 Test  #523: TimeDerivativeTest.DifferentVolumesScaleDiagonalAndSourceIndependently ...................................   Passed    0.03 sec
          Start 1321: TwoPhaseSystemTest.MixtureDensityAtCanonicalAlphaValues
1105/2043 Test  #646: ConstantPropertyTest.RejectsNonFiniteTemperatureQuery ....................................................   Passed    0.03 sec
          Start 1737: FinalCorrectionTest.ControlledPartialCorrectionShowsRc2BelowRc1
1106/2043 Test #1215: KOmegaModelTest.EffectiveViscosityEqualsMolecularPlusTurbulent ...........................................   Passed    0.03 sec
          Start  266: SparseMatrixTest.RejectsNonZeroFirstRowOffset
1107/2043 Test #1482: GridConvergenceTest.ObservedOrderSolverMatchesClosedFormForEqualRatios ...................................   Passed    0.03 sec
          Start  334: LinearFallbackTest.FallbackFailurePropagates
1108/2043 Test #1321: TwoPhaseSystemTest.MixtureDensityAtCanonicalAlphaValues ..................................................   Passed    0.03 sec
          Start  915: MeshQualityCase.NonOrthogonalMeshCarriesTheCorrectionAdvice
1109/2043 Test #1737: FinalCorrectionTest.ControlledPartialCorrectionShowsRc2BelowRc1 ..........................................   Passed    0.03 sec
          Start 1319: PhasePropertiesTest.TwoPhasesKeepIndependentIdentity
1110/2043 Test  #266: SparseMatrixTest.RejectsNonZeroFirstRowOffset ............................................................   Passed    0.02 sec
          Start  371: FixedTemperatureTest.StoresAndReturnsExactTemperature
1111/2043 Test  #334: LinearFallbackTest.FallbackFailurePropagates .............................................................   Passed    0.02 sec
          Start  163: GradedMesh.InvalidGradingNeverBuildsAMesh
1112/2043 Test  #915: MeshQualityCase.NonOrthogonalMeshCarriesTheCorrectionAdvice ..............................................   Passed    0.02 sec
          Start  900: StructuredQuadCase.MissingVerticesAreRejected
1113/2043 Test #1319: PhasePropertiesTest.TwoPhasesKeepIndependentIdentity .....................................................   Passed    0.02 sec
          Start  882: VTKWriterTest.RepeatedWriteIsByteIdentical
1114/2043 Test  #371: FixedTemperatureTest.StoresAndReturnsExactTemperature ....................................................   Passed    0.03 sec
          Start 1066: EnergyEquationSourceTest.RejectsNonFiniteHeatSource
1115/2043 Test  #163: GradedMesh.InvalidGradingNeverBuildsAMesh ................................................................   Passed    0.03 sec
          Start 1238: SSTEquationTest.F1RemainsBoundedAcrossRepresentativeStates
1116/2043 Test  #900: StructuredQuadCase.MissingVerticesAreRejected ............................................................   Passed    0.03 sec
          Start  937: MultiBlockCase.BuilderConstructsTheMultiBlockMeshWithNamedBoundaries
1117/2043 Test  #882: VTKWriterTest.RepeatedWriteIsByteIdentical ...............................................................   Passed    0.03 sec
          Start  587: MassFluxTest.StationaryWallGivesZeroFlux
1118/2043 Test #1066: EnergyEquationSourceTest.RejectsNonFiniteHeatSource ......................................................   Passed    0.03 sec
          Start   65: MeshGeometry.DistanceAndDisplacement
1119/2043 Test #1238: SSTEquationTest.F1RemainsBoundedAcrossRepresentativeStates ...............................................   Passed    0.03 sec
          Start  518: GridRefinementTest.DiffusionModeratelyDistortedUncorrectedInterior
1120/2043 Test  #937: MultiBlockCase.BuilderConstructsTheMultiBlockMeshWithNamedBoundaries .....................................   Passed    0.03 sec
          Start 1275: TurbulenceNonOrthogonalTest.NonOrthogonalDiffusion
1121/2043 Test  #587: MassFluxTest.StationaryWallGivesZeroFlux .................................................................   Passed    0.04 sec
          Start  668: MomentumVariableViscosityTest.InternalFaceMatchesHandDerivedLinearMuValue
1122/2043 Test   #65: MeshGeometry.DistanceAndDisplacement .....................................................................   Passed    0.03 sec
          Start  994: RestartSnapshotTest.ValidStateProducesValidSnapshot
1123/2043 Test  #518: GridRefinementTest.DiffusionModeratelyDistortedUncorrectedInterior .......................................   Passed    0.04 sec
          Start  996: RestartSnapshotTest.TimeStepAndDeltaTCopiedExactly
1124/2043 Test #1275: TurbulenceNonOrthogonalTest.NonOrthogonalDiffusion .......................................................   Passed    0.02 sec
          Start 1327: EvaluateMixtureFieldTest.MinMaxBoundsMatchTheLinearLawsRange
1125/2043 Test  #668: MomentumVariableViscosityTest.InternalFaceMatchesHandDerivedLinearMuValue ................................   Passed    0.03 sec
          Start  546: Operators3DTest.TwoDimensionalOnlyComponentsRefuseA3DMesh
1126/2043 Test  #994: RestartSnapshotTest.ValidStateProducesValidSnapshot ......................................................   Passed    0.03 sec
          Start  128: StructuredQuadMesh.RejectsNonConvexCell
1127/2043 Test  #996: RestartSnapshotTest.TimeStepAndDeltaTCopiedExactly .......................................................   Passed    0.04 sec
          Start  804: MultiphaseCaseTest.RejectsIdenticalPhaseNames
1128/2043 Test #1327: EvaluateMixtureFieldTest.MinMaxBoundsMatchTheLinearLawsRange .............................................   Passed    0.04 sec
          Start  957: TimeControllerTest.InexactDeltaTDoesNotProduceAnExtraTinyStep
1129/2043 Test  #546: Operators3DTest.TwoDimensionalOnlyComponentsRefuseA3DMesh ................................................   Passed    0.03 sec
          Start  435: DivergenceTest.ULinearGivesDivergenceTwo
1130/2043 Test  #128: StructuredQuadMesh.RejectsNonConvexCell ..................................................................   Passed    0.03 sec
          Start  785: SpeciesCaseTest.NonSpeciesFixtureHasNoSpeciesConfig
1131/2043 Test  #804: MultiphaseCaseTest.RejectsIdenticalPhaseNames ............................................................   Passed    0.02 sec
          Start  987: TransientSolverTest.PressureCorrectionFailurePropagates
1132/2043 Test  #957: TimeControllerTest.InexactDeltaTDoesNotProduceAnExtraTinyStep ............................................   Passed    0.02 sec
          Start  849: CSVWriterTest.RepeatedWriteFieldsIsByteIdentical
1133/2043 Test  #435: DivergenceTest.ULinearGivesDivergenceTwo .................................................................   Passed    0.02 sec
          Start  215: Field.CopyIsIndependent
1134/2043 Test  #785: SpeciesCaseTest.NonSpeciesFixtureHasNoSpeciesConfig ......................................................   Passed    0.02 sec
          Start  918: GradedMeshCase.NoGradingMeansNone
1135/2043 Test  #987: TransientSolverTest.PressureCorrectionFailurePropagates ..................................................   Passed    0.02 sec
          Start  454: DiffusionTest.ClosedDomainGlobalBalanceIsUnchangedByCorrection
1136/2043 Test  #849: CSVWriterTest.RepeatedWriteFieldsIsByteIdentical .........................................................   Passed    0.02 sec
          Start 1295: SpeciesEquationAssemblyTest.ProducesCorrectDimensions
1137/2043 Test  #215: Field.CopyIsIndependent ..................................................................................   Passed    0.02 sec
          Start  695: CaseReaderTest.UnknownTopLevelFieldInManifestIsRejected
1138/2043 Test  #918: GradedMeshCase.NoGradingMeansNone ........................................................................   Passed    0.02 sec
          Start  635: BoussinesqBuoyancyTest.HotCellWithDownwardGravityDrivesFluidUpward
1139/2043 Test  #454: DiffusionTest.ClosedDomainGlobalBalanceIsUnchangedByCorrection ...........................................   Passed    0.02 sec
          Start  743: ThermalCaseTest.RejectsExtraneousValueForAdiabatic
1140/2043 Test #1295: SpeciesEquationAssemblyTest.ProducesCorrectDimensions ....................................................   Passed    0.02 sec
          Start 1130: ConjugateBoundaryEquivalence.SingleRegionMatchesSingleMaterialOn10x10
1141/2043 Test  #695: CaseReaderTest.UnknownTopLevelFieldInManifestIsRejected ..................................................   Passed    0.02 sec
          Start  854: CSVWriterTest.OmitsSpeciesColumnsWhenNotProvided
1142/2043 Test  #635: BoussinesqBuoyancyTest.HotCellWithDownwardGravityDrivesFluidUpward .......................................   Passed    0.02 sec
          Start  471: ConvectionSchemeTest.NameRoundTripsThroughParse
1143/2043 Test  #743: ThermalCaseTest.RejectsExtraneousValueForAdiabatic .......................................................   Passed    0.02 sec
          Start 1064: EnergyEquationSourceTest.AddsQTimesVolumeExactly
1144/2043 Test #1130: ConjugateBoundaryEquivalence.SingleRegionMatchesSingleMaterialOn10x10 ....................................   Passed    0.03 sec
          Start  522: TimeDerivativeTest.ExactCoefficientsForSingleCell
1145/2043 Test  #854: CSVWriterTest.OmitsSpeciesColumnsWhenNotProvided .........................................................   Passed    0.03 sec
          Start  920: GradedMeshCase.ParsesXGrading
1146/2043 Test  #471: ConvectionSchemeTest.NameRoundTripsThroughParse ..........................................................   Passed    0.03 sec
          Start 1330: VolumeFractionConvectionTest.BoundaryOutflowUsesOwnerUnknownNotBoundaryValue
1147/2043 Test #1064: EnergyEquationSourceTest.AddsQTimesVolumeExactly .........................................................   Passed    0.04 sec
          Start  238: FieldArithmetic.VectorFieldRejectsSizeMismatch
1148/2043 Test  #522: TimeDerivativeTest.ExactCoefficientsForSingleCell ........................................................   Passed    0.04 sec
          Start 1154: EffectiveViscosityTest.RejectsNonPositiveMolecularViscosity
1149/2043 Test  #920: GradedMeshCase.ParsesXGrading ............................................................................   Passed    0.04 sec
          Start  519: GridRefinementTest.DiffusionModeratelyDistortedCorrectedConvergesAtSecondOrderInInterior
1150/2043 Test #1330: VolumeFractionConvectionTest.BoundaryOutflowUsesOwnerUnknownNotBoundaryValue .............................   Passed    0.03 sec
          Start  879: VTKWriterTest.ZCoordinateIsAlwaysZeroFor2DMesh
1151/2043 Test  #238: FieldArithmetic.VectorFieldRejectsSizeMismatch ...........................................................   Passed    0.03 sec
          Start  610: MomentumConvectionTest.BoundaryInflowUsesBoundaryValueOnRhs
1152/2043 Test #1154: EffectiveViscosityTest.RejectsNonPositiveMolecularViscosity ..............................................   Passed    0.02 sec
          Start  253: AlgebraVector.Norms
1153/2043 Test  #519: GridRefinementTest.DiffusionModeratelyDistortedCorrectedConvergesAtSecondOrderInInterior .................   Passed    0.02 sec
          Start  171: MultiBlockMeshInvalid.StructuralErrorsAreNamed
1154/2043 Test  #879: VTKWriterTest.ZCoordinateIsAlwaysZeroFor2DMesh ...........................................................   Passed    0.02 sec
          Start  101: CartesianMesh.OneByOne
1155/2043 Test  #610: MomentumConvectionTest.BoundaryInflowUsesBoundaryValueOnRhs ..............................................   Passed    0.02 sec
          Start  707: CaseValidationTest.ZeroNxIsRejected
1156/2043 Test  #253: AlgebraVector.Norms ......................................................................................   Passed    0.02 sec
          Start 1044: ThermalPropertiesTest.RejectsZeroConductivity
1157/2043 Test  #171: MultiBlockMeshInvalid.StructuralErrorsAreNamed ...........................................................   Passed    0.02 sec
          Start 1489: ManufacturedFieldsTest.VelocityIsAnalyticallyDivergenceFree
1158/2043 Test  #101: CartesianMesh.OneByOne ...................................................................................   Passed    0.02 sec
          Start  910: StructuredQuadCase.WriterKeepsCartesianMeshFileUnchanged
1159/2043 Test  #707: CaseValidationTest.ZeroNxIsRejected ......................................................................   Passed    0.02 sec
          Start 1198: KOmegaEquationTest.LinearFormDiffersFromKEpsilonReciprocalForm
1160/2043 Test #1044: ThermalPropertiesTest.RejectsZeroConductivity ............................................................   Passed    0.02 sec
          Start  152: MeshGrading.RejectsInvalidRatios
1161/2043 Test #1489: ManufacturedFieldsTest.VelocityIsAnalyticallyDivergenceFree ..............................................   Passed    0.02 sec
          Start 1486: GridConvergenceStudyTest.SimpleSolveGateRejectsInvalidSolves
1162/2043 Test  #910: StructuredQuadCase.WriterKeepsCartesianMeshFileUnchanged .................................................   Passed    0.02 sec
          Start  640: BoussinesqBuoyancyTest.MomentumContributionScalesWithCellVolume
1163/2043 Test #1198: KOmegaEquationTest.LinearFormDiffersFromKEpsilonReciprocalForm ...........................................   Passed    0.03 sec
          Start  461: DiffusionTest.ZeroOwnerNeighborDistanceIsAPreexistingLimitationNotWorsenedByCorrection
1164/2043 Test  #152: MeshGrading.RejectsInvalidRatios .........................................................................   Passed    0.03 sec
          Start 1016: ResidualTrend.Converging
1165/2043 Test #1486: GridConvergenceStudyTest.SimpleSolveGateRejectsInvalidSolves .............................................   Passed    0.03 sec
          Start  755: TurbulenceCaseTest.KOmegaInletPatchGetsFixedKAndOmegaFromCaseConfig
1166/2043 Test  #640: BoussinesqBuoyancyTest.MomentumContributionScalesWithCellVolume ..........................................   Passed    0.03 sec
          Start  271: SparseMatrixTest.RepeatedMultiplyIsBitIdenticalRegardlessOfOpenMPThreadCount
1167/2043 Test  #461: DiffusionTest.ZeroOwnerNeighborDistanceIsAPreexistingLimitationNotWorsenedByCorrection ...................   Passed    0.03 sec
          Start  468: ConvectionTest.InternalConservationFaceOnce
1168/2043 Test #1016: ResidualTrend.Converging .................................................................................   Passed    0.03 sec
          Start  223: ScalarFieldTest.DivisionByZeroThrows
1169/2043 Test  #755: TurbulenceCaseTest.KOmegaInletPatchGetsFixedKAndOmegaFromCaseConfig ......................................   Passed    0.02 sec
          Start  477: ConvectionSchemeTest.LinearFieldIsReproducedExactlyAwayFromAnyDegradedFace
1170/2043 Test  #271: SparseMatrixTest.RepeatedMultiplyIsBitIdenticalRegardlessOfOpenMPThreadCount .............................   Passed    0.03 sec
          Start   74: MeshQuality.UniformSquareGridIsValidWithUnitAspectRatio
1171/2043 Test  #468: ConvectionTest.InternalConservationFaceOnce ..............................................................   Passed    0.03 sec
          Start  797: SpeciesCaseTest.RejectsUnknownConcentrationBoundaryType
1172/2043 Test  #223: ScalarFieldTest.DivisionByZeroThrows .....................................................................   Passed    0.03 sec
          Start  939: MultiBlockCase.VtkWritesBlockVerticesAndCellCorners
1173/2043 Test  #477: ConvectionSchemeTest.LinearFieldIsReproducedExactlyAwayFromAnyDegradedFace ...............................   Passed    0.03 sec
          Start  456: DiffusionTest.CorrectionLeavesWallThermalBoundaryFluxesUntouched
1174/2043 Test   #74: MeshQuality.UniformSquareGridIsValidWithUnitAspectRatio ..................................................   Passed    0.02 sec
          Start  667: MomentumVariableViscosityTest.ConstantPropertyReproducesScalarOverloadExactly
1175/2043 Test  #939: MultiBlockCase.VtkWritesBlockVerticesAndCellCorners ......................................................   Passed    0.02 sec
          Start  429: LeastSquaresTest.MismatchedFieldSizeThrows
1176/2043 Test  #797: SpeciesCaseTest.RejectsUnknownConcentrationBoundaryType ..................................................   Passed    0.04 sec
          Start  880: VTKWriterTest.MismatchedSizeThrows
1177/2043 Test  #456: DiffusionTest.CorrectionLeavesWallThermalBoundaryFluxesUntouched .........................................   Passed    0.03 sec
          Start  803: MultiphaseCaseTest.RejectsNonPositivePhaseViscosity
1178/2043 Test  #667: MomentumVariableViscosityTest.ConstantPropertyReproducesScalarOverloadExactly ............................   Passed    0.03 sec
          Start 1463: SampleVectorFieldTest.RejectsZeroStride
1179/2043 Test  #429: LeastSquaresTest.MismatchedFieldSizeThrows ...............................................................   Passed    0.02 sec
          Start  538: Operators3DTest.GradientsAreExactForLinearFieldsInEveryCell
1180/2043 Test  #880: VTKWriterTest.MismatchedSizeThrows .......................................................................   Passed    0.02 sec
          Start  168: MultiBlockMesh.InternalSolidRegionIsAHoleBoundedByItsPatch
1181/2043 Test  #803: MultiphaseCaseTest.RejectsNonPositivePhaseViscosity ......................................................   Passed    0.02 sec
          Start  624: MomentumAssemblyTest.RepeatedAssemblyIsDeterministic
1182/2043 Test #1463: SampleVectorFieldTest.RejectsZeroStride ..................................................................   Passed    0.02 sec
          Start  398: WallOmegaTest.RepeatedEvaluationIsDeterministic
1183/2043 Test  #538: Operators3DTest.GradientsAreExactForLinearFieldsInEveryCell ..............................................   Passed    0.03 sec
          Start 1021: ResidualTrend.SingleSpikeDoesNotTriggerDivergence
1184/2043 Test  #168: MultiBlockMesh.InternalSolidRegionIsAHoleBoundedByItsPatch ...............................................   Passed    0.03 sec
          Start  822: CompressibleCaseTest.RejectsSpecificHeatPressureNotGreaterThanGasConstant
1185/2043 Test  #624: MomentumAssemblyTest.RepeatedAssemblyIsDeterministic .....................................................   Passed    0.03 sec
          Start  693: CaseReaderTest.ManifestCanReferenceAlternativeFilenames
1186/2043 Test  #398: WallOmegaTest.RepeatedEvaluationIsDeterministic ..........................................................   Passed    0.04 sec
          Start  962: TimeControllerTest.AdvanceAfterFinishedThrows
1187/2043 Test #1021: ResidualTrend.SingleSpikeDoesNotTriggerDivergence ........................................................   Passed    0.04 sec
          Start  801: MultiphaseCaseTest.BuilderConstructsMultiphaseRuntimeObjects
1188/2043 Test  #693: CaseReaderTest.ManifestCanReferenceAlternativeFilenames ..................................................   Passed    0.03 sec
          Start  563: BoundaryReconstruction.FallsBackToTheTwoPointFormWithoutAStencil
1189/2043 Test  #822: CompressibleCaseTest.RejectsSpecificHeatPressureNotGreaterThanGasConstant ................................   Passed    0.05 sec
          Start  666: DensityPropertyDemonstrationTest.LinearDensityModelFeedsThermalDiffusivityPerCell
1190/2043 Test  #962: TimeControllerTest.AdvanceAfterFinishedThrows ............................................................   Passed    0.04 sec
          Start  497: GridRefinementTest.CentralConvectionOfSmoothFieldGlobalOrderReflectsBoundaryTreatment
1191/2043 Test  #801: MultiphaseCaseTest.BuilderConstructsMultiphaseRuntimeObjects .............................................   Passed    0.04 sec
          Start 1104: ThermalSolverVariablePropertiesTest.RepeatedSolveIsDeterministic
1192/2043 Test  #563: BoundaryReconstruction.FallsBackToTheTwoPointFormWithoutAStencil .........................................   Passed    0.05 sec
          Start  778: BoussinesqCaseTest.RejectsBuoyancyWithoutThermal
1193/2043 Test  #666: DensityPropertyDemonstrationTest.LinearDensityModelFeedsThermalDiffusivityPerCell ........................   Passed    0.04 sec
          Start 1236: SSTEquationTest.CrossDiffusionSourceIsHalfWeightAtF1EqualsHalf
1194/2043 Test  #497: GridRefinementTest.CentralConvectionOfSmoothFieldGlobalOrderReflectsBoundaryTreatment ....................   Passed    0.05 sec
          Start  746: TurbulenceCaseTest.LegacyFixtureHasNoTurbulenceConfig
1195/2043 Test #1104: ThermalSolverVariablePropertiesTest.RepeatedSolveIsDeterministic .........................................   Passed    0.04 sec
          Start  539: Operators3DTest.LeastSquaresPrimitiveSolvesTheThreeByThreeSystem
1196/2043 Test  #778: BoussinesqCaseTest.RejectsBuoyancyWithoutThermal .........................................................   Passed    0.14 sec
          Start  492: VanLeerLimiterTest.ApproachesTwoForLargeRatio
1197/2043 Test #1236: SSTEquationTest.CrossDiffusionSourceIsHalfWeightAtF1EqualsHalf ...........................................   Passed    0.13 sec
          Start  355: InletTest.ReturnsPrescribedVelocityExactly
1198/2043 Test  #746: TurbulenceCaseTest.LegacyFixtureHasNoTurbulenceConfig ....................................................   Passed    0.13 sec
          Start  943: VTK3DTest.InvalidFieldsAreRejectedBeforeWriting
1199/2043 Test  #539: Operators3DTest.LeastSquaresPrimitiveSolvesTheThreeByThreeSystem .........................................   Passed    0.03 sec
          Start  974: CFLTest.ZeroVelocityGivesZeroCFL
1200/2043 Test  #492: VanLeerLimiterTest.ApproachesTwoForLargeRatio ............................................................   Passed    0.04 sec
          Start  836: PhysicsCompatibilityTest.RejectsMultiphaseCompressibleAndTurbulenceAllTogether
1201/2043 Test  #355: InletTest.ReturnsPrescribedVelocityExactly ...............................................................   Passed    0.03 sec
          Start 1029: ConvergencePolicy.NormalizationRemovesArbitraryScale
1202/2043 Test  #943: VTK3DTest.InvalidFieldsAreRejectedBeforeWriting ..........................................................   Passed    0.04 sec
          Start  681: CaseReaderTest.EachValidGradientSchemeNameParses
1203/2043 Test  #974: CFLTest.ZeroVelocityGivesZeroCFL .........................................................................   Passed    0.04 sec
          Start  186: Cartesian3DMeshTest.FingerprintSeesZIn3DAndKeeps2DValues
1204/2043 Test  #836: PhysicsCompatibilityTest.RejectsMultiphaseCompressibleAndTurbulenceAllTogether ...........................   Passed    0.04 sec
          Start  614: MomentumConvectionTest.MismatchedMassFluxSizeThrows
1205/2043 Test #1029: ConvergencePolicy.NormalizationRemovesArbitraryScale .....................................................   Passed    0.03 sec
          Start 1303: ConcentrationBoundsTest.DoesNotModifyTheField
1206/2043 Test  #681: CaseReaderTest.EachValidGradientSchemeNameParses .........................................................   Passed    0.03 sec
          Start 1337: VolumeFractionTransportEquationTest.MismatchedAlphaOldSizeThrows
1207/2043 Test  #186: Cartesian3DMeshTest.FingerprintSeesZIn3DAndKeeps2DValues .................................................   Passed    0.03 sec
          Start 1359: IdealGasEOSTest.RejectsNonFiniteGasConstant
1208/2043 Test  #614: MomentumConvectionTest.MismatchedMassFluxSizeThrows ......................................................   Passed    0.04 sec
          Start  735: ThermalCaseTest.BuilderConstructsThermalRuntimeObjects
1209/2043 Test #1303: ConcentrationBoundsTest.DoesNotModifyTheField ............................................................   Passed    0.04 sec
          Start 1589: MomentumPredictorRelaxationTest.AlphaOneIsAnExactNoOp
1210/2043 Test #1337: VolumeFractionTransportEquationTest.MismatchedAlphaOldSizeThrows .........................................   Passed    0.04 sec
          Start 1115: InterfaceConductanceTest.RejectsNonPositiveDistance
1211/2043 Test #1359: IdealGasEOSTest.RejectsNonFiniteGasConstant ..............................................................   Passed    0.03 sec
          Start  901: StructuredQuadCase.WrongVertexCountIsRejected
1212/2043 Test  #735: ThermalCaseTest.BuilderConstructsThermalRuntimeObjects ...................................................   Passed    0.03 sec
          Start  483: QuickFaceValueTest.ThrowsOnNonPositiveDistance
1213/2043 Test #1589: MomentumPredictorRelaxationTest.AlphaOneIsAnExactNoOp ....................................................   Passed    0.03 sec
          Start  919: GradedMeshCase.ParsesYGrading
1214/2043 Test #1115: InterfaceConductanceTest.RejectsNonPositiveDistance ......................................................   Passed    0.02 sec
          Start  811: CompressibleCaseTest.ParsesIsothermalCompressibleConfigWhenEnabled
1215/2043 Test  #901: StructuredQuadCase.WrongVertexCountIsRejected ............................................................   Passed    0.02 sec
          Start  818: CompressibleCaseTest.ThermalCoupledAcceptedAlongsideThermal
1216/2043 Test  #483: QuickFaceValueTest.ThrowsOnNonPositiveDistance ...........................................................   Passed    0.02 sec
          Start  963: TimeControllerTest.RejectsNonPositiveDeltaT
1217/2043 Test  #919: GradedMeshCase.ParsesYGrading ............................................................................   Passed    0.02 sec
          Start  142: MeshGrading.OneSidedStartClusteringMatchesGeometricSeries
1218/2043 Test  #811: CompressibleCaseTest.ParsesIsothermalCompressibleConfigWhenEnabled .......................................   Passed    0.02 sec
          Start 1193: KEpsilonModelTest.CorrectProducesPositiveFiniteFieldsForARealFlow
1219/2043 Test  #818: CompressibleCaseTest.ThermalCoupledAcceptedAlongsideThermal ..............................................   Passed    0.02 sec
          Start  860: JSONWriterTest.CaseAndMeshMetadataAreCorrect
1220/2043 Test  #963: TimeControllerTest.RejectsNonPositiveDeltaT ..............................................................   Passed    0.03 sec
          Start  139: MeshValidity.ProblemListIsBounded
1221/2043 Test  #142: MeshGrading.OneSidedStartClusteringMatchesGeometricSeries ................................................   Passed    0.03 sec
          Start  350: WallTest.VelocityIsZeroRegardlessOfOwnerValue
1222/2043 Test #1193: KEpsilonModelTest.CorrectProducesPositiveFiniteFieldsForARealFlow ........................................   Passed    0.04 sec
          Start  362: SymmetryTest.ResultIsAlwaysNormalToPlane
1223/2043 Test  #860: JSONWriterTest.CaseAndMeshMetadataAreCorrect .............................................................   Passed    0.04 sec
          Start  185: Cartesian3DMeshTest.InvalidDimensionsAndExtentsAreRejected
1224/2043 Test  #139: MeshValidity.ProblemListIsBounded ........................................................................   Passed    0.03 sec
          Start  311: SolverDeterminismTest.BiCGSTABRepeatedSolvesAreIdentical
1225/2043 Test  #350: WallTest.VelocityIsZeroRegardlessOfOwnerValue ............................................................   Passed    0.03 sec
          Start  374: FixedTemperatureTest.RepeatedEvaluationIsDeterministic
1226/2043 Test  #362: SymmetryTest.ResultIsAlwaysNormalToPlane .................................................................   Passed    0.04 sec
          Start  852: CSVWriterTest.MismatchedTemperatureSizeThrows
1227/2043 Test  #185: Cartesian3DMeshTest.InvalidDimensionsAndExtentsAreRejected ...............................................   Passed    0.04 sec
          Start  209: Field.IndexingReadsAndWrites
1228/2043 Test  #311: SolverDeterminismTest.BiCGSTABRepeatedSolvesAreIdentical .................................................   Passed    0.04 sec
          Start  630: BoussinesqBuoyancyTest.RejectsNonFiniteInputs
1229/2043 Test  #374: FixedTemperatureTest.RepeatedEvaluationIsDeterministic ...................................................   Passed    0.04 sec
          Start  392: WallOmegaTest.SmallerDistanceGivesLargerOmega
1230/2043 Test  #209: Field.IndexingReadsAndWrites .............................................................................   Passed    0.02 sec
          Start    3: CFDAppCli_missing_mesh
1231/2043 Test  #852: CSVWriterTest.MismatchedTemperatureSizeThrows ............................................................   Passed    0.04 sec
          Start 1484: GridConvergenceStudyTest.RejectedSolveInvalidatesTheStudy
1232/2043 Test  #630: BoussinesqBuoyancyTest.RejectsNonFiniteInputs ............................................................   Passed    0.03 sec
          Start 1461: SampleVectorFieldTest.StrideOneSamplesEveryCell
1233/2043 Test  #392: WallOmegaTest.SmallerDistanceGivesLargerOmega ............................................................   Passed    0.03 sec
          Start  341: LinearFallbackTest.HealthySolveIsUntouched
1234/2043 Test    #3: CFDAppCli_missing_mesh ...................................................................................   Passed    0.03 sec
          Start  783: BoussinesqCaseTest.RejectsUnknownKey
1235/2043 Test #1484: GridConvergenceStudyTest.RejectedSolveInvalidatesTheStudy ................................................   Passed    0.03 sec
          Start 1149: ValidateTurbulentViscosityFieldTest.RejectsMismatchedSize
1236/2043 Test #1461: SampleVectorFieldTest.StrideOneSamplesEveryCell ..........................................................   Passed    0.03 sec
          Start 1338: VolumeFractionTransportEquationTest.RejectsNonPositiveOrNonFiniteDt
1237/2043 Test  #341: LinearFallbackTest.HealthySolveIsUntouched ...............................................................   Passed    0.03 sec
          Start  692: CaseReaderTest.ManifestReferencingFileOutsideCaseDirectoryIsRejected
1238/2043 Test  #783: BoussinesqCaseTest.RejectsUnknownKey .....................................................................   Passed    0.03 sec
          Start 1063: EnergyEquationConvectionTest.MismatchedMassFluxSizeThrows
1239/2043 Test #1149: ValidateTurbulentViscosityFieldTest.RejectsMismatchedSize ................................................   Passed    0.02 sec
          Start  559: BoundaryInwardStencil.RejectsInternalFace
1240/2043 Test #1338: VolumeFractionTransportEquationTest.RejectsNonPositiveOrNonFiniteDt ......................................   Passed    0.02 sec
          Start  831: PhysicsCompatibilityTest.RejectsMultiphaseTogetherWithTurbulence
1241/2043 Test  #692: CaseReaderTest.ManifestReferencingFileOutsideCaseDirectoryIsRejected .....................................   Passed    0.02 sec
          Start 1487: GridConvergenceStudyTest.DeterministicReport
1242/2043 Test #1063: EnergyEquationConvectionTest.MismatchedMassFluxSizeThrows ................................................   Passed    0.02 sec
          Start 1384: CompressibleMassFluxTest.ThrowsOnNonPositiveBoundaryTemperature
1243/2043 Test  #559: BoundaryInwardStencil.RejectsInternalFace ................................................................   Passed    0.02 sec
          Start 1065: EnergyEquationSourceTest.AccumulatesOnExistingRhs
1244/2043 Test  #831: PhysicsCompatibilityTest.RejectsMultiphaseTogetherWithTurbulence .........................................   Passed    0.03 sec
          Start 1165: LaminarModelTest.EffectiveViscosityRejectsInvalidMolecularViscosity
1245/2043 Test #1487: GridConvergenceStudyTest.DeterministicReport .............................................................   Passed    0.05 sec
          Start 1100: ThermalSolverTest.RepeatedSolveIsDeterministic
1246/2043 Test #1384: CompressibleMassFluxTest.ThrowsOnNonPositiveBoundaryTemperature ..........................................   Passed    0.05 sec
          Start  440: LaplacianTest.QuadraticFieldGivesFour
1247/2043 Test #1065: EnergyEquationSourceTest.AccumulatesOnExistingRhs ........................................................   Passed    0.05 sec
          Start  844: CSVWriterTest.WriteFieldsUnwritablePathThrowsIOError
1248/2043 Test #1165: LaminarModelTest.EffectiveViscosityRejectsInvalidMolecularViscosity ......................................   Passed    0.03 sec
          Start  779: BoussinesqCaseTest.RejectsUnsupportedBuoyancyModel
1249/2043 Test #1100: ThermalSolverTest.RepeatedSolveIsDeterministic ...........................................................   Passed    0.02 sec
          Start  649: LinearPropertyTest.RejectsNonFiniteConstructorArguments
1250/2043 Test  #440: LaplacianTest.QuadraticFieldGivesFour ....................................................................   Passed    0.03 sec
          Start  613: MomentumConvectionTest.NonUpwindSchemeAddsAnExplicitCorrectionOnlyOnInternalFaces
1251/2043 Test  #844: CSVWriterTest.WriteFieldsUnwritablePathThrowsIOError .....................................................   Passed    0.03 sec
          Start  886: VTKWriterTest.NonFiniteTemperatureThrows
1252/2043 Test  #779: BoussinesqCaseTest.RejectsUnsupportedBuoyancyModel .......................................................   Passed    0.03 sec
          Start  647: LinearPropertyTest.MatchesReferenceValueAtReferenceTemperature
1253/2043 Test  #649: LinearPropertyTest.RejectsNonFiniteConstructorArguments ..................................................   Passed    0.03 sec
          Start  123: StructuredQuadMesh.RejectsZeroCells
1254/2043 Test  #613: MomentumConvectionTest.NonUpwindSchemeAddsAnExplicitCorrectionOnlyOnInternalFaces ........................   Passed    0.04 sec
          Start 1212: KOmegaModelTest.CorrectRejectsMismatchedVelocitySize
1255/2043 Test  #886: VTKWriterTest.NonFiniteTemperatureThrows .................................................................   Passed    0.03 sec
          Start 1281: SpeciesPropertiesTest.RejectsNonFiniteDiffusivity
1256/2043 Test  #647: LinearPropertyTest.MatchesReferenceValueAtReferenceTemperature ...........................................   Passed    0.03 sec
          Start  911: StructuredQuadCase.VtkPointsAreTheMeshVertices
1257/2043 Test  #123: StructuredQuadMesh.RejectsZeroCells ......................................................................   Passed    0.03 sec
          Start  323: GMRESTest.JacobiPreconditionedSolveMatches
1258/2043 Test #1212: KOmegaModelTest.CorrectRejectsMismatchedVelocitySize .....................................................   Passed    0.02 sec
          Start 1495: ManufacturedFieldsTest.ExactFaceFluxIsDiscretelyDivergenceFree
1259/2043 Test #1281: SpeciesPropertiesTest.RejectsNonFiniteDiffusivity ........................................................   Passed    0.02 sec
          Start 1459: SampleLineRawTest.MatchesMeshBasedSampleLineOnEquivalentData
1260/2043 Test  #911: StructuredQuadCase.VtkPointsAreTheMeshVertices ...........................................................   Passed    0.03 sec
          Start  760: TurbulenceCaseTest.RejectsSSTModelWithInitialEpsilonOnly
1261/2043 Test  #323: GMRESTest.JacobiPreconditionedSolveMatches ...............................................................   Passed    0.03 sec
          Start 1608: FluxCorrectionTest.InternalFaceCorrectionMatchesDCoefficientTimesPressureDifference
1262/2043 Test #1495: ManufacturedFieldsTest.ExactFaceFluxIsDiscretelyDivergenceFree ...........................................   Passed    0.03 sec
          Start  499: GridRefinementTest.LinearUpwindConvectionOfSmoothFieldGlobalOrderReflectsBoundaryTreatment
1263/2043 Test #1459: SampleLineRawTest.MatchesMeshBasedSampleLineOnEquivalentData .............................................   Passed    0.02 sec
          Start  747: TurbulenceCaseTest.ExplicitLaminarModelCollapsesToNoTurbulenceConfig
1264/2043 Test  #760: TurbulenceCaseTest.RejectsSSTModelWithInitialEpsilonOnly .................................................   Passed    0.02 sec
          Start   29: LoggerTest.LevelCanBeChanged
1265/2043 Test #1608: FluxCorrectionTest.InternalFaceCorrectionMatchesDCoefficientTimesPressureDifference ......................   Passed    0.02 sec
          Start 1340: AlphaBoundsTest.ReportsMinAndMax
1266/2043 Test  #499: GridRefinementTest.LinearUpwindConvectionOfSmoothFieldGlobalOrderReflectsBoundaryTreatment ...............   Passed    0.03 sec
          Start  342: LinearFallbackTest.Deterministic
1267/2043 Test  #747: TurbulenceCaseTest.ExplicitLaminarModelCollapsesToNoTurbulenceConfig .....................................   Passed    0.03 sec
          Start  361: SymmetryTest.TopPlaneRemovesNormalComponent
1268/2043 Test   #29: LoggerTest.LevelCanBeChanged .............................................................................   Passed    0.03 sec
          Start  671: MomentumNonOrthogonalTest.CartesianCorrectionIsBitIdenticalForBothOverloads
1269/2043 Test #1340: AlphaBoundsTest.ReportsMinAndMax .........................................................................   Passed    0.02 sec
          Start  391: WallOmegaTest.IgnoresOwnerValue
1270/2043 Test  #342: LinearFallbackTest.Deterministic .........................................................................   Passed    0.02 sec
          Start 1314: PhasePropertiesTest.StoresNameDensityAndViscosity
1271/2043 Test  #361: SymmetryTest.TopPlaneRemovesNormalComponent ..............................................................   Passed    0.03 sec
          Start 1120: RegionAwareThermalDiffusionTest.MismatchedRegionSizeThrows
1272/2043 Test  #671: MomentumNonOrthogonalTest.CartesianCorrectionIsBitIdenticalForBothOverloads ..............................   Passed    0.02 sec
          Start  243: FieldArithmetic.TwentyByTwentyMeshIntegration
1273/2043 Test  #391: WallOmegaTest.IgnoresOwnerValue ..........................................................................   Passed    0.03 sec
          Start 1224: SSTEquationTest.Alpha1MatchesHandDerivedValue
1274/2043 Test #1314: PhasePropertiesTest.StoresNameDensityAndViscosity ........................................................   Passed    0.02 sec
          Start    1: CFDAppSmokeTest
1275/2043 Test #1120: RegionAwareThermalDiffusionTest.MismatchedRegionSizeThrows ...............................................   Passed    0.07 sec
          Start   23: CoreException.CatchableAsStdRuntimeError
1276/2043 Test  #243: FieldArithmetic.TwentyByTwentyMeshIntegration ............................................................   Passed    0.07 sec
          Start  188: MeshMotionStatic.StationaryMotionLeavesEveryMeshBitwiseUnchanged
1277/2043 Test #1224: SSTEquationTest.Alpha1MatchesHandDerivedValue ............................................................   Passed    0.07 sec
          Start 1187: KEpsilonModelTest.ConstructionIsDeterministicAcrossInstances
1278/2043 Test    #1: CFDAppSmokeTest ..........................................................................................   Passed    0.02 sec
          Start 1245: SSTEquationTest.TurbulentViscosityStrainDominatedBranch
1279/2043 Test   #23: CoreException.CatchableAsStdRuntimeError .................................................................   Passed    0.02 sec
          Start 1502: MMSStudyTest.ReportIsDeterministicExceptRuntime
1280/2043 Test  #188: MeshMotionStatic.StationaryMotionLeavesEveryMeshBitwiseUnchanged .........................................   Passed    0.03 sec
          Start  448: DiffusionTest.LinearFieldNearZeroInInteriorOnDistortedMeshWhenCorrected
1281/2043 Test #1187: KEpsilonModelTest.ConstructionIsDeterministicAcrossInstances .............................................   Passed    0.03 sec
          Start  926: GradedMeshCase.UnusableDistributionsAreRejectedBeforeMeshConstruction
1282/2043 Test #1245: SSTEquationTest.TurbulentViscosityStrainDominatedBranch ..................................................   Passed    0.03 sec
          Start  244: Fields3DTest.ScalarFieldsSampleLinearFieldsWithExactVolumeMeans
1283/2043 Test #1502: MMSStudyTest.ReportIsDeterministicExceptRuntime ..........................................................   Passed    0.02 sec
          Start 1471: GridConvergenceTest.UnequalRefinementRatios
1284/2043 Test  #448: DiffusionTest.LinearFieldNearZeroInInteriorOnDistortedMeshWhenCorrected ..................................   Passed    0.02 sec
          Start  231: VectorFieldTest.DivisionByZeroThrows
1285/2043 Test  #926: GradedMeshCase.UnusableDistributionsAreRejectedBeforeMeshConstruction ....................................   Passed    0.02 sec
          Start  584: FluidPropertiesTest.RejectsNonFiniteViscosity
1286/2043 Test  #244: Fields3DTest.ScalarFieldsSampleLinearFieldsWithExactVolumeMeans ..........................................   Passed    0.02 sec
          Start  870: JSONWriterTest.RepeatedWriteIsByteIdentical
1287/2043 Test #1471: GridConvergenceTest.UnequalRefinementRatios ..............................................................   Passed    0.02 sec
          Start  673: MomentumNonOrthogonalTest.ExplicitCorrectionIsGloballyConservativeWithoutDirichletFaces
1288/2043 Test  #231: VectorFieldTest.DivisionByZeroThrows .....................................................................   Passed    0.02 sec
          Start  259: SparseMatrixTest.MatrixVectorMultiplicationKnownResult
1289/2043 Test  #584: FluidPropertiesTest.RejectsNonFiniteViscosity ............................................................   Passed    0.02 sec
          Start  187: Cartesian3DMeshTest.RequireTwoDimensionalNamesTheComponent
1290/2043 Test  #870: JSONWriterTest.RepeatedWriteIsByteIdentical ..............................................................   Passed    0.03 sec
          Start 1476: GridConvergenceTest.DivergingSequenceDetected
1291/2043 Test  #673: MomentumNonOrthogonalTest.ExplicitCorrectionIsGloballyConservativeWithoutDirichletFaces ..................   Passed    0.03 sec
          Start  582: FluidPropertiesTest.RejectsNegativeViscosity
1292/2043 Test  #259: SparseMatrixTest.MatrixVectorMultiplicationKnownResult ...................................................   Passed    0.04 sec
          Start  222: ScalarFieldTest.ScalarDivision
1293/2043 Test  #187: Cartesian3DMeshTest.RequireTwoDimensionalNamesTheComponent ...............................................   Passed    0.03 sec
          Start  928: GradedMeshCase.WriterRoundTripsGradingExactly
1294/2043 Test #1476: GridConvergenceTest.DivergingSequenceDetected ............................................................   Passed    0.03 sec
          Start  784: BoussinesqCaseTest.RejectsNonFiniteGravityComponent
1295/2043 Test  #582: FluidPropertiesTest.RejectsNegativeViscosity .............................................................   Passed    0.03 sec
          Start 1022: ResidualTrend.NonFiniteResidualIsDivergingWhenEnabled
1296/2043 Test  #222: ScalarFieldTest.ScalarDivision ...........................................................................   Passed    0.02 sec
          Start  162: GradedMesh.ConstructionIsDeterministic
1297/2043 Test  #928: GradedMeshCase.WriterRoundTripsGradingExactly ............................................................   Passed    0.02 sec
          Start  103: CartesianMesh.OneByTwo
1298/2043 Test  #784: BoussinesqCaseTest.RejectsNonFiniteGravityComponent ......................................................   Passed    0.02 sec
          Start 1208: KOmegaModelTest.RejectsInvalidInitialK
1299/2043 Test #1022: ResidualTrend.NonFiniteResidualIsDivergingWhenEnabled ....................................................   Passed    0.02 sec
          Start  439: LaplacianTest.PhiYHasZeroLaplacian
1300/2043 Test  #162: GradedMesh.ConstructionIsDeterministic ...................................................................   Passed    0.02 sec
          Start  923: GradedMeshCase.OverflowingRatioLiteralIsRejected
1301/2043 Test  #103: CartesianMesh.OneByTwo ...................................................................................   Passed    0.02 sec
          Start 1272: TurbulenceModelFactoryTest.LaminarNameCreatesLaminarModelViaSSTOverload
1302/2043 Test #1208: KOmegaModelTest.RejectsInvalidInitialK ...................................................................   Passed    0.02 sec
          Start 1400: CompressibleMomentumComponentTest.ConstantDensityReproducesTransientMomentumExactly
1303/2043 Test  #439: LaplacianTest.PhiYHasZeroLaplacian .......................................................................   Passed    0.02 sec
          Start 1087: EnergyEquationVariablePropertiesTest.CombinerProducesCorrectDimensionsAndIsFinite
1304/2043 Test  #923: GradedMeshCase.OverflowingRatioLiteralIsRejected .........................................................   Passed    0.02 sec
          Start  956: TimeControllerTest.SequenceMatchesWorkedExample
1305/2043 Test #1272: TurbulenceModelFactoryTest.LaminarNameCreatesLaminarModelViaSSTOverload ..................................   Passed    0.02 sec
          Start  146: MeshGrading.InvariantsHoldForEveryDistribution
1306/2043 Test #1400: CompressibleMomentumComponentTest.ConstantDensityReproducesTransientMomentumExactly ......................   Passed    0.02 sec
          Start  501: GridRefinementTest.QuickConvectionOfSmoothFieldGlobalOrderReflectsBoundaryTreatment
1307/2043 Test #1087: EnergyEquationVariablePropertiesTest.CombinerProducesCorrectDimensionsAndIsFinite ........................   Passed    0.03 sec
          Start  164: MultiBlockMesh.TwoBlockRectangleIsTheSingleBlockMeshRenumbered
1308/2043 Test  #956: TimeControllerTest.SequenceMatchesWorkedExample ..........................................................   Passed    0.03 sec
          Start 1091: ThermalSolverTest.InvalidConfigurationForMismatchedTemperatureSize
1309/2043 Test  #146: MeshGrading.InvariantsHoldForEveryDistribution ...........................................................   Passed    0.03 sec
          Start  626: BoussinesqBuoyancyTest.ConstructsWithValidParameters
1310/2043 Test  #501: GridRefinementTest.QuickConvectionOfSmoothFieldGlobalOrderReflectsBoundaryTreatment ......................   Passed    0.03 sec
          Start  428: LeastSquaresTest.RejectsNonScalarBoundaryCondition
1311/2043 Test  #164: MultiBlockMesh.TwoBlockRectangleIsTheSingleBlockMeshRenumbered ...........................................   Passed    0.03 sec
          Start 1038: AdaptiveRelaxation.Deterministic
1312/2043 Test #1091: ThermalSolverTest.InvalidConfigurationForMismatchedTemperatureSize .......................................   Passed    0.03 sec
          Start  793: SpeciesCaseTest.RejectsMissingPerPatchSpeciesWhenSpeciesEnabled
1313/2043 Test  #626: BoussinesqBuoyancyTest.ConstructsWithValidParameters .....................................................   Passed    0.02 sec
          Start 1368: ThermodynamicPropertiesTest.DensityDelegatesToTheEquationOfState
1314/2043 Test  #428: LeastSquaresTest.RejectsNonScalarBoundaryCondition .......................................................   Passed    0.03 sec
          Start 1129: ConjugateBoundaryEquivalence.SingleRegionMatchesSingleMaterialOn2x1
1315/2043 Test #1038: AdaptiveRelaxation.Deterministic .........................................................................   Passed    0.03 sec
          Start 1309: SpeciesSolverTest.InvalidConfigurationForZeroOuterMaxIterations
1316/2043 Test  #793: SpeciesCaseTest.RejectsMissingPerPatchSpeciesWhenSpeciesEnabled ..........................................   Passed    0.03 sec
          Start  834: PhysicsCompatibilityTest.RejectsCoupledCompressibleTogetherWithTurbulence
1317/2043 Test #1368: ThermodynamicPropertiesTest.DensityDelegatesToTheEquationOfState .........................................   Passed    0.02 sec
          Start  566: BoundaryReconstruction.AssembledThermalSystemMatchesTheHandDerivedOne
1318/2043 Test #1129: ConjugateBoundaryEquivalence.SingleRegionMatchesSingleMaterialOn2x1 ......................................   Passed    0.02 sec
          Start 1123: ThermalNonOrthogonalTest.CartesianSolveIsBitIdentical
1319/2043 Test #1309: SpeciesSolverTest.InvalidConfigurationForZeroOuterMaxIterations ..........................................   Passed    0.02 sec
          Start  782: BoussinesqCaseTest.RejectsMissingGravity
1320/2043 Test  #834: PhysicsCompatibilityTest.RejectsCoupledCompressibleTogetherWithTurbulence ................................   Passed    0.02 sec
          Start 1611: FluxCorrectionTest.MismatchedFaceCoefficientSizeThrows
1321/2043 Test  #566: BoundaryReconstruction.AssembledThermalSystemMatchesTheHandDerivedOne ....................................   Passed    0.02 sec
          Start  527: TimeDerivativeTest.RejectsNonFiniteOrNonPositiveDensity
1322/2043 Test #1123: ThermalNonOrthogonalTest.CartesianSolveIsBitIdentical ....................................................   Passed    0.02 sec
          Start 1058: EnergyEquationConvectionTest.PositiveInternalFluxSelectsOwnerNegativeSelectsNeighbor
1323/2043 Test  #782: BoussinesqCaseTest.RejectsMissingGravity .................................................................   Passed    0.02 sec
          Start  255: AlgebraVector.AllFiniteDetection
1324/2043 Test #1611: FluxCorrectionTest.MismatchedFaceCoefficientSizeThrows ...................................................   Passed    0.02 sec
          Start 1279: SpeciesPropertiesTest.RejectsEmptyName
1325/2043 Test  #527: TimeDerivativeTest.RejectsNonFiniteOrNonPositiveDensity ..................................................   Passed    0.02 sec
          Start  641: BoussinesqBuoyancyTest.DoublingCellVolumeDoublesIntegratedSource
1326/2043 Test #1058: EnergyEquationConvectionTest.PositiveInternalFluxSelectsOwnerNegativeSelectsNeighbor .....................   Passed    0.02 sec
          Start  751: TurbulenceCaseTest.BuilderConstructsKEpsilonConfigAndBoundaries
1327/2043 Test  #255: AlgebraVector.AllFiniteDetection .........................................................................   Passed    0.02 sec
          Start 1404: ProjectRunnerTest.MissingCaseDirectoryReportsInvalidCase
1328/2043 Test #1279: SpeciesPropertiesTest.RejectsEmptyName ...................................................................   Passed    0.03 sec
          Start  552: AleOperatorsHandDerived.UnitCellWithAMovingEastFace
1329/2043 Test  #641: BoussinesqBuoyancyTest.DoublingCellVolumeDoublesIntegratedSource .........................................   Passed    0.03 sec
          Start 1070: EnergyEquationAssemblyTest.MismatchedMassFluxSizeThrows
1330/2043 Test  #751: TurbulenceCaseTest.BuilderConstructsKEpsilonConfigAndBoundaries ..........................................   Passed    0.03 sec
          Start 1079: EnergyEquationVariablePropertiesTest.DiffusionBoundaryFaceUsesOwnerConductivityDirectly
1331/2043 Test #1404: ProjectRunnerTest.MissingCaseDirectoryReportsInvalidCase .................................................   Passed    0.03 sec
          Start 1196: KOmegaCoefficientsTest.DefaultsMatchStandardModel
1332/2043 Test  #552: AleOperatorsHandDerived.UnitCellWithAMovingEastFace ......................................................   Passed    0.03 sec
          Start 1393: CompressibleContinuityTest.MismatchedDensityOldSizeThrows
1333/2043 Test #1070: EnergyEquationAssemblyTest.MismatchedMassFluxSizeThrows ..................................................   Passed    0.02 sec
          Start  841: CSVWriterTest.WriteFieldsUsesFullPrecisionScientificNotation
1334/2043 Test #1079: EnergyEquationVariablePropertiesTest.DiffusionBoundaryFaceUsesOwnerConductivityDirectly ..................   Passed    0.02 sec
          Start  714: CaseValidationTest.UnknownBoundaryPatchIsRejected
1335/2043 Test #1196: KOmegaCoefficientsTest.DefaultsMatchStandardModel ........................................................   Passed    0.02 sec
          Start  964: TimeControllerTest.RejectsEndTimeBeforeStartTime
1336/2043 Test #1393: CompressibleContinuityTest.MismatchedDensityOldSizeThrows ................................................   Passed    0.02 sec
          Start  748: TurbulenceCaseTest.ExplicitLaminarModelAcceptsInitialOmegaToo
1337/2043 Test  #841: CSVWriterTest.WriteFieldsUsesFullPrecisionScientificNotation .............................................   Passed    0.03 sec
          Start  855: CSVWriterTest.AppendsSpeciesColumnsInOrderAfterTemperature
1338/2043 Test  #714: CaseValidationTest.UnknownBoundaryPatchIsRejected ........................................................   Passed    0.03 sec
          Start  482: QuickFaceValueTest.ReproducesALinearFieldExactly
1339/2043 Test  #964: TimeControllerTest.RejectsEndTimeBeforeStartTime .........................................................   Passed    0.04 sec
          Start 1498: MMSSourceTest.SolversRejectMalformedSourceFields
1340/2043 Test  #748: TurbulenceCaseTest.ExplicitLaminarModelAcceptsInitialOmegaToo ............................................   Passed    0.04 sec
          Start 1995: SpeciesConservationTest.OpenChannelSteadyStateInflowEqualsOutflowWithZeroSource
1341/2043 Test  #855: CSVWriterTest.AppendsSpeciesColumnsInOrderAfterTemperature ...............................................   Passed    0.04 sec
          Start 1377: EvaluateDensityFieldTest.InvalidCellStateThrowsNamingTheCell
1342/2043 Test  #482: QuickFaceValueTest.ReproducesALinearFieldExactly .........................................................   Passed    0.03 sec
          Start   61: Mesh.ExposesCellsFacesAndPatches
1343/2043 Test #1498: MMSSourceTest.SolversRejectMalformedSourceFields .........................................................   Passed    0.03 sec
          Start 1292: SpeciesEquationSourceTest.AddsSTimesVolumeExactly
1344/2043 Test #1377: EvaluateDensityFieldTest.InvalidCellStateThrowsNamingTheCell .............................................   Passed    0.02 sec
          Start 1062: EnergyEquationConvectionTest.MismatchedTemperatureSizeThrows
1345/2043 Test #1995: SpeciesConservationTest.OpenChannelSteadyStateInflowEqualsOutflowWithZeroSource ..........................   Passed    0.04 sec
          Start 1197: KOmegaEquationTest.LinearEffectiveDiffusivityMatchesHandDerivedExample
1346/2043 Test   #61: Mesh.ExposesCellsFacesAndPatches .........................................................................   Passed    0.03 sec
          Start  616: MomentumPressureTest.LinearPressureYGivesNegativeYSourceZeroXSource
1347/2043 Test #1292: SpeciesEquationSourceTest.AddsSTimesVolumeExactly ........................................................   Passed    0.03 sec
          Start 1242: SSTEquationTest.KDiffusivityMatchesHandDerivedBlendedValue
1348/2043 Test #1062: EnergyEquationConvectionTest.MismatchedTemperatureSizeThrows .............................................   Passed    0.03 sec
          Start  702: CaseWriterTest.SpeciesRoundTrip
1349/2043 Test #1197: KOmegaEquationTest.LinearEffectiveDiffusivityMatchesHandDerivedExample ...................................   Passed    0.03 sec
          Start  821: CompressibleCaseTest.RejectsNonPositiveGasConstant
1350/2043 Test  #616: MomentumPressureTest.LinearPressureYGivesNegativeYSourceZeroXSource ......................................   Passed    0.02 sec
          Start  706: CaseValidationTest.UnsupportedMeshTypeIsRejected
1351/2043 Test #1242: SSTEquationTest.KDiffusivityMatchesHandDerivedBlendedValue ...............................................   Passed    0.02 sec
          Start  327: GMRESTest.SingularInconsistentSystemReportsBreakdown
1352/2043 Test  #702: CaseWriterTest.SpeciesRoundTrip ..........................................................................   Passed    0.02 sec
          Start 1140: SparseAssembly3DTest.TwoByTwoByTwo
1353/2043 Test  #821: CompressibleCaseTest.RejectsNonPositiveGasConstant .......................................................   Passed    0.02 sec
          Start  611: MomentumConvectionTest.ConstantFieldGivesZeroNetContribution
1354/2043 Test  #706: CaseValidationTest.UnsupportedMeshTypeIsRejected .........................................................   Passed    0.02 sec
          Start 1214: KOmegaModelTest.ConvergenceResidualIsNulloptBeforeFirstCorrect
1355/2043 Test  #327: GMRESTest.SingularInconsistentSystemReportsBreakdown .....................................................   Passed    0.02 sec
          Start 1194: KEpsilonModelTest.ConvergenceResidualIsNulloptBeforeFirstCorrect
1356/2043 Test #1140: SparseAssembly3DTest.TwoByTwoByTwo .......................................................................   Passed    0.02 sec
          Start 1014: ResidualNormalization.DecreasingIncreasingAndConstantSequences
1357/2043 Test  #611: MomentumConvectionTest.ConstantFieldGivesZeroNetContribution .............................................   Passed    0.02 sec
          Start 1447: FieldStatisticsTest.EmptyFieldReportsNoData
1358/2043 Test #1214: KOmegaModelTest.ConvergenceResidualIsNulloptBeforeFirstCorrect ...........................................   Passed    0.03 sec
          Start 1235: SSTEquationTest.CrossDiffusionSourceIsFullWeightAtF1EqualsZero
1359/2043 Test #1194: KEpsilonModelTest.ConvergenceResidualIsNulloptBeforeFirstCorrect .........................................   Passed    0.03 sec
          Start  210: Field.CheckedAccessWorksInRange
1360/2043 Test #1014: ResidualNormalization.DecreasingIncreasingAndConstantSequences ...........................................   Passed    0.04 sec
          Start  799: MultiphaseCaseTest.NonMultiphaseFixtureHasNoMultiphaseConfig
1361/2043 Test #1447: FieldStatisticsTest.EmptyFieldReportsNoData ..............................................................   Passed    0.04 sec
          Start 1027: ConvergencePolicy.DefaultIsExactlyTheAbsoluteGate
1362/2043 Test #1235: SSTEquationTest.CrossDiffusionSourceIsFullWeightAtF1EqualsZero ...........................................   Passed    0.03 sec
          Start 1113: InterfaceConductanceTest.EqualConductivityReducesToPlainFormula
1363/2043 Test  #210: Field.CheckedAccessWorksInRange ..........................................................................   Passed    0.03 sec
          Start  165: MultiBlockMesh.InterfaceFacesAreSingleInternalFacesOwnedByTheFirstBlock
1364/2043 Test  #799: MultiphaseCaseTest.NonMultiphaseFixtureHasNoMultiphaseConfig .............................................   Passed    0.02 sec
          Start  806: MultiphaseCaseTest.RejectsTopLevelViscosityAboveBothPhases
1365/2043 Test #1027: ConvergencePolicy.DefaultIsExactlyTheAbsoluteGate ........................................................   Passed    0.02 sec
          Start 1003: RestartSnapshotTest.NonFiniteVelocityIsRejected
1366/2043 Test #1113: InterfaceConductanceTest.EqualConductivityReducesToPlainFormula ..........................................   Passed    0.02 sec
          Start  469: ConvectionSchemeTest.ParsesAllFourValidNames
1367/2043 Test  #165: MultiBlockMesh.InterfaceFacesAreSingleInternalFacesOwnedByTheFirstBlock ..................................   Passed    0.03 sec
          Start 1075: EnergyEquationThermalBCIntegrationTest.FixedTemperatureGivesIdenticalResultToEquivalentFixedValue
1368/2043 Test  #806: MultiphaseCaseTest.RejectsTopLevelViscosityAboveBothPhases ...............................................   Passed    0.03 sec
          Start 1438: MarchingSquaresTest.LevelOutsideRangeProducesNoSegments
1369/2043 Test #1003: RestartSnapshotTest.NonFiniteVelocityIsRejected ..........................................................   Passed    0.03 sec
          Start  224: ScalarFieldTest.CompoundOperators
1370/2043 Test  #469: ConvectionSchemeTest.ParsesAllFourValidNames .............................................................   Passed    0.03 sec
          Start  239: FieldArithmetic.ScalarIdentities
1371/2043 Test #1075: EnergyEquationThermalBCIntegrationTest.FixedTemperatureGivesIdenticalResultToEquivalentFixedValue ........   Passed    0.02 sec
          Start   98: MeshQualityReport.DisconnectedMeshIsFatal
1372/2043 Test #1438: MarchingSquaresTest.LevelOutsideRangeProducesNoSegments ..................................................   Passed    0.02 sec
          Start  593: ContinuityEquationTest.InternalFacePairCancelsExactly
1373/2043 Test  #224: ScalarFieldTest.CompoundOperators ........................................................................   Passed    0.03 sec
          Start 1093: ThermalSolverTest.MaxIterationsWhenOuterBudgetTooSmall
1374/2043 Test  #239: FieldArithmetic.ScalarIdentities .........................................................................   Passed    0.03 sec
          Start 1244: SSTEquationTest.TurbulentViscosityOmegaDominatedBranch
1375/2043 Test   #98: MeshQualityReport.DisconnectedMeshIsFatal ................................................................   Passed    0.03 sec
          Start  620: MomentumPressureTest.LeastSquaresSchemeIsWiredThroughAndAlsoExactForALinearPressureField
1376/2043 Test  #593: ContinuityEquationTest.InternalFacePairCancelsExactly ....................................................   Passed    0.03 sec
          Start 1468: GridConvergenceTest.FirstOrderSynthetic
1377/2043 Test #1093: ThermalSolverTest.MaxIterationsWhenOuterBudgetTooSmall ...................................................   Passed    0.03 sec
          Start 1254: SSTModelTest.ConstructionIsDeterministicAcrossInstances
1378/2043 Test #1244: SSTEquationTest.TurbulentViscosityOmegaDominatedBranch ...................................................   Passed    0.02 sec
          Start  196: MeshMotionGeometry.MultiBlockInterfaceStaysConformal
1379/2043 Test  #620: MomentumPressureTest.LeastSquaresSchemeIsWiredThroughAndAlsoExactForALinearPressureField .................   Passed    0.02 sec
          Start  602: MomentumDiffusionTest.DiagonalIsFinitePositiveAndNonzero
1380/2043 Test #1468: GridConvergenceTest.FirstOrderSynthetic ..................................................................   Passed    0.02 sec
          Start  898: StructuredQuadCase.ParsesVertices
1381/2043 Test #1254: SSTModelTest.ConstructionIsDeterministicAcrossInstances ..................................................   Passed    0.02 sec
          Start 1049: ThermalPropertiesTest.RejectsNonFiniteSpecificHeat
1382/2043 Test  #196: MeshMotionGeometry.MultiBlockInterfaceStaysConformal .....................................................   Passed    0.02 sec
          Start  736: ThermalCaseTest.BuilderConstructsHeatFluxWithCaseConductivity
1383/2043 Test  #602: MomentumDiffusionTest.DiagonalIsFinitePositiveAndNonzero .................................................   Passed    0.02 sec
          Start  618: MomentumPressureTest.AddingConstantToPressureDoesNotChangeSource
1384/2043 Test  #898: StructuredQuadCase.ParsesVertices ........................................................................   Passed    0.02 sec
          Start  969: TimeControllerTest.StartingStepIsReflectedImmediately
1385/2043 Test #1049: ThermalPropertiesTest.RejectsNonFiniteSpecificHeat .......................................................   Passed    0.03 sec
          Start  862: JSONWriterTest.EveryStatusMapsToItsOwnEnumName
1386/2043 Test  #736: ThermalCaseTest.BuilderConstructsHeatFluxWithCaseConductivity ............................................   Passed    0.03 sec
          Start  280: JacobiTest.AcceptsSmallButSafeDiagonal
1387/2043 Test  #618: MomentumPressureTest.AddingConstantToPressureDoesNotChangeSource .........................................   Passed    0.03 sec
          Start 1153: EffectiveViscosityTest.ZeroTurbulentViscosityGivesJustMolecular
1388/2043 Test  #969: TimeControllerTest.StartingStepIsReflectedImmediately ....................................................   Passed    0.03 sec
          Start  663: EvaluatePropertyFieldTest.RejectsNonPositiveResultWhenRequired
1389/2043 Test  #862: JSONWriterTest.EveryStatusMapsToItsOwnEnumName ...........................................................   Passed    0.02 sec
          Start  226: VectorFieldTest.ConstructionAndInitialization
1390/2043 Test  #280: JacobiTest.AcceptsSmallButSafeDiagonal ...................................................................   Passed    0.02 sec
          Start 1504: ProductionValidationTest.PassedRequiresAcceptanceAndEveryCheck
1391/2043 Test #1153: EffectiveViscosityTest.ZeroTurbulentViscosityGivesJustMolecular ..........................................   Passed    0.02 sec
          Start  135: MeshValidity.DetectsCellWithTooFewFaces
1392/2043 Test  #663: EvaluatePropertyFieldTest.RejectsNonPositiveResultWhenRequired ...........................................   Passed    0.03 sec
          Start  189: MeshMotionKernel.RecomputedGeometryReproducesTheBuilders
1393/2043 Test  #226: VectorFieldTest.ConstructionAndInitialization ............................................................   Passed    0.03 sec
          Start 1316: PhasePropertiesTest.RejectsZeroOrNegativeDensity
1394/2043 Test #1504: ProductionValidationTest.PassedRequiresAcceptanceAndEveryCheck ...........................................   Passed    0.04 sec
          Start  790: SpeciesCaseTest.RejectsEmptyName
1395/2043 Test  #135: MeshValidity.DetectsCellWithTooFewFaces ..................................................................   Passed    0.03 sec
          Start 1000: RestartSnapshotTest.WrongFaceCountIsRejected
1396/2043 Test  #189: MeshMotionKernel.RecomputedGeometryReproducesTheBuilders .................................................   Passed    0.03 sec
          Start 1343: PhaseVolumeTest.MismatchedAlphaSizeThrows
1397/2043 Test #1316: PhasePropertiesTest.RejectsZeroOrNegativeDensity .........................................................   Passed    0.02 sec
          Start 1398: CompressibleMomentumTimeDerivativeTest.MismatchedSizeThrows
1398/2043 Test  #790: SpeciesCaseTest.RejectsEmptyName .........................................................................   Passed    0.02 sec
          Start 1101: ThermalSolverVariablePropertiesTest.ConstantModelsReproduceThermalPropertiesOverloadExactly
1399/2043 Test #1000: RestartSnapshotTest.WrongFaceCountIsRejected .............................................................   Passed    0.02 sec
          Start  729: CaseBuilderTest.BuildsExpectedMeshFluidAndInitialFields
1400/2043 Test #1343: PhaseVolumeTest.MismatchedAlphaSizeThrows ................................................................   Passed    0.02 sec
          Start  367: BoundaryConditionSetTest.MissingPatchesReportsUnassignedPatches
1401/2043 Test #1398: CompressibleMomentumTimeDerivativeTest.MismatchedSizeThrows ..............................................   Passed    0.02 sec
          Start 1581: SIMPLESettingsTest.RejectsNonFinitePressureRelaxation
1402/2043 Test #1101: ThermalSolverVariablePropertiesTest.ConstantModelsReproduceThermalPropertiesOverloadExactly ..............   Passed    0.03 sec
          Start 1078: EnergyEquationVariablePropertiesTest.DiffusionInternalFaceMatchesHandDerivedValue
1403/2043 Test  #729: CaseBuilderTest.BuildsExpectedMeshFluidAndInitialFields ..................................................   Passed    0.02 sec
          Start  557: BoundaryInwardStencil.OneCellThickMeshHasNoStencilAcrossTheThinDirection
1404/2043 Test  #367: BoundaryConditionSetTest.MissingPatchesReportsUnassignedPatches ..........................................   Passed    0.02 sec
          Start  173: MultiBlockMeshInvalid.NonConformalOrMismatchedInterfacesAreRejected
1405/2043 Test #1581: SIMPLESettingsTest.RejectsNonFinitePressureRelaxation ....................................................   Passed    0.02 sec
          Start  339: LinearFallbackTest.FallbackKeepsAndRecordsThePreconditioner
1406/2043 Test #1078: EnergyEquationVariablePropertiesTest.DiffusionInternalFaceMatchesHandDerivedValue ........................   Passed    0.03 sec
          Start  644: ConstantPropertyTest.ReturnsTheSameValueForAnyTemperature
1407/2043 Test  #557: BoundaryInwardStencil.OneCellThickMeshHasNoStencilAcrossTheThinDirection .................................   Passed    0.02 sec
          Start  893: RobustnessConfigTest.FullBlockParsesAndReachesSolverSettings
1408/2043 Test  #173: MultiBlockMeshInvalid.NonConformalOrMismatchedInterfacesAreRejected ......................................   Passed    0.03 sec
          Start 1325: TwoPhaseSystemTest.DoesNotRejectOutOfRangeAlpha
1409/2043 Test  #339: LinearFallbackTest.FallbackKeepsAndRecordsThePreconditioner ..............................................   Passed    0.03 sec
          Start 1306: SpeciesSolverTest.InvalidConfigurationForMismatchedMassFluxSize
1410/2043 Test  #644: ConstantPropertyTest.ReturnsTheSameValueForAnyTemperature ................................................   Passed    0.03 sec
          Start 1210: KOmegaModelTest.RejectsInvalidCoefficients
1411/2043 Test #1325: TwoPhaseSystemTest.DoesNotRejectOutOfRangeAlpha ..........................................................   Passed    0.02 sec
          Start 1276: TurbulenceNonOrthogonalTest.ModelsRouteTheCorrectionThroughTheSharedOperator
1412/2043 Test  #893: RobustnessConfigTest.FullBlockParsesAndReachesSolverSettings .............................................   Passed    0.03 sec
          Start 1060: EnergyEquationConvectionTest.BoundaryInflowUsesBoundaryValueOnRhs
1413/2043 Test #1306: SpeciesSolverTest.InvalidConfigurationForMismatchedMassFluxSize ..........................................   Passed    0.02 sec
          Start 1126: ThermalBoundaryConsistency.ConvergedFieldIsConsistentWithItsBoundaryValues
1414/2043 Test #1210: KOmegaModelTest.RejectsInvalidCoefficients ...............................................................   Passed    0.02 sec
          Start 1453: ProbeScalarTest.ReturnsTheNearestCellsValue
1415/2043 Test #1276: TurbulenceNonOrthogonalTest.ModelsRouteTheCorrectionThroughTheSharedOperator .............................   Passed    0.02 sec
          Start  798: SpeciesCaseTest.RejectsMissingValueForConcentrationBoundary
1416/2043 Test #1060: EnergyEquationConvectionTest.BoundaryInflowUsesBoundaryValueOnRhs ........................................   Passed    0.02 sec
          Start 1363: IdealGasEOSTest.DDensityDTemperatureIsNegative
1417/2043 Test #1126: ThermalBoundaryConsistency.ConvergedFieldIsConsistentWithItsBoundaryValues ...............................   Passed    0.02 sec
          Start   45: Vector3Test.ArithmeticActsOnAllThreeComponents
1418/2043 Test #1453: ProbeScalarTest.ReturnsTheNearestCellsValue ..............................................................   Passed    0.03 sec
          Start  859: JSONWriterTest.RequiredKeysExist
1419/2043 Test  #798: SpeciesCaseTest.RejectsMissingValueForConcentrationBoundary ..............................................   Passed    0.03 sec
          Start  287: CGTest.InvalidSystemWhenPreconditionerRejectsTheMatrix
1420/2043 Test #1363: IdealGasEOSTest.DDensityDTemperatureIsNegative ...........................................................   Passed    0.03 sec
          Start 1362: IdealGasEOSTest.DDensityDTemperatureMatchesAnalyticalFormula
1421/2043 Test   #45: Vector3Test.ArithmeticActsOnAllThreeComponents ...........................................................   Passed    0.03 sec
          Start 1191: KEpsilonModelTest.TurbulentViscosityVanishesAsKVanishes
1422/2043 Test  #859: JSONWriterTest.RequiredKeysExist .........................................................................   Passed    0.02 sec
          Start 1308: SpeciesSolverTest.LinearSolveFailureWhenInnerSolverIsStarved
1423/2043 Test  #287: CGTest.InvalidSystemWhenPreconditionerRejectsTheMatrix ...................................................   Passed    0.03 sec
          Start  745: ThermalCaseTest.RejectsTemperatureKeyWhenThermalDisabled
1424/2043 Test #1362: IdealGasEOSTest.DDensityDTemperatureMatchesAnalyticalFormula .............................................   Passed    0.03 sec
          Start  449: DiffusionTest.CorrectionReducesInteriorErrorForQuadraticFieldOnDistortedMesh
1425/2043 Test #1191: KEpsilonModelTest.TurbulentViscosityVanishesAsKVanishes ..................................................   Passed    0.04 sec
          Start 1310: SpeciesSolverTest.NonFiniteStateForNonFiniteInitialConcentration
1426/2043 Test #1308: SpeciesSolverTest.LinearSolveFailureWhenInnerSolverIsStarved .............................................   Passed    0.03 sec
          Start 1253: SSTModelTest.ConstructionMuTReducesToStandardKOmegaForm
1427/2043 Test  #745: ThermalCaseTest.RejectsTemperatureKeyWhenThermalDisabled .................................................   Passed    0.03 sec
          Start  588: MassFluxTest.TangentialMovingWallGivesZeroFlux
1428/2043 Test  #449: DiffusionTest.CorrectionReducesInteriorErrorForQuadraticFieldOnDistortedMesh .............................   Passed    0.02 sec
          Start  445: DiffusionTest.NonOrthogonalCorrectionMatchesBaselineOnCartesianMesh
1429/2043 Test #1310: SpeciesSolverTest.NonFiniteStateForNonFiniteInitialConcentration .........................................   Passed    0.03 sec
          Start 1610: FluxCorrectionTest.ConstantPressureCorrectionGivesZeroFluxCorrectionEverywhere
1430/2043 Test #1253: SSTModelTest.ConstructionMuTReducesToStandardKOmegaForm ..................................................   Passed    0.03 sec
          Start  581: FluidPropertiesTest.RejectsZeroViscosity
1431/2043 Test  #588: MassFluxTest.TangentialMovingWallGivesZeroFlux ...........................................................   Passed    0.04 sec
          Start  141: MeshGrading.UniformIsEqualWidths
1432/2043 Test  #445: DiffusionTest.NonOrthogonalCorrectionMatchesBaselineOnCartesianMesh ......................................   Passed    0.04 sec
          Start  565: BoundaryReconstruction.TangentialTransferIsZeroOnAnOrthogonalFaceAndNonZeroOffIt
1433/2043 Test #1610: FluxCorrectionTest.ConstantPressureCorrectionGivesZeroFluxCorrectionEverywhere ...........................   Passed    0.03 sec
          Start  443: DiffusionTest.QuadraticFieldWithGammaTwo
1434/2043 Test  #581: FluidPropertiesTest.RejectsZeroViscosity .................................................................   Passed    0.03 sec
          Start 1071: EnergyEquationAssemblyTest.RejectsNonFiniteHeatSource
1435/2043 Test  #141: MeshGrading.UniformIsEqualWidths .........................................................................   Passed    0.02 sec
          Start  993: TransientSolverTest.RepeatedRunsAreDeterministic
1436/2043 Test  #565: BoundaryReconstruction.TangentialTransferIsZeroOnAnOrthogonalFaceAndNonZeroOffIt .........................   Passed    0.02 sec
          Start  452: DiffusionTest.NonOrthogonalCorrectionIsDeterministic
1437/2043 Test  #443: DiffusionTest.QuadraticFieldWithGammaTwo .................................................................   Passed    0.02 sec
          Start  629: BoussinesqBuoyancyTest.AcceptsZeroBeta
1438/2043 Test #1071: EnergyEquationAssemblyTest.RejectsNonFiniteHeatSource ....................................................   Passed    0.02 sec
          Start  913: StructuredQuadCase.ExportRejectsANonCartesianMeshWithoutGrid
1439/2043 Test  #993: TransientSolverTest.RepeatedRunsAreDeterministic .........................................................   Passed    0.02 sec
          Start 1356: IdealGasEOSTest.RejectsNonPositivePressureOrTemperature
1440/2043 Test  #452: DiffusionTest.NonOrthogonalCorrectionIsDeterministic .....................................................   Passed    0.02 sec
          Start 1001: RestartSnapshotTest.MismatchedMeshCellCountIsRejectedEvenWithConsistentFieldSizes
1441/2043 Test  #629: BoussinesqBuoyancyTest.AcceptsZeroBeta ...................................................................   Passed    0.02 sec
          Start  675: CaseReaderTest.CgTypeAndGpuBackendParseCorrectly
1442/2043 Test  #913: StructuredQuadCase.ExportRejectsANonCartesianMeshWithoutGrid .............................................   Passed    0.02 sec
          Start  372: FixedTemperatureTest.TypeAndNameAreThermalSpecific
1443/2043 Test #1356: IdealGasEOSTest.RejectsNonPositivePressureOrTemperature ..................................................   Passed    0.02 sec
          Start 1274: TurbulenceModelFactoryTest.SSTOverloadRejectsUnsupportedModelNames
1444/2043 Test #1001: RestartSnapshotTest.MismatchedMeshCellCountIsRejectedEvenWithConsistentFieldSizes ........................   Passed    0.02 sec
          Start 1346: VolumeFractionSolverTest.InvalidConfigurationForMismatchedAlphaSize
1445/2043 Test  #675: CaseReaderTest.CgTypeAndGpuBackendParseCorrectly .........................................................   Passed    0.02 sec
          Start 1465: SampleVectorFieldRawTest.MatchesMeshBasedSamplingOnEquivalentData
1446/2043 Test  #372: FixedTemperatureTest.TypeAndNameAreThermalSpecific .......................................................   Passed    0.03 sec
          Start  150: MeshGrading.RejectsZeroCells
1447/2043 Test #1274: TurbulenceModelFactoryTest.SSTOverloadRejectsUnsupportedModelNames .......................................   Passed    0.03 sec
          Start 1478: GridConvergenceTest.ZeroSolutionQuantityHasNoRelativeMetrics
1448/2043 Test #1346: VolumeFractionSolverTest.InvalidConfigurationForMismatchedAlphaSize ......................................   Passed    0.03 sec
          Start  659: TabulatedPropertyTest.RejectsNonIncreasingTemperatures
1449/2043 Test #1465: SampleVectorFieldRawTest.MatchesMeshBasedSamplingOnEquivalentData ........................................   Passed    0.02 sec
          Start  665: EvaluatePropertyFieldTest.MismatchedTemperatureSizeThrows
1450/2043 Test  #150: MeshGrading.RejectsZeroCells .............................................................................   Passed    0.02 sec
          Start  850: CSVWriterTest.OmitsTemperatureColumnWhenNotProvided
1451/2043 Test #1478: GridConvergenceTest.ZeroSolutionQuantityHasNoRelativeMetrics .............................................   Passed    0.02 sec
          Start  601: MomentumDiffusionTest.InternalFaceCoefficientsAreSymmetric
1452/2043 Test  #659: TabulatedPropertyTest.RejectsNonIncreasingTemperatures ...................................................   Passed    0.02 sec
          Start  908: StructuredQuadCase.CartesianCaseBuildsTheUnchangedCartesianMesh
1453/2043 Test  #665: EvaluatePropertyFieldTest.MismatchedTemperatureSizeThrows ................................................   Passed    0.02 sec
          Start 1157: LaminarModelTest.NameIsLaminar
1454/2043 Test  #850: CSVWriterTest.OmitsTemperatureColumnWhenNotProvided ......................................................   Passed    0.03 sec
          Start  971: TimeControllerTest.StartingStepAtOrAboveMaxStepsIsImmediatelyFinished
1455/2043 Test  #601: MomentumDiffusionTest.InternalFaceCoefficientsAreSymmetric ...............................................   Passed    0.03 sec
          Start  553: AleOperatorsHandDerived.TwoCellsWithAMovingInternalFaceIncludingUpwindReversal
1456/2043 Test  #908: StructuredQuadCase.CartesianCaseBuildsTheUnchangedCartesianMesh ..........................................   Passed    0.03 sec
          Start  333: LinearFallbackTest.SuccessRecorded
1457/2043 Test #1157: LaminarModelTest.NameIsLaminar ...........................................................................   Passed    0.02 sec
          Start 1096: ThermalSolverTest.InvalidConfigurationForZeroOuterMaxIterations
1458/2043 Test  #971: TimeControllerTest.StartingStepAtOrAboveMaxStepsIsImmediatelyFinished ....................................   Passed    0.02 sec
          Start  241: FieldArithmetic.EmptyFieldsAreAddable
1459/2043 Test  #553: AleOperatorsHandDerived.TwoCellsWithAMovingInternalFaceIncludingUpwindReversal ...........................   Passed    0.02 sec
          Start 1139: SparseAssembly3DTest.TwoByTwoByOne
1460/2043 Test  #333: LinearFallbackTest.SuccessRecorded .......................................................................   Passed    0.02 sec
          Start  948: Case3DTest.TwoDimensionalCaseWritesNoThreeDimensionalKeys
1461/2043 Test #1096: ThermalSolverTest.InvalidConfigurationForZeroOuterMaxIterations ..........................................   Passed    0.02 sec
          Start 1174: KEpsilonEquationTest.EffectiveDiffusivityRejectsInvalidInputs
1462/2043 Test  #241: FieldArithmetic.EmptyFieldsAreAddable ....................................................................   Passed    0.03 sec
          Start 1503: SampleErrorNormsTest.KnownValues
1463/2043 Test #1139: SparseAssembly3DTest.TwoByTwoByOne .......................................................................   Passed    0.04 sec
          Start 1397: CompressibleMomentumTimeDerivativeTest.ConstantDensityMatchesIncompressibleFormula
1464/2043 Test  #948: Case3DTest.TwoDimensionalCaseWritesNoThreeDimensionalKeys ................................................   Passed    0.04 sec
          Start 1024: ResidualTrend.HealthyDecreasingContinuityDoesNotTriggerDivergence
1465/2043 Test #1174: KEpsilonEquationTest.EffectiveDiffusivityRejectsInvalidInputs ............................................   Passed    0.03 sec
          Start  324: GMRESTest.ZeroRightHandSideConvergesImmediately
1466/2043 Test #1503: SampleErrorNormsTest.KnownValues .........................................................................   Passed    0.03 sec
          Start  912: StructuredQuadCase.CartesianVtkIsByteIdenticalToTheReconstructedPoints
1467/2043 Test #1397: CompressibleMomentumTimeDerivativeTest.ConstantDensityMatchesIncompressibleFormula .......................   Passed    0.04 sec
          Start 1229: SSTEquationTest.BlendAtQuarterWeightingMatchesHandDerivedValue
1468/2043 Test #1024: ResidualTrend.HealthyDecreasingContinuityDoesNotTriggerDivergence ........................................   Passed    0.04 sec
          Start  562: BoundaryReconstruction.IsExactForALinearFieldAndForAQuadraticOne
1469/2043 Test  #324: GMRESTest.ZeroRightHandSideConvergesImmediately ..........................................................   Passed    0.04 sec
          Start  441: DiffusionTest.EqualsGammaTimesLaplacianForConstantGamma
1470/2043 Test  #912: StructuredQuadCase.CartesianVtkIsByteIdenticalToTheReconstructedPoints ...................................   Passed    0.04 sec
          Start  221: ScalarFieldTest.ScalarMultiplicationBothOrders
1471/2043 Test #1229: SSTEquationTest.BlendAtQuarterWeightingMatchesHandDerivedValue ...........................................   Passed    0.05 sec
          Start  991: TransientSolverTest.StepExceedingCflFailAboveIsRejected
1472/2043 Test  #562: BoundaryReconstruction.IsExactForALinearFieldAndForAQuadraticOne .........................................   Passed    0.05 sec
          Start   28: LoggerTest.DefaultableLevelRoundTrips
1473/2043 Test  #441: DiffusionTest.EqualsGammaTimesLaplacianForConstantGamma ..................................................   Passed    0.05 sec
          Start  305: SolverFailureTest.InfMatrixRejectedAtConstruction
1474/2043 Test  #221: ScalarFieldTest.ScalarMultiplicationBothOrders ...........................................................   Passed    0.04 sec
          Start 1028: ConvergencePolicy.NoHiddenConvergence
1475/2043 Test  #991: TransientSolverTest.StepExceedingCflFailAboveIsRejected ..................................................   Passed    0.05 sec
          Start  249: AlgebraVector.ScalarMultiplicationBothOrders
1476/2043 Test   #28: LoggerTest.DefaultableLevelRoundTrips ....................................................................   Passed    0.05 sec
          Start  343: FixedValueTest.BoundaryValueIgnoresOwnerValue
1477/2043 Test  #305: SolverFailureTest.InfMatrixRejectedAtConstruction ........................................................   Passed    0.05 sec
          Start  560: BoundaryReconstruction.CoefficientsMatchHandDerivedUniformValues
1478/2043 Test #1028: ConvergencePolicy.NoHiddenConvergence ....................................................................   Passed    0.04 sec
          Start  479: ConvectionSchemeTest.HigherOrderSchemesAreDeterministic
1479/2043 Test  #249: AlgebraVector.ScalarMultiplicationBothOrders .............................................................   Passed    0.03 sec
          Start  232: VectorFieldTest.SelfSubtractionIsZeroField
1480/2043 Test  #343: FixedValueTest.BoundaryValueIgnoresOwnerValue ............................................................   Passed    0.02 sec
          Start 1278: SpeciesPropertiesTest.AllowsZeroDiffusivityForPureAdvection
1481/2043 Test  #560: BoundaryReconstruction.CoefficientsMatchHandDerivedUniformValues .........................................   Passed    0.02 sec
          Start 1179: KEpsilonEquationTest.PureDiffusionConstantFieldGivesZeroResidual
1482/2043 Test  #479: ConvectionSchemeTest.HigherOrderSchemesAreDeterministic ..................................................   Passed    0.02 sec
          Start  493: VanLeerLimiterTest.StaysWithinTheZeroToTwoSwebyTvdRegion
1483/2043 Test  #232: VectorFieldTest.SelfSubtractionIsZeroField ...............................................................   Passed    0.02 sec
          Start  777: BoussinesqCaseTest.AcceptsZeroBeta
1484/2043 Test #1278: SpeciesPropertiesTest.AllowsZeroDiffusivityForPureAdvection ..............................................   Passed    0.05 sec
          Start 1118: RegionAwareThermalDiffusionTest.EqualConductivityMatchesSingleMaterialPathExactly
1485/2043 Test #1179: KEpsilonEquationTest.PureDiffusionConstantFieldGivesZeroResidual .........................................   Passed    0.05 sec
          Start 1496: MMSSourceTest.CellVolumeScaling
1486/2043 Test  #493: VanLeerLimiterTest.StaysWithinTheZeroToTwoSwebyTvdRegion .................................................   Passed    0.05 sec
          Start  907: StructuredQuadCase.BuilderRejectsFoldedMesh
1487/2043 Test  #777: BoussinesqCaseTest.AcceptsZeroBeta .......................................................................   Passed    0.04 sec
          Start  321: GMRESTest.SolvesNonSymmetricSystem
1488/2043 Test #1118: RegionAwareThermalDiffusionTest.EqualConductivityMatchesSingleMaterialPathExactly ........................   Passed    0.02 sec
          Start 1371: ThermodynamicPropertiesTest.SpeedOfSoundRejectsNonPositiveTemperature
1489/2043 Test #1496: MMSSourceTest.CellVolumeScaling ..........................................................................   Passed    0.03 sec
          Start 1181: KEpsilonEquationTest.UniformFieldWithZeroSourceIsPreservedByFullEquation
1490/2043 Test  #321: GMRESTest.SolvesNonSymmetricSystem .......................................................................   Passed    0.02 sec
          Start  390: WallOmegaTest.HandDerivedValueMatchesWilcoxFormula
1491/2043 Test  #907: StructuredQuadCase.BuilderRejectsFoldedMesh ..............................................................   Passed    0.04 sec
          Start  382: HeatFluxTest.RejectsNonFiniteHeatFlux
1492/2043 Test #1371: ThermodynamicPropertiesTest.SpeedOfSoundRejectsNonPositiveTemperature ....................................   Passed    0.02 sec
          Start  643: BoussinesqBuoyancyTest.MismatchedTemperatureSizeThrows
1493/2043 Test #1181: KEpsilonEquationTest.UniformFieldWithZeroSourceIsPreservedByFullEquation .................................   Passed    0.02 sec
          Start  510: GridRefinementTest.DiffusionOrthogonalCorrectionFlagIsInertOnCartesianMesh
1494/2043 Test  #390: WallOmegaTest.HandDerivedValueMatchesWilcoxFormula .......................................................   Passed    0.02 sec
          Start 1143: TurbulenceModelTest.ZeroTurbulentViscosityIsAccepted
1495/2043 Test  #382: HeatFluxTest.RejectsNonFiniteHeatFlux ....................................................................   Passed    0.03 sec
          Start 1202: KOmegaEquationTest.KSourceMatchesHandDerivedExample
1496/2043 Test  #643: BoussinesqBuoyancyTest.MismatchedTemperatureSizeThrows ...................................................   Passed    0.03 sec
          Start 1067: EnergyEquationAssemblyTest.CombinedAssemblyMatchesHandDerivedCoefficients
1497/2043 Test  #510: GridRefinementTest.DiffusionOrthogonalCorrectionFlagIsInertOnCartesianMesh ...............................   Passed    0.03 sec
          Start   24: CoreException.MessageSurvivesConstruction
1498/2043 Test #1143: TurbulenceModelTest.ZeroTurbulentViscosityIsAccepted .....................................................   Passed    0.03 sec
          Start  235: SurfaceFieldTest.SizeMatchesTwoByTwoMeshFaceCount
1499/2043 Test #1202: KOmegaEquationTest.KSourceMatchesHandDerivedExample ......................................................   Passed    0.02 sec
          Start  111: MeshFingerprintTest.RepeatedCallOnSameMeshIsDeterministic
1500/2043 Test #1067: EnergyEquationAssemblyTest.CombinedAssemblyMatchesHandDerivedCoefficients ................................   Passed    0.03 sec
          Start 1026: ResidualTrend.AboveFloorContinuityRunawayStillTriggersDivergence
1501/2043 Test   #24: CoreException.MessageSurvivesConstruction ................................................................   Passed    0.03 sec
          Start 1249: SSTEquationTest.ProductionLimiterRejectsInvalidFactorOrBetaStar
1502/2043 Test  #235: SurfaceFieldTest.SizeMatchesTwoByTwoMeshFaceCount ........................................................   Passed    0.03 sec
          Start 1032: AdaptiveRelaxation.GrowthReducesAlpha
1503/2043 Test  #111: MeshFingerprintTest.RepeatedCallOnSameMeshIsDeterministic ................................................   Passed    0.03 sec
          Start  885: VTKWriterTest.MismatchedTemperatureSizeThrows
1504/2043 Test #1026: ResidualTrend.AboveFloorContinuityRunawayStillTriggersDivergence .........................................   Passed    0.02 sec
          Start 1161: LaminarModelTest.CorrectLeavesTurbulentViscosityZero
1505/2043 Test #1249: SSTEquationTest.ProductionLimiterRejectsInvalidFactorOrBetaStar ..........................................   Passed    0.02 sec
          Start 1203: KOmegaModelTest.TurbulentViscosityMatchesHandDerivedExample
1506/2043 Test #1032: AdaptiveRelaxation.GrowthReducesAlpha ....................................................................   Passed    0.02 sec
          Start  820: CompressibleCaseTest.RejectsNeitherTemperatureNorThermalCoupled
1507/2043 Test  #885: VTKWriterTest.MismatchedTemperatureSizeThrows ............................................................   Passed    0.03 sec
          Start  183: Cartesian3DMeshTest.DimensionIsThreeFor3DMeshesAndTwoForEvery2DBuilder
1508/2043 Test #1161: LaminarModelTest.CorrectLeavesTurbulentViscosityZero .....................................................   Passed    0.03 sec
          Start  394: WallOmegaTest.TypeAndNameAreSSTSpecific
1509/2043 Test #1203: KOmegaModelTest.TurbulentViscosityMatchesHandDerivedExample ..............................................   Passed    0.03 sec
          Start  840: CSVWriterTest.WriteFieldsVelocityPressureAndMagnitudeAreCorrect
1510/2043 Test  #820: CompressibleCaseTest.RejectsNeitherTemperatureNorThermalCoupled ..........................................   Passed    0.02 sec
          Start  737: ThermalCaseTest.RejectsNonPositiveConductivity
1511/2043 Test  #183: Cartesian3DMeshTest.DimensionIsThreeFor3DMeshesAndTwoForEvery2DBuilder ...................................   Passed    0.02 sec
          Start 1376: EvaluateDensityFieldTest.MismatchedSizeThrows
1512/2043 Test  #394: WallOmegaTest.TypeAndNameAreSSTSpecific ..................................................................   Passed    0.02 sec
          Start 1148: ValidateTurbulentViscosityFieldTest.AcceptsCorrectlySizedFiniteNonNegativeField
1513/2043 Test  #840: CSVWriterTest.WriteFieldsVelocityPressureAndMagnitudeAreCorrect ..........................................   Passed    0.03 sec
          Start  229: VectorFieldTest.ScalarMultiplicationBothOrders
1514/2043 Test  #737: ThermalCaseTest.RejectsNonPositiveConductivity ...........................................................   Passed    0.03 sec
          Start  529: TimeDerivativeTest.ImplicitEulerOdeConvergesAtFirstOrder
1515/2043 Test #1376: EvaluateDensityFieldTest.MismatchedSizeThrows ............................................................   Passed    0.03 sec
          Start  715: CaseValidationTest.MissingBoundaryPatchIsRejected
1516/2043 Test #1148: ValidateTurbulentViscosityFieldTest.AcceptsCorrectlySizedFiniteNonNegativeField ..........................   Passed    0.02 sec
          Start  486: SmoothnessRatioTest.PositiveForSmoothMonotoneData
1517/2043 Test  #229: VectorFieldTest.ScalarMultiplicationBothOrders ...........................................................   Passed    0.03 sec
          Start   26: CoreException.ConvergenceErrorIsCatchableAsNumericalError
1518/2043 Test  #529: TimeDerivativeTest.ImplicitEulerOdeConvergesAtFirstOrder .................................................   Passed    0.03 sec
          Start 1223: WallDistanceTest.CartesianDistanceIsBitIdenticalToFaceCentroidDistance
1519/2043 Test  #715: CaseValidationTest.MissingBoundaryPatchIsRejected ........................................................   Passed    0.03 sec
          Start  791: SpeciesCaseTest.RejectsDuplicateSpeciesNames
1520/2043 Test  #486: SmoothnessRatioTest.PositiveForSmoothMonotoneData ........................................................   Passed    0.02 sec
          Start   48: Vector3Test.TwoDimensionalResultsAreBitwiseTheFormerFormulas
1521/2043 Test   #26: CoreException.ConvergenceErrorIsCatchableAsNumericalError ................................................   Passed    0.02 sec
          Start 1287: SpeciesEquationDiffusionTest.MismatchedConcentrationSizeThrows
1522/2043 Test #1223: WallDistanceTest.CartesianDistanceIsBitIdenticalToFaceCentroidDistance ...................................   Passed    0.02 sec
          Start  325: GMRESTest.NonFiniteInputIsRejectedBeforeIterating
1523/2043 Test   #48: Vector3Test.TwoDimensionalResultsAreBitwiseTheFormerFormulas .............................................   Passed    0.02 sec
          Start  172: MultiBlockMeshInvalid.InvalidCellsAreNamed
1524/2043 Test  #791: SpeciesCaseTest.RejectsDuplicateSpeciesNames .............................................................   Passed    0.03 sec
          Start  846: CSVWriterTest.WriteResidualsIterationColumnIsOneIndexed
1525/2043 Test #1287: SpeciesEquationDiffusionTest.MismatchedConcentrationSizeThrows ...........................................   Passed    0.03 sec
          Start 1280: SpeciesPropertiesTest.RejectsNegativeDiffusivity
1526/2043 Test  #325: GMRESTest.NonFiniteInputIsRejectedBeforeIterating ........................................................   Passed    0.02 sec
          Start  589: MassFluxTest.InletFluxIsNegativeOutletFluxIsPositive
1527/2043 Test  #172: MultiBlockMeshInvalid.InvalidCellsAreNamed ...............................................................   Passed    0.02 sec
          Start  495: GridRefinementTest.LaplacianOfSmoothFieldConvergesAtSecondOrder
1528/2043 Test  #846: CSVWriterTest.WriteResidualsIterationColumnIsOneIndexed ..................................................   Passed    0.02 sec
          Start 1074: EnergyEquationAssemblyTest.RepeatedAssemblyIsDeterministic
1529/2043 Test #1280: SpeciesPropertiesTest.RejectsNegativeDiffusivity .........................................................   Passed    0.02 sec
          Start  262: SparseMatrixTest.DiagonalLookupThrowsWhenMissing
1530/2043 Test  #589: MassFluxTest.InletFluxIsNegativeOutletFluxIsPositive .....................................................   Passed    0.02 sec
          Start  472: ConvectionSchemeTest.ConvectionOverloadWithoutSchemeArgumentDefaultsToUpwind
1531/2043 Test  #495: GridRefinementTest.LaplacianOfSmoothFieldConvergesAtSecondOrder ..........................................   Passed    0.02 sec
          Start  580: FluidPropertiesTest.RejectsNegativeDensity
1532/2043 Test #1074: EnergyEquationAssemblyTest.RepeatedAssemblyIsDeterministic ...............................................   Passed    0.02 sec
          Start  277: JacobiTest.RejectsMissingDiagonal
1533/2043 Test  #262: SparseMatrixTest.DiagonalLookupThrowsWhenMissing .........................................................   Passed    0.03 sec
          Start 1111: ThermalRegionMapTest.RegionForCellOutOfRangeThrows
1534/2043 Test  #472: ConvectionSchemeTest.ConvectionOverloadWithoutSchemeArgumentDefaultsToUpwind .............................   Passed    0.03 sec
          Start 1145: TurbulenceModelTest.NegativeTurbulentViscosityRejected
1535/2043 Test  #580: FluidPropertiesTest.RejectsNegativeDensity ...............................................................   Passed    0.03 sec
          Start 1006: RestartSnapshotTest.NonFiniteTimeIsRejected
1536/2043 Test  #277: JacobiTest.RejectsMissingDiagonal ........................................................................   Passed    0.02 sec
          Start  496: GridRefinementTest.UpwindConvectionConvergesAtFirstOrder
1537/2043 Test #1111: ThermalRegionMapTest.RegionForCellOutOfRangeThrows .......................................................   Passed    0.02 sec
          Start  658: TabulatedPropertyTest.RejectsMismatchedLengths
1538/2043 Test #1145: TurbulenceModelTest.NegativeTurbulentViscosityRejected ...................................................   Passed    0.04 sec
          Start 1155: EffectiveViscosityTest.RejectsNonFiniteMolecularViscosity
1539/2043 Test #1006: RestartSnapshotTest.NonFiniteTimeIsRejected ..............................................................   Passed    0.04 sec
          Start 1010: RestartSnapshotTest.RealAcceptedPisoStateRoundTripsThroughSnapshotExactly
1540/2043 Test  #496: GridRefinementTest.UpwindConvectionConvergesAtFirstOrder .................................................   Passed    0.04 sec
          Start 1442: MarchingSquaresTest.RejectsMismatchedSizes
1541/2043 Test  #658: TabulatedPropertyTest.RejectsMismatchedLengths ...........................................................   Passed    0.02 sec
          Start  515: GridRefinementTest.DiffusionStronglyDistortedUncorrectedGlobal
1542/2043 Test #1155: EffectiveViscosityTest.RejectsNonFiniteMolecularViscosity ................................................   Passed    0.02 sec
          Start 1068: EnergyEquationAssemblyTest.ProducesCorrectDimensions
1543/2043 Test #1010: RestartSnapshotTest.RealAcceptedPisoStateRoundTripsThroughSnapshotExactly ................................   Passed    0.02 sec
          Start 1599: PressureCorrectionTest.NonPositiveDensityThrows
1544/2043 Test #1442: MarchingSquaresTest.RejectsMismatchedSizes ...............................................................   Passed    0.02 sec
          Start 1583: SIMPLESettingsTest.RejectsNegativePressureTolerance
1545/2043 Test  #515: GridRefinementTest.DiffusionStronglyDistortedUncorrectedGlobal ...........................................   Passed    0.02 sec
          Start 1142: TurbulenceModelTest.ModelNameIsAccessible
1546/2043 Test #1068: EnergyEquationAssemblyTest.ProducesCorrectDimensions .....................................................   Passed    0.02 sec
          Start  781: BoussinesqCaseTest.RejectsMissingReferenceTemperature
1547/2043 Test #1599: PressureCorrectionTest.NonPositiveDensityThrows ..........................................................   Passed    0.02 sec
          Start 1121: RegionAwareThermalDiffusionTest.RepeatedAssemblyIsDeterministic
1548/2043 Test #1583: SIMPLESettingsTest.RejectsNegativePressureTolerance ......................................................   Passed    0.02 sec
          Start 1339: VolumeFractionTransportEquationTest.RepeatedAssemblyIsDeterministic
1549/2043 Test #1142: TurbulenceModelTest.ModelNameIsAccessible ................................................................   Passed    0.03 sec
          Start 1479: GridConvergenceTest.InvalidGridSpacingRejected
1550/2043 Test  #781: BoussinesqCaseTest.RejectsMissingReferenceTemperature ....................................................   Passed    0.03 sec
          Start  827: PhysicsCompatibilityTest.CompressibleSupportedAlongsideBuoyancy
1551/2043 Test #1121: RegionAwareThermalDiffusionTest.RepeatedAssemblyIsDeterministic ..........................................   Passed    0.03 sec
          Start 1369: ThermodynamicPropertiesTest.SpeedOfSoundMatchesAnalyticalFormula
1552/2043 Test #1339: VolumeFractionTransportEquationTest.RepeatedAssemblyIsDeterministic ......................................   Passed    0.02 sec
          Start  958: TimeControllerTest.SingleStepCaseReachesEndExactly
1553/2043 Test #1479: GridConvergenceTest.InvalidGridSpacingRejected ...........................................................   Passed    0.02 sec
          Start 1231: SSTEquationTest.BlendingIsExactForMultipleCoefficients
1554/2043 Test #1369: ThermodynamicPropertiesTest.SpeedOfSoundMatchesAnalyticalFormula .........................................   Passed    0.02 sec
          Start 1575: SIMPLESettingsTest.DefaultsAreValid
1555/2043 Test  #827: PhysicsCompatibilityTest.CompressibleSupportedAlongsideBuoyancy ..........................................   Passed    0.03 sec
          Start  916: MeshQualityCase.WarningMeshIsAcceptedNotRejected
1556/2043 Test  #958: TimeControllerTest.SingleStepCaseReachesEndExactly .......................................................   Passed    0.03 sec
          Start  213: Field.DataProvidesContiguousAccess
1557/2043 Test #1231: SSTEquationTest.BlendingIsExactForMultipleCoefficients ...................................................   Passed    0.03 sec
          Start  980: CFLTest.RejectsNonFiniteDt
1558/2043 Test #1575: SIMPLESettingsTest.DefaultsAreValid ......................................................................   Passed    0.03 sec
          Start 1056: EnergyEquationDiffusionTest.DiagonalIsFinitePositiveAndNonzero
1559/2043 Test  #213: Field.DataProvidesContiguousAccess .......................................................................   Passed    0.02 sec
          Start  304: SolverFailureTest.NaNMatrixRejectedAtConstruction
1560/2043 Test  #916: MeshQualityCase.WarningMeshIsAcceptedNotRejected .........................................................   Passed    0.04 sec
          Start  794: SpeciesCaseTest.RejectsSpeciesKeyWhenSpeciesDisabled
1561/2043 Test  #980: CFLTest.RejectsNonFiniteDt ...............................................................................   Passed    0.05 sec
          Start  351: WallTest.NormalAndTangentialComponentsAreZeroOnAllOrientations
1562/2043 Test #1056: EnergyEquationDiffusionTest.DiagonalIsFinitePositiveAndNonzero ...........................................   Passed    0.04 sec
          Start 1437: MarchingSquaresTest.ConstantFieldProducesNoSegments
1563/2043 Test  #304: SolverFailureTest.NaNMatrixRejectedAtConstruction ........................................................   Passed    0.04 sec
          Start 1394: CompressibleContinuityTest.MismatchedMassFluxSizeThrows
1564/2043 Test  #351: WallTest.NormalAndTangentialComponentsAreZeroOnAllOrientations ...........................................   Passed    0.01 sec
          Start  312: LinearSolverFactoryTest.DefaultSettingsSelectCpuBiCGSTAB
1565/2043 Test  #794: SpeciesCaseTest.RejectsSpeciesKeyWhenSpeciesDisabled .....................................................   Passed    0.03 sec
          Start  826: PhysicsCompatibilityTest.SpeciesSupportedAlongsideCompressible
1566/2043 Test #1437: MarchingSquaresTest.ConstantFieldProducesNoSegments ......................................................   Passed    0.02 sec
          Start  464: ConvectionTest.UpwindSelectsOwnerForPositiveFluxNeighborForNegative
1567/2043 Test #1394: CompressibleContinuityTest.MismatchedMassFluxSizeThrows ..................................................   Passed    0.02 sec
          Start  526: TimeDerivativeTest.RejectsNonPositiveDeltaT
1568/2043 Test  #312: LinearSolverFactoryTest.DefaultSettingsSelectCpuBiCGSTAB .................................................   Passed    0.02 sec
          Start  564: BoundaryReconstruction.NeumannAndUncorrectedCallsAreUnchanged
1569/2043 Test  #826: PhysicsCompatibilityTest.SpeciesSupportedAlongsideCompressible ...........................................   Passed    0.02 sec
          Start  657: TabulatedPropertyTest.RejectsFewerThanTwoPoints
1570/2043 Test  #464: ConvectionTest.UpwindSelectsOwnerForPositiveFluxNeighborForNegative ......................................   Passed    0.02 sec
          Start 1088: EnergyEquationVariablePropertiesTest.CombinerMismatchedFieldSizeThrows
1571/2043 Test  #526: TimeDerivativeTest.RejectsNonPositiveDeltaT ..............................................................   Passed    0.03 sec
          Start 1587: MomentumPredictorRelaxationTest.RelaxedSourceMatchesDerivationExactly
1572/2043 Test  #564: BoundaryReconstruction.NeumannAndUncorrectedCallsAreUnchanged ............................................   Passed    0.05 sec
          Start 1577: SIMPLESettingsTest.RejectsZeroVelocityRelaxation
1573/2043 Test  #657: TabulatedPropertyTest.RejectsFewerThanTwoPoints ..........................................................   Passed    0.10 sec
          Start  653: TabulatedPropertyTest.InterpolatesWithinAnArbitraryBracket
1574/2043 Test #1088: EnergyEquationVariablePropertiesTest.CombinerMismatchedFieldSizeThrows ...................................   Passed    0.11 sec
          Start 1592: MomentumPredictorRelaxationTest.RejectsMismatchedRhsSize
1575/2043 Test #1587: MomentumPredictorRelaxationTest.RelaxedSourceMatchesDerivationExactly ....................................   Passed    0.15 sec
          Start 1141: TurbulenceModelTest.PolymorphicDestructionWorks
1576/2043 Test #1577: SIMPLESettingsTest.RejectsZeroVelocityRelaxation .........................................................   Passed    0.10 sec
          Start  851: CSVWriterTest.AppendsTemperatureColumnWhenProvided
1577/2043 Test  #653: TabulatedPropertyTest.InterpolatesWithinAnArbitraryBracket ...............................................   Passed    0.15 sec
          Start 1578: SIMPLESettingsTest.RejectsNegativeVelocityRelaxation
1578/2043 Test #1592: MomentumPredictorRelaxationTest.RejectsMismatchedRhsSize .................................................   Passed    0.14 sec
          Start 1152: EffectiveViscosityTest.IsSumOfMolecularAndTurbulent
1579/2043 Test #1141: TurbulenceModelTest.PolymorphicDestructionWorks ..........................................................   Passed    0.17 sec
          Start  960: TimeControllerTest.MaximumStepTerminationStopsBeforeEndTime
1580/2043 Test  #851: CSVWriterTest.AppendsTemperatureColumnWhenProvided .......................................................   Passed    0.13 sec
          Start 1586: MomentumPredictorRelaxationTest.RelaxedDiagonalMatchesAPOverAlphaExactly
1581/2043 Test #1578: SIMPLESettingsTest.RejectsNegativeVelocityRelaxation .....................................................   Passed    0.06 sec
          Start 1444: AutomaticContourLevelsTest.ConstantFieldProducesNoLevels
1582/2043 Test #1152: EffectiveViscosityTest.IsSumOfMolecularAndTurbulent ......................................................   Passed    0.06 sec
          Start  126: StructuredQuadMesh.RejectsFoldedCells
1583/2043 Test  #960: TimeControllerTest.MaximumStepTerminationStopsBeforeEndTime ..............................................   Passed    0.06 sec
          Start 1456: SampleLineTest.RejectsTooFewSamples
1584/2043 Test #1586: MomentumPredictorRelaxationTest.RelaxedDiagonalMatchesAPOverAlphaExactly .................................   Passed    0.06 sec
          Start  308: SolverFailureTest.InvalidInitialGuessSizeFailsCleanly
1585/2043 Test #1444: AutomaticContourLevelsTest.ConstantFieldProducesNoLevels .................................................   Passed    0.02 sec
          Start  738: ThermalCaseTest.RejectsNegativeSpecificHeat
1586/2043 Test  #126: StructuredQuadMesh.RejectsFoldedCells ....................................................................   Passed    0.02 sec
          Start  540: Operators3DTest.ExplicitDiffusionIsExactForAQuadraticField
1587/2043 Test #1456: SampleLineTest.RejectsTooFewSamples ......................................................................   Passed    0.02 sec
          Start 1239: SSTEquationTest.F2RemainsBoundedAcrossRepresentativeStates
1588/2043 Test  #308: SolverFailureTest.InvalidInitialGuessSizeFailsCleanly ....................................................   Passed    0.02 sec
          Start 1582: SIMPLESettingsTest.RejectsZeroVelocityTolerance
1589/2043 Test  #738: ThermalCaseTest.RejectsNegativeSpecificHeat ..............................................................   Passed    0.02 sec
          Start  293: BiCGSTABTest.InvalidSystemWhenPreconditionerRejectsTheMatrix
1590/2043 Test  #540: Operators3DTest.ExplicitDiffusionIsExactForAQuadraticField ...............................................   Passed    0.02 sec
          Start 1501: MMSStudyTest.OrdersComeFromTheSharedGridConvergenceAnalysis
1591/2043 Test #1239: SSTEquationTest.F2RemainsBoundedAcrossRepresentativeStates ...............................................   Passed    0.02 sec
          Start   38: GpuBackendCpuFallbackTest.ExecutionStatsStartAtZeroWithNoDeviceActivity
1592/2043 Test #1582: SIMPLESettingsTest.RejectsZeroVelocityTolerance ..........................................................   Passed    0.03 sec
          Start  551: AleOperatorsStaticLimit.ThreeDimensionalConvectionAndTimeTermStaticLimit
1593/2043 Test  #293: BiCGSTABTest.InvalidSystemWhenPreconditionerRejectsTheMatrix .............................................   Passed    0.03 sec
          Start  138: MeshValidity.EntitiesRejectNonFiniteAndNonPositiveGeometry
1594/2043 Test #1501: MMSStudyTest.OrdersComeFromTheSharedGridConvergenceAnalysis ..............................................   Passed    0.03 sec
          Start  500: GridRefinementTest.LinearUpwindConvectionOfSmoothFieldConvergesAboveFirstOrderInInterior
1595/2043 Test   #38: GpuBackendCpuFallbackTest.ExecutionStatsStartAtZeroWithNoDeviceActivity ..................................   Passed    0.02 sec
          Start 1596: PressureCorrectionTest.NonReferenceRowsConserveConstantInput
1596/2043 Test  #551: AleOperatorsStaticLimit.ThreeDimensionalConvectionAndTimeTermStaticLimit .................................   Passed    0.02 sec
          Start  132: MeshValidity.DetectsInwardBoundaryFace
1597/2043 Test  #138: MeshValidity.EntitiesRejectNonFiniteAndNonPositiveGeometry ...............................................   Passed    0.02 sec
          Start 1084: EnergyEquationVariablePropertiesTest.ConvectionSwitchesToNeighborsSpecificHeatWhenItIsUpwind
1598/2043 Test  #500: GridRefinementTest.LinearUpwindConvectionOfSmoothFieldConvergesAboveFirstOrderInInterior .................   Passed    0.03 sec
          Start 1230: SSTEquationTest.BlendAtHalfWeightingIsTheMidpoint
1599/2043 Test #1596: PressureCorrectionTest.NonReferenceRowsConserveConstantInput .............................................   Passed    0.03 sec
          Start  306: SolverFailureTest.CgFailsBeforeIteratingOnNanRhs
1600/2043 Test  #132: MeshValidity.DetectsInwardBoundaryFace ...................................................................   Passed    0.03 sec
          Start  212: Field.IterationVisitsEveryElement
1601/2043 Test #1084: EnergyEquationVariablePropertiesTest.ConvectionSwitchesToNeighborsSpecificHeatWhenItIsUpwind .............   Passed    0.03 sec
          Start  236: FieldArithmetic.ScalarFieldRejectsSizeMismatch
1602/2043 Test #1230: SSTEquationTest.BlendAtHalfWeightingIsTheMidpoint ........................................................   Passed    0.03 sec
          Start 1355: IdealGasEOSTest.DoublingTemperatureAtFixedPressureHalvesDensity
1603/2043 Test  #306: SolverFailureTest.CgFailsBeforeIteratingOnNanRhs .........................................................   Passed    0.03 sec
          Start 1933: Duct3DProductionCase.SeriesReproducesTheSquareDuctConstants
1604/2043 Test  #212: Field.IterationVisitsEveryElement ........................................................................   Passed    0.03 sec
          Start  858: JSONWriterTest.WrittenFileIsValidJson
1605/2043 Test  #236: FieldArithmetic.ScalarFieldRejectsSizeMismatch ...........................................................   Passed    0.03 sec
          Start  481: QuickFaceValueTest.MatchesClassicalCoefficientsOnUniformGrid
1606/2043 Test #1355: IdealGasEOSTest.DoublingTemperatureAtFixedPressureHalvesDensity ..........................................   Passed    0.02 sec
          Start  272: SparseMatrixBuilderTest.ReserveDoesNotChangeTheAssembledMatrix
1607/2043 Test #1933: Duct3DProductionCase.SeriesReproducesTheSquareDuctConstants ..............................................   Passed    0.02 sec
          Start 1095: ThermalSolverTest.InvalidConfigurationForInvalidLinearSolverSettings
1608/2043 Test  #858: JSONWriterTest.WrittenFileIsValidJson ....................................................................   Passed    0.02 sec
          Start  393: WallOmegaTest.ExposesKinematicViscosityAndBeta1
1609/2043 Test  #481: QuickFaceValueTest.MatchesClassicalCoefficientsOnUniformGrid .............................................   Passed    0.02 sec
          Start 1147: TurbulenceModelTest.CorrectIsCallable
1610/2043 Test  #272: SparseMatrixBuilderTest.ReserveDoesNotChangeTheAssembledMatrix ...........................................   Passed    0.03 sec
          Start 1374: EvaluateDensityFieldTest.EvaluatesEveryCellFromItsOwnPressureAndTemperature
1611/2043 Test #1095: ThermalSolverTest.InvalidConfigurationForInvalidLinearSolverSettings .....................................   Passed    0.03 sec
          Start  541: Operators3DTest.ExplicitDiffusionWithZeroFluxBoundariesConservesGlobally
1612/2043 Test  #393: WallOmegaTest.ExposesKinematicViscosityAndBeta1 ..........................................................   Passed    0.03 sec
          Start  267: SparseMatrixTest.RejectsRowOffsetsBackMismatch
1613/2043 Test #1147: TurbulenceModelTest.CorrectIsCallable ....................................................................   Passed    0.03 sec
          Start  598: ContinuityEquationTest.MismatchedMassFluxSizeThrows
1614/2043 Test #1374: EvaluateDensityFieldTest.EvaluatesEveryCellFromItsOwnPressureAndTemperature ..............................   Passed    0.03 sec
          Start 1382: CompressibleMassFluxTest.WallBoundaryMassFluxIsZeroRegardlessOfBoundaryDensity
1615/2043 Test  #541: Operators3DTest.ExplicitDiffusionWithZeroFluxBoundariesConservesGlobally .................................   Passed    0.04 sec
          Start  233: SurfaceFieldTest.SizedConstructionAndFill
1616/2043 Test  #267: SparseMatrixTest.RejectsRowOffsetsBackMismatch ...........................................................   Passed    0.04 sec
          Start  866: JSONWriterTest.ThermalEnabledIsFalseByDefault
1617/2043 Test  #598: ContinuityEquationTest.MismatchedMassFluxSizeThrows ......................................................   Passed    0.04 sec
          Start  787: SpeciesCaseTest.BuilderConstructsSpeciesRuntimeObjects
1618/2043 Test #1382: CompressibleMassFluxTest.WallBoundaryMassFluxIsZeroRegardlessOfBoundaryDensity ...........................   Passed    0.03 sec
          Start 1124: ThermalNonOrthogonalTest.PrescribedFluxWallsKeepEnergyBalance
1619/2043 Test  #233: SurfaceFieldTest.SizedConstructionAndFill ................................................................   Passed    0.04 sec
          Start  294: BiCGSTABTest.ZeroRhsConvergesImmediately
1620/2043 Test  #866: JSONWriterTest.ThermalEnabledIsFalseByDefault ............................................................   Passed    0.04 sec
          Start  291: BiCGSTABTest.SolvesNonsymmetricSystem
1621/2043 Test  #787: SpeciesCaseTest.BuilderConstructsSpeciesRuntimeObjects ...................................................   Passed    0.04 sec
          Start 1034: AdaptiveRelaxation.GrowingOscillationReducesAlphaDecayingZigzagDoesNot
1622/2043 Test #1124: ThermalNonOrthogonalTest.PrescribedFluxWallsKeepEnergyBalance ............................................   Passed    0.04 sec
          Start  887: VTKWriterTest.OmitsSpeciesBlocksWhenNotProvided
1623/2043 Test  #294: BiCGSTABTest.ZeroRhsConvergesImmediately .................................................................   Passed    0.03 sec
          Start 1082: EnergyEquationVariablePropertiesTest.ConvectionUniformFieldMatchesScalarOverloadExactly
1624/2043 Test  #291: BiCGSTABTest.SolvesNonsymmetricSystem ....................................................................   Passed    0.03 sec
          Start 1221: WallDistanceTest.RejectsNoWallPatches
1625/2043 Test #1034: AdaptiveRelaxation.GrowingOscillationReducesAlphaDecayingZigzagDoesNot ...................................   Passed    0.02 sec
          Start  480: ConvectionSchemeTest.StepFunctionStaysWithinInitialBoundsAfterOneExplicitStep
1626/2043 Test  #887: VTKWriterTest.OmitsSpeciesBlocksWhenNotProvided ..........................................................   Passed    0.02 sec
          Start  883: VTKWriterTest.OmitsTemperatureBlockWhenNotProvided
1627/2043 Test #1082: EnergyEquationVariablePropertiesTest.ConvectionUniformFieldMatchesScalarOverloadExactly ..................   Passed    0.02 sec
          Start  227: VectorFieldTest.ElementwiseAdditionExactValues
1628/2043 Test #1221: WallDistanceTest.RejectsNoWallPatches ....................................................................   Passed    0.03 sec
          Start 1365: ThermodynamicPropertiesTest.DerivesCvAndGammaFromRAndCp
1629/2043 Test  #480: ConvectionSchemeTest.StepFunctionStaysWithinInitialBoundsAfterOneExplicitStep ............................   Passed    0.03 sec
          Start 1584: SIMPLESettingsTest.RejectsNonFiniteContinuityTolerance
1630/2043 Test  #883: VTKWriterTest.OmitsTemperatureBlockWhenNotProvided .......................................................   Passed    0.04 sec
          Start  442: DiffusionTest.QuadraticFieldWithGammaHalf
1631/2043 Test  #227: VectorFieldTest.ElementwiseAdditionExactValues ...........................................................   Passed    0.04 sec
          Start  353: MovingWallTest.ReturnsConfiguredVelocityRegardlessOfOwner
1632/2043 Test #1365: ThermodynamicPropertiesTest.DerivesCvAndGammaFromRAndCp ..................................................   Passed    0.04 sec
          Start 1222: WallDistanceTest.ExactPerpendicularDistanceOnTiltedStructuredQuadMesh
1633/2043 Test #1584: SIMPLESettingsTest.RejectsNonFiniteContinuityTolerance ...................................................   Passed    0.03 sec
          Start  592: ContinuityEquationTest.ClosedZeroVelocityCavityHasZeroImbalance
1634/2043 Test  #442: DiffusionTest.QuadraticFieldWithGammaHalf ................................................................   Passed    0.03 sec
          Start  476: ConvectionSchemeTest.SchemeChoiceDoesNotAffectABoundaryOnlyMesh
1635/2043 Test  #353: MovingWallTest.ReturnsConfiguredVelocityRegardlessOfOwner ................................................   Passed    0.02 sec
          Start 1011: ResidualNormalization.NonzeroBaseline
1636/2043 Test #1222: WallDistanceTest.ExactPerpendicularDistanceOnTiltedStructuredQuadMesh ....................................   Passed    0.03 sec
          Start 1232: SSTEquationTest.CrossDiffusionCoefficientMatchesHandDerivedExample
1637/2043 Test  #592: ContinuityEquationTest.ClosedZeroVelocityCavityHasZeroImbalance ..........................................   Passed    0.04 sec
          Start 1252: SSTModelTest.InitializedToConfiguredValuesEverywhere
1638/2043 Test  #476: ConvectionSchemeTest.SchemeChoiceDoesNotAffectABoundaryOnlyMesh ..........................................   Passed    0.04 sec
          Start  127: StructuredQuadMesh.RejectsClockwiseCells
1639/2043 Test #1011: ResidualNormalization.NonzeroBaseline ....................................................................   Passed    0.03 sec
          Start  586: MassFluxTest.TangentialVelocityAtVerticalFaceGivesZeroFlux
1640/2043 Test #1232: SSTEquationTest.CrossDiffusionCoefficientMatchesHandDerivedExample .......................................   Passed    0.02 sec
          Start  220: ScalarFieldTest.ElementwiseSubtraction
1641/2043 Test #1252: SSTModelTest.InitializedToConfiguredValuesEverywhere .....................................................   Passed    0.03 sec
          Start  711: CaseValidationTest.NonPositiveViscosityIsRejected
1642/2043 Test  #127: StructuredQuadMesh.RejectsClockwiseCells .................................................................   Passed    0.03 sec
          Start 1380: CompressibleMassFluxTest.OutletBoundaryUsesEosEvaluatedPressureNotOwnerDensity
1643/2043 Test  #586: MassFluxTest.TangentialVelocityAtVerticalFaceGivesZeroFlux ...............................................   Passed    0.02 sec
          Start  992: TransientSolverTest.RejectsNonPositiveOrNonFiniteCflFailAbove
1644/2043 Test  #220: ScalarFieldTest.ElementwiseSubtraction ...................................................................   Passed    0.02 sec
          Start  290: CGTest.MaxIterationsReportsFailureNotSuccess
1645/2043 Test  #711: CaseValidationTest.NonPositiveViscosityIsRejected ........................................................   Passed    0.02 sec
          Start  750: TurbulenceCaseTest.ParsesOptionalRelaxationOverrides
1646/2043 Test #1380: CompressibleMassFluxTest.OutletBoundaryUsesEosEvaluatedPressureNotOwnerDensity ...........................   Passed    0.02 sec
          Start 1061: EnergyEquationConvectionTest.ConstantTemperatureWithDivergenceFreeFluxGivesZeroNetContribution
1647/2043 Test  #992: TransientSolverTest.RejectsNonPositiveOrNonFiniteCflFailAbove ............................................   Passed    0.03 sec
          Start 1396: CompressibleMomentumTimeDerivativeTest.HandDerivedDiagonalAndSource
1648/2043 Test  #290: CGTest.MaxIterationsReportsFailureNotSuccess .............................................................   Passed    0.04 sec
          Start 1160: LaminarModelTest.EffectiveViscosityEqualsMolecularViscosity
1649/2043 Test #1061: EnergyEquationConvectionTest.ConstantTemperatureWithDivergenceFreeFluxGivesZeroNetContribution ...........   Passed    0.02 sec
          Start 1299: SpeciesEquationAssemblyTest.RepeatedAssemblyIsDeterministic
1650/2043 Test  #750: TurbulenceCaseTest.ParsesOptionalRelaxationOverrides .....................................................   Passed    0.05 sec
          Start  847: CSVWriterTest.WriteResidualsValuesMatchHistoriesInOrder
1651/2043 Test #1396: CompressibleMomentumTimeDerivativeTest.HandDerivedDiagonalAndSource ......................................   Passed    0.03 sec
          Start 1324: TwoPhaseSystemTest.RejectsNonFiniteAlpha
1652/2043 Test #1160: LaminarModelTest.EffectiveViscosityEqualsMolecularViscosity ..............................................   Passed    0.02 sec
          Start 1358: IdealGasEOSTest.RejectsNonPositiveGasConstant
1653/2043 Test #1299: SpeciesEquationAssemblyTest.RepeatedAssemblyIsDeterministic ..............................................   Passed    0.02 sec
          Start 1005: RestartSnapshotTest.NonFiniteMassFluxIsRejected
1654/2043 Test  #847: CSVWriterTest.WriteResidualsValuesMatchHistoriesInOrder ..................................................   Passed    0.03 sec
          Start  322: GMRESTest.RestartedSolveConvergesDeterministically
1655/2043 Test #1324: TwoPhaseSystemTest.RejectsNonFiniteAlpha .................................................................   Passed    0.03 sec
          Start 1151: ValidateTurbulentViscosityFieldTest.RejectsNonFiniteEntry
1656/2043 Test #1358: IdealGasEOSTest.RejectsNonPositiveGasConstant ............................................................   Passed    0.03 sec
          Start 1296: SpeciesEquationAssemblyTest.MismatchedConcentrationSizeThrows
1657/2043 Test #1005: RestartSnapshotTest.NonFiniteMassFluxIsRejected ..........................................................   Passed    0.03 sec
          Start  137: MeshValidity.DetectsPatchListingAnInternalFace
1658/2043 Test  #322: GMRESTest.RestartedSolveConvergesDeterministically .......................................................   Passed    0.03 sec
          Start 1375: EvaluateDensityFieldTest.UniformStateGivesUniformDensity
1659/2043 Test #1151: ValidateTurbulentViscosityFieldTest.RejectsNonFiniteEntry ................................................   Passed    0.03 sec
          Start  752: TurbulenceCaseTest.InletPatchGetsFixedKAndEpsilonFromCaseConfig
1660/2043 Test #1296: SpeciesEquationAssemblyTest.MismatchedConcentrationSizeThrows ............................................   Passed    0.05 sec
          Start  404: InterpolationTest.SkewCorrectedInterpolationMatchesPlainOnCartesianMesh
1661/2043 Test  #137: MeshValidity.DetectsPatchListingAnInternalFace ...........................................................   Passed    0.05 sec
          Start  219: ScalarFieldTest.ElementwiseAddition
1662/2043 Test #1375: EvaluateDensityFieldTest.UniformStateGivesUniformDensity .................................................   Passed    0.04 sec
          Start 1284: SpeciesEquationDiffusionTest.InternalFaceCoefficientsAreSymmetric
1663/2043 Test  #752: TurbulenceCaseTest.InletPatchGetsFixedKAndEpsilonFromCaseConfig ..........................................   Passed    0.04 sec
          Start  627: BoussinesqBuoyancyTest.RejectsNonPositiveReferenceDensity
1664/2043 Test  #404: InterpolationTest.SkewCorrectedInterpolationMatchesPlainOnCartesianMesh ..................................   Passed    0.03 sec
          Start  434: DivergenceTest.ConstantVectorFieldHasZeroDivergence
1665/2043 Test  #219: ScalarFieldTest.ElementwiseAddition ......................................................................   Passed    0.03 sec
          Start  284: CGTest.IdentityMatrixSolvesImmediately
1666/2043 Test #1284: SpeciesEquationDiffusionTest.InternalFaceCoefficientsAreSymmetric ........................................   Passed    0.03 sec
          Start  292: BiCGSTABTest.SolvesWithJacobiPreconditioner
1667/2043 Test  #627: BoussinesqBuoyancyTest.RejectsNonPositiveReferenceDensity ................................................   Passed    0.03 sec
          Start  175: MultiBlockMeshInvalid.DisconnectedDomainFailsTheValidityGate
1668/2043 Test  #434: DivergenceTest.ConstantVectorFieldHasZeroDivergence ......................................................   Passed    0.02 sec
          Start 1494: ManufacturedFieldsTest.CompressibleForcingExact
1669/2043 Test  #284: CGTest.IdentityMatrixSolvesImmediately ...................................................................   Passed    0.03 sec
          Start 1322: TwoPhaseSystemTest.MixtureViscosityAtCanonicalAlphaValues
1670/2043 Test  #292: BiCGSTABTest.SolvesWithJacobiPreconditioner ..............................................................   Passed    0.03 sec
          Start  888: VTKWriterTest.AppendsOneSpeciesBlockAfterVelocityMagnitudeWhenProvided
1671/2043 Test  #175: MultiBlockMeshInvalid.DisconnectedDomainFailsTheValidityGate .............................................   Passed    0.03 sec
          Start 1273: TurbulenceModelFactoryTest.SSTNameCreatesSSTModel
1672/2043 Test #1494: ManufacturedFieldsTest.CompressibleForcingExact ..........................................................   Passed    0.02 sec
          Start 1360: IdealGasEOSTest.DDensityDPressureMatchesAnalyticalFormula
1673/2043 Test #1322: TwoPhaseSystemTest.MixtureViscosityAtCanonicalAlphaValues ................................................   Passed    0.02 sec
          Start 1591: MomentumPredictorRelaxationTest.RejectsMismatchedPreviousValueSize
1674/2043 Test  #888: VTKWriterTest.AppendsOneSpeciesBlockAfterVelocityMagnitudeWhenProvided ...................................   Passed    0.03 sec
          Start 1336: VolumeFractionTransportEquationTest.TimeDerivativeCoefficientMatchesVolumeOverDt
1675/2043 Test #1273: TurbulenceModelFactoryTest.SSTNameCreatesSSTModel ........................................................   Passed    0.03 sec
          Start  731: CaseBuilderTest.ConfigurationMatchesManualSetup
1676/2043 Test #1360: IdealGasEOSTest.DDensityDPressureMatchesAnalyticalFormula ................................................   Passed    0.03 sec
          Start  528: TimeDerivativeTest.RejectsNonFiniteDeltaT
1677/2043 Test #1591: MomentumPredictorRelaxationTest.RejectsMismatchedPreviousValueSize .......................................   Passed    0.03 sec
          Start  282: CGTest.SolvesTwoByTwoSpdSystem
1678/2043 Test #1336: VolumeFractionTransportEquationTest.TimeDerivativeCoefficientMatchesVolumeOverDt .........................   Passed    0.03 sec
          Start  741: ThermalCaseTest.RejectsUnknownTemperatureBoundaryType
1679/2043 Test  #731: CaseBuilderTest.ConfigurationMatchesManualSetup ..........................................................   Passed    0.03 sec
          Start  216: ScalarFieldTest.ConstructionAndInitialization
1680/2043 Test  #528: TimeDerivativeTest.RejectsNonFiniteDeltaT ................................................................   Passed    0.03 sec
          Start   32: LoggerTest.WarningAndErrorGoToStderr
1681/2043 Test  #282: CGTest.SolvesTwoByTwoSpdSystem ...........................................................................   Passed    0.04 sec
          Start 1441: MarchingSquaresTest.RejectsGridTooSmall
1682/2043 Test  #741: ThermalCaseTest.RejectsUnknownTemperatureBoundaryType ....................................................   Passed    0.04 sec
          Start  177: Cartesian3DMeshTest.CellVolumesAreBoxVolumesAndSumToTheDomain
1683/2043 Test  #216: ScalarFieldTest.ConstructionAndInitialization ............................................................   Passed    0.04 sec
          Start  577: FluidPropertiesTest.StoresDensityAndViscosity
1684/2043 Test   #32: LoggerTest.WarningAndErrorGoToStderr .....................................................................   Passed    0.02 sec
          Start 1985: SpeciesDiffusionValidation.Grid20MatchesAnalyticalSlabProfile
1685/2043 Test #1441: MarchingSquaresTest.RejectsGridTooSmall ..................................................................   Passed    0.05 sec
          Start  446: DiffusionTest.DefaultParametersPreserveUncorrectedBehavior
1686/2043 Test  #177: Cartesian3DMeshTest.CellVolumesAreBoxVolumesAndSumToTheDomain ............................................   Passed    0.06 sec
          Start 1797: CompressibleSimpleSettingsTest.RejectsZeroMaxIterations
1687/2043 Test  #577: FluidPropertiesTest.StoresDensityAndViscosity ............................................................   Passed    0.07 sec
          Start 1204: KOmegaModelTest.NameIsKOmega
1688/2043 Test #1985: SpeciesDiffusionValidation.Grid20MatchesAnalyticalSlabProfile ............................................   Passed    0.05 sec
          Start  595: ContinuityEquationTest.GlobalDivergenceTheoremIdentityHolds
1689/2043 Test  #446: DiffusionTest.DefaultParametersPreserveUncorrectedBehavior ...............................................   Passed    0.05 sec
          Start  217: ScalarFieldTest.MutationIsIndependentAfterCopy
1690/2043 Test #1797: CompressibleSimpleSettingsTest.RejectsZeroMaxIterations ..................................................   Passed    0.05 sec
          Start  206: Field.DefaultConstructionIsEmpty
1691/2043 Test #1204: KOmegaModelTest.NameIsKOmega .............................................................................   Passed    0.03 sec
          Start 1036: AdaptiveRelaxation.RecoveryAfterGrowthStopsBelowTheUnstableFactor
1692/2043 Test  #595: ContinuityEquationTest.GlobalDivergenceTheoremIdentityHolds ..............................................   Passed    0.02 sec
          Start  955: TimeControllerTest.FinalStepIsShortenedToLandExactlyOnEndTime
1693/2043 Test  #217: ScalarFieldTest.MutationIsIndependentAfterCopy ...........................................................   Passed    0.02 sec
          Start 1033: AdaptiveRelaxation.PlateauHolds
1694/2043 Test  #206: Field.DefaultConstructionIsEmpty .........................................................................   Passed    0.02 sec
          Start  938: MultiBlockCase.GeometricErrorsAreCaseErrors
1695/2043 Test #1036: AdaptiveRelaxation.RecoveryAfterGrowthStopsBelowTheUnstableFactor ........................................   Passed    0.02 sec
          Start  303: BiCGSTABBreakdown.ZeroRhsAndExactGuessNeedNoIteration
1696/2043 Test  #955: TimeControllerTest.FinalStepIsShortenedToLandExactlyOnEndTime ............................................   Passed    0.02 sec
          Start  828: PhysicsCompatibilityTest.CompressibleSupportedAlongsideTurbulence
1697/2043 Test #1033: AdaptiveRelaxation.PlateauHolds ..........................................................................   Passed    0.02 sec
          Start  590: MassFluxTest.ChannelMassBalanceExample
1698/2043 Test  #938: MultiBlockCase.GeometricErrorsAreCaseErrors ..............................................................   Passed    0.02 sec
          Start  725: CaseValidationTest.NonPositiveToleranceIsRejected
1699/2043 Test  #303: BiCGSTABBreakdown.ZeroRhsAndExactGuessNeedNoIteration ....................................................   Passed    0.02 sec
          Start  357: InletTest.RejectsNonFiniteVelocity
1700/2043 Test  #828: PhysicsCompatibilityTest.CompressibleSupportedAlongsideTurbulence ........................................   Passed    0.02 sec
          Start 1508: ProductionValidationTest.ReportIsDeterministicExceptRuntime
1701/2043 Test  #590: MassFluxTest.ChannelMassBalanceExample ...................................................................   Passed    0.02 sec
          Start 1297: SpeciesEquationAssemblyTest.MismatchedMassFluxSizeThrows
1702/2043 Test  #725: CaseValidationTest.NonPositiveToleranceIsRejected ........................................................   Passed    0.02 sec
          Start 1619: SIMPLEFailureTest.InvalidSettingsReportInvalidConfiguration
1703/2043 Test  #357: InletTest.RejectsNonFiniteVelocity .......................................................................   Passed    0.03 sec
          Start  329: GMRESTest.GpuRequestFallsBackToCpu
1704/2043 Test #1508: ProductionValidationTest.ReportIsDeterministicExceptRuntime ..............................................   Passed    0.04 sec
          Start  567: BoundaryReconstruction.ReproducesTheDiffusionOperatorsThreePointFormula
1705/2043 Test #1297: SpeciesEquationAssemblyTest.MismatchedMassFluxSizeThrows .................................................   Passed    0.04 sec
          Start 1595: PressureCorrectionTest.ConstantResponseCoefficientGivesSymmetricInternalCoupling
1706/2043 Test #1619: SIMPLEFailureTest.InvalidSettingsReportInvalidConfiguration ..............................................   Passed    0.04 sec
          Start  204: MeshGeometryUpdate.RevertRestoresTheGeometryBitwiseAndIsIdempotent
1707/2043 Test  #329: GMRESTest.GpuRequestFallsBackToCpu .......................................................................   Passed    0.04 sec
          Start  848: CSVWriterTest.WriteResidualsInconsistentHistoryLengthsThrows
1708/2043 Test  #567: BoundaryReconstruction.ReproducesTheDiffusionOperatorsThreePointFormula ..................................   Passed    0.04 sec
          Start 1156: EffectiveViscosityTest.RepeatedEvaluationIsDeterministic
1709/2043 Test #1595: PressureCorrectionTest.ConstantResponseCoefficientGivesSymmetricInternalCoupling .........................   Passed    0.04 sec
          Start 1220: WallDistanceTest.EveryCellDistanceIsFiniteAndPositive
1710/2043 Test  #204: MeshGeometryUpdate.RevertRestoresTheGeometryBitwiseAndIsIdempotent .......................................   Passed    0.03 sec
          Start 1086: EnergyEquationVariablePropertiesTest.CombinerUniformFieldsMatchScalarThermalProperties
1711/2043 Test  #848: CSVWriterTest.WriteResidualsInconsistentHistoryLengthsThrows .............................................   Passed    0.03 sec
          Start  295: BiCGSTABTest.ExactInitialGuessConvergesAtIterationZero
1712/2043 Test #1156: EffectiveViscosityTest.RepeatedEvaluationIsDeterministic .................................................   Passed    0.03 sec
          Start 1440: MarchingSquaresTest.RepeatedCallsAreDeterministic
1713/2043 Test #1220: WallDistanceTest.EveryCellDistanceIsFiniteAndPositive ....................................................   Passed    0.03 sec
          Start 1597: PressureCorrectionTest.BoundaryFacesGetZeroCoefficient
1714/2043 Test #1086: EnergyEquationVariablePropertiesTest.CombinerUniformFieldsMatchScalarThermalProperties ...................   Passed    0.04 sec
          Start  997: RestartSnapshotTest.SourceTransientStateIsNotModified
1715/2043 Test  #295: BiCGSTABTest.ExactInitialGuessConvergesAtIterationZero ...................................................   Passed    0.03 sec
          Start  345: FixedValueTest.RejectsNonFiniteValue
1716/2043 Test #1440: MarchingSquaresTest.RepeatedCallsAreDeterministic ........................................................   Passed    0.04 sec
          Start 1579: SIMPLESettingsTest.RejectsVelocityRelaxationAboveOne
1717/2043 Test #1597: PressureCorrectionTest.BoundaryFacesGetZeroCoefficient ...................................................   Passed    0.03 sec
          Start 1446: FieldStatisticsTest.ComputesMinMaxAverageIgnoringNonFinite
1718/2043 Test  #997: RestartSnapshotTest.SourceTransientStateIsNotModified ....................................................   Passed    0.03 sec
          Start 1460: NearestIndexTest.EmptyPointsReturnsNullopt
1719/2043 Test  #345: FixedValueTest.RejectsNonFiniteValue .....................................................................   Passed    0.03 sec
          Start  288: CGTest.ZeroRhsConvergesImmediately
1720/2043 Test #1579: SIMPLESettingsTest.RejectsVelocityRelaxationAboveOne .....................................................   Passed    0.03 sec
          Start 1218: WallDistanceTest.HandDerivedDistanceAtDomainCenter
1721/2043 Test #1446: FieldStatisticsTest.ComputesMinMaxAverageIgnoringNonFinite ...............................................   Passed    0.03 sec
          Start 1598: PressureCorrectionTest.MismatchedReferenceCellThrows
1722/2043 Test #1460: NearestIndexTest.EmptyPointsReturnsNullopt ...............................................................   Passed    0.03 sec
          Start   30: LoggerTest.MessagesAtOrAboveLevelAreEmittedWithPrefix
1723/2043 Test  #288: CGTest.ZeroRhsConvergesImmediately .......................................................................   Passed    0.03 sec
          Start 1077: EnergyEquationVariablePropertiesTest.DiffusionUniformFieldMatchesScalarOverloadExactly
1724/2043 Test #1218: WallDistanceTest.HandDerivedDistanceAtDomainCenter .......................................................   Passed    0.02 sec
          Start 1361: IdealGasEOSTest.DDensityDPressureIsIndependentOfPressure
1725/2043 Test #1598: PressureCorrectionTest.MismatchedReferenceCellThrows .....................................................   Passed    0.02 sec
          Start  283: CGTest.SolvesThreeByThreeSpdSystem
1726/2043 Test   #30: LoggerTest.MessagesAtOrAboveLevelAreEmittedWithPrefix ....................................................   Passed    0.02 sec
          Start 1008: RestartSnapshotTest.InvalidDeltaTIsRejected
1727/2043 Test #1077: EnergyEquationVariablePropertiesTest.DiffusionUniformFieldMatchesScalarOverloadExactly ...................   Passed    0.02 sec
          Start 1435: MarchingSquaresTest.LinearFieldPhiEqualsXProducesAVerticalLineAtTheLevel
1728/2043 Test #1361: IdealGasEOSTest.DDensityDPressureIsIndependentOfPressure .................................................   Passed    0.02 sec
          Start  182: Cartesian3DMeshTest.SixPatchesPartitionTheBoundaryWithOutwardNormals
1729/2043 Test  #283: CGTest.SolvesThreeByThreeSpdSystem .......................................................................   Passed    0.02 sec
          Start  525: TimeDerivativeTest.RejectsFieldSizeMismatch
1730/2043 Test #1008: RestartSnapshotTest.InvalidDeltaTIsRejected ..............................................................   Passed    0.02 sec
          Start 1590: MomentumPredictorRelaxationTest.RejectsAlphaOutOfRange
1731/2043 Test #1435: MarchingSquaresTest.LinearFieldPhiEqualsXProducesAVerticalLineAtTheLevel .................................   Passed    0.02 sec
          Start  597: ContinuityEquationTest.NonSolenoidalFieldIsDetected
1732/2043 Test  #182: Cartesian3DMeshTest.SixPatchesPartitionTheBoundaryWithOutwardNormals .....................................   Passed    0.03 sec
          Start   20: CoreConstants.PiIsCorrect
1733/2043 Test  #525: TimeDerivativeTest.RejectsFieldSizeMismatch ..............................................................   Passed    0.03 sec
          Start 1417: CaseSessionTest.SaveWithoutADirectorySetFails
1734/2043 Test #1590: MomentumPredictorRelaxationTest.RejectsAlphaOutOfRange ...................................................   Passed    0.03 sec
          Start   53: MeshFace.InternalFaceStoresOwnerAndNeighbor
1735/2043 Test  #597: ContinuityEquationTest.NonSolenoidalFieldIsDetected ......................................................   Passed    0.02 sec
          Start 1080: EnergyEquationVariablePropertiesTest.RejectsNonFiniteOrNonPositiveConductivityField
1736/2043 Test   #20: CoreConstants.PiIsCorrect ................................................................................   Passed    0.02 sec
          Start 1602: VelocityCorrectionTest.ConstantPressureCorrectionGivesZeroVelocityCorrection
1737/2043 Test #1417: CaseSessionTest.SaveWithoutADirectorySetFails ............................................................   Passed    0.02 sec
          Start  286: CGTest.RepeatedSolveRebuildsPreconditionerEachTime
1738/2043 Test   #53: MeshFace.InternalFaceStoresOwnerAndNeighbor ..............................................................   Passed    0.02 sec
          Start  742: ThermalCaseTest.RejectsMissingValueForFixedTemperature
1739/2043 Test #1080: EnergyEquationVariablePropertiesTest.RejectsNonFiniteOrNonPositiveConductivityField ......................   Passed    0.03 sec
          Start 1593: PressureCorrectionTest.TwoCellProbeSourceSignAndSolutionMatchHandDerivation
1740/2043 Test #1602: VelocityCorrectionTest.ConstantPressureCorrectionGivesZeroVelocityCorrection .............................   Passed    0.03 sec
          Start  313: LinearSolverFactoryTest.CgTypeSelectsCpuCG
1741/2043 Test  #286: CGTest.RepeatedSolveRebuildsPreconditionerEachTime .......................................................   Passed    0.03 sec
          Start 1580: SIMPLESettingsTest.AcceptsVelocityRelaxationExactlyOne
1742/2043 Test  #742: ThermalCaseTest.RejectsMissingValueForFixedTemperature ...................................................   Passed    0.03 sec
          Start 1601: PressureCorrectionTest.OpenBoundaryDoesNotForceReferenceCellRow
1743/2043 Test #1593: PressureCorrectionTest.TwoCellProbeSourceSignAndSolutionMatchHandDerivation ..............................   Passed    0.02 sec
          Start 1847: TwoMaterialConductionValidation.Grid20MatchesAnalyticalSolution
1744/2043 Test  #313: LinearSolverFactoryTest.CgTypeSelectsCpuCG ...............................................................   Passed    0.02 sec
          Start 1796: CompressibleSimpleTest.MismatchedInitialFieldSizeReportsInvalidConfiguration
1745/2043 Test #1580: SIMPLESettingsTest.AcceptsVelocityRelaxationExactlyOne ...................................................   Passed    0.02 sec
          Start  786: SpeciesCaseTest.ParsesSpeciesListWhenEnabled
1746/2043 Test #1601: PressureCorrectionTest.OpenBoundaryDoesNotForceReferenceCellRow ..........................................   Passed    0.02 sec
          Start   39: GpuBackendCpuFallbackTest.ResetIsANoOpWhenAlreadyZero
1747/2043 Test #1847: TwoMaterialConductionValidation.Grid20MatchesAnalyticalSolution ..........................................   Passed    0.02 sec
          Start 1443: AutomaticContourLevelsTest.ProducesEvenlySpacedInteriorLevels
1748/2043 Test #1796: CompressibleSimpleTest.MismatchedInitialFieldSizeReportsInvalidConfiguration .............................   Passed    0.02 sec
          Start  296: BiCGSTABTest.MaxIterationsReportsFailureNotSuccess
1749/2043 Test  #786: SpeciesCaseTest.ParsesSpeciesListWhenEnabled .............................................................   Passed    0.02 sec
          Start 1754: PisoTest.ForcedPressureCorrectionFailurePropagatesAsPressureCorrectionFailure
1750/2043 Test   #39: GpuBackendCpuFallbackTest.ResetIsANoOpWhenAlreadyZero ....................................................   Passed    0.02 sec
          Start 1758: PisoTransientIntegrationTest.ShortenedFinalDtReachesEndTimeWithRealPiso
1751/2043 Test #1443: AutomaticContourLevelsTest.ProducesEvenlySpacedInteriorLevels ............................................   Passed    0.02 sec
          Start  833: PhysicsCompatibilityTest.RejectsCompressibleThermalCoupledWithoutThermal
1752/2043 Test  #296: BiCGSTABTest.MaxIterationsReportsFailureNotSuccess .......................................................   Passed    0.02 sec
          Start  914: MeshQualityCase.BuilderStoresTheProductionReportInTheSetup
1753/2043 Test #1754: PisoTest.ForcedPressureCorrectionFailurePropagatesAsPressureCorrectionFailure ............................   Passed    0.02 sec
          Start 1710: TransientPressureCorrectionTest.ResponseCoefficientReflectsTransientDiagonalExactly
1754/2043 Test #1758: PisoTransientIntegrationTest.ShortenedFinalDtReachesEndTimeWithRealPiso ..................................   Passed    0.03 sec
          Start  285: CGTest.DiagonalMatrixWithJacobiPreconditioner
1755/2043 Test  #833: PhysicsCompatibilityTest.RejectsCompressibleThermalCoupledWithoutThermal .................................   Passed    0.03 sec
          Start 1227: SSTEquationTest.BlendAtF1EqualsOneUsesSetOneExactly
1756/2043 Test  #914: MeshQualityCase.BuilderStoresTheProductionReportInTheSetup ...............................................   Passed    0.03 sec
          Start 1846: TwoMaterialConductionValidation.AnalyticalFormulasAreSelfConsistent
1757/2043 Test #1710: TransientPressureCorrectionTest.ResponseCoefficientReflectsTransientDiagonalExactly ......................   Passed    0.03 sec
          Start  301: BiCGSTABBreakdown.BreakdownAfterProgressIsRecoveredByARestart
1758/2043 Test  #285: CGTest.DiagonalMatrixWithJacobiPreconditioner ............................................................   Passed    0.03 sec
          Start 1211: KOmegaModelTest.TurbulentViscosityVanishesAsKVanishes
1759/2043 Test #1227: SSTEquationTest.BlendAtF1EqualsOneUsesSetOneExactly ......................................................   Passed    0.03 sec
          Start 1351: VolumeFractionSolverTest.LinearSolveFailureWhenInnerSolverIsStarved
1760/2043 Test #1846: TwoMaterialConductionValidation.AnalyticalFormulasAreSelfConsistent ......................................   Passed    0.02 sec
          Start 1600: PressureCorrectionTest.OpenBoundaryDirichletCouplingMatchesHandDerivation
1761/2043 Test  #301: BiCGSTABBreakdown.BreakdownAfterProgressIsRecoveredByARestart ............................................   Passed    0.02 sec
          Start  228: VectorFieldTest.ElementwiseSubtraction
1762/2043 Test #1211: KOmegaModelTest.TurbulentViscosityVanishesAsKVanishes ....................................................   Passed    0.02 sec
          Start  317: LinearSolverFactoryTest.ExplicitPreconditionerArgumentOverridesSettingsPreconditioner
1763/2043 Test #1351: VolumeFractionSolverTest.LinearSolveFailureWhenInnerSolverIsStarved ......................................   Passed    0.03 sec
          Start 1621: SIMPLEFailureTest.InvalidInnerSolverSettingsReportInvalidConfiguration
1764/2043 Test #1600: PressureCorrectionTest.OpenBoundaryDirichletCouplingMatchesHandDerivation ................................   Passed    0.03 sec
          Start 1757: PisoTransientIntegrationTest.FailedPisoStepIsRejectedAndLeavesAcceptedStateBitIdentical
1765/2043 Test  #228: VectorFieldTest.ElementwiseSubtraction ...................................................................   Passed    0.04 sec
          Start 1606: VelocityCorrectionTest.LeastSquaresSchemeIsWiredThroughAndMatchesOnInteriorCells
1766/2043 Test  #317: LinearSolverFactoryTest.ExplicitPreconditionerArgumentOverridesSettingsPreconditioner ....................   Passed    0.03 sec
          Start 1588: MomentumPredictorRelaxationTest.OffDiagonalCoefficientsAreUnchanged
1767/2043 Test #1621: SIMPLEFailureTest.InvalidInnerSolverSettingsReportInvalidConfiguration ...................................   Passed    0.03 sec
          Start 1603: VelocityCorrectionTest.LinearPressureCorrectionGivesExpectedComponentwiseCorrection
1768/2043 Test #1757: PisoTransientIntegrationTest.FailedPisoStepIsRejectedAndLeavesAcceptedStateBitIdentical ..................   Passed    0.02 sec
          Start  214: Field.FillOverwritesAllElements
1769/2043 Test #1606: VelocityCorrectionTest.LeastSquaresSchemeIsWiredThroughAndMatchesOnInteriorCells .........................   Passed    0.02 sec
          Start 1761: PisoTransientIntegrationTest.RealComputedCflCanTriggerCflViolationWhenFailAboveIsLow
1770/2043 Test #1588: MomentumPredictorRelaxationTest.OffDiagonalCoefficientsAreUnchanged ......................................   Passed    0.02 sec
          Start 1723: SecondPressureCorrectionTest.PartialFirstCorrectionGivesHandDerivedNonzeroSecondCorrection
1771/2043 Test #1603: VelocityCorrectionTest.LinearPressureCorrectionGivesExpectedComponentwiseCorrection ......................   Passed    0.02 sec
          Start 1764: PISOTurbulenceTest.DefaultTurbulenceModelMatchesExplicitLaminarModel
1772/2043 Test  #214: Field.FillOverwritesAllElements ..........................................................................   Passed    0.02 sec
          Start 1083: EnergyEquationVariablePropertiesTest.ConvectionUsesUpwindCellsOwnSpecificHeat
1773/2043 Test #1761: PisoTransientIntegrationTest.RealComputedCflCanTriggerCflViolationWhenFailAboveIsLow .....................   Passed    0.02 sec
          Start 1594: PressureCorrectionTest.ReferenceRowIsExactIdentity
1774/2043 Test #1723: SecondPressureCorrectionTest.PartialFirstCorrectionGivesHandDerivedNonzeroSecondCorrection ...............   Passed    0.02 sec
          Start 1762: PisoTransientIntegrationTest.RepeatedIdenticalMultiStepRunIsBitIdentical
1775/2043 Test #1764: PISOTurbulenceTest.DefaultTurbulenceModelMatchesExplicitLaminarModel .....................................   Passed    0.03 sec
          Start  511: GridRefinementTest.DiffusionDistortedUncorrectedGlobalOrderReflectsBoundaryTreatment
1776/2043 Test #1083: EnergyEquationVariablePropertiesTest.ConvectionUsesUpwindCellsOwnSpecificHeat ............................   Passed    0.03 sec
          Start  299: BiCGSTABBreakdown.IllConditionedSystemIsSolvedAtAnyScale
1777/2043 Test #1594: PressureCorrectionTest.ReferenceRowIsExactIdentity .......................................................   Passed    0.03 sec
          Start 1848: TwoMaterialConductionValidation.Grid40MatchesAnalyticalSolution
1778/2043 Test #1762: PisoTransientIntegrationTest.RepeatedIdenticalMultiStepRunIsBitIdentical .................................   Passed    0.03 sec
          Start 1795: CompressibleSimpleTest.NonPhysicalPressureTransientReportsNonFiniteState
1779/2043 Test  #511: GridRefinementTest.DiffusionDistortedUncorrectedGlobalOrderReflectsBoundaryTreatment .....................   Passed    0.02 sec
          Start 1620: SIMPLEFailureTest.MismatchedInitialFieldSizeReportsInvalidConfiguration
1780/2043 Test  #299: BiCGSTABBreakdown.IllConditionedSystemIsSolvedAtAnyScale .................................................   Passed    0.03 sec
          Start 1800: CompressibleSIMPLENonOrthogonalTest.CartesianCompatibility
1781/2043 Test #1848: TwoMaterialConductionValidation.Grid40MatchesAnalyticalSolution ..........................................   Passed    0.04 sec
          Start 1789: CompressiblePressureCorrectionTest.OpenBoundaryDoesNotPinReferenceCell
1782/2043 Test #1795: CompressibleSimpleTest.NonPhysicalPressureTransientReportsNonFiniteState .................................   Passed    0.04 sec
          Start 2006: PhaseConservationTest.OpenChannelAccumulationMatchesNetInflowMinusOutflow
1783/2043 Test #1620: SIMPLEFailureTest.MismatchedInitialFieldSizeReportsInvalidConfiguration ..................................   Passed    0.04 sec
          Start 1607: VelocityCorrectionTest.MismatchedSizeThrows
1784/2043 Test #1800: CompressibleSIMPLENonOrthogonalTest.CartesianCompatibility ...............................................   Passed    0.03 sec
          Start 1720: CorrectionApplicationTest.WallNormalBoundaryFluxStaysExactlyZeroAfterCorrection
1785/2043 Test #1789: CompressiblePressureCorrectionTest.OpenBoundaryDoesNotPinReferenceCell ...................................   Passed    0.03 sec
          Start 1751: PisoTest.ReferenceCellOutOfRangeReturnsInvalidConfiguration
1786/2043 Test #2006: PhaseConservationTest.OpenChannelAccumulationMatchesNetInflowMinusOutflow ................................   Passed    0.03 sec
          Start 1623: SIMPLENonFiniteTest.NaNInitialVelocityIsDetectedImmediately
1787/2043 Test #1607: VelocityCorrectionTest.MismatchedSizeThrows ..............................................................   Passed    0.03 sec
          Start 1689: SIMPLE3D.ReducedSystemTwoByOneByOneMatchesHandDerivation
1788/2043 Test #1720: CorrectionApplicationTest.WallNormalBoundaryFluxStaysExactlyZeroAfterCorrection ..........................   Passed    0.03 sec
          Start 1967: RestartResumeTest.ContinuousVsSplitRunIsBitIdentical
1789/2043 Test #1751: PisoTest.ReferenceCellOutOfRangeReturnsInvalidConfiguration ..............................................   Passed    0.02 sec
          Start 1760: PisoTransientIntegrationTest.CflRemainsDiagnosticOnlyUnderGenerousCflFailAbove
1790/2043 Test #1623: SIMPLENonFiniteTest.NaNInitialVelocityIsDetectedImmediately ..............................................   Passed    0.02 sec
          Start 1730: SecondPressureCorrectionTest.RepeatedSecondCorrectionAssemblyIsBitIdentical
1791/2043 Test #1689: SIMPLE3D.ReducedSystemTwoByOneByOneMatchesHandDerivation .................................................   Passed    0.02 sec
          Start 1439: MarchingSquaresTest.NonFiniteCellsContributeNoSegments
1792/2043 Test #1967: RestartResumeTest.ContinuousVsSplitRunIsBitIdentical .....................................................   Passed    0.02 sec
          Start 1787: CompressiblePressureCorrectionTest.RejectsNonPositivePseudoTimeStep
1793/2043 Test #1760: PisoTransientIntegrationTest.CflRemainsDiagnosticOnlyUnderGenerousCflFailAbove ...........................   Passed    0.02 sec
          Start 1788: CompressiblePressureCorrectionTest.RejectsOutOfRangeReferenceCell
1794/2043 Test #1730: SecondPressureCorrectionTest.RepeatedSecondCorrectionAssemblyIsBitIdentical ..............................   Passed    0.02 sec
          Start 1716: CorrectionApplicationTest.TwoCellProbeCorrectionMatchesHandDerivation
1795/2043 Test #1439: MarchingSquaresTest.NonFiniteCellsContributeNoSegments ...................................................   Passed    0.02 sec
          Start 1753: PisoTest.ForcedMomentumFailurePropagatesAsMomentumFailure
1796/2043 Test #1787: CompressiblePressureCorrectionTest.RejectsNonPositivePseudoTimeStep ......................................   Passed    0.02 sec
          Start 1732: FinalCorrectionTest.TwoCellFullFirstCorrectionMakesSecondCorrectionExactlyIdempotent
1797/2043 Test #1788: CompressiblePressureCorrectionTest.RejectsOutOfRangeReferenceCell ........................................   Passed    0.02 sec
          Start 1436: MarchingSquaresTest.LinearFieldPhiEqualsYProducesAHorizontalLine
1798/2043 Test #1716: CorrectionApplicationTest.TwoCellProbeCorrectionMatchesHandDerivation ....................................   Passed    0.03 sec
          Start 1786: CompressiblePressureCorrectionTest.MismatchedPredictorMassFluxSizeThrows
1799/2043 Test #1753: PisoTest.ForcedMomentumFailurePropagatesAsMomentumFailure ................................................   Passed    0.03 sec
          Start   21: CoreConstants.DerivedAnglesAreConsistent
1800/2043 Test #1732: FinalCorrectionTest.TwoCellFullFirstCorrectionMakesSecondCorrectionExactlyIdempotent .....................   Passed    0.03 sec
          Start 1966: RestartResumeTest.ResumedTransientSolverContinuesFromSnapshotStateAndTime
1801/2043 Test #1436: MarchingSquaresTest.LinearFieldPhiEqualsYProducesAHorizontalLine .........................................   Passed    0.02 sec
          Start 2005: PhaseConservationTest.ClosedDomainConservesPhaseVolumeOverManySteps
1802/2043 Test #1786: CompressiblePressureCorrectionTest.MismatchedPredictorMassFluxSizeThrows .................................   Passed    0.02 sec
          Start 1965: RestartIOTest.ReadRejectsMismatchedVelocityComponentArrayLengths
1803/2043 Test   #21: CoreConstants.DerivedAnglesAreConsistent .................................................................   Passed    0.02 sec
          Start 1741: FinalCorrectionTest.RepeatedFullPipelineIsBitIdentical
1804/2043 Test #1966: RestartResumeTest.ResumedTransientSolverContinuesFromSnapshotStateAndTime ................................   Passed    0.03 sec
          Start 1785: CompressiblePressureCorrectionTest.CompressibilityDiagonalMatchesHandFormula
1805/2043 Test #2005: PhaseConservationTest.ClosedDomainConservesPhaseVolumeOverManySteps ......................................   Passed    0.03 sec
          Start 1734: FinalCorrectionTest.FullPipelineFinalStateIsFiniteAndConverged
1806/2043 Test #1965: RestartIOTest.ReadRejectsMismatchedVelocityComponentArrayLengths .........................................   Passed    0.04 sec
          Start 1700: TransientMomentumTermTest.OffDiagonalCoefficientsAreUnchanged
1807/2043 Test #1741: FinalCorrectionTest.RepeatedFullPipelineIsBitIdentical ...................................................   Passed    0.04 sec
          Start 1445: AutomaticContourLevelsTest.IgnoresNonFiniteSamples
1808/2043 Test #1785: CompressiblePressureCorrectionTest.CompressibilityDiagonalMatchesHandFormula .............................   Passed    0.03 sec
          Start 1714: TransientPressureCorrectionTest.PreviousStateAndInputsAreNotMutatedByThePipeline
1809/2043 Test #1734: FinalCorrectionTest.FullPipelineFinalStateIsFiniteAndConverged ...........................................   Passed    0.03 sec
          Start 1782: CompressibleRelaxedMomentumTest.MismatchedMassFluxSizeThrows
1810/2043 Test #1700: TransientMomentumTermTest.OffDiagonalCoefficientsAreUnchanged ............................................   Passed    0.03 sec
          Start 1687: SIMPLE3D.RhieChowVanishesForALinearPressureField
1811/2043 Test #1445: AutomaticContourLevelsTest.IgnoresNonFiniteSamples .......................................................   Passed    0.03 sec
          Start 1763: PisoTransientIntegrationTest.CallerInitialStateArgumentIsNotMutated
1812/2043 Test #1714: TransientPressureCorrectionTest.PreviousStateAndInputsAreNotMutatedByThePipeline .........................   Passed    0.03 sec
          Start 1415: CaseSessionTest.SetCaseDefinitionMarksModified
1813/2043 Test #1782: CompressibleRelaxedMomentumTest.MismatchedMassFluxSizeThrows .............................................   Passed    0.03 sec
          Start 1414: CaseSessionTest.OpenMissingDirectoryLeavesStateUnchangedAndSetsError
1814/2043 Test #1687: SIMPLE3D.RhieChowVanishesForALinearPressureField .........................................................   Passed    0.02 sec
          Start 1427: LoadSnapshotFromResultsTest.MissingDirectoryProducesAnInvalidSnapshot
1815/2043 Test #1763: PisoTransientIntegrationTest.CallerInitialStateArgumentIsNotMutated ......................................   Passed    0.02 sec
          Start 1954: RestartIOTest.ReadRejectsMissingFile
1816/2043 Test #1415: CaseSessionTest.SetCaseDefinitionMarksModified ...........................................................   Passed    0.02 sec
          Start 1706: TransientMomentumAssemblyTest.RejectsNonPositiveOrNonFiniteDt
1817/2043 Test #1414: CaseSessionTest.OpenMissingDirectoryLeavesStateUnchangedAndSetsError .....................................   Passed    0.02 sec
          Start 1624: SIMPLENonFiniteTest.InfiniteInitialPressureIsDetectedImmediately
1818/2043 Test #1427: LoadSnapshotFromResultsTest.MissingDirectoryProducesAnInvalidSnapshot ....................................   Passed    0.02 sec
          Start 1784: CompressiblePressureCorrectionTest.NegligibleCompressibilityMatchesIncompressibleEquation
1819/2043 Test #1954: RestartIOTest.ReadRejectsMissingFile .....................................................................   Passed    0.03 sec
          Start 1645: SIMPLEBuoyancyTest.RejectsTemperatureWithoutBuoyancy
1820/2043 Test #1706: TransientMomentumAssemblyTest.RejectsNonPositiveOrNonFiniteDt ............................................   Passed    0.04 sec
          Start 1743: PisoTest.PreviousStateArgumentIsNotMutated
1821/2043 Test #1624: SIMPLENonFiniteTest.InfiniteInitialPressureIsDetectedImmediately .........................................   Passed    0.04 sec
          Start 1722: CorrectionApplicationTest.RepeatedCorrectionStepIsBitIdentical
1822/2043 Test #1784: CompressiblePressureCorrectionTest.NegligibleCompressibilityMatchesIncompressibleEquation ................   Passed    0.03 sec
          Start 1794: CompressibleSimpleTest.InitialStateOutsideEosDomainReportsInvalidConfiguration
1823/2043 Test #1645: SIMPLEBuoyancyTest.RejectsTemperatureWithoutBuoyancy .....................................................   Passed    0.03 sec
          Start 1684: SIMPLE3D.MomentumSystemsArePermutationSymmetric
1824/2043 Test #1743: PisoTest.PreviousStateArgumentIsNotMutated ...............................................................   Passed    0.02 sec
          Start  302: BiCGSTABBreakdown.ExactTerminationIsConvergedNotBreakdown
1825/2043 Test #1722: CorrectionApplicationTest.RepeatedCorrectionStepIsBitIdentical ...........................................   Passed    0.02 sec
          Start 1778: AlePisoOutput.VtkWritesTheCurrentMovedGeometry
1826/2043 Test #1794: CompressibleSimpleTest.InitialStateOutsideEosDomainReportsInvalidConfiguration ...........................   Passed    0.02 sec
          Start 1721: CorrectionApplicationTest.PreviousStateAndPredictorFieldsRetainedIndependently
1827/2043 Test  #302: BiCGSTABBreakdown.ExactTerminationIsConvergedNotBreakdown ................................................   Passed    0.01 sec
          Start 1731: FinalCorrectionTest.ZeroSecondCorrectionLeavesFirstCorrectionStateBitIdentical
1828/2043 Test #1684: SIMPLE3D.MomentumSystemsArePermutationSymmetric ..........................................................   Passed    0.03 sec
          Start 1953: RestartIOTest.RepeatedWriteIsByteIdentical
1829/2043 Test #1721: CorrectionApplicationTest.PreviousStateAndPredictorFieldsRetainedIndependently ...........................   Passed    0.02 sec
          Start 1420: CaseSessionTest.ValidateInvalidCaseLeavesStateAndReportsError
1830/2043 Test #1778: AlePisoOutput.VtkWritesTheCurrentMovedGeometry ...........................................................   Passed    0.04 sec
          Start 1699: TransientMomentumTermTest.RhsGetsSourceContributionAddedExactly
1831/2043 Test #1731: FinalCorrectionTest.ZeroSecondCorrectionLeavesFirstCorrectionStateBitIdentical ...........................   Passed    0.03 sec
          Start  298: BiCGSTABBreakdown.ScalingTheSystemByAPowerOfTwoChangesNothing
1832/2043 Test #1953: RestartIOTest.RepeatedWriteIsByteIdentical ...............................................................   Passed    0.03 sec
          Start 1728: SecondPressureCorrectionTest.SameResponseCoefficientsReusedNoMomentumReassembly
1833/2043 Test #1420: CaseSessionTest.ValidateInvalidCaseLeavesStateAndReportsError ............................................   Passed    0.02 sec
          Start 1702: TransientMomentumAssemblyTest.PreviousComponentValueIsNotMutated
1834/2043 Test #1699: TransientMomentumTermTest.RhsGetsSourceContributionAddedExactly ..........................................   Passed    0.02 sec
          Start 1746: PisoTest.WallNormalBoundaryFluxStaysExactlyZero
1835/2043 Test  #298: BiCGSTABBreakdown.ScalingTheSystemByAPowerOfTwoChangesNothing ............................................   Passed    0.02 sec
          Start 1963: RestartIOTest.ReadRejectsNonNumericFieldValue
1836/2043 Test #1728: SecondPressureCorrectionTest.SameResponseCoefficientsReusedNoMomentumReassembly ..........................   Passed    0.02 sec
          Start 1752: PisoTest.NonFiniteInputStateReturnsNonFiniteState
1837/2043 Test #1702: TransientMomentumAssemblyTest.PreviousComponentValueIsNotMutated .........................................   Passed    0.02 sec
          Start 1759: PisoTransientIntegrationTest.MaxStepsTerminationWithRealPiso
1838/2043 Test #1746: PisoTest.WallNormalBoundaryFluxStaysExactlyZero ..........................................................   Passed    0.02 sec
          Start 1718: CorrectionApplicationTest.FullPipelineFromRestProducesFiniteCorrectedState
1839/2043 Test #1963: RestartIOTest.ReadRejectsNonNumericFieldValue ............................................................   Passed    0.02 sec
          Start 1655: SIMPLENonOrthogonalTest.DefaultSettingsDisableTheCorrection
1840/2043 Test #1752: PisoTest.NonFiniteInputStateReturnsNonFiniteState ........................................................   Passed    0.02 sec
          Start 1412: CaseSessionTest.NewCaseMovesToLoadedWithNoDirectory
1841/2043 Test #1759: PisoTransientIntegrationTest.MaxStepsTerminationWithRealPiso .............................................   Passed    0.03 sec
          Start 1962: RestartIOTest.ReadRejectsOutOfRangeJsonNumber
1842/2043 Test #1718: CorrectionApplicationTest.FullPipelineFromRestProducesFiniteCorrectedState ...............................   Passed    0.03 sec
          Start 1779: CompressibleRelaxedMomentumTest.AlphaOneMatchesUnrelaxedCompressibleMomentumComponentExactly
1843/2043 Test #1655: SIMPLENonOrthogonalTest.DefaultSettingsDisableTheCorrection ..............................................   Passed    0.03 sec
          Start 1744: PisoTest.RepeatedIdenticalTimestepIsBitIdentical
1844/2043 Test #1412: CaseSessionTest.NewCaseMovesToLoadedWithNoDirectory ......................................................   Passed    0.02 sec
          Start 1646: SIMPLEBuoyancyTest.RejectsBuoyancyWithoutTemperature
1845/2043 Test #1962: RestartIOTest.ReadRejectsOutOfRangeJsonNumber ............................................................   Passed    0.02 sec
          Start 1690: SIMPLE3D.ReducedSystemOneByOneByTwoCouplesThroughZ
1846/2043 Test #1779: CompressibleRelaxedMomentumTest.AlphaOneMatchesUnrelaxedCompressibleMomentumComponentExactly .............   Passed    0.02 sec
          Start 1740: FinalCorrectionTest.PreviousStateRemainsUntouchedAndFirstCorrectionStateIsPreservedSeparately
1847/2043 Test #1744: PisoTest.RepeatedIdenticalTimestepIsBitIdentical .........................................................   Passed    0.02 sec
          Start 1886: CompressibleProductionCaseTest.MissingCaseDirectoryReportsInvalidCase
1848/2043 Test #1646: SIMPLEBuoyancyTest.RejectsBuoyancyWithoutTemperature .....................................................   Passed    0.02 sec
          Start 1750: PisoTest.MismatchedPreviousStateSizeReturnsInvalidConfiguration
1849/2043 Test #1690: SIMPLE3D.ReducedSystemOneByOneByTwoCouplesThroughZ .......................................................   Passed    0.02 sec
          Start 1425: BuildSnapshotTest.IncompleteRunProducesAnInvalidSnapshot
1850/2043 Test #1740: FinalCorrectionTest.PreviousStateRemainsUntouchedAndFirstCorrectionStateIsPreservedSeparately ............   Passed    0.02 sec
          Start 1729: SecondPressureCorrectionTest.FirstCorrectionStateAndPreviousStateRemainUntouched
1851/2043 Test #1886: CompressibleProductionCaseTest.MissingCaseDirectoryReportsInvalidCase ....................................   Passed    0.02 sec
          Start 1749: PisoTest.NonPositiveOrNonFiniteDtReturnsInvalidConfiguration
1852/2043 Test #1750: PisoTest.MismatchedPreviousStateSizeReturnsInvalidConfiguration ..........................................   Passed    0.02 sec
          Start 1793: CompressibleSimpleTest.InvalidSettingsReportInvalidConfiguration
1853/2043 Test #1425: BuildSnapshotTest.IncompleteRunProducesAnInvalidSnapshot .................................................   Passed    0.02 sec
          Start 1783: CompressibleRelaxedMomentumTest.RejectsNonPositivePseudoTimeStep
1854/2043 Test #1729: SecondPressureCorrectionTest.FirstCorrectionStateAndPreviousStateRemainUntouched .........................   Passed    0.02 sec
          Start 1777: AlePisoConservation.StationaryStepMassResidualIsTheContinuityResidualBitForBit
1855/2043 Test #1749: PisoTest.NonPositiveOrNonFiniteDtReturnsInvalidConfiguration .............................................   Passed    0.02 sec
          Start 2003: AlphaAdvectionValidation.GridRefinementReducesInterfaceSmearing
1856/2043 Test #1793: CompressibleSimpleTest.InvalidSettingsReportInvalidConfiguration .........................................   Passed    0.03 sec
          Start 1799: CompressibleSimpleSettingsTest.RejectsOutOfRangeRelaxation
1857/2043 Test #1783: CompressibleRelaxedMomentumTest.RejectsNonPositivePseudoTimeStep .........................................   Passed    0.03 sec
          Start 1725: SecondPressureCorrectionTest.DeterministicReferenceCellRowIsPreserved
1858/2043 Test #1777: AlePisoConservation.StationaryStepMassResidualIsTheContinuityResidualBitForBit ...........................   Passed    0.04 sec
          Start 1733: FinalCorrectionTest.TwoCellPartialFirstCorrectionPlusSecondReconstructsFullSingleCorrection
1859/2043 Test #2003: AlphaAdvectionValidation.GridRefinementReducesInterfaceSmearing ..........................................   Passed    0.04 sec
          Start 1411: CaseSessionTest.StartsEmpty
1860/2043 Test #1799: CompressibleSimpleSettingsTest.RejectsOutOfRangeRelaxation ...............................................   Passed    0.05 sec
          Start 1691: SIMPLE3D.ReducedSystemTwoByTwoByTwoMatchesHandDerivation
1861/2043 Test #1725: SecondPressureCorrectionTest.DeterministicReferenceCellRowIsPreserved ....................................   Passed    0.03 sec
          Start 1422: CaseSessionTest.RunWithoutADirectoryFails
1862/2043 Test #1733: FinalCorrectionTest.TwoCellPartialFirstCorrectionPlusSecondReconstructsFullSingleCorrection ..............   Passed    0.04 sec
          Start 1780: CompressibleRelaxedMomentumTest.RelaxationMatchesHandDerivedPatankarFormula
1863/2043 Test #1411: CaseSessionTest.StartsEmpty ..............................................................................   Passed    0.03 sec
          Start 1765: PISOTurbulenceTest.ElevatedEddyViscosityChangesPredictedState
1864/2043 Test #1691: SIMPLE3D.ReducedSystemTwoByTwoByTwoMatchesHandDerivation .................................................   Passed    0.03 sec
          Start 1851: TwoMaterialConductionValidation.RepeatedSolveIsDeterministic
1865/2043 Test #1422: CaseSessionTest.RunWithoutADirectoryFails ................................................................   Passed    0.03 sec
          Start 1715: TransientPressureCorrectionTest.RepeatedPipelineRunIsBitIdentical
1866/2043 Test #1780: CompressibleRelaxedMomentumTest.RelaxationMatchesHandDerivedPatankarFormula ..............................   Passed    0.03 sec
          Start 2040: BackwardFacingStep.ReattachmentDetection
1867/2043 Test #1765: PISOTurbulenceTest.ElevatedEddyViscosityChangesPredictedState ............................................   Passed    0.03 sec
          Start  533: VectorGradientTest.MismatchedVelocitySizeThrows
1868/2043 Test #1851: TwoMaterialConductionValidation.RepeatedSolveIsDeterministic .............................................   Passed    0.03 sec
          Start 1667: NonOrthogonalCorrectionPassesTest.PassesChangeOnlyTheRightHandSide
1869/2043 Test #1715: TransientPressureCorrectionTest.RepeatedPipelineRunIsBitIdentical ........................................   Passed    0.03 sec
          Start 1735: FinalCorrectionTest.WallNormalBoundaryFluxStaysExactlyZeroInFinalState
1870/2043 Test #2040: BackwardFacingStep.ReattachmentDetection .................................................................   Passed    0.03 sec
          Start  412: GradientSchemeTest.RejectsInvalidName
1871/2043 Test  #533: VectorGradientTest.MismatchedVelocitySizeThrows ..........................................................   Passed    0.03 sec
          Start  571: GradientBoundaryConsistency.LinearFieldErrorOnWarpedFacesIsTheFaceQuadratureDefect
1872/2043 Test #1667: NonOrthogonalCorrectionPassesTest.PassesChangeOnlyTheRightHandSide .......................................   Passed    0.03 sec
          Start 1745: PisoTest.OneStepResultIsFiniteOnCavity
1873/2043 Test #1735: FinalCorrectionTest.WallNormalBoundaryFluxStaysExactlyZeroInFinalState ...................................   Passed    0.03 sec
          Start 1742: PisoTest.OneStepMatchesIndependentManualPipelineBitIdentical
1874/2043 Test  #571: GradientBoundaryConsistency.LinearFieldErrorOnWarpedFacesIsTheFaceQuadratureDefect .......................   Passed    0.03 sec
          Start 1705: TransientMomentumAssemblyTest.RejectsMassFluxSizeMismatch
1875/2043 Test  #412: GradientSchemeTest.RejectsInvalidName ....................................................................   Passed    0.05 sec
          Start  300: BiCGSTABBreakdown.TrueBreakdownWithoutProgressIsReported
1876/2043 Test #1745: PisoTest.OneStepResultIsFiniteOnCavity ...................................................................   Passed    0.05 sec
          Start 1736: FinalCorrectionTest.FinalContinuityIsEvaluatedFromF2NotF1OrFStar
1877/2043 Test #1742: PisoTest.OneStepMatchesIndependentManualPipelineBitIdentical .............................................   Passed    0.04 sec
          Start 1727: SecondPressureCorrectionTest.RealPipelineTightFirstCorrectionGivesNearZeroSecondCorrection
1878/2043 Test #1705: TransientMomentumAssemblyTest.RejectsMassFluxSizeMismatch ................................................   Passed    0.03 sec
          Start 1781: CompressibleRelaxedMomentumTest.MismatchedVelocitySizeThrows
1879/2043 Test  #300: BiCGSTABBreakdown.TrueBreakdownWithoutProgressIsReported .................................................   Passed    0.03 sec
          Start 1964: RestartIOTest.ReadRejectsInvalidDeltaT
1880/2043 Test #1736: FinalCorrectionTest.FinalContinuityIsEvaluatedFromF2NotF1OrFStar .........................................   Passed    0.02 sec
          Start 1712: TransientPressureCorrectionTest.TwoCellProbeWithTransientDiagonalMatchesHandDerivation
1881/2043 Test #1727: SecondPressureCorrectionTest.RealPipelineTightFirstCorrectionGivesNearZeroSecondCorrection ...............   Passed    0.03 sec
          Start  682: CaseReaderTest.InvalidGradientSchemeValueThrowsCaseConfigurationError
1882/2043 Test #1781: CompressibleRelaxedMomentumTest.MismatchedVelocitySizeThrows .............................................   Passed    0.02 sec
          Start 1719: CorrectionApplicationTest.ContinuityImprovesAfterCorrection
1883/2043 Test #1964: RestartIOTest.ReadRejectsInvalidDeltaT ...................................................................   Passed    0.03 sec
          Start 1724: SecondPressureCorrectionTest.FullFirstCorrectionGivesExactlyZeroSecondCorrection
1884/2043 Test #1712: TransientPressureCorrectionTest.TwoCellProbeWithTransientDiagonalMatchesHandDerivation ...................   Passed    0.02 sec
          Start 1959: RestartIOTest.ReadRejectsDifferentMeshWithSameCounts
1885/2043 Test  #682: CaseReaderTest.InvalidGradientSchemeValueThrowsCaseConfigurationError ....................................   Passed    0.02 sec
          Start 1748: PisoTest.TinyLidDrivenCavityOneStepConservesMassNearMachineZero
1886/2043 Test #1719: CorrectionApplicationTest.ContinuityImprovesAfterCorrection ..............................................   Passed    0.02 sec
          Start 1961: RestartIOTest.ReadRejectsIncompatiblePressureArrayLength
1887/2043 Test #1724: SecondPressureCorrectionTest.FullFirstCorrectionGivesExactlyZeroSecondCorrection .........................   Passed    0.02 sec
          Start 1698: TransientMomentumTermTest.DiagonalGetsTimeCoefficientAddedExactly
1888/2043 Test #1959: RestartIOTest.ReadRejectsDifferentMeshWithSameCounts .....................................................   Passed    0.02 sec
          Start 1647: SIMPLEBuoyancyTest.RejectsMismatchedTemperatureSize
1889/2043 Test #1748: PisoTest.TinyLidDrivenCavityOneStepConservesMassNearMachineZero ..........................................   Passed    0.03 sec
          Start 1673: PressureCorrectionNonOrthogonalTest.DegenerateGeometryRejected
1890/2043 Test #1961: RestartIOTest.ReadRejectsIncompatiblePressureArrayLength .................................................   Passed    0.03 sec
          Start 1666: NonOrthogonalCorrectionPassesTest.PassesExecuteAndTheCorrectorIterationConverges
1891/2043 Test #1698: TransientMomentumTermTest.DiagonalGetsTimeCoefficientAddedExactly ........................................   Passed    0.04 sec
          Start 1747: PisoTest.TwoCellClosedDomainAtRestStaysAtRestAndConservesMassExactly
1892/2043 Test #1647: SIMPLEBuoyancyTest.RejectsMismatchedTemperatureSize ......................................................   Passed    0.04 sec
          Start 1670: PressureCorrectionNonOrthogonalTest.NonOrthogonalInternalFace
1893/2043 Test #1673: PressureCorrectionNonOrthogonalTest.DegenerateGeometryRejected ...........................................   Passed    0.03 sec
          Start 1713: TransientPressureCorrectionTest.FullPipelineFromRestReturnsFinitePressureCorrection
1894/2043 Test #1666: NonOrthogonalCorrectionPassesTest.PassesExecuteAndTheCorrectorIterationConverges .........................   Passed    0.03 sec
          Start 1708: TransientMomentumPredictorProbeTest.PredictorFluxIsFiniteAndRespectsWallImpermeability
1895/2043 Test #1747: PisoTest.TwoCellClosedDomainAtRestStaysAtRestAndConservesMassExactly .....................................   Passed    0.03 sec
          Start 1955: RestartIOTest.ReadRejectsMalformedJsonSyntax
1896/2043 Test #1670: PressureCorrectionNonOrthogonalTest.NonOrthogonalInternalFace ............................................   Passed    0.05 sec
          Start 2007: SinglePhaseEquivalenceTest.AlphaOneReducesToPurePhase1MomentumAssemblyExactly
1897/2043 Test #1713: TransientPressureCorrectionTest.FullPipelineFromRestReturnsFinitePressureCorrection ......................   Passed    0.05 sec
          Start 1952: RestartIOTest.WriteThenReadRoundTripsExactly
1898/2043 Test #1708: TransientMomentumPredictorProbeTest.PredictorFluxIsFiniteAndRespectsWallImpermeability ...................   Passed    0.06 sec
          Start 1709: TransientMomentumPredictorProbeTest.RepeatedPredictorSolveIsBitIdentical
1899/2043 Test #1955: RestartIOTest.ReadRejectsMalformedJsonSyntax .............................................................   Passed    0.05 sec
          Start 1668: NonOrthogonalCorrectionPassesTest.Deterministic
1900/2043 Test #2007: SinglePhaseEquivalenceTest.AlphaOneReducesToPurePhase1MomentumAssemblyExactly ............................   Passed    0.04 sec
          Start 1669: PressureCorrectionNonOrthogonalTest.CartesianCompatibility
1901/2043 Test #1952: RestartIOTest.WriteThenReadRoundTripsExactly .............................................................   Passed    0.03 sec
          Start 1940: LidDrivenCube3DProductionCase.CentrelineSamplerIsExactForLinearFields
1902/2043 Test #1709: TransientMomentumPredictorProbeTest.RepeatedPredictorSolveIsBitIdentical .................................   Passed    0.03 sec
          Start 2004: PhaseConservationTest.ClosedDomainConservesPhaseVolumeWithCirculatingInternalFlux
1903/2043 Test #1668: NonOrthogonalCorrectionPassesTest.Deterministic ..........................................................   Passed    0.03 sec
          Start 1726: SecondPressureCorrectionTest.FullPipelineSecondCorrectionIsFiniteAndConverged
1904/2043 Test #1669: PressureCorrectionNonOrthogonalTest.CartesianCompatibility ...............................................   Passed    0.03 sec
          Start 1671: PressureCorrectionNonOrthogonalTest.NonOrthogonalConservation
1905/2043 Test #1940: LidDrivenCube3DProductionCase.CentrelineSamplerIsExactForLinearFields ....................................   Passed    0.03 sec
          Start 1773: AlePisoMovingWall.InconsistentWallMotionIsRefusedAndTheMeshReverted
1906/2043 Test #2004: PhaseConservationTest.ClosedDomainConservesPhaseVolumeWithCirculatingInternalFlux ........................   Passed    0.02 sec
          Start 1738: FinalCorrectionTest.RealPipelineSecondCorrectionIsEffectivelyIdempotentAfterFullFirst
1907/2043 Test #1726: SecondPressureCorrectionTest.FullPipelineSecondCorrectionIsFiniteAndConverged ............................   Passed    0.03 sec
          Start 1717: CorrectionApplicationTest.ZeroPressureCorrectionLeavesEverythingUnchanged
1908/2043 Test #1671: PressureCorrectionNonOrthogonalTest.NonOrthogonalConservation ............................................   Passed    0.03 sec
          Start 1994: SpeciesConservationTest.ClosedZeroFluxDomainWithConvectionAlsoConservesForAnyField
1909/2043 Test #1773: AlePisoMovingWall.InconsistentWallMotionIsRefusedAndTheMeshReverted ......................................   Passed    0.03 sec
          Start 1672: PressureCorrectionNonOrthogonalTest.NonOrthogonalBoundary
1910/2043 Test #1738: FinalCorrectionTest.RealPipelineSecondCorrectionIsEffectivelyIdempotentAfterFullFirst ....................   Passed    0.03 sec
          Start  401: InterpolationTest.LinearFieldPhiYIsExactAtEveryFace
1911/2043 Test #1717: CorrectionApplicationTest.ZeroPressureCorrectionLeavesEverythingUnchanged ................................   Passed    0.03 sec
          Start  413: GradientSchemeTest.NameRoundTripsThroughParse
1912/2043 Test #1994: SpeciesConservationTest.ClosedZeroFluxDomainWithConvectionAlsoConservesForAnyField .......................   Passed    0.03 sec
          Start 1956: RestartIOTest.ReadRejectsTruncatedFile
1913/2043 Test #1672: PressureCorrectionNonOrthogonalTest.NonOrthogonalBoundary ................................................   Passed    0.03 sec
          Start 1776: AlePisoTransient.RefusesA3DMeshLikePiso
1914/2043 Test  #401: InterpolationTest.LinearFieldPhiYIsExactAtEveryFace ......................................................   Passed    0.03 sec
          Start 1704: TransientMomentumAssemblyTest.RejectsVelocityPressureSizeMismatch
1915/2043 Test  #413: GradientSchemeTest.NameRoundTripsThroughParse ............................................................   Passed    0.03 sec
          Start 1739: FinalCorrectionTest.PartialFirstCorrectionPlusSecondReconstructsFullSingleCorrectionRealMesh
1916/2043 Test #1956: RestartIOTest.ReadRejectsTruncatedFile ...................................................................   Passed    0.03 sec
          Start 1958: RestartIOTest.ReadRejectsWrongFormatVersion
1917/2043 Test #1776: AlePisoTransient.RefusesA3DMeshLikePiso ..................................................................   Passed    0.03 sec
          Start  419: SolveLeastSquaresGradientTest.IgnoresAZeroDistanceEntryRatherThanDividingByZero
1918/2043 Test #1704: TransientMomentumAssemblyTest.RejectsVelocityPressureSizeMismatch ........................................   Passed    0.02 sec
          Start 1960: RestartIOTest.ReadRejectsCellCountMismatch
1919/2043 Test #1739: FinalCorrectionTest.PartialFirstCorrectionPlusSecondReconstructsFullSingleCorrectionRealMesh .............   Passed    0.02 sec
          Start 1957: RestartIOTest.ReadRejectsMissingRequiredField
1920/2043 Test #1958: RestartIOTest.ReadRejectsWrongFormatVersion ..............................................................   Passed    0.03 sec
          Start  537: Operators3DTest.InterpolationIsExactForConstantAndLinearFields
1921/2043 Test  #419: SolveLeastSquaresGradientTest.IgnoresAZeroDistanceEntryRatherThanDividingByZero ..........................   Passed    0.03 sec
          Start 1701: TransientMomentumTermTest.RejectsSizeMismatch
1922/2043 Test #1960: RestartIOTest.ReadRejectsCellCountMismatch ...............................................................   Passed    0.03 sec
          Start 1703: TransientMomentumAssemblyTest.DiagonalIncludesExactTransientCoefficient
1923/2043 Test #1957: RestartIOTest.ReadRejectsMissingRequiredField ............................................................   Passed    0.03 sec
          Start 2039: BackwardFacingStep.Geometry
1924/2043 Test  #537: Operators3DTest.InterpolationIsExactForConstantAndLinearFields ...........................................   Passed    0.05 sec
          Start 2009: SinglePhaseEquivalenceTest.EqualPhasePropertiesDecoupleMomentumFromAlpha
1925/2043 Test #1701: TransientMomentumTermTest.RejectsSizeMismatch ............................................................   Passed    0.05 sec
          Start 1993: SpeciesConservationTest.ClosedZeroFluxDomainConservesSpeciesForAnyArbitraryField
1926/2043 Test #1703: TransientMomentumAssemblyTest.DiagonalIncludesExactTransientCoefficient ..................................   Passed    0.05 sec
          Start  569: GradientBoundaryConsistency.LinearFieldIsReproducedOnOrthogonalAndDistortedMeshes
1927/2043 Test #2039: BackwardFacingStep.Geometry ..............................................................................   Passed    0.02 sec
          Start 1870: SpeciesProductionCaseTest.MissingCaseDirectoryReportsInvalidCase
1928/2043 Test #2009: SinglePhaseEquivalenceTest.EqualPhasePropertiesDecoupleMomentumFromAlpha .................................   Passed    0.02 sec
          Start  570: GradientBoundaryConsistency.LinearFieldFixedPointIsExactOnPlanarFaced3DSkewedMesh
1929/2043 Test #1993: SpeciesConservationTest.ClosedZeroFluxDomainConservesSpeciesForAnyArbitraryField .........................   Passed    0.03 sec
          Start 2001: UniformAlphaPreservationTest.ZeroVelocityPreservesANonUniformFieldOverManySteps
1930/2043 Test  #569: GradientBoundaryConsistency.LinearFieldIsReproducedOnOrthogonalAndDistortedMeshes ........................   Passed    0.03 sec
          Start 2002: AlphaAdvectionValidation.SlugTranslatesDownstreamWithApproximatelyCorrectDisplacement
1931/2043 Test #1870: SpeciesProductionCaseTest.MissingCaseDirectoryReportsInvalidCase .........................................   Passed    0.03 sec
          Start 1707: TransientMomentumPredictorProbeTest.PredictorVelocityIsFiniteFromRest
1932/2043 Test  #570: GradientBoundaryConsistency.LinearFieldFixedPointIsExactOnPlanarFaced3DSkewedMesh ........................   Passed    0.02 sec
          Start 1711: TransientPressureCorrectionTest.SmallerDeltaTGivesSmallerResponseCoefficientEverywhere
1933/2043 Test #2001: UniformAlphaPreservationTest.ZeroVelocityPreservesANonUniformFieldOverManySteps ..........................   Passed    0.02 sec
          Start  485: LinearUpwindFaceValueTest.ZeroGradientReturnsUpwindValueUnchanged
1934/2043 Test #2002: AlphaAdvectionValidation.SlugTranslatesDownstreamWithApproximatelyCorrectDisplacement ....................   Passed    0.02 sec
          Start  422: SolveLeastSquaresGradientTest.NeverProducesNonFiniteResultOnAcceptedInput
1935/2043 Test #1707: TransientMomentumPredictorProbeTest.PredictorVelocityIsFiniteFromRest ....................................   Passed    0.02 sec
          Start 1682: SIMPLERobustnessTest.InvalidRobustnessSettingsAreInvalidConfiguration
1936/2043 Test #1711: TransientPressureCorrectionTest.SmallerDeltaTGivesSmallerResponseCoefficientEverywhere ...................   Passed    0.03 sec
          Start 1665: NonOrthogonalCorrectionPassesTest.AtMostOnePassRunsNothing
1937/2043 Test  #485: LinearUpwindFaceValueTest.ZeroGradientReturnsUpwindValueUnchanged ........................................   Passed    0.02 sec
          Start 1636: SIMPLESSTTest.WallDistanceFieldIsSane
1938/2043 Test  #422: SolveLeastSquaresGradientTest.NeverProducesNonFiniteResultOnAcceptedInput ................................   Passed    0.04 sec
          Start 1775: AlePisoTransient.NumericalFailureRevertsTheMesh
1939/2043 Test #1682: SIMPLERobustnessTest.InvalidRobustnessSettingsAreInvalidConfiguration ....................................   Passed    0.03 sec
          Start  358: OutletTest.VelocityZeroGradientReturnsOwnerValue
1940/2043 Test #1665: NonOrthogonalCorrectionPassesTest.AtMostOnePassRunsNothing ...............................................   Passed    0.04 sec
          Start  698: CaseWriterTest.NonDefaultGradientSchemeRoundTrips
1941/2043 Test #1636: SIMPLESSTTest.WallDistanceFieldIsSane ....................................................................   Passed    0.02 sec
          Start 1605: VelocityCorrectionTest.DefaultGradientSchemeArgumentMatchesExplicitGreenGauss
1942/2043 Test #1775: AlePisoTransient.NumericalFailureRevertsTheMesh ..........................................................   Passed    0.03 sec
          Start 1686: SIMPLE3D.UniformFlowFluxIsExactOnEveryFaceOrientation
1943/2043 Test  #358: OutletTest.VelocityZeroGradientReturnsOwnerValue .........................................................   Passed    0.03 sec
          Start  530: VectorGradientTest.LinearShearFieldIsExactEverywhere
1944/2043 Test  #698: CaseWriterTest.NonDefaultGradientSchemeRoundTrips ........................................................   Passed    0.03 sec
          Start 1688: SIMPLE3D.RhieChowSeesTheCheckerboardTheLinearFluxCannot
1945/2043 Test #1605: VelocityCorrectionTest.DefaultGradientSchemeArgumentMatchesExplicitGreenGauss ............................   Passed    0.03 sec
          Start  411: GradientSchemeTest.ParsesBothValidNames
1946/2043 Test #1686: SIMPLE3D.UniformFlowFluxIsExactOnEveryFaceOrientation ....................................................   Passed    0.03 sec
          Start  402: InterpolationTest.BoundaryFaceUsesFixedValueNotOwnerValue
1947/2043 Test  #530: VectorGradientTest.LinearShearFieldIsExactEverywhere .....................................................   Passed    0.04 sec
          Start 1878: MultiphaseProductionCaseTest.MissingCaseDirectoryReportsInvalidCase
1948/2043 Test #1688: SIMPLE3D.RhieChowSeesTheCheckerboardTheLinearFluxCannot ..................................................   Passed    0.03 sec
          Start 1125: ThermalBoundaryConsistency.BoundaryDiffusionContributionIsExactPerConditionType
1949/2043 Test  #411: GradientSchemeTest.ParsesBothValidNames ..................................................................   Passed    0.04 sec
          Start 2033: MMS3DTest.ForcingMatchesFiniteDifferencesOfClosedForms
1950/2043 Test  #402: InterpolationTest.BoundaryFaceUsesFixedValueNotOwnerValue ................................................   Passed    0.04 sec
          Start 2008: SinglePhaseEquivalenceTest.AlphaZeroReducesToPurePhase2MomentumAssemblyExactly
1951/2043 Test #1878: MultiphaseProductionCaseTest.MissingCaseDirectoryReportsInvalidCase ......................................   Passed    0.04 sec
          Start 2036: MMSSimple3DTest.ForcingMatchesFiniteDifferencesOfClosedForms
1952/2043 Test #1125: ThermalBoundaryConsistency.BoundaryDiffusionContributionIsExactPerConditionType ..........................   Passed    0.04 sec
          Start  494: GridRefinementTest.GradientOfSmoothFieldConvergesAtSecondOrder
1953/2043 Test #2033: MMS3DTest.ForcingMatchesFiniteDifferencesOfClosedForms ...................................................   Passed    0.03 sec
          Start  420: SolveLeastSquaresGradientTest.NearlyColinearStencilIsAlsoRejected
1954/2043 Test #2008: SinglePhaseEquivalenceTest.AlphaZeroReducesToPurePhase2MomentumAssemblyExactly ...........................   Passed    0.02 sec
          Start  508: GridRefinementTest.LeastSquaresGradientDistortedConvergesAtSecondOrderInInterior
1955/2043 Test #2036: MMSSimple3DTest.ForcingMatchesFiniteDifferencesOfClosedForms .............................................   Passed    0.03 sec
          Start  400: InterpolationTest.LinearFieldPhiXIsExactAtEveryFace
1956/2043 Test  #494: GridRefinementTest.GradientOfSmoothFieldConvergesAtSecondOrder ...........................................   Passed    0.03 sec
          Start  568: GradientBoundaryConsistency.ConstantFieldGradientIsZeroWithinTheFloatingPointEnvelope
1957/2043 Test  #420: SolveLeastSquaresGradientTest.NearlyColinearStencilIsAlsoRejected ........................................   Passed    0.03 sec
          Start  575: GradientBoundaryConsistency.CellWithoutAnOppositeInteriorFaceFallsBackAndStaysExact
1958/2043 Test  #508: GridRefinementTest.LeastSquaresGradientDistortedConvergesAtSecondOrderInInterior .........................   Passed    0.03 sec
          Start 1921: MeshQualityCampaign.ManufacturedSolutionSatisfiesTheCaseBoundaryConditions
1959/2043 Test  #400: InterpolationTest.LinearFieldPhiXIsExactAtEveryFace ......................................................   Passed    0.02 sec
          Start 1585: SIMPLESettingsTest.NonOrthogonalOptionsFollowTheCorrectionCountAndGradientScheme
1960/2043 Test  #568: GradientBoundaryConsistency.ConstantFieldGradientIsZeroWithinTheFloatingPointEnvelope ....................   Passed    0.03 sec
          Start 2000: UniformAlphaPreservationTest.DivergenceFreeChannelFlowPreservesUniformAlphaOverManySteps
1961/2043 Test  #575: GradientBoundaryConsistency.CellWithoutAnOppositeInteriorFaceFallsBackAndStaysExact ......................   Passed    0.03 sec
          Start  410: GradientTest.DefaultSchemeArgumentMatchesExplicitGreenGauss
1962/2043 Test #1921: MeshQualityCampaign.ManufacturedSolutionSatisfiesTheCaseBoundaryConditions ...............................   Passed    0.03 sec
          Start  423: LeastSquaresTest.ConstantFieldHasZeroGradient
1963/2043 Test #1585: SIMPLESettingsTest.NonOrthogonalOptionsFollowTheCorrectionCountAndGradientScheme .........................   Passed    0.02 sec
          Start  399: InterpolationTest.ConstantFieldIsPreservedExactly
1964/2043 Test #2000: UniformAlphaPreservationTest.DivergenceFreeChannelFlowPreservesUniformAlphaOverManySteps .................   Passed    0.02 sec
          Start  407: GradientTest.PhiXGivesGradientOneZero
1965/2043 Test  #410: GradientTest.DefaultSchemeArgumentMatchesExplicitGreenGauss ..............................................   Passed    0.02 sec
          Start  507: GridRefinementTest.LeastSquaresGradientDistortedGlobalOrderReflectsBoundaryTreatment
1966/2043 Test  #423: LeastSquaresTest.ConstantFieldHasZeroGradient ............................................................   Passed    0.03 sec
          Start  680: CaseReaderTest.MissingGradientSchemeDefaultsToGreenGauss
1967/2043 Test  #399: InterpolationTest.ConstantFieldIsPreservedExactly ........................................................   Passed    0.02 sec
          Start 1128: ThermalBoundaryConsistency.SingularAllGradientCellReportsStatusInsteadOfThrowing
1968/2043 Test  #407: GradientTest.PhiXGivesGradientOneZero ....................................................................   Passed    0.03 sec
          Start  359: OutletTest.ScalarZeroGradientOutletIsFixedGradientZero
1969/2043 Test  #507: GridRefinementTest.LeastSquaresGradientDistortedGlobalOrderReflectsBoundaryTreatment .....................   Passed    0.03 sec
          Start  375: HeatFluxTest.PositiveFluxGivesHandDerivedNegativeGradient
1970/2043 Test  #680: CaseReaderTest.MissingGradientSchemeDefaultsToGreenGauss .................................................   Passed    0.02 sec
          Start  531: VectorGradientTest.UniformVelocityGivesZeroGradientEverywhere
1971/2043 Test #1128: ThermalBoundaryConsistency.SingularAllGradientCellReportsStatusInsteadOfThrowing .........................   Passed    0.02 sec
          Start  503: GridRefinementTest.LeastSquaresGradientCartesianGlobalOrderReflectsBoundaryTreatment
1972/2043 Test  #359: OutletTest.ScalarZeroGradientOutletIsFixedGradientZero ...................................................   Passed    0.02 sec
          Start  572: GradientBoundaryConsistency.QuadraticFieldIsExactOnAlignedCartesianMeshes
1973/2043 Test  #375: HeatFluxTest.PositiveFluxGivesHandDerivedNegativeGradient ................................................   Passed    0.03 sec
          Start  574: GradientBoundaryConsistency.GradientErrorIsContinuousInTheBoundaryMisalignment
1974/2043 Test  #531: VectorGradientTest.UniformVelocityGivesZeroGradientEverywhere ............................................   Passed    0.03 sec
          Start  576: GradientBoundaryConsistency.TwoBoundaryFacesClaimingOneOppositeFaceResolveDeterministically
1975/2043 Test  #503: GridRefinementTest.LeastSquaresGradientCartesianGlobalOrderReflectsBoundaryTreatment .....................   Passed    0.03 sec
          Start  405: InterpolationTest.SkewCorrectedInterpolationFallsBackOnDegenerateFace
1976/2043 Test  #572: GradientBoundaryConsistency.QuadraticFieldIsExactOnAlignedCartesianMeshes ................................   Passed    0.03 sec
          Start  536: ObliqueNeumannGradient.CartesianMeshUnchangedAndExact
1977/2043 Test  #574: GradientBoundaryConsistency.GradientErrorIsContinuousInTheBoundaryMisalignment ...........................   Passed    0.03 sec
          Start  415: SolveLeastSquaresGradientTest.ZeroDataGivesZeroGradient
1978/2043 Test  #405: InterpolationTest.SkewCorrectedInterpolationFallsBackOnDegenerateFace ....................................   Passed    0.03 sec
          Start  406: GradientTest.ConstantFieldHasZeroGradient
1979/2043 Test  #576: GradientBoundaryConsistency.TwoBoundaryFacesClaimingOneOppositeFaceResolveDeterministically ..............   Passed    0.04 sec
          Start  418: SolveLeastSquaresGradientTest.DetectsNoNeighborsAsIllConditioned
1980/2043 Test  #536: ObliqueNeumannGradient.CartesianMeshUnchangedAndExact ....................................................   Passed    0.03 sec
          Start  421: SolveLeastSquaresGradientTest.MismatchedSizesThrows
1981/2043 Test  #415: SolveLeastSquaresGradientTest.ZeroDataGivesZeroGradient ..................................................   Passed    0.03 sec
          Start  403: InterpolationTest.SkewCorrectedInterpolationIsExactForLinearFieldOnSkewedMesh
1982/2043 Test  #406: GradientTest.ConstantFieldHasZeroGradient ................................................................   Passed    0.02 sec
          Start  506: GridRefinementTest.GreenGaussGradientDistortedConvergesAtSecondOrderInInterior
1983/2043 Test  #418: SolveLeastSquaresGradientTest.DetectsNoNeighborsAsIllConditioned .........................................   Passed    0.03 sec
          Start  347: FixedGradientTest.ZeroGradientReturnsOwnerValue
1984/2043 Test  #421: SolveLeastSquaresGradientTest.MismatchedSizesThrows ......................................................   Passed    0.02 sec
          Start 1920: MeshQualityCampaign.ManufacturedForcingMatchesFiniteDifferences
1985/2043 Test  #403: InterpolationTest.SkewCorrectedInterpolationIsExactForLinearFieldOnSkewedMesh ............................   Passed    0.03 sec
          Start  348: FixedGradientTest.RejectsNonFiniteGradient
1986/2043 Test  #506: GridRefinementTest.GreenGaussGradientDistortedConvergesAtSecondOrderInInterior ...........................   Passed    0.02 sec
          Start 1072: EnergyEquationAssemblyTest.NonFiniteTemperatureAtGradientBoundaryThrowsNumericalError
1987/2043 Test  #347: FixedGradientTest.ZeroGradientReturnsOwnerValue ..........................................................   Passed    0.03 sec
          Start  535: ObliqueNeumannGradient.NonZeroPrescribedGradientsLinearFieldIsExact
1988/2043 Test #1920: MeshQualityCampaign.ManufacturedForcingMatchesFiniteDifferences ..........................................   Passed    0.03 sec
          Start 1127: ThermalBoundaryConsistency.ConjugateConductionPathIsConsistentToo
1989/2043 Test  #348: FixedGradientTest.RejectsNonFiniteGradient ...............................................................   Passed    0.03 sec
          Start  504: GridRefinementTest.LeastSquaresGradientCartesianConvergesAtSecondOrderInInterior
1990/2043 Test #1072: EnergyEquationAssemblyTest.NonFiniteTemperatureAtGradientBoundaryThrowsNumericalError ....................   Passed    0.03 sec
          Start  652: TabulatedPropertyTest.MidpointInterpolationMatchesHandWorkedValue
1991/2043 Test  #535: ObliqueNeumannGradient.NonZeroPrescribedGradientsLinearFieldIsExact ......................................   Passed    0.02 sec
          Start  414: SolveLeastSquaresGradientTest.ReconstructsExactGradientForConsistentLinearData
1992/2043 Test #1127: ThermalBoundaryConsistency.ConjugateConductionPathIsConsistentToo ........................................   Passed    0.02 sec
          Start  416: SolveLeastSquaresGradientTest.DetectsAColinearStencilAsIllConditioned
1993/2043 Test  #504: GridRefinementTest.LeastSquaresGradientCartesianConvergesAtSecondOrderInInterior .........................   Passed    0.03 sec
          Start  619: MomentumPressureTest.DefaultGradientSchemeArgumentMatchesExplicitGreenGauss
1994/2043 Test  #652: TabulatedPropertyTest.MidpointInterpolationMatchesHandWorkedValue ........................................   Passed    0.03 sec
          Start 1138: SparseAssembly3DTest.TwoCellsWithUpwindConvectionAndAZeroGradientOutlet
1995/2043 Test  #414: SolveLeastSquaresGradientTest.ReconstructsExactGradientForConsistentLinearData ...........................   Passed    0.03 sec
          Start  205: MeshMotionEvidence.DumpSinusoidalGeometryForIndependentCheck
1996/2043 Test  #205: MeshMotionEvidence.DumpSinusoidalGeometryForIndependentCheck .............................................***Not Run (Disabled)   0.00 sec
          Start 1808: CavityGhiaValidation.Grid40x40ConvergesAndMatchesGhia
1997/2043 Test #1808: CavityGhiaValidation.Grid40x40ConvergesAndMatchesGhia ....................................................***Not Run (Disabled)   0.00 sec
          Start 1809: CavityGhiaValidation.Grid80x80ConvergesAndMatchesGhia
1998/2043 Test #1809: CavityGhiaValidation.Grid80x80ConvergesAndMatchesGhia ....................................................***Not Run (Disabled)   0.00 sec
          Start 1810: CavityGhiaValidation.GridConvergence
1999/2043 Test #1810: CavityGhiaValidation.GridConvergence .....................................................................***Not Run (Disabled)   0.00 sec
          Start 1813: CavityGhiaValidation.Re100Grid40
2000/2043 Test #1813: CavityGhiaValidation.Re100Grid40 .........................................................................***Not Run (Disabled)   0.00 sec
          Start 1814: CavityGhiaValidation.Re100Grid80
2001/2043 Test #1814: CavityGhiaValidation.Re100Grid80 .........................................................................***Not Run (Disabled)   0.00 sec
          Start 1815: CavityGhiaValidation.Re100Grid160
2002/2043 Test #1815: CavityGhiaValidation.Re100Grid160 ........................................................................***Not Run (Disabled)   0.00 sec
          Start 1816: CavityGhiaValidation.Re1000Grid40
2003/2043 Test #1816: CavityGhiaValidation.Re1000Grid40 ........................................................................***Not Run (Disabled)   0.00 sec
          Start 1817: CavityGhiaValidation.Re1000Grid80
2004/2043 Test #1817: CavityGhiaValidation.Re1000Grid80 ........................................................................***Not Run (Disabled)   0.00 sec
          Start 1818: CavityGhiaValidation.Re1000Grid160
2005/2043 Test #1818: CavityGhiaValidation.Re1000Grid160 .......................................................................***Not Run (Disabled)   0.00 sec
          Start 1819: CavityGhiaValidation.Re100Study
2006/2043 Test #1819: CavityGhiaValidation.Re100Study ..........................................................................***Not Run (Disabled)   0.00 sec
          Start 1820: CavityGhiaValidation.Re1000Study
2007/2043 Test #1820: CavityGhiaValidation.Re1000Study .........................................................................***Not Run (Disabled)   0.00 sec
          Start 1826: SchemeValidation.AccuracyCostComparisonFull
2008/2043 Test #1826: SchemeValidation.AccuracyCostComparisonFull ..............................................................***Not Run (Disabled)   0.00 sec
          Start 1830: PoiseuilleValidation.Grid128x16ConvergesAndMatchesAnalyticalProfile
2009/2043 Test #1830: PoiseuilleValidation.Grid128x16ConvergesAndMatchesAnalyticalProfile ......................................***Not Run (Disabled)   0.00 sec
          Start 1831: PoiseuilleValidation.Grid256x32ConvergesAndMatchesAnalyticalProfile
2010/2043 Test #1831: PoiseuilleValidation.Grid256x32ConvergesAndMatchesAnalyticalProfile ......................................***Not Run (Disabled)   0.00 sec
          Start 1860: NaturalConvectionValidation.Grid20x20MatchesDeVahlDavisRa1e3
2011/2043 Test #1860: NaturalConvectionValidation.Grid20x20MatchesDeVahlDavisRa1e3 .............................................***Not Run (Disabled)   0.00 sec
          Start 1866: CaseLidDrivenCavityIntegrationTest.ProductionCaseLoadsBuildsAndConverges
2012/2043 Test #1866: CaseLidDrivenCavityIntegrationTest.ProductionCaseLoadsBuildsAndConverges .................................***Not Run (Disabled)   0.00 sec
          Start 1925: MeshQualityCampaign.DegradationD1NonOrthogonality
2013/2043 Test #1925: MeshQualityCampaign.DegradationD1NonOrthogonality ........................................................***Not Run (Disabled)   0.00 sec
          Start 1926: MeshQualityCampaign.DegradationD2Irregularity
2014/2043 Test #1926: MeshQualityCampaign.DegradationD2Irregularity ............................................................***Not Run (Disabled)   0.00 sec
          Start 1927: MeshQualityCampaign.DegradationD3AspectRatio
2015/2043 Test #1927: MeshQualityCampaign.DegradationD3AspectRatio .............................................................***Not Run (Disabled)   0.00 sec
          Start 1928: MeshQualityCampaign.DegradationD4Expansion
2016/2043 Test #1928: MeshQualityCampaign.DegradationD4Expansion ...............................................................***Not Run (Disabled)   0.00 sec
          Start 1929: MeshQualityCampaign.ManufacturedSolutionCartesian
2017/2043 Test #1929: MeshQualityCampaign.ManufacturedSolutionCartesian ........................................................***Not Run (Disabled)   0.00 sec
          Start 1930: MeshQualityCampaign.ManufacturedSolutionSmoothCorrected
2018/2043 Test #1930: MeshQualityCampaign.ManufacturedSolutionSmoothCorrected ..................................................***Not Run (Disabled)   0.00 sec
          Start 1931: MeshQualityCampaign.ManufacturedSolutionSmoothUncorrected
2019/2043 Test #1931: MeshQualityCampaign.ManufacturedSolutionSmoothUncorrected ................................................***Not Run (Disabled)   0.00 sec
          Start 1932: MeshQualityCampaign.GridConvergenceIrregularFamily
2020/2043 Test #1932: MeshQualityCampaign.GridConvergenceIrregularFamily .......................................................***Not Run (Disabled)   0.00 sec
          Start 1935: Duct3DProductionCase.DuctLevel8
2021/2043 Test #1935: Duct3DProductionCase.DuctLevel8 ..........................................................................***Not Run (Disabled)   0.00 sec
          Start 1936: Duct3DProductionCase.DuctLevel16
2022/2043 Test #1936: Duct3DProductionCase.DuctLevel16 .........................................................................***Not Run (Disabled)   0.00 sec
          Start 1937: Duct3DProductionCase.DuctLevel24
2023/2043 Test #1937: Duct3DProductionCase.DuctLevel24 .........................................................................***Not Run (Disabled)   0.00 sec
          Start 1938: Duct3DProductionCase.DuctGate
2024/2043 Test #1938: Duct3DProductionCase.DuctGate ............................................................................***Not Run (Disabled)   0.00 sec
          Start 1939: Duct3DProductionCase.DirectionalSymmetry
2025/2043 Test #1939: Duct3DProductionCase.DirectionalSymmetry .................................................................***Not Run (Disabled)   0.00 sec
          Start 1942: LidDrivenCube3DProductionCase.CubeLevel32
2026/2043 Test #1942: LidDrivenCube3DProductionCase.CubeLevel32 ................................................................***Not Run (Disabled)   0.00 sec
          Start 1943: LidDrivenCube3DProductionCase.CubeLevel48
2027/2043 Test #1943: LidDrivenCube3DProductionCase.CubeLevel48 ................................................................***Not Run (Disabled)   0.00 sec
          Start 1944: LidDrivenCube3DProductionCase.CubeLevel64
2028/2043 Test #1944: LidDrivenCube3DProductionCase.CubeLevel64 ................................................................***Not Run (Disabled)   0.00 sec
          Start 1945: LidDrivenCube3DProductionCase.CubeGate
2029/2043 Test #1945: LidDrivenCube3DProductionCase.CubeGate ...................................................................***Not Run (Disabled)   0.00 sec
          Start 1970: ChannelFlowValidation.KEpsilonFineConvergesAndMatchesLogLaw
2030/2043 Test #1970: ChannelFlowValidation.KEpsilonFineConvergesAndMatchesLogLaw ..............................................***Not Run (Disabled)   0.00 sec
          Start 1973: ChannelFlowValidation.KOmegaFineConvergesAndMatchesLogLaw
2031/2043 Test #1973: ChannelFlowValidation.KOmegaFineConvergesAndMatchesLogLaw ................................................***Not Run (Disabled)   0.00 sec
          Start 1976: ChannelFlowValidation.SSTFineConvergesAndMatchesLogLaw
2032/2043 Test #1976: ChannelFlowValidation.SSTFineConvergesAndMatchesLogLaw ...................................................***Not Run (Disabled)   0.00 sec
          Start 1977: ChannelFlowValidation.KEpsilonGridRefinementReducesReTauError
2033/2043 Test #1977: ChannelFlowValidation.KEpsilonGridRefinementReducesReTauError ............................................***Not Run (Disabled)   0.00 sec
          Start 1984: TurbulentChannelValidation.Study
2034/2043 Test #1984: TurbulentChannelValidation.Study .........................................................................***Not Run (Disabled)   0.00 sec
          Start 2031: SIMPLEMMS.FineGridStudy
2035/2043 Test #2031: SIMPLEMMS.FineGridStudy ..................................................................................***Not Run (Disabled)   0.00 sec
          Start 2035: MMS3DTest.OperatorRefinementStudy
2036/2043 Test #2035: MMS3DTest.OperatorRefinementStudy ........................................................................***Not Run (Disabled)   0.00 sec
          Start 2038: MMSSimple3DTest.RefinementStudy
2037/2043 Test #2038: MMSSimple3DTest.RefinementStudy ..........................................................................***Not Run (Disabled)   0.00 sec
          Start 2041: BackwardFacingStep.Converges
2038/2043 Test #2041: BackwardFacingStep.Converges .............................................................................***Not Run (Disabled)   0.00 sec
          Start 2042: BackwardFacingStep.MassConservation
2039/2043 Test #2042: BackwardFacingStep.MassConservation ......................................................................***Not Run (Disabled)   0.00 sec
          Start 2043: BackwardFacingStep.ReattachmentLength
2040/2043 Test #2043: BackwardFacingStep.ReattachmentLength ....................................................................***Not Run (Disabled)   0.00 sec
2041/2043 Test  #416: SolveLeastSquaresGradientTest.DetectsAColinearStencilAsIllConditioned ....................................   Passed    0.36 sec
2042/2043 Test  #619: MomentumPressureTest.DefaultGradientSchemeArgumentMatchesExplicitGreenGauss ..............................   Passed    0.35 sec
2043/2043 Test #1138: SparseAssembly3DTest.TwoCellsWithUpwindConvectionAndAZeroGradientOutlet ..................................   Passed    0.35 sec

100% tests passed, 0 tests failed out of 1998

Label Time Summary:
integration    =   6.03 sec*proc (39 tests)
numerical      =  30.13 sec*proc (567 tests)
solver         = 133.89 sec*proc (232 tests)
unit           =  37.83 sec*proc (990 tests)
validation     = 1379.08 sec*proc (215 tests)

Total Test time (real) = 400.61 sec

The following tests did not run:
	205 - MeshMotionEvidence.DumpSinusoidalGeometryForIndependentCheck (Disabled)
	1808 - CavityGhiaValidation.Grid40x40ConvergesAndMatchesGhia (Disabled)
	1809 - CavityGhiaValidation.Grid80x80ConvergesAndMatchesGhia (Disabled)
	1810 - CavityGhiaValidation.GridConvergence (Disabled)
	1813 - CavityGhiaValidation.Re100Grid40 (Disabled)
	1814 - CavityGhiaValidation.Re100Grid80 (Disabled)
	1815 - CavityGhiaValidation.Re100Grid160 (Disabled)
	1816 - CavityGhiaValidation.Re1000Grid40 (Disabled)
	1817 - CavityGhiaValidation.Re1000Grid80 (Disabled)
	1818 - CavityGhiaValidation.Re1000Grid160 (Disabled)
	1819 - CavityGhiaValidation.Re100Study (Disabled)
	1820 - CavityGhiaValidation.Re1000Study (Disabled)
	1826 - SchemeValidation.AccuracyCostComparisonFull (Disabled)
	1830 - PoiseuilleValidation.Grid128x16ConvergesAndMatchesAnalyticalProfile (Disabled)
	1831 - PoiseuilleValidation.Grid256x32ConvergesAndMatchesAnalyticalProfile (Disabled)
	1860 - NaturalConvectionValidation.Grid20x20MatchesDeVahlDavisRa1e3 (Disabled)
	1866 - CaseLidDrivenCavityIntegrationTest.ProductionCaseLoadsBuildsAndConverges (Disabled)
	1925 - MeshQualityCampaign.DegradationD1NonOrthogonality (Disabled)
	1926 - MeshQualityCampaign.DegradationD2Irregularity (Disabled)
	1927 - MeshQualityCampaign.DegradationD3AspectRatio (Disabled)
	1928 - MeshQualityCampaign.DegradationD4Expansion (Disabled)
	1929 - MeshQualityCampaign.ManufacturedSolutionCartesian (Disabled)
	1930 - MeshQualityCampaign.ManufacturedSolutionSmoothCorrected (Disabled)
	1931 - MeshQualityCampaign.ManufacturedSolutionSmoothUncorrected (Disabled)
	1932 - MeshQualityCampaign.GridConvergenceIrregularFamily (Disabled)
	1935 - Duct3DProductionCase.DuctLevel8 (Disabled)
	1936 - Duct3DProductionCase.DuctLevel16 (Disabled)
	1937 - Duct3DProductionCase.DuctLevel24 (Disabled)
	1938 - Duct3DProductionCase.DuctGate (Disabled)
	1939 - Duct3DProductionCase.DirectionalSymmetry (Disabled)
	1942 - LidDrivenCube3DProductionCase.CubeLevel32 (Disabled)
	1943 - LidDrivenCube3DProductionCase.CubeLevel48 (Disabled)
	1944 - LidDrivenCube3DProductionCase.CubeLevel64 (Disabled)
	1945 - LidDrivenCube3DProductionCase.CubeGate (Disabled)
	1970 - ChannelFlowValidation.KEpsilonFineConvergesAndMatchesLogLaw (Disabled)
	1973 - ChannelFlowValidation.KOmegaFineConvergesAndMatchesLogLaw (Disabled)
	1976 - ChannelFlowValidation.SSTFineConvergesAndMatchesLogLaw (Disabled)
	1977 - ChannelFlowValidation.KEpsilonGridRefinementReducesReTauError (Disabled)
	1984 - TurbulentChannelValidation.Study (Disabled)
	2031 - SIMPLEMMS.FineGridStudy (Disabled)
	2035 - MMS3DTest.OperatorRefinementStudy (Disabled)
	2038 - MMSSimple3DTest.RefinementStudy (Disabled)
	2041 - BackwardFacingStep.Converges (Disabled)
	2042 - BackwardFacingStep.MassConservation (Disabled)
	2043 - BackwardFacingStep.ReattachmentLength (Disabled)
