iteration,u_residual,v_residual,p_residual,continuity_residual,global_mass_imbalance
1,0.00000000000000000e+00,1.32368867224017484e+00,2.04637352094532737e-01,6.12946168668255615e-11,4.35669555987061585e-12
2,3.82858000469423754e+00,3.81159018248791348e+00,1.24923604102369371e-01,3.70377812765431136e-11,4.35669555987061585e-12
3,6.21122578766089783e-01,5.70714639209658037e-01,5.06953589025133863e-02,1.51160012327184479e-11,4.35669555987061585e-12
4,2.82391887754748550e-01,2.27811887862385043e-01,3.41657865990918699e-02,9.12037089376517052e-12,4.35669555987061585e-12
5,1.86411326874631383e-01,1.57752381914029738e-01,2.50344287784927920e-02,6.45959295739997193e-12,4.35669555987061585e-12
6,1.38229075427093118e-01,1.21313433655648603e-01,1.91012311264626145e-02,5.51725252380628506e-12,4.35669555987061585e-12
7,1.08232847594165044e-01,9.62369155183151193e-02,1.53395905078514538e-02,4.53977579270603795e-12,4.35669555987061585e-12
8,8.68493649927857825e-02,7.75490061377977768e-02,1.28939200515142526e-02,3.28691708294912392e-12,4.35669555987061585e-12
9,7.06291750212769270e-02,6.31252324393388881e-02,1.12493129711737812e-02,3.23551063268091459e-12,4.35669555987061585e-12
10,5.79219296302865144e-02,5.17698157615677779e-02,1.00764967455512378e-02,2.91542705672256605e-12,4.35669555987061585e-12
11,4.77810995411896144e-02,4.27192653111397799e-02,9.18397194412622943e-03,2.83464758300415671e-12,4.35669555987061585e-12
12,3.95968726728917614e-02,3.54704958462765813e-02,8.47118566234450476e-03,2.39598184023330555e-12,4.35669555987061585e-12
13,3.29159623782027538e-02,2.96444443647168564e-02,7.87438543118068948e-03,2.73016758564685581e-12,4.35669555987061585e-12
14,2.74829488217868644e-02,2.49580293405176831e-02,7.36699973698665307e-03,2.51171086405984504e-12,4.35669555987061585e-12
15,2.30780970809452354e-02,2.11795250832539778e-02,6.93407312294626928e-03,2.98643489402449474e-12,4.35669555987061585e-12
16,1.94995086436479670e-02,1.81333097127722338e-02,6.56308854019342549e-03,2.63592983588276857e-12,4.35669555987061585e-12
17,1.65956772428068437e-02,1.56737609821089273e-02,6.24274508343304353e-03,2.69617415084550398e-12,4.35669555987061585e-12
18,1.42376914413855672e-02,1.36722952101916775e-02,5.96275135431251213e-03,2.73488249913463133e-12,4.35669555987061585e-12
19,1.23290825310966440e-02,1.20428442762504917e-02,5.71533755787934517e-03,2.84041064737452831e-12,4.35669555987061585e-12
20,1.07936542456211065e-02,1.07190621296294232e-02,5.49644930947795068e-03,2.50756861086028447e-12,4.35669555987061585e-12
21,9.55749019044801855e-03,9.63524126225041681e-03,5.30181411248657145e-03,2.78306337313763273e-12,4.35669555987061585e-12
22,8.56034055558187179e-03,8.74145137390722367e-03,5.12767767815939472e-03,2.60125941574743821e-12,4.35669555987061585e-12
23,7.75802835875937392e-03,7.99854606764141551e-03,4.97138479261695874e-03,2.52336849787712893e-12,4.35669555987061585e-12
24,7.10791044821859619e-03,7.37537476563096019e-03,4.83032650236814298e-03,2.47760950736212808e-12,4.35669555987061585e-12
25,6.57489020664494932e-03,6.84771239557900764e-03,4.70221571475394531e-03,2.37420699410322543e-12,4.35669555987061585e-12
26,6.13524602884050162e-03,6.39660173094190685e-03,4.58528172028221503e-03,3.00028859302627929e-12,4.35669555987061585e-12
27,5.76198379711747189e-03,6.00733523863542992e-03,4.47762577204344637e-03,2.74700680640712393e-12,4.35669555987061585e-12
28,5.44768990032149306e-03,5.66793904246555569e-03,4.37833625014537407e-03,2.50322998448605356e-12,4.35669555987061585e-12
29,5.17791951494453884e-03,5.36923310389295170e-03,4.28644778669892181e-03,2.78150692367677049e-12,4.35669555987061585e-12
30,4.94371093718127142e-03,5.10431737253080192e-03,4.20111055690662680e-03,2.85105116322128243e-12,4.35669555987061585e-12
31,4.73304241527344651e-03,4.86781722752936859e-03,4.12139975304199636e-03,2.95158848955013351e-12,4.35669555987061585e-12
32,4.54834773828992778e-03,4.65516934621613195e-03,4.04690790900856349e-03,2.58687384080267577e-12,4.35669555987061585e-12
33,4.38283266660898993e-03,4.46303564046866916e-03,3.97710358479578738e-03,3.03102304081245393e-12,4.35669555987061585e-12
34,4.22692453993541838e-03,4.28873442615571813e-03,3.91121941363907748e-03,2.83948137353584096e-12,4.35669555987061585e-12
35,4.08627652091818686e-03,4.12953274809397652e-03,3.84896696829980633e-03,2.88218707176704070e-12,4.35669555987061585e-12
36,3.95261995706778797e-03,3.98355484176836274e-03,3.78979689241293544e-03,2.98037420595219636e-12,4.35669555987061585e-12
37,3.83241535246900671e-03,3.85035964083784181e-03,3.73375714609290631e-03,2.98925216294599540e-12,4.35669555987061585e-12
38,3.71679998934387355e-03,3.72364955118476958e-03,3.68035385265193509e-03,2.95865689882519801e-12,4.35669555987061585e-12
39,3.61275634808189009e-03,3.60597717210841802e-03,3.62945676989818392e-03,2.93348349888079488e-12,4.35669555987061585e-12
40,3.51770457809391342e-03,3.49890466641309197e-03,3.58109408859044308e-03,2.86916364489872501e-12,4.35669555987061585e-12
41,3.42994446060891113e-03,3.40023299144523493e-03,3.53512273072401290e-03,2.84168701112941673e-12,4.35669555987061585e-12
42,3.34819190483500459e-03,3.30892916565234119e-03,3.49136260796949682e-03,2.75138757519209843e-12,4.35669555987061585e-12
43,3.27083660789702574e-03,3.22404176022542382e-03,3.44960120791986671e-03,2.72637974675979036e-12,4.35669555987061585e-12
44,3.19902174426647118e-03,3.14532513036623563e-03,3.40974774601851419e-03,2.67286121865336495e-12,4.35669555987061585e-12
45,3.12917127756723833e-03,3.07219731583949565e-03,3.37159321186725203e-03,2.60833690058618146e-12,4.35669555987061585e-12
46,3.06313778575818124e-03,3.00390829631040201e-03,3.33501639234126549e-03,3.01385102496620102e-12,4.35669555987061585e-12
47,3.00126973842803745e-03,2.93559463328580848e-03,3.29964343018462067e-03,2.95592518025252212e-12,4.35669555987061585e-12
48,2.94255562405229673e-03,2.86807396085999797e-03,3.26503454482906987e-03,2.89990027682427328e-12,4.35669555987061585e-12
49,2.88550037237865053e-03,2.80873131911226533e-03,3.23118028083147846e-03,2.86035477114248719e-12,4.35669555987061585e-12
50,2.83066359599726432e-03,2.76342519284673849e-03,3.19849920055407253e-03,2.81999712562935687e-12,4.35669555987061585e-12
51,2.77766679615116347e-03,2.71944716042653951e-03,3.16689889791268997e-03,2.94636924769788049e-12,4.35669555987061585e-12
52,2.72664338604330881e-03,2.67091989207064078e-03,3.13597078364026864e-03,2.88444592835753778e-12,4.35669555987061585e-12
53,2.67660703834783935e-03,2.63317983861646905e-03,3.10600697253808839e-03,2.78698785525922604e-12,4.35669555987061585e-12
54,2.62770046772565959e-03,2.59804338979637527e-03,3.07705287104986791e-03,2.82227572395979243e-12,4.35669555987061585e-12
55,2.57992967624677289e-03,2.56343593772844023e-03,3.04898348198298077e-03,2.79490144248708823e-12,4.35669555987061585e-12
56,2.53467414282317581e-03,2.52862291622089896e-03,3.02174618445101876e-03,2.92978493262118019e-12,4.35669555987061585e-12
57,2.49257253970131465e-03,2.49294698873619731e-03,2.99530084049284134e-03,2.88955199980561688e-12,4.35669555987061585e-12
58,2.45299536243554330e-03,2.44822073013653552e-03,2.96911722648461694e-03,2.81633871981144071e-12,4.35669555987061585e-12
59,2.41492744604349498e-03,2.41380614765495044e-03,2.94345615855130241e-03,2.82544311783710896e-12,4.35669555987061585e-12
60,2.37823387219654589e-03,2.38406895357647520e-03,2.91847094388330989e-03,2.69980867255517887e-12,4.35669555987061585e-12
61,2.34295631213932848e-03,2.35588081595743690e-03,2.89418414631053677e-03,2.66734824228585471e-12,4.35669555987061585e-12
62,2.30913683430524321e-03,2.32330316480740132e-03,2.87034887920098198e-03,2.61637914640673683e-12,4.35669555987061585e-12
63,2.27664661440783863e-03,2.29458482086237125e-03,2.84704699656942615e-03,2.58769881481804734e-12,4.35669555987061585e-12
64,2.24535230797869023e-03,2.26834852710917434e-03,2.82433079366836703e-03,2.57125386287524817e-12,4.35669555987061585e-12
65,2.21522112472296619e-03,2.24303455134193617e-03,2.80219561009398092e-03,2.59540207899388247e-12,4.35669555987061585e-12
66,2.18623475911953937e-03,2.21816186472563719e-03,2.78061840631511686e-03,2.46593629697134460e-12,4.35669555987061585e-12
67,2.15857560416925784e-03,2.19377596049494814e-03,2.75956608104994299e-03,2.39694205778448411e-12,4.35669555987061585e-12
68,2.13170896636931135e-03,2.16961236839002250e-03,2.73897927813604534e-03,3.01422931671168155e-12,4.35669555987061585e-12
69,2.10615935203369844e-03,2.14467691106100472e-03,2.71878408917973881e-03,2.95636307812355465e-12,4.35669555987061585e-12
70,2.08265396219984092e-03,2.12185850273997932e-03,2.69906186811598014e-03,2.93424509652368214e-12,4.35669555987061585e-12
71,2.05852675269171861e-03,2.10011131203009533e-03,2.67977074952174951e-03,2.86441845125987477e-12,4.35669555987061585e-12
72,2.03536545642693696e-03,2.07903305023391738e-03,2.66090818358442460e-03,2.81379793271023127e-12,4.35669555987061585e-12
73,2.01287139862920891e-03,2.05850554747837771e-03,2.64245658037606758e-03,2.79036321173257922e-12,4.35669555987061585e-12
74,1.99097215864809047e-03,2.03853062290304228e-03,2.62439885110622717e-03,2.76744510682782048e-12,4.35669555987061585e-12
75,1.96963599889529196e-03,2.01907619824172021e-03,2.60671802330478914e-03,2.69392058801642953e-12,4.35669555987061585e-12
76,1.94883499407473375e-03,2.00012773866707237e-03,2.58939808386039142e-03,2.67167044701427050e-12,4.35669555987061585e-12
77,1.92854316675554103e-03,1.97929771076198364e-03,2.57252556903296223e-03,2.61802788181406901e-12,4.35669555987061585e-12
78,1.90935374472301907e-03,1.95479541533489717e-03,2.55626289037318892e-03,2.53863134660868877e-12,4.35669555987061585e-12
79,1.89165120604461003e-03,1.92859792907116722e-03,2.54045482192851108e-03,2.52391909862312223e-12,4.35669555987061585e-12
80,1.87502071466213614e-03,1.90296907894937049e-03,2.52487661880975919e-03,2.42664206390918237e-12,4.35669555987061585e-12
81,1.85998455863805321e-03,1.88029091856744711e-03,2.50952999769064660e-03,3.02341996647996865e-12,4.35669555987061585e-12
82,1.84545567795731417e-03,1.85927928004552554e-03,2.49446617812480341e-03,2.97269934752063080e-12,4.35669555987061585e-12
83,1.83120539009121197e-03,1.83939658067995256e-03,2.47970359489983532e-03,2.95801897862285213e-12,4.35669555987061585e-12
84,1.81668766348915727e-03,1.81992665063252022e-03,2.46531132651075244e-03,2.91721422649107369e-12,4.35669555987061585e-12
85,1.80284645200924935e-03,1.80042456216048538e-03,2.45122512771323801e-03,2.88269732018456028e-12,4.35669555987061585e-12
86,1.78956392093927025e-03,1.78146033399739757e-03,2.43735604387311901e-03,2.87225349402163331e-12,4.35669555987061585e-12
87,1.77622554350820847e-03,1.76452218785186896e-03,2.42369253343382432e-03,2.80832373914638268e-12,4.35669555987061585e-12
88,1.76264704485657722e-03,1.74944404098322914e-03,2.41023738790370435e-03,2.77904799194591768e-12,4.35669555987061585e-12
89,1.74883951747942723e-03,1.73573872076318125e-03,2.39699296978777756e-03,2.75172366019662956e-12,4.35669555987061585e-12
90,1.73487525195476031e-03,1.72297848462047288e-03,2.38395867109420694e-03,2.72804214293547265e-12,4.35669555987061585e-12
91,1.72083494170867336e-03,1.71085673246181231e-03,2.37113129340931102e-03,3.03666842495167428e-12,4.35669555987061585e-12
92,1.70679038040330794e-03,1.69916986975600392e-03,2.35850589507931004e-03,3.02318590799433734e-12,4.35669555987061585e-12
93,1.69274361721454534e-03,1.68778790478934008e-03,2.34607482770345360e-03,2.98886364745463352e-12,4.35669555987061585e-12
94,1.67867986375933053e-03,1.67662856567206181e-03,2.33382628293247671e-03,2.96141318196733404e-12,4.35669555987061585e-12
95,1.66339638552199793e-03,1.66566953995680241e-03,2.32168893325568164e-03,2.92222621396909740e-12,4.35669555987061585e-12
96,1.64864039812736706e-03,1.65484352969243100e-03,2.30967558446873271e-03,2.90062532433646429e-12,4.35669555987061585e-12
97,1.63480935428369817e-03,1.64409552139481571e-03,2.29781808583128661e-03,2.93545121989482289e-12,4.35669555987061585e-12
98,1.62138728140358269e-03,1.63337522402040233e-03,2.28612008492025311e-03,2.81039828980275939e-12,4.35669555987061585e-12
99,1.60821319899805875e-03,1.62278496882083795e-03,2.27457998521434293e-03,2.85448329881996431e-12,4.35669555987061585e-12
100,1.59518333834693013e-03,1.61235860801292401e-03,2.26319504418634075e-03,2.78436756020236285e-12,4.35669555987061585e-12
101,1.58242541653600007e-03,1.60216370835605218e-03,2.25207783045194062e-03,2.75156330093889152e-12,4.35669555987061585e-12
102,1.57036587260743726e-03,1.59064517716953177e-03,2.24116540623878115e-03,2.73410291999294479e-12,4.35669555987061585e-12
103,1.55880488755310220e-03,1.57846761962032170e-03,2.23038950630575529e-03,2.63916026640651552e-12,4.35669555987061585e-12
104,1.54742084083022216e-03,1.56692336065819863e-03,2.21973531066981585e-03,2.63140534255896365e-12,4.35669555987061585e-12
105,1.53611068534746978e-03,1.55605966731824866e-03,2.20919767038315132e-03,2.61056071296542778e-12,4.35669555987061585e-12
106,1.52486394798623639e-03,1.54577405884857031e-03,2.19877597224423437e-03,2.56061705587127302e-12,4.35669555987061585e-12
107,1.51369651445319416e-03,1.53528153765776650e-03,2.18849817183441918e-03,2.63116659527517225e-12,4.35669555987061585e-12
108,1.50185783811283965e-03,1.52497138260075595e-03,2.17829572524587704e-03,2.59688895636022975e-12,4.35669555987061585e-12
109,1.49055268122694445e-03,1.51501674042491354e-03,2.16819045832589239e-03,2.55092107732245256e-12,4.35669555987061585e-12
110,1.47953280685237743e-03,1.50544714468950173e-03,2.15819623796235449e-03,2.60077491980007372e-12,4.35669555987061585e-12
111,1.46871950452466819e-03,1.49623881424159428e-03,2.14832495458072226e-03,2.56476915081486267e-12,4.35669555987061585e-12
112,1.45781851430294338e-03,1.48730444359777315e-03,2.13855419608469273e-03,2.48794204163152277e-12,4.35669555987061585e-12
113,1.44747809988699633e-03,1.47855962901307812e-03,2.12888960901736098e-03,2.50374924670847354e-12,4.35669555987061585e-12
114,1.43726127228865842e-03,1.46998302227264728e-03,2.11932778186235639e-03,2.44651487743289674e-12,4.35669555987061585e-12
115,1.42714898476942339e-03,1.46154250463973595e-03,2.10986496961553449e-03,2.47334349109910852e-12,4.35669555987061585e-12
116,1.41718140764899637e-03,1.45321222519865698e-03,2.10049823730271276e-03,2.42845917506696231e-12,4.35669555987061585e-12
117,1.40738158050333689e-03,1.44501858314508187e-03,2.09122694201401482e-03,2.40323775693144403e-12,4.35669555987061585e-12
118,1.39752117444200520e-03,1.43692739411819615e-03,2.08204236786318922e-03,2.40189343321912338e-12,4.35669555987061585e-12
119,1.38764271114899767e-03,1.42888245661278949e-03,2.07293622288809171e-03,2.39222682937679961e-12,4.35669555987061585e-12
120,1.37813790839402014e-03,1.42101258178502460e-03,2.06393078370302333e-03,2.34394537540178893e-12,4.35669555987061585e-12
121,1.36885537568363696e-03,1.41368583564521560e-03,2.05508549380306214e-03,2.31916966647963652e-12,4.35669555987061585e-12
122,1.35984547915219745e-03,1.40503005435831650e-03,2.04632429622455354e-03,2.28472731378079039e-12,4.35669555987061585e-12
123,1.35094990640075496e-03,1.39645730027247424e-03,2.03763246312240734e-03,2.28638537981795152e-12,4.35669555987061585e-12
124,1.34212871918394281e-03,1.38822558170096570e-03,2.02900850672285563e-03,3.03753369410304072e-12,4.35669555987061585e-12
125,1.33338062049937400e-03,1.38029664744996868e-03,2.02045292199287251e-03,3.03763184140607176e-12,4.35669555987061585e-12
126,1.32471358625377853e-03,1.37261517657256277e-03,2.01196636157696066e-03,3.03175738246501836e-12,4.35669555987061585e-12
127,1.31613600607079348e-03,1.36513661614659997e-03,2.00354929829817422e-03,3.00255729153200559e-12,4.35669555987061585e-12
128,1.30765424607511959e-03,1.35781130114268891e-03,1.99520162270836604e-03,2.97111932151560182e-12,4.35669555987061585e-12
129,1.29856318615541918e-03,1.34441908921560833e-03,1.98665601101286407e-03,2.93437217186283371e-12,4.35669555987061585e-12
130,1.28987354777458478e-03,1.33656986544538454e-03,1.97807957055634717e-03,2.94731926149569973e-12,4.35669555987061585e-12
131,1.28162416994827733e-03,1.33117272233214423e-03,1.96956170342834410e-03,2.92573097105609781e-12,4.35669555987061585e-12
132,1.27360845075145620e-03,1.32638148381811942e-03,1.96112837715216618e-03,2.90563221687068066e-12,4.35669555987061585e-12
133,1.26568789431279519e-03,1.32158528249009264e-03,1.95278421625293868e-03,2.89127205464616650e-12,4.35669555987061585e-12
134,1.25779864014769253e-03,1.31657928885454967e-03,1.94452705566652015e-03,2.85090459764301441e-12,4.35669555987061585e-12
135,1.24993208975511375e-03,1.31130131448855885e-03,1.93635250656073901e-03,2.85636243662127686e-12,4.35669555987061585e-12
136,1.24062393109795909e-03,1.30325687326445904e-03,1.92808101154315673e-03,2.83465614065960835e-12,4.35669555987061585e-12
137,1.23227292177638371e-03,1.29368280742310948e-03,1.91968290722348538e-03,2.82910712193560219e-12,4.35669555987061585e-12
138,1.22439544818473182e-03,1.28795840958030941e-03,1.91130057202582504e-03,2.78503079368868620e-12,4.35669555987061585e-12
139,1.21675589410790504e-03,1.28318176965610013e-03,1.90297842322437096e-03,2.78058729054011576e-12,4.35669555987061585e-12
140,1.20927492947145855e-03,1.27852864052003102e-03,1.89473062766802093e-03,2.75166521738745339e-12,4.35669555987061585e-12
141,1.20188766189915485e-03,1.27372641475472512e-03,1.88656020135745503e-03,2.69844968794826959e-12,4.35669555987061585e-12
142,1.19456676595344432e-03,1.26667652833996206e-03,1.87839273573825157e-03,2.73853707482927090e-12,4.35669555987061585e-12
143,1.18733900922959315e-03,1.25988437254910676e-03,1.87023050258124015e-03,2.74917978238963585e-12,4.35669555987061585e-12
144,1.18022653033135797e-03,1.25430574497768159e-03,1.86211867953200148e-03,2.70811712745252946e-12,4.35669555987061585e-12
145,1.17323049119869190e-03,1.24895428325371024e-03,1.85406952300507639e-03,2.67275385846066553e-12,4.35669555987061585e-12
146,1.16625089494418080e-03,1.24356995261413312e-03,1.84608296265840652e-03,2.66414016782970976e-12,4.35669555987061585e-12
147,1.15821889739208092e-03,1.23808080907410970e-03,1.83812205039190872e-03,2.69517203748645298e-12,4.35669555987061585e-12
148,1.15107338817618744e-03,1.23242443688406861e-03,1.83021087748476961e-03,2.72634150336235947e-12,4.35669555987061585e-12
149,1.14426818040964376e-03,1.22660128212525883e-03,1.82235538557050727e-03,3.00907536306638374e-12,4.35669555987061585e-12
150,1.13762223879941712e-03,1.22020716854513126e-03,1.81454577131339649e-03,2.99150728106901535e-12,4.35669555987061585e-12
151,1.13109201249314258e-03,1.21414916388570284e-03,1.80679054053827707e-03,2.66062611017831599e-12,4.35669555987061585e-12
152,1.12464397512920789e-03,1.20816338156432999e-03,1.79909147663276218e-03,2.67227632484499926e-12,4.35669555987061585e-12
153,1.11828444534426883e-03,1.20209729040724367e-03,1.79144233486777183e-03,3.00352057116816340e-12,4.35669555987061585e-12
154,1.11201856504752677e-03,1.19592693719336148e-03,1.78383387785953384e-03,2.61392476281179111e-12,4.35669555987061585e-12
155,1.10584024345192146e-03,1.18937298681704123e-03,1.77624885022797051e-03,2.61333064242932245e-12,4.35669555987061585e-12
156,1.09974257086183796e-03,1.18117855788379641e-03,1.76859086804058278e-03,2.97211540119729005e-12,4.35669555987061585e-12
157,1.09372800883106563e-03,1.17520725864304161e-03,1.76095348053745444e-03,2.97257085726860266e-12,4.35669555987061585e-12
158,1.08775153888983431e-03,1.16995364463261101e-03,1.75336487342998967e-03,3.00065948862758649e-12,4.35669555987061585e-12
159,1.08183249197014476e-03,1.16494778781863623e-03,1.74583384488745082e-03,2.87873824086009863e-12,4.35669555987061585e-12
160,1.07597927538753582e-03,1.16001496850333939e-03,1.73836293127362443e-03,2.93136640229882641e-12,4.35669555987061585e-12
161,1.07019028249678914e-03,1.15507829664327779e-03,1.73095218855321255e-03,2.85766927555999508e-12,4.35669555987061585e-12
162,1.06446044050525633e-03,1.15013009478463746e-03,1.72360344460248155e-03,2.84125413893185873e-12,4.35669555987061585e-12
163,1.05878077382577911e-03,1.14539110338131083e-03,1.71633962825429851e-03,2.89275472643013598e-12,4.35669555987061585e-12
164,1.05311183448807046e-03,1.14011638160576396e-03,1.70913136581995161e-03,2.89175837736011073e-12,4.35669555987061585e-12
165,1.04746175968626547e-03,1.13475527239960037e-03,1.70197231271008412e-03,2.88308452826878842e-12,4.35669555987061585e-12
166,1.04184920513879340e-03,1.12944055936814360e-03,1.69486305682497681e-03,2.76405783592245126e-12,4.35669555987061585e-12
167,1.03628270626121501e-03,1.12419220656958911e-03,1.68780497699319966e-03,2.84826518183515656e-12,4.35669555987061585e-12
168,1.03076408761653554e-03,1.11896083412661349e-03,1.68079393965282894e-03,2.79725685151237892e-12,4.35669555987061585e-12
169,1.02525739390805907e-03,1.11364015710446957e-03,1.67382663565383795e-03,2.77455098475452847e-12,4.35669555987061585e-12
170,1.01977384562043812e-03,1.10833580195252024e-03,1.66690300992033275e-03,2.74135136005031290e-12,4.35669555987061585e-12
171,1.01430785839196741e-03,1.10307277638986827e-03,1.66002238019290725e-03,2.80140659271136824e-12,4.35669555987061585e-12
172,1.00890790454373838e-03,1.09784947489648642e-03,1.65318520072589071e-03,2.65581036274355378e-12,4.35669555987061585e-12
173,1.00335738103814491e-03,1.09266325464491476e-03,1.64639026596357122e-03,2.79831496781264913e-12,4.35669555987061585e-12
174,9.97744626791486396e-04,1.08749238025114916e-03,1.63963672870127454e-03,2.73225778069148794e-12,4.35669555987061585e-12
175,9.92262384063026439e-04,1.08232951569891037e-03,1.63292468704402888e-03,2.76738446710242366e-12,4.35669555987061585e-12
176,9.86872008450652687e-04,1.07718910034807218e-03,1.62625391461476460e-03,2.72826494245351006e-12,4.35669555987061585e-12
177,9.81539724416758156e-04,1.07207758638007129e-03,1.61962344420011652e-03,2.71335494166962841e-12,4.35669555987061585e-12
178,9.76275170459681174e-04,1.06699785808544371e-03,1.61303305062173601e-03,2.63694083614125038e-12,4.35669555987061585e-12
179,9.71032602557582968e-04,1.06195170981346885e-03,1.60648059847227280e-03,2.71968218255620081e-12,4.35669555987061585e-12
180,9.65868966624015032e-04,1.05693933133794884e-03,1.59996608429854598e-03,2.69573255384118657e-12,4.35669555987061585e-12
181,9.60789139975104403e-04,1.05196053849720647e-03,1.59349020551248282e-03,2.60065303969357228e-12,4.35669555987061585e-12
182,9.55707379866523087e-04,1.04701630184513852e-03,1.58705105108439205e-03,2.66269393391829107e-12,4.35669555987061585e-12
183,9.50700929030928537e-04,1.04212271599443728e-03,1.58065084359723293e-03,2.63230580617665752e-12,4.35669555987061585e-12
184,9.45413341975959577e-04,1.03726627490219889e-03,1.57427447183116579e-03,2.56021958814765650e-12,4.35669555987061585e-12
185,9.40244032370739138e-04,1.03244718234953882e-03,1.56792574684482423e-03,2.67221935758737811e-12,4.35669555987061585e-12
186,9.35263523668274956e-04,1.02766804246718973e-03,1.56161207912072840e-03,3.03850895320746749e-12,4.35669555987061585e-12
187,9.30158803062907887e-04,1.02292603128195463e-03,1.55532704583197863e-03,2.62478909880009743e-12,4.35669555987061585e-12
188,9.25228822122895747e-04,1.01821900702343121e-03,1.54907679949172167e-03,3.01941040208364836e-12,4.35669555987061585e-12
189,9.20326157113528307e-04,1.01354083985083780e-03,1.54286176683615336e-03,3.02092490650225032e-12,4.35669555987061585e-12
190,9.15491773269595430e-04,1.00888175054706470e-03,1.53668151402422751e-03,2.61330737174813652e-12,4.35669555987061585e-12
191,9.10730596393126402e-04,1.00424375554313580e-03,1.53053617211535505e-03,2.59383119724872938e-12,4.35669555987061585e-12
192,9.06029822894113671e-04,9.99626994574407627e-04,1.52442607665732388e-03,2.58245845036086420e-12,4.35669555987061585e-12
193,9.01374216937623715e-04,9.95032382236618954e-04,1.51835109929167322e-03,2.92337790769495065e-12,4.35669555987061585e-12
194,8.96755761028062131e-04,9.90462891258892105e-04,1.51231095864376138e-03,2.90379855937166208e-12,4.35669555987061585e-12
195,8.92170792660181705e-04,9.85921027255386162e-04,1.50630533680313951e-03,3.01750869201773353e-12,4.35669555987061585e-12
196,8.87618036325603832e-04,9.81408027267517474e-04,1.50033390783858378e-03,2.92887730833182235e-12,4.35669555987061585e-12
197,8.83097372220555165e-04,9.76924062690151139e-04,1.49439634251063405e-03,3.03115365443331463e-12,4.35669555987061585e-12
198,8.78609063953128956e-04,9.72468726398041097e-04,1.48849230941951703e-03,2.93844311408884384e-12,4.35669555987061585e-12
199,8.74153355464536729e-04,9.67608305649226533e-04,1.48259106344429616e-03,3.00441123983203058e-12,4.35669555987061585e-12
200,8.69724150083192615e-04,9.63119440010622141e-04,1.47670771424107672e-03,2.91261529637614665e-12,4.35669555987061585e-12
201,8.65307472494154426e-04,9.58903190852611483e-04,1.47085456890243618e-03,2.91425686656836420e-12,4.35669555987061585e-12
202,8.60913427703029828e-04,9.54770009873531756e-04,1.46503442101243329e-03,2.92373760697537060e-12,4.35669555987061585e-12
203,8.56555573865728647e-04,9.50689313557736746e-04,1.45924851940692720e-03,2.86328387182428410e-12,4.35669555987061585e-12
204,8.52238473833344043e-04,9.46630980257930662e-04,1.45349720753473960e-03,2.78140427831211709e-12,4.35669555987061585e-12
205,8.47961097950898418e-04,9.42578774449720079e-04,1.44777995807474601e-03,2.86266994392780074e-12,4.35669555987061585e-12
206,8.43721928305217928e-04,9.38525956801750192e-04,1.44209613817614601e-03,2.74158535894681820e-12,4.35669555987061585e-12
207,8.39519174127981941e-04,9.34470979229406399e-04,1.43644507120523502e-03,2.87232018923874711e-12,4.35669555987061585e-12
208,8.35350806473152910e-04,9.30415118453424344e-04,1.43082609943138051e-03,2.82740737226669321e-12,4.35669555987061585e-12
209,8.31215041007572937e-04,9.26360989797563668e-04,1.42523861859061070e-03,2.75516967599744378e-12,4.35669555987061585e-12
210,8.27118136229326815e-04,9.22311677140010716e-04,1.41968240461601649e-03,2.73596216112722110e-12,4.35669555987061585e-12
211,8.23050855791055292e-04,9.18270615072158030e-04,1.41415690588998994e-03,2.87737898109666828e-12,4.35669555987061585e-12
212,8.19008091322147736e-04,9.14240599615772482e-04,1.40866149309454573e-03,2.78218216159123365e-12,4.35669555987061585e-12
213,8.14993161942916401e-04,9.10223813918011482e-04,1.40319575397530069e-03,2.83809524806773464e-12,4.35669555987061585e-12
214,8.11050015839480127e-04,9.05655910869181732e-04,1.39779001973921557e-03,2.73475605084795150e-12,4.35669555987061585e-12
215,8.07112172117827064e-04,9.00821381434742299e-04,1.39250523157870656e-03,2.64546016452568738e-12,4.35669555987061585e-12
216,8.03113527723992590e-04,8.95274915622841700e-04,1.38726683798544607e-03,2.75769064602660249e-12,4.35669555987061585e-12
217,7.99109118431079067e-04,8.89524757120142666e-04,1.38205281209537092e-03,2.85016806318746772e-12,4.35669555987061585e-12
218,7.95204921687040151e-04,8.83905935067718393e-04,1.37685793649273253e-03,2.77582444997923761e-12,4.35669555987061585e-12
219,7.91433499632003762e-04,8.78559390986743093e-04,1.37168211406017465e-03,2.65062297429088970e-12,4.35669555987061585e-12
220,7.87775486023072264e-04,8.73529106550049875e-04,1.36652657370616771e-03,2.76743411783262339e-12,4.35669555987061585e-12
221,7.84193818674093555e-04,8.68807268950333336e-04,1.36139273035647398e-03,2.64408860156076935e-12,4.35669555987061585e-12
222,7.80652915794467664e-04,8.64356465094080371e-04,1.35628101409734870e-03,2.76981539349915462e-12,4.35669555987061585e-12
223,7.77125470050002431e-04,8.60138793883155595e-04,1.35119321812977693e-03,2.59939680939467006e-12,4.35669555987061585e-12
224,7.73594376761992434e-04,8.56107386722450661e-04,1.34613037679407583e-03,2.78605223216455975e-12,4.35669555987061585e-12
225,7.70049786157889302e-04,8.52221141869870355e-04,1.34109315386618934e-03,2.66136743026946415e-12,4.35669555987061585e-12
226,7.66487518007981177e-04,8.48445016646192859e-04,1.33608195074130169e-03,2.69862617589826038e-12,4.35669555987061585e-12
227,7.62907300451231554e-04,8.44593491787115191e-04,1.33110072742664582e-03,2.64192435172523683e-12,4.35669555987061585e-12
228,7.59316559882857530e-04,8.40375155314007508e-04,1.32616709901736706e-03,2.67292560059704455e-12,4.35669555987061585e-12
229,7.55738460158463356e-04,8.36104859130474393e-04,1.32126423673146901e-03,2.72515069125297291e-12,4.35669555987061585e-12
230,7.52137316891061405e-04,8.31827913665579002e-04,1.31638602580740494e-03,2.71952157174171114e-12,4.35669555987061585e-12
231,7.48532918111759573e-04,8.27631305868643894e-04,1.31153054192662292e-03,2.57395869649984595e-12,4.35669555987061585e-12
232,7.44941293197754427e-04,8.23548755213009869e-04,1.30669750598829911e-03,2.60473979244312142e-12,4.35669555987061585e-12
233,7.41366843731516650e-04,8.19587358663537440e-04,1.30188719241920367e-03,2.65830654746837076e-12,4.35669555987061585e-12
234,7.37808083010769978e-04,8.15740358321441006e-04,1.29709999946322195e-03,2.61374097360449813e-12,4.35669555987061585e-12
235,7.34262186516856062e-04,8.11994264833369012e-04,1.29233628293751158e-03,2.57596979432248902e-12,4.35669555987061585e-12
236,7.30726988492876755e-04,8.08333405086257887e-04,1.28759629676782473e-03,2.56845831175176826e-12,4.35669555987061585e-12
237,7.27201483650629656e-04,8.04742628477875970e-04,1.28288017986355517e-03,2.57562854239826750e-12,4.35669555987061585e-12
238,7.23685718664282876e-04,8.01208664351414895e-04,1.27818796421983122e-03,2.64748472711251613e-12,4.35669555987061585e-12
239,7.20255834322219217e-04,7.97720615080049528e-04,1.27351694902212861e-03,2.56271524737923685e-12,4.35669555987061585e-12
240,7.16991253389948394e-04,7.94289317901715150e-04,1.26886937544582259e-03,2.59212436476355648e-12,4.35669555987061585e-12
241,7.13753659194796535e-04,7.90907278618110227e-04,1.26424623817187579e-03,2.56540460620886027e-12,4.35669555987061585e-12
242,7.10490842222119014e-04,7.87562727288559352e-04,1.25964727437119029e-03,2.53489068014325224e-12,4.35669555987061585e-12
243,7.07201050429481413e-04,7.84377433357757829e-04,1.25509969633288000e-03,2.59986823824234260e-12,4.35669555987061585e-12
244,7.03820260610482813e-04,7.80965701112169733e-04,1.25058934294730258e-03,2.50269056500716145e-12,4.35669555987061585e-12
245,7.00376611446979153e-04,7.77270694003334879e-04,1.24610406708468876e-03,2.52274811006373989e-12,4.35669555987061585e-12
246,6.96819467145373271e-04,7.73527128259760975e-04,1.24163723245117904e-03,2.53389352555147848e-12,4.35669555987061585e-12
247,6.93234607672678707e-04,7.69834161533914448e-04,1.23718549902698187e-03,2.52601706878277047e-12,4.35669555987061585e-12
248,6.89847495176833941e-04,7.66230738764648754e-04,1.23275258744447017e-03,2.43196047649579452e-12,4.35669555987061585e-12
249,6.86547300742110711e-04,7.62721650900893789e-04,1.22833964345842061e-03,2.47162417392941454e-12,4.35669555987061585e-12
250,6.83292308006484958e-04,7.59300381700779570e-04,1.22394698595775192e-03,2.41863412834321294e-12,4.35669555987061585e-12
251,6.80061259611194229e-04,7.55957212693330097e-04,1.21957466769710959e-03,2.43191585462046129e-12,4.35669555987061585e-12
252,6.76781285158786772e-04,7.52680863923658777e-04,1.21522425026905547e-03,2.47518982932402645e-12,4.35669555987061585e-12
253,6.73565503486739706e-04,7.49436377464263756e-04,1.21089572708054944e-03,2.44474506209396098e-12,4.35669555987061585e-12
254,6.70358680253565630e-04,7.46224550482432183e-04,1.20658835851502428e-03,2.98588358572624229e-12,4.35669555987061585e-12
255,6.67158998339089184e-04,7.43048768699878441e-04,1.20230166437393263e-03,3.03741155725479823e-12,4.35669555987061585e-12
256,6.63969042225364087e-04,7.39907063139660752e-04,1.19803526463215090e-03,3.00438335779986857e-12,4.35669555987061585e-12
257,6.60791142555805901e-04,7.36795739111999193e-04,1.19378885992559177e-03,2.99091098873541887e-12,4.35669555987061585e-12
258,6.57626268896162086e-04,7.33711023411054842e-04,1.18956221039313989e-03,2.96322622200142578e-12,4.35669555987061585e-12
259,6.54473755896689785e-04,7.30649715375719373e-04,1.18535511018742984e-03,2.44714554866595880e-12,4.35669555987061585e-12
260,6.51341223248338270e-04,7.27609432341954818e-04,1.18116739500432472e-03,2.97836940917428766e-12,4.35669555987061585e-12
261,6.48227957903251429e-04,7.24587888612290365e-04,1.17699891442858522e-03,2.96192303067633076e-12,4.35669555987061585e-12
262,6.45134487518651324e-04,7.21583566911041365e-04,1.17284952389140433e-03,2.96677296312477015e-12,4.35669555987061585e-12
263,6.42061513625469065e-04,7.18595468415039111e-04,1.16871908141429125e-03,2.93181508131006239e-12,4.35669555987061585e-12
264,6.39009660753734449e-04,7.15557758782412140e-04,1.16460576659796087e-03,2.91905041184281712e-12,4.35669555987061585e-12
265,6.35979127804141894e-04,7.12528029324148936e-04,1.16050912357216411e-03,2.92878091170095977e-12,4.35669555987061585e-12
266,6.32970218838834918e-04,7.09560738701952394e-04,1.15643028833272549e-03,2.94712902398711131e-12,4.35669555987061585e-12
267,6.29983421822870337e-04,7.06624032633505479e-04,1.15236964883760526e-03,2.92502496347397329e-12,4.35669555987061585e-12
268,6.27018966728322630e-04,7.03707137210581794e-04,1.14832727247615079e-03,2.90790676010617689e-12,4.35669555987061585e-12
269,6.24076885926808794e-04,7.00895210873311424e-04,1.14430513203560595e-03,2.95705074571967459e-12,4.35669555987061585e-12
270,6.21156957054453470e-04,6.98119335259331448e-04,1.14030334268815830e-03,2.85733208885569197e-12,4.35669555987061585e-12
271,6.18259092473397447e-04,6.95270234194259908e-04,1.13631976148126541e-03,2.82805822875539933e-12,4.35669555987061585e-12
272,6.15383270135742497e-04,6.92420578675484065e-04,1.13235402828083852e-03,2.83291942538429414e-12,4.35669555987061585e-12
273,6.12529201397042601e-04,6.89737865624725490e-04,1.12841738772974029e-03,2.79749528538678562e-12,4.35669555987061585e-12
274,6.09655709763709465e-04,6.87107584617712808e-04,1.12451270261211154e-03,2.85639624437487223e-12,4.35669555987061585e-12
275,6.06747342827889812e-04,6.84159130029664601e-04,1.12062861956740739e-03,2.85440208009090814e-12,4.35669555987061585e-12
276,6.03850587942445774e-04,6.81131427297686134e-04,1.11676189181726259e-03,2.73693208869238583e-12,4.35669555987061585e-12
277,6.00992984892851257e-04,6.78106702704383548e-04,1.11291078298569185e-03,2.95010140985309164e-12,4.35669555987061585e-12
278,5.98179392171408635e-04,6.75122007423878683e-04,1.10907523740969385e-03,2.81873154539270550e-12,4.35669555987061585e-12
279,5.95405173245444272e-04,6.72189056030156220e-04,1.10525531685611001e-03,2.76590173536804168e-12,4.35669555987061585e-12
280,5.92663198182748533e-04,6.69309181206377904e-04,1.10145103092510453e-03,2.76544534764963519e-12,4.35669555987061585e-12
281,5.89947155461850270e-04,6.66479124580358169e-04,1.09766240269532013e-03,2.86613511346411833e-12,4.35669555987061585e-12
282,5.87252457371271086e-04,6.63693638195189542e-04,1.09388946695756313e-03,2.68343793561606964e-12,4.35669555987061585e-12
283,5.84576103590106391e-04,6.60947021809635531e-04,1.09013225700989509e-03,2.72511314986100063e-12,4.35669555987061585e-12
284,5.81916291360799992e-04,6.58233931992140186e-04,1.08639079474730053e-03,2.77667045714337827e-12,4.35669555987061585e-12
285,5.79272043775915652e-04,6.55544713469803728e-04,1.08266498575447100e-03,2.79524277666963953e-12,4.35669555987061585e-12
286,5.76642927573611927e-04,6.52879283218580297e-04,1.07895479218549843e-03,2.73275553329590221e-12,4.35669555987061585e-12
287,5.74028824710224781e-04,6.50240671895281012e-04,1.07526028372064808e-03,2.71877164784923093e-12,4.35669555987061585e-12
288,5.71429805679151684e-04,6.47622688014482992e-04,1.07158143770614439e-03,2.70544100323265374e-12,4.35669555987061585e-12
289,5.68846063554952121e-04,6.45022681867995639e-04,1.06791820289433323e-03,2.70346631264301812e-12,4.35669555987061585e-12
290,5.66277819158278223e-04,6.42144401168208553e-04,1.06427175695989482e-03,2.64141226310504046e-12,4.35669555987061585e-12
291,5.63742877654815032e-04,6.39251432394894381e-04,1.06064277966689212e-03,2.64950660717546803e-12,4.35669555987061585e-12
292,5.61233022785214645e-04,6.36388650323792965e-04,1.05702957093076698e-03,2.74207834038586172e-12,4.35669555987061585e-12
293,5.58736535602971369e-04,6.33544161975873785e-04,1.05343044958685055e-03,2.68171989987060677e-12,4.35669555987061585e-12
294,5.56253049925629320e-04,6.30753886187061189e-04,1.04984508152492742e-03,2.71685856686764669e-12,4.35669555987061585e-12
295,5.53783268458831086e-04,6.28019694710581005e-04,1.04627351488064996e-03,2.59555428230372150e-12,4.35669555987061585e-12
296,5.51327274375419956e-04,6.25340182863072611e-04,1.04271596203943449e-03,2.61727097827691393e-12,4.35669555987061585e-12
297,5.48884914246045973e-04,6.22711006065135232e-04,1.03917266793447541e-03,2.61032836701892011e-12,4.35669555987061585e-12
298,5.46456044235800313e-04,6.20126372502947465e-04,1.03564384277896179e-03,2.64871297883957129e-12,4.35669555987061585e-12
299,5.44040582836158109e-04,6.17580280438485753e-04,1.03212963719859804e-03,2.55985926539549115e-12,4.35669555987061585e-12
300,5.41638506681716867e-04,6.15067229970050013e-04,1.02863014067299582e-03,2.60054814094375968e-12,4.35669555987061585e-12
301,5.39249833007709903e-04,6.12582521508737315e-04,1.02514538993803551e-03,2.55271919730303738e-12,4.35669555987061585e-12
302,5.36874609905120558e-04,6.10077805058486015e-04,1.02167138160733778e-03,2.57971574941547998e-12,4.35669555987061585e-12
303,5.34490800483028916e-04,6.07581469045156172e-04,1.01820991105986054e-03,2.62588875368232891e-12,4.35669555987061585e-12
304,5.32105715306018141e-04,6.05106701199421880e-04,1.01476300513636520e-03,2.56264938672254821e-12,4.35669555987061585e-12
305,5.29733374943287144e-04,6.02654702173622951e-04,1.01133099446695839e-03,2.57167308015743421e-12,4.35669555987061585e-12
306,5.27378833366521195e-04,6.00225587147207719e-04,1.00791385909389025e-03,2.49361399001438692e-12,4.35669555987061585e-12
307,5.25043038818013468e-04,5.97818132226338671e-04,1.00451148759037761e-03,2.52392523848627900e-12,4.35669555987061585e-12
308,5.22725561537463806e-04,5.95430756837030746e-04,1.00112375052457481e-03,2.56684906673264561e-12,4.35669555987061585e-12
309,5.20425624347366049e-04,5.93061910686898267e-04,9.97750523956834889e-04,2.59689255772267665e-12,4.35669555987061585e-12
310,5.18142454321165839e-04,5.90710206807420839e-04,9.94391694847368513e-04,2.60803233291563366e-12,4.35669555987061585e-12
311,5.15875366769524314e-04,5.88374469439566228e-04,9.91047159547799776e-04,2.53967991690161130e-12,4.35669555987061585e-12
312,5.13623777215069591e-04,5.86053735493878591e-04,9.87716820763294163e-04,2.47021561368461174e-12,4.35669555987061585e-12
313,5.11387191259776762e-04,5.83747232792261074e-04,9.84400585122127041e-04,2.53935868379379045e-12,4.35669555987061585e-12
314,5.09165193078770645e-04,5.81454350167300992e-04,9.81098361601136313e-04,2.48567928942603307e-12,4.35669555987061585e-12
315,5.06957432357164114e-04,5.79168016974978411e-04,9.77809891384934888e-04,2.50548289913810809e-12,4.35669555987061585e-12
316,5.04765688530332693e-04,5.76887818832329518e-04,9.74534903125346959e-04,2.52191448379667713e-12,4.35669555987061585e-12
317,5.02588580052099336e-04,5.74629722163435826e-04,9.71273581108082480e-04,3.03632463928841213e-12,4.35669555987061585e-12
318,5.00423562471188715e-04,5.72385739838124916e-04,9.68025911479422066e-04,3.02140954236005958e-12,4.35669555987061585e-12
319,4.98271370368190544e-04,5.70154086483154097e-04,9.64791821995702732e-04,2.55108860997717890e-12,4.35669555987061585e-12
320,4.96132029051757676e-04,5.67934357932179204e-04,9.61571232804892592e-04,2.99921099942703795e-12,4.35669555987061585e-12
321,4.94005463537798366e-04,5.65726364576401740e-04,9.58364062996557801e-04,2.47820211618291797e-12,4.35669555987061585e-12
322,4.91891587761638131e-04,5.63417201247363043e-04,9.55168154615395628e-04,3.00547902662174987e-12,4.35669555987061585e-12
323,4.89784515402526158e-04,5.61092994999760658e-04,9.51982778521119621e-04,2.96226618013676320e-12,4.35669555987061585e-12
324,4.87669338208475368e-04,5.58890956191147349e-04,9.48809580647023737e-04,3.00430684572000913e-12,4.35669555987061585e-12
325,4.85590643911155235e-04,5.56725547026098132e-04,9.45649412828229296e-04,2.94357339957520084e-12,4.35669555987061585e-12
326,4.83527215595956595e-04,5.54576266938354651e-04,9.42502338335545029e-04,2.94416246706992858e-12,4.35669555987061585e-12
327,4.81476203083438408e-04,5.52438180118400052e-04,9.39368290454592014e-04,2.97616560124019185e-12,4.35669555987061585e-12
328,4.79211108361515565e-04,5.50310231105505753e-04,9.36240504145537567e-04,2.94398116697666352e-12,4.35669555987061585e-12
329,4.77041850788016740e-04,5.48191940178711316e-04,9.33121951866060120e-04,2.94754668923516805e-12,4.35669555987061585e-12
330,4.74958931578443823e-04,5.46081433248456227e-04,9.30015368118184121e-04,2.95654044717611535e-12,4.35669555987061585e-12
331,4.72910474324602433e-04,5.43978247227714729e-04,9.26921614310574561e-04,2.97700977899472854e-12,4.35669555987061585e-12
332,4.70881728941760340e-04,5.41882269828345906e-04,9.23840869914955816e-04,2.99685619671259446e-12,4.35669555987061585e-12
333,4.68869368231611178e-04,5.39793290085851607e-04,9.20773063268608290e-04,2.89910293858999112e-12,4.35669555987061585e-12
334,4.66831448250952757e-04,5.37711332901416789e-04,9.17717047205167803e-04,2.89247906452884268e-12,4.35669555987061585e-12
335,4.64633602443702287e-04,5.35637600079742456e-04,9.14668246566073756e-04,2.87582998120722740e-12,4.35669555987061585e-12
336,4.62579283624825737e-04,5.33576266288200924e-04,9.11630214854834415e-04,2.91570606745311111e-12,4.35669555987061585e-12
337,4.60584746232314758e-04,5.31524409232677275e-04,9.08604299295721484e-04,2.83541699015228913e-12,4.35669555987061585e-12
338,4.58618789050333961e-04,5.29480597909266618e-04,9.05590910311057282e-04,2.86152634475982873e-12,4.35669555987061585e-12
339,4.56670341201272317e-04,5.26981196145855459e-04,9.02576616066594209e-04,2.84251141389530403e-12,4.35669555987061585e-12
340,4.54750259117942077e-04,5.24286030541089515e-04,8.99551939397580619e-04,2.88702819352324430e-12,4.35669555987061585e-12
341,4.52846014716199255e-04,5.22240683550590466e-04,8.96533401712908736e-04,2.83091400801883465e-12,4.35669555987061585e-12
342,4.50956770628016990e-04,5.20364727321704322e-04,8.93525542958243735e-04,2.81939394353115279e-12,4.35669555987061585e-12
343,4.49104993056538993e-04,5.18536039069568216e-04,8.90530596156682993e-04,2.76722267252566280e-12,4.35669555987061585e-12
344,4.47264665032290907e-04,5.16721858439663797e-04,8.87549221398886375e-04,2.76570305745590429e-12,4.35669555987061585e-12
345,4.45424855851331899e-04,5.14911006708459584e-04,8.84581584853327070e-04,2.76519541777347487e-12,4.35669555987061585e-12
346,4.43586935932833721e-04,5.13097191899321639e-04,8.81627679081280744e-04,2.82740934823140020e-12,4.35669555987061585e-12
347,4.41751827143875412e-04,5.11276433226817446e-04,8.78687345970340658e-04,2.76483239383161624e-12,4.35669555987061585e-12
348,4.39921564726014559e-04,5.09446581827285015e-04,8.75760341913253411e-04,2.73872936603848723e-12,4.35669555987061585e-12
349,4.38098277645954234e-04,5.07607094336592879e-04,8.72846385639728739e-04,2.73001685338656297e-12,4.35669555987061585e-12
350,4.36283691643853393e-04,5.05758694166050736e-04,8.69945191202346063e-04,2.81308580957564682e-12,4.35669555987061585e-12
351,4.34479033067900996e-04,5.03021994593595722e-04,8.67031735125829337e-04,2.75108305081562853e-12,4.35669555987061585e-12
352,4.32660246216588968e-04,4.99624949493698020e-04,8.64080673283650329e-04,2.66738572990937587e-12,4.35669555987061585e-12
353,4.30934161343455365e-04,4.97458628857918314e-04,8.61125836344506798e-04,2.68616003917607063e-12,4.35669555987061585e-12
354,4.29187230586325190e-04,4.95647306857796110e-04,8.58175432712903678e-04,2.67088756733155464e-12,4.35669555987061585e-12
355,4.27472434416740132e-04,4.93948456363144345e-04,8.55234039710521619e-04,2.64569596130637839e-12,4.35669555987061585e-12
356,4.25812417059184356e-04,4.92289851183851297e-04,8.52305626762167156e-04,2.69986998254754838e-12,4.35669555987061585e-12
357,4.24164561326916521e-04,4.90644031600453957e-04,8.49391550790327206e-04,2.64675976453817079e-12,4.35669555987061585e-12
358,4.22515885586262677e-04,4.88996311718640814e-04,8.46492182764945877e-04,2.64915262029794247e-12,4.35669555987061585e-12
359,4.20863269431607937e-04,4.87337427063499269e-04,8.43607475345618352e-04,2.58951725648139760e-12,4.35669555987061585e-12
360,4.19206952752114979e-04,4.85661910046107778e-04,8.40737186764458320e-04,2.60922919321757389e-12,4.35669555987061585e-12
361,4.17548489952707048e-04,4.83967293473235645e-04,8.37880984570666364e-04,2.60759167369054033e-12,4.35669555987061585e-12
362,4.15889958959772500e-04,4.82253381322430370e-04,8.35038500966791782e-04,2.57347714787828418e-12,4.35669555987061585e-12
363,4.14233532595917472e-04,4.80521581839273351e-04,8.32209365530596013e-04,2.61840738589442269e-12,4.35669555987061585e-12
364,4.12521090221852453e-04,4.78774329245264957e-04,8.29392947173778947e-04,2.57788808623486334e-12,4.35669555987061585e-12
365,4.10582230943685989e-04,4.77009666333651694e-04,8.26587967676776537e-04,2.59518792314366250e-12,4.35669555987061585e-12
366,4.08764583239500253e-04,4.75142163108336691e-04,8.23793161919779957e-04,2.55935927369029127e-12,4.35669555987061585e-12
367,4.07011562416296027e-04,4.72831721252294055e-04,8.20994206692788556e-04,2.57050193037844174e-12,4.35669555987061585e-12
368,4.05309257563483797e-04,4.70874724660308192e-04,8.18202297036988292e-04,2.58911892843341504e-12,4.35669555987061585e-12
369,4.03642636540987464e-04,4.69025977123028190e-04,8.15420753266733354e-04,2.54552837361804639e-12,4.35669555987061585e-12
370,4.02004776249601349e-04,4.66752684124526634e-04,8.12635026880647367e-04,2.59457501467261167e-12,4.35669555987061585e-12
371,4.00399950349849447e-04,4.64528965041744021e-04,8.09842312956014256e-04,2.52914209480103077e-12,4.35669555987061585e-12
372,3.98833104208212393e-04,4.62825094826371135e-04,8.07059523596268609e-04,2.50861774366468123e-12,4.35669555987061585e-12
373,3.97285821648656761e-04,4.61300508223407577e-04,8.04293079969236832e-04,2.49145552212989149e-12,4.35669555987061585e-12
374,3.95737614822114724e-04,4.59679196998398769e-04,8.01539822642960138e-04,2.54989556441638132e-12,4.35669555987061585e-12
375,3.94189047778375470e-04,4.58036549751745690e-04,7.98799193796059489e-04,2.47895287996858525e-12,4.35669555987061585e-12
376,3.92639736153627388e-04,4.56393213797922162e-04,7.96071160688071439e-04,2.45576261401710288e-12,4.35669555987061585e-12
377,3.91089278878770672e-04,4.54752574206916714e-04,7.93355735670667325e-04,2.46393089191135147e-12,4.35669555987061585e-12
378,3.89538265395488880e-04,4.53112826421330655e-04,7.90652866027316352e-04,2.45799949748352426e-12,4.35669555987061585e-12
379,3.87988166187871705e-04,4.51471186126911085e-04,7.87962425569496976e-04,2.54380390464008939e-12,4.35669555987061585e-12
380,3.86434665022576023e-04,4.49825506417714780e-04,7.85284329563104263e-04,2.41135373812090361e-12,4.35669555987061585e-12
381,3.84887056084463886e-04,4.48174808622485671e-04,7.82619280351967359e-04,2.44802142873411979e-12,4.35669555987061585e-12
382,3.83131159002683024e-04,4.46519581108308485e-04,7.79961047759370916e-04,2.44402791196407102e-12,4.35669555987061585e-12
383,3.81438892568043133e-04,4.44854021537820850e-04,7.77310922669228479e-04,2.51265797732520385e-12,4.35669555987061585e-12
384,3.79841477706189829e-04,4.43180518034213069e-04,7.74671352772410781e-04,2.42322698953963659e-12,4.35669555987061585e-12
385,3.78278782212136818e-04,4.41502547348883369e-04,7.72043095974552993e-04,2.42289624305503435e-12,4.35669555987061585e-12
386,3.76732903826832832e-04,4.39821456350572744e-04,7.69426273189483326e-04,2.40716377522223267e-12,4.35669555987061585e-12
387,3.75199712474007414e-04,4.38138298995800366e-04,7.66820762387875141e-04,2.46504449926514488e-12,4.35669555987061585e-12
388,3.73678751317229306e-04,4.36454435797458469e-04,7.64226363544464400e-04,2.44089414589010798e-12,4.35669555987061585e-12
389,3.72170062162511801e-04,4.34771523662757825e-04,7.61642873018040221e-04,2.39566363212458173e-12,4.35669555987061585e-12
390,3.70673452770872898e-04,4.33091316546334586e-04,7.59070115347460568e-04,2.44405795945755380e-12,4.35669555987061585e-12
391,3.69188474504430976e-04,4.31415466027675369e-04,7.56507952651813784e-04,2.39474610007587791e-12,4.35669555987061585e-12
392,3.67714530475450239e-04,4.29745392199246319e-04,7.53956282591901122e-04,2.39371496333777881e-12,4.35669555987061585e-12
393,3.66250962121302318e-04,4.28082034480609976e-04,7.51415043486578123e-04,2.33182993695389170e-12,4.35669555987061585e-12
394,3.64796547662610759e-04,4.26426231647554640e-04,7.48884172215525594e-04,2.33911905018824144e-12,4.35669555987061585e-12
395,3.63350894028941288e-04,4.24778794385448051e-04,7.46363627982212451e-04,2.31725211556656175e-12,4.35669555987061585e-12
396,3.61913739811869754e-04,4.23140036511848846e-04,7.43853382699605778e-04,2.36405021767607898e-12,4.35669555987061585e-12
397,3.60484643487013240e-04,4.21510058404613930e-04,7.41353411836059438e-04,2.32056142144072864e-12,4.35669555987061585e-12
398,3.59063097998374729e-04,4.19888873201163871e-04,7.38863692283166749e-04,2.40240806412853420e-12,4.35669555987061585e-12
399,3.57648616875953546e-04,4.18276407793552755e-04,7.36384201235989544e-04,2.30503245017947732e-12,4.35669555987061585e-12
400,3.56240760824242059e-04,4.16672511049338194e-04,7.33914915139096020e-04,2.34320197722209983e-12,4.35669555987061585e-12
401,3.54839149629730991e-04,4.15076981952184503e-04,7.31455808974572222e-04,2.30527413345306358e-12,4.35669555987061585e-12
402,3.53443457799521000e-04,4.13489586683286870e-04,7.29006855801416745e-04,2.28416500295182016e-12,4.35669555987061585e-12
403,3.52053415422716258e-04,4.11910080904130216e-04,7.26568026607980386e-04,2.36897828646432069e-12,4.35669555987061585e-12
404,3.50668798224301650e-04,4.10338218366779845e-04,7.24139290216744896e-04,2.33586289245035503e-12,4.35669555987061585e-12
405,3.49289425401597435e-04,4.08773763260088566e-04,7.21720613438328476e-04,2.23900708419321636e-12,4.35669555987061585e-12
406,3.47915151899500592e-04,4.06929381059349920e-04,7.19301807665650929e-04,2.24868728796795868e-12,4.35669555987061585e-12
407,3.46551443098042696e-04,4.04949020693853737e-04,7.16874905574749460e-04,3.02621415724944952e-12,4.35669555987061585e-12
408,3.45204913563409543e-04,4.03365585924040011e-04,7.14452739580169320e-04,2.36653681894372961e-12,4.35669555987061585e-12
409,3.43870408506525291e-04,4.01899433295086980e-04,7.12039299517697026e-04,3.01307405300848145e-12,4.35669555987061585e-12
410,3.42541264814293729e-04,4.00474784672174677e-04,7.09635923890554682e-04,2.99256938736490671e-12,4.35669555987061585e-12
411,3.41211928978738617e-04,3.99068910629350011e-04,7.07243178843856802e-04,2.98447978201056379e-12,4.35669555987061585e-12
412,3.39879641969852240e-04,3.97672013997486719e-04,7.04861352182073095e-04,2.97837329488020583e-12,4.35669555987061585e-12
413,3.38544118531564097e-04,3.96277603043648872e-04,7.02490574779263089e-04,2.97272288931332281e-12,4.35669555987061585e-12
414,3.37206531993672744e-04,3.94880819732997804e-04,7.00130859948099363e-04,2.96776877194404674e-12,4.35669555987061585e-12
415,3.35868688037318651e-04,3.93478361817824836e-04,6.97782133295249060e-04,2.94345847963941653e-12,4.35669555987061585e-12
416,3.34532407160132285e-04,3.92068445709706367e-04,6.95444259299049061e-04,2.93330082521547096e-12,4.35669555987061585e-12
417,3.33199283248670835e-04,3.90650578899645216e-04,6.93117066535325031e-04,2.92749546026211011e-12,4.35669555987061585e-12
418,3.31861916028746318e-04,3.89225235146049050e-04,6.90800250613077369e-04,2.97191970958717027e-12,4.35669555987061585e-12
419,3.30535700557619747e-04,3.87793352110877665e-04,6.88493707244258908e-04,2.92197189241178131e-12,4.35669555987061585e-12
420,3.29216289865760260e-04,3.86356731740995188e-04,6.86197272746153723e-04,2.91831434860429993e-12,4.35669555987061585e-12
421,3.27903505898358789e-04,3.84916811807152546e-04,6.83910787587668724e-04,2.94305049848322859e-12,4.35669555987061585e-12
422,3.26597557278313750e-04,3.83475018063536978e-04,6.81634108737391676e-04,2.88582730188951447e-12,4.35669555987061585e-12
423,3.25298479448763963e-04,3.82032725444063739e-04,6.79367109491811291e-04,2.87669241316486067e-12,4.35669555987061585e-12
424,3.24006230547023910e-04,3.80591182407343138e-04,6.77109677845552215e-04,2.87011132581442447e-12,4.35669555987061585e-12
425,3.22720738200596435e-04,3.79151473824325684e-04,6.74861714714552964e-04,2.87333262328827345e-12,4.35669555987061585e-12
426,3.21441910647695653e-04,3.77714514428533214e-04,6.72623132325735778e-04,2.92443998664257964e-12,4.35669555987061585e-12
427,3.20169633894576834e-04,3.76281058651265279e-04,6.70393852701961371e-04,2.84621118230199271e-12,4.35669555987061585e-12
428,3.18903775919783603e-04,3.74851716155766193e-04,6.68173806333331472e-04,2.82891031842654157e-12,4.35669555987061585e-12
429,3.17644187359342515e-04,3.73426968808766499e-04,6.65962930812492599e-04,2.82460306484522026e-12,4.35669555987061585e-12
430,3.16390711794501376e-04,3.72007189856483065e-04,6.63761169713283374e-04,2.83410389455225961e-12,4.35669555987061585e-12
431,3.15143189487392399e-04,3.70592658155155530e-04,6.61568471462327802e-04,2.81933294180754823e-12,4.35669555987061585e-12
432,3.13901464337464368e-04,3.69183577722923624e-04,6.59384788446976925e-04,2.80327596518070479e-12,4.35669555987061585e-12
433,3.12665387355028806e-04,3.67780089119392752e-04,6.57210076183514227e-04,2.79741480545155830e-12,4.35669555987061585e-12
434,3.11434819027039630e-04,3.66382283454683882e-04,6.55044292612930873e-04,2.76320616723215700e-12,4.35669555987061585e-12
435,3.10209631568348547e-04,3.64990211880276386e-04,6.52887397570679718e-04,2.77096027747631369e-12,4.35669555987061585e-12
436,3.08989708810559853e-04,3.63602700234093128e-04,6.50739121332771634e-04,2.75674230071780853e-12,4.35669555987061585e-12
437,3.07774929163661456e-04,3.62221350685744739e-04,6.48599543317541051e-04,2.74514244065873452e-12,4.35669555987061585e-12
438,3.06565259580452853e-04,3.60846104824241146e-04,6.46468721084644663e-04,2.75095737508862013e-12,4.35669555987061585e-12
439,3.05360610798038684e-04,3.59476680274331941e-04,6.44346644041845747e-04,2.72475775081223735e-12,4.35669555987061585e-12
440,3.04160888288972314e-04,3.58112976985820589e-04,6.42233282763978331e-04,2.71509313324107936e-12,4.35669555987061585e-12
441,3.02966020577634756e-04,3.56722197226087855e-04,6.40131312589337065e-04,2.69860090306761096e-12,4.35669555987061585e-12
442,3.01787494509888688e-04,3.55314972367741359e-04,6.38039137949375414e-04,2.73573088682363061e-12,4.35669555987061585e-12
443,3.00617708504311249e-04,3.53899622715381343e-04,6.35955646146527998e-04,2.71135665930492518e-12,4.35669555987061585e-12
444,2.99451331780105020e-04,3.52490581699611068e-04,6.33880317910243888e-04,2.68995100977474971e-12,4.35669555987061585e-12
445,2.98286377972649256e-04,3.51094440900716256e-04,6.31812979301707694e-04,2.67475077369806470e-12,4.35669555987061585e-12
446,2.97122579764272647e-04,3.49713306685901261e-04,6.29753629944473903e-04,2.66318208253072091e-12,4.35669555987061585e-12
447,2.95960430983402618e-04,3.48346999654907546e-04,6.27702334919920087e-04,2.67518232169089430e-12,4.35669555987061585e-12
448,2.94800621950936075e-04,3.46993799112598335e-04,6.25659017299730314e-04,2.67123518089411451e-12,4.35669555987061585e-12
449,2.93643638442119220e-04,3.45653013276668033e-04,6.23623808937189819e-04,2.65412376312169061e-12,4.35669555987061585e-12
450,2.92490024689367046e-04,3.44323153528611051e-04,6.21596809330142376e-04,2.66831046097902592e-12,4.35669555987061585e-12
451,2.91340149423288750e-04,3.43002817409494766e-04,6.19578051154543678e-04,2.63213988744362658e-12,4.35669555987061585e-12
452,2.90194218406084471e-04,3.41690960658357133e-04,6.17567537828251083e-04,2.61349696635546943e-12,4.35669555987061585e-12
453,2.89052352371330611e-04,3.40386785483479180e-04,6.15565256844241180e-04,2.62374905758910329e-12,4.35669555987061585e-12
454,2.87914623916472477e-04,3.39089680997928830e-04,6.13571186027046019e-04,2.58455394838921094e-12,4.35669555987061585e-12
455,2.86781078189060320e-04,3.37799178948278297e-04,6.11585297233536171e-04,2.59622937784826939e-12,4.35669555987061585e-12
456,2.85651743233083036e-04,3.36514918760275647e-04,6.09607558556993050e-04,2.57407729797368935e-12,4.35669555987061585e-12
457,2.84526638590405551e-04,3.35231628373387628e-04,6.07637814947613797e-04,2.58030339506371141e-12,4.35669555987061585e-12
458,2.83405863787695371e-04,3.33951865432294975e-04,6.05675978161305606e-04,2.58420922593575484e-12,4.35669555987061585e-12
459,2.82289438057056687e-04,3.32683069446614162e-04,6.03722148566535922e-04,2.57100198806135533e-12,4.35669555987061585e-12
460,2.81177255042912484e-04,3.31420955954154941e-04,6.01776319699923049e-04,2.56816229276498233e-12,4.35669555987061585e-12
461,2.80069328496339537e-04,3.30164481063181510e-04,5.99838461517035741e-04,2.53786009198346584e-12,4.35669555987061585e-12
462,2.78965666438798078e-04,3.28913340680679752e-04,5.97908538820554657e-04,2.54516850453100832e-12,4.35669555987061585e-12
463,2.77866271264966421e-04,3.27667411930904011e-04,5.95986515298046701e-04,2.52986774131464630e-12,4.35669555987061585e-12
464,2.76771147483940083e-04,3.26426621413803005e-04,5.94072354603577255e-04,2.51110205931071756e-12,4.35669555987061585e-12
465,2.75680298992938470e-04,3.25190914182752009e-04,5.92166020608976529e-04,2.49928533551420721e-12,4.35669555987061585e-12
466,2.74593729252327855e-04,3.23960244872065098e-04,5.90267477533079924e-04,2.52685221669100745e-12,4.35669555987061585e-12
467,2.73511440157767538e-04,3.22734575776173461e-04,5.88376689963363616e-04,2.49768072472626817e-12,4.35669555987061585e-12
468,2.72433433792915636e-04,3.21513873391334566e-04,5.86493622876115483e-04,2.48947741737032285e-12,4.35669555987061585e-12
469,2.71359710831087177e-04,3.20298108790566130e-04,5.84618241589978131e-04,2.50222598345099618e-12,4.35669555987061585e-12
470,2.70290272680316927e-04,3.19087256071442929e-04,5.82750511777670524e-04,2.46918115783109096e-12,4.35669555987061585e-12
471,2.69225119294723024e-04,3.17881291950692030e-04,5.80890399422511481e-04,2.44896630643818834e-12,4.35669555987061585e-12
472,2.68164250227076245e-04,3.16680194050048610e-04,5.79037870819112152e-04,2.47405620225743960e-12,4.35669555987061585e-12
473,2.67107664410218021e-04,3.15483943197787371e-04,5.77192892579448964e-04,2.47076157740641781e-12,4.35669555987061585e-12
474,2.66055359854930427e-04,3.14292520282648269e-04,5.75355431600657174e-04,2.43464905434692720e-12,4.35669555987061585e-12
475,2.65007333152884775e-04,3.13105907551135905e-04,5.73525455068113477e-04,2.41749482084391622e-12,4.35669555987061585e-12
476,2.63963579470487687e-04,3.11924087036639550e-04,5.71702930440951820e-04,2.42354901778543081e-12,4.35669555987061585e-12
477,2.62924093590123978e-04,3.10747041988734807e-04,5.69887825456841593e-04,2.41454456173563921e-12,4.35669555987061585e-12
478,2.61888869270347920e-04,3.09574755486845407e-04,5.68080108127267118e-04,2.41842791047683116e-12,4.35669555987061585e-12
479,2.60857128277992910e-04,3.08407210141445223e-04,5.66279769601955125e-04,2.43380755768768202e-12,4.35669555987061585e-12
480,2.59829636954930418e-04,3.07244455191871475e-04,5.64486774161964897e-04,2.40211564036889155e-12,4.35669555987061585e-12
481,2.58806848337646809e-04,3.06086458238333952e-04,5.62701072763196379e-04,2.37643543408857115e-12,4.35669555987061585e-12
482,2.57788430346878039e-04,3.04933151023184046e-04,5.60922630143120891e-04,2.36425239713333806e-12,4.35669555987061585e-12
483,2.56774280128652512e-04,3.03784507474110508e-04,5.59151414642866185e-04,2.36812624188368867e-12,4.35669555987061585e-12
484,2.55764358248804929e-04,3.02640510086579328e-04,5.57387395655696148e-04,2.35753933811068557e-12,4.35669555987061585e-12
485,2.54758643386826240e-04,3.01501143146382848e-04,5.55630542963531657e-04,2.33390822299737987e-12,4.35669555987061585e-12
486,2.53757119656895466e-04,3.00366389804462516e-04,5.53880826588118783e-04,2.40556131735370282e-12,4.35669555987061585e-12
487,2.52759772510435907e-04,2.99236234256187181e-04,5.52138216729152181e-04,2.35755333021716715e-12,4.35669555987061585e-12
488,2.51766588853928510e-04,2.98110658737695986e-04,5.50402683755323594e-04,2.37949725840312846e-12,4.35669555987061585e-12
489,2.50777554238873967e-04,2.96989645476686097e-04,5.48674198202857744e-04,2.33720221066772733e-12,4.35669555987061585e-12
490,2.49792654777564887e-04,2.95873176703821867e-04,5.46952730737848558e-04,3.03807321406794310e-12,4.35669555987061585e-12
491,2.48811874271830753e-04,2.94761235106643510e-04,5.45238252179730087e-04,3.02920305850789006e-12,4.35669555987061585e-12
492,2.47835204086633079e-04,2.93653799370803277e-04,5.43530733533896136e-04,3.03601086509595873e-12,4.35669555987061585e-12
493,2.46862625062335098e-04,2.92559787870087437e-04,5.41830305800348241e-04,2.99959156858004270e-12,4.35669555987061585e-12
494,2.45893791469906336e-04,2.91507568005294911e-04,5.40137603020704980e-04,3.00894356718846530e-12,4.35669555987061585e-12
495,2.44927582700594463e-04,2.90418130002869930e-04,5.38452030767840235e-04,3.00273974352508749e-12,4.35669555987061585e-12
496,2.43966166039010803e-04,2.89322617919291804e-04,5.36773339780954287e-04,2.99549905080315700e-12,4.35669555987061585e-12
497,2.43009215616432454e-04,2.88229135194536265e-04,5.35101398922508591e-04,2.96721496209733376e-12,4.35669555987061585e-12
498,2.42055961600689130e-04,2.87140111811738544e-04,5.33436136014223084e-04,2.97130922772864402e-12,4.35669555987061585e-12
499,2.41105935803605562e-04,2.86055489685851938e-04,5.31777465764867851e-04,2.96026740476122574e-12,4.35669555987061585e-12
500,2.40158320187025602e-04,2.84978051178581631e-04,5.30125400071459465e-04,2.93240597226349117e-12,4.35669555987061585e-12
501,2.39213535769705919e-04,2.83906157384815848e-04,5.28479933533791820e-04,2.92698110676362599e-12,4.35669555987061585e-12
502,2.38272077737567968e-04,2.82839275456110294e-04,5.26841053755702370e-04,2.92430179362904422e-12,4.35669555987061585e-12
503,2.37334314716458096e-04,2.81777185574748150e-04,5.25208744580758801e-04,2.91924650232994292e-12,4.35669555987061585e-12
504,2.36400480120355230e-04,2.80719772117969733e-04,5.23582987640142604e-04,2.89138490310513762e-12,4.35669555987061585e-12
505,2.35470705947582855e-04,2.79666954239083017e-04,5.21963763097386567e-04,2.89709349849594142e-12,4.35669555987061585e-12
506,2.34545057703837759e-04,2.78618665907980133e-04,5.20351050095378643e-04,2.88873477271703713e-12,4.35669555987061585e-12
507,2.33623559259828656e-04,2.77584862027916270e-04,5.18745008580145960e-04,2.87708513112156731e-12,4.35669555987061585e-12
508,2.32706203319583125e-04,2.76574708951546528e-04,5.17145960203092381e-04,2.86464336593529130e-12,4.35669555987061585e-12
509,2.31792958235971128e-04,2.75544135046884662e-04,5.15553456868454718e-04,2.84996928470832906e-12,4.35669555987061585e-12
510,2.30883828643096799e-04,2.74514372220500415e-04,5.13967390926584121e-04,2.83495534282582903e-12,4.35669555987061585e-12
511,2.29978810333102064e-04,2.73488839076117785e-04,5.12387723803013292e-04,2.83124296459744090e-12,4.35669555987061585e-12
512,2.29077796518118419e-04,2.72467792201039989e-04,5.10814427072431732e-04,2.82115766516919625e-12,4.35669555987061585e-12
513,2.28180789341905966e-04,2.71451092765790465e-04,5.09247476034010928e-04,2.82608453036414005e-12,4.35669555987061585e-12
514,2.27287768126589848e-04,2.70438617239630462e-04,5.07686846716042255e-04,2.81545193810294963e-12,4.35669555987061585e-12
515,2.26398704085584428e-04,2.69430287175614154e-04,5.06132515269821343e-04,2.79622984491578607e-12,4.35669555987061585e-12
516,2.25513567130025634e-04,2.68426050143869357e-04,5.04584457795452242e-04,2.77445835142035002e-12,4.35669555987061585e-12
517,2.24632327282097636e-04,2.67425869721827226e-04,5.03042650373957908e-04,2.78012955186054966e-12,4.35669555987061585e-12
518,2.23754955446534579e-04,2.66429720070935055e-04,5.01507069059175907e-04,2.75862326726183249e-12,4.35669555987061585e-12
519,2.22881423163692641e-04,2.65437578399906461e-04,4.99977689893388809e-04,2.77109187786764528e-12,4.35669555987061585e-12
520,2.22011702806915867e-04,2.64449425107324493e-04,4.98454488917066834e-04,2.73357151950612538e-12,4.35669555987061585e-12
521,2.21145767855528412e-04,2.63465243960323025e-04,4.96937442199245241e-04,2.73979999242787528e-12,4.35669555987061585e-12
522,2.20283592923881859e-04,2.62485017224074182e-04,4.95426525786652589e-04,2.73339123004294319e-12,4.35669555987061585e-12
523,2.19425152041086786e-04,2.61508729270627154e-04,4.93921715761846741e-04,2.70594915319098665e-12,4.35669555987061585e-12
524,2.18570422311469855e-04,2.60536364914546186e-04,4.92422988241670093e-04,2.73967691624267373e-12,4.35669555987061585e-12
525,2.17719379921153437e-04,2.59567908158172189e-04,4.90930319347632205e-04,2.69314801948452665e-12,4.35669555987061585e-12
526,2.16872002195438472e-04,2.58603344359627555e-04,4.89443685259737080e-04,2.68313709947824872e-12,4.35669555987061585e-12
527,2.16028267510265376e-04,2.57642657078116619e-04,4.87963062184530857e-04,2.72006785254988977e-12,4.35669555987061585e-12
528,2.15188154871664511e-04,2.56685831470605840e-04,4.86488426358330783e-04,2.66585023592212201e-12,4.35669555987061585e-12
529,2.14351642704476737e-04,2.55732852796487884e-04,4.85019754089156894e-04,2.66233844353325147e-12,4.35669555987061585e-12
530,2.13518711604589867e-04,2.54783700499244890e-04,4.83557021476822455e-04,2.67247582437725937e-12,4.35669555987061585e-12
531,2.12689341660082451e-04,2.53838365825227632e-04,4.82100204978209382e-04,2.64777949198547730e-12,4.35669555987061585e-12
532,2.11863513823447590e-04,2.52896832627274866e-04,4.80649281109254512e-04,2.63557165074688108e-12,4.35669555987061585e-12
533,2.11041209935194311e-04,2.51959084654409680e-04,4.79204226413743441e-04,2.62919299626014252e-12,4.35669555987061585e-12
534,2.10222411261132064e-04,2.51025106644078052e-04,4.77765017464915694e-04,2.61813754336124489e-12,4.35669555987061585e-12
535,2.09407099728451703e-04,2.50094882389682611e-04,4.76331630890790378e-04,2.61303129024343231e-12,4.35669555987061585e-12
536,2.08595258112327035e-04,2.49168397494684869e-04,4.74904043388286188e-04,2.59557333133318468e-12,4.35669555987061585e-12
537,2.07786868863682478e-04,2.48245635527443841e-04,4.73482231719578534e-04,2.60343555475829661e-12,4.35669555987061585e-12
538,2.06981914620955052e-04,2.47326581847775334e-04,4.72066172699077467e-04,2.58189661719416011e-12,4.35669555987061585e-12
539,2.06180379222813207e-04,2.46411220759429870e-04,4.70655843236406047e-04,2.58471399789501324e-12,4.35669555987061585e-12
540,2.05382245728650501e-04,2.45499537816700722e-04,4.69251220292155188e-04,2.58234414056926058e-12,4.35669555987061585e-12
541,2.04587497692890885e-04,2.44591516345349727e-04,4.67852280909152648e-04,2.56562185297920365e-12,4.35669555987061585e-12
542,2.03796119261275346e-04,2.43687142732172354e-04,4.66459002220186993e-04,2.56295444773469909e-12,4.35669555987061585e-12
543,2.03008094279503819e-04,2.42786401140264793e-04,4.65071361413125508e-04,2.55139716746813137e-12,4.35669555987061585e-12
544,2.02223406702019113e-04,2.41889276380781909e-04,4.63689335760251943e-04,2.55204412778490917e-12,4.35669555987061585e-12
545,2.01442041215444442e-04,2.40995754038910147e-04,4.62312902631453347e-04,2.53198424422223542e-12,4.35669555987061585e-12
546,2.00663982080867922e-04,2.40105817912447060e-04,4.60942039436764990e-04,2.52240171146882689e-12,4.35669555987061585e-12
547,1.99889214306314932e-04,2.39219449604723719e-04,4.59576723584948096e-04,2.50714949450452946e-12,4.35669555987061585e-12
548,1.99117721839331267e-04,2.38336642052020101e-04,4.58216932781748440e-04,2.49800909761700015e-12,4.35669555987061585e-12
549,1.98349490294129197e-04,2.37457377877183998e-04,4.56862644747660525e-04,2.49488232270856359e-12,4.35669555987061585e-12
550,1.97584504198198381e-04,2.36581641557795770e-04,4.55513837251024045e-04,3.02604909066988969e-12,4.35669555987061585e-12
551,1.96822749026842158e-04,2.35709420142689698e-04,4.54170488221979118e-04,3.02433360719345458e-12,4.35669555987061585e-12
552,1.96064209695662634e-04,2.34840694104937041e-04,4.52832575469363802e-04,3.02255664897383407e-12,4.35669555987061585e-12
553,1.95308870788967999e-04,2.33975452904444669e-04,4.51500077056482096e-04,2.96979023418416063e-12,4.35669555987061585e-12
554,1.94556718643312609e-04,2.33113680636742486e-04,4.50172971123431764e-04,3.03095599536242922e-12,4.35669555987061585e-12
555,1.93807737657414450e-04,2.32255363038356353e-04,4.48851235839205318e-04,2.93072613226661099e-12,4.35669555987061585e-12
556,1.93061914839899135e-04,2.31400485203555380e-04,4.47534849525779179e-04,3.01961845587920713e-12,4.35669555987061585e-12
557,1.92319234016330930e-04,2.30549033326513564e-04,4.46223790517242961e-04,3.00651358920062309e-12,4.35669555987061585e-12
558,1.91579681863424030e-04,2.29700991841736834e-04,4.44918037274810610e-04,2.95569527418011146e-12,4.35669555987061585e-12
559,1.90843243892379629e-04,2.28856348596969344e-04,4.43617568347091820e-04,2.94238693630687254e-12,4.35669555987061585e-12
560,1.90109905856193081e-04,2.28015087144804236e-04,4.42322362357011297e-04,2.96896698817445017e-12,4.35669555987061585e-12
561,1.89379654333077864e-04,2.27177194665906560e-04,4.41032398016263233e-04,2.91301735108331108e-12,4.35669555987061585e-12
562,1.88652474298061149e-04,2.26342655394532572e-04,4.39747654127880486e-04,2.87607387051883476e-12,4.35669555987061585e-12
563,1.87928351880497309e-04,2.25511456928194543e-04,4.38468109575059222e-04,2.92665140692547058e-12,4.35669555987061585e-12
564,1.87207273334668808e-04,2.24683584380390395e-04,4.37193743324133311e-04,2.91297036161418051e-12,4.35669555987061585e-12
565,1.86489225115951050e-04,2.23859023477566624e-04,4.35924534445702018e-04,2.91481685098041390e-12,4.35669555987061585e-12
566,1.85774193150472356e-04,2.23037761175361144e-04,4.34660462076859051e-04,2.83476273095021619e-12,4.35669555987061585e-12
567,1.85062163883688058e-04,2.22219782530822159e-04,4.33401505439126784e-04,2.86555445447237431e-12,4.35669555987061585e-12
568,1.84353123352160871e-04,2.21405074104103129e-04,4.32147643854669309e-04,2.86167374738057023e-12,4.35669555987061585e-12
569,1.83647058538335175e-04,2.20593622011816152e-04,4.30898856726521465e-04,2.88334185077984994e-12,4.35669555987061585e-12
570,1.82943686010074539e-04,2.19785413302410400e-04,4.29655110745281576e-04,2.79692527473379443e-12,4.35669555987061585e-12
571,1.82243418136524357e-04,2.18980431751738413e-04,4.28416392790655401e-04,2.85425367422987342e-12,4.35669555987061585e-12
572,1.81546167117183738e-04,2.18178665289153897e-04,4.27182686545825199e-04,2.80963298417519854e-12,4.35669555987061585e-12
573,1.80851860889915040e-04,2.17380101044625584e-04,4.25953972875522946e-04,2.78383739923496870e-12,4.35669555987061585e-12
574,1.80160468613113303e-04,2.16584724439316016e-04,4.24730231853085133e-04,2.81528983353119804e-12,4.35669555987061585e-12
575,1.79471973070286216e-04,2.15792522266983346e-04,4.23511443473807649e-04,2.80276644908901904e-12,4.35669555987061585e-12
576,1.78786360248135798e-04,2.15003481535419518e-04,4.22297587734843567e-04,2.74985296840401549e-12,4.35669555987061585e-12
577,1.78103616688272861e-04,2.14217588785813533e-04,4.21088644714131166e-04,2.76271102721223945e-12,4.35669555987061585e-12
578,1.77423729000568230e-04,2.13434830286445638e-04,4.19884594554995386e-04,2.75775150350358942e-12,4.35669555987061585e-12
579,1.76746684709823729e-04,2.12655192861717146e-04,4.18685417490204863e-04,2.75790094651696815e-12,4.35669555987061585e-12
580,1.76072470359246253e-04,2.11878663523148487e-04,4.17491093785700429e-04,2.74294914638445459e-12,4.35669555987061585e-12
581,1.75397609950930436e-04,2.11105229308884414e-04,4.16301534707584034e-04,2.71021100696670272e-12,4.35669555987061585e-12
582,1.74712192354080435e-04,2.10334929241451536e-04,4.15116417341527210e-04,2.77635340776611758e-12,4.35669555987061585e-12
583,1.74044342394811711e-04,2.09567937069020410e-04,4.13935980249700950e-04,2.73177946855666450e-12,4.35669555987061585e-12
584,1.73384664322053346e-04,2.08803829185327984e-04,4.12760297272206334e-04,2.72557011809012185e-12,4.35669555987061585e-12
585,1.72729626639489043e-04,2.08042741083269808e-04,4.11589382555699486e-04,2.70022352082451303e-12,4.35669555987061585e-12
586,1.72077764770319148e-04,2.07284855979804550e-04,4.10423225419061330e-04,2.65714111162690194e-12,4.35669555987061585e-12
587,1.71428507927573346e-04,2.06530277864194317e-04,4.09261805938890830e-04,2.67040963695217290e-12,4.35669555987061585e-12
588,1.70781639526367305e-04,2.05779041492272870e-04,4.08105102315158052e-04,2.63294995439952364e-12,4.35669555987061585e-12
589,1.70137055684500469e-04,2.05031131282990253e-04,4.06953093711765769e-04,2.66050618227143311e-12,4.35669555987061585e-12
590,1.69494685619865610e-04,2.04286499100562530e-04,4.05805760832318935e-04,2.60951918260992986e-12,4.35669555987061585e-12
591,1.68854477721015436e-04,2.03545076848015409e-04,4.04663085671989561e-04,2.66237813112395648e-12,4.35669555987061585e-12
592,1.68216401267214528e-04,2.02806781564071555e-04,4.03525050849817314e-04,2.60606964203130450e-12,4.35669555987061585e-12
593,1.67580451849564185e-04,2.02071528181092894e-04,4.02391639233919693e-04,2.61044403938498734e-12,4.35669555987061585e-12
594,1.66946644801696016e-04,2.01293938849839382e-04,4.01260841093854250e-04,2.63066516208588399e-12,4.35669555987061585e-12
595,1.66317427799471656e-04,2.00495939505573189e-04,4.00130774044261039e-04,2.58910632547281082e-12,4.35669555987061585e-12
596,1.65691655106175073e-04,1.99772866553585179e-04,3.99004259215457479e-04,2.57723498162440239e-12,4.35669555987061585e-12
597,1.65068544893138029e-04,1.99074374512173374e-04,3.97882156842266994e-04,2.58081346302272702e-12,4.35669555987061585e-12
598,1.64448037589420381e-04,1.98385838804116828e-04,3.96764737694064388e-04,2.59637623327865231e-12,4.35669555987061585e-12
599,1.63829325228315924e-04,1.97702789135127021e-04,3.95652105494902933e-04,2.59526514938105901e-12,4.35669555987061585e-12
600,1.63211754547300529e-04,1.97023219559630975e-04,3.94544307951430234e-04,2.57786442914900892e-12,4.35669555987061585e-12
601,1.62595080752696953e-04,1.96345698291415445e-04,3.93441363121122597e-04,2.56090754589802431e-12,4.35669555987061585e-12
602,1.61979422124124503e-04,1.95669038025588822e-04,3.92343265869947390e-04,2.56116874217731555e-12,4.35669555987061585e-12
603,1.61365100260631839e-04,1.94992340422658791e-04,3.91249991733170989e-04,2.52693624239812938e-12,4.35669555987061585e-12
604,1.60752503828349790e-04,1.94315040579592040e-04,3.90161501494921199e-04,2.53144251791102238e-12,4.35669555987061585e-12
605,1.60142003496444100e-04,1.93636891530766327e-04,3.89077746040324937e-04,2.50455872791483792e-12,4.35669555987061585e-12
606,1.59533910388268602e-04,1.92957903725402620e-04,3.87998670886001017e-04,2.55175560372824348e-12,4.35669555987061585e-12
607,1.58928461413124824e-04,1.92278274589857326e-04,3.86924219776631272e-04,2.51898867817206074e-12,4.35669555987061585e-12
608,1.58325824805960713e-04,1.91598314622590151e-04,3.85854337408310366e-04,2.49864123790923211e-12,4.35669555987061585e-12
609,1.57726107455013109e-04,1.90918395115287890e-04,3.84788971186125067e-04,2.49906586439782153e-12,4.35669555987061585e-12
610,1.57129367498755161e-04,1.90238896475557542e-04,3.83728072081417884e-04,2.44718510324208574e-12,4.35669555987061585e-12
611,1.56535625993373177e-04,1.89560190203403044e-04,3.82671595168013624e-04,3.01608966926370414e-12,4.35669555987061585e-12
612,1.55944875970711938e-04,1.88882612272508218e-04,3.81619499562153505e-04,2.51012281136264142e-12,4.35669555987061585e-12
613,1.55357087021914099e-04,1.88206460576313667e-04,3.80571748070618375e-04,2.46933045629065423e-12,4.35669555987061585e-12
614,1.54772224204964478e-04,1.87531987455328880e-04,3.79528307193186757e-04,2.44031440093709773e-12,4.35669555987061585e-12
615,1.54190236768445059e-04,1.86859406383564083e-04,3.78489146363656357e-04,2.43944124728559094e-12,4.35669555987061585e-12
616,1.53611072291322319e-04,1.86188884976717234e-04,3.77454237646032784e-04,2.42147965704311747e-12,4.35669555987061585e-12
617,1.53034676630462406e-04,1.85520561525222451e-04,3.76423555388513795e-04,2.40728169701414213e-12,4.35669555987061585e-12
618,1.52460994885418827e-04,1.84854541098628038e-04,3.75397075781980596e-04,2.40787613572228812e-12,4.35669555987061585e-12
619,1.51889974377090726e-04,1.84190905378562713e-04,3.74374776566678005e-04,2.42627585646088730e-12,4.35669555987061585e-12
620,1.51321564715410742e-04,1.83529710907002168e-04,3.73356636755635776e-04,2.98244303942995343e-12,4.35669555987061585e-12
621,1.50755719350597267e-04,1.82871001022243574e-04,3.72342636507099801e-04,2.98337104986885657e-12,4.35669555987061585e-12
622,1.50192389111876049e-04,1.82214803133512779e-04,3.71332756549162661e-04,2.93116827845362096e-12,4.35669555987061585e-12
623,1.49631536684385874e-04,1.81561133875321533e-04,3.70326978527204555e-04,2.36530200972725381e-12,4.35669555987061585e-12
624,1.49073120366482109e-04,1.80909999520362160e-04,3.69325284522285119e-04,3.02933160457223285e-12,4.35669555987061585e-12
625,1.48517109420272161e-04,1.80261405555523735e-04,3.68327657271788427e-04,2.99839249491504162e-12,4.35669555987061585e-12
626,1.47963464555738583e-04,1.79615344899029415e-04,3.67334079532152000e-04,3.02897274556822693e-12,4.35669555987061585e-12
627,1.47412159109768550e-04,1.78971813227383808e-04,3.66344534547423958e-04,2.99054789233835551e-12,4.35669555987061585e-12
628,1.46863165888459605e-04,1.78330801619071315e-04,3.65359005816920021e-04,3.00592353608891288e-12,4.35669555987061585e-12
629,1.46316457720788206e-04,1.77692295124508510e-04,3.64377476950939285e-04,2.83632755096589582e-12,4.35669555987061585e-12
630,1.45772010506884059e-04,1.77052093100865096e-04,3.63399841233715047e-04,2.96465885509750835e-12,4.35669555987061585e-12
631,1.45229851746122039e-04,1.76415475768181929e-04,3.62426107906155042e-04,2.97695282427974436e-12,4.35669555987061585e-12
632,1.44689938984638534e-04,1.75783634335728063e-04,3.61456312632534352e-04,2.96969007818739962e-12,4.35669555987061585e-12
633,1.44152230619643782e-04,1.75154766947876610e-04,3.60490450923805225e-04,2.97597711143008586e-12,4.35669555987061585e-12
634,1.43616707412888551e-04,1.74528467723160895e-04,3.59528509609111601e-04,2.89884368148055489e-12,4.35669555987061585e-12
635,1.43083350540624074e-04,1.73904633103995018e-04,3.58570473594034436e-04,2.90493204144210025e-12,4.35669555987061585e-12
636,1.42552144144322617e-04,1.73283228533372444e-04,3.57616327432328483e-04,2.92490458238585126e-12,4.35669555987061585e-12
637,1.42023073736364933e-04,1.72664231340988574e-04,3.56666055562557217e-04,2.87980102658218416e-12,4.35669555987061585e-12
638,1.41496124247620617e-04,1.72047629112902006e-04,3.55719642469071596e-04,2.92721590152742513e-12,4.35669555987061585e-12
639,1.40971284720660720e-04,1.71433406943035364e-04,3.54777072796174221e-04,2.90626424636286040e-12,4.35669555987061585e-12
640,1.40448540477343566e-04,1.70821548553550900e-04,3.53838331113296865e-04,2.90898904928131612e-12,4.35669555987061585e-12
641,1.39927881142431782e-04,1.70212045191237921e-04,3.52903402177048289e-04,2.88648782619075124e-12,4.35669555987061585e-12
642,1.39409295103243741e-04,1.69604881588123640e-04,3.51972270683757781e-04,2.87065109011041471e-12,4.35669555987061585e-12
643,1.38892771550611755e-04,1.69000046743324938e-04,3.51044921457056825e-04,2.84219632454524983e-12,4.35669555987061585e-12
644,1.38378301182679771e-04,1.68397529666146128e-04,3.50121339367942064e-04,2.79531916740803635e-12,4.35669555987061585e-12
645,1.37865874425892380e-04,1.67797321768244393e-04,3.49201509357760281e-04,2.84548711270756354e-12,4.35669555987061585e-12
646,1.37355480381986579e-04,1.67199410185928012e-04,3.48285416318993429e-04,2.77683470341488216e-12,4.35669555987061585e-12
647,1.36847112194294571e-04,1.66603784587337377e-04,3.47373045347802983e-04,2.81343169728496768e-12,4.35669555987061585e-12
648,1.36340758592843936e-04,1.66010440326858977e-04,3.46464381490655467e-04,2.81319412231116825e-12,4.35669555987061585e-12
649,1.35836413015217992e-04,1.65419362968265859e-04,3.45559409910870441e-04,2.81828863652627768e-12,4.35669555987061585e-12
650,1.35334065182125108e-04,1.64830548179503288e-04,3.44658115816032999e-04,2.82870771436641255e-12,4.35669555987061585e-12
651,1.34833707204656464e-04,1.64243984301319168e-04,3.43760484455121610e-04,2.78188580220590851e-12,4.35669555987061585e-12
652,1.34335330819640149e-04,1.63659665117273648e-04,3.42866501131982909e-04,2.78601708640330372e-12,4.35669555987061585e-12
653,1.33838926821235483e-04,1.63077581979110734e-04,3.41976151212300568e-04,2.79154678835694934e-12,4.35669555987061585e-12
654,1.33344487928970315e-04,1.62497726818043223e-04,3.41089420136477027e-04,2.75165858049287791e-12,4.35669555987061585e-12
655,1.32852005875503244e-04,1.61920090920360319e-04,3.40206293437849880e-04,2.77787038447682448e-12,4.35669555987061585e-12
656,1.32361471711092715e-04,1.61344666439457228e-04,3.39326756613966775e-04,2.74295869736384356e-12,4.35669555987061585e-12
657,1.31872878549664090e-04,1.60771447146980964e-04,3.38450795334277455e-04,2.71649768895616692e-12,4.35669555987061585e-12
658,1.31386216947247322e-04,1.60200422921535674e-04,3.37578395217233939e-04,2.75692276057471563e-12,4.35669555987061585e-12
659,1.30901480046511493e-04,1.59631586983957537e-04,3.36709542002100134e-04,2.75245711588261064e-12,4.35669555987061585e-12
660,1.30418659815908166e-04,1.59061125035448331e-04,3.35844155513005053e-04,3.01442024618664016e-12,4.35669555987061585e-12
661,1.29937786471796569e-04,1.58495526552995954e-04,3.34982269566774825e-04,3.00460362088084292e-12,4.35669555987061585e-12
662,1.29458816946381955e-04,1.57932926346104945e-04,3.34123884978471716e-04,2.66929292697388872e-12,4.35669555987061585e-12
663,1.28981740369901499e-04,1.57372661818950117e-04,3.33268990810528087e-04,2.85356486101726683e-12,4.35669555987061585e-12
664,1.28506548069209881e-04,1.56814588510436774e-04,3.32417573869322016e-04,3.02967841308138798e-12,4.35669555987061585e-12
665,1.28033235316238634e-04,1.56258663709081693e-04,3.31569620271157119e-04,2.91485419355927231e-12,4.35669555987061585e-12
666,1.27561793444349849e-04,1.55704874380947799e-04,3.30725116130592964e-04,2.65073412943643853e-12,4.35669555987061585e-12
667,1.27092214901803393e-04,1.55153210564400304e-04,3.29884047564872032e-04,3.00098939423297773e-12,4.35669555987061585e-12
668,1.26624490897255800e-04,1.54603666789857470e-04,3.29046400904176115e-04,2.97173766244960164e-12,4.35669555987061585e-12
669,1.26158617553887470e-04,1.54056226162234574e-04,3.28212162266026172e-04,3.03709140198808653e-12,4.35669555987061585e-12
670,1.25694582189448133e-04,1.53510889863734469e-04,3.27381317972415178e-04,2.58110601497878263e-12,4.35669555987061585e-12
671,1.25232389922187389e-04,1.52967643364484681e-04,3.26553854445276891e-04,2.93354126218181896e-12,4.35669555987061585e-12
672,1.24772014363428026e-04,1.52426487812815635e-04,3.25729758075284808e-04,3.01304208905094047e-12,4.35669555987061585e-12
673,1.24313460604283447e-04,1.51887406686561615e-04,3.24909015242109836e-04,2.98878874289988705e-12,4.35669555987061585e-12
674,1.23856779580606166e-04,1.51350391836354588e-04,3.24091615743804832e-04,2.99168891243037903e-12,4.35669555987061585e-12
675,1.23401879977367727e-04,1.50815444808730266e-04,3.23277545026316628e-04,3.03639692003065684e-12,4.35669555987061585e-12
676,1.22948420613924606e-04,1.50282550429644689e-04,3.22466767866460397e-04,2.99117556185437750e-12,4.35669555987061585e-12
677,1.22496856673553318e-04,1.49751702589546624e-04,3.21659277704031826e-04,3.03158798882823685e-12,4.35669555987061585e-12
678,1.22047228262782745e-04,1.49222896648369094e-04,3.20855071518838910e-04,2.91210730918006443e-12,4.35669555987061585e-12
679,1.21599420360896671e-04,1.48696121462642408e-04,3.20054138791931841e-04,2.98925747241898271e-12,4.35669555987061585e-12
680,1.21153387399849528e-04,1.48171371755258116e-04,3.19256466856378122e-04,2.95296234068664435e-12,4.35669555987061585e-12
681,1.20709130811169635e-04,1.47648636043850245e-04,3.18462042832957329e-04,2.97633040723316407e-12,4.35669555987061585e-12
682,1.20266623707757171e-04,1.47127912905826579e-04,3.17670853462892033e-04,2.92085853672061785e-12,4.35669555987061585e-12
683,1.19825875979913225e-04,1.46609186836419293e-04,3.16882885772812133e-04,2.93369793125893150e-12,4.35669555987061585e-12
684,1.19386871183592956e-04,1.46092456172741952e-04,3.16098126725388384e-04,2.90244286814907443e-12,4.35669555987061585e-12
685,1.18949606270568066e-04,1.45577710947200097e-04,3.15316563331968585e-04,2.89878857195625726e-12,4.35669555987061585e-12
686,1.18514066468688664e-04,1.45064946548301523e-04,3.14538182612953082e-04,2.89560702429458772e-12,4.35669555987061585e-12
687,1.18080258405736636e-04,1.44554150324173138e-04,3.13762971771129151e-04,2.90952977014948144e-12,4.35669555987061585e-12
688,1.17648165785068341e-04,1.44045319435966049e-04,3.12990917946397683e-04,2.96791159520897447e-12,4.35669555987061585e-12
689,1.17217784871832009e-04,1.43538444050730993e-04,3.12222008374952119e-04,2.87555228564738070e-12,4.35669555987061585e-12
690,1.16789108494243072e-04,1.43033519053830852e-04,3.11456230329226064e-04,2.87863819970291383e-12,4.35669555987061585e-12
691,1.16362129838681942e-04,1.42530535122566083e-04,3.10693571110116787e-04,2.93061241820834468e-12,4.35669555987061585e-12
692,1.15936842862917071e-04,1.42029485121808290e-04,3.09934018104228339e-04,2.86349761256141079e-12,4.35669555987061585e-12
693,1.15513240355588111e-04,1.41530362765669834e-04,3.09177558710592654e-04,2.94144172744923718e-12,4.35669555987061585e-12
694,1.15091316073985059e-04,1.41033159759695425e-04,3.08424180395288565e-04,2.79680224235854190e-12,4.35669555987061585e-12
695,1.14671063719317529e-04,1.40537870145662948e-04,3.07673870691026988e-04,2.81888417220640406e-12,4.35669555987061585e-12
696,1.14252476118629795e-04,1.40044484350258417e-04,3.06926617119631772e-04,2.79577733387946611e-12,4.35669555987061585e-12
697,1.13835547292371453e-04,1.39552997389477766e-04,3.06182407303216440e-04,2.77892108932054926e-12,4.35669555987061585e-12
698,1.13420270280802508e-04,1.39063400861645886e-04,3.05441228876025871e-04,2.87366773835327085e-12,4.35669555987061585e-12
699,1.13006638945110249e-04,1.38575687834134397e-04,3.04703069530735525e-04,2.81215635269935521e-12,4.35669555987061585e-12
700,1.12594647021473156e-04,1.38089851147025431e-04,3.03967917030854775e-04,2.75056039297289973e-12,4.35669555987061585e-12
701,1.12184287713716589e-04,1.37605884361491706e-04,3.03235759154454800e-04,2.87702902663239868e-12,4.35669555987061585e-12
702,1.11775554145355233e-04,1.37123779955734338e-04,3.02506583705625955e-04,2.71876913378701205e-12,4.35669555987061585e-12
703,1.11368441321099302e-04,1.36643528176929967e-04,3.01780378575122938e-04,2.83793660781242804e-12,4.35669555987061585e-12
704,1.10962941432724704e-04,1.36165125343915743e-04,3.01057131682389738e-04,2.89410307821157206e-12,4.35669555987061585e-12
705,1.10559048917364757e-04,1.35688564043853961e-04,3.00336830992699354e-04,2.75655223435318249e-12,4.35669555987061585e-12
706,1.10156757201800251e-04,1.35213836617100244e-04,2.99619464513379685e-04,2.73586751310986588e-12,4.35669555987061585e-12
707,1.09756059920495063e-04,1.34740935338572545e-04,2.98905020304128630e-04,2.70816253762418927e-12,4.35669555987061585e-12
708,1.09356951010810020e-04,1.34270044908879160e-04,2.98193493224118539e-04,2.72292273516642235e-12,4.35669555987061585e-12
709,1.08959423769562923e-04,1.33801866936641956e-04,2.97484903525033694e-04,2.66351876908754163e-12,4.35669555987061585e-12
710,1.08563481433022473e-04,1.33334596004813517e-04,2.96779212412897546e-04,2.90888540720966816e-12,4.35669555987061585e-12
711,1.08169159431204553e-04,1.32868897736251618e-04,2.96076399090471217e-04,2.73095082752164623e-12,4.35669555987061585e-12
712,1.07776431693516051e-04,1.32404937441611616e-04,2.95376448305241968e-04,2.65748234847600761e-12,4.35669555987061585e-12
713,1.07385254433001241e-04,1.31942763020149469e-04,2.94679347004643229e-04,2.63989819110573144e-12,4.35669555987061585e-12
714,1.06995603773725638e-04,1.31482382673148878e-04,2.93985083283656581e-04,2.70190068685955664e-12,4.35669555987061585e-12
715,1.06607470840953321e-04,1.31023792942868154e-04,2.93293645701857351e-04,2.68547610906743165e-12,4.35669555987061585e-12
716,1.06220853615703875e-04,1.30566984873297618e-04,2.92605023010425686e-04,2.65036472097795698e-12,4.35669555987061585e-12
717,1.05835752204585422e-04,1.30111947819399248e-04,2.91919204007180311e-04,2.84781828363334796e-12,4.35669555987061585e-12
718,1.05450755238892341e-04,1.29658672821215677e-04,2.91236149122862064e-04,2.75805781571489078e-12,4.35669555987061585e-12
719,1.05060132001333502e-04,1.29207167420872248e-04,2.90555681413608331e-04,2.74042398871064227e-12,4.35669555987061585e-12
720,1.04678733976576514e-04,1.28757546568174469e-04,2.89877930123585048e-04,2.61396872311826679e-12,4.35669555987061585e-12
721,1.04301423128265420e-04,1.28309747003927527e-04,2.89202930718779946e-04,2.58474007296703380e-12,4.35669555987061585e-12
722,1.03926405611650191e-04,1.27863725632939429e-04,2.88530685161733614e-04,2.58162563507328562e-12,4.35669555987061585e-12
723,1.03552929374196552e-04,1.27419531029206672e-04,2.87861184020007552e-04,2.63427059956646748e-12,4.35669555987061585e-12
724,1.03180686567145406e-04,1.26977213883616832e-04,2.87194414977822940e-04,3.03797750565355787e-12,4.35669555987061585e-12
725,1.02809573498865596e-04,1.26536790928641926e-04,2.86530365910044786e-04,3.03321995543009645e-12,4.35669555987061585e-12
726,1.02439574217270290e-04,1.26098233821439503e-04,2.85869025974508795e-04,3.02928420996610284e-12,4.35669555987061585e-12
727,1.02070686345675596e-04,1.25661498056944999e-04,2.85210384964465621e-04,3.03600542872462334e-12,4.35669555987061585e-12
728,1.01702923292126560e-04,1.25226526042040748e-04,2.84554433070968694e-04,2.98537852614641892e-12,4.35669555987061585e-12
729,1.01336303814652425e-04,1.24793259194156178e-04,2.83901160528971495e-04,2.99209401838924073e-12,4.35669555987061585e-12
730,1.00970853579113984e-04,1.24361641567993688e-04,2.83250557299538576e-04,3.01542491108798017e-12,4.35669555987061585e-12
731,1.00606604460592791e-04,1.23931627003487599e-04,2.82602613027393241e-04,2.98462658884877739e-12,4.35669555987061585e-12
732,1.00243591680179700e-04,1.23503177269111621e-04,2.81957316899432420e-04,2.95009100304646477e-12,4.35669555987061585e-12
733,9.98818519393261341e-05,1.23076265504966224e-04,2.81314657844022973e-04,3.00758027128246630e-12,4.35669555987061585e-12
734,9.95214199944395204e-05,1.22650872692478991e-04,2.80674624557205612e-04,2.92333317666303495e-12,4.35669555987061585e-12
735,9.91623265961077938e-05,1.22226990527616355e-04,2.80037205524371355e-04,2.93994772638911222e-12,4.35669555987061585e-12
736,9.88045985141459569e-05,1.21804615926512959e-04,2.79402389225311099e-04,2.96444454889908363e-12,4.35669555987061585e-12
737,9.84482569323248793e-05,1.21383748901302273e-04,2.78770164106041272e-04,2.98744399542516405e-12,4.35669555987061585e-12
738,9.80933176770772684e-05,1.20964396318487023e-04,2.78140518672679909e-04,2.90837927937561516e-12,4.35669555987061585e-12
739,9.77397923640886966e-05,1.20546560894821888e-04,2.77513441502468710e-04,2.91965631302381898e-12,4.35669555987061585e-12
740,9.73876875306376409e-05,1.20130253455313313e-04,2.76888921288337918e-04,2.90913223654849130e-12,4.35669555987061585e-12
741,9.70370070596204522e-05,1.19715478744359587e-04,2.76266946833817297e-04,2.86723527664342159e-12,4.35669555987061585e-12
742,9.66877509644204814e-05,1.19302242874681972e-04,2.75647507071311981e-04,2.86844386181473867e-12,4.35669555987061585e-12
743,9.63399172795485152e-05,1.18890551848849842e-04,2.75030591044020042e-04,2.86759731443757010e-12,4.35669555987061585e-12
744,9.59935017860630730e-05,1.18480408385009583e-04,2.74416187904628960e-04,2.99002536143294840e-12,4.35669555987061585e-12
745,9.56484997627033784e-05,1.18071815148701741e-04,2.73804286905880018e-04,2.88368786127258169e-12,4.35669555987061585e-12
746,9.53049040207339034e-05,1.17664773916385218e-04,2.73194877422415906e-04,2.89250647223522771e-12,4.35669555987061585e-12
747,9.49627076148028428e-05,1.17259284698234615e-04,2.72587948888260471e-04,2.82317689276925512e-12,4.35669555987061585e-12
748,9.46219034912501047e-05,1.16855344928525363e-04,2.71983490841329009e-04,2.82090210025117839e-12,4.35669555987061585e-12
749,9.42824833742013997e-05,1.16452953647963429e-04,2.71381492897090990e-04,2.82086192384181230e-12,4.35669555987061585e-12
750,9.39444395341500503e-05,1.16052108509888472e-04,2.70781944729332085e-04,2.90893661654561354e-12,4.35669555987061585e-12
751,9.36074560355251522e-05,1.15652804946849704e-04,2.70184809619152129e-04,2.79103472498914081e-12,4.35669555987061585e-12
752,9.32719307709313662e-05,1.15255043496472300e-04,2.69590086821486739e-04,2.79445496910384096e-12,4.35669555987061585e-12
753,9.29379045769580380e-05,1.14858819756662213e-04,2.68997779898007164e-04,2.76723956221817413e-12,4.35669555987061585e-12
754,9.26052638772617689e-05,1.14464123663707103e-04,2.68407882148707184e-04,2.79766931642458077e-12,4.35669555987061585e-12
755,9.22739722829574085e-05,1.14070951346979720e-04,2.67820384374351731e-04,2.74304163471651152e-12,4.35669555987061585e-12
756,9.19440151476961799e-05,1.13679296185508012e-04,2.67235276725879460e-04,2.74945260469277701e-12,4.35669555987061585e-12
757,9.16156255653705510e-05,1.13289152579354823e-04,2.66652552928424490e-04,2.76592690375206373e-12,4.35669555987061585e-12
758,9.12889958665328172e-05,1.12900513883811988e-04,2.66072209026785745e-04,2.73407287420855287e-12,4.35669555987061585e-12
759,9.09629203370388931e-05,1.12513373491088370e-04,2.65494224438288771e-04,2.75008981805774287e-12,4.35669555987061585e-12
760,9.06382562576082002e-05,1.12127727057122887e-04,2.64918590741522648e-04,3.03631194493058598e-12,4.35669555987061585e-12
761,9.03148863737334877e-05,1.11743572379646193e-04,2.64345297912005643e-04,2.70207207323837106e-12,4.35669555987061585e-12
762,8.99927993626036855e-05,1.11360888986801847e-04,2.63774336174776533e-04,3.02093181156839548e-12,4.35669555987061585e-12
763,8.96720258570948852e-05,1.10979693292430879e-04,2.63205695917073451e-04,2.69611021630152220e-12,4.35669555987061585e-12
764,8.93540495136213375e-05,1.10599953890447062e-04,2.62639384134180577e-04,3.00258666821569780e-12,4.35669555987061585e-12
765,8.90358846232397092e-05,1.10221686371396108e-04,2.62075374748777488e-04,3.03889332834970474e-12,4.35669555987061585e-12
766,8.87189739425399117e-05,1.09844866221491089e-04,2.61513658058844397e-04,2.97640173270023958e-12,4.35669555987061585e-12
767,8.84033115356960581e-05,1.09469499373961079e-04,2.60954224308312900e-04,3.00425314302748989e-12,4.35669555987061585e-12
768,8.80888947027721163e-05,1.09095578169682213e-04,2.60397063827310835e-04,2.98884077082809041e-12,4.35669555987061585e-12
769,8.77757202443901627e-05,1.08723096310325880e-04,2.59842167019955195e-04,2.95439161205950211e-12,4.35669555987061585e-12
770,8.74637843682467308e-05,1.08352047170320447e-04,2.59289524330069926e-04,2.96314138711723936e-12,4.35669555987061585e-12
771,8.71530815635289722e-05,1.07982426367559650e-04,2.58739126284073656e-04,2.93874193649996243e-12,4.35669555987061585e-12
772,8.68436067596686133e-05,1.07614225950262640e-04,2.58190963403178082e-04,3.00669691677448928e-12,4.35669555987061585e-12
773,8.65353551888093650e-05,1.07247442253809839e-04,2.57645026283442305e-04,2.90542583608190677e-12,4.35669555987061585e-12
774,8.62283223722939816e-05,1.06882067773688894e-04,2.57101305540352598e-04,2.92198672607181068e-12,4.35669555987061585e-12
775,8.59225021627625662e-05,1.06518098006685760e-04,2.56559791850056508e-04,2.91697976274678924e-12,4.35669555987061585e-12
776,8.56178904634385170e-05,1.06155526417578313e-04,2.56020475874867105e-04,2.88354382927579295e-12,4.35669555987061585e-12
777,8.53144820377525721e-05,1.05794347754312878e-04,2.55483348381475557e-04,2.94719410049636333e-12,4.35669555987061585e-12
778,8.50122719826396355e-05,1.05434557033760488e-04,2.54948400135439335e-04,2.87703308576700378e-12,4.35669555987061585e-12
779,8.47112557029255312e-05,1.05076147118072466e-04,2.54415621906804615e-04,2.87082029891344924e-12,4.35669555987061585e-12
780,8.44114279052604621e-05,1.04719114355251056e-04,2.53885004573784412e-04,2.85102308847805006e-12,4.35669555987061585e-12
781,8.41127839878583807e-05,1.04363452042736539e-04,2.53356539005270855e-04,2.84768786528059462e-12,4.35669555987061585e-12
782,8.38153192013793005e-05,1.04009155320638702e-04,2.52830216122482869e-04,2.83695211363299586e-12,4.35669555987061585e-12
783,8.35190281986561764e-05,1.03656217674799801e-04,2.52306026841854633e-04,2.83029278487935696e-12,4.35669555987061585e-12
784,8.32239071586469607e-05,1.03304635241041287e-04,2.51783962177244561e-04,2.87032604519174298e-12,4.35669555987061585e-12
785,8.29299502402360439e-05,1.02954400775881873e-04,2.51264013121576862e-04,2.83840751669515876e-12,4.35669555987061585e-12
786,8.26371539069398610e-05,1.02605511100358919e-04,2.50746170743644742e-04,2.80157330997198463e-12,4.35669555987061585e-12
787,8.23455127978956164e-05,1.02257960664875266e-04,2.50230426138758281e-04,2.78634729388392732e-12,4.35669555987061585e-12
788,8.20550221385550404e-05,1.01911741479355177e-04,2.49716770386987580e-04,2.77674373210375831e-12,4.35669555987061585e-12
789,8.17656775091052287e-05,1.01566851557593777e-04,2.49205194678107792e-04,2.79534274034864125e-12,4.35669555987061585e-12
790,8.14774741474922980e-05,1.01223283437351500e-04,2.48695690169491114e-04,2.87475847841697698e-12,4.35669555987061585e-12
791,8.11904075269794477e-05,1.00881033538849756e-04,2.48188248122316031e-04,2.79887447078430099e-12,4.35669555987061585e-12
792,8.09044736381028421e-05,1.00540094157603450e-04,2.47682859740612298e-04,2.74184842240142985e-12,4.35669555987061585e-12
793,8.06196669986754841e-05,1.00200464290113228e-04,2.47179516347796483e-04,2.72446620328779598e-12,4.35669555987061585e-12
794,8.03359833991765260e-05,9.98621354810611439e-05,2.46678209253635644e-04,2.77633608165510789e-12,4.35669555987061585e-12
795,8.00534183650840320e-05,9.95251021243209153e-05,2.46178929812867976e-04,2.71929642414533733e-12,4.35669555987061585e-12
796,7.97719675856499140e-05,9.91893627225047981e-05,2.45681669402927384e-04,2.72279628209223641e-12,4.35669555987061585e-12
797,7.94916264663835719e-05,9.88549094267222959e-05,2.45186419452342915e-04,2.70882111175683678e-12,4.35669555987061585e-12
798,7.92123903998844848e-05,9.85217369422358193e-05,2.44693171404821905e-04,2.71321303365153497e-12,4.35669555987061585e-12
799,7.89342549967564307e-05,9.81902689989427971e-05,2.44201921606812013e-04,2.68585538057521125e-12,4.35669555987061585e-12
800,7.86571911687507268e-05,9.78609693037164896e-05,2.43712671156626844e-04,2.70590281028685163e-12,4.35669555987061585e-12
801,7.83811322126542028e-05,9.75319695591564021e-05,2.43225399617486579e-04,2.66429086082003196e-12,4.35669555987061585e-12
802,7.81061049831187159e-05,9.72039710105632263e-05,2.42740096528501931e-04,2.67623679513665347e-12,4.35669555987061585e-12
803,7.78321447351729259e-05,9.68771346526997172e-05,2.42256753087011662e-04,2.72074589431771767e-12,4.35669555987061585e-12
804,7.75592729179812041e-05,9.65515039380266071e-05,2.41775360793251485e-04,2.63788147075381828e-12,4.35669555987061585e-12
805,7.72874923561967680e-05,9.62270959709728531e-05,2.41295911029540503e-04,3.00026486582288667e-12,4.35669555987061585e-12
806,7.70168116044394528e-05,9.59039196266974451e-05,2.40818395445985918e-04,2.98586934000009090e-12,4.35669555987061585e-12
807,7.67472178015173159e-05,9.55819736145711586e-05,2.40342805655938851e-04,2.63364042121518938e-12,4.35669555987061585e-12
808,7.64787054327810867e-05,9.52612607006292106e-05,2.39869133388161549e-04,3.01062643939650949e-12,4.35669555987061585e-12
809,7.62112738861963620e-05,9.49417835056346236e-05,2.39397370478161006e-04,2.97059159646699274e-12,4.35669555987061585e-12
810,7.59449100160998594e-05,9.46235310072797106e-05,2.38927508729691156e-04,2.95675894580815018e-12,4.35669555987061585e-12
811,7.56796081184719926e-05,9.43065056194457817e-05,2.38459540042009540e-04,2.99300057056238947e-12,4.35669555987061585e-12
812,7.54153621824693951e-05,9.39907009298076169e-05,2.37993456345365613e-04,2.92109247021572046e-12,4.35669555987061585e-12
813,7.51521653977836731e-05,9.36761117329469665e-05,2.37529249588898047e-04,3.00928167635151864e-12,4.35669555987061585e-12
814,7.48900119976830082e-05,9.33627332926287447e-05,2.37066911768294433e-04,2.98443136887036510e-12,4.35669555987061585e-12
815,7.46288963478264789e-05,9.30505597535230316e-05,2.36606434889937990e-04,2.89481167168195240e-12,4.35669555987061585e-12
816,7.43688133958119308e-05,9.27395862512924194e-05,2.36147811043815631e-04,2.93176050244289003e-12,4.35669555987061585e-12
817,7.41097570486507422e-05,9.24298086865900289e-05,2.35691032300011844e-04,2.88516574177654465e-12,4.35669555987061585e-12
818,7.38517229470046646e-05,9.21212198780345701e-05,2.35236090739575734e-04,2.92623405130943747e-12,4.35669555987061585e-12
819,7.35947057035502711e-05,9.18138164407552090e-05,2.34782978494615252e-04,2.87066772383636269e-12,4.35669555987061585e-12
820,7.33387030727513257e-05,9.15075898728883038e-05,2.34331687741072049e-04,2.84573034003720005e-12,4.35669555987061585e-12
821,7.30837080050065151e-05,9.12025389610591304e-05,2.33882210660110430e-04,2.88458007429831805e-12,4.35669555987061585e-12
822,7.28297167589251243e-05,9.08986582753787284e-05,2.33434539464965295e-04,2.84550984784919548e-12,4.35669555987061585e-12
823,7.25767262646148447e-05,9.05959406294804161e-05,2.32988666400100737e-04,2.89938816669415950e-12,4.35669555987061585e-12
824,7.23247312958170822e-05,9.02943816595370090e-05,2.32544583713159922e-04,2.87129260404171702e-12,4.35669555987061585e-12
825,7.20737277224427572e-05,8.99939800072746082e-05,2.32102283726447022e-04,2.82093928220158414e-12,4.35669555987061585e-12
826,7.18237123076250270e-05,8.96947274576353749e-05,2.31661758744328058e-04,2.86216037100021238e-12,4.35669555987061585e-12
827,7.15746800823338755e-05,8.93966220444500706e-05,2.31223001107960639e-04,2.79754493889544706e-12,4.35669555987061585e-12
828,7.13266288815840029e-05,8.90996545235897276e-05,2.30786003215656497e-04,2.80280084779677114e-12,4.35669555987061585e-12
829,7.10795522359529045e-05,8.88038252864940342e-05,2.30350757457594221e-04,2.76738750677983055e-12,4.35669555987061585e-12
830,7.08334480697326343e-05,8.85091267966834933e-05,2.29917256265901404e-04,2.81581012983711510e-12,4.35669555987061585e-12
831,7.05883113844189776e-05,8.82155568838028601e-05,2.29485492103153287e-04,2.75696427173333536e-12,4.35669555987061585e-12
832,7.03438812266330338e-05,8.79231374296470539e-05,2.29055426499260234e-04,2.79481599127555050e-12,4.35669555987061585e-12
833,7.01005846984261062e-05,8.76318280946695386e-05,2.28627075253689881e-04,2.79907143684801177e-12,4.35669555987061585e-12
834,6.98582946314170363e-05,8.73416284851334592e-05,2.28200437868098541e-04,2.75828023319311084e-12,4.35669555987061585e-12
835,6.96169721989628871e-05,8.70525339673863043e-05,2.27775508629799079e-04,2.75836800441542806e-12,4.35669555987061585e-12
836,6.93766021161065614e-05,8.67645466785829748e-05,2.27352280511482424e-04,2.76104234170605292e-12,4.35669555987061585e-12
837,6.91371793502274445e-05,8.64776566730890938e-05,2.26930746123433136e-04,2.72718258478893450e-12,4.35669555987061585e-12
838,6.88986983328580962e-05,8.61918638290694344e-05,2.26510898056362373e-04,2.77784762798402555e-12,4.35669555987061585e-12
839,6.86611557132661866e-05,8.59071634194315270e-05,2.26092728883431479e-04,2.70550149849777154e-12,4.35669555987061585e-12
840,6.84245475114017430e-05,8.56235520885395340e-05,2.25676231332698967e-04,2.67945198995573990e-12,4.35669555987061585e-12
841,6.81888702480129121e-05,8.53410235713428705e-05,2.25261398010144682e-04,2.71770835384608611e-12,4.35669555987061585e-12
842,6.79541198290595238e-05,8.50595756354597765e-05,2.24848221619755736e-04,2.71501923727326874e-12,4.35669555987061585e-12
843,6.77202917603954340e-05,8.47792045104806219e-05,2.24436694904854719e-04,2.64810920832488710e-12,4.35669555987061585e-12
844,6.74873843563780095e-05,8.44999026472563431e-05,2.24026810641188669e-04,2.63912866041987413e-12,4.35669555987061585e-12
845,6.72553932660122902e-05,8.42216686331356942e-05,2.23618561643245338e-04,2.66756680262644454e-12,4.35669555987061585e-12
846,6.70243140171468670e-05,8.39444990876919315e-05,2.23211940729295313e-04,2.68296562643891958e-12,4.35669555987061585e-12
847,6.67941420576175930e-05,8.36683889601208520e-05,2.22806940742795872e-04,2.63389039247530480e-12,4.35669555987061585e-12
848,6.65648768860839220e-05,8.33933317427447310e-05,2.22403554578670833e-04,2.61699774003993901e-12,4.35669555987061585e-12
849,6.63365122214328409e-05,8.31193272610887269e-05,2.22001775165637833e-04,2.66671676597269639e-12,4.35669555987061585e-12
850,6.61090446887649906e-05,8.28463684332237077e-05,2.21601595426200026e-04,2.59672963739048033e-12,4.35669555987061585e-12
851,6.58826205306192156e-05,8.25744541938969829e-05,2.21203014307556119e-04,2.57772501681141895e-12,4.35669555987061585e-12
852,6.56570678699278971e-05,8.23035792530798837e-05,2.20806023671476142e-04,2.60670654286993206e-12,4.35669555987061585e-12
853,6.54323251874400382e-05,8.20337396716922689e-05,2.20410613940941636e-04,2.59857027792632031e-12,4.35669555987061585e-12
854,6.52084300508704739e-05,8.17649328782109981e-05,2.20016777165024977e-04,2.55792071781744542e-12,4.35669555987061585e-12
855,6.49853984339969791e-05,8.14971503129908775e-05,2.19624505938613944e-04,2.60478597787771566e-12,4.35669555987061585e-12
856,6.47632336342518543e-05,8.12303927255599104e-05,2.19233793110682780e-04,2.53975218494341334e-12,4.35669555987061585e-12
857,6.45419382213079947e-05,8.09646523144142013e-05,2.18844631700237577e-04,2.53679525970938660e-12,4.35669555987061585e-12
858,6.43215100933253902e-05,8.06999276737120933e-05,2.18457014804072951e-04,2.58737313473722393e-12,4.35669555987061585e-12
859,6.41019470355502698e-05,8.04362145254929918e-05,2.18070935556798892e-04,2.56007526671037095e-12,4.35669555987061585e-12
860,6.38832475830482179e-05,8.01735054522793758e-05,2.17686387178429728e-04,2.52637025384289292e-12,4.35669555987061585e-12
861,6.36654069023491844e-05,7.99118036613097023e-05,2.17303362946779933e-04,2.50514273346334683e-12,4.35669555987061585e-12
862,6.34484226032720175e-05,7.96510984211523860e-05,2.16921856087519714e-04,2.54738541989158850e-12,4.35669555987061585e-12
863,6.32322909382494378e-05,7.93913887308964571e-05,2.16541859902521854e-04,2.52946497927116653e-12,4.35669555987061585e-12
864,6.30170087995790361e-05,7.91326712901112674e-05,2.16163367766240594e-04,2.54804035675904982e-12,4.35669555987061585e-12
865,6.28025726843624966e-05,7.88749414461935902e-05,2.15786373006018607e-04,2.47905734852652418e-12,4.35669555987061585e-12
866,6.25889787995188710e-05,7.86181962948703577e-05,2.15410869034697420e-04,2.46971262416005694e-12,4.35669555987061585e-12
867,6.23762247588228276e-05,7.83624298245750542e-05,2.15036849238989562e-04,2.49052634301491149e-12,4.35669555987061585e-12
868,6.21643060459739602e-05,7.81076411096770544e-05,2.14664307062389421e-04,2.48078586094897820e-12,4.35669555987061585e-12
869,6.19532203857018834e-05,7.78538237552838219e-05,2.14293235980178625e-04,2.43629916140632986e-12,4.35669555987061585e-12
870,6.17429638427064998e-05,7.76009749257645514e-05,2.13923629486025159e-04,2.46092960156176573e-12,4.35669555987061585e-12
871,6.15335330472855193e-05,7.73490925708351332e-05,2.13555481105064761e-04,2.42434127057574581e-12,4.35669555987061585e-12
872,6.13249248859860056e-05,7.70981708207262430e-05,2.13188784365434181e-04,3.04143328878372996e-12,4.35669555987061585e-12
873,6.11171336250220220e-05,7.68482095634308109e-05,2.12823532888877778e-04,3.01615916784365609e-12,4.35669555987061585e-12
874,6.09101635317985064e-05,7.65991965815058509e-05,2.12459720185500747e-04,3.04188243218544307e-12,4.35669555987061585e-12
875,6.07040026772730831e-05,7.63511372518814788e-05,2.12097339956691770e-04,2.39872258767034668e-12,4.35669555987061585e-12
876,6.04986562992443569e-05,7.61040244696523397e-05,2.11736385781269580e-04,3.02403869558533724e-12,4.35669555987061585e-12
877,6.02941071694341977e-05,7.58578575152812651e-05,2.11376851368744563e-04,3.01707121837601570e-12,4.35669555987061585e-12
878,6.00903678068996787e-05,7.56126266681988671e-05,2.11018730451166206e-04,3.03224479816262381e-12,4.35669555987061585e-12
879,5.98874285424785531e-05,7.53683307955972816e-05,2.10662016688357154e-04,2.90167011636757318e-12,4.35669555987061585e-12
880,5.96852858268782742e-05,7.51249691347919698e-05,2.10306703881299088e-04,2.98976373678156427e-12,4.35669555987061585e-12
881,5.94839331212911320e-05,7.48825362512352629e-05,2.09952785777947252e-04,2.97757914864849657e-12,4.35669555987061585e-12
882,5.92833734838042419e-05,7.46410300299100288e-05,2.09600256186767762e-04,3.00160088850728077e-12,4.35669555987061585e-12
883,5.90836022319279243e-05,7.44004425375291971e-05,2.09249108924445718e-04,2.96641360254595059e-12,4.35669555987061585e-12
884,5.88846137582724367e-05,7.41607728115770289e-05,2.08899337830527760e-04,2.97184403791197502e-12,4.35669555987061585e-12
885,5.86864065522926925e-05,7.39220210768723587e-05,2.08550936813543976e-04,2.97238487831743682e-12,4.35669555987061585e-12
886,5.84889778664811615e-05,7.36841757993226577e-05,2.08203899725185806e-04,2.94987905907238348e-12,4.35669555987061585e-12
887,5.82923234043153417e-05,7.34472427911846620e-05,2.07858220519613449e-04,2.85749158244996248e-12,4.35669555987061585e-12
888,5.80964403692819004e-05,7.32112114295065531e-05,2.07513893159910550e-04,2.92648176012483253e-12,4.35669555987061585e-12
889,5.79013280841443790e-05,7.29760791171201367e-05,2.07170911566788860e-04,2.80995103773366838e-12,4.35669555987061585e-12
890,5.77078496184060060e-05,7.27418458844590219e-05,2.06829282989541368e-04,2.82202591377106591e-12,4.35669555987061585e-12
891,5.75154730468342622e-05,7.25085002250613420e-05,2.06489005966058534e-04,2.71168707272536081e-12,4.35669555987061585e-12
892,5.73227326742515889e-05,7.22760371080197385e-05,2.06150060733096852e-04,2.81263289353139022e-12,4.35669555987061585e-12
893,5.71305825430951461e-05,7.20444631533690403e-05,2.05812438813658981e-04,2.87857778694368708e-12,4.35669555987061585e-12
894,5.69391688882644692e-05,7.18137729594168893e-05,2.05476133659692888e-04,2.71480059176700194e-12,4.35669555987061585e-12
895,5.67485155747457918e-05,7.15839661909326627e-05,2.05141139195868827e-04,2.87833139496502059e-12,4.35669555987061585e-12
896,5.65586178198654877e-05,7.13550392634324952e-05,2.04807449480561623e-04,2.87210116015973087e-12,4.35669555987061585e-12
897,5.63694785660510405e-05,7.11264921908615500e-05,2.04475051079915684e-04,2.85970363026596072e-12,4.35669555987061585e-12
898,5.61810901420789103e-05,7.08969483750454267e-05,2.04143909203336642e-04,2.84679874718609840e-12,4.35669555987061585e-12
899,5.59934617264385949e-05,7.06700806087382167e-05,2.03814046766736585e-04,2.81264185160013877e-12,4.35669555987061585e-12
900,5.58065857743308025e-05,7.04444752920176760e-05,2.03485464383690702e-04,2.79491351017578551e-12,4.35669555987061585e-12
901,5.56204530716889641e-05,7.02198231111470850e-05,2.03158157717008529e-04,2.79827800548826271e-12,4.35669555987061585e-12
902,5.54350590561798889e-05,6.99960477876630127e-05,2.02832121324135185e-04,2.74385860341664325e-12,4.35669555987061585e-12
903,5.52503953508955433e-05,6.97731332016481953e-05,2.02507349568976919e-04,2.78026386326948307e-12,4.35669555987061585e-12
904,5.50664585780952063e-05,6.95510717327978958e-05,2.02183836808638969e-04,2.79019711162091170e-12,4.35669555987061585e-12
905,5.48832473129914254e-05,6.93298616692977488e-05,2.01861577377812862e-04,2.78470232909365159e-12,4.35669555987061585e-12
906,5.47007570029619511e-05,6.91094919430910591e-05,2.01540565604188293e-04,2.77532332919178888e-12,4.35669555987061585e-12
907,5.45189828502905903e-05,6.88899703258881988e-05,2.01220795917209528e-04,2.68231984487882480e-12,4.35669555987061585e-12
908,5.43379224596538337e-05,6.86712831218386568e-05,2.00902262698205998e-04,2.73282160743551943e-12,4.35669555987061585e-12
909,5.41575758873972144e-05,6.84534311034938489e-05,2.00584960376406211e-04,2.65790095947116304e-12,4.35669555987061585e-12
910,5.39779331371027050e-05,6.82364128211960933e-05,2.00268883419579163e-04,2.69648701585745325e-12,4.35669555987061585e-12
911,5.37989988209529982e-05,6.80202203885277561e-05,1.99954026286283470e-04,2.68040324497764208e-12,4.35669555987061585e-12
912,5.36207655934924023e-05,6.78048521851572423e-05,1.99640383470137757e-04,2.97011718716719820e-12,4.35669555987061585e-12
913,5.34432292900765255e-05,6.75903044372445872e-05,1.99327949510408271e-04,2.68542061049397436e-12,4.35669555987061585e-12
914,5.32663983773818382e-05,6.73765721423371966e-05,1.99016718920371632e-04,2.69437060758302469e-12,4.35669555987061585e-12
915,5.30902530489026141e-05,6.71636568503864540e-05,1.98706686292505564e-04,3.01744554490656680e-12,4.35669555987061585e-12
916,5.29147978717486186e-05,6.69515524620658035e-05,1.98397846222955916e-04,2.63453561918717939e-12,4.35669555987061585e-12
917,5.27400414618103440e-05,6.67402517066885068e-05,1.98090193274987102e-04,2.63772548692331671e-12,4.35669555987061585e-12
918,5.25607189183570947e-05,6.65297583816293456e-05,1.97783677894748324e-04,2.99561731167173914e-12,4.35669555987061585e-12
919,5.23848444117012117e-05,6.63200676404285250e-05,1.97478319855275874e-04,2.57668144179177481e-12,4.35669555987061585e-12
920,5.22113199751996079e-05,6.61111750533646306e-05,1.97174128971088901e-04,2.65341863608689101e-12,4.35669555987061585e-12
921,5.20389171040317063e-05,6.59030825581998419e-05,1.96871103477787231e-04,2.94529096762953884e-12,4.35669555987061585e-12
922,5.18673286918380533e-05,6.56957871654997752e-05,1.96569238772464048e-04,3.00272643718926285e-12,4.35669555987061585e-12
923,5.16964728145857566e-05,6.54892819088651171e-05,1.96268529634941575e-04,2.56209942623844592e-12,4.35669555987061585e-12
924,5.15263134688326657e-05,6.52835645496448034e-05,1.95968970691150999e-04,3.01524420490779342e-12,4.35669555987061585e-12
925,5.13568300010523450e-05,6.50786324519229346e-05,1.95670556648775470e-04,2.57908953425318625e-12,4.35669555987061585e-12
926,5.11880310413671409e-05,6.48744844649287613e-05,1.95373282166283273e-04,2.99166463072122100e-12,4.35669555987061585e-12
927,5.10198907070458468e-05,6.46711129226194750e-05,1.95077142006476012e-04,2.58676922749652262e-12,4.35669555987061585e-12
928,5.08524281678376789e-05,6.44685164251505339e-05,1.94782130955191819e-04,2.79078569071635328e-12,4.35669555987061585e-12
929,5.06856155286859164e-05,6.42666965739978753e-05,1.94488243866653419e-04,2.97447930326354262e-12,4.35669555987061585e-12
930,5.05194692359718238e-05,6.40656425907027799e-05,1.94195475578876119e-04,3.01409892571564415e-12,4.35669555987061585e-12
931,5.03549334236055187e-05,6.38653585698608956e-05,1.93903796986621545e-04,2.86691311473513746e-12,4.35669555987061585e-12
932,5.01911417308776117e-05,6.36657627147570014e-05,1.93613205090981691e-04,2.78173358521387570e-12,4.35669555987061585e-12
933,5.00272944328477323e-05,6.34668938277675298e-05,1.93323716065211133e-04,2.98162234148800304e-12,4.35669555987061585e-12
934,4.98639484545082505e-05,6.32688217697838446e-05,1.93035331576741254e-04,3.00132550324678319e-12,4.35669555987061585e-12
935,4.97012005820123074e-05,6.30715345491260798e-05,1.92748048724473232e-04,2.85505027016020561e-12,4.35669555987061585e-12
936,4.95390746999579582e-05,6.28750067434860019e-05,1.92461862738837049e-04,2.89427854471663833e-12,4.35669555987061585e-12
937,4.93775715446244384e-05,6.26792376969293738e-05,1.92176768259275462e-04,2.88512103650416009e-12,4.35669555987061585e-12
938,4.92166947134326795e-05,6.24842194184599436e-05,1.91892759725691386e-04,2.74686698672477855e-12,4.35669555987061585e-12
939,4.90564428423332781e-05,6.22899477625118357e-05,1.91609831616090716e-04,2.93721473614628548e-12,4.35669555987061585e-12
940,4.88968113611346579e-05,6.20964196911354788e-05,1.91327978427718219e-04,2.82771394832770226e-12,4.35669555987061585e-12
941,4.87378007078574036e-05,6.19036344847948158e-05,1.91047194753768087e-04,2.92843956946350784e-12,4.35669555987061585e-12
942,4.85794082056167462e-05,6.17113336114677349e-05,1.90767472245910750e-04,2.77888949905823003e-12,4.35669555987061585e-12
943,4.84216322766342232e-05,6.15198514831373267e-05,1.90488806620280141e-04,2.88334685601410512e-12,4.35669555987061585e-12
944,4.82644708595290919e-05,6.13292342240398167e-05,1.90211194382796506e-04,2.83847042235231922e-12,4.35669555987061585e-12
945,4.81079234298881369e-05,6.11393695188688712e-05,1.89934630660984293e-04,2.85507936445439194e-12,4.35669555987061585e-12
946,4.79519847821600429e-05,6.09502360777538737e-05,1.89659110419540544e-04,3.03556497232164460e-12,4.35669555987061585e-12
947,4.77966548055011432e-05,6.07618251365443267e-05,1.89384628603985611e-04,2.81859301839983273e-12,4.35669555987061585e-12
948,4.76419281043236867e-05,6.05741333557757627e-05,1.89111180263233024e-04,2.85065002103208507e-12,4.35669555987061585e-12
949,4.74878038262449676e-05,6.03871614005974732e-05,1.88838760410624669e-04,3.04047730857741669e-12,4.35669555987061585e-12
950,4.73342819995060875e-05,6.02009005845158629e-05,1.88567364097432785e-04,3.02021702007549223e-12,4.35669555987061585e-12
951,4.71813575441911749e-05,6.00153524438123487e-05,1.88296986474824070e-04,2.99515026405751240e-12,4.35669555987061585e-12
952,4.70290291125157562e-05,5.98305114083524960e-05,1.88027622678127492e-04,3.02237604971161208e-12,4.35669555987061585e-12
953,4.68772953901759411e-05,5.96463753997475267e-05,1.87759267908336211e-04,2.81187459945041769e-12,4.35669555987061585e-12
954,4.67261526803495233e-05,5.94629432494918068e-05,1.87491917424998679e-04,3.03819315771039222e-12,4.35669555987061585e-12
955,4.65756005348995800e-05,5.92802092007732088e-05,1.87225566411485786e-04,2.78137461553471173e-12,4.35669555987061585e-12
956,4.64256352050144389e-05,5.90981756181451913e-05,1.86960210230970232e-04,2.96865274647418045e-12,4.35669555987061585e-12
957,4.62762567471432148e-05,5.89168337499249787e-05,1.86695844126622240e-04,2.76493778691818554e-12,4.35669555987061585e-12
958,4.61274600934896952e-05,5.87361867802628208e-05,1.86432463518657721e-04,2.98800426923588948e-12,4.35669555987061585e-12
959,4.59792464732678222e-05,5.85562250292799794e-05,1.86170063733343108e-04,2.95153953532863100e-12,4.35669555987061585e-12
960,4.58316109844958820e-05,5.83769529964240895e-05,1.85908640187796746e-04,2.75381650446501116e-12,4.35669555987061585e-12
961,4.56845508569488532e-05,5.81983654435206331e-05,1.85648188354201521e-04,2.92280701267289896e-12,4.35669555987061585e-12
962,4.55380677221020385e-05,5.80204566291399464e-05,1.85388703623154784e-04,2.99412154919724975e-12,4.35669555987061585e-12
963,4.53921572675302450e-05,5.78432273532980887e-05,1.85130181516562805e-04,2.89875208892116045e-12,4.35669555987061585e-12
964,4.52468151495915305e-05,5.76666756462963027e-05,1.84872617529557452e-04,2.91502951521290449e-12,4.35669555987061585e-12
965,4.51020428715346604e-05,5.74907968208072123e-05,1.84616007214949039e-04,2.91342755924403237e-12,4.35669555987061585e-12
966,4.49578366035462083e-05,5.73155871659061699e-05,1.84360346095586411e-04,2.95209822778916911e-12,4.35669555987061585e-12
967,4.48141943639842729e-05,5.71410479231629226e-05,1.84105629790321592e-04,2.88362725387644697e-12,4.35669555987061585e-12
968,4.46711138419687631e-05,5.69671724470839413e-05,1.83851853878417963e-04,2.97818516192987817e-12,4.35669555987061585e-12
969,4.45285937071247275e-05,5.67939599975326296e-05,1.83599013973343074e-04,2.82134312088583947e-12,4.35669555987061585e-12
970,4.43866298012973479e-05,5.66214108610702555e-05,1.83347105764620984e-04,2.81702856111097124e-12,4.35669555987061585e-12
971,4.42452229820283570e-05,5.64495166797832757e-05,1.83096124874164825e-04,2.93516020864473039e-12,4.35669555987061585e-12
972,4.41043697653364832e-05,5.62782797422651518e-05,1.82846067029294107e-04,2.92131609306256433e-12,4.35669555987061585e-12
973,4.39640676577067157e-05,5.61076931612492682e-05,1.82596927923445342e-04,2.80925415752108796e-12,4.35669555987061585e-12
974,4.38243136257276687e-05,5.59377607435821187e-05,1.82348703313324473e-04,2.87864407218033988e-12,4.35669555987061585e-12
975,4.36851091194887263e-05,5.57684722740268643e-05,1.82101388923096823e-04,2.95659597438928973e-12,4.35669555987061585e-12
976,4.35464490624889894e-05,5.55998308295710357e-05,1.81854980557454824e-04,2.86672464574845400e-12,4.35669555987061585e-12
977,4.34083305074110462e-05,5.54318346386307293e-05,1.81609474009539982e-04,2.76495683402234101e-12,4.35669555987061585e-12
978,4.32707552478996853e-05,5.52644742992928253e-05,1.81364865084877180e-04,2.77164388760175403e-12,4.35669555987061585e-12
979,4.31337175901254859e-05,5.50977547143031898e-05,1.81121149624421485e-04,2.54871927415584487e-12,4.35669555987061585e-12
980,4.29972174312569474e-05,5.49316682724707264e-05,1.80878323507504055e-04,2.76347603122681449e-12,4.35669555987061585e-12
981,4.28612554021058111e-05,5.47662181572037315e-05,1.80636382628288425e-04,2.75261921346751050e-12,4.35669555987061585e-12
982,4.27259091892349141e-05,5.46013975515337812e-05,1.80395324288248486e-04,2.93068614855497899e-12,4.35669555987061585e-12
983,4.25910374811531292e-05,5.44372045807633889e-05,1.80155143506067068e-04,2.73805050771245342e-12,4.35669555987061585e-12
984,4.24566739139927541e-05,5.42736395934247250e-05,1.79915836152182433e-04,2.85780859854637337e-12,4.35669555987061585e-12
985,4.23228317375044506e-05,5.41106879355859945e-05,1.79677397651902720e-04,2.81019087803809652e-12,4.35669555987061585e-12
986,4.21895126037226241e-05,5.39483617574496789e-05,1.79439824077439955e-04,3.02781709398701355e-12,4.35669555987061585e-12
987,4.20567116471269953e-05,5.37866626093805005e-05,1.79203111425523009e-04,2.87299574300819241e-12,4.35669555987061585e-12
988,4.19233975786475536e-05,5.36255723969173966e-05,1.78967229276719337e-04,2.75271852768690958e-12,4.35669555987061585e-12
989,4.17894462618710667e-05,5.34650999398956846e-05,1.78732142161749436e-04,2.71098364828195345e-12,4.35669555987061585e-12
990,4.16575428146926402e-05,5.33052393306592730e-05,1.78497888654575011e-04,2.85354565053737620e-12,4.35669555987061585e-12
991,4.15266129221803578e-05,5.31442132336638309e-05,1.78264464605557260e-04,2.83583433369772792e-12,4.35669555987061585e-12
992,4.13966997884485709e-05,5.29759600856802824e-05,1.78031819956582873e-04,2.72192427455562733e-12,4.35669555987061585e-12
993,4.12672870139990099e-05,5.28158519120474723e-05,1.77800003959542613e-04,2.70449311867932524e-12,4.35669555987061585e-12
994,4.11382430962918400e-05,5.26582689813456567e-05,1.77569023266447830e-04,2.60295918519504505e-12,4.35669555987061585e-12
995,4.10096981587124013e-05,5.25016940296990650e-05,1.77338874748413734e-04,2.68314274842032069e-12,4.35669555987061585e-12
996,4.08815892549532528e-05,5.23457578865719626e-05,1.77109553153069439e-04,2.68589843078966854e-12,4.35669555987061585e-12
997,4.07540195498810111e-05,5.21903837196222457e-05,1.76881054428065885e-04,2.62444972299121292e-12,4.35669555987061585e-12
998,4.06270146392075665e-05,5.20355613281094881e-05,1.76653375199353660e-04,2.78636972343028727e-12,4.35669555987061585e-12
999,4.05005181065186949e-05,5.18812922411664471e-05,1.76426511875994615e-04,2.56644137712175109e-12,4.35669555987061585e-12
1000,4.03745130646284784e-05,5.17275804453040596e-05,1.76200460806250607e-04,2.75738198781849084e-12,4.35669555987061585e-12
1001,4.02490012622103751e-05,5.15744205879874767e-05,1.75975218204897139e-04,2.67357514811056199e-12,4.35669555987061585e-12
1002,4.01239794900809982e-05,5.14218148343520317e-05,1.75750780310581953e-04,2.63057770864288404e-12,4.35669555987061585e-12
1003,3.99994478948931655e-05,5.12697634895655757e-05,1.75527143308412773e-04,2.58042252902631442e-12,4.35669555987061585e-12
1004,3.98754073727379600e-05,5.11182609002293527e-05,1.75304303343889979e-04,2.66234318760051453e-12,4.35669555987061585e-12
1005,3.97518523135217136e-05,5.09673173073376943e-05,1.75082256647247144e-04,2.58114547677116734e-12,4.35669555987061585e-12
1006,3.96287840260450624e-05,5.08169251132940648e-05,1.74860999407197207e-04,2.53269686583048088e-12,4.35669555987061585e-12
1007,3.95061968506420601e-05,5.06670918792209753e-05,1.74640527865991012e-04,2.50633441084392707e-12,4.35669555987061585e-12
1008,3.93840911015276086e-05,5.05178163195836368e-05,1.74420838303522248e-04,2.59310575319344709e-12,4.35669555987061585e-12
1009,3.92624638756045656e-05,5.03690995646031967e-05,1.74201927014790012e-04,2.64159030156670838e-12,4.35669555987061585e-12
1010,3.91413124699173758e-05,5.02209430740316722e-05,1.73983790344071551e-04,2.65374058819650293e-12,4.35669555987061585e-12
1011,3.90206352513549395e-05,5.00627602770137382e-05,1.73766295064238399e-04,2.49864960463496463e-12,4.35669555987061585e-12
1012,3.89003919276057907e-05,4.99067376422322956e-05,1.73549445261328758e-04,2.52082788904857810e-12,4.35669555987061585e-12
1013,3.87805976594464197e-05,4.97568739642587538e-05,1.73333305976022529e-04,2.61988261470676463e-12,4.35669555987061585e-12
1014,3.86612814216003801e-05,4.96098765183261675e-05,1.73117904683179610e-04,2.67780505780089261e-12,4.35669555987061585e-12
1015,3.85424525048628423e-05,4.94644692931727693e-05,1.72903252755500741e-04,2.49435881367953896e-12,4.35669555987061585e-12
1016,3.84240978463045959e-05,4.93200513807495514e-05,1.72689353735528160e-04,2.58454675995549275e-12,4.35669555987061585e-12
1017,3.83062087983286387e-05,4.91763333805400504e-05,1.72476207210992986e-04,2.60046571257939568e-12,4.35669555987061585e-12
1018,3.81887787701776118e-05,4.90331762498211711e-05,1.72263810857142959e-04,2.56365463752443388e-12,4.35669555987061585e-12
1019,3.80717996025246229e-05,4.88905274886168741e-05,1.72052161494112447e-04,2.53906531301208874e-12,4.35669555987061585e-12
1020,3.79552706001084946e-05,4.87483600600611679e-05,1.71841255496351611e-04,2.44681367242030665e-12,4.35669555987061585e-12
1021,3.78391903522615899e-05,4.86066684405975054e-05,1.71631089158859410e-04,2.45819779682678907e-12,4.35669555987061585e-12
1022,3.77235565207437320e-05,4.84654517186713295e-05,1.71421658685018364e-04,2.46537437297035982e-12,4.35669555987061585e-12
1023,3.76083673445246004e-05,4.83247167715561643e-05,1.71212960364022885e-04,2.44465174462268735e-12,4.35669555987061585e-12
1024,3.74936214147646247e-05,4.81844695400746593e-05,1.71004990516479267e-04,2.62144549140073913e-12,4.35669555987061585e-12
1025,3.73793179518825170e-05,4.80447144958430950e-05,1.70797745479184688e-04,2.37722977436599699e-12,4.35669555987061585e-12
1026,3.72654577854890918e-05,4.79054509978813436e-05,1.70591221709114467e-04,2.59030357524524413e-12,4.35669555987061585e-12
1027,3.71520370156736677e-05,4.77666907270789032e-05,1.70385415663810476e-04,2.54776259371540394e-12,4.35669555987061585e-12
1028,3.70390568615615838e-05,4.76284262730048623e-05,1.70180323858882610e-04,2.39057514587065675e-12,4.35669555987061585e-12
1029,3.69265110790848876e-05,4.74968729653921061e-05,1.69976032961847431e-04,3.04100139858789290e-12,4.35669555987061585e-12
1030,3.68142745045689477e-05,4.73753090701627797e-05,1.69772662837322031e-04,2.56189656681548350e-12,4.35669555987061585e-12
1031,3.67021927017764670e-05,4.72407817932627450e-05,1.69570056156304099e-04,3.01994316211436376e-12,4.35669555987061585e-12
1032,3.65905434667767221e-05,4.71034844164189102e-05,1.69368169684514088e-04,2.46879859185691148e-12,4.35669555987061585e-12
1033,3.64781287310933023e-05,4.69660869991602264e-05,1.69166959008993040e-04,2.47707231110534702e-12,4.35669555987061585e-12
1034,3.63642225178348392e-05,4.68291971315470227e-05,1.68966393862623690e-04,3.00285551920524138e-12,4.35669555987061585e-12
1035,3.62527097815454596e-05,4.66929356517597306e-05,1.68766498825993739e-04,3.01952632762053692e-12,4.35669555987061585e-12
1036,3.61425134439846967e-05,4.65573368831683561e-05,1.68567283781815728e-04,3.03991410972459747e-12,4.35669555987061585e-12
1037,3.60331758062185605e-05,4.64224033714295847e-05,1.68368751605869351e-04,2.96996964162540933e-12,4.35669555987061585e-12
1038,3.59244761006283602e-05,4.62881259622080523e-05,1.68170901957823626e-04,2.95296194791574223e-12,4.35669555987061585e-12
1039,3.58163031107157709e-05,4.61544900290664567e-05,1.67973732916668029e-04,2.94453492219011733e-12,4.35669555987061585e-12
1040,3.57086002576064961e-05,4.60214780125819489e-05,1.67777241746323212e-04,2.94405741847548206e-12,4.35669555987061585e-12
1041,3.56013351443424948e-05,4.58890753476533559e-05,1.67581425328949937e-04,2.95856070340379114e-12,4.35669555987061585e-12
1042,3.54944910847810786e-05,4.57572678312484607e-05,1.67386280336018477e-04,2.93247252002985153e-12,4.35669555987061585e-12
1043,3.53880596105066628e-05,4.56260438416261166e-05,1.67191803392226896e-04,2.91747847457475700e-12,4.35669555987061585e-12
1044,3.52820369596988024e-05,4.54953891478914187e-05,1.66997991056371491e-04,2.92210767980338352e-12,4.35669555987061585e-12
1045,3.51764195564774608e-05,4.53652973984269064e-05,1.66804839962805145e-04,2.92053390185921617e-12,4.35669555987061585e-12
1046,3.50712065911267369e-05,4.52357583455944941e-05,1.66612346738739673e-04,2.89419938138199405e-12,4.35669555987061585e-12
1047,3.49663993824092956e-05,4.51067605089318423e-05,1.66420508044916733e-04,2.86659517869118278e-12,4.35669555987061585e-12
1048,3.48619946622057329e-05,4.49783015691027335e-05,1.66229320626563816e-04,2.86827172165601256e-12,4.35669555987061585e-12
1049,3.47579939241378981e-05,4.48503701179698815e-05,1.66038781219081529e-04,2.85460877484320383e-12,4.35669555987061585e-12
1050,3.46543957408971349e-05,4.47229628794247082e-05,1.65848886629848359e-04,2.86586462206353620e-12,4.35669555987061585e-12
1051,3.45511993240723994e-05,4.45960727542094609e-05,1.65659633686103476e-04,2.88942417577397691e-12,4.35669555987061585e-12
1052,3.44484027903088440e-05,4.44696964081883904e-05,1.65471019263795842e-04,2.83454900209685893e-12,4.35669555987061585e-12
1053,3.43460079698144780e-05,4.43438239127851979e-05,1.65283040243304169e-04,2.82553898522228176e-12,4.35669555987061585e-12
1054,3.42440108324187559e-05,4.42184567989358312e-05,1.65095693556494439e-04,2.81620506384871047e-12,4.35669555987061585e-12
1055,3.41424118518037523e-05,4.40935868567960413e-05,1.64908976143137852e-04,2.80651848620648781e-12,4.35669555987061585e-12
1056,3.40412087593496996e-05,4.39692112397992109e-05,1.64722884980933817e-04,2.80132166789353725e-12,4.35669555987061585e-12
1057,3.39404016814666973e-05,4.38453260731464615e-05,1.64537417072827094e-04,2.78622913674871628e-12,4.35669555987061585e-12
1058,3.38399871216166033e-05,4.37219291167717435e-05,1.64352569442968868e-04,2.79361648983579322e-12,4.35669555987061585e-12
1059,3.37399658786488889e-05,4.35990147647092582e-05,1.64168339126334291e-04,2.78247890304421595e-12,4.35669555987061585e-12
1060,3.36403356457405135e-05,4.34765807087431381e-05,1.63984723184526499e-04,2.80460892823731177e-12,4.35669555987061585e-12
1061,3.35410951387819128e-05,4.33546249918034332e-05,1.63801718713107840e-04,2.75026739357903863e-12,4.35669555987061585e-12
1062,3.34422429827020633e-05,4.32331423542436520e-05,1.63619322792220870e-04,2.78558313561812627e-12,4.35669555987061585e-12
1063,3.33437775334681413e-05,4.31121324954360398e-05,1.63437532552219229e-04,2.74209767790979448e-12,4.35669555987061585e-12
1064,3.32456978820666816e-05,4.29915902597866612e-05,1.63256345119828166e-04,2.73484636993172679e-12,4.35669555987061585e-12
1065,3.31480018882657161e-05,4.28715158844518530e-05,1.63075757666968031e-04,2.73413016183555049e-12,4.35669555987061585e-12
1066,3.30506893212404793e-05,4.27519035284673604e-05,1.62895767339795062e-04,2.76427844666920451e-12,4.35669555987061585e-12
1067,3.29537559429507682e-05,4.26327561304820941e-05,1.62716371349458052e-04,2.70778584471608066e-12,4.35669555987061585e-12
1068,3.28572051411832431e-05,4.25140638175104191e-05,1.62537566878219719e-04,2.72470267915397646e-12,4.35669555987061585e-12
1069,3.27610318272577824e-05,4.23958293261108128e-05,1.62359351150392179e-04,2.70451800351405260e-12,4.35669555987061585e-12
1070,3.26652347660957913e-05,4.22780508353321299e-05,1.62181721411349696e-04,2.70104020151168558e-12,4.35669555987061585e-12
1071,3.25698135493321760e-05,4.21607245033536149e-05,1.62004674907599740e-04,2.68584332989894133e-12,4.35669555987061585e-12
1072,3.24747671307469750e-05,4.20438466023592927e-05,1.61828208885296656e-04,2.68723016852212340e-12,4.35669555987061585e-12
1073,3.23800933578766034e-05,4.19274186598806621e-05,1.61652320651931253e-04,2.66157034593045368e-12,4.35669555987061585e-12
1074,3.22857904933844414e-05,4.18114355774321518e-05,1.61477007466985430e-04,2.65700889063459888e-12,4.35669555987061585e-12
1075,3.21918574023258861e-05,4.16958983445098104e-05,1.61302266665545678e-04,2.64618013089926796e-12,4.35669555987061585e-12
1076,3.20982935639653900e-05,4.15808027697406814e-05,1.61128095559025881e-04,2.63339949938609929e-12,4.35669555987061585e-12
1077,3.20050969906696828e-05,4.14661463444782624e-05,1.60954491480092780e-04,2.65381566637786312e-12,4.35669555987061585e-12
1078,3.19122657524761118e-05,4.13519300965475275e-05,1.60781451789736730e-04,2.69364195741519167e-12,4.35669555987061585e-12
1079,3.18198000600041086e-05,4.12381477054164205e-05,1.60608973834814808e-04,2.61571296374017766e-12,4.35669555987061585e-12
1080,3.17276952143753628e-05,4.11248029048458345e-05,1.60437055016139033e-04,2.62814181236491994e-12,4.35669555987061585e-12
1081,3.16359540833376548e-05,4.10118891914776281e-05,1.60265692698437548e-04,2.61860901408106781e-12,4.35669555987061585e-12
1082,3.15445728798737152e-05,4.08994075024660659e-05,1.60094884316190644e-04,2.62864056237131880e-12,4.35669555987061585e-12
1083,3.14535505390237374e-05,4.07873545581519703e-05,1.59924627268267285e-04,2.58580983354237150e-12,4.35669555987061585e-12
1084,3.13628854704155934e-05,4.06757287445577739e-05,1.59754918980175041e-04,2.60196056230228432e-12,4.35669555987061585e-12
1085,3.12725776986481500e-05,4.05645281156445452e-05,1.59585756892800888e-04,2.56308791043036033e-12,4.35669555987061585e-12
1086,3.11826226632963717e-05,4.04537542176911771e-05,1.59417138467903805e-04,2.60883404388762340e-12,4.35669555987061585e-12
1087,3.10930226257157628e-05,4.03434012642669274e-05,1.59249061176606755e-04,2.54974582471150150e-12,4.35669555987061585e-12
1088,3.10037750955614316e-05,4.02334674249479220e-05,1.59081522481123759e-04,2.63068942676960231e-12,4.35669555987061585e-12
1089,3.09148784633205687e-05,4.01239535396111978e-05,1.58914519901361806e-04,2.54133412871806416e-12,4.35669555987061585e-12
1090,3.08263296592292622e-05,4.00148580628277274e-05,1.58748050928632167e-04,2.56634889577118375e-12,4.35669555987061585e-12
1091,3.07381300728949626e-05,3.99061781659655493e-05,1.58582113087071737e-04,2.62701251919522408e-12,4.35669555987061585e-12
1092,3.06502777799831107e-05,3.97979116571915023e-05,1.58416703902477548e-04,3.03801476198117622e-12,4.35669555987061585e-12
1093,3.05627716444859215e-05,3.96900589122723123e-05,1.58251820917250342e-04,3.03764768708360661e-12,4.35669555987061585e-12
1094,3.04756101433115787e-05,3.95826130918741588e-05,1.58087461686669289e-04,2.63828376696373568e-12,4.35669555987061585e-12
1095,3.03887910166197570e-05,3.94755754331348278e-05,1.57923623795433275e-04,2.49827395064921549e-12,4.35669555987061585e-12
1096,3.03023115332806980e-05,3.93689503494223329e-05,1.57760304808741216e-04,3.00922266611047525e-12,4.35669555987061585e-12
1097,3.02161730251292042e-05,3.92627333924503981e-05,1.57597502311916904e-04,3.00016636955362480e-12,4.35669555987061585e-12
1098,3.01303763127251093e-05,3.91569134380963704e-05,1.57435213899396201e-04,2.46957060254406091e-12,4.35669555987061585e-12
1099,3.00449163951549117e-05,3.90514958355612582e-05,1.57273437228386048e-04,2.98861915987975936e-12,4.35669555987061585e-12
1100,2.99597889702562896e-05,3.89464901695891114e-05,1.57112169886741633e-04,2.97735576449809286e-12,4.35669555987061585e-12
1101,2.98750022416369106e-05,3.88418742778022906e-05,1.56951409519440611e-04,2.96421721525064905e-12,4.35669555987061585e-12
1102,2.97905472918046637e-05,3.87376591854489205e-05,1.56791153796149898e-04,3.00700925509749457e-12,4.35669555987061585e-12
1103,2.97064242662456468e-05,3.86338419106910594e-05,1.56631400380190250e-04,3.01975223003619586e-12,4.35669555987061585e-12
1104,2.96226333617978993e-05,3.85304183641689769e-05,1.56472146920928279e-04,2.94468654223300556e-12,4.35669555987061585e-12
1105,2.95391728053405152e-05,3.84273879293467436e-05,1.56313391094253465e-04,2.92453799555768835e-12,4.35669555987061585e-12
1106,2.94560400966311686e-05,3.83247512558704273e-05,1.56155130622834487e-04,2.91910064356297814e-12,4.35669555987061585e-12
1107,2.93732360517601984e-05,3.82225042634605584e-05,1.55997363220597944e-04,2.92421278951042422e-12,4.35669555987061585e-12
1108,2.92907580856275153e-05,3.81206455419681685e-05,1.55840086578128183e-04,2.90974708172883774e-12,4.35669555987061585e-12
1109,2.92086044527151777e-05,3.80191765565540343e-05,1.55683298451603322e-04,2.90078769532608349e-12,4.35669555987061585e-12
1110,2.91267762207265011e-05,3.79180912414690431e-05,1.55526996567331032e-04,2.90059863273206390e-12,4.35669555987061585e-12
1111,2.90452694645065356e-05,3.78173918439533830e-05,1.55371178676962698e-04,2.88716410555824006e-12,4.35669555987061585e-12
1112,2.89640851985107720e-05,3.77170739879977200e-05,1.55215842541821654e-04,2.88379637316453127e-12,4.35669555987061585e-12
1113,2.88832200580160339e-05,3.76171392810973663e-05,1.55060985950847708e-04,2.86127708041286316e-12,4.35669555987061585e-12
1114,2.88026743771973782e-05,3.75175846844978458e-05,1.54906606686583577e-04,2.85626814024033228e-12,4.35669555987061585e-12
1115,2.87224462193253552e-05,3.74184081017468336e-05,1.54752702524651922e-04,2.85908033996271314e-12,4.35669555987061585e-12
1116,2.86425353954317390e-05,3.73196086199880251e-05,1.54599271293823183e-04,2.84224490979058426e-12,4.35669555987061585e-12
1117,2.85629388387231012e-05,3.72211857674368421e-05,1.54446310806188733e-04,2.83616628929219979e-12,4.35669555987061585e-12
1118,2.84836572445381904e-05,3.71231364748210107e-05,1.54293818886652587e-04,2.85330748619615843e-12,4.35669555987061585e-12
1119,2.84046879589219681e-05,3.70254604476612532e-05,1.54141793385172772e-04,2.81634112647171500e-12,4.35669555987061585e-12
1120,2.83260306969597746e-05,3.69281559087165226e-05,1.53990232136017583e-04,2.82007204558569017e-12,4.35669555987061585e-12
1121,2.82476847783317551e-05,3.68312207181209790e-05,1.53839133010350606e-04,2.79529558175662802e-12,4.35669555987061585e-12
1122,2.81696465219275071e-05,3.67346559798534082e-05,1.53688493887334563e-04,2.79142597036536968e-12,4.35669555987061585e-12
1123,2.80919180083986641e-05,3.66384562536108509e-05,1.53538312632598540e-04,2.79641049941146552e-12,4.35669555987061585e-12
1124,2.80144958189414525e-05,3.65426227860548336e-05,1.53388587134569413e-04,2.80195848764951839e-12,4.35669555987061585e-12
1125,2.79373789153343512e-05,3.64471544951746747e-05,1.53239315309610427e-04,2.76640218970703425e-12,4.35669555987061585e-12
1126,2.78605676110787284e-05,3.63520497659353033e-05,1.53090495083650277e-04,2.76771795209283791e-12,4.35669555987061585e-12
1127,2.77840590436799492e-05,3.62573049074551957e-05,1.52942124343296144e-04,2.75311476475430516e-12,4.35669555987061585e-12
1128,2.77078536102394667e-05,3.61629216080343373e-05,1.52794201055892436e-04,2.74765616717804022e-12,4.35669555987061585e-12
1129,2.76319482318518270e-05,3.60688961030459747e-05,1.52646723134162510e-04,2.73898281295390740e-12,4.35669555987061585e-12
1130,2.75563436148292359e-05,3.59752293326943959e-05,1.52499688566708186e-04,2.73980572341505871e-12,4.35669555987061585e-12
1131,2.74810373786011772e-05,3.58819179567321429e-05,1.52353095289028170e-04,3.02178921720425303e-12,4.35669555987061585e-12
1132,2.74060268193430634e-05,3.57889615815649195e-05,1.52206941259864457e-04,3.03347209275220672e-12,4.35669555987061585e-12
1133,2.73313186997205715e-05,3.56963574682930764e-05,1.52061224510174279e-04,2.99966220593158678e-12,4.35669555987061585e-12
1134,2.72569013302121481e-05,3.56041073960340011e-05,1.51915943026203213e-04,2.98214198104276761e-12,4.35669555987061585e-12
1135,2.71827794447599711e-05,3.55122060736297670e-05,1.51771094784331514e-04,2.70346796674918038e-12,4.35669555987061585e-12
1136,2.71089537601596208e-05,3.54206541735136612e-05,1.51626677863024475e-04,2.70619557774406282e-12,4.35669555987061585e-12
1137,2.70354119355277635e-05,3.53294507650652278e-05,1.51482690194351986e-04,2.97474435250029072e-12,4.35669555987061585e-12
1138,2.69621634199415842e-05,3.52385954313166083e-05,1.51339129825771236e-04,2.96898859412841458e-12,4.35669555987061585e-12
1139,2.68892106968899375e-05,3.51480840428918843e-05,1.51195994856297649e-04,2.97357540834677513e-12,4.35669555987061585e-12
1140,2.68165438553697546e-05,3.50579160668704651e-05,1.51053283331647076e-04,3.03186300705777083e-12,4.35669555987061585e-12
1141,2.67444415506694138e-05,3.49680922755549420e-05,1.50910995058888887e-04,2.94036442898741883e-12,4.35669555987061585e-12
1142,2.66728173489423814e-05,3.48786066297108338e-05,1.50769129233035791e-04,2.91824769833719965e-12,4.35669555987061585e-12
1143,2.66011137511096244e-05,3.47894628407502792e-05,1.50627681755423945e-04,3.03557894103910646e-12,4.35669555987061585e-12
1144,2.65296170348476308e-05,3.47006568956178738e-05,1.50486650240398495e-04,2.99329816553141937e-12,4.35669555987061585e-12
1145,2.64583816171685464e-05,3.46121891052986064e-05,1.50346032621136383e-04,3.01079687062672626e-12,4.35669555987061585e-12
1146,2.63874293570676911e-05,3.45240573335597647e-05,1.50205827050782801e-04,2.89587859749558708e-12,4.35669555987061585e-12
1147,2.63167552192532642e-05,3.44362575564027463e-05,1.50066031580472662e-04,2.96407583229590591e-12,4.35669555987061585e-12
1148,2.62463604608044908e-05,3.43487947404005344e-05,1.49926644375853146e-04,2.95753722741384344e-12,4.35669555987061585e-12
1149,2.61762436827950811e-05,3.42616637882594551e-05,1.49787663553436096e-04,2.86218747152879886e-12,4.35669555987061585e-12
1150,2.61064046099260524e-05,3.41748638323391372e-05,1.49649087281194469e-04,2.95467348068289919e-12,4.35669555987061585e-12
1151,2.60368427882981303e-05,3.40883935375762274e-05,1.49510913714778315e-04,2.91483434705068803e-12,4.35669555987061585e-12
1152,2.59675565037898350e-05,3.40022502111385285e-05,1.49373141001737529e-04,2.87575684564614662e-12,4.35669555987061585e-12
1153,2.58985447127869900e-05,3.39164337271943630e-05,1.49235767301769922e-04,2.87209731420918770e-12,4.35669555987061585e-12
1154,2.58298043880717994e-05,3.38309449753838111e-05,1.49098790824281889e-04,2.82156822723491019e-12,4.35669555987061585e-12
1155,2.57613378088513326e-05,3.37457806656418885e-05,1.48962209768714702e-04,2.91945501454049555e-12,4.35669555987061585e-12
1156,2.56931428736348280e-05,3.36609383144577279e-05,1.48826022319580742e-04,2.80928082954462600e-12,4.35669555987061585e-12
1157,2.56252151509281025e-05,3.35764196233322620e-05,1.48690226674105146e-04,2.88606129887748265e-12,4.35669555987061585e-12
1158,2.55575608201605912e-05,3.34922211400351003e-05,1.48554821099904501e-04,2.84781530793556729e-12,4.35669555987061585e-12
1159,2.54901701924981271e-05,3.34083414653147192e-05,1.48419803756783192e-04,2.85234362710499332e-12,4.35669555987061585e-12
1160,2.54230505309746110e-05,3.33291455991036614e-05,1.48285303432818023e-04,2.78525160979789638e-12,4.35669555987061585e-12
1161,2.53561145459819415e-05,3.32507464294319442e-05,1.48151317072625275e-04,2.79682454300321402e-12,4.35669555987061585e-12
1162,2.52893533714150063e-05,3.31689603750289985e-05,1.48017738298960341e-04,2.87810431492069084e-12,4.35669555987061585e-12
1163,2.52228383625933739e-05,3.30866567224819252e-05,1.47884544376673279e-04,2.79483576807490391e-12,4.35669555987061585e-12
1164,2.51565892717057932e-05,3.30044864432357604e-05,1.47751729583492825e-04,2.78173036458858774e-12,4.35669555987061585e-12
1165,2.50906249016276925e-05,3.29225766152037733e-05,1.47619291266582614e-04,2.84083684245216840e-12,4.35669555987061585e-12
1166,2.50250761853827859e-05,3.28409659834748004e-05,1.47487228120719410e-04,2.77702766476233392e-12,4.35669555987061585e-12
1167,2.49652379786345393e-05,3.27596646228437013e-05,1.47355571097948122e-04,2.84247085541062978e-12,4.35669555987061585e-12
1168,2.49011228555968380e-05,3.26786500791965702e-05,1.47224290378049377e-04,2.77439616632080680e-12,4.35669555987061585e-12
1169,2.48365214411600099e-05,3.25979403554188510e-05,1.47093379676972394e-04,2.71005055289571059e-12,4.35669555987061585e-12
1170,2.47720565724212091e-05,3.25175404414644286e-05,1.46962836440843149e-04,2.71520631548808656e-12,4.35669555987061585e-12
1171,2.47078298336853040e-05,3.24374514137454827e-05,1.46832658835534610e-04,2.69566221724678716e-12,4.35669555987061585e-12
1172,2.46438573615994074e-05,3.23576691017733045e-05,1.46702845140233207e-04,2.75785096281771345e-12,4.35669555987061585e-12
1173,2.45801433600980628e-05,3.22781915554602671e-05,1.46573393731337377e-04,2.72898396473300134e-12,4.35669555987061585e-12
1174,2.45166811609271052e-05,3.21990204954717422e-05,1.46444303003169209e-04,2.72159219024562528e-12,4.35669555987061585e-12
1175,2.44534757744015836e-05,3.21201473647290188e-05,1.46315571334324331e-04,2.75448797737388916e-12,4.35669555987061585e-12
1176,2.43905234961777069e-05,3.20415744547788034e-05,1.46187197140608622e-04,2.66234190810334687e-12,4.35669555987061585e-12
1177,2.43278211432066697e-05,3.19633007803301930e-05,1.46059178875992555e-04,2.68193606951235006e-12,4.35669555987061585e-12
1178,2.42653713209010719e-05,3.18853225751401667e-05,1.45931514976551958e-04,2.64581593461087563e-12,4.35669555987061585e-12
1179,2.42031705454102477e-05,3.18076393993291058e-05,1.45804203897155292e-04,2.69051777434325662e-12,4.35669555987061585e-12
1180,2.41412192028911136e-05,3.17302500569158571e-05,1.45677244119830532e-04,2.66843511254981693e-12,4.35669555987061585e-12
1181,2.40795141362651010e-05,3.16531517807761969e-05,1.45550634071960153e-04,2.62185931649007644e-12,4.35669555987061585e-12
1182,2.40180557645725448e-05,3.15763455625280728e-05,1.45424372248570085e-04,2.68783049208541892e-12,4.35669555987061585e-12
1183,2.39568457957396005e-05,3.14998272782618022e-05,1.45298457128126426e-04,2.60793501939076008e-12,4.35669555987061585e-12
1184,2.38958758932773049e-05,3.14236005041154822e-05,1.45172887230685783e-04,2.60928425043753411e-12,4.35669555987061585e-12
1185,2.38351531806096707e-05,3.13476583197982615e-05,1.45047661030638873e-04,2.64190204933943838e-12,4.35669555987061585e-12
1186,2.37746725600909832e-05,3.12720029659437898e-05,1.44922777033313336e-04,2.62842330702800165e-12,4.35669555987061585e-12
1187,2.37144306938236131e-05,3.11966336125507637e-05,1.44798233737512952e-04,2.58313356417216839e-12,4.35669555987061585e-12
1188,2.36544328105397348e-05,3.11215466708671392e-05,1.44674029684248241e-04,2.60020089662879258e-12,4.35669555987061585e-12
1189,2.35946739465310267e-05,3.10467434605230921e-05,1.44550163402970832e-04,2.56996632105929551e-12,4.35669555987061585e-12
1190,2.35351527070721436e-05,3.09722211749347657e-05,1.44426633393257645e-04,2.63587096260387206e-12,4.35669555987061585e-12
1191,2.34758695356210184e-05,3.08979797072588200e-05,1.44303438185204678e-04,2.56352390314420701e-12,4.35669555987061585e-12
1192,2.34168233242652072e-05,3.08240182464410351e-05,1.44180576362912060e-04,2.61968672874773386e-12,4.35669555987061585e-12
1193,2.33580118186087568e-05,3.07503354127506697e-05,1.44058046435651055e-04,2.62165066863473636e-12,4.35669555987061585e-12
1194,2.32994370935255194e-05,3.06769286825487857e-05,1.43935846969951351e-04,2.62896145586046939e-12,4.35669555987061585e-12
1195,2.32410920516807953e-05,3.06037998004202877e-05,1.43813976498079459e-04,2.59333391240294043e-12,4.35669555987061585e-12
1196,2.31829828402434011e-05,3.05309454058446685e-05,1.43692433609907643e-04,2.60956446949992525e-12,4.35669555987061585e-12
1197,2.31251073951153631e-05,3.04583634385646900e-05,1.43571216863962306e-04,2.51571139339527259e-12,4.35669555987061585e-12
1198,2.30674578615660757e-05,3.03860586223035380e-05,1.43450324855391519e-04,2.52685229316104720e-12,4.35669555987061585e-12
1199,2.30100409619871912e-05,3.03140245526606568e-05,1.43329756151621226e-04,2.52297870984337687e-12,4.35669555987061585e-12
1200,2.29528549053085998e-05,3.02422591805693229e-05,1.43209509333557390e-04,2.49575250230408208e-12,4.35669555987061585e-12
1201,2.28958932557870700e-05,3.01707667717967123e-05,1.43089582990454874e-04,2.54960738817330622e-12,4.35669555987061585e-12
1202,2.28391627032041906e-05,3.00995409352070999e-05,1.42969975734953751e-04,2.50824715222883969e-12,4.35669555987061585e-12
1203,2.27826532010452989e-05,3.00285874970704636e-05,1.42850686185769910e-04,2.47373739842557523e-12,4.35669555987061585e-12
1204,2.27263722383360503e-05,2.99578976756858986e-05,1.42731712917033919e-04,2.52539735943552344e-12,4.35669555987061585e-12
1205,2.26703161017168146e-05,2.98874748227291769e-05,1.42613054567834610e-04,2.46739344838098663e-12,4.35669555987061585e-12
1206,2.26144827577646828e-05,2.98173171766531424e-05,1.42494709767217203e-04,3.02382970292666142e-12,4.35669555987061585e-12
1207,2.25588718699122685e-05,2.97474216721388277e-05,1.42376677186425662e-04,2.48579524277700705e-12,4.35669555987061585e-12
1208,2.25034852900562764e-05,2.96777950023386397e-05,1.42258955375295808e-04,2.51213498270444238e-12,4.35669555987061585e-12
1209,2.24483136071761462e-05,2.96084255338034712e-05,1.42141543005402260e-04,2.44339837205285861e-12,4.35669555987061585e-12
1210,2.23933657981938498e-05,2.95393164420928623e-05,1.42024438717167691e-04,2.48045546509853894e-12,4.35669555987061585e-12
1211,2.23386371010711742e-05,2.94704691535388472e-05,1.41907641185227534e-04,2.43273371589228304e-12,4.35669555987061585e-12
1212,2.22841246577969790e-05,2.94018828058718500e-05,1.41791149089395396e-04,2.97015229864505951e-12,4.35669555987061585e-12
1213,2.22298308544870275e-05,2.93335497189156330e-05,1.41674961103362775e-04,3.04184154864617108e-12,4.35669555987061585e-12
1214,2.21757549430673366e-05,2.92654791319644252e-05,1.41559075860961018e-04,3.00703785332723511e-12,4.35669555987061585e-12
1215,2.21218920558793502e-05,2.91976643474455778e-05,1.41443492066352123e-04,3.02529167156384941e-12,4.35669555987061585e-12
1216,2.20682455432512381e-05,2.91301001795043242e-05,1.41328208339790514e-04,2.98510035173373873e-12,4.35669555987061585e-12
1217,2.20148105755423015e-05,2.90627947398460634e-05,1.41213223473270194e-04,2.94115502641131585e-12,4.35669555987061585e-12
1218,2.19615887749338793e-05,2.89957404608690379e-05,1.41098536073098980e-04,2.94934151937608111e-12,4.35669555987061585e-12
1219,2.19085820522527236e-05,2.89289384207664261e-05,1.40984144901262705e-04,2.91234419935057889e-12,4.35669555987061585e-12
1220,2.18557833675267879e-05,2.88623878713454774e-05,1.40870048633770457e-04,2.95764551227794468e-12,4.35669555987061585e-12
1221,2.18031949908618642e-05,2.87960880651832553e-05,1.40756245971614108e-04,2.98724370740423767e-12,4.35669555987061585e-12
1222,2.17508177852146108e-05,2.87300374516026824e-05,1.40642735660581321e-04,2.92354618473490345e-12,4.35669555987061585e-12
1223,2.16986485256014576e-05,2.86642350507382000e-05,1.40529516420448284e-04,2.89752053098664199e-12,4.35669555987061585e-12
1224,2.16466889754647730e-05,2.85986789603819519e-05,1.40416587059026288e-04,2.91591005395641362e-12,4.35669555987061585e-12
1225,2.15949341904050057e-05,2.85333702905614235e-05,1.40303946233293856e-04,2.95858245912758092e-12,4.35669555987061585e-12
1226,2.15433838022043295e-05,2.84683076488940641e-05,1.40191592675137198e-04,2.90224595459172942e-12,4.35669555987061585e-12
1227,2.14920419402381072e-05,2.84034890171848788e-05,1.40079525183668647e-04,2.84897329914797934e-12,4.35669555987061585e-12
1228,2.14409046086631012e-05,2.83389142423333062e-05,1.39967742526270569e-04,2.84384162234183234e-12,4.35669555987061585e-12
1229,2.13899695280758626e-05,2.82745817464939481e-05,1.39856243436478953e-04,2.91117010729801225e-12,4.35669555987061585e-12
1230,2.13392367449143323e-05,2.82104924328805975e-05,1.39745026686207969e-04,2.86893979663184654e-12,4.35669555987061585e-12
1231,2.12887084163727030e-05,2.81466409411388416e-05,1.39634091061747957e-04,2.89277505087897239e-12,4.35669555987061585e-12
1232,2.12383782583816505e-05,2.80830314828816520e-05,1.39523435316223158e-04,2.83233553217782772e-12,4.35669555987061585e-12
1233,2.11882509629957371e-05,2.80196604537895050e-05,1.39413058282432959e-04,2.89327420272534509e-12,4.35669555987061585e-12
1234,2.11383231675076908e-05,2.79565267218713273e-05,1.39302958723330246e-04,2.88335868225505452e-12,4.35669555987061585e-12
1235,2.10885924591146881e-05,2.78936330278132386e-05,1.39193135480779611e-04,2.85924949932788473e-12,4.35669555987061585e-12
1236,2.10390607112662582e-05,2.78309699544255240e-05,1.39083587290833393e-04,2.87664117348048781e-12,4.35669555987061585e-12
1237,2.09897253943740866e-05,2.77685471972853359e-05,1.38974313012428546e-04,2.85384508164331084e-12,4.35669555987061585e-12
1238,2.09405893026718795e-05,2.77063573977836994e-05,1.38865311479286597e-04,3.03096129603362028e-12,4.35669555987061585e-12
1239,2.08916484080840073e-05,2.76443988359097651e-05,1.38756581555200343e-04,2.82506607538292399e-12,4.35669555987061585e-12
1240,2.08428977080873618e-05,2.75826730904627076e-05,1.38648121892204044e-04,2.77270672560455385e-12,4.35669555987061585e-12
1241,2.07943449809412825e-05,2.75211814299820842e-05,1.38539931487764305e-04,2.81399429436687929e-12,4.35669555987061585e-12
1242,2.07459848362024660e-05,2.74599189900568392e-05,1.38432009127026221e-04,2.82348257245126577e-12,4.35669555987061585e-12
1243,2.06978165107153517e-05,2.73988858533610103e-05,1.38324353670550256e-04,3.04233320067394929e-12,4.35669555987061585e-12
1244,2.06498426890732982e-05,2.73380827243960705e-05,1.38216964029436228e-04,2.76161209426629619e-12,4.35669555987061585e-12
1245,2.06020551902823711e-05,2.72775046941932298e-05,1.38109838910247071e-04,2.79860053872204517e-12,4.35669555987061585e-12
1246,2.05544602919798345e-05,2.72171564842314435e-05,1.38002977277109875e-04,2.99762902085492067e-12,4.35669555987061585e-12
1247,2.05070564916428069e-05,2.71570339260885834e-05,1.37896378055857923e-04,2.80166353747606995e-12,4.35669555987061585e-12
1248,2.04598381341429586e-05,2.70971333753885651e-05,1.37790039930260345e-04,2.78945906546491700e-12,4.35669555987061585e-12
1249,2.04128076383456500e-05,2.70374621583889872e-05,1.37683961970051918e-04,3.04082052768416702e-12,4.35669555987061585e-12
1250,2.03659669740647465e-05,2.69780146970557586e-05,1.37578143063900939e-04,3.02273016069235397e-12,4.35669555987061585e-12
1251,2.03193143615387463e-05,2.69187814760642108e-05,1.37472581976843291e-04,2.70290524860506807e-12,4.35669555987061585e-12
1252,2.02728397254068732e-05,2.68597786526267561e-05,1.37367277627078310e-04,2.75056311818186942e-12,4.35669555987061585e-12
1253,2.02265561836780715e-05,2.68009945615111884e-05,1.37262228979141042e-04,3.04287325974409896e-12,4.35669555987061585e-12
1254,2.01804578966257641e-05,2.67424407573192318e-05,1.37157435061517846e-04,2.74491623483191988e-12,4.35669555987061585e-12
1255,2.01345361328806283e-05,2.66840914793834494e-05,1.37052894536716132e-04,2.99814293074824494e-12,4.35669555987061585e-12
1256,2.00888053114615264e-05,2.66259692371243231e-05,1.36948606571927659e-04,2.70292225399657285e-12,4.35669555987061585e-12
1257,2.00432449292765008e-05,2.65680514459829857e-05,1.36844569799696012e-04,2.68752979884050831e-12,4.35669555987061585e-12
1258,1.99978739643370425e-05,2.65103620295264188e-05,1.36740783372239034e-04,2.94708323348407150e-12,4.35669555987061585e-12
1259,1.99526855809192054e-05,2.64528858572610711e-05,1.36637246251533297e-04,3.03855403390847641e-12,4.35669555987061585e-12
1260,1.99076687384439925e-05,2.63956188900918445e-05,1.36533957186660325e-04,3.02437495720149822e-12,4.35669555987061585e-12
1261,1.98628363661087622e-05,2.63385756444705851e-05,1.36430915287342737e-04,3.01973594122093132e-12,4.35669555987061585e-12
1262,1.98181785515844291e-05,2.62817315243224585e-05,1.36328119367934685e-04,3.00978952339201579e-12,4.35669555987061585e-12
1263,1.97736998910872671e-05,2.62251108474125482e-05,1.36225568475745689e-04,3.00731322596600587e-12,4.35669555987061585e-12
1264,1.97294014229413355e-05,2.61687007940766632e-05,1.36123261598415358e-04,2.99314104359846066e-12,4.35669555987061585e-12
1265,1.96852740097160049e-05,2.61124927414452210e-05,1.36021197616310988e-04,2.99981924206735409e-12,4.35669555987061585e-12
1266,1.96413230718607276e-05,2.60565055560988383e-05,1.35919375580774405e-04,3.03927061012920038e-12,4.35669555987061585e-12
1267,1.95975484582132924e-05,2.60007174720116812e-05,1.35817794406044708e-04,2.94251668884056652e-12,4.35669555987061585e-12
1268,1.95539441274809146e-05,2.59451405357922182e-05,1.35716453082081645e-04,2.96319764685772341e-12,4.35669555987061585e-12
1269,1.95105167699054163e-05,2.58897757999282751e-05,1.35615350690949650e-04,2.86929375991073963e-12,4.35669555987061585e-12
1270,1.94672615989234334e-05,2.58346140972528636e-05,1.35514486149196573e-04,2.98574118485593135e-12,4.35669555987061585e-12
1271,1.94241754461678129e-05,2.57796547698349208e-05,1.35413858421489571e-04,2.80249917783535517e-12,4.35669555987061585e-12
1272,1.93812656166264953e-05,2.57249003706598406e-05,1.35313466612984115e-04,2.90936958648473992e-12,4.35669555987061585e-12
1273,1.93385188066459594e-05,2.56703548352516252e-05,1.35213309696111334e-04,2.91532426325408396e-12,4.35669555987061585e-12
1274,1.92959434400465455e-05,2.56160095584455776e-05,1.35113386616132059e-04,2.84683268701800436e-12,4.35669555987061585e-12
1275,1.92535418981127881e-05,2.55618677238547256e-05,1.35013696479277561e-04,2.89174333345756457e-12,4.35669555987061585e-12
1276,1.92113032635509287e-05,2.55079250126881726e-05,1.34914238213037000e-04,2.82227241919426610e-12,4.35669555987061585e-12
1277,1.91692371818992147e-05,2.54541876553749738e-05,1.34815010946969828e-04,2.80047704104538184e-12,4.35669555987061585e-12
1278,1.91273347695480016e-05,2.54006402209478715e-05,1.34716013623149215e-04,2.83311963776520846e-12,4.35669555987061585e-12
1279,1.90855988627611770e-05,2.53473036015239867e-05,1.34617245349115280e-04,2.81675206455140153e-12,4.35669555987061585e-12
1280,1.90440294474768591e-05,2.52941566989763574e-05,1.34518705122136381e-04,3.03849780650778043e-12,4.35669555987061585e-12
1281,1.90026241236530433e-05,2.52412104684544977e-05,1.34420392028058294e-04,2.83361496269972869e-12,4.35669555987061585e-12
1282,1.89613821894114631e-05,2.51884592057581254e-05,1.34322305072390180e-04,2.88799667062165861e-12,4.35669555987061585e-12
1283,1.89203074079498901e-05,2.51359048229398526e-05,1.34224443375432757e-04,2.80171021636546539e-12,4.35669555987061585e-12
1284,1.88793908287383571e-05,2.50835457230741455e-05,1.34126805953117568e-04,2.99286852461705365e-12,4.35669555987061585e-12
1285,1.88386391838455259e-05,2.50313817955710881e-05,1.34029391906065950e-04,2.82458141838810432e-12,4.35669555987061585e-12
1286,1.87980461764034351e-05,2.49794099723515342e-05,1.33932200277695217e-04,2.76388181528549393e-12,4.35669555987061585e-12
1287,1.87576187976333156e-05,2.49276293909800757e-05,1.33835230160438243e-04,2.88972549982456852e-12,4.35669555987061585e-12
1288,1.87173467547017756e-05,2.48760434377428405e-05,1.33738480617159324e-04,2.94951920442473095e-12,4.35669555987061585e-12
1289,1.86772371059307798e-05,2.48246475846445812e-05,1.33641950756562472e-04,2.80684587998246703e-12,4.35669555987061585e-12
1290,1.86372855236676953e-05,2.47734431126590073e-05,1.33545639686526618e-04,2.80334438008924462e-12,4.35669555987061585e-12
1291,1.85974911653732403e-05,2.47224260462156559e-05,1.33449546450647809e-04,2.77741613780829632e-12,4.35669555987061585e-12
1292,1.85578558209392512e-05,2.46715994346243959e-05,1.33353670198190709e-04,2.91830079683494510e-12,4.35669555987061585e-12
1293,1.85183759585136643e-05,2.46209616330967010e-05,1.33258010012862722e-04,2.86583224568181449e-12,4.35669555987061585e-12
1294,1.84790531533995459e-05,2.45705075193332070e-05,1.33162564977086880e-04,3.00881940080868957e-12,4.35669555987061585e-12
1295,1.84398867371903528e-05,2.45202446449915029e-05,1.33067334271754433e-04,2.91438126335366076e-12,4.35669555987061585e-12
1296,1.84008727002901121e-05,2.44701636985999985e-05,1.32972316926942020e-04,2.98160874708664155e-12,4.35669555987061585e-12
1297,1.83620152694573274e-05,2.44202705373634703e-05,1.32877512132340735e-04,2.93994241733277029e-12,4.35669555987061585e-12
1298,1.83233107429185562e-05,2.43705604601977680e-05,1.32782918997142806e-04,2.89646288452242971e-12,4.35669555987061585e-12
1299,1.82847598433248125e-05,2.43210341623581533e-05,1.32688536654283946e-04,2.72425152237044443e-12,4.35669555987061585e-12
1300,1.82463607693213226e-05,2.42716916038721079e-05,1.32594364261624348e-04,2.73848624644172289e-12,4.35669555987061585e-12
1301,1.82081141582716715e-05,2.42225282665869002e-05,1.32500400906206719e-04,2.95055962201543994e-12,4.35669555987061585e-12
1302,1.81700167814344715e-05,2.41735513913319908e-05,1.32406645793081641e-04,2.85396431704892039e-12,4.35669555987061585e-12
1303,1.81346368520670090e-05,2.41247492464452223e-05,1.32313120238450468e-04,2.82471570865451938e-12,4.35669555987061585e-12
1304,1.80990065740258737e-05,2.40761181530068295e-05,1.32219820731058842e-04,2.77566132771069658e-12,4.35669555987061585e-12
1305,1.80614415444675286e-05,2.40276566266769940e-05,1.32126732198651687e-04,2.69983640830204575e-12,4.35669555987061585e-12
1306,1.80237171094007881e-05,2.39793766441286989e-05,1.32033850727553712e-04,2.73717712394710471e-12,4.35669555987061585e-12
1307,1.79861074213058629e-05,2.39312831086915347e-05,1.31941174428367721e-04,2.83542776872629155e-12,4.35669555987061585e-12
1308,1.79486617745843420e-05,2.38833711045809453e-05,1.31848701978190015e-04,2.72817356622628196e-12,4.35669555987061585e-12
1309,1.79113881772637753e-05,2.38356357842566098e-05,1.31756432244914574e-04,2.76774168159630397e-12,4.35669555987061585e-12
1310,1.78742850923765102e-05,2.37880804962557825e-05,1.31664364284345939e-04,2.58814715681737220e-12,4.35669555987061585e-12
1311,1.78373514879248850e-05,2.37407013174513949e-05,1.31572497187751222e-04,2.67513741946669765e-12,4.35669555987061585e-12
1312,1.78005804064106930e-05,2.36935014119108064e-05,1.31480830123822148e-04,2.80425454711087470e-12,4.35669555987061585e-12
1313,1.77639714982692271e-05,2.36464735295670832e-05,1.31389362214101688e-04,2.77160204116351103e-12,4.35669555987061585e-12
1314,1.77275230434757402e-05,2.35996199170922473e-05,1.31298092673162454e-04,2.64446862839617535e-12,4.35669555987061585e-12
1315,1.76912298815956729e-05,2.35529399829112548e-05,1.31207020699427164e-04,2.84740780569630035e-12,4.35669555987061585e-12
1316,1.76550875225105906e-05,2.35064331141561001e-05,1.31116145461809532e-04,2.72618962580600461e-12,4.35669555987061585e-12
1317,1.76190957974758939e-05,2.34600962042736317e-05,1.31025466148296368e-04,2.77217988959374836e-12,4.35669555987061585e-12
1318,1.75832562664401846e-05,2.34139285843884602e-05,1.30934981957302285e-04,2.55070836956417696e-12,4.35669555987061585e-12
1319,1.75475644884821789e-05,2.33679316847134165e-05,1.30844692135371609e-04,2.54502468753372929e-12,4.35669555987061585e-12
1320,1.75120156454138426e-05,2.33221059351466188e-05,1.30754595887875354e-04,2.81051581777730934e-12,4.35669555987061585e-12
1321,1.74766142149073999e-05,2.32764459446253283e-05,1.30664692415705049e-04,2.62623257421332910e-12,4.35669555987061585e-12
1322,1.74413541400450931e-05,2.32309529364940061e-05,1.30574980929393377e-04,2.63863547037233682e-12,4.35669555987061585e-12
1323,1.74062387508539046e-05,2.31856266093132606e-05,1.30485460657783791e-04,2.50367517542311877e-12,4.35669555987061585e-12
1324,1.73712644777489158e-05,2.31404669081884449e-05,1.30396130861105226e-04,2.60854506218115722e-12,4.35669555987061585e-12
1325,1.73364295572786104e-05,2.30954732613617928e-05,1.30306990761052121e-04,2.66948983462201416e-12,4.35669555987061585e-12
1326,1.73017343726932436e-05,2.30506422842954591e-05,1.30218039563320345e-04,2.50745928098194914e-12,4.35669555987061585e-12
1327,1.72671802309511749e-05,2.30059748499709134e-05,1.30129276553117768e-04,2.75673201991102782e-12,4.35669555987061585e-12
1328,1.72327615211382697e-05,2.29614738715791724e-05,1.30040700983246297e-04,2.47658534645392255e-12,4.35669555987061585e-12
1329,1.71984797301559435e-05,2.29171305290494570e-05,1.29952312054278432e-04,2.54065244655876173e-12,4.35669555987061585e-12
1330,1.71643355292237020e-05,2.28729531125119225e-05,1.29864109067554862e-04,2.59185416573341679e-12,4.35669555987061585e-12
1331,1.71303277361840001e-05,2.28289347405345908e-05,1.29776091273324170e-04,2.69144328910295523e-12,4.35669555987061585e-12
1332,1.70964522552428925e-05,2.27850765496859655e-05,1.29688257892736364e-04,2.54810523372814709e-12,4.35669555987061585e-12
1333,1.70627137773063545e-05,2.27413785996544732e-05,1.29600608240281145e-04,2.73450360844887020e-12,4.35669555987061585e-12
1334,1.70291058544187828e-05,2.26978411854145502e-05,1.29513141571238095e-04,2.54912802384318805e-12,4.35669555987061585e-12
1335,1.69956342546019867e-05,2.26544598836021540e-05,1.29425857187368383e-04,2.68720134640443255e-12,4.35669555987061585e-12
1336,1.69622929379097637e-05,2.26112381080747754e-05,1.29338754338693398e-04,2.63056739897193555e-12,4.35669555987061585e-12
1337,1.69290814805860960e-05,2.25681719692872412e-05,1.29251832280600869e-04,2.42106178606338075e-12,4.35669555987061585e-12
1338,1.68960045014339466e-05,2.25252634867688874e-05,1.29165090354443912e-04,2.48397846881252222e-12,4.35669555987061585e-12
1339,1.68630558683575927e-05,2.24825110665692210e-05,1.29078527819135376e-04,2.56775764879293246e-12,4.35669555987061585e-12
1340,1.68302371148354565e-05,2.24399149400148303e-05,1.28992143994581505e-04,2.53937020940913426e-12,4.35669555987061585e-12
1341,1.67975470442974429e-05,2.23974715291808701e-05,1.28905938147876129e-04,2.43676729955464723e-12,4.35669555987061585e-12
1342,1.67649852033860499e-05,2.23551823464691165e-05,1.28819909576903747e-04,2.47259956014266646e-12,4.35669555987061585e-12
1343,1.67325549873097828e-05,2.23130462183438914e-05,1.28734057618539176e-04,2.57709000378274771e-12,4.35669555987061585e-12
1344,1.67002483407565040e-05,2.22710641755886992e-05,1.28648381562556161e-04,2.60257973825783058e-12,4.35669555987061585e-12
1345,1.66680677985195048e-05,2.22292329366506676e-05,1.28562880695725935e-04,2.54900885225311357e-12,4.35669555987061585e-12
1346,1.66360168044034444e-05,2.21875543168121198e-05,1.28477554395520861e-04,2.52498597886849373e-12,4.35669555987061585e-12
1347,1.66040899098220621e-05,2.21459490673338557e-05,1.28392404971645993e-04,2.51372140927216750e-12,4.35669555987061585e-12
1348,1.65723244066365329e-05,2.21045922123415137e-05,1.28307429264886579e-04,2.38017888870048931e-12,4.35669555987061585e-12
1349,1.65406954287301769e-05,2.20634174341020640e-05,1.28222625943278024e-04,2.39456045029357491e-12,4.35669555987061585e-12
1350,1.65091910903035681e-05,2.20223996712850101e-05,1.28137994160555023e-04,2.39783205853170488e-12,4.35669555987061585e-12
1351,1.64778030619823795e-05,2.19815305239262409e-05,1.28053533203805478e-04,2.36555772043716246e-12,4.35669555987061585e-12
1352,1.64465382977052671e-05,2.19408018480982075e-05,1.27969242412594603e-04,2.36874571867142767e-12,4.35669555987061585e-12
1353,1.64153857552715584e-05,2.19002218097543987e-05,1.27885121169197912e-04,2.54265893884182325e-12,4.35669555987061585e-12
1354,1.63843543278480318e-05,2.18597792992425537e-05,1.27801168794904220e-04,2.35576685477643082e-12,4.35669555987061585e-12
1355,1.63534392028113683e-05,2.18194817862658530e-05,1.27717384702944343e-04,2.40030060161071788e-12,4.35669555987061585e-12
1356,1.63226445350306606e-05,2.17793242222007256e-05,1.27633768233466197e-04,2.60371051452061393e-12,4.35669555987061585e-12
1357,1.62919634098456749e-05,2.17393119160353856e-05,1.27550318758802214e-04,2.47339976117304943e-12,4.35669555987061585e-12
1358,1.62614025404232990e-05,2.16994368336536310e-05,1.27467035636351351e-04,2.53095164593804436e-12,4.35669555987061585e-12
1359,1.62309586937258650e-05,2.16597191104474490e-05,1.27383918548947960e-04,2.38392523338512017e-12,4.35669555987061585e-12
1360,1.62006320264468110e-05,2.16201379851442759e-05,1.27300966779511323e-04,3.02233375808904308e-12,4.35669555987061585e-12
1361,1.61704182899493621e-05,2.15806951958109014e-05,1.27218179547079638e-04,3.02813427015629972e-12,4.35669555987061585e-12
1362,1.61403291131081021e-05,2.15413819056488620e-05,1.27135556230596367e-04,2.42388389614154555e-12,4.35669555987061585e-12
1363,1.61103548760184299e-05,2.15022096786723386e-05,1.27053096257922766e-04,3.03941449864109255e-12,4.35669555987061585e-12
1364,1.60804857941009421e-05,2.14631820221258479e-05,1.26970798853960235e-04,2.44883680771824949e-12,4.35669555987061585e-12
1365,1.60507448994102552e-05,2.14242834542043089e-05,1.26888663526057851e-04,3.01677912620097082e-12,4.35669555987061585e-12
1366,1.60211071596453858e-05,2.13855333386921793e-05,1.26806689563736303e-04,2.97374598995015263e-12,4.35669555987061585e-12
1367,1.59915920394190593e-05,2.13469142258291131e-05,1.26724876440876297e-04,2.95093529651798448e-12,4.35669555987061585e-12
1368,1.59621878996964132e-05,2.13084323954406162e-05,1.26643223516831332e-04,2.96352087194380309e-12,4.35669555987061585e-12
1369,1.59328959551643542e-05,2.12700896670370109e-05,1.26561730194371409e-04,2.47140798859886170e-12,4.35669555987061585e-12
1370,1.59037214573377663e-05,2.12318790602203952e-05,1.26480395894798168e-04,2.45708536806285276e-12,4.35669555987061585e-12
1371,1.58746533897177486e-05,2.11938113690749221e-05,1.26399220001898285e-04,3.02591011345172909e-12,4.35669555987061585e-12
1372,1.58456943764651046e-05,2.11558768996068147e-05,1.26318201834976269e-04,3.00159533770982174e-12,4.35669555987061585e-12
1373,1.58168566461525657e-05,2.11180742544604737e-05,1.26237340934982033e-04,2.91110570479178665e-12,4.35669555987061585e-12
1374,1.57881251181783118e-05,2.10804059575221163e-05,1.26156636658561065e-04,2.91287388673475263e-12,4.35669555987061585e-12
1375,1.57595045819156749e-05,2.10428715690277372e-05,1.26076088404399310e-04,2.90356767432439477e-12,4.35669555987061585e-12
1376,1.57309937493272020e-05,2.10054724944325935e-05,1.25995695620762383e-04,2.93549232815488602e-12,4.35669555987061585e-12
1377,1.57025924363814633e-05,2.09682038542508658e-05,1.25915457688435074e-04,2.90084173828864621e-12,4.35669555987061585e-12
1378,1.56743016450209555e-05,2.09310686956357955e-05,1.25835374068274623e-04,2.97120701917057763e-12,4.35669555987061585e-12
1379,1.56461185445541191e-05,2.08940650568079532e-05,1.25755444168378446e-04,2.91053012135675952e-12,4.35669555987061585e-12
1380,1.56180440335566050e-05,2.08571911417821815e-05,1.25675667396562499e-04,2.99344681193393069e-12,4.35669555987061585e-12
1381,1.55900764999993333e-05,2.08197747701400678e-05,1.25596038344908176e-04,2.88848676117061099e-12,4.35669555987061585e-12
1382,1.55622237343352012e-05,2.07829381802841199e-05,1.25516559761819059e-04,2.85151593643079315e-12,4.35669555987061585e-12
1383,1.55344801343445893e-05,2.07463998370034223e-05,1.25437232302334512e-04,2.89340735798399814e-12,4.35669555987061585e-12
1384,1.55068416355953065e-05,2.07100326420048556e-05,1.25358055697882560e-04,2.86565755767235739e-12,4.35669555987061585e-12
1385,1.54793111556303942e-05,2.06738008423887860e-05,1.25279029436891839e-04,2.87545888873852981e-12,4.35669555987061585e-12
1386,1.54518882793917415e-05,2.06376975386614031e-05,1.25200152970000254e-04,2.85532124264812687e-12,4.35669555987061585e-12
1387,1.54245683116402777e-05,2.06017263309358546e-05,1.25121425774079063e-04,2.81827077467646364e-12,4.35669555987061585e-12
1388,1.53973532647760559e-05,2.05658797043274570e-05,1.25042847268532772e-04,2.82287654252186944e-12,4.35669555987061585e-12
1389,1.53702438631709289e-05,2.05301594089563566e-05,1.24964416900556725e-04,2.82013903790579710e-12,4.35669555987061585e-12
1390,1.53432366440189916e-05,2.04945675345374699e-05,1.24886134148694618e-04,2.86609570590024863e-12,4.35669555987061585e-12
1391,1.53163334758951222e-05,2.04590987936848876e-05,1.24807998428190059e-04,2.99872583402758193e-12,4.35669555987061585e-12
1392,1.52895321551723066e-05,2.04237568216362996e-05,1.24730009219888884e-04,2.77811600566250204e-12,4.35669555987061585e-12
1393,1.52628353282933868e-05,2.03885404268682634e-05,1.24652166020513931e-04,2.78369924962041852e-12,4.35669555987061585e-12
1394,1.52362380320763691e-05,2.03534463523372964e-05,1.24574468249412813e-04,2.75780587873500883e-12,4.35669555987061585e-12
1395,1.52097427384372749e-05,2.03184757356724384e-05,1.24496915366574485e-04,2.76237283087788534e-12,4.35669555987061585e-12
1396,1.51833476605618349e-05,2.02836300332922188e-05,1.24419506861054988e-04,2.78581986788650024e-12,4.35669555987061585e-12
1397,1.51570549882285844e-05,2.02489044868447694e-05,1.24342242188251655e-04,2.78517753476280184e-12,4.35669555987061585e-12
1398,1.51308605468962228e-05,2.02143035493722394e-05,1.24265120846344627e-04,2.98528090015034784e-12,4.35669555987061585e-12
1399,1.51047675766086846e-05,2.01798209379049805e-05,1.24188142285796573e-04,2.82850514200937112e-12,4.35669555987061585e-12
1400,1.50787722728340002e-05,2.01454611074036715e-05,1.24111305987821931e-04,2.72290909301001408e-12,4.35669555987061585e-12
1401,1.50528775528363173e-05,2.01112218354489609e-05,1.24034611466845851e-04,2.74504288397801019e-12,4.35669555987061585e-12
1402,1.50270796671154359e-05,2.00771006516157018e-05,1.23958058157781618e-04,2.75726841344200798e-12,4.35669555987061585e-12
1403,1.50013799496348674e-05,2.00431012687992895e-05,1.23881645584659789e-04,2.73679533542820857e-12,4.35669555987061585e-12
1404,1.49757780976726563e-05,2.00092185247937339e-05,1.23805373206260598e-04,2.72468400760136609e-12,4.35669555987061585e-12
1405,1.49502732614139367e-05,1.99754560371195605e-05,1.23729240545100732e-04,2.72591086669354775e-12,4.35669555987061585e-12
