# vtk DataFile Version 3.0
CFDApp solution
ASCII
DATASET UNSTRUCTURED_GRID
POINTS 1209 double
1.00000000000000000e+00 0.00000000000000000e+00 0
1.08333333333333326e+00 0.00000000000000000e+00 0
1.16666666666666674e+00 0.00000000000000000e+00 0
1.25000000000000000e+00 0.00000000000000000e+00 0
1.33333333333333326e+00 0.00000000000000000e+00 0
1.41666666666666674e+00 0.00000000000000000e+00 0
1.50000000000000000e+00 0.00000000000000000e+00 0
1.58333333333333348e+00 0.00000000000000000e+00 0
1.66666666666666652e+00 0.00000000000000000e+00 0
1.75000000000000000e+00 0.00000000000000000e+00 0
1.83333333333333348e+00 0.00000000000000000e+00 0
1.91666666666666652e+00 0.00000000000000000e+00 0
2.00000000000000000e+00 0.00000000000000000e+00 0
9.98629534754573833e-01 5.23359562429438277e-02 0
1.08184866265078816e+00 5.66972859298558104e-02 0
1.16506779054700282e+00 6.10586156167678001e-02 0
1.24828691844321726e+00 6.54199453036797829e-02 0
1.33150604633943170e+00 6.97812749905917656e-02 0
1.41472517423564637e+00 7.41426046775037623e-02 0
1.49794430213186081e+00 7.85039343644157450e-02 0
1.58116343002807547e+00 8.28652640513277416e-02 0
1.66438255792428969e+00 8.72265937382397105e-02 0
1.74760168582050412e+00 9.15879234251516933e-02 0
1.83082081371671879e+00 9.59492531120636899e-02 0
1.91403994161293300e+00 1.00310582798975659e-01 0
1.99725906950914767e+00 1.04671912485887655e-01 0
9.94521895368273290e-01 1.04528463267653457e-01 0
1.07739871998229608e+00 1.13239168539957899e-01 0
1.16027554459631888e+00 1.21949873812262369e-01 0
1.24315236921034167e+00 1.30660579084566825e-01 0
1.32602919382436424e+00 1.39371284356871267e-01 0
1.40890601843838725e+00 1.48081989629175736e-01 0
1.49178284305240982e+00 1.56792694901480179e-01 0
1.57465966766643284e+00 1.65503400173784648e-01 0
1.65753649228045541e+00 1.74214105446089090e-01 0
1.74041331689447820e+00 1.82924810718393560e-01 0
1.82329014150850122e+00 1.91635515990698030e-01 0
1.90616696612252357e+00 2.00346221263002444e-01 0
1.98904379073654658e+00 2.09056926535306914e-01 0
9.87688340595137770e-01 1.56434465040230869e-01 0
1.06999570231139929e+00 1.69470670460250106e-01 0
1.15230306402766081e+00 1.82506875880269370e-01 0
1.23461042574392232e+00 1.95543081300288579e-01 0
1.31691778746018362e+00 2.08579286720307816e-01 0
1.39922514917644514e+00 2.21615492140327081e-01 0
1.48153251089270666e+00 2.34651697560346317e-01 0
1.56383987260896817e+00 2.47687902980365554e-01 0
1.64614723432522947e+00 2.60724108400384735e-01 0
1.72845459604149099e+00 2.73760313820404000e-01 0
1.81076195775775273e+00 2.86796519240423264e-01 0
1.89306931947401402e+00 2.99832724660442473e-01 0
1.97537668119027554e+00 3.12868930080461738e-01 0
9.78147600733805689e-01 2.07911690817759315e-01 0
1.05965990079495609e+00 2.25237665052572589e-01 0
1.14117220085610671e+00 2.42563639287385890e-01 0
1.22268450091725711e+00 2.59889613522199137e-01 0
1.30419680097840751e+00 2.77215587757012383e-01 0
1.38570910103955813e+00 2.94541561991825684e-01 0
1.46722140110070853e+00 3.11867536226638986e-01 0
1.54873370116185916e+00 3.29193510461452288e-01 0
1.63024600122300933e+00 3.46519484696265478e-01 0
1.71175830128415996e+00 3.63845458931078780e-01 0
1.79327060134531058e+00 3.81171433165892082e-01 0
1.87478290140646076e+00 3.98497407400705328e-01 0
1.95629520146761138e+00 4.15823381635518630e-01 0
9.65925826289068312e-01 2.58819045102520739e-01 0
1.04641964514649066e+00 2.80387298861064116e-01 0
1.12691346400391312e+00 3.01955552619607548e-01 0
1.20740728286133536e+00 3.23523806378150924e-01 0
1.28790110171875760e+00 3.45092060136694301e-01 0
1.36839492057618028e+00 3.66660313895237733e-01 0
1.44888873943360252e+00 3.88228567653781109e-01 0
1.52938255829102498e+00 4.09796821412324541e-01 0
1.60987637714844700e+00 4.31365075170867862e-01 0
1.69037019600586946e+00 4.52933328929411294e-01 0
1.77086401486329215e+00 4.74501582687954726e-01 0
1.85135783372071416e+00 4.96069836446498047e-01 0
1.93185165257813662e+00 5.17638090205041479e-01 0
9.51056516295153531e-01 3.09016994374947396e-01 0
1.03031122598641622e+00 3.34768410572859665e-01 0
1.10956593567767925e+00 3.60519826770771989e-01 0
1.18882064536894183e+00 3.86271242968684259e-01 0
1.26807535506020463e+00 4.12022659166596528e-01 0
1.34733006475146766e+00 4.37774075364508852e-01 0
1.42658477444273024e+00 4.63525491562421066e-01 0
1.50583948413399327e+00 4.89276907760333446e-01 0
1.58509419382525585e+00 5.15028323958245604e-01 0
1.66434890351651865e+00 5.40779740156157929e-01 0
1.74360361320778168e+00 5.66531156354070253e-01 0
1.82285832289904404e+00 5.92282572551982467e-01 0
1.90211303259030706e+00 6.18033988749894792e-01 0
9.33580426497201743e-01 3.58367949545300268e-01 0
1.01137879537196840e+00 3.88231945340741957e-01 0
1.08917716424673539e+00 4.18095941136183646e-01 0
1.16697553312150215e+00 4.47959936931625335e-01 0
1.24477390199626892e+00 4.77823932727067024e-01 0
1.32257227087103590e+00 5.07687928522508769e-01 0
1.40037063974580267e+00 5.37551924317950403e-01 0
1.47816900862056966e+00 5.67415920113392147e-01 0
1.55596737749533620e+00 5.97279915908833781e-01 0
1.63376574637010297e+00 6.27143911704275414e-01 0
1.71156411524486995e+00 6.57007907499717159e-01 0
1.78936248411963650e+00 6.86871903295158792e-01 0
1.86716085299440349e+00 7.16735899090600537e-01 0
9.13545457642600867e-01 4.06736643075800153e-01 0
9.89674245779484152e-01 4.40631363332116777e-01 0
1.06580303391636777e+00 4.74526083588433567e-01 0
1.14193182205325106e+00 5.08420803844750191e-01 0
1.21806061019013434e+00 5.42315524101066870e-01 0
1.29418939832701807e+00 5.76210244357383550e-01 0
1.37031818646390136e+00 6.10104964613700229e-01 0
1.44644697460078486e+00 6.43999684870017020e-01 0
1.52257576273766793e+00 6.77894405126333477e-01 0
1.59870455087455143e+00 7.11789125382650267e-01 0
1.67483333901143516e+00 7.45683845638967058e-01 0
1.75096212714831823e+00 7.79578565895283515e-01 0
1.82709091528520173e+00 8.13473286151600306e-01 0
8.91006524188367899e-01 4.53990499739546749e-01 0
9.65257067870731844e-01 4.91823041384508941e-01 0
1.03950761155309590e+00 5.29655583029471244e-01 0
1.11375815523545985e+00 5.67488124674433436e-01 0
1.18800869891782379e+00 6.05320666319395628e-01 0
1.26225924260018796e+00 6.43153207964357931e-01 0
1.33650978628255190e+00 6.80985749609320123e-01 0
1.41076032996491607e+00 7.18818291254282427e-01 0
1.48501087364727979e+00 7.56650832899244508e-01 0
1.55926141732964374e+00 7.94483374544206811e-01 0
1.63351196101200791e+00 8.32315916189169114e-01 0
1.70776250469437163e+00 8.70148457834131195e-01 0
1.78201304837673580e+00 9.07980999479093498e-01 0
8.66025403784438708e-01 4.99999999999999944e-01 0
9.38194187433141868e-01 5.41666666666666519e-01 0
1.01036297108184514e+00 5.83333333333333259e-01 0
1.08253175473054841e+00 6.24999999999999889e-01 0
1.15470053837925146e+00 6.66666666666666519e-01 0
1.22686932202795496e+00 7.08333333333333259e-01 0
1.29903810567665801e+00 7.49999999999999889e-01 0
1.37120688932536150e+00 7.91666666666666630e-01 0
1.44337567297406433e+00 8.33333333333333148e-01 0
1.51554445662276782e+00 8.74999999999999889e-01 0
1.58771324027147109e+00 9.16666666666666630e-01 0
1.65988202392017414e+00 9.58333333333333148e-01 0
1.73205080756887742e+00 9.99999999999999889e-01 0
8.38670567945424050e-01 5.44639035015027084e-01 0
9.08559781940875943e-01 5.90025621266279332e-01 0
9.78448995936328170e-01 6.35412207517531691e-01 0
1.04833820993178017e+00 6.80798793768783828e-01 0
1.11822742392723207e+00 7.26185380020036075e-01 0
1.18811663792268418e+00 7.71571966271288434e-01 0
1.25800585191813608e+00 8.16958552522540682e-01 0
1.32789506591358819e+00 8.62345138773792930e-01 0
1.39778427990903986e+00 9.07731725025045066e-01 0
1.46767349390449198e+00 9.53118311276297425e-01 0
1.53756270789994431e+00 9.98504897527549784e-01 0
1.60745192189539599e+00 1.04389148377880181e+00 0
1.67734113589084810e+00 1.08927807003005417e+00 0
8.09016994374947451e-01 5.87785252292473137e-01 0
8.76435077239526295e-01 6.36767356650179139e-01 0
9.43853160104105471e-01 6.85749461007885364e-01 0
1.01127124296868431e+00 7.34731565365591477e-01 0
1.07868932583326327e+00 7.83713669723297479e-01 0
1.14610740869784222e+00 8.32695774081003703e-01 0
1.21352549156242118e+00 8.81677878438709706e-01 0
1.28094357442700035e+00 9.30659982796415930e-01 0
1.34836165729157886e+00 9.79642087154121821e-01 0
1.41577974015615804e+00 1.02862419151182793e+00 0
1.48319782302073722e+00 1.07760629586953427e+00 0
1.55061590588531573e+00 1.12658840022724016e+00 0
1.61803398874989490e+00 1.17557050458494627e+00 0
7.77145961456970902e-01 6.29320391049837391e-01 0
8.41908124911718403e-01 6.81763756970657164e-01 0
9.06670288366466126e-01 7.34207122891477049e-01 0
9.71432451821213627e-01 7.86650488812296711e-01 0
1.03619461527596113e+00 8.39093854733116484e-01 0
1.10095677873070885e+00 8.91537220653936369e-01 0
1.16571894218545635e+00 9.43980586574756142e-01 0
1.23048110564020408e+00 9.96423952495575915e-01 0
1.29524326909495135e+00 1.04886731841639547e+00 0
1.36000543254969908e+00 1.10131068433721535e+00 0
1.42476759600444680e+00 1.15375405025803524e+00 0
1.48952975945919408e+00 1.20619741617885490e+00 0
1.55429192291394180e+00 1.25864078209967478e+00 0
7.43144825477394244e-01 6.69130606358858238e-01 0
8.05073560933843746e-01 7.24891490222096424e-01 0
8.67002296390293359e-01 7.80652374085334610e-01 0
9.28931031846742750e-01 8.36413257948572797e-01 0
9.90859767303192251e-01 8.92174141811810983e-01 0
1.05278850275964198e+00 9.47935025675049170e-01 0
1.11471723821609148e+00 1.00369590953828736e+00 0
1.17664597367254098e+00 1.05945679340152554e+00 0
1.23857470912899026e+00 1.11521767726476373e+00 0
1.30050344458543998e+00 1.17097856112800192e+00 0
1.36243218004188948e+00 1.22673944499124010e+00 0
1.42436091549833876e+00 1.28250032885447829e+00 0
1.48628965095478849e+00 1.33826121271771648e+00 0
7.07106781186547573e-01 7.07106781186547462e-01 0
7.66032346285426491e-01 7.66032346285426380e-01 0
8.24957911384305520e-01 8.24957911384305409e-01 0
8.83883476483184438e-01 8.83883476483184327e-01 0
9.42809041582063356e-01 9.42809041582063245e-01 0
1.00173460668094250e+00 1.00173460668094227e+00 0
1.06066017177982141e+00 1.06066017177982119e+00 0
1.11958573687870033e+00 1.11958573687870033e+00 0
1.17851130197757925e+00 1.17851130197757903e+00 0
1.23743686707645817e+00 1.23743686707645795e+00 0
1.29636243217533731e+00 1.29636243217533709e+00 0
1.35528799727421601e+00 1.35528799727421578e+00 0
1.41421356237309515e+00 1.41421356237309492e+00 0
6.69130606358858238e-01 7.43144825477394133e-01 0
7.24891490222096424e-01 8.05073560933843635e-01 0
7.80652374085334610e-01 8.67002296390293248e-01 0
8.36413257948572797e-01 9.28931031846742639e-01 0
8.92174141811810983e-01 9.90859767303192140e-01 0
9.47935025675049170e-01 1.05278850275964175e+00 0
1.00369590953828736e+00 1.11471723821609126e+00 0
1.05945679340152554e+00 1.17664597367254076e+00 0
1.11521767726476373e+00 1.23857470912899004e+00 0
1.17097856112800192e+00 1.30050344458543976e+00 0
1.22673944499124010e+00 1.36243218004188926e+00 0
1.28250032885447829e+00 1.42436091549833854e+00 0
1.33826121271771648e+00 1.48628965095478827e+00 0
6.29320391049837502e-01 7.77145961456970791e-01 0
6.81763756970657275e-01 8.41908124911718292e-01 0
7.34207122891477160e-01 9.06670288366466015e-01 0
7.86650488812296933e-01 9.71432451821213516e-01 0
8.39093854733116595e-01 1.03619461527596091e+00 0
8.91537220653936480e-01 1.10095677873070863e+00 0
9.43980586574756253e-01 1.16571894218545613e+00 0
9.96423952495576137e-01 1.23048110564020385e+00 0
1.04886731841639569e+00 1.29524326909495113e+00 0
1.10131068433721557e+00 1.36000543254969886e+00 0
1.15375405025803546e+00 1.42476759600444658e+00 0
1.20619741617885512e+00 1.48952975945919386e+00 0
1.25864078209967500e+00 1.55429192291394158e+00 0
5.87785252292473137e-01 8.09016994374947451e-01 0
6.36767356650179139e-01 8.76435077239526295e-01 0
6.85749461007885364e-01 9.43853160104105471e-01 0
7.34731565365591477e-01 1.01127124296868431e+00 0
7.83713669723297479e-01 1.07868932583326327e+00 0
8.32695774081003703e-01 1.14610740869784222e+00 0
8.81677878438709706e-01 1.21352549156242118e+00 0
9.30659982796415930e-01 1.28094357442700035e+00 0
9.79642087154121821e-01 1.34836165729157886e+00 0
1.02862419151182793e+00 1.41577974015615804e+00 0
1.07760629586953427e+00 1.48319782302073722e+00 0
1.12658840022724016e+00 1.55061590588531573e+00 0
1.17557050458494627e+00 1.61803398874989490e+00 0
5.44639035015027195e-01 8.38670567945423939e-01 0
5.90025621266279443e-01 9.08559781940875832e-01 0
6.35412207517531802e-01 9.78448995936327948e-01 0
6.80798793768784050e-01 1.04833820993177995e+00 0
7.26185380020036186e-01 1.11822742392723185e+00 0
7.71571966271288545e-01 1.18811663792268396e+00 0
8.16958552522540793e-01 1.25800585191813585e+00 0
8.62345138773793152e-01 1.32789506591358797e+00 0
9.07731725025045288e-01 1.39778427990903986e+00 0
9.53118311276297536e-01 1.46767349390449198e+00 0
9.98504897527549895e-01 1.53756270789994409e+00 0
1.04389148377880203e+00 1.60745192189539576e+00 0
1.08927807003005439e+00 1.67734113589084788e+00 0
5.00000000000000111e-01 8.66025403784438597e-01 0
5.41666666666666741e-01 9.38194187433141757e-01 0
5.83333333333333481e-01 1.01036297108184514e+00 0
6.25000000000000111e-01 1.08253175473054819e+00 0
6.66666666666666741e-01 1.15470053837925146e+00 0
7.08333333333333481e-01 1.22686932202795473e+00 0
7.50000000000000222e-01 1.29903810567665801e+00 0
7.91666666666666963e-01 1.37120688932536128e+00 0
8.33333333333333481e-01 1.44337567297406411e+00 0
8.75000000000000222e-01 1.51554445662276760e+00 0
9.16666666666666963e-01 1.58771324027147087e+00 0
9.58333333333333481e-01 1.65988202392017392e+00 0
1.00000000000000022e+00 1.73205080756887719e+00 0
4.53990499739546804e-01 8.91006524188367788e-01 0
4.91823041384508997e-01 9.65257067870731733e-01 0
5.29655583029471355e-01 1.03950761155309590e+00 0
5.67488124674433547e-01 1.11375815523545985e+00 0
6.05320666319395739e-01 1.18800869891782357e+00 0
6.43153207964358042e-01 1.26225924260018774e+00 0
6.80985749609320234e-01 1.33650978628255168e+00 0
7.18818291254282538e-01 1.41076032996491585e+00 0
7.56650832899244619e-01 1.48501087364727957e+00 0
7.94483374544206922e-01 1.55926141732964352e+00 0
8.32315916189169225e-01 1.63351196101200768e+00 0
8.70148457834131306e-01 1.70776250469437141e+00 0
9.07980999479093609e-01 1.78201304837673558e+00 0
4.06736643075800208e-01 9.13545457642600867e-01 0
4.40631363332116888e-01 9.89674245779484152e-01 0
4.74526083588433623e-01 1.06580303391636777e+00 0
5.08420803844750302e-01 1.14193182205325106e+00 0
5.42315524101066870e-01 1.21806061019013434e+00 0
5.76210244357383661e-01 1.29418939832701807e+00 0
6.10104964613700340e-01 1.37031818646390136e+00 0
6.43999684870017020e-01 1.44644697460078486e+00 0
6.77894405126333588e-01 1.52257576273766793e+00 0
7.11789125382650378e-01 1.59870455087455143e+00 0
7.45683845638967058e-01 1.67483333901143516e+00 0
7.79578565895283626e-01 1.75096212714831823e+00 0
8.13473286151600417e-01 1.82709091528520173e+00 0
3.58367949545300379e-01 9.33580426497201743e-01 0
3.88231945340742068e-01 1.01137879537196840e+00 0
4.18095941136183813e-01 1.08917716424673539e+00 0
4.47959936931625502e-01 1.16697553312150215e+00 0
4.77823932727067135e-01 1.24477390199626892e+00 0
5.07687928522508880e-01 1.32257227087103590e+00 0
5.37551924317950514e-01 1.40037063974580267e+00 0
5.67415920113392369e-01 1.47816900862056966e+00 0
5.97279915908833892e-01 1.55596737749533620e+00 0
6.27143911704275636e-01 1.63376574637010297e+00 0
6.57007907499717381e-01 1.71156411524486995e+00 0
6.86871903295159014e-01 1.78936248411963650e+00 0
7.16735899090600759e-01 1.86716085299440349e+00 0
3.09016994374947451e-01 9.51056516295153531e-01 0
3.34768410572859720e-01 1.03031122598641622e+00 0
3.60519826770772045e-01 1.10956593567767925e+00 0
3.86271242968684314e-01 1.18882064536894183e+00 0
4.12022659166596583e-01 1.26807535506020463e+00 0
4.37774075364508908e-01 1.34733006475146766e+00 0
4.63525491562421177e-01 1.42658477444273024e+00 0
4.89276907760333502e-01 1.50583948413399327e+00 0
5.15028323958245715e-01 1.58509419382525585e+00 0
5.40779740156158040e-01 1.66434890351651865e+00 0
5.66531156354070364e-01 1.74360361320778168e+00 0
5.92282572551982578e-01 1.82285832289904404e+00 0
6.18033988749894903e-01 1.90211303259030706e+00 0
2.58819045102520739e-01 9.65925826289068312e-01 0
2.80387298861064116e-01 1.04641964514649066e+00 0
3.01955552619607548e-01 1.12691346400391312e+00 0
3.23523806378150924e-01 1.20740728286133536e+00 0
3.45092060136694301e-01 1.28790110171875760e+00 0
3.66660313895237733e-01 1.36839492057618028e+00 0
3.88228567653781109e-01 1.44888873943360252e+00 0
4.09796821412324541e-01 1.52938255829102498e+00 0
4.31365075170867862e-01 1.60987637714844700e+00 0
4.52933328929411294e-01 1.69037019600586946e+00 0
4.74501582687954726e-01 1.77086401486329215e+00 0
4.96069836446498047e-01 1.85135783372071416e+00 0
5.17638090205041479e-01 1.93185165257813662e+00 0
2.07911690817759454e-01 9.78147600733805578e-01 0
2.25237665052572728e-01 1.05965990079495587e+00 0
2.42563639287386057e-01 1.14117220085610649e+00 0
2.59889613522199303e-01 1.22268450091725689e+00 0
2.77215587757012605e-01 1.30419680097840729e+00 0
2.94541561991825906e-01 1.38570910103955791e+00 0
3.11867536226639208e-01 1.46722140110070831e+00 0
3.29193510461452510e-01 1.54873370116185893e+00 0
3.46519484696265700e-01 1.63024600122300911e+00 0
3.63845458931079058e-01 1.71175830128415973e+00 0
3.81171433165892359e-01 1.79327060134531036e+00 0
3.98497407400705606e-01 1.87478290140646053e+00 0
4.15823381635518907e-01 1.95629520146761116e+00 0
1.56434465040230924e-01 9.87688340595137770e-01 0
1.69470670460250161e-01 1.06999570231139929e+00 0
1.82506875880269426e-01 1.15230306402766081e+00 0
1.95543081300288663e-01 1.23461042574392232e+00 0
2.08579286720307899e-01 1.31691778746018362e+00 0
2.21615492140327164e-01 1.39922514917644514e+00 0
2.34651697560346373e-01 1.48153251089270666e+00 0
2.47687902980365665e-01 1.56383987260896817e+00 0
2.60724108400384846e-01 1.64614723432522947e+00 0
2.73760313820404111e-01 1.72845459604149099e+00 0
2.86796519240423375e-01 1.81076195775775273e+00 0
2.99832724660442584e-01 1.89306931947401402e+00 0
3.12868930080461849e-01 1.97537668119027554e+00 0
1.04528463267653457e-01 9.94521895368273290e-01 0
1.13239168539957899e-01 1.07739871998229608e+00 0
1.21949873812262369e-01 1.16027554459631888e+00 0
1.30660579084566825e-01 1.24315236921034167e+00 0
1.39371284356871267e-01 1.32602919382436424e+00 0
1.48081989629175736e-01 1.40890601843838725e+00 0
1.56792694901480179e-01 1.49178284305240982e+00 0
1.65503400173784648e-01 1.57465966766643284e+00 0
1.74214105446089090e-01 1.65753649228045541e+00 0
1.82924810718393560e-01 1.74041331689447820e+00 0
1.91635515990698030e-01 1.82329014150850122e+00 0
2.00346221263002444e-01 1.90616696612252357e+00 0
2.09056926535306914e-01 1.98904379073654658e+00 0
5.23359562429439665e-02 9.98629534754573833e-01 0
5.66972859298559631e-02 1.08184866265078816e+00 0
6.10586156167679667e-02 1.16506779054700282e+00 0
6.54199453036799633e-02 1.24828691844321726e+00 0
6.97812749905919461e-02 1.33150604633943170e+00 0
7.41426046775039566e-02 1.41472517423564637e+00 0
7.85039343644159532e-02 1.49794430213186081e+00 0
8.28652640513279498e-02 1.58116343002807547e+00 0
8.72265937382399326e-02 1.66438255792428969e+00 0
9.15879234251519431e-02 1.74760168582050412e+00 0
9.59492531120639397e-02 1.83082081371671879e+00 0
1.00310582798975922e-01 1.91403994161293300e+00 0
1.04671912485887933e-01 1.99725906950914767e+00 0
6.12323399573676604e-17 1.00000000000000000e+00 0
6.63350349538149582e-17 1.08333333333333326e+00 0
7.14377299502622807e-17 1.16666666666666674e+00 0
7.65404249467095785e-17 1.25000000000000000e+00 0
8.16431199431568764e-17 1.33333333333333326e+00 0
8.67458149396041865e-17 1.41666666666666674e+00 0
9.18485099360514844e-17 1.50000000000000000e+00 0
9.69512049324988069e-17 1.58333333333333348e+00 0
1.02053899928946092e-16 1.66666666666666652e+00 0
1.07156594925393403e-16 1.75000000000000000e+00 0
1.12259289921840725e-16 1.83333333333333348e+00 0
1.17361984918287998e-16 1.91666666666666652e+00 0
1.22464679914735321e-16 2.00000000000000000e+00 0
6.12323399573676604e-17 1.00000000000000000e+00 0
6.63350349538149582e-17 1.08333333333333326e+00 0
7.14377299502622807e-17 1.16666666666666674e+00 0
7.65404249467095785e-17 1.25000000000000000e+00 0
8.16431199431568764e-17 1.33333333333333326e+00 0
8.67458149396041865e-17 1.41666666666666674e+00 0
9.18485099360514844e-17 1.50000000000000000e+00 0
9.69512049324988069e-17 1.58333333333333348e+00 0
1.02053899928946092e-16 1.66666666666666652e+00 0
1.07156594925393403e-16 1.75000000000000000e+00 0
1.12259289921840725e-16 1.83333333333333348e+00 0
1.17361984918287998e-16 1.91666666666666652e+00 0
1.22464679914735321e-16 2.00000000000000000e+00 0
-5.23359562429436195e-02 9.98629534754573833e-01 0
-5.66972859298555815e-02 1.08184866265078816e+00 0
-6.10586156167675573e-02 1.16506779054700282e+00 0
-6.54199453036795192e-02 1.24828691844321726e+00 0
-6.97812749905914881e-02 1.33150604633943170e+00 0
-7.41426046775034708e-02 1.41472517423564637e+00 0
-7.85039343644154258e-02 1.49794430213186081e+00 0
-8.28652640513274086e-02 1.58116343002807547e+00 0
-8.72265937382393636e-02 1.66438255792428969e+00 0
-9.15879234251513324e-02 1.74760168582050412e+00 0
-9.59492531120633152e-02 1.83082081371671879e+00 0
-1.00310582798975256e-01 1.91403994161293300e+00 0
-1.04671912485887239e-01 1.99725906950914767e+00 0
-1.04528463267653332e-01 9.94521895368273401e-01 0
-1.13239168539957774e-01 1.07739871998229608e+00 0
-1.21949873812262230e-01 1.16027554459631910e+00 0
-1.30660579084566658e-01 1.24315236921034167e+00 0
-1.39371284356871100e-01 1.32602919382436446e+00 0
-1.48081989629175570e-01 1.40890601843838748e+00 0
-1.56792694901480012e-01 1.49178284305241005e+00 0
-1.65503400173784454e-01 1.57465966766643306e+00 0
-1.74214105446088868e-01 1.65753649228045563e+00 0
-1.82924810718393338e-01 1.74041331689447842e+00 0
-1.91635515990697780e-01 1.82329014150850144e+00 0
-2.00346221263002194e-01 1.90616696612252379e+00 0
-2.09056926535306664e-01 1.98904379073654680e+00 0
-1.56434465040231035e-01 9.87688340595137659e-01 0
-1.69470670460250272e-01 1.06999570231139907e+00 0
-1.82506875880269565e-01 1.15230306402766058e+00 0
-1.95543081300288801e-01 1.23461042574392210e+00 0
-2.08579286720308038e-01 1.31691778746018340e+00 0
-2.21615492140327303e-01 1.39922514917644514e+00 0
-2.34651697560346539e-01 1.48153251089270643e+00 0
-2.47687902980365832e-01 1.56383987260896817e+00 0
-2.60724108400385013e-01 1.64614723432522925e+00 0
-2.73760313820404333e-01 1.72845459604149099e+00 0
-2.86796519240423597e-01 1.81076195775775250e+00 0
-2.99832724660442806e-01 1.89306931947401380e+00 0
-3.12868930080462071e-01 1.97537668119027532e+00 0
-2.07911690817759121e-01 9.78147600733805689e-01 0
-2.25237665052572367e-01 1.05965990079495609e+00 0
-2.42563639287385668e-01 1.14117220085610671e+00 0
-2.59889613522198915e-01 1.22268450091725711e+00 0
-2.77215587757012161e-01 1.30419680097840751e+00 0
-2.94541561991825462e-01 1.38570910103955813e+00 0
-3.11867536226638653e-01 1.46722140110070853e+00 0
-3.29193510461451955e-01 1.54873370116185916e+00 0
-3.46519484696265145e-01 1.63024600122300933e+00 0
-3.63845458931078447e-01 1.71175830128415996e+00 0
-3.81171433165891749e-01 1.79327060134531058e+00 0
-3.98497407400704939e-01 1.87478290140646076e+00 0
-4.15823381635518241e-01 1.95629520146761138e+00 0
-2.58819045102520850e-01 9.65925826289068312e-01 0
-2.80387298861064227e-01 1.04641964514649066e+00 0
-3.01955552619607659e-01 1.12691346400391312e+00 0
-3.23523806378151035e-01 1.20740728286133536e+00 0
-3.45092060136694467e-01 1.28790110171875760e+00 0
-3.66660313895237899e-01 1.36839492057618028e+00 0
-3.88228567653781276e-01 1.44888873943360252e+00 0
-4.09796821412324708e-01 1.52938255829102498e+00 0
-4.31365075170868029e-01 1.60987637714844700e+00 0
-4.52933328929411516e-01 1.69037019600586946e+00 0
-4.74501582687954948e-01 1.77086401486329215e+00 0
-4.96069836446498269e-01 1.85135783372071416e+00 0
-5.17638090205041701e-01 1.93185165257813662e+00 0
-3.09016994374947340e-01 9.51056516295153642e-01 0
-3.34768410572859609e-01 1.03031122598641645e+00 0
-3.60519826770771934e-01 1.10956593567767925e+00 0
-3.86271242968684203e-01 1.18882064536894205e+00 0
-4.12022659166596417e-01 1.26807535506020486e+00 0
-4.37774075364508741e-01 1.34733006475146766e+00 0
-4.63525491562421010e-01 1.42658477444273046e+00 0
-4.89276907760333335e-01 1.50583948413399349e+00 0
-5.15028323958245493e-01 1.58509419382525585e+00 0
-5.40779740156157818e-01 1.66434890351651887e+00 0
-5.66531156354070142e-01 1.74360361320778190e+00 0
-5.92282572551982356e-01 1.82285832289904426e+00 0
-6.18033988749894680e-01 1.90211303259030728e+00 0
-3.58367949545300268e-01 9.33580426497201743e-01 0
-3.88231945340741957e-01 1.01137879537196840e+00 0
-4.18095941136183646e-01 1.08917716424673539e+00 0
-4.47959936931625335e-01 1.16697553312150215e+00 0
-4.77823932727067024e-01 1.24477390199626892e+00 0
-5.07687928522508769e-01 1.32257227087103590e+00 0
-5.37551924317950403e-01 1.40037063974580267e+00 0
-5.67415920113392147e-01 1.47816900862056966e+00 0
-5.97279915908833781e-01 1.55596737749533620e+00 0
-6.27143911704275414e-01 1.63376574637010297e+00 0
-6.57007907499717159e-01 1.71156411524486995e+00 0
-6.86871903295158792e-01 1.78936248411963650e+00 0
-7.16735899090600537e-01 1.86716085299440349e+00 0
-4.06736643075800042e-01 9.13545457642600978e-01 0
-4.40631363332116666e-01 9.89674245779484374e-01 0
-4.74526083588433401e-01 1.06580303391636777e+00 0
-5.08420803844750080e-01 1.14193182205325128e+00 0
-5.42315524101066648e-01 1.21806061019013456e+00 0
-5.76210244357383439e-01 1.29418939832701807e+00 0
-6.10104964613700007e-01 1.37031818646390136e+00 0
-6.43999684870016798e-01 1.44644697460078508e+00 0
-6.77894405126333366e-01 1.52257576273766815e+00 0
-7.11789125382650045e-01 1.59870455087455166e+00 0
-7.45683845638966836e-01 1.67483333901143516e+00 0
-7.79578565895283404e-01 1.75096212714831845e+00 0
-8.13473286151600083e-01 1.82709091528520196e+00 0
-4.53990499739546693e-01 8.91006524188367899e-01 0
-4.91823041384508886e-01 9.65257067870731844e-01 0
-5.29655583029471133e-01 1.03950761155309590e+00 0
-5.67488124674433325e-01 1.11375815523545985e+00 0
-6.05320666319395517e-01 1.18800869891782379e+00 0
-6.43153207964357820e-01 1.26225924260018796e+00 0
-6.80985749609320012e-01 1.33650978628255190e+00 0
-7.18818291254282316e-01 1.41076032996491607e+00 0
-7.56650832899244397e-01 1.48501087364727979e+00 0
-7.94483374544206700e-01 1.55926141732964374e+00 0
-8.32315916189169003e-01 1.63351196101200791e+00 0
-8.70148457834131084e-01 1.70776250469437163e+00 0
-9.07980999479093387e-01 1.78201304837673580e+00 0
-4.99999999999999778e-01 8.66025403784438708e-01 0
-5.41666666666666408e-01 9.38194187433141868e-01 0
-5.83333333333333148e-01 1.01036297108184514e+00 0
-6.24999999999999778e-01 1.08253175473054841e+00 0
-6.66666666666666297e-01 1.15470053837925146e+00 0
-7.08333333333333037e-01 1.22686932202795496e+00 0
-7.49999999999999667e-01 1.29903810567665801e+00 0
-7.91666666666666408e-01 1.37120688932536150e+00 0
-8.33333333333332926e-01 1.44337567297406433e+00 0
-8.74999999999999556e-01 1.51554445662276782e+00 0
-9.16666666666666297e-01 1.58771324027147109e+00 0
-9.58333333333332815e-01 1.65988202392017414e+00 0
-9.99999999999999556e-01 1.73205080756887742e+00 0
-5.44639035015027084e-01 8.38670567945423939e-01 0
-5.90025621266279332e-01 9.08559781940875832e-01 0
-6.35412207517531691e-01 9.78448995936327948e-01 0
-6.80798793768783828e-01 1.04833820993177995e+00 0
-7.26185380020036075e-01 1.11822742392723185e+00 0
-7.71571966271288434e-01 1.18811663792268396e+00 0
-8.16958552522540682e-01 1.25800585191813585e+00 0
-8.62345138773792930e-01 1.32789506591358797e+00 0
-9.07731725025045066e-01 1.39778427990903986e+00 0
-9.53118311276297425e-01 1.46767349390449198e+00 0
-9.98504897527549784e-01 1.53756270789994409e+00 0
-1.04389148377880181e+00 1.60745192189539576e+00 0
-1.08927807003005417e+00 1.67734113589084788e+00 0
-5.87785252292473026e-01 8.09016994374947451e-01 0
-6.36767356650179028e-01 8.76435077239526295e-01 0
-6.85749461007885253e-01 9.43853160104105471e-01 0
-7.34731565365591255e-01 1.01127124296868431e+00 0
-7.83713669723297368e-01 1.07868932583326327e+00 0
-8.32695774081003481e-01 1.14610740869784222e+00 0
-8.81677878438709595e-01 1.21352549156242118e+00 0
-9.30659982796415708e-01 1.28094357442700035e+00 0
-9.79642087154121599e-01 1.34836165729157886e+00 0
-1.02862419151182771e+00 1.41577974015615804e+00 0
-1.07760629586953405e+00 1.48319782302073722e+00 0
-1.12658840022723994e+00 1.55061590588531573e+00 0
-1.17557050458494605e+00 1.61803398874989490e+00 0
-6.29320391049837280e-01 7.77145961456971013e-01 0
-6.81763756970657053e-01 8.41908124911718514e-01 0
-7.34207122891476827e-01 9.06670288366466237e-01 0
-7.86650488812296600e-01 9.71432451821213738e-01 0
-8.39093854733116373e-01 1.03619461527596135e+00 0
-8.91537220653936147e-01 1.10095677873070907e+00 0
-9.43980586574755920e-01 1.16571894218545657e+00 0
-9.96423952495575804e-01 1.23048110564020430e+00 0
-1.04886731841639547e+00 1.29524326909495158e+00 0
-1.10131068433721513e+00 1.36000543254969930e+00 0
-1.15375405025803501e+00 1.42476759600444702e+00 0
-1.20619741617885468e+00 1.48952975945919430e+00 0
-1.25864078209967456e+00 1.55429192291394203e+00 0
-6.69130606358858238e-01 7.43144825477394244e-01 0
-7.24891490222096424e-01 8.05073560933843746e-01 0
-7.80652374085334610e-01 8.67002296390293359e-01 0
-8.36413257948572797e-01 9.28931031846742750e-01 0
-8.92174141811810983e-01 9.90859767303192251e-01 0
-9.47935025675049170e-01 1.05278850275964198e+00 0
-1.00369590953828736e+00 1.11471723821609148e+00 0
-1.05945679340152554e+00 1.17664597367254098e+00 0
-1.11521767726476373e+00 1.23857470912899026e+00 0
-1.17097856112800192e+00 1.30050344458543998e+00 0
-1.22673944499124010e+00 1.36243218004188948e+00 0
-1.28250032885447829e+00 1.42436091549833876e+00 0
-1.33826121271771648e+00 1.48628965095478849e+00 0
-7.07106781186547462e-01 7.07106781186547573e-01 0
-7.66032346285426380e-01 7.66032346285426491e-01 0
-8.24957911384305409e-01 8.24957911384305520e-01 0
-8.83883476483184327e-01 8.83883476483184438e-01 0
-9.42809041582063245e-01 9.42809041582063356e-01 0
-1.00173460668094227e+00 1.00173460668094250e+00 0
-1.06066017177982119e+00 1.06066017177982141e+00 0
-1.11958573687870033e+00 1.11958573687870033e+00 0
-1.17851130197757903e+00 1.17851130197757925e+00 0
-1.23743686707645795e+00 1.23743686707645817e+00 0
-1.29636243217533709e+00 1.29636243217533731e+00 0
-1.35528799727421578e+00 1.35528799727421601e+00 0
-1.41421356237309492e+00 1.41421356237309515e+00 0
-7.43144825477394022e-01 6.69130606358858349e-01 0
-8.05073560933843524e-01 7.24891490222096535e-01 0
-8.67002296390293026e-01 7.80652374085334833e-01 0
-9.28931031846742528e-01 8.36413257948572908e-01 0
-9.90859767303192029e-01 8.92174141811811094e-01 0
-1.05278850275964153e+00 9.47935025675049392e-01 0
-1.11471723821609103e+00 1.00369590953828758e+00 0
-1.17664597367254053e+00 1.05945679340152576e+00 0
-1.23857470912899004e+00 1.11521767726476373e+00 0
-1.30050344458543954e+00 1.17097856112800214e+00 0
-1.36243218004188904e+00 1.22673944499124032e+00 0
-1.42436091549833854e+00 1.28250032885447851e+00 0
-1.48628965095478804e+00 1.33826121271771670e+00 0
-7.77145961456970680e-01 6.29320391049837724e-01 0
-8.41908124911718181e-01 6.81763756970657497e-01 0
-9.06670288366465904e-01 7.34207122891477382e-01 0
-9.71432451821213405e-01 7.86650488812297155e-01 0
-1.03619461527596091e+00 8.39093854733116928e-01 0
-1.10095677873070863e+00 8.91537220653936813e-01 0
-1.16571894218545591e+00 9.43980586574756586e-01 0
-1.23048110564020363e+00 9.96423952495576470e-01 0
-1.29524326909495091e+00 1.04886731841639613e+00 0
-1.36000543254969863e+00 1.10131068433721602e+00 0
-1.42476759600444636e+00 1.15375405025803590e+00 0
-1.48952975945919364e+00 1.20619741617885556e+00 0
-1.55429192291394136e+00 1.25864078209967545e+00 0
-8.09016994374947340e-01 5.87785252292473248e-01 0
-8.76435077239526183e-01 6.36767356650179361e-01 0
-9.43853160104105249e-01 6.85749461007885475e-01 0
-1.01127124296868409e+00 7.34731565365591588e-01 0
-1.07868932583326305e+00 7.83713669723297590e-01 0
-1.14610740869784222e+00 8.32695774081003814e-01 0
-1.21352549156242095e+00 8.81677878438709817e-01 0
-1.28094357442700013e+00 9.30659982796416041e-01 0
-1.34836165729157886e+00 9.79642087154122043e-01 0
-1.41577974015615782e+00 1.02862419151182816e+00 0
-1.48319782302073699e+00 1.07760629586953427e+00 0
-1.55061590588531573e+00 1.12658840022724038e+00 0
-1.61803398874989468e+00 1.17557050458494650e+00 0
-8.38670567945424161e-01 5.44639035015026973e-01 0
-9.08559781940876166e-01 5.90025621266279221e-01 0
-9.78448995936328281e-01 6.35412207517531469e-01 0
-1.04833820993178017e+00 6.80798793768783717e-01 0
-1.11822742392723207e+00 7.26185380020035964e-01 0
-1.18811663792268418e+00 7.71571966271288212e-01 0
-1.25800585191813630e+00 8.16958552522540460e-01 0
-1.32789506591358841e+00 8.62345138773792819e-01 0
-1.39778427990904008e+00 9.07731725025044844e-01 0
-1.46767349390449220e+00 9.53118311276297203e-01 0
-1.53756270789994431e+00 9.98504897527549562e-01 0
-1.60745192189539621e+00 1.04389148377880159e+00 0
-1.67734113589084832e+00 1.08927807003005395e+00 0
-8.66025403784438708e-01 4.99999999999999944e-01 0
-9.38194187433141868e-01 5.41666666666666519e-01 0
-1.01036297108184514e+00 5.83333333333333259e-01 0
-1.08253175473054841e+00 6.24999999999999889e-01 0
-1.15470053837925146e+00 6.66666666666666519e-01 0
-1.22686932202795496e+00 7.08333333333333259e-01 0
-1.29903810567665801e+00 7.49999999999999889e-01 0
-1.37120688932536150e+00 7.91666666666666630e-01 0
-1.44337567297406433e+00 8.33333333333333148e-01 0
-1.51554445662276782e+00 8.74999999999999889e-01 0
-1.58771324027147109e+00 9.16666666666666630e-01 0
-1.65988202392017414e+00 9.58333333333333148e-01 0
-1.73205080756887742e+00 9.99999999999999889e-01 0
-8.91006524188367788e-01 4.53990499739546860e-01 0
-9.65257067870731733e-01 4.91823041384509052e-01 0
-1.03950761155309590e+00 5.29655583029471355e-01 0
-1.11375815523545985e+00 5.67488124674433547e-01 0
-1.18800869891782357e+00 6.05320666319395739e-01 0
-1.26225924260018774e+00 6.43153207964358042e-01 0
-1.33650978628255168e+00 6.80985749609320345e-01 0
-1.41076032996491585e+00 7.18818291254282649e-01 0
-1.48501087364727957e+00 7.56650832899244730e-01 0
-1.55926141732964352e+00 7.94483374544207033e-01 0
-1.63351196101200768e+00 8.32315916189169336e-01 0
-1.70776250469437141e+00 8.70148457834131417e-01 0
-1.78201304837673558e+00 9.07980999479093720e-01 0
-9.13545457642600756e-01 4.06736643075800430e-01 0
-9.89674245779484041e-01 4.40631363332117110e-01 0
-1.06580303391636755e+00 4.74526083588433845e-01 0
-1.14193182205325083e+00 5.08420803844750524e-01 0
-1.21806061019013434e+00 5.42315524101067203e-01 0
-1.29418939832701785e+00 5.76210244357383994e-01 0
-1.37031818646390113e+00 6.10104964613700673e-01 0
-1.44644697460078464e+00 6.43999684870017464e-01 0
-1.52257576273766770e+00 6.77894405126334032e-01 0
-1.59870455087455143e+00 7.11789125382650711e-01 0
-1.67483333901143494e+00 7.45683845638967502e-01 0
-1.75096212714831800e+00 7.79578565895284070e-01 0
-1.82709091528520151e+00 8.13473286151600861e-01 0
-9.33580426497201743e-01 3.58367949545300213e-01 0
-1.01137879537196840e+00 3.88231945340741846e-01 0
-1.08917716424673539e+00 4.18095941136183591e-01 0
-1.16697553312150215e+00 4.47959936931625280e-01 0
-1.24477390199626892e+00 4.77823932727066913e-01 0
-1.32257227087103590e+00 5.07687928522508658e-01 0
-1.40037063974580267e+00 5.37551924317950292e-01 0
-1.47816900862056966e+00 5.67415920113392036e-01 0
-1.55596737749533620e+00 5.97279915908833670e-01 0
-1.63376574637010297e+00 6.27143911704275414e-01 0
-1.71156411524486995e+00 6.57007907499717159e-01 0
-1.78936248411963650e+00 6.86871903295158681e-01 0
-1.86716085299440349e+00 7.16735899090600426e-01 0
-9.51056516295153531e-01 3.09016994374947507e-01 0
-1.03031122598641622e+00 3.34768410572859776e-01 0
-1.10956593567767925e+00 3.60519826770772100e-01 0
-1.18882064536894183e+00 3.86271242968684370e-01 0
-1.26807535506020463e+00 4.12022659166596639e-01 0
-1.34733006475146766e+00 4.37774075364508963e-01 0
-1.42658477444273024e+00 4.63525491562421288e-01 0
-1.50583948413399327e+00 4.89276907760333613e-01 0
-1.58509419382525585e+00 5.15028323958245826e-01 0
-1.66434890351651865e+00 5.40779740156158151e-01 0
-1.74360361320778168e+00 5.66531156354070475e-01 0
-1.82285832289904404e+00 5.92282572551982689e-01 0
-1.90211303259030706e+00 6.18033988749895014e-01 0
-9.65925826289068201e-01 2.58819045102521017e-01 0
-1.04641964514649044e+00 2.80387298861064393e-01 0
-1.12691346400391290e+00 3.01955552619607881e-01 0
-1.20740728286133514e+00 3.23523806378151257e-01 0
-1.28790110171875760e+00 3.45092060136694689e-01 0
-1.36839492057618006e+00 3.66660313895238121e-01 0
-1.44888873943360230e+00 3.88228567653781553e-01 0
-1.52938255829102476e+00 4.09796821412324985e-01 0
-1.60987637714844678e+00 4.31365075170868306e-01 0
-1.69037019600586946e+00 4.52933328929411794e-01 0
-1.77086401486329192e+00 4.74501582687955226e-01 0
-1.85135783372071394e+00 4.96069836446498602e-01 0
-1.93185165257813640e+00 5.17638090205042034e-01 0
-9.78147600733805689e-01 2.07911690817759315e-01 0
-1.05965990079495609e+00 2.25237665052572589e-01 0
-1.14117220085610671e+00 2.42563639287385890e-01 0
-1.22268450091725711e+00 2.59889613522199137e-01 0
-1.30419680097840751e+00 2.77215587757012383e-01 0
-1.38570910103955813e+00 2.94541561991825684e-01 0
-1.46722140110070853e+00 3.11867536226638986e-01 0
-1.54873370116185916e+00 3.29193510461452288e-01 0
-1.63024600122300933e+00 3.46519484696265478e-01 0
-1.71175830128415996e+00 3.63845458931078780e-01 0
-1.79327060134531058e+00 3.81171433165892082e-01 0
-1.87478290140646076e+00 3.98497407400705328e-01 0
-1.95629520146761138e+00 4.15823381635518630e-01 0
-9.87688340595137659e-01 1.56434465040230980e-01 0
-1.06999570231139907e+00 1.69470670460250217e-01 0
-1.15230306402766058e+00 1.82506875880269481e-01 0
-1.23461042574392210e+00 1.95543081300288718e-01 0
-1.31691778746018340e+00 2.08579286720307955e-01 0
-1.39922514917644514e+00 2.21615492140327247e-01 0
-1.48153251089270643e+00 2.34651697560346484e-01 0
-1.56383987260896817e+00 2.47687902980365748e-01 0
-1.64614723432522925e+00 2.60724108400384957e-01 0
-1.72845459604149099e+00 2.73760313820404222e-01 0
-1.81076195775775250e+00 2.86796519240423486e-01 0
-1.89306931947401380e+00 2.99832724660442695e-01 0
-1.97537668119027532e+00 3.12868930080461960e-01 0
-9.94521895368273290e-01 1.04528463267653735e-01 0
-1.07739871998229608e+00 1.13239168539958204e-01 0
-1.16027554459631888e+00 1.21949873812262702e-01 0
-1.24315236921034167e+00 1.30660579084567158e-01 0
-1.32602919382436424e+00 1.39371284356871628e-01 0
-1.40890601843838725e+00 1.48081989629176125e-01 0
-1.49178284305240982e+00 1.56792694901480595e-01 0
-1.57465966766643284e+00 1.65503400173785092e-01 0
-1.65753649228045541e+00 1.74214105446089534e-01 0
-1.74041331689447820e+00 1.82924810718394032e-01 0
-1.82329014150850122e+00 1.91635515990698529e-01 0
-1.90616696612252357e+00 2.00346221263002972e-01 0
-1.98904379073654658e+00 2.09056926535307469e-01 0
-9.98629534754573833e-01 5.23359562429438069e-02 0
-1.08184866265078816e+00 5.66972859298557896e-02 0
-1.16506779054700282e+00 6.10586156167677793e-02 0
-1.24828691844321726e+00 6.54199453036797551e-02 0
-1.33150604633943170e+00 6.97812749905917379e-02 0
-1.41472517423564637e+00 7.41426046775037345e-02 0
-1.49794430213186081e+00 7.85039343644157173e-02 0
-1.58116343002807547e+00 8.28652640513277000e-02 0
-1.66438255792428969e+00 8.72265937382396689e-02 0
-1.74760168582050412e+00 9.15879234251516655e-02 0
-1.83082081371671879e+00 9.59492531120636483e-02 0
-1.91403994161293300e+00 1.00310582798975617e-01 0
-1.99725906950914767e+00 1.04671912485887614e-01 0
-1.00000000000000000e+00 1.22464679914735321e-16 0
-1.08333333333333326e+00 1.32670069907629916e-16 0
-1.16666666666666674e+00 1.42875459900524561e-16 0
-1.25000000000000000e+00 1.53080849893419157e-16 0
-1.33333333333333326e+00 1.63286239886313753e-16 0
-1.41666666666666674e+00 1.73491629879208373e-16 0
-1.50000000000000000e+00 1.83697019872102969e-16 0
-1.58333333333333348e+00 1.93902409864997614e-16 0
-1.66666666666666652e+00 2.04107799857892185e-16 0
-1.75000000000000000e+00 2.14313189850786805e-16 0
-1.83333333333333348e+00 2.24518579843681450e-16 0
-1.91666666666666652e+00 2.34723969836575996e-16 0
-2.00000000000000000e+00 2.44929359829470641e-16 0
-1.00000000000000000e+00 1.22464679914735321e-16 0
-1.08333333333333326e+00 1.32670069907629916e-16 0
-1.16666666666666674e+00 1.42875459900524561e-16 0
-1.25000000000000000e+00 1.53080849893419157e-16 0
-1.33333333333333326e+00 1.63286239886313753e-16 0
-1.41666666666666674e+00 1.73491629879208373e-16 0
-1.50000000000000000e+00 1.83697019872102969e-16 0
-1.58333333333333348e+00 1.93902409864997614e-16 0
-1.66666666666666652e+00 2.04107799857892185e-16 0
-1.75000000000000000e+00 2.14313189850786805e-16 0
-1.83333333333333348e+00 2.24518579843681450e-16 0
-1.91666666666666652e+00 2.34723969836575996e-16 0
-2.00000000000000000e+00 2.44929359829470641e-16 0
-9.98629534754573833e-01 -5.23359562429435640e-02 0
-1.08184866265078816e+00 -5.66972859298555260e-02 0
-1.16506779054700282e+00 -6.10586156167674948e-02 0
-1.24828691844321726e+00 -6.54199453036794498e-02 0
-1.33150604633943170e+00 -6.97812749905914187e-02 0
-1.41472517423564637e+00 -7.41426046775033876e-02 0
-1.49794430213186081e+00 -7.85039343644153426e-02 0
-1.58116343002807547e+00 -8.28652640513273114e-02 0
-1.66438255792428969e+00 -8.72265937382392664e-02 0
-1.74760168582050412e+00 -9.15879234251512353e-02 0
-1.83082081371671879e+00 -9.59492531120632042e-02 0
-1.91403994161293300e+00 -1.00310582798975159e-01 0
-1.99725906950914767e+00 -1.04671912485887128e-01 0
-9.94521895368273401e-01 -1.04528463267653055e-01 0
-1.07739871998229608e+00 -1.13239168539957469e-01 0
-1.16027554459631910e+00 -1.21949873812261911e-01 0
-1.24315236921034167e+00 -1.30660579084566325e-01 0
-1.32602919382436446e+00 -1.39371284356870739e-01 0
-1.40890601843838748e+00 -1.48081989629175181e-01 0
-1.49178284305241005e+00 -1.56792694901479568e-01 0
-1.57465966766643306e+00 -1.65503400173784010e-01 0
-1.65753649228045563e+00 -1.74214105446088396e-01 0
-1.74041331689447842e+00 -1.82924810718392838e-01 0
-1.82329014150850144e+00 -1.91635515990697280e-01 0
-1.90616696612252379e+00 -2.00346221263001667e-01 0
-1.98904379073654680e+00 -2.09056926535306109e-01 0
-9.87688340595137770e-01 -1.56434465040230730e-01 0
-1.06999570231139929e+00 -1.69470670460249939e-01 0
-1.15230306402766081e+00 -1.82506875880269204e-01 0
-1.23461042574392232e+00 -1.95543081300288413e-01 0
-1.31691778746018362e+00 -2.08579286720307622e-01 0
-1.39922514917644514e+00 -2.21615492140326886e-01 0
-1.48153251089270666e+00 -2.34651697560346095e-01 0
-1.56383987260896817e+00 -2.47687902980365360e-01 0
-1.64614723432522947e+00 -2.60724108400384513e-01 0
-1.72845459604149099e+00 -2.73760313820403778e-01 0
-1.81076195775775273e+00 -2.86796519240423042e-01 0
-1.89306931947401402e+00 -2.99832724660442196e-01 0
-1.97537668119027554e+00 -3.12868930080461460e-01 0
-9.78147600733805689e-01 -2.07911690817759065e-01 0
-1.05965990079495609e+00 -2.25237665052572311e-01 0
-1.14117220085610671e+00 -2.42563639287385585e-01 0
-1.22268450091725711e+00 -2.59889613522198859e-01 0
-1.30419680097840751e+00 -2.77215587757012050e-01 0
-1.38570910103955813e+00 -2.94541561991825351e-01 0
-1.46722140110070853e+00 -3.11867536226638598e-01 0
-1.54873370116185916e+00 -3.29193510461451899e-01 0
-1.63024600122300933e+00 -3.46519484696265090e-01 0
-1.71175830128415996e+00 -3.63845458931078336e-01 0
-1.79327060134531058e+00 -3.81171433165891638e-01 0
-1.87478290140646076e+00 -3.98497407400704828e-01 0
-1.95629520146761138e+00 -4.15823381635518130e-01 0
-9.65925826289068423e-01 -2.58819045102520351e-01 0
-1.04641964514649066e+00 -2.80387298861063672e-01 0
-1.12691346400391312e+00 -3.01955552619607104e-01 0
-1.20740728286133558e+00 -3.23523806378150425e-01 0
-1.28790110171875782e+00 -3.45092060136693801e-01 0
-1.36839492057618028e+00 -3.66660313895237178e-01 0
-1.44888873943360252e+00 -3.88228567653780554e-01 0
-1.52938255829102521e+00 -4.09796821412323931e-01 0
-1.60987637714844722e+00 -4.31365075170867196e-01 0
-1.69037019600586969e+00 -4.52933328929410628e-01 0
-1.77086401486329215e+00 -4.74501582687954004e-01 0
-1.85135783372071439e+00 -4.96069836446497325e-01 0
-1.93185165257813685e+00 -5.17638090205040702e-01 0
-9.51056516295153531e-01 -3.09016994374947729e-01 0
-1.03031122598641622e+00 -3.34768410572859998e-01 0
-1.10956593567767925e+00 -3.60519826770772378e-01 0
-1.18882064536894183e+00 -3.86271242968684647e-01 0
-1.26807535506020463e+00 -4.12022659166596972e-01 0
-1.34733006475146766e+00 -4.37774075364509296e-01 0
-1.42658477444273024e+00 -4.63525491562421621e-01 0
-1.50583948413399327e+00 -4.89276907760333946e-01 0
-1.58509419382525585e+00 -5.15028323958246159e-01 0
-1.66434890351651865e+00 -5.40779740156158484e-01 0
-1.74360361320778168e+00 -5.66531156354070919e-01 0
-1.82285832289904404e+00 -5.92282572551983133e-01 0
-1.90211303259030706e+00 -6.18033988749895458e-01 0
-9.33580426497201743e-01 -3.58367949545300435e-01 0
-1.01137879537196840e+00 -3.88231945340742124e-01 0
-1.08917716424673539e+00 -4.18095941136183868e-01 0
-1.16697553312150215e+00 -4.47959936931625557e-01 0
-1.24477390199626892e+00 -4.77823932727067247e-01 0
-1.32257227087103590e+00 -5.07687928522508991e-01 0
-1.40037063974580267e+00 -5.37551924317950625e-01 0
-1.47816900862056966e+00 -5.67415920113392369e-01 0
-1.55596737749533620e+00 -5.97279915908834003e-01 0
-1.63376574637010297e+00 -6.27143911704275747e-01 0
-1.71156411524486995e+00 -6.57007907499717492e-01 0
-1.78936248411963650e+00 -6.86871903295159125e-01 0
-1.86716085299440349e+00 -7.16735899090600870e-01 0
-9.13545457642601089e-01 -4.06736643075799820e-01 0
-9.89674245779484485e-01 -4.40631363332116444e-01 0
-1.06580303391636799e+00 -4.74526083588433178e-01 0
-1.14193182205325128e+00 -5.08420803844749747e-01 0
-1.21806061019013478e+00 -5.42315524101066426e-01 0
-1.29418939832701829e+00 -5.76210244357383106e-01 0
-1.37031818646390158e+00 -6.10104964613699785e-01 0
-1.44644697460078508e+00 -6.43999684870016464e-01 0
-1.52257576273766837e+00 -6.77894405126332922e-01 0
-1.59870455087455188e+00 -7.11789125382649712e-01 0
-1.67483333901143538e+00 -7.45683845638966392e-01 0
-1.75096212714831867e+00 -7.79578565895282960e-01 0
-1.82709091528520218e+00 -8.13473286151599639e-01 0
-8.91006524188368121e-01 -4.53990499739546249e-01 0
-9.65257067870732066e-01 -4.91823041384508386e-01 0
-1.03950761155309612e+00 -5.29655583029470689e-01 0
-1.11375815523546007e+00 -5.67488124674432770e-01 0
-1.18800869891782401e+00 -6.05320666319394962e-01 0
-1.26225924260018818e+00 -6.43153207964357265e-01 0
-1.33650978628255213e+00 -6.80985749609319346e-01 0
-1.41076032996491629e+00 -7.18818291254281649e-01 0
-1.48501087364728002e+00 -7.56650832899243730e-01 0
-1.55926141732964418e+00 -7.94483374544205923e-01 0
-1.63351196101200835e+00 -8.32315916189168226e-01 0
-1.70776250469437207e+00 -8.70148457834130196e-01 0
-1.78201304837673624e+00 -9.07980999479092499e-01 0
-8.66025403784438597e-01 -5.00000000000000111e-01 0
-9.38194187433141757e-01 -5.41666666666666741e-01 0
-1.01036297108184514e+00 -5.83333333333333481e-01 0
-1.08253175473054819e+00 -6.25000000000000111e-01 0
-1.15470053837925146e+00 -6.66666666666666741e-01 0
-1.22686932202795473e+00 -7.08333333333333481e-01 0
-1.29903810567665801e+00 -7.50000000000000222e-01 0
-1.37120688932536128e+00 -7.91666666666666963e-01 0
-1.44337567297406411e+00 -8.33333333333333481e-01 0
-1.51554445662276760e+00 -8.75000000000000222e-01 0
-1.58771324027147087e+00 -9.16666666666666963e-01 0
-1.65988202392017392e+00 -9.58333333333333481e-01 0
-1.73205080756887719e+00 -1.00000000000000022e+00 0
-8.38670567945424050e-01 -5.44639035015027084e-01 0
-9.08559781940875943e-01 -5.90025621266279332e-01 0
-9.78448995936328170e-01 -6.35412207517531691e-01 0
-1.04833820993178017e+00 -6.80798793768783828e-01 0
-1.11822742392723207e+00 -7.26185380020036075e-01 0
-1.18811663792268418e+00 -7.71571966271288434e-01 0
-1.25800585191813608e+00 -8.16958552522540682e-01 0
-1.32789506591358819e+00 -8.62345138773792930e-01 0
-1.39778427990903986e+00 -9.07731725025045066e-01 0
-1.46767349390449198e+00 -9.53118311276297425e-01 0
-1.53756270789994431e+00 -9.98504897527549784e-01 0
-1.60745192189539599e+00 -1.04389148377880181e+00 0
-1.67734113589084810e+00 -1.08927807003005417e+00 0
-8.09016994374947562e-01 -5.87785252292473026e-01 0
-8.76435077239526517e-01 -6.36767356650179028e-01 0
-9.43853160104105582e-01 -6.85749461007885253e-01 0
-1.01127124296868454e+00 -7.34731565365591255e-01 0
-1.07868932583326327e+00 -7.83713669723297368e-01 0
-1.14610740869784244e+00 -8.32695774081003481e-01 0
-1.21352549156242140e+00 -8.81677878438709595e-01 0
-1.28094357442700035e+00 -9.30659982796415708e-01 0
-1.34836165729157909e+00 -9.79642087154121599e-01 0
-1.41577974015615826e+00 -1.02862419151182771e+00 0
-1.48319782302073722e+00 -1.07760629586953405e+00 0
-1.55061590588531595e+00 -1.12658840022723994e+00 0
-1.61803398874989512e+00 -1.17557050458494605e+00 0
-7.77145961456970791e-01 -6.29320391049837613e-01 0
-8.41908124911718292e-01 -6.81763756970657386e-01 0
-9.06670288366466015e-01 -7.34207122891477271e-01 0
-9.71432451821213516e-01 -7.86650488812297044e-01 0
-1.03619461527596091e+00 -8.39093854733116817e-01 0
-1.10095677873070863e+00 -8.91537220653936702e-01 0
-1.16571894218545613e+00 -9.43980586574756364e-01 0
-1.23048110564020385e+00 -9.96423952495576359e-01 0
-1.29524326909495113e+00 -1.04886731841639591e+00 0
-1.36000543254969886e+00 -1.10131068433721580e+00 0
-1.42476759600444658e+00 -1.15375405025803568e+00 0
-1.48952975945919386e+00 -1.20619741617885534e+00 0
-1.55429192291394158e+00 -1.25864078209967523e+00 0
-7.43144825477394244e-01 -6.69130606358858238e-01 0
-8.05073560933843746e-01 -7.24891490222096424e-01 0
-8.67002296390293359e-01 -7.80652374085334610e-01 0
-9.28931031846742750e-01 -8.36413257948572797e-01 0
-9.90859767303192251e-01 -8.92174141811810983e-01 0
-1.05278850275964198e+00 -9.47935025675049170e-01 0
-1.11471723821609148e+00 -1.00369590953828736e+00 0
-1.17664597367254098e+00 -1.05945679340152554e+00 0
-1.23857470912899026e+00 -1.11521767726476373e+00 0
-1.30050344458543998e+00 -1.17097856112800192e+00 0
-1.36243218004188948e+00 -1.22673944499124010e+00 0
-1.42436091549833876e+00 -1.28250032885447829e+00 0
-1.48628965095478849e+00 -1.33826121271771648e+00 0
-7.07106781186547684e-01 -7.07106781186547462e-01 0
-7.66032346285426602e-01 -7.66032346285426380e-01 0
-8.24957911384305631e-01 -8.24957911384305409e-01 0
-8.83883476483184660e-01 -8.83883476483184327e-01 0
-9.42809041582063578e-01 -9.42809041582063245e-01 0
-1.00173460668094250e+00 -1.00173460668094227e+00 0
-1.06066017177982141e+00 -1.06066017177982119e+00 0
-1.11958573687870055e+00 -1.11958573687870033e+00 0
-1.17851130197757947e+00 -1.17851130197757903e+00 0
-1.23743686707645839e+00 -1.23743686707645795e+00 0
-1.29636243217533753e+00 -1.29636243217533709e+00 0
-1.35528799727421623e+00 -1.35528799727421578e+00 0
-1.41421356237309537e+00 -1.41421356237309492e+00 0
-6.69130606358858460e-01 -7.43144825477394022e-01 0
-7.24891490222096646e-01 -8.05073560933843524e-01 0
-7.80652374085334944e-01 -8.67002296390293026e-01 0
-8.36413257948573019e-01 -9.28931031846742528e-01 0
-8.92174141811811205e-01 -9.90859767303192029e-01 0
-9.47935025675049503e-01 -1.05278850275964153e+00 0
-1.00369590953828780e+00 -1.11471723821609103e+00 0
-1.05945679340152599e+00 -1.17664597367254053e+00 0
-1.11521767726476395e+00 -1.23857470912899004e+00 0
-1.17097856112800236e+00 -1.30050344458543954e+00 0
-1.22673944499124055e+00 -1.36243218004188904e+00 0
-1.28250032885447851e+00 -1.42436091549833854e+00 0
-1.33826121271771692e+00 -1.48628965095478804e+00 0
-6.29320391049837169e-01 -7.77145961456971124e-01 0
-6.81763756970656831e-01 -8.41908124911718625e-01 0
-7.34207122891476716e-01 -9.06670288366466348e-01 0
-7.86650488812296489e-01 -9.71432451821213849e-01 0
-8.39093854733116151e-01 -1.03619461527596135e+00 0
-8.91537220653936036e-01 -1.10095677873070907e+00 0
-9.43980586574755698e-01 -1.16571894218545680e+00 0
-9.96423952495575582e-01 -1.23048110564020430e+00 0
-1.04886731841639524e+00 -1.29524326909495180e+00 0
-1.10131068433721513e+00 -1.36000543254969952e+00 0
-1.15375405025803501e+00 -1.42476759600444725e+00 0
-1.20619741617885445e+00 -1.48952975945919452e+00 0
-1.25864078209967434e+00 -1.55429192291394225e+00 0
-5.87785252292473248e-01 -8.09016994374947340e-01 0
-6.36767356650179361e-01 -8.76435077239526183e-01 0
-6.85749461007885475e-01 -9.43853160104105249e-01 0
-7.34731565365591588e-01 -1.01127124296868409e+00 0
-7.83713669723297590e-01 -1.07868932583326305e+00 0
-8.32695774081003814e-01 -1.14610740869784222e+00 0
-8.81677878438709817e-01 -1.21352549156242095e+00 0
-9.30659982796416041e-01 -1.28094357442700013e+00 0
-9.79642087154122043e-01 -1.34836165729157886e+00 0
-1.02862419151182816e+00 -1.41577974015615782e+00 0
-1.07760629586953427e+00 -1.48319782302073699e+00 0
-1.12658840022724038e+00 -1.55061590588531573e+00 0
-1.17557050458494650e+00 -1.61803398874989468e+00 0
-5.44639035015026973e-01 -8.38670567945424050e-01 0
-5.90025621266279221e-01 -9.08559781940875943e-01 0
-6.35412207517531469e-01 -9.78448995936328170e-01 0
-6.80798793768783717e-01 -1.04833820993178017e+00 0
-7.26185380020035964e-01 -1.11822742392723207e+00 0
-7.71571966271288212e-01 -1.18811663792268418e+00 0
-8.16958552522540460e-01 -1.25800585191813608e+00 0
-8.62345138773792819e-01 -1.32789506591358819e+00 0
-9.07731725025044844e-01 -1.39778427990903986e+00 0
-9.53118311276297203e-01 -1.46767349390449198e+00 0
-9.98504897527549562e-01 -1.53756270789994431e+00 0
-1.04389148377880159e+00 -1.60745192189539599e+00 0
-1.08927807003005395e+00 -1.67734113589084810e+00 0
-5.00000000000000444e-01 -8.66025403784438375e-01 0
-5.41666666666667074e-01 -9.38194187433141535e-01 0
-5.83333333333333925e-01 -1.01036297108184492e+00 0
-6.25000000000000555e-01 -1.08253175473054797e+00 0
-6.66666666666667185e-01 -1.15470053837925102e+00 0
-7.08333333333334036e-01 -1.22686932202795451e+00 0
-7.50000000000000666e-01 -1.29903810567665756e+00 0
-7.91666666666667407e-01 -1.37120688932536083e+00 0
-8.33333333333334036e-01 -1.44337567297406388e+00 0
-8.75000000000000777e-01 -1.51554445662276716e+00 0
-9.16666666666667518e-01 -1.58771324027147043e+00 0
-9.58333333333334147e-01 -1.65988202392017348e+00 0
-1.00000000000000089e+00 -1.73205080756887675e+00 0
-4.53990499739546916e-01 -8.91006524188367788e-01 0
-4.91823041384509108e-01 -9.65257067870731733e-01 0
-5.29655583029471466e-01 -1.03950761155309590e+00 0
-5.67488124674433658e-01 -1.11375815523545985e+00 0
-6.05320666319395850e-01 -1.18800869891782357e+00 0
-6.43153207964358153e-01 -1.26225924260018774e+00 0
-6.80985749609320345e-01 -1.33650978628255168e+00 0
-7.18818291254282649e-01 -1.41076032996491585e+00 0
-7.56650832899244841e-01 -1.48501087364727957e+00 0
-7.94483374544207144e-01 -1.55926141732964352e+00 0
-8.32315916189169447e-01 -1.63351196101200768e+00 0
-8.70148457834131528e-01 -1.70776250469437141e+00 0
-9.07980999479093831e-01 -1.78201304837673558e+00 0
-4.06736643075800097e-01 -9.13545457642600978e-01 0
-4.40631363332116721e-01 -9.89674245779484374e-01 0
-4.74526083588433456e-01 -1.06580303391636777e+00 0
-5.08420803844750080e-01 -1.14193182205325128e+00 0
-5.42315524101066759e-01 -1.21806061019013456e+00 0
-5.76210244357383550e-01 -1.29418939832701807e+00 0
-6.10104964613700118e-01 -1.37031818646390136e+00 0
-6.43999684870016909e-01 -1.44644697460078508e+00 0
-6.77894405126333477e-01 -1.52257576273766815e+00 0
-7.11789125382650156e-01 -1.59870455087455166e+00 0
-7.45683845638966947e-01 -1.67483333901143516e+00 0
-7.79578565895283404e-01 -1.75096212714831845e+00 0
-8.13473286151600194e-01 -1.82709091528520196e+00 0
-3.58367949545300712e-01 -9.33580426497201632e-01 0
-3.88231945340742401e-01 -1.01137879537196840e+00 0
-4.18095941136184202e-01 -1.08917716424673539e+00 0
-4.47959936931625891e-01 -1.16697553312150193e+00 0
-4.77823932727067580e-01 -1.24477390199626869e+00 0
-5.07687928522509324e-01 -1.32257227087103568e+00 0
-5.37551924317951069e-01 -1.40037063974580245e+00 0
-5.67415920113392813e-01 -1.47816900862056944e+00 0
-5.97279915908834447e-01 -1.55596737749533598e+00 0
-6.27143911704276302e-01 -1.63376574637010297e+00 0
-6.57007907499718047e-01 -1.71156411524486973e+00 0
-6.86871903295159680e-01 -1.78936248411963628e+00 0
-7.16735899090601425e-01 -1.86716085299440326e+00 0
-3.09016994374947562e-01 -9.51056516295153531e-01 0
-3.34768410572859831e-01 -1.03031122598641622e+00 0
-3.60519826770772156e-01 -1.10956593567767925e+00 0
-3.86271242968684425e-01 -1.18882064536894183e+00 0
-4.12022659166596750e-01 -1.26807535506020463e+00 0
-4.37774075364509074e-01 -1.34733006475146766e+00 0
-4.63525491562421343e-01 -1.42658477444273024e+00 0
-4.89276907760333668e-01 -1.50583948413399327e+00 0
-5.15028323958245937e-01 -1.58509419382525585e+00 0
-5.40779740156158262e-01 -1.66434890351651865e+00 0
-5.66531156354070586e-01 -1.74360361320778168e+00 0
-5.92282572551982800e-01 -1.82285832289904404e+00 0
-6.18033988749895125e-01 -1.90211303259030706e+00 0
-2.58819045102520628e-01 -9.65925826289068312e-01 0
-2.80387298861064005e-01 -1.04641964514649066e+00 0
-3.01955552619607437e-01 -1.12691346400391312e+00 0
-3.23523806378150813e-01 -1.20740728286133536e+00 0
-3.45092060136694134e-01 -1.28790110171875760e+00 0
-3.66660313895237566e-01 -1.36839492057618028e+00 0
-3.88228567653780943e-01 -1.44888873943360252e+00 0
-4.09796821412324375e-01 -1.52938255829102498e+00 0
-4.31365075170867696e-01 -1.60987637714844700e+00 0
-4.52933328929411072e-01 -1.69037019600586946e+00 0
-4.74501582687954504e-01 -1.77086401486329215e+00 0
-4.96069836446497825e-01 -1.85135783372071416e+00 0
-5.17638090205041257e-01 -1.93185165257813662e+00 0
-2.07911690817759787e-01 -9.78147600733805578e-01 0
-2.25237665052573088e-01 -1.05965990079495587e+00 0
-2.42563639287386446e-01 -1.14117220085610649e+00 0
-2.59889613522199747e-01 -1.22268450091725689e+00 0
-2.77215587757013049e-01 -1.30419680097840729e+00 0
-2.94541561991826406e-01 -1.38570910103955791e+00 0
-3.11867536226639652e-01 -1.46722140110070831e+00 0
-3.29193510461453009e-01 -1.54873370116185893e+00 0
-3.46519484696266256e-01 -1.63024600122300911e+00 0
-3.63845458931079613e-01 -1.71175830128415973e+00 0
-3.81171433165892970e-01 -1.79327060134531036e+00 0
-3.98497407400706216e-01 -1.87478290140646053e+00 0
-4.15823381635519573e-01 -1.95629520146761116e+00 0
-1.56434465040231035e-01 -9.87688340595137659e-01 0
-1.69470670460250272e-01 -1.06999570231139907e+00 0
-1.82506875880269565e-01 -1.15230306402766058e+00 0
-1.95543081300288801e-01 -1.23461042574392210e+00 0
-2.08579286720308038e-01 -1.31691778746018340e+00 0
-2.21615492140327303e-01 -1.39922514917644514e+00 0
-2.34651697560346539e-01 -1.48153251089270643e+00 0
-2.47687902980365832e-01 -1.56383987260896817e+00 0
-2.60724108400385013e-01 -1.64614723432522925e+00 0
-2.73760313820404333e-01 -1.72845459604149099e+00 0
-2.86796519240423597e-01 -1.81076195775775250e+00 0
-2.99832724660442806e-01 -1.89306931947401380e+00 0
-3.12868930080462071e-01 -1.97537668119027532e+00 0
-1.04528463267653360e-01 -9.94521895368273401e-01 0
-1.13239168539957802e-01 -1.07739871998229608e+00 0
-1.21949873812262258e-01 -1.16027554459631910e+00 0
-1.30660579084566686e-01 -1.24315236921034167e+00 0
-1.39371284356871128e-01 -1.32602919382436446e+00 0
-1.48081989629175598e-01 -1.40890601843838748e+00 0
-1.56792694901480040e-01 -1.49178284305241005e+00 0
-1.65503400173784510e-01 -1.57465966766643306e+00 0
-1.74214105446088924e-01 -1.65753649228045563e+00 0
-1.82924810718393394e-01 -1.74041331689447842e+00 0
-1.91635515990697836e-01 -1.82329014150850144e+00 0
-2.00346221263002250e-01 -1.90616696612252379e+00 0
-2.09056926535306720e-01 -1.98904379073654680e+00 0
-5.23359562429443065e-02 -9.98629534754573833e-01 0
-5.66972859298563309e-02 -1.08184866265078816e+00 0
-6.10586156167683622e-02 -1.16506779054700282e+00 0
-6.54199453036803796e-02 -1.24828691844321726e+00 0
-6.97812749905924040e-02 -1.33150604633943170e+00 0
-7.41426046775044423e-02 -1.41472517423564637e+00 0
-7.85039343644164667e-02 -1.49794430213186081e+00 0
-8.28652640513284910e-02 -1.58116343002807547e+00 0
-8.72265937382405016e-02 -1.66438255792428969e+00 0
-9.15879234251525398e-02 -1.74760168582050412e+00 0
-9.59492531120645642e-02 -1.83082081371671879e+00 0
-1.00310582798976575e-01 -1.91403994161293300e+00 0
-1.04671912485888613e-01 -1.99725906950914767e+00 0
-1.83697019872102969e-16 -1.00000000000000000e+00 0
-1.99005104861444862e-16 -1.08333333333333326e+00 0
-2.14313189850786805e-16 -1.16666666666666674e+00 0
-2.29621274840128699e-16 -1.25000000000000000e+00 0
-2.44929359829470592e-16 -1.33333333333333326e+00 0
-2.60237444818812535e-16 -1.41666666666666674e+00 0
-2.75545529808154478e-16 -1.50000000000000000e+00 0
-2.90853614797496371e-16 -1.58333333333333348e+00 0
-3.06161699786838265e-16 -1.66666666666666652e+00 0
-3.21469784776180208e-16 -1.75000000000000000e+00 0
-3.36777869765522150e-16 -1.83333333333333348e+00 0
-3.52085954754863995e-16 -1.91666666666666652e+00 0
-3.67394039744205938e-16 -2.00000000000000000e+00 0
CELLS 1080 5400
4 0 1 14 13
4 1 2 15 14
4 2 3 16 15
4 3 4 17 16
4 4 5 18 17
4 5 6 19 18
4 6 7 20 19
4 7 8 21 20
4 8 9 22 21
4 9 10 23 22
4 10 11 24 23
4 11 12 25 24
4 13 14 27 26
4 14 15 28 27
4 15 16 29 28
4 16 17 30 29
4 17 18 31 30
4 18 19 32 31
4 19 20 33 32
4 20 21 34 33
4 21 22 35 34
4 22 23 36 35
4 23 24 37 36
4 24 25 38 37
4 26 27 40 39
4 27 28 41 40
4 28 29 42 41
4 29 30 43 42
4 30 31 44 43
4 31 32 45 44
4 32 33 46 45
4 33 34 47 46
4 34 35 48 47
4 35 36 49 48
4 36 37 50 49
4 37 38 51 50
4 39 40 53 52
4 40 41 54 53
4 41 42 55 54
4 42 43 56 55
4 43 44 57 56
4 44 45 58 57
4 45 46 59 58
4 46 47 60 59
4 47 48 61 60
4 48 49 62 61
4 49 50 63 62
4 50 51 64 63
4 52 53 66 65
4 53 54 67 66
4 54 55 68 67
4 55 56 69 68
4 56 57 70 69
4 57 58 71 70
4 58 59 72 71
4 59 60 73 72
4 60 61 74 73
4 61 62 75 74
4 62 63 76 75
4 63 64 77 76
4 65 66 79 78
4 66 67 80 79
4 67 68 81 80
4 68 69 82 81
4 69 70 83 82
4 70 71 84 83
4 71 72 85 84
4 72 73 86 85
4 73 74 87 86
4 74 75 88 87
4 75 76 89 88
4 76 77 90 89
4 78 79 92 91
4 79 80 93 92
4 80 81 94 93
4 81 82 95 94
4 82 83 96 95
4 83 84 97 96
4 84 85 98 97
4 85 86 99 98
4 86 87 100 99
4 87 88 101 100
4 88 89 102 101
4 89 90 103 102
4 91 92 105 104
4 92 93 106 105
4 93 94 107 106
4 94 95 108 107
4 95 96 109 108
4 96 97 110 109
4 97 98 111 110
4 98 99 112 111
4 99 100 113 112
4 100 101 114 113
4 101 102 115 114
4 102 103 116 115
4 104 105 118 117
4 105 106 119 118
4 106 107 120 119
4 107 108 121 120
4 108 109 122 121
4 109 110 123 122
4 110 111 124 123
4 111 112 125 124
4 112 113 126 125
4 113 114 127 126
4 114 115 128 127
4 115 116 129 128
4 117 118 131 130
4 118 119 132 131
4 119 120 133 132
4 120 121 134 133
4 121 122 135 134
4 122 123 136 135
4 123 124 137 136
4 124 125 138 137
4 125 126 139 138
4 126 127 140 139
4 127 128 141 140
4 128 129 142 141
4 130 131 144 143
4 131 132 145 144
4 132 133 146 145
4 133 134 147 146
4 134 135 148 147
4 135 136 149 148
4 136 137 150 149
4 137 138 151 150
4 138 139 152 151
4 139 140 153 152
4 140 141 154 153
4 141 142 155 154
4 143 144 157 156
4 144 145 158 157
4 145 146 159 158
4 146 147 160 159
4 147 148 161 160
4 148 149 162 161
4 149 150 163 162
4 150 151 164 163
4 151 152 165 164
4 152 153 166 165
4 153 154 167 166
4 154 155 168 167
4 156 157 170 169
4 157 158 171 170
4 158 159 172 171
4 159 160 173 172
4 160 161 174 173
4 161 162 175 174
4 162 163 176 175
4 163 164 177 176
4 164 165 178 177
4 165 166 179 178
4 166 167 180 179
4 167 168 181 180
4 169 170 183 182
4 170 171 184 183
4 171 172 185 184
4 172 173 186 185
4 173 174 187 186
4 174 175 188 187
4 175 176 189 188
4 176 177 190 189
4 177 178 191 190
4 178 179 192 191
4 179 180 193 192
4 180 181 194 193
4 182 183 196 195
4 183 184 197 196
4 184 185 198 197
4 185 186 199 198
4 186 187 200 199
4 187 188 201 200
4 188 189 202 201
4 189 190 203 202
4 190 191 204 203
4 191 192 205 204
4 192 193 206 205
4 193 194 207 206
4 195 196 209 208
4 196 197 210 209
4 197 198 211 210
4 198 199 212 211
4 199 200 213 212
4 200 201 214 213
4 201 202 215 214
4 202 203 216 215
4 203 204 217 216
4 204 205 218 217
4 205 206 219 218
4 206 207 220 219
4 208 209 222 221
4 209 210 223 222
4 210 211 224 223
4 211 212 225 224
4 212 213 226 225
4 213 214 227 226
4 214 215 228 227
4 215 216 229 228
4 216 217 230 229
4 217 218 231 230
4 218 219 232 231
4 219 220 233 232
4 221 222 235 234
4 222 223 236 235
4 223 224 237 236
4 224 225 238 237
4 225 226 239 238
4 226 227 240 239
4 227 228 241 240
4 228 229 242 241
4 229 230 243 242
4 230 231 244 243
4 231 232 245 244
4 232 233 246 245
4 234 235 248 247
4 235 236 249 248
4 236 237 250 249
4 237 238 251 250
4 238 239 252 251
4 239 240 253 252
4 240 241 254 253
4 241 242 255 254
4 242 243 256 255
4 243 244 257 256
4 244 245 258 257
4 245 246 259 258
4 247 248 261 260
4 248 249 262 261
4 249 250 263 262
4 250 251 264 263
4 251 252 265 264
4 252 253 266 265
4 253 254 267 266
4 254 255 268 267
4 255 256 269 268
4 256 257 270 269
4 257 258 271 270
4 258 259 272 271
4 260 261 274 273
4 261 262 275 274
4 262 263 276 275
4 263 264 277 276
4 264 265 278 277
4 265 266 279 278
4 266 267 280 279
4 267 268 281 280
4 268 269 282 281
4 269 270 283 282
4 270 271 284 283
4 271 272 285 284
4 273 274 287 286
4 274 275 288 287
4 275 276 289 288
4 276 277 290 289
4 277 278 291 290
4 278 279 292 291
4 279 280 293 292
4 280 281 294 293
4 281 282 295 294
4 282 283 296 295
4 283 284 297 296
4 284 285 298 297
4 286 287 300 299
4 287 288 301 300
4 288 289 302 301
4 289 290 303 302
4 290 291 304 303
4 291 292 305 304
4 292 293 306 305
4 293 294 307 306
4 294 295 308 307
4 295 296 309 308
4 296 297 310 309
4 297 298 311 310
4 299 300 313 312
4 300 301 314 313
4 301 302 315 314
4 302 303 316 315
4 303 304 317 316
4 304 305 318 317
4 305 306 319 318
4 306 307 320 319
4 307 308 321 320
4 308 309 322 321
4 309 310 323 322
4 310 311 324 323
4 312 313 326 325
4 313 314 327 326
4 314 315 328 327
4 315 316 329 328
4 316 317 330 329
4 317 318 331 330
4 318 319 332 331
4 319 320 333 332
4 320 321 334 333
4 321 322 335 334
4 322 323 336 335
4 323 324 337 336
4 325 326 339 338
4 326 327 340 339
4 327 328 341 340
4 328 329 342 341
4 329 330 343 342
4 330 331 344 343
4 331 332 345 344
4 332 333 346 345
4 333 334 347 346
4 334 335 348 347
4 335 336 349 348
4 336 337 350 349
4 338 339 352 351
4 339 340 353 352
4 340 341 354 353
4 341 342 355 354
4 342 343 356 355
4 343 344 357 356
4 344 345 358 357
4 345 346 359 358
4 346 347 360 359
4 347 348 361 360
4 348 349 362 361
4 349 350 363 362
4 351 352 365 364
4 352 353 366 365
4 353 354 367 366
4 354 355 368 367
4 355 356 369 368
4 356 357 370 369
4 357 358 371 370
4 358 359 372 371
4 359 360 373 372
4 360 361 374 373
4 361 362 375 374
4 362 363 376 375
4 364 365 378 377
4 365 366 379 378
4 366 367 380 379
4 367 368 381 380
4 368 369 382 381
4 369 370 383 382
4 370 371 384 383
4 371 372 385 384
4 372 373 386 385
4 373 374 387 386
4 374 375 388 387
4 375 376 389 388
4 377 378 391 390
4 378 379 392 391
4 379 380 393 392
4 380 381 394 393
4 381 382 395 394
4 382 383 396 395
4 383 384 397 396
4 384 385 398 397
4 385 386 399 398
4 386 387 400 399
4 387 388 401 400
4 388 389 402 401
4 403 404 417 416
4 404 405 418 417
4 405 406 419 418
4 406 407 420 419
4 407 408 421 420
4 408 409 422 421
4 409 410 423 422
4 410 411 424 423
4 411 412 425 424
4 412 413 426 425
4 413 414 427 426
4 414 415 428 427
4 416 417 430 429
4 417 418 431 430
4 418 419 432 431
4 419 420 433 432
4 420 421 434 433
4 421 422 435 434
4 422 423 436 435
4 423 424 437 436
4 424 425 438 437
4 425 426 439 438
4 426 427 440 439
4 427 428 441 440
4 429 430 443 442
4 430 431 444 443
4 431 432 445 444
4 432 433 446 445
4 433 434 447 446
4 434 435 448 447
4 435 436 449 448
4 436 437 450 449
4 437 438 451 450
4 438 439 452 451
4 439 440 453 452
4 440 441 454 453
4 442 443 456 455
4 443 444 457 456
4 444 445 458 457
4 445 446 459 458
4 446 447 460 459
4 447 448 461 460
4 448 449 462 461
4 449 450 463 462
4 450 451 464 463
4 451 452 465 464
4 452 453 466 465
4 453 454 467 466
4 455 456 469 468
4 456 457 470 469
4 457 458 471 470
4 458 459 472 471
4 459 460 473 472
4 460 461 474 473
4 461 462 475 474
4 462 463 476 475
4 463 464 477 476
4 464 465 478 477
4 465 466 479 478
4 466 467 480 479
4 468 469 482 481
4 469 470 483 482
4 470 471 484 483
4 471 472 485 484
4 472 473 486 485
4 473 474 487 486
4 474 475 488 487
4 475 476 489 488
4 476 477 490 489
4 477 478 491 490
4 478 479 492 491
4 479 480 493 492
4 481 482 495 494
4 482 483 496 495
4 483 484 497 496
4 484 485 498 497
4 485 486 499 498
4 486 487 500 499
4 487 488 501 500
4 488 489 502 501
4 489 490 503 502
4 490 491 504 503
4 491 492 505 504
4 492 493 506 505
4 494 495 508 507
4 495 496 509 508
4 496 497 510 509
4 497 498 511 510
4 498 499 512 511
4 499 500 513 512
4 500 501 514 513
4 501 502 515 514
4 502 503 516 515
4 503 504 517 516
4 504 505 518 517
4 505 506 519 518
4 507 508 521 520
4 508 509 522 521
4 509 510 523 522
4 510 511 524 523
4 511 512 525 524
4 512 513 526 525
4 513 514 527 526
4 514 515 528 527
4 515 516 529 528
4 516 517 530 529
4 517 518 531 530
4 518 519 532 531
4 520 521 534 533
4 521 522 535 534
4 522 523 536 535
4 523 524 537 536
4 524 525 538 537
4 525 526 539 538
4 526 527 540 539
4 527 528 541 540
4 528 529 542 541
4 529 530 543 542
4 530 531 544 543
4 531 532 545 544
4 533 534 547 546
4 534 535 548 547
4 535 536 549 548
4 536 537 550 549
4 537 538 551 550
4 538 539 552 551
4 539 540 553 552
4 540 541 554 553
4 541 542 555 554
4 542 543 556 555
4 543 544 557 556
4 544 545 558 557
4 546 547 560 559
4 547 548 561 560
4 548 549 562 561
4 549 550 563 562
4 550 551 564 563
4 551 552 565 564
4 552 553 566 565
4 553 554 567 566
4 554 555 568 567
4 555 556 569 568
4 556 557 570 569
4 557 558 571 570
4 559 560 573 572
4 560 561 574 573
4 561 562 575 574
4 562 563 576 575
4 563 564 577 576
4 564 565 578 577
4 565 566 579 578
4 566 567 580 579
4 567 568 581 580
4 568 569 582 581
4 569 570 583 582
4 570 571 584 583
4 572 573 586 585
4 573 574 587 586
4 574 575 588 587
4 575 576 589 588
4 576 577 590 589
4 577 578 591 590
4 578 579 592 591
4 579 580 593 592
4 580 581 594 593
4 581 582 595 594
4 582 583 596 595
4 583 584 597 596
4 585 586 599 598
4 586 587 600 599
4 587 588 601 600
4 588 589 602 601
4 589 590 603 602
4 590 591 604 603
4 591 592 605 604
4 592 593 606 605
4 593 594 607 606
4 594 595 608 607
4 595 596 609 608
4 596 597 610 609
4 598 599 612 611
4 599 600 613 612
4 600 601 614 613
4 601 602 615 614
4 602 603 616 615
4 603 604 617 616
4 604 605 618 617
4 605 606 619 618
4 606 607 620 619
4 607 608 621 620
4 608 609 622 621
4 609 610 623 622
4 611 612 625 624
4 612 613 626 625
4 613 614 627 626
4 614 615 628 627
4 615 616 629 628
4 616 617 630 629
4 617 618 631 630
4 618 619 632 631
4 619 620 633 632
4 620 621 634 633
4 621 622 635 634
4 622 623 636 635
4 624 625 638 637
4 625 626 639 638
4 626 627 640 639
4 627 628 641 640
4 628 629 642 641
4 629 630 643 642
4 630 631 644 643
4 631 632 645 644
4 632 633 646 645
4 633 634 647 646
4 634 635 648 647
4 635 636 649 648
4 637 638 651 650
4 638 639 652 651
4 639 640 653 652
4 640 641 654 653
4 641 642 655 654
4 642 643 656 655
4 643 644 657 656
4 644 645 658 657
4 645 646 659 658
4 646 647 660 659
4 647 648 661 660
4 648 649 662 661
4 650 651 664 663
4 651 652 665 664
4 652 653 666 665
4 653 654 667 666
4 654 655 668 667
4 655 656 669 668
4 656 657 670 669
4 657 658 671 670
4 658 659 672 671
4 659 660 673 672
4 660 661 674 673
4 661 662 675 674
4 663 664 677 676
4 664 665 678 677
4 665 666 679 678
4 666 667 680 679
4 667 668 681 680
4 668 669 682 681
4 669 670 683 682
4 670 671 684 683
4 671 672 685 684
4 672 673 686 685
4 673 674 687 686
4 674 675 688 687
4 676 677 690 689
4 677 678 691 690
4 678 679 692 691
4 679 680 693 692
4 680 681 694 693
4 681 682 695 694
4 682 683 696 695
4 683 684 697 696
4 684 685 698 697
4 685 686 699 698
4 686 687 700 699
4 687 688 701 700
4 689 690 703 702
4 690 691 704 703
4 691 692 705 704
4 692 693 706 705
4 693 694 707 706
4 694 695 708 707
4 695 696 709 708
4 696 697 710 709
4 697 698 711 710
4 698 699 712 711
4 699 700 713 712
4 700 701 714 713
4 702 703 716 715
4 703 704 717 716
4 704 705 718 717
4 705 706 719 718
4 706 707 720 719
4 707 708 721 720
4 708 709 722 721
4 709 710 723 722
4 710 711 724 723
4 711 712 725 724
4 712 713 726 725
4 713 714 727 726
4 715 716 729 728
4 716 717 730 729
4 717 718 731 730
4 718 719 732 731
4 719 720 733 732
4 720 721 734 733
4 721 722 735 734
4 722 723 736 735
4 723 724 737 736
4 724 725 738 737
4 725 726 739 738
4 726 727 740 739
4 728 729 742 741
4 729 730 743 742
4 730 731 744 743
4 731 732 745 744
4 732 733 746 745
4 733 734 747 746
4 734 735 748 747
4 735 736 749 748
4 736 737 750 749
4 737 738 751 750
4 738 739 752 751
4 739 740 753 752
4 741 742 755 754
4 742 743 756 755
4 743 744 757 756
4 744 745 758 757
4 745 746 759 758
4 746 747 760 759
4 747 748 761 760
4 748 749 762 761
4 749 750 763 762
4 750 751 764 763
4 751 752 765 764
4 752 753 766 765
4 754 755 768 767
4 755 756 769 768
4 756 757 770 769
4 757 758 771 770
4 758 759 772 771
4 759 760 773 772
4 760 761 774 773
4 761 762 775 774
4 762 763 776 775
4 763 764 777 776
4 764 765 778 777
4 765 766 779 778
4 767 768 781 780
4 768 769 782 781
4 769 770 783 782
4 770 771 784 783
4 771 772 785 784
4 772 773 786 785
4 773 774 787 786
4 774 775 788 787
4 775 776 789 788
4 776 777 790 789
4 777 778 791 790
4 778 779 792 791
4 780 781 794 793
4 781 782 795 794
4 782 783 796 795
4 783 784 797 796
4 784 785 798 797
4 785 786 799 798
4 786 787 800 799
4 787 788 801 800
4 788 789 802 801
4 789 790 803 802
4 790 791 804 803
4 791 792 805 804
4 806 807 820 819
4 807 808 821 820
4 808 809 822 821
4 809 810 823 822
4 810 811 824 823
4 811 812 825 824
4 812 813 826 825
4 813 814 827 826
4 814 815 828 827
4 815 816 829 828
4 816 817 830 829
4 817 818 831 830
4 819 820 833 832
4 820 821 834 833
4 821 822 835 834
4 822 823 836 835
4 823 824 837 836
4 824 825 838 837
4 825 826 839 838
4 826 827 840 839
4 827 828 841 840
4 828 829 842 841
4 829 830 843 842
4 830 831 844 843
4 832 833 846 845
4 833 834 847 846
4 834 835 848 847
4 835 836 849 848
4 836 837 850 849
4 837 838 851 850
4 838 839 852 851
4 839 840 853 852
4 840 841 854 853
4 841 842 855 854
4 842 843 856 855
4 843 844 857 856
4 845 846 859 858
4 846 847 860 859
4 847 848 861 860
4 848 849 862 861
4 849 850 863 862
4 850 851 864 863
4 851 852 865 864
4 852 853 866 865
4 853 854 867 866
4 854 855 868 867
4 855 856 869 868
4 856 857 870 869
4 858 859 872 871
4 859 860 873 872
4 860 861 874 873
4 861 862 875 874
4 862 863 876 875
4 863 864 877 876
4 864 865 878 877
4 865 866 879 878
4 866 867 880 879
4 867 868 881 880
4 868 869 882 881
4 869 870 883 882
4 871 872 885 884
4 872 873 886 885
4 873 874 887 886
4 874 875 888 887
4 875 876 889 888
4 876 877 890 889
4 877 878 891 890
4 878 879 892 891
4 879 880 893 892
4 880 881 894 893
4 881 882 895 894
4 882 883 896 895
4 884 885 898 897
4 885 886 899 898
4 886 887 900 899
4 887 888 901 900
4 888 889 902 901
4 889 890 903 902
4 890 891 904 903
4 891 892 905 904
4 892 893 906 905
4 893 894 907 906
4 894 895 908 907
4 895 896 909 908
4 897 898 911 910
4 898 899 912 911
4 899 900 913 912
4 900 901 914 913
4 901 902 915 914
4 902 903 916 915
4 903 904 917 916
4 904 905 918 917
4 905 906 919 918
4 906 907 920 919
4 907 908 921 920
4 908 909 922 921
4 910 911 924 923
4 911 912 925 924
4 912 913 926 925
4 913 914 927 926
4 914 915 928 927
4 915 916 929 928
4 916 917 930 929
4 917 918 931 930
4 918 919 932 931
4 919 920 933 932
4 920 921 934 933
4 921 922 935 934
4 923 924 937 936
4 924 925 938 937
4 925 926 939 938
4 926 927 940 939
4 927 928 941 940
4 928 929 942 941
4 929 930 943 942
4 930 931 944 943
4 931 932 945 944
4 932 933 946 945
4 933 934 947 946
4 934 935 948 947
4 936 937 950 949
4 937 938 951 950
4 938 939 952 951
4 939 940 953 952
4 940 941 954 953
4 941 942 955 954
4 942 943 956 955
4 943 944 957 956
4 944 945 958 957
4 945 946 959 958
4 946 947 960 959
4 947 948 961 960
4 949 950 963 962
4 950 951 964 963
4 951 952 965 964
4 952 953 966 965
4 953 954 967 966
4 954 955 968 967
4 955 956 969 968
4 956 957 970 969
4 957 958 971 970
4 958 959 972 971
4 959 960 973 972
4 960 961 974 973
4 962 963 976 975
4 963 964 977 976
4 964 965 978 977
4 965 966 979 978
4 966 967 980 979
4 967 968 981 980
4 968 969 982 981
4 969 970 983 982
4 970 971 984 983
4 971 972 985 984
4 972 973 986 985
4 973 974 987 986
4 975 976 989 988
4 976 977 990 989
4 977 978 991 990
4 978 979 992 991
4 979 980 993 992
4 980 981 994 993
4 981 982 995 994
4 982 983 996 995
4 983 984 997 996
4 984 985 998 997
4 985 986 999 998
4 986 987 1000 999
4 988 989 1002 1001
4 989 990 1003 1002
4 990 991 1004 1003
4 991 992 1005 1004
4 992 993 1006 1005
4 993 994 1007 1006
4 994 995 1008 1007
4 995 996 1009 1008
4 996 997 1010 1009
4 997 998 1011 1010
4 998 999 1012 1011
4 999 1000 1013 1012
4 1001 1002 1015 1014
4 1002 1003 1016 1015
4 1003 1004 1017 1016
4 1004 1005 1018 1017
4 1005 1006 1019 1018
4 1006 1007 1020 1019
4 1007 1008 1021 1020
4 1008 1009 1022 1021
4 1009 1010 1023 1022
4 1010 1011 1024 1023
4 1011 1012 1025 1024
4 1012 1013 1026 1025
4 1014 1015 1028 1027
4 1015 1016 1029 1028
4 1016 1017 1030 1029
4 1017 1018 1031 1030
4 1018 1019 1032 1031
4 1019 1020 1033 1032
4 1020 1021 1034 1033
4 1021 1022 1035 1034
4 1022 1023 1036 1035
4 1023 1024 1037 1036
4 1024 1025 1038 1037
4 1025 1026 1039 1038
4 1027 1028 1041 1040
4 1028 1029 1042 1041
4 1029 1030 1043 1042
4 1030 1031 1044 1043
4 1031 1032 1045 1044
4 1032 1033 1046 1045
4 1033 1034 1047 1046
4 1034 1035 1048 1047
4 1035 1036 1049 1048
4 1036 1037 1050 1049
4 1037 1038 1051 1050
4 1038 1039 1052 1051
4 1040 1041 1054 1053
4 1041 1042 1055 1054
4 1042 1043 1056 1055
4 1043 1044 1057 1056
4 1044 1045 1058 1057
4 1045 1046 1059 1058
4 1046 1047 1060 1059
4 1047 1048 1061 1060
4 1048 1049 1062 1061
4 1049 1050 1063 1062
4 1050 1051 1064 1063
4 1051 1052 1065 1064
4 1053 1054 1067 1066
4 1054 1055 1068 1067
4 1055 1056 1069 1068
4 1056 1057 1070 1069
4 1057 1058 1071 1070
4 1058 1059 1072 1071
4 1059 1060 1073 1072
4 1060 1061 1074 1073
4 1061 1062 1075 1074
4 1062 1063 1076 1075
4 1063 1064 1077 1076
4 1064 1065 1078 1077
4 1066 1067 1080 1079
4 1067 1068 1081 1080
4 1068 1069 1082 1081
4 1069 1070 1083 1082
4 1070 1071 1084 1083
4 1071 1072 1085 1084
4 1072 1073 1086 1085
4 1073 1074 1087 1086
4 1074 1075 1088 1087
4 1075 1076 1089 1088
4 1076 1077 1090 1089
4 1077 1078 1091 1090
4 1079 1080 1093 1092
4 1080 1081 1094 1093
4 1081 1082 1095 1094
4 1082 1083 1096 1095
4 1083 1084 1097 1096
4 1084 1085 1098 1097
4 1085 1086 1099 1098
4 1086 1087 1100 1099
4 1087 1088 1101 1100
4 1088 1089 1102 1101
4 1089 1090 1103 1102
4 1090 1091 1104 1103
4 1092 1093 1106 1105
4 1093 1094 1107 1106
4 1094 1095 1108 1107
4 1095 1096 1109 1108
4 1096 1097 1110 1109
4 1097 1098 1111 1110
4 1098 1099 1112 1111
4 1099 1100 1113 1112
4 1100 1101 1114 1113
4 1101 1102 1115 1114
4 1102 1103 1116 1115
4 1103 1104 1117 1116
4 1105 1106 1119 1118
4 1106 1107 1120 1119
4 1107 1108 1121 1120
4 1108 1109 1122 1121
4 1109 1110 1123 1122
4 1110 1111 1124 1123
4 1111 1112 1125 1124
4 1112 1113 1126 1125
4 1113 1114 1127 1126
4 1114 1115 1128 1127
4 1115 1116 1129 1128
4 1116 1117 1130 1129
4 1118 1119 1132 1131
4 1119 1120 1133 1132
4 1120 1121 1134 1133
4 1121 1122 1135 1134
4 1122 1123 1136 1135
4 1123 1124 1137 1136
4 1124 1125 1138 1137
4 1125 1126 1139 1138
4 1126 1127 1140 1139
4 1127 1128 1141 1140
4 1128 1129 1142 1141
4 1129 1130 1143 1142
4 1131 1132 1145 1144
4 1132 1133 1146 1145
4 1133 1134 1147 1146
4 1134 1135 1148 1147
4 1135 1136 1149 1148
4 1136 1137 1150 1149
4 1137 1138 1151 1150
4 1138 1139 1152 1151
4 1139 1140 1153 1152
4 1140 1141 1154 1153
4 1141 1142 1155 1154
4 1142 1143 1156 1155
4 1144 1145 1158 1157
4 1145 1146 1159 1158
4 1146 1147 1160 1159
4 1147 1148 1161 1160
4 1148 1149 1162 1161
4 1149 1150 1163 1162
4 1150 1151 1164 1163
4 1151 1152 1165 1164
4 1152 1153 1166 1165
4 1153 1154 1167 1166
4 1154 1155 1168 1167
4 1155 1156 1169 1168
4 1157 1158 1171 1170
4 1158 1159 1172 1171
4 1159 1160 1173 1172
4 1160 1161 1174 1173
4 1161 1162 1175 1174
4 1162 1163 1176 1175
4 1163 1164 1177 1176
4 1164 1165 1178 1177
4 1165 1166 1179 1178
4 1166 1167 1180 1179
4 1167 1168 1181 1180
4 1168 1169 1182 1181
4 1170 1171 1184 1183
4 1171 1172 1185 1184
4 1172 1173 1186 1185
4 1173 1174 1187 1186
4 1174 1175 1188 1187
4 1175 1176 1189 1188
4 1176 1177 1190 1189
4 1177 1178 1191 1190
4 1178 1179 1192 1191
4 1179 1180 1193 1192
4 1180 1181 1194 1193
4 1181 1182 1195 1194
4 1183 1184 1197 1196
4 1184 1185 1198 1197
4 1185 1186 1199 1198
4 1186 1187 1200 1199
4 1187 1188 1201 1200
4 1188 1189 1202 1201
4 1189 1190 1203 1202
4 1190 1191 1204 1203
4 1191 1192 1205 1204
4 1192 1193 1206 1205
4 1193 1194 1207 1206
4 1194 1195 1208 1207
CELL_TYPES 1080
9
9
9
9
9
9
9
9
9
9
9
9
9
9
9
9
9
9
9
9
9
9
9
9
9
9
9
9
9
9
9
9
9
9
9
9
9
9
9
9
9
9
9
9
9
9
9
9
9
9
9
9
9
9
9
9
9
9
9
9
9
9
9
9
9
9
9
9
9
9
9
9
9
9
9
9
9
9
9
9
9
9
9
9
9
9
9
9
9
9
9
9
9
9
9
9
9
9
9
9
9
9
9
9
9
9
9
9
9
9
9
9
9
9
9
9
9
9
9
9
9
9
9
9
9
9
9
9
9
9
9
9
9
9
9
9
9
9
9
9
9
9
9
9
9
9
9
9
9
9
9
9
9
9
9
9
9
9
9
9
9
9
9
9
9
9
9
9
9
9
9
9
9
9
9
9
9
9
9
9
9
9
9
9
9
9
9
9
9
9
9
9
9
9
9
9
9
9
9
9
9
9
9
9
9
9
9
9
9
9
9
9
9
9
9
9
9
9
9
9
9
9
9
9
9
9
9
9
9
9
9
9
9
9
9
9
9
9
9
9
9
9
9
9
9
9
9
9
9
9
9
9
9
9
9
9
9
9
9
9
9
9
9
9
9
9
9
9
9
9
9
9
9
9
9
9
9
9
9
9
9
9
9
9
9
9
9
9
9
9
9
9
9
9
9
9
9
9
9
9
9
9
9
9
9
9
9
9
9
9
9
9
9
9
9
9
9
9
9
9
9
9
9
9
9
9
9
9
9
9
9
9
9
9
9
9
9
9
9
9
9
9
9
9
9
9
9
9
9
9
9
9
9
9
9
9
9
9
9
9
9
9
9
9
9
9
9
9
9
9
9
9
9
9
9
9
9
9
9
9
9
9
9
9
9
9
9
9
9
9
9
9
9
9
9
9
9
9
9
9
9
9
9
9
9
9
9
9
9
9
9
9
9
9
9
9
9
9
9
9
9
9
9
9
9
9
9
9
9
9
9
9
9
9
9
9
9
9
9
9
9
9
9
9
9
9
9
9
9
9
9
9
9
9
9
9
9
9
9
9
9
9
9
9
9
9
9
9
9
9
9
9
9
9
9
9
9
9
9
9
9
9
9
9
9
9
9
9
9
9
9
9
9
9
9
9
9
9
9
9
9
9
9
9
9
9
9
9
9
9
9
9
9
9
9
9
9
9
9
9
9
9
9
9
9
9
9
9
9
9
9
9
9
9
9
9
9
9
9
9
9
9
9
9
9
9
9
9
9
9
9
9
9
9
9
9
9
9
9
9
9
9
9
9
9
9
9
9
9
9
9
9
9
9
9
9
9
9
9
9
9
9
9
9
9
9
9
9
9
9
9
9
9
9
9
9
9
9
9
9
9
9
9
9
9
9
9
9
9
9
9
9
9
9
9
9
9
9
9
9
9
9
9
9
9
9
9
9
9
9
9
9
9
9
9
9
9
9
9
9
9
9
9
9
9
9
9
9
9
9
9
9
9
9
9
9
9
9
9
9
9
9
9
9
9
9
9
9
9
9
9
9
9
9
9
9
9
9
9
9
9
9
9
9
9
9
9
9
9
9
9
9
9
9
9
9
9
9
9
9
9
9
9
9
9
9
9
9
9
9
9
9
9
9
9
9
9
9
9
9
9
9
9
9
9
9
9
9
9
9
9
9
9
9
9
9
9
9
9
9
9
9
9
9
9
9
9
9
9
9
9
9
9
9
9
9
9
9
9
9
9
9
9
9
9
9
9
9
9
9
9
9
9
9
9
9
9
9
9
9
9
9
9
9
9
9
9
9
9
9
9
9
9
9
9
9
9
9
9
9
9
9
9
9
9
9
9
9
9
9
9
9
9
9
9
9
9
9
9
9
9
9
9
9
9
9
9
9
9
9
9
9
9
9
9
9
9
9
9
9
9
9
9
9
9
9
9
9
9
9
9
9
9
9
9
9
9
9
9
9
9
9
9
9
9
9
9
9
9
9
9
9
9
9
9
9
9
9
9
9
9
9
9
9
9
9
9
9
9
9
9
9
9
9
9
9
9
9
9
9
9
9
9
9
9
9
9
9
9
9
9
9
9
9
9
9
9
9
9
9
9
9
9
9
9
9
9
9
9
9
9
9
9
9
9
9
9
9
9
9
9
9
9
9
9
9
9
9
9
9
9
9
9
9
9
9
9
9
9
9
9
9
9
9
9
9
9
9
9
9
9
9
9
9
9
9
9
9
9
9
9
9
9
9
9
9
9
9
9
9
9
9
9
9
9
9
9
9
9
9
9
9
9
9
9
9
9
9
9
9
9
9
9
9
9
9
9
9
9
9
9
9
9
9
9
9
9
9
9
9
9
9
9
9
9
9
9
9
9
9
9
9
9
9
9
9
9
9
9
9
9
9
9
9
9
9
9
9
9
9
9
9
9
9
9
9
9
9
9
9
9
9
9
9
9
9
9
9
9
9
CELL_DATA 1080
SCALARS pressure double 1
LOOKUP_TABLE default
1.32554209373718539e+01
8.91753931560612756e+00
9.28876263018336523e+00
8.43732492103574039e+00
8.78207111540885954e+00
8.65094038119265818e+00
8.87752484024872146e+00
9.16657496661598792e+00
9.33013433141778847e+00
1.04063055385906438e+01
1.05709478308283966e+01
1.36926764223060058e+01
9.07837632720826626e+00
8.48736327835909243e+00
8.75394176679829883e+00
8.44011217503642897e+00
8.65558588023951536e+00
8.56716651707865573e+00
8.74293915192209070e+00
8.82012009570910571e+00
8.93811176359708348e+00
9.09840802713822860e+00
9.17571805536028862e+00
9.15695058113964144e+00
9.94349101776711031e+00
8.70001910983874183e+00
9.07346427328015182e+00
8.52571312760598765e+00
8.84768003841515416e+00
8.72237692198974557e+00
8.95593773707419238e+00
9.12144325526733724e+00
9.27711215331356875e+00
9.65343401631845133e+00
9.73317407695792802e+00
9.95077999578291283e+00
7.84176971297694347e+00
8.01073761821529118e+00
8.21203841078459540e+00
8.18619767449637514e+00
8.37312605682887146e+00
8.34717917000723908e+00
8.49062008535375234e+00
8.47611527853250912e+00
8.59347637189520519e+00
8.59522386642835379e+00
8.66210059115941888e+00
8.47703186083066385e+00
8.63392813432338002e+00
8.30224537737103319e+00
8.62285184686449391e+00
8.37889502741212233e+00
8.67362120918698487e+00
8.60195469271913637e+00
8.81221090214768488e+00
8.87298294821428435e+00
9.01393897331227478e+00
9.08948951888737611e+00
9.16035416698481519e+00
9.05868722656678749e+00
7.39892964457034186e+00
7.64497059874356744e+00
7.77698485310277032e+00
7.90243388321952800e+00
8.05892828021116259e+00
8.10661417283716190e+00
8.24126295102449546e+00
8.25028214596145837e+00
8.35200702029783137e+00
8.33549013003584882e+00
8.39229092200807258e+00
8.30161899046431095e+00
8.09495631954079542e+00
7.99156552083028071e+00
8.22625133960499966e+00
8.14834745487576839e+00
8.40220087140964011e+00
8.38726340436333651e+00
8.58525952342140641e+00
8.60858188581080874e+00
8.73637843540963033e+00
8.73616910024244930e+00
8.80283905010307599e+00
8.71729667510779294e+00
7.22341435827535960e+00
7.40331510617354738e+00
7.49822877723509240e+00
7.64446404989035777e+00
7.79671302021879153e+00
7.88847760570853396e+00
8.01767774202355099e+00
8.05940238737846393e+00
8.15478800525204406e+00
8.16013756054718620e+00
8.20699779740799684e+00
8.17457213850282471e+00
7.79508069536910853e+00
7.74151099079773708e+00
7.90904826784766168e+00
7.91010117834734494e+00
8.12401237279254396e+00
8.15933800266421372e+00
8.33509647870617698e+00
8.36182159184036422e+00
8.48104366967816148e+00
8.47279705170428343e+00
8.53149798778794910e+00
8.47531409205503827e+00
7.10203491952856680e+00
7.22054098991969262e+00
7.29423000328322502e+00
7.43692999905766250e+00
7.57415683450563115e+00
7.68950652842961269e+00
7.81942428304043524e+00
7.89232869017721583e+00
7.98088070539180627e+00
8.00716072029580417e+00
8.04487429902171058e+00
8.03879834097812918e+00
7.55342387816234062e+00
7.51409241863802269e+00
7.64201019588303154e+00
7.67859875583082108e+00
7.86338678187440099e+00
7.92778912434550254e+00
8.09029182879000253e+00
8.13452097195874479e+00
8.24228334596164913e+00
8.24449685878852812e+00
8.29295735096816777e+00
8.25779069836107915e+00
6.97624341201939036e+00
7.05729142686878941e+00
7.12327120101809097e+00
7.25634750221586344e+00
7.38864183451488810e+00
7.51743130424237815e+00
7.64488571827870445e+00
7.73323824299679341e+00
7.81680785687544510e+00
7.85574410272588519e+00
7.88682074980047076e+00
7.89232180720474474e+00
7.32202369809517961e+00
7.29338044880247605e+00
7.39859708593772414e+00
7.45505252410406793e+00
7.61999156903138442e+00
7.70517979284709931e+00
7.85602135598570861e+00
7.91664406387380826e+00
8.01465607187144258e+00
8.02904453679681041e+00
8.06918071464579256e+00
8.04754885115699636e+00
6.83708387669449102e+00
6.89741182301601707e+00
6.96173429790674447e+00
7.08679402610828202e+00
7.21669940387053632e+00
7.35068674359054430e+00
7.47670415270749356e+00
7.57357483245672114e+00
7.65396096759402322e+00
7.69952107888154647e+00
7.72658450445124423e+00
7.73663464267783674e+00
7.09278472427798690e+00
7.07514812067405163e+00
7.16680189001748502e+00
7.23692778983571205e+00
7.38873426253093157e+00
7.48856039441382038e+00
7.63037213166589101e+00
7.70372162583166187e+00
7.79435975935490521e+00
7.81867219703584215e+00
7.85288503475443811e+00
7.83994808897038897e+00
6.68698659706495224e+00
6.73531827860330345e+00
6.80021799425004314e+00
6.91965186558803147e+00
7.04869080502819045e+00
7.18423769103031429e+00
7.30937686133778364e+00
7.41028666806774439e+00
7.48879675524326593e+00
7.53732450516746866e+00
7.56224684101813338e+00
7.57340325134715719e+00
6.86660720109532630e+00
6.85908509595795124e+00
6.94229291933364134e+00
7.02264483961450292e+00
7.16588381640671468e+00
7.27603975941521952e+00
7.41134775398385326e+00
7.49390024085474682e+00
7.57931043888283806e+00
7.61093162480411412e+00
7.64111454241558974e+00
7.63389695740267360e+00
6.52875182638290585e+00
6.56962683859266861e+00
6.63549255395310134e+00
6.75109786861135230e+00
6.87990699148944529e+00
7.01552380611896886e+00
7.14009568212663126e+00
7.24262336466863932e+00
7.32006225282702161e+00
7.36958711210553474e+00
7.39345540244204180e+00
7.40418677571473083e+00
6.64518568118578301e+00
6.64586238564126930e+00
6.72366973352747266e+00
6.81165125329929744e+00
6.94934038877671778e+00
7.06674987027762302e+00
7.19758553414460422e+00
7.28657949966473506e+00
7.36843811838459217e+00
7.40521962110817977e+00
7.43274292303616058e+00
7.42935813835728620e+00
6.36415469851269489e+00
6.40016652727140478e+00
6.46673534264242456e+00
6.57970283455194238e+00
6.70843542354801770e+00
6.84360017002964938e+00
6.96776202079186291e+00
7.07074406739098293e+00
7.14756201129929281e+00
7.19713787878678257e+00
7.22052343487191806e+00
7.23027145630808032e+00
6.42925651792857966e+00
6.43601241075584074e+00
6.51031816483819004e+00
6.60379887217480821e+00
6.73790765570423211e+00
6.86032840047509307e+00
6.98819203310076631e+00
7.08159509431837186e+00
7.16111761368985711e+00
7.20146588238188912e+00
7.22726631816306675e+00
7.22650938872582138e+00
6.19454528784442449e+00
6.22700755856771426e+00
6.29402963498541368e+00
6.40510356144734860e+00
6.53375361266263432e+00
6.66834775349460163e+00
6.79218692771767074e+00
6.89512326349062121e+00
6.97156569638999102e+00
7.02080319513649798e+00
7.04398859442597391e+00
7.05265098385148903e+00
6.21859087793768772e+00
6.22965552692815194e+00
6.30166636058810692e+00
6.39896262816394046e+00
6.53076029290842541e+00
6.65655935024636136e+00
6.78249295347675751e+00
6.87885635705481313e+00
6.95687277799483628e+00
6.99965961099283351e+00
7.02434181640977862e+00
7.02543936751372033e+00
6.02053172304844164e+00
6.05045071348402974e+00
6.11771818060436878e+00
6.22741899853735337e+00
6.35596298046631514e+00
6.49002828197519666e+00
6.61360961288706140e+00
6.71632272731559166e+00
6.79252946261120183e+00
6.84131299870361875e+00
6.86443549437267997e+00
6.87208596648869552e+00
6.01243903679114755e+00
6.02656728116028795e+00
6.09708445876024907e+00
6.19691978484708006e+00
6.32720423625100992e+00
6.45520102991131584e+00
6.57989848411831169e+00
6.67820761581006561e+00
6.75526328487948913e+00
6.79970002867496870e+00
6.82359726561383795e+00
6.82610858616510541e+00
5.84287132308953439e+00
5.87085161498835983e+00
5.93826921749868042e+00
6.04696107207230149e+00
6.17543392501849819e+00
6.30906105834989006e+00
6.43245166077432362e+00
6.53490685185758657e+00
6.61096919535019634e+00
6.65931149107650722e+00
6.68247221496184984e+00
6.68909492005084960e+00
5.81027107396387699e+00
5.82652769688729943e+00
5.89602269122655898e+00
5.99739450507419125e+00
6.12659811725077752e+00
6.25592174624847708e+00
6.37983896438474485e+00
6.47939691348000046e+00
6.55589689209674287e+00
6.60130662806490953e+00
6.62520113919351950e+00
6.62860813160964923e+00
5.66204327785154060e+00
5.68859127807323883e+00
5.75611640186165197e+00
5.86409000969781680e+00
5.99263994502523012e+00
6.12592915133352633e+00
6.24918391680528806e+00
6.35138641346379718e+00
6.42732504623253664e+00
6.47529576485781444e+00
6.49804072980007330e+00
6.50402218464630444e+00
5.61137746098493384e+00
5.62954591486515898e+00
5.69822183895902246e+00
5.80018025922297564e+00
5.92830989623083671e+00
6.05821976270026230e+00
6.18163851065215653e+00
6.28212361514559969e+00
6.35903808509360324e+00
6.40581664463603850e+00
6.42985174485183641e+00
6.43367296623038687e+00
5.47825607720186891e+00
5.50237621923255649e+00
5.57173154251573255e+00
5.67920320159350478e+00
5.80818287907015840e+00
5.94121116091085888e+00
6.06427950907297841e+00
6.16600005743527646e+00
6.24116537143648564e+00
6.28840263052734194e+00
6.31086535597283049e+00
6.31686122430885622e+00
5.41473360753033006e+00
5.43356999840777366e+00
5.50236727376308643e+00
5.60698912168655283e+00
5.73648620050833191e+00
5.86829876416868146e+00
5.99196930497358071e+00
6.09286073019764274e+00
6.16861217580156662e+00
6.21473126688762711e+00
6.23758831224916932e+00
6.24141427816003347e+00
5.29216433680155873e+00
5.31518343402656956e+00
5.38286313802271721e+00
5.48866672893569341e+00
5.61659556932720161e+00
5.74901214184258524e+00
5.87211223973868357e+00
5.97432053819939668e+00
6.05044740934736769e+00
6.09860788670031884e+00
6.12190401412549257e+00
6.12782568990892962e+00
5.21990082306762826e+00
5.23989966571951360e+00
5.30865338253223662e+00
5.41321242938501612e+00
5.54175870197006049e+00
5.67332667569314530e+00
5.79641389226945947e+00
5.89747305236732444e+00
5.97322885269746973e+00
6.01982493793116902e+00
6.04294110822091479e+00
6.04714687174696675e+00
5.10545625512675905e+00
5.12853220998125536e+00
5.19617992331466905e+00
5.30188696572142160e+00
5.42970794318990624e+00
5.56192058682069579e+00
5.68473353132744830e+00
5.78658942944027377e+00
5.86235448099815137e+00
5.91006795068949753e+00
5.93310525530862787e+00
5.93867403404113858e+00
5.02627993452383759e+00
5.04643112171093566e+00
5.11497150616824570e+00
5.21967143118750165e+00
5.34797108907511909e+00
5.47967742796849766e+00
5.60261775740386003e+00
5.70387644179463571e+00
5.77961415531204725e+00
5.82646678940281859e+00
5.84958929188132082e+00
5.85395118995458219e+00
4.91733268143663871e+00
4.94016689017531530e+00
5.00789839643880885e+00
5.11359251537098380e+00
5.24142984539605461e+00
5.37361037040353651e+00
5.49632096503734502e+00
5.59804752892114177e+00
5.67366610615080447e+00
5.72118236414738934e+00
5.74414874521937246e+00
5.74948662145349054e+00
4.83321678033612301e+00
4.85371435384439920e+00
4.92205746861040705e+00
5.02692231995209671e+00
5.15507441053277571e+00
5.28690583033082806e+00
5.40975126422036379e+00
5.51114854839281687e+00
5.58683547142184000e+00
5.63385922625290281e+00
5.65693182903802860e+00
5.66151133000029994e+00
4.72858196126357644e+00
4.75098828137811235e+00
4.81883702753372134e+00
4.92446089256076380e+00
5.05232439546294287e+00
5.18449405061203183e+00
5.30716076293289163e+00
5.40884331164831966e+00
5.48439708751860611e+00
5.53183338772171052e+00
5.55476688274321795e+00
5.56000484570797227e+00
4.64052578895092172e+00
4.66149667452675143e+00
4.72968377089256631e+00
4.83473838019700608e+00
4.96278851540202126e+00
5.09473487253809321e+00
5.21750844987133622e+00
5.31901082197936415e+00
5.39464315799514083e+00
5.44178978296145033e+00
5.46481184865412306e+00
5.46955532362939145e+00
4.53923783748136689e+00
4.56132328094136419e+00
4.62924543819439105e+00
4.73479929376009689e+00
4.86267737202091510e+00
4.99484760789069426e+00
5.11749173494281884e+00
5.21916810223797878e+00
5.29468934585325712e+00
5.34209147269875384e+00
5.36500860183512529e+00
5.37017671079718184e+00
4.44834754048426273e+00
4.46964871550943155e+00
4.53773147315976910e+00
4.64294725627287086e+00
4.77092273855453008e+00
4.90296911081904874e+00
5.02568367760383516e+00
5.12727054984339237e+00
5.20285245994893319e+00
5.25009111381562654e+00
5.27306942961697445e+00
5.27792941540800342e+00
4.34942977277074139e+00
4.37134157749295404e+00
4.43928482652941092e+00
4.54479841350787073e+00
4.67267175074505303e+00
4.80485570761426573e+00
4.92747950630678844e+00
5.02916935210656391e+00
5.10466779182442387e+00
5.15205911703776831e+00
5.17496408177119172e+00
5.18008540860390188e+00
4.25657531354653074e+00
4.27808014191341002e+00
4.34608640451363826e+00
4.45142629944666268e+00
4.57933818861603914e+00
4.71147081324132966e+00
4.83413057376526378e+00
4.93579059076577131e+00
5.01132492931310214e+00
5.05863829213004568e+00
5.08157811779597157e+00
5.08652549258469833e+00
4.15934055019864601e+00
4.18115063465525783e+00
4.24908561243573324e+00
4.35458630350911768e+00
4.48243609663684328e+00
4.61464690450856008e+00
4.73724290094825040e+00
4.83895931067891638e+00
4.91443337688437598e+00
4.96182848920605934e+00
4.98471979620939631e+00
4.98981033299441634e+00
4.06505006300641103e+00
4.08670410691462394e+00
4.15464078650394519e+00
4.26008305474617899e+00
4.38792824451518193e+00
4.52014061826838720e+00
4.64274077017472475e+00
4.74447106134942054e+00
4.81995548163877707e+00
4.86733675483831707e+00
4.89023915750835414e+00
4.89525759217497303e+00
3.96908566596069701e+00
3.99083863404946859e+00
4.05874317134052731e+00
4.16425625753430495e+00
4.29206208312797699e+00
4.42431521930563587e+00
4.54686893692153671e+00
4.64862479448722787e+00
4.72406561953789694e+00
4.77147668075557618e+00
4.79434885649534692e+00
4.79942060850078533e+00
3.87367020447917376e+00
3.89545290559528601e+00
3.96331139782912167e+00
4.06884825165255215e+00
4.19661078259716724e+00
4.32890480970915981e+00
4.45143101204167113e+00
4.55323696916808185e+00
4.62866223891426642e+00
4.67611409079227247e+00
4.69897493362048557e+00
4.70405927242902866e+00
3.77874085820938932e+00
3.80047465031902743e+00
3.86832426325510248e+00
3.97387971495012593e+00
4.10161551203052266e+00
4.23393316340976167e+00
4.35642267664738814e+00
4.45823500095365244e+00
4.53362713119581784e+00
4.58106747331260067e+00
4.60391124419388653e+00
4.60897444941033374e+00
3.68237134243691999e+00
3.70428104661349389e+00
3.77203781947497729e+00
3.87767072943618851e+00
4.00532066325557867e+00
4.13770599607236811e+00
4.26013289053698951e+00
4.36202861079930670e+00
4.43737728377239904e+00
4.48491197479916970e+00
4.50772118882971462e+00
4.51287669449459194e+00
3.58835579477817124e+00
3.61011300926048762e+00
3.67787372804456547e+00
3.78351463185181203e+00
3.91114479965628137e+00
4.04356099941456382e+00
4.16595493603517220e+00
4.26784818428107826e+00
4.34316867836637410e+00
4.39065503772269405e+00
4.41345701280566072e+00
4.41852148031676162e+00
3.49112304288532993e+00
3.51316506595122746e+00
3.58077876558451225e+00
3.68651252753697234e+00
3.81400181802999816e+00
3.94649482051051637e+00
4.06878321899993622e+00
4.17079316787806675e+00
4.24603793593101386e+00
4.29367864119212506e+00
4.31641911249552734e+00
4.32166145117507483e+00
3.39796737034317164e+00
3.41979677436256679e+00
3.48741696812254309e+00
3.59321177713026696e+00
3.72068832924760962e+00
3.85325508936864258e+00
3.97550969842909874e+00
4.07751781252549339e+00
4.15273398628157242e+00
4.20028754764566070e+00
4.22302974653819074e+00
4.22810536779751889e+00
3.29994622844837115e+00
3.32210539756486778e+00
3.38950868940435157e+00
3.49534435245228270e+00
3.62259821091612499e+00
3.75522052140296791e+00
3.87731291036040826e+00
3.97947648786730035e+00
4.05457858924907821e+00
4.10236250858196794e+00
4.12500783264305859e+00
4.13036067325281486e+00
3.20747080828965014e+00
3.22955597371009695e+00
3.29695160460220604e+00
3.40301990747066174e+00
3.53028398746340244e+00
3.66307873136011608e+00
3.78513365872885421e+00
3.88729883952343824e+00
3.96236299704950223e+00
4.01000890556144896e+00
4.03267072270592308e+00
4.03775982128857258e+00
3.10871183812108498e+00
3.13110041758128155e+00
3.19821760303532621e+00
3.30414427257211596e+00
3.43104280970518705e+00
3.56381575113609150e+00
3.68562897527435274e+00
3.78801295726022280e+00
3.86292392021862607e+00
3.91091250729082374e+00
3.93341921501600789e+00
3.93892009248750252e+00
3.01692557253037430e+00
3.03940889791461544e+00
3.10649474252273494e+00
3.21299312754486177e+00
3.33999350254827965e+00
3.47312398470239803e+00
3.59489419987365055e+00
3.69725400722552644e+00
3.77208330875427622e+00
3.81985698111536642e+00
3.84241491069889474e+00
3.84750725840855701e+00
2.91772459801425832e+00
2.94028999949350256e+00
3.00701754082317363e+00
3.11292765401969218e+00
3.23924503669255071e+00
3.37216059896550258e+00
3.49356869865027786e+00
3.59629993256870195e+00
3.67098419062223424e+00
3.71928146997467213e+00
3.74155418673774376e+00
3.74739158680115825e+00
2.82626241150434510e+00
2.84946560446507435e+00
2.91604244217051933e+00
3.02319423924319253e+00
3.14993116476544444e+00
3.28356917514833135e+00
3.40492570283938800e+00
3.50744907733538680e+00
3.58184240349323924e+00
3.62983059943033082e+00
3.65226722026485939e+00
3.65737883443761502e+00
2.72701365506691973e+00
2.75000977617361242e+00
2.81622752027993029e+00
2.92182748970272099e+00
3.04704418319785653e+00
3.17996387874790631e+00
3.30072896143072869e+00
3.40409331844990870e+00
3.47867345312254184e+00
3.52768055558934801e+00
3.55015039661212084e+00
3.55612202715739523e+00
2.63507476083372572e+00
2.65823922563696602e+00
2.72581330658691412e+00
2.83375378266826683e+00
2.96037602656609256e+00
3.09485910907674455e+00
3.21586178466114259e+00
3.31922290834676437e+00
3.39310402917288512e+00
3.44113919918221134e+00
3.46271141081796152e+00
3.46801746026135183e+00
2.53640271683433927e+00
2.55875409232949202e+00
2.62471449439140425e+00
2.73261435979946432e+00
2.85860485690301536e+00
2.99318716313937250e+00
3.11347691063319765e+00
3.21674637289804188e+00
3.28984022004005583e+00
3.33844693670836179e+00
3.35969321316988268e+00
3.36588617692305592e+00
2.44275868032961396e+00
2.46647160090869377e+00
2.53203721037236784e+00
2.64024213950736941e+00
2.76528469620578754e+00
2.90061517825788329e+00
3.02108150456073421e+00
3.12584054143473367e+00
3.20000245602045652e+00
3.24951505361579152e+00
3.27156468814387624e+00
3.27732559398521950e+00
2.34720578306116412e+00
2.37113115348555592e+00
2.43559014086562531e+00
2.54297905335849350e+00
2.66643571803006108e+00
2.80071589956872069e+00
2.91914942867750060e+00
3.02302394933190488e+00
3.09526457101828267e+00
3.14478152805684807e+00
3.16572163454493483e+00
3.17257439348137593e+00
2.25124734647592417e+00
2.27708399813546558e+00
2.34157312802902640e+00
2.45178179554251230e+00
2.57564159072483134e+00
2.71252167539606992e+00
2.83171998622930587e+00
2.93740225696244339e+00
3.01042657195199537e+00
3.06042628019483098e+00
3.08177425061398269e+00
3.08773576440789954e+00
2.15773355858111415e+00
2.18210144054815247e+00
2.24473956723254586e+00
2.35242074307630311e+00
2.47357397487469433e+00
2.60838750273335096e+00
2.72486991755494623e+00
2.82968228839187574e+00
2.90060415652563641e+00
2.95116057453865777e+00
2.97127450406631910e+00
2.97889710530907204e+00
2.05900632236078129e+00
2.08742150506348123e+00
2.15028212780049088e+00
2.26330752006937441e+00
2.38545936658555346e+00
2.52470733256080493e+00
2.64235850720856646e+00
2.74973112525935282e+00
2.82154487103772356e+00
2.87257519363777725e+00
2.89316868741813948e+00
2.89953509905133133e+00
1.96934071245421993e+00
1.99446740717050508e+00
2.05455743865892027e+00
2.16249474001181552e+00
2.28043508235161774e+00
2.41582846597170509e+00
2.52951051233467039e+00
2.63543776975814348e+00
2.70436503662307048e+00
2.75632191331620957e+00
2.77519536883101470e+00
2.78412951367995243e+00
1.86497480828599582e+00
1.89764500708933781e+00
1.95805412359655429e+00
2.07519252581303304e+00
2.19488082302310028e+00
2.33754966375398521e+00
2.45315222185267912e+00
2.56305709412105198e+00
2.63337447636730015e+00
2.68599895594885174e+00
2.70562803202349311e+00
2.71265137819859925e+00
1.78362868384065121e+00
1.80945640910559913e+00
1.86589786021676263e+00
1.97374408941183610e+00
2.08703079884318310e+00
2.22280960011976170e+00
2.33244024761441571e+00
2.43964214538963819e+00
2.50569301799671962e+00
2.55952526780829048e+00
2.57662814026510611e+00
2.58746016382789801e+00
1.66816058830052438e+00
1.70752859665149548e+00
1.76440343191017868e+00
1.88756139302737380e+00
2.00382336372370151e+00
2.15135065434303963e+00
2.26425281554122781e+00
2.37774697000415758e+00
2.44617538976452309e+00
2.50106538848474358e+00
2.51946442862068842e+00
2.52739933256061367e+00
1.60230242472225703e+00
1.62882071378636151e+00
1.67993777381169096e+00
1.78694403488408415e+00
1.89344632699722548e+00
2.02904113551566612e+00
2.13282767941171647e+00
2.24135015030925544e+00
2.30330882065454068e+00
2.35962314957769292e+00
2.37422646879785137e+00
2.38779174508604530e+00
1.46712630068401872e+00
1.51669347321080306e+00
1.56863490515799842e+00
1.70047391728072994e+00
1.81211505988404631e+00
1.96640543173769911e+00
2.07584064007804958e+00
2.19428362349762507e+00
2.26038419832891257e+00
2.31841244035629623e+00
2.33526771997264548e+00
2.34448603645532616e+00
1.42801742864528869e+00
1.45521695032812293e+00
1.49855819384454403e+00
1.60328436053403922e+00
1.69991940878140024e+00
1.83406977469041843e+00
1.92946229274536085e+00
2.03906588187819837e+00
2.09523021006058041e+00
2.15479223985484891e+00
2.16586823155861996e+00
2.18343333098947223e+00
1.25964137012610244e+00
1.32452922357277525e+00
1.36976795677642604e+00
1.51391886528471042e+00
1.61953173074854817e+00
1.78302017076387265e+00
1.88818853230432993e+00
2.01330502222578600e+00
2.07668307399307839e+00
2.13899104630544556e+00
2.15398895565121506e+00
2.16501089580096062e+00
1.26504937608089429e+00
1.29273939001344562e+00
1.32481550953461991e+00
1.42460781046249663e+00
1.50697659808983686e+00
1.63715526352081042e+00
1.72054238889393485e+00
1.83037508973810170e+00
1.87833618279787640e+00
1.94207606237072739e+00
1.94813267506595711e+00
1.97162529599653547e+00
1.04244854405088327e+00
1.13000077535122001e+00
1.16647440944617808e+00
1.32775370450932040e+00
1.42583753267230140e+00
1.60148148065369322e+00
1.70171674105234016e+00
1.83564429852492927e+00
1.89609967144136027e+00
1.96418811512375058e+00
1.97713160913922592e+00
1.99061077272832398e+00
1.11966280546187225e+00
1.14778088842992965e+00
1.16354089604970823e+00
1.25377920366326978e+00
1.31567514790627560e+00
1.43711210012001689e+00
1.50338831622960090e+00
1.61138104635028356e+00
1.64768146954822448e+00
1.71666971723467499e+00
1.71539380851098255e+00
1.74807010705888621e+00
8.11353656612753271e-01
9.31469524105855928e-01
9.57078224132530075e-01
1.14161190421746461e+00
1.23084407028736376e+00
1.42195946303120824e+00
1.51699783758187823e+00
1.66236012822749135e+00
1.72006255556643817e+00
1.79607011757900281e+00
1.80682840471007999e+00
1.82368633256968615e+00
1.00131564852750210e+00
1.02992081865151941e+00
1.02263978711477699e+00
1.09519305962829061e+00
1.12806227034342710e+00
1.23214208653163038e+00
1.27405791421496928e+00
1.37580448120755228e+00
1.39548534223642084e+00
1.47047182487414108e+00
1.45824113364426866e+00
1.50554423952033978e+00
5.60758091936920389e-01
7.26458357146123057e-01
7.39247181532870612e-01
9.54741955827424604e-01
1.03444077945516266e+00
1.24427694403956601e+00
1.33456238651519765e+00
1.49463334580464169e+00
1.55040911374843882e+00
1.63801311230503499e+00
1.64639320584104576e+00
1.66713621740997353e+00
9.23536730459726951e-01
9.53242308223323898e-01
9.14909049295667187e-01
9.55608004906509323e-01
9.47739027402979439e-01
1.01988699775431946e+00
1.02671144508874712e+00
1.11370800503430645e+00
1.10984701882715564e+00
1.18899954181731471e+00
1.16436592617192858e+00
1.23293476634242616e+00
2.83729526588943570e-01
5.12183189588130028e-01
5.17569364847801250e-01
7.65888762909154308e-01
8.36693617510441134e-01
1.06747672965077078e+00
1.15386146424195601e+00
1.33258322380563499e+00
1.38852626435432813e+00
1.49372087905614981e+00
1.49706850451137985e+00
1.52653179788581950e+00
9.05397089709937042e-01
9.29415038258812887e-01
8.51102638275757606e-01
8.52639726176308566e-01
7.82088101491561938e-01
7.98310888683394282e-01
7.51886171513914014e-01
8.10399099518158250e-01
7.69482283247384324e-01
8.53745818720123784e-01
8.09922788394000004e-01
9.10672607743725715e-01
-3.01121396045110866e-02
2.83381392856245862e-01
2.74434607047869206e-01
5.64594409230558925e-01
6.33077892799010278e-01
8.90393929094960401e-01
9.69332529778684449e-01
1.17111417683738983e+00
1.23189719787797336e+00
1.36197493267206138e+00
1.36561171433695216e+00
1.40969578602651824e+00
9.81409265359300398e-01
9.94359101645415966e-01
8.72638765452531939e-01
7.81538740734835535e-01
6.35789405727361201e-01
5.66852708536928818e-01
4.39185673687544909e-01
4.41389619075159778e-01
3.52931024709828289e-01
4.28810976449044812e-01
3.52570160888574347e-01
5.03089723963451974e-01
-4.03576013476474482e-01
6.21527697195957320e-03
-8.84911022961243181e-03
3.29047961562904556e-01
4.01510643057545802e-01
7.02379121772872650e-01
8.03784718452984603e-01
1.03621389265635955e+00
1.11292187310554436e+00
1.25945365321199043e+00
1.26662492894526779e+00
1.34083511200893701e+00
1.22011233751583958e+00
1.19578883860733054e+00
1.04265747911097506e+00
8.09246552184199275e-01
5.49053869712408549e-01
3.16434481254562416e-01
6.74687994320035400e-02
-6.66532764289196750e-02
-2.26328769652602318e-01
-1.81908131736944867e-01
-2.93669916197899117e-01
-7.24007677194270782e-02
-8.07994964091527046e-01
-3.50412090916158159e-01
-3.55322441417835144e-01
3.22035797881919158e-03
1.27097137837789226e-01
4.54959098966378261e-01
6.34133897486600651e-01
8.95158376151568902e-01
1.03483753733616601e+00
1.21151273441827545e+00
1.22527835907322524e+00
1.34299480647481584e+00
1.74009230350382937e+00
1.57414779587280118e+00
1.41729248049743695e+00
9.70568284650909607e-01
5.75023827238717700e-01
4.88434907742912039e-02
-3.85483090246870941e-01
-8.03979823157664586e-01
-1.08459885671330492e+00
-1.17355660493380509e+00
-1.30300323184697042e+00
-1.02327485908718674e+00
-1.08035571107412798e+00
-8.17192780328477308e-01
-8.00746514898451167e-01
-5.11867002975361918e-01
-2.98206882810076235e-01
8.49995504201740970e-02
4.08286287362893408e-01
7.53262589367005075e-01
1.01217347933942237e+00
1.21439231836560246e+00
1.24306880703961564e+00
1.34920769522708350e+00
VECTORS velocity double
1.16717423517329680e-01 9.22330186501125415e-01 0
1.98105143229041242e-01 1.01926685641897752e+00 0
6.04499762024705359e-02 1.04077674633463624e+00 0
3.07077430946790381e-02 1.01795932026665681e+00 0
-2.37985713340372051e-02 1.01765420123642958e+00 0
-4.12469853027310068e-02 1.01617092391364738e+00 0
-8.58929465953756632e-02 1.02141448205976282e+00 0
-1.13569429584688131e-01 1.03787784714979359e+00 0
-1.94880245617182257e-01 1.05061259776351168e+00 0
-2.47348853000755819e-01 1.07697122268624845e+00 0
-3.73672783653253682e-01 9.97467896279768285e-01 0
-2.05577675587723968e-01 7.21120938217702845e-01 0
9.26046430101811480e-02 8.42970476802981206e-01 0
1.69374562528475270e-01 1.02063132381694022e+00 0
8.05171316787234997e-02 1.08551040335963300e+00 0
2.24037038313540660e-02 1.05089431857093207e+00 0
-5.53242091252341903e-02 1.04224111618278759e+00 0
-1.00587075390173336e-01 1.03799517930871432e+00 0
-1.66981772398090866e-01 1.04352735283785392e+00 0
-2.13035831346633925e-01 1.06833343726605090e+00 0
-2.79804510278804541e-01 1.08690007769237784e+00 0
-3.05832845375682061e-01 1.12410901581267342e+00 0
-2.83229686621145782e-01 9.63947202745218723e-01 0
-1.25166917649740667e-01 6.18907222389387002e-01 0
7.25939235956402640e-02 6.58028380633039478e-01 0
1.39440032213428072e-01 1.01273705609541254e+00 0
5.80863825209188556e-02 1.14898236895353145e+00 0
-7.83529751235160707e-03 1.12781994183782408e+00 0
-1.13295184578739119e-01 1.11666224417913051e+00 0
-1.81253072776368179e-01 1.10731828340736693e+00 0
-2.74283324024608810e-01 1.11230106942495777e+00 0
-3.35101383322435165e-01 1.13204717045371672e+00 0
-4.00014944167158604e-01 1.12777944110576001e+00 0
-3.88342657341653297e-01 1.07924825131458202e+00 0
-2.89293293147433850e-01 8.33271620481169317e-01 0
-1.16488905543042448e-01 3.74946071376839218e-01 0
5.26460686861532096e-03 5.53972545177372266e-01 0
2.13586633194389613e-02 9.66280060444778099e-01 0
-2.08842642812912399e-02 1.17086497042630078e+00 0
-8.45565786022727667e-02 1.17869043929815764e+00 0
-1.78667922290732889e-01 1.17720519944470192e+00 0
-2.54814795111896530e-01 1.16627202919073425e+00 0
-3.37614090512750986e-01 1.16740231265718997e+00 0
-3.88703758200961647e-01 1.17333230578347281e+00 0
-4.08866624458873784e-01 1.13603276862283686e+00 0
-3.60875261277337545e-01 1.03763818917842987e+00 0
-2.32194447009224980e-01 7.60578388931030136e-01 0
-7.94978300554012862e-02 3.21093618927456026e-01 0
-2.81572551851926589e-02 4.42486185378011598e-01 0
-6.70369043134993320e-02 9.14655996617524170e-01 0
-1.12963600612595721e-01 1.16848537897633831e+00 0
-1.72843908306641952e-01 1.22468307081831007e+00 0
-2.63875482952493856e-01 1.23717548114762965e+00 0
-3.35997804854611171e-01 1.22592446879065431e+00 0
-4.11214894163392353e-01 1.21459849737527259e+00 0
-4.43486260530658927e-01 1.19017042181365928e+00 0
-4.37573146021727366e-01 1.11637794397369650e+00 0
-3.62806083595955842e-01 9.61686373894606206e-01 0
-2.22247369145420121e-01 6.69484298591921267e-01 0
-7.26689804093961084e-02 2.45527022163803677e-01 0
-7.01152202730259688e-02 3.87666623357700468e-01 0
-1.59109337196567807e-01 8.60485063582436926e-01 0
-2.13694031471473783e-01 1.14899346035274563e+00 0
-2.74574665390618922e-01 1.24228406279899617e+00 0
-3.48250294662565241e-01 1.27674623227609541e+00 0
-4.12027022650161223e-01 1.26853630188870681e+00 0
-4.64058195744705859e-01 1.24915098047471074e+00 0
-4.77559848272798015e-01 1.20299080312045015e+00 0
-4.44522961105305925e-01 1.09936342897024097e+00 0
-3.55354538872696857e-01 9.17122924736628820e-01 0
-2.17536491407083366e-01 6.25262993308118187e-01 0
-7.11122745948475771e-02 2.30818518757726798e-01 0
-8.94717562818434509e-02 3.34585887364109269e-01 0
-2.23800324243601551e-01 8.11544769327430249e-01 0
-3.02906985112019855e-01 1.11551077699222190e+00 0
-3.70399308100135216e-01 1.24535456420187884e+00 0
-4.38947667076152126e-01 1.29727597262040573e+00 0
-4.90259558798199713e-01 1.29361352284230779e+00 0
-5.26007193488265523e-01 1.26210725253699407e+00 0
-5.18599841844545328e-01 1.19248404744563574e+00 0
-4.66879369897527430e-01 1.06643425409789550e+00 0
-3.65654373029680624e-01 8.62639742228727968e-01 0
-2.25495231530236345e-01 5.73243683986488284e-01 0
-7.38868892863382282e-02 2.02216499892504342e-01 0
-1.14374503865500174e-01 3.12226690113311334e-01 0
-2.83755045780283155e-01 7.71876351333226851e-01 0
-3.86203189554768400e-01 1.08340526038867235e+00 0
-4.63261266553370521e-01 1.23397051792778223e+00 0
-5.24553966125279603e-01 1.30297046481499756e+00 0
-5.64917951457266754e-01 1.30536129525126210e+00 0
-5.81412069155992195e-01 1.26918455092566940e+00 0
-5.58069393459337482e-01 1.18440376402605474e+00 0
-4.91558350600700023e-01 1.04340455656770237e+00 0
-3.81980229882463052e-01 8.32373077199117795e-01 0
-2.40428713173078457e-01 5.49169682896813560e-01 0
-8.13615189422124824e-02 1.96956141523777051e-01 0
-1.27506044043389749e-01 2.86416174519380340e-01 0
-3.28844448949867862e-01 7.34889267217017084e-01 0
-4.57029133393546727e-01 1.04383747559378826e+00 0
-5.45961096845069882e-01 1.21171585537383097e+00 0
-6.07741152745176483e-01 1.28983475131502612e+00 0
-6.39020525132594330e-01 1.29670743401489785e+00 0
-6.41931674274562214e-01 1.25547905683562577e+00 0
-6.02924637866115165e-01 1.16075209906140908e+00 0
-5.24288738015730504e-01 1.00974969147832350e+00 0
-4.04747207214160520e-01 7.94003282525807763e-01 0
-2.56006034010666073e-01 5.16755032618530064e-01 0
-8.66087016667947823e-02 1.81538777527006923e-01 0
-1.46148017603982439e-01 2.76977696220309766e-01 0
-3.72985224158748740e-01 7.06674485662701968e-01 0
-5.22983611055310105e-01 1.01076359055445453e+00 0
-6.23483454374029522e-01 1.18483650472161006e+00 0
-6.84947586479001669e-01 1.27178052243038953e+00 0
-7.10737896297268246e-01 1.28192156263497492e+00 0
-7.01712860960601592e-01 1.23915747968779932e+00 0
-6.51179993777406541e-01 1.13913746125593862e+00 0
-5.61650709533520476e-01 9.84637470460786868e-01 0
-4.33811707777897959e-01 7.70236612526313036e-01 0
-2.77479041016139572e-01 5.00848814392329755e-01 0
-9.61635072292473941e-02 1.78267274414896870e-01 0
-1.57429492420551709e-01 2.60872057693787129e-01 0
-4.08907052664004456e-01 6.76434279612053380e-01 0
-5.79803358048881723e-01 9.71049546933142493e-01 0
-6.92347566086906507e-01 1.14908943081595516e+00 0
-7.57198554929031209e-01 1.23880460126771674e+00 0
-7.78724477636160706e-01 1.25238422653745185e+00 0
-7.61314131787033999e-01 1.20790055528477369e+00 0
-7.00342136052304221e-01 1.10573120810813474e+00 0
-6.00902166698096263e-01 9.49738904860581767e-01 0
-4.63033343702894673e-01 7.38190137123319712e-01 0
-2.95969254578393293e-01 4.76140919254686823e-01 0
-1.02094993826373284e-01 1.67302851205678893e-01 0
-1.73870101635636737e-01 2.54513164867161745e-01 0
-4.46441245085468619e-01 6.52280663241780689e-01 0
-6.35105947228599255e-01 9.37398547334619581e-01 0
-7.58339948625468829e-01 1.11299073329434628e+00 0
-8.26364298683159970e-01 1.20491932236934773e+00 0
-8.45782453076309615e-01 1.22005119995841005e+00 0
-8.21401456366374516e-01 1.17654407957924234e+00 0
-7.52423015551509478e-01 1.07455070090756100e+00 0
-6.43994462581868210e-01 9.20907376408361178e-01 0
-4.97093403165755621e-01 7.14784989604942522e-01 0
-3.19627852148041292e-01 4.61795270110454237e-01 0
-1.12060837685324877e-01 1.63914036779789496e-01 0
-1.84289779655721325e-01 2.40897530070826704e-01 0
-4.77907575015880159e-01 6.23524513462699659e-01 0
-6.83401858380631055e-01 8.96812748707122576e-01 0
-8.17277034825115489e-01 1.06953757023533180e+00 0
-8.89852129652644708e-01 1.15992040090104065e+00 0
-9.08122489523352283e-01 1.17682338365450412e+00 0
-8.78729673481731921e-01 1.13368121528328114e+00 0
-8.02351782697271032e-01 1.03385406923347789e+00 0
-6.85179380009769634e-01 8.83239213288414593e-01 0
-5.28255823881941033e-01 6.83550516583940948e-01 0
-3.38835785269259171e-01 4.39312722308914605e-01 0
-1.18077188219917029e-01 1.54471150415469410e-01 0
-1.99417932896611999e-01 2.33887524167135818e-01 0
-5.11878402579047265e-01 5.98754065814600889e-01 0
-7.32105355444154782e-01 8.60611998862805594e-01 0
-8.75219364216169637e-01 1.02685305002619498e+00 0
-9.51989098853664784e-01 1.11567216821336745e+00 0
-9.70033598506914063e-01 1.13274029281970567e+00 0
-9.36616041825681700e-01 1.09161727381017193e+00 0
-8.54214741573568359e-01 9.94806528733553463e-01 0
-7.29168007850673261e-01 8.49581952106962635e-01 0
-5.63092060549410189e-01 6.57580297066164832e-01 0
-3.62574475326213064e-01 4.23664880175520786e-01 0
-1.27796884335138000e-01 1.50208423593599621e-01 0
-2.08918738716043051e-01 2.20357421431489481e-01 0
-5.40224493463662747e-01 5.68739154510168543e-01 0
-7.74596269936134729e-01 8.17647051420553383e-01 0
-9.26972121446331343e-01 9.77766480704135410e-01 0
-1.00829964666006755e+00 1.06286344375884156e+00 0
-1.02668412716010038e+00 1.08043455260098642e+00 0
-9.90110973875146239e-01 1.04065430851478125e+00 0
-9.02096245312520084e-01 9.48018535548235786e-01 0
-7.69212003626021157e-01 8.08314492733720691e-01 0
-5.93587533816692936e-01 6.24741115047132811e-01 0
-3.81196401670723495e-01 4.01048852948013346e-01 0
-1.33553734447242667e-01 1.41128060769793007e-01 0
-2.22726042198825497e-01 2.11629091316059947e-01 0
-5.71130306446298697e-01 5.41355252667209186e-01 0
-8.18176525948793421e-01 7.77562904786501807e-01 0
-9.78567601616361582e-01 9.29356690607810010e-01 0
-1.06408992409626268e+00 1.01099094322055372e+00 0
-1.08302764067682289e+00 1.02793012380442450e+00 0
-1.04391674031983239e+00 9.90522656697676251e-01 0
-9.51044879248150066e-01 9.02283207101818974e-01 0
-8.11196791791742200e-01 7.69599055412545807e-01 0
-6.26834698512754196e-01 5.95195817969533358e-01 0
-4.03720338305644133e-01 3.83051271184753461e-01 0
-1.42641868107834385e-01 1.35731458788597464e-01 0
-2.31159265068952319e-01 1.97585218232191800e-01 0
-5.96466139438123100e-01 5.09127700938799332e-01 0
-8.55761950153907547e-01 7.31461745422978260e-01 0
-1.02428124454516833e+00 8.75426758572473318e-01 0
-1.11398549003870562e+00 9.52338500089961126e-01 0
-1.13381423734211406e+00 9.69012729408857409e-01 0
-1.09247732804279107e+00 9.33441430573074160e-01 0
-9.95073747104833872e-01 8.50297491878584721e-01 0
-8.48251219103817622e-01 7.24605848469108693e-01 0
-6.55124219411996278e-01 5.59937843915793598e-01 0
-4.20930891519136596e-01 3.59400929009088044e-01 0
-1.47906406205756347e-01 1.26560365251929513e-01 0
-2.43470031327510772e-01 1.87071870680393659e-01 0
-6.24071559581697244e-01 4.78635591771907731e-01 0
-8.94409508464185765e-01 6.87124751278981982e-01 0
-1.06993477200595954e+00 8.21782011355477460e-01 0
-1.16348797268261461e+00 8.94258361820069014e-01 0
-1.18409852327553899e+00 9.09917286257753588e-01 0
-1.14094917034921361e+00 8.76853963103074729e-01 0
-1.03945845709817664e+00 7.98845489304441436e-01 0
-8.86517089880501485e-01 6.81135231039911915e-01 0
-6.85407987845955247e-01 5.26735662145558003e-01 0
-4.41414832935034973e-01 3.38858101185409211e-01 0
-1.56113618062423076e-01 1.20023932003294281e-01 0
-2.50756582727252653e-01 1.72469048940655179e-01 0
-6.46202310682034708e-01 4.44127056335307580e-01 0
-9.27175125105934694e-01 6.37817765739557840e-01 0
-1.10980224453676390e+00 7.63550206464941761e-01 0
-1.20705570053221112e+00 8.30802342533420335e-01 0
-1.22867117086447308e+00 8.45755859418424016e-01 0
-1.18379595409333604e+00 8.14834912605535533e-01 0
-1.07851733785211090e+00 7.42412594871022402e-01 0
-9.19476407589215894e-01 6.32664697474655480e-01 0
-7.10580380691457791e-01 4.88973015688685897e-01 0
-4.56700479877315324e-01 3.13928767046303958e-01 0
-1.60742381087134983e-01 1.10609639258650264e-01 0
-2.61417920711348561e-01 1.60419208006729097e-01 0
-6.70158041647021308e-01 4.10698494228959821e-01 0
-9.60627414445897831e-01 5.89481693395889184e-01 0
-1.14931488982660146e+00 7.05231038458067783e-01 0
-1.24994595063546976e+00 7.67475187267833037e-01 0
-1.27234372891614789e+00 7.81237447726649270e-01 0
-1.22605465371513156e+00 7.52910656830903746e-01 0
-1.11730778256992735e+00 6.86099743911645743e-01 0
-9.52990232557218153e-01 5.84987239262945602e-01 0
-7.37085209672619368e-01 4.52436319706410350e-01 0
-4.74626820839770758e-01 2.91022750051574797e-01 0
-1.67910407301948200e-01 1.03043957105499628e-01 0
-2.67497946460734548e-01 1.45347806930982260e-01 0
-6.88873168233209432e-01 3.74194263053900411e-01 0
-9.88378406798381182e-01 5.37277649497708287e-01 0
-1.18312748418132174e+00 6.43274003649673798e-01 0
-1.28693060104466284e+00 6.99970662815350475e-01 0
-1.31026343271197798e+00 7.12761622704684128e-01 0
-1.26258357187728798e+00 6.86797650781758917e-01 0
-1.15066725336246400e+00 6.25902987522347853e-01 0
-9.81164507137668340e-01 5.33456740468516877e-01 0
-7.58585782834447997e-01 4.12393370049006669e-01 0
-4.87662731070420075e-01 2.64852448861646494e-01 0
-1.71811319132596757e-01 9.33593107778572656e-02 0
-2.76416168513214322e-01 1.32020819329031092e-01 0
-7.08886545080729902e-01 3.38253745310100606e-01 0
-1.01629837884006258e+00 4.85494617684279484e-01 0
-1.21612244600976172e+00 5.80964172190281292e-01 0
-1.32276680509927380e+00 6.32254227306231487e-01 0
-1.34679246757078719e+00 6.43761251971837756e-01 0
-1.29798061337316550e+00 6.20468056243224320e-01 0
-1.18318499525905074e+00 5.65537327379402543e-01 0
-1.00928154630914224e+00 4.82222958700915361e-01 0
-7.80814182352628450e-01 3.73007990670754519e-01 0
-5.02709240803914548e-01 2.39921007885964849e-01 0
-1.77843265177964754e-01 8.49222923583721478e-02 0
-2.81247267780386501e-01 1.16589605634155685e-01 0
-7.24005136377683156e-01 3.00111624347878136e-01 0
-1.03878141907796562e+00 4.30864364123516641e-01 0
-1.24356271189569090e+00 5.15919537023529329e-01 0
-1.35280812570186404e+00 5.61409130577831039e-01 0
-1.37762374388886832e+00 5.71768293379747883e-01 0
-1.32770467031618788e+00 5.51001622615736930e-01 0
-1.21033571109925187e+00 5.02244409061889163e-01 0
-1.03221013638261416e+00 4.28130501080185577e-01 0
-7.98284439669854184e-01 3.31038100005151603e-01 0
-5.13275486134461834e-01 2.12668414428343139e-01 0
-1.80950979889154373e-01 7.49904190771233103e-02 0
-2.88345280947775062e-01 1.02241671687220245e-01 0
-7.39867695412014137e-01 2.62143216194575868e-01 0
-1.06087409027136892e+00 3.76293389299203251e-01 0
-1.26967711558258634e+00 4.50378158282110586e-01 0
-1.38118054818429203e+00 4.90160561027844610e-01 0
-1.40656176193429183e+00 4.99173672176593530e-01 0
-1.35576237132056643e+00 4.81145547550621666e-01 0
-1.23612004558681376e+00 4.38623532749669420e-01 0
-1.05451718584840393e+00 3.74031402016696934e-01 0
-8.15927621092649713e-01 2.89350078187602999e-01 0
-5.25249082790536614e-01 1.86105943409997893e-01 0
-1.85790348559736446e-01 6.58553022867503779e-02 0
-2.91903597074372967e-01 8.65307130766435201e-02 0
-7.51232102891245979e-01 2.22726966091477963e-01 0
-1.07784524006816107e+00 3.19762171483849222e-01 0
-1.29043914300338169e+00 3.82924714188498161e-01 0
-1.40393260433231637e+00 4.16702701138527531e-01 0
-1.42992935440396240e+00 4.24442859588647137e-01 0
-1.37829637930002957e+00 4.09057086976776674e-01 0
-1.25669410665236625e+00 3.72911151878722980e-01 0
-1.07187634247033170e+00 3.17918827491863953e-01 0
-8.29120925428342925e-01 2.45860982521747012e-01 0
-5.33183353959476136e-01 1.57977032753304214e-01 0
-1.88055498769477442e-01 5.57175550961910848e-02 0
-2.97134875048681912e-01 7.14172501060984233e-02 0
-7.62780482850718200e-01 1.83234248236466696e-01 0
-1.09387884919669642e+00 2.63091236963788166e-01 0
-1.30938371457170422e+00 3.14943978387376089e-01 0
-1.42452379730212653e+00 3.42791507304698095e-01 0
-1.45094314048695328e+00 3.49139061825973651e-01 0
-1.39868255200249703e+00 3.36543385654650307e-01 0
-1.27544037178818925e+00 3.06829479651971659e-01 0
-1.08811402541603774e+00 2.61648686178773515e-01 0
-8.42002644040389936e-01 2.02413051606937122e-01 0
-5.41989240077974999e-01 1.30179309112307323e-01 0
-1.91657286247563674e-01 4.60615235617717195e-02 0
-2.99380786485054062e-01 5.55180173776645552e-02 0
-7.70253222264820958e-01 1.42914924801859716e-01 0
-1.10513453464646871e+00 2.05217158962590240e-01 0
-1.32321860948332337e+00 2.45791008892558727e-01 0
-1.43970598927715354e+00 2.67482535802031740e-01 0
-1.46655894032765444e+00 2.72463700862094760e-01 0
-1.41374466145257571e+00 2.62579542427265389e-01 0
-1.28918570040505154e+00 2.39380916775086688e-01 0
-1.09969334632595817e+00 2.04077554240123415e-01 0
-8.50753763304947896e-01 1.57794133829290334e-01 0
-5.47129017610258561e-01 1.01378989958490928e-01 0
-1.93035958213979314e-01 3.57694250454539744e-02 0
-3.02720342015890043e-01 3.98815132320251980e-02 0
-7.77378035356051433e-01 1.02384466960893733e-01 0
-1.11494316440287156e+00 1.47118420429624697e-01 0
-1.33479357261741205e+00 1.76153939089846057e-01 0
-1.45231091218867481e+00 1.91768582208265675e-01 0
-1.47944335658184278e+00 1.95332078484244664e-01 0
-1.42626615808422086e+00 1.88268808652142183e-01 0
-1.30071966283230256e+00 1.71619618682381625e-01 0
-1.10974871562477806e+00 1.46309010212104046e-01 0
-8.58784541383070366e-01 1.13186917176131108e-01 0
-5.52673179406906634e-01 7.27962444887988447e-02 0
-1.95330649200466722e-01 2.57531508597733279e-02 0
-3.03623963002250474e-01 2.38817487490515963e-02 0
-7.80866150821110883e-01 6.15109149908756939e-02 0
-1.12034244417705287e+00 8.84346674046187220e-02 0
-1.34152773569123696e+00 1.06003737109221161e-01 0
-1.45972010281547715e+00 1.15377084924020309e-01 0
-1.48710895172267832e+00 1.17505366624551522e-01 0
-1.43368157272639252e+00 1.13173439090565459e-01 0
-1.30750137066200778e+00 1.03073230723024239e-01 0
-1.11535437161292639e+00 8.77668693019467983e-02 0
-8.62859822027889911e-01 6.78350426302845033e-02 0
-5.54922910799068636e-01 4.35951265627310541e-02 0
-1.95854573030639051e-01 1.53965887996803177e-02 0
-3.05092331648722903e-01 8.00689550728640211e-03 0
-7.83525172742345677e-01 2.04161559010748311e-02 0
-1.12381491201873507e+00 2.94087867961777029e-02 0
-1.34559613759730912e+00 3.53354788243365678e-02 0
-1.46423510098590204e+00 3.85713499951467892e-02 0
-1.49178556778660654e+00 3.93432307479319454e-02 0
-1.43830497366408205e+00 3.79432381565122934e-02 0
-1.31180174591146881e+00 3.46080694769255737e-02 0
-1.11913318586268606e+00 2.95073415021603024e-02 0
-8.65909506133255458e-01 2.28564827656948556e-02 0
-5.57106998565020439e-01 1.46677257743114096e-02 0
-1.96790889023164467e-01 5.18849228473593650e-03 0
-3.04611794117987611e-01 -7.99732354675824174e-03 0
-7.83135776659399929e-01 -2.05985492520323575e-02 0
-1.12338031963879059e+00 -2.96154812123914542e-02 0
-1.34510619517809427e+00 -3.54211521446439748e-02 0
-1.46367383207798452e+00 -3.84591255605305007e-02 0
-1.49122765272774616e+00 -3.90834235122118415e-02 0
-1.43772141654944896e+00 -3.76050360619874999e-02 0
-1.31123305162127579e+00 -3.42062204375010726e-02 0
-1.11856302882523440e+00 -2.91202486153648403e-02 0
-8.65419763391231944e-01 -2.24729373638928934e-02 0
-5.56686132812335477e-01 -1.44552728484743428e-02 0
-1.96572000299017002e-01 -5.11270477823873391e-03 0
-3.04246047551267607e-01 -2.39156590643752436e-02 0
-7.81424660060953458e-01 -6.15381858895917497e-02 0
-1.12073313064792579e+00 -8.82990982205431874e-02 0
-1.34178730647185418e+00 -1.05748163272198339e-01 0
-1.46000824111654959e+00 -1.15020860405792374e-01 0
-1.48747506787925055e+00 -1.17139569139509361e-01 0
-1.43413408870936210e+00 -1.12894403818980901e-01 0
-1.30801507538469175e+00 -1.02918285396407558e-01 0
-1.11592845949278607e+00 -8.77944289724008481e-02 0
-8.63526485939878907e-01 -6.79237056843093046e-02 0
-5.55687244422673365e-01 -4.37396636535587260e-02 0
-1.96406757225274675e-01 -1.54463281499792708e-02 0
-3.02190154035087089e-01 -3.98075143504416501e-02 0
-7.76858085961747769e-01 -1.02340971908459130e-01 0
-1.11430718426713882e+00 -1.46849552618296963e-01 0
-1.33412753842795451e+00 -1.75832693506956295e-01 0
-1.45164143647149690e+00 -1.91309197756731941e-01 0
-1.47893757324800323e+00 -1.94867386320757341e-01 0
-1.42586187202972559e+00 -1.87842243480615539e-01 0
-1.30043996286064933e+00 -1.71280793356566513e-01 0
-1.10940378835527254e+00 -1.46107625186886192e-01 0
-8.58388224468074279e-01 -1.13044219151641520e-01 0
-5.52192616047630147e-01 -7.27306909279724356e-02 0
-1.94992921863067381e-01 -2.56812913182930605e-02 0
-3.00068768519467122e-01 -5.56067481807359307e-02 0
-7.70743013751388428e-01 -1.42902892649787921e-01 0
-1.10541022024582802e+00 -2.04942322377386799e-01 0
-1.32339298000456496e+00 -2.45393038447235423e-01 0
-1.43992221479377203e+00 -2.66994523807197459e-01 0
-1.46697547933887873e+00 -2.72003744159170613e-01 0
-1.41434000758311296e+00 -2.62231422479644594e-01 0
-1.28996254887597761e+00 -2.39153226462481910e-01 0
-1.10053210045665151e+00 -2.04035667198144061e-01 0
-8.51618617554108615e-01 -1.57877396565034689e-01 0
-5.47986628427533873e-01 -1.01599420726146805e-01 0
-1.93634357083060177e-01 -3.58874131816441302e-02 0
-2.96460888680191048e-01 -7.11873489713210211e-02 0
-7.62014858651750449e-01 -1.82982270520709867e-01 0
-1.09297504402686085e+00 -2.62493519090554794e-01 0
-1.30855331389369001e+00 -3.14280244491188188e-01 0
-1.42376421637188066e+00 -3.41964527562349963e-01 0
-1.45050544012135485e+00 -3.48381029748814908e-01 0
-1.39842877942143029e+00 -3.35870568018342308e-01 0
-1.27541755309878013e+00 -3.06314655094735488e-01 0
-1.08806080914167103e+00 -2.61314649196052573e-01 0
-8.41876722807880506e-01 -2.02181928963013208e-01 0
-5.41568803659854048e-01 -1.30052829253297392e-01 0
-1.91224816762508770e-01 -4.59159165915136863e-02 0
-2.92598325363809031e-01 -8.66641671240416522e-02 0
-7.51604862558853171e-01 -2.22672471278887368e-01 0
-1.07796229221730511e+00 -3.19346813245338756e-01 0
-1.29052157001592849e+00 -3.82344725528290630e-01 0
-1.40412544644422588e+00 -4.16007031216373502e-01 0
-1.43048204251246447e+00 -4.23822090492799786e-01 0
-1.37912984350145229e+00 -4.08607557498660567e-01 0
-1.25783219919370559e+00 -3.72661509260777568e-01 0
-1.07309812869754673e+00 -3.17927567876081840e-01 0
-8.30360707427431843e-01 -2.45995417748444745e-01 0
-5.34270432905865067e-01 -1.58274443432065037e-01 0
-1.88756721045668679e-01 -5.59054363573326940e-02 0
-2.87457953514153042e-01 -1.01791685247729552e-01 0
-7.38789989988320572e-01 -2.61628118759263284e-01 0
-1.05963420416789234e+00 -3.75284969987922878e-01 0
-1.26862384583869758e+00 -4.49313436634302732e-01 0
-1.38029564171220653e+00 -4.88884075006558338e-01 0
-1.40620152339165938e+00 -4.98063676636526897e-01 0
-1.35569607269392312e+00 -4.80181026607728711e-01 0
-1.23643058273028505e+00 -4.37932689756842075e-01 0
-1.05478928308929887e+00 -3.73593519347058534e-01 0
-8.16124460120898676e-01 -2.89051126220598475e-01 0
-5.25006165445044748e-01 -1.85935462104279886e-01 0
-1.85387062586364171e-01 -6.56514935257097587e-02 0
-2.81907484085268611e-01 -1.16763910522999448e-01 0
-7.24226850192924987e-01 -2.99995196719246349e-01 0
-1.03869805019306671e+00 -4.30257686503890457e-01 0
-1.24351457661387443e+00 -5.15117285117372425e-01 0
-1.35296689463182251e+00 -5.60465900757331825e-01 0
-1.37834918677445817e+00 -5.70988094396516099e-01 0
-1.32884821348329329e+00 -5.50485428286407341e-01 0
-1.21195436765478748e+00 -5.02055236152749718e-01 0
-1.03393515492816501e+00 -4.28307229907092246e-01 0
-8.00033134719803973e-01 -3.31399378154212221e-01 0
-5.14732106683933544e-01 -2.13216492560286436e-01 0
-1.81838645870349924e-01 -7.53134073054196052e-02 0
-2.75272185392382907e-01 -1.31294667838496304e-01 0
-7.07436524048882354e-01 -3.37425310644407395e-01 0
-1.01465888017016059e+00 -4.83985221034532787e-01 0
-1.21477197646132806e+00 -5.79446332438739886e-01 0
-1.32169368393606756e+00 -6.30465599890129402e-01 0
-1.34648861930759578e+00 -6.42298445338323032e-01 0
-1.29811436760344034e+00 -6.19230393868750451e-01 0
-1.18390319930394416e+00 -5.64745968344211979e-01 0
-1.00996900669705769e+00 -4.81774285083635956e-01 0
-7.81442086769387312e-01 -3.72755319774616345e-01 0
-5.02700459737758121e-01 -2.39789097849043981e-01 0
-1.77521224532542571e-01 -8.46748044260403065e-02 0
-2.68131197714061853e-01 -1.45580518426646904e-01 0
-6.88900776406991100e-01 -3.74039357137354811e-01 0
-9.88042391814964116e-01 -5.36460699679935926e-01 0
-1.18287788394780247e+00 -6.42257118205862065e-01 0
-1.28698863426935328e+00 -6.98794107561624744e-01 0
-1.31112649503455936e+00 -7.11905445011805305e-01 0
-1.26402684081050420e+00 -6.86335978231979227e-01 0
-1.15282232932299289e+00 -6.25950350231270214e-01 0
-9.83473575374427478e-01 -5.33997888602885884e-01 0
-7.60973503176512689e-01 -4.13177619802241991e-01 0
-4.89586431011088785e-01 -2.65826198678113856e-01 0
-1.72944730868228674e-01 -9.38962238456045317e-02 0
-2.60052018469210666e-01 -1.59360191352415609e-01 0
-6.68307680105386104e-01 -4.09529466970659450e-01 0
-9.58541661777325804e-01 -5.87393683723800852e-01 0
-1.14758788802562539e+00 -7.03243638375139146e-01 0
-1.24859477279278308e+00 -7.65154275092406078e-01 0
-1.27201352987279082e+00 -7.79509284981564243e-01 0
-1.22630808008017267e+00 -7.51507486185952533e-01 0
-1.11840831911393113e+00 -6.85382935234545410e-01 0
-9.54091854302810516e-01 -5.84687771433711645e-01 0
-7.38208128333641467e-01 -4.52386009320074056e-01 0
-4.74893221759296158e-01 -2.91021937221574711e-01 0
-1.67708846816364832e-01 -1.02772957392750955e-01 0
-2.51426202043626146e-01 -1.72800140286712312e-01 0
-6.46019064269046761e-01 -4.43986979202387388e-01 0
-9.26552085000682202e-01 -6.36788135754523310e-01 0
-1.10927281132431133e+00 -7.62367304617338704e-01 0
-1.20690676759591708e+00 -8.29475283125542528e-01 0
-1.22954133702848689e+00 -8.45033887518271132e-01 0
-1.18536651261586790e+00 -8.14678647147555779e-01 0
-1.08107553197853079e+00 -7.42999483814073325e-01 0
-9.22258445521163539e-01 -6.33849818880912741e-01 0
-7.13600100457273068e-01 -4.90438631984815576e-01 0
-4.59099510765448415e-01 -3.15529410269492216e-01 0
-1.62168374395959908e-01 -1.11451597832288626e-01 0
-2.41974333434054639e-01 -1.85675314636604305e-01 0
-6.21843306932243545e-01 -4.77142535668091727e-01 0
-8.91903903067971071e-01 -6.84367694868809107e-01 0
-1.06781241219991507e+00 -8.19340646171007769e-01 0
-1.16180094214556218e+00 -8.91468596312432027e-01 0
-1.18359146577140240e+00 -9.08190508723421330e-01 0
-1.14106161008813167e+00 -8.75563758072428255e-01 0
-1.04066014005524576e+00 -7.98523961552485950e-01 0
-8.87765588735160094e-01 -6.81207825615164686e-01 0
-6.86890424929810228e-01 -5.27070344693067683e-01 0
-4.41884435930674946e-01 -3.39071970229743447e-01 0
-1.56056280298470795e-01 -1.19746778668109025e-01 0
-2.31972511769103440e-01 -1.98125795971535568e-01 0
-5.96058854441252728e-01 -5.09067138608298775e-01 0
-8.54906152683420184e-01 -7.30137549594260360e-01 0
-1.02350831571528555e+00 -8.74127146491365026e-01 0
-1.11359819032815244e+00 -9.51074631403054815e-01 0
-1.13448464943764060e+00 -9.68913093923250646e-01 0
-1.09372409814789795e+00 -9.34107205814926789e-01 0
-9.97493290824646106e-01 -8.51920662024132636e-01 0
-8.50952197139735245e-01 -7.26769442105814290e-01 0
-6.58422665117579631e-01 -5.62336232412890769e-01 0
-4.23596944629897998e-01 -3.61782582899386806e-01 0
-1.49623370333245326e-01 -1.27788383040555314e-01 0
-2.21240151116427142e-01 -2.09952651576015753e-01 0
-5.68558841828988970e-01 -5.39521640489963872e-01 0
-8.15483993641610061e-01 -7.73840109548871613e-01 0
-9.76326482859614431e-01 -9.26459656224827399e-01 0
-1.06226788786363335e+00 -1.00801930366216896e+00 0
-1.08219368248480197e+00 -1.02692772060412540e+00 0
-1.04330915830912896e+00 -9.90036514239926002e-01 0
-9.51508566248336796e-01 -9.02926322343680754e-01 0
-8.11713513604368275e-01 -7.70274222134069819e-01 0
-6.28047222149100914e-01 -5.95987508719681536e-01 0
-4.04033107654658608e-01 -3.83411030484027915e-01 0
-1.42690771046617565e-01 -1.35409305324530771e-01 0
-2.09981090371815365e-01 -2.21280197284874858e-01 0
-5.39569956122428196e-01 -5.68565764772453131e-01 0
-7.73893577959637535e-01 -8.15484323726533011e-01 0
-9.26528098213666884e-01 -9.76308673540693728e-01 0
-1.00808760831944144e+00 -1.06225666668281393e+00 0
-1.02699831584435519e+00 -1.08218249106390707e+00 0
-9.90101848673113460e-01 -1.04331051954195475e+00 0
-9.02987416023511291e-01 -9.51518076893197562e-01 0
-7.70330565231347908e-01 -8.11736932440422110e-01 0
-5.96039393717602839e-01 -6.28081550719230108e-01 0
-3.83461938143298431e-01 -4.04078823969750367e-01 0
-1.35443936826455447e-01 -1.42728052585684412e-01 0
-1.98078565577318733e-01 -2.31926062630503305e-01 0
-5.09042356816516994e-01 -5.95981634213140765e-01 0
-7.30125797387155884e-01 -8.54827798344973577e-01 0
-8.74139398914696275e-01 -1.02342296722118764e+00 0
-9.51092203315248574e-01 -1.11352525067531394e+00 0
-9.68935453387357981e-01 -1.13441556688417533e+00 0
-9.34124076928845914e-01 -1.09366760333242707e+00 0
-8.51930731574124134e-01 -9.97442351342516687e-01 0
-7.26767945346324162e-01 -8.50908082033507651e-01 0
-5.62321711304913596e-01 -6.58379919500586719e-01 0
-3.61753208920212177e-01 -4.23551856532271120e-01 0
-1.27758955385151474e-01 -1.49588204230872213e-01 0
-1.85691097123555249e-01 -2.42008891256417197e-01 0
-4.77172506802312102e-01 -6.21828830576523162e-01 0
-6.84405030123102942e-01 -8.91891192370875552e-01 0
-8.19399049146414038e-01 -1.06778934849821794e+00 0
-8.91534844729089726e-01 -1.16180054780403186e+00 0
-9.08262544677845396e-01 -1.18359807132848038e+00 0
-8.75635878569667736e-01 -1.14108969417079642e+00 0
-7.98592298633789555e-01 -1.04069828121589847e+00 0
-6.81274444064753348e-01 -8.87819982912078420e-01 0
-5.27130410586172493e-01 -6.86953505129688891e-01 0
-3.39130912478520785e-01 -4.41954837641310383e-01 0
-1.19783271249900139e-01 -1.56107319035871384e-01 0
-1.72744674118292002e-01 -2.51353518445957214e-01 0
-4.43949779627757724e-01 -6.45900677262836953e-01 0
-6.36770493699797879e-01 -9.26440350817266389e-01 0
-7.62377889457082403e-01 -1.10916459548296009e+00 0
-8.29498884397850467e-01 -1.20682737119905847e+00 0
-8.45063497394909602e-01 -1.22947303288095511e+00 0
-8.14706886844796307e-01 -1.18531895340735027e+00 0
-7.43020242284645138e-01 -1.08103405200092850e+00 0
-6.33860972431576353e-01 -9.22224394427538230e-01 0
-4.90434581250611235e-01 -7.13562858558347335e-01 0
-3.15508649187056123e-01 -4.59054264055689221e-01 0
-1.11424981888273766e-01 -1.62127850367893817e-01 0
-1.59367204183030520e-01 -2.60081800981148858e-01 0
-4.09552033579795527e-01 -6.68268044651129767e-01 0
-5.87424595169927843e-01 -9.58517492188145748e-01 0
-7.03300095289585814e-01 -1.14756378541634074e+00 0
-7.65222067236870251e-01 -1.24861374417803339e+00 0
-7.79582656153518294e-01 -1.27204698223482082e+00 0
-7.51583408606197545e-01 -1.22637270242457763e+00 0
-6.85453194838011814e-01 -1.11848379072984327e+00 0
-5.84759757373264133e-01 -9.54185544511730876e-01 0
-4.52449665925096944e-01 -7.38307952860407180e-01 0
-2.91088114908080786e-01 -4.74996954468132615e-01 0
-1.02811592652440831e-01 -1.67780355559688982e-01 0
-1.45517437850888914e-01 -2.68018212274915624e-01 0
-3.73999712017929808e-01 -6.88725871361357656e-01 0
-5.36448154137962541e-01 -9.87889176875275776e-01 0
-6.42275034973943004e-01 -1.18274152493981166e+00 0
-6.98828521528245816e-01 -1.28690138418049171e+00 0
-7.11942602207626507e-01 -1.31105691074118180e+00 0
-6.86372081669446632e-01 -1.26398597212463537e+00 0
-6.25974907556210547e-01 -1.15278557491191957e+00 0
-5.34013778486526758e-01 -9.83442778937302142e-01 0
-4.13175558347025684e-01 -7.60932826012668873e-01 0
-2.65807765301498300e-01 -4.89530490566382148e-01 0
-9.38685984021782743e-02 -1.72891232138885159e-01 0
-1.31297870720836901e-01 -2.75292945636987751e-01 0
-3.37453757249047137e-01 -7.07366577825236709e-01 0
-4.84020319272294219e-01 -1.01462862074903493e+00 0
-5.79510027143596340e-01 -1.21475498919706970e+00 0
-6.30540161396178411e-01 -1.32174451255725045e+00 0
-6.42374934224830163e-01 -1.34656051439796265e+00 0
-6.19308870702768188e-01 -1.29822723406269924e+00 0
-5.64813258281377628e-01 -1.18402488373838666e+00 0
-4.81846117667561691e-01 -1.01011001129041245e+00 0
-3.72815926363382455e-01 -7.81585606234480812e-01 0
-2.39859768499589399e-01 -5.02846407918395633e-01 0
-8.47141124483508229e-02 -1.77620949216269669e-01 0
-1.16700279791001268e-01 -2.81727100603750058e-01 0
-2.99965298868856423e-01 -7.23981189177863360e-01 0
-4.30266888810554526e-01 -1.03849758752724664e+00 0
-5.15157470171659582e-01 -1.24334449653615309e+00 0
-5.60523348280033917e-01 -1.35286917349093949e+00 0
-5.71041198200215594e-01 -1.37827366277144825e+00 0
-5.50533702146240200e-01 -1.32880931312774697e+00 0
-5.02083109326101118e-01 -1.21191420248407966e+00 0
-4.28324711865027297e-01 -1.03389703048462112e+00 0
-3.31394067632204747e-01 -7.99974920408743961e-01 0
-2.13197786034169168e-01 -5.14649951119640181e-01 0
-7.52834149241056322e-02 -1.81762129272817319e-01 0
-1.01788093281293665e-01 -2.87462329757693591e-01 0
-2.61663591137495932e-01 -7.38693036748810150e-01 0
-3.75328773884892941e-01 -1.05960489534692570e+00 0
-4.49391927578999872e-01 -1.26862398485465477e+00 0
-4.88973277548394203e-01 -1.38039257869197596e+00 0
-4.98151344141965713e-01 -1.40632562792153548e+00 0
-4.80268909403577249e-01 -1.35587237371724845e+00 0
-4.37999331135570880e-01 -1.23661024235810890e+00 0
-3.73663880736146592e-01 -1.05498828034774617e+00 0
-2.89101903848007435e-01 -8.16318657889462451e-01 0
-1.86007315947924967e-01 -5.25204030062827565e-01 0
-6.56884348520310329e-02 -1.85525797019566396e-01 0
-8.65944486553926890e-02 -2.92334543141249792e-01 0
-2.22648337182717065e-01 -7.51278635109891568e-01 0
-3.19392965092012371e-01 -1.07770228490164199e+00 0
-3.82430062704199769e-01 -1.29030432408316820e+00 0
-4.16112196399632761e-01 -1.40400678334478335e+00 0
-4.23916186309984733e-01 -1.43038916824004780e+00 0
-4.08689410764502714e-01 -1.37908547494877376e+00 0
-3.72707781517911785e-01 -1.25778098482659728e+00 0
-3.17953984399915734e-01 -1.07304508757864370e+00 0
-2.45986136643691206e-01 -8.30270022631511395e-01 0
-1.58255421098955851e-01 -5.34144760267924346e-01 0
-5.58726325708098770e-02 -1.88647406831849523e-01 0
-7.11482382804599772e-02 -2.96469710601135583e-01 0
-1.83007153385054161e-01 -7.61884033695888641e-01 0
-2.62540971238936882e-01 -1.09293179702121779e+00 0
-3.14380110298157989e-01 -1.30857010617858394e+00 0
-3.42082851454439785e-01 -1.42391634303249814e+00 0
-3.48503693125192082e-01 -1.45069569371388996e+00 0
-3.35996088051554120e-01 -1.39869126394612175e+00 0
-3.06405670642402705e-01 -1.27567913046316406e+00 0
-2.61396295153302927e-01 -1.08834409119977704e+00 0
-2.02216631522176171e-01 -8.42137923277113232e-01 0
-1.30112061694516112e-01 -5.41835064075706030e-01 0
-4.59368824308722667e-02 -1.91412735801876926e-01 0
-5.55347961458930728e-02 -2.99737736955561607e-01 0
-1.42904031747360855e-01 -7.70292595830954108e-01 0
-2.05052519797689875e-01 -1.10505302319078424e+00 0
-2.45569228402775813e-01 -1.32309474016526285e+00 0
-2.67197644967333392e-01 -1.43975210961767019e+00 0
-2.72196493825371588e-01 -1.46683776907291508e+00 0
-2.62400114620090885e-01 -1.41427849556602792e+00 0
-2.39262574140220924e-01 -1.28990547542122158e+00 0
-2.04097442597512585e-01 -1.10048501126127829e+00 0
-1.57868674611510496e-01 -8.51506010826714399e-01 0
-1.01554350185636341e-01 -5.47813289420426064e-01 0
-3.58324793940381151e-02 -1.93466636564343486e-01 0
-3.97195451224277782e-02 -3.02218301582572291e-01 0
-1.02342649552636680e-01 -7.76656163448722126e-01 0
-1.46892234662411664e-01 -1.11421196568072078e+00 0
-1.75955150394016768e-01 -1.33413971338419968e+00 0
-1.91478039931641614e-01 -1.45184639451579267e+00 0
-1.95073313105464746e-01 -1.47920775625153711e+00 0
-1.88070123245996479e-01 -1.42625254949968983e+00 0
-1.71466021449392797e-01 -1.30084295018288154e+00 0
-1.46244023073734547e-01 -1.10984697130579968e+00 0
-1.13063246955577804e-01 -8.58792639314577388e-01 0
-7.27435555343200896e-02 -5.52566727954254211e-01 0
-2.56629583126083693e-02 -1.95171838528726133e-01 0
-2.38609739829182300e-02 -3.03878092965873037e-01 0
-6.15798971084236049e-02 -7.80801942059029419e-01 0
-8.84554540203012635e-02 -1.12023239580674194e+00 0
-1.06059941273119809e-01 -1.34135047104067517e+00 0
-1.15398483875626220e-01 -1.45971677578289816e+00 0
-1.17525558361245078e-01 -1.48723126002319850e+00 0
-1.13223318029309156e-01 -1.43403153066515077e+00 0
-1.03138893460086159e-01 -1.30799025035141914e+00 0
-8.79197804831355068e-02 -1.11599029027452801e+00 0
-6.79161816823667247e-02 -8.63486826405630681e-01 0
-4.36985247255342393e-02 -5.55458747297355449e-01 0
-1.53993014285202338e-02 -1.96105722160640011e-01 0
-7.89088693056808413e-03 -3.04675591090293518e-01 0
-2.05138753117548624e-02 -7.82857180752235426e-01 0
-2.94553872883267058e-02 -1.12317813661647703e+00 0
-3.54686512092467626e-02 -1.34501476057077318e+00 0
-3.86328931093659830e-02 -1.46388918005933166e+00 0
-3.93813072059107094e-02 -1.49160458510485583e+00 0
-3.79519147331952161e-02 -1.43834589937254553e+00 0
-3.45609220147263183e-02 -1.31190552499180213e+00 0
-2.95181265364060606e-02 -1.11930624979151605e+00 0
-2.28106577019494376e-02 -8.66028161382830786e-01 0
-1.47184893310526969e-02 -5.57141773763230597e-01 0
-5.14068872794528915e-03 -1.96728337346462528e-01 0
8.02122737044140902e-03 -3.04747907248971273e-01 0
2.03664447003627028e-02 -7.82853192042740065e-01 0
2.93722410165990176e-02 -1.12313407188471071e+00 0
3.50509681650421831e-02 -1.34483553336937334e+00 0
3.81070423063069458e-02 -1.46366672797599828e+00 0
3.87457878779113585e-02 -1.49132869946205693e+00 0
3.72905935898158181e-02 -1.43807790314054240e+00 0
3.39812453206240622e-02 -1.31165373438681243e+00 0
2.89208900489697426e-02 -1.11912074415252527e+00 0
2.23974481732439300e-02 -8.65927895695828176e-01 0
1.43799920089303628e-02 -5.57136853792301157e-01 0
5.14758388629871309e-03 -1.96779396409526575e-01 0
2.39775579659001377e-02 -3.03782566267469301e-01 0
6.12503058245223095e-02 -7.80672954385133178e-01 0
8.80182516789475844e-02 -1.12008668623219410e+00 0
1.05301143016242021e-01 -1.34119669736897018e+00 0
1.14624983391559535e-01 -1.45976718210990430e+00 0
1.16780229878444428e-01 -1.48739257516213530e+00 0
1.12598924949784865e-01 -1.43435442584889605e+00 0
1.02758754727330245e-01 -1.30829440970109689e+00 0
8.76617914288726902e-02 -1.11633744340970265e+00 0
6.79339310570630101e-02 -8.63849771594532356e-01 0
4.36937040364200752e-02 -5.55942636518269140e-01 0
1.55132631133394483e-02 -1.96452982556179184e-01 0
3.98587532125024430e-02 -3.02146817921202626e-01 0
1.01900175489920156e-01 -7.76289085919812272e-01 0
1.46261445367322551e-01 -1.11387768134058063e+00 0
1.75001242027751774e-01 -1.33371575472619908e+00 0
1.90504752007547296e-01 -1.45164663080987655e+00 0
1.94098798224788288e-01 -1.47907623360120932e+00 0
1.87187524922846071e-01 -1.42635172267679766e+00 0
1.70814635084557159e-01 -1.30097517652088479e+00 0
1.45764566993043437e-01 -1.11008842337294089e+00 0
1.12920924833673247e-01 -8.58950210141870119e-01 0
7.26487456808201787e-02 -5.52666966971364082e-01 0
2.57440503375933639e-02 -1.95157122160074609e-01 0
5.56341208475527732e-02 -2.99468068586456693e-01 0
1.42343904450300179e-01 -7.69682345578363125e-01 0
2.04271639509349540e-01 -1.10456815801005881e+00 0
2.44449090260561747e-01 -1.32270420356170448e+00 0
2.66122485845849521e-01 -1.43979344861721259e+00 0
2.71211993428121245e-01 -1.46707935701262771e+00 0
2.61604576020310842e-01 -1.41490317444333802e+00 0
2.38781214889313614e-01 -1.29060929600996421e+00 0
2.03800319160648391e-01 -1.10137991083225484e+00 0
1.57897178560824580e-01 -8.52314652387120786e-01 0
1.01597666117178922e-01 -5.48585684614071978e-01 0
3.60062513355473846e-02 -1.93831002877629249e-01 0
7.12020007630501245e-02 -2.96201283612966160e-01 0
1.82141446480562991e-01 -7.61009321286816642e-01 0
2.61370195777269831e-01 -1.09224386694046927e+00 0
3.12758915791555681e-01 -1.30796021118526529e+00 0
3.40519003000740728e-01 -1.42384872902642345e+00 0
3.47021084110988198e-01 -1.45082112924593698e+00 0
3.34774879594282426e-01 -1.39926671038612938e+00 0
3.05550603211890648e-01 -1.27630918926256687e+00 0
2.60812703771113430e-01 -1.08913734280434382e+00 0
2.02019086386110824e-01 -8.42708958002733599e-01 0
1.29971601151990829e-01 -5.42211642126789961e-01 0
4.60094694832866788e-02 -1.91379925069449480e-01 0
8.65875620859871131e-02 -2.91717767698098651e-01 0
2.21598538377559273e-01 -7.49998093080281980e-01 0
3.18030672426255046e-01 -1.07672913920543389e+00 0
3.80635425358468393e-01 -1.28964094287915731e+00 0
4.14453744193197693e-01 -1.40415329647751230e+00 0
4.22454914587180541e-01 -1.43091696692309300e+00 0
4.07593588462299372e-01 -1.38027274978730086e+00 0
3.72094335780536134e-01 -1.25910898722699760e+00 0
3.17662419016222886e-01 -1.07466249780721657e+00 0
2.46124163763590836e-01 -8.31658089914685705e-01 0
1.58413829444327137e-01 -5.35387000808354552e-01 0
5.61385973180810044e-02 -1.89168481445447345e-01 0
1.01701684686619734e-01 -2.86890757602986934e-01 0
2.60062419142912005e-01 -7.37167152309482931e-01 0
3.73249067351713260e-01 -1.05849288134991792e+00 0
4.46684927935316833e-01 -1.26784498910383281e+00 0
4.86462121270450742e-01 -1.38060592451990405e+00 0
4.95844867149747071e-01 -1.40694033912737537e+00 0
4.78491724909029525e-01 -1.35721875873613529e+00 0
4.36806855704708619e-01 -1.23803417756190415e+00 0
3.72953767202289177e-01 -1.05661336000881101e+00 0
2.88910557352107411e-01 -8.17511065278107352e-01 0
1.85917771760433781e-01 -5.26016053385742643e-01 0
6.58022068633311585e-02 -1.85584512119502276e-01 0
1.16450534774211092e-01 -2.80547113106856039e-01 0
2.98005396581633331e-01 -7.21753376004669156e-01 0
4.27813594195503299e-01 -1.03685688923238151e+00 0
5.12156081231271210e-01 -1.24237897346179782e+00 0
5.57855526985479022e-01 -1.35328512790452682e+00 0
5.68790294551201336e-01 -1.37938105944315281e+00 0
5.48983638434899501e-01 -1.33095587885485478e+00 0
5.01323519726596722e-01 -1.21427407869347981e+00 0
4.28151611894321771e-01 -1.03663773307606499e+00 0
3.31830130459130845e-01 -8.02272306475014352e-01 0
2.13682336402864353e-01 -5.16620952113231779e-01 0
7.57619596102568488e-02 -1.82549817629154315e-01 0
1.30956219086766246e-01 -2.74277758518987946e-01 0
3.34584231340243066e-01 -7.04968317812346257e-01 0
4.80376116845059986e-01 -1.01300202287032626e+00 0
5.75008524370610119e-01 -1.21388883659378655e+00 0
6.26506074767362087e-01 -1.32252968462794640e+00 0
6.38796038771622610e-01 -1.34809418323548402e+00 0
6.16726195884118145e-01 -1.30087634566325172e+00 0
5.63196267333866074e-01 -1.18678770241831932e+00 0
4.81079830913595630e-01 -1.01308197721934534e+00 0
3.72781543163746953e-01 -7.83802563290061372e-01 0
2.39973979068929921e-01 -5.04356827627623794e-01 0
8.49370377107610125e-02 -1.77831826806659432e-01 0
1.44766774319238678e-01 -2.65991452624223412e-01 0
3.70405179198592560e-01 -6.85148099342513750e-01 0
5.32037637814968600e-01 -9.85363131845013340e-01 0
6.37210004378581218e-01 -1.18150590838377534e+00 0
6.94488968286484321e-01 -1.28790613015420652e+00 0
7.08463525748389222e-01 -1.31325262041036983e+00 0
6.84202745822712122e-01 -1.26775022927438963e+00 0
6.25138883924492128e-01 -1.15686240526210327e+00 0
5.34223072025647228e-01 -9.87977810283597102e-01 0
4.14263216624302766e-01 -7.64680908879935228e-01 0
2.66955116978898510e-01 -4.92628509651316382e-01 0
9.47304447935456984e-02 -1.74079147923345223e-01 0
1.58527919377009885e-01 -2.58447953607059522e-01 0
4.04503255130511163e-01 -6.64700162663777183e-01 0
5.81101727765431120e-01 -9.56313806368003227e-01 0
6.95858798314600624e-01 -1.14685857762676124e+00 0
7.58759745429546495e-01 -1.25054300595356049e+00 0
7.74084251181199834e-01 -1.27528621831838551e+00 0
7.47894146755402001e-01 -1.23124434462857346e+00 0
6.83389650206208565e-01 -1.12351179857754979e+00 0
5.84155658074780537e-01 -9.59350865446230272e-01 0
4.52883797844034819e-01 -7.42196171785056147e-01 0
2.91688706611753112e-01 -4.77611494146324922e-01 0
1.03250112311528613e-01 -1.68232033240322709e-01 0
1.70991292996851812e-01 -2.48093202862161910e-01 0
4.37461649255965368e-01 -6.40453850097474464e-01 0
6.28933462408833188e-01 -9.22822700722633837e-01 0
7.53858643394446637e-01 -1.10786161669010652e+00 0
8.22441786531801333e-01 -1.20905563429500962e+00 0
8.39722008397664976e-01 -1.23367144694232511e+00 0
8.11747809836122269e-01 -1.19180834026854399e+00 0
7.42331298619440694e-01 -1.08795432434169670e+00 0
6.34987600430329535e-01 -9.29615799733718773e-01 0
4.92828448256404483e-01 -7.19598151741498215e-01 0
3.17928872044485888e-01 -4.63868364637859132e-01 0
1.12962615814808043e-01 -1.63913699961627246e-01 0
1.83907297701467937e-01 -2.39496188407901572e-01 0
4.68417393327925868e-01 -6.16752063168401365e-01 0
6.73555292978526343e-01 -8.89189589510448353e-01 0
8.07193879084650012e-01 -1.06784213866152045e+00 0
8.81237869577575550e-01 -1.16596351677709875e+00 0
8.99917930752163198e-01 -1.18995504792068552e+00 0
8.70491200763814588e-01 -1.14975026128892921e+00 0
7.96202884546541534e-01 -1.04953635203422069e+00 0
6.81333070719373435e-01 -8.96540542475225966e-01 0
5.28655165807216054e-01 -6.93539177263554296e-01 0
3.40761577103104341e-01 -4.46293177555974585e-01 0
1.20632369369597300e-01 -1.56941135885729416e-01 0
1.94432547277752582e-01 -2.26902413843833917e-01 0
4.97549467501724296e-01 -5.88033582649014730e-01 0
7.16418599429704206e-01 -8.50035961867183110e-01 0
8.59930829664660612e-01 -1.02262339711384631e+00 0
9.39677864847955790e-01 -1.11819574795577314e+00 0
9.60826266195781264e-01 -1.14224303047950992e+00 0
9.30245764093034055e-01 -1.10473665156234957e+00 0
8.51920221445000680e-01 -1.00904642910088849e+00 0
7.29847911494780233e-01 -8.62822689553264133e-01 0
5.67225989377863615e-01 -6.67990462872873003e-01 0
3.66547191836871566e-01 -4.30948042083164118e-01 0
1.30482375671048784e-01 -1.52258836563589350e-01 0
2.06459191384173291e-01 -2.17521233972974515e-01 0
5.24596743268646915e-01 -5.61663232625463360e-01 0
7.55499834990827401e-01 -8.12702648714913156e-01 0
9.06689705198191032e-01 -9.78379412161902384e-01 0
9.91798320616931961e-01 -1.07065729295616929e+00 0
1.01451520877443646e+00 -1.09413937507344805e+00 0
9.83161162176148573e-01 -1.05839661266071672e+00 0
9.00717942413568506e-01 -9.66719072595725759e-01 0
7.72099301141568217e-01 -8.26192233163370982e-01 0
5.99861361900057233e-01 -6.38990252899022004e-01 0
3.87142640170207941e-01 -4.11086423398521472e-01 0
1.37064371906547300e-01 -1.44164844811541043e-01 0
2.14172242042569599e-01 -2.02486638005262259e-01 0
5.48575137237092614e-01 -5.28384113051031279e-01 0
7.91905789230640922e-01 -7.68143449922403576e-01 0
9.52872867507943533e-01 -9.27456116767882977e-01 0
1.04395184189096635e+00 -1.01739040771195199e+00 0
1.07006117838230530e+00 -1.04122683797442250e+00 0
1.03854141398643773e+00 -1.00876425067286069e+00 0
9.53313195980298511e-01 -9.22199818902596613e-01 0
8.18700282618327946e-01 -7.89313454831430117e-01 0
6.37656466302234937e-01 -6.11142223653097894e-01 0
4.13175078958914588e-01 -3.94652074543571540e-01 0
1.47506765298954234e-01 -1.39365232608338413e-01 0
2.25312892681397786e-01 -1.92687737295447303e-01 0
5.70822864572357869e-01 -5.00176045717467099e-01 0
8.24109108880943131e-01 -7.28397564125552344e-01 0
9.91574262739603918e-01 -8.80674633692275943e-01 0
1.08804695938830065e+00 -9.67294491155613056e-01 0
1.11612788976371546e+00 -9.90749876246204586e-01 0
1.08480720955416232e+00 -9.60008907184692339e-01 0
9.96476708757242258e-01 -8.77664606998043162e-01 0
8.56520458040231580e-01 -7.50428398694790055e-01 0
6.66832959235305500e-01 -5.80131780637065719e-01 0
4.31239659875287062e-01 -3.72889589048451875e-01 0
1.52666226004797623e-01 -1.30156249763619780e-01 0
2.28901537142426004e-01 -1.75018437933382981e-01 0
5.87702259832008966e-01 -4.62296972974287623e-01 0
8.51989324609442211e-01 -6.78810901063838346e-01 0
1.02951819131628297e+00 -8.24764066258292350e-01 0
1.13267454498199882e+00 -9.09596212353855127e-01 0
1.16575792773544795e+00 -9.33840617553686414e-01 0
1.13583890807222554e+00 -9.07008042887888499e-01 0
1.04656660483729391e+00 -8.30264626229661018e-01 0
9.02266040193561825e-01 -7.11393030984721286e-01 0
7.05174633861692768e-01 -5.50764203270336261e-01 0
4.58894965364423701e-01 -3.55977970722751280e-01 0
1.64545868850168475e-01 -1.25548432069664290e-01 0
2.39258997265478668e-01 -1.65217563103673526e-01 0
6.04115072167354938e-01 -4.33436400782516995e-01 0
8.75686826411083974e-01 -6.38556791732165507e-01 0
1.05838250333694606e+00 -7.77938428412076832e-01 0
1.16721092528504933e+00 -8.59737681220003047e-01 0
1.20310422908346681e+00 -8.83982157488427900e-01 0
1.17479410335598167e+00 -8.58611566352232458e-01 0
1.08382547288247899e+00 -7.86039158287323403e-01 0
9.35651074847617670e-01 -6.72172383964692255e-01 0
7.30877733165209986e-01 -5.19105544542553532e-01 0
4.74255843994032478e-01 -3.32810585444638651e-01 0
1.67879666724487175e-01 -1.15223011839767617e-01 0
2.36802451971059175e-01 -1.44872535204525504e-01 0
6.11050377399554034e-01 -3.91024687907212065e-01 0
8.92089980294519025e-01 -5.84483795857666522e-01 0
1.08577971697970965e+00 -7.18030362900245356e-01 0
1.20275178407488936e+00 -7.99066576509605775e-01 0
1.24636108040573501e+00 -8.24675246785028015e-01 0
1.22196922948338016e+00 -8.03831412668526646e-01 0
1.13285813698594384e+00 -7.37131985400310774e-01 0
9.82696538140350517e-01 -6.32052597471450373e-01 0
7.72448264067164603e-01 -4.88968817918661258e-01 0
5.06200355143596070e-01 -3.15970460598926972e-01 0
1.82566284009492708e-01 -1.11113135983593778e-01 0
2.46615784786541475e-01 -1.35518392469463150e-01 0
6.20602827952408842e-01 -3.63105619537517688e-01 0
9.05449226670999474e-01 -5.46308303922006133e-01 0
1.10264857442941633e+00 -6.74771296873252324e-01 0
1.22604212071591134e+00 -7.53433646241472244e-01 0
1.27409403435502133e+00 -7.79741036708804014e-01 0
1.25340365782548302e+00 -7.59839737683744243e-01 0
1.16464173285648509e+00 -6.96870746281090803e-01 0
1.01239662429711408e+00 -5.95390925991867603e-01 0
7.95306679975759989e-01 -4.58518525021792578e-01 0
5.18582001947691662e-01 -2.92043548552418875e-01 0
1.83445470099971086e-01 -9.96434612117793883e-02 0
2.35521267365351367e-01 -1.12907100155845264e-01 0
6.13538143050580853e-01 -3.16681231953266640e-01 0
9.05727218351225161e-01 -4.89049234462623772e-01 0
1.11614574247633058e+00 -6.12150051154679686e-01 0
1.25063064403346447e+00 -6.91442214410291078e-01 0
1.31073417355036748e+00 -7.19748708378027402e-01 0
1.29801653618818436e+00 -7.04898575180212927e-01 0
1.21534122939004785e+00 -6.47666397927987747e-01 0
1.06475109509629484e+00 -5.54953689650253823e-01 0
8.44768449853712688e-01 -4.28105379790510887e-01 0
5.59195974661864992e-01 -2.75709459512477051e-01 0
2.03392307916680781e-01 -9.61842851965552942e-02 0
2.44911510093133666e-01 -1.04946412597993768e-01 0
6.14691577713223802e-01 -2.92534152007298098e-01 0
9.06933441608899216e-01 -4.56311148855194415e-01 0
1.11974607064370479e+00 -5.76470287791558622e-01 0
1.26151148496544963e+00 -6.54692320405723005e-01 0
1.32895441808081149e+00 -6.84392592543492606e-01 0
1.32303989939230360e+00 -6.69809763408608871e-01 0
1.24363657934421012e+00 -6.15653422716840537e-01 0
1.09283974422074026e+00 -5.24293381915935552e-01 0
8.65768607018204239e-01 -4.01419622600300730e-01 0
5.68451410544488445e-01 -2.51856221594679963e-01 0
2.00905894978210209e-01 -8.36895370276301565e-02 0
2.21072277508979315e-01 -8.09841838490097665e-02 0
5.88901221723337476e-01 -2.43135799310344486e-01 0
8.86822698020060751e-01 -3.96797115455687244e-01 0
1.11589856638211815e+00 -5.10606474956878831e-01 0
1.27429429137109818e+00 -5.88674610214269256e-01 0
1.36078900332588693e+00 -6.20316122480014553e-01 0
1.36818881229076350e+00 -6.11979377672436931e-01 0
1.30079021308958276e+00 -5.63423831488171323e-01 0
1.15617645032660099e+00 -4.82182793455010639e-01 0
9.30362402444289027e-01 -3.70144673038289185e-01 0
6.25308710407296298e-01 -2.35362258050613227e-01 0
2.30259521248760562e-01 -8.06340299868235494e-02 0
2.30373682379189537e-01 -7.67163072316350003e-02 0
5.80353677513103405e-01 -2.31314771763776322e-01 0
8.72493328907166799e-01 -3.84527280960459572e-01 0
1.10320837147536222e+00 -5.02934436137449592e-01 0
1.26937067150577776e+00 -5.82463646503781685e-01 0
1.36359528883733905e+00 -6.18179672455480889e-01 0
1.38202247046233628e+00 -6.06183820224025949e-01 0
1.32214431199339466e+00 -5.56195382540854322e-01 0
1.18059785847202092e+00 -4.67940470752756410e-01 0
9.49458832383226703e-01 -3.54107543971904415e-01 0
6.30773062856040290e-01 -2.14650864415118103e-01 0
2.22366202446435790e-01 -6.76756368286688670e-02 0
1.83963622301025170e-01 -5.42795150510069838e-02 0
5.22395748146763594e-01 -1.84003136876819823e-01 0
8.17552209626141946e-01 -3.29297084347878577e-01 0
1.06971367831373532e+00 -4.43354449957951646e-01 0
1.25922654131867229e+00 -5.25102470371362595e-01 0
1.38546315579127954e+00 -5.63270500539341246e-01 0
1.43135808282020904e+00 -5.57358856064962827e-01 0
1.39524255110465401e+00 -5.11782018795858717e-01 0
1.26873166808821347e+00 -4.30794076563212669e-01 0
1.04489432118475833e+00 -3.24091557797979435e-01 0
7.19310701887910686e-01 -1.97816483347846239e-01 0
2.70905114424763060e-01 -6.47277188877662668e-02 0
1.90591057899973187e-01 -5.53602680501622466e-02 0
5.04291179161440395e-01 -1.89217244475747864e-01 0
7.87599833406743666e-01 -3.42097092001155401e-01 0
1.04106174938046148e+00 -4.68703304118165687e-01 0
1.24045905917626675e+00 -5.56299854534867744e-01 0
1.37884847104639863e+00 -6.01944055398361710e-01 0
1.44005625237517720e+00 -5.93607169838715087e-01 0
1.41685666309096647e+00 -5.44617813416167218e-01 0
1.29807976518931301e+00 -4.49582203704417871e-01 0
1.06981775104807664e+00 -3.32322141206839339e-01 0
7.24531476967457566e-01 -1.86075095230624099e-01 0
2.55939709849882902e-01 -5.38197207133271488e-02 0
1.10223128092522646e-01 -4.12701088442061909e-02 0
4.02509906227011771e-01 -1.52774928574221786e-01 0
6.86386384709830821e-01 -2.94141350021476455e-01 0
9.68787664514340952e-01 -4.09143382630119568e-01 0
1.20170859323538459e+00 -4.96270385235704270e-01 0
1.38735372708178017e+00 -5.40885546589795263e-01 0
1.49499691028037951e+00 -5.38602228109769432e-01 0
1.51654674855668792e+00 -4.95108167917437558e-01 0
1.42952349668855883e+00 -4.09672402388719825e-01 0
1.22468253668031557e+00 -3.01073839434133017e-01 0
8.73926860873467937e-01 -1.67144827039180127e-01 0
3.44579217117043757e-01 -4.94026305888233333e-02 0
1.09343062811438421e-01 -4.69111466494152377e-02 0
3.82115030614733064e-01 -1.71939720011078628e-01 0
6.54428583899408167e-01 -3.22565959951119308e-01 0
9.36570845391228590e-01 -4.57880721566862325e-01 0
1.17785146280679065e+00 -5.57931325121762800e-01 0
1.37764264854518115e+00 -6.17905526781225012e-01 0
1.50189379707996573e+00 -6.18074102502103484e-01 0
1.54014327102119597e+00 -5.71943880588422160e-01 0
1.46568299222056386e+00 -4.68528791893631114e-01 0
1.26180506318243513e+00 -3.40249956480554228e-01 0
8.86455082632530922e-01 -1.75015250713088849e-01 0
3.25594550506070779e-01 -4.78174007688462535e-02 0
-7.79077597369505319e-03 -4.31494448510292422e-02 0
2.37196503164656958e-01 -1.43055121020416093e-01 0
5.02934211733053527e-01 -2.63082385485249204e-01 0
8.11812624265693117e-01 -3.62170985456771344e-01 0
1.09390187062999722e+00 -4.38808590056149306e-01 0
1.35567893197481903e+00 -4.81445303725106244e-01 0
1.55123708303818741e+00 -4.83267605866426919e-01 0
1.66556436660005014e+00 -4.46622093815641719e-01 0
1.65370237129220610e+00 -3.70244331062906329e-01 0
1.50334607370538254e+00 -2.72435889273404896e-01 0
1.13106213370089059e+00 -1.45666303655313051e-01 0
5.01371887810789230e-01 -3.96249396614683919e-02 0
SCALARS velocity_magnitude double 1
LOOKUP_TABLE default
9.29685930776477099e-01
1.03834029699709895e+00
1.04253078387824649e+00
1.01842237956739878e+00
1.01793243650632181e+00
1.01700769928456269e+00
1.02501958148917804e+00
1.04407300556066573e+00
1.06853410835181450e+00
1.10501061966621039e+00
1.06516362750140781e+00
7.49851710830902518e-01
8.48041770591807964e-01
1.03458979387389682e+00
1.08849246405097455e+00
1.05113310039691310e+00
1.04370844222765391e+00
1.04285749362205693e+00
1.05680284274503489e+00
1.08936706330705935e+00
1.12233789157279129e+00
1.16496987460703161e+00
1.00469560816390779e+00
6.31437175972149323e-01
6.62020564228597008e-01
1.02229147867547288e+00
1.15044969990018919e+00
1.12784715856989237e+00
1.12239492444678435e+00
1.12205456959949745e+00
1.14561992426890580e+00
1.18060312266098810e+00
1.19661958171253202e+00
1.14699032579911497e+00
8.82061337413334923e-01
3.92624784693403783e-01
5.53997560369878239e-01
9.66516087663292445e-01
1.17105120787519490e+00
1.18171949576784341e+00
1.19068648604715754e+00
1.19378432971814075e+00
1.21524130678236397e+00
1.23604179194504282e+00
1.20737002115393843e+00
1.09860091290854012e+00
7.95231882491415965e-01
3.30788477881935605e-01
4.43381162511386040e-01
9.17109338458797829e-01
1.17393307132256863e+00
1.23681997096896890e+00
1.26500333661863551e+00
1.27113544834795844e+00
1.28232102026289807e+00
1.27011247385401704e+00
1.19907046161194786e+00
1.02784674734553305e+00
7.05409894425345740e-01
2.56055266156285377e-01
3.93956285619986191e-01
8.75071611830484208e-01
1.16869632968530701e+00
1.27226606476740955e+00
1.32338928866897243e+00
1.33377307537805434e+00
1.33256451290688460e+00
1.29431459895758105e+00
1.18583329853189534e+00
9.83560525526972929e-01
6.62024120326693111e-01
2.41524624416567690e-01
3.46342188009757190e-01
8.41838166011884437e-01
1.15590524491216140e+00
1.29927042528470982e+00
1.36952546656490326e+00
1.38339812833236531e+00
1.36733254349769706e+00
1.30037071613194688e+00
1.16415564438319286e+00
9.36936734997713239e-01
6.16000341455486322e-01
2.15292325077293012e-01
3.32516214873189386e-01
8.22380707308522418e-01
1.15018253414843818e+00
1.31806458119607783e+00
1.40459563418016220e+00
1.42235734012895909e+00
1.39601913255823451e+00
1.30929512492606470e+00
1.15339615081355484e+00
9.15835048284890596e-01
5.99494209088836105e-01
2.13099550559164935e-01
3.13515575839400651e-01
8.05109251391329273e-01
1.13950528924813188e+00
1.32903304452244786e+00
1.42584115329861727e+00
1.44561315744227969e+00
1.41007231608517691e+00
1.30799982967179829e+00
1.13774914645131542e+00
8.91213506635430308e-01
5.76693032025226038e-01
2.01140237024837909e-01
3.13170699863643320e-01
7.99066208850928938e-01
1.13804872190209205e+00
1.33886861222417730e+00
1.44449953044531099e+00
1.46576643773200188e+00
1.42404782177556499e+00
1.31212405660919429e+00
1.13356184999095833e+00
8.84000586584186565e-01
5.72576766103409796e-01
2.02550342507598985e-01
3.04693740613723729e-01
7.90422869325426714e-01
1.13097708049448165e+00
1.34154823703040926e+00
1.45189066107220333e+00
1.47474677926399389e+00
1.42780354345964211e+00
1.30886233505077976e+00
1.12387161248438150e+00
8.71392308852234843e-01
5.60631763856087595e-01
1.95993958544534552e-01
3.08233293681078047e-01
7.90430167030965913e-01
1.13228777294033844e+00
1.34678426263465267e+00
1.46106417639921582e+00
1.48454467378106747e+00
1.43490638151545191e+00
1.31179251528302210e+00
1.12374341544653356e+00
8.70643114505277760e-01
5.61619831705716721e-01
1.98558411547289815e-01
3.03305692132177396e-01
7.85607070453452239e-01
1.12752437059325894e+00
1.34605065498941401e+00
1.46193438603576809e+00
1.48647224403758282e+00
1.43436359997857177e+00
1.30867208255854139e+00
1.11784716785476079e+00
8.63883976114478425e-01
5.54802088461736953e-01
1.94431372696384275e-01
3.07361165279204041e-01
7.87734682717723511e-01
1.12988108403346854e+00
1.34923538415172595e+00
1.46663138902115731e+00
1.49133019590215010e+00
1.43835944126840531e+00
1.31122952008124827e+00
1.11958719044958577e+00
8.65727737653938290e-01
5.57630864328918840e-01
1.97217175124893479e-01
3.03651827866451895e-01
7.84414896091993108e-01
1.12629751047212134e+00
1.34733240320540881e+00
1.46504159583737459e+00
1.49044259178828842e+00
1.43641259059448800e+00
1.30863164395102727e+00
1.11582230918983250e+00
8.61770051192844888e-01
5.53309026763186718e-01
1.94303189684181449e-01
3.07235678534922507e-01
7.86927783555658289e-01
1.12872357046074789e+00
1.34955489303351372e+00
1.46778406240058867e+00
1.49318090327146402e+00
1.43906125448203448e+00
1.31095436540028820e+00
1.11817840307577843e+00
8.64395627584960247e-01
5.56523483707452638e-01
1.96900308385166201e-01
3.04096241823342883e-01
7.84208436169521184e-01
1.12577297904526419e+00
1.34741384791448038e+00
1.46557575401968632e+00
1.49148261624334166e+00
1.43694802153655621e+00
1.30888409986227083e+00
1.11560914586908511e+00
8.61810960657408365e-01
5.53490599023769070e-01
1.94663378809174087e-01
3.07039966379754892e-01
7.86484164614632331e-01
1.12787800432996699e+00
1.34910566322097192e+00
1.46744753918571624e+00
1.49333143697371717e+00
1.43897111921335208e+00
1.31096453034205873e+00
1.11797037242226915e+00
8.64427306127565909e-01
5.56481686557649291e-01
1.96919288029566875e-01
3.04342630309234918e-01
7.84108582085329853e-01
1.12537336689127621e+00
1.34709685612115293e+00
1.46533818504341373e+00
1.49162187562869697e+00
1.43712518443196968e+00
1.30934186103963279e+00
1.11610997824760405e+00
8.62565410560442669e-01
5.54190038794800666e-01
1.95122026881873273e-01
3.06714283277696675e-01
7.85993036830546998e-01
1.12707306605822843e+00
1.34843447507907399e+00
1.46675936764753745e+00
1.49304739182743185e+00
1.43877881241908545e+00
1.31114817606056788e+00
1.11821306263607179e+00
8.64866018356375443e-01
5.56744878834147250e-01
1.97007517562823448e-01
3.04435767183089234e-01
7.83943613032283881e-01
1.12497073191931918e+00
1.34669673185788352e+00
1.46497416383611978e+00
1.49158284848773670e+00
1.43729199854926981e+00
1.30988155103815296e+00
1.11680789933542202e+00
8.63435395139051098e-01
5.54943023150189618e-01
1.95537951024857437e-01
3.06325635479361036e-01
7.85452563820886684e-01
1.12630698241347327e+00
1.34776599343413639e+00
1.46610280288223316e+00
1.49274194027157869e+00
1.43865711047171496e+00
1.31139589814273760e+00
1.11856525139056506e+00
8.65335627642383365e-01
5.57026633846771646e-01
1.97078722110127169e-01
3.04455516908234691e-01
7.83741299517889067e-01
1.12459367635301710e+00
1.34633620879033700e+00
1.46467403775077099e+00
1.49156500396086389e+00
1.43749868859230334e+00
1.31040527318690914e+00
1.11747639420534783e+00
8.64201521795717409e-01
5.55589397992828582e-01
1.95874500832057596e-01
3.05935222676710861e-01
7.84935202746775196e-01
1.12563339957527297e+00
1.34718983936626469e+00
1.46557738870036913e+00
1.49251142211038523e+00
1.43860788452467236e+00
1.31163385538165600e+00
1.11888604645165413e+00
8.65714358555454866e-01
5.57245027922928515e-01
1.97116651902439821e-01
3.04458986220657146e-01
7.83554065676847822e-01
1.12427674878103678e+00
1.34605516920059598e+00
1.46446846966517708e+00
1.49159300737229294e+00
1.43771645660662073e+00
1.31085575289209633e+00
1.11803008654569624e+00
8.64805834687596531e-01
5.56094624876930954e-01
1.96135964482126585e-01
3.05597051004934950e-01
7.84479990021898499e-01
1.12507241353035803e+00
1.34672767162038443e+00
1.46518738274675853e+00
1.49235856328794636e+00
1.43860151942923808e+00
1.31182791233099394e+00
1.11913009399540853e+00
8.65990471097598302e-01
5.57403793386139879e-01
1.97114634983331982e-01
3.04484984145287851e-01
7.83399452476487790e-01
1.12402687779293964e+00
1.34585315266391592e+00
1.46434293883625255e+00
1.49165397922656373e+00
1.43792280178282517e+00
1.31122194667605552e+00
1.11846908946926837e+00
8.65263517345130739e-01
5.56442145704448277e-01
1.96322013364959969e-01
3.05336110815431827e-01
7.84091314152185137e-01
1.12460752686365950e+00
1.34636699742589627e+00
1.46491712215553971e+00
1.49228256916011870e+00
1.43863834858091444e+00
1.31199273427685759e+00
1.11935183847621844e+00
8.66211386867182020e-01
5.57446801450516727e-01
1.97021032624138975e-01
3.04561732383608563e-01
7.83285093794840903e-01
1.12382733665967494e+00
1.34570927689080677e+00
1.46427273767191046e+00
1.49174412868939887e+00
1.43814153659881749e+00
1.31155782380141783e+00
1.11880221559627357e+00
8.65522192366350751e-01
5.56632708336234572e-01
1.96458821954322932e-01
3.05197380733385260e-01
7.83791117417580563e-01
1.12419964117433357e+00
1.34606001410804166e+00
1.46474304231139540e+00
1.49230428199549614e+00
1.43880536786204605e+00
1.31225818307576092e+00
1.11952211720076833e+00
8.66211112614215351e-01
5.57300053857449518e-01
1.96859275764989544e-01
3.04716757497336843e-01
7.83406628077149891e-01
1.12377062574138886e+00
1.34557249315142569e+00
1.46417901605259049e+00
1.49173973140536087e+00
1.43821313105609550e+00
1.31167914566812494e+00
1.11894201741381694e+00
8.65711499162334919e-01
5.56873778677607567e-01
1.96638478054795174e-01
3.05184560879235234e-01
7.83844019989920371e-01
1.12420615586219852e+00
1.34594793727114004e+00
1.46453196020323495e+00
1.49208034509558884e+00
1.43857072499473437e+00
1.31205777727299711e+00
1.11937669640944937e+00
8.66193755295871726e-01
5.57406020590548001e-01
1.97013205996615426e-01
3.04800799530628330e-01
7.83570137419311252e-01
1.12394185437394989e+00
1.34566467773280896e+00
1.46419331689068821e+00
1.49172036381359896e+00
1.43818176408406195e+00
1.31167115054721783e+00
1.11898355830404483e+00
8.65799826396989713e-01
5.56961792783298271e-01
1.96676811801674623e-01
3.05177614323241808e-01
7.83878836284185976e-01
1.12424779765199756e+00
1.34595197642550723e+00
1.46446647636592675e+00
1.49197958894153127e+00
1.43844463778968490e+00
1.31194422260629051e+00
1.11928613751110184e+00
8.66129056267554431e-01
5.57325566637010383e-01
1.96931893475485842e-01
3.04888007587398036e-01
7.83676691072894838e-01
1.12405395530199614e+00
1.34576515313021794e+00
1.46425553846723644e+00
1.49175580230495175e+00
1.43819751410405217e+00
1.31168540537671841e+00
1.11900029949704849e+00
8.65814038235082961e-01
5.56965445511975021e-01
1.96660117823349967e-01
3.05163002130024397e-01
7.83895974532054507e-01
1.12427091511447541e+00
1.34596932053285689e+00
1.46445557097976087e+00
1.49194639258262862e+00
1.43838772981465657e+00
1.31187592470210168e+00
1.11920397257594528e+00
8.66032707230285248e-01
5.57221405655911939e-01
1.96861671115065334e-01
3.04948556684759231e-01
7.83747358421356344e-01
1.12412786432031764e+00
1.34584138239641571e+00
1.46431680224080263e+00
1.49180097545675250e+00
1.43822309112035174e+00
1.31169570658305301e+00
1.11899622404106358e+00
8.65800027706759012e-01
5.56959127605645588e-01
1.96668455977456691e-01
3.05132168713672325e-01
7.83901555423246132e-01
1.12428435738942767e+00
1.34598451687895571e+00
1.46445943743123341e+00
1.49193628705262582e+00
1.43835732042959674e+00
1.31182805634957700e+00
1.11913760895924463e+00
8.65955290122183197e-01
5.57144877344296408e-01
1.96818196445131960e-01
3.04980435197931166e-01
7.83787136805548568e-01
1.12417718233737962e+00
1.34589338618349275e+00
1.46436370714427166e+00
1.49183742237849160e+00
1.43824448271819483e+00
1.31170301291228109e+00
1.11899233967730538e+00
8.65793429978982343e-01
5.56961905041818639e-01
1.96681487853131637e-01
3.05103304690310773e-01
7.83893947177729422e-01
1.12428548435196007e+00
1.34599193690710117e+00
1.46446336570818403e+00
1.49193232038824908e+00
1.43833964323626695e+00
1.31179768407340203e+00
1.11909517847772899e+00
8.65907857708994366e-01
5.57098233109594165e-01
1.96790194846054062e-01
3.04996267022711598e-01
7.83804528951648427e-01
1.12420347670759924e+00
1.34592331715377411e+00
1.46439406285932727e+00
1.49186230783940199e+00
1.43826110601081369e+00
1.31171145309247406e+00
1.11899555696664654e+00
8.65796940492630895e-01
5.56971579182566678e-01
1.96694021443782396e-01
3.05081994809903168e-01
7.83878223386972217e-01
1.12427661011729341e+00
1.34599037035665581e+00
1.46446344815602147e+00
1.49192968015119298e+00
1.43833065299647855e+00
1.31178219944876617e+00
1.11907382831986513e+00
8.65884030985539899e-01
5.57073755915756252e-01
1.96774084456257686e-01
3.05003115568115213e-01
7.83807436632368737e-01
1.12421159667027459e+00
1.34593552673080374e+00
1.46441035484647331e+00
1.49187759483886739e+00
1.43827448439678318e+00
1.31172178615485380e+00
1.11900484459256289e+00
8.65806909255825041e-01
5.56984430404702469e-01
1.96704991349950176e-01
3.05065693328209819e-01
7.83859368489437269e-01
1.12426214524170409e+00
1.34598199860602774e+00
1.46446027054358585e+00
1.49192761331961798e+00
1.43832843079207851e+00
1.31177806035312949e+00
1.11906812294682911e+00
8.65876691119966124e-01
5.57064636096329946e-01
1.96766419365701634e-01
3.05003803861229550e-01
7.83800202334053453e-01
1.12420756937154587e+00
1.34593495227118987e+00
1.46441660129275664e+00
1.49188595735572260e+00
1.43828588929323997e+00
1.31173339334830152e+00
1.11901796475847304e+00
8.65820087431040442e-01
5.56997998540304629e-01
1.96713843209750300e-01
3.05052428320394808e-01
7.83838482355417088e-01
1.12424461406354559e+00
1.34596914630693631e+00
1.46445547967812750e+00
1.49192643408193071e+00
1.43833185007244446e+00
1.31178234633316615e+00
1.11907373627363560e+00
8.65880703802273444e-01
5.57066202515815290e-01
1.96764725034622862e-01
3.04999699456337647e-01
7.83784555444083764e-01
1.12419493186615327e+00
1.34592505681808539e+00
1.46441621921452869e+00
1.49188960423354033e+00
1.43829642900101207e+00
1.31174586549838645e+00
1.11903360559585519e+00
8.65834756409377237e-01
5.57011273975674737e-01
1.96720567115190731e-01
3.05040139978511704e-01
7.83814197233099863e-01
1.12422424110430375e+00
1.34595278316451217e+00
1.46445037206587192e+00
1.49192668872072054e+00
1.43834066965419405e+00
1.31179364686787725e+00
1.11908855332978097e+00
8.65893519998107042e-01
5.57076165630043030e-01
1.96767698385417134e-01
3.04990678007373006e-01
7.83759587960572324e-01
1.12417453505632481e+00
1.34590718335474890e+00
1.46441138451341901e+00
1.49189016124204343e+00
1.43830745419017969e+00
1.31175977298828572e+00
1.11905208370707365e+00
8.65851044695577277e-01
5.57024707763983606e-01
1.96725612093891583e-01
3.05025325130084346e-01
7.83782525775607142e-01
1.12419902056584520e+00
1.34593226636165531e+00
1.46444566110749097e+00
1.49192916815379983e+00
1.43835587576380819e+00
1.31181251421041001e+00
1.11911305380573012e+00
8.65915315404836239e-01
5.57094603630964413e-01
1.96775179571680447e-01
3.04973911719886359e-01
7.83721321945470506e-01
1.12414485181640944e+00
1.34588065420665393e+00
1.46440311222935460e+00
1.49188890070285662e+00
1.43832095591460707e+00
1.31177710248921908e+00
1.11907569675039431e+00
8.65871126507289812e-01
5.57040276181838712e-01
1.96729997500359105e-01
3.05000552086902132e-01
7.83736252642230125e-01
1.12416498233646411e+00
1.34590547786207648e+00
1.46444168597070545e+00
1.49193524492722562e+00
1.43838014050292862e+00
1.31184181288832469e+00
1.11915053322616931e+00
8.65949060177969132e-01
5.57124060242519259e-01
1.96788420514014184e-01
3.04941165666253566e-01
7.83663156470224442e-01
1.12410267987698775e+00
1.34584276798606917e+00
1.46439114465675391e+00
1.49188683871510919e+00
1.43833985825808219e+00
1.31180161718652721e+00
1.11910907798979808e+00
8.65899475311536659e-01
5.57061817177698315e-01
1.96736026696747640e-01
3.04951482966655418e-01
7.83667810662240671e-01
1.12411486190206844e+00
1.34586771991963317e+00
1.46443795958186707e+00
1.49194722876492780e+00
1.43841861749260858e+00
1.31188730673796372e+00
1.11920729422117859e+00
8.66000035812352520e-01
5.57169628372174097e-01
1.96811564276733686e-01
3.04890281333358826e-01
7.83576332990481794e-01
1.12403473301872991e+00
1.34578527321696440e+00
1.46437167675105351e+00
1.49188407915429466e+00
1.43836844434439715e+00
1.31183996592395680e+00
1.11916062125703886e+00
8.65943121631795876e-01
5.57095506380087646e-01
1.96747541724856284e-01
3.04887456472604346e-01
7.83555294150207859e-01
1.12402298665067901e+00
1.34580480625360832e+00
1.46443109404787064e+00
1.49196944334725656e+00
1.43848205516271488e+00
1.31196100509926539e+00
1.11929481548399101e+00
8.66076121299776180e-01
5.57238176420390308e-01
1.96847739622853984e-01
3.04839014134030029e-01
7.83436178307869824e-01
1.12391668727645211e+00
1.34569087735308623e+00
1.46433627238575936e+00
1.49187934231613784e+00
1.43841492038046659e+00
1.31190804361656865e+00
1.11925110055142696e+00
8.66016746314769437e-01
5.57146916088794630e-01
1.96756972031600280e-01
3.04817230609076950e-01
7.83370164188260332e-01
1.12385303001336112e+00
1.34569275459855819e+00
1.46441858532475955e+00
1.49201514189389162e+00
1.43859886911262702e+00
1.31209488130705942e+00
1.11944075948727528e+00
8.66203264339863721e-01
5.57334382318052879e-01
1.96851807164775128e-01
3.04813453548214097e-01
7.83226503925292361e-01
1.12371926563570623e+00
1.34553699217223266e+00
1.46427110726901022e+00
1.49186764750037826e+00
1.43849433460385989e+00
1.31205035206677145e+00
1.11944817467680391e+00
8.66153627891946276e-01
5.57175000347588711e-01
1.96709411947249141e-01
3.04777758215344141e-01
7.83125905928059862e-01
1.12356430452981493e+00
1.34548234153104262e+00
1.46439886367231975e+00
1.49212436668766846e+00
1.43884650817025395e+00
1.31236068359065228e+00
1.11969540528510114e+00
8.66328518757706556e-01
5.57336155296089819e-01
1.96795491299219527e-01
3.04853451778319073e-01
7.83118070511235387e-01
1.12351807816815641e+00
1.34529222928782044e+00
1.46416270860082354e+00
1.49183193621717014e+00
1.43856131043184243e+00
1.31209383961834503e+00
1.11949437599021762e+00
8.66217505150339351e-01
5.57322400432425535e-01
1.96846713132742157e-01
3.04727371356853127e-01
7.83072066716729243e-01
1.12353967322174975e+00
1.34532409171692158e+00
1.46426060275574099e+00
1.49196993761198504e+00
1.43876722816867186e+00
1.31232374973870414e+00
1.11977402954124194e+00
8.66516847425825576e-01
5.57657022614533759e-01
1.97064547008441227e-01
3.04764531708602127e-01
7.82948523648326566e-01
1.12343931718166523e+00
1.34514800268079449e+00
1.46409357668119133e+00
1.49175763724414900e+00
1.43858208186735359e+00
1.31214101737679778e+00
1.11961762075151849e+00
8.66340925252902294e-01
5.57421399508776783e-01
1.96847805315646912e-01
3.04591988577150252e-01
7.82734118477766971e-01
1.12329769802914314e+00
1.34510288374124731e+00
1.46418111999636857e+00
1.49193759425514849e+00
1.43888427166489019e+00
1.31251240890566523e+00
1.12007690721434283e+00
8.66817042790027026e-01
5.57914275784324953e-01
1.97146919356570555e-01
3.04639008215675189e-01
7.82502839363189207e-01
1.12308104966191902e+00
1.34483383860271499e+00
1.46400081781219638e+00
1.49174581678113705e+00
1.43875694500571782e+00
1.31237430549337608e+00
1.11993009511277331e+00
8.66585309800674941e-01
5.57571593576862812e-01
1.96832789447595830e-01
3.04296996203966053e-01
7.82050543018243838e-01
1.12271507864549958e+00
1.34464013348853473e+00
1.46404179792942579e+00
1.49197571062241008e+00
1.43919609406118498e+00
1.31293931178701251e+00
1.12062879520762104e+00
8.67313255121164528e-01
5.58331605762902639e-01
1.97322721654699995e-01
3.04383868603630869e-01
7.81695511241132901e-01
1.12237339871692221e+00
1.34423150582043616e+00
1.46380262134292072e+00
1.49175844228970411e+00
1.43909592796021579e+00
1.31283237848630718e+00
1.12050270192422485e+00
8.67060350841653560e-01
5.57905284323313433e-01
1.96904904882327175e-01
3.03755509780136879e-01
7.80855397731176515e-01
1.12164908956728793e+00
1.34380406504897998e+00
1.46375661446697425e+00
1.49205043692435457e+00
1.43973142867950177e+00
1.31369205281068924e+00
1.12157549563316916e+00
8.68188970914318459e-01
5.59068286574161744e-01
1.97646933799701746e-01
3.03937197683503968e-01
7.80337707009414294e-01
1.12113081840368278e+00
1.34319057125408792e+00
1.46341881511838667e+00
1.49178359892568313e+00
1.43966331737523667e+00
1.31364191701930433e+00
1.12150474643601572e+00
8.67935790910603688e-01
5.58536767102019716e-01
1.97074754853261092e-01
3.02834726898917383e-01
7.78863219576968246e-01
1.11982344574988457e+00
1.34238325422582716e+00
1.46322148944047759e+00
1.49216386912783183e+00
1.44059850104621656e+00
1.31496359223484904e+00
1.12316269716247752e+00
8.69684370937731543e-01
5.60310523729917520e-01
1.98185284298559666e-01
3.03193743249560665e-01
7.78106155775952768e-01
1.11902426884408013e+00
1.34145594943252533e+00
1.46272832782566886e+00
1.49183154764858328e+00
1.44059303445866904e+00
1.31502858354939378e+00
1.12320608789892651e+00
8.69458964967311787e-01
5.59638312578331631e-01
1.97389469578587995e-01
3.01310901872370085e-01
7.75599012811663879e-01
1.11676274879966297e+00
1.34002246845182849e+00
1.46226742391880182e+00
1.49233987093697196e+00
1.44199224224938272e+00
1.31708024385905320e+00
1.12578629757819892e+00
8.72181964615524441e-01
5.62363429991034280e-01
1.99068464621683067e-01
3.01960789523688766e-01
7.74466243160157664e-01
1.11549758349946604e+00
1.33859956354876153e+00
1.46152355616761920e+00
1.49192670669881644e+00
1.44210977180698285e+00
1.31737071001352257e+00
1.12605492652785966e+00
8.72050958794302833e-01
5.61512290838592110e-01
1.97946176201577423e-01
2.98812183234007323e-01
7.70284990723748342e-01
1.11167294924194593e+00
1.33612860314133486e+00
1.46060132152192179e+00
1.49261724983022392e+00
1.44422998546568926e+00
1.32058424940938668e+00
1.13010661776720034e+00
8.76331319487561933e-01
5.65749996746627404e-01
2.00520332316846406e-01
2.99901458709577129e-01
7.68548846808942976e-01
1.10962407864078139e+00
1.33390872838236274e+00
1.45944199875801828e+00
1.49210659167525761e+00
1.44457926764273981e+00
1.32130184935391370e+00
1.13080985888997976e+00
8.76437217831686710e-01
5.64687056112097907e-01
1.98922458575375605e-01
2.94738168265013034e-01
7.61659013023163745e-01
1.10324935471347385e+00
1.32971483791186307e+00
1.45771008430751858e+00
1.49304529522688711e+00
1.44781683302844888e+00
1.32637044433829021e+00
1.13722727840008231e+00
8.83233030716529810e-01
5.71370200320466481e-01
2.02930810546198326e-01
2.96470004743310256e-01
7.58956401533154024e-01
1.09987219019510629e+00
1.32620033515174973e+00
1.45585192188427004e+00
1.49242312485108397e+00
1.44859372626510963e+00
1.32787838052763529e+00
1.13875812910779040e+00
8.83865984427304019e-01
5.70100245456951704e-01
2.00618109638880104e-01
2.88144698585288683e-01
7.47738214506146193e-01
1.08934386152929386e+00
1.31914497734027081e+00
1.45269298008170233e+00
1.49366992507417651e+00
1.45354518848022862e+00
1.33590456542708891e+00
1.14898392148027861e+00
8.94769507664393227e-01
5.80779566510998713e-01
2.06972828532655334e-01
2.90760573204825457e-01
7.43520096529388552e-01
1.08378143286236095e+00
1.31353025156257153e+00
1.44966555612469739e+00
1.49294482175210308e+00
1.45511340010111212e+00
1.33885593475548093e+00
1.15206711941113915e+00
8.96466857843354337e-01
5.79380264892147667e-01
2.03617103792761267e-01
2.77603048823481524e-01
7.25453561761929766e-01
1.06651105974671534e+00
1.30172393227258310e+00
1.44399419936165629e+00
1.49449162105717348e+00
1.46265297928007687e+00
1.35156617390176925e+00
1.16841044673669225e+00
9.14202836113052530e-01
5.96721150554093249e-01
2.13720792262108522e-01
2.81397547969752526e-01
7.19022642899548536e-01
1.05749282031286151e+00
1.29272974042343236e+00
1.43904188301045965e+00
1.49375757494540418e+00
1.46573434032692340e+00
1.35721008061881143e+00
1.17449447833595433e+00
9.18015224820496134e-01
5.95161093314377165e-01
2.08760771847736698e-01
2.61186294906496586e-01
6.90446272818815099e-01
1.02932548194957563e+00
1.27299214592106424e+00
1.42904490610483093e+00
1.49534687511781139e+00
1.47706767939355643e+00
1.37714417068814110e+00
1.20069500380620764e+00
9.47052242526156718e-01
6.23470804563209136e-01
2.24988550016320121e-01
2.66449614924261946e-01
6.80751030702268722e-01
1.01525766782532112e+00
1.25942417613308466e+00
1.42127874152045330e+00
1.49482877483172349e+00
1.48292943006115219e+00
1.38768190821453330e+00
1.21209828680239551e+00
9.54302360002745487e-01
6.21746381176414342e-01
2.17639879720823937e-01
2.35438717964351341e-01
6.37118251075512343e-01
9.71546421205664257e-01
1.22717096719306240e+00
1.40369645498301776e+00
1.49550620305677806e+00
1.49881933026430958e+00
1.41756890215553666e+00
1.25269478748572149e+00
1.00128980762840647e+00
6.68136494906481970e-01
2.43969862724116776e-01
2.42811501639041638e-01
6.24753483094821260e-01
9.53470418413887577e-01
1.21244041418381254e+00
1.39662657900296017e+00
1.49717674947767998e+00
1.50912058257920978e+00
1.43437055369114930e+00
1.26995259265731364e+00
1.01334309445929227e+00
6.66295467806098496e-01
2.32436485540921806e-01
1.91804275458829998e-01
5.53854197476489785e-01
8.81378570890284929e-01
1.15795100149748120e+00
1.36432550615734427e+00
1.49558744740418681e+00
1.53604519975448262e+00
1.48614353653198239e+00
1.33987446501970919e+00
1.09400159062045144e+00
7.46015580892642971e-01
2.78530534437263555e-01
1.98468412171853542e-01
5.38621164629678129e-01
8.58687322567404210e-01
1.14170589615469376e+00
1.35948821460429881e+00
1.50451312787107883e+00
1.55760440487588792e+00
1.51792337304472524e+00
1.37373040829766246e+00
1.12024462774603961e+00
7.48043984122412020e-01
2.61537181707884092e-01
1.17696048576463611e-01
4.30528051829072278e-01
7.46756588794158960e-01
1.05164055002893830e+00
1.30014916002655689e+00
1.48906263755338664e+00
1.58905887929701617e+00
1.59532007399657072e+00
1.48706721598710168e+00
1.26114740313785001e+00
8.89767133222008400e-01
3.48102652644432631e-01
1.18981347550568231e-01
4.19016901734508229e-01
7.29606448672002750e-01
1.04250645255529761e+00
1.30331171712227878e+00
1.50986969872150367e+00
1.62409992731083452e+00
1.64291238287816554e+00
1.53874814785199043e+00
1.30687491764049413e+00
9.03566794159243347e-01
3.29087093541419129e-01
4.38471296805653873e-02
2.76996297382667178e-01
5.67587141225166625e-01
8.88936195474051116e-01
1.17863237749303029e+00
1.43862953781692715e+00
1.62477200452023185e+00
1.72440597133392415e+00
1.69464226239690019e+00
1.52783203628199260e+00
1.14040353485624246e+00
5.02935289803896790e-01
