# P12-MESH-004 full regression, build/release (Release -O3, GUI off), 2026-09-15T00:44:53Z
# HEAD b66310ca871811c4c7671056beec291a451af55c + uncommitted P12-MESH-001/002/003/004 working tree (incl. the FINAL BiCGSTAB fix: term-magnitude test + restart)
Test project /mnt/c/Users/Hasib/Desktop/CFDAPP/CFDApp/build/release
          Start 1689: CompressibleCoupledProductionCaseTest.RepeatedRunIsDeterministic
          Start 1657: NaturalConvectionValidation.GridConvergence
          Start 1813: SIMPLEMMS.DistortedMesh
          Start 1688: CompressibleCoupledProductionCaseTest.ExportsCoupledCompressibleFields
          Start 1685: CompressibleCoupledProductionCaseTest.DispatchesToCompressibleSimpleAndConverges
          Start 1687: CompressibleCoupledProductionCaseTest.MatchesArkilicIsothermalLubricationPressureProfile
          Start 1686: CompressibleCoupledProductionCaseTest.MassFlowRateIsConservedAtEveryInternalCrossSection
          Start 1707: GradedMeshProductionCase.GradedGridConvergence
          Start 1712: MultiBlockProductionCase.CurvedChannelGridConvergence
          Start 1808: SIMPLEMMS.VelocityConvergesAtExpectedOrder
          Start 1809: SIMPLEMMS.PressureConvergesAtExpectedOrder
          Start 1621: SchemeValidation.AccuracyCostComparison
          Start 1715: MultiBlockProductionCase.ObstacleChannelInternalSolid
          Start 1628: PoiseuilleValidation.GridConvergence
          Start 1709: GradedMeshProductionCase.GradedVertexGridOnNonOrthogonalStructuredQuad
          Start 1633: PoiseuilleValidation.ProductionGridConvergence
   1/1820 Test #1628: PoiseuilleValidation.GridConvergence .....................................................................   Passed   35.54 sec
          Start 1704: StructuredQuadProductionCase.SstChannelMatchesCartesianOnTiltedMesh
   2/1820 Test #1621: SchemeValidation.AccuracyCostComparison ..................................................................   Passed   36.10 sec
          Start 1698: StructuredQuadProductionCase.DistortedPoiseuilleGridConvergence
   3/1820 Test #1633: PoiseuilleValidation.ProductionGridConvergence ...........................................................   Passed   36.52 sec
          Start 1706: GradedMeshProductionCase.GradedMeshBeatsUniformAtEqualCellCount
   4/1820 Test #1808: SIMPLEMMS.VelocityConvergesAtExpectedOrder ...............................................................   Passed   46.02 sec
          Start 1705: GradedMeshProductionCase.CommittedCaseRunsConservesAndExportsGradedGeometry
   5/1820 Test #1809: SIMPLEMMS.PressureConvergesAtExpectedOrder ...............................................................   Passed   46.40 sec
          Start 1708: GradedMeshProductionCase.XAndYGradingTogether
   6/1820 Test #1709: GradedMeshProductionCase.GradedVertexGridOnNonOrthogonalStructuredQuad ...................................   Passed   49.08 sec
          Start 1810: SIMPLEMMS.ContinuityConverges
   7/1820 Test #1715: MultiBlockProductionCase.ObstacleChannelInternalSolid ....................................................   Passed   54.55 sec
          Start 1655: NaturalConvectionValidation.Grid15x15MatchesDeVahlDavisRa1e3
   8/1820 Test #1712: MultiBlockProductionCase.CurvedChannelGridConvergence ....................................................   Passed   60.84 sec
          Start 1762: ChannelFlowValidation.AllFourModelsProduceDistinctMuTAndNames
   9/1820 Test #1686: CompressibleCoupledProductionCaseTest.MassFlowRateIsConservedAtEveryInternalCrossSection .................   Passed   66.68 sec
          Start 1815: CompressibleSimpleMMS.SystemConvergence
  10/1820 Test #1687: CompressibleCoupledProductionCaseTest.MatchesArkilicIsothermalLubricationPressureProfile .................   Passed   67.70 sec
          Start 1702: StructuredQuadProductionCase.CompressibleSimpleMatchesLubricationSolutionOnDistortedMesh
  11/1820 Test #1685: CompressibleCoupledProductionCaseTest.DispatchesToCompressibleSimpleAndConverges .........................   Passed   68.53 sec
          Start 1710: MultiBlockProductionCase.CurvedChannelCommittedCaseGate
  12/1820 Test #1688: CompressibleCoupledProductionCaseTest.ExportsCoupledCompressibleFields ...................................   Passed   68.73 sec
          Start 1711: MultiBlockProductionCase.CurvedChannelInterfacesAreTransparent
  13/1820 Test #1707: GradedMeshProductionCase.GradedGridConvergence ...........................................................   Passed   74.37 sec
          Start 1811: SIMPLEMMS.GlobalMassBalance
  14/1820 Test #1810: SIMPLEMMS.ContinuityConverges ............................................................................   Passed   28.38 sec
          Start 1761: ChannelFlowValidation.LaminarControlDiffersSubstantiallyFromKEpsilon
  15/1820 Test #1706: GradedMeshProductionCase.GradedMeshBeatsUniformAtEqualCellCount ..........................................   Passed   42.96 sec
          Start 1765: TurbulentChannelValidation.ReTau180
  16/1820 Test #1698: StructuredQuadProductionCase.DistortedPoiseuilleGridConvergence ..........................................   Passed   48.39 sec
          Start 1766: TurbulentChannelValidation.LogLaw
  17/1820 Test #1708: GradedMeshProductionCase.XAndYGradingTogether ............................................................   Passed   39.13 sec
          Start 1764: ChannelFlowValidation.SSTIsDeterministic
  18/1820 Test #1704: StructuredQuadProductionCase.SstChannelMatchesCartesianOnTiltedMesh ......................................   Passed   50.58 sec
          Start 1645: TwoMaterialConductionValidation.Grid80MatchesAnalyticalSolution
  19/1820 Test #1645: TwoMaterialConductionValidation.Grid80MatchesAnalyticalSolution ..........................................   Passed    0.04 sec
          Start 1758: ChannelFlowValidation.SSTMediumConvergesAndMatchesLogLaw
  20/1820 Test #1705: GradedMeshProductionCase.CommittedCaseRunsConservesAndExportsGradedGeometry ..............................   Passed   40.54 sec
          Start 1805: MomentumMMS.DistortedMesh
  21/1820 Test #1655: NaturalConvectionValidation.Grid15x15MatchesDeVahlDavisRa1e3 .............................................   Passed   32.66 sec
          Start 1700: StructuredQuadProductionCase.NonOrthogonalCorrectionIsActiveOnTheProductionPath
  22/1820 Test #1815: CompressibleSimpleMMS.SystemConvergence ..................................................................   Passed   23.85 sec
          Start 1619: SchemeValidation.LinearUpwind
  23/1820 Test #1811: SIMPLEMMS.GlobalMassBalance ..............................................................................   Passed   18.67 sec
          Start 1620: SchemeValidation.Quick
  24/1820 Test #1702: StructuredQuadProductionCase.CompressibleSimpleMatchesLubricationSolutionOnDistortedMesh .................   Passed   25.61 sec
          Start 1618: SchemeValidation.Central
  25/1820 Test #1762: ChannelFlowValidation.AllFourModelsProduceDistinctMuTAndNames ............................................   Passed   34.35 sec
          Start 1608: CavityGhiaValidation.Re100Grid20
  26/1820 Test #1711: MultiBlockProductionCase.CurvedChannelInterfacesAreTransparent ...........................................   Passed   26.56 sec
          Start 1617: SchemeValidation.Upwind
  27/1820 Test #1710: MultiBlockProductionCase.CurvedChannelCommittedCaseGate ..................................................   Passed   27.50 sec
          Start 1487: SIMPLENonOrthogonalTest.CorrectedSolveIsCloserToExactCouetteFlowOnDistortedMesh
  28/1820 Test #1657: NaturalConvectionValidation.GridConvergence ..............................................................   Passed   96.96 sec
          Start 1714: MultiBlockProductionCase.StepChannelRegression
  29/1820 Test #1805: MomentumMMS.DistortedMesh ................................................................................   Passed   10.86 sec
          Start 1607: CavityGhiaValidation.Grid20x20IsDeterministic
  30/1820 Test #1765: TurbulentChannelValidation.ReTau180 ......................................................................   Passed   18.30 sec
          Start 1755: ChannelFlowValidation.KOmegaMediumConvergesAndMatchesLogLaw
  31/1820 Test #1813: SIMPLEMMS.DistortedMesh ..................................................................................   Passed   99.34 sec
          Start 1802: MomentumMMS.UConverges
  32/1820 Test #1619: SchemeValidation.LinearUpwind ............................................................................   Passed   10.53 sec
          Start 1660: NaturalConvectionValidation.RepeatedCoupledSolveIsBitIdentical
  33/1820 Test #1700: StructuredQuadProductionCase.NonOrthogonalCorrectionIsActiveOnTheProductionPath ..........................   Passed   14.96 sec
          Start 1624: TransientCavityTest.LongTimeTransientApproachesValidatedSteadySimple
  34/1820 Test #1761: ChannelFlowValidation.LaminarControlDiffersSubstantiallyFromKEpsilon .....................................   Passed   24.99 sec
          Start 1803: MomentumMMS.VConverges
  35/1820 Test #1618: SchemeValidation.Central .................................................................................   Passed    9.60 sec
          Start 1483: SIMPLENonOrthogonalTest.DistortedMeshStrong
  36/1820 Test #1620: SchemeValidation.Quick ...................................................................................   Passed   10.19 sec
          Start 1757: ChannelFlowValidation.SSTCoarseConvergesAndMatchesLogLaw
  37/1820 Test #1766: TurbulentChannelValidation.LogLaw ........................................................................   Passed   19.44 sec
          Start 1720: MeshQualityCampaign.ProductionPathManufacturedSolutionSmoke
  38/1820 Test #1617: SchemeValidation.Upwind ..................................................................................   Passed    9.29 sec
          Start 1807: SIMPLEMMS.ConvergesFromNonExactInitialCondition
  39/1820 Test #1608: CavityGhiaValidation.Re100Grid20 .........................................................................   Passed    9.87 sec
          Start 1630: PoiseuilleValidation.Profile
  40/1820 Test #1758: ChannelFlowValidation.SSTMediumConvergesAndMatchesLogLaw .................................................   Passed   19.19 sec
          Start 1632: PoiseuilleValidation.PressureDrop
  41/1820 Test #1487: SIMPLENonOrthogonalTest.CorrectedSolveIsCloserToExactCouetteFlowOnDistortedMesh ..........................   Passed   10.76 sec
          Start 1631: PoiseuilleValidation.MassFlow
  42/1820 Test #1802: MomentumMMS.UConverges ...................................................................................   Passed    8.03 sec
          Start 1699: StructuredQuadProductionCase.LeastSquaresGradientMatchesAnalyticalSolution
  43/1820 Test #1764: ChannelFlowValidation.SSTIsDeterministic .................................................................   Passed   22.12 sec
          Start 1697: StructuredQuadProductionCase.DistortedPoiseuilleMatchesAnalyticalSolution
  44/1820 Test #1755: ChannelFlowValidation.KOmegaMediumConvergesAndMatchesLogLaw ..............................................   Passed   11.05 sec
          Start 1639: HeatedCavityConductionValidation.Grid80x80MatchesAnalyticalProfile
  45/1820 Test #1639: HeatedCavityConductionValidation.Grid80x80MatchesAnalyticalProfile .......................................   Passed    0.12 sec
          Start 1798: LowMachRegressionTest.GridRefinementKeepsAllMetricsSmall
  46/1820 Test #1803: MomentumMMS.VConverges ...................................................................................   Passed    8.04 sec
          Start 1703: StructuredQuadProductionCase.KEpsilonChannelMatchesCartesianOnTiltedMesh
  47/1820 Test #1714: MultiBlockProductionCase.StepChannelRegression ...........................................................   Passed   14.14 sec
          Start 1752: ChannelFlowValidation.KEpsilonMediumConvergesAndMatchesLogLaw
  48/1820 Test #1483: SIMPLENonOrthogonalTest.DistortedMeshStrong ..............................................................   Passed    8.48 sec
          Start 1684: CompressibleProductionCaseTest.RepeatedRunsAreDeterministic
  49/1820 Test #1630: PoiseuilleValidation.Profile .............................................................................   Passed    6.45 sec
          Start 1763: ChannelFlowValidation.KEpsilonIsDeterministic
  50/1820 Test #1660: NaturalConvectionValidation.RepeatedCoupledSolveIsBitIdentical ...........................................   Passed   10.59 sec
          Start 1603: CavityGhiaValidation.Grid20x20ConvergesAndMatchesGhia
  51/1820 Test #1632: PoiseuilleValidation.PressureDrop ........................................................................   Passed    6.62 sec
          Start 1438: SIMPLEConvergenceTest.CavityRe100_20x20Converges
  52/1820 Test #1807: SIMPLEMMS.ConvergesFromNonExactInitialCondition ..........................................................   Passed    7.79 sec
          Start 1754: ChannelFlowValidation.KOmegaCoarseConvergesAndMatchesLogLaw
  53/1820 Test #1631: PoiseuilleValidation.MassFlow ............................................................................   Passed    6.63 sec
          Start 1658: NaturalConvectionValidation.HotFluidRisesNearHotWallColdFluidSinksNearColdWall
  54/1820 Test #1624: TransientCavityTest.LongTimeTransientApproachesValidatedSteadySimple .....................................   Passed   11.28 sec
          Start 1482: SIMPLENonOrthogonalTest.DistortedMeshModerate
  55/1820 Test #1757: ChannelFlowValidation.SSTCoarseConvergesAndMatchesLogLaw .................................................   Passed   10.29 sec
          Start 1654: NaturalConvectionValidation.Grid10x10ConstantPropertyModelsMatchDeVahlDavisRa1e3
  56/1820 Test #1699: StructuredQuadProductionCase.LeastSquaresGradientMatchesAnalyticalSolution ...............................   Passed    8.13 sec
          Start 1629: PoiseuilleValidation.Grid64x8IsDeterministic
  57/1820 Test #1607: CavityGhiaValidation.Grid20x20IsDeterministic ............................................................   Passed   18.10 sec
          Start 1481: SIMPLENonOrthogonalTest.DistortedMeshMild
  58/1820 Test #1697: StructuredQuadProductionCase.DistortedPoiseuilleMatchesAnalyticalSolution ................................   Passed    8.12 sec
          Start 1653: NaturalConvectionValidation.Grid10x10MatchesDeVahlDavisRa1e3
  59/1820 Test #1798: LowMachRegressionTest.GridRefinementKeepsAllMetricsSmall .................................................   Passed    6.89 sec
          Start 1635: TransientPoiseuilleTest.LongTimeTransientApproachesValidatedSteadySimple
  60/1820 Test #1684: CompressibleProductionCaseTest.RepeatedRunsAreDeterministic ..............................................   Passed    5.11 sec
          Start 1799: LowMachRegressionTest.RepeatedRunIsDeterministic
  61/1820 Test #1703: StructuredQuadProductionCase.KEpsilonChannelMatchesCartesianOnTiltedMesh .................................   Passed    6.80 sec
          Start 1800: ScalarMMS.AdvectionDiffusionConverges
  62/1820 Test #1754: ChannelFlowValidation.KOmegaCoarseConvergesAndMatchesLogLaw ..............................................   Passed    5.61 sec
          Start 1781: SpeciesSolverCouplingTest.PassiveSpeciesDoesNotAlterVelocityOrThermalSolution
  63/1820 Test #1763: ChannelFlowValidation.KEpsilonIsDeterministic ............................................................   Passed    6.50 sec
          Start 1485: SIMPLENonOrthogonalTest.NonOrthogonalDeterministic
  64/1820 Test #1482: SIMPLENonOrthogonalTest.DistortedMeshModerate ............................................................   Passed    4.58 sec
          Start 1499: SIMPLERobustnessTest.StagnationStatus
  65/1820 Test #1752: ChannelFlowValidation.KEpsilonMediumConvergesAndMatchesLogLaw ............................................   Passed    7.25 sec
          Start 1323: VisualizationSnapshotTest.CompressibleCaseExposesThermodynamicFieldsLiveAndReloaded
  66/1820 Test #1658: NaturalConvectionValidation.HotFluidRisesNearHotWallColdFluidSinksNearColdWall ...........................   Passed    5.24 sec
          Start 1690: CompressibleCoupledProductionCaseTest.NonCoupledCaseStillUsesPostHocPathUnchanged
  67/1820 Test #1654: NaturalConvectionValidation.Grid10x10ConstantPropertyModelsMatchDeVahlDavisRa1e3 .........................   Passed    5.39 sec
          Start 1681: CompressibleProductionCaseTest.ExportsCompressibleFieldsToCsvVtkAndJson
  68/1820 Test #1481: SIMPLENonOrthogonalTest.DistortedMeshMild ................................................................   Passed    4.55 sec
          Start 1679: CompressibleProductionCaseTest.ContinuityImbalanceIsSmall
  69/1820 Test #1720: MeshQualityCampaign.ProductionPathManufacturedSolutionSmoke ..............................................   Passed   16.44 sec
          Start 1751: ChannelFlowValidation.KEpsilonCoarseConvergesAndMatchesLogLaw
  70/1820 Test #1603: CavityGhiaValidation.Grid20x20ConvergesAndMatchesGhia ....................................................   Passed    8.98 sec
          Start 1680: CompressibleProductionCaseTest.OutletBoundaryMassFluxUsesReferencePressureDensity
  71/1820 Test #1800: ScalarMMS.AdvectionDiffusionConverges ....................................................................   Passed    3.31 sec
          Start 1678: CompressibleProductionCaseTest.MachNumberStaysWellBelowPointOneAndEosIsConsistent
  72/1820 Test #1438: SIMPLEConvergenceTest.CavityRe100_20x20Converges .........................................................   Passed    8.97 sec
          Start 1677: CompressibleProductionCaseTest.RunsEndToEndAndConverges
  73/1820 Test #1323: VisualizationSnapshotTest.CompressibleCaseExposesThermodynamicFieldsLiveAndReloaded ......................   Passed    2.76 sec
          Start 1598: CompressibleSIMPLENonOrthogonalTest.NonOrthogonalOpenChannel
  74/1820 Test #1499: SIMPLERobustnessTest.StagnationStatus ....................................................................   Passed    3.08 sec
          Start 1484: SIMPLENonOrthogonalTest.NonOrthogonalMassConservation
  75/1820 Test #1653: NaturalConvectionValidation.Grid10x10MatchesDeVahlDavisRa1e3 .............................................   Passed    5.38 sec
          Start 1625: PoiseuilleValidation.Grid64x8ConvergesAndMatchesAnalyticalProfile
  76/1820 Test #1485: SIMPLENonOrthogonalTest.NonOrthogonalDeterministic .......................................................   Passed    3.16 sec
          Start 1801: ScalarMMS.DistortedMeshNonOrthogonalCorrection
  77/1820 Test #1635: TransientPoiseuilleTest.LongTimeTransientApproachesValidatedSteadySimple .................................   Passed    5.30 sec
          Start 1782: SpeciesSolverCouplingTest.TwoIndependentSpeciesShowNoCrossCoupling
  78/1820 Test #1690: CompressibleCoupledProductionCaseTest.NonCoupledCaseStillUsesPostHocPathUnchanged ........................   Passed    2.79 sec
          Start 1793: LowMachRegressionTest.MachNumberStaysWellBelowPointOne
  79/1820 Test #1799: LowMachRegressionTest.RepeatedRunIsDeterministic .........................................................   Passed    5.11 sec
          Start 1794: LowMachRegressionTest.DensityVariationIsSmallRelativeToReferenceDensity
  80/1820 Test #1681: CompressibleProductionCaseTest.ExportsCompressibleFieldsToCsvVtkAndJson ..................................   Passed    2.74 sec
          Start 1795: LowMachRegressionTest.EosConsistencyErrorIsAtFloatingPointTolerance
  81/1820 Test #1781: SpeciesSolverCouplingTest.PassiveSpeciesDoesNotAlterVelocityOrThermalSolution ............................   Passed    4.33 sec
          Start 1797: LowMachRegressionTest.GlobalMassImbalanceIsSmall
  82/1820 Test #1679: CompressibleProductionCaseTest.ContinuityImbalanceIsSmall ................................................   Passed    2.72 sec
          Start 1796: LowMachRegressionTest.CompressibleMassFluxApproachesTheIncompressibleLimit
  83/1820 Test #1801: ScalarMMS.DistortedMeshNonOrthogonalCorrection ...........................................................   Passed    1.72 sec
          Start 1780: SpeciesSolverCouplingTest.TransportsThroughAGenuineSIMPLESolvedPoiseuilleFlow
  84/1820 Test #1680: CompressibleProductionCaseTest.OutletBoundaryMassFluxUsesReferencePressureDensity ........................   Passed    2.70 sec
          Start 1646: TwoMaterialConductionValidation.GridRefinementDoesNotDegradeAccuracy
  85/1820 Test #1646: TwoMaterialConductionValidation.GridRefinementDoesNotDegradeAccuracy .....................................   Passed    0.02 sec
          Start 1644: TwoMaterialConductionValidation.Grid40MatchesAnalyticalSolution
  86/1820 Test #1678: CompressibleProductionCaseTest.MachNumberStaysWellBelowPointOneAndEosIsConsistent ........................   Passed    2.72 sec
          Start 1623: TransientCavityTest.ImpulsiveStartReachesFiniteConservativeStateAndDevelopsRecirculation
  87/1820 Test #1644: TwoMaterialConductionValidation.Grid40MatchesAnalyticalSolution ..........................................   Passed    0.03 sec
          Start 1600: CompressibleSIMPLERobustnessTest.RobustnessRegression
  88/1820 Test #1484: SIMPLENonOrthogonalTest.NonOrthogonalMassConservation ....................................................   Passed    2.32 sec
          Start 1480: SIMPLENonOrthogonalTest.NonOrthogonalCorrectionsZeroPreservesBaseline
  89/1820 Test #1598: CompressibleSIMPLENonOrthogonalTest.NonOrthogonalOpenChannel .............................................   Passed    2.44 sec
          Start 1634: TransientPoiseuilleTest.StartupChannelReachesFiniteConservativeStateAndDevelopsProfile
  90/1820 Test #1782: SpeciesSolverCouplingTest.TwoIndependentSpeciesShowNoCrossCoupling .......................................   Passed    2.30 sec
          Start 1599: CompressibleSIMPLENonOrthogonalTest.LowMachRegression
  91/1820 Test #1793: LowMachRegressionTest.MachNumberStaysWellBelowPointOne ...................................................   Passed    2.17 sec
          Start 1504: SIMPLERobustnessTest.Deterministic
  92/1820 Test #1677: CompressibleProductionCaseTest.RunsEndToEndAndConverges ..................................................   Passed    2.87 sec
          Start 1498: SIMPLERobustnessTest.NormalizedResidualConvergence
  93/1820 Test #1751: ChannelFlowValidation.KEpsilonCoarseConvergesAndMatchesLogLaw ............................................   Passed    3.51 sec
          Start 1636: TemporalRefinementTest.ImplicitEulerConvergesAtApproximatelyFirstOrderOnRealPisoChannel
  94/1820 Test #1794: LowMachRegressionTest.DensityVariationIsSmallRelativeToReferenceDensity ..................................   Passed    2.30 sec
          Start 1506: SIMPLERobustnessTest.BookkeepingOverheadIsSmall
  95/1820 Test #1795: LowMachRegressionTest.EosConsistencyErrorIsAtFloatingPointTolerance ......................................   Passed    2.31 sec
          Start 1500: SIMPLERobustnessTest.NormalConvergenceIsNotStagnationOrDivergence
  96/1820 Test #1629: PoiseuilleValidation.Grid64x8IsDeterministic .............................................................   Passed    8.84 sec
          Start 1601: CompressibleSIMPLERobustnessTest.FallbackRecovery
  97/1820 Test #1797: LowMachRegressionTest.GlobalMassImbalanceIsSmall .........................................................   Passed    2.32 sec
          Start 1395: ProductionValidationTest.SimpleCountsLinearIterations
  98/1820 Test #1599: CompressibleSIMPLENonOrthogonalTest.LowMachRegression ....................................................   Passed    1.10 sec
          Start 1812: SIMPLEMMS.Deterministic
  99/1820 Test #1600: CompressibleSIMPLERobustnessTest.RobustnessRegression ....................................................   Passed    1.28 sec
          Start 1502: SIMPLERobustnessTest.AdaptiveRelaxationRecovery
 100/1820 Test #1504: SIMPLERobustnessTest.Deterministic .......................................................................   Passed    1.12 sec
          Start 1638: HeatedCavityConductionValidation.Grid40x40MatchesAnalyticalProfile
 101/1820 Test #1480: SIMPLENonOrthogonalTest.NonOrthogonalCorrectionsZeroPreservesBaseline ....................................   Passed    1.31 sec
          Start 1640: HeatedCavityConductionValidation.GridRefinementDoesNotDegradeAccuracy
 102/1820 Test #1506: SIMPLERobustnessTest.BookkeepingOverheadIsSmall ..........................................................   Passed    0.88 sec
          Start 1597: CompressibleSIMPLENonOrthogonalTest.NonOrthogonalPressureCorrection
 103/1820 Test #1638: HeatedCavityConductionValidation.Grid40x40MatchesAnalyticalProfile .......................................   Passed    0.08 sec
          Start 1772: SpeciesAdvectionDiffusionValidation.DiffusionDominatedRegimePe0p1MatchesAnalytical
 104/1820 Test #1640: HeatedCavityConductionValidation.GridRefinementDoesNotDegradeAccuracy ....................................   Passed    0.05 sec
          Start 1503: SIMPLERobustnessTest.LinearSolverFallbackRecovery
 105/1820 Test #1500: SIMPLERobustnessTest.NormalConvergenceIsNotStagnationOrDivergence ........................................   Passed    0.95 sec
          Start 1718: MeshQualityCampaign.EachFamilysTargetedMetricIncreasesWithItsParameter
 106/1820 Test #1498: SIMPLERobustnessTest.NormalizedResidualConvergence .......................................................   Passed    1.06 sec
          Start 1773: SpeciesAdvectionDiffusionValidation.MixedRegimePe5MatchesAnalytical
 107/1820 Test #1634: TransientPoiseuilleTest.StartupChannelReachesFiniteConservativeStateAndDevelopsProfile ...................   Passed    1.43 sec
          Start 1302: ProjectRunnerTest.MeshQualityWarningDoesNotStopTheRun
 108/1820 Test #1780: SpeciesSolverCouplingTest.TransportsThroughAGenuineSIMPLESolvedPoiseuilleFlow ............................   Passed    2.06 sec
          Start  835: MeshQualityCase.InvalidMeshErrorCarriesTheSummaryAndEveryFatalIssue
 109/1820 Test #1796: LowMachRegressionTest.CompressibleMassFluxApproachesTheIncompressibleLimit ...............................   Passed    2.21 sec
          Start  834: MeshQualityCase.WarningMeshIsAcceptedNotRejected
 110/1820 Test  #835: MeshQualityCase.InvalidMeshErrorCarriesTheSummaryAndEveryFatalIssue ......................................   Passed    0.05 sec
          Start  833: MeshQualityCase.NonOrthogonalMeshCarriesTheCorrectionAdvice
 111/1820 Test #1636: TemporalRefinementTest.ImplicitEulerConvergesAtApproximatelyFirstOrderOnRealPisoChannel ..................   Passed    1.18 sec
          Start  832: MeshQualityCase.BuilderStoresTheProductionReportInTheSetup
 112/1820 Test  #834: MeshQualityCase.WarningMeshIsAcceptedNotRejected .........................................................   Passed    0.06 sec
          Start 1301: ProjectRunnerTest.MeshQualityReportIsReturnedAndExported
 113/1820 Test  #833: MeshQualityCase.NonOrthogonalMeshCarriesTheCorrectionAdvice ..............................................   Passed    0.06 sec
          Start  792: JSONWriterTest.MeshQualityNonFiniteAndUnavailableValuesAreNull
 114/1820 Test  #832: MeshQualityCase.BuilderStoresTheProductionReportInTheSetup ...............................................   Passed    0.06 sec
          Start  791: JSONWriterTest.MeshQualityIsExportedWithEveryMetricAndIssue
 115/1820 Test #1302: ProjectRunnerTest.MeshQualityWarningDoesNotStopTheRun ....................................................   Passed    0.21 sec
          Start  790: JSONWriterTest.MeshQualityIsAbsentWhenNotGiven
 116/1820 Test  #792: JSONWriterTest.MeshQualityNonFiniteAndUnavailableValuesAreNull ...........................................   Passed    0.06 sec
          Start 1300: ProjectRunnerTest.StagnationDetectionReportsDidNotConverge
 117/1820 Test  #791: JSONWriterTest.MeshQualityIsExportedWithEveryMetricAndIssue ..............................................   Passed    0.06 sec
          Start 1701: StructuredQuadProductionCase.ThermalAndSpeciesMatchLinearProfilesOnDistortedSlab
 118/1820 Test  #790: JSONWriterTest.MeshQualityIsAbsentWhenNotGiven ...........................................................   Passed    0.06 sec
          Start 1394: ProductionValidationTest.MakeSimpleRunRecordsSolverAndCost
 119/1820 Test #1623: TransientCavityTest.ImpulsiveStartReachesFiniteConservativeStateAndDevelopsRecirculation .................   Passed    1.89 sec
          Start 1713: MultiBlockProductionCase.SectorConductionInterfaceConservation
 120/1820 Test #1301: ProjectRunnerTest.MeshQualityReportIsReturnedAndExported .................................................   Passed    0.19 sec
          Start 1009: ThermalSolverVariablePropertiesTest.VariableConductivityMatchesManufacturedAnalyticalProfile
 121/1820 Test #1601: CompressibleSIMPLERobustnessTest.FallbackRecovery ........................................................   Passed    1.01 sec
          Start 1717: MeshQualityCampaign.ManufacturedSolutionSatisfiesTheCaseBoundaryConditions
 122/1820 Test #1717: MeshQualityCampaign.ManufacturedSolutionSatisfiesTheCaseBoundaryConditions ...............................   Passed    0.01 sec
          Start 1475: SIMPLEGpuSolverTest.GpuBackendReproducesCpuCavitySolutionWithinTolerance
 123/1820 Test #1009: ThermalSolverVariablePropertiesTest.VariableConductivityMatchesManufacturedAnalyticalProfile .............   Passed    0.05 sec
          Start 1716: MeshQualityCampaign.ManufacturedForcingMatchesFiniteDifferences
 124/1820 Test #1395: ProductionValidationTest.SimpleCountsLinearIterations ....................................................   Passed    0.78 sec
          Start 1719: MeshQualityCampaign.InvalidMeshesAreRejectedBeforeTheSolverRuns
 125/1820 Test #1625: PoiseuilleValidation.Grid64x8ConvergesAndMatchesAnalyticalProfile ........................................   Passed    4.28 sec
          Start 1602: CompressibleSIMPLERobustnessTest.LowMachRegression
 126/1820 Test #1716: MeshQualityCampaign.ManufacturedForcingMatchesFiniteDifferences ..........................................   Passed    0.06 sec
          Start 1647: TwoMaterialConductionValidation.RepeatedSolveIsDeterministic
 127/1820 Test #1502: SIMPLERobustnessTest.AdaptiveRelaxationRecovery ..........................................................   Passed    0.80 sec
          Start  856: MultiBlockCase.GeometricErrorsAreCaseErrors
 128/1820 Test #1772: SpeciesAdvectionDiffusionValidation.DiffusionDominatedRegimePe0p1MatchesAnalytical .......................   Passed    0.67 sec
          Start 1029: ThermalBoundaryConsistency.BoundaryDiffusionContributionIsExactPerConditionType
 129/1820 Test #1773: SpeciesAdvectionDiffusionValidation.MixedRegimePe5MatchesAnalytical ......................................   Passed    0.61 sec
          Start  855: MultiBlockCase.BuilderConstructsTheMultiBlockMeshWithNamedBoundaries
 130/1820 Test #1812: SIMPLEMMS.Deterministic ..................................................................................   Passed    0.91 sec
          Start  858: MultiBlockCase.JsonMetadataListsTheBlocks
 131/1820 Test #1597: CompressibleSIMPLENonOrthogonalTest.NonOrthogonalPressureCorrection ......................................   Passed    0.78 sec
          Start 1462: SIMPLETurbulenceModelsTest.LaminarKEpsilonKOmegaAndSSTProduceDistinctModelsAndMuT
 132/1820 Test #1647: TwoMaterialConductionValidation.RepeatedSolveIsDeterministic .............................................   Passed    0.14 sec
          Start  854: MultiBlockCase.WriterRoundTripsExactly
 133/1820 Test #1503: SIMPLERobustnessTest.LinearSolverFallbackRecovery ........................................................   Passed    0.78 sec
          Start 1032: ThermalBoundaryConsistency.SingularAllGradientCellReportsStatusInsteadOfThrowing
 134/1820 Test  #856: MultiBlockCase.GeometricErrorsAreCaseErrors ..............................................................   Passed    0.16 sec
          Start 1320: LoadSnapshotFromResultsTest.ThermalCaseExposesTemperatureField
 135/1820 Test #1029: ThermalBoundaryConsistency.BoundaryDiffusionContributionIsExactPerConditionType ..........................   Passed    0.17 sec
          Start  857: MultiBlockCase.VtkWritesBlockVerticesAndCellCorners
 136/1820 Test  #855: MultiBlockCase.BuilderConstructsTheMultiBlockMeshWithNamedBoundaries .....................................   Passed    0.17 sec
          Start 1031: ThermalBoundaryConsistency.ConjugateConductionPathIsConsistentToo
 137/1820 Test #1300: ProjectRunnerTest.StagnationDetectionReportsDidNotConverge ...............................................   Passed    0.53 sec
          Start 1030: ThermalBoundaryConsistency.ConvergedFieldIsConsistentWithItsBoundaryValues
 138/1820 Test #1701: StructuredQuadProductionCase.ThermalAndSpeciesMatchLinearProfilesOnDistortedSlab .........................   Passed    0.53 sec
          Start  261: BiCGSTABBreakdown.ZeroRhsAndExactGuessNeedNoIteration
 139/1820 Test #1394: ProductionValidationTest.MakeSimpleRunRecordsSolverAndCost ...............................................   Passed    0.53 sec
          Start  853: MultiBlockCase.BoundariesMustConfigureExactlyTheMeshPatches
 140/1820 Test #1713: MultiBlockProductionCase.SectorConductionInterfaceConservation ...........................................   Passed    0.52 sec
          Start 1321: VisualizationSnapshotTest.SpeciesCaseExposesConcentrationFieldLiveAndReloaded
 141/1820 Test #1475: SIMPLEGpuSolverTest.GpuBackendReproducesCpuCavitySolutionWithinTolerance .................................   Passed    0.47 sec
          Start 1322: VisualizationSnapshotTest.MultiphaseCaseExposesMixtureFieldsLiveAndReloaded
 142/1820 Test #1602: CompressibleSIMPLERobustnessTest.LowMachRegression .......................................................   Passed    0.41 sec
          Start  445: SmoothnessRatioTest.NegativeAtALocalExtremum
 143/1820 Test  #858: MultiBlockCase.JsonMetadataListsTheBlocks ................................................................   Passed    0.30 sec
          Start  935: AdaptiveRelaxation.ImprovingIncreasesGradually
 144/1820 Test  #854: MultiBlockCase.WriterRoundTripsExactly ...................................................................   Passed    0.27 sec
          Start  286: GMRESTest.InvalidRestartLengthIsRejected
 145/1820 Test #1032: ThermalBoundaryConsistency.SingularAllGradientCellReportsStatusInsteadOfThrowing .........................   Passed    0.26 sec
          Start  850: MultiBlockCase.ReaderParsesBlocksInterfacesAndPatches
 146/1820 Test #1462: SIMPLETurbulenceModelsTest.LaminarKEpsilonKOmegaAndSSTProduceDistinctModelsAndMuT ........................   Passed    0.34 sec
          Start  441: QuickFaceValueTest.ThrowsOnNonPositiveDistance
 147/1820 Test #1320: LoadSnapshotFromResultsTest.ThermalCaseExposesTemperatureField ...........................................   Passed    0.27 sec
          Start  852: MultiBlockCase.GeometryMustBeMeshDefinedExactlyForMultiblock
 148/1820 Test  #857: MultiBlockCase.VtkWritesBlockVerticesAndCellCorners ......................................................   Passed    0.27 sec
          Start  936: AdaptiveRelaxation.GrowthReducesAlpha
 149/1820 Test #1031: ThermalBoundaryConsistency.ConjugateConductionPathIsConsistentToo ........................................   Passed    0.26 sec
          Start  941: AdaptiveRelaxation.DisabledPreservesFixedAlpha
 150/1820 Test #1719: MeshQualityCampaign.InvalidMeshesAreRejectedBeforeTheSolverRuns ..........................................   Passed    0.60 sec
          Start  287: GMRESTest.GpuRequestFallsBackToCpu
 151/1820 Test #1030: ThermalBoundaryConsistency.ConvergedFieldIsConsistentWithItsBoundaryValues ...............................   Passed    0.28 sec
          Start 1479: SIMPLENonOrthogonalTest.CartesianExtraPassesOnlyDifferByLinearSolverTolerance
 152/1820 Test  #261: BiCGSTABBreakdown.ZeroRhsAndExactGuessNeedNoIteration ....................................................   Passed    0.27 sec
          Start  276: LinearSolverFactoryTest.GpuBackendJacobiRequestNeverThrowsAndConverges
 153/1820 Test  #853: MultiBlockCase.BoundariesMustConfigureExactlyTheMeshPatches ..............................................   Passed    0.27 sec
          Start  274: LinearSolverFactoryTest.CpuJacobiPreconditionerTypeMatchesExplicitJacobiPreconditioner
 154/1820 Test #1321: VisualizationSnapshotTest.SpeciesCaseExposesConcentrationFieldLiveAndReloaded ............................   Passed    0.27 sec
          Start  938: AdaptiveRelaxation.GrowingOscillationReducesAlphaDecayingZigzagDoesNot
 155/1820 Test #1322: VisualizationSnapshotTest.MultiphaseCaseExposesMixtureFieldsLiveAndReloaded ..............................   Passed    0.28 sec
          Start  449: VanLeerLimiterTest.OneAtRatioOfOne
 156/1820 Test  #445: SmoothnessRatioTest.NegativeAtALocalExtremum .............................................................   Passed    0.27 sec
          Start   35: GpuResidencyManagerCpuFallbackTest.ActiveMatchesCudaAvailable
 157/1820 Test  #935: AdaptiveRelaxation.ImprovingIncreasesGradually ...........................................................   Passed    0.28 sec
          Start  814: RobustnessConfigTest.NonDefaultBlockRoundTripsAndDefaultIsNotWritten
 158/1820 Test  #286: GMRESTest.InvalidRestartLengthIsRejected .................................................................   Passed    0.28 sec
          Start  271: LinearSolverFactoryTest.CgTypeSelectsCpuCG
 159/1820 Test  #850: MultiBlockCase.ReaderParsesBlocksInterfacesAndPatches ....................................................   Passed    0.28 sec
          Start  442: LinearUpwindFaceValueTest.ReconstructsExactlyForALinearField
 160/1820 Test #1718: MeshQualityCampaign.EachFamilysTargetedMetricIncreasesWithItsParameter ...................................   Passed    1.35 sec
          Start  937: AdaptiveRelaxation.PlateauHolds
 161/1820 Test  #441: QuickFaceValueTest.ThrowsOnNonPositiveDistance ...........................................................   Passed    0.31 sec
          Start  280: GMRESTest.RestartedSolveConvergesDeterministically
 162/1820 Test  #852: MultiBlockCase.GeometryMustBeMeshDefinedExactlyForMultiblock .............................................   Passed    0.30 sec
          Start  272: LinearSolverFactoryTest.GpuBackendRequestNeverThrowsRegardlessOfDeviceAvailability
 163/1820 Test  #936: AdaptiveRelaxation.GrowthReducesAlpha ....................................................................   Passed    0.31 sec
          Start  283: GMRESTest.NonFiniteInputIsRejectedBeforeIterating
 164/1820 Test  #941: AdaptiveRelaxation.DisabledPreservesFixedAlpha ...........................................................   Passed    0.31 sec
          Start  451: VanLeerLimiterTest.StaysWithinTheZeroToTwoSwebyTvdRegion
 165/1820 Test  #287: GMRESTest.GpuRequestFallsBackToCpu .......................................................................   Passed    0.31 sec
          Start  934: ConvergencePolicy.NormalizedHistoriesAreReportedAndFinite
 166/1820 Test #1479: SIMPLENonOrthogonalTest.CartesianExtraPassesOnlyDifferByLinearSolverTolerance ............................   Passed    0.31 sec
          Start  745: PhysicsCompatibilityTest.CompressibleSupportedAlongsideBuoyancy
 167/1820 Test  #276: LinearSolverFactoryTest.GpuBackendJacobiRequestNeverThrowsAndConverges ...................................   Passed    0.31 sec
          Start  279: GMRESTest.SolvesNonSymmetricSystem
 168/1820 Test  #274: LinearSolverFactoryTest.CpuJacobiPreconditionerTypeMatchesExplicitJacobiPreconditioner ...................   Passed    0.31 sec
          Start  932: ConvergencePolicy.NoHiddenConvergence
 169/1820 Test  #938: AdaptiveRelaxation.GrowingOscillationReducesAlphaDecayingZigzagDoesNot ...................................   Passed    0.30 sec
          Start  747: PhysicsCompatibilityTest.AllCompatibleModulesTogether
 170/1820 Test  #449: VanLeerLimiterTest.OneAtRatioOfOne .......................................................................   Passed    0.30 sec
          Start 1026: ThermalNonOrthogonalTest.NonOrthogonalDiffusion
 171/1820 Test   #35: GpuResidencyManagerCpuFallbackTest.ActiveMatchesCudaAvailable ............................................   Passed    0.30 sec
          Start  282: GMRESTest.ZeroRightHandSideConvergesImmediately
 172/1820 Test  #814: RobustnessConfigTest.NonDefaultBlockRoundTripsAndDefaultIsNotWritten .....................................   Passed    0.29 sec
          Start  851: MultiBlockCase.ParserErrorsNameTheField
 173/1820 Test  #271: LinearSolverFactoryTest.CgTypeSelectsCpuCG ...............................................................   Passed    0.29 sec
          Start  933: ConvergencePolicy.NormalizationRemovesArbitraryScale
 174/1820 Test  #442: LinearUpwindFaceValueTest.ReconstructsExactlyForALinearField .............................................   Passed    0.29 sec
          Start  444: SmoothnessRatioTest.PositiveForSmoothMonotoneData
 175/1820 Test  #937: AdaptiveRelaxation.PlateauHolds ..........................................................................   Passed    0.29 sec
          Start  277: LinearSolverFactoryTest.InvalidSettingsStillThrowRegardlessOfBackend
 176/1820 Test  #280: GMRESTest.RestartedSolveConvergesDeterministically .......................................................   Passed    0.29 sec
          Start  448: VanLeerLimiterTest.ZeroWhenRatioIsNullopt
 177/1820 Test  #272: LinearSolverFactoryTest.GpuBackendRequestNeverThrowsRegardlessOfDeviceAvailability .......................   Passed    0.29 sec
          Start  439: QuickFaceValueTest.MatchesClassicalCoefficientsOnUniformGrid
 178/1820 Test  #283: GMRESTest.NonFiniteInputIsRejectedBeforeIterating ........................................................   Passed    0.29 sec
          Start   32: GpuBackendCpuFallbackTest.CudaAvailableNeverThrows
 179/1820 Test  #451: VanLeerLimiterTest.StaysWithinTheZeroToTwoSwebyTvdRegion .................................................   Passed    0.29 sec
          Start  450: VanLeerLimiterTest.ApproachesTwoForLargeRatio
 180/1820 Test  #934: ConvergencePolicy.NormalizedHistoriesAreReportedAndFinite ................................................   Passed    0.30 sec
          Start  440: QuickFaceValueTest.ReproducesALinearFieldExactly
 181/1820 Test  #745: PhysicsCompatibilityTest.CompressibleSupportedAlongsideBuoyancy ..........................................   Passed    0.29 sec
          Start  447: VanLeerLimiterTest.ZeroAtOrBelowZeroRatio
 182/1820 Test  #279: GMRESTest.SolvesNonSymmetricSystem .......................................................................   Passed    0.29 sec
          Start  284: GMRESTest.IterationBudgetIsReportedAsMaxIterations
 183/1820 Test  #932: ConvergencePolicy.NoHiddenConvergence ....................................................................   Passed    0.30 sec
          Start 1318: LoadSnapshotFromResultsTest.ReloadsAPreviouslyWrittenResultsDirectory
 184/1820 Test  #747: PhysicsCompatibilityTest.AllCompatibleModulesTogether ....................................................   Passed    0.29 sec
          Start 1669: SpeciesProductionCaseTest.RepeatedRunsAreDeterministic
 185/1820 Test  #282: GMRESTest.ZeroRightHandSideConvergesImmediately ..........................................................   Passed    0.27 sec
          Start  285: GMRESTest.SingularInconsistentSystemReportsBreakdown
 186/1820 Test #1026: ThermalNonOrthogonalTest.NonOrthogonalDiffusion ..........................................................   Passed    0.32 sec
          Start  244: CGTest.RepeatedSolveRebuildsPreconditionerEachTime
 187/1820 Test  #851: MultiBlockCase.ParserErrorsNameTheField ..................................................................   Passed    0.30 sec
          Start  278: GMRESTest.SolvesSPDSystemAndAgreesWithCG
 188/1820 Test  #933: ConvergencePolicy.NormalizationRemovesArbitraryScale .....................................................   Passed    0.30 sec
          Start  813: RobustnessConfigTest.InvalidValuesAreRejectedWithTheFieldNamed
 189/1820 Test  #444: SmoothnessRatioTest.PositiveForSmoothMonotoneData ........................................................   Passed    0.30 sec
          Start 1476: SIMPLEGpuSolverTest.GpuBackendSatisfiesTheSameConvergenceCriteria
 190/1820 Test  #277: LinearSolverFactoryTest.InvalidSettingsStillThrowRegardlessOfBackend .....................................   Passed    0.30 sec
          Start  135: MeshGrading.TwoSidedClusteringOddCellCount
 191/1820 Test  #448: VanLeerLimiterTest.ZeroWhenRatioIsNullopt ................................................................   Passed    0.30 sec
          Start  748: PhysicsCompatibilityTest.RejectsMultiphaseTogetherWithCompressible
 192/1820 Test  #439: QuickFaceValueTest.MatchesClassicalCoefficientsOnUniformGrid .............................................   Passed    0.30 sec
          Start  136: MeshGrading.InvariantsHoldForEveryDistribution
 193/1820 Test   #32: GpuBackendCpuFallbackTest.CudaAvailableNeverThrows .......................................................   Passed    0.30 sec
          Start 1695: HeatedSpeciesDiffusionProductionCaseTest.RepeatedRunsAreDeterministic
 194/1820 Test  #450: VanLeerLimiterTest.ApproachesTwoForLargeRatio ............................................................   Passed    0.30 sec
          Start  752: PhysicsCompatibilityTest.RejectsCoupledCompressibleTogetherWithTurbulence
 195/1820 Test  #440: QuickFaceValueTest.ReproducesALinearFieldExactly .........................................................   Passed    0.30 sec
          Start  137: MeshGrading.RatioOneIsExactlyUniform
 196/1820 Test  #447: VanLeerLimiterTest.ZeroAtOrBelowZeroRatio ................................................................   Passed    0.30 sec
          Start  828: StructuredQuadCase.WriterKeepsCartesianMeshFileUnchanged
 197/1820 Test  #284: GMRESTest.IterationBudgetIsReportedAsMaxIterations .......................................................   Passed    0.29 sec
          Start  823: StructuredQuadCase.NonMonotoneBoundaryEdgeIsRejected
 198/1820 Test #1318: LoadSnapshotFromResultsTest.ReloadsAPreviouslyWrittenResultsDirectory ....................................   Passed    0.30 sec
          Start  812: RobustnessConfigTest.PartialBlockKeepsDefaultsForAbsentKeys
 199/1820 Test #1669: SpeciesProductionCaseTest.RepeatedRunsAreDeterministic ...................................................   Passed    0.30 sec
          Start  743: PhysicsCompatibilityTest.SpeciesSupportedAlongsideMultiphase
 200/1820 Test  #285: GMRESTest.SingularInconsistentSystemReportsBreakdown .....................................................   Passed    0.29 sec
          Start 1692: HeatedSpeciesDiffusionProductionCaseTest.BothFieldsMatchAnalyticalProfilesSimultaneously
 201/1820 Test  #244: CGTest.RepeatedSolveRebuildsPreconditionerEachTime .......................................................   Passed    0.29 sec
          Start  134: MeshGrading.TwoSidedClusteringEvenCellCount
 202/1820 Test  #278: GMRESTest.SolvesSPDSystemAndAgreesWithCG .................................................................   Passed    0.29 sec
          Start  811: RobustnessConfigTest.FullBlockParsesAndReachesSolverSettings
 203/1820 Test  #813: RobustnessConfigTest.InvalidValuesAreRejectedWithTheFieldNamed ...........................................   Passed    0.29 sec
          Start  749: PhysicsCompatibilityTest.RejectsMultiphaseTogetherWithTurbulence
 204/1820 Test #1476: SIMPLEGpuSolverTest.GpuBackendSatisfiesTheSameConvergenceCriteria ........................................   Passed    0.29 sec
          Start  140: MeshGrading.RejectsZeroCells
 205/1820 Test  #135: MeshGrading.TwoSidedClusteringOddCellCount ...............................................................   Passed    0.29 sec
          Start  939: AdaptiveRelaxation.RespectsBounds
 206/1820 Test  #748: PhysicsCompatibilityTest.RejectsMultiphaseTogetherWithCompressible .......................................   Passed    0.29 sec
          Start  238: JacobiTest.AcceptsSmallButSafeDiagonal
 207/1820 Test  #136: MeshGrading.InvariantsHoldForEveryDistribution ...........................................................   Passed    0.28 sec
          Start  825: StructuredQuadCase.BuilderRejectsFoldedMesh
 208/1820 Test  #752: PhysicsCompatibilityTest.RejectsCoupledCompressibleTogetherWithTurbulence ................................   Passed    0.26 sec
          Start  753: PhysicsCompatibilityTest.RejectsCoupledCompressibleTogetherWithBuoyancy
 209/1820 Test  #137: MeshGrading.RatioOneIsExactlyUniform .....................................................................   Passed    0.26 sec
          Start  926: ResidualTrend.Diverging
 210/1820 Test #1695: HeatedSpeciesDiffusionProductionCaseTest.RepeatedRunsAreDeterministic ....................................   Passed    0.32 sec
          Start   37: GpuResidencyManagerCpuFallbackTest.SyncFieldNeverThrowsRegardlessOfDevice
 211/1820 Test  #828: StructuredQuadCase.WriterKeepsCartesianMeshFileUnchanged .................................................   Passed    0.28 sec
          Start   36: GpuResidencyManagerCpuFallbackTest.SyncMatrixNeverThrowsRegardlessOfDevice
 212/1820 Test  #823: StructuredQuadCase.NonMonotoneBoundaryEdgeIsRejected .....................................................   Passed    0.28 sec
          Start  918: ResidualNormalization.NonzeroBaseline
 213/1820 Test  #812: RobustnessConfigTest.PartialBlockKeepsDefaultsForAbsentKeys ..............................................   Passed    0.28 sec
          Start  133: MeshGrading.OneSidedEndClusteringMirrorsStart
 214/1820 Test  #743: PhysicsCompatibilityTest.SpeciesSupportedAlongsideMultiphase .............................................   Passed    0.28 sec
          Start  815: RobustnessConfigTest.GmresLinearSolverTypeIsAccepted
 215/1820 Test #1692: HeatedSpeciesDiffusionProductionCaseTest.BothFieldsMatchAnalyticalProfilesSimultaneously .................   Passed    0.28 sec
          Start 1028: ThermalNonOrthogonalTest.PrescribedFluxWallsKeepEnergyBalance
 216/1820 Test  #134: MeshGrading.TwoSidedClusteringEvenCellCount ..............................................................   Passed    0.27 sec
          Start  826: StructuredQuadCase.CartesianCaseBuildsTheUnchangedCartesianMesh
 217/1820 Test  #811: RobustnessConfigTest.FullBlockParsesAndReachesSolverSettings .............................................   Passed    0.28 sec
          Start  924: ResidualTrend.SlowConvergenceIsNotStagnation
 218/1820 Test  #749: PhysicsCompatibilityTest.RejectsMultiphaseTogetherWithTurbulence .........................................   Passed    0.28 sec
          Start  751: PhysicsCompatibilityTest.RejectsCompressibleThermalCoupledWithoutThermal
 219/1820 Test  #140: MeshGrading.RejectsZeroCells .............................................................................   Passed    0.27 sec
          Start  139: MeshGrading.ConstructionIsDeterministic
 220/1820 Test  #939: AdaptiveRelaxation.RespectsBounds ........................................................................   Passed    0.28 sec
          Start 1297: ProjectRunnerTest.RepeatedRunsAreDeterministic
 221/1820 Test  #238: JacobiTest.AcceptsSmallButSafeDiagonal ...................................................................   Passed    0.28 sec
          Start  138: MeshGrading.NearUnityRatioTendsToUniform
 222/1820 Test  #825: StructuredQuadCase.BuilderRejectsFoldedMesh ..............................................................   Passed    0.27 sec
          Start  824: StructuredQuadCase.BuilderConstructsTheVertexMesh
 223/1820 Test  #753: PhysicsCompatibilityTest.RejectsCoupledCompressibleTogetherWithBuoyancy ..................................   Passed    0.28 sec
          Start  245: CGTest.InvalidSystemWhenPreconditionerRejectsTheMatrix
 224/1820 Test  #926: ResidualTrend.Diverging ..................................................................................   Passed    0.27 sec
          Start  830: StructuredQuadCase.CartesianVtkIsByteIdenticalToTheReconstructedPoints
 225/1820 Test   #37: GpuResidencyManagerCpuFallbackTest.SyncFieldNeverThrowsRegardlessOfDevice ................................   Passed    0.27 sec
          Start  931: ConvergencePolicy.DefaultIsExactlyTheAbsoluteGate
 226/1820 Test   #36: GpuResidencyManagerCpuFallbackTest.SyncMatrixNeverThrowsRegardlessOfDevice ...............................   Passed    0.28 sec
          Start  744: PhysicsCompatibilityTest.SpeciesSupportedAlongsideCompressible
 227/1820 Test  #918: ResidualNormalization.NonzeroBaseline ....................................................................   Passed    0.28 sec
          Start  750: PhysicsCompatibilityTest.RejectsBuoyancyWithoutThermal
 228/1820 Test  #133: MeshGrading.OneSidedEndClusteringMirrorsStart ............................................................   Passed    0.28 sec
          Start  132: MeshGrading.OneSidedStartClusteringMatchesGeometricSeries
 229/1820 Test  #815: RobustnessConfigTest.GmresLinearSolverTypeIsAccepted .....................................................   Passed    0.28 sec
          Start  810: RobustnessConfigTest.AbsentBlockDefaultsToEveryFeatureOff
 230/1820 Test #1028: ThermalNonOrthogonalTest.PrescribedFluxWallsKeepEnergyBalance ............................................   Passed    0.28 sec
          Start  237: JacobiTest.RejectsNearZeroDiagonal
 231/1820 Test  #826: StructuredQuadCase.CartesianCaseBuildsTheUnchangedCartesianMesh ..........................................   Passed    0.28 sec
          Start  831: StructuredQuadCase.ExportRejectsANonCartesianMeshWithoutGrid
 232/1820 Test  #924: ResidualTrend.SlowConvergenceIsNotStagnation .............................................................   Passed    0.28 sec
          Start  727: MultiphaseCaseTest.RejectsAlphaKeyWhenMultiphaseDisabled
 233/1820 Test  #751: PhysicsCompatibilityTest.RejectsCompressibleThermalCoupledWithoutThermal .................................   Passed    0.28 sec
          Start  827: StructuredQuadCase.WriterRoundTripsVerticesExactly
 234/1820 Test  #139: MeshGrading.ConstructionIsDeterministic ..................................................................   Passed    0.28 sec
          Start  131: MeshGrading.UniformIsEqualWidths
 235/1820 Test  #138: MeshGrading.NearUnityRatioTendsToUniform .................................................................   Passed    0.27 sec
          Start  829: StructuredQuadCase.VtkPointsAreTheMeshVertices
 236/1820 Test #1297: ProjectRunnerTest.RepeatedRunsAreDeterministic ...........................................................   Passed    0.30 sec
          Start  721: MultiphaseCaseTest.RejectsNonPositivePhaseViscosity
 237/1820 Test  #824: StructuredQuadCase.BuilderConstructsTheVertexMesh ........................................................   Passed    0.29 sec
          Start  723: MultiphaseCaseTest.RejectsNonPositiveTransportTimeStep
 238/1820 Test  #245: CGTest.InvalidSystemWhenPreconditionerRejectsTheMatrix ...................................................   Passed    0.29 sec
          Start  944: SolverRobustnessSettingsTest.InvalidValuesAreRejected
 239/1820 Test  #830: StructuredQuadCase.CartesianVtkIsByteIdenticalToTheReconstructedPoints ...................................   Passed    0.30 sec
          Start  945: SolverRobustnessPerformance.BookkeepingIsFixedWindowCost
 240/1820 Test  #931: ConvergencePolicy.DefaultIsExactlyTheAbsoluteGate ........................................................   Passed    0.30 sec
          Start  717: MultiphaseCaseTest.NonMultiphaseFixtureHasNoMultiphaseConfig
 241/1820 Test  #744: PhysicsCompatibilityTest.SpeciesSupportedAlongsideCompressible ...........................................   Passed    0.29 sec
          Start 1378: ManufacturedFieldsTest.VelocityIsAnalyticallyDivergenceFree
 242/1820 Test  #750: PhysicsCompatibilityTest.RejectsBuoyancyWithoutThermal ...................................................   Passed    0.30 sec
          Start  145: AxisSpacing.UniformUsesTheCartesianArithmetic
 243/1820 Test  #132: MeshGrading.OneSidedStartClusteringMatchesGeometricSeries ................................................   Passed    0.30 sec
          Start  722: MultiphaseCaseTest.RejectsIdenticalPhaseNames
 244/1820 Test  #810: RobustnessConfigTest.AbsentBlockDefaultsToEveryFeatureOff ................................................   Passed    0.30 sec
          Start  836: GradedMeshCase.NoGradingMeansNone
 245/1820 Test  #237: JacobiTest.RejectsNearZeroDiagonal .......................................................................   Passed    0.29 sec
          Start  719: MultiphaseCaseTest.BuilderConstructsMultiphaseRuntimeObjects
 246/1820 Test  #831: StructuredQuadCase.ExportRejectsANonCartesianMeshWithoutGrid .............................................   Passed    0.30 sec
          Start  726: MultiphaseCaseTest.RejectsMissingPerPatchAlphaWhenMultiphaseEnabled
 247/1820 Test  #727: MultiphaseCaseTest.RejectsAlphaKeyWhenMultiphaseDisabled .................................................   Passed    0.30 sec
          Start  848: GradedMeshCase.BuilderBuildsTheGradedMesh
 248/1820 Test  #827: StructuredQuadCase.WriterRoundTripsVerticesExactly .......................................................   Passed    0.30 sec
          Start 1393: ProductionValidationTest.PassedRequiresAcceptanceAndEveryCheck
 249/1820 Test  #131: MeshGrading.UniformIsEqualWidths .........................................................................   Passed    0.30 sec
          Start 1114: WallDistanceTest.ExactPerpendicularDistanceOnTiltedStructuredQuadMesh
 250/1820 Test  #829: StructuredQuadCase.VtkPointsAreTheMeshVertices ...........................................................   Passed    0.30 sec
          Start  720: MultiphaseCaseTest.RejectsInitialAlphaOutOfRange
 251/1820 Test  #721: MultiphaseCaseTest.RejectsNonPositivePhaseViscosity ......................................................   Passed    0.30 sec
          Start 1115: WallDistanceTest.CartesianDistanceIsBitIdenticalToFaceCentroidDistance
 252/1820 Test  #723: MultiphaseCaseTest.RejectsNonPositiveTransportTimeStep ...................................................   Passed    0.30 sec
          Start 1650: BoussinesqCouplingTest.ReversingGravityReversesCirculationDirection
 253/1820 Test  #944: SolverRobustnessSettingsTest.InvalidValuesAreRejected ....................................................   Passed    0.30 sec
          Start 1668: SpeciesProductionCaseTest.NonSpeciesCaseStillRunsWithEmptySpeciesResults
 254/1820 Test  #945: SolverRobustnessPerformance.BookkeepingIsFixedWindowCost .................................................   Passed    0.29 sec
          Start 1691: HeatedSpeciesDiffusionProductionCaseTest.RunsEndToEndAndConverges
 255/1820 Test  #717: MultiphaseCaseTest.NonMultiphaseFixtureHasNoMultiphaseConfig .............................................   Passed    0.29 sec
          Start  143: MeshGrading.RejectsOverflowingRatio
 256/1820 Test #1378: ManufacturedFieldsTest.VelocityIsAnalyticallyDivergenceFree ..............................................   Passed    0.29 sec
          Start  921: ResidualNormalization.DecreasingIncreasingAndConstantSequences
 257/1820 Test  #145: AxisSpacing.UniformUsesTheCartesianArithmetic ............................................................   Passed    0.29 sec
          Start  943: SolverRobustnessSettingsTest.DefaultsAreValidAndDisabled
 258/1820 Test  #722: MultiphaseCaseTest.RejectsIdenticalPhaseNames ............................................................   Passed    0.29 sec
          Start  718: MultiphaseCaseTest.ParsesMultiphaseConfigWhenEnabled
 259/1820 Test  #836: GradedMeshCase.NoGradingMeansNone ........................................................................   Passed    0.30 sec
          Start 1817: BackwardFacingStep.ReattachmentDetection
 260/1820 Test  #719: MultiphaseCaseTest.BuilderConstructsMultiphaseRuntimeObjects .............................................   Passed    0.30 sec
          Start  920: ResidualNormalization.SmallBaseline
 261/1820 Test  #726: MultiphaseCaseTest.RejectsMissingPerPatchAlphaWhenMultiphaseEnabled ......................................   Passed    0.30 sec
          Start  148: AxisSpacing.FromNodesRejectsInvalidNodes
 262/1820 Test  #848: GradedMeshCase.BuilderBuildsTheGradedMesh ................................................................   Passed    0.30 sec
          Start 1816: BackwardFacingStep.Geometry
 263/1820 Test #1393: ProductionValidationTest.PassedRequiresAcceptanceAndEveryCheck ...........................................   Passed    0.30 sec
          Start  929: ResidualTrend.NonFiniteResidualIsDivergingWhenEnabled
 264/1820 Test #1114: WallDistanceTest.ExactPerpendicularDistanceOnTiltedStructuredQuadMesh ....................................   Passed    0.30 sec
          Start  141: MeshGrading.RejectsNonPositiveOrNonFiniteLength
 265/1820 Test  #720: MultiphaseCaseTest.RejectsInitialAlphaOutOfRange .........................................................   Passed    0.31 sec
          Start  142: MeshGrading.RejectsInvalidRatios
 266/1820 Test #1115: WallDistanceTest.CartesianDistanceIsBitIdenticalToFaceCentroidDistance ...................................   Passed    0.30 sec
          Start  847: GradedMeshCase.UngradedCaseIsWrittenUnchanged
 267/1820 Test #1650: BoussinesqCouplingTest.ReversingGravityReversesCirculationDirection ......................................   Passed    0.30 sec
          Start  923: ResidualTrend.Converging
 268/1820 Test #1668: SpeciesProductionCaseTest.NonSpeciesCaseStillRunsWithEmptySpeciesResults .................................   Passed    0.31 sec
          Start  925: ResidualTrend.Stagnating
 269/1820 Test #1691: HeatedSpeciesDiffusionProductionCaseTest.RunsEndToEndAndConverges ........................................   Passed    0.31 sec
          Start   33: GpuBackendCpuFallbackTest.ExecutionStatsStartAtZeroWithNoDeviceActivity
 270/1820 Test  #143: MeshGrading.RejectsOverflowingRatio ......................................................................   Passed    0.30 sec
          Start  275: LinearSolverFactoryTest.ExplicitPreconditionerArgumentOverridesSettingsPreconditioner
 271/1820 Test  #921: ResidualNormalization.DecreasingIncreasingAndConstantSequences ...........................................   Passed    0.30 sec
          Start  281: GMRESTest.JacobiPreconditionedSolveMatches
 272/1820 Test  #943: SolverRobustnessSettingsTest.DefaultsAreValidAndDisabled .................................................   Passed    0.30 sec
          Start  725: MultiphaseCaseTest.RejectsMultiphaseTogetherWithTurbulence
 273/1820 Test  #718: MultiphaseCaseTest.ParsesMultiphaseConfigWhenEnabled .....................................................   Passed    0.30 sec
          Start  147: AxisSpacing.FromNodesGivesCentresAndWidths
 274/1820 Test #1817: BackwardFacingStep.ReattachmentDetection .................................................................   Passed    0.30 sec
          Start 1675: MultiphaseProductionCaseTest.NonMultiphaseCaseStillRunsWithNoMultiphaseResult
 275/1820 Test  #920: ResidualNormalization.SmallBaseline ......................................................................   Passed    0.29 sec
          Start  164: MultiBlockMeshInvalid.OverlapsAndUndeclaredContactsAreRejected
 276/1820 Test  #148: AxisSpacing.FromNodesRejectsInvalidNodes .................................................................   Passed    0.29 sec
          Start  846: GradedMeshCase.WriterRoundTripsGradingExactly
 277/1820 Test #1816: BackwardFacingStep.Geometry ..............................................................................   Passed    0.29 sec
          Start  144: MeshGrading.RejectsVanishingCells
 278/1820 Test  #929: ResidualTrend.NonFiniteResidualIsDivergingWhenEnabled ....................................................   Passed    0.28 sec
          Start  940: AdaptiveRelaxation.RecoveryAfterGrowthStopsBelowTheUnstableFactor
 279/1820 Test  #141: MeshGrading.RejectsNonPositiveOrNonFiniteLength ..........................................................   Passed    0.28 sec
          Start  754: PhysicsCompatibilityTest.RejectsMultiphaseCompressibleAndTurbulenceAllTogether
 280/1820 Test  #142: MeshGrading.RejectsInvalidRatios .........................................................................   Passed    0.28 sec
          Start   34: GpuBackendCpuFallbackTest.ResetIsANoOpWhenAlreadyZero
 281/1820 Test  #847: GradedMeshCase.UngradedCaseIsWrittenUnchanged ............................................................   Passed    0.28 sec
          Start  927: ResidualTrend.SustainedRunawayFromAPlateau
 282/1820 Test  #923: ResidualTrend.Converging .................................................................................   Passed    0.28 sec
          Start  922: ResidualNormalization.NonFiniteInput
 283/1820 Test  #925: ResidualTrend.Stagnating .................................................................................   Passed    0.28 sec
          Start  919: ResidualNormalization.ZeroBaseline
 284/1820 Test   #33: GpuBackendCpuFallbackTest.ExecutionStatsStartAtZeroWithNoDeviceActivity ..................................   Passed    0.28 sec
          Start  928: ResidualTrend.SingleSpikeDoesNotTriggerDivergence
 285/1820 Test  #275: LinearSolverFactoryTest.ExplicitPreconditionerArgumentOverridesSettingsPreconditioner ....................   Passed    0.28 sec
          Start  930: ResidualTrend.DisabledDetectionNeverStops
 286/1820 Test  #281: GMRESTest.JacobiPreconditionedSolveMatches ...............................................................   Passed    0.28 sec
          Start  746: PhysicsCompatibilityTest.CompressibleSupportedAlongsideTurbulence
 287/1820 Test  #725: MultiphaseCaseTest.RejectsMultiphaseTogetherWithTurbulence ...............................................   Passed    0.28 sec
          Start 1299: ProjectRunnerTest.DivergenceDetectionReportsNumericalFailure
 288/1820 Test  #147: AxisSpacing.FromNodesGivesCentresAndWidths ...............................................................   Passed    0.28 sec
          Start 1316: BuildSnapshotTest.ValidRunProducesAUsableSnapshot
 289/1820 Test  #164: MultiBlockMeshInvalid.OverlapsAndUndeclaredContactsAreRejected ...........................................   Passed    0.26 sec
          Start  849: GradedMeshCase.UniformGradingBuildsTheCartesianMesh
 290/1820 Test  #846: GradedMeshCase.WriterRoundTripsGradingExactly ............................................................   Passed    0.27 sec
          Start 1429: VelocityCorrectionTest.LeastSquaresSchemeIsWiredThroughAndMatchesOnInteriorCells
 291/1820 Test #1675: MultiphaseProductionCaseTest.NonMultiphaseCaseStillRunsWithNoMultiphaseResult ............................   Passed    0.33 sec
          Start  165: MultiBlockMeshInvalid.DisconnectedDomainFailsTheValidityGate
 292/1820 Test  #144: MeshGrading.RejectsVanishingCells ........................................................................   Passed    0.29 sec
          Start  273: LinearSolverFactoryTest.GpuBackendReportsAvailabilityConsistentlyAndFallsBackDeterministically
 293/1820 Test  #940: AdaptiveRelaxation.RecoveryAfterGrowthStopsBelowTheUnstableFactor ........................................   Passed    0.29 sec
          Start 1693: HeatedSpeciesDiffusionProductionCaseTest.BothFieldsConserveFluxIndependently
 294/1820 Test  #754: PhysicsCompatibilityTest.RejectsMultiphaseCompressibleAndTurbulenceAllTogether ...........................   Passed    0.28 sec
          Start  646: CaseValidationTest.UnsupportedLinearSolverBackendIsRejected
 295/1820 Test   #34: GpuBackendCpuFallbackTest.ResetIsANoOpWhenAlreadyZero ....................................................   Passed    0.29 sec
          Start  789: JSONWriterTest.RobustnessStatusesAndDiagnosticsAreExported
 296/1820 Test  #927: ResidualTrend.SustainedRunawayFromAPlateau ...............................................................   Passed    0.28 sec
          Start  597: CaseReaderTest.InvalidConvectionSchemeValueThrowsCaseConfigurationError
 297/1820 Test  #922: ResidualNormalization.NonFiniteInput .....................................................................   Passed    0.29 sec
          Start  807: VTKWriterTest.MultipleSpeciesWrittenInOrderAfterTemperature
 298/1820 Test  #919: ResidualNormalization.ZeroBaseline .......................................................................   Passed    0.29 sec
          Start  774: CSVWriterTest.MismatchedSpeciesSizeThrows
 299/1820 Test  #928: ResidualTrend.SingleSpikeDoesNotTriggerDivergence ........................................................   Passed    0.29 sec
          Start  298: LinearFallbackTest.OnlyAlgorithmicFailuresAreEligible
 300/1820 Test  #930: ResidualTrend.DisabledDetectionNeverStops ................................................................   Passed    0.29 sec
          Start 1384: ManufacturedFieldsTest.ExactFaceFluxIsDiscretelyDivergenceFree
 301/1820 Test  #746: PhysicsCompatibilityTest.CompressibleSupportedAlongsideTurbulence ........................................   Passed    0.29 sec
          Start  773: CSVWriterTest.AppendsSpeciesColumnsInOrderAfterTemperature
 302/1820 Test #1299: ProjectRunnerTest.DivergenceDetectionReportsNumericalFailure .............................................   Passed    0.29 sec
          Start 1674: MultiphaseProductionCaseTest.MissingCaseDirectoryReportsInvalidCase
 303/1820 Test  #849: GradedMeshCase.UniformGradingBuildsTheCartesianMesh ......................................................   Passed    0.27 sec
          Start  615: CaseWriterTest.NonDefaultConvectionSchemeRoundTrips
 304/1820 Test #1316: BuildSnapshotTest.ValidRunProducesAUsableSnapshot ........................................................   Passed    0.32 sec
          Start  786: JSONWriterTest.SpeciesArrayIsEmptyByDefault
 305/1820 Test #1429: VelocityCorrectionTest.LeastSquaresSchemeIsWiredThroughAndMatchesOnInteriorCells .........................   Passed    0.29 sec
          Start 1379: ManufacturedFieldsTest.VelocityDerivativesExact
 306/1820 Test  #165: MultiBlockMeshInvalid.DisconnectedDomainFailsTheValidityGate .............................................   Passed    0.29 sec
          Start 1497: SIMPLERobustnessTest.DefaultRobustnessPreservesBaseline
 307/1820 Test  #273: LinearSolverFactoryTest.GpuBackendReportsAvailabilityConsistentlyAndFallsBackDeterministically ...........   Passed    0.29 sec
          Start  820: StructuredQuadCase.MalformedVertexIsRejected
 308/1820 Test #1693: HeatedSpeciesDiffusionProductionCaseTest.BothFieldsConserveFluxIndependently .............................   Passed    0.29 sec
          Start  809: VTKWriterTest.NonFiniteSpeciesThrows
 309/1820 Test  #646: CaseValidationTest.UnsupportedLinearSolverBackendIsRejected ..............................................   Passed    0.29 sec
          Start  787: JSONWriterTest.WritesSpeciesMetadataInOrderWhenProvided
 310/1820 Test  #789: JSONWriterTest.RobustnessStatusesAndDiagnosticsAreExported ...............................................   Passed    0.29 sec
          Start   38: GpuResidencyManagerCpuFallbackTest.MoveConstructionAndAssignmentAreSafe
 311/1820 Test  #597: CaseReaderTest.InvalidConvectionSchemeValueThrowsCaseConfigurationError ..................................   Passed    0.29 sec
          Start  292: LinearFallbackTest.FallbackFailurePropagates
 312/1820 Test  #807: VTKWriterTest.MultipleSpeciesWrittenInOrderAfterTemperature ..............................................   Passed    0.29 sec
          Start 1381: ManufacturedFieldsTest.MomentumForcingExact
 313/1820 Test  #774: CSVWriterTest.MismatchedSpeciesSizeThrows ................................................................   Passed    0.29 sec
          Start  818: StructuredQuadCase.MissingVerticesAreRejected
 314/1820 Test  #298: LinearFallbackTest.OnlyAlgorithmicFailuresAreEligible ....................................................   Passed    0.29 sec
          Start  942: AdaptiveRelaxation.Deterministic
 315/1820 Test #1384: ManufacturedFieldsTest.ExactFaceFluxIsDiscretelyDivergenceFree ...........................................   Passed    0.28 sec
          Start  300: LinearFallbackTest.Deterministic
 316/1820 Test  #773: CSVWriterTest.AppendsSpeciesColumnsInOrderAfterTemperature ...............................................   Passed    0.28 sec
          Start  270: LinearSolverFactoryTest.DefaultSettingsSelectCpuBiCGSTAB
 317/1820 Test #1674: MultiphaseProductionCaseTest.MissingCaseDirectoryReportsInvalidCase ......................................   Passed    0.28 sec
          Start  817: StructuredQuadCase.CartesianMeshHasNoVerticesAndRejectsThem
 318/1820 Test  #615: CaseWriterTest.NonDefaultConvectionSchemeRoundTrips ......................................................   Passed    0.28 sec
          Start  296: LinearFallbackTest.SingularOrReducibleMatricesAreNotCGEligible
 319/1820 Test  #786: JSONWriterTest.SpeciesArrayIsEmptyByDefault ..............................................................   Passed    0.28 sec
          Start  457: GridRefinementTest.LinearUpwindConvectionOfSmoothFieldGlobalOrderReflectsBoundaryTreatment
 320/1820 Test #1379: ManufacturedFieldsTest.VelocityDerivativesExact ..........................................................   Passed    0.28 sec
          Start  459: GridRefinementTest.QuickConvectionOfSmoothFieldGlobalOrderReflectsBoundaryTreatment
 321/1820 Test #1497: SIMPLERobustnessTest.DefaultRobustnessPreservesBaseline ..................................................   Passed    0.29 sec
          Start  821: StructuredQuadCase.NonFiniteVertexIsRejected
 322/1820 Test  #820: StructuredQuadCase.MalformedVertexIsRejected .............................................................   Passed    0.29 sec
          Start  294: LinearFallbackTest.DoesNotUseCGForUnsupportedMatrix
 323/1820 Test  #809: VTKWriterTest.NonFiniteSpeciesThrows .....................................................................   Passed    0.29 sec
          Start  816: StructuredQuadCase.ParsesVertices
 324/1820 Test  #787: JSONWriterTest.WritesSpeciesMetadataInOrderWhenProvided ..................................................   Passed    0.29 sec
          Start  289: LinearFallbackTest.DisabledPropagatesFailure
 325/1820 Test   #38: GpuResidencyManagerCpuFallbackTest.MoveConstructionAndAssignmentAreSafe ..................................   Passed    0.29 sec
          Start  620: CaseWriterTest.SpeciesRoundTrip
 326/1820 Test  #292: LinearFallbackTest.FallbackFailurePropagates .............................................................   Passed    0.29 sec
          Start  819: StructuredQuadCase.WrongVertexCountIsRejected
 327/1820 Test #1381: ManufacturedFieldsTest.MomentumForcingExact ..............................................................   Passed    0.29 sec
          Start  822: StructuredQuadCase.BoundaryVertexOffTheRectangleIsRejected
 328/1820 Test  #818: StructuredQuadCase.MissingVerticesAreRejected ............................................................   Passed    0.29 sec
          Start  291: LinearFallbackTest.SuccessRecorded
 329/1820 Test  #942: AdaptiveRelaxation.Deterministic .........................................................................   Passed    0.29 sec
          Start  772: CSVWriterTest.OmitsSpeciesColumnsWhenNotProvided
 330/1820 Test  #300: LinearFallbackTest.Deterministic .........................................................................   Passed    0.29 sec
          Start  595: CaseReaderTest.MissingConvectionSchemeDefaultsToUpwind
 331/1820 Test  #270: LinearSolverFactoryTest.DefaultSettingsSelectCpuBiCGSTAB .................................................   Passed    0.29 sec
          Start  458: GridRefinementTest.LinearUpwindConvectionOfSmoothFieldConvergesAboveFirstOrderInInterior
 332/1820 Test  #817: StructuredQuadCase.CartesianMeshHasNoVerticesAndRejectsThem ..............................................   Passed    0.29 sec
          Start  593: CaseReaderTest.CgTypeAndGpuBackendParseCorrectly
 333/1820 Test  #296: LinearFallbackTest.SingularOrReducibleMatricesAreNotCGEligible ...........................................   Passed    0.29 sec
          Start  460: GridRefinementTest.QuickConvectionOfSmoothFieldConvergesAboveFirstOrderInInterior
 334/1820 Test  #457: GridRefinementTest.LinearUpwindConvectionOfSmoothFieldGlobalOrderReflectsBoundaryTreatment ...............   Passed    0.29 sec
          Start  295: LinearFallbackTest.SpdMatrixIsCGEligibleAndPreferred
 335/1820 Test  #459: GridRefinementTest.QuickConvectionOfSmoothFieldGlobalOrderReflectsBoundaryTreatment ......................   Passed    0.29 sec
          Start  297: LinearFallbackTest.FallbackKeepsAndRecordsThePreconditioner
 336/1820 Test  #821: StructuredQuadCase.NonFiniteVertexIsRejected .............................................................   Passed    0.29 sec
          Start 1382: ManufacturedFieldsTest.ScalarForcingExact
 337/1820 Test  #294: LinearFallbackTest.DoesNotUseCGForUnsupportedMatrix ......................................................   Passed    0.28 sec
          Start  805: VTKWriterTest.OmitsSpeciesBlocksWhenNotProvided
 338/1820 Test  #816: StructuredQuadCase.ParsesVertices ........................................................................   Passed    0.28 sec
          Start  288: LinearFallbackTest.PrimaryBiCGSTABGenuinelyBreaksDownOnIndefiniteSystem
 339/1820 Test  #289: LinearFallbackTest.DisabledPropagatesFailure .............................................................   Passed    0.28 sec
          Start 1396: ProductionValidationTest.GridStudyEntryAndSequenceOrder
 340/1820 Test  #620: CaseWriterTest.SpeciesRoundTrip ..........................................................................   Passed    0.28 sec
          Start  290: LinearFallbackTest.EligibleBreakdownUsesFallback
 341/1820 Test  #819: StructuredQuadCase.WrongVertexCountIsRejected ............................................................   Passed    0.29 sec
          Start  431: ConvectionSchemeTest.CentralSchemeMatchesIndependentOracleForPositiveAndNegativeFlux
 342/1820 Test  #822: StructuredQuadCase.BoundaryVertexOffTheRectangleIsRejected ...............................................   Passed    0.28 sec
          Start  596: CaseReaderTest.EachValidConvectionSchemeNameParses
 343/1820 Test  #291: LinearFallbackTest.SuccessRecorded .......................................................................   Passed    0.28 sec
          Start  432: ConvectionSchemeTest.QuickSchemeMatchesIndependentOracleForPositiveAndNegativeFlux
 344/1820 Test  #772: CSVWriterTest.OmitsSpeciesColumnsWhenNotProvided .........................................................   Passed    0.28 sec
          Start  732: CompressibleCaseTest.CoupledExplicitFalseParsesTheSameAsAbsent
 345/1820 Test  #595: CaseReaderTest.MissingConvectionSchemeDefaultsToUpwind ...................................................   Passed    0.28 sec
          Start  456: GridRefinementTest.CentralConvectionOfSmoothFieldConvergesAboveFirstOrderInInterior
 346/1820 Test  #458: GridRefinementTest.LinearUpwindConvectionOfSmoothFieldConvergesAboveFirstOrderInInterior .................   Passed    0.28 sec
          Start  530: MomentumConvectionTest.DefaultSchemeArgumentMatchesExplicitUpwind
 347/1820 Test  #593: CaseReaderTest.CgTypeAndGpuBackendParseCorrectly .........................................................   Passed    0.28 sec
          Start 1346: ProbeScalarRawTest.MatchesMeshBasedProbeOnEquivalentData
 348/1820 Test  #460: GridRefinementTest.QuickConvectionOfSmoothFieldConvergesAboveFirstOrderInInterior ........................   Passed    0.28 sec
          Start 1694: HeatedSpeciesDiffusionProductionCaseTest.ExportsBothFieldsToCsvVtkAndJson
 349/1820 Test  #295: LinearFallbackTest.SpdMatrixIsCGEligibleAndPreferred .....................................................   Passed    0.28 sec
          Start  455: GridRefinementTest.CentralConvectionOfSmoothFieldGlobalOrderReflectsBoundaryTreatment
 350/1820 Test  #297: LinearFallbackTest.FallbackKeepsAndRecordsThePreconditioner ..............................................   Passed    0.28 sec
          Start  730: CompressibleCaseTest.CoupledDefaultsToFalseWhenAbsent
 351/1820 Test #1382: ManufacturedFieldsTest.ScalarForcingExact ................................................................   Passed    0.28 sec
          Start  734: CompressibleCaseTest.BuilderConstructsCompressibleRuntimeObjects
 352/1820 Test  #805: VTKWriterTest.OmitsSpeciesBlocksWhenNotProvided ..........................................................   Passed    0.28 sec
          Start 1659: NaturalConvectionValidation.ZeroBetaRecoversPureConductionProfile
 353/1820 Test  #288: LinearFallbackTest.PrimaryBiCGSTABGenuinelyBreaksDownOnIndefiniteSystem ..................................   Passed    0.28 sec
          Start  724: MultiphaseCaseTest.RejectsTopLevelViscosityAboveBothPhases
 354/1820 Test #1396: ProductionValidationTest.GridStudyEntryAndSequenceOrder ..................................................   Passed    0.28 sec
          Start 1397: ProductionValidationTest.ReportIsDeterministicExceptRuntime
 355/1820 Test  #290: LinearFallbackTest.EligibleBreakdownUsesFallback .........................................................   Passed    0.29 sec
          Start 1317: BuildSnapshotTest.IncompleteRunProducesAnInvalidSnapshot
 356/1820 Test  #431: ConvectionSchemeTest.CentralSchemeMatchesIndependentOracleForPositiveAndNegativeFlux .....................   Passed    0.29 sec
          Start 1383: ManufacturedFieldsTest.CompressibleForcingExact
 357/1820 Test  #596: CaseReaderTest.EachValidConvectionSchemeNameParses .......................................................   Passed    0.29 sec
          Start 1355: SampleVectorFieldRawTest.RejectsZeroStride
 358/1820 Test  #432: ConvectionSchemeTest.QuickSchemeMatchesIndependentOracleForPositiveAndNegativeFlux .......................   Passed    0.29 sec
          Start  428: ConvectionSchemeTest.RejectsInvalidName
 359/1820 Test  #732: CompressibleCaseTest.CoupledExplicitFalseParsesTheSameAsAbsent ...........................................   Passed    0.29 sec
          Start  740: CompressibleCaseTest.RejectsSpecificHeatPressureNotGreaterThanGasConstant
 360/1820 Test  #456: GridRefinementTest.CentralConvectionOfSmoothFieldConvergesAboveFirstOrderInInterior ......................   Passed    0.29 sec
          Start  433: ConvectionSchemeTest.QuickDegradesToUpwindWhenNoFartherUpstreamCellExists
 361/1820 Test  #530: MomentumConvectionTest.DefaultSchemeArgumentMatchesExplicitUpwind ........................................   Passed    0.29 sec
          Start  739: CompressibleCaseTest.RejectsNonPositiveGasConstant
 362/1820 Test #1346: ProbeScalarRawTest.MatchesMeshBasedProbeOnEquivalentData .................................................   Passed    0.29 sec
          Start  742: CompressibleCaseTest.RejectsNonPositiveTemperature
 363/1820 Test #1694: HeatedSpeciesDiffusionProductionCaseTest.ExportsBothFieldsToCsvVtkAndJson ................................   Passed    0.29 sec
          Start  429: ConvectionSchemeTest.NameRoundTripsThroughParse
 364/1820 Test  #455: GridRefinementTest.CentralConvectionOfSmoothFieldGlobalOrderReflectsBoundaryTreatment ....................   Passed    0.29 sec
          Start  438: ConvectionSchemeTest.StepFunctionStaysWithinInitialBoundsAfterOneExplicitStep
 365/1820 Test  #730: CompressibleCaseTest.CoupledDefaultsToFalseWhenAbsent ....................................................   Passed    0.30 sec
          Start  430: ConvectionSchemeTest.ConvectionOverloadWithoutSchemeArgumentDefaultsToUpwind
 366/1820 Test  #734: CompressibleCaseTest.BuilderConstructsCompressibleRuntimeObjects .........................................   Passed    0.30 sec
          Start  716: SpeciesCaseTest.RejectsMissingValueForConcentrationBoundary
 367/1820 Test #1659: NaturalConvectionValidation.ZeroBetaRecoversPureConductionProfile ........................................   Passed    0.30 sec
          Start  427: ConvectionSchemeTest.ParsesAllFourValidNames
 368/1820 Test  #724: MultiphaseCaseTest.RejectsTopLevelViscosityAboveBothPhases ...............................................   Passed    0.30 sec
          Start 1473: SIMPLEGpuResidencyTest.EnablingResidencyDoesNotChangeTheComputedResult
 369/1820 Test #1397: ProductionValidationTest.ReportIsDeterministicExceptRuntime ..............................................   Passed    0.30 sec
          Start  710: SpeciesCaseTest.RejectsUnknownSpeciesKey
 370/1820 Test #1317: BuildSnapshotTest.IncompleteRunProducesAnInvalidSnapshot .................................................   Passed    0.29 sec
          Start  735: CompressibleCaseTest.ThermalCoupledRequiresThermalBlock
 371/1820 Test #1383: ManufacturedFieldsTest.CompressibleForcingExact ..........................................................   Passed    0.29 sec
          Start 1354: SampleVectorFieldRawTest.MatchesMeshBasedSamplingOnEquivalentData
 372/1820 Test #1355: SampleVectorFieldRawTest.RejectsZeroStride ...............................................................   Passed    0.30 sec
          Start  733: CompressibleCaseTest.RejectsNonBooleanCoupled
 373/1820 Test  #428: ConvectionSchemeTest.RejectsInvalidName ..................................................................   Passed    0.29 sec
          Start 1313: CaseSessionTest.RunConvergingCaseMovesToCompleted
 374/1820 Test  #740: CompressibleCaseTest.RejectsSpecificHeatPressureNotGreaterThanGasConstant ................................   Passed    0.29 sec
          Start  731: CompressibleCaseTest.CoupledTrueParsesAndRoundTripsThroughCaseBuilder
 375/1820 Test  #433: ConvectionSchemeTest.QuickDegradesToUpwindWhenNoFartherUpstreamCellExists ................................   Passed    0.29 sec
          Start 1347: ProbeScalarRawTest.RejectsMismatchedSizes
 376/1820 Test  #739: CompressibleCaseTest.RejectsNonPositiveGasConstant .......................................................   Passed    0.28 sec
          Start  712: SpeciesCaseTest.RejectsSpeciesKeyWhenSpeciesDisabled
 377/1820 Test  #742: CompressibleCaseTest.RejectsNonPositiveTemperature .......................................................   Passed    0.28 sec
          Start  737: CompressibleCaseTest.RejectsBothTemperatureAndThermalCoupled
 378/1820 Test  #429: ConvectionSchemeTest.NameRoundTripsThroughParse ..........................................................   Passed    0.28 sec
          Start  436: ConvectionSchemeTest.DegradedFaceStillProducesAFiniteConsistentResult
 379/1820 Test  #438: ConvectionSchemeTest.StepFunctionStaysWithinInitialBoundsAfterOneExplicitStep ............................   Passed    0.28 sec
          Start  434: ConvectionSchemeTest.SchemeChoiceDoesNotAffectABoundaryOnlyMesh
 380/1820 Test  #430: ConvectionSchemeTest.ConvectionOverloadWithoutSchemeArgumentDefaultsToUpwind .............................   Passed    0.28 sec
          Start  373: SolveLeastSquaresGradientTest.ZeroDataGivesZeroGradient
 381/1820 Test  #716: SpeciesCaseTest.RejectsMissingValueForConcentrationBoundary ..............................................   Passed    0.28 sec
          Start  437: ConvectionSchemeTest.HigherOrderSchemesAreDeterministic
 382/1820 Test  #427: ConvectionSchemeTest.ParsesAllFourValidNames .............................................................   Passed    0.28 sec
          Start  435: ConvectionSchemeTest.LinearFieldIsReproducedExactlyAwayFromAnyDegradedFace
 383/1820 Test #1473: SIMPLEGpuResidencyTest.EnablingResidencyDoesNotChangeTheComputedResult ...................................   Passed    0.28 sec
          Start 1696: StructuredQuadProductionCase.CommittedCaseIsAGenuinelyNonOrthogonalMesh
 384/1820 Test  #710: SpeciesCaseTest.RejectsUnknownSpeciesKey .................................................................   Passed    0.27 sec
          Start  377: SolveLeastSquaresGradientTest.IgnoresAZeroDistanceEntryRatherThanDividingByZero
 385/1820 Test  #735: CompressibleCaseTest.ThermalCoupledRequiresThermalBlock ..................................................   Passed    0.28 sec
          Start 1349: NearestIndexTest.EmptyPointsReturnsNullopt
 386/1820 Test #1354: SampleVectorFieldRawTest.MatchesMeshBasedSamplingOnEquivalentData ........................................   Passed    0.27 sec
          Start 1683: CompressibleProductionCaseTest.NonCompressibleCaseStillRunsWithNoCompressibleResult
 387/1820 Test  #733: CompressibleCaseTest.RejectsNonBooleanCoupled ............................................................   Passed    0.27 sec
          Start  736: CompressibleCaseTest.ThermalCoupledAcceptedAlongsideThermal
 388/1820 Test #1313: CaseSessionTest.RunConvergingCaseMovesToCompleted ........................................................   Passed    0.27 sec
          Start 1360: GridConvergenceTest.UnequalRefinementRatios
 389/1820 Test  #731: CompressibleCaseTest.CoupledTrueParsesAndRoundTripsThroughCaseBuilder ....................................   Passed    0.28 sec
          Start 1319: LoadSnapshotFromResultsTest.MissingDirectoryProducesAnInvalidSnapshot
 390/1820 Test #1347: ProbeScalarRawTest.RejectsMismatchedSizes ................................................................   Passed    0.28 sec
          Start  372: SolveLeastSquaresGradientTest.ReconstructsExactGradientForConsistentLinearData
 391/1820 Test  #712: SpeciesCaseTest.RejectsSpeciesKeyWhenSpeciesDisabled .....................................................   Passed    0.28 sec
          Start 1365: GridConvergenceTest.DivergingSequenceDetected
 392/1820 Test  #737: CompressibleCaseTest.RejectsBothTemperatureAndThermalCoupled .............................................   Passed    0.28 sec
          Start 1369: GridConvergenceTest.NonFiniteInputRejected
 393/1820 Test  #436: ConvectionSchemeTest.DegradedFaceStillProducesAFiniteConsistentResult ....................................   Passed    0.28 sec
          Start  729: CompressibleCaseTest.ParsesIsothermalCompressibleConfigWhenEnabled
 394/1820 Test  #434: ConvectionSchemeTest.SchemeChoiceDoesNotAffectABoundaryOnlyMesh ..........................................   Passed    0.28 sec
          Start  714: SpeciesCaseTest.RejectsUnknownSpeciesNameOnPatch
 395/1820 Test  #373: SolveLeastSquaresGradientTest.ZeroDataGivesZeroGradient ..................................................   Passed    0.27 sec
          Start 1356: GridConvergenceTest.RepresentativeGridSize
 396/1820 Test  #437: ConvectionSchemeTest.HigherOrderSchemesAreDeterministic ..................................................   Passed    0.28 sec
          Start 1370: GridConvergenceTest.GridIndependenceCriterion
 397/1820 Test  #435: ConvectionSchemeTest.LinearFieldIsReproducedExactlyAwayFromAnyDegradedFace ...............................   Passed    0.28 sec
          Start  379: SolveLeastSquaresGradientTest.MismatchedSizesThrows
 398/1820 Test #1696: StructuredQuadProductionCase.CommittedCaseIsAGenuinelyNonOrthogonalMesh ..................................   Passed    0.28 sec
          Start 1363: GridConvergenceTest.AsymptoticRatio
 399/1820 Test  #377: SolveLeastSquaresGradientTest.IgnoresAZeroDistanceEntryRatherThanDividingByZero ..........................   Passed    0.28 sec
          Start 1663: SpeciesProductionCaseTest.RunsEndToEndAndConverges
 400/1820 Test #1349: NearestIndexTest.EmptyPointsReturnsNullopt ...............................................................   Passed    0.28 sec
          Start 1376: GridConvergenceStudyTest.DeterministicReport
 401/1820 Test #1683: CompressibleProductionCaseTest.NonCompressibleCaseStillRunsWithNoCompressibleResult ......................   Passed    0.28 sec
          Start  741: CompressibleCaseTest.RejectsNonPositiveReferencePressure
 402/1820 Test  #736: CompressibleCaseTest.ThermalCoupledAcceptedAlongsideThermal ..............................................   Passed    0.28 sec
          Start  708: SpeciesCaseTest.RejectsEmptyName
 403/1820 Test #1360: GridConvergenceTest.UnequalRefinementRatios ..............................................................   Passed    0.28 sec
          Start 1664: SpeciesProductionCaseTest.ConcentrationMatchesAnalyticalProfile
 404/1820 Test #1319: LoadSnapshotFromResultsTest.MissingDirectoryProducesAnInvalidSnapshot ....................................   Passed    0.28 sec
          Start  728: CompressibleCaseTest.NonCompressibleFixtureHasNoCompressibleConfig
 405/1820 Test  #372: SolveLeastSquaresGradientTest.ReconstructsExactGradientForConsistentLinearData ...........................   Passed    0.28 sec
          Start  715: SpeciesCaseTest.RejectsUnknownConcentrationBoundaryType
 406/1820 Test #1365: GridConvergenceTest.DivergingSequenceDetected ............................................................   Passed    0.28 sec
          Start 1374: GridConvergenceStudyTest.MissingQuantityIsInvalid
 407/1820 Test #1369: GridConvergenceTest.NonFiniteInputRejected ...............................................................   Passed    0.28 sec
          Start  704: SpeciesCaseTest.ParsesSpeciesListWhenEnabled
 408/1820 Test  #729: CompressibleCaseTest.ParsesIsothermalCompressibleConfigWhenEnabled .......................................   Passed    0.28 sec
          Start 1375: GridConvergenceStudyTest.SimpleSolveGateRejectsInvalidSolves
 409/1820 Test  #714: SpeciesCaseTest.RejectsUnknownSpeciesNameOnPatch .........................................................   Passed    0.28 sec
          Start 1371: GridConvergenceTest.ObservedOrderSolverMatchesClosedFormForEqualRatios
 410/1820 Test #1356: GridConvergenceTest.RepresentativeGridSize ...............................................................   Passed    0.28 sec
          Start  806: VTKWriterTest.AppendsOneSpeciesBlockAfterVelocityMagnitudeWhenProvided
 411/1820 Test #1370: GridConvergenceTest.GridIndependenceCriterion ............................................................   Passed    0.28 sec
          Start 1358: GridConvergenceTest.SecondOrderSynthetic
 412/1820 Test  #379: SolveLeastSquaresGradientTest.MismatchedSizesThrows ......................................................   Passed    0.28 sec
          Start  375: SolveLeastSquaresGradientTest.DetectsASingleNeighborAsIllConditioned
 413/1820 Test #1363: GridConvergenceTest.AsymptoticRatio ......................................................................   Passed    0.28 sec
          Start 1367: GridConvergenceTest.ZeroSolutionQuantityHasNoRelativeMetrics
 414/1820 Test #1663: SpeciesProductionCaseTest.RunsEndToEndAndConverges .......................................................   Passed    0.28 sec
          Start  706: SpeciesCaseTest.ZeroDiffusivityIsAccepted
 415/1820 Test #1376: GridConvergenceStudyTest.DeterministicReport .............................................................   Passed    0.28 sec
          Start  707: SpeciesCaseTest.RejectsNegativeDiffusivity
 416/1820 Test  #741: CompressibleCaseTest.RejectsNonPositiveReferencePressure .................................................   Passed    0.28 sec
          Start 1366: GridConvergenceTest.ZeroDifferenceHandled
 417/1820 Test  #708: SpeciesCaseTest.RejectsEmptyName .........................................................................   Passed    0.28 sec
          Start  376: SolveLeastSquaresGradientTest.DetectsNoNeighborsAsIllConditioned
 418/1820 Test #1664: SpeciesProductionCaseTest.ConcentrationMatchesAnalyticalProfile ..........................................   Passed    0.28 sec
          Start  446: SmoothnessRatioTest.NulloptWhenLocalGradientIsZero
 419/1820 Test  #728: CompressibleCaseTest.NonCompressibleFixtureHasNoCompressibleConfig .......................................   Passed    0.28 sec
          Start 1652: BoussinesqCouplingTest.RepeatedCoupledSolveIsBitIdentical
 420/1820 Test  #715: SpeciesCaseTest.RejectsUnknownConcentrationBoundaryType ..................................................   Passed    0.28 sec
          Start  443: LinearUpwindFaceValueTest.ZeroGradientReturnsUpwindValueUnchanged
 421/1820 Test #1374: GridConvergenceStudyTest.MissingQuantityIsInvalid ........................................................   Passed    0.28 sec
          Start 1643: TwoMaterialConductionValidation.Grid20MatchesAnalyticalSolution
 422/1820 Test  #704: SpeciesCaseTest.ParsesSpeciesListWhenEnabled .............................................................   Passed    0.28 sec
          Start 1368: GridConvergenceTest.InvalidGridSpacingRejected
 423/1820 Test #1375: GridConvergenceStudyTest.SimpleSolveGateRejectsInvalidSolves .............................................   Passed    0.28 sec
          Start 1364: GridConvergenceTest.OscillatorySequenceDetected
 424/1820 Test #1371: GridConvergenceTest.ObservedOrderSolverMatchesClosedFormForEqualRatios ...................................   Passed    0.28 sec
          Start   80: MeshQualityReport.WarningsAreAggregatedPerMetricWithTheWorstEntity
 425/1820 Test  #806: VTKWriterTest.AppendsOneSpeciesBlockAfterVelocityMagnitudeWhenProvided ...................................   Passed    0.28 sec
          Start 1361: GridConvergenceTest.RichardsonExactRecovery
 426/1820 Test #1358: GridConvergenceTest.SecondOrderSynthetic .................................................................   Passed    0.28 sec
          Start 1373: GridConvergenceStudyTest.RejectedSolveInvalidatesTheStudy
 427/1820 Test  #375: SolveLeastSquaresGradientTest.DetectsASingleNeighborAsIllConditioned .....................................   Passed    0.29 sec
          Start 1665: SpeciesProductionCaseTest.GlobalDiffusiveFluxBalanceIsConserved
 428/1820 Test #1367: GridConvergenceTest.ZeroSolutionQuantityHasNoRelativeMetrics .............................................   Passed    0.28 sec
          Start  159: MultiBlockMesh.CurvedSectorsAndClosedRing
 429/1820 Test  #706: SpeciesCaseTest.ZeroDiffusivityIsAccepted ................................................................   Passed    0.29 sec
          Start  388: LeastSquaresTest.RepeatedCallsAreDeterministic
 430/1820 Test  #707: SpeciesCaseTest.RejectsNegativeDiffusivity ...............................................................   Passed    0.29 sec
          Start  374: SolveLeastSquaresGradientTest.DetectsAColinearStencilAsIllConditioned
 431/1820 Test #1366: GridConvergenceTest.ZeroDifferenceHandled ................................................................   Passed    0.29 sec
          Start  385: LeastSquaresTest.BoundaryCellsUseTheAssignedConditionAtTheFacesOwnPosition
 432/1820 Test  #376: SolveLeastSquaresGradientTest.DetectsNoNeighborsAsIllConditioned .........................................   Passed    0.29 sec
          Start 1667: SpeciesProductionCaseTest.ExportsSpeciesFieldToCsvVtkAndJson
 433/1820 Test  #446: SmoothnessRatioTest.NulloptWhenLocalGradientIsZero .......................................................   Passed    0.28 sec
          Start  531: MomentumConvectionTest.NonUpwindSchemeAddsAnExplicitCorrectionOnlyOnInternalFaces
 434/1820 Test #1652: BoussinesqCouplingTest.RepeatedCoupledSolveIsBitIdentical ................................................   Passed    0.29 sec
          Start 1682: CompressibleProductionCaseTest.MissingCaseDirectoryReportsInvalidCase
 435/1820 Test  #443: LinearUpwindFaceValueTest.ZeroGradientReturnsUpwindValueUnchanged ........................................   Passed    0.28 sec
          Start 1359: GridConvergenceTest.ThirdOrderSynthetic
 436/1820 Test #1643: TwoMaterialConductionValidation.Grid20MatchesAnalyticalSolution ..........................................   Passed    0.28 sec
          Start 1377: GridConvergenceStudyTest.ReportSchemaValidation
 437/1820 Test #1368: GridConvergenceTest.InvalidGridSpacingRejected ...........................................................   Passed    0.28 sec
          Start 1274: CompressibleMassFluxTest.WallBoundaryMassFluxIsZeroRegardlessOfBoundaryDensity
 438/1820 Test #1364: GridConvergenceTest.OscillatorySequenceDetected ..........................................................   Passed    0.28 sec
          Start 1348: SampleLineRawTest.MatchesMeshBasedSampleLineOnEquivalentData
 439/1820 Test   #80: MeshQualityReport.WarningsAreAggregatedPerMetricWithTheWorstEntity .......................................   Passed    0.28 sec
          Start  363: InterpolationTest.SkewCorrectedInterpolationFallsBackOnDegenerateFace
 440/1820 Test #1361: GridConvergenceTest.RichardsonExactRecovery ..............................................................   Passed    0.28 sec
          Start  361: InterpolationTest.SkewCorrectedInterpolationIsExactForLinearFieldOnSkewedMesh
 441/1820 Test #1373: GridConvergenceStudyTest.RejectedSolveInvalidatesTheStudy ................................................   Passed    0.28 sec
          Start  713: SpeciesCaseTest.RejectsPatchMissingOneDeclaredSpecies
 442/1820 Test #1665: SpeciesProductionCaseTest.GlobalDiffusiveFluxBalanceIsConserved ..........................................   Passed    0.28 sec
          Start  391: SkewnessTest.CorrectedProductionOperatorImprovesError
 443/1820 Test  #159: MultiBlockMesh.CurvedSectorsAndClosedRing ................................................................   Passed    0.28 sec
          Start  382: LeastSquaresTest.LinearFieldCartesianIsExactAtEveryCellIncludingBoundaryAdjacent
 444/1820 Test  #388: LeastSquaresTest.RepeatedCallsAreDeterministic ...........................................................   Passed    0.28 sec
          Start  250: BiCGSTABTest.SolvesWithJacobiPreconditioner
 445/1820 Test  #374: SolveLeastSquaresGradientTest.DetectsAColinearStencilAsIllConditioned ....................................   Passed    0.27 sec
          Start  390: SkewnessTest.ProductionInterpolationUsesCorrection
 446/1820 Test  #385: LeastSquaresTest.BoundaryCellsUseTheAssignedConditionAtTheFacesOwnPosition ...............................   Passed    0.28 sec
          Start 1673: MultiphaseProductionCaseTest.ExportsMixtureFieldsToCsvVtkAndJson
 447/1820 Test #1667: SpeciesProductionCaseTest.ExportsSpeciesFieldToCsvVtkAndJson .............................................   Passed    0.27 sec
          Start 1672: MultiphaseProductionCaseTest.Phase1VolumeIsConserved
 448/1820 Test  #531: MomentumConvectionTest.NonUpwindSchemeAddsAnExplicitCorrectionOnlyOnInternalFaces ........................   Passed    0.27 sec
          Start  738: CompressibleCaseTest.RejectsNeitherTemperatureNorThermalCoupled
 449/1820 Test #1682: CompressibleProductionCaseTest.MissingCaseDirectoryReportsInvalidCase ....................................   Passed    0.28 sec
          Start  378: SolveLeastSquaresGradientTest.NearlyColinearStencilIsAlsoRejected
 450/1820 Test #1359: GridConvergenceTest.ThirdOrderSynthetic ..................................................................   Passed    0.28 sec
          Start  386: LeastSquaresTest.RejectsNonScalarBoundaryCondition
 451/1820 Test #1377: GridConvergenceStudyTest.ReportSchemaValidation ..........................................................   Passed    0.28 sec
          Start 1590: CompressibleSimpleTest.InitialStateOutsideEosDomainReportsInvalidConfiguration
 452/1820 Test #1274: CompressibleMassFluxTest.WallBoundaryMassFluxIsZeroRegardlessOfBoundaryDensity ...........................   Passed    0.28 sec
          Start 1362: GridConvergenceTest.GCIKnownCase
 453/1820 Test #1348: SampleLineRawTest.MatchesMeshBasedSampleLineOnEquivalentData .............................................   Passed    0.28 sec
          Start 1372: GridConvergenceStudyTest.RunsCoarseToFineAndAnalysesEveryQuantity
 454/1820 Test  #363: InterpolationTest.SkewCorrectedInterpolationFallsBackOnDegenerateFace ....................................   Passed    0.28 sec
          Start 1357: GridConvergenceTest.FirstOrderSynthetic
 455/1820 Test  #361: InterpolationTest.SkewCorrectedInterpolationIsExactForLinearFieldOnSkewedMesh ............................   Passed    0.28 sec
          Start  380: SolveLeastSquaresGradientTest.NeverProducesNonFiniteResultOnAcceptedInput
 456/1820 Test  #713: SpeciesCaseTest.RejectsPatchMissingOneDeclaredSpecies ....................................................   Passed    0.29 sec
          Start  808: VTKWriterTest.MismatchedSpeciesSizeThrows
 457/1820 Test  #391: SkewnessTest.CorrectedProductionOperatorImprovesError ....................................................   Passed    0.29 sec
          Start 1670: MultiphaseProductionCaseTest.RunsEndToEndAndConverges
 458/1820 Test  #382: LeastSquaresTest.LinearFieldCartesianIsExactAtEveryCellIncludingBoundaryAdjacent .........................   Passed    0.28 sec
          Start  387: LeastSquaresTest.MismatchedFieldSizeThrows
 459/1820 Test  #250: BiCGSTABTest.SolvesWithJacobiPreconditioner ..............................................................   Passed    0.29 sec
          Start 1428: VelocityCorrectionTest.DefaultGradientSchemeArgumentMatchesExplicitGreenGauss
 460/1820 Test  #390: SkewnessTest.ProductionInterpolationUsesCorrection .......................................................   Passed    0.28 sec
          Start 1676: MultiphaseProductionCaseTest.RepeatedRunsAreDeterministic
 461/1820 Test #1673: MultiphaseProductionCaseTest.ExportsMixtureFieldsToCsvVtkAndJson .........................................   Passed    0.28 sec
          Start 1588: CompressibleSimpleTest.RepeatedRunIsDeterministic
 462/1820 Test #1672: MultiphaseProductionCaseTest.Phase1VolumeIsConserved .....................................................   Passed    0.29 sec
          Start 1275: CompressibleMassFluxTest.BoundaryDensityMatchesDirectEosEvaluation
 463/1820 Test  #738: CompressibleCaseTest.RejectsNeitherTemperatureNorThermalCoupled ..........................................   Passed    0.29 sec
          Start 1335: FieldStatisticsTest.ComputesMinMaxAverageIgnoringNonFinite
 464/1820 Test  #378: SolveLeastSquaresGradientTest.NearlyColinearStencilIsAlsoRejected ........................................   Passed    0.28 sec
          Start  389: LeastSquaresTest.SmoothNonlinearFieldIsFiniteAndReasonablyAccurate
 465/1820 Test  #386: LeastSquaresTest.RejectsNonScalarBoundaryCondition .......................................................   Passed    0.28 sec
          Start  161: MultiBlockMeshInvalid.StructuralErrorsAreNamed
 466/1820 Test #1590: CompressibleSimpleTest.InitialStateOutsideEosDomainReportsInvalidConfiguration ...........................   Passed    0.29 sec
          Start 1276: CompressibleMassFluxTest.ThrowsOnNonPositiveBoundaryTemperature
 467/1820 Test #1362: GridConvergenceTest.GCIKnownCase .........................................................................   Passed    0.28 sec
          Start   82: MeshQualityReport.SkewnessAndExpansionWarningsUseTheirThresholds
 468/1820 Test #1372: GridConvergenceStudyTest.RunsCoarseToFineAndAnalysesEveryQuantity ........................................   Passed    0.28 sec
          Start   78: MeshQualityReport.WorstEntityIsTheArgmaxOfTheMeshGeometryDefinition
 469/1820 Test #1357: GridConvergenceTest.FirstOrderSynthetic ..................................................................   Passed    0.28 sec
          Start 1575: CompressibleRelaxedMomentumTest.AlphaOneMatchesUnrelaxedCompressibleMomentumComponentExactly
 470/1820 Test  #380: SolveLeastSquaresGradientTest.NeverProducesNonFiniteResultOnAcceptedInput ................................   Passed    0.28 sec
          Start  160: MultiBlockMesh.InterfaceFluxesCancelExactlyBetweenBlocks
 471/1820 Test  #808: VTKWriterTest.MismatchedSpeciesSizeThrows ................................................................   Passed    0.28 sec
          Start  162: MultiBlockMeshInvalid.InvalidCellsAreNamed
 472/1820 Test #1670: MultiphaseProductionCaseTest.RunsEndToEndAndConverges ....................................................   Passed    0.28 sec
          Start 1272: CompressibleMassFluxTest.OutletBoundaryUsesEosEvaluatedPressureNotOwnerDensity
 473/1820 Test  #387: LeastSquaresTest.MismatchedFieldSizeThrows ...............................................................   Passed    0.28 sec
          Start  157: MultiBlockMesh.LShapedDomainPatchesFollowTheListedSides
 474/1820 Test #1428: VelocityCorrectionTest.DefaultGradientSchemeArgumentMatchesExplicitGreenGauss ............................   Passed    0.28 sec
          Start 1315: CaseSessionTest.RequestCancelStopsARunEarly
 475/1820 Test #1676: MultiphaseProductionCaseTest.RepeatedRunsAreDeterministic ................................................   Passed    0.28 sec
          Start  158: MultiBlockMesh.InternalSolidRegionIsAHoleBoundedByItsPatch
 476/1820 Test #1588: CompressibleSimpleTest.RepeatedRunIsDeterministic ........................................................   Passed    0.28 sec
          Start  705: SpeciesCaseTest.BuilderConstructsSpeciesRuntimeObjects
 477/1820 Test #1275: CompressibleMassFluxTest.BoundaryDensityMatchesDirectEosEvaluation .......................................   Passed    0.28 sec
          Start  156: MultiBlockMesh.RotatedBlocksAndReversedInterfacesConnectAdjacentCells
 478/1820 Test #1335: FieldStatisticsTest.ComputesMinMaxAverageIgnoringNonFinite ...............................................   Passed    0.28 sec
          Start 1637: HeatedCavityConductionValidation.Grid20x20MatchesAnalyticalProfile
 479/1820 Test  #389: LeastSquaresTest.SmoothNonlinearFieldIsFiniteAndReasonablyAccurate .......................................   Passed    0.28 sec
          Start   74: MeshQualityReport.AspectRatioOfARectangleIsItsSideRatio
 480/1820 Test  #161: MultiBlockMeshInvalid.StructuralErrorsAreNamed ...........................................................   Passed    0.28 sec
          Start  163: MultiBlockMeshInvalid.NonConformalOrMismatchedInterfacesAreRejected
 481/1820 Test #1276: CompressibleMassFluxTest.ThrowsOnNonPositiveBoundaryTemperature ..........................................   Passed    0.28 sec
          Start 1583: CompressiblePressureCorrectionTest.RejectsNonPositivePseudoTimeStep
 482/1820 Test   #82: MeshQualityReport.SkewnessAndExpansionWarningsUseTheirThresholds .........................................   Passed    0.28 sec
          Start 1591: CompressibleSimpleTest.NonPhysicalPressureTransientReportsNonFiniteState
 483/1820 Test   #78: MeshQualityReport.WorstEntityIsTheArgmaxOfTheMeshGeometryDefinition ......................................   Passed    0.28 sec
          Start  154: MultiBlockMesh.TwoBlockRectangleIsTheSingleBlockMeshRenumbered
 484/1820 Test #1575: CompressibleRelaxedMomentumTest.AlphaOneMatchesUnrelaxedCompressibleMomentumComponentExactly .............   Passed    0.28 sec
          Start 1582: CompressiblePressureCorrectionTest.MismatchedPredictorMassFluxSizeThrows
 485/1820 Test  #160: MultiBlockMesh.InterfaceFluxesCancelExactlyBetweenBlocks .................................................   Passed    0.28 sec
          Start  709: SpeciesCaseTest.RejectsDuplicateSpeciesNames
 486/1820 Test  #162: MultiBlockMeshInvalid.InvalidCellsAreNamed ...............................................................   Passed    0.28 sec
          Start  383: LeastSquaresTest.LinearFieldDistortedIsExactAtEveryCell
 487/1820 Test #1272: CompressibleMassFluxTest.OutletBoundaryUsesEosEvaluatedPressureNotOwnerDensity ...........................   Passed    0.27 sec
          Start   84: MeshQualityReport.DegenerateCellsAndFacesCannotBeConstructed
 488/1820 Test  #157: MultiBlockMesh.LShapedDomainPatchesFollowTheListedSides ..................................................   Passed    0.28 sec
          Start 1595: CompressibleSimpleSettingsTest.RejectsOutOfRangeRelaxation
 489/1820 Test #1315: CaseSessionTest.RequestCancelStopsARunEarly ..............................................................   Passed    0.28 sec
          Start 1576: CompressibleRelaxedMomentumTest.RelaxationMatchesHandDerivedPatankarFormula
 490/1820 Test  #158: MultiBlockMesh.InternalSolidRegionIsAHoleBoundedByItsPatch ...............................................   Passed    0.28 sec
          Start  462: GridRefinementTest.LeastSquaresGradientCartesianConvergesAtSecondOrderInInterior
 491/1820 Test  #705: SpeciesCaseTest.BuilderConstructsSpeciesRuntimeObjects ...................................................   Passed    0.28 sec
          Start 1579: CompressibleRelaxedMomentumTest.RejectsNonPositivePseudoTimeStep
 492/1820 Test  #156: MultiBlockMesh.RotatedBlocksAndReversedInterfacesConnectAdjacentCells ....................................   Passed    0.27 sec
          Start 1589: CompressibleSimpleTest.InvalidSettingsReportInvalidConfiguration
 493/1820 Test #1637: HeatedCavityConductionValidation.Grid20x20MatchesAnalyticalProfile .......................................   Passed    0.27 sec
          Start  469: GridRefinementTest.DiffusionDistortedUncorrectedGlobalOrderReflectsBoundaryTreatment
 494/1820 Test   #74: MeshQualityReport.AspectRatioOfARectangleIsItsSideRatio ..................................................   Passed    0.27 sec
          Start  474: GridRefinementTest.DiffusionDistortedCorrectedConvergesAtSecondOrderInInterior
 495/1820 Test  #163: MultiBlockMeshInvalid.NonConformalOrMismatchedInterfacesAreRejected ......................................   Passed    0.27 sec
          Start  362: InterpolationTest.SkewCorrectedInterpolationMatchesPlainOnCartesianMesh
 496/1820 Test #1583: CompressiblePressureCorrectionTest.RejectsNonPositivePseudoTimeStep ......................................   Passed    0.27 sec
          Start  465: GridRefinementTest.LeastSquaresGradientDistortedGlobalOrderReflectsBoundaryTreatment
 497/1820 Test #1591: CompressibleSimpleTest.NonPhysicalPressureTransientReportsNonFiniteState .................................   Passed    0.27 sec
          Start  155: MultiBlockMesh.InterfaceFacesAreSingleInternalFacesOwnedByTheFirstBlock
 498/1820 Test  #154: MultiBlockMesh.TwoBlockRectangleIsTheSingleBlockMeshRenumbered ...........................................   Passed    0.27 sec
          Start  477: GridRefinementTest.DiffusionModeratelyDistortedCorrectedConvergesAtSecondOrderInInterior
 499/1820 Test #1582: CompressiblePressureCorrectionTest.MismatchedPredictorMassFluxSizeThrows .................................   Passed    0.28 sec
          Start  471: GridRefinementTest.DiffusionDistortedCorrectedGlobalOrderReflectsBoundaryTreatment
 500/1820 Test  #709: SpeciesCaseTest.RejectsDuplicateSpeciesNames .............................................................   Passed    0.28 sec
          Start  468: GridRefinementTest.DiffusionOrthogonalCorrectionFlagIsInertOnCartesianMesh
 501/1820 Test  #383: LeastSquaresTest.LinearFieldDistortedIsExactAtEveryCell ..................................................   Passed    0.28 sec
          Start  466: GridRefinementTest.LeastSquaresGradientDistortedConvergesAtSecondOrderInInterior
 502/1820 Test   #84: MeshQualityReport.DegenerateCellsAndFacesCannotBeConstructed .............................................   Passed    0.27 sec
          Start  461: GridRefinementTest.LeastSquaresGradientCartesianGlobalOrderReflectsBoundaryTreatment
 503/1820 Test #1595: CompressibleSimpleSettingsTest.RejectsOutOfRangeRelaxation ...............................................   Passed    0.27 sec
          Start 1593: CompressibleSimpleSettingsTest.RejectsZeroMaxIterations
 504/1820 Test #1576: CompressibleRelaxedMomentumTest.RelaxationMatchesHandDerivedPatankarFormula ..............................   Passed    0.27 sec
          Start  464: GridRefinementTest.GreenGaussGradientDistortedConvergesAtSecondOrderInInterior
 505/1820 Test  #462: GridRefinementTest.LeastSquaresGradientCartesianConvergesAtSecondOrderInInterior .........................   Passed    0.28 sec
          Start   81: MeshQualityReport.NonOrthogonalityBeyondSeventyDegreesIsAWarningNotAnError
 506/1820 Test #1579: CompressibleRelaxedMomentumTest.RejectsNonPositivePseudoTimeStep .........................................   Passed    0.29 sec
          Start  490: VectorGradientTest.LeastSquaresIsExactForLinearFieldOnDistortedMesh
 507/1820 Test #1589: CompressibleSimpleTest.InvalidSettingsReportInvalidConfiguration .........................................   Passed    0.28 sec
          Start  467: GridRefinementTest.DiffusionOrthogonalUncorrectedConvergesAtSecondOrder
 508/1820 Test  #469: GridRefinementTest.DiffusionDistortedUncorrectedGlobalOrderReflectsBoundaryTreatment .....................   Passed    0.28 sec
          Start  479: GridRefinementTest.DiffusionStronglyDistortedCorrectedConvergesAtSecondOrderInInterior
 509/1820 Test  #474: GridRefinementTest.DiffusionDistortedCorrectedConvergesAtSecondOrderInInterior ...........................   Passed    0.28 sec
          Start  470: GridRefinementTest.DiffusionDistortedUncorrectedConvergesInInterior
 510/1820 Test  #362: InterpolationTest.SkewCorrectedInterpolationMatchesPlainOnCartesianMesh ..................................   Passed    0.28 sec
          Start 1277: CompressibleMassFluxTest.UniformStateGivesUniformBoundaryDensityMatchingInterior
 511/1820 Test  #465: GridRefinementTest.LeastSquaresGradientDistortedGlobalOrderReflectsBoundaryTreatment .....................   Passed    0.28 sec
          Start 1584: CompressiblePressureCorrectionTest.RejectsOutOfRangeReferenceCell
 512/1820 Test  #155: MultiBlockMesh.InterfaceFacesAreSingleInternalFacesOwnedByTheFirstBlock ..................................   Passed    0.29 sec
          Start 1027: ThermalNonOrthogonalTest.CartesianSolveIsBitIdentical
 513/1820 Test  #477: GridRefinementTest.DiffusionModeratelyDistortedCorrectedConvergesAtSecondOrderInInterior .................   Passed    0.28 sec
          Start 1586: CompressibleSimpleTest.ReducesToIncompressibleSimpleWithNegligibleCompressibility
 514/1820 Test  #471: GridRefinementTest.DiffusionDistortedCorrectedGlobalOrderReflectsBoundaryTreatment .......................   Passed    0.28 sec
          Start  472: GridRefinementTest.DiffusionStronglyDistortedCorrectedGlobal
 515/1820 Test  #468: GridRefinementTest.DiffusionOrthogonalCorrectionFlagIsInertOnCartesianMesh ...............................   Passed    0.28 sec
          Start 1666: SpeciesProductionCaseTest.MissingCaseDirectoryReportsInvalidCase
 516/1820 Test  #466: GridRefinementTest.LeastSquaresGradientDistortedConvergesAtSecondOrderInInterior .........................   Passed    0.28 sec
          Start 1671: MultiphaseProductionCaseTest.AlphaAndMixturePropertiesMatchExactExpectedValues
 517/1820 Test  #461: GridRefinementTest.LeastSquaresGradientCartesianGlobalOrderReflectsBoundaryTreatment .....................   Passed    0.28 sec
          Start 1204: SpeciesNonOrthogonalTest.NonOrthogonalDiffusion
 518/1820 Test #1593: CompressibleSimpleSettingsTest.RejectsZeroMaxIterations ..................................................   Passed    0.28 sec
          Start  381: LeastSquaresTest.ConstantFieldHasZeroGradient
 519/1820 Test  #464: GridRefinementTest.GreenGaussGradientDistortedConvergesAtSecondOrderInInterior ...........................   Passed    0.28 sec
          Start  473: GridRefinementTest.DiffusionStronglyDistortedUncorrectedGlobal
 520/1820 Test   #81: MeshQualityReport.NonOrthogonalityBeyondSeventyDegreesIsAWarningNotAnError ...............................   Passed    0.28 sec
          Start  476: GridRefinementTest.DiffusionModeratelyDistortedUncorrectedInterior
 521/1820 Test  #490: VectorGradientTest.LeastSquaresIsExactForLinearFieldOnDistortedMesh ......................................   Passed    0.28 sec
          Start 1280: CompressibleMassFluxTest.MismatchedPressureGaugeSizeThrows
 522/1820 Test  #467: GridRefinementTest.DiffusionOrthogonalUncorrectedConvergesAtSecondOrder ..................................   Passed    0.28 sec
          Start 1489: NonOrthogonalCorrectionPassesTest.PassesExecuteAndTheCorrectorIterationConverges
 523/1820 Test  #479: GridRefinementTest.DiffusionStronglyDistortedCorrectedConvergesAtSecondOrderInInterior ...................   Passed    0.29 sec
          Start 1472: SIMPLEGpuResidencyTest.DisabledByDefaultIssuesNoGpuActivity
 524/1820 Test  #470: GridRefinementTest.DiffusionDistortedUncorrectedConvergesInInterior ......................................   Passed    0.28 sec
          Start  478: GridRefinementTest.DiffusionStronglyDistortedUncorrectedInterior
 525/1820 Test #1277: CompressibleMassFluxTest.UniformStateGivesUniformBoundaryDensityMatchingInterior .........................   Passed    0.29 sec
          Start 1281: CompressibleMassFluxTest.MismatchedTemperatureSizeThrows
 526/1820 Test #1584: CompressiblePressureCorrectionTest.RejectsOutOfRangeReferenceCell ........................................   Passed    0.29 sec
          Start 1734: ParaviewSmokeTest.SolutionVtkExistsIsNonEmptyAndHasExpectedStructureAndFields
 527/1820 Test #1689: CompressibleCoupledProductionCaseTest.RepeatedRunIsDeterministic .........................................   Passed  133.74 sec
          Start 1581: CompressiblePressureCorrectionTest.CompressibilityDiagonalMatchesHandFormula
 528/1820 Test #1027: ThermalNonOrthogonalTest.CartesianSolveIsBitIdentical ....................................................   Passed    0.31 sec
          Start 1585: CompressiblePressureCorrectionTest.OpenBoundaryDoesNotPinReferenceCell
 529/1820 Test #1586: CompressibleSimpleTest.ReducesToIncompressibleSimpleWithNegligibleCompressibility ........................   Passed    0.31 sec
          Start  463: GridRefinementTest.GreenGaussGradientDistortedGlobalOrderReflectsBoundaryTreatment
 530/1820 Test  #472: GridRefinementTest.DiffusionStronglyDistortedCorrectedGlobal .............................................   Passed    0.31 sec
          Start 1578: CompressibleRelaxedMomentumTest.MismatchedMassFluxSizeThrows
 531/1820 Test #1666: SpeciesProductionCaseTest.MissingCaseDirectoryReportsInvalidCase .........................................   Passed    0.31 sec
          Start 1587: CompressibleSimpleTest.TinyCavityConvergesWithGenuineCompressibility
 532/1820 Test #1671: MultiphaseProductionCaseTest.AlphaAndMixturePropertiesMatchExactExpectedValues ...........................   Passed    0.32 sec
          Start  384: LeastSquaresTest.GreenGaussDistortedIsNotExactUnlikeLeastSquares
 533/1820 Test #1204: SpeciesNonOrthogonalTest.NonOrthogonalDiffusion ..........................................................   Passed    0.31 sec
          Start 1577: CompressibleRelaxedMomentumTest.MismatchedVelocitySizeThrows
 534/1820 Test  #381: LeastSquaresTest.ConstantFieldHasZeroGradient ............................................................   Passed    0.31 sec
          Start 1594: CompressibleSimpleSettingsTest.RejectsNonPositivePseudoTimeStep
 535/1820 Test  #473: GridRefinementTest.DiffusionStronglyDistortedUncorrectedGlobal ...........................................   Passed    0.31 sec
          Start  475: GridRefinementTest.DiffusionDistortedCorrectedGreenGaussInterior
 536/1820 Test  #476: GridRefinementTest.DiffusionModeratelyDistortedUncorrectedInterior .......................................   Passed    0.30 sec
          Start 1592: CompressibleSimpleTest.MismatchedInitialFieldSizeReportsInvalidConfiguration
 537/1820 Test #1280: CompressibleMassFluxTest.MismatchedPressureGaugeSizeThrows ...............................................   Passed    0.30 sec
          Start 1336: FieldStatisticsTest.EmptyFieldReportsNoData
 538/1820 Test #1489: NonOrthogonalCorrectionPassesTest.PassesExecuteAndTheCorrectorIterationConverges .........................   Passed    0.29 sec
          Start  293: LinearFallbackTest.MaxAttemptsRespected
 539/1820 Test #1472: SIMPLEGpuResidencyTest.DisabledByDefaultIssuesNoGpuActivity ..............................................   Passed    0.30 sec
          Start  299: LinearFallbackTest.HealthySolveIsUntouched
 540/1820 Test  #478: GridRefinementTest.DiffusionStronglyDistortedUncorrectedInterior .........................................   Passed    0.29 sec
          Start  409: DiffusionTest.StrongDistortionProducesFiniteResults
 541/1820 Test #1281: CompressibleMassFluxTest.MismatchedTemperatureSizeThrows .................................................   Passed    0.29 sec
          Start   76: MeshQualityReport.ExpansionRatioOfAGeometricGradingIsItsRatio
 542/1820 Test #1734: ParaviewSmokeTest.SolutionVtkExistsIsNonEmptyAndHasExpectedStructureAndFields ............................   Passed    0.30 sec
          Start 1392: SampleErrorNormsTest.KnownValues
 543/1820 Test #1581: CompressiblePressureCorrectionTest.CompressibilityDiagonalMatchesHandFormula .............................   Passed    0.29 sec
          Start   83: MeshQualityReport.NonOrthogonalMeshGetsAnInformationalCorrectionAdvice
 544/1820 Test #1585: CompressiblePressureCorrectionTest.OpenBoundaryDoesNotPinReferenceCell ...................................   Passed    0.29 sec
          Start  257: BiCGSTABBreakdown.IllConditionedSystemIsSolvedAtAnyScale
 545/1820 Test  #463: GridRefinementTest.GreenGaussGradientDistortedGlobalOrderReflectsBoundaryTreatment .......................   Passed    0.29 sec
          Start  408: DiffusionTest.ConstantFieldConservesGloballyOnDistortedMeshWithCorrection
 546/1820 Test #1578: CompressibleRelaxedMomentumTest.MismatchedMassFluxSizeThrows .............................................   Passed    0.30 sec
          Start   79: MeshQualityReport.MultiBlockInterfaceExpansionIsMeasured
 547/1820 Test #1587: CompressibleSimpleTest.TinyCavityConvergesWithGenuineCompressibility .....................................   Passed    0.28 sec
          Start  251: BiCGSTABTest.InvalidSystemWhenPreconditionerRejectsTheMatrix
 548/1820 Test  #384: LeastSquaresTest.GreenGaussDistortedIsNotExactUnlikeLeastSquares .........................................   Passed    0.29 sec
          Start   73: MeshQualityReport.UniformSquareMeshHasTheIdealValueOfEveryMetric
 549/1820 Test #1577: CompressibleRelaxedMomentumTest.MismatchedVelocitySizeThrows .............................................   Passed    0.29 sec
          Start   90: MeshQualityReport.IdenticalMeshesGiveIdenticalReports
 550/1820 Test #1594: CompressibleSimpleSettingsTest.RejectsNonPositivePseudoTimeStep ..........................................   Passed    0.29 sec
          Start   75: MeshQualityReport.RotatingAValidMeshChangesNoMetric
 551/1820 Test  #475: GridRefinementTest.DiffusionDistortedCorrectedGreenGaussInterior .........................................   Passed    0.29 sec
          Start 1488: NonOrthogonalCorrectionPassesTest.AtMostOnePassRunsNothing
 552/1820 Test #1592: CompressibleSimpleTest.MismatchedInitialFieldSizeReportsInvalidConfiguration .............................   Passed    0.28 sec
          Start   77: MeshQualityReport.ShearedMeshHasTheShearAngleOnEveryFace
 553/1820 Test #1336: FieldStatisticsTest.EmptyFieldReportsNoData ..............................................................   Passed    0.29 sec
          Start 1471: SIMPLEBuoyancyTest.RepeatedBuoyantSolveIsBitIdentical
 554/1820 Test  #293: LinearFallbackTest.MaxAttemptsRespected ..................................................................   Passed    0.28 sec
          Start 1477: SIMPLEGpuSolverTest.RepeatedOuterIterationsReuseGpuSolverBuffersWithoutReallocating
 555/1820 Test  #299: LinearFallbackTest.HealthySolveIsUntouched ...............................................................   Passed    0.28 sec
          Start  538: MomentumPressureTest.LeastSquaresSchemeIsWiredThroughAndAlsoExactForALinearPressureField
 556/1820 Test  #409: DiffusionTest.StrongDistortionProducesFiniteResults ......................................................   Passed    0.29 sec
          Start 1491: NonOrthogonalCorrectionPassesTest.Deterministic
 557/1820 Test   #76: MeshQualityReport.ExpansionRatioOfAGeometricGradingIsItsRatio ............................................   Passed    0.28 sec
          Start  413: DiffusionTest.LinearField2x3y5IsConsistentOnCartesianAndDistortedMeshes
 558/1820 Test #1392: SampleErrorNormsTest.KnownValues .........................................................................   Passed    0.30 sec
          Start  492: ObliqueNeumannGradient.ZeroGradientWallsLinearFieldIsExact
 559/1820 Test   #83: MeshQualityReport.NonOrthogonalMeshGetsAnInformationalCorrectionAdvice ...................................   Passed    0.30 sec
          Start  494: ObliqueNeumannGradient.CartesianMeshUnchangedAndExact
 560/1820 Test  #257: BiCGSTABBreakdown.IllConditionedSystemIsSolvedAtAnyScale .................................................   Passed    0.30 sec
          Start  493: ObliqueNeumannGradient.NonZeroPrescribedGradientsLinearFieldIsExact
 561/1820 Test  #408: DiffusionTest.ConstantFieldConservesGloballyOnDistortedMeshWithCorrection ................................   Passed    0.30 sec
          Start   85: MeshQualityReport.BrokenConnectivityIsFatal
 562/1820 Test   #79: MeshQualityReport.MultiBlockInterfaceExpansionIsMeasured .................................................   Passed    0.30 sec
          Start  412: DiffusionTest.ClosedDomainGlobalBalanceIsUnchangedByCorrection
 563/1820 Test  #251: BiCGSTABTest.InvalidSystemWhenPreconditionerRejectsTheMatrix .............................................   Passed    0.30 sec
          Start  602: CaseReaderTest.ValidNonOrthogonalCorrectionsCountParses
 564/1820 Test   #73: MeshQualityReport.UniformSquareMeshHasTheIdealValueOfEveryMetric .........................................   Passed    0.31 sec
          Start 1493: PressureCorrectionNonOrthogonalTest.NonOrthogonalInternalFace
 565/1820 Test   #90: MeshQualityReport.IdenticalMeshesGiveIdenticalReports ....................................................   Passed    0.31 sec
          Start  617: CaseWriterTest.NonDefaultNonOrthogonalCorrectionsRoundTrips
 566/1820 Test   #75: MeshQualityReport.RotatingAValidMeshChangesNoMetric ......................................................   Passed    0.31 sec
          Start  601: CaseReaderTest.MissingNonOrthogonalCorrectionsDefaultsToZero
 567/1820 Test #1488: NonOrthogonalCorrectionPassesTest.AtMostOnePassRunsNothing ...............................................   Passed    0.31 sec
          Start  603: CaseReaderTest.NegativeNonOrthogonalCorrectionsThrowsCaseConfigurationError
 568/1820 Test   #77: MeshQualityReport.ShearedMeshHasTheShearAngleOnEveryFace .................................................   Passed    0.31 sec
          Start 1494: PressureCorrectionNonOrthogonalTest.NonOrthogonalConservation
 569/1820 Test #1477: SIMPLEGpuSolverTest.RepeatedOuterIterationsReuseGpuSolverBuffersWithoutReallocating ......................   Passed    0.30 sec
          Start 1486: SIMPLENonOrthogonalTest.NonOrthogonalCorrectionPassCount
 570/1820 Test #1471: SIMPLEBuoyancyTest.RepeatedBuoyantSolveIsBitIdentical ....................................................   Passed    0.34 sec
          Start 1474: SIMPLEGpuResidencyTest.RepeatedOuterIterationsReuseGpuResidencyWithoutReallocating
 571/1820 Test  #538: MomentumPressureTest.LeastSquaresSchemeIsWiredThroughAndAlsoExactForALinearPressureField .................   Passed    0.31 sec
          Start  410: DiffusionTest.NonOrthogonalCorrectionIsDeterministic
 572/1820 Test #1491: NonOrthogonalCorrectionPassesTest.Deterministic ..........................................................   Passed    0.32 sec
          Start  599: CaseReaderTest.EachValidGradientSchemeNameParses
 573/1820 Test  #413: DiffusionTest.LinearField2x3y5IsConsistentOnCartesianAndDistortedMeshes ..................................   Passed    0.30 sec
          Start  775: CSVWriterTest.NonFiniteSpeciesThrows
 574/1820 Test  #492: ObliqueNeumannGradient.ZeroGradientWallsLinearFieldIsExact ...............................................   Passed    0.30 sec
          Start  368: GradientTest.DefaultSchemeArgumentMatchesExplicitGreenGauss
 575/1820 Test  #494: ObliqueNeumannGradient.CartesianMeshUnchangedAndExact ....................................................   Passed    0.29 sec
          Start   86: MeshQualityReport.ReversedFaceOrientationIsFatal
 576/1820 Test  #493: ObliqueNeumannGradient.NonZeroPrescribedGradientsLinearFieldIsExact ......................................   Passed    0.29 sec
          Start  417: DiffusionTest.CorrectionNeverAlterableOnPureBoundaryMeshWithMixedConditions
 577/1820 Test   #85: MeshQualityReport.BrokenConnectivityIsFatal ..............................................................   Passed    0.29 sec
          Start  592: MomentumNonOrthogonalTest.CorrectionVelocityDefaultsToVelocityAndIsValidated
 578/1820 Test  #412: DiffusionTest.ClosedDomainGlobalBalanceIsUnchangedByCorrection ...........................................   Passed    0.28 sec
          Start 1596: CompressibleSIMPLENonOrthogonalTest.CartesianCompatibility
 579/1820 Test  #602: CaseReaderTest.ValidNonOrthogonalCorrectionsCountParses ..................................................   Passed    0.27 sec
          Start  598: CaseReaderTest.MissingGradientSchemeDefaultsToGreenGauss
 580/1820 Test #1493: PressureCorrectionNonOrthogonalTest.NonOrthogonalInternalFace ............................................   Passed    0.28 sec
          Start  152: GradedMesh.ConstructionIsDeterministic
 581/1820 Test  #617: CaseWriterTest.NonDefaultNonOrthogonalCorrectionsRoundTrips ..............................................   Passed    0.27 sec
          Start  369: GradientSchemeTest.ParsesBothValidNames
 582/1820 Test  #601: CaseReaderTest.MissingNonOrthogonalCorrectionsDefaultsToZero .............................................   Passed    0.27 sec
          Start 1492: PressureCorrectionNonOrthogonalTest.CartesianCompatibility
 583/1820 Test  #603: CaseReaderTest.NegativeNonOrthogonalCorrectionsThrowsCaseConfigurationError ..............................   Passed    0.27 sec
          Start   69: MeshQuality.MetricsDiscriminateDistortionLevels
 584/1820 Test #1494: PressureCorrectionNonOrthogonalTest.NonOrthogonalConservation ............................................   Passed    0.26 sec
          Start 1408: SIMPLESettingsTest.NonOrthogonalOptionsFollowTheCorrectionCountAndGradientScheme
 585/1820 Test #1486: SIMPLENonOrthogonalTest.NonOrthogonalCorrectionPassCount .................................................   Passed    0.26 sec
          Start  371: GradientSchemeTest.NameRoundTripsThroughParse
 586/1820 Test #1474: SIMPLEGpuResidencyTest.RepeatedOuterIterationsReuseGpuResidencyWithoutReallocating .......................   Passed    0.26 sec
          Start  406: DiffusionTest.LinearFieldNearZeroInInteriorOnDistortedMeshWhenCorrected
 587/1820 Test  #410: DiffusionTest.NonOrthogonalCorrectionIsDeterministic .....................................................   Passed    0.25 sec
          Start  537: MomentumPressureTest.DefaultGradientSchemeArgumentMatchesExplicitGreenGauss
 588/1820 Test  #599: CaseReaderTest.EachValidGradientSchemeNameParses .........................................................   Passed    0.25 sec
          Start  616: CaseWriterTest.NonDefaultGradientSchemeRoundTrips
 589/1820 Test  #775: CSVWriterTest.NonFiniteSpeciesThrows .....................................................................   Passed    0.26 sec
          Start  421: DiffusionTest.BoundaryRingTruncationIsFirstOrderAndLocalized
 590/1820 Test  #368: GradientTest.DefaultSchemeArgumentMatchesExplicitGreenGauss ..............................................   Passed    0.25 sec
          Start  414: DiffusionTest.CorrectionLeavesWallThermalBoundaryFluxesUntouched
 591/1820 Test   #86: MeshQualityReport.ReversedFaceOrientationIsFatal .........................................................   Passed    0.25 sec
          Start  419: DiffusionTest.ZeroOwnerNeighborDistanceIsAPreexistingLimitationNotWorsenedByCorrection
 592/1820 Test  #417: DiffusionTest.CorrectionNeverAlterableOnPureBoundaryMeshWithMixedConditions ..............................   Passed    0.26 sec
          Start  404: DiffusionTest.DefaultParametersPreserveUncorrectedBehavior
 593/1820 Test  #592: MomentumNonOrthogonalTest.CorrectionVelocityDefaultsToVelocityAndIsValidated .............................   Passed    0.27 sec
          Start 1478: SIMPLENonOrthogonalTest.DefaultSettingsDisableTheCorrection
 594/1820 Test #1596: CompressibleSIMPLENonOrthogonalTest.CartesianCompatibility ...............................................   Passed    0.28 sec
          Start 1490: NonOrthogonalCorrectionPassesTest.PassesChangeOnlyTheRightHandSide
 595/1820 Test  #598: CaseReaderTest.MissingGradientSchemeDefaultsToGreenGauss .................................................   Passed    0.28 sec
          Start  418: DiffusionTest.ExtremeNonOrthogonalityFallsBackSafely
 596/1820 Test  #152: GradedMesh.ConstructionIsDeterministic ...................................................................   Passed    0.28 sec
          Start  149: GradedMesh.UniformGradingIsTheCartesianMeshBitForBit
 597/1820 Test  #369: GradientSchemeTest.ParsesBothValidNames ..................................................................   Passed    0.28 sec
          Start  407: DiffusionTest.CorrectionReducesInteriorErrorForQuadraticFieldOnDistortedMesh
 598/1820 Test #1492: PressureCorrectionNonOrthogonalTest.CartesianCompatibility ...............................................   Passed    0.27 sec
          Start  405: DiffusionTest.LinearFieldGivesZeroDiffusionOnCartesianRegardlessOfCorrection
 599/1820 Test   #69: MeshQuality.MetricsDiscriminateDistortionLevels ..........................................................   Passed    0.28 sec
          Start  411: DiffusionTest.CorrectedFluxIsAntisymmetricUnderFaceReversal
 600/1820 Test #1408: SIMPLESettingsTest.NonOrthogonalOptionsFollowTheCorrectionCountAndGradientScheme .........................   Passed    0.29 sec
          Start 1740: RestartIOTest.ReadRejectsMissingRequiredField
 601/1820 Test  #371: GradientSchemeTest.NameRoundTripsThroughParse ............................................................   Passed    0.29 sec
          Start  878: TimeControllerTest.StartingStepAtOrAboveMaxStepsIsImmediatelyFinished
 602/1820 Test  #406: DiffusionTest.LinearFieldNearZeroInInteriorOnDistortedMeshWhenCorrected ..................................   Passed    0.29 sec
          Start  420: DiffusionTest.BoundaryCorrectionClassificationCoversEveryConditionType
 603/1820 Test  #537: MomentumPressureTest.DefaultGradientSchemeArgumentMatchesExplicitGreenGauss ..............................   Passed    0.30 sec
          Start  415: DiffusionTest.NetDirichletBoundaryFluxIsMoreAccurateWithCorrectionOnDistortedMesh
 604/1820 Test  #616: CaseWriterTest.NonDefaultGradientSchemeRoundTrips ........................................................   Passed    0.29 sec
          Start  590: MomentumNonOrthogonalTest.LinearVelocityResidualVanishesInEveryRowWhenCorrected
 605/1820 Test  #421: DiffusionTest.BoundaryRingTruncationIsFirstOrderAndLocalized .............................................   Passed    0.31 sec
          Start  416: DiffusionTest.NeumannBoundaryFluxesAreNeverCorrected
 606/1820 Test  #414: DiffusionTest.CorrectionLeavesWallThermalBoundaryFluxesUntouched .........................................   Passed    0.31 sec
          Start  589: MomentumNonOrthogonalTest.CartesianCorrectionIsBitIdenticalForBothOverloads
 607/1820 Test  #419: DiffusionTest.ZeroOwnerNeighborDistanceIsAPreexistingLimitationNotWorsenedByCorrection ...................   Passed    0.30 sec
          Start 1744: RestartIOTest.ReadRejectsIncompatiblePressureArrayLength
 608/1820 Test  #404: DiffusionTest.DefaultParametersPreserveUncorrectedBehavior ...............................................   Passed    0.30 sec
          Start   61: MeshGeometryNonOrthogonal.OrthogonalButSkewedFace
 609/1820 Test #1478: SIMPLENonOrthogonalTest.DefaultSettingsDisableTheCorrection ..............................................   Passed    0.30 sec
          Start 1743: RestartIOTest.ReadRejectsCellCountMismatch
 610/1820 Test #1490: NonOrthogonalCorrectionPassesTest.PassesChangeOnlyTheRightHandSide .......................................   Passed    0.31 sec
          Start   88: MeshQualityReport.DisconnectedMeshIsFatal
 611/1820 Test  #418: DiffusionTest.ExtremeNonOrthogonalityFallsBackSafely .....................................................   Passed    0.31 sec
          Start   89: MeshQualityReport.FatalIssuesAreCappedWithACountOfTheRest
 612/1820 Test  #149: GradedMesh.UniformGradingIsTheCartesianMeshBitForBit .....................................................   Passed    0.29 sec
          Start  129: MeshValidity.ProblemListIsBounded
 613/1820 Test  #407: DiffusionTest.CorrectionReducesInteriorErrorForQuadraticFieldOnDistortedMesh .............................   Passed    0.30 sec
          Start  122: MeshValidity.DetectsInwardBoundaryFace
 614/1820 Test  #405: DiffusionTest.LinearFieldGivesZeroDiffusionOnCartesianRegardlessOfCorrection .............................   Passed    0.31 sec
          Start 1496: PressureCorrectionNonOrthogonalTest.DegenerateGeometryRejected
 615/1820 Test  #411: DiffusionTest.CorrectedFluxIsAntisymmetricUnderFaceReversal ..............................................   Passed    0.30 sec
          Start  600: CaseReaderTest.InvalidGradientSchemeValueThrowsCaseConfigurationError
 616/1820 Test #1740: RestartIOTest.ReadRejectsMissingRequiredField ............................................................   Passed    0.32 sec
          Start   70: MeshQuality.NonOrthogonalityMetricsAreDeterministic
 617/1820 Test  #878: TimeControllerTest.StartingStepAtOrAboveMaxStepsIsImmediatelyFinished ....................................   Passed    0.30 sec
          Start 1008: ThermalSolverVariablePropertiesTest.RepeatedSolveIsDeterministic
 618/1820 Test  #420: DiffusionTest.BoundaryCorrectionClassificationCoversEveryConditionType ...................................   Passed    0.31 sec
          Start   71: MeshQuality.InvalidGeometryHandledSafely
 619/1820 Test  #415: DiffusionTest.NetDirichletBoundaryFluxIsMoreAccurateWithCorrectionOnDistortedMesh ........................   Passed    0.31 sec
          Start  591: MomentumNonOrthogonalTest.ExplicitCorrectionIsGloballyConservativeWithoutDirichletFaces
 620/1820 Test  #590: MomentumNonOrthogonalTest.LinearVelocityResidualVanishesInEveryRowWhenCorrected ..........................   Passed    0.30 sec
          Start  370: GradientSchemeTest.RejectsInvalidName
 621/1820 Test  #416: DiffusionTest.NeumannBoundaryFluxesAreNeverCorrected .....................................................   Passed    0.30 sec
          Start  119: StructuredQuadMesh.RejectsDegenerateCells
 622/1820 Test  #589: MomentumNonOrthogonalTest.CartesianCorrectionIsBitIdenticalForBothOverloads ..............................   Passed    0.30 sec
          Start 1750: RestartResumeTest.ContinuousVsSplitRunIsBitIdentical
 623/1820 Test #1744: RestartIOTest.ReadRejectsIncompatiblePressureArrayLength .................................................   Passed    0.29 sec
          Start 1495: PressureCorrectionNonOrthogonalTest.NonOrthogonalBoundary
 624/1820 Test   #61: MeshGeometryNonOrthogonal.OrthogonalButSkewedFace ........................................................   Passed    0.30 sec
          Start 1501: SIMPLERobustnessTest.DivergenceStatus
 625/1820 Test #1743: RestartIOTest.ReadRejectsCellCountMismatch ...............................................................   Passed    0.29 sec
          Start 1380: ManufacturedFieldsTest.PressureGradientExact
 626/1820 Test   #88: MeshQualityReport.DisconnectedMeshIsFatal ................................................................   Passed    0.28 sec
          Start   59: MeshGeometryNonOrthogonal.CartesianFacesDecomposeExactly
 627/1820 Test   #89: MeshQualityReport.FatalIssuesAreCappedWithACountOfTheRest ................................................   Passed    0.29 sec
          Start  877: TimeControllerTest.AdvanceFromStartingStepContinuesTheAbsoluteStepCount
 628/1820 Test  #129: MeshValidity.ProblemListIsBounded ........................................................................   Passed    0.28 sec
          Start  108: StructuredQuadMesh.CarriesItsVertexGrid
 629/1820 Test  #122: MeshValidity.DetectsInwardBoundaryFace ...................................................................   Passed    0.29 sec
          Start  875: TimeControllerTest.DefaultStartingStepIsZeroAndBehaviorIsUnchanged
 630/1820 Test #1496: PressureCorrectionNonOrthogonalTest.DegenerateGeometryRejected ...........................................   Passed    0.28 sec
          Start  151: GradedMesh.VertexGridIsTheGradedNodes
 631/1820 Test  #600: CaseReaderTest.InvalidGradientSchemeValueThrowsCaseConfigurationError ....................................   Passed    0.26 sec
          Start   63: MeshGeometryNonOrthogonal.DegenerateGeometryIsDetected
 632/1820 Test   #70: MeshQuality.NonOrthogonalityMetricsAreDeterministic ......................................................   Passed    0.27 sec
          Start  118: StructuredQuadMesh.RejectsNonConvexCell
 633/1820 Test #1008: ThermalSolverVariablePropertiesTest.RepeatedSolveIsDeterministic .........................................   Passed    0.27 sec
          Start 1167: TurbulenceNonOrthogonalTest.NonOrthogonalDiffusion
 634/1820 Test   #71: MeshQuality.InvalidGeometryHandledSafely .................................................................   Passed    0.27 sec
          Start  711: SpeciesCaseTest.RejectsMissingPerPatchSpeciesWhenSpeciesEnabled
 635/1820 Test  #591: MomentumNonOrthogonalTest.ExplicitCorrectionIsGloballyConservativeWithoutDirichletFaces ..................   Passed    0.27 sec
          Start   60: MeshGeometryNonOrthogonal.NonOrthogonalButUnskewedFace
 636/1820 Test  #370: GradientSchemeTest.RejectsInvalidName ....................................................................   Passed    0.27 sec
          Start  116: StructuredQuadMesh.RejectsFoldedCells
 637/1820 Test  #119: StructuredQuadMesh.RejectsDegenerateCells ................................................................   Passed    0.27 sec
          Start 1273: CompressibleMassFluxTest.InletBoundaryReducesToOwnerDensityUnderZeroPressureGradient
 638/1820 Test #1750: RestartResumeTest.ContinuousVsSplitRunIsBitIdentical .....................................................   Passed    0.27 sec
          Start   67: MeshQuality.CartesianHasZeroSkewness
 639/1820 Test #1495: PressureCorrectionNonOrthogonalTest.NonOrthogonalBoundary ................................................   Passed    0.27 sec
          Start  115: StructuredQuadMesh.RejectsNonFiniteVertex
 640/1820 Test #1501: SIMPLERobustnessTest.DivergenceStatus ....................................................................   Passed    0.27 sec
          Start  703: SpeciesCaseTest.NonSpeciesFixtureHasNoSpeciesConfig
 641/1820 Test #1380: ManufacturedFieldsTest.PressureGradientExact .............................................................   Passed    0.27 sec
          Start 1580: CompressiblePressureCorrectionTest.NegligibleCompressibilityMatchesIncompressibleEquation
 642/1820 Test   #59: MeshGeometryNonOrthogonal.CartesianFacesDecomposeExactly .................................................   Passed    0.26 sec
          Start  403: DiffusionTest.NonOrthogonalCorrectionMatchesBaselineOnCartesianMesh
 643/1820 Test  #877: TimeControllerTest.AdvanceFromStartingStepContinuesTheAbsoluteStepCount ..................................   Passed    0.26 sec
          Start  112: StructuredQuadMesh.ConstructionIsDeterministic
 644/1820 Test  #108: StructuredQuadMesh.CarriesItsVertexGrid ..................................................................   Passed    0.28 sec
          Start  690: TurbulenceCaseTest.NonOrthogonalCorrectionReachesEveryTurbulenceModel
 645/1820 Test  #875: TimeControllerTest.DefaultStartingStepIsZeroAndBehaviorIsUnchanged .......................................   Passed    0.27 sec
          Start   68: MeshQuality.DistortedMeshReportsNonZeroMetrics
 646/1820 Test  #151: GradedMesh.VertexGridIsTheGradedNodes ....................................................................   Passed    0.27 sec
          Start   66: MeshQuality.CartesianHasZeroNonOrthogonality
 647/1820 Test   #63: MeshGeometryNonOrthogonal.DegenerateGeometryIsDetected ...................................................   Passed    0.27 sec
          Start  125: MeshValidity.DetectsCellWithTooFewFaces
 648/1820 Test  #118: StructuredQuadMesh.RejectsNonConvexCell ..................................................................   Passed    0.27 sec
          Start 1168: TurbulenceNonOrthogonalTest.ModelsRouteTheCorrectionThroughTheSharedOperator
 649/1820 Test #1167: TurbulenceNonOrthogonalTest.NonOrthogonalDiffusion .......................................................   Passed    0.28 sec
          Start  117: StructuredQuadMesh.RejectsClockwiseCells
 650/1820 Test  #711: SpeciesCaseTest.RejectsMissingPerPatchSpeciesWhenSpeciesEnabled ..........................................   Passed    0.28 sec
          Start 1641: HeatedCavityConductionValidation.RepeatedSolveIsDeterministic
 651/1820 Test   #60: MeshGeometryNonOrthogonal.NonOrthogonalButUnskewedFace ...................................................   Passed    0.29 sec
          Start   62: MeshGeometryNonOrthogonal.DistortedDecompositionIsConsistent
 652/1820 Test  #116: StructuredQuadMesh.RejectsFoldedCells ....................................................................   Passed    0.29 sec
          Start 1737: RestartIOTest.ReadRejectsMissingFile
 653/1820 Test #1273: CompressibleMassFluxTest.InletBoundaryReducesToOwnerDensityUnderZeroPressureGradient .....................   Passed    0.28 sec
          Start  150: GradedMesh.GradedMeshesHaveTheRequestedCellsAndAreValid
 654/1820 Test   #67: MeshQuality.CartesianHasZeroSkewness .....................................................................   Passed    0.29 sec
          Start  153: GradedMesh.InvalidGradingNeverBuildsAMesh
 655/1820 Test  #115: StructuredQuadMesh.RejectsNonFiniteVertex ................................................................   Passed    0.29 sec
          Start 1205: SpeciesNonOrthogonalTest.CartesianSolveIsBitIdentical
 656/1820 Test  #703: SpeciesCaseTest.NonSpeciesFixtureHasNoSpeciesConfig ......................................................   Passed    0.29 sec
          Start  106: StructuredQuadMesh.TrapezoidGeometryIsExact
 657/1820 Test #1580: CompressiblePressureCorrectionTest.NegligibleCompressibilityMatchesIncompressibleEquation ................   Passed    0.29 sec
          Start  146: AxisSpacing.GradedUniformOrUnitRatioIsTheUniformSpacing
 658/1820 Test  #403: DiffusionTest.NonOrthogonalCorrectionMatchesBaselineOnCartesianMesh ......................................   Passed    0.29 sec
          Start 1048: EffectiveViscosityTest.RepeatedEvaluationIsDeterministic
 659/1820 Test  #112: StructuredQuadMesh.ConstructionIsDeterministic ...........................................................   Passed    0.29 sec
          Start  120: MeshValidity.HandBuiltTwoCellMeshIsValid
 660/1820 Test  #690: TurbulenceCaseTest.NonOrthogonalCorrectionReachesEveryTurbulenceModel ....................................   Passed    0.29 sec
          Start  113: StructuredQuadMesh.RejectsZeroCells
 661/1820 Test   #68: MeshQuality.DistortedMeshReportsNonZeroMetrics ...........................................................   Passed    0.29 sec
          Start 1738: RestartIOTest.ReadRejectsMalformedJsonSyntax
 662/1820 Test   #66: MeshQuality.CartesianHasZeroNonOrthogonality .............................................................   Passed    0.28 sec
          Start 1741: RestartIOTest.ReadRejectsWrongFormatVersion
 663/1820 Test  #125: MeshValidity.DetectsCellWithTooFewFaces ..................................................................   Passed    0.29 sec
          Start 1735: RestartIOTest.WriteThenReadRoundTripsExactly
 664/1820 Test #1168: TurbulenceNonOrthogonalTest.ModelsRouteTheCorrectionThroughTheSharedOperator .............................   Passed    0.28 sec
          Start 1739: RestartIOTest.ReadRejectsTruncatedFile
 665/1820 Test  #117: StructuredQuadMesh.RejectsClockwiseCells .................................................................   Passed    0.29 sec
          Start 1745: RestartIOTest.ReadRejectsOutOfRangeJsonNumber
 666/1820 Test #1641: HeatedCavityConductionValidation.RepeatedSolveIsDeterministic ............................................   Passed    0.27 sec
          Start  114: StructuredQuadMesh.RejectsWrongVertexCount
 667/1820 Test   #62: MeshGeometryNonOrthogonal.DistortedDecompositionIsConsistent .............................................   Passed    0.28 sec
          Start 1736: RestartIOTest.RepeatedWriteIsByteIdentical
 668/1820 Test #1737: RestartIOTest.ReadRejectsMissingFile .....................................................................   Passed    0.28 sec
          Start  124: MeshValidity.DetectsCellListingAFaceItDoesNotOwnOrNeighbor
 669/1820 Test  #150: GradedMesh.GradedMeshesHaveTheRequestedCellsAndAreValid ..................................................   Passed    0.27 sec
          Start 1230: VolumeFractionTransportEquationTest.RejectsNonPositiveOrNonFiniteDt
 670/1820 Test  #153: GradedMesh.InvalidGradingNeverBuildsAMesh ................................................................   Passed    0.27 sec
          Start  332: FixedTemperatureTest.RepeatedEvaluationIsDeterministic
 671/1820 Test #1205: SpeciesNonOrthogonalTest.CartesianSolveIsBitIdentical ....................................................   Passed    0.27 sec
          Start  909: RestartSnapshotTest.DifferentMeshWithSameCellAndFaceCountIsRejectedByFingerprint
 672/1820 Test  #106: StructuredQuadMesh.TrapezoidGeometryIsExact ..............................................................   Passed    0.27 sec
          Start 1246: IdealGasEOSTest.DoublingPressureAtFixedTemperatureDoublesDensity
 673/1820 Test  #146: AxisSpacing.GradedUniformOrUnitRatioIsTheUniformSpacing ..................................................   Passed    0.26 sec
          Start 1747: RestartIOTest.ReadRejectsInvalidDeltaT
 674/1820 Test #1048: EffectiveViscosityTest.RepeatedEvaluationIsDeterministic .................................................   Passed    0.26 sec
          Start  260: BiCGSTABBreakdown.ExactTerminationIsConvergedNotBreakdown
 675/1820 Test  #120: MeshValidity.HandBuiltTwoCellMeshIsValid .................................................................   Passed    0.27 sec
          Start   87: MeshQualityReport.BoundaryFaceMustBeInExactlyOnePatch
 676/1820 Test  #113: StructuredQuadMesh.RejectsZeroCells ......................................................................   Passed    0.26 sec
          Start 1467: SIMPLEBuoyancyTest.RealBuoyancySourceChangesConvergedVelocityField
 677/1820 Test #1738: RestartIOTest.ReadRejectsMalformedJsonSyntax .............................................................   Passed    0.27 sec
          Start 1236: VolumeFractionSolverTest.ZeroVelocityPreservesAlphaThroughAnActualSolve
 678/1820 Test #1741: RestartIOTest.ReadRejectsWrongFormatVersion ..............................................................   Passed    0.26 sec
          Start 1742: RestartIOTest.ReadRejectsDifferentMeshWithSameCounts
 679/1820 Test #1735: RestartIOTest.WriteThenReadRoundTripsExactly .............................................................   Passed    0.26 sec
          Start 1453: SIMPLEKEpsilonTest.RepeatedSolveIsBitIdentical
 680/1820 Test #1739: RestartIOTest.ReadRejectsTruncatedFile ...................................................................   Passed    0.25 sec
          Start  103: MeshFingerprintTest.DifferentResolutionProducesDifferentFingerprint
 681/1820 Test #1745: RestartIOTest.ReadRejectsOutOfRangeJsonNumber ............................................................   Passed    0.26 sec
          Start  107: StructuredQuadMesh.DistortedMeshIsConservativeAndGenuinelyNonOrthogonal
 682/1820 Test  #114: StructuredQuadMesh.RejectsWrongVertexCount ...............................................................   Passed    0.26 sec
          Start 1232: AlphaBoundsTest.ReportsMinAndMax
 683/1820 Test #1736: RestartIOTest.RepeatedWriteIsByteIdentical ...............................................................   Passed    0.27 sec
          Start  128: MeshValidity.EntitiesRejectNonFiniteAndNonPositiveGeometry
 684/1820 Test  #124: MeshValidity.DetectsCellListingAFaceItDoesNotOwnOrNeighbor ...............................................   Passed    0.27 sec
          Start 1746: RestartIOTest.ReadRejectsNonNumericFieldValue
 685/1820 Test #1230: VolumeFractionTransportEquationTest.RejectsNonPositiveOrNonFiniteDt ......................................   Passed    0.27 sec
          Start  127: MeshValidity.DetectsPatchListingAnInternalFace
 686/1820 Test  #332: FixedTemperatureTest.RepeatedEvaluationIsDeterministic ...................................................   Passed    0.29 sec
          Start  110: StructuredQuadMesh.MeshWithoutGridReportsNone
 687/1820 Test  #909: RestartSnapshotTest.DifferentMeshWithSameCellAndFaceCountIsRejectedByFingerprint .........................   Passed    0.28 sec
          Start  876: TimeControllerTest.StartingStepIsReflectedImmediately
 688/1820 Test #1246: IdealGasEOSTest.DoublingPressureAtFixedTemperatureDoublesDensity .........................................   Passed    0.28 sec
          Start  130: MeshValidity.EveryCartesianAndStructuredQuadMeshIsValid
 689/1820 Test #1747: RestartIOTest.ReadRejectsInvalidDeltaT ...................................................................   Passed    0.28 sec
          Start 1308: CaseSessionTest.SaveAsWritesARoundTripLoadableCase
 690/1820 Test  #260: BiCGSTABBreakdown.ExactTerminationIsConvergedNotBreakdown ................................................   Passed    0.29 sec
          Start  558: BoussinesqBuoyancyTest.MomentumContributionScalesWithCellVolume
 691/1820 Test   #87: MeshQualityReport.BoundaryFaceMustBeInExactlyOnePatch ....................................................   Passed    0.28 sec
          Start  123: MeshValidity.DetectsOpenCell
 692/1820 Test #1467: SIMPLEBuoyancyTest.RealBuoyancySourceChangesConvergedVelocityField .......................................   Passed    0.27 sec
          Start 1505: SIMPLERobustnessTest.InvalidRobustnessSettingsAreInvalidConfiguration
 693/1820 Test #1236: VolumeFractionSolverTest.ZeroVelocityPreservesAlphaThroughAnActualSolve ..................................   Passed    0.28 sec
          Start 1648: BoussinesqCouplingTest.DifferentiallyHeatedCavityProducesNonzeroVelocity
 694/1820 Test #1742: RestartIOTest.ReadRejectsDifferentMeshWithSameCounts .....................................................   Passed    0.29 sec
          Start  121: MeshValidity.DetectsInvertedInternalFace
 695/1820 Test #1453: SIMPLEKEpsilonTest.RepeatedSolveIsBitIdentical ...........................................................   Passed    0.29 sec
          Start  111: StructuredQuadMesh.MeshRejectsGridThatDoesNotMatchItsCells
 696/1820 Test  #103: MeshFingerprintTest.DifferentResolutionProducesDifferentFingerprint ......................................   Passed    0.28 sec
          Start 1649: BoussinesqCouplingTest.EqualWallTemperaturesGiveZeroVelocity
 697/1820 Test  #107: StructuredQuadMesh.DistortedMeshIsConservativeAndGenuinelyNonOrthogonal ..................................   Passed    0.28 sec
          Start  126: MeshValidity.DetectsBoundaryFaceInNoPatchOrInTwo
 698/1820 Test #1232: AlphaBoundsTest.ReportsMinAndMax .........................................................................   Passed    0.29 sec
          Start 1806: ContinuityMMS.DivergenceFreeField
 699/1820 Test  #128: MeshValidity.EntitiesRejectNonFiniteAndNonPositiveGeometry ...............................................   Passed    0.29 sec
          Start  105: StructuredQuadMesh.LatticeVerticesReproduceCartesianMesh
 700/1820 Test #1746: RestartIOTest.ReadRejectsNonNumericFieldValue ............................................................   Passed    0.28 sec
          Start 1310: CaseSessionTest.ReloadDiscardsInMemoryEdits
 701/1820 Test  #127: MeshValidity.DetectsPatchListingAnInternalFace ...........................................................   Passed    0.28 sec
          Start 1311: CaseSessionTest.ValidateValidCaseMovesToValidated
 702/1820 Test  #110: StructuredQuadMesh.MeshWithoutGridReportsNone ............................................................   Passed    0.29 sec
          Start 1774: SpeciesAdvectionDiffusionValidation.AdvectionDominatedRegimePe50MatchesAnalyticalWithinUpwindDiffusion
 703/1820 Test  #876: TimeControllerTest.StartingStepIsReflectedImmediately ....................................................   Passed    0.29 sec
          Start  101: MeshFingerprintTest.RepeatedCallOnSameMeshIsDeterministic
 704/1820 Test  #130: MeshValidity.EveryCartesianAndStructuredQuadMeshIsValid ..................................................   Passed    0.29 sec
          Start 1748: RestartIOTest.ReadRejectsMismatchedVelocityComponentArrayLengths
 705/1820 Test #1308: CaseSessionTest.SaveAsWritesARoundTripLoadableCase .......................................................   Passed    0.29 sec
          Start  109: StructuredQuadMesh.CartesianMeshCarriesItsLatticeGrid
 706/1820 Test  #558: BoussinesqBuoyancyTest.MomentumContributionScalesWithCellVolume ..........................................   Passed    0.29 sec
          Start 1295: ProjectRunnerTest.ValidCaseConvergesAndExportsResults
 707/1820 Test  #123: MeshValidity.DetectsOpenCell .............................................................................   Passed    0.30 sec
          Start   99: MeshFingerprintTest.IsNonEmpty
 708/1820 Test #1505: SIMPLERobustnessTest.InvalidRobustnessSettingsAreInvalidConfiguration ....................................   Passed    0.30 sec
          Start 1543: FinalCorrectionTest.FullPipelineFinalStateIsFiniteAndConverged
 709/1820 Test #1648: BoussinesqCouplingTest.DifferentiallyHeatedCavityProducesNonzeroVelocity .................................   Passed    0.29 sec
          Start 1784: UniformAlphaPreservationTest.ZeroVelocityPreservesANonUniformFieldOverManySteps
 710/1820 Test  #121: MeshValidity.DetectsInvertedInternalFace .................................................................   Passed    0.30 sec
          Start  100: MeshFingerprintTest.TwoSeparatelyBuiltIdenticalMeshesProduceIdenticalFingerprints
 711/1820 Test  #111: StructuredQuadMesh.MeshRejectsGridThatDoesNotMatchItsCells ...............................................   Passed    0.30 sec
          Start 1749: RestartResumeTest.ResumedTransientSolverContinuesFromSnapshotStateAndTime
 712/1820 Test #1649: BoussinesqCouplingTest.EqualWallTemperaturesGiveZeroVelocity .............................................   Passed    0.30 sec
          Start  879: TimeControllerTest.ResumedControllerMatchesContinuousControllerBitIdentically
 713/1820 Test  #126: MeshValidity.DetectsBoundaryFaceInNoPatchOrInTwo .........................................................   Passed    0.29 sec
          Start 1804: MomentumMMS.PressureGradientBalance
 714/1820 Test #1806: ContinuityMMS.DivergenceFreeField ........................................................................   Passed    0.29 sec
          Start 1298: ProjectRunnerTest.CancellationStopsEarlyWithCancelledStatus
 715/1820 Test  #105: StructuredQuadMesh.LatticeVerticesReproduceCartesianMesh .................................................   Passed    0.30 sec
          Start  840: GradedMeshCase.InvalidRatiosAreRejected
 716/1820 Test #1310: CaseSessionTest.ReloadDiscardsInMemoryEdits ..............................................................   Passed    0.29 sec
          Start 1387: MMSSourceTest.SolversRejectMalformedSourceFields
 717/1820 Test #1311: CaseSessionTest.ValidateValidCaseMovesToValidated ........................................................   Passed    0.29 sec
          Start  839: GradedMeshCase.ParsesXAndYGradingAndEveryClusterName
 718/1820 Test #1774: SpeciesAdvectionDiffusionValidation.AdvectionDominatedRegimePe50MatchesAnalyticalWithinUpwindDiffusion ...   Passed    0.29 sec
          Start 1460: SIMPLESSTTest.RepeatedSolveIsBitIdentical
 719/1820 Test  #101: MeshFingerprintTest.RepeatedCallOnSameMeshIsDeterministic ................................................   Passed    0.29 sec
          Start  838: GradedMeshCase.ParsesXGrading
 720/1820 Test #1748: RestartIOTest.ReadRejectsMismatchedVelocityComponentArrayLengths .........................................   Passed    0.29 sec
          Start 1783: UniformAlphaPreservationTest.DivergenceFreeChannelFlowPreservesUniformAlphaOverManySteps
 721/1820 Test  #109: StructuredQuadMesh.CartesianMeshCarriesItsLatticeGrid ....................................................   Passed    0.30 sec
          Start  578: TabulatedPropertyTest.RejectsNonFiniteEntries
 722/1820 Test #1295: ProjectRunnerTest.ValidCaseConvergesAndExportsResults ....................................................   Passed    0.30 sec
          Start  844: GradedMeshCase.UnusableDistributionsAreRejectedBeforeMeshConstruction
 723/1820 Test   #99: MeshFingerprintTest.IsNonEmpty ...........................................................................   Passed    0.29 sec
          Start 1265: MachNumberTest.RejectsNonPositiveSpeedOfSound
 724/1820 Test #1543: FinalCorrectionTest.FullPipelineFinalStateIsFiniteAndConverged ...........................................   Passed    0.30 sec
          Start  845: GradedMeshCase.ImpossibleDomainOrCellCountIsRejected
 725/1820 Test #1784: UniformAlphaPreservationTest.ZeroVelocityPreservesANonUniformFieldOverManySteps ..........................   Passed    0.30 sec
          Start  843: GradedMeshCase.GradingIsRejectedForStructuredQuad
 726/1820 Test  #100: MeshFingerprintTest.TwoSeparatelyBuiltIdenticalMeshesProduceIdenticalFingerprints ........................   Passed    0.29 sec
          Start 1283: CompressibleContinuityTest.SteadyStateWithBalancedFluxGivesZeroImbalance
 727/1820 Test #1749: RestartResumeTest.ResumedTransientSolverContinuesFromSnapshotStateAndTime ................................   Passed    0.30 sec
          Start 1651: BoussinesqCouplingTest.ZeroBetaRecoversNonBuoyantAtRestSolution
 728/1820 Test  #879: TimeControllerTest.ResumedControllerMatchesContinuousControllerBitIdentically ............................   Passed    0.30 sec
          Start  104: MeshFingerprintTest.DifferentAspectRatioSameCellCountProducesDifferentFingerprint
 729/1820 Test #1804: MomentumMMS.PressureGradientBalance ......................................................................   Passed    0.29 sec
          Start  954: ThermalPropertiesTest.ThermalDiffusivityRejectsZeroDensity
 730/1820 Test  #840: GradedMeshCase.InvalidRatiosAreRejected ..................................................................   Passed    0.28 sec
          Start  837: GradedMeshCase.ParsesYGrading
 731/1820 Test #1387: MMSSourceTest.SolversRejectMalformedSourceFields .........................................................   Passed    0.29 sec
          Start  102: MeshFingerprintTest.DifferentDomainSizeWithSameCellAndFaceCountProducesDifferentFingerprint
 732/1820 Test #1298: ProjectRunnerTest.CancellationStopsEarlyWithCancelledStatus ..............................................   Passed    0.38 sec
          Start  841: GradedMeshCase.OverflowingRatioLiteralIsRejected
 733/1820 Test  #839: GradedMeshCase.ParsesXAndYGradingAndEveryClusterName .....................................................   Passed    0.34 sec
          Start 1288: CompressibleMomentumTimeDerivativeTest.HandDerivedDiagonalAndSource
 734/1820 Test #1460: SIMPLESSTTest.RepeatedSolveIsBitIdentical ................................................................   Passed    0.34 sec
          Start 1464: SIMPLEBuoyancyTest.CaseB_BetaZeroMatchesNoBuoyancyBitForBit
 735/1820 Test  #838: GradedMeshCase.ParsesXGrading ............................................................................   Passed    0.34 sec
          Start  693: BoussinesqCaseTest.ParsesBuoyancyConfigWhenEnabled
 736/1820 Test #1783: UniformAlphaPreservationTest.DivergenceFreeChannelFlowPreservesUniformAlphaOverManySteps .................   Passed    0.34 sec
          Start 1165: TurbulenceModelFactoryTest.SSTNameCreatesSSTModel
 737/1820 Test  #578: TabulatedPropertyTest.RejectsNonFiniteEntries ............................................................   Passed    0.33 sec
          Start  346: AdiabaticTest.RejectsInvalidDistance
 738/1820 Test  #844: GradedMeshCase.UnusableDistributionsAreRejectedBeforeMeshConstruction ....................................   Passed    0.33 sec
          Start 1254: IdealGasEOSTest.DDensityDTemperatureMatchesAnalyticalFormula
 739/1820 Test #1265: MachNumberTest.RejectsNonPositiveSpeedOfSound ............................................................   Passed    0.33 sec
          Start 1305: CaseSessionTest.OpenValidCaseMovesToLoaded
 740/1820 Test  #845: GradedMeshCase.ImpossibleDomainOrCellCountIsRejected .....................................................   Passed    0.33 sec
          Start 1248: IdealGasEOSTest.RejectsNonPositivePressureOrTemperature
 741/1820 Test  #843: GradedMeshCase.GradingIsRejectedForStructuredQuad ........................................................   Passed    0.33 sec
          Start 1351: SampleVectorFieldTest.StrideNSamplesEveryNthCellById
 742/1820 Test #1283: CompressibleContinuityTest.SteadyStateWithBalancedFluxGivesZeroImbalance .................................   Passed    0.33 sec
          Start  990: EnergyEquationVariablePropertiesTest.CombinerUniformFieldsMatchScalarThermalProperties
 743/1820 Test #1651: BoussinesqCouplingTest.ZeroBetaRecoversNonBuoyantAtRestSolution ..........................................   Passed    0.32 sec
          Start 1573: PISOTurbulenceTest.DefaultTurbulenceModelMatchesExplicitLaminarModel
 744/1820 Test  #104: MeshFingerprintTest.DifferentAspectRatioSameCellCountProducesDifferentFingerprint ........................   Passed    0.34 sec
          Start 1456: SIMPLEKOmegaTest.RepeatedSolveIsBitIdentical
 745/1820 Test  #954: ThermalPropertiesTest.ThermalDiffusivityRejectsZeroDensity ...............................................   Passed    0.33 sec
          Start 1153: SSTModelTest.ConvergenceResidualIsNulloptBeforeFirstCorrect
 746/1820 Test  #837: GradedMeshCase.ParsesYGrading ............................................................................   Passed    0.33 sec
          Start  677: TurbulenceCaseTest.RejectsUnsupportedModelName
 747/1820 Test  #102: MeshFingerprintTest.DifferentDomainSizeWithSameCellAndFaceCountProducesDifferentFingerprint ..............   Passed    0.29 sec
          Start  544: BoussinesqBuoyancyTest.ConstructsWithValidParameters
 748/1820 Test  #841: GradedMeshCase.OverflowingRatioLiteralIsRejected .........................................................   Passed    0.30 sec
          Start 1389: MMSErrorNormsTest.PressureGaugeRemoval
 749/1820 Test #1288: CompressibleMomentumTimeDerivativeTest.HandDerivedDiagonalAndSource ......................................   Passed    0.29 sec
          Start 1070: KEpsilonEquationTest.ImplicitSourceRejectsNonFiniteSuOrSp
 750/1820 Test #1464: SIMPLEBuoyancyTest.CaseB_BetaZeroMatchesNoBuoyancyBitForBit ..............................................   Passed    0.30 sec
          Start 1118: SSTEquationTest.AlphaRejectsInvalidBetaStar
 751/1820 Test  #693: BoussinesqCaseTest.ParsesBuoyancyConfigWhenEnabled .......................................................   Passed    0.30 sec
          Start  587: MomentumVariableViscosityTest.TabulatedMuGivesTheExpectedFaceValue
 752/1820 Test #1165: TurbulenceModelFactoryTest.SSTNameCreatesSSTModel ........................................................   Passed    0.30 sec
          Start 1790: SinglePhaseEquivalenceTest.AlphaOneReducesToPurePhase1MomentumAssemblyExactly
 753/1820 Test  #346: AdiabaticTest.RejectsInvalidDistance .....................................................................   Passed    0.30 sec
          Start 1465: SIMPLEBuoyancyTest.CaseC_ZeroGravityMatchesNoBuoyancyBitForBit
 754/1820 Test #1254: IdealGasEOSTest.DDensityDTemperatureMatchesAnalyticalFormula .............................................   Passed    0.30 sec
          Start  655: ThermalCaseTest.RejectsNonPositiveConductivity
 755/1820 Test #1305: CaseSessionTest.OpenValidCaseMovesToLoaded ...............................................................   Passed    0.31 sec
          Start 1073: KEpsilonEquationTest.UniformFieldWithZeroSourceIsPreservedByFullEquation
 756/1820 Test #1248: IdealGasEOSTest.RejectsNonPositivePressureOrTemperature ..................................................   Passed    0.31 sec
          Start 1466: SIMPLEBuoyancyTest.UniformReferenceTemperatureMatchesNoBuoyancyBitForBit
 757/1820 Test #1351: SampleVectorFieldTest.StrideNSamplesEveryNthCellById .....................................................   Passed    0.31 sec
          Start  916: RestartSnapshotTest.UnsupportedFormatVersionIsRejected
 758/1820 Test  #990: EnergyEquationVariablePropertiesTest.CombinerUniformFieldsMatchScalarThermalProperties ...................   Passed    0.31 sec
          Start 1304: CaseSessionTest.NewCaseMovesToLoadedWithNoDirectory
 759/1820 Test #1573: PISOTurbulenceTest.DefaultTurbulenceModelMatchesExplicitLaminarModel .....................................   Passed    0.31 sec
          Start  551: BoussinesqBuoyancyTest.ZeroBetaGivesZeroSourceForAnyTemperature
 760/1820 Test #1456: SIMPLEKOmegaTest.RepeatedSolveIsBitIdentical .............................................................   Passed    0.31 sec
          Start  552: BoussinesqBuoyancyTest.ZeroGravityGivesZeroSourceForAnyTemperature
 761/1820 Test #1153: SSTModelTest.ConvergenceResidualIsNulloptBeforeFirstCorrect ..............................................   Passed    0.31 sec
          Start 1341: NearestCellTest.FindsTheCellWhoseCentroidIsClosest
 762/1820 Test  #677: TurbulenceCaseTest.RejectsUnsupportedModelName ...........................................................   Passed    0.31 sec
          Start 1661: CaseLidDrivenCavityIntegrationTest.SmallFixtureLoadsBuildsAndConverges
 763/1820 Test  #544: BoussinesqBuoyancyTest.ConstructsWithValidParameters .....................................................   Passed    0.32 sec
          Start 1337: VelocityMagnitudeTest.MatchesPythagoreanFormula
 764/1820 Test #1389: MMSErrorNormsTest.PressureGaugeRemoval ...................................................................   Passed    0.32 sec
          Start 1452: SIMPLEKEpsilonTest.EndToEndLoopIsConnectedAndProducesPhysicalFields
 765/1820 Test #1070: KEpsilonEquationTest.ImplicitSourceRejectsNonFiniteSuOrSp ................................................   Passed    0.32 sec
          Start 1455: SIMPLEKOmegaTest.EndToEndLoopIsConnectedAndProducesPhysicalFields
 766/1820 Test #1118: SSTEquationTest.AlphaRejectsInvalidBetaStar ..............................................................   Passed    0.31 sec
          Start  575: TabulatedPropertyTest.RejectsFewerThanTwoPoints
 767/1820 Test  #587: MomentumVariableViscosityTest.TabulatedMuGivesTheExpectedFaceValue .......................................   Passed    0.32 sec
          Start 1388: MMSErrorNormsTest.KnownField
 768/1820 Test #1790: SinglePhaseEquivalenceTest.AlphaOneReducesToPurePhase1MomentumAssemblyExactly ............................   Passed    0.32 sec
          Start  842: GradedMeshCase.InvalidTypeClusterAndKeysAreRejected
 769/1820 Test #1465: SIMPLEBuoyancyTest.CaseC_ZeroGravityMatchesNoBuoyancyBitForBit ...........................................   Passed    0.32 sec
          Start 1251: IdealGasEOSTest.RejectsNonFiniteGasConstant
 770/1820 Test  #655: ThermalCaseTest.RejectsNonPositiveConductivity ...........................................................   Passed    0.31 sec
          Start 1534: SecondPressureCorrectionTest.DeterministicReferenceCellRowIsPreserved
 771/1820 Test #1073: KEpsilonEquationTest.UniformFieldWithZeroSourceIsPreservedByFullEquation .................................   Passed    0.32 sec
          Start 1034: TurbulenceModelTest.ModelNameIsAccessible
 772/1820 Test  #916: RestartSnapshotTest.UnsupportedFormatVersionIsRejected ...................................................   Passed    0.29 sec
          Start 1391: MMSStudyTest.ReportIsDeterministicExceptRuntime
 773/1820 Test #1304: CaseSessionTest.NewCaseMovesToLoadedWithNoDirectory ......................................................   Passed    0.30 sec
          Start 1253: IdealGasEOSTest.DDensityDPressureIsIndependentOfPressure
 774/1820 Test #1466: SIMPLEBuoyancyTest.UniformReferenceTemperatureMatchesNoBuoyancyBitForBit .................................   Passed    0.36 sec
          Start 1574: PISOTurbulenceTest.ElevatedEddyViscosityChangesPredictedState
 775/1820 Test  #551: BoussinesqBuoyancyTest.ZeroBetaGivesZeroSourceForAnyTemperature ..........................................   Passed    0.31 sec
          Start 1257: ThermodynamicPropertiesTest.DerivesCvAndGammaFromRAndCp
 776/1820 Test  #552: BoussinesqBuoyancyTest.ZeroGravityGivesZeroSourceForAnyTemperature .......................................   Passed    0.31 sec
          Start 1056: LaminarModelTest.ConstructionIsDeterministicAcrossInstances
 777/1820 Test #1341: NearestCellTest.FindsTheCellWhoseCentroidIsClosest .......................................................   Passed    0.31 sec
          Start 1250: IdealGasEOSTest.RejectsNonPositiveGasConstant
 778/1820 Test #1661: CaseLidDrivenCavityIntegrationTest.SmallFixtureLoadsBuildsAndConverges ...................................   Passed    0.28 sec
          Start  337: HeatFluxTest.ExposesHeatFluxAndConductivity
 779/1820 Test #1337: VelocityMagnitudeTest.MatchesPythagoreanFormula ..........................................................   Passed    0.29 sec
          Start  340: HeatFluxTest.RejectsNonFiniteHeatFlux
 780/1820 Test #1452: SIMPLEKEpsilonTest.EndToEndLoopIsConnectedAndProducesPhysicalFields ......................................   Passed    0.30 sec
          Start 1209: PhasePropertiesTest.RejectsZeroOrNegativeViscosity
 781/1820 Test #1455: SIMPLEKOmegaTest.EndToEndLoopIsConnectedAndProducesPhysicalFields ........................................   Passed    0.38 sec
          Start  574: TabulatedPropertyTest.ReportsTableRange
 782/1820 Test  #575: TabulatedPropertyTest.RejectsFewerThanTwoPoints ..........................................................   Passed    0.39 sec
          Start 1333: AutomaticContourLevelsTest.ConstantFieldProducesNoLevels
 783/1820 Test #1388: MMSErrorNormsTest.KnownField .............................................................................   Passed    0.39 sec
          Start  342: HeatFluxTest.RepeatedEvaluationIsDeterministic
 784/1820 Test  #842: GradedMeshCase.InvalidTypeClusterAndKeysAreRejected ......................................................   Passed    0.38 sec
          Start 1458: SIMPLESSTTest.EndToEndLoopIsConnectedAndProducesPhysicalFields
 785/1820 Test #1251: IdealGasEOSTest.RejectsNonFiniteGasConstant ..............................................................   Passed    0.38 sec
          Start 1329: MarchingSquaresTest.RepeatedCallsAreDeterministic
 786/1820 Test #1534: SecondPressureCorrectionTest.DeterministicReferenceCellRowIsPreserved ....................................   Passed    0.38 sec
          Start  582: EvaluatePropertyFieldTest.AllowsNonPositiveResultWhenNotRequired
 787/1820 Test #1034: TurbulenceModelTest.ModelNameIsAccessible ................................................................   Passed    0.38 sec
          Start 1252: IdealGasEOSTest.DDensityDPressureMatchesAnalyticalFormula
 788/1820 Test #1391: MMSStudyTest.ReportIsDeterministicExceptRuntime ..........................................................   Passed    0.38 sec
          Start 1259: ThermodynamicPropertiesTest.RejectsNonFiniteCp
 789/1820 Test #1253: IdealGasEOSTest.DDensityDPressureIsIndependentOfPressure .................................................   Passed    0.40 sec
          Start  700: BoussinesqCaseTest.RejectsMissingGravity
 790/1820 Test #1574: PISOTurbulenceTest.ElevatedEddyViscosityChangesPredictedState ............................................   Passed    0.39 sec
          Start 1519: TransientPressureCorrectionTest.ResponseCoefficientReflectsTransientDiagonalExactly
 791/1820 Test #1257: ThermodynamicPropertiesTest.DerivesCvAndGammaFromRAndCp ..................................................   Passed    0.39 sec
          Start 1269: EvaluateDensityFieldTest.InvalidCellStateThrowsNamingTheCell
 792/1820 Test #1056: LaminarModelTest.ConstructionIsDeterministicAcrossInstances ..............................................   Passed    0.39 sec
          Start 1247: IdealGasEOSTest.DoublingTemperatureAtFixedPressureHalvesDensity
 793/1820 Test #1250: IdealGasEOSTest.RejectsNonPositiveGasConstant ............................................................   Passed    0.39 sec
          Start 1566: PisoTransientIntegrationTest.FailedPisoStepIsRejectedAndLeavesAcceptedStateBitIdentical
 794/1820 Test  #337: HeatFluxTest.ExposesHeatFluxAndConductivity ..............................................................   Passed    0.39 sec
          Start 1386: MMSSourceTest.RelaxedMomentumSourceIsAPureRhsTerm
 795/1820 Test  #340: HeatFluxTest.RejectsNonFiniteHeatFlux ....................................................................   Passed    0.39 sec
          Start  338: HeatFluxTest.TypeAndNameAreThermalSpecific
 796/1820 Test #1209: PhasePropertiesTest.RejectsZeroOrNegativeViscosity .......................................................   Passed    0.31 sec
          Start 1306: CaseSessionTest.OpenMissingDirectoryLeavesStateUnchangedAndSetsError
 797/1820 Test  #574: TabulatedPropertyTest.ReportsTableRange ..................................................................   Passed    0.31 sec
          Start 1249: IdealGasEOSTest.RejectsNonFinitePressureOrTemperature
 798/1820 Test #1333: AutomaticContourLevelsTest.ConstantFieldProducesNoLevels .................................................   Passed    0.30 sec
          Start 1208: PhasePropertiesTest.RejectsZeroOrNegativeDensity
 799/1820 Test  #342: HeatFluxTest.RepeatedEvaluationIsDeterministic ...........................................................   Passed    0.30 sec
          Start 1221: VolumeFractionConvectionTest.PositiveInternalFluxSelectsOwnerNegativeSelectsNeighbor
 800/1820 Test #1458: SIMPLESSTTest.EndToEndLoopIsConnectedAndProducesPhysicalFields ...........................................   Passed    0.31 sec
          Start  230: SparseMatrixBuilderTest.ReserveDoesNotChangeTheAssembledMatrix
 801/1820 Test #1329: MarchingSquaresTest.RepeatedCallsAreDeterministic ........................................................   Passed    0.31 sec
          Start 1049: LaminarModelTest.NameIsLaminar
 802/1820 Test  #582: EvaluatePropertyFieldTest.AllowsNonPositiveResultWhenNotRequired .........................................   Passed    0.30 sec
          Start 1215: TwoPhaseSystemTest.DeterministicRepeatedEvaluation
 803/1820 Test #1252: IdealGasEOSTest.DDensityDPressureMatchesAnalyticalFormula ................................................   Passed    0.30 sec
          Start 1331: MarchingSquaresTest.RejectsMismatchedSizes
 804/1820 Test #1259: ThermodynamicPropertiesTest.RejectsNonFiniteCp ...........................................................   Passed    0.28 sec
          Start 1775: SpeciesAdvectionDiffusionValidation.PureAdvectionTransportsInletValueDownstreamWithoutSourceOrSink
 805/1820 Test  #700: BoussinesqCaseTest.RejectsMissingGravity .................................................................   Passed    0.28 sec
          Start 1332: AutomaticContourLevelsTest.ProducesEvenlySpacedInteriorLevels
 806/1820 Test #1519: TransientPressureCorrectionTest.ResponseCoefficientReflectsTransientDiagonalExactly ......................   Passed    0.28 sec
          Start  581: EvaluatePropertyFieldTest.RejectsNonPositiveResultWhenRequired
 807/1820 Test #1269: EvaluateDensityFieldTest.InvalidCellStateThrowsNamingTheCell .............................................   Passed    0.29 sec
          Start 1016: InterfaceConductanceTest.MatchesHandDerivedExample
 808/1820 Test #1247: IdealGasEOSTest.DoublingTemperatureAtFixedPressureHalvesDensity ..........................................   Passed    0.29 sec
          Start  697: BoussinesqCaseTest.RejectsUnsupportedBuoyancyModel
 809/1820 Test #1566: PisoTransientIntegrationTest.FailedPisoStepIsRejectedAndLeavesAcceptedStateBitIdentical ..................   Passed    0.29 sec
          Start 1224: VolumeFractionConvectionTest.ConstantAlphaWithDivergenceFreeFluxGivesZeroNetContribution
 810/1820 Test #1386: MMSSourceTest.RelaxedMomentumSourceIsAPureRhsTerm ........................................................   Passed    0.30 sec
          Start 1219: EvaluateMixtureFieldTest.MinMaxBoundsMatchTheLinearLawsRange
 811/1820 Test  #338: HeatFluxTest.TypeAndNameAreThermalSpecific ...............................................................   Passed    0.29 sec
          Start 1343: ProbeScalarTest.MismatchedFieldSizeThrows
 812/1820 Test #1306: CaseSessionTest.OpenMissingDirectoryLeavesStateUnchangedAndSetsError .....................................   Passed    0.28 sec
          Start 1227: VolumeFractionTransportEquationTest.ZeroVelocityPreservesAlphaExactly
 813/1820 Test #1249: IdealGasEOSTest.RejectsNonFinitePressureOrTemperature ....................................................   Passed    0.29 sec
          Start  696: BoussinesqCaseTest.RejectsBuoyancyWithoutThermal
 814/1820 Test #1208: PhasePropertiesTest.RejectsZeroOrNegativeDensity .........................................................   Passed    0.29 sec
          Start  692: BoussinesqCaseTest.ThermalWithoutBuoyancyHasNoBuoyancyConfig
 815/1820 Test #1221: VolumeFractionConvectionTest.PositiveInternalFluxSelectsOwnerNegativeSelectsNeighbor .....................   Passed    0.29 sec
          Start 1231: VolumeFractionTransportEquationTest.RepeatedAssemblyIsDeterministic
 816/1820 Test  #230: SparseMatrixBuilderTest.ReserveDoesNotChangeTheAssembledMatrix ...........................................   Passed    0.29 sec
          Start 1194: ConcentrationBoundsTest.ReportsMinAndMax
 817/1820 Test #1049: LaminarModelTest.NameIsLaminar ...........................................................................   Passed    0.29 sec
          Start  702: BoussinesqCaseTest.RejectsNonFiniteGravityComponent
 818/1820 Test #1215: TwoPhaseSystemTest.DeterministicRepeatedEvaluation .......................................................   Passed    0.29 sec
          Start 1223: VolumeFractionConvectionTest.BoundaryInflowUsesBoundaryValueOnRhs
 819/1820 Test #1331: MarchingSquaresTest.RejectsMismatchedSizes ...............................................................   Passed    0.30 sec
          Start 1057: LaminarModelTest.EffectiveViscosityRejectsInvalidMolecularViscosity
 820/1820 Test #1775: SpeciesAdvectionDiffusionValidation.PureAdvectionTransportsInletValueDownstreamWithoutSourceOrSink .......   Passed    0.31 sec
          Start 1339: Vorticity2DTest.UniformFlowHasZeroVorticity
 821/1820 Test #1332: AutomaticContourLevelsTest.ProducesEvenlySpacedInteriorLevels ............................................   Passed    0.31 sec
          Start 1451: SIMPLETurbulenceTest.ElevatedEddyViscosityChangesConvergedVelocityField
 822/1820 Test  #581: EvaluatePropertyFieldTest.RejectsNonPositiveResultWhenRequired ...........................................   Passed    0.30 sec
          Start  583: EvaluatePropertyFieldTest.MismatchedTemperatureSizeThrows
 823/1820 Test #1016: InterfaceConductanceTest.MatchesHandDerivedExample .......................................................   Passed    0.30 sec
          Start 1216: TwoPhaseSystemTest.RejectsNonFiniteAlpha
 824/1820 Test  #697: BoussinesqCaseTest.RejectsUnsupportedBuoyancyModel .......................................................   Passed    0.30 sec
          Start 1050: LaminarModelTest.TurbulentViscosityIsZeroEverywhere
 825/1820 Test #1224: VolumeFractionConvectionTest.ConstantAlphaWithDivergenceFreeFluxGivesZeroNetContribution .................   Passed    0.29 sec
          Start  580: EvaluatePropertyFieldTest.ConstantPropertyGivesAUniformField
 826/1820 Test #1219: EvaluateMixtureFieldTest.MinMaxBoundsMatchTheLinearLawsRange .............................................   Passed    0.29 sec
          Start  562: ConstantPropertyTest.ReturnsTheSameValueForAnyTemperature
 827/1820 Test #1343: ProbeScalarTest.MismatchedFieldSizeThrows ................................................................   Passed    0.30 sec
          Start 1235: PhaseVolumeTest.MismatchedAlphaSizeThrows
 828/1820 Test #1227: VolumeFractionTransportEquationTest.ZeroVelocityPreservesAlphaExactly ....................................   Passed    0.29 sec
          Start 1461: SIMPLESSTTest.ConvergedStatusImpliesTurbulenceResidualWithinTolerance
 829/1820 Test  #696: BoussinesqCaseTest.RejectsBuoyancyWithoutThermal .........................................................   Passed    0.30 sec
          Start  331: FixedTemperatureTest.RejectsNonFiniteTemperature
 830/1820 Test  #692: BoussinesqCaseTest.ThermalWithoutBuoyancyHasNoBuoyancyConfig .............................................   Passed    0.29 sec
          Start 1225: VolumeFractionConvectionTest.MismatchedAlphaSizeThrows
 831/1820 Test #1231: VolumeFractionTransportEquationTest.RepeatedAssemblyIsDeterministic ......................................   Passed    0.29 sec
          Start 1046: EffectiveViscosityTest.RejectsNonPositiveMolecularViscosity
 832/1820 Test #1194: ConcentrationBoundsTest.ReportsMinAndMax .................................................................   Passed    0.29 sec
          Start 1353: SampleVectorFieldTest.MismatchedSizeThrows
 833/1820 Test  #702: BoussinesqCaseTest.RejectsNonFiniteGravityComponent ......................................................   Passed    0.29 sec
          Start  561: BoussinesqBuoyancyTest.MismatchedTemperatureSizeThrows
 834/1820 Test #1223: VolumeFractionConvectionTest.BoundaryInflowUsesBoundaryValueOnRhs ........................................   Passed    0.29 sec
          Start  576: TabulatedPropertyTest.RejectsMismatchedLengths
 835/1820 Test #1057: LaminarModelTest.EffectiveViscosityRejectsInvalidMolecularViscosity ......................................   Passed    0.29 sec
          Start 1791: SinglePhaseEquivalenceTest.AlphaZeroReducesToPurePhase2MomentumAssemblyExactly
 836/1820 Test #1339: Vorticity2DTest.UniformFlowHasZeroVorticity ..............................................................   Passed    0.29 sec
          Start 1334: AutomaticContourLevelsTest.IgnoresNonFiniteSamples
 837/1820 Test #1451: SIMPLETurbulenceTest.ElevatedEddyViscosityChangesConvergedVelocityField ..................................   Passed    0.29 sec
          Start 1020: InterfaceConductanceTest.RejectsNonFiniteInputs
 838/1820 Test  #583: EvaluatePropertyFieldTest.MismatchedTemperatureSizeThrows ................................................   Passed    0.35 sec
          Start  680: TurbulenceCaseTest.RejectsNeitherInitialEpsilonNorInitialOmega
 839/1820 Test #1216: TwoPhaseSystemTest.RejectsNonFiniteAlpha .................................................................   Passed    0.34 sec
          Start 1788: PhaseConservationTest.ClosedDomainConservesPhaseVolumeOverManySteps
 840/1820 Test #1050: LaminarModelTest.TurbulentViscosityIsZeroEverywhere ......................................................   Passed    0.35 sec
          Start  549: BoussinesqBuoyancyTest.RejectsNonFiniteTemperature
 841/1820 Test  #580: EvaluatePropertyFieldTest.ConstantPropertyGivesAUniformField .............................................   Passed    0.35 sec
          Start  571: TabulatedPropertyTest.InterpolatesWithinAnArbitraryBracket
 842/1820 Test  #562: ConstantPropertyTest.ReturnsTheSameValueForAnyTemperature ................................................   Passed    0.35 sec
          Start  903: RestartSnapshotTest.TimeStepAndDeltaTCopiedExactly
 843/1820 Test #1235: PhaseVolumeTest.MismatchedAlphaSizeThrows ................................................................   Passed    0.36 sec
          Start  907: RestartSnapshotTest.WrongFaceCountIsRejected
 844/1820 Test #1461: SIMPLESSTTest.ConvergedStatusImpliesTurbulenceResidualWithinTolerance ....................................   Passed    0.36 sec
          Start 1005: ThermalSolverVariablePropertiesTest.ConstantModelsReproduceThermalPropertiesOverloadExactly
 845/1820 Test  #331: FixedTemperatureTest.RejectsNonFiniteTemperature .........................................................   Passed    0.36 sec
          Start  556: BoussinesqBuoyancyTest.SourceIsLinearInTemperatureDeviation
 846/1820 Test #1225: VolumeFractionConvectionTest.MismatchedAlphaSizeThrows ...................................................   Passed    0.36 sec
          Start  904: RestartSnapshotTest.SourceTransientStateIsNotModified
 847/1820 Test #1046: EffectiveViscosityTest.RejectsNonPositiveMolecularViscosity ..............................................   Passed    0.36 sec
          Start  964: EnergyEquationConvectionTest.BoundaryInflowUsesBoundaryValueOnRhs
 848/1820 Test #1353: SampleVectorFieldTest.MismatchedSizeThrows ...............................................................   Passed    0.36 sec
          Start  902: RestartSnapshotTest.VelocityPressureFluxCopiedExactly
 849/1820 Test  #561: BoussinesqBuoyancyTest.MismatchedTemperatureSizeThrows ...................................................   Passed    0.36 sec
          Start 1385: MMSSourceTest.CellVolumeScaling
 850/1820 Test  #576: TabulatedPropertyTest.RejectsMismatchedLengths ...........................................................   Passed    0.36 sec
          Start 1450: SIMPLETurbulenceTest.DefaultTurbulenceModelMatchesExplicitLaminarModel
 851/1820 Test #1791: SinglePhaseEquivalenceTest.AlphaZeroReducesToPurePhase2MomentumAssemblyExactly ...........................   Passed    0.36 sec
          Start  568: LinearPropertyTest.AcceptsZeroSlopeAsAnEquivalentOfConstant
 852/1820 Test #1334: AutomaticContourLevelsTest.IgnoresNonFiniteSamples .......................................................   Passed    0.35 sec
          Start 1242: VolumeFractionSolverTest.NonFiniteStateForNonFiniteMassFlux
 853/1820 Test #1020: InterfaceConductanceTest.RejectsNonFiniteInputs ..........................................................   Passed    0.30 sec
          Start 1188: SpeciesEquationAssemblyTest.MismatchedConcentrationSizeThrows
 854/1820 Test  #680: TurbulenceCaseTest.RejectsNeitherInitialEpsilonNorInitialOmega ...........................................   Passed    0.31 sec
          Start  579: EvaluatePropertyFieldTest.EvaluatesEveryCellFromItsOwnTemperature
 855/1820 Test #1788: PhaseConservationTest.ClosedDomainConservesPhaseVolumeOverManySteps ......................................   Passed    0.31 sec
          Start  553: BoussinesqBuoyancyTest.HotCellWithDownwardGravityDrivesFluidUpward
 856/1820 Test  #549: BoussinesqBuoyancyTest.RejectsNonFiniteTemperature .......................................................   Passed    0.30 sec
          Start 1567: PisoTransientIntegrationTest.ShortenedFinalDtReachesEndTimeWithRealPiso
 857/1820 Test  #571: TabulatedPropertyTest.InterpolatesWithinAnArbitraryBracket ...............................................   Passed    0.30 sec
          Start 1263: ThermodynamicPropertiesTest.SpeedOfSoundRejectsNonPositiveTemperature
 858/1820 Test  #903: RestartSnapshotTest.TimeStepAndDeltaTCopiedExactly .......................................................   Passed    0.30 sec
          Start 1344: SampleLineTest.HorizontalLineTracksTheXCoordinateField
 859/1820 Test  #907: RestartSnapshotTest.WrongFaceCountIsRejected .............................................................   Passed    0.29 sec
          Start 1042: ValidateTurbulentViscosityFieldTest.RejectsNegativeEntry
 860/1820 Test #1005: ThermalSolverVariablePropertiesTest.ConstantModelsReproduceThermalPropertiesOverloadExactly ..............   Passed    0.29 sec
          Start 1557: PisoTest.TinyLidDrivenCavityOneStepConservesMassNearMachineZero
 861/1820 Test  #556: BoussinesqBuoyancyTest.SourceIsLinearInTemperatureDeviation ..............................................   Passed    0.29 sec
          Start 1214: TwoPhaseSystemTest.MixtureViscosityAtCanonicalAlphaValues
 862/1820 Test  #904: RestartSnapshotTest.SourceTransientStateIsNotModified ....................................................   Passed    0.30 sec
          Start 1338: Vorticity2DTest.SolidBodyRotationMatchesAnalyticalConstantAwayFromBoundaries
 863/1820 Test  #964: EnergyEquationConvectionTest.BoundaryInflowUsesBoundaryValueOnRhs ........................................   Passed    0.29 sec
          Start  988: EnergyEquationVariablePropertiesTest.ConvectionSwitchesToNeighborsSpecificHeatWhenItIsUpwind
 864/1820 Test  #902: RestartSnapshotTest.VelocityPressureFluxCopiedExactly ....................................................   Passed    0.28 sec
          Start  335: HeatFluxTest.ZeroFluxReturnsOwnerValue
 865/1820 Test #1385: MMSSourceTest.CellVolumeScaling ..........................................................................   Passed    0.29 sec
          Start  563: ConstantPropertyTest.RejectsNonFiniteReferenceValue
 866/1820 Test #1450: SIMPLETurbulenceTest.DefaultTurbulenceModelMatchesExplicitLaminarModel ...................................   Passed    0.29 sec
          Start  573: TabulatedPropertyTest.ClampsAboveRangeToTheLastValue
 867/1820 Test  #568: LinearPropertyTest.AcceptsZeroSlopeAsAnEquivalentOfConstant ..............................................   Passed    0.29 sec
          Start  345: AdiabaticTest.TypeAndNameAreThermalSpecific
 868/1820 Test #1242: VolumeFractionSolverTest.NonFiniteStateForNonFiniteMassFlux ..............................................   Passed    0.29 sec
          Start 1260: ThermodynamicPropertiesTest.DensityDelegatesToTheEquationOfState
 869/1820 Test #1188: SpeciesEquationAssemblyTest.MismatchedConcentrationSizeThrows ............................................   Passed    0.28 sec
          Start 1202: SpeciesSolverTest.NonFiniteStateForNonFiniteInitialConcentration
 870/1820 Test  #579: EvaluatePropertyFieldTest.EvaluatesEveryCellFromItsOwnTemperature ........................................   Passed    0.27 sec
          Start 1019: InterfaceConductanceTest.RejectsNonPositiveDistance
 871/1820 Test  #553: BoussinesqBuoyancyTest.HotCellWithDownwardGravityDrivesFluidUpward .......................................   Passed    0.28 sec
          Start 1326: MarchingSquaresTest.ConstantFieldProducesNoSegments
 872/1820 Test #1567: PisoTransientIntegrationTest.ShortenedFinalDtReachesEndTimeWithRealPiso ..................................   Passed    0.28 sec
          Start 1237: VolumeFractionSolverTest.ConvergesForASimpleUniformInletFlow
 873/1820 Test #1263: ThermodynamicPropertiesTest.SpeedOfSoundRejectsNonPositiveTemperature ....................................   Passed    0.28 sec
          Start 1529: CorrectionApplicationTest.WallNormalBoundaryFluxStaysExactlyZeroAfterCorrection
 874/1820 Test #1344: SampleLineTest.HorizontalLineTracksTheXCoordinateField ...................................................   Passed    0.28 sec
          Start 1233: PhaseVolumeTest.MatchesHandDerivedSum
 875/1820 Test #1042: ValidateTurbulentViscosityFieldTest.RejectsNegativeEntry .................................................   Passed    0.27 sec
          Start  908: RestartSnapshotTest.MismatchedMeshCellCountIsRejectedEvenWithConsistentFieldSizes
 876/1820 Test #1557: PisoTest.TinyLidDrivenCavityOneStepConservesMassNearMachineZero ..........................................   Passed    0.29 sec
          Start  979: EnergyEquationThermalBCIntegrationTest.FixedTemperatureGivesIdenticalResultToEquivalentFixedValue
 877/1820 Test #1214: TwoPhaseSystemTest.MixtureViscosityAtCanonicalAlphaValues ................................................   Passed    0.28 sec
          Start 1213: TwoPhaseSystemTest.MixtureDensityAtCanonicalAlphaValues
 878/1820 Test #1338: Vorticity2DTest.SolidBodyRotationMatchesAnalyticalConstantAwayFromBoundaries .............................   Passed    0.28 sec
          Start  567: LinearPropertyTest.RejectsNonFiniteConstructorArguments
 879/1820 Test  #988: EnergyEquationVariablePropertiesTest.ConvectionSwitchesToNeighborsSpecificHeatWhenItIsUpwind .............   Passed    0.29 sec
          Start 1324: MarchingSquaresTest.LinearFieldPhiEqualsXProducesAVerticalLineAtTheLevel
 880/1820 Test  #335: HeatFluxTest.ZeroFluxReturnsOwnerValue ...................................................................   Passed    0.29 sec
          Start 1207: PhasePropertiesTest.RejectsEmptyName
 881/1820 Test  #563: ConstantPropertyTest.RejectsNonFiniteReferenceValue ......................................................   Passed    0.29 sec
          Start 1198: SpeciesSolverTest.InvalidConfigurationForMismatchedMassFluxSize
 882/1820 Test  #573: TabulatedPropertyTest.ClampsAboveRangeToTheLastValue .....................................................   Passed    0.28 sec
          Start 1004: ThermalSolverTest.RepeatedSolveIsDeterministic
 883/1820 Test  #345: AdiabaticTest.TypeAndNameAreThermalSpecific ..............................................................   Passed    0.28 sec
          Start 1340: Vorticity2DTest.MismatchedSizeThrows
 884/1820 Test #1260: ThermodynamicPropertiesTest.DensityDelegatesToTheEquationOfState .........................................   Passed    0.28 sec
          Start 1035: TurbulenceModelTest.ZeroTurbulentViscosityIsAccepted
 885/1820 Test #1202: SpeciesSolverTest.NonFiniteStateForNonFiniteInitialConcentration .........................................   Passed    0.30 sec
          Start 1047: EffectiveViscosityTest.RejectsNonFiniteMolecularViscosity
 886/1820 Test #1019: InterfaceConductanceTest.RejectsNonPositiveDistance ......................................................   Passed    0.29 sec
          Start 1325: MarchingSquaresTest.LinearFieldPhiEqualsYProducesAHorizontalLine
 887/1820 Test #1326: MarchingSquaresTest.ConstantFieldProducesNoSegments ......................................................   Passed    0.30 sec
          Start 1258: ThermodynamicPropertiesTest.RejectsCpNotGreaterThanR
 888/1820 Test #1237: VolumeFractionSolverTest.ConvergesForASimpleUniformInletFlow .............................................   Passed    0.29 sec
          Start 1789: PhaseConservationTest.OpenChannelAccumulationMatchesNetInflowMinusOutflow
 889/1820 Test #1529: CorrectionApplicationTest.WallNormalBoundaryFluxStaysExactlyZeroAfterCorrection ..........................   Passed    0.29 sec
          Start 1053: LaminarModelTest.CorrectLeavesTurbulentViscosityZero
 890/1820 Test #1233: PhaseVolumeTest.MatchesHandDerivedSum ....................................................................   Passed    0.29 sec
          Start  547: BoussinesqBuoyancyTest.AcceptsZeroBeta
 891/1820 Test  #908: RestartSnapshotTest.MismatchedMeshCellCountIsRejectedEvenWithConsistentFieldSizes ........................   Passed    0.29 sec
          Start  550: BoussinesqBuoyancyTest.ReferenceTemperatureGivesZeroSource
 892/1820 Test  #979: EnergyEquationThermalBCIntegrationTest.FixedTemperatureGivesIdenticalResultToEquivalentFixedValue ........   Passed    0.28 sec
          Start 1266: EvaluateDensityFieldTest.EvaluatesEveryCellFromItsOwnPressureAndTemperature
 893/1820 Test #1213: TwoPhaseSystemTest.MixtureDensityAtCanonicalAlphaValues ..................................................   Passed    0.30 sec
          Start  344: AdiabaticTest.EquivalentToZeroHeatFluxForAnyConductivity
 894/1820 Test  #567: LinearPropertyTest.RejectsNonFiniteConstructorArguments ..................................................   Passed    0.29 sec
          Start  330: FixedTemperatureTest.TypeAndNameAreThermalSpecific
 895/1820 Test #1324: MarchingSquaresTest.LinearFieldPhiEqualsXProducesAVerticalLineAtTheLevel .................................   Passed    0.29 sec
          Start 1314: CaseSessionTest.RunWithoutADirectoryFails
 896/1820 Test #1207: PhasePropertiesTest.RejectsEmptyName .....................................................................   Passed    0.29 sec
          Start  901: RestartSnapshotTest.ValidStateProducesValidSnapshot
 897/1820 Test #1198: SpeciesSolverTest.InvalidConfigurationForMismatchedMassFluxSize ..........................................   Passed    0.29 sec
          Start 1256: IdealGasEOSTest.PressureCorrectionGivesExpectedDensityCorrection
 898/1820 Test #1004: ThermalSolverTest.RepeatedSolveIsDeterministic ...........................................................   Passed    0.29 sec
          Start  694: BoussinesqCaseTest.BuilderConstructsBoussinesqBuoyancyWithFluidDensity
 899/1820 Test #1340: Vorticity2DTest.MismatchedSizeThrows .....................................................................   Passed    0.29 sec
          Start 1350: SampleVectorFieldTest.StrideOneSamplesEveryCell
 900/1820 Test #1035: TurbulenceModelTest.ZeroTurbulentViscosityIsAccepted .....................................................   Passed    0.28 sec
          Start 1063: TurbulenceProductionTest.MismatchedFieldSizeThrows
 901/1820 Test #1047: EffectiveViscosityTest.RejectsNonFiniteMolecularViscosity ................................................   Passed    0.29 sec
          Start 1038: TurbulenceModelTest.NonFiniteTurbulentViscosityRejected
 902/1820 Test #1325: MarchingSquaresTest.LinearFieldPhiEqualsYProducesAHorizontalLine .........................................   Passed    0.27 sec
          Start 1218: EvaluateMixtureFieldTest.EvaluatesEveryCellFromItsOwnAlpha
 903/1820 Test #1258: ThermodynamicPropertiesTest.RejectsCpNotGreaterThanR .....................................................   Passed    0.28 sec
          Start  910: RestartSnapshotTest.NonFiniteVelocityIsRejected
 904/1820 Test #1789: PhaseConservationTest.OpenChannelAccumulationMatchesNetInflowMinusOutflow ................................   Passed    0.28 sec
          Start 1261: ThermodynamicPropertiesTest.SpeedOfSoundMatchesAnalyticalFormula
 905/1820 Test #1053: LaminarModelTest.CorrectLeavesTurbulentViscosityZero .....................................................   Passed    0.29 sec
          Start 1569: PisoTransientIntegrationTest.CflRemainsDiagnosticOnlyUnderGenerousCflFailAbove
 906/1820 Test  #547: BoussinesqBuoyancyTest.AcceptsZeroBeta ...................................................................   Passed    0.28 sec
          Start  917: RestartSnapshotTest.RealAcceptedPisoStateRoundTripsThroughSnapshotExactly
 907/1820 Test  #550: BoussinesqBuoyancyTest.ReferenceTemperatureGivesZeroSource ...............................................   Passed    0.27 sec
          Start  905: RestartSnapshotTest.RepeatedConstructionFromIdenticalStateIsDeterministic
 908/1820 Test #1266: EvaluateDensityFieldTest.EvaluatesEveryCellFromItsOwnPressureAndTemperature ..............................   Passed    0.26 sec
          Start 1239: VolumeFractionSolverTest.InvalidConfigurationForMismatchedMassFluxSize
 909/1820 Test  #344: AdiabaticTest.EquivalentToZeroHeatFluxForAnyConductivity .................................................   Passed    0.26 sec
          Start  769: CSVWriterTest.AppendsTemperatureColumnWhenProvided
 910/1820 Test  #330: FixedTemperatureTest.TypeAndNameAreThermalSpecific .......................................................   Passed    0.27 sec
          Start  701: BoussinesqCaseTest.RejectsUnknownKey
 911/1820 Test #1314: CaseSessionTest.RunWithoutADirectoryFails ................................................................   Passed    0.27 sec
          Start 1045: EffectiveViscosityTest.ZeroTurbulentViscosityGivesJustMolecular
 912/1820 Test  #901: RestartSnapshotTest.ValidStateProducesValidSnapshot ......................................................   Passed    0.27 sec
          Start 1541: FinalCorrectionTest.TwoCellFullFirstCorrectionMakesSecondCorrectionExactlyIdempotent
 913/1820 Test #1256: IdealGasEOSTest.PressureCorrectionGivesExpectedDensityCorrection .........................................   Passed    0.28 sec
          Start 1330: MarchingSquaresTest.RejectsGridTooSmall
 914/1820 Test  #694: BoussinesqCaseTest.BuilderConstructsBoussinesqBuoyancyWithFluidDensity ...................................   Passed    0.27 sec
          Start 1185: SpeciesEquationSourceTest.RejectsNonFiniteSource
 915/1820 Test #1350: SampleVectorFieldTest.StrideOneSamplesEveryCell ..........................................................   Passed    0.28 sec
          Start 1572: PisoTransientIntegrationTest.CallerInitialStateArgumentIsNotMutated
 916/1820 Test #1063: TurbulenceProductionTest.MismatchedFieldSizeThrows .......................................................   Passed    0.28 sec
          Start 1055: LaminarModelTest.DifferentFiniteFlowFieldsStillProduceZeroMuT
 917/1820 Test #1038: TurbulenceModelTest.NonFiniteTurbulentViscosityRejected ..................................................   Passed    0.27 sec
          Start 1545: FinalCorrectionTest.FinalContinuityIsEvaluatedFromF2NotF1OrFStar
 918/1820 Test #1218: EvaluateMixtureFieldTest.EvaluatesEveryCellFromItsOwnAlpha ...............................................   Passed    0.28 sec
          Start 1084: KEpsilonModelTest.CorrectRejectsMismatchedVelocitySize
 919/1820 Test  #910: RestartSnapshotTest.NonFiniteVelocityIsRejected ..........................................................   Passed    0.29 sec
          Start  546: BoussinesqBuoyancyTest.RejectsNegativeBeta
 920/1820 Test #1261: ThermodynamicPropertiesTest.SpeedOfSoundMatchesAnalyticalFormula .........................................   Passed    0.28 sec
          Start 1240: VolumeFractionSolverTest.InvalidConfigurationForNonPositiveDt
 921/1820 Test #1569: PisoTransientIntegrationTest.CflRemainsDiagnosticOnlyUnderGenerousCflFailAbove ...........................   Passed    0.29 sec
          Start  584: DensityPropertyDemonstrationTest.LinearDensityModelFeedsThermalDiffusivityPerCell
 922/1820 Test  #917: RestartSnapshotTest.RealAcceptedPisoStateRoundTripsThroughSnapshotExactly ................................   Passed    0.31 sec
          Start  559: BoussinesqBuoyancyTest.DoublingCellVolumeDoublesIntegratedSource
 923/1820 Test  #905: RestartSnapshotTest.RepeatedConstructionFromIdenticalStateIsDeterministic ................................   Passed    0.29 sec
          Start 1044: EffectiveViscosityTest.IsSumOfMolecularAndTurbulent
 924/1820 Test #1239: VolumeFractionSolverTest.InvalidConfigurationForMismatchedMassFluxSize ...................................   Passed    0.30 sec
          Start  654: ThermalCaseTest.BuilderConstructsHeatFluxWithCaseConductivity
 925/1820 Test  #769: CSVWriterTest.AppendsTemperatureColumnWhenProvided .......................................................   Passed    0.31 sec
          Start 1245: IdealGasEOSTest.MatchesKnownStandardAtmosphereState
 926/1820 Test  #701: BoussinesqCaseTest.RejectsUnknownKey .....................................................................   Passed    0.30 sec
          Start 1041: ValidateTurbulentViscosityFieldTest.RejectsMismatchedSize
 927/1820 Test #1045: EffectiveViscosityTest.ZeroTurbulentViscosityGivesJustMolecular ..........................................   Passed    0.30 sec
          Start 1229: VolumeFractionTransportEquationTest.MismatchedAlphaOldSizeThrows
 928/1820 Test #1541: FinalCorrectionTest.TwoCellFullFirstCorrectionMakesSecondCorrectionExactlyIdempotent .....................   Passed    0.29 sec
          Start  555: BoussinesqBuoyancyTest.ReversingGravityReversesTheHotCellDirection
 929/1820 Test #1330: MarchingSquaresTest.RejectsGridTooSmall ..................................................................   Passed    0.30 sec
          Start 1255: IdealGasEOSTest.DDensityDTemperatureIsNegative
 930/1820 Test #1185: SpeciesEquationSourceTest.RejectsNonFiniteSource .........................................................   Passed    0.30 sec
          Start  545: BoussinesqBuoyancyTest.RejectsNonPositiveReferenceDensity
 931/1820 Test #1572: PisoTransientIntegrationTest.CallerInitialStateArgumentIsNotMutated ......................................   Passed    0.31 sec
          Start 1243: VolumeFractionSolverTest.LinearSolveFailureWhenInnerSolverIsStarved
 932/1820 Test #1055: LaminarModelTest.DifferentFiniteFlowFieldsStillProduceZeroMuT ............................................   Passed    0.30 sec
          Start 1390: MMSStudyTest.OrdersComeFromTheSharedGridConvergenceAnalysis
 933/1820 Test #1545: FinalCorrectionTest.FinalContinuityIsEvaluatedFromF2NotF1OrFStar .........................................   Passed    0.29 sec
          Start 1220: EvaluateMixtureFieldTest.MismatchedAlphaSizeThrows
 934/1820 Test #1084: KEpsilonModelTest.CorrectRejectsMismatchedVelocitySize ...................................................   Passed    0.28 sec
          Start 1562: PisoTest.ForcedMomentumFailurePropagatesAsMomentumFailure
 935/1820 Test  #546: BoussinesqBuoyancyTest.RejectsNegativeBeta ...............................................................   Passed    0.28 sec
          Start  915: RestartSnapshotTest.InvalidDeltaTIsRejected
 936/1820 Test #1240: VolumeFractionSolverTest.InvalidConfigurationForNonPositiveDt ............................................   Passed    0.27 sec
          Start  662: ThermalCaseTest.RejectsMissingPerPatchTemperatureWhenThermalEnabled
 937/1820 Test  #584: DensityPropertyDemonstrationTest.LinearDensityModelFeedsThermalDiffusivityPerCell ........................   Passed    0.27 sec
          Start  339: HeatFluxTest.RejectsInvalidConductivity
 938/1820 Test  #559: BoussinesqBuoyancyTest.DoublingCellVolumeDoublesIntegratedSource .........................................   Passed    0.28 sec
          Start 1206: PhasePropertiesTest.StoresNameDensityAndViscosity
 939/1820 Test #1044: EffectiveViscosityTest.IsSumOfMolecularAndTurbulent ......................................................   Passed    0.28 sec
          Start  770: CSVWriterTest.MismatchedTemperatureSizeThrows
 940/1820 Test  #654: ThermalCaseTest.BuilderConstructsHeatFluxWithCaseConductivity ............................................   Passed    0.26 sec
          Start 1228: VolumeFractionTransportEquationTest.TimeDerivativeCoefficientMatchesVolumeOverDt
 941/1820 Test #1245: IdealGasEOSTest.MatchesKnownStandardAtmosphereState ......................................................   Passed    0.26 sec
          Start 1040: ValidateTurbulentViscosityFieldTest.AcceptsCorrectlySizedFiniteNonNegativeField
 942/1820 Test #1041: ValidateTurbulentViscosityFieldTest.RejectsMismatchedSize ................................................   Passed    0.26 sec
          Start  564: ConstantPropertyTest.RejectsNonFiniteTemperatureQuery
 943/1820 Test #1229: VolumeFractionTransportEquationTest.MismatchedAlphaOldSizeThrows .........................................   Passed    0.27 sec
          Start 1001: ThermalSolverTest.InvalidConfigurationForNonPositiveTolerance
 944/1820 Test  #555: BoussinesqBuoyancyTest.ReversingGravityReversesTheHotCellDirection .......................................   Passed    0.27 sec
          Start 1108: SSTCoefficientsTest.DefaultsMatchStandardModel
 945/1820 Test #1255: IdealGasEOSTest.DDensityDTemperatureIsNegative ...........................................................   Passed    0.27 sec
          Start 1241: VolumeFractionSolverTest.NonFiniteStateForNonFiniteAlphaOld
 946/1820 Test  #545: BoussinesqBuoyancyTest.RejectsNonPositiveReferenceDensity ................................................   Passed    0.28 sec
          Start 1454: SIMPLEKEpsilonTest.ConvergedStatusImpliesTurbulenceResidualWithinTolerance
 947/1820 Test #1243: VolumeFractionSolverTest.LinearSolveFailureWhenInnerSolverIsStarved ......................................   Passed    0.28 sec
          Start 1278: CompressibleMassFluxTest.MismatchedVelocitySizeThrows
 948/1820 Test #1390: MMSStudyTest.OrdersComeFromTheSharedGridConvergenceAnalysis ..............................................   Passed    0.29 sec
          Start 1328: MarchingSquaresTest.NonFiniteCellsContributeNoSegments
 949/1820 Test #1220: EvaluateMixtureFieldTest.MismatchedAlphaSizeThrows .......................................................   Passed    0.30 sec
          Start 1217: TwoPhaseSystemTest.DoesNotRejectOutOfRangeAlpha
 950/1820 Test #1562: PisoTest.ForcedMomentumFailurePropagatesAsMomentumFailure ................................................   Passed    0.30 sec
          Start  906: RestartSnapshotTest.WrongCellCountIsRejected
 951/1820 Test  #915: RestartSnapshotTest.InvalidDeltaTIsRejected ..............................................................   Passed    0.32 sec
          Start 1552: PisoTest.PreviousStateArgumentIsNotMutated
 952/1820 Test  #662: ThermalCaseTest.RejectsMissingPerPatchTemperatureWhenThermalEnabled ......................................   Passed    0.31 sec
          Start  351: WallOmegaTest.ExposesKinematicViscosityAndBeta1
 953/1820 Test  #339: HeatFluxTest.RejectsInvalidConductivity ..................................................................   Passed    0.31 sec
          Start 1294: CompressibleMomentumComponentTest.NonUniformDensityChangesTheAssembledDiagonal
 954/1820 Test #1206: PhasePropertiesTest.StoresNameDensityAndViscosity ........................................................   Passed    0.31 sec
          Start  971: EnergyEquationAssemblyTest.CombinedAssemblyMatchesHandDerivedCoefficients
 955/1820 Test  #770: CSVWriterTest.MismatchedTemperatureSizeThrows ............................................................   Passed    0.32 sec
          Start 1787: PhaseConservationTest.ClosedDomainConservesPhaseVolumeWithCirculatingInternalFlux
 956/1820 Test #1228: VolumeFractionTransportEquationTest.TimeDerivativeCoefficientMatchesVolumeOverDt .........................   Passed    0.32 sec
          Start 1457: SIMPLEKOmegaTest.ConvergedStatusImpliesTurbulenceResidualWithinTolerance
 957/1820 Test #1040: ValidateTurbulentViscosityFieldTest.AcceptsCorrectlySizedFiniteNonNegativeField ..........................   Passed    0.32 sec
          Start 1312: CaseSessionTest.ValidateInvalidCaseLeavesStateAndReportsError
 958/1820 Test  #564: ConstantPropertyTest.RejectsNonFiniteTemperatureQuery ....................................................   Passed    0.31 sec
          Start 1303: CaseSessionTest.StartsEmpty
 959/1820 Test #1001: ThermalSolverTest.InvalidConfigurationForNonPositiveTolerance ............................................   Passed    0.32 sec
          Start  350: WallOmegaTest.SmallerDistanceGivesLargerOmega
 960/1820 Test #1108: SSTCoefficientsTest.DefaultsMatchStandardModel ...........................................................   Passed    0.31 sec
          Start 1264: MachNumberTest.MatchesSpeedOverSoundSpeed
 961/1820 Test #1241: VolumeFractionSolverTest.NonFiniteStateForNonFiniteAlphaOld ..............................................   Passed    0.31 sec
          Start 1342: ProbeScalarTest.ReturnsTheNearestCellsValue
 962/1820 Test #1454: SIMPLEKEpsilonTest.ConvergedStatusImpliesTurbulenceResidualWithinTolerance ...............................   Passed    0.30 sec
          Start  913: RestartSnapshotTest.NonFiniteTimeIsRejected
 963/1820 Test #1278: CompressibleMassFluxTest.MismatchedVelocitySizeThrows ....................................................   Passed    0.30 sec
          Start 1267: EvaluateDensityFieldTest.UniformStateGivesUniformDensity
 964/1820 Test #1328: MarchingSquaresTest.NonFiniteCellsContributeNoSegments ...................................................   Passed    0.30 sec
          Start 1642: TwoMaterialConductionValidation.AnalyticalFormulasAreSelfConsistent
 965/1820 Test #1217: TwoPhaseSystemTest.DoesNotRejectOutOfRangeAlpha ..........................................................   Passed    0.31 sec
          Start 1262: ThermodynamicPropertiesTest.SpeedOfSoundIsPositiveFiniteAndIncreasesWithSqrtT
 966/1820 Test  #906: RestartSnapshotTest.WrongCellCountIsRejected .............................................................   Passed    0.29 sec
          Start 1054: LaminarModelTest.RepeatedCorrectIsDeterministic
 967/1820 Test #1552: PisoTest.PreviousStateArgumentIsNotMutated ...............................................................   Passed    0.29 sec
          Start 1271: CompressibleMassFluxTest.InternalFaceUsesArithmeticMeanDensity
 968/1820 Test  #351: WallOmegaTest.ExposesKinematicViscosityAndBeta1 ..........................................................   Passed    0.29 sec
          Start 1268: EvaluateDensityFieldTest.MismatchedSizeThrows
 969/1820 Test #1294: CompressibleMomentumComponentTest.NonUniformDensityChangesTheAssembledDiagonal ...........................   Passed    0.29 sec
          Start 1565: PisoTransientIntegrationTest.DirectPisoSequenceMatchesTransientSolverBitIdentical
 970/1820 Test  #971: EnergyEquationAssemblyTest.CombinedAssemblyMatchesHandDerivedCoefficients ................................   Passed    0.29 sec
          Start 1039: TurbulenceModelTest.CorrectIsCallable
 971/1820 Test #1787: PhaseConservationTest.ClosedDomainConservesPhaseVolumeWithCirculatingInternalFlux ........................   Passed    0.28 sec
          Start 1154: SSTModelTest.EffectiveViscosityEqualsMolecularPlusTurbulent
 972/1820 Test #1457: SIMPLEKOmegaTest.ConvergedStatusImpliesTurbulenceResidualWithinTolerance .................................   Passed    0.27 sec
          Start  691: BoussinesqCaseTest.NoBuoyancyBlockHasNoBuoyancyConfig
 973/1820 Test #1312: CaseSessionTest.ValidateInvalidCaseLeavesStateAndReportsError ............................................   Passed    0.28 sec
          Start  914: RestartSnapshotTest.NegativeTimeIsNotRejected
 974/1820 Test #1303: CaseSessionTest.StartsEmpty ..............................................................................   Passed    0.26 sec
          Start  577: TabulatedPropertyTest.RejectsNonIncreasingTemperatures
 975/1820 Test  #350: WallOmegaTest.SmallerDistanceGivesLargerOmega ............................................................   Passed    0.28 sec
          Start 1238: VolumeFractionSolverTest.InvalidConfigurationForMismatchedAlphaSize
 976/1820 Test #1264: MachNumberTest.MatchesSpeedOverSoundSpeed ................................................................   Passed    0.27 sec
          Start  695: BoussinesqCaseTest.AcceptsZeroBeta
 977/1820 Test #1342: ProbeScalarTest.ReturnsTheNearestCellsValue ..............................................................   Passed    0.27 sec
          Start 1539: SecondPressureCorrectionTest.RepeatedSecondCorrectionAssemblyIsBitIdentical
 978/1820 Test  #913: RestartSnapshotTest.NonFiniteTimeIsRejected ..............................................................   Passed    0.27 sec
          Start 1528: CorrectionApplicationTest.ContinuityImprovesAfterCorrection
 979/1820 Test #1267: EvaluateDensityFieldTest.UniformStateGivesUniformDensity .................................................   Passed    0.27 sec
          Start 1537: SecondPressureCorrectionTest.SameResponseCoefficientsReusedNoMomentumReassembly
 980/1820 Test #1642: TwoMaterialConductionValidation.AnalyticalFormulasAreSelfConsistent ......................................   Passed    0.27 sec
          Start 1309: CaseSessionTest.SaveWithoutADirectorySetFails
 981/1820 Test #1262: ThermodynamicPropertiesTest.SpeedOfSoundIsPositiveFiniteAndIncreasesWithSqrtT ............................   Passed    0.27 sec
          Start  229: SparseMatrixTest.RepeatedMultiplyIsBitIdenticalRegardlessOfOpenMPThreadCount
 982/1820 Test #1054: LaminarModelTest.RepeatedCorrectIsDeterministic ..........................................................   Passed    0.27 sec
          Start 1468: SIMPLEBuoyancyTest.RejectsTemperatureWithoutBuoyancy
 983/1820 Test #1271: CompressibleMassFluxTest.InternalFaceUsesArithmeticMeanDensity ...........................................   Passed    0.28 sec
          Start 1226: VolumeFractionConvectionTest.MismatchedMassFluxSizeThrows
 984/1820 Test #1268: EvaluateDensityFieldTest.MismatchedSizeThrows ............................................................   Passed    0.28 sec
          Start  329: FixedTemperatureTest.StoresAndReturnsExactTemperature
 985/1820 Test #1565: PisoTransientIntegrationTest.DirectPisoSequenceMatchesTransientSolverBitIdentical ........................   Passed    0.27 sec
          Start  570: TabulatedPropertyTest.MidpointInterpolationMatchesHandWorkedValue
 986/1820 Test #1039: TurbulenceModelTest.CorrectIsCallable ....................................................................   Passed    0.28 sec
          Start 1345: SampleLineTest.RejectsTooFewSamples
 987/1820 Test #1154: SSTModelTest.EffectiveViscosityEqualsMolecularPlusTurbulent ..............................................   Passed    0.28 sec
          Start 1058: LaminarModelTest.PolymorphicUseThroughBaseInterfaceWorks
 988/1820 Test  #691: BoussinesqCaseTest.NoBuoyancyBlockHasNoBuoyancyConfig ....................................................   Passed    0.27 sec
          Start  675: TurbulenceCaseTest.BuilderConstructsSSTConfigAndBoundaries
 989/1820 Test  #914: RestartSnapshotTest.NegativeTimeIsNotRejected ............................................................   Passed    0.27 sec
          Start 1211: PhasePropertiesTest.TwoPhasesKeepIndependentIdentity
 990/1820 Test  #577: TabulatedPropertyTest.RejectsNonIncreasingTemperatures ...................................................   Passed    0.27 sec
          Start  566: LinearPropertyTest.MatchesHandWorkedValuesAboveAndBelowReference
 991/1820 Test #1238: VolumeFractionSolverTest.InvalidConfigurationForMismatchedAlphaSize ......................................   Passed    0.27 sec
          Start 1043: ValidateTurbulentViscosityFieldTest.RejectsNonFiniteEntry
 992/1820 Test  #695: BoussinesqCaseTest.AcceptsZeroBeta .......................................................................   Passed    0.27 sec
          Start  343: AdiabaticTest.ReturnsOwnerValueUnchanged
 993/1820 Test #1539: SecondPressureCorrectionTest.RepeatedSecondCorrectionAssemblyIsBitIdentical ..............................   Passed    0.27 sec
          Start 1222: VolumeFractionConvectionTest.BoundaryOutflowUsesOwnerUnknownNotBoundaryValue
 994/1820 Test #1528: CorrectionApplicationTest.ContinuityImprovesAfterCorrection ..............................................   Passed    0.27 sec
          Start 1174: SpeciesPropertiesTest.TwoIndependentSpeciesKeepSeparateIdentityAndDiffusivity
 995/1820 Test #1537: SecondPressureCorrectionTest.SameResponseCoefficientsReusedNoMomentumReassembly ..........................   Passed    0.26 sec
          Start  911: RestartSnapshotTest.NonFinitePressureIsRejected
 996/1820 Test #1309: CaseSessionTest.SaveWithoutADirectorySetFails ............................................................   Passed    0.26 sec
          Start 1469: SIMPLEBuoyancyTest.RejectsBuoyancyWithoutTemperature
 997/1820 Test  #229: SparseMatrixTest.RepeatedMultiplyIsBitIdenticalRegardlessOfOpenMPThreadCount .............................   Passed    0.28 sec
          Start 1470: SIMPLEBuoyancyTest.RejectsMismatchedTemperatureSize
 998/1820 Test #1468: SIMPLEBuoyancyTest.RejectsTemperatureWithoutBuoyancy .....................................................   Passed    0.27 sec
          Start 1000: ThermalSolverTest.InvalidConfigurationForZeroOuterMaxIterations
 999/1820 Test #1226: VolumeFractionConvectionTest.MismatchedMassFluxSizeThrows ................................................   Passed    0.28 sec
          Start  698: BoussinesqCaseTest.RejectsNegativeBeta
1000/1820 Test  #329: FixedTemperatureTest.StoresAndReturnsExactTemperature ....................................................   Passed    0.27 sec
          Start  619: CaseWriterTest.ThermalTurbulenceBuoyancyRoundTrip
1001/1820 Test  #570: TabulatedPropertyTest.MidpointInterpolationMatchesHandWorkedValue ........................................   Passed    0.26 sec
          Start  341: HeatFluxTest.RejectsInvalidDistance
1002/1820 Test #1345: SampleLineTest.RejectsTooFewSamples ......................................................................   Passed    0.27 sec
          Start 1568: PisoTransientIntegrationTest.MaxStepsTerminationWithRealPiso
1003/1820 Test #1058: LaminarModelTest.PolymorphicUseThroughBaseInterfaceWorks .................................................   Passed    0.26 sec
          Start 1559: PisoTest.MismatchedPreviousStateSizeReturnsInvalidConfiguration
1004/1820 Test  #675: TurbulenceCaseTest.BuilderConstructsSSTConfigAndBoundaries ...............................................   Passed    0.27 sec
          Start 1560: PisoTest.ReferenceCellOutOfRangeReturnsInvalidConfiguration
1005/1820 Test #1211: PhasePropertiesTest.TwoPhasesKeepIndependentIdentity .....................................................   Passed    0.27 sec
          Start 1526: CorrectionApplicationTest.ZeroPressureCorrectionLeavesEverythingUnchanged
1006/1820 Test  #566: LinearPropertyTest.MatchesHandWorkedValuesAboveAndBelowReference .........................................   Passed    0.29 sec
          Start 1064: KEpsilonEquationTest.EffectiveDiffusivityMatchesHandDerivedExample
1007/1820 Test #1043: ValidateTurbulentViscosityFieldTest.RejectsNonFiniteEntry ................................................   Passed    0.29 sec
          Start 1556: PisoTest.TwoCellClosedDomainAtRestStaysAtRestAndConservesMassExactly
1008/1820 Test  #343: AdiabaticTest.ReturnsOwnerValueUnchanged .................................................................   Passed    0.29 sec
          Start 1018: InterfaceConductanceTest.RejectsNonPositiveConductivity
1009/1820 Test #1222: VolumeFractionConvectionTest.BoundaryOutflowUsesOwnerUnknownNotBoundaryValue .............................   Passed    0.29 sec
          Start  992: EnergyEquationVariablePropertiesTest.CombinerMismatchedFieldSizeThrows
1010/1820 Test #1174: SpeciesPropertiesTest.TwoIndependentSpeciesKeepSeparateIdentityAndDiffusivity ............................   Passed    0.29 sec
          Start 1570: PisoTransientIntegrationTest.RealComputedCflCanTriggerCflViolationWhenFailAboveIsLow
1011/1820 Test  #911: RestartSnapshotTest.NonFinitePressureIsRejected ..........................................................   Passed    0.28 sec
          Start  548: BoussinesqBuoyancyTest.RejectsNonFiniteInputs
1012/1820 Test #1469: SIMPLEBuoyancyTest.RejectsBuoyancyWithoutTemperature .....................................................   Passed    0.28 sec
          Start 1307: CaseSessionTest.SetCaseDefinitionMarksModified
1013/1820 Test #1470: SIMPLEBuoyancyTest.RejectsMismatchedTemperatureSize ......................................................   Passed    0.29 sec
          Start 1051: LaminarModelTest.TurbulentViscositySizeMatchesMesh
1014/1820 Test #1000: ThermalSolverTest.InvalidConfigurationForZeroOuterMaxIterations ..........................................   Passed    0.26 sec
          Start 1327: MarchingSquaresTest.LevelOutsideRangeProducesNoSegments
1015/1820 Test  #698: BoussinesqCaseTest.RejectsNegativeBeta ...................................................................   Passed    0.28 sec
          Start  652: ThermalCaseTest.ParsesThermalPropertiesWhenEnabled
1016/1820 Test  #619: CaseWriterTest.ThermalTurbulenceBuoyancyRoundTrip ........................................................   Passed    0.28 sec
          Start 1186: SpeciesEquationAssemblyTest.CombinedAssemblyUsesDensityTimesDiffusivityAsCoefficient
1017/1820 Test  #341: HeatFluxTest.RejectsInvalidDistance ......................................................................   Passed    0.29 sec
          Start 1163: TurbulenceModelFactoryTest.KOmegaOverloadRejectsUnsupportedModelNames
1018/1820 Test #1568: PisoTransientIntegrationTest.MaxStepsTerminationWithRealPiso .............................................   Passed    0.29 sec
          Start 1244: VolumeFractionSolverTest.RepeatedStepIsDeterministic
1019/1820 Test #1559: PisoTest.MismatchedPreviousStateSizeReturnsInvalidConfiguration ..........................................   Passed    0.29 sec
          Start 1021: RegionAwareThermalDiffusionTest.InterfaceCoefficientMatchesHandDerivedExample
1020/1820 Test #1560: PisoTest.ReferenceCellOutOfRangeReturnsInvalidConfiguration ..............................................   Passed    0.29 sec
          Start  347: AdiabaticTest.RepeatedEvaluationIsDeterministic
1021/1820 Test #1526: CorrectionApplicationTest.ZeroPressureCorrectionLeavesEverythingUnchanged ................................   Passed    0.28 sec
          Start 1234: PhaseVolumeTest.UniformAlphaGivesAlphaTimesDomainVolume
1022/1820 Test #1064: KEpsilonEquationTest.EffectiveDiffusivityMatchesHandDerivedExample .......................................   Passed    0.29 sec
          Start  785: JSONWriterTest.WritesThermalMetadataWhenProvided
1023/1820 Test #1556: PisoTest.TwoCellClosedDomainAtRestStaysAtRestAndConservesMassExactly .....................................   Passed    0.29 sec
          Start  953: ThermalPropertiesTest.RejectsNonFiniteSpecificHeat
1024/1820 Test #1018: InterfaceConductanceTest.RejectsNonPositiveConductivity ..................................................   Passed    0.28 sec
          Start  687: TurbulenceCaseTest.RejectsOmegaRelaxationWithoutInitialOmega
1025/1820 Test  #992: EnergyEquationVariablePropertiesTest.CombinerMismatchedFieldSizeThrows ...................................   Passed    0.28 sec
          Start 1052: LaminarModelTest.EffectiveViscosityEqualsMolecularViscosity
1026/1820 Test #1570: PisoTransientIntegrationTest.RealComputedCflCanTriggerCflViolationWhenFailAboveIsLow .....................   Passed    0.29 sec
          Start  969: EnergyEquationSourceTest.AccumulatesOnExistingRhs
1027/1820 Test  #548: BoussinesqBuoyancyTest.RejectsNonFiniteInputs ............................................................   Passed    0.29 sec
          Start 1066: KEpsilonEquationTest.EffectiveDiffusivityRejectsInvalidInputs
1028/1820 Test #1307: CaseSessionTest.SetCaseDefinitionMarksModified ...........................................................   Passed    0.28 sec
          Start 1090: KOmegaEquationTest.LinearFormDiffersFromKEpsilonReciprocalForm
1029/1820 Test #1051: LaminarModelTest.TurbulentViscositySizeMatchesMesh .......................................................   Passed    0.29 sec
          Start 1212: TwoPhaseSystemTest.StoresBothPhases
1030/1820 Test #1327: MarchingSquaresTest.LevelOutsideRangeProducesNoSegments ..................................................   Passed    0.28 sec
          Start  948: ThermalPropertiesTest.RejectsZeroConductivity
1031/1820 Test  #652: ThermalCaseTest.ParsesThermalPropertiesWhenEnabled .......................................................   Passed    0.29 sec
          Start 1210: PhasePropertiesTest.RejectsNonFiniteDensityOrViscosity
1032/1820 Test #1186: SpeciesEquationAssemblyTest.CombinedAssemblyUsesDensityTimesDiffusivityAsCoefficient .....................   Passed    0.28 sec
          Start 1561: PisoTest.NonFiniteInputStateReturnsNonFiniteState
1033/1820 Test #1163: TurbulenceModelFactoryTest.KOmegaOverloadRejectsUnsupportedModelNames ....................................   Passed    0.28 sec
          Start  658: ThermalCaseTest.RejectsUnknownThermalKey
1034/1820 Test #1244: VolumeFractionSolverTest.RepeatedStepIsDeterministic .....................................................   Passed    0.29 sec
          Start 1133: SSTEquationTest.F1ApproachesZeroFarFromAWallWithLowViscosityRatio
1035/1820 Test #1021: RegionAwareThermalDiffusionTest.InterfaceCoefficientMatchesHandDerivedExample ............................   Passed    0.28 sec
          Start  676: TurbulenceCaseTest.SSTInletPatchGetsFixedKAndOmegaFromCaseConfig
1036/1820 Test  #347: AdiabaticTest.RepeatedEvaluationIsDeterministic ..........................................................   Passed    0.28 sec
          Start 1012: ThermalRegionMapTest.RejectsDuplicateRegionNames
1037/1820 Test #1234: PhaseVolumeTest.UniformAlphaGivesAlphaTimesDomainVolume ..................................................   Passed    0.27 sec
          Start  554: BoussinesqBuoyancyTest.ColdCellWithDownwardGravityDrivesFluidDownward
1038/1820 Test  #785: JSONWriterTest.WritesThermalMetadataWhenProvided .........................................................   Passed    0.28 sec
          Start 1146: SSTModelTest.ConstructionIsDeterministicAcrossInstances
1039/1820 Test  #953: ThermalPropertiesTest.RejectsNonFiniteSpecificHeat .......................................................   Passed    0.27 sec
          Start  802: VTKWriterTest.AppendsTemperatureBlockAfterVelocityMagnitudeWhenProvided
1040/1820 Test  #687: TurbulenceCaseTest.RejectsOmegaRelaxationWithoutInitialOmega .............................................   Passed    0.28 sec
          Start 1105: KOmegaModelTest.CorrectProducesPositiveFiniteFieldsForARealFlow
1041/1820 Test #1052: LaminarModelTest.EffectiveViscosityEqualsMolecularViscosity ..............................................   Passed    0.29 sec
          Start  557: BoussinesqBuoyancyTest.HorizontalGravityProducesHorizontalSourceOnly
1042/1820 Test  #969: EnergyEquationSourceTest.AccumulatesOnExistingRhs ........................................................   Passed    0.29 sec
          Start  572: TabulatedPropertyTest.ClampsBelowRangeToTheFirstValue
1043/1820 Test #1066: KEpsilonEquationTest.EffectiveDiffusivityRejectsInvalidInputs ............................................   Passed    0.28 sec
          Start 1112: WallDistanceTest.EveryCellDistanceIsFiniteAndPositive
1044/1820 Test #1090: KOmegaEquationTest.LinearFormDiffersFromKEpsilonReciprocalForm ...........................................   Passed    0.29 sec
          Start  946: ThermalPropertiesTest.StoresConductivityAndSpecificHeat
1045/1820 Test #1212: TwoPhaseSystemTest.StoresBothPhases ......................................................................   Passed    0.29 sec
          Start  560: BoussinesqBuoyancyTest.UniformReferenceTemperatureGivesZeroMomentumContribution
1046/1820 Test  #948: ThermalPropertiesTest.RejectsZeroConductivity ............................................................   Passed    0.29 sec
          Start  660: ThermalCaseTest.RejectsMissingValueForFixedTemperature
1047/1820 Test #1210: PhasePropertiesTest.RejectsNonFiniteDensityOrViscosity ...................................................   Passed    0.29 sec
          Start  912: RestartSnapshotTest.NonFiniteMassFluxIsRejected
1048/1820 Test #1561: PisoTest.NonFiniteInputStateReturnsNonFiniteState ........................................................   Passed    0.29 sec
          Start 1121: SSTEquationTest.BlendAtQuarterWeightingMatchesHandDerivedValue
1049/1820 Test  #658: ThermalCaseTest.RejectsUnknownThermalKey .................................................................   Passed    0.29 sec
          Start 1463: SIMPLEBuoyancyTest.CaseA_NoBuoyancySuppliedIsTheBaseline
1050/1820 Test #1133: SSTEquationTest.F1ApproachesZeroFarFromAWallWithLowViscosityRatio ........................................   Passed    0.29 sec
          Start  569: TabulatedPropertyTest.RecoversExactTableNodes
1051/1820 Test  #676: TurbulenceCaseTest.SSTInletPatchGetsFixedKAndOmegaFromCaseConfig .........................................   Passed    0.29 sec
          Start  768: CSVWriterTest.OmitsTemperatureColumnWhenNotProvided
1052/1820 Test #1012: ThermalRegionMapTest.RejectsDuplicateRegionNames .........................................................   Passed    0.29 sec
          Start  688: TurbulenceCaseTest.RejectsEpsilonRelaxationWithoutInitialEpsilon
1053/1820 Test  #554: BoussinesqBuoyancyTest.ColdCellWithDownwardGravityDrivesFluidDownward ....................................   Passed    0.29 sec
          Start 1792: SinglePhaseEquivalenceTest.EqualPhasePropertiesDecoupleMomentumFromAlpha
1054/1820 Test #1146: SSTModelTest.ConstructionIsDeterministicAcrossInstances ..................................................   Passed    0.30 sec
          Start 1083: KEpsilonModelTest.TurbulentViscosityVanishesAsKVanishes
1055/1820 Test  #802: VTKWriterTest.AppendsTemperatureBlockAfterVelocityMagnitudeWhenProvided ..................................   Passed    0.29 sec
          Start 1025: RegionAwareThermalDiffusionTest.RepeatedAssemblyIsDeterministic
1056/1820 Test #1105: KOmegaModelTest.CorrectProducesPositiveFiniteFieldsForARealFlow ..........................................   Passed    0.29 sec
          Start 1352: SampleVectorFieldTest.RejectsZeroStride
1057/1820 Test  #557: BoussinesqBuoyancyTest.HorizontalGravityProducesHorizontalSourceOnly .....................................   Passed    0.28 sec
          Start 1768: SpeciesDiffusionValidation.Grid20MatchesAnalyticalSlabProfile
1058/1820 Test  #572: TabulatedPropertyTest.ClampsBelowRangeToTheFirstValue ....................................................   Passed    0.30 sec
          Start  618: CaseWriterTest.ExplicitInitialConditionsRoundTrip
1059/1820 Test #1112: WallDistanceTest.EveryCellDistanceIsFiniteAndPositive ....................................................   Passed    0.29 sec
          Start 1096: KOmegaModelTest.NameIsKOmega
1060/1820 Test  #946: ThermalPropertiesTest.StoresConductivityAndSpecificHeat ..................................................   Passed    0.29 sec
          Start  565: LinearPropertyTest.MatchesReferenceValueAtReferenceTemperature
1061/1820 Test  #560: BoussinesqBuoyancyTest.UniformReferenceTemperatureGivesZeroMomentumContribution ..........................   Passed    0.29 sec
          Start 1195: ConcentrationBoundsTest.DoesNotModifyTheField
1062/1820 Test  #660: ThermalCaseTest.RejectsMissingValueForFixedTemperature ...................................................   Passed    0.30 sec
          Start 1017: InterfaceConductanceTest.EqualConductivityReducesToPlainFormula
1063/1820 Test  #912: RestartSnapshotTest.NonFiniteMassFluxIsRejected ..........................................................   Passed    0.30 sec
          Start 1282: CompressibleContinuityTest.TimeOnlyImbalanceWithZeroFlux
1064/1820 Test #1121: SSTEquationTest.BlendAtQuarterWeightingMatchesHandDerivedValue ...........................................   Passed    0.30 sec
          Start 1535: SecondPressureCorrectionTest.FullPipelineSecondCorrectionIsFiniteAndConverged
1065/1820 Test #1463: SIMPLEBuoyancyTest.CaseA_NoBuoyancySuppliedIsTheBaseline .................................................   Passed    0.29 sec
          Start 1014: ThermalRegionMapTest.RejectsOutOfRangeRegionIndex
1066/1820 Test  #569: TabulatedPropertyTest.RecoversExactTableNodes ............................................................   Passed    0.29 sec
          Start 1107: KOmegaModelTest.EffectiveViscosityEqualsMolecularPlusTurbulent
1067/1820 Test  #768: CSVWriterTest.OmitsTemperatureColumnWhenNotProvided ......................................................   Passed    0.29 sec
          Start 1200: SpeciesSolverTest.LinearSolveFailureWhenInnerSolverIsStarved
1068/1820 Test  #688: TurbulenceCaseTest.RejectsEpsilonRelaxationWithoutInitialEpsilon .........................................   Passed    0.30 sec
          Start 1085: KEpsilonModelTest.CorrectProducesPositiveFiniteFieldsForARealFlow
1069/1820 Test #1792: SinglePhaseEquivalenceTest.EqualPhasePropertiesDecoupleMomentumFromAlpha .................................   Passed    0.29 sec
          Start 1571: PisoTransientIntegrationTest.RepeatedIdenticalMultiStepRunIsBitIdentical
1070/1820 Test #1083: KEpsilonModelTest.TurbulentViscosityVanishesAsKVanishes ..................................................   Passed    0.28 sec
          Start 1093: KOmegaEquationTest.OmegaSourceMatchesHandDerivedExample
1071/1820 Test #1025: RegionAwareThermalDiffusionTest.RepeatedAssemblyIsDeterministic ..........................................   Passed    0.28 sec
          Start  989: EnergyEquationVariablePropertiesTest.RejectsNonFiniteOrNonPositiveSpecificHeatField
1072/1820 Test #1352: SampleVectorFieldTest.RejectsZeroStride ..................................................................   Passed    0.28 sec
          Start 1106: KOmegaModelTest.ConvergenceResidualIsNulloptBeforeFirstCorrect
1073/1820 Test #1768: SpeciesDiffusionValidation.Grid20MatchesAnalyticalSlabProfile ............................................   Passed    0.27 sec
          Start 1542: FinalCorrectionTest.TwoCellPartialFirstCorrectionPlusSecondReconstructsFullSingleCorrection
1074/1820 Test  #618: CaseWriterTest.ExplicitInitialConditionsRoundTrip ........................................................   Passed    0.26 sec
          Start 1179: SpeciesEquationDiffusionTest.MismatchedConcentrationSizeThrows
1075/1820 Test #1096: KOmegaModelTest.NameIsKOmega .............................................................................   Passed    0.26 sec
          Start 1104: KOmegaModelTest.CorrectRejectsMismatchedVelocitySize
1076/1820 Test  #565: LinearPropertyTest.MatchesReferenceValueAtReferenceTemperature ...........................................   Passed    0.26 sec
          Start 1157: SSTModelTest.FarFieldBlendApproachesSSTsOwnOuterCoefficientSet
1077/1820 Test #1195: ConcentrationBoundsTest.DoesNotModifyTheField ............................................................   Passed    0.26 sec
          Start 1024: RegionAwareThermalDiffusionTest.MismatchedRegionSizeThrows
1078/1820 Test #1017: InterfaceConductanceTest.EqualConductivityReducesToPlainFormula ..........................................   Passed    0.26 sec
          Start  684: TurbulenceCaseTest.RejectsNonPositiveInitialEpsilon
1079/1820 Test #1282: CompressibleContinuityTest.TimeOnlyImbalanceWithZeroFlux .................................................   Passed    0.26 sec
          Start 1193: SpeciesBoundaryConditionTest.ZeroGradientGivesNoDiffusiveFluxThroughAnImpermeableWall
1080/1820 Test #1535: SecondPressureCorrectionTest.FullPipelineSecondCorrectionIsFiniteAndConverged ............................   Passed    0.26 sec
          Start 1203: SpeciesSolverTest.RepeatedSolveIsDeterministic
1081/1820 Test #1014: ThermalRegionMapTest.RejectsOutOfRangeRegionIndex ........................................................   Passed    0.26 sec
          Start 1286: CompressibleContinuityTest.MismatchedMassFluxSizeThrows
1082/1820 Test #1107: KOmegaModelTest.EffectiveViscosityEqualsMolecularPlusTurbulent ...........................................   Passed    0.26 sec
          Start 1086: KEpsilonModelTest.ConvergenceResidualIsNulloptBeforeFirstCorrect
1083/1820 Test #1200: SpeciesSolverTest.LinearSolveFailureWhenInnerSolverIsStarved .............................................   Passed    0.25 sec
          Start 1554: PisoTest.OneStepResultIsFiniteOnCavity
1084/1820 Test #1085: KEpsilonModelTest.CorrectProducesPositiveFiniteFieldsForARealFlow ........................................   Passed    0.26 sec
          Start  955: ThermalPropertiesTest.ThermalDiffusivityRejectsNegativeDensity
1085/1820 Test #1571: PisoTransientIntegrationTest.RepeatedIdenticalMultiStepRunIsBitIdentical .................................   Passed    0.26 sec
          Start 1109: WallDistanceTest.HandDerivedDistanceNearBottomWall
1086/1820 Test #1093: KOmegaEquationTest.OmegaSourceMatchesHandDerivedExample ..................................................   Passed    0.26 sec
          Start 1037: TurbulenceModelTest.NegativeTurbulentViscosityRejected
1087/1820 Test  #989: EnergyEquationVariablePropertiesTest.RejectsNonFiniteOrNonPositiveSpecificHeatField ......................   Passed    0.26 sec
          Start 1171: SpeciesPropertiesTest.RejectsEmptyName
1088/1820 Test #1106: KOmegaModelTest.ConvergenceResidualIsNulloptBeforeFirstCorrect ...........................................   Passed    0.28 sec
          Start 1144: SSTModelTest.InitializedToConfiguredValuesEverywhere
1089/1820 Test #1542: FinalCorrectionTest.TwoCellPartialFirstCorrectionPlusSecondReconstructsFullSingleCorrection ..............   Passed    0.28 sec
          Start 1540: FinalCorrectionTest.ZeroSecondCorrectionLeavesFirstCorrectionStateBitIdentical
1090/1820 Test #1179: SpeciesEquationDiffusionTest.MismatchedConcentrationSizeThrows ...........................................   Passed    0.28 sec
          Start  336: HeatFluxTest.ConductivityScalesTheGradientInversely
1091/1820 Test #1104: KOmegaModelTest.CorrectRejectsMismatchedVelocitySize .....................................................   Passed    0.28 sec
          Start 1173: SpeciesPropertiesTest.RejectsNonFiniteDiffusivity
1092/1820 Test #1157: SSTModelTest.FarFieldBlendApproachesSSTsOwnOuterCoefficientSet ...........................................   Passed    0.29 sec
          Start 1169: SpeciesPropertiesTest.StoresNameAndDiffusivity
1093/1820 Test #1024: RegionAwareThermalDiffusionTest.MismatchedRegionSizeThrows ...............................................   Passed    0.28 sec
          Start 1067: KEpsilonEquationTest.ImplicitSourceReproducesKDestructionAtSelfConsistency
1094/1820 Test  #684: TurbulenceCaseTest.RejectsNonPositiveInitialEpsilon ......................................................   Passed    0.28 sec
          Start  995: ThermalSolverTest.InvalidConfigurationForMismatchedTemperatureSize
1095/1820 Test #1193: SpeciesBoundaryConditionTest.ZeroGradientGivesNoDiffusiveFluxThroughAnImpermeableWall ....................   Passed    0.28 sec
          Start  671: TurbulenceCaseTest.ParsesKOmegaConfigWhenEnabled
1096/1820 Test #1203: SpeciesSolverTest.RepeatedSolveIsDeterministic ...........................................................   Passed    0.28 sec
          Start  974: EnergyEquationAssemblyTest.MismatchedMassFluxSizeThrows
1097/1820 Test #1286: CompressibleContinuityTest.MismatchedMassFluxSizeThrows ..................................................   Passed    0.28 sec
          Start 1079: KEpsilonModelTest.ConstructionIsDeterministicAcrossInstances
1098/1820 Test #1086: KEpsilonModelTest.ConvergenceResidualIsNulloptBeforeFirstCorrect .........................................   Passed    0.28 sec
          Start 1088: KOmegaCoefficientsTest.DefaultsMatchStandardModel
1099/1820 Test #1554: PisoTest.OneStepResultIsFiniteOnCavity ...................................................................   Passed    0.28 sec
          Start  672: TurbulenceCaseTest.BuilderConstructsKOmegaConfigAndBoundaries
1100/1820 Test  #955: ThermalPropertiesTest.ThermalDiffusivityRejectsNegativeDensity ...........................................   Passed    0.28 sec
          Start 1152: SSTModelTest.CorrectProducesPositiveFiniteFieldsForARealFlow
1101/1820 Test #1109: WallDistanceTest.HandDerivedDistanceNearBottomWall .......................................................   Passed    0.28 sec
          Start 1548: FinalCorrectionTest.PartialFirstCorrectionPlusSecondReconstructsFullSingleCorrectionRealMesh
1102/1820 Test #1037: TurbulenceModelTest.NegativeTurbulentViscosityRejected ...................................................   Passed    0.28 sec
          Start 1137: SSTEquationTest.TurbulentViscosityStrainDominatedBranch
1103/1820 Test #1171: SpeciesPropertiesTest.RejectsEmptyName ...................................................................   Passed    0.28 sec
          Start 1145: SSTModelTest.ConstructionMuTReducesToStandardKOmegaForm
1104/1820 Test #1144: SSTModelTest.InitializedToConfiguredValuesEverywhere .....................................................   Passed    0.27 sec
          Start  491: VectorGradientTest.MismatchedVelocitySizeThrows
1105/1820 Test #1540: FinalCorrectionTest.ZeroSecondCorrectionLeavesFirstCorrectionStateBitIdentical ...........................   Passed    0.28 sec
          Start 1147: SSTModelTest.RejectsInvalidInitialK
1106/1820 Test  #336: HeatFluxTest.ConductivityScalesTheGradientInversely ......................................................   Passed    0.28 sec
          Start  349: WallOmegaTest.IgnoresOwnerValue
1107/1820 Test #1173: SpeciesPropertiesTest.RejectsNonFiniteDiffusivity ........................................................   Passed    0.27 sec
          Start 1183: SpeciesEquationConvectionTest.ConstantConcentrationWithDivergenceFreeFluxGivesZeroNetContribution
1108/1820 Test #1169: SpeciesPropertiesTest.StoresNameAndDiffusivity ...........................................................   Passed    0.27 sec
          Start 1099: KOmegaModelTest.ConstructionIsDeterministicAcrossInstances
1109/1820 Test #1067: KEpsilonEquationTest.ImplicitSourceReproducesKDestructionAtSelfConsistency ...............................   Passed    0.28 sec
          Start 1158: TurbulenceModelFactoryTest.LaminarNameCreatesLaminarModelViaKEpsilonOverload
1110/1820 Test  #995: ThermalSolverTest.InvalidConfigurationForMismatchedTemperatureSize .......................................   Passed    0.26 sec
          Start 1110: WallDistanceTest.HandDerivedDistanceAtDomainCenter
1111/1820 Test  #671: TurbulenceCaseTest.ParsesKOmegaConfigWhenEnabled .........................................................   Passed    0.26 sec
          Start 1150: SSTModelTest.RejectsNoWallPatches
1112/1820 Test  #974: EnergyEquationAssemblyTest.MismatchedMassFluxSizeThrows ..................................................   Passed    0.25 sec
          Start 1201: SpeciesSolverTest.InvalidConfigurationForZeroOuterMaxIterations
1113/1820 Test #1079: KEpsilonModelTest.ConstructionIsDeterministicAcrossInstances .............................................   Passed    0.26 sec
          Start  681: TurbulenceCaseTest.RejectsKEpsilonModelWithInitialOmegaOnly
1114/1820 Test #1088: KOmegaCoefficientsTest.DefaultsMatchStandardModel ........................................................   Passed    0.26 sec
          Start  355: WallOmegaTest.RejectsInvalidDistance
1115/1820 Test  #672: TurbulenceCaseTest.BuilderConstructsKOmegaConfigAndBoundaries ............................................   Passed    0.25 sec
          Start  656: ThermalCaseTest.RejectsNegativeSpecificHeat
1116/1820 Test #1152: SSTModelTest.CorrectProducesPositiveFiniteFieldsForARealFlow .............................................   Passed    0.27 sec
          Start  993: EnergyEquationVariablePropertiesTest.CombinerRepeatedAssemblyIsDeterministic
1117/1820 Test #1548: FinalCorrectionTest.PartialFirstCorrectionPlusSecondReconstructsFullSingleCorrectionRealMesh .............   Passed    0.26 sec
          Start 1119: SSTEquationTest.BlendAtF1EqualsOneUsesSetOneExactly
1118/1820 Test #1137: SSTEquationTest.TurbulentViscosityStrainDominatedBranch ..................................................   Passed    0.27 sec
          Start 1091: KOmegaEquationTest.LinearEffectiveDiffusivityReducesToMolecularAsMuTVanishes
1119/1820 Test #1145: SSTModelTest.ConstructionMuTReducesToStandardKOmegaForm ..................................................   Passed    0.26 sec
          Start  665: TurbulenceCaseTest.ExplicitLaminarModelCollapsesToNoTurbulenceConfig
1120/1820 Test  #491: VectorGradientTest.MismatchedVelocitySizeThrows ..........................................................   Passed    0.26 sec
          Start  984: EnergyEquationVariablePropertiesTest.RejectsNonFiniteOrNonPositiveConductivityField
1121/1820 Test #1147: SSTModelTest.RejectsInvalidInitialK ......................................................................   Passed    0.25 sec
          Start  651: ThermalCaseTest.NonThermalFixtureHasNoThermalConfig
1122/1820 Test  #349: WallOmegaTest.IgnoresOwnerValue ..........................................................................   Passed    0.26 sec
          Start 1189: SpeciesEquationAssemblyTest.MismatchedMassFluxSizeThrows
1123/1820 Test #1183: SpeciesEquationConvectionTest.ConstantConcentrationWithDivergenceFreeFluxGivesZeroNetContribution ........   Passed    0.26 sec
          Start 1164: TurbulenceModelFactoryTest.LaminarNameCreatesLaminarModelViaSSTOverload
1124/1820 Test #1099: KOmegaModelTest.ConstructionIsDeterministicAcrossInstances ...............................................   Passed    0.26 sec
          Start  333: HeatFluxTest.PositiveFluxGivesHandDerivedNegativeGradient
1125/1820 Test #1158: TurbulenceModelFactoryTest.LaminarNameCreatesLaminarModelViaKEpsilonOverload .............................   Passed    0.27 sec
          Start  980: EnergyEquationThermalBCIntegrationTest.HeatFluxAndAdiabaticBoundariesMatchHandDerivedRhs
1126/1820 Test #1110: WallDistanceTest.HandDerivedDistanceAtDomainCenter .......................................................   Passed    0.28 sec
          Start  972: EnergyEquationAssemblyTest.ProducesCorrectDimensions
1127/1820 Test #1150: SSTModelTest.RejectsNoWallPatches ........................................................................   Passed    0.28 sec
          Start 1102: KOmegaModelTest.RejectsInvalidCoefficients
1128/1820 Test #1201: SpeciesSolverTest.InvalidConfigurationForZeroOuterMaxIterations ..........................................   Passed    0.29 sec
          Start 1120: SSTEquationTest.BlendAtF1EqualsZeroUsesSetTwoExactly
1129/1820 Test  #681: TurbulenceCaseTest.RejectsKEpsilonModelWithInitialOmegaOnly ..............................................   Passed    0.30 sec
          Start  686: TurbulenceCaseTest.RejectsOutOfRangeRelaxation
1130/1820 Test  #355: WallOmegaTest.RejectsInvalidDistance .....................................................................   Passed    0.29 sec
          Start 1161: TurbulenceModelFactoryTest.LaminarNameCreatesLaminarModelViaKOmegaOverload
1131/1820 Test  #656: ThermalCaseTest.RejectsNegativeSpecificHeat ..............................................................   Passed    0.29 sec
          Start  522: MomentumDiffusionTest.UniformEffectiveViscosityFieldMatchesConstantOverload
1132/1820 Test  #993: EnergyEquationVariablePropertiesTest.CombinerRepeatedAssemblyIsDeterministic .............................   Passed    0.30 sec
          Start 1089: KOmegaEquationTest.LinearEffectiveDiffusivityMatchesHandDerivedExample
1133/1820 Test #1119: SSTEquationTest.BlendAtF1EqualsOneUsesSetOneExactly ......................................................   Passed    0.29 sec
          Start  999: ThermalSolverTest.InvalidConfigurationForInvalidLinearSolverSettings
1134/1820 Test #1091: KOmegaEquationTest.LinearEffectiveDiffusivityReducesToMolecularAsMuTVanishes .............................   Passed    0.29 sec
          Start  962: EnergyEquationConvectionTest.PositiveInternalFluxSelectsOwnerNegativeSelectsNeighbor
1135/1820 Test  #665: TurbulenceCaseTest.ExplicitLaminarModelCollapsesToNoTurbulenceConfig .....................................   Passed    0.29 sec
          Start  669: TurbulenceCaseTest.BuilderConstructsKEpsilonConfigAndBoundaries
1136/1820 Test  #984: EnergyEquationVariablePropertiesTest.RejectsNonFiniteOrNonPositiveConductivityField ......................   Passed    0.30 sec
          Start 1123: SSTEquationTest.BlendingIsExactForMultipleCoefficients
1137/1820 Test  #651: ThermalCaseTest.NonThermalFixtureHasNoThermalConfig ......................................................   Passed    0.30 sec
          Start  951: ThermalPropertiesTest.RejectsNegativeSpecificHeat
1138/1820 Test #1189: SpeciesEquationAssemblyTest.MismatchedMassFluxSizeThrows .................................................   Passed    0.31 sec
          Start  956: ThermalPropertiesTest.ThermalDiffusivityRejectsNonFiniteDensity
1139/1820 Test #1164: TurbulenceModelFactoryTest.LaminarNameCreatesLaminarModelViaSSTOverload ..................................   Passed    0.31 sec
          Start 1544: FinalCorrectionTest.WallNormalBoundaryFluxStaysExactlyZeroInFinalState
1140/1820 Test  #333: HeatFluxTest.PositiveFluxGivesHandDerivedNegativeGradient ................................................   Passed    0.31 sec
          Start 1293: CompressibleMomentumComponentTest.MismatchedVelocitySizeThrows
1141/1820 Test  #980: EnergyEquationThermalBCIntegrationTest.HeatFluxAndAdiabaticBoundariesMatchHandDerivedRhs .................   Passed    0.31 sec
          Start  966: EnergyEquationConvectionTest.MismatchedTemperatureSizeThrows
1142/1820 Test  #972: EnergyEquationAssemblyTest.ProducesCorrectDimensions .....................................................   Passed    0.31 sec
          Start  653: ThermalCaseTest.BuilderConstructsThermalRuntimeObjects
1143/1820 Test #1102: KOmegaModelTest.RejectsInvalidCoefficients ...............................................................   Passed    0.31 sec
          Start  354: WallOmegaTest.RejectsInvalidBeta1
1144/1820 Test #1120: SSTEquationTest.BlendAtF1EqualsZeroUsesSetTwoExactly .....................................................   Passed    0.30 sec
          Start  685: TurbulenceCaseTest.RejectsNonPositiveInitialOmega
1145/1820 Test  #686: TurbulenceCaseTest.RejectsOutOfRangeRelaxation ...........................................................   Passed    0.31 sec
          Start 1003: ThermalSolverTest.NonFiniteStateForNonFiniteMassFlux
1146/1820 Test #1161: TurbulenceModelFactoryTest.LaminarNameCreatesLaminarModelViaKOmegaOverload ...............................   Passed    0.31 sec
          Start 1530: CorrectionApplicationTest.PreviousStateAndPredictorFieldsRetainedIndependently
1147/1820 Test  #522: MomentumDiffusionTest.UniformEffectiveViscosityFieldMatchesConstantOverload ..............................   Passed    0.31 sec
          Start 1140: SSTEquationTest.ProductionLimiterLimitedBranch
1148/1820 Test #1089: KOmegaEquationTest.LinearEffectiveDiffusivityMatchesHandDerivedExample ...................................   Passed    0.32 sec
          Start  947: ThermalPropertiesTest.ThermalDiffusivityIsKOverRhoCp
1149/1820 Test  #999: ThermalSolverTest.InvalidConfigurationForInvalidLinearSolverSettings .....................................   Passed    0.32 sec
          Start 1151: SSTModelTest.CorrectRejectsMismatchedVelocitySize
1150/1820 Test  #962: EnergyEquationConvectionTest.PositiveInternalFluxSelectsOwnerNegativeSelectsNeighbor .....................   Passed    0.32 sec
          Start  970: EnergyEquationSourceTest.RejectsNonFiniteHeatSource
1151/1820 Test  #669: TurbulenceCaseTest.BuilderConstructsKEpsilonConfigAndBoundaries ..........................................   Passed    0.31 sec
          Start 1072: KEpsilonEquationTest.PureSourceOnlyAddsExactlyToRhsAndDiagonal
1152/1820 Test #1123: SSTEquationTest.BlendingIsExactForMultipleCoefficients ...................................................   Passed    0.33 sec
          Start  950: ThermalPropertiesTest.RejectsZeroSpecificHeat
1153/1820 Test  #951: ThermalPropertiesTest.RejectsNegativeSpecificHeat ........................................................   Passed    0.31 sec
          Start 1135: SSTEquationTest.OmegaDiffusivityMatchesHandDerivedBlendedValue
1154/1820 Test  #956: ThermalPropertiesTest.ThermalDiffusivityRejectsNonFiniteDensity ..........................................   Passed    0.32 sec
          Start  987: EnergyEquationVariablePropertiesTest.ConvectionUsesUpwindCellsOwnSpecificHeat
1155/1820 Test #1544: FinalCorrectionTest.WallNormalBoundaryFluxStaysExactlyZeroInFinalState ...................................   Passed    0.31 sec
          Start 1558: PisoTest.NonPositiveOrNonFiniteDtReturnsInvalidConfiguration
1156/1820 Test #1293: CompressibleMomentumComponentTest.MismatchedVelocitySizeThrows ...........................................   Passed    0.31 sec
          Start  689: TurbulenceCaseTest.RejectsUnknownKey
1157/1820 Test  #966: EnergyEquationConvectionTest.MismatchedTemperatureSizeThrows .............................................   Passed    0.31 sec
          Start  949: ThermalPropertiesTest.RejectsNegativeConductivity
1158/1820 Test  #653: ThermalCaseTest.BuilderConstructsThermalRuntimeObjects ...................................................   Passed    0.30 sec
          Start 1098: KOmegaModelTest.InitializedToConfiguredValuesEverywhere
1159/1820 Test  #354: WallOmegaTest.RejectsInvalidBeta1 ........................................................................   Passed    0.30 sec
          Start 1139: SSTEquationTest.ProductionLimiterUnlimitedBranch
1160/1820 Test  #685: TurbulenceCaseTest.RejectsNonPositiveInitialOmega ........................................................   Passed    0.29 sec
          Start 1292: CompressibleMomentumComponentTest.ConstantDensityReproducesTransientMomentumExactly
1161/1820 Test #1003: ThermalSolverTest.NonFiniteStateForNonFiniteMassFlux .....................................................   Passed    0.29 sec
          Start 1555: PisoTest.WallNormalBoundaryFluxStaysExactlyZero
1162/1820 Test #1530: CorrectionApplicationTest.PreviousStateAndPredictorFieldsRetainedIndependently ...........................   Passed    0.29 sec
          Start  585: MomentumVariableViscosityTest.ConstantPropertyReproducesScalarOverloadExactly
1163/1820 Test #1140: SSTEquationTest.ProductionLimiterLimitedBranch ...........................................................   Passed    0.28 sec
          Start  663: ThermalCaseTest.RejectsTemperatureKeyWhenThermalDisabled
1164/1820 Test  #947: ThermalPropertiesTest.ThermalDiffusivityIsKOverRhoCp .....................................................   Passed    0.28 sec
          Start 1176: SpeciesEquationDiffusionTest.InternalFaceCoefficientsAreSymmetric
1165/1820 Test #1151: SSTModelTest.CorrectRejectsMismatchedVelocitySize ........................................................   Passed    0.28 sec
          Start 1007: ThermalSolverVariablePropertiesTest.NonFiniteStateWhenPropertyModelPredictsNonPositiveValue
1166/1820 Test  #970: EnergyEquationSourceTest.RejectsNonFiniteHeatSource ......................................................   Passed    0.28 sec
          Start 1081: KEpsilonModelTest.RejectsInvalidInitialEpsilon
1167/1820 Test #1072: KEpsilonEquationTest.PureSourceOnlyAddsExactlyToRhsAndDiagonal ...........................................   Passed    0.26 sec
          Start  666: TurbulenceCaseTest.ExplicitLaminarModelAcceptsInitialOmegaToo
1168/1820 Test  #950: ThermalPropertiesTest.RejectsZeroSpecificHeat ............................................................   Passed    0.27 sec
          Start  334: HeatFluxTest.NegativeFluxGivesPositiveGradient
1169/1820 Test #1135: SSTEquationTest.OmegaDiffusivityMatchesHandDerivedBlendedValue ...........................................   Passed    0.26 sec
          Start 1549: FinalCorrectionTest.PreviousStateRemainsUntouchedAndFirstCorrectionStateIsPreservedSeparately
1170/1820 Test  #987: EnergyEquationVariablePropertiesTest.ConvectionUsesUpwindCellsOwnSpecificHeat ............................   Passed    0.27 sec
          Start 1068: KEpsilonEquationTest.ImplicitSourceReproducesEpsilonDestructionAtSelfConsistency
1171/1820 Test #1558: PisoTest.NonPositiveOrNonFiniteDtReturnsInvalidConfiguration .............................................   Passed    0.28 sec
          Start  994: ThermalSolverTest.ConvergesAndMatchesAnalytical1DConductionProfile
1172/1820 Test  #689: TurbulenceCaseTest.RejectsUnknownKey .....................................................................   Passed    0.27 sec
          Start 1532: SecondPressureCorrectionTest.PartialFirstCorrectionGivesHandDerivedNonzeroSecondCorrection
1173/1820 Test  #949: ThermalPropertiesTest.RejectsNegativeConductivity ........................................................   Passed    0.28 sec
          Start 1142: SSTModelTest.NameIsSST
1174/1820 Test #1098: KOmegaModelTest.InitializedToConfiguredValuesEverywhere ..................................................   Passed    0.27 sec
          Start 1022: RegionAwareThermalDiffusionTest.EqualConductivityMatchesSingleMaterialPathExactly
1175/1820 Test #1139: SSTEquationTest.ProductionLimiterUnlimitedBranch .........................................................   Passed    0.28 sec
          Start  699: BoussinesqCaseTest.RejectsMissingReferenceTemperature
1176/1820 Test #1292: CompressibleMomentumComponentTest.ConstantDensityReproducesTransientMomentumExactly ......................   Passed    0.28 sec
          Start 1101: KOmegaModelTest.RejectsInvalidInitialOmega
1177/1820 Test #1555: PisoTest.WallNormalBoundaryFluxStaysExactlyZero ..........................................................   Passed    0.28 sec
          Start  664: TurbulenceCaseTest.LegacyFixtureHasNoTurbulenceConfig
1178/1820 Test  #585: MomentumVariableViscosityTest.ConstantPropertyReproducesScalarOverloadExactly ............................   Passed    0.29 sec
          Start  679: TurbulenceCaseTest.RejectsBothInitialEpsilonAndInitialOmega
1179/1820 Test  #663: ThermalCaseTest.RejectsTemperatureKeyWhenThermalDisabled .................................................   Passed    0.30 sec
          Start  683: TurbulenceCaseTest.RejectsNonPositiveInitialK
1180/1820 Test #1176: SpeciesEquationDiffusionTest.InternalFaceCoefficientsAreSymmetric ........................................   Passed    0.29 sec
          Start 1131: SSTEquationTest.F2RemainsBoundedAcrossRepresentativeStates
1181/1820 Test #1007: ThermalSolverVariablePropertiesTest.NonFiniteStateWhenPropertyModelPredictsNonPositiveValue ..............   Passed    0.29 sec
          Start  353: WallOmegaTest.RejectsInvalidKinematicViscosity
1182/1820 Test #1081: KEpsilonModelTest.RejectsInvalidInitialEpsilon ...........................................................   Passed    0.29 sec
          Start 1159: TurbulenceModelFactoryTest.KEpsilonNameCreatesKEpsilonModel
1183/1820 Test  #666: TurbulenceCaseTest.ExplicitLaminarModelAcceptsInitialOmegaToo ............................................   Passed    0.28 sec
          Start 1138: SSTEquationTest.TurbulentViscosityRejectsInvalidInputs
1184/1820 Test  #334: HeatFluxTest.NegativeFluxGivesPositiveGradient ...........................................................   Passed    0.29 sec
          Start 1525: CorrectionApplicationTest.TwoCellProbeCorrectionMatchesHandDerivation
1185/1820 Test #1549: FinalCorrectionTest.PreviousStateRemainsUntouchedAndFirstCorrectionStateIsPreservedSeparately ............   Passed    0.29 sec
          Start 1002: ThermalSolverTest.NonFiniteStateForNonFiniteInitialTemperature
1186/1820 Test #1068: KEpsilonEquationTest.ImplicitSourceReproducesEpsilonDestructionAtSelfConsistency .........................   Passed    0.30 sec
          Start 1155: SSTModelTest.F1ApproachesOneNearAWallAndZeroFarFromIt
1187/1820 Test  #994: ThermalSolverTest.ConvergesAndMatchesAnalytical1DConductionProfile .......................................   Passed    0.29 sec
          Start 1033: TurbulenceModelTest.PolymorphicDestructionWorks
1188/1820 Test #1532: SecondPressureCorrectionTest.PartialFirstCorrectionGivesHandDerivedNonzeroSecondCorrection ...............   Passed    0.29 sec
          Start 1061: TurbulenceProductionTest.ZeroShearGivesZeroProductionEverywhere
1189/1820 Test #1142: SSTModelTest.NameIsSST ...................................................................................   Passed    0.29 sec
          Start 1187: SpeciesEquationAssemblyTest.ProducesCorrectDimensions
1190/1820 Test #1022: RegionAwareThermalDiffusionTest.EqualConductivityMatchesSingleMaterialPathExactly ........................   Passed    0.28 sec
          Start 1015: ThermalRegionMapTest.RegionForCellOutOfRangeThrows
1191/1820 Test  #699: BoussinesqCaseTest.RejectsMissingReferenceTemperature ....................................................   Passed    0.29 sec
          Start 1075: KEpsilonModelTest.TurbulentViscosityMatchesHandDerivedExample
1192/1820 Test #1101: KOmegaModelTest.RejectsInvalidInitialOmega ...............................................................   Passed    0.29 sec
          Start 1459: SIMPLESSTTest.WallDistanceFieldIsSane
1193/1820 Test  #664: TurbulenceCaseTest.LegacyFixtureHasNoTurbulenceConfig ....................................................   Passed    0.29 sec
          Start 1172: SpeciesPropertiesTest.RejectsNegativeDiffusivity
1194/1820 Test  #679: TurbulenceCaseTest.RejectsBothInitialEpsilonAndInitialOmega ..............................................   Passed    0.29 sec
          Start 1551: PisoTest.OneStepMatchesIndependentManualPipelineBitIdentical
1195/1820 Test  #683: TurbulenceCaseTest.RejectsNonPositiveInitialK ............................................................   Passed    0.28 sec
          Start  967: EnergyEquationConvectionTest.MismatchedMassFluxSizeThrows
1196/1820 Test #1131: SSTEquationTest.F2RemainsBoundedAcrossRepresentativeStates ...............................................   Passed    0.28 sec
          Start 1296: ProjectRunnerTest.MissingCaseDirectoryReportsInvalidCase
1197/1820 Test  #353: WallOmegaTest.RejectsInvalidKinematicViscosity ...........................................................   Passed    0.29 sec
          Start  998: ThermalSolverTest.LinearSolveFailureWhenInnerSolverIsStarved
1198/1820 Test #1159: TurbulenceModelFactoryTest.KEpsilonNameCreatesKEpsilonModel ..............................................   Passed    0.29 sec
          Start 1116: SSTEquationTest.Alpha1MatchesHandDerivedValue
1199/1820 Test #1138: SSTEquationTest.TurbulentViscosityRejectsInvalidInputs ...................................................   Passed    0.28 sec
          Start 1060: TurbulenceProductionTest.HandDerivedShearProductionMatchesExactly
1200/1820 Test #1525: CorrectionApplicationTest.TwoCellProbeCorrectionMatchesHandDerivation ....................................   Passed    0.28 sec
          Start 1069: KEpsilonEquationTest.ImplicitSourceAddsToDiagonalAndRhsCorrectly
1201/1820 Test #1002: ThermalSolverTest.NonFiniteStateForNonFiniteInitialTemperature ...........................................   Passed    0.27 sec
          Start  356: WallOmegaTest.RepeatedEvaluationIsDeterministic
1202/1820 Test #1155: SSTModelTest.F1ApproachesOneNearAWallAndZeroFarFromIt ....................................................   Passed    0.28 sec
          Start  678: TurbulenceCaseTest.RejectsSSTModelWithInitialEpsilonOnly
1203/1820 Test #1033: TurbulenceModelTest.PolymorphicDestructionWorks ..........................................................   Passed    0.28 sec
          Start  803: VTKWriterTest.MismatchedTemperatureSizeThrows
1204/1820 Test #1061: TurbulenceProductionTest.ZeroShearGivesZeroProductionEverywhere ..........................................   Passed    0.28 sec
          Start  997: ThermalSolverTest.MaxIterationsWhenOuterBudgetTooSmall
1205/1820 Test #1187: SpeciesEquationAssemblyTest.ProducesCorrectDimensions ....................................................   Passed    0.29 sec
          Start 1538: SecondPressureCorrectionTest.FirstCorrectionStateAndPreviousStateRemainUntouched
1206/1820 Test #1015: ThermalRegionMapTest.RegionForCellOutOfRangeThrows .......................................................   Passed    0.29 sec
          Start 1522: TransientPressureCorrectionTest.FullPipelineFromRestReturnsFinitePressureCorrection
1207/1820 Test #1075: KEpsilonModelTest.TurbulentViscosityMatchesHandDerivedExample ............................................   Passed    0.29 sec
          Start 1536: SecondPressureCorrectionTest.RealPipelineTightFirstCorrectionGivesNearZeroSecondCorrection
1208/1820 Test #1459: SIMPLESSTTest.WallDistanceFieldIsSane ....................................................................   Passed    0.29 sec
          Start 1180: SpeciesEquationConvectionTest.PositiveInternalFluxSelectsOwnerNegativeSelectsNeighbor
1209/1820 Test #1172: SpeciesPropertiesTest.RejectsNegativeDiffusivity .........................................................   Passed    0.30 sec
          Start 1141: SSTEquationTest.ProductionLimiterRejectsInvalidFactorOrBetaStar
1210/1820 Test #1551: PisoTest.OneStepMatchesIndependentManualPipelineBitIdentical .............................................   Passed    0.29 sec
          Start 1547: FinalCorrectionTest.RealPipelineSecondCorrectionIsEffectivelyIdempotentAfterFullFirst
1211/1820 Test  #967: EnergyEquationConvectionTest.MismatchedMassFluxSizeThrows ................................................   Passed    0.29 sec
          Start 1285: CompressibleContinuityTest.MismatchedDensityOldSizeThrows
1212/1820 Test #1296: ProjectRunnerTest.MissingCaseDirectoryReportsInvalidCase .................................................   Passed    0.27 sec
          Start 1546: FinalCorrectionTest.ControlledPartialCorrectionShowsRc2BelowRc1
1213/1820 Test  #998: ThermalSolverTest.LinearSolveFailureWhenInnerSolverIsStarved .............................................   Passed    0.29 sec
          Start  991: EnergyEquationVariablePropertiesTest.CombinerProducesCorrectDimensionsAndIsFinite
1214/1820 Test #1116: SSTEquationTest.Alpha1MatchesHandDerivedValue ............................................................   Passed    0.29 sec
          Start  348: WallOmegaTest.HandDerivedValueMatchesWilcoxFormula
1215/1820 Test #1060: TurbulenceProductionTest.HandDerivedShearProductionMatchesExactly ........................................   Passed    0.29 sec
          Start 1289: CompressibleMomentumTimeDerivativeTest.ConstantDensityMatchesIncompressibleFormula
1216/1820 Test #1069: KEpsilonEquationTest.ImplicitSourceAddsToDiagonalAndRhsCorrectly .........................................   Passed    0.29 sec
          Start 1136: SSTEquationTest.TurbulentViscosityOmegaDominatedBranch
1217/1820 Test  #356: WallOmegaTest.RepeatedEvaluationIsDeterministic ..........................................................   Passed    0.29 sec
          Start 1199: SpeciesSolverTest.MaxIterationsWhenOuterBudgetTooSmall
1218/1820 Test  #678: TurbulenceCaseTest.RejectsSSTModelWithInitialEpsilonOnly .................................................   Passed    0.28 sec
          Start 1162: TurbulenceModelFactoryTest.KOmegaNameCreatesKOmegaModel
1219/1820 Test  #803: VTKWriterTest.MismatchedTemperatureSizeThrows ............................................................   Passed    0.30 sec
          Start 1563: PisoTest.ForcedPressureCorrectionFailurePropagatesAsPressureCorrectionFailure
1220/1820 Test  #997: ThermalSolverTest.MaxIterationsWhenOuterBudgetTooSmall ...................................................   Passed    0.28 sec
          Start  670: TurbulenceCaseTest.InletPatchGetsFixedKAndEpsilonFromCaseConfig
1221/1820 Test #1538: SecondPressureCorrectionTest.FirstCorrectionStateAndPreviousStateRemainUntouched .........................   Passed    0.28 sec
          Start 1134: SSTEquationTest.KDiffusivityMatchesHandDerivedBlendedValue
1222/1820 Test #1522: TransientPressureCorrectionTest.FullPipelineFromRestReturnsFinitePressureCorrection ......................   Passed    0.28 sec
          Start 1270: CompressibleMassFluxTest.UniformDensityMatchesIncompressibleMassFluxExactly
1223/1820 Test #1536: SecondPressureCorrectionTest.RealPipelineTightFirstCorrectionGivesNearZeroSecondCorrection ...............   Passed    0.26 sec
          Start 1291: CompressibleMomentumTimeDerivativeTest.RejectsNonPositiveDt
1224/1820 Test #1180: SpeciesEquationConvectionTest.PositiveInternalFluxSelectsOwnerNegativeSelectsNeighbor ....................   Passed    0.26 sec
          Start  968: EnergyEquationSourceTest.AddsQTimesVolumeExactly
1225/1820 Test #1141: SSTEquationTest.ProductionLimiterRejectsInvalidFactorOrBetaStar ..........................................   Passed    0.26 sec
          Start  682: TurbulenceCaseTest.RejectsKOmegaModelWithInitialEpsilonOnly
1226/1820 Test #1547: FinalCorrectionTest.RealPipelineSecondCorrectionIsEffectivelyIdempotentAfterFullFirst ....................   Passed    0.26 sec
          Start 1097: KOmegaModelTest.FieldsSizedToMeshAtConstruction
1227/1820 Test #1285: CompressibleContinuityTest.MismatchedDensityOldSizeThrows ................................................   Passed    0.27 sec
          Start  996: ThermalSolverTest.InvalidConfigurationForMismatchedMassFluxSize
1228/1820 Test #1546: FinalCorrectionTest.ControlledPartialCorrectionShowsRc2BelowRc1 ..........................................   Passed    0.25 sec
          Start 1287: CompressibleContinuityTest.RejectsNonPositiveOrNonFiniteDt
1229/1820 Test  #991: EnergyEquationVariablePropertiesTest.CombinerProducesCorrectDimensionsAndIsFinite ........................   Passed    0.26 sec
          Start  657: ThermalCaseTest.RejectsMissingThermalField
1230/1820 Test  #348: WallOmegaTest.HandDerivedValueMatchesWilcoxFormula .......................................................   Passed    0.26 sec
          Start  985: EnergyEquationVariablePropertiesTest.DiffusionMismatchedConductivityFieldSizeThrows
1231/1820 Test #1289: CompressibleMomentumTimeDerivativeTest.ConstantDensityMatchesIncompressibleFormula .......................   Passed    0.26 sec
          Start 1100: KOmegaModelTest.RejectsInvalidInitialK
1232/1820 Test #1136: SSTEquationTest.TurbulentViscosityOmegaDominatedBranch ...................................................   Passed    0.26 sec
          Start  659: ThermalCaseTest.RejectsUnknownTemperatureBoundaryType
1233/1820 Test #1199: SpeciesSolverTest.MaxIterationsWhenOuterBudgetTooSmall ...................................................   Passed    0.26 sec
          Start  973: EnergyEquationAssemblyTest.MismatchedTemperatureSizeThrows
1234/1820 Test #1162: TurbulenceModelFactoryTest.KOmegaNameCreatesKOmegaModel ..................................................   Passed    0.25 sec
          Start 1182: SpeciesEquationConvectionTest.BoundaryInflowUsesBoundaryValueOnRhs
1235/1820 Test #1563: PisoTest.ForcedPressureCorrectionFailurePropagatesAsPressureCorrectionFailure ............................   Passed    0.26 sec
          Start 1564: PisoTest.AccessorsReturnConstructedValues
1236/1820 Test  #670: TurbulenceCaseTest.InletPatchGetsFixedKAndEpsilonFromCaseConfig ..........................................   Passed    0.26 sec
          Start 1290: CompressibleMomentumTimeDerivativeTest.MismatchedSizeThrows
1237/1820 Test #1134: SSTEquationTest.KDiffusivityMatchesHandDerivedBlendedValue ...............................................   Passed    0.26 sec
          Start  986: EnergyEquationVariablePropertiesTest.ConvectionUniformFieldMatchesScalarOverloadExactly
1238/1820 Test #1270: CompressibleMassFluxTest.UniformDensityMatchesIncompressibleMassFluxExactly ..............................   Passed    0.26 sec
          Start 1077: KEpsilonModelTest.FieldsSizedToMeshAtConstruction
1239/1820 Test #1291: CompressibleMomentumTimeDerivativeTest.RejectsNonPositiveDt ..............................................   Passed    0.26 sec
          Start 1279: CompressibleMassFluxTest.MismatchedDensitySizeThrows
1240/1820 Test  #968: EnergyEquationSourceTest.AddsQTimesVolumeExactly .........................................................   Passed    0.26 sec
          Start 1125: SSTEquationTest.CrossDiffusionCoefficientClampsNegativeDotProduct
1241/1820 Test  #682: TurbulenceCaseTest.RejectsKOmegaModelWithInitialEpsilonOnly ..............................................   Passed    0.26 sec
          Start 1059: KEpsilonCoefficientsTest.DefaultsMatchStandardModel
1242/1820 Test #1097: KOmegaModelTest.FieldsSizedToMeshAtConstruction ..........................................................   Passed    0.26 sec
          Start 1117: SSTEquationTest.Alpha2MatchesHandDerivedValue
1243/1820 Test  #996: ThermalSolverTest.InvalidConfigurationForMismatchedMassFluxSize ..........................................   Passed    0.26 sec
          Start 1082: KEpsilonModelTest.RejectsInvalidCoefficients
1244/1820 Test #1287: CompressibleContinuityTest.RejectsNonPositiveOrNonFiniteDt ...............................................   Passed    0.26 sec
          Start 1550: FinalCorrectionTest.RepeatedFullPipelineIsBitIdentical
1245/1820 Test  #657: ThermalCaseTest.RejectsMissingThermalField ...............................................................   Passed    0.25 sec
          Start 1148: SSTModelTest.RejectsInvalidInitialOmega
1246/1820 Test  #985: EnergyEquationVariablePropertiesTest.DiffusionMismatchedConductivityFieldSizeThrows ......................   Passed    0.26 sec
          Start 1122: SSTEquationTest.BlendAtHalfWeightingIsTheMidpoint
1247/1820 Test #1100: KOmegaModelTest.RejectsInvalidInitialK ...................................................................   Passed    0.25 sec
          Start  963: EnergyEquationConvectionTest.BoundaryOutflowUsesOwnerUnknownNotBoundaryValue
1248/1820 Test  #659: ThermalCaseTest.RejectsUnknownTemperatureBoundaryType ....................................................   Passed    0.26 sec
          Start  801: VTKWriterTest.OmitsTemperatureBlockWhenNotProvided
1249/1820 Test  #973: EnergyEquationAssemblyTest.MismatchedTemperatureSizeThrows ...............................................   Passed    0.25 sec
          Start  586: MomentumVariableViscosityTest.InternalFaceMatchesHandDerivedLinearMuValue
1250/1820 Test #1182: SpeciesEquationConvectionTest.BoundaryInflowUsesBoundaryValueOnRhs .......................................   Passed    0.25 sec
          Start  957: EnergyEquationDiffusionTest.TwoCellSystemMatchesHandDerivedCoefficients
1251/1820 Test #1564: PisoTest.AccessorsReturnConstructedValues ................................................................   Passed    0.25 sec
          Start 1062: TurbulenceProductionTest.NormalStrainContributesWithFactorTwo
1252/1820 Test #1290: CompressibleMomentumTimeDerivativeTest.MismatchedSizeThrows ..............................................   Passed    0.25 sec
          Start 1130: SSTEquationTest.F1RemainsBoundedAcrossRepresentativeStates
1253/1820 Test  #986: EnergyEquationVariablePropertiesTest.ConvectionUniformFieldMatchesScalarOverloadExactly ..................   Passed    0.25 sec
          Start 1095: KOmegaModelTest.TurbulentViscosityMatchesHandDerivedExample
1254/1820 Test #1077: KEpsilonModelTest.FieldsSizedToMeshAtConstruction ........................................................   Passed    0.26 sec
          Start 1533: SecondPressureCorrectionTest.FullFirstCorrectionGivesExactlyZeroSecondCorrection
1255/1820 Test #1279: CompressibleMassFluxTest.MismatchedDensitySizeThrows .....................................................   Passed    0.26 sec
          Start 1080: KEpsilonModelTest.RejectsInvalidInitialK
1256/1820 Test #1125: SSTEquationTest.CrossDiffusionCoefficientClampsNegativeDotProduct ........................................   Passed    0.27 sec
          Start 1181: SpeciesEquationConvectionTest.BoundaryOutflowUsesOwnerUnknownNotBoundaryValue
1257/1820 Test #1059: KEpsilonCoefficientsTest.DefaultsMatchStandardModel ......................................................   Passed    0.27 sec
          Start 1160: TurbulenceModelFactoryTest.KEpsilonOverloadRejectsUnsupportedModelNames
1258/1820 Test #1117: SSTEquationTest.Alpha2MatchesHandDerivedValue ............................................................   Passed    0.26 sec
          Start 1087: KEpsilonModelTest.EffectiveViscosityEqualsMolecularPlusTurbulent
1259/1820 Test #1082: KEpsilonModelTest.RejectsInvalidCoefficients .............................................................   Passed    0.27 sec
          Start  976: EnergyEquationAssemblyTest.NonFiniteTemperatureAtGradientBoundaryThrowsNumericalError
1260/1820 Test #1550: FinalCorrectionTest.RepeatedFullPipelineIsBitIdentical ...................................................   Passed    0.27 sec
          Start 1074: KEpsilonEquationTest.TransportEquationRejectsSizeMismatch
1261/1820 Test #1148: SSTModelTest.RejectsInvalidInitialOmega ..................................................................   Passed    0.28 sec
          Start   27: LoggerTest.WarningAndErrorGoToStderr
1262/1820 Test #1122: SSTEquationTest.BlendAtHalfWeightingIsTheMidpoint ........................................................   Passed    0.27 sec
          Start  488: VectorGradientTest.LinearShearFieldIsExactEverywhere
1263/1820 Test  #963: EnergyEquationConvectionTest.BoundaryOutflowUsesOwnerUnknownNotBoundaryValue .............................   Passed    0.28 sec
          Start  614: CaseWriterTest.BasicCaseRoundTripsExactly
1264/1820 Test  #801: VTKWriterTest.OmitsTemperatureBlockWhenNotProvided .......................................................   Passed    0.28 sec
          Start 1190: SpeciesEquationAssemblyTest.NonFiniteConcentrationAtGradientBoundaryThrowsNumericalError
1265/1820 Test  #586: MomentumVariableViscosityTest.InternalFaceMatchesHandDerivedLinearMuValue ................................   Passed    0.29 sec
          Start 1149: SSTModelTest.RejectsInvalidCoefficients
1266/1820 Test  #957: EnergyEquationDiffusionTest.TwoCellSystemMatchesHandDerivedCoefficients ..................................   Passed    0.29 sec
          Start  958: EnergyEquationDiffusionTest.InternalFaceCoefficientsAreSymmetric
1267/1820 Test #1062: TurbulenceProductionTest.NormalStrainContributesWithFactorTwo ............................................   Passed    0.29 sec
          Start 1166: TurbulenceModelFactoryTest.SSTOverloadRejectsUnsupportedModelNames
1268/1820 Test #1130: SSTEquationTest.F1RemainsBoundedAcrossRepresentativeStates ...............................................   Passed    0.30 sec
          Start 1103: KOmegaModelTest.TurbulentViscosityVanishesAsKVanishes
1269/1820 Test #1095: KOmegaModelTest.TurbulentViscosityMatchesHandDerivedExample ..............................................   Passed    0.29 sec
          Start  352: WallOmegaTest.TypeAndNameAreSSTSpecific
1270/1820 Test #1533: SecondPressureCorrectionTest.FullFirstCorrectionGivesExactlyZeroSecondCorrection .........................   Passed    0.30 sec
          Start 1124: SSTEquationTest.CrossDiffusionCoefficientMatchesHandDerivedExample
1271/1820 Test #1080: KEpsilonModelTest.RejectsInvalidInitialK .................................................................   Passed    0.31 sec
          Start 1013: ThermalRegionMapTest.RejectsEmptyCellRegionIndex
1272/1820 Test #1181: SpeciesEquationConvectionTest.BoundaryOutflowUsesOwnerUnknownNotBoundaryValue ............................   Passed    0.30 sec
          Start  952: ThermalPropertiesTest.RejectsNonFiniteConductivity
1273/1820 Test #1160: TurbulenceModelFactoryTest.KEpsilonOverloadRejectsUnsupportedModelNames ..................................   Passed    0.30 sec
          Start 1065: KEpsilonEquationTest.EffectiveDiffusivityReducesToMolecularAsMuTVanishes
1274/1820 Test #1087: KEpsilonModelTest.EffectiveViscosityEqualsMolecularPlusTurbulent .........................................   Passed    0.32 sec
          Start  673: TurbulenceCaseTest.KOmegaInletPatchGetsFixedKAndOmegaFromCaseConfig
1275/1820 Test  #976: EnergyEquationAssemblyTest.NonFiniteTemperatureAtGradientBoundaryThrowsNumericalError ....................   Passed    0.31 sec
          Start  668: TurbulenceCaseTest.ParsesOptionalRelaxationOverrides
1276/1820 Test #1074: KEpsilonEquationTest.TransportEquationRejectsSizeMismatch ................................................   Passed    0.31 sec
          Start 1770: SpeciesDiffusionValidation.Grid80MatchesAnalyticalSlabProfile
1277/1820 Test   #27: LoggerTest.WarningAndErrorGoToStderr .....................................................................   Passed    0.32 sec
          Start  771: CSVWriterTest.NonFiniteTemperatureThrows
1278/1820 Test  #488: VectorGradientTest.LinearShearFieldIsExactEverywhere .....................................................   Passed    0.32 sec
          Start 1184: SpeciesEquationSourceTest.AddsSTimesVolumeExactly
1279/1820 Test  #614: CaseWriterTest.BasicCaseRoundTripsExactly ................................................................   Passed    0.32 sec
          Start  983: EnergyEquationVariablePropertiesTest.DiffusionBoundaryFaceUsesOwnerConductivityDirectly
1280/1820 Test #1190: SpeciesEquationAssemblyTest.NonFiniteConcentrationAtGradientBoundaryThrowsNumericalError .................   Passed    0.32 sec
          Start 1006: ThermalSolverVariablePropertiesTest.InvalidConfigurationForMismatchedTemperatureSize
1281/1820 Test #1149: SSTModelTest.RejectsInvalidCoefficients ..................................................................   Passed    0.32 sec
          Start 1128: SSTEquationTest.CrossDiffusionSourceIsHalfWeightAtF1EqualsHalf
1282/1820 Test  #958: EnergyEquationDiffusionTest.InternalFaceCoefficientsAreSymmetric .........................................   Passed    0.32 sec
          Start  661: ThermalCaseTest.RejectsExtraneousValueForAdiabatic
1283/1820 Test #1166: TurbulenceModelFactoryTest.SSTOverloadRejectsUnsupportedModelNames .......................................   Passed    0.33 sec
          Start 1175: SpeciesEquationDiffusionTest.TwoCellSystemMatchesHandDerivedCoefficients
1284/1820 Test #1103: KOmegaModelTest.TurbulentViscosityVanishesAsKVanishes ....................................................   Passed    0.32 sec
          Start 1192: SpeciesBoundaryConditionTest.FixedValueActsAsDirichletInflowSource
1285/1820 Test  #352: WallOmegaTest.TypeAndNameAreSSTSpecific ..................................................................   Passed    0.31 sec
          Start 1156: SSTModelTest.NearWallBlendApproachesSSTsOwnInnerCoefficientSet
1286/1820 Test #1124: SSTEquationTest.CrossDiffusionCoefficientMatchesHandDerivedExample .......................................   Passed    0.30 sec
          Start  667: TurbulenceCaseTest.ParsesKEpsilonConfigWhenEnabled
1287/1820 Test #1013: ThermalRegionMapTest.RejectsEmptyCellRegionIndex .........................................................   Passed    0.31 sec
          Start  804: VTKWriterTest.NonFiniteTemperatureThrows
1288/1820 Test  #952: ThermalPropertiesTest.RejectsNonFiniteConductivity .......................................................   Passed    0.31 sec
          Start  975: EnergyEquationAssemblyTest.RejectsNonFiniteHeatSource
1289/1820 Test #1065: KEpsilonEquationTest.EffectiveDiffusivityReducesToMolecularAsMuTVanishes .................................   Passed    0.31 sec
          Start 1527: CorrectionApplicationTest.FullPipelineFromRestProducesFiniteCorrectedState
1290/1820 Test  #673: TurbulenceCaseTest.KOmegaInletPatchGetsFixedKAndOmegaFromCaseConfig ......................................   Passed    0.31 sec
          Start 1170: SpeciesPropertiesTest.AllowsZeroDiffusivityForPureAdvection
1291/1820 Test  #668: TurbulenceCaseTest.ParsesOptionalRelaxationOverrides .....................................................   Passed    0.33 sec
          Start 1177: SpeciesEquationDiffusionTest.ConstantConcentrationGivesZeroContributionEverywhere
1292/1820 Test #1770: SpeciesDiffusionValidation.Grid80MatchesAnalyticalSlabProfile ............................................   Passed    0.31 sec
          Start 1531: CorrectionApplicationTest.RepeatedCorrectionStepIsBitIdentical
1293/1820 Test  #771: CSVWriterTest.NonFiniteTemperatureThrows .................................................................   Passed    0.30 sec
          Start  959: EnergyEquationDiffusionTest.ConstantTemperatureGivesZeroContributionEverywhere
1294/1820 Test #1184: SpeciesEquationSourceTest.AddsSTimesVolumeExactly ........................................................   Passed    0.31 sec
          Start  489: VectorGradientTest.UniformVelocityGivesZeroGradientEverywhere
1295/1820 Test  #983: EnergyEquationVariablePropertiesTest.DiffusionBoundaryFaceUsesOwnerConductivityDirectly ..................   Passed    0.31 sec
          Start 1197: SpeciesSolverTest.InvalidConfigurationForMismatchedConcentrationSize
1296/1820 Test #1006: ThermalSolverVariablePropertiesTest.InvalidConfigurationForMismatchedTemperatureSize .....................   Passed    0.30 sec
          Start 1011: ThermalRegionMapTest.RejectsEmptyRegions
1297/1820 Test #1128: SSTEquationTest.CrossDiffusionSourceIsHalfWeightAtF1EqualsHalf ...........................................   Passed    0.30 sec
          Start 1092: KOmegaEquationTest.LinearEffectiveDiffusivityRejectsInvalidInputs
1298/1820 Test  #661: ThermalCaseTest.RejectsExtraneousValueForAdiabatic .......................................................   Passed    0.30 sec
          Start 1071: KEpsilonEquationTest.PureDiffusionConstantFieldGivesZeroResidual
1299/1820 Test #1175: SpeciesEquationDiffusionTest.TwoCellSystemMatchesHandDerivedCoefficients .................................   Passed    0.31 sec
          Start  978: EnergyEquationAssemblyTest.RepeatedAssemblyIsDeterministic
1300/1820 Test #1192: SpeciesBoundaryConditionTest.FixedValueActsAsDirichletInflowSource .......................................   Passed    0.32 sec
          Start 1196: SpeciesSolverTest.ConvergesAndMatchesAnalytical1DDiffusionProfile
1301/1820 Test #1156: SSTModelTest.NearWallBlendApproachesSSTsOwnInnerCoefficientSet ...........................................   Passed    0.31 sec
          Start 1076: KEpsilonModelTest.NameIsKEpsilon
1302/1820 Test  #667: TurbulenceCaseTest.ParsesKEpsilonConfigWhenEnabled .......................................................   Passed    0.31 sec
          Start  525: MomentumDiffusionTest.NonFiniteOrNonPositiveEffectiveViscosityFieldThrows
1303/1820 Test  #804: VTKWriterTest.NonFiniteTemperatureThrows .................................................................   Passed    0.32 sec
          Start 1023: RegionAwareThermalDiffusionTest.MismatchedTemperatureSizeThrows
1304/1820 Test  #975: EnergyEquationAssemblyTest.RejectsNonFiniteHeatSource ....................................................   Passed    0.30 sec
          Start 1553: PisoTest.RepeatedIdenticalTimestepIsBitIdentical
1305/1820 Test #1527: CorrectionApplicationTest.FullPipelineFromRestProducesFiniteCorrectedState ...............................   Passed    0.31 sec
          Start 1284: CompressibleContinuityTest.CombinedTimeAndFluxHandDerived
1306/1820 Test #1170: SpeciesPropertiesTest.AllowsZeroDiffusivityForPureAdvection ..............................................   Passed    0.30 sec
          Start  784: JSONWriterTest.ThermalEnabledIsFalseByDefault
1307/1820 Test #1177: SpeciesEquationDiffusionTest.ConstantConcentrationGivesZeroContributionEverywhere ........................   Passed    0.31 sec
          Start 1191: SpeciesEquationAssemblyTest.RepeatedAssemblyIsDeterministic
1308/1820 Test #1531: CorrectionApplicationTest.RepeatedCorrectionStepIsBitIdentical ...........................................   Passed    0.31 sec
          Start 1520: TransientPressureCorrectionTest.SmallerDeltaTGivesSmallerResponseCoefficientEverywhere
1309/1820 Test  #959: EnergyEquationDiffusionTest.ConstantTemperatureGivesZeroContributionEverywhere ...........................   Passed    0.30 sec
          Start  960: EnergyEquationDiffusionTest.DiagonalIsFinitePositiveAndNonzero
1310/1820 Test  #489: VectorGradientTest.UniformVelocityGivesZeroGradientEverywhere ............................................   Passed    0.30 sec
          Start 1010: ThermalRegionMapTest.ConstructsAndReportsCellRegions
1311/1820 Test #1197: SpeciesSolverTest.InvalidConfigurationForMismatchedConcentrationSize .....................................   Passed    0.30 sec
          Start 1094: KOmegaEquationTest.KSourceMatchesHandDerivedExample
1312/1820 Test #1011: ThermalRegionMapTest.RejectsEmptyRegions .................................................................   Passed    0.30 sec
          Start  523: MomentumDiffusionTest.NonUniformEffectiveViscosityChangesDiffusionCoefficients
1313/1820 Test #1092: KOmegaEquationTest.LinearEffectiveDiffusivityRejectsInvalidInputs ........................................   Passed    0.30 sec
          Start 1036: TurbulenceModelTest.PositiveTurbulentViscosityIsAccepted
1314/1820 Test #1071: KEpsilonEquationTest.PureDiffusionConstantFieldGivesZeroResidual .........................................   Passed    0.31 sec
          Start  982: EnergyEquationVariablePropertiesTest.DiffusionInternalFaceMatchesHandDerivedValue
1315/1820 Test  #978: EnergyEquationAssemblyTest.RepeatedAssemblyIsDeterministic ...............................................   Passed    0.29 sec
          Start  965: EnergyEquationConvectionTest.ConstantTemperatureWithDivergenceFreeFluxGivesZeroNetContribution
1316/1820 Test #1196: SpeciesSolverTest.ConvergesAndMatchesAnalytical1DDiffusionProfile ........................................   Passed    0.30 sec
          Start  961: EnergyEquationDiffusionTest.MismatchedTemperatureSizeThrows
1317/1820 Test #1076: KEpsilonModelTest.NameIsKEpsilon .........................................................................   Passed    0.30 sec
          Start 1769: SpeciesDiffusionValidation.Grid40MatchesAnalyticalSlabProfile
1318/1820 Test  #525: MomentumDiffusionTest.NonFiniteOrNonPositiveEffectiveViscosityFieldThrows ................................   Passed    0.30 sec
          Start  588: MomentumVariableViscosityTest.StrongTemperatureContrastIncreasesLocalDiffusionAsymmetrically
1319/1820 Test #1023: RegionAwareThermalDiffusionTest.MismatchedTemperatureSizeThrows ..........................................   Passed    0.30 sec
          Start 1078: KEpsilonModelTest.InitializedToConfiguredValuesEverywhere
1320/1820 Test #1553: PisoTest.RepeatedIdenticalTimestepIsBitIdentical .........................................................   Passed    0.30 sec
          Start 1143: SSTModelTest.FieldsSizedToMeshAtConstruction
1321/1820 Test #1284: CompressibleContinuityTest.CombinedTimeAndFluxHandDerived ................................................   Passed    0.30 sec
          Start  674: TurbulenceCaseTest.ParsesSSTConfigWhenEnabled
1322/1820 Test  #784: JSONWriterTest.ThermalEnabledIsFalseByDefault ............................................................   Passed    0.30 sec
          Start 1132: SSTEquationTest.F1ApproachesOneVeryNearAWall
1323/1820 Test #1191: SpeciesEquationAssemblyTest.RepeatedAssemblyIsDeterministic ..............................................   Passed    0.30 sec
          Start  981: EnergyEquationVariablePropertiesTest.DiffusionUniformFieldMatchesScalarOverloadExactly
1324/1820 Test #1520: TransientPressureCorrectionTest.SmallerDeltaTGivesSmallerResponseCoefficientEverywhere ...................   Passed    0.30 sec
          Start  977: EnergyEquationAssemblyTest.NonFiniteMassFluxThrowsInvalidArgumentError
1325/1820 Test  #960: EnergyEquationDiffusionTest.DiagonalIsFinitePositiveAndNonzero ...........................................   Passed    0.31 sec
          Start 1178: SpeciesEquationDiffusionTest.ZeroDiffusionCoefficientGivesZeroDiffusiveContribution
1326/1820 Test #1010: ThermalRegionMapTest.ConstructsAndReportsCellRegions .....................................................   Passed    0.30 sec
          Start 1521: TransientPressureCorrectionTest.TwoCellProbeWithTransientDiagonalMatchesHandDerivation
1327/1820 Test #1094: KOmegaEquationTest.KSourceMatchesHandDerivedExample ......................................................   Passed    0.30 sec
          Start 1129: SSTEquationTest.CrossDiffusionSourceCanBeNegative
1328/1820 Test  #523: MomentumDiffusionTest.NonUniformEffectiveViscosityChangesDiffusionCoefficients ...........................   Passed    0.30 sec
          Start 1126: SSTEquationTest.CrossDiffusionSourceVanishesAtF1EqualsOne
1329/1820 Test #1036: TurbulenceModelTest.PositiveTurbulentViscosityIsAccepted .................................................   Passed    0.30 sec
          Start 1111: WallDistanceTest.InletOutletSymmetryAreNeverMistakenForWalls
1330/1820 Test  #982: EnergyEquationVariablePropertiesTest.DiffusionInternalFaceMatchesHandDerivedValue ........................   Passed    0.29 sec
          Start 1510: TransientMomentumTermTest.RejectsSizeMismatch
1331/1820 Test  #965: EnergyEquationConvectionTest.ConstantTemperatureWithDivergenceFreeFluxGivesZeroNetContribution ...........   Passed    0.29 sec
          Start 1516: TransientMomentumPredictorProbeTest.PredictorVelocityIsFiniteFromRest
1332/1820 Test  #961: EnergyEquationDiffusionTest.MismatchedTemperatureSizeThrows ..............................................   Passed    0.28 sec
          Start 1517: TransientMomentumPredictorProbeTest.PredictorFluxIsFiniteAndRespectsWallImpermeability
1333/1820 Test #1769: SpeciesDiffusionValidation.Grid40MatchesAnalyticalSlabProfile ............................................   Passed    0.28 sec
          Start  224: SparseMatrixTest.RejectsNonZeroFirstRowOffset
1334/1820 Test  #588: MomentumVariableViscosityTest.StrongTemperatureContrastIncreasesLocalDiffusionAsymmetrically .............   Passed    0.29 sec
          Start 1421: PressureCorrectionTest.MismatchedReferenceCellThrows
1335/1820 Test #1078: KEpsilonModelTest.InitializedToConfiguredValuesEverywhere ................................................   Passed    0.29 sec
          Start  324: BoundaryConditionSetTest.ReplaceOverwritesExistingAssignment
1336/1820 Test #1143: SSTModelTest.FieldsSizedToMeshAtConstruction .............................................................   Passed    0.28 sec
          Start 1113: WallDistanceTest.RejectsNoWallPatches
1337/1820 Test  #674: TurbulenceCaseTest.ParsesSSTConfigWhenEnabled ............................................................   Passed    0.28 sec
          Start 1524: TransientPressureCorrectionTest.RepeatedPipelineRunIsBitIdentical
1338/1820 Test #1132: SSTEquationTest.F1ApproachesOneVeryNearAWall .............................................................   Passed    0.28 sec
          Start 1513: TransientMomentumAssemblyTest.RejectsVelocityPressureSizeMismatch
1339/1820 Test  #981: EnergyEquationVariablePropertiesTest.DiffusionUniformFieldMatchesScalarOverloadExactly ...................   Passed    0.28 sec
          Start 1127: SSTEquationTest.CrossDiffusionSourceIsFullWeightAtF1EqualsZero
1340/1820 Test  #977: EnergyEquationAssemblyTest.NonFiniteMassFluxThrowsInvalidArgumentError ...................................   Passed    0.28 sec
          Start 1514: TransientMomentumAssemblyTest.RejectsMassFluxSizeMismatch
1341/1820 Test #1178: SpeciesEquationDiffusionTest.ZeroDiffusionCoefficientGivesZeroDiffusiveContribution ......................   Passed    0.28 sec
          Start  891: TransientSolverTest.DtSequenceMatchesTimeControllerIncludingShortenedFinalStep
1342/1820 Test #1521: TransientPressureCorrectionTest.TwoCellProbeWithTransientDiagonalMatchesHandDerivation ...................   Passed    0.28 sec
          Start  867: TimeControllerTest.MaximumStepTerminationStopsBeforeEndTime
1343/1820 Test #1129: SSTEquationTest.CrossDiffusionSourceCanBeNegative ........................................................   Passed    0.28 sec
          Start 1512: TransientMomentumAssemblyTest.DiagonalIncludesExactTransientCoefficient
1344/1820 Test #1126: SSTEquationTest.CrossDiffusionSourceVanishesAtF1EqualsOne ................................................   Passed    0.28 sec
          Start  212: AlgebraVector.SizeMismatchRejected
1345/1820 Test #1111: WallDistanceTest.InletOutletSymmetryAreNeverMistakenForWalls .............................................   Passed    0.29 sec
          Start  480: TimeDerivativeTest.ExactCoefficientsForSingleCell
1346/1820 Test #1510: TransientMomentumTermTest.RejectsSizeMismatch ............................................................   Passed    0.28 sec
          Start  166: Field.DefaultConstructionIsEmpty
1347/1820 Test #1516: TransientMomentumPredictorProbeTest.PredictorVelocityIsFiniteFromRest ....................................   Passed    0.29 sec
          Start 1511: TransientMomentumAssemblyTest.PreviousComponentValueIsNotMutated
1348/1820 Test #1517: TransientMomentumPredictorProbeTest.PredictorFluxIsFiniteAndRespectsWallImpermeability ...................   Passed    0.28 sec
          Start 1515: TransientMomentumAssemblyTest.RejectsNonPositiveOrNonFiniteDt
1349/1820 Test  #224: SparseMatrixTest.RejectsNonZeroFirstRowOffset ............................................................   Passed    0.27 sec
          Start  315: InletTest.RejectsNonFiniteVelocity
1350/1820 Test #1421: PressureCorrectionTest.MismatchedReferenceCellThrows .....................................................   Passed    0.28 sec
          Start  873: TimeControllerTest.RejectsNonFiniteInputs
1351/1820 Test  #324: BoundaryConditionSetTest.ReplaceOverwritesExistingAssignment .............................................   Passed    0.28 sec
          Start  524: MomentumDiffusionTest.MismatchedEffectiveViscosityFieldSizeThrows
1352/1820 Test #1113: WallDistanceTest.RejectsNoWallPatches ....................................................................   Passed    0.29 sec
          Start  325: BoundaryConditionSetTest.MissingPatchesReportsUnassignedPatches
1353/1820 Test #1524: TransientPressureCorrectionTest.RepeatedPipelineRunIsBitIdentical ........................................   Passed    0.29 sec
          Start  246: CGTest.ZeroRhsConvergesImmediately
1354/1820 Test #1513: TransientMomentumAssemblyTest.RejectsVelocityPressureSizeMismatch ........................................   Passed    0.29 sec
          Start 1508: TransientMomentumTermTest.RhsGetsSourceContributionAddedExactly
1355/1820 Test #1127: SSTEquationTest.CrossDiffusionSourceIsFullWeightAtF1EqualsZero ...........................................   Passed    0.29 sec
          Start 1523: TransientPressureCorrectionTest.PreviousStateAndInputsAreNotMutatedByThePipeline
1356/1820 Test #1514: TransientMomentumAssemblyTest.RejectsMassFluxSizeMismatch ................................................   Passed    0.29 sec
          Start 1771: SpeciesDiffusionValidation.GlobalDiffusiveFluxBalanceIsExact
1357/1820 Test  #891: TransientSolverTest.DtSequenceMatchesTimeControllerIncludingShortenedFinalStep ...........................   Passed    0.29 sec
          Start  310: MovingWallTest.CavityTopWallIsImpermeableAndTangential
1358/1820 Test  #867: TimeControllerTest.MaximumStepTerminationStopsBeforeEndTime ..............................................   Passed    0.28 sec
          Start   39: MeshCell.StoresIdCentroidAndVolume
1359/1820 Test #1512: TransientMomentumAssemblyTest.DiagonalIncludesExactTransientCoefficient ..................................   Passed    0.28 sec
          Start  889: CFLTest.RepeatedCallsAreDeterministic
1360/1820 Test  #212: AlgebraVector.SizeMismatchRejected .......................................................................   Passed    0.28 sec
          Start  882: CFLTest.HalvingDtHalvesCFL
1361/1820 Test  #480: TimeDerivativeTest.ExactCoefficientsForSingleCell ........................................................   Passed    0.29 sec
          Start  624: CaseValidationTest.UnsupportedMeshTypeIsRejected
1362/1820 Test  #166: Field.DefaultConstructionIsEmpty .........................................................................   Passed    0.28 sec
          Start  482: TimeDerivativeTest.PreviousFieldIsNotMutated
1363/1820 Test #1511: TransientMomentumAssemblyTest.PreviousComponentValueIsNotMutated .........................................   Passed    0.28 sec
          Start  180: ScalarFieldTest.ElementwiseSubtraction
1364/1820 Test #1515: TransientMomentumAssemblyTest.RejectsNonPositiveOrNonFiniteDt ............................................   Passed    0.30 sec
          Start 1518: TransientMomentumPredictorProbeTest.RepeatedPredictorSolveIsBitIdentical
1365/1820 Test  #315: InletTest.RejectsNonFiniteVelocity .......................................................................   Passed    0.30 sec
          Start  884: CFLTest.MaxMeanAndMaxCellForNonUniformFlux
1366/1820 Test  #873: TimeControllerTest.RejectsNonFiniteInputs ................................................................   Passed    0.29 sec
          Start  174: Field.FillOverwritesAllElements
1367/1820 Test  #524: MomentumDiffusionTest.MismatchedEffectiveViscosityFieldSizeThrows ........................................   Passed    0.30 sec
          Start  892: TransientSolverTest.MaxTimeStepsStopsBeforeReachingEndTime
1368/1820 Test  #325: BoundaryConditionSetTest.MissingPatchesReportsUnassignedPatches ..........................................   Passed    0.28 sec
          Start 1400: SIMPLESettingsTest.RejectsZeroVelocityRelaxation
1369/1820 Test  #246: CGTest.ZeroRhsConvergesImmediately .......................................................................   Passed    0.28 sec
          Start  896: TransientSolverTest.InvalidConfigurationFromStepperPropagates
1370/1820 Test #1508: TransientMomentumTermTest.RhsGetsSourceContributionAddedExactly ..........................................   Passed    0.28 sec
          Start  899: TransientSolverTest.RejectsNonPositiveOrNonFiniteCflFailAbove
1371/1820 Test #1523: TransientPressureCorrectionTest.PreviousStateAndInputsAreNotMutatedByThePipeline .........................   Passed    0.28 sec
          Start   49: MeshBoundaryPatch.AllowsEmptyFaceList
1372/1820 Test #1771: SpeciesDiffusionValidation.GlobalDiffusiveFluxBalanceIsExact .............................................   Passed    0.27 sec
          Start 1406: SIMPLESettingsTest.RejectsNegativePressureTolerance
1373/1820 Test  #310: MovingWallTest.CavityTopWallIsImpermeableAndTangential ...................................................   Passed    0.27 sec
          Start  515: ContinuityEquationTest.NonSolenoidalFieldIsDetected
1374/1820 Test   #39: MeshCell.StoresIdCentroidAndVolume .......................................................................   Passed    0.27 sec
          Start 1509: TransientMomentumTermTest.OffDiagonalCoefficientsAreUnchanged
1375/1820 Test  #889: CFLTest.RepeatedCallsAreDeterministic ....................................................................   Passed    0.27 sec
          Start  781: JSONWriterTest.FinalResidualsAndMassImbalanceAreCorrect
1376/1820 Test  #882: CFLTest.HalvingDtHalvesCFL ...............................................................................   Passed    0.26 sec
          Start  208: AlgebraVector.ScalarDivision
1377/1820 Test  #624: CaseValidationTest.UnsupportedMeshTypeIsRejected .........................................................   Passed    0.26 sec
          Start  497: FluidPropertiesTest.RejectsZeroDensity
1378/1820 Test  #482: TimeDerivativeTest.PreviousFieldIsNotMutated .............................................................   Passed    0.27 sec
          Start  171: Field.CheckedAccessThrowsOutOfRange
1379/1820 Test  #180: ScalarFieldTest.ElementwiseSubtraction ...................................................................   Passed    0.26 sec
          Start 1424: PressureCorrectionTest.OpenBoundaryDoesNotForceReferenceCellRow
1380/1820 Test #1518: TransientMomentumPredictorProbeTest.RepeatedPredictorSolveIsBitIdentical .................................   Passed    0.27 sec
          Start 1507: TransientMomentumTermTest.DiagonalGetsTimeCoefficientAddedExactly
1381/1820 Test  #884: CFLTest.MaxMeanAndMaxCellForNonUniformFlux ...............................................................   Passed    0.26 sec
          Start  242: CGTest.IdentityMatrixSolvesImmediately
1382/1820 Test  #174: Field.FillOverwritesAllElements ..........................................................................   Passed    0.25 sec
          Start  897: TransientSolverTest.CatchesNonFiniteStateEvenWhenStepperClaimsConverged
1383/1820 Test  #892: TransientSolverTest.MaxTimeStepsStopsBeforeReachingEndTime ...............................................   Passed    0.26 sec
          Start 1445: SIMPLEFailureTest.OutOfRangeReferenceCellReportsInvalidConfiguration
1384/1820 Test #1400: SIMPLESettingsTest.RejectsZeroVelocityRelaxation .........................................................   Passed    0.26 sec
          Start  886: CFLTest.RejectsNonPositiveDt
1385/1820 Test  #896: TransientSolverTest.InvalidConfigurationFromStepperPropagates ............................................   Passed    0.26 sec
          Start  197: FieldArithmetic.ScalarFieldMismatchLeavesOperandUnchanged
1386/1820 Test  #899: TransientSolverTest.RejectsNonPositiveOrNonFiniteCflFailAbove ............................................   Passed    0.28 sec
          Start  881: CFLTest.ZeroVelocityGivesZeroCFL
1387/1820 Test   #49: MeshBoundaryPatch.AllowsEmptyFaceList ....................................................................   Passed    0.29 sec
          Start  211: AlgebraVector.Norms
1388/1820 Test #1406: SIMPLESettingsTest.RejectsNegativePressureTolerance ......................................................   Passed    0.29 sec
          Start  796: VTKWriterTest.CellDataSectionHasPressureVelocityThenMagnitudeInOrder
1389/1820 Test  #515: ContinuityEquationTest.NonSolenoidalFieldIsDetected ......................................................   Passed    0.32 sec
          Start  900: TransientSolverTest.RepeatedRunsAreDeterministic
1390/1820 Test #1509: TransientMomentumTermTest.OffDiagonalCoefficientsAreUnchanged ............................................   Passed    0.32 sec
          Start  888: CFLTest.RejectsNonFiniteOrNonPositiveDensity
1391/1820 Test  #781: JSONWriterTest.FinalResidualsAndMassImbalanceAreCorrect ..................................................   Passed    0.33 sec
          Start  898: TransientSolverTest.StepExceedingCflFailAboveIsRejected
1392/1820 Test  #208: AlgebraVector.ScalarDivision .............................................................................   Passed    0.32 sec
          Start  795: VTKWriterTest.CellCountAndConnectivityAreCorrectFor2x2
1393/1820 Test  #497: FluidPropertiesTest.RejectsZeroDensity ...................................................................   Passed    0.33 sec
          Start   53: Mesh.BoundaryPatchLookupByName
1394/1820 Test  #171: Field.CheckedAccessThrowsOutOfRange ......................................................................   Passed    0.33 sec
          Start  605: CaseReaderTest.MissingCaseDirectoryThrowsIOError
1395/1820 Test #1424: PressureCorrectionTest.OpenBoundaryDoesNotForceReferenceCellRow ..........................................   Passed    0.33 sec
          Start  894: TransientSolverTest.PressureCorrectionFailurePropagates
1396/1820 Test #1507: TransientMomentumTermTest.DiagonalGetsTimeCoefficientAddedExactly ........................................   Passed    0.33 sec
          Start  887: CFLTest.RejectsNonFiniteDt
1397/1820 Test  #242: CGTest.IdentityMatrixSolvesImmediately ...................................................................   Passed    0.33 sec
          Start  868: TimeControllerTest.ReachedEndTimeDistinguishesCompletionFromMaxSteps
1398/1820 Test  #897: TransientSolverTest.CatchesNonFiniteStateEvenWhenStepperClaimsConverged ..................................   Passed    0.34 sec
          Start  895: TransientSolverTest.StepReportedNonFiniteStatePropagates
1399/1820 Test #1445: SIMPLEFailureTest.OutOfRangeReferenceCellReportsInvalidConfiguration .....................................   Passed    0.33 sec
          Start  880: CFLTest.ExactValueForOneDEquivalentCase
1400/1820 Test  #886: CFLTest.RejectsNonPositiveDt .............................................................................   Passed    0.33 sec
          Start  883: CFLTest.DoublingVelocityDoublesCFL
1401/1820 Test  #197: FieldArithmetic.ScalarFieldMismatchLeavesOperandUnchanged ................................................   Passed    0.31 sec
          Start  890: TransientSolverTest.CompletesAndThreadsStateThroughEveryStep
1402/1820 Test  #881: CFLTest.ZeroVelocityGivesZeroCFL .........................................................................   Passed    0.32 sec
          Start  893: TransientSolverTest.FailedStepIsNotAcceptedAndStopsTheRun
1403/1820 Test  #211: AlgebraVector.Norms ......................................................................................   Passed    0.32 sec
          Start  483: TimeDerivativeTest.RejectsFieldSizeMismatch
1404/1820 Test  #796: VTKWriterTest.CellDataSectionHasPressureVelocityThenMagnitudeInOrder .....................................   Passed    0.30 sec
          Start  611: CaseReaderTest.ManifestCanReferenceAlternativeFilenames
1405/1820 Test  #900: TransientSolverTest.RepeatedRunsAreDeterministic .........................................................   Passed    0.29 sec
          Start 1419: PressureCorrectionTest.NonReferenceRowsConserveConstantInput
1406/1820 Test  #888: CFLTest.RejectsNonFiniteOrNonPositiveDensity .............................................................   Passed    0.27 sec
          Start  486: TimeDerivativeTest.RejectsNonFiniteDeltaT
1407/1820 Test  #898: TransientSolverTest.StepExceedingCflFailAboveIsRejected ..................................................   Passed    0.28 sec
          Start  885: CFLTest.RejectsFaceFluxSizeMismatch
1408/1820 Test  #795: VTKWriterTest.CellCountAndConnectivityAreCorrectFor2x2 ...................................................   Passed    0.28 sec
          Start 1448: SIMPLEDeterminismTest.RepeatedSolveIsBitIdentical
1409/1820 Test   #53: Mesh.BoundaryPatchLookupByName ...........................................................................   Passed    0.29 sec
          Start  196: FieldArithmetic.ScalarFieldRejectsSizeMismatch
1410/1820 Test  #605: CaseReaderTest.MissingCaseDirectoryThrowsIOError .........................................................   Passed    0.29 sec
          Start  487: TimeDerivativeTest.ImplicitEulerOdeConvergesAtFirstOrder
1411/1820 Test  #894: TransientSolverTest.PressureCorrectionFailurePropagates ..................................................   Passed    0.29 sec
          Start  485: TimeDerivativeTest.RejectsNonFiniteOrNonPositiveDensity
1412/1820 Test  #887: CFLTest.RejectsNonFiniteDt ...............................................................................   Passed    0.29 sec
          Start  647: CaseBuilderTest.BuildsExpectedMeshFluidAndInitialFields
1413/1820 Test  #868: TimeControllerTest.ReachedEndTimeDistinguishesCompletionFromMaxSteps .....................................   Passed    0.28 sec
          Start  168: Field.InitializedConstructionFillsValue
1414/1820 Test  #895: TransientSolverTest.StepReportedNonFiniteStatePropagates .................................................   Passed    0.28 sec
          Start  207: AlgebraVector.ScalarMultiplicationBothOrders
1415/1820 Test  #880: CFLTest.ExactValueForOneDEquivalentCase ..................................................................   Passed    0.28 sec
          Start 1407: SIMPLESettingsTest.RejectsNonFiniteContinuityTolerance
1416/1820 Test  #883: CFLTest.DoublingVelocityDoublesCFL .......................................................................   Passed    0.29 sec
          Start  481: TimeDerivativeTest.DifferentVolumesScaleDiagonalAndSourceIndependently
1417/1820 Test  #890: TransientSolverTest.CompletesAndThreadsStateThroughEveryStep .............................................   Passed    0.29 sec
          Start  226: SparseMatrixTest.RejectsOutOfRangeColumn
1418/1820 Test  #893: TransientSolverTest.FailedStepIsNotAcceptedAndStopsTheRun ................................................   Passed    0.29 sec
          Start  170: Field.CheckedAccessWorksInRange
1419/1820 Test  #483: TimeDerivativeTest.RejectsFieldSizeMismatch ..............................................................   Passed    0.30 sec
          Start  484: TimeDerivativeTest.RejectsNonPositiveDeltaT
1420/1820 Test  #611: CaseReaderTest.ManifestCanReferenceAlternativeFilenames ..................................................   Passed    0.29 sec
          Start  512: ContinuityEquationTest.UniformChannelHasLocalBalanceEverywhere
1421/1820 Test #1419: PressureCorrectionTest.NonReferenceRowsConserveConstantInput .............................................   Passed    0.30 sec
          Start   17: CoreConstants.ToleranceOrdering
1422/1820 Test  #486: TimeDerivativeTest.RejectsNonFiniteDeltaT ................................................................   Passed    0.29 sec
          Start  508: MassFluxTest.ChannelMassBalanceExample
1423/1820 Test  #885: CFLTest.RejectsFaceFluxSizeMismatch ......................................................................   Passed    0.30 sec
          Start  218: SparseMatrixTest.MultiplyRejectsSizeMismatch
1424/1820 Test #1448: SIMPLEDeterminismTest.RepeatedSolveIsBitIdentical ........................................................   Passed    0.29 sec
          Start  650: CaseBuilderTest.SolvedResultMatchesManualSetupBitForBit
1425/1820 Test  #196: FieldArithmetic.ScalarFieldRejectsSizeMismatch ...........................................................   Passed    0.29 sec
          Start  365: GradientTest.PhiXGivesGradientOneZero
1426/1820 Test  #487: TimeDerivativeTest.ImplicitEulerOdeConvergesAtFirstOrder .................................................   Passed    0.29 sec
          Start  216: SparseMatrixTest.BuilderDropsExactZeroSums
1427/1820 Test  #485: TimeDerivativeTest.RejectsNonFiniteOrNonPositiveDensity ..................................................   Passed    0.29 sec
          Start  871: TimeControllerTest.RejectsEndTimeBeforeStartTime
1428/1820 Test  #647: CaseBuilderTest.BuildsExpectedMeshFluidAndInitialFields ..................................................   Passed    0.29 sec
          Start  318: SymmetryTest.RightPlaneRemovesNormalComponent
1429/1820 Test  #168: Field.InitializedConstructionFillsValue ..................................................................   Passed    0.29 sec
          Start  529: MomentumConvectionTest.ConstantFieldGivesZeroNetContribution
1430/1820 Test  #207: AlgebraVector.ScalarMultiplicationBothOrders .............................................................   Passed    0.30 sec
          Start  625: CaseValidationTest.ZeroNxIsRejected
1431/1820 Test #1407: SIMPLESettingsTest.RejectsNonFiniteContinuityTolerance ...................................................   Passed    0.30 sec
          Start  536: MomentumPressureTest.AddingConstantToPressureDoesNotChangeSource
1432/1820 Test  #481: TimeDerivativeTest.DifferentVolumesScaleDiagonalAndSourceIndependently ...................................   Passed    0.30 sec
          Start 1410: MomentumPredictorRelaxationTest.RelaxedSourceMatchesDerivationExactly
1433/1820 Test  #226: SparseMatrixTest.RejectsOutOfRangeColumn .................................................................   Passed    0.30 sec
          Start  424: ConvectionTest.BoundaryInflowUsesGhostReflectedValue
1434/1820 Test  #170: Field.CheckedAccessWorksInRange ..........................................................................   Passed    0.30 sec
          Start 1399: SIMPLESettingsTest.RejectsZeroMaxIterations
1435/1820 Test  #484: TimeDerivativeTest.RejectsNonPositiveDeltaT ..............................................................   Passed    0.31 sec
          Start  314: InletTest.InflowDotProductWithOutwardNormalIsNegative
1436/1820 Test  #512: ContinuityEquationTest.UniformChannelHasLocalBalanceEverywhere ...........................................   Passed    0.30 sec
          Start  612: CaseReaderTest.UnsupportedFormatVersionThrowsCaseConfigurationError
1437/1820 Test   #17: CoreConstants.ToleranceOrdering ..........................................................................   Passed    0.31 sec
          Start  206: AlgebraVector.Subtraction
1438/1820 Test  #508: MassFluxTest.ChannelMassBalanceExample ...................................................................   Passed    0.31 sec
          Start   42: MeshCell.RejectsNonFiniteGeometry
1439/1820 Test  #218: SparseMatrixTest.MultiplyRejectsSizeMismatch .............................................................   Passed    0.31 sec
          Start  540: MomentumAssemblyTest.CavityAssemblyIsFiniteWithLidForcingOnUOnly
1440/1820 Test  #650: CaseBuilderTest.SolvedResultMatchesManualSetupBitForBit ..................................................   Passed    0.31 sec
          Start 1441: SIMPLEFailureTest.PressureSolverTooFewIterationsReportsPressureCorrectionFailure
1441/1820 Test  #365: GradientTest.PhiXGivesGradientOneZero ....................................................................   Passed    0.31 sec
          Start 1436: SIMPLEContinuityTest.GlobalMassImbalanceStaysNearZeroForClosedDomain
1442/1820 Test  #216: SparseMatrixTest.BuilderDropsExactZeroSums ...............................................................   Passed    0.31 sec
          Start  636: CaseValidationTest.WallWithUnexpectedVelocityValueIsRejected
1443/1820 Test  #871: TimeControllerTest.RejectsEndTimeBeforeStartTime .........................................................   Passed    0.31 sec
          Start  766: CSVWriterTest.WriteResidualsInconsistentHistoryLengthsThrows
1444/1820 Test  #318: SymmetryTest.RightPlaneRemovesNormalComponent ............................................................   Passed    0.31 sec
          Start  763: CSVWriterTest.WriteResidualsHeaderAndRowCount
1445/1820 Test  #529: MomentumConvectionTest.ConstantFieldGivesZeroNetContribution .............................................   Passed    0.30 sec
          Start 1425: VelocityCorrectionTest.ConstantPressureCorrectionGivesZeroVelocityCorrection
1446/1820 Test  #625: CaseValidationTest.ZeroNxIsRejected ......................................................................   Passed    0.30 sec
          Start  870: TimeControllerTest.RejectsNonPositiveDeltaT
1447/1820 Test  #536: MomentumPressureTest.AddingConstantToPressureDoesNotChangeSource .........................................   Passed    0.30 sec
          Start  367: GradientTest.QuadraticFieldMatchesAnalyticalGradient
1448/1820 Test #1410: MomentumPredictorRelaxationTest.RelaxedSourceMatchesDerivationExactly ....................................   Passed    0.30 sec
          Start  203: FieldArithmetic.TwentyByTwentyMeshIntegration
1449/1820 Test  #424: ConvectionTest.BoundaryInflowUsesGhostReflectedValue .....................................................   Passed    0.29 sec
          Start  321: SymmetryTest.RejectsNonUnitNormal
1450/1820 Test #1399: SIMPLESettingsTest.RejectsZeroMaxIterations ..............................................................   Passed    0.29 sec
          Start  215: SparseMatrixTest.BuilderSumsDuplicateContributions
1451/1820 Test  #314: InletTest.InflowDotProductWithOutwardNormalIsNegative ....................................................   Passed    0.29 sec
          Start  509: MassFluxTest.MismatchedVelocitySizeThrows
1452/1820 Test  #612: CaseReaderTest.UnsupportedFormatVersionThrowsCaseConfigurationError ......................................   Passed    0.29 sec
          Start  864: TimeControllerTest.InexactDeltaTDoesNotProduceAnExtraTinyStep
1453/1820 Test  #206: AlgebraVector.Subtraction ................................................................................   Passed    0.28 sec
          Start  190: VectorFieldTest.ScalarDivision
1454/1820 Test   #42: MeshCell.RejectsNonFiniteGeometry ........................................................................   Passed    0.29 sec
          Start 1409: MomentumPredictorRelaxationTest.RelaxedDiagonalMatchesAPOverAlphaExactly
1455/1820 Test  #540: MomentumAssemblyTest.CavityAssemblyIsFiniteWithLidForcingOnUOnly .........................................   Passed    0.29 sec
          Start 1414: MomentumPredictorRelaxationTest.RejectsMismatchedPreviousValueSize
1456/1820 Test #1441: SIMPLEFailureTest.PressureSolverTooFewIterationsReportsPressureCorrectionFailure .........................   Passed    0.29 sec
          Start  234: JacobiTest.DiagonalMatrixExactInverse
1457/1820 Test #1436: SIMPLEContinuityTest.GlobalMassImbalanceStaysNearZeroForClosedDomain .....................................   Passed    0.28 sec
          Start   16: CoreConstants.DerivedAnglesAreConsistent
1458/1820 Test  #636: CaseValidationTest.WallWithUnexpectedVelocityValueIsRejected .............................................   Passed    0.27 sec
          Start 1423: PressureCorrectionTest.OpenBoundaryDirichletCouplingMatchesHandDerivation
1459/1820 Test  #766: CSVWriterTest.WriteResidualsInconsistentHistoryLengthsThrows .............................................   Passed    0.28 sec
          Start  861: TimeControllerTest.StepCounterIncrementsOncePerAdvance
1460/1820 Test  #763: CSVWriterTest.WriteResidualsHeaderAndRowCount ............................................................   Passed    0.27 sec
          Start  177: ScalarFieldTest.MutationIsIndependentAfterCopy
1461/1820 Test #1425: VelocityCorrectionTest.ConstantPressureCorrectionGivesZeroVelocityCorrection .............................   Passed    0.26 sec
          Start  502: FluidPropertiesTest.RejectsNonFiniteViscosity
1462/1820 Test  #870: TimeControllerTest.RejectsNonPositiveDeltaT ..............................................................   Passed    0.25 sec
          Start  869: TimeControllerTest.AdvanceAfterFinishedThrows
1463/1820 Test  #367: GradientTest.QuadraticFieldMatchesAnalyticalGradient .....................................................   Passed    0.25 sec
          Start  306: FixedGradientTest.RejectsNonFiniteGradient
1464/1820 Test  #203: FieldArithmetic.TwentyByTwentyMeshIntegration ............................................................   Passed    0.25 sec
          Start  862: TimeControllerTest.FinalStepIsShortenedToLandExactlyOnEndTime
1465/1820 Test  #321: SymmetryTest.RejectsNonUnitNormal ........................................................................   Passed    0.27 sec
          Start 1729: ResultExportIntegrationTest.CsvFieldsMatchSimpleResultExactly
1466/1820 Test  #215: SparseMatrixTest.BuilderSumsDuplicateContributions .......................................................   Passed    0.28 sec
          Start  210: AlgebraVector.DotProduct
1467/1820 Test  #509: MassFluxTest.MismatchedVelocitySizeThrows ................................................................   Passed    0.27 sec
          Start 1733: ResultExportIntegrationTest.RepeatedExportIsByteIdenticalAcrossAllFiles
1468/1820 Test  #864: TimeControllerTest.InexactDeltaTDoesNotProduceAnExtraTinyStep ............................................   Passed    0.28 sec
          Start  777: JSONWriterTest.RequiredKeysExist
1469/1820 Test  #190: VectorFieldTest.ScalarDivision ...........................................................................   Passed    0.28 sec
          Start  628: CaseValidationTest.NonPositiveDensityIsRejected
1470/1820 Test #1409: MomentumPredictorRelaxationTest.RelaxedDiagonalMatchesAPOverAlphaExactly .................................   Passed    0.28 sec
          Start  500: FluidPropertiesTest.RejectsNegativeViscosity
1471/1820 Test #1414: MomentumPredictorRelaxationTest.RejectsMismatchedPreviousValueSize .......................................   Passed    0.29 sec
          Start  247: CGTest.ExactInitialGuessConvergesAtIterationZero
1472/1820 Test  #234: JacobiTest.DiagonalMatrixExactInverse ....................................................................   Passed    0.28 sec
          Start   58: MeshGeometry.OwnerNeighborDistanceRejectsBoundaryFace
1473/1820 Test   #16: CoreConstants.DerivedAnglesAreConsistent .................................................................   Passed    0.29 sec
          Start  517: MomentumDiffusionTest.ConstantVelocityGivesZeroContributionEverywhere
1474/1820 Test #1423: PressureCorrectionTest.OpenBoundaryDirichletCouplingMatchesHandDerivation ................................   Passed    0.29 sec
          Start  179: ScalarFieldTest.ElementwiseAddition
1475/1820 Test  #861: TimeControllerTest.StepCounterIncrementsOncePerAdvance ...................................................   Passed    0.29 sec
          Start  860: TimeControllerTest.NormalSteppingUsesNominalDeltaT
1476/1820 Test  #177: ScalarFieldTest.MutationIsIndependentAfterCopy ...........................................................   Passed    0.29 sec
          Start  248: CGTest.MaxIterationsReportsFailureNotSuccess
1477/1820 Test  #502: FluidPropertiesTest.RejectsNonFiniteViscosity ............................................................   Passed    0.30 sec
          Start   29: CoreTimer.ElapsedTimeIncreases
1478/1820 Test  #869: TimeControllerTest.AdvanceAfterFinishedThrows ............................................................   Passed    0.30 sec
          Start  642: CaseValidationTest.ZeroRelaxationIsRejected
1479/1820 Test  #306: FixedGradientTest.RejectsNonFiniteGradient ...............................................................   Passed    0.28 sec
          Start  779: JSONWriterTest.SolverStatusAndIterationsAreCorrect
1480/1820 Test  #862: TimeControllerTest.FinalStepIsShortenedToLandExactlyOnEndTime ............................................   Passed    0.28 sec
          Start  204: AlgebraVector.ConstructionAndInitialization
1481/1820 Test #1729: ResultExportIntegrationTest.CsvFieldsMatchSimpleResultExactly ............................................   Passed    0.26 sec
          Start  191: VectorFieldTest.DivisionByZeroThrows
1482/1820 Test  #210: AlgebraVector.DotProduct .................................................................................   Passed    0.27 sec
          Start  322: BoundaryConditionSetTest.RejectsUnknownPatch
1483/1820 Test #1733: ResultExportIntegrationTest.RepeatedExportIsByteIdenticalAcrossAllFiles ..................................   Passed    0.27 sec
          Start   26: LoggerTest.MessagesBelowLevelAreFiltered
1484/1820 Test  #777: JSONWriterTest.RequiredKeysExist .........................................................................   Passed    0.26 sec
          Start   24: LoggerTest.LevelCanBeChanged
1485/1820 Test  #628: CaseValidationTest.NonPositiveDensityIsRejected ..........................................................   Passed    0.27 sec
          Start   25: LoggerTest.MessagesAtOrAboveLevelAreEmittedWithPrefix
1486/1820 Test  #500: FluidPropertiesTest.RejectsNegativeViscosity .............................................................   Passed    0.25 sec
          Start  319: SymmetryTest.TopPlaneRemovesNormalComponent
1487/1820 Test  #247: CGTest.ExactInitialGuessConvergesAtIterationZero .........................................................   Passed    0.27 sec
          Start  641: CaseValidationTest.RelaxationAboveOneIsRejected
1488/1820 Test   #58: MeshGeometry.OwnerNeighborDistanceRejectsBoundaryFace ....................................................   Passed    0.26 sec
          Start   91: CartesianMesh.OneByOne
1489/1820 Test  #517: MomentumDiffusionTest.ConstantVelocityGivesZeroContributionEverywhere ....................................   Passed    0.28 sec
          Start  501: FluidPropertiesTest.RejectsNonFiniteDensity
1490/1820 Test  #179: ScalarFieldTest.ElementwiseAddition ......................................................................   Passed    0.27 sec
          Start 1731: ResultExportIntegrationTest.VtkCellCountAndFieldsMatchSimpleResultExactly
1491/1820 Test  #860: TimeControllerTest.NormalSteppingUsesNominalDeltaT .......................................................   Passed    0.28 sec
          Start 1732: ResultExportIntegrationTest.ResidualsCsvMatchesStoredHistories
1492/1820 Test  #248: CGTest.MaxIterationsReportsFailureNotSuccess .............................................................   Passed    0.27 sec
          Start  188: VectorFieldTest.ElementwiseSubtraction
1493/1820 Test   #29: CoreTimer.ElapsedTimeIncreases ...........................................................................   Passed    0.29 sec
          Start  183: ScalarFieldTest.DivisionByZeroThrows
1494/1820 Test  #642: CaseValidationTest.ZeroRelaxationIsRejected ..............................................................   Passed    0.30 sec
          Start  178: ScalarFieldTest.Fill
1495/1820 Test  #779: JSONWriterTest.SolverStatusAndIterationsAreCorrect .......................................................   Passed    0.30 sec
          Start  301: FixedValueTest.BoundaryValueIgnoresOwnerValue
1496/1820 Test  #204: AlgebraVector.ConstructionAndInitialization ..............................................................   Passed    0.30 sec
          Start  175: Field.CopyIsIndependent
1497/1820 Test  #191: VectorFieldTest.DivisionByZeroThrows .....................................................................   Passed    0.30 sec
          Start  610: CaseReaderTest.ManifestReferencingFileOutsideCaseDirectoryIsRejected
1498/1820 Test  #322: BoundaryConditionSetTest.RejectsUnknownPatch .............................................................   Passed    0.29 sec
          Start  604: CaseReaderTest.ExplicitInitialConditionsAreParsed
1499/1820 Test   #26: LoggerTest.MessagesBelowLevelAreFiltered .................................................................   Passed    0.28 sec
          Start  172: Field.IterationVisitsEveryElement
1500/1820 Test   #24: LoggerTest.LevelCanBeChanged .............................................................................   Passed    0.28 sec
          Start  797: VTKWriterTest.ZCoordinateIsAlwaysZeroFor2DMesh
1501/1820 Test   #25: LoggerTest.MessagesAtOrAboveLevelAreEmittedWithPrefix ....................................................   Passed    0.29 sec
          Start 1433: FluxCorrectionTest.ConstantPressureCorrectionGivesZeroFluxCorrectionEverywhere
1502/1820 Test  #319: SymmetryTest.TopPlaneRemovesNormalComponent ..............................................................   Passed    0.28 sec
          Start  199: FieldArithmetic.ScalarIdentities
1503/1820 Test  #641: CaseValidationTest.RelaxationAboveOneIsRejected ..........................................................   Passed    0.29 sec
          Start  633: CaseValidationTest.MissingBoundaryPatchIsRejected
1504/1820 Test   #91: CartesianMesh.OneByOne ...................................................................................   Passed    0.27 sec
          Start  608: CaseReaderTest.MalformedManifestJsonThrowsIOError
1505/1820 Test  #501: FluidPropertiesTest.RejectsNonFiniteDensity ..............................................................   Passed    0.27 sec
          Start  645: CaseValidationTest.UnsupportedLinearSolverTypeIsRejected
1506/1820 Test #1731: ResultExportIntegrationTest.VtkCellCountAndFieldsMatchSimpleResultExactly ................................   Passed    0.27 sec
          Start  874: TimeControllerTest.RepeatedRunsAreBitIdentical
1507/1820 Test #1732: ResultExportIntegrationTest.ResidualsCsvMatchesStoredHistories ...........................................   Passed    0.27 sec
          Start  198: FieldArithmetic.VectorFieldRejectsSizeMismatch
1508/1820 Test  #188: VectorFieldTest.ElementwiseSubtraction ...................................................................   Passed    0.27 sec
          Start  241: CGTest.SolvesThreeByThreeSpdSystem
1509/1820 Test  #183: ScalarFieldTest.DivisionByZeroThrows .....................................................................   Passed    0.27 sec
          Start 1426: VelocityCorrectionTest.LinearPressureCorrectionGivesExpectedComponentwiseCorrection
1510/1820 Test  #178: ScalarFieldTest.Fill .....................................................................................   Passed    0.27 sec
          Start  220: SparseMatrixTest.DiagonalLookupThrowsWhenMissing
1511/1820 Test  #301: FixedValueTest.BoundaryValueIgnoresOwnerValue ............................................................   Passed    0.26 sec
          Start 1449: SIMPLEDeterminismTest.RepeatedSolveIsBitIdenticalThirdRun
1512/1820 Test  #175: Field.CopyIsIndependent ..................................................................................   Passed    0.25 sec
          Start  195: SurfaceFieldTest.SizeMatchesTwoByTwoMeshFaceCount
1513/1820 Test  #610: CaseReaderTest.ManifestReferencingFileOutsideCaseDirectoryIsRejected .....................................   Passed    0.26 sec
          Start   15: CoreConstants.PiIsCorrect
1514/1820 Test  #604: CaseReaderTest.ExplicitInitialConditionsAreParsed ........................................................   Passed    0.27 sec
          Start  228: SparseMatrixTest.RejectsNonFiniteValues
1515/1820 Test  #172: Field.IterationVisitsEveryElement ........................................................................   Passed    0.27 sec
          Start 1430: VelocityCorrectionTest.MismatchedSizeThrows
1516/1820 Test  #797: VTKWriterTest.ZCoordinateIsAlwaysZeroFor2DMesh ...........................................................   Passed    0.27 sec
          Start   47: MeshFace.RejectsOwnerEqualToNeighbor
1517/1820 Test #1433: FluxCorrectionTest.ConstantPressureCorrectionGivesZeroFluxCorrectionEverywhere ...........................   Passed    0.28 sec
          Start  213: AlgebraVector.AllFiniteDetection
1518/1820 Test  #199: FieldArithmetic.ScalarIdentities .........................................................................   Passed    0.27 sec
          Start  514: ContinuityEquationTest.DivergenceFreeRotationalFieldGivesNearZeroImbalance
1519/1820 Test  #633: CaseValidationTest.MissingBoundaryPatchIsRejected ........................................................   Passed    0.28 sec
          Start  307: FixedGradientTest.RejectsInvalidDistance
1520/1820 Test  #608: CaseReaderTest.MalformedManifestJsonThrowsIOError ........................................................   Passed    0.28 sec
          Start 1402: SIMPLESettingsTest.RejectsVelocityRelaxationAboveOne
1521/1820 Test  #645: CaseValidationTest.UnsupportedLinearSolverTypeIsRejected .................................................   Passed    0.27 sec
          Start  783: JSONWriterTest.FormatVersionIsOne
1522/1820 Test  #874: TimeControllerTest.RepeatedRunsAreBitIdentical ...........................................................   Passed    0.29 sec
          Start  398: LaplacianTest.QuadraticFieldGivesFour
1523/1820 Test  #198: FieldArithmetic.VectorFieldRejectsSizeMismatch ...........................................................   Passed    0.29 sec
          Start  649: CaseBuilderTest.ConfigurationMatchesManualSetup
1524/1820 Test  #241: CGTest.SolvesThreeByThreeSpdSystem .......................................................................   Passed    0.29 sec
          Start  758: CSVWriterTest.WriteFieldsVelocityPressureAndMagnitudeAreCorrect
1525/1820 Test #1426: VelocityCorrectionTest.LinearPressureCorrectionGivesExpectedComponentwiseCorrection ......................   Passed    0.29 sec
          Start  182: ScalarFieldTest.ScalarDivision
1526/1820 Test  #220: SparseMatrixTest.DiagonalLookupThrowsWhenMissing .........................................................   Passed    0.29 sec
          Start  209: AlgebraVector.DivisionByZeroThrows
1527/1820 Test #1449: SIMPLEDeterminismTest.RepeatedSolveIsBitIdenticalThirdRun ................................................   Passed    0.30 sec
          Start  268: SolverDeterminismTest.CGRepeatedSolvesAreIdentical
1528/1820 Test  #195: SurfaceFieldTest.SizeMatchesTwoByTwoMeshFaceCount ........................................................   Passed    0.30 sec
          Start   21: CoreException.ConvergenceErrorIsCatchableAsNumericalError
1529/1820 Test   #15: CoreConstants.PiIsCorrect ................................................................................   Passed    0.30 sec
          Start  202: FieldArithmetic.TwoByTwoMeshIntegration
1530/1820 Test  #228: SparseMatrixTest.RejectsNonFiniteValues ..................................................................   Passed    0.30 sec
          Start  308: WallTest.VelocityIsZeroRegardlessOfOwnerValue
1531/1820 Test #1430: VelocityCorrectionTest.MismatchedSizeThrows ..............................................................   Passed    0.30 sec
          Start  169: Field.IndexingReadsAndWrites
1532/1820 Test   #47: MeshFace.RejectsOwnerEqualToNeighbor .....................................................................   Passed    0.30 sec
          Start  233: LinearSystemTest.RejectsRhsSizeMismatch
1533/1820 Test  #213: AlgebraVector.AllFiniteDetection .........................................................................   Passed    0.31 sec
          Start  496: FluidPropertiesTest.KinematicViscosityIsMuOverRho
1534/1820 Test  #514: ContinuityEquationTest.DivergenceFreeRotationalFieldGivesNearZeroImbalance ...............................   Passed    0.31 sec
          Start  232: LinearSystemTest.RejectsNonSquareMatrix
1535/1820 Test  #307: FixedGradientTest.RejectsInvalidDistance .................................................................   Passed    0.31 sec
          Start  782: JSONWriterTest.FiniteFlagReflectsActualFieldFiniteness
1536/1820 Test #1402: SIMPLESettingsTest.RejectsVelocityRelaxationAboveOne .....................................................   Passed    0.32 sec
          Start  243: CGTest.DiagonalMatrixWithJacobiPreconditioner
1537/1820 Test  #783: JSONWriterTest.FormatVersionIsOne ........................................................................   Passed    0.31 sec
          Start 1437: SIMPLEConvergenceTest.TinyFourByFourCavityConverges
1538/1820 Test  #398: LaplacianTest.QuadraticFieldGivesFour ....................................................................   Passed    0.30 sec
          Start  313: InletTest.ReturnsPrescribedVelocityExactly
1539/1820 Test  #649: CaseBuilderTest.ConfigurationMatchesManualSetup ..........................................................   Passed    0.30 sec
          Start  859: TimeControllerTest.InitialStateIsStartTimeAndStepZero
1540/1820 Test  #758: CSVWriterTest.WriteFieldsVelocityPressureAndMagnitudeAreCorrect ..........................................   Passed    0.29 sec
          Start   23: LoggerTest.DefaultableLevelRoundTrips
1541/1820 Test  #182: ScalarFieldTest.ScalarDivision ...........................................................................   Passed    0.29 sec
          Start  327: CavityBoundaryConfigurationTest.LidDrivenCavitySetup
1542/1820 Test  #209: AlgebraVector.DivisionByZeroThrows .......................................................................   Passed    0.29 sec
          Start  236: JacobiTest.RejectsZeroDiagonal
1543/1820 Test  #268: SolverDeterminismTest.CGRepeatedSolvesAreIdentical .......................................................   Passed    0.29 sec
          Start  638: CaseValidationTest.UnsupportedPressureBoundaryTypeIsRejected
1544/1820 Test   #21: CoreException.ConvergenceErrorIsCatchableAsNumericalError ................................................   Passed    0.28 sec
          Start  542: MomentumAssemblyTest.RepeatedAssemblyIsDeterministic
1545/1820 Test  #202: FieldArithmetic.TwoByTwoMeshIntegration ..................................................................   Passed    0.28 sec
          Start 1404: SIMPLESettingsTest.RejectsNonFinitePressureRelaxation
1546/1820 Test  #308: WallTest.VelocityIsZeroRegardlessOfOwnerValue ............................................................   Passed    0.28 sec
          Start  266: SolverFailureTest.InvalidInitialGuessSizeFailsCleanly
1547/1820 Test  #169: Field.IndexingReadsAndWrites .............................................................................   Passed    0.28 sec
          Start 1427: VelocityCorrectionTest.DifferentUAndVResponseCoefficientsApplyToTheirOwnComponent
1548/1820 Test  #233: LinearSystemTest.RejectsRhsSizeMismatch ..................................................................   Passed    0.27 sec
          Start  511: ContinuityEquationTest.InternalFacePairCancelsExactly
1549/1820 Test  #496: FluidPropertiesTest.KinematicViscosityIsMuOverRho ........................................................   Passed    0.28 sec
          Start  866: TimeControllerTest.StartEqualsEndIsImmediatelyFinished
1550/1820 Test  #232: LinearSystemTest.RejectsNonSquareMatrix ..................................................................   Passed    0.28 sec
          Start   40: MeshCell.AddFaceAppendsFaceIds
1551/1820 Test  #782: JSONWriterTest.FiniteFlagReflectsActualFieldFiniteness ...................................................   Passed    0.27 sec
          Start  543: MomentumAssemblyTest.UAndVSystemsAreIndependentScalarSystems
1552/1820 Test  #243: CGTest.DiagonalMatrixWithJacobiPreconditioner ............................................................   Passed    0.29 sec
          Start   14: CoreTypes.AliasesAreUsable
1553/1820 Test #1437: SIMPLEConvergenceTest.TinyFourByFourCavityConverges ......................................................   Passed    0.29 sec
          Start  863: TimeControllerTest.SequenceMatchesWorkedExample
1554/1820 Test  #313: InletTest.ReturnsPrescribedVelocityExactly ...............................................................   Passed    0.28 sec
          Start  621: CaseValidationTest.UnsupportedGeometryTypeIsRejected
1555/1820 Test  #859: TimeControllerTest.InitialStateIsStartTimeAndStepZero ....................................................   Passed    0.29 sec
          Start 1442: SIMPLEFailureTest.InvalidSettingsReportInvalidConfiguration
1556/1820 Test   #23: LoggerTest.DefaultableLevelRoundTrips ....................................................................   Passed    0.28 sec
          Start  173: Field.DataProvidesContiguousAccess
1557/1820 Test  #327: CavityBoundaryConfigurationTest.LidDrivenCavitySetup .....................................................   Passed    0.28 sec
          Start  397: LaplacianTest.PhiYHasZeroLaplacian
1558/1820 Test  #236: JacobiTest.RejectsZeroDiagonal ...........................................................................   Passed    0.29 sec
          Start  255: BiCGSTABBreakdown.Mesh004ThermalSystemsConvergeToTheRequestedTolerance
1559/1820 Test  #638: CaseValidationTest.UnsupportedPressureBoundaryTypeIsRejected .............................................   Passed    0.28 sec
          Start   31: CoreTimer.SecondsAndMillisecondsAreConsistent
1560/1820 Test  #542: MomentumAssemblyTest.RepeatedAssemblyIsDeterministic .....................................................   Passed    0.29 sec
          Start  865: TimeControllerTest.SingleStepCaseReachesEndExactly
1561/1820 Test #1404: SIMPLESettingsTest.RejectsNonFinitePressureRelaxation ....................................................   Passed    0.28 sec
          Start  205: AlgebraVector.Addition
1562/1820 Test  #266: SolverFailureTest.InvalidInitialGuessSizeFailsCleanly ....................................................   Passed    0.30 sec
          Start  311: MovingWallTest.ReturnsConfiguredVelocityRegardlessOfOwner
1563/1820 Test #1427: VelocityCorrectionTest.DifferentUAndVResponseCoefficientsApplyToTheirOwnComponent ........................   Passed    0.28 sec
          Start  521: MomentumDiffusionTest.MismatchedVelocitySizeThrows
1564/1820 Test  #511: ContinuityEquationTest.InternalFacePairCancelsExactly ....................................................   Passed    0.28 sec
          Start  872: TimeControllerTest.RejectsZeroMaxSteps
1565/1820 Test  #866: TimeControllerTest.StartEqualsEndIsImmediatelyFinished ...................................................   Passed    0.29 sec
          Start  231: LinearSystemTest.ValidSystemConstructsAndExposesData
1566/1820 Test   #40: MeshCell.AddFaceAppendsFaceIds ...........................................................................   Passed    0.29 sec
          Start  510: ContinuityEquationTest.ClosedZeroVelocityCavityHasZeroImbalance
1567/1820 Test  #543: MomentumAssemblyTest.UAndVSystemsAreIndependentScalarSystems .............................................   Passed    0.27 sec
          Start   97: CartesianMesh.DeterministicGeneration
1568/1820 Test   #14: CoreTypes.AliasesAreUsable ...............................................................................   Passed    0.28 sec
          Start  757: CSVWriterTest.WriteFieldsCoordinatesComeFromMesh
1569/1820 Test  #863: TimeControllerTest.SequenceMatchesWorkedExample ..........................................................   Passed    0.27 sec
          Start  503: MassFluxTest.InternalFaceValue
1570/1820 Test  #621: CaseValidationTest.UnsupportedGeometryTypeIsRejected .....................................................   Passed    0.28 sec
          Start  506: MassFluxTest.TangentialMovingWallGivesZeroFlux
1571/1820 Test #1442: SIMPLEFailureTest.InvalidSettingsReportInvalidConfiguration ..............................................   Passed    0.28 sec
          Start  507: MassFluxTest.InletFluxIsNegativeOutletFluxIsPositive
1572/1820 Test  #173: Field.DataProvidesContiguousAccess .......................................................................   Passed    0.28 sec
          Start  263: SolverFailureTest.InfMatrixRejectedAtConstruction
1573/1820 Test  #397: LaplacianTest.PhiYHasZeroLaplacian .......................................................................   Passed    0.28 sec
          Start  778: JSONWriterTest.CaseAndMeshMetadataAreCorrect
1574/1820 Test  #255: BiCGSTABBreakdown.Mesh004ThermalSystemsConvergeToTheRequestedTolerance ...................................   Passed    0.29 sec
          Start  222: SparseMatrixTest.RejectsWrongRowOffsetsSize
1575/1820 Test   #31: CoreTimer.SecondsAndMillisecondsAreConsistent ............................................................   Passed    0.28 sec
          Start  326: BoundaryConditionSetTest.GetThrowsForUnassignedPatch
1576/1820 Test  #865: TimeControllerTest.SingleStepCaseReachesEndExactly .......................................................   Passed    0.29 sec
          Start  634: CaseValidationTest.UnsupportedVelocityBoundaryTypeIsRejected
1577/1820 Test  #205: AlgebraVector.Addition ...................................................................................   Passed    0.27 sec
          Start   43: MeshFace.InternalFaceStoresOwnerAndNeighbor
1578/1820 Test  #311: MovingWallTest.ReturnsConfiguredVelocityRegardlessOfOwner ................................................   Passed    0.28 sec
          Start  513: ContinuityEquationTest.GlobalDivergenceTheoremIdentityHolds
1579/1820 Test  #521: MomentumDiffusionTest.MismatchedVelocitySizeThrows .......................................................   Passed    0.28 sec
          Start  539: MomentumPressureTest.MismatchedPressureSizeThrows
1580/1820 Test  #872: TimeControllerTest.RejectsZeroMaxSteps ...................................................................   Passed    0.28 sec
          Start  635: CaseValidationTest.MovingWallWithoutVelocityValueIsRejected
1581/1820 Test  #231: LinearSystemTest.ValidSystemConstructsAndExposesData .....................................................   Passed    0.27 sec
          Start   52: Mesh.CellAndFaceAccessorsValidateId
1582/1820 Test  #510: ContinuityEquationTest.ClosedZeroVelocityCavityHasZeroImbalance ..........................................   Passed    0.28 sec
          Start  201: FieldArithmetic.EmptyFieldsAreAddable
1583/1820 Test   #97: CartesianMesh.DeterministicGeneration ....................................................................   Passed    0.28 sec
          Start  499: FluidPropertiesTest.RejectsZeroViscosity
1584/1820 Test  #757: CSVWriterTest.WriteFieldsCoordinatesComeFromMesh .........................................................   Passed    0.29 sec
          Start  240: CGTest.SolvesTwoByTwoSpdSystem
1585/1820 Test  #503: MassFluxTest.InternalFaceValue ...........................................................................   Passed    0.29 sec
          Start  194: SurfaceFieldTest.SizeMatchesOneByOneMeshFaceCount
1586/1820 Test  #506: MassFluxTest.TangentialMovingWallGivesZeroFlux ...........................................................   Passed    0.28 sec
          Start  764: CSVWriterTest.WriteResidualsIterationColumnIsOneIndexed
1587/1820 Test  #507: MassFluxTest.InletFluxIsNegativeOutletFluxIsPositive .....................................................   Passed    0.30 sec
          Start  186: VectorFieldTest.ConstructionAndInitialization
1588/1820 Test  #263: SolverFailureTest.InfMatrixRejectedAtConstruction ........................................................   Passed    0.28 sec
          Start  392: DivergenceTest.ConstantVectorFieldHasZeroDivergence
1589/1820 Test  #778: JSONWriterTest.CaseAndMeshMetadataAreCorrect .............................................................   Passed    0.30 sec
          Start 1435: SIMPLEContinuityTest.ReducedClosedProbeContinuityImprovesAcrossIterations
1590/1820 Test  #222: SparseMatrixTest.RejectsWrongRowOffsetsSize ..............................................................   Passed    0.30 sec
          Start 1412: MomentumPredictorRelaxationTest.AlphaOneIsAnExactNoOp
1591/1820 Test  #326: BoundaryConditionSetTest.GetThrowsForUnassignedPatch .....................................................   Passed    0.28 sec
          Start  192: VectorFieldTest.SelfSubtractionIsZeroField
1592/1820 Test  #634: CaseValidationTest.UnsupportedVelocityBoundaryTypeIsRejected .............................................   Passed    0.29 sec
          Start  189: VectorFieldTest.ScalarMultiplicationBothOrders
1593/1820 Test   #43: MeshFace.InternalFaceStoresOwnerAndNeighbor ..............................................................   Passed    0.29 sec
          Start  323: BoundaryConditionSetTest.RejectsDuplicateAssignment
1594/1820 Test  #513: ContinuityEquationTest.GlobalDivergenceTheoremIdentityHolds ..............................................   Passed    0.28 sec
          Start  606: CaseReaderTest.MissingManifestThrowsIOError
1595/1820 Test  #539: MomentumPressureTest.MismatchedPressureSizeThrows ........................................................   Passed    0.28 sec
          Start  395: DivergenceTest.GlobalDivergenceTheoremHolds
1596/1820 Test  #635: CaseValidationTest.MovingWallWithoutVelocityValueIsRejected ..............................................   Passed    0.28 sec
          Start   18: CoreException.CatchableAsStdRuntimeError
1597/1820 Test   #52: Mesh.CellAndFaceAccessorsValidateId ......................................................................   Passed    0.28 sec
          Start 1446: SIMPLENonFiniteTest.NaNInitialVelocityIsDetectedImmediately
1598/1820 Test  #201: FieldArithmetic.EmptyFieldsAreAddable ....................................................................   Passed    0.28 sec
          Start 1447: SIMPLENonFiniteTest.InfiniteInitialPressureIsDetectedImmediately
1599/1820 Test  #499: FluidPropertiesTest.RejectsZeroViscosity .................................................................   Passed    0.27 sec
          Start  453: GridRefinementTest.LaplacianOfSmoothFieldConvergesAtSecondOrder
1600/1820 Test  #240: CGTest.SolvesTwoByTwoSpdSystem ...........................................................................   Passed    0.28 sec
          Start  167: Field.SizedConstructionValueInitializes
1601/1820 Test  #194: SurfaceFieldTest.SizeMatchesOneByOneMeshFaceCount ........................................................   Passed    0.28 sec
          Start  267: SolverFailureTest.LinearSolverSettingsRejectsInvalidValues
1602/1820 Test  #764: CSVWriterTest.WriteResidualsIterationColumnIsOneIndexed ..................................................   Passed    0.27 sec
          Start 1730: ResultExportIntegrationTest.JsonMetadataMatchesSimpleResultExactly
1603/1820 Test  #186: VectorFieldTest.ConstructionAndInitialization ............................................................   Passed    0.28 sec
          Start  533: MomentumPressureTest.LinearPressureXGivesNegativeXSourceZeroYSource
1604/1820 Test  #392: DivergenceTest.ConstantVectorFieldHasZeroDivergence ......................................................   Passed    0.26 sec
          Start 1431: FluxCorrectionTest.InternalFaceCorrectionMatchesDCoefficientTimesPressureDifference
1605/1820 Test #1435: SIMPLEContinuityTest.ReducedClosedProbeContinuityImprovesAcrossIterations ................................   Passed    0.27 sec
          Start   50: MeshBoundaryPatch.RejectsEmptyName
1606/1820 Test #1412: MomentumPredictorRelaxationTest.AlphaOneIsAnExactNoOp ....................................................   Passed    0.27 sec
          Start   30: CoreTimer.ResetRestartsTiming
1607/1820 Test  #192: VectorFieldTest.SelfSubtractionIsZeroField ...............................................................   Passed    0.26 sec
          Start  520: MomentumDiffusionTest.DiagonalIsFinitePositiveAndNonzero
1608/1820 Test  #189: VectorFieldTest.ScalarMultiplicationBothOrders ...........................................................   Passed    0.27 sec
          Start   51: Mesh.ExposesCellsFacesAndPatches
1609/1820 Test  #323: BoundaryConditionSetTest.RejectsDuplicateAssignment ......................................................   Passed    0.28 sec
          Start  637: CaseValidationTest.VelocityValueWithWrongComponentCountIsRejected
1610/1820 Test  #606: CaseReaderTest.MissingManifestThrowsIOError ..............................................................   Passed    0.27 sec
          Start  221: SparseMatrixTest.AllFinite
1611/1820 Test  #395: DivergenceTest.GlobalDivergenceTheoremHolds ..............................................................   Passed    0.27 sec
          Start  402: DiffusionTest.ZeroFluxBoundaryConservesGlobally
1612/1820 Test   #18: CoreException.CatchableAsStdRuntimeError .................................................................   Passed    0.27 sec
          Start  360: InterpolationTest.BoundaryFaceUsesFixedValueNotOwnerValue
1613/1820 Test #1446: SIMPLENonFiniteTest.NaNInitialVelocityIsDetectedImmediately ..............................................   Passed    0.27 sec
          Start  541: MomentumAssemblyTest.ChannelAssemblyHasCorrectDimensionsAndFiniteCoefficients
1614/1820 Test #1447: SIMPLENonFiniteTest.InfiniteInitialPressureIsDetectedImmediately .........................................   Passed    0.29 sec
          Start  504: MassFluxTest.TangentialVelocityAtVerticalFaceGivesZeroFlux
1615/1820 Test  #453: GridRefinementTest.LaplacianOfSmoothFieldConvergesAtSecondOrder ..........................................   Passed    0.28 sec
          Start 1413: MomentumPredictorRelaxationTest.RejectsAlphaOutOfRange
1616/1820 Test  #167: Field.SizedConstructionValueInitializes ..................................................................   Passed    0.29 sec
          Start 1403: SIMPLESettingsTest.AcceptsVelocityRelaxationExactlyOne
1617/1820 Test  #267: SolverFailureTest.LinearSolverSettingsRejectsInvalidValues ...............................................   Passed    0.27 sec
          Start   95: CartesianMesh.FourByThree
1618/1820 Test #1730: ResultExportIntegrationTest.JsonMetadataMatchesSimpleResultExactly .......................................   Passed    0.27 sec
          Start  393: DivergenceTest.ULinearGivesDivergenceTwo
1619/1820 Test  #533: MomentumPressureTest.LinearPressureXGivesNegativeXSourceZeroYSource ......................................   Passed    0.26 sec
          Start  320: SymmetryTest.ResultIsAlwaysNormalToPlane
1620/1820 Test #1431: FluxCorrectionTest.InternalFaceCorrectionMatchesDCoefficientTimesPressureDifference ......................   Passed    0.27 sec
          Start 1411: MomentumPredictorRelaxationTest.OffDiagonalCoefficientsAreUnchanged
1621/1820 Test   #50: MeshBoundaryPatch.RejectsEmptyName .......................................................................   Passed    0.26 sec
          Start  302: FixedValueTest.ExposesTypeAndName
1622/1820 Test   #30: CoreTimer.ResetRestartsTiming ............................................................................   Passed    0.26 sec
          Start  640: CaseValidationTest.UnsupportedSolverTypeIsRejected
1623/1820 Test  #520: MomentumDiffusionTest.DiagonalIsFinitePositiveAndNonzero .................................................   Passed    0.25 sec
          Start  225: SparseMatrixTest.RejectsRowOffsetsBackMismatch
1624/1820 Test   #51: Mesh.ExposesCellsFacesAndPatches .........................................................................   Passed    0.26 sec
          Start  776: JSONWriterTest.WrittenFileIsValidJson
1625/1820 Test  #637: CaseValidationTest.VelocityValueWithWrongComponentCountIsRejected ........................................   Passed    0.26 sec
          Start 1422: PressureCorrectionTest.NonPositiveDensityThrows
1626/1820 Test  #221: SparseMatrixTest.AllFinite ...............................................................................   Passed    0.26 sec
          Start  505: MassFluxTest.StationaryWallGivesZeroFlux
1627/1820 Test  #402: DiffusionTest.ZeroFluxBoundaryConservesGlobally ..........................................................   Passed    0.27 sec
          Start  495: FluidPropertiesTest.StoresDensityAndViscosity
1628/1820 Test  #360: InterpolationTest.BoundaryFaceUsesFixedValueNotOwnerValue ................................................   Passed    0.27 sec
          Start   22: CoreException.CategoriesAreDistinguishable
1629/1820 Test  #541: MomentumAssemblyTest.ChannelAssemblyHasCorrectDimensionsAndFiniteCoefficients ............................   Passed    0.28 sec
          Start 1415: MomentumPredictorRelaxationTest.RejectsMismatchedRhsSize
1630/1820 Test  #504: MassFluxTest.TangentialVelocityAtVerticalFaceGivesZeroFlux ...............................................   Passed    0.28 sec
          Start  648: CaseBuilderTest.BuildsExpectedBoundaryConditionTypes
1631/1820 Test #1413: MomentumPredictorRelaxationTest.RejectsAlphaOutOfRange ...................................................   Passed    0.26 sec
          Start   94: CartesianMesh.TwoByTwo
1632/1820 Test #1403: SIMPLESettingsTest.AcceptsVelocityRelaxationExactlyOne ...................................................   Passed    0.27 sec
          Start  214: SparseMatrixTest.BuilderProducesExpectedCsr
1633/1820 Test   #95: CartesianMesh.FourByThree ................................................................................   Passed    0.27 sec
          Start   41: MeshCell.RejectsNonPositiveVolume
1634/1820 Test  #393: DivergenceTest.ULinearGivesDivergenceTwo .................................................................   Passed    0.29 sec
          Start  535: MomentumPressureTest.ConstantPressureGivesZeroSource
1635/1820 Test  #320: SymmetryTest.ResultIsAlwaysNormalToPlane .................................................................   Passed    0.27 sec
          Start   28: CoreTimer.ElapsedTimeIsNonNegative
1636/1820 Test #1411: MomentumPredictorRelaxationTest.OffDiagonalCoefficientsAreUnchanged ......................................   Passed    0.30 sec
          Start 1434: FluxCorrectionTest.MismatchedFaceCoefficientSizeThrows
1637/1820 Test  #302: FixedValueTest.ExposesTypeAndName ........................................................................   Passed    0.31 sec
          Start  317: OutletTest.ScalarZeroGradientOutletIsFixedGradientZero
1638/1820 Test  #640: CaseValidationTest.UnsupportedSolverTypeIsRejected .......................................................   Passed    0.31 sec
          Start 1420: PressureCorrectionTest.BoundaryFacesGetZeroCoefficient
1639/1820 Test  #225: SparseMatrixTest.RejectsRowOffsetsBackMismatch ...........................................................   Passed    0.33 sec
          Start  423: ConvectionTest.BoundaryOutflowUsesOwnerValue
1640/1820 Test  #776: JSONWriterTest.WrittenFileIsValidJson ....................................................................   Passed    0.33 sec
          Start 1405: SIMPLESettingsTest.RejectsZeroVelocityTolerance
1641/1820 Test #1422: PressureCorrectionTest.NonPositiveDensityThrows ..........................................................   Passed    0.32 sec
          Start  364: GradientTest.ConstantFieldHasZeroGradient
1642/1820 Test  #505: MassFluxTest.StationaryWallGivesZeroFlux .................................................................   Passed    0.31 sec
          Start  217: SparseMatrixTest.MatrixVectorMultiplicationKnownResult
1643/1820 Test  #495: FluidPropertiesTest.StoresDensityAndViscosity ............................................................   Passed    0.31 sec
          Start  200: FieldArithmetic.VectorIdentities
1644/1820 Test   #22: CoreException.CategoriesAreDistinguishable ...............................................................   Passed    0.31 sec
          Start  794: VTKWriterTest.PointCountMatchesStructuredGrid
1645/1820 Test #1415: MomentumPredictorRelaxationTest.RejectsMismatchedRhsSize .................................................   Passed    0.29 sec
          Start  181: ScalarFieldTest.ScalarMultiplicationBothOrders
1646/1820 Test  #648: CaseBuilderTest.BuildsExpectedBoundaryConditionTypes .....................................................   Passed    0.30 sec
          Start   57: MeshGeometry.OwnerNeighborDistanceMatchesCartesianSpacing
1647/1820 Test   #94: CartesianMesh.TwoByTwo ...................................................................................   Passed    0.31 sec
          Start  644: CaseValidationTest.ZeroMaxIterationsIsRejected
1648/1820 Test  #214: SparseMatrixTest.BuilderProducesExpectedCsr ..............................................................   Passed    0.30 sec
          Start  305: FixedGradientTest.ZeroGradientReturnsOwnerValue
1649/1820 Test   #41: MeshCell.RejectsNonPositiveVolume ........................................................................   Passed    0.29 sec
          Start  328: ChannelBoundaryConfigurationTest.InletOutletWallSetup
1650/1820 Test  #535: MomentumPressureTest.ConstantPressureGivesZeroSource .....................................................   Passed    0.29 sec
          Start  626: CaseValidationTest.FractionalNxIsRejected
1651/1820 Test   #28: CoreTimer.ElapsedTimeIsNonNegative .......................................................................   Passed    0.30 sec
          Start 1416: PressureCorrectionTest.TwoCellProbeSourceSignAndSolutionMatchHandDerivation
1652/1820 Test #1434: FluxCorrectionTest.MismatchedFaceCoefficientSizeThrows ...................................................   Passed    0.29 sec
          Start  518: MomentumDiffusionTest.InteriorCellsMatchKnownQuadraticLaplacian
1653/1820 Test  #317: OutletTest.ScalarZeroGradientOutletIsFixedGradientZero ...................................................   Passed    0.29 sec
          Start  526: MomentumConvectionTest.PositiveInternalFluxSelectsOwnerNegativeSelectsNeighbor
1654/1820 Test #1420: PressureCorrectionTest.BoundaryFacesGetZeroCoefficient ...................................................   Passed    0.27 sec
          Start  239: JacobiTest.NonFiniteMatrixValuesAreUnreachableByJacobi
1655/1820 Test  #423: ConvectionTest.BoundaryOutflowUsesOwnerValue .............................................................   Passed    0.28 sec
          Start 1443: SIMPLEFailureTest.MismatchedInitialFieldSizeReportsInvalidConfiguration
1656/1820 Test #1405: SIMPLESettingsTest.RejectsZeroVelocityTolerance ..........................................................   Passed    0.28 sec
          Start  422: ConvectionTest.UpwindSelectsOwnerForPositiveFluxNeighborForNegative
1657/1820 Test  #364: GradientTest.ConstantFieldHasZeroGradient ................................................................   Passed    0.28 sec
          Start  219: SparseMatrixTest.DiagonalLookup
1658/1820 Test  #217: SparseMatrixTest.MatrixVectorMultiplicationKnownResult ...................................................   Passed    0.29 sec
          Start  519: MomentumDiffusionTest.InternalFaceCoefficientsAreSymmetric
1659/1820 Test  #200: FieldArithmetic.VectorIdentities .........................................................................   Passed    0.28 sec
          Start  400: DiffusionTest.QuadraticFieldWithGammaHalf
1660/1820 Test  #794: VTKWriterTest.PointCountMatchesStructuredGrid ............................................................   Passed    0.27 sec
          Start   19: CoreException.MessageSurvivesConstruction
1661/1820 Test  #181: ScalarFieldTest.ScalarMultiplicationBothOrders ...........................................................   Passed    0.27 sec
          Start 1439: SIMPLEFailureTest.MaxIterationsIsNotReportedAsConverged
1662/1820 Test   #57: MeshGeometry.OwnerNeighborDistanceMatchesCartesianSpacing ................................................   Passed    0.27 sec
          Start  454: GridRefinementTest.UpwindConvectionConvergesAtFirstOrder
1663/1820 Test  #644: CaseValidationTest.ZeroMaxIterationsIsRejected ...........................................................   Passed    0.27 sec
          Start   56: MeshGeometry.UnitNormalHasUnitMagnitude
1664/1820 Test  #305: FixedGradientTest.ZeroGradientReturnsOwnerValue ..........................................................   Passed    0.27 sec
          Start  366: GradientTest.PhiYGivesGradientZeroOne
1665/1820 Test  #328: ChannelBoundaryConfigurationTest.InletOutletWallSetup ....................................................   Passed    0.28 sec
          Start  235: JacobiTest.RejectsMissingDiagonal
1666/1820 Test  #626: CaseValidationTest.FractionalNxIsRejected ................................................................   Passed    0.26 sec
          Start  358: InterpolationTest.LinearFieldPhiXIsExactAtEveryFace
1667/1820 Test #1416: PressureCorrectionTest.TwoCellProbeSourceSignAndSolutionMatchHandDerivation ..............................   Passed    0.26 sec
          Start  498: FluidPropertiesTest.RejectsNegativeDensity
1668/1820 Test  #518: MomentumDiffusionTest.InteriorCellsMatchKnownQuadraticLaplacian ..........................................   Passed    0.26 sec
          Start  303: FixedValueTest.RejectsNonFiniteValue
1669/1820 Test  #526: MomentumConvectionTest.PositiveInternalFluxSelectsOwnerNegativeSelectsNeighbor ...........................   Passed    0.26 sec
          Start 1440: SIMPLEFailureTest.MomentumSolverTooFewIterationsReportsMomentumFailure
1670/1820 Test  #239: JacobiTest.NonFiniteMatrixValuesAreUnreachableByJacobi ...................................................   Passed    0.25 sec
          Start  534: MomentumPressureTest.LinearPressureYGivesNegativeYSourceZeroXSource
1671/1820 Test #1443: SIMPLEFailureTest.MismatchedInitialFieldSizeReportsInvalidConfiguration ..................................   Passed    0.25 sec
          Start 1398: SIMPLESettingsTest.DefaultsAreValid
1672/1820 Test  #422: ConvectionTest.UpwindSelectsOwnerForPositiveFluxNeighborForNegative ......................................   Passed    0.26 sec
          Start 1432: FluxCorrectionTest.BoundaryFluxIsUnchangedByCorrection
1673/1820 Test  #219: SparseMatrixTest.DiagonalLookup ..........................................................................   Passed    0.25 sec
          Start   72: MeshQuality.DetectsOutOfRangeOwner
1674/1820 Test  #519: MomentumDiffusionTest.InternalFaceCoefficientsAreSymmetric ...............................................   Passed    0.25 sec
          Start  594: CaseReaderTest.ValidCaseParsesIntoExpectedConfiguration
1675/1820 Test  #400: DiffusionTest.QuadraticFieldWithGammaHalf ................................................................   Passed    0.25 sec
          Start  532: MomentumConvectionTest.MismatchedMassFluxSizeThrows
1676/1820 Test   #19: CoreException.MessageSurvivesConstruction ................................................................   Passed    0.26 sec
          Start  223: SparseMatrixTest.RejectsMismatchedValuesAndColumns
1677/1820 Test #1439: SIMPLEFailureTest.MaxIterationsIsNotReportedAsConverged ..................................................   Passed    0.26 sec
          Start  762: CSVWriterTest.WriteFieldsUnwritablePathThrowsIOError
1678/1820 Test  #454: GridRefinementTest.UpwindConvectionConvergesAtFirstOrder .................................................   Passed    0.26 sec
          Start  765: CSVWriterTest.WriteResidualsValuesMatchHistoriesInOrder
1679/1820 Test   #56: MeshGeometry.UnitNormalHasUnitMagnitude ..................................................................   Passed    0.26 sec
          Start  527: MomentumConvectionTest.BoundaryOutflowUsesOwnerUnknownNotBoundaryValue
1680/1820 Test  #366: GradientTest.PhiYGivesGradientZeroOne ....................................................................   Passed    0.27 sec
          Start  312: MovingWallTest.RejectsNonFiniteVelocity
1681/1820 Test  #235: JacobiTest.RejectsMissingDiagonal ........................................................................   Passed    0.27 sec
          Start  193: SurfaceFieldTest.SizedConstructionAndFill
1682/1820 Test  #358: InterpolationTest.LinearFieldPhiXIsExactAtEveryFace ......................................................   Passed    0.28 sec
          Start  176: ScalarFieldTest.ConstructionAndInitialization
1683/1820 Test  #498: FluidPropertiesTest.RejectsNegativeDensity ...............................................................   Passed    0.27 sec
          Start  630: CaseValidationTest.UnsupportedPhysicsModelIsRejected
1684/1820 Test  #303: FixedValueTest.RejectsNonFiniteValue .....................................................................   Passed    0.27 sec
          Start  528: MomentumConvectionTest.BoundaryInflowUsesBoundaryValueOnRhs
1685/1820 Test #1440: SIMPLEFailureTest.MomentumSolverTooFewIterationsReportsMomentumFailure ...................................   Passed    0.29 sec
          Start 1444: SIMPLEFailureTest.InvalidInnerSolverSettingsReportInvalidConfiguration
1686/1820 Test  #534: MomentumPressureTest.LinearPressureYGivesNegativeYSourceZeroXSource ......................................   Passed    0.28 sec
          Start  631: CaseValidationTest.UnknownPhysicsFieldIsRejected
1687/1820 Test #1398: SIMPLESettingsTest.DefaultsAreValid ......................................................................   Passed    0.28 sec
          Start 1417: PressureCorrectionTest.ReferenceRowIsExactIdentity
1688/1820 Test #1432: FluxCorrectionTest.BoundaryFluxIsUnchangedByCorrection ...................................................   Passed    0.28 sec
          Start   54: Mesh.RejectsEmptyCellsOrFaces
1689/1820 Test   #72: MeshQuality.DetectsOutOfRangeOwner .......................................................................   Passed    0.28 sec
          Start  426: ConvectionTest.InternalConservationFaceOnce
1690/1820 Test  #594: CaseReaderTest.ValidCaseParsesIntoExpectedConfiguration ..................................................   Passed    0.29 sec
          Start   65: MeshQuality.NonSquareCellsReportCorrectAspectRatio
1691/1820 Test  #532: MomentumConvectionTest.MismatchedMassFluxSizeThrows ......................................................   Passed    0.29 sec
          Start  607: CaseReaderTest.MissingReferencedFileThrowsIOError
1692/1820 Test  #223: SparseMatrixTest.RejectsMismatchedValuesAndColumns .......................................................   Passed    0.29 sec
          Start  401: DiffusionTest.QuadraticFieldWithGammaTwo
1693/1820 Test  #762: CSVWriterTest.WriteFieldsUnwritablePathThrowsIOError .....................................................   Passed    0.30 sec
          Start   96: CartesianMesh.TwentyByTwenty
1694/1820 Test  #765: CSVWriterTest.WriteResidualsValuesMatchHistoriesInOrder ..................................................   Passed    0.31 sec
          Start   45: MeshFace.AreaIsMagnitudeOfAreaVector
1695/1820 Test  #527: MomentumConvectionTest.BoundaryOutflowUsesOwnerUnknownNotBoundaryValue ...................................   Passed    0.29 sec
          Start  249: BiCGSTABTest.SolvesNonsymmetricSystem
1696/1820 Test  #312: MovingWallTest.RejectsNonFiniteVelocity ..................................................................   Passed    0.31 sec
          Start  780: JSONWriterTest.EveryStatusMapsToItsOwnEnumName
1697/1820 Test  #193: SurfaceFieldTest.SizedConstructionAndFill ................................................................   Passed    0.30 sec
          Start 1418: PressureCorrectionTest.ConstantResponseCoefficientGivesSymmetricInternalCoupling
1698/1820 Test  #176: ScalarFieldTest.ConstructionAndInitialization ............................................................   Passed    0.30 sec
          Start  254: BiCGSTABTest.MaxIterationsReportsFailureNotSuccess
1699/1820 Test  #630: CaseValidationTest.UnsupportedPhysicsModelIsRejected .....................................................   Passed    0.30 sec
          Start  399: DiffusionTest.EqualsGammaTimesLaplacianForConstantGamma
1700/1820 Test  #528: MomentumConvectionTest.BoundaryInflowUsesBoundaryValueOnRhs ..............................................   Passed    0.30 sec
          Start  394: DivergenceTest.RotationalFieldIsDivergenceFree
1701/1820 Test #1444: SIMPLEFailureTest.InvalidInnerSolverSettingsReportInvalidConfiguration ...................................   Passed    0.29 sec
          Start  425: ConvectionTest.ConstantFieldGivesZeroConvection
1702/1820 Test  #631: CaseValidationTest.UnknownPhysicsFieldIsRejected .........................................................   Passed    0.29 sec
          Start   64: MeshQuality.UniformSquareGridIsValidWithUnitAspectRatio
1703/1820 Test #1417: PressureCorrectionTest.ReferenceRowIsExactIdentity .......................................................   Passed    0.29 sec
          Start  185: ScalarFieldTest.ExplicitValuesFromSpecExample
1704/1820 Test   #54: Mesh.RejectsEmptyCellsOrFaces ............................................................................   Passed    0.29 sec
          Start   46: MeshFace.RejectsZeroAreaVector
1705/1820 Test  #426: ConvectionTest.InternalConservationFaceOnce ..............................................................   Passed    0.29 sec
          Start   20: CoreException.DerivedTypesCatchableAsBase
1706/1820 Test   #65: MeshQuality.NonSquareCellsReportCorrectAspectRatio .......................................................   Passed    0.29 sec
          Start   48: MeshBoundaryPatch.StoresNameAndFaceIds
1707/1820 Test  #607: CaseReaderTest.MissingReferencedFileThrowsIOError ........................................................   Passed    0.28 sec
          Start  639: CaseValidationTest.MissingPressureBlockIsRejected
1708/1820 Test  #401: DiffusionTest.QuadraticFieldWithGammaTwo .................................................................   Passed    0.27 sec
          Start  629: CaseValidationTest.NonPositiveViscosityIsRejected
1709/1820 Test   #96: CartesianMesh.TwentyByTwenty .............................................................................   Passed    0.26 sec
          Start 1777: SpeciesConservationTest.ClosedZeroFluxDomainWithConvectionAlsoConservesForAnyField
1710/1820 Test   #45: MeshFace.AreaIsMagnitudeOfAreaVector .....................................................................   Passed    0.27 sec
          Start  798: VTKWriterTest.MismatchedSizeThrows
1711/1820 Test  #249: BiCGSTABTest.SolvesNonsymmetricSystem ....................................................................   Passed    0.27 sec
          Start  184: ScalarFieldTest.CompoundOperators
1712/1820 Test  #780: JSONWriterTest.EveryStatusMapsToItsOwnEnumName ...........................................................   Passed    0.26 sec
          Start   55: MeshGeometry.DistanceAndDisplacement
1713/1820 Test #1418: PressureCorrectionTest.ConstantResponseCoefficientGivesSymmetricInternalCoupling .........................   Passed    0.27 sec
          Start  396: LaplacianTest.PhiXHasZeroLaplacian
1714/1820 Test  #254: BiCGSTABTest.MaxIterationsReportsFailureNotSuccess .......................................................   Passed    0.28 sec
          Start  253: BiCGSTABTest.ExactInitialGuessConvergesAtIterationZero
1715/1820 Test  #399: DiffusionTest.EqualsGammaTimesLaplacianForConstantGamma ..................................................   Passed    0.27 sec
          Start  756: CSVWriterTest.WriteFieldsRowCountAndCellOrderMatchMesh
1716/1820 Test  #394: DivergenceTest.RotationalFieldIsDivergenceFree ...........................................................   Passed    0.28 sec
          Start   44: MeshFace.BoundaryFaceHasNoNeighbor
1717/1820 Test  #425: ConvectionTest.ConstantFieldGivesZeroConvection ..........................................................   Passed    0.28 sec
          Start  759: CSVWriterTest.WriteFieldsUsesFullPrecisionScientificNotation
1718/1820 Test   #64: MeshQuality.UniformSquareGridIsValidWithUnitAspectRatio ..................................................   Passed    0.27 sec
          Start  269: SolverDeterminismTest.BiCGSTABRepeatedSolvesAreIdentical
1719/1820 Test  #185: ScalarFieldTest.ExplicitValuesFromSpecExample ............................................................   Passed    0.28 sec
          Start  793: VTKWriterTest.HeaderIsWellFormed
1720/1820 Test   #46: MeshFace.RejectsZeroAreaVector ...........................................................................   Passed    0.28 sec
          Start  357: InterpolationTest.ConstantFieldIsPreservedExactly
1721/1820 Test   #20: CoreException.DerivedTypesCatchableAsBase ................................................................   Passed    0.28 sec
          Start  767: CSVWriterTest.RepeatedWriteFieldsIsByteIdentical
1722/1820 Test   #48: MeshBoundaryPatch.StoresNameAndFaceIds ...................................................................   Passed    0.29 sec
          Start  632: CaseValidationTest.UnknownBoundaryPatchIsRejected
1723/1820 Test  #639: CaseValidationTest.MissingPressureBlockIsRejected ........................................................   Passed    0.30 sec
          Start  761: CSVWriterTest.WriteFieldsNonFiniteValueThrows
1724/1820 Test  #629: CaseValidationTest.NonPositiveViscosityIsRejected ........................................................   Passed    0.30 sec
          Start  788: JSONWriterTest.RepeatedWriteIsByteIdentical
1725/1820 Test #1777: SpeciesConservationTest.ClosedZeroFluxDomainWithConvectionAlsoConservesForAnyField .......................   Passed    0.30 sec
          Start  609: CaseReaderTest.MalformedReferencedJsonThrowsIOError
1726/1820 Test  #798: VTKWriterTest.MismatchedSizeThrows .......................................................................   Passed    0.30 sec
          Start  800: VTKWriterTest.RepeatedWriteIsByteIdentical
1727/1820 Test  #184: ScalarFieldTest.CompoundOperators ........................................................................   Passed    0.31 sec
          Start  613: CaseReaderTest.UnknownTopLevelFieldInManifestIsRejected
1728/1820 Test   #55: MeshGeometry.DistanceAndDisplacement .....................................................................   Passed    0.30 sec
          Start 1401: SIMPLESettingsTest.RejectsNegativeVelocityRelaxation
1729/1820 Test  #396: LaplacianTest.PhiXHasZeroLaplacian .......................................................................   Passed    0.31 sec
          Start  316: OutletTest.VelocityZeroGradientReturnsOwnerValue
1730/1820 Test  #253: BiCGSTABTest.ExactInitialGuessConvergesAtIterationZero ...................................................   Passed    0.32 sec
          Start  643: CaseValidationTest.NonPositiveToleranceIsRejected
1731/1820 Test  #756: CSVWriterTest.WriteFieldsRowCountAndCellOrderMatchMesh ...................................................   Passed    0.31 sec
          Start   92: CartesianMesh.TwoByOne
1732/1820 Test   #44: MeshFace.BoundaryFaceHasNoNeighbor .......................................................................   Passed    0.31 sec
          Start  622: CaseValidationTest.NonPositiveGeometryLengthIsRejected
1733/1820 Test  #759: CSVWriterTest.WriteFieldsUsesFullPrecisionScientificNotation .............................................   Passed    0.32 sec
          Start  359: InterpolationTest.LinearFieldPhiYIsExactAtEveryFace
1734/1820 Test  #269: SolverDeterminismTest.BiCGSTABRepeatedSolvesAreIdentical .................................................   Passed    0.32 sec
          Start  187: VectorFieldTest.ElementwiseAdditionExactValues
1735/1820 Test  #793: VTKWriterTest.HeaderIsWellFormed .........................................................................   Passed    0.31 sec
          Start 1778: SpeciesConservationTest.OpenChannelSteadyStateInflowEqualsOutflowWithZeroSource
1736/1820 Test  #357: InterpolationTest.ConstantFieldIsPreservedExactly ........................................................   Passed    0.32 sec
          Start  262: SolverFailureTest.NaNMatrixRejectedAtConstruction
1737/1820 Test  #767: CSVWriterTest.RepeatedWriteFieldsIsByteIdentical .........................................................   Passed    0.31 sec
          Start  760: CSVWriterTest.WriteFieldsMismatchedSizeThrows
1738/1820 Test  #632: CaseValidationTest.UnknownBoundaryPatchIsRejected ........................................................   Passed    0.32 sec
          Start  265: SolverFailureTest.BiCGSTABFailsBeforeIteratingOnNanRhs
1739/1820 Test  #761: CSVWriterTest.WriteFieldsNonFiniteValueThrows ............................................................   Passed    0.32 sec
          Start   98: CartesianMesh.RejectsInvalidInputs
1740/1820 Test  #788: JSONWriterTest.RepeatedWriteIsByteIdentical ..............................................................   Passed    0.31 sec
          Start   93: CartesianMesh.OneByTwo
1741/1820 Test  #609: CaseReaderTest.MalformedReferencedJsonThrowsIOError ......................................................   Passed    0.31 sec
          Start  755: CSVWriterTest.WriteFieldsHeaderIsExact
1742/1820 Test  #800: VTKWriterTest.RepeatedWriteIsByteIdentical ...............................................................   Passed    0.30 sec
          Start  252: BiCGSTABTest.ZeroRhsConvergesImmediately
1743/1820 Test  #613: CaseReaderTest.UnknownTopLevelFieldInManifestIsRejected ..................................................   Passed    0.30 sec
          Start 1779: SpeciesConservationTest.OpenChannelWithVolumetricSourceBalancesNetOutflowAgainstSource
1744/1820 Test #1401: SIMPLESettingsTest.RejectsNegativeVelocityRelaxation .....................................................   Passed    0.30 sec
          Start  264: SolverFailureTest.CgFailsBeforeIteratingOnNanRhs
1745/1820 Test  #316: OutletTest.VelocityZeroGradientReturnsOwnerValue .........................................................   Passed    0.29 sec
          Start  309: WallTest.NormalAndTangentialComponentsAreZeroOnAllOrientations
1746/1820 Test  #643: CaseValidationTest.NonPositiveToleranceIsRejected ........................................................   Passed    0.29 sec
          Start  452: GridRefinementTest.GradientOfSmoothFieldConvergesAtSecondOrder
1747/1820 Test   #92: CartesianMesh.TwoByOne ...................................................................................   Passed    0.29 sec
          Start  227: SparseMatrixTest.RejectsUnsortedColumnsWithinRow
1748/1820 Test  #622: CaseValidationTest.NonPositiveGeometryLengthIsRejected ...................................................   Passed    0.29 sec
          Start 1786: AlphaAdvectionValidation.GridRefinementReducesInterfaceSmearing
1749/1820 Test  #359: InterpolationTest.LinearFieldPhiYIsExactAtEveryFace ......................................................   Passed    0.29 sec
          Start  259: BiCGSTABBreakdown.BreakdownAfterProgressIsRecoveredByARestart
1750/1820 Test  #187: VectorFieldTest.ElementwiseAdditionExactValues ...........................................................   Passed    0.29 sec
          Start  304: FixedGradientTest.NonzeroGradient
1751/1820 Test #1778: SpeciesConservationTest.OpenChannelSteadyStateInflowEqualsOutflowWithZeroSource ..........................   Passed    0.29 sec
          Start 1776: SpeciesConservationTest.ClosedZeroFluxDomainConservesSpeciesForAnyArbitraryField
1752/1820 Test  #262: SolverFailureTest.NaNMatrixRejectedAtConstruction ........................................................   Passed    0.28 sec
          Start  516: ContinuityEquationTest.MismatchedMassFluxSizeThrows
1753/1820 Test  #760: CSVWriterTest.WriteFieldsMismatchedSizeThrows ............................................................   Passed    0.26 sec
          Start  258: BiCGSTABBreakdown.TrueBreakdownWithoutProgressIsReported
1754/1820 Test  #265: SolverFailureTest.BiCGSTABFailsBeforeIteratingOnNanRhs ...................................................   Passed    0.26 sec
          Start  623: CaseValidationTest.NegativeGeometryHeightIsRejected
1755/1820 Test   #98: CartesianMesh.RejectsInvalidInputs .......................................................................   Passed    0.26 sec
          Start  627: CaseValidationTest.StringNxIsRejected
1756/1820 Test   #93: CartesianMesh.OneByTwo ...................................................................................   Passed    0.25 sec
          Start 1785: AlphaAdvectionValidation.SlugTranslatesDownstreamWithApproximatelyCorrectDisplacement
1757/1820 Test  #755: CSVWriterTest.WriteFieldsHeaderIsExact ...................................................................   Passed    0.27 sec
          Start  799: VTKWriterTest.NonFiniteValueThrows
1758/1820 Test  #252: BiCGSTABTest.ZeroRhsConvergesImmediately .................................................................   Passed    0.27 sec
          Start  256: BiCGSTABBreakdown.ScalingTheSystemByAPowerOfTwoChangesNothing
1759/1820 Test #1779: SpeciesConservationTest.OpenChannelWithVolumetricSourceBalancesNetOutflowAgainstSource ...................   Passed    0.26 sec
          Start   13: CFDAppCliMeshQualityWarning
1760/1820 Test  #264: SolverFailureTest.CgFailsBeforeIteratingOnNanRhs .........................................................   Passed    0.27 sec
          Start   10: CFDAppCli_mesh_quality_disconnected_cli
1761/1820 Test  #309: WallTest.NormalAndTangentialComponentsAreZeroOnAllOrientations ...........................................   Passed    0.26 sec
          Start   12: CFDAppCliMeshQualityDisconnectedIsFatal
1762/1820 Test  #452: GridRefinementTest.GradientOfSmoothFieldConvergesAtSecondOrder ...........................................   Passed    0.25 sec
          Start   11: CFDAppCliMeshQualityInvalidNamesTheCell
1763/1820 Test  #227: SparseMatrixTest.RejectsUnsortedColumnsWithinRow .........................................................   Passed    0.25 sec
          Start    9: CFDAppCli_mesh_quality_invalid_cli
1764/1820 Test #1786: AlphaAdvectionValidation.GridRefinementReducesInterfaceSmearing ..........................................   Passed    0.25 sec
          Start    2: CFDAppCliValidCase
1765/1820 Test  #259: BiCGSTABBreakdown.BreakdownAfterProgressIsRecoveredByARestart ............................................   Passed    0.26 sec
          Start    8: CFDAppCli_does_not_converge
1766/1820 Test  #304: FixedGradientTest.NonzeroGradient ........................................................................   Passed    0.26 sec
          Start    6: CFDAppCli_bad_solver
1767/1820 Test #1776: SpeciesConservationTest.ClosedZeroFluxDomainConservesSpeciesForAnyArbitraryField .........................   Passed    0.26 sec
          Start    5: CFDAppCli_bad_boundary
1768/1820 Test  #516: ContinuityEquationTest.MismatchedMassFluxSizeThrows ......................................................   Passed    0.27 sec
          Start    3: CFDAppCli_missing_mesh
1769/1820 Test  #258: BiCGSTABBreakdown.TrueBreakdownWithoutProgressIsReported .................................................   Passed    0.27 sec
          Start    4: CFDAppCli_bad_physics
1770/1820 Test  #623: CaseValidationTest.NegativeGeometryHeightIsRejected ......................................................   Passed    0.28 sec
          Start    7: CFDAppCli_malformed_json
1771/1820 Test  #627: CaseValidationTest.StringNxIsRejected ....................................................................   Passed    0.28 sec
          Start    1: CFDAppSmokeTest
1772/1820 Test #1785: AlphaAdvectionValidation.SlugTranslatesDownstreamWithApproximatelyCorrectDisplacement ....................   Passed    0.27 sec
          Start 1604: CavityGhiaValidation.Grid40x40ConvergesAndMatchesGhia
1773/1820 Test #1604: CavityGhiaValidation.Grid40x40ConvergesAndMatchesGhia ....................................................***Not Run (Disabled)   0.00 sec
          Start 1605: CavityGhiaValidation.Grid80x80ConvergesAndMatchesGhia
1774/1820 Test #1605: CavityGhiaValidation.Grid80x80ConvergesAndMatchesGhia ....................................................***Not Run (Disabled)   0.00 sec
          Start 1606: CavityGhiaValidation.GridConvergence
1775/1820 Test #1606: CavityGhiaValidation.GridConvergence .....................................................................***Not Run (Disabled)   0.00 sec
          Start 1609: CavityGhiaValidation.Re100Grid40
1776/1820 Test #1609: CavityGhiaValidation.Re100Grid40 .........................................................................***Not Run (Disabled)   0.00 sec
          Start 1610: CavityGhiaValidation.Re100Grid80
1777/1820 Test #1610: CavityGhiaValidation.Re100Grid80 .........................................................................***Not Run (Disabled)   0.00 sec
          Start 1611: CavityGhiaValidation.Re100Grid160
1778/1820 Test #1611: CavityGhiaValidation.Re100Grid160 ........................................................................***Not Run (Disabled)   0.00 sec
          Start 1612: CavityGhiaValidation.Re1000Grid40
1779/1820 Test #1612: CavityGhiaValidation.Re1000Grid40 ........................................................................***Not Run (Disabled)   0.00 sec
          Start 1613: CavityGhiaValidation.Re1000Grid80
1780/1820 Test #1613: CavityGhiaValidation.Re1000Grid80 ........................................................................***Not Run (Disabled)   0.00 sec
          Start 1614: CavityGhiaValidation.Re1000Grid160
1781/1820 Test #1614: CavityGhiaValidation.Re1000Grid160 .......................................................................***Not Run (Disabled)   0.00 sec
          Start 1615: CavityGhiaValidation.Re100Study
1782/1820 Test #1615: CavityGhiaValidation.Re100Study ..........................................................................***Not Run (Disabled)   0.00 sec
          Start 1616: CavityGhiaValidation.Re1000Study
1783/1820 Test #1616: CavityGhiaValidation.Re1000Study .........................................................................***Not Run (Disabled)   0.00 sec
          Start 1622: SchemeValidation.AccuracyCostComparisonFull
1784/1820 Test #1622: SchemeValidation.AccuracyCostComparisonFull ..............................................................***Not Run (Disabled)   0.00 sec
          Start 1626: PoiseuilleValidation.Grid128x16ConvergesAndMatchesAnalyticalProfile
1785/1820 Test #1626: PoiseuilleValidation.Grid128x16ConvergesAndMatchesAnalyticalProfile ......................................***Not Run (Disabled)   0.00 sec
          Start 1627: PoiseuilleValidation.Grid256x32ConvergesAndMatchesAnalyticalProfile
1786/1820 Test #1627: PoiseuilleValidation.Grid256x32ConvergesAndMatchesAnalyticalProfile ......................................***Not Run (Disabled)   0.00 sec
          Start 1656: NaturalConvectionValidation.Grid20x20MatchesDeVahlDavisRa1e3
1787/1820 Test #1656: NaturalConvectionValidation.Grid20x20MatchesDeVahlDavisRa1e3 .............................................***Not Run (Disabled)   0.00 sec
          Start 1662: CaseLidDrivenCavityIntegrationTest.ProductionCaseLoadsBuildsAndConverges
1788/1820 Test #1662: CaseLidDrivenCavityIntegrationTest.ProductionCaseLoadsBuildsAndConverges .................................***Not Run (Disabled)   0.00 sec
          Start 1721: MeshQualityCampaign.DegradationD1NonOrthogonality
1789/1820 Test #1721: MeshQualityCampaign.DegradationD1NonOrthogonality ........................................................***Not Run (Disabled)   0.00 sec
          Start 1722: MeshQualityCampaign.DegradationD2Irregularity
1790/1820 Test #1722: MeshQualityCampaign.DegradationD2Irregularity ............................................................***Not Run (Disabled)   0.00 sec
          Start 1723: MeshQualityCampaign.DegradationD3AspectRatio
1791/1820 Test #1723: MeshQualityCampaign.DegradationD3AspectRatio .............................................................***Not Run (Disabled)   0.00 sec
          Start 1724: MeshQualityCampaign.DegradationD4Expansion
1792/1820 Test #1724: MeshQualityCampaign.DegradationD4Expansion ...............................................................***Not Run (Disabled)   0.00 sec
          Start 1725: MeshQualityCampaign.ManufacturedSolutionCartesian
1793/1820 Test #1725: MeshQualityCampaign.ManufacturedSolutionCartesian ........................................................***Not Run (Disabled)   0.00 sec
          Start 1726: MeshQualityCampaign.ManufacturedSolutionSmoothCorrected
1794/1820 Test #1726: MeshQualityCampaign.ManufacturedSolutionSmoothCorrected ..................................................***Not Run (Disabled)   0.00 sec
          Start 1727: MeshQualityCampaign.ManufacturedSolutionSmoothUncorrected
1795/1820 Test #1727: MeshQualityCampaign.ManufacturedSolutionSmoothUncorrected ................................................***Not Run (Disabled)   0.00 sec
          Start 1728: MeshQualityCampaign.GridConvergenceIrregularFamily
1796/1820 Test #1728: MeshQualityCampaign.GridConvergenceIrregularFamily .......................................................***Not Run (Disabled)   0.00 sec
          Start 1753: ChannelFlowValidation.KEpsilonFineConvergesAndMatchesLogLaw
1797/1820 Test #1753: ChannelFlowValidation.KEpsilonFineConvergesAndMatchesLogLaw ..............................................***Not Run (Disabled)   0.00 sec
          Start 1756: ChannelFlowValidation.KOmegaFineConvergesAndMatchesLogLaw
1798/1820 Test #1756: ChannelFlowValidation.KOmegaFineConvergesAndMatchesLogLaw ................................................***Not Run (Disabled)   0.00 sec
          Start 1759: ChannelFlowValidation.SSTFineConvergesAndMatchesLogLaw
1799/1820 Test #1759: ChannelFlowValidation.SSTFineConvergesAndMatchesLogLaw ...................................................***Not Run (Disabled)   0.00 sec
          Start 1760: ChannelFlowValidation.KEpsilonGridRefinementReducesReTauError
1800/1820 Test #1760: ChannelFlowValidation.KEpsilonGridRefinementReducesReTauError ............................................***Not Run (Disabled)   0.00 sec
          Start 1767: TurbulentChannelValidation.Study
1801/1820 Test #1767: TurbulentChannelValidation.Study .........................................................................***Not Run (Disabled)   0.00 sec
          Start 1814: SIMPLEMMS.FineGridStudy
1802/1820 Test #1814: SIMPLEMMS.FineGridStudy ..................................................................................***Not Run (Disabled)   0.00 sec
          Start 1818: BackwardFacingStep.Converges
1803/1820 Test #1818: BackwardFacingStep.Converges .............................................................................***Not Run (Disabled)   0.00 sec
          Start 1819: BackwardFacingStep.MassConservation
1804/1820 Test #1819: BackwardFacingStep.MassConservation ......................................................................***Not Run (Disabled)   0.00 sec
          Start 1820: BackwardFacingStep.ReattachmentLength
1805/1820 Test #1820: BackwardFacingStep.ReattachmentLength ....................................................................***Not Run (Disabled)   0.00 sec
1806/1820 Test  #799: VTKWriterTest.NonFiniteValueThrows .......................................................................   Passed    0.78 sec
1807/1820 Test  #256: BiCGSTABBreakdown.ScalingTheSystemByAPowerOfTwoChangesNothing ............................................   Passed    0.77 sec
1808/1820 Test   #10: CFDAppCli_mesh_quality_disconnected_cli ..................................................................   Passed    0.75 sec
1809/1820 Test   #13: CFDAppCliMeshQualityWarning ..............................................................................   Passed    0.77 sec
1810/1820 Test   #12: CFDAppCliMeshQualityDisconnectedIsFatal ..................................................................   Passed    0.76 sec
1811/1820 Test   #11: CFDAppCliMeshQualityInvalidNamesTheCell ..................................................................   Passed    0.75 sec
1812/1820 Test    #9: CFDAppCli_mesh_quality_invalid_cli .......................................................................   Passed    0.75 sec
1813/1820 Test    #2: CFDAppCliValidCase .......................................................................................   Passed    0.74 sec
1814/1820 Test    #8: CFDAppCli_does_not_converge ..............................................................................   Passed    0.73 sec
1815/1820 Test    #6: CFDAppCli_bad_solver .....................................................................................   Passed    0.73 sec
1816/1820 Test    #5: CFDAppCli_bad_boundary ...................................................................................   Passed    0.72 sec
1817/1820 Test    #3: CFDAppCli_missing_mesh ...................................................................................   Passed    0.71 sec
1818/1820 Test    #4: CFDAppCli_bad_physics ....................................................................................   Passed    0.70 sec
1819/1820 Test    #7: CFDAppCli_malformed_json .................................................................................   Passed    0.70 sec
1820/1820 Test    #1: CFDAppSmokeTest ..........................................................................................   Passed    0.70 sec

100% tests passed, 0 tests failed out of 1787

Label Time Summary:
integration    =  14.91 sec*proc (34 tests)
numerical      = 129.43 sec*proc (449 tests)
solver         = 113.14 sec*proc (205 tests)
unit           = 271.78 sec*proc (936 tests)
validation     = 1969.89 sec*proc (196 tests)

Total Test time (real) = 158.42 sec

The following tests did not run:
	1604 - CavityGhiaValidation.Grid40x40ConvergesAndMatchesGhia (Disabled)
	1605 - CavityGhiaValidation.Grid80x80ConvergesAndMatchesGhia (Disabled)
	1606 - CavityGhiaValidation.GridConvergence (Disabled)
	1609 - CavityGhiaValidation.Re100Grid40 (Disabled)
	1610 - CavityGhiaValidation.Re100Grid80 (Disabled)
	1611 - CavityGhiaValidation.Re100Grid160 (Disabled)
	1612 - CavityGhiaValidation.Re1000Grid40 (Disabled)
	1613 - CavityGhiaValidation.Re1000Grid80 (Disabled)
	1614 - CavityGhiaValidation.Re1000Grid160 (Disabled)
	1615 - CavityGhiaValidation.Re100Study (Disabled)
	1616 - CavityGhiaValidation.Re1000Study (Disabled)
	1622 - SchemeValidation.AccuracyCostComparisonFull (Disabled)
	1626 - PoiseuilleValidation.Grid128x16ConvergesAndMatchesAnalyticalProfile (Disabled)
	1627 - PoiseuilleValidation.Grid256x32ConvergesAndMatchesAnalyticalProfile (Disabled)
	1656 - NaturalConvectionValidation.Grid20x20MatchesDeVahlDavisRa1e3 (Disabled)
	1662 - CaseLidDrivenCavityIntegrationTest.ProductionCaseLoadsBuildsAndConverges (Disabled)
	1721 - MeshQualityCampaign.DegradationD1NonOrthogonality (Disabled)
	1722 - MeshQualityCampaign.DegradationD2Irregularity (Disabled)
	1723 - MeshQualityCampaign.DegradationD3AspectRatio (Disabled)
	1724 - MeshQualityCampaign.DegradationD4Expansion (Disabled)
	1725 - MeshQualityCampaign.ManufacturedSolutionCartesian (Disabled)
	1726 - MeshQualityCampaign.ManufacturedSolutionSmoothCorrected (Disabled)
	1727 - MeshQualityCampaign.ManufacturedSolutionSmoothUncorrected (Disabled)
	1728 - MeshQualityCampaign.GridConvergenceIrregularFamily (Disabled)
	1753 - ChannelFlowValidation.KEpsilonFineConvergesAndMatchesLogLaw (Disabled)
	1756 - ChannelFlowValidation.KOmegaFineConvergesAndMatchesLogLaw (Disabled)
	1759 - ChannelFlowValidation.SSTFineConvergesAndMatchesLogLaw (Disabled)
	1760 - ChannelFlowValidation.KEpsilonGridRefinementReducesReTauError (Disabled)
	1767 - TurbulentChannelValidation.Study (Disabled)
	1814 - SIMPLEMMS.FineGridStudy (Disabled)
	1818 - BackwardFacingStep.Converges (Disabled)
	1819 - BackwardFacingStep.MassConservation (Disabled)
	1820 - BackwardFacingStep.ReattachmentLength (Disabled)
release ctest exit 0
