# FAILED EXPERIMENT (kept): the full Release regression with the first version of the BiCGSTAB fix -- the NORM-relative
# breakdown test |(x,y)| <= eps |x||y|. 16 tests failed (species / alpha transport, turbulence channel, linear-solver
# fallback tests): an inner product WITHOUT cancellation (e.g. one dominant term) is accurate however small it is
# relative to |x||y|, and the norm test called it zero. Replaced by the term-magnitude test |(x,y)| <= eps sum|x_i y_i|
# (summary.md section 23); the regression was rerun (logs/27, logs/28).
# P12-MESH-004 full regression, build/release (Release -O3, GUI off), 2026-09-14T23:43:51Z
# HEAD b66310ca871811c4c7671056beec291a451af55c + uncommitted P12-MESH-001/002/003/004 working tree (incl. the BiCGSTAB fix)
Test project /mnt/c/Users/Hasib/Desktop/CFDAPP/CFDApp/build/release
          Start 1690: CompressibleCoupledProductionCaseTest.RepeatedRunIsDeterministic
          Start 1658: NaturalConvectionValidation.GridConvergence
          Start 1814: SIMPLEMMS.DistortedMesh
          Start 1689: CompressibleCoupledProductionCaseTest.ExportsCoupledCompressibleFields
          Start 1686: CompressibleCoupledProductionCaseTest.DispatchesToCompressibleSimpleAndConverges
          Start 1688: CompressibleCoupledProductionCaseTest.MatchesArkilicIsothermalLubricationPressureProfile
          Start 1687: CompressibleCoupledProductionCaseTest.MassFlowRateIsConservedAtEveryInternalCrossSection
          Start 1708: GradedMeshProductionCase.GradedGridConvergence
          Start 1809: SIMPLEMMS.VelocityConvergesAtExpectedOrder
          Start 1810: SIMPLEMMS.PressureConvergesAtExpectedOrder
          Start 1622: SchemeValidation.AccuracyCostComparison
          Start 1629: PoiseuilleValidation.GridConvergence
          Start 1634: PoiseuilleValidation.ProductionGridConvergence
          Start 1710: GradedMeshProductionCase.GradedVertexGridOnNonOrthogonalStructuredQuad
          Start 1705: StructuredQuadProductionCase.SstChannelMatchesCartesianOnTiltedMesh
          Start 1699: StructuredQuadProductionCase.DistortedPoiseuilleGridConvergence
   1/1821 Test #1622: SchemeValidation.AccuracyCostComparison ..................................................................   Passed   35.12 sec
          Start 1713: MultiBlockProductionCase.CurvedChannelGridConvergence
   2/1821 Test #1634: PoiseuilleValidation.ProductionGridConvergence ...........................................................   Passed   35.58 sec
          Start 1707: GradedMeshProductionCase.GradedMeshBeatsUniformAtEqualCellCount
   3/1821 Test #1629: PoiseuilleValidation.GridConvergence .....................................................................   Passed   37.84 sec
          Start 1706: GradedMeshProductionCase.CommittedCaseRunsConservesAndExportsGradedGeometry
   4/1821 Test #1809: SIMPLEMMS.VelocityConvergesAtExpectedOrder ...............................................................   Passed   44.50 sec
          Start 1709: GradedMeshProductionCase.XAndYGradingTogether
   5/1821 Test #1699: StructuredQuadProductionCase.DistortedPoiseuilleGridConvergence ..........................................   Passed   44.52 sec
          Start 1716: MultiBlockProductionCase.ObstacleChannelInternalSolid
   6/1821 Test #1810: SIMPLEMMS.PressureConvergesAtExpectedOrder ...............................................................   Passed   44.98 sec
          Start 1811: SIMPLEMMS.ContinuityConverges
   7/1821 Test #1705: StructuredQuadProductionCase.SstChannelMatchesCartesianOnTiltedMesh ......................................   Passed   46.23 sec
          Start 1763: ChannelFlowValidation.AllFourModelsProduceDistinctMuTAndNames
   8/1821 Test #1710: GradedMeshProductionCase.GradedVertexGridOnNonOrthogonalStructuredQuad ...................................   Passed   47.79 sec
          Start 1656: NaturalConvectionValidation.Grid15x15MatchesDeVahlDavisRa1e3
   9/1821 Test #1763: ChannelFlowValidation.AllFourModelsProduceDistinctMuTAndNames ............................................***Failed   19.04 sec
Running main() from /mnt/c/Users/Hasib/Desktop/CFDAPP/CFDApp/build/release/_deps/googletest-src/googletest/src/gtest_main.cc
Note: Google Test filter = ChannelFlowValidation.AllFourModelsProduceDistinctMuTAndNames
[==========] Running 1 test from 1 test suite.
[----------] Global test environment set-up.
[----------] 1 test from ChannelFlowValidation
[ RUN      ] ChannelFlowValidation.AllFourModelsProduceDistinctMuTAndNames
/mnt/c/Users/Hasib/Desktop/CFDAPP/CFDApp/tests/integration/turbulence_channel/test_channel_flow_validation.cpp:822: Failure
Expected equality of these values:
  laminarResult.status
    Which is: 4-byte object <03-00 00-00>
  SIMPLEStatus::Converged
    Which is: 4-byte object <00-00 00-00>

[  FAILED  ] ChannelFlowValidation.AllFourModelsProduceDistinctMuTAndNames (19019 ms)
[----------] 1 test from ChannelFlowValidation (19019 ms total)

[----------] Global test environment tear-down
[==========] 1 test from 1 test suite ran. (19019 ms total)
[  PASSED  ] 0 tests.
[  FAILED  ] 1 test, listed below:
[  FAILED  ] ChannelFlowValidation.AllFourModelsProduceDistinctMuTAndNames

 1 FAILED TEST

          Start 1816: CompressibleSimpleMMS.SystemConvergence
  10/1821 Test #1689: CompressibleCoupledProductionCaseTest.ExportsCoupledCompressibleFields ...................................   Passed   66.16 sec
          Start 1703: StructuredQuadProductionCase.CompressibleSimpleMatchesLubricationSolutionOnDistortedMesh
  11/1821 Test #1687: CompressibleCoupledProductionCaseTest.MassFlowRateIsConservedAtEveryInternalCrossSection .................   Passed   66.94 sec
          Start 1812: SIMPLEMMS.GlobalMassBalance
  12/1821 Test #1686: CompressibleCoupledProductionCaseTest.DispatchesToCompressibleSimpleAndConverges .........................   Passed   67.46 sec
          Start 1762: ChannelFlowValidation.LaminarControlDiffersSubstantiallyFromKEpsilon
  13/1821 Test #1688: CompressibleCoupledProductionCaseTest.MatchesArkilicIsothermalLubricationPressureProfile .................   Passed   68.03 sec
          Start 1766: TurbulentChannelValidation.ReTau180
  14/1821 Test #1766: TurbulentChannelValidation.ReTau180 ......................................................................***Failed    1.84 sec
Running main() from /mnt/c/Users/Hasib/Desktop/CFDAPP/CFDApp/build/release/_deps/googletest-src/googletest/src/gtest_main.cc
Note: Google Test filter = TurbulentChannelValidation.ReTau180
[==========] Running 1 test from 1 test suite.
[----------] Global test environment set-up.
[----------] 1 test from TurbulentChannelValidation
[ RUN      ] TurbulentChannelValidation.ReTau180
/mnt/c/Users/Hasib/Desktop/CFDAPP/CFDApp/tests/integration/turbulence_channel/test_channel_flow_validation.cpp:414: Failure
Expected equality of these values:
  result.status
    Which is: 4-byte object <03-00 00-00>
  SIMPLEStatus::Converged
    Which is: 4-byte object <00-00 00-00>
SST medium did not converge (status=3, iterations=80)

/mnt/c/Users/Hasib/Desktop/CFDAPP/CFDApp/tests/integration/turbulence_channel/test_channel_flow_validation.cpp:1149: Failure
Value of: check.passed
  Actual: false
Expected: true
turbulent_channel_re_tau_180_SST/medium/upwind solve_accepted: PressureCorrectionFailure solver status PressureCorrectionFailure (not Converged): pressure-correction linear solve failed: BiCGSTAB Breakdown after 76 iterations

/mnt/c/Users/Hasib/Desktop/CFDAPP/CFDApp/tests/integration/turbulence_channel/test_channel_flow_validation.cpp:1173: Failure
Value of: run.level.accepted
  Actual: false
Expected: true

[  FAILED  ] TurbulentChannelValidation.ReTau180 (1837 ms)
[----------] 1 test from TurbulentChannelValidation (1837 ms total)

[----------] Global test environment tear-down
[==========] 1 test from 1 test suite ran. (1837 ms total)
[  PASSED  ] 0 tests.
[  FAILED  ] 1 test, listed below:
[  FAILED  ] TurbulentChannelValidation.ReTau180

 1 FAILED TEST

          Start 1767: TurbulentChannelValidation.LogLaw
  15/1821 Test #1762: ChannelFlowValidation.LaminarControlDiffersSubstantiallyFromKEpsilon .....................................***Failed    4.15 sec
Running main() from /mnt/c/Users/Hasib/Desktop/CFDAPP/CFDApp/build/release/_deps/googletest-src/googletest/src/gtest_main.cc
Note: Google Test filter = ChannelFlowValidation.LaminarControlDiffersSubstantiallyFromKEpsilon
[==========] Running 1 test from 1 test suite.
[----------] Global test environment set-up.
[----------] 1 test from ChannelFlowValidation
[ RUN      ] ChannelFlowValidation.LaminarControlDiffersSubstantiallyFromKEpsilon
/mnt/c/Users/Hasib/Desktop/CFDAPP/CFDApp/tests/integration/turbulence_channel/test_channel_flow_validation.cpp:725: Failure
Expected equality of these values:
  laminarResult.status
    Which is: 4-byte object <03-00 00-00>
  SIMPLEStatus::Converged
    Which is: 4-byte object <00-00 00-00>

[  FAILED  ] ChannelFlowValidation.LaminarControlDiffersSubstantiallyFromKEpsilon (4132 ms)
[----------] 1 test from ChannelFlowValidation (4132 ms total)

[----------] Global test environment tear-down
[==========] 1 test from 1 test suite ran. (4132 ms total)
[  PASSED  ] 0 tests.
[  FAILED  ] 1 test, listed below:
[  FAILED  ] ChannelFlowValidation.LaminarControlDiffersSubstantiallyFromKEpsilon

 1 FAILED TEST

          Start 1646: TwoMaterialConductionValidation.Grid80MatchesAnalyticalSolution
  16/1821 Test #1646: TwoMaterialConductionValidation.Grid80MatchesAnalyticalSolution ..........................................   Passed    0.04 sec
          Start 1765: ChannelFlowValidation.SSTIsDeterministic
  17/1821 Test #1767: TurbulentChannelValidation.LogLaw ........................................................................***Failed    1.83 sec
Running main() from /mnt/c/Users/Hasib/Desktop/CFDAPP/CFDApp/build/release/_deps/googletest-src/googletest/src/gtest_main.cc
Note: Google Test filter = TurbulentChannelValidation.LogLaw
[==========] Running 1 test from 1 test suite.
[----------] Global test environment set-up.
[----------] 1 test from TurbulentChannelValidation
[ RUN      ] TurbulentChannelValidation.LogLaw
/mnt/c/Users/Hasib/Desktop/CFDAPP/CFDApp/tests/integration/turbulence_channel/test_channel_flow_validation.cpp:414: Failure
Expected equality of these values:
  result.status
    Which is: 4-byte object <03-00 00-00>
  SIMPLEStatus::Converged
    Which is: 4-byte object <00-00 00-00>
SST medium did not converge (status=3, iterations=80)

/mnt/c/Users/Hasib/Desktop/CFDAPP/CFDApp/tests/integration/turbulence_channel/test_channel_flow_validation.cpp:1149: Failure
Value of: check.passed
  Actual: false
Expected: true
turbulent_channel_re_tau_180_SST/medium/upwind solve_accepted: PressureCorrectionFailure solver status PressureCorrectionFailure (not Converged): pressure-correction linear solve failed: BiCGSTAB Breakdown after 76 iterations

/mnt/c/Users/Hasib/Desktop/CFDAPP/CFDApp/tests/integration/turbulence_channel/test_channel_flow_validation.cpp:1190: Failure
Value of: run.level.accepted
  Actual: false
Expected: true

[  FAILED  ] TurbulentChannelValidation.LogLaw (1821 ms)
[----------] 1 test from TurbulentChannelValidation (1821 ms total)

[----------] Global test environment tear-down
[==========] 1 test from 1 test suite ran. (1821 ms total)
[  PASSED  ] 0 tests.
[  FAILED  ] 1 test, listed below:
[  FAILED  ] TurbulentChannelValidation.LogLaw

 1 FAILED TEST

          Start 1711: MultiBlockProductionCase.CurvedChannelCommittedCaseGate
  18/1821 Test #1811: SIMPLEMMS.ContinuityConverges ............................................................................   Passed   27.66 sec
          Start 1712: MultiBlockProductionCase.CurvedChannelInterfacesAreTransparent
  19/1821 Test #1708: GradedMeshProductionCase.GradedGridConvergence ...........................................................   Passed   74.70 sec
          Start 1759: ChannelFlowValidation.SSTMediumConvergesAndMatchesLogLaw
  20/1821 Test #1759: ChannelFlowValidation.SSTMediumConvergesAndMatchesLogLaw .................................................***Failed    1.62 sec
Running main() from /mnt/c/Users/Hasib/Desktop/CFDAPP/CFDApp/build/release/_deps/googletest-src/googletest/src/gtest_main.cc
Note: Google Test filter = ChannelFlowValidation.SSTMediumConvergesAndMatchesLogLaw
[==========] Running 1 test from 1 test suite.
[----------] Global test environment set-up.
[----------] 1 test from ChannelFlowValidation
[ RUN      ] ChannelFlowValidation.SSTMediumConvergesAndMatchesLogLaw
/mnt/c/Users/Hasib/Desktop/CFDAPP/CFDApp/tests/integration/turbulence_channel/test_channel_flow_validation.cpp:414: Failure
Expected equality of these values:
  result.status
    Which is: 4-byte object <03-00 00-00>
  SIMPLEStatus::Converged
    Which is: 4-byte object <00-00 00-00>
SST medium did not converge (status=3, iterations=80)

[  FAILED  ] ChannelFlowValidation.SSTMediumConvergesAndMatchesLogLaw (1608 ms)
[----------] 1 test from ChannelFlowValidation (1608 ms total)

[----------] Global test environment tear-down
[==========] 1 test from 1 test suite ran. (1608 ms total)
[  PASSED  ] 0 tests.
[  FAILED  ] 1 test, listed below:
[  FAILED  ] ChannelFlowValidation.SSTMediumConvergesAndMatchesLogLaw

 1 FAILED TEST

          Start 1806: MomentumMMS.DistortedMesh
  21/1821 Test #1707: GradedMeshProductionCase.GradedMeshBeatsUniformAtEqualCellCount ..........................................   Passed   42.44 sec
          Start 1620: SchemeValidation.LinearUpwind
  22/1821 Test #1706: GradedMeshProductionCase.CommittedCaseRunsConservesAndExportsGradedGeometry ..............................   Passed   40.52 sec
          Start 1621: SchemeValidation.Quick
  23/1821 Test #1656: NaturalConvectionValidation.Grid15x15MatchesDeVahlDavisRa1e3 .............................................   Passed   31.16 sec
          Start 1701: StructuredQuadProductionCase.NonOrthogonalCorrectionIsActiveOnTheProductionPath
  24/1821 Test #1709: GradedMeshProductionCase.XAndYGradingTogether ............................................................   Passed   37.45 sec
          Start 1619: SchemeValidation.Central
  25/1821 Test #1812: SIMPLEMMS.GlobalMassBalance ..............................................................................   Passed   18.11 sec
          Start 1618: SchemeValidation.Upwind
  26/1821 Test #1806: MomentumMMS.DistortedMesh ................................................................................   Passed   11.40 sec
          Start 1609: CavityGhiaValidation.Re100Grid20
  27/1821 Test #1816: CompressibleSimpleMMS.SystemConvergence ..................................................................   Passed   23.02 sec
          Start 1488: SIMPLENonOrthogonalTest.CorrectedSolveIsCloserToExactCouetteFlowOnDistortedMesh
  28/1821 Test #1620: SchemeValidation.LinearUpwind ............................................................................   Passed   10.35 sec
          Start 1608: CavityGhiaValidation.Grid20x20IsDeterministic
  29/1821 Test #1621: SchemeValidation.Quick ...................................................................................   Passed   10.27 sec
          Start 1756: ChannelFlowValidation.KOmegaMediumConvergesAndMatchesLogLaw
  30/1821 Test #1619: SchemeValidation.Central .................................................................................   Passed    9.63 sec
          Start 1803: MomentumMMS.UConverges
  31/1821 Test #1703: StructuredQuadProductionCase.CompressibleSimpleMatchesLubricationSolutionOnDistortedMesh .................   Passed   25.59 sec
          Start 1804: MomentumMMS.VConverges
  32/1821 Test #1658: NaturalConvectionValidation.GridConvergence ..............................................................   Passed   93.02 sec
          Start 1661: NaturalConvectionValidation.RepeatedCoupledSolveIsBitIdentical
  33/1821 Test #1765: ChannelFlowValidation.SSTIsDeterministic .................................................................   Passed   21.51 sec
          Start 1625: TransientCavityTest.LongTimeTransientApproachesValidatedSteadySimple
  34/1821 Test #1701: StructuredQuadProductionCase.NonOrthogonalCorrectionIsActiveOnTheProductionPath ..........................   Passed   14.74 sec
          Start 1484: SIMPLENonOrthogonalTest.DistortedMeshStrong
  35/1821 Test #1618: SchemeValidation.Upwind ..................................................................................   Passed    9.35 sec
          Start 1758: ChannelFlowValidation.SSTCoarseConvergesAndMatchesLogLaw
  36/1821 Test #1814: SIMPLEMMS.DistortedMesh ..................................................................................   Passed   95.97 sec
          Start 1808: SIMPLEMMS.ConvergesFromNonExactInitialCondition
  37/1821 Test #1609: CavityGhiaValidation.Re100Grid20 .........................................................................   Passed    9.73 sec
          Start 1715: MultiBlockProductionCase.StepChannelRegression
  38/1821 Test #1713: MultiBlockProductionCase.CurvedChannelGridConvergence ....................................................   Passed   62.59 sec
          Start 1631: PoiseuilleValidation.Profile
  39/1821 Test #1488: SIMPLENonOrthogonalTest.CorrectedSolveIsCloserToExactCouetteFlowOnDistortedMesh ..........................   Passed   10.52 sec
          Start 1633: PoiseuilleValidation.PressureDrop
  40/1821 Test #1804: MomentumMMS.VConverges ...................................................................................   Passed    7.25 sec
          Start 1632: PoiseuilleValidation.MassFlow
  41/1821 Test #1712: MultiBlockProductionCase.CurvedChannelInterfacesAreTransparent ...........................................   Passed   26.48 sec
          Start 1640: HeatedCavityConductionValidation.Grid80x80MatchesAnalyticalProfile
  42/1821 Test #1640: HeatedCavityConductionValidation.Grid80x80MatchesAnalyticalProfile .......................................   Passed    0.11 sec
          Start 1700: StructuredQuadProductionCase.LeastSquaresGradientMatchesAnalyticalSolution
  43/1821 Test #1803: MomentumMMS.UConverges ...................................................................................   Passed    7.77 sec
          Start 1698: StructuredQuadProductionCase.DistortedPoiseuilleMatchesAnalyticalSolution
  44/1821 Test #1711: MultiBlockProductionCase.CurvedChannelCommittedCaseGate ..................................................   Passed   27.79 sec
          Start 1799: LowMachRegressionTest.GridRefinementKeepsAllMetricsSmall
  45/1821 Test #1716: MultiBlockProductionCase.ObstacleChannelInternalSolid ....................................................   Passed   55.15 sec
          Start 1704: StructuredQuadProductionCase.KEpsilonChannelMatchesCartesianOnTiltedMesh
  46/1821 Test #1756: ChannelFlowValidation.KOmegaMediumConvergesAndMatchesLogLaw ..............................................   Passed   11.20 sec
          Start 1753: ChannelFlowValidation.KEpsilonMediumConvergesAndMatchesLogLaw
  47/1821 Test #1753: ChannelFlowValidation.KEpsilonMediumConvergesAndMatchesLogLaw ............................................***Failed    1.38 sec
Running main() from /mnt/c/Users/Hasib/Desktop/CFDAPP/CFDApp/build/release/_deps/googletest-src/googletest/src/gtest_main.cc
Note: Google Test filter = ChannelFlowValidation.KEpsilonMediumConvergesAndMatchesLogLaw
[==========] Running 1 test from 1 test suite.
[----------] Global test environment set-up.
[----------] 1 test from ChannelFlowValidation
[ RUN      ] ChannelFlowValidation.KEpsilonMediumConvergesAndMatchesLogLaw
/mnt/c/Users/Hasib/Desktop/CFDAPP/CFDApp/tests/integration/turbulence_channel/test_channel_flow_validation.cpp:414: Failure
Expected equality of these values:
  result.status
    Which is: 4-byte object <03-00 00-00>
  SIMPLEStatus::Converged
    Which is: 4-byte object <00-00 00-00>
kEpsilon medium did not converge (status=3, iterations=77)

[  FAILED  ] ChannelFlowValidation.KEpsilonMediumConvergesAndMatchesLogLaw (1376 ms)
[----------] 1 test from ChannelFlowValidation (1376 ms total)

[----------] Global test environment tear-down
[==========] 1 test from 1 test suite ran. (1377 ms total)
[  PASSED  ] 0 tests.
[  FAILED  ] 1 test, listed below:
[  FAILED  ] ChannelFlowValidation.KEpsilonMediumConvergesAndMatchesLogLaw

 1 FAILED TEST

          Start 1685: CompressibleProductionCaseTest.RepeatedRunsAreDeterministic
  48/1821 Test #1484: SIMPLENonOrthogonalTest.DistortedMeshStrong ..............................................................   Passed    8.50 sec
          Start 1764: ChannelFlowValidation.KEpsilonIsDeterministic
  49/1821 Test #1661: NaturalConvectionValidation.RepeatedCoupledSolveIsBitIdentical ...........................................   Passed   10.30 sec
          Start 1604: CavityGhiaValidation.Grid20x20ConvergesAndMatchesGhia
  50/1821 Test #1808: SIMPLEMMS.ConvergesFromNonExactInitialCondition ..........................................................   Passed    7.52 sec
          Start 1755: ChannelFlowValidation.KOmegaCoarseConvergesAndMatchesLogLaw
  51/1821 Test #1755: ChannelFlowValidation.KOmegaCoarseConvergesAndMatchesLogLaw ..............................................***Failed    0.65 sec
Running main() from /mnt/c/Users/Hasib/Desktop/CFDAPP/CFDApp/build/release/_deps/googletest-src/googletest/src/gtest_main.cc
Note: Google Test filter = ChannelFlowValidation.KOmegaCoarseConvergesAndMatchesLogLaw
[==========] Running 1 test from 1 test suite.
[----------] Global test environment set-up.
[----------] 1 test from ChannelFlowValidation
[ RUN      ] ChannelFlowValidation.KOmegaCoarseConvergesAndMatchesLogLaw
/mnt/c/Users/Hasib/Desktop/CFDAPP/CFDApp/tests/integration/turbulence_channel/test_channel_flow_validation.cpp:414: Failure
Expected equality of these values:
  result.status
    Which is: 4-byte object <03-00 00-00>
  SIMPLEStatus::Converged
    Which is: 4-byte object <00-00 00-00>
kOmega coarse did not converge (status=3, iterations=61)

[  FAILED  ] ChannelFlowValidation.KOmegaCoarseConvergesAndMatchesLogLaw (639 ms)
[----------] 1 test from ChannelFlowValidation (639 ms total)

[----------] Global test environment tear-down
[==========] 1 test from 1 test suite ran. (640 ms total)
[  PASSED  ] 0 tests.
[  FAILED  ] 1 test, listed below:
[  FAILED  ] ChannelFlowValidation.KOmegaCoarseConvergesAndMatchesLogLaw

 1 FAILED TEST

          Start 1439: SIMPLEConvergenceTest.CavityRe100_20x20Converges
  52/1821 Test #1625: TransientCavityTest.LongTimeTransientApproachesValidatedSteadySimple .....................................   Passed   10.97 sec
          Start 1483: SIMPLENonOrthogonalTest.DistortedMeshModerate
  53/1821 Test #1631: PoiseuilleValidation.Profile .............................................................................   Passed    6.48 sec
          Start 1482: SIMPLENonOrthogonalTest.DistortedMeshMild
  54/1821 Test #1758: ChannelFlowValidation.SSTCoarseConvergesAndMatchesLogLaw .................................................   Passed   10.49 sec
          Start 1659: NaturalConvectionValidation.HotFluidRisesNearHotWallColdFluidSinksNearColdWall
  55/1821 Test #1633: PoiseuilleValidation.PressureDrop ........................................................................   Passed    6.31 sec
          Start 1655: NaturalConvectionValidation.Grid10x10ConstantPropertyModelsMatchDeVahlDavisRa1e3
  56/1821 Test #1632: PoiseuilleValidation.MassFlow ............................................................................   Passed    6.40 sec
          Start 1654: NaturalConvectionValidation.Grid10x10MatchesDeVahlDavisRa1e3
  57/1821 Test #1608: CavityGhiaValidation.Grid20x20IsDeterministic ............................................................   Passed   17.54 sec
          Start 1630: PoiseuilleValidation.Grid64x8IsDeterministic
  58/1821 Test #1704: StructuredQuadProductionCase.KEpsilonChannelMatchesCartesianOnTiltedMesh .................................   Passed    6.54 sec
          Start 1636: TransientPoiseuilleTest.LongTimeTransientApproachesValidatedSteadySimple
  59/1821 Test #1799: LowMachRegressionTest.GridRefinementKeepsAllMetricsSmall .................................................   Passed    6.77 sec
          Start 1800: LowMachRegressionTest.RepeatedRunIsDeterministic
  60/1821 Test #1685: CompressibleProductionCaseTest.RepeatedRunsAreDeterministic ..............................................   Passed    5.21 sec
          Start 1801: ScalarMMS.AdvectionDiffusionConverges
  61/1821 Test #1700: StructuredQuadProductionCase.LeastSquaresGradientMatchesAnalyticalSolution ...............................   Passed    7.83 sec
          Start 1782: SpeciesSolverCouplingTest.PassiveSpeciesDoesNotAlterVelocityOrThermalSolution
  62/1821 Test #1782: SpeciesSolverCouplingTest.PassiveSpeciesDoesNotAlterVelocityOrThermalSolution ............................***Failed    0.05 sec
Running main() from /mnt/c/Users/Hasib/Desktop/CFDAPP/CFDApp/build/release/_deps/googletest-src/googletest/src/gtest_main.cc
Note: Google Test filter = SpeciesSolverCouplingTest.PassiveSpeciesDoesNotAlterVelocityOrThermalSolution
[==========] Running 1 test from 1 test suite.
[----------] Global test environment set-up.
[----------] 1 test from SpeciesSolverCouplingTest
[ RUN      ] SpeciesSolverCouplingTest.PassiveSpeciesDoesNotAlterVelocityOrThermalSolution
/mnt/c/Users/Hasib/Desktop/CFDAPP/CFDApp/tests/integration/species/test_species_solver_coupling.cpp:204: Failure
Expected equality of these values:
  flow.status
    Which is: 4-byte object <03-00 00-00>
  SIMPLEStatus::Converged
    Which is: 4-byte object <00-00 00-00>

[  FAILED  ] SpeciesSolverCouplingTest.PassiveSpeciesDoesNotAlterVelocityOrThermalSolution (37 ms)
[----------] 1 test from SpeciesSolverCouplingTest (37 ms total)

[----------] Global test environment tear-down
[==========] 1 test from 1 test suite ran. (38 ms total)
[  PASSED  ] 0 tests.
[  FAILED  ] 1 test, listed below:
[  FAILED  ] SpeciesSolverCouplingTest.PassiveSpeciesDoesNotAlterVelocityOrThermalSolution

 1 FAILED TEST

          Start 1500: SIMPLERobustnessTest.StagnationStatus
  63/1821 Test #1698: StructuredQuadProductionCase.DistortedPoiseuilleMatchesAnalyticalSolution ................................   Passed    7.92 sec
          Start 1486: SIMPLENonOrthogonalTest.NonOrthogonalDeterministic
  64/1821 Test #1482: SIMPLENonOrthogonalTest.DistortedMeshMild ................................................................   Passed    4.26 sec
          Start 1324: VisualizationSnapshotTest.CompressibleCaseExposesThermodynamicFieldsLiveAndReloaded
  65/1821 Test #1483: SIMPLENonOrthogonalTest.DistortedMeshModerate ............................................................   Passed    4.37 sec
          Start 1691: CompressibleCoupledProductionCaseTest.NonCoupledCaseStillUsesPostHocPathUnchanged
  66/1821 Test #1764: ChannelFlowValidation.KEpsilonIsDeterministic ............................................................   Passed    6.34 sec
          Start 1682: CompressibleProductionCaseTest.ExportsCompressibleFieldsToCsvVtkAndJson
  67/1821 Test #1801: ScalarMMS.AdvectionDiffusionConverges ....................................................................   Passed    3.03 sec
          Start 1680: CompressibleProductionCaseTest.ContinuityImbalanceIsSmall
  68/1821 Test #1659: NaturalConvectionValidation.HotFluidRisesNearHotWallColdFluidSinksNearColdWall ...........................   Passed    5.05 sec
          Start 1681: CompressibleProductionCaseTest.OutletBoundaryMassFluxUsesReferencePressureDensity
  69/1821 Test #1500: SIMPLERobustnessTest.StagnationStatus ....................................................................   Passed    2.93 sec
          Start 1679: CompressibleProductionCaseTest.MachNumberStaysWellBelowPointOneAndEosIsConsistent
  70/1821 Test #1655: NaturalConvectionValidation.Grid10x10ConstantPropertyModelsMatchDeVahlDavisRa1e3 .........................   Passed    4.92 sec
          Start 1678: CompressibleProductionCaseTest.RunsEndToEndAndConverges
  71/1821 Test #1486: SIMPLENonOrthogonalTest.NonOrthogonalDeterministic .......................................................   Passed    2.87 sec
          Start 1752: ChannelFlowValidation.KEpsilonCoarseConvergesAndMatchesLogLaw
  72/1821 Test #1654: NaturalConvectionValidation.Grid10x10MatchesDeVahlDavisRa1e3 .............................................   Passed    4.80 sec
          Start 1599: CompressibleSIMPLENonOrthogonalTest.NonOrthogonalOpenChannel
  73/1821 Test #1715: MultiBlockProductionCase.StepChannelRegression ...........................................................   Passed   13.04 sec
          Start 1485: SIMPLENonOrthogonalTest.NonOrthogonalMassConservation
  74/1821 Test #1324: VisualizationSnapshotTest.CompressibleCaseExposesThermodynamicFieldsLiveAndReloaded ......................   Passed    2.61 sec
          Start 1626: PoiseuilleValidation.Grid64x8ConvergesAndMatchesAnalyticalProfile
  75/1821 Test #1691: CompressibleCoupledProductionCaseTest.NonCoupledCaseStillUsesPostHocPathUnchanged ........................   Passed    2.64 sec
          Start 1802: ScalarMMS.DistortedMeshNonOrthogonalCorrection
  76/1821 Test #1682: CompressibleProductionCaseTest.ExportsCompressibleFieldsToCsvVtkAndJson ..................................   Passed    2.60 sec
          Start 1783: SpeciesSolverCouplingTest.TwoIndependentSpeciesShowNoCrossCoupling
  77/1821 Test #1783: SpeciesSolverCouplingTest.TwoIndependentSpeciesShowNoCrossCoupling .......................................***Failed    0.05 sec
Running main() from /mnt/c/Users/Hasib/Desktop/CFDAPP/CFDApp/build/release/_deps/googletest-src/googletest/src/gtest_main.cc
Note: Google Test filter = SpeciesSolverCouplingTest.TwoIndependentSpeciesShowNoCrossCoupling
[==========] Running 1 test from 1 test suite.
[----------] Global test environment set-up.
[----------] 1 test from SpeciesSolverCouplingTest
[ RUN      ] SpeciesSolverCouplingTest.TwoIndependentSpeciesShowNoCrossCoupling
/mnt/c/Users/Hasib/Desktop/CFDAPP/CFDApp/tests/integration/species/test_species_solver_coupling.cpp:258: Failure
Expected equality of these values:
  flow.status
    Which is: 4-byte object <03-00 00-00>
  SIMPLEStatus::Converged
    Which is: 4-byte object <00-00 00-00>

[  FAILED  ] SpeciesSolverCouplingTest.TwoIndependentSpeciesShowNoCrossCoupling (36 ms)
[----------] 1 test from SpeciesSolverCouplingTest (37 ms total)

[----------] Global test environment tear-down
[==========] 1 test from 1 test suite ran. (37 ms total)
[  PASSED  ] 0 tests.
[  FAILED  ] 1 test, listed below:
[  FAILED  ] SpeciesSolverCouplingTest.TwoIndependentSpeciesShowNoCrossCoupling

 1 FAILED TEST

          Start 1794: LowMachRegressionTest.MachNumberStaysWellBelowPointOne
  78/1821 Test #1800: LowMachRegressionTest.RepeatedRunIsDeterministic .........................................................   Passed    5.03 sec
          Start 1795: LowMachRegressionTest.DensityVariationIsSmallRelativeToReferenceDensity
  79/1821 Test #1636: TransientPoiseuilleTest.LongTimeTransientApproachesValidatedSteadySimple .................................   Passed    5.10 sec
          Start 1797: LowMachRegressionTest.CompressibleMassFluxApproachesTheIncompressibleLimit
  80/1821 Test #1680: CompressibleProductionCaseTest.ContinuityImbalanceIsSmall ................................................   Passed    2.76 sec
          Start 1796: LowMachRegressionTest.EosConsistencyErrorIsAtFloatingPointTolerance
  81/1821 Test #1604: CavityGhiaValidation.Grid20x20ConvergesAndMatchesGhia ....................................................   Passed    9.06 sec
          Start 1798: LowMachRegressionTest.GlobalMassImbalanceIsSmall
  82/1821 Test #1681: CompressibleProductionCaseTest.OutletBoundaryMassFluxUsesReferencePressureDensity ........................   Passed    2.64 sec
          Start 1647: TwoMaterialConductionValidation.GridRefinementDoesNotDegradeAccuracy
  83/1821 Test #1647: TwoMaterialConductionValidation.GridRefinementDoesNotDegradeAccuracy .....................................   Passed    0.02 sec
          Start 1645: TwoMaterialConductionValidation.Grid40MatchesAnalyticalSolution
  84/1821 Test #1645: TwoMaterialConductionValidation.Grid40MatchesAnalyticalSolution ..........................................   Passed    0.03 sec
          Start 1781: SpeciesSolverCouplingTest.TransportsThroughAGenuineSIMPLESolvedPoiseuilleFlow
  85/1821 Test #1679: CompressibleProductionCaseTest.MachNumberStaysWellBelowPointOneAndEosIsConsistent ........................   Passed    2.63 sec
          Start 1624: TransientCavityTest.ImpulsiveStartReachesFiniteConservativeStateAndDevelopsRecirculation
  86/1821 Test #1781: SpeciesSolverCouplingTest.TransportsThroughAGenuineSIMPLESolvedPoiseuilleFlow ............................***Failed    0.05 sec
Running main() from /mnt/c/Users/Hasib/Desktop/CFDAPP/CFDApp/build/release/_deps/googletest-src/googletest/src/gtest_main.cc
Note: Google Test filter = SpeciesSolverCouplingTest.TransportsThroughAGenuineSIMPLESolvedPoiseuilleFlow
[==========] Running 1 test from 1 test suite.
[----------] Global test environment set-up.
[----------] 1 test from SpeciesSolverCouplingTest
[ RUN      ] SpeciesSolverCouplingTest.TransportsThroughAGenuineSIMPLESolvedPoiseuilleFlow
/mnt/c/Users/Hasib/Desktop/CFDAPP/CFDApp/tests/integration/species/test_species_solver_coupling.cpp:156: Failure
Expected equality of these values:
  flow.status
    Which is: 4-byte object <03-00 00-00>
  SIMPLEStatus::Converged
    Which is: 4-byte object <00-00 00-00>

[  FAILED  ] SpeciesSolverCouplingTest.TransportsThroughAGenuineSIMPLESolvedPoiseuilleFlow (35 ms)
[----------] 1 test from SpeciesSolverCouplingTest (35 ms total)

[----------] Global test environment tear-down
[==========] 1 test from 1 test suite ran. (35 ms total)
[  PASSED  ] 0 tests.
[  FAILED  ] 1 test, listed below:
[  FAILED  ] SpeciesSolverCouplingTest.TransportsThroughAGenuineSIMPLESolvedPoiseuilleFlow

 1 FAILED TEST

          Start 1601: CompressibleSIMPLERobustnessTest.RobustnessRegression
  87/1821 Test #1599: CompressibleSIMPLENonOrthogonalTest.NonOrthogonalOpenChannel .............................................   Passed    2.64 sec
          Start 1481: SIMPLENonOrthogonalTest.NonOrthogonalCorrectionsZeroPreservesBaseline
  88/1821 Test #1678: CompressibleProductionCaseTest.RunsEndToEndAndConverges ..................................................   Passed    2.76 sec
          Start 1635: TransientPoiseuilleTest.StartupChannelReachesFiniteConservativeStateAndDevelopsProfile
  89/1821 Test #1802: ScalarMMS.DistortedMeshNonOrthogonalCorrection ...........................................................   Passed    1.74 sec
          Start 1505: SIMPLERobustnessTest.Deterministic
  90/1821 Test #1485: SIMPLENonOrthogonalTest.NonOrthogonalMassConservation ....................................................   Passed    2.47 sec
          Start 1600: CompressibleSIMPLENonOrthogonalTest.LowMachRegression
  91/1821 Test #1439: SIMPLEConvergenceTest.CavityRe100_20x20Converges .........................................................   Passed    8.96 sec
          Start 1499: SIMPLERobustnessTest.NormalizedResidualConvergence
  92/1821 Test #1797: LowMachRegressionTest.CompressibleMassFluxApproachesTheIncompressibleLimit ...............................   Passed    2.16 sec
          Start 1507: SIMPLERobustnessTest.BookkeepingOverheadIsSmall
  93/1821 Test #1794: LowMachRegressionTest.MachNumberStaysWellBelowPointOne ...................................................   Passed    2.28 sec
          Start 1501: SIMPLERobustnessTest.NormalConvergenceIsNotStagnationOrDivergence
  94/1821 Test #1752: ChannelFlowValidation.KEpsilonCoarseConvergesAndMatchesLogLaw ............................................   Passed    3.44 sec
          Start 1602: CompressibleSIMPLERobustnessTest.FallbackRecovery
  95/1821 Test #1795: LowMachRegressionTest.DensityVariationIsSmallRelativeToReferenceDensity ..................................   Passed    2.34 sec
          Start 1637: TemporalRefinementTest.ImplicitEulerConvergesAtApproximatelyFirstOrderOnRealPisoChannel
  96/1821 Test #1505: SIMPLERobustnessTest.Deterministic .......................................................................   Passed    1.06 sec
          Start 1396: ProductionValidationTest.SimpleCountsLinearIterations
  97/1821 Test #1600: CompressibleSIMPLENonOrthogonalTest.LowMachRegression ....................................................   Passed    1.12 sec
          Start 1813: SIMPLEMMS.Deterministic
  98/1821 Test #1601: CompressibleSIMPLERobustnessTest.RobustnessRegression ....................................................   Passed    1.37 sec
          Start 1503: SIMPLERobustnessTest.AdaptiveRelaxationRecovery
  99/1821 Test #1499: SIMPLERobustnessTest.NormalizedResidualConvergence .......................................................   Passed    1.07 sec
          Start 1639: HeatedCavityConductionValidation.Grid40x40MatchesAnalyticalProfile
 100/1821 Test #1481: SIMPLENonOrthogonalTest.NonOrthogonalCorrectionsZeroPreservesBaseline ....................................   Passed    1.34 sec
          Start 1641: HeatedCavityConductionValidation.GridRefinementDoesNotDegradeAccuracy
 101/1821 Test #1639: HeatedCavityConductionValidation.Grid40x40MatchesAnalyticalProfile .......................................   Passed    0.05 sec
          Start 1598: CompressibleSIMPLENonOrthogonalTest.NonOrthogonalPressureCorrection
 102/1821 Test #1641: HeatedCavityConductionValidation.GridRefinementDoesNotDegradeAccuracy ....................................   Passed    0.04 sec
          Start 1773: SpeciesAdvectionDiffusionValidation.DiffusionDominatedRegimePe0p1MatchesAnalytical
 103/1821 Test #1635: TransientPoiseuilleTest.StartupChannelReachesFiniteConservativeStateAndDevelopsProfile ...................   Passed    1.51 sec
          Start 1504: SIMPLERobustnessTest.LinearSolverFallbackRecovery
 104/1821 Test #1630: PoiseuilleValidation.Grid64x8IsDeterministic .............................................................   Passed    8.45 sec
          Start 1774: SpeciesAdvectionDiffusionValidation.MixedRegimePe5MatchesAnalytical
 105/1821 Test #1507: SIMPLERobustnessTest.BookkeepingOverheadIsSmall ..........................................................   Passed    0.92 sec
          Start 1301: ProjectRunnerTest.StagnationDetectionReportsDidNotConverge
 106/1821 Test #1624: TransientCavityTest.ImpulsiveStartReachesFiniteConservativeStateAndDevelopsRecirculation .................   Passed    1.77 sec
          Start 1033: ThermalBoundaryConsistency.SingularAllGradientCellReportsStatusInsteadOfThrowing
 107/1821 Test #1501: SIMPLERobustnessTest.NormalConvergenceIsNotStagnationOrDivergence ........................................   Passed    0.95 sec
          Start 1031: ThermalBoundaryConsistency.ConvergedFieldIsConsistentWithItsBoundaryValues
 108/1821 Test #1796: LowMachRegressionTest.EosConsistencyErrorIsAtFloatingPointTolerance ......................................   Passed    2.26 sec
          Start 1032: ThermalBoundaryConsistency.ConjugateConductionPathIsConsistentToo
 109/1821 Test #1033: ThermalBoundaryConsistency.SingularAllGradientCellReportsStatusInsteadOfThrowing .........................   Passed    0.05 sec
          Start  857: MultiBlockCase.GeometricErrorsAreCaseErrors
 110/1821 Test #1031: ThermalBoundaryConsistency.ConvergedFieldIsConsistentWithItsBoundaryValues ...............................   Passed    0.04 sec
          Start  858: MultiBlockCase.VtkWritesBlockVerticesAndCellCorners
 111/1821 Test #1032: ThermalBoundaryConsistency.ConjugateConductionPathIsConsistentToo ........................................   Passed    0.04 sec
          Start 1030: ThermalBoundaryConsistency.BoundaryDiffusionContributionIsExactPerConditionType
 112/1821 Test #1798: LowMachRegressionTest.GlobalMassImbalanceIsSmall .........................................................   Passed    2.26 sec
          Start  855: MultiBlockCase.WriterRoundTripsExactly
 113/1821 Test  #858: MultiBlockCase.VtkWritesBlockVerticesAndCellCorners ......................................................   Passed    0.05 sec
          Start  859: MultiBlockCase.JsonMetadataListsTheBlocks
 114/1821 Test  #857: MultiBlockCase.GeometricErrorsAreCaseErrors ..............................................................   Passed    0.08 sec
          Start  856: MultiBlockCase.BuilderConstructsTheMultiBlockMeshWithNamedBoundaries
 115/1821 Test #1602: CompressibleSIMPLERobustnessTest.FallbackRecovery ........................................................***Failed    1.05 sec
Running main() from /mnt/c/Users/Hasib/Desktop/CFDAPP/CFDApp/build/release/_deps/googletest-src/googletest/src/gtest_main.cc
Note: Google Test filter = CompressibleSIMPLERobustnessTest.FallbackRecovery
[==========] Running 1 test from 1 test suite.
[----------] Global test environment set-up.
[----------] 1 test from CompressibleSIMPLERobustnessTest
[ RUN      ] CompressibleSIMPLERobustnessTest.FallbackRecovery

P12-COMP-002 channel, CompressibleSIMPLE from rest, BiCGSTAB pressure: fallback off -> status 1 after 80 iterations (); fallback on -> status 1 after 80 iterations, 0 fallback(s), 0 recovered
/mnt/c/Users/Hasib/Desktop/CFDAPP/CFDApp/tests/solver/compressible_simple/test_compressible_robustness.cpp:230: Failure
Expected equality of these values:
  without.status
    Which is: 4-byte object <01-00 00-00>
  CompressibleSIMPLEStatus::PressureCorrectionFailure
    Which is: 4-byte object <03-00 00-00>

[  FAILED  ] CompressibleSIMPLERobustnessTest.FallbackRecovery (994 ms)
[----------] 1 test from CompressibleSIMPLERobustnessTest (994 ms total)

[----------] Global test environment tear-down
[==========] 1 test from 1 test suite ran. (995 ms total)
[  PASSED  ] 0 tests.
[  FAILED  ] 1 test, listed below:
[  FAILED  ] CompressibleSIMPLERobustnessTest.FallbackRecovery

 1 FAILED TEST

          Start 1395: ProductionValidationTest.MakeSimpleRunRecordsSolverAndCost
 116/1821 Test #1030: ThermalBoundaryConsistency.BoundaryDiffusionContributionIsExactPerConditionType ..........................   Passed    0.07 sec
          Start 1702: StructuredQuadProductionCase.ThermalAndSpeciesMatchLinearProfilesOnDistortedSlab
 117/1821 Test  #855: MultiBlockCase.WriterRoundTripsExactly ...................................................................   Passed    0.07 sec
          Start 1010: ThermalSolverVariablePropertiesTest.VariableConductivityMatchesManufacturedAnalyticalProfile
 118/1821 Test  #859: MultiBlockCase.JsonMetadataListsTheBlocks ................................................................   Passed    0.07 sec
          Start  164: MultiBlockMeshInvalid.OverlapsAndUndeclaredContactsAreRejected
 119/1821 Test  #856: MultiBlockCase.BuilderConstructsTheMultiBlockMeshWithNamedBoundaries .....................................   Passed    0.08 sec
          Start  165: MultiBlockMeshInvalid.DisconnectedDomainFailsTheValidityGate
 120/1821 Test #1010: ThermalSolverVariablePropertiesTest.VariableConductivityMatchesManufacturedAnalyticalProfile .............   Passed    0.04 sec
          Start  853: MultiBlockCase.GeometryMustBeMeshDefinedExactlyForMultiblock
 121/1821 Test  #164: MultiBlockMeshInvalid.OverlapsAndUndeclaredContactsAreRejected ...........................................   Passed    0.04 sec
          Start  851: MultiBlockCase.ReaderParsesBlocksInterfacesAndPatches
 122/1821 Test  #165: MultiBlockMeshInvalid.DisconnectedDomainFailsTheValidityGate .............................................   Passed    0.04 sec
          Start 1476: SIMPLEGpuSolverTest.GpuBackendReproducesCpuCavitySolutionWithinTolerance
 123/1821 Test #1637: TemporalRefinementTest.ImplicitEulerConvergesAtApproximatelyFirstOrderOnRealPisoChannel ..................   Passed    1.15 sec
          Start  852: MultiBlockCase.ParserErrorsNameTheField
 124/1821 Test #1396: ProductionValidationTest.SimpleCountsLinearIterations ....................................................   Passed    0.84 sec
          Start  854: MultiBlockCase.BoundariesMustConfigureExactlyTheMeshPatches
 125/1821 Test #1773: SpeciesAdvectionDiffusionValidation.DiffusionDominatedRegimePe0p1MatchesAnalytical .......................   Passed    0.60 sec
          Start 1603: CompressibleSIMPLERobustnessTest.LowMachRegression
 126/1821 Test  #853: MultiBlockCase.GeometryMustBeMeshDefinedExactlyForMultiblock .............................................   Passed    0.09 sec
          Start 1648: TwoMaterialConductionValidation.RepeatedSolveIsDeterministic
 127/1821 Test  #851: MultiBlockCase.ReaderParsesBlocksInterfacesAndPatches ....................................................   Passed    0.10 sec
          Start 1714: MultiBlockProductionCase.SectorConductionInterfaceConservation
 128/1821 Test #1503: SIMPLERobustnessTest.AdaptiveRelaxationRecovery ..........................................................   Passed    0.77 sec
          Start 1321: LoadSnapshotFromResultsTest.ThermalCaseExposesTemperatureField
 129/1821 Test  #852: MultiBlockCase.ParserErrorsNameTheField ..................................................................   Passed    0.09 sec
          Start 1463: SIMPLETurbulenceModelsTest.LaminarKEpsilonKOmegaAndSSTProduceDistinctModelsAndMuT
 130/1821 Test #1598: CompressibleSIMPLENonOrthogonalTest.NonOrthogonalPressureCorrection ......................................   Passed    0.70 sec
          Start  139: MeshGrading.ConstructionIsDeterministic
 131/1821 Test #1301: ProjectRunnerTest.StagnationDetectionReportsDidNotConverge ...............................................   Passed    0.50 sec
          Start  138: MeshGrading.NearUnityRatioTendsToUniform
 132/1821 Test #1813: SIMPLEMMS.Deterministic ..................................................................................   Passed    0.85 sec
          Start 1323: VisualizationSnapshotTest.MultiphaseCaseExposesMixtureFieldsLiveAndReloaded
 133/1821 Test  #854: MultiBlockCase.BoundariesMustConfigureExactlyTheMeshPatches ..............................................   Passed    0.14 sec
          Start  141: MeshGrading.RejectsNonPositiveOrNonFiniteLength
 134/1821 Test #1648: TwoMaterialConductionValidation.RepeatedSolveIsDeterministic .............................................   Passed    0.13 sec
          Start  442: QuickFaceValueTest.ThrowsOnNonPositiveDistance
 135/1821 Test #1774: SpeciesAdvectionDiffusionValidation.MixedRegimePe5MatchesAnalytical ......................................   Passed    0.61 sec
          Start 1322: VisualizationSnapshotTest.SpeciesCaseExposesConcentrationFieldLiveAndReloaded
 136/1821 Test #1504: SIMPLERobustnessTest.LinearSolverFallbackRecovery ........................................................***Failed    0.65 sec
Running main() from /mnt/c/Users/Hasib/Desktop/CFDAPP/CFDApp/build/release/_deps/googletest-src/googletest/src/gtest_main.cc
Note: Google Test filter = SIMPLERobustnessTest.LinearSolverFallbackRecovery
[==========] Running 1 test from 1 test suite.
[----------] Global test environment set-up.
[----------] 1 test from SIMPLERobustnessTest
[ RUN      ] SIMPLERobustnessTest.LinearSolverFallbackRecovery

P12-COMP-002 channel, BiCGSTAB pressure, fallback off: status 1, 60 iterations, final u 0.0533 v 0.0894 p 0.00462 continuity 5.07e-10, alpha 0.7/0.3 (min 0.7), increases 0 decreases 0, fallbacks 0 (recovered 0)
P12-COMP-002 channel, BiCGSTAB pressure, fallback on: status 1, 60 iterations, final u 0.0533 v 0.0894 p 0.00462 continuity 5.07e-10, alpha 0.7/0.3 (min 0.7), increases 0 decreases 0, fallbacks 0 (recovered 0)
/mnt/c/Users/Hasib/Desktop/CFDAPP/CFDApp/tests/solver/simple/test_simple_robustness.cpp:366: Failure
Expected equality of these values:
  without.status
    Which is: 4-byte object <01-00 00-00>
  SIMPLEStatus::PressureCorrectionFailure
    Which is: 4-byte object <03-00 00-00>

[  FAILED  ] SIMPLERobustnessTest.LinearSolverFallbackRecovery (604 ms)
[----------] 1 test from SIMPLERobustnessTest (604 ms total)

[----------] Global test environment tear-down
[==========] 1 test from 1 test suite ran. (604 ms total)
[  PASSED  ] 0 tests.
[  FAILED  ] 1 test, listed below:
[  FAILED  ] SIMPLERobustnessTest.LinearSolverFallbackRecovery

 1 FAILED TEST

          Start  285: GMRESTest.IterationBudgetIsReportedAsMaxIterations
 137/1821 Test #1395: ProductionValidationTest.MakeSimpleRunRecordsSolverAndCost ...............................................   Passed    0.38 sec
          Start  286: GMRESTest.SingularInconsistentSystemReportsBreakdown
 138/1821 Test  #139: MeshGrading.ConstructionIsDeterministic ..................................................................   Passed    0.13 sec
          Start  244: CGTest.RepeatedSolveRebuildsPreconditionerEachTime
 139/1821 Test  #138: MeshGrading.NearUnityRatioTendsToUniform .................................................................   Passed    0.13 sec
          Start  279: GMRESTest.SolvesSPDSystemAndAgreesWithCG
 140/1821 Test  #141: MeshGrading.RejectsNonPositiveOrNonFiniteLength ..........................................................   Passed    0.11 sec
          Start  293: LinearFallbackTest.FallbackFailurePropagates
 141/1821 Test #1476: SIMPLEGpuSolverTest.GpuBackendReproducesCpuCavitySolutionWithinTolerance .................................   Passed    0.32 sec
          Start  296: LinearFallbackTest.SpdMatrixIsCGEligibleAndPreferred
 142/1821 Test #1603: CompressibleSIMPLERobustnessTest.LowMachRegression .......................................................   Passed    0.28 sec
          Start  298: LinearFallbackTest.FallbackKeepsAndRecordsThePreconditioner
 143/1821 Test #1321: LoadSnapshotFromResultsTest.ThermalCaseExposesTemperatureField ...........................................   Passed    0.24 sec
          Start  937: AdaptiveRelaxation.GrowthReducesAlpha
 144/1821 Test #1323: VisualizationSnapshotTest.MultiphaseCaseExposesMixtureFieldsLiveAndReloaded ..............................   Passed    0.19 sec
          Start  136: MeshGrading.InvariantsHoldForEveryDistribution
 145/1821 Test  #442: QuickFaceValueTest.ThrowsOnNonPositiveDistance ...........................................................   Passed    0.16 sec
          Start  290: LinearFallbackTest.DisabledPropagatesFailure
 146/1821 Test  #285: GMRESTest.IterationBudgetIsReportedAsMaxIterations .......................................................   Passed    0.14 sec
          Start  291: LinearFallbackTest.EligibleBreakdownUsesFallback
 147/1821 Test  #286: GMRESTest.SingularInconsistentSystemReportsBreakdown .....................................................   Passed    0.14 sec
          Start  137: MeshGrading.RatioOneIsExactlyUniform
 148/1821 Test  #244: CGTest.RepeatedSolveRebuildsPreconditionerEachTime .......................................................   Passed    0.14 sec
          Start  284: GMRESTest.NonFiniteInputIsRejectedBeforeIterating
 149/1821 Test  #279: GMRESTest.SolvesSPDSystemAndAgreesWithCG .................................................................   Passed    0.14 sec
          Start  140: MeshGrading.RejectsZeroCells
 150/1821 Test #1322: VisualizationSnapshotTest.SpeciesCaseExposesConcentrationFieldLiveAndReloaded ............................   Passed    0.22 sec
          Start  936: AdaptiveRelaxation.ImprovingIncreasesGradually
 151/1821 Test  #293: LinearFallbackTest.FallbackFailurePropagates .............................................................   Passed    0.15 sec
          Start  446: SmoothnessRatioTest.NegativeAtALocalExtremum
 152/1821 Test #1702: StructuredQuadProductionCase.ThermalAndSpeciesMatchLinearProfilesOnDistortedSlab .........................   Passed    0.59 sec
          Start  292: LinearFallbackTest.SuccessRecorded
 153/1821 Test #1463: SIMPLETurbulenceModelsTest.LaminarKEpsilonKOmegaAndSSTProduceDistinctModelsAndMuT ........................   Passed    0.37 sec
          Start  287: GMRESTest.InvalidRestartLengthIsRejected
 154/1821 Test  #296: LinearFallbackTest.SpdMatrixIsCGEligibleAndPreferred .....................................................   Passed    0.17 sec
          Start  942: AdaptiveRelaxation.DisabledPreservesFixedAlpha
 155/1821 Test  #298: LinearFallbackTest.FallbackKeepsAndRecordsThePreconditioner ..............................................   Passed    0.18 sec
          Start   35: GpuResidencyManagerCpuFallbackTest.ActiveMatchesCudaAvailable
 156/1821 Test  #937: AdaptiveRelaxation.GrowthReducesAlpha ....................................................................   Passed    0.17 sec
          Start  452: VanLeerLimiterTest.StaysWithinTheZeroToTwoSwebyTvdRegion
 157/1821 Test  #136: MeshGrading.InvariantsHoldForEveryDistribution ...........................................................   Passed    0.17 sec
          Start  443: LinearUpwindFaceValueTest.ReconstructsExactlyForALinearField
 158/1821 Test  #290: LinearFallbackTest.DisabledPropagatesFailure .............................................................   Passed    0.17 sec
          Start  748: PhysicsCompatibilityTest.AllCompatibleModulesTogether
 159/1821 Test  #291: LinearFallbackTest.EligibleBreakdownUsesFallback .........................................................   Passed    0.17 sec
          Start  935: ConvergencePolicy.NormalizedHistoriesAreReportedAndFinite
 160/1821 Test  #137: MeshGrading.RatioOneIsExactlyUniform .....................................................................   Passed    0.17 sec
          Start  299: LinearFallbackTest.OnlyAlgorithmicFailuresAreEligible
 161/1821 Test  #284: GMRESTest.NonFiniteInputIsRejectedBeforeIterating ........................................................   Passed    0.17 sec
          Start  281: GMRESTest.RestartedSolveConvergesDeterministically
 162/1821 Test  #140: MeshGrading.RejectsZeroCells .............................................................................   Passed    0.17 sec
          Start  933: ConvergencePolicy.NoHiddenConvergence
 163/1821 Test #1714: MultiBlockProductionCase.SectorConductionInterfaceConservation ...........................................   Passed    0.54 sec
          Start  273: LinearSolverFactoryTest.GpuBackendRequestNeverThrowsRegardlessOfDeviceAvailability
 164/1821 Test #1626: PoiseuilleValidation.Grid64x8ConvergesAndMatchesAnalyticalProfile ........................................   Passed    4.34 sec
          Start  277: LinearSolverFactoryTest.GpuBackendJacobiRequestNeverThrowsAndConverges
 165/1821 Test  #936: AdaptiveRelaxation.ImprovingIncreasesGradually ...........................................................   Passed    0.19 sec
          Start  934: ConvergencePolicy.NormalizationRemovesArbitraryScale
 166/1821 Test  #446: SmoothnessRatioTest.NegativeAtALocalExtremum .............................................................   Passed    0.19 sec
          Start  450: VanLeerLimiterTest.OneAtRatioOfOne
 167/1821 Test  #292: LinearFallbackTest.SuccessRecorded .......................................................................   Passed    0.19 sec
          Start  746: PhysicsCompatibilityTest.CompressibleSupportedAlongsideBuoyancy
 168/1821 Test  #287: GMRESTest.InvalidRestartLengthIsRejected .................................................................   Passed    0.19 sec
          Start  939: AdaptiveRelaxation.GrowingOscillationReducesAlphaDecayingZigzagDoesNot
 169/1821 Test  #942: AdaptiveRelaxation.DisabledPreservesFixedAlpha ...........................................................   Passed    0.19 sec
          Start  288: GMRESTest.GpuRequestFallsBackToCpu
 170/1821 Test   #35: GpuResidencyManagerCpuFallbackTest.ActiveMatchesCudaAvailable ............................................   Passed    0.18 sec
          Start  815: RobustnessConfigTest.NonDefaultBlockRoundTripsAndDefaultIsNotWritten
 171/1821 Test  #452: VanLeerLimiterTest.StaysWithinTheZeroToTwoSwebyTvdRegion .................................................   Passed    0.18 sec
          Start  938: AdaptiveRelaxation.PlateauHolds
 172/1821 Test  #443: LinearUpwindFaceValueTest.ReconstructsExactlyForALinearField .............................................   Passed    0.18 sec
          Start  445: SmoothnessRatioTest.PositiveForSmoothMonotoneData
 173/1821 Test  #748: PhysicsCompatibilityTest.AllCompatibleModulesTogether ....................................................   Passed    0.18 sec
          Start  275: LinearSolverFactoryTest.CpuJacobiPreconditionerTypeMatchesExplicitJacobiPreconditioner
 174/1821 Test  #935: ConvergencePolicy.NormalizedHistoriesAreReportedAndFinite ................................................   Passed    0.18 sec
          Start  280: GMRESTest.SolvesNonSymmetricSystem
 175/1821 Test  #299: LinearFallbackTest.OnlyAlgorithmicFailuresAreEligible ....................................................   Passed    0.18 sec
          Start  271: LinearSolverFactoryTest.DefaultSettingsSelectCpuBiCGSTAB
 176/1821 Test  #281: GMRESTest.RestartedSolveConvergesDeterministically .......................................................   Passed    0.18 sec
          Start  440: QuickFaceValueTest.MatchesClassicalCoefficientsOnUniformGrid
 177/1821 Test  #933: ConvergencePolicy.NoHiddenConvergence ....................................................................   Passed    0.18 sec
          Start  135: MeshGrading.TwoSidedClusteringOddCellCount
 178/1821 Test  #273: LinearSolverFactoryTest.GpuBackendRequestNeverThrowsRegardlessOfDeviceAvailability .......................   Passed    0.19 sec
          Start  301: LinearFallbackTest.Deterministic
 179/1821 Test  #277: LinearSolverFactoryTest.GpuBackendJacobiRequestNeverThrowsAndConverges ...................................   Passed    0.19 sec
          Start  278: LinearSolverFactoryTest.InvalidSettingsStillThrowRegardlessOfBackend
 180/1821 Test  #934: ConvergencePolicy.NormalizationRemovesArbitraryScale .....................................................   Passed    0.18 sec
          Start  441: QuickFaceValueTest.ReproducesALinearFieldExactly
 181/1821 Test  #450: VanLeerLimiterTest.OneAtRatioOfOne .......................................................................   Passed    0.19 sec
          Start  449: VanLeerLimiterTest.ZeroWhenRatioIsNullopt
 182/1821 Test  #746: PhysicsCompatibilityTest.CompressibleSupportedAlongsideBuoyancy ..........................................   Passed    0.18 sec
          Start  451: VanLeerLimiterTest.ApproachesTwoForLargeRatio
 183/1821 Test  #939: AdaptiveRelaxation.GrowingOscillationReducesAlphaDecayingZigzagDoesNot ...................................   Passed    0.19 sec
          Start  283: GMRESTest.ZeroRightHandSideConvergesImmediately
 184/1821 Test  #288: GMRESTest.GpuRequestFallsBackToCpu .......................................................................   Passed    0.19 sec
          Start  295: LinearFallbackTest.DoesNotUseCGForUnsupportedMatrix
 185/1821 Test  #815: RobustnessConfigTest.NonDefaultBlockRoundTripsAndDefaultIsNotWritten .....................................   Passed    0.19 sec
          Start  272: LinearSolverFactoryTest.CgTypeSelectsCpuCG
 186/1821 Test  #938: AdaptiveRelaxation.PlateauHolds ..........................................................................   Passed    0.19 sec
          Start  289: LinearFallbackTest.PrimaryBiCGSTABGenuinelyBreaksDownOnIndefiniteSystem
 187/1821 Test  #445: SmoothnessRatioTest.PositiveForSmoothMonotoneData ........................................................   Passed    0.18 sec
          Start  297: LinearFallbackTest.SingularOrReducibleMatricesAreNotCGEligible
 188/1821 Test  #275: LinearSolverFactoryTest.CpuJacobiPreconditionerTypeMatchesExplicitJacobiPreconditioner ...................   Passed    0.19 sec
          Start   32: GpuBackendCpuFallbackTest.CudaAvailableNeverThrows
 189/1821 Test  #280: GMRESTest.SolvesNonSymmetricSystem .......................................................................   Passed    0.19 sec
          Start  448: VanLeerLimiterTest.ZeroAtOrBelowZeroRatio
 190/1821 Test  #271: LinearSolverFactoryTest.DefaultSettingsSelectCpuBiCGSTAB .................................................   Passed    0.18 sec
          Start  134: MeshGrading.TwoSidedClusteringEvenCellCount
 191/1821 Test  #440: QuickFaceValueTest.MatchesClassicalCoefficientsOnUniformGrid .............................................   Passed    0.18 sec
          Start 1480: SIMPLENonOrthogonalTest.CartesianExtraPassesOnlyDifferByLinearSolverTolerance
 192/1821 Test  #135: MeshGrading.TwoSidedClusteringOddCellCount ...............................................................   Passed    0.19 sec
          Start 1027: ThermalNonOrthogonalTest.NonOrthogonalDiffusion
 193/1821 Test  #301: LinearFallbackTest.Deterministic .........................................................................   Passed    0.18 sec
          Start  133: MeshGrading.OneSidedEndClusteringMirrorsStart
 194/1821 Test  #278: LinearSolverFactoryTest.InvalidSettingsStillThrowRegardlessOfBackend .....................................   Passed    0.18 sec
          Start  814: RobustnessConfigTest.InvalidValuesAreRejectedWithTheFieldNamed
 195/1821 Test  #441: QuickFaceValueTest.ReproducesALinearFieldExactly .........................................................   Passed    0.18 sec
          Start 1319: LoadSnapshotFromResultsTest.ReloadsAPreviouslyWrittenResultsDirectory
 196/1821 Test  #449: VanLeerLimiterTest.ZeroWhenRatioIsNullopt ................................................................   Passed    0.19 sec
          Start 1670: SpeciesProductionCaseTest.RepeatedRunsAreDeterministic
 197/1821 Test  #451: VanLeerLimiterTest.ApproachesTwoForLargeRatio ............................................................   Passed    0.18 sec
          Start  749: PhysicsCompatibilityTest.RejectsMultiphaseTogetherWithCompressible
 198/1821 Test  #283: GMRESTest.ZeroRightHandSideConvergesImmediately ..........................................................   Passed    0.19 sec
          Start  132: MeshGrading.OneSidedStartClusteringMatchesGeometricSeries
 199/1821 Test  #295: LinearFallbackTest.DoesNotUseCGForUnsupportedMatrix ......................................................   Passed    0.19 sec
          Start  753: PhysicsCompatibilityTest.RejectsCoupledCompressibleTogetherWithTurbulence
 200/1821 Test  #272: LinearSolverFactoryTest.CgTypeSelectsCpuCG ...............................................................   Passed    0.19 sec
          Start  131: MeshGrading.UniformIsEqualWidths
 201/1821 Test  #289: LinearFallbackTest.PrimaryBiCGSTABGenuinelyBreaksDownOnIndefiniteSystem ..................................   Passed    0.20 sec
          Start  754: PhysicsCompatibilityTest.RejectsCoupledCompressibleTogetherWithBuoyancy
 202/1821 Test  #297: LinearFallbackTest.SingularOrReducibleMatricesAreNotCGEligible ...........................................   Passed    0.20 sec
          Start  145: AxisSpacing.UniformUsesTheCartesianArithmetic
 203/1821 Test   #32: GpuBackendCpuFallbackTest.CudaAvailableNeverThrows .......................................................   Passed    0.19 sec
          Start  238: JacobiTest.AcceptsSmallButSafeDiagonal
 204/1821 Test  #448: VanLeerLimiterTest.ZeroAtOrBelowZeroRatio ................................................................   Passed    0.19 sec
          Start  826: StructuredQuadCase.BuilderRejectsFoldedMesh
 205/1821 Test  #134: MeshGrading.TwoSidedClusteringEvenCellCount ..............................................................   Passed    0.19 sec
          Start  827: StructuredQuadCase.CartesianCaseBuildsTheUnchangedCartesianMesh
 206/1821 Test #1480: SIMPLENonOrthogonalTest.CartesianExtraPassesOnlyDifferByLinearSolverTolerance ............................   Passed    0.19 sec
          Start  925: ResidualTrend.SlowConvergenceIsNotStagnation
 207/1821 Test #1027: ThermalNonOrthogonalTest.NonOrthogonalDiffusion ..........................................................   Passed    0.20 sec
          Start  816: RobustnessConfigTest.GmresLinearSolverTypeIsAccepted
 208/1821 Test  #133: MeshGrading.OneSidedEndClusteringMirrorsStart ............................................................   Passed    0.20 sec
          Start   37: GpuResidencyManagerCpuFallbackTest.SyncFieldNeverThrowsRegardlessOfDevice
 209/1821 Test  #814: RobustnessConfigTest.InvalidValuesAreRejectedWithTheFieldNamed ...........................................   Passed    0.20 sec
          Start  750: PhysicsCompatibilityTest.RejectsMultiphaseTogetherWithTurbulence
 210/1821 Test #1319: LoadSnapshotFromResultsTest.ReloadsAPreviouslyWrittenResultsDirectory ....................................   Passed    0.19 sec
          Start  744: PhysicsCompatibilityTest.SpeciesSupportedAlongsideMultiphase
 211/1821 Test #1670: SpeciesProductionCaseTest.RepeatedRunsAreDeterministic ...................................................   Passed    0.20 sec
          Start  824: StructuredQuadCase.NonMonotoneBoundaryEdgeIsRejected
 212/1821 Test  #749: PhysicsCompatibilityTest.RejectsMultiphaseTogetherWithCompressible .......................................   Passed    0.19 sec
          Start  829: StructuredQuadCase.WriterKeepsCartesianMeshFileUnchanged
 213/1821 Test  #132: MeshGrading.OneSidedStartClusteringMatchesGeometricSeries ................................................   Passed    0.19 sec
          Start  940: AdaptiveRelaxation.RespectsBounds
 214/1821 Test  #753: PhysicsCompatibilityTest.RejectsCoupledCompressibleTogetherWithTurbulence ................................   Passed    0.19 sec
          Start  812: RobustnessConfigTest.FullBlockParsesAndReachesSolverSettings
 215/1821 Test  #131: MeshGrading.UniformIsEqualWidths .........................................................................   Passed    0.19 sec
          Start 1477: SIMPLEGpuSolverTest.GpuBackendSatisfiesTheSameConvergenceCriteria
 216/1821 Test  #754: PhysicsCompatibilityTest.RejectsCoupledCompressibleTogetherWithBuoyancy ..................................   Passed    0.19 sec
          Start  813: RobustnessConfigTest.PartialBlockKeepsDefaultsForAbsentKeys
 217/1821 Test  #145: AxisSpacing.UniformUsesTheCartesianArithmetic ............................................................   Passed    0.19 sec
          Start   36: GpuResidencyManagerCpuFallbackTest.SyncMatrixNeverThrowsRegardlessOfDevice
 218/1821 Test  #238: JacobiTest.AcceptsSmallButSafeDiagonal ...................................................................   Passed    0.19 sec
          Start  919: ResidualNormalization.NonzeroBaseline
 219/1821 Test  #826: StructuredQuadCase.BuilderRejectsFoldedMesh ..............................................................   Passed    0.19 sec
          Start  927: ResidualTrend.Diverging
 220/1821 Test  #827: StructuredQuadCase.CartesianCaseBuildsTheUnchangedCartesianMesh ..........................................   Passed    0.18 sec
          Start 1696: HeatedSpeciesDiffusionProductionCaseTest.RepeatedRunsAreDeterministic
 221/1821 Test  #925: ResidualTrend.SlowConvergenceIsNotStagnation .............................................................   Passed    0.18 sec
          Start  752: PhysicsCompatibilityTest.RejectsCompressibleThermalCoupledWithoutThermal
 222/1821 Test  #816: RobustnessConfigTest.GmresLinearSolverTypeIsAccepted .....................................................   Passed    0.19 sec
          Start  143: MeshGrading.RejectsOverflowingRatio
 223/1821 Test   #37: GpuResidencyManagerCpuFallbackTest.SyncFieldNeverThrowsRegardlessOfDevice ................................   Passed    0.19 sec
          Start  825: StructuredQuadCase.BuilderConstructsTheVertexMesh
 224/1821 Test  #750: PhysicsCompatibilityTest.RejectsMultiphaseTogetherWithTurbulence .........................................   Passed    0.19 sec
          Start  245: CGTest.InvalidSystemWhenPreconditionerRejectsTheMatrix
 225/1821 Test  #744: PhysicsCompatibilityTest.SpeciesSupportedAlongsideMultiphase .............................................   Passed    0.20 sec
          Start  932: ConvergencePolicy.DefaultIsExactlyTheAbsoluteGate
 226/1821 Test  #824: StructuredQuadCase.NonMonotoneBoundaryEdgeIsRejected .....................................................   Passed    0.20 sec
          Start  745: PhysicsCompatibilityTest.SpeciesSupportedAlongsideCompressible
 227/1821 Test  #829: StructuredQuadCase.WriterKeepsCartesianMeshFileUnchanged .................................................   Passed    0.20 sec
          Start  751: PhysicsCompatibilityTest.RejectsBuoyancyWithoutThermal
 228/1821 Test  #940: AdaptiveRelaxation.RespectsBounds ........................................................................   Passed    0.20 sec
          Start  811: RobustnessConfigTest.AbsentBlockDefaultsToEveryFeatureOff
 229/1821 Test  #812: RobustnessConfigTest.FullBlockParsesAndReachesSolverSettings .............................................   Passed    0.20 sec
          Start  828: StructuredQuadCase.WriterRoundTripsVerticesExactly
 230/1821 Test #1477: SIMPLEGpuSolverTest.GpuBackendSatisfiesTheSameConvergenceCriteria ........................................   Passed    0.20 sec
          Start  832: StructuredQuadCase.ExportRejectsANonCartesianMeshWithoutGrid
 231/1821 Test  #813: RobustnessConfigTest.PartialBlockKeepsDefaultsForAbsentKeys ..............................................   Passed    0.20 sec
          Start  831: StructuredQuadCase.CartesianVtkIsByteIdenticalToTheReconstructedPoints
 232/1821 Test   #36: GpuResidencyManagerCpuFallbackTest.SyncMatrixNeverThrowsRegardlessOfDevice ...............................   Passed    0.19 sec
          Start  237: JacobiTest.RejectsNearZeroDiagonal
 233/1821 Test  #919: ResidualNormalization.NonzeroBaseline ....................................................................   Passed    0.19 sec
          Start  147: AxisSpacing.FromNodesGivesCentresAndWidths
 234/1821 Test  #927: ResidualTrend.Diverging ..................................................................................   Passed    0.20 sec
          Start  142: MeshGrading.RejectsInvalidRatios
 235/1821 Test #1696: HeatedSpeciesDiffusionProductionCaseTest.RepeatedRunsAreDeterministic ....................................   Passed    0.19 sec
          Start  144: MeshGrading.RejectsVanishingCells
 236/1821 Test  #752: PhysicsCompatibilityTest.RejectsCompressibleThermalCoupledWithoutThermal .................................   Passed    0.19 sec
          Start  148: AxisSpacing.FromNodesRejectsInvalidNodes
 237/1821 Test  #143: MeshGrading.RejectsOverflowingRatio ......................................................................   Passed    0.19 sec
          Start 1029: ThermalNonOrthogonalTest.PrescribedFluxWallsKeepEnergyBalance
 238/1821 Test  #825: StructuredQuadCase.BuilderConstructsTheVertexMesh ........................................................   Passed    0.18 sec
          Start  849: GradedMeshCase.BuilderBuildsTheGradedMesh
 239/1821 Test  #245: CGTest.InvalidSystemWhenPreconditionerRejectsTheMatrix ...................................................   Passed    0.18 sec
          Start 1693: HeatedSpeciesDiffusionProductionCaseTest.BothFieldsMatchAnalyticalProfilesSimultaneously
 240/1821 Test  #932: ConvergencePolicy.DefaultIsExactlyTheAbsoluteGate ........................................................   Passed    0.18 sec
          Start 1115: WallDistanceTest.ExactPerpendicularDistanceOnTiltedStructuredQuadMesh
 241/1821 Test  #745: PhysicsCompatibilityTest.SpeciesSupportedAlongsideCompressible ...........................................   Passed    0.18 sec
          Start 1116: WallDistanceTest.CartesianDistanceIsBitIdenticalToFaceCentroidDistance
 242/1821 Test  #751: PhysicsCompatibilityTest.RejectsBuoyancyWithoutThermal ...................................................   Passed    0.18 sec
          Start  830: StructuredQuadCase.VtkPointsAreTheMeshVertices
 243/1821 Test  #811: RobustnessConfigTest.AbsentBlockDefaultsToEveryFeatureOff ................................................   Passed    0.18 sec
          Start  837: GradedMeshCase.NoGradingMeansNone
 244/1821 Test  #828: StructuredQuadCase.WriterRoundTripsVerticesExactly .......................................................   Passed    0.17 sec
          Start  728: MultiphaseCaseTest.RejectsAlphaKeyWhenMultiphaseDisabled
 245/1821 Test  #832: StructuredQuadCase.ExportRejectsANonCartesianMeshWithoutGrid .............................................   Passed    0.18 sec
          Start 1298: ProjectRunnerTest.RepeatedRunsAreDeterministic
 246/1821 Test  #831: StructuredQuadCase.CartesianVtkIsByteIdenticalToTheReconstructedPoints ...................................   Passed    0.18 sec
          Start  724: MultiphaseCaseTest.RejectsNonPositiveTransportTimeStep
 247/1821 Test  #237: JacobiTest.RejectsNearZeroDiagonal .......................................................................   Passed    0.18 sec
          Start  946: SolverRobustnessPerformance.BookkeepingIsFixedWindowCost
 248/1821 Test  #147: AxisSpacing.FromNodesGivesCentresAndWidths ...............................................................   Passed    0.18 sec
          Start  720: MultiphaseCaseTest.BuilderConstructsMultiphaseRuntimeObjects
 249/1821 Test  #142: MeshGrading.RejectsInvalidRatios .........................................................................   Passed    0.19 sec
          Start  722: MultiphaseCaseTest.RejectsNonPositivePhaseViscosity
 250/1821 Test  #144: MeshGrading.RejectsVanishingCells ........................................................................   Passed    0.19 sec
          Start  848: GradedMeshCase.UngradedCaseIsWrittenUnchanged
 251/1821 Test  #148: AxisSpacing.FromNodesRejectsInvalidNodes .................................................................   Passed    0.19 sec
          Start 1379: ManufacturedFieldsTest.VelocityIsAnalyticallyDivergenceFree
 252/1821 Test #1029: ThermalNonOrthogonalTest.PrescribedFluxWallsKeepEnergyBalance ............................................   Passed    0.19 sec
          Start  723: MultiphaseCaseTest.RejectsIdenticalPhaseNames
 253/1821 Test  #849: GradedMeshCase.BuilderBuildsTheGradedMesh ................................................................   Passed    0.19 sec
          Start  847: GradedMeshCase.WriterRoundTripsGradingExactly
 254/1821 Test #1115: WallDistanceTest.ExactPerpendicularDistanceOnTiltedStructuredQuadMesh ....................................   Passed    0.18 sec
          Start  718: MultiphaseCaseTest.NonMultiphaseFixtureHasNoMultiphaseConfig
 255/1821 Test #1116: WallDistanceTest.CartesianDistanceIsBitIdenticalToFaceCentroidDistance ...................................   Passed    0.18 sec
          Start  945: SolverRobustnessSettingsTest.InvalidValuesAreRejected
 256/1821 Test #1693: HeatedSpeciesDiffusionProductionCaseTest.BothFieldsMatchAnalyticalProfilesSimultaneously .................   Passed    0.22 sec
          Start  727: MultiphaseCaseTest.RejectsMissingPerPatchAlphaWhenMultiphaseEnabled
 257/1821 Test  #830: StructuredQuadCase.VtkPointsAreTheMeshVertices ...........................................................   Passed    0.19 sec
          Start 1394: ProductionValidationTest.PassedRequiresAcceptanceAndEveryCheck
 258/1821 Test  #837: GradedMeshCase.NoGradingMeansNone ........................................................................   Passed    0.20 sec
          Start  721: MultiphaseCaseTest.RejectsInitialAlphaOutOfRange
 259/1821 Test  #728: MultiphaseCaseTest.RejectsAlphaKeyWhenMultiphaseDisabled .................................................   Passed    0.19 sec
          Start  921: ResidualNormalization.SmallBaseline
 260/1821 Test #1298: ProjectRunnerTest.RepeatedRunsAreDeterministic ...........................................................   Passed    0.19 sec
          Start  922: ResidualNormalization.DecreasingIncreasingAndConstantSequences
 261/1821 Test  #724: MultiphaseCaseTest.RejectsNonPositiveTransportTimeStep ...................................................   Passed    0.19 sec
          Start  926: ResidualTrend.Stagnating
 262/1821 Test  #946: SolverRobustnessPerformance.BookkeepingIsFixedWindowCost .................................................   Passed    0.19 sec
          Start  930: ResidualTrend.NonFiniteResidualIsDivergingWhenEnabled
 263/1821 Test  #720: MultiphaseCaseTest.BuilderConstructsMultiphaseRuntimeObjects .............................................   Passed    0.18 sec
          Start   33: GpuBackendCpuFallbackTest.ExecutionStatsStartAtZeroWithNoDeviceActivity
 264/1821 Test  #722: MultiphaseCaseTest.RejectsNonPositivePhaseViscosity ......................................................   Passed    0.19 sec
          Start  931: ResidualTrend.DisabledDetectionNeverStops
 265/1821 Test  #848: GradedMeshCase.UngradedCaseIsWrittenUnchanged ............................................................   Passed    0.19 sec
          Start  920: ResidualNormalization.ZeroBaseline
 266/1821 Test #1379: ManufacturedFieldsTest.VelocityIsAnalyticallyDivergenceFree ..............................................   Passed    0.19 sec
          Start  929: ResidualTrend.SingleSpikeDoesNotTriggerDivergence
 267/1821 Test  #723: MultiphaseCaseTest.RejectsIdenticalPhaseNames ............................................................   Passed    0.19 sec
          Start  928: ResidualTrend.SustainedRunawayFromAPlateau
 268/1821 Test  #847: GradedMeshCase.WriterRoundTripsGradingExactly ............................................................   Passed    0.19 sec
          Start  923: ResidualNormalization.NonFiniteInput
 269/1821 Test  #718: MultiphaseCaseTest.NonMultiphaseFixtureHasNoMultiphaseConfig .............................................   Passed    0.19 sec
          Start  726: MultiphaseCaseTest.RejectsMultiphaseTogetherWithTurbulence
 270/1821 Test  #945: SolverRobustnessSettingsTest.InvalidValuesAreRejected ....................................................   Passed    0.19 sec
          Start  747: PhysicsCompatibilityTest.CompressibleSupportedAlongsideTurbulence
 271/1821 Test  #727: MultiphaseCaseTest.RejectsMissingPerPatchAlphaWhenMultiphaseEnabled ......................................   Passed    0.19 sec
          Start  850: GradedMeshCase.UniformGradingBuildsTheCartesianMesh
 272/1821 Test #1394: ProductionValidationTest.PassedRequiresAcceptanceAndEveryCheck ...........................................   Passed    0.19 sec
          Start 1692: HeatedSpeciesDiffusionProductionCaseTest.RunsEndToEndAndConverges
 273/1821 Test  #721: MultiphaseCaseTest.RejectsInitialAlphaOutOfRange .........................................................   Passed    0.19 sec
          Start  941: AdaptiveRelaxation.RecoveryAfterGrowthStopsBelowTheUnstableFactor
 274/1821 Test  #921: ResidualNormalization.SmallBaseline ......................................................................   Passed    0.19 sec
          Start 1818: BackwardFacingStep.ReattachmentDetection
 275/1821 Test  #922: ResidualNormalization.DecreasingIncreasingAndConstantSequences ...........................................   Passed    0.19 sec
          Start 1669: SpeciesProductionCaseTest.NonSpeciesCaseStillRunsWithEmptySpeciesResults
 276/1821 Test  #926: ResidualTrend.Stagnating .................................................................................   Passed    0.19 sec
          Start  282: GMRESTest.JacobiPreconditionedSolveMatches
 277/1821 Test  #930: ResidualTrend.NonFiniteResidualIsDivergingWhenEnabled ....................................................   Passed    0.19 sec
          Start  944: SolverRobustnessSettingsTest.DefaultsAreValidAndDisabled
 278/1821 Test   #33: GpuBackendCpuFallbackTest.ExecutionStatsStartAtZeroWithNoDeviceActivity ..................................   Passed    0.19 sec
          Start  276: LinearSolverFactoryTest.ExplicitPreconditionerArgumentOverridesSettingsPreconditioner
 279/1821 Test  #931: ResidualTrend.DisabledDetectionNeverStops ................................................................   Passed    0.18 sec
          Start  719: MultiphaseCaseTest.ParsesMultiphaseConfigWhenEnabled
 280/1821 Test  #920: ResidualNormalization.ZeroBaseline .......................................................................   Passed    0.18 sec
          Start  924: ResidualTrend.Converging
 281/1821 Test  #929: ResidualTrend.SingleSpikeDoesNotTriggerDivergence ........................................................   Passed    0.18 sec
          Start  755: PhysicsCompatibilityTest.RejectsMultiphaseCompressibleAndTurbulenceAllTogether
 282/1821 Test  #928: ResidualTrend.SustainedRunawayFromAPlateau ...............................................................   Passed    0.18 sec
          Start 1817: BackwardFacingStep.Geometry
 283/1821 Test  #923: ResidualNormalization.NonFiniteInput .....................................................................   Passed    0.19 sec
          Start  250: BiCGSTABTest.SolvesWithJacobiPreconditioner
 284/1821 Test  #726: MultiphaseCaseTest.RejectsMultiphaseTogetherWithTurbulence ...............................................   Passed    0.18 sec
          Start   34: GpuBackendCpuFallbackTest.ResetIsANoOpWhenAlreadyZero
 285/1821 Test  #747: PhysicsCompatibilityTest.CompressibleSupportedAlongsideTurbulence ........................................   Passed    0.19 sec
          Start 1651: BoussinesqCouplingTest.ReversingGravityReversesCirculationDirection
 286/1821 Test  #850: GradedMeshCase.UniformGradingBuildsTheCartesianMesh ......................................................   Passed    0.18 sec
          Start 1300: ProjectRunnerTest.DivergenceDetectionReportsNumericalFailure
 287/1821 Test #1692: HeatedSpeciesDiffusionProductionCaseTest.RunsEndToEndAndConverges ........................................   Passed    0.19 sec
          Start 1498: SIMPLERobustnessTest.DefaultRobustnessPreservesBaseline
 288/1821 Test  #941: AdaptiveRelaxation.RecoveryAfterGrowthStopsBelowTheUnstableFactor ........................................   Passed    0.19 sec
          Start 1430: VelocityCorrectionTest.LeastSquaresSchemeIsWiredThroughAndMatchesOnInteriorCells
 289/1821 Test #1818: BackwardFacingStep.ReattachmentDetection .................................................................   Passed    0.19 sec
          Start  274: LinearSolverFactoryTest.GpuBackendReportsAvailabilityConsistentlyAndFallsBackDeterministically
 290/1821 Test #1669: SpeciesProductionCaseTest.NonSpeciesCaseStillRunsWithEmptySpeciesResults .................................   Passed    0.20 sec
          Start 1676: MultiphaseProductionCaseTest.NonMultiphaseCaseStillRunsWithNoMultiphaseResult
 291/1821 Test  #282: GMRESTest.JacobiPreconditionedSolveMatches ...............................................................   Passed    0.20 sec
          Start  818: StructuredQuadCase.CartesianMeshHasNoVerticesAndRejectsThem
 292/1821 Test  #944: SolverRobustnessSettingsTest.DefaultsAreValidAndDisabled .................................................   Passed    0.20 sec
          Start  787: JSONWriterTest.SpeciesArrayIsEmptyByDefault
 293/1821 Test  #276: LinearSolverFactoryTest.ExplicitPreconditionerArgumentOverridesSettingsPreconditioner ....................   Passed    0.20 sec
          Start  616: CaseWriterTest.NonDefaultConvectionSchemeRoundTrips
 294/1821 Test  #719: MultiphaseCaseTest.ParsesMultiphaseConfigWhenEnabled .....................................................   Passed    0.20 sec
          Start 1694: HeatedSpeciesDiffusionProductionCaseTest.BothFieldsConserveFluxIndependently
 295/1821 Test  #924: ResidualTrend.Converging .................................................................................   Passed    0.20 sec
          Start 1675: MultiphaseProductionCaseTest.MissingCaseDirectoryReportsInvalidCase
 296/1821 Test  #755: PhysicsCompatibilityTest.RejectsMultiphaseCompressibleAndTurbulenceAllTogether ...........................   Passed    0.20 sec
          Start  943: AdaptiveRelaxation.Deterministic
 297/1821 Test #1817: BackwardFacingStep.Geometry ..............................................................................   Passed    0.21 sec
          Start  775: CSVWriterTest.MismatchedSpeciesSizeThrows
 298/1821 Test  #250: BiCGSTABTest.SolvesWithJacobiPreconditioner ..............................................................   Passed    0.21 sec
          Start  251: BiCGSTABTest.InvalidSystemWhenPreconditionerRejectsTheMatrix
 299/1821 Test   #34: GpuBackendCpuFallbackTest.ResetIsANoOpWhenAlreadyZero ....................................................   Passed    0.21 sec
          Start  774: CSVWriterTest.AppendsSpeciesColumnsInOrderAfterTemperature
 300/1821 Test #1651: BoussinesqCouplingTest.ReversingGravityReversesCirculationDirection ......................................   Passed    0.21 sec
          Start 1382: ManufacturedFieldsTest.MomentumForcingExact
 301/1821 Test #1300: ProjectRunnerTest.DivergenceDetectionReportsNumericalFailure .............................................   Passed    0.20 sec
          Start  820: StructuredQuadCase.WrongVertexCountIsRejected
 302/1821 Test #1498: SIMPLERobustnessTest.DefaultRobustnessPreservesBaseline ..................................................   Passed    0.20 sec
          Start  822: StructuredQuadCase.NonFiniteVertexIsRejected
 303/1821 Test #1430: VelocityCorrectionTest.LeastSquaresSchemeIsWiredThroughAndMatchesOnInteriorCells .........................   Passed    0.20 sec
          Start  823: StructuredQuadCase.BoundaryVertexOffTheRectangleIsRejected
 304/1821 Test  #274: LinearSolverFactoryTest.GpuBackendReportsAvailabilityConsistentlyAndFallsBackDeterministically ...........   Passed    0.19 sec
          Start  788: JSONWriterTest.WritesSpeciesMetadataInOrderWhenProvided
 305/1821 Test  #818: StructuredQuadCase.CartesianMeshHasNoVerticesAndRejectsThem ..............................................   Passed    0.18 sec
          Start 1385: ManufacturedFieldsTest.ExactFaceFluxIsDiscretelyDivergenceFree
 306/1821 Test  #787: JSONWriterTest.SpeciesArrayIsEmptyByDefault ..............................................................   Passed    0.18 sec
          Start  790: JSONWriterTest.RobustnessStatusesAndDiagnosticsAreExported
 307/1821 Test  #616: CaseWriterTest.NonDefaultConvectionSchemeRoundTrips ......................................................   Passed    0.18 sec
          Start  647: CaseValidationTest.UnsupportedLinearSolverBackendIsRejected
 308/1821 Test #1676: MultiphaseProductionCaseTest.NonMultiphaseCaseStillRunsWithNoMultiphaseResult ............................   Passed    0.23 sec
          Start  819: StructuredQuadCase.MissingVerticesAreRejected
 309/1821 Test #1694: HeatedSpeciesDiffusionProductionCaseTest.BothFieldsConserveFluxIndependently .............................   Passed    0.19 sec
          Start  598: CaseReaderTest.InvalidConvectionSchemeValueThrowsCaseConfigurationError
 310/1821 Test #1675: MultiphaseProductionCaseTest.MissingCaseDirectoryReportsInvalidCase ......................................   Passed    0.19 sec
          Start 1380: ManufacturedFieldsTest.VelocityDerivativesExact
 311/1821 Test  #943: AdaptiveRelaxation.Deterministic .........................................................................   Passed    0.19 sec
          Start  294: LinearFallbackTest.MaxAttemptsRespected
 312/1821 Test  #775: CSVWriterTest.MismatchedSpeciesSizeThrows ................................................................   Passed    0.19 sec
          Start  300: LinearFallbackTest.HealthySolveIsUntouched
 313/1821 Test  #251: BiCGSTABTest.InvalidSystemWhenPreconditionerRejectsTheMatrix .............................................   Passed    0.18 sec
          Start   38: GpuResidencyManagerCpuFallbackTest.MoveConstructionAndAssignmentAreSafe
 314/1821 Test  #774: CSVWriterTest.AppendsSpeciesColumnsInOrderAfterTemperature ...............................................   Passed    0.18 sec
          Start  808: VTKWriterTest.MultipleSpeciesWrittenInOrderAfterTemperature
 315/1821 Test #1382: ManufacturedFieldsTest.MomentumForcingExact ..............................................................   Passed    0.18 sec
          Start  821: StructuredQuadCase.MalformedVertexIsRejected
 316/1821 Test  #820: StructuredQuadCase.WrongVertexCountIsRejected ............................................................   Passed    0.18 sec
          Start 1317: BuildSnapshotTest.ValidRunProducesAUsableSnapshot
 317/1821 Test  #822: StructuredQuadCase.NonFiniteVertexIsRejected .............................................................   Passed    0.18 sec
          Start  817: StructuredQuadCase.ParsesVertices
 318/1821 Test  #823: StructuredQuadCase.BoundaryVertexOffTheRectangleIsRejected ...............................................   Passed    0.18 sec
          Start  810: VTKWriterTest.NonFiniteSpeciesThrows
 319/1821 Test  #788: JSONWriterTest.WritesSpeciesMetadataInOrderWhenProvided ..................................................   Passed    0.18 sec
          Start  773: CSVWriterTest.OmitsSpeciesColumnsWhenNotProvided
 320/1821 Test #1385: ManufacturedFieldsTest.ExactFaceFluxIsDiscretelyDivergenceFree ...........................................   Passed    0.20 sec
          Start  159: MultiBlockMesh.CurvedSectorsAndClosedRing
 321/1821 Test  #790: JSONWriterTest.RobustnessStatusesAndDiagnosticsAreExported ...............................................   Passed    0.20 sec
          Start  460: GridRefinementTest.QuickConvectionOfSmoothFieldGlobalOrderReflectsBoundaryTreatment
 322/1821 Test  #647: CaseValidationTest.UnsupportedLinearSolverBackendIsRejected ..............................................   Passed    0.20 sec
          Start  458: GridRefinementTest.LinearUpwindConvectionOfSmoothFieldGlobalOrderReflectsBoundaryTreatment
 323/1821 Test  #819: StructuredQuadCase.MissingVerticesAreRejected ............................................................   Passed    0.20 sec
          Start  621: CaseWriterTest.SpeciesRoundTrip
 324/1821 Test  #598: CaseReaderTest.InvalidConvectionSchemeValueThrowsCaseConfigurationError ..................................   Passed    0.20 sec
          Start  161: MultiBlockMeshInvalid.StructuralErrorsAreNamed
 325/1821 Test #1380: ManufacturedFieldsTest.VelocityDerivativesExact ..........................................................   Passed    0.20 sec
          Start 1383: ManufacturedFieldsTest.ScalarForcingExact
 326/1821 Test  #294: LinearFallbackTest.MaxAttemptsRespected ..................................................................   Passed    0.20 sec
          Start  162: MultiBlockMeshInvalid.InvalidCellsAreNamed
 327/1821 Test  #300: LinearFallbackTest.HealthySolveIsUntouched ...............................................................   Passed    0.20 sec
          Start 1397: ProductionValidationTest.GridStudyEntryAndSequenceOrder
 328/1821 Test   #38: GpuResidencyManagerCpuFallbackTest.MoveConstructionAndAssignmentAreSafe ..................................   Passed    0.20 sec
          Start  596: CaseReaderTest.MissingConvectionSchemeDefaultsToUpwind
 329/1821 Test  #808: VTKWriterTest.MultipleSpeciesWrittenInOrderAfterTemperature ..............................................   Passed    0.20 sec
          Start  594: CaseReaderTest.CgTypeAndGpuBackendParseCorrectly
 330/1821 Test  #821: StructuredQuadCase.MalformedVertexIsRejected .............................................................   Passed    0.21 sec
          Start  461: GridRefinementTest.QuickConvectionOfSmoothFieldConvergesAboveFirstOrderInInterior
 331/1821 Test  #817: StructuredQuadCase.ParsesVertices ........................................................................   Passed    0.19 sec
          Start  806: VTKWriterTest.OmitsSpeciesBlocksWhenNotProvided
 332/1821 Test  #810: VTKWriterTest.NonFiniteSpeciesThrows .....................................................................   Passed    0.20 sec
          Start  160: MultiBlockMesh.InterfaceFluxesCancelExactlyBetweenBlocks
 333/1821 Test  #773: CSVWriterTest.OmitsSpeciesColumnsWhenNotProvided .........................................................   Passed    0.18 sec
          Start  459: GridRefinementTest.LinearUpwindConvectionOfSmoothFieldConvergesAboveFirstOrderInInterior
 334/1821 Test #1317: BuildSnapshotTest.ValidRunProducesAUsableSnapshot ........................................................   Passed    0.24 sec
          Start  531: MomentumConvectionTest.DefaultSchemeArgumentMatchesExplicitUpwind
 335/1821 Test  #159: MultiBlockMesh.CurvedSectorsAndClosedRing ................................................................   Passed    0.20 sec
          Start  597: CaseReaderTest.EachValidConvectionSchemeNameParses
 336/1821 Test  #460: GridRefinementTest.QuickConvectionOfSmoothFieldGlobalOrderReflectsBoundaryTreatment ......................   Passed    0.20 sec
          Start  163: MultiBlockMeshInvalid.NonConformalOrMismatchedInterfacesAreRejected
 337/1821 Test  #458: GridRefinementTest.LinearUpwindConvectionOfSmoothFieldGlobalOrderReflectsBoundaryTreatment ...............   Passed    0.20 sec
          Start  433: ConvectionSchemeTest.QuickSchemeMatchesIndependentOracleForPositiveAndNegativeFlux
 338/1821 Test  #621: CaseWriterTest.SpeciesRoundTrip ..........................................................................   Passed    0.20 sec
          Start 1347: ProbeScalarRawTest.MatchesMeshBasedProbeOnEquivalentData
 339/1821 Test  #161: MultiBlockMeshInvalid.StructuralErrorsAreNamed ...........................................................   Passed    0.20 sec
          Start  733: CompressibleCaseTest.CoupledExplicitFalseParsesTheSameAsAbsent
 340/1821 Test #1383: ManufacturedFieldsTest.ScalarForcingExact ................................................................   Passed    0.19 sec
          Start  457: GridRefinementTest.CentralConvectionOfSmoothFieldConvergesAboveFirstOrderInInterior
 341/1821 Test  #162: MultiBlockMeshInvalid.InvalidCellsAreNamed ...............................................................   Passed    0.19 sec
          Start  432: ConvectionSchemeTest.CentralSchemeMatchesIndependentOracleForPositiveAndNegativeFlux
 342/1821 Test #1397: ProductionValidationTest.GridStudyEntryAndSequenceOrder ..................................................   Passed    0.19 sec
          Start  456: GridRefinementTest.CentralConvectionOfSmoothFieldGlobalOrderReflectsBoundaryTreatment
 343/1821 Test  #596: CaseReaderTest.MissingConvectionSchemeDefaultsToUpwind ...................................................   Passed    0.20 sec
          Start 1384: ManufacturedFieldsTest.CompressibleForcingExact
 344/1821 Test  #594: CaseReaderTest.CgTypeAndGpuBackendParseCorrectly .........................................................   Passed    0.20 sec
          Start  731: CompressibleCaseTest.CoupledDefaultsToFalseWhenAbsent
 345/1821 Test  #461: GridRefinementTest.QuickConvectionOfSmoothFieldConvergesAboveFirstOrderInInterior ........................   Passed    0.20 sec
          Start  725: MultiphaseCaseTest.RejectsTopLevelViscosityAboveBothPhases
 346/1821 Test  #806: VTKWriterTest.OmitsSpeciesBlocksWhenNotProvided ..........................................................   Passed    0.19 sec
          Start  735: CompressibleCaseTest.BuilderConstructsCompressibleRuntimeObjects
 347/1821 Test  #160: MultiBlockMesh.InterfaceFluxesCancelExactlyBetweenBlocks .................................................   Passed    0.20 sec
          Start 1398: ProductionValidationTest.ReportIsDeterministicExceptRuntime
 348/1821 Test  #459: GridRefinementTest.LinearUpwindConvectionOfSmoothFieldConvergesAboveFirstOrderInInterior .................   Passed    0.20 sec
          Start  158: MultiBlockMesh.InternalSolidRegionIsAHoleBoundedByItsPatch
 349/1821 Test  #531: MomentumConvectionTest.DefaultSchemeArgumentMatchesExplicitUpwind ........................................   Passed    0.19 sec
          Start 1318: BuildSnapshotTest.IncompleteRunProducesAnInvalidSnapshot
 350/1821 Test  #597: CaseReaderTest.EachValidConvectionSchemeNameParses .......................................................   Passed    0.19 sec
          Start 1356: SampleVectorFieldRawTest.RejectsZeroStride
 351/1821 Test  #163: MultiBlockMeshInvalid.NonConformalOrMismatchedInterfacesAreRejected ......................................   Passed    0.19 sec
          Start  741: CompressibleCaseTest.RejectsSpecificHeatPressureNotGreaterThanGasConstant
 352/1821 Test  #433: ConvectionSchemeTest.QuickSchemeMatchesIndependentOracleForPositiveAndNegativeFlux .......................   Passed    0.19 sec
          Start  429: ConvectionSchemeTest.RejectsInvalidName
 353/1821 Test #1347: ProbeScalarRawTest.MatchesMeshBasedProbeOnEquivalentData .................................................   Passed    0.19 sec
          Start  156: MultiBlockMesh.RotatedBlocksAndReversedInterfacesConnectAdjacentCells
 354/1821 Test  #733: CompressibleCaseTest.CoupledExplicitFalseParsesTheSameAsAbsent ...........................................   Passed    0.19 sec
          Start  434: ConvectionSchemeTest.QuickDegradesToUpwindWhenNoFartherUpstreamCellExists
 355/1821 Test  #457: GridRefinementTest.CentralConvectionOfSmoothFieldConvergesAboveFirstOrderInInterior ......................   Passed    0.19 sec
          Start 1660: NaturalConvectionValidation.ZeroBetaRecoversPureConductionProfile
 356/1821 Test  #432: ConvectionSchemeTest.CentralSchemeMatchesIndependentOracleForPositiveAndNegativeFlux .....................   Passed    0.19 sec
          Start  430: ConvectionSchemeTest.NameRoundTripsThroughParse
 357/1821 Test  #456: GridRefinementTest.CentralConvectionOfSmoothFieldGlobalOrderReflectsBoundaryTreatment ....................   Passed    0.19 sec
          Start  740: CompressibleCaseTest.RejectsNonPositiveGasConstant
 358/1821 Test #1384: ManufacturedFieldsTest.CompressibleForcingExact ..........................................................   Passed    0.19 sec
          Start 1695: HeatedSpeciesDiffusionProductionCaseTest.ExportsBothFieldsToCsvVtkAndJson
 359/1821 Test  #731: CompressibleCaseTest.CoupledDefaultsToFalseWhenAbsent ....................................................   Passed    0.19 sec
          Start  435: ConvectionSchemeTest.SchemeChoiceDoesNotAffectABoundaryOnlyMesh
 360/1821 Test  #725: MultiphaseCaseTest.RejectsTopLevelViscosityAboveBothPhases ...............................................   Passed    0.20 sec
          Start  157: MultiBlockMesh.LShapedDomainPatchesFollowTheListedSides
 361/1821 Test  #735: CompressibleCaseTest.BuilderConstructsCompressibleRuntimeObjects .........................................   Passed    0.19 sec
          Start  439: ConvectionSchemeTest.StepFunctionStaysWithinInitialBoundsAfterOneExplicitStep
 362/1821 Test #1398: ProductionValidationTest.ReportIsDeterministicExceptRuntime ..............................................   Passed    0.19 sec
          Start  743: CompressibleCaseTest.RejectsNonPositiveTemperature
 363/1821 Test  #158: MultiBlockMesh.InternalSolidRegionIsAHoleBoundedByItsPatch ...............................................   Passed    0.19 sec
          Start  717: SpeciesCaseTest.RejectsMissingValueForConcentrationBoundary
 364/1821 Test #1318: BuildSnapshotTest.IncompleteRunProducesAnInvalidSnapshot .................................................   Passed    0.19 sec
          Start  431: ConvectionSchemeTest.ConvectionOverloadWithoutSchemeArgumentDefaultsToUpwind
 365/1821 Test #1356: SampleVectorFieldRawTest.RejectsZeroStride ...............................................................   Passed    0.19 sec
          Start  428: ConvectionSchemeTest.ParsesAllFourValidNames
 366/1821 Test  #741: CompressibleCaseTest.RejectsSpecificHeatPressureNotGreaterThanGasConstant ................................   Passed    0.19 sec
          Start  154: MultiBlockMesh.TwoBlockRectangleIsTheSingleBlockMeshRenumbered
 367/1821 Test  #429: ConvectionSchemeTest.RejectsInvalidName ..................................................................   Passed    0.19 sec
          Start 1355: SampleVectorFieldRawTest.MatchesMeshBasedSamplingOnEquivalentData
 368/1821 Test  #156: MultiBlockMesh.RotatedBlocksAndReversedInterfacesConnectAdjacentCells ....................................   Passed    0.19 sec
          Start 1474: SIMPLEGpuResidencyTest.EnablingResidencyDoesNotChangeTheComputedResult
 369/1821 Test  #434: ConvectionSchemeTest.QuickDegradesToUpwindWhenNoFartherUpstreamCellExists ................................   Passed    0.19 sec
          Start  736: CompressibleCaseTest.ThermalCoupledRequiresThermalBlock
 370/1821 Test #1660: NaturalConvectionValidation.ZeroBetaRecoversPureConductionProfile ........................................   Passed    0.19 sec
          Start  711: SpeciesCaseTest.RejectsUnknownSpeciesKey
 371/1821 Test  #430: ConvectionSchemeTest.NameRoundTripsThroughParse ..........................................................   Passed    0.19 sec
          Start  734: CompressibleCaseTest.RejectsNonBooleanCoupled
 372/1821 Test  #740: CompressibleCaseTest.RejectsNonPositiveGasConstant .......................................................   Passed    0.20 sec
          Start  713: SpeciesCaseTest.RejectsSpeciesKeyWhenSpeciesDisabled
 373/1821 Test  #435: ConvectionSchemeTest.SchemeChoiceDoesNotAffectABoundaryOnlyMesh ..........................................   Passed    0.18 sec
          Start  436: ConvectionSchemeTest.LinearFieldIsReproducedExactlyAwayFromAnyDegradedFace
 374/1821 Test #1695: HeatedSpeciesDiffusionProductionCaseTest.ExportsBothFieldsToCsvVtkAndJson ................................   Passed    0.22 sec
          Start  732: CompressibleCaseTest.CoupledTrueParsesAndRoundTripsThroughCaseBuilder
 375/1821 Test  #157: MultiBlockMesh.LShapedDomainPatchesFollowTheListedSides ..................................................   Passed    0.20 sec
          Start 1348: ProbeScalarRawTest.RejectsMismatchedSizes
 376/1821 Test  #439: ConvectionSchemeTest.StepFunctionStaysWithinInitialBoundsAfterOneExplicitStep ............................   Passed    0.19 sec
          Start  155: MultiBlockMesh.InterfaceFacesAreSingleInternalFacesOwnedByTheFirstBlock
 377/1821 Test  #743: CompressibleCaseTest.RejectsNonPositiveTemperature .......................................................   Passed    0.20 sec
          Start 1697: StructuredQuadProductionCase.CommittedCaseIsAGenuinelyNonOrthogonalMesh
 378/1821 Test  #717: SpeciesCaseTest.RejectsMissingValueForConcentrationBoundary ..............................................   Passed    0.19 sec
          Start  438: ConvectionSchemeTest.HigherOrderSchemesAreDeterministic
 379/1821 Test  #431: ConvectionSchemeTest.ConvectionOverloadWithoutSchemeArgumentDefaultsToUpwind .............................   Passed    0.20 sec
          Start  738: CompressibleCaseTest.RejectsBothTemperatureAndThermalCoupled
 380/1821 Test  #428: ConvectionSchemeTest.ParsesAllFourValidNames .............................................................   Passed    0.19 sec
          Start  374: SolveLeastSquaresGradientTest.ZeroDataGivesZeroGradient
 381/1821 Test  #154: MultiBlockMesh.TwoBlockRectangleIsTheSingleBlockMeshRenumbered ...........................................   Passed    0.19 sec
          Start  437: ConvectionSchemeTest.DegradedFaceStillProducesAFiniteConsistentResult
 382/1821 Test #1355: SampleVectorFieldRawTest.MatchesMeshBasedSamplingOnEquivalentData ........................................   Passed    0.19 sec
          Start 1320: LoadSnapshotFromResultsTest.MissingDirectoryProducesAnInvalidSnapshot
 383/1821 Test #1474: SIMPLEGpuResidencyTest.EnablingResidencyDoesNotChangeTheComputedResult ...................................   Passed    0.20 sec
          Start  378: SolveLeastSquaresGradientTest.IgnoresAZeroDistanceEntryRatherThanDividingByZero
 384/1821 Test  #736: CompressibleCaseTest.ThermalCoupledRequiresThermalBlock ..................................................   Passed    0.19 sec
          Start 1350: NearestIndexTest.EmptyPointsReturnsNullopt
 385/1821 Test  #711: SpeciesCaseTest.RejectsUnknownSpeciesKey .................................................................   Passed    0.19 sec
          Start 1361: GridConvergenceTest.UnequalRefinementRatios
 386/1821 Test  #734: CompressibleCaseTest.RejectsNonBooleanCoupled ............................................................   Passed    0.19 sec
          Start  737: CompressibleCaseTest.ThermalCoupledAcceptedAlongsideThermal
 387/1821 Test  #713: SpeciesCaseTest.RejectsSpeciesKeyWhenSpeciesDisabled .....................................................   Passed    0.19 sec
          Start 1314: CaseSessionTest.RunConvergingCaseMovesToCompleted
 388/1821 Test  #436: ConvectionSchemeTest.LinearFieldIsReproducedExactlyAwayFromAnyDegradedFace ...............................   Passed    0.18 sec
          Start 1357: GridConvergenceTest.RepresentativeGridSize
 389/1821 Test  #732: CompressibleCaseTest.CoupledTrueParsesAndRoundTripsThroughCaseBuilder ....................................   Passed    0.19 sec
          Start 1364: GridConvergenceTest.AsymptoticRatio
 390/1821 Test #1348: ProbeScalarRawTest.RejectsMismatchedSizes ................................................................   Passed    0.19 sec
          Start  742: CompressibleCaseTest.RejectsNonPositiveReferencePressure
 391/1821 Test  #155: MultiBlockMesh.InterfaceFacesAreSingleInternalFacesOwnedByTheFirstBlock ..................................   Passed    0.19 sec
          Start 1359: GridConvergenceTest.SecondOrderSynthetic
 392/1821 Test #1697: StructuredQuadProductionCase.CommittedCaseIsAGenuinelyNonOrthogonalMesh ..................................   Passed    0.20 sec
          Start 1372: GridConvergenceTest.ObservedOrderSolverMatchesClosedFormForEqualRatios
 393/1821 Test  #438: ConvectionSchemeTest.HigherOrderSchemesAreDeterministic ..................................................   Passed    0.19 sec
          Start 1368: GridConvergenceTest.ZeroSolutionQuantityHasNoRelativeMetrics
 394/1821 Test  #738: CompressibleCaseTest.RejectsBothTemperatureAndThermalCoupled .............................................   Passed    0.20 sec
          Start  707: SpeciesCaseTest.ZeroDiffusivityIsAccepted
 395/1821 Test  #374: SolveLeastSquaresGradientTest.ZeroDataGivesZeroGradient ..................................................   Passed    0.20 sec
          Start  376: SolveLeastSquaresGradientTest.DetectsASingleNeighborAsIllConditioned
 396/1821 Test  #437: ConvectionSchemeTest.DegradedFaceStillProducesAFiniteConsistentResult ....................................   Passed    0.20 sec
          Start  807: VTKWriterTest.AppendsOneSpeciesBlockAfterVelocityMagnitudeWhenProvided
 397/1821 Test #1320: LoadSnapshotFromResultsTest.MissingDirectoryProducesAnInvalidSnapshot ....................................   Passed    0.19 sec
          Start  377: SolveLeastSquaresGradientTest.DetectsNoNeighborsAsIllConditioned
 398/1821 Test  #378: SolveLeastSquaresGradientTest.IgnoresAZeroDistanceEntryRatherThanDividingByZero ..........................   Passed    0.20 sec
          Start 1375: GridConvergenceStudyTest.MissingQuantityIsInvalid
 399/1821 Test #1350: NearestIndexTest.EmptyPointsReturnsNullopt ...............................................................   Passed    0.19 sec
          Start 1665: SpeciesProductionCaseTest.ConcentrationMatchesAnalyticalProfile
 400/1821 Test #1361: GridConvergenceTest.UnequalRefinementRatios ..............................................................   Passed    0.19 sec
          Start  705: SpeciesCaseTest.ParsesSpeciesListWhenEnabled
 401/1821 Test  #737: CompressibleCaseTest.ThermalCoupledAcceptedAlongsideThermal ..............................................   Passed    0.19 sec
          Start  716: SpeciesCaseTest.RejectsUnknownConcentrationBoundaryType
 402/1821 Test #1314: CaseSessionTest.RunConvergingCaseMovesToCompleted ........................................................   Passed    0.19 sec
          Start 1377: GridConvergenceStudyTest.DeterministicReport
 403/1821 Test #1357: GridConvergenceTest.RepresentativeGridSize ...............................................................   Passed    0.19 sec
          Start  729: CompressibleCaseTest.NonCompressibleFixtureHasNoCompressibleConfig
 404/1821 Test #1364: GridConvergenceTest.AsymptoticRatio ......................................................................   Passed    0.18 sec
          Start 1371: GridConvergenceTest.GridIndependenceCriterion
 405/1821 Test  #742: CompressibleCaseTest.RejectsNonPositiveReferencePressure .................................................   Passed    0.18 sec
          Start 1664: SpeciesProductionCaseTest.RunsEndToEndAndConverges
 406/1821 Test #1359: GridConvergenceTest.SecondOrderSynthetic .................................................................   Passed    0.18 sec
          Start 1370: GridConvergenceTest.NonFiniteInputRejected
 407/1821 Test #1372: GridConvergenceTest.ObservedOrderSolverMatchesClosedFormForEqualRatios ...................................   Passed    0.18 sec
          Start  380: SolveLeastSquaresGradientTest.MismatchedSizesThrows
 408/1821 Test #1368: GridConvergenceTest.ZeroSolutionQuantityHasNoRelativeMetrics .............................................   Passed    0.18 sec
          Start  373: SolveLeastSquaresGradientTest.ReconstructsExactGradientForConsistentLinearData
 409/1821 Test  #707: SpeciesCaseTest.ZeroDiffusivityIsAccepted ................................................................   Passed    0.18 sec
          Start 1366: GridConvergenceTest.DivergingSequenceDetected
 410/1821 Test  #376: SolveLeastSquaresGradientTest.DetectsASingleNeighborAsIllConditioned .....................................   Passed    0.18 sec
          Start  715: SpeciesCaseTest.RejectsUnknownSpeciesNameOnPatch
 411/1821 Test  #807: VTKWriterTest.AppendsOneSpeciesBlockAfterVelocityMagnitudeWhenProvided ...................................   Passed    0.18 sec
          Start  730: CompressibleCaseTest.ParsesIsothermalCompressibleConfigWhenEnabled
 412/1821 Test  #377: SolveLeastSquaresGradientTest.DetectsNoNeighborsAsIllConditioned .........................................   Passed    0.18 sec
          Start  709: SpeciesCaseTest.RejectsEmptyName
 413/1821 Test #1375: GridConvergenceStudyTest.MissingQuantityIsInvalid ........................................................   Passed    0.19 sec
          Start 1376: GridConvergenceStudyTest.SimpleSolveGateRejectsInvalidSolves
 414/1821 Test #1665: SpeciesProductionCaseTest.ConcentrationMatchesAnalyticalProfile ..........................................   Passed    0.19 sec
          Start  708: SpeciesCaseTest.RejectsNegativeDiffusivity
 415/1821 Test  #705: SpeciesCaseTest.ParsesSpeciesListWhenEnabled .............................................................   Passed    0.19 sec
          Start 1367: GridConvergenceTest.ZeroDifferenceHandled
 416/1821 Test  #716: SpeciesCaseTest.RejectsUnknownConcentrationBoundaryType ..................................................   Passed    0.19 sec
          Start  447: SmoothnessRatioTest.NulloptWhenLocalGradientIsZero
 417/1821 Test #1377: GridConvergenceStudyTest.DeterministicReport .............................................................   Passed    0.20 sec
          Start  444: LinearUpwindFaceValueTest.ZeroGradientReturnsUpwindValueUnchanged
 418/1821 Test  #729: CompressibleCaseTest.NonCompressibleFixtureHasNoCompressibleConfig .......................................   Passed    0.20 sec
          Start 1369: GridConvergenceTest.InvalidGridSpacingRejected
 419/1821 Test #1371: GridConvergenceTest.GridIndependenceCriterion ............................................................   Passed    0.20 sec
          Start 1365: GridConvergenceTest.OscillatorySequenceDetected
 420/1821 Test #1664: SpeciesProductionCaseTest.RunsEndToEndAndConverges .......................................................   Passed    0.20 sec
          Start 1378: GridConvergenceStudyTest.ReportSchemaValidation
 421/1821 Test #1370: GridConvergenceTest.NonFiniteInputRejected ...............................................................   Passed    0.20 sec
          Start 1362: GridConvergenceTest.RichardsonExactRecovery
 422/1821 Test  #380: SolveLeastSquaresGradientTest.MismatchedSizesThrows ......................................................   Passed    0.20 sec
          Start 1374: GridConvergenceStudyTest.RejectedSolveInvalidatesTheStudy
 423/1821 Test  #373: SolveLeastSquaresGradientTest.ReconstructsExactGradientForConsistentLinearData ...........................   Passed    0.21 sec
          Start  386: LeastSquaresTest.BoundaryCellsUseTheAssignedConditionAtTheFacesOwnPosition
 424/1821 Test #1366: GridConvergenceTest.DivergingSequenceDetected ............................................................   Passed    0.21 sec
          Start 1349: SampleLineRawTest.MatchesMeshBasedSampleLineOnEquivalentData
 425/1821 Test  #715: SpeciesCaseTest.RejectsUnknownSpeciesNameOnPatch .........................................................   Passed    0.20 sec
          Start  391: SkewnessTest.ProductionInterpolationUsesCorrection
 426/1821 Test  #730: CompressibleCaseTest.ParsesIsothermalCompressibleConfigWhenEnabled .......................................   Passed    0.20 sec
          Start 1373: GridConvergenceStudyTest.RunsCoarseToFineAndAnalysesEveryQuantity
 427/1821 Test  #709: SpeciesCaseTest.RejectsEmptyName .........................................................................   Passed    0.20 sec
          Start  379: SolveLeastSquaresGradientTest.NearlyColinearStencilIsAlsoRejected
 428/1821 Test #1376: GridConvergenceStudyTest.SimpleSolveGateRejectsInvalidSolves .............................................   Passed    0.19 sec
          Start  383: LeastSquaresTest.LinearFieldCartesianIsExactAtEveryCellIncludingBoundaryAdjacent
 429/1821 Test  #708: SpeciesCaseTest.RejectsNegativeDiffusivity ...............................................................   Passed    0.19 sec
          Start  809: VTKWriterTest.MismatchedSpeciesSizeThrows
 430/1821 Test #1367: GridConvergenceTest.ZeroDifferenceHandled ................................................................   Passed    0.19 sec
          Start  388: LeastSquaresTest.MismatchedFieldSizeThrows
 431/1821 Test  #447: SmoothnessRatioTest.NulloptWhenLocalGradientIsZero .......................................................   Passed    0.18 sec
          Start  389: LeastSquaresTest.RepeatedCallsAreDeterministic
 432/1821 Test  #444: LinearUpwindFaceValueTest.ZeroGradientReturnsUpwindValueUnchanged ........................................   Passed    0.18 sec
          Start  714: SpeciesCaseTest.RejectsPatchMissingOneDeclaredSpecies
 433/1821 Test #1369: GridConvergenceTest.InvalidGridSpacingRejected ...........................................................   Passed    0.18 sec
          Start  532: MomentumConvectionTest.NonUpwindSchemeAddsAnExplicitCorrectionOnlyOnInternalFaces
 434/1821 Test #1365: GridConvergenceTest.OscillatorySequenceDetected ..........................................................   Passed    0.18 sec
          Start 1668: SpeciesProductionCaseTest.ExportsSpeciesFieldToCsvVtkAndJson
 435/1821 Test #1378: GridConvergenceStudyTest.ReportSchemaValidation ..........................................................   Passed    0.17 sec
          Start 1429: VelocityCorrectionTest.DefaultGradientSchemeArgumentMatchesExplicitGreenGauss
 436/1821 Test #1362: GridConvergenceTest.RichardsonExactRecovery ..............................................................   Passed    0.18 sec
          Start 1276: CompressibleMassFluxTest.BoundaryDensityMatchesDirectEosEvaluation
 437/1821 Test #1374: GridConvergenceStudyTest.RejectedSolveInvalidatesTheStudy ................................................   Passed    0.18 sec
          Start  387: LeastSquaresTest.RejectsNonScalarBoundaryCondition
 438/1821 Test  #386: LeastSquaresTest.BoundaryCellsUseTheAssignedConditionAtTheFacesOwnPosition ...............................   Passed    0.18 sec
          Start 1363: GridConvergenceTest.GCIKnownCase
 439/1821 Test #1349: SampleLineRawTest.MatchesMeshBasedSampleLineOnEquivalentData .............................................   Passed    0.17 sec
          Start  362: InterpolationTest.SkewCorrectedInterpolationIsExactForLinearFieldOnSkewedMesh
 440/1821 Test  #391: SkewnessTest.ProductionInterpolationUsesCorrection .......................................................   Passed    0.17 sec
          Start  375: SolveLeastSquaresGradientTest.DetectsAColinearStencilAsIllConditioned
 441/1821 Test #1373: GridConvergenceStudyTest.RunsCoarseToFineAndAnalysesEveryQuantity ........................................   Passed    0.17 sec
          Start  364: InterpolationTest.SkewCorrectedInterpolationFallsBackOnDegenerateFace
 442/1821 Test  #379: SolveLeastSquaresGradientTest.NearlyColinearStencilIsAlsoRejected ........................................   Passed    0.17 sec
          Start 1275: CompressibleMassFluxTest.WallBoundaryMassFluxIsZeroRegardlessOfBoundaryDensity
 443/1821 Test  #383: LeastSquaresTest.LinearFieldCartesianIsExactAtEveryCellIncludingBoundaryAdjacent .........................   Passed    0.17 sec
          Start 1677: MultiphaseProductionCaseTest.RepeatedRunsAreDeterministic
 444/1821 Test  #809: VTKWriterTest.MismatchedSpeciesSizeThrows ................................................................   Passed    0.17 sec
          Start 1683: CompressibleProductionCaseTest.MissingCaseDirectoryReportsInvalidCase
 445/1821 Test  #388: LeastSquaresTest.MismatchedFieldSizeThrows ...............................................................   Passed    0.17 sec
          Start  392: SkewnessTest.CorrectedProductionOperatorImprovesError
 446/1821 Test  #389: LeastSquaresTest.RepeatedCallsAreDeterministic ...........................................................   Passed    0.18 sec
          Start  739: CompressibleCaseTest.RejectsNeitherTemperatureNorThermalCoupled
 447/1821 Test  #714: SpeciesCaseTest.RejectsPatchMissingOneDeclaredSpecies ....................................................   Passed    0.17 sec
          Start  381: SolveLeastSquaresGradientTest.NeverProducesNonFiniteResultOnAcceptedInput
 448/1821 Test  #532: MomentumConvectionTest.NonUpwindSchemeAddsAnExplicitCorrectionOnlyOnInternalFaces ........................   Passed    0.18 sec
          Start 1358: GridConvergenceTest.FirstOrderSynthetic
 449/1821 Test #1668: SpeciesProductionCaseTest.ExportsSpeciesFieldToCsvVtkAndJson .............................................   Passed    0.18 sec
          Start 1674: MultiphaseProductionCaseTest.ExportsMixtureFieldsToCsvVtkAndJson
 450/1821 Test #1429: VelocityCorrectionTest.DefaultGradientSchemeArgumentMatchesExplicitGreenGauss ............................   Passed    0.17 sec
          Start 1684: CompressibleProductionCaseTest.NonCompressibleCaseStillRunsWithNoCompressibleResult
 451/1821 Test #1276: CompressibleMassFluxTest.BoundaryDensityMatchesDirectEosEvaluation .......................................   Passed    0.17 sec
          Start 1336: FieldStatisticsTest.ComputesMinMaxAverageIgnoringNonFinite
 452/1821 Test  #387: LeastSquaresTest.RejectsNonScalarBoundaryCondition .......................................................   Passed    0.17 sec
          Start  390: LeastSquaresTest.SmoothNonlinearFieldIsFiniteAndReasonablyAccurate
 453/1821 Test #1363: GridConvergenceTest.GCIKnownCase .........................................................................   Passed    0.17 sec
          Start 1277: CompressibleMassFluxTest.ThrowsOnNonPositiveBoundaryTemperature
 454/1821 Test  #362: InterpolationTest.SkewCorrectedInterpolationIsExactForLinearFieldOnSkewedMesh ............................   Passed    0.18 sec
          Start 1653: BoussinesqCouplingTest.RepeatedCoupledSolveIsBitIdentical
 455/1821 Test  #375: SolveLeastSquaresGradientTest.DetectsAColinearStencilAsIllConditioned ....................................   Passed    0.18 sec
          Start 1360: GridConvergenceTest.ThirdOrderSynthetic
 456/1821 Test  #364: InterpolationTest.SkewCorrectedInterpolationFallsBackOnDegenerateFace ....................................   Passed    0.18 sec
          Start 1502: SIMPLERobustnessTest.DivergenceStatus
 457/1821 Test #1275: CompressibleMassFluxTest.WallBoundaryMassFluxIsZeroRegardlessOfBoundaryDensity ...........................   Passed    0.18 sec
          Start 1673: MultiphaseProductionCaseTest.Phase1VolumeIsConserved
 458/1821 Test #1677: MultiphaseProductionCaseTest.RepeatedRunsAreDeterministic ................................................   Passed    0.18 sec
          Start 1644: TwoMaterialConductionValidation.Grid20MatchesAnalyticalSolution
 459/1821 Test #1683: CompressibleProductionCaseTest.MissingCaseDirectoryReportsInvalidCase ....................................   Passed    0.18 sec
          Start 1589: CompressibleSimpleTest.RepeatedRunIsDeterministic
 460/1821 Test  #392: SkewnessTest.CorrectedProductionOperatorImprovesError ....................................................   Passed    0.18 sec
          Start 1671: MultiphaseProductionCaseTest.RunsEndToEndAndConverges
 461/1821 Test  #739: CompressibleCaseTest.RejectsNeitherTemperatureNorThermalCoupled ..........................................   Passed    0.18 sec
          Start 1591: CompressibleSimpleTest.InitialStateOutsideEosDomainReportsInvalidConfiguration
 462/1821 Test  #381: SolveLeastSquaresGradientTest.NeverProducesNonFiniteResultOnAcceptedInput ................................   Passed    0.18 sec
          Start 1576: CompressibleRelaxedMomentumTest.AlphaOneMatchesUnrelaxedCompressibleMomentumComponentExactly
 463/1821 Test #1358: GridConvergenceTest.FirstOrderSynthetic ..................................................................   Passed    0.18 sec
          Start 1273: CompressibleMassFluxTest.OutletBoundaryUsesEosEvaluatedPressureNotOwnerDensity
 464/1821 Test #1674: MultiphaseProductionCaseTest.ExportsMixtureFieldsToCsvVtkAndJson .........................................   Passed    0.18 sec
          Start 1666: SpeciesProductionCaseTest.GlobalDiffusiveFluxBalanceIsConserved
 465/1821 Test #1336: FieldStatisticsTest.ComputesMinMaxAverageIgnoringNonFinite ...............................................   Passed    0.17 sec
          Start 1584: CompressiblePressureCorrectionTest.RejectsNonPositivePseudoTimeStep
 466/1821 Test  #390: LeastSquaresTest.SmoothNonlinearFieldIsFiniteAndReasonablyAccurate .......................................   Passed    0.17 sec
          Start 1583: CompressiblePressureCorrectionTest.MismatchedPredictorMassFluxSizeThrows
 467/1821 Test #1277: CompressibleMassFluxTest.ThrowsOnNonPositiveBoundaryTemperature ..........................................   Passed    0.17 sec
          Start  706: SpeciesCaseTest.BuilderConstructsSpeciesRuntimeObjects
 468/1821 Test #1684: CompressibleProductionCaseTest.NonCompressibleCaseStillRunsWithNoCompressibleResult ......................   Passed    0.23 sec
          Start 1592: CompressibleSimpleTest.NonPhysicalPressureTransientReportsNonFiniteState
 469/1821 Test #1653: BoussinesqCouplingTest.RepeatedCoupledSolveIsBitIdentical ................................................   Passed    0.19 sec
          Start 1638: HeatedCavityConductionValidation.Grid20x20MatchesAnalyticalProfile
 470/1821 Test #1360: GridConvergenceTest.ThirdOrderSynthetic ..................................................................   Passed    0.19 sec
          Start  710: SpeciesCaseTest.RejectsDuplicateSpeciesNames
 471/1821 Test #1502: SIMPLERobustnessTest.DivergenceStatus ....................................................................   Passed    0.19 sec
          Start 1596: CompressibleSimpleSettingsTest.RejectsOutOfRangeRelaxation
 472/1821 Test #1673: MultiphaseProductionCaseTest.Phase1VolumeIsConserved .....................................................   Passed    0.19 sec
          Start  463: GridRefinementTest.LeastSquaresGradientCartesianConvergesAtSecondOrderInInterior
 473/1821 Test #1644: TwoMaterialConductionValidation.Grid20MatchesAnalyticalSolution ..........................................   Passed    0.19 sec
          Start  384: LeastSquaresTest.LinearFieldDistortedIsExactAtEveryCell
 474/1821 Test #1589: CompressibleSimpleTest.RepeatedRunIsDeterministic ........................................................   Passed    0.19 sec
          Start 1577: CompressibleRelaxedMomentumTest.RelaxationMatchesHandDerivedPatankarFormula
 475/1821 Test #1671: MultiphaseProductionCaseTest.RunsEndToEndAndConverges ....................................................   Passed    0.19 sec
          Start 1580: CompressibleRelaxedMomentumTest.RejectsNonPositivePseudoTimeStep
 476/1821 Test #1591: CompressibleSimpleTest.InitialStateOutsideEosDomainReportsInvalidConfiguration ...........................   Passed    0.19 sec
          Start 1590: CompressibleSimpleTest.InvalidSettingsReportInvalidConfiguration
 477/1821 Test #1576: CompressibleRelaxedMomentumTest.AlphaOneMatchesUnrelaxedCompressibleMomentumComponentExactly .............   Passed    0.19 sec
          Start 1316: CaseSessionTest.RequestCancelStopsARunEarly
 478/1821 Test #1273: CompressibleMassFluxTest.OutletBoundaryUsesEosEvaluatedPressureNotOwnerDensity ...........................   Passed    0.20 sec
          Start  382: LeastSquaresTest.ConstantFieldHasZeroGradient
 479/1821 Test #1584: CompressiblePressureCorrectionTest.RejectsNonPositivePseudoTimeStep ......................................   Passed    0.18 sec
          Start 1595: CompressibleSimpleSettingsTest.RejectsNonPositivePseudoTimeStep
 480/1821 Test #1583: CompressiblePressureCorrectionTest.MismatchedPredictorMassFluxSizeThrows .................................   Passed    0.18 sec
          Start  363: InterpolationTest.SkewCorrectedInterpolationMatchesPlainOnCartesianMesh
 481/1821 Test #1666: SpeciesProductionCaseTest.GlobalDiffusiveFluxBalanceIsConserved ..........................................   Passed    0.22 sec
          Start  470: GridRefinementTest.DiffusionDistortedUncorrectedGlobalOrderReflectsBoundaryTreatment
 482/1821 Test  #706: SpeciesCaseTest.BuilderConstructsSpeciesRuntimeObjects ...................................................   Passed    0.19 sec
          Start  472: GridRefinementTest.DiffusionDistortedCorrectedGlobalOrderReflectsBoundaryTreatment
 483/1821 Test #1592: CompressibleSimpleTest.NonPhysicalPressureTransientReportsNonFiniteState .................................   Passed    0.20 sec
          Start 1506: SIMPLERobustnessTest.InvalidRobustnessSettingsAreInvalidConfiguration
 484/1821 Test #1638: HeatedCavityConductionValidation.Grid20x20MatchesAnalyticalProfile .......................................   Passed    0.20 sec
          Start 1594: CompressibleSimpleSettingsTest.RejectsZeroMaxIterations
 485/1821 Test  #710: SpeciesCaseTest.RejectsDuplicateSpeciesNames .............................................................   Passed    0.20 sec
          Start  462: GridRefinementTest.LeastSquaresGradientCartesianGlobalOrderReflectsBoundaryTreatment
 486/1821 Test #1596: CompressibleSimpleSettingsTest.RejectsOutOfRangeRelaxation ...............................................   Passed    0.20 sec
          Start  467: GridRefinementTest.LeastSquaresGradientDistortedConvergesAtSecondOrderInInterior
 487/1821 Test  #463: GridRefinementTest.LeastSquaresGradientCartesianConvergesAtSecondOrderInInterior .........................   Passed    0.20 sec
          Start  465: GridRefinementTest.GreenGaussGradientDistortedConvergesAtSecondOrderInInterior
 488/1821 Test  #384: LeastSquaresTest.LinearFieldDistortedIsExactAtEveryCell ..................................................   Passed    0.20 sec
          Start 1578: CompressibleRelaxedMomentumTest.MismatchedVelocitySizeThrows
 489/1821 Test #1577: CompressibleRelaxedMomentumTest.RelaxationMatchesHandDerivedPatankarFormula ..............................   Passed    0.20 sec
          Start 1585: CompressiblePressureCorrectionTest.RejectsOutOfRangeReferenceCell
 490/1821 Test #1580: CompressibleRelaxedMomentumTest.RejectsNonPositivePseudoTimeStep .........................................   Passed    0.20 sec
          Start 1582: CompressiblePressureCorrectionTest.CompressibilityDiagonalMatchesHandFormula
 491/1821 Test #1590: CompressibleSimpleTest.InvalidSettingsReportInvalidConfiguration .........................................   Passed    0.20 sec
          Start  474: GridRefinementTest.DiffusionStronglyDistortedUncorrectedGlobal
 492/1821 Test  #382: LeastSquaresTest.ConstantFieldHasZeroGradient ............................................................   Passed    0.18 sec
          Start 1579: CompressibleRelaxedMomentumTest.MismatchedMassFluxSizeThrows
 493/1821 Test #1595: CompressibleSimpleSettingsTest.RejectsNonPositivePseudoTimeStep ..........................................   Passed    0.18 sec
          Start 1586: CompressiblePressureCorrectionTest.OpenBoundaryDoesNotPinReferenceCell
 494/1821 Test #1316: CaseSessionTest.RequestCancelStopsARunEarly ..............................................................   Passed    0.22 sec
          Start 1588: CompressibleSimpleTest.TinyCavityConvergesWithGenuineCompressibility
 495/1821 Test  #363: InterpolationTest.SkewCorrectedInterpolationMatchesPlainOnCartesianMesh ..................................   Passed    0.19 sec
          Start  480: GridRefinementTest.DiffusionStronglyDistortedCorrectedConvergesAtSecondOrderInInterior
 496/1821 Test  #470: GridRefinementTest.DiffusionDistortedUncorrectedGlobalOrderReflectsBoundaryTreatment .....................   Passed    0.20 sec
          Start 1205: SpeciesNonOrthogonalTest.NonOrthogonalDiffusion
 497/1821 Test  #472: GridRefinementTest.DiffusionDistortedCorrectedGlobalOrderReflectsBoundaryTreatment .......................   Passed    0.19 sec
          Start 1281: CompressibleMassFluxTest.MismatchedPressureGaugeSizeThrows
 498/1821 Test #1506: SIMPLERobustnessTest.InvalidRobustnessSettingsAreInvalidConfiguration ....................................   Passed    0.19 sec
          Start 1593: CompressibleSimpleTest.MismatchedInitialFieldSizeReportsInvalidConfiguration
 499/1821 Test #1594: CompressibleSimpleSettingsTest.RejectsZeroMaxIterations ..................................................   Passed    0.19 sec
          Start  478: GridRefinementTest.DiffusionModeratelyDistortedCorrectedConvergesAtSecondOrderInInterior
 500/1821 Test  #462: GridRefinementTest.LeastSquaresGradientCartesianGlobalOrderReflectsBoundaryTreatment .....................   Passed    0.19 sec
          Start 1473: SIMPLEGpuResidencyTest.DisabledByDefaultIssuesNoGpuActivity
 501/1821 Test  #467: GridRefinementTest.LeastSquaresGradientDistortedConvergesAtSecondOrderInInterior .........................   Passed    0.19 sec
          Start 1587: CompressibleSimpleTest.ReducesToIncompressibleSimpleWithNegligibleCompressibility
 502/1821 Test  #465: GridRefinementTest.GreenGaussGradientDistortedConvergesAtSecondOrderInInterior ...........................   Passed    0.19 sec
          Start 1667: SpeciesProductionCaseTest.MissingCaseDirectoryReportsInvalidCase
 503/1821 Test #1578: CompressibleRelaxedMomentumTest.MismatchedVelocitySizeThrows .............................................   Passed    0.19 sec
          Start 1278: CompressibleMassFluxTest.UniformStateGivesUniformBoundaryDensityMatchingInterior
 504/1821 Test #1585: CompressiblePressureCorrectionTest.RejectsOutOfRangeReferenceCell ........................................   Passed    0.19 sec
          Start  491: VectorGradientTest.LeastSquaresIsExactForLinearFieldOnDistortedMesh
 505/1821 Test #1582: CompressiblePressureCorrectionTest.CompressibilityDiagonalMatchesHandFormula .............................   Passed    0.19 sec
          Start 1028: ThermalNonOrthogonalTest.CartesianSolveIsBitIdentical
 506/1821 Test  #474: GridRefinementTest.DiffusionStronglyDistortedUncorrectedGlobal ...........................................   Passed    0.19 sec
          Start  479: GridRefinementTest.DiffusionStronglyDistortedUncorrectedInterior
 507/1821 Test #1579: CompressibleRelaxedMomentumTest.MismatchedMassFluxSizeThrows .............................................   Passed    0.19 sec
          Start  468: GridRefinementTest.DiffusionOrthogonalUncorrectedConvergesAtSecondOrder
 508/1821 Test #1586: CompressiblePressureCorrectionTest.OpenBoundaryDoesNotPinReferenceCell ...................................   Passed    0.19 sec
          Start 1282: CompressibleMassFluxTest.MismatchedTemperatureSizeThrows
 509/1821 Test #1588: CompressibleSimpleTest.TinyCavityConvergesWithGenuineCompressibility .....................................   Passed    0.19 sec
          Start  476: GridRefinementTest.DiffusionDistortedCorrectedGreenGaussInterior
 510/1821 Test  #480: GridRefinementTest.DiffusionStronglyDistortedCorrectedConvergesAtSecondOrderInInterior ...................   Passed    0.19 sec
          Start  466: GridRefinementTest.LeastSquaresGradientDistortedGlobalOrderReflectsBoundaryTreatment
 511/1821 Test #1205: SpeciesNonOrthogonalTest.NonOrthogonalDiffusion ..........................................................   Passed    0.19 sec
          Start  469: GridRefinementTest.DiffusionOrthogonalCorrectionFlagIsInertOnCartesianMesh
 512/1821 Test #1281: CompressibleMassFluxTest.MismatchedPressureGaugeSizeThrows ...............................................   Passed    0.19 sec
          Start  475: GridRefinementTest.DiffusionDistortedCorrectedConvergesAtSecondOrderInInterior
 513/1821 Test #1593: CompressibleSimpleTest.MismatchedInitialFieldSizeReportsInvalidConfiguration .............................   Passed    0.19 sec
          Start  471: GridRefinementTest.DiffusionDistortedUncorrectedConvergesInInterior
 514/1821 Test  #478: GridRefinementTest.DiffusionModeratelyDistortedCorrectedConvergesAtSecondOrderInInterior .................   Passed    0.20 sec
          Start 1672: MultiphaseProductionCaseTest.AlphaAndMixturePropertiesMatchExactExpectedValues
 515/1821 Test #1473: SIMPLEGpuResidencyTest.DisabledByDefaultIssuesNoGpuActivity ..............................................   Passed    0.19 sec
          Start  473: GridRefinementTest.DiffusionStronglyDistortedCorrectedGlobal
 516/1821 Test #1587: CompressibleSimpleTest.ReducesToIncompressibleSimpleWithNegligibleCompressibility ........................   Passed    0.20 sec
          Start  477: GridRefinementTest.DiffusionModeratelyDistortedUncorrectedInterior
 517/1821 Test #1667: SpeciesProductionCaseTest.MissingCaseDirectoryReportsInvalidCase .........................................   Passed    0.20 sec
          Start 1337: FieldStatisticsTest.EmptyFieldReportsNoData
 518/1821 Test #1278: CompressibleMassFluxTest.UniformStateGivesUniformBoundaryDensityMatchingInterior .........................   Passed    0.20 sec
          Start  385: LeastSquaresTest.GreenGaussDistortedIsNotExactUnlikeLeastSquares
 519/1821 Test  #491: VectorGradientTest.LeastSquaresIsExactForLinearFieldOnDistortedMesh ......................................   Passed    0.20 sec
          Start  464: GridRefinementTest.GreenGaussGradientDistortedGlobalOrderReflectsBoundaryTreatment
 520/1821 Test #1028: ThermalNonOrthogonalTest.CartesianSolveIsBitIdentical ....................................................   Passed    0.19 sec
          Start 1490: NonOrthogonalCorrectionPassesTest.PassesExecuteAndTheCorrectorIterationConverges
 521/1821 Test  #479: GridRefinementTest.DiffusionStronglyDistortedUncorrectedInterior .........................................   Passed    0.19 sec
          Start 1735: ParaviewSmokeTest.SolutionVtkExistsIsNonEmptyAndHasExpectedStructureAndFields
 522/1821 Test  #468: GridRefinementTest.DiffusionOrthogonalUncorrectedConvergesAtSecondOrder ..................................   Passed    0.20 sec
          Start  410: DiffusionTest.StrongDistortionProducesFiniteResults
 523/1821 Test #1282: CompressibleMassFluxTest.MismatchedTemperatureSizeThrows .................................................   Passed    0.19 sec
          Start 1393: SampleErrorNormsTest.KnownValues
 524/1821 Test  #476: GridRefinementTest.DiffusionDistortedCorrectedGreenGaussInterior .........................................   Passed    0.19 sec
          Start  493: ObliqueNeumannGradient.ZeroGradientWallsLinearFieldIsExact
 525/1821 Test  #466: GridRefinementTest.LeastSquaresGradientDistortedGlobalOrderReflectsBoundaryTreatment .....................   Passed    0.21 sec
          Start  409: DiffusionTest.ConstantFieldConservesGloballyOnDistortedMeshWithCorrection
 526/1821 Test  #469: GridRefinementTest.DiffusionOrthogonalCorrectionFlagIsInertOnCartesianMesh ...............................   Passed    0.20 sec
          Start  539: MomentumPressureTest.LeastSquaresSchemeIsWiredThroughAndAlsoExactForALinearPressureField
 527/1821 Test  #475: GridRefinementTest.DiffusionDistortedCorrectedConvergesAtSecondOrderInInterior ...........................   Passed    0.21 sec
          Start  494: ObliqueNeumannGradient.NonZeroPrescribedGradientsLinearFieldIsExact
 528/1821 Test  #471: GridRefinementTest.DiffusionDistortedUncorrectedConvergesInInterior ......................................   Passed    0.20 sec
          Start  495: ObliqueNeumannGradient.CartesianMeshUnchangedAndExact
 529/1821 Test #1672: MultiphaseProductionCaseTest.AlphaAndMixturePropertiesMatchExactExpectedValues ...........................   Passed    0.20 sec
          Start 1492: NonOrthogonalCorrectionPassesTest.Deterministic
 530/1821 Test  #473: GridRefinementTest.DiffusionStronglyDistortedCorrectedGlobal .............................................   Passed    0.20 sec
          Start 1489: NonOrthogonalCorrectionPassesTest.AtMostOnePassRunsNothing
 531/1821 Test  #477: GridRefinementTest.DiffusionModeratelyDistortedUncorrectedInterior .......................................   Passed    0.20 sec
          Start 1478: SIMPLEGpuSolverTest.RepeatedOuterIterationsReuseGpuSolverBuffersWithoutReallocating
 532/1821 Test #1337: FieldStatisticsTest.EmptyFieldReportsNoData ..............................................................   Passed    0.19 sec
          Start  414: DiffusionTest.LinearField2x3y5IsConsistentOnCartesianAndDistortedMeshes
 533/1821 Test  #385: LeastSquaresTest.GreenGaussDistortedIsNotExactUnlikeLeastSquares .........................................   Passed    0.20 sec
          Start 1472: SIMPLEBuoyancyTest.RepeatedBuoyantSolveIsBitIdentical
 534/1821 Test  #464: GridRefinementTest.GreenGaussGradientDistortedGlobalOrderReflectsBoundaryTreatment .......................   Passed    0.20 sec
          Start  149: GradedMesh.UniformGradingIsTheCartesianMeshBitForBit
 535/1821 Test #1490: NonOrthogonalCorrectionPassesTest.PassesExecuteAndTheCorrectorIterationConverges .........................   Passed    0.20 sec
          Start  776: CSVWriterTest.NonFiniteSpeciesThrows
 536/1821 Test #1735: ParaviewSmokeTest.SolutionVtkExistsIsNonEmptyAndHasExpectedStructureAndFields ............................   Passed    0.20 sec
          Start  602: CaseReaderTest.MissingNonOrthogonalCorrectionsDefaultsToZero
 537/1821 Test  #410: DiffusionTest.StrongDistortionProducesFiniteResults ......................................................   Passed    0.20 sec
          Start  418: DiffusionTest.CorrectionNeverAlterableOnPureBoundaryMeshWithMixedConditions
 538/1821 Test #1393: SampleErrorNormsTest.KnownValues .........................................................................   Passed    0.20 sec
          Start 1597: CompressibleSIMPLENonOrthogonalTest.CartesianCompatibility
 539/1821 Test  #493: ObliqueNeumannGradient.ZeroGradientWallsLinearFieldIsExact ...............................................   Passed    0.19 sec
          Start  151: GradedMesh.VertexGridIsTheGradedNodes
 540/1821 Test  #409: DiffusionTest.ConstantFieldConservesGloballyOnDistortedMeshWithCorrection ................................   Passed    0.19 sec
          Start 1409: SIMPLESettingsTest.NonOrthogonalOptionsFollowTheCorrectionCountAndGradientScheme
 541/1821 Test  #539: MomentumPressureTest.LeastSquaresSchemeIsWiredThroughAndAlsoExactForALinearPressureField .................   Passed    0.18 sec
          Start  407: DiffusionTest.LinearFieldNearZeroInInteriorOnDistortedMeshWhenCorrected
 542/1821 Test  #494: ObliqueNeumannGradient.NonZeroPrescribedGradientsLinearFieldIsExact ......................................   Passed    0.19 sec
          Start  153: GradedMesh.InvalidGradingNeverBuildsAMesh
 543/1821 Test  #495: ObliqueNeumannGradient.CartesianMeshUnchangedAndExact ....................................................   Passed    0.19 sec
          Start   69: MeshQuality.MetricsDiscriminateDistortionLevels
 544/1821 Test #1492: NonOrthogonalCorrectionPassesTest.Deterministic ..........................................................   Passed    0.19 sec
          Start  617: CaseWriterTest.NonDefaultGradientSchemeRoundTrips
 545/1821 Test #1489: NonOrthogonalCorrectionPassesTest.AtMostOnePassRunsNothing ...............................................   Passed    0.19 sec
          Start 1491: NonOrthogonalCorrectionPassesTest.PassesChangeOnlyTheRightHandSide
 546/1821 Test #1478: SIMPLEGpuSolverTest.RepeatedOuterIterationsReuseGpuSolverBuffersWithoutReallocating ......................   Passed    0.19 sec
          Start  419: DiffusionTest.ExtremeNonOrthogonalityFallsBackSafely
 547/1821 Test  #414: DiffusionTest.LinearField2x3y5IsConsistentOnCartesianAndDistortedMeshes ..................................   Passed    0.19 sec
          Start  406: DiffusionTest.LinearFieldGivesZeroDiffusionOnCartesianRegardlessOfCorrection
 548/1821 Test #1472: SIMPLEBuoyancyTest.RepeatedBuoyantSolveIsBitIdentical ....................................................   Passed    0.19 sec
          Start  408: DiffusionTest.CorrectionReducesInteriorErrorForQuadraticFieldOnDistortedMesh
 549/1821 Test  #149: GradedMesh.UniformGradingIsTheCartesianMeshBitForBit .....................................................   Passed    0.19 sec
          Start  415: DiffusionTest.CorrectionLeavesWallThermalBoundaryFluxesUntouched
 550/1821 Test  #776: CSVWriterTest.NonFiniteSpeciesThrows .....................................................................   Passed    0.19 sec
          Start  422: DiffusionTest.BoundaryRingTruncationIsFirstOrderAndLocalized
 551/1821 Test  #602: CaseReaderTest.MissingNonOrthogonalCorrectionsDefaultsToZero .............................................   Passed    0.19 sec
          Start  405: DiffusionTest.DefaultParametersPreserveUncorrectedBehavior
 552/1821 Test  #418: DiffusionTest.CorrectionNeverAlterableOnPureBoundaryMeshWithMixedConditions ..............................   Passed    0.18 sec
          Start  538: MomentumPressureTest.DefaultGradientSchemeArgumentMatchesExplicitGreenGauss
 553/1821 Test #1597: CompressibleSIMPLENonOrthogonalTest.CartesianCompatibility ...............................................   Passed    0.18 sec
          Start 1479: SIMPLENonOrthogonalTest.DefaultSettingsDisableTheCorrection
 554/1821 Test  #151: GradedMesh.VertexGridIsTheGradedNodes ....................................................................   Passed    0.18 sec
          Start 1493: PressureCorrectionNonOrthogonalTest.CartesianCompatibility
 555/1821 Test #1409: SIMPLESettingsTest.NonOrthogonalOptionsFollowTheCorrectionCountAndGradientScheme .........................   Passed    0.18 sec
          Start  372: GradientSchemeTest.NameRoundTripsThroughParse
 556/1821 Test  #407: DiffusionTest.LinearFieldNearZeroInInteriorOnDistortedMeshWhenCorrected ..................................   Passed    0.18 sec
          Start  370: GradientSchemeTest.ParsesBothValidNames
 557/1821 Test  #153: GradedMesh.InvalidGradingNeverBuildsAMesh ................................................................   Passed    0.18 sec
          Start  600: CaseReaderTest.EachValidGradientSchemeNameParses
 558/1821 Test   #69: MeshQuality.MetricsDiscriminateDistortionLevels ..........................................................   Passed    0.18 sec
          Start  152: GradedMesh.ConstructionIsDeterministic
 559/1821 Test  #617: CaseWriterTest.NonDefaultGradientSchemeRoundTrips ........................................................   Passed    0.18 sec
          Start 1475: SIMPLEGpuResidencyTest.RepeatedOuterIterationsReuseGpuResidencyWithoutReallocating
 560/1821 Test #1491: NonOrthogonalCorrectionPassesTest.PassesChangeOnlyTheRightHandSide .......................................   Passed    0.18 sec
          Start  603: CaseReaderTest.ValidNonOrthogonalCorrectionsCountParses
 561/1821 Test  #419: DiffusionTest.ExtremeNonOrthogonalityFallsBackSafely .....................................................   Passed    0.18 sec
          Start  618: CaseWriterTest.NonDefaultNonOrthogonalCorrectionsRoundTrips
 562/1821 Test  #406: DiffusionTest.LinearFieldGivesZeroDiffusionOnCartesianRegardlessOfCorrection .............................   Passed    0.18 sec
          Start  604: CaseReaderTest.NegativeNonOrthogonalCorrectionsThrowsCaseConfigurationError
 563/1821 Test  #408: DiffusionTest.CorrectionReducesInteriorErrorForQuadraticFieldOnDistortedMesh .............................   Passed    0.18 sec
          Start 1495: PressureCorrectionNonOrthogonalTest.NonOrthogonalConservation
 564/1821 Test  #415: DiffusionTest.CorrectionLeavesWallThermalBoundaryFluxesUntouched .........................................   Passed    0.18 sec
          Start  369: GradientTest.DefaultSchemeArgumentMatchesExplicitGreenGauss
 565/1821 Test  #422: DiffusionTest.BoundaryRingTruncationIsFirstOrderAndLocalized .............................................   Passed    0.18 sec
          Start  413: DiffusionTest.ClosedDomainGlobalBalanceIsUnchangedByCorrection
 566/1821 Test  #405: DiffusionTest.DefaultParametersPreserveUncorrectedBehavior ...............................................   Passed    0.18 sec
          Start 1487: SIMPLENonOrthogonalTest.NonOrthogonalCorrectionPassCount
 567/1821 Test  #538: MomentumPressureTest.DefaultGradientSchemeArgumentMatchesExplicitGreenGauss ..............................   Passed    0.18 sec
          Start 1494: PressureCorrectionNonOrthogonalTest.NonOrthogonalInternalFace
 568/1821 Test #1479: SIMPLENonOrthogonalTest.DefaultSettingsDisableTheCorrection ..............................................   Passed    0.18 sec
          Start  411: DiffusionTest.NonOrthogonalCorrectionIsDeterministic
 569/1821 Test #1493: PressureCorrectionNonOrthogonalTest.CartesianCompatibility ...............................................   Passed    0.19 sec
          Start  593: MomentumNonOrthogonalTest.CorrectionVelocityDefaultsToVelocityAndIsValidated
 570/1821 Test  #372: GradientSchemeTest.NameRoundTripsThroughParse ............................................................   Passed    0.19 sec
          Start  599: CaseReaderTest.MissingGradientSchemeDefaultsToGreenGauss
 571/1821 Test  #370: GradientSchemeTest.ParsesBothValidNames ..................................................................   Passed    0.19 sec
          Start  420: DiffusionTest.ZeroOwnerNeighborDistanceIsAPreexistingLimitationNotWorsenedByCorrection
 572/1821 Test  #600: CaseReaderTest.EachValidGradientSchemeNameParses .........................................................   Passed    0.20 sec
          Start  412: DiffusionTest.CorrectedFluxIsAntisymmetricUnderFaceReversal
 573/1821 Test  #152: GradedMesh.ConstructionIsDeterministic ...................................................................   Passed    0.20 sec
          Start  591: MomentumNonOrthogonalTest.LinearVelocityResidualVanishesInEveryRowWhenCorrected
 574/1821 Test #1475: SIMPLEGpuResidencyTest.RepeatedOuterIterationsReuseGpuResidencyWithoutReallocating .......................   Passed    0.20 sec
          Start  417: DiffusionTest.NeumannBoundaryFluxesAreNeverCorrected
 575/1821 Test  #603: CaseReaderTest.ValidNonOrthogonalCorrectionsCountParses ..................................................   Passed    0.20 sec
          Start  416: DiffusionTest.NetDirichletBoundaryFluxIsMoreAccurateWithCorrectionOnDistortedMesh
 576/1821 Test  #618: CaseWriterTest.NonDefaultNonOrthogonalCorrectionsRoundTrips ..............................................   Passed    0.20 sec
          Start  879: TimeControllerTest.StartingStepAtOrAboveMaxStepsIsImmediatelyFinished
 577/1821 Test  #604: CaseReaderTest.NegativeNonOrthogonalCorrectionsThrowsCaseConfigurationError ..............................   Passed    0.20 sec
          Start  421: DiffusionTest.BoundaryCorrectionClassificationCoversEveryConditionType
 578/1821 Test #1495: PressureCorrectionNonOrthogonalTest.NonOrthogonalConservation ............................................   Passed    0.20 sec
          Start 1741: RestartIOTest.ReadRejectsMissingRequiredField
 579/1821 Test  #369: GradientTest.DefaultSchemeArgumentMatchesExplicitGreenGauss ..............................................   Passed    0.20 sec
          Start  590: MomentumNonOrthogonalTest.CartesianCorrectionIsBitIdenticalForBothOverloads
 580/1821 Test  #413: DiffusionTest.ClosedDomainGlobalBalanceIsUnchangedByCorrection ...........................................   Passed    0.21 sec
          Start   61: MeshGeometryNonOrthogonal.OrthogonalButSkewedFace
 581/1821 Test #1487: SIMPLENonOrthogonalTest.NonOrthogonalCorrectionPassCount .................................................   Passed    0.21 sec
          Start  371: GradientSchemeTest.RejectsInvalidName
 582/1821 Test #1494: PressureCorrectionNonOrthogonalTest.NonOrthogonalInternalFace ............................................   Passed    0.21 sec
          Start 1744: RestartIOTest.ReadRejectsCellCountMismatch
 583/1821 Test  #411: DiffusionTest.NonOrthogonalCorrectionIsDeterministic .....................................................   Passed    0.21 sec
          Start 1745: RestartIOTest.ReadRejectsIncompatiblePressureArrayLength
 584/1821 Test  #593: MomentumNonOrthogonalTest.CorrectionVelocityDefaultsToVelocityAndIsValidated .............................   Passed    0.20 sec
          Start  592: MomentumNonOrthogonalTest.ExplicitCorrectionIsGloballyConservativeWithoutDirichletFaces
 585/1821 Test  #599: CaseReaderTest.MissingGradientSchemeDefaultsToGreenGauss .................................................   Passed    0.20 sec
          Start   70: MeshQuality.NonOrthogonalityMetricsAreDeterministic
 586/1821 Test  #420: DiffusionTest.ZeroOwnerNeighborDistanceIsAPreexistingLimitationNotWorsenedByCorrection ...................   Passed    0.20 sec
          Start   71: MeshQuality.InvalidGeometryHandledSafely
 587/1821 Test  #412: DiffusionTest.CorrectedFluxIsAntisymmetricUnderFaceReversal ..............................................   Passed    0.19 sec
          Start  146: AxisSpacing.GradedUniformOrUnitRatioIsTheUniformSpacing
 588/1821 Test  #591: MomentumNonOrthogonalTest.LinearVelocityResidualVanishesInEveryRowWhenCorrected ..........................   Passed    0.19 sec
          Start 1497: PressureCorrectionNonOrthogonalTest.DegenerateGeometryRejected
 589/1821 Test  #417: DiffusionTest.NeumannBoundaryFluxesAreNeverCorrected .....................................................   Passed    0.19 sec
          Start  601: CaseReaderTest.InvalidGradientSchemeValueThrowsCaseConfigurationError
 590/1821 Test  #416: DiffusionTest.NetDirichletBoundaryFluxIsMoreAccurateWithCorrectionOnDistortedMesh ........................   Passed    0.19 sec
          Start   59: MeshGeometryNonOrthogonal.CartesianFacesDecomposeExactly
 591/1821 Test  #879: TimeControllerTest.StartingStepAtOrAboveMaxStepsIsImmediatelyFinished ....................................   Passed    0.19 sec
          Start 1274: CompressibleMassFluxTest.InletBoundaryReducesToOwnerDensityUnderZeroPressureGradient
 592/1821 Test  #421: DiffusionTest.BoundaryCorrectionClassificationCoversEveryConditionType ...................................   Passed    0.19 sec
          Start  404: DiffusionTest.NonOrthogonalCorrectionMatchesBaselineOnCartesianMesh
 593/1821 Test #1741: RestartIOTest.ReadRejectsMissingRequiredField ............................................................   Passed    0.19 sec
          Start 1496: PressureCorrectionNonOrthogonalTest.NonOrthogonalBoundary
 594/1821 Test  #590: MomentumNonOrthogonalTest.CartesianCorrectionIsBitIdenticalForBothOverloads ..............................   Passed    0.18 sec
          Start   60: MeshGeometryNonOrthogonal.NonOrthogonalButUnskewedFace
 595/1821 Test   #61: MeshGeometryNonOrthogonal.OrthogonalButSkewedFace ........................................................   Passed    0.18 sec
          Start  115: StructuredQuadMesh.RejectsNonFiniteVertex
 596/1821 Test  #371: GradientSchemeTest.RejectsInvalidName ....................................................................   Passed    0.18 sec
          Start 1751: RestartResumeTest.ContinuousVsSplitRunIsBitIdentical
 597/1821 Test #1744: RestartIOTest.ReadRejectsCellCountMismatch ...............................................................   Passed    0.18 sec
          Start 1381: ManufacturedFieldsTest.PressureGradientExact
 598/1821 Test #1745: RestartIOTest.ReadRejectsIncompatiblePressureArrayLength .................................................   Passed    0.18 sec
          Start 1009: ThermalSolverVariablePropertiesTest.RepeatedSolveIsDeterministic
 599/1821 Test  #592: MomentumNonOrthogonalTest.ExplicitCorrectionIsGloballyConservativeWithoutDirichletFaces ..................   Passed    0.18 sec
          Start  712: SpeciesCaseTest.RejectsMissingPerPatchSpeciesWhenSpeciesEnabled
 600/1821 Test   #70: MeshQuality.NonOrthogonalityMetricsAreDeterministic ......................................................   Passed    0.18 sec
          Start  876: TimeControllerTest.DefaultStartingStepIsZeroAndBehaviorIsUnchanged
 601/1821 Test   #71: MeshQuality.InvalidGeometryHandledSafely .................................................................   Passed    0.18 sec
          Start  878: TimeControllerTest.AdvanceFromStartingStepContinuesTheAbsoluteStepCount
 602/1821 Test  #146: AxisSpacing.GradedUniformOrUnitRatioIsTheUniformSpacing ..................................................   Passed    0.18 sec
          Start  106: StructuredQuadMesh.TrapezoidGeometryIsExact
 603/1821 Test #1497: PressureCorrectionNonOrthogonalTest.DegenerateGeometryRejected ...........................................   Passed    0.19 sec
          Start  704: SpeciesCaseTest.NonSpeciesFixtureHasNoSpeciesConfig
 604/1821 Test  #601: CaseReaderTest.InvalidGradientSchemeValueThrowsCaseConfigurationError ....................................   Passed    0.19 sec
          Start 1581: CompressiblePressureCorrectionTest.NegligibleCompressibilityMatchesIncompressibleEquation
 605/1821 Test   #59: MeshGeometryNonOrthogonal.CartesianFacesDecomposeExactly .................................................   Passed    0.18 sec
          Start   63: MeshGeometryNonOrthogonal.DegenerateGeometryIsDetected
 606/1821 Test #1274: CompressibleMassFluxTest.InletBoundaryReducesToOwnerDensityUnderZeroPressureGradient .....................   Passed    0.18 sec
          Start  118: StructuredQuadMesh.RejectsNonConvexCell
 607/1821 Test  #404: DiffusionTest.NonOrthogonalCorrectionMatchesBaselineOnCartesianMesh ......................................   Passed    0.18 sec
          Start  125: MeshValidity.DetectsCellWithTooFewFaces
 608/1821 Test #1496: PressureCorrectionNonOrthogonalTest.NonOrthogonalBoundary ................................................   Passed    0.18 sec
          Start  116: StructuredQuadMesh.RejectsFoldedCells
 609/1821 Test   #60: MeshGeometryNonOrthogonal.NonOrthogonalButUnskewedFace ...................................................   Passed    0.18 sec
          Start   68: MeshQuality.DistortedMeshReportsNonZeroMetrics
 610/1821 Test  #115: StructuredQuadMesh.RejectsNonFiniteVertex ................................................................   Passed    0.19 sec
          Start 1169: TurbulenceNonOrthogonalTest.ModelsRouteTheCorrectionThroughTheSharedOperator
 611/1821 Test #1751: RestartResumeTest.ContinuousVsSplitRunIsBitIdentical .....................................................   Passed    0.19 sec
          Start 1738: RestartIOTest.ReadRejectsMissingFile
 612/1821 Test #1381: ManufacturedFieldsTest.PressureGradientExact .............................................................   Passed    0.19 sec
          Start 1642: HeatedCavityConductionValidation.RepeatedSolveIsDeterministic
 613/1821 Test #1009: ThermalSolverVariablePropertiesTest.RepeatedSolveIsDeterministic .........................................   Passed    0.19 sec
          Start   66: MeshQuality.CartesianHasZeroNonOrthogonality
 614/1821 Test  #712: SpeciesCaseTest.RejectsMissingPerPatchSpeciesWhenSpeciesEnabled ..........................................   Passed    0.19 sec
          Start   67: MeshQuality.CartesianHasZeroSkewness
 615/1821 Test  #876: TimeControllerTest.DefaultStartingStepIsZeroAndBehaviorIsUnchanged .......................................   Passed    0.19 sec
          Start   62: MeshGeometryNonOrthogonal.DistortedDecompositionIsConsistent
 616/1821 Test  #878: TimeControllerTest.AdvanceFromStartingStepContinuesTheAbsoluteStepCount ..................................   Passed    0.19 sec
          Start  129: MeshValidity.ProblemListIsBounded
 617/1821 Test  #106: StructuredQuadMesh.TrapezoidGeometryIsExact ..............................................................   Passed    0.19 sec
          Start  119: StructuredQuadMesh.RejectsDegenerateCells
 618/1821 Test  #704: SpeciesCaseTest.NonSpeciesFixtureHasNoSpeciesConfig ......................................................   Passed    0.19 sec
          Start 1168: TurbulenceNonOrthogonalTest.NonOrthogonalDiffusion
 619/1821 Test #1581: CompressiblePressureCorrectionTest.NegligibleCompressibilityMatchesIncompressibleEquation ................   Passed    0.19 sec
          Start 1775: SpeciesAdvectionDiffusionValidation.AdvectionDominatedRegimePe50MatchesAnalyticalWithinUpwindDiffusion
 620/1821 Test   #63: MeshGeometryNonOrthogonal.DegenerateGeometryIsDetected ...................................................   Passed    0.20 sec
          Start  122: MeshValidity.DetectsInwardBoundaryFace
 621/1821 Test  #118: StructuredQuadMesh.RejectsNonConvexCell ..................................................................   Passed    0.20 sec
          Start  691: TurbulenceCaseTest.NonOrthogonalCorrectionReachesEveryTurbulenceModel
 622/1821 Test  #125: MeshValidity.DetectsCellWithTooFewFaces ..................................................................   Passed    0.20 sec
          Start  117: StructuredQuadMesh.RejectsClockwiseCells
 623/1821 Test  #116: StructuredQuadMesh.RejectsFoldedCells ....................................................................   Passed    0.20 sec
          Start 1206: SpeciesNonOrthogonalTest.CartesianSolveIsBitIdentical
 624/1821 Test   #68: MeshQuality.DistortedMeshReportsNonZeroMetrics ...........................................................   Passed    0.20 sec
          Start  108: StructuredQuadMesh.CarriesItsVertexGrid
 625/1821 Test #1169: TurbulenceNonOrthogonalTest.ModelsRouteTheCorrectionThroughTheSharedOperator .............................   Passed    0.20 sec
          Start  112: StructuredQuadMesh.ConstructionIsDeterministic
 626/1821 Test #1738: RestartIOTest.ReadRejectsMissingFile .....................................................................   Passed    0.19 sec
          Start  150: GradedMesh.GradedMeshesHaveTheRequestedCellsAndAreValid
 627/1821 Test #1642: HeatedCavityConductionValidation.RepeatedSolveIsDeterministic ............................................   Passed    0.20 sec
          Start 1049: EffectiveViscosityTest.RepeatedEvaluationIsDeterministic
 628/1821 Test   #66: MeshQuality.CartesianHasZeroNonOrthogonality .............................................................   Passed    0.20 sec
          Start  113: StructuredQuadMesh.RejectsZeroCells
 629/1821 Test   #67: MeshQuality.CartesianHasZeroSkewness .....................................................................   Passed    0.20 sec
          Start  120: MeshValidity.HandBuiltTwoCellMeshIsValid
 630/1821 Test   #62: MeshGeometryNonOrthogonal.DistortedDecompositionIsConsistent .............................................   Passed    0.20 sec
          Start 1739: RestartIOTest.ReadRejectsMalformedJsonSyntax
 631/1821 Test  #129: MeshValidity.ProblemListIsBounded ........................................................................   Passed    0.21 sec
          Start  114: StructuredQuadMesh.RejectsWrongVertexCount
 632/1821 Test  #119: StructuredQuadMesh.RejectsDegenerateCells ................................................................   Passed    0.21 sec
          Start 1742: RestartIOTest.ReadRejectsWrongFormatVersion
 633/1821 Test #1168: TurbulenceNonOrthogonalTest.NonOrthogonalDiffusion .......................................................   Passed    0.21 sec
          Start 1736: RestartIOTest.WriteThenReadRoundTripsExactly
 634/1821 Test #1775: SpeciesAdvectionDiffusionValidation.AdvectionDominatedRegimePe50MatchesAnalyticalWithinUpwindDiffusion ...   Passed    0.21 sec
          Start  124: MeshValidity.DetectsCellListingAFaceItDoesNotOwnOrNeighbor
 635/1821 Test  #122: MeshValidity.DetectsInwardBoundaryFace ...................................................................   Passed    0.21 sec
          Start 1740: RestartIOTest.ReadRejectsTruncatedFile
 636/1821 Test  #691: TurbulenceCaseTest.NonOrthogonalCorrectionReachesEveryTurbulenceModel ....................................   Passed    0.20 sec
          Start 1746: RestartIOTest.ReadRejectsOutOfRangeJsonNumber
 637/1821 Test  #117: StructuredQuadMesh.RejectsClockwiseCells .................................................................   Passed    0.20 sec
          Start 1737: RestartIOTest.RepeatedWriteIsByteIdentical
 638/1821 Test #1206: SpeciesNonOrthogonalTest.CartesianSolveIsBitIdentical ....................................................   Passed    0.20 sec
          Start 1231: VolumeFractionTransportEquationTest.RejectsNonPositiveOrNonFiniteDt
 639/1821 Test  #108: StructuredQuadMesh.CarriesItsVertexGrid ..................................................................   Passed    0.21 sec
          Start  910: RestartSnapshotTest.DifferentMeshWithSameCellAndFaceCountIsRejectedByFingerprint
 640/1821 Test  #112: StructuredQuadMesh.ConstructionIsDeterministic ...........................................................   Passed    0.20 sec
          Start 1247: IdealGasEOSTest.DoublingPressureAtFixedTemperatureDoublesDensity
 641/1821 Test  #150: GradedMesh.GradedMeshesHaveTheRequestedCellsAndAreValid ..................................................   Passed    0.20 sec
          Start  333: FixedTemperatureTest.RepeatedEvaluationIsDeterministic
 642/1821 Test #1049: EffectiveViscosityTest.RepeatedEvaluationIsDeterministic .................................................   Passed    0.20 sec
          Start 1748: RestartIOTest.ReadRejectsInvalidDeltaT
 643/1821 Test  #113: StructuredQuadMesh.RejectsZeroCells ......................................................................   Passed    0.20 sec
          Start 1468: SIMPLEBuoyancyTest.RealBuoyancySourceChangesConvergedVelocityField
 644/1821 Test  #120: MeshValidity.HandBuiltTwoCellMeshIsValid .................................................................   Passed    0.20 sec
          Start  107: StructuredQuadMesh.DistortedMeshIsConservativeAndGenuinelyNonOrthogonal
 645/1821 Test #1739: RestartIOTest.ReadRejectsMalformedJsonSyntax .............................................................   Passed    0.19 sec
          Start  103: MeshFingerprintTest.DifferentResolutionProducesDifferentFingerprint
 646/1821 Test  #114: StructuredQuadMesh.RejectsWrongVertexCount ...............................................................   Passed    0.19 sec
          Start 1237: VolumeFractionSolverTest.ZeroVelocityPreservesAlphaThroughAnActualSolve
 647/1821 Test #1742: RestartIOTest.ReadRejectsWrongFormatVersion ..............................................................   Passed    0.19 sec
          Start 1743: RestartIOTest.ReadRejectsDifferentMeshWithSameCounts
 648/1821 Test #1736: RestartIOTest.WriteThenReadRoundTripsExactly .............................................................   Passed    0.19 sec
          Start 1233: AlphaBoundsTest.ReportsMinAndMax
 649/1821 Test  #124: MeshValidity.DetectsCellListingAFaceItDoesNotOwnOrNeighbor ...............................................   Passed    0.19 sec
          Start 1454: SIMPLEKEpsilonTest.RepeatedSolveIsBitIdentical
 650/1821 Test #1740: RestartIOTest.ReadRejectsTruncatedFile ...................................................................   Passed    0.19 sec
          Start  110: StructuredQuadMesh.MeshWithoutGridReportsNone
 651/1821 Test #1746: RestartIOTest.ReadRejectsOutOfRangeJsonNumber ............................................................   Passed    0.19 sec
          Start 1747: RestartIOTest.ReadRejectsNonNumericFieldValue
 652/1821 Test #1737: RestartIOTest.RepeatedWriteIsByteIdentical ...............................................................   Passed    0.19 sec
          Start  877: TimeControllerTest.StartingStepIsReflectedImmediately
 653/1821 Test #1231: VolumeFractionTransportEquationTest.RejectsNonPositiveOrNonFiniteDt ......................................   Passed    0.19 sec
          Start  128: MeshValidity.EntitiesRejectNonFiniteAndNonPositiveGeometry
 654/1821 Test  #910: RestartSnapshotTest.DifferentMeshWithSameCellAndFaceCountIsRejectedByFingerprint .........................   Passed    0.19 sec
          Start  127: MeshValidity.DetectsPatchListingAnInternalFace
 655/1821 Test #1247: IdealGasEOSTest.DoublingPressureAtFixedTemperatureDoublesDensity .........................................   Passed    0.19 sec
          Start  126: MeshValidity.DetectsBoundaryFaceInNoPatchOrInTwo
 656/1821 Test  #333: FixedTemperatureTest.RepeatedEvaluationIsDeterministic ...................................................   Passed    0.20 sec
          Start  559: BoussinesqBuoyancyTest.MomentumContributionScalesWithCellVolume
 657/1821 Test #1748: RestartIOTest.ReadRejectsInvalidDeltaT ...................................................................   Passed    0.19 sec
          Start 1309: CaseSessionTest.SaveAsWritesARoundTripLoadableCase
 658/1821 Test #1468: SIMPLEBuoyancyTest.RealBuoyancySourceChangesConvergedVelocityField .......................................   Passed    0.19 sec
          Start  123: MeshValidity.DetectsOpenCell
 659/1821 Test  #107: StructuredQuadMesh.DistortedMeshIsConservativeAndGenuinelyNonOrthogonal ..................................   Passed    0.19 sec
          Start  130: MeshValidity.EveryCartesianAndStructuredQuadMeshIsValid
 660/1821 Test  #103: MeshFingerprintTest.DifferentResolutionProducesDifferentFingerprint ......................................   Passed    0.19 sec
          Start 1649: BoussinesqCouplingTest.DifferentiallyHeatedCavityProducesNonzeroVelocity
 661/1821 Test #1237: VolumeFractionSolverTest.ZeroVelocityPreservesAlphaThroughAnActualSolve ..................................   Passed    0.19 sec
          Start  111: StructuredQuadMesh.MeshRejectsGridThatDoesNotMatchItsCells
 662/1821 Test #1743: RestartIOTest.ReadRejectsDifferentMeshWithSameCounts .....................................................   Passed    0.19 sec
          Start 1650: BoussinesqCouplingTest.EqualWallTemperaturesGiveZeroVelocity
 663/1821 Test #1233: AlphaBoundsTest.ReportsMinAndMax .........................................................................   Passed    0.19 sec
          Start 1807: ContinuityMMS.DivergenceFreeField
 664/1821 Test #1454: SIMPLEKEpsilonTest.RepeatedSolveIsBitIdentical ...........................................................   Passed    0.19 sec
          Start 1749: RestartIOTest.ReadRejectsMismatchedVelocityComponentArrayLengths
 665/1821 Test  #110: StructuredQuadMesh.MeshWithoutGridReportsNone ............................................................   Passed    0.19 sec
          Start  109: StructuredQuadMesh.CartesianMeshCarriesItsLatticeGrid
 666/1821 Test #1747: RestartIOTest.ReadRejectsNonNumericFieldValue ............................................................   Passed    0.19 sec
          Start  121: MeshValidity.DetectsInvertedInternalFace
 667/1821 Test  #877: TimeControllerTest.StartingStepIsReflectedImmediately ....................................................   Passed    0.19 sec
          Start  101: MeshFingerprintTest.RepeatedCallOnSameMeshIsDeterministic
 668/1821 Test  #128: MeshValidity.EntitiesRejectNonFiniteAndNonPositiveGeometry ...............................................   Passed    0.19 sec
          Start 1312: CaseSessionTest.ValidateValidCaseMovesToValidated
 669/1821 Test  #127: MeshValidity.DetectsPatchListingAnInternalFace ...........................................................   Passed    0.19 sec
          Start 1311: CaseSessionTest.ReloadDiscardsInMemoryEdits
 670/1821 Test  #126: MeshValidity.DetectsBoundaryFaceInNoPatchOrInTwo .........................................................   Passed    0.18 sec
          Start 1296: ProjectRunnerTest.ValidCaseConvergesAndExportsResults
 671/1821 Test  #559: BoussinesqBuoyancyTest.MomentumContributionScalesWithCellVolume ..........................................   Passed    0.19 sec
          Start  105: StructuredQuadMesh.LatticeVerticesReproduceCartesianMesh
 672/1821 Test #1309: CaseSessionTest.SaveAsWritesARoundTripLoadableCase .......................................................   Passed    0.19 sec
          Start   99: MeshFingerprintTest.IsNonEmpty
 673/1821 Test  #123: MeshValidity.DetectsOpenCell .............................................................................   Passed    0.19 sec
          Start 1544: FinalCorrectionTest.FullPipelineFinalStateIsFiniteAndConverged
 674/1821 Test  #130: MeshValidity.EveryCartesianAndStructuredQuadMeshIsValid ..................................................   Passed    0.19 sec
          Start  100: MeshFingerprintTest.TwoSeparatelyBuiltIdenticalMeshesProduceIdenticalFingerprints
 675/1821 Test #1649: BoussinesqCouplingTest.DifferentiallyHeatedCavityProducesNonzeroVelocity .................................   Passed    0.19 sec
          Start 1785: UniformAlphaPreservationTest.ZeroVelocityPreservesANonUniformFieldOverManySteps
 676/1821 Test  #111: StructuredQuadMesh.MeshRejectsGridThatDoesNotMatchItsCells ...............................................   Passed    0.19 sec
          Start 1750: RestartResumeTest.ResumedTransientSolverContinuesFromSnapshotStateAndTime
 677/1821 Test #1650: BoussinesqCouplingTest.EqualWallTemperaturesGiveZeroVelocity .............................................   Passed    0.19 sec
          Start  880: TimeControllerTest.ResumedControllerMatchesContinuousControllerBitIdentically
 678/1821 Test #1807: ContinuityMMS.DivergenceFreeField ........................................................................   Passed    0.19 sec
          Start 1805: MomentumMMS.PressureGradientBalance
 679/1821 Test #1749: RestartIOTest.ReadRejectsMismatchedVelocityComponentArrayLengths .........................................   Passed    0.19 sec
          Start 1299: ProjectRunnerTest.CancellationStopsEarlyWithCancelledStatus
 680/1821 Test  #109: StructuredQuadMesh.CartesianMeshCarriesItsLatticeGrid ....................................................   Passed    0.19 sec
          Start 1776: SpeciesAdvectionDiffusionValidation.PureAdvectionTransportsInletValueDownstreamWithoutSourceOrSink
 681/1821 Test  #121: MeshValidity.DetectsInvertedInternalFace .................................................................   Passed    0.19 sec
          Start 1388: MMSSourceTest.SolversRejectMalformedSourceFields
 682/1821 Test  #101: MeshFingerprintTest.RepeatedCallOnSameMeshIsDeterministic ................................................   Passed    0.19 sec
          Start 1784: UniformAlphaPreservationTest.DivergenceFreeChannelFlowPreservesUniformAlphaOverManySteps
 683/1821 Test #1312: CaseSessionTest.ValidateValidCaseMovesToValidated ........................................................   Passed    0.20 sec
          Start 1461: SIMPLESSTTest.RepeatedSolveIsBitIdentical
 684/1821 Test #1311: CaseSessionTest.ReloadDiscardsInMemoryEdits ..............................................................   Passed    0.20 sec
          Start  579: TabulatedPropertyTest.RejectsNonFiniteEntries
 685/1821 Test #1296: ProjectRunnerTest.ValidCaseConvergesAndExportsResults ....................................................   Passed    0.20 sec
          Start 1266: MachNumberTest.RejectsNonPositiveSpeedOfSound
 686/1821 Test  #105: StructuredQuadMesh.LatticeVerticesReproduceCartesianMesh .................................................   Passed    0.20 sec
          Start  841: GradedMeshCase.InvalidRatiosAreRejected
 687/1821 Test   #99: MeshFingerprintTest.IsNonEmpty ...........................................................................   Passed    0.20 sec
          Start 1284: CompressibleContinuityTest.SteadyStateWithBalancedFluxGivesZeroImbalance
 688/1821 Test #1544: FinalCorrectionTest.FullPipelineFinalStateIsFiniteAndConverged ...........................................   Passed    0.20 sec
          Start  839: GradedMeshCase.ParsesXGrading
 689/1821 Test  #100: MeshFingerprintTest.TwoSeparatelyBuiltIdenticalMeshesProduceIdenticalFingerprints ........................   Passed    0.20 sec
          Start 1652: BoussinesqCouplingTest.ZeroBetaRecoversNonBuoyantAtRestSolution
 690/1821 Test #1785: UniformAlphaPreservationTest.ZeroVelocityPreservesANonUniformFieldOverManySteps ..........................   Passed    0.20 sec
          Start  840: GradedMeshCase.ParsesXAndYGradingAndEveryClusterName
 691/1821 Test #1750: RestartResumeTest.ResumedTransientSolverContinuesFromSnapshotStateAndTime ................................   Passed    0.20 sec
          Start 1786: AlphaAdvectionValidation.SlugTranslatesDownstreamWithApproximatelyCorrectDisplacement
 692/1821 Test  #880: TimeControllerTest.ResumedControllerMatchesContinuousControllerBitIdentically ............................   Passed    0.20 sec
          Start  104: MeshFingerprintTest.DifferentAspectRatioSameCellCountProducesDifferentFingerprint
 693/1821 Test #1805: MomentumMMS.PressureGradientBalance ......................................................................   Passed    0.20 sec
          Start  102: MeshFingerprintTest.DifferentDomainSizeWithSameCellAndFaceCountProducesDifferentFingerprint
 694/1821 Test #1299: ProjectRunnerTest.CancellationStopsEarlyWithCancelledStatus ..............................................   Passed    0.20 sec
          Start  955: ThermalPropertiesTest.ThermalDiffusivityRejectsZeroDensity
 695/1821 Test #1776: SpeciesAdvectionDiffusionValidation.PureAdvectionTransportsInletValueDownstreamWithoutSourceOrSink .......***Failed    0.19 sec
Running main() from /mnt/c/Users/Hasib/Desktop/CFDAPP/CFDApp/build/release/_deps/googletest-src/googletest/src/gtest_main.cc
Note: Google Test filter = SpeciesAdvectionDiffusionValidation.PureAdvectionTransportsInletValueDownstreamWithoutSourceOrSink
[==========] Running 1 test from 1 test suite.
[----------] Global test environment set-up.
[----------] 1 test from SpeciesAdvectionDiffusionValidation
[ RUN      ] SpeciesAdvectionDiffusionValidation.PureAdvectionTransportsInletValueDownstreamWithoutSourceOrSink
/mnt/c/Users/Hasib/Desktop/CFDAPP/CFDApp/tests/integration/species/test_species_advection_diffusion.cpp:251: Failure
Failed
status=2 outerIter=1 linearIter=44 initialResidual=0.5 finalResidual=0.010647468540142953 maxConcChange=0

[  FAILED  ] SpeciesAdvectionDiffusionValidation.PureAdvectionTransportsInletValueDownstreamWithoutSourceOrSink (2 ms)
[----------] 1 test from SpeciesAdvectionDiffusionValidation (2 ms total)

[----------] Global test environment tear-down
[==========] 1 test from 1 test suite ran. (2 ms total)
[  PASSED  ] 0 tests.
[  FAILED  ] 1 test, listed below:
[  FAILED  ] SpeciesAdvectionDiffusionValidation.PureAdvectionTransportsInletValueDownstreamWithoutSourceOrSink

 1 FAILED TEST

          Start  844: GradedMeshCase.GradingIsRejectedForStructuredQuad
 696/1821 Test #1388: MMSSourceTest.SolversRejectMalformedSourceFields .........................................................   Passed    0.19 sec
          Start  845: GradedMeshCase.UnusableDistributionsAreRejectedBeforeMeshConstruction
 697/1821 Test #1784: UniformAlphaPreservationTest.DivergenceFreeChannelFlowPreservesUniformAlphaOverManySteps .................   Passed    0.19 sec
          Start  846: GradedMeshCase.ImpossibleDomainOrCellCountIsRejected
 698/1821 Test #1461: SIMPLESSTTest.RepeatedSolveIsBitIdentical ................................................................   Passed    0.19 sec
          Start 1289: CompressibleMomentumTimeDerivativeTest.HandDerivedDiagonalAndSource
 699/1821 Test  #579: TabulatedPropertyTest.RejectsNonFiniteEntries ............................................................   Passed    0.19 sec
          Start 1465: SIMPLEBuoyancyTest.CaseB_BetaZeroMatchesNoBuoyancyBitForBit
 700/1821 Test #1266: MachNumberTest.RejectsNonPositiveSpeedOfSound ............................................................   Passed    0.19 sec
          Start 1166: TurbulenceModelFactoryTest.SSTNameCreatesSSTModel
 701/1821 Test  #841: GradedMeshCase.InvalidRatiosAreRejected ..................................................................   Passed    0.19 sec
          Start  347: AdiabaticTest.RejectsInvalidDistance
 702/1821 Test #1284: CompressibleContinuityTest.SteadyStateWithBalancedFluxGivesZeroImbalance .................................   Passed    0.19 sec
          Start  694: BoussinesqCaseTest.ParsesBuoyancyConfigWhenEnabled
 703/1821 Test  #839: GradedMeshCase.ParsesXGrading ............................................................................   Passed    0.19 sec
          Start 1255: IdealGasEOSTest.DDensityDTemperatureMatchesAnalyticalFormula
 704/1821 Test #1652: BoussinesqCouplingTest.ZeroBetaRecoversNonBuoyantAtRestSolution ..........................................   Passed    0.19 sec
          Start 1306: CaseSessionTest.OpenValidCaseMovesToLoaded
 705/1821 Test  #840: GradedMeshCase.ParsesXAndYGradingAndEveryClusterName .....................................................   Passed    0.20 sec
          Start 1249: IdealGasEOSTest.RejectsNonPositivePressureOrTemperature
 706/1821 Test #1786: AlphaAdvectionValidation.SlugTranslatesDownstreamWithApproximatelyCorrectDisplacement ....................***Failed    0.20 sec
Running main() from /mnt/c/Users/Hasib/Desktop/CFDAPP/CFDApp/build/release/_deps/googletest-src/googletest/src/gtest_main.cc
Note: Google Test filter = AlphaAdvectionValidation.SlugTranslatesDownstreamWithApproximatelyCorrectDisplacement
[==========] Running 1 test from 1 test suite.
[----------] Global test environment set-up.
[----------] 1 test from AlphaAdvectionValidation
[ RUN      ] AlphaAdvectionValidation.SlugTranslatesDownstreamWithApproximatelyCorrectDisplacement
/mnt/c/Users/Hasib/Desktop/CFDAPP/CFDApp/tests/integration/multiphase/test_alpha_advection.cpp:140: Failure
Failed
step 0 did not converge (status=1)

/mnt/c/Users/Hasib/Desktop/CFDAPP/CFDApp/tests/integration/multiphase/test_alpha_advection.cpp:166: Failure
Expected: (actualDisplacement) > (0.0), actual: 0 vs 0

/mnt/c/Users/Hasib/Desktop/CFDAPP/CFDApp/tests/integration/multiphase/test_alpha_advection.cpp:172: Failure
The difference between actualDisplacement and expectedDisplacement is 0.20000000000000001, which exceeds 0.25 * expectedDisplacement, where
actualDisplacement evaluates to 0,
expectedDisplacement evaluates to 0.20000000000000001, and
0.25 * expectedDisplacement evaluates to 0.050000000000000003.

[  FAILED  ] AlphaAdvectionValidation.SlugTranslatesDownstreamWithApproximatelyCorrectDisplacement (0 ms)
[----------] 1 test from AlphaAdvectionValidation (0 ms total)

[----------] Global test environment tear-down
[==========] 1 test from 1 test suite ran. (0 ms total)
[  PASSED  ] 0 tests.
[  FAILED  ] 1 test, listed below:
[  FAILED  ] AlphaAdvectionValidation.SlugTranslatesDownstreamWithApproximatelyCorrectDisplacement

 1 FAILED TEST

          Start  991: EnergyEquationVariablePropertiesTest.CombinerUniformFieldsMatchScalarThermalProperties
 707/1821 Test  #104: MeshFingerprintTest.DifferentAspectRatioSameCellCountProducesDifferentFingerprint ........................   Passed    0.20 sec
          Start 1352: SampleVectorFieldTest.StrideNSamplesEveryNthCellById
 708/1821 Test  #102: MeshFingerprintTest.DifferentDomainSizeWithSameCellAndFaceCountProducesDifferentFingerprint ..............   Passed    0.19 sec
          Start  842: GradedMeshCase.OverflowingRatioLiteralIsRejected
 709/1821 Test  #955: ThermalPropertiesTest.ThermalDiffusivityRejectsZeroDensity ...............................................   Passed    0.20 sec
          Start  678: TurbulenceCaseTest.RejectsUnsupportedModelName
 710/1821 Test  #844: GradedMeshCase.GradingIsRejectedForStructuredQuad ........................................................   Passed    0.19 sec
          Start 1777: SpeciesConservationTest.ClosedZeroFluxDomainConservesSpeciesForAnyArbitraryField
 711/1821 Test  #845: GradedMeshCase.UnusableDistributionsAreRejectedBeforeMeshConstruction ....................................   Passed    0.20 sec
          Start 1791: SinglePhaseEquivalenceTest.AlphaOneReducesToPurePhase1MomentumAssemblyExactly
 712/1821 Test  #846: GradedMeshCase.ImpossibleDomainOrCellCountIsRejected .....................................................   Passed    0.19 sec
          Start  552: BoussinesqBuoyancyTest.ZeroBetaGivesZeroSourceForAnyTemperature
 713/1821 Test #1289: CompressibleMomentumTimeDerivativeTest.HandDerivedDiagonalAndSource ......................................   Passed    0.20 sec
          Start  917: RestartSnapshotTest.UnsupportedFormatVersionIsRejected
 714/1821 Test #1465: SIMPLEBuoyancyTest.CaseB_BetaZeroMatchesNoBuoyancyBitForBit ..............................................   Passed    0.19 sec
          Start 1574: PISOTurbulenceTest.DefaultTurbulenceModelMatchesExplicitLaminarModel
 715/1821 Test #1166: TurbulenceModelFactoryTest.SSTNameCreatesSSTModel ........................................................   Passed    0.19 sec
          Start 1662: CaseLidDrivenCavityIntegrationTest.SmallFixtureLoadsBuildsAndConverges
 716/1821 Test  #347: AdiabaticTest.RejectsInvalidDistance .....................................................................   Passed    0.19 sec
          Start  588: MomentumVariableViscosityTest.TabulatedMuGivesTheExpectedFaceValue
 717/1821 Test  #694: BoussinesqCaseTest.ParsesBuoyancyConfigWhenEnabled .......................................................   Passed    0.19 sec
          Start 1466: SIMPLEBuoyancyTest.CaseC_ZeroGravityMatchesNoBuoyancyBitForBit
 718/1821 Test #1255: IdealGasEOSTest.DDensityDTemperatureMatchesAnalyticalFormula .............................................   Passed    0.19 sec
          Start 1305: CaseSessionTest.NewCaseMovesToLoadedWithNoDirectory
 719/1821 Test #1306: CaseSessionTest.OpenValidCaseMovesToLoaded ...............................................................   Passed    0.19 sec
          Start 1074: KEpsilonEquationTest.UniformFieldWithZeroSourceIsPreservedByFullEquation
 720/1821 Test #1249: IdealGasEOSTest.RejectsNonPositivePressureOrTemperature ..................................................   Passed    0.19 sec
          Start  656: ThermalCaseTest.RejectsNonPositiveConductivity
 721/1821 Test  #991: EnergyEquationVariablePropertiesTest.CombinerUniformFieldsMatchScalarThermalProperties ...................   Passed    0.19 sec
          Start 1390: MMSErrorNormsTest.PressureGaugeRemoval
 722/1821 Test #1352: SampleVectorFieldTest.StrideNSamplesEveryNthCellById .....................................................   Passed    0.19 sec
          Start  545: BoussinesqBuoyancyTest.ConstructsWithValidParameters
 723/1821 Test  #842: GradedMeshCase.OverflowingRatioLiteralIsRejected .........................................................   Passed    0.19 sec
          Start 1467: SIMPLEBuoyancyTest.UniformReferenceTemperatureMatchesNoBuoyancyBitForBit
 724/1821 Test  #678: TurbulenceCaseTest.RejectsUnsupportedModelName ...........................................................   Passed    0.19 sec
          Start 1457: SIMPLEKOmegaTest.RepeatedSolveIsBitIdentical
 725/1821 Test #1777: SpeciesConservationTest.ClosedZeroFluxDomainConservesSpeciesForAnyArbitraryField .........................   Passed    0.19 sec
          Start 1071: KEpsilonEquationTest.ImplicitSourceRejectsNonFiniteSuOrSp
 726/1821 Test #1791: SinglePhaseEquivalenceTest.AlphaOneReducesToPurePhase1MomentumAssemblyExactly ............................   Passed    0.19 sec
          Start 1154: SSTModelTest.ConvergenceResidualIsNulloptBeforeFirstCorrect
 727/1821 Test  #552: BoussinesqBuoyancyTest.ZeroBetaGivesZeroSourceForAnyTemperature ..........................................   Passed    0.19 sec
          Start 1119: SSTEquationTest.AlphaRejectsInvalidBetaStar
 728/1821 Test  #917: RestartSnapshotTest.UnsupportedFormatVersionIsRejected ...................................................   Passed    0.19 sec
          Start 1453: SIMPLEKEpsilonTest.EndToEndLoopIsConnectedAndProducesPhysicalFields
 729/1821 Test #1574: PISOTurbulenceTest.DefaultTurbulenceModelMatchesExplicitLaminarModel .....................................   Passed    0.20 sec
          Start  553: BoussinesqBuoyancyTest.ZeroGravityGivesZeroSourceForAnyTemperature
 730/1821 Test #1662: CaseLidDrivenCavityIntegrationTest.SmallFixtureLoadsBuildsAndConverges ...................................   Passed    0.20 sec
          Start 1535: SecondPressureCorrectionTest.DeterministicReferenceCellRowIsPreserved
 731/1821 Test  #588: MomentumVariableViscosityTest.TabulatedMuGivesTheExpectedFaceValue .......................................   Passed    0.20 sec
          Start  838: GradedMeshCase.ParsesYGrading
 732/1821 Test #1466: SIMPLEBuoyancyTest.CaseC_ZeroGravityMatchesNoBuoyancyBitForBit ...........................................   Passed    0.19 sec
          Start 1456: SIMPLEKOmegaTest.EndToEndLoopIsConnectedAndProducesPhysicalFields
 733/1821 Test #1305: CaseSessionTest.NewCaseMovesToLoadedWithNoDirectory ......................................................   Passed    0.19 sec
          Start 1342: NearestCellTest.FindsTheCellWhoseCentroidIsClosest
 734/1821 Test #1074: KEpsilonEquationTest.UniformFieldWithZeroSourceIsPreservedByFullEquation .................................   Passed    0.19 sec
          Start 1338: VelocityMagnitudeTest.MatchesPythagoreanFormula
 735/1821 Test  #656: ThermalCaseTest.RejectsNonPositiveConductivity ...........................................................   Passed    0.20 sec
          Start  576: TabulatedPropertyTest.RejectsFewerThanTwoPoints
 736/1821 Test #1390: MMSErrorNormsTest.PressureGaugeRemoval ...................................................................   Passed    0.19 sec
          Start 1252: IdealGasEOSTest.RejectsNonFiniteGasConstant
 737/1821 Test  #545: BoussinesqBuoyancyTest.ConstructsWithValidParameters .....................................................   Passed    0.20 sec
          Start 1035: TurbulenceModelTest.ModelNameIsAccessible
 738/1821 Test #1467: SIMPLEBuoyancyTest.UniformReferenceTemperatureMatchesNoBuoyancyBitForBit .................................   Passed    0.20 sec
          Start 1389: MMSErrorNormsTest.KnownField
 739/1821 Test #1457: SIMPLEKOmegaTest.RepeatedSolveIsBitIdentical .............................................................   Passed    0.21 sec
          Start 1392: MMSStudyTest.ReportIsDeterministicExceptRuntime
 740/1821 Test #1071: KEpsilonEquationTest.ImplicitSourceRejectsNonFiniteSuOrSp ................................................   Passed    0.20 sec
          Start 1254: IdealGasEOSTest.DDensityDPressureIsIndependentOfPressure
 741/1821 Test #1154: SSTModelTest.ConvergenceResidualIsNulloptBeforeFirstCorrect ..............................................   Passed    0.20 sec
          Start  843: GradedMeshCase.InvalidTypeClusterAndKeysAreRejected
 742/1821 Test #1119: SSTEquationTest.AlphaRejectsInvalidBetaStar ..............................................................   Passed    0.20 sec
          Start 1251: IdealGasEOSTest.RejectsNonPositiveGasConstant
 743/1821 Test #1453: SIMPLEKEpsilonTest.EndToEndLoopIsConnectedAndProducesPhysicalFields ......................................   Passed    0.20 sec
          Start 1459: SIMPLESSTTest.EndToEndLoopIsConnectedAndProducesPhysicalFields
 744/1821 Test  #553: BoussinesqBuoyancyTest.ZeroGravityGivesZeroSourceForAnyTemperature .......................................   Passed    0.20 sec
          Start 1330: MarchingSquaresTest.RepeatedCallsAreDeterministic
 745/1821 Test #1535: SecondPressureCorrectionTest.DeterministicReferenceCellRowIsPreserved ....................................   Passed    0.20 sec
          Start  701: BoussinesqCaseTest.RejectsMissingGravity
 746/1821 Test  #838: GradedMeshCase.ParsesYGrading ............................................................................   Passed    0.20 sec
          Start 1567: PisoTransientIntegrationTest.FailedPisoStepIsRejectedAndLeavesAcceptedStateBitIdentical
 747/1821 Test #1456: SIMPLEKOmegaTest.EndToEndLoopIsConnectedAndProducesPhysicalFields ........................................   Passed    0.20 sec
          Start 1250: IdealGasEOSTest.RejectsNonFinitePressureOrTemperature
 748/1821 Test #1342: NearestCellTest.FindsTheCellWhoseCentroidIsClosest .......................................................   Passed    0.20 sec
          Start  583: EvaluatePropertyFieldTest.AllowsNonPositiveResultWhenNotRequired
 749/1821 Test #1338: VelocityMagnitudeTest.MatchesPythagoreanFormula ..........................................................   Passed    0.20 sec
          Start 1057: LaminarModelTest.ConstructionIsDeterministicAcrossInstances
 750/1821 Test  #576: TabulatedPropertyTest.RejectsFewerThanTwoPoints ..........................................................   Passed    0.20 sec
          Start  343: HeatFluxTest.RepeatedEvaluationIsDeterministic
 751/1821 Test #1252: IdealGasEOSTest.RejectsNonFiniteGasConstant ..............................................................   Passed    0.20 sec
          Start  575: TabulatedPropertyTest.ReportsTableRange
 752/1821 Test #1035: TurbulenceModelTest.ModelNameIsAccessible ................................................................   Passed    0.20 sec
          Start 1520: TransientPressureCorrectionTest.ResponseCoefficientReflectsTransientDiagonalExactly
 753/1821 Test #1389: MMSErrorNormsTest.KnownField .............................................................................   Passed    0.20 sec
          Start 1575: PISOTurbulenceTest.ElevatedEddyViscosityChangesPredictedState
 754/1821 Test #1392: MMSStudyTest.ReportIsDeterministicExceptRuntime ..........................................................   Passed    0.19 sec
          Start  341: HeatFluxTest.RejectsNonFiniteHeatFlux
 755/1821 Test #1254: IdealGasEOSTest.DDensityDPressureIsIndependentOfPressure .................................................   Passed    0.19 sec
          Start 1334: AutomaticContourLevelsTest.ConstantFieldProducesNoLevels
 756/1821 Test  #843: GradedMeshCase.InvalidTypeClusterAndKeysAreRejected ......................................................   Passed    0.19 sec
          Start 1260: ThermodynamicPropertiesTest.RejectsNonFiniteCp
 757/1821 Test #1251: IdealGasEOSTest.RejectsNonPositiveGasConstant ............................................................   Passed    0.19 sec
          Start 1248: IdealGasEOSTest.DoublingTemperatureAtFixedPressureHalvesDensity
 758/1821 Test #1459: SIMPLESSTTest.EndToEndLoopIsConnectedAndProducesPhysicalFields ...........................................   Passed    0.19 sec
          Start 1387: MMSSourceTest.RelaxedMomentumSourceIsAPureRhsTerm
 759/1821 Test #1330: MarchingSquaresTest.RepeatedCallsAreDeterministic ........................................................   Passed    0.18 sec
          Start 1332: MarchingSquaresTest.RejectsMismatchedSizes
 760/1821 Test  #701: BoussinesqCaseTest.RejectsMissingGravity .................................................................   Passed    0.18 sec
          Start 1258: ThermodynamicPropertiesTest.DerivesCvAndGammaFromRAndCp
 761/1821 Test #1567: PisoTransientIntegrationTest.FailedPisoStepIsRejectedAndLeavesAcceptedStateBitIdentical ..................   Passed    0.18 sec
          Start  338: HeatFluxTest.ExposesHeatFluxAndConductivity
 762/1821 Test #1250: IdealGasEOSTest.RejectsNonFinitePressureOrTemperature ....................................................   Passed    0.18 sec
          Start 1210: PhasePropertiesTest.RejectsZeroOrNegativeViscosity
 763/1821 Test  #583: EvaluatePropertyFieldTest.AllowsNonPositiveResultWhenNotRequired .........................................   Passed    0.19 sec
          Start 1253: IdealGasEOSTest.DDensityDPressureMatchesAnalyticalFormula
 764/1821 Test #1057: LaminarModelTest.ConstructionIsDeterministicAcrossInstances ..............................................   Passed    0.19 sec
          Start 1270: EvaluateDensityFieldTest.InvalidCellStateThrowsNamingTheCell
 765/1821 Test  #343: HeatFluxTest.RepeatedEvaluationIsDeterministic ...........................................................   Passed    0.19 sec
          Start 1307: CaseSessionTest.OpenMissingDirectoryLeavesStateUnchangedAndSetsError
 766/1821 Test  #575: TabulatedPropertyTest.ReportsTableRange ..................................................................   Passed    0.19 sec
          Start 1333: AutomaticContourLevelsTest.ProducesEvenlySpacedInteriorLevels
 767/1821 Test #1520: TransientPressureCorrectionTest.ResponseCoefficientReflectsTransientDiagonalExactly ......................   Passed    0.19 sec
          Start  582: EvaluatePropertyFieldTest.RejectsNonPositiveResultWhenRequired
 768/1821 Test #1575: PISOTurbulenceTest.ElevatedEddyViscosityChangesPredictedState ............................................   Passed    0.20 sec
          Start 1209: PhasePropertiesTest.RejectsZeroOrNegativeDensity
 769/1821 Test  #341: HeatFluxTest.RejectsNonFiniteHeatFlux ....................................................................   Passed    0.20 sec
          Start  230: SparseMatrixBuilderTest.ReserveDoesNotChangeTheAssembledMatrix
 770/1821 Test #1334: AutomaticContourLevelsTest.ConstantFieldProducesNoLevels .................................................   Passed    0.20 sec
          Start  339: HeatFluxTest.TypeAndNameAreThermalSpecific
 771/1821 Test #1260: ThermodynamicPropertiesTest.RejectsNonFiniteCp ...........................................................   Passed    0.20 sec
          Start 1050: LaminarModelTest.NameIsLaminar
 772/1821 Test #1248: IdealGasEOSTest.DoublingTemperatureAtFixedPressureHalvesDensity ..........................................   Passed    0.20 sec
          Start 1222: VolumeFractionConvectionTest.PositiveInternalFluxSelectsOwnerNegativeSelectsNeighbor
 773/1821 Test #1387: MMSSourceTest.RelaxedMomentumSourceIsAPureRhsTerm ........................................................   Passed    0.20 sec
          Start 1216: TwoPhaseSystemTest.DeterministicRepeatedEvaluation
 774/1821 Test #1332: MarchingSquaresTest.RejectsMismatchedSizes ...............................................................   Passed    0.20 sec
          Start 1195: ConcentrationBoundsTest.ReportsMinAndMax
 775/1821 Test #1258: ThermodynamicPropertiesTest.DerivesCvAndGammaFromRAndCp ..................................................   Passed    0.22 sec
          Start  697: BoussinesqCaseTest.RejectsBuoyancyWithoutThermal
 776/1821 Test  #338: HeatFluxTest.ExposesHeatFluxAndConductivity ..............................................................   Passed    0.22 sec
          Start  693: BoussinesqCaseTest.ThermalWithoutBuoyancyHasNoBuoyancyConfig
 777/1821 Test #1210: PhasePropertiesTest.RejectsZeroOrNegativeViscosity .......................................................   Passed    0.21 sec
          Start 1340: Vorticity2DTest.UniformFlowHasZeroVorticity
 778/1821 Test #1253: IdealGasEOSTest.DDensityDPressureMatchesAnalyticalFormula ................................................   Passed    0.21 sec
          Start  581: EvaluatePropertyFieldTest.ConstantPropertyGivesAUniformField
 779/1821 Test #1270: EvaluateDensityFieldTest.InvalidCellStateThrowsNamingTheCell .............................................   Passed    0.21 sec
          Start 1354: SampleVectorFieldTest.MismatchedSizeThrows
 780/1821 Test #1307: CaseSessionTest.OpenMissingDirectoryLeavesStateUnchangedAndSetsError .....................................   Passed    0.20 sec
          Start 1335: AutomaticContourLevelsTest.IgnoresNonFiniteSamples
 781/1821 Test #1333: AutomaticContourLevelsTest.ProducesEvenlySpacedInteriorLevels ............................................   Passed    0.20 sec
          Start 1792: SinglePhaseEquivalenceTest.AlphaZeroReducesToPurePhase2MomentumAssemblyExactly
 782/1821 Test  #582: EvaluatePropertyFieldTest.RejectsNonPositiveResultWhenRequired ...........................................   Passed    0.20 sec
          Start  574: TabulatedPropertyTest.ClampsAboveRangeToTheLastValue
 783/1821 Test #1209: PhasePropertiesTest.RejectsZeroOrNegativeDensity .........................................................   Passed    0.20 sec
          Start 1386: MMSSourceTest.CellVolumeScaling
 784/1821 Test  #230: SparseMatrixBuilderTest.ReserveDoesNotChangeTheAssembledMatrix ...........................................   Passed    0.20 sec
          Start  346: AdiabaticTest.TypeAndNameAreThermalSpecific
 785/1821 Test  #339: HeatFluxTest.TypeAndNameAreThermalSpecific ...............................................................   Passed    0.20 sec
          Start 1234: PhaseVolumeTest.MatchesHandDerivedSum
 786/1821 Test #1050: LaminarModelTest.NameIsLaminar ...........................................................................   Passed    0.20 sec
          Start 1327: MarchingSquaresTest.ConstantFieldProducesNoSegments
 787/1821 Test #1222: VolumeFractionConvectionTest.PositiveInternalFluxSelectsOwnerNegativeSelectsNeighbor .....................   Passed    0.20 sec
          Start  568: LinearPropertyTest.RejectsNonFiniteConstructorArguments
 788/1821 Test #1216: TwoPhaseSystemTest.DeterministicRepeatedEvaluation .......................................................   Passed    0.20 sec
          Start 1261: ThermodynamicPropertiesTest.DensityDelegatesToTheEquationOfState
 789/1821 Test #1195: ConcentrationBoundsTest.ReportsMinAndMax .................................................................   Passed    0.19 sec
          Start 1339: Vorticity2DTest.SolidBodyRotationMatchesAnalyticalConstantAwayFromBoundaries
 790/1821 Test  #697: BoussinesqCaseTest.RejectsBuoyancyWithoutThermal .........................................................   Passed    0.19 sec
          Start  336: HeatFluxTest.ZeroFluxReturnsOwnerValue
 791/1821 Test  #693: BoussinesqCaseTest.ThermalWithoutBuoyancyHasNoBuoyancyConfig .............................................   Passed    0.19 sec
          Start 1452: SIMPLETurbulenceTest.ElevatedEddyViscosityChangesConvergedVelocityField
 792/1821 Test #1340: Vorticity2DTest.UniformFlowHasZeroVorticity ..............................................................   Passed    0.18 sec
          Start  551: BoussinesqBuoyancyTest.ReferenceTemperatureGivesZeroSource
 793/1821 Test  #581: EvaluatePropertyFieldTest.ConstantPropertyGivesAUniformField .............................................   Passed    0.18 sec
          Start 1215: TwoPhaseSystemTest.MixtureViscosityAtCanonicalAlphaValues
 794/1821 Test #1354: SampleVectorFieldTest.MismatchedSizeThrows ...............................................................   Passed    0.18 sec
          Start 1214: TwoPhaseSystemTest.MixtureDensityAtCanonicalAlphaValues
 795/1821 Test #1335: AutomaticContourLevelsTest.IgnoresNonFiniteSamples .......................................................   Passed    0.18 sec
          Start 1238: VolumeFractionSolverTest.ConvergesForASimpleUniformInletFlow
 796/1821 Test #1792: SinglePhaseEquivalenceTest.AlphaZeroReducesToPurePhase2MomentumAssemblyExactly ...........................   Passed    0.18 sec
          Start 1451: SIMPLETurbulenceTest.DefaultTurbulenceModelMatchesExplicitLaminarModel
 797/1821 Test  #574: TabulatedPropertyTest.ClampsAboveRangeToTheLastValue .....................................................   Passed    0.17 sec
          Start 1243: VolumeFractionSolverTest.NonFiniteStateForNonFiniteMassFlux
 798/1821 Test #1386: MMSSourceTest.CellVolumeScaling ..........................................................................   Passed    0.18 sec
          Start 1345: SampleLineTest.HorizontalLineTracksTheXCoordinateField
 799/1821 Test  #346: AdiabaticTest.TypeAndNameAreThermalSpecific ..............................................................   Passed    0.17 sec
          Start  569: LinearPropertyTest.AcceptsZeroSlopeAsAnEquivalentOfConstant
 800/1821 Test #1234: PhaseVolumeTest.MatchesHandDerivedSum ....................................................................   Passed    0.17 sec
          Start  554: BoussinesqBuoyancyTest.HotCellWithDownwardGravityDrivesFluidUpward
 801/1821 Test #1327: MarchingSquaresTest.ConstantFieldProducesNoSegments ......................................................   Passed    0.17 sec
          Start  572: TabulatedPropertyTest.InterpolatesWithinAnArbitraryBracket
 802/1821 Test  #568: LinearPropertyTest.RejectsNonFiniteConstructorArguments ..................................................   Passed    0.17 sec
          Start 1043: ValidateTurbulentViscosityFieldTest.RejectsNegativeEntry
 803/1821 Test #1261: ThermodynamicPropertiesTest.DensityDelegatesToTheEquationOfState .........................................   Passed    0.18 sec
          Start  332: FixedTemperatureTest.RejectsNonFiniteTemperature
 804/1821 Test #1339: Vorticity2DTest.SolidBodyRotationMatchesAnalyticalConstantAwayFromBoundaries .............................   Passed    0.18 sec
          Start 1789: PhaseConservationTest.ClosedDomainConservesPhaseVolumeOverManySteps
 805/1821 Test  #336: HeatFluxTest.ZeroFluxReturnsOwnerValue ...................................................................   Passed    0.18 sec
          Start  550: BoussinesqBuoyancyTest.RejectsNonFiniteTemperature
 806/1821 Test  #551: BoussinesqBuoyancyTest.ReferenceTemperatureGivesZeroSource ...............................................   Passed    0.16 sec
          Start 1558: PisoTest.TinyLidDrivenCavityOneStepConservesMassNearMachineZero
 807/1821 Test #1452: SIMPLETurbulenceTest.ElevatedEddyViscosityChangesConvergedVelocityField ..................................   Passed    0.19 sec
          Start 1226: VolumeFractionConvectionTest.MismatchedAlphaSizeThrows
 808/1821 Test #1215: TwoPhaseSystemTest.MixtureViscosityAtCanonicalAlphaValues ................................................   Passed    0.18 sec
          Start 1232: VolumeFractionTransportEquationTest.RepeatedAssemblyIsDeterministic
 809/1821 Test #1214: TwoPhaseSystemTest.MixtureDensityAtCanonicalAlphaValues ..................................................   Passed    0.17 sec
          Start  703: BoussinesqCaseTest.RejectsNonFiniteGravityComponent
 810/1821 Test #1238: VolumeFractionSolverTest.ConvergesForASimpleUniformInletFlow .............................................   Passed    0.18 sec
          Start 1568: PisoTransientIntegrationTest.ShortenedFinalDtReachesEndTimeWithRealPiso
 811/1821 Test #1451: SIMPLETurbulenceTest.DefaultTurbulenceModelMatchesExplicitLaminarModel ...................................   Passed    0.18 sec
          Start  577: TabulatedPropertyTest.RejectsMismatchedLengths
 812/1821 Test #1243: VolumeFractionSolverTest.NonFiniteStateForNonFiniteMassFlux ..............................................   Passed    0.18 sec
          Start 1530: CorrectionApplicationTest.WallNormalBoundaryFluxStaysExactlyZeroAfterCorrection
 813/1821 Test #1345: SampleLineTest.HorizontalLineTracksTheXCoordinateField ...................................................   Passed    0.18 sec
          Start 1047: EffectiveViscosityTest.RejectsNonPositiveMolecularViscosity
 814/1821 Test  #569: LinearPropertyTest.AcceptsZeroSlopeAsAnEquivalentOfConstant ..............................................   Passed    0.18 sec
          Start  905: RestartSnapshotTest.SourceTransientStateIsNotModified
 815/1821 Test  #554: BoussinesqBuoyancyTest.HotCellWithDownwardGravityDrivesFluidUpward .......................................   Passed    0.18 sec
          Start 1058: LaminarModelTest.EffectiveViscosityRejectsInvalidMolecularViscosity
 816/1821 Test  #572: TabulatedPropertyTest.InterpolatesWithinAnArbitraryBracket ...............................................   Passed    0.18 sec
          Start 1224: VolumeFractionConvectionTest.BoundaryInflowUsesBoundaryValueOnRhs
 817/1821 Test #1043: ValidateTurbulentViscosityFieldTest.RejectsNegativeEntry .................................................   Passed    0.18 sec
          Start  965: EnergyEquationConvectionTest.BoundaryInflowUsesBoundaryValueOnRhs
 818/1821 Test  #332: FixedTemperatureTest.RejectsNonFiniteTemperature .........................................................   Passed    0.19 sec
          Start 1217: TwoPhaseSystemTest.RejectsNonFiniteAlpha
 819/1821 Test #1789: PhaseConservationTest.ClosedDomainConservesPhaseVolumeOverManySteps ......................................   Passed    0.19 sec
          Start  903: RestartSnapshotTest.VelocityPressureFluxCopiedExactly
 820/1821 Test  #550: BoussinesqBuoyancyTest.RejectsNonFiniteTemperature .......................................................   Passed    0.19 sec
          Start 1236: PhaseVolumeTest.MismatchedAlphaSizeThrows
 821/1821 Test #1558: PisoTest.TinyLidDrivenCavityOneStepConservesMassNearMachineZero ..........................................   Passed    0.19 sec
          Start 1189: SpeciesEquationAssemblyTest.MismatchedConcentrationSizeThrows
 822/1821 Test #1226: VolumeFractionConvectionTest.MismatchedAlphaSizeThrows ...................................................   Passed    0.19 sec
          Start 1228: VolumeFractionTransportEquationTest.ZeroVelocityPreservesAlphaExactly
 823/1821 Test #1232: VolumeFractionTransportEquationTest.RepeatedAssemblyIsDeterministic ......................................   Passed    0.19 sec
          Start 1006: ThermalSolverVariablePropertiesTest.ConstantModelsReproduceThermalPropertiesOverloadExactly
 824/1821 Test  #703: BoussinesqCaseTest.RejectsNonFiniteGravityComponent ......................................................   Passed    0.19 sec
          Start  904: RestartSnapshotTest.TimeStepAndDeltaTCopiedExactly
 825/1821 Test #1568: PisoTransientIntegrationTest.ShortenedFinalDtReachesEndTimeWithRealPiso ..................................   Passed    0.19 sec
          Start  563: ConstantPropertyTest.ReturnsTheSameValueForAnyTemperature
 826/1821 Test  #577: TabulatedPropertyTest.RejectsMismatchedLengths ...........................................................   Passed    0.19 sec
          Start  908: RestartSnapshotTest.WrongFaceCountIsRejected
 827/1821 Test #1530: CorrectionApplicationTest.WallNormalBoundaryFluxStaysExactlyZeroAfterCorrection ..........................   Passed    0.19 sec
          Start 1021: InterfaceConductanceTest.RejectsNonFiniteInputs
 828/1821 Test #1047: EffectiveViscosityTest.RejectsNonPositiveMolecularViscosity ..............................................   Passed    0.19 sec
          Start  562: BoussinesqBuoyancyTest.MismatchedTemperatureSizeThrows
 829/1821 Test  #905: RestartSnapshotTest.SourceTransientStateIsNotModified ....................................................   Passed    0.19 sec
          Start  989: EnergyEquationVariablePropertiesTest.ConvectionSwitchesToNeighborsSpecificHeatWhenItIsUpwind
 830/1821 Test #1058: LaminarModelTest.EffectiveViscosityRejectsInvalidMolecularViscosity ......................................   Passed    0.19 sec
          Start  557: BoussinesqBuoyancyTest.SourceIsLinearInTemperatureDeviation
 831/1821 Test #1224: VolumeFractionConvectionTest.BoundaryInflowUsesBoundaryValueOnRhs ........................................   Passed    0.20 sec
          Start 1264: ThermodynamicPropertiesTest.SpeedOfSoundRejectsNonPositiveTemperature
 832/1821 Test  #965: EnergyEquationConvectionTest.BoundaryInflowUsesBoundaryValueOnRhs ........................................   Passed    0.19 sec
          Start 1020: InterfaceConductanceTest.RejectsNonPositiveDistance
 833/1821 Test #1217: TwoPhaseSystemTest.RejectsNonFiniteAlpha .................................................................   Passed    0.19 sec
          Start  909: RestartSnapshotTest.MismatchedMeshCellCountIsRejectedEvenWithConsistentFieldSizes
 834/1821 Test  #903: RestartSnapshotTest.VelocityPressureFluxCopiedExactly ....................................................   Passed    0.19 sec
          Start  580: EvaluatePropertyFieldTest.EvaluatesEveryCellFromItsOwnTemperature
 835/1821 Test #1236: PhaseVolumeTest.MismatchedAlphaSizeThrows ................................................................   Passed    0.19 sec
          Start  564: ConstantPropertyTest.RejectsNonFiniteReferenceValue
 836/1821 Test #1189: SpeciesEquationAssemblyTest.MismatchedConcentrationSizeThrows ............................................   Passed    0.19 sec
          Start 1199: SpeciesSolverTest.InvalidConfigurationForMismatchedMassFluxSize
 837/1821 Test #1228: VolumeFractionTransportEquationTest.ZeroVelocityPreservesAlphaExactly ....................................   Passed    0.20 sec
          Start 1570: PisoTransientIntegrationTest.CflRemainsDiagnosticOnlyUnderGenerousCflFailAbove
 838/1821 Test #1006: ThermalSolverVariablePropertiesTest.ConstantModelsReproduceThermalPropertiesOverloadExactly ..............   Passed    0.19 sec
          Start 1219: EvaluateMixtureFieldTest.EvaluatesEveryCellFromItsOwnAlpha
 839/1821 Test  #904: RestartSnapshotTest.TimeStepAndDeltaTCopiedExactly .......................................................   Passed    0.20 sec
          Start  695: BoussinesqCaseTest.BuilderConstructsBoussinesqBuoyancyWithFluidDensity
 840/1821 Test  #563: ConstantPropertyTest.ReturnsTheSameValueForAnyTemperature ................................................   Passed    0.19 sec
          Start 1257: IdealGasEOSTest.PressureCorrectionGivesExpectedDensityCorrection
 841/1821 Test  #908: RestartSnapshotTest.WrongFaceCountIsRejected .............................................................   Passed    0.20 sec
          Start 1246: IdealGasEOSTest.MatchesKnownStandardAtmosphereState
 842/1821 Test #1021: InterfaceConductanceTest.RejectsNonFiniteInputs ..........................................................   Passed    0.19 sec
          Start  663: ThermalCaseTest.RejectsMissingPerPatchTemperatureWhenThermalEnabled
 843/1821 Test  #562: BoussinesqBuoyancyTest.MismatchedTemperatureSizeThrows ...................................................   Passed    0.19 sec
          Start 1458: SIMPLEKOmegaTest.ConvergedStatusImpliesTurbulenceResidualWithinTolerance
 844/1821 Test  #989: EnergyEquationVariablePropertiesTest.ConvectionSwitchesToNeighborsSpecificHeatWhenItIsUpwind .............   Passed    0.19 sec
          Start 1263: ThermodynamicPropertiesTest.SpeedOfSoundIsPositiveFiniteAndIncreasesWithSqrtT
 845/1821 Test  #557: BoussinesqBuoyancyTest.SourceIsLinearInTemperatureDeviation ..............................................   Passed    0.19 sec
          Start  692: BoussinesqCaseTest.NoBuoyancyBlockHasNoBuoyancyConfig
 846/1821 Test #1264: ThermodynamicPropertiesTest.SpeedOfSoundRejectsNonPositiveTemperature ....................................   Passed    0.19 sec
          Start  696: BoussinesqCaseTest.AcceptsZeroBeta
 847/1821 Test #1020: InterfaceConductanceTest.RejectsNonPositiveDistance ......................................................   Passed    0.19 sec
          Start  229: SparseMatrixTest.RepeatedMultiplyIsBitIdenticalRegardlessOfOpenMPThreadCount
 848/1821 Test  #909: RestartSnapshotTest.MismatchedMeshCellCountIsRejectedEvenWithConsistentFieldSizes ........................   Passed    0.19 sec
          Start 1529: CorrectionApplicationTest.ContinuityImprovesAfterCorrection
 849/1821 Test  #580: EvaluatePropertyFieldTest.EvaluatesEveryCellFromItsOwnTemperature ........................................   Passed    0.19 sec
          Start 1239: VolumeFractionSolverTest.InvalidConfigurationForMismatchedAlphaSize
 850/1821 Test  #564: ConstantPropertyTest.RejectsNonFiniteReferenceValue ......................................................   Passed    0.19 sec
          Start 1269: EvaluateDensityFieldTest.MismatchedSizeThrows
 851/1821 Test #1199: SpeciesSolverTest.InvalidConfigurationForMismatchedMassFluxSize ..........................................   Passed    0.18 sec
          Start  565: ConstantPropertyTest.RejectsNonFiniteTemperatureQuery
 852/1821 Test #1570: PisoTransientIntegrationTest.CflRemainsDiagnosticOnlyUnderGenerousCflFailAbove ...........................   Passed    0.18 sec
          Start 1279: CompressibleMassFluxTest.MismatchedVelocitySizeThrows
 853/1821 Test #1219: EvaluateMixtureFieldTest.EvaluatesEveryCellFromItsOwnAlpha ...............................................   Passed    0.17 sec
          Start 1329: MarchingSquaresTest.NonFiniteCellsContributeNoSegments
 854/1821 Test  #695: BoussinesqCaseTest.BuilderConstructsBoussinesqBuoyancyWithFluidDensity ...................................   Passed    0.18 sec
          Start 1041: ValidateTurbulentViscosityFieldTest.AcceptsCorrectlySizedFiniteNonNegativeField
 855/1821 Test #1257: IdealGasEOSTest.PressureCorrectionGivesExpectedDensityCorrection .........................................   Passed    0.18 sec
          Start 1085: KEpsilonModelTest.CorrectRejectsMismatchedVelocitySize
 856/1821 Test #1246: IdealGasEOSTest.MatchesKnownStandardAtmosphereState ......................................................   Passed    0.17 sec
          Start 1046: EffectiveViscosityTest.ZeroTurbulentViscosityGivesJustMolecular
 857/1821 Test  #663: ThermalCaseTest.RejectsMissingPerPatchTemperatureWhenThermalEnabled ......................................   Passed    0.17 sec
          Start 1546: FinalCorrectionTest.FinalContinuityIsEvaluatedFromF2NotF1OrFStar
 858/1821 Test #1458: SIMPLEKOmegaTest.ConvergedStatusImpliesTurbulenceResidualWithinTolerance .................................   Passed    0.17 sec
          Start 1326: MarchingSquaresTest.LinearFieldPhiEqualsYProducesAHorizontalLine
 859/1821 Test #1263: ThermodynamicPropertiesTest.SpeedOfSoundIsPositiveFiniteAndIncreasesWithSqrtT ............................   Passed    0.17 sec
          Start 1036: TurbulenceModelTest.ZeroTurbulentViscosityIsAccepted
 860/1821 Test  #692: BoussinesqCaseTest.NoBuoyancyBlockHasNoBuoyancyConfig ....................................................   Passed    0.17 sec
          Start 1208: PhasePropertiesTest.RejectsEmptyName
 861/1821 Test  #696: BoussinesqCaseTest.AcceptsZeroBeta .......................................................................   Passed    0.17 sec
          Start 1325: MarchingSquaresTest.LinearFieldPhiEqualsXProducesAVerticalLineAtTheLevel
 862/1821 Test  #229: SparseMatrixTest.RepeatedMultiplyIsBitIdenticalRegardlessOfOpenMPThreadCount .............................   Passed    0.17 sec
          Start 1005: ThermalSolverTest.RepeatedSolveIsDeterministic
 863/1821 Test #1529: CorrectionApplicationTest.ContinuityImprovesAfterCorrection ..............................................   Passed    0.16 sec
          Start 1259: ThermodynamicPropertiesTest.RejectsCpNotGreaterThanR
 864/1821 Test #1239: VolumeFractionSolverTest.InvalidConfigurationForMismatchedAlphaSize ......................................   Passed    0.17 sec
          Start  902: RestartSnapshotTest.ValidStateProducesValidSnapshot
 865/1821 Test #1269: EvaluateDensityFieldTest.MismatchedSizeThrows ............................................................   Passed    0.17 sec
          Start 1790: PhaseConservationTest.OpenChannelAccumulationMatchesNetInflowMinusOutflow
 866/1821 Test  #565: ConstantPropertyTest.RejectsNonFiniteTemperatureQuery ....................................................   Passed    0.17 sec
          Start 1315: CaseSessionTest.RunWithoutADirectoryFails
 867/1821 Test #1279: CompressibleMassFluxTest.MismatchedVelocitySizeThrows ....................................................   Passed    0.17 sec
          Start 1064: TurbulenceProductionTest.MismatchedFieldSizeThrows
 868/1821 Test #1329: MarchingSquaresTest.NonFiniteCellsContributeNoSegments ...................................................   Passed    0.17 sec
          Start 1240: VolumeFractionSolverTest.InvalidConfigurationForMismatchedMassFluxSize
 869/1821 Test #1041: ValidateTurbulentViscosityFieldTest.AcceptsCorrectlySizedFiniteNonNegativeField ..........................   Passed    0.17 sec
          Start  655: ThermalCaseTest.BuilderConstructsHeatFluxWithCaseConductivity
 870/1821 Test #1085: KEpsilonModelTest.CorrectRejectsMismatchedVelocitySize ...................................................   Passed    0.18 sec
          Start 1221: EvaluateMixtureFieldTest.MismatchedAlphaSizeThrows
 871/1821 Test #1046: EffectiveViscosityTest.ZeroTurbulentViscosityGivesJustMolecular ..........................................   Passed    0.18 sec
          Start 1042: ValidateTurbulentViscosityFieldTest.RejectsMismatchedSize
 872/1821 Test #1546: FinalCorrectionTest.FinalContinuityIsEvaluatedFromF2NotF1OrFStar .........................................   Passed    0.18 sec
          Start  546: BoussinesqBuoyancyTest.RejectsNonPositiveReferenceDensity
 873/1821 Test #1326: MarchingSquaresTest.LinearFieldPhiEqualsYProducesAHorizontalLine .........................................   Passed    0.18 sec
          Start 1553: PisoTest.PreviousStateArgumentIsNotMutated
 874/1821 Test #1036: TurbulenceModelTest.ZeroTurbulentViscosityIsAccepted .....................................................   Passed    0.18 sec
          Start  702: BoussinesqCaseTest.RejectsUnknownKey
 875/1821 Test #1208: PhasePropertiesTest.RejectsEmptyName .....................................................................   Passed    0.18 sec
          Start  547: BoussinesqBuoyancyTest.RejectsNegativeBeta
 876/1821 Test #1325: MarchingSquaresTest.LinearFieldPhiEqualsXProducesAVerticalLineAtTheLevel .................................   Passed    0.18 sec
          Start  916: RestartSnapshotTest.InvalidDeltaTIsRejected
 877/1821 Test #1005: ThermalSolverTest.RepeatedSolveIsDeterministic ...........................................................   Passed    0.19 sec
          Start 1295: CompressibleMomentumComponentTest.NonUniformDensityChangesTheAssembledDiagonal
 878/1821 Test #1259: ThermodynamicPropertiesTest.RejectsCpNotGreaterThanR .....................................................   Passed    0.18 sec
          Start 1244: VolumeFractionSolverTest.LinearSolveFailureWhenInnerSolverIsStarved
 879/1821 Test  #902: RestartSnapshotTest.ValidStateProducesValidSnapshot ......................................................   Passed    0.18 sec
          Start 1229: VolumeFractionTransportEquationTest.TimeDerivativeCoefficientMatchesVolumeOverDt
 880/1821 Test #1790: PhaseConservationTest.OpenChannelAccumulationMatchesNetInflowMinusOutflow ................................   Passed    0.18 sec
          Start 1230: VolumeFractionTransportEquationTest.MismatchedAlphaOldSizeThrows
 881/1821 Test #1315: CaseSessionTest.RunWithoutADirectoryFails ................................................................   Passed    0.18 sec
          Start 1045: EffectiveViscosityTest.IsSumOfMolecularAndTurbulent
 882/1821 Test #1064: TurbulenceProductionTest.MismatchedFieldSizeThrows .......................................................   Passed    0.18 sec
          Start 1241: VolumeFractionSolverTest.InvalidConfigurationForNonPositiveDt
 883/1821 Test #1240: VolumeFractionSolverTest.InvalidConfigurationForMismatchedMassFluxSize ...................................   Passed    0.18 sec
          Start  907: RestartSnapshotTest.WrongCellCountIsRejected
 884/1821 Test  #655: ThermalCaseTest.BuilderConstructsHeatFluxWithCaseConductivity ............................................   Passed    0.18 sec
          Start 1048: EffectiveViscosityTest.RejectsNonFiniteMolecularViscosity
 885/1821 Test #1221: EvaluateMixtureFieldTest.MismatchedAlphaSizeThrows .......................................................   Passed    0.18 sec
          Start  345: AdiabaticTest.EquivalentToZeroHeatFluxForAnyConductivity
 886/1821 Test #1042: ValidateTurbulentViscosityFieldTest.RejectsMismatchedSize ................................................   Passed    0.18 sec
          Start 1563: PisoTest.ForcedMomentumFailurePropagatesAsMomentumFailure
 887/1821 Test  #546: BoussinesqBuoyancyTest.RejectsNonPositiveReferenceDensity ................................................   Passed    0.18 sec
          Start  548: BoussinesqBuoyancyTest.AcceptsZeroBeta
 888/1821 Test #1553: PisoTest.PreviousStateArgumentIsNotMutated ...............................................................   Passed    0.18 sec
          Start 1351: SampleVectorFieldTest.StrideOneSamplesEveryCell
 889/1821 Test  #702: BoussinesqCaseTest.RejectsUnknownKey .....................................................................   Passed    0.18 sec
          Start 1573: PisoTransientIntegrationTest.CallerInitialStateArgumentIsNotMutated
 890/1821 Test  #547: BoussinesqBuoyancyTest.RejectsNegativeBeta ...............................................................   Passed    0.18 sec
          Start  918: RestartSnapshotTest.RealAcceptedPisoStateRoundTripsThroughSnapshotExactly
 891/1821 Test  #916: RestartSnapshotTest.InvalidDeltaTIsRejected ..............................................................   Passed    0.18 sec
          Start  906: RestartSnapshotTest.RepeatedConstructionFromIdenticalStateIsDeterministic
 892/1821 Test #1295: CompressibleMomentumComponentTest.NonUniformDensityChangesTheAssembledDiagonal ...........................   Passed    0.18 sec
          Start 1341: Vorticity2DTest.MismatchedSizeThrows
 893/1821 Test #1244: VolumeFractionSolverTest.LinearSolveFailureWhenInnerSolverIsStarved ......................................   Passed    0.18 sec
          Start 1267: EvaluateDensityFieldTest.EvaluatesEveryCellFromItsOwnPressureAndTemperature
 894/1821 Test #1229: VolumeFractionTransportEquationTest.TimeDerivativeCoefficientMatchesVolumeOverDt .........................   Passed    0.18 sec
          Start 1262: ThermodynamicPropertiesTest.SpeedOfSoundMatchesAnalyticalFormula
 895/1821 Test #1230: VolumeFractionTransportEquationTest.MismatchedAlphaOldSizeThrows .........................................   Passed    0.18 sec
          Start  331: FixedTemperatureTest.TypeAndNameAreThermalSpecific
 896/1821 Test #1045: EffectiveViscosityTest.IsSumOfMolecularAndTurbulent ......................................................   Passed    0.18 sec
          Start 1186: SpeciesEquationSourceTest.RejectsNonFiniteSource
 897/1821 Test #1241: VolumeFractionSolverTest.InvalidConfigurationForNonPositiveDt ............................................   Passed    0.18 sec
          Start  770: CSVWriterTest.AppendsTemperatureColumnWhenProvided
 898/1821 Test  #907: RestartSnapshotTest.WrongCellCountIsRejected .............................................................   Passed    0.18 sec
          Start 1054: LaminarModelTest.CorrectLeavesTurbulentViscosityZero
 899/1821 Test #1048: EffectiveViscosityTest.RejectsNonFiniteMolecularViscosity ................................................   Passed    0.19 sec
          Start  556: BoussinesqBuoyancyTest.ReversingGravityReversesTheHotCellDirection
 900/1821 Test  #345: AdiabaticTest.EquivalentToZeroHeatFluxForAnyConductivity .................................................   Passed    0.18 sec
          Start 1056: LaminarModelTest.DifferentFiniteFlowFieldsStillProduceZeroMuT
 901/1821 Test #1563: PisoTest.ForcedMomentumFailurePropagatesAsMomentumFailure ................................................   Passed    0.18 sec
          Start  340: HeatFluxTest.RejectsInvalidConductivity
 902/1821 Test  #548: BoussinesqBuoyancyTest.AcceptsZeroBeta ...................................................................   Passed    0.19 sec
          Start 1002: ThermalSolverTest.InvalidConfigurationForNonPositiveTolerance
 903/1821 Test #1351: SampleVectorFieldTest.StrideOneSamplesEveryCell ..........................................................   Passed    0.18 sec
          Start 1566: PisoTransientIntegrationTest.DirectPisoSequenceMatchesTransientSolverBitIdentical
 904/1821 Test #1573: PisoTransientIntegrationTest.CallerInitialStateArgumentIsNotMutated ......................................   Passed    0.19 sec
          Start 1643: TwoMaterialConductionValidation.AnalyticalFormulasAreSelfConsistent
 905/1821 Test  #918: RestartSnapshotTest.RealAcceptedPisoStateRoundTripsThroughSnapshotExactly ................................   Passed    0.19 sec
          Start 1268: EvaluateDensityFieldTest.UniformStateGivesUniformDensity
 906/1821 Test  #906: RestartSnapshotTest.RepeatedConstructionFromIdenticalStateIsDeterministic ................................   Passed    0.19 sec
          Start  914: RestartSnapshotTest.NonFiniteTimeIsRejected
 907/1821 Test #1341: Vorticity2DTest.MismatchedSizeThrows .....................................................................   Passed    0.19 sec
          Start 1242: VolumeFractionSolverTest.NonFiniteStateForNonFiniteAlphaOld
 908/1821 Test #1267: EvaluateDensityFieldTest.EvaluatesEveryCellFromItsOwnPressureAndTemperature ..............................   Passed    0.19 sec
          Start 1218: TwoPhaseSystemTest.DoesNotRejectOutOfRangeAlpha
 909/1821 Test #1262: ThermodynamicPropertiesTest.SpeedOfSoundMatchesAnalyticalFormula .........................................   Passed    0.18 sec
          Start 1538: SecondPressureCorrectionTest.SameResponseCoefficientsReusedNoMomentumReassembly
 910/1821 Test  #331: FixedTemperatureTest.TypeAndNameAreThermalSpecific .......................................................   Passed    0.19 sec
          Start 1272: CompressibleMassFluxTest.InternalFaceUsesArithmeticMeanDensity
 911/1821 Test #1186: SpeciesEquationSourceTest.RejectsNonFiniteSource .........................................................   Passed    0.18 sec
          Start 1207: PhasePropertiesTest.StoresNameDensityAndViscosity
 912/1821 Test  #770: CSVWriterTest.AppendsTemperatureColumnWhenProvided .......................................................   Passed    0.19 sec
          Start  351: WallOmegaTest.SmallerDistanceGivesLargerOmega
 913/1821 Test #1054: LaminarModelTest.CorrectLeavesTurbulentViscosityZero .....................................................   Passed    0.19 sec
          Start  915: RestartSnapshotTest.NegativeTimeIsNotRejected
 914/1821 Test  #556: BoussinesqBuoyancyTest.ReversingGravityReversesTheHotCellDirection .......................................   Passed    0.18 sec
          Start 1313: CaseSessionTest.ValidateInvalidCaseLeavesStateAndReportsError
 915/1821 Test #1056: LaminarModelTest.DifferentFiniteFlowFieldsStillProduceZeroMuT ............................................   Passed    0.18 sec
          Start 1304: CaseSessionTest.StartsEmpty
 916/1821 Test  #340: HeatFluxTest.RejectsInvalidConductivity ..................................................................   Passed    0.18 sec
          Start 1155: SSTModelTest.EffectiveViscosityEqualsMolecularPlusTurbulent
 917/1821 Test #1002: ThermalSolverTest.InvalidConfigurationForNonPositiveTolerance ............................................   Passed    0.18 sec
          Start  352: WallOmegaTest.ExposesKinematicViscosityAndBeta1
 918/1821 Test #1566: PisoTransientIntegrationTest.DirectPisoSequenceMatchesTransientSolverBitIdentical ........................   Passed    0.18 sec
          Start  585: DensityPropertyDemonstrationTest.LinearDensityModelFeedsThermalDiffusivityPerCell
 919/1821 Test #1643: TwoMaterialConductionValidation.AnalyticalFormulasAreSelfConsistent ......................................   Passed    0.18 sec
          Start  771: CSVWriterTest.MismatchedTemperatureSizeThrows
 920/1821 Test #1268: EvaluateDensityFieldTest.UniformStateGivesUniformDensity .................................................   Passed    0.18 sec
          Start 1265: MachNumberTest.MatchesSpeedOverSoundSpeed
 921/1821 Test  #914: RestartSnapshotTest.NonFiniteTimeIsRejected ..............................................................   Passed    0.18 sec
          Start  972: EnergyEquationAssemblyTest.CombinedAssemblyMatchesHandDerivedCoefficients
 922/1821 Test #1242: VolumeFractionSolverTest.NonFiniteStateForNonFiniteAlphaOld ..............................................   Passed    0.18 sec
          Start 1343: ProbeScalarTest.ReturnsTheNearestCellsValue
 923/1821 Test #1218: TwoPhaseSystemTest.DoesNotRejectOutOfRangeAlpha ..........................................................   Passed    0.18 sec
          Start 1109: SSTCoefficientsTest.DefaultsMatchStandardModel
 924/1821 Test #1538: SecondPressureCorrectionTest.SameResponseCoefficientsReusedNoMomentumReassembly ..........................   Passed    0.18 sec
          Start 1331: MarchingSquaresTest.RejectsGridTooSmall
 925/1821 Test #1272: CompressibleMassFluxTest.InternalFaceUsesArithmeticMeanDensity ...........................................   Passed    0.18 sec
          Start  560: BoussinesqBuoyancyTest.DoublingCellVolumeDoublesIntegratedSource
 926/1821 Test #1207: PhasePropertiesTest.StoresNameDensityAndViscosity ........................................................   Passed    0.18 sec
          Start 1455: SIMPLEKEpsilonTest.ConvergedStatusImpliesTurbulenceResidualWithinTolerance
 927/1821 Test  #351: WallOmegaTest.SmallerDistanceGivesLargerOmega ............................................................   Passed    0.18 sec
          Start 1540: SecondPressureCorrectionTest.RepeatedSecondCorrectionAssemblyIsBitIdentical
 928/1821 Test  #915: RestartSnapshotTest.NegativeTimeIsNotRejected ............................................................   Passed    0.18 sec
          Start 1391: MMSStudyTest.OrdersComeFromTheSharedGridConvergenceAnalysis
 929/1821 Test #1313: CaseSessionTest.ValidateInvalidCaseLeavesStateAndReportsError ............................................   Passed    0.18 sec
          Start 1256: IdealGasEOSTest.DDensityDTemperatureIsNegative
 930/1821 Test #1304: CaseSessionTest.StartsEmpty ..............................................................................   Passed    0.18 sec
          Start 1040: TurbulenceModelTest.CorrectIsCallable
 931/1821 Test #1155: SSTModelTest.EffectiveViscosityEqualsMolecularPlusTurbulent ..............................................   Passed    0.18 sec
          Start 1469: SIMPLEBuoyancyTest.RejectsTemperatureWithoutBuoyancy
 932/1821 Test  #352: WallOmegaTest.ExposesKinematicViscosityAndBeta1 ..........................................................   Passed    0.18 sec
          Start 1346: SampleLineTest.RejectsTooFewSamples
 933/1821 Test  #585: DensityPropertyDemonstrationTest.LinearDensityModelFeedsThermalDiffusivityPerCell ........................   Passed    0.19 sec
          Start 1527: CorrectionApplicationTest.ZeroPressureCorrectionLeavesEverythingUnchanged
 934/1821 Test  #771: CSVWriterTest.MismatchedTemperatureSizeThrows ............................................................   Passed    0.19 sec
          Start 1561: PisoTest.ReferenceCellOutOfRangeReturnsInvalidConfiguration
 935/1821 Test #1265: MachNumberTest.MatchesSpeedOverSoundSpeed ................................................................   Passed    0.18 sec
          Start 1560: PisoTest.MismatchedPreviousStateSizeReturnsInvalidConfiguration
 936/1821 Test  #972: EnergyEquationAssemblyTest.CombinedAssemblyMatchesHandDerivedCoefficients ................................   Passed    0.19 sec
          Start 1569: PisoTransientIntegrationTest.MaxStepsTerminationWithRealPiso
 937/1821 Test #1343: ProbeScalarTest.ReturnsTheNearestCellsValue ..............................................................   Passed    0.18 sec
          Start 1235: PhaseVolumeTest.UniformAlphaGivesAlphaTimesDomainVolume
 938/1821 Test #1109: SSTCoefficientsTest.DefaultsMatchStandardModel ...........................................................   Passed    0.19 sec
          Start 1562: PisoTest.NonFiniteInputStateReturnsNonFiniteState
 939/1821 Test #1331: MarchingSquaresTest.RejectsGridTooSmall ..................................................................   Passed    0.19 sec
          Start  803: VTKWriterTest.AppendsTemperatureBlockAfterVelocityMagnitudeWhenProvided
 940/1821 Test  #560: BoussinesqBuoyancyTest.DoublingCellVolumeDoublesIntegratedSource .........................................   Passed    0.19 sec
          Start 1147: SSTModelTest.ConstructionIsDeterministicAcrossInstances
 941/1821 Test #1455: SIMPLEKEpsilonTest.ConvergedStatusImpliesTurbulenceResidualWithinTolerance ...............................   Passed    0.19 sec
          Start  573: TabulatedPropertyTest.ClampsBelowRangeToTheFirstValue
 942/1821 Test #1540: SecondPressureCorrectionTest.RepeatedSecondCorrectionAssemblyIsBitIdentical ..............................   Passed    0.19 sec
          Start  558: BoussinesqBuoyancyTest.HorizontalGravityProducesHorizontalSourceOnly
 943/1821 Test #1391: MMSStudyTest.OrdersComeFromTheSharedGridConvergenceAnalysis ..............................................   Passed    0.19 sec
          Start  566: LinearPropertyTest.MatchesReferenceValueAtReferenceTemperature
 944/1821 Test #1256: IdealGasEOSTest.DDensityDTemperatureIsNegative ...........................................................   Passed    0.19 sec
          Start 1793: SinglePhaseEquivalenceTest.EqualPhasePropertiesDecoupleMomentumFromAlpha
 945/1821 Test #1040: TurbulenceModelTest.CorrectIsCallable ....................................................................   Passed    0.19 sec
          Start 1196: ConcentrationBoundsTest.DoesNotModifyTheField
 946/1821 Test #1469: SIMPLEBuoyancyTest.RejectsTemperatureWithoutBuoyancy .....................................................   Passed    0.18 sec
          Start 1353: SampleVectorFieldTest.RejectsZeroStride
 947/1821 Test #1346: SampleLineTest.RejectsTooFewSamples ......................................................................   Passed    0.18 sec
          Start  570: TabulatedPropertyTest.RecoversExactTableNodes
 948/1821 Test #1527: CorrectionApplicationTest.ZeroPressureCorrectionLeavesEverythingUnchanged ................................   Passed    0.18 sec
          Start  555: BoussinesqBuoyancyTest.ColdCellWithDownwardGravityDrivesFluidDownward
 949/1821 Test #1561: PisoTest.ReferenceCellOutOfRangeReturnsInvalidConfiguration ..............................................   Passed    0.18 sec
          Start 1543: FinalCorrectionTest.TwoCellPartialFirstCorrectionPlusSecondReconstructsFullSingleCorrection
 950/1821 Test #1560: PisoTest.MismatchedPreviousStateSizeReturnsInvalidConfiguration ..........................................   Passed    0.18 sec
          Start 1018: InterfaceConductanceTest.EqualConductivityReducesToPlainFormula
 951/1821 Test #1569: PisoTransientIntegrationTest.MaxStepsTerminationWithRealPiso .............................................   Passed    0.18 sec
          Start 1572: PisoTransientIntegrationTest.RepeatedIdenticalMultiStepRunIsBitIdentical
 952/1821 Test #1235: PhaseVolumeTest.UniformAlphaGivesAlphaTimesDomainVolume ..................................................   Passed    0.17 sec
          Start  659: ThermalCaseTest.RejectsUnknownThermalKey
 953/1821 Test #1562: PisoTest.NonFiniteInputStateReturnsNonFiniteState ........................................................   Passed    0.18 sec
          Start 1328: MarchingSquaresTest.LevelOutsideRangeProducesNoSegments
 954/1821 Test  #803: VTKWriterTest.AppendsTemperatureBlockAfterVelocityMagnitudeWhenProvided ..................................   Passed    0.17 sec
          Start 1091: KOmegaEquationTest.LinearFormDiffersFromKEpsilonReciprocalForm
 955/1821 Test #1147: SSTModelTest.ConstructionIsDeterministicAcrossInstances ..................................................   Passed    0.17 sec
          Start  970: EnergyEquationSourceTest.AccumulatesOnExistingRhs
 956/1821 Test  #573: TabulatedPropertyTest.ClampsBelowRangeToTheFirstValue ....................................................   Passed    0.17 sec
          Start 1164: TurbulenceModelFactoryTest.KOmegaOverloadRejectsUnsupportedModelNames
 957/1821 Test  #558: BoussinesqBuoyancyTest.HorizontalGravityProducesHorizontalSourceOnly .....................................   Passed    0.17 sec
          Start 1223: VolumeFractionConvectionTest.BoundaryOutflowUsesOwnerUnknownNotBoundaryValue
 958/1821 Test  #566: LinearPropertyTest.MatchesReferenceValueAtReferenceTemperature ...........................................   Passed    0.17 sec
          Start 1044: ValidateTurbulentViscosityFieldTest.RejectsNonFiniteEntry
 959/1821 Test #1793: SinglePhaseEquivalenceTest.EqualPhasePropertiesDecoupleMomentumFromAlpha .................................   Passed    0.17 sec
          Start  578: TabulatedPropertyTest.RejectsNonIncreasingTemperatures
 960/1821 Test #1196: ConcentrationBoundsTest.DoesNotModifyTheField ............................................................   Passed    0.17 sec
          Start  330: FixedTemperatureTest.StoresAndReturnsExactTemperature
 961/1821 Test #1353: SampleVectorFieldTest.RejectsZeroStride ..................................................................   Passed    0.17 sec
          Start 1470: SIMPLEBuoyancyTest.RejectsBuoyancyWithoutTemperature
 962/1821 Test  #570: TabulatedPropertyTest.RecoversExactTableNodes ............................................................   Passed    0.17 sec
          Start 1059: LaminarModelTest.PolymorphicUseThroughBaseInterfaceWorks
 963/1821 Test  #555: BoussinesqBuoyancyTest.ColdCellWithDownwardGravityDrivesFluidDownward ....................................   Passed    0.18 sec
          Start 1055: LaminarModelTest.RepeatedCorrectIsDeterministic
 964/1821 Test #1543: FinalCorrectionTest.TwoCellPartialFirstCorrectionPlusSecondReconstructsFullSingleCorrection ..............   Passed    0.17 sec
          Start  676: TurbulenceCaseTest.BuilderConstructsSSTConfigAndBoundaries
 965/1821 Test #1018: InterfaceConductanceTest.EqualConductivityReducesToPlainFormula ..........................................   Passed    0.17 sec
          Start 1788: PhaseConservationTest.ClosedDomainConservesPhaseVolumeWithCirculatingInternalFlux
 966/1821 Test #1572: PisoTransientIntegrationTest.RepeatedIdenticalMultiStepRunIsBitIdentical .................................   Passed    0.17 sec
          Start  912: RestartSnapshotTest.NonFinitePressureIsRejected
 967/1821 Test  #659: ThermalCaseTest.RejectsUnknownThermalKey .................................................................   Passed    0.18 sec
          Start 1471: SIMPLEBuoyancyTest.RejectsMismatchedTemperatureSize
 968/1821 Test #1328: MarchingSquaresTest.LevelOutsideRangeProducesNoSegments ..................................................   Passed    0.18 sec
          Start 1001: ThermalSolverTest.InvalidConfigurationForZeroOuterMaxIterations
 969/1821 Test #1091: KOmegaEquationTest.LinearFormDiffersFromKEpsilonReciprocalForm ...........................................   Passed    0.18 sec
          Start 1212: PhasePropertiesTest.TwoPhasesKeepIndependentIdentity
 970/1821 Test  #970: EnergyEquationSourceTest.AccumulatesOnExistingRhs ........................................................   Passed    0.18 sec
          Start 1571: PisoTransientIntegrationTest.RealComputedCflCanTriggerCflViolationWhenFailAboveIsLow
 971/1821 Test #1164: TurbulenceModelFactoryTest.KOmegaOverloadRejectsUnsupportedModelNames ....................................   Passed    0.19 sec
          Start  699: BoussinesqCaseTest.RejectsNegativeBeta
 972/1821 Test #1223: VolumeFractionConvectionTest.BoundaryOutflowUsesOwnerUnknownNotBoundaryValue .............................   Passed    0.19 sec
          Start  344: AdiabaticTest.ReturnsOwnerValueUnchanged
 973/1821 Test #1044: ValidateTurbulentViscosityFieldTest.RejectsNonFiniteEntry ................................................   Passed    0.19 sec
          Start  567: LinearPropertyTest.MatchesHandWorkedValuesAboveAndBelowReference
 974/1821 Test  #578: TabulatedPropertyTest.RejectsNonIncreasingTemperatures ...................................................   Passed    0.20 sec
          Start 1310: CaseSessionTest.SaveWithoutADirectorySetFails
 975/1821 Test  #330: FixedTemperatureTest.StoresAndReturnsExactTemperature ....................................................   Passed    0.20 sec
          Start 1227: VolumeFractionConvectionTest.MismatchedMassFluxSizeThrows
 976/1821 Test #1470: SIMPLEBuoyancyTest.RejectsBuoyancyWithoutTemperature .....................................................   Passed    0.20 sec
          Start 1557: PisoTest.TwoCellClosedDomainAtRestStaysAtRestAndConservesMassExactly
 977/1821 Test #1059: LaminarModelTest.PolymorphicUseThroughBaseInterfaceWorks .................................................   Passed    0.20 sec
          Start  911: RestartSnapshotTest.NonFiniteVelocityIsRejected
 978/1821 Test #1055: LaminarModelTest.RepeatedCorrectIsDeterministic ..........................................................   Passed    0.20 sec
          Start  980: EnergyEquationThermalBCIntegrationTest.FixedTemperatureGivesIdenticalResultToEquivalentFixedValue
 979/1821 Test  #676: TurbulenceCaseTest.BuilderConstructsSSTConfigAndBoundaries ...............................................   Passed    0.20 sec
          Start 1462: SIMPLESSTTest.ConvergedStatusImpliesTurbulenceResidualWithinTolerance
 980/1821 Test #1788: PhaseConservationTest.ClosedDomainConservesPhaseVolumeWithCirculatingInternalFlux ........................   Passed    0.20 sec
          Start 1787: AlphaAdvectionValidation.GridRefinementReducesInterfaceSmearing
 981/1821 Test  #912: RestartSnapshotTest.NonFinitePressureIsRejected ..........................................................   Passed    0.20 sec
          Start 1225: VolumeFractionConvectionTest.ConstantAlphaWithDivergenceFreeFluxGivesZeroNetContribution
 982/1821 Test #1471: SIMPLEBuoyancyTest.RejectsMismatchedTemperatureSize ......................................................   Passed    0.20 sec
          Start  698: BoussinesqCaseTest.RejectsUnsupportedBuoyancyModel
 983/1821 Test #1001: ThermalSolverTest.InvalidConfigurationForZeroOuterMaxIterations ..........................................   Passed    0.20 sec
          Start 1017: InterfaceConductanceTest.MatchesHandDerivedExample
 984/1821 Test #1212: PhasePropertiesTest.TwoPhasesKeepIndependentIdentity .....................................................   Passed    0.20 sec
          Start 1220: EvaluateMixtureFieldTest.MinMaxBoundsMatchTheLinearLawsRange
 985/1821 Test #1571: PisoTransientIntegrationTest.RealComputedCflCanTriggerCflViolationWhenFailAboveIsLow .....................   Passed    0.20 sec
          Start  681: TurbulenceCaseTest.RejectsNeitherInitialEpsilonNorInitialOmega
 986/1821 Test  #699: BoussinesqCaseTest.RejectsNegativeBeta ...................................................................   Passed    0.19 sec
          Start 1344: ProbeScalarTest.MismatchedFieldSizeThrows
 987/1821 Test  #344: AdiabaticTest.ReturnsOwnerValueUnchanged .................................................................   Passed    0.20 sec
          Start  584: EvaluatePropertyFieldTest.MismatchedTemperatureSizeThrows
 988/1821 Test  #567: LinearPropertyTest.MatchesHandWorkedValuesAboveAndBelowReference .........................................   Passed    0.20 sec
          Start 1203: SpeciesSolverTest.NonFiniteStateForNonFiniteInitialConcentration
 989/1821 Test #1310: CaseSessionTest.SaveWithoutADirectorySetFails ............................................................   Passed    0.20 sec
          Start 1051: LaminarModelTest.TurbulentViscosityIsZeroEverywhere
 990/1821 Test #1227: VolumeFractionConvectionTest.MismatchedMassFluxSizeThrows ................................................   Passed    0.20 sec
          Start 1542: FinalCorrectionTest.TwoCellFullFirstCorrectionMakesSecondCorrectionExactlyIdempotent
 991/1821 Test #1557: PisoTest.TwoCellClosedDomainAtRestStaysAtRestAndConservesMassExactly .....................................   Passed    0.20 sec
          Start 1039: TurbulenceModelTest.NonFiniteTurbulentViscosityRejected
 992/1821 Test  #911: RestartSnapshotTest.NonFiniteVelocityIsRejected ..........................................................   Passed    0.22 sec
          Start  571: TabulatedPropertyTest.MidpointInterpolationMatchesHandWorkedValue
 993/1821 Test  #980: EnergyEquationThermalBCIntegrationTest.FixedTemperatureGivesIdenticalResultToEquivalentFixedValue ........   Passed    0.23 sec
          Start 1052: LaminarModelTest.TurbulentViscositySizeMatchesMesh
 994/1821 Test #1462: SIMPLESSTTest.ConvergedStatusImpliesTurbulenceResidualWithinTolerance ....................................   Passed    0.24 sec
          Start 1053: LaminarModelTest.EffectiveViscosityEqualsMolecularViscosity
 995/1821 Test #1787: AlphaAdvectionValidation.GridRefinementReducesInterfaceSmearing ..........................................***Failed    0.24 sec
Running main() from /mnt/c/Users/Hasib/Desktop/CFDAPP/CFDApp/build/release/_deps/googletest-src/googletest/src/gtest_main.cc
Note: Google Test filter = AlphaAdvectionValidation.GridRefinementReducesInterfaceSmearing
[==========] Running 1 test from 1 test suite.
[----------] Global test environment set-up.
[----------] 1 test from AlphaAdvectionValidation
[ RUN      ] AlphaAdvectionValidation.GridRefinementReducesInterfaceSmearing
/mnt/c/Users/Hasib/Desktop/CFDAPP/CFDApp/tests/integration/multiphase/test_alpha_advection.cpp:140: Failure
Failed
step 0 did not converge (status=1)

/mnt/c/Users/Hasib/Desktop/CFDAPP/CFDApp/tests/integration/multiphase/test_alpha_advection.cpp:140: Failure
Failed
step 0 did not converge (status=1)

[  FAILED  ] AlphaAdvectionValidation.GridRefinementReducesInterfaceSmearing (1 ms)
[----------] 1 test from AlphaAdvectionValidation (1 ms total)

[----------] Global test environment tear-down
[==========] 1 test from 1 test suite ran. (1 ms total)
[  PASSED  ] 0 tests.
[  FAILED  ] 1 test, listed below:
[  FAILED  ] AlphaAdvectionValidation.GridRefinementReducesInterfaceSmearing

 1 FAILED TEST

          Start  954: ThermalPropertiesTest.RejectsNonFiniteSpecificHeat
 996/1821 Test #1225: VolumeFractionConvectionTest.ConstantAlphaWithDivergenceFreeFluxGivesZeroNetContribution .................   Passed    0.25 sec
          Start  549: BoussinesqBuoyancyTest.RejectsNonFiniteInputs
 997/1821 Test  #698: BoussinesqCaseTest.RejectsUnsupportedBuoyancyModel .......................................................   Passed    0.25 sec
          Start 1213: TwoPhaseSystemTest.StoresBothPhases
 998/1821 Test #1017: InterfaceConductanceTest.MatchesHandDerivedExample .......................................................   Passed    0.25 sec
          Start 1308: CaseSessionTest.SetCaseDefinitionMarksModified
 999/1821 Test #1220: EvaluateMixtureFieldTest.MinMaxBoundsMatchTheLinearLawsRange .............................................   Passed    0.25 sec
          Start  688: TurbulenceCaseTest.RejectsOmegaRelaxationWithoutInitialOmega
1000/1821 Test  #681: TurbulenceCaseTest.RejectsNeitherInitialEpsilonNorInitialOmega ...........................................   Passed    0.24 sec
          Start 1019: InterfaceConductanceTest.RejectsNonPositiveConductivity
1001/1821 Test #1344: ProbeScalarTest.MismatchedFieldSizeThrows ................................................................   Passed    0.24 sec
          Start  677: TurbulenceCaseTest.SSTInletPatchGetsFixedKAndOmegaFromCaseConfig
1002/1821 Test  #584: EvaluatePropertyFieldTest.MismatchedTemperatureSizeThrows ................................................   Passed    0.24 sec
          Start 1536: SecondPressureCorrectionTest.FullPipelineSecondCorrectionIsFiniteAndConverged
1003/1821 Test #1203: SpeciesSolverTest.NonFiniteStateForNonFiniteInitialConcentration .........................................   Passed    0.24 sec
          Start 1211: PhasePropertiesTest.RejectsNonFiniteDensityOrViscosity
1004/1821 Test #1051: LaminarModelTest.TurbulentViscosityIsZeroEverywhere ......................................................   Passed    0.24 sec
          Start 1464: SIMPLEBuoyancyTest.CaseA_NoBuoyancySuppliedIsTheBaseline
1005/1821 Test #1542: FinalCorrectionTest.TwoCellFullFirstCorrectionMakesSecondCorrectionExactlyIdempotent .....................   Passed    0.24 sec
          Start  342: HeatFluxTest.RejectsInvalidDistance
1006/1821 Test #1039: TurbulenceModelTest.NonFiniteTurbulentViscosityRejected ..................................................   Passed    0.22 sec
          Start  786: JSONWriterTest.WritesThermalMetadataWhenProvided
1007/1821 Test  #571: TabulatedPropertyTest.MidpointInterpolationMatchesHandWorkedValue ........................................   Passed    0.20 sec
          Start 1245: VolumeFractionSolverTest.RepeatedStepIsDeterministic
1008/1821 Test #1052: LaminarModelTest.TurbulentViscositySizeMatchesMesh .......................................................   Passed    0.19 sec
          Start  348: AdiabaticTest.RepeatedEvaluationIsDeterministic
1009/1821 Test #1053: LaminarModelTest.EffectiveViscosityEqualsMolecularViscosity ..............................................   Passed    0.19 sec
          Start  561: BoussinesqBuoyancyTest.UniformReferenceTemperatureGivesZeroMomentumContribution
1010/1821 Test  #954: ThermalPropertiesTest.RejectsNonFiniteSpecificHeat .......................................................   Passed    0.19 sec
          Start 1555: PisoTest.OneStepResultIsFiniteOnCavity
1011/1821 Test  #549: BoussinesqBuoyancyTest.RejectsNonFiniteInputs ............................................................   Passed    0.19 sec
          Start 1541: FinalCorrectionTest.ZeroSecondCorrectionLeavesFirstCorrectionStateBitIdentical
1012/1821 Test #1213: TwoPhaseSystemTest.StoresBothPhases ......................................................................   Passed    0.19 sec
          Start 1158: SSTModelTest.FarFieldBlendApproachesSSTsOwnOuterCoefficientSet
1013/1821 Test #1308: CaseSessionTest.SetCaseDefinitionMarksModified ...........................................................   Passed    0.19 sec
          Start 1549: FinalCorrectionTest.PartialFirstCorrectionPlusSecondReconstructsFullSingleCorrectionRealMesh
1014/1821 Test  #688: TurbulenceCaseTest.RejectsOmegaRelaxationWithoutInitialOmega .............................................   Passed    0.19 sec
          Start 1159: TurbulenceModelFactoryTest.LaminarNameCreatesLaminarModelViaKEpsilonOverload
1015/1821 Test #1019: InterfaceConductanceTest.RejectsNonPositiveConductivity ..................................................   Passed    0.19 sec
          Start 1174: SpeciesPropertiesTest.RejectsNonFiniteDiffusivity
1016/1821 Test  #677: TurbulenceCaseTest.SSTInletPatchGetsFixedKAndOmegaFromCaseConfig .........................................   Passed    0.19 sec
          Start 1151: SSTModelTest.RejectsNoWallPatches
1017/1821 Test #1536: SecondPressureCorrectionTest.FullPipelineSecondCorrectionIsFiniteAndConverged ............................   Passed    0.19 sec
          Start  657: ThermalCaseTest.RejectsNegativeSpecificHeat
1018/1821 Test #1211: PhasePropertiesTest.RejectsNonFiniteDensityOrViscosity ...................................................   Passed    0.19 sec
          Start 1545: FinalCorrectionTest.WallNormalBoundaryFluxStaysExactlyZeroInFinalState
1019/1821 Test #1464: SIMPLEBuoyancyTest.CaseA_NoBuoyancySuppliedIsTheBaseline .................................................   Passed    0.19 sec
          Start 1023: RegionAwareThermalDiffusionTest.EqualConductivityMatchesSingleMaterialPathExactly
1020/1821 Test  #342: HeatFluxTest.RejectsInvalidDistance ......................................................................   Passed    0.20 sec
          Start 1552: PisoTest.OneStepMatchesIndependentManualPipelineBitIdentical
1021/1821 Test  #786: JSONWriterTest.WritesThermalMetadataWhenProvided .........................................................   Passed    0.20 sec
          Start 1550: FinalCorrectionTest.PreviousStateRemainsUntouchedAndFirstCorrectionStateIsPreservedSeparately
1022/1821 Test #1245: VolumeFractionSolverTest.RepeatedStepIsDeterministic .....................................................   Passed    0.20 sec
          Start  950: ThermalPropertiesTest.RejectsNegativeConductivity
1023/1821 Test  #348: AdiabaticTest.RepeatedEvaluationIsDeterministic ..........................................................   Passed    0.19 sec
          Start 1559: PisoTest.NonPositiveOrNonFiniteDtReturnsInvalidConfiguration
1024/1821 Test  #561: BoussinesqBuoyancyTest.UniformReferenceTemperatureGivesZeroMomentumContribution ..........................   Passed    0.19 sec
          Start 1293: CompressibleMomentumComponentTest.ConstantDensityReproducesTransientMomentumExactly
1025/1821 Test #1555: PisoTest.OneStepResultIsFiniteOnCavity ...................................................................   Passed    0.19 sec
          Start 1526: CorrectionApplicationTest.TwoCellProbeCorrectionMatchesHandDerivation
1026/1821 Test #1541: FinalCorrectionTest.ZeroSecondCorrectionLeavesFirstCorrectionStateBitIdentical ...........................   Passed    0.18 sec
          Start 1099: KOmegaModelTest.InitializedToConfiguredValuesEverywhere
1027/1821 Test #1158: SSTModelTest.FarFieldBlendApproachesSSTsOwnOuterCoefficientSet ...........................................   Passed    0.18 sec
          Start  952: ThermalPropertiesTest.RejectsNegativeSpecificHeat
1028/1821 Test #1549: FinalCorrectionTest.PartialFirstCorrectionPlusSecondReconstructsFullSingleCorrectionRealMesh .............   Passed    0.18 sec
          Start  994: EnergyEquationVariablePropertiesTest.CombinerRepeatedAssemblyIsDeterministic
1029/1821 Test #1159: TurbulenceModelFactoryTest.LaminarNameCreatesLaminarModelViaKEpsilonOverload .............................   Passed    0.18 sec
          Start  687: TurbulenceCaseTest.RejectsOutOfRangeRelaxation
1030/1821 Test #1174: SpeciesPropertiesTest.RejectsNonFiniteDiffusivity ........................................................   Passed    0.18 sec
          Start 1121: SSTEquationTest.BlendAtF1EqualsZeroUsesSetTwoExactly
1031/1821 Test #1151: SSTModelTest.RejectsNoWallPatches ........................................................................   Passed    0.18 sec
          Start 1103: KOmegaModelTest.RejectsInvalidCoefficients
1032/1821 Test  #657: ThermalCaseTest.RejectsNegativeSpecificHeat ..............................................................   Passed    0.18 sec
          Start  654: ThermalCaseTest.BuilderConstructsThermalRuntimeObjects
1033/1821 Test #1545: FinalCorrectionTest.WallNormalBoundaryFluxStaysExactlyZeroInFinalState ...................................   Passed    0.18 sec
          Start  652: ThermalCaseTest.NonThermalFixtureHasNoThermalConfig
1034/1821 Test #1023: RegionAwareThermalDiffusionTest.EqualConductivityMatchesSingleMaterialPathExactly ........................   Passed    0.17 sec
          Start  996: ThermalSolverTest.InvalidConfigurationForMismatchedTemperatureSize
1035/1821 Test #1552: PisoTest.OneStepMatchesIndependentManualPipelineBitIdentical .............................................   Passed    0.17 sec
          Start  666: TurbulenceCaseTest.ExplicitLaminarModelCollapsesToNoTurbulenceConfig
1036/1821 Test #1550: FinalCorrectionTest.PreviousStateRemainsUntouchedAndFirstCorrectionStateIsPreservedSeparately ............   Passed    0.18 sec
          Start  334: HeatFluxTest.PositiveFluxGivesHandDerivedNegativeGradient
1037/1821 Test  #950: ThermalPropertiesTest.RejectsNegativeConductivity ........................................................   Passed    0.18 sec
          Start 1141: SSTEquationTest.ProductionLimiterLimitedBranch
1038/1821 Test #1559: PisoTest.NonPositiveOrNonFiniteDtReturnsInvalidConfiguration .............................................   Passed    0.18 sec
          Start 1090: KOmegaEquationTest.LinearEffectiveDiffusivityMatchesHandDerivedExample
1039/1821 Test #1293: CompressibleMomentumComponentTest.ConstantDensityReproducesTransientMomentumExactly ......................   Passed    0.18 sec
          Start  686: TurbulenceCaseTest.RejectsNonPositiveInitialOmega
1040/1821 Test #1526: CorrectionApplicationTest.TwoCellProbeCorrectionMatchesHandDerivation ....................................   Passed    0.18 sec
          Start  355: WallOmegaTest.RejectsInvalidBeta1
1041/1821 Test #1099: KOmegaModelTest.InitializedToConfiguredValuesEverywhere ..................................................   Passed    0.18 sec
          Start 1460: SIMPLESSTTest.WallDistanceFieldIsSane
1042/1821 Test  #952: ThermalPropertiesTest.RejectsNegativeSpecificHeat ........................................................   Passed    0.18 sec
          Start  680: TurbulenceCaseTest.RejectsBothInitialEpsilonAndInitialOmega
1043/1821 Test  #994: EnergyEquationVariablePropertiesTest.CombinerRepeatedAssemblyIsDeterministic .............................   Passed    0.19 sec
          Start 1156: SSTModelTest.F1ApproachesOneNearAWallAndZeroFarFromIt
1044/1821 Test  #687: TurbulenceCaseTest.RejectsOutOfRangeRelaxation ...........................................................   Passed    0.18 sec
          Start 1003: ThermalSolverTest.NonFiniteStateForNonFiniteInitialTemperature
1045/1821 Test #1121: SSTEquationTest.BlendAtF1EqualsZeroUsesSetTwoExactly .....................................................   Passed    0.18 sec
          Start 1294: CompressibleMomentumComponentTest.MismatchedVelocitySizeThrows
1046/1821 Test #1103: KOmegaModelTest.RejectsInvalidCoefficients ...............................................................   Passed    0.19 sec
          Start 1537: SecondPressureCorrectionTest.RealPipelineTightFirstCorrectionGivesNearZeroSecondCorrection
1047/1821 Test  #654: ThermalCaseTest.BuilderConstructsThermalRuntimeObjects ...................................................   Passed    0.18 sec
          Start 1173: SpeciesPropertiesTest.RejectsNegativeDiffusivity
1048/1821 Test  #652: ThermalCaseTest.NonThermalFixtureHasNoThermalConfig ......................................................   Passed    0.19 sec
          Start  357: WallOmegaTest.RepeatedEvaluationIsDeterministic
1049/1821 Test  #996: ThermalSolverTest.InvalidConfigurationForMismatchedTemperatureSize .......................................   Passed    0.19 sec
          Start 1163: TurbulenceModelFactoryTest.KOmegaNameCreatesKOmegaModel
1050/1821 Test  #666: TurbulenceCaseTest.ExplicitLaminarModelCollapsesToNoTurbulenceConfig .....................................   Passed    0.19 sec
          Start  679: TurbulenceCaseTest.RejectsSSTModelWithInitialEpsilonOnly
1051/1821 Test  #334: HeatFluxTest.PositiveFluxGivesHandDerivedNegativeGradient ................................................   Passed    0.19 sec
          Start 1181: SpeciesEquationConvectionTest.PositiveInternalFluxSelectsOwnerNegativeSelectsNeighbor
1052/1821 Test #1141: SSTEquationTest.ProductionLimiterLimitedBranch ...........................................................   Passed    0.18 sec
          Start  354: WallOmegaTest.RejectsInvalidKinematicViscosity
1053/1821 Test #1090: KOmegaEquationTest.LinearEffectiveDiffusivityMatchesHandDerivedExample ...................................   Passed    0.19 sec
          Start 1290: CompressibleMomentumTimeDerivativeTest.ConstantDensityMatchesIncompressibleFormula
1054/1821 Test  #686: TurbulenceCaseTest.RejectsNonPositiveInitialOmega ........................................................   Passed    0.19 sec
          Start 1200: SpeciesSolverTest.MaxIterationsWhenOuterBudgetTooSmall
1055/1821 Test  #355: WallOmegaTest.RejectsInvalidBeta1 ........................................................................   Passed    0.18 sec
          Start  700: BoussinesqCaseTest.RejectsMissingReferenceTemperature
1056/1821 Test #1460: SIMPLESSTTest.WallDistanceFieldIsSane ....................................................................   Passed    0.18 sec
          Start 1076: KEpsilonModelTest.TurbulentViscosityMatchesHandDerivedExample
1057/1821 Test  #680: TurbulenceCaseTest.RejectsBothInitialEpsilonAndInitialOmega ..............................................   Passed    0.18 sec
          Start 1062: TurbulenceProductionTest.ZeroShearGivesZeroProductionEverywhere
1058/1821 Test #1156: SSTModelTest.F1ApproachesOneNearAWallAndZeroFarFromIt ....................................................   Passed    0.18 sec
          Start 1117: SSTEquationTest.Alpha1MatchesHandDerivedValue
1059/1821 Test #1003: ThermalSolverTest.NonFiniteStateForNonFiniteInitialTemperature ...........................................   Passed    0.18 sec
          Start 1183: SpeciesEquationConvectionTest.BoundaryInflowUsesBoundaryValueOnRhs
1060/1821 Test #1294: CompressibleMomentumComponentTest.MismatchedVelocitySizeThrows ...........................................   Passed    0.19 sec
          Start  969: EnergyEquationSourceTest.AddsQTimesVolumeExactly
1061/1821 Test #1537: SecondPressureCorrectionTest.RealPipelineTightFirstCorrectionGivesNearZeroSecondCorrection ...............   Passed    0.19 sec
          Start 1292: CompressibleMomentumTimeDerivativeTest.RejectsNonPositiveDt
1062/1821 Test #1173: SpeciesPropertiesTest.RejectsNegativeDiffusivity .........................................................   Passed    0.18 sec
          Start 1188: SpeciesEquationAssemblyTest.ProducesCorrectDimensions
1063/1821 Test  #357: WallOmegaTest.RepeatedEvaluationIsDeterministic ..........................................................   Passed    0.18 sec
          Start 1000: ThermalSolverTest.InvalidConfigurationForInvalidLinearSolverSettings
1064/1821 Test #1163: TurbulenceModelFactoryTest.KOmegaNameCreatesKOmegaModel ..................................................   Passed    0.18 sec
          Start  690: TurbulenceCaseTest.RejectsUnknownKey
1065/1821 Test  #679: TurbulenceCaseTest.RejectsSSTModelWithInitialEpsilonOnly .................................................   Passed    0.18 sec
          Start  971: EnergyEquationSourceTest.RejectsNonFiniteHeatSource
1066/1821 Test #1181: SpeciesEquationConvectionTest.PositiveInternalFluxSelectsOwnerNegativeSelectsNeighbor ....................   Passed    0.18 sec
          Start 1143: SSTModelTest.NameIsSST
1067/1821 Test  #354: WallOmegaTest.RejectsInvalidKinematicViscosity ...........................................................   Passed    0.18 sec
          Start  664: ThermalCaseTest.RejectsTemperatureKeyWhenThermalDisabled
1068/1821 Test #1290: CompressibleMomentumTimeDerivativeTest.ConstantDensityMatchesIncompressibleFormula .......................   Passed    0.18 sec
          Start  684: TurbulenceCaseTest.RejectsNonPositiveInitialK
1069/1821 Test #1200: SpeciesSolverTest.MaxIterationsWhenOuterBudgetTooSmall ...................................................   Passed    0.18 sec
          Start  995: ThermalSolverTest.ConvergesAndMatchesAnalytical1DConductionProfile
1070/1821 Test  #700: BoussinesqCaseTest.RejectsMissingReferenceTemperature ....................................................   Passed    0.18 sec
          Start  672: TurbulenceCaseTest.ParsesKOmegaConfigWhenEnabled
1071/1821 Test #1076: KEpsilonModelTest.TurbulentViscosityMatchesHandDerivedExample ............................................   Passed    0.18 sec
          Start  350: WallOmegaTest.IgnoresOwnerValue
1072/1821 Test #1062: TurbulenceProductionTest.ZeroShearGivesZeroProductionEverywhere ..........................................   Passed    0.18 sec
          Start 1068: KEpsilonEquationTest.ImplicitSourceReproducesKDestructionAtSelfConsistency
1073/1821 Test #1117: SSTEquationTest.Alpha1MatchesHandDerivedValue ............................................................   Passed    0.18 sec
          Start 1087: KEpsilonModelTest.ConvergenceResidualIsNulloptBeforeFirstCorrect
1074/1821 Test #1183: SpeciesEquationConvectionTest.BoundaryInflowUsesBoundaryValueOnRhs .......................................   Passed    0.17 sec
          Start 1172: SpeciesPropertiesTest.RejectsEmptyName
1075/1821 Test  #969: EnergyEquationSourceTest.AddsQTimesVolumeExactly .........................................................   Passed    0.18 sec
          Start 1287: CompressibleContinuityTest.MismatchedMassFluxSizeThrows
1076/1821 Test #1292: CompressibleMomentumTimeDerivativeTest.RejectsNonPositiveDt ..............................................   Passed    0.18 sec
          Start 1204: SpeciesSolverTest.RepeatedSolveIsDeterministic
1077/1821 Test #1188: SpeciesEquationAssemblyTest.ProducesCorrectDimensions ....................................................   Passed    0.19 sec
          Start 1038: TurbulenceModelTest.NegativeTurbulentViscosityRejected
1078/1821 Test #1000: ThermalSolverTest.InvalidConfigurationForInvalidLinearSolverSettings .....................................   Passed    0.19 sec
          Start 1202: SpeciesSolverTest.InvalidConfigurationForZeroOuterMaxIterations
1079/1821 Test  #690: TurbulenceCaseTest.RejectsUnknownKey .....................................................................   Passed    0.19 sec
          Start 1556: PisoTest.WallNormalBoundaryFluxStaysExactlyZero
1080/1821 Test  #971: EnergyEquationSourceTest.RejectsNonFiniteHeatSource ......................................................   Passed    0.19 sec
          Start  985: EnergyEquationVariablePropertiesTest.RejectsNonFiniteOrNonPositiveConductivityField
1081/1821 Test #1143: SSTModelTest.NameIsSST ...................................................................................   Passed    0.19 sec
          Start 1120: SSTEquationTest.BlendAtF1EqualsOneUsesSetOneExactly
1082/1821 Test  #664: ThermalCaseTest.RejectsTemperatureKeyWhenThermalDisabled .................................................   Passed    0.19 sec
          Start 1146: SSTModelTest.ConstructionMuTReducesToStandardKOmegaForm
1083/1821 Test  #684: TurbulenceCaseTest.RejectsNonPositiveInitialK ............................................................   Passed    0.19 sec
          Start 1100: KOmegaModelTest.ConstructionIsDeterministicAcrossInstances
1084/1821 Test  #995: ThermalSolverTest.ConvergesAndMatchesAnalytical1DConductionProfile .......................................   Passed    0.19 sec
          Start 1089: KOmegaCoefficientsTest.DefaultsMatchStandardModel
1085/1821 Test #1690: CompressibleCoupledProductionCaseTest.RepeatedRunIsDeterministic .........................................   Passed  127.78 sec
          Start  975: EnergyEquationAssemblyTest.MismatchedMassFluxSizeThrows
1086/1821 Test  #672: TurbulenceCaseTest.ParsesKOmegaConfigWhenEnabled .........................................................   Passed    0.20 sec
          Start 1025: RegionAwareThermalDiffusionTest.MismatchedRegionSizeThrows
1087/1821 Test  #350: WallOmegaTest.IgnoresOwnerValue ..........................................................................   Passed    0.20 sec
          Start  337: HeatFluxTest.ConductivityScalesTheGradientInversely
1088/1821 Test #1068: KEpsilonEquationTest.ImplicitSourceReproducesKDestructionAtSelfConsistency ...............................   Passed    0.20 sec
          Start 1145: SSTModelTest.InitializedToConfiguredValuesEverywhere
1089/1821 Test #1087: KEpsilonModelTest.ConvergenceResidualIsNulloptBeforeFirstCorrect .........................................   Passed    0.21 sec
          Start  673: TurbulenceCaseTest.BuilderConstructsKOmegaConfigAndBoundaries
1090/1821 Test #1172: SpeciesPropertiesTest.RejectsEmptyName ...................................................................   Passed    0.20 sec
          Start 1153: SSTModelTest.CorrectProducesPositiveFiniteFieldsForARealFlow
1091/1821 Test #1287: CompressibleContinuityTest.MismatchedMassFluxSizeThrows ..................................................   Passed    0.21 sec
          Start 1165: TurbulenceModelFactoryTest.LaminarNameCreatesLaminarModelViaSSTOverload
1092/1821 Test #1204: SpeciesSolverTest.RepeatedSolveIsDeterministic ...........................................................   Passed    0.21 sec
          Start  670: TurbulenceCaseTest.BuilderConstructsKEpsilonConfigAndBoundaries
1093/1821 Test #1038: TurbulenceModelTest.NegativeTurbulentViscosityRejected ...................................................   Passed    0.20 sec
          Start 1082: KEpsilonModelTest.RejectsInvalidInitialEpsilon
1094/1821 Test #1202: SpeciesSolverTest.InvalidConfigurationForZeroOuterMaxIterations ..........................................   Passed    0.20 sec
          Start 1539: SecondPressureCorrectionTest.FirstCorrectionStateAndPreviousStateRemainUntouched
1095/1821 Test #1556: PisoTest.WallNormalBoundaryFluxStaysExactlyZero ..........................................................   Passed    0.20 sec
          Start 1069: KEpsilonEquationTest.ImplicitSourceReproducesEpsilonDestructionAtSelfConsistency
1096/1821 Test  #985: EnergyEquationVariablePropertiesTest.RejectsNonFiniteOrNonPositiveConductivityField ......................   Passed    0.20 sec
          Start  356: WallOmegaTest.RejectsInvalidDistance
1097/1821 Test #1120: SSTEquationTest.BlendAtF1EqualsOneUsesSetOneExactly ......................................................   Passed    0.20 sec
          Start 1548: FinalCorrectionTest.RealPipelineSecondCorrectionIsEffectivelyIdempotentAfterFullFirst
1098/1821 Test #1146: SSTModelTest.ConstructionMuTReducesToStandardKOmegaForm ..................................................   Passed    0.20 sec
          Start 1102: KOmegaModelTest.RejectsInvalidInitialOmega
1099/1821 Test #1100: KOmegaModelTest.ConstructionIsDeterministicAcrossInstances ...............................................   Passed    0.20 sec
          Start 1160: TurbulenceModelFactoryTest.KEpsilonNameCreatesKEpsilonModel
1100/1821 Test #1089: KOmegaCoefficientsTest.DefaultsMatchStandardModel ........................................................   Passed    0.20 sec
          Start 1132: SSTEquationTest.F2RemainsBoundedAcrossRepresentativeStates
1101/1821 Test  #975: EnergyEquationAssemblyTest.MismatchedMassFluxSizeThrows ..................................................   Passed    0.20 sec
          Start 1564: PisoTest.ForcedPressureCorrectionFailurePropagatesAsPressureCorrectionFailure
1102/1821 Test #1025: RegionAwareThermalDiffusionTest.MismatchedRegionSizeThrows ...............................................   Passed    0.21 sec
          Start 1124: SSTEquationTest.BlendingIsExactForMultipleCoefficients
1103/1821 Test  #337: HeatFluxTest.ConductivityScalesTheGradientInversely ......................................................   Passed    0.20 sec
          Start  948: ThermalPropertiesTest.ThermalDiffusivityIsKOverRhoCp
1104/1821 Test #1145: SSTModelTest.InitializedToConfiguredValuesEverywhere .....................................................   Passed    0.21 sec
          Start  586: MomentumVariableViscosityTest.ConstantPropertyReproducesScalarOverloadExactly
1105/1821 Test  #673: TurbulenceCaseTest.BuilderConstructsKOmegaConfigAndBoundaries ............................................   Passed    0.20 sec
          Start 1008: ThermalSolverVariablePropertiesTest.NonFiniteStateWhenPropertyModelPredictsNonPositiveValue
1106/1821 Test #1153: SSTModelTest.CorrectProducesPositiveFiniteFieldsForARealFlow .............................................   Passed    0.20 sec
          Start 1004: ThermalSolverTest.NonFiniteStateForNonFiniteMassFlux
1107/1821 Test #1165: TurbulenceModelFactoryTest.LaminarNameCreatesLaminarModelViaSSTOverload ..................................   Passed    0.20 sec
          Start 1140: SSTEquationTest.ProductionLimiterUnlimitedBranch
1108/1821 Test  #670: TurbulenceCaseTest.BuilderConstructsKEpsilonConfigAndBoundaries ..........................................   Passed    0.20 sec
          Start 1162: TurbulenceModelFactoryTest.LaminarNameCreatesLaminarModelViaKOmegaOverload
1109/1821 Test #1082: KEpsilonModelTest.RejectsInvalidInitialEpsilon ...........................................................   Passed    0.19 sec
          Start  665: TurbulenceCaseTest.LegacyFixtureHasNoTurbulenceConfig
1110/1821 Test #1539: SecondPressureCorrectionTest.FirstCorrectionStateAndPreviousStateRemainUntouched .........................   Passed    0.20 sec
          Start 1110: WallDistanceTest.HandDerivedDistanceNearBottomWall
1111/1821 Test #1069: KEpsilonEquationTest.ImplicitSourceReproducesEpsilonDestructionAtSelfConsistency .........................   Passed    0.19 sec
          Start 1523: TransientPressureCorrectionTest.FullPipelineFromRestReturnsFinitePressureCorrection
1112/1821 Test  #356: WallOmegaTest.RejectsInvalidDistance .....................................................................   Passed    0.20 sec
          Start 1148: SSTModelTest.RejectsInvalidInitialK
1113/1821 Test #1548: FinalCorrectionTest.RealPipelineSecondCorrectionIsEffectivelyIdempotentAfterFullFirst ....................   Passed    0.20 sec
          Start 1080: KEpsilonModelTest.ConstructionIsDeterministicAcrossInstances
1114/1821 Test #1102: KOmegaModelTest.RejectsInvalidInitialOmega ...............................................................   Passed    0.19 sec
          Start  682: TurbulenceCaseTest.RejectsKEpsilonModelWithInitialOmegaOnly
1115/1821 Test #1160: TurbulenceModelFactoryTest.KEpsilonNameCreatesKEpsilonModel ..............................................   Passed    0.19 sec
          Start  963: EnergyEquationConvectionTest.PositiveInternalFluxSelectsOwnerNegativeSelectsNeighbor
1116/1821 Test #1132: SSTEquationTest.F2RemainsBoundedAcrossRepresentativeStates ...............................................   Passed    0.19 sec
          Start 1061: TurbulenceProductionTest.HandDerivedShearProductionMatchesExactly
1117/1821 Test #1564: PisoTest.ForcedPressureCorrectionFailurePropagatesAsPressureCorrectionFailure ............................   Passed    0.19 sec
          Start  992: EnergyEquationVariablePropertiesTest.CombinerProducesCorrectDimensionsAndIsFinite
1118/1821 Test #1124: SSTEquationTest.BlendingIsExactForMultipleCoefficients ...................................................   Passed    0.20 sec
          Start 1551: FinalCorrectionTest.RepeatedFullPipelineIsBitIdentical
1119/1821 Test  #948: ThermalPropertiesTest.ThermalDiffusivityIsKOverRhoCp .....................................................   Passed    0.20 sec
          Start 1534: SecondPressureCorrectionTest.FullFirstCorrectionGivesExactlyZeroSecondCorrection
1120/1821 Test  #586: MomentumVariableViscosityTest.ConstantPropertyReproducesScalarOverloadExactly ............................   Passed    0.20 sec
          Start  987: EnergyEquationVariablePropertiesTest.ConvectionUniformFieldMatchesScalarOverloadExactly
1121/1821 Test #1008: ThermalSolverVariablePropertiesTest.NonFiniteStateWhenPropertyModelPredictsNonPositiveValue ..............   Passed    0.19 sec
          Start 1150: SSTModelTest.RejectsInvalidCoefficients
1122/1821 Test #1004: ThermalSolverTest.NonFiniteStateForNonFiniteMassFlux .....................................................   Passed    0.20 sec
          Start  349: WallOmegaTest.HandDerivedValueMatchesWilcoxFormula
1123/1821 Test #1140: SSTEquationTest.ProductionLimiterUnlimitedBranch .........................................................   Passed    0.20 sec
          Start 1123: SSTEquationTest.BlendAtHalfWeightingIsTheMidpoint
1124/1821 Test #1162: TurbulenceModelFactoryTest.LaminarNameCreatesLaminarModelViaKOmegaOverload ...............................   Passed    0.20 sec
          Start 1081: KEpsilonModelTest.RejectsInvalidInitialK
1125/1821 Test  #665: TurbulenceCaseTest.LegacyFixtureHasNoTurbulenceConfig ....................................................   Passed    0.19 sec
          Start 1079: KEpsilonModelTest.InitializedToConfiguredValuesEverywhere
1126/1821 Test #1110: WallDistanceTest.HandDerivedDistanceNearBottomWall .......................................................   Passed    0.21 sec
          Start 1198: SpeciesSolverTest.InvalidConfigurationForMismatchedConcentrationSize
1127/1821 Test #1523: TransientPressureCorrectionTest.FullPipelineFromRestReturnsFinitePressureCorrection ......................   Passed    0.20 sec
          Start 1554: PisoTest.RepeatedIdenticalTimestepIsBitIdentical
1128/1821 Test #1148: SSTModelTest.RejectsInvalidInitialK ......................................................................   Passed    0.21 sec
          Start 1093: KOmegaEquationTest.LinearEffectiveDiffusivityRejectsInvalidInputs
1129/1821 Test #1080: KEpsilonModelTest.ConstructionIsDeterministicAcrossInstances .............................................   Passed    0.21 sec
          Start 1185: SpeciesEquationSourceTest.AddsSTimesVolumeExactly
1130/1821 Test  #682: TurbulenceCaseTest.RejectsKEpsilonModelWithInitialOmegaOnly ..............................................   Passed    0.20 sec
          Start 1016: ThermalRegionMapTest.RegionForCellOutOfRangeThrows
1131/1821 Test  #963: EnergyEquationConvectionTest.PositiveInternalFluxSelectsOwnerNegativeSelectsNeighbor .....................   Passed    0.20 sec
          Start  967: EnergyEquationConvectionTest.MismatchedTemperatureSizeThrows
1132/1821 Test #1061: TurbulenceProductionTest.HandDerivedShearProductionMatchesExactly ........................................   Passed    0.19 sec
          Start 1190: SpeciesEquationAssemblyTest.MismatchedMassFluxSizeThrows
1133/1821 Test  #992: EnergyEquationVariablePropertiesTest.CombinerProducesCorrectDimensionsAndIsFinite ........................   Passed    0.19 sec
          Start  973: EnergyEquationAssemblyTest.ProducesCorrectDimensions
1134/1821 Test #1551: FinalCorrectionTest.RepeatedFullPipelineIsBitIdentical ...................................................   Passed    0.19 sec
          Start  981: EnergyEquationThermalBCIntegrationTest.HeatFluxAndAdiabaticBoundariesMatchHandDerivedRhs
1135/1821 Test #1534: SecondPressureCorrectionTest.FullFirstCorrectionGivesExactlyZeroSecondCorrection .........................   Passed    0.19 sec
          Start 1092: KOmegaEquationTest.LinearEffectiveDiffusivityReducesToMolecularAsMuTVanishes
1136/1821 Test  #987: EnergyEquationVariablePropertiesTest.ConvectionUniformFieldMatchesScalarOverloadExactly ..................   Passed    0.18 sec
          Start 1184: SpeciesEquationConvectionTest.ConstantConcentrationWithDivergenceFreeFluxGivesZeroNetContribution
1137/1821 Test #1150: SSTModelTest.RejectsInvalidCoefficients ..................................................................   Passed    0.18 sec
          Start  335: HeatFluxTest.NegativeFluxGivesPositiveGradient
1138/1821 Test  #349: WallOmegaTest.HandDerivedValueMatchesWilcoxFormula .......................................................   Passed    0.19 sec
          Start 1136: SSTEquationTest.OmegaDiffusivityMatchesHandDerivedBlendedValue
1139/1821 Test #1123: SSTEquationTest.BlendAtHalfWeightingIsTheMidpoint ........................................................   Passed    0.18 sec
          Start  957: ThermalPropertiesTest.ThermalDiffusivityRejectsNonFiniteDensity
1140/1821 Test #1081: KEpsilonModelTest.RejectsInvalidInitialK .................................................................   Passed    0.18 sec
          Start 1780: SpeciesConservationTest.OpenChannelWithVolumetricSourceBalancesNetOutflowAgainstSource
1141/1821 Test #1079: KEpsilonModelTest.InitializedToConfiguredValuesEverywhere ................................................   Passed    0.16 sec
          Start 1547: FinalCorrectionTest.ControlledPartialCorrectionShowsRc2BelowRc1
1142/1821 Test #1198: SpeciesSolverTest.InvalidConfigurationForMismatchedConcentrationSize .....................................   Passed    0.17 sec
          Start  951: ThermalPropertiesTest.RejectsZeroSpecificHeat
1143/1821 Test #1554: PisoTest.RepeatedIdenticalTimestepIsBitIdentical .........................................................   Passed    0.17 sec
          Start 1152: SSTModelTest.CorrectRejectsMismatchedVelocitySize
1144/1821 Test #1093: KOmegaEquationTest.LinearEffectiveDiffusivityRejectsInvalidInputs ........................................   Passed    0.17 sec
          Start  999: ThermalSolverTest.LinearSolveFailureWhenInnerSolverIsStarved
1145/1821 Test #1185: SpeciesEquationSourceTest.AddsSTimesVolumeExactly ........................................................   Passed    0.17 sec
          Start 1014: ThermalRegionMapTest.RejectsEmptyCellRegionIndex
1146/1821 Test #1016: ThermalRegionMapTest.RegionForCellOutOfRangeThrows .......................................................   Passed    0.20 sec
          Start 1532: CorrectionApplicationTest.RepeatedCorrectionStepIsBitIdentical
1147/1821 Test  #967: EnergyEquationConvectionTest.MismatchedTemperatureSizeThrows .............................................   Passed    0.20 sec
          Start  668: TurbulenceCaseTest.ParsesKEpsilonConfigWhenEnabled
1148/1821 Test #1190: SpeciesEquationAssemblyTest.MismatchedMassFluxSizeThrows .................................................   Passed    0.20 sec
          Start  953: ThermalPropertiesTest.RejectsNonFiniteConductivity
1149/1821 Test  #973: EnergyEquationAssemblyTest.ProducesCorrectDimensions .....................................................   Passed    0.20 sec
          Start 1280: CompressibleMassFluxTest.MismatchedDensitySizeThrows
1150/1821 Test  #981: EnergyEquationThermalBCIntegrationTest.HeatFluxAndAdiabaticBoundariesMatchHandDerivedRhs .................   Passed    0.20 sec
          Start  683: TurbulenceCaseTest.RejectsKOmegaModelWithInitialEpsilonOnly
1151/1821 Test #1092: KOmegaEquationTest.LinearEffectiveDiffusivityReducesToMolecularAsMuTVanishes .............................   Passed    0.21 sec
          Start 1083: KEpsilonModelTest.RejectsInvalidCoefficients
1152/1821 Test #1184: SpeciesEquationConvectionTest.ConstantConcentrationWithDivergenceFreeFluxGivesZeroNetContribution ........   Passed    0.21 sec
          Start 1286: CompressibleContinuityTest.MismatchedDensityOldSizeThrows
1153/1821 Test  #335: HeatFluxTest.NegativeFluxGivesPositiveGradient ...........................................................   Passed    0.20 sec
          Start  667: TurbulenceCaseTest.ExplicitLaminarModelAcceptsInitialOmegaToo
1154/1821 Test #1136: SSTEquationTest.OmegaDiffusivityMatchesHandDerivedBlendedValue ...........................................   Passed    0.20 sec
          Start  968: EnergyEquationConvectionTest.MismatchedMassFluxSizeThrows
1155/1821 Test  #957: ThermalPropertiesTest.ThermalDiffusivityRejectsNonFiniteDensity ..........................................   Passed    0.20 sec
          Start  988: EnergyEquationVariablePropertiesTest.ConvectionUsesUpwindCellsOwnSpecificHeat
1156/1821 Test #1780: SpeciesConservationTest.OpenChannelWithVolumetricSourceBalancesNetOutflowAgainstSource ...................   Passed    0.20 sec
          Start 1111: WallDistanceTest.HandDerivedDistanceAtDomainCenter
1157/1821 Test #1547: FinalCorrectionTest.ControlledPartialCorrectionShowsRc2BelowRc1 ..........................................   Passed    0.20 sec
          Start  685: TurbulenceCaseTest.RejectsNonPositiveInitialEpsilon
1158/1821 Test  #951: ThermalPropertiesTest.RejectsZeroSpecificHeat ............................................................   Passed    0.20 sec
          Start 1105: KOmegaModelTest.CorrectRejectsMismatchedVelocitySize
1159/1821 Test #1152: SSTModelTest.CorrectRejectsMismatchedVelocitySize ........................................................   Passed    0.20 sec
          Start 1094: KOmegaEquationTest.OmegaSourceMatchesHandDerivedExample
1160/1821 Test  #999: ThermalSolverTest.LinearSolveFailureWhenInnerSolverIsStarved .............................................   Passed    0.20 sec
          Start 1097: KOmegaModelTest.NameIsKOmega
1161/1821 Test #1014: ThermalRegionMapTest.RejectsEmptyCellRegionIndex .........................................................   Passed    0.18 sec
          Start 1084: KEpsilonModelTest.TurbulentViscosityVanishesAsKVanishes
1162/1821 Test #1532: CorrectionApplicationTest.RepeatedCorrectionStepIsBitIdentical ...........................................   Passed    0.18 sec
          Start 1531: CorrectionApplicationTest.PreviousStateAndPredictorFieldsRetainedIndependently
1163/1821 Test  #668: TurbulenceCaseTest.ParsesKEpsilonConfigWhenEnabled .......................................................   Passed    0.17 sec
          Start 1201: SpeciesSolverTest.LinearSolveFailureWhenInnerSolverIsStarved
1164/1821 Test  #953: ThermalPropertiesTest.RejectsNonFiniteConductivity .......................................................   Passed    0.18 sec
          Start 1533: SecondPressureCorrectionTest.PartialFirstCorrectionGivesHandDerivedNonzeroSecondCorrection
1165/1821 Test #1280: CompressibleMassFluxTest.MismatchedDensitySizeThrows .....................................................   Passed    0.19 sec
          Start  956: ThermalPropertiesTest.ThermalDiffusivityRejectsNegativeDensity
1166/1821 Test  #683: TurbulenceCaseTest.RejectsKOmegaModelWithInitialEpsilonOnly ..............................................   Passed    0.19 sec
          Start  990: EnergyEquationVariablePropertiesTest.RejectsNonFiniteOrNonPositiveSpecificHeatField
1167/1821 Test #1083: KEpsilonModelTest.RejectsInvalidCoefficients .............................................................   Passed    0.18 sec
          Start 1779: SpeciesConservationTest.OpenChannelSteadyStateInflowEqualsOutflowWithZeroSource
1168/1821 Test #1286: CompressibleContinuityTest.MismatchedDensityOldSizeThrows ................................................   Passed    0.19 sec
          Start 1107: KOmegaModelTest.ConvergenceResidualIsNulloptBeforeFirstCorrect
1169/1821 Test  #667: TurbulenceCaseTest.ExplicitLaminarModelAcceptsInitialOmegaToo ............................................   Passed    0.20 sec
          Start  523: MomentumDiffusionTest.UniformEffectiveViscosityFieldMatchesConstantOverload
1170/1821 Test  #968: EnergyEquationConvectionTest.MismatchedMassFluxSizeThrows ................................................   Passed    0.20 sec
          Start 1138: SSTEquationTest.TurbulentViscosityStrainDominatedBranch
1171/1821 Test  #988: EnergyEquationVariablePropertiesTest.ConvectionUsesUpwindCellsOwnSpecificHeat ............................   Passed    0.20 sec
          Start  660: ThermalCaseTest.RejectsUnknownTemperatureBoundaryType
1172/1821 Test #1111: WallDistanceTest.HandDerivedDistanceAtDomainCenter .......................................................   Passed    0.21 sec
          Start 1291: CompressibleMomentumTimeDerivativeTest.MismatchedSizeThrows
1173/1821 Test  #685: TurbulenceCaseTest.RejectsNonPositiveInitialEpsilon ......................................................   Passed    0.22 sec
          Start 1118: SSTEquationTest.Alpha2MatchesHandDerivedValue
1174/1821 Test #1105: KOmegaModelTest.CorrectRejectsMismatchedVelocitySize .....................................................   Passed    0.22 sec
          Start 1098: KOmegaModelTest.FieldsSizedToMeshAtConstruction
1175/1821 Test #1094: KOmegaEquationTest.OmegaSourceMatchesHandDerivedExample ..................................................   Passed    0.22 sec
          Start 1778: SpeciesConservationTest.ClosedZeroFluxDomainWithConvectionAlsoConservesForAnyField
1176/1821 Test #1097: KOmegaModelTest.NameIsKOmega .............................................................................   Passed    0.22 sec
          Start  802: VTKWriterTest.OmitsTemperatureBlockWhenNotProvided
1177/1821 Test #1084: KEpsilonModelTest.TurbulentViscosityVanishesAsKVanishes ..................................................   Passed    0.23 sec
          Start  489: VectorGradientTest.LinearShearFieldIsExactEverywhere
1178/1821 Test #1531: CorrectionApplicationTest.PreviousStateAndPredictorFieldsRetainedIndependently ...........................   Passed    0.22 sec
          Start 1528: CorrectionApplicationTest.FullPipelineFromRestProducesFiniteCorrectedState
1179/1821 Test #1201: SpeciesSolverTest.LinearSolveFailureWhenInnerSolverIsStarved .............................................   Passed    0.22 sec
          Start 1088: KEpsilonModelTest.EffectiveViscosityEqualsMolecularPlusTurbulent
1180/1821 Test #1533: SecondPressureCorrectionTest.PartialFirstCorrectionGivesHandDerivedNonzeroSecondCorrection ...............   Passed    0.22 sec
          Start  772: CSVWriterTest.NonFiniteTemperatureThrows
1181/1821 Test  #956: ThermalPropertiesTest.ThermalDiffusivityRejectsNegativeDensity ...........................................   Passed    0.22 sec
          Start 1285: CompressibleContinuityTest.CombinedTimeAndFluxHandDerived
1182/1821 Test  #990: EnergyEquationVariablePropertiesTest.RejectsNonFiniteOrNonPositiveSpecificHeatField ......................   Passed    0.22 sec
          Start 1037: TurbulenceModelTest.PositiveTurbulentViscosityIsAccepted
1183/1821 Test #1779: SpeciesConservationTest.OpenChannelSteadyStateInflowEqualsOutflowWithZeroSource ..........................***Failed    0.22 sec
Running main() from /mnt/c/Users/Hasib/Desktop/CFDAPP/CFDApp/build/release/_deps/googletest-src/googletest/src/gtest_main.cc
Note: Google Test filter = SpeciesConservationTest.OpenChannelSteadyStateInflowEqualsOutflowWithZeroSource
[==========] Running 1 test from 1 test suite.
[----------] Global test environment set-up.
[----------] 1 test from SpeciesConservationTest
[ RUN      ] SpeciesConservationTest.OpenChannelSteadyStateInflowEqualsOutflowWithZeroSource
/mnt/c/Users/Hasib/Desktop/CFDAPP/CFDApp/tests/integration/species/test_species_conservation.cpp:171: Failure
Expected equality of these values:
  result.status
    Which is: 4-byte object <02-00 00-00>
  SpeciesStatus::Converged
    Which is: 4-byte object <00-00 00-00>

[  FAILED  ] SpeciesConservationTest.OpenChannelSteadyStateInflowEqualsOutflowWithZeroSource (0 ms)
[----------] 1 test from SpeciesConservationTest (0 ms total)

[----------] Global test environment tear-down
[==========] 1 test from 1 test suite ran. (0 ms total)
[  PASSED  ] 0 tests.
[  FAILED  ] 1 test, listed below:
[  FAILED  ] SpeciesConservationTest.OpenChannelSteadyStateInflowEqualsOutflowWithZeroSource

 1 FAILED TEST

          Start  978: EnergyEquationAssemblyTest.NonFiniteMassFluxThrowsInvalidArgumentError
1184/1821 Test #1107: KOmegaModelTest.ConvergenceResidualIsNulloptBeforeFirstCorrect ...........................................   Passed    0.22 sec
          Start 1157: SSTModelTest.NearWallBlendApproachesSSTsOwnInnerCoefficientSet
1185/1821 Test  #523: MomentumDiffusionTest.UniformEffectiveViscosityFieldMatchesConstantOverload ..............................   Passed    0.22 sec
          Start  662: ThermalCaseTest.RejectsExtraneousValueForAdiabatic
1186/1821 Test #1138: SSTEquationTest.TurbulentViscosityStrainDominatedBranch ..................................................   Passed    0.21 sec
          Start 1149: SSTModelTest.RejectsInvalidInitialOmega
1187/1821 Test  #660: ThermalCaseTest.RejectsUnknownTemperatureBoundaryType ....................................................   Passed    0.19 sec
          Start  974: EnergyEquationAssemblyTest.MismatchedTemperatureSizeThrows
1188/1821 Test #1291: CompressibleMomentumTimeDerivativeTest.MismatchedSizeThrows ..............................................   Passed    0.19 sec
          Start  964: EnergyEquationConvectionTest.BoundaryOutflowUsesOwnerUnknownNotBoundaryValue
1189/1821 Test #1118: SSTEquationTest.Alpha2MatchesHandDerivedValue ............................................................   Passed    0.19 sec
          Start  669: TurbulenceCaseTest.ParsesOptionalRelaxationOverrides
1190/1821 Test #1098: KOmegaModelTest.FieldsSizedToMeshAtConstruction ..........................................................   Passed    0.19 sec
          Start  674: TurbulenceCaseTest.KOmegaInletPatchGetsFixedKAndOmegaFromCaseConfig
1191/1821 Test #1778: SpeciesConservationTest.ClosedZeroFluxDomainWithConvectionAlsoConservesForAnyField .......................   Passed    0.19 sec
          Start 1521: TransientPressureCorrectionTest.SmallerDeltaTGivesSmallerResponseCoefficientEverywhere
1192/1821 Test  #802: VTKWriterTest.OmitsTemperatureBlockWhenNotProvided .......................................................   Passed    0.19 sec
          Start 1063: TurbulenceProductionTest.NormalStrainContributesWithFactorTwo
1193/1821 Test  #489: VectorGradientTest.LinearShearFieldIsExactEverywhere .....................................................   Passed    0.19 sec
          Start 1288: CompressibleContinuityTest.RejectsNonPositiveOrNonFiniteDt
1194/1821 Test #1528: CorrectionApplicationTest.FullPipelineFromRestProducesFiniteCorrectedState ...............................   Passed    0.19 sec
          Start  671: TurbulenceCaseTest.InletPatchGetsFixedKAndEpsilonFromCaseConfig
1195/1821 Test #1088: KEpsilonModelTest.EffectiveViscosityEqualsMolecularPlusTurbulent .........................................   Passed    0.19 sec
          Start 1078: KEpsilonModelTest.FieldsSizedToMeshAtConstruction
1196/1821 Test  #772: CSVWriterTest.NonFiniteTemperatureThrows .................................................................   Passed    0.18 sec
          Start 1070: KEpsilonEquationTest.ImplicitSourceAddsToDiagonalAndRhsCorrectly
1197/1821 Test #1285: CompressibleContinuityTest.CombinedTimeAndFluxHandDerived ................................................   Passed    0.18 sec
          Start 1135: SSTEquationTest.KDiffusivityMatchesHandDerivedBlendedValue
1198/1821 Test #1037: TurbulenceModelTest.PositiveTurbulentViscosityIsAccepted .................................................   Passed    0.18 sec
          Start 1139: SSTEquationTest.TurbulentViscosityRejectsInvalidInputs
1199/1821 Test  #978: EnergyEquationAssemblyTest.NonFiniteMassFluxThrowsInvalidArgumentError ...................................   Passed    0.17 sec
          Start  998: ThermalSolverTest.MaxIterationsWhenOuterBudgetTooSmall
1200/1821 Test #1157: SSTModelTest.NearWallBlendApproachesSSTsOwnInnerCoefficientSet ...........................................   Passed    0.18 sec
          Start 1034: TurbulenceModelTest.PolymorphicDestructionWorks
1201/1821 Test  #662: ThermalCaseTest.RejectsExtraneousValueForAdiabatic .......................................................   Passed    0.18 sec
          Start 1565: PisoTest.AccessorsReturnConstructedValues
1202/1821 Test #1149: SSTModelTest.RejectsInvalidInitialOmega ..................................................................   Passed    0.19 sec
          Start 1101: KOmegaModelTest.RejectsInvalidInitialK
1203/1821 Test  #974: EnergyEquationAssemblyTest.MismatchedTemperatureSizeThrows ...............................................   Passed    0.19 sec
          Start 1142: SSTEquationTest.ProductionLimiterRejectsInvalidFactorOrBetaStar
1204/1821 Test  #964: EnergyEquationConvectionTest.BoundaryOutflowUsesOwnerUnknownNotBoundaryValue .............................   Passed    0.19 sec
          Start 1137: SSTEquationTest.TurbulentViscosityOmegaDominatedBranch
1205/1821 Test  #669: TurbulenceCaseTest.ParsesOptionalRelaxationOverrides .....................................................   Passed    0.18 sec
          Start 1073: KEpsilonEquationTest.PureSourceOnlyAddsExactlyToRhsAndDiagonal
1206/1821 Test  #674: TurbulenceCaseTest.KOmegaInletPatchGetsFixedKAndOmegaFromCaseConfig ......................................   Passed    0.18 sec
          Start   27: LoggerTest.WarningAndErrorGoToStderr
1207/1821 Test #1521: TransientPressureCorrectionTest.SmallerDeltaTGivesSmallerResponseCoefficientEverywhere ...................   Passed    0.18 sec
          Start 1170: SpeciesPropertiesTest.StoresNameAndDiffusivity
1208/1821 Test #1063: TurbulenceProductionTest.NormalStrainContributesWithFactorTwo ............................................   Passed    0.19 sec
          Start  769: CSVWriterTest.OmitsTemperatureColumnWhenNotProvided
1209/1821 Test #1288: CompressibleContinuityTest.RejectsNonPositiveOrNonFiniteDt ...............................................   Passed    0.20 sec
          Start 1283: CompressibleContinuityTest.TimeOnlyImbalanceWithZeroFlux
1210/1821 Test  #671: TurbulenceCaseTest.InletPatchGetsFixedKAndEpsilonFromCaseConfig ..........................................   Passed    0.20 sec
          Start  689: TurbulenceCaseTest.RejectsEpsilonRelaxationWithoutInitialEpsilon
1211/1821 Test #1078: KEpsilonModelTest.FieldsSizedToMeshAtConstruction ........................................................   Passed    0.19 sec
          Start 1015: ThermalRegionMapTest.RejectsOutOfRangeRegionIndex
1212/1821 Test #1070: KEpsilonEquationTest.ImplicitSourceAddsToDiagonalAndRhsCorrectly .........................................   Passed    0.20 sec
          Start 1022: RegionAwareThermalDiffusionTest.InterfaceCoefficientMatchesHandDerivedExample
1213/1821 Test #1135: SSTEquationTest.KDiffusivityMatchesHandDerivedBlendedValue ...............................................   Passed    0.20 sec
          Start 1067: KEpsilonEquationTest.EffectiveDiffusivityRejectsInvalidInputs
1214/1821 Test #1139: SSTEquationTest.TurbulentViscosityRejectsInvalidInputs ...................................................   Passed    0.21 sec
          Start 1113: WallDistanceTest.EveryCellDistanceIsFiniteAndPositive
1215/1821 Test  #998: ThermalSolverTest.MaxIterationsWhenOuterBudgetTooSmall ...................................................   Passed    0.20 sec
          Start 1769: SpeciesDiffusionValidation.Grid20MatchesAnalyticalSlabProfile
1216/1821 Test #1034: TurbulenceModelTest.PolymorphicDestructionWorks ..........................................................   Passed    0.21 sec
          Start 1187: SpeciesEquationAssemblyTest.CombinedAssemblyUsesDensityTimesDiffusivityAsCoefficient
1217/1821 Test #1565: PisoTest.AccessorsReturnConstructedValues ................................................................   Passed    0.20 sec
          Start 1065: KEpsilonEquationTest.EffectiveDiffusivityMatchesHandDerivedExample
1218/1821 Test #1101: KOmegaModelTest.RejectsInvalidInitialK ...................................................................   Passed    0.20 sec
          Start  913: RestartSnapshotTest.NonFiniteMassFluxIsRejected
1219/1821 Test #1142: SSTEquationTest.ProductionLimiterRejectsInvalidFactorOrBetaStar ..........................................   Passed    0.20 sec
          Start 1013: ThermalRegionMapTest.RejectsDuplicateRegionNames
1220/1821 Test #1137: SSTEquationTest.TurbulentViscosityOmegaDominatedBranch ...................................................   Passed    0.20 sec
          Start  661: ThermalCaseTest.RejectsMissingValueForFixedTemperature
1221/1821 Test #1073: KEpsilonEquationTest.PureSourceOnlyAddsExactlyToRhsAndDiagonal ...........................................   Passed    0.21 sec
          Start  492: VectorGradientTest.MismatchedVelocitySizeThrows
1222/1821 Test   #27: LoggerTest.WarningAndErrorGoToStderr .....................................................................   Passed    0.22 sec
          Start 1177: SpeciesEquationDiffusionTest.InternalFaceCoefficientsAreSymmetric
1223/1821 Test #1170: SpeciesPropertiesTest.StoresNameAndDiffusivity ...........................................................   Passed    0.22 sec
          Start  804: VTKWriterTest.MismatchedTemperatureSizeThrows
1224/1821 Test  #769: CSVWriterTest.OmitsTemperatureColumnWhenNotProvided ......................................................   Passed    0.24 sec
          Start  658: ThermalCaseTest.RejectsMissingThermalField
1225/1821 Test #1283: CompressibleContinuityTest.TimeOnlyImbalanceWithZeroFlux .................................................   Passed    0.23 sec
          Start  993: EnergyEquationVariablePropertiesTest.CombinerMismatchedFieldSizeThrows
1226/1821 Test  #689: TurbulenceCaseTest.RejectsEpsilonRelaxationWithoutInitialEpsilon .........................................   Passed    0.24 sec
          Start 1175: SpeciesPropertiesTest.TwoIndependentSpeciesKeepSeparateIdentityAndDiffusivity
1227/1821 Test #1015: ThermalRegionMapTest.RejectsOutOfRangeRegionIndex ........................................................   Passed    0.23 sec
          Start  620: CaseWriterTest.ThermalTurbulenceBuoyancyRoundTrip
1228/1821 Test #1022: RegionAwareThermalDiffusionTest.InterfaceCoefficientMatchesHandDerivedExample ............................   Passed    0.25 sec
          Start 1134: SSTEquationTest.F1ApproachesZeroFarFromAWallWithLowViscosityRatio
1229/1821 Test #1067: KEpsilonEquationTest.EffectiveDiffusivityRejectsInvalidInputs ............................................   Passed    0.25 sec
          Start  653: ThermalCaseTest.ParsesThermalPropertiesWhenEnabled
1230/1821 Test #1113: WallDistanceTest.EveryCellDistanceIsFiniteAndPositive ....................................................   Passed    0.25 sec
          Start 1122: SSTEquationTest.BlendAtQuarterWeightingMatchesHandDerivedValue
1231/1821 Test #1769: SpeciesDiffusionValidation.Grid20MatchesAnalyticalSlabProfile ............................................   Passed    0.25 sec
          Start  619: CaseWriterTest.ExplicitInitialConditionsRoundTrip
1232/1821 Test #1187: SpeciesEquationAssemblyTest.CombinedAssemblyUsesDensityTimesDiffusivityAsCoefficient .....................   Passed    0.25 sec
          Start 1108: KOmegaModelTest.EffectiveViscosityEqualsMolecularPlusTurbulent
1233/1821 Test #1065: KEpsilonEquationTest.EffectiveDiffusivityMatchesHandDerivedExample .......................................   Passed    0.25 sec
          Start 1086: KEpsilonModelTest.CorrectProducesPositiveFiniteFieldsForARealFlow
1234/1821 Test  #913: RestartSnapshotTest.NonFiniteMassFluxIsRejected ..........................................................   Passed    0.25 sec
          Start 1180: SpeciesEquationDiffusionTest.MismatchedConcentrationSizeThrows
1235/1821 Test #1013: ThermalRegionMapTest.RejectsDuplicateRegionNames .........................................................   Passed    0.25 sec
          Start  947: ThermalPropertiesTest.StoresConductivityAndSpecificHeat
1236/1821 Test  #661: ThermalCaseTest.RejectsMissingValueForFixedTemperature ...................................................   Passed    0.25 sec
          Start 1194: SpeciesBoundaryConditionTest.ZeroGradientGivesNoDiffusiveFluxThroughAnImpermeableWall
1237/1821 Test  #492: VectorGradientTest.MismatchedVelocitySizeThrows ..........................................................   Passed    0.24 sec
          Start 1026: RegionAwareThermalDiffusionTest.RepeatedAssemblyIsDeterministic
1238/1821 Test #1177: SpeciesEquationDiffusionTest.InternalFaceCoefficientsAreSymmetric ........................................   Passed    0.23 sec
          Start  949: ThermalPropertiesTest.RejectsZeroConductivity
1239/1821 Test  #804: VTKWriterTest.MismatchedTemperatureSizeThrows ............................................................   Passed    0.22 sec
          Start 1106: KOmegaModelTest.CorrectProducesPositiveFiniteFieldsForARealFlow
1240/1821 Test  #658: ThermalCaseTest.RejectsMissingThermalField ...............................................................   Passed    0.21 sec
          Start  353: WallOmegaTest.TypeAndNameAreSSTSpecific
1241/1821 Test  #993: EnergyEquationVariablePropertiesTest.CombinerMismatchedFieldSizeThrows ...................................   Passed    0.26 sec
          Start 1012: ThermalRegionMapTest.RejectsEmptyRegions
1242/1821 Test #1175: SpeciesPropertiesTest.TwoIndependentSpeciesKeepSeparateIdentityAndDiffusivity ............................   Passed    0.26 sec
          Start 1193: SpeciesBoundaryConditionTest.FixedValueActsAsDirichletInflowSource
1243/1821 Test  #620: CaseWriterTest.ThermalTurbulenceBuoyancyRoundTrip ........................................................   Passed    0.26 sec
          Start 1072: KEpsilonEquationTest.PureDiffusionConstantFieldGivesZeroResidual
1244/1821 Test #1134: SSTEquationTest.F1ApproachesZeroFarFromAWallWithLowViscosityRatio ........................................   Passed    0.25 sec
          Start 1171: SpeciesPropertiesTest.AllowsZeroDiffusivityForPureAdvection
1245/1821 Test  #653: ThermalCaseTest.ParsesThermalPropertiesWhenEnabled .......................................................   Passed    0.26 sec
          Start 1130: SSTEquationTest.CrossDiffusionSourceCanBeNegative
1246/1821 Test #1122: SSTEquationTest.BlendAtQuarterWeightingMatchesHandDerivedValue ...........................................   Passed    0.25 sec
          Start 1024: RegionAwareThermalDiffusionTest.MismatchedTemperatureSizeThrows
1247/1821 Test  #619: CaseWriterTest.ExplicitInitialConditionsRoundTrip ........................................................   Passed    0.25 sec
          Start  966: EnergyEquationConvectionTest.ConstantTemperatureWithDivergenceFreeFluxGivesZeroNetContribution
1248/1821 Test #1108: KOmegaModelTest.EffectiveViscosityEqualsMolecularPlusTurbulent ...........................................   Passed    0.24 sec
          Start  976: EnergyEquationAssemblyTest.RejectsNonFiniteHeatSource
1249/1821 Test #1086: KEpsilonModelTest.CorrectProducesPositiveFiniteFieldsForARealFlow ........................................   Passed    0.24 sec
          Start  675: TurbulenceCaseTest.ParsesSSTConfigWhenEnabled
1250/1821 Test #1180: SpeciesEquationDiffusionTest.MismatchedConcentrationSizeThrows ...........................................   Passed    0.25 sec
          Start  785: JSONWriterTest.ThermalEnabledIsFalseByDefault
1251/1821 Test  #947: ThermalPropertiesTest.StoresConductivityAndSpecificHeat ..................................................   Passed    0.25 sec
          Start 1095: KOmegaEquationTest.KSourceMatchesHandDerivedExample
1252/1821 Test #1194: SpeciesBoundaryConditionTest.ZeroGradientGivesNoDiffusiveFluxThroughAnImpermeableWall ....................   Passed    0.25 sec
          Start 1129: SSTEquationTest.CrossDiffusionSourceIsHalfWeightAtF1EqualsHalf
1253/1821 Test #1026: RegionAwareThermalDiffusionTest.RepeatedAssemblyIsDeterministic ..........................................   Passed    0.25 sec
          Start 1771: SpeciesDiffusionValidation.Grid80MatchesAnalyticalSlabProfile
1254/1821 Test  #949: ThermalPropertiesTest.RejectsZeroConductivity ............................................................   Passed    0.25 sec
          Start 1182: SpeciesEquationConvectionTest.BoundaryOutflowUsesOwnerUnknownNotBoundaryValue
1255/1821 Test #1106: KOmegaModelTest.CorrectProducesPositiveFiniteFieldsForARealFlow ..........................................   Passed    0.25 sec
          Start 1125: SSTEquationTest.CrossDiffusionCoefficientMatchesHandDerivedExample
1256/1821 Test  #353: WallOmegaTest.TypeAndNameAreSSTSpecific ..................................................................   Passed    0.20 sec
          Start  587: MomentumVariableViscosityTest.InternalFaceMatchesHandDerivedLinearMuValue
1257/1821 Test #1012: ThermalRegionMapTest.RejectsEmptyRegions .................................................................   Passed    0.20 sec
          Start  997: ThermalSolverTest.InvalidConfigurationForMismatchedMassFluxSize
1258/1821 Test #1193: SpeciesBoundaryConditionTest.FixedValueActsAsDirichletInflowSource .......................................   Passed    0.20 sec
          Start 1197: SpeciesSolverTest.ConvergesAndMatchesAnalytical1DDiffusionProfile
1259/1821 Test #1072: KEpsilonEquationTest.PureDiffusionConstantFieldGivesZeroResidual .........................................   Passed    0.20 sec
          Start  490: VectorGradientTest.UniformVelocityGivesZeroGradientEverywhere
1260/1821 Test #1171: SpeciesPropertiesTest.AllowsZeroDiffusivityForPureAdvection ..............................................   Passed    0.20 sec
          Start  526: MomentumDiffusionTest.NonFiniteOrNonPositiveEffectiveViscosityFieldThrows
1261/1821 Test #1130: SSTEquationTest.CrossDiffusionSourceCanBeNegative ........................................................   Passed    0.19 sec
          Start 1096: KOmegaModelTest.TurbulentViscosityMatchesHandDerivedExample
1262/1821 Test #1024: RegionAwareThermalDiffusionTest.MismatchedTemperatureSizeThrows ..........................................   Passed    0.20 sec
          Start  960: EnergyEquationDiffusionTest.ConstantTemperatureGivesZeroContributionEverywhere
1263/1821 Test  #966: EnergyEquationConvectionTest.ConstantTemperatureWithDivergenceFreeFluxGivesZeroNetContribution ...........   Passed    0.20 sec
          Start  589: MomentumVariableViscosityTest.StrongTemperatureContrastIncreasesLocalDiffusionAsymmetrically
1264/1821 Test  #976: EnergyEquationAssemblyTest.RejectsNonFiniteHeatSource ....................................................   Passed    0.20 sec
          Start  325: BoundaryConditionSetTest.ReplaceOverwritesExistingAssignment
1265/1821 Test  #675: TurbulenceCaseTest.ParsesSSTConfigWhenEnabled ............................................................   Passed    0.19 sec
          Start 1517: TransientMomentumPredictorProbeTest.PredictorVelocityIsFiniteFromRest
1266/1821 Test  #785: JSONWriterTest.ThermalEnabledIsFalseByDefault ............................................................   Passed    0.20 sec
          Start  979: EnergyEquationAssemblyTest.RepeatedAssemblyIsDeterministic
1267/1821 Test #1095: KOmegaEquationTest.KSourceMatchesHandDerivedExample ......................................................   Passed    0.20 sec
          Start  805: VTKWriterTest.NonFiniteTemperatureThrows
1268/1821 Test #1129: SSTEquationTest.CrossDiffusionSourceIsHalfWeightAtF1EqualsHalf ...........................................   Passed    0.21 sec
          Start 1770: SpeciesDiffusionValidation.Grid40MatchesAnalyticalSlabProfile
1269/1821 Test #1771: SpeciesDiffusionValidation.Grid80MatchesAnalyticalSlabProfile ............................................   Passed    0.22 sec
          Start 1011: ThermalRegionMapTest.ConstructsAndReportsCellRegions
1270/1821 Test #1182: SpeciesEquationConvectionTest.BoundaryOutflowUsesOwnerUnknownNotBoundaryValue ............................   Passed    0.21 sec
          Start 1077: KEpsilonModelTest.NameIsKEpsilon
1271/1821 Test #1125: SSTEquationTest.CrossDiffusionCoefficientMatchesHandDerivedExample .......................................   Passed    0.22 sec
          Start 1179: SpeciesEquationDiffusionTest.ZeroDiffusionCoefficientGivesZeroDiffusiveContribution
1272/1821 Test  #587: MomentumVariableViscosityTest.InternalFaceMatchesHandDerivedLinearMuValue ................................   Passed    0.22 sec
          Start 1192: SpeciesEquationAssemblyTest.RepeatedAssemblyIsDeterministic
1273/1821 Test  #997: ThermalSolverTest.InvalidConfigurationForMismatchedMassFluxSize ..........................................   Passed    0.22 sec
          Start 1133: SSTEquationTest.F1ApproachesOneVeryNearAWall
1274/1821 Test #1197: SpeciesSolverTest.ConvergesAndMatchesAnalytical1DDiffusionProfile ........................................   Passed    0.21 sec
          Start 1127: SSTEquationTest.CrossDiffusionSourceVanishesAtF1EqualsOne
1275/1821 Test  #490: VectorGradientTest.UniformVelocityGivesZeroGradientEverywhere ............................................   Passed    0.21 sec
          Start  983: EnergyEquationVariablePropertiesTest.DiffusionInternalFaceMatchesHandDerivedValue
1276/1821 Test  #526: MomentumDiffusionTest.NonFiniteOrNonPositiveEffectiveViscosityFieldThrows ................................   Passed    0.21 sec
          Start 1112: WallDistanceTest.InletOutletSymmetryAreNeverMistakenForWalls
1277/1821 Test #1096: KOmegaModelTest.TurbulentViscosityMatchesHandDerivedExample ..............................................   Passed    0.22 sec
          Start  524: MomentumDiffusionTest.NonUniformEffectiveViscosityChangesDiffusionCoefficients
1278/1821 Test  #960: EnergyEquationDiffusionTest.ConstantTemperatureGivesZeroContributionEverywhere ...........................   Passed    0.22 sec
          Start 1131: SSTEquationTest.F1RemainsBoundedAcrossRepresentativeStates
1279/1821 Test  #589: MomentumVariableViscosityTest.StrongTemperatureContrastIncreasesLocalDiffusionAsymmetrically .............   Passed    0.22 sec
          Start 1161: TurbulenceModelFactoryTest.KEpsilonOverloadRejectsUnsupportedModelNames
1280/1821 Test  #325: BoundaryConditionSetTest.ReplaceOverwritesExistingAssignment .............................................   Passed    0.21 sec
          Start 1104: KOmegaModelTest.TurbulentViscosityVanishesAsKVanishes
1281/1821 Test #1517: TransientMomentumPredictorProbeTest.PredictorVelocityIsFiniteFromRest ....................................   Passed    0.22 sec
          Start  615: CaseWriterTest.BasicCaseRoundTripsExactly
1282/1821 Test  #979: EnergyEquationAssemblyTest.RepeatedAssemblyIsDeterministic ...............................................   Passed    0.22 sec
          Start 1007: ThermalSolverVariablePropertiesTest.InvalidConfigurationForMismatchedTemperatureSize
1283/1821 Test  #805: VTKWriterTest.NonFiniteTemperatureThrows .................................................................   Passed    0.22 sec
          Start 1167: TurbulenceModelFactoryTest.SSTOverloadRejectsUnsupportedModelNames
1284/1821 Test #1770: SpeciesDiffusionValidation.Grid40MatchesAnalyticalSlabProfile ............................................   Passed    0.22 sec
          Start 1075: KEpsilonEquationTest.TransportEquationRejectsSizeMismatch
1285/1821 Test #1011: ThermalRegionMapTest.ConstructsAndReportsCellRegions .....................................................   Passed    0.22 sec
          Start 1066: KEpsilonEquationTest.EffectiveDiffusivityReducesToMolecularAsMuTVanishes
1286/1821 Test #1077: KEpsilonModelTest.NameIsKEpsilon .........................................................................   Passed    0.22 sec
          Start  962: EnergyEquationDiffusionTest.MismatchedTemperatureSizeThrows
1287/1821 Test #1179: SpeciesEquationDiffusionTest.ZeroDiffusionCoefficientGivesZeroDiffusiveContribution ......................   Passed    0.22 sec
          Start  961: EnergyEquationDiffusionTest.DiagonalIsFinitePositiveAndNonzero
1288/1821 Test #1192: SpeciesEquationAssemblyTest.RepeatedAssemblyIsDeterministic ..............................................   Passed    0.22 sec
          Start 1176: SpeciesEquationDiffusionTest.TwoCellSystemMatchesHandDerivedCoefficients
1289/1821 Test #1133: SSTEquationTest.F1ApproachesOneVeryNearAWall .............................................................   Passed    0.21 sec
          Start 1060: KEpsilonCoefficientsTest.DefaultsMatchStandardModel
1290/1821 Test #1127: SSTEquationTest.CrossDiffusionSourceVanishesAtF1EqualsOne ................................................   Passed    0.22 sec
          Start  959: EnergyEquationDiffusionTest.InternalFaceCoefficientsAreSymmetric
1291/1821 Test  #983: EnergyEquationVariablePropertiesTest.DiffusionInternalFaceMatchesHandDerivedValue ........................   Passed    0.23 sec
          Start  986: EnergyEquationVariablePropertiesTest.DiffusionMismatchedConductivityFieldSizeThrows
1292/1821 Test #1112: WallDistanceTest.InletOutletSymmetryAreNeverMistakenForWalls .............................................   Passed    0.21 sec
          Start  958: EnergyEquationDiffusionTest.TwoCellSystemMatchesHandDerivedCoefficients
1293/1821 Test  #524: MomentumDiffusionTest.NonUniformEffectiveViscosityChangesDiffusionCoefficients ...........................   Passed    0.23 sec
          Start 1422: PressureCorrectionTest.MismatchedReferenceCellThrows
1294/1821 Test #1131: SSTEquationTest.F1RemainsBoundedAcrossRepresentativeStates ...............................................   Passed    0.23 sec
          Start  224: SparseMatrixTest.RejectsNonZeroFirstRowOffset
1295/1821 Test #1161: TurbulenceModelFactoryTest.KEpsilonOverloadRejectsUnsupportedModelNames ..................................   Passed    0.23 sec
          Start 1297: ProjectRunnerTest.MissingCaseDirectoryReportsInvalidCase
1296/1821 Test #1104: KOmegaModelTest.TurbulentViscosityVanishesAsKVanishes ....................................................   Passed    0.23 sec
          Start 1126: SSTEquationTest.CrossDiffusionCoefficientClampsNegativeDotProduct
1297/1821 Test  #615: CaseWriterTest.BasicCaseRoundTripsExactly ................................................................   Passed    0.23 sec
          Start 1511: TransientMomentumTermTest.RejectsSizeMismatch
1298/1821 Test #1007: ThermalSolverVariablePropertiesTest.InvalidConfigurationForMismatchedTemperatureSize .....................   Passed    0.23 sec
          Start  977: EnergyEquationAssemblyTest.NonFiniteTemperatureAtGradientBoundaryThrowsNumericalError
1299/1821 Test #1167: TurbulenceModelFactoryTest.SSTOverloadRejectsUnsupportedModelNames .......................................   Passed    0.23 sec
          Start 1522: TransientPressureCorrectionTest.TwoCellProbeWithTransientDiagonalMatchesHandDerivation
1300/1821 Test #1075: KEpsilonEquationTest.TransportEquationRejectsSizeMismatch ................................................   Passed    0.23 sec
          Start 1191: SpeciesEquationAssemblyTest.NonFiniteConcentrationAtGradientBoundaryThrowsNumericalError
1301/1821 Test #1066: KEpsilonEquationTest.EffectiveDiffusivityReducesToMolecularAsMuTVanishes .................................   Passed    0.23 sec
          Start  984: EnergyEquationVariablePropertiesTest.DiffusionBoundaryFaceUsesOwnerConductivityDirectly
1302/1821 Test  #962: EnergyEquationDiffusionTest.MismatchedTemperatureSizeThrows ..............................................   Passed    0.23 sec
          Start 1271: CompressibleMassFluxTest.UniformDensityMatchesIncompressibleMassFluxExactly
1303/1821 Test  #961: EnergyEquationDiffusionTest.DiagonalIsFinitePositiveAndNonzero ...........................................   Passed    0.23 sec
          Start 1178: SpeciesEquationDiffusionTest.ConstantConcentrationGivesZeroContributionEverywhere
1304/1821 Test #1176: SpeciesEquationDiffusionTest.TwoCellSystemMatchesHandDerivedCoefficients .................................   Passed    0.24 sec
          Start 1518: TransientMomentumPredictorProbeTest.PredictorFluxIsFiniteAndRespectsWallImpermeability
1305/1821 Test #1060: KEpsilonCoefficientsTest.DefaultsMatchStandardModel ......................................................   Passed    0.24 sec
          Start  982: EnergyEquationVariablePropertiesTest.DiffusionUniformFieldMatchesScalarOverloadExactly
1306/1821 Test  #959: EnergyEquationDiffusionTest.InternalFaceCoefficientsAreSymmetric .........................................   Passed    0.25 sec
          Start 1144: SSTModelTest.FieldsSizedToMeshAtConstruction
1307/1821 Test  #986: EnergyEquationVariablePropertiesTest.DiffusionMismatchedConductivityFieldSizeThrows ......................   Passed    0.26 sec
          Start 1514: TransientMomentumAssemblyTest.RejectsVelocityPressureSizeMismatch
1308/1821 Test  #958: EnergyEquationDiffusionTest.TwoCellSystemMatchesHandDerivedCoefficients ..................................   Passed    0.25 sec
          Start 1525: TransientPressureCorrectionTest.RepeatedPipelineRunIsBitIdentical
1309/1821 Test #1422: PressureCorrectionTest.MismatchedReferenceCellThrows .....................................................   Passed    0.25 sec
          Start 1114: WallDistanceTest.RejectsNoWallPatches
1310/1821 Test  #224: SparseMatrixTest.RejectsNonZeroFirstRowOffset ............................................................   Passed    0.25 sec
          Start 1515: TransientMomentumAssemblyTest.RejectsMassFluxSizeMismatch
1311/1821 Test #1297: ProjectRunnerTest.MissingCaseDirectoryReportsInvalidCase .................................................   Passed    0.25 sec
          Start 1128: SSTEquationTest.CrossDiffusionSourceIsFullWeightAtF1EqualsZero
1312/1821 Test #1126: SSTEquationTest.CrossDiffusionCoefficientClampsNegativeDotProduct ........................................   Passed    0.26 sec
          Start  892: TransientSolverTest.DtSequenceMatchesTimeControllerIncludingShortenedFinalStep
1313/1821 Test #1511: TransientMomentumTermTest.RejectsSizeMismatch ............................................................   Passed    0.25 sec
          Start 1516: TransientMomentumAssemblyTest.RejectsNonPositiveOrNonFiniteDt
1314/1821 Test  #977: EnergyEquationAssemblyTest.NonFiniteTemperatureAtGradientBoundaryThrowsNumericalError ....................   Passed    0.25 sec
          Start 1513: TransientMomentumAssemblyTest.DiagonalIncludesExactTransientCoefficient
1315/1821 Test #1522: TransientPressureCorrectionTest.TwoCellProbeWithTransientDiagonalMatchesHandDerivation ...................   Passed    0.26 sec
          Start  311: MovingWallTest.CavityTopWallIsImpermeableAndTangential
1316/1821 Test #1191: SpeciesEquationAssemblyTest.NonFiniteConcentrationAtGradientBoundaryThrowsNumericalError .................   Passed    0.25 sec
          Start  625: CaseValidationTest.UnsupportedMeshTypeIsRejected
1317/1821 Test  #984: EnergyEquationVariablePropertiesTest.DiffusionBoundaryFaceUsesOwnerConductivityDirectly ..................   Passed    0.25 sec
          Start 1524: TransientPressureCorrectionTest.PreviousStateAndInputsAreNotMutatedByThePipeline
1318/1821 Test #1271: CompressibleMassFluxTest.UniformDensityMatchesIncompressibleMassFluxExactly ..............................   Passed    0.25 sec
          Start 1509: TransientMomentumTermTest.RhsGetsSourceContributionAddedExactly
1319/1821 Test #1178: SpeciesEquationDiffusionTest.ConstantConcentrationGivesZeroContributionEverywhere ........................   Passed    0.25 sec
          Start 1519: TransientMomentumPredictorProbeTest.RepeatedPredictorSolveIsBitIdentical
1320/1821 Test #1518: TransientMomentumPredictorProbeTest.PredictorFluxIsFiniteAndRespectsWallImpermeability ...................   Passed    0.25 sec
          Start  897: TransientSolverTest.InvalidConfigurationFromStepperPropagates
1321/1821 Test  #982: EnergyEquationVariablePropertiesTest.DiffusionUniformFieldMatchesScalarOverloadExactly ...................   Passed    0.24 sec
          Start 1772: SpeciesDiffusionValidation.GlobalDiffusiveFluxBalanceIsExact
1322/1821 Test #1144: SSTModelTest.FieldsSizedToMeshAtConstruction .............................................................   Passed    0.23 sec
          Start  525: MomentumDiffusionTest.MismatchedEffectiveViscosityFieldSizeThrows
1323/1821 Test #1514: TransientMomentumAssemblyTest.RejectsVelocityPressureSizeMismatch ........................................   Passed    0.22 sec
          Start 1446: SIMPLEFailureTest.OutOfRangeReferenceCellReportsInvalidConfiguration
1324/1821 Test #1525: TransientPressureCorrectionTest.RepeatedPipelineRunIsBitIdentical ........................................   Passed    0.22 sec
          Start 1508: TransientMomentumTermTest.DiagonalGetsTimeCoefficientAddedExactly
1325/1821 Test #1114: WallDistanceTest.RejectsNoWallPatches ....................................................................   Passed    0.21 sec
          Start  900: TransientSolverTest.RejectsNonPositiveOrNonFiniteCflFailAbove
1326/1821 Test #1515: TransientMomentumAssemblyTest.RejectsMassFluxSizeMismatch ................................................   Passed    0.21 sec
          Start 1425: PressureCorrectionTest.OpenBoundaryDoesNotForceReferenceCellRow
1327/1821 Test #1128: SSTEquationTest.CrossDiffusionSourceIsFullWeightAtF1EqualsZero ...........................................   Passed    0.20 sec
          Start  893: TransientSolverTest.MaxTimeStepsStopsBeforeReachingEndTime
1328/1821 Test  #892: TransientSolverTest.DtSequenceMatchesTimeControllerIncludingShortenedFinalStep ...........................   Passed    0.20 sec
          Start  498: FluidPropertiesTest.RejectsZeroDensity
1329/1821 Test #1516: TransientMomentumAssemblyTest.RejectsNonPositiveOrNonFiniteDt ............................................   Passed    0.19 sec
          Start  242: CGTest.IdentityMatrixSolvesImmediately
1330/1821 Test #1513: TransientMomentumAssemblyTest.DiagonalIncludesExactTransientCoefficient ..................................   Passed    0.20 sec
          Start  516: ContinuityEquationTest.NonSolenoidalFieldIsDetected
1331/1821 Test  #311: MovingWallTest.CavityTopWallIsImpermeableAndTangential ...................................................   Passed    0.19 sec
          Start  197: FieldArithmetic.ScalarFieldMismatchLeavesOperandUnchanged
1332/1821 Test  #625: CaseValidationTest.UnsupportedMeshTypeIsRejected .........................................................   Passed    0.19 sec
          Start  208: AlgebraVector.ScalarDivision
1333/1821 Test #1524: TransientPressureCorrectionTest.PreviousStateAndInputsAreNotMutatedByThePipeline .........................   Passed    0.19 sec
          Start  885: CFLTest.MaxMeanAndMaxCellForNonUniformFlux
1334/1821 Test #1509: TransientMomentumTermTest.RhsGetsSourceContributionAddedExactly ..........................................   Passed    0.19 sec
          Start 1512: TransientMomentumAssemblyTest.PreviousComponentValueIsNotMutated
1335/1821 Test #1519: TransientMomentumPredictorProbeTest.RepeatedPredictorSolveIsBitIdentical .................................   Passed    0.19 sec
          Start   49: MeshBoundaryPatch.AllowsEmptyFaceList
1336/1821 Test  #897: TransientSolverTest.InvalidConfigurationFromStepperPropagates ............................................   Passed    0.19 sec
          Start  782: JSONWriterTest.FinalResidualsAndMassImbalanceAreCorrect
1337/1821 Test #1772: SpeciesDiffusionValidation.GlobalDiffusiveFluxBalanceIsExact .............................................   Passed    0.18 sec
          Start  180: ScalarFieldTest.ElementwiseSubtraction
1338/1821 Test  #525: MomentumDiffusionTest.MismatchedEffectiveViscosityFieldSizeThrows ........................................   Passed    0.19 sec
          Start  883: CFLTest.HalvingDtHalvesCFL
1339/1821 Test #1446: SIMPLEFailureTest.OutOfRangeReferenceCellReportsInvalidConfiguration .....................................   Passed    0.19 sec
          Start  890: CFLTest.RepeatedCallsAreDeterministic
1340/1821 Test #1508: TransientMomentumTermTest.DiagonalGetsTimeCoefficientAddedExactly ........................................   Passed    0.19 sec
          Start  797: VTKWriterTest.CellDataSectionHasPressureVelocityThenMagnitudeInOrder
1341/1821 Test  #900: TransientSolverTest.RejectsNonPositiveOrNonFiniteCflFailAbove ............................................   Passed    0.20 sec
          Start 1510: TransientMomentumTermTest.OffDiagonalCoefficientsAreUnchanged
1342/1821 Test #1425: PressureCorrectionTest.OpenBoundaryDoesNotForceReferenceCellRow ..........................................   Passed    0.20 sec
          Start  882: CFLTest.ZeroVelocityGivesZeroCFL
1343/1821 Test  #893: TransientSolverTest.MaxTimeStepsStopsBeforeReachingEndTime ...............................................   Passed    0.20 sec
          Start  606: CaseReaderTest.MissingCaseDirectoryThrowsIOError
1344/1821 Test  #498: FluidPropertiesTest.RejectsZeroDensity ...................................................................   Passed    0.20 sec
          Start  901: TransientSolverTest.RepeatedRunsAreDeterministic
1345/1821 Test  #242: CGTest.IdentityMatrixSolvesImmediately ...................................................................   Passed    0.20 sec
          Start  898: TransientSolverTest.CatchesNonFiniteStateEvenWhenStepperClaimsConverged
1346/1821 Test  #516: ContinuityEquationTest.NonSolenoidalFieldIsDetected ......................................................   Passed    0.20 sec
          Start  887: CFLTest.RejectsNonPositiveDt
1347/1821 Test  #197: FieldArithmetic.ScalarFieldMismatchLeavesOperandUnchanged ................................................   Passed    0.20 sec
          Start  796: VTKWriterTest.CellCountAndConnectivityAreCorrectFor2x2
1348/1821 Test  #208: AlgebraVector.ScalarDivision .............................................................................   Passed    0.21 sec
          Start   53: Mesh.BoundaryPatchLookupByName
1349/1821 Test  #885: CFLTest.MaxMeanAndMaxCellForNonUniformFlux ...............................................................   Passed    0.21 sec
          Start 1420: PressureCorrectionTest.NonReferenceRowsConserveConstantInput
1350/1821 Test #1512: TransientMomentumAssemblyTest.PreviousComponentValueIsNotMutated .........................................   Passed    0.22 sec
          Start  612: CaseReaderTest.ManifestCanReferenceAlternativeFilenames
1351/1821 Test   #49: MeshBoundaryPatch.AllowsEmptyFaceList ....................................................................   Passed    0.22 sec
          Start  899: TransientSolverTest.StepExceedingCflFailAboveIsRejected
1352/1821 Test  #782: JSONWriterTest.FinalResidualsAndMassImbalanceAreCorrect ..................................................   Passed    0.22 sec
          Start 1449: SIMPLEDeterminismTest.RepeatedSolveIsBitIdentical
1353/1821 Test  #180: ScalarFieldTest.ElementwiseSubtraction ...................................................................   Passed    0.23 sec
          Start  869: TimeControllerTest.ReachedEndTimeDistinguishesCompletionFromMaxSteps
1354/1821 Test  #883: CFLTest.HalvingDtHalvesCFL ...............................................................................   Passed    0.23 sec
          Start  894: TransientSolverTest.FailedStepIsNotAcceptedAndStopsTheRun
1355/1821 Test  #890: CFLTest.RepeatedCallsAreDeterministic ....................................................................   Passed    0.23 sec
          Start  896: TransientSolverTest.StepReportedNonFiniteStatePropagates
1356/1821 Test  #797: VTKWriterTest.CellDataSectionHasPressureVelocityThenMagnitudeInOrder .....................................   Passed    0.22 sec
          Start  884: CFLTest.DoublingVelocityDoublesCFL
1357/1821 Test #1510: TransientMomentumTermTest.OffDiagonalCoefficientsAreUnchanged ............................................   Passed    0.22 sec
          Start  895: TransientSolverTest.PressureCorrectionFailurePropagates
1358/1821 Test  #882: CFLTest.ZeroVelocityGivesZeroCFL .........................................................................   Passed    0.21 sec
          Start  888: CFLTest.RejectsNonFiniteDt
1359/1821 Test  #606: CaseReaderTest.MissingCaseDirectoryThrowsIOError .........................................................   Passed    0.22 sec
          Start  889: CFLTest.RejectsNonFiniteOrNonPositiveDensity
1360/1821 Test  #901: TransientSolverTest.RepeatedRunsAreDeterministic .........................................................   Passed    0.21 sec
          Start  881: CFLTest.ExactValueForOneDEquivalentCase
1361/1821 Test  #898: TransientSolverTest.CatchesNonFiniteStateEvenWhenStepperClaimsConverged ..................................   Passed    0.22 sec
          Start  648: CaseBuilderTest.BuildsExpectedMeshFluidAndInitialFields
1362/1821 Test  #887: CFLTest.RejectsNonPositiveDt .............................................................................   Passed    0.23 sec
          Start  891: TransientSolverTest.CompletesAndThreadsStateThroughEveryStep
1363/1821 Test  #796: VTKWriterTest.CellCountAndConnectivityAreCorrectFor2x2 ...................................................   Passed    0.23 sec
          Start  226: SparseMatrixTest.RejectsOutOfRangeColumn
1364/1821 Test   #53: Mesh.BoundaryPatchLookupByName ...........................................................................   Passed    0.22 sec
          Start  886: CFLTest.RejectsFaceFluxSizeMismatch
1365/1821 Test #1420: PressureCorrectionTest.NonReferenceRowsConserveConstantInput .............................................   Passed    0.21 sec
          Start  196: FieldArithmetic.ScalarFieldRejectsSizeMismatch
1366/1821 Test  #612: CaseReaderTest.ManifestCanReferenceAlternativeFilenames ..................................................   Passed    0.21 sec
          Start  487: TimeDerivativeTest.RejectsNonFiniteDeltaT
1367/1821 Test  #899: TransientSolverTest.StepExceedingCflFailAboveIsRejected ..................................................   Passed    0.22 sec
          Start  484: TimeDerivativeTest.RejectsFieldSizeMismatch
1368/1821 Test #1449: SIMPLEDeterminismTest.RepeatedSolveIsBitIdentical ........................................................   Passed    0.20 sec
          Start  486: TimeDerivativeTest.RejectsNonFiniteOrNonPositiveDensity
1369/1821 Test  #869: TimeControllerTest.ReachedEndTimeDistinguishesCompletionFromMaxSteps .....................................   Passed    0.21 sec
          Start  207: AlgebraVector.ScalarMultiplicationBothOrders
1370/1821 Test  #894: TransientSolverTest.FailedStepIsNotAcceptedAndStopsTheRun ................................................   Passed    0.21 sec
          Start 1408: SIMPLESettingsTest.RejectsNonFiniteContinuityTolerance
1371/1821 Test  #896: TransientSolverTest.StepReportedNonFiniteStatePropagates .................................................   Passed    0.22 sec
          Start  366: GradientTest.PhiXGivesGradientOneZero
1372/1821 Test  #884: CFLTest.DoublingVelocityDoublesCFL .......................................................................   Passed    0.22 sec
          Start  488: TimeDerivativeTest.ImplicitEulerOdeConvergesAtFirstOrder
1373/1821 Test  #895: TransientSolverTest.PressureCorrectionFailurePropagates ..................................................   Passed    0.22 sec
          Start  651: CaseBuilderTest.SolvedResultMatchesManualSetupBitForBit
1374/1821 Test  #888: CFLTest.RejectsNonFiniteDt ...............................................................................   Passed    0.23 sec
          Start  170: Field.CheckedAccessWorksInRange
1375/1821 Test  #889: CFLTest.RejectsNonFiniteOrNonPositiveDensity .............................................................   Passed    0.23 sec
          Start  482: TimeDerivativeTest.DifferentVolumesScaleDiagonalAndSourceIndependently
1376/1821 Test  #881: CFLTest.ExactValueForOneDEquivalentCase ..................................................................   Passed    0.22 sec
          Start   17: CoreConstants.ToleranceOrdering
1377/1821 Test  #648: CaseBuilderTest.BuildsExpectedMeshFluidAndInitialFields ..................................................   Passed    0.22 sec
          Start  485: TimeDerivativeTest.RejectsNonPositiveDeltaT
1378/1821 Test  #891: TransientSolverTest.CompletesAndThreadsStateThroughEveryStep .............................................   Passed    0.22 sec
          Start  513: ContinuityEquationTest.UniformChannelHasLocalBalanceEverywhere
1379/1821 Test  #226: SparseMatrixTest.RejectsOutOfRangeColumn .................................................................   Passed    0.22 sec
          Start  509: MassFluxTest.ChannelMassBalanceExample
1380/1821 Test  #886: CFLTest.RejectsFaceFluxSizeMismatch ......................................................................   Passed    0.22 sec
          Start  218: SparseMatrixTest.MultiplyRejectsSizeMismatch
1381/1821 Test  #196: FieldArithmetic.ScalarFieldRejectsSizeMismatch ...........................................................   Passed    0.23 sec
          Start  168: Field.InitializedConstructionFillsValue
1382/1821 Test  #487: TimeDerivativeTest.RejectsNonFiniteDeltaT ................................................................   Passed    0.23 sec
          Start  246: CGTest.ZeroRhsConvergesImmediately
1383/1821 Test  #484: TimeDerivativeTest.RejectsFieldSizeMismatch ..............................................................   Passed    0.24 sec
          Start  212: AlgebraVector.SizeMismatchRejected
1384/1821 Test  #486: TimeDerivativeTest.RejectsNonFiniteOrNonPositiveDensity ..................................................   Passed    0.23 sec
          Start 1407: SIMPLESettingsTest.RejectsNegativePressureTolerance
1385/1821 Test  #207: AlgebraVector.ScalarMultiplicationBothOrders .............................................................   Passed    0.23 sec
          Start  874: TimeControllerTest.RejectsNonFiniteInputs
1386/1821 Test #1408: SIMPLESettingsTest.RejectsNonFiniteContinuityTolerance ...................................................   Passed    0.24 sec
          Start 1401: SIMPLESettingsTest.RejectsZeroVelocityRelaxation
1387/1821 Test  #366: GradientTest.PhiXGivesGradientOneZero ....................................................................   Passed    0.23 sec
          Start  481: TimeDerivativeTest.ExactCoefficientsForSingleCell
1388/1821 Test  #488: TimeDerivativeTest.ImplicitEulerOdeConvergesAtFirstOrder .................................................   Passed    0.23 sec
          Start  171: Field.CheckedAccessThrowsOutOfRange
1389/1821 Test  #651: CaseBuilderTest.SolvedResultMatchesManualSetupBitForBit ..................................................   Passed    0.22 sec
          Start  483: TimeDerivativeTest.PreviousFieldIsNotMutated
1390/1821 Test  #170: Field.CheckedAccessWorksInRange ..........................................................................   Passed    0.23 sec
          Start  211: AlgebraVector.Norms
1391/1821 Test  #482: TimeDerivativeTest.DifferentVolumesScaleDiagonalAndSourceIndependently ...................................   Passed    0.23 sec
          Start  326: BoundaryConditionSetTest.MissingPatchesReportsUnassignedPatches
1392/1821 Test   #17: CoreConstants.ToleranceOrdering ..........................................................................   Passed    0.22 sec
          Start  868: TimeControllerTest.MaximumStepTerminationStopsBeforeEndTime
1393/1821 Test  #485: TimeDerivativeTest.RejectsNonPositiveDeltaT ..............................................................   Passed    0.22 sec
          Start  166: Field.DefaultConstructionIsEmpty
1394/1821 Test  #513: ContinuityEquationTest.UniformChannelHasLocalBalanceEverywhere ...........................................   Passed    0.22 sec
          Start   39: MeshCell.StoresIdCentroidAndVolume
1395/1821 Test  #509: MassFluxTest.ChannelMassBalanceExample ...................................................................   Passed    0.22 sec
          Start  316: InletTest.RejectsNonFiniteVelocity
1396/1821 Test  #218: SparseMatrixTest.MultiplyRejectsSizeMismatch .............................................................   Passed    0.22 sec
          Start  174: Field.FillOverwritesAllElements
1397/1821 Test  #168: Field.InitializedConstructionFillsValue ..................................................................   Passed    0.24 sec
          Start  216: SparseMatrixTest.BuilderDropsExactZeroSums
1398/1821 Test  #246: CGTest.ZeroRhsConvergesImmediately .......................................................................   Passed    0.31 sec
          Start  530: MomentumConvectionTest.ConstantFieldGivesZeroNetContribution
1399/1821 Test  #212: AlgebraVector.SizeMismatchRejected .......................................................................   Passed    0.32 sec
          Start  537: MomentumPressureTest.AddingConstantToPressureDoesNotChangeSource
1400/1821 Test #1407: SIMPLESettingsTest.RejectsNegativePressureTolerance ......................................................   Passed    0.32 sec
          Start 1411: MomentumPredictorRelaxationTest.RelaxedSourceMatchesDerivationExactly
1401/1821 Test  #874: TimeControllerTest.RejectsNonFiniteInputs ................................................................   Passed    0.32 sec
          Start 1400: SIMPLESettingsTest.RejectsZeroMaxIterations
1402/1821 Test #1401: SIMPLESettingsTest.RejectsZeroVelocityRelaxation .........................................................   Passed    0.32 sec
          Start  319: SymmetryTest.RightPlaneRemovesNormalComponent
1403/1821 Test  #481: TimeDerivativeTest.ExactCoefficientsForSingleCell ........................................................   Passed    0.32 sec
          Start  425: ConvectionTest.BoundaryInflowUsesGhostReflectedValue
1404/1821 Test  #171: Field.CheckedAccessThrowsOutOfRange ......................................................................   Passed    0.30 sec
          Start  872: TimeControllerTest.RejectsEndTimeBeforeStartTime
1405/1821 Test  #483: TimeDerivativeTest.PreviousFieldIsNotMutated .............................................................   Passed    0.31 sec
          Start  626: CaseValidationTest.ZeroNxIsRejected
1406/1821 Test  #211: AlgebraVector.Norms ......................................................................................   Passed    0.30 sec
          Start  315: InletTest.InflowDotProductWithOutwardNormalIsNegative
1407/1821 Test  #326: BoundaryConditionSetTest.MissingPatchesReportsUnassignedPatches ..........................................   Passed    0.34 sec
          Start  613: CaseReaderTest.UnsupportedFormatVersionThrowsCaseConfigurationError
1408/1821 Test  #868: TimeControllerTest.MaximumStepTerminationStopsBeforeEndTime ..............................................   Passed    0.35 sec
          Start  206: AlgebraVector.Subtraction
1409/1821 Test  #166: Field.DefaultConstructionIsEmpty .........................................................................   Passed    0.35 sec
          Start   42: MeshCell.RejectsNonFiniteGeometry
1410/1821 Test   #39: MeshCell.StoresIdCentroidAndVolume .......................................................................   Passed    0.35 sec
          Start  541: MomentumAssemblyTest.CavityAssemblyIsFiniteWithLidForcingOnUOnly
1411/1821 Test  #316: InletTest.RejectsNonFiniteVelocity .......................................................................   Passed    0.35 sec
          Start 1442: SIMPLEFailureTest.PressureSolverTooFewIterationsReportsPressureCorrectionFailure
1412/1821 Test  #174: Field.FillOverwritesAllElements ..........................................................................   Passed    0.34 sec
          Start 1437: SIMPLEContinuityTest.GlobalMassImbalanceStaysNearZeroForClosedDomain
1413/1821 Test  #216: SparseMatrixTest.BuilderDropsExactZeroSums ...............................................................   Passed    0.25 sec
          Start  637: CaseValidationTest.WallWithUnexpectedVelocityValueIsRejected
1414/1821 Test  #530: MomentumConvectionTest.ConstantFieldGivesZeroNetContribution .............................................   Passed    0.25 sec
          Start  767: CSVWriterTest.WriteResidualsInconsistentHistoryLengthsThrows
1415/1821 Test  #537: MomentumPressureTest.AddingConstantToPressureDoesNotChangeSource .........................................   Passed    0.25 sec
          Start  764: CSVWriterTest.WriteResidualsHeaderAndRowCount
1416/1821 Test #1411: MomentumPredictorRelaxationTest.RelaxedSourceMatchesDerivationExactly ....................................   Passed    0.25 sec
          Start 1426: VelocityCorrectionTest.ConstantPressureCorrectionGivesZeroVelocityCorrection
1417/1821 Test #1400: SIMPLESettingsTest.RejectsZeroMaxIterations ..............................................................   Passed    0.25 sec
          Start  368: GradientTest.QuadraticFieldMatchesAnalyticalGradient
1418/1821 Test  #319: SymmetryTest.RightPlaneRemovesNormalComponent ............................................................   Passed    0.25 sec
          Start  871: TimeControllerTest.RejectsNonPositiveDeltaT
1419/1821 Test  #425: ConvectionTest.BoundaryInflowUsesGhostReflectedValue .....................................................   Passed    0.25 sec
          Start  322: SymmetryTest.RejectsNonUnitNormal
1420/1821 Test  #872: TimeControllerTest.RejectsEndTimeBeforeStartTime .........................................................   Passed    0.25 sec
          Start  510: MassFluxTest.MismatchedVelocitySizeThrows
1421/1821 Test  #626: CaseValidationTest.ZeroNxIsRejected ......................................................................   Passed    0.25 sec
          Start  177: ScalarFieldTest.MutationIsIndependentAfterCopy
1422/1821 Test  #315: InletTest.InflowDotProductWithOutwardNormalIsNegative ....................................................   Passed    0.24 sec
          Start  870: TimeControllerTest.AdvanceAfterFinishedThrows
1423/1821 Test  #613: CaseReaderTest.UnsupportedFormatVersionThrowsCaseConfigurationError ......................................   Passed    0.20 sec
          Start  247: CGTest.ExactInitialGuessConvergesAtIterationZero
1424/1821 Test  #206: AlgebraVector.Subtraction ................................................................................   Passed    0.20 sec
          Start  780: JSONWriterTest.SolverStatusAndIterationsAreCorrect
1425/1821 Test   #42: MeshCell.RejectsNonFiniteGeometry ........................................................................   Passed    0.20 sec
          Start   29: CoreTimer.ElapsedTimeIncreases
1426/1821 Test  #541: MomentumAssemblyTest.CavityAssemblyIsFiniteWithLidForcingOnUOnly .........................................   Passed    0.20 sec
          Start  778: JSONWriterTest.RequiredKeysExist
1427/1821 Test #1442: SIMPLEFailureTest.PressureSolverTooFewIterationsReportsPressureCorrectionFailure .........................   Passed    0.20 sec
          Start  862: TimeControllerTest.StepCounterIncrementsOncePerAdvance
1428/1821 Test #1437: SIMPLEContinuityTest.GlobalMassImbalanceStaysNearZeroForClosedDomain .....................................   Passed    0.20 sec
          Start   16: CoreConstants.DerivedAnglesAreConsistent
1429/1821 Test  #637: CaseValidationTest.WallWithUnexpectedVelocityValueIsRejected .............................................   Passed    0.19 sec
          Start   58: MeshGeometry.OwnerNeighborDistanceRejectsBoundaryFace
1430/1821 Test  #767: CSVWriterTest.WriteResidualsInconsistentHistoryLengthsThrows .............................................   Passed    0.20 sec
          Start  210: AlgebraVector.DotProduct
1431/1821 Test  #764: CSVWriterTest.WriteResidualsHeaderAndRowCount ............................................................   Passed    0.19 sec
          Start  863: TimeControllerTest.FinalStepIsShortenedToLandExactlyOnEndTime
1432/1821 Test #1426: VelocityCorrectionTest.ConstantPressureCorrectionGivesZeroVelocityCorrection .............................   Passed    0.19 sec
          Start  254: BiCGSTABTest.MaxIterationsReportsFailureNotSuccess
1433/1821 Test  #368: GradientTest.QuadraticFieldMatchesAnalyticalGradient .....................................................   Passed    0.19 sec
          Start   26: LoggerTest.MessagesBelowLevelAreFiltered
1434/1821 Test  #871: TimeControllerTest.RejectsNonPositiveDeltaT ..............................................................   Passed    0.19 sec
          Start   25: LoggerTest.MessagesAtOrAboveLevelAreEmittedWithPrefix
1435/1821 Test  #322: SymmetryTest.RejectsNonUnitNormal ........................................................................   Passed    0.19 sec
          Start   24: LoggerTest.LevelCanBeChanged
1436/1821 Test  #510: MassFluxTest.MismatchedVelocitySizeThrows ................................................................   Passed    0.19 sec
          Start  175: Field.CopyIsIndependent
1437/1821 Test  #177: ScalarFieldTest.MutationIsIndependentAfterCopy ...........................................................   Passed    0.19 sec
          Start  183: ScalarFieldTest.DivisionByZeroThrows
1438/1821 Test  #870: TimeControllerTest.AdvanceAfterFinishedThrows ............................................................   Passed    0.19 sec
          Start   91: CartesianMesh.OneByOne
1439/1821 Test  #247: CGTest.ExactInitialGuessConvergesAtIterationZero .........................................................   Passed    0.18 sec
          Start  861: TimeControllerTest.NormalSteppingUsesNominalDeltaT
1440/1821 Test  #780: JSONWriterTest.SolverStatusAndIterationsAreCorrect .......................................................   Passed    0.19 sec
          Start  204: AlgebraVector.ConstructionAndInitialization
1441/1821 Test   #29: CoreTimer.ElapsedTimeIncreases ...........................................................................   Passed    0.18 sec
          Start  634: CaseValidationTest.MissingBoundaryPatchIsRejected
1442/1821 Test  #778: JSONWriterTest.RequiredKeysExist .........................................................................   Passed    0.19 sec
          Start  178: ScalarFieldTest.Fill
1443/1821 Test  #862: TimeControllerTest.StepCounterIncrementsOncePerAdvance ...................................................   Passed    0.19 sec
          Start  172: Field.IterationVisitsEveryElement
1444/1821 Test   #16: CoreConstants.DerivedAnglesAreConsistent .................................................................   Passed    0.20 sec
          Start  198: FieldArithmetic.VectorFieldRejectsSizeMismatch
1445/1821 Test   #58: MeshGeometry.OwnerNeighborDistanceRejectsBoundaryFace ....................................................   Passed    0.19 sec
          Start   15: CoreConstants.PiIsCorrect
1446/1821 Test  #210: AlgebraVector.DotProduct .................................................................................   Passed    0.19 sec
          Start  213: AlgebraVector.AllFiniteDetection
1447/1821 Test  #863: TimeControllerTest.FinalStepIsShortenedToLandExactlyOnEndTime ............................................   Passed    0.19 sec
          Start 1427: VelocityCorrectionTest.LinearPressureCorrectionGivesExpectedComponentwiseCorrection
1448/1821 Test  #254: BiCGSTABTest.MaxIterationsReportsFailureNotSuccess .......................................................   Passed    0.19 sec
          Start  875: TimeControllerTest.RepeatedRunsAreBitIdentical
1449/1821 Test   #26: LoggerTest.MessagesBelowLevelAreFiltered .................................................................   Passed    0.19 sec
          Start  646: CaseValidationTest.UnsupportedLinearSolverTypeIsRejected
1450/1821 Test   #25: LoggerTest.MessagesAtOrAboveLevelAreEmittedWithPrefix ....................................................   Passed    0.19 sec
          Start  241: CGTest.SolvesThreeByThreeSpdSystem
1451/1821 Test   #24: LoggerTest.LevelCanBeChanged .............................................................................   Passed    0.19 sec
          Start  798: VTKWriterTest.ZCoordinateIsAlwaysZeroFor2DMesh
1452/1821 Test  #175: Field.CopyIsIndependent ..................................................................................   Passed    0.19 sec
          Start  302: FixedValueTest.BoundaryValueIgnoresOwnerValue
1453/1821 Test  #183: ScalarFieldTest.DivisionByZeroThrows .....................................................................   Passed    0.19 sec
          Start  515: ContinuityEquationTest.DivergenceFreeRotationalFieldGivesNearZeroImbalance
1454/1821 Test   #91: CartesianMesh.OneByOne ...................................................................................   Passed    0.20 sec
          Start 1431: VelocityCorrectionTest.MismatchedSizeThrows
1455/1821 Test  #861: TimeControllerTest.NormalSteppingUsesNominalDeltaT .......................................................   Passed    0.20 sec
          Start  195: SurfaceFieldTest.SizeMatchesTwoByTwoMeshFaceCount
1456/1821 Test  #204: AlgebraVector.ConstructionAndInitialization ..............................................................   Passed    0.20 sec
          Start  228: SparseMatrixTest.RejectsNonFiniteValues
1457/1821 Test  #634: CaseValidationTest.MissingBoundaryPatchIsRejected ........................................................   Passed    0.19 sec
          Start  308: FixedGradientTest.RejectsInvalidDistance
1458/1821 Test  #178: ScalarFieldTest.Fill .....................................................................................   Passed    0.19 sec
          Start 1403: SIMPLESettingsTest.RejectsVelocityRelaxationAboveOne
1459/1821 Test  #172: Field.IterationVisitsEveryElement ........................................................................   Passed    0.19 sec
          Start  220: SparseMatrixTest.DiagonalLookupThrowsWhenMissing
1460/1821 Test  #198: FieldArithmetic.VectorFieldRejectsSizeMismatch ...........................................................   Passed    0.19 sec
          Start  609: CaseReaderTest.MalformedManifestJsonThrowsIOError
1461/1821 Test   #15: CoreConstants.PiIsCorrect ................................................................................   Passed    0.19 sec
          Start  188: VectorFieldTest.ElementwiseSubtraction
1462/1821 Test  #213: AlgebraVector.AllFiniteDetection .........................................................................   Passed    0.18 sec
          Start  605: CaseReaderTest.ExplicitInitialConditionsAreParsed
1463/1821 Test #1427: VelocityCorrectionTest.LinearPressureCorrectionGivesExpectedComponentwiseCorrection ......................   Passed    0.19 sec
          Start  191: VectorFieldTest.DivisionByZeroThrows
1464/1821 Test  #875: TimeControllerTest.RepeatedRunsAreBitIdentical ...........................................................   Passed    0.19 sec
          Start  611: CaseReaderTest.ManifestReferencingFileOutsideCaseDirectoryIsRejected
1465/1821 Test  #646: CaseValidationTest.UnsupportedLinearSolverTypeIsRejected .................................................   Passed    0.19 sec
          Start  642: CaseValidationTest.RelaxationAboveOneIsRejected
1466/1821 Test  #241: CGTest.SolvesThreeByThreeSpdSystem .......................................................................   Passed    0.19 sec
          Start  643: CaseValidationTest.ZeroRelaxationIsRejected
1467/1821 Test  #798: VTKWriterTest.ZCoordinateIsAlwaysZeroFor2DMesh ...........................................................   Passed    0.20 sec
          Start 1733: ResultExportIntegrationTest.ResidualsCsvMatchesStoredHistories
1468/1821 Test  #302: FixedValueTest.BoundaryValueIgnoresOwnerValue ............................................................   Passed    0.20 sec
          Start 1730: ResultExportIntegrationTest.CsvFieldsMatchSimpleResultExactly
1469/1821 Test  #515: ContinuityEquationTest.DivergenceFreeRotationalFieldGivesNearZeroImbalance ...............................   Passed    0.19 sec
          Start 1424: PressureCorrectionTest.OpenBoundaryDirichletCouplingMatchesHandDerivation
1470/1821 Test #1431: VelocityCorrectionTest.MismatchedSizeThrows ..............................................................   Passed    0.19 sec
          Start  190: VectorFieldTest.ScalarDivision
1471/1821 Test  #195: SurfaceFieldTest.SizeMatchesTwoByTwoMeshFaceCount ........................................................   Passed    0.19 sec
          Start 1415: MomentumPredictorRelaxationTest.RejectsMismatchedPreviousValueSize
1472/1821 Test  #228: SparseMatrixTest.RejectsNonFiniteValues ..................................................................   Passed    0.19 sec
          Start  215: SparseMatrixTest.BuilderSumsDuplicateContributions
1473/1821 Test  #308: FixedGradientTest.RejectsInvalidDistance .................................................................   Passed    0.19 sec
          Start 1410: MomentumPredictorRelaxationTest.RelaxedDiagonalMatchesAPOverAlphaExactly
1474/1821 Test #1403: SIMPLESettingsTest.RejectsVelocityRelaxationAboveOne .....................................................   Passed    0.19 sec
          Start  203: FieldArithmetic.TwentyByTwentyMeshIntegration
1475/1821 Test  #220: SparseMatrixTest.DiagonalLookupThrowsWhenMissing .........................................................   Passed    0.19 sec
          Start 1734: ResultExportIntegrationTest.RepeatedExportIsByteIdenticalAcrossAllFiles
1476/1821 Test  #609: CaseReaderTest.MalformedManifestJsonThrowsIOError ........................................................   Passed    0.20 sec
          Start  307: FixedGradientTest.RejectsNonFiniteGradient
1477/1821 Test  #188: VectorFieldTest.ElementwiseSubtraction ...................................................................   Passed    0.20 sec
          Start  629: CaseValidationTest.NonPositiveDensityIsRejected
1478/1821 Test  #605: CaseReaderTest.ExplicitInitialConditionsAreParsed ........................................................   Passed    0.20 sec
          Start  518: MomentumDiffusionTest.ConstantVelocityGivesZeroContributionEverywhere
1479/1821 Test  #191: VectorFieldTest.DivisionByZeroThrows .....................................................................   Passed    0.20 sec
          Start  234: JacobiTest.DiagonalMatrixExactInverse
1480/1821 Test  #611: CaseReaderTest.ManifestReferencingFileOutsideCaseDirectoryIsRejected .....................................   Passed    0.20 sec
          Start  503: FluidPropertiesTest.RejectsNonFiniteViscosity
1481/1821 Test  #642: CaseValidationTest.RelaxationAboveOneIsRejected ..........................................................   Passed    0.21 sec
          Start  248: CGTest.MaxIterationsReportsFailureNotSuccess
1482/1821 Test  #643: CaseValidationTest.ZeroRelaxationIsRejected ..............................................................   Passed    0.21 sec
          Start  865: TimeControllerTest.InexactDeltaTDoesNotProduceAnExtraTinyStep
1483/1821 Test #1733: ResultExportIntegrationTest.ResidualsCsvMatchesStoredHistories ...........................................   Passed    0.21 sec
          Start  501: FluidPropertiesTest.RejectsNegativeViscosity
1484/1821 Test #1730: ResultExportIntegrationTest.CsvFieldsMatchSimpleResultExactly ............................................   Passed    0.22 sec
          Start 1732: ResultExportIntegrationTest.VtkCellCountAndFieldsMatchSimpleResultExactly
1485/1821 Test #1424: PressureCorrectionTest.OpenBoundaryDirichletCouplingMatchesHandDerivation ................................   Passed    0.22 sec
          Start  179: ScalarFieldTest.ElementwiseAddition
1486/1821 Test  #190: VectorFieldTest.ScalarDivision ...........................................................................   Passed    0.22 sec
          Start  323: BoundaryConditionSetTest.RejectsUnknownPatch
1487/1821 Test #1415: MomentumPredictorRelaxationTest.RejectsMismatchedPreviousValueSize .......................................   Passed    0.23 sec
          Start  320: SymmetryTest.TopPlaneRemovesNormalComponent
1488/1821 Test  #215: SparseMatrixTest.BuilderSumsDuplicateContributions .......................................................   Passed    0.22 sec
          Start  502: FluidPropertiesTest.RejectsNonFiniteDensity
1489/1821 Test #1410: MomentumPredictorRelaxationTest.RelaxedDiagonalMatchesAPOverAlphaExactly .................................   Passed    0.23 sec
          Start 1450: SIMPLEDeterminismTest.RepeatedSolveIsBitIdenticalThirdRun
1490/1821 Test  #203: FieldArithmetic.TwentyByTwentyMeshIntegration ............................................................   Passed    0.23 sec
          Start  199: FieldArithmetic.ScalarIdentities
1491/1821 Test #1734: ResultExportIntegrationTest.RepeatedExportIsByteIdenticalAcrossAllFiles ..................................   Passed    0.22 sec
          Start   47: MeshFace.RejectsOwnerEqualToNeighbor
1492/1821 Test  #307: FixedGradientTest.RejectsNonFiniteGradient ...............................................................   Passed    0.22 sec
          Start 1434: FluxCorrectionTest.ConstantPressureCorrectionGivesZeroFluxCorrectionEverywhere
1493/1821 Test  #629: CaseValidationTest.NonPositiveDensityIsRejected ..........................................................   Passed    0.22 sec
          Start  784: JSONWriterTest.FormatVersionIsOne
1494/1821 Test  #518: MomentumDiffusionTest.ConstantVelocityGivesZeroContributionEverywhere ....................................   Passed    0.22 sec
          Start  399: LaplacianTest.QuadraticFieldGivesFour
1495/1821 Test  #234: JacobiTest.DiagonalMatrixExactInverse ....................................................................   Passed    0.22 sec
          Start  650: CaseBuilderTest.ConfigurationMatchesManualSetup
1496/1821 Test  #503: FluidPropertiesTest.RejectsNonFiniteViscosity ............................................................   Passed    0.22 sec
          Start  759: CSVWriterTest.WriteFieldsVelocityPressureAndMagnitudeAreCorrect
1497/1821 Test  #248: CGTest.MaxIterationsReportsFailureNotSuccess .............................................................   Passed    0.22 sec
          Start  783: JSONWriterTest.FiniteFlagReflectsActualFieldFiniteness
1498/1821 Test  #865: TimeControllerTest.InexactDeltaTDoesNotProduceAnExtraTinyStep ............................................   Passed    0.23 sec
          Start   21: CoreException.ConvergenceErrorIsCatchableAsNumericalError
1499/1821 Test  #501: FluidPropertiesTest.RejectsNegativeViscosity .............................................................   Passed    0.22 sec
          Start  252: BiCGSTABTest.ZeroRhsConvergesImmediately
1500/1821 Test #1732: ResultExportIntegrationTest.VtkCellCountAndFieldsMatchSimpleResultExactly ................................   Passed    0.22 sec
          Start 1405: SIMPLESettingsTest.RejectsNonFinitePressureRelaxation
1501/1821 Test  #179: ScalarFieldTest.ElementwiseAddition ......................................................................   Passed    0.22 sec
          Start  512: ContinuityEquationTest.InternalFacePairCancelsExactly
1502/1821 Test  #323: BoundaryConditionSetTest.RejectsUnknownPatch .............................................................   Passed    0.22 sec
          Start   14: CoreTypes.AliasesAreUsable
1503/1821 Test  #320: SymmetryTest.TopPlaneRemovesNormalComponent ..............................................................   Passed    0.22 sec
          Start  765: CSVWriterTest.WriteResidualsIterationColumnIsOneIndexed
1504/1821 Test  #502: FluidPropertiesTest.RejectsNonFiniteDensity ..............................................................   Passed    0.22 sec
          Start  867: TimeControllerTest.StartEqualsEndIsImmediatelyFinished
1505/1821 Test #1450: SIMPLEDeterminismTest.RepeatedSolveIsBitIdenticalThirdRun ................................................   Passed    0.21 sec
          Start  205: AlgebraVector.Addition
1506/1821 Test  #199: FieldArithmetic.ScalarIdentities .........................................................................   Passed    0.21 sec
          Start  231: LinearSystemTest.ValidSystemConstructsAndExposesData
1507/1821 Test   #47: MeshFace.RejectsOwnerEqualToNeighbor .....................................................................   Passed    0.21 sec
          Start  511: ContinuityEquationTest.ClosedZeroVelocityCavityHasZeroImbalance
1508/1821 Test #1434: FluxCorrectionTest.ConstantPressureCorrectionGivesZeroFluxCorrectionEverywhere ...........................   Passed    0.21 sec
          Start  253: BiCGSTABTest.ExactInitialGuessConvergesAtIterationZero
1509/1821 Test  #784: JSONWriterTest.FormatVersionIsOne ........................................................................   Passed    0.20 sec
          Start  779: JSONWriterTest.CaseAndMeshMetadataAreCorrect
1510/1821 Test  #399: LaplacianTest.QuadraticFieldGivesFour ....................................................................   Passed    0.20 sec
          Start  864: TimeControllerTest.SequenceMatchesWorkedExample
1511/1821 Test  #650: CaseBuilderTest.ConfigurationMatchesManualSetup ..........................................................   Passed    0.20 sec
          Start  543: MomentumAssemblyTest.RepeatedAssemblyIsDeterministic
1512/1821 Test  #759: CSVWriterTest.WriteFieldsVelocityPressureAndMagnitudeAreCorrect ..........................................   Passed    0.20 sec
          Start  544: MomentumAssemblyTest.UAndVSystemsAreIndependentScalarSystems
1513/1821 Test  #783: JSONWriterTest.FiniteFlagReflectsActualFieldFiniteness ...................................................   Passed    0.19 sec
          Start  639: CaseValidationTest.UnsupportedPressureBoundaryTypeIsRejected
1514/1821 Test   #21: CoreException.ConvergenceErrorIsCatchableAsNumericalError ................................................   Passed    0.19 sec
          Start  269: SolverDeterminismTest.CGRepeatedSolvesAreIdentical
1515/1821 Test  #252: BiCGSTABTest.ZeroRhsConvergesImmediately .................................................................   Passed    0.19 sec
          Start   23: LoggerTest.DefaultableLevelRoundTrips
1516/1821 Test #1405: SIMPLESettingsTest.RejectsNonFinitePressureRelaxation ....................................................   Passed    0.19 sec
          Start  398: LaplacianTest.PhiYHasZeroLaplacian
1517/1821 Test  #512: ContinuityEquationTest.InternalFacePairCancelsExactly ....................................................   Passed    0.19 sec
          Start  232: LinearSystemTest.RejectsNonSquareMatrix
1518/1821 Test   #14: CoreTypes.AliasesAreUsable ...............................................................................   Passed    0.19 sec
          Start  622: CaseValidationTest.UnsupportedGeometryTypeIsRejected
1519/1821 Test  #765: CSVWriterTest.WriteResidualsIterationColumnIsOneIndexed ..................................................   Passed    0.19 sec
          Start 1443: SIMPLEFailureTest.InvalidSettingsReportInvalidConfiguration
1520/1821 Test  #867: TimeControllerTest.StartEqualsEndIsImmediatelyFinished ...................................................   Passed    0.19 sec
          Start  182: ScalarFieldTest.ScalarDivision
1521/1821 Test  #205: AlgebraVector.Addition ...................................................................................   Passed    0.19 sec
          Start  202: FieldArithmetic.TwoByTwoMeshIntegration
1522/1821 Test  #231: LinearSystemTest.ValidSystemConstructsAndExposesData .....................................................   Passed    0.19 sec
          Start  233: LinearSystemTest.RejectsRhsSizeMismatch
1523/1821 Test  #511: ContinuityEquationTest.ClosedZeroVelocityCavityHasZeroImbalance ..........................................   Passed    0.19 sec
          Start 1438: SIMPLEConvergenceTest.TinyFourByFourCavityConverges
1524/1821 Test  #253: BiCGSTABTest.ExactInitialGuessConvergesAtIterationZero ...................................................   Passed    0.19 sec
          Start  169: Field.IndexingReadsAndWrites
1525/1821 Test  #779: JSONWriterTest.CaseAndMeshMetadataAreCorrect .............................................................   Passed    0.19 sec
          Start  309: WallTest.VelocityIsZeroRegardlessOfOwnerValue
1526/1821 Test  #864: TimeControllerTest.SequenceMatchesWorkedExample ..........................................................   Passed    0.19 sec
          Start  497: FluidPropertiesTest.KinematicViscosityIsMuOverRho
1527/1821 Test  #543: MomentumAssemblyTest.RepeatedAssemblyIsDeterministic .....................................................   Passed    0.20 sec
          Start  236: JacobiTest.RejectsZeroDiagonal
1528/1821 Test  #544: MomentumAssemblyTest.UAndVSystemsAreIndependentScalarSystems .............................................   Passed    0.20 sec
          Start  267: SolverFailureTest.InvalidInitialGuessSizeFailsCleanly
1529/1821 Test  #639: CaseValidationTest.UnsupportedPressureBoundaryTypeIsRejected .............................................   Passed    0.20 sec
          Start  327: BoundaryConditionSetTest.GetThrowsForUnassignedPatch
1530/1821 Test  #269: SolverDeterminismTest.CGRepeatedSolvesAreIdentical .......................................................   Passed    0.21 sec
          Start 1447: SIMPLENonFiniteTest.NaNInitialVelocityIsDetectedImmediately
1531/1821 Test   #23: LoggerTest.DefaultableLevelRoundTrips ....................................................................   Passed    0.20 sec
          Start  873: TimeControllerTest.RejectsZeroMaxSteps
1532/1821 Test  #398: LaplacianTest.PhiYHasZeroLaplacian .......................................................................   Passed    0.20 sec
          Start  186: VectorFieldTest.ConstructionAndInitialization
1533/1821 Test  #232: LinearSystemTest.RejectsNonSquareMatrix ..................................................................   Passed    0.20 sec
          Start 1414: MomentumPredictorRelaxationTest.RejectsAlphaOutOfRange
1534/1821 Test  #622: CaseValidationTest.UnsupportedGeometryTypeIsRejected .....................................................   Passed    0.20 sec
          Start  192: VectorFieldTest.SelfSubtractionIsZeroField
1535/1821 Test #1443: SIMPLEFailureTest.InvalidSettingsReportInvalidConfiguration ..............................................   Passed    0.20 sec
          Start   18: CoreException.CatchableAsStdRuntimeError
1536/1821 Test  #182: ScalarFieldTest.ScalarDivision ...........................................................................   Passed    0.21 sec
          Start  638: CaseValidationTest.VelocityValueWithWrongComponentCountIsRejected
1537/1821 Test  #202: FieldArithmetic.TwoByTwoMeshIntegration ..................................................................   Passed    0.21 sec
          Start  777: JSONWriterTest.WrittenFileIsValidJson
1538/1821 Test  #233: LinearSystemTest.RejectsRhsSizeMismatch ..................................................................   Passed    0.21 sec
          Start  641: CaseValidationTest.UnsupportedSolverTypeIsRejected
1539/1821 Test #1438: SIMPLEConvergenceTest.TinyFourByFourCavityConverges ......................................................   Passed    0.21 sec
          Start  507: MassFluxTest.TangentialMovingWallGivesZeroFlux
1540/1821 Test  #169: Field.IndexingReadsAndWrites .............................................................................   Passed    0.21 sec
          Start  396: DivergenceTest.GlobalDivergenceTheoremHolds
1541/1821 Test  #309: WallTest.VelocityIsZeroRegardlessOfOwnerValue ............................................................   Passed    0.21 sec
          Start  540: MomentumPressureTest.MismatchedPressureSizeThrows
1542/1821 Test  #497: FluidPropertiesTest.KinematicViscosityIsMuOverRho ........................................................   Passed    0.21 sec
          Start  393: DivergenceTest.ConstantVectorFieldHasZeroDivergence
1543/1821 Test  #236: JacobiTest.RejectsZeroDiagonal ...........................................................................   Passed    0.20 sec
          Start  534: MomentumPressureTest.LinearPressureXGivesNegativeXSourceZeroYSource
1544/1821 Test  #267: SolverFailureTest.InvalidInitialGuessSizeFailsCleanly ....................................................   Passed    0.20 sec
          Start 1416: MomentumPredictorRelaxationTest.RejectsMismatchedRhsSize
1545/1821 Test  #327: BoundaryConditionSetTest.GetThrowsForUnassignedPatch .....................................................   Passed    0.20 sec
          Start  221: SparseMatrixTest.AllFinite
1546/1821 Test #1447: SIMPLENonFiniteTest.NaNInitialVelocityIsDetectedImmediately ..............................................   Passed    0.20 sec
          Start  312: MovingWallTest.ReturnsConfiguredVelocityRegardlessOfOwner
1547/1821 Test  #873: TimeControllerTest.RejectsZeroMaxSteps ...................................................................   Passed    0.20 sec
          Start  243: CGTest.DiagonalMatrixWithJacobiPreconditioner
1548/1821 Test  #186: VectorFieldTest.ConstructionAndInitialization ............................................................   Passed    0.19 sec
          Start  209: AlgebraVector.DivisionByZeroThrows
1549/1821 Test #1414: MomentumPredictorRelaxationTest.RejectsAlphaOutOfRange ...................................................   Passed    0.19 sec
          Start   40: MeshCell.AddFaceAppendsFaceIds
1550/1821 Test  #192: VectorFieldTest.SelfSubtractionIsZeroField ...............................................................   Passed    0.19 sec
          Start  328: CavityBoundaryConfigurationTest.LidDrivenCavitySetup
1551/1821 Test   #18: CoreException.CatchableAsStdRuntimeError .................................................................   Passed    0.19 sec
          Start  860: TimeControllerTest.InitialStateIsStartTimeAndStepZero
1552/1821 Test  #638: CaseValidationTest.VelocityValueWithWrongComponentCountIsRejected ........................................   Passed    0.19 sec
          Start  173: Field.DataProvidesContiguousAccess
1553/1821 Test  #777: JSONWriterTest.WrittenFileIsValidJson ....................................................................   Passed    0.19 sec
          Start  314: InletTest.ReturnsPrescribedVelocityExactly
1554/1821 Test  #641: CaseValidationTest.UnsupportedSolverTypeIsRejected .......................................................   Passed    0.19 sec
          Start  635: CaseValidationTest.UnsupportedVelocityBoundaryTypeIsRejected
1555/1821 Test  #507: MassFluxTest.TangentialMovingWallGivesZeroFlux ...........................................................   Passed    0.20 sec
          Start  521: MomentumDiffusionTest.DiagonalIsFinitePositiveAndNonzero
1556/1821 Test  #396: DivergenceTest.GlobalDivergenceTheoremHolds ..............................................................   Passed    0.20 sec
          Start  504: MassFluxTest.InternalFaceValue
1557/1821 Test  #540: MomentumPressureTest.MismatchedPressureSizeThrows ........................................................   Passed    0.20 sec
          Start  189: VectorFieldTest.ScalarMultiplicationBothOrders
1558/1821 Test  #393: DivergenceTest.ConstantVectorFieldHasZeroDivergence ......................................................   Passed    0.20 sec
          Start   52: Mesh.CellAndFaceAccessorsValidateId
1559/1821 Test  #534: MomentumPressureTest.LinearPressureXGivesNegativeXSourceZeroYSource ......................................   Passed    0.20 sec
          Start  403: DiffusionTest.ZeroFluxBoundaryConservesGlobally
1560/1821 Test #1416: MomentumPredictorRelaxationTest.RejectsMismatchedRhsSize .................................................   Passed    0.19 sec
          Start   43: MeshFace.InternalFaceStoresOwnerAndNeighbor
1561/1821 Test  #221: SparseMatrixTest.AllFinite ...............................................................................   Passed    0.19 sec
          Start  264: SolverFailureTest.InfMatrixRejectedAtConstruction
1562/1821 Test  #312: MovingWallTest.ReturnsConfiguredVelocityRegardlessOfOwner ................................................   Passed    0.20 sec
          Start 1432: FluxCorrectionTest.InternalFaceCorrectionMatchesDCoefficientTimesPressureDifference
1563/1821 Test  #243: CGTest.DiagonalMatrixWithJacobiPreconditioner ............................................................   Passed    0.21 sec
          Start  795: VTKWriterTest.PointCountMatchesStructuredGrid
1564/1821 Test  #209: AlgebraVector.DivisionByZeroThrows .......................................................................   Passed    0.22 sec
          Start   50: MeshBoundaryPatch.RejectsEmptyName
1565/1821 Test   #40: MeshCell.AddFaceAppendsFaceIds ...........................................................................   Passed    0.21 sec
          Start 1423: PressureCorrectionTest.NonPositiveDensityThrows
1566/1821 Test  #328: CavityBoundaryConfigurationTest.LidDrivenCavitySetup .....................................................   Passed    0.21 sec
          Start   51: Mesh.ExposesCellsFacesAndPatches
1567/1821 Test  #860: TimeControllerTest.InitialStateIsStartTimeAndStepZero ....................................................   Passed    0.21 sec
          Start 1436: SIMPLEContinuityTest.ReducedClosedProbeContinuityImprovesAcrossIterations
1568/1821 Test  #173: Field.DataProvidesContiguousAccess .......................................................................   Passed    0.21 sec
          Start  454: GridRefinementTest.LaplacianOfSmoothFieldConvergesAtSecondOrder
1569/1821 Test  #314: InletTest.ReturnsPrescribedVelocityExactly ...............................................................   Passed    0.21 sec
          Start  514: ContinuityEquationTest.GlobalDivergenceTheoremIdentityHolds
1570/1821 Test  #635: CaseValidationTest.UnsupportedVelocityBoundaryTypeIsRejected .............................................   Passed    0.21 sec
          Start 1731: ResultExportIntegrationTest.JsonMetadataMatchesSimpleResultExactly
1571/1821 Test  #521: MomentumDiffusionTest.DiagonalIsFinitePositiveAndNonzero .................................................   Passed    0.20 sec
          Start 1448: SIMPLENonFiniteTest.InfiniteInitialPressureIsDetectedImmediately
1572/1821 Test  #504: MassFluxTest.InternalFaceValue ...........................................................................   Passed    0.21 sec
          Start  500: FluidPropertiesTest.RejectsZeroViscosity
1573/1821 Test  #189: VectorFieldTest.ScalarMultiplicationBothOrders ...........................................................   Passed    0.20 sec
          Start  240: CGTest.SolvesTwoByTwoSpdSystem
1574/1821 Test   #52: Mesh.CellAndFaceAccessorsValidateId ......................................................................   Passed    0.21 sec
          Start  866: TimeControllerTest.SingleStepCaseReachesEndExactly
1575/1821 Test  #403: DiffusionTest.ZeroFluxBoundaryConservesGlobally ..........................................................   Passed    0.21 sec
          Start  607: CaseReaderTest.MissingManifestThrowsIOError
1576/1821 Test   #43: MeshFace.InternalFaceStoresOwnerAndNeighbor ..............................................................   Passed    0.21 sec
          Start   31: CoreTimer.SecondsAndMillisecondsAreConsistent
1577/1821 Test  #264: SolverFailureTest.InfMatrixRejectedAtConstruction ........................................................   Passed    0.21 sec
          Start 1404: SIMPLESettingsTest.AcceptsVelocityRelaxationExactlyOne
1578/1821 Test #1432: FluxCorrectionTest.InternalFaceCorrectionMatchesDCoefficientTimesPressureDifference ......................   Passed    0.20 sec
          Start 1428: VelocityCorrectionTest.DifferentUAndVResponseCoefficientsApplyToTheirOwnComponent
1579/1821 Test  #795: VTKWriterTest.PointCountMatchesStructuredGrid ............................................................   Passed    0.19 sec
          Start  167: Field.SizedConstructionValueInitializes
1580/1821 Test   #50: MeshBoundaryPatch.RejectsEmptyName .......................................................................   Passed    0.20 sec
          Start  758: CSVWriterTest.WriteFieldsCoordinatesComeFromMesh
1581/1821 Test #1423: PressureCorrectionTest.NonPositiveDensityThrows ..........................................................   Passed    0.20 sec
          Start  522: MomentumDiffusionTest.MismatchedVelocitySizeThrows
1582/1821 Test   #51: Mesh.ExposesCellsFacesAndPatches .........................................................................   Passed    0.20 sec
          Start   97: CartesianMesh.DeterministicGeneration
1583/1821 Test #1436: SIMPLEContinuityTest.ReducedClosedProbeContinuityImprovesAcrossIterations ................................   Passed    0.21 sec
          Start 1413: MomentumPredictorRelaxationTest.AlphaOneIsAnExactNoOp
1584/1821 Test  #454: GridRefinementTest.LaplacianOfSmoothFieldConvergesAtSecondOrder ..........................................   Passed    0.21 sec
          Start  361: InterpolationTest.BoundaryFaceUsesFixedValueNotOwnerValue
1585/1821 Test  #514: ContinuityEquationTest.GlobalDivergenceTheoremIdentityHolds ..............................................   Passed    0.21 sec
          Start 1412: MomentumPredictorRelaxationTest.OffDiagonalCoefficientsAreUnchanged
1586/1821 Test #1731: ResultExportIntegrationTest.JsonMetadataMatchesSimpleResultExactly .......................................   Passed    0.21 sec
          Start  365: GradientTest.ConstantFieldHasZeroGradient
1587/1821 Test #1448: SIMPLENonFiniteTest.InfiniteInitialPressureIsDetectedImmediately .........................................   Passed    0.21 sec
          Start  222: SparseMatrixTest.RejectsWrongRowOffsetsSize
1588/1821 Test  #500: FluidPropertiesTest.RejectsZeroViscosity .................................................................   Passed    0.21 sec
          Start   95: CartesianMesh.FourByThree
1589/1821 Test  #240: CGTest.SolvesTwoByTwoSpdSystem ...........................................................................   Passed    0.21 sec
          Start  636: CaseValidationTest.MovingWallWithoutVelocityValueIsRejected
1590/1821 Test  #866: TimeControllerTest.SingleStepCaseReachesEndExactly .......................................................   Passed    0.21 sec
          Start  508: MassFluxTest.InletFluxIsNegativeOutletFluxIsPositive
1591/1821 Test  #607: CaseReaderTest.MissingManifestThrowsIOError ..............................................................   Passed    0.21 sec
          Start  542: MomentumAssemblyTest.ChannelAssemblyHasCorrectDimensionsAndFiniteCoefficients
1592/1821 Test   #31: CoreTimer.SecondsAndMillisecondsAreConsistent ............................................................   Passed    0.21 sec
          Start  194: SurfaceFieldTest.SizeMatchesOneByOneMeshFaceCount
1593/1821 Test #1404: SIMPLESettingsTest.AcceptsVelocityRelaxationExactlyOne ...................................................   Passed    0.20 sec
          Start  321: SymmetryTest.ResultIsAlwaysNormalToPlane
1594/1821 Test #1428: VelocityCorrectionTest.DifferentUAndVResponseCoefficientsApplyToTheirOwnComponent ........................   Passed    0.22 sec
          Start  324: BoundaryConditionSetTest.RejectsDuplicateAssignment
1595/1821 Test  #167: Field.SizedConstructionValueInitializes ..................................................................   Passed    0.21 sec
          Start   22: CoreException.CategoriesAreDistinguishable
1596/1821 Test  #758: CSVWriterTest.WriteFieldsCoordinatesComeFromMesh .........................................................   Passed    0.22 sec
          Start  645: CaseValidationTest.ZeroMaxIterationsIsRejected
1597/1821 Test  #522: MomentumDiffusionTest.MismatchedVelocitySizeThrows .......................................................   Passed    0.22 sec
          Start 1435: FluxCorrectionTest.MismatchedFaceCoefficientSizeThrows
1598/1821 Test   #97: CartesianMesh.DeterministicGeneration ....................................................................   Passed    0.22 sec
          Start  506: MassFluxTest.StationaryWallGivesZeroFlux
1599/1821 Test #1413: MomentumPredictorRelaxationTest.AlphaOneIsAnExactNoOp ....................................................   Passed    0.21 sec
          Start  424: ConvectionTest.BoundaryOutflowUsesOwnerValue
1600/1821 Test  #361: InterpolationTest.BoundaryFaceUsesFixedValueNotOwnerValue ................................................   Passed    0.20 sec
          Start  268: SolverFailureTest.LinearSolverSettingsRejectsInvalidValues
1601/1821 Test #1412: MomentumPredictorRelaxationTest.OffDiagonalCoefficientsAreUnchanged ......................................   Passed    0.21 sec
          Start  649: CaseBuilderTest.BuildsExpectedBoundaryConditionTypes
1602/1821 Test  #365: GradientTest.ConstantFieldHasZeroGradient ................................................................   Passed    0.20 sec
          Start  520: MomentumDiffusionTest.InternalFaceCoefficientsAreSymmetric
1603/1821 Test  #222: SparseMatrixTest.RejectsWrongRowOffsetsSize ..............................................................   Passed    0.21 sec
          Start  219: SparseMatrixTest.DiagonalLookup
1604/1821 Test   #95: CartesianMesh.FourByThree ................................................................................   Passed    0.21 sec
          Start  359: InterpolationTest.LinearFieldPhiXIsExactAtEveryFace
1605/1821 Test  #636: CaseValidationTest.MovingWallWithoutVelocityValueIsRejected ..............................................   Passed    0.22 sec
          Start  499: FluidPropertiesTest.RejectsNegativeDensity
1606/1821 Test  #508: MassFluxTest.InletFluxIsNegativeOutletFluxIsPositive .....................................................   Passed    0.21 sec
          Start  200: FieldArithmetic.VectorIdentities
1607/1821 Test  #542: MomentumAssemblyTest.ChannelAssemblyHasCorrectDimensionsAndFiniteCoefficients ............................   Passed    0.21 sec
          Start  455: GridRefinementTest.UpwindConvectionConvergesAtFirstOrder
1608/1821 Test  #194: SurfaceFieldTest.SizeMatchesOneByOneMeshFaceCount ........................................................   Passed    0.21 sec
          Start   94: CartesianMesh.TwoByTwo
1609/1821 Test  #321: SymmetryTest.ResultIsAlwaysNormalToPlane .................................................................   Passed    0.20 sec
          Start  270: SolverDeterminismTest.BiCGSTABRepeatedSolvesAreIdentical
1610/1821 Test  #324: BoundaryConditionSetTest.RejectsDuplicateAssignment ......................................................   Passed    0.21 sec
          Start  394: DivergenceTest.ULinearGivesDivergenceTwo
1611/1821 Test   #22: CoreException.CategoriesAreDistinguishable ...............................................................   Passed    0.20 sec
          Start  519: MomentumDiffusionTest.InteriorCellsMatchKnownQuadraticLaplacian
1612/1821 Test  #645: CaseValidationTest.ZeroMaxIterationsIsRejected ...........................................................   Passed    0.20 sec
          Start   30: CoreTimer.ResetRestartsTiming
1613/1821 Test #1435: FluxCorrectionTest.MismatchedFaceCoefficientSizeThrows ...................................................   Passed    0.20 sec
          Start  303: FixedValueTest.ExposesTypeAndName
1614/1821 Test  #506: MassFluxTest.StationaryWallGivesZeroFlux .................................................................   Passed    0.20 sec
          Start  536: MomentumPressureTest.ConstantPressureGivesZeroSource
1615/1821 Test  #424: ConvectionTest.BoundaryOutflowUsesOwnerValue .............................................................   Passed    0.20 sec
          Start   41: MeshCell.RejectsNonPositiveVolume
1616/1821 Test  #268: SolverFailureTest.LinearSolverSettingsRejectsInvalidValues ...............................................   Passed    0.21 sec
          Start  423: ConvectionTest.UpwindSelectsOwnerForPositiveFluxNeighborForNegative
1617/1821 Test  #649: CaseBuilderTest.BuildsExpectedBoundaryConditionTypes .....................................................   Passed    0.21 sec
          Start 1444: SIMPLEFailureTest.MismatchedInitialFieldSizeReportsInvalidConfiguration
1618/1821 Test  #520: MomentumDiffusionTest.InternalFaceCoefficientsAreSymmetric ...............................................   Passed    0.20 sec
          Start 1417: PressureCorrectionTest.TwoCellProbeSourceSignAndSolutionMatchHandDerivation
1619/1821 Test  #219: SparseMatrixTest.DiagonalLookup ..........................................................................   Passed    0.20 sec
          Start 1406: SIMPLESettingsTest.RejectsZeroVelocityTolerance
1620/1821 Test  #359: InterpolationTest.LinearFieldPhiXIsExactAtEveryFace ......................................................   Passed    0.19 sec
          Start  201: FieldArithmetic.EmptyFieldsAreAddable
1621/1821 Test  #499: FluidPropertiesTest.RejectsNegativeDensity ...............................................................   Passed    0.19 sec
          Start  496: FluidPropertiesTest.StoresDensityAndViscosity
1622/1821 Test  #200: FieldArithmetic.VectorIdentities .........................................................................   Passed    0.20 sec
          Start  505: MassFluxTest.TangentialVelocityAtVerticalFaceGivesZeroFlux
1623/1821 Test  #455: GridRefinementTest.UpwindConvectionConvergesAtFirstOrder .................................................   Passed    0.20 sec
          Start  535: MomentumPressureTest.LinearPressureYGivesNegativeYSourceZeroXSource
1624/1821 Test   #94: CartesianMesh.TwoByTwo ...................................................................................   Passed    0.21 sec
          Start   19: CoreException.MessageSurvivesConstruction
1625/1821 Test  #270: SolverDeterminismTest.BiCGSTABRepeatedSolvesAreIdentical .................................................   Passed    0.21 sec
          Start  763: CSVWriterTest.WriteFieldsUnwritablePathThrowsIOError
1626/1821 Test  #394: DivergenceTest.ULinearGivesDivergenceTwo .................................................................   Passed    0.21 sec
          Start   72: MeshQuality.DetectsOutOfRangeOwner
1627/1821 Test  #519: MomentumDiffusionTest.InteriorCellsMatchKnownQuadraticLaplacian ..........................................   Passed    0.21 sec
          Start  304: FixedValueTest.RejectsNonFiniteValue
1628/1821 Test   #30: CoreTimer.ResetRestartsTiming ............................................................................   Passed    0.21 sec
          Start  235: JacobiTest.RejectsMissingDiagonal
1629/1821 Test  #303: FixedValueTest.ExposesTypeAndName ........................................................................   Passed    0.21 sec
          Start  533: MomentumConvectionTest.MismatchedMassFluxSizeThrows
1630/1821 Test  #536: MomentumPressureTest.ConstantPressureGivesZeroSource .....................................................   Passed    0.21 sec
          Start 1399: SIMPLESettingsTest.DefaultsAreValid
1631/1821 Test   #41: MeshCell.RejectsNonPositiveVolume ........................................................................   Passed    0.21 sec
          Start 1441: SIMPLEFailureTest.MomentumSolverTooFewIterationsReportsMomentumFailure
1632/1821 Test  #423: ConvectionTest.UpwindSelectsOwnerForPositiveFluxNeighborForNegative ......................................   Passed    0.20 sec
          Start  595: CaseReaderTest.ValidCaseParsesIntoExpectedConfiguration
1633/1821 Test #1444: SIMPLEFailureTest.MismatchedInitialFieldSizeReportsInvalidConfiguration ..................................   Passed    0.20 sec
          Start   56: MeshGeometry.UnitNormalHasUnitMagnitude
1634/1821 Test #1417: PressureCorrectionTest.TwoCellProbeSourceSignAndSolutionMatchHandDerivation ..............................   Passed    0.21 sec
          Start  367: GradientTest.PhiYGivesGradientZeroOne
1635/1821 Test #1406: SIMPLESettingsTest.RejectsZeroVelocityTolerance ..........................................................   Passed    0.21 sec
          Start  225: SparseMatrixTest.RejectsRowOffsetsBackMismatch
1636/1821 Test  #201: FieldArithmetic.EmptyFieldsAreAddable ....................................................................   Passed    0.22 sec
          Start  329: ChannelBoundaryConfigurationTest.InletOutletWallSetup
1637/1821 Test  #496: FluidPropertiesTest.StoresDensityAndViscosity ............................................................   Passed    0.21 sec
          Start  306: FixedGradientTest.ZeroGradientReturnsOwnerValue
1638/1821 Test  #505: MassFluxTest.TangentialVelocityAtVerticalFaceGivesZeroFlux ...............................................   Passed    0.21 sec
          Start  318: OutletTest.ScalarZeroGradientOutletIsFixedGradientZero
1639/1821 Test  #535: MomentumPressureTest.LinearPressureYGivesNegativeYSourceZeroXSource ......................................   Passed    0.19 sec
          Start 1421: PressureCorrectionTest.BoundaryFacesGetZeroCoefficient
1640/1821 Test   #19: CoreException.MessageSurvivesConstruction ................................................................   Passed    0.20 sec
          Start   57: MeshGeometry.OwnerNeighborDistanceMatchesCartesianSpacing
1641/1821 Test  #763: CSVWriterTest.WriteFieldsUnwritablePathThrowsIOError .....................................................   Passed    0.19 sec
          Start  627: CaseValidationTest.FractionalNxIsRejected
1642/1821 Test   #72: MeshQuality.DetectsOutOfRangeOwner .......................................................................   Passed    0.20 sec
          Start  214: SparseMatrixTest.BuilderProducesExpectedCsr
1643/1821 Test  #304: FixedValueTest.RejectsNonFiniteValue .....................................................................   Passed    0.19 sec
          Start  527: MomentumConvectionTest.PositiveInternalFluxSelectsOwnerNegativeSelectsNeighbor
1644/1821 Test  #235: JacobiTest.RejectsMissingDiagonal ........................................................................   Passed    0.20 sec
          Start  401: DiffusionTest.QuadraticFieldWithGammaHalf
1645/1821 Test  #533: MomentumConvectionTest.MismatchedMassFluxSizeThrows ......................................................   Passed    0.19 sec
          Start  217: SparseMatrixTest.MatrixVectorMultiplicationKnownResult
1646/1821 Test #1399: SIMPLESettingsTest.DefaultsAreValid ......................................................................   Passed    0.20 sec
          Start  181: ScalarFieldTest.ScalarMultiplicationBothOrders
1647/1821 Test #1441: SIMPLEFailureTest.MomentumSolverTooFewIterationsReportsMomentumFailure ...................................   Passed    0.20 sec
          Start   28: CoreTimer.ElapsedTimeIsNonNegative
1648/1821 Test  #595: CaseReaderTest.ValidCaseParsesIntoExpectedConfiguration ..................................................   Passed    0.20 sec
          Start 1440: SIMPLEFailureTest.MaxIterationsIsNotReportedAsConverged
1649/1821 Test   #56: MeshGeometry.UnitNormalHasUnitMagnitude ..................................................................   Passed    0.21 sec
          Start  239: JacobiTest.NonFiniteMatrixValuesAreUnreachableByJacobi
1650/1821 Test  #367: GradientTest.PhiYGivesGradientZeroOne ....................................................................   Passed    0.21 sec
          Start  766: CSVWriterTest.WriteResidualsValuesMatchHistoriesInOrder
1651/1821 Test  #225: SparseMatrixTest.RejectsRowOffsetsBackMismatch ...........................................................   Passed    0.22 sec
          Start  313: MovingWallTest.RejectsNonFiniteVelocity
1652/1821 Test  #329: ChannelBoundaryConfigurationTest.InletOutletWallSetup ....................................................   Passed    0.21 sec
          Start  427: ConvectionTest.InternalConservationFaceOnce
1653/1821 Test  #306: FixedGradientTest.ZeroGradientReturnsOwnerValue ..........................................................   Passed    0.22 sec
          Start  608: CaseReaderTest.MissingReferencedFileThrowsIOError
1654/1821 Test  #318: OutletTest.ScalarZeroGradientOutletIsFixedGradientZero ...................................................   Passed    0.22 sec
          Start   54: Mesh.RejectsEmptyCellsOrFaces
1655/1821 Test #1421: PressureCorrectionTest.BoundaryFacesGetZeroCoefficient ...................................................   Passed    0.22 sec
          Start  176: ScalarFieldTest.ConstructionAndInitialization
1656/1821 Test   #57: MeshGeometry.OwnerNeighborDistanceMatchesCartesianSpacing ................................................   Passed    0.22 sec
          Start  193: SurfaceFieldTest.SizedConstructionAndFill
1657/1821 Test  #627: CaseValidationTest.FractionalNxIsRejected ................................................................   Passed    0.22 sec
          Start  266: SolverFailureTest.BiCGSTABFailsBeforeIteratingOnNanRhs
1658/1821 Test  #214: SparseMatrixTest.BuilderProducesExpectedCsr ..............................................................   Passed    0.22 sec
          Start  632: CaseValidationTest.UnknownPhysicsFieldIsRejected
1659/1821 Test  #527: MomentumConvectionTest.PositiveInternalFluxSelectsOwnerNegativeSelectsNeighbor ...........................   Passed    0.22 sec
          Start 1433: FluxCorrectionTest.BoundaryFluxIsUnchangedByCorrection
1660/1821 Test  #401: DiffusionTest.QuadraticFieldWithGammaHalf ................................................................   Passed    0.22 sec
          Start  528: MomentumConvectionTest.BoundaryOutflowUsesOwnerUnknownNotBoundaryValue
1661/1821 Test  #217: SparseMatrixTest.MatrixVectorMultiplicationKnownResult ...................................................   Passed    0.22 sec
          Start  529: MomentumConvectionTest.BoundaryInflowUsesBoundaryValueOnRhs
1662/1821 Test  #181: ScalarFieldTest.ScalarMultiplicationBothOrders ...........................................................   Passed    0.21 sec
          Start  249: BiCGSTABTest.SolvesNonsymmetricSystem
1663/1821 Test   #28: CoreTimer.ElapsedTimeIsNonNegative .......................................................................   Passed    0.22 sec
          Start   65: MeshQuality.NonSquareCellsReportCorrectAspectRatio
1664/1821 Test #1440: SIMPLEFailureTest.MaxIterationsIsNotReportedAsConverged ..................................................   Passed    0.21 sec
          Start  402: DiffusionTest.QuadraticFieldWithGammaTwo
1665/1821 Test  #239: JacobiTest.NonFiniteMatrixValuesAreUnreachableByJacobi ...................................................   Passed    0.21 sec
          Start  223: SparseMatrixTest.RejectsMismatchedValuesAndColumns
1666/1821 Test  #766: CSVWriterTest.WriteResidualsValuesMatchHistoriesInOrder ..................................................   Passed    0.20 sec
          Start 1418: PressureCorrectionTest.ReferenceRowIsExactIdentity
1667/1821 Test  #313: MovingWallTest.RejectsNonFiniteVelocity ..................................................................   Passed    0.20 sec
          Start  631: CaseValidationTest.UnsupportedPhysicsModelIsRejected
1668/1821 Test  #427: ConvectionTest.InternalConservationFaceOnce ..............................................................   Passed    0.19 sec
          Start 1445: SIMPLEFailureTest.InvalidInnerSolverSettingsReportInvalidConfiguration
1669/1821 Test  #608: CaseReaderTest.MissingReferencedFileThrowsIOError ........................................................   Passed    0.19 sec
          Start   96: CartesianMesh.TwentyByTwenty
1670/1821 Test   #54: Mesh.RejectsEmptyCellsOrFaces ............................................................................   Passed    0.20 sec
          Start   45: MeshFace.AreaIsMagnitudeOfAreaVector
1671/1821 Test  #176: ScalarFieldTest.ConstructionAndInitialization ............................................................   Passed    0.20 sec
          Start  781: JSONWriterTest.EveryStatusMapsToItsOwnEnumName
1672/1821 Test  #193: SurfaceFieldTest.SizedConstructionAndFill ................................................................   Passed    0.20 sec
          Start 1419: PressureCorrectionTest.ConstantResponseCoefficientGivesSymmetricInternalCoupling
1673/1821 Test  #266: SolverFailureTest.BiCGSTABFailsBeforeIteratingOnNanRhs ...................................................   Passed    0.20 sec
          Start  400: DiffusionTest.EqualsGammaTimesLaplacianForConstantGamma
1674/1821 Test  #632: CaseValidationTest.UnknownPhysicsFieldIsRejected .........................................................   Passed    0.20 sec
          Start  426: ConvectionTest.ConstantFieldGivesZeroConvection
1675/1821 Test #1433: FluxCorrectionTest.BoundaryFluxIsUnchangedByCorrection ...................................................   Passed    0.21 sec
          Start   64: MeshQuality.UniformSquareGridIsValidWithUnitAspectRatio
1676/1821 Test  #528: MomentumConvectionTest.BoundaryOutflowUsesOwnerUnknownNotBoundaryValue ...................................   Passed    0.21 sec
          Start   48: MeshBoundaryPatch.StoresNameAndFaceIds
1677/1821 Test  #529: MomentumConvectionTest.BoundaryInflowUsesBoundaryValueOnRhs ..............................................   Passed    0.21 sec
          Start  184: ScalarFieldTest.CompoundOperators
1678/1821 Test  #249: BiCGSTABTest.SolvesNonsymmetricSystem ....................................................................   Passed    0.21 sec
          Start  801: VTKWriterTest.RepeatedWriteIsByteIdentical
1679/1821 Test   #65: MeshQuality.NonSquareCellsReportCorrectAspectRatio .......................................................   Passed    0.21 sec
          Start  633: CaseValidationTest.UnknownBoundaryPatchIsRejected
1680/1821 Test  #402: DiffusionTest.QuadraticFieldWithGammaTwo .................................................................   Passed    0.20 sec
          Start   20: CoreException.DerivedTypesCatchableAsBase
1681/1821 Test  #223: SparseMatrixTest.RejectsMismatchedValuesAndColumns .......................................................   Passed    0.21 sec
          Start  185: ScalarFieldTest.ExplicitValuesFromSpecExample
1682/1821 Test #1418: PressureCorrectionTest.ReferenceRowIsExactIdentity .......................................................   Passed    0.21 sec
          Start  794: VTKWriterTest.HeaderIsWellFormed
1683/1821 Test  #631: CaseValidationTest.UnsupportedPhysicsModelIsRejected .....................................................   Passed    0.21 sec
          Start   46: MeshFace.RejectsZeroAreaVector
1684/1821 Test #1445: SIMPLEFailureTest.InvalidInnerSolverSettingsReportInvalidConfiguration ...................................   Passed    0.21 sec
          Start  768: CSVWriterTest.RepeatedWriteFieldsIsByteIdentical
1685/1821 Test   #96: CartesianMesh.TwentyByTwenty .............................................................................   Passed    0.21 sec
          Start  644: CaseValidationTest.NonPositiveToleranceIsRejected
1686/1821 Test   #45: MeshFace.AreaIsMagnitudeOfAreaVector .....................................................................   Passed    0.20 sec
          Start  614: CaseReaderTest.UnknownTopLevelFieldInManifestIsRejected
1687/1821 Test  #781: JSONWriterTest.EveryStatusMapsToItsOwnEnumName ...........................................................   Passed    0.20 sec
          Start  358: InterpolationTest.ConstantFieldIsPreservedExactly
1688/1821 Test #1419: PressureCorrectionTest.ConstantResponseCoefficientGivesSymmetricInternalCoupling .........................   Passed    0.20 sec
          Start  760: CSVWriterTest.WriteFieldsUsesFullPrecisionScientificNotation
1689/1821 Test  #400: DiffusionTest.EqualsGammaTimesLaplacianForConstantGamma ..................................................   Passed    0.19 sec
          Start  757: CSVWriterTest.WriteFieldsRowCountAndCellOrderMatchMesh
1690/1821 Test  #426: ConvectionTest.ConstantFieldGivesZeroConvection ..........................................................   Passed    0.19 sec
          Start  799: VTKWriterTest.MismatchedSizeThrows
1691/1821 Test   #64: MeshQuality.UniformSquareGridIsValidWithUnitAspectRatio ..................................................   Passed    0.19 sec
          Start  630: CaseValidationTest.NonPositiveViscosityIsRejected
1692/1821 Test   #48: MeshBoundaryPatch.StoresNameAndFaceIds ...................................................................   Passed    0.19 sec
          Start  640: CaseValidationTest.MissingPressureBlockIsRejected
1693/1821 Test  #184: ScalarFieldTest.CompoundOperators ........................................................................   Passed    0.19 sec
          Start   55: MeshGeometry.DistanceAndDisplacement
1694/1821 Test  #801: VTKWriterTest.RepeatedWriteIsByteIdentical ...............................................................   Passed    0.18 sec
          Start  395: DivergenceTest.RotationalFieldIsDivergenceFree
1695/1821 Test  #633: CaseValidationTest.UnknownBoundaryPatchIsRejected ........................................................   Passed    0.19 sec
          Start  789: JSONWriterTest.RepeatedWriteIsByteIdentical
1696/1821 Test   #20: CoreException.DerivedTypesCatchableAsBase ................................................................   Passed    0.19 sec
          Start  397: LaplacianTest.PhiXHasZeroLaplacian
1697/1821 Test  #185: ScalarFieldTest.ExplicitValuesFromSpecExample ............................................................   Passed    0.19 sec
          Start 1402: SIMPLESettingsTest.RejectsNegativeVelocityRelaxation
1698/1821 Test  #794: VTKWriterTest.HeaderIsWellFormed .........................................................................   Passed    0.19 sec
          Start   44: MeshFace.BoundaryFaceHasNoNeighbor
1699/1821 Test   #46: MeshFace.RejectsZeroAreaVector ...........................................................................   Passed    0.20 sec
          Start  317: OutletTest.VelocityZeroGradientReturnsOwnerValue
1700/1821 Test  #768: CSVWriterTest.RepeatedWriteFieldsIsByteIdentical .........................................................   Passed    0.19 sec
          Start  762: CSVWriterTest.WriteFieldsNonFiniteValueThrows
1701/1821 Test  #644: CaseValidationTest.NonPositiveToleranceIsRejected ........................................................   Passed    0.19 sec
          Start  610: CaseReaderTest.MalformedReferencedJsonThrowsIOError
1702/1821 Test  #614: CaseReaderTest.UnknownTopLevelFieldInManifestIsRejected ..................................................   Passed    0.19 sec
          Start   92: CartesianMesh.TwoByOne
1703/1821 Test  #358: InterpolationTest.ConstantFieldIsPreservedExactly ........................................................   Passed    0.19 sec
          Start  623: CaseValidationTest.NonPositiveGeometryLengthIsRejected
1704/1821 Test  #760: CSVWriterTest.WriteFieldsUsesFullPrecisionScientificNotation .............................................   Passed    0.20 sec
          Start  360: InterpolationTest.LinearFieldPhiYIsExactAtEveryFace
1705/1821 Test  #757: CSVWriterTest.WriteFieldsRowCountAndCellOrderMatchMesh ...................................................   Passed    0.20 sec
          Start  187: VectorFieldTest.ElementwiseAdditionExactValues
1706/1821 Test  #799: VTKWriterTest.MismatchedSizeThrows .......................................................................   Passed    0.20 sec
          Start  761: CSVWriterTest.WriteFieldsMismatchedSizeThrows
1707/1821 Test  #630: CaseValidationTest.NonPositiveViscosityIsRejected ........................................................   Passed    0.21 sec
          Start   98: CartesianMesh.RejectsInvalidInputs
1708/1821 Test  #640: CaseValidationTest.MissingPressureBlockIsRejected ........................................................   Passed    0.21 sec
          Start  263: SolverFailureTest.NaNMatrixRejectedAtConstruction
1709/1821 Test   #55: MeshGeometry.DistanceAndDisplacement .....................................................................   Passed    0.21 sec
          Start   93: CartesianMesh.OneByTwo
1710/1821 Test  #395: DivergenceTest.RotationalFieldIsDivergenceFree ...........................................................   Passed    0.21 sec
          Start  756: CSVWriterTest.WriteFieldsHeaderIsExact
1711/1821 Test  #789: JSONWriterTest.RepeatedWriteIsByteIdentical ..............................................................   Passed    0.20 sec
          Start  453: GridRefinementTest.GradientOfSmoothFieldConvergesAtSecondOrder
1712/1821 Test  #397: LaplacianTest.PhiXHasZeroLaplacian .......................................................................   Passed    0.21 sec
          Start  265: SolverFailureTest.CgFailsBeforeIteratingOnNanRhs
1713/1821 Test #1402: SIMPLESettingsTest.RejectsNegativeVelocityRelaxation .....................................................   Passed    0.20 sec
          Start  310: WallTest.NormalAndTangentialComponentsAreZeroOnAllOrientations
1714/1821 Test   #44: MeshFace.BoundaryFaceHasNoNeighbor .......................................................................   Passed    0.21 sec
          Start  305: FixedGradientTest.NonzeroGradient
1715/1821 Test  #317: OutletTest.VelocityZeroGradientReturnsOwnerValue .........................................................   Passed    0.20 sec
          Start  227: SparseMatrixTest.RejectsUnsortedColumnsWithinRow
1716/1821 Test  #762: CSVWriterTest.WriteFieldsNonFiniteValueThrows ............................................................   Passed    0.21 sec
          Start  624: CaseValidationTest.NegativeGeometryHeightIsRejected
1717/1821 Test  #610: CaseReaderTest.MalformedReferencedJsonThrowsIOError ......................................................   Passed    0.21 sec
          Start  517: ContinuityEquationTest.MismatchedMassFluxSizeThrows
1718/1821 Test   #92: CartesianMesh.TwoByOne ...................................................................................   Passed    0.20 sec
          Start  628: CaseValidationTest.StringNxIsRejected
1719/1821 Test  #623: CaseValidationTest.NonPositiveGeometryLengthIsRejected ...................................................   Passed    0.20 sec
          Start  800: VTKWriterTest.NonFiniteValueThrows
1720/1821 Test  #360: InterpolationTest.LinearFieldPhiYIsExactAtEveryFace ......................................................   Passed    0.20 sec
          Start   13: CFDAppCliMeshQualityWarning
1721/1821 Test  #187: VectorFieldTest.ElementwiseAdditionExactValues ...........................................................   Passed    0.20 sec
          Start    9: CFDAppCli_mesh_quality_invalid_cli
1722/1821 Test  #761: CSVWriterTest.WriteFieldsMismatchedSizeThrows ............................................................   Passed    0.19 sec
          Start   10: CFDAppCli_mesh_quality_disconnected_cli
1723/1821 Test   #98: CartesianMesh.RejectsInvalidInputs .......................................................................   Passed    0.19 sec
          Start   12: CFDAppCliMeshQualityDisconnectedIsFatal
1724/1821 Test  #263: SolverFailureTest.NaNMatrixRejectedAtConstruction ........................................................   Passed    0.19 sec
          Start   11: CFDAppCliMeshQualityInvalidNamesTheCell
1725/1821 Test   #93: CartesianMesh.OneByTwo ...................................................................................   Passed    0.19 sec
          Start    2: CFDAppCliValidCase
1726/1821 Test  #756: CSVWriterTest.WriteFieldsHeaderIsExact ...................................................................   Passed    0.19 sec
          Start    8: CFDAppCli_does_not_converge
1727/1821 Test  #453: GridRefinementTest.GradientOfSmoothFieldConvergesAtSecondOrder ...........................................   Passed    0.19 sec
          Start    6: CFDAppCli_bad_solver
1728/1821 Test  #265: SolverFailureTest.CgFailsBeforeIteratingOnNanRhs .........................................................   Passed    0.20 sec
          Start    5: CFDAppCli_bad_boundary
1729/1821 Test  #310: WallTest.NormalAndTangentialComponentsAreZeroOnAllOrientations ...........................................   Passed    0.20 sec
          Start    4: CFDAppCli_bad_physics
1730/1821 Test  #305: FixedGradientTest.NonzeroGradient ........................................................................   Passed    0.20 sec
          Start    3: CFDAppCli_missing_mesh
1731/1821 Test  #227: SparseMatrixTest.RejectsUnsortedColumnsWithinRow .........................................................   Passed    0.21 sec
          Start    7: CFDAppCli_malformed_json
1732/1821 Test  #624: CaseValidationTest.NegativeGeometryHeightIsRejected ......................................................   Passed    0.20 sec
          Start    1: CFDAppSmokeTest
1733/1821 Test  #517: ContinuityEquationTest.MismatchedMassFluxSizeThrows ......................................................   Passed    0.21 sec
          Start   73: MeshQualityReport.UniformSquareMeshHasTheIdealValueOfEveryMetric
1734/1821 Test  #628: CaseValidationTest.StringNxIsRejected ....................................................................   Passed    0.21 sec
          Start   74: MeshQualityReport.AspectRatioOfARectangleIsItsSideRatio
1735/1821 Test  #800: VTKWriterTest.NonFiniteValueThrows .......................................................................   Passed    0.20 sec
          Start   75: MeshQualityReport.RotatingAValidMeshChangesNoMetric
1736/1821 Test   #13: CFDAppCliMeshQualityWarning ..............................................................................   Passed    0.21 sec
          Start   76: MeshQualityReport.ExpansionRatioOfAGeometricGradingIsItsRatio
1737/1821 Test    #9: CFDAppCli_mesh_quality_invalid_cli .......................................................................   Passed    0.20 sec
          Start   77: MeshQualityReport.ShearedMeshHasTheShearAngleOnEveryFace
1738/1821 Test   #10: CFDAppCli_mesh_quality_disconnected_cli ..................................................................   Passed    0.20 sec
          Start   78: MeshQualityReport.WorstEntityIsTheArgmaxOfTheMeshGeometryDefinition
1739/1821 Test   #12: CFDAppCliMeshQualityDisconnectedIsFatal ..................................................................   Passed    0.20 sec
          Start   79: MeshQualityReport.MultiBlockInterfaceExpansionIsMeasured
1740/1821 Test   #11: CFDAppCliMeshQualityInvalidNamesTheCell ..................................................................   Passed    0.21 sec
          Start   80: MeshQualityReport.WarningsAreAggregatedPerMetricWithTheWorstEntity
1741/1821 Test    #2: CFDAppCliValidCase .......................................................................................   Passed    0.21 sec
          Start   81: MeshQualityReport.NonOrthogonalityBeyondSeventyDegreesIsAWarningNotAnError
1742/1821 Test    #8: CFDAppCli_does_not_converge ..............................................................................   Passed    0.21 sec
          Start   82: MeshQualityReport.SkewnessAndExpansionWarningsUseTheirThresholds
1743/1821 Test    #6: CFDAppCli_bad_solver .....................................................................................   Passed    0.21 sec
          Start   83: MeshQualityReport.NonOrthogonalMeshGetsAnInformationalCorrectionAdvice
1744/1821 Test    #5: CFDAppCli_bad_boundary ...................................................................................   Passed    0.21 sec
          Start   84: MeshQualityReport.DegenerateCellsAndFacesCannotBeConstructed
1745/1821 Test    #4: CFDAppCli_bad_physics ....................................................................................   Passed    0.21 sec
          Start   85: MeshQualityReport.BrokenConnectivityIsFatal
1746/1821 Test    #3: CFDAppCli_missing_mesh ...................................................................................   Passed    0.21 sec
          Start   86: MeshQualityReport.ReversedFaceOrientationIsFatal
1747/1821 Test    #7: CFDAppCli_malformed_json .................................................................................   Passed    0.21 sec
          Start   87: MeshQualityReport.BoundaryFaceMustBeInExactlyOnePatch
1748/1821 Test    #1: CFDAppSmokeTest ..........................................................................................   Passed    0.21 sec
          Start   88: MeshQualityReport.DisconnectedMeshIsFatal
1749/1821 Test   #73: MeshQualityReport.UniformSquareMeshHasTheIdealValueOfEveryMetric .........................................   Passed    0.21 sec
          Start   89: MeshQualityReport.FatalIssuesAreCappedWithACountOfTheRest
1750/1821 Test   #74: MeshQualityReport.AspectRatioOfARectangleIsItsSideRatio ..................................................   Passed    0.21 sec
          Start   90: MeshQualityReport.IdenticalMeshesGiveIdenticalReports
1751/1821 Test   #75: MeshQualityReport.RotatingAValidMeshChangesNoMetric ......................................................   Passed    0.20 sec
          Start  255: BiCGSTABBreakdown.Mesh004ThermalSystemsConvergeToTheRequestedTolerance
1752/1821 Test   #76: MeshQualityReport.ExpansionRatioOfAGeometricGradingIsItsRatio ............................................   Passed    0.21 sec
          Start  256: BiCGSTABBreakdown.ScalingTheSystemByAPowerOfTwoChangesNothing
1753/1821 Test   #77: MeshQualityReport.ShearedMeshHasTheShearAngleOnEveryFace .................................................   Passed    0.20 sec
          Start  257: BiCGSTABBreakdown.IllConditionedSystemIsSolvedAtAnyScale
1754/1821 Test   #78: MeshQualityReport.WorstEntityIsTheArgmaxOfTheMeshGeometryDefinition ......................................   Passed    0.22 sec
          Start  258: BiCGSTABBreakdown.TrueRhoBreakdownIsReported
1755/1821 Test   #79: MeshQualityReport.MultiBlockInterfaceExpansionIsMeasured .................................................   Passed    0.21 sec
          Start  259: BiCGSTABBreakdown.TrueDenominatorBreakdownIsReported
1756/1821 Test   #80: MeshQualityReport.WarningsAreAggregatedPerMetricWithTheWorstEntity .......................................   Passed    0.22 sec
          Start  260: BiCGSTABBreakdown.TrueOmegaBreakdownIsReported
1757/1821 Test   #81: MeshQualityReport.NonOrthogonalityBeyondSeventyDegreesIsAWarningNotAnError ...............................   Passed    0.21 sec
          Start  261: BiCGSTABBreakdown.ExactTerminationIsConvergedNotBreakdown
1758/1821 Test   #82: MeshQualityReport.SkewnessAndExpansionWarningsUseTheirThresholds .........................................   Passed    0.22 sec
          Start  262: BiCGSTABBreakdown.ZeroRhsAndExactGuessNeedNoIteration
1759/1821 Test   #83: MeshQualityReport.NonOrthogonalMeshGetsAnInformationalCorrectionAdvice ...................................   Passed    0.21 sec
          Start  791: JSONWriterTest.MeshQualityIsAbsentWhenNotGiven
1760/1821 Test   #84: MeshQualityReport.DegenerateCellsAndFacesCannotBeConstructed .............................................   Passed    0.21 sec
          Start  792: JSONWriterTest.MeshQualityIsExportedWithEveryMetricAndIssue
1761/1821 Test   #85: MeshQualityReport.BrokenConnectivityIsFatal ..............................................................   Passed    0.20 sec
          Start  793: JSONWriterTest.MeshQualityNonFiniteAndUnavailableValuesAreNull
1762/1821 Test   #86: MeshQualityReport.ReversedFaceOrientationIsFatal .........................................................   Passed    0.20 sec
          Start  833: MeshQualityCase.BuilderStoresTheProductionReportInTheSetup
1763/1821 Test   #87: MeshQualityReport.BoundaryFaceMustBeInExactlyOnePatch ....................................................   Passed    0.19 sec
          Start  834: MeshQualityCase.NonOrthogonalMeshCarriesTheCorrectionAdvice
1764/1821 Test   #88: MeshQualityReport.DisconnectedMeshIsFatal ................................................................   Passed    0.20 sec
          Start  835: MeshQualityCase.WarningMeshIsAcceptedNotRejected
1765/1821 Test   #89: MeshQualityReport.FatalIssuesAreCappedWithACountOfTheRest ................................................   Passed    0.20 sec
          Start  836: MeshQualityCase.InvalidMeshErrorCarriesTheSummaryAndEveryFatalIssue
1766/1821 Test   #90: MeshQualityReport.IdenticalMeshesGiveIdenticalReports ....................................................   Passed    0.21 sec
          Start 1302: ProjectRunnerTest.MeshQualityReportIsReturnedAndExported
1767/1821 Test  #255: BiCGSTABBreakdown.Mesh004ThermalSystemsConvergeToTheRequestedTolerance ...................................   Passed    0.21 sec
          Start 1303: ProjectRunnerTest.MeshQualityWarningDoesNotStopTheRun
1768/1821 Test  #256: BiCGSTABBreakdown.ScalingTheSystemByAPowerOfTwoChangesNothing ............................................   Passed    0.21 sec
          Start 1605: CavityGhiaValidation.Grid40x40ConvergesAndMatchesGhia
1769/1821 Test #1605: CavityGhiaValidation.Grid40x40ConvergesAndMatchesGhia ....................................................***Not Run (Disabled)   0.00 sec
          Start 1606: CavityGhiaValidation.Grid80x80ConvergesAndMatchesGhia
1770/1821 Test #1606: CavityGhiaValidation.Grid80x80ConvergesAndMatchesGhia ....................................................***Not Run (Disabled)   0.00 sec
          Start 1607: CavityGhiaValidation.GridConvergence
1771/1821 Test #1607: CavityGhiaValidation.GridConvergence .....................................................................***Not Run (Disabled)   0.00 sec
          Start 1610: CavityGhiaValidation.Re100Grid40
1772/1821 Test #1610: CavityGhiaValidation.Re100Grid40 .........................................................................***Not Run (Disabled)   0.00 sec
          Start 1611: CavityGhiaValidation.Re100Grid80
1773/1821 Test #1611: CavityGhiaValidation.Re100Grid80 .........................................................................***Not Run (Disabled)   0.00 sec
          Start 1612: CavityGhiaValidation.Re100Grid160
1774/1821 Test #1612: CavityGhiaValidation.Re100Grid160 ........................................................................***Not Run (Disabled)   0.00 sec
          Start 1613: CavityGhiaValidation.Re1000Grid40
1775/1821 Test #1613: CavityGhiaValidation.Re1000Grid40 ........................................................................***Not Run (Disabled)   0.00 sec
          Start 1614: CavityGhiaValidation.Re1000Grid80
1776/1821 Test #1614: CavityGhiaValidation.Re1000Grid80 ........................................................................***Not Run (Disabled)   0.00 sec
          Start 1615: CavityGhiaValidation.Re1000Grid160
1777/1821 Test #1615: CavityGhiaValidation.Re1000Grid160 .......................................................................***Not Run (Disabled)   0.00 sec
          Start 1616: CavityGhiaValidation.Re100Study
1778/1821 Test #1616: CavityGhiaValidation.Re100Study ..........................................................................***Not Run (Disabled)   0.00 sec
          Start 1617: CavityGhiaValidation.Re1000Study
1779/1821 Test #1617: CavityGhiaValidation.Re1000Study .........................................................................***Not Run (Disabled)   0.00 sec
          Start 1623: SchemeValidation.AccuracyCostComparisonFull
1780/1821 Test #1623: SchemeValidation.AccuracyCostComparisonFull ..............................................................***Not Run (Disabled)   0.00 sec
          Start 1627: PoiseuilleValidation.Grid128x16ConvergesAndMatchesAnalyticalProfile
1781/1821 Test #1627: PoiseuilleValidation.Grid128x16ConvergesAndMatchesAnalyticalProfile ......................................***Not Run (Disabled)   0.00 sec
          Start 1628: PoiseuilleValidation.Grid256x32ConvergesAndMatchesAnalyticalProfile
1782/1821 Test #1628: PoiseuilleValidation.Grid256x32ConvergesAndMatchesAnalyticalProfile ......................................***Not Run (Disabled)   0.00 sec
          Start 1657: NaturalConvectionValidation.Grid20x20MatchesDeVahlDavisRa1e3
1783/1821 Test #1657: NaturalConvectionValidation.Grid20x20MatchesDeVahlDavisRa1e3 .............................................***Not Run (Disabled)   0.00 sec
          Start 1663: CaseLidDrivenCavityIntegrationTest.ProductionCaseLoadsBuildsAndConverges
1784/1821 Test #1663: CaseLidDrivenCavityIntegrationTest.ProductionCaseLoadsBuildsAndConverges .................................***Not Run (Disabled)   0.00 sec
          Start 1717: MeshQualityCampaign.ManufacturedForcingMatchesFiniteDifferences
1785/1821 Test  #257: BiCGSTABBreakdown.IllConditionedSystemIsSolvedAtAnyScale .................................................   Passed    0.40 sec
          Start 1718: MeshQualityCampaign.ManufacturedSolutionSatisfiesTheCaseBoundaryConditions
1786/1821 Test  #258: BiCGSTABBreakdown.TrueRhoBreakdownIsReported .............................................................   Passed    0.39 sec
          Start 1719: MeshQualityCampaign.EachFamilysTargetedMetricIncreasesWithItsParameter
1787/1821 Test  #259: BiCGSTABBreakdown.TrueDenominatorBreakdownIsReported .....................................................   Passed    0.38 sec
          Start 1720: MeshQualityCampaign.InvalidMeshesAreRejectedBeforeTheSolverRuns
1788/1821 Test  #260: BiCGSTABBreakdown.TrueOmegaBreakdownIsReported ...........................................................   Passed    0.38 sec
          Start 1721: MeshQualityCampaign.ProductionPathManufacturedSolutionSmoke
1789/1821 Test  #261: BiCGSTABBreakdown.ExactTerminationIsConvergedNotBreakdown ................................................   Passed    0.37 sec
          Start 1722: MeshQualityCampaign.DegradationD1NonOrthogonality
1790/1821 Test #1722: MeshQualityCampaign.DegradationD1NonOrthogonality ........................................................***Not Run (Disabled)   0.00 sec
          Start 1723: MeshQualityCampaign.DegradationD2Irregularity
1791/1821 Test #1723: MeshQualityCampaign.DegradationD2Irregularity ............................................................***Not Run (Disabled)   0.00 sec
          Start 1724: MeshQualityCampaign.DegradationD3AspectRatio
1792/1821 Test #1724: MeshQualityCampaign.DegradationD3AspectRatio .............................................................***Not Run (Disabled)   0.00 sec
          Start 1725: MeshQualityCampaign.DegradationD4Expansion
1793/1821 Test #1725: MeshQualityCampaign.DegradationD4Expansion ...............................................................***Not Run (Disabled)   0.00 sec
          Start 1726: MeshQualityCampaign.ManufacturedSolutionCartesian
1794/1821 Test #1726: MeshQualityCampaign.ManufacturedSolutionCartesian ........................................................***Not Run (Disabled)   0.00 sec
          Start 1727: MeshQualityCampaign.ManufacturedSolutionSmoothCorrected
1795/1821 Test #1727: MeshQualityCampaign.ManufacturedSolutionSmoothCorrected ..................................................***Not Run (Disabled)   0.00 sec
          Start 1728: MeshQualityCampaign.ManufacturedSolutionSmoothUncorrected
1796/1821 Test #1728: MeshQualityCampaign.ManufacturedSolutionSmoothUncorrected ................................................***Not Run (Disabled)   0.00 sec
          Start 1729: MeshQualityCampaign.GridConvergenceIrregularFamily
1797/1821 Test #1729: MeshQualityCampaign.GridConvergenceIrregularFamily .......................................................***Not Run (Disabled)   0.00 sec
          Start 1754: ChannelFlowValidation.KEpsilonFineConvergesAndMatchesLogLaw
1798/1821 Test #1754: ChannelFlowValidation.KEpsilonFineConvergesAndMatchesLogLaw ..............................................***Not Run (Disabled)   0.00 sec
          Start 1757: ChannelFlowValidation.KOmegaFineConvergesAndMatchesLogLaw
1799/1821 Test #1757: ChannelFlowValidation.KOmegaFineConvergesAndMatchesLogLaw ................................................***Not Run (Disabled)   0.00 sec
          Start 1760: ChannelFlowValidation.SSTFineConvergesAndMatchesLogLaw
1800/1821 Test #1760: ChannelFlowValidation.SSTFineConvergesAndMatchesLogLaw ...................................................***Not Run (Disabled)   0.00 sec
          Start 1761: ChannelFlowValidation.KEpsilonGridRefinementReducesReTauError
1801/1821 Test #1761: ChannelFlowValidation.KEpsilonGridRefinementReducesReTauError ............................................***Not Run (Disabled)   0.00 sec
          Start 1768: TurbulentChannelValidation.Study
1802/1821 Test #1768: TurbulentChannelValidation.Study .........................................................................***Not Run (Disabled)   0.00 sec
          Start 1815: SIMPLEMMS.FineGridStudy
1803/1821 Test #1815: SIMPLEMMS.FineGridStudy ..................................................................................***Not Run (Disabled)   0.00 sec
          Start 1819: BackwardFacingStep.Converges
1804/1821 Test #1819: BackwardFacingStep.Converges .............................................................................***Not Run (Disabled)   0.00 sec
          Start 1820: BackwardFacingStep.MassConservation
1805/1821 Test #1820: BackwardFacingStep.MassConservation ......................................................................***Not Run (Disabled)   0.00 sec
          Start 1821: BackwardFacingStep.ReattachmentLength
1806/1821 Test #1821: BackwardFacingStep.ReattachmentLength ....................................................................***Not Run (Disabled)   0.00 sec
1807/1821 Test  #262: BiCGSTABBreakdown.ZeroRhsAndExactGuessNeedNoIteration ....................................................   Passed    0.59 sec
1808/1821 Test  #791: JSONWriterTest.MeshQualityIsAbsentWhenNotGiven ...........................................................   Passed    0.59 sec
1809/1821 Test  #792: JSONWriterTest.MeshQualityIsExportedWithEveryMetricAndIssue ..............................................   Passed    0.59 sec
1810/1821 Test  #793: JSONWriterTest.MeshQualityNonFiniteAndUnavailableValuesAreNull ...........................................   Passed    0.59 sec
1811/1821 Test  #833: MeshQualityCase.BuilderStoresTheProductionReportInTheSetup ...............................................   Passed    0.59 sec
1812/1821 Test  #834: MeshQualityCase.NonOrthogonalMeshCarriesTheCorrectionAdvice ..............................................   Passed    0.60 sec
1813/1821 Test  #835: MeshQualityCase.WarningMeshIsAcceptedNotRejected .........................................................   Passed    0.60 sec
1814/1821 Test  #836: MeshQualityCase.InvalidMeshErrorCarriesTheSummaryAndEveryFatalIssue ......................................   Passed    0.60 sec
1815/1821 Test #1302: ProjectRunnerTest.MeshQualityReportIsReturnedAndExported .................................................   Passed    0.59 sec
1816/1821 Test #1303: ProjectRunnerTest.MeshQualityWarningDoesNotStopTheRun ....................................................   Passed    0.60 sec
1817/1821 Test #1717: MeshQualityCampaign.ManufacturedForcingMatchesFiniteDifferences ..........................................   Passed    0.42 sec
1818/1821 Test #1718: MeshQualityCampaign.ManufacturedSolutionSatisfiesTheCaseBoundaryConditions ...............................   Passed    0.42 sec
1819/1821 Test #1720: MeshQualityCampaign.InvalidMeshesAreRejectedBeforeTheSolverRuns ..........................................   Passed    0.41 sec
1820/1821 Test #1719: MeshQualityCampaign.EachFamilysTargetedMetricIncreasesWithItsParameter ...................................   Passed    0.65 sec
1821/1821 Test #1721: MeshQualityCampaign.ProductionPathManufacturedSolutionSmoke ..............................................   Passed    9.33 sec

99% tests passed, 16 tests failed out of 1788

Label Time Summary:
integration    =   6.80 sec*proc (34 tests)
numerical      =  88.02 sec*proc (449 tests)
solver         =  95.51 sec*proc (205 tests)
unit           = 193.06 sec*proc (937 tests)
validation     = 1810.92 sec*proc (196 tests)

Total Test time (real) = 147.27 sec

The following tests did not run:
	1605 - CavityGhiaValidation.Grid40x40ConvergesAndMatchesGhia (Disabled)
	1606 - CavityGhiaValidation.Grid80x80ConvergesAndMatchesGhia (Disabled)
	1607 - CavityGhiaValidation.GridConvergence (Disabled)
	1610 - CavityGhiaValidation.Re100Grid40 (Disabled)
	1611 - CavityGhiaValidation.Re100Grid80 (Disabled)
	1612 - CavityGhiaValidation.Re100Grid160 (Disabled)
	1613 - CavityGhiaValidation.Re1000Grid40 (Disabled)
	1614 - CavityGhiaValidation.Re1000Grid80 (Disabled)
	1615 - CavityGhiaValidation.Re1000Grid160 (Disabled)
	1616 - CavityGhiaValidation.Re100Study (Disabled)
	1617 - CavityGhiaValidation.Re1000Study (Disabled)
	1623 - SchemeValidation.AccuracyCostComparisonFull (Disabled)
	1627 - PoiseuilleValidation.Grid128x16ConvergesAndMatchesAnalyticalProfile (Disabled)
	1628 - PoiseuilleValidation.Grid256x32ConvergesAndMatchesAnalyticalProfile (Disabled)
	1657 - NaturalConvectionValidation.Grid20x20MatchesDeVahlDavisRa1e3 (Disabled)
	1663 - CaseLidDrivenCavityIntegrationTest.ProductionCaseLoadsBuildsAndConverges (Disabled)
	1722 - MeshQualityCampaign.DegradationD1NonOrthogonality (Disabled)
	1723 - MeshQualityCampaign.DegradationD2Irregularity (Disabled)
	1724 - MeshQualityCampaign.DegradationD3AspectRatio (Disabled)
	1725 - MeshQualityCampaign.DegradationD4Expansion (Disabled)
	1726 - MeshQualityCampaign.ManufacturedSolutionCartesian (Disabled)
	1727 - MeshQualityCampaign.ManufacturedSolutionSmoothCorrected (Disabled)
	1728 - MeshQualityCampaign.ManufacturedSolutionSmoothUncorrected (Disabled)
	1729 - MeshQualityCampaign.GridConvergenceIrregularFamily (Disabled)
	1754 - ChannelFlowValidation.KEpsilonFineConvergesAndMatchesLogLaw (Disabled)
	1757 - ChannelFlowValidation.KOmegaFineConvergesAndMatchesLogLaw (Disabled)
	1760 - ChannelFlowValidation.SSTFineConvergesAndMatchesLogLaw (Disabled)
	1761 - ChannelFlowValidation.KEpsilonGridRefinementReducesReTauError (Disabled)
	1768 - TurbulentChannelValidation.Study (Disabled)
	1815 - SIMPLEMMS.FineGridStudy (Disabled)
	1819 - BackwardFacingStep.Converges (Disabled)
	1820 - BackwardFacingStep.MassConservation (Disabled)
	1821 - BackwardFacingStep.ReattachmentLength (Disabled)

The following tests FAILED:
	1504 - SIMPLERobustnessTest.LinearSolverFallbackRecovery (Failed)
	1602 - CompressibleSIMPLERobustnessTest.FallbackRecovery (Failed)
	1753 - ChannelFlowValidation.KEpsilonMediumConvergesAndMatchesLogLaw (Failed)
	1755 - ChannelFlowValidation.KOmegaCoarseConvergesAndMatchesLogLaw (Failed)
	1759 - ChannelFlowValidation.SSTMediumConvergesAndMatchesLogLaw (Failed)
	1762 - ChannelFlowValidation.LaminarControlDiffersSubstantiallyFromKEpsilon (Failed)
	1763 - ChannelFlowValidation.AllFourModelsProduceDistinctMuTAndNames (Failed)
	1766 - TurbulentChannelValidation.ReTau180 (Failed)
	1767 - TurbulentChannelValidation.LogLaw (Failed)
	1776 - SpeciesAdvectionDiffusionValidation.PureAdvectionTransportsInletValueDownstreamWithoutSourceOrSink (Failed)
	1779 - SpeciesConservationTest.OpenChannelSteadyStateInflowEqualsOutflowWithZeroSource (Failed)
	1781 - SpeciesSolverCouplingTest.TransportsThroughAGenuineSIMPLESolvedPoiseuilleFlow (Failed)
	1782 - SpeciesSolverCouplingTest.PassiveSpeciesDoesNotAlterVelocityOrThermalSolution (Failed)
	1783 - SpeciesSolverCouplingTest.TwoIndependentSpeciesShowNoCrossCoupling (Failed)
	1786 - AlphaAdvectionValidation.SlugTranslatesDownstreamWithApproximatelyCorrectDisplacement (Failed)
	1787 - AlphaAdvectionValidation.GridRefinementReducesInterfaceSmearing (Failed)
Errors while running CTest
release ctest exit 8
