# W10 debug_gui; 2026-09-17T12:04:07Z; git HEAD b66310ca871811c4c7671056beec291a451af55c
# cache: CFDAPP_BUILD_GUI:BOOL=ON CFDAPP_ENABLE_SANITIZERS:BOOL=OFF CMAKE_BUILD_TYPE:STRING=Debug 
# build OK: 472 lines, 239 s, warnings 6
# executables checked 44, older than the newest source: 0
# libcfdcore.a 06d5567f188dc470d73cbe11c2032d0d664b704443b1dc4a01f22cfb5fe2acd4
## ctest
Test project /mnt/c/Users/Hasib/Desktop/CFDAPP/CFDApp/build/debug
          Start 1818: CompressibleCoupledProductionCaseTest.RepeatedRunIsDeterministic
          Start 1786: NaturalConvectionValidation.GridConvergence
          Start 1955: SIMPLEMMS.DistortedMesh
          Start 1836: GradedMeshProductionCase.GradedGridConvergence
          Start 1814: CompressibleCoupledProductionCaseTest.DispatchesToCompressibleSimpleAndConverges
          Start 1815: CompressibleCoupledProductionCaseTest.MassFlowRateIsConservedAtEveryInternalCrossSection
          Start 1817: CompressibleCoupledProductionCaseTest.ExportsCoupledCompressibleFields
          Start 1816: CompressibleCoupledProductionCaseTest.MatchesArkilicIsothermalLubricationPressureProfile
          Start 1841: MultiBlockProductionCase.CurvedChannelGridConvergence
          Start 1950: SIMPLEMMS.VelocityConvergesAtExpectedOrder
          Start 1951: SIMPLEMMS.PressureConvergesAtExpectedOrder
          Start 1844: MultiBlockProductionCase.ObstacleChannelInternalSolid
          Start 1833: StructuredQuadProductionCase.SstChannelMatchesCartesianOnTiltedMesh
          Start 1827: StructuredQuadProductionCase.DistortedPoiseuilleGridConvergence
          Start 1762: PoiseuilleValidation.ProductionGridConvergence
          Start 1757: PoiseuilleValidation.GridConvergence
   1/2020 Test #1827: StructuredQuadProductionCase.DistortedPoiseuilleGridConvergence ..........................................   Passed  135.39 sec
          Start 1838: GradedMeshProductionCase.GradedVertexGridOnNonOrthogonalStructuredQuad
   2/2020 Test #1841: MultiBlockProductionCase.CurvedChannelGridConvergence ....................................................   Passed  137.81 sec
          Start 1750: SchemeValidation.AccuracyCostComparison
   3/2020 Test #1757: PoiseuilleValidation.GridConvergence .....................................................................   Passed  403.60 sec
          Start 1835: GradedMeshProductionCase.GradedMeshBeatsUniformAtEqualCellCount
   4/2020 Test #1951: SIMPLEMMS.PressureConvergesAtExpectedOrder ...............................................................   Passed  454.57 sec
          Start 1834: GradedMeshProductionCase.CommittedCaseRunsConservesAndExportsGradedGeometry
   5/2020 Test #1950: SIMPLEMMS.VelocityConvergesAtExpectedOrder ...............................................................   Passed  455.63 sec
          Start 1837: GradedMeshProductionCase.XAndYGradingTogether
   6/2020 Test #1833: StructuredQuadProductionCase.SstChannelMatchesCartesianOnTiltedMesh ......................................   Passed  470.33 sec
          Start 1952: SIMPLEMMS.ContinuityConverges
   7/2020 Test #1844: MultiBlockProductionCase.ObstacleChannelInternalSolid ....................................................   Passed  478.22 sec
          Start 1957: CompressibleSimpleMMS.SystemConvergence
   8/2020 Test #1750: SchemeValidation.AccuracyCostComparison ..................................................................   Passed  416.80 sec
          Start 1831: StructuredQuadProductionCase.CompressibleSimpleMatchesLubricationSolutionOnDistortedMesh
   9/2020 Test #1816: CompressibleCoupledProductionCaseTest.MatchesArkilicIsothermalLubricationPressureProfile .................   Passed  598.36 sec
          Start 1839: MultiBlockProductionCase.CurvedChannelCommittedCaseGate
  10/2020 Test #1814: CompressibleCoupledProductionCaseTest.DispatchesToCompressibleSimpleAndConverges .........................   Passed  598.41 sec
          Start 1840: MultiBlockProductionCase.CurvedChannelInterfacesAreTransparent
  11/2020 Test #1815: CompressibleCoupledProductionCaseTest.MassFlowRateIsConservedAtEveryInternalCrossSection .................   Passed  602.78 sec
          Start 1907: TurbulentChannelValidation.ReTau180
  12/2020 Test #1817: CompressibleCoupledProductionCaseTest.ExportsCoupledCompressibleFields ...................................   Passed  603.89 sec
          Start 1953: SIMPLEMMS.GlobalMassBalance
  13/2020 Test #1840: MultiBlockProductionCase.CurvedChannelInterfacesAreTransparent ...........................................   Passed   27.80 sec
          Start 1908: TurbulentChannelValidation.LogLaw
  14/2020 Test #1839: MultiBlockProductionCase.CurvedChannelCommittedCaseGate ..................................................   Passed   27.96 sec
          Start 1947: MomentumMMS.DistortedMesh
  15/2020 Test #1957: CompressibleSimpleMMS.SystemConvergence ..................................................................   Passed  252.20 sec
          Start 1784: NaturalConvectionValidation.Grid15x15MatchesDeVahlDavisRa1e3
  16/2020 Test #1947: MomentumMMS.DistortedMesh ................................................................................   Passed  122.51 sec
          Start 1904: ChannelFlowValidation.AllFourModelsProduceDistinctMuTAndNames
  17/2020 Test #1952: SIMPLEMMS.ContinuityConverges ............................................................................   Passed  294.50 sec
          Start 1829: StructuredQuadProductionCase.NonOrthogonalCorrectionIsActiveOnTheProductionPath
  18/2020 Test #1829: StructuredQuadProductionCase.NonOrthogonalCorrectionIsActiveOnTheProductionPath ..........................   Passed    7.11 sec
          Start 1618: SIMPLE3D.RhieChowRemovesACheckerboardPressure
  19/2020 Test #1907: TurbulentChannelValidation.ReTau180 ......................................................................   Passed  180.44 sec
          Start 1849: MeshQualityCampaign.ProductionPathManufacturedSolutionSmoke
  20/2020 Test #1908: TurbulentChannelValidation.LogLaw ........................................................................   Passed  177.02 sec
          Start 1589: SIMPLENonOrthogonalTest.CorrectedSolveIsCloserToExactCouetteFlowOnDistortedMesh
  21/2020 Test #1953: SIMPLEMMS.GlobalMassBalance ..............................................................................   Passed  207.12 sec
          Start 1843: MultiBlockProductionCase.StepChannelRegression
  22/2020 Test #1838: GradedMeshProductionCase.GradedVertexGridOnNonOrthogonalStructuredQuad ...................................   Passed  679.41 sec
          Start 1903: ChannelFlowValidation.LaminarControlDiffersSubstantiallyFromKEpsilon
  23/2020 Test #1831: StructuredQuadProductionCase.CompressibleSimpleMatchesLubricationSolutionOnDistortedMesh .................   Passed  267.14 sec
          Start 1585: SIMPLENonOrthogonalTest.DistortedMeshStrong
  24/2020 Test #1835: GradedMeshProductionCase.GradedMeshBeatsUniformAtEqualCellCount ..........................................   Passed  434.40 sec
          Start 1748: SchemeValidation.LinearUpwind
  25/2020 Test #1836: GradedMeshProductionCase.GradedGridConvergence ...........................................................   Passed  852.15 sec
          Start 1749: SchemeValidation.Quick
  26/2020 Test #1837: GradedMeshProductionCase.XAndYGradingTogether ............................................................   Passed  430.65 sec
          Start 1737: CavityGhiaValidation.Re100Grid20
  27/2020 Test #1834: GradedMeshProductionCase.CommittedCaseRunsConservesAndExportsGradedGeometry ..............................   Passed  434.08 sec
          Start 1906: ChannelFlowValidation.SSTIsDeterministic
  28/2020 Test #1762: PoiseuilleValidation.ProductionGridConvergence ...........................................................   Passed  899.24 sec
          Start 1747: SchemeValidation.Central
  29/2020 Test #1589: SIMPLENonOrthogonalTest.CorrectedSolveIsCloserToExactCouetteFlowOnDistortedMesh ..........................   Passed   96.25 sec
          Start 1945: MomentumMMS.VConverges
  30/2020 Test #1849: MeshQualityCampaign.ProductionPathManufacturedSolutionSmoke ..............................................   Passed  130.06 sec
          Start 1944: MomentumMMS.UConverges
  31/2020 Test #1585: SIMPLENonOrthogonalTest.DistortedMeshStrong ..............................................................   Passed   95.15 sec
          Start 1746: SchemeValidation.Upwind
  32/2020 Test #1955: SIMPLEMMS.DistortedMesh ..................................................................................   Passed  922.18 sec
          Start 1774: TwoMaterialConductionValidation.Grid80MatchesAnalyticalSolution
  33/2020 Test #1774: TwoMaterialConductionValidation.Grid80MatchesAnalyticalSolution ..........................................   Passed    0.32 sec
          Start 1900: ChannelFlowValidation.SSTMediumConvergesAndMatchesLogLaw
  34/2020 Test #1748: SchemeValidation.LinearUpwind ............................................................................   Passed  103.51 sec
          Start 1949: SIMPLEMMS.ConvergesFromNonExactInitialCondition
  35/2020 Test #1843: MultiBlockProductionCase.StepChannelRegression ...........................................................   Passed  131.86 sec
          Start 1736: CavityGhiaValidation.Grid20x20IsDeterministic
  36/2020 Test #1749: SchemeValidation.Quick ...................................................................................   Passed  101.02 sec
          Start 1828: StructuredQuadProductionCase.LeastSquaresGradientMatchesAnalyticalSolution
  37/2020 Test #1828: StructuredQuadProductionCase.LeastSquaresGradientMatchesAnalyticalSolution ...............................   Passed    4.00 sec
          Start 1826: StructuredQuadProductionCase.DistortedPoiseuilleMatchesAnalyticalSolution
  38/2020 Test #1826: StructuredQuadProductionCase.DistortedPoiseuilleMatchesAnalyticalSolution ................................   Passed    3.94 sec
          Start 1759: PoiseuilleValidation.Profile
  39/2020 Test #1945: MomentumMMS.VConverges ...................................................................................   Passed   91.53 sec
          Start 1760: PoiseuilleValidation.MassFlow
  40/2020 Test #1737: CavityGhiaValidation.Re100Grid20 .........................................................................   Passed  120.30 sec
          Start 1761: PoiseuilleValidation.PressureDrop
  41/2020 Test #1903: ChannelFlowValidation.LaminarControlDiffersSubstantiallyFromKEpsilon .....................................   Passed  197.75 sec
          Start 1832: StructuredQuadProductionCase.KEpsilonChannelMatchesCartesianOnTiltedMesh
  42/2020 Test #1944: MomentumMMS.UConverges ...................................................................................   Passed   99.38 sec
          Start 1789: NaturalConvectionValidation.RepeatedCoupledSolveIsBitIdentical
  43/2020 Test #1904: ChannelFlowValidation.AllFourModelsProduceDistinctMuTAndNames ............................................   Passed  270.33 sec
          Start 1897: ChannelFlowValidation.KOmegaMediumConvergesAndMatchesLogLaw
  44/2020 Test #1747: SchemeValidation.Central .................................................................................   Passed  125.03 sec
          Start 1583: SIMPLENonOrthogonalTest.DistortedMeshMild
  45/2020 Test #1949: SIMPLEMMS.ConvergesFromNonExactInitialCondition ..........................................................   Passed   93.55 sec
          Start 1584: SIMPLENonOrthogonalTest.DistortedMeshModerate
  46/2020 Test #1759: PoiseuilleValidation.Profile .............................................................................   Passed   77.39 sec
          Start 1899: ChannelFlowValidation.SSTCoarseConvergesAndMatchesLogLaw
  47/2020 Test #1746: SchemeValidation.Upwind ..................................................................................   Passed  127.84 sec
          Start 1859: Duct3DProductionCase.CommittedDuctRunsConservesAndExports
  48/2020 Test #1760: PoiseuilleValidation.MassFlow ............................................................................   Passed   77.49 sec
          Start 1753: TransientCavityTest.LongTimeTransientApproachesValidatedSteadySimple
  49/2020 Test #1784: NaturalConvectionValidation.Grid15x15MatchesDeVahlDavisRa1e3 .............................................   Passed  341.14 sec
          Start 1732: CavityGhiaValidation.Grid20x20ConvergesAndMatchesGhia
  50/2020 Test #1761: PoiseuilleValidation.PressureDrop ........................................................................   Passed   77.50 sec
          Start 1540: SIMPLEConvergenceTest.CavityRe100_20x20Converges
  51/2020 Test #1583: SIMPLENonOrthogonalTest.DistortedMeshMild ................................................................   Passed   62.26 sec
          Start 1866: LidDrivenCube3DProductionCase.CommittedLightCubeRunsAndIsMeasured
  52/2020 Test #1832: StructuredQuadProductionCase.KEpsilonChannelMatchesCartesianOnTiltedMesh .................................   Passed   76.53 sec
          Start 1813: CompressibleProductionCaseTest.RepeatedRunsAreDeterministic
  53/2020 Test #1906: ChannelFlowValidation.SSTIsDeterministic .................................................................   Passed  205.10 sec
          Start 1758: PoiseuilleValidation.Grid64x8IsDeterministic
  54/2020 Test #1584: SIMPLENonOrthogonalTest.DistortedMeshModerate ............................................................   Passed   62.66 sec
          Start 1768: HeatedCavityConductionValidation.Grid80x80MatchesAnalyticalProfile
  55/2020 Test #1768: HeatedCavityConductionValidation.Grid80x80MatchesAnalyticalProfile .......................................   Passed    1.07 sec
          Start 1587: SIMPLENonOrthogonalTest.NonOrthogonalDeterministic
  56/2020 Test #1618: SIMPLE3D.RhieChowRemovesACheckerboardPressure ............................................................   Passed  347.51 sec
          Start 1942: ScalarMMS.AdvectionDiffusionConverges
  57/2020 Test #1900: ChannelFlowValidation.SSTMediumConvergesAndMatchesLogLaw .................................................   Passed  202.68 sec
          Start 1905: ChannelFlowValidation.KEpsilonIsDeterministic
  58/2020 Test #1786: NaturalConvectionValidation.GridConvergence ..............................................................   Passed  1143.01 sec
          Start 1601: SIMPLERobustnessTest.StagnationStatus
  59/2020 Test #1897: ChannelFlowValidation.KOmegaMediumConvergesAndMatchesLogLaw ..............................................   Passed  126.56 sec
          Start 1894: ChannelFlowValidation.KEpsilonMediumConvergesAndMatchesLogLaw
  60/2020 Test #1899: ChannelFlowValidation.SSTCoarseConvergesAndMatchesLogLaw .................................................   Passed  107.85 sec
          Start 1940: LowMachRegressionTest.GridRefinementKeepsAllMetricsSmall
  61/2020 Test #1813: CompressibleProductionCaseTest.RepeatedRunsAreDeterministic ..............................................   Passed   67.72 sec
          Start 1896: ChannelFlowValidation.KOmegaCoarseConvergesAndMatchesLogLaw
  62/2020 Test #1587: SIMPLENonOrthogonalTest.NonOrthogonalDeterministic .......................................................   Passed   58.35 sec
          Start 1783: NaturalConvectionValidation.Grid10x10ConstantPropertyModelsMatchDeVahlDavisRa1e3
  63/2020 Test #1942: ScalarMMS.AdvectionDiffusionConverges ....................................................................   Passed   42.50 sec
          Start 1787: NaturalConvectionValidation.HotFluidRisesNearHotWallColdFluidSinksNearColdWall
  64/2020 Test #1859: Duct3DProductionCase.CommittedDuctRunsConservesAndExports ................................................   Passed  139.49 sec
          Start 1782: NaturalConvectionValidation.Grid10x10MatchesDeVahlDavisRa1e3
  65/2020 Test #1601: SIMPLERobustnessTest.StagnationStatus ....................................................................   Passed   41.96 sec
          Start 1809: CompressibleProductionCaseTest.OutletBoundaryMassFluxUsesReferencePressureDensity
  66/2020 Test #1866: LidDrivenCube3DProductionCase.CommittedLightCubeRunsAndIsMeasured ........................................   Passed  106.18 sec
          Start 1819: CompressibleCoupledProductionCaseTest.NonCoupledCaseStillUsesPostHocPathUnchanged
  67/2020 Test #1905: ChannelFlowValidation.KEpsilonIsDeterministic ............................................................   Passed   72.90 sec
          Start 1586: SIMPLENonOrthogonalTest.NonOrthogonalMassConservation
  68/2020 Test #1732: CavityGhiaValidation.Grid20x20ConvergesAndMatchesGhia ....................................................   Passed  130.87 sec
          Start 1727: CompressibleSIMPLENonOrthogonalTest.NonOrthogonalOpenChannel
  69/2020 Test #1736: CavityGhiaValidation.Grid20x20IsDeterministic ............................................................   Passed  259.89 sec
          Start 1962: MMSSimple3DTest.ErrorsDecreaseOnCoarseLevels
  70/2020 Test #1758: PoiseuilleValidation.Grid64x8IsDeterministic .............................................................   Passed  118.54 sec
          Start 1764: TransientPoiseuilleTest.LongTimeTransientApproachesValidatedSteadySimple
  71/2020 Test #1540: SIMPLEConvergenceTest.CavityRe100_20x20Converges .........................................................   Passed  132.22 sec
          Start 1423: VisualizationSnapshotTest.CompressibleCaseExposesThermodynamicFieldsLiveAndReloaded
  72/2020 Test #1894: ChannelFlowValidation.KEpsilonMediumConvergesAndMatchesLogLaw ............................................   Passed   71.46 sec
          Start 1941: LowMachRegressionTest.RepeatedRunIsDeterministic
  73/2020 Test #1809: CompressibleProductionCaseTest.OutletBoundaryMassFluxUsesReferencePressureDensity ........................   Passed   32.61 sec
          Start 1943: ScalarMMS.DistortedMeshNonOrthogonalCorrection
  74/2020 Test #1896: ChannelFlowValidation.KOmegaCoarseConvergesAndMatchesLogLaw ..............................................   Passed   65.86 sec
          Start 1807: CompressibleProductionCaseTest.MachNumberStaysWellBelowPointOneAndEosIsConsistent
  75/2020 Test #1753: TransientCavityTest.LongTimeTransientApproachesValidatedSteadySimple .....................................   Passed  156.10 sec
          Start 1923: SpeciesSolverCouplingTest.PassiveSpeciesDoesNotAlterVelocityOrThermalSolution
  76/2020 Test #1819: CompressibleCoupledProductionCaseTest.NonCoupledCaseStillUsesPostHocPathUnchanged ........................   Passed   32.44 sec
          Start 1810: CompressibleProductionCaseTest.ExportsCompressibleFieldsToCsvVtkAndJson
  77/2020 Test #1586: SIMPLENonOrthogonalTest.NonOrthogonalMassConservation ....................................................   Passed   30.26 sec
          Start 1754: PoiseuilleValidation.Grid64x8ConvergesAndMatchesAnalyticalProfile
  78/2020 Test #1789: NaturalConvectionValidation.RepeatedCoupledSolveIsBitIdentical ...........................................   Passed  218.96 sec
          Start 1808: CompressibleProductionCaseTest.ContinuityImbalanceIsSmall
  79/2020 Test #1727: CompressibleSIMPLENonOrthogonalTest.NonOrthogonalOpenChannel .............................................   Passed   29.39 sec
          Start 1806: CompressibleProductionCaseTest.RunsEndToEndAndConverges
  80/2020 Test #1943: ScalarMMS.DistortedMeshNonOrthogonalCorrection ...........................................................   Passed   23.29 sec
          Start 1893: ChannelFlowValidation.KEpsilonCoarseConvergesAndMatchesLogLaw
  81/2020 Test #1940: LowMachRegressionTest.GridRefinementKeepsAllMetricsSmall .................................................   Passed   99.93 sec
          Start 2014: CaseEditingTest.MultiBlockCaseLoadsValidatesSavesAndRunsFromTheGui
  82/2020 Test #1423: VisualizationSnapshotTest.CompressibleCaseExposesThermodynamicFieldsLiveAndReloaded ......................   Passed   33.82 sec
          Start 1729: CompressibleSIMPLERobustnessTest.RobustnessRegression
  83/2020 Test #1807: CompressibleProductionCaseTest.MachNumberStaysWellBelowPointOneAndEosIsConsistent ........................   Passed   33.28 sec
          Start 1582: SIMPLENonOrthogonalTest.NonOrthogonalCorrectionsZeroPreservesBaseline
  84/2020 Test #1810: CompressibleProductionCaseTest.ExportsCompressibleFieldsToCsvVtkAndJson ..................................   Passed   33.48 sec
          Start 1620: SIMPLE3D.NonOrthogonalCorrectionPassesAgreeWithUncorrectedOnCartesianHexahedra
  85/2020 Test #1962: MMSSimple3DTest.ErrorsDecreaseOnCoarseLevels .............................................................   Passed   59.62 sec
          Start 1728: CompressibleSIMPLENonOrthogonalTest.LowMachRegression
  86/2020 Test #1808: CompressibleProductionCaseTest.ContinuityImbalanceIsSmall ................................................   Passed   33.67 sec
          Start 1606: SIMPLERobustnessTest.Deterministic
  87/2020 Test #1806: CompressibleProductionCaseTest.RunsEndToEndAndConverges ..................................................   Passed   34.09 sec
          Start 1600: SIMPLERobustnessTest.NormalizedResidualConvergence
  88/2020 Test #1729: CompressibleSIMPLERobustnessTest.RobustnessRegression ....................................................   Passed   16.25 sec
          Start 1924: SpeciesSolverCouplingTest.TwoIndependentSpeciesShowNoCrossCoupling
  89/2020 Test #1787: NaturalConvectionValidation.HotFluidRisesNearHotWallColdFluidSinksNearColdWall ...........................   Passed  110.68 sec
          Start 1954: SIMPLEMMS.Deterministic
  90/2020 Test #1582: SIMPLENonOrthogonalTest.NonOrthogonalCorrectionsZeroPreservesBaseline ....................................   Passed   21.14 sec
          Start 1922: SpeciesSolverCouplingTest.TransportsThroughAGenuineSIMPLESolvedPoiseuilleFlow
  91/2020 Test #1893: ChannelFlowValidation.KEpsilonCoarseConvergesAndMatchesLogLaw ............................................   Passed   37.43 sec
          Start 1939: LowMachRegressionTest.GlobalMassImbalanceIsSmall
  92/2020 Test #1606: SIMPLERobustnessTest.Deterministic .......................................................................   Passed   14.24 sec
          Start 1602: SIMPLERobustnessTest.NormalConvergenceIsNotStagnationOrDivergence
  93/2020 Test #1728: CompressibleSIMPLENonOrthogonalTest.LowMachRegression ....................................................   Passed   17.40 sec
          Start 1936: LowMachRegressionTest.DensityVariationIsSmallRelativeToReferenceDensity
  94/2020 Test #1923: SpeciesSolverCouplingTest.PassiveSpeciesDoesNotAlterVelocityOrThermalSolution ............................   Passed   55.89 sec
          Start 1608: SIMPLERobustnessTest.BookkeepingOverheadIsSmall
  95/2020 Test #1954: SIMPLEMMS.Deterministic ..................................................................................   Passed    8.65 sec
          Start 1937: LowMachRegressionTest.EosConsistencyErrorIsAtFloatingPointTolerance
  96/2020 Test #1600: SIMPLERobustnessTest.NormalizedResidualConvergence .......................................................   Passed   16.25 sec
          Start 1935: LowMachRegressionTest.MachNumberStaysWellBelowPointOne
  97/2020 Test #2014: CaseEditingTest.MultiBlockCaseLoadsValidatesSavesAndRunsFromTheGui .......................................   Passed   36.90 sec
          Start 1938: LowMachRegressionTest.CompressibleMassFluxApproachesTheIncompressibleLimit
  98/2020 Test #1941: LowMachRegressionTest.RepeatedRunIsDeterministic .........................................................   Passed   69.37 sec
          Start 1775: TwoMaterialConductionValidation.GridRefinementDoesNotDegradeAccuracy
  99/2020 Test #1775: TwoMaterialConductionValidation.GridRefinementDoesNotDegradeAccuracy .....................................   Passed    0.08 sec
          Start 1773: TwoMaterialConductionValidation.Grid40MatchesAnalyticalSolution
 100/2020 Test #1773: TwoMaterialConductionValidation.Grid40MatchesAnalyticalSolution ..........................................   Passed    0.08 sec
          Start 1730: CompressibleSIMPLERobustnessTest.FallbackRecovery
 101/2020 Test #1754: PoiseuilleValidation.Grid64x8ConvergesAndMatchesAnalyticalProfile ........................................   Passed   60.76 sec
          Start 1604: SIMPLERobustnessTest.AdaptiveRelaxationRecovery
 102/2020 Test #1764: TransientPoiseuilleTest.LongTimeTransientApproachesValidatedSteadySimple .................................   Passed   77.11 sec
          Start 1617: SIMPLE3D.PressureReferenceDoesNotChangeVelocityOrFlux
 103/2020 Test #1620: SIMPLE3D.NonOrthogonalCorrectionPassesAgreeWithUncorrectedOnCartesianHexahedra ...........................   Passed   33.21 sec
          Start 1497: ProductionValidationTest.SimpleCountsLinearIterations
 104/2020 Test #1602: SIMPLERobustnessTest.NormalConvergenceIsNotStagnationOrDivergence ........................................   Passed   12.53 sec
          Start 1752: TransientCavityTest.ImpulsiveStartReachesFiniteConservativeStateAndDevelopsRecirculation
 105/2020 Test #1608: SIMPLERobustnessTest.BookkeepingOverheadIsSmall ..........................................................   Passed   12.53 sec
          Start 1726: CompressibleSIMPLENonOrthogonalTest.NonOrthogonalPressureCorrection
 106/2020 Test #1730: CompressibleSIMPLERobustnessTest.FallbackRecovery ........................................................   Passed   10.87 sec
          Start 1763: TransientPoiseuilleTest.StartupChannelReachesFiniteConservativeStateAndDevelopsProfile
 107/2020 Test #1924: SpeciesSolverCouplingTest.TwoIndependentSpeciesShowNoCrossCoupling .......................................   Passed   32.01 sec
          Start 1605: SIMPLERobustnessTest.LinearSolverFallbackRecovery
 108/2020 Test #1604: SIMPLERobustnessTest.AdaptiveRelaxationRecovery ..........................................................   Passed   10.07 sec
          Start 1621: SIMPLE3D.PlugFlowIsExactInAllSixDirections
 109/2020 Test #1726: CompressibleSIMPLENonOrthogonalTest.NonOrthogonalPressureCorrection ......................................   Passed    8.46 sec
          Start 1765: TemporalRefinementTest.ImplicitEulerConvergesAtApproximatelyFirstOrderOnRealPisoChannel
 110/2020 Test #1497: ProductionValidationTest.SimpleCountsLinearIterations ....................................................   Passed   11.39 sec
          Start 1496: ProductionValidationTest.MakeSimpleRunRecordsSolverAndCost
 111/2020 Test #1922: SpeciesSolverCouplingTest.TransportsThroughAGenuineSIMPLESolvedPoiseuilleFlow ............................   Passed   27.53 sec
          Start 1399: ProjectRunnerTest.StagnationDetectionReportsDidNotConverge
 112/2020 Test #1605: SIMPLERobustnessTest.LinearSolverFallbackRecovery ........................................................   Passed    7.69 sec
          Start 1622: SIMPLE3D.CouetteFlowIsExactForMovingWallsOnThreeAxes
 113/2020 Test #1818: CompressibleCoupledProductionCaseTest.RepeatedRunIsDeterministic .........................................   Passed  1307.55 sec
          Start 1767: HeatedCavityConductionValidation.Grid40x40MatchesAnalyticalProfile
 114/2020 Test #1767: HeatedCavityConductionValidation.Grid40x40MatchesAnalyticalProfile .......................................   Passed    0.23 sec
          Start 1577: SIMPLEGpuSolverTest.GpuBackendReproducesCpuCavitySolutionWithinTolerance
 115/2020 Test #1617: SIMPLE3D.PressureReferenceDoesNotChangeVelocityOrFlux ....................................................   Passed   19.58 sec
          Start 1769: HeatedCavityConductionValidation.GridRefinementDoesNotDegradeAccuracy
 116/2020 Test #1496: ProductionValidationTest.MakeSimpleRunRecordsSolverAndCost ...............................................   Passed    5.77 sec
          Start 1914: SpeciesAdvectionDiffusionValidation.DiffusionDominatedRegimePe0p1MatchesAnalytical
 117/2020 Test #1769: HeatedCavityConductionValidation.GridRefinementDoesNotDegradeAccuracy ....................................   Passed    0.23 sec
          Start 1915: SpeciesAdvectionDiffusionValidation.MixedRegimePe5MatchesAnalytical
 118/2020 Test #1399: ProjectRunnerTest.StagnationDetectionReportsDidNotConverge ...............................................   Passed    5.12 sec
          Start 1731: CompressibleSIMPLERobustnessTest.LowMachRegression
 119/2020 Test #1939: LowMachRegressionTest.GlobalMassImbalanceIsSmall .........................................................   Passed   33.64 sec
          Start 1830: StructuredQuadProductionCase.ThermalAndSpeciesMatchLinearProfilesOnDistortedSlab
 120/2020 Test #1577: SIMPLEGpuSolverTest.GpuBackendReproducesCpuCavitySolutionWithinTolerance .................................   Passed    4.61 sec
          Start 1581: SIMPLENonOrthogonalTest.CartesianExtraPassesOnlyDifferByLinearSolverTolerance
 121/2020 Test #1936: LowMachRegressionTest.DensityVariationIsSmallRelativeToReferenceDensity ..................................   Passed   33.61 sec
          Start 1113: ThermalNonOrthogonalTest.NonOrthogonalDiffusion
 122/2020 Test #1731: CompressibleSIMPLERobustnessTest.LowMachRegression .......................................................   Passed    3.87 sec
          Start 1096: ThermalSolverVariablePropertiesTest.VariableConductivityMatchesManufacturedAnalyticalProfile
 123/2020 Test #1096: ThermalSolverVariablePropertiesTest.VariableConductivityMatchesManufacturedAnalyticalProfile .............   Passed    0.16 sec
          Start 1986: CaseEditingTest.MeshEditRoundTripsThroughSaveReopenAndRunsThroughProjectRunner
 124/2020 Test #1581: SIMPLENonOrthogonalTest.CartesianExtraPassesOnlyDifferByLinearSolverTolerance ............................   Passed    2.43 sec
          Start 1619: SIMPLE3D.NonOrthogonalCorrectionIsExactlyInertOnCartesianHexahedra
 125/2020 Test #1622: SIMPLE3D.CouetteFlowIsExactForMovingWallsOnThreeAxes .....................................................   Passed    8.84 sec
          Start 1578: SIMPLEGpuSolverTest.GpuBackendSatisfiesTheSameConvergenceCriteria
 126/2020 Test #1937: LowMachRegressionTest.EosConsistencyErrorIsAtFloatingPointTolerance ......................................   Passed   33.67 sec
          Start 1599: SIMPLERobustnessTest.DefaultRobustnessPreservesBaseline
 127/2020 Test #1765: TemporalRefinementTest.ImplicitEulerConvergesAtApproximatelyFirstOrderOnRealPisoChannel ..................   Passed   13.77 sec
          Start 1847: MeshQualityCampaign.EachFamilysTargetedMetricIncreasesWithItsParameter
 128/2020 Test #1763: TransientPoiseuilleTest.StartupChannelReachesFiniteConservativeStateAndDevelopsProfile ...................   Passed   18.00 sec
          Start 1564: SIMPLETurbulenceModelsTest.LaminarKEpsilonKOmegaAndSSTProduceDistinctModelsAndMuT
 129/2020 Test #1830: StructuredQuadProductionCase.ThermalAndSpeciesMatchLinearProfilesOnDistortedSlab .........................   Passed    3.87 sec
          Start 1115: ThermalNonOrthogonalTest.PrescribedFluxWallsKeepEnergyBalance
 130/2020 Test #1621: SIMPLE3D.PlugFlowIsExactInAllSixDirections ...............................................................   Passed   16.66 sec
          Start 1776: TwoMaterialConductionValidation.RepeatedSolveIsDeterministic
 131/2020 Test #1935: LowMachRegressionTest.MachNumberStaysWellBelowPointOne ...................................................   Passed   33.66 sec
          Start 1824: HeatedSpeciesDiffusionProductionCaseTest.RepeatedRunsAreDeterministic
 132/2020 Test #1115: ThermalNonOrthogonalTest.PrescribedFluxWallsKeepEnergyBalance ............................................   Passed    0.07 sec
          Start   15: CFDAppCli3D_valid_cube3d_cli_smoke
 133/2020 Test #1776: TwoMaterialConductionValidation.RepeatedSolveIsDeterministic .............................................   Passed    0.05 sec
          Start   14: CFDAppCli3D_valid_duct3d_cli_smoke
 134/2020 Test #1113: ThermalNonOrthogonalTest.NonOrthogonalDiffusion ..........................................................   Passed    2.67 sec
          Start 1959: MMS3DTest.OperatorErrorsDecreaseOnCoarseLevels
 135/2020 Test #1752: TransientCavityTest.ImpulsiveStartReachesFiniteConservativeStateAndDevelopsRecirculation .................   Passed   24.26 sec
          Start   18: CFDAppCli3D_invalid_3d_thermal
 136/2020 Test #1986: CaseEditingTest.MeshEditRoundTripsThroughSaveReopenAndRunsThroughProjectRunner ...........................   Passed    2.65 sec
          Start   16: CFDAppCli3D_invalid_3d_box_without_nz
 137/2020 Test #1938: LowMachRegressionTest.CompressibleMassFluxApproachesTheIncompressibleLimit ...............................   Passed   33.53 sec
          Start 1842: MultiBlockProductionCase.SectorConductionInterfaceConservation
 138/2020 Test #1599: SIMPLERobustnessTest.DefaultRobustnessPreservesBaseline ..................................................   Passed    2.00 sec
          Start   17: CFDAppCli3D_invalid_3d_two_component_velocity
 139/2020 Test #1578: SIMPLEGpuSolverTest.GpuBackendSatisfiesTheSameConvergenceCriteria ........................................   Passed    2.30 sec
          Start 1424: VisualizationSnapshotTest.ThreeDimensionalResultLiveAndReloaded
 140/2020 Test   #18: CFDAppCli3D_invalid_3d_thermal ...........................................................................   Passed    1.41 sec
          Start 1779: BoussinesqCouplingTest.ReversingGravityReversesCirculationDirection
 141/2020 Test   #16: CFDAppCli3D_invalid_3d_box_without_nz ....................................................................   Passed    1.38 sec
          Start 1781: BoussinesqCouplingTest.RepeatedCoupledSolveIsBitIdentical
 142/2020 Test #1847: MeshQualityCampaign.EachFamilysTargetedMetricIncreasesWithItsParameter ...................................   Passed    2.76 sec
          Start 1977: SimulationControllerTest.RunPublishesAUsableResultSnapshot
 143/2020 Test #1824: HeatedSpeciesDiffusionProductionCaseTest.RepeatedRunsAreDeterministic ....................................   Passed    2.46 sec
          Start 2008: CaseEditingTest.FullCaseCreationFromScratchValidatesSavesRunsAndMatchesCli
 144/2020 Test   #17: CFDAppCli3D_invalid_3d_two_component_velocity ............................................................   Passed    1.38 sec
          Start 1573: SIMPLEBuoyancyTest.RepeatedBuoyantSolveIsBitIdentical
 145/2020 Test   #14: CFDAppCli3D_valid_duct3d_cli_smoke .......................................................................   Passed    2.62 sec
          Start 1820: HeatedSpeciesDiffusionProductionCaseTest.RunsEndToEndAndConverges
 146/2020 Test   #15: CFDAppCli3D_valid_cube3d_cli_smoke .......................................................................   Passed    2.87 sec
          Start 1715: CompressibleSimpleTest.ReducesToIncompressibleSimpleWithNegligibleCompressibility
 147/2020 Test #1424: VisualizationSnapshotTest.ThreeDimensionalResultLiveAndReloaded ..........................................   Passed    1.70 sec
          Start 1798: SpeciesProductionCaseTest.RepeatedRunsAreDeterministic
 148/2020 Test #1619: SIMPLE3D.NonOrthogonalCorrectionIsExactlyInertOnCartesianHexahedra .......................................   Passed    4.28 sec
          Start 1821: HeatedSpeciesDiffusionProductionCaseTest.BothFieldsMatchAnalyticalProfilesSimultaneously
 149/2020 Test #1842: MultiBlockProductionCase.SectorConductionInterfaceConservation ...........................................   Passed    2.69 sec
          Start 1823: HeatedSpeciesDiffusionProductionCaseTest.ExportsBothFieldsToCsvVtkAndJson
 150/2020 Test #1915: SpeciesAdvectionDiffusionValidation.MixedRegimePe5MatchesAnalytical ......................................   Passed   10.31 sec
          Start 1822: HeatedSpeciesDiffusionProductionCaseTest.BothFieldsConserveFluxIndependently
 151/2020 Test #2008: CaseEditingTest.FullCaseCreationFromScratchValidatesSavesRunsAndMatchesCli ...............................   Passed    1.39 sec
          Start 1772: TwoMaterialConductionValidation.Grid20MatchesAnalyticalSolution
 152/2020 Test #1715: CompressibleSimpleTest.ReducesToIncompressibleSimpleWithNegligibleCompressibility ........................   Passed    1.00 sec
          Start 1420: LoadSnapshotFromResultsTest.CrlfResultsFilesReload
 153/2020 Test #1772: TwoMaterialConductionValidation.Grid20MatchesAnalyticalSolution ..........................................   Passed    0.07 sec
          Start 1717: CompressibleSimpleTest.RepeatedRunIsDeterministic
 154/2020 Test #1820: HeatedSpeciesDiffusionProductionCaseTest.RunsEndToEndAndConverges ........................................   Passed    1.37 sec
          Start 1916: SpeciesAdvectionDiffusionValidation.AdvectionDominatedRegimePe50MatchesAnalyticalWithinUpwindDiffusion
 155/2020 Test #1977: SimulationControllerTest.RunPublishesAUsableResultSnapshot ...............................................   Passed    1.90 sec
          Start 1788: NaturalConvectionValidation.ZeroBetaRecoversPureConductionProfile
 156/2020 Test #1914: SpeciesAdvectionDiffusionValidation.DiffusionDominatedRegimePe0p1MatchesAnalytical .......................   Passed   11.02 sec
          Start 1303: SpeciesNonOrthogonalTest.NonOrthogonalDiffusion
 157/2020 Test #1821: HeatedSpeciesDiffusionProductionCaseTest.BothFieldsMatchAnalyticalProfilesSimultaneously .................   Passed    1.30 sec
          Start 2019: CaseEditingTest.ThreeDimensionalCaseLoadsValidatesPreservesZAndRunsFromTheGui
 158/2020 Test #1959: MMS3DTest.OperatorErrorsDecreaseOnCoarseLevels ...........................................................   Passed    4.30 sec
          Start 1425: VisualizationSnapshotTest.TwoDimensionalResultHasNoThirdComponent
 159/2020 Test #1788: NaturalConvectionValidation.ZeroBetaRecoversPureConductionProfile ........................................   Passed    0.65 sec
          Start 2007: CaseEditingTest.BoundaryEditRoundTripsThroughSaveReopenAndRuns
 160/2020 Test #1420: LoadSnapshotFromResultsTest.CrlfResultsFilesReload .......................................................   Passed    0.87 sec
          Start 1848: MeshQualityCampaign.InvalidMeshesAreRejectedBeforeTheSolverRuns
 161/2020 Test #1823: HeatedSpeciesDiffusionProductionCaseTest.ExportsBothFieldsToCsvVtkAndJson ................................   Passed    1.32 sec
          Start 1569: SIMPLEBuoyancyTest.RealBuoyancySourceChangesConvergedVelocityField
 162/2020 Test #1573: SIMPLEBuoyancyTest.RepeatedBuoyantSolveIsBitIdentical ....................................................   Passed    2.34 sec
          Start 1095: ThermalSolverVariablePropertiesTest.RepeatedSolveIsDeterministic
 163/2020 Test #1717: CompressibleSimpleTest.RepeatedRunIsDeterministic ........................................................   Passed    0.97 sec
          Start 1766: HeatedCavityConductionValidation.Grid20x20MatchesAnalyticalProfile
 164/2020 Test #1779: BoussinesqCouplingTest.ReversingGravityReversesCirculationDirection ......................................   Passed    3.03 sec
          Start 1401: ProjectRunnerTest.MeshQualityWarningDoesNotStopTheRun
 165/2020 Test #1822: HeatedSpeciesDiffusionProductionCaseTest.BothFieldsConserveFluxIndependently .............................   Passed    1.29 sec
          Start 1562: SIMPLESSTTest.RepeatedSolveIsBitIdentical
 166/2020 Test #1095: ThermalSolverVariablePropertiesTest.RepeatedSolveIsDeterministic .........................................   Passed    0.08 sec
          Start 1917: SpeciesAdvectionDiffusionValidation.PureAdvectionTransportsInletValueDownstreamWithoutSourceOrSink
 167/2020 Test #1781: BoussinesqCouplingTest.RepeatedCoupledSolveIsBitIdentical ................................................   Passed    2.96 sec
          Start 1770: HeatedCavityConductionValidation.RepeatedSolveIsDeterministic
 168/2020 Test #1766: HeatedCavityConductionValidation.Grid20x20MatchesAnalyticalProfile .......................................   Passed    0.15 sec
          Start 2006: CaseEditingTest.PhysicsEditRoundTripsThroughSaveReopenAndRuns
 169/2020 Test #1770: HeatedCavityConductionValidation.RepeatedSolveIsDeterministic ............................................   Passed    0.10 sec
          Start   13: CFDAppCliMeshQualityWarning
 170/2020 Test #1425: VisualizationSnapshotTest.TwoDimensionalResultHasNoThirdComponent ........................................   Passed    0.74 sec
          Start 1419: LoadSnapshotFromResultsTest.ThermalCaseExposesTemperatureField
 171/2020 Test #1303: SpeciesNonOrthogonalTest.NonOrthogonalDiffusion ..........................................................   Passed    1.13 sec
          Start 1777: BoussinesqCouplingTest.DifferentiallyHeatedCavityProducesNonzeroVelocity
 172/2020 Test #1419: LoadSnapshotFromResultsTest.ThermalCaseExposesTemperatureField ...........................................   Passed    0.16 sec
          Start 2005: CaseEditingTest.ValidatedEditSavesAndRunsThroughTheSamePipelineAsCli
 173/2020 Test #1798: SpeciesProductionCaseTest.RepeatedRunsAreDeterministic ...................................................   Passed    2.46 sec
          Start 1804: MultiphaseProductionCaseTest.NonMultiphaseCaseStillRunsWithNoMultiphaseResult
 174/2020 Test #1848: MeshQualityCampaign.InvalidMeshesAreRejectedBeforeTheSolverRuns ..........................................   Passed    0.83 sec
          Start 1421: VisualizationSnapshotTest.SpeciesCaseExposesConcentrationFieldLiveAndReloaded
 175/2020 Test #2007: CaseEditingTest.BoundaryEditRoundTripsThroughSaveReopenAndRuns ...........................................   Passed    0.91 sec
          Start 1396: ProjectRunnerTest.RepeatedRunsAreDeterministic
 176/2020 Test #1401: ProjectRunnerTest.MeshQualityWarningDoesNotStopTheRun ....................................................   Passed    0.89 sec
          Start 1114: ThermalNonOrthogonalTest.CartesianSolveIsBitIdentical
 177/2020 Test #2006: CaseEditingTest.PhysicsEditRoundTripsThroughSaveReopenAndRuns ............................................   Passed    0.78 sec
          Start 1558: SIMPLEKOmegaTest.RepeatedSolveIsBitIdentical
 178/2020 Test #1114: ThermalNonOrthogonalTest.CartesianSolveIsBitIdentical ....................................................   Passed    0.05 sec
          Start 1400: ProjectRunnerTest.MeshQualityReportIsReturnedAndExported
 179/2020 Test #2019: CaseEditingTest.ThreeDimensionalCaseLoadsValidatesPreservesZAndRunsFromTheGui ............................   Passed    1.63 sec
          Start 1946: MomentumMMS.PressureGradientBalance
 180/2020 Test   #13: CFDAppCliMeshQualityWarning ..............................................................................   Passed    1.02 sec
          Start  538: Operators3DTest.GradientsAreExactForLinearFieldsInEveryCell
 181/2020 Test #2005: CaseEditingTest.ValidatedEditSavesAndRunsThroughTheSamePipelineAsCli .....................................   Passed    0.76 sec
          Start 1566: SIMPLEBuoyancyTest.CaseB_BetaZeroMatchesNoBuoyancyBitForBit
 182/2020 Test #1916: SpeciesAdvectionDiffusionValidation.AdvectionDominatedRegimePe50MatchesAnalyticalWithinUpwindDiffusion ...   Passed    2.17 sec
          Start 1716: CompressibleSimpleTest.TinyCavityConvergesWithGenuineCompressibility
 183/2020 Test #1804: MultiphaseProductionCaseTest.NonMultiphaseCaseStillRunsWithNoMultiphaseResult ............................   Passed    0.74 sec
          Start 1858: Duct3DProductionCase.SeriesReproducesTheSquareDuctConstants
 184/2020 Test #1858: Duct3DProductionCase.SeriesReproducesTheSquareDuctConstants ..............................................   Passed    0.05 sec
          Start 1568: SIMPLEBuoyancyTest.UniformReferenceTemperatureMatchesNoBuoyancyBitForBit
 185/2020 Test #1400: ProjectRunnerTest.MeshQualityReportIsReturnedAndExported .................................................   Passed    0.72 sec
          Start 1560: SIMPLESSTTest.EndToEndLoopIsConnectedAndProducesPhysicalFields
 186/2020 Test #1569: SIMPLEBuoyancyTest.RealBuoyancySourceChangesConvergedVelocityField .......................................   Passed    1.78 sec
          Start 1567: SIMPLEBuoyancyTest.CaseC_ZeroGravityMatchesNoBuoyancyBitForBit
 187/2020 Test  #538: Operators3DTest.GradientsAreExactForLinearFieldsInEveryCell ..............................................   Passed    0.50 sec
          Start 1550: SIMPLEDeterminismTest.RepeatedSolveIsBitIdentical
 188/2020 Test #1946: MomentumMMS.PressureGradientBalance ......................................................................   Passed    0.59 sec
          Start 1552: SIMPLETurbulenceTest.DefaultTurbulenceModelMatchesExplicitLaminarModel
 189/2020 Test #1716: CompressibleSimpleTest.TinyCavityConvergesWithGenuineCompressibility .....................................   Passed    0.53 sec
          Start 1551: SIMPLEDeterminismTest.RepeatedSolveIsBitIdenticalThirdRun
 190/2020 Test #1562: SIMPLESSTTest.RepeatedSolveIsBitIdentical ................................................................   Passed    1.85 sec
          Start 1797: SpeciesProductionCaseTest.NonSpeciesCaseStillRunsWithEmptySpeciesResults
 191/2020 Test #1917: SpeciesAdvectionDiffusionValidation.PureAdvectionTransportsInletValueDownstreamWithoutSourceOrSink .......   Passed    1.85 sec
          Start 1792: SpeciesProductionCaseTest.RunsEndToEndAndConverges
 192/2020 Test #1777: BoussinesqCouplingTest.DifferentiallyHeatedCavityProducesNonzeroVelocity .................................   Passed    1.48 sec
          Start 1796: SpeciesProductionCaseTest.ExportsSpeciesFieldToCsvVtkAndJson
 193/2020 Test #1421: VisualizationSnapshotTest.SpeciesCaseExposesConcentrationFieldLiveAndReloaded ............................   Passed    1.25 sec
          Start 1794: SpeciesProductionCaseTest.GlobalDiffusiveFluxBalanceIsConserved
 194/2020 Test #1564: SIMPLETurbulenceModelsTest.LaminarKEpsilonKOmegaAndSSTProduceDistinctModelsAndMuT ........................   Passed    7.17 sec
          Start 1554: SIMPLEKEpsilonTest.EndToEndLoopIsConnectedAndProducesPhysicalFields
 195/2020 Test #1396: ProjectRunnerTest.RepeatedRunsAreDeterministic ...........................................................   Passed    1.38 sec
          Start 1555: SIMPLEKEpsilonTest.RepeatedSolveIsBitIdentical
 196/2020 Test #1558: SIMPLEKOmegaTest.RepeatedSolveIsBitIdentical .............................................................   Passed    1.59 sec
          Start 1793: SpeciesProductionCaseTest.ConcentrationMatchesAnalyticalProfile
 197/2020 Test #1566: SIMPLEBuoyancyTest.CaseB_BetaZeroMatchesNoBuoyancyBitForBit ..............................................   Passed    1.36 sec
          Start 1553: SIMPLETurbulenceTest.ElevatedEddyViscosityChangesConvergedVelocityField
 198/2020 Test #1797: SpeciesProductionCaseTest.NonSpeciesCaseStillRunsWithEmptySpeciesResults .................................   Passed    0.78 sec
          Start 1557: SIMPLEKOmegaTest.EndToEndLoopIsConnectedAndProducesPhysicalFields
 199/2020 Test #1568: SIMPLEBuoyancyTest.UniformReferenceTemperatureMatchesNoBuoyancyBitForBit .................................   Passed    1.35 sec
          Start 1812: CompressibleProductionCaseTest.NonCompressibleCaseStillRunsWithNoCompressibleResult
 200/2020 Test #1567: SIMPLEBuoyancyTest.CaseC_ZeroGravityMatchesNoBuoyancyBitForBit ...........................................   Passed    1.37 sec
          Start 1865: LidDrivenCube3DProductionCase.CentrelineSamplerIsExactForLinearFields
 201/2020 Test #1865: LidDrivenCube3DProductionCase.CentrelineSamplerIsExactForLinearFields ....................................   Passed    0.01 sec
          Start  300: BiCGSTABBreakdown.TrueBreakdownWithoutProgressIsReported
 202/2020 Test #1550: SIMPLEDeterminismTest.RepeatedSolveIsBitIdentical ........................................................   Passed    1.39 sec
          Start  301: BiCGSTABBreakdown.BreakdownAfterProgressIsRecoveredByARestart
 203/2020 Test #1552: SIMPLETurbulenceTest.DefaultTurbulenceModelMatchesExplicitLaminarModel ...................................   Passed    1.39 sec
          Start 1980: SimulationControllerTest.ResidualHistoryIsAvailableAfterARun
 204/2020 Test #1792: SpeciesProductionCaseTest.RunsEndToEndAndConverges .......................................................   Passed    1.30 sec
          Start 1876: ParaviewSmokeTest.SolutionVtkExistsIsNonEmptyAndHasExpectedStructureAndFields
 205/2020 Test #1796: SpeciesProductionCaseTest.ExportsSpeciesFieldToCsvVtkAndJson .............................................   Passed    1.30 sec
          Start 2020: CaseEditingTest.TwoDimensionalResultsHaveNoWSeries
 206/2020 Test  #300: BiCGSTABBreakdown.TrueBreakdownWithoutProgressIsReported .................................................   Passed    0.12 sec
          Start 1032: SolverRobustnessPerformance.BookkeepingIsFixedWindowCost
 207/2020 Test #1794: SpeciesProductionCaseTest.GlobalDiffusiveFluxBalanceIsConserved ..........................................   Passed    1.32 sec
          Start 1979: SimulationControllerTest.ExportLineSampleCsvWritesAReadableFile
 208/2020 Test #1551: SIMPLEDeterminismTest.RepeatedSolveIsBitIdenticalThirdRun ................................................   Passed    1.47 sec
          Start 1588: SIMPLENonOrthogonalTest.NonOrthogonalCorrectionPassCount
 209/2020 Test  #301: BiCGSTABBreakdown.BreakdownAfterProgressIsRecoveredByARestart ............................................   Passed    0.16 sec
          Start 1417: LoadSnapshotFromResultsTest.ReloadsAPreviouslyWrittenResultsDirectory
 210/2020 Test #1812: CompressibleProductionCaseTest.NonCompressibleCaseStillRunsWithNoCompressibleResult ......................   Passed    0.71 sec
          Start 1978: SimulationControllerTest.ContoursVectorsProbeAndLineSampleWorkAfterARun
 211/2020 Test #1032: SolverRobustnessPerformance.BookkeepingIsFixedWindowCost .................................................   Passed    0.34 sec
          Start 1981: SimulationControllerTest.OpeningACaseWithExistingResultsAutoLoadsThem
 212/2020 Test #1555: SIMPLEKEpsilonTest.RepeatedSolveIsBitIdentical ...........................................................   Passed    1.49 sec
          Start 1415: BuildSnapshotTest.ValidRunProducesAUsableSnapshot
 213/2020 Test #1588: SIMPLENonOrthogonalTest.NonOrthogonalCorrectionPassCount .................................................   Passed    0.39 sec
          Start 1912: SpeciesDiffusionValidation.Grid80MatchesAnalyticalSlabProfile
 214/2020 Test #1793: SpeciesProductionCaseTest.ConcentrationMatchesAnalyticalProfile ..........................................   Passed    1.23 sec
          Start  181: Cartesian3DMeshTest.BuildIsDeterministicAndFollowsTheDocumentedNumbering
 215/2020 Test #1554: SIMPLEKEpsilonTest.EndToEndLoopIsConnectedAndProducesPhysicalFields ......................................   Passed    1.80 sec
          Start   48: Vector3Test.TwoDimensionalResultsAreBitwiseTheFormerFormulas
 216/2020 Test  #181: Cartesian3DMeshTest.BuildIsDeterministicAndFollowsTheDocumentedNumbering .................................   Passed    0.05 sec
          Start 1975: SimulationControllerTest.RunOnAValidCaseEmitsStartedThenCompleted
 217/2020 Test   #48: Vector3Test.TwoDimensionalResultsAreBitwiseTheFormerFormulas .............................................   Passed    0.03 sec
          Start  182: Cartesian3DMeshTest.SixPatchesPartitionTheBoundaryWithOutwardNormals
 218/2020 Test #1560: SIMPLESSTTest.EndToEndLoopIsConnectedAndProducesPhysicalFields ...........................................   Passed    2.21 sec
          Start 1398: ProjectRunnerTest.DivergenceDetectionReportsNumericalFailure
 219/2020 Test #1553: SIMPLETurbulenceTest.ElevatedEddyViscosityChangesConvergedVelocityField ..................................   Passed    1.29 sec
          Start  180: Cartesian3DMeshTest.EachCellHasSixFacesInCanonicalOrderAndEachFaceItsOwners
 220/2020 Test  #182: Cartesian3DMeshTest.SixPatchesPartitionTheBoundaryWithOutwardNormals .....................................   Passed    0.08 sec
          Start  184: Cartesian3DMeshTest.StructuredGridMustMatchTheMeshDimension
 221/2020 Test #1876: ParaviewSmokeTest.SolutionVtkExistsIsNonEmptyAndHasExpectedStructureAndFields ............................   Passed    0.76 sec
          Start  183: Cartesian3DMeshTest.DimensionIsThreeFor3DMeshesAndTwoForEvery2DBuilder
 222/2020 Test #1980: SimulationControllerTest.ResidualHistoryIsAvailableAfterARun .............................................   Passed    0.80 sec
          Start  178: Cartesian3DMeshTest.AreaVectorsHaveTheRightMagnitudeDirectionAndClosure
 223/2020 Test #2020: CaseEditingTest.TwoDimensionalResultsHaveNoWSeries .......................................................   Passed    0.78 sec
          Start  179: Cartesian3DMeshTest.CentroidsAreBoxAndRectangleCentres
 224/2020 Test  #184: Cartesian3DMeshTest.StructuredGridMustMatchTheMeshDimension ..............................................   Passed    0.07 sec
          Start  177: Cartesian3DMeshTest.CellVolumesAreBoxVolumesAndSumToTheDomain
 225/2020 Test  #180: Cartesian3DMeshTest.EachCellHasSixFacesInCanonicalOrderAndEachFaceItsOwners ..............................   Passed    0.12 sec
          Start  176: Cartesian3DMeshTest.TopologyCountsMatchIndependentFormulas
 226/2020 Test  #183: Cartesian3DMeshTest.DimensionIsThreeFor3DMeshesAndTwoForEvery2DBuilder ...................................   Passed    0.09 sec
          Start 1304: SpeciesNonOrthogonalTest.CartesianSolveIsBitIdentical
 227/2020 Test #1979: SimulationControllerTest.ExportLineSampleCsvWritesAReadableFile ..........................................   Passed    0.82 sec
          Start  185: Cartesian3DMeshTest.InvalidDimensionsAndExtentsAreRejected
 228/2020 Test  #178: Cartesian3DMeshTest.AreaVectorsHaveTheRightMagnitudeDirectionAndClosure ..................................   Passed    0.12 sec
          Start  934: VTK3DTest.InvalidFieldsAreRejectedBeforeWriting
 229/2020 Test  #179: Cartesian3DMeshTest.CentroidsAreBoxAndRectangleCentres ...................................................   Passed    0.13 sec
          Start  723: CaseBuilderTest.SolvedResultMatchesManualSetupBitForBit
 230/2020 Test  #177: Cartesian3DMeshTest.CellVolumesAreBoxVolumesAndSumToTheDomain ............................................   Passed    0.12 sec
          Start 1128: SparseAssembly3DTest.TwoCellsInX
 231/2020 Test #1417: LoadSnapshotFromResultsTest.ReloadsAPreviouslyWrittenResultsDirectory ....................................   Passed    0.86 sec
          Start  543: Operators3DTest.ConvectionPreservesAConstantWithEveryScheme
 232/2020 Test  #176: Cartesian3DMeshTest.TopologyCountsMatchIndependentFormulas ...............................................   Passed    0.16 sec
          Start 1129: SparseAssembly3DTest.TwoCellsWithUpwindConvectionAndAZeroGradientOutlet
 233/2020 Test  #185: Cartesian3DMeshTest.InvalidDimensionsAndExtentsAreRejected ...............................................   Passed    0.13 sec
          Start  542: Operators3DTest.DivergenceFreeMassFluxBalancesInEveryCell
 234/2020 Test #1398: ProjectRunnerTest.DivergenceDetectionReportsNumericalFailure .............................................   Passed    0.36 sec
          Start 1595: PressureCorrectionNonOrthogonalTest.NonOrthogonalInternalFace
 235/2020 Test  #934: VTK3DTest.InvalidFieldsAreRejectedBeforeWriting ..........................................................   Passed    0.15 sec
          Start  509: GridRefinementTest.DiffusionOrthogonalUncorrectedConvergesAtSecondOrder
 236/2020 Test #1128: SparseAssembly3DTest.TwoCellsInX .........................................................................   Passed    0.12 sec
          Start  463: DiffusionTest.BoundaryRingTruncationIsFirstOrderAndLocalized
 237/2020 Test  #543: Operators3DTest.ConvectionPreservesAConstantWithEveryScheme ..............................................   Passed    0.11 sec
          Start   11: CFDAppCliMeshQualityInvalidNamesTheCell
 238/2020 Test #1129: SparseAssembly3DTest.TwoCellsWithUpwindConvectionAndAZeroGradientOutlet ..................................   Passed    0.12 sec
          Start  884: RobustnessConfigTest.FullBlockParsesAndReachesSolverSettings
 239/2020 Test  #542: Operators3DTest.DivergenceFreeMassFluxBalancesInEveryCell ................................................   Passed    0.11 sec
          Start  513: GridRefinementTest.DiffusionDistortedCorrectedGlobalOrderReflectsBoundaryTreatment
 240/2020 Test #1978: SimulationControllerTest.ContoursVectorsProbeAndLineSampleWorkAfterARun ..................................   Passed    0.85 sec
          Start  885: RobustnessConfigTest.PartialBlockKeepsDefaultsForAbsentKeys
 241/2020 Test #1981: SimulationControllerTest.OpeningACaseWithExistingResultsAutoLoadsThem ....................................   Passed    0.81 sec
          Start 1563: SIMPLESSTTest.ConvergedStatusImpliesTurbulenceResidualWithinTolerance
 242/2020 Test #1415: BuildSnapshotTest.ValidRunProducesAUsableSnapshot ........................................................   Passed    0.81 sec
          Start 1412: CaseSessionTest.RunConvergingCaseMovesToCompleted
 243/2020 Test #1595: PressureCorrectionNonOrthogonalTest.NonOrthogonalInternalFace ............................................   Passed    0.19 sec
          Start  932: VTK3DTest.HexahedralMeshAndFieldsRoundTrip
 244/2020 Test  #509: GridRefinementTest.DiffusionOrthogonalUncorrectedConvergesAtSecondOrder ..................................   Passed    0.19 sec
          Start  544: Operators3DTest.HigherOrderConvectionIsExactForALinearFieldAwayFromTheBoundary
 245/2020 Test #1557: SIMPLEKOmegaTest.EndToEndLoopIsConnectedAndProducesPhysicalFields ........................................   Passed    1.85 sec
          Start   47: Vector3Test.IsFiniteChecksEveryComponent
 246/2020 Test #1304: SpeciesNonOrthogonalTest.CartesianSolveIsBitIdentical ....................................................   Passed    0.44 sec
          Start 1127: SparseAssembly3DTest.OneCell
 247/2020 Test  #884: RobustnessConfigTest.FullBlockParsesAndReachesSolverSettings .............................................   Passed    0.19 sec
          Start  803: CompressibleCaseTest.CoupledDefaultsToFalseWhenAbsent
 248/2020 Test  #885: RobustnessConfigTest.PartialBlockKeepsDefaultsForAbsentKeys ..............................................   Passed    0.17 sec
          Start 1380: CompressibleMassFluxTest.MismatchedTemperatureSizeThrows
 249/2020 Test #1975: SimulationControllerTest.RunOnAValidCaseEmitsStartedThenCompleted ........................................   Passed    0.77 sec
          Start 1999: CaseEditingTest.ValidateDraftNeverMutatesTheOpenedCaseDirectoryOnDisk
 250/2020 Test  #463: DiffusionTest.BoundaryRingTruncationIsFirstOrderAndLocalized .............................................   Passed    0.31 sec
          Start 1725: CompressibleSIMPLENonOrthogonalTest.CartesianCompatibility
 251/2020 Test   #11: CFDAppCliMeshQualityInvalidNamesTheCell ..................................................................   Passed    0.31 sec
          Start  892: StructuredQuadCase.WrongVertexCountIsRejected
 252/2020 Test  #513: GridRefinementTest.DiffusionDistortedCorrectedGlobalOrderReflectsBoundaryTreatment .......................   Passed    0.29 sec
          Start 1130: SparseAssembly3DTest.TwoByTwoByOne
 253/2020 Test  #932: VTK3DTest.HexahedralMeshAndFieldsRoundTrip ...............................................................   Passed    0.22 sec
          Start  933: VTK3DTest.TwoCellConnectivityByHand
 254/2020 Test  #544: Operators3DTest.HigherOrderConvectionIsExactForALinearFieldAwayFromTheBoundary ...........................   Passed    0.22 sec
          Start 1948: ContinuityMMS.DivergenceFreeField
 255/2020 Test   #47: Vector3Test.IsFiniteChecksEveryComponent .................................................................   Passed    0.22 sec
          Start 1593: NonOrthogonalCorrectionPassesTest.Deterministic
 256/2020 Test #1127: SparseAssembly3DTest.OneCell .............................................................................   Passed    0.21 sec
          Start  503: GridRefinementTest.LeastSquaresGradientCartesianGlobalOrderReflectsBoundaryTreatment
 257/2020 Test  #803: CompressibleCaseTest.CoupledDefaultsToFalseWhenAbsent ....................................................   Passed    0.22 sec
          Start 1607: SIMPLERobustnessTest.InvalidRobustnessSettingsAreInvalidConfiguration
 258/2020 Test #1380: CompressibleMassFluxTest.MismatchedTemperatureSizeThrows .................................................   Passed    0.22 sec
          Start 1008: ResidualTrend.SlowConvergenceIsNotStagnation
 259/2020 Test  #892: StructuredQuadCase.WrongVertexCountIsRejected ............................................................   Passed    0.17 sec
          Start 1472: GridConvergenceTest.GridIndependenceCriterion
 260/2020 Test #1130: SparseAssembly3DTest.TwoByTwoByOne .......................................................................   Passed    0.18 sec
          Start  432: SkewnessTest.ProductionInterpolationUsesCorrection
 261/2020 Test  #933: VTK3DTest.TwoCellConnectivityByHand ......................................................................   Passed    0.18 sec
          Start  448: DiffusionTest.LinearFieldNearZeroInInteriorOnDistortedMeshWhenCorrected
 262/2020 Test #1999: CaseEditingTest.ValidateDraftNeverMutatesTheOpenedCaseDirectoryOnDisk ....................................   Passed    0.29 sec
          Start  888: RobustnessConfigTest.GmresLinearSolverTypeIsAccepted
 263/2020 Test #1725: CompressibleSIMPLENonOrthogonalTest.CartesianCompatibility ...............................................   Passed    0.29 sec
          Start  514: GridRefinementTest.DiffusionStronglyDistortedCorrectedGlobal
 264/2020 Test #1593: NonOrthogonalCorrectionPassesTest.Deterministic ..........................................................   Passed    0.20 sec
          Start  663: MomentumNonOrthogonalTest.LinearVelocityResidualVanishesInEveryRowWhenCorrected
 265/2020 Test #1607: SIMPLERobustnessTest.InvalidRobustnessSettingsAreInvalidConfiguration ....................................   Passed    0.18 sec
          Start   80: MeshQuality.NonOrthogonalityMetricsAreDeterministic
 266/2020 Test  #503: GridRefinementTest.LeastSquaresGradientCartesianGlobalOrderReflectsBoundaryTreatment .....................   Passed    0.22 sec
          Start 1464: GridConvergenceTest.GCIKnownCase
 267/2020 Test #1008: ResidualTrend.SlowConvergenceIsNotStagnation .............................................................   Passed    0.20 sec
          Start 1028: AdaptiveRelaxation.DisabledPreservesFixedAlpha
 268/2020 Test #1472: GridConvergenceTest.GridIndependenceCriterion ............................................................   Passed    0.20 sec
          Start  519: GridRefinementTest.DiffusionModeratelyDistortedCorrectedConvergesAtSecondOrderInInterior
 269/2020 Test #1948: ContinuityMMS.DivergenceFreeField ........................................................................   Passed    0.34 sec
          Start  423: LeastSquaresTest.ConstantFieldHasZeroGradient
 270/2020 Test  #432: SkewnessTest.ProductionInterpolationUsesCorrection .......................................................   Passed    0.22 sec
          Start  887: RobustnessConfigTest.NonDefaultBlockRoundTripsAndDefaultIsNotWritten
 271/2020 Test  #448: DiffusionTest.LinearFieldNearZeroInInteriorOnDistortedMeshWhenCorrected ..................................   Passed    0.21 sec
          Start  541: Operators3DTest.ExplicitDiffusionWithZeroFluxBoundariesConservesGlobally
 272/2020 Test  #888: RobustnessConfigTest.GmresLinearSolverTypeIsAccepted .....................................................   Passed    0.21 sec
          Start 1013: ResidualTrend.NonFiniteResidualIsDivergingWhenEnabled
 273/2020 Test  #663: MomentumNonOrthogonalTest.LinearVelocityResidualVanishesInEveryRowWhenCorrected ..........................   Passed    0.18 sec
          Start  451: DiffusionTest.StrongDistortionProducesFiniteResults
 274/2020 Test   #80: MeshQuality.NonOrthogonalityMetricsAreDeterministic ......................................................   Passed    0.18 sec
          Start  904: StructuredQuadCase.ExportRejectsANonCartesianMeshWithoutGrid
 275/2020 Test #1464: GridConvergenceTest.GCIKnownCase .........................................................................   Passed    0.17 sec
          Start 1594: PressureCorrectionNonOrthogonalTest.CartesianCompatibility
 276/2020 Test  #514: GridRefinementTest.DiffusionStronglyDistortedCorrectedGlobal .............................................   Passed    0.26 sec
          Start 1580: SIMPLENonOrthogonalTest.DefaultSettingsDisableTheCorrection
 277/2020 Test #1028: AdaptiveRelaxation.DisabledPreservesFixedAlpha ...........................................................   Passed    0.18 sec
          Start 1022: AdaptiveRelaxation.ImprovingIncreasesGradually
 278/2020 Test  #519: GridRefinementTest.DiffusionModeratelyDistortedCorrectedConvergesAtSecondOrderInInterior .................   Passed    0.18 sec
          Start  862: JSONWriterTest.RobustnessStatusesAndDiagnosticsAreExported
 279/2020 Test #1912: SpeciesDiffusionValidation.Grid80MatchesAnalyticalSlabProfile ............................................   Passed    1.57 sec
          Start  516: GridRefinementTest.DiffusionDistortedCorrectedConvergesAtSecondOrderInInterior
 280/2020 Test #1412: CaseSessionTest.RunConvergingCaseMovesToCompleted ........................................................   Passed    0.84 sec
          Start 1030: SolverRobustnessSettingsTest.DefaultsAreValidAndDisabled
 281/2020 Test  #423: LeastSquaresTest.ConstantFieldHasZeroGradient ............................................................   Passed    0.23 sec
          Start 1019: ConvergencePolicy.NoHiddenConvergence
 282/2020 Test  #887: RobustnessConfigTest.NonDefaultBlockRoundTripsAndDefaultIsNotWritten .....................................   Passed    0.23 sec
          Start  894: StructuredQuadCase.NonFiniteVertexIsRejected
 283/2020 Test  #541: Operators3DTest.ExplicitDiffusionWithZeroFluxBoundariesConservesGlobally .................................   Passed    0.23 sec
          Start  510: GridRefinementTest.DiffusionOrthogonalCorrectionFlagIsInertOnCartesianMesh
 284/2020 Test #1013: ResidualTrend.NonFiniteResidualIsDivergingWhenEnabled ....................................................   Passed    0.23 sec
          Start  546: Operators3DTest.TwoDimensionalOnlyComponentsRefuseA3DMesh
 285/2020 Test  #451: DiffusionTest.StrongDistortionProducesFiniteResults ......................................................   Passed    0.23 sec
          Start  488: SmoothnessRatioTest.NulloptWhenLocalGradientIsZero
 286/2020 Test  #904: StructuredQuadCase.ExportRejectsANonCartesianMeshWithoutGrid .............................................   Passed    0.23 sec
          Start 1018: ConvergencePolicy.DefaultIsExactlyTheAbsoluteGate
 287/2020 Test #1594: PressureCorrectionNonOrthogonalTest.CartesianCompatibility ...............................................   Passed    0.23 sec
          Start 1465: GridConvergenceTest.AsymptoticRatio
 288/2020 Test #1563: SIMPLESSTTest.ConvergedStatusImpliesTurbulenceResidualWithinTolerance ....................................   Passed    1.03 sec
          Start  323: GMRESTest.JacobiPreconditionedSolveMatches
 289/2020 Test  #723: CaseBuilderTest.SolvedResultMatchesManualSetupBitForBit ..................................................   Passed    1.33 sec
          Start  411: GradientSchemeTest.ParsesBothValidNames
 290/2020 Test #1580: SIMPLENonOrthogonalTest.DefaultSettingsDisableTheCorrection ..............................................   Passed    0.28 sec
          Start  335: LinearFallbackTest.MaxAttemptsRespected
 291/2020 Test #1022: AdaptiveRelaxation.ImprovingIncreasesGradually ...........................................................   Passed    0.28 sec
          Start 1598: PressureCorrectionNonOrthogonalTest.DegenerateGeometryRejected
 292/2020 Test  #862: JSONWriterTest.RobustnessStatusesAndDiagnosticsAreExported ...............................................   Passed    0.28 sec
          Start   78: MeshQuality.DistortedMeshReportsNonZeroMetrics
 293/2020 Test  #516: GridRefinementTest.DiffusionDistortedCorrectedConvergesAtSecondOrderInInterior ...........................   Passed    0.28 sec
          Start 1479: GridConvergenceStudyTest.ReportSchemaValidation
 294/2020 Test #1030: SolverRobustnessSettingsTest.DefaultsAreValidAndDisabled .................................................   Passed    0.28 sec
          Start  457: DiffusionTest.NetDirichletBoundaryFluxIsMoreAccurateWithCorrectionOnDistortedMesh
 295/2020 Test #1019: ConvergencePolicy.NoHiddenConvergence ....................................................................   Passed    0.28 sec
          Start  512: GridRefinementTest.DiffusionDistortedUncorrectedConvergesInInterior
 296/2020 Test  #894: StructuredQuadCase.NonFiniteVertexIsRejected .............................................................   Passed    0.28 sec
          Start 1530: VelocityCorrectionTest.DefaultGradientSchemeArgumentMatchesExplicitGreenGauss
 297/2020 Test  #546: Operators3DTest.TwoDimensionalOnlyComponentsRefuseA3DMesh ................................................   Passed    0.26 sec
          Start  672: CaseReaderTest.EachValidGradientSchemeNameParses
 298/2020 Test  #488: SmoothnessRatioTest.NulloptWhenLocalGradientIsZero .......................................................   Passed    0.27 sec
          Start  425: LeastSquaresTest.LinearFieldDistortedIsExactAtEveryCell
 299/2020 Test  #510: GridRefinementTest.DiffusionOrthogonalCorrectionFlagIsInertOnCartesianMesh ...............................   Passed    0.33 sec
          Start  863: JSONWriterTest.MeshQualityIsAbsentWhenNotGiven
 300/2020 Test #1018: ConvergencePolicy.DefaultIsExactlyTheAbsoluteGate ........................................................   Passed    0.29 sec
          Start 1476: GridConvergenceStudyTest.MissingQuantityIsInvalid
 301/2020 Test #1465: GridConvergenceTest.AsymptoticRatio ......................................................................   Passed    0.29 sec
          Start 1474: GridConvergenceStudyTest.RunsCoarseToFineAndAnalysesEveryQuantity
 302/2020 Test  #323: GMRESTest.JacobiPreconditionedSolveMatches ...............................................................   Passed    0.29 sec
          Start  674: CaseReaderTest.MissingNonOrthogonalCorrectionsDefaultsToZero
 303/2020 Test  #411: GradientSchemeTest.ParsesBothValidNames ..................................................................   Passed    0.29 sec
          Start 1266: TurbulenceNonOrthogonalTest.NonOrthogonalDiffusion
 304/2020 Test  #335: LinearFallbackTest.MaxAttemptsRespected ..................................................................   Passed    0.30 sec
          Start  418: SolveLeastSquaresGradientTest.DetectsNoNeighborsAsIllConditioned
 305/2020 Test #1598: PressureCorrectionNonOrthogonalTest.DegenerateGeometryRejected ...........................................   Passed    0.31 sec
          Start  433: SkewnessTest.CorrectedProductionOperatorImprovesError
 306/2020 Test   #78: MeshQuality.DistortedMeshReportsNonZeroMetrics ...........................................................   Passed    0.30 sec
          Start 1591: NonOrthogonalCorrectionPassesTest.PassesExecuteAndTheCorrectorIterationConverges
 307/2020 Test #1479: GridConvergenceStudyTest.ReportSchemaValidation ..........................................................   Passed    0.31 sec
          Start   10: CFDAppCli_mesh_quality_disconnected_cli
 308/2020 Test  #457: DiffusionTest.NetDirichletBoundaryFluxIsMoreAccurateWithCorrectionOnDistortedMesh ........................   Passed    0.32 sec
          Start 1024: AdaptiveRelaxation.PlateauHolds
 309/2020 Test  #512: GridRefinementTest.DiffusionDistortedUncorrectedConvergesInInterior ......................................   Passed    0.32 sec
          Start  469: ConvectionSchemeTest.ParsesAllFourValidNames
 310/2020 Test #1530: VelocityCorrectionTest.DefaultGradientSchemeArgumentMatchesExplicitGreenGauss ............................   Passed    0.32 sec
          Start   81: MeshQuality.InvalidGeometryHandledSafely
 311/2020 Test  #672: CaseReaderTest.EachValidGradientSchemeNameParses .........................................................   Passed    0.32 sec
          Start 1499: ProductionValidationTest.ReportIsDeterministicExceptRuntime
 312/2020 Test  #425: LeastSquaresTest.LinearFieldDistortedIsExactAtEveryCell ..................................................   Passed    0.32 sec
          Start  902: StructuredQuadCase.VtkPointsAreTheMeshVertices
 313/2020 Test  #863: JSONWriterTest.MeshQualityIsAbsentWhenNotGiven ...........................................................   Passed    0.32 sec
          Start  403: InterpolationTest.SkewCorrectedInterpolationIsExactForLinearFieldOnSkewedMesh
 314/2020 Test #1476: GridConvergenceStudyTest.MissingQuantityIsInvalid ........................................................   Passed    0.32 sec
          Start  475: ConvectionSchemeTest.QuickDegradesToUpwindWhenNoFartherUpstreamCellExists
 315/2020 Test #1474: GridConvergenceStudyTest.RunsCoarseToFineAndAnalysesEveryQuantity ........................................   Passed    0.33 sec
          Start   70: MeshGeometryNonOrthogonal.NonOrthogonalButUnskewedFace
 316/2020 Test  #674: CaseReaderTest.MissingNonOrthogonalCorrectionsDefaultsToZero .............................................   Passed    0.33 sec
          Start  474: ConvectionSchemeTest.QuickSchemeMatchesIndependentOracleForPositiveAndNegativeFlux
 317/2020 Test #1266: TurbulenceNonOrthogonalTest.NonOrthogonalDiffusion .......................................................   Passed    0.32 sec
          Start 1603: SIMPLERobustnessTest.DivergenceStatus
 318/2020 Test  #418: SolveLeastSquaresGradientTest.DetectsNoNeighborsAsIllConditioned .........................................   Passed    0.32 sec
          Start  426: LeastSquaresTest.GreenGaussDistortedIsNotExactUnlikeLeastSquares
 319/2020 Test  #433: SkewnessTest.CorrectedProductionOperatorImprovesError ....................................................   Passed    0.32 sec
          Start  447: DiffusionTest.LinearFieldGivesZeroDiffusionOnCartesianRegardlessOfCorrection
 320/2020 Test #1024: AdaptiveRelaxation.PlateauHolds ..........................................................................   Passed    0.26 sec
          Start  334: LinearFallbackTest.FallbackFailurePropagates
 321/2020 Test #1591: NonOrthogonalCorrectionPassesTest.PassesExecuteAndTheCorrectorIterationConverges .........................   Passed    0.33 sec
          Start    2: CFDAppCliValidCase
 322/2020 Test  #469: ConvectionSchemeTest.ParsesAllFourValidNames .............................................................   Passed    0.28 sec
          Start 1021: ConvergencePolicy.NormalizedHistoriesAreReportedAndFinite
 323/2020 Test   #81: MeshQuality.InvalidGeometryHandledSafely .................................................................   Passed    0.28 sec
          Start  517: GridRefinementTest.DiffusionDistortedCorrectedGreenGaussInterior
 324/2020 Test   #10: CFDAppCli_mesh_quality_disconnected_cli ..................................................................   Passed    0.38 sec
          Start 1014: ResidualTrend.DisabledDetectionNeverStops
 325/2020 Test #1499: ProductionValidationTest.ReportIsDeterministicExceptRuntime ..............................................   Passed    0.30 sec
          Start  518: GridRefinementTest.DiffusionModeratelyDistortedUncorrectedInterior
 326/2020 Test  #902: StructuredQuadCase.VtkPointsAreTheMeshVertices ...........................................................   Passed    0.30 sec
          Start 1020: ConvergencePolicy.NormalizationRemovesArbitraryScale
 327/2020 Test  #403: InterpolationTest.SkewCorrectedInterpolationIsExactForLinearFieldOnSkewedMesh ............................   Passed    0.29 sec
          Start  883: RobustnessConfigTest.AbsentBlockDefaultsToEveryFeatureOff
 328/2020 Test  #475: ConvectionSchemeTest.QuickDegradesToUpwindWhenNoFartherUpstreamCellExists ................................   Passed    0.30 sec
          Start 1006: ResidualNormalization.NonFiniteInput
 329/2020 Test   #70: MeshGeometryNonOrthogonal.NonOrthogonalButUnskewedFace ...................................................   Passed    0.29 sec
          Start  452: DiffusionTest.NonOrthogonalCorrectionIsDeterministic
 330/2020 Test  #474: ConvectionSchemeTest.QuickSchemeMatchesIndependentOracleForPositiveAndNegativeFlux .......................   Passed    0.30 sec
          Start  421: SolveLeastSquaresGradientTest.MismatchedSizesThrows
 331/2020 Test  #426: LeastSquaresTest.GreenGaussDistortedIsNotExactUnlikeLeastSquares .........................................   Passed    0.27 sec
          Start  324: GMRESTest.ZeroRightHandSideConvergesImmediately
 332/2020 Test  #447: DiffusionTest.LinearFieldGivesZeroDiffusionOnCartesianRegardlessOfCorrection .............................   Passed    0.27 sec
          Start 1010: ResidualTrend.Diverging
 333/2020 Test #1603: SIMPLERobustnessTest.DivergenceStatus ....................................................................   Passed    0.34 sec
          Start  341: LinearFallbackTest.HealthySolveIsUntouched
 334/2020 Test  #334: LinearFallbackTest.FallbackFailurePropagates .............................................................   Passed    0.30 sec
          Start  339: LinearFallbackTest.FallbackKeepsAndRecordsThePreconditioner
 335/2020 Test #1021: ConvergencePolicy.NormalizedHistoriesAreReportedAndFinite ................................................   Passed    0.27 sec
          Start  508: GridRefinementTest.LeastSquaresGradientDistortedConvergesAtSecondOrderInInterior
 336/2020 Test  #517: GridRefinementTest.DiffusionDistortedCorrectedGreenGaussInterior .........................................   Passed    0.27 sec
          Start  456: DiffusionTest.CorrectionLeavesWallThermalBoundaryFluxesUntouched
 337/2020 Test #1014: ResidualTrend.DisabledDetectionNeverStops ................................................................   Passed    0.26 sec
          Start  428: LeastSquaresTest.RejectsNonScalarBoundaryCondition
 338/2020 Test  #518: GridRefinementTest.DiffusionModeratelyDistortedUncorrectedInterior .......................................   Passed    0.26 sec
          Start  461: DiffusionTest.ZeroOwnerNeighborDistanceIsAPreexistingLimitationNotWorsenedByCorrection
 339/2020 Test #1020: ConvergencePolicy.NormalizationRemovesArbitraryScale .....................................................   Passed    0.26 sec
          Start  690: CaseWriterTest.NonDefaultNonOrthogonalCorrectionsRoundTrips
 340/2020 Test  #883: RobustnessConfigTest.AbsentBlockDefaultsToEveryFeatureOff ................................................   Passed    0.26 sec
          Start  763: TurbulenceCaseTest.NonOrthogonalCorrectionReachesEveryTurbulenceModel
 341/2020 Test #1006: ResidualNormalization.NonFiniteInput .....................................................................   Passed    0.25 sec
          Start  326: GMRESTest.IterationBudgetIsReportedAsMaxIterations
 342/2020 Test  #452: DiffusionTest.NonOrthogonalCorrectionIsDeterministic .....................................................   Passed    0.25 sec
          Start  676: CaseReaderTest.NegativeNonOrthogonalCorrectionsThrowsCaseConfigurationError
 343/2020 Test  #421: SolveLeastSquaresGradientTest.MismatchedSizesThrows ......................................................   Passed    0.25 sec
          Start 1460: GridConvergenceTest.SecondOrderSynthetic
 344/2020 Test  #324: GMRESTest.ZeroRightHandSideConvergesImmediately ..........................................................   Passed    0.25 sec
          Start  458: DiffusionTest.NeumannBoundaryFluxesAreNeverCorrected
 345/2020 Test #1010: ResidualTrend.Diverging ..................................................................................   Passed    0.25 sec
          Start  404: InterpolationTest.SkewCorrectedInterpolationMatchesPlainOnCartesianMesh
 346/2020 Test  #341: LinearFallbackTest.HealthySolveIsUntouched ...............................................................   Passed    0.25 sec
          Start  675: CaseReaderTest.ValidNonOrthogonalCorrectionsCountParses
 347/2020 Test  #339: LinearFallbackTest.FallbackKeepsAndRecordsThePreconditioner ..............................................   Passed    0.25 sec
          Start  416: SolveLeastSquaresGradientTest.DetectsAColinearStencilAsIllConditioned
 348/2020 Test  #508: GridRefinementTest.LeastSquaresGradientDistortedConvergesAtSecondOrderInInterior .........................   Passed    0.25 sec
          Start 1005: ResidualNormalization.DecreasingIncreasingAndConstantSequences
 349/2020 Test  #456: DiffusionTest.CorrectionLeavesWallThermalBoundaryFluxesUntouched .........................................   Passed    0.26 sec
          Start 1029: AdaptiveRelaxation.Deterministic
 350/2020 Test  #428: LeastSquaresTest.RejectsNonScalarBoundaryCondition .......................................................   Passed    0.26 sec
          Start 1011: ResidualTrend.SustainedRunawayFromAPlateau
 351/2020 Test  #461: DiffusionTest.ZeroOwnerNeighborDistanceIsAPreexistingLimitationNotWorsenedByCorrection ...................   Passed    0.26 sec
          Start  886: RobustnessConfigTest.InvalidValuesAreRejectedWithTheFieldNamed
 352/2020 Test  #690: CaseWriterTest.NonDefaultNonOrthogonalCorrectionsRoundTrips ..............................................   Passed    0.26 sec
          Start  449: DiffusionTest.CorrectionReducesInteriorErrorForQuadraticFieldOnDistortedMesh
 353/2020 Test  #763: TurbulenceCaseTest.NonOrthogonalCorrectionReachesEveryTurbulenceModel ....................................   Passed    0.27 sec
          Start 1007: ResidualTrend.Converging
 354/2020 Test  #326: GMRESTest.IterationBudgetIsReportedAsMaxIterations .......................................................   Passed    0.28 sec
          Start 1466: GridConvergenceTest.OscillatorySequenceDetected
 355/2020 Test  #676: CaseReaderTest.NegativeNonOrthogonalCorrectionsThrowsCaseConfigurationError ..............................   Passed    0.28 sec
          Start  325: GMRESTest.NonFiniteInputIsRejectedBeforeIterating
 356/2020 Test #1460: GridConvergenceTest.SecondOrderSynthetic .................................................................   Passed    0.28 sec
          Start 1462: GridConvergenceTest.UnequalRefinementRatios
 357/2020 Test  #458: DiffusionTest.NeumannBoundaryFluxesAreNeverCorrected .....................................................   Passed    0.28 sec
          Start  329: GMRESTest.GpuRequestFallsBackToCpu
 358/2020 Test    #2: CFDAppCliValidCase .......................................................................................   Passed    0.79 sec
          Start 1025: AdaptiveRelaxation.GrowingOscillationReducesAlphaDecayingZigzagDoesNot
 359/2020 Test  #404: InterpolationTest.SkewCorrectedInterpolationMatchesPlainOnCartesianMesh ..................................   Passed    0.30 sec
          Start  321: GMRESTest.SolvesNonSymmetricSystem
 360/2020 Test  #675: CaseReaderTest.ValidNonOrthogonalCorrectionsCountParses ..................................................   Passed    0.30 sec
          Start 1027: AdaptiveRelaxation.RecoveryAfterGrowthStopsBelowTheUnstableFactor
 361/2020 Test  #416: SolveLeastSquaresGradientTest.DetectsAColinearStencilAsIllConditioned ....................................   Passed    0.30 sec
          Start 1031: SolverRobustnessSettingsTest.InvalidValuesAreRejected
 362/2020 Test #1005: ResidualNormalization.DecreasingIncreasingAndConstantSequences ...........................................   Passed    0.29 sec
          Start  520: GridRefinementTest.DiffusionStronglyDistortedUncorrectedInterior
 363/2020 Test #1029: AdaptiveRelaxation.Deterministic .........................................................................   Passed    0.29 sec
          Start  688: CaseWriterTest.NonDefaultConvectionSchemeRoundTrips
 364/2020 Test #1011: ResidualTrend.SustainedRunawayFromAPlateau ...............................................................   Passed    0.28 sec
          Start  502: GridRefinementTest.QuickConvectionOfSmoothFieldConvergesAboveFirstOrderInInterior
 365/2020 Test  #886: RobustnessConfigTest.InvalidValuesAreRejectedWithTheFieldNamed ...........................................   Passed    0.28 sec
          Start  471: ConvectionSchemeTest.NameRoundTripsThroughParse
 366/2020 Test  #449: DiffusionTest.CorrectionReducesInteriorErrorForQuadraticFieldOnDistortedMesh .............................   Passed    0.27 sec
          Start  498: GridRefinementTest.CentralConvectionOfSmoothFieldConvergesAboveFirstOrderInInterior
 367/2020 Test #1007: ResidualTrend.Converging .................................................................................   Passed    0.26 sec
          Start  489: VanLeerLimiterTest.ZeroAtOrBelowZeroRatio
 368/2020 Test #1466: GridConvergenceTest.OscillatorySequenceDetected ..........................................................   Passed    0.26 sec
          Start  481: QuickFaceValueTest.MatchesClassicalCoefficientsOnUniformGrid
 369/2020 Test  #325: GMRESTest.NonFiniteInputIsRejectedBeforeIterating ........................................................   Passed    0.25 sec
          Start  486: SmoothnessRatioTest.PositiveForSmoothMonotoneData
 370/2020 Test #1462: GridConvergenceTest.UnequalRefinementRatios ..............................................................   Passed    0.26 sec
          Start  490: VanLeerLimiterTest.ZeroWhenRatioIsNullopt
 371/2020 Test  #329: GMRESTest.GpuRequestFallsBackToCpu .......................................................................   Passed    0.25 sec
          Start  419: SolveLeastSquaresGradientTest.IgnoresAZeroDistanceEntryRatherThanDividingByZero
 372/2020 Test #1025: AdaptiveRelaxation.GrowingOscillationReducesAlphaDecayingZigzagDoesNot ...................................   Passed    0.26 sec
          Start  669: CaseReaderTest.EachValidConvectionSchemeNameParses
 373/2020 Test  #321: GMRESTest.SolvesNonSymmetricSystem .......................................................................   Passed    0.26 sec
          Start  477: ConvectionSchemeTest.LinearFieldIsReproducedExactlyAwayFromAnyDegradedFace
 374/2020 Test #1027: AdaptiveRelaxation.RecoveryAfterGrowthStopsBelowTheUnstableFactor ........................................   Passed    0.26 sec
          Start  913: GradedMeshCase.InvalidRatiosAreRejected
 375/2020 Test #1031: SolverRobustnessSettingsTest.InvalidValuesAreRejected ....................................................   Passed    0.26 sec
          Start   69: MeshGeometryNonOrthogonal.CartesianFacesDecomposeExactly
 376/2020 Test  #520: GridRefinementTest.DiffusionStronglyDistortedUncorrectedInterior .........................................   Passed    0.26 sec
          Start   73: MeshGeometryNonOrthogonal.DegenerateGeometryIsDetected
 377/2020 Test  #688: CaseWriterTest.NonDefaultConvectionSchemeRoundTrips ......................................................   Passed    0.26 sec
          Start 1592: NonOrthogonalCorrectionPassesTest.PassesChangeOnlyTheRightHandSide
 378/2020 Test  #502: GridRefinementTest.QuickConvectionOfSmoothFieldConvergesAboveFirstOrderInInterior ........................   Passed    0.27 sec
          Start  422: SolveLeastSquaresGradientTest.NeverProducesNonFiniteResultOnAcceptedInput
 379/2020 Test  #471: ConvectionSchemeTest.NameRoundTripsThroughParse ..........................................................   Passed    0.28 sec
          Start  499: GridRefinementTest.LinearUpwindConvectionOfSmoothFieldGlobalOrderReflectsBoundaryTreatment
 380/2020 Test  #498: GridRefinementTest.CentralConvectionOfSmoothFieldConvergesAboveFirstOrderInInterior ......................   Passed    0.28 sec
          Start  500: GridRefinementTest.LinearUpwindConvectionOfSmoothFieldConvergesAboveFirstOrderInInterior
 381/2020 Test  #489: VanLeerLimiterTest.ZeroAtOrBelowZeroRatio ................................................................   Passed    0.28 sec
          Start  485: LinearUpwindFaceValueTest.ZeroGradientReturnsUpwindValueUnchanged
 382/2020 Test  #481: QuickFaceValueTest.MatchesClassicalCoefficientsOnUniformGrid .............................................   Passed    0.28 sec
          Start  521: GridRefinementTest.DiffusionStronglyDistortedCorrectedConvergesAtSecondOrderInInterior
 383/2020 Test  #486: SmoothnessRatioTest.PositiveForSmoothMonotoneData ........................................................   Passed    0.27 sec
          Start  484: LinearUpwindFaceValueTest.ReconstructsExactlyForALinearField
 384/2020 Test  #490: VanLeerLimiterTest.ZeroWhenRatioIsNullopt ................................................................   Passed    0.27 sec
          Start  446: DiffusionTest.DefaultParametersPreserveUncorrectedBehavior
 385/2020 Test  #419: SolveLeastSquaresGradientTest.IgnoresAZeroDistanceEntryRatherThanDividingByZero ..........................   Passed    0.27 sec
          Start  430: LeastSquaresTest.RepeatedCallsAreDeterministic
 386/2020 Test  #669: CaseReaderTest.EachValidConvectionSchemeNameParses .......................................................   Passed    0.26 sec
          Start  420: SolveLeastSquaresGradientTest.NearlyColinearStencilIsAlsoRejected
 387/2020 Test  #477: ConvectionSchemeTest.LinearFieldIsReproducedExactlyAwayFromAnyDegradedFace ...............................   Passed    0.26 sec
          Start  472: ConvectionSchemeTest.ConvectionOverloadWithoutSchemeArgumentDefaultsToUpwind
 388/2020 Test  #913: GradedMeshCase.InvalidRatiosAreRejected ..................................................................   Passed    0.26 sec
          Start  670: CaseReaderTest.InvalidConvectionSchemeValueThrowsCaseConfigurationError
 389/2020 Test   #69: MeshGeometryNonOrthogonal.CartesianFacesDecomposeExactly .................................................   Passed    0.26 sec
          Start  610: MomentumPressureTest.DefaultGradientSchemeArgumentMatchesExplicitGreenGauss
 390/2020 Test   #73: MeshGeometryNonOrthogonal.DegenerateGeometryIsDetected ...................................................   Passed    0.26 sec
          Start  415: SolveLeastSquaresGradientTest.ZeroDataGivesZeroGradient
 391/2020 Test #1592: NonOrthogonalCorrectionPassesTest.PassesChangeOnlyTheRightHandSide .......................................   Passed    0.26 sec
          Start  671: CaseReaderTest.MissingGradientSchemeDefaultsToGreenGauss
 392/2020 Test  #422: SolveLeastSquaresGradientTest.NeverProducesNonFiniteResultOnAcceptedInput ................................   Passed    0.26 sec
          Start   76: MeshQuality.CartesianHasZeroNonOrthogonality
 393/2020 Test  #499: GridRefinementTest.LinearUpwindConvectionOfSmoothFieldGlobalOrderReflectsBoundaryTreatment ...............   Passed    0.26 sec
          Start  412: GradientSchemeTest.RejectsInvalidName
 394/2020 Test  #500: GridRefinementTest.LinearUpwindConvectionOfSmoothFieldConvergesAboveFirstOrderInInterior .................   Passed    0.26 sec
          Start  923: MultiBlockCase.ReaderParsesBlocksInterfacesAndPatches
 395/2020 Test  #485: LinearUpwindFaceValueTest.ZeroGradientReturnsUpwindValueUnchanged ........................................   Passed    0.27 sec
          Start  476: ConvectionSchemeTest.SchemeChoiceDoesNotAffectABoundaryOnlyMesh
 396/2020 Test  #521: GridRefinementTest.DiffusionStronglyDistortedCorrectedConvergesAtSecondOrderInInterior ...................   Passed    0.27 sec
          Start  507: GridRefinementTest.LeastSquaresGradientDistortedGlobalOrderReflectsBoundaryTreatment
 397/2020 Test  #484: LinearUpwindFaceValueTest.ReconstructsExactlyForALinearField .............................................   Passed    0.28 sec
          Start  668: CaseReaderTest.MissingConvectionSchemeDefaultsToUpwind
 398/2020 Test  #446: DiffusionTest.DefaultParametersPreserveUncorrectedBehavior ...............................................   Passed    0.28 sec
          Start  497: GridRefinementTest.CentralConvectionOfSmoothFieldGlobalOrderReflectsBoundaryTreatment
 399/2020 Test  #430: LeastSquaresTest.RepeatedCallsAreDeterministic ...........................................................   Passed    0.28 sec
          Start  460: DiffusionTest.ExtremeNonOrthogonalityFallsBackSafely
 400/2020 Test  #420: SolveLeastSquaresGradientTest.NearlyColinearStencilIsAlsoRejected ........................................   Passed    0.28 sec
          Start   77: MeshQuality.CartesianHasZeroSkewness
 401/2020 Test  #472: ConvectionSchemeTest.ConvectionOverloadWithoutSchemeArgumentDefaultsToUpwind .............................   Passed    0.29 sec
          Start  487: SmoothnessRatioTest.NegativeAtALocalExtremum
 402/2020 Test  #610: MomentumPressureTest.DefaultGradientSchemeArgumentMatchesExplicitGreenGauss ..............................   Passed    0.27 sec
          Start  504: GridRefinementTest.LeastSquaresGradientCartesianConvergesAtSecondOrderInInterior
 403/2020 Test  #670: CaseReaderTest.InvalidConvectionSchemeValueThrowsCaseConfigurationError ..................................   Passed    0.31 sec
          Start  427: LeastSquaresTest.BoundaryCellsUseTheAssignedConditionAtTheFacesOwnPosition
 404/2020 Test  #415: SolveLeastSquaresGradientTest.ZeroDataGivesZeroGradient ..................................................   Passed    0.29 sec
          Start 1495: ProductionValidationTest.PassedRequiresAcceptanceAndEveryCheck
 405/2020 Test  #671: CaseReaderTest.MissingGradientSchemeDefaultsToGreenGauss .................................................   Passed    0.29 sec
          Start 1531: VelocityCorrectionTest.LeastSquaresSchemeIsWiredThroughAndMatchesOnInteriorCells
 406/2020 Test   #76: MeshQuality.CartesianHasZeroNonOrthogonality .............................................................   Passed    0.29 sec
          Start  662: MomentumNonOrthogonalTest.CartesianCorrectionIsBitIdenticalForBothOverloads
 407/2020 Test  #412: GradientSchemeTest.RejectsInvalidName ....................................................................   Passed    0.29 sec
          Start  298: BiCGSTABBreakdown.ScalingTheSystemByAPowerOfTwoChangesNothing
 408/2020 Test  #923: MultiBlockCase.ReaderParsesBlocksInterfacesAndPatches ....................................................   Passed    0.29 sec
          Start  532: VectorGradientTest.LeastSquaresIsExactForLinearFieldOnDistortedMesh
 409/2020 Test  #476: ConvectionSchemeTest.SchemeChoiceDoesNotAffectABoundaryOnlyMesh ..........................................   Passed    0.28 sec
          Start  893: StructuredQuadCase.MalformedVertexIsRejected
 410/2020 Test  #507: GridRefinementTest.LeastSquaresGradientDistortedGlobalOrderReflectsBoundaryTreatment .....................   Passed    0.28 sec
          Start 1463: GridConvergenceTest.RichardsonExactRecovery
 411/2020 Test  #668: CaseReaderTest.MissingConvectionSchemeDefaultsToUpwind ...................................................   Passed    0.29 sec
          Start   72: MeshGeometryNonOrthogonal.DistortedDecompositionIsConsistent
 412/2020 Test  #497: GridRefinementTest.CentralConvectionOfSmoothFieldGlobalOrderReflectsBoundaryTreatment ....................   Passed    0.29 sec
          Start  492: VanLeerLimiterTest.ApproachesTwoForLargeRatio
 413/2020 Test  #460: DiffusionTest.ExtremeNonOrthogonalityFallsBackSafely .....................................................   Passed    0.29 sec
          Start  689: CaseWriterTest.NonDefaultGradientSchemeRoundTrips
 414/2020 Test   #77: MeshQuality.CartesianHasZeroSkewness .....................................................................   Passed    0.29 sec
          Start  479: ConvectionSchemeTest.HigherOrderSchemesAreDeterministic
 415/2020 Test  #487: SmoothnessRatioTest.NegativeAtALocalExtremum .............................................................   Passed    0.29 sec
          Start  665: MomentumNonOrthogonalTest.CorrectionVelocityDefaultsToVelocityAndIsValidated
 416/2020 Test  #504: GridRefinementTest.LeastSquaresGradientCartesianConvergesAtSecondOrderInInterior .........................   Passed    0.30 sec
          Start  470: ConvectionSchemeTest.RejectsInvalidName
 417/2020 Test  #427: LeastSquaresTest.BoundaryCellsUseTheAssignedConditionAtTheFacesOwnPosition ...............................   Passed    0.30 sec
          Start  506: GridRefinementTest.GreenGaussGradientDistortedConvergesAtSecondOrderInInterior
 418/2020 Test #1495: ProductionValidationTest.PassedRequiresAcceptanceAndEveryCheck ...........................................   Passed    0.29 sec
          Start  505: GridRefinementTest.GreenGaussGradientDistortedGlobalOrderReflectsBoundaryTreatment
 419/2020 Test #1531: VelocityCorrectionTest.LeastSquaresSchemeIsWiredThroughAndMatchesOnInteriorCells .........................   Passed    0.29 sec
          Start  511: GridRefinementTest.DiffusionDistortedUncorrectedGlobalOrderReflectsBoundaryTreatment
 420/2020 Test  #662: MomentumNonOrthogonalTest.CartesianCorrectionIsBitIdenticalForBothOverloads ..............................   Passed    0.28 sec
          Start 1510: SIMPLESettingsTest.NonOrthogonalOptionsFollowTheCorrectionCountAndGradientScheme
 421/2020 Test  #298: BiCGSTABBreakdown.ScalingTheSystemByAPowerOfTwoChangesNothing ............................................   Passed    0.29 sec
          Start   71: MeshGeometryNonOrthogonal.OrthogonalButSkewedFace
 422/2020 Test  #532: VectorGradientTest.LeastSquaresIsExactForLinearFieldOnDistortedMesh ......................................   Passed    0.29 sec
          Start 1267: TurbulenceNonOrthogonalTest.ModelsRouteTheCorrectionThroughTheSharedOperator
 423/2020 Test  #893: StructuredQuadCase.MalformedVertexIsRejected .............................................................   Passed    0.29 sec
          Start  173: MultiBlockMeshInvalid.NonConformalOrMismatchedInterfacesAreRejected
 424/2020 Test #1463: GridConvergenceTest.RichardsonExactRecovery ..............................................................   Passed    0.29 sec
          Start  431: LeastSquaresTest.SmoothNonlinearFieldIsFiniteAndReasonablyAccurate
 425/2020 Test   #72: MeshGeometryNonOrthogonal.DistortedDecompositionIsConsistent .............................................   Passed    0.29 sec
          Start  342: LinearFallbackTest.Deterministic
 426/2020 Test  #492: VanLeerLimiterTest.ApproachesTwoForLargeRatio ............................................................   Passed    0.29 sec
          Start  414: SolveLeastSquaresGradientTest.ReconstructsExactGradientForConsistentLinearData
 427/2020 Test  #689: CaseWriterTest.NonDefaultGradientSchemeRoundTrips ........................................................   Passed    0.29 sec
          Start  410: GradientTest.DefaultSchemeArgumentMatchesExplicitGreenGauss
 428/2020 Test  #479: ConvectionSchemeTest.HigherOrderSchemesAreDeterministic ..................................................   Passed    0.28 sec
          Start  328: GMRESTest.InvalidRestartLengthIsRejected
 429/2020 Test  #665: MomentumNonOrthogonalTest.CorrectionVelocityDefaultsToVelocityAndIsValidated .............................   Passed    0.29 sec
          Start  515: GridRefinementTest.DiffusionStronglyDistortedUncorrectedGlobal
 430/2020 Test  #470: ConvectionSchemeTest.RejectsInvalidName ..................................................................   Passed    0.28 sec
          Start  445: DiffusionTest.NonOrthogonalCorrectionMatchesBaselineOnCartesianMesh
 431/2020 Test  #506: GridRefinementTest.GreenGaussGradientDistortedConvergesAtSecondOrderInInterior ...........................   Passed    0.28 sec
          Start  417: SolveLeastSquaresGradientTest.DetectsASingleNeighborAsIllConditioned
 432/2020 Test  #505: GridRefinementTest.GreenGaussGradientDistortedGlobalOrderReflectsBoundaryTreatment .......................   Passed    0.28 sec
          Start 1458: GridConvergenceTest.RepresentativeGridSize
 433/2020 Test  #511: GridRefinementTest.DiffusionDistortedUncorrectedGlobalOrderReflectsBoundaryTreatment .....................   Passed    0.28 sec
          Start  673: CaseReaderTest.InvalidGradientSchemeValueThrowsCaseConfigurationError
 434/2020 Test #1510: SIMPLESettingsTest.NonOrthogonalOptionsFollowTheCorrectionCountAndGradientScheme .........................   Passed    0.28 sec
          Start  327: GMRESTest.SingularInconsistentSystemReportsBreakdown
 435/2020 Test   #71: MeshGeometryNonOrthogonal.OrthogonalButSkewedFace ........................................................   Passed    0.28 sec
          Start  483: QuickFaceValueTest.ThrowsOnNonPositiveDistance
 436/2020 Test #1267: TurbulenceNonOrthogonalTest.ModelsRouteTheCorrectionThroughTheSharedOperator .............................   Passed    0.28 sec
          Start  453: DiffusionTest.CorrectedFluxIsAntisymmetricUnderFaceReversal
 437/2020 Test  #173: MultiBlockMeshInvalid.NonConformalOrMismatchedInterfacesAreRejected ......................................   Passed    0.28 sec
          Start  162: GradedMesh.ConstructionIsDeterministic
 438/2020 Test  #431: LeastSquaresTest.SmoothNonlinearFieldIsFiniteAndReasonablyAccurate .......................................   Passed    0.27 sec
          Start 1012: ResidualTrend.SingleSpikeDoesNotTriggerDivergence
 439/2020 Test  #342: LinearFallbackTest.Deterministic .........................................................................   Passed    0.27 sec
          Start 1490: MMSErrorNormsTest.KnownField
 440/2020 Test  #414: SolveLeastSquaresGradientTest.ReconstructsExactGradientForConsistentLinearData ...........................   Passed    0.27 sec
          Start  604: MomentumConvectionTest.NonUpwindSchemeAddsAnExplicitCorrectionOnlyOnInternalFaces
 441/2020 Test  #410: GradientTest.DefaultSchemeArgumentMatchesExplicitGreenGauss ..............................................   Passed    0.28 sec
          Start 1023: AdaptiveRelaxation.GrowthReducesAlpha
 442/2020 Test  #328: GMRESTest.InvalidRestartLengthIsRejected .................................................................   Passed    0.28 sec
          Start   79: MeshQuality.MetricsDiscriminateDistortionLevels
 443/2020 Test  #515: GridRefinementTest.DiffusionStronglyDistortedUncorrectedGlobal ...........................................   Passed    0.28 sec
          Start  482: QuickFaceValueTest.ReproducesALinearFieldExactly
 444/2020 Test  #445: DiffusionTest.NonOrthogonalCorrectionMatchesBaselineOnCartesianMesh ......................................   Passed    0.28 sec
          Start  906: MeshQualityCase.NonOrthogonalMeshCarriesTheCorrectionAdvice
 445/2020 Test  #417: SolveLeastSquaresGradientTest.DetectsASingleNeighborAsIllConditioned .....................................   Passed    0.29 sec
          Start  413: GradientSchemeTest.NameRoundTripsThroughParse
 446/2020 Test #1458: GridConvergenceTest.RepresentativeGridSize ...............................................................   Passed    0.29 sec
          Start  332: LinearFallbackTest.EligibleBreakdownUsesFallback
 447/2020 Test  #673: CaseReaderTest.InvalidGradientSchemeValueThrowsCaseConfigurationError ....................................   Passed    0.30 sec
          Start  473: ConvectionSchemeTest.CentralSchemeMatchesIndependentOracleForPositiveAndNegativeFlux
 448/2020 Test  #327: GMRESTest.SingularInconsistentSystemReportsBreakdown .....................................................   Passed    0.30 sec
          Start  493: VanLeerLimiterTest.StaysWithinTheZeroToTwoSwebyTvdRegion
 449/2020 Test  #483: QuickFaceValueTest.ThrowsOnNonPositiveDistance ...........................................................   Passed    0.30 sec
          Start  333: LinearFallbackTest.SuccessRecorded
 450/2020 Test  #453: DiffusionTest.CorrectedFluxIsAntisymmetricUnderFaceReversal ..............................................   Passed    0.30 sec
          Start  459: DiffusionTest.CorrectionNeverAlterableOnPureBoundaryMeshWithMixedConditions
 451/2020 Test  #162: GradedMesh.ConstructionIsDeterministic ...................................................................   Passed    0.30 sec
          Start  804: CompressibleCaseTest.CoupledTrueParsesAndRoundTripsThroughCaseBuilder
 452/2020 Test #1012: ResidualTrend.SingleSpikeDoesNotTriggerDivergence ........................................................   Passed    0.31 sec
          Start  322: GMRESTest.RestartedSolveConvergesDeterministically
 453/2020 Test #1490: MMSErrorNormsTest.KnownField .............................................................................   Passed    0.30 sec
          Start  429: LeastSquaresTest.MismatchedFieldSizeThrows
 454/2020 Test  #604: MomentumConvectionTest.NonUpwindSchemeAddsAnExplicitCorrectionOnlyOnInternalFaces ........................   Passed    0.30 sec
          Start 1597: PressureCorrectionNonOrthogonalTest.NonOrthogonalBoundary
 455/2020 Test #1023: AdaptiveRelaxation.GrowthReducesAlpha ....................................................................   Passed    0.31 sec
          Start  611: MomentumPressureTest.LeastSquaresSchemeIsWiredThroughAndAlsoExactForALinearPressureField
 456/2020 Test   #79: MeshQuality.MetricsDiscriminateDistortionLevels ..........................................................   Passed    0.31 sec
          Start  501: GridRefinementTest.QuickConvectionOfSmoothFieldGlobalOrderReflectsBoundaryTreatment
 457/2020 Test  #482: QuickFaceValueTest.ReproducesALinearFieldExactly .........................................................   Passed    0.31 sec
          Start  450: DiffusionTest.ConstantFieldConservesGloballyOnDistortedMeshWithCorrection
 458/2020 Test  #906: MeshQualityCase.NonOrthogonalMeshCarriesTheCorrectionAdvice ..............................................   Passed    0.30 sec
          Start 1596: PressureCorrectionNonOrthogonalTest.NonOrthogonalConservation
 459/2020 Test  #413: GradientSchemeTest.NameRoundTripsThroughParse ............................................................   Passed    0.30 sec
          Start 1485: ManufacturedFieldsTest.CompressibleForcingExact
 460/2020 Test  #332: LinearFallbackTest.EligibleBreakdownUsesFallback .........................................................   Passed    0.29 sec
          Start  865: JSONWriterTest.MeshQualityNonFiniteAndUnavailableValuesAreNull
 461/2020 Test  #473: ConvectionSchemeTest.CentralSchemeMatchesIndependentOracleForPositiveAndNegativeFlux .....................   Passed    0.29 sec
          Start  454: DiffusionTest.ClosedDomainGlobalBalanceIsUnchangedByCorrection
 462/2020 Test  #493: VanLeerLimiterTest.StaysWithinTheZeroToTwoSwebyTvdRegion .................................................   Passed    0.29 sec
          Start 1488: MMSSourceTest.RelaxedMomentumSourceIsAPureRhsTerm
 463/2020 Test  #333: LinearFallbackTest.SuccessRecorded .......................................................................   Passed    0.30 sec
          Start 1487: MMSSourceTest.CellVolumeScaling
 464/2020 Test  #459: DiffusionTest.CorrectionNeverAlterableOnPureBoundaryMeshWithMixedConditions ..............................   Passed    0.29 sec
          Start 1461: GridConvergenceTest.ThirdOrderSynthetic
 465/2020 Test  #322: GMRESTest.RestartedSolveConvergesDeterministically .......................................................   Passed    0.26 sec
          Start  664: MomentumNonOrthogonalTest.ExplicitCorrectionIsGloballyConservativeWithoutDirichletFaces
 466/2020 Test  #804: CompressibleCaseTest.CoupledTrueParsesAndRoundTripsThroughCaseBuilder ....................................   Passed    0.31 sec
          Start 1590: NonOrthogonalCorrectionPassesTest.AtMostOnePassRunsNothing
 467/2020 Test  #429: LeastSquaresTest.MismatchedFieldSizeThrows ...............................................................   Passed    0.28 sec
          Start  908: MeshQualityCase.InvalidMeshErrorCarriesTheSummaryAndEveryFatalIssue
 468/2020 Test #1597: PressureCorrectionNonOrthogonalTest.NonOrthogonalBoundary ................................................   Passed    0.28 sec
          Start  338: LinearFallbackTest.SingularOrReducibleMatricesAreNotCGEligible
 469/2020 Test  #611: MomentumPressureTest.LeastSquaresSchemeIsWiredThroughAndAlsoExactForALinearPressureField .................   Passed    0.29 sec
          Start  405: InterpolationTest.SkewCorrectedInterpolationFallsBackOnDegenerateFace
 470/2020 Test  #501: GridRefinementTest.QuickConvectionOfSmoothFieldGlobalOrderReflectsBoundaryTreatment ......................   Passed    0.29 sec
          Start  907: MeshQualityCase.WarningMeshIsAcceptedNotRejected
 471/2020 Test  #450: DiffusionTest.ConstantFieldConservesGloballyOnDistortedMeshWithCorrection ................................   Passed    0.29 sec
          Start  455: DiffusionTest.LinearField2x3y5IsConsistentOnCartesianAndDistortedMeshes
 472/2020 Test #1596: PressureCorrectionNonOrthogonalTest.NonOrthogonalConservation ............................................   Passed    0.30 sec
          Start  337: LinearFallbackTest.SpdMatrixIsCGEligibleAndPreferred
 473/2020 Test #1485: ManufacturedFieldsTest.CompressibleForcingExact ..........................................................   Passed    0.30 sec
          Start  462: DiffusionTest.BoundaryCorrectionClassificationCoversEveryConditionType
 474/2020 Test  #865: JSONWriterTest.MeshQualityNonFiniteAndUnavailableValuesAreNull ...........................................   Passed    0.29 sec
          Start 1498: ProductionValidationTest.GridStudyEntryAndSequenceOrder
 475/2020 Test  #454: DiffusionTest.ClosedDomainGlobalBalanceIsUnchangedByCorrection ...........................................   Passed    0.29 sec
          Start 1489: MMSSourceTest.SolversRejectMalformedSourceFields
 476/2020 Test #1488: MMSSourceTest.RelaxedMomentumSourceIsAPureRhsTerm ........................................................   Passed    0.29 sec
          Start 1493: MMSStudyTest.ReportIsDeterministicExceptRuntime
 477/2020 Test #1487: MMSSourceTest.CellVolumeScaling ..........................................................................   Passed    0.28 sec
          Start 1704: CompressibleRelaxedMomentumTest.AlphaOneMatchesUnrelaxedCompressibleMomentumComponentExactly
 478/2020 Test #1461: GridConvergenceTest.ThirdOrderSynthetic ..................................................................   Passed    0.29 sec
          Start 1470: GridConvergenceTest.InvalidGridSpacingRejected
 479/2020 Test  #664: MomentumNonOrthogonalTest.ExplicitCorrectionIsGloballyConservativeWithoutDirichletFaces ..................   Passed    0.29 sec
          Start  901: StructuredQuadCase.WriterKeepsCartesianMeshFileUnchanged
 480/2020 Test #1590: NonOrthogonalCorrectionPassesTest.AtMostOnePassRunsNothing ...............................................   Passed    0.29 sec
          Start  806: CompressibleCaseTest.RejectsNonBooleanCoupled
 481/2020 Test  #908: MeshQualityCase.InvalidMeshErrorCarriesTheSummaryAndEveryFatalIssue ......................................   Passed    0.28 sec
          Start  864: JSONWriterTest.MeshQualityIsExportedWithEveryMetricAndIssue
 482/2020 Test  #338: LinearFallbackTest.SingularOrReducibleMatricesAreNotCGEligible ...........................................   Passed    0.28 sec
          Start 1003: ResidualNormalization.ZeroBaseline
 483/2020 Test  #405: InterpolationTest.SkewCorrectedInterpolationFallsBackOnDegenerateFace ....................................   Passed    0.28 sec
          Start 1131: SparseAssembly3DTest.TwoByTwoByTwo
 484/2020 Test  #907: MeshQualityCase.WarningMeshIsAcceptedNotRejected .........................................................   Passed    0.28 sec
          Start 1373: CompressibleMassFluxTest.WallBoundaryMassFluxIsZeroRegardlessOfBoundaryDensity
 485/2020 Test  #455: DiffusionTest.LinearField2x3y5IsConsistentOnCartesianAndDistortedMeshes ..................................   Passed    0.28 sec
          Start  603: MomentumConvectionTest.DefaultSchemeArgumentMatchesExplicitUpwind
 486/2020 Test  #337: LinearFallbackTest.SpdMatrixIsCGEligibleAndPreferred .....................................................   Passed    0.28 sec
          Start  905: MeshQualityCase.BuilderStoresTheProductionReportInTheSetup
 487/2020 Test  #462: DiffusionTest.BoundaryCorrectionClassificationCoversEveryConditionType ...................................   Passed    0.28 sec
          Start 1710: CompressiblePressureCorrectionTest.CompressibilityDiagonalMatchesHandFormula
 488/2020 Test #1498: ProductionValidationTest.GridStudyEntryAndSequenceOrder ..................................................   Passed    0.29 sec
          Start 1473: GridConvergenceTest.ObservedOrderSolverMatchesClosedFormForEqualRatios
 489/2020 Test #1489: MMSSourceTest.SolversRejectMalformedSourceFields .........................................................   Passed    0.29 sec
          Start 1477: GridConvergenceStudyTest.SimpleSolveGateRejectsInvalidSolves
 490/2020 Test #1493: MMSStudyTest.ReportIsDeterministicExceptRuntime ..........................................................   Passed    0.29 sec
          Start 1468: GridConvergenceTest.ZeroDifferenceHandled
 491/2020 Test #1704: CompressibleRelaxedMomentumTest.AlphaOneMatchesUnrelaxedCompressibleMomentumComponentExactly .............   Passed    0.29 sec
          Start 1483: ManufacturedFieldsTest.MomentumForcingExact
 492/2020 Test #1470: GridConvergenceTest.InvalidGridSpacingRejected ...........................................................   Passed    0.29 sec
          Start 1709: CompressiblePressureCorrectionTest.NegligibleCompressibilityMatchesIncompressibleEquation
 493/2020 Test  #901: StructuredQuadCase.WriterKeepsCartesianMeshFileUnchanged .................................................   Passed    0.29 sec
          Start 1480: ManufacturedFieldsTest.VelocityIsAnalyticallyDivergenceFree
 494/2020 Test  #806: CompressibleCaseTest.RejectsNonBooleanCoupled ............................................................   Passed    0.29 sec
          Start 1973: SimulationControllerTest.OpenCaseAcceptsQuotedAndPaddedPath
 495/2020 Test  #864: JSONWriterTest.MeshQualityIsExportedWithEveryMetricAndIssue ..............................................   Passed    0.30 sec
          Start  331: LinearFallbackTest.DisabledPropagatesFailure
 496/2020 Test #1003: ResidualNormalization.ZeroBaseline .......................................................................   Passed    0.29 sec
          Start  320: GMRESTest.SolvesSPDSystemAndAgreesWithCG
 497/2020 Test #1131: SparseAssembly3DTest.TwoByTwoByTwo .......................................................................   Passed    0.29 sec
          Start 1002: ResidualNormalization.NonzeroBaseline
 498/2020 Test #1373: CompressibleMassFluxTest.WallBoundaryMassFluxIsZeroRegardlessOfBoundaryDensity ...........................   Passed    0.29 sec
          Start  123: StructuredQuadMesh.RejectsZeroCells
 499/2020 Test  #603: MomentumConvectionTest.DefaultSchemeArgumentMatchesExplicitUpwind ........................................   Passed    0.29 sec
          Start  891: StructuredQuadCase.MissingVerticesAreRejected
 500/2020 Test  #905: MeshQualityCase.BuilderStoresTheProductionReportInTheSetup ...............................................   Passed    0.30 sec
          Start  825: PhysicsCompatibilityTest.RejectsCoupledCompressibleTogetherWithTurbulence
 501/2020 Test #1710: CompressiblePressureCorrectionTest.CompressibilityDiagonalMatchesHandFormula .............................   Passed    0.29 sec
          Start 1374: CompressibleMassFluxTest.BoundaryDensityMatchesDirectEosEvaluation
 502/2020 Test #1473: GridConvergenceTest.ObservedOrderSolverMatchesClosedFormForEqualRatios ...................................   Passed    0.29 sec
          Start  805: CompressibleCaseTest.CoupledExplicitFalseParsesTheSameAsAbsent
 503/2020 Test #1477: GridConvergenceStudyTest.SimpleSolveGateRejectsInvalidSolves .............................................   Passed    0.29 sec
          Start 1469: GridConvergenceTest.ZeroSolutionQuantityHasNoRelativeMetrics
 504/2020 Test #1468: GridConvergenceTest.ZeroDifferenceHandled ................................................................   Passed    0.28 sec
          Start  826: PhysicsCompatibilityTest.RejectsCoupledCompressibleTogetherWithBuoyancy
 505/2020 Test #1483: ManufacturedFieldsTest.MomentumForcingExact ..............................................................   Passed    0.29 sec
          Start 1467: GridConvergenceTest.DivergingSequenceDetected
 506/2020 Test #1709: CompressiblePressureCorrectionTest.NegligibleCompressibilityMatchesIncompressibleEquation ................   Passed    0.29 sec
          Start 1009: ResidualTrend.Stagnating
 507/2020 Test #1480: ManufacturedFieldsTest.VelocityIsAnalyticallyDivergenceFree ..............................................   Passed    0.29 sec
          Start  491: VanLeerLimiterTest.OneAtRatioOfOne
 508/2020 Test  #331: LinearFallbackTest.DisabledPropagatesFailure .............................................................   Passed    0.27 sec
          Start  424: LeastSquaresTest.LinearFieldCartesianIsExactAtEveryCellIncludingBoundaryAdjacent
 509/2020 Test  #320: GMRESTest.SolvesSPDSystemAndAgreesWithCG .................................................................   Passed    0.27 sec
          Start  900: StructuredQuadCase.WriterRoundTripsVerticesExactly
 510/2020 Test #1002: ResidualNormalization.NonzeroBaseline ....................................................................   Passed    0.27 sec
          Start  478: ConvectionSchemeTest.DegradedFaceStillProducesAFiniteConsistentResult
 511/2020 Test  #123: StructuredQuadMesh.RejectsZeroCells ......................................................................   Passed    0.27 sec
          Start 1720: CompressibleSimpleTest.NonPhysicalPressureTransientReportsNonFiniteState
 512/2020 Test  #891: StructuredQuadCase.MissingVerticesAreRejected ............................................................   Passed    0.27 sec
          Start  480: ConvectionSchemeTest.StepFunctionStaysWithinInitialBoundsAfterOneExplicitStep
 513/2020 Test  #825: PhysicsCompatibilityTest.RejectsCoupledCompressibleTogetherWithTurbulence ................................   Passed    0.27 sec
          Start  171: MultiBlockMeshInvalid.StructuralErrorsAreNamed
 514/2020 Test #1374: CompressibleMassFluxTest.BoundaryDensityMatchesDirectEosEvaluation .......................................   Passed    0.27 sec
          Start  903: StructuredQuadCase.CartesianVtkIsByteIdenticalToTheReconstructedPoints
 515/2020 Test  #805: CompressibleCaseTest.CoupledExplicitFalseParsesTheSameAsAbsent ...........................................   Passed    0.27 sec
          Start  915: GradedMeshCase.InvalidTypeClusterAndKeysAreRejected
 516/2020 Test #1973: SimulationControllerTest.OpenCaseAcceptsQuotedAndPaddedPath ..............................................   Passed    0.46 sec
          Start 1481: ManufacturedFieldsTest.VelocityDerivativesExact
 517/2020 Test #1469: GridConvergenceTest.ZeroSolutionQuantityHasNoRelativeMetrics .............................................   Passed    0.29 sec
          Start 1486: ManufacturedFieldsTest.ExactFaceFluxIsDiscretelyDivergenceFree
 518/2020 Test  #826: PhysicsCompatibilityTest.RejectsCoupledCompressibleTogetherWithBuoyancy ..................................   Passed    0.29 sec
          Start 1213: WallDistanceTest.ExactPerpendicularDistanceOnTiltedStructuredQuadMesh
 519/2020 Test #1467: GridConvergenceTest.DivergingSequenceDetected ............................................................   Passed    0.28 sec
          Start 1724: CompressibleSimpleSettingsTest.RejectsOutOfRangeRelaxation
 520/2020 Test #1009: ResidualTrend.Stagnating .................................................................................   Passed    0.28 sec
          Start  125: StructuredQuadMesh.RejectsNonFiniteVertex
 521/2020 Test  #491: VanLeerLimiterTest.OneAtRatioOfOne .......................................................................   Passed    0.27 sec
          Start 1714: CompressiblePressureCorrectionTest.OpenBoundaryDoesNotPinReferenceCell
 522/2020 Test  #424: LeastSquaresTest.LinearFieldCartesianIsExactAtEveryCellIncludingBoundaryAdjacent .........................   Passed    0.28 sec
          Start 1718: CompressibleSimpleTest.InvalidSettingsReportInvalidConfiguration
 523/2020 Test  #900: StructuredQuadCase.WriterRoundTripsVerticesExactly .......................................................   Passed    0.28 sec
          Start 1713: CompressiblePressureCorrectionTest.RejectsOutOfRangeReferenceCell
 524/2020 Test  #478: ConvectionSchemeTest.DegradedFaceStillProducesAFiniteConsistentResult ....................................   Passed    0.28 sec
          Start  175: MultiBlockMeshInvalid.DisconnectedDomainFailsTheValidityGate
 525/2020 Test #1720: CompressibleSimpleTest.NonPhysicalPressureTransientReportsNonFiniteState .................................   Passed    0.28 sec
          Start 1712: CompressiblePressureCorrectionTest.RejectsNonPositivePseudoTimeStep
 526/2020 Test  #480: ConvectionSchemeTest.StepFunctionStaysWithinInitialBoundsAfterOneExplicitStep ............................   Passed    0.28 sec
          Start 1721: CompressibleSimpleTest.MismatchedInitialFieldSizeReportsInvalidConfiguration
 527/2020 Test  #171: MultiBlockMeshInvalid.StructuralErrorsAreNamed ...........................................................   Passed    0.27 sec
          Start 1214: WallDistanceTest.CartesianDistanceIsBitIdenticalToFaceCentroidDistance
 528/2020 Test  #915: GradedMeshCase.InvalidTypeClusterAndKeysAreRejected ......................................................   Passed    0.26 sec
          Start  924: MultiBlockCase.ParserErrorsNameTheField
 529/2020 Test  #903: StructuredQuadCase.CartesianVtkIsByteIdenticalToTheReconstructedPoints ...................................   Passed    0.30 sec
          Start 1372: CompressibleMassFluxTest.InletBoundaryReducesToOwnerDensityUnderZeroPressureGradient
 530/2020 Test #1481: ManufacturedFieldsTest.VelocityDerivativesExact ..........................................................   Passed    0.28 sec
          Start 1026: AdaptiveRelaxation.RespectsBounds
 531/2020 Test #1486: ManufacturedFieldsTest.ExactFaceFluxIsDiscretelyDivergenceFree ...........................................   Passed    0.28 sec
          Start 1119: ThermalBoundaryConsistency.SingularAllGradientCellReportsStatusInsteadOfThrowing
 532/2020 Test #1213: WallDistanceTest.ExactPerpendicularDistanceOnTiltedStructuredQuadMesh ....................................   Passed    0.29 sec
          Start  909: GradedMeshCase.NoGradingMeansNone
 533/2020 Test #1724: CompressibleSimpleSettingsTest.RejectsOutOfRangeRelaxation ...............................................   Passed    0.28 sec
          Start  118: StructuredQuadMesh.CarriesItsVertexGrid
 534/2020 Test  #125: StructuredQuadMesh.RejectsNonFiniteVertex ................................................................   Passed    0.29 sec
          Start  921: GradedMeshCase.BuilderBuildsTheGradedMesh
 535/2020 Test #1714: CompressiblePressureCorrectionTest.OpenBoundaryDoesNotPinReferenceCell ...................................   Passed    0.28 sec
          Start 1004: ResidualNormalization.SmallBaseline
 536/2020 Test #1718: CompressibleSimpleTest.InvalidSettingsReportInvalidConfiguration .........................................   Passed    0.29 sec
          Start  340: LinearFallbackTest.OnlyAlgorithmicFailuresAreEligible
 537/2020 Test #1713: CompressiblePressureCorrectionTest.RejectsOutOfRangeReferenceCell ........................................   Passed    0.29 sec
          Start  336: LinearFallbackTest.DoesNotUseCGForUnsupportedMatrix
 538/2020 Test  #175: MultiBlockMeshInvalid.DisconnectedDomainFailsTheValidityGate .............................................   Passed    0.29 sec
          Start 1459: GridConvergenceTest.FirstOrderSynthetic
 539/2020 Test #1712: CompressiblePressureCorrectionTest.RejectsNonPositivePseudoTimeStep ......................................   Passed    0.29 sec
          Start 1471: GridConvergenceTest.NonFiniteInputRejected
 540/2020 Test #1721: CompressibleSimpleTest.MismatchedInitialFieldSizeReportsInvalidConfiguration .............................   Passed    0.29 sec
          Start 1492: MMSStudyTest.OrdersComeFromTheSharedGridConvergenceAnalysis
 541/2020 Test #1214: WallDistanceTest.CartesianDistanceIsBitIdenticalToFaceCentroidDistance ...................................   Passed    0.29 sec
          Start    9: CFDAppCli_mesh_quality_invalid_cli
 542/2020 Test  #924: MultiBlockCase.ParserErrorsNameTheField ..................................................................   Passed    0.29 sec
          Start 1394: ProjectRunnerTest.ValidCaseConvergesAndExportsResults
 543/2020 Test #1372: CompressibleMassFluxTest.InletBoundaryReducesToOwnerDensityUnderZeroPressureGradient .....................   Passed    0.30 sec
          Start 1964: BackwardFacingStep.Geometry
 544/2020 Test #1026: AdaptiveRelaxation.RespectsBounds ........................................................................   Passed    0.30 sec
          Start 1722: CompressibleSimpleSettingsTest.RejectsZeroMaxIterations
 545/2020 Test #1119: ThermalBoundaryConsistency.SingularAllGradientCellReportsStatusInsteadOfThrowing .........................   Passed    0.30 sec
          Start   12: CFDAppCliMeshQualityDisconnectedIsFatal
 546/2020 Test  #909: GradedMeshCase.NoGradingMeansNone ........................................................................   Passed    0.30 sec
          Start 1484: ManufacturedFieldsTest.ScalarForcingExact
 547/2020 Test  #118: StructuredQuadMesh.CarriesItsVertexGrid ..................................................................   Passed    0.30 sec
          Start 1116: ThermalBoundaryConsistency.BoundaryDiffusionContributionIsExactPerConditionType
 548/2020 Test  #921: GradedMeshCase.BuilderBuildsTheGradedMesh ................................................................   Passed    0.31 sec
          Start  929: MultiBlockCase.GeometricErrorsAreCaseErrors
 549/2020 Test #1004: ResidualNormalization.SmallBaseline ......................................................................   Passed    0.31 sec
          Start  115: StructuredQuadMesh.LatticeVerticesReproduceCartesianMesh
 550/2020 Test  #340: LinearFallbackTest.OnlyAlgorithmicFailuresAreEligible ....................................................   Passed    0.31 sec
          Start  186: Cartesian3DMeshTest.FingerprintSeesZIn3DAndKeeps2DValues
 551/2020 Test  #336: LinearFallbackTest.DoesNotUseCGForUnsupportedMatrix ......................................................   Passed    0.31 sec
          Start  330: LinearFallbackTest.PrimaryBiCGSTABGenuinelyBreaksDownOnIndefiniteSystem
 552/2020 Test #1459: GridConvergenceTest.FirstOrderSynthetic ..................................................................   Passed    0.31 sec
          Start  128: StructuredQuadMesh.RejectsNonConvexCell
 553/2020 Test #1471: GridConvergenceTest.NonFiniteInputRejected ...............................................................   Passed    0.32 sec
          Start 1478: GridConvergenceStudyTest.DeterministicReport
 554/2020 Test #1492: MMSStudyTest.OrdersComeFromTheSharedGridConvergenceAnalysis ..............................................   Passed    0.32 sec
          Start  134: MeshValidity.DetectsCellListingAFaceItDoesNotOwnOrNeighbor
 555/2020 Test    #9: CFDAppCli_mesh_quality_invalid_cli .......................................................................   Passed    0.32 sec
          Start   46: Vector3Test.DotCrossAndMagnitudeUseZ
 556/2020 Test #1964: BackwardFacingStep.Geometry ..............................................................................   Passed    0.29 sec
          Start 1491: MMSErrorNormsTest.PressureGaugeRemoval
 557/2020 Test #1722: CompressibleSimpleSettingsTest.RejectsZeroMaxIterations ..................................................   Passed    0.28 sec
          Start  898: StructuredQuadCase.BuilderRejectsFoldedMesh
 558/2020 Test   #12: CFDAppCliMeshQualityDisconnectedIsFatal ..................................................................   Passed    0.28 sec
          Start  151: MeshGrading.RejectsNonPositiveOrNonFiniteLength
 559/2020 Test #1484: ManufacturedFieldsTest.ScalarForcingExact ................................................................   Passed    0.28 sec
          Start  130: MeshValidity.HandBuiltTwoCellMeshIsValid
 560/2020 Test #1116: ThermalBoundaryConsistency.BoundaryDiffusionContributionIsExactPerConditionType ..........................   Passed    0.28 sec
          Start  133: MeshValidity.DetectsOpenCell
 561/2020 Test  #929: MultiBlockCase.GeometricErrorsAreCaseErrors ..............................................................   Passed    0.28 sec
          Start 1719: CompressibleSimpleTest.InitialStateOutsideEosDomainReportsInvalidConfiguration
 562/2020 Test  #115: StructuredQuadMesh.LatticeVerticesReproduceCartesianMesh .................................................   Passed    0.28 sec
          Start 1482: ManufacturedFieldsTest.PressureGradientExact
 563/2020 Test  #186: Cartesian3DMeshTest.FingerprintSeesZIn3DAndKeeps2DValues .................................................   Passed    0.27 sec
          Start 1825: StructuredQuadProductionCase.CommittedCaseIsAGenuinelyNonOrthogonalMesh
 564/2020 Test  #330: LinearFallbackTest.PrimaryBiCGSTABGenuinelyBreaksDownOnIndefiniteSystem ..................................   Passed    0.27 sec
          Start 1475: GridConvergenceStudyTest.RejectedSolveInvalidatesTheStudy
 565/2020 Test  #128: StructuredQuadMesh.RejectsNonConvexCell ..................................................................   Passed    0.27 sec
          Start  926: MultiBlockCase.BoundariesMustConfigureExactlyTheMeshPatches
 566/2020 Test #1478: GridConvergenceStudyTest.DeterministicReport .............................................................   Passed    0.27 sec
          Start  920: GradedMeshCase.UngradedCaseIsWrittenUnchanged
 567/2020 Test  #134: MeshValidity.DetectsCellListingAFaceItDoesNotOwnOrNeighbor ...............................................   Passed    0.27 sec
          Start  919: GradedMeshCase.WriterRoundTripsGradingExactly
 568/2020 Test   #46: Vector3Test.DotCrossAndMagnitudeUseZ .....................................................................   Passed    0.27 sec
          Start 1371: CompressibleMassFluxTest.OutletBoundaryUsesEosEvaluatedPressureNotOwnerDensity
 569/2020 Test #1491: MMSErrorNormsTest.PressureGaugeRemoval ...................................................................   Passed    0.27 sec
          Start 1711: CompressiblePressureCorrectionTest.MismatchedPredictorMassFluxSizeThrows
 570/2020 Test  #898: StructuredQuadCase.BuilderRejectsFoldedMesh ..............................................................   Passed    0.27 sec
          Start 1574: SIMPLEGpuResidencyTest.DisabledByDefaultIssuesNoGpuActivity
 571/2020 Test  #151: MeshGrading.RejectsNonPositiveOrNonFiniteLength ..........................................................   Passed    0.27 sec
          Start 1705: CompressibleRelaxedMomentumTest.RelaxationMatchesHandDerivedPatankarFormula
 572/2020 Test  #130: MeshValidity.HandBuiltTwoCellMeshIsValid .................................................................   Passed    0.27 sec
          Start  916: GradedMeshCase.GradingIsRejectedForStructuredQuad
 573/2020 Test  #133: MeshValidity.DetectsOpenCell .............................................................................   Passed    0.27 sec
          Start  135: MeshValidity.DetectsCellWithTooFewFaces
 574/2020 Test #1719: CompressibleSimpleTest.InitialStateOutsideEosDomainReportsInvalidConfiguration ...........................   Passed    0.26 sec
          Start  899: StructuredQuadCase.CartesianCaseBuildsTheUnchangedCartesianMesh
 575/2020 Test #1482: ManufacturedFieldsTest.PressureGradientExact .............................................................   Passed    0.26 sec
          Start  925: MultiBlockCase.GeometryMustBeMeshDefinedExactlyForMultiblock
 576/2020 Test #1825: StructuredQuadProductionCase.CommittedCaseIsAGenuinelyNonOrthogonalMesh ..................................   Passed    0.26 sec
          Start  142: MeshGrading.OneSidedStartClusteringMatchesGeometricSeries
 577/2020 Test #1475: GridConvergenceStudyTest.RejectedSolveInvalidatesTheStudy ................................................   Passed    0.26 sec
          Start  889: StructuredQuadCase.ParsesVertices
 578/2020 Test #1394: ProjectRunnerTest.ValidCaseConvergesAndExportsResults ....................................................   Passed    0.78 sec
          Start 1708: CompressibleRelaxedMomentumTest.RejectsNonPositivePseudoTimeStep
 579/2020 Test  #926: MultiBlockCase.BoundariesMustConfigureExactlyTheMeshPatches ..............................................   Passed    0.28 sec
          Start  163: GradedMesh.InvalidGradingNeverBuildsAMesh
 580/2020 Test  #920: GradedMeshCase.UngradedCaseIsWrittenUnchanged ............................................................   Passed    0.28 sec
          Start 1494: SampleErrorNormsTest.KnownValues
 581/2020 Test  #919: GradedMeshCase.WriterRoundTripsGradingExactly ............................................................   Passed    0.29 sec
          Start  896: StructuredQuadCase.NonMonotoneBoundaryEdgeIsRejected
 582/2020 Test #1371: CompressibleMassFluxTest.OutletBoundaryUsesEosEvaluatedPressureNotOwnerDensity ...........................   Passed    0.29 sec
          Start 1723: CompressibleSimpleSettingsTest.RejectsNonPositivePseudoTimeStep
 583/2020 Test #1711: CompressiblePressureCorrectionTest.MismatchedPredictorMassFluxSizeThrows .................................   Passed    0.29 sec
          Start  895: StructuredQuadCase.BoundaryVertexOffTheRectangleIsRejected
 584/2020 Test #1574: SIMPLEGpuResidencyTest.DisabledByDefaultIssuesNoGpuActivity ..............................................   Passed    0.29 sec
          Start 1706: CompressibleRelaxedMomentumTest.MismatchedVelocitySizeThrows
 585/2020 Test #1705: CompressibleRelaxedMomentumTest.RelaxationMatchesHandDerivedPatankarFormula ..............................   Passed    0.29 sec
          Start 1707: CompressibleRelaxedMomentumTest.MismatchedMassFluxSizeThrows
 586/2020 Test  #135: MeshValidity.DetectsCellWithTooFewFaces ..................................................................   Passed    0.26 sec
          Start  160: GradedMesh.GradedMeshesHaveTheRequestedCellsAndAreValid
 587/2020 Test  #916: GradedMeshCase.GradingIsRejectedForStructuredQuad ........................................................   Passed    0.31 sec
          Start 1376: CompressibleMassFluxTest.UniformStateGivesUniformBoundaryDensityMatchingInterior
 588/2020 Test  #899: StructuredQuadCase.CartesianCaseBuildsTheUnchangedCartesianMesh ..........................................   Passed    0.29 sec
          Start  126: StructuredQuadMesh.RejectsFoldedCells
 589/2020 Test  #925: MultiBlockCase.GeometryMustBeMeshDefinedExactlyForMultiblock .............................................   Passed    0.29 sec
          Start  910: GradedMeshCase.ParsesYGrading
 590/2020 Test  #142: MeshGrading.OneSidedStartClusteringMatchesGeometricSeries ................................................   Passed    0.29 sec
          Start  122: StructuredQuadMesh.ConstructionIsDeterministic
 591/2020 Test  #889: StructuredQuadCase.ParsesVertices ........................................................................   Passed    0.29 sec
          Start  890: StructuredQuadCase.CartesianMeshHasNoVerticesAndRejectsThem
 592/2020 Test #1708: CompressibleRelaxedMomentumTest.RejectsNonPositivePseudoTimeStep .........................................   Passed    0.29 sec
          Start  124: StructuredQuadMesh.RejectsWrongVertexCount
 593/2020 Test  #163: GradedMesh.InvalidGradingNeverBuildsAMesh ................................................................   Passed    0.29 sec
          Start  120: StructuredQuadMesh.MeshWithoutGridReportsNone
 594/2020 Test #1494: SampleErrorNormsTest.KnownValues .........................................................................   Passed    0.28 sec
          Start  129: StructuredQuadMesh.RejectsDegenerateCells
 595/2020 Test  #896: StructuredQuadCase.NonMonotoneBoundaryEdgeIsRejected .....................................................   Passed    0.28 sec
          Start  121: StructuredQuadMesh.MeshRejectsGridThatDoesNotMatchItsCells
 596/2020 Test #1723: CompressibleSimpleSettingsTest.RejectsNonPositivePseudoTimeStep ..........................................   Passed    0.27 sec
          Start  912: GradedMeshCase.ParsesXAndYGradingAndEveryClusterName
 597/2020 Test  #895: StructuredQuadCase.BoundaryVertexOffTheRectangleIsRejected ...............................................   Passed    0.27 sec
          Start  139: MeshValidity.ProblemListIsBounded
 598/2020 Test #1706: CompressibleRelaxedMomentumTest.MismatchedVelocitySizeThrows .............................................   Passed    0.27 sec
          Start  127: StructuredQuadMesh.RejectsClockwiseCells
 599/2020 Test #1707: CompressibleRelaxedMomentumTest.MismatchedMassFluxSizeThrows .............................................   Passed    0.27 sec
          Start  170: MultiBlockMesh.InterfaceFluxesCancelExactlyBetweenBlocks
 600/2020 Test  #160: GradedMesh.GradedMeshesHaveTheRequestedCellsAndAreValid ..................................................   Passed    0.27 sec
          Start  534: ObliqueNeumannGradient.ZeroGradientWallsLinearFieldIsExact
 601/2020 Test #1376: CompressibleMassFluxTest.UniformStateGivesUniformBoundaryDensityMatchingInterior .........................   Passed    0.27 sec
          Start  917: GradedMeshCase.UnusableDistributionsAreRejectedBeforeMeshConstruction
 602/2020 Test  #126: StructuredQuadMesh.RejectsFoldedCells ....................................................................   Passed    0.27 sec
          Start  297: BiCGSTABBreakdown.Mesh004ThermalSystemsConvergeToTheRequestedTolerance
 603/2020 Test  #910: GradedMeshCase.ParsesYGrading ............................................................................   Passed    0.27 sec
          Start  927: MultiBlockCase.WriterRoundTripsExactly
 604/2020 Test  #122: StructuredQuadMesh.ConstructionIsDeterministic ...........................................................   Passed    0.27 sec
          Start   86: MeshQualityReport.ExpansionRatioOfAGeometricGradingIsItsRatio
 605/2020 Test  #890: StructuredQuadCase.CartesianMeshHasNoVerticesAndRejectsThem ..............................................   Passed    0.27 sec
          Start  928: MultiBlockCase.BuilderConstructsTheMultiBlockMeshWithNamedBoundaries
 606/2020 Test  #124: StructuredQuadMesh.RejectsWrongVertexCount ...............................................................   Passed    0.27 sec
          Start 1965: BackwardFacingStep.ReattachmentDetection
 607/2020 Test  #120: StructuredQuadMesh.MeshWithoutGridReportsNone ............................................................   Passed    0.28 sec
          Start  918: GradedMeshCase.ImpossibleDomainOrCellCountIsRejected
 608/2020 Test  #129: StructuredQuadMesh.RejectsDegenerateCells ................................................................   Passed    0.28 sec
          Start  922: GradedMeshCase.UniformGradingBuildsTheCartesianMesh
 609/2020 Test  #121: StructuredQuadMesh.MeshRejectsGridThatDoesNotMatchItsCells ...............................................   Passed    0.28 sec
          Start  148: MeshGrading.NearUnityRatioTendsToUniform
 610/2020 Test  #912: GradedMeshCase.ParsesXAndYGradingAndEveryClusterName .....................................................   Passed    0.29 sec
          Start  143: MeshGrading.OneSidedEndClusteringMirrorsStart
 611/2020 Test  #139: MeshValidity.ProblemListIsBounded ........................................................................   Passed    0.29 sec
          Start  914: GradedMeshCase.OverflowingRatioLiteralIsRejected
 612/2020 Test  #127: StructuredQuadMesh.RejectsClockwiseCells .................................................................   Passed    0.29 sec
          Start  155: AxisSpacing.UniformUsesTheCartesianArithmetic
 613/2020 Test  #170: MultiBlockMesh.InterfaceFluxesCancelExactlyBetweenBlocks .................................................   Passed    0.29 sec
          Start  119: StructuredQuadMesh.CartesianMeshCarriesItsLatticeGrid
 614/2020 Test  #534: ObliqueNeumannGradient.ZeroGradientWallsLinearFieldIsExact ...............................................   Passed    0.29 sec
          Start   95: MeshQualityReport.BrokenConnectivityIsFatal
 615/2020 Test  #917: GradedMeshCase.UnusableDistributionsAreRejectedBeforeMeshConstruction ....................................   Passed    0.29 sec
          Start  153: MeshGrading.RejectsOverflowingRatio
 616/2020 Test  #297: BiCGSTABBreakdown.Mesh004ThermalSystemsConvergeToTheRequestedTolerance ...................................   Passed    0.28 sec
          Start  911: GradedMeshCase.ParsesXGrading
 617/2020 Test  #927: MultiBlockCase.WriterRoundTripsExactly ...................................................................   Passed    0.29 sec
          Start 1790: CaseLidDrivenCavityIntegrationTest.SmallFixtureLoadsBuildsAndConverges
 618/2020 Test   #86: MeshQualityReport.ExpansionRatioOfAGeometricGradingIsItsRatio ............................................   Passed    0.29 sec
          Start   97: MeshQualityReport.BoundaryFaceMustBeInExactlyOnePatch
 619/2020 Test  #928: MultiBlockCase.BuilderConstructsTheMultiBlockMeshWithNamedBoundaries .....................................   Passed    0.29 sec
          Start   89: MeshQualityReport.MultiBlockInterfaceExpansionIsMeasured
 620/2020 Test #1965: BackwardFacingStep.ReattachmentDetection .................................................................   Passed    0.28 sec
          Start  116: StructuredQuadMesh.TrapezoidGeometryIsExact
 621/2020 Test  #918: GradedMeshCase.ImpossibleDomainOrCellCountIsRejected .....................................................   Passed    0.29 sec
          Start  536: ObliqueNeumannGradient.CartesianMeshUnchangedAndExact
 622/2020 Test  #922: GradedMeshCase.UniformGradingBuildsTheCartesianMesh ......................................................   Passed    0.29 sec
          Start  897: StructuredQuadCase.BuilderConstructsTheVertexMesh
 623/2020 Test  #148: MeshGrading.NearUnityRatioTendsToUniform .................................................................   Passed    0.29 sec
          Start 1559: SIMPLEKOmegaTest.ConvergedStatusImpliesTurbulenceResidualWithinTolerance
 624/2020 Test  #143: MeshGrading.OneSidedEndClusteringMirrorsStart ............................................................   Passed    0.30 sec
          Start  157: AxisSpacing.FromNodesGivesCentresAndWidths
 625/2020 Test  #914: GradedMeshCase.OverflowingRatioLiteralIsRejected .........................................................   Passed    0.30 sec
          Start   98: MeshQualityReport.DisconnectedMeshIsFatal
 626/2020 Test  #155: AxisSpacing.UniformUsesTheCartesianArithmetic ............................................................   Passed    0.30 sec
          Start 1565: SIMPLEBuoyancyTest.CaseA_NoBuoyancySuppliedIsTheBaseline
 627/2020 Test  #119: StructuredQuadMesh.CartesianMeshCarriesItsLatticeGrid ....................................................   Passed    0.30 sec
          Start 1556: SIMPLEKEpsilonTest.ConvergedStatusImpliesTurbulenceResidualWithinTolerance
 628/2020 Test   #95: MeshQualityReport.BrokenConnectivityIsFatal ..............................................................   Passed    0.30 sec
          Start  146: MeshGrading.InvariantsHoldForEveryDistribution
 629/2020 Test  #153: MeshGrading.RejectsOverflowingRatio ......................................................................   Passed    0.31 sec
          Start  136: MeshValidity.DetectsBoundaryFaceInNoPatchOrInTwo
 630/2020 Test  #911: GradedMeshCase.ParsesXGrading ............................................................................   Passed    0.31 sec
          Start 2013: CaseEditingTest.UngradedCaseStaysUngradedThroughTheMeshEditor
 631/2020 Test   #97: MeshQualityReport.BoundaryFaceMustBeInExactlyOnePatch ....................................................   Passed    0.29 sec
          Start  286: CGTest.RepeatedSolveRebuildsPreconditionerEachTime
 632/2020 Test   #89: MeshQualityReport.MultiBlockInterfaceExpansionIsMeasured .................................................   Passed    0.29 sec
          Start  158: AxisSpacing.FromNodesRejectsInvalidNodes
 633/2020 Test  #116: StructuredQuadMesh.TrapezoidGeometryIsExact ..............................................................   Passed    0.29 sec
          Start  141: MeshGrading.UniformIsEqualWidths
 634/2020 Test  #536: ObliqueNeumannGradient.CartesianMeshUnchangedAndExact ....................................................   Passed    0.29 sec
          Start  930: MultiBlockCase.VtkWritesBlockVerticesAndCellCorners
 635/2020 Test  #897: StructuredQuadCase.BuilderConstructsTheVertexMesh ........................................................   Passed    0.29 sec
          Start  822: PhysicsCompatibilityTest.RejectsMultiphaseTogetherWithTurbulence
 636/2020 Test  #157: AxisSpacing.FromNodesGivesCentresAndWidths ...............................................................   Passed    0.26 sec
          Start  147: MeshGrading.RatioOneIsExactlyUniform
 637/2020 Test   #98: MeshQualityReport.DisconnectedMeshIsFatal ................................................................   Passed    0.26 sec
          Start 1576: SIMPLEGpuResidencyTest.RepeatedOuterIterationsReuseGpuResidencyWithoutReallocating
 638/2020 Test  #146: MeshGrading.InvariantsHoldForEveryDistribution ...........................................................   Passed    0.22 sec
          Start  314: LinearSolverFactoryTest.GpuBackendRequestNeverThrowsRegardlessOfDeviceAvailability
 639/2020 Test  #136: MeshValidity.DetectsBoundaryFaceInNoPatchOrInTwo .........................................................   Passed    0.22 sec
          Start   40: GpuResidencyManagerCpuFallbackTest.ActiveMatchesCudaAvailable
 640/2020 Test  #286: CGTest.RepeatedSolveRebuildsPreconditionerEachTime .......................................................   Passed    0.20 sec
          Start  138: MeshValidity.EntitiesRejectNonFiniteAndNonPositiveGeometry
 641/2020 Test  #158: AxisSpacing.FromNodesRejectsInvalidNodes .................................................................   Passed    0.19 sec
          Start  817: PhysicsCompatibilityTest.SpeciesSupportedAlongsideCompressible
 642/2020 Test  #141: MeshGrading.UniformIsEqualWidths .........................................................................   Passed    0.19 sec
          Start  823: PhysicsCompatibilityTest.RejectsBuoyancyWithoutThermal
 643/2020 Test #2013: CaseEditingTest.UngradedCaseStaysUngradedThroughTheMeshEditor ............................................   Passed    0.28 sec
          Start  149: MeshGrading.ConstructionIsDeterministic
 644/2020 Test  #930: MultiBlockCase.VtkWritesBlockVerticesAndCellCorners ......................................................   Passed    0.21 sec
          Start  293: BiCGSTABTest.InvalidSystemWhenPreconditionerRejectsTheMatrix
 645/2020 Test  #822: PhysicsCompatibilityTest.RejectsMultiphaseTogetherWithTurbulence .........................................   Passed    0.22 sec
          Start  820: PhysicsCompatibilityTest.AllCompatibleModulesTogether
 646/2020 Test  #147: MeshGrading.RatioOneIsExactlyUniform .....................................................................   Passed    0.21 sec
          Start  280: JacobiTest.AcceptsSmallButSafeDiagonal
 647/2020 Test #1576: SIMPLEGpuResidencyTest.RepeatedOuterIterationsReuseGpuResidencyWithoutReallocating .......................   Passed    0.21 sec
          Start  279: JacobiTest.RejectsNearZeroDiagonal
 648/2020 Test  #314: LinearSolverFactoryTest.GpuBackendRequestNeverThrowsRegardlessOfDeviceAvailability .......................   Passed    0.21 sec
          Start  287: CGTest.InvalidSystemWhenPreconditionerRejectsTheMatrix
 649/2020 Test   #40: GpuResidencyManagerCpuFallbackTest.ActiveMatchesCudaAvailable ............................................   Passed    0.21 sec
          Start   39: GpuBackendCpuFallbackTest.ResetIsANoOpWhenAlreadyZero
 650/2020 Test  #138: MeshValidity.EntitiesRejectNonFiniteAndNonPositiveGeometry ...............................................   Passed    0.21 sec
          Start  312: LinearSolverFactoryTest.DefaultSettingsSelectCpuBiCGSTAB
 651/2020 Test #1790: CaseLidDrivenCavityIntegrationTest.SmallFixtureLoadsBuildsAndConverges ...................................   Passed    0.77 sec
          Start  827: PhysicsCompatibilityTest.RejectsMultiphaseCompressibleAndTurbulenceAllTogether
 652/2020 Test  #817: PhysicsCompatibilityTest.SpeciesSupportedAlongsideCompressible ...........................................   Passed    0.23 sec
          Start  145: MeshGrading.TwoSidedClusteringOddCellCount
 653/2020 Test  #823: PhysicsCompatibilityTest.RejectsBuoyancyWithoutThermal ...................................................   Passed    0.24 sec
          Start  666: CaseReaderTest.CgTypeAndGpuBackendParseCorrectly
 654/2020 Test  #149: MeshGrading.ConstructionIsDeterministic ..................................................................   Passed    0.23 sec
          Start  318: LinearSolverFactoryTest.GpuBackendJacobiRequestNeverThrowsAndConverges
 655/2020 Test  #293: BiCGSTABTest.InvalidSystemWhenPreconditionerRejectsTheMatrix .............................................   Passed    0.23 sec
          Start  117: StructuredQuadMesh.DistortedMeshIsConservativeAndGenuinelyNonOrthogonal
 656/2020 Test  #820: PhysicsCompatibilityTest.AllCompatibleModulesTogether ....................................................   Passed    0.23 sec
          Start 1379: CompressibleMassFluxTest.MismatchedPressureGaugeSizeThrows
 657/2020 Test  #280: JacobiTest.AcceptsSmallButSafeDiagonal ...................................................................   Passed    0.23 sec
          Start  132: MeshValidity.DetectsInwardBoundaryFace
 658/2020 Test  #279: JacobiTest.RejectsNearZeroDiagonal .......................................................................   Passed    0.23 sec
          Start 1117: ThermalBoundaryConsistency.ConvergedFieldIsConsistentWithItsBoundaryValues
 659/2020 Test  #287: CGTest.InvalidSystemWhenPreconditionerRejectsTheMatrix ...................................................   Passed    0.22 sec
          Start  535: ObliqueNeumannGradient.NonZeroPrescribedGradientsLinearFieldIsExact
 660/2020 Test   #39: GpuBackendCpuFallbackTest.ResetIsANoOpWhenAlreadyZero ....................................................   Passed    0.22 sec
          Start  144: MeshGrading.TwoSidedClusteringEvenCellCount
 661/2020 Test #1565: SIMPLEBuoyancyTest.CaseA_NoBuoyancySuppliedIsTheBaseline .................................................   Passed    0.78 sec
          Start  303: BiCGSTABBreakdown.ZeroRhsAndExactGuessNeedNoIteration
 662/2020 Test  #312: LinearSolverFactoryTest.DefaultSettingsSelectCpuBiCGSTAB .................................................   Passed    0.24 sec
          Start  154: MeshGrading.RejectsVanishingCells
 663/2020 Test #1559: SIMPLEKOmegaTest.ConvergedStatusImpliesTurbulenceResidualWithinTolerance .................................   Passed    0.89 sec
          Start  299: BiCGSTABBreakdown.IllConditionedSystemIsSolvedAtAnyScale
 664/2020 Test #1556: SIMPLEKEpsilonTest.ConvergedStatusImpliesTurbulenceResidualWithinTolerance ...............................   Passed    0.82 sec
          Start 1538: SIMPLEContinuityTest.GlobalMassImbalanceStaysNearZeroForClosedDomain
 665/2020 Test  #827: PhysicsCompatibilityTest.RejectsMultiphaseCompressibleAndTurbulenceAllTogether ...........................   Passed    0.29 sec
          Start   90: MeshQualityReport.WarningsAreAggregatedPerMetricWithTheWorstEntity
 666/2020 Test  #145: MeshGrading.TwoSidedClusteringOddCellCount ...............................................................   Passed    0.29 sec
          Start 1872: ResultExportIntegrationTest.JsonMetadataMatchesSimpleResultExactly
 667/2020 Test  #666: CaseReaderTest.CgTypeAndGpuBackendParseCorrectly .........................................................   Passed    0.29 sec
          Start  156: AxisSpacing.GradedUniformOrUnitRatioIsTheUniformSpacing
 668/2020 Test  #318: LinearSolverFactoryTest.GpuBackendJacobiRequestNeverThrowsAndConverges ...................................   Passed    0.29 sec
          Start   83: MeshQualityReport.UniformSquareMeshHasTheIdealValueOfEveryMetric
 669/2020 Test  #117: StructuredQuadMesh.DistortedMeshIsConservativeAndGenuinelyNonOrthogonal ..................................   Passed    0.29 sec
          Start  152: MeshGrading.RejectsInvalidRatios
 670/2020 Test #1379: CompressibleMassFluxTest.MismatchedPressureGaugeSizeThrows ...............................................   Passed    0.29 sec
          Start 1539: SIMPLEConvergenceTest.TinyFourByFourCavityConverges
 671/2020 Test  #132: MeshValidity.DetectsInwardBoundaryFace ...................................................................   Passed    0.29 sec
          Start  161: GradedMesh.VertexGridIsTheGradedNodes
 672/2020 Test #1117: ThermalBoundaryConsistency.ConvergedFieldIsConsistentWithItsBoundaryValues ...............................   Passed    0.30 sec
          Start  150: MeshGrading.RejectsZeroCells
 673/2020 Test  #535: ObliqueNeumannGradient.NonZeroPrescribedGradientsLinearFieldIsExact ......................................   Passed    0.29 sec
          Start  159: GradedMesh.UniformGradingIsTheCartesianMeshBitForBit
 674/2020 Test  #144: MeshGrading.TwoSidedClusteringEvenCellCount ..............................................................   Passed    0.30 sec
          Start  165: MultiBlockMesh.InterfaceFacesAreSingleInternalFacesOwnedByTheFirstBlock
 675/2020 Test  #303: BiCGSTABBreakdown.ZeroRhsAndExactGuessNeedNoIteration ....................................................   Passed    0.30 sec
          Start  100: MeshQualityReport.IdenticalMeshesGiveIdenticalReports
 676/2020 Test  #154: MeshGrading.RejectsVanishingCells ........................................................................   Passed    0.30 sec
          Start   92: MeshQualityReport.SkewnessAndExpansionWarningsUseTheirThresholds
 677/2020 Test  #299: BiCGSTABBreakdown.IllConditionedSystemIsSolvedAtAnyScale .................................................   Passed    0.30 sec
          Start   93: MeshQualityReport.NonOrthogonalMeshGetsAnInformationalCorrectionAdvice
 678/2020 Test   #90: MeshQualityReport.WarningsAreAggregatedPerMetricWithTheWorstEntity .......................................   Passed    0.27 sec
          Start   85: MeshQualityReport.RotatingAValidMeshChangesNoMetric
 679/2020 Test  #156: AxisSpacing.GradedUniformOrUnitRatioIsTheUniformSpacing ..................................................   Passed    0.24 sec
          Start 1875: ResultExportIntegrationTest.RepeatedExportIsByteIdenticalAcrossAllFiles
 680/2020 Test   #83: MeshQualityReport.UniformSquareMeshHasTheIdealValueOfEveryMetric .........................................   Passed    0.24 sec
          Start 1874: ResultExportIntegrationTest.ResidualsCsvMatchesStoredHistories
 681/2020 Test  #152: MeshGrading.RejectsInvalidRatios .........................................................................   Passed    0.24 sec
          Start   99: MeshQualityReport.FatalIssuesAreCappedWithACountOfTheRest
 682/2020 Test  #161: GradedMesh.VertexGridIsTheGradedNodes ....................................................................   Passed    0.22 sec
          Start 2012: CaseEditingTest.GradingValidationAndCellInfo
 683/2020 Test  #150: MeshGrading.RejectsZeroCells .............................................................................   Passed    0.23 sec
          Start  140: MeshValidity.EveryCartesianAndStructuredQuadMeshIsValid
 684/2020 Test  #159: GradedMesh.UniformGradingIsTheCartesianMeshBitForBit .....................................................   Passed    0.22 sec
          Start  137: MeshValidity.DetectsPatchListingAnInternalFace
 685/2020 Test  #165: MultiBlockMesh.InterfaceFacesAreSingleInternalFacesOwnedByTheFirstBlock ..................................   Passed    0.22 sec
          Start  164: MultiBlockMesh.TwoBlockRectangleIsTheSingleBlockMeshRenumbered
 686/2020 Test  #100: MeshQualityReport.IdenticalMeshesGiveIdenticalReports ....................................................   Passed    0.22 sec
          Start 1873: ResultExportIntegrationTest.VtkCellCountAndFieldsMatchSimpleResultExactly
 687/2020 Test   #92: MeshQualityReport.SkewnessAndExpansionWarningsUseTheirThresholds .........................................   Passed    0.22 sec
          Start  302: BiCGSTABBreakdown.ExactTerminationIsConvergedNotBreakdown
 688/2020 Test   #93: MeshQualityReport.NonOrthogonalMeshGetsAnInformationalCorrectionAdvice ...................................   Passed    0.23 sec
          Start 2017: CaseEditingTest.InvalidMeshShowsAnInvalidMeshQualityWithTheReason
 689/2020 Test   #85: MeshQualityReport.RotatingAValidMeshChangesNoMetric ......................................................   Passed    0.22 sec
          Start  931: MultiBlockCase.JsonMetadataListsTheBlocks
 690/2020 Test   #99: MeshQualityReport.FatalIssuesAreCappedWithACountOfTheRest ................................................   Passed    0.19 sec
          Start 1871: ResultExportIntegrationTest.CsvFieldsMatchSimpleResultExactly
 691/2020 Test #2012: CaseEditingTest.GradingValidationAndCellInfo .............................................................   Passed    0.18 sec
          Start 1920: SpeciesConservationTest.OpenChannelSteadyStateInflowEqualsOutflowWithZeroSource
 692/2020 Test  #140: MeshValidity.EveryCartesianAndStructuredQuadMeshIsValid ..................................................   Passed    0.18 sec
          Start  168: MultiBlockMesh.InternalSolidRegionIsAHoleBoundedByItsPatch
 693/2020 Test  #137: MeshValidity.DetectsPatchListingAnInternalFace ...........................................................   Passed    0.18 sec
          Start  166: MultiBlockMesh.RotatedBlocksAndReversedInterfacesConnectAdjacentCells
 694/2020 Test  #164: MultiBlockMesh.TwoBlockRectangleIsTheSingleBlockMeshRenumbered ...........................................   Passed    0.18 sec
          Start  167: MultiBlockMesh.LShapedDomainPatchesFollowTheListedSides
 695/2020 Test  #302: BiCGSTABBreakdown.ExactTerminationIsConvergedNotBreakdown ................................................   Passed    0.16 sec
          Start  172: MultiBlockMeshInvalid.InvalidCellsAreNamed
 696/2020 Test #2017: CaseEditingTest.InvalidMeshShowsAnInvalidMeshQualityWithTheReason ........................................   Passed    0.16 sec
          Start   96: MeshQualityReport.ReversedFaceOrientationIsFatal
 697/2020 Test #1538: SIMPLEContinuityTest.GlobalMassImbalanceStaysNearZeroForClosedDomain .....................................   Passed    0.71 sec
          Start   87: MeshQualityReport.ShearedMeshHasTheShearAngleOnEveryFace
 698/2020 Test #1872: ResultExportIntegrationTest.JsonMetadataMatchesSimpleResultExactly .......................................   Passed    0.69 sec
          Start 2015: CaseEditingTest.MeshQualityIsReportedWhenACaseOpens
 699/2020 Test  #931: MultiBlockCase.JsonMetadataListsTheBlocks ................................................................   Passed    0.21 sec
          Start   37: GpuBackendCpuFallbackTest.CudaAvailableNeverThrows
 700/2020 Test #1539: SIMPLEConvergenceTest.TinyFourByFourCavityConverges ......................................................   Passed    0.65 sec
          Start  821: PhysicsCompatibilityTest.RejectsMultiphaseTogetherWithCompressible
 701/2020 Test  #168: MultiBlockMesh.InternalSolidRegionIsAHoleBoundedByItsPatch ...............................................   Passed    0.19 sec
          Start 1375: CompressibleMassFluxTest.ThrowsOnNonPositiveBoundaryTemperature
 702/2020 Test  #166: MultiBlockMesh.RotatedBlocksAndReversedInterfacesConnectAdjacentCells ....................................   Passed    0.19 sec
          Start 1118: ThermalBoundaryConsistency.ConjugateConductionPathIsConsistentToo
 703/2020 Test #1875: ResultExportIntegrationTest.RepeatedExportIsByteIdenticalAcrossAllFiles ..................................   Passed    0.53 sec
          Start  816: PhysicsCompatibilityTest.SpeciesSupportedAlongsideMultiphase
 704/2020 Test  #167: MultiBlockMesh.LShapedDomainPatchesFollowTheListedSides ..................................................   Passed    0.22 sec
          Start   43: GpuResidencyManagerCpuFallbackTest.MoveConstructionAndAssignmentAreSafe
 705/2020 Test  #172: MultiBlockMeshInvalid.InvalidCellsAreNamed ...............................................................   Passed    0.22 sec
          Start  316: LinearSolverFactoryTest.CpuJacobiPreconditionerTypeMatchesExplicitJacobiPreconditioner
 706/2020 Test   #96: MeshQualityReport.ReversedFaceOrientationIsFatal .........................................................   Passed    0.22 sec
          Start 1422: VisualizationSnapshotTest.MultiphaseCaseExposesMixtureFieldsLiveAndReloaded
 707/2020 Test   #87: MeshQualityReport.ShearedMeshHasTheShearAngleOnEveryFace .................................................   Passed    0.23 sec
          Start  790: MultiphaseCaseTest.NonMultiphaseFixtureHasNoMultiphaseConfig
 708/2020 Test   #37: GpuBackendCpuFallbackTest.CudaAvailableNeverThrows .......................................................   Passed    0.20 sec
          Start 1575: SIMPLEGpuResidencyTest.EnablingResidencyDoesNotChangeTheComputedResult
 709/2020 Test #1375: CompressibleMassFluxTest.ThrowsOnNonPositiveBoundaryTemperature ..........................................   Passed    0.18 sec
          Start 1579: SIMPLEGpuSolverTest.RepeatedOuterIterationsReuseGpuSolverBuffersWithoutReallocating
 710/2020 Test #2015: CaseEditingTest.MeshQualityIsReportedWhenACaseOpens ......................................................   Passed    0.27 sec
          Start   44: Vector3Test.Vector2IsTheSameTypeWithZeroZ
 711/2020 Test  #821: PhysicsCompatibilityTest.RejectsMultiphaseTogetherWithCompressible .......................................   Passed    0.25 sec
          Start 1996: CaseEditingTest.ValidationIssuesIsEmptyWhenValid
 712/2020 Test #1874: ResultExportIntegrationTest.ResidualsCsvMatchesStoredHistories ...........................................   Passed    0.73 sec
          Start 2010: CaseEditingTest.StructuredQuadResolutionChangeWithoutVerticesIsInvalid
 713/2020 Test #1118: ThermalBoundaryConsistency.ConjugateConductionPathIsConsistentToo ........................................   Passed    0.24 sec
          Start 2001: CaseEditingTest.TypeHasValueMatchesTheDocumentedSubsetOnly
 714/2020 Test #1873: ResultExportIntegrationTest.VtkCellCountAndFieldsMatchSimpleResultExactly ................................   Passed    0.63 sec
          Start 1983: CaseEditingTest.GettersReflectTheOpenedCaseBeforeAnyEdit
 715/2020 Test  #816: PhysicsCompatibilityTest.SpeciesSupportedAlongsideMultiphase .............................................   Passed    0.26 sec
          Start  818: PhysicsCompatibilityTest.CompressibleSupportedAlongsideBuoyancy
 716/2020 Test   #43: GpuResidencyManagerCpuFallbackTest.MoveConstructionAndAssignmentAreSafe ..................................   Passed    0.26 sec
          Start 1988: CaseEditingTest.SetPhysicsConfigRoundTripsAThermalBlock
 717/2020 Test  #316: LinearSolverFactoryTest.CpuJacobiPreconditionerTypeMatchesExplicitJacobiPreconditioner ...................   Passed    0.26 sec
          Start  313: LinearSolverFactoryTest.CgTypeSelectsCpuCG
 718/2020 Test #1422: VisualizationSnapshotTest.MultiphaseCaseExposesMixtureFieldsLiveAndReloaded ..............................   Passed    0.27 sec
          Start 1995: CaseEditingTest.ValidateDraftExtractsTheOffendingFieldName
 719/2020 Test  #790: MultiphaseCaseTest.NonMultiphaseFixtureHasNoMultiphaseConfig .............................................   Passed    0.26 sec
          Start 1997: CaseEditingTest.ValidationIssuesCarriesOneStructuredEntryWhenInvalid
 720/2020 Test #1575: SIMPLEGpuResidencyTest.EnablingResidencyDoesNotChangeTheComputedResult ...................................   Passed    0.26 sec
          Start 1993: CaseEditingTest.ValidateDraftOnAValidOpenedCaseReportsValid
 721/2020 Test #1579: SIMPLEGpuSolverTest.RepeatedOuterIterationsReuseGpuSolverBuffersWithoutReallocating ......................   Passed    0.26 sec
          Start 1985: CaseEditingTest.SetMeshAndGeometryCommitsAndEmitsCaseChanged
 722/2020 Test #1920: SpeciesConservationTest.OpenChannelSteadyStateInflowEqualsOutflowWithZeroSource ..........................   Passed    0.71 sec
          Start 1992: CaseEditingTest.SetCaseMetadataUpdatesNameAndDescriptionOnly
 723/2020 Test #1871: ResultExportIntegrationTest.CsvFieldsMatchSimpleResultExactly ............................................   Passed    0.75 sec
          Start 1989: CaseEditingTest.SetBoundaryConfigOnlyKeepsTheFourCanonicalPatches
 724/2020 Test   #44: Vector3Test.Vector2IsTheSameTypeWithZeroZ ................................................................   Passed    0.30 sec
          Start 2011: CaseEditingTest.GradingRoundTripsThroughEditSaveReopen
 725/2020 Test #1996: CaseEditingTest.ValidationIssuesIsEmptyWhenValid .........................................................   Passed    0.29 sec
          Start 1990: CaseEditingTest.SetSolverConfigRoundTripsToleranceAndLinearSolver
 726/2020 Test #2001: CaseEditingTest.TypeHasValueMatchesTheDocumentedSubsetOnly ...............................................   Passed    0.27 sec
          Start 1994: CaseEditingTest.ValidateDraftOnAFreshEmptyCaseReportsInvalidWithASection
 727/2020 Test #1988: CaseEditingTest.SetPhysicsConfigRoundTripsAThermalBlock ..................................................   Passed    0.22 sec
          Start  315: LinearSolverFactoryTest.GpuBackendReportsAvailabilityConsistentlyAndFallsBackDeterministically
 728/2020 Test #2010: CaseEditingTest.StructuredQuadResolutionChangeWithoutVerticesIsInvalid ...................................   Passed    0.34 sec
          Start 2002: CaseEditingTest.MeshCellInfoComputesCountAndSpacing
 729/2020 Test #1983: CaseEditingTest.GettersReflectTheOpenedCaseBeforeAnyEdit .................................................   Passed    0.31 sec
          Start 2009: CaseEditingTest.StructuredQuadVerticesSurviveEditSaveReopen
 730/2020 Test  #818: PhysicsCompatibilityTest.CompressibleSupportedAlongsideBuoyancy ..........................................   Passed    0.31 sec
          Start 2003: CaseEditingTest.MeshCellInfoNeverDividesByZero
 731/2020 Test  #313: LinearSolverFactoryTest.CgTypeSelectsCpuCG ...............................................................   Passed    0.28 sec
          Start  174: MultiBlockMeshInvalid.OverlapsAndUndeclaredContactsAreRejected
 732/2020 Test #1995: CaseEditingTest.ValidateDraftExtractsTheOffendingFieldName ...............................................   Passed    0.28 sec
          Start 1987: CaseEditingTest.SetOnAnUnloadedControllerIsANoOp
 733/2020 Test #1997: CaseEditingTest.ValidationIssuesCarriesOneStructuredEntryWhenInvalid .....................................   Passed    0.28 sec
          Start  819: PhysicsCompatibilityTest.CompressibleSupportedAlongsideTurbulence
 734/2020 Test #1993: CaseEditingTest.ValidateDraftOnAValidOpenedCaseReportsValid ..............................................   Passed    0.28 sec
          Start  797: MultiphaseCaseTest.RejectsTopLevelViscosityAboveBothPhases
 735/2020 Test #1985: CaseEditingTest.SetMeshAndGeometryCommitsAndEmitsCaseChanged .............................................   Passed    0.27 sec
          Start 1803: MultiphaseProductionCaseTest.MissingCaseDirectoryReportsInvalidCase
 736/2020 Test #1992: CaseEditingTest.SetCaseMetadataUpdatesNameAndDescriptionOnly .............................................   Passed    0.28 sec
          Start  131: MeshValidity.DetectsInvertedInternalFace
 737/2020 Test #1989: CaseEditingTest.SetBoundaryConfigOnlyKeepsTheFourCanonicalPatches ........................................   Passed    0.29 sec
          Start   91: MeshQualityReport.NonOrthogonalityBeyondSeventyDegreesIsAWarningNotAnError
 738/2020 Test #1994: CaseEditingTest.ValidateDraftOnAFreshEmptyCaseReportsInvalidWithASection .................................   Passed    0.25 sec
          Start   84: MeshQualityReport.AspectRatioOfARectangleIsItsSideRatio
 739/2020 Test #2011: CaseEditingTest.GradingRoundTripsThroughEditSaveReopen ...................................................   Passed    0.31 sec
          Start 2018: CaseEditingTest.NewCaseClearsTheMeshQuality
 740/2020 Test #1990: CaseEditingTest.SetSolverConfigRoundTripsToleranceAndLinearSolver ........................................   Passed    0.32 sec
          Start   88: MeshQualityReport.WorstEntityIsTheArgmaxOfTheMeshGeometryDefinition
 741/2020 Test  #315: LinearSolverFactoryTest.GpuBackendReportsAvailabilityConsistentlyAndFallsBackDeterministically ...........   Passed    0.30 sec
          Start   94: MeshQualityReport.DegenerateCellsAndFacesCannotBeConstructed
 742/2020 Test #2002: CaseEditingTest.MeshCellInfoComputesCountAndSpacing ......................................................   Passed    0.30 sec
          Start 2016: CaseEditingTest.MeshQualityWarningsAppearInTheValidationPanel
 743/2020 Test #2009: CaseEditingTest.StructuredQuadVerticesSurviveEditSaveReopen ..............................................   Passed    0.30 sec
          Start 1845: MeshQualityCampaign.ManufacturedForcingMatchesFiniteDifferences
 744/2020 Test #2003: CaseEditingTest.MeshCellInfoNeverDividesByZero ...........................................................   Passed    0.31 sec
          Start  719: CaseValidationTest.UnsupportedLinearSolverBackendIsRejected
 745/2020 Test  #174: MultiBlockMeshInvalid.OverlapsAndUndeclaredContactsAreRejected ...........................................   Passed    0.31 sec
          Start  317: LinearSolverFactoryTest.ExplicitPreconditionerArgumentOverridesSettingsPreconditioner
 746/2020 Test #1987: CaseEditingTest.SetOnAnUnloadedControllerIsANoOp .........................................................   Passed    0.32 sec
          Start  824: PhysicsCompatibilityTest.RejectsCompressibleThermalCoupledWithoutThermal
 747/2020 Test  #819: PhysicsCompatibilityTest.CompressibleSupportedAlongsideTurbulence ........................................   Passed    0.31 sec
          Start  244: Fields3DTest.ScalarFieldsSampleLinearFieldsWithExactVolumeMeans
 748/2020 Test  #797: MultiphaseCaseTest.RejectsTopLevelViscosityAboveBothPhases ...............................................   Passed    0.32 sec
          Start  794: MultiphaseCaseTest.RejectsNonPositivePhaseViscosity
 749/2020 Test #1803: MultiphaseProductionCaseTest.MissingCaseDirectoryReportsInvalidCase ......................................   Passed    0.32 sec
          Start   42: GpuResidencyManagerCpuFallbackTest.SyncFieldNeverThrowsRegardlessOfDevice
 750/2020 Test  #131: MeshValidity.DetectsInvertedInternalFace .................................................................   Passed    0.31 sec
          Start  292: BiCGSTABTest.SolvesWithJacobiPreconditioner
 751/2020 Test   #91: MeshQualityReport.NonOrthogonalityBeyondSeventyDegreesIsAWarningNotAnError ...............................   Passed    0.31 sec
          Start  545: Operators3DTest.ThreeDimensionalCapableComponentsAcceptA3DMesh
 752/2020 Test   #84: MeshQualityReport.AspectRatioOfARectangleIsItsSideRatio ..................................................   Passed    0.31 sec
          Start  540: Operators3DTest.ExplicitDiffusionIsExactForAQuadraticField
 753/2020 Test #2018: CaseEditingTest.NewCaseClearsTheMeshQuality ..............................................................   Passed    0.30 sec
          Start 1800: MultiphaseProductionCaseTest.AlphaAndMixturePropertiesMatchExactExpectedValues
 754/2020 Test   #88: MeshQualityReport.WorstEntityIsTheArgmaxOfTheMeshGeometryDefinition ......................................   Passed    0.31 sec
          Start  319: LinearSolverFactoryTest.InvalidSettingsStillThrowRegardlessOfBackend
 755/2020 Test   #94: MeshQualityReport.DegenerateCellsAndFacesCannotBeConstructed .............................................   Passed    0.31 sec
          Start 1846: MeshQualityCampaign.ManufacturedSolutionSatisfiesTheCaseBoundaryConditions
 756/2020 Test #2016: CaseEditingTest.MeshQualityWarningsAppearInTheValidationPanel ............................................   Passed    0.30 sec
          Start 1802: MultiphaseProductionCaseTest.ExportsMixtureFieldsToCsvVtkAndJson
 757/2020 Test #1845: MeshQualityCampaign.ManufacturedForcingMatchesFiniteDifferences ..........................................   Passed    0.30 sec
          Start 1799: MultiphaseProductionCaseTest.RunsEndToEndAndConverges
 758/2020 Test  #719: CaseValidationTest.UnsupportedLinearSolverBackendIsRejected ..............................................   Passed    0.29 sec
          Start  792: MultiphaseCaseTest.BuilderConstructsMultiphaseRuntimeObjects
 759/2020 Test  #317: LinearSolverFactoryTest.ExplicitPreconditionerArgumentOverridesSettingsPreconditioner ....................   Passed    0.29 sec
          Start 1805: MultiphaseProductionCaseTest.RepeatedRunsAreDeterministic
 760/2020 Test  #824: PhysicsCompatibilityTest.RejectsCompressibleThermalCoupledWithoutThermal .................................   Passed    0.29 sec
          Start   38: GpuBackendCpuFallbackTest.ExecutionStatsStartAtZeroWithNoDeviceActivity
 761/2020 Test  #244: Fields3DTest.ScalarFieldsSampleLinearFieldsWithExactVolumeMeans ..........................................   Passed    0.29 sec
          Start  938: Case3DTest.CaseWriterRoundTripIsLossless
 762/2020 Test  #794: MultiphaseCaseTest.RejectsNonPositivePhaseViscosity ......................................................   Passed    0.29 sec
          Start  939: Case3DTest.TwoDimensionalCaseWritesNoThreeDimensionalKeys
 763/2020 Test   #42: GpuResidencyManagerCpuFallbackTest.SyncFieldNeverThrowsRegardlessOfDevice ................................   Passed    0.29 sec
          Start  937: Case3DTest.CaseBuilderBuildsTheHexahedralMeshAndThreeComponentState
 764/2020 Test  #292: BiCGSTABTest.SolvesWithJacobiPreconditioner ..............................................................   Passed    0.29 sec
          Start   41: GpuResidencyManagerCpuFallbackTest.SyncMatrixNeverThrowsRegardlessOfDevice
 765/2020 Test  #545: Operators3DTest.ThreeDimensionalCapableComponentsAcceptA3DMesh ...........................................   Passed    0.29 sec
          Start 1801: MultiphaseProductionCaseTest.Phase1VolumeIsConserved
 766/2020 Test  #540: Operators3DTest.ExplicitDiffusionIsExactForAQuadraticField ...............................................   Passed    0.30 sec
          Start  539: Operators3DTest.LeastSquaresPrimitiveSolvesTheThreeByThreeSystem
 767/2020 Test #1800: MultiphaseProductionCaseTest.AlphaAndMixturePropertiesMatchExactExpectedValues ...........................   Passed    0.30 sec
          Start  795: MultiphaseCaseTest.RejectsIdenticalPhaseNames
 768/2020 Test  #319: LinearSolverFactoryTest.InvalidSettingsStillThrowRegardlessOfBackend .....................................   Passed    0.30 sec
          Start  940: Case3DTest.RejectsMalformedMeshAndGeometry
 769/2020 Test #1846: MeshQualityCampaign.ManufacturedSolutionSatisfiesTheCaseBoundaryConditions ...............................   Passed    0.30 sec
          Start  169: MultiBlockMesh.CurvedSectorsAndClosedRing
 770/2020 Test #1802: MultiphaseProductionCaseTest.ExportsMixtureFieldsToCsvVtkAndJson .........................................   Passed    0.30 sec
          Start  798: MultiphaseCaseTest.RejectsMultiphaseTogetherWithTurbulence
 771/2020 Test #1799: MultiphaseProductionCaseTest.RunsEndToEndAndConverges ....................................................   Passed    0.31 sec
          Start  791: MultiphaseCaseTest.ParsesMultiphaseConfigWhenEnabled
 772/2020 Test  #792: MultiphaseCaseTest.BuilderConstructsMultiphaseRuntimeObjects .............................................   Passed    0.30 sec
          Start  793: MultiphaseCaseTest.RejectsInitialAlphaOutOfRange
 773/2020 Test #1805: MultiphaseProductionCaseTest.RepeatedRunsAreDeterministic ................................................   Passed    0.30 sec
          Start  796: MultiphaseCaseTest.RejectsNonPositiveTransportTimeStep
 774/2020 Test   #38: GpuBackendCpuFallbackTest.ExecutionStatsStartAtZeroWithNoDeviceActivity ..................................   Passed    0.30 sec
          Start  800: MultiphaseCaseTest.RejectsAlphaKeyWhenMultiphaseDisabled
 775/2020 Test  #938: Case3DTest.CaseWriterRoundTripIsLossless .................................................................   Passed    0.30 sec
          Start  245: Fields3DTest.VectorFieldsCarryThreeComponents
 776/2020 Test  #939: Case3DTest.TwoDimensionalCaseWritesNoThreeDimensionalKeys ................................................   Passed    0.30 sec
          Start  935: Case3DTest.ParsesTheThreeDimensionalCaseFormat
 777/2020 Test  #937: Case3DTest.CaseBuilderBuildsTheHexahedralMeshAndThreeComponentState ......................................   Passed    0.30 sec
          Start 1811: CompressibleProductionCaseTest.MissingCaseDirectoryReportsInvalidCase
 778/2020 Test   #41: GpuResidencyManagerCpuFallbackTest.SyncMatrixNeverThrowsRegardlessOfDevice ...............................   Passed    0.30 sec
          Start  808: CompressibleCaseTest.ThermalCoupledRequiresThermalBlock
 779/2020 Test #1801: MultiphaseProductionCaseTest.Phase1VolumeIsConserved .....................................................   Passed    0.29 sec
          Start  814: CompressibleCaseTest.RejectsNonPositiveReferencePressure
 780/2020 Test  #539: Operators3DTest.LeastSquaresPrimitiveSolvesTheThreeByThreeSystem .........................................   Passed    0.29 sec
          Start  809: CompressibleCaseTest.ThermalCoupledAcceptedAlongsideThermal
 781/2020 Test  #795: MultiphaseCaseTest.RejectsIdenticalPhaseNames ............................................................   Passed    0.29 sec
          Start  811: CompressibleCaseTest.RejectsNeitherTemperatureNorThermalCoupled
 782/2020 Test  #940: Case3DTest.RejectsMalformedMeshAndGeometry ...............................................................   Passed    0.28 sec
          Start  813: CompressibleCaseTest.RejectsSpecificHeatPressureNotGreaterThanGasConstant
 783/2020 Test  #169: MultiBlockMesh.CurvedSectorsAndClosedRing ................................................................   Passed    0.27 sec
          Start  807: CompressibleCaseTest.BuilderConstructsCompressibleRuntimeObjects
 784/2020 Test  #798: MultiphaseCaseTest.RejectsMultiphaseTogetherWithTurbulence ...............................................   Passed    0.27 sec
          Start  799: MultiphaseCaseTest.RejectsMissingPerPatchAlphaWhenMultiphaseEnabled
 785/2020 Test  #791: MultiphaseCaseTest.ParsesMultiphaseConfigWhenEnabled .....................................................   Passed    0.27 sec
          Start 1984: CaseEditingTest.GettersOnAnUnloadedControllerReturnEmptyMaps
 786/2020 Test  #793: MultiphaseCaseTest.RejectsInitialAlphaOutOfRange .........................................................   Passed    0.28 sec
          Start  815: CompressibleCaseTest.RejectsNonPositiveTemperature
 787/2020 Test  #796: MultiphaseCaseTest.RejectsNonPositiveTransportTimeStep ...................................................   Passed    0.28 sec
          Start  802: CompressibleCaseTest.ParsesIsothermalCompressibleConfigWhenEnabled
 788/2020 Test  #800: MultiphaseCaseTest.RejectsAlphaKeyWhenMultiphaseDisabled .................................................   Passed    0.27 sec
          Start  812: CompressibleCaseTest.RejectsNonPositiveGasConstant
 789/2020 Test  #245: Fields3DTest.VectorFieldsCarryThreeComponents ............................................................   Passed    0.27 sec
          Start  781: SpeciesCaseTest.RejectsEmptyName
 790/2020 Test  #935: Case3DTest.ParsesTheThreeDimensionalCaseFormat ...........................................................   Passed    0.26 sec
          Start  860: JSONWriterTest.WritesSpeciesMetadataInOrderWhenProvided
 791/2020 Test #1811: CompressibleProductionCaseTest.MissingCaseDirectoryReportsInvalidCase ....................................   Passed    0.26 sec
          Start  880: VTKWriterTest.MultipleSpeciesWrittenInOrderAfterTemperature
 792/2020 Test  #808: CompressibleCaseTest.ThermalCoupledRequiresThermalBlock ..................................................   Passed    0.26 sec
          Start  777: SpeciesCaseTest.ParsesSpeciesListWhenEnabled
 793/2020 Test  #814: CompressibleCaseTest.RejectsNonPositiveReferencePressure .................................................   Passed    0.26 sec
          Start  693: CaseWriterTest.SpeciesRoundTrip
 794/2020 Test  #809: CompressibleCaseTest.ThermalCoupledAcceptedAlongsideThermal ..............................................   Passed    0.26 sec
          Start  801: CompressibleCaseTest.NonCompressibleFixtureHasNoCompressibleConfig
 795/2020 Test  #811: CompressibleCaseTest.RejectsNeitherTemperatureNorThermalCoupled ..........................................   Passed    0.26 sec
          Start  788: SpeciesCaseTest.RejectsUnknownConcentrationBoundaryType
 796/2020 Test  #813: CompressibleCaseTest.RejectsSpecificHeatPressureNotGreaterThanGasConstant ................................   Passed    0.26 sec
          Start  810: CompressibleCaseTest.RejectsBothTemperatureAndThermalCoupled
 797/2020 Test  #807: CompressibleCaseTest.BuilderConstructsCompressibleRuntimeObjects .........................................   Passed    0.26 sec
          Start  936: Case3DTest.FaceFluxKeyParsesEveryValueAndDefaultsToAutomatic
 798/2020 Test  #799: MultiphaseCaseTest.RejectsMissingPerPatchAlphaWhenMultiphaseEnabled ......................................   Passed    0.26 sec
          Start 1991: CaseEditingTest.SetInitialConditionsRoundTrips
 799/2020 Test #1984: CaseEditingTest.GettersOnAnUnloadedControllerReturnEmptyMaps .............................................   Passed    0.27 sec
          Start  859: JSONWriterTest.SpeciesArrayIsEmptyByDefault
 800/2020 Test  #815: CompressibleCaseTest.RejectsNonPositiveTemperature .......................................................   Passed    0.27 sec
          Start  881: VTKWriterTest.MismatchedSpeciesSizeThrows
 801/2020 Test  #802: CompressibleCaseTest.ParsesIsothermalCompressibleConfigWhenEnabled .......................................   Passed    0.27 sec
          Start 2000: CaseEditingTest.VocabularyListsMatchWhatBoundaryConfigParserAccepts
 802/2020 Test  #812: CompressibleCaseTest.RejectsNonPositiveGasConstant .......................................................   Passed    0.28 sec
          Start  882: VTKWriterTest.NonFiniteSpeciesThrows
 803/2020 Test  #781: SpeciesCaseTest.RejectsEmptyName .........................................................................   Passed    0.28 sec
          Start 1795: SpeciesProductionCaseTest.MissingCaseDirectoryReportsInvalidCase
 804/2020 Test  #860: JSONWriterTest.WritesSpeciesMetadataInOrderWhenProvided ..................................................   Passed    0.29 sec
          Start  782: SpeciesCaseTest.RejectsDuplicateSpeciesNames
 805/2020 Test  #880: VTKWriterTest.MultipleSpeciesWrittenInOrderAfterTemperature ..............................................   Passed    0.29 sec
          Start  776: SpeciesCaseTest.NonSpeciesFixtureHasNoSpeciesConfig
 806/2020 Test  #777: SpeciesCaseTest.ParsesSpeciesListWhenEnabled .............................................................   Passed    0.29 sec
          Start  783: SpeciesCaseTest.RejectsUnknownSpeciesKey
 807/2020 Test  #693: CaseWriterTest.SpeciesRoundTrip ..........................................................................   Passed    0.29 sec
          Start  878: VTKWriterTest.OmitsSpeciesBlocksWhenNotProvided
 808/2020 Test  #801: CompressibleCaseTest.NonCompressibleFixtureHasNoCompressibleConfig .......................................   Passed    0.29 sec
          Start  778: SpeciesCaseTest.BuilderConstructsSpeciesRuntimeObjects
 809/2020 Test  #788: SpeciesCaseTest.RejectsUnknownConcentrationBoundaryType ..................................................   Passed    0.29 sec
          Start  785: SpeciesCaseTest.RejectsSpeciesKeyWhenSpeciesDisabled
 810/2020 Test  #810: CompressibleCaseTest.RejectsBothTemperatureAndThermalCoupled .............................................   Passed    0.29 sec
          Start  784: SpeciesCaseTest.RejectsMissingPerPatchSpeciesWhenSpeciesEnabled
 811/2020 Test  #936: Case3DTest.FaceFluxKeyParsesEveryValueAndDefaultsToAutomatic .............................................   Passed    0.29 sec
          Start  848: CSVWriterTest.NonFiniteSpeciesThrows
 812/2020 Test #1991: CaseEditingTest.SetInitialConditionsRoundTrips ...........................................................   Passed    0.29 sec
          Start  845: CSVWriterTest.OmitsSpeciesColumnsWhenNotProvided
 813/2020 Test  #859: JSONWriterTest.SpeciesArrayIsEmptyByDefault ..............................................................   Passed    0.28 sec
          Start  789: SpeciesCaseTest.RejectsMissingValueForConcentrationBoundary
 814/2020 Test  #881: VTKWriterTest.MismatchedSpeciesSizeThrows ................................................................   Passed    0.28 sec
          Start  187: Cartesian3DMeshTest.RequireTwoDimensionalNamesTheComponent
 815/2020 Test #2000: CaseEditingTest.VocabularyListsMatchWhatBoundaryConfigParserAccepts ......................................   Passed    0.28 sec
          Start 1998: CaseEditingTest.ValidateDraftWithNoCaseLoadedReportsInvalid
 816/2020 Test  #882: VTKWriterTest.NonFiniteSpeciesThrows .....................................................................   Passed    0.29 sec
          Start  847: CSVWriterTest.MismatchedSpeciesSizeThrows
 817/2020 Test #1795: SpeciesProductionCaseTest.MissingCaseDirectoryReportsInvalidCase .........................................   Passed    0.29 sec
          Start  846: CSVWriterTest.AppendsSpeciesColumnsInOrderAfterTemperature
 818/2020 Test  #782: SpeciesCaseTest.RejectsDuplicateSpeciesNames .............................................................   Passed    0.28 sec
          Start  786: SpeciesCaseTest.RejectsPatchMissingOneDeclaredSpecies
 819/2020 Test  #776: SpeciesCaseTest.NonSpeciesFixtureHasNoSpeciesConfig ......................................................   Passed    0.28 sec
          Start  787: SpeciesCaseTest.RejectsUnknownSpeciesNameOnPatch
 820/2020 Test  #783: SpeciesCaseTest.RejectsUnknownSpeciesKey .................................................................   Passed    0.28 sec
          Start 2004: CaseEditingTest.MeshCellInfoFlagsALargeMesh
 821/2020 Test  #878: VTKWriterTest.OmitsSpeciesBlocksWhenNotProvided ..........................................................   Passed    0.29 sec
          Start  780: SpeciesCaseTest.RejectsNegativeDiffusivity
 822/2020 Test  #778: SpeciesCaseTest.BuilderConstructsSpeciesRuntimeObjects ...................................................   Passed    0.29 sec
          Start  779: SpeciesCaseTest.ZeroDiffusivityIsAccepted
 823/2020 Test  #785: SpeciesCaseTest.RejectsSpeciesKeyWhenSpeciesDisabled .....................................................   Passed    0.29 sec
          Start  879: VTKWriterTest.AppendsOneSpeciesBlockAfterVelocityMagnitudeWhenProvided
 824/2020 Test  #784: SpeciesCaseTest.RejectsMissingPerPatchSpeciesWhenSpeciesEnabled ..........................................   Passed    0.29 sec
          Start  537: Operators3DTest.InterpolationIsExactForConstantAndLinearFields
 825/2020 Test  #848: CSVWriterTest.NonFiniteSpeciesThrows .....................................................................   Passed    0.30 sec
          Start 1921: SpeciesConservationTest.OpenChannelWithVolumetricSourceBalancesNetOutflowAgainstSource
 826/2020 Test  #845: CSVWriterTest.OmitsSpeciesColumnsWhenNotProvided .........................................................   Passed    0.30 sec
          Start   45: Vector3Test.ArithmeticActsOnAllThreeComponents
 827/2020 Test  #789: SpeciesCaseTest.RejectsMissingValueForConcentrationBoundary ..............................................   Passed    0.30 sec
          Start 1092: ThermalSolverVariablePropertiesTest.ConstantModelsReproduceThermalPropertiesOverloadExactly
 828/2020 Test  #187: Cartesian3DMeshTest.RequireTwoDimensionalNamesTheComponent ...............................................   Passed    0.30 sec
          Start 1961: MMSSimple3DTest.ForcingMatchesFiniteDifferencesOfClosedForms
 829/2020 Test #1998: CaseEditingTest.ValidateDraftWithNoCaseLoadedReportsInvalid ..............................................   Passed    0.30 sec
          Start 1958: MMS3DTest.ForcingMatchesFiniteDifferencesOfClosedForms
 830/2020 Test  #847: CSVWriterTest.MismatchedSpeciesSizeThrows ................................................................   Passed    0.29 sec
          Start  941: Case3DTest.RejectsVelocitiesOfTheWrongDimensionAndTwoDimensionalPatchNames
 831/2020 Test  #846: CSVWriterTest.AppendsSpeciesColumnsInOrderAfterTemperature ...............................................   Passed    0.30 sec
          Start 1972: SimulationControllerTest.OpenValidCaseSucceeds
 832/2020 Test  #786: SpeciesCaseTest.RejectsPatchMissingOneDeclaredSpecies ....................................................   Passed    0.30 sec
          Start  942: Case3DTest.RejectsPhysicsThat3DDoesNotSupport
 833/2020 Test  #787: SpeciesCaseTest.RejectsUnknownSpeciesNameOnPatch .........................................................   Passed    0.30 sec
          Start 1913: SpeciesDiffusionValidation.GlobalDiffusiveFluxBalanceIsExact
 834/2020 Test #2004: CaseEditingTest.MeshCellInfoFlagsALargeMesh ..............................................................   Passed    0.30 sec
          Start 1302: SpeciesSolverTest.RepeatedSolveIsDeterministic
 835/2020 Test  #780: SpeciesCaseTest.RejectsNegativeDiffusivity ...............................................................   Passed    0.31 sec
          Start 1091: ThermalSolverTest.RepeatedSolveIsDeterministic
 836/2020 Test  #779: SpeciesCaseTest.ZeroDiffusivityIsAccepted ................................................................   Passed    0.31 sec
          Start 1911: SpeciesDiffusionValidation.Grid40MatchesAnalyticalSlabProfile
 837/2020 Test  #879: VTKWriterTest.AppendsOneSpeciesBlockAfterVelocityMagnitudeWhenProvided ...................................   Passed    0.31 sec
          Start 1416: BuildSnapshotTest.IncompleteRunProducesAnInvalidSnapshot
 838/2020 Test  #537: Operators3DTest.InterpolationIsExactForConstantAndLinearFields ...........................................   Passed    0.32 sec
          Start 1437: FieldStatisticsTest.ComputesMinMaxAverageIgnoringNonFinite
 839/2020 Test   #45: Vector3Test.ArithmeticActsOnAllThreeComponents ...........................................................   Passed    0.29 sec
          Start 1438: FieldStatisticsTest.EmptyFieldReportsNoData
 840/2020 Test #1092: ThermalSolverVariablePropertiesTest.ConstantModelsReproduceThermalPropertiesOverloadExactly ..............   Passed    0.29 sec
          Start 1450: SampleLineRawTest.MatchesMeshBasedSampleLineOnEquivalentData
 841/2020 Test #1961: MMSSimple3DTest.ForcingMatchesFiniteDifferencesOfClosedForms .............................................   Passed    0.30 sec
          Start 1448: ProbeScalarRawTest.MatchesMeshBasedProbeOnEquivalentData
 842/2020 Test #1958: MMS3DTest.ForcingMatchesFiniteDifferencesOfClosedForms ...................................................   Passed    0.30 sec
          Start 1451: NearestIndexTest.EmptyPointsReturnsNullopt
 843/2020 Test  #941: Case3DTest.RejectsVelocitiesOfTheWrongDimensionAndTwoDimensionalPatchNames ...............................   Passed    0.30 sec
          Start 1418: LoadSnapshotFromResultsTest.MissingDirectoryProducesAnInvalidSnapshot
 844/2020 Test  #942: Case3DTest.RejectsPhysicsThat3DDoesNotSupport ............................................................   Passed    0.28 sec
          Start 1457: SampleVectorFieldRawTest.RejectsZeroStride
 845/2020 Test #1921: SpeciesConservationTest.OpenChannelWithVolumetricSourceBalancesNetOutflowAgainstSource ...................   Passed    0.46 sec
          Start 1449: ProbeScalarRawTest.RejectsMismatchedSizes
 846/2020 Test #1972: SimulationControllerTest.OpenValidCaseSucceeds ...........................................................   Passed    0.34 sec
          Start 1456: SampleVectorFieldRawTest.MatchesMeshBasedSamplingOnEquivalentData
 847/2020 Test #1091: ThermalSolverTest.RepeatedSolveIsDeterministic ...........................................................   Passed    0.27 sec
          Start 1970: SimulationControllerTest.ApplicationVersionMatchesCoreVersionString
 848/2020 Test #1416: BuildSnapshotTest.IncompleteRunProducesAnInvalidSnapshot .................................................   Passed    0.25 sec
          Start 1409: CaseSessionTest.ReloadDiscardsInMemoryEdits
 849/2020 Test #1437: FieldStatisticsTest.ComputesMinMaxAverageIgnoringNonFinite ...............................................   Passed    0.25 sec
          Start 1404: CaseSessionTest.OpenValidCaseMovesToLoaded
 850/2020 Test #1438: FieldStatisticsTest.EmptyFieldReportsNoData ..............................................................   Passed    0.24 sec
          Start 1410: CaseSessionTest.ValidateValidCaseMovesToValidated
 851/2020 Test #1450: SampleLineRawTest.MatchesMeshBasedSampleLineOnEquivalentData .............................................   Passed    0.24 sec
          Start 1407: CaseSessionTest.SaveAsWritesARoundTripLoadableCase
 852/2020 Test #1448: ProbeScalarRawTest.MatchesMeshBasedProbeOnEquivalentData .................................................   Passed    0.24 sec
          Start 1982: SimulationControllerTest.StopDuringARunLeadsToCancelledState
 853/2020 Test #1451: NearestIndexTest.EmptyPointsReturnsNullopt ...............................................................   Passed    0.25 sec
          Start 1414: CaseSessionTest.RequestCancelStopsARunEarly
 854/2020 Test #1418: LoadSnapshotFromResultsTest.MissingDirectoryProducesAnInvalidSnapshot ....................................   Passed    0.24 sec
          Start 1976: SimulationControllerTest.NoResultsBeforeAnyRunOrLoad
 855/2020 Test #1457: SampleVectorFieldRawTest.RejectsZeroStride ...............................................................   Passed    0.24 sec
          Start 1974: SimulationControllerTest.OpenMissingCaseFailsAndReportsError
 856/2020 Test #1449: ProbeScalarRawTest.RejectsMismatchedSizes ................................................................   Passed    0.24 sec
          Start 1397: ProjectRunnerTest.CancellationStopsEarlyWithCancelledStatus
 857/2020 Test #1456: SampleVectorFieldRawTest.MatchesMeshBasedSamplingOnEquivalentData ........................................   Passed    0.24 sec
          Start 1971: SimulationControllerTest.NewCaseEmitsCaseChangedAndBecomesLoaded
 858/2020 Test #1970: SimulationControllerTest.ApplicationVersionMatchesCoreVersionString ......................................   Passed    0.23 sec
          Start 1969: SimulationControllerTest.StartsWithNoCaseLoaded
 859/2020 Test #1409: CaseSessionTest.ReloadDiscardsInMemoryEdits ..............................................................   Passed    0.23 sec
          Start 1411: CaseSessionTest.ValidateInvalidCaseLeavesStateAndReportsError
 860/2020 Test #1404: CaseSessionTest.OpenValidCaseMovesToLoaded ...............................................................   Passed    0.23 sec
          Start 1429: MarchingSquaresTest.LevelOutsideRangeProducesNoSegments
 861/2020 Test #1913: SpeciesDiffusionValidation.GlobalDiffusiveFluxBalanceIsExact .............................................   Passed    0.64 sec
          Start  691: CaseWriterTest.ExplicitInitialConditionsRoundTrip
 862/2020 Test #1302: SpeciesSolverTest.RepeatedSolveIsDeterministic ...........................................................   Passed    0.64 sec
          Start 1406: CaseSessionTest.SetCaseDefinitionMarksModified
 863/2020 Test #1410: CaseSessionTest.ValidateValidCaseMovesToValidated ........................................................   Passed    0.27 sec
          Start 1428: MarchingSquaresTest.ConstantFieldProducesNoSegments
 864/2020 Test #1407: CaseSessionTest.SaveAsWritesARoundTripLoadableCase .......................................................   Passed    0.28 sec
          Start 1427: MarchingSquaresTest.LinearFieldPhiEqualsYProducesAHorizontalLine
 865/2020 Test #1982: SimulationControllerTest.StopDuringARunLeadsToCancelledState .............................................   Passed    0.27 sec
          Start 1295: SpeciesSolverTest.ConvergesAndMatchesAnalytical1DDiffusionProfile
 866/2020 Test #1414: CaseSessionTest.RequestCancelStopsARunEarly ..............................................................   Passed    0.27 sec
          Start  692: CaseWriterTest.ThermalTurbulenceBuoyancyRoundTrip
 867/2020 Test #1976: SimulationControllerTest.NoResultsBeforeAnyRunOrLoad .....................................................   Passed    0.27 sec
          Start 1445: ProbeScalarTest.MismatchedFieldSizeThrows
 868/2020 Test #1974: SimulationControllerTest.OpenMissingCaseFailsAndReportsError .............................................   Passed    0.27 sec
          Start 1436: AutomaticContourLevelsTest.IgnoresNonFiniteSamples
 869/2020 Test #1397: ProjectRunnerTest.CancellationStopsEarlyWithCancelledStatus ..............................................   Passed    0.26 sec
          Start 1434: AutomaticContourLevelsTest.ProducesEvenlySpacedInteriorLevels
 870/2020 Test #1971: SimulationControllerTest.NewCaseEmitsCaseChangedAndBecomesLoaded .........................................   Passed    0.27 sec
          Start 1403: CaseSessionTest.NewCaseMovesToLoadedWithNoDirectory
 871/2020 Test #1969: SimulationControllerTest.StartsWithNoCaseLoaded ..........................................................   Passed    0.27 sec
          Start 1402: CaseSessionTest.StartsEmpty
 872/2020 Test #1411: CaseSessionTest.ValidateInvalidCaseLeavesStateAndReportsError ............................................   Passed    0.26 sec
          Start 1455: SampleVectorFieldTest.MismatchedSizeThrows
 873/2020 Test #1911: SpeciesDiffusionValidation.Grid40MatchesAnalyticalSlabProfile ............................................   Passed    0.82 sec
          Start 1453: SampleVectorFieldTest.StrideNSamplesEveryNthCellById
 874/2020 Test #1429: MarchingSquaresTest.LevelOutsideRangeProducesNoSegments ..................................................   Passed    0.28 sec
          Start 1435: AutomaticContourLevelsTest.ConstantFieldProducesNoLevels
 875/2020 Test  #691: CaseWriterTest.ExplicitInitialConditionsRoundTrip ........................................................   Passed    0.28 sec
          Start 1447: SampleLineTest.RejectsTooFewSamples
 876/2020 Test #1406: CaseSessionTest.SetCaseDefinitionMarksModified ...........................................................   Passed    0.28 sec
          Start 1433: MarchingSquaresTest.RejectsMismatchedSizes
 877/2020 Test #1428: MarchingSquaresTest.ConstantFieldProducesNoSegments ......................................................   Passed    0.28 sec
          Start 1440: Vorticity2DTest.SolidBodyRotationMatchesAnalyticalConstantAwayFromBoundaries
 878/2020 Test #1427: MarchingSquaresTest.LinearFieldPhiEqualsYProducesAHorizontalLine .........................................   Passed    0.28 sec
          Start 1452: SampleVectorFieldTest.StrideOneSamplesEveryCell
 879/2020 Test  #692: CaseWriterTest.ThermalTurbulenceBuoyancyRoundTrip ........................................................   Passed    0.26 sec
          Start 1408: CaseSessionTest.SaveWithoutADirectorySetFails
 880/2020 Test #1445: ProbeScalarTest.MismatchedFieldSizeThrows ................................................................   Passed    0.26 sec
          Start 1413: CaseSessionTest.RunWithoutADirectoryFails
 881/2020 Test #1436: AutomaticContourLevelsTest.IgnoresNonFiniteSamples .......................................................   Passed    0.26 sec
          Start 1432: MarchingSquaresTest.RejectsGridTooSmall
 882/2020 Test #1434: AutomaticContourLevelsTest.ProducesEvenlySpacedInteriorLevels ............................................   Passed    0.26 sec
          Start 1426: MarchingSquaresTest.LinearFieldPhiEqualsXProducesAVerticalLineAtTheLevel
 883/2020 Test #1403: CaseSessionTest.NewCaseMovesToLoadedWithNoDirectory ......................................................   Passed    0.26 sec
          Start 1430: MarchingSquaresTest.NonFiniteCellsContributeNoSegments
 884/2020 Test #1402: CaseSessionTest.StartsEmpty ..............................................................................   Passed    0.27 sec
          Start 1442: Vorticity2DTest.MismatchedSizeThrows
 885/2020 Test #1295: SpeciesSolverTest.ConvergesAndMatchesAnalytical1DDiffusionProfile ........................................   Passed    0.41 sec
          Start 1443: NearestCellTest.FindsTheCellWhoseCentroidIsClosest
 886/2020 Test #1455: SampleVectorFieldTest.MismatchedSizeThrows ...............................................................   Passed    0.29 sec
          Start 1439: VelocityMagnitudeTest.MatchesPythagoreanFormula
 887/2020 Test #1453: SampleVectorFieldTest.StrideNSamplesEveryNthCellById .....................................................   Passed    0.29 sec
          Start 1910: SpeciesDiffusionValidation.Grid20MatchesAnalyticalSlabProfile
 888/2020 Test #1435: AutomaticContourLevelsTest.ConstantFieldProducesNoLevels .................................................   Passed    0.29 sec
          Start 1444: ProbeScalarTest.ReturnsTheNearestCellsValue
 889/2020 Test #1447: SampleLineTest.RejectsTooFewSamples ......................................................................   Passed    0.29 sec
          Start 1932: SinglePhaseEquivalenceTest.AlphaOneReducesToPurePhase1MomentumAssemblyExactly
 890/2020 Test #1433: MarchingSquaresTest.RejectsMismatchedSizes ...............................................................   Passed    0.29 sec
          Start 1431: MarchingSquaresTest.RepeatedCallsAreDeterministic
 891/2020 Test #1440: Vorticity2DTest.SolidBodyRotationMatchesAnalyticalConstantAwayFromBoundaries .............................   Passed    0.29 sec
          Start 1446: SampleLineTest.HorizontalLineTracksTheXCoordinateField
 892/2020 Test #1452: SampleVectorFieldTest.StrideOneSamplesEveryCell ..........................................................   Passed    0.28 sec
          Start 1441: Vorticity2DTest.UniformFlowHasZeroVorticity
 893/2020 Test #1408: CaseSessionTest.SaveWithoutADirectorySetFails ............................................................   Passed    0.29 sec
          Start 1454: SampleVectorFieldTest.RejectsZeroStride
 894/2020 Test #1413: CaseSessionTest.RunWithoutADirectoryFails ................................................................   Passed    0.28 sec
          Start 1405: CaseSessionTest.OpenMissingDirectoryLeavesStateUnchangedAndSetsError
 895/2020 Test #1432: MarchingSquaresTest.RejectsGridTooSmall ..................................................................   Passed    0.29 sec
          Start 1931: PhaseConservationTest.OpenChannelAccumulationMatchesNetInflowMinusOutflow
 896/2020 Test #1426: MarchingSquaresTest.LinearFieldPhiEqualsXProducesAVerticalLineAtTheLevel .................................   Passed    0.29 sec
          Start  687: CaseWriterTest.BasicCaseRoundTripsExactly
 897/2020 Test #1430: MarchingSquaresTest.NonFiniteCellsContributeNoSegments ...................................................   Passed    0.29 sec
          Start    8: CFDAppCli_does_not_converge
 898/2020 Test #1442: Vorticity2DTest.MismatchedSizeThrows .....................................................................   Passed    0.30 sec
          Start 1369: CompressibleMassFluxTest.UniformDensityMatchesIncompressibleMassFluxExactly
 899/2020 Test #1443: NearestCellTest.FindsTheCellWhoseCentroidIsClosest .......................................................   Passed    0.30 sec
          Start 1359: ThermodynamicPropertiesTest.DensityDelegatesToTheEquationOfState
 900/2020 Test #1439: VelocityMagnitudeTest.MatchesPythagoreanFormula ..........................................................   Passed    0.30 sec
          Start 1368: EvaluateDensityFieldTest.InvalidCellStateThrowsNamingTheCell
 901/2020 Test #1444: ProbeScalarTest.ReturnsTheNearestCellsValue ..............................................................   Passed    0.29 sec
          Start 1395: ProjectRunnerTest.MissingCaseDirectoryReportsInvalidCase
 902/2020 Test #1932: SinglePhaseEquivalenceTest.AlphaOneReducesToPurePhase1MomentumAssemblyExactly ............................   Passed    0.29 sec
          Start 1362: ThermodynamicPropertiesTest.SpeedOfSoundRejectsNonPositiveTemperature
 903/2020 Test #1431: MarchingSquaresTest.RepeatedCallsAreDeterministic ........................................................   Passed    0.29 sec
          Start 1390: CompressibleMomentumTimeDerivativeTest.RejectsNonPositiveDt
 904/2020 Test #1446: SampleLineTest.HorizontalLineTracksTheXCoordinateField ...................................................   Passed    0.29 sec
          Start  272: SparseMatrixBuilderTest.ReserveDoesNotChangeTheAssembledMatrix
 905/2020 Test #1441: Vorticity2DTest.UniformFlowHasZeroVorticity ..............................................................   Passed    0.30 sec
          Start 1350: IdealGasEOSTest.RejectsNonFiniteGasConstant
 906/2020 Test #1454: SampleVectorFieldTest.RejectsZeroStride ..................................................................   Passed    0.30 sec
          Start 1378: CompressibleMassFluxTest.MismatchedDensitySizeThrows
 907/2020 Test #1405: CaseSessionTest.OpenMissingDirectoryLeavesStateUnchangedAndSetsError .....................................   Passed    0.29 sec
          Start  271: SparseMatrixTest.RepeatedMultiplyIsBitIdenticalRegardlessOfOpenMPThreadCount
 908/2020 Test #1910: SpeciesDiffusionValidation.Grid20MatchesAnalyticalSlabProfile ............................................   Passed    0.47 sec
          Start 1358: ThermodynamicPropertiesTest.RejectsNonFiniteCp
 909/2020 Test #1931: PhaseConservationTest.OpenChannelAccumulationMatchesNetInflowMinusOutflow ................................   Passed    0.31 sec
          Start 1370: CompressibleMassFluxTest.InternalFaceUsesArithmeticMeanDensity
 910/2020 Test  #687: CaseWriterTest.BasicCaseRoundTripsExactly ................................................................   Passed    0.30 sec
          Start 1365: EvaluateDensityFieldTest.EvaluatesEveryCellFromItsOwnPressureAndTemperature
 911/2020 Test    #8: CFDAppCli_does_not_converge ..............................................................................   Passed    0.30 sec
          Start 1347: IdealGasEOSTest.RejectsNonPositivePressureOrTemperature
 912/2020 Test #1369: CompressibleMassFluxTest.UniformDensityMatchesIncompressibleMassFluxExactly ..............................   Passed    0.29 sec
          Start 1386: CompressibleContinuityTest.RejectsNonPositiveOrNonFiniteDt
 913/2020 Test #1359: ThermodynamicPropertiesTest.DensityDelegatesToTheEquationOfState .........................................   Passed    0.29 sec
          Start 1391: CompressibleMomentumComponentTest.ConstantDensityReproducesTransientMomentumExactly
 914/2020 Test #1368: EvaluateDensityFieldTest.InvalidCellStateThrowsNamingTheCell .............................................   Passed    0.28 sec
          Start 1393: CompressibleMomentumComponentTest.NonUniformDensityChangesTheAssembledDiagonal
 915/2020 Test #1395: ProjectRunnerTest.MissingCaseDirectoryReportsInvalidCase .................................................   Passed    0.29 sec
          Start 1361: ThermodynamicPropertiesTest.SpeedOfSoundIsPositiveFiniteAndIncreasesWithSqrtT
 916/2020 Test #1362: ThermodynamicPropertiesTest.SpeedOfSoundRejectsNonPositiveTemperature ....................................   Passed    0.28 sec
          Start 1382: CompressibleContinuityTest.SteadyStateWithBalancedFluxGivesZeroImbalance
 917/2020 Test #1390: CompressibleMomentumTimeDerivativeTest.RejectsNonPositiveDt ..............................................   Passed    0.28 sec
          Start 1364: MachNumberTest.RejectsNonPositiveSpeedOfSound
 918/2020 Test  #272: SparseMatrixBuilderTest.ReserveDoesNotChangeTheAssembledMatrix ...........................................   Passed    0.27 sec
          Start 1346: IdealGasEOSTest.DoublingTemperatureAtFixedPressureHalvesDensity
 919/2020 Test #1350: IdealGasEOSTest.RejectsNonFiniteGasConstant ..............................................................   Passed    0.28 sec
          Start 1366: EvaluateDensityFieldTest.UniformStateGivesUniformDensity
 920/2020 Test #1378: CompressibleMassFluxTest.MismatchedDensitySizeThrows .....................................................   Passed    0.27 sec
          Start 1352: IdealGasEOSTest.DDensityDPressureIsIndependentOfPressure
 921/2020 Test  #271: SparseMatrixTest.RepeatedMultiplyIsBitIdenticalRegardlessOfOpenMPThreadCount .............................   Passed    0.27 sec
          Start 1381: CompressibleContinuityTest.TimeOnlyImbalanceWithZeroFlux
 922/2020 Test #1358: ThermodynamicPropertiesTest.RejectsNonFiniteCp ...........................................................   Passed    0.27 sec
          Start 1354: IdealGasEOSTest.DDensityDTemperatureIsNegative
 923/2020 Test #1370: CompressibleMassFluxTest.InternalFaceUsesArithmeticMeanDensity ...........................................   Passed    0.28 sec
          Start 1326: VolumeFractionTransportEquationTest.ZeroVelocityPreservesAlphaExactly
 924/2020 Test #1365: EvaluateDensityFieldTest.EvaluatesEveryCellFromItsOwnPressureAndTemperature ..............................   Passed    0.28 sec
          Start 1344: IdealGasEOSTest.MatchesKnownStandardAtmosphereState
 925/2020 Test #1347: IdealGasEOSTest.RejectsNonPositivePressureOrTemperature ..................................................   Passed    0.28 sec
          Start 1928: AlphaAdvectionValidation.GridRefinementReducesInterfaceSmearing
 926/2020 Test #1386: CompressibleContinuityTest.RejectsNonPositiveOrNonFiniteDt ...............................................   Passed    0.28 sec
          Start 1377: CompressibleMassFluxTest.MismatchedVelocitySizeThrows
 927/2020 Test #1391: CompressibleMomentumComponentTest.ConstantDensityReproducesTransientMomentumExactly ......................   Passed    0.28 sec
          Start 1384: CompressibleContinuityTest.MismatchedDensityOldSizeThrows
 928/2020 Test #1393: CompressibleMomentumComponentTest.NonUniformDensityChangesTheAssembledDiagonal ...........................   Passed    0.28 sec
          Start 1389: CompressibleMomentumTimeDerivativeTest.MismatchedSizeThrows
 929/2020 Test #1361: ThermodynamicPropertiesTest.SpeedOfSoundIsPositiveFiniteAndIncreasesWithSqrtT ............................   Passed    0.29 sec
          Start 1305: PhasePropertiesTest.StoresNameDensityAndViscosity
 930/2020 Test #1382: CompressibleContinuityTest.SteadyStateWithBalancedFluxGivesZeroImbalance .................................   Passed    0.28 sec
          Start 1309: PhasePropertiesTest.RejectsNonFiniteDensityOrViscosity
 931/2020 Test #1364: MachNumberTest.RejectsNonPositiveSpeedOfSound ............................................................   Passed    0.28 sec
          Start 1926: UniformAlphaPreservationTest.ZeroVelocityPreservesANonUniformFieldOverManySteps
 932/2020 Test #1346: IdealGasEOSTest.DoublingTemperatureAtFixedPressureHalvesDensity ..........................................   Passed    0.28 sec
          Start 1324: VolumeFractionConvectionTest.MismatchedAlphaSizeThrows
 933/2020 Test #1366: EvaluateDensityFieldTest.UniformStateGivesUniformDensity .................................................   Passed    0.28 sec
          Start 1328: VolumeFractionTransportEquationTest.MismatchedAlphaOldSizeThrows
 934/2020 Test #1352: IdealGasEOSTest.DDensityDPressureIsIndependentOfPressure .................................................   Passed    0.28 sec
          Start 1325: VolumeFractionConvectionTest.MismatchedMassFluxSizeThrows
 935/2020 Test #1381: CompressibleContinuityTest.TimeOnlyImbalanceWithZeroFlux .................................................   Passed    0.29 sec
          Start 1300: SpeciesSolverTest.InvalidConfigurationForZeroOuterMaxIterations
 936/2020 Test #1354: IdealGasEOSTest.DDensityDTemperatureIsNegative ...........................................................   Passed    0.29 sec
          Start 1308: PhasePropertiesTest.RejectsZeroOrNegativeViscosity
 937/2020 Test #1326: VolumeFractionTransportEquationTest.ZeroVelocityPreservesAlphaExactly ....................................   Passed    0.29 sec
          Start 1072: EnergyEquationVariablePropertiesTest.DiffusionMismatchedConductivityFieldSizeThrows
 938/2020 Test #1344: IdealGasEOSTest.MatchesKnownStandardAtmosphereState ......................................................   Passed    0.28 sec
          Start 1274: SpeciesEquationDiffusionTest.TwoCellSystemMatchesHandDerivedCoefficients
 939/2020 Test #1928: AlphaAdvectionValidation.GridRefinementReducesInterfaceSmearing ..........................................   Passed    0.28 sec
          Start 1323: VolumeFractionConvectionTest.ConstantAlphaWithDivergenceFreeFluxGivesZeroNetContribution
 940/2020 Test #1377: CompressibleMassFluxTest.MismatchedVelocitySizeThrows ....................................................   Passed    0.28 sec
          Start 1315: TwoPhaseSystemTest.RejectsNonFiniteAlpha
 941/2020 Test #1384: CompressibleContinuityTest.MismatchedDensityOldSizeThrows ................................................   Passed    0.28 sec
          Start 1345: IdealGasEOSTest.DoublingPressureAtFixedTemperatureDoublesDensity
 942/2020 Test #1389: CompressibleMomentumTimeDerivativeTest.MismatchedSizeThrows ..............................................   Passed    0.28 sec
          Start 1291: SpeciesBoundaryConditionTest.FixedValueActsAsDirichletInflowSource
 943/2020 Test #1305: PhasePropertiesTest.StoresNameDensityAndViscosity ........................................................   Passed    0.28 sec
          Start 1318: EvaluateMixtureFieldTest.MinMaxBoundsMatchTheLinearLawsRange
 944/2020 Test #1309: PhasePropertiesTest.RejectsNonFiniteDensityOrViscosity ...................................................   Passed    0.28 sec
          Start 1334: PhaseVolumeTest.MismatchedAlphaSizeThrows
 945/2020 Test #1926: UniformAlphaPreservationTest.ZeroVelocityPreservesANonUniformFieldOverManySteps ..........................   Passed    0.28 sec
          Start 1294: ConcentrationBoundsTest.DoesNotModifyTheField
 946/2020 Test #1324: VolumeFractionConvectionTest.MismatchedAlphaSizeThrows ...................................................   Passed    0.28 sec
          Start 1269: SpeciesPropertiesTest.AllowsZeroDiffusivityForPureAdvection
 947/2020 Test #1328: VolumeFractionTransportEquationTest.MismatchedAlphaOldSizeThrows .........................................   Passed    0.28 sec
          Start 1341: VolumeFractionSolverTest.NonFiniteStateForNonFiniteMassFlux
 948/2020 Test #1325: VolumeFractionConvectionTest.MismatchedMassFluxSizeThrows ................................................   Passed    0.28 sec
          Start 1357: ThermodynamicPropertiesTest.RejectsCpNotGreaterThanR
 949/2020 Test #1300: SpeciesSolverTest.InvalidConfigurationForZeroOuterMaxIterations ..........................................   Passed    0.28 sec
          Start  647: TabulatedPropertyTest.ReportsTableRange
 950/2020 Test #1308: PhasePropertiesTest.RejectsZeroOrNegativeViscosity .......................................................   Passed    0.28 sec
          Start 1074: EnergyEquationVariablePropertiesTest.ConvectionUsesUpwindCellsOwnSpecificHeat
 951/2020 Test #1072: EnergyEquationVariablePropertiesTest.DiffusionMismatchedConductivityFieldSizeThrows ......................   Passed    0.28 sec
          Start 1285: SpeciesEquationAssemblyTest.CombinedAssemblyUsesDensityTimesDiffusivityAsCoefficient
 952/2020 Test #1274: SpeciesEquationDiffusionTest.TwoCellSystemMatchesHandDerivedCoefficients .................................   Passed    0.28 sec
          Start 1298: SpeciesSolverTest.MaxIterationsWhenOuterBudgetTooSmall
 953/2020 Test #1323: VolumeFractionConvectionTest.ConstantAlphaWithDivergenceFreeFluxGivesZeroNetContribution .................   Passed    0.28 sec
          Start 1332: PhaseVolumeTest.MatchesHandDerivedSum
 954/2020 Test #1315: TwoPhaseSystemTest.RejectsNonFiniteAlpha .................................................................   Passed    0.28 sec
          Start 1284: SpeciesEquationSourceTest.RejectsNonFiniteSource
 955/2020 Test #1345: IdealGasEOSTest.DoublingPressureAtFixedTemperatureDoublesDensity .........................................   Passed    0.28 sec
          Start 1272: SpeciesPropertiesTest.RejectsNonFiniteDiffusivity
 956/2020 Test #1291: SpeciesBoundaryConditionTest.FixedValueActsAsDirichletInflowSource .......................................   Passed    0.28 sec
          Start 1335: VolumeFractionSolverTest.ZeroVelocityPreservesAlphaThroughAnActualSolve
 957/2020 Test #1318: EvaluateMixtureFieldTest.MinMaxBoundsMatchTheLinearLawsRange .............................................   Passed    0.28 sec
          Start 1093: ThermalSolverVariablePropertiesTest.InvalidConfigurationForMismatchedTemperatureSize
 958/2020 Test #1334: PhaseVolumeTest.MismatchedAlphaSizeThrows ................................................................   Passed    0.29 sec
          Start 1333: PhaseVolumeTest.UniformAlphaGivesAlphaTimesDomainVolume
 959/2020 Test #1294: ConcentrationBoundsTest.DoesNotModifyTheField ............................................................   Passed    0.29 sec
          Start 1356: ThermodynamicPropertiesTest.DerivesCvAndGammaFromRAndCp
 960/2020 Test #1269: SpeciesPropertiesTest.AllowsZeroDiffusivityForPureAdvection ..............................................   Passed    0.29 sec
          Start 1322: VolumeFractionConvectionTest.BoundaryInflowUsesBoundaryValueOnRhs
 961/2020 Test #1341: VolumeFractionSolverTest.NonFiniteStateForNonFiniteMassFlux ..............................................   Passed    0.29 sec
          Start  774: BoussinesqCaseTest.RejectsUnknownKey
 962/2020 Test #1357: ThermodynamicPropertiesTest.RejectsCpNotGreaterThanR .....................................................   Passed    0.29 sec
          Start 1316: TwoPhaseSystemTest.DoesNotRejectOutOfRangeAlpha
 963/2020 Test  #647: TabulatedPropertyTest.ReportsTableRange ..................................................................   Passed    0.29 sec
          Start 1320: VolumeFractionConvectionTest.PositiveInternalFluxSelectsOwnerNegativeSelectsNeighbor
 964/2020 Test #1074: EnergyEquationVariablePropertiesTest.ConvectionUsesUpwindCellsOwnSpecificHeat ............................   Passed    0.28 sec
          Start 1925: UniformAlphaPreservationTest.DivergenceFreeChannelFlowPreservesUniformAlphaOverManySteps
 965/2020 Test #1285: SpeciesEquationAssemblyTest.CombinedAssemblyUsesDensityTimesDiffusivityAsCoefficient .....................   Passed    0.29 sec
          Start 1342: VolumeFractionSolverTest.LinearSolveFailureWhenInnerSolverIsStarved
 966/2020 Test #1298: SpeciesSolverTest.MaxIterationsWhenOuterBudgetTooSmall ...................................................   Passed    0.29 sec
          Start 1330: VolumeFractionTransportEquationTest.RepeatedAssemblyIsDeterministic
 967/2020 Test #1332: PhaseVolumeTest.MatchesHandDerivedSum ....................................................................   Passed    0.28 sec
          Start 1327: VolumeFractionTransportEquationTest.TimeDerivativeCoefficientMatchesVolumeOverDt
 968/2020 Test #1284: SpeciesEquationSourceTest.RejectsNonFiniteSource .........................................................   Passed    0.28 sec
          Start 1278: SpeciesEquationDiffusionTest.MismatchedConcentrationSizeThrows
 969/2020 Test #1272: SpeciesPropertiesTest.RejectsNonFiniteDiffusivity ........................................................   Passed    0.28 sec
          Start 1349: IdealGasEOSTest.RejectsNonPositiveGasConstant
 970/2020 Test #1335: VolumeFractionSolverTest.ZeroVelocityPreservesAlphaThroughAnActualSolve ..................................   Passed    0.28 sec
          Start 1338: VolumeFractionSolverTest.InvalidConfigurationForMismatchedMassFluxSize
 971/2020 Test #1093: ThermalSolverVariablePropertiesTest.InvalidConfigurationForMismatchedTemperatureSize .....................   Passed    0.28 sec
          Start 1383: CompressibleContinuityTest.CombinedTimeAndFluxHandDerived
 972/2020 Test #1333: PhaseVolumeTest.UniformAlphaGivesAlphaTimesDomainVolume ..................................................   Passed    0.28 sec
          Start 1279: SpeciesEquationConvectionTest.PositiveInternalFluxSelectsOwnerNegativeSelectsNeighbor
 973/2020 Test #1356: ThermodynamicPropertiesTest.DerivesCvAndGammaFromRAndCp ..................................................   Passed    0.28 sec
          Start 1343: VolumeFractionSolverTest.RepeatedStepIsDeterministic
 974/2020 Test #1322: VolumeFractionConvectionTest.BoundaryInflowUsesBoundaryValueOnRhs ........................................   Passed    0.28 sec
          Start 1307: PhasePropertiesTest.RejectsZeroOrNegativeDensity
 975/2020 Test  #774: BoussinesqCaseTest.RejectsUnknownKey .....................................................................   Passed    0.27 sec
          Start 1348: IdealGasEOSTest.RejectsNonFinitePressureOrTemperature
 976/2020 Test #1316: TwoPhaseSystemTest.DoesNotRejectOutOfRangeAlpha ..........................................................   Passed    0.27 sec
          Start 1340: VolumeFractionSolverTest.NonFiniteStateForNonFiniteAlphaOld
 977/2020 Test #1320: VolumeFractionConvectionTest.PositiveInternalFluxSelectsOwnerNegativeSelectsNeighbor .....................   Passed    0.27 sec
          Start 1339: VolumeFractionSolverTest.InvalidConfigurationForNonPositiveDt
 978/2020 Test #1925: UniformAlphaPreservationTest.DivergenceFreeChannelFlowPreservesUniformAlphaOverManySteps .................   Passed    0.27 sec
          Start 1268: SpeciesPropertiesTest.StoresNameAndDiffusivity
 979/2020 Test #1342: VolumeFractionSolverTest.LinearSolveFailureWhenInnerSolverIsStarved ......................................   Passed    0.27 sec
          Start 1094: ThermalSolverVariablePropertiesTest.NonFiniteStateWhenPropertyModelPredictsNonPositiveValue
 980/2020 Test #1330: VolumeFractionTransportEquationTest.RepeatedAssemblyIsDeterministic ......................................   Passed    0.27 sec
          Start 1355: IdealGasEOSTest.PressureCorrectionGivesExpectedDensityCorrection
 981/2020 Test #1327: VolumeFractionTransportEquationTest.TimeDerivativeCoefficientMatchesVolumeOverDt .........................   Passed    0.28 sec
          Start 1337: VolumeFractionSolverTest.InvalidConfigurationForMismatchedAlphaSize
 982/2020 Test #1278: SpeciesEquationDiffusionTest.MismatchedConcentrationSizeThrows ...........................................   Passed    0.28 sec
          Start 1319: EvaluateMixtureFieldTest.MismatchedAlphaSizeThrows
 983/2020 Test #1349: IdealGasEOSTest.RejectsNonPositiveGasConstant ............................................................   Passed    0.27 sec
          Start 1275: SpeciesEquationDiffusionTest.InternalFaceCoefficientsAreSymmetric
 984/2020 Test #1338: VolumeFractionSolverTest.InvalidConfigurationForMismatchedMassFluxSize ...................................   Passed    0.28 sec
          Start 1930: PhaseConservationTest.ClosedDomainConservesPhaseVolumeOverManySteps
 985/2020 Test #1383: CompressibleContinuityTest.CombinedTimeAndFluxHandDerived ................................................   Passed    0.28 sec
          Start 1351: IdealGasEOSTest.DDensityDPressureMatchesAnalyticalFormula
 986/2020 Test #1279: SpeciesEquationConvectionTest.PositiveInternalFluxSelectsOwnerNegativeSelectsNeighbor ....................   Passed    0.28 sec
          Start 1283: SpeciesEquationSourceTest.AddsSTimesVolumeExactly
 987/2020 Test #1343: VolumeFractionSolverTest.RepeatedStepIsDeterministic .....................................................   Passed    0.28 sec
          Start 1317: EvaluateMixtureFieldTest.EvaluatesEveryCellFromItsOwnAlpha
 988/2020 Test #1307: PhasePropertiesTest.RejectsZeroOrNegativeDensity .........................................................   Passed    0.29 sec
          Start 1329: VolumeFractionTransportEquationTest.RejectsNonPositiveOrNonFiniteDt
 989/2020 Test #1348: IdealGasEOSTest.RejectsNonFinitePressureOrTemperature ....................................................   Passed    0.28 sec
          Start 1929: PhaseConservationTest.ClosedDomainConservesPhaseVolumeWithCirculatingInternalFlux
 990/2020 Test #1340: VolumeFractionSolverTest.NonFiniteStateForNonFiniteAlphaOld ..............................................   Passed    0.29 sec
          Start 1078: EnergyEquationVariablePropertiesTest.CombinerProducesCorrectDimensionsAndIsFinite
 991/2020 Test #1339: VolumeFractionSolverTest.InvalidConfigurationForNonPositiveDt ............................................   Passed    0.29 sec
          Start  659: MomentumVariableViscosityTest.InternalFaceMatchesHandDerivedLinearMuValue
 992/2020 Test #1268: SpeciesPropertiesTest.StoresNameAndDiffusivity ...........................................................   Passed    0.29 sec
          Start    6: CFDAppCli_bad_solver
 993/2020 Test #1094: ThermalSolverVariablePropertiesTest.NonFiniteStateWhenPropertyModelPredictsNonPositiveValue ..............   Passed    0.30 sec
          Start  655: EvaluatePropertyFieldTest.AllowsNonPositiveResultWhenNotRequired
 994/2020 Test #1355: IdealGasEOSTest.PressureCorrectionGivesExpectedDensityCorrection .........................................   Passed    0.30 sec
          Start 1336: VolumeFractionSolverTest.ConvergesForASimpleUniformInletFlow
 995/2020 Test #1337: VolumeFractionSolverTest.InvalidConfigurationForMismatchedAlphaSize ......................................   Passed    0.30 sec
          Start 1077: EnergyEquationVariablePropertiesTest.CombinerUniformFieldsMatchScalarThermalProperties
 996/2020 Test #1319: EvaluateMixtureFieldTest.MismatchedAlphaSizeThrows .......................................................   Passed    0.30 sec
          Start 1387: CompressibleMomentumTimeDerivativeTest.HandDerivedDiagonalAndSource
 997/2020 Test #1275: SpeciesEquationDiffusionTest.InternalFaceCoefficientsAreSymmetric ........................................   Passed    0.30 sec
          Start 1277: SpeciesEquationDiffusionTest.ZeroDiffusionCoefficientGivesZeroDiffusiveContribution
 998/2020 Test #1930: PhaseConservationTest.ClosedDomainConservesPhaseVolumeOverManySteps ......................................   Passed    0.30 sec
          Start 1280: SpeciesEquationConvectionTest.BoundaryOutflowUsesOwnerUnknownNotBoundaryValue
 999/2020 Test #1351: IdealGasEOSTest.DDensityDPressureMatchesAnalyticalFormula ................................................   Passed    0.30 sec
          Start 1070: EnergyEquationVariablePropertiesTest.DiffusionBoundaryFaceUsesOwnerConductivityDirectly
1000/2020 Test #1283: SpeciesEquationSourceTest.AddsSTimesVolumeExactly ........................................................   Passed    0.30 sec
          Start  646: TabulatedPropertyTest.ClampsAboveRangeToTheLastValue
1001/2020 Test #1317: EvaluateMixtureFieldTest.EvaluatesEveryCellFromItsOwnAlpha ...............................................   Passed    0.30 sec
          Start  638: LinearPropertyTest.MatchesReferenceValueAtReferenceTemperature
1002/2020 Test #1329: VolumeFractionTransportEquationTest.RejectsNonPositiveOrNonFiniteDt ......................................   Passed    0.30 sec
          Start 1321: VolumeFractionConvectionTest.BoundaryOutflowUsesOwnerUnknownNotBoundaryValue
1003/2020 Test #1929: PhaseConservationTest.ClosedDomainConservesPhaseVolumeWithCirculatingInternalFlux ........................   Passed    0.30 sec
          Start 1312: TwoPhaseSystemTest.MixtureDensityAtCanonicalAlphaValues
1004/2020 Test #1078: EnergyEquationVariablePropertiesTest.CombinerProducesCorrectDimensionsAndIsFinite ........................   Passed    0.30 sec
          Start 1080: EnergyEquationVariablePropertiesTest.CombinerRepeatedAssemblyIsDeterministic
1005/2020 Test  #659: MomentumVariableViscosityTest.InternalFaceMatchesHandDerivedLinearMuValue ................................   Passed    0.30 sec
          Start 1367: EvaluateDensityFieldTest.MismatchedSizeThrows
1006/2020 Test  #655: EvaluatePropertyFieldTest.AllowsNonPositiveResultWhenNotRequired .........................................   Passed    0.27 sec
          Start 1292: SpeciesBoundaryConditionTest.ZeroGradientGivesNoDiffusiveFluxThroughAnImpermeableWall
1007/2020 Test #1336: VolumeFractionSolverTest.ConvergesForASimpleUniformInletFlow .............................................   Passed    0.27 sec
          Start 1271: SpeciesPropertiesTest.RejectsNegativeDiffusivity
1008/2020 Test    #6: CFDAppCli_bad_solver .....................................................................................   Passed    0.34 sec
          Start  640: LinearPropertyTest.RejectsNonFiniteConstructorArguments
1009/2020 Test #1077: EnergyEquationVariablePropertiesTest.CombinerUniformFieldsMatchScalarThermalProperties ...................   Passed    0.29 sec
          Start 1331: AlphaBoundsTest.ReportsMinAndMax
1010/2020 Test #1387: CompressibleMomentumTimeDerivativeTest.HandDerivedDiagonalAndSource ......................................   Passed    0.29 sec
          Start  643: TabulatedPropertyTest.MidpointInterpolationMatchesHandWorkedValue
1011/2020 Test #1277: SpeciesEquationDiffusionTest.ZeroDiffusionCoefficientGivesZeroDiffusiveContribution ......................   Passed    0.29 sec
          Start 1313: TwoPhaseSystemTest.MixtureViscosityAtCanonicalAlphaValues
1012/2020 Test #1280: SpeciesEquationConvectionTest.BoundaryOutflowUsesOwnerUnknownNotBoundaryValue ............................   Passed    0.29 sec
          Start 1385: CompressibleContinuityTest.MismatchedMassFluxSizeThrows
1013/2020 Test #1070: EnergyEquationVariablePropertiesTest.DiffusionBoundaryFaceUsesOwnerConductivityDirectly ..................   Passed    0.29 sec
          Start 1388: CompressibleMomentumTimeDerivativeTest.ConstantDensityMatchesIncompressibleFormula
1014/2020 Test  #646: TabulatedPropertyTest.ClampsAboveRangeToTheLastValue .....................................................   Passed    0.28 sec
          Start  769: BoussinesqCaseTest.RejectsBuoyancyWithoutThermal
1015/2020 Test  #638: LinearPropertyTest.MatchesReferenceValueAtReferenceTemperature ...........................................   Passed    0.29 sec
          Start 1311: TwoPhaseSystemTest.StoresBothPhases
1016/2020 Test #1321: VolumeFractionConvectionTest.BoundaryOutflowUsesOwnerUnknownNotBoundaryValue .............................   Passed    0.29 sec
          Start 1290: SpeciesEquationAssemblyTest.RepeatedAssemblyIsDeterministic
1017/2020 Test #1312: TwoPhaseSystemTest.MixtureDensityAtCanonicalAlphaValues ..................................................   Passed    0.29 sec
          Start 1314: TwoPhaseSystemTest.DeterministicRepeatedEvaluation
1018/2020 Test #1080: EnergyEquationVariablePropertiesTest.CombinerRepeatedAssemblyIsDeterministic .............................   Passed    0.29 sec
          Start  661: MomentumVariableViscosityTest.StrongTemperatureContrastIncreasesLocalDiffusionAsymmetrically
1019/2020 Test #1367: EvaluateDensityFieldTest.MismatchedSizeThrows ............................................................   Passed    0.29 sec
          Start 1360: ThermodynamicPropertiesTest.SpeedOfSoundMatchesAnalyticalFormula
1020/2020 Test #1292: SpeciesBoundaryConditionTest.ZeroGradientGivesNoDiffusiveFluxThroughAnImpermeableWall ....................   Passed    0.29 sec
          Start  639: LinearPropertyTest.MatchesHandWorkedValuesAboveAndBelowReference
1021/2020 Test #1271: SpeciesPropertiesTest.RejectsNegativeDiffusivity .........................................................   Passed    0.29 sec
          Start 1353: IdealGasEOSTest.DDensityDTemperatureMatchesAnalyticalFormula
1022/2020 Test  #640: LinearPropertyTest.RejectsNonFiniteConstructorArguments ..................................................   Passed    0.29 sec
          Start 1270: SpeciesPropertiesTest.RejectsEmptyName
1023/2020 Test #1331: AlphaBoundsTest.ReportsMinAndMax .........................................................................   Passed    0.29 sec
          Start  644: TabulatedPropertyTest.InterpolatesWithinAnArbitraryBracket
1024/2020 Test  #643: TabulatedPropertyTest.MidpointInterpolationMatchesHandWorkedValue ........................................   Passed    0.29 sec
          Start 1299: SpeciesSolverTest.LinearSolveFailureWhenInnerSolverIsStarved
1025/2020 Test #1313: TwoPhaseSystemTest.MixtureViscosityAtCanonicalAlphaValues ................................................   Passed    0.29 sec
          Start  650: TabulatedPropertyTest.RejectsNonIncreasingTemperatures
1026/2020 Test #1385: CompressibleContinuityTest.MismatchedMassFluxSizeThrows ..................................................   Passed    0.29 sec
          Start  634: BoussinesqBuoyancyTest.MismatchedTemperatureSizeThrows
1027/2020 Test #1388: CompressibleMomentumTimeDerivativeTest.ConstantDensityMatchesIncompressibleFormula .......................   Passed    0.29 sec
          Start  656: EvaluatePropertyFieldTest.MismatchedTemperatureSizeThrows
1028/2020 Test  #769: BoussinesqCaseTest.RejectsBuoyancyWithoutThermal .........................................................   Passed    0.29 sec
          Start 1392: CompressibleMomentumComponentTest.MismatchedVelocitySizeThrows
1029/2020 Test #1311: TwoPhaseSystemTest.StoresBothPhases ......................................................................   Passed    0.29 sec
          Start 1276: SpeciesEquationDiffusionTest.ConstantConcentrationGivesZeroContributionEverywhere
1030/2020 Test #1290: SpeciesEquationAssemblyTest.RepeatedAssemblyIsDeterministic ..............................................   Passed    0.28 sec
          Start 1310: PhasePropertiesTest.TwoPhasesKeepIndependentIdentity
1031/2020 Test #1314: TwoPhaseSystemTest.DeterministicRepeatedEvaluation .......................................................   Passed    0.28 sec
          Start  653: EvaluatePropertyFieldTest.ConstantPropertyGivesAUniformField
1032/2020 Test  #661: MomentumVariableViscosityTest.StrongTemperatureContrastIncreasesLocalDiffusionAsymmetrically .............   Passed    0.28 sec
          Start 1301: SpeciesSolverTest.NonFiniteStateForNonFiniteInitialConcentration
1033/2020 Test #1360: ThermodynamicPropertiesTest.SpeedOfSoundMatchesAnalyticalFormula .........................................   Passed    0.28 sec
          Start  766: BoussinesqCaseTest.ParsesBuoyancyConfigWhenEnabled
1034/2020 Test  #639: LinearPropertyTest.MatchesHandWorkedValuesAboveAndBelowReference .........................................   Passed    0.27 sec
          Start 1287: SpeciesEquationAssemblyTest.MismatchedConcentrationSizeThrows
1035/2020 Test #1353: IdealGasEOSTest.DDensityDTemperatureMatchesAnalyticalFormula .............................................   Passed    0.27 sec
          Start 1363: MachNumberTest.MatchesSpeedOverSoundSpeed
1036/2020 Test #1270: SpeciesPropertiesTest.RejectsEmptyName ...................................................................   Passed    0.28 sec
          Start 1296: SpeciesSolverTest.InvalidConfigurationForMismatchedConcentrationSize
1037/2020 Test  #644: TabulatedPropertyTest.InterpolatesWithinAnArbitraryBracket ...............................................   Passed    0.28 sec
          Start  641: LinearPropertyTest.AcceptsZeroSlopeAsAnEquivalentOfConstant
1038/2020 Test #1299: SpeciesSolverTest.LinearSolveFailureWhenInnerSolverIsStarved .............................................   Passed    0.28 sec
          Start 1306: PhasePropertiesTest.RejectsEmptyName
1039/2020 Test  #650: TabulatedPropertyTest.RejectsNonIncreasingTemperatures ...................................................   Passed    0.28 sec
          Start  648: TabulatedPropertyTest.RejectsFewerThanTwoPoints
1040/2020 Test  #634: BoussinesqBuoyancyTest.MismatchedTemperatureSizeThrows ...................................................   Passed    0.28 sec
          Start 1934: SinglePhaseEquivalenceTest.EqualPhasePropertiesDecoupleMomentumFromAlpha
1041/2020 Test  #656: EvaluatePropertyFieldTest.MismatchedTemperatureSizeThrows ................................................   Passed    0.28 sec
          Start  654: EvaluatePropertyFieldTest.RejectsNonPositiveResultWhenRequired
1042/2020 Test #1392: CompressibleMomentumComponentTest.MismatchedVelocitySizeThrows ...........................................   Passed    0.28 sec
          Start 1289: SpeciesEquationAssemblyTest.NonFiniteConcentrationAtGradientBoundaryThrowsNumericalError
1043/2020 Test #1276: SpeciesEquationDiffusionTest.ConstantConcentrationGivesZeroContributionEverywhere ........................   Passed    0.28 sec
          Start 1297: SpeciesSolverTest.InvalidConfigurationForMismatchedMassFluxSize
1044/2020 Test #1310: PhasePropertiesTest.TwoPhasesKeepIndependentIdentity .....................................................   Passed    0.28 sec
          Start 1079: EnergyEquationVariablePropertiesTest.CombinerMismatchedFieldSizeThrows
1045/2020 Test  #653: EvaluatePropertyFieldTest.ConstantPropertyGivesAUniformField .............................................   Passed    0.28 sec
          Start  635: ConstantPropertyTest.ReturnsTheSameValueForAnyTemperature
1046/2020 Test #1301: SpeciesSolverTest.NonFiniteStateForNonFiniteInitialConcentration .........................................   Passed    0.28 sec
          Start 1076: EnergyEquationVariablePropertiesTest.RejectsNonFiniteOrNonPositiveSpecificHeatField
1047/2020 Test  #766: BoussinesqCaseTest.ParsesBuoyancyConfigWhenEnabled .......................................................   Passed    0.28 sec
          Start 1069: EnergyEquationVariablePropertiesTest.DiffusionInternalFaceMatchesHandDerivedValue
1048/2020 Test #1287: SpeciesEquationAssemblyTest.MismatchedConcentrationSizeThrows ............................................   Passed    0.28 sec
          Start  622: BoussinesqBuoyancyTest.RejectsNonFiniteTemperature
1049/2020 Test #1363: MachNumberTest.MatchesSpeedOverSoundSpeed ................................................................   Passed    0.28 sec
          Start 1293: ConcentrationBoundsTest.ReportsMinAndMax
1050/2020 Test #1296: SpeciesSolverTest.InvalidConfigurationForMismatchedConcentrationSize .....................................   Passed    0.28 sec
          Start  657: DensityPropertyDemonstrationTest.LinearDensityModelFeedsThermalDiffusivityPerCell
1051/2020 Test  #641: LinearPropertyTest.AcceptsZeroSlopeAsAnEquivalentOfConstant ..............................................   Passed    0.28 sec
          Start  773: BoussinesqCaseTest.RejectsMissingGravity
1052/2020 Test #1306: PhasePropertiesTest.RejectsEmptyName .....................................................................   Passed    0.28 sec
          Start 1288: SpeciesEquationAssemblyTest.MismatchedMassFluxSizeThrows
1053/2020 Test  #648: TabulatedPropertyTest.RejectsFewerThanTwoPoints ..........................................................   Passed    0.28 sec
          Start 1286: SpeciesEquationAssemblyTest.ProducesCorrectDimensions
1054/2020 Test #1934: SinglePhaseEquivalenceTest.EqualPhasePropertiesDecoupleMomentumFromAlpha .................................   Passed    0.27 sec
          Start 1281: SpeciesEquationConvectionTest.BoundaryInflowUsesBoundaryValueOnRhs
1055/2020 Test  #654: EvaluatePropertyFieldTest.RejectsNonPositiveResultWhenRequired ...........................................   Passed    0.27 sec
          Start    5: CFDAppCli_bad_boundary
1056/2020 Test #1289: SpeciesEquationAssemblyTest.NonFiniteConcentrationAtGradientBoundaryThrowsNumericalError .................   Passed    0.28 sec
          Start  632: BoussinesqBuoyancyTest.DoublingCellVolumeDoublesIntegratedSource
1057/2020 Test #1297: SpeciesSolverTest.InvalidConfigurationForMismatchedMassFluxSize ..........................................   Passed    0.28 sec
          Start  765: BoussinesqCaseTest.ThermalWithoutBuoyancyHasNoBuoyancyConfig
1058/2020 Test #1079: EnergyEquationVariablePropertiesTest.CombinerMismatchedFieldSizeThrows ...................................   Passed    0.28 sec
          Start 1075: EnergyEquationVariablePropertiesTest.ConvectionSwitchesToNeighborsSpecificHeatWhenItIsUpwind
1059/2020 Test  #635: ConstantPropertyTest.ReturnsTheSameValueForAnyTemperature ................................................   Passed    0.28 sec
          Start 1282: SpeciesEquationConvectionTest.ConstantConcentrationWithDivergenceFreeFluxGivesZeroNetContribution
1060/2020 Test #1076: EnergyEquationVariablePropertiesTest.RejectsNonFiniteOrNonPositiveSpecificHeatField ......................   Passed    0.29 sec
          Start  772: BoussinesqCaseTest.RejectsMissingReferenceTemperature
1061/2020 Test #1069: EnergyEquationVariablePropertiesTest.DiffusionInternalFaceMatchesHandDerivedValue ........................   Passed    0.30 sec
          Start  630: BoussinesqBuoyancyTest.HorizontalGravityProducesHorizontalSourceOnly
1062/2020 Test  #622: BoussinesqBuoyancyTest.RejectsNonFiniteTemperature .......................................................   Passed    0.30 sec
          Start  628: BoussinesqBuoyancyTest.ReversingGravityReversesTheHotCellDirection
1063/2020 Test #1293: ConcentrationBoundsTest.ReportsMinAndMax .................................................................   Passed    0.30 sec
          Start  365: BoundaryConditionSetTest.RejectsDuplicateAssignment
1064/2020 Test  #657: DensityPropertyDemonstrationTest.LinearDensityModelFeedsThermalDiffusivityPerCell ........................   Passed    0.30 sec
          Start 1571: SIMPLEBuoyancyTest.RejectsBuoyancyWithoutTemperature
1065/2020 Test  #773: BoussinesqCaseTest.RejectsMissingGravity .................................................................   Passed    0.31 sec
          Start  770: BoussinesqCaseTest.RejectsUnsupportedBuoyancyModel
1066/2020 Test #1288: SpeciesEquationAssemblyTest.MismatchedMassFluxSizeThrows .................................................   Passed    0.31 sec
          Start 1185: KEpsilonModelTest.ConvergenceResidualIsNulloptBeforeFirstCorrect
1067/2020 Test #1286: SpeciesEquationAssemblyTest.ProducesCorrectDimensions ....................................................   Passed    0.31 sec
          Start 1918: SpeciesConservationTest.ClosedZeroFluxDomainConservesSpeciesForAnyArbitraryField
1068/2020 Test #1281: SpeciesEquationConvectionTest.BoundaryInflowUsesBoundaryValueOnRhs .......................................   Passed    0.32 sec
          Start 1273: SpeciesPropertiesTest.TwoIndependentSpeciesKeepSeparateIdentityAndDiffusivity
1069/2020 Test  #632: BoussinesqBuoyancyTest.DoublingCellVolumeDoublesIntegratedSource .........................................   Passed    0.30 sec
          Start 1919: SpeciesConservationTest.ClosedZeroFluxDomainWithConvectionAlsoConservesForAnyField
1070/2020 Test #1075: EnergyEquationVariablePropertiesTest.ConvectionSwitchesToNeighborsSpecificHeatWhenItIsUpwind .............   Passed    0.28 sec
          Start  625: BoussinesqBuoyancyTest.ZeroGravityGivesZeroSourceForAnyTemperature
1071/2020 Test  #765: BoussinesqCaseTest.ThermalWithoutBuoyancyHasNoBuoyancyConfig .............................................   Passed    0.32 sec
          Start  651: TabulatedPropertyTest.RejectsNonFiniteEntries
1072/2020 Test #1282: SpeciesEquationConvectionTest.ConstantConcentrationWithDivergenceFreeFluxGivesZeroNetContribution ........   Passed    0.29 sec
          Start 1890: RestartIOTest.ReadRejectsMismatchedVelocityComponentArrayLengths
1073/2020 Test    #5: CFDAppCli_bad_boundary ...................................................................................   Passed    0.41 sec
          Start 1778: BoussinesqCouplingTest.EqualWallTemperaturesGiveZeroVelocity
1074/2020 Test  #772: BoussinesqCaseTest.RejectsMissingReferenceTemperature ....................................................   Passed    0.31 sec
          Start  307: SolverFailureTest.BiCGSTABFailsBeforeIteratingOnNanRhs
1075/2020 Test  #630: BoussinesqBuoyancyTest.HorizontalGravityProducesHorizontalSourceOnly .....................................   Passed    0.31 sec
          Start  645: TabulatedPropertyTest.ClampsBelowRangeToTheFirstValue
1076/2020 Test  #628: BoussinesqBuoyancyTest.ReversingGravityReversesTheHotCellDirection .......................................   Passed    0.31 sec
          Start  626: BoussinesqBuoyancyTest.HotCellWithDownwardGravityDrivesFluidUpward
1077/2020 Test  #365: BoundaryConditionSetTest.RejectsDuplicateAssignment ......................................................   Passed    0.30 sec
          Start  618: BoussinesqBuoyancyTest.RejectsNonPositiveReferenceDensity
1078/2020 Test #1571: SIMPLEBuoyancyTest.RejectsBuoyancyWithoutTemperature .....................................................   Passed    0.30 sec
          Start 1933: SinglePhaseEquivalenceTest.AlphaZeroReducesToPurePhase2MomentumAssemblyExactly
1079/2020 Test  #770: BoussinesqCaseTest.RejectsUnsupportedBuoyancyModel .......................................................   Passed    0.30 sec
          Start  623: BoussinesqBuoyancyTest.ReferenceTemperatureGivesZeroSource
1080/2020 Test #1185: KEpsilonModelTest.ConvergenceResidualIsNulloptBeforeFirstCorrect .........................................   Passed    0.30 sec
          Start  764: BoussinesqCaseTest.NoBuoyancyBlockHasNoBuoyancyConfig
1081/2020 Test #1918: SpeciesConservationTest.ClosedZeroFluxDomainConservesSpeciesForAnyArbitraryField .........................   Passed    0.29 sec
          Start  775: BoussinesqCaseTest.RejectsNonFiniteGravityComponent
1082/2020 Test #1273: SpeciesPropertiesTest.TwoIndependentSpeciesKeepSeparateIdentityAndDiffusivity ............................   Passed    0.28 sec
          Start  636: ConstantPropertyTest.RejectsNonFiniteReferenceValue
1083/2020 Test #1919: SpeciesConservationTest.ClosedZeroFluxDomainWithConvectionAlsoConservesForAnyField .......................   Passed    0.28 sec
          Start 1683: PisoTransientIntegrationTest.ShortenedFinalDtReachesEndTimeWithRealPiso
1084/2020 Test  #625: BoussinesqBuoyancyTest.ZeroGravityGivesZeroSourceForAnyTemperature .......................................   Passed    0.29 sec
          Start  631: BoussinesqBuoyancyTest.MomentumContributionScalesWithCellVolume
1085/2020 Test  #651: TabulatedPropertyTest.RejectsNonFiniteEntries ............................................................   Passed    0.29 sec
          Start  767: BoussinesqCaseTest.BuilderConstructsBoussinesqBuoyancyWithFluidDensity
1086/2020 Test #1890: RestartIOTest.ReadRejectsMismatchedVelocityComponentArrayLengths .........................................   Passed    0.29 sec
          Start  649: TabulatedPropertyTest.RejectsMismatchedLengths
1087/2020 Test #1778: BoussinesqCouplingTest.EqualWallTemperaturesGiveZeroVelocity .............................................   Passed    0.29 sec
          Start 1891: RestartResumeTest.ResumedTransientSolverContinuesFromSnapshotStateAndTime
1088/2020 Test  #307: SolverFailureTest.BiCGSTABFailsBeforeIteratingOnNanRhs ...................................................   Passed    0.30 sec
          Start 1649: SecondPressureCorrectionTest.FullFirstCorrectionGivesExactlyZeroSecondCorrection
1089/2020 Test  #645: TabulatedPropertyTest.ClampsBelowRangeToTheFirstValue ....................................................   Passed    0.30 sec
          Start  111: MeshFingerprintTest.RepeatedCallOnSameMeshIsDeterministic
1090/2020 Test  #626: BoussinesqBuoyancyTest.HotCellWithDownwardGravityDrivesFluidUpward .......................................   Passed    0.31 sec
          Start  981: TransientSolverTest.CatchesNonFiniteStateEvenWhenStepperClaimsConverged
1091/2020 Test  #618: BoussinesqBuoyancyTest.RejectsNonPositiveReferenceDensity ................................................   Passed    0.31 sec
          Start  642: TabulatedPropertyTest.RecoversExactTableNodes
1092/2020 Test #1933: SinglePhaseEquivalenceTest.AlphaZeroReducesToPurePhase2MomentumAssemblyExactly ...........................   Passed    0.31 sec
          Start 1071: EnergyEquationVariablePropertiesTest.RejectsNonFiniteOrNonPositiveConductivityField
1093/2020 Test  #623: BoussinesqBuoyancyTest.ReferenceTemperatureGivesZeroSource ...............................................   Passed    0.31 sec
          Start  274: LinearSystemTest.RejectsNonSquareMatrix
1094/2020 Test  #764: BoussinesqCaseTest.NoBuoyancyBlockHasNoBuoyancyConfig ....................................................   Passed    0.31 sec
          Start  683: CaseReaderTest.ManifestReferencingFileOutsideCaseDirectoryIsRejected
1095/2020 Test  #775: BoussinesqCaseTest.RejectsNonFiniteGravityComponent ......................................................   Passed    0.32 sec
          Start 1666: FinalCorrectionTest.RepeatedFullPipelineIsBitIdentical
1096/2020 Test  #636: ConstantPropertyTest.RejectsNonFiniteReferenceValue ......................................................   Passed    0.32 sec
          Start  270: SparseMatrixTest.RejectsNonFiniteValues
1097/2020 Test #1683: PisoTransientIntegrationTest.ShortenedFinalDtReachesEndTimeWithRealPiso ..................................   Passed    0.32 sec
          Start 1159: TurbulenceProductionTest.HandDerivedShearProductionMatchesExactly
1098/2020 Test  #631: BoussinesqBuoyancyTest.MomentumContributionScalesWithCellVolume ..........................................   Passed    0.32 sec
          Start   20: CoreConstants.PiIsCorrect
1099/2020 Test  #767: BoussinesqCaseTest.BuilderConstructsBoussinesqBuoyancyWithFluidDensity ...................................   Passed    0.33 sec
          Start  637: ConstantPropertyTest.RejectsNonFiniteTemperatureQuery
1100/2020 Test  #649: TabulatedPropertyTest.RejectsMismatchedLengths ...........................................................   Passed    0.33 sec
          Start  368: BoundaryConditionSetTest.GetThrowsForUnassignedPatch
1101/2020 Test #1891: RestartResumeTest.ResumedTransientSolverContinuesFromSnapshotStateAndTime ................................   Passed    0.35 sec
          Start 1517: MomentumPredictorRelaxationTest.RejectsMismatchedRhsSize
1102/2020 Test #1649: SecondPressureCorrectionTest.FullFirstCorrectionGivesExactlyZeroSecondCorrection .........................   Passed    0.35 sec
          Start 1086: ThermalSolverTest.InvalidConfigurationForInvalidLinearSolverSettings
1103/2020 Test  #111: MeshFingerprintTest.RepeatedCallOnSameMeshIsDeterministic ................................................   Passed    0.35 sec
          Start  658: MomentumVariableViscosityTest.ConstantPropertyReproducesScalarOverloadExactly
1104/2020 Test  #981: TransientSolverTest.CatchesNonFiniteStateEvenWhenStepperClaimsConverged ..................................   Passed    0.35 sec
          Start 1073: EnergyEquationVariablePropertiesTest.ConvectionUniformFieldMatchesScalarOverloadExactly
1105/2020 Test  #642: TabulatedPropertyTest.RecoversExactTableNodes ............................................................   Passed    0.34 sec
          Start  660: MomentumVariableViscosityTest.TabulatedMuGivesTheExpectedFaceValue
1106/2020 Test #1071: EnergyEquationVariablePropertiesTest.RejectsNonFiniteOrNonPositiveConductivityField ......................   Passed    0.34 sec
          Start 1156: LaminarModelTest.EffectiveViscosityRejectsInvalidMolecularViscosity
1107/2020 Test  #274: LinearSystemTest.RejectsNonSquareMatrix ..................................................................   Passed    0.34 sec
          Start 1068: EnergyEquationVariablePropertiesTest.DiffusionUniformFieldMatchesScalarOverloadExactly
1108/2020 Test  #683: CaseReaderTest.ManifestReferencingFileOutsideCaseDirectoryIsRejected .....................................   Passed    0.34 sec
          Start  629: BoussinesqBuoyancyTest.SourceIsLinearInTemperatureDeviation
1109/2020 Test #1666: FinalCorrectionTest.RepeatedFullPipelineIsBitIdentical ...................................................   Passed    0.34 sec
          Start 1780: BoussinesqCouplingTest.ZeroBetaRecoversNonBuoyantAtRestSolution
1110/2020 Test  #270: SparseMatrixTest.RejectsNonFiniteValues ..................................................................   Passed    0.33 sec
          Start  619: BoussinesqBuoyancyTest.RejectsNegativeBeta
1111/2020 Test #1159: TurbulenceProductionTest.HandDerivedShearProductionMatchesExactly ........................................   Passed    0.33 sec
          Start  962: TimeControllerTest.StartingStepAtOrAboveMaxStepsIsImmediatelyFinished
1112/2020 Test   #20: CoreConstants.PiIsCorrect ................................................................................   Passed    0.32 sec
          Start 1635: TransientPressureCorrectionTest.ResponseCoefficientReflectsTransientDiagonalExactly
1113/2020 Test  #637: ConstantPropertyTest.RejectsNonFiniteTemperatureQuery ....................................................   Passed    0.32 sec
          Start 1182: KEpsilonModelTest.TurbulentViscosityVanishesAsKVanishes
1114/2020 Test  #368: BoundaryConditionSetTest.GetThrowsForUnassignedPatch .....................................................   Passed    0.29 sec
          Start  295: BiCGSTABTest.ExactInitialGuessConvergesAtIterationZero
1115/2020 Test #1517: MomentumPredictorRelaxationTest.RejectsMismatchedRhsSize .................................................   Passed    0.29 sec
          Start 1142: ValidateTurbulentViscosityFieldTest.RejectsNonFiniteEntry
1116/2020 Test #1086: ThermalSolverTest.InvalidConfigurationForInvalidLinearSolverSettings .....................................   Passed    0.28 sec
          Start 1570: SIMPLEBuoyancyTest.RejectsTemperatureWithoutBuoyancy
1117/2020 Test  #658: MomentumVariableViscosityTest.ConstantPropertyReproducesScalarOverloadExactly ............................   Passed    0.28 sec
          Start  252: AlgebraVector.DotProduct
1118/2020 Test #1073: EnergyEquationVariablePropertiesTest.ConvectionUniformFieldMatchesScalarOverloadExactly ..................   Passed    0.28 sec
          Start  627: BoussinesqBuoyancyTest.ColdCellWithDownwardGravityDrivesFluidDownward
1119/2020 Test  #660: MomentumVariableViscosityTest.TabulatedMuGivesTheExpectedFaceValue .......................................   Passed    0.28 sec
          Start  633: BoussinesqBuoyancyTest.UniformReferenceTemperatureGivesZeroMomentumContribution
1120/2020 Test #1156: LaminarModelTest.EffectiveViscosityRejectsInvalidMolecularViscosity ......................................   Passed    0.28 sec
          Start  620: BoussinesqBuoyancyTest.AcceptsZeroBeta
1121/2020 Test #1068: EnergyEquationVariablePropertiesTest.DiffusionUniformFieldMatchesScalarOverloadExactly ...................   Passed    0.28 sec
          Start 1648: SecondPressureCorrectionTest.PartialFirstCorrectionGivesHandDerivedNonzeroSecondCorrection
1122/2020 Test  #629: BoussinesqBuoyancyTest.SourceIsLinearInTemperatureDeviation ..............................................   Passed    0.28 sec
          Start  278: JacobiTest.RejectsZeroDiagonal
1123/2020 Test #1780: BoussinesqCouplingTest.ZeroBetaRecoversNonBuoyantAtRestSolution ..........................................   Passed    0.28 sec
          Start  652: EvaluatePropertyFieldTest.EvaluatesEveryCellFromItsOwnTemperature
1124/2020 Test  #619: BoussinesqBuoyancyTest.RejectsNegativeBeta ...............................................................   Passed    0.28 sec
          Start  617: BoussinesqBuoyancyTest.ConstructsWithValidParameters
1125/2020 Test  #962: TimeControllerTest.StartingStepAtOrAboveMaxStepsIsImmediatelyFinished ....................................   Passed    0.28 sec
          Start   33: CoreTimer.ElapsedTimeIsNonNegative
1126/2020 Test #1635: TransientPressureCorrectionTest.ResponseCoefficientReflectsTransientDiagonalExactly ......................   Passed    0.28 sec
          Start 1572: SIMPLEBuoyancyTest.RejectsMismatchedTemperatureSize
1127/2020 Test #1182: KEpsilonModelTest.TurbulentViscosityVanishesAsKVanishes ..................................................   Passed    0.28 sec
          Start  771: BoussinesqCaseTest.RejectsNegativeBeta
1128/2020 Test  #295: BiCGSTABTest.ExactInitialGuessConvergesAtIterationZero ...................................................   Passed    0.29 sec
          Start  768: BoussinesqCaseTest.AcceptsZeroBeta
1129/2020 Test #1142: ValidateTurbulentViscosityFieldTest.RejectsNonFiniteEntry ................................................   Passed    0.28 sec
          Start 1170: KEpsilonEquationTest.PureDiffusionConstantFieldGivesZeroResidual
1130/2020 Test #1570: SIMPLEBuoyancyTest.RejectsTemperatureWithoutBuoyancy .....................................................   Passed    0.29 sec
          Start 1637: TransientPressureCorrectionTest.TwoCellProbeWithTransientDiagonalMatchesHandDerivation
1131/2020 Test  #252: AlgebraVector.DotProduct .................................................................................   Passed    0.29 sec
          Start  834: CSVWriterTest.WriteFieldsNonFiniteValueThrows
1132/2020 Test  #627: BoussinesqBuoyancyTest.ColdCellWithDownwardGravityDrivesFluidDownward ....................................   Passed    0.29 sec
          Start    4: CFDAppCli_bad_physics
1133/2020 Test  #633: BoussinesqBuoyancyTest.UniformReferenceTemperatureGivesZeroMomentumContribution ..........................   Passed    0.30 sec
          Start 1636: TransientPressureCorrectionTest.SmallerDeltaTGivesSmallerResponseCoefficientEverywhere
1134/2020 Test  #620: BoussinesqBuoyancyTest.AcceptsZeroBeta ...................................................................   Passed    0.30 sec
          Start  667: CaseReaderTest.ValidCaseParsesIntoExpectedConfiguration
1135/2020 Test #1648: SecondPressureCorrectionTest.PartialFirstCorrectionGivesHandDerivedNonzeroSecondCorrection ...............   Passed    0.31 sec
          Start 1522: PressureCorrectionTest.BoundaryFacesGetZeroCoefficient
1136/2020 Test  #278: JacobiTest.RejectsZeroDiagonal ...........................................................................   Passed    0.31 sec
          Start  378: HeatFluxTest.ConductivityScalesTheGradientInversely
1137/2020 Test  #652: EvaluatePropertyFieldTest.EvaluatesEveryCellFromItsOwnTemperature ........................................   Passed    0.32 sec
          Start  259: SparseMatrixTest.MatrixVectorMultiplicationKnownResult
1138/2020 Test  #617: BoussinesqBuoyancyTest.ConstructsWithValidParameters .....................................................   Passed    0.32 sec
          Start 1519: PressureCorrectionTest.ReferenceRowIsExactIdentity
1139/2020 Test   #33: CoreTimer.ElapsedTimeIsNonNegative .......................................................................   Passed    0.32 sec
          Start   67: MeshGeometry.OwnerNeighborDistanceMatchesCartesianSpacing
1140/2020 Test #1572: SIMPLEBuoyancyTest.RejectsMismatchedTemperatureSize ......................................................   Passed    0.32 sec
          Start 1257: TurbulenceModelFactoryTest.LaminarNameCreatesLaminarModelViaKEpsilonOverload
1141/2020 Test  #771: BoussinesqCaseTest.RejectsNegativeBeta ...................................................................   Passed    0.32 sec
          Start 1260: TurbulenceModelFactoryTest.LaminarNameCreatesLaminarModelViaKOmegaOverload
1142/2020 Test  #768: BoussinesqCaseTest.AcceptsZeroBeta .......................................................................   Passed    0.32 sec
          Start 1533: FluxCorrectionTest.InternalFaceCorrectionMatchesDCoefficientTimesPressureDifference
1143/2020 Test #1170: KEpsilonEquationTest.PureDiffusionConstantFieldGivesZeroResidual .........................................   Passed    0.32 sec
          Start  349: FixedGradientTest.RejectsInvalidDistance
1144/2020 Test #1637: TransientPressureCorrectionTest.TwoCellProbeWithTransientDiagonalMatchesHandDerivation ...................   Passed    0.32 sec
          Start  685: CaseReaderTest.UnsupportedFormatVersionThrowsCaseConfigurationError
1145/2020 Test  #834: CSVWriterTest.WriteFieldsNonFiniteValueThrows ............................................................   Passed    0.32 sec
          Start  870: VTKWriterTest.ZCoordinateIsAlwaysZeroFor2DMesh
1146/2020 Test    #4: CFDAppCli_bad_physics ....................................................................................   Passed    0.31 sec
          Start  621: BoussinesqBuoyancyTest.RejectsNonFiniteInputs
1147/2020 Test #1636: TransientPressureCorrectionTest.SmallerDeltaTGivesSmallerResponseCoefficientEverywhere ...................   Passed    0.31 sec
          Start  705: CaseValidationTest.UnknownBoundaryPatchIsRejected
1148/2020 Test  #667: CaseReaderTest.ValidCaseParsesIntoExpectedConfiguration ..................................................   Passed    0.31 sec
          Start 1140: ValidateTurbulentViscosityFieldTest.RejectsMismatchedSize
1149/2020 Test #1522: PressureCorrectionTest.BoundaryFacesGetZeroCoefficient ...................................................   Passed    0.31 sec
          Start  977: TransientSolverTest.FailedStepIsNotAcceptedAndStopsTheRun
1150/2020 Test  #378: HeatFluxTest.ConductivityScalesTheGradientInversely ......................................................   Passed    0.30 sec
          Start 1226: SSTEquationTest.CrossDiffusionSourceIsFullWeightAtF1EqualsZero
1151/2020 Test  #259: SparseMatrixTest.MatrixVectorMultiplicationKnownResult ...................................................   Passed    0.30 sec
          Start 1878: RestartIOTest.RepeatedWriteIsByteIdentical
1152/2020 Test #1519: PressureCorrectionTest.ReferenceRowIsExactIdentity .......................................................   Passed    0.30 sec
          Start  246: AlgebraVector.ConstructionAndInitialization
1153/2020 Test   #67: MeshGeometry.OwnerNeighborDistanceMatchesCartesianSpacing ................................................   Passed    0.30 sec
          Start  396: WallOmegaTest.RejectsInvalidBeta1
1154/2020 Test #1257: TurbulenceModelFactoryTest.LaminarNameCreatesLaminarModelViaKEpsilonOverload .............................   Passed    0.30 sec
          Start 1529: VelocityCorrectionTest.DifferentUAndVResponseCoefficientsApplyToTheirOwnComponent
1155/2020 Test #1260: TurbulenceModelFactoryTest.LaminarNameCreatesLaminarModelViaKOmegaOverload ...............................   Passed    0.31 sec
          Start  277: JacobiTest.RejectsMissingDiagonal
1156/2020 Test #1533: FluxCorrectionTest.InternalFaceCorrectionMatchesDCoefficientTimesPressureDifference ......................   Passed    0.30 sec
          Start  290: CGTest.MaxIterationsReportsFailureNotSuccess
1157/2020 Test  #349: FixedGradientTest.RejectsInvalidDistance .................................................................   Passed    0.29 sec
          Start 1051: EnergyEquationConvectionTest.BoundaryInflowUsesBoundaryValueOnRhs
1158/2020 Test  #685: CaseReaderTest.UnsupportedFormatVersionThrowsCaseConfigurationError ......................................   Passed    0.29 sec
          Start  249: AlgebraVector.ScalarMultiplicationBothOrders
1159/2020 Test  #870: VTKWriterTest.ZCoordinateIsAlwaysZeroFor2DMesh ...........................................................   Passed    0.29 sec
          Start  255: AlgebraVector.AllFiniteDetection
1160/2020 Test  #621: BoussinesqBuoyancyTest.RejectsNonFiniteInputs ............................................................   Passed    0.28 sec
          Start  993: RestartSnapshotTest.DifferentMeshWithSameCellAndFaceCountIsRejectedByFingerprint
1161/2020 Test  #705: CaseValidationTest.UnknownBoundaryPatchIsRejected ........................................................   Passed    0.29 sec
          Start 1537: SIMPLEContinuityTest.ReducedClosedProbeContinuityImprovesAcrossIterations
1162/2020 Test #1140: ValidateTurbulentViscosityFieldTest.RejectsMismatchedSize ................................................   Passed    0.28 sec
          Start  215: Field.CopyIsIndependent
1163/2020 Test  #977: TransientSolverTest.FailedStepIsNotAcceptedAndStopsTheRun ................................................   Passed    0.28 sec
          Start  995: RestartSnapshotTest.NonFinitePressureIsRejected
1164/2020 Test #1226: SSTEquationTest.CrossDiffusionSourceIsFullWeightAtF1EqualsZero ...........................................   Passed    0.28 sec
          Start  109: MeshFingerprintTest.IsNonEmpty
1165/2020 Test #1878: RestartIOTest.RepeatedWriteIsByteIdentical ...............................................................   Passed    0.29 sec
          Start 1102: ThermalRegionMapTest.RegionForCellOutOfRangeThrows
1166/2020 Test  #246: AlgebraVector.ConstructionAndInitialization ..............................................................   Passed    0.29 sec
          Start  444: DiffusionTest.ZeroFluxBoundaryConservesGlobally
1167/2020 Test  #396: WallOmegaTest.RejectsInvalidBeta1 ........................................................................   Passed    0.29 sec
          Start  987: RestartSnapshotTest.TimeStepAndDeltaTCopiedExactly
1168/2020 Test #1529: VelocityCorrectionTest.DifferentUAndVResponseCoefficientsApplyToTheirOwnComponent ........................   Passed    0.29 sec
          Start  624: BoussinesqBuoyancyTest.ZeroBetaGivesZeroSourceForAnyTemperature
1169/2020 Test  #277: JacobiTest.RejectsMissingDiagonal ........................................................................   Passed    0.30 sec
          Start  986: RestartSnapshotTest.VelocityPressureFluxCopiedExactly
1170/2020 Test  #290: CGTest.MaxIterationsReportsFailureNotSuccess .............................................................   Passed    0.30 sec
          Start 1204: KOmegaModelTest.CorrectProducesPositiveFiniteFieldsForARealFlow
1171/2020 Test #1051: EnergyEquationConvectionTest.BoundaryInflowUsesBoundaryValueOnRhs ........................................   Passed    0.30 sec
          Start  684: CaseReaderTest.ManifestCanReferenceAlternativeFilenames
1172/2020 Test  #249: AlgebraVector.ScalarMultiplicationBothOrders .............................................................   Passed    0.31 sec
          Start  971: CFLTest.RejectsNonFiniteDt
1173/2020 Test  #255: AlgebraVector.AllFiniteDetection .........................................................................   Passed    0.31 sec
          Start   74: MeshQuality.UniformSquareGridIsValidWithUnitAspectRatio
1174/2020 Test  #993: RestartSnapshotTest.DifferentMeshWithSameCellAndFaceCountIsRejectedByFingerprint .........................   Passed    0.31 sec
          Start  706: CaseValidationTest.MissingBoundaryPatchIsRejected
1175/2020 Test #1537: SIMPLEContinuityTest.ReducedClosedProbeContinuityImprovesAcrossIterations ................................   Passed    0.31 sec
          Start 1641: CorrectionApplicationTest.TwoCellProbeCorrectionMatchesHandDerivation
1176/2020 Test  #215: Field.CopyIsIndependent ..................................................................................   Passed    0.32 sec
          Start 1171: KEpsilonEquationTest.PureSourceOnlyAddsExactlyToRhsAndDiagonal
1177/2020 Test  #995: RestartSnapshotTest.NonFinitePressureIsRejected ..........................................................   Passed    0.32 sec
          Start  233: SurfaceFieldTest.SizedConstructionAndFill
1178/2020 Test  #109: MeshFingerprintTest.IsNonEmpty ...........................................................................   Passed    0.32 sec
          Start 1157: LaminarModelTest.PolymorphicUseThroughBaseInterfaceWorks
1179/2020 Test #1102: ThermalRegionMapTest.RegionForCellOutOfRangeThrows .......................................................   Passed    0.31 sec
          Start 1927: AlphaAdvectionValidation.SlugTranslatesDownstreamWithApproximatelyCorrectDisplacement
1180/2020 Test  #444: DiffusionTest.ZeroFluxBoundaryConservesGlobally ..........................................................   Passed    0.31 sec
          Start 1561: SIMPLESSTTest.WallDistanceFieldIsSane
1181/2020 Test  #987: RestartSnapshotTest.TimeStepAndDeltaTCopiedExactly .......................................................   Passed    0.31 sec
          Start   28: LoggerTest.DefaultableLevelRoundTrips
1182/2020 Test  #624: BoussinesqBuoyancyTest.ZeroBetaGivesZeroSourceForAnyTemperature ..........................................   Passed    0.31 sec
          Start 1253: SSTModelTest.EffectiveViscosityEqualsMolecularPlusTurbulent
1183/2020 Test  #986: RestartSnapshotTest.VelocityPressureFluxCopiedExactly ....................................................   Passed    0.30 sec
          Start 1081: ThermalSolverTest.ConvergesAndMatchesAnalytical1DConductionProfile
1184/2020 Test #1204: KOmegaModelTest.CorrectProducesPositiveFiniteFieldsForARealFlow ..........................................   Passed    0.30 sec
          Start 1239: SSTEquationTest.ProductionLimiterLimitedBranch
1185/2020 Test  #684: CaseReaderTest.ManifestCanReferenceAlternativeFilenames ..................................................   Passed    0.30 sec
          Start 1037: ThermalPropertiesTest.RejectsZeroSpecificHeat
1186/2020 Test  #971: CFLTest.RejectsNonFiniteDt ...............................................................................   Passed    0.29 sec
          Start 1246: SSTModelTest.RejectsInvalidInitialK
1187/2020 Test   #74: MeshQuality.UniformSquareGridIsValidWithUnitAspectRatio ..................................................   Passed    0.29 sec
          Start  829: CSVWriterTest.WriteFieldsRowCountAndCellOrderMatchMesh
1188/2020 Test  #706: CaseValidationTest.MissingBoundaryPatchIsRejected ........................................................   Passed    0.29 sec
          Start  393: WallOmegaTest.ExposesKinematicViscosityAndBeta1
1189/2020 Test #1641: CorrectionApplicationTest.TwoCellProbeCorrectionMatchesHandDerivation ....................................   Passed    0.28 sec
          Start   22: CoreConstants.ToleranceOrdering
1190/2020 Test #1171: KEpsilonEquationTest.PureSourceOnlyAddsExactlyToRhsAndDiagonal ...........................................   Passed    0.29 sec
          Start  677: CaseReaderTest.ExplicitInitialConditionsAreParsed
1191/2020 Test  #233: SurfaceFieldTest.SizedConstructionAndFill ................................................................   Passed    0.28 sec
          Start 1689: PISOTurbulenceTest.DefaultTurbulenceModelMatchesExplicitLaminarModel
1192/2020 Test #1157: LaminarModelTest.PolymorphicUseThroughBaseInterfaceWorks .................................................   Passed    0.29 sec
          Start 1623: TransientMomentumTermTest.DiagonalGetsTimeCoefficientAddedExactly
1193/2020 Test #1927: AlphaAdvectionValidation.SlugTranslatesDownstreamWithApproximatelyCorrectDisplacement ....................   Passed    0.28 sec
          Start  703: CaseValidationTest.UnsupportedPhysicsModelIsRejected
1194/2020 Test #1561: SIMPLESSTTest.WallDistanceFieldIsSane ....................................................................   Passed    0.29 sec
          Start  530: VectorGradientTest.LinearShearFieldIsExactEverywhere
1195/2020 Test   #28: LoggerTest.DefaultableLevelRoundTrips ....................................................................   Passed    0.29 sec
          Start  749: TurbulenceCaseTest.SSTInletPatchGetsFixedKAndOmegaFromCaseConfig
1196/2020 Test #1253: SSTModelTest.EffectiveViscosityEqualsMolecularPlusTurbulent ..............................................   Passed    0.29 sec
          Start 1211: WallDistanceTest.EveryCellDistanceIsFiniteAndPositive
1197/2020 Test #1081: ThermalSolverTest.ConvergesAndMatchesAnalytical1DConductionProfile .......................................   Passed    0.29 sec
          Start   82: MeshQuality.DetectsOutOfRangeOwner
1198/2020 Test #1239: SSTEquationTest.ProductionLimiterLimitedBranch ...........................................................   Passed    0.29 sec
          Start 1224: SSTEquationTest.CrossDiffusionCoefficientClampsNegativeDotProduct
1199/2020 Test #1037: ThermalPropertiesTest.RejectsZeroSpecificHeat ............................................................   Passed    0.29 sec
          Start  843: CSVWriterTest.MismatchedTemperatureSizeThrows
1200/2020 Test #1246: SSTModelTest.RejectsInvalidInitialK ......................................................................   Passed    0.29 sec
          Start  443: DiffusionTest.QuadraticFieldWithGammaTwo
1201/2020 Test  #829: CSVWriterTest.WriteFieldsRowCountAndCellOrderMatchMesh ...................................................   Passed    0.29 sec
          Start  836: CSVWriterTest.WriteResidualsHeaderAndRowCount
1202/2020 Test  #393: WallOmegaTest.ExposesKinematicViscosityAndBeta1 ..........................................................   Passed    0.29 sec
          Start  850: JSONWriterTest.RequiredKeysExist
1203/2020 Test   #22: CoreConstants.ToleranceOrdering ..........................................................................   Passed    0.29 sec
          Start 1508: SIMPLESettingsTest.RejectsNegativePressureTolerance
1204/2020 Test  #677: CaseReaderTest.ExplicitInitialConditionsAreParsed ........................................................   Passed    0.29 sec
          Start  740: TurbulenceCaseTest.ParsesKEpsilonConfigWhenEnabled
1205/2020 Test #1689: PISOTurbulenceTest.DefaultTurbulenceModelMatchesExplicitLaminarModel .....................................   Passed    0.29 sec
          Start  840: CSVWriterTest.RepeatedWriteFieldsIsByteIdentical
1206/2020 Test #1623: TransientMomentumTermTest.DiagonalGetsTimeCoefficientAddedExactly ........................................   Passed    0.29 sec
          Start 1049: EnergyEquationConvectionTest.PositiveInternalFluxSelectsOwnerNegativeSelectsNeighbor
1207/2020 Test  #703: CaseValidationTest.UnsupportedPhysicsModelIsRejected .....................................................   Passed    0.29 sec
          Start 1057: EnergyEquationSourceTest.RejectsNonFiniteHeatSource
1208/2020 Test  #530: VectorGradientTest.LinearShearFieldIsExactEverywhere .....................................................   Passed    0.29 sec
          Start  602: MomentumConvectionTest.ConstantFieldGivesZeroNetContribution
1209/2020 Test  #749: TurbulenceCaseTest.SSTInletPatchGetsFixedKAndOmegaFromCaseConfig .........................................   Passed    0.29 sec
          Start  212: Field.IterationVisitsEveryElement
1210/2020 Test #1211: WallDistanceTest.EveryCellDistanceIsFiniteAndPositive ....................................................   Passed    0.29 sec
          Start 1504: SIMPLESettingsTest.RejectsVelocityRelaxationAboveOne
1211/2020 Test   #82: MeshQuality.DetectsOutOfRangeOwner .......................................................................   Passed    0.29 sec
          Start  467: ConvectionTest.ConstantFieldGivesZeroConvection
1212/2020 Test #1224: SSTEquationTest.CrossDiffusionCoefficientClampsNegativeDotProduct ........................................   Passed    0.29 sec
          Start  949: TimeControllerTest.SingleStepCaseReachesEndExactly
1213/2020 Test  #843: CSVWriterTest.MismatchedTemperatureSizeThrows ............................................................   Passed    0.29 sec
          Start  852: JSONWriterTest.SolverStatusAndIterationsAreCorrect
1214/2020 Test  #443: DiffusionTest.QuadraticFieldWithGammaTwo .................................................................   Passed    0.29 sec
          Start 1228: SSTEquationTest.CrossDiffusionSourceCanBeNegative
1215/2020 Test  #836: CSVWriterTest.WriteResidualsHeaderAndRowCount ............................................................   Passed    0.30 sec
          Start 1067: EnergyEquationThermalBCIntegrationTest.HeatFluxAndAdiabaticBoundariesMatchHandDerivedRhs
1216/2020 Test  #850: JSONWriterTest.RequiredKeysExist .........................................................................   Passed    0.30 sec
          Start 1628: TransientMomentumAssemblyTest.DiagonalIncludesExactTransientCoefficient
1217/2020 Test #1508: SIMPLESettingsTest.RejectsNegativePressureTolerance ......................................................   Passed    0.30 sec
          Start 1217: SSTEquationTest.AlphaRejectsInvalidBetaStar
1218/2020 Test  #740: TurbulenceCaseTest.ParsesKEpsilonConfigWhenEnabled .......................................................   Passed    0.30 sec
          Start  391: WallOmegaTest.IgnoresOwnerValue
1219/2020 Test  #840: CSVWriterTest.RepeatedWriteFieldsIsByteIdentical .........................................................   Passed    0.30 sec
          Start  856: JSONWriterTest.FormatVersionIsOne
1220/2020 Test #1049: EnergyEquationConvectionTest.PositiveInternalFluxSelectsOwnerNegativeSelectsNeighbor .....................   Passed    0.30 sec
          Start  573: FluidPropertiesTest.RejectsNegativeViscosity
1221/2020 Test #1057: EnergyEquationSourceTest.RejectsNonFiniteHeatSource ......................................................   Passed    0.30 sec
          Start  359: OutletTest.ScalarZeroGradientOutletIsFixedGradientZero
1222/2020 Test  #602: MomentumConvectionTest.ConstantFieldGivesZeroNetContribution .............................................   Passed    0.30 sec
          Start  686: CaseReaderTest.UnknownTopLevelFieldInManifestIsRejected
1223/2020 Test  #212: Field.IterationVisitsEveryElement ........................................................................   Passed    0.30 sec
          Start  256: SparseMatrixTest.BuilderProducesExpectedCsr
1224/2020 Test #1504: SIMPLESettingsTest.RejectsVelocityRelaxationAboveOne .....................................................   Passed    0.31 sec
          Start  704: CaseValidationTest.UnknownPhysicsFieldIsRejected
1225/2020 Test  #467: ConvectionTest.ConstantFieldGivesZeroConvection ..........................................................   Passed    0.31 sec
          Start  762: TurbulenceCaseTest.RejectsUnknownKey
1226/2020 Test  #949: TimeControllerTest.SingleStepCaseReachesEndExactly .......................................................   Passed    0.31 sec
          Start  253: AlgebraVector.Norms
1227/2020 Test #1228: SSTEquationTest.CrossDiffusionSourceCanBeNegative ........................................................   Passed    0.29 sec
          Start  408: GradientTest.PhiYGivesGradientZeroOne
1228/2020 Test  #852: JSONWriterTest.SolverStatusAndIterationsAreCorrect .......................................................   Passed    0.33 sec
          Start  348: FixedGradientTest.RejectsNonFiniteGradient
1229/2020 Test #1067: EnergyEquationThermalBCIntegrationTest.HeatFluxAndAdiabaticBoundariesMatchHandDerivedRhs .................   Passed    0.31 sec
          Start 1212: WallDistanceTest.RejectsNoWallPatches
1230/2020 Test #1628: TransientMomentumAssemblyTest.DiagonalIncludesExactTransientCoefficient ..................................   Passed    0.31 sec
          Start  216: ScalarFieldTest.ConstructionAndInitialization
1231/2020 Test #1217: SSTEquationTest.AlphaRejectsInvalidBetaStar ..............................................................   Passed    0.30 sec
          Start 1237: SSTEquationTest.TurbulentViscosityRejectsInvalidInputs
1232/2020 Test  #391: WallOmegaTest.IgnoresOwnerValue ..........................................................................   Passed    0.30 sec
          Start 1056: EnergyEquationSourceTest.AccumulatesOnExistingRhs
1233/2020 Test  #856: JSONWriterTest.FormatVersionIsOne ........................................................................   Passed    0.30 sec
          Start 1245: SSTModelTest.ConstructionIsDeterministicAcrossInstances
1234/2020 Test  #573: FluidPropertiesTest.RejectsNegativeViscosity .............................................................   Passed    0.30 sec
          Start  214: Field.FillOverwritesAllElements
1235/2020 Test  #359: OutletTest.ScalarZeroGradientOutletIsFixedGradientZero ...................................................   Passed    0.30 sec
          Start 1249: SSTModelTest.RejectsNoWallPatches
1236/2020 Test  #686: CaseReaderTest.UnknownTopLevelFieldInManifestIsRejected ..................................................   Passed    0.29 sec
          Start  357: InletTest.RejectsNonFiniteVelocity
1237/2020 Test  #256: SparseMatrixTest.BuilderProducesExpectedCsr ..............................................................   Passed    0.29 sec
          Start 1676: PisoTest.ReferenceCellOutOfRangeReturnsInvalidConfiguration
1238/2020 Test  #704: CaseValidationTest.UnknownPhysicsFieldIsRejected .........................................................   Passed    0.29 sec
          Start 1184: KEpsilonModelTest.CorrectProducesPositiveFiniteFieldsForARealFlow
1239/2020 Test  #253: AlgebraVector.Norms ......................................................................................   Passed    0.27 sec
          Start 1041: ThermalPropertiesTest.ThermalDiffusivityRejectsZeroDensity
1240/2020 Test  #762: TurbulenceCaseTest.RejectsUnknownKey .....................................................................   Passed    0.31 sec
          Start  731: ThermalCaseTest.RejectsUnknownThermalKey
1241/2020 Test  #408: GradientTest.PhiYGivesGradientZeroOne ....................................................................   Passed    0.29 sec
          Start 1084: ThermalSolverTest.MaxIterationsWhenOuterBudgetTooSmall
1242/2020 Test  #348: FixedGradientTest.RejectsNonFiniteGradient ...............................................................   Passed    0.28 sec
          Start  700: CaseValidationTest.StringNxIsRejected
1243/2020 Test #1212: WallDistanceTest.RejectsNoWallPatches ....................................................................   Passed    0.28 sec
          Start 1220: SSTEquationTest.BlendAtQuarterWeightingMatchesHandDerivedValue
1244/2020 Test  #216: ScalarFieldTest.ConstructionAndInitialization ............................................................   Passed    0.28 sec
          Start  998: RestartSnapshotTest.NegativeTimeIsNotRejected
1245/2020 Test #1237: SSTEquationTest.TurbulentViscosityRejectsInvalidInputs ...................................................   Passed    0.28 sec
          Start  354: MovingWallTest.RejectsNonFiniteVelocity
1246/2020 Test #1056: EnergyEquationSourceTest.AccumulatesOnExistingRhs ........................................................   Passed    0.28 sec
          Start  495: GridRefinementTest.LaplacianOfSmoothFieldConvergesAtSecondOrder
1247/2020 Test #1245: SSTModelTest.ConstructionIsDeterministicAcrossInstances ..................................................   Passed    0.29 sec
          Start 1252: SSTModelTest.ConvergenceResidualIsNulloptBeforeFirstCorrect
1248/2020 Test  #214: Field.FillOverwritesAllElements ..........................................................................   Passed    0.29 sec
          Start  597: MomentumDiffusionTest.MismatchedEffectiveViscosityFieldSizeThrows
1249/2020 Test #1249: SSTModelTest.RejectsNoWallPatches ........................................................................   Passed    0.29 sec
          Start 1097: ThermalRegionMapTest.ConstructsAndReportsCellRegions
1250/2020 Test  #357: InletTest.RejectsNonFiniteVelocity .......................................................................   Passed    0.29 sec
          Start  574: FluidPropertiesTest.RejectsNonFiniteDensity
1251/2020 Test #1676: PisoTest.ReferenceCellOutOfRangeReturnsInvalidConfiguration ..............................................   Passed    0.29 sec
          Start 1146: EffectiveViscosityTest.RejectsNonFiniteMolecularViscosity
1252/2020 Test #1184: KEpsilonModelTest.CorrectProducesPositiveFiniteFieldsForARealFlow ........................................   Passed    0.30 sec
          Start 1189: KOmegaEquationTest.LinearFormDiffersFromKEpsilonReciprocalForm
1253/2020 Test #1041: ThermalPropertiesTest.ThermalDiffusivityRejectsZeroDensity ...............................................   Passed    0.29 sec
          Start  857: JSONWriterTest.ThermalEnabledIsFalseByDefault
1254/2020 Test  #731: ThermalCaseTest.RejectsUnknownThermalKey .................................................................   Passed    0.30 sec
          Start  288: CGTest.ZeroRhsConvergesImmediately
1255/2020 Test #1084: ThermalSolverTest.MaxIterationsWhenOuterBudgetTooSmall ...................................................   Passed    0.30 sec
          Start 1879: RestartIOTest.ReadRejectsMissingFile
1256/2020 Test  #700: CaseValidationTest.StringNxIsRejected ....................................................................   Passed    0.31 sec
          Start  345: FixedValueTest.RejectsNonFiniteValue
1257/2020 Test #1220: SSTEquationTest.BlendAtQuarterWeightingMatchesHandDerivedValue ...........................................   Passed    0.31 sec
          Start   63: Mesh.BoundaryPatchLookupByName
1258/2020 Test  #998: RestartSnapshotTest.NegativeTimeIsNotRejected ............................................................   Passed    0.31 sec
          Start  579: MassFluxTest.TangentialMovingWallGivesZeroFlux
1259/2020 Test  #354: MovingWallTest.RejectsNonFiniteVelocity ..................................................................   Passed    0.31 sec
          Start  398: WallOmegaTest.RepeatedEvaluationIsDeterministic
1260/2020 Test  #495: GridRefinementTest.LaplacianOfSmoothFieldConvergesAtSecondOrder ..........................................   Passed    0.32 sec
          Start 1104: InterfaceConductanceTest.EqualConductivityReducesToPlainFormula
1261/2020 Test #1252: SSTModelTest.ConvergenceResidualIsNulloptBeforeFirstCorrect ..............................................   Passed    0.31 sec
          Start  600: MomentumConvectionTest.BoundaryOutflowUsesOwnerUnknownNotBoundaryValue
1262/2020 Test  #597: MomentumDiffusionTest.MismatchedEffectiveViscosityFieldSizeThrows ........................................   Passed    0.31 sec
          Start 1250: SSTModelTest.CorrectRejectsMismatchedVelocitySize
1263/2020 Test #1097: ThermalRegionMapTest.ConstructsAndReportsCellRegions .....................................................   Passed    0.31 sec
          Start 1549: SIMPLENonFiniteTest.InfiniteInitialPressureIsDetectedImmediately
1264/2020 Test  #574: FluidPropertiesTest.RejectsNonFiniteDensity ..............................................................   Passed    0.32 sec
          Start  397: WallOmegaTest.RejectsInvalidDistance
1265/2020 Test #1146: EffectiveViscosityTest.RejectsNonFiniteMolecularViscosity ................................................   Passed    0.32 sec
          Start 1042: ThermalPropertiesTest.ThermalDiffusivityRejectsNegativeDensity
1266/2020 Test #1189: KOmegaEquationTest.LinearFormDiffersFromKEpsilonReciprocalForm ...........................................   Passed    0.32 sec
          Start  379: HeatFluxTest.ExposesHeatFluxAndConductivity
1267/2020 Test  #857: JSONWriterTest.ThermalEnabledIsFalseByDefault ............................................................   Passed    0.32 sec
          Start  373: FixedTemperatureTest.RejectsNonFiniteTemperature
1268/2020 Test  #288: CGTest.ZeroRhsConvergesImmediately .......................................................................   Passed    0.32 sec
          Start   32: LoggerTest.WarningAndErrorGoToStderr
1269/2020 Test #1879: RestartIOTest.ReadRejectsMissingFile .....................................................................   Passed    0.31 sec
          Start  974: TransientSolverTest.CompletesAndThreadsStateThroughEveryStep
1270/2020 Test  #345: FixedValueTest.RejectsNonFiniteValue .....................................................................   Passed    0.31 sec
          Start  711: CaseValidationTest.UnsupportedPressureBoundaryTypeIsRejected
1271/2020 Test   #63: Mesh.BoundaryPatchLookupByName ...........................................................................   Passed    0.31 sec
          Start  973: CFLTest.RepeatedCallsAreDeterministic
1272/2020 Test  #579: MassFluxTest.TangentialMovingWallGivesZeroFlux ...........................................................   Passed    0.31 sec
          Start 1089: ThermalSolverTest.NonFiniteStateForNonFiniteInitialTemperature
1273/2020 Test  #398: WallOmegaTest.RepeatedEvaluationIsDeterministic ..........................................................   Passed    0.31 sec
          Start 1196: KOmegaModelTest.FieldsSizedToMeshAtConstruction
1274/2020 Test #1104: InterfaceConductanceTest.EqualConductivityReducesToPlainFormula ..........................................   Passed    0.31 sec
          Start 1665: FinalCorrectionTest.PreviousStateRemainsUntouchedAndFirstCorrectionStateIsPreservedSeparately
1275/2020 Test  #600: MomentumConvectionTest.BoundaryOutflowUsesOwnerUnknownNotBoundaryValue ...................................   Passed    0.31 sec
          Start  994: RestartSnapshotTest.NonFiniteVelocityIsRejected
1276/2020 Test #1250: SSTModelTest.CorrectRejectsMismatchedVelocitySize ........................................................   Passed    0.31 sec
          Start   61: Mesh.ExposesCellsFacesAndPatches
1277/2020 Test #1549: SIMPLENonFiniteTest.InfiniteInitialPressureIsDetectedImmediately .........................................   Passed    0.31 sec
          Start  607: MomentumPressureTest.LinearPressureYGivesNegativeYSourceZeroXSource
1278/2020 Test  #397: WallOmegaTest.RejectsInvalidDistance .....................................................................   Passed    0.31 sec
          Start 1188: KOmegaEquationTest.LinearEffectiveDiffusivityMatchesHandDerivedExample
1279/2020 Test #1042: ThermalPropertiesTest.ThermalDiffusivityRejectsNegativeDensity ...........................................   Passed    0.31 sec
          Start  978: TransientSolverTest.PressureCorrectionFailurePropagates
1280/2020 Test  #379: HeatFluxTest.ExposesHeatFluxAndConductivity ..............................................................   Passed    0.31 sec
          Start 1000: RestartSnapshotTest.UnsupportedFormatVersionIsRejected
1281/2020 Test  #373: FixedTemperatureTest.RejectsNonFiniteTemperature .........................................................   Passed    0.30 sec
          Start 1230: SSTEquationTest.F2RemainsBoundedAcrossRepresentativeStates
1282/2020 Test   #32: LoggerTest.WarningAndErrorGoToStderr .....................................................................   Passed    0.30 sec
          Start 1512: MomentumPredictorRelaxationTest.RelaxedSourceMatchesDerivationExactly
1283/2020 Test  #974: TransientSolverTest.CompletesAndThreadsStateThroughEveryStep .............................................   Passed    0.30 sec
          Start 1141: ValidateTurbulentViscosityFieldTest.RejectsNegativeEntry
1284/2020 Test  #711: CaseValidationTest.UnsupportedPressureBoundaryTypeIsRejected .............................................   Passed    0.31 sec
          Start   25: CoreException.DerivedTypesCatchableAsBase
1285/2020 Test  #973: CFLTest.RepeatedCallsAreDeterministic ....................................................................   Passed    0.30 sec
          Start 1518: PressureCorrectionTest.TwoCellProbeSourceSignAndSolutionMatchHandDerivation
1286/2020 Test #1089: ThermalSolverTest.NonFiniteStateForNonFiniteInitialTemperature ...........................................   Passed    0.30 sec
          Start 1259: TurbulenceModelFactoryTest.KEpsilonOverloadRejectsUnsupportedModelNames
1287/2020 Test #1196: KOmegaModelTest.FieldsSizedToMeshAtConstruction ..........................................................   Passed    0.30 sec
          Start 1630: TransientMomentumAssemblyTest.RejectsMassFluxSizeMismatch
1288/2020 Test #1665: FinalCorrectionTest.PreviousStateRemainsUntouchedAndFirstCorrectionStateIsPreservedSeparately ............   Passed    0.30 sec
          Start 1047: EnergyEquationDiffusionTest.DiagonalIsFinitePositiveAndNonzero
1289/2020 Test  #994: RestartSnapshotTest.NonFiniteVelocityIsRejected ..........................................................   Passed    0.30 sec
          Start  221: ScalarFieldTest.ScalarMultiplicationBothOrders
1290/2020 Test   #61: Mesh.ExposesCellsFacesAndPatches .........................................................................   Passed    0.30 sec
          Start  830: CSVWriterTest.WriteFieldsCoordinatesComeFromMesh
1291/2020 Test  #607: MomentumPressureTest.LinearPressureYGivesNegativeYSourceZeroXSource ......................................   Passed    0.30 sec
          Start  383: HeatFluxTest.RejectsInvalidDistance
1292/2020 Test #1188: KOmegaEquationTest.LinearEffectiveDiffusivityMatchesHandDerivedExample ...................................   Passed    0.29 sec
          Start 1509: SIMPLESettingsTest.RejectsNonFiniteContinuityTolerance
1293/2020 Test  #978: TransientSolverTest.PressureCorrectionFailurePropagates ..................................................   Passed    0.30 sec
          Start  583: ContinuityEquationTest.ClosedZeroVelocityCavityHasZeroImbalance
1294/2020 Test #1000: RestartSnapshotTest.UnsupportedFormatVersionIsRejected ...................................................   Passed    0.30 sec
          Start 1241: SSTModelTest.NameIsSST
1295/2020 Test #1230: SSTEquationTest.F2RemainsBoundedAcrossRepresentativeStates ...............................................   Passed    0.31 sec
          Start 1521: PressureCorrectionTest.NonReferenceRowsConserveConstantInput
1296/2020 Test #1512: MomentumPredictorRelaxationTest.RelaxedSourceMatchesDerivationExactly ....................................   Passed    0.31 sec
          Start 1046: EnergyEquationDiffusionTest.ConstantTemperatureGivesZeroContributionEverywhere
1297/2020 Test #1141: ValidateTurbulentViscosityFieldTest.RejectsNegativeEntry .................................................   Passed    0.31 sec
          Start  267: SparseMatrixTest.RejectsRowOffsetsBackMismatch
1298/2020 Test   #25: CoreException.DerivedTypesCatchableAsBase ................................................................   Passed    0.31 sec
          Start 1514: MomentumPredictorRelaxationTest.AlphaOneIsAnExactNoOp
1299/2020 Test #1518: PressureCorrectionTest.TwoCellProbeSourceSignAndSolutionMatchHandDerivation ..............................   Passed    0.31 sec
          Start 1887: RestartIOTest.ReadRejectsOutOfRangeJsonNumber
1300/2020 Test #1259: TurbulenceModelFactoryTest.KEpsilonOverloadRejectsUnsupportedModelNames ..................................   Passed    0.31 sec
          Start  305: SolverFailureTest.InfMatrixRejectedAtConstruction
1301/2020 Test #1630: TransientMomentumAssemblyTest.RejectsMassFluxSizeMismatch ................................................   Passed    0.32 sec
          Start 1035: ThermalPropertiesTest.RejectsZeroConductivity
1302/2020 Test #1047: EnergyEquationDiffusionTest.DiagonalIsFinitePositiveAndNonzero ...........................................   Passed    0.32 sec
          Start  717: CaseValidationTest.ZeroMaxIterationsIsRejected
1303/2020 Test  #221: ScalarFieldTest.ScalarMultiplicationBothOrders ...........................................................   Passed    0.32 sec
          Start  223: ScalarFieldTest.DivisionByZeroThrows
1304/2020 Test  #830: CSVWriterTest.WriteFieldsCoordinatesComeFromMesh .........................................................   Passed    0.33 sec
          Start 1106: InterfaceConductanceTest.RejectsNonPositiveDistance
1305/2020 Test  #383: HeatFluxTest.RejectsInvalidDistance ......................................................................   Passed    0.33 sec
          Start 1190: KOmegaEquationTest.LinearEffectiveDiffusivityReducesToMolecularAsMuTVanishes
1306/2020 Test #1509: SIMPLESettingsTest.RejectsNonFiniteContinuityTolerance ...................................................   Passed    0.33 sec
          Start  614: MomentumAssemblyTest.ChannelAssemblyHasCorrectDimensionsAndFiniteCoefficients
1307/2020 Test  #583: ContinuityEquationTest.ClosedZeroVelocityCavityHasZeroImbalance ..........................................   Passed    0.33 sec
          Start  376: HeatFluxTest.NegativeFluxGivesPositiveGradient
1308/2020 Test #1241: SSTModelTest.NameIsSST ...................................................................................   Passed    0.32 sec
          Start 1229: SSTEquationTest.F1RemainsBoundedAcrossRepresentativeStates
1309/2020 Test #1521: PressureCorrectionTest.NonReferenceRowsConserveConstantInput .............................................   Passed    0.32 sec
          Start  588: ContinuityEquationTest.NonSolenoidalFieldIsDetected
1310/2020 Test #1046: EnergyEquationDiffusionTest.ConstantTemperatureGivesZeroContributionEverywhere ...........................   Passed    0.32 sec
          Start 1183: KEpsilonModelTest.CorrectRejectsMismatchedVelocitySize
1311/2020 Test  #267: SparseMatrixTest.RejectsRowOffsetsBackMismatch ...........................................................   Passed    0.32 sec
          Start  103: CartesianMesh.OneByTwo
1312/2020 Test #1514: MomentumPredictorRelaxationTest.AlphaOneIsAnExactNoOp ....................................................   Passed    0.32 sec
          Start  239: FieldArithmetic.ScalarIdentities
1313/2020 Test #1887: RestartIOTest.ReadRejectsOutOfRangeJsonNumber ............................................................   Passed    0.32 sec
          Start 1065: EnergyEquationAssemblyTest.RepeatedAssemblyIsDeterministic
1314/2020 Test  #305: SolverFailureTest.InfMatrixRejectedAtConstruction ........................................................   Passed    0.31 sec
          Start  311: SolverDeterminismTest.BiCGSTABRepeatedSolvesAreIdentical
1315/2020 Test #1035: ThermalPropertiesTest.RejectsZeroConductivity ............................................................   Passed    0.31 sec
          Start  591: MomentumDiffusionTest.InteriorCellsMatchKnownQuadraticLaplacian
1316/2020 Test  #717: CaseValidationTest.ZeroMaxIterationsIsRejected ...........................................................   Passed    0.31 sec
          Start  861: JSONWriterTest.RepeatedWriteIsByteIdentical
1317/2020 Test  #223: ScalarFieldTest.DivisionByZeroThrows .....................................................................   Passed    0.30 sec
          Start 1179: KEpsilonModelTest.RejectsInvalidInitialK
1318/2020 Test #1106: InterfaceConductanceTest.RejectsNonPositiveDistance ......................................................   Passed    0.30 sec
          Start 1054: EnergyEquationConvectionTest.MismatchedMassFluxSizeThrows
1319/2020 Test #1190: KOmegaEquationTest.LinearEffectiveDiffusivityReducesToMolecularAsMuTVanishes .............................   Passed    0.30 sec
          Start 1001: RestartSnapshotTest.RealAcceptedPisoStateRoundTripsThroughSnapshotExactly
1320/2020 Test  #614: MomentumAssemblyTest.ChannelAssemblyHasCorrectDimensionsAndFiniteCoefficients ............................   Passed    0.30 sec
          Start 1644: CorrectionApplicationTest.ContinuityImprovesAfterCorrection
1321/2020 Test  #376: HeatFluxTest.NegativeFluxGivesPositiveGradient ...........................................................   Passed    0.30 sec
          Start  985: RestartSnapshotTest.ValidStateProducesValidSnapshot
1322/2020 Test #1229: SSTEquationTest.F1RemainsBoundedAcrossRepresentativeStates ...............................................   Passed    0.30 sec
          Start 1528: VelocityCorrectionTest.LinearPressureCorrectionGivesExpectedComponentwiseCorrection
1323/2020 Test  #588: ContinuityEquationTest.NonSolenoidalFieldIsDetected ......................................................   Passed    0.30 sec
          Start  582: MassFluxTest.MismatchedVelocitySizeThrows
1324/2020 Test #1183: KEpsilonModelTest.CorrectRejectsMismatchedVelocitySize ...................................................   Passed    0.31 sec
          Start 1660: FinalCorrectionTest.WallNormalBoundaryFluxStaysExactlyZeroInFinalState
1325/2020 Test  #103: CartesianMesh.OneByTwo ...................................................................................   Passed    0.31 sec
          Start  346: FixedGradientTest.NonzeroGradient
1326/2020 Test  #239: FieldArithmetic.ScalarIdentities .........................................................................   Passed    0.31 sec
          Start  406: GradientTest.ConstantFieldHasZeroGradient
1327/2020 Test #1065: EnergyEquationAssemblyTest.RepeatedAssemblyIsDeterministic ...............................................   Passed    0.31 sec
          Start  713: CaseValidationTest.UnsupportedSolverTypeIsRejected
1328/2020 Test  #311: SolverDeterminismTest.BiCGSTABRepeatedSolvesAreIdentical .................................................   Passed    0.31 sec
          Start  747: TurbulenceCaseTest.ParsesSSTConfigWhenEnabled
1329/2020 Test  #591: MomentumDiffusionTest.InteriorCellsMatchKnownQuadraticLaplacian ..........................................   Passed    0.31 sec
          Start 1039: ThermalPropertiesTest.RejectsNonFiniteConductivity
1330/2020 Test  #861: JSONWriterTest.RepeatedWriteIsByteIdentical ..............................................................   Passed    0.31 sec
          Start 1675: PisoTest.MismatchedPreviousStateSizeReturnsInvalidConfiguration
1331/2020 Test #1179: KEpsilonModelTest.RejectsInvalidInitialK .................................................................   Passed    0.32 sec
          Start 1884: RestartIOTest.ReadRejectsDifferentMeshWithSameCounts
1332/2020 Test #1054: EnergyEquationConvectionTest.MismatchedMassFluxSizeThrows ................................................   Passed    0.31 sec
          Start  568: FluidPropertiesTest.StoresDensityAndViscosity
1333/2020 Test #1001: RestartSnapshotTest.RealAcceptedPisoStateRoundTripsThroughSnapshotExactly ................................   Passed    0.31 sec
          Start 1052: EnergyEquationConvectionTest.ConstantTemperatureWithDivergenceFreeFluxGivesZeroNetContribution
1334/2020 Test #1644: CorrectionApplicationTest.ContinuityImprovesAfterCorrection ..............................................   Passed    0.31 sec
          Start  842: CSVWriterTest.AppendsTemperatureColumnWhenProvided
1335/2020 Test  #985: RestartSnapshotTest.ValidStateProducesValidSnapshot ......................................................   Passed    0.31 sec
          Start  369: CavityBoundaryConfigurationTest.LidDrivenCavitySetup
1336/2020 Test #1528: VelocityCorrectionTest.LinearPressureCorrectionGivesExpectedComponentwiseCorrection ......................   Passed    0.31 sec
          Start  841: CSVWriterTest.OmitsTemperatureColumnWhenNotProvided
1337/2020 Test  #582: MassFluxTest.MismatchedVelocitySizeThrows ................................................................   Passed    0.30 sec
          Start   27: CoreException.CategoriesAreDistinguishable
1338/2020 Test #1660: FinalCorrectionTest.WallNormalBoundaryFluxStaysExactlyZeroInFinalState ...................................   Passed    0.30 sec
          Start 1639: TransientPressureCorrectionTest.PreviousStateAndInputsAreNotMutatedByThePipeline
1339/2020 Test  #346: FixedGradientTest.NonzeroGradient ........................................................................   Passed    0.30 sec
          Start   35: CoreTimer.ResetRestartsTiming
1340/2020 Test  #406: GradientTest.ConstantFieldHasZeroGradient ................................................................   Passed    0.30 sec
          Start 1261: TurbulenceModelFactoryTest.KOmegaNameCreatesKOmegaModel
1341/2020 Test  #713: CaseValidationTest.UnsupportedSolverTypeIsRejected .......................................................   Passed    0.30 sec
          Start  213: Field.DataProvidesContiguousAccess
1342/2020 Test  #747: TurbulenceCaseTest.ParsesSSTConfigWhenEnabled ............................................................   Passed    0.30 sec
          Start 1222: SSTEquationTest.BlendingIsExactForMultipleCoefficients
1343/2020 Test #1039: ThermalPropertiesTest.RejectsNonFiniteConductivity .......................................................   Passed    0.30 sec
          Start 1109: RegionAwareThermalDiffusionTest.EqualConductivityMatchesSingleMaterialPathExactly
1344/2020 Test #1675: PisoTest.MismatchedPreviousStateSizeReturnsInvalidConfiguration ..........................................   Passed    0.29 sec
          Start  694: CaseValidationTest.UnsupportedGeometryTypeIsRejected
1345/2020 Test #1884: RestartIOTest.ReadRejectsDifferentMeshWithSameCounts .....................................................   Passed    0.29 sec
          Start 1680: PisoTest.AccessorsReturnConstructedValues
1346/2020 Test  #568: FluidPropertiesTest.StoresDensityAndViscosity ............................................................   Passed    0.29 sec
          Start 1658: FinalCorrectionTest.TwoCellPartialFirstCorrectionPlusSecondReconstructsFullSingleCorrection
1347/2020 Test #1052: EnergyEquationConvectionTest.ConstantTemperatureWithDivergenceFreeFluxGivesZeroNetContribution ...........   Passed    0.29 sec
          Start  755: TurbulenceCaseTest.RejectsKOmegaModelWithInitialEpsilonOnly
1348/2020 Test  #369: CavityBoundaryConfigurationTest.LidDrivenCavitySetup .....................................................   Passed    0.26 sec
          Start 1036: ThermalPropertiesTest.RejectsNegativeConductivity
1349/2020 Test  #842: CSVWriterTest.AppendsTemperatureColumnWhenProvided .......................................................   Passed    0.31 sec
          Start 1526: PressureCorrectionTest.OpenBoundaryDoesNotForceReferenceCellRow
1350/2020 Test  #841: CSVWriterTest.OmitsTemperatureColumnWhenNotProvided ......................................................   Passed    0.29 sec
          Start  590: MomentumDiffusionTest.ConstantVelocityGivesZeroContributionEverywhere
1351/2020 Test   #27: CoreException.CategoriesAreDistinguishable ...............................................................   Passed    0.29 sec
          Start  955: TimeControllerTest.RejectsEndTimeBeforeStartTime
1352/2020 Test #1639: TransientPressureCorrectionTest.PreviousStateAndInputsAreNotMutatedByThePipeline .........................   Passed    0.30 sec
          Start  367: BoundaryConditionSetTest.MissingPatchesReportsUnassignedPatches
1353/2020 Test   #35: CoreTimer.ResetRestartsTiming ............................................................................   Passed    0.30 sec
          Start 1043: ThermalPropertiesTest.ThermalDiffusivityRejectsNonFiniteDensity
1354/2020 Test #1261: TurbulenceModelFactoryTest.KOmegaNameCreatesKOmegaModel ..................................................   Passed    0.30 sec
          Start 1221: SSTEquationTest.BlendAtHalfWeightingIsTheMidpoint
1355/2020 Test  #213: Field.DataProvidesContiguousAccess .......................................................................   Passed    0.30 sec
          Start 1087: ThermalSolverTest.InvalidConfigurationForZeroOuterMaxIterations
1356/2020 Test #1222: SSTEquationTest.BlendingIsExactForMultipleCoefficients ...................................................   Passed    0.30 sec
          Start  961: TimeControllerTest.AdvanceFromStartingStepContinuesTheAbsoluteStepCount
1357/2020 Test #1109: RegionAwareThermalDiffusionTest.EqualConductivityMatchesSingleMaterialPathExactly ........................   Passed    0.30 sec
          Start 1626: TransientMomentumTermTest.RejectsSizeMismatch
1358/2020 Test  #694: CaseValidationTest.UnsupportedGeometryTypeIsRejected .....................................................   Passed    0.30 sec
          Start 1238: SSTEquationTest.ProductionLimiterUnlimitedBranch
1359/2020 Test #1680: PisoTest.AccessorsReturnConstructedValues ................................................................   Passed    0.30 sec
          Start 1205: KOmegaModelTest.ConvergenceResidualIsNulloptBeforeFirstCorrect
1360/2020 Test #1658: FinalCorrectionTest.TwoCellPartialFirstCorrectionPlusSecondReconstructsFullSingleCorrection ..............   Passed    0.30 sec
          Start   19: CoreTypes.AliasesAreUsable
1361/2020 Test  #755: TurbulenceCaseTest.RejectsKOmegaModelWithInitialEpsilonOnly ..............................................   Passed    0.30 sec
          Start 1153: LaminarModelTest.RepeatedCorrectIsDeterministic
1362/2020 Test #1036: ThermalPropertiesTest.RejectsNegativeConductivity ........................................................   Passed    0.30 sec
          Start   62: Mesh.CellAndFaceAccessorsValidateId
1363/2020 Test #1526: PressureCorrectionTest.OpenBoundaryDoesNotForceReferenceCellRow ..........................................   Passed    0.30 sec
          Start  210: Field.CheckedAccessWorksInRange
1364/2020 Test  #590: MomentumDiffusionTest.ConstantVelocityGivesZeroContributionEverywhere ....................................   Passed    0.30 sec
          Start  596: MomentumDiffusionTest.NonUniformEffectiveViscosityChangesDiffusionCoefficients
1365/2020 Test  #955: TimeControllerTest.RejectsEndTimeBeforeStartTime .........................................................   Passed    0.29 sec
          Start 1208: WallDistanceTest.HandDerivedDistanceNearBottomWall
1366/2020 Test  #367: BoundaryConditionSetTest.MissingPatchesReportsUnassignedPatches ..........................................   Passed    0.29 sec
          Start 1167: KEpsilonEquationTest.ImplicitSourceReproducesEpsilonDestructionAtSelfConsistency
1367/2020 Test #1043: ThermalPropertiesTest.ThermalDiffusivityRejectsNonFiniteDensity ..........................................   Passed    0.29 sec
          Start 1181: KEpsilonModelTest.RejectsInvalidCoefficients
1368/2020 Test #1221: SSTEquationTest.BlendAtHalfWeightingIsTheMidpoint ........................................................   Passed    0.29 sec
          Start  352: MovingWallTest.CavityTopWallIsImpermeableAndTangential
1369/2020 Test #1087: ThermalSolverTest.InvalidConfigurationForZeroOuterMaxIterations ..........................................   Passed    0.29 sec
          Start  435: DivergenceTest.ULinearGivesDivergenceTwo
1370/2020 Test  #961: TimeControllerTest.AdvanceFromStartingStepContinuesTheAbsoluteStepCount ..................................   Passed    0.29 sec
          Start 1265: TurbulenceModelFactoryTest.SSTOverloadRejectsUnsupportedModelNames
1371/2020 Test #1626: TransientMomentumTermTest.RejectsSizeMismatch ............................................................   Passed    0.29 sec
          Start  236: FieldArithmetic.ScalarFieldRejectsSizeMismatch
1372/2020 Test #1238: SSTEquationTest.ProductionLimiterUnlimitedBranch .........................................................   Passed    0.29 sec
          Start 1501: SIMPLESettingsTest.RejectsZeroMaxIterations
1373/2020 Test #1205: KOmegaModelTest.ConvergenceResidualIsNulloptBeforeFirstCorrect ...........................................   Passed    0.29 sec
          Start 1654: SecondPressureCorrectionTest.FirstCorrectionStateAndPreviousStateRemainUntouched
1374/2020 Test   #19: CoreTypes.AliasesAreUsable ...............................................................................   Passed    0.29 sec
          Start 1682: PisoTransientIntegrationTest.FailedPisoStepIsRejectedAndLeavesAcceptedStateBitIdentical
1375/2020 Test #1153: LaminarModelTest.RepeatedCorrectIsDeterministic ..........................................................   Passed    0.29 sec
          Start 1088: ThermalSolverTest.InvalidConfigurationForNonPositiveTolerance
1376/2020 Test   #62: Mesh.CellAndFaceAccessorsValidateId ......................................................................   Passed    0.29 sec
          Start  380: HeatFluxTest.TypeAndNameAreThermalSpecific
1377/2020 Test  #210: Field.CheckedAccessWorksInRange ..........................................................................   Passed    0.29 sec
          Start 1236: SSTEquationTest.TurbulentViscosityStrainDominatedBranch
1378/2020 Test  #596: MomentumDiffusionTest.NonUniformEffectiveViscosityChangesDiffusionCoefficients ...........................   Passed    0.29 sec
          Start  350: WallTest.VelocityIsZeroRegardlessOfOwnerValue
1379/2020 Test #1208: WallDistanceTest.HandDerivedDistanceNearBottomWall .......................................................   Passed    0.29 sec
          Start 1194: KOmegaModelTest.TurbulentViscosityMatchesHandDerivedExample
1380/2020 Test #1167: KEpsilonEquationTest.ImplicitSourceReproducesEpsilonDestructionAtSelfConsistency .........................   Passed    0.29 sec
          Start  523: TimeDerivativeTest.DifferentVolumesScaleDiagonalAndSourceIndependently
1381/2020 Test #1181: KEpsilonModelTest.RejectsInvalidCoefficients .............................................................   Passed    0.29 sec
          Start  225: ScalarFieldTest.ExplicitValuesFromSpecExample
1382/2020 Test  #352: MovingWallTest.CavityTopWallIsImpermeableAndTangential ...................................................   Passed    0.29 sec
          Start 1098: ThermalRegionMapTest.RejectsEmptyRegions
1383/2020 Test  #435: DivergenceTest.ULinearGivesDivergenceTwo .................................................................   Passed    0.29 sec
          Start  395: WallOmegaTest.RejectsInvalidKinematicViscosity
1384/2020 Test #1265: TurbulenceModelFactoryTest.SSTOverloadRejectsUnsupportedModelNames .......................................   Passed    0.29 sec
          Start 1210: WallDistanceTest.InletOutletSymmetryAreNeverMistakenForWalls
1385/2020 Test  #236: FieldArithmetic.ScalarFieldRejectsSizeMismatch ...........................................................   Passed    0.29 sec
          Start  269: SparseMatrixTest.RejectsUnsortedColumnsWithinRow
1386/2020 Test #1501: SIMPLESettingsTest.RejectsZeroMaxIterations ..............................................................   Passed    0.29 sec
          Start  464: ConvectionTest.UpwindSelectsOwnerForPositiveFluxNeighborForNegative
1387/2020 Test #1654: SecondPressureCorrectionTest.FirstCorrectionStateAndPreviousStateRemainUntouched .........................   Passed    0.29 sec
          Start  876: VTKWriterTest.MismatchedTemperatureSizeThrows
1388/2020 Test #1682: PisoTransientIntegrationTest.FailedPisoStepIsRejectedAndLeavesAcceptedStateBitIdentical ..................   Passed    0.29 sec
          Start  217: ScalarFieldTest.MutationIsIndependentAfterCopy
1389/2020 Test #1088: ThermalSolverTest.InvalidConfigurationForNonPositiveTolerance ............................................   Passed    0.29 sec
          Start 1670: PisoTest.OneStepResultIsFiniteOnCavity
1390/2020 Test  #380: HeatFluxTest.TypeAndNameAreThermalSpecific ...............................................................   Passed    0.30 sec
          Start  578: MassFluxTest.StationaryWallGivesZeroFlux
1391/2020 Test #1236: SSTEquationTest.TurbulentViscosityStrainDominatedBranch ..................................................   Passed    0.30 sec
          Start 1053: EnergyEquationConvectionTest.MismatchedTemperatureSizeThrows
1392/2020 Test  #350: WallTest.VelocityIsZeroRegardlessOfOwnerValue ............................................................   Passed    0.30 sec
          Start  524: TimeDerivativeTest.PreviousFieldIsNotMutated
1393/2020 Test #1194: KOmegaModelTest.TurbulentViscosityMatchesHandDerivedExample ..............................................   Passed    0.30 sec
          Start  734: ThermalCaseTest.RejectsExtraneousValueForAdiabatic
1394/2020 Test  #523: TimeDerivativeTest.DifferentVolumesScaleDiagonalAndSourceIndependently ...................................   Passed    0.31 sec
          Start 1544: SIMPLEFailureTest.InvalidSettingsReportInvalidConfiguration
1395/2020 Test  #225: ScalarFieldTest.ExplicitValuesFromSpecExample ............................................................   Passed    0.31 sec
          Start  593: MomentumDiffusionTest.DiagonalIsFinitePositiveAndNonzero
1396/2020 Test #1098: ThermalRegionMapTest.RejectsEmptyRegions .................................................................   Passed    0.32 sec
          Start  742: TurbulenceCaseTest.BuilderConstructsKEpsilonConfigAndBoundaries
1397/2020 Test  #395: WallOmegaTest.RejectsInvalidKinematicViscosity ...........................................................   Passed    0.32 sec
          Start  854: JSONWriterTest.FinalResidualsAndMassImbalanceAreCorrect
1398/2020 Test #1210: WallDistanceTest.InletOutletSymmetryAreNeverMistakenForWalls .............................................   Passed    0.32 sec
          Start  759: TurbulenceCaseTest.RejectsOutOfRangeRelaxation
1399/2020 Test  #269: SparseMatrixTest.RejectsUnsortedColumnsWithinRow .........................................................   Passed    0.32 sec
          Start 1105: InterfaceConductanceTest.RejectsNonPositiveConductivity
1400/2020 Test  #464: ConvectionTest.UpwindSelectsOwnerForPositiveFluxNeighborForNegative ......................................   Passed    0.32 sec
          Start  960: TimeControllerTest.StartingStepIsReflectedImmediately
1401/2020 Test  #876: VTKWriterTest.MismatchedTemperatureSizeThrows ............................................................   Passed    0.32 sec
          Start 1251: SSTModelTest.CorrectProducesPositiveFiniteFieldsForARealFlow
1402/2020 Test  #217: ScalarFieldTest.MutationIsIndependentAfterCopy ...........................................................   Passed    0.32 sec
          Start  761: TurbulenceCaseTest.RejectsEpsilonRelaxationWithoutInitialEpsilon
1403/2020 Test #1670: PisoTest.OneStepResultIsFiniteOnCavity ...................................................................   Passed    0.31 sec
          Start  738: TurbulenceCaseTest.ExplicitLaminarModelCollapsesToNoTurbulenceConfig
1404/2020 Test  #578: MassFluxTest.StationaryWallGivesZeroFlux .................................................................   Passed    0.30 sec
          Start  370: ChannelBoundaryConfigurationTest.InletOutletWallSetup
1405/2020 Test #1053: EnergyEquationConvectionTest.MismatchedTemperatureSizeThrows .............................................   Passed    0.30 sec
          Start 1629: TransientMomentumAssemblyTest.RejectsVelocityPressureSizeMismatch
1406/2020 Test  #524: TimeDerivativeTest.PreviousFieldIsNotMutated .............................................................   Passed    0.31 sec
          Start  371: FixedTemperatureTest.StoresAndReturnsExactTemperature
1407/2020 Test  #734: ThermalCaseTest.RejectsExtraneousValueForAdiabatic .......................................................   Passed    0.31 sec
          Start   29: LoggerTest.LevelCanBeChanged
1408/2020 Test #1544: SIMPLEFailureTest.InvalidSettingsReportInvalidConfiguration ..............................................   Passed    0.30 sec
          Start  276: JacobiTest.DiagonalMatrixExactInverse
1409/2020 Test  #593: MomentumDiffusionTest.DiagonalIsFinitePositiveAndNonzero .................................................   Passed    0.30 sec
          Start  748: TurbulenceCaseTest.BuilderConstructsSSTConfigAndBoundaries
1410/2020 Test  #854: JSONWriterTest.FinalResidualsAndMassImbalanceAreCorrect ..................................................   Passed    0.28 sec
          Start 1227: SSTEquationTest.CrossDiffusionSourceIsHalfWeightAtF1EqualsHalf
1411/2020 Test  #742: TurbulenceCaseTest.BuilderConstructsKEpsilonConfigAndBoundaries ..........................................   Passed    0.32 sec
          Start 1169: KEpsilonEquationTest.ImplicitSourceRejectsNonFiniteSuOrSp
1412/2020 Test  #759: TurbulenceCaseTest.RejectsOutOfRangeRelaxation ...........................................................   Passed    0.30 sec
          Start 1233: SSTEquationTest.KDiffusivityMatchesHandDerivedBlendedValue
1413/2020 Test #1105: InterfaceConductanceTest.RejectsNonPositiveConductivity ..................................................   Passed    0.31 sec
          Start  254: AlgebraVector.SizeMismatchRejected
1414/2020 Test  #960: TimeControllerTest.StartingStepIsReflectedImmediately ....................................................   Passed    0.31 sec
          Start  394: WallOmegaTest.TypeAndNameAreSSTSpecific
1415/2020 Test #1251: SSTModelTest.CorrectProducesPositiveFiniteFieldsForARealFlow .............................................   Passed    0.31 sec
          Start  735: ThermalCaseTest.RejectsMissingPerPatchTemperatureWhenThermalEnabled
1416/2020 Test  #761: TurbulenceCaseTest.RejectsEpsilonRelaxationWithoutInitialEpsilon .........................................   Passed    0.31 sec
          Start  990: RestartSnapshotTest.WrongCellCountIsRejected
1417/2020 Test  #738: TurbulenceCaseTest.ExplicitLaminarModelCollapsesToNoTurbulenceConfig .....................................   Passed    0.32 sec
          Start  104: CartesianMesh.TwoByTwo
1418/2020 Test  #370: ChannelBoundaryConfigurationTest.InletOutletWallSetup ....................................................   Passed    0.32 sec
          Start   65: MeshGeometry.DistanceAndDisplacement
1419/2020 Test #1629: TransientMomentumAssemblyTest.RejectsVelocityPressureSizeMismatch ........................................   Passed    0.31 sec
          Start 1527: VelocityCorrectionTest.ConstantPressureCorrectionGivesZeroVelocityCorrection
1420/2020 Test  #371: FixedTemperatureTest.StoresAndReturnsExactTemperature ....................................................   Passed    0.32 sec
          Start  208: Field.InitializedConstructionFillsValue
1421/2020 Test   #29: LoggerTest.LevelCanBeChanged .............................................................................   Passed    0.33 sec
          Start  828: CSVWriterTest.WriteFieldsHeaderIsExact
1422/2020 Test  #276: JacobiTest.DiagonalMatrixExactInverse ....................................................................   Passed    0.33 sec
          Start  728: ThermalCaseTest.RejectsNonPositiveConductivity
1423/2020 Test  #748: TurbulenceCaseTest.BuilderConstructsSSTConfigAndBoundaries ...............................................   Passed    0.32 sec
          Start  526: TimeDerivativeTest.RejectsNonPositiveDeltaT
1424/2020 Test #1227: SSTEquationTest.CrossDiffusionSourceIsHalfWeightAtF1EqualsHalf ...........................................   Passed    0.32 sec
          Start 1136: TurbulenceModelTest.NegativeTurbulentViscosityRejected
1425/2020 Test #1169: KEpsilonEquationTest.ImplicitSourceRejectsNonFiniteSuOrSp ................................................   Passed    0.32 sec
          Start  851: JSONWriterTest.CaseAndMeshMetadataAreCorrect
1426/2020 Test #1233: SSTEquationTest.KDiffusivityMatchesHandDerivedBlendedValue ...............................................   Passed    0.31 sec
          Start 1045: EnergyEquationDiffusionTest.InternalFaceCoefficientsAreSymmetric
1427/2020 Test  #254: AlgebraVector.SizeMismatchRejected .......................................................................   Passed    0.31 sec
          Start 1150: LaminarModelTest.TurbulentViscositySizeMatchesMesh
1428/2020 Test  #394: WallOmegaTest.TypeAndNameAreSSTSpecific ..................................................................   Passed    0.31 sec
          Start  364: BoundaryConditionSetTest.RejectsUnknownPatch
1429/2020 Test  #735: ThermalCaseTest.RejectsMissingPerPatchTemperatureWhenThermalEnabled ......................................   Passed    0.32 sec
          Start 1044: EnergyEquationDiffusionTest.TwoCellSystemMatchesHandDerivedCoefficients
1430/2020 Test  #990: RestartSnapshotTest.WrongCellCountIsRejected .............................................................   Passed    0.31 sec
          Start  218: ScalarFieldTest.Fill
1431/2020 Test  #104: CartesianMesh.TwoByTwo ...................................................................................   Passed    0.30 sec
          Start  442: DiffusionTest.QuadraticFieldWithGammaHalf
1432/2020 Test   #65: MeshGeometry.DistanceAndDisplacement .....................................................................   Passed    0.30 sec
          Start  858: JSONWriterTest.WritesThermalMetadataWhenProvided
1433/2020 Test #1527: VelocityCorrectionTest.ConstantPressureCorrectionGivesZeroVelocityCorrection .............................   Passed    0.30 sec
          Start  968: CFLTest.MaxMeanAndMaxCellForNonUniformFlux
1434/2020 Test  #208: Field.InitializedConstructionFillsValue ..................................................................   Passed    0.28 sec
          Start  612: MomentumPressureTest.MismatchedPressureSizeThrows
1435/2020 Test  #828: CSVWriterTest.WriteFieldsHeaderIsExact ...................................................................   Passed    0.29 sec
          Start 1058: EnergyEquationAssemblyTest.CombinedAssemblyMatchesHandDerivedCoefficients
1436/2020 Test  #728: ThermalCaseTest.RejectsNonPositiveConductivity ...........................................................   Passed    0.29 sec
          Start 1197: KOmegaModelTest.InitializedToConfiguredValuesEverywhere
1437/2020 Test  #526: TimeDerivativeTest.RejectsNonPositiveDeltaT ..............................................................   Passed    0.29 sec
          Start  855: JSONWriterTest.FiniteFlagReflectsActualFieldFiniteness
1438/2020 Test #1136: TurbulenceModelTest.NegativeTurbulentViscosityRejected ...................................................   Passed    0.29 sec
          Start 1532: VelocityCorrectionTest.MismatchedSizeThrows
1439/2020 Test  #851: JSONWriterTest.CaseAndMeshMetadataAreCorrect .............................................................   Passed    0.29 sec
          Start 1216: SSTEquationTest.Alpha2MatchesHandDerivedValue
1440/2020 Test #1045: EnergyEquationDiffusionTest.InternalFaceCoefficientsAreSymmetric .........................................   Passed    0.30 sec
          Start 1506: SIMPLESettingsTest.RejectsNonFinitePressureRelaxation
1441/2020 Test #1150: LaminarModelTest.TurbulentViscositySizeMatchesMesh .......................................................   Passed    0.30 sec
          Start 1132: TurbulenceModelTest.PolymorphicDestructionWorks
1442/2020 Test  #364: BoundaryConditionSetTest.RejectsUnknownPatch .............................................................   Passed    0.30 sec
          Start  853: JSONWriterTest.EveryStatusMapsToItsOwnEnumName
1443/2020 Test #1044: EnergyEquationDiffusionTest.TwoCellSystemMatchesHandDerivedCoefficients ..................................   Passed    0.30 sec
          Start 1662: FinalCorrectionTest.ControlledPartialCorrectionShowsRc2BelowRc1
1444/2020 Test  #218: ScalarFieldTest.Fill .....................................................................................   Passed    0.31 sec
          Start 1215: SSTEquationTest.Alpha1MatchesHandDerivedValue
1445/2020 Test  #442: DiffusionTest.QuadraticFieldWithGammaHalf ................................................................   Passed    0.31 sec
          Start  384: HeatFluxTest.RepeatedEvaluationIsDeterministic
1446/2020 Test  #968: CFLTest.MaxMeanAndMaxCellForNonUniformFlux ...............................................................   Passed    0.29 sec
          Start  409: GradientTest.QuadraticFieldMatchesAnalyticalGradient
1447/2020 Test  #858: JSONWriterTest.WritesThermalMetadataWhenProvided .........................................................   Passed    0.33 sec
          Start 1225: SSTEquationTest.CrossDiffusionSourceVanishesAtF1EqualsOne
1448/2020 Test  #612: MomentumPressureTest.MismatchedPressureSizeThrows ........................................................   Passed    0.31 sec
          Start  756: TurbulenceCaseTest.RejectsNonPositiveInitialK
1449/2020 Test #1058: EnergyEquationAssemblyTest.CombinedAssemblyMatchesHandDerivedCoefficients ................................   Passed    0.30 sec
          Start  868: VTKWriterTest.CellCountAndConnectivityAreCorrectFor2x2
1450/2020 Test #1197: KOmegaModelTest.InitializedToConfiguredValuesEverywhere ..................................................   Passed    0.30 sec
          Start  360: SymmetryTest.RightPlaneRemovesNormalComponent
1451/2020 Test  #855: JSONWriterTest.FiniteFlagReflectsActualFieldFiniteness ...................................................   Passed    0.31 sec
          Start  989: RestartSnapshotTest.RepeatedConstructionFromIdenticalStateIsDeterministic
1452/2020 Test #1532: VelocityCorrectionTest.MismatchedSizeThrows ..............................................................   Passed    0.31 sec
          Start  466: ConvectionTest.BoundaryInflowUsesGhostReflectedValue
1453/2020 Test #1216: SSTEquationTest.Alpha2MatchesHandDerivedValue ............................................................   Passed    0.30 sec
          Start  399: InterpolationTest.ConstantFieldIsPreservedExactly
1454/2020 Test #1506: SIMPLESettingsTest.RejectsNonFinitePressureRelaxation ....................................................   Passed    0.29 sec
          Start 1541: SIMPLEFailureTest.MaxIterationsIsNotReportedAsConverged
1455/2020 Test #1132: TurbulenceModelTest.PolymorphicDestructionWorks ..........................................................   Passed    0.29 sec
          Start  522: TimeDerivativeTest.ExactCoefficientsForSingleCell
1456/2020 Test  #853: JSONWriterTest.EveryStatusMapsToItsOwnEnumName ...........................................................   Passed    0.29 sec
          Start  708: CaseValidationTest.MovingWallWithoutVelocityValueIsRejected
1457/2020 Test #1662: FinalCorrectionTest.ControlledPartialCorrectionShowsRc2BelowRc1 ..........................................   Passed    0.29 sec
          Start 1646: CorrectionApplicationTest.PreviousStateAndPredictorFieldsRetainedIndependently
1458/2020 Test #1215: SSTEquationTest.Alpha1MatchesHandDerivedValue ............................................................   Passed    0.29 sec
          Start 1632: TransientMomentumPredictorProbeTest.PredictorVelocityIsFiniteFromRest
1459/2020 Test  #384: HeatFluxTest.RepeatedEvaluationIsDeterministic ...........................................................   Passed    0.29 sec
          Start  599: MomentumConvectionTest.PositiveInternalFluxSelectsOwnerNegativeSelectsNeighbor
1460/2020 Test  #409: GradientTest.QuadraticFieldMatchesAnalyticalGradient .....................................................   Passed    0.29 sec
          Start 1248: SSTModelTest.RejectsInvalidCoefficients
1461/2020 Test #1225: SSTEquationTest.CrossDiffusionSourceVanishesAtF1EqualsOne ................................................   Passed    0.29 sec
          Start 1651: SecondPressureCorrectionTest.FullPipelineSecondCorrectionIsFiniteAndConverged
1462/2020 Test  #756: TurbulenceCaseTest.RejectsNonPositiveInitialK ............................................................   Passed    0.29 sec
          Start   23: CoreException.CatchableAsStdRuntimeError
1463/2020 Test  #868: VTKWriterTest.CellCountAndConnectivityAreCorrectFor2x2 ...................................................   Passed    0.29 sec
          Start 1090: ThermalSolverTest.NonFiniteStateForNonFiniteMassFlux
1464/2020 Test  #360: SymmetryTest.RightPlaneRemovesNormalComponent ............................................................   Passed    0.29 sec
          Start   52: MeshCell.RejectsNonFiniteGeometry
1465/2020 Test  #989: RestartSnapshotTest.RepeatedConstructionFromIdenticalStateIsDeterministic ................................   Passed    0.29 sec
          Start 1203: KOmegaModelTest.CorrectRejectsMismatchedVelocitySize
1466/2020 Test  #466: ConvectionTest.BoundaryInflowUsesGhostReflectedValue .....................................................   Passed    0.29 sec
          Start  385: AdiabaticTest.ReturnsOwnerValueUnchanged
1467/2020 Test  #399: InterpolationTest.ConstantFieldIsPreservedExactly ........................................................   Passed    0.29 sec
          Start 1219: SSTEquationTest.BlendAtF1EqualsZeroUsesSetTwoExactly
1468/2020 Test #1541: SIMPLEFailureTest.MaxIterationsIsNotReportedAsConverged ..................................................   Passed    0.29 sec
          Start  531: VectorGradientTest.UniformVelocityGivesZeroGradientEverywhere
1469/2020 Test  #522: TimeDerivativeTest.ExactCoefficientsForSingleCell ........................................................   Passed    0.29 sec
          Start   68: MeshGeometry.OwnerNeighborDistanceRejectsBoundaryFace
1470/2020 Test  #708: CaseValidationTest.MovingWallWithoutVelocityValueIsRejected ..............................................   Passed    0.29 sec
          Start 1177: KEpsilonModelTest.InitializedToConfiguredValuesEverywhere
1471/2020 Test #1646: CorrectionApplicationTest.PreviousStateAndPredictorFieldsRetainedIndependently ...........................   Passed    0.28 sec
          Start 1503: SIMPLESettingsTest.RejectsNegativeVelocityRelaxation
1472/2020 Test #1632: TransientMomentumPredictorProbeTest.PredictorVelocityIsFiniteFromRest ....................................   Passed    0.29 sec
          Start  721: CaseBuilderTest.BuildsExpectedBoundaryConditionTypes
1473/2020 Test  #599: MomentumConvectionTest.PositiveInternalFluxSelectsOwnerNegativeSelectsNeighbor ...........................   Passed    0.29 sec
          Start 1231: SSTEquationTest.F1ApproachesOneVeryNearAWall
1474/2020 Test #1248: SSTModelTest.RejectsInvalidCoefficients ..................................................................   Passed    0.29 sec
          Start  356: InletTest.InflowDotProductWithOutwardNormalIsNegative
1475/2020 Test #1651: SecondPressureCorrectionTest.FullPipelineSecondCorrectionIsFiniteAndConverged ............................   Passed    0.30 sec
          Start 1684: PisoTransientIntegrationTest.MaxStepsTerminationWithRealPiso
1476/2020 Test   #23: CoreException.CatchableAsStdRuntimeError .................................................................   Passed    0.30 sec
          Start  441: DiffusionTest.EqualsGammaTimesLaplacianForConstantGamma
1477/2020 Test #1090: ThermalSolverTest.NonFiniteStateForNonFiniteMassFlux .....................................................   Passed    0.30 sec
          Start 1195: KOmegaModelTest.NameIsKOmega
1478/2020 Test   #52: MeshCell.RejectsNonFiniteGeometry ........................................................................   Passed    0.30 sec
          Start  963: TimeControllerTest.ResumedControllerMatchesContinuousControllerBitIdentically
1479/2020 Test #1203: KOmegaModelTest.CorrectRejectsMismatchedVelocitySize .....................................................   Passed    0.30 sec
          Start  992: RestartSnapshotTest.MismatchedMeshCellCountIsRejectedEvenWithConsistentFieldSizes
1480/2020 Test  #385: AdiabaticTest.ReturnsOwnerValueUnchanged .................................................................   Passed    0.30 sec
          Start  388: AdiabaticTest.RejectsInvalidDistance
1481/2020 Test #1219: SSTEquationTest.BlendAtF1EqualsZeroUsesSetTwoExactly .....................................................   Passed    0.30 sec
          Start  585: ContinuityEquationTest.UniformChannelHasLocalBalanceEverywhere
1482/2020 Test  #531: VectorGradientTest.UniformVelocityGivesZeroGradientEverywhere ............................................   Passed    0.30 sec
          Start  698: CaseValidationTest.ZeroNxIsRejected
1483/2020 Test   #68: MeshGeometry.OwnerNeighborDistanceRejectsBoundaryFace ....................................................   Passed    0.31 sec
          Start 1223: SSTEquationTest.CrossDiffusionCoefficientMatchesHandDerivedExample
1484/2020 Test #1177: KEpsilonModelTest.InitializedToConfiguredValuesEverywhere ................................................   Passed    0.30 sec
          Start 1218: SSTEquationTest.BlendAtF1EqualsOneUsesSetOneExactly
1485/2020 Test #1503: SIMPLESettingsTest.RejectsNegativeVelocityRelaxation .....................................................   Passed    0.30 sec
          Start 1232: SSTEquationTest.F1ApproachesZeroFarFromAWallWithLowViscosityRatio
1486/2020 Test  #721: CaseBuilderTest.BuildsExpectedBoundaryConditionTypes .....................................................   Passed    0.31 sec
          Start 1059: EnergyEquationAssemblyTest.ProducesCorrectDimensions
1487/2020 Test #1231: SSTEquationTest.F1ApproachesOneVeryNearAWall .............................................................   Passed    0.30 sec
          Start  965: CFLTest.ZeroVelocityGivesZeroCFL
1488/2020 Test  #356: InletTest.InflowDotProductWithOutwardNormalIsNegative ....................................................   Passed    0.30 sec
          Start 1064: EnergyEquationAssemblyTest.NonFiniteMassFluxThrowsInvalidArgumentError
1489/2020 Test #1684: PisoTransientIntegrationTest.MaxStepsTerminationWithRealPiso .............................................   Passed    0.29 sec
          Start  718: CaseValidationTest.UnsupportedLinearSolverTypeIsRejected
1490/2020 Test  #441: DiffusionTest.EqualsGammaTimesLaplacianForConstantGamma ..................................................   Passed    0.29 sec
          Start 1040: ThermalPropertiesTest.RejectsNonFiniteSpecificHeat
1491/2020 Test #1195: KOmegaModelTest.NameIsKOmega .............................................................................   Passed    0.29 sec
          Start 1050: EnergyEquationConvectionTest.BoundaryOutflowUsesOwnerUnknownNotBoundaryValue
1492/2020 Test  #963: TimeControllerTest.ResumedControllerMatchesContinuousControllerBitIdentically ............................   Passed    0.28 sec
          Start 1263: TurbulenceModelFactoryTest.LaminarNameCreatesLaminarModelViaSSTOverload
1493/2020 Test  #992: RestartSnapshotTest.MismatchedMeshCellCountIsRejectedEvenWithConsistentFieldSizes ........................   Passed    0.29 sec
          Start 1243: SSTModelTest.InitializedToConfiguredValuesEverywhere
1494/2020 Test  #388: AdiabaticTest.RejectsInvalidDistance .....................................................................   Passed    0.28 sec
          Start  390: WallOmegaTest.HandDerivedValueMatchesWilcoxFormula
1495/2020 Test  #585: ContinuityEquationTest.UniformChannelHasLocalBalanceEverywhere ...........................................   Passed    0.28 sec
          Start  678: CaseReaderTest.MissingCaseDirectoryThrowsIOError
1496/2020 Test #1223: SSTEquationTest.CrossDiffusionCoefficientMatchesHandDerivedExample .......................................   Passed    0.26 sec
          Start  581: MassFluxTest.ChannelMassBalanceExample
1497/2020 Test #1218: SSTEquationTest.BlendAtF1EqualsOneUsesSetOneExactly ......................................................   Passed    0.26 sec
          Start 1110: RegionAwareThermalDiffusionTest.MismatchedTemperatureSizeThrows
1498/2020 Test  #698: CaseValidationTest.ZeroNxIsRejected ......................................................................   Passed    0.33 sec
          Start 1516: MomentumPredictorRelaxationTest.RejectsMismatchedPreviousValueSize
1499/2020 Test #1232: SSTEquationTest.F1ApproachesZeroFarFromAWallWithLowViscosityRatio ........................................   Passed    0.28 sec
          Start  569: FluidPropertiesTest.KinematicViscosityIsMuOverRho
1500/2020 Test #1059: EnergyEquationAssemblyTest.ProducesCorrectDimensions .....................................................   Passed    0.28 sec
          Start  309: SolverFailureTest.LinearSolverSettingsRejectsInvalidValues
1501/2020 Test  #965: CFLTest.ZeroVelocityGivesZeroCFL .........................................................................   Passed    0.28 sec
          Start  751: TurbulenceCaseTest.RejectsSSTModelWithInitialEpsilonOnly
1502/2020 Test #1064: EnergyEquationAssemblyTest.NonFiniteMassFluxThrowsInvalidArgumentError ...................................   Passed    0.28 sec
          Start 1882: RestartIOTest.ReadRejectsMissingRequiredField
1503/2020 Test  #718: CaseValidationTest.UnsupportedLinearSolverTypeIsRejected .................................................   Passed    0.28 sec
          Start 1112: RegionAwareThermalDiffusionTest.RepeatedAssemblyIsDeterministic
1504/2020 Test #1040: ThermalPropertiesTest.RejectsNonFiniteSpecificHeat .......................................................   Passed    0.29 sec
          Start  745: TurbulenceCaseTest.BuilderConstructsKOmegaConfigAndBoundaries
1505/2020 Test #1050: EnergyEquationConvectionTest.BoundaryOutflowUsesOwnerUnknownNotBoundaryValue .............................   Passed    0.29 sec
          Start  206: Field.DefaultConstructionIsEmpty
1506/2020 Test #1263: TurbulenceModelFactoryTest.LaminarNameCreatesLaminarModelViaSSTOverload ..................................   Passed    0.29 sec
          Start   30: LoggerTest.MessagesAtOrAboveLevelAreEmittedWithPrefix
1507/2020 Test #1243: SSTModelTest.InitializedToConfiguredValuesEverywhere .....................................................   Passed    0.29 sec
          Start  226: VectorFieldTest.ConstructionAndInitialization
1508/2020 Test  #390: WallOmegaTest.HandDerivedValueMatchesWilcoxFormula .......................................................   Passed    0.29 sec
          Start 1505: SIMPLESettingsTest.AcceptsVelocityRelaxationExactlyOne
1509/2020 Test  #678: CaseReaderTest.MissingCaseDirectoryThrowsIOError .........................................................   Passed    0.29 sec
          Start 1520: PressureCorrectionTest.ConstantResponseCoefficientGivesSymmetricInternalCoupling
1510/2020 Test  #581: MassFluxTest.ChannelMassBalanceExample ...................................................................   Passed    0.28 sec
          Start 1202: KOmegaModelTest.TurbulentViscosityVanishesAsKVanishes
1511/2020 Test #1110: RegionAwareThermalDiffusionTest.MismatchedTemperatureSizeThrows ..........................................   Passed    0.29 sec
          Start  589: ContinuityEquationTest.MismatchedMassFluxSizeThrows
1512/2020 Test #1516: MomentumPredictorRelaxationTest.RejectsMismatchedPreviousValueSize .......................................   Passed    0.28 sec
          Start 1162: TurbulenceProductionTest.MismatchedFieldSizeThrows
1513/2020 Test  #569: FluidPropertiesTest.KinematicViscosityIsMuOverRho ........................................................   Passed    0.28 sec
          Start 1234: SSTEquationTest.OmegaDiffusivityMatchesHandDerivedBlendedValue
1514/2020 Test  #309: SolverFailureTest.LinearSolverSettingsRejectsInvalidValues ...............................................   Passed    0.28 sec
          Start 1060: EnergyEquationAssemblyTest.MismatchedTemperatureSizeThrows
1515/2020 Test  #751: TurbulenceCaseTest.RejectsSSTModelWithInitialEpsilonOnly .................................................   Passed    0.28 sec
          Start 1642: CorrectionApplicationTest.ZeroPressureCorrectionLeavesEverythingUnchanged
1516/2020 Test #1882: RestartIOTest.ReadRejectsMissingRequiredField ............................................................   Passed    0.28 sec
          Start 1149: LaminarModelTest.TurbulentViscosityIsZeroEverywhere
1517/2020 Test #1112: RegionAwareThermalDiffusionTest.RepeatedAssemblyIsDeterministic ..........................................   Passed    0.28 sec
          Start  358: OutletTest.VelocityZeroGradientReturnsOwnerValue
1518/2020 Test  #745: TurbulenceCaseTest.BuilderConstructsKOmegaConfigAndBoundaries ............................................   Passed    0.28 sec
          Start 1254: SSTModelTest.F1ApproachesOneNearAWallAndZeroFarFromIt
1519/2020 Test  #206: Field.DefaultConstructionIsEmpty .........................................................................   Passed    0.28 sec
          Start  571: FluidPropertiesTest.RejectsNegativeDensity
1520/2020 Test   #30: LoggerTest.MessagesAtOrAboveLevelAreEmittedWithPrefix ....................................................   Passed    0.28 sec
          Start 1880: RestartIOTest.ReadRejectsMalformedJsonSyntax
1521/2020 Test  #226: VectorFieldTest.ConstructionAndInitialization ............................................................   Passed    0.29 sec
          Start  871: VTKWriterTest.MismatchedSizeThrows
1522/2020 Test #1505: SIMPLESettingsTest.AcceptsVelocityRelaxationExactlyOne ...................................................   Passed    0.29 sec
          Start  351: WallTest.NormalAndTangentialComponentsAreZeroOnAllOrientations
1523/2020 Test #1520: PressureCorrectionTest.ConstantResponseCoefficientGivesSymmetricInternalCoupling .........................   Passed    0.29 sec
          Start 1256: SSTModelTest.FarFieldBlendApproachesSSTsOwnOuterCoefficientSet
1524/2020 Test #1202: KOmegaModelTest.TurbulentViscosityVanishesAsKVanishes ....................................................   Passed    0.29 sec
          Start 1668: PisoTest.PreviousStateArgumentIsNotMutated
1525/2020 Test  #589: ContinuityEquationTest.MismatchedMassFluxSizeThrows ......................................................   Passed    0.29 sec
          Start 1546: SIMPLEFailureTest.InvalidInnerSolverSettingsReportInvalidConfiguration
1526/2020 Test #1162: TurbulenceProductionTest.MismatchedFieldSizeThrows .......................................................   Passed    0.29 sec
          Start 1240: SSTEquationTest.ProductionLimiterRejectsInvalidFactorOrBetaStar
1527/2020 Test #1234: SSTEquationTest.OmegaDiffusivityMatchesHandDerivedBlendedValue ...........................................   Passed    0.29 sec
          Start  712: CaseValidationTest.MissingPressureBlockIsRejected
1528/2020 Test #1060: EnergyEquationAssemblyTest.MismatchedTemperatureSizeThrows ...............................................   Passed    0.29 sec
          Start  353: MovingWallTest.ReturnsConfiguredVelocityRegardlessOfOwner
1529/2020 Test #1642: CorrectionApplicationTest.ZeroPressureCorrectionLeavesEverythingUnchanged ................................   Passed    0.30 sec
          Start 1244: SSTModelTest.ConstructionMuTReducesToStandardKOmegaForm
1530/2020 Test #1149: LaminarModelTest.TurbulentViscosityIsZeroEverywhere ......................................................   Passed    0.30 sec
          Start  402: InterpolationTest.BoundaryFaceUsesFixedValueNotOwnerValue
1531/2020 Test  #358: OutletTest.VelocityZeroGradientReturnsOwnerValue .........................................................   Passed    0.30 sec
          Start  601: MomentumConvectionTest.BoundaryInflowUsesBoundaryValueOnRhs
1532/2020 Test #1254: SSTModelTest.F1ApproachesOneNearAWallAndZeroFarFromIt ....................................................   Passed    0.30 sec
          Start  219: ScalarFieldTest.ElementwiseAddition
1533/2020 Test  #571: FluidPropertiesTest.RejectsNegativeDensity ...............................................................   Passed    0.30 sec
          Start  750: TurbulenceCaseTest.RejectsUnsupportedModelName
1534/2020 Test #1880: RestartIOTest.ReadRejectsMalformedJsonSyntax .............................................................   Passed    0.30 sec
          Start 1655: SecondPressureCorrectionTest.RepeatedSecondCorrectionAssemblyIsBitIdentical
1535/2020 Test  #871: VTKWriterTest.MismatchedSizeThrows .......................................................................   Passed    0.31 sec
          Start  972: CFLTest.RejectsNonFiniteOrNonPositiveDensity
1536/2020 Test  #351: WallTest.NormalAndTangentialComponentsAreZeroOnAllOrientations ...........................................   Passed    0.31 sec
          Start   49: MeshCell.StoresIdCentroidAndVolume
1537/2020 Test #1256: SSTModelTest.FarFieldBlendApproachesSSTsOwnOuterCoefficientSet ...........................................   Passed    0.31 sec
          Start 1158: KEpsilonCoefficientsTest.DefaultsMatchStandardModel
1538/2020 Test #1668: PisoTest.PreviousStateArgumentIsNotMutated ...............................................................   Passed    0.31 sec
          Start  877: VTKWriterTest.NonFiniteTemperatureThrows
1539/2020 Test #1546: SIMPLEFailureTest.InvalidInnerSolverSettingsReportInvalidConfiguration ...................................   Passed    0.31 sec
          Start  733: ThermalCaseTest.RejectsMissingValueForFixedTemperature
1540/2020 Test #1240: SSTEquationTest.ProductionLimiterRejectsInvalidFactorOrBetaStar ..........................................   Passed    0.31 sec
          Start  496: GridRefinementTest.UpwindConvectionConvergesAtFirstOrder
1541/2020 Test  #712: CaseValidationTest.MissingPressureBlockIsRejected ........................................................   Passed    0.31 sec
          Start 1083: ThermalSolverTest.InvalidConfigurationForMismatchedMassFluxSize
1542/2020 Test  #353: MovingWallTest.ReturnsConfiguredVelocityRegardlessOfOwner ................................................   Passed    0.31 sec
          Start  944: TimeControllerTest.NormalSteppingUsesNominalDeltaT
1543/2020 Test #1244: SSTModelTest.ConstructionMuTReducesToStandardKOmegaForm ..................................................   Passed    0.30 sec
          Start  587: ContinuityEquationTest.DivergenceFreeRotationalFieldGivesNearZeroImbalance
1544/2020 Test  #402: InterpolationTest.BoundaryFaceUsesFixedValueNotOwnerValue ................................................   Passed    0.30 sec
          Start  343: FixedValueTest.BoundaryValueIgnoresOwnerValue
1545/2020 Test  #601: MomentumConvectionTest.BoundaryInflowUsesBoundaryValueOnRhs ..............................................   Passed    0.30 sec
          Start  240: FieldArithmetic.VectorIdentities
1546/2020 Test  #219: ScalarFieldTest.ElementwiseAddition ......................................................................   Passed    0.30 sec
          Start   36: CoreTimer.SecondsAndMillisecondsAreConsistent
1547/2020 Test  #750: TurbulenceCaseTest.RejectsUnsupportedModelName ...........................................................   Passed    0.30 sec
          Start  966: CFLTest.HalvingDtHalvesCFL
1548/2020 Test #1655: SecondPressureCorrectionTest.RepeatedSecondCorrectionAssemblyIsBitIdentical ..............................   Passed    0.30 sec
          Start  950: TimeControllerTest.StartEqualsEndIsImmediatelyFinished
1549/2020 Test  #972: CFLTest.RejectsNonFiniteOrNonPositiveDensity .............................................................   Passed    0.29 sec
          Start 1681: PisoTransientIntegrationTest.DirectPisoSequenceMatchesTransientSolverBitIdentical
1550/2020 Test   #49: MeshCell.StoresIdCentroidAndVolume .......................................................................   Passed    0.29 sec
          Start 1062: EnergyEquationAssemblyTest.RejectsNonFiniteHeatSource
1551/2020 Test #1158: KEpsilonCoefficientsTest.DefaultsMatchStandardModel ......................................................   Passed    0.29 sec
          Start  752: TurbulenceCaseTest.RejectsBothInitialEpsilonAndInitialOmega
1552/2020 Test  #877: VTKWriterTest.NonFiniteTemperatureThrows .................................................................   Passed    0.29 sec
          Start 1108: RegionAwareThermalDiffusionTest.InterfaceCoefficientMatchesHandDerivedExample
1553/2020 Test  #733: ThermalCaseTest.RejectsMissingValueForFixedTemperature ...................................................   Passed    0.30 sec
          Start  440: LaplacianTest.QuadraticFieldGivesFour
1554/2020 Test  #496: GridRefinementTest.UpwindConvectionConvergesAtFirstOrder .................................................   Passed    0.30 sec
          Start  997: RestartSnapshotTest.NonFiniteTimeIsRejected
1555/2020 Test #1083: ThermalSolverTest.InvalidConfigurationForMismatchedMassFluxSize ..........................................   Passed    0.31 sec
          Start  594: MomentumDiffusionTest.MismatchedVelocitySizeThrows
1556/2020 Test  #944: TimeControllerTest.NormalSteppingUsesNominalDeltaT .......................................................   Passed    0.31 sec
          Start  229: VectorFieldTest.ScalarMultiplicationBothOrders
1557/2020 Test  #587: ContinuityEquationTest.DivergenceFreeRotationalFieldGivesNearZeroImbalance ...............................   Passed    0.31 sec
          Start  224: ScalarFieldTest.CompoundOperators
1558/2020 Test  #343: FixedValueTest.BoundaryValueIgnoresOwnerValue ............................................................   Passed    0.32 sec
          Start 1889: RestartIOTest.ReadRejectsInvalidDeltaT
1559/2020 Test  #240: FieldArithmetic.VectorIdentities .........................................................................   Passed    0.32 sec
          Start  372: FixedTemperatureTest.TypeAndNameAreThermalSpecific
1560/2020 Test   #36: CoreTimer.SecondsAndMillisecondsAreConsistent ............................................................   Passed    0.33 sec
          Start  527: TimeDerivativeTest.RejectsNonFiniteOrNonPositiveDensity
1561/2020 Test  #966: CFLTest.HalvingDtHalvesCFL ...............................................................................   Passed    0.33 sec
          Start 1066: EnergyEquationThermalBCIntegrationTest.FixedTemperatureGivesIdenticalResultToEquivalentFixedValue
1562/2020 Test  #950: TimeControllerTest.StartEqualsEndIsImmediatelyFinished ...................................................   Passed    0.33 sec
          Start 1524: PressureCorrectionTest.NonPositiveDensityThrows
1563/2020 Test #1681: PisoTransientIntegrationTest.DirectPisoSequenceMatchesTransientSolverBitIdentical ........................   Passed    0.33 sec
          Start  344: FixedValueTest.ExposesTypeAndName
1564/2020 Test #1062: EnergyEquationAssemblyTest.RejectsNonFiniteHeatSource ....................................................   Passed    0.34 sec
          Start  241: FieldArithmetic.EmptyFieldsAreAddable
1565/2020 Test  #752: TurbulenceCaseTest.RejectsBothInitialEpsilonAndInitialOmega ..............................................   Passed    0.34 sec
          Start 1640: TransientPressureCorrectionTest.RepeatedPipelineRunIsBitIdentical
1566/2020 Test #1108: RegionAwareThermalDiffusionTest.InterfaceCoefficientMatchesHandDerivedExample ............................   Passed    0.34 sec
          Start  284: CGTest.IdentityMatrixSolvesImmediately
1567/2020 Test  #440: LaplacianTest.QuadraticFieldGivesFour ....................................................................   Passed    0.33 sec
          Start 1201: KOmegaModelTest.RejectsInvalidCoefficients
1568/2020 Test  #997: RestartSnapshotTest.NonFiniteTimeIsRejected ..............................................................   Passed    0.32 sec
          Start 1627: TransientMomentumAssemblyTest.PreviousComponentValueIsNotMutated
1569/2020 Test  #594: MomentumDiffusionTest.MismatchedVelocitySizeThrows .......................................................   Passed    0.32 sec
          Start 1677: PisoTest.NonFiniteInputStateReturnsNonFiniteState
1570/2020 Test  #229: VectorFieldTest.ScalarMultiplicationBothOrders ...........................................................   Passed    0.31 sec
          Start 1656: FinalCorrectionTest.ZeroSecondCorrectionLeavesFirstCorrectionStateBitIdentical
1571/2020 Test  #224: ScalarFieldTest.CompoundOperators ........................................................................   Passed    0.31 sec
          Start 1885: RestartIOTest.ReadRejectsCellCountMismatch
1572/2020 Test #1889: RestartIOTest.ReadRejectsInvalidDeltaT ...................................................................   Passed    0.31 sec
          Start 1242: SSTModelTest.FieldsSizedToMeshAtConstruction
1573/2020 Test  #372: FixedTemperatureTest.TypeAndNameAreThermalSpecific .......................................................   Passed    0.31 sec
          Start  697: CaseValidationTest.UnsupportedMeshTypeIsRejected
1574/2020 Test  #527: TimeDerivativeTest.RejectsNonFiniteOrNonPositiveDensity ..................................................   Passed    0.30 sec
          Start  437: DivergenceTest.GlobalDivergenceTheoremHolds
1575/2020 Test #1066: EnergyEquationThermalBCIntegrationTest.FixedTemperatureGivesIdenticalResultToEquivalentFixedValue ........   Passed    0.30 sec
          Start  702: CaseValidationTest.NonPositiveViscosityIsRejected
1576/2020 Test #1524: PressureCorrectionTest.NonPositiveDensityThrows ..........................................................   Passed    0.30 sec
          Start   54: MeshFace.BoundaryFaceHasNoNeighbor
1577/2020 Test  #344: FixedValueTest.ExposesTypeAndName ........................................................................   Passed    0.29 sec
          Start  207: Field.SizedConstructionValueInitializes
1578/2020 Test  #241: FieldArithmetic.EmptyFieldsAreAddable ....................................................................   Passed    0.29 sec
          Start  613: MomentumAssemblyTest.CavityAssemblyIsFiniteWithLidForcingOnUOnly
1579/2020 Test #1640: TransientPressureCorrectionTest.RepeatedPipelineRunIsBitIdentical ........................................   Passed    0.29 sec
          Start  112: MeshFingerprintTest.DifferentDomainSizeWithSameCellAndFaceCountProducesDifferentFingerprint
1580/2020 Test  #284: CGTest.IdentityMatrixSolvesImmediately ...................................................................   Passed    0.29 sec
          Start 1255: SSTModelTest.NearWallBlendApproachesSSTsOwnInnerCoefficientSet
1581/2020 Test #1201: KOmegaModelTest.RejectsInvalidCoefficients ...............................................................   Passed    0.30 sec
          Start  294: BiCGSTABTest.ZeroRhsConvergesImmediately
1582/2020 Test #1627: TransientMomentumAssemblyTest.PreviousComponentValueIsNotMutated .........................................   Passed    0.30 sec
          Start  709: CaseValidationTest.WallWithUnexpectedVelocityValueIsRejected
1583/2020 Test #1677: PisoTest.NonFiniteInputStateReturnsNonFiniteState ........................................................   Passed    0.30 sec
          Start  375: HeatFluxTest.PositiveFluxGivesHandDerivedNegativeGradient
1584/2020 Test #1656: FinalCorrectionTest.ZeroSecondCorrectionLeavesFirstCorrectionStateBitIdentical ...........................   Passed    0.30 sec
          Start  266: SparseMatrixTest.RejectsNonZeroFirstRowOffset
1585/2020 Test #1885: RestartIOTest.ReadRejectsCellCountMismatch ...............................................................   Passed    0.30 sec
          Start 1643: CorrectionApplicationTest.FullPipelineFromRestProducesFiniteCorrectedState
1586/2020 Test #1242: SSTModelTest.FieldsSizedToMeshAtConstruction .............................................................   Passed    0.30 sec
          Start 1667: PisoTest.OneStepMatchesIndependentManualPipelineBitIdentical
1587/2020 Test  #697: CaseValidationTest.UnsupportedMeshTypeIsRejected .........................................................   Passed    0.29 sec
          Start  113: MeshFingerprintTest.DifferentResolutionProducesDifferentFingerprint
1588/2020 Test  #437: DivergenceTest.GlobalDivergenceTheoremHolds ..............................................................   Passed    0.29 sec
          Start  382: HeatFluxTest.RejectsNonFiniteHeatFlux
1589/2020 Test  #702: CaseValidationTest.NonPositiveViscosityIsRejected ........................................................   Passed    0.29 sec
          Start 1515: MomentumPredictorRelaxationTest.RejectsAlphaOutOfRange
1590/2020 Test   #54: MeshFace.BoundaryFaceHasNoNeighbor .......................................................................   Passed    0.29 sec
          Start  969: CFLTest.RejectsFaceFluxSizeMismatch
1591/2020 Test  #207: Field.SizedConstructionValueInitializes ..................................................................   Passed    0.29 sec
          Start  248: AlgebraVector.Subtraction
1592/2020 Test  #613: MomentumAssemblyTest.CavityAssemblyIsFiniteWithLidForcingOnUOnly .........................................   Passed    0.29 sec
          Start   64: Mesh.RejectsEmptyCellsOrFaces
1593/2020 Test  #112: MeshFingerprintTest.DifferentDomainSizeWithSameCellAndFaceCountProducesDifferentFingerprint ..............   Passed    0.29 sec
          Start 1548: SIMPLENonFiniteTest.NaNInitialVelocityIsDetectedImmediately
1594/2020 Test #1255: SSTModelTest.NearWallBlendApproachesSSTsOwnInnerCoefficientSet ...........................................   Passed    0.30 sec
          Start  407: GradientTest.PhiXGivesGradientOneZero
1595/2020 Test  #294: BiCGSTABTest.ZeroRhsConvergesImmediately .................................................................   Passed    0.30 sec
          Start   55: MeshFace.AreaIsMagnitudeOfAreaVector
1596/2020 Test  #375: HeatFluxTest.PositiveFluxGivesHandDerivedNegativeGradient ................................................   Passed    0.28 sec
          Start 1686: PisoTransientIntegrationTest.RealComputedCflCanTriggerCflViolationWhenFailAboveIsLow
1597/2020 Test  #709: CaseValidationTest.WallWithUnexpectedVelocityValueIsRejected .............................................   Passed    0.33 sec
          Start  736: ThermalCaseTest.RejectsTemperatureKeyWhenThermalDisabled
1598/2020 Test  #266: SparseMatrixTest.RejectsNonZeroFirstRowOffset ............................................................   Passed    0.31 sec
          Start  400: InterpolationTest.LinearFieldPhiXIsExactAtEveryFace
1599/2020 Test #1643: CorrectionApplicationTest.FullPipelineFromRestProducesFiniteCorrectedState ...............................   Passed    0.31 sec
          Start   24: CoreException.MessageSurvivesConstruction
1600/2020 Test #1667: PisoTest.OneStepMatchesIndependentManualPipelineBitIdentical .............................................   Passed    0.32 sec
          Start 1513: MomentumPredictorRelaxationTest.OffDiagonalCoefficientsAreUnchanged
1601/2020 Test  #113: MeshFingerprintTest.DifferentResolutionProducesDifferentFingerprint ......................................   Passed    0.32 sec
          Start  958: TimeControllerTest.RepeatedRunsAreBitIdentical
1602/2020 Test  #382: HeatFluxTest.RejectsNonFiniteHeatFlux ....................................................................   Passed    0.32 sec
          Start 1543: SIMPLEFailureTest.PressureSolverTooFewIterationsReportsPressureCorrectionFailure
1603/2020 Test #1515: MomentumPredictorRelaxationTest.RejectsAlphaOutOfRange ...................................................   Passed    0.32 sec
          Start 1638: TransientPressureCorrectionTest.FullPipelineFromRestReturnsFinitePressureCorrection
1604/2020 Test  #969: CFLTest.RejectsFaceFluxSizeMismatch ......................................................................   Passed    0.32 sec
          Start  715: CaseValidationTest.ZeroRelaxationIsRejected
1605/2020 Test  #248: AlgebraVector.Subtraction ................................................................................   Passed    0.32 sec
          Start   60: MeshBoundaryPatch.RejectsEmptyName
1606/2020 Test   #64: Mesh.RejectsEmptyCellsOrFaces ............................................................................   Passed    0.32 sec
          Start 1186: KEpsilonModelTest.EffectiveViscosityEqualsMolecularPlusTurbulent
1607/2020 Test #1548: SIMPLENonFiniteTest.NaNInitialVelocityIsDetectedImmediately ..............................................   Passed    0.32 sec
          Start  679: CaseReaderTest.MissingManifestThrowsIOError
1608/2020 Test  #407: GradientTest.PhiXGivesGradientOneZero ....................................................................   Passed    0.31 sec
          Start  592: MomentumDiffusionTest.InternalFaceCoefficientsAreSymmetric
1609/2020 Test   #55: MeshFace.AreaIsMagnitudeOfAreaVector .....................................................................   Passed    0.31 sec
          Start  844: CSVWriterTest.NonFiniteTemperatureThrows
1610/2020 Test #1686: PisoTransientIntegrationTest.RealComputedCflCanTriggerCflViolationWhenFailAboveIsLow .....................   Passed    0.31 sec
          Start  831: CSVWriterTest.WriteFieldsVelocityPressureAndMagnitudeAreCorrect
1611/2020 Test  #736: ThermalCaseTest.RejectsTemperatureKeyWhenThermalDisabled .................................................   Passed    0.30 sec
          Start 1264: TurbulenceModelFactoryTest.SSTNameCreatesSSTModel
1612/2020 Test  #400: InterpolationTest.LinearFieldPhiXIsExactAtEveryFace ......................................................   Passed    0.30 sec
          Start 1690: PISOTurbulenceTest.ElevatedEddyViscosityChangesPredictedState
1613/2020 Test   #24: CoreException.MessageSurvivesConstruction ................................................................   Passed    0.30 sec
          Start  572: FluidPropertiesTest.RejectsZeroViscosity
1614/2020 Test #1513: MomentumPredictorRelaxationTest.OffDiagonalCoefficientsAreUnchanged ......................................   Passed    0.30 sec
          Start  434: DivergenceTest.ConstantVectorFieldHasZeroDivergence
1615/2020 Test  #958: TimeControllerTest.RepeatedRunsAreBitIdentical ...........................................................   Passed    0.30 sec
          Start  866: VTKWriterTest.HeaderIsWellFormed
1616/2020 Test #1543: SIMPLEFailureTest.PressureSolverTooFewIterationsReportsPressureCorrectionFailure .........................   Passed    0.30 sec
          Start  387: AdiabaticTest.TypeAndNameAreThermalSpecific
1617/2020 Test #1638: TransientPressureCorrectionTest.FullPipelineFromRestReturnsFinitePressureCorrection ......................   Passed    0.30 sec
          Start  957: TimeControllerTest.RejectsNonFiniteInputs
1618/2020 Test  #715: CaseValidationTest.ZeroRelaxationIsRejected ..............................................................   Passed    0.30 sec
          Start 1258: TurbulenceModelFactoryTest.KEpsilonNameCreatesKEpsilonModel
1619/2020 Test   #60: MeshBoundaryPatch.RejectsEmptyName .......................................................................   Passed    0.30 sec
          Start  438: LaplacianTest.PhiXHasZeroLaplacian
1620/2020 Test #1186: KEpsilonModelTest.EffectiveViscosityEqualsMolecularPlusTurbulent .........................................   Passed    0.29 sec
          Start 1674: PisoTest.NonPositiveOrNonFiniteDtReturnsInvalidConfiguration
1621/2020 Test  #679: CaseReaderTest.MissingManifestThrowsIOError ..............................................................   Passed    0.29 sec
          Start 1161: TurbulenceProductionTest.NormalStrainContributesWithFactorTwo
1622/2020 Test  #592: MomentumDiffusionTest.InternalFaceCoefficientsAreSymmetric ...............................................   Passed    0.30 sec
          Start  716: CaseValidationTest.NonPositiveToleranceIsRejected
1623/2020 Test  #844: CSVWriterTest.NonFiniteTemperatureThrows .................................................................   Passed    0.30 sec
          Start  107: CartesianMesh.DeterministicGeneration
1624/2020 Test  #831: CSVWriterTest.WriteFieldsVelocityPressureAndMagnitudeAreCorrect ..........................................   Passed    0.30 sec
          Start  954: TimeControllerTest.RejectsNonPositiveDeltaT
1625/2020 Test #1264: TurbulenceModelFactoryTest.SSTNameCreatesSSTModel ........................................................   Passed    0.30 sec
          Start 1085: ThermalSolverTest.LinearSolveFailureWhenInnerSolverIsStarved
1626/2020 Test #1690: PISOTurbulenceTest.ElevatedEddyViscosityChangesPredictedState ............................................   Passed    0.30 sec
          Start 1101: ThermalRegionMapTest.RejectsOutOfRangeRegionIndex
1627/2020 Test  #572: FluidPropertiesTest.RejectsZeroViscosity .................................................................   Passed    0.30 sec
          Start   66: MeshGeometry.UnitNormalHasUnitMagnitude
1628/2020 Test  #434: DivergenceTest.ConstantVectorFieldHasZeroDivergence ......................................................   Passed    0.30 sec
          Start  584: ContinuityEquationTest.InternalFacePairCancelsExactly
1629/2020 Test  #866: VTKWriterTest.HeaderIsWellFormed .........................................................................   Passed    0.30 sec
          Start 1883: RestartIOTest.ReadRejectsWrongFormatVersion
1630/2020 Test  #387: AdiabaticTest.TypeAndNameAreThermalSpecific ..............................................................   Passed    0.30 sec
          Start  386: AdiabaticTest.EquivalentToZeroHeatFluxForAnyConductivity
1631/2020 Test  #957: TimeControllerTest.RejectsNonFiniteInputs ................................................................   Passed    0.30 sec
          Start  232: VectorFieldTest.SelfSubtractionIsZeroField
1632/2020 Test #1258: TurbulenceModelFactoryTest.KEpsilonNameCreatesKEpsilonModel ..............................................   Passed    0.30 sec
          Start 1235: SSTEquationTest.TurbulentViscosityOmegaDominatedBranch
1633/2020 Test  #438: LaplacianTest.PhiXHasZeroLaplacian .......................................................................   Passed    0.30 sec
          Start 1048: EnergyEquationDiffusionTest.MismatchedTemperatureSizeThrows
1634/2020 Test #1674: PisoTest.NonPositiveOrNonFiniteDtReturnsInvalidConfiguration .............................................   Passed    0.30 sec
          Start  744: TurbulenceCaseTest.ParsesKOmegaConfigWhenEnabled
1635/2020 Test #1161: TurbulenceProductionTest.NormalStrainContributesWithFactorTwo ............................................   Passed    0.30 sec
          Start 1247: SSTModelTest.RejectsInvalidInitialOmega
1636/2020 Test  #716: CaseValidationTest.NonPositiveToleranceIsRejected ........................................................   Passed    0.30 sec
          Start  105: CartesianMesh.FourByThree
1637/2020 Test  #107: CartesianMesh.DeterministicGeneration ....................................................................   Passed    0.30 sec
          Start 1207: SSTCoefficientsTest.DefaultsMatchStandardModel
1638/2020 Test  #954: TimeControllerTest.RejectsNonPositiveDeltaT ..............................................................   Passed    0.30 sec
          Start  699: CaseValidationTest.FractionalNxIsRejected
1639/2020 Test #1085: ThermalSolverTest.LinearSolveFailureWhenInnerSolverIsStarved .............................................   Passed    0.30 sec
          Start  615: MomentumAssemblyTest.RepeatedAssemblyIsDeterministic
1640/2020 Test #1101: ThermalRegionMapTest.RejectsOutOfRangeRegionIndex ........................................................   Passed    0.30 sec
          Start  251: AlgebraVector.DivisionByZeroThrows
1641/2020 Test   #66: MeshGeometry.UnitNormalHasUnitMagnitude ..................................................................   Passed    0.30 sec
          Start 1663: FinalCorrectionTest.RealPipelineSecondCorrectionIsEffectivelyIdempotentAfterFullFirst
1642/2020 Test  #584: ContinuityEquationTest.InternalFacePairCancelsExactly ....................................................   Passed    0.30 sec
          Start    1: CFDAppSmokeTest
1643/2020 Test #1883: RestartIOTest.ReadRejectsWrongFormatVersion ..............................................................   Passed    0.30 sec
          Start 1652: SecondPressureCorrectionTest.RealPipelineTightFirstCorrectionGivesNearZeroSecondCorrection
1644/2020 Test  #386: AdiabaticTest.EquivalentToZeroHeatFluxForAnyConductivity .................................................   Passed    0.30 sec
          Start  575: FluidPropertiesTest.RejectsNonFiniteViscosity
1645/2020 Test  #232: VectorFieldTest.SelfSubtractionIsZeroField ...............................................................   Passed    0.30 sec
          Start  211: Field.CheckedAccessThrowsOutOfRange
1646/2020 Test #1235: SSTEquationTest.TurbulentViscosityOmegaDominatedBranch ...................................................   Passed    0.30 sec
          Start 1262: TurbulenceModelFactoryTest.KOmegaOverloadRejectsUnsupportedModelNames
1647/2020 Test #1048: EnergyEquationDiffusionTest.MismatchedTemperatureSizeThrows ..............................................   Passed    0.30 sec
          Start  979: TransientSolverTest.StepReportedNonFiniteStatePropagates
1648/2020 Test  #744: TurbulenceCaseTest.ParsesKOmegaConfigWhenEnabled .........................................................   Passed    0.30 sec
          Start  222: ScalarFieldTest.ScalarDivision
1649/2020 Test #1247: SSTModelTest.RejectsInvalidInitialOmega ..................................................................   Passed    0.30 sec
          Start  392: WallOmegaTest.SmallerDistanceGivesLargerOmega
1650/2020 Test  #105: CartesianMesh.FourByThree ................................................................................   Passed    0.30 sec
          Start 1678: PisoTest.ForcedMomentumFailurePropagatesAsMomentumFailure
1651/2020 Test #1207: SSTCoefficientsTest.DefaultsMatchStandardModel ...........................................................   Passed    0.29 sec
          Start  529: TimeDerivativeTest.ImplicitEulerOdeConvergesAtFirstOrder
1652/2020 Test  #699: CaseValidationTest.FractionalNxIsRejected ................................................................   Passed    0.29 sec
          Start 1168: KEpsilonEquationTest.ImplicitSourceAddsToDiagonalAndRhsCorrectly
1653/2020 Test  #615: MomentumAssemblyTest.RepeatedAssemblyIsDeterministic .....................................................   Passed    0.29 sec
          Start  875: VTKWriterTest.AppendsTemperatureBlockAfterVelocityMagnitudeWhenProvided
1654/2020 Test  #251: AlgebraVector.DivisionByZeroThrows .......................................................................   Passed    0.29 sec
          Start 1134: TurbulenceModelTest.ZeroTurbulentViscosityIsAccepted
1655/2020 Test #1663: FinalCorrectionTest.RealPipelineSecondCorrectionIsEffectivelyIdempotentAfterFullFirst ....................   Passed    0.29 sec
          Start  753: TurbulenceCaseTest.RejectsNeitherInitialEpsilonNorInitialOmega
1656/2020 Test    #1: CFDAppSmokeTest ..........................................................................................   Passed    0.28 sec
          Start 1034: ThermalPropertiesTest.ThermalDiffusivityIsKOverRhoCp
1657/2020 Test #1652: SecondPressureCorrectionTest.RealPipelineTightFirstCorrectionGivesNearZeroSecondCorrection ...............   Passed    0.29 sec
          Start  260: SparseMatrixTest.MultiplyRejectsSizeMismatch
1658/2020 Test  #575: FluidPropertiesTest.RejectsNonFiniteViscosity ............................................................   Passed    0.29 sec
          Start  242: FieldArithmetic.TwoByTwoMeshIntegration
1659/2020 Test  #211: Field.CheckedAccessThrowsOutOfRange ......................................................................   Passed    0.29 sec
          Start  953: TimeControllerTest.AdvanceAfterFinishedThrows
1660/2020 Test #1262: TurbulenceModelFactoryTest.KOmegaOverloadRejectsUnsupportedModelNames ....................................   Passed    0.28 sec
          Start  996: RestartSnapshotTest.NonFiniteMassFluxIsRejected
1661/2020 Test  #979: TransientSolverTest.StepReportedNonFiniteStatePropagates .................................................   Passed    0.28 sec
          Start  605: MomentumConvectionTest.MismatchedMassFluxSizeThrows
1662/2020 Test  #222: ScalarFieldTest.ScalarDivision ...........................................................................   Passed    0.28 sec
          Start  839: CSVWriterTest.WriteResidualsInconsistentHistoryLengthsThrows
1663/2020 Test  #392: WallOmegaTest.SmallerDistanceGivesLargerOmega ............................................................   Passed    0.28 sec
          Start 1139: ValidateTurbulentViscosityFieldTest.AcceptsCorrectlySizedFiniteNonNegativeField
1664/2020 Test #1678: PisoTest.ForcedMomentumFailurePropagatesAsMomentumFailure ................................................   Passed    0.29 sec
          Start 1535: FluxCorrectionTest.ConstantPressureCorrectionGivesZeroFluxCorrectionEverywhere
1665/2020 Test  #529: TimeDerivativeTest.ImplicitEulerOdeConvergesAtFirstOrder .................................................   Passed    0.29 sec
          Start  439: LaplacianTest.PhiYHasZeroLaplacian
1666/2020 Test #1168: KEpsilonEquationTest.ImplicitSourceAddsToDiagonalAndRhsCorrectly .........................................   Passed    0.29 sec
          Start  263: SparseMatrixTest.AllFinite
1667/2020 Test  #875: VTKWriterTest.AppendsTemperatureBlockAfterVelocityMagnitudeWhenProvided ..................................   Passed    0.29 sec
          Start  606: MomentumPressureTest.LinearPressureXGivesNegativeXSourceZeroYSource
1668/2020 Test #1134: TurbulenceModelTest.ZeroTurbulentViscosityIsAccepted .....................................................   Passed    0.29 sec
          Start 1209: WallDistanceTest.HandDerivedDistanceAtDomainCenter
1669/2020 Test  #753: TurbulenceCaseTest.RejectsNeitherInitialEpsilonNorInitialOmega ...........................................   Passed    0.29 sec
          Start 1547: SIMPLEFailureTest.OutOfRangeReferenceCellReportsInvalidConfiguration
1670/2020 Test #1034: ThermalPropertiesTest.ThermalDiffusivityIsKOverRhoCp .....................................................   Passed    0.30 sec
          Start 1673: PisoTest.TinyLidDrivenCavityOneStepConservesMassNearMachineZero
1671/2020 Test  #260: SparseMatrixTest.MultiplyRejectsSizeMismatch .............................................................   Passed    0.30 sec
          Start  757: TurbulenceCaseTest.RejectsNonPositiveInitialEpsilon
1672/2020 Test  #242: FieldArithmetic.TwoByTwoMeshIntegration ..................................................................   Passed    0.30 sec
          Start  754: TurbulenceCaseTest.RejectsKEpsilonModelWithInitialOmegaOnly
1673/2020 Test  #953: TimeControllerTest.AdvanceAfterFinishedThrows ............................................................   Passed    0.29 sec
          Start  110: MeshFingerprintTest.TwoSeparatelyBuiltIdenticalMeshesProduceIdenticalFingerprints
1674/2020 Test  #996: RestartSnapshotTest.NonFiniteMassFluxIsRejected ..........................................................   Passed    0.30 sec
          Start 1082: ThermalSolverTest.InvalidConfigurationForMismatchedTemperatureSize
1675/2020 Test  #605: MomentumConvectionTest.MismatchedMassFluxSizeThrows ......................................................   Passed    0.30 sec
          Start  832: CSVWriterTest.WriteFieldsUsesFullPrecisionScientificNotation
1676/2020 Test  #839: CSVWriterTest.WriteResidualsInconsistentHistoryLengthsThrows .............................................   Passed    0.30 sec
          Start  701: CaseValidationTest.NonPositiveDensityIsRejected
1677/2020 Test #1139: ValidateTurbulentViscosityFieldTest.AcceptsCorrectlySizedFiniteNonNegativeField ..........................   Passed    0.30 sec
          Start  872: VTKWriterTest.NonFiniteValueThrows
1678/2020 Test #1535: FluxCorrectionTest.ConstantPressureCorrectionGivesZeroFluxCorrectionEverywhere ...........................   Passed    0.29 sec
          Start  598: MomentumDiffusionTest.NonFiniteOrNonPositiveEffectiveViscosityFieldThrows
1679/2020 Test  #439: LaplacianTest.PhiYHasZeroLaplacian .......................................................................   Passed    0.29 sec
          Start  362: SymmetryTest.ResultIsAlwaysNormalToPlane
1680/2020 Test  #263: SparseMatrixTest.AllFinite ...............................................................................   Passed    0.29 sec
          Start  867: VTKWriterTest.PointCountMatchesStructuredGrid
1681/2020 Test  #606: MomentumPressureTest.LinearPressureXGivesNegativeXSourceZeroYSource ......................................   Passed    0.29 sec
          Start 1502: SIMPLESettingsTest.RejectsZeroVelocityRelaxation
1682/2020 Test #1209: WallDistanceTest.HandDerivedDistanceAtDomainCenter .......................................................   Passed    0.29 sec
          Start  947: TimeControllerTest.SequenceMatchesWorkedExample
1683/2020 Test #1547: SIMPLEFailureTest.OutOfRangeReferenceCellReportsInvalidConfiguration .....................................   Passed    0.29 sec
          Start 1679: PisoTest.ForcedPressureCorrectionFailurePropagatesAsPressureCorrectionFailure
1684/2020 Test #1673: PisoTest.TinyLidDrivenCavityOneStepConservesMassNearMachineZero ..........................................   Passed    0.29 sec
          Start  361: SymmetryTest.TopPlaneRemovesNormalComponent
1685/2020 Test  #757: TurbulenceCaseTest.RejectsNonPositiveInitialEpsilon ......................................................   Passed    0.29 sec
          Start   21: CoreConstants.DerivedAnglesAreConsistent
1686/2020 Test  #754: TurbulenceCaseTest.RejectsKEpsilonModelWithInitialOmegaOnly ..............................................   Passed    0.29 sec
          Start  727: ThermalCaseTest.BuilderConstructsHeatFluxWithCaseConductivity
1687/2020 Test  #110: MeshFingerprintTest.TwoSeparatelyBuiltIdenticalMeshesProduceIdenticalFingerprints ........................   Passed    0.28 sec
          Start  586: ContinuityEquationTest.GlobalDivergenceTheoremIdentityHolds
1688/2020 Test #1082: ThermalSolverTest.InvalidConfigurationForMismatchedTemperatureSize .......................................   Passed    0.28 sec
          Start  381: HeatFluxTest.RejectsInvalidConductivity
1689/2020 Test  #832: CSVWriterTest.WriteFieldsUsesFullPrecisionScientificNotation .............................................   Passed    0.28 sec
          Start 1154: LaminarModelTest.DifferentFiniteFlowFieldsStillProduceZeroMuT
1690/2020 Test  #701: CaseValidationTest.NonPositiveDensityIsRejected ..........................................................   Passed    0.29 sec
          Start   53: MeshFace.InternalFaceStoresOwnerAndNeighbor
1691/2020 Test  #872: VTKWriterTest.NonFiniteValueThrows .......................................................................   Passed    0.28 sec
          Start 1688: PisoTransientIntegrationTest.CallerInitialStateArgumentIsNotMutated
1692/2020 Test  #598: MomentumDiffusionTest.NonFiniteOrNonPositiveEffectiveViscosityFieldThrows ................................   Passed    0.28 sec
          Start 1145: EffectiveViscosityTest.RejectsNonPositiveMolecularViscosity
1693/2020 Test  #362: SymmetryTest.ResultIsAlwaysNormalToPlane .................................................................   Passed    0.28 sec
          Start 1193: KOmegaEquationTest.KSourceMatchesHandDerivedExample
1694/2020 Test  #867: VTKWriterTest.PointCountMatchesStructuredGrid ............................................................   Passed    0.28 sec
          Start 1687: PisoTransientIntegrationTest.RepeatedIdenticalMultiStepRunIsBitIdentical
1695/2020 Test #1502: SIMPLESettingsTest.RejectsZeroVelocityRelaxation .........................................................   Passed    0.28 sec
          Start 1099: ThermalRegionMapTest.RejectsDuplicateRegionNames
1696/2020 Test  #947: TimeControllerTest.SequenceMatchesWorkedExample ..........................................................   Passed    0.28 sec
          Start  616: MomentumAssemblyTest.UAndVSystemsAreIndependentScalarSystems
1697/2020 Test #1679: PisoTest.ForcedPressureCorrectionFailurePropagatesAsPressureCorrectionFailure ............................   Passed    0.28 sec
          Start   50: MeshCell.AddFaceAppendsFaceIds
1698/2020 Test  #361: SymmetryTest.TopPlaneRemovesNormalComponent ..............................................................   Passed    0.28 sec
          Start 1645: CorrectionApplicationTest.WallNormalBoundaryFluxStaysExactlyZeroAfterCorrection
1699/2020 Test   #21: CoreConstants.DerivedAnglesAreConsistent .................................................................   Passed    0.28 sec
          Start  273: LinearSystemTest.ValidSystemConstructsAndExposesData
1700/2020 Test  #727: ThermalCaseTest.BuilderConstructsHeatFluxWithCaseConductivity ............................................   Passed    0.28 sec
          Start  833: CSVWriterTest.WriteFieldsMismatchedSizeThrows
1701/2020 Test  #586: ContinuityEquationTest.GlobalDivergenceTheoremIdentityHolds ..............................................   Passed    0.28 sec
          Start 1877: RestartIOTest.WriteThenReadRoundTripsExactly
1702/2020 Test  #381: HeatFluxTest.RejectsInvalidConductivity ..................................................................   Passed    0.28 sec
          Start  724: ThermalCaseTest.NonThermalFixtureHasNoThermalConfig
1703/2020 Test #1154: LaminarModelTest.DifferentFiniteFlowFieldsStillProduceZeroMuT ............................................   Passed    0.28 sec
          Start 1178: KEpsilonModelTest.ConstructionIsDeterministicAcrossInstances
1704/2020 Test   #53: MeshFace.InternalFaceStoresOwnerAndNeighbor ..............................................................   Passed    0.28 sec
          Start  363: SymmetryTest.RejectsNonUnitNormal
1705/2020 Test #1688: PisoTransientIntegrationTest.CallerInitialStateArgumentIsNotMutated ......................................   Passed    0.28 sec
          Start  760: TurbulenceCaseTest.RejectsOmegaRelaxationWithoutInitialOmega
1706/2020 Test #1145: EffectiveViscosityTest.RejectsNonPositiveMolecularViscosity ..............................................   Passed    0.28 sec
          Start  114: MeshFingerprintTest.DifferentAspectRatioSameCellCountProducesDifferentFingerprint
1707/2020 Test #1193: KOmegaEquationTest.KSourceMatchesHandDerivedExample ......................................................   Passed    0.29 sec
          Start  465: ConvectionTest.BoundaryOutflowUsesOwnerValue
1708/2020 Test #1687: PisoTransientIntegrationTest.RepeatedIdenticalMultiStepRunIsBitIdentical .................................   Passed    0.30 sec
          Start 1192: KOmegaEquationTest.OmegaSourceMatchesHandDerivedExample
1709/2020 Test #1099: ThermalRegionMapTest.RejectsDuplicateRegionNames .........................................................   Passed    0.30 sec
          Start  576: MassFluxTest.InternalFaceValue
1710/2020 Test  #616: MomentumAssemblyTest.UAndVSystemsAreIndependentScalarSystems .............................................   Passed    0.30 sec
          Start 1173: KEpsilonEquationTest.TransportEquationRejectsSizeMismatch
1711/2020 Test   #50: MeshCell.AddFaceAppendsFaceIds ...........................................................................   Passed    0.30 sec
          Start 1631: TransientMomentumAssemblyTest.RejectsNonPositiveOrNonFiniteDt
1712/2020 Test #1645: CorrectionApplicationTest.WallNormalBoundaryFluxStaysExactlyZeroAfterCorrection ..........................   Passed    0.30 sec
          Start  436: DivergenceTest.RotationalFieldIsDivergenceFree
1713/2020 Test  #273: LinearSystemTest.ValidSystemConstructsAndExposesData .....................................................   Passed    0.30 sec
          Start  366: BoundaryConditionSetTest.ReplaceOverwritesExistingAssignment
1714/2020 Test  #833: CSVWriterTest.WriteFieldsMismatchedSizeThrows ............................................................   Passed    0.30 sec
          Start  739: TurbulenceCaseTest.ExplicitLaminarModelAcceptsInitialOmegaToo
1715/2020 Test #1877: RestartIOTest.WriteThenReadRoundTripsExactly .............................................................   Passed    0.30 sec
          Start 1892: RestartResumeTest.ContinuousVsSplitRunIsBitIdentical
1716/2020 Test  #724: ThermalCaseTest.NonThermalFixtureHasNoThermalConfig ......................................................   Passed    0.30 sec
          Start 1888: RestartIOTest.ReadRejectsNonNumericFieldValue
1717/2020 Test #1178: KEpsilonModelTest.ConstructionIsDeterministicAcrossInstances .............................................   Passed    0.30 sec
          Start  468: ConvectionTest.InternalConservationFaceOnce
1718/2020 Test  #363: SymmetryTest.RejectsNonUnitNormal ........................................................................   Passed    0.30 sec
          Start 1199: KOmegaModelTest.RejectsInvalidInitialK
1719/2020 Test  #760: TurbulenceCaseTest.RejectsOmegaRelaxationWithoutInitialOmega .............................................   Passed    0.30 sec
          Start  758: TurbulenceCaseTest.RejectsNonPositiveInitialOmega
1720/2020 Test  #114: MeshFingerprintTest.DifferentAspectRatioSameCellCountProducesDifferentFingerprint ........................   Passed    0.30 sec
          Start  377: HeatFluxTest.ZeroFluxReturnsOwnerValue
1721/2020 Test  #465: ConvectionTest.BoundaryOutflowUsesOwnerValue .............................................................   Passed    0.29 sec
          Start 1061: EnergyEquationAssemblyTest.MismatchedMassFluxSizeThrows
1722/2020 Test #1192: KOmegaEquationTest.OmegaSourceMatchesHandDerivedExample ..................................................   Passed    0.29 sec
          Start  101: CartesianMesh.OneByOne
1723/2020 Test  #576: MassFluxTest.InternalFaceValue ...........................................................................   Passed    0.29 sec
          Start  306: SolverFailureTest.CgFailsBeforeIteratingOnNanRhs
1724/2020 Test #1173: KEpsilonEquationTest.TransportEquationRejectsSizeMismatch ................................................   Passed    0.29 sec
          Start  608: MomentumPressureTest.ConstantPressureGivesZeroSource
1725/2020 Test #1631: TransientMomentumAssemblyTest.RejectsNonPositiveOrNonFiniteDt ............................................   Passed    0.29 sec
          Start 1135: TurbulenceModelTest.PositiveTurbulentViscosityIsAccepted
1726/2020 Test  #436: DivergenceTest.RotationalFieldIsDivergenceFree ...........................................................   Passed    0.29 sec
          Start  732: ThermalCaseTest.RejectsUnknownTemperatureBoundaryType
1727/2020 Test  #366: BoundaryConditionSetTest.ReplaceOverwritesExistingAssignment .............................................   Passed    0.29 sec
          Start  707: CaseValidationTest.UnsupportedVelocityBoundaryTypeIsRejected
1728/2020 Test  #739: TurbulenceCaseTest.ExplicitLaminarModelAcceptsInitialOmegaToo ............................................   Passed    0.29 sec
          Start  737: TurbulenceCaseTest.LegacyFixtureHasNoTurbulenceConfig
1729/2020 Test #1892: RestartResumeTest.ContinuousVsSplitRunIsBitIdentical .....................................................   Passed    0.29 sec
          Start  948: TimeControllerTest.InexactDeltaTDoesNotProduceAnExtraTinyStep
1730/2020 Test #1888: RestartIOTest.ReadRejectsNonNumericFieldValue ............................................................   Passed    0.30 sec
          Start 1653: SecondPressureCorrectionTest.SameResponseCoefficientsReusedNoMomentumReassembly
1731/2020 Test  #468: ConvectionTest.InternalConservationFaceOnce ..............................................................   Passed    0.30 sec
          Start  258: SparseMatrixTest.BuilderDropsExactZeroSums
1732/2020 Test #1199: KOmegaModelTest.RejectsInvalidInitialK ...................................................................   Passed    0.30 sec
          Start  849: JSONWriterTest.WrittenFileIsValidJson
1733/2020 Test  #758: TurbulenceCaseTest.RejectsNonPositiveInitialOmega ........................................................   Passed    0.30 sec
          Start  265: SparseMatrixTest.RejectsMismatchedValuesAndColumns
1734/2020 Test  #377: HeatFluxTest.ZeroFluxReturnsOwnerValue ...................................................................   Passed    0.30 sec
          Start  106: CartesianMesh.TwentyByTwenty
1735/2020 Test #1061: EnergyEquationAssemblyTest.MismatchedMassFluxSizeThrows ..................................................   Passed    0.30 sec
          Start   26: CoreException.ConvergenceErrorIsCatchableAsNumericalError
1736/2020 Test  #101: CartesianMesh.OneByOne ...................................................................................   Passed    0.30 sec
          Start 1144: EffectiveViscosityTest.ZeroTurbulentViscosityGivesJustMolecular
1737/2020 Test  #306: SolverFailureTest.CgFailsBeforeIteratingOnNanRhs .........................................................   Passed    0.30 sec
          Start  296: BiCGSTABTest.MaxIterationsReportsFailureNotSuccess
1738/2020 Test  #608: MomentumPressureTest.ConstantPressureGivesZeroSource .....................................................   Passed    0.30 sec
          Start  681: CaseReaderTest.MalformedManifestJsonThrowsIOError
1739/2020 Test #1135: TurbulenceModelTest.PositiveTurbulentViscosityIsAccepted .................................................   Passed    0.30 sec
          Start  231: VectorFieldTest.DivisionByZeroThrows
1740/2020 Test  #732: ThermalCaseTest.RejectsUnknownTemperatureBoundaryType ....................................................   Passed    0.30 sec
          Start  374: FixedTemperatureTest.RepeatedEvaluationIsDeterministic
1741/2020 Test  #707: CaseValidationTest.UnsupportedVelocityBoundaryTypeIsRejected .............................................   Passed    0.31 sec
          Start 1055: EnergyEquationSourceTest.AddsQTimesVolumeExactly
1742/2020 Test  #737: TurbulenceCaseTest.LegacyFixtureHasNoTurbulenceConfig ....................................................   Passed    0.31 sec
          Start  234: SurfaceFieldTest.SizeMatchesOneByOneMeshFaceCount
1743/2020 Test  #948: TimeControllerTest.InexactDeltaTDoesNotProduceAnExtraTinyStep ............................................   Passed    0.31 sec
          Start  951: TimeControllerTest.MaximumStepTerminationStopsBeforeEndTime
1744/2020 Test #1653: SecondPressureCorrectionTest.SameResponseCoefficientsReusedNoMomentumReassembly ..........................   Passed    0.31 sec
          Start 1175: KEpsilonModelTest.NameIsKEpsilon
1745/2020 Test  #258: SparseMatrixTest.BuilderDropsExactZeroSums ...............................................................   Passed    0.30 sec
          Start  976: TransientSolverTest.MaxTimeStepsStopsBeforeReachingEndTime
1746/2020 Test  #849: JSONWriterTest.WrittenFileIsValidJson ....................................................................   Passed    0.30 sec
          Start 1143: EffectiveViscosityTest.IsSumOfMolecularAndTurbulent
1747/2020 Test  #265: SparseMatrixTest.RejectsMismatchedValuesAndColumns .......................................................   Passed    0.30 sec
          Start   59: MeshBoundaryPatch.AllowsEmptyFaceList
1748/2020 Test  #106: CartesianMesh.TwentyByTwenty .............................................................................   Passed    0.30 sec
          Start  720: CaseBuilderTest.BuildsExpectedMeshFluidAndInitialFields
1749/2020 Test   #26: CoreException.ConvergenceErrorIsCatchableAsNumericalError ................................................   Passed    0.29 sec
          Start 1881: RestartIOTest.ReadRejectsTruncatedFile
1750/2020 Test #1144: EffectiveViscosityTest.ZeroTurbulentViscosityGivesJustMolecular ..........................................   Passed    0.29 sec
          Start  682: CaseReaderTest.MalformedReferencedJsonThrowsIOError
1751/2020 Test  #296: BiCGSTABTest.MaxIterationsReportsFailureNotSuccess .......................................................   Passed    0.29 sec
          Start 1511: MomentumPredictorRelaxationTest.RelaxedDiagonalMatchesAPOverAlphaExactly
1752/2020 Test  #681: CaseReaderTest.MalformedManifestJsonThrowsIOError ........................................................   Passed    0.29 sec
          Start 1771: TwoMaterialConductionValidation.AnalyticalFormulasAreSelfConsistent
1753/2020 Test  #231: VectorFieldTest.DivisionByZeroThrows .....................................................................   Passed    0.29 sec
          Start    3: CFDAppCli_missing_mesh
1754/2020 Test  #374: FixedTemperatureTest.RepeatedEvaluationIsDeterministic ...................................................   Passed    0.29 sec
          Start  235: SurfaceFieldTest.SizeMatchesTwoByTwoMeshFaceCount
1755/2020 Test #1055: EnergyEquationSourceTest.AddsQTimesVolumeExactly .........................................................   Passed    0.29 sec
          Start  729: ThermalCaseTest.RejectsNegativeSpecificHeat
1756/2020 Test  #234: SurfaceFieldTest.SizeMatchesOneByOneMeshFaceCount ........................................................   Passed    0.29 sec
          Start  837: CSVWriterTest.WriteResidualsIterationColumnIsOneIndexed
1757/2020 Test  #951: TimeControllerTest.MaximumStepTerminationStopsBeforeEndTime ..............................................   Passed    0.29 sec
          Start  102: CartesianMesh.TwoByOne
1758/2020 Test #1175: KEpsilonModelTest.NameIsKEpsilon .........................................................................   Passed    0.30 sec
          Start 1650: SecondPressureCorrectionTest.DeterministicReferenceCellRowIsPreserved
1759/2020 Test  #976: TransientSolverTest.MaxTimeStepsStopsBeforeReachingEndTime ...............................................   Passed    0.30 sec
          Start 1200: KOmegaModelTest.RejectsInvalidInitialOmega
1760/2020 Test #1143: EffectiveViscosityTest.IsSumOfMolecularAndTurbulent ......................................................   Passed    0.31 sec
          Start  835: CSVWriterTest.WriteFieldsUnwritablePathThrowsIOError
1761/2020 Test   #59: MeshBoundaryPatch.AllowsEmptyFaceList ....................................................................   Passed    0.31 sec
          Start   58: MeshBoundaryPatch.StoresNameAndFaceIds
1762/2020 Test  #720: CaseBuilderTest.BuildsExpectedMeshFluidAndInitialFields ..................................................   Passed    0.31 sec
          Start  680: CaseReaderTest.MissingReferencedFileThrowsIOError
1763/2020 Test #1881: RestartIOTest.ReadRejectsTruncatedFile ...................................................................   Passed    0.31 sec
          Start 1038: ThermalPropertiesTest.RejectsNegativeSpecificHeat
1764/2020 Test  #682: CaseReaderTest.MalformedReferencedJsonThrowsIOError ......................................................   Passed    0.31 sec
          Start  577: MassFluxTest.TangentialVelocityAtVerticalFaceGivesZeroFlux
1765/2020 Test #1511: MomentumPredictorRelaxationTest.RelaxedDiagonalMatchesAPOverAlphaExactly .................................   Passed    0.31 sec
          Start 1164: KEpsilonEquationTest.EffectiveDiffusivityReducesToMolecularAsMuTVanishes
1766/2020 Test #1771: TwoMaterialConductionValidation.AnalyticalFormulasAreSelfConsistent ......................................   Passed    0.31 sec
          Start  355: InletTest.ReturnsPrescribedVelocityExactly
1767/2020 Test  #235: SurfaceFieldTest.SizeMatchesTwoByTwoMeshFaceCount ........................................................   Passed    0.28 sec
          Start 1685: PisoTransientIntegrationTest.CflRemainsDiagnosticOnlyUnderGenerousCflFailAbove
1768/2020 Test    #3: CFDAppCli_missing_mesh ...................................................................................   Passed    0.33 sec
          Start   51: MeshCell.RejectsNonPositiveVolume
1769/2020 Test  #729: ThermalCaseTest.RejectsNegativeSpecificHeat ..............................................................   Passed    0.30 sec
          Start 1886: RestartIOTest.ReadRejectsIncompatiblePressureArrayLength
1770/2020 Test  #837: CSVWriterTest.WriteResidualsIterationColumnIsOneIndexed ..................................................   Passed    0.31 sec
          Start  243: FieldArithmetic.TwentyByTwentyMeshIntegration
1771/2020 Test  #102: CartesianMesh.TwoByOne ...................................................................................   Passed    0.31 sec
          Start  525: TimeDerivativeTest.RejectsFieldSizeMismatch
1772/2020 Test #1650: SecondPressureCorrectionTest.DeterministicReferenceCellRowIsPreserved ....................................   Passed    0.31 sec
          Start 1661: FinalCorrectionTest.FinalContinuityIsEvaluatedFromF2NotF1OrFStar
1773/2020 Test #1200: KOmegaModelTest.RejectsInvalidInitialOmega ...............................................................   Passed    0.31 sec
          Start 1137: TurbulenceModelTest.NonFiniteTurbulentViscosityRejected
1774/2020 Test  #835: CSVWriterTest.WriteFieldsUnwritablePathThrowsIOError .....................................................   Passed    0.32 sec
          Start 1155: LaminarModelTest.ConstructionIsDeterministicAcrossInstances
1775/2020 Test   #58: MeshBoundaryPatch.StoresNameAndFaceIds ...................................................................   Passed    0.31 sec
          Start  746: TurbulenceCaseTest.KOmegaInletPatchGetsFixedKAndOmegaFromCaseConfig
1776/2020 Test  #680: CaseReaderTest.MissingReferencedFileThrowsIOError ........................................................   Passed    0.32 sec
          Start  281: JacobiTest.NonFiniteMatrixValuesAreUnreachableByJacobi
1777/2020 Test #1038: ThermalPropertiesTest.RejectsNegativeSpecificHeat ........................................................   Passed    0.32 sec
          Start   31: LoggerTest.MessagesBelowLevelAreFiltered
1778/2020 Test  #577: MassFluxTest.TangentialVelocityAtVerticalFaceGivesZeroFlux ...............................................   Passed    0.33 sec
          Start 1151: LaminarModelTest.EffectiveViscosityEqualsMolecularViscosity
1779/2020 Test #1164: KEpsilonEquationTest.EffectiveDiffusivityReducesToMolecularAsMuTVanishes .................................   Passed    0.33 sec
          Start  262: SparseMatrixTest.DiagonalLookupThrowsWhenMissing
1780/2020 Test  #355: InletTest.ReturnsPrescribedVelocityExactly ...............................................................   Passed    0.34 sec
          Start  237: FieldArithmetic.ScalarFieldMismatchLeavesOperandUnchanged
1781/2020 Test #1685: PisoTransientIntegrationTest.CflRemainsDiagnosticOnlyUnderGenerousCflFailAbove ...........................   Passed    0.34 sec
          Start 1659: FinalCorrectionTest.FullPipelineFinalStateIsFiniteAndConverged
1782/2020 Test   #51: MeshCell.RejectsNonPositiveVolume ........................................................................   Passed    0.34 sec
          Start 1176: KEpsilonModelTest.FieldsSizedToMeshAtConstruction
1783/2020 Test #1886: RestartIOTest.ReadRejectsIncompatiblePressureArrayLength .................................................   Passed    0.34 sec
          Start  108: CartesianMesh.RejectsInvalidInputs
1784/2020 Test  #243: FieldArithmetic.TwentyByTwentyMeshIntegration ............................................................   Passed    0.34 sec
          Start 1624: TransientMomentumTermTest.RhsGetsSourceContributionAddedExactly
1785/2020 Test  #525: TimeDerivativeTest.RejectsFieldSizeMismatch ..............................................................   Passed    0.34 sec
          Start  308: SolverFailureTest.InvalidInitialGuessSizeFailsCleanly
1786/2020 Test #1661: FinalCorrectionTest.FinalContinuityIsEvaluatedFromF2NotF1OrFStar .........................................   Passed    0.35 sec
          Start 1148: LaminarModelTest.NameIsLaminar
1787/2020 Test #1137: TurbulenceModelTest.NonFiniteTurbulentViscosityRejected ..................................................   Passed    0.34 sec
          Start 1103: InterfaceConductanceTest.MatchesHandDerivedExample
1788/2020 Test #1155: LaminarModelTest.ConstructionIsDeterministicAcrossInstances ..............................................   Passed    0.34 sec
          Start    7: CFDAppCli_malformed_json
1789/2020 Test  #746: TurbulenceCaseTest.KOmegaInletPatchGetsFixedKAndOmegaFromCaseConfig ......................................   Passed    0.35 sec
          Start   75: MeshQuality.NonSquareCellsReportCorrectAspectRatio
1790/2020 Test  #281: JacobiTest.NonFiniteMatrixValuesAreUnreachableByJacobi ...................................................   Passed    0.34 sec
          Start 1633: TransientMomentumPredictorProbeTest.PredictorFluxIsFiniteAndRespectsWallImpermeability
1791/2020 Test   #31: LoggerTest.MessagesBelowLevelAreFiltered .................................................................   Passed    0.34 sec
          Start  970: CFLTest.RejectsNonPositiveDt
1792/2020 Test #1151: LaminarModelTest.EffectiveViscosityEqualsMolecularViscosity ..............................................   Passed    0.34 sec
          Start  275: LinearSystemTest.RejectsRhsSizeMismatch
1793/2020 Test  #262: SparseMatrixTest.DiagonalLookupThrowsWhenMissing .........................................................   Passed    0.34 sec
          Start  291: BiCGSTABTest.SolvesNonsymmetricSystem
1794/2020 Test  #237: FieldArithmetic.ScalarFieldMismatchLeavesOperandUnchanged ................................................   Passed    0.34 sec
          Start 1107: InterfaceConductanceTest.RejectsNonFiniteInputs
1795/2020 Test #1659: FinalCorrectionTest.FullPipelineFinalStateIsFiniteAndConverged ...........................................   Passed    0.34 sec
          Start  975: TransientSolverTest.DtSequenceMatchesTimeControllerIncludingShortenedFinalStep
1796/2020 Test #1176: KEpsilonModelTest.FieldsSizedToMeshAtConstruction ........................................................   Passed    0.34 sec
          Start  943: TimeControllerTest.InitialStateIsStartTimeAndStepZero
1797/2020 Test  #108: CartesianMesh.RejectsInvalidInputs .......................................................................   Passed    0.33 sec
          Start  209: Field.IndexingReadsAndWrites
1798/2020 Test #1624: TransientMomentumTermTest.RhsGetsSourceContributionAddedExactly ..........................................   Passed    0.33 sec
          Start  956: TimeControllerTest.RejectsZeroMaxSteps
1799/2020 Test  #308: SolverFailureTest.InvalidInitialGuessSizeFailsCleanly ....................................................   Passed    0.33 sec
          Start  964: CFLTest.ExactValueForOneDEquivalentCase
1800/2020 Test #1148: LaminarModelTest.NameIsLaminar ...........................................................................   Passed    0.32 sec
          Start  238: FieldArithmetic.VectorFieldRejectsSizeMismatch
1801/2020 Test #1103: InterfaceConductanceTest.MatchesHandDerivedExample .......................................................   Passed    0.32 sec
          Start  946: TimeControllerTest.FinalStepIsShortenedToLandExactlyOnEndTime
1802/2020 Test    #7: CFDAppCli_malformed_json .................................................................................   Passed    0.31 sec
          Start 1523: PressureCorrectionTest.MismatchedReferenceCellThrows
1803/2020 Test   #75: MeshQuality.NonSquareCellsReportCorrectAspectRatio .......................................................   Passed    0.32 sec
          Start  289: CGTest.ExactInitialGuessConvergesAtIterationZero
1804/2020 Test #1633: TransientMomentumPredictorProbeTest.PredictorFluxIsFiniteAndRespectsWallImpermeability ...................   Passed    0.31 sec
          Start  714: CaseValidationTest.RelaxationAboveOneIsRejected
1805/2020 Test  #970: CFLTest.RejectsNonPositiveDt .............................................................................   Passed    0.31 sec
          Start  228: VectorFieldTest.ElementwiseSubtraction
1806/2020 Test  #275: LinearSystemTest.RejectsRhsSizeMismatch ..................................................................   Passed    0.31 sec
          Start  726: ThermalCaseTest.BuilderConstructsThermalRuntimeObjects
1807/2020 Test  #291: BiCGSTABTest.SolvesNonsymmetricSystem ....................................................................   Passed    0.31 sec
          Start  230: VectorFieldTest.ScalarDivision
1808/2020 Test #1107: InterfaceConductanceTest.RejectsNonFiniteInputs ..........................................................   Passed    0.31 sec
          Start  982: TransientSolverTest.StepExceedingCflFailAboveIsRejected
1809/2020 Test  #975: TransientSolverTest.DtSequenceMatchesTimeControllerIncludingShortenedFinalStep ...........................   Passed    0.31 sec
          Start  310: SolverDeterminismTest.CGRepeatedSolvesAreIdentical
1810/2020 Test  #943: TimeControllerTest.InitialStateIsStartTimeAndStepZero ....................................................   Passed    0.31 sec
          Start  980: TransientSolverTest.InvalidConfigurationFromStepperPropagates
1811/2020 Test  #209: Field.IndexingReadsAndWrites .............................................................................   Passed    0.30 sec
          Start  991: RestartSnapshotTest.WrongFaceCountIsRejected
1812/2020 Test  #956: TimeControllerTest.RejectsZeroMaxSteps ...................................................................   Passed    0.30 sec
          Start  283: CGTest.SolvesThreeByThreeSpdSystem
1813/2020 Test  #964: CFLTest.ExactValueForOneDEquivalentCase ..................................................................   Passed    0.30 sec
          Start  580: MassFluxTest.InletFluxIsNegativeOutletFluxIsPositive
1814/2020 Test  #238: FieldArithmetic.VectorFieldRejectsSizeMismatch ...........................................................   Passed    0.30 sec
          Start 1525: PressureCorrectionTest.OpenBoundaryDirichletCouplingMatchesHandDerivation
1815/2020 Test  #946: TimeControllerTest.FinalStepIsShortenedToLandExactlyOnEndTime ............................................   Passed    0.30 sec
          Start 1664: FinalCorrectionTest.PartialFirstCorrectionPlusSecondReconstructsFullSingleCorrectionRealMesh
1816/2020 Test #1523: PressureCorrectionTest.MismatchedReferenceCellThrows .....................................................   Passed    0.30 sec
          Start  304: SolverFailureTest.NaNMatrixRejectedAtConstruction
1817/2020 Test  #289: CGTest.ExactInitialGuessConvergesAtIterationZero .........................................................   Passed    0.30 sec
          Start  389: AdiabaticTest.RepeatedEvaluationIsDeterministic
1818/2020 Test  #228: VectorFieldTest.ElementwiseSubtraction ...................................................................   Passed    0.27 sec
          Start  227: VectorFieldTest.ElementwiseAdditionExactValues
1819/2020 Test  #714: CaseValidationTest.RelaxationAboveOneIsRejected ..........................................................   Passed    0.32 sec
          Start  261: SparseMatrixTest.DiagonalLookup
1820/2020 Test  #726: ThermalCaseTest.BuilderConstructsThermalRuntimeObjects ...................................................   Passed    0.30 sec
          Start  838: CSVWriterTest.WriteResidualsValuesMatchHistoriesInOrder
1821/2020 Test  #230: VectorFieldTest.ScalarDivision ...........................................................................   Passed    0.29 sec
          Start 1542: SIMPLEFailureTest.MomentumSolverTooFewIterationsReportsMomentumFailure
1822/2020 Test  #982: TransientSolverTest.StepExceedingCflFailAboveIsRejected ..................................................   Passed    0.29 sec
          Start 1063: EnergyEquationAssemblyTest.NonFiniteTemperatureAtGradientBoundaryThrowsNumericalError
1823/2020 Test  #310: SolverDeterminismTest.CGRepeatedSolvesAreIdentical .......................................................   Passed    0.30 sec
          Start 1166: KEpsilonEquationTest.ImplicitSourceReproducesKDestructionAtSelfConsistency
1824/2020 Test  #980: TransientSolverTest.InvalidConfigurationFromStepperPropagates ............................................   Passed    0.30 sec
          Start  959: TimeControllerTest.DefaultStartingStepIsZeroAndBehaviorIsUnchanged
1825/2020 Test  #991: RestartSnapshotTest.WrongFaceCountIsRejected .............................................................   Passed    0.31 sec
          Start  347: FixedGradientTest.ZeroGradientReturnsOwnerValue
1826/2020 Test  #283: CGTest.SolvesThreeByThreeSpdSystem .......................................................................   Passed    0.31 sec
          Start 1133: TurbulenceModelTest.ModelNameIsAccessible
1827/2020 Test  #580: MassFluxTest.InletFluxIsNegativeOutletFluxIsPositive .....................................................   Passed    0.31 sec
          Start 1634: TransientMomentumPredictorProbeTest.RepeatedPredictorSolveIsBitIdentical
1828/2020 Test #1525: PressureCorrectionTest.OpenBoundaryDirichletCouplingMatchesHandDerivation ................................   Passed    0.31 sec
          Start 1147: EffectiveViscosityTest.RepeatedEvaluationIsDeterministic
1829/2020 Test #1664: FinalCorrectionTest.PartialFirstCorrectionPlusSecondReconstructsFullSingleCorrectionRealMesh .............   Passed    0.31 sec
          Start  945: TimeControllerTest.StepCounterIncrementsOncePerAdvance
1830/2020 Test  #304: SolverFailureTest.NaNMatrixRejectedAtConstruction ........................................................   Passed    0.31 sec
          Start 1672: PisoTest.TwoCellClosedDomainAtRestStaysAtRestAndConservesMassExactly
1831/2020 Test  #389: AdiabaticTest.RepeatedEvaluationIsDeterministic ..........................................................   Passed    0.31 sec
          Start 1180: KEpsilonModelTest.RejectsInvalidInitialEpsilon
1832/2020 Test  #227: VectorFieldTest.ElementwiseAdditionExactValues ...........................................................   Passed    0.32 sec
          Start 1671: PisoTest.WallNormalBoundaryFluxStaysExactlyZero
1833/2020 Test  #261: SparseMatrixTest.DiagonalLookup ..........................................................................   Passed    0.32 sec
          Start  952: TimeControllerTest.ReachedEndTimeDistinguishesCompletionFromMaxSteps
1834/2020 Test  #838: CSVWriterTest.WriteResidualsValuesMatchHistoriesInOrder ..................................................   Passed    0.32 sec
          Start   56: MeshFace.RejectsZeroAreaVector
1835/2020 Test #1542: SIMPLEFailureTest.MomentumSolverTooFewIterationsReportsMomentumFailure ...................................   Passed    0.32 sec
          Start 1545: SIMPLEFailureTest.MismatchedInitialFieldSizeReportsInvalidConfiguration
1836/2020 Test #1063: EnergyEquationAssemblyTest.NonFiniteTemperatureAtGradientBoundaryThrowsNumericalError ....................   Passed    0.32 sec
          Start  401: InterpolationTest.LinearFieldPhiYIsExactAtEveryFace
1837/2020 Test #1166: KEpsilonEquationTest.ImplicitSourceReproducesKDestructionAtSelfConsistency ...............................   Passed    0.32 sec
          Start 1500: SIMPLESettingsTest.DefaultsAreValid
1838/2020 Test  #959: TimeControllerTest.DefaultStartingStepIsZeroAndBehaviorIsUnchanged .......................................   Passed    0.32 sec
          Start 1033: ThermalPropertiesTest.StoresConductivityAndSpecificHeat
1839/2020 Test  #347: FixedGradientTest.ZeroGradientReturnsOwnerValue ..........................................................   Passed    0.32 sec
          Start   34: CoreTimer.ElapsedTimeIncreases
1840/2020 Test #1133: TurbulenceModelTest.ModelNameIsAccessible ................................................................   Passed    0.32 sec
          Start  285: CGTest.DiagonalMatrixWithJacobiPreconditioner
1841/2020 Test #1634: TransientMomentumPredictorProbeTest.RepeatedPredictorSolveIsBitIdentical .................................   Passed    0.32 sec
          Start  696: CaseValidationTest.NegativeGeometryHeightIsRejected
1842/2020 Test #1147: EffectiveViscosityTest.RepeatedEvaluationIsDeterministic .................................................   Passed    0.32 sec
          Start 1138: TurbulenceModelTest.CorrectIsCallable
1843/2020 Test  #945: TimeControllerTest.StepCounterIncrementsOncePerAdvance ...................................................   Passed    0.32 sec
          Start  730: ThermalCaseTest.RejectsMissingThermalField
1844/2020 Test #1672: PisoTest.TwoCellClosedDomainAtRestStaysAtRestAndConservesMassExactly .....................................   Passed    0.32 sec
          Start  533: VectorGradientTest.MismatchedVelocitySizeThrows
1845/2020 Test #1180: KEpsilonModelTest.RejectsInvalidInitialEpsilon ...........................................................   Passed    0.32 sec
          Start  710: CaseValidationTest.VelocityValueWithWrongComponentCountIsRejected
1846/2020 Test #1671: PisoTest.WallNormalBoundaryFluxStaysExactlyZero ..........................................................   Passed    0.32 sec
          Start  609: MomentumPressureTest.AddingConstantToPressureDoesNotChangeSource
1847/2020 Test  #952: TimeControllerTest.ReachedEndTimeDistinguishesCompletionFromMaxSteps .....................................   Passed    0.32 sec
          Start  722: CaseBuilderTest.ConfigurationMatchesManualSetup
1848/2020 Test   #56: MeshFace.RejectsZeroAreaVector ...........................................................................   Passed    0.32 sec
          Start  725: ThermalCaseTest.ParsesThermalPropertiesWhenEnabled
1849/2020 Test #1545: SIMPLEFailureTest.MismatchedInitialFieldSizeReportsInvalidConfiguration ..................................   Passed    0.31 sec
          Start 1100: ThermalRegionMapTest.RejectsEmptyCellRegionIndex
1850/2020 Test  #401: InterpolationTest.LinearFieldPhiYIsExactAtEveryFace ......................................................   Passed    0.31 sec
          Start 1111: RegionAwareThermalDiffusionTest.MismatchedRegionSizeThrows
1851/2020 Test #1500: SIMPLESettingsTest.DefaultsAreValid ......................................................................   Passed    0.30 sec
          Start  595: MomentumDiffusionTest.UniformEffectiveViscosityFieldMatchesConstantOverload
1852/2020 Test #1033: ThermalPropertiesTest.StoresConductivityAndSpecificHeat ..................................................   Passed    0.30 sec
          Start 1206: KOmegaModelTest.EffectiveViscosityEqualsMolecularPlusTurbulent
1853/2020 Test   #34: CoreTimer.ElapsedTimeIncreases ...........................................................................   Passed    0.30 sec
          Start 1187: KOmegaCoefficientsTest.DefaultsMatchStandardModel
1854/2020 Test  #285: CGTest.DiagonalMatrixWithJacobiPreconditioner ............................................................   Passed    0.30 sec
          Start  967: CFLTest.DoublingVelocityDoublesCFL
1855/2020 Test  #696: CaseValidationTest.NegativeGeometryHeightIsRejected ......................................................   Passed    0.30 sec
          Start 1152: LaminarModelTest.CorrectLeavesTurbulentViscosityZero
1856/2020 Test #1138: TurbulenceModelTest.CorrectIsCallable ....................................................................   Passed    0.30 sec
          Start  695: CaseValidationTest.NonPositiveGeometryLengthIsRejected
1857/2020 Test  #730: ThermalCaseTest.RejectsMissingThermalField ...............................................................   Passed    0.30 sec
          Start 1165: KEpsilonEquationTest.EffectiveDiffusivityRejectsInvalidInputs
1858/2020 Test  #533: VectorGradientTest.MismatchedVelocitySizeThrows ..........................................................   Passed    0.30 sec
          Start 1172: KEpsilonEquationTest.UniformFieldWithZeroSourceIsPreservedByFullEquation
1859/2020 Test  #710: CaseValidationTest.VelocityValueWithWrongComponentCountIsRejected ........................................   Passed    0.29 sec
          Start  874: VTKWriterTest.OmitsTemperatureBlockWhenNotProvided
1860/2020 Test  #609: MomentumPressureTest.AddingConstantToPressureDoesNotChangeSource .........................................   Passed    0.29 sec
          Start 1669: PisoTest.RepeatedIdenticalTimestepIsBitIdentical
1861/2020 Test  #722: CaseBuilderTest.ConfigurationMatchesManualSetup ..........................................................   Passed    0.29 sec
          Start  494: GridRefinementTest.GradientOfSmoothFieldConvergesAtSecondOrder
1862/2020 Test  #725: ThermalCaseTest.ParsesThermalPropertiesWhenEnabled .......................................................   Passed    0.30 sec
          Start  282: CGTest.SolvesTwoByTwoSpdSystem
1863/2020 Test #1100: ThermalRegionMapTest.RejectsEmptyCellRegionIndex .........................................................   Passed    0.30 sec
          Start  570: FluidPropertiesTest.RejectsZeroDensity
1864/2020 Test #1111: RegionAwareThermalDiffusionTest.MismatchedRegionSizeThrows ...............................................   Passed    0.30 sec
          Start  741: TurbulenceCaseTest.ParsesOptionalRelaxationOverrides
1865/2020 Test  #595: MomentumDiffusionTest.UniformEffectiveViscosityFieldMatchesConstantOverload ..............................   Passed    0.30 sec
          Start 1647: CorrectionApplicationTest.RepeatedCorrectionStepIsBitIdentical
1866/2020 Test #1206: KOmegaModelTest.EffectiveViscosityEqualsMolecularPlusTurbulent ...........................................   Passed    0.31 sec
          Start 1160: TurbulenceProductionTest.ZeroShearGivesZeroProductionEverywhere
1867/2020 Test #1187: KOmegaCoefficientsTest.DefaultsMatchStandardModel ........................................................   Passed    0.32 sec
          Start  999: RestartSnapshotTest.InvalidDeltaTIsRejected
1868/2020 Test  #967: CFLTest.DoublingVelocityDoublesCFL .......................................................................   Passed    0.32 sec
          Start  869: VTKWriterTest.CellDataSectionHasPressureVelocityThenMagnitudeInOrder
1869/2020 Test #1152: LaminarModelTest.CorrectLeavesTurbulentViscosityZero .....................................................   Passed    0.33 sec
          Start 1507: SIMPLESettingsTest.RejectsZeroVelocityTolerance
1870/2020 Test  #695: CaseValidationTest.NonPositiveGeometryLengthIsRejected ...................................................   Passed    0.33 sec
          Start  257: SparseMatrixTest.BuilderSumsDuplicateContributions
1871/2020 Test #1165: KEpsilonEquationTest.EffectiveDiffusivityRejectsInvalidInputs ............................................   Passed    0.34 sec
          Start  528: TimeDerivativeTest.RejectsNonFiniteDeltaT
1872/2020 Test #1172: KEpsilonEquationTest.UniformFieldWithZeroSourceIsPreservedByFullEquation .................................   Passed    0.35 sec
          Start 1191: KOmegaEquationTest.LinearEffectiveDiffusivityRejectsInvalidInputs
1873/2020 Test  #874: VTKWriterTest.OmitsTemperatureBlockWhenNotProvided .......................................................   Passed    0.35 sec
          Start 1536: FluxCorrectionTest.MismatchedFaceCoefficientSizeThrows
1874/2020 Test #1669: PisoTest.RepeatedIdenticalTimestepIsBitIdentical .........................................................   Passed    0.35 sec
          Start  220: ScalarFieldTest.ElementwiseSubtraction
1875/2020 Test  #494: GridRefinementTest.GradientOfSmoothFieldConvergesAtSecondOrder ...........................................   Passed    0.36 sec
          Start  873: VTKWriterTest.RepeatedWriteIsByteIdentical
1876/2020 Test  #282: CGTest.SolvesTwoByTwoSpdSystem ...........................................................................   Passed    0.35 sec
          Start  984: TransientSolverTest.RepeatedRunsAreDeterministic
1877/2020 Test  #570: FluidPropertiesTest.RejectsZeroDensity ...................................................................   Passed    0.35 sec
          Start   57: MeshFace.RejectsOwnerEqualToNeighbor
1878/2020 Test  #741: TurbulenceCaseTest.ParsesOptionalRelaxationOverrides .....................................................   Passed    0.36 sec
          Start  268: SparseMatrixTest.RejectsOutOfRangeColumn
1879/2020 Test #1647: CorrectionApplicationTest.RepeatedCorrectionStepIsBitIdentical ...........................................   Passed    0.36 sec
          Start 1174: KEpsilonModelTest.TurbulentViscosityMatchesHandDerivedExample
1880/2020 Test #1160: TurbulenceProductionTest.ZeroShearGivesZeroProductionEverywhere ..........................................   Passed    0.36 sec
          Start 1657: FinalCorrectionTest.TwoCellFullFirstCorrectionMakesSecondCorrectionExactlyIdempotent
1881/2020 Test  #999: RestartSnapshotTest.InvalidDeltaTIsRejected ..............................................................   Passed    0.36 sec
          Start  983: TransientSolverTest.RejectsNonPositiveOrNonFiniteCflFailAbove
1882/2020 Test  #869: VTKWriterTest.CellDataSectionHasPressureVelocityThenMagnitudeInOrder .....................................   Passed    0.36 sec
          Start  247: AlgebraVector.Addition
1883/2020 Test #1507: SIMPLESettingsTest.RejectsZeroVelocityTolerance ..........................................................   Passed    0.36 sec
          Start  988: RestartSnapshotTest.SourceTransientStateIsNotModified
1884/2020 Test  #257: SparseMatrixTest.BuilderSumsDuplicateContributions .......................................................   Passed    0.35 sec
          Start 1163: KEpsilonEquationTest.EffectiveDiffusivityMatchesHandDerivedExample
1885/2020 Test  #528: TimeDerivativeTest.RejectsNonFiniteDeltaT ................................................................   Passed    0.34 sec
          Start 1534: FluxCorrectionTest.BoundaryFluxIsUnchangedByCorrection
1886/2020 Test #1191: KOmegaEquationTest.LinearEffectiveDiffusivityRejectsInvalidInputs ........................................   Passed    0.34 sec
          Start  264: SparseMatrixTest.RejectsWrongRowOffsetsSize
1887/2020 Test #1536: FluxCorrectionTest.MismatchedFaceCoefficientSizeThrows ...................................................   Passed    0.34 sec
          Start  743: TurbulenceCaseTest.InletPatchGetsFixedKAndEpsilonFromCaseConfig
1888/2020 Test  #220: ScalarFieldTest.ElementwiseSubtraction ...................................................................   Passed    0.34 sec
          Start 1198: KOmegaModelTest.ConstructionIsDeterministicAcrossInstances
1889/2020 Test  #873: VTKWriterTest.RepeatedWriteIsByteIdentical ...............................................................   Passed    0.34 sec
          Start 1625: TransientMomentumTermTest.OffDiagonalCoefficientsAreUnchanged
1890/2020 Test  #984: TransientSolverTest.RepeatedRunsAreDeterministic .........................................................   Passed    0.35 sec
          Start  250: AlgebraVector.ScalarDivision
1891/2020 Test   #57: MeshFace.RejectsOwnerEqualToNeighbor .....................................................................   Passed    0.34 sec
          Start 1609: SIMPLE3D.MomentumSystemsArePermutationSymmetric
1892/2020 Test  #268: SparseMatrixTest.RejectsOutOfRangeColumn .................................................................   Passed    0.34 sec
          Start 1612: SIMPLE3D.RhieChowVanishesForALinearPressureField
1893/2020 Test #1174: KEpsilonModelTest.TurbulentViscosityMatchesHandDerivedExample ............................................   Passed    0.33 sec
          Start 1613: SIMPLE3D.RhieChowSeesTheCheckerboardTheLinearFluxCannot
1894/2020 Test #1657: FinalCorrectionTest.TwoCellFullFirstCorrectionMakesSecondCorrectionExactlyIdempotent .....................   Passed    0.32 sec
          Start 1614: SIMPLE3D.ReducedSystemTwoByOneByOneMatchesHandDerivation
1895/2020 Test  #983: TransientSolverTest.RejectsNonPositiveOrNonFiniteCflFailAbove ............................................   Passed    0.32 sec
          Start 1610: SIMPLE3D.MonitorNeverConvergesWhileWIsUnconverged
1896/2020 Test  #247: AlgebraVector.Addition ...................................................................................   Passed    0.31 sec
          Start 1611: SIMPLE3D.UniformFlowFluxIsExactOnEveryFaceOrientation
1897/2020 Test  #988: RestartSnapshotTest.SourceTransientStateIsNotModified ....................................................   Passed    0.31 sec
          Start 1615: SIMPLE3D.ReducedSystemOneByOneByTwoCouplesThroughZ
1898/2020 Test #1163: KEpsilonEquationTest.EffectiveDiffusivityMatchesHandDerivedExample .......................................   Passed    0.31 sec
          Start 1616: SIMPLE3D.ReducedSystemTwoByTwoByTwoMatchesHandDerivation
1899/2020 Test #1534: FluxCorrectionTest.BoundaryFluxIsUnchangedByCorrection ...................................................   Passed    0.30 sec
          Start  188: MeshMotionStatic.StationaryMotionLeavesEveryMeshBitwiseUnchanged
1900/2020 Test  #264: SparseMatrixTest.RejectsWrongRowOffsetsSize ..............................................................   Passed    0.30 sec
          Start  189: MeshMotionKernel.RecomputedGeometryReproducesTheBuilders
1901/2020 Test  #743: TurbulenceCaseTest.InletPatchGetsFixedKAndEpsilonFromCaseConfig ..........................................   Passed    0.29 sec
          Start  190: MeshMotionKernel.TopologyMapWeldsMultiBlockInterfaceVertices
1902/2020 Test #1198: KOmegaModelTest.ConstructionIsDeterministicAcrossInstances ...............................................   Passed    0.29 sec
          Start  191: MeshMotionKernel.AMeshWithoutAStructuredGridCannotMove
1903/2020 Test #1625: TransientMomentumTermTest.OffDiagonalCoefficientsAreUnchanged ............................................   Passed    0.28 sec
          Start  192: MeshMotionGeometry.AffineMotionsGiveTheExactAffineImage2D
1904/2020 Test  #250: AlgebraVector.ScalarDivision .............................................................................   Passed    0.28 sec
          Start  193: MeshMotionGeometry.AffineMotionsGiveTheExactAffineImage3D
1905/2020 Test #1609: SIMPLE3D.MomentumSystemsArePermutationSymmetric ..........................................................   Passed    0.27 sec
          Start  194: MeshMotionGeometry.SinusoidalDeformation2D
1906/2020 Test #1612: SIMPLE3D.RhieChowVanishesForALinearPressureField .........................................................   Passed    0.27 sec
          Start  195: MeshMotionGeometry.SinusoidalDeformation3D
1907/2020 Test #1613: SIMPLE3D.RhieChowSeesTheCheckerboardTheLinearFluxCannot ..................................................   Passed    0.27 sec
          Start  196: MeshMotionGeometry.MultiBlockInterfaceStaysConformal
1908/2020 Test #1614: SIMPLE3D.ReducedSystemTwoByOneByOneMatchesHandDerivation .................................................   Passed    0.27 sec
          Start  197: MeshMotionInvalid.FoldingSinusoidal2DIsRejectedNamingTheCell
1909/2020 Test #1610: SIMPLE3D.MonitorNeverConvergesWhileWIsUnconverged ........................................................   Passed    0.27 sec
          Start  198: MeshMotionInvalid.FoldingSinusoidal3DIsRejectedNamingTheCellAndCorner
1910/2020 Test #1611: SIMPLE3D.UniformFlowFluxIsExactOnEveryFaceOrientation ....................................................   Passed    0.27 sec
          Start  199: MeshMotionInvalid.CollapsingCellsAreRejectedNamingTheCell
1911/2020 Test #1615: SIMPLE3D.ReducedSystemOneByOneByTwoCouplesThroughZ .......................................................   Passed    0.27 sec
          Start  200: MeshMotionInvalid.OutOfPlaneMotionOfA2DMeshIsRejected
1912/2020 Test #1616: SIMPLE3D.ReducedSystemTwoByTwoByTwoMatchesHandDerivation .................................................   Passed    0.27 sec
          Start  201: MeshMotionInvalid.AdvanceMustMoveForwardInTime
1913/2020 Test  #188: MeshMotionStatic.StationaryMotionLeavesEveryMeshBitwiseUnchanged .........................................   Passed    0.27 sec
          Start  202: MeshMotionInvalid.MotionMustStartAtTheReferencePosition
1914/2020 Test  #189: MeshMotionKernel.RecomputedGeometryReproducesTheBuilders .................................................   Passed    0.27 sec
          Start  203: MeshGeometryUpdate.RejectsInvalidGeometryAndChangesNothing
1915/2020 Test  #190: MeshMotionKernel.TopologyMapWeldsMultiBlockInterfaceVertices .............................................   Passed    0.28 sec
          Start  204: MeshGeometryUpdate.RevertRestoresTheGeometryBitwiseAndIsIdempotent
1916/2020 Test  #191: MeshMotionKernel.AMeshWithoutAStructuredGridCannotMove ...................................................   Passed    0.28 sec
          Start  205: MeshMotionEvidence.DumpSinusoidalGeometryForIndependentCheck
1917/2020 Test  #205: MeshMotionEvidence.DumpSinusoidalGeometryForIndependentCheck .............................................***Not Run (Disabled)   0.00 sec
          Start  547: AleOperatorsStaticLimit.TimeDerivativeWithUnchangedVolumesIsTheStaticOne
1918/2020 Test  #192: MeshMotionGeometry.AffineMotionsGiveTheExactAffineImage2D ................................................   Passed    0.30 sec
          Start  548: AleOperatorsStaticLimit.RelativeFluxWithoutMeshMotionIsTheFlux
1919/2020 Test  #194: MeshMotionGeometry.SinusoidalDeformation2D ...............................................................   Passed    0.28 sec
          Start  549: AleOperatorsStaticLimit.AleMomentumAssemblyWithoutMotionIsTheStaticAssembly
1920/2020 Test  #196: MeshMotionGeometry.MultiBlockInterfaceStaysConformal .....................................................   Passed    0.26 sec
          Start  550: AleOperatorsStaticLimit.BothMomentumAssembliesRefuseA3DMesh
1921/2020 Test  #197: MeshMotionInvalid.FoldingSinusoidal2DIsRejectedNamingTheCell .............................................   Passed    0.26 sec
          Start  551: AleOperatorsStaticLimit.ThreeDimensionalConvectionAndTimeTermStaticLimit
1922/2020 Test  #198: MeshMotionInvalid.FoldingSinusoidal3DIsRejectedNamingTheCellAndCorner ....................................   Passed    0.26 sec
          Start  552: AleOperatorsHandDerived.UnitCellWithAMovingEastFace
1923/2020 Test  #199: MeshMotionInvalid.CollapsingCellsAreRejectedNamingTheCell ................................................   Passed    0.26 sec
          Start  553: AleOperatorsHandDerived.TwoCellsWithAMovingInternalFaceIncludingUpwindReversal
1924/2020 Test  #200: MeshMotionInvalid.OutOfPlaneMotionOfA2DMeshIsRejected ....................................................   Passed    0.27 sec
          Start  554: AleOperators3D.UniformFieldIsAnExactSolutionOfTheAleOperator
1925/2020 Test  #201: MeshMotionInvalid.AdvanceMustMoveForwardInTime ...........................................................   Passed    0.27 sec
          Start  555: BoundaryInwardStencil.UniformCartesianGivesHalfAndThreeHalfCellHeights
1926/2020 Test  #202: MeshMotionInvalid.MotionMustStartAtTheReferencePosition ..................................................   Passed    0.27 sec
          Start  556: BoundaryInwardStencil.GradedMeshUsesActualCellHeights
1927/2020 Test  #203: MeshGeometryUpdate.RejectsInvalidGeometryAndChangesNothing ...............................................   Passed    0.27 sec
          Start  557: BoundaryInwardStencil.OneCellThickMeshHasNoStencilAcrossTheThinDirection
1928/2020 Test  #204: MeshGeometryUpdate.RevertRestoresTheGeometryBitwiseAndIsIdempotent .......................................   Passed    0.27 sec
          Start  558: BoundaryInwardStencil.SingleCellMeshHasNoStencilAnywhere
1929/2020 Test  #547: AleOperatorsStaticLimit.TimeDerivativeWithUnchangedVolumesIsTheStaticOne .................................   Passed    0.24 sec
          Start  559: BoundaryInwardStencil.RejectsInternalFace
1930/2020 Test  #548: AleOperatorsStaticLimit.RelativeFluxWithoutMeshMotionIsTheFlux ...........................................   Passed    0.24 sec
          Start  560: BoundaryReconstruction.CoefficientsMatchHandDerivedUniformValues
1931/2020 Test  #549: AleOperatorsStaticLimit.AleMomentumAssemblyWithoutMotionIsTheStaticAssembly ..............................   Passed    0.24 sec
          Start  561: BoundaryReconstruction.ReproducesTheUniformThreePointFormula
1932/2020 Test  #550: AleOperatorsStaticLimit.BothMomentumAssembliesRefuseA3DMesh ..............................................   Passed    0.25 sec
          Start  562: BoundaryReconstruction.IsExactForALinearFieldAndForAQuadraticOne
1933/2020 Test  #551: AleOperatorsStaticLimit.ThreeDimensionalConvectionAndTimeTermStaticLimit .................................   Passed    0.25 sec
          Start  563: BoundaryReconstruction.FallsBackToTheTwoPointFormWithoutAStencil
1934/2020 Test  #552: AleOperatorsHandDerived.UnitCellWithAMovingEastFace ......................................................   Passed    0.25 sec
          Start  564: BoundaryReconstruction.NeumannAndUncorrectedCallsAreUnchanged
1935/2020 Test  #553: AleOperatorsHandDerived.TwoCellsWithAMovingInternalFaceIncludingUpwindReversal ...........................   Passed    0.24 sec
          Start  565: BoundaryReconstruction.TangentialTransferIsZeroOnAnOrthogonalFaceAndNonZeroOffIt
1936/2020 Test  #555: BoundaryInwardStencil.UniformCartesianGivesHalfAndThreeHalfCellHeights ...................................   Passed    0.22 sec
          Start  566: BoundaryReconstruction.AssembledThermalSystemMatchesTheHandDerivedOne
1937/2020 Test  #556: BoundaryInwardStencil.GradedMeshUsesActualCellHeights ....................................................   Passed    0.22 sec
          Start  567: BoundaryReconstruction.ReproducesTheDiffusionOperatorsThreePointFormula
1938/2020 Test  #557: BoundaryInwardStencil.OneCellThickMeshHasNoStencilAcrossTheThinDirection .................................   Passed    0.22 sec
          Start 1015: ResidualTrend.HealthyDecreasingContinuityDoesNotTriggerDivergence
1939/2020 Test  #554: AleOperators3D.UniformFieldIsAnExactSolutionOfTheAleOperator .............................................   Passed    0.31 sec
          Start 1016: ResidualTrend.SubFloorRoundOffGrowthIsNotDivergence
1940/2020 Test  #558: BoundaryInwardStencil.SingleCellMeshHasNoStencilAnywhere .................................................   Passed    0.24 sec
          Start 1017: ResidualTrend.AboveFloorContinuityRunawayStillTriggersDivergence
1941/2020 Test  #195: MeshMotionGeometry.SinusoidalDeformation3D ...............................................................   Passed    0.74 sec
          Start 1120: ConjugateBoundaryEquivalence.SingleRegionMatchesSingleMaterialOn2x1
1942/2020 Test  #559: BoundaryInwardStencil.RejectsInternalFace ................................................................   Passed    0.27 sec
          Start 1121: ConjugateBoundaryEquivalence.SingleRegionMatchesSingleMaterialOn10x10
1943/2020 Test  #560: BoundaryReconstruction.CoefficientsMatchHandDerivedUniformValues .........................................   Passed    0.27 sec
          Start 1122: ConjugateBoundaryEquivalence.SingleRegionMatchesSingleMaterialOn20x20
1944/2020 Test  #561: BoundaryReconstruction.ReproducesTheUniformThreePointFormula .............................................   Passed    0.26 sec
          Start 1123: ConjugateBoundaryEquivalence.SingleRegionMatchesSingleMaterialIn3D
1945/2020 Test  #562: BoundaryReconstruction.IsExactForALinearFieldAndForAQuadraticOne .........................................   Passed    0.26 sec
          Start 1124: ConjugateBoundaryEquivalence.SingleRegionMatchesSingleMaterialOnAGradedMesh
1946/2020 Test  #563: BoundaryReconstruction.FallsBackToTheTwoPointFormWithoutAStencil .........................................   Passed    0.26 sec
          Start 1125: ConjugateBoundaryEquivalence.SingleRegionMatchesSingleMaterialOnADistortedMesh
1947/2020 Test  #564: BoundaryReconstruction.NeumannAndUncorrectedCallsAreUnchanged ............................................   Passed    0.26 sec
          Start 1126: ConjugateBoundaryEquivalence.SingleRegionMatchesSingleMaterialOnOneCellThickMeshes
1948/2020 Test  #565: BoundaryReconstruction.TangentialTransferIsZeroOnAnOrthogonalFaceAndNonZeroOffIt .........................   Passed    0.26 sec
          Start 1691: AlePisoStaticLimit.StationaryMotionIsPisoBitForBit
1949/2020 Test  #566: BoundaryReconstruction.AssembledThermalSystemMatchesTheHandDerivedOne ....................................   Passed    0.27 sec
          Start 1692: AlePisoUniformFlow.UniformFlowStaysUniformUnderPrescribedMotion
1950/2020 Test  #567: BoundaryReconstruction.ReproducesTheDiffusionOperatorsThreePointFormula ..................................   Passed    0.26 sec
          Start 1693: AlePisoUniformFlow.GclInconsistentVariantsBreakUniformFlow
1951/2020 Test #1015: ResidualTrend.HealthyDecreasingContinuityDoesNotTriggerDivergence ........................................   Passed    0.26 sec
          Start 1694: AlePisoGalilean.TranslatingCavityIsTheFixedCavityPlusTheTranslation
1952/2020 Test #1016: ResidualTrend.SubFloorRoundOffGrowthIsNotDivergence ......................................................   Passed    0.26 sec
          Start 1695: AlePisoGalilean.StaticFormulationOnTheTranslatingMeshIsNotGalileanInvariant
1953/2020 Test #1017: ResidualTrend.AboveFloorContinuityRunawayStillTriggersDivergence .........................................   Passed    0.26 sec
          Start 1696: AlePisoMovingWall.PistonPushesUniformFlowOutOfTheChannel
1954/2020 Test #1120: ConjugateBoundaryEquivalence.SingleRegionMatchesSingleMaterialOn2x1 ......................................   Passed    0.26 sec
          Start 1697: AlePisoMovingWall.CouetteFlowIsUnchangedByTangentialMeshTranslation
1955/2020 Test #1121: ConjugateBoundaryEquivalence.SingleRegionMatchesSingleMaterialOn10x10 ....................................   Passed    0.26 sec
          Start 1698: AlePisoMovingWall.InconsistentWallMotionIsRefusedAndTheMeshReverted
1956/2020 Test #1122: ConjugateBoundaryEquivalence.SingleRegionMatchesSingleMaterialOn20x20 ....................................   Passed    0.26 sec
          Start 1699: AlePisoTransient.TransientSolverRunsAleAndRevertsTheMeshOfARejectedStep
1957/2020 Test #1124: ConjugateBoundaryEquivalence.SingleRegionMatchesSingleMaterialOnAGradedMesh ..............................   Passed    0.24 sec
          Start 1700: AlePisoTransient.NumericalFailureRevertsTheMesh
1958/2020 Test #1126: ConjugateBoundaryEquivalence.SingleRegionMatchesSingleMaterialOnOneCellThickMeshes .......................   Passed    0.21 sec
          Start 1701: AlePisoTransient.RefusesA3DMeshLikePiso
1959/2020 Test #1123: ConjugateBoundaryEquivalence.SingleRegionMatchesSingleMaterialIn3D .......................................   Passed    0.30 sec
          Start 1702: AlePisoConservation.StationaryStepMassResidualIsTheContinuityResidualBitForBit
1960/2020 Test #1125: ConjugateBoundaryEquivalence.SingleRegionMatchesSingleMaterialOnADistortedMesh ...........................   Passed    0.28 sec
          Start 1703: AlePisoOutput.VtkWritesTheCurrentMovedGeometry
1961/2020 Test #1698: AlePisoMovingWall.InconsistentWallMotionIsRefusedAndTheMeshReverted ......................................   Passed    0.11 sec
          Start 1733: CavityGhiaValidation.Grid40x40ConvergesAndMatchesGhia
1962/2020 Test #1733: CavityGhiaValidation.Grid40x40ConvergesAndMatchesGhia ....................................................***Not Run (Disabled)   0.00 sec
          Start 1734: CavityGhiaValidation.Grid80x80ConvergesAndMatchesGhia
1963/2020 Test #1734: CavityGhiaValidation.Grid80x80ConvergesAndMatchesGhia ....................................................***Not Run (Disabled)   0.00 sec
          Start 1735: CavityGhiaValidation.GridConvergence
1964/2020 Test #1735: CavityGhiaValidation.GridConvergence .....................................................................***Not Run (Disabled)   0.00 sec
          Start 1738: CavityGhiaValidation.Re100Grid40
1965/2020 Test #1738: CavityGhiaValidation.Re100Grid40 .........................................................................***Not Run (Disabled)   0.00 sec
          Start 1739: CavityGhiaValidation.Re100Grid80
1966/2020 Test #1739: CavityGhiaValidation.Re100Grid80 .........................................................................***Not Run (Disabled)   0.00 sec
          Start 1740: CavityGhiaValidation.Re100Grid160
1967/2020 Test #1740: CavityGhiaValidation.Re100Grid160 ........................................................................***Not Run (Disabled)   0.00 sec
          Start 1741: CavityGhiaValidation.Re1000Grid40
1968/2020 Test #1741: CavityGhiaValidation.Re1000Grid40 ........................................................................***Not Run (Disabled)   0.00 sec
          Start 1742: CavityGhiaValidation.Re1000Grid80
1969/2020 Test #1742: CavityGhiaValidation.Re1000Grid80 ........................................................................***Not Run (Disabled)   0.00 sec
          Start 1743: CavityGhiaValidation.Re1000Grid160
1970/2020 Test #1743: CavityGhiaValidation.Re1000Grid160 .......................................................................***Not Run (Disabled)   0.00 sec
          Start 1744: CavityGhiaValidation.Re100Study
1971/2020 Test #1744: CavityGhiaValidation.Re100Study ..........................................................................***Not Run (Disabled)   0.00 sec
          Start 1745: CavityGhiaValidation.Re1000Study
1972/2020 Test #1745: CavityGhiaValidation.Re1000Study .........................................................................***Not Run (Disabled)   0.00 sec
          Start 1751: SchemeValidation.AccuracyCostComparisonFull
1973/2020 Test #1751: SchemeValidation.AccuracyCostComparisonFull ..............................................................***Not Run (Disabled)   0.00 sec
          Start 1755: PoiseuilleValidation.Grid128x16ConvergesAndMatchesAnalyticalProfile
1974/2020 Test #1755: PoiseuilleValidation.Grid128x16ConvergesAndMatchesAnalyticalProfile ......................................***Not Run (Disabled)   0.00 sec
          Start 1756: PoiseuilleValidation.Grid256x32ConvergesAndMatchesAnalyticalProfile
1975/2020 Test #1756: PoiseuilleValidation.Grid256x32ConvergesAndMatchesAnalyticalProfile ......................................***Not Run (Disabled)   0.00 sec
          Start 1785: NaturalConvectionValidation.Grid20x20MatchesDeVahlDavisRa1e3
1976/2020 Test #1785: NaturalConvectionValidation.Grid20x20MatchesDeVahlDavisRa1e3 .............................................***Not Run (Disabled)   0.00 sec
          Start 1791: CaseLidDrivenCavityIntegrationTest.ProductionCaseLoadsBuildsAndConverges
1977/2020 Test #1791: CaseLidDrivenCavityIntegrationTest.ProductionCaseLoadsBuildsAndConverges .................................***Not Run (Disabled)   0.00 sec
          Start 1850: MeshQualityCampaign.DegradationD1NonOrthogonality
1978/2020 Test #1850: MeshQualityCampaign.DegradationD1NonOrthogonality ........................................................***Not Run (Disabled)   0.00 sec
          Start 1851: MeshQualityCampaign.DegradationD2Irregularity
1979/2020 Test #1851: MeshQualityCampaign.DegradationD2Irregularity ............................................................***Not Run (Disabled)   0.00 sec
          Start 1852: MeshQualityCampaign.DegradationD3AspectRatio
1980/2020 Test #1852: MeshQualityCampaign.DegradationD3AspectRatio .............................................................***Not Run (Disabled)   0.00 sec
          Start 1853: MeshQualityCampaign.DegradationD4Expansion
1981/2020 Test #1853: MeshQualityCampaign.DegradationD4Expansion ...............................................................***Not Run (Disabled)   0.00 sec
          Start 1854: MeshQualityCampaign.ManufacturedSolutionCartesian
1982/2020 Test #1854: MeshQualityCampaign.ManufacturedSolutionCartesian ........................................................***Not Run (Disabled)   0.00 sec
          Start 1855: MeshQualityCampaign.ManufacturedSolutionSmoothCorrected
1983/2020 Test #1855: MeshQualityCampaign.ManufacturedSolutionSmoothCorrected ..................................................***Not Run (Disabled)   0.00 sec
          Start 1856: MeshQualityCampaign.ManufacturedSolutionSmoothUncorrected
1984/2020 Test #1856: MeshQualityCampaign.ManufacturedSolutionSmoothUncorrected ................................................***Not Run (Disabled)   0.00 sec
          Start 1857: MeshQualityCampaign.GridConvergenceIrregularFamily
1985/2020 Test #1857: MeshQualityCampaign.GridConvergenceIrregularFamily .......................................................***Not Run (Disabled)   0.00 sec
          Start 1860: Duct3DProductionCase.DuctLevel8
1986/2020 Test #1860: Duct3DProductionCase.DuctLevel8 ..........................................................................***Not Run (Disabled)   0.00 sec
          Start 1861: Duct3DProductionCase.DuctLevel16
1987/2020 Test #1861: Duct3DProductionCase.DuctLevel16 .........................................................................***Not Run (Disabled)   0.00 sec
          Start 1862: Duct3DProductionCase.DuctLevel24
1988/2020 Test #1862: Duct3DProductionCase.DuctLevel24 .........................................................................***Not Run (Disabled)   0.00 sec
          Start 1863: Duct3DProductionCase.DuctGate
1989/2020 Test #1863: Duct3DProductionCase.DuctGate ............................................................................***Not Run (Disabled)   0.00 sec
          Start 1864: Duct3DProductionCase.DirectionalSymmetry
1990/2020 Test #1864: Duct3DProductionCase.DirectionalSymmetry .................................................................***Not Run (Disabled)   0.00 sec
          Start 1867: LidDrivenCube3DProductionCase.CubeLevel32
1991/2020 Test #1867: LidDrivenCube3DProductionCase.CubeLevel32 ................................................................***Not Run (Disabled)   0.00 sec
          Start 1868: LidDrivenCube3DProductionCase.CubeLevel48
1992/2020 Test #1868: LidDrivenCube3DProductionCase.CubeLevel48 ................................................................***Not Run (Disabled)   0.00 sec
          Start 1869: LidDrivenCube3DProductionCase.CubeLevel64
1993/2020 Test #1869: LidDrivenCube3DProductionCase.CubeLevel64 ................................................................***Not Run (Disabled)   0.00 sec
          Start 1870: LidDrivenCube3DProductionCase.CubeGate
1994/2020 Test #1870: LidDrivenCube3DProductionCase.CubeGate ...................................................................***Not Run (Disabled)   0.00 sec
          Start 1895: ChannelFlowValidation.KEpsilonFineConvergesAndMatchesLogLaw
1995/2020 Test #1895: ChannelFlowValidation.KEpsilonFineConvergesAndMatchesLogLaw ..............................................***Not Run (Disabled)   0.00 sec
          Start 1898: ChannelFlowValidation.KOmegaFineConvergesAndMatchesLogLaw
1996/2020 Test #1898: ChannelFlowValidation.KOmegaFineConvergesAndMatchesLogLaw ................................................***Not Run (Disabled)   0.00 sec
          Start 1901: ChannelFlowValidation.SSTFineConvergesAndMatchesLogLaw
1997/2020 Test #1901: ChannelFlowValidation.SSTFineConvergesAndMatchesLogLaw ...................................................***Not Run (Disabled)   0.00 sec
          Start 1902: ChannelFlowValidation.KEpsilonGridRefinementReducesReTauError
1998/2020 Test #1902: ChannelFlowValidation.KEpsilonGridRefinementReducesReTauError ............................................***Not Run (Disabled)   0.00 sec
          Start 1909: TurbulentChannelValidation.Study
1999/2020 Test #1909: TurbulentChannelValidation.Study .........................................................................***Not Run (Disabled)   0.00 sec
          Start 1956: SIMPLEMMS.FineGridStudy
2000/2020 Test #1956: SIMPLEMMS.FineGridStudy ..................................................................................***Not Run (Disabled)   0.00 sec
          Start 1960: MMS3DTest.OperatorRefinementStudy
2001/2020 Test #1960: MMS3DTest.OperatorRefinementStudy ........................................................................***Not Run (Disabled)   0.00 sec
          Start 1963: MMSSimple3DTest.RefinementStudy
2002/2020 Test #1963: MMSSimple3DTest.RefinementStudy ..........................................................................***Not Run (Disabled)   0.00 sec
          Start 1966: BackwardFacingStep.Converges
2003/2020 Test #1966: BackwardFacingStep.Converges .............................................................................***Not Run (Disabled)   0.00 sec
          Start 1967: BackwardFacingStep.MassConservation
2004/2020 Test #1967: BackwardFacingStep.MassConservation ......................................................................***Not Run (Disabled)   0.00 sec
          Start 1968: BackwardFacingStep.ReattachmentLength
2005/2020 Test #1968: BackwardFacingStep.ReattachmentLength ....................................................................***Not Run (Disabled)   0.00 sec
2006/2020 Test #1696: AlePisoMovingWall.PistonPushesUniformFlowOutOfTheChannel .................................................   Passed    1.12 sec
2007/2020 Test #1699: AlePisoTransient.TransientSolverRunsAleAndRevertsTheMeshOfARejectedStep ..................................   Passed    1.07 sec
2008/2020 Test #1700: AlePisoTransient.NumericalFailureRevertsTheMesh ..........................................................   Passed    1.08 sec
2009/2020 Test #1701: AlePisoTransient.RefusesA3DMeshLikePiso ..................................................................   Passed    1.08 sec
2010/2020 Test  #193: MeshMotionGeometry.AffineMotionsGiveTheExactAffineImage3D ................................................   Passed    2.26 sec
2011/2020 Test #1702: AlePisoConservation.StationaryStepMassResidualIsTheContinuityResidualBitForBit ...........................   Passed    1.10 sec
2012/2020 Test #1703: AlePisoOutput.VtkWritesTheCurrentMovedGeometry ...........................................................   Passed    1.10 sec
2013/2020 Test #1694: AlePisoGalilean.TranslatingCavityIsTheFixedCavityPlusTheTranslation ......................................   Passed    1.31 sec
2014/2020 Test #1695: AlePisoGalilean.StaticFormulationOnTheTranslatingMeshIsNotGalileanInvariant ..............................   Passed    1.31 sec
2015/2020 Test #1697: AlePisoMovingWall.CouetteFlowIsUnchangedByTangentialMeshTranslation ......................................   Passed    1.29 sec
2016/2020 Test #1691: AlePisoStaticLimit.StationaryMotionIsPisoBitForBit .......................................................   Passed    1.69 sec
2017/2020 Test #1692: AlePisoUniformFlow.UniformFlowStaysUniformUnderPrescribedMotion ..........................................   Passed    3.25 sec
2018/2020 Test #1693: AlePisoUniformFlow.GclInconsistentVariantsBreakUniformFlow ...............................................   Passed    3.76 sec
2019/2020 Test #1783: NaturalConvectionValidation.Grid10x10ConstantPropertyModelsMatchDeVahlDavisRa1e3 .........................   Passed  515.96 sec
2020/2020 Test #1782: NaturalConvectionValidation.Grid10x10MatchesDeVahlDavisRa1e3 .............................................   Passed  497.96 sec

100% tests passed, 0 tests failed out of 1975

Label Time Summary:
integration    =  23.73 sec*proc (39 tests)
numerical      = 143.70 sec*proc (492 tests)
solver         = 1308.07 sec*proc (232 tests)
unit           = 412.49 sec*proc (1042 tests)
validation     = 20548.03 sec*proc (215 tests)

Total Test time (real) = 1682.71 sec

The following tests did not run:
	205 - MeshMotionEvidence.DumpSinusoidalGeometryForIndependentCheck (Disabled)
	1733 - CavityGhiaValidation.Grid40x40ConvergesAndMatchesGhia (Disabled)
	1734 - CavityGhiaValidation.Grid80x80ConvergesAndMatchesGhia (Disabled)
	1735 - CavityGhiaValidation.GridConvergence (Disabled)
	1738 - CavityGhiaValidation.Re100Grid40 (Disabled)
	1739 - CavityGhiaValidation.Re100Grid80 (Disabled)
	1740 - CavityGhiaValidation.Re100Grid160 (Disabled)
	1741 - CavityGhiaValidation.Re1000Grid40 (Disabled)
	1742 - CavityGhiaValidation.Re1000Grid80 (Disabled)
	1743 - CavityGhiaValidation.Re1000Grid160 (Disabled)
	1744 - CavityGhiaValidation.Re100Study (Disabled)
	1745 - CavityGhiaValidation.Re1000Study (Disabled)
	1751 - SchemeValidation.AccuracyCostComparisonFull (Disabled)
	1755 - PoiseuilleValidation.Grid128x16ConvergesAndMatchesAnalyticalProfile (Disabled)
	1756 - PoiseuilleValidation.Grid256x32ConvergesAndMatchesAnalyticalProfile (Disabled)
	1785 - NaturalConvectionValidation.Grid20x20MatchesDeVahlDavisRa1e3 (Disabled)
	1791 - CaseLidDrivenCavityIntegrationTest.ProductionCaseLoadsBuildsAndConverges (Disabled)
	1850 - MeshQualityCampaign.DegradationD1NonOrthogonality (Disabled)
	1851 - MeshQualityCampaign.DegradationD2Irregularity (Disabled)
	1852 - MeshQualityCampaign.DegradationD3AspectRatio (Disabled)
	1853 - MeshQualityCampaign.DegradationD4Expansion (Disabled)
	1854 - MeshQualityCampaign.ManufacturedSolutionCartesian (Disabled)
	1855 - MeshQualityCampaign.ManufacturedSolutionSmoothCorrected (Disabled)
	1856 - MeshQualityCampaign.ManufacturedSolutionSmoothUncorrected (Disabled)
	1857 - MeshQualityCampaign.GridConvergenceIrregularFamily (Disabled)
	1860 - Duct3DProductionCase.DuctLevel8 (Disabled)
	1861 - Duct3DProductionCase.DuctLevel16 (Disabled)
	1862 - Duct3DProductionCase.DuctLevel24 (Disabled)
	1863 - Duct3DProductionCase.DuctGate (Disabled)
	1864 - Duct3DProductionCase.DirectionalSymmetry (Disabled)
	1867 - LidDrivenCube3DProductionCase.CubeLevel32 (Disabled)
	1868 - LidDrivenCube3DProductionCase.CubeLevel48 (Disabled)
	1869 - LidDrivenCube3DProductionCase.CubeLevel64 (Disabled)
	1870 - LidDrivenCube3DProductionCase.CubeGate (Disabled)
	1895 - ChannelFlowValidation.KEpsilonFineConvergesAndMatchesLogLaw (Disabled)
	1898 - ChannelFlowValidation.KOmegaFineConvergesAndMatchesLogLaw (Disabled)
	1901 - ChannelFlowValidation.SSTFineConvergesAndMatchesLogLaw (Disabled)
	1902 - ChannelFlowValidation.KEpsilonGridRefinementReducesReTauError (Disabled)
	1909 - TurbulentChannelValidation.Study (Disabled)
	1956 - SIMPLEMMS.FineGridStudy (Disabled)
	1960 - MMS3DTest.OperatorRefinementStudy (Disabled)
	1963 - MMSSimple3DTest.RefinementStudy (Disabled)
	1966 - BackwardFacingStep.Converges (Disabled)
	1967 - BackwardFacingStep.MassConservation (Disabled)
	1968 - BackwardFacingStep.ReattachmentLength (Disabled)
ctest exit 0  (1683 s)
# end 2026-09-17T12:36:21Z
