iteration,u_residual,v_residual,p_residual,continuity_residual,global_mass_imbalance
1,1.19256958799989141e-01,0.00000000000000000e+00,2.60028855180890681e-02,1.51168848828060203e-10,0.00000000000000000e+00
2,4.87673473265274535e-02,8.99195328314654485e-03,2.06278118198027979e-02,8.54959388012430556e-11,0.00000000000000000e+00
3,2.50774486777781344e-02,8.87738482385301217e-03,1.68541611244193076e-02,8.99048572674879281e-11,0.00000000000000000e+00
4,1.52389381418139777e-02,7.21312961510983154e-03,1.38717017244500453e-02,7.48903836660635045e-11,0.00000000000000000e+00
5,1.03667600790070709e-02,5.77311640886979741e-03,1.15884312873238953e-02,4.14122653544628395e-11,0.00000000000000000e+00
6,7.58799430813695240e-03,4.72616244601249940e-03,9.85396737783544169e-03,4.98894068250430370e-11,0.00000000000000000e+00
7,5.83447022020867640e-03,3.94998488231444733e-03,8.52614142694385624e-03,1.62191822783620018e-11,0.00000000000000000e+00
8,4.65032063764794952e-03,3.36001946765944427e-03,7.49390823571128347e-03,5.49550660146510991e-11,0.00000000000000000e+00
9,3.81173816772201451e-03,2.90254840199417842e-03,6.67729751380180536e-03,5.11176350009453045e-11,0.00000000000000000e+00
10,3.19503821005860753e-03,2.53933740704677868e-03,6.01776504613422015e-03,5.30865535870359814e-11,0.00000000000000000e+00
11,2.72709642385472479e-03,2.24408066498979963e-03,5.47300998408252904e-03,8.67582285803250806e-11,0.00000000000000000e+00
12,2.36209896665506500e-03,1.99948001314608804e-03,5.01423126540023658e-03,7.03460001457842621e-11,0.00000000000000000e+00
13,2.07034736137733880e-03,1.79296565879474693e-03,4.62169412748813981e-03,4.20280318078087308e-11,0.00000000000000000e+00
14,1.83256885736277162e-03,1.61638912822116782e-03,4.28171315867166558e-03,2.96385851065010075e-11,0.00000000000000000e+00
15,1.63536989536218502e-03,1.46340585993911957e-03,3.98409087726491092e-03,7.80521652391239764e-11,0.00000000000000000e+00
16,1.46964062692193811e-03,1.32982688630229793e-03,3.72185240314337968e-03,4.21828754403076605e-11,0.00000000000000000e+00
17,1.32861450736271357e-03,1.21253476434939837e-03,3.48975989235898254e-03,6.25739076531787991e-11,0.00000000000000000e+00
18,1.20722410985118827e-03,1.10850109955145477e-03,3.28286160866516968e-03,2.87661498518999887e-11,0.00000000000000000e+00
19,1.10169991231007301e-03,1.01564693339791781e-03,3.09695649932293727e-03,6.41067542467786720e-11,0.00000000000000000e+00
20,1.00939907235565859e-03,9.33370862493251288e-04,2.92948211753049290e-03,2.99478548856023106e-11,0.00000000000000000e+00
21,9.27984172072398293e-04,8.59925651670823089e-04,2.77803117388504420e-03,6.65675866066746096e-12,0.00000000000000000e+00
22,8.55695652724132948e-04,7.94056377871103889e-04,2.64053762343789385e-03,4.28975249706323301e-11,0.00000000000000000e+00
23,7.91131052176650734e-04,7.34736296277333119e-04,2.51525159916124843e-03,2.15613793367185336e-11,0.00000000000000000e+00
24,7.33141461635560053e-04,6.81095941206275729e-04,2.40068878368269708e-03,3.29656700551046447e-11,0.00000000000000000e+00
25,6.80851080455137782e-04,6.32431783293106948e-04,2.29560352296116462e-03,2.91213476461891009e-11,0.00000000000000000e+00
26,6.33480044922153629e-04,5.88132365669720631e-04,2.19893462072142222e-03,2.94020084597817187e-11,0.00000000000000000e+00
27,5.90376592203632907e-04,5.47688769143068847e-04,2.10973856352390495e-03,8.62437684516758680e-11,0.00000000000000000e+00
28,5.51057093009259995e-04,5.10680229455840189e-04,2.02720464093025538e-03,4.71855740191880424e-11,0.00000000000000000e+00
29,5.15091728558850909e-04,4.76708649897901340e-04,1.95064132263659054e-03,9.25830040156600225e-11,0.00000000000000000e+00
30,4.82101642395043760e-04,4.45510397433637414e-04,1.87945688744926777e-03,1.56892229665003680e-11,0.00000000000000000e+00
31,4.51762001591422498e-04,4.16768540567401691e-04,1.81312744515767840e-03,3.22938767600034727e-11,0.00000000000000000e+00
32,4.23817735691307893e-04,3.90257931218140279e-04,1.75118853588172104e-03,2.14075677466914554e-11,0.00000000000000000e+00
33,3.98036868605679782e-04,3.65769508859685889e-04,1.69322909766995099e-03,4.49652575033070357e-11,0.00000000000000000e+00
34,3.74215467455943319e-04,3.43122268859404641e-04,1.63888577281266941e-03,8.38302975581771797e-11,0.00000000000000000e+00
35,3.52174149860531339e-04,3.22153760094754434e-04,1.58783744152059128e-03,4.49468718812013942e-11,0.00000000000000000e+00
36,3.31754716094477900e-04,3.02719050547966976e-04,1.53979948361638056e-03,4.01765470558256319e-11,0.00000000000000000e+00
37,3.12817395387345759e-04,2.84688567081017136e-04,1.49451865672727089e-03,2.92586674800634423e-11,0.00000000000000000e+00
38,2.95237705012493486e-04,2.67946669767619484e-04,1.45176884424664024e-03,8.09050646940394069e-11,0.00000000000000000e+00
39,2.78904249515677337e-04,2.52389826234956807e-04,1.41134755168597281e-03,6.47275724125250784e-11,0.00000000000000000e+00
40,2.63716741080896296e-04,2.37922521103747125e-04,1.37307281352650867e-03,6.08004025647447278e-11,0.00000000000000000e+00
41,2.49585665456694987e-04,2.24448143231774860e-04,1.33678051166825039e-03,3.60040804227358427e-12,0.00000000000000000e+00
42,2.36428889971624425e-04,2.11911976399951435e-04,1.30232505523060439e-03,1.81117053819804568e-11,0.00000000000000000e+00
43,2.24170043887098616e-04,2.00239726315353569e-04,1.26957247816391000e-03,2.16109802382894480e-11,0.00000000000000000e+00
44,2.12739084022347359e-04,1.89366845308669852e-04,1.23840088150525590e-03,6.41459735077835482e-11,0.00000000000000000e+00
45,2.02080191133621615e-04,1.79235082911027735e-04,1.20870027577525316e-03,3.79842384401582536e-11,0.00000000000000000e+00
46,1.92144706909814399e-04,1.69733857289493988e-04,1.18034979344558964e-03,1.83977523661447615e-11,0.00000000000000000e+00
47,1.82872714393680707e-04,1.60858570659889755e-04,1.15325220929991356e-03,9.96182872499029541e-12,0.00000000000000000e+00
48,1.74198177114595561e-04,1.52629632304428670e-04,1.12734687029271419e-03,8.73711290186624485e-12,0.00000000000000000e+00
49,1.66088918289707322e-04,1.44967399296798150e-04,1.10256377057014131e-03,5.74805843110473746e-12,0.00000000000000000e+00
50,1.58506491550620537e-04,1.37823351392529981e-04,1.07883502932135393e-03,7.81736639392606788e-12,0.00000000000000000e+00
51,1.51413047082997449e-04,1.31158525775633216e-04,1.05609713046212069e-03,3.29048497553603361e-12,0.00000000000000000e+00
52,1.44773001166009134e-04,1.24938667379535616e-04,1.03429131181620882e-03,2.27788955160016151e-11,0.00000000000000000e+00
53,1.38553458142629384e-04,1.19132229962912547e-04,1.01336337984729379e-03,1.62373741771107911e-11,0.00000000000000000e+00
54,1.32723849560802712e-04,1.13710078481798202e-04,9.93263352708356317e-04,2.43175493434235090e-11,0.00000000000000000e+00
55,1.27255930334820819e-04,1.08645012159189590e-04,9.73945072470479094e-04,6.53840424345106136e-12,0.00000000000000000e+00
56,1.22123489591989911e-04,1.03911735462656666e-04,9.55365843383359039e-04,1.36560723470107718e-11,0.00000000000000000e+00
57,1.17302216326148532e-04,9.94867267064702574e-05,9.37486117321867894e-04,1.25626981322530014e-11,0.00000000000000000e+00
58,1.12769668155893749e-04,9.53479410025705090e-05,9.20269194598773762e-04,1.99373771351979559e-11,0.00000000000000000e+00
59,1.08504809146803667e-04,9.14752160914969242e-05,9.03680982938498520e-04,1.88340053494500135e-11,0.00000000000000000e+00
60,1.04488411282627143e-04,8.78493817131319741e-05,8.87689749085513445e-04,2.38538557707745230e-11,0.00000000000000000e+00
61,1.00702520531391305e-04,8.44528422915972793e-05,8.72265927438891850e-04,7.38966790634017141e-11,0.00000000000000000e+00
62,9.71307211708861788e-05,8.12689354855755956e-05,8.57381922549898721e-04,2.47302221357058429e-11,0.00000000000000000e+00
63,9.37573216392210252e-05,7.82827816093806456e-05,8.43011939526853299e-04,1.16682797189755724e-11,0.00000000000000000e+00
64,9.05684027401833838e-05,7.54798320463197692e-05,8.29131837429698923e-04,3.94246360977840176e-11,0.00000000000000000e+00
65,8.75509009615376620e-05,7.28467899437583010e-05,8.15718986743043826e-04,4.88847864668095433e-11,0.00000000000000000e+00
66,8.46925578021347989e-05,7.03716159939480370e-05,8.02752159437118674e-04,7.89045383499164915e-11,0.00000000000000000e+00
67,8.19823072956868507e-05,6.80427550876978225e-05,7.90211403992850865e-04,2.81033318270495971e-11,0.00000000000000000e+00
68,7.94097825281209132e-05,6.58497303987065901e-05,7.78077948776586550e-04,7.99285250026574054e-11,0.00000000000000000e+00
69,7.69655954876373287e-05,6.37825922705595889e-05,7.66334110845077392e-04,7.31193149172934682e-11,0.00000000000000000e+00
70,7.46408693187131962e-05,6.18324206728663604e-05,7.54963209804650421e-04,7.98954871334721083e-11,0.00000000000000000e+00
71,7.24275941170992704e-05,5.99907480249042927e-05,7.43949496769918104e-04,2.50007919603622992e-11,0.00000000000000000e+00
72,7.03183059618534549e-05,5.82498270379740995e-05,7.33278079921529432e-04,4.25548979668130756e-11,0.00000000000000000e+00
73,6.83062211334978990e-05,5.66023995931736723e-05,7.22934865880392181e-04,4.91859587107995572e-11,0.00000000000000000e+00
74,6.63849359533758850e-05,5.50419521618873640e-05,7.12906502245108913e-04,5.27774174808886282e-11,0.00000000000000000e+00
75,6.45488002384920681e-05,5.35621569115138317e-05,7.03180321744210999e-04,3.08717560717310265e-11,0.00000000000000000e+00
76,6.27922666018319783e-05,5.21575989200621066e-05,6.93744303144118468e-04,9.84433881048565187e-11,0.00000000000000000e+00
77,6.11105556439659538e-05,5.08228673834822413e-05,6.84587019200068574e-04,5.33313069850234781e-11,0.00000000000000000e+00
78,5.94990258499549762e-05,4.95532636061646927e-05,6.75697601373537291e-04,7.04568234742351849e-11,0.00000000000000000e+00
79,5.79535753005679932e-05,4.83442505491876354e-05,6.67065703283508142e-04,4.03904382390365497e-11,0.00000000000000000e+00
80,5.64702580929528862e-05,4.71918215717454794e-05,6.58681467316390816e-04,7.24544418119770625e-11,0.00000000000000000e+00
81,5.50456548387822650e-05,4.60920389342009816e-05,6.50535490538485094e-04,2.69203326106235813e-11,0.00000000000000000e+00
82,5.36762736123461105e-05,4.50416516231291918e-05,6.42618805908156039e-04,1.14145922038443080e-11,0.00000000000000000e+00
83,5.23592382103847448e-05,4.40372510353415403e-05,6.34922846186785684e-04,3.19828775549315063e-11,0.00000000000000000e+00
84,5.10916715431619829e-05,4.30759579095378408e-05,6.27439423385588125e-04,3.18429041721165941e-11,0.00000000000000000e+00
85,4.98709525638039942e-05,4.21550533978798327e-05,6.20160713953042978e-04,4.71490224472113314e-11,0.00000000000000000e+00
86,4.86947003470230761e-05,4.12719814278777398e-05,6.13079227668848065e-04,2.16295792900257592e-11,0.00000000000000000e+00
87,4.75606502308955945e-05,4.04244459793895856e-05,6.06187795999256203e-04,6.56497516848380601e-11,0.00000000000000000e+00
88,4.64667601608063905e-05,3.96102499219836568e-05,5.99479552364980887e-04,3.98822389876127334e-11,0.00000000000000000e+00
89,4.54110502972133982e-05,3.88274681175294531e-05,5.92947917008790977e-04,3.80561336123706603e-11,0.00000000000000000e+00
90,4.43917549863037764e-05,3.80742174982845482e-05,5.86586582050608717e-04,3.90666866257694168e-11,0.00000000000000000e+00
91,4.34071829720053038e-05,3.73488210436102245e-05,5.80389496873969868e-04,4.88287771410959704e-11,0.00000000000000000e+00
92,4.24557684396822670e-05,3.66496995359460635e-05,5.74350856241825111e-04,4.54956407166435640e-11,0.00000000000000000e+00
93,4.15360442195153548e-05,3.59754006905415718e-05,5.68465086781364958e-04,5.84794872416367331e-11,0.00000000000000000e+00
94,4.06466427310852224e-05,3.53245655929770104e-05,5.62726838872802324e-04,3.51563396345272860e-11,0.00000000000000000e+00
95,3.97862594578023989e-05,3.46959652359873487e-05,5.57130973477686022e-04,5.86026118775395603e-11,0.00000000000000000e+00
96,3.89537404583422016e-05,3.40883731029482725e-05,5.51672551051733662e-04,7.89415872554890198e-11,0.00000000000000000e+00
97,3.81478839249681858e-05,3.35007780896474762e-05,5.46346826546529859e-04,3.93850135652511664e-11,0.00000000000000000e+00
98,3.73676440740349129e-05,3.29321391787198753e-05,5.41149238881965741e-04,6.37906554609583810e-11,0.00000000000000000e+00
99,3.66120132618552178e-05,3.23815219952401984e-05,5.36075401553502478e-04,5.79013655481406886e-11,0.00000000000000000e+00
100,3.58800693949349366e-05,3.18480095133950197e-05,5.31121093954231398e-04,8.94381526504946363e-11,0.00000000000000000e+00
101,3.51708601234516669e-05,3.13308516052716255e-05,5.26282258888622441e-04,5.36442042587857668e-11,0.00000000000000000e+00
102,3.44835495027145456e-05,3.08292495127103239e-05,5.21554993204078471e-04,4.53210282475038296e-11,0.00000000000000000e+00
103,3.38173384237525277e-05,3.03424797449270105e-05,5.16935539098064200e-04,8.86837389179076017e-11,0.00000000000000000e+00
104,3.31714533840613780e-05,2.98698757763402975e-05,5.12420280316555426e-04,6.98664442452280606e-11,0.00000000000000000e+00
105,3.25451519273896287e-05,2.94108207947557757e-05,5.08005737181831921e-04,5.44352377786113119e-11,0.00000000000000000e+00
106,3.19377456458184620e-05,2.89647109871862930e-05,5.03688559135859540e-04,8.39724389384113896e-11,0.00000000000000000e+00
107,3.13485716672075551e-05,2.85309919995834189e-05,4.99465519627874952e-04,5.42879619627539509e-11,0.00000000000000000e+00
108,3.07769841884429128e-05,2.81091503343432590e-05,4.95333513669457591e-04,4.90512546171925953e-11,0.00000000000000000e+00
109,3.02223871579239245e-05,2.76986862350787255e-05,4.91289548906918079e-04,2.01092459682538355e-11,0.00000000000000000e+00
110,2.96841931145035371e-05,2.72991366374207457e-05,4.87330745157291188e-04,6.21643562586463519e-11,0.00000000000000000e+00
111,2.91618528545288617e-05,2.69100590209437227e-05,4.83454326850093130e-04,6.46051936434522901e-11,0.00000000000000000e+00
112,2.86548241938579686e-05,2.65310490145342532e-05,4.79657622013235385e-04,8.29676947847907199e-11,0.00000000000000000e+00
113,2.81626004495734199e-05,2.61617093532329884e-05,4.75938055401199710e-04,9.31048970369242277e-11,0.00000000000000000e+00
114,2.76846875843431823e-05,2.58016715470424338e-05,4.72293146533181462e-04,6.70674531385176659e-11,0.00000000000000000e+00
115,2.72206128096904675e-05,2.54505851701522619e-05,4.68720505904664947e-04,9.56349279237646162e-11,0.00000000000000000e+00
116,2.67699167439226810e-05,2.51081191232741967e-05,4.65217831438115325e-04,9.26893749728516477e-11,0.00000000000000000e+00
117,2.63321802955570091e-05,2.47739357872175126e-05,4.61782900880529400e-04,8.00831819460022680e-11,0.00000000000000000e+00
118,2.59069608814076094e-05,2.44477714425557861e-05,4.58413578577260934e-04,9.39954138832811715e-11,0.00000000000000000e+00
119,2.54938586427607284e-05,2.41293161307309329e-05,4.55107803913308215e-04,9.20363306805944247e-11,0.00000000000000000e+00
120,2.50924808361988531e-05,2.38183040983068569e-05,4.51863590709148744e-04,6.22673222448387151e-11,0.00000000000000000e+00
121,2.47024487980330370e-05,2.35144760971244985e-05,4.48679024694331220e-04,6.75766419678269145e-11,0.00000000000000000e+00
122,2.43233990703675320e-05,2.32175852083414296e-05,4.45552260934778551e-04,4.77606325475197733e-11,0.00000000000000000e+00
123,2.39549763806485338e-05,2.29273961503164886e-05,4.42481521182107502e-04,9.64062820243769018e-11,0.00000000000000000e+00
124,2.35968400278256119e-05,2.26436830089126618e-05,4.39465091129980997e-04,8.16519853537130791e-11,0.00000000000000000e+00
125,2.32486601712906656e-05,2.23662359242782678e-05,4.36501318116636278e-04,7.38497332875625576e-11,0.00000000000000000e+00
126,2.29101148562847097e-05,2.20948448312680964e-05,4.33588609911342510e-04,5.95062344504113664e-11,0.00000000000000000e+00
127,2.25808991446082429e-05,2.18293122561259012e-05,4.30725429600182055e-04,5.49180908851245938e-11,0.00000000000000000e+00
128,2.22607133418788257e-05,2.15694570597852555e-05,4.27910296319237960e-04,4.33729331284250129e-11,0.00000000000000000e+00
129,2.19492677132910356e-05,2.13150968752713056e-05,4.25141782373667941e-04,8.34881431201363080e-11,0.00000000000000000e+00
130,2.16462832336151020e-05,2.10660588472001582e-05,4.22418510760714030e-04,6.65572230900082564e-11,0.00000000000000000e+00
131,2.13514893988026818e-05,2.08221793506811044e-05,4.19739153265014531e-04,5.61296564285622490e-11,0.00000000000000000e+00
132,2.10646220648351900e-05,2.05832989539326907e-05,4.17102430206907511e-04,4.77057890378942698e-11,0.00000000000000000e+00
133,2.07854298434596797e-05,2.03492660695373143e-05,4.14507105595026152e-04,4.01028729890674189e-11,0.00000000000000000e+00
134,2.05136649006126750e-05,2.01199358352913183e-05,4.11951989129021175e-04,7.50043934720953521e-11,0.00000000000000000e+00
135,2.02490900318710359e-05,1.98951654575825360e-05,4.09435930000839941e-04,7.60375814026134735e-11,0.00000000000000000e+00
136,1.99914786497382484e-05,1.96748253442213573e-05,4.06957820759406674e-04,8.98843441252035351e-11,0.00000000000000000e+00
137,1.97405995768725639e-05,1.94587825987465415e-05,4.04516592576474111e-04,9.36779317789146701e-11,0.00000000000000000e+00
138,1.94962409159223783e-05,1.92469144220948426e-05,4.02111213191158926e-04,1.86551339435681026e-11,0.00000000000000000e+00
139,1.92581939336107722e-05,1.90391006695668922e-05,3.99740687370531849e-04,6.85596574892694056e-11,0.00000000000000000e+00
140,1.90262518180897505e-05,1.88352262508028405e-05,3.97404053742179291e-04,7.21509597919304872e-11,0.00000000000000000e+00
141,1.88002246690053944e-05,1.86351811571807247e-05,3.95100385489860527e-04,4.40183450490088305e-11,0.00000000000000000e+00
142,1.85799172234583550e-05,1.84388581867772556e-05,3.92828788519479814e-04,6.78310573022094249e-11,0.00000000000000000e+00
143,1.83651457026297687e-05,1.82461547467122377e-05,3.90588398435458165e-04,8.29221298473734912e-11,0.00000000000000000e+00
144,1.81557341663863912e-05,1.80569717669652139e-05,3.88378381908378878e-04,9.33592548499228937e-11,0.00000000000000000e+00
145,1.79515085213778367e-05,1.78712135716369369e-05,3.86197933965193340e-04,9.26553418254297025e-11,0.00000000000000000e+00
146,1.77523003559208891e-05,1.76887881003351891e-05,3.84046278313956058e-04,3.69414249069448234e-11,0.00000000000000000e+00
147,1.75579499862582831e-05,1.75096064128836747e-05,3.81922664073756468e-04,7.86099811964293482e-11,0.00000000000000000e+00
148,1.73682974225968528e-05,1.73335834835420018e-05,3.79826366834404479e-04,2.72836421120370005e-11,0.00000000000000000e+00
149,1.71831981318765853e-05,1.71606410843335226e-05,3.77756686603712504e-04,8.31401350679047464e-11,0.00000000000000000e+00
150,1.70024965788307736e-05,1.69906903261629171e-05,3.75712947592336138e-04,7.67665300321972659e-11,0.00000000000000000e+00
151,1.68260589866629979e-05,1.68236571159862394e-05,3.73694497008143561e-04,7.15233890716559815e-11,0.00000000000000000e+00
152,1.66537421730397757e-05,1.66594671234541356e-05,3.71700704335456694e-04,5.41084773691133484e-11,0.00000000000000000e+00
153,1.64854158404781429e-05,1.64980490388977055e-05,3.69730959757726336e-04,8.47588764520552231e-11,0.00000000000000000e+00
154,1.63209502868107312e-05,1.63393331296811930e-05,3.67784674268197714e-04,9.21095584462325036e-11,0.00000000000000000e+00
155,1.61602244325409936e-05,1.61832516791284630e-05,3.65861278435567665e-04,8.90332423398494027e-11,0.00000000000000000e+00
156,1.60031148290280229e-05,1.60297397226611413e-05,3.63960222656328303e-04,8.92500686776511240e-11,0.00000000000000000e+00
157,1.58495060527847938e-05,1.58787341485128792e-05,3.62080974677931493e-04,2.94107677080991441e-11,0.00000000000000000e+00
158,1.56992873907532342e-05,1.57301735334102132e-05,3.60223020309181376e-04,5.31288269600829809e-11,0.00000000000000000e+00
159,1.55523461847946770e-05,1.55839999261427371e-05,3.58385862157349871e-04,5.78452947440313673e-11,0.00000000000000000e+00
160,1.54085857282533061e-05,1.54401548783607547e-05,3.56569018748510930e-04,9.60067455245006358e-11,0.00000000000000000e+00
161,1.52678965872997018e-05,1.52985841725942107e-05,3.54772025431282024e-04,2.89904854133975380e-11,0.00000000000000000e+00
162,1.51301857585995111e-05,1.51592325512182013e-05,3.52994432489350785e-04,8.86426757567415596e-11,0.00000000000000000e+00
163,1.49953513208239725e-05,1.50220504960824550e-05,3.51235804066842548e-04,1.02494229507183125e-11,0.00000000000000000e+00
164,1.48633140614108276e-05,1.48869848109002576e-05,3.49495718811814338e-04,6.63464787052131591e-11,0.00000000000000000e+00
165,1.47339718379479164e-05,1.47539891092645562e-05,3.47773768817000032e-04,4.94295302794205229e-11,0.00000000000000000e+00
166,1.46072519708582146e-05,1.46230146074403849e-05,3.46069559327274177e-04,6.39051190766425445e-11,0.00000000000000000e+00
167,1.44830635680079878e-05,1.44940160940853053e-05,3.44382708578337834e-04,6.43284061060770051e-11,0.00000000000000000e+00
168,1.43613321330600720e-05,1.43669482118606271e-05,3.42712845915425822e-04,2.95231145154858970e-11,0.00000000000000000e+00
169,1.42419777332186385e-05,1.42417680711453403e-05,3.41059613632321065e-04,5.51605159154624910e-11,0.00000000000000000e+00
170,1.41249254473055355e-05,1.41184346372247597e-05,3.39422663949738210e-04,6.91924694449090761e-11,0.00000000000000000e+00
171,1.40101078967176374e-05,1.39969066200770331e-05,3.37801660642761620e-04,6.90479620132642770e-11,0.00000000000000000e+00
172,1.38974538445263295e-05,1.38771436111251580e-05,3.36196278374711389e-04,8.45116310812243334e-11,0.00000000000000000e+00
173,1.37868952643829282e-05,1.37591084930218783e-05,3.34606200619823638e-04,3.05341119275044425e-11,0.00000000000000000e+00
174,1.36783708252812214e-05,1.36427628823077718e-05,3.33031122670856617e-04,9.51189102108159176e-11,0.00000000000000000e+00
175,1.35718093951153410e-05,1.35280732077636951e-05,3.31470745949299234e-04,7.76672760776857072e-11,0.00000000000000000e+00
176,1.34671686697370400e-05,1.34150005835366246e-05,3.29924782981890581e-04,3.36482654851219080e-11,0.00000000000000000e+00
177,1.33643735015717115e-05,1.33035134072983146e-05,3.28392956641147371e-04,5.11417019445755232e-11,0.00000000000000000e+00
178,1.32633748544258996e-05,1.31935770511733792e-05,3.26874994457517691e-04,1.59355395561511872e-11,0.00000000000000000e+00
179,1.31641218356669144e-05,1.30851605776233224e-05,3.25370635075811177e-04,7.84032296928817186e-11,0.00000000000000000e+00
180,1.30665566652643668e-05,1.29782319365143179e-05,3.23879621761913230e-04,7.92009160058441415e-11,0.00000000000000000e+00
181,1.29706365516292829e-05,1.28727606851231910e-05,3.22401709160278886e-04,7.41028497285060350e-11,0.00000000000000000e+00
182,1.28763070884802805e-05,1.27687161256898340e-05,3.20936656605734104e-04,5.38742875621611436e-11,0.00000000000000000e+00
183,1.27835226597158485e-05,1.26660702740239779e-05,3.19484231326441217e-04,1.75987284775560232e-11,0.00000000000000000e+00
184,1.26922381878107883e-05,1.25647952217015312e-05,3.18044207033934992e-04,6.31627284351206829e-11,0.00000000000000000e+00
185,1.26024106304344784e-05,1.24648640261475409e-05,3.16616363133359027e-04,6.18557097931880564e-11,0.00000000000000000e+00
186,1.25140015764517351e-05,1.23662487378723537e-05,3.15200486662978760e-04,5.28132886876499397e-11,0.00000000000000000e+00
187,1.24269644197292958e-05,1.22689242603404885e-05,3.13796370683289377e-04,9.71794310005821625e-11,0.00000000000000000e+00
188,1.23412646743155345e-05,1.21728651340177080e-05,3.12403812569870816e-04,7.69833824761424436e-11,0.00000000000000000e+00
189,1.22568634133066434e-05,1.20780465512468968e-05,3.11022617373395507e-04,7.68512943947394891e-11,0.00000000000000000e+00
190,1.21737224537774204e-05,1.19844445830554176e-05,3.09652594013542560e-04,7.33723084542488075e-11,0.00000000000000000e+00
191,1.20918091060187277e-05,1.18920355610156366e-05,3.08293557434653352e-04,5.96142340926223499e-11,0.00000000000000000e+00
192,1.20110897548961430e-05,1.18007977282710005e-05,3.06945327326520146e-04,8.79360799669505619e-11,0.00000000000000000e+00
193,1.19315297571830280e-05,1.17107086053652704e-05,3.05607728136099216e-04,6.32742726630443550e-11,0.00000000000000000e+00
194,1.18531014759137262e-05,1.16217467862620908e-05,3.04280590115268317e-04,5.68762819946677684e-11,0.00000000000000000e+00
195,1.17757721499141303e-05,1.15338884592940564e-05,3.02963746716166662e-04,1.75568780969393796e-11,0.00000000000000000e+00
196,1.16995046885801858e-05,1.14471190227756245e-05,3.01657037047542323e-04,6.89997662304195751e-11,0.00000000000000000e+00
197,1.16242866378606934e-05,1.13614150561603211e-05,3.00360301864980987e-04,5.70159725898441112e-11,0.00000000000000000e+00
198,1.15500855223861322e-05,1.12767548734576217e-05,2.99073389639062945e-04,7.38298121440494970e-11,0.00000000000000000e+00
199,1.14768659842835058e-05,1.11931214837915622e-05,2.97796151521063511e-04,3.95588080251425493e-11,0.00000000000000000e+00
200,1.14046114565820574e-05,1.11104958147627583e-05,2.96528441587801377e-04,3.82048635150479801e-11,0.00000000000000000e+00
201,1.13332922638821712e-05,1.10288606034944063e-05,2.95270118288694524e-04,4.75554579867678279e-11,0.00000000000000000e+00
202,1.12628900270232677e-05,1.09481980936422596e-05,2.94021043393376345e-04,6.73191422670965962e-11,0.00000000000000000e+00
203,1.11933770957240682e-05,1.08684901583031331e-05,2.92781082437816272e-04,5.46122210803264384e-11,0.00000000000000000e+00
204,1.11247368226038417e-05,1.07897199670971652e-05,2.91550104389530073e-04,1.43910983138116469e-11,0.00000000000000000e+00
205,1.10569440015308066e-05,1.07118712000747816e-05,2.90327981921004630e-04,1.17788883113654842e-11,0.00000000000000000e+00
206,1.09899735854761401e-05,1.06349288626739616e-05,2.89114589454619539e-04,8.69108366151764880e-11,0.00000000000000000e+00
207,1.09238154153215905e-05,1.05588768365729501e-05,2.87909804839084089e-04,4.15096360227739404e-11,0.00000000000000000e+00
208,1.08584498217580634e-05,1.04836977731960783e-05,2.86713510326705445e-04,4.67631654290339687e-11,0.00000000000000000e+00
209,1.07938468881304936e-05,1.04093782145821147e-05,2.85525590109449222e-04,7.05653045302409045e-11,0.00000000000000000e+00
210,1.07299984702890453e-05,1.03359039149064227e-05,2.84345930248796209e-04,4.77035458901220635e-11,0.00000000000000000e+00
211,1.06668867667591126e-05,1.02632597940253374e-05,2.83174420784471743e-04,3.07327066085579511e-11,0.00000000000000000e+00
212,1.06044910279186737e-05,1.01914321518099183e-05,2.82010953989812025e-04,2.08365762146912708e-11,0.00000000000000000e+00
213,1.05428006997983872e-05,1.01204071823071771e-05,2.80855423666185298e-04,6.93689945238745132e-11,0.00000000000000000e+00
214,1.04817936708183925e-05,1.00501724085781049e-05,2.79707727357559732e-04,8.72294219856102187e-11,0.00000000000000000e+00
215,1.04214603100047742e-05,9.98071306512099047e-06,2.78567764245439033e-04,6.77163743708737693e-11,0.00000000000000000e+00
216,1.03617818915044125e-05,9.91201764878549832e-06,2.77435436855618279e-04,6.12140881086682767e-11,0.00000000000000000e+00
217,1.03027449388372538e-05,9.84407273208491430e-06,2.76310648440725203e-04,8.28893693658107014e-11,0.00000000000000000e+00
218,1.02443366728537943e-05,9.77686642467205342e-06,2.75193304677359642e-04,7.87992435156377927e-11,0.00000000000000000e+00
219,1.01865456912147038e-05,9.71038758920479732e-06,2.74083314237392182e-04,9.72031549544059758e-11,0.00000000000000000e+00
220,1.01293566377856579e-05,9.64462371771486395e-06,2.72980586949146274e-04,5.19215082488987673e-11,0.00000000000000000e+00
221,1.00727603331570792e-05,9.57956276076187242e-06,2.71885034959232262e-04,8.82671445356783407e-11,0.00000000000000000e+00
222,1.00167376118099053e-05,9.51519505706402821e-06,2.70796572316853428e-04,4.41555419448206080e-11,0.00000000000000000e+00
223,9.96128846134468671e-06,9.45150838885766532e-06,2.69715114454414494e-04,2.05995593220044417e-12,0.00000000000000000e+00
224,9.90639076200476952e-06,9.38849185351047284e-06,2.68640579470654135e-04,2.83115022101070694e-11,0.00000000000000000e+00
225,9.85203661468260428e-06,9.32613668875010321e-06,2.67572886197860855e-04,7.63052987894331874e-12,0.00000000000000000e+00
226,9.79822163283557361e-06,9.26443076520988574e-06,2.66511955392661505e-04,7.40748562054848290e-11,0.00000000000000000e+00
227,9.74492622685428326e-06,9.20336576474644583e-06,2.65457710137208020e-04,4.24563647213684531e-11,0.00000000000000000e+00
228,9.69215184931037771e-06,9.14292908346985669e-06,2.64410074033550799e-04,2.89906997171789765e-12,0.00000000000000000e+00
229,9.63987705461929269e-06,9.08311241184276616e-06,2.63368973781216351e-04,7.91167154653475442e-11,0.00000000000000000e+00
230,9.58809427872875871e-06,9.02390856021829123e-06,2.62334335831311191e-04,5.94971292704921493e-11,0.00000000000000000e+00
231,9.53680749394699965e-06,8.96530496054613608e-06,2.61306088254424705e-04,6.03262529445241389e-11,0.00000000000000000e+00
232,9.48599202636152719e-06,8.90729343157720788e-06,2.60284162310867495e-04,4.53973936113251632e-11,0.00000000000000000e+00
233,9.43564729386878587e-06,8.84986554711483250e-06,2.59268488703828326e-04,7.27105971031328294e-11,0.00000000000000000e+00
234,9.38576207093848269e-06,8.79301307115538651e-06,2.58259000257971970e-04,2.91717633646430158e-11,0.00000000000000000e+00
235,9.33633408252965271e-06,8.73672629944751920e-06,2.57255630823342038e-04,8.21390613532449160e-11,0.00000000000000000e+00
236,9.28734516470793482e-06,8.68099811662017712e-06,2.56258316068401146e-04,8.09307742048072632e-11,0.00000000000000000e+00
237,9.23880063069867292e-06,8.62581929799384798e-06,2.55266991742409907e-04,5.99923822103649121e-11,0.00000000000000000e+00
238,9.19068413554741250e-06,8.57118130594712137e-06,2.54281596247339832e-04,8.17190395394489491e-11,0.00000000000000000e+00
239,9.14298875056801989e-06,8.51707792342464368e-06,2.53302068256983245e-04,9.15229990686898700e-11,0.00000000000000000e+00
240,9.09571293838403895e-06,8.46350021971100157e-06,2.52328347197716555e-04,8.04332375787908646e-11,0.00000000000000000e+00
241,9.04884670724709455e-06,8.41044103468663494e-06,2.51360374655451905e-04,8.99272390167979790e-11,0.00000000000000000e+00
242,9.00238227143939511e-06,8.35789256895561854e-06,2.50398092491373593e-04,7.60300583625003384e-11,0.00000000000000000e+00
243,8.95631663986075490e-06,8.30584773224626391e-06,2.49441443728145955e-04,9.81016648805645811e-11,0.00000000000000000e+00
244,8.91063975273781828e-06,8.25429940954607513e-06,2.48490372606747676e-04,8.60179581438028433e-11,0.00000000000000000e+00
245,8.86535051178237173e-06,8.20324111154322449e-06,2.47544824176378607e-04,9.54949827252010609e-11,0.00000000000000000e+00
246,8.82043824348525691e-06,8.15266441336587024e-06,2.46604744319820065e-04,9.25322988275484731e-11,0.00000000000000000e+00
247,8.77590026035437890e-06,8.10256489709832800e-06,2.45670080304045773e-04,7.20246200232344615e-11,0.00000000000000000e+00
248,8.73173051565458666e-06,8.05293366266297262e-06,2.44740779900060621e-04,3.64477538305583813e-11,0.00000000000000000e+00
249,8.68792280424845467e-06,8.00376481682820402e-06,2.43816791949145258e-04,1.34416932432146400e-11,0.00000000000000000e+00
250,8.64447231668553420e-06,7.95505249939183154e-06,2.42898066016678714e-04,6.89726173050549046e-11,0.00000000000000000e+00
251,8.60137378717458050e-06,7.90679048884222228e-06,2.41984552550543426e-04,9.58351230526104166e-11,0.00000000000000000e+00
252,8.55862151472006568e-06,7.85897294959617448e-06,2.41076202791171748e-04,9.21086974453294685e-11,0.00000000000000000e+00
253,8.51621271821543061e-06,7.81159217880598667e-06,2.40172968463138274e-04,9.17042982560264521e-11,0.00000000000000000e+00
254,8.47414245527926110e-06,7.76464437243273026e-06,2.39274802790494251e-04,9.69105740442784093e-11,0.00000000000000000e+00
255,8.43240536053371875e-06,7.71812144121894278e-06,2.38381659159617344e-04,8.54465154432055670e-11,0.00000000000000000e+00
256,8.39099517215568006e-06,7.67202022343825206e-06,2.37493492412079859e-04,8.13573269593447762e-11,0.00000000000000000e+00
257,8.34991069317306325e-06,7.62633246438060596e-06,2.36610256910060743e-04,4.94911421729393957e-11,0.00000000000000000e+00
258,8.30914434739398703e-06,7.58105466766351407e-06,2.35731908958548603e-04,8.99581485080858903e-11,0.00000000000000000e+00
259,8.26869769355384617e-06,7.53617992866381292e-06,2.34858404500883560e-04,4.99477612305319985e-11,0.00000000000000000e+00
260,8.22855555336397969e-06,7.49170473135717611e-06,2.33989701565587104e-04,7.87416772586976569e-11,0.00000000000000000e+00
261,8.18872872018221632e-06,7.44762186931994731e-06,2.33125756531785800e-04,5.13491813014030129e-11,0.00000000000000000e+00
262,8.14919935661147101e-06,7.40392821043179538e-06,2.32266529171142359e-04,7.72463928348459430e-11,0.00000000000000000e+00
263,8.10997491838915333e-06,7.36061701471776511e-06,2.31411977428463278e-04,8.85688290320359815e-11,0.00000000000000000e+00
264,8.07104318322157698e-06,7.31768347400771671e-06,2.30562061555482736e-04,5.87199991074485624e-11,0.00000000000000000e+00
265,8.03240117922845378e-06,7.27512457219856803e-06,2.29716741909995062e-04,6.62724032517379360e-11,0.00000000000000000e+00
266,7.99405415502581086e-06,7.23293393048111712e-06,2.28875978764272016e-04,8.31379799426449058e-11,0.00000000000000000e+00
267,7.95599115268447189e-06,7.19110623141679094e-06,2.28039733810830354e-04,8.94467291864922157e-11,0.00000000000000000e+00
268,7.91820847679559993e-06,7.14963856371595919e-06,2.27207969128804220e-04,2.94936059156429390e-11,0.00000000000000000e+00
269,7.88070413860704667e-06,7.10852588657437800e-06,2.26380646815259079e-04,5.85777133510397462e-11,0.00000000000000000e+00
270,7.84348140887533301e-06,7.06776349831759231e-06,2.25557729733063780e-04,5.25180608094931077e-11,0.00000000000000000e+00
271,7.80652453020599711e-06,7.02734534367544555e-06,2.24739182170635054e-04,6.98581717511172217e-11,0.00000000000000000e+00
272,7.76983870199629732e-06,6.98726953389366329e-06,2.23924967404218059e-04,4.72380465081850522e-11,0.00000000000000000e+00
273,7.73341706776473238e-06,6.94753195510970681e-06,2.23115050490753472e-04,6.88544882002338202e-11,0.00000000000000000e+00
274,7.69726261417449227e-06,6.90812731610688663e-06,2.22309395797089672e-04,9.47465664629394274e-11,0.00000000000000000e+00
275,7.66136547856246160e-06,6.86905080009752679e-06,2.21507969445217698e-04,5.80360132274254186e-11,0.00000000000000000e+00
276,7.62572357177030844e-06,6.83030085617156164e-06,2.20710737323685010e-04,9.23325216171849755e-11,0.00000000000000000e+00
277,7.59033527669584143e-06,6.79187106729251807e-06,2.19917665415549161e-04,1.07110752405691423e-11,0.00000000000000000e+00
278,7.55521322854012519e-06,6.75375988164305395e-06,2.19128720122223049e-04,6.80222615668404375e-11,0.00000000000000000e+00
279,7.52032422737364288e-06,6.71595931989947453e-06,2.18343870722241534e-04,6.76352621236615890e-12,0.00000000000000000e+00
280,7.48568029384912485e-06,6.67846929786752564e-06,2.17563083377012126e-04,5.52407982255161082e-11,0.00000000000000000e+00
281,7.45129077904481210e-06,6.64128706280173291e-06,2.16786325683435225e-04,7.67121338309473179e-11,0.00000000000000000e+00
282,7.41713554119488170e-06,6.60440507231764541e-06,2.16013567494586161e-04,7.16356287560004355e-11,0.00000000000000000e+00
283,7.38321852998732328e-06,6.56782248102187691e-06,2.15244777166290836e-04,5.77120718029016792e-11,0.00000000000000000e+00
284,7.34953915939501632e-06,6.53153618290291364e-06,2.14479924042995228e-04,3.72533607905772516e-11,0.00000000000000000e+00
285,7.31609334313941339e-06,6.49553983509379162e-06,2.13718977745297407e-04,8.19280415555155212e-11,0.00000000000000000e+00
286,7.28288105190881146e-06,6.45983289606915884e-06,2.12961908471004109e-04,5.39048465292559231e-11,0.00000000000000000e+00
287,7.24989063455455961e-06,6.42441047448030362e-06,2.12208687361441065e-04,2.78487195461688438e-11,0.00000000000000000e+00
288,7.21713192836049097e-06,6.38926978235308805e-06,2.11459284063268319e-04,9.67660279506565215e-12,0.00000000000000000e+00
289,7.18459677566272922e-06,6.35440705328462737e-06,2.10713670406859679e-04,7.20376568981269324e-11,0.00000000000000000e+00
290,7.15228630205059558e-06,6.31982023750134236e-06,2.09971817717635885e-04,8.08416727774172439e-11,0.00000000000000000e+00
291,7.12018818840782006e-06,6.28550426692808830e-06,2.09233698585827607e-04,3.24818781177557831e-11,0.00000000000000000e+00
292,7.08830972569541827e-06,6.25145781885048320e-06,2.08499284341364782e-04,8.37712059967077696e-12,0.00000000000000000e+00
293,7.05665048265680996e-06,6.21767856607699038e-06,2.07768547670840611e-04,3.13990480319362051e-11,0.00000000000000000e+00
294,7.02520452406137938e-06,6.18416115884851265e-06,2.07041461651573725e-04,1.38176486760149969e-11,0.00000000000000000e+00
295,6.99396526980036269e-06,6.15090306829784597e-06,2.06317999818506005e-04,2.56546474832246068e-11,0.00000000000000000e+00
296,6.96293880017944647e-06,6.11790290811087605e-06,2.05598134970461950e-04,5.79591428089781495e-11,0.00000000000000000e+00
297,6.93211889904149035e-06,6.08515642718686331e-06,2.04881841240143049e-04,2.79628325786447845e-11,0.00000000000000000e+00
298,6.90150025914823765e-06,6.05266127167129340e-06,2.04169093102026254e-04,8.05898435337284121e-11,0.00000000000000000e+00
299,6.87109226938180515e-06,6.02041418940266814e-06,2.03459863724293115e-04,4.62671038708292084e-11,0.00000000000000000e+00
300,6.84087667298382547e-06,5.98841440755115204e-06,2.02754129655779118e-04,7.96544692360856111e-11,0.00000000000000000e+00
301,6.81086874971276755e-06,5.95665641342856928e-06,2.02051863962917071e-04,3.94779128696858818e-11,0.00000000000000000e+00
302,6.78105165246837759e-06,5.92514000126410654e-06,2.01353043575866665e-04,2.07485767531461687e-11,0.00000000000000000e+00
303,6.75143476349316996e-06,5.89386125914059708e-06,2.00657642822304691e-04,4.61260759296778249e-11,0.00000000000000000e+00
304,6.72201215173889723e-06,5.86281686620970079e-06,1.99965637839068374e-04,2.45900183059725543e-11,0.00000000000000000e+00
305,6.69277746112583435e-06,5.83200562521490051e-06,1.99277005246264696e-04,6.58625930211731451e-11,0.00000000000000000e+00
306,6.66373832833065154e-06,5.80142401298386807e-06,1.98591720207677157e-04,1.29794750064964995e-11,0.00000000000000000e+00
307,6.63488076318375997e-06,5.77107166341956667e-06,1.97909760836187122e-04,3.92790785056118326e-11,0.00000000000000000e+00
308,6.60621848582527816e-06,5.74094482765260123e-06,1.97231102235184642e-04,6.66532677348827944e-11,0.00000000000000000e+00
309,6.57773717943686996e-06,5.71103943531843277e-06,1.96555722688702858e-04,5.09540516776519503e-11,0.00000000000000000e+00
310,6.54943693232800934e-06,5.68135496194046061e-06,1.95883599403699223e-04,4.39890224443412971e-12,0.00000000000000000e+00
311,6.52131938345125621e-06,5.65188860253980138e-06,1.95214709685105988e-04,6.34551712807662099e-11,0.00000000000000000e+00
312,6.49339126546919307e-06,5.62264075072182112e-06,1.94549030510516175e-04,8.35161729088967641e-11,0.00000000000000000e+00
313,6.46563191117729650e-06,5.59360407986521809e-06,1.93886541527867002e-04,8.52414165303806618e-12,0.00000000000000000e+00
314,6.43804718720262742e-06,5.56477931120715173e-06,1.93227220547829672e-04,1.88841383946801864e-11,0.00000000000000000e+00
315,6.41064618443151067e-06,5.53616459049001715e-06,1.92571044934609090e-04,6.79256067859637551e-11,0.00000000000000000e+00
316,6.38342166378665651e-06,5.50775827575255528e-06,1.91917993851906154e-04,1.99780327918525127e-12,0.00000000000000000e+00
317,6.35635652248922450e-06,5.47955366460332512e-06,1.91268047788390757e-04,1.28477083919097567e-11,0.00000000000000000e+00
318,6.32947422662346582e-06,5.45155613322763210e-06,1.90621183468033656e-04,1.14120787076007724e-11,0.00000000000000000e+00
319,6.30275671926347579e-06,5.42375603594145799e-06,1.89977381671585451e-04,7.42928456776104770e-11,0.00000000000000000e+00
320,6.27621099193113220e-06,5.39615662222062125e-06,1.89336621095534125e-04,8.49427938897090331e-12,0.00000000000000000e+00
321,6.24982168348567753e-06,5.36875331316910642e-06,1.88698883077402681e-04,2.23053762940665865e-11,0.00000000000000000e+00
322,6.22360972493862021e-06,5.34154669549832229e-06,1.88064145303762912e-04,5.97160417467434993e-11,0.00000000000000000e+00
323,6.19755743940128276e-06,5.31453075848438562e-06,1.87432389263447773e-04,1.94470894129495849e-11,0.00000000000000000e+00
324,6.17166308779425704e-06,5.28770777364860990e-06,1.86803595692708872e-04,5.43077932955197574e-11,0.00000000000000000e+00
325,6.14593666587429323e-06,5.26107242626301817e-06,1.86177743592223321e-04,3.15639577168208977e-11,0.00000000000000000e+00
326,6.12036400786753821e-06,5.23462540363217856e-06,1.85554815293440499e-04,3.95516062312118752e-11,0.00000000000000000e+00
327,6.09495409192349514e-06,5.20836413545665579e-06,1.84934790492208707e-04,5.83994613712328612e-11,0.00000000000000000e+00
328,6.06969966545969795e-06,5.18228538787458434e-06,1.84317650772238293e-04,6.40831118368180302e-12,0.00000000000000000e+00
329,6.04459571992209949e-06,5.15638827030227249e-06,1.83703378048555500e-04,5.66927304624608018e-11,0.00000000000000000e+00
330,6.01965752617408096e-06,5.13067336482742689e-06,1.83091951783579440e-04,1.86536177983699463e-11,0.00000000000000000e+00
331,5.99486093556790197e-06,5.10513433650347520e-06,1.82483356086653132e-04,1.03393333367617704e-11,0.00000000000000000e+00
332,5.97022269301010264e-06,5.07977402138987713e-06,1.81877570885210002e-04,4.79637283562146373e-11,0.00000000000000000e+00
333,5.94573609527847294e-06,5.05458709459558004e-06,1.81274578461867395e-04,9.69437314782134543e-12,0.00000000000000000e+00
334,5.92139041231319394e-06,5.02957223916439880e-06,1.80674362222013721e-04,2.68179406661287193e-11,0.00000000000000000e+00
335,5.89718972443316380e-06,5.00473436851481801e-06,1.80076899869233289e-04,8.42045919067512146e-13,0.00000000000000000e+00
336,5.87313010588539081e-06,4.98005953039150659e-06,1.79482176471291343e-04,7.63899795570548362e-12,0.00000000000000000e+00
337,5.84922885633518312e-06,4.95555781952531715e-06,1.78890174478555644e-04,3.33428602312809396e-12,0.00000000000000000e+00
338,5.82547208935744053e-06,4.93121924037848971e-06,1.78300877850130448e-04,1.26219740701112662e-11,0.00000000000000000e+00
339,5.80186147782902270e-06,4.90704900339116466e-06,1.77714269062953463e-04,3.23316822933136583e-11,0.00000000000000000e+00
340,5.77839271146691754e-06,4.88304000430200996e-06,1.77130331538426846e-04,4.98983262259388009e-11,0.00000000000000000e+00
341,5.75506454803091152e-06,4.85919431319882575e-06,1.76549048040225437e-04,1.84324288371933856e-11,0.00000000000000000e+00
342,5.73187589146622559e-06,4.83550935710415760e-06,1.75970403407641721e-04,2.41744162044090105e-11,0.00000000000000000e+00
343,5.70882909135240557e-06,4.81198301902275318e-06,1.75394379543183850e-04,1.02713841425189460e-11,0.00000000000000000e+00
344,5.68591618339016625e-06,4.78861425624345953e-06,1.74820960981421971e-04,1.74254008739951793e-11,0.00000000000000000e+00
345,5.66314248122831464e-06,4.76540251166443598e-06,1.74250130919640750e-04,6.46347517272426769e-11,0.00000000000000000e+00
346,5.64050530094300156e-06,4.74234492735994276e-06,1.73681872957311085e-04,8.49308980982667941e-11,0.00000000000000000e+00
347,5.61799852331825323e-06,4.71944365133319579e-06,1.73116172314909995e-04,8.32918797605741004e-11,0.00000000000000000e+00
348,5.59562539106549231e-06,4.69669265571325299e-06,1.72553012762760208e-04,9.35971886693291262e-11,0.00000000000000000e+00
349,5.57338614222837511e-06,4.67409214156867763e-06,1.71992378522009515e-04,8.29197541398784871e-11,0.00000000000000000e+00
350,5.55127639253153903e-06,4.65164045578092580e-06,1.71434254461697440e-04,6.80092708617056691e-11,0.00000000000000000e+00
351,5.52929755901093253e-06,4.62933650307437695e-06,1.70878624886660035e-04,7.28151596688036921e-12,0.00000000000000000e+00
352,5.50744555162304329e-06,4.60717953272379007e-06,1.70325475147724775e-04,1.21745819681513803e-11,0.00000000000000000e+00
353,5.48572787252117952e-06,4.58516832572759445e-06,1.69774788819679828e-04,8.83699746993057168e-12,0.00000000000000000e+00
354,5.46413289839692179e-06,4.56329914033990570e-06,1.69226552037616570e-04,1.21897580476783460e-11,0.00000000000000000e+00
355,5.44266508504088361e-06,4.54157494345606468e-06,1.68680749373238448e-04,2.14080868958822248e-11,0.00000000000000000e+00
356,5.42132229103135012e-06,4.51999094694707591e-06,1.68137366188001044e-04,1.32202105742955250e-11,0.00000000000000000e+00
357,5.40010250209840760e-06,4.49854768065650512e-06,1.67596388062253609e-04,9.00915229242706128e-12,0.00000000000000000e+00
358,5.37900691977667064e-06,4.47724373636134207e-06,1.67057800249751336e-04,9.11389314690256227e-12,0.00000000000000000e+00
359,5.35803380744049325e-06,4.45607692131939074e-06,1.66521588444255630e-04,1.28695953040842242e-11,0.00000000000000000e+00
360,5.33718185920353509e-06,4.43504787542715196e-06,1.65987738350305275e-04,5.09188817435263870e-11,0.00000000000000000e+00
361,5.31645241619958385e-06,4.41415331525883397e-06,1.65456235432913504e-04,2.41109012438926441e-11,0.00000000000000000e+00
362,5.29583550259336226e-06,4.39339373399285663e-06,1.64927067036625262e-04,5.72341247999924282e-11,0.00000000000000000e+00
363,5.27534541136987282e-06,4.37276733914764386e-06,1.64400217251288341e-04,2.84678611810387934e-11,0.00000000000000000e+00
364,5.25496542138944236e-06,4.35227141814809281e-06,1.63875674295775993e-04,1.79790523051783133e-11,0.00000000000000000e+00
365,5.23470622209903928e-06,4.33190866616660955e-06,1.63353423179758250e-04,7.59058203536855795e-11,0.00000000000000000e+00
366,5.21456695786635833e-06,4.31167469836186186e-06,1.62833449842523858e-04,6.06829652058795836e-11,0.00000000000000000e+00
367,5.19453337700034669e-06,4.29156850759663637e-06,1.62315742614860942e-04,7.26711617545476642e-11,0.00000000000000000e+00
368,5.17461958317981066e-06,4.27159056991163095e-06,1.61800286619410690e-04,2.69301183713063209e-11,0.00000000000000000e+00
369,5.15481031243746065e-06,4.25173849996109895e-06,1.61287070655694297e-04,1.98031293114170399e-11,0.00000000000000000e+00
370,5.13513020816934694e-06,4.23201528499529786e-06,1.60776077686726416e-04,2.55845909548443246e-11,0.00000000000000000e+00
371,5.11554933279162450e-06,4.21241135998994595e-06,1.60267298280944990e-04,2.65918230977862557e-11,0.00000000000000000e+00
372,5.09608129935745239e-06,4.19293409523668623e-06,1.59760717920988800e-04,1.55014090543605203e-11,0.00000000000000000e+00
373,5.07672186014880010e-06,4.17357823958633452e-06,1.59256324222000601e-04,5.43082630568008286e-11,0.00000000000000000e+00
374,5.05747713415559797e-06,4.15434429446991623e-06,1.58754103245763357e-04,4.72350846597301847e-11,0.00000000000000000e+00
375,5.03833285602607535e-06,4.13522935663821984e-06,1.58254044304708563e-04,7.28255194374999719e-12,0.00000000000000000e+00
376,5.01929669119672120e-06,4.11623429089458978e-06,1.57756134115814780e-04,3.90543855364503262e-11,0.00000000000000000e+00
377,5.00037486636119063e-06,4.09735959884203473e-06,1.57260358681124348e-04,7.91283281882489302e-11,0.00000000000000000e+00
378,4.98155434363739055e-06,4.07859967071642224e-06,1.56766707113523059e-04,6.11104025771734882e-11,0.00000000000000000e+00
379,4.96283260495119370e-06,4.05995669039125162e-06,1.56275168064794412e-04,3.10163470298489007e-11,0.00000000000000000e+00
380,4.94422020435977560e-06,4.04142970552613667e-06,1.55785727711196017e-04,3.75062912799972376e-11,0.00000000000000000e+00
381,4.92571315615939634e-06,4.02301795989313006e-06,1.55298374125444657e-04,5.38247720826228998e-11,0.00000000000000000e+00
382,4.90730735859854420e-06,4.00471852251685868e-06,1.54813095846077233e-04,6.13048824437299873e-11,0.00000000000000000e+00
383,4.88900245933731121e-06,3.98653245812016907e-06,1.54329880598191242e-04,1.51163773935589429e-11,0.00000000000000000e+00
384,4.87079364535057142e-06,3.96845864915886910e-06,1.53848718015667777e-04,1.87802736470263665e-11,0.00000000000000000e+00
385,4.85269385325762991e-06,3.95049489896255685e-06,1.53369594041168186e-04,3.64510993516507137e-11,0.00000000000000000e+00
386,4.83469198317918801e-06,3.93264178620982193e-06,1.52892497869315178e-04,7.86021617042224397e-12,0.00000000000000000e+00
387,4.81678247062695550e-06,3.91489776036669149e-06,1.52417419355135186e-04,3.20487025853748095e-11,0.00000000000000000e+00
388,4.79897950933905566e-06,3.89726308215480846e-06,1.51944344600127724e-04,6.54135857842960057e-12,0.00000000000000000e+00
389,4.78126605046024441e-06,3.87973312367556497e-06,1.51473264727397262e-04,4.86633627443893558e-12,0.00000000000000000e+00
390,4.76365459918677666e-06,3.86231198454074892e-06,1.51004166547262926e-04,5.09585249888429807e-11,0.00000000000000000e+00
391,4.74614133573736154e-06,3.84499731943618951e-06,1.50537038827952666e-04,3.50672678736202000e-11,0.00000000000000000e+00
392,4.72871519195943325e-06,3.82778508896452671e-06,1.50071872226862751e-04,1.26938701617189795e-11,0.00000000000000000e+00
393,4.71138752518007398e-06,3.81067926991852790e-06,1.49608654310261240e-04,7.28097895213707861e-12,0.00000000000000000e+00
394,4.69415448686840968e-06,3.79367534963742155e-06,1.49147374551038134e-04,5.38770092408251352e-11,0.00000000000000000e+00
395,4.67701863561588974e-06,3.77677593146317035e-06,1.48688020715098375e-04,1.08716564382018213e-11,0.00000000000000000e+00
396,4.65996378160882449e-06,3.75997504571885654e-06,1.48230585161981786e-04,5.50476479695013266e-11,0.00000000000000000e+00
397,4.64301390538184012e-06,3.74327807575335576e-06,1.47775053347142649e-04,2.14043855529222111e-11,0.00000000000000000e+00
398,4.62614465993820414e-06,3.72667989303929899e-06,1.47321417692287667e-04,7.07221969632972312e-11,0.00000000000000000e+00
399,4.60937537809785148e-06,3.71018192503270610e-06,1.46869664998575215e-04,2.07779357157130992e-11,0.00000000000000000e+00
400,4.59268310148862841e-06,3.69378051373809481e-06,1.46419788246509062e-04,7.45446612947275745e-12,0.00000000000000000e+00
401,4.57609046334473895e-06,3.67748071454144852e-06,1.45971773588739157e-04,6.33219210998144093e-12,0.00000000000000000e+00
402,4.55958416406262631e-06,3.66127565537921611e-06,1.45525612345313426e-04,3.28851777848214415e-12,0.00000000000000000e+00
403,4.54316492575870404e-06,3.64516675382287202e-06,1.45081293968868510e-04,7.32228165375460261e-12,0.00000000000000000e+00
404,4.52683451529450442e-06,3.62915515660505711e-06,1.44638807966351776e-04,4.74883492969087833e-12,0.00000000000000000e+00
405,4.51058765503042909e-06,3.61323691630514411e-06,1.44198144425905836e-04,3.30266949225097951e-12,0.00000000000000000e+00
406,4.49442891276678543e-06,3.59741362798711065e-06,1.43759293342403594e-04,5.32644902198031460e-12,0.00000000000000000e+00
407,4.47835596439379335e-06,3.58168508627360843e-06,1.43322244449811177e-04,4.54096537200572204e-12,0.00000000000000000e+00
408,4.46236638365215985e-06,3.56604766020165178e-06,1.42886988233652896e-04,9.39403963113957443e-12,0.00000000000000000e+00
409,4.44646177710454447e-06,3.55050349726708052e-06,1.42453514361891065e-04,1.11972982953890046e-11,0.00000000000000000e+00
410,4.43064166813827087e-06,3.53505100234358427e-06,1.42021813394886833e-04,4.49591906517724432e-12,0.00000000000000000e+00
411,4.41490199763846740e-06,3.51968828044574240e-06,1.41591875845466621e-04,7.03634419847837570e-12,0.00000000000000000e+00
412,4.39924696732767720e-06,3.50441680277068481e-06,1.41163691459893144e-04,1.49429876721144214e-11,0.00000000000000000e+00
413,4.38367336920400907e-06,3.48923429280619905e-06,1.40737250963479698e-04,2.18266757722464313e-12,0.00000000000000000e+00
414,4.36817912823429995e-06,3.47413966121990383e-06,1.40312545222134009e-04,3.34620269222399410e-12,0.00000000000000000e+00
415,4.35276791916283896e-06,3.45913571906754381e-06,1.39889563966255018e-04,1.38314694741861011e-11,0.00000000000000000e+00
416,4.33743652437397363e-06,3.44421718729151081e-06,1.39468298415152222e-04,5.10178903398359752e-12,0.00000000000000000e+00
417,4.32218322445185652e-06,3.42938677637561214e-06,1.39048739028056241e-04,2.10998467006818373e-12,0.00000000000000000e+00
418,4.30700916964647601e-06,3.41464168390910564e-06,1.38630877004756407e-04,4.35531769903792670e-12,0.00000000000000000e+00
419,4.29191483737723361e-06,3.39998268914988020e-06,1.38214702278356374e-04,1.32992342362730469e-12,0.00000000000000000e+00
420,4.27689669374866050e-06,3.38540698101916289e-06,1.37800206714482325e-04,5.08808903471389518e-12,0.00000000000000000e+00
421,4.26195766045766224e-06,3.37091902445941645e-06,1.37387380115337119e-04,3.76405708911880937e-12,0.00000000000000000e+00
422,4.24709370417342702e-06,3.35651249519174039e-06,1.36976214593208028e-04,3.51173846585546831e-12,0.00000000000000000e+00
423,4.23230696961662759e-06,3.34219008534211733e-06,1.36566700479880717e-04,2.07414074752833981e-12,0.00000000000000000e+00
424,4.21759537875186121e-06,3.32795007798868460e-06,1.36158829255887855e-04,8.56093698535771768e-12,0.00000000000000000e+00
425,4.20296044920788161e-06,3.31379362062849557e-06,1.35752591488236209e-04,2.59996915660194475e-12,0.00000000000000000e+00
426,4.18839731923742472e-06,3.29971640503256719e-06,1.35347979535574171e-04,2.82998342871739893e-12,0.00000000000000000e+00
427,4.17391036034205082e-06,3.28572132841842286e-06,1.34944983743848847e-04,8.82093613977203691e-12,0.00000000000000000e+00
428,4.15949727466362470e-06,3.27180710516807082e-06,1.34543595583256991e-04,4.34028259095752372e-12,0.00000000000000000e+00
429,4.14515541601512270e-06,3.25797108685404756e-06,1.34143807066069363e-04,4.96664443489433711e-12,0.00000000000000000e+00
430,4.13088751747556670e-06,3.24421547557408094e-06,1.33745609028501134e-04,4.91148340503438432e-12,0.00000000000000000e+00
431,4.11669122329018919e-06,3.23053758877881313e-06,1.33348993376975768e-04,5.43182468721043393e-12,0.00000000000000000e+00
432,4.10256691650063984e-06,3.21693835906222641e-06,1.32953951426524234e-04,8.82518393834345040e-12,0.00000000000000000e+00
433,4.08851380829091856e-06,3.20341616554369328e-06,1.32560474986171019e-04,8.59432401393878290e-12,0.00000000000000000e+00
434,4.07453157316691693e-06,3.18997158690431779e-06,1.32168555431976290e-04,2.93233169910407945e-12,0.00000000000000000e+00
435,4.06061851749455275e-06,3.17660357593432578e-06,1.31778184933735763e-04,8.47121368529704750e-12,0.00000000000000000e+00
436,4.04677539438159962e-06,3.16331078694616398e-06,1.31389355278338553e-04,3.96486287827624529e-12,0.00000000000000000e+00
437,4.03300220515009723e-06,3.15009436008104115e-06,1.31002057769130669e-04,7.74820704428486826e-12,0.00000000000000000e+00
438,4.01929565122510430e-06,3.13695108522197568e-06,1.30616285357059716e-04,7.69291906855589040e-12,0.00000000000000000e+00
439,4.00565927585194850e-06,3.12388421166010873e-06,1.30232028997337608e-04,5.87896629588431058e-12,0.00000000000000000e+00
440,3.99208973771764507e-06,3.11088994221407898e-06,1.29849281208222015e-04,4.70146913274502744e-12,0.00000000000000000e+00
441,3.97858790217907448e-06,3.09796890936515887e-06,1.29468033987627208e-04,7.71124500104138467e-12,0.00000000000000000e+00
442,3.96515297309493306e-06,3.08512048487072879e-06,1.29088279462953153e-04,6.71919024120330003e-12,0.00000000000000000e+00
443,3.95178525724420150e-06,3.07234590981742977e-06,1.28710009316145544e-04,5.01753344886312456e-12,0.00000000000000000e+00
444,3.93848199132336167e-06,3.05964244446965999e-06,1.28333216501014740e-04,5.87847338919967726e-12,0.00000000000000000e+00
445,3.92524379766810197e-06,3.04700938148855235e-06,1.27957893294070193e-04,1.12884234335359587e-11,0.00000000000000000e+00
446,3.91207235350521044e-06,3.03444784803608788e-06,1.27584031513161523e-04,4.86956294394670903e-12,0.00000000000000000e+00
447,3.89896481241462189e-06,3.02195737478360224e-06,1.27211623459636713e-04,6.18355529286514683e-12,0.00000000000000000e+00
448,3.88592057824997322e-06,3.00953590435943965e-06,1.26840662383819044e-04,3.55136390461019638e-12,0.00000000000000000e+00
449,3.87294108963578725e-06,2.99718397680324026e-06,1.26471140045027376e-04,6.15820484835325357e-12,0.00000000000000000e+00
450,3.86002493292855448e-06,2.98490134259863249e-06,1.26103049014470239e-04,6.79847071431746910e-12,0.00000000000000000e+00
451,3.84717092917945588e-06,2.97268693258178115e-06,1.25736382229470369e-04,6.04194054619723577e-12,0.00000000000000000e+00
452,3.83437957316769600e-06,2.96054015346934025e-06,1.25371132112108813e-04,6.60292892258434847e-12,0.00000000000000000e+00
453,3.82165154108438190e-06,2.94846294028175158e-06,1.25007290884030653e-04,2.87782345922113959e-12,0.00000000000000000e+00
454,3.80898310540954370e-06,2.93644993810722384e-06,1.24644852315503691e-04,4.89834142233023289e-12,0.00000000000000000e+00
455,3.79637826335524457e-06,2.92450612533771606e-06,1.24283807759820175e-04,3.56757547553209629e-12,0.00000000000000000e+00
456,3.78383163770544120e-06,2.91262650467383872e-06,1.23924151513437675e-04,5.80208802939293453e-12,0.00000000000000000e+00
457,3.77134746381160464e-06,2.90081435160222761e-06,1.23565875128916342e-04,7.02778419058541899e-12,0.00000000000000000e+00
458,3.75892187028256601e-06,2.88906683600147466e-06,1.23208972480075258e-04,6.29363791153553026e-12,0.00000000000000000e+00
459,3.74655623599310548e-06,2.87738367801033386e-06,1.22853436087885554e-04,7.51845786707748486e-12,0.00000000000000000e+00
460,3.73425030018130793e-06,2.86576586820223379e-06,1.22499258835012730e-04,4.40232659697997362e-12,0.00000000000000000e+00
461,3.72200255330885569e-06,2.85421143498889773e-06,1.22146434102690134e-04,6.17578863053281108e-12,0.00000000000000000e+00
462,3.70981438731343081e-06,2.84272168257560250e-06,1.21794954367421401e-04,7.50553180552253005e-12,0.00000000000000000e+00
463,3.69768306830861240e-06,2.83129446893344486e-06,1.21444813390874292e-04,4.79017622031746498e-12,0.00000000000000000e+00
464,3.68560875448067734e-06,2.81992920370837624e-06,1.21096004552111354e-04,2.54400402636951904e-12,0.00000000000000000e+00
465,3.67359502002690686e-06,2.80862833458194569e-06,1.20748519520884947e-04,4.14855499796439514e-12,0.00000000000000000e+00
466,3.66163514052356907e-06,2.79738818831061845e-06,1.20402353220434554e-04,7.01727464446323739e-12,0.00000000000000000e+00
467,3.64973219152201027e-06,2.78620989952466334e-06,1.20057498319739767e-04,5.39287113531799980e-12,0.00000000000000000e+00
468,3.63788509093592721e-06,2.77509216955789252e-06,1.19713948449288099e-04,6.02141133784718872e-12,0.00000000000000000e+00
469,3.62609488315832620e-06,2.76403572688628056e-06,1.19371696406324202e-04,4.63498010007297785e-12,0.00000000000000000e+00
470,3.61435850474088098e-06,2.75303857021773627e-06,1.19030736633889592e-04,7.95161444220360828e-12,0.00000000000000000e+00
471,3.60268251721964394e-06,2.74210532831381112e-06,1.18691059914974450e-04,6.45755805243414646e-12,0.00000000000000000e+00
472,3.59105305480701908e-06,2.73122702008433989e-06,1.18352663914710570e-04,7.96165416145973040e-12,0.00000000000000000e+00
473,3.57948291967716999e-06,2.72040992682755038e-06,1.18015538994388727e-04,1.88992234112823856e-12,0.00000000000000000e+00
474,3.56796503234875075e-06,2.70965078506753029e-06,1.17679680331198152e-04,7.38053318889436406e-12,0.00000000000000000e+00
475,3.55650421760080355e-06,2.69895222407976152e-06,1.17345079699086342e-04,7.81990353583621006e-12,0.00000000000000000e+00
476,3.54509182281274371e-06,2.68830951131829215e-06,1.17011733253578713e-04,7.61272605981714123e-12,0.00000000000000000e+00
477,3.53373487575614348e-06,2.67772521306786564e-06,1.16679633047493453e-04,6.98311225037200490e-12,0.00000000000000000e+00
478,3.52243063037463619e-06,2.66719848706358059e-06,1.16348773163299203e-04,6.36804321185985574e-12,0.00000000000000000e+00
479,3.51117840026921538e-06,2.65672850348137863e-06,1.16019147490719550e-04,5.68517245590513849e-12,0.00000000000000000e+00
480,3.49997819731477476e-06,2.64631521778290579e-06,1.15690749772907469e-04,5.17794024212382874e-12,0.00000000000000000e+00
481,3.48882949819184197e-06,2.63595808139618328e-06,1.15363573918643200e-04,5.39294062558534398e-12,0.00000000000000000e+00
482,3.47773242634945981e-06,2.62565711689405428e-06,1.15037613690089106e-04,5.68921564648791610e-12,0.00000000000000000e+00
483,3.46668577151382833e-06,2.61541115017836437e-06,1.14712863253878180e-04,9.71517388790035331e-12,0.00000000000000000e+00
484,3.45569030893690336e-06,2.60522094486888451e-06,1.14389316298785847e-04,7.72192575557319599e-12,0.00000000000000000e+00
485,3.44474420331550513e-06,2.59508466514553689e-06,1.14066967238510994e-04,7.07557974113859816e-12,0.00000000000000000e+00
486,3.43384729139046628e-06,2.58500245212723348e-06,1.13745810231536150e-04,1.58595064216871668e-11,0.00000000000000000e+00
487,3.42300421934848570e-06,2.57497790020005923e-06,1.13425837901812122e-04,1.33434466929252246e-11,0.00000000000000000e+00
488,3.41220657194497360e-06,2.56500290521684960e-06,1.13107046249045880e-04,1.82599743866029779e-11,0.00000000000000000e+00
489,3.40145913100793674e-06,2.55508323941405573e-06,1.12789428428923408e-04,2.42643477517369497e-11,0.00000000000000000e+00
490,3.39076063183825792e-06,2.54521652025994509e-06,1.12472978781833567e-04,9.63518045094077739e-12,0.00000000000000000e+00
491,3.38010820841891556e-06,2.53540099216609734e-06,1.12157692264982701e-04,1.94273794332452293e-11,0.00000000000000000e+00
492,3.36950745758532427e-06,2.52564105219412752e-06,1.11843561746253158e-04,2.01505983486355438e-11,0.00000000000000000e+00
493,3.35895289055236664e-06,2.51593075825129170e-06,1.11530582527266507e-04,3.20024582342422820e-11,0.00000000000000000e+00
494,3.34844683634690537e-06,2.50627354741804455e-06,1.11218748366865403e-04,2.86661333483427617e-11,0.00000000000000000e+00
495,3.33798574664448346e-06,2.49666666105798432e-06,1.10908054402346197e-04,3.66984809444910340e-12,0.00000000000000000e+00
496,3.32757039154942197e-06,2.48710930086810812e-06,1.10598495257473406e-04,2.84057197897912436e-11,0.00000000000000000e+00
497,3.31720780987479406e-06,2.47760836744576355e-06,1.10290063101345061e-04,2.65210195584443910e-11,0.00000000000000000e+00
498,3.30688714302666343e-06,2.46815418086772104e-06,1.09982754869848573e-04,4.42603867949557504e-11,0.00000000000000000e+00
499,3.29661499755734429e-06,2.45875168856827202e-06,1.09676563478492515e-04,3.99251485475941425e-11,0.00000000000000000e+00
500,3.28638464740780517e-06,2.44939655294211408e-06,1.09371484672232165e-04,3.82808706158156426e-11,0.00000000000000000e+00
501,3.27620215675774875e-06,2.44009267805794855e-06,1.09067512957316222e-04,1.75188206182829879e-11,0.00000000000000000e+00
502,3.26606364839458120e-06,2.43083599387906021e-06,1.08764642851311291e-04,2.35305470987880424e-12,0.00000000000000000e+00
503,3.25597036912838459e-06,2.42162962745424962e-06,1.08462868648727823e-04,4.45272733014341436e-11,0.00000000000000000e+00
504,3.24592982225651386e-06,2.41247640545177269e-06,1.08162182677268818e-04,5.63963543666191678e-11,0.00000000000000000e+00
505,3.23592554816419240e-06,2.40336461951938856e-06,1.07862583057939866e-04,5.26984759612292647e-11,0.00000000000000000e+00
506,3.22596162041669597e-06,2.39430285885763492e-06,1.07564064441384319e-04,2.69287628297636331e-11,0.00000000000000000e+00
507,3.21604265678637093e-06,2.38528849386641849e-06,1.07266621286098996e-04,6.48298717510559244e-11,0.00000000000000000e+00
508,3.20618134852761471e-06,2.37632513059696289e-06,1.06970244153792711e-04,3.09804569260191678e-11,0.00000000000000000e+00
509,3.19634068943440583e-06,2.36740303778880059e-06,1.06674935934855363e-04,4.22532713059596240e-11,0.00000000000000000e+00
510,3.18656029405325749e-06,2.35853248513321705e-06,1.06380684000911827e-04,3.65503708704653579e-11,0.00000000000000000e+00
511,3.17681574673805492e-06,2.34970680764019592e-06,1.06087487331000792e-04,6.89261990897837584e-11,0.00000000000000000e+00
512,3.16712170872635161e-06,2.34092871539919221e-06,1.05795337393652688e-04,3.38834316494888530e-11,0.00000000000000000e+00
513,3.15745004188021947e-06,2.33219271915050996e-06,1.05504236035603414e-04,7.84366788270084017e-11,0.00000000000000000e+00
514,3.14784736005316616e-06,2.32350856663662469e-06,1.05214168110617860e-04,8.13260188661880274e-11,0.00000000000000000e+00
515,3.13826695157644632e-06,2.31486391525647240e-06,1.04925137261474853e-04,5.33388620107798265e-11,0.00000000000000000e+00
516,3.12872638660902855e-06,2.30626433615962681e-06,1.04637137002819606e-04,7.89469198727745571e-11,0.00000000000000000e+00
517,3.11924361064685253e-06,2.29771367003972275e-06,1.04350157113348023e-04,4.07462212740230597e-11,0.00000000000000000e+00
518,3.10978123983869358e-06,2.28920388338726202e-06,1.04064201068930208e-04,3.70625248211536734e-11,0.00000000000000000e+00
519,3.10037611181113214e-06,2.28074159910795292e-06,1.03779256330225692e-04,3.90916885135609344e-11,0.00000000000000000e+00
520,3.09100626011260708e-06,2.27232274792189062e-06,1.03495321653699441e-04,7.35319938248290775e-11,0.00000000000000000e+00
521,3.08168218342480770e-06,2.26394906434249665e-06,1.03212389859668298e-04,6.84357380880027181e-11,0.00000000000000000e+00
522,3.07238720195894470e-06,2.25561512445076030e-06,1.02930460152589743e-04,6.31638155347673709e-11,0.00000000000000000e+00
523,3.06313488824264474e-06,2.24732652406382535e-06,1.02649525543141990e-04,1.21036419744592067e-11,0.00000000000000000e+00
524,3.05391574372956995e-06,2.23907861868832907e-06,1.02369583854847887e-04,7.01904987839661984e-11,0.00000000000000000e+00
525,3.04476523479482474e-06,2.23088121111796821e-06,1.02090620406287657e-04,6.28796907950071728e-11,0.00000000000000000e+00
526,3.03561871703444483e-06,2.22271835675521289e-06,1.01812644567730523e-04,7.72723055938181641e-11,0.00000000000000000e+00
527,3.02653038993475694e-06,2.21460011980760192e-06,1.01535641830407869e-04,8.39934972896019245e-11,0.00000000000000000e+00
528,3.01747422750675113e-06,2.20652357989231496e-06,1.01259611855372277e-04,9.82020146675911838e-12,0.00000000000000000e+00
529,3.00844345781234044e-06,2.19848504145908979e-06,1.00984553092421574e-04,5.71146086735221667e-11,0.00000000000000000e+00
530,2.99947962552526327e-06,2.19049810032593693e-06,1.00710451026097956e-04,8.09349465967174414e-11,0.00000000000000000e+00
531,2.99054159236131090e-06,2.18254505875440782e-06,1.00437307778976365e-04,2.02141678399193155e-11,0.00000000000000000e+00
532,2.98161556212921687e-06,2.17462675903475385e-06,1.00165125457581770e-04,6.67071441383710838e-11,0.00000000000000000e+00
533,2.97277680090132718e-06,2.16676704133388507e-06,9.98938812365509358e-05,3.90468089544477678e-11,0.00000000000000000e+00
534,2.96393311009373833e-06,2.15893142440689499e-06,9.96235894828019183e-05,8.92126099377580119e-12,0.00000000000000000e+00
535,2.95513974219965694e-06,2.15114107900494887e-06,9.93542367670550563e-05,5.54281214616983589e-11,0.00000000000000000e+00
536,2.94639603154639043e-06,2.14339560993631461e-06,9.90858159782219931e-05,4.31959917465489506e-12,0.00000000000000000e+00
537,2.93766540251376139e-06,2.13568018704430614e-06,9.88183321321786271e-05,6.24166030561720774e-11,0.00000000000000000e+00
538,2.92899565401766524e-06,2.12801585566097646e-06,9.85517695640559930e-05,4.27960854096351733e-11,0.00000000000000000e+00
539,2.92034090145209817e-06,2.12038089134710170e-06,9.82861342279515217e-05,2.07314069869800127e-11,0.00000000000000000e+00
540,2.91173027374955134e-06,2.11278808754084960e-06,9.80214165261828369e-05,8.52060934219513403e-11,0.00000000000000000e+00
541,2.90316900172105723e-06,2.10523957388860623e-06,9.77576086421201893e-05,5.20850263474648766e-11,0.00000000000000000e+00
542,2.89461385007337406e-06,2.09772037010750906e-06,9.74947174246958755e-05,4.15767988246908312e-11,0.00000000000000000e+00
543,2.88611567954388537e-06,2.09024387255303313e-06,9.72327283518727311e-05,5.35822166011955837e-11,0.00000000000000000e+00
544,2.87764662293974125e-06,2.08280751253839100e-06,9.69716416536789514e-05,5.77475408001605665e-11,0.00000000000000000e+00
545,2.86921682408057785e-06,2.07540627179071886e-06,9.67114511148704916e-05,6.58841347222233399e-11,0.00000000000000000e+00
546,2.86081352181047333e-06,2.06804390564475921e-06,9.64521551713135467e-05,3.31283402649020945e-11,0.00000000000000000e+00
547,2.85244464526227153e-06,2.06071583192278645e-06,9.61937495846224190e-05,9.50126139851315966e-12,0.00000000000000000e+00
548,2.84411224261737325e-06,2.05342631670069897e-06,9.59362291373271926e-05,4.99735023318591250e-11,0.00000000000000000e+00
549,2.83582931323125434e-06,2.04618153992292164e-06,9.56795850668942544e-05,3.97513464419594799e-11,0.00000000000000000e+00
550,2.82754765302042619e-06,2.03895725336926627e-06,9.54238254849484337e-05,5.50201860967690150e-11,0.00000000000000000e+00
551,2.81934269858760786e-06,2.03179088719210098e-06,9.51689289391597059e-05,4.06332227680343213e-11,0.00000000000000000e+00
552,2.81113615962242697e-06,2.02464333120007365e-06,9.49149076747947477e-05,5.51527217539240163e-11,0.00000000000000000e+00
553,2.80297669893122258e-06,2.01753869991428487e-06,9.46617488350258825e-05,8.19260402691203787e-11,0.00000000000000000e+00
554,2.79485151309531990e-06,2.01046985038251136e-06,9.44094501135395094e-05,4.58018257324062772e-11,0.00000000000000000e+00
555,2.78674289759946343e-06,2.00343254256896330e-06,9.41580125939035426e-05,2.40588492585353264e-11,0.00000000000000000e+00
556,2.77868231066925107e-06,1.99643433735267064e-06,9.39074259749606482e-05,3.79447641463357700e-11,0.00000000000000000e+00
557,2.77064318041526651e-06,1.98946835885058536e-06,9.36576916353782431e-05,6.41211703778642180e-11,0.00000000000000000e+00
558,2.76267082120235465e-06,1.98254977655374505e-06,9.34087931620472962e-05,5.29043318550117299e-11,0.00000000000000000e+00
559,2.75469219530465766e-06,1.97564988401835593e-06,9.31607432282278454e-05,5.80784177585129688e-11,0.00000000000000000e+00
560,2.74675629053860470e-06,1.96879224730444655e-06,9.29135297271593098e-05,5.71176735475770282e-11,0.00000000000000000e+00
561,2.73885493968386757e-06,1.96196701765616563e-06,9.26671493717894589e-05,1.98234333760689351e-11,0.00000000000000000e+00
562,2.73097491343319736e-06,1.95517512789705026e-06,9.24216025240651070e-05,1.40939824940852272e-11,0.00000000000000000e+00
563,2.72314110001449087e-06,1.94842030486653484e-06,9.21768789345882441e-05,3.39900868766245791e-11,0.00000000000000000e+00
564,2.71533963697874135e-06,1.94170009847549054e-06,9.19329764298994326e-05,5.50469100734884379e-11,0.00000000000000000e+00
565,2.70756368702688293e-06,1.93501091523224076e-06,9.16898931304255152e-05,3.42634712241938958e-11,0.00000000000000000e+00
566,2.69980871870661525e-06,1.92835319501429429e-06,9.14476278101076866e-05,6.41586099511445548e-11,0.00000000000000000e+00
567,2.69210080770338938e-06,1.92173398052896295e-06,9.12061702868599647e-05,5.08876918982921567e-11,0.00000000000000000e+00
568,2.68441048804576351e-06,1.91514283087856441e-06,9.09655235025632328e-05,6.40158059307595008e-11,0.00000000000000000e+00
569,2.67675994048793237e-06,1.90858802962422423e-06,9.07256789117195364e-05,4.27039593242909581e-12,0.00000000000000000e+00
570,2.66912123136087673e-06,1.90205908547450499e-06,9.04866401942252966e-05,4.97896557609950722e-11,0.00000000000000000e+00
571,2.66154889963136299e-06,1.89557566800695789e-06,9.02483895751337158e-05,4.42462394993156175e-12,0.00000000000000000e+00
572,2.65396490037587772e-06,1.88911002174847482e-06,9.00109413827988490e-05,3.88524902521539023e-11,0.00000000000000000e+00
573,2.64644581852716510e-06,1.88268912031120786e-06,8.97742756484431694e-05,1.26057236824441326e-11,0.00000000000000000e+00
574,2.63893207043084280e-06,1.87628995040808322e-06,8.95384009970595819e-05,6.01365751363644582e-12,0.00000000000000000e+00
575,2.63145863443118869e-06,1.86992778660952393e-06,8.93033074656829546e-05,4.65556556962021504e-11,0.00000000000000000e+00
576,2.62401936751324420e-06,1.86359947933651110e-06,8.90689910802795932e-05,3.49443028893754435e-11,0.00000000000000000e+00
577,2.61659570506850003e-06,1.85729937702401207e-06,8.88354535959802742e-05,4.93842820735377249e-11,0.00000000000000000e+00
578,2.60921105200396306e-06,1.85102929770626773e-06,8.86026865100121710e-05,4.74248493412221458e-11,0.00000000000000000e+00
579,2.60185162980285192e-06,1.84479229044408295e-06,8.83706887474350030e-05,5.55546675255060505e-11,0.00000000000000000e+00
580,2.59451762532183587e-06,1.83858699729789875e-06,8.81394574870317552e-05,3.04006197509263425e-11,0.00000000000000000e+00
581,2.58721205233987459e-06,1.83240809032068534e-06,8.79089891993313602e-05,2.47268231331696998e-11,0.00000000000000000e+00
582,2.57992832161629502e-06,1.82625936100405460e-06,8.76792824522338145e-05,3.61558698066346038e-11,0.00000000000000000e+00
583,2.57270372124778107e-06,1.82015045999890630e-06,8.74503231967700174e-05,6.11395891329394115e-11,0.00000000000000000e+00
584,2.56548463997374962e-06,1.81406227254175874e-06,8.72221190790330918e-05,5.84047565415383891e-11,0.00000000000000000e+00
585,2.55828876470626585e-06,1.80800401054487240e-06,8.69946653759122326e-05,5.12248127610322820e-11,0.00000000000000000e+00
586,2.55112196888558108e-06,1.80197751260011143e-06,8.67679575934729457e-05,3.58313335687604916e-11,0.00000000000000000e+00
587,2.54398557007584172e-06,1.79597988359667163e-06,8.65419922676416664e-05,5.49790470094706036e-11,0.00000000000000000e+00
588,2.53688628899101800e-06,1.79001443723078109e-06,8.63167632268916176e-05,4.39550966205976269e-11,0.00000000000000000e+00
589,2.52980034362312146e-06,1.78407396908702407e-06,8.60922726130564119e-05,5.88913223057931405e-11,0.00000000000000000e+00
590,2.52275152639850818e-06,1.77816568516859059e-06,8.58685122866388486e-05,3.34979109222168562e-11,0.00000000000000000e+00
591,2.51571574682652168e-06,1.77228288572533149e-06,8.56454849812064370e-05,2.42760635626088949e-11,0.00000000000000000e+00
592,2.50871870942578208e-06,1.76643258705839708e-06,8.54231819459827740e-05,6.15970371275388958e-11,0.00000000000000000e+00
593,2.50175732441129518e-06,1.76061130430845198e-06,8.52015984704198275e-05,2.77432882392961625e-11,0.00000000000000000e+00
594,2.49479612587854559e-06,1.75481234651083966e-06,8.49807410703960238e-05,2.97922259792902670e-11,0.00000000000000000e+00
595,2.48788196472071084e-06,1.74904753206050754e-06,8.47605963835826635e-05,3.62283173683873721e-11,0.00000000000000000e+00
596,2.48098767569073834e-06,1.74330913288566971e-06,8.45411658589276011e-05,5.37349965276997878e-11,0.00000000000000000e+00
597,2.47412057149592459e-06,1.73759913542885197e-06,8.43224454822695052e-05,7.52581318495233885e-11,0.00000000000000000e+00
598,2.46728253629382709e-06,1.73191619260571344e-06,8.41044315218856273e-05,4.24193367010889338e-11,0.00000000000000000e+00
599,2.46045456190148638e-06,1.72625740034551929e-06,8.38871261546696829e-05,4.62508433811249445e-11,0.00000000000000000e+00
600,2.45366836508333473e-06,1.72063196728248179e-06,8.36705194185659285e-05,5.40978270424447684e-11,0.00000000000000000e+00
601,2.44690844110417811e-06,1.71503109908366053e-06,8.34546101272460933e-05,6.31553313995291190e-11,0.00000000000000000e+00
602,2.44016916555011635e-06,1.70945704215651234e-06,8.32393966080826594e-05,3.02928285460601701e-11,0.00000000000000000e+00
603,2.43344532831703974e-06,1.70390731191067398e-06,8.30248785741247576e-05,5.03040241488570948e-12,0.00000000000000000e+00
604,2.42675841540325314e-06,1.69838629318655271e-06,8.28110482010239866e-05,2.75711609773222550e-11,0.00000000000000000e+00
605,2.42010030854253284e-06,1.69289723884474496e-06,8.25979021582787275e-05,5.63914091694335675e-11,0.00000000000000000e+00
606,2.41346801051773836e-06,1.68743011652605734e-06,8.23854382057635234e-05,5.34374818843496480e-11,0.00000000000000000e+00
607,2.40684362227125641e-06,1.68198830058976137e-06,8.21736586362310859e-05,4.58319876936277095e-11,0.00000000000000000e+00
608,2.40025435461557731e-06,1.67657284506282362e-06,8.19625554813221258e-05,4.71466785150334571e-11,0.00000000000000000e+00
609,2.39369077062436009e-06,1.67118450740430281e-06,8.17521264028043875e-05,6.92614216208973434e-11,0.00000000000000000e+00
610,2.38715385471582277e-06,1.66582347293030647e-06,8.15423681089494091e-05,8.13205336242245217e-11,0.00000000000000000e+00
611,2.38063711654271358e-06,1.66048563923708105e-06,8.13332792337736381e-05,3.25678540205639288e-11,0.00000000000000000e+00
612,2.37412861430112624e-06,1.65517016465142342e-06,8.11248614551341601e-05,6.84418549584977408e-11,0.00000000000000000e+00
613,2.36767828715419675e-06,1.64988950653640915e-06,8.09170993367011891e-05,7.06089158092740808e-11,0.00000000000000000e+00
614,2.36122732859483775e-06,1.64462711220759082e-06,8.07100018310423348e-05,6.87995067473559354e-11,0.00000000000000000e+00
615,2.35480679770350012e-06,1.63939000589852660e-06,8.05035610867204185e-05,4.77051693502167609e-11,0.00000000000000000e+00
616,2.34840097250592004e-06,1.63417890889996922e-06,8.02977779686985297e-05,4.16935187501401594e-11,0.00000000000000000e+00
617,2.34203282678091530e-06,1.62899329578816661e-06,8.00926441405003567e-05,1.77439712539584711e-11,0.00000000000000000e+00
618,2.33567537386612069e-06,1.62383051646346125e-06,7.98881626705826297e-05,2.51824116704511635e-11,0.00000000000000000e+00
619,2.32935713497218569e-06,1.61869626605728830e-06,7.96843240984226647e-05,7.32480085213879209e-11,0.00000000000000000e+00
620,2.32306006710226306e-06,1.61358698818090053e-06,7.94811280254326829e-05,7.98599714069586042e-12,0.00000000000000000e+00
621,2.31675748729920427e-06,1.60849052366063039e-06,7.92785810919136236e-05,1.05925249333228395e-11,0.00000000000000000e+00
622,2.31050931084556869e-06,1.60343186379234875e-06,7.90766665486306887e-05,4.99834474803795097e-11,0.00000000000000000e+00
623,2.30428225417478769e-06,1.59839444896625940e-06,7.88753864440604603e-05,7.70277121254988234e-11,0.00000000000000000e+00
624,2.29806892394301374e-06,1.59337813427753389e-06,7.86747406690969497e-05,2.58382756112067313e-11,0.00000000000000000e+00
625,2.29186367844448497e-06,1.58838011156398510e-06,7.84747302025484727e-05,6.08700592409808548e-11,0.00000000000000000e+00
626,2.28570915309845535e-06,1.58341676478597097e-06,7.82753412443150235e-05,5.03901418795595216e-11,0.00000000000000000e+00
627,2.27955569344096181e-06,1.57846966533607279e-06,7.80765819312328996e-05,5.85101869742118283e-11,0.00000000000000000e+00
628,2.27343878284690418e-06,1.57354750499193784e-06,7.78784423207459504e-05,7.00337079568355420e-11,0.00000000000000000e+00
629,2.26733433352840563e-06,1.56864991707419100e-06,7.76809243261028558e-05,1.96453318910687804e-11,0.00000000000000000e+00
630,2.26124255150413615e-06,1.56376990792997099e-06,7.74840276708559144e-05,6.66551844084601493e-11,0.00000000000000000e+00
631,2.25520662355990404e-06,1.55892331989425525e-06,7.72877374250241549e-05,2.22625158770268784e-11,0.00000000000000000e+00
632,2.24915081100897640e-06,1.55408701222675197e-06,7.70920686857555422e-05,3.31140900869069991e-11,0.00000000000000000e+00
633,2.24314648681589774e-06,1.54928294171616867e-06,7.68970040983970698e-05,6.54067398470690668e-11,0.00000000000000000e+00
634,2.23716007427912844e-06,1.54449957628580918e-06,7.67025460862146171e-05,3.85196455335547096e-11,0.00000000000000000e+00
635,2.23117659382471577e-06,1.53973364465979030e-06,7.65086975931679301e-05,1.74748400853697913e-12,0.00000000000000000e+00
636,2.22522400062293950e-06,1.53499148005289184e-06,7.63154508631691227e-05,3.81042169715936881e-11,0.00000000000000000e+00
637,2.21930604462567400e-06,1.53027920732049318e-06,7.61228000205581561e-05,4.15453088089849595e-11,0.00000000000000000e+00
638,2.21339637853949820e-06,1.52558153587073027e-06,7.59307487976719389e-05,6.02387338604119109e-11,0.00000000000000000e+00
639,2.20751348871645842e-06,1.52090832452849926e-06,7.57392909412283043e-05,6.21663833380221774e-11,0.00000000000000000e+00
640,2.20164367338724710e-06,1.51625469302846885e-06,7.55484272496096494e-05,4.92897778732167347e-11,0.00000000000000000e+00
641,2.19579650146341270e-06,1.51162254430885161e-06,7.53581539653360512e-05,6.42296805499545331e-12,0.00000000000000000e+00
642,2.18995895413018618e-06,1.50701022606779161e-06,7.51684725573342831e-05,4.60348591171928702e-11,0.00000000000000000e+00
643,2.18416107555990627e-06,1.50242201018231517e-06,7.49793733659423586e-05,3.33967203999431468e-11,0.00000000000000000e+00
644,2.17839684356859062e-06,1.49786577474141644e-06,7.47908507656092411e-05,4.66663145792578491e-11,0.00000000000000000e+00
645,2.17263074900325876e-06,1.49331520610650471e-06,7.46029125957863357e-05,3.35385381224540834e-11,0.00000000000000000e+00
646,2.16687770531389079e-06,1.48878931104264294e-06,7.44155552819173691e-05,7.18768593415023974e-12,0.00000000000000000e+00
647,2.16114774976033302e-06,1.48428370319423925e-06,7.42287749422042466e-05,6.75270799277563260e-11,0.00000000000000000e+00
648,2.15547127049832358e-06,1.47980989038376976e-06,7.40425588928131129e-05,6.39491486143558770e-11,0.00000000000000000e+00
649,2.14974872620168265e-06,1.47533225721227122e-06,7.38569307635916262e-05,2.79781969084445054e-11,0.00000000000000000e+00
650,2.14412324108891502e-06,1.47090688765860757e-06,7.36718536936293038e-05,4.57076301283462534e-11,0.00000000000000000e+00
651,2.13847670196747300e-06,1.46648184965289170e-06,7.34873496491741392e-05,3.94887980234952139e-11,0.00000000000000000e+00
652,2.13284495342063323e-06,1.46207877564386800e-06,7.33034117468270085e-05,4.85750626138723374e-11,0.00000000000000000e+00
653,2.12724560769232925e-06,1.45769882374615757e-06,7.31200336495988862e-05,3.68928561139589820e-11,0.00000000000000000e+00
654,2.12165540689064897e-06,1.45333828341732591e-06,7.29372177318590552e-05,3.10627545848232077e-11,0.00000000000000000e+00
655,2.11609411213038821e-06,1.44899760468499047e-06,7.27549577328480673e-05,3.11497747320196182e-11,0.00000000000000000e+00
656,2.11054713956494467e-06,1.44467823470995415e-06,7.25732539076499351e-05,3.64261913195493078e-11,0.00000000000000000e+00
657,2.10502484521055120e-06,1.44037778365722810e-06,7.23921017394482674e-05,1.75987179337904176e-11,0.00000000000000000e+00
658,2.09951289531508043e-06,1.43609397079353143e-06,7.22115026208765227e-05,2.57118248297183870e-11,0.00000000000000000e+00
659,2.09402963301918615e-06,1.43183546640225458e-06,7.20314498714582843e-05,4.17105131180191146e-11,0.00000000000000000e+00
660,2.08856391556871049e-06,1.42759393853512104e-06,7.18519431273600501e-05,6.52531503869158674e-11,0.00000000000000000e+00
661,2.08311751697241672e-06,1.42337118853963695e-06,7.16729798359223066e-05,1.22480579492532690e-11,0.00000000000000000e+00
662,2.07766759466811460e-06,1.41916280123313878e-06,7.14945651015691123e-05,3.50254625537710004e-11,0.00000000000000000e+00
663,2.07226684105620057e-06,1.41498385705913391e-06,7.13166839674156020e-05,7.23313472255955397e-11,0.00000000000000000e+00
664,2.06688285374801269e-06,1.41081959608006202e-06,7.11393392566103645e-05,6.72717791379555058e-11,0.00000000000000000e+00
665,2.06149834699013558e-06,1.40667029582289838e-06,7.09625342245582294e-05,4.55895454477038649e-11,0.00000000000000000e+00
666,2.05613508406597359e-06,1.40254129139896743e-06,7.07862636347734319e-05,4.18149550573252253e-12,0.00000000000000000e+00
667,2.05079053119647604e-06,1.39842926881767299e-06,7.06105257735781613e-05,7.96926186762697919e-11,0.00000000000000000e+00
668,2.04549871630397910e-06,1.39434881141559361e-06,7.04353070624113583e-05,2.48073234477511259e-11,0.00000000000000000e+00
669,2.04016893148160432e-06,1.39026711315110038e-06,7.02606281574497430e-05,6.83097932396536860e-11,0.00000000000000000e+00
670,2.03490236638218942e-06,1.38622046802634472e-06,7.00864650543746141e-05,3.51266036817533779e-11,0.00000000000000000e+00
671,2.02962118632026062e-06,1.38218014950843446e-06,6.99128322477837001e-05,5.27839312857265740e-11,0.00000000000000000e+00
672,2.02438275955338428e-06,1.37816616069328594e-06,6.97397153651644621e-05,4.06395810188933724e-11,0.00000000000000000e+00
673,2.01914757460678885e-06,1.37416498560223539e-06,6.95671203034015518e-05,5.25146425189480158e-11,0.00000000000000000e+00
674,2.01391519487121760e-06,1.37017635201992053e-06,6.93950483824613357e-05,4.34904487583570950e-11,0.00000000000000000e+00
675,2.00875800985216361e-06,1.36622732882396058e-06,6.92234760604590636e-05,3.58179247962601707e-11,0.00000000000000000e+00
676,2.00356509583412446e-06,1.36227558466734742e-06,6.90524267694055973e-05,4.23842783674846751e-11,0.00000000000000000e+00
677,1.99840472881125089e-06,1.35834786977311162e-06,6.88818861737406507e-05,7.02133872755847783e-11,0.00000000000000000e+00
678,1.99326949941652680e-06,1.35443923396863048e-06,6.87118521956453228e-05,1.95212093495786995e-11,0.00000000000000000e+00
679,1.98811640300409241e-06,1.35053747800631678e-06,6.85423352725315210e-05,2.63820962815062145e-11,0.00000000000000000e+00
680,1.98303219714491984e-06,1.34667147519770758e-06,6.83733117443821305e-05,2.87060201264785621e-11,0.00000000000000000e+00
681,1.97793787826787048e-06,1.34281118320223176e-06,6.82047956992990384e-05,5.25315547197600824e-12,0.00000000000000000e+00
682,1.97285776250619121e-06,1.33896707163030654e-06,6.80367823759022339e-05,5.20776846910693322e-11,0.00000000000000000e+00
683,1.96781526634039473e-06,1.33514922023559117e-06,6.78692623903981429e-05,2.37685712923546102e-11,0.00000000000000000e+00
684,1.96276048038501954e-06,1.33133673972781204e-06,6.77022464518860088e-05,4.31075747360982776e-11,0.00000000000000000e+00
685,1.95774711739408593e-06,1.32754926291087146e-06,6.75357205495796613e-05,9.12665639354763473e-12,0.00000000000000000e+00
686,1.95272480031236386e-06,1.32377042832900667e-06,6.73696947976143516e-05,4.40481518313030332e-11,0.00000000000000000e+00
687,1.94775540329486691e-06,1.32002241415534696e-06,6.72041514454445934e-05,5.40287311480962883e-11,0.00000000000000000e+00
688,1.94277940501570780e-06,1.31627843611283275e-06,6.70391016417509847e-05,4.81591171237065012e-11,0.00000000000000000e+00
689,1.93781442261866727e-06,1.31255499623204950e-06,6.68745415575572593e-05,5.37956942823286015e-11,0.00000000000000000e+00
690,1.93287922875572892e-06,1.30884738558494964e-06,6.67104647939052308e-05,2.57714974419444583e-11,0.00000000000000000e+00
691,1.92794588207677718e-06,1.30515487286451084e-06,6.65468758908269051e-05,3.20814516947023559e-11,0.00000000000000000e+00
692,1.92304725820997710e-06,1.30148155547842968e-06,6.63837650329121332e-05,2.13095096722395860e-11,0.00000000000000000e+00
693,1.91815048828616085e-06,1.29782361824758329e-06,6.62211373632105838e-05,3.37432439387568042e-11,0.00000000000000000e+00
694,1.91328294584220426e-06,1.29418220985808819e-06,6.60589852049071950e-05,3.08304737389354469e-11,0.00000000000000000e+00
695,1.90841920623162605e-06,1.29055428668829533e-06,6.58973119062100031e-05,3.74477882363442806e-11,0.00000000000000000e+00
696,1.90357954590534047e-06,1.28694459909487999e-06,6.57361119201515544e-05,4.39423161353186879e-11,0.00000000000000000e+00
697,1.89875291031844585e-06,1.28334912830345715e-06,6.55753851815296245e-05,1.80148262885318502e-11,0.00000000000000000e+00
698,1.89393334671370364e-06,1.27976846424304103e-06,6.54151327121813827e-05,4.85328823177753997e-11,0.00000000000000000e+00
699,1.88915019431728903e-06,1.27620793190933712e-06,6.52553442182410125e-05,3.36542402001684863e-11,0.00000000000000000e+00
700,1.88436177130848097e-06,1.27265753220930439e-06,6.50960280820262621e-05,3.46843937874737972e-11,0.00000000000000000e+00
701,1.87960021476168792e-06,1.26912491726601972e-06,6.49371759767904230e-05,4.17291598813978686e-11,0.00000000000000000e+00
702,1.87485494508354834e-06,1.26560773380659199e-06,6.47787872729867740e-05,3.81296941746284510e-11,0.00000000000000000e+00
703,1.87011909110549881e-06,1.26210501554977334e-06,6.46208623733265453e-05,4.93273657466648325e-11,0.00000000000000000e+00
704,1.86540551777398098e-06,1.25861926792705556e-06,6.44633965437684122e-05,4.74703619114840368e-11,0.00000000000000000e+00
705,1.86070105097614727e-06,1.25514669424646312e-06,6.43063908623229668e-05,1.86943111485961400e-11,0.00000000000000000e+00
706,1.85600504254016241e-06,1.25168849780404402e-06,6.41498451201470937e-05,1.66953613307061419e-11,0.00000000000000000e+00
707,1.85134134157253742e-06,1.24824821369181040e-06,6.39937513342934278e-05,7.92730667547538871e-12,0.00000000000000000e+00
708,1.84668525947349696e-06,1.24482019776434053e-06,6.38381122513707904e-05,3.86990514377556004e-11,0.00000000000000000e+00
709,1.84204804294871491e-06,1.24141295056720487e-06,6.36829235614829511e-05,3.43970413689247730e-11,0.00000000000000000e+00
710,1.83741902576381075e-06,1.23801290895396902e-06,6.35281871111005315e-05,7.56469478955232122e-11,0.00000000000000000e+00
711,1.83282020060223879e-06,1.23463294759377643e-06,6.33738949298631981e-05,3.55224689213728251e-12,0.00000000000000000e+00
712,1.82819387400297979e-06,1.23125601317552213e-06,6.32200611173899249e-05,4.44463785902464766e-11,0.00000000000000000e+00
713,1.82363666430582613e-06,1.22791175433533187e-06,6.30666608207335375e-05,2.62417668587498957e-11,0.00000000000000000e+00
714,1.81906222416602317e-06,1.22456692955398082e-06,6.29137103572498279e-05,5.31280693095268090e-11,0.00000000000000000e+00
715,1.81451735895880807e-06,1.22124630431228336e-06,6.27611983025176538e-05,2.45205596119820469e-11,0.00000000000000000e+00
716,1.80996726030755773e-06,1.21793091037728808e-06,6.26091319727961317e-05,4.51371698697712952e-11,0.00000000000000000e+00
717,1.80545664785534179e-06,1.21463751479036444e-06,6.24574987965170449e-05,2.44391142631570113e-11,0.00000000000000000e+00
718,1.80094088153129014e-06,1.21135136731906020e-06,6.23063071256399118e-05,5.33643839885048984e-11,0.00000000000000000e+00
719,1.79645479350247254e-06,1.20808726118077417e-06,6.21555471125934198e-05,4.19919745597876011e-11,0.00000000000000000e+00
720,1.79196975220956328e-06,1.20482904115276757e-06,6.20052242176203684e-05,5.39707431111949716e-12,0.00000000000000000e+00
721,1.78749619308633774e-06,1.20158578581140659e-06,6.18553358868337646e-05,3.87717046233213629e-11,0.00000000000000000e+00
722,1.78306276726659479e-06,1.19836429361409719e-06,6.17058715256588034e-05,7.97366787965244031e-11,0.00000000000000000e+00
723,1.77862887593000663e-06,1.19515186736820671e-06,6.15568374016090382e-05,1.96188407803455478e-11,0.00000000000000000e+00
724,1.77418326582094418e-06,1.19194422946288212e-06,6.14082393305165244e-05,3.58912419963065590e-11,0.00000000000000000e+00
725,1.76979160983955019e-06,1.18876258410360564e-06,6.12600588636627163e-05,1.99265875885572718e-11,0.00000000000000000e+00
726,1.76538980659953515e-06,1.18558742592422935e-06,6.11123075186220243e-05,3.92948081692605314e-11,0.00000000000000000e+00
727,1.76101857839129048e-06,1.18243024697435230e-06,6.09649751584825968e-05,3.69020541863749458e-11,0.00000000000000000e+00
728,1.75664819667181568e-06,1.17928269056728377e-06,6.08180667770025942e-05,3.45875614780304494e-11,0.00000000000000000e+00
729,1.75229307896930366e-06,1.17614978695744583e-06,6.06715783988464460e-05,2.76591941307127554e-11,0.00000000000000000e+00
730,1.74795471284160037e-06,1.17302918732410628e-06,6.05255081840279878e-05,2.39733915497892147e-11,0.00000000000000000e+00
731,1.74363030187809728e-06,1.16992228863851416e-06,6.03798546792508808e-05,5.05319216332446052e-11,0.00000000000000000e+00
732,1.73932767801455588e-06,1.16683120672487037e-06,6.02346136329933964e-05,4.11626867230358620e-11,0.00000000000000000e+00
733,1.73502125745232241e-06,1.16374735570111216e-06,6.00897903591908684e-05,3.90062284521856198e-11,0.00000000000000000e+00
734,1.73073682433029708e-06,1.16068090302062635e-06,5.99453782984285286e-05,5.86344079276489486e-11,0.00000000000000000e+00
735,1.72647413316359487e-06,1.15762641168290647e-06,5.98013746590534616e-05,4.13065092462701104e-11,0.00000000000000000e+00
736,1.72220688104518844e-06,1.15458154550923790e-06,5.96577845170375774e-05,4.38578671189033105e-11,0.00000000000000000e+00
737,1.71796603664238718e-06,1.15155341104306696e-06,5.95146000369050707e-05,4.78582171056746835e-11,0.00000000000000000e+00
738,1.71373892695060301e-06,1.14853535801458764e-06,5.93718213829771011e-05,3.38662086012970941e-11,0.00000000000000000e+00
739,1.70951485963728166e-06,1.14553018220755874e-06,5.92294502988242546e-05,2.98369953701016613e-11,0.00000000000000000e+00
740,1.70531384635662548e-06,1.14253793675661730e-06,5.90874809479942991e-05,3.38809961292034178e-11,0.00000000000000000e+00
741,1.70112528441294606e-06,1.13955865338351122e-06,5.89459132450202819e-05,1.79238639007479673e-11,0.00000000000000000e+00
742,1.69694227004056782e-06,1.13658932582865697e-06,5.88047482288730128e-05,5.00396686508023234e-11,0.00000000000000000e+00
743,1.69279015896063404e-06,1.13363791356105475e-06,5.86639774151870530e-05,5.86097661128340521e-11,0.00000000000000000e+00
744,1.68863249681419533e-06,1.13069430825940906e-06,5.85236078729854225e-05,1.71166338023241773e-11,0.00000000000000000e+00
745,1.68448244460657488e-06,1.12775814139769077e-06,5.83836378428504636e-05,4.18883251607031754e-11,0.00000000000000000e+00
746,1.68036931973256240e-06,1.12484452412211203e-06,5.82440568519964179e-05,7.02129787280986659e-11,0.00000000000000000e+00
747,1.67626147846450224e-06,1.12193855985912414e-06,5.81048694427809388e-05,3.93385255490122626e-11,0.00000000000000000e+00
748,1.67214591952070617e-06,1.11903900271395266e-06,5.79660798060331337e-05,7.21984075331343561e-12,0.00000000000000000e+00
749,1.66805520224698770e-06,1.11615384759236040e-06,5.78276801284362434e-05,3.42122142548870745e-11,0.00000000000000000e+00
750,1.66399455304105517e-06,1.11328852451317711e-06,5.76896645040559703e-05,3.95096238831426477e-11,0.00000000000000000e+00
751,1.65993120826545748e-06,1.11042696067693916e-06,5.75520392369145671e-05,4.99178480511256610e-11,0.00000000000000000e+00
752,1.65587723486387800e-06,1.10758059720774925e-06,5.74148013749927147e-05,3.59961396138857641e-11,0.00000000000000000e+00
753,1.65183925305284765e-06,1.10474134920813140e-06,5.72779490224804814e-05,2.45191615929042706e-11,0.00000000000000000e+00
754,1.64781224339284813e-06,1.10191651901378873e-06,5.71414810276226487e-05,3.08775833427233213e-11,0.00000000000000000e+00
755,1.64380463807737829e-06,1.09910475565995363e-06,5.70053936619573890e-05,4.62159232140787322e-11,0.00000000000000000e+00
756,1.63980843982724474e-06,1.09630367908697916e-06,5.68696869018312664e-05,3.84087341697270565e-11,0.00000000000000000e+00
757,1.63581482901717590e-06,1.09351141283098643e-06,5.67343622990250458e-05,3.68647535710798788e-11,0.00000000000000000e+00
758,1.63183948265480354e-06,1.09073274717329837e-06,5.65994155021095436e-05,5.30964051643563241e-11,0.00000000000000000e+00
759,1.62788231763697643e-06,1.08796626776684299e-06,5.64648438330970660e-05,4.53607754557131546e-11,0.00000000000000000e+00
760,1.62392632955648427e-06,1.08520729665044592e-06,5.63306505326841627e-05,1.64754062336307131e-11,0.00000000000000000e+00
761,1.61997808537738830e-06,1.08245991246910386e-06,5.61968340018318850e-05,4.34979140647009781e-11,0.00000000000000000e+00
762,1.61606662828867787e-06,1.07972915499140304e-06,5.60633846252898103e-05,4.15706598502177711e-11,0.00000000000000000e+00
763,1.61214628095329021e-06,1.07700428788010917e-06,5.59303110024635569e-05,3.85716100549333111e-11,0.00000000000000000e+00
764,1.60824288417749135e-06,1.07429071862832928e-06,5.57976074563580976e-05,4.25717748202674744e-11,0.00000000000000000e+00
765,1.60435350209912121e-06,1.07158987899905817e-06,5.56652727137798184e-05,3.71684013438570036e-11,0.00000000000000000e+00
766,1.60047135819260199e-06,1.06889794041762641e-06,5.55333071392166461e-05,5.13734299951333042e-11,0.00000000000000000e+00
767,1.59660921706467834e-06,1.06621919334620811e-06,5.54017061273699485e-05,2.71449678192092126e-11,0.00000000000000000e+00
768,1.59274599728557451e-06,1.06354598926915692e-06,5.52704742344864696e-05,2.52148975677775502e-11,0.00000000000000000e+00
769,1.58890301732566700e-06,1.06088964539336475e-06,5.51396049293672609e-05,4.65773788437080375e-11,0.00000000000000000e+00
770,1.58507874047978999e-06,1.05824329605789028e-06,5.50090963350615317e-05,3.17467915708585591e-11,0.00000000000000000e+00
771,1.58125188365343896e-06,1.05560259485817205e-06,5.48789527668716630e-05,5.36081985212989444e-11,0.00000000000000000e+00
772,1.57744996768669302e-06,1.05297829720100247e-06,5.47491663020648387e-05,7.81816349145987220e-11,0.00000000000000000e+00
773,1.57365700170939099e-06,1.05036165467084708e-06,5.46197387612932760e-05,1.47872743284564751e-11,0.00000000000000000e+00
774,1.56984475096012932e-06,1.04774837472427699e-06,5.44906782518658327e-05,2.29559241904349069e-11,0.00000000000000000e+00
775,1.56608765875837426e-06,1.04515646007020462e-06,5.43619656413194051e-05,5.20091205915061213e-11,0.00000000000000000e+00
776,1.56233164857019112e-06,1.04257353486019002e-06,5.42336084378130655e-05,4.06913155773132346e-11,0.00000000000000000e+00
777,1.55856998891435298e-06,1.03999495082868780e-06,5.41056096724228485e-05,1.54382366211161862e-11,0.00000000000000000e+00
778,1.55482648460242535e-06,1.03742672144638050e-06,5.39779640907914004e-05,1.06315970014338893e-11,0.00000000000000000e+00
779,1.55109827263598510e-06,1.03487296586246346e-06,5.38506695051027052e-05,4.18890457828671140e-11,0.00000000000000000e+00
780,1.54739471480913171e-06,1.03233066230591283e-06,5.37237211630151154e-05,1.24009498347880931e-11,0.00000000000000000e+00
781,1.54366954285292849e-06,1.02979108574129044e-06,5.35971301279246798e-05,2.21388358705817358e-11,0.00000000000000000e+00
782,1.53998431936668231e-06,1.02726817427395444e-06,5.34708817502195323e-05,1.32043253928130634e-11,0.00000000000000000e+00
783,1.53629637721616651e-06,1.02475094950253466e-06,5.33449830607072157e-05,3.86563787514429946e-11,0.00000000000000000e+00
784,1.53263061759027624e-06,1.02224864927322668e-06,5.32194271333064599e-05,4.88791854570824659e-11,0.00000000000000000e+00
785,1.52896620487857254e-06,1.01975165316534551e-06,5.30942176600462200e-05,2.68375478538339685e-11,0.00000000000000000e+00
786,1.52530638900752422e-06,1.01726209867901415e-06,5.29693545089361708e-05,2.99033470142967778e-11,0.00000000000000000e+00
787,1.52167154265510489e-06,1.01478688430678419e-06,5.28448308489842483e-05,1.19900529106652583e-11,0.00000000000000000e+00
788,1.51803429702819743e-06,1.01231858688863805e-06,5.27206515759157571e-05,7.17991419861356880e-12,0.00000000000000000e+00
789,1.51441917146340520e-06,1.00986196094813769e-06,5.25968103611017582e-05,4.71138141171084271e-12,0.00000000000000000e+00
790,1.51081106574298174e-06,1.00741344806631247e-06,5.24733088200679987e-05,3.19982577095613921e-11,0.00000000000000000e+00
791,1.50722265837479003e-06,1.00498001845684135e-06,5.23501416733019472e-05,2.62267467825814719e-11,0.00000000000000000e+00
792,1.50361707185004275e-06,1.00254129988999798e-06,5.22273194053223745e-05,6.47064227810706487e-11,0.00000000000000000e+00
793,1.50007267591509048e-06,1.00013637660906348e-06,5.21048188087330300e-05,4.43006362407850484e-11,0.00000000000000000e+00
794,1.49648775905130283e-06,9.97717450166117115e-07,5.19826640752296118e-05,1.37806950898237871e-11,0.00000000000000000e+00
795,1.49292730219798789e-06,9.95312650183692820e-07,5.18608417923071535e-05,6.16350411147474123e-12,0.00000000000000000e+00
796,1.48938007304189606e-06,9.92922834287577939e-07,5.17393518034300228e-05,2.79494752820037312e-11,0.00000000000000000e+00
797,1.48586188573327341e-06,9.90545431323522787e-07,5.16181875659687647e-05,3.47235689127641459e-11,0.00000000000000000e+00
798,1.48233614575616210e-06,9.88169465627516953e-07,5.14973563502847754e-05,4.06931753487065058e-11,0.00000000000000000e+00
799,1.47882111052232017e-06,9.85805388748880473e-07,5.13768542054189882e-05,3.25663335096407483e-11,0.00000000000000000e+00
800,1.47531485652251491e-06,9.83448333805659911e-07,5.12566808458860226e-05,3.06633119027410274e-11,0.00000000000000000e+00
801,1.47182465697520270e-06,9.81102134433045517e-07,5.11368331706360052e-05,1.41269745931102016e-11,0.00000000000000000e+00
802,1.46833132191805411e-06,9.78759553072896268e-07,5.10173154752626630e-05,5.94157651996444657e-11,0.00000000000000000e+00
803,1.46488636081145588e-06,9.76443390264075587e-07,5.08981112145568505e-05,3.15161435637732712e-11,0.00000000000000000e+00
804,1.46140422084582397e-06,9.74115366022580167e-07,5.07792413153178356e-05,3.19202420011829091e-11,0.00000000000000000e+00
805,1.45795971297670461e-06,9.71804719681558522e-07,5.06606890030252807e-05,3.37018875479574161e-11,0.00000000000000000e+00
806,1.45451497278920209e-06,9.69504772437454975e-07,5.05424595801154443e-05,5.44521660071022825e-11,0.00000000000000000e+00
807,1.45109290096391253e-06,9.67212081626285701e-07,5.04245475055814234e-05,2.87617762980602911e-11,0.00000000000000000e+00
808,1.44765958058042387e-06,9.64923277753565313e-07,5.03069598844272013e-05,4.73627622269558549e-11,0.00000000000000000e+00
809,1.44425732251525529e-06,9.62651138065696199e-07,5.01896855876631076e-05,3.54961318077606117e-11,0.00000000000000000e+00
810,1.44085215303497761e-06,9.60380099149359083e-07,5.00727314407483330e-05,3.07864033226367531e-11,0.00000000000000000e+00
811,1.43746176771940934e-06,9.58121339471851766e-07,4.99560924927637540e-05,2.55531789535561009e-11,0.00000000000000000e+00
812,1.43407507640990144e-06,9.55872226241727610e-07,4.98397700203979236e-05,2.60849332161231135e-11,0.00000000000000000e+00
813,1.43071004590759097e-06,9.53629769248613970e-07,4.97237594220433489e-05,3.88459428896982547e-11,0.00000000000000000e+00
814,1.42735168527761405e-06,9.51397038658733776e-07,4.96080613556775950e-05,1.36172957736693517e-11,0.00000000000000000e+00
815,1.42399005955271238e-06,9.49168111808377115e-07,4.94926791343092343e-05,4.17395731293535689e-11,0.00000000000000000e+00
816,1.42066260865941822e-06,9.46955138549809929e-07,4.93776016194852598e-05,1.97186886375182338e-11,0.00000000000000000e+00
817,1.41731561939330300e-06,9.44743600513540416e-07,4.92628407089599715e-05,4.36835900871552350e-11,0.00000000000000000e+00
818,1.41400687058377349e-06,9.42545864255346563e-07,4.91483822930391891e-05,2.50051744310409726e-11,0.00000000000000000e+00
819,1.41068242853363891e-06,9.40350555710679199e-07,4.90342376080669620e-05,1.16248384493198417e-11,0.00000000000000000e+00
820,1.40737452468463003e-06,9.38163104145783332e-07,4.89203999919214538e-05,4.77412308164269614e-11,0.00000000000000000e+00
821,1.40410284260943403e-06,9.35996922236384842e-07,4.88068597492731103e-05,5.76233600423521431e-11,0.00000000000000000e+00
822,1.40081167663779590e-06,9.33825198977785283e-07,4.86936300714636407e-05,4.04977336302307754e-11,0.00000000000000000e+00
823,1.39752962100714170e-06,9.31661553837002477e-07,4.85807060441215095e-05,4.53618030934536371e-11,0.00000000000000000e+00
824,1.39426695859717255e-06,9.29511919010169573e-07,4.84680827412326589e-05,9.79573601099040643e-12,0.00000000000000000e+00
825,1.39100249297977470e-06,9.27363173436598510e-07,4.83557652279541434e-05,4.36077811264232447e-11,0.00000000000000000e+00
826,1.38777429791671593e-06,9.25232658217574958e-07,4.82437412448848677e-05,2.20147178029904127e-11,0.00000000000000000e+00
827,1.38452192898105830e-06,9.23101169296973993e-07,4.81320246912696648e-05,1.58211227553025867e-11,0.00000000000000000e+00
828,1.38129834987780466e-06,9.20980433057567762e-07,4.80206040505363335e-05,2.37504235572182132e-11,0.00000000000000000e+00
829,1.37808454723769030e-06,9.18868752960997890e-07,4.79094804746848780e-05,2.52531764505499071e-11,0.00000000000000000e+00
830,1.37487343114682600e-06,9.16763877198821072e-07,4.77986552031567160e-05,9.96279279036839639e-12,0.00000000000000000e+00
831,1.37167018900149639e-06,9.14664533299640226e-07,4.76881271522416655e-05,1.09549135825274941e-11,0.00000000000000000e+00
832,1.36848141621062833e-06,9.12575790401527721e-07,4.75778930047662593e-05,3.53670009757139809e-11,0.00000000000000000e+00
833,1.36530915204616503e-06,9.10497853937334442e-07,4.74679505051391604e-05,1.07170509218881005e-11,0.00000000000000000e+00
834,1.36212304825395278e-06,9.08418981249219103e-07,4.73583071993208550e-05,2.93559235303084905e-11,0.00000000000000000e+00
835,1.35897157182270948e-06,9.06354764366685363e-07,4.72489502426584842e-05,2.78372276473714446e-11,0.00000000000000000e+00
836,1.35579762585113276e-06,9.04288612873390972e-07,4.71398934391673588e-05,3.87522548775586689e-11,0.00000000000000000e+00
837,1.35268181594768183e-06,9.02247867092244020e-07,4.70311140082089039e-05,2.69861715724758321e-11,0.00000000000000000e+00
838,1.34953037794359632e-06,9.00197828597782739e-07,4.69226336544805597e-05,1.68052018473097330e-11,0.00000000000000000e+00
839,1.34639332422303824e-06,8.98156173515834043e-07,4.68144434663569957e-05,6.22554980736570383e-12,0.00000000000000000e+00
840,1.34328789991570059e-06,8.96132650776938902e-07,4.67065349204048898e-05,2.71009490005987016e-11,0.00000000000000000e+00
841,1.34018408000086541e-06,8.94111474901288429e-07,4.65989133061133984e-05,3.94798848113050002e-11,0.00000000000000000e+00
842,1.33708128188631288e-06,8.92095252275351071e-07,4.64915790356990334e-05,3.32089034609694291e-11,0.00000000000000000e+00
843,1.33398618443171673e-06,8.90084596599675487e-07,4.63845308124518428e-05,4.71419722714211904e-11,0.00000000000000000e+00
844,1.33090480828356875e-06,8.88086252545591831e-07,4.62777651546731258e-05,2.05184177424002265e-11,0.00000000000000000e+00
845,1.32782087750851119e-06,8.86089083203912565e-07,4.61712866585591697e-05,5.48044757441126918e-11,0.00000000000000000e+00
846,1.32477270560548264e-06,8.84106786970184108e-07,4.60650834656627263e-05,3.23813907114604844e-11,0.00000000000000000e+00
847,1.32170177876937726e-06,8.82123989095066509e-07,4.59591687206715806e-05,9.38027193986557164e-12,0.00000000000000000e+00
848,1.31865192398041306e-06,8.80149404032849432e-07,4.58535334615056719e-05,2.05559508279684822e-11,0.00000000000000000e+00
849,1.31562093904482455e-06,8.78187631997803793e-07,4.57481746766788929e-05,1.92223324628460502e-11,0.00000000000000000e+00
850,1.31257791057546810e-06,8.76224479292431920e-07,4.56431000489555737e-05,3.68522336502730044e-11,0.00000000000000000e+00
851,1.30957882064659209e-06,8.74281711031900085e-07,4.55382935989168087e-05,2.80389412572992408e-11,0.00000000000000000e+00
852,1.30655336869395985e-06,8.72331855617856678e-07,4.54337715410821049e-05,9.31045312402724889e-12,0.00000000000000000e+00
853,1.30354505755044157e-06,8.70391963220230711e-07,4.53295251248268273e-05,4.25845094895598033e-11,0.00000000000000000e+00
854,1.30055721652252733e-06,8.68466776103326371e-07,4.52255499750856365e-05,1.80434692575310376e-11,0.00000000000000000e+00
855,1.29755703161995523e-06,8.66538984481408154e-07,4.51218550364517064e-05,1.55741235490396351e-11,0.00000000000000000e+00
856,1.29458411814209322e-06,8.64621920180811305e-07,4.50184300324274006e-05,3.39407402262795042e-11,0.00000000000000000e+00
857,1.29161750331850484e-06,8.62713689459847744e-07,4.49152767195477474e-05,2.96396645546840483e-11,0.00000000000000000e+00
858,1.28865042512339099e-06,8.60807906778855124e-07,4.48123974604605711e-05,2.35478646371710447e-11,0.00000000000000000e+00
859,1.28569340048550787e-06,8.58910829671428455e-07,4.47097892963502043e-05,9.05380730199929335e-12,0.00000000000000000e+00
860,1.28274099318726603e-06,8.57016597669095013e-07,4.46074533460670276e-05,6.05901258402295551e-12,0.00000000000000000e+00
861,1.27980996704336540e-06,8.55136532705872722e-07,4.45053833359057308e-05,4.61465225287577702e-11,0.00000000000000000e+00
862,1.27689661242066938e-06,8.53264126701102237e-07,4.44035773175703244e-05,4.76547457957347444e-11,0.00000000000000000e+00
863,1.27396302944805442e-06,8.51389698981714593e-07,4.43020448723317723e-05,2.09572879124658698e-11,0.00000000000000000e+00
864,1.27104076485513148e-06,8.49522065883238708e-07,4.42007808972681037e-05,3.41297590385139356e-11,0.00000000000000000e+00
865,1.26814415413933126e-06,8.47667140422413711e-07,4.40997787464794645e-05,6.54994414012382965e-12,0.00000000000000000e+00
866,1.26523512947046436e-06,8.45812398140866971e-07,4.39990472446198544e-05,4.62202006531408234e-12,0.00000000000000000e+00
867,1.26235547149238271e-06,8.43970349857455583e-07,4.38985752659306068e-05,1.30735852997909236e-11,0.00000000000000000e+00
868,1.25947967400229814e-06,8.42133843851266843e-07,4.37983663751389434e-05,5.37218113065977267e-11,0.00000000000000000e+00
869,1.25661471951933082e-06,8.40304024564431111e-07,4.36984180323199761e-05,1.17630363381148588e-11,0.00000000000000000e+00
870,1.25372866117966993e-06,8.38470505309979273e-07,4.35987400454495883e-05,3.57581553912557794e-11,0.00000000000000000e+00
871,1.25088868303479112e-06,8.36656293295688219e-07,4.34993145525785149e-05,2.79844888226791046e-11,0.00000000000000000e+00
872,1.24803086997466007e-06,8.34841438292178197e-07,4.34001544471645755e-05,9.95793227790060076e-12,0.00000000000000000e+00
873,1.24518367721354392e-06,8.33030020700438499e-07,4.33012553331293051e-05,2.43274393236313029e-11,0.00000000000000000e+00
874,1.24236656546867064e-06,8.31235439306257781e-07,4.32026082123866952e-05,2.67167968797179692e-11,0.00000000000000000e+00
875,1.23952101674642360e-06,8.29433974409294843e-07,4.31042283774136795e-05,3.44005458856798950e-11,0.00000000000000000e+00
876,1.23673083316814503e-06,8.27656019519019279e-07,4.30060933696747454e-05,5.20385903113555412e-11,0.00000000000000000e+00
877,1.23391603979824894e-06,8.25870995276762860e-07,4.29082202635012281e-05,4.16999048512877494e-11,0.00000000000000000e+00
878,1.23110667651533678e-06,8.24091230725721767e-07,4.28106047352308229e-05,2.97522142371744654e-11,0.00000000000000000e+00
879,1.22829461810552455e-06,8.22313194196612707e-07,4.27132493020864303e-05,3.58802393418877111e-11,0.00000000000000000e+00
880,1.22554186100122320e-06,8.20562219254684688e-07,4.26161336637902478e-05,1.66576425101967490e-11,0.00000000000000000e+00
881,1.22274314141760764e-06,8.18798746494293809e-07,4.25192826102798545e-05,4.90317505379805052e-11,0.00000000000000000e+00
882,1.21998978556458057e-06,8.17049549146470875e-07,4.24226758450691670e-05,2.23922174990086501e-11,0.00000000000000000e+00
883,1.21720922895614433e-06,8.15298136874093707e-07,4.23263286482089017e-05,6.38891704797059326e-12,0.00000000000000000e+00
884,1.21445431245284462e-06,8.13557345022444882e-07,4.22302300457774515e-05,1.13905869768652528e-11,0.00000000000000000e+00
885,1.21171662799437395e-06,8.11824634079576099e-07,4.21343784538686329e-05,3.53839879963936216e-11,0.00000000000000000e+00
886,1.20897643967330667e-06,8.10099508668178972e-07,4.20387768827811147e-05,3.69435107756234926e-11,0.00000000000000000e+00
887,1.20624361893092185e-06,8.08373875975028684e-07,4.19434246253410278e-05,3.84086360176772252e-11,0.00000000000000000e+00
888,1.20351690141298447e-06,8.06656539524305814e-07,4.18483205624161942e-05,2.91268940705514857e-11,0.00000000000000000e+00
889,1.20079718201813386e-06,8.04943668875607840e-07,4.17534641983478697e-05,4.13977908072250914e-11,0.00000000000000000e+00
890,1.19809174741643828e-06,8.03240235046313581e-07,4.16588522244592898e-05,3.38648994904200733e-11,0.00000000000000000e+00
891,1.19536597364931613e-06,8.01531416469566908e-07,4.15644947497911951e-05,2.80703770359689837e-11,0.00000000000000000e+00
892,1.19270113434650245e-06,7.99850937829079836e-07,4.14703679328518301e-05,5.83968408004581339e-12,0.00000000000000000e+00
893,1.19000315393331378e-06,7.98153838589966477e-07,4.13764939630810487e-05,1.79837134618892530e-11,0.00000000000000000e+00
894,1.18732145292666754e-06,7.96474822643537152e-07,4.12828613064310931e-05,2.72859931611794937e-11,0.00000000000000000e+00
895,1.18465503515738477e-06,7.94796922238053053e-07,4.11894697721709534e-05,3.91708943240741302e-11,0.00000000000000000e+00
896,1.18198876965637355e-06,7.93125976841360020e-07,4.10963207485399523e-05,3.62398294473318958e-11,0.00000000000000000e+00
897,1.17932652990123297e-06,7.91458178828112749e-07,4.10034142995987174e-05,1.45032406959832189e-11,0.00000000000000000e+00
898,1.17667137651563621e-06,7.89794417530816611e-07,4.09107493578219080e-05,5.48311937232509941e-11,0.00000000000000000e+00
899,1.17404148483091648e-06,7.88145890935709296e-07,4.08183186514107197e-05,2.64075327936555440e-11,0.00000000000000000e+00
900,1.17139084345297845e-06,7.86489649938551410e-07,4.07261340152231159e-05,1.86237670683240194e-11,0.00000000000000000e+00
901,1.16876540602202668e-06,7.84846295219290051e-07,4.06341843452876896e-05,4.40907051089276469e-11,0.00000000000000000e+00
902,1.16614844883082829e-06,7.83211916842715937e-07,4.05424703977159024e-05,3.24754076485749139e-11,0.00000000000000000e+00
903,1.16352756184656230e-06,7.81572028558895977e-07,4.04509970863508971e-05,3.08537768526979687e-11,0.00000000000000000e+00
904,1.16092188953385741e-06,7.79946504399558957e-07,4.03597579764338607e-05,2.56599092078413178e-11,0.00000000000000000e+00
905,1.15832228774316812e-06,7.78323114993280508e-07,4.02687544916937326e-05,2.41612447772363628e-11,0.00000000000000000e+00
906,1.15571242521803419e-06,7.76700969768305716e-07,4.01779913164850000e-05,4.58369979049006403e-11,0.00000000000000000e+00
907,1.15315583628708458e-06,7.75101653223043005e-07,4.00874491358342547e-05,1.43788630154687954e-11,0.00000000000000000e+00
908,1.15055633489665980e-06,7.73482171594063807e-07,3.99971524931885716e-05,1.87606342354169716e-11,0.00000000000000000e+00
909,1.14798971472277387e-06,7.71885724793722876e-07,3.99070829527326779e-05,2.22827731639854037e-11,0.00000000000000000e+00
910,1.14542533853172989e-06,7.70287109500162678e-07,3.98172461535458040e-05,3.84414346911745932e-11,0.00000000000000000e+00
911,1.14287187810518958e-06,7.68696193236932905e-07,3.97276391483155527e-05,3.49793773229855050e-11,0.00000000000000000e+00
912,1.14031580557901368e-06,7.67108079567801665e-07,3.96382648920344841e-05,1.56113564746860302e-11,0.00000000000000000e+00
913,1.13776191599544112e-06,7.65526774380821510e-07,3.95491227858504538e-05,2.73047510752119608e-11,0.00000000000000000e+00
914,1.13523613601557329e-06,7.63952676644799994e-07,3.94602050298115608e-05,3.48467457233603558e-11,0.00000000000000000e+00
915,1.13270321078564717e-06,7.62382195540632116e-07,3.93715179068203889e-05,1.11467448284743126e-11,0.00000000000000000e+00
916,1.13017185517292058e-06,7.60813518770135271e-07,3.92830612405668065e-05,2.80816483433714284e-11,0.00000000000000000e+00
917,1.12766542279305890e-06,7.59255694663126723e-07,3.91948271058151641e-05,2.73388625768051920e-11,0.00000000000000000e+00
918,1.12515225146458079e-06,7.57698120483386693e-07,3.91068218786770551e-05,3.28082434840925591e-11,0.00000000000000000e+00
919,1.12264546996871297e-06,7.56149901619276709e-07,3.90190427378674852e-05,1.94260354632916568e-11,0.00000000000000000e+00
920,1.12014845111502980e-06,7.54601254242826919e-07,3.89314892536076832e-05,1.07134671940260733e-11,0.00000000000000000e+00
921,1.11765653982221796e-06,7.53060523046339359e-07,3.88441605313422978e-05,4.38129270706168207e-11,0.00000000000000000e+00
922,1.11518635654829924e-06,7.51529036950847956e-07,3.87570510841437325e-05,2.19900504248266207e-11,0.00000000000000000e+00
923,1.11269760909284102e-06,7.49992769419357165e-07,3.86701709624398437e-05,9.25996379800836621e-12,0.00000000000000000e+00
924,1.11022443896854226e-06,7.48466915588754136e-07,3.85835125944578803e-05,1.90620276335557843e-11,0.00000000000000000e+00
925,1.10777023516570583e-06,7.46948227648868453e-07,3.84970728412920200e-05,5.23246703335011424e-11,0.00000000000000000e+00
926,1.10532363239482069e-06,7.45433662912530956e-07,3.84108522900584814e-05,4.40956305417822073e-11,0.00000000000000000e+00
927,1.10285913994025566e-06,7.43920322837977222e-07,3.83248580368892620e-05,2.14625014486059784e-11,0.00000000000000000e+00
928,1.10041376244138657e-06,7.42409841292939669e-07,3.82390831979782081e-05,3.36996806607666334e-11,0.00000000000000000e+00
929,1.09798262654911302e-06,7.40911470128555640e-07,3.81535250685961381e-05,2.28529051203686673e-11,0.00000000000000000e+00
930,1.09554833690926185e-06,7.39412462964118165e-07,3.80681879459424078e-05,4.40028609828527337e-11,0.00000000000000000e+00
931,1.09310957580860335e-06,7.37912223312867857e-07,3.79830739710339613e-05,1.21671106428519198e-11,0.00000000000000000e+00
932,1.09071943117503540e-06,7.36437634757518389e-07,3.78981652340009019e-05,9.90113691180522098e-12,0.00000000000000000e+00
933,1.08830216632676609e-06,7.34949631966545046e-07,3.78134798450904659e-05,1.79578705539653476e-11,0.00000000000000000e+00
934,1.08589667595712771e-06,7.33471500504902686e-07,3.77290097040063879e-05,2.78803853574818352e-11,0.00000000000000000e+00
935,1.08350211627602255e-06,7.31997811833987413e-07,3.76447541424370231e-05,3.05459505116203809e-11,0.00000000000000000e+00
936,1.08110629971465651e-06,7.30529187739298542e-07,3.75607148785709648e-05,3.19844611763051778e-11,0.00000000000000000e+00
937,1.07872430706190383e-06,7.29063364411513612e-07,3.74768888492911718e-05,3.11766950628109850e-11,0.00000000000000000e+00
938,1.07634292194592100e-06,7.27602634591648652e-07,3.73932775515477571e-05,8.84229106103668285e-12,0.00000000000000000e+00
939,1.07396555283579789e-06,7.26145161844388031e-07,3.73098807519873789e-05,2.84757888690171330e-11,0.00000000000000000e+00
940,1.07160793014457223e-06,7.24698250701174114e-07,3.72266927084583286e-05,1.56602035439090203e-11,0.00000000000000000e+00
941,1.06924187473097814e-06,7.23248966921191611e-07,3.71437198706391864e-05,4.61146953318997574e-11,0.00000000000000000e+00
942,1.06690247156748229e-06,7.21810509330950195e-07,3.70609528057311787e-05,2.71566422864430795e-12,0.00000000000000000e+00
943,1.06453679183128352e-06,7.20365382550096139e-07,3.69784047287631624e-05,1.12754543783372595e-11,0.00000000000000000e+00
944,1.06220028332129679e-06,7.18937873426587780e-07,3.68960617284512898e-05,2.61264815348195015e-11,0.00000000000000000e+00
945,1.05987568585188645e-06,7.17510134927063512e-07,3.68139261036163964e-05,3.35265189589787885e-11,0.00000000000000000e+00
946,1.05754579385688884e-06,7.16085049364406797e-07,3.67320009941825873e-05,3.70224716700832817e-11,0.00000000000000000e+00
947,1.05522238589768940e-06,7.14664711350439458e-07,3.66502841615869100e-05,1.66374864521797647e-11,0.00000000000000000e+00
948,1.05289990503381873e-06,7.13246083575468245e-07,3.65687769495235432e-05,3.76920785347963434e-11,0.00000000000000000e+00
949,1.05059712112619349e-06,7.11840252598297078e-07,3.64874731162801531e-05,4.57261548475453110e-11,0.00000000000000000e+00
950,1.04829613405227097e-06,7.10431625266994799e-07,3.64063762078343925e-05,4.14707260955544041e-11,0.00000000000000000e+00
951,1.04599248382606122e-06,7.09028103125867287e-07,3.63254871414544421e-05,2.13667060694888240e-11,0.00000000000000000e+00
952,1.04369683526004898e-06,7.07627622203530629e-07,3.62448041297115694e-05,4.53678570483945778e-12,0.00000000000000000e+00
953,1.04140877493439080e-06,7.06233521193667895e-07,3.61643259902499933e-05,3.44896873060093758e-11,0.00000000000000000e+00
954,1.03914785190485774e-06,7.04848911890962493e-07,3.60840453731248761e-05,2.88350760872060800e-11,0.00000000000000000e+00
955,1.03686376267832539e-06,7.03461167937255587e-07,3.60039740694126679e-05,4.33750338991536737e-11,0.00000000000000000e+00
956,1.03460116800645779e-06,7.02080801016431107e-07,3.59241026922716618e-05,1.68314702203297444e-11,0.00000000000000000e+00
957,1.03232859217633427e-06,7.00700271959906068e-07,3.58444379980345202e-05,3.39713808910987150e-11,0.00000000000000000e+00
958,1.03008571438988116e-06,6.99330554733127345e-07,3.57649693894316128e-05,4.29030364345432983e-11,0.00000000000000000e+00
959,1.02783689716228520e-06,6.97961420915207718e-07,3.56857035253065687e-05,1.03211999507747961e-11,0.00000000000000000e+00
960,1.02557323870879048e-06,6.96591095065082115e-07,3.56066449638622358e-05,1.80416427801756293e-11,0.00000000000000000e+00
961,1.02335598506506623e-06,6.95237880493054500e-07,3.55277766982136121e-05,1.62653328429273551e-11,0.00000000000000000e+00
962,1.02111980677915820e-06,6.93879434767428237e-07,3.54491123100590043e-05,2.09516818848387141e-11,0.00000000000000000e+00
963,1.01889641908527497e-06,6.92527300170433055e-07,3.53706453641539783e-05,3.59627292089663758e-11,0.00000000000000000e+00
964,1.01667932813853639e-06,6.91180143660985881e-07,3.52923758764955918e-05,3.09515247137935195e-11,0.00000000000000000e+00
965,1.01446067631925292e-06,6.89835007639150609e-07,3.52143061400828601e-05,5.51890480369664611e-11,0.00000000000000000e+00
966,1.01226091053163314e-06,6.88496819167347829e-07,3.51364300355532525e-05,2.55293234232320510e-11,0.00000000000000000e+00
967,1.01004454779251705e-06,6.87155886455129569e-07,3.50587565120084689e-05,1.10420369281853614e-11,0.00000000000000000e+00
968,1.00784884628810879e-06,6.85824465701286721e-07,3.49812769094034570e-05,2.81284502243895475e-11,0.00000000000000000e+00
969,1.00567055451523773e-06,6.84498783730218211e-07,3.49039887789036923e-05,1.29809957911822786e-11,0.00000000000000000e+00
970,1.00347394806369915e-06,6.83172864374501015e-07,3.48269008027838277e-05,9.81725481091865963e-12,0.00000000000000000e+00
971,1.00129885021915951e-06,6.81853235763780372e-07,3.47500045661753706e-05,3.84679095078534554e-11,0.00000000000000000e+00
972,9.99134900559925691e-07,6.80540112191690558e-07,3.46732991853445879e-05,1.41601721956794308e-11,0.00000000000000000e+00
973,9.96953841598524598e-07,6.79222930902745220e-07,3.45967932690963988e-05,8.83468009482393886e-12,0.00000000000000000e+00
974,9.94794508945656352e-07,6.77915969806372627e-07,3.45204770173678614e-05,2.92821960562757813e-11,0.00000000000000000e+00
975,9.92646971029073620e-07,6.76614700040946073e-07,3.44443502605323336e-05,4.48053645585125991e-11,0.00000000000000000e+00
976,9.90497644032660755e-07,6.75312816213778120e-07,3.43684160727830796e-05,1.73076483928239585e-11,0.00000000000000000e+00
977,9.88329103944564700e-07,6.74007544611248273e-07,3.42926812182157577e-05,1.99983927468883662e-11,0.00000000000000000e+00
978,9.86212244464781724e-07,6.72724648645158398e-07,3.42171254883393662e-05,1.41293036451878179e-11,0.00000000000000000e+00
979,9.84074281342268876e-07,6.71430586436309033e-07,3.41417650207610180e-05,1.40122132945205989e-11,0.00000000000000000e+00
980,9.81942555103769762e-07,6.70146804581350584e-07,3.40665939558879339e-05,9.12993313467176997e-12,0.00000000000000000e+00
981,9.79821099215155591e-07,6.68863778261027564e-07,3.39916113774914596e-05,1.86106169061984149e-11,0.00000000000000000e+00
982,9.77707534928880033e-07,6.67587437444368656e-07,3.39168159258354459e-05,2.38168550648143301e-11,0.00000000000000000e+00
983,9.75597301840422150e-07,6.66312201072573550e-07,3.38422086244130998e-05,2.90729244417158761e-11,0.00000000000000000e+00
984,9.73489571134207761e-07,6.65042129386805773e-07,3.37677890088497278e-05,1.37998275542171275e-11,0.00000000000000000e+00
985,9.71383711000203945e-07,6.63773956595055757e-07,3.36935579912329487e-05,1.74419278134951461e-11,0.00000000000000000e+00
986,9.69290995943155969e-07,6.62512038941932668e-07,3.36195116529864970e-05,2.89814986774069079e-11,0.00000000000000000e+00
987,9.67207912048388596e-07,6.61252762713738108e-07,3.35456494547304443e-05,1.84274037692278490e-11,0.00000000000000000e+00
988,9.65115339460978764e-07,6.59995981468543858e-07,3.34719759255497698e-05,2.22619997322213797e-11,0.00000000000000000e+00
989,9.63028189783121357e-07,6.58739689695715400e-07,3.33984893596944778e-05,7.66286164737377109e-12,0.00000000000000000e+00
990,9.60971308435066074e-07,6.57498682356189360e-07,3.33251796185090484e-05,1.83188573910172102e-11,0.00000000000000000e+00
991,9.58905727288767044e-07,6.56254173266699189e-07,3.32520556680952482e-05,1.64031618347499278e-11,0.00000000000000000e+00
992,9.56835902460262981e-07,6.55012673277181892e-07,3.31791173910767401e-05,5.47737508008449527e-12,0.00000000000000000e+00
993,9.54774056613448645e-07,6.53772302756068911e-07,3.31063619790881132e-05,1.32573498840860949e-11,0.00000000000000000e+00
994,9.52723002419110004e-07,6.52538236525997824e-07,3.30337886922609146e-05,2.30001158588046126e-11,0.00000000000000000e+00
995,9.50690471900810235e-07,6.51312257821318200e-07,3.29613916200649883e-05,2.77915786552269642e-11,0.00000000000000000e+00
996,9.48644431220212932e-07,6.50082784361292741e-07,3.28891797873208372e-05,1.94274663590963248e-11,0.00000000000000000e+00
997,9.46601062452374576e-07,6.48860431260469172e-07,3.28171499680326154e-05,2.72923465525458577e-11,0.00000000000000000e+00
998,9.44578176256363898e-07,6.47640617141857911e-07,3.27452972186320428e-05,2.88864512888622747e-11,0.00000000000000000e+00
999,9.42549982284724851e-07,6.46424130224657530e-07,3.26736257673405708e-05,2.37155545845294245e-11,0.00000000000000000e+00
1000,9.40527469321294998e-07,6.45210304537136503e-07,3.26021338487823153e-05,1.77800315999326020e-11,0.00000000000000000e+00
1001,9.38511232992275460e-07,6.44000967880477841e-07,3.25308208777380051e-05,7.92248286230574667e-12,0.00000000000000000e+00
1002,9.36501546499500780e-07,6.42793177079031811e-07,3.24596861757162720e-05,3.95161777876578450e-11,0.00000000000000000e+00
1003,9.34509876874039794e-07,6.41595407482675785e-07,3.23887244135558162e-05,3.71968558360915953e-11,0.00000000000000000e+00
1004,9.32503312096799047e-07,6.40393105868999601e-07,3.23179442290760606e-05,1.71510451018603834e-11,0.00000000000000000e+00
1005,9.30500012783850184e-07,6.39195670752063000e-07,3.22473425774314677e-05,3.28900254532641411e-11,0.00000000000000000e+00
1006,9.28522310421319926e-07,6.38006082358049941e-07,3.21769122668842385e-05,6.07596763470036911e-12,0.00000000000000000e+00
1007,9.26527341351485442e-07,6.36812354261114329e-07,3.21066632032557752e-05,2.15545536718452739e-11,0.00000000000000000e+00
1008,9.24559700885297805e-07,6.35630961306294287e-07,3.20365837807716852e-05,2.17035077888534462e-11,0.00000000000000000e+00
1009,9.22582948607245801e-07,6.34447472622733919e-07,3.19666818079940472e-05,2.04629710512092482e-11,0.00000000000000000e+00
1010,9.20614462728286944e-07,6.33267715699303441e-07,3.18969536717852536e-05,1.99030207620339926e-11,0.00000000000000000e+00
1011,9.18650536803554663e-07,6.32092264412498638e-07,3.18273993805388386e-05,1.32795565896695070e-11,0.00000000000000000e+00
1012,9.16691273530505467e-07,6.30918601757165076e-07,3.17580188318735977e-05,1.55537179104221894e-11,0.00000000000000000e+00
1013,9.14738528559204592e-07,6.29751558148062866e-07,3.16888104287333576e-05,3.82806127489742080e-12,0.00000000000000000e+00
1014,9.12791196138992079e-07,6.28582773350216130e-07,3.16197747762702434e-05,5.36787762868117848e-12,0.00000000000000000e+00
1015,9.10843606986498113e-07,6.27422672057741595e-07,3.15509116426534244e-05,5.61035455802924997e-12,0.00000000000000000e+00
1016,9.08909715428547296e-07,6.26262872165978581e-07,3.14822185470636396e-05,3.62858025309736183e-11,0.00000000000000000e+00
1017,9.06987766599481368e-07,6.25110280431932143e-07,3.14136928818748668e-05,1.02990470772059980e-11,0.00000000000000000e+00
1018,9.05043223301722984e-07,6.23951039769407178e-07,3.13453449769036097e-05,7.13186516052256418e-12,0.00000000000000000e+00
1019,9.03125944922217992e-07,6.22803631215987612e-07,3.12771625835975034e-05,2.84693608101076485e-11,0.00000000000000000e+00
1020,9.01210281198723639e-07,6.21660430478533852e-07,3.12091491330257110e-05,1.47146592070600784e-11,0.00000000000000000e+00
1021,8.99291510456626594e-07,6.20513587714644428e-07,3.11413075190366487e-05,2.00466255800793761e-11,0.00000000000000000e+00
1022,8.97387461205119105e-07,6.19374919598400213e-07,3.10736321347077096e-05,2.73336948568607228e-11,0.00000000000000000e+00
1023,8.95484483324759505e-07,6.18238298079961263e-07,3.10061251343971147e-05,1.08378088266557805e-11,0.00000000000000000e+00
1024,8.93579166613866830e-07,6.17101669673678661e-07,3.09387883020581186e-05,8.00515115938131294e-12,0.00000000000000000e+00
1025,8.91688376466592279e-07,6.15971988937377099e-07,3.08716166731450671e-05,2.18223149693688046e-11,0.00000000000000000e+00
1026,8.89805500842701730e-07,6.14846689859845575e-07,3.08046100769770334e-05,3.31762960656476154e-11,0.00000000000000000e+00
1027,8.87920251608894806e-07,6.13721898177949309e-07,3.07377706934816494e-05,5.66575205898071459e-12,0.00000000000000000e+00
1028,8.86029566892267009e-07,6.12596480656610950e-07,3.06711013636826367e-05,1.86599950560799185e-11,0.00000000000000000e+00
1029,8.84167735107234581e-07,6.11481756957098087e-07,3.06045913651198915e-05,4.00381953418235379e-11,0.00000000000000000e+00
1030,8.82299658094096079e-07,6.10369222655871232e-07,3.05382470575825266e-05,6.80670607864380203e-12,0.00000000000000000e+00
1031,8.80416191055202241e-07,6.09249237855434791e-07,3.04720742465659865e-05,2.41065131159323692e-11,0.00000000000000000e+00
1032,8.78561847579849775e-07,6.08141326399008353e-07,3.04060610199755002e-05,1.77805792458325499e-11,0.00000000000000000e+00
1033,8.76720951781901924e-07,6.07043005794161055e-07,3.03402065586283806e-05,3.13191662629978411e-11,0.00000000000000000e+00
1034,8.74870645657630671e-07,6.05936352767936627e-07,3.02745176573125014e-05,3.68892915850507844e-11,0.00000000000000000e+00
1035,8.73018368443990928e-07,6.04837189826070075e-07,3.02089935548724720e-05,1.41576715301556668e-11,0.00000000000000000e+00
1036,8.71170204870026011e-07,6.03736701948628913e-07,3.01436331499234501e-05,1.63636469006845831e-11,0.00000000000000000e+00
1037,8.69339704630634041e-07,6.02644060972700673e-07,3.00784315843162915e-05,1.21710012645533701e-11,0.00000000000000000e+00
1038,8.67506950576230232e-07,6.01552122682004941e-07,3.00133925566745806e-05,1.52771096988634376e-11,0.00000000000000000e+00
1039,8.65680754546873576e-07,6.00465128118143241e-07,2.99485135745121364e-05,2.26432802062153468e-11,0.00000000000000000e+00
1040,8.63858787467747159e-07,5.99381012799446189e-07,2.98837955795279889e-05,3.53030206347623669e-12,0.00000000000000000e+00
1041,8.62035285788667035e-07,5.98294791128969668e-07,2.98192396254074414e-05,6.01707127866106732e-12,0.00000000000000000e+00
1042,8.60228664409597755e-07,5.97217839783433895e-07,2.97548399039674409e-05,1.69163185394250944e-11,0.00000000000000000e+00
1043,8.58409502239770743e-07,5.96139810982947525e-07,2.96906042225560274e-05,1.57839674948561148e-11,0.00000000000000000e+00
1044,8.56623304867098123e-07,5.95070903934492528e-07,2.96265193672788192e-05,1.37035406949689425e-11,0.00000000000000000e+00
1045,8.54815345489557014e-07,5.93998617950559654e-07,2.95625984323999265e-05,1.84596918712478869e-11,0.00000000000000000e+00
1046,8.53022544812603031e-07,5.92930443598314185e-07,2.94988336296389189e-05,1.51568349345349402e-11,0.00000000000000000e+00
1047,8.51230783244398507e-07,5.91864745156867551e-07,2.94352271177873542e-05,2.69323990742180434e-11,0.00000000000000000e+00
1048,8.49448457331316501e-07,5.90804089038111751e-07,2.93717760595194974e-05,4.00772217142664302e-12,0.00000000000000000e+00
1049,8.47657509139514557e-07,5.89740898571540312e-07,2.93084857760659228e-05,1.37801681366921034e-11,0.00000000000000000e+00
1050,8.45890148957872681e-07,5.88688360390607966e-07,2.92453468377563290e-05,1.21144498399418754e-11,0.00000000000000000e+00
1051,8.44116588897412695e-07,5.87633305462043555e-07,2.91823657690056049e-05,5.64348337807273730e-12,0.00000000000000000e+00
1052,8.42346761519744471e-07,5.86582588644020504e-07,2.91195401927508622e-05,2.11484709127977430e-11,0.00000000000000000e+00
1053,8.40585506452575304e-07,5.85536820169515532e-07,2.90568682897241624e-05,2.52465201719495472e-11,0.00000000000000000e+00
1054,8.38827854318256906e-07,5.84491032805187137e-07,2.89943512409136605e-05,1.29764230589332920e-11,0.00000000000000000e+00
1055,8.37069138794611733e-07,5.83446243753805672e-07,2.89319900687171804e-05,9.85817606524787022e-12,0.00000000000000000e+00
1056,8.35320246461628334e-07,5.82407206518046212e-07,2.88697814348483047e-05,1.00919802514085368e-11,0.00000000000000000e+00
1057,8.33578555327354282e-07,5.81370080895075117e-07,2.88077251751733833e-05,1.42974932573002556e-11,0.00000000000000000e+00
1058,8.31833419877081037e-07,5.80338022986828686e-07,2.87458229477211042e-05,1.62305885404250490e-11,0.00000000000000000e+00
1059,8.30101033750402837e-07,5.79305151638369296e-07,2.86840719397031690e-05,1.37649491048671922e-11,0.00000000000000000e+00
1060,8.28364922087898940e-07,5.78277487574725411e-07,2.86224743091240385e-05,5.80672473752876758e-12,0.00000000000000000e+00
1061,8.26634022591697211e-07,5.77248792713485097e-07,2.85610292247735341e-05,4.64368360404407543e-12,0.00000000000000000e+00
1062,8.24914811178513227e-07,5.76228091693988099e-07,2.84997331182746167e-05,1.85178153292610554e-11,0.00000000000000000e+00
1063,8.23202018263234045e-07,5.75208012651570422e-07,2.84385865115806604e-05,6.44850025500794003e-12,0.00000000000000000e+00
1064,8.21474435793160068e-07,5.74184219732348473e-07,2.83775953755639603e-05,1.05832864948201912e-11,0.00000000000000000e+00
1065,8.19773466323103644e-07,5.73175206349415836e-07,2.83167490835674373e-05,1.24635265745606079e-11,0.00000000000000000e+00
1066,8.18068094709786333e-07,5.72158517752306900e-07,2.82560538878202604e-05,1.62707224355272354e-11,0.00000000000000000e+00
1067,8.16361373719340179e-07,5.71152163540353803e-07,2.81955087583433697e-05,3.64920293598593870e-12,0.00000000000000000e+00
1068,8.14663809994775310e-07,5.70139317265983969e-07,2.81351128655557660e-05,7.25357028196214043e-12,0.00000000000000000e+00
1069,8.12970159025106216e-07,5.69140142638518541e-07,2.80748644118391853e-05,1.44701383004026530e-11,0.00000000000000000e+00
1070,8.11287430636557967e-07,5.68135565523682735e-07,2.80147625762258457e-05,2.99656956508836577e-11,0.00000000000000000e+00
1071,8.09603258377223698e-07,5.67136200233472735e-07,2.79548085152844236e-05,1.81769463059860285e-11,0.00000000000000000e+00
1072,8.07914630234658037e-07,5.66137550507726708e-07,2.78950044938560960e-05,1.85815895246371112e-11,0.00000000000000000e+00
1073,8.06241184156569281e-07,5.65144423928030679e-07,2.78353453865150327e-05,1.88542026740822190e-11,0.00000000000000000e+00
1074,8.04570097904837591e-07,5.64152270456099086e-07,2.77758327347236868e-05,6.17426372872187788e-12,0.00000000000000000e+00
1075,8.02897710978315564e-07,5.63161563051542352e-07,2.77164678207678559e-05,9.38062459897542483e-12,0.00000000000000000e+00
1076,8.01237776201507734e-07,5.62176858201953413e-07,2.76572464989856448e-05,6.03553022765692994e-12,0.00000000000000000e+00
1077,7.99577498282880252e-07,5.61191975685344974e-07,2.75981713257663068e-05,1.55827535868595664e-11,0.00000000000000000e+00
1078,7.97925549622199221e-07,5.60212425969666080e-07,2.75392394982595779e-05,4.25883318147861442e-12,0.00000000000000000e+00
1079,7.96266847084652810e-07,5.59230605443280965e-07,2.74804553785921187e-05,1.51630471369295855e-11,0.00000000000000000e+00
1080,7.94627906076943828e-07,5.58257790827181355e-07,2.74218113347430830e-05,5.73091718984881486e-12,0.00000000000000000e+00
1081,7.92977375773696045e-07,5.57279775854602407e-07,2.73633149963569083e-05,1.84558489040416284e-11,0.00000000000000000e+00
1082,7.91348224282322399e-07,5.56313129745239020e-07,2.73049572916784917e-05,1.68759757461009801e-11,0.00000000000000000e+00
1083,7.89709200238149512e-07,5.55341947311197698e-07,2.72467453881783854e-05,1.75378226094046833e-11,0.00000000000000000e+00
1084,7.88076203131056952e-07,5.54375305362715212e-07,2.71886761504398586e-05,3.36479208200524703e-11,0.00000000000000000e+00
1085,7.86456582935173030e-07,5.53413352368812346e-07,2.71307465478138594e-05,7.05691496102881657e-12,0.00000000000000000e+00
1086,7.84822092870238554e-07,5.52447458252933240e-07,2.70729640169266775e-05,7.62101797854426921e-12,0.00000000000000000e+00
1087,7.83208502911388607e-07,5.51490625672482659e-07,2.70153193005667994e-05,1.20989096979271997e-11,0.00000000000000000e+00
1088,7.81596808399126503e-07,5.50534992154620832e-07,2.69578154731289948e-05,1.06841220486046855e-11,0.00000000000000000e+00
1089,7.79985107650613230e-07,5.49580074669214188e-07,2.69004531861103256e-05,1.20790710854886691e-11,0.00000000000000000e+00
1090,7.78379631525678650e-07,5.48628671183799962e-07,2.68432306290513556e-05,4.21403355647328969e-12,0.00000000000000000e+00
1091,7.76775822589945514e-07,5.47677602016778797e-07,2.67861488674027095e-05,5.42540182239710831e-12,0.00000000000000000e+00
1092,7.75178411568492452e-07,5.46732100947901410e-07,2.67292058164660102e-05,1.93685245173755666e-11,0.00000000000000000e+00
1093,7.73584718597618416e-07,5.45789671808740007e-07,2.66724015202564945e-05,1.23922557581482399e-11,0.00000000000000000e+00
1094,7.71993917070097734e-07,5.44844998850720425e-07,2.66157371537921176e-05,5.91199667791692838e-12,0.00000000000000000e+00
1095,7.70406211366574308e-07,5.43905004604224005e-07,2.65592112986084804e-05,1.20425070369211784e-11,0.00000000000000000e+00
1096,7.68827459659614021e-07,5.42969478239294917e-07,2.65028218640789980e-05,1.11503930550826701e-11,0.00000000000000000e+00
1097,7.67242872750630244e-07,5.42034411045411610e-07,2.64465725113420591e-05,1.94221499364412508e-11,0.00000000000000000e+00
1098,7.65676458393337828e-07,5.41101946597235268e-07,2.63904574848100984e-05,6.49621941479295599e-12,0.00000000000000000e+00
1099,7.64097516506244284e-07,5.40169114249394466e-07,2.63344830871136593e-05,9.24453165685904519e-12,0.00000000000000000e+00
1100,7.62537079431638080e-07,5.39241990150638585e-07,2.62786422720040525e-05,5.42118230292584511e-12,0.00000000000000000e+00
1101,7.60965787153962301e-07,5.38315794579818519e-07,2.62229410976852247e-05,1.67701988459307309e-11,0.00000000000000000e+00
1102,7.59417664276021571e-07,5.37396367351973832e-07,2.61673710661802328e-05,8.78441525905630164e-12,0.00000000000000000e+00
1103,7.57858602572406068e-07,5.36471799010264080e-07,2.61119397806911345e-05,9.16168732633242760e-12,0.00000000000000000e+00
1104,7.56305568999769337e-07,5.35553721467913546e-07,2.60566433097287626e-05,9.84115414588137473e-12,0.00000000000000000e+00
1105,7.54758756135513152e-07,5.34637912800380620e-07,2.60014813329379412e-05,6.15401368592116511e-12,0.00000000000000000e+00
1106,7.53213692036854885e-07,5.33723469446862265e-07,2.59464544744127900e-05,2.23691566958501614e-11,0.00000000000000000e+00
1107,7.51682237962907352e-07,5.32813397394759816e-07,2.58915588001576083e-05,1.78966995334281735e-11,0.00000000000000000e+00
1108,7.50141361345142983e-07,5.31901129501979476e-07,2.58367997879420081e-05,9.12004151786945801e-12,0.00000000000000000e+00
1109,7.48604355275584646e-07,5.30994086291166534e-07,2.57821749504331365e-05,1.35029043487004248e-11,0.00000000000000000e+00
1110,7.47082752590859605e-07,5.30089875405004278e-07,2.57276804609839796e-05,1.34690777979311831e-11,0.00000000000000000e+00
1111,7.45555568567894487e-07,5.29186826670710456e-07,2.56733203348793258e-05,7.77851706710071332e-12,0.00000000000000000e+00
1112,7.44032581492926818e-07,5.28285577388351872e-07,2.56190929901516166e-05,7.78453001511851471e-12,0.00000000000000000e+00
1113,7.42520450899222511e-07,5.27386854955410584e-07,2.55649960863327311e-05,1.30361699103113945e-11,0.00000000000000000e+00
1114,7.41004651946051643e-07,5.26492522387569284e-07,2.55110317031035351e-05,8.95558202428307882e-12,0.00000000000000000e+00
1115,7.39493622247678386e-07,5.25597668487339883e-07,2.54571991758527962e-05,7.07767154359723973e-12,0.00000000000000000e+00
1116,7.37989166464900119e-07,5.24705395305251208e-07,2.54034971434448129e-05,9.68567587361156606e-12,0.00000000000000000e+00
1117,7.36489400194961302e-07,5.23816519730024306e-07,2.53499251246684346e-05,1.17784478825850686e-11,0.00000000000000000e+00
1118,7.34991199981254742e-07,5.22928931192015617e-07,2.52964836239233959e-05,9.32548643329947592e-12,0.00000000000000000e+00
1119,7.33494247071712919e-07,5.22043592204598891e-07,2.52431728149078057e-05,4.58251662813891356e-12,0.00000000000000000e+00
1120,7.32002756901235944e-07,5.21160007711666350e-07,2.51899915954166465e-05,1.21095530159420899e-11,0.00000000000000000e+00
1121,7.30520899861578870e-07,5.20280304140457798e-07,2.51369378470829199e-05,9.23791166967245998e-12,0.00000000000000000e+00
1122,7.29033722150722908e-07,5.19401023729622174e-07,2.50840147449539887e-05,1.20077818569183510e-11,0.00000000000000000e+00
1123,7.27552893691917960e-07,5.18525254568510741e-07,2.50312198718177891e-05,9.11123589308206469e-12,0.00000000000000000e+00
1124,7.26077849718222774e-07,5.17649630612711726e-07,2.49785532611935866e-05,8.96162230406424213e-12,0.00000000000000000e+00
1125,7.24608081245537913e-07,5.16777248680894974e-07,2.49260138178515175e-05,1.33032856595648302e-11,0.00000000000000000e+00
1126,7.23136615499431648e-07,5.15907863529295162e-07,2.48736026231587281e-05,2.13690494848235107e-11,0.00000000000000000e+00
1127,7.21662946182164875e-07,5.15035996391009115e-07,2.48213219101136455e-05,1.13295216345107649e-11,0.00000000000000000e+00
1128,7.20214589213922921e-07,5.14177628555514952e-07,2.47691614873640926e-05,1.10277418690021674e-11,0.00000000000000000e+00
1129,7.18755296552439700e-07,5.13309592974199576e-07,2.47171308747520255e-05,2.02897083415624151e-11,0.00000000000000000e+00
1130,7.17299808997168203e-07,5.12449733185935958e-07,2.46652258726375579e-05,1.51212518958618294e-11,0.00000000000000000e+00
1131,7.15847645491005334e-07,5.11587434972336490e-07,2.46134477271030557e-05,2.13030221856390394e-11,0.00000000000000000e+00
1132,7.14387382677033924e-07,5.10727425084218896e-07,2.45617990288624137e-05,1.09594529959627021e-11,0.00000000000000000e+00
1133,7.12962090928412601e-07,5.09878847066161542e-07,2.45102674610885050e-05,1.08012405950150054e-11,0.00000000000000000e+00
1134,7.11518529190614566e-07,5.09021938409127479e-07,2.44588648560627238e-05,1.25351022150037358e-11,0.00000000000000000e+00
1135,7.10079025322162232e-07,5.08170215580162951e-07,2.44075869497321531e-05,8.01056077509003808e-12,0.00000000000000000e+00
1136,7.08642848059763977e-07,5.07321414756661162e-07,2.43564340420055420e-05,7.31551503531728026e-12,0.00000000000000000e+00
1137,7.07217157407675859e-07,5.06473656427032807e-07,2.43054035906852064e-05,4.24375467231921168e-12,0.00000000000000000e+00
1138,7.05787671258478077e-07,5.05627658049864231e-07,2.42544983028667515e-05,7.52504472499140701e-12,0.00000000000000000e+00
1139,7.04369025020449768e-07,5.04785867705372509e-07,2.42037144988341503e-05,7.41652604772925012e-12,0.00000000000000000e+00
1140,7.02949649501835551e-07,5.03943649310024647e-07,2.41530544319589950e-05,1.15141629447864551e-11,0.00000000000000000e+00
1141,7.01531998608228000e-07,5.03105392946692167e-07,2.41025173599568610e-05,8.03499021923272027e-12,0.00000000000000000e+00
1142,7.00121916753262655e-07,5.02266702897417919e-07,2.40521022512912788e-05,4.89260040241725985e-12,0.00000000000000000e+00
1143,6.98711018245053436e-07,5.01432562446821143e-07,2.40018096625283741e-05,6.77037459938464082e-12,0.00000000000000000e+00
1144,6.97307552958817846e-07,5.00599510700743097e-07,2.39516380306708294e-05,6.69308913839915665e-12,0.00000000000000000e+00
1145,6.95902835796278407e-07,4.99767718585796196e-07,2.39015888850898958e-05,7.98124047069596834e-12,0.00000000000000000e+00
1146,6.94510478101620002e-07,4.98937911179843821e-07,2.38516589929919630e-05,9.24563501672834425e-12,0.00000000000000000e+00
1147,6.93112239977601289e-07,4.98111680224428008e-07,2.38018511535299149e-05,4.63418133379642878e-12,0.00000000000000000e+00
1148,6.91716400182441123e-07,4.97286325104847046e-07,2.37521647214680285e-05,7.17099952397864093e-12,0.00000000000000000e+00
1149,6.90335547716878678e-07,4.96462938697534018e-07,2.37025959432748724e-05,4.55347922190399793e-12,0.00000000000000000e+00
1150,6.88947629047619518e-07,4.95640735488837989e-07,2.36531486456607237e-05,1.16508401983658435e-11,0.00000000000000000e+00
1151,6.87566193438146919e-07,4.94822739504273352e-07,2.36038202600439062e-05,9.12922537105767944e-12,0.00000000000000000e+00
1152,6.86187181240124388e-07,4.94004537197149668e-07,2.35546117370610705e-05,1.20749973480578068e-11,0.00000000000000000e+00
1153,6.84815991986442053e-07,4.93189027017439669e-07,2.35055209018348458e-05,7.35279637728121899e-12,0.00000000000000000e+00
1154,6.83441476729082966e-07,4.92374117985406751e-07,2.34565501312440671e-05,1.26806236013187034e-11,0.00000000000000000e+00
1155,6.82077641149890523e-07,4.91563657907542407e-07,2.34076958601891333e-05,5.14127368249535784e-12,0.00000000000000000e+00
1156,6.80707123749582870e-07,4.90752376169720481e-07,2.33589619025362764e-05,6.98967714820563778e-12,0.00000000000000000e+00
1157,6.79349589144723199e-07,4.89945585253100157e-07,2.33103437069855196e-05,6.53739973663755056e-12,0.00000000000000000e+00
1158,6.77991120538207578e-07,4.89139157640266868e-07,2.32618435707834674e-05,1.44410077654038034e-11,0.00000000000000000e+00
1159,6.76640099862725600e-07,4.88336246002768770e-07,2.32134591498767355e-05,7.40380183403876720e-12,0.00000000000000000e+00
1160,6.75283221103586975e-07,4.87532000125349680e-07,2.31651937927500689e-05,1.21482774186856422e-11,0.00000000000000000e+00
1161,6.73939266223003178e-07,4.86732996507613061e-07,2.31170428115675293e-05,7.74508754223714933e-12,0.00000000000000000e+00
1162,6.72593602134789312e-07,4.85932771556336167e-07,2.30690090988861907e-05,1.27702571974103234e-11,0.00000000000000000e+00
1163,6.71250829479065816e-07,4.85138428375460566e-07,2.30210908543560162e-05,1.14545323237321080e-11,0.00000000000000000e+00
1164,6.69914653480028221e-07,4.84342369975426756e-07,2.29732879556113227e-05,1.08493703517829281e-11,0.00000000000000000e+00
1165,6.68577203015327313e-07,4.83549691360747576e-07,2.29256009534449946e-05,9.52630616564698908e-12,0.00000000000000000e+00
1166,6.67248283872417322e-07,4.82757484813216634e-07,2.28780282080163164e-05,6.49984664920689020e-12,0.00000000000000000e+00
1167,6.65917593344177254e-07,4.81968349587498413e-07,2.28305708662940318e-05,4.71132530335380783e-12,0.00000000000000000e+00
1168,6.64590958706951146e-07,4.81181863365044843e-07,2.27832278717671728e-05,8.85100842527362893e-12,0.00000000000000000e+00
1169,6.63273542285627471e-07,4.80397111421265367e-07,2.27359974457850806e-05,3.46761246018645924e-12,0.00000000000000000e+00
1170,6.61953023853670750e-07,4.79611003624566973e-07,2.26888821323676781e-05,1.00885478786713962e-11,0.00000000000000000e+00
1171,6.60635849657316621e-07,4.78830727215220957e-07,2.26418800778388477e-05,7.26745777354900539e-12,0.00000000000000000e+00
1172,6.59325106505075261e-07,4.78049816027820364e-07,2.25949909653803456e-05,9.71542289257558616e-12,0.00000000000000000e+00
1173,6.58017386139480657e-07,4.77271764375943005e-07,2.25482143233130929e-05,7.85979707250246468e-12,0.00000000000000000e+00
1174,6.56711333336415467e-07,4.76494581890296685e-07,2.25015503952224643e-05,1.10169157777233858e-11,0.00000000000000000e+00
1175,6.55404135680676918e-07,4.75720820192188690e-07,2.24549996178492013e-05,6.69199921785026651e-12,0.00000000000000000e+00
1176,6.54106128438178940e-07,4.74946660619465008e-07,2.24085605231932964e-05,4.96108155888454883e-12,0.00000000000000000e+00
1177,6.52810217414462883e-07,4.74175555337366126e-07,2.23622328846477949e-05,4.15821506699301649e-12,0.00000000000000000e+00
1178,6.51519289817840395e-07,4.73405833266640440e-07,2.23160158780608878e-05,8.39304720622228286e-12,0.00000000000000000e+00
1179,6.50223889975807665e-07,4.72639423226072935e-07,2.22699115860532482e-05,7.68927598016227368e-12,0.00000000000000000e+00
1180,6.48941118447127006e-07,4.71873040516817701e-07,2.22239166721792951e-05,6.74617011779838160e-12,0.00000000000000000e+00
1181,6.47656790459518782e-07,4.71108034669234541e-07,2.21780328314834122e-05,9.62965427784739953e-12,0.00000000000000000e+00
1182,6.46372950188023412e-07,4.70347412889590009e-07,2.21322595528853397e-05,6.03683689163467539e-12,0.00000000000000000e+00
1183,6.45095505866457927e-07,4.69583993945237873e-07,2.20865965929954627e-05,7.34989793971217220e-12,0.00000000000000000e+00
1184,6.43822088941866605e-07,4.68827607542111831e-07,2.20410423851219739e-05,6.02252160031619199e-12,0.00000000000000000e+00
1185,6.42549770873223000e-07,4.68068742646047829e-07,2.19955984345214555e-05,6.72140123932543527e-12,0.00000000000000000e+00
1186,6.41282717797516663e-07,4.67313609849870173e-07,2.19502629522204175e-05,9.85925220974787446e-12,0.00000000000000000e+00
1187,6.40018214002162068e-07,4.66560562364235593e-07,2.19050360890078921e-05,6.18923806017409745e-12,0.00000000000000000e+00
1188,6.38752773112097954e-07,4.65807405249139730e-07,2.18599190145201971e-05,6.24909832154559192e-12,0.00000000000000000e+00
1189,6.37497465487194240e-07,4.65057324553466830e-07,2.18149086445542498e-05,6.15407881106248256e-12,0.00000000000000000e+00
1190,6.36236344458890115e-07,4.64308395074073674e-07,2.17700080982669233e-05,6.60342493968867161e-12,0.00000000000000000e+00
1191,6.34984547000743393e-07,4.63562919762546603e-07,2.17252141540448896e-05,7.01744606178361545e-12,0.00000000000000000e+00
1192,6.33735831066988368e-07,4.62816804549728735e-07,2.16805276616172563e-05,5.98268237624634537e-12,0.00000000000000000e+00
1193,6.32488482287209411e-07,4.62072815003946540e-07,2.16359485480244405e-05,7.50183241934417229e-12,0.00000000000000000e+00
1194,6.31243507218182184e-07,4.61331271978763796e-07,2.15914764170508942e-05,9.26645247650854861e-12,0.00000000000000000e+00
1195,6.30003628930345237e-07,4.60591176640283694e-07,2.15471104780028096e-05,5.33344879996750223e-12,0.00000000000000000e+00
1196,6.28765654387177433e-07,4.59851091055464689e-07,2.15028513032643340e-05,4.37267497364614347e-12,0.00000000000000000e+00
1197,6.27525040723344976e-07,4.59115503267694907e-07,2.14586993154777996e-05,5.45647496701770276e-12,0.00000000000000000e+00
1198,6.26297397948031062e-07,4.58380673576114288e-07,2.14146513604978452e-05,6.23984336922282048e-12,0.00000000000000000e+00
1199,6.25068520109445342e-07,4.57646740559659978e-07,2.13707094140981888e-05,6.36593709154413586e-12,0.00000000000000000e+00
1200,6.23841657737203990e-07,4.56914514595556008e-07,2.13268729385886512e-05,5.44354288943241558e-12,0.00000000000000000e+00
1201,6.22617388540544717e-07,4.56183907085887643e-07,2.12831416980573330e-05,6.84939464446182589e-12,0.00000000000000000e+00
1202,6.21398069221665004e-07,4.55455823016742101e-07,2.12395146096387133e-05,7.20238098280378064e-12,0.00000000000000000e+00
1203,6.20180845446074212e-07,4.54728546817313753e-07,2.11959921270302898e-05,9.05860396060679407e-12,0.00000000000000000e+00
1204,6.18966777546865962e-07,4.54002739298855563e-07,2.11525737911016753e-05,6.95412388873540362e-12,0.00000000000000000e+00
1205,6.17752135405313787e-07,4.53279698047119340e-07,2.11092600731129010e-05,8.55324411626997456e-12,0.00000000000000000e+00
1206,6.16547422516834428e-07,4.52556859212139308e-07,2.10660487876242883e-05,4.69368070666618459e-12,0.00000000000000000e+00
1207,6.15335538036113584e-07,4.51836084733136805e-07,2.10229429948636829e-05,4.80360999154390907e-12,0.00000000000000000e+00
1208,6.14138293085732407e-07,4.51117385346702307e-07,2.09799379864148852e-05,6.73118121113688500e-12,0.00000000000000000e+00
1209,6.12935244084172775e-07,4.50401531417495927e-07,2.09370370123714727e-05,7.22754961534154475e-12,0.00000000000000000e+00
1210,6.11740271252960011e-07,4.49683508508117655e-07,2.08942382760000086e-05,8.98434049227165229e-12,0.00000000000000000e+00
1211,6.10546542915485677e-07,4.48970582037258726e-07,2.08515415568684491e-05,6.99117750795210110e-12,0.00000000000000000e+00
1212,6.09350619735735950e-07,4.48258146108111543e-07,2.08089481441155828e-05,8.05247830251298103e-12,0.00000000000000000e+00
1213,6.08165260962449587e-07,4.47546099339928819e-07,2.07664554704758908e-05,6.36683394887581884e-12,0.00000000000000000e+00
1214,6.06978875634663889e-07,4.46836763318594880e-07,2.07240648033851110e-05,7.32650688679400849e-12,0.00000000000000000e+00
1215,6.05797855780103725e-07,4.46128263763872084e-07,2.06817749457998464e-05,7.64310039792488843e-12,0.00000000000000000e+00
1216,6.04614726536483408e-07,4.45423763097861812e-07,2.06395867179712246e-05,9.93943015217340158e-12,0.00000000000000000e+00
1217,6.03440977524805738e-07,4.44717369085626415e-07,2.05974984580573338e-05,8.79528448679426330e-12,0.00000000000000000e+00
1218,6.02264137089151561e-07,4.44014623545790290e-07,2.05555115508899578e-05,6.56614324241015944e-12,0.00000000000000000e+00
1219,6.01091500298827327e-07,4.43313390584879035e-07,2.05136248643853000e-05,6.92147451425582714e-12,0.00000000000000000e+00
1220,5.99925048731639937e-07,4.42612494378070732e-07,2.04718376066227747e-05,6.90524747258089338e-12,0.00000000000000000e+00
1221,5.98756927623508489e-07,4.41914838299663202e-07,2.04301506724674151e-05,6.89230472484667667e-12,0.00000000000000000e+00
1222,5.97595048386359402e-07,4.41217308555115011e-07,2.03885627857399281e-05,7.72801787783949375e-12,0.00000000000000000e+00
1223,5.96436096179795964e-07,4.40521173907365936e-07,2.03470739620649850e-05,8.91242669709635849e-12,0.00000000000000000e+00
1224,5.95275823029167589e-07,4.39828495624822623e-07,2.03056846306927846e-05,7.08160732800643178e-12,0.00000000000000000e+00
1225,5.94121163526601719e-07,4.39135065952649001e-07,2.02643939947511390e-05,3.76572431360842232e-12,0.00000000000000000e+00
1226,5.92970233789090911e-07,4.38442869319638926e-07,2.02232017281889350e-05,7.13007945472250855e-12,0.00000000000000000e+00
1227,5.91818741992992818e-07,4.37755846567675224e-07,2.01821077553147665e-05,6.23997773910292875e-12,0.00000000000000000e+00
1228,5.90674130301736940e-07,4.37066827659225851e-07,2.01411114035195701e-05,7.42743704270704663e-12,0.00000000000000000e+00
1229,5.89530079036990757e-07,4.36380311117012371e-07,2.01002129227342644e-05,6.84019050600668677e-12,0.00000000000000000e+00
1230,5.88388465898171430e-07,4.35695142986410125e-07,2.00594120537887090e-05,6.87282107333403281e-12,0.00000000000000000e+00
1231,5.87250536926023646e-07,4.35011719786629298e-07,2.00187081615905155e-05,3.72103113045697774e-12,0.00000000000000000e+00
1232,5.86115266119707874e-07,4.34329012170991668e-07,1.99781013223554613e-05,8.63336323346738802e-12,0.00000000000000000e+00
1233,5.84980860875270310e-07,4.33650014586417023e-07,1.99375911799010252e-05,9.18246997805902471e-12,0.00000000000000000e+00
1234,5.83850572381554872e-07,4.32970575930032660e-07,1.98971776367297168e-05,4.80491540929644406e-12,0.00000000000000000e+00
1235,5.82720438313482943e-07,4.32292548404571569e-07,1.98568610685787990e-05,2.99241052868937949e-12,0.00000000000000000e+00
1236,5.81599882970441269e-07,4.31615534347088580e-07,1.98166391739128989e-05,7.49083373505298007e-12,0.00000000000000000e+00
1237,5.80476244320580902e-07,4.30942245792717870e-07,1.97765134688103188e-05,1.37233712770011751e-11,0.00000000000000000e+00
1238,5.79357572094535813e-07,4.30269638600551559e-07,1.97364828410385940e-05,6.70697675912923447e-12,0.00000000000000000e+00
1239,5.78238795683665112e-07,4.29596156897065609e-07,1.96965485183562979e-05,5.65752420729524056e-12,0.00000000000000000e+00
1240,5.77120841401325642e-07,4.28925267748624554e-07,1.96567100075686477e-05,1.13433867953354348e-11,0.00000000000000000e+00
1241,5.76017846698239130e-07,4.28259526782011177e-07,1.96169628017580077e-05,1.10472093233222424e-11,0.00000000000000000e+00
1242,5.74904519828037361e-07,4.27590306886701437e-07,1.95773127988067970e-05,8.68313096800624258e-12,0.00000000000000000e+00
1243,5.73796008248186094e-07,4.26924486842865315e-07,1.95377570100419350e-05,8.53195957945084045e-12,0.00000000000000000e+00
1244,5.72694216695146515e-07,4.26260088250478344e-07,1.94982944907370011e-05,1.02506759716147975e-11,0.00000000000000000e+00
1245,5.71593614154953222e-07,4.25596283240662616e-07,1.94589259494298787e-05,5.67617100681549873e-12,0.00000000000000000e+00
1246,5.70493736095376143e-07,4.24934513994959886e-07,1.94196514002796687e-05,9.98896755848491761e-12,0.00000000000000000e+00
1247,5.69398081684600222e-07,4.24274803864862811e-07,1.93804697567541670e-05,7.95330904431305859e-12,0.00000000000000000e+00
1248,5.68305145601195454e-07,4.23615512455543692e-07,1.93413813605506554e-05,1.17501973703642584e-11,0.00000000000000000e+00
1249,5.67216030763683706e-07,4.22958641374512723e-07,1.93023852139139719e-05,1.69429003484722918e-11,0.00000000000000000e+00
1250,5.66127536117267698e-07,4.22303066416029464e-07,1.92634818492354675e-05,6.01030593805579645e-12,0.00000000000000000e+00
1251,5.65037109297114519e-07,4.21646276419161624e-07,1.92246726801454126e-05,5.67080578384670527e-12,0.00000000000000000e+00
1252,5.63958650440603195e-07,4.20993719450095630e-07,1.91859536025708738e-05,8.32005395844272609e-12,0.00000000000000000e+00
1253,5.62877530624611580e-07,4.20342926616734791e-07,1.91473269110612349e-05,8.43544487464721740e-12,0.00000000000000000e+00
1254,5.61798156024945487e-07,4.19691972862063204e-07,1.91087923878608764e-05,1.68281802621593220e-11,0.00000000000000000e+00
1255,5.60726545761479264e-07,4.19044564467758180e-07,1.90703477649084287e-05,1.16176081775546528e-11,0.00000000000000000e+00
1256,5.59649568560619801e-07,4.18394669415701244e-07,1.90319964222212374e-05,6.07864545953483413e-12,0.00000000000000000e+00
1257,5.58579162899559837e-07,4.17747834790708191e-07,1.89937356550708393e-05,8.54578785521803347e-12,0.00000000000000000e+00
1258,5.57514448087265843e-07,4.17103481612297483e-07,1.89555646011280748e-05,9.20826370698188814e-12,0.00000000000000000e+00
1259,5.56446998225948685e-07,4.16460872131094441e-07,1.89174848157365733e-05,4.96295717753095788e-12,0.00000000000000000e+00
1260,5.55382463590631973e-07,4.15817377811173637e-07,1.88794959474201182e-05,1.06440116766820925e-11,0.00000000000000000e+00
1261,5.54327076966498046e-07,4.15177535731316065e-07,1.88415951989012311e-05,2.14727414456699862e-11,0.00000000000000000e+00
1262,5.53272305383460366e-07,4.14538388214050818e-07,1.88037840042330173e-05,5.60351780650976711e-12,0.00000000000000000e+00
1263,5.52205760422401478e-07,4.13897891490645575e-07,1.87660664156383152e-05,1.83001128458596990e-11,0.00000000000000000e+00
1264,5.51163971008800645e-07,4.13263528011028444e-07,1.87284331934985836e-05,9.62312941474804716e-12,0.00000000000000000e+00
1265,5.50106781065660264e-07,4.12626256592486134e-07,1.86908927645762811e-05,1.49875881589741213e-11,0.00000000000000000e+00
1266,5.49062249919552441e-07,4.11992743642250261e-07,1.86534393574761201e-05,1.13605661610673007e-11,0.00000000000000000e+00
1267,5.48015979128636808e-07,4.11359347114781024e-07,1.86160754763808615e-05,2.00614388409682911e-11,0.00000000000000000e+00
1268,5.46975563201465083e-07,4.10728981766893925e-07,1.85787989146114959e-05,9.51193372452975466e-12,0.00000000000000000e+00
1269,5.45930043086593941e-07,4.10097108359612328e-07,1.85416128016060400e-05,1.61802489980661916e-11,0.00000000000000000e+00
1270,5.44896573888142869e-07,4.09470071034468331e-07,1.85045123625141924e-05,1.38784658930491815e-11,0.00000000000000000e+00
1271,5.43859118705114513e-07,4.08841044709217380e-07,1.84675009270524740e-05,2.10692500163743421e-11,0.00000000000000000e+00
1272,5.42829841977049173e-07,4.08226528348497573e-07,1.84305760487737228e-05,1.29870048168523217e-11,0.00000000000000000e+00
1273,5.41792200559859155e-07,4.07592513894694084e-07,1.83937407724693069e-05,1.17056066649075891e-11,0.00000000000000000e+00
1274,5.40768360217811105e-07,4.06967042782214665e-07,1.83569905993528223e-05,6.93481436810007869e-12,0.00000000000000000e+00
1275,5.39738908184057927e-07,4.06343763551869880e-07,1.83203287477889273e-05,2.11166639806217663e-11,0.00000000000000000e+00
1276,5.38724163153161248e-07,4.05735202791249890e-07,1.82837506206914078e-05,1.04257576263023079e-11,0.00000000000000000e+00
1277,5.37693334439345101e-07,4.05116531286164397e-07,1.82472630804321915e-05,1.73893073154093618e-11,0.00000000000000000e+00
1278,5.36681780771703406e-07,4.04499559905479429e-07,1.82108583632755655e-05,2.26527862493278526e-11,0.00000000000000000e+00
1279,5.35664496702375255e-07,4.03882091245625687e-07,1.81745407732930740e-05,1.32771991820995986e-11,0.00000000000000000e+00
1280,5.34646844170716128e-07,4.03264799237788370e-07,1.81383103779421398e-05,1.48080879962401085e-11,0.00000000000000000e+00
1281,5.33637400772363179e-07,4.02651282687073648e-07,1.81021641793475400e-05,2.23130244829349178e-11,0.00000000000000000e+00
1282,5.32631573953559266e-07,4.02038267883817926e-07,1.80661026792286140e-05,1.30824791264835619e-11,0.00000000000000000e+00
1283,5.31619187035523034e-07,4.01424826822703819e-07,1.80301286370980390e-05,1.45835694741872784e-11,0.00000000000000000e+00
1284,5.30617787461740307e-07,4.00814691655529621e-07,1.79942377936979278e-05,1.75471398496223325e-11,0.00000000000000000e+00
1285,5.29616703974606596e-07,4.00205220591673405e-07,1.79584317824540022e-05,5.65737043684502886e-12,0.00000000000000000e+00
1286,5.28612369705703790e-07,3.99595292550873780e-07,1.79227121289093512e-05,8.89018641475111393e-12,0.00000000000000000e+00
1287,5.27619640285607784e-07,3.98989526067717560e-07,1.78870745495028556e-05,4.61467959151642761e-12,0.00000000000000000e+00
1288,5.26623092785326683e-07,3.98383427827618994e-07,1.78515222107213197e-05,2.30581102134104495e-11,0.00000000000000000e+00
1289,5.25636535000355189e-07,3.97780820368004491e-07,1.78160512282310758e-05,2.71404877694534058e-11,0.00000000000000000e+00
1290,5.24642768940227906e-07,3.97176954597989619e-07,1.77806658927461244e-05,1.35439682684798715e-11,0.00000000000000000e+00
1291,5.23649864367905680e-07,3.96572574431891754e-07,1.77453655037899508e-05,9.51556535097044983e-12,0.00000000000000000e+00
1292,5.22665758223453511e-07,3.95972167298226368e-07,1.77101470526177649e-05,4.19673539987357376e-12,0.00000000000000000e+00
1293,5.21682097133535254e-07,3.95372189617875356e-07,1.76750120864211136e-05,3.21523006845968568e-11,0.00000000000000000e+00
1294,5.20711679511322620e-07,3.94777527277543972e-07,1.76399558769955019e-05,1.40815890092557692e-11,0.00000000000000000e+00
1295,5.19720471360675429e-07,3.94177039264303984e-07,1.76049881572779777e-05,1.83623329590894542e-11,0.00000000000000000e+00
1296,5.18748449030952696e-07,3.93581652058732648e-07,1.75700996302364741e-05,2.35865569574307031e-11,0.00000000000000000e+00
1297,5.17775584210827550e-07,3.92987498451680587e-07,1.75352933875330898e-05,1.46399419202416195e-11,0.00000000000000000e+00
1298,5.16800446659222025e-07,3.92392398433145543e-07,1.75005706163716263e-05,2.36426285780087578e-11,0.00000000000000000e+00
1299,5.15833882040760583e-07,3.91801993477504532e-07,1.74659277429152597e-05,1.48468329451961338e-11,0.00000000000000000e+00
1300,5.14863058336481265e-07,3.91209374700190124e-07,1.74313683708151844e-05,2.24947130946525275e-11,0.00000000000000000e+00
1301,5.13901555176965398e-07,3.90620577573816238e-07,1.73968884132505664e-05,2.31422751300943899e-11,0.00000000000000000e+00
1302,5.12937947936375021e-07,3.90031378019694550e-07,1.73624905256335201e-05,1.46611828459441723e-11,0.00000000000000000e+00
1303,5.11973619556419593e-07,3.89443142701385355e-07,1.73281746013031769e-05,1.83025861748683055e-11,0.00000000000000000e+00
1304,5.11018352475945944e-07,3.88857881942069030e-07,1.72939378747047971e-05,1.98165663684087229e-11,0.00000000000000000e+00
1305,5.10063289570553263e-07,3.88272292901122113e-07,1.72597819217071872e-05,2.05883048039144260e-11,0.00000000000000000e+00
1306,5.09107396678082870e-07,3.87688786464168857e-07,1.72257067455875888e-05,2.32542024729557691e-11,0.00000000000000000e+00
1307,5.08157145449599198e-07,3.87106165244361159e-07,1.71917111580726993e-05,4.70105370824582724e-12,0.00000000000000000e+00
1308,5.07199638974677688e-07,3.86521514842295263e-07,1.71577986256163408e-05,8.56609978603843840e-12,0.00000000000000000e+00
1309,5.06256518797175268e-07,3.85943016938229552e-07,1.71239631934088226e-05,2.26096706713480539e-11,0.00000000000000000e+00
1310,5.05322099446285426e-07,3.85367709366248381e-07,1.70902038947797296e-05,1.65654871729372675e-11,0.00000000000000000e+00
1311,5.04370868839019256e-07,3.84786350405353110e-07,1.70565284687487937e-05,5.59420579119748223e-12,0.00000000000000000e+00
1312,5.03425650242255127e-07,3.84208479357974294e-07,1.70229323692886283e-05,2.80800283085858844e-11,0.00000000000000000e+00
1313,5.02499128299709764e-07,3.83635978660351155e-07,1.69894105326018195e-05,1.45580443041497015e-11,0.00000000000000000e+00
1314,5.01553196696510680e-07,3.83058201845995573e-07,1.69559725133409279e-05,2.27318498118755932e-11,0.00000000000000000e+00
1315,5.00624608614202151e-07,3.82485714143009280e-07,1.69226098003893340e-05,1.48393783869367441e-11,0.00000000000000000e+00
1316,4.99686797763845231e-07,3.81913661917997423e-07,1.68893277859508924e-05,2.35203547318804047e-11,0.00000000000000000e+00
1317,4.98762245995189960e-07,3.81343501955839193e-07,1.68561214869841071e-05,1.17421936354750083e-11,0.00000000000000000e+00
1318,4.97829872312786256e-07,3.80771282907566454e-07,1.68229956728404736e-05,1.52164475304477409e-11,0.00000000000000000e+00
1319,4.96905907063569078e-07,3.80204198641062657e-07,1.67899459893694781e-05,2.53029516310040124e-11,0.00000000000000000e+00
1320,4.95987305139482293e-07,3.79636830831625119e-07,1.67569727548356834e-05,2.69357454158559465e-11,0.00000000000000000e+00
1321,4.95062695315905090e-07,3.79069766277439571e-07,1.67240783641475798e-05,1.27664433224349963e-11,0.00000000000000000e+00
1322,4.94139172835698552e-07,3.78502789630546374e-07,1.66912624433135343e-05,1.80035315730261821e-11,0.00000000000000000e+00
1323,4.93226399678867199e-07,3.77940502269407275e-07,1.66585211449308751e-05,1.65152592191228535e-11,0.00000000000000000e+00
1324,4.92310907551921481e-07,3.77376317716862395e-07,1.66258576838301781e-05,1.28970602694196834e-11,0.00000000000000000e+00
1325,4.91397474075152378e-07,3.76814159393058330e-07,1.65932708462401689e-05,2.66826033702391650e-11,0.00000000000000000e+00
1326,4.90491152881795593e-07,3.76254933287334379e-07,1.65607585662670557e-05,5.52316146832997189e-12,0.00000000000000000e+00
1327,4.89573764170953753e-07,3.75691811808765431e-07,1.65283264852602187e-05,1.69579983170237390e-11,0.00000000000000000e+00
1328,4.88674735375270448e-07,3.75136402479066940e-07,1.64959662473493208e-05,1.74858571473285139e-11,0.00000000000000000e+00
1329,4.87770021870454364e-07,3.74577619402715411e-07,1.64636832694505349e-05,1.70346109765419244e-11,0.00000000000000000e+00
1330,4.86865495800910555e-07,3.74021352523412195e-07,1.64314762649609500e-05,2.42141865326178539e-11,0.00000000000000000e+00
1331,4.85968162648209651e-07,3.73466028385326788e-07,1.63993435073749089e-05,2.38130068047876765e-11,0.00000000000000000e+00
1332,4.85068152738369852e-07,3.72911598507603335e-07,1.63672870518892784e-05,1.24998785412976656e-11,0.00000000000000000e+00
1333,4.84168133058362771e-07,3.72357935265819857e-07,1.63353065778327839e-05,2.24042166249903147e-11,0.00000000000000000e+00
1334,4.83280795652403195e-07,3.71806765159461850e-07,1.63033983728179959e-05,2.06572724262828742e-11,0.00000000000000000e+00
1335,4.82386390787900731e-07,3.71255085680456310e-07,1.62715664840422315e-05,1.31447545071598854e-11,0.00000000000000000e+00
1336,4.81493804772187886e-07,3.70704346310130678e-07,1.62398097023235257e-05,2.06690234400154404e-11,0.00000000000000000e+00
1337,4.80610810990570979e-07,3.70157549311780629e-07,1.62081250805803686e-05,1.70805770694981910e-11,0.00000000000000000e+00
1338,4.79721520338710124e-07,3.69608835550045509e-07,1.61765163202063355e-05,1.79789894976462742e-11,0.00000000000000000e+00
1339,4.78839565776035839e-07,3.69062273846355040e-07,1.61449805646823890e-05,8.71702860755437120e-12,0.00000000000000000e+00
1340,4.77953998529596245e-07,3.68516001398868470e-07,1.61135199106038909e-05,1.43711003491757822e-11,0.00000000000000000e+00
1341,4.77079459476110421e-07,3.67972378537580500e-07,1.60821307425569475e-05,2.21418693056064723e-11,0.00000000000000000e+00
1342,4.76202639206661673e-07,3.67429603508442635e-07,1.60508150931198206e-05,1.99207604178289801e-11,0.00000000000000000e+00
1343,4.75324597796201809e-07,3.66886218673567552e-07,1.60195736473587986e-05,2.55051802737701068e-11,0.00000000000000000e+00
1344,4.74452500555628023e-07,3.66345480907507563e-07,1.59884041896092894e-05,2.25888202817877581e-11,0.00000000000000000e+00
1345,4.73579224122873961e-07,3.65804688703765337e-07,1.59573084567781487e-05,2.15878204684592174e-11,0.00000000000000000e+00
1346,4.72709920408993541e-07,3.65265572578127640e-07,1.59262849564181179e-05,2.57781555181429000e-11,0.00000000000000000e+00
1347,4.71844330947783869e-07,3.64727150732152988e-07,1.58953333341920894e-05,2.03178582811538516e-11,0.00000000000000000e+00
1348,4.70974782528913071e-07,3.64190987977074065e-07,1.58644552540779685e-05,1.68146122361553937e-11,0.00000000000000000e+00
1349,4.70112572114749332e-07,3.63653812118562604e-07,1.58336485761760951e-05,1.25066702377199684e-11,0.00000000000000000e+00
1350,4.69250284318686744e-07,3.63119063321198997e-07,1.58029140805427154e-05,1.33232989371685257e-11,0.00000000000000000e+00
1351,4.68391773796972983e-07,3.62585715301972315e-07,1.57722507244375198e-05,4.69127926587016823e-12,0.00000000000000000e+00
1352,4.67530081378718523e-07,3.62051725527618676e-07,1.57416604505283909e-05,2.45973992028759282e-11,0.00000000000000000e+00
1353,4.66672270623904946e-07,3.61517868602979534e-07,1.57111422095221013e-05,1.81748771705871390e-11,0.00000000000000000e+00
1354,4.65833876871383041e-07,3.60994379071328282e-07,1.56806883197941156e-05,9.39262276983210067e-12,0.00000000000000000e+00
1355,4.64974912054124020e-07,3.60459945191441356e-07,1.56503120376734109e-05,8.62471323837398797e-12,0.00000000000000000e+00
1356,4.64124152042892348e-07,3.59931237032726767e-07,1.56200044069059175e-05,1.64455130319985643e-11,0.00000000000000000e+00
1357,4.63278418963670425e-07,3.59404773120122353e-07,1.55897663071252508e-05,1.92979405232307963e-11,0.00000000000000000e+00
1358,4.62433392614885583e-07,3.58877566750813399e-07,1.55596000134610604e-05,1.52433370301073397e-11,0.00000000000000000e+00
1359,4.61585695107920620e-07,3.58351027668823193e-07,1.55295041248259599e-05,1.68438773732307867e-11,0.00000000000000000e+00
1360,4.60745161876242524e-07,3.57826807540197095e-07,1.54994772492323906e-05,2.32880661715232181e-11,0.00000000000000000e+00
1361,4.59907735278120498e-07,3.57303954831352991e-07,1.54695205400315980e-05,1.35480719390825079e-11,0.00000000000000000e+00
1362,4.59066049937016230e-07,3.56779917510988361e-07,1.54396352618791510e-05,1.67809332390956107e-11,0.00000000000000000e+00
1363,4.58231155246980833e-07,3.56258538155731539e-07,1.54098173418159303e-05,1.78764132845167053e-11,0.00000000000000000e+00
1364,4.57398764631584104e-07,3.55737749825735278e-07,1.53800696562930238e-05,1.34997792626509734e-11,0.00000000000000000e+00
1365,4.56564086101248183e-07,3.55218860160511017e-07,1.53503916914109618e-05,1.87405512107501326e-11,0.00000000000000000e+00
1366,4.55736495712544994e-07,3.54700346673382833e-07,1.53207816668222311e-05,7.67829748166349546e-12,0.00000000000000000e+00
1367,4.54903299492454877e-07,3.54181375639892493e-07,1.52912423824211473e-05,1.28801518445411496e-11,0.00000000000000000e+00
1368,4.54082042743540658e-07,3.53665723251522476e-07,1.52617694891210850e-05,1.17043965257681419e-11,0.00000000000000000e+00
1369,4.53253980867765081e-07,3.53150044292263911e-07,1.52323665837589954e-05,1.60132861960778183e-11,0.00000000000000000e+00
1370,4.52434500755986012e-07,3.52635772178518046e-07,1.52030306791490185e-05,1.55166096837295022e-11,0.00000000000000000e+00
1371,4.51610294729556055e-07,3.52121592880074866e-07,1.51737641559252166e-05,5.52368806801701272e-12,0.00000000000000000e+00
1372,4.50787848138231705e-07,3.51608537340998679e-07,1.51445663333200831e-05,1.18436384054804768e-11,0.00000000000000000e+00
1373,4.49976215591847058e-07,3.51097636204881138e-07,1.51154341362751098e-05,2.17977202607336175e-11,0.00000000000000000e+00
1374,4.49162144945539784e-07,3.50588068110521968e-07,1.50863695964989332e-05,1.13984023919846822e-11,0.00000000000000000e+00
1375,4.48342954794434661e-07,3.50075861546446090e-07,1.50573748399326594e-05,1.67596770450576781e-11,0.00000000000000000e+00
1376,4.47534141528862727e-07,3.49568353569563940e-07,1.50284454661094726e-05,1.28763091092072928e-11,0.00000000000000000e+00
1377,4.46722853359908103e-07,3.49060383042487533e-07,1.49995840966917661e-05,2.15719691927305386e-11,0.00000000000000000e+00
1378,4.45916559329315157e-07,3.48554775515538336e-07,1.49707886480763831e-05,1.69063966989053077e-11,0.00000000000000000e+00
1379,4.45108867899367791e-07,3.48047114606916480e-07,1.49420611548865800e-05,1.10696561174602969e-11,0.00000000000000000e+00
1380,4.44301660296696068e-07,3.47542668900379867e-07,1.49134006571857623e-05,1.55962522503596810e-11,0.00000000000000000e+00
1381,4.43502778683862307e-07,3.47039416467536209e-07,1.48848051379491348e-05,7.59361154377825326e-12,0.00000000000000000e+00
1382,4.42699047714278318e-07,3.46534960680916458e-07,1.48562776020568472e-05,1.20051793935894940e-11,0.00000000000000000e+00
1383,4.41901941190777978e-07,3.46034687899459036e-07,1.48278147031610610e-05,4.65212474389564789e-12,0.00000000000000000e+00
1384,4.41102135935496077e-07,3.45532003385726268e-07,1.47994193165489310e-05,1.41746315939145787e-11,0.00000000000000000e+00
1385,4.40312663025237481e-07,3.45033846951693703e-07,1.47710872066042558e-05,1.70829847602020708e-11,0.00000000000000000e+00
1386,4.39516609116262302e-07,3.44533921180034535e-07,1.47428222979156185e-05,1.62849746237034712e-11,0.00000000000000000e+00
1387,4.38723980729909558e-07,3.44035782789790991e-07,1.47146227511256410e-05,9.16973315253227142e-12,0.00000000000000000e+00
1388,4.37930670191537707e-07,3.43537755920578833e-07,1.46864894639247469e-05,2.11233696875850438e-11,0.00000000000000000e+00
1389,4.37149567012025629e-07,3.43043081411901468e-07,1.46584185952925931e-05,6.47106309409168341e-12,0.00000000000000000e+00
1390,4.36352241093427988e-07,3.42544307001530485e-07,1.46304174874491461e-05,1.01522472072443493e-11,0.00000000000000000e+00
1391,4.35576382570865893e-07,3.42053802123285589e-07,1.46024762654496552e-05,1.12178725946855318e-11,0.00000000000000000e+00
1392,4.34793711664910388e-07,3.41558468699843818e-07,1.45746013846753649e-05,9.54227255083958847e-12,0.00000000000000000e+00
1393,4.34008627195414633e-07,3.41066037755586523e-07,1.45467917897002955e-05,1.64780988056259643e-11,0.00000000000000000e+00
1394,4.33234704629009194e-07,3.40574115438181403e-07,1.45190447603622827e-05,1.03713099842991610e-11,0.00000000000000000e+00
1395,4.32452263680247436e-07,3.40083129452302763e-07,1.44913638277723365e-05,1.42015855205614701e-11,0.00000000000000000e+00
1396,4.31678649295155864e-07,3.39594172129061013e-07,1.44637455061917494e-05,1.86922218727846742e-11,0.00000000000000000e+00
1397,4.30904910686420569e-07,3.39105597210538337e-07,1.44361911682361182e-05,1.25010998927581231e-11,0.00000000000000000e+00
1398,4.30130468661143895e-07,3.38616556403936987e-07,1.44087014322308731e-05,1.67105235535439388e-11,0.00000000000000000e+00
1399,4.29361508207369751e-07,3.38130307482070087e-07,1.43812741833049767e-05,1.29384605747880092e-11,0.00000000000000000e+00
1400,4.28591804555271000e-07,3.37643121126817763e-07,1.43539110506816658e-05,1.32278295245454149e-11,0.00000000000000000e+00
1401,4.27824842399600833e-07,3.37158495820148151e-07,1.43266107629180474e-05,8.68707156586855426e-12,0.00000000000000000e+00
1402,4.27057681026127491e-07,3.36674010516993916e-07,1.42993741016977059e-05,1.26334137480206995e-11,0.00000000000000000e+00
1403,4.26290560696559351e-07,3.36188654677541743e-07,1.42722017017873760e-05,1.71617842266738456e-11,0.00000000000000000e+00
1404,4.25541037592869264e-07,3.35711137368772021e-07,1.42450867407280866e-05,4.00481612928929385e-12,0.00000000000000000e+00
1405,4.24770232938472912e-07,3.35225333967868420e-07,1.42180399963121586e-05,1.35760959614984341e-11,0.00000000000000000e+00
1406,4.24018138674508141e-07,3.34747006367647075e-07,1.41910517731872932e-05,8.85235656141602675e-12,0.00000000000000000e+00
1407,4.23258727975027600e-07,3.34265607009119621e-07,1.41641278459034400e-05,5.66172058677702048e-12,0.00000000000000000e+00
1408,4.22500983339795999e-07,3.33786934620523495e-07,1.41372661669011181e-05,1.04902207307556921e-11,0.00000000000000000e+00
1409,4.21751581535351073e-07,3.33309974069766315e-07,1.41104648395173490e-05,8.77573442360439438e-12,0.00000000000000000e+00
1410,4.20998118860297827e-07,3.32831219248456493e-07,1.40837266648228956e-05,9.19537061242091921e-12,0.00000000000000000e+00
1411,4.20249551836445492e-07,3.32355637405881296e-07,1.40570492802744542e-05,1.24632550047959220e-11,0.00000000000000000e+00
1412,4.19500152048891946e-07,3.31880674995664824e-07,1.40304336907203460e-05,1.00595204333521660e-11,0.00000000000000000e+00
1413,4.18753497236150768e-07,3.31405770176916578e-07,1.40038794794589941e-05,1.90764690501129126e-11,0.00000000000000000e+00
1414,4.18011232857111889e-07,3.30932846111193522e-07,1.39773854551975760e-05,9.69374931399664758e-12,0.00000000000000000e+00
1415,4.17263619812846609e-07,3.30458718317071925e-07,1.39509543246763650e-05,6.25769237102045217e-12,0.00000000000000000e+00
1416,4.16521780882942458e-07,3.29987152334744824e-07,1.39245834714106021e-05,1.68200174077548120e-11,0.00000000000000000e+00
1417,4.15787182281900758e-07,3.29517667858861083e-07,1.38982714629221093e-05,1.37948992230760733e-11,0.00000000000000000e+00
1418,4.15045360573574346e-07,3.29046586625529545e-07,1.38720219127291812e-05,1.37423359516064820e-11,0.00000000000000000e+00
1419,4.14308454380463972e-07,3.28576998887592548e-07,1.38458323750183381e-05,9.74041951944516628e-12,0.00000000000000000e+00
1420,4.13573985840413934e-07,3.28108292843804259e-07,1.38197030905038702e-05,1.13622410377412072e-11,0.00000000000000000e+00
1421,4.12840706925019274e-07,3.27641448021222675e-07,1.37936336805340811e-05,6.73049237582070583e-12,0.00000000000000000e+00
1422,4.12106574005263743e-07,3.27174540714638987e-07,1.37676250004837610e-05,1.26406807833556945e-11,0.00000000000000000e+00
1423,4.11381188060875507e-07,3.26709482886242280e-07,1.37416743968451576e-05,1.36747146220639061e-11,0.00000000000000000e+00
1424,4.10651902188299506e-07,3.26243568739211332e-07,1.37157844860618011e-05,1.19091714824742036e-11,0.00000000000000000e+00
1425,4.09922243657238213e-07,3.25780886745719953e-07,1.36899542317954367e-05,7.49911739132881849e-12,0.00000000000000000e+00
1426,4.09197383857569423e-07,3.25315864555113983e-07,1.36641835387575310e-05,9.87136320395901150e-12,0.00000000000000000e+00
1427,4.08475642833344189e-07,3.24854425513498119e-07,1.36384711953416005e-05,1.18194168410114955e-11,0.00000000000000000e+00
1428,4.07754095762197476e-07,3.24393040636607224e-07,1.36128180240534373e-05,1.29104096914775011e-11,0.00000000000000000e+00
1429,4.07033300937370406e-07,3.23932262965712549e-07,1.35872239270639054e-05,6.73010152227632713e-12,0.00000000000000000e+00
1430,4.06312201027899287e-07,3.23471915706087071e-07,1.35616893205583594e-05,9.08048996463909451e-12,0.00000000000000000e+00
1431,4.05597538208303873e-07,3.23013329266688520e-07,1.35362122324462123e-05,4.31696492974740949e-12,0.00000000000000000e+00
1432,4.04880185228990003e-07,3.22554477938252123e-07,1.35107946246525053e-05,1.48565420973137940e-11,0.00000000000000000e+00
1433,4.04171665801943375e-07,3.22098595115654240e-07,1.34854331984687794e-05,1.16254761672989627e-11,0.00000000000000000e+00
1434,4.03454342220654151e-07,3.21641871165632182e-07,1.34601319957669742e-05,1.00510070778238306e-11,0.00000000000000000e+00
1435,4.02744143931219088e-07,3.21185574129918090e-07,1.34348882741983645e-05,9.99438171584787282e-12,0.00000000000000000e+00
1436,4.02035680000407388e-07,3.20730873787091103e-07,1.34097022271371671e-05,8.50821890866018120e-12,0.00000000000000000e+00
1437,4.01327666551643294e-07,3.20276921246673154e-07,1.33845740975787455e-05,7.58771292593177237e-12,0.00000000000000000e+00
1438,4.00621763105159497e-07,3.19823682674458061e-07,1.33595034944886490e-05,1.12105972385837669e-11,0.00000000000000000e+00
1439,3.99919662410549394e-07,3.19371326256490285e-07,1.33344897104244771e-05,7.38850509507692269e-12,0.00000000000000000e+00
1440,3.99213145573474246e-07,3.18920143917912283e-07,1.33095343390182031e-05,8.98145102197434543e-12,0.00000000000000000e+00
1441,3.98514274447714119e-07,3.18469470145433018e-07,1.32846350968422160e-05,7.90389302608024526e-12,0.00000000000000000e+00
1442,3.97813284776339936e-07,3.18019310719958017e-07,1.32597935184544510e-05,8.08096416696740368e-12,0.00000000000000000e+00
1443,3.97115750470688520e-07,3.17570451934479992e-07,1.32350084124601303e-05,1.05747908029532497e-11,0.00000000000000000e+00
1444,3.96419528503832701e-07,3.17122616763886959e-07,1.32102798683285080e-05,8.63603514523674108e-12,0.00000000000000000e+00
1445,3.95724185527031086e-07,3.16674074371571329e-07,1.31856083443742397e-05,1.13117583836926299e-11,0.00000000000000000e+00
1446,3.95031262796271569e-07,3.16228257579690023e-07,1.31609927309654723e-05,1.07626050327555879e-11,0.00000000000000000e+00
1447,3.94338655251874419e-07,3.15782578198306792e-07,1.31364336822567841e-05,9.80901287545117135e-12,0.00000000000000000e+00
1448,3.93648801531088096e-07,3.15336784610257801e-07,1.31119307752186439e-05,1.12096537993167033e-11,0.00000000000000000e+00
1449,3.92958527845387424e-07,3.14893430158814374e-07,1.30874839557005792e-05,1.10320427630275981e-11,0.00000000000000000e+00
1450,3.92272759521590085e-07,3.14449482311437008e-07,1.30630926765557303e-05,8.09781812999583450e-12,0.00000000000000000e+00
1451,3.91585176834373350e-07,3.14006782885155376e-07,1.30387577552039627e-05,1.14878208443013875e-11,0.00000000000000000e+00
1452,3.90902687460179229e-07,3.13565478206542713e-07,1.30144775526456462e-05,1.11056662946657224e-11,0.00000000000000000e+00
1453,3.90219300166307837e-07,3.13124207022809223e-07,1.29902532692731967e-05,1.10926300885273121e-11,0.00000000000000000e+00
1454,3.89537705945677894e-07,3.12684027872422086e-07,1.29660842637182539e-05,1.14634913217806842e-11,0.00000000000000000e+00
1455,3.88858150166481959e-07,3.12244694488850060e-07,1.29419703023395662e-05,1.17005169290093519e-11,0.00000000000000000e+00
1456,3.88179803923453477e-07,3.11806033045921726e-07,1.29179114188091394e-05,1.11856815292555887e-11,0.00000000000000000e+00
1457,3.87502848416292133e-07,3.11368159799450190e-07,1.28939074671494933e-05,1.12484005844393020e-11,0.00000000000000000e+00
1458,3.86827666930016481e-07,3.10931099045180111e-07,1.28699582110206292e-05,1.15451604456692776e-11,0.00000000000000000e+00
1459,3.86153960443009738e-07,3.10494929864206338e-07,1.28460635219246659e-05,1.11287377368790523e-11,0.00000000000000000e+00
1460,3.85481487465243463e-07,3.10059332242439806e-07,1.28222233977178069e-05,1.13849796543693869e-11,0.00000000000000000e+00
1461,3.84810800098145661e-07,3.09624699644704240e-07,1.27984375206552476e-05,1.11853853220862999e-11,0.00000000000000000e+00
1462,3.84141392074855178e-07,3.09190737728033928e-07,1.27747058907279213e-05,1.11547283785701664e-11,0.00000000000000000e+00
1463,3.83473543435865651e-07,3.08757594803672881e-07,1.27510283046564909e-05,1.11889571647761094e-11,0.00000000000000000e+00
1464,3.82807199072214669e-07,3.08325227020437746e-07,1.27274046310757263e-05,1.09855941318573396e-11,0.00000000000000000e+00
1465,3.82142218598531591e-07,3.07893608211920548e-07,1.27038347743459786e-05,1.09791796775818014e-11,0.00000000000000000e+00
1466,3.81478808394148534e-07,3.07462793186453017e-07,1.26803185471965252e-05,1.10448263160751346e-11,0.00000000000000000e+00
1467,3.80816847485568720e-07,3.07032752737448054e-07,1.26568558308329061e-05,1.08482232641229541e-11,0.00000000000000000e+00
1468,3.80156267955942268e-07,3.06603415359442196e-07,1.26334465290474929e-05,1.09295115491249548e-11,0.00000000000000000e+00
1469,3.79497246052996356e-07,3.06174916636014581e-07,1.26100904445217463e-05,1.08867085052839850e-11,0.00000000000000000e+00
1470,3.78839620998146504e-07,3.05747134259276230e-07,1.25867874896007041e-05,1.08548583184513992e-11,0.00000000000000000e+00
1471,3.78183439057881834e-07,3.05320128282790444e-07,1.25635375174377861e-05,1.08329825262354298e-11,0.00000000000000000e+00
1472,3.77528715620973794e-07,3.04893884599234285e-07,1.25403403911162711e-05,1.32177643629438992e-11,0.00000000000000000e+00
1473,3.76876182156646029e-07,3.04468456462778446e-07,1.25171957471835454e-05,1.27206435067613685e-11,0.00000000000000000e+00
1474,3.76223503647035463e-07,3.04043769313300840e-07,1.24941039894071233e-05,1.29953555271834453e-11,0.00000000000000000e+00
1475,3.75573171735121296e-07,3.03619701584758502e-07,1.24710645934016957e-05,1.28276856926498906e-11,0.00000000000000000e+00
1476,3.74924217731497093e-07,3.03196417668909318e-07,1.24480775279557604e-05,1.28838616247017858e-11,0.00000000000000000e+00
1477,3.74276630682586363e-07,3.02773955522039750e-07,1.24251426523104088e-05,1.27705583209471057e-11,0.00000000000000000e+00
1478,3.73630498066932488e-07,3.02352205562766899e-07,1.24022598374232189e-05,1.27784902688521887e-11,0.00000000000000000e+00
1479,3.72985756673286602e-07,3.01931227655660631e-07,1.23794289515181513e-05,1.27778563474195602e-11,0.00000000000000000e+00
1480,3.72342469097195516e-07,3.01510982449829519e-07,1.23566498561816149e-05,1.27926286878545756e-11,0.00000000000000000e+00
1481,3.71700553001055953e-07,3.01091480594486077e-07,1.23339224344892306e-05,1.26699396899914836e-11,0.00000000000000000e+00
1482,3.71060037567557196e-07,3.00672702466357983e-07,1.23112465598075942e-05,1.27155399254251552e-11,0.00000000000000000e+00
1483,3.70420970239476889e-07,3.00254698035363256e-07,1.22886218998827620e-05,1.27299694830876181e-11,0.00000000000000000e+00
1484,3.69780048542022982e-07,2.99837391292393155e-07,1.22660488248515909e-05,1.26113023141742579e-11,0.00000000000000000e+00
1485,3.69143490041497934e-07,2.99420817653387414e-07,1.22435268018044457e-05,1.26325284272184297e-11,0.00000000000000000e+00
1486,3.68508805463626728e-07,2.99005013159389145e-07,1.22210557627510252e-05,1.25408780609654801e-11,0.00000000000000000e+00
1487,3.67875459245776378e-07,2.98589919171242533e-07,1.21986356224751374e-05,1.25073722163530432e-11,0.00000000000000000e+00
1488,3.67243401801691327e-07,2.98175570110255166e-07,1.21762662544028789e-05,1.25289139053548741e-11,0.00000000000000000e+00
1489,3.66612714943937987e-07,2.97761949864348488e-07,1.21539475189361065e-05,1.24970334337851473e-11,0.00000000000000000e+00
1490,3.65983343918917777e-07,2.97349042582586420e-07,1.21316793065930318e-05,1.24122599697030252e-11,0.00000000000000000e+00
1491,3.65355347683948817e-07,2.96936858936447752e-07,1.21094614822659875e-05,1.24611191766882890e-11,0.00000000000000000e+00
1492,3.64728760679627274e-07,2.96525417638424846e-07,1.20872939030210334e-05,1.23868792684684924e-11,0.00000000000000000e+00
1493,3.64103497241085076e-07,2.96114671498823922e-07,1.20651764684276922e-05,1.23724710520754946e-11,0.00000000000000000e+00
1494,3.63479619783548851e-07,2.95704662342848766e-07,1.20431090341739572e-05,1.23341599622162556e-11,0.00000000000000000e+00
1495,3.62857102464631113e-07,2.95295362516163152e-07,1.20210914814790411e-05,1.22832121779119477e-11,0.00000000000000000e+00
1496,3.62235937421478855e-07,2.94886775316676783e-07,1.19991236865277995e-05,1.22850975508199872e-11,0.00000000000000000e+00
1497,3.61616142806073199e-07,2.94478915394395595e-07,1.19772055151702376e-05,1.22858439176967928e-11,0.00000000000000000e+00
1498,3.60997689227466990e-07,2.94071757814808697e-07,1.19553368510505607e-05,1.21709886553618547e-11,0.00000000000000000e+00
1499,3.60380556674899554e-07,2.93665295343059766e-07,1.19335175797753618e-05,1.22165839601062567e-11,0.00000000000000000e+00
1500,3.59764822222255578e-07,2.93259573828022940e-07,1.19117475486186999e-05,1.21730772872788840e-11,0.00000000000000000e+00
1501,3.59150389940588337e-07,2.92854533262692139e-07,1.18900266609843618e-05,1.21331210998766513e-11,0.00000000000000000e+00
1502,3.58537292031909693e-07,2.92450209727433661e-07,1.18683547840966956e-05,1.21538790430365203e-11,0.00000000000000000e+00
1503,3.57925556432257380e-07,2.92046590788944317e-07,1.18467317872677588e-05,1.20808614748375712e-11,0.00000000000000000e+00
1504,3.57315115659276488e-07,2.91643655213712560e-07,1.18251575661704310e-05,1.20596196147438902e-11,0.00000000000000000e+00
1505,3.56706024553341636e-07,2.91241439376022951e-07,1.18036319808773698e-05,1.19757669299285620e-11,0.00000000000000000e+00
1506,3.56098240501855203e-07,2.90839908797710020e-07,1.17821549221633039e-05,1.20319435834980975e-11,0.00000000000000000e+00
1507,3.55491815364195721e-07,2.90439092003807030e-07,1.17607262487857453e-05,1.19858569615611511e-11,0.00000000000000000e+00
1508,3.54886662190312671e-07,2.90038954385289333e-07,1.17393458624296186e-05,1.19019807788171584e-11,0.00000000000000000e+00
1509,3.54282821072795953e-07,2.89639503992486016e-07,1.17180136374180977e-05,1.19649095944721478e-11,0.00000000000000000e+00
1510,3.53680339678959257e-07,2.89240777151418760e-07,1.16967294292798318e-05,1.18280595020322249e-11,0.00000000000000000e+00
1511,3.53079089627467568e-07,2.88842699285176228e-07,1.16754931587882296e-05,1.17796954021702543e-11,0.00000000000000000e+00
1512,3.52479191643604559e-07,2.88445337790011581e-07,1.16543046717413682e-05,1.19304839935460406e-11,0.00000000000000000e+00
1513,3.51880640360747458e-07,2.88048673377936141e-07,1.16331638394981397e-05,1.18692922640356219e-11,0.00000000000000000e+00
1514,3.51283293815212448e-07,2.87652652237466107e-07,1.16120705861053895e-05,1.17919832513852592e-11,0.00000000000000000e+00
1515,3.50687259984590339e-07,2.87257329503764102e-07,1.15910247686470804e-05,1.18277120396528836e-11,0.00000000000000000e+00
1516,3.50092555657327250e-07,2.86862717531449354e-07,1.15700262527713659e-05,1.16524465301943720e-11,0.00000000000000000e+00
1517,3.49499079036103132e-07,2.86468730640360080e-07,1.15490749590487226e-05,1.18072829441325860e-11,0.00000000000000000e+00
1518,3.48906976118236966e-07,2.86075502269174703e-07,1.15281707086385130e-05,1.16978194950904121e-11,0.00000000000000000e+00
1519,3.48316068500790934e-07,2.85682861237355946e-07,1.15073134500453588e-05,1.14316475899064892e-11,0.00000000000000000e+00
1520,3.47726415549147841e-07,2.85290918085831679e-07,1.14865030483229001e-05,1.18508495428664759e-11,0.00000000000000000e+00
1521,3.47138228088628552e-07,2.84899751002992898e-07,1.14657393012948161e-05,1.15080679456777215e-11,0.00000000000000000e+00
1522,3.46551044707208260e-07,2.84509091437253531e-07,1.14450222450053183e-05,1.16043216205078423e-11,0.00000000000000000e+00
1523,3.45965287520087570e-07,2.84119230917124227e-07,1.14243516352287280e-05,1.14309148832571723e-11,0.00000000000000000e+00
1524,3.45380752977067872e-07,2.83729961759113393e-07,1.14037274205986563e-05,1.13608553817024493e-11,0.00000000000000000e+00
1525,3.44797470877037446e-07,2.83341400072729099e-07,1.13831494624080899e-05,1.15989732820298656e-11,0.00000000000000000e+00
1526,3.44215565853292045e-07,2.82953508788951788e-07,1.13626176114908690e-05,1.14795635708896519e-11,0.00000000000000000e+00
1527,3.43634735137522560e-07,2.82566239584875864e-07,1.13421318290603083e-05,1.16771839572231366e-11,0.00000000000000000e+00
1528,3.43055255588559727e-07,2.82179713129284089e-07,1.13216919239295738e-05,1.12114142147742162e-11,0.00000000000000000e+00
1529,3.42476898922501416e-07,2.81793697818083162e-07,1.13012978796760451e-05,1.16370770704273050e-11,0.00000000000000000e+00
1530,3.41900043067312975e-07,2.81408527548760810e-07,1.12809494262183848e-05,1.17202041896862558e-11,0.00000000000000000e+00
1531,3.41324253046282209e-07,2.81023901484255804e-07,1.12606465766966861e-05,1.10021051353371859e-11,0.00000000000000000e+00
1532,3.40749491602419133e-07,2.80639873279137027e-07,1.12403892645215876e-05,1.12444342512730815e-11,0.00000000000000000e+00
1533,3.40176380826916090e-07,2.80256680494901734e-07,1.12201771783004305e-05,1.02340428800378707e-11,0.00000000000000000e+00
1534,3.39604104930752580e-07,2.79873887492997364e-07,1.12000104535170781e-05,1.13460684573575844e-11,0.00000000000000000e+00
1535,3.39033637183655216e-07,2.79492153243407621e-07,1.11798886240336210e-05,8.39123849584869276e-12,0.00000000000000000e+00
1536,3.38463271508717488e-07,2.79110374679028511e-07,1.11598122062081540e-05,9.89252615697352056e-12,0.00000000000000000e+00
1537,3.37895565554515023e-07,2.78730153223347958e-07,1.11397802196075674e-05,1.10455061954807622e-11,0.00000000000000000e+00
1538,3.37328689757615940e-07,2.78350139892201114e-07,1.11197930331628110e-05,4.26725463378709387e-12,0.00000000000000000e+00
1539,3.36760786263541065e-07,2.77969938700911592e-07,1.10998513535338352e-05,9.39926622026312279e-12,0.00000000000000000e+00
1540,3.36198281891875683e-07,2.77592308400759869e-07,1.10799529550053968e-05,1.14753776343121523e-11,0.00000000000000000e+00
1541,3.35635014007297426e-07,2.77213963837397479e-07,1.10600993317695595e-05,1.12231238972963632e-11,0.00000000000000000e+00
1542,3.35071586716410916e-07,2.76836199366005860e-07,1.10402904168581943e-05,1.01443808960426069e-11,0.00000000000000000e+00
1543,3.34510465088231387e-07,2.76459240022159783e-07,1.10205256054883859e-05,1.09937550192344713e-11,0.00000000000000000e+00
1544,3.33950841053907271e-07,2.76083208210219825e-07,1.10008047613582284e-05,1.09653021067232490e-11,0.00000000000000000e+00
1545,3.33392124818476050e-07,2.75707641184356236e-07,1.09811279621084204e-05,7.30725991654556716e-12,0.00000000000000000e+00
1546,3.32833517684290015e-07,2.75332442257637017e-07,1.09614954472422625e-05,3.74824168194011435e-12,0.00000000000000000e+00
1547,3.32276778443493607e-07,2.74958090271191973e-07,1.09419067234890609e-05,9.26454028895096021e-12,0.00000000000000000e+00
1548,3.31724219259252340e-07,2.74585508602853872e-07,1.09223605621536523e-05,8.00894421884729531e-12,0.00000000000000000e+00
1549,3.31169079925331734e-07,2.74211963364611306e-07,1.09028588210927449e-05,1.35874254050909317e-11,0.00000000000000000e+00
1550,3.30617972359121145e-07,2.73839106179949088e-07,1.08833999525124427e-05,1.64942629471925035e-11,0.00000000000000000e+00
1551,3.30057848551613486e-07,2.73465758008855456e-07,1.08639875835004644e-05,6.38901077732752559e-12,0.00000000000000000e+00
1552,3.29515438273510191e-07,2.73097773675179331e-07,1.08446142579665635e-05,5.26452827866555779e-12,0.00000000000000000e+00
1553,3.28967063950959549e-07,2.72727016810811075e-07,1.08252848528284355e-05,2.02475512618523814e-11,0.00000000000000000e+00
1554,3.28421782447425068e-07,2.72357421447862795e-07,1.08059977054391434e-05,1.13747711666951203e-11,0.00000000000000000e+00
1555,3.27867413545387809e-07,2.71986634014577921e-07,1.07867561534927033e-05,2.18053990805763681e-11,0.00000000000000000e+00
1556,3.27328000550265641e-07,2.71618080039545655e-07,1.07675547105800586e-05,7.86601454861414706e-12,0.00000000000000000e+00
1557,3.26776239369981802e-07,2.71249325610009184e-07,1.07483988504013023e-05,1.37605723882740690e-11,0.00000000000000000e+00
1558,3.26237625897425216e-07,2.70883061940142237e-07,1.07292830921982955e-05,1.64848748461453793e-11,0.00000000000000000e+00
1559,3.25694832015051675e-07,2.70516167745603010e-07,1.07102106079048247e-05,6.75330073291648432e-12,0.00000000000000000e+00
1560,3.25149826891286158e-07,2.70149050911798266e-07,1.06911817509875730e-05,9.59607743098851719e-12,0.00000000000000000e+00
1561,3.24614034670342366e-07,2.69784047639349509e-07,1.06721933961630355e-05,4.53939339249852687e-12,0.00000000000000000e+00
1562,3.24071320877181748e-07,2.69418295824570264e-07,1.06532489850289322e-05,8.65355415380275323e-12,0.00000000000000000e+00
1563,3.23538303558330220e-07,2.69055332160081243e-07,1.06343444770131954e-05,7.75574845572673037e-12,0.00000000000000000e+00
1564,3.22999859263077407e-07,2.68690975024605297e-07,1.06154832295503744e-05,1.01300567439974850e-11,0.00000000000000000e+00
1565,3.22465283898299342e-07,2.68328256559794646e-07,1.05966631975585140e-05,8.09452407388936589e-12,0.00000000000000000e+00
1566,3.21926122688366563e-07,2.67963926115247752e-07,1.05778869157278504e-05,4.37975698743023510e-12,0.00000000000000000e+00
1567,3.21398784909686481e-07,2.67604249335626530e-07,1.05591493848355445e-05,1.30079283481433755e-11,0.00000000000000000e+00
1568,3.20867917706375293e-07,2.67242988523466509e-07,1.05404538028417170e-05,1.85429666069681644e-11,0.00000000000000000e+00
1569,3.20335744756326030e-07,2.66882485516749582e-07,1.05218000137392520e-05,1.89811165137731939e-11,0.00000000000000000e+00
1570,3.19805171306009772e-07,2.66521005607277439e-07,1.05031880186743136e-05,2.08237515288467409e-11,0.00000000000000000e+00
1571,3.19276752630518152e-07,2.66161614361796598e-07,1.04846168366214232e-05,1.43737441038895026e-11,0.00000000000000000e+00
1572,3.18746885102081759e-07,2.65802081946474287e-07,1.04660877957829603e-05,1.84958340240581764e-11,0.00000000000000000e+00
1573,3.18222830628855043e-07,2.65445069239967125e-07,1.04475983189292965e-05,1.92060227710910641e-11,0.00000000000000000e+00
1574,3.17696780419911037e-07,2.65086850306033171e-07,1.04291505207486883e-05,2.42020943902173566e-11,0.00000000000000000e+00
1575,3.17174452669033715e-07,2.64729611678530070e-07,1.04107429088471620e-05,1.95301489527246034e-11,0.00000000000000000e+00
1576,3.16648302785423954e-07,2.64372922645896758e-07,1.03923770967167184e-05,3.11607959619624610e-11,0.00000000000000000e+00
1577,3.16130661339057999e-07,2.64017450744918168e-07,1.03740500931314261e-05,2.95745849465686931e-11,0.00000000000000000e+00
1578,3.15606769735829205e-07,2.63662071136896474e-07,1.03557651411514009e-05,2.37360410600006210e-11,0.00000000000000000e+00
1579,3.15075548402494476e-07,2.63302736753160475e-07,1.03375250240933480e-05,2.28773823818812717e-11,0.00000000000000000e+00
1580,3.14564727711838416e-07,2.62953872316391977e-07,1.03193197759769490e-05,2.22125917301737976e-11,0.00000000000000000e+00
1581,3.14061034845882663e-07,2.62603303751520929e-07,1.03011511645939920e-05,4.58642837141464395e-12,0.00000000000000000e+00
1582,3.13529816592586205e-07,2.62244454023518301e-07,1.02830302816743963e-05,1.27327296639836949e-11,0.00000000000000000e+00
1583,3.13020994549359562e-07,2.61894964702403956e-07,1.02649442993798168e-05,2.81417730517227241e-12,0.00000000000000000e+00
1584,3.12502192616712761e-07,2.61541145668110812e-07,1.02469012078802586e-05,2.01920896982561010e-11,0.00000000000000000e+00
1585,3.11995661177403611e-07,2.61192114540908428e-07,1.02288946543086672e-05,1.94297738491532463e-11,0.00000000000000000e+00
1586,3.11479924200216006e-07,2.60840058979272204e-07,1.02109299791342271e-05,1.19066558605737214e-11,0.00000000000000000e+00
1587,3.10965663980017307e-07,2.60489027981926428e-07,1.01930056292269045e-05,1.28623973012784131e-11,0.00000000000000000e+00
1588,3.10458885373284635e-07,2.60140404681381449e-07,1.01751192344066244e-05,1.77215313008744461e-11,0.00000000000000000e+00
1589,3.09949831199894708e-07,2.59791450147220353e-07,1.01572725866500965e-05,2.66712958691101373e-11,0.00000000000000000e+00
1590,3.09444542471305869e-07,2.59443378775503686e-07,1.01394644660157418e-05,1.85388669110044942e-11,0.00000000000000000e+00
1591,3.08932449402579875e-07,2.59094635092210870e-07,1.01216975968116746e-05,1.18143649472746582e-11,0.00000000000000000e+00
1592,3.08427630594658311e-07,2.58747032820342560e-07,1.01039690328329439e-05,1.12339547339621373e-11,0.00000000000000000e+00
1593,3.07923310931060637e-07,2.58401043441429377e-07,1.00862792045011528e-05,6.58055798332381796e-12,0.00000000000000000e+00
1594,3.07416114116953513e-07,2.58054230083892740e-07,1.00686297826977250e-05,2.63667380573007131e-11,0.00000000000000000e+00
1595,3.06913473718656672e-07,2.57707946538950239e-07,1.00510191625115459e-05,3.17036091842891264e-11,0.00000000000000000e+00
1596,3.06427292133316787e-07,2.57369015681900547e-07,1.00334407515682097e-05,1.39665569549085682e-11,0.00000000000000000e+00
1597,3.05915259579845864e-07,2.57019710496421143e-07,1.00159080323683564e-05,1.76882292564846885e-11,0.00000000000000000e+00
1598,3.05416703758196392e-07,2.56676054007565935e-07,9.99841153766021357e-06,2.57497072991031850e-11,0.00000000000000000e+00
1599,3.04920625172654746e-07,2.56333584811193763e-07,9.98095279229760724e-06,4.69688671186755369e-12,0.00000000000000000e+00
1600,3.04416011184980142e-07,2.55988809248856346e-07,9.96353547019061429e-06,1.73492924815364152e-12,0.00000000000000000e+00
1601,3.03923721341744637e-07,2.55647513870617012e-07,9.94615389489290359e-06,3.81412580820298400e-11,0.00000000000000000e+00
1602,3.03437819270193821e-07,2.55308857005263844e-07,9.92880741955750569e-06,3.00062431311206423e-11,0.00000000000000000e+00
1603,3.02935548299378748e-07,2.54965644347192069e-07,9.91150336872482751e-06,1.81607656198180821e-11,0.00000000000000000e+00
1604,3.02439375925583510e-07,2.54623941900695438e-07,9.89423723209477158e-06,2.38989208623591432e-11,0.00000000000000000e+00
1605,3.01951522061746415e-07,2.54284916607530745e-07,9.87700695418584588e-06,1.51698863303957468e-11,0.00000000000000000e+00
1606,3.01449360031687606e-07,2.53943441789033264e-07,9.85981906744055353e-06,2.81022498450764498e-11,0.00000000000000000e+00
1607,3.00977782158424371e-07,2.53609975962856624e-07,9.84266054523364317e-06,3.50214975147670164e-11,0.00000000000000000e+00
1608,3.00483134879378582e-07,2.53269555597031826e-07,9.82554412531853443e-06,2.16627903646628227e-11,0.00000000000000000e+00
1609,2.99988673163001358e-07,2.52929920045628821e-07,9.80846671130445353e-06,2.57667767954505736e-11,0.00000000000000000e+00
1610,2.99505522831911419e-07,2.52593207088086133e-07,9.79142446567030301e-06,1.90084419223211809e-11,0.00000000000000000e+00
1611,2.99016662839651586e-07,2.52256338719780502e-07,9.77442095193470366e-06,1.37312359411860837e-11,0.00000000000000000e+00
1612,2.98532915546640600e-07,2.51920157239854620e-07,9.75745402237267633e-06,1.03520264196182266e-11,0.00000000000000000e+00
1613,2.98048263918202877e-07,2.51585023884441142e-07,9.74052443719537639e-06,2.23458816866035126e-11,0.00000000000000000e+00
1614,2.97569073764809245e-07,2.51250903316336230e-07,9.72363029320042753e-06,3.21273236733810688e-11,0.00000000000000000e+00
1615,2.97086873490952745e-07,2.50917047450104210e-07,9.70677353407750510e-06,3.89999660179724900e-11,0.00000000000000000e+00
1616,2.96606306266864560e-07,2.50581938398551713e-07,9.68995383399179268e-06,2.47673987051856111e-11,0.00000000000000000e+00
1617,2.96121171000436798e-07,2.50247525747451177e-07,9.67317256402705337e-06,3.11033294659771508e-11,0.00000000000000000e+00
1618,2.95645549397610478e-07,2.49915643733773553e-07,9.65642590067337841e-06,4.36172389077580101e-11,0.00000000000000000e+00
1619,2.95170096900625138e-07,2.49583418134512379e-07,9.63971547176591272e-06,4.71301206580754217e-11,0.00000000000000000e+00
1620,2.94691333641273998e-07,2.49252235688213945e-07,9.62304231031852545e-06,2.38656067872288236e-11,0.00000000000000000e+00
1621,2.94209756586033880e-07,2.48918387159398743e-07,9.60640776543410878e-06,3.74138690825207535e-11,0.00000000000000000e+00
1622,2.93739452624573196e-07,2.48590959532006110e-07,9.58980600081237641e-06,4.25890160086195959e-11,0.00000000000000000e+00
1623,2.93266702231689907e-07,2.48259331665909069e-07,9.57324151339821837e-06,4.96456537067107737e-11,0.00000000000000000e+00
1624,2.92793226613033127e-07,2.47930502863110736e-07,9.55671294718242376e-06,1.74089485560782621e-11,0.00000000000000000e+00
1625,2.92313071644927787e-07,2.47598441984342205e-07,9.54022382325350200e-06,3.50151797569742539e-11,0.00000000000000000e+00
1626,2.91850276494640247e-07,2.47272997505929586e-07,9.52376574066320139e-06,5.69181324961356838e-11,0.00000000000000000e+00
1627,2.91383154462237220e-07,2.46945483023998664e-07,9.50734377050420544e-06,4.49706703249390787e-11,0.00000000000000000e+00
1628,2.90908274292432184e-07,2.46615895276014056e-07,9.49096040406915283e-06,1.12908870818179632e-11,0.00000000000000000e+00
1629,2.90433378010752831e-07,2.46287081496110496e-07,9.47461430926366104e-06,2.50303464694172097e-11,0.00000000000000000e+00
1630,2.89973834143990287e-07,2.45964080904090030e-07,9.45829942705178195e-06,4.83996368000843782e-11,0.00000000000000000e+00
1631,2.89513293019641196e-07,2.45638743074869733e-07,9.44201938253973594e-06,1.90645158349026299e-11,0.00000000000000000e+00
1632,2.89035385877733962e-07,2.45310385498170342e-07,9.42578014735542234e-06,1.83831072746081782e-11,0.00000000000000000e+00
1633,2.88576500442996342e-07,2.44986626152103204e-07,9.40957229407421550e-06,1.24267292010401342e-11,0.00000000000000000e+00
1634,2.88111309432769078e-07,2.44661898913638455e-07,9.39340118421423982e-06,5.34177418218811082e-11,0.00000000000000000e+00
1635,2.87661902268102273e-07,2.44341016679706362e-07,9.37726018500318980e-06,5.73928796113522686e-11,0.00000000000000000e+00
1636,2.87192773775502358e-07,2.44015827384351616e-07,9.36115872700131729e-06,2.54656740910621689e-11,0.00000000000000000e+00
1637,2.86723174127661512e-07,2.43691296704851873e-07,9.34509447079660924e-06,4.41538958671824436e-11,0.00000000000000000e+00
1638,2.86272938501682473e-07,2.43371031713252427e-07,9.32906013143674763e-06,2.22379408488315825e-11,0.00000000000000000e+00
1639,2.85807243245577716e-07,2.43046976288082296e-07,9.31306491540740562e-06,4.17187731214209003e-11,0.00000000000000000e+00
1640,2.85339776482764384e-07,2.42723484884836694e-07,9.29710735504507994e-06,4.25548830336376734e-11,0.00000000000000000e+00
1641,2.84910713664122132e-07,2.42412863331296629e-07,9.28117148762259101e-06,6.75800184075631564e-11,0.00000000000000000e+00
1642,2.84450668259274903e-07,2.42088737446217741e-07,9.26527658018920027e-06,2.81131181030032187e-11,0.00000000000000000e+00
1643,2.83979445709137179e-07,2.41764695026729660e-07,9.24942130300556479e-06,4.71524095942273278e-11,0.00000000000000000e+00
1644,2.83535056643160556e-07,2.41448123419750567e-07,9.23359414006320932e-06,3.81726384928507526e-11,0.00000000000000000e+00
1645,2.83077970266239144e-07,2.41128112311050532e-07,9.21780439185200801e-06,4.03074837178096242e-11,0.00000000000000000e+00
1646,2.82627997024860917e-07,2.40809843321098924e-07,9.20204742692985502e-06,4.35659571240904336e-11,0.00000000000000000e+00
1647,2.82176429759994084e-07,2.40492583530965360e-07,9.18632483654251309e-06,3.43575090138495445e-11,0.00000000000000000e+00
1648,2.81723905717641665e-07,2.40174700197277536e-07,9.17063708237451092e-06,3.65745260653165575e-11,0.00000000000000000e+00
1649,2.81276436714837710e-07,2.39858528898802740e-07,9.15498224107503682e-06,2.45217742813082285e-11,0.00000000000000000e+00
1650,2.80825634287967007e-07,2.39541409749926882e-07,9.13936251645341005e-06,2.49947608435737462e-11,0.00000000000000000e+00
1651,2.80379330836309383e-07,2.39227025925905280e-07,9.12377541341941965e-06,3.21835450639040095e-11,0.00000000000000000e+00
1652,2.79935667243020697e-07,2.38912010338805554e-07,9.10822131956056326e-06,2.88749252199729925e-11,0.00000000000000000e+00
1653,2.79487473672631949e-07,2.38596680708423476e-07,9.09270206226594829e-06,2.75883645339176827e-11,0.00000000000000000e+00
1654,2.79042912951112350e-07,2.38282454946369578e-07,9.07721583732893916e-06,5.93863931647993419e-11,0.00000000000000000e+00
1655,2.78606445062788964e-07,2.37970551475313749e-07,9.06176019468480964e-06,4.12165280725356100e-11,0.00000000000000000e+00
1656,2.78154555097724565e-07,2.37655027300204661e-07,9.04634241347341742e-06,5.51297867010215721e-11,0.00000000000000000e+00
1657,2.77717272398011814e-07,2.37343823762033460e-07,9.03095459005291355e-06,6.22455264510569809e-11,0.00000000000000000e+00
1658,2.77276115170634993e-07,2.37030474947497220e-07,9.01560080829231879e-06,5.22719466151191330e-11,0.00000000000000000e+00
1659,2.76831597907873677e-07,2.36718813785305527e-07,9.00028142383118082e-06,5.05902433202756943e-11,0.00000000000000000e+00
1660,2.76393696512184374e-07,2.36407574569653769e-07,8.98499403296439604e-06,2.67439761707116904e-11,0.00000000000000000e+00
1661,2.75950052310286389e-07,2.36095593665259020e-07,8.96974177367001967e-06,1.74260112921113719e-11,0.00000000000000000e+00
1662,2.75515074111683087e-07,2.35785916143183486e-07,8.95452063683479447e-06,1.85052232299066387e-11,0.00000000000000000e+00
1663,2.75079592272294465e-07,2.35477533363123566e-07,8.93933196131420296e-06,5.67286572723941440e-11,0.00000000000000000e+00
1664,2.74654567476017148e-07,2.35169336566564093e-07,8.92417248397645562e-06,3.19834540741313248e-11,0.00000000000000000e+00
1665,2.74206401626232196e-07,2.34858686006627210e-07,8.90905168232027737e-06,4.67907908775810419e-11,0.00000000000000000e+00
1666,2.73778719673074580e-07,2.34551242764998096e-07,8.89395910243850046e-06,5.05775037290427683e-11,0.00000000000000000e+00
1667,2.73344411064006995e-07,2.34243658291037602e-07,8.87890019707065737e-06,5.21320817851415210e-11,0.00000000000000000e+00
1668,2.72912037889030539e-07,2.33934964678566841e-07,8.86387388893929357e-06,6.51662861311542112e-11,0.00000000000000000e+00
1669,2.72482838457983872e-07,2.33629108360642411e-07,8.84887863070906640e-06,2.49976634286554649e-11,0.00000000000000000e+00
1670,2.72042281809864197e-07,2.33320297881247407e-07,8.83392005028710428e-06,1.25187118980480302e-11,0.00000000000000000e+00
1671,2.71615022443398813e-07,2.33015792569734226e-07,8.81899084832039743e-06,2.82791828089214901e-11,0.00000000000000000e+00
1672,2.71193280949973465e-07,2.32711839099421046e-07,8.80409149514908233e-06,4.03444562497704495e-11,0.00000000000000000e+00
1673,2.70765564805152605e-07,2.32406973744514147e-07,8.78922499288304168e-06,5.69043752869329318e-11,0.00000000000000000e+00
1674,2.70340581094891686e-07,2.32102692364316697e-07,8.77438962986608502e-06,2.90127058726570181e-11,0.00000000000000000e+00
1675,2.69904342272523827e-07,2.31796053154811100e-07,8.75959008418538754e-06,1.47026577925824366e-11,0.00000000000000000e+00
1676,2.69480024136143430e-07,2.31493839015436189e-07,8.74482032863578775e-06,6.72326735776464026e-11,0.00000000000000000e+00
1677,2.69070830711592227e-07,2.31194124502000481e-07,8.73007659297693336e-06,2.16857833942392400e-11,0.00000000000000000e+00
1678,2.68629083692277116e-07,2.30886746264286853e-07,8.71537368151950834e-06,3.98412938676053797e-11,0.00000000000000000e+00
1679,2.68216448365920597e-07,2.30587191494367607e-07,8.70069558106460271e-06,1.63024716436332375e-11,0.00000000000000000e+00
1680,2.67786562143452508e-07,2.30284086525504581e-07,8.68605322687316655e-06,3.41022795275371832e-11,0.00000000000000000e+00
1681,2.67373836742749993e-07,2.29984414189887445e-07,8.67143804254038694e-06,7.33571657993243143e-11,0.00000000000000000e+00
1682,2.66959547434898956e-07,2.29685241855334250e-07,8.65685298364360050e-06,4.14125670970785930e-11,0.00000000000000000e+00
1683,2.66527427997781494e-07,2.29381601556860917e-07,8.64230495632030891e-06,2.32619358665816336e-11,0.00000000000000000e+00
1684,2.66107610954419789e-07,2.29082535092004184e-07,8.62778623293946185e-06,4.92327270652112601e-11,0.00000000000000000e+00
1685,2.65700084049399429e-07,2.28784926746445154e-07,8.61329473068207701e-06,2.88877052195321447e-11,0.00000000000000000e+00
1686,2.65274861034828721e-07,2.28484403403387956e-07,8.59883874188010575e-06,6.89951832407596275e-11,0.00000000000000000e+00
1687,2.64870074646008807e-07,2.28188710319593538e-07,8.58440802578823713e-06,3.29788162595959079e-11,0.00000000000000000e+00
1688,2.64442032864965551e-07,2.27887425622308794e-07,8.57001485186578952e-06,5.32983724421172226e-11,0.00000000000000000e+00
1689,2.64036068325435992e-07,2.27592343124796373e-07,8.55564697725093471e-06,1.47016122723258439e-11,0.00000000000000000e+00
1690,2.63612093180434520e-07,2.27292588398785689e-07,8.54131520686516471e-06,3.42565044349972280e-11,0.00000000000000000e+00
1691,2.63209192520719982e-07,2.26999151411206463e-07,8.52700847202671804e-06,7.58768755387032476e-11,0.00000000000000000e+00
1692,2.62804204569708697e-07,2.26704284907832351e-07,8.51273114548913913e-06,3.82480251041789853e-11,0.00000000000000000e+00
1693,2.62378939944490189e-07,2.26405028278903111e-07,8.49849072365329232e-06,9.75859747865565787e-12,0.00000000000000000e+00
1694,2.61963194578207285e-07,2.26108820348118880e-07,8.48428073085999467e-06,4.58973687896882672e-11,0.00000000000000000e+00
1695,2.61573305432347643e-07,2.25820052279686199e-07,8.47009228574381551e-06,4.28821996332139461e-11,0.00000000000000000e+00
1696,2.61157639710408653e-07,2.25523260182159058e-07,8.45593995293875887e-06,4.06610958868860863e-11,0.00000000000000000e+00
1697,2.60748178027694811e-07,2.25228479389304655e-07,8.44181715811859223e-06,5.36643156945330587e-11,0.00000000000000000e+00
1698,2.60343868005267396e-07,2.24936148339425217e-07,8.42772297696762431e-06,2.46208950321204194e-11,0.00000000000000000e+00
1699,2.59930961002545510e-07,2.24641060326188853e-07,8.41366209714585447e-06,6.29322148396876557e-11,0.00000000000000000e+00
1700,2.59536840649045168e-07,2.24352289189490573e-07,8.39962541054804691e-06,7.22560817268268835e-12,0.00000000000000000e+00
1701,2.59113161357954562e-07,2.24055719184730704e-07,8.38562777048149118e-06,6.38244274028991992e-11,0.00000000000000000e+00
1702,2.58733832688446216e-07,2.23770821276220235e-07,8.37164750211924040e-06,6.57182071577832293e-12,0.00000000000000000e+00
1703,2.58309451969977353e-07,2.23473121748389099e-07,8.35770935652768130e-06,3.93939660968599038e-11,0.00000000000000000e+00
1704,2.57922669669691370e-07,2.23187990111260388e-07,8.34379066951480332e-06,3.68502267604176394e-11,0.00000000000000000e+00
1705,2.57516914347341869e-07,2.22895596443359759e-07,8.32990598376117500e-06,3.53793192888977978e-11,0.00000000000000000e+00
1706,2.57115775619442489e-07,2.22605357200762265e-07,8.31605032262306207e-06,2.09399480748664337e-11,0.00000000000000000e+00
1707,2.56712677725610718e-07,2.22315419638045673e-07,8.30222505978906736e-06,4.67746583761786181e-11,0.00000000000000000e+00
1708,2.56321593566419630e-07,2.22028664181989060e-07,8.28842554734211126e-06,4.99069903130672595e-11,0.00000000000000000e+00
1709,2.55921392901701828e-07,2.21739643091667098e-07,8.27465736430002550e-06,6.29769364159447472e-11,0.00000000000000000e+00
1710,2.55525275338413351e-07,2.21451622000953357e-07,8.26091738909759540e-06,1.16806887001048456e-11,0.00000000000000000e+00
1711,2.55116008804281443e-07,2.21161163423424081e-07,8.24721172680913074e-06,7.14346945298109671e-11,0.00000000000000000e+00
1712,2.54711833814381906e-07,2.20873303935787054e-07,8.23353683766806138e-06,4.03440492797044398e-11,0.00000000000000000e+00
1713,2.54353019029257356e-07,2.20597965938987592e-07,8.21987494616497346e-06,7.84640677701061406e-11,0.00000000000000000e+00
1714,2.53952762955945537e-07,2.20308098220217133e-07,8.20625003093343951e-06,6.39982140689228229e-11,0.00000000000000000e+00
1715,2.53547883255988273e-07,2.20018289054181675e-07,8.19265719016637703e-06,5.12550148442043159e-11,0.00000000000000000e+00
1716,2.53152563429459991e-07,2.19732101623314335e-07,8.17909218668626905e-06,6.74342317578260286e-11,0.00000000000000000e+00
1717,2.52765781411435191e-07,2.19448076469560634e-07,8.16555346159383178e-06,1.66326932511029037e-11,0.00000000000000000e+00
1718,2.52363694911119325e-07,2.19161302958580116e-07,8.15204866992808245e-06,3.93655470513193163e-11,0.00000000000000000e+00
1719,2.51984463304871563e-07,2.18881252801174505e-07,8.13856595719608343e-06,4.29343780728854763e-11,0.00000000000000000e+00
1720,2.51594402670272708e-07,2.18596458618326562e-07,8.12511406474675581e-06,2.81072459497094967e-11,0.00000000000000000e+00
1721,2.51200384964133283e-07,2.18312523482461755e-07,8.11169204166340639e-06,1.85854271370051370e-11,0.00000000000000000e+00
1722,2.50813742390326046e-07,2.18029637160501025e-07,8.09829741952473955e-06,7.10332194465910673e-11,0.00000000000000000e+00
1723,2.50439476816755135e-07,2.17750781253224181e-07,8.08492596893659022e-06,5.01903769403646152e-11,0.00000000000000000e+00
1724,2.50040205996782427e-07,2.17466182548485883e-07,8.07158932802012654e-06,4.93499585244653738e-11,0.00000000000000000e+00
1725,2.49657193042374102e-07,2.17184416412553665e-07,8.05827820454980710e-06,5.98279799695672099e-11,0.00000000000000000e+00
1726,2.49274341972753950e-07,2.16904448567891445e-07,8.04499434011341375e-06,4.54664663838962230e-11,0.00000000000000000e+00
1727,2.48885855177234020e-07,2.16622716982087132e-07,8.03174049205258681e-06,3.88443462811851276e-11,0.00000000000000000e+00
1728,2.48502657827991526e-07,2.16342966190693907e-07,8.01851367234070462e-06,4.38929034070818798e-11,0.00000000000000000e+00
1729,2.48123042515870168e-07,2.16063806029941482e-07,8.00531370677773357e-06,3.19018785965649707e-11,0.00000000000000000e+00
1730,2.47738436519794697e-07,2.15783781238545728e-07,7.99214295458325234e-06,4.46618375193909828e-11,0.00000000000000000e+00
1731,2.47361011784094033e-07,2.15506462754684286e-07,7.97899779585697279e-06,4.11130187550686527e-11,0.00000000000000000e+00
1732,2.46978582594081960e-07,2.15227336113660175e-07,7.96588164653363579e-06,2.57877595487045961e-11,0.00000000000000000e+00
1733,2.46596382100678074e-07,2.14948651147924569e-07,7.95279385977576208e-06,7.47966561740430901e-11,0.00000000000000000e+00
1734,2.46229487749239652e-07,2.14673982692183964e-07,7.93972831098193562e-06,5.54866492628579184e-11,0.00000000000000000e+00
1735,2.45841428364897851e-07,2.14394640846557311e-07,7.92669583277452267e-06,3.38854226085034679e-11,0.00000000000000000e+00
1736,2.45460885113758811e-07,2.14116627164166692e-07,7.91369040909361956e-06,5.11961486935600546e-11,0.00000000000000000e+00
1737,2.45090800351350242e-07,2.13842332796189798e-07,7.90070905609114862e-06,5.77437481346857845e-11,0.00000000000000000e+00
1738,2.44714682113219892e-07,2.13566021876204939e-07,7.88775604023474829e-06,6.10031847213135000e-11,0.00000000000000000e+00
1739,2.44339218270025314e-07,2.13289806760365394e-07,7.87483039508763383e-06,7.28540912585218091e-11,0.00000000000000000e+00
1740,2.43965629995474154e-07,2.13016281316740102e-07,7.86193167775361081e-06,7.01238280600884149e-11,0.00000000000000000e+00
1741,2.43589814293031088e-07,2.12724520433650190e-07,7.84905991851727500e-06,4.36732671920013979e-11,0.00000000000000000e+00
1742,2.43212016758489972e-07,2.12462211433338150e-07,7.83621687547682190e-06,5.62981928636119849e-11,0.00000000000000000e+00
1743,2.42846397206892496e-07,2.12192228589830842e-07,7.82339761861341868e-06,7.13650321205740172e-11,0.00000000000000000e+00
1744,2.42476437441480537e-07,2.11919693652950388e-07,7.81060625076207198e-06,5.32197023094378376e-11,0.00000000000000000e+00
1745,2.42099780837479924e-07,2.11629308992879872e-07,7.79784291567070529e-06,6.11036831987676893e-11,0.00000000000000000e+00
1746,2.41733300514806549e-07,2.11370802196074062e-07,7.78510410686185822e-06,3.27997301729326649e-11,0.00000000000000000e+00
1747,2.41358071975304575e-07,2.11100156170015435e-07,7.77239495025753275e-06,6.33334452442279783e-11,0.00000000000000000e+00
1748,2.40999365897300197e-07,2.10831302278396331e-07,7.75970829119938998e-06,3.07627005931258324e-11,0.00000000000000000e+00
1749,2.40621452069521254e-07,2.10541555464165698e-07,7.74705239373685631e-06,5.25736660808044005e-11,0.00000000000000000e+00
1750,2.40262799162816935e-07,2.10285487051728567e-07,7.73441896149430098e-06,3.51958179489958122e-11,0.00000000000000000e+00
1751,2.39890224336933062e-07,2.10000344435570498e-07,7.72181440047200663e-06,4.65652321395317671e-11,0.00000000000000000e+00
1752,2.39512256965191327e-07,2.09740843246907098e-07,7.70924086819126792e-06,5.72386859668333904e-11,0.00000000000000000e+00
1753,2.39178214850412273e-07,2.09483548243968914e-07,7.69667887169331388e-06,6.94651282446340510e-11,0.00000000000000000e+00
1754,2.38804884262260753e-07,2.09210564559936437e-07,7.68415246082524300e-06,3.26281809718773566e-11,0.00000000000000000e+00
1755,2.38429062327964788e-07,2.08922579763174468e-07,7.67165405326890993e-06,2.06361828551879777e-11,0.00000000000000000e+00
1756,2.38068644417896825e-07,2.08666691967290704e-07,7.65917909412089537e-06,7.03642790058721533e-11,0.00000000000000000e+00
1757,2.37718484768794228e-07,2.08404901601483023e-07,7.64672654357980446e-06,6.40329901118889004e-11,0.00000000000000000e+00
1758,2.37349948781805469e-07,2.08119766333305994e-07,7.63430339039668472e-06,5.47291347399336071e-11,0.00000000000000000e+00
1759,2.36986343080645400e-07,2.07863926029687615e-07,7.62190618565446903e-06,4.20116461657199286e-11,0.00000000000000000e+00
1760,2.36625009241342658e-07,2.07600091495054963e-07,7.60953480705399697e-06,4.58706959805846301e-11,0.00000000000000000e+00
1761,2.36268692233793406e-07,2.07334474796778451e-07,7.59718873598157585e-06,1.29821215557850154e-11,0.00000000000000000e+00
1762,2.35898637440144545e-07,2.07050386861230770e-07,7.58487216733067864e-06,5.79640945877329934e-11,0.00000000000000000e+00
1763,2.35562991886608150e-07,2.06804338128062288e-07,7.57257056146449293e-06,5.82140368502913687e-11,0.00000000000000000e+00
1764,2.35197437926343642e-07,2.06537907565138159e-07,7.56030218374004108e-06,6.86758186215810764e-11,0.00000000000000000e+00
1765,2.34840471647919237e-07,2.06257558163763740e-07,7.54805748795087521e-06,3.62722109188469301e-11,0.00000000000000000e+00
1766,2.34476603847328858e-07,2.05988300207015151e-07,7.53584023192114648e-06,6.29362350593380815e-11,0.00000000000000000e+00
1767,2.34131474216016238e-07,2.05740938368365102e-07,7.52364441013599475e-06,8.53148090288831738e-11,0.00000000000000000e+00
1768,2.33777709898131686e-07,2.05465320948882402e-07,7.51147459461786983e-06,4.90619468628166022e-11,0.00000000000000000e+00
1769,2.33413387444170923e-07,2.05197370855093074e-07,7.49933318198593651e-06,6.89499833520828118e-11,0.00000000000000000e+00
1770,2.33068744473447642e-07,2.04950605710636254e-07,7.48721338703926298e-06,5.17522396194028228e-11,0.00000000000000000e+00
1771,2.32710884127842657e-07,2.04675076395908053e-07,7.47512157302528396e-06,6.23816555515509665e-11,0.00000000000000000e+00
1772,2.32363041067402108e-07,2.04410913157817159e-07,7.46305225175902905e-06,1.20194827457594258e-11,0.00000000000000000e+00
1773,2.31996811597942672e-07,2.04145734590720243e-07,7.45101386534466205e-06,8.23523227582030954e-11,0.00000000000000000e+00
1774,2.31674851234250062e-07,2.03908216262697810e-07,7.43898690844826487e-06,3.52735227248131623e-11,0.00000000000000000e+00
1775,2.31304984252909335e-07,2.03644319149096446e-07,7.42699737598498805e-06,7.08033683348343330e-11,0.00000000000000000e+00
1776,2.30966039603341291e-07,2.03386768536400950e-07,7.41502597142094279e-06,2.06223724735156463e-11,0.00000000000000000e+00
1777,2.30605178806634111e-07,2.03107827210124736e-07,7.40308488341248028e-06,3.01062082003906314e-11,0.00000000000000000e+00
1778,2.30254636441347043e-07,2.02859478744549442e-07,7.39116814567353479e-06,5.67272938690738100e-11,0.00000000000000000e+00
1779,2.29930366114433144e-07,2.02610346868713758e-07,7.37926578902921258e-06,2.07410881559270922e-11,0.00000000000000000e+00
1780,2.29567911856990590e-07,2.02346313257917405e-07,7.36739917119669845e-06,5.56399027431585814e-11,0.00000000000000000e+00
1781,2.29231980125626558e-07,2.02074082727471116e-07,7.35555008656564683e-06,3.02762781627468626e-11,0.00000000000000000e+00
1782,2.28877142022399896e-07,2.01811196437861006e-07,7.34372950889459849e-06,4.35065198026735344e-12,0.00000000000000000e+00
1783,2.28531151364174631e-07,2.01566713547049703e-07,7.33193398759179798e-06,6.85002645539786565e-11,0.00000000000000000e+00
1784,2.28203968287345776e-07,2.01301320985804903e-07,7.32015534363067206e-06,6.76164540744511049e-11,0.00000000000000000e+00
1785,2.27852664924361226e-07,2.01039651255646677e-07,7.30840642984178951e-06,4.19237641884148677e-11,0.00000000000000000e+00
1786,2.27503551729937401e-07,2.00780593521898036e-07,7.29668216978881888e-06,8.09376247323350355e-12,0.00000000000000000e+00
1787,2.27155833253204858e-07,2.00538320649827704e-07,7.28498388640059567e-06,4.97003500210398643e-11,0.00000000000000000e+00
1788,2.26833405174039400e-07,2.00290845742701805e-07,7.27330225932433499e-06,6.27975218123205222e-11,0.00000000000000000e+00
1789,2.26488963328656363e-07,2.00018852728416708e-07,7.26164861480383047e-06,2.40006166701923512e-11,0.00000000000000000e+00
1790,2.26138372365280215e-07,1.99757615757739330e-07,7.25002155909547756e-06,1.19348547894083777e-11,0.00000000000000000e+00
1791,2.25797163046234767e-07,1.99517742409875714e-07,7.23841777782465140e-06,6.28568824751425344e-11,0.00000000000000000e+00
1792,2.25479453607080377e-07,1.99271371652854410e-07,7.22682965558590253e-06,1.45524454668382231e-11,0.00000000000000000e+00
1793,2.25122718034169554e-07,1.99013203803909711e-07,7.21527639827564857e-06,4.77107222618514021e-11,0.00000000000000000e+00
1794,2.24796921344747282e-07,1.98746170639857853e-07,7.20373917190674544e-06,2.66442000971879954e-11,0.00000000000000000e+00
1795,2.24451925109334083e-07,1.98488651817299155e-07,7.19223005462541557e-06,7.53328454065396457e-11,0.00000000000000000e+00
1796,2.24127985271229114e-07,1.98237545454039539e-07,7.18073866753210133e-06,6.43921000930175785e-11,0.00000000000000000e+00
1797,2.23784160625113927e-07,1.97982529791823226e-07,7.16927572027015113e-06,7.57167259281648777e-11,0.00000000000000000e+00
1798,2.23452158377317893e-07,1.97730460525848204e-07,7.15783392484035931e-06,5.63781929606407955e-11,0.00000000000000000e+00
1799,2.23113203077189784e-07,1.97478148513485928e-07,7.14641776364328854e-06,3.49962207189723839e-11,0.00000000000000000e+00
1800,2.22777629391139766e-07,1.97225931502112247e-07,7.13502426731387941e-06,5.24099472569820281e-11,0.00000000000000000e+00
1801,2.22451763399018877e-07,1.96991290095907833e-07,7.12365228683595630e-06,4.90194525043934274e-11,0.00000000000000000e+00
1802,2.22116907023233462e-07,1.96729027337364600e-07,7.11230506166585949e-06,2.00175769150392448e-11,0.00000000000000000e+00
1803,2.21779837453381461e-07,1.96474808582419149e-07,7.10098201836749801e-06,3.37202777374343265e-11,0.00000000000000000e+00
1804,2.21456490000250429e-07,1.96240596170271232e-07,7.08967962773483577e-06,7.42214394467027084e-11,0.00000000000000000e+00
1805,2.21132726068111757e-07,1.95980758248560398e-07,7.07839846448299449e-06,5.62072214021236159e-11,0.00000000000000000e+00
1806,2.20793562133605906e-07,1.95726723824811876e-07,7.06714468588479268e-06,4.14555406682679099e-11,0.00000000000000000e+00
1807,2.20463742282662993e-07,1.95476244390078479e-07,7.05591290093092422e-06,6.32574991793638476e-11,0.00000000000000000e+00
1808,2.20141651258380589e-07,1.95229507966824390e-07,7.04470119754020678e-06,2.84041569025005402e-11,0.00000000000000000e+00
1809,2.19804755329359563e-07,1.94979526484202537e-07,7.03351684008095070e-06,6.17150893494498136e-11,0.00000000000000000e+00
1810,2.19487834572490742e-07,1.94733621177860829e-07,7.02234981878050927e-06,4.34359602032276732e-11,0.00000000000000000e+00
1811,2.19154877606802555e-07,1.94485312550796307e-07,7.01120969412461602e-06,3.70649198942127204e-11,0.00000000000000000e+00
1812,2.18829203791545171e-07,1.94238084341020556e-07,7.00009082596507818e-06,3.86655675278116259e-11,0.00000000000000000e+00
1813,2.18505435445042307e-07,1.93992081864883012e-07,6.98899412697951186e-06,3.65085722324735614e-11,0.00000000000000000e+00
1814,2.18180919271552633e-07,1.93745440614901451e-07,6.97792020881539051e-06,5.34417505741951711e-11,0.00000000000000000e+00
1815,2.17859784814550667e-07,1.93500236200213960e-07,6.96686749056996569e-06,6.19741442226110353e-11,0.00000000000000000e+00
1816,2.17535715284155355e-07,1.93254548333308332e-07,6.95583778299053685e-06,1.98841744000609426e-11,0.00000000000000000e+00
1817,2.17204077194508469e-07,1.93006855870287872e-07,6.94483410277348023e-06,7.88981221593463496e-11,0.00000000000000000e+00
1818,2.16898383935218289e-07,1.92765289193106818e-07,6.93384477812387350e-06,2.88056419144747753e-11,0.00000000000000000e+00
1819,2.16560264932331262e-07,1.92517996640120575e-07,6.92288650664261870e-06,5.89065154300140077e-11,0.00000000000000000e+00
1820,2.16251039157791575e-07,1.92275453963260553e-07,6.91194346496866938e-06,5.35753865910884376e-11,0.00000000000000000e+00
1821,2.15924529241997109e-07,1.92031263474440765e-07,6.90102633143893712e-06,7.45466578507017320e-11,0.00000000000000000e+00
1822,2.15610831913573453e-07,1.91788134590796408e-07,6.89012843976858482e-06,3.72870155763812897e-11,0.00000000000000000e+00
1823,2.15281463169860168e-07,1.91543222494670386e-07,6.87925728261791327e-06,5.92936820385608747e-11,0.00000000000000000e+00
1824,2.14971060045507062e-07,1.91302399891853583e-07,6.86840319276288689e-06,1.31234205732847151e-11,0.00000000000000000e+00
1825,2.14638392293502487e-07,1.91056481476641915e-07,6.85757786332950011e-06,7.11123090790448322e-11,0.00000000000000000e+00
1826,2.14345967296646097e-07,1.90836352746320262e-07,6.84676304649760160e-06,4.61255103753543989e-11,0.00000000000000000e+00
1827,2.14015145480945199e-07,1.90578342808211704e-07,6.83597923580321638e-06,4.45291433856663916e-11,0.00000000000000000e+00
1828,2.13699380478520691e-07,1.90334476810415443e-07,6.82521457830550408e-06,4.88526496879942869e-11,0.00000000000000000e+00
1829,2.13384844437287129e-07,1.90093219196197005e-07,6.81447118769098610e-06,6.66166718292000925e-11,0.00000000000000000e+00
1830,2.13073251215960025e-07,1.89852644005039348e-07,6.80374840148268204e-06,3.25936077997275240e-11,0.00000000000000000e+00
1831,2.12750001238845291e-07,1.89610666111865228e-07,6.79305109501862664e-06,6.68017577500679966e-11,0.00000000000000000e+00
1832,2.12446571205591151e-07,1.89373125634198014e-07,6.78236987607616357e-06,2.84522188199845679e-11,0.00000000000000000e+00
1833,2.12123155983866361e-07,1.89131274423778937e-07,6.77171588824980689e-06,5.71081513901242159e-11,0.00000000000000000e+00
1834,2.11819870338412961e-07,1.88894143906215099e-07,6.76107793533898476e-06,6.47422957999823462e-11,0.00000000000000000e+00
1835,2.11505629913260911e-07,1.88654496884140100e-07,6.75046364308878889e-06,5.14673428823226579e-11,0.00000000000000000e+00
1836,2.11190778380698207e-07,1.88415044954889157e-07,6.73987173219119736e-06,4.90563557871260126e-11,0.00000000000000000e+00
1837,2.10880580833251701e-07,1.88177539796019119e-07,6.72930018761223291e-06,3.76005596882667028e-11,0.00000000000000000e+00
1838,2.10569155951923569e-07,1.87938904211092120e-07,6.71875050907096176e-06,3.59194402477074904e-11,0.00000000000000000e+00
1839,2.10260140777054377e-07,1.87701819318347223e-07,6.70822147160360590e-06,4.24059444499806860e-11,0.00000000000000000e+00
1840,2.09953426018340603e-07,1.87465016073621824e-07,6.69771283112794338e-06,3.80310908031094169e-11,0.00000000000000000e+00
1841,2.09642620218594155e-07,1.87228142064188818e-07,6.68722627930166341e-06,1.86537320550015273e-11,0.00000000000000000e+00
1842,2.09325948800016796e-07,1.86989211664417837e-07,6.67676365018241895e-06,3.30707801573830925e-11,0.00000000000000000e+00
1843,2.09035117559510809e-07,1.86772904362325037e-07,6.66631474643007160e-06,5.50298756427292574e-11,0.00000000000000000e+00
1844,2.08726958663144788e-07,1.86524119562157018e-07,6.65588966313025034e-06,8.43268697091917186e-12,0.00000000000000000e+00
1845,2.08405543818834430e-07,1.86282145374740952e-07,6.64549063228732634e-06,2.59733531203813542e-11,0.00000000000000000e+00
1846,2.08113480995336293e-07,1.86064629345108086e-07,6.63510554414822399e-06,4.16241319650807981e-11,0.00000000000000000e+00
1847,2.07808039615082490e-07,1.85818284612690669e-07,6.62474315031983404e-06,6.40408608651411957e-11,0.00000000000000000e+00
1848,2.07504647934335992e-07,1.85580952562346428e-07,6.61440083189180953e-06,6.49761363422687101e-11,0.00000000000000000e+00
1849,2.07197579643853310e-07,1.85345219353202307e-07,6.60408049084089637e-06,1.64417116132892862e-11,0.00000000000000000e+00
1850,2.06884671958255401e-07,1.85109376029859613e-07,6.59378325795877016e-06,5.68440448552346071e-11,0.00000000000000000e+00
1851,2.06595331834855778e-07,1.84893342796361143e-07,6.58350094420986743e-06,5.49549877127162493e-11,0.00000000000000000e+00
1852,2.06287941279891501e-07,1.84648032245982507e-07,6.57324282105961357e-06,6.48675478120447103e-11,0.00000000000000000e+00
1853,2.05987787141845619e-07,1.84413067326094347e-07,6.56300372143943724e-06,8.02857303904693725e-11,0.00000000000000000e+00
1854,2.05687748686891543e-07,1.84179688794867740e-07,6.55278475900613723e-06,3.35822238991694037e-11,0.00000000000000000e+00
1855,2.05377114900287354e-07,1.83945505866703490e-07,6.54259035071462537e-06,6.13639054105774890e-11,0.00000000000000000e+00
1856,2.05086965811629214e-07,1.83715828403328807e-07,6.53241060092240177e-06,2.20206938449790268e-11,0.00000000000000000e+00
1857,2.04777909304993373e-07,1.83482412709151376e-07,6.52225654793494928e-06,5.79482890591575262e-11,0.00000000000000000e+00
1858,2.04490366103573446e-07,1.83254054918640310e-07,6.51211668645973354e-06,6.19718287610065147e-11,0.00000000000000000e+00
1859,2.04188790997604603e-07,1.83022495334004181e-07,6.50199997190900163e-06,2.38184721498440054e-11,0.00000000000000000e+00
1860,2.03882759547881847e-07,1.82790169726647505e-07,6.49190611477829749e-06,6.18926055928371303e-11,0.00000000000000000e+00
1861,2.03596505964824496e-07,1.82562647695545613e-07,6.48182653782761424e-06,5.56804406028534542e-11,0.00000000000000000e+00
1862,2.03294939380544095e-07,1.82331637348104655e-07,6.47177062977396926e-06,4.96612853349170401e-11,0.00000000000000000e+00
1863,2.02997880721456783e-07,1.82101739302132951e-07,6.46173431191202320e-06,1.66932533569975652e-11,0.00000000000000000e+00
1864,2.02697060313475655e-07,1.81871479015060502e-07,6.45171989658408148e-06,5.53272280886564494e-11,0.00000000000000000e+00
1865,2.02413277105524847e-07,1.81645402649435843e-07,6.44171995150221233e-06,5.55936995922274445e-11,0.00000000000000000e+00
1866,2.02114632311466954e-07,1.81415923895549089e-07,6.43174319155553021e-06,3.31190207411436191e-11,0.00000000000000000e+00
1867,2.01815992827583121e-07,1.81186408042806494e-07,6.42178748654147830e-06,6.10363308380414854e-11,0.00000000000000000e+00
1868,2.01529378222676067e-07,1.80960475593177123e-07,6.41184778961780782e-06,4.23171447307900780e-11,0.00000000000000000e+00
1869,2.01230957619670683e-07,1.80731545270440200e-07,6.40193121635363140e-06,4.46829380612074337e-11,0.00000000000000000e+00
1870,2.00940255247292007e-07,1.80504781725596971e-07,6.39203262198296270e-06,5.92306320337217899e-11,0.00000000000000000e+00
1871,2.00651072226699777e-07,1.80278541901364551e-07,6.38215280974917595e-06,6.51991804907569097e-11,0.00000000000000000e+00
1872,2.00358897754624695e-07,1.80050848406469730e-07,6.37229336201395764e-06,1.97792608743135523e-11,0.00000000000000000e+00
1873,2.00052674549083715e-07,1.79823029836749128e-07,6.36245866236166003e-06,5.72937865786363272e-11,0.00000000000000000e+00
1874,1.99786578218970635e-07,1.79616678343627247e-07,6.35263254530577695e-06,5.73488064647718643e-11,0.00000000000000000e+00
1875,1.99488346797753368e-07,1.79377049526428275e-07,6.34283250297430645e-06,6.02050431711969631e-11,0.00000000000000000e+00
1876,1.99198336475468852e-07,1.79148969800398177e-07,6.33305082817843629e-06,5.41513602108058789e-11,0.00000000000000000e+00
1877,1.98908194570450471e-07,1.78922696446790453e-07,6.32328888435634845e-06,6.86372691503472902e-11,0.00000000000000000e+00
1878,1.98622678845085792e-07,1.78699364588208294e-07,6.31354463332041245e-06,5.52155925284297611e-11,0.00000000000000000e+00
1879,1.98330510240866313e-07,1.78473811701536182e-07,6.30382165821306193e-06,7.02800267894260512e-11,0.00000000000000000e+00
1880,1.98047903853060506e-07,1.78250517837013283e-07,6.29411565681686465e-06,7.27551886692920902e-11,0.00000000000000000e+00
1881,1.97760071558014941e-07,1.78026556432890601e-07,6.28442971695635455e-06,5.66917822678430676e-11,0.00000000000000000e+00
1882,1.97470306154059761e-07,1.77802879581045602e-07,6.27476399749694342e-06,6.62185184001778466e-11,0.00000000000000000e+00
1883,1.97188924690084434e-07,1.77580161752078682e-07,6.26511562388413127e-06,3.30647568961229297e-11,0.00000000000000000e+00
1884,1.96887124975639688e-07,1.77355015877355182e-07,6.25549291509517379e-06,7.57551312966107657e-11,0.00000000000000000e+00
1885,1.96632100236880945e-07,1.77153560167198551e-07,6.24587552226014217e-06,4.37736903823736395e-11,0.00000000000000000e+00
1886,1.96331749605911073e-07,1.76915798745259294e-07,6.23628775610256887e-06,5.95968271631797710e-11,0.00000000000000000e+00
1887,1.96052392724695668e-07,1.76691990003984332e-07,6.22671454124126902e-06,6.16316871470046347e-11,0.00000000000000000e+00
1888,1.95768543083605217e-07,1.76470243070689902e-07,6.21716118146925716e-06,5.55780584689666495e-11,0.00000000000000000e+00
1889,1.95484759919764496e-07,1.76248099828679324e-07,6.20762688011127447e-06,5.06294784077302613e-11,0.00000000000000000e+00
1890,1.95201845423931517e-07,1.76027539197921863e-07,6.19811130978846427e-06,5.32286488009426582e-11,0.00000000000000000e+00
1891,1.94922873625036405e-07,1.75807715117504599e-07,6.18861372493483865e-06,7.02205849842488778e-11,0.00000000000000000e+00
1892,1.94643156718318206e-07,1.75586922744088961e-07,6.17913392788335943e-06,3.06126258106091077e-12,0.00000000000000000e+00
1893,1.94349435202962943e-07,1.75364944706854571e-07,6.16967802624558037e-06,5.88331676618683261e-11,0.00000000000000000e+00
1894,1.94088651349665143e-07,1.75163379823621873e-07,6.16023200432624105e-06,3.73097973481496544e-11,0.00000000000000000e+00
1895,1.93799114992426461e-07,1.74931333507350379e-07,6.15081092567514558e-06,6.93658547226886369e-11,0.00000000000000000e+00
1896,1.93527244181188866e-07,1.74710896116501205e-07,6.14140401319137209e-06,4.20817552919114212e-11,0.00000000000000000e+00
1897,1.93240119761917528e-07,1.74490334681012574e-07,6.13201971221601145e-06,1.85912300737566286e-11,0.00000000000000000e+00
1898,1.92962364424645570e-07,1.74271034665380832e-07,6.12265287143140879e-06,4.71603684442012115e-11,0.00000000000000000e+00
1899,1.92692692096922418e-07,1.74055205520218872e-07,6.11330096663208382e-06,4.39914031393111062e-11,0.00000000000000000e+00
1900,1.92412361756507838e-07,1.73836802405362645e-07,6.10396979781680821e-06,1.06379008620166755e-11,0.00000000000000000e+00
1901,1.92126198219710354e-07,1.73617686824761578e-07,6.09465955063562737e-06,7.97452789103322042e-11,0.00000000000000000e+00
1902,1.91873439272337601e-07,1.73419219797850455e-07,6.08535816973551554e-06,5.58707163280368474e-11,0.00000000000000000e+00
1903,1.91583917155008373e-07,1.73187734350038367e-07,6.07608348662377684e-06,1.13730774987267812e-11,0.00000000000000000e+00
1904,1.91299089565502863e-07,1.72967029296217019e-07,6.06682814638053920e-06,6.56300181687453954e-11,0.00000000000000000e+00
1905,1.91045087172898111e-07,1.72768875975513975e-07,6.05758187238602481e-06,7.21724182258162953e-11,0.00000000000000000e+00
1906,1.90765473492348829e-07,1.72539879726898310e-07,6.04835896557037810e-06,5.47575705745929860e-11,0.00000000000000000e+00
1907,1.90486372896991773e-07,1.72320933919784018e-07,6.03915506250591114e-06,7.53156018556297886e-11,0.00000000000000000e+00
1908,1.90217786133375112e-07,1.72105654496949500e-07,6.02996637474470890e-06,3.10732867004831216e-11,0.00000000000000000e+00
1909,1.89936630180995188e-07,1.71889273687349551e-07,6.02079978968545633e-06,5.83736664356881109e-11,0.00000000000000000e+00
1910,1.89674130074931582e-07,1.71676367664192166e-07,6.01164586414245707e-06,4.57936706684152718e-11,0.00000000000000000e+00
1911,1.89397911884728912e-07,1.71461029671305615e-07,6.00251306943803588e-06,4.46367816156183304e-11,0.00000000000000000e+00
1912,1.89128214490762082e-07,1.71247190944232915e-07,5.99339676506288382e-06,4.37230470603004519e-11,0.00000000000000000e+00
1913,1.88857928389853650e-07,1.71033609419103385e-07,5.98429832649691664e-06,3.39445812400547439e-11,0.00000000000000000e+00
1914,1.88586364546308473e-07,1.70819587618947834e-07,5.97521805844017597e-06,4.31286225481909418e-11,0.00000000000000000e+00
1915,1.88319812840605781e-07,1.70607280860611782e-07,5.96615411379850689e-06,3.54945592634558877e-11,0.00000000000000000e+00
1916,1.88049038528674553e-07,1.70393820813125020e-07,5.95710888421244490e-06,4.41414001374371987e-11,0.00000000000000000e+00
1917,1.87782575215800994e-07,1.70181854767715228e-07,5.94807999929839429e-06,7.39378453323844043e-12,0.00000000000000000e+00
1918,1.87506399554804942e-07,1.69967259587056581e-07,5.93907259169774574e-06,1.42831852533470587e-11,0.00000000000000000e+00
1919,1.87246524957263303e-07,1.69757980024176475e-07,5.93007760078896740e-06,5.06173198300468052e-11,0.00000000000000000e+00
1920,1.86984945640785602e-07,1.69547555937007729e-07,5.92109931518146167e-06,5.50102024681737379e-11,0.00000000000000000e+00
1921,1.86714130119932754e-07,1.69334433411678482e-07,5.91214079371679884e-06,4.92905080929399984e-11,0.00000000000000000e+00
1922,1.86444916031448281e-07,1.69122981312749269e-07,5.90319976292007965e-06,7.48780615702306452e-11,0.00000000000000000e+00
1923,1.86185873022465391e-07,1.68912313861219976e-07,5.89427384016978227e-06,7.02954706134830003e-11,0.00000000000000000e+00
1924,1.85916097660593971e-07,1.68701084302173985e-07,5.88536721988954913e-06,5.14823817987689271e-11,0.00000000000000000e+00
1925,1.85647877371468231e-07,1.68490613805664489e-07,5.87647850018530023e-06,3.75562977582592766e-11,0.00000000000000000e+00
1926,1.85383535402022240e-07,1.68280146422722058e-07,5.86760656704270840e-06,3.34385087002896020e-11,0.00000000000000000e+00
1927,1.85121358208526921e-07,1.68071442626908631e-07,5.85875101802904445e-06,6.18652288168146438e-11,0.00000000000000000e+00
1928,1.84864369481646329e-07,1.67862800776064704e-07,5.84991057929275750e-06,2.21957511141639021e-11,0.00000000000000000e+00
1929,1.84590834181510209e-07,1.67652544112931924e-07,5.84109191324792026e-06,7.04537813018447338e-12,0.00000000000000000e+00
1930,1.84330297669935142e-07,1.67444058712779283e-07,5.83228808363435495e-06,5.14116967437145894e-11,0.00000000000000000e+00
1931,1.84078907282551898e-07,1.67237667554136380e-07,5.82349734912247656e-06,3.32948634732582349e-11,0.00000000000000000e+00
1932,1.83809875874370379e-07,1.67027624427042928e-07,5.81472811934242030e-06,5.73908151004188026e-11,0.00000000000000000e+00
1933,1.83553672416259947e-07,1.66820601863567259e-07,5.80597259586801034e-06,3.69434546660528287e-11,0.00000000000000000e+00
1934,1.83287232605907985e-07,1.66611709909419372e-07,5.79723692902560303e-06,7.06911877877753410e-11,0.00000000000000000e+00
1935,1.83035069145340593e-07,1.66405403186396158e-07,5.78851415323536899e-06,4.75987550050486785e-11,0.00000000000000000e+00
1936,1.82767490576259108e-07,1.66197611608677858e-07,5.77981218701414669e-06,4.86044996014182837e-11,0.00000000000000000e+00
1937,1.82511045591591014e-07,1.65990755907191985e-07,5.77112480549128820e-06,7.77903565980527936e-11,0.00000000000000000e+00
1938,1.82256793441264281e-07,1.65785391853807478e-07,5.76245265086139298e-06,5.33381852139618452e-11,0.00000000000000000e+00
1939,1.81992053417704358e-07,1.65577715941538928e-07,5.75380043022265949e-06,3.92240118534219384e-11,0.00000000000000000e+00
1940,1.81733834058196336e-07,1.65371907740220783e-07,5.74516394565931990e-06,2.07720962613807513e-11,0.00000000000000000e+00
1941,1.81475698301848945e-07,1.65166469743288450e-07,5.73654428009254148e-06,1.44126061610550868e-11,0.00000000000000000e+00
1942,1.81217081018208724e-07,1.64960772576883023e-07,5.72794205939047714e-06,4.07998931404148786e-11,0.00000000000000000e+00
1943,1.80972588546823086e-07,1.64758862762488182e-07,5.71935075618097570e-06,3.84506412495467960e-11,0.00000000000000000e+00
1944,1.80711706636885426e-07,1.64552466780353402e-07,5.71077992672018621e-06,2.66584068034118093e-11,0.00000000000000000e+00
1945,1.80453325973467433e-07,1.64347433546539848e-07,5.70222576649474251e-06,2.62152914416179966e-11,0.00000000000000000e+00
1946,1.80199349131485275e-07,1.64143236092374050e-07,5.69368706966219067e-06,4.33323799461061631e-11,0.00000000000000000e+00
1947,1.79948051114345362e-07,1.63940075729542124e-07,5.68516355486747433e-06,5.85386518010280977e-11,0.00000000000000000e+00
1948,1.79695144099893946e-07,1.63736190139553369e-07,5.67665655178402878e-06,3.28077555343428081e-11,0.00000000000000000e+00
1949,1.79434100328884109e-07,1.63531854593351091e-07,5.66816827574829729e-06,1.71767702475496364e-11,0.00000000000000000e+00
1950,1.79181489950390232e-07,1.63328763276973110e-07,5.65969520797842584e-06,5.54744821887722181e-11,0.00000000000000000e+00
1951,1.78937055109705455e-07,1.63128013266482015e-07,5.65123493624876583e-06,4.34964838660936933e-11,0.00000000000000000e+00
1952,1.78679598017184029e-07,1.62923661427668521e-07,5.64279431891880918e-06,5.92867579455271183e-11,0.00000000000000000e+00
1953,1.78429651225595706e-07,1.62722399949478046e-07,5.63436775406632895e-06,2.84085544619759786e-11,0.00000000000000000e+00
1954,1.78172400922029784e-07,1.62518971625971961e-07,5.62596015918254831e-06,6.53870913201289662e-11,0.00000000000000000e+00
1955,1.77929986469088548e-07,1.62319390068324772e-07,5.61756401464891313e-06,5.16351692008066226e-11,0.00000000000000000e+00
1956,1.77673730320181796e-07,1.62116577923879451e-07,5.60918745187725500e-06,3.72157280095070043e-11,0.00000000000000000e+00
1957,1.77422668501143523e-07,1.61915327459932352e-07,5.60082634104927399e-06,9.18708257075960676e-12,0.00000000000000000e+00
1958,1.77166813298954003e-07,1.61714295770575306e-07,5.59248338917465313e-06,8.25216226564982609e-11,0.00000000000000000e+00
1959,1.76939175787747993e-07,1.61516724777871206e-07,5.58414722990046351e-06,3.65408716485006137e-11,0.00000000000000000e+00
1960,1.76673492482808245e-07,1.61312664982330640e-07,5.57583649763856097e-06,3.48947069464059195e-11,0.00000000000000000e+00
1961,1.76427654731266717e-07,1.61114319538532895e-07,5.56753758188725294e-06,5.93881629216405802e-11,0.00000000000000000e+00
1962,1.76183614571773564e-07,1.60915275037423583e-07,5.55925339401993365e-06,4.04008055037162450e-11,0.00000000000000000e+00
1963,1.75931796462974330e-07,1.60714473438630944e-07,5.55098737665944292e-06,6.55064564832356807e-11,0.00000000000000000e+00
1964,1.75689263033492801e-07,1.60516534370814147e-07,5.54273425952235354e-06,3.13352238471812133e-11,0.00000000000000000e+00
1965,1.75435445634505984e-07,1.60315914869169885e-07,5.53450050973251595e-06,7.45883081048131057e-11,0.00000000000000000e+00
1966,1.75199003947676545e-07,1.60119273293942393e-07,5.52627724737493668e-06,3.32690332642059945e-11,0.00000000000000000e+00
1967,1.74943209302325326e-07,1.59919164947900016e-07,5.51807510184805102e-06,3.82597155172336484e-11,0.00000000000000000e+00
1968,1.74702476654791625e-07,1.59721616037253292e-07,5.50988501797575457e-06,3.93982304240830732e-11,0.00000000000000000e+00
1969,1.74456894499567907e-07,1.59524364246425379e-07,5.50171122522189949e-06,1.61072376751123631e-11,0.00000000000000000e+00
1970,1.74210211079290642e-07,1.59325893161595717e-07,5.49355396490030167e-06,5.59897115080803496e-11,0.00000000000000000e+00
1971,1.73973990830200930e-07,1.59131061434820744e-07,5.48540835179668821e-06,3.57306817903195974e-11,0.00000000000000000e+00
1972,1.73724300319305511e-07,1.58930753141749838e-07,5.47728198490512663e-06,5.92884357521472701e-11,0.00000000000000000e+00
1973,1.73485012436137991e-07,1.58737566896958144e-07,5.46916799369304100e-06,4.99978839991538929e-11,0.00000000000000000e+00
1974,1.73238842353132869e-07,1.58538980000200291e-07,5.46107146056850091e-06,3.67949865608334626e-11,0.00000000000000000e+00
1975,1.72995129885497467e-07,1.58342543683680089e-07,5.45299015227850612e-06,2.93663396683511793e-11,0.00000000000000000e+00
1976,1.72753683141752368e-07,1.58146879523460225e-07,5.44492362973995042e-06,6.09617162918679752e-11,0.00000000000000000e+00
1977,1.72518107293482491e-07,1.57952527264540767e-07,5.43686998478691643e-06,6.34349525960510304e-11,0.00000000000000000e+00
1978,1.72273562496555301e-07,1.57756237065753089e-07,5.42883348806836651e-06,6.10895501542768659e-11,0.00000000000000000e+00
1979,1.72032750203974198e-07,1.57560649838552653e-07,5.42081217111658905e-06,3.31719041030398669e-11,0.00000000000000000e+00
1980,1.71787868068509534e-07,1.57365473564709906e-07,5.41280733636699779e-06,4.81757584352697690e-11,0.00000000000000000e+00
1981,1.71553688542373522e-07,1.57171829013298961e-07,5.40481466914112592e-06,5.28964892280382195e-11,0.00000000000000000e+00
1982,1.71313025647762257e-07,1.56977395473728766e-07,5.39683819493058512e-06,3.84694492988782133e-11,0.00000000000000000e+00
1983,1.71072221041495131e-07,1.56782795422420022e-07,5.38887747808021912e-06,5.63203231365511288e-11,0.00000000000000000e+00
1984,1.70836912466748276e-07,1.56590029325793489e-07,5.38092982553452998e-06,1.11107172062632142e-11,0.00000000000000000e+00
1985,1.70591012829482940e-07,1.56394833064219333e-07,5.37300095637426122e-06,4.63274614272217883e-11,0.00000000000000000e+00
1986,1.70362849472331151e-07,1.56203941021884219e-07,5.36508154906868207e-06,1.87123711839975267e-11,0.00000000000000000e+00
1987,1.70118714049428539e-07,1.56009174770065657e-07,5.35718156100100591e-06,6.07776421039109373e-11,0.00000000000000000e+00
1988,1.69890289859678101e-07,1.55818654317398958e-07,5.34929135387814282e-06,2.75672814741439295e-11,0.00000000000000000e+00
1989,1.69644781975007351e-07,1.55623483473939440e-07,5.34142128821123768e-06,5.14624471667396879e-11,0.00000000000000000e+00
1990,1.69415148404195169e-07,1.55433088125115278e-07,5.33356156804099596e-06,1.49959403994200356e-11,0.00000000000000000e+00
1991,1.69171289503915004e-07,1.55239858562126897e-07,5.32572092997708776e-06,7.89853312089671126e-11,0.00000000000000000e+00
1992,1.68950751490969928e-07,1.55050640974110145e-07,5.31788789785794779e-06,4.37071833555405990e-11,0.00000000000000000e+00
1993,1.68702809640794236e-07,1.54856788931773717e-07,5.31007664959132608e-06,4.78936283185012899e-11,0.00000000000000000e+00
1994,1.68472566385101852e-07,1.54666044978141912e-07,5.30227635790381775e-06,3.74897579690516582e-11,0.00000000000000000e+00
1995,1.68235093614048770e-07,1.54475158733104160e-07,5.29449247428547498e-06,4.57539595044307267e-11,0.00000000000000000e+00
1996,1.68006628529217587e-07,1.54284619844337082e-07,5.28672093438568084e-06,4.13710484697761543e-11,0.00000000000000000e+00
1997,1.67768877266062977e-07,1.54094856166218660e-07,5.27896564676005440e-06,4.54951356554209131e-12,0.00000000000000000e+00
1998,1.67533003976884110e-07,1.53903343643713222e-07,5.27122612226022898e-06,1.60811768258366230e-11,0.00000000000000000e+00
1999,1.67300740866692615e-07,1.53714826811639200e-07,5.26349990487425506e-06,4.90253793664169834e-11,0.00000000000000000e+00
2000,1.67082986222173979e-07,1.53527461622133921e-07,5.25578253513685554e-06,4.11653810541691836e-11,0.00000000000000000e+00
2001,1.66849414706605771e-07,1.53335553602400922e-07,5.24808554667726602e-06,2.50284872254257958e-11,0.00000000000000000e+00
2002,1.66609233023839297e-07,1.53146009101569911e-07,5.24040240093419186e-06,2.90716401887452897e-11,0.00000000000000000e+00
2003,1.66379820813192837e-07,1.52957613453375084e-07,5.23273205716612818e-06,4.35629311613322095e-11,0.00000000000000000e+00
2004,1.66151714106506359e-07,1.52769832220935452e-07,5.22507526672675090e-06,6.50953955187222716e-11,0.00000000000000000e+00
2005,1.65922294251503461e-07,1.52581384989644468e-07,5.21743262000124723e-06,1.23193913004693410e-11,0.00000000000000000e+00
2006,1.65683108669041345e-07,1.52391876261395009e-07,5.20980839106976007e-06,5.03765175526316033e-11,0.00000000000000000e+00
2007,1.65464295262047261e-07,1.52205675036347447e-07,5.20219183473139829e-06,4.53031262440911271e-11,0.00000000000000000e+00
2008,1.65236700283530180e-07,1.52017588442025804e-07,5.19459378874120223e-06,4.54628572846976067e-11,0.00000000000000000e+00
2009,1.65004920070799529e-07,1.51830262516905536e-07,5.18700823415604006e-06,4.33378008504321868e-11,0.00000000000000000e+00
2010,1.64773808096020511e-07,1.51642805894384403e-07,5.17943751496696968e-06,5.73628407163955384e-11,0.00000000000000000e+00
2011,1.64549316992821354e-07,1.51456698036095112e-07,5.17187915195403931e-06,1.62401040415745101e-11,0.00000000000000000e+00
2012,1.64313296066353000e-07,1.51268787803611072e-07,5.16433865214435799e-06,4.53328647589303205e-11,0.00000000000000000e+00
2013,1.64096338115724551e-07,1.51084292140705121e-07,5.15680644569812275e-06,5.04141202424622607e-11,0.00000000000000000e+00
2014,1.63871944546528721e-07,1.50897769929678337e-07,5.14929177104436662e-06,3.88549253028808940e-12,0.00000000000000000e+00
2015,1.63634089950407733e-07,1.50710758824085079e-07,5.14179320785262429e-06,6.46837561116486385e-11,0.00000000000000000e+00
2016,1.63422554232916952e-07,1.50528649892395884e-07,5.13430056588373695e-06,2.80511119997389905e-11,0.00000000000000000e+00
2017,1.63190868147509907e-07,1.50340201296029409e-07,5.12682968838920221e-06,3.37224007046555023e-11,0.00000000000000000e+00
2018,1.62964729407415330e-07,1.50155909356650977e-07,5.11936887876277226e-06,4.95898569970997448e-11,0.00000000000000000e+00
2019,1.62740337363910386e-07,1.49971576404549459e-07,5.11192166449795791e-06,4.88788756931839645e-11,0.00000000000000000e+00
2020,1.62515791499062052e-07,1.49786672466587587e-07,5.10448868585216971e-06,2.19277207296327290e-11,0.00000000000000000e+00
2021,1.62286282892455319e-07,1.49602110169016816e-07,5.09707133085808318e-06,3.96962370120891299e-11,0.00000000000000000e+00
2022,1.62068875611163034e-07,1.49419142891475160e-07,5.08966381599588488e-06,6.31754815701068408e-11,0.00000000000000000e+00
2023,1.61852092717362846e-07,1.49235221590108485e-07,5.08227156382133725e-06,2.44793630393845211e-11,0.00000000000000000e+00
2024,1.61618925924362826e-07,1.49049987963344554e-07,5.07489522427316637e-06,5.48443448360974144e-11,0.00000000000000000e+00
2025,1.61401454978438816e-07,1.48868854788662961e-07,5.06752807301960358e-06,6.07524043641910948e-11,0.00000000000000000e+00
2026,1.61184376679153833e-07,1.48684877206907982e-07,5.06017642658867783e-06,1.67279316436290064e-11,0.00000000000000000e+00
2027,1.60955550446339178e-07,1.48501246958443912e-07,5.05284187542570658e-06,5.29689026908484378e-11,0.00000000000000000e+00
2028,1.60739657490636683e-07,1.48320525863918912e-07,5.04551419802243055e-06,5.94821171413605898e-11,0.00000000000000000e+00
2029,1.60520749640440077e-07,1.48137445488773160e-07,5.03820367059734232e-06,3.09959531180000475e-11,0.00000000000000000e+00
2030,1.60290819261786723e-07,1.47954363369979381e-07,5.03090750860979437e-06,3.41488615919390749e-11,0.00000000000000000e+00
2031,1.60071511202697107e-07,1.47773925183870580e-07,5.02362292545802089e-06,5.07591172279995681e-11,0.00000000000000000e+00
2032,1.59855247217031355e-07,1.47591946958055758e-07,5.01635041451731676e-06,4.47612835844084340e-11,0.00000000000000000e+00
2033,1.59637744714486493e-07,1.47410494204942017e-07,5.00909383334590200e-06,4.22686567902631535e-11,0.00000000000000000e+00
2034,1.59415278474575015e-07,1.47229337970744418e-07,5.00184873311930012e-06,1.64682465466322051e-11,0.00000000000000000e+00
2035,1.59196359991894239e-07,1.47048397542313101e-07,4.99461981225331948e-06,4.37430474156928412e-11,0.00000000000000000e+00
2036,1.58983032627364454e-07,1.46868840161219875e-07,4.98739900354613611e-06,2.62752891375465906e-11,0.00000000000000000e+00
2037,1.58761755582258323e-07,1.46687789090732871e-07,4.98019635350105978e-06,5.66418014439525266e-12,0.00000000000000000e+00
2038,1.58539288059840072e-07,1.46507222605694984e-07,4.97300583203077996e-06,5.99436459493089373e-11,0.00000000000000000e+00
2039,1.58332623450023021e-07,1.46330494755561283e-07,4.96582298309817197e-06,3.38382868843376770e-11,0.00000000000000000e+00
2040,1.58112176075137867e-07,1.46147845303278042e-07,4.95865951203440070e-06,3.35571658167901869e-11,0.00000000000000000e+00
2041,1.57890814093489522e-07,1.45968850907298481e-07,4.95150719053402545e-06,2.80982169074128889e-11,0.00000000000000000e+00
2042,1.57675433585678757e-07,1.45789681697788486e-07,4.94436706164160151e-06,1.12803421384228278e-11,0.00000000000000000e+00
2043,1.57460928585758977e-07,1.45610619571922430e-07,4.93724238744732620e-06,5.07376641138144232e-11,0.00000000000000000e+00
2044,1.57251756393035436e-07,1.45433764601756235e-07,4.93012530082981902e-06,4.18400645897098986e-11,0.00000000000000000e+00
2045,1.57034602914041051e-07,1.45253438165373956e-07,4.92302640293939933e-06,5.04123847134082427e-11,0.00000000000000000e+00
2046,1.56818339291779167e-07,1.45075629874750697e-07,4.91593702732632323e-06,5.09829910932668395e-11,0.00000000000000000e+00
2047,1.56604547868693184e-07,1.44898023973524992e-07,4.90886279230302545e-06,4.87938223697508095e-11,0.00000000000000000e+00
2048,1.56387891252501275e-07,1.44720326542185796e-07,4.90179982206279289e-06,5.00063579631903673e-11,0.00000000000000000e+00
2049,1.56176992602364682e-07,1.44542816785138867e-07,4.89475117193063524e-06,6.51555485624550024e-11,0.00000000000000000e+00
2050,1.55963518118269971e-07,1.44365383945062157e-07,4.88771284170627652e-06,5.37329310513635963e-11,0.00000000000000000e+00
2051,1.55750423524343174e-07,1.44188089935638813e-07,4.88069035879354164e-06,2.99420586996623599e-11,0.00000000000000000e+00
2052,1.55532569420498699e-07,1.44011152730229857e-07,4.87368001400201271e-06,3.79140023895482934e-11,0.00000000000000000e+00
2053,1.55321221656987049e-07,1.43835566025214959e-07,4.86668115195153167e-06,2.92682373697743776e-11,0.00000000000000000e+00
2054,1.55110278841204877e-07,1.43658753977728920e-07,4.85969498211396324e-06,6.53754336577860350e-11,0.00000000000000000e+00
2055,1.54906871572426911e-07,1.43484147304331520e-07,4.85272024842717725e-06,4.69061092275125562e-11,0.00000000000000000e+00
2056,1.54693326377081690e-07,1.43306246286282676e-07,4.84576048921255146e-06,2.78317454347342415e-12,0.00000000000000000e+00
2057,1.54475843291724102e-07,1.43130897984870179e-07,4.83881573447695986e-06,5.41639984029288572e-11,0.00000000000000000e+00
2058,1.54275104247758543e-07,1.42958005341674900e-07,4.83187577781877420e-06,4.42774827026223875e-11,0.00000000000000000e+00
2059,1.54061015724207790e-07,1.42781291105379935e-07,4.82495441405883532e-06,3.31564961663926648e-11,0.00000000000000000e+00
2060,1.53847342085974649e-07,1.42605873531493152e-07,4.81804372868454629e-06,3.89746216499055523e-11,0.00000000000000000e+00
2061,1.53642131849414452e-07,1.42432156286940244e-07,4.81114584958846784e-06,3.29166715655382976e-11,0.00000000000000000e+00
2062,1.53429989986562148e-07,1.42257353235133075e-07,4.80425965460380518e-06,3.87453183194991776e-11,0.00000000000000000e+00
2063,1.53223736529809227e-07,1.42083735221283819e-07,4.79738693398064979e-06,3.79926012415821741e-11,0.00000000000000000e+00
2064,1.53014665005491341e-07,1.41909212099130865e-07,4.79052493944114245e-06,3.28033906211387734e-11,0.00000000000000000e+00
2065,1.52806558332304642e-07,1.41735652870892966e-07,4.78367765117522059e-06,7.07961209872620329e-11,0.00000000000000000e+00
2066,1.52603474614070120e-07,1.41563390167374816e-07,4.77683817607288479e-06,5.22745852749278113e-11,0.00000000000000000e+00
2067,1.52392240289901449e-07,1.41388236719131982e-07,4.77001600927304786e-06,3.10174623065979790e-11,0.00000000000000000e+00
2068,1.52180648219181367e-07,1.41215125829359143e-07,4.76320484820588596e-06,4.31611528072979651e-11,0.00000000000000000e+00
2069,1.51975408457518077e-07,1.41043355857577308e-07,4.75640423138591212e-06,3.56785454840235399e-11,0.00000000000000000e+00
2070,1.51773831610549516e-07,1.40870756527310150e-07,4.74961691764077500e-06,3.54433802217584905e-11,0.00000000000000000e+00
2071,1.51567360567501969e-07,1.40698655627586114e-07,4.74284239430513174e-06,2.48709997939500487e-11,0.00000000000000000e+00
2072,1.51358597178344183e-07,1.40525856765945005e-07,4.73607901690663566e-06,5.88877705992305689e-11,0.00000000000000000e+00
2073,1.51161675854113375e-07,1.40355460349311851e-07,4.72932623740712551e-06,1.09047037640855646e-11,0.00000000000000000e+00
2074,1.50948110814725190e-07,1.40181913826008722e-07,4.72259048417771016e-06,6.05534906063681071e-11,0.00000000000000000e+00
2075,1.50749432914707969e-07,1.40012802038364234e-07,4.71586011318947923e-06,3.15631848500041492e-11,0.00000000000000000e+00
2076,1.50541659024963417e-07,1.39839702241178620e-07,4.70914690578867888e-06,2.37811981981382728e-11,0.00000000000000000e+00
2077,1.50338008811345393e-07,1.39669419422605770e-07,4.70244487375138907e-06,4.59448602483966440e-11,0.00000000000000000e+00
2078,1.50136330802700296e-07,1.39498921971973406e-07,4.69575195381221787e-06,3.55628816332414619e-11,0.00000000000000000e+00
2079,1.49932472704369557e-07,1.39327645988444143e-07,4.68907427217447394e-06,3.45599462194119477e-11,0.00000000000000000e+00
2080,1.49726515190915286e-07,1.39158282707351813e-07,4.68240645789209285e-06,4.40110088092540048e-11,0.00000000000000000e+00
2081,1.49528616165438530e-07,1.38988343972333182e-07,4.67575083859780192e-06,2.38999705792720320e-11,0.00000000000000000e+00
2082,1.49324169076080868e-07,1.38817807881002867e-07,4.66910845503624684e-06,3.08213589283316557e-11,0.00000000000000000e+00
2083,1.49124834147646777e-07,1.38648611326400895e-07,4.66247667194739323e-06,4.61087555632688335e-11,0.00000000000000000e+00
2084,1.48926153831130452e-07,1.38479728212400366e-07,4.65585576776232026e-06,3.97808708371696605e-11,0.00000000000000000e+00
2085,1.48720835223231387e-07,1.38309929325694365e-07,4.64924901840765836e-06,4.84305618490718458e-11,0.00000000000000000e+00
2086,1.48519732831398800e-07,1.38141066183832296e-07,4.64265125117780060e-06,5.43814985795541661e-11,0.00000000000000000e+00
2087,1.48319349530470042e-07,1.37972731272581387e-07,4.63606742467457530e-06,2.03855471538448422e-11,0.00000000000000000e+00
2088,1.48112966446700698e-07,1.37803116151667976e-07,4.62949545981527688e-06,1.96733131763960536e-11,0.00000000000000000e+00
2089,1.47917122792829489e-07,1.37635670473505866e-07,4.62293505527525101e-06,5.68305412249926691e-11,0.00000000000000000e+00
2090,1.47722883867554257e-07,1.37468760361364691e-07,4.61638244081780290e-06,3.86854196319819851e-11,0.00000000000000000e+00
2091,1.47518064569820033e-07,1.37299946076031697e-07,4.60984672423887936e-06,6.28996866162535471e-11,0.00000000000000000e+00
2092,1.47323156196331396e-07,1.37132394607139571e-07,4.60331794900471568e-06,3.04884192314142144e-11,0.00000000000000000e+00
2093,1.47118111379053769e-07,1.36964285106286180e-07,4.59680615826769912e-06,8.40844439896382076e-11,0.00000000000000000e+00
2094,1.46929114974753308e-07,1.36798926599730166e-07,4.59029878684162332e-06,9.26859573458188115e-12,0.00000000000000000e+00
2095,1.46718880288871104e-07,1.36629640117374352e-07,4.58381203121496698e-06,4.40503493328823265e-11,0.00000000000000000e+00
2096,1.46529136390579166e-07,1.36464631511402478e-07,4.57732877349834280e-06,5.78864911556181012e-12,0.00000000000000000e+00
2097,1.46326548322338930e-07,1.36297559533346639e-07,4.57086289173899294e-06,5.48997709140007033e-11,0.00000000000000000e+00
2098,1.46138663794460131e-07,1.36132960255619435e-07,4.56440180622441192e-06,3.98763317288969870e-11,0.00000000000000000e+00
2099,1.45936940848457060e-07,1.35965506018190770e-07,4.55795782830775009e-06,5.23406842764176312e-11,0.00000000000000000e+00
2100,1.45741111793532983e-07,1.35799605753205713e-07,4.55152166127492326e-06,5.98612045208119236e-11,0.00000000000000000e+00
2101,1.45546312188094934e-07,1.35634629786242757e-07,4.54509853590427309e-06,2.37564361890636011e-11,0.00000000000000000e+00
2102,1.45348641310278553e-07,1.35467655723451580e-07,4.53868805704994322e-06,5.23962289092131172e-11,0.00000000000000000e+00
2103,1.45156983015852776e-07,1.35304575398914057e-07,4.53228617149696664e-06,2.64740743077273142e-11,0.00000000000000000e+00
2104,1.44960282924152584e-07,1.35138173128066400e-07,4.52589770423735502e-06,4.71699165809208343e-11,0.00000000000000000e+00
2105,1.44767190742753520e-07,1.34974584234474075e-07,4.51951892748292423e-06,2.82139188310478098e-11,0.00000000000000000e+00
2106,1.44571895766856113e-07,1.34809207609486669e-07,4.51315255345265312e-06,5.12310586045662155e-11,0.00000000000000000e+00
2107,1.44379230043929259e-07,1.34646081832832099e-07,4.50679604941990489e-06,2.70819500324262746e-11,0.00000000000000000e+00
2108,1.44183514102208607e-07,1.34480766220003702e-07,4.50045237003851645e-06,1.01365978405676149e-11,0.00000000000000000e+00
2109,1.43986450717619357e-07,1.34317325284040017e-07,4.49412072137822814e-06,7.39914991657896264e-11,0.00000000000000000e+00
2110,1.43803642628591574e-07,1.34155597827882188e-07,4.48779397225040516e-06,3.28978557427112161e-11,0.00000000000000000e+00
2111,1.43599882034273161e-07,1.33989158032631481e-07,4.48148625687387321e-06,3.18899522633229263e-12,0.00000000000000000e+00
2112,1.43404283187816664e-07,1.33826497082947342e-07,4.47518677908239804e-06,6.53020587602652510e-11,0.00000000000000000e+00
2113,1.43225655308693409e-07,1.33666245027599446e-07,4.46889441947409184e-06,1.02991557168000963e-11,0.00000000000000000e+00
2114,1.43023636604159088e-07,1.33500487857027530e-07,4.46261921000229490e-06,2.02911228024163825e-11,0.00000000000000000e+00
2115,1.42834830952061367e-07,1.33338999389932990e-07,4.45635233930053261e-06,6.47106680366954637e-11,0.00000000000000000e+00
2116,1.42648398434513141e-07,1.33178061801503245e-07,4.45009295138123631e-06,2.84215062515118010e-11,0.00000000000000000e+00
2117,1.42449418480385248e-07,1.33013614612524231e-07,4.44385091431977564e-06,4.08457262441826582e-11,0.00000000000000000e+00
2118,1.42262383745301001e-07,1.32852351379348318e-07,4.43761474997591633e-06,2.42479943661261357e-11,0.00000000000000000e+00
2119,1.42068621379359589e-07,1.32690504515663448e-07,4.43139350880646960e-06,4.12684612369776039e-11,0.00000000000000000e+00
2120,1.41883192297083898e-07,1.32529597542094049e-07,4.42517878937506664e-06,5.64006167605378571e-11,0.00000000000000000e+00
2121,1.41693161276290129e-07,1.32368731407621599e-07,4.41897709821156352e-06,2.93518281424959123e-11,0.00000000000000000e+00
2122,1.41502229611558770e-07,1.32206409343125094e-07,4.41278736675944851e-06,5.71944513038210115e-11,0.00000000000000000e+00
2123,1.41316217745763527e-07,1.32046577230647619e-07,4.40660627746526682e-06,3.10447951077716098e-11,0.00000000000000000e+00
2124,1.41125350872039147e-07,1.31884678181803885e-07,4.40043790629981187e-06,4.77392832742743514e-11,0.00000000000000000e+00
2125,1.40937736703143447e-07,1.31725267409618475e-07,4.39427894805379833e-06,4.19104323129133182e-11,0.00000000000000000e+00
2126,1.40750526778310930e-07,1.31564734667352340e-07,4.38813100435290674e-06,3.72925002731976940e-11,0.00000000000000000e+00
2127,1.40559628605152535e-07,1.31404599609685560e-07,4.38199502402573655e-06,2.72914880328815050e-11,0.00000000000000000e+00
2128,1.40371306859157276e-07,1.31244180861268605e-07,4.37586808469169193e-06,4.08416574500005267e-11,0.00000000000000000e+00
2129,1.40185447843357368e-07,1.31086083029567879e-07,4.36975215466927710e-06,4.06028638639754018e-11,0.00000000000000000e+00
2130,1.40000221170051569e-07,1.30926228476905725e-07,4.36364668871470775e-06,1.07104704889104770e-11,0.00000000000000000e+00
2131,1.39808645981411112e-07,1.30766502462552188e-07,4.35755447179962803e-06,4.90862679444868746e-11,0.00000000000000000e+00
2132,1.39627429281720728e-07,1.30608695644368066e-07,4.35146761621725296e-06,4.15512229287735741e-11,0.00000000000000000e+00
2133,1.39438748746615942e-07,1.30449430689781655e-07,4.34539514944198012e-06,5.63965365451399322e-11,0.00000000000000000e+00
2134,1.39257132786260811e-07,1.30290512627514289e-07,4.33933129048044800e-06,5.68147116907235424e-11,0.00000000000000000e+00
2135,1.39068418494480145e-07,1.30132270180195344e-07,4.33327931190582857e-06,4.00611008980509435e-11,0.00000000000000000e+00
2136,1.38883382609486921e-07,1.29973580033541983e-07,4.32723776711015424e-06,4.84200529909364697e-11,0.00000000000000000e+00
2137,1.38698035612110222e-07,1.29815930484819094e-07,4.32120633878215375e-06,4.87767625106333814e-11,0.00000000000000000e+00
2138,1.38515911830984759e-07,1.29658380899431845e-07,4.31518484266182799e-06,4.22678906575918268e-11,0.00000000000000000e+00
2139,1.38328776145523280e-07,1.29500450363579370e-07,4.30917501451728171e-06,4.12733445889154132e-11,0.00000000000000000e+00
2140,1.38147010899129533e-07,1.29343545824140784e-07,4.30317439903220560e-06,4.04742360662858465e-11,0.00000000000000000e+00
2141,1.37960562269894634e-07,1.29186694161741794e-07,4.29718551179697137e-06,4.48702250901997321e-11,0.00000000000000000e+00
2142,1.37777583480912486e-07,1.29029579664301305e-07,4.29120473768469932e-06,3.07718006073627215e-11,0.00000000000000000e+00
2143,1.37591672610521159e-07,1.28872628078377063e-07,4.28523742355475658e-06,5.70555703604580816e-11,0.00000000000000000e+00
2144,1.37413487543526650e-07,1.28716950642076098e-07,4.27927611114904741e-06,4.54950224644282904e-11,0.00000000000000000e+00
2145,1.37227447528329120e-07,1.28559854508064584e-07,4.27332883005830635e-06,2.47142314674611165e-11,0.00000000000000000e+00
2146,1.37046062051661554e-07,1.28403610824517228e-07,4.26739108291952589e-06,5.27363186197719540e-11,0.00000000000000000e+00
2147,1.36867230264127655e-07,1.28248803689395509e-07,4.26146191194744975e-06,2.05894505168421949e-11,0.00000000000000000e+00
2148,1.36682110978750125e-07,1.28092072994085175e-07,4.25554533181043897e-06,5.91396750885249873e-11,0.00000000000000000e+00
2149,1.36505696675256704e-07,1.27938048164865969e-07,4.24963592955688704e-06,3.39205619058084579e-11,0.00000000000000000e+00
2150,1.36320977434138468e-07,1.27781143036538262e-07,4.24373937272546658e-06,4.14268379389103171e-11,0.00000000000000000e+00
2151,1.36139788774029691e-07,1.27626790352772640e-07,4.23785207870595170e-06,2.58158525337968368e-11,0.00000000000000000e+00
2152,1.35960700954501105e-07,1.27471612894650321e-07,4.23197491313384755e-06,5.24610145963796985e-11,0.00000000000000000e+00
2153,1.35781773654974594e-07,1.27317726861695419e-07,4.22610694626876490e-06,4.28317877978839366e-11,0.00000000000000000e+00
2154,1.35601277044268109e-07,1.27162257756960274e-07,4.22024983332770994e-06,4.41651547566357824e-11,0.00000000000000000e+00
2155,1.35419069924827856e-07,1.27008853290641957e-07,4.21440313479677804e-06,2.67668070719818000e-11,0.00000000000000000e+00
2156,1.35240362531094318e-07,1.26854254368981105e-07,4.20856639745642604e-06,3.90183714480334685e-11,0.00000000000000000e+00
2157,1.35061739836689379e-07,1.26700899552970711e-07,4.20273915337948140e-06,1.87471862836142638e-11,0.00000000000000000e+00
2158,1.34882575931306106e-07,1.26546528995690495e-07,4.19692263631455411e-06,1.88232832096297826e-11,0.00000000000000000e+00
2159,1.34703104305440761e-07,1.26393726730982206e-07,4.19111588158835914e-06,5.24684064972039310e-11,0.00000000000000000e+00
2160,1.34532398548892958e-07,1.26240810484500091e-07,4.18531654410230745e-06,4.18914310330804737e-11,0.00000000000000000e+00
2161,1.34346829588327585e-07,1.26087404696394430e-07,4.17953050639162048e-06,5.51360103386838869e-11,0.00000000000000000e+00
2162,1.34174547611597486e-07,1.25934192326083071e-07,4.17375180508081641e-06,2.85435172209318251e-11,0.00000000000000000e+00
2163,1.33988837563209876e-07,1.25781116891713886e-07,4.16798677589385750e-06,4.57686508083100476e-11,0.00000000000000000e+00
2164,1.33816579882637019e-07,1.25629339662227119e-07,4.16222680176282332e-06,3.76629492997165634e-11,0.00000000000000000e+00
2165,1.33636352604219385e-07,1.25476899631448752e-07,4.15648054365571973e-06,3.93203035341412566e-11,0.00000000000000000e+00
2166,1.33461230880119451e-07,1.25324708291045145e-07,4.15074123830266161e-06,2.55505064485146695e-11,0.00000000000000000e+00
2167,1.33282341065215986e-07,1.25172802508181071e-07,4.14501472052757378e-06,2.78423888713225887e-11,0.00000000000000000e+00
2168,1.33108312181879305e-07,1.25021482666668471e-07,4.13929496663807592e-06,2.89233869843320544e-11,0.00000000000000000e+00
2169,1.32932405605173253e-07,1.24870109387365906e-07,4.13358682505647981e-06,1.81293033288887544e-11,0.00000000000000000e+00
2170,1.32759207512930821e-07,1.24718376121151182e-07,4.12788780654745256e-06,5.57964714755265749e-11,0.00000000000000000e+00
2171,1.32587249788991362e-07,1.24568517716642922e-07,4.12219703771714410e-06,1.16713413975783163e-11,0.00000000000000000e+00
2172,1.32405861809119355e-07,1.24416010790516080e-07,4.11651927115097475e-06,3.48108615396956514e-11,0.00000000000000000e+00
2173,1.32235031702294550e-07,1.24266008965685758e-07,4.11084845934089118e-06,2.94806014199307709e-11,0.00000000000000000e+00
2174,1.32061383768248209e-07,1.24115691734109733e-07,4.10518774535176093e-06,3.82097404345788332e-11,0.00000000000000000e+00
2175,1.31885316441854103e-07,1.23965635321522496e-07,4.09953719811919017e-06,5.78715449710206090e-11,0.00000000000000000e+00
2176,1.31717663842486455e-07,1.23814856713256436e-07,4.09389436034850214e-06,3.36624293411638289e-11,0.00000000000000000e+00
2177,1.31534295596309292e-07,1.23665131432435189e-07,4.08826498962953039e-06,5.22830766526621418e-11,0.00000000000000000e+00
2178,1.31366121660722309e-07,1.23514841862459095e-07,4.08264083735047206e-06,2.14506610856926589e-11,0.00000000000000000e+00
2179,1.31187415552649947e-07,1.23365466582166052e-07,4.07703069542723596e-06,3.18278902506979952e-11,0.00000000000000000e+00
2180,1.31018000845922450e-07,1.23216945262174031e-07,4.07142595708984111e-06,4.15353982696392104e-12,0.00000000000000000e+00
2181,1.30841849530003242e-07,1.23066757003939277e-07,4.06583502445678718e-06,5.54520650618508498e-11,0.00000000000000000e+00
2182,1.30678461226532297e-07,1.22920615866001826e-07,4.06024716503371148e-06,1.00775613998117438e-11,0.00000000000000000e+00
2183,1.30498561501202529e-07,1.22768060965078804e-07,4.05467571607820138e-06,6.15556133599540213e-12,0.00000000000000000e+00
2184,1.30326505229158997e-07,1.22620926766568437e-07,4.04911020075911650e-06,5.72903971663472488e-11,0.00000000000000000e+00
2185,1.30165109457661271e-07,1.22475079679337164e-07,4.04355161821625446e-06,1.50226335648565970e-11,0.00000000000000000e+00
2186,1.29986301817640021e-07,1.22323211890542542e-07,4.03800728345102173e-06,2.27690173683791025e-11,0.00000000000000000e+00
2187,1.29816286220227648e-07,1.22177392608642607e-07,4.03246995396168446e-06,2.52960331045637463e-11,0.00000000000000000e+00
2188,1.29649062528262062e-07,1.22029025616362819e-07,4.02694157614377832e-06,3.26111572587118389e-11,0.00000000000000000e+00
2189,1.29476557288699715e-07,1.21881691237257631e-07,4.02142341297323065e-06,3.34412287342087180e-11,0.00000000000000000e+00
2190,1.29310047163136160e-07,1.21733807642153423e-07,4.01591347836830849e-06,3.95684027440968345e-11,0.00000000000000000e+00
2191,1.29136838533277142e-07,1.21586741092972959e-07,4.01041397230313365e-06,3.01102940904791561e-11,0.00000000000000000e+00
2192,1.28968371264352752e-07,1.21439620088721545e-07,4.00492313625972110e-06,3.87275476173150918e-11,0.00000000000000000e+00
2193,1.28798711529099976e-07,1.21292670684202609e-07,3.99944177956777828e-06,4.37544208798366520e-11,0.00000000000000000e+00
2194,1.28632323139110832e-07,1.21145816912564511e-07,3.99396880453231206e-06,1.37623805035664349e-11,0.00000000000000000e+00
2195,1.28456415999023473e-07,1.20999075608017023e-07,3.98850826291171209e-06,4.53784290987721380e-11,0.00000000000000000e+00
2196,1.28294771840266069e-07,1.20853941049539413e-07,3.98305159229500186e-06,3.55887713806471128e-11,0.00000000000000000e+00
2197,1.28121628720888898e-07,1.20707150961479921e-07,3.97760828591100778e-06,3.21165671409519030e-11,0.00000000000000000e+00
2198,1.27958496662504741e-07,1.20560624505053800e-07,3.97217219090978875e-06,5.37149432023915261e-11,0.00000000000000000e+00
2199,1.27788679139998142e-07,1.20416661400832031e-07,3.96674537474203826e-06,3.51862628307921452e-11,0.00000000000000000e+00
2200,1.27621636591305448e-07,1.20269488160945074e-07,3.96132828824796445e-06,3.98874705691341733e-11,0.00000000000000000e+00
2201,1.27452518875891011e-07,1.20124790459738227e-07,3.95592036772349275e-06,3.20491709794475940e-11,0.00000000000000000e+00
2202,1.27288088876096656e-07,1.19979415759401104e-07,3.95052089141681156e-06,4.56128968589573917e-11,0.00000000000000000e+00
2203,1.27120354337946641e-07,1.19835080960240449e-07,3.94513066770997973e-06,3.12059650007908478e-11,0.00000000000000000e+00
2204,1.26954860017170029e-07,1.19689340000644853e-07,3.93974960129436045e-06,5.20975770774446783e-11,0.00000000000000000e+00
2205,1.26788909838681731e-07,1.19545674719311323e-07,3.93437694130315317e-06,2.17289784781770728e-11,0.00000000000000000e+00
2206,1.26620958425298379e-07,1.19400377658263199e-07,3.92901468226263156e-06,6.24480591432222120e-11,0.00000000000000000e+00
2207,1.26458950409873087e-07,1.19257632962573280e-07,3.92365903103245105e-06,1.64046532791298461e-11,0.00000000000000000e+00
2208,1.26288441085756591e-07,1.19111859456028291e-07,3.91831550200508976e-06,4.31346186436279235e-11,0.00000000000000000e+00
2209,1.26126838126926984e-07,1.18969211293822371e-07,3.91297813522757620e-06,4.00070489507366725e-11,0.00000000000000000e+00
2210,1.25963022057144973e-07,1.18824818995836700e-07,3.90765033645897849e-06,2.31287950743970323e-11,0.00000000000000000e+00
2211,1.25793847324752004e-07,1.18681428802587785e-07,3.90233344058557512e-06,4.79585582716550599e-11,0.00000000000000000e+00
2212,1.25633909446834403e-07,1.18538878367653348e-07,3.89702142369751683e-06,4.25100114460719929e-11,0.00000000000000000e+00
2213,1.25466362354794556e-07,1.18395118037785544e-07,3.89172161845261185e-06,3.62612963740393223e-11,0.00000000000000000e+00
2214,1.25305275080517802e-07,1.18252267248016562e-07,3.88642915960952255e-06,4.05866859412771481e-11,0.00000000000000000e+00
2215,1.25139262596947254e-07,1.18109900963644236e-07,3.88114634608215476e-06,4.06523668375984149e-11,0.00000000000000000e+00
2216,1.24980172543538117e-07,1.17966837713290340e-07,3.87587107988019539e-06,3.72918549261081879e-11,0.00000000000000000e+00
2217,1.24812159914069743e-07,1.17825083855546774e-07,3.87060618549210892e-06,3.37113465740075434e-11,0.00000000000000000e+00
2218,1.24653483714756288e-07,1.17682055037404706e-07,3.86534869897762289e-06,3.50777557706829033e-11,0.00000000000000000e+00
2219,1.24487693781399747e-07,1.17540903552835362e-07,3.86010092180104240e-06,2.59813573800012822e-11,0.00000000000000000e+00
2220,1.24327853738786765e-07,1.17398401022760995e-07,3.85486121141182333e-06,4.07124804712761933e-11,0.00000000000000000e+00
2221,1.24164795563409760e-07,1.17257553773392469e-07,3.84963019200168369e-06,2.34604953032768087e-11,0.00000000000000000e+00
2222,1.24002707147580348e-07,1.17115481496389615e-07,3.84440833507610024e-06,3.29333948988360548e-11,0.00000000000000000e+00
2223,1.23840878121714252e-07,1.16974699392754136e-07,3.83919479445418921e-06,1.78646174500758631e-11,0.00000000000000000e+00
2224,1.23680378355827213e-07,1.16833032973232527e-07,3.83399006591923055e-06,3.53337721922864847e-11,0.00000000000000000e+00
2225,1.23519126452643253e-07,1.16693051393750860e-07,3.82879349544924880e-06,3.82268920893607748e-12,0.00000000000000000e+00
2226,1.23356728568475446e-07,1.16551225176072929e-07,3.82360680853666508e-06,5.11688170015817551e-11,0.00000000000000000e+00
2227,1.23201383682173845e-07,1.16412775435499385e-07,3.81842570583466130e-06,1.61275839212270294e-11,0.00000000000000000e+00
2228,1.23036126366117919e-07,1.16269659589387854e-07,3.81325655823241456e-06,6.02031784986154086e-11,0.00000000000000000e+00
2229,1.22879852000064710e-07,1.16131509166060720e-07,3.80809298242077946e-06,2.14150723069286789e-11,0.00000000000000000e+00
2230,1.22715563421639662e-07,1.15989813225305647e-07,3.80294076336800850e-06,4.68574884282106373e-11,0.00000000000000000e+00
2231,1.22558036373633806e-07,1.15851232369001278e-07,3.79779503890195613e-06,1.96253301789486994e-11,0.00000000000000000e+00
2232,1.22397846396267747e-07,1.15710387464637365e-07,3.79265916105151496e-06,4.81724808478631752e-11,0.00000000000000000e+00
2233,1.22240668591235961e-07,1.15572229609414167e-07,3.78753018439614922e-06,1.71588351183597406e-11,0.00000000000000000e+00
2234,1.22079321202332657e-07,1.15431627776027970e-07,3.78241153756629130e-06,4.02318704801984563e-11,0.00000000000000000e+00
2235,1.21922144017384813e-07,1.15293744440969572e-07,3.77729976558417122e-06,4.01365395695939352e-11,0.00000000000000000e+00
2236,1.21765757813064145e-07,1.15153755561177338e-07,3.77219645865181698e-06,3.85756409133363405e-11,0.00000000000000000e+00
2237,1.21604054953318501e-07,1.15015506871706948e-07,3.76710268915986372e-06,2.71574341615947749e-11,0.00000000000000000e+00
2238,1.21448088249369244e-07,1.14876468613796184e-07,3.76201658348517863e-06,1.49396359999953718e-11,0.00000000000000000e+00
2239,1.21287122354796491e-07,1.14738259646079242e-07,3.75693990945830900e-06,7.14173755054802293e-12,0.00000000000000000e+00
2240,1.21130645228876995e-07,1.14600318909715856e-07,3.75187110808134760e-06,2.40283587123065048e-11,0.00000000000000000e+00
2241,1.20977400579559140e-07,1.14463802157362239e-07,3.74680880324915021e-06,9.34437894523316292e-12,0.00000000000000000e+00
2242,1.20818845333252128e-07,1.14324063532756316e-07,3.74175669404268298e-06,2.93236624735313833e-11,0.00000000000000000e+00
2243,1.20662113420151567e-07,1.14187094921595139e-07,3.73671196577347940e-06,3.04462280183133677e-11,0.00000000000000000e+00
2244,1.20507857282670585e-07,1.14049108634957654e-07,3.73167522120503364e-06,1.56132983051939276e-11,0.00000000000000000e+00
2245,1.20343861291174677e-07,1.13911203657402085e-07,3.72665014979644363e-06,8.71115032422973236e-11,0.00000000000000000e+00
2246,1.20202134313798750e-07,1.13777736463429973e-07,3.72162516067864393e-06,1.24018917074866360e-11,0.00000000000000000e+00
2247,1.20030917790526282e-07,1.13635515017868240e-07,3.71661825597270973e-06,5.74807755865096601e-11,0.00000000000000000e+00
2248,1.19885074784734913e-07,1.13501079169089733e-07,3.71161149853117453e-06,4.37616895330376862e-11,0.00000000000000000e+00
2249,1.19724240121278777e-07,1.13363221055814351e-07,3.70661788669369213e-06,3.77978118553099857e-11,0.00000000000000000e+00
2250,1.19572029513584325e-07,1.13227200255719415e-07,3.70163055153609417e-06,3.87319119027029873e-11,0.00000000000000000e+00
2251,1.19414640734644624e-07,1.13091266342153892e-07,3.69665232893021961e-06,2.77134548588450968e-11,0.00000000000000000e+00
2252,1.19262487415852194e-07,1.12954998648934917e-07,3.69168145611437170e-06,4.71349657134890445e-11,0.00000000000000000e+00
2253,1.19108962945873519e-07,1.12818952940809405e-07,3.68671855472413012e-06,2.14884903263581611e-11,0.00000000000000000e+00
2254,1.18951846847888943e-07,1.12683525770879857e-07,3.68176477097722440e-06,4.32711809929369822e-11,0.00000000000000000e+00
2255,1.18800541590620399e-07,1.12547791581398895e-07,3.67681791983075000e-06,2.64555957723242093e-11,0.00000000000000000e+00
2256,1.18646617928478266e-07,1.12411834313067567e-07,3.67187980569858223e-06,4.17059493038753234e-11,0.00000000000000000e+00
2257,1.18492388531356438e-07,1.12277414906576663e-07,3.66694941887340945e-06,1.90120567180180122e-11,0.00000000000000000e+00
2258,1.18339194299143609e-07,1.12141432752219550e-07,3.66202761099660313e-06,4.48571305533438779e-11,0.00000000000000000e+00
2259,1.18187488676245226e-07,1.12007873748052749e-07,3.65711263599122875e-06,1.84660120017380167e-11,0.00000000000000000e+00
2260,1.18033389840140935e-07,1.11871659530061378e-07,3.65220712383192067e-06,1.94644520277849785e-11,0.00000000000000000e+00
2261,1.17879700963225623e-07,1.11737673377004051e-07,3.64730925256475403e-06,2.79230604734657858e-11,0.00000000000000000e+00
2262,1.17732097864585898e-07,1.11603593016525378e-07,3.64241792852037287e-06,3.74250838456212460e-11,0.00000000000000000e+00
2263,1.17577540207041886e-07,1.11469181080172871e-07,3.63753580312271461e-06,2.96554014778598605e-12,0.00000000000000000e+00
2264,1.17422825601168829e-07,1.11334933425086773e-07,3.63266249297608843e-06,6.21142914979732313e-11,0.00000000000000000e+00
2265,1.17280006176962293e-07,1.11202221764976445e-07,3.62779339380985019e-06,7.79959550444740506e-12,0.00000000000000000e+00
2266,1.17118650829538970e-07,1.11067027200124388e-07,3.62293702545183577e-06,5.18254799297085360e-11,0.00000000000000000e+00
2267,1.16973925018315637e-07,1.10934060042329252e-07,3.61808463921230542e-06,2.73918923867512021e-11,0.00000000000000000e+00
2268,1.16819171113497419e-07,1.10800518924660671e-07,3.61324227776039495e-06,3.80883863372469382e-11,0.00000000000000000e+00
2269,1.16669858067387559e-07,1.10667126414386929e-07,3.60840719207484032e-06,1.78008140783580478e-11,0.00000000000000000e+00
2270,1.16519428120146902e-07,1.10533650686413282e-07,3.60358023617278370e-06,4.48234266061071333e-11,0.00000000000000000e+00
2271,1.16370548519562259e-07,1.10402066297791386e-07,3.59875995793047297e-06,2.22606434504650443e-11,0.00000000000000000e+00
2272,1.16219405060538533e-07,1.10268023176466870e-07,3.59394879291784488e-06,5.55124011881762358e-11,0.00000000000000000e+00
2273,1.16070857222139028e-07,1.10136891032056601e-07,3.58914393909890328e-06,2.08092227598923297e-11,0.00000000000000000e+00
2274,1.15918622145819818e-07,1.10002650144682634e-07,3.58434888599882836e-06,3.24427365672092192e-11,0.00000000000000000e+00
2275,1.15770344469348765e-07,1.09871767727201669e-07,3.57956020443698478e-06,2.22944185443103006e-11,0.00000000000000000e+00
2276,1.15622632702525888e-07,1.09739183996295151e-07,3.57477944205889867e-06,3.78638689816495633e-11,0.00000000000000000e+00
2277,1.15472693666903281e-07,1.09608038805072302e-07,3.57000637217699044e-06,2.70680165966402239e-11,0.00000000000000000e+00
2278,1.15325585840359638e-07,1.09475555271605238e-07,3.56524093836948491e-06,4.27886403607519201e-11,0.00000000000000000e+00
2279,1.15176345740326045e-07,1.09344443124624509e-07,3.56048323706539191e-06,2.64886931251784784e-11,0.00000000000000000e+00
2280,1.15027663898808337e-07,1.09212677180501576e-07,3.55573342365377466e-06,4.63365836817685974e-11,0.00000000000000000e+00
2281,1.14880497950342667e-07,1.09082065168679631e-07,3.55099059529951874e-06,1.41428185098575526e-11,0.00000000000000000e+00
2282,1.14730002376987064e-07,1.08950459980253896e-07,3.54625691796588409e-06,4.04662482609987631e-11,0.00000000000000000e+00
2283,1.14586056876549275e-07,1.08820021364938813e-07,3.54152896994200678e-06,1.69478584331905041e-11,0.00000000000000000e+00
2284,1.14436284765808951e-07,1.08689178097968928e-07,3.53681008153849040e-06,3.64855435551412531e-11,0.00000000000000000e+00
2285,1.14290202539489318e-07,1.08559183641647073e-07,3.53209772005713091e-06,1.80688004939887793e-11,0.00000000000000000e+00
2286,1.14143340673051673e-07,1.08427976355806435e-07,3.52739373333508192e-06,1.97726069185642520e-11,0.00000000000000000e+00
2287,1.13992455299034568e-07,1.08297947525929097e-07,3.52269876939875330e-06,7.99883224852323292e-11,0.00000000000000000e+00
2288,1.13860900446559685e-07,1.08170843608840317e-07,3.51800506257202546e-06,1.16995284366408552e-11,0.00000000000000000e+00
2289,1.13699648233981800e-07,1.08037041241713365e-07,3.51332670622487961e-06,2.56989698123130735e-11,0.00000000000000000e+00
2290,1.13560326966134829e-07,1.07908001534254444e-07,3.50865113444654089e-06,1.88103795469865570e-11,0.00000000000000000e+00
2291,1.13410560199592277e-07,1.07778829600488619e-07,3.50398522084088010e-06,2.65865031194123679e-11,0.00000000000000000e+00
2292,1.13268817443753472e-07,1.07650109200669754e-07,3.49932496945059945e-06,2.84712348772796896e-11,0.00000000000000000e+00
2293,1.13121135938004760e-07,1.07520362105594147e-07,3.49467362203412823e-06,1.63417985282263102e-11,0.00000000000000000e+00
2294,1.12977150241953871e-07,1.07390981426220119e-07,3.49002917514855994e-06,3.32090817497664595e-11,0.00000000000000000e+00
2295,1.12832016130742334e-07,1.07262893617943220e-07,3.48539182910790101e-06,1.21296513877447232e-11,0.00000000000000000e+00
2296,1.12686489884327432e-07,1.07133289686229539e-07,3.48076270900062715e-06,3.92101232040186433e-11,0.00000000000000000e+00
2297,1.12543497660119994e-07,1.07005992602194086e-07,3.47613974571933736e-06,2.60543912352936301e-11,0.00000000000000000e+00
2298,1.12399568523140275e-07,1.06875689368466671e-07,3.47152506399699219e-06,3.86431691305461054e-11,0.00000000000000000e+00
2299,1.12253519284060105e-07,1.06748810283409373e-07,3.46691755755626332e-06,2.89568237301796632e-11,0.00000000000000000e+00
2300,1.12111397618213139e-07,1.06620114827696960e-07,3.46231719300063261e-06,3.56259160840987213e-11,0.00000000000000000e+00
2301,1.11965280783777288e-07,1.06492887416082806e-07,3.45772467039428735e-06,2.83137003967738961e-11,0.00000000000000000e+00
2302,1.11825118304090309e-07,1.06364057681732688e-07,3.45313884964773649e-06,3.73336827190197952e-11,0.00000000000000000e+00
2303,1.11679326737916477e-07,1.06237503714860244e-07,3.44856081946821373e-06,2.41201600930929629e-11,0.00000000000000000e+00
2304,1.11538188162405170e-07,1.06109008406673809e-07,3.44398987932335377e-06,4.57158587428230324e-11,0.00000000000000000e+00
2305,1.11395415067094587e-07,1.05982616107285511e-07,3.43942582139722543e-06,2.64167549648679060e-11,0.00000000000000000e+00
2306,1.11252061361775228e-07,1.05854388819946363e-07,3.43486976188147186e-06,3.79054887103524803e-11,0.00000000000000000e+00
2307,1.11109071836883202e-07,1.05728433538183137e-07,3.43032049903041689e-06,7.10803020331179739e-12,0.00000000000000000e+00
2308,1.10965198537031109e-07,1.05601427219568325e-07,3.42577941958126056e-06,4.35148772394575925e-11,0.00000000000000000e+00
2309,1.10827420919451914e-07,1.05476162128188460e-07,3.42124336751241453e-06,1.48360182983674293e-11,0.00000000000000000e+00
2310,1.10683026208537408e-07,1.05347668572859246e-07,3.41671678657097469e-06,4.74775562825826542e-11,0.00000000000000000e+00
2311,1.10543726118302484e-07,1.05222771202909950e-07,3.41219546427621848e-06,2.47294916094001180e-11,0.00000000000000000e+00
2312,1.10401121927773715e-07,1.05095280998398263e-07,3.40768274105288659e-06,4.11843071576746466e-11,0.00000000000000000e+00
2313,1.10259863210302335e-07,1.04970128282459568e-07,3.40317649575607585e-06,2.67646216309317522e-11,0.00000000000000000e+00
2314,1.10119831317827255e-07,1.04843601777629917e-07,3.39867759620927665e-06,3.97269906778920400e-11,0.00000000000000000e+00
2315,1.09978162880384048e-07,1.04718704178079675e-07,3.39418576844387712e-06,2.75783337386189959e-11,0.00000000000000000e+00
2316,1.09838945089207559e-07,1.04592448996794922e-07,3.38970100455475339e-06,3.70848178937055258e-11,0.00000000000000000e+00
2317,1.09697060580251012e-07,1.04467840021619518e-07,3.38522350177722750e-06,2.69999625767899274e-11,0.00000000000000000e+00
2318,1.09558968365439512e-07,1.04341848211303023e-07,3.38075281791246385e-06,3.94294863287506434e-11,0.00000000000000000e+00
2319,1.09417653775660673e-07,1.04217587853493345e-07,3.37628937132004362e-06,2.76518310461468295e-11,0.00000000000000000e+00
2320,1.09279302107365310e-07,1.04091948395230126e-07,3.37183286663779850e-06,3.85817360255960875e-11,0.00000000000000000e+00
2321,1.09138389468231465e-07,1.03967950040345131e-07,3.36738352275751711e-06,2.68996781466288663e-11,0.00000000000000000e+00
2322,1.09000609001045102e-07,1.03842669688609307e-07,3.36294106013883791e-06,3.83201082310188345e-11,0.00000000000000000e+00
2323,1.08860279805385650e-07,1.03718945421433477e-07,3.35850572368872992e-06,2.79664682396625008e-11,0.00000000000000000e+00
2324,1.08722986605621201e-07,1.03593992069503294e-07,3.35407719814987896e-06,3.82632920839331631e-11,0.00000000000000000e+00
2325,1.08582727306399970e-07,1.03470603151759005e-07,3.34965587383265435e-06,2.72850700072947388e-11,0.00000000000000000e+00
2326,1.08445871872111501e-07,1.03345958947822176e-07,3.34524130150395704e-06,3.74463151497048625e-11,0.00000000000000000e+00
2327,1.08306162301630533e-07,1.03222861074006654e-07,3.34083386843987976e-06,2.63672834952523588e-11,0.00000000000000000e+00
2328,1.08169654934322204e-07,1.03098543781532193e-07,3.33643318702044371e-06,3.76883524597252772e-11,0.00000000000000000e+00
2329,1.08030583919568527e-07,1.02975731507889583e-07,3.33203955055601755e-06,2.66883056868226491e-11,0.00000000000000000e+00
2330,1.07894282312712974e-07,1.02851758671627679e-07,3.32765269121472237e-06,3.77386464568763679e-11,0.00000000000000000e+00
2331,1.07755534808572496e-07,1.02729261653212446e-07,3.32327285542839614e-06,2.62116655081232183e-11,0.00000000000000000e+00
2332,1.07619646344601941e-07,1.02605572206384284e-07,3.31889977789778678e-06,3.69241295853818569e-11,0.00000000000000000e+00
2333,1.07481389563404352e-07,1.02483360308494257e-07,3.31453367601294898e-06,2.62538195916179505e-11,0.00000000000000000e+00
2334,1.07345998163806530e-07,1.02359996751947236e-07,3.31017427375403830e-06,3.69133758729407044e-11,0.00000000000000000e+00
2335,1.07208012943443541e-07,1.02238127736519423e-07,3.30582185514966558e-06,2.57719727447394173e-11,0.00000000000000000e+00
2336,1.07072931331097857e-07,1.02115078957668212e-07,3.30147612254781227e-06,4.45793214207895032e-11,0.00000000000000000e+00
2337,1.06936295309204120e-07,1.01993609084027195e-07,3.29713703071817893e-06,2.70955383577311597e-11,0.00000000000000000e+00
2338,1.06800270269672133e-07,1.01870597823294061e-07,3.29280516064853133e-06,4.60829751130150916e-11,0.00000000000000000e+00
2339,1.06664254517741758e-07,1.01749579608806535e-07,3.28847956402468882e-06,2.59492973653200940e-11,0.00000000000000000e+00
2340,1.06528721714969917e-07,1.01626723048717181e-07,3.28416133421528101e-06,4.55725447133399897e-11,0.00000000000000000e+00
2341,1.06393267067693637e-07,1.01506172982514488e-07,3.27984921039397273e-06,2.58966720465818689e-11,0.00000000000000000e+00
2342,1.06258198649810115e-07,1.01383610356039041e-07,3.27554445140415861e-06,4.55869236353717316e-11,0.00000000000000000e+00
2343,1.06123142181298312e-07,1.01263359737438600e-07,3.27124577879840093e-06,2.59986800859984540e-11,0.00000000000000000e+00
2344,1.05988432674650851e-07,1.01141101803465571e-07,3.26695445007647433e-06,4.54966999318150621e-11,0.00000000000000000e+00
2345,1.05853726908547525e-07,1.01021153158248705e-07,3.26266918737554629e-06,2.57865485819161227e-11,0.00000000000000000e+00
2346,1.05719380020104893e-07,1.00899231615303315e-07,3.25839123596557233e-06,4.52591537968508168e-11,0.00000000000000000e+00
2347,1.05585120589807915e-07,1.00779571696679132e-07,3.25411931524506757e-06,2.55514209117202747e-11,0.00000000000000000e+00
2348,1.05451155671154115e-07,1.00657949251376589e-07,3.24985468700906416e-06,4.50506519667836614e-11,0.00000000000000000e+00
2349,1.05317332951951811e-07,1.00538570696757523e-07,3.24559605392326112e-06,2.55100719079773077e-11,0.00000000000000000e+00
2350,1.05183722170977394e-07,1.00417280393296537e-07,3.24134468629748294e-06,4.48068927124445037e-11,0.00000000000000000e+00
2351,1.05050253540922965e-07,1.00298199518084231e-07,3.23709929877394808e-06,3.12694897803379380e-11,0.00000000000000000e+00
2352,1.04917920341274989e-07,1.00177133085441646e-07,3.23286088583122465e-06,4.55793959352794303e-11,0.00000000000000000e+00
2353,1.04783425247484259e-07,1.00058340395125118e-07,3.22862896565310330e-06,3.25691484215387782e-11,0.00000000000000000e+00
2354,1.04651852654267223e-07,9.99377871527416260e-08,3.22440362401532580e-06,4.47264983237642026e-11,0.00000000000000000e+00
2355,1.04517963475629032e-07,9.98190193489369214e-08,3.22018489867575670e-06,3.27408405299496044e-11,0.00000000000000000e+00
2356,1.04386814163525091e-07,9.96989175266481364e-08,3.21597262369096215e-06,4.45415728774626197e-11,0.00000000000000000e+00
2357,1.04253221356315389e-07,9.95804291979788141e-08,3.21176699054963609e-06,3.24629291249010877e-11,0.00000000000000000e+00
2358,1.04122454355939540e-07,9.94606385605950615e-08,3.20756777339231251e-06,4.41977976509717627e-11,0.00000000000000000e+00
2359,1.03989240151864434e-07,9.93424615072077974e-08,3.20337516589947585e-06,3.23253105503356306e-11,0.00000000000000000e+00
2360,1.03858894344308877e-07,9.92229580747931757e-08,3.19918894366267032e-06,4.39957124239142147e-11,0.00000000000000000e+00
2361,1.03726068856689818e-07,9.91050636066689685e-08,3.19500930967242780e-06,3.21663163047651033e-11,0.00000000000000000e+00
2362,1.03596056861847820e-07,9.89858845681224014e-08,3.19083603542244833e-06,4.37874197803244961e-11,0.00000000000000000e+00
2363,1.03463639355692329e-07,9.88682700009894096e-08,3.18666932043983457e-06,3.19582197264828030e-11,0.00000000000000000e+00
2364,1.03333984577701271e-07,9.87493956315494164e-08,3.18250894356865172e-06,4.34583298765072949e-11,0.00000000000000000e+00
2365,1.03201956168759654e-07,9.86320726592717122e-08,3.17835509675962305e-06,3.17612884573085876e-11,0.00000000000000000e+00
2366,1.03072696847807329e-07,9.85134895049317358e-08,3.17420756053454209e-06,4.32851787246870685e-11,0.00000000000000000e+00
2367,1.02941057748833801e-07,9.83964579244058268e-08,3.17006652663394429e-06,3.15347671669933405e-11,0.00000000000000000e+00
2368,1.02812127371026747e-07,9.82781829104801752e-08,3.16593178644717362e-06,4.30343914566872310e-11,0.00000000000000000e+00
2369,1.02680900785854311e-07,9.81614322849552971e-08,3.16180351368193425e-06,3.13617103057986240e-11,0.00000000000000000e+00
2370,1.02552338984239473e-07,9.80434525996647555e-08,3.15768151300407214e-06,4.28482480234557364e-11,0.00000000000000000e+00
2371,1.02421495835848867e-07,9.79269926966620847e-08,3.15356595143942673e-06,3.11971425099162940e-11,0.00000000000000000e+00
2372,1.02293285710551723e-07,9.78093123776087100e-08,3.14945664074811001e-06,4.25972055232761575e-11,0.00000000000000000e+00
2373,1.02162826613313215e-07,9.76931392018281533e-08,3.14535374100270945e-06,3.09979399617000799e-11,0.00000000000000000e+00
2374,1.02034982341942649e-07,9.75757546711484821e-08,3.14125706830660476e-06,4.23732578798970182e-11,0.00000000000000000e+00
2375,1.01904917517213381e-07,9.74598640103021542e-08,3.13716677777130257e-06,3.08169362858971930e-11,0.00000000000000000e+00
2376,1.01777418639713897e-07,9.73427814446907619e-08,3.13308269310727579e-06,4.21338378107993014e-11,0.00000000000000000e+00
2377,1.01647736767668336e-07,9.72271758676388639e-08,3.12900496239546319e-06,3.06191169250596733e-11,0.00000000000000000e+00
2378,1.01520597192348470e-07,9.71103872206637046e-08,3.12493341527056955e-06,4.19200149813983346e-11,0.00000000000000000e+00
2379,1.01391306622877056e-07,9.69950635018702965e-08,3.12086819281113175e-06,3.04162965929171283e-11,0.00000000000000000e+00
2380,1.01264508192423402e-07,9.68785736633442074e-08,3.11680913444673519e-06,5.03052999012064587e-11,0.00000000000000000e+00
2381,1.01136475585004644e-07,9.67636129950064805e-08,3.11275609162124079e-06,3.13368662088156440e-11,0.00000000000000000e+00
2382,1.01008449367861500e-07,9.66472705630373900e-08,3.10870976835850061e-06,5.16285614395400446e-11,0.00000000000000000e+00
2383,1.00881246903028344e-07,9.65326632599803155e-08,3.10466903999886713e-06,3.01134772637548850e-11,0.00000000000000000e+00
2384,1.00753687320387823e-07,9.64164334588100902e-08,3.10063520837259437e-06,5.15250729590336940e-11,0.00000000000000000e+00
2385,1.00627049202803945e-07,9.63022727800399518e-08,3.09660679109731084e-06,3.00263257751738062e-11,0.00000000000000000e+00
2386,1.00499803201550107e-07,9.61863410990416216e-08,3.09258530176946525e-06,5.11947148835233224e-11,0.00000000000000000e+00
2387,1.00373536522902191e-07,9.60724660750195620e-08,3.08856920232795828e-06,2.98745465325116427e-11,0.00000000000000000e+00
2388,1.00246653054240783e-07,9.59568313305233197e-08,3.08456000084377635e-06,5.09675386691428839e-11,0.00000000000000000e+00
2389,1.00120751321076346e-07,9.58432325193840740e-08,3.08055616778059265e-06,2.96929052789078151e-11,0.00000000000000000e+00
2390,9.99942205915044873e-08,9.57278934495674526e-08,3.07655920733130831e-06,5.06953261485558283e-11,0.00000000000000000e+00
2391,9.98686866553864142e-08,9.56145708920037411e-08,3.07256759181172934e-06,2.95143607685669303e-11,0.00000000000000000e+00
2392,9.97425144267378383e-08,9.54995272795864180e-08,3.06858282143127147e-06,5.04155022184021581e-11,0.00000000000000000e+00
2393,9.96173464429723662e-08,9.53864767645503454e-08,3.06460337513354821e-06,2.93268969857294050e-11,0.00000000000000000e+00
2394,9.94915298863502849e-08,9.52717277476222986e-08,3.06063059794168327e-06,5.02292240013471365e-11,0.00000000000000000e+00
2395,9.93643696598710557e-08,9.51589447830929917e-08,3.05666358684544067e-06,2.89770540421088911e-11,0.00000000000000000e+00
2396,9.92408037896522968e-08,9.50444872725936720e-08,3.05270298998551029e-06,4.98574533012848858e-11,0.00000000000000000e+00
2397,9.91169357842338477e-08,9.49319861815110160e-08,3.04874766531958736e-06,2.88165302549267353e-11,0.00000000000000000e+00
2398,9.89918806082961209e-08,9.48178248996665878e-08,3.04479900988054893e-06,4.96717156304378714e-11,0.00000000000000000e+00
2399,9.88654516228637591e-08,9.47055913240977944e-08,3.04085607956300967e-06,2.86148588267223076e-11,0.00000000000000000e+00
2400,9.87425092575122618e-08,9.45917130115568600e-08,3.03691938021037682e-06,4.94125395188265172e-11,0.00000000000000000e+00
2401,9.86169872028327145e-08,9.44797478337822865e-08,3.03298836683841307e-06,2.82852364908730991e-11,0.00000000000000000e+00
2402,9.84944846964079011e-08,9.43661659175964984e-08,3.02906360205051136e-06,4.91179029603183805e-11,0.00000000000000000e+00
2403,9.83693341160161899e-08,9.42544780892718910e-08,3.02514450516330290e-06,2.81047502500785813e-11,0.00000000000000000e+00
2404,9.82471342508012834e-08,9.41411816171601735e-08,3.02123164283382663e-06,5.65931604312094120e-11,0.00000000000000000e+00
2405,9.81230649794073275e-08,9.40298947632247164e-08,3.01732417700992789e-06,2.83723462581766030e-11,0.00000000000000000e+00
2406,9.79997646281427012e-08,9.39166779205804866e-08,3.01342346696364823e-06,5.71448726606666064e-11,0.00000000000000000e+00
2407,9.78764872215648291e-08,9.38057211697452505e-08,3.00952774138469302e-06,2.72267059639566106e-11,0.00000000000000000e+00
2408,9.77536832122129922e-08,9.36926576779469768e-08,3.00563891870141698e-06,5.68700559719959424e-11,0.00000000000000000e+00
2409,9.76308831052924240e-08,9.35821089228647284e-08,3.00175494137279839e-06,2.70721651079775133e-11,0.00000000000000000e+00
2410,9.75083794905266402e-08,9.34693339907796976e-08,2.99787788441206454e-06,5.64658261243596912e-11,0.00000000000000000e+00
2411,9.73859270218428845e-08,9.33590690939047935e-08,2.99400565555203797e-06,2.69501968117412490e-11,0.00000000000000000e+00
2412,9.72637714765156756e-08,9.32465791247719328e-08,2.99014031305416647e-06,8.69885432959538048e-11,0.00000000000000000e+00
2413,9.71449197773917228e-08,9.31371714774436802e-08,2.98627852429892314e-06,1.92998635350923581e-11,0.00000000000000000e+00
2414,9.70144734946911496e-08,9.30240651707288184e-08,2.98242695657375595e-06,7.75421992360574242e-11,0.00000000000000000e+00
2415,9.69026397034276745e-08,9.29140156515837298e-08,2.97857608220200297e-06,1.66336424582652266e-11,0.00000000000000000e+00
2416,9.67717715517968120e-08,9.28024728935660962e-08,2.97473606408564227e-06,8.85186150777856126e-11,0.00000000000000000e+00
2417,9.66615517175396171e-08,9.26930651289744833e-08,2.97089642533765259e-06,1.33130286897859115e-11,0.00000000000000000e+00
2418,9.65292942460422243e-08,9.25814762908884847e-08,2.96706829282666530e-06,8.67722252578288491e-11,0.00000000000000000e+00
2419,9.64186913490564431e-08,9.24719813221449400e-08,2.96324030882762441e-06,2.05425100661954766e-11,0.00000000000000000e+00
2420,9.62870395051023990e-08,9.23611600978445878e-08,2.95942353792399619e-06,8.76201297556309828e-11,0.00000000000000000e+00
2421,9.61775639261203398e-08,9.22520460215031416e-08,2.95560716214544960e-06,1.91202022133226046e-11,0.00000000000000000e+00
2422,9.60482482865471702e-08,9.21409998812740563e-08,2.95180170199797335e-06,8.96432364526402046e-11,0.00000000000000000e+00
2423,9.59367207997208739e-08,9.20320525196255201e-08,2.94799679926487008e-06,1.63232853784624381e-11,0.00000000000000000e+00
2424,9.58050323537861143e-08,9.19216198185020074e-08,2.94420321564997500e-06,8.56864927108611770e-11,0.00000000000000000e+00
2425,9.56960826669682532e-08,9.18128653804311266e-08,2.94040967123799919e-06,1.57161979112764888e-11,0.00000000000000000e+00
2426,9.55657799277363168e-08,9.17027372192404721e-08,2.93662724747587944e-06,8.75266937100484429e-11,0.00000000000000000e+00
2427,9.54568744411988409e-08,9.15940321946973949e-08,2.93284511939860522e-06,1.60455981067338358e-11,0.00000000000000000e+00
2428,9.53260681378544777e-08,9.14845299634212303e-08,2.92907414527964217e-06,8.59594578807261038e-11,0.00000000000000000e+00
2429,9.52179279942548299e-08,9.13761909007266154e-08,2.92530333289492714e-06,1.71016254117224634e-11,0.00000000000000000e+00
2430,9.50882994801644988e-08,9.12666025165327397e-08,2.92154352000860692e-06,8.81944279705852812e-11,0.00000000000000000e+00
2431,9.49800158590725766e-08,9.11582563520317537e-08,2.91778407196133768e-06,1.53574579466576123e-11,0.00000000000000000e+00
2432,9.48498058110525755e-08,9.10493516953442220e-08,2.91403571713332493e-06,8.51934328414386561e-11,0.00000000000000000e+00
2433,9.47424527657982797e-08,9.09412778101920226e-08,2.91028747782132518e-06,1.69891052029841007e-11,0.00000000000000000e+00
2434,9.46135229916781060e-08,9.08327007909686310e-08,2.90655004571842856e-06,8.85200118116722636e-11,0.00000000000000000e+00
2435,9.45056493518751912e-08,9.07248586837252079e-08,2.90281309667648291e-06,1.78399194902671654e-11,0.00000000000000000e+00
2436,9.43766105038437845e-08,9.06161285278240515e-08,2.89908709935256371e-06,8.52555302524000271e-11,0.00000000000000000e+00
2437,9.42690184681727465e-08,9.05092480027792273e-08,2.89536126852709203e-06,1.77041401360562986e-11,0.00000000000000000e+00
2438,9.41417479578423059e-08,9.04003718388213314e-08,2.89164616658011206e-06,8.72492927611602268e-11,0.00000000000000000e+00
2439,9.40336980955040995e-08,9.02935143983841971e-08,2.88793155262979951e-06,1.70678474603137325e-11,0.00000000000000000e+00
2440,9.39054282881639672e-08,9.01855340745430168e-08,2.88422776345277032e-06,8.30068570932874595e-11,0.00000000000000000e+00
2441,9.37989021689499794e-08,9.00787495842239006e-08,2.88052417319187129e-06,1.83282198573716344e-11,0.00000000000000000e+00
2442,9.36724811767758731e-08,8.99705888748558949e-08,2.87683110385075819e-06,8.74332460266834137e-11,0.00000000000000000e+00
2443,9.35647732329887618e-08,8.98642736005385651e-08,2.87313865051019196e-06,1.89091908603740330e-11,0.00000000000000000e+00
2444,9.34373224424178367e-08,8.97567407821583340e-08,2.86945687910062558e-06,8.37987864276659940e-11,0.00000000000000000e+00
2445,9.33311729416951581e-08,8.96505491679108137e-08,2.86577535067068524e-06,1.90345649693116959e-11,0.00000000000000000e+00
2446,9.32054183678531748e-08,8.95430388378230674e-08,2.86210422992115688e-06,8.72100816428640442e-11,0.00000000000000000e+00
2447,9.30984381781056227e-08,8.94369467932540956e-08,2.85843377159468555e-06,2.04336775799261465e-11,0.00000000000000000e+00
2448,9.29717849757146998e-08,8.93300873370897095e-08,2.85477384441536479e-06,8.35105408751712852e-11,0.00000000000000000e+00
2449,9.28660956157935678e-08,8.92244347146633149e-08,2.85111421724674188e-06,1.84330893652743418e-11,0.00000000000000000e+00
2450,9.27409811599175113e-08,8.91176103258598539e-08,2.84746489671536547e-06,8.54766802102439095e-11,0.00000000000000000e+00
2451,9.26345250106741697e-08,8.90119388542721706e-08,2.84381626146743915e-06,2.20547681191141441e-11,0.00000000000000000e+00
2452,9.25093746257481754e-08,8.89052569762025103e-08,2.84017794012427874e-06,8.32392204674400521e-11,0.00000000000000000e+00
2453,9.24037066947164423e-08,8.88004674502763366e-08,2.83654004970289481e-06,2.48311744549521018e-11,0.00000000000000000e+00
2454,9.22795732800930195e-08,8.86940166574413163e-08,2.83291216635651436e-06,9.21577077967515420e-11,0.00000000000000000e+00
2455,9.21733967965485608e-08,8.85890707861748766e-08,2.82928518046645277e-06,1.85148047956803019e-11,0.00000000000000000e+00
2456,9.20479200953205540e-08,8.84830446077290929e-08,2.82566877019034769e-06,7.78428189947914553e-11,0.00000000000000000e+00
2457,9.19434168246862909e-08,8.83782827951846605e-08,2.82205242061822207e-06,2.00412286075961040e-11,0.00000000000000000e+00
2458,9.18202658891861832e-08,8.82727900718438837e-08,2.81844595698137686e-06,8.60341407899536960e-11,0.00000000000000000e+00
2459,9.17148113400016459e-08,8.81682496080810245e-08,2.81484044488658419e-06,1.92871782812967275e-11,0.00000000000000000e+00
2460,9.15906723042321232e-08,8.80626417660098722e-08,2.81124517125903658e-06,7.97325922392473768e-11,0.00000000000000000e+00
2461,9.14863511753544338e-08,8.79586348336638651e-08,2.80765021883046612e-06,1.88280684946650640e-11,0.00000000000000000e+00
2462,9.13634235998924185e-08,8.78534868013439524e-08,2.80406516899045027e-06,8.40604633600019345e-11,0.00000000000000000e+00
2463,9.12586682830206772e-08,8.77493353585784658e-08,2.80048096631326233e-06,2.10745806391767367e-11,0.00000000000000000e+00
2464,9.11351659713639553e-08,8.76443824754865075e-08,2.79690680344396646e-06,8.07796437504645595e-11,0.00000000000000000e+00
2465,9.10315767260402080e-08,8.75408739426229898e-08,2.79333308347740159e-06,2.11419547518358530e-11,0.00000000000000000e+00
2466,9.09095709246962071e-08,8.74361294291869962e-08,2.78976910711876399e-06,8.60609520129770339e-11,0.00000000000000000e+00
2467,9.08052695652163982e-08,8.73324182941982976e-08,2.78620606503506545e-06,2.03063042048839922e-11,0.00000000000000000e+00
2468,9.06820135348227821e-08,8.72282497381420794e-08,2.78265306818102922e-06,7.80336382832973858e-11,0.00000000000000000e+00
2469,9.05791231896281010e-08,8.71251373393613961e-08,2.77910041271660344e-06,2.29899658292219897e-11,0.00000000000000000e+00
2470,9.04583846210988383e-08,8.70209782885600460e-08,2.77555714499018969e-06,8.78654583057522089e-11,0.00000000000000000e+00
2471,9.03523780888155160e-08,8.69177444688418243e-08,2.77201533859361111e-06,2.13383288538877010e-11,0.00000000000000000e+00
2472,9.02312163180771756e-08,8.68141111247365778e-08,2.76848322556517159e-06,7.74909621956536846e-11,0.00000000000000000e+00
2473,9.01294499637858512e-08,8.67113368150088443e-08,2.76495143673220134e-06,2.27714098258406010e-11,0.00000000000000000e+00
2474,9.00095346995253230e-08,8.66078133350755405e-08,2.76142895820051870e-06,8.66251906363818315e-11,0.00000000000000000e+00
2475,8.99039666906516513e-08,8.65050634751561512e-08,2.75790797797856607e-06,2.21588815669276404e-11,0.00000000000000000e+00
2476,8.97836260811526633e-08,8.64019889088101615e-08,2.75439654361564695e-06,7.75178714863446795e-11,0.00000000000000000e+00
2477,8.96822624222123931e-08,8.62997019052679703e-08,2.75088551371959818e-06,2.17599723403801185e-11,0.00000000000000000e+00
2478,8.95629400410809524e-08,8.61966818547778014e-08,2.74738373905269576e-06,8.48185802681737950e-11,0.00000000000000000e+00
2479,8.94577314680571946e-08,8.60945908375476467e-08,2.74388342531793552e-06,2.34422668634974908e-11,0.00000000000000000e+00
2480,8.93387111747593486e-08,8.59917680467350285e-08,2.74039246799942343e-06,7.83831138552880924e-11,0.00000000000000000e+00
2481,8.92376032086725195e-08,8.58900578813952394e-08,2.73690204267316419e-06,2.57641197381271133e-11,0.00000000000000000e+00
2482,8.91190814845185902e-08,8.57875504691997753e-08,2.73342065367075079e-06,8.83339731130679702e-11,0.00000000000000000e+00
2483,8.90142278235078728e-08,8.56859854356976567e-08,2.72994088492587263e-06,2.64317012400156433e-11,0.00000000000000000e+00
2484,8.88961165317855100e-08,8.55832309534098894e-08,2.72647041193708313e-06,7.94140527499939468e-11,0.00000000000000000e+00
2485,8.87948723652560463e-08,8.54825405097469398e-08,2.72300043042566761e-06,2.63699873971051208e-11,0.00000000000000000e+00
2486,8.86773585210886428e-08,8.53804988560235344e-08,2.71953940079775528e-06,8.77554382415547486e-11,0.00000000000000000e+00
2487,8.85730741322853032e-08,8.52793349987073911e-08,2.71607998833282038e-06,2.62889369670648773e-11,0.00000000000000000e+00
2488,8.84557599376605036e-08,8.51771556021731414e-08,2.71262977273885676e-06,7.88443598243258686e-11,0.00000000000000000e+00
2489,8.83549846840400856e-08,8.50769292340680212e-08,2.70918007670467421e-06,2.61974146388089760e-11,0.00000000000000000e+00
2490,8.82381916510566188e-08,8.49754082284956898e-08,2.70573924291129737e-06,8.70020011650039417e-11,0.00000000000000000e+00
2491,8.81344299876828555e-08,8.48747225028600166e-08,2.70230003382286875e-06,2.60944009070482780e-11,0.00000000000000000e+00
2492,8.80176568894798567e-08,8.47732475999996496e-08,2.69886992502967936e-06,7.79790104847514222e-11,0.00000000000000000e+00
2493,8.79177057038013919e-08,8.46731655132930287e-08,2.69544036667779593e-06,2.58183350357846374e-11,0.00000000000000000e+00
2494,8.78014849542373830e-08,8.45722710951684413e-08,2.69201957473782867e-06,8.68181539286537184e-11,0.00000000000000000e+00
2495,8.76984850553940568e-08,8.44718345519438046e-08,2.68860041048778677e-06,2.30621911837557890e-11,0.00000000000000000e+00
2496,8.75817968149101335e-08,8.43713519386035593e-08,2.68519035102461391e-06,7.51516581368437144e-11,0.00000000000000000e+00
2497,8.74828310310917065e-08,8.42712876048810734e-08,2.68178076790760607e-06,2.45232754434282458e-11,0.00000000000000000e+00
2498,8.73672377968168936e-08,8.41713973913319519e-08,2.67837977545515195e-06,8.43848140858111453e-11,0.00000000000000000e+00
2499,8.72642288550994402e-08,8.40713054880376667e-08,2.67498056724082516e-06,2.54600126777286009e-11,0.00000000000000000e+00
2500,8.71486908583631466e-08,8.39712433381293315e-08,2.67159020838188186e-06,7.51141636937487594e-11,0.00000000000000000e+00
2501,8.70500296177133364e-08,8.38718886784215519e-08,2.66820047227806879e-06,3.19455242750101255e-11,0.00000000000000000e+00
2502,8.69359407702037096e-08,8.37718469963288184e-08,2.66481902921615072e-06,8.55631366976924547e-11,0.00000000000000000e+00
2503,8.68320762514196189e-08,8.36724995933706737e-08,2.66143985965367513e-06,2.86681719890719240e-11,0.00000000000000000e+00
2504,8.67185399815069508e-08,8.35729307650079318e-08,2.65806863710608205e-06,9.06205716109390629e-11,0.00000000000000000e+00
2505,8.66178360914362562e-08,8.34740476025611287e-08,2.65469882507303250e-06,1.67792948919858211e-11,0.00000000000000000e+00
2506,8.65033738243239743e-08,8.33746786089186322e-08,2.65133815521598784e-06,7.12978419999717565e-11,0.00000000000000000e+00
2507,8.64052968121000381e-08,8.32758689994677046e-08,2.64797784437396715e-06,2.21897384302357332e-11,0.00000000000000000e+00
2508,8.62919654810325996e-08,8.31770546755456892e-08,2.64462589797823526e-06,8.20234447751134470e-11,0.00000000000000000e+00
2509,8.61901333552228397e-08,8.30783871838875165e-08,2.64127577729579971e-06,2.45161037710764500e-11,0.00000000000000000e+00
2510,8.60766063222484543e-08,8.29792905566314844e-08,2.63793426616855254e-06,7.49233943345728630e-11,0.00000000000000000e+00
2511,8.59791289443450086e-08,8.28809017254102502e-08,2.63459348008202519e-06,2.72537818099745041e-11,0.00000000000000000e+00
2512,8.58658407422974934e-08,8.27827556376103960e-08,2.63126089213576892e-06,8.45533902717662873e-11,0.00000000000000000e+00
2513,8.57642722721928136e-08,8.26845542721885044e-08,2.62793021936152880e-06,2.87071602348291917e-11,0.00000000000000000e+00
2514,8.56516778346461206e-08,8.25857437345351564e-08,2.62460799033392009e-06,7.80916758484465628e-11,0.00000000000000000e+00
2515,8.55546056372861066e-08,8.24879263002356987e-08,2.62128653130066213e-06,2.64231103644472667e-11,0.00000000000000000e+00
2516,8.54418115307407409e-08,8.23903786228256091e-08,2.61797329603644007e-06,8.33501838127374808e-11,0.00000000000000000e+00
2517,8.53411477944432526e-08,8.22922804695889811e-08,2.61466184826926057e-06,2.89367109705437336e-11,0.00000000000000000e+00
2518,8.52290299141803999e-08,8.21945502109217501e-08,2.61135875106372660e-06,7.55845879643241634e-11,0.00000000000000000e+00
2519,8.51322095940654075e-08,8.20973620675502424e-08,2.60805647143841560e-06,2.89085127154324901e-11,0.00000000000000000e+00
2520,8.50208346771345997e-08,8.19995594768953069e-08,2.60476225166065647e-06,8.63725888077734974e-11,0.00000000000000000e+00
2521,8.49203524213160029e-08,8.19023070350588952e-08,2.60146990320575974e-06,2.78295224153483828e-11,0.00000000000000000e+00
2522,8.48085797961198979e-08,8.18050196731196790e-08,2.59818595139941280e-06,7.48097532882710905e-11,0.00000000000000000e+00
2523,8.47125712704047247e-08,8.17079575315979396e-08,2.59490270423270662e-06,3.29935330081138126e-11,0.00000000000000000e+00
2524,8.46021349678194503e-08,8.16111107719014729e-08,2.59162723241941174e-06,8.73209035624875597e-11,0.00000000000000000e+00
2525,8.45012906596265932e-08,8.15145575672593082e-08,2.58835396114839280e-06,3.15255391496187781e-11,0.00000000000000000e+00
2526,8.43906080656237835e-08,8.14173162463121669e-08,2.58508873722196979e-06,8.36013263622740023e-11,0.00000000000000000e+00
2527,8.42949410031864048e-08,8.13209507322387886e-08,2.58182435317997347e-06,2.43572973696234473e-11,0.00000000000000000e+00
2528,8.41840878231793406e-08,8.12242514268095894e-08,2.57856829541869987e-06,8.13557922549468792e-11,0.00000000000000000e+00
2529,8.40847113724946355e-08,8.11281288885758483e-08,2.57531364389628302e-06,2.48044566210212750e-11,0.00000000000000000e+00
2530,8.39752698227293938e-08,8.10318110735770768e-08,2.57206635405837670e-06,7.50310585680480247e-11,0.00000000000000000e+00
2531,8.38802266418033823e-08,8.09460233451172544e-08,2.56882141218276476e-06,3.08951757539673262e-11,0.00000000000000000e+00
2532,8.37703862994086229e-08,8.08420644589396007e-08,2.56558365346425234e-06,8.57267057043659941e-11,0.00000000000000000e+00
2533,8.36709749140561831e-08,8.07445905463452187e-08,2.56234785290378326e-06,3.20350954603934833e-11,0.00000000000000000e+00
2534,8.35618585550476458e-08,8.06477862413442505e-08,2.55911920316147040e-06,7.83143299626873859e-11,0.00000000000000000e+00
2535,8.34667125824766617e-08,8.05629847999902591e-08,2.55589290866865889e-06,3.10675054858968680e-11,0.00000000000000000e+00
2536,8.33577544033884747e-08,8.04590536789781427e-08,2.55267382721087284e-06,8.66539130734233522e-11,0.00000000000000000e+00
2537,8.32594495689375571e-08,8.03617497488050688e-08,2.54945651368431963e-06,2.46291754375173345e-11,0.00000000000000000e+00
2538,8.31501835781281922e-08,8.02661710975048052e-08,2.54624655994102384e-06,7.05463099331808483e-11,0.00000000000000000e+00
2539,8.30558208809222275e-08,8.01816122674488581e-08,2.54303874319160233e-06,3.54090181757944907e-11,0.00000000000000000e+00
2540,8.29487794307419454e-08,8.00781650274777493e-08,2.53983684422810560e-06,8.74746153964237796e-11,0.00000000000000000e+00
2541,8.28496403278327948e-08,7.99920308370011610e-08,2.53663879918895041e-06,2.77682306972025474e-11,0.00000000000000000e+00
2542,8.27412555424157571e-08,7.98882988605216321e-08,2.53344701048402366e-06,8.28402601501229833e-11,0.00000000000000000e+00
2543,8.26456655464627899e-08,7.98023552602286049e-08,2.53025769628437988e-06,2.02638232194473650e-11,0.00000000000000000e+00
2544,8.25385490678165950e-08,7.96992586555975197e-08,2.52707484252190181e-06,7.72136374812628279e-11,0.00000000000000000e+00
2545,8.24418872001178651e-08,7.96135858758346524e-08,2.52389475259666749e-06,2.64835548876584933e-11,0.00000000000000000e+00
2546,8.23356210083355108e-08,7.95102079064152625e-08,2.52072102633748048e-06,7.48612214982737367e-11,0.00000000000000000e+00
2547,8.22416433859811001e-08,7.94249112549394797e-08,2.51754981777478634e-06,3.13798188546642675e-11,0.00000000000000000e+00
2548,8.21347084624253293e-08,7.93219400209336595e-08,2.51438460945629451e-06,8.49809817511521849e-11,0.00000000000000000e+00
2549,8.20371086006288560e-08,7.92367415000907901e-08,2.51122289717749420e-06,3.74317319754277776e-11,0.00000000000000000e+00
2550,8.19306725556337037e-08,7.91336312777503195e-08,2.50806728244700329e-06,8.12426860070713424e-11,0.00000000000000000e+00
2551,8.18372546236069789e-08,7.90488549200553616e-08,2.50491339198531946e-06,2.58809300472866675e-11,0.00000000000000000e+00
2552,8.17300445458968448e-08,7.89567713694305083e-08,2.50176809445811270e-06,8.02334353838683395e-11,0.00000000000000000e+00
2553,8.16338005539277878e-08,7.88532595148324863e-08,2.49862287782808437e-06,2.59148633322353613e-11,0.00000000000000000e+00
2554,8.15283512119229880e-08,7.87679849750642826e-08,2.49548593086589983e-06,7.14402014626283977e-11,0.00000000000000000e+00
2555,8.14354147333607756e-08,7.86766912989084917e-08,2.49235005181999632e-06,3.44722312858903961e-11,0.00000000000000000e+00
2556,8.13302872421095150e-08,7.85836718724638229e-08,2.48922125069796492e-06,8.67751712963447899e-11,0.00000000000000000e+00
2557,8.12336125270706521e-08,7.84905713713202290e-08,2.48609558669907374e-06,3.00745081107352540e-11,0.00000000000000000e+00
2558,8.11274319923314810e-08,7.83871598982819016e-08,2.48297595770736877e-06,7.68452924541719369e-11,0.00000000000000000e+00
2559,8.10353713200019865e-08,7.83028590379384613e-08,2.47985742535129908e-06,2.73014559577572747e-11,0.00000000000000000e+00
2560,8.09303255293116151e-08,7.82147972142467211e-08,2.47674780580121357e-06,7.89796724582560427e-11,0.00000000000000000e+00
2561,8.08345402170357363e-08,7.81100734934287891e-08,2.47363840891382987e-06,3.22407823409394037e-11,0.00000000000000000e+00
2562,8.07301689228988391e-08,7.80249251683286124e-08,2.47053683478845119e-06,7.50891375862264758e-11,0.00000000000000000e+00
2563,8.06383671732594826e-08,7.79339330571037155e-08,2.46743651312083653e-06,3.48128849486150091e-11,0.00000000000000000e+00
2564,8.05339133653527200e-08,7.78419629757187960e-08,2.46434320371377219e-06,8.67963763946126524e-11,0.00000000000000000e+00
2565,8.04380894213844658e-08,7.77500309536196634e-08,2.46125211596768272e-06,3.07002718511078613e-11,0.00000000000000000e+00
2566,8.03335172504039742e-08,7.76577578725696654e-08,2.45816837733471310e-06,7.62902054150428591e-11,0.00000000000000000e+00
2567,8.02423324595894609e-08,7.75659115886353055e-08,2.45508522539181509e-06,3.00319348245030906e-11,0.00000000000000000e+00
2568,8.01386424521512815e-08,7.74771787016096027e-08,2.45201065998618416e-06,8.09799942153195959e-11,0.00000000000000000e+00
2569,8.00437985226411863e-08,7.73729755787155042e-08,2.44893641210340993e-06,3.55145886560105977e-11,0.00000000000000000e+00
2570,7.99406167250923878e-08,7.72887047871163211e-08,2.44586943032457754e-06,7.62843843569449436e-11,0.00000000000000000e+00
2571,7.98493295785988540e-08,7.72019217533333785e-08,2.44280520820255054e-06,2.93759724106476056e-11,0.00000000000000000e+00
2572,7.97457812737154456e-08,7.70982087341992847e-08,2.43974643915919616e-06,8.28177151994950102e-11,0.00000000000000000e+00
2573,7.96516142250978214e-08,7.70147354290387545e-08,2.43668963120156766e-06,2.78218631118993293e-11,0.00000000000000000e+00
2574,7.95486279324299653e-08,7.69277529264122555e-08,2.43364177530133611e-06,6.71054715181699152e-11,0.00000000000000000e+00
2575,7.94579889439845687e-08,7.68246658631537218e-08,2.43059280607968549e-06,3.93245328520946967e-11,0.00000000000000000e+00
2576,7.93566947396615575e-08,7.67443967675655695e-08,2.42755230585175595e-06,8.71813339033275027e-11,0.00000000000000000e+00
2577,7.92614386139525997e-08,7.66425554233189368e-08,2.42451286651508255e-06,2.90247816467142863e-11,0.00000000000000000e+00
2578,7.91588212315058307e-08,7.65595579943546346e-08,2.42148079821906309e-06,8.28301214372022530e-11,0.00000000000000000e+00
2579,7.90667386157514531e-08,7.64706073109051514e-08,2.41844975822538602e-06,3.81411129699416522e-11,0.00000000000000000e+00
2580,7.89662673249553456e-08,7.63829655708677100e-08,2.41542567642252900e-06,9.24947608877100482e-11,0.00000000000000000e+00
2581,7.88738453336805586e-08,7.62932676728251726e-08,2.41240484118754925e-06,2.46098824071853459e-11,0.00000000000000000e+00
2582,7.87710498963428017e-08,7.61905428414223897e-08,2.40938975757291633e-06,6.85662469318337652e-11,0.00000000000000000e+00
2583,7.86813197114054038e-08,7.61080037030529435e-08,2.40637555578200485e-06,3.27423905606237004e-11,0.00000000000000000e+00
2584,7.85815984693967869e-08,7.60220335897129584e-08,2.40336940203576333e-06,8.10245262044384998e-11,0.00000000000000000e+00
2585,7.84874973834941896e-08,7.59200012990339288e-08,2.40036401131531259e-06,3.67005828532912728e-11,0.00000000000000000e+00
2586,7.83866783697325771e-08,7.58374748737353482e-08,2.39736552892673749e-06,7.95413826860625277e-11,0.00000000000000000e+00
2587,7.82973349247189944e-08,7.57520894131880261e-08,2.39436871297043623e-06,2.63648962930402533e-11,0.00000000000000000e+00
2588,7.81954186400711675e-08,7.56637402592980056e-08,2.39138008410324638e-06,7.60623276576727575e-11,0.00000000000000000e+00
2589,7.81031470283751920e-08,7.55613374525455259e-08,2.38839107018163762e-06,3.42632371731513855e-11,0.00000000000000000e+00
2590,7.80038638427649940e-08,7.54819735330965918e-08,2.38540967713546547e-06,7.32549533201776159e-11,0.00000000000000000e+00
2591,7.79145198383857289e-08,7.53948899499119300e-08,2.38242974178653366e-06,3.01136856983810830e-11,0.00000000000000000e+00
2592,7.78136874721605441e-08,7.53063935605510874e-08,2.37945764545947327e-06,7.97905350823887611e-11,0.00000000000000000e+00
2593,7.77217151646411800e-08,7.52042653738497022e-08,2.37648544555059139e-06,3.31301647547109545e-11,0.00000000000000000e+00
2594,7.76220475439306016e-08,7.51255405802873096e-08,2.37352091707874673e-06,6.98338584207639885e-11,0.00000000000000000e+00
2595,7.75333311173528081e-08,7.50388191659670861e-08,2.37055770496811133e-06,3.96087107574963372e-11,0.00000000000000000e+00
2596,7.74345544836742772e-08,7.49503624095441977e-08,2.36760188410508423e-06,8.68878738622439618e-11,0.00000000000000000e+00
2597,7.73421010262738514e-08,7.48486598904057503e-08,2.36464683344626284e-06,2.80108548653435601e-11,0.00000000000000000e+00
2598,7.72419237767222077e-08,7.47678829002873053e-08,2.36169912073070310e-06,7.27889697628604254e-11,0.00000000000000000e+00
2599,7.71539258401037113e-08,7.46810665703610237e-08,2.35875211171845907e-06,3.19721789971082911e-11,0.00000000000000000e+00
2600,7.70561165597761716e-08,7.45955029272650811e-08,2.35581216351805947e-06,7.96333758326851542e-11,0.00000000000000000e+00
2601,7.69642631420997308e-08,7.45050421088755881e-08,2.35287425194466560e-06,4.11086911201634431e-11,0.00000000000000000e+00
2602,7.68656033266039640e-08,7.44165515671414015e-08,2.34994234691941469e-06,7.91359702114337212e-11,0.00000000000000000e+00
2603,7.67779896859213258e-08,7.43309905541540697e-08,2.34701220175450163e-06,2.88945294418378880e-11,0.00000000000000000e+00
2604,7.66784650174247642e-08,7.42440871396045533e-08,2.34408907580609669e-06,7.86979267430953140e-11,0.00000000000000000e+00
2605,7.65880589708834141e-08,7.41534780505370719e-08,2.34116710385495939e-06,3.27610285453976181e-11,0.00000000000000000e+00
2606,7.64906291090935529e-08,7.40677213120991947e-08,2.33825206957994631e-06,6.76249954662639296e-11,0.00000000000000000e+00
2607,7.64029704851886212e-08,7.39808320196961285e-08,2.33533831114142916e-06,3.93540590279879750e-11,0.00000000000000000e+00
2608,7.63059402330269984e-08,7.38934459922502327e-08,2.33243057317501791e-06,8.68399657045500721e-11,0.00000000000000000e+00
2609,7.62148125202649251e-08,7.38060394010451678e-08,2.32952649233660651e-06,2.78606009882413166e-11,0.00000000000000000e+00
2610,7.61164921224374639e-08,7.37056217648472065e-08,2.32662738630982466e-06,6.79911114064974951e-11,0.00000000000000000e+00
2611,7.60295166117905146e-08,7.36265643806030265e-08,2.32372939136606591e-06,3.69700775460806088e-11,0.00000000000000000e+00
2612,7.59341761935862700e-08,7.35434635084695480e-08,2.32083816820922248e-06,8.18967269787983015e-11,0.00000000000000000e+00
2613,7.58428104869490888e-08,7.34546116777972699e-08,2.31794921183627581e-06,3.22279215077810816e-11,0.00000000000000000e+00
2614,7.57457569761261521e-08,7.33669895985782629e-08,2.31506628828561588e-06,7.14934896777099624e-11,0.00000000000000000e+00
2615,7.56592428495960495e-08,7.32831457355979065e-08,2.31218482097383596e-06,3.36559850512953622e-11,0.00000000000000000e+00
2616,7.55630389018030955e-08,7.31970914363779438e-08,2.30930998337881597e-06,7.99202945788543450e-11,0.00000000000000000e+00
2617,7.54730502582071807e-08,7.31078260663255643e-08,2.30643667324111386e-06,3.45711798468912461e-11,0.00000000000000000e+00
2618,7.53767128995764141e-08,7.30235166835453815e-08,2.30356999311959740e-06,6.93565170201957626e-11,0.00000000000000000e+00
2619,7.52904974225750999e-08,7.29376912472694630e-08,2.30070462109998629e-06,3.58407745475219466e-11,0.00000000000000000e+00
2620,7.51949720026543204e-08,7.28516562092427663e-08,2.29784566468900613e-06,8.14479199194956697e-11,0.00000000000000000e+00
2621,7.51052698358572405e-08,7.27627493513994968e-08,2.29498833593373374e-06,3.67939518679119578e-11,0.00000000000000000e+00
2622,7.50094017836697268e-08,7.26787657158978670e-08,2.29213755288935442e-06,7.09305687279575831e-11,0.00000000000000000e+00
2623,7.49235797986259387e-08,7.25933595956659929e-08,2.28928809369969215e-06,3.35974952954938212e-11,0.00000000000000000e+00
2624,7.48283555268411697e-08,7.25077881183149402e-08,2.28644508973286203e-06,7.86795225421183168e-11,0.00000000000000000e+00
2625,7.47392788753408754e-08,7.24193011667076793e-08,2.28360357539121782e-06,3.83269552235039285e-11,0.00000000000000000e+00
2626,7.46444806891655512e-08,7.23356566101208788e-08,2.28076855854191889e-06,7.22856565751714469e-11,0.00000000000000000e+00
2627,7.45586109997384434e-08,7.22507764008112502e-08,2.27793488480483562e-06,3.06662575604868169e-11,0.00000000000000000e+00
2628,7.44636611630848504e-08,7.21655893265987955e-08,2.27510772356350581e-06,7.65958861567516849e-11,0.00000000000000000e+00
2629,7.43752102321233144e-08,7.20776328686073070e-08,2.27228189356967466e-06,3.59115295518103117e-11,0.00000000000000000e+00
2630,7.42813466942088803e-08,7.19941609707921907e-08,2.26946260195272890e-06,6.71392698450173132e-11,0.00000000000000000e+00
2631,7.41956781162692163e-08,7.19098184545023301e-08,2.26664462264473301e-06,3.46301654069967002e-11,0.00000000000000000e+00
2632,7.41017532121066864e-08,7.18249886836838138e-08,2.26383254335490874e-06,7.97787752744551460e-11,0.00000000000000000e+00
2633,7.40134695890554938e-08,7.17400564972341585e-08,2.26102270530626988e-06,3.62542597418185013e-11,0.00000000000000000e+00
2634,7.39193421738266835e-08,7.16550954836725311e-08,2.25821907348771594e-06,6.89207113851476068e-11,0.00000000000000000e+00
2635,7.38345382238446863e-08,7.15705000881412151e-08,2.25541667062174436e-06,3.18893413411154876e-11,0.00000000000000000e+00
2636,7.37409054687904355e-08,7.14861271083297367e-08,2.25262055394589033e-06,7.67208652868675511e-11,0.00000000000000000e+00
2637,7.36531345902719832e-08,7.13990213573372598e-08,2.24982591024616917e-06,3.46170102055548977e-11,0.00000000000000000e+00
2638,7.35600688572640069e-08,7.13164173520203337e-08,2.24703771267848000e-06,6.45216329696493407e-11,0.00000000000000000e+00
2639,7.34754328877430380e-08,7.12327088015890072e-08,2.24425079306818357e-06,4.08506114580728843e-11,0.00000000000000000e+00
2640,7.33831442309422053e-08,7.11486858788874009e-08,2.24146944728533435e-06,8.53759359025541171e-11,0.00000000000000000e+00
2641,7.32949879826272401e-08,7.10646565560176301e-08,2.23869061826036258e-06,3.11335656830859467e-11,0.00000000000000000e+00
2642,7.32015695494578793e-08,7.09805086345829434e-08,2.23591794435113447e-06,7.01856053444167926e-11,0.00000000000000000e+00
2643,7.31161977060053275e-08,7.08968281725728392e-08,2.23314643873598603e-06,3.20326530182578905e-11,0.00000000000000000e+00
2644,7.30257438333302329e-08,7.08131027167418625e-08,2.23038095226668896e-06,7.18011677508244703e-11,0.00000000000000000e+00
2645,7.29384447393205157e-08,7.07268025195075462e-08,2.22761713645088620e-06,4.58745059967298989e-11,0.00000000000000000e+00
2646,7.28469273063972713e-08,7.06453595805580631e-08,2.22485907983210608e-06,7.94696047960693178e-11,0.00000000000000000e+00
2647,7.27616394043275782e-08,7.05618157526425444e-08,2.22210293812491252e-06,1.89104944099176632e-11,0.00000000000000000e+00
2648,7.26687379390383403e-08,7.04793172126947414e-08,2.21935333941360631e-06,6.45724208899177683e-11,0.00000000000000000e+00
2649,7.25838136492905447e-08,7.03932709439423048e-08,2.21660446160234087e-06,3.50319026223157437e-11,0.00000000000000000e+00
2650,7.24932995414601854e-08,7.03120845226768223e-08,2.21386164389433633e-06,6.69963590825205845e-11,0.00000000000000000e+00
2651,7.24080793393379863e-08,7.02293642877082368e-08,2.21112062535531810e-06,3.21048021294532980e-11,0.00000000000000000e+00
2652,7.23174671487068628e-08,7.01465773966350759e-08,2.20838518958586967e-06,7.72352387085014174e-11,0.00000000000000000e+00
2653,7.22315995544565134e-08,7.00637771248637568e-08,2.20565186352058421e-06,3.43556369841862324e-11,0.00000000000000000e+00
2654,7.21405640904435747e-08,6.99806108691963298e-08,2.20292455840025234e-06,6.13472685647418466e-11,0.00000000000000000e+00
2655,7.20575054782400564e-08,6.98981439789405387e-08,2.20019848655882018e-06,3.99314072128815700e-11,0.00000000000000000e+00
2656,7.19672973998442095e-08,6.98157512307022524e-08,2.19747774974089230e-06,8.25125939296653166e-11,0.00000000000000000e+00
2657,7.18810520870687238e-08,6.97331725072046606e-08,2.19475953599669562e-06,3.35432859602624355e-11,0.00000000000000000e+00
2658,7.17896877656597881e-08,6.96506850908247770e-08,2.19204726815318282e-06,6.60427341774892171e-11,0.00000000000000000e+00
2659,7.17073243134105075e-08,6.95684883979305213e-08,2.18933613212027671e-06,4.45488082495330106e-11,0.00000000000000000e+00
2660,7.16183879218740661e-08,6.94864295969621781e-08,2.18663018966069976e-06,8.43543376156401449e-11,0.00000000000000000e+00
2661,7.15316589896718249e-08,6.94044163733667010e-08,2.18392697898546798e-06,2.93008093838088187e-11,0.00000000000000000e+00
2662,7.14410115440314854e-08,6.93223671697748749e-08,2.18122955785138959e-06,6.81647111459040352e-11,0.00000000000000000e+00
2663,7.13576106463594841e-08,6.92405431506893461e-08,2.17853334521102949e-06,3.34144164040774843e-11,0.00000000000000000e+00
2664,7.12699870145465019e-08,6.91590450117003790e-08,2.17584275641217563e-06,6.90443594316900947e-11,0.00000000000000000e+00
2665,7.11845279101296656e-08,6.90747047646197514e-08,2.17315402464517132e-06,4.91709003149513181e-11,0.00000000000000000e+00
2666,7.10958322265175241e-08,6.89953232015781288e-08,2.17047058323437860e-06,8.20359622856052679e-11,0.00000000000000000e+00
2667,7.10125361435373956e-08,6.89135599106009891e-08,2.16778922776330396e-06,1.39087888641610307e-11,0.00000000000000000e+00
2668,7.09215761972618521e-08,6.88331656479377683e-08,2.16511432847893034e-06,5.92432265536334266e-11,0.00000000000000000e+00
2669,7.08391250967376411e-08,6.87491990090207649e-08,2.16243987329023578e-06,8.88581489369245719e-11,0.00000000000000000e+00
2670,7.07548540689194582e-08,6.86696478385817641e-08,2.15977012353343784e-06,2.31166871024464259e-11,0.00000000000000000e+00
2671,7.06632349042394389e-08,6.85867522548597641e-08,2.15710574208232857e-06,6.29795648854479441e-11,0.00000000000000000e+00
2672,7.05810835237459337e-08,6.85078867681585003e-08,2.15444248991221800e-06,7.71638653007185616e-11,0.00000000000000000e+00
2673,7.04976228243705202e-08,6.84266414278880397e-08,2.15178349476963270e-06,5.70295530537379529e-11,0.00000000000000000e+00
2674,7.04073658459036839e-08,6.83460323862132673e-08,2.14912947955792090e-06,8.31510817744170640e-11,0.00000000000000000e+00
2675,7.03252253864061851e-08,6.82651334064093484e-08,2.14647734400633167e-06,2.15991352718277956e-11,0.00000000000000000e+00
2676,7.02354700345932268e-08,6.81855911467098763e-08,2.14383147919579301e-06,6.46274446146941969e-11,0.00000000000000000e+00
2677,7.01538965338128827e-08,6.81024626092644379e-08,2.14118612811366463e-06,8.14280016695501021e-11,0.00000000000000000e+00
2678,7.00700800219591344e-08,6.80237550115330671e-08,2.13854523602897628e-06,3.11379874122887147e-11,0.00000000000000000e+00
2679,6.99805317108595788e-08,6.79437324935643216e-08,2.13590988193711057e-06,6.58102521408238353e-11,0.00000000000000000e+00
2680,6.98988480840690927e-08,6.78639115423136116e-08,2.13327562187432006e-06,4.50812856327274526e-11,0.00000000000000000e+00
2681,6.98139863640633050e-08,6.77836527979259887e-08,2.13064626034265243e-06,8.46302636210399526e-11,0.00000000000000000e+00
2682,6.97301207082476063e-08,6.77033993138548889e-08,2.12801957267281654e-06,3.01633975646957173e-11,0.00000000000000000e+00
2683,6.96414803824389513e-08,6.76240226027265671e-08,2.12539851334550772e-06,6.40937052196813684e-11,0.00000000000000000e+00
2684,6.95605818381600509e-08,6.75438866278423099e-08,2.12277861558671501e-06,5.31490854005868530e-11,0.00000000000000000e+00
2685,6.94764519071210950e-08,6.74643788347227089e-08,2.12016328559676664e-06,8.81219643623445655e-11,0.00000000000000000e+00
2686,6.93919897820374524e-08,6.73844368720160217e-08,2.11755108335929101e-06,3.15834466740022287e-11,0.00000000000000000e+00
2687,6.93045108822844404e-08,6.73054175076140439e-08,2.11494422441039486e-06,7.01089628394642052e-11,0.00000000000000000e+00
2688,6.92233328139621577e-08,6.72234920148178129e-08,2.11233850737970424e-06,3.52192789861059955e-11,0.00000000000000000e+00
2689,6.91377507287550001e-08,6.71460741577547000e-08,2.10973829582613114e-06,6.41104539888513914e-11,0.00000000000000000e+00
2690,6.90562806009587882e-08,6.70672121867787346e-08,2.10713974581063529e-06,4.26726260320752306e-11,0.00000000000000000e+00
2691,6.89722460680400882e-08,6.69879253520122517e-08,2.10454597426457798e-06,7.85276237444441371e-11,0.00000000000000000e+00
2692,6.88890118123249012e-08,6.69089648593895124e-08,2.10195490962464674e-06,3.68091513450539346e-11,0.00000000000000000e+00
2693,6.88025197538642725e-08,6.68299989548706205e-08,2.09936897536068058e-06,6.84565894361544143e-11,0.00000000000000000e+00
2694,6.87216772557709864e-08,6.67513091408224924e-08,2.09678450539375300e-06,3.74537481614065405e-11,0.00000000000000000e+00
2695,6.86379175298139326e-08,6.66724840561379144e-08,2.09420524738747975e-06,7.13611532867038372e-11,0.00000000000000000e+00
2696,6.85554798771951002e-08,6.65914373723551551e-08,2.09162794109616158e-06,4.16811945579094734e-11,0.00000000000000000e+00
2697,6.84700666958968368e-08,6.65149366099216410e-08,2.08905570224315147e-06,7.29324586884080731e-11,0.00000000000000000e+00
2698,6.83895651859620098e-08,6.64366523959944106e-08,2.08648528089890082e-06,3.26613002181313930e-11,0.00000000000000000e+00
2699,6.83054535168155818e-08,6.63584184879096639e-08,2.08392019307627950e-06,6.69699706886894054e-11,0.00000000000000000e+00
2700,6.82238703035025269e-08,6.62776753793900592e-08,2.08135678088888740e-06,5.38488714996548312e-11,0.00000000000000000e+00
2701,6.81396712089618744e-08,6.62016185323017258e-08,2.07879813933686038e-06,7.85125251894433717e-11,0.00000000000000000e+00
2702,6.80593442870602645e-08,6.61234205591659455e-08,2.07624169482208949e-06,1.34987342902418794e-11,0.00000000000000000e+00
2703,6.79733057825980695e-08,6.60462606218369411e-08,2.07369118522427087e-06,5.30356085625460794e-11,0.00000000000000000e+00
2704,6.78939078432799750e-08,6.59658165042192094e-08,2.07114125820709523e-06,8.51858635485551904e-11,0.00000000000000000e+00
2705,6.78132435023748253e-08,6.58895671030478254e-08,2.06859537584202723e-06,3.38564568215285612e-11,0.00000000000000000e+00
2706,6.77270492992100879e-08,6.58121636253265761e-08,2.06605480725527378e-06,6.26864345333452908e-11,0.00000000000000000e+00
2707,6.76476142133283190e-08,6.57346638069054176e-08,2.06351551284547035e-06,4.53358087080573556e-11,0.00000000000000000e+00
2708,6.75660103603873008e-08,6.56569554677547007e-08,2.06098071226498257e-06,8.09194800737163850e-11,0.00000000000000000e+00
2709,6.74845978634507543e-08,6.55793233885340012e-08,2.05844868916941926e-06,2.60668569925065855e-11,0.00000000000000000e+00
2710,6.73992107086276191e-08,6.55026258531651255e-08,2.05592183272053925e-06,5.93911728068682160e-11,0.00000000000000000e+00
2711,6.73206116833184617e-08,6.54252988757901270e-08,2.05339618837971454e-06,8.64635547045156740e-11,0.00000000000000000e+00
2712,6.72411103405613904e-08,6.53477503366959575e-08,2.05087426289177719e-06,2.02317842502356286e-11,0.00000000000000000e+00
2713,6.71549525897024381e-08,6.52709194826293015e-08,2.04835789529237120e-06,5.56838304476901641e-11,0.00000000000000000e+00
2714,6.70767158914564480e-08,6.51940169064841514e-08,2.04584245141580202e-06,8.48189589072676614e-11,0.00000000000000000e+00
2715,6.69971424166527803e-08,6.51170003590204072e-08,2.04333072091414976e-06,2.53510504687683878e-11,0.00000000000000000e+00
2716,6.69118827454846613e-08,6.50403356083345261e-08,2.04082419221794041e-06,6.50387052707717166e-11,0.00000000000000000e+00
2717,6.68338248054147493e-08,6.49636008843881757e-08,2.03831901384876669e-06,8.00236584608954250e-11,0.00000000000000000e+00
2718,6.67540837707562937e-08,6.48863974173301423e-08,2.03581766480047131e-06,3.16761808457085592e-11,0.00000000000000000e+00
2719,6.66690425889816664e-08,6.48105608771087471e-08,2.03332123449410378e-06,6.59751700666735538e-11,0.00000000000000000e+00
2720,6.65914564075943622e-08,6.47340600864389001e-08,2.03082608503647765e-06,5.85363617924327310e-11,0.00000000000000000e+00
2721,6.65121515576736402e-08,6.46572829715240117e-08,2.02833509293456909e-06,8.42511076446867131e-11,0.00000000000000000e+00
2722,6.64301685019488994e-08,6.45812066287687502e-08,2.02584743789622795e-06,5.65626879397345000e-11,0.00000000000000000e+00
2723,6.63491904290614376e-08,6.45050194278605982e-08,2.02336350007419513e-06,8.29386145892681151e-11,0.00000000000000000e+00
2724,6.62701626771133760e-08,6.44287507662909548e-08,2.02088222476494899e-06,2.34733553340126867e-11,0.00000000000000000e+00
2725,6.61870066761035821e-08,6.43537932184260126e-08,2.01840599586449396e-06,5.66681108074432731e-11,0.00000000000000000e+00
2726,6.61102123637479917e-08,6.42774574352956882e-08,2.01593088887316674e-06,8.42932000154251214e-11,0.00000000000000000e+00
2727,6.60316652093274452e-08,6.42015833837523043e-08,2.01345942350873620e-06,1.72811243016962019e-11,0.00000000000000000e+00
2728,6.59477089711219660e-08,6.41263967903077150e-08,2.01099348747143279e-06,5.62862558038495989e-11,0.00000000000000000e+00
2729,6.58707219267454462e-08,6.40485309816544436e-08,2.00852811515411250e-06,8.66456815895056316e-11,0.00000000000000000e+00
2730,6.57927717903504706e-08,6.39741807530113294e-08,2.00606665262976846e-06,2.28537761897077820e-11,0.00000000000000000e+00
2731,6.57089855244175875e-08,6.38994286174976853e-08,2.00361044852507781e-06,5.33949836997507154e-11,0.00000000000000000e+00
2732,6.56324305884214798e-08,6.38241162681643844e-08,2.00115525161243911e-06,8.36536316426576195e-11,0.00000000000000000e+00
2733,6.55546954685369224e-08,6.37488232340699487e-08,1.99870361229778756e-06,2.42225173218870638e-11,0.00000000000000000e+00
2734,6.54715001498858731e-08,6.36738809663517717e-08,1.99625702133995848e-06,6.20117054576144576e-11,0.00000000000000000e+00
2735,6.53950519335239950e-08,6.35987579223891585e-08,1.99381178885024221e-06,9.06916342660010825e-11,0.00000000000000000e+00
2736,6.53173393065418860e-08,6.35233567645525053e-08,1.99137008207078633e-06,2.32110715584949927e-11,0.00000000000000000e+00
2737,6.52341830519833938e-08,6.34488449225965359e-08,1.98893364258072154e-06,5.25639011374749431e-11,0.00000000000000000e+00
2738,6.51582356914100843e-08,6.33741268199953274e-08,1.98649810650161552e-06,8.10389691938573292e-11,0.00000000000000000e+00
2739,6.50811526173035509e-08,6.32993297403377446e-08,1.98406611430741652e-06,2.75149050387058148e-11,0.00000000000000000e+00
2740,6.49989560004244407e-08,6.32249233090532295e-08,1.98163899498194201e-06,6.41603220709175347e-11,0.00000000000000000e+00
2741,6.49229067864574471e-08,6.31502955472520303e-08,1.97921337984919582e-06,8.95866267788371548e-11,0.00000000000000000e+00
2742,6.48457163513146168e-08,6.30754399074102680e-08,1.97679125506130952e-06,2.45389045930061340e-11,0.00000000000000000e+00
2743,6.47631544824588346e-08,6.30015314791341426e-08,1.97437429166492438e-06,5.34104236212014778e-11,0.00000000000000000e+00
2744,6.46876357374152796e-08,6.29274650357549524e-08,1.97195824935105999e-06,8.26248339203486399e-11,0.00000000000000000e+00
2745,6.46117699851848074e-08,6.28525918269766487e-08,1.96954571038254544e-06,2.73420549196944044e-11,0.00000000000000000e+00
2746,6.45296296163279602e-08,6.27793976182361200e-08,1.96713798081565536e-06,6.37565148439569457e-11,0.00000000000000000e+00
2747,6.44542863950677814e-08,6.27051317310948792e-08,1.96473177039677337e-06,8.91854733595165744e-11,0.00000000000000000e+00
2748,6.43776086646404725e-08,6.26307924844909874e-08,1.96232901992743433e-06,2.43768822356065556e-11,0.00000000000000000e+00
2749,6.42959190844349237e-08,6.25574261480361392e-08,1.95993134757311389e-06,5.29597859144991317e-11,0.00000000000000000e+00
2750,6.42208932827359040e-08,6.24838699493504180e-08,1.95753461031486827e-06,8.16189833387115643e-11,0.00000000000000000e+00
2751,6.41455690369392349e-08,6.24095204845840619e-08,1.95514134126358571e-06,2.62810715471577510e-11,0.00000000000000000e+00
2752,6.40641912746411043e-08,6.23368857751147321e-08,1.95275281500343960e-06,6.22566671485027355e-11,0.00000000000000000e+00
2753,6.39893432064625917e-08,6.22631528396782547e-08,1.95036581760927078e-06,8.88901122513347089e-11,0.00000000000000000e+00
2754,6.39133633903729656e-08,6.21891986545837451e-08,1.94798223165415449e-06,2.65112584086480959e-11,0.00000000000000000e+00
2755,6.38322756227903485e-08,6.21164952668396453e-08,1.94560364747240028e-06,5.18220971117527379e-11,0.00000000000000000e+00
2756,6.37578506517895958e-08,6.20433287319639784e-08,1.94322603725691673e-06,8.28430054983161849e-11,0.00000000000000000e+00
2757,6.36827013971188664e-08,6.19698675026488978e-08,1.94085183116351017e-06,2.95316344604737015e-11,0.00000000000000000e+00
2758,6.36025338247037862e-08,6.18974007265846207e-08,1.93848226828775806e-06,6.45957949213402268e-11,0.00000000000000000e+00
2759,6.35279683170528375e-08,6.18242459762611909e-08,1.93611432445697158e-06,8.21802364356828284e-11,0.00000000000000000e+00
2760,6.34518686069998265e-08,6.17509774840318864e-08,1.93374988913815556e-06,2.95496768259704193e-11,0.00000000000000000e+00
2761,6.33724018236921657e-08,6.16788139568511949e-08,1.93138976692483100e-06,6.70375710995670022e-11,0.00000000000000000e+00
2762,6.32984478059195254e-08,6.16061174537879523e-08,1.92903117515021259e-06,8.89977408857604744e-11,0.00000000000000000e+00
2763,6.32231641508728955e-08,6.15328953765516619e-08,1.92667607350459747e-06,1.93411082378859944e-11,0.00000000000000000e+00
2764,6.31433919068707566e-08,6.14611736841924141e-08,1.92432588738033001e-06,4.91972033878305220e-11,0.00000000000000000e+00
2765,6.30696978299460239e-08,6.13888904147539105e-08,1.92197658582959768e-06,7.59018273596023528e-11,0.00000000000000000e+00
2766,6.29954598987432234e-08,6.13159536004841353e-08,1.91963068064180462e-06,3.52028326152087031e-11,0.00000000000000000e+00
2767,6.29173090781680809e-08,6.12441198832691066e-08,1.91728901055879186e-06,6.87644499691790309e-11,0.00000000000000000e+00
2768,6.28425423633235283e-08,6.11718711841812879e-08,1.91494937413668892e-06,4.54500344583588226e-11,0.00000000000000000e+00
2769,6.27656566411410792e-08,6.10994375476127763e-08,1.91261406811777010e-06,6.10700225092392186e-11,0.00000000000000000e+00
2770,6.26914838550241940e-08,6.10273794296872736e-08,1.91028047902738984e-06,8.68498647431091432e-11,0.00000000000000000e+00
2771,6.26167919016924403e-08,6.09557747318720095e-08,1.90795018216259275e-06,2.61150776794974090e-11,0.00000000000000000e+00
2772,6.25377183869027035e-08,6.08842776807189446e-08,1.90562472309428368e-06,5.08013568802969324e-11,0.00000000000000000e+00
2773,6.24645988249013740e-08,6.08127061760352929e-08,1.90330031626203190e-06,8.13758682723598928e-11,0.00000000000000000e+00
2774,6.23912346269170970e-08,6.07405335770643839e-08,1.90097918474293215e-06,2.97886743394047730e-11,0.00000000000000000e+00
2775,6.23130409421253357e-08,6.06694618694883368e-08,1.89866249182321366e-06,6.50733162135553410e-11,0.00000000000000000e+00
2776,6.22399087708581268e-08,6.05978803757089407e-08,1.89634745929643258e-06,5.65026532185851251e-11,0.00000000000000000e+00
2777,6.21641935158051985e-08,6.05260817299730980e-08,1.89403649887252656e-06,7.10925203440931415e-11,0.00000000000000000e+00
2778,6.20903730012626600e-08,6.04548060095444785e-08,1.89172763767216026e-06,3.83792339509075719e-11,0.00000000000000000e+00
2779,6.20141987026473725e-08,6.03844118216323104e-08,1.88942281647234013e-06,7.01157158200238338e-11,0.00000000000000000e+00
2780,6.19406535473022363e-08,6.03130493136658671e-08,1.88712013392294550e-06,4.42951298218940988e-11,0.00000000000000000e+00
2781,6.18652873142980475e-08,6.02414945521586845e-08,1.88482173620976221e-06,5.69019670183771066e-11,0.00000000000000000e+00
2782,6.17918931044143708e-08,6.01707385022974256e-08,1.88252499335139702e-06,8.79799417713817624e-11,0.00000000000000000e+00
2783,6.17186458333443333e-08,6.00998983485338244e-08,1.88023139434913001e-06,3.09020498216606794e-11,0.00000000000000000e+00
2784,6.16406457683569655e-08,6.00298310167778413e-08,1.87794236108499540e-06,6.11048304527993885e-11,0.00000000000000000e+00
2785,6.15687114868310325e-08,5.99588745342661975e-08,1.87565473610464374e-06,8.79167677978604395e-11,0.00000000000000000e+00
2786,6.14962624013660006e-08,5.98874576406603335e-08,1.87337028110139557e-06,1.66449476106399110e-11,0.00000000000000000e+00
2787,6.14184916687820588e-08,5.98179273342326496e-08,1.87109072106070397e-06,4.28873319789800396e-11,0.00000000000000000e+00
2788,6.13468617164084482e-08,5.97477632038868529e-08,1.86881195902285007e-06,7.11861739597290383e-11,0.00000000000000000e+00
2789,6.12748175535368208e-08,5.96767739231018092e-08,1.86653646990823159e-06,8.88086615430966602e-11,0.00000000000000000e+00
2790,6.12014779911558842e-08,5.96060423027702905e-08,1.86426422175368547e-06,3.17622232051325646e-11,0.00000000000000000e+00
2791,6.11233477053420027e-08,5.95364240494926520e-08,1.86199649861029626e-06,5.34942595299625182e-11,0.00000000000000000e+00
2792,6.10520812661664311e-08,5.94664772349386643e-08,1.85972983300038696e-06,8.18530257268804931e-11,0.00000000000000000e+00
2793,6.09805205018825469e-08,5.93959195932747160e-08,1.85746634145233506e-06,2.73072480134467337e-11,0.00000000000000000e+00
2794,6.09043660164957200e-08,5.93266333974855940e-08,1.85520716836858723e-06,6.16320091070905901e-11,0.00000000000000000e+00
2795,6.08330207304287962e-08,5.92566086677967919e-08,1.85294956129393015e-06,8.54301024675511912e-11,0.00000000000000000e+00
2796,6.07605111497758964e-08,5.91863313582897761e-08,1.85069519536570220e-06,2.27354269577095386e-11,0.00000000000000000e+00
2797,6.06844480796660690e-08,5.91173886402506093e-08,1.84844540619192551e-06,4.40364043666537219e-11,0.00000000000000000e+00
2798,6.06145452814726691e-08,5.90480033149242737e-08,1.84619654275823928e-06,7.21749260883422382e-11,0.00000000000000000e+00
2799,6.05424803603893261e-08,5.89778701012838773e-08,1.84395088577255935e-06,8.92471912367875485e-11,0.00000000000000000e+00
2800,6.04699245808970750e-08,5.89080094840651813e-08,1.84170842317992170e-06,2.95253550650211598e-11,0.00000000000000000e+00
2801,6.03927827665722489e-08,5.88393476525068378e-08,1.83947044880630049e-06,5.01044507228425480e-11,0.00000000000000000e+00
2802,6.03223774279354645e-08,5.87702810341500421e-08,1.83723346827949740e-06,7.92656949440699932e-11,0.00000000000000000e+00
2803,6.02518385684862920e-08,5.87004957214241602e-08,1.83499958673142988e-06,4.03563009843340787e-11,0.00000000000000000e+00
2804,6.01772367156914685e-08,5.86318892051554292e-08,1.83276969653823653e-06,7.19881002639099228e-11,0.00000000000000000e+00
2805,6.01060894279340425e-08,5.85625259730442162e-08,1.83054177872407746e-06,4.19709794979643197e-11,0.00000000000000000e+00
2806,6.00325091802847007e-08,5.84936933083938954e-08,1.82831800708410161e-06,5.22284515505432797e-11,0.00000000000000000e+00
2807,5.99614620465803387e-08,5.84250234617692949e-08,1.82609579465165820e-06,8.30966321782596938e-11,0.00000000000000000e+00
2808,5.98908025356222105e-08,5.83560875853688803e-08,1.82387655653065460e-06,3.45250871980886670e-11,0.00000000000000000e+00
2809,5.98160896280779509e-08,5.82878313271489211e-08,1.82166153928839671e-06,6.35558544159006952e-11,0.00000000000000000e+00
2810,5.97458885344360884e-08,5.82190179623725457e-08,1.81944814266513965e-06,8.64466408870753601e-11,0.00000000000000000e+00
2811,5.96751931749182150e-08,5.81498599179308152e-08,1.81723779965533748e-06,2.10143861176966106e-11,0.00000000000000000e+00
2812,5.96003094006398477e-08,5.80824494399869013e-08,1.81503201361279273e-06,4.10716271947947228e-11,0.00000000000000000e+00
2813,5.95306008021056087e-08,5.80142280503599062e-08,1.81282712187633589e-06,7.00162105937166821e-11,0.00000000000000000e+00
2814,5.94607662622699452e-08,5.79454595442717582e-08,1.81062529078370826e-06,8.69849568799437475e-11,0.00000000000000000e+00
2815,5.93894959725664715e-08,5.78768566681353634e-08,1.80842664702744674e-06,2.62374380095511013e-11,0.00000000000000000e+00
2816,5.93146076959684551e-08,5.78091476249527626e-08,1.80623226131440105e-06,5.13499075513135392e-11,0.00000000000000000e+00
2817,5.92454063666975325e-08,5.77412502907328965e-08,1.80403896576107012e-06,7.47440879513158453e-11,0.00000000000000000e+00
2818,5.91755984471460633e-08,5.76729542908031479e-08,1.80184875425486807e-06,3.80403752602656737e-11,0.00000000000000000e+00
2819,5.91033270714597542e-08,5.76052144041404766e-08,1.79966226751334996e-06,6.96604009791880717e-11,0.00000000000000000e+00
2820,5.90328110808749764e-08,5.75374271251383263e-08,1.79747782956101331e-06,5.08221875019697736e-11,0.00000000000000000e+00
2821,5.89610014002875129e-08,5.74695700952692363e-08,1.79529720541031982e-06,6.17098811861248937e-11,0.00000000000000000e+00
2822,5.88910738974908665e-08,5.74019554986023931e-08,1.79311835870984530e-06,9.09049462760283121e-11,0.00000000000000000e+00
2823,5.88215610751722397e-08,5.73343100042775183e-08,1.79094241033036993e-06,2.12804074087543132e-11,0.00000000000000000e+00
2824,5.87478432089844791e-08,5.72676711401891984e-08,1.78877088497499186e-06,5.10740315230514899e-11,0.00000000000000000e+00
2825,5.86791682183642330e-08,5.72003530758562004e-08,1.78660048966709938e-06,7.58577963273002379e-11,0.00000000000000000e+00
2826,5.86099289926846535e-08,5.71324300414054087e-08,1.78443312967942696e-06,5.77980409695335003e-11,0.00000000000000000e+00
2827,5.85382678563258055e-08,5.70648609652006775e-08,1.78226938321830397e-06,8.05417041766442537e-11,0.00000000000000000e+00
2828,5.84689118537932301e-08,5.69978115960271158e-08,1.78010767140630973e-06,2.85014034684611067e-11,0.00000000000000000e+00
2829,5.83972296873004934e-08,5.69314864531401256e-08,1.77794984360385405e-06,5.84832727915832857e-11,0.00000000000000000e+00
2830,5.83286013276094684e-08,5.68643660819449019e-08,1.77579370112820789e-06,8.03297395967383884e-11,0.00000000000000000e+00
2831,5.82589613001073962e-08,5.67971862241311336e-08,1.77364057674964816e-06,2.98454208319866982e-11,0.00000000000000000e+00
2832,5.81876662490812918e-08,5.67305537356106732e-08,1.77149151938951270e-06,4.85458873980838302e-11,0.00000000000000000e+00
2833,5.81188354562209082e-08,5.66640400552329703e-08,1.76934370761778961e-06,7.59369964594119466e-11,0.00000000000000000e+00
2834,5.80506825065548053e-08,5.65967752153363206e-08,1.76719882374432498e-06,8.92163168538449050e-11,0.00000000000000000e+00
2835,5.79811688032879593e-08,5.65298291610928542e-08,1.76505701518868556e-06,2.47229805449406334e-11,0.00000000000000000e+00
2836,5.79078295984092689e-08,5.64643651848247157e-08,1.76291942747334144e-06,4.37115723324303815e-11,0.00000000000000000e+00
2837,5.78404772814635396e-08,5.63980563827057756e-08,1.76078276266037344e-06,6.92357602218933899e-11,0.00000000000000000e+00
2838,5.77724627094292333e-08,5.63314406305258380e-08,1.75864903374617745e-06,8.89557983800100821e-11,0.00000000000000000e+00
2839,5.77038406253975059e-08,5.62643930441068812e-08,1.75651831461100233e-06,2.90580383247502160e-11,0.00000000000000000e+00
2840,5.76308259445489939e-08,5.61992750035900209e-08,1.75439165765342578e-06,5.19018158651570018e-11,0.00000000000000000e+00
2841,5.75636746627042252e-08,5.61330830755244491e-08,1.75226619180587223e-06,7.89750573402335300e-11,0.00000000000000000e+00
2842,5.74964380212253369e-08,5.60663461616981645e-08,1.75014356413810347e-06,4.09562651221196036e-11,0.00000000000000000e+00
2843,5.74257000594123843e-08,5.60008375871573071e-08,1.74802463063358702e-06,6.93871471441443061e-11,0.00000000000000000e+00
2844,5.73574089251301391e-08,5.59349611824622144e-08,1.74590767323820141e-06,8.50278212402708343e-11,0.00000000000000000e+00
2845,5.72888810638591600e-08,5.58689422786786342e-08,1.74379358713193455e-06,2.11627719670993809e-11,0.00000000000000000e+00
2846,5.72184409520025685e-08,5.58048579600907624e-08,1.74168360741979220e-06,3.64141001627033392e-11,0.00000000000000000e+00
2847,5.71511557142274454e-08,5.57366383177888370e-08,1.73957463294155518e-06,6.37469674960682913e-11,0.00000000000000000e+00
2848,5.70840830816479014e-08,5.56722487578049317e-08,1.73746850353330960e-06,8.06932455789469811e-11,0.00000000000000000e+00
2849,5.70160325196257447e-08,5.56064975771564693e-08,1.73536539891296704e-06,1.83715649211279237e-11,0.00000000000000000e+00
2850,5.69448622173159314e-08,5.55425115286193288e-08,1.73326628337013452e-06,4.14401708808627626e-11,0.00000000000000000e+00
2851,5.68784251364296526e-08,5.54767127254703804e-08,1.73116827975754991e-06,6.82958813153126220e-11,0.00000000000000000e+00
2852,5.68113400442648971e-08,5.54110359037208459e-08,1.72907312420750847e-06,9.06637393415510629e-11,0.00000000000000000e+00
2853,5.67435521428303132e-08,5.53453113123034896e-08,1.72698087417895076e-06,1.80950505727582574e-11,0.00000000000000000e+00
2854,5.66723636079925066e-08,5.52809210071037098e-08,1.72489262153951701e-06,5.31138609076317046e-11,0.00000000000000000e+00
2855,5.66071205382256496e-08,5.52158342062235544e-08,1.72280540488668019e-06,7.31920985042356828e-11,0.00000000000000000e+00
2856,5.65391868043235085e-08,5.51508095743639796e-08,1.72072131409464124e-06,8.35655661227661284e-11,0.00000000000000000e+00
2857,5.64711042503518802e-08,5.50858801908013472e-08,1.71864006352544811e-06,3.16769354156527023e-11,0.00000000000000000e+00
2858,5.64019854194001413e-08,5.50217209514619036e-08,1.71656267651794384e-06,4.59977261076147520e-11,0.00000000000000000e+00
2859,5.63356291290241083e-08,5.49548849744836465e-08,1.71448631546308802e-06,7.07967534095688225e-11,0.00000000000000000e+00
2860,5.62695040906047132e-08,5.48914650588914059e-08,1.71241278258334323e-06,8.78041315780894367e-11,0.00000000000000000e+00
2861,5.62022811998491285e-08,5.48267145738337529e-08,1.71034221955176499e-06,2.97991977528762108e-11,0.00000000000000000e+00
2862,5.61320795794408112e-08,5.47633893253170460e-08,1.70827545201230327e-06,5.27719045858438798e-11,0.00000000000000000e+00
2863,5.60665500254121635e-08,5.46987888912798615e-08,1.70620995264765236e-06,7.74169379293476531e-11,0.00000000000000000e+00
2864,5.60006596687470969e-08,5.46339420346666955e-08,1.70414721466847086e-06,3.35448449873921841e-11,0.00000000000000000e+00
2865,5.59324815253994679e-08,5.45705640455907736e-08,1.70208828390792163e-06,5.18998571311052881e-11,0.00000000000000000e+00
2866,5.58656343304503047e-08,5.45041650164628522e-08,1.70003087656880995e-06,7.98975356242706835e-11,0.00000000000000000e+00
2867,5.58000642303673560e-08,5.44412082727641811e-08,1.69797608552731618e-06,4.86542895384722470e-11,0.00000000000000000e+00
2868,5.57312511955986036e-08,5.43780825389460393e-08,1.69592504467121108e-06,6.40703054767592783e-11,0.00000000000000000e+00
2869,5.56656025361721162e-08,5.43137036550504090e-08,1.69387562693642466e-06,9.04944787543872735e-11,0.00000000000000000e+00
2870,5.56000134099246743e-08,5.42494747327691858e-08,1.69182886864476143e-06,1.48819324445434905e-11,0.00000000000000000e+00
2871,5.55310485837166271e-08,5.41875429797571220e-08,1.68978641953042714e-06,3.48862006425267892e-11,0.00000000000000000e+00
2872,5.54657790382485478e-08,5.41214472333074355e-08,1.68774473077916592e-06,6.06382794972839675e-11,0.00000000000000000e+00
2873,5.54009137207840129e-08,5.40586949709358113e-08,1.68570585869328025e-06,7.62991877297878761e-11,0.00000000000000000e+00
2874,5.53345679662869109e-08,5.39951152167584725e-08,1.68366989309789226e-06,2.33015409166104691e-11,0.00000000000000000e+00
2875,5.52662053875291829e-08,5.39329058269501105e-08,1.68163760577310037e-06,4.26401726563381183e-11,0.00000000000000000e+00
2876,5.52014059792751580e-08,5.38690560250771140e-08,1.67960655697330316e-06,6.99663355978759904e-11,0.00000000000000000e+00
2877,5.51367034090076469e-08,5.38050896193580842e-08,1.67757821006346626e-06,8.88390246933404557e-11,0.00000000000000000e+00
2878,5.50704687222764156e-08,5.37414277937913994e-08,1.67555275741275401e-06,1.70378372273775768e-11,0.00000000000000000e+00
2879,5.50021093227188880e-08,5.36791561270132626e-08,1.67353098180133233e-06,4.82103566766313366e-11,0.00000000000000000e+00
2880,5.49380568008796274e-08,5.36163550098224711e-08,1.67151034353546918e-06,6.47223566139731684e-11,0.00000000000000000e+00
2881,5.48727197296920478e-08,5.35527684750653391e-08,1.66949270962523185e-06,8.12030352129950161e-11,0.00000000000000000e+00
2882,5.48072567606366897e-08,5.34894257333084739e-08,1.66747767345372117e-06,3.05205128653380858e-11,0.00000000000000000e+00
2883,5.47401492486572853e-08,5.34273698793166099e-08,1.66546615708952263e-06,4.89185123698764262e-11,0.00000000000000000e+00
2884,5.46755956101105057e-08,5.33643319943157610e-08,1.66345609433788569e-06,6.97201892274747511e-11,0.00000000000000000e+00
2885,5.46111802636620100e-08,5.33012509877436773e-08,1.66144865753830436e-06,8.85813267862336817e-11,0.00000000000000000e+00
2886,5.45461496470405626e-08,5.32382228447970529e-08,1.65944394312209768e-06,2.26998791164336888e-11,0.00000000000000000e+00
2887,5.44782622312802392e-08,5.31764882311977183e-08,1.65744295002997412e-06,5.19478755137404107e-11,0.00000000000000000e+00
2888,5.44149403365208317e-08,5.31140409727970917e-08,1.65544307955764473e-06,7.28710055219436072e-11,0.00000000000000000e+00
2889,5.43507405483069373e-08,5.30511045380831422e-08,1.65344603478191796e-06,9.20475447299569300e-11,0.00000000000000000e+00
2890,5.42859710598443745e-08,5.29882748216452976e-08,1.65145167634415184e-06,2.78686310901719323e-11,0.00000000000000000e+00
2891,5.42185159389369533e-08,5.29266946832735494e-08,1.64946104107002873e-06,5.42582162707160256e-11,0.00000000000000000e+00
2892,5.41556547941918433e-08,5.28645515938325743e-08,1.64747145432249350e-06,6.84276455120400316e-11,0.00000000000000000e+00
2893,5.40914950682030400e-08,5.28022130488576846e-08,1.64548470668687359e-06,8.76435668714395551e-11,0.00000000000000000e+00
2894,5.40270827287727327e-08,5.27400025514964105e-08,1.64350050863145815e-06,3.16387943737276601e-11,0.00000000000000000e+00
2895,5.39600056635761390e-08,5.26789406955235871e-08,1.64151995042506848e-06,5.22860609706204337e-11,0.00000000000000000e+00
2896,5.38970605256191308e-08,5.26167678472494261e-08,1.63954070562219874e-06,7.52662798226118417e-11,0.00000000000000000e+00
2897,5.38337384197039122e-08,5.25544475720162407e-08,1.63756406426834711e-06,8.67461888186983479e-11,0.00000000000000000e+00
2898,5.37696469354675717e-08,5.24921082902064835e-08,1.63559021118059465e-06,2.96718484253193460e-11,0.00000000000000000e+00
2899,5.37028254927072417e-08,5.24316003130118216e-08,1.63361998411151187e-06,4.34372667002847663e-11,0.00000000000000000e+00
2900,5.36404033068228508e-08,5.23697995073888924e-08,1.63165080824072152e-06,6.78950356545202074e-11,0.00000000000000000e+00
2901,5.35770128561716662e-08,5.23084092585796925e-08,1.62968425302488073e-06,8.47609501945878081e-11,0.00000000000000000e+00
2902,5.35134716212107793e-08,5.22460795228178043e-08,1.62772048723055028e-06,3.86153189748444978e-11,0.00000000000000000e+00
2903,5.34469143807496886e-08,5.21857242903219386e-08,1.62575998518727429e-06,6.11693824680176653e-11,0.00000000000000000e+00
2904,5.33846855470467728e-08,5.21240357575364373e-08,1.62380105541064362e-06,8.40880884944780998e-11,0.00000000000000000e+00
2905,5.33219128400835756e-08,5.20622654924617478e-08,1.62184467953480522e-06,4.25661121189973105e-11,0.00000000000000000e+00
2906,5.32563693663557844e-08,5.20022461785474352e-08,1.61989210713385810e-06,4.53580342727615612e-11,0.00000000000000000e+00
2907,5.31931615251427392e-08,5.19393420887592021e-08,1.61794054808660861e-06,7.07546219856071289e-11,0.00000000000000000e+00
2908,5.31314154064750287e-08,5.18791602372028970e-08,1.61599168450606320e-06,8.43694233361305788e-11,0.00000000000000000e+00
2909,5.30678411544707927e-08,5.18163943644374000e-08,1.61404546746068131e-06,3.46174365265610239e-11,0.00000000000000000e+00
2910,5.30021848231784542e-08,5.17578325581849568e-08,1.61210270267070318e-06,4.95992154745004045e-11,0.00000000000000000e+00
2911,5.29403917722879593e-08,5.16968227927039488e-08,1.61016122059888045e-06,7.37061945613623972e-11,0.00000000000000000e+00
2912,5.28778067400357948e-08,5.16362419198588224e-08,1.60822226403143190e-06,9.11181941534909452e-11,0.00000000000000000e+00
2913,5.28151067877004408e-08,5.15747935241703058e-08,1.60628603906029588e-06,3.40179594646965558e-11,0.00000000000000000e+00
2914,5.27497918700470992e-08,5.15149163235126683e-08,1.60435313186900474e-06,6.20287281875766525e-11,0.00000000000000000e+00
2915,5.26880152254032327e-08,5.14548880102452975e-08,1.60242153718534562e-06,7.59175464833199516e-11,0.00000000000000000e+00
2916,5.26257363649694168e-08,5.13937120536723595e-08,1.60049277811300227e-06,6.08063784697805020e-11,0.00000000000000000e+00
2917,5.25621595890910385e-08,5.13338778147249654e-08,1.59856684818719878e-06,7.38564064271800409e-11,0.00000000000000000e+00
2918,5.25001921940997194e-08,5.12729125389382689e-08,1.59664286763961412e-06,9.61662792798267548e-11,0.00000000000000000e+00
2919,5.24377362028025753e-08,5.12127309363131084e-08,1.59472132526905696e-06,3.26213048732660395e-11,0.00000000000000000e+00
2920,5.23728567827826682e-08,5.11532111664064841e-08,1.59280348285960752e-06,5.90597685850931743e-11,0.00000000000000000e+00
2921,5.23124121420988936e-08,5.10929241971207351e-08,1.59088662476772828e-06,7.37940945679079155e-11,0.00000000000000000e+00
2922,5.22507262828417127e-08,5.10324131617318416e-08,1.58897263800294175e-06,8.59375306954611845e-11,0.00000000000000000e+00
2923,5.21884016695843517e-08,5.09708282135028981e-08,1.58706096609892951e-06,2.69057953292987955e-11,0.00000000000000000e+00
2924,5.21238744595473331e-08,5.09135483153084812e-08,1.58515267890002243e-06,5.10712294220661511e-11,0.00000000000000000e+00
2925,5.20633368598436810e-08,5.08536918040302995e-08,1.58324580985000432e-06,7.01245540623399155e-11,0.00000000000000000e+00
2926,5.20019542612788567e-08,5.07919840391662582e-08,1.58134148027843171e-06,8.83782976351337297e-11,0.00000000000000000e+00
2927,5.19400435539087629e-08,5.07315404807619839e-08,1.57943949521669335e-06,3.40971498810320473e-11,0.00000000000000000e+00
2928,5.18763825533077855e-08,5.06740647512047300e-08,1.57754109434493884e-06,4.71333333868889690e-11,0.00000000000000000e+00
2929,5.18156256588916385e-08,5.06149899543917926e-08,1.57564382842719509e-06,6.80005198990443518e-11,0.00000000000000000e+00
2930,5.17544220103232242e-08,5.05556587436105715e-08,1.57374919148655658e-06,8.20830557088673299e-11,0.00000000000000000e+00
2931,5.16927660550412166e-08,5.04943610993554837e-08,1.57185711208373683e-06,4.26454414797350748e-11,0.00000000000000000e+00
2932,5.16294334555463902e-08,5.04353065371203071e-08,1.56996792291396369e-06,6.03326263845890992e-11,0.00000000000000000e+00
2933,5.15689545381651048e-08,5.03772491814089587e-08,1.56808056697863697e-06,8.37148058693143260e-11,0.00000000000000000e+00
2934,5.15084708434100001e-08,5.03165044813833696e-08,1.56619537904845727e-06,3.97994976757108867e-11,0.00000000000000000e+00
2935,5.14447829614470129e-08,5.02603631927341891e-08,1.56431387391910510e-06,4.38739256708924648e-11,0.00000000000000000e+00
2936,5.13847231512700731e-08,5.01988190815518593e-08,1.56243365054190241e-06,6.89297323465081575e-11,0.00000000000000000e+00
2937,5.13246204845374180e-08,5.01397886917311666e-08,1.56055571059415359e-06,8.22241305641485848e-11,0.00000000000000000e+00
2938,5.12629870802667211e-08,5.00802853856765843e-08,1.55868038665443290e-06,4.41860316897560255e-11,0.00000000000000000e+00
2939,5.12006644208490098e-08,5.00236336922157763e-08,1.55680818813804765e-06,5.62244117842061250e-11,0.00000000000000000e+00
2940,5.11402833804269159e-08,4.99650792096793663e-08,1.55493756175714657e-06,8.01775149458621741e-11,0.00000000000000000e+00
2941,5.10804577865287369e-08,4.99046514641571877e-08,1.55306924435488333e-06,9.62445323431229587e-11,0.00000000000000000e+00
2942,5.10192603282112632e-08,4.98450582354285850e-08,1.55120345875181450e-06,2.47865881189342909e-11,0.00000000000000000e+00
2943,5.09563768633689741e-08,4.97891508239727183e-08,1.54934128419867875e-06,3.75140281067218800e-11,0.00000000000000000e+00
2944,5.08975665297734324e-08,4.97310476148967079e-08,1.54747988485804002e-06,5.91465963665401536e-11,0.00000000000000000e+00
2945,5.08375435896572398e-08,4.96727320785638061e-08,1.54562114088468663e-06,7.33846801596565048e-11,0.00000000000000000e+00
2946,5.07769031877007252e-08,4.96124700616702243e-08,1.54376493179073649e-06,8.82125701037511919e-11,0.00000000000000000e+00
2947,5.07165700420365101e-08,4.95533267630125184e-08,1.54191104114066204e-06,4.58050710601669199e-11,0.00000000000000000e+00
2948,5.06537114365260745e-08,4.94958461277255862e-08,1.54006015000710105e-06,5.77834060745680201e-11,0.00000000000000000e+00
2949,5.05945037377953907e-08,4.94391880158391031e-08,1.53821084222440390e-06,8.07319238924229652e-11,0.00000000000000000e+00
2950,5.05356442687275841e-08,4.93795851163431578e-08,1.53636381455185874e-06,9.53576573525635627e-11,0.00000000000000000e+00
2951,5.04749207232896009e-08,4.93208770021118112e-08,1.53451944285568930e-06,2.25063125209651728e-11,0.00000000000000000e+00
2952,5.04132692338385123e-08,4.92640221151718481e-08,1.53267836639102835e-06,3.61865363742528117e-11,0.00000000000000000e+00
2953,5.03544006217966069e-08,4.92081903004646893e-08,1.53083814531528028e-06,5.76268564495252616e-11,0.00000000000000000e+00
2954,5.02956292284003365e-08,4.91502304231930201e-08,1.52899968478800768e-06,7.14233269866263881e-11,0.00000000000000000e+00
2955,5.02404084095421997e-08,4.90908287008980031e-08,1.52716531092308181e-06,8.58287880684313732e-11,0.00000000000000000e+00
2956,5.01769285832699548e-08,4.90324502601438125e-08,1.52533269107464407e-06,4.91529061503098101e-11,0.00000000000000000e+00
2957,5.01142494939984735e-08,4.89754079293677799e-08,1.52350280030242792e-06,6.13315346361594996e-11,0.00000000000000000e+00
2958,5.00553029959117570e-08,4.89193129815336230e-08,1.52167458848052784e-06,8.34128398546428959e-11,0.00000000000000000e+00
2959,4.99969398039319650e-08,4.88603106724917317e-08,1.51984860126233696e-06,3.85180790310912595e-11,0.00000000000000000e+00
2960,4.99352260631476787e-08,4.88037366872018006e-08,1.51802586437507882e-06,5.51374268992619682e-11,0.00000000000000000e+00
2961,4.98773295731090760e-08,4.87454541728599261e-08,1.51620449682668763e-06,7.40315070989410757e-11,0.00000000000000000e+00
2962,4.98180346489075807e-08,4.86887242123784550e-08,1.51438463139661969e-06,8.02648886034827928e-11,0.00000000000000000e+00
2963,4.97633787267226986e-08,4.86311957311360626e-08,1.51256874704931866e-06,2.49993984068443244e-11,0.00000000000000000e+00
2964,4.97001776329941952e-08,4.85768224011408956e-08,1.51075560504537895e-06,2.76958844137902457e-11,0.00000000000000000e+00
2965,4.96406483022325734e-08,4.85198942097541565e-08,1.50894353103202474e-06,4.80379973444342494e-11,0.00000000000000000e+00
2966,4.95824223820690826e-08,4.84610645677200611e-08,1.50713283809678500e-06,6.47317747554705243e-11,0.00000000000000000e+00
2967,4.95280003364291040e-08,4.84036442664513926e-08,1.50532610582851019e-06,8.08432854204474446e-11,0.00000000000000000e+00
2968,4.94655291344713903e-08,4.83462494301857247e-08,1.50352117657781627e-06,9.37152730479462629e-11,0.00000000000000000e+00
2969,4.94052669624114046e-08,4.82890724246415514e-08,1.50171840852098119e-06,4.32866111836505120e-11,0.00000000000000000e+00
2970,4.93441609587958937e-08,4.82346238042993116e-08,1.49991876230408219e-06,5.10206540338145018e-11,0.00000000000000000e+00
2971,4.92863684139563306e-08,4.81785609397835938e-08,1.49811952772058967e-06,7.37973928043167071e-11,0.00000000000000000e+00
2972,4.92344058150240249e-08,4.81201261153944522e-08,1.49632319526825231e-06,8.68733168074733909e-11,0.00000000000000000e+00
2973,4.91758764622946180e-08,4.80633206710242400e-08,1.49453044244667662e-06,3.11879136821913041e-11,0.00000000000000000e+00
2974,4.91112272375489260e-08,4.80075381161322475e-08,1.49273987637150943e-06,5.57690989836896480e-11,0.00000000000000000e+00
2975,4.90536566919901042e-08,4.79523221794021357e-08,1.49094971569121003e-06,7.17627575825918500e-11,0.00000000000000000e+00
2976,4.90000857562604292e-08,4.78948307243994561e-08,1.48916264257482946e-06,8.55306025353303797e-11,0.00000000000000000e+00
2977,4.89426203186786911e-08,4.78380949584051651e-08,1.48737890137030222e-06,3.94419230794140112e-11,0.00000000000000000e+00
2978,4.88785910386370662e-08,4.77822562632997677e-08,1.48559737027777345e-06,5.71036529036773677e-11,0.00000000000000000e+00
2979,4.88205034935689187e-08,4.77276508137292164e-08,1.48381716851999448e-06,7.02807838512076970e-11,0.00000000000000000e+00
2980,4.87627028700716038e-08,4.76703742861409408e-08,1.48203844792035633e-06,8.57316184528693147e-11,0.00000000000000000e+00
2981,4.87096980352031529e-08,4.76138257121731119e-08,1.48026345030805044e-06,4.39924201798897814e-11,0.00000000000000000e+00
2982,4.86466654354966971e-08,4.75586349156430908e-08,1.47849070425313650e-06,6.33449664271303952e-11,0.00000000000000000e+00
2983,4.85884714423264013e-08,4.75041960312096066e-08,1.47671875902127530e-06,8.02417905843951265e-11,0.00000000000000000e+00
2984,4.85357091209849139e-08,4.74468679024494709e-08,1.47494971056999998e-06,4.74486298473787655e-11,0.00000000000000000e+00
2985,4.84781772660860889e-08,4.73923096442133377e-08,1.47318458325252044e-06,4.38321664917143118e-11,0.00000000000000000e+00
2986,4.84165690825264673e-08,4.73358941548921642e-08,1.47141935642043467e-06,6.74813096245384057e-11,0.00000000000000000e+00
2987,4.83641762832120821e-08,4.72801977049497585e-08,1.46965680781125576e-06,7.93228833784464853e-11,0.00000000000000000e+00
2988,4.83065778049162766e-08,4.72244093108500086e-08,1.46789696032122511e-06,7.82518713683774820e-11,0.00000000000000000e+00
2989,4.82490422747208073e-08,4.71689551536941805e-08,1.46614010276870445e-06,4.76622867732127788e-11,0.00000000000000000e+00
2990,4.81862473910258397e-08,4.71160240246318613e-08,1.46438546331314025e-06,4.46186077801838619e-11,0.00000000000000000e+00
2991,4.81288769503534708e-08,4.70588464724642001e-08,1.46263130315340945e-06,6.68646934540203133e-11,0.00000000000000000e+00
2992,4.80765372042663849e-08,4.70039661840371754e-08,1.46087985653795152e-06,7.89986983210904173e-11,0.00000000000000000e+00
2993,4.80201203181534839e-08,4.69481156716748709e-08,1.45913105248819074e-06,9.08309604153120146e-11,0.00000000000000000e+00
2994,4.79634928257759164e-08,4.68924392239692275e-08,1.45738513946498826e-06,3.07693512531435184e-11,0.00000000000000000e+00
2995,4.79010898635596041e-08,4.68399744101861267e-08,1.45564179002536129e-06,3.72617915168052915e-11,0.00000000000000000e+00
2996,4.78434905827071288e-08,4.67855605918406723e-08,1.45389856790774060e-06,6.07075757141758038e-11,0.00000000000000000e+00
2997,4.77925468174886737e-08,4.67286429429801803e-08,1.45215814490978543e-06,7.44237374396202637e-11,0.00000000000000000e+00
2998,4.77357664579894073e-08,4.66734018060814016e-08,1.45042032195674768e-06,8.76381824532883239e-11,0.00000000000000000e+00
2999,4.76795021842356557e-08,4.66180324911071067e-08,1.44868548657964314e-06,3.04719037784115679e-11,0.00000000000000000e+00
3000,4.76166096714174011e-08,4.65640070888114358e-08,1.44695289495737454e-06,5.11196835567912564e-11,0.00000000000000000e+00
3001,4.75597048452913436e-08,4.65112736124044599e-08,1.44522061955220311e-06,6.57336956374643181e-11,0.00000000000000000e+00
3002,4.75084117725126492e-08,4.64552005711333380e-08,1.44349128453860323e-06,8.03113505118207528e-11,0.00000000000000000e+00
3003,4.74534098614243972e-08,4.63998799289050175e-08,1.44176429027307110e-06,9.22085736370413042e-11,0.00000000000000000e+00
3004,4.73966161402190592e-08,4.63453567636776096e-08,1.44004037642638147e-06,1.93185126063172899e-11,0.00000000000000000e+00
3005,4.73346993589285968e-08,4.62920335101968913e-08,1.43831885847308237e-06,3.96797529432629565e-11,0.00000000000000000e+00
3006,4.72786133501706682e-08,4.62392079014892690e-08,1.43659819655217904e-06,5.09152949211953384e-11,0.00000000000000000e+00
3007,4.72224886764568246e-08,4.61837329191566305e-08,1.43487910399741806e-06,6.56017113196344380e-11,0.00000000000000000e+00
3008,4.71711046276216481e-08,4.61289631813665363e-08,1.43316277275036886e-06,7.80959326398062623e-11,0.00000000000000000e+00
3009,4.71161159907870083e-08,4.60744171269260774e-08,1.43144959543444106e-06,9.00363664082494492e-11,0.00000000000000000e+00
3010,4.70559597121903956e-08,4.60199259846783857e-08,1.42973802154918102e-06,4.81757323780970851e-11,0.00000000000000000e+00
3011,4.69971560658405235e-08,4.59667041133310452e-08,1.42802902731847812e-06,5.38040059712390819e-11,0.00000000000000000e+00
3012,4.69418244535236228e-08,4.59142111030848637e-08,1.42632066838460740e-06,7.42889530835387853e-11,0.00000000000000000e+00
3013,4.68918690631490279e-08,4.58590038870653901e-08,1.42461499437693904e-06,8.68785804961128903e-11,0.00000000000000000e+00
3014,4.68366015558139868e-08,4.58047006298594990e-08,1.42291186502662300e-06,2.30458966809982948e-11,0.00000000000000000e+00
3015,4.67797716965531990e-08,4.57518631788289883e-08,1.42121234227907060e-06,4.77163858909730447e-11,0.00000000000000000e+00
3016,4.67212782412592111e-08,4.56996736513225873e-08,1.41951255191614832e-06,6.04027332642641211e-11,0.00000000000000000e+00
3017,4.66697539502770497e-08,4.56446297944984554e-08,1.41781562945606461e-06,7.33248821398726348e-11,0.00000000000000000e+00
3018,4.66150449672600940e-08,4.55905349460466831e-08,1.41612097456100214e-06,8.52157564021117246e-11,0.00000000000000000e+00
3019,4.65600042704723002e-08,4.55365567475026950e-08,1.41442849643329504e-06,4.15027370523744999e-11,0.00000000000000000e+00
3020,4.65032761965056003e-08,4.54837967299448698e-08,1.41273932403028584e-06,5.98096958197618072e-11,0.00000000000000000e+00
3021,4.64443755650733801e-08,4.54320767778827364e-08,1.41105037241997767e-06,7.53933320716655406e-11,0.00000000000000000e+00
3022,4.63932372794064537e-08,4.53773390717154694e-08,1.40936406109098063e-06,8.77432777371517840e-11,0.00000000000000000e+00
3023,4.63390900640819313e-08,4.53232707681611187e-08,1.40768006399867649e-06,3.08645682905972387e-11,0.00000000000000000e+00
3024,4.62830396678648399e-08,4.52732283970106862e-08,1.40599980751068485e-06,2.41923857138854803e-11,0.00000000000000000e+00
3025,4.62244758663670765e-08,4.52185492886001737e-08,1.40431917419048451e-06,4.83467274376651951e-11,0.00000000000000000e+00
3026,4.61745422262116310e-08,4.51652791058280457e-08,1.40264107950869365e-06,6.02044177513186442e-11,0.00000000000000000e+00
3027,4.61200135239646943e-08,4.51117605201538837e-08,1.40096552809897464e-06,7.12324122561252505e-11,0.00000000000000000e+00
3028,4.60647593075792974e-08,4.50588236345715604e-08,1.39929210342488817e-06,8.29863513063104571e-11,0.00000000000000000e+00
3029,4.60103553662653682e-08,4.50055899975150381e-08,1.39762073753382612e-06,4.63543469980225752e-11,0.00000000000000000e+00
3030,4.59551265681930534e-08,4.49530824379210682e-08,1.39595274388285106e-06,4.91413717761211323e-11,0.00000000000000000e+00
3031,4.58965567276692642e-08,4.49017140546746223e-08,1.39428483735827576e-06,6.95968010146469184e-11,0.00000000000000000e+00
3032,4.58465855641830468e-08,4.48480164779973788e-08,1.39261939704303708e-06,8.18246144156680508e-11,0.00000000000000000e+00
3033,4.57919976707932236e-08,4.47949950935599243e-08,1.39095644295064040e-06,9.30350070236681989e-11,0.00000000000000000e+00
3034,4.57378844299025380e-08,4.47418282982786845e-08,1.38929559554912997e-06,2.99310889062557654e-11,0.00000000000000000e+00
3035,4.56831130070063248e-08,4.46905750717727807e-08,1.38763833655311167e-06,2.93203293408172351e-11,0.00000000000000000e+00
3036,4.56249954898457791e-08,4.46401901363033994e-08,1.38598071486739570e-06,5.16901876785171952e-11,0.00000000000000000e+00
3037,4.55755076340217922e-08,4.45861619064079201e-08,1.38432565768372016e-06,6.31028330583973689e-11,0.00000000000000000e+00
3038,4.55215636915031979e-08,4.45333060635808514e-08,1.38267305879673190e-06,7.45900425836267641e-11,0.00000000000000000e+00
3039,4.54676384942145395e-08,4.44807269507110490e-08,1.38102252788195323e-06,8.32361542505260123e-11,0.00000000000000000e+00
3040,4.54135108074735190e-08,4.44283168597703912e-08,1.37937484292445820e-06,5.02469668412183337e-11,0.00000000000000000e+00
3041,4.53547047346453102e-08,4.43767649619510770e-08,1.37772898166814038e-06,5.26674083212794707e-11,0.00000000000000000e+00
3042,4.53000150674385102e-08,4.43261863132897889e-08,1.37608384681791248e-06,7.16985261172738261e-11,0.00000000000000000e+00
3043,4.52515113419064970e-08,4.42728413782132418e-08,1.37444122558262977e-06,8.39387749890815070e-11,0.00000000000000000e+00
3044,4.51981868395803661e-08,4.42204982058457233e-08,1.37280098782844067e-06,9.41428328763542937e-11,0.00000000000000000e+00
3045,4.51444329371554223e-08,4.41682342619531154e-08,1.37116289184422933e-06,2.33345009953426587e-11,0.00000000000000000e+00
3046,4.50914217038381448e-08,4.41179049187287219e-08,1.36952834785920057e-06,2.14793690546603540e-11,0.00000000000000000e+00
3047,4.50336011318452641e-08,4.40683816388874386e-08,1.36789339143628456e-06,4.42266501388456945e-11,0.00000000000000000e+00
3048,4.49847546232914208e-08,4.40147771143051432e-08,1.36626095578503361e-06,5.51927880802567845e-11,0.00000000000000000e+00
3049,4.49315081340949740e-08,4.39625351787502648e-08,1.36463094761106434e-06,6.63984958808832606e-11,0.00000000000000000e+00
3050,4.48785367919601541e-08,4.39104494440226532e-08,1.36300297830664363e-06,7.59680778272632840e-11,0.00000000000000000e+00
3051,4.48248554855158934e-08,4.38590082096302503e-08,1.36137707569424828e-06,7.38118578977739839e-11,0.00000000000000000e+00
3052,4.47712691762171851e-08,4.38079014837374481e-08,1.35975318897180885e-06,2.97031449168614057e-11,0.00000000000000000e+00
3053,4.47172995888051549e-08,4.37594827355433967e-08,1.35813184842422595e-06,3.58636582503055234e-11,0.00000000000000000e+00
3054,4.46660831729372554e-08,4.37056655896199491e-08,1.35651188018015687e-06,5.52389779065431046e-11,0.00000000000000000e+00
3055,4.46132812317527911e-08,4.36547178001660802e-08,1.35489384411934742e-06,6.43373214840124882e-11,0.00000000000000000e+00
3056,4.45597837075019745e-08,4.36028835562528917e-08,1.35327812152729280e-06,7.55244817213719045e-11,0.00000000000000000e+00
3057,4.45071509012903881e-08,4.35513168208124456e-08,1.35166430696063512e-06,8.53534585600362236e-11,0.00000000000000000e+00
3058,4.44543667410820558e-08,4.34998880715704953e-08,1.35005255526452304e-06,3.57694199187359842e-11,0.00000000000000000e+00
3059,4.44013256250496954e-08,4.34496423205725166e-08,1.34844423246362711e-06,3.67560810514463726e-11,0.00000000000000000e+00
3060,4.43448327722863168e-08,4.33987871296038018e-08,1.34683563262000190e-06,5.74627433833577868e-11,0.00000000000000000e+00
3061,4.42961577290756573e-08,4.33479885848084030e-08,1.34522948792853676e-06,6.90452352433365602e-11,0.00000000000000000e+00
3062,4.42442630000608575e-08,4.32965734142697393e-08,1.34362575310354286e-06,7.95704885155579075e-11,0.00000000000000000e+00
3063,4.41911940761722278e-08,4.32458540350933645e-08,1.34202405460767736e-06,8.90729656140401648e-11,0.00000000000000000e+00
3064,4.41389602575697982e-08,4.31947868348564403e-08,1.34042435007491873e-06,4.01553024427312870e-11,0.00000000000000000e+00
3065,4.40863923028577695e-08,4.31447479112018826e-08,1.33882798617500704e-06,3.86906743826631337e-11,0.00000000000000000e+00
3066,4.40303130593609111e-08,4.30947335099181826e-08,1.33723139134443338e-06,5.91426229001744325e-11,0.00000000000000000e+00
3067,4.39823915798505640e-08,4.30438539328248391e-08,1.33563722749167511e-06,6.97115498636926039e-11,0.00000000000000000e+00
3068,4.39303359006187409e-08,4.29931491479470141e-08,1.33404546509024980e-06,8.01739306492893471e-11,0.00000000000000000e+00
3069,4.38784904475392097e-08,4.29423466069285008e-08,1.33245568358932933e-06,8.84060082616030461e-11,0.00000000000000000e+00
3070,4.38259735274018546e-08,4.28920044371979938e-08,1.33086793415923857e-06,4.06310627656155099e-11,0.00000000000000000e+00
3071,4.37740215757201239e-08,4.28424465980209083e-08,1.32928341802962573e-06,4.13108587860810533e-11,0.00000000000000000e+00
3072,4.37184951107348907e-08,4.27921203303665487e-08,1.32769876454679532e-06,6.00974991762985955e-11,0.00000000000000000e+00
3073,4.36703102040125171e-08,4.27422054264320825e-08,1.32611651287615295e-06,7.08613522180164720e-11,0.00000000000000000e+00
3074,4.36192218992951607e-08,4.26915864303290767e-08,1.32453656201252470e-06,8.03050613198764205e-11,0.00000000000000000e+00
3075,4.35672606946055956e-08,4.26414351269171809e-08,1.32295863151435678e-06,9.00956183201513201e-11,0.00000000000000000e+00
3076,4.35160627127075679e-08,4.25911087094239634e-08,1.32138261735341868e-06,2.42327066436929935e-11,0.00000000000000000e+00
3077,4.34636860930560624e-08,4.25426359267697688e-08,1.31980999638600339e-06,2.93453040885123298e-11,0.00000000000000000e+00
3078,4.34092243516128662e-08,4.24940335045044342e-08,1.31823712235493975e-06,4.91754510833500945e-11,0.00000000000000000e+00
3079,4.33612505288298275e-08,4.24433015873911024e-08,1.31666666349672862e-06,6.03041856764992403e-11,0.00000000000000000e+00
3080,4.33102896086534690e-08,4.23928268542338641e-08,1.31509847064251756e-06,7.04278056702935718e-11,0.00000000000000000e+00
3081,4.32592549092640595e-08,4.23425476839394418e-08,1.31353226614719352e-06,7.91700162022003386e-11,0.00000000000000000e+00
3082,4.32076578851227007e-08,4.22928527113786879e-08,1.31196803140498304e-06,8.73188589722327190e-11,0.00000000000000000e+00
3083,4.31564501972682069e-08,4.22430704897335843e-08,1.31040574124002516e-06,4.18330426324602324e-11,0.00000000000000000e+00
3084,4.31049619098406573e-08,4.21942852983287780e-08,1.30884660269162964e-06,4.36853740353700216e-11,0.00000000000000000e+00
3085,4.30504650275646203e-08,4.21446518271889066e-08,1.30728742594776526e-06,6.11847106457446397e-11,0.00000000000000000e+00
3086,4.30028906298063544e-08,4.20955341322223250e-08,1.30573058691953922e-06,7.14048239414110296e-11,0.00000000000000000e+00
3087,4.29523942276950025e-08,4.20458564711921186e-08,1.30417598810313312e-06,8.08184629687490743e-11,0.00000000000000000e+00
3088,4.29017822187580701e-08,4.19961451844321971e-08,1.30262336081652416e-06,8.91300082121093086e-11,0.00000000000000000e+00
3089,4.28506515560548777e-08,4.19468948097835858e-08,1.30107268611787686e-06,1.91490989617763909e-11,0.00000000000000000e+00
3090,4.27999047203495104e-08,4.18992730633213322e-08,1.29952528482067882e-06,2.37253150757172748e-11,0.00000000000000000e+00
3091,4.27462348840270976e-08,4.18514399374421137e-08,1.29797762267096363e-06,4.33869937373181609e-11,0.00000000000000000e+00
3092,4.26988806358748321e-08,4.18014147999548076e-08,1.29643234324410081e-06,5.29890098122541635e-11,0.00000000000000000e+00
3093,4.26486445953610085e-08,4.17516417203664329e-08,1.29488931226038858e-06,6.36355121684136303e-11,0.00000000000000000e+00
3094,4.25983351999076698e-08,4.17023531400245006e-08,1.29334816854022003e-06,7.26950361563185587e-11,0.00000000000000000e+00
3095,4.25480700629821413e-08,4.16530452255580185e-08,1.29180898945154433e-06,8.00104699457024979e-11,0.00000000000000000e+00
3096,4.24971073428321295e-08,4.16042385378518425e-08,1.29027177444527342e-06,4.97099166674303603e-11,0.00000000000000000e+00
3097,4.24466633002586790e-08,4.15557903013930873e-08,1.28873744339180295e-06,5.00814245737518514e-11,0.00000000000000000e+00
3098,4.23923554252111589e-08,4.15073461357059478e-08,1.28720330436649025e-06,6.66663620380088016e-11,0.00000000000000000e+00
3099,4.23462601480704955e-08,4.14584279735002472e-08,1.28567140877181607e-06,7.67279690475789507e-11,0.00000000000000000e+00
3100,4.22963479994841723e-08,4.14096203796936917e-08,1.28414174119548083e-06,8.58141839344674921e-11,0.00000000000000000e+00
3101,4.22460257742538230e-08,4.13608924806964924e-08,1.28261401999551945e-06,9.36276781213006161e-11,0.00000000000000000e+00
3102,4.21958912134748329e-08,4.13121779039733671e-08,1.28108821143685916e-06,2.92931817907313229e-11,0.00000000000000000e+00
3103,4.21470045989211232e-08,4.12652993863066855e-08,1.27956549557543340e-06,2.47964702976049880e-11,0.00000000000000000e+00
3104,4.20929364424689859e-08,4.12190011322748856e-08,1.27804265670157222e-06,4.41313858849512411e-11,0.00000000000000000e+00
3105,4.20470561322830715e-08,4.11689159404818098e-08,1.27652211102764168e-06,5.27354597814767505e-11,0.00000000000000000e+00
3106,4.19973492947797849e-08,4.11200905145567221e-08,1.27500376706567923e-06,6.17626283072274619e-11,0.00000000000000000e+00
3107,4.19477407453521238e-08,4.10715679608084142e-08,1.27348730314589842e-06,7.10401039656182795e-11,0.00000000000000000e+00
3108,4.18984061514773234e-08,4.10230990959340033e-08,1.27197270989430697e-06,7.79511433879032402e-11,0.00000000000000000e+00
3109,4.18481907259706967e-08,4.09750448914432640e-08,1.27046008739369806e-06,4.53896253151544380e-11,0.00000000000000000e+00
3110,4.17983550000817573e-08,4.09276620788549019e-08,1.26895031240622769e-06,4.58972660492309948e-11,0.00000000000000000e+00
3111,4.17456910009304056e-08,4.08792217803299556e-08,1.26744071709453262e-06,6.23065413123601264e-11,0.00000000000000000e+00
3112,4.16997025745931912e-08,4.08315626137578607e-08,1.26593332051229588e-06,7.16779402565061794e-11,0.00000000000000000e+00
3113,4.16503432762985335e-08,4.07835226431281315e-08,1.26442811753229006e-06,8.07399718745881945e-11,0.00000000000000000e+00
3114,4.16011955294203436e-08,4.07354450920980512e-08,1.26292477540436759e-06,8.90410503446602300e-11,0.00000000000000000e+00
3115,4.15520163439213887e-08,4.06875152321890034e-08,1.26142329789244262e-06,2.72608618488682841e-11,0.00000000000000000e+00
3116,4.15032147690156739e-08,4.06419512777598664e-08,1.25992512657131746e-06,1.59272970585426162e-11,0.00000000000000000e+00
3117,4.14505155353468845e-08,4.05942476707882959e-08,1.25842648067701926e-06,3.72081092314180134e-11,0.00000000000000000e+00
3118,4.14056682818379448e-08,4.05461808012168912e-08,1.25693016860461735e-06,4.63513324782155753e-11,0.00000000000000000e+00
3119,4.13563539563976988e-08,4.04984741031851916e-08,1.25543607974417476e-06,5.58002377022222745e-11,0.00000000000000000e+00
3120,4.13076937389599604e-08,4.04504547784105671e-08,1.25394385416290521e-06,6.45692392982412073e-11,0.00000000000000000e+00
3121,4.12587131186996009e-08,4.04028889248405123e-08,1.25245347509300779e-06,7.24738885939683398e-11,0.00000000000000000e+00
3122,4.12095548976976935e-08,4.03554985625116616e-08,1.25096496666525495e-06,7.33140242956591273e-11,0.00000000000000000e+00
3123,4.11605622889634766e-08,4.03081679919459938e-08,1.24947831164524434e-06,8.40555637381245863e-11,0.00000000000000000e+00
3124,4.11118942946054214e-08,4.02624508236742383e-08,1.24799330328923010e-06,2.10903470446993782e-11,0.00000000000000000e+00
3125,4.10627990282574168e-08,4.02178299345134562e-08,1.24651094449878037e-06,2.55882727665851251e-11,0.00000000000000000e+00
3126,4.10157206801775663e-08,4.01680204811459277e-08,1.24502957396610372e-06,4.26046633202935780e-11,0.00000000000000000e+00
3127,4.09673378723568472e-08,4.01209773999491335e-08,1.24355000885947815e-06,4.85081894253431701e-11,0.00000000000000000e+00
3128,4.09183545420615502e-08,4.00733170737672087e-08,1.24207252151868496e-06,5.85648262377222438e-11,0.00000000000000000e+00
3129,4.08701853825986983e-08,4.00260140582533758e-08,1.24059674189046706e-06,6.64132310067345595e-11,0.00000000000000000e+00
3130,4.08215965915118831e-08,3.99789058091949694e-08,1.23912286450660115e-06,7.39246638538859434e-11,0.00000000000000000e+00
3131,4.07731590018694662e-08,3.99318754904593268e-08,1.23765081629699444e-06,8.13237832611140647e-11,0.00000000000000000e+00
3132,4.07248409930025166e-08,3.98849195020836236e-08,1.23618058508447428e-06,8.81613124421929748e-11,0.00000000000000000e+00
3133,4.06763678258094987e-08,3.98379990847103411e-08,1.23471222336084915e-06,1.69863231822864713e-11,0.00000000000000000e+00
3134,4.06298770168485749e-08,3.97928369978831476e-08,1.23324681744044358e-06,1.80437813707950912e-11,0.00000000000000000e+00
3135,4.05776525181667039e-08,3.97482555060288497e-08,1.23178126466436692e-06,3.54782299994242524e-11,0.00000000000000000e+00
3136,4.05333260822989134e-08,3.96999989759636413e-08,1.23031795328626633e-06,4.25718582745408329e-11,0.00000000000000000e+00
3137,4.04855383325028374e-08,3.96527500921020853e-08,1.22885673742665693e-06,5.15827399134080544e-11,0.00000000000000000e+00
3138,4.04376354042653940e-08,3.96060900030935096e-08,1.22739729113546038e-06,5.93034850512390505e-11,0.00000000000000000e+00
3139,4.03895826683412741e-08,3.95596212312787528e-08,1.22593968533169307e-06,6.72909741945543416e-11,0.00000000000000000e+00
3140,4.03420153573776195e-08,3.95130293088779001e-08,1.22448386805616381e-06,7.43149711017190657e-11,0.00000000000000000e+00
3141,4.02940444541361298e-08,3.94665623716430820e-08,1.22302991284020296e-06,7.30749173115061254e-11,0.00000000000000000e+00
3142,4.02456825675514813e-08,3.94206058693408926e-08,1.22157779113521281e-06,8.26501700760862714e-11,0.00000000000000000e+00
3143,4.01987666592105510e-08,3.93750437486582470e-08,1.22012734353554479e-06,2.16403154040251483e-11,0.00000000000000000e+00
3144,4.01511204764784248e-08,3.93305306558358321e-08,1.21867918679866669e-06,2.63124412426095124e-11,0.00000000000000000e+00
3145,4.01041312118970427e-08,3.92836488128503469e-08,1.21723214345438256e-06,4.17550769241508608e-11,0.00000000000000000e+00
3146,4.00572999726916137e-08,3.92372043760242707e-08,1.21578690636843478e-06,4.80945183880703653e-11,0.00000000000000000e+00
3147,4.00094622273723490e-08,3.91907722264606411e-08,1.21434364420315820e-06,5.75779938388575606e-11,0.00000000000000000e+00
3148,3.99623727216486952e-08,3.91445845135202397e-08,1.21290207133472483e-06,6.49701523006499542e-11,0.00000000000000000e+00
3149,3.99148641025067296e-08,3.90985397959306358e-08,1.21146235553554663e-06,7.20008215038929279e-11,0.00000000000000000e+00
3150,3.98675123552666880e-08,3.90525633455488663e-08,1.21002442099191616e-06,7.88916046641085790e-11,0.00000000000000000e+00
3151,3.98202880695771005e-08,3.90066581816863007e-08,1.20858825529149392e-06,8.55472826028547227e-11,0.00000000000000000e+00
3152,3.97730354881051804e-08,3.89607993583921861e-08,1.20715388143691860e-06,2.00867817426337470e-11,0.00000000000000000e+00
3153,3.97275904158696770e-08,3.89164391617109843e-08,1.20572238575638956e-06,1.96638690464619956e-11,0.00000000000000000e+00
3154,3.96764963343576566e-08,3.88728955418961602e-08,1.20429078641139277e-06,3.61699594934245559e-11,0.00000000000000000e+00
3155,3.96331295148694399e-08,3.88257825279562015e-08,1.20286137161596163e-06,4.30384390412677544e-11,0.00000000000000000e+00
3156,3.95862431889882534e-08,3.87797759728586509e-08,1.20143398271395885e-06,5.14505880490761387e-11,0.00000000000000000e+00
3157,3.95395805203541246e-08,3.87340516977651428e-08,1.20000832607702311e-06,5.92071102960911684e-11,0.00000000000000000e+00
3158,3.94929017226115430e-08,3.86884801182183068e-08,1.19858444460793371e-06,6.61031840442406429e-11,0.00000000000000000e+00
3159,3.94460931436187652e-08,3.86429943591969957e-08,1.19716235712762508e-06,7.24342730363262378e-11,0.00000000000000000e+00
3160,3.93992733767025230e-08,3.85975676111229724e-08,1.19574204805312411e-06,7.83961180508137473e-11,0.00000000000000000e+00
3161,3.93524721372898055e-08,3.85522223748359860e-08,1.19432350095897667e-06,2.26169142332097094e-11,0.00000000000000000e+00
3162,3.93068862081307711e-08,3.85080368524496713e-08,1.19290771926517657e-06,3.01907080977703601e-11,0.00000000000000000e+00
3163,3.92565885353829633e-08,3.84632321105014297e-08,1.19149190726592443e-06,3.87792555481577064e-11,0.00000000000000000e+00
3164,3.92135694218888481e-08,3.84179191079089246e-08,1.19007829359744111e-06,4.98560277532293768e-11,0.00000000000000000e+00
3165,3.91678988317598689e-08,3.83727273358285570e-08,1.18866649339498676e-06,5.71259728230176342e-11,0.00000000000000000e+00
3166,3.91214925672111808e-08,3.83274559875615688e-08,1.18725658929101153e-06,6.38754350789752611e-11,0.00000000000000000e+00
3167,3.90748185453007324e-08,3.82825870333691443e-08,1.18584842764397708e-06,7.02320335750083635e-11,0.00000000000000000e+00
3168,3.90286886696849919e-08,3.82375437450361957e-08,1.18444199827510649e-06,7.64468616211053479e-11,0.00000000000000000e+00
3169,3.89825959697337618e-08,3.81926173231268007e-08,1.18303729530898239e-06,8.22029884753910804e-11,0.00000000000000000e+00
3170,3.89362971525640647e-08,3.81477275754359298e-08,1.18163436725998669e-06,3.22412011186437158e-11,0.00000000000000000e+00
3171,3.88908385334442990e-08,3.81039950737198218e-08,1.18023415569215007e-06,3.40691287576091257e-11,0.00000000000000000e+00
3172,3.88416062708119890e-08,3.80594490909980509e-08,1.17883394564116460e-06,4.62484246647603292e-11,0.00000000000000000e+00
3173,3.87986292129916158e-08,3.80149852517742356e-08,1.17743585763881287e-06,5.29466465247515913e-11,0.00000000000000000e+00
3174,3.87532523499470405e-08,3.79701729136605031e-08,1.17603967815534117e-06,6.06320232563166208e-11,0.00000000000000000e+00
3175,3.87078585661439768e-08,3.79253846677855096e-08,1.17464522557100057e-06,6.69558396937593421e-11,0.00000000000000000e+00
3176,3.86617259674929445e-08,3.78809994812011874e-08,1.17325254812376346e-06,7.29547647341009391e-11,0.00000000000000000e+00
3177,3.86160482167656328e-08,3.78364517442969930e-08,1.17186159223613644e-06,7.88586742371427263e-11,0.00000000000000000e+00
3178,3.85704278483955729e-08,3.77920121514192450e-08,1.17047234185684751e-06,8.42871119727758453e-11,0.00000000000000000e+00
3179,3.85246083396235677e-08,3.77476116654154978e-08,1.16908484433625687e-06,2.54867530286368607e-11,0.00000000000000000e+00
3180,3.84796668063245079e-08,3.77048611045708937e-08,1.16770008551950505e-06,3.05429816102292589e-11,0.00000000000000000e+00
3181,3.84311316442749059e-08,3.76605583210175397e-08,1.16631523022763601e-06,3.99474413322097551e-11,0.00000000000000000e+00
3182,3.83891493759120160e-08,3.76161291682450845e-08,1.16493252730354823e-06,4.79600547891926730e-11,0.00000000000000000e+00
3183,3.83437654597169184e-08,3.75722159893428001e-08,1.16355164903831745e-06,5.60720950504055505e-11,0.00000000000000000e+00
3184,3.82986734577968129e-08,3.75279426869833438e-08,1.16217251467744329e-06,6.24856346057630344e-11,0.00000000000000000e+00
3185,3.82532402489446662e-08,3.74838069684512997e-08,1.16079514592432347e-06,6.85507100639874299e-11,0.00000000000000000e+00
3186,3.82079894838617017e-08,3.74397509985657877e-08,1.15941947194700028e-06,7.44701603909211027e-11,0.00000000000000000e+00
3187,3.81628575877492201e-08,3.73957746138060518e-08,1.15804548177721360e-06,8.01469444844432590e-11,0.00000000000000000e+00
3188,3.81176564928243825e-08,3.73518381356657968e-08,1.15667319985905124e-06,3.66054789294185955e-11,0.00000000000000000e+00
3189,3.80729185504324426e-08,3.73088626559726379e-08,1.15530354709990037e-06,3.75178337888874295e-11,0.00000000000000000e+00
3190,3.80248302569004112e-08,3.72652983263541238e-08,1.15393396592158174e-06,4.99806126010075542e-11,0.00000000000000000e+00
3191,3.79827898886177905e-08,3.72217333345693172e-08,1.15256643248250171e-06,5.58687523878599811e-11,0.00000000000000000e+00
3192,3.79382592395950665e-08,3.71778872642192927e-08,1.15120078107104622e-06,6.30642039817081772e-11,0.00000000000000000e+00
3193,3.78937261900679403e-08,3.71341736197826424e-08,1.14983678933736446e-06,6.88744480151226962e-11,0.00000000000000000e+00
3194,3.78488460340505599e-08,3.70905488024937307e-08,1.14847453774497051e-06,7.44297375315676699e-11,0.00000000000000000e+00
3195,3.78041021910756692e-08,3.70469874650404308e-08,1.14711396276446188e-06,7.99025003399528517e-11,0.00000000000000000e+00
3196,3.77594570956613311e-08,3.70034966403074591e-08,1.14575505249332438e-06,8.49911877639319423e-11,0.00000000000000000e+00
3197,3.77146330269798417e-08,3.69600330949545262e-08,1.14439785149537382e-06,2.38720103927076383e-11,0.00000000000000000e+00
3198,3.76713695024418146e-08,3.69181558966160787e-08,1.14304323377202895e-06,2.78124703781537981e-11,0.00000000000000000e+00
3199,3.76233412950069890e-08,3.68764173410412885e-08,1.14168866682508863e-06,3.46072964415131517e-11,0.00000000000000000e+00
3200,3.75818556143979973e-08,3.68322716745847143e-08,1.14033616293126932e-06,4.63625991928660033e-11,0.00000000000000000e+00
3201,3.75384508556037953e-08,3.67883846568168841e-08,1.13898536605437876e-06,5.24812392021951828e-11,0.00000000000000000e+00
3202,3.74936235582748432e-08,3.67450271984331524e-08,1.13763640876618604e-06,5.85472127966690480e-11,0.00000000000000000e+00
3203,3.74490196040082324e-08,3.67019549274406586e-08,1.13628908969844171e-06,6.42385931495557392e-11,0.00000000000000000e+00
3204,3.74048947893979427e-08,3.66587695347314166e-08,1.13494342039803252e-06,6.98118029081231264e-11,0.00000000000000000e+00
3205,3.73607737013971430e-08,3.66157101196634368e-08,1.13359939844108327e-06,7.51334028513845402e-11,0.00000000000000000e+00
3206,3.73165560751166221e-08,3.65726945144688542e-08,1.13225704636667652e-06,4.25493375514414316e-11,0.00000000000000000e+00
3207,3.72726272391092442e-08,3.65304871215630219e-08,1.13091715898630447e-06,4.17337010438645590e-11,0.00000000000000000e+00
3208,3.72256772806978496e-08,3.64876701010601126e-08,1.12957750491658354e-06,5.37153587950579116e-11,0.00000000000000000e+00
3209,3.71844607985579449e-08,3.64451078232229015e-08,1.12823979744010064e-06,5.99094612099668823e-11,0.00000000000000000e+00
3210,3.71408815362268201e-08,3.64021682305444991e-08,1.12690393349326999e-06,6.60104527608232428e-11,0.00000000000000000e+00
3211,3.70971403905455734e-08,3.63594091119460477e-08,1.12556970813704600e-06,7.13115503675357722e-11,0.00000000000000000e+00
3212,3.70533026546754091e-08,3.63167021754930087e-08,1.12423715121997652e-06,7.63998121565370135e-11,0.00000000000000000e+00
3213,3.70095690960305440e-08,3.62740707020792397e-08,1.12290622775120209e-06,8.14229810057527926e-11,0.00000000000000000e+00
3214,3.69659004260078319e-08,3.62315081413160372e-08,1.12157693110014920e-06,8.63289780216706251e-11,0.00000000000000000e+00
3215,3.69223007318583050e-08,3.61888614394341544e-08,1.12024928596494845e-06,1.85095531100490132e-11,0.00000000000000000e+00
3216,3.68799086246216570e-08,3.61486831684768284e-08,1.11892420411004029e-06,2.05831466959090576e-11,0.00000000000000000e+00
3217,3.68332871053205847e-08,3.61079275357019390e-08,1.11759913552490763e-06,3.01957402507321951e-11,0.00000000000000000e+00
3218,3.67926089941883234e-08,3.60640812453174644e-08,1.11627608281735552e-06,3.74929166586974098e-11,0.00000000000000000e+00
3219,3.67494485065629827e-08,3.60212828493240317e-08,1.11495476677347655e-06,4.53157394027645872e-11,0.00000000000000000e+00
3220,3.67061323155873968e-08,3.59788060914329303e-08,1.11363510380073496e-06,5.11212496077090304e-11,0.00000000000000000e+00
3221,3.66625912572334513e-08,3.59364836834062626e-08,1.11231712228341636e-06,5.65796107611322321e-11,0.00000000000000000e+00
3222,3.66192484061576367e-08,3.58942507844188662e-08,1.11100075684799901e-06,6.19281639388258057e-11,0.00000000000000000e+00
3223,3.65760196048348267e-08,3.58520994190421718e-08,1.10968599727227712e-06,6.72402069739452472e-11,0.00000000000000000e+00
3224,3.65329785709065326e-08,3.58098888971169914e-08,1.10837284911202384e-06,7.20663471603198368e-11,0.00000000000000000e+00
3225,3.64893801475450781e-08,3.57678687572787196e-08,1.10706136988817451e-06,7.76866962509472733e-11,0.00000000000000000e+00
3226,3.64461757603130793e-08,3.57259272367705490e-08,1.10575142000308280e-06,8.23191220377372367e-11,0.00000000000000000e+00
3227,3.64034674511456346e-08,3.56842362179640100e-08,1.10444295344555143e-06,1.45628598709447082e-11,0.00000000000000000e+00
3228,3.63625273712854881e-08,3.56444227563319448e-08,1.10313722325048914e-06,1.23759061108349324e-11,0.00000000000000000e+00
3229,3.63160106672989307e-08,3.56040932030967349e-08,1.10183144490471262e-06,2.64620486460439925e-11,0.00000000000000000e+00
3230,3.62758542808906240e-08,3.55610089657527402e-08,1.10052760625956019e-06,3.04709011505924334e-11,0.00000000000000000e+00
3231,3.62328558991182946e-08,3.55188385967004561e-08,1.09922557341269511e-06,3.70987089842477841e-11,0.00000000000000000e+00
3232,3.61903249513997140e-08,3.54768717651797290e-08,1.09792510868725916e-06,4.32497980997092289e-11,0.00000000000000000e+00
3233,3.61476274645942536e-08,3.54351766280112003e-08,1.09662625874073558e-06,4.91196050890280459e-11,0.00000000000000000e+00
3234,3.61052128324534053e-08,3.53933959781125679e-08,1.09532901523016726e-06,5.40019891408934141e-11,0.00000000000000000e+00
3235,3.60620421729698940e-08,3.53520207213546497e-08,1.09403340522370773e-06,5.92226260285432312e-11,0.00000000000000000e+00
3236,3.60195811518877938e-08,3.53104608993001253e-08,1.09273934556879388e-06,6.44424955690231899e-11,0.00000000000000000e+00
3237,3.59769770895873473e-08,3.52689682579887717e-08,1.09144688406391697e-06,7.01233287083144430e-11,0.00000000000000000e+00
3238,3.59344040500241834e-08,3.52274164938751085e-08,1.09015602408059507e-06,7.57464653214861022e-11,0.00000000000000000e+00
3239,3.58917169064455159e-08,3.51863001876718139e-08,1.08886666505521994e-06,8.00736234266539103e-11,0.00000000000000000e+00
3240,3.58496871073957139e-08,3.51449286435690671e-08,1.08757886024833497e-06,1.38769411433791073e-11,0.00000000000000000e+00
3241,3.58100087698021212e-08,3.51057858206961629e-08,1.08629360030870471e-06,1.15333739650038709e-11,0.00000000000000000e+00
3242,3.57634137095911081e-08,3.50665560847379070e-08,1.08500837199533038e-06,2.50856937597840099e-11,0.00000000000000000e+00
3243,3.57242001104670463e-08,3.50237633131498114e-08,1.08372505826870209e-06,2.85449829543858876e-11,0.00000000000000000e+00
3244,3.56819231469119157e-08,3.49821721155948812e-08,1.08244351340999675e-06,3.46177697108418442e-11,0.00000000000000000e+00
3245,3.56399514983333134e-08,3.49409170216530920e-08,1.08116350514028727e-06,4.03171707600136930e-11,0.00000000000000000e+00
3246,3.55978902921086923e-08,3.48998849223362187e-08,1.07988508277451307e-06,4.59401045339894434e-11,0.00000000000000000e+00
3247,3.55559480477962834e-08,3.48589033286261851e-08,1.07860823041337170e-06,5.07957419424880377e-11,0.00000000000000000e+00
3248,3.55140497403159630e-08,3.48178106773654189e-08,1.07733298117874697e-06,5.53835654471066210e-11,0.00000000000000000e+00
3249,3.54716515333635306e-08,3.47771392098778987e-08,1.07605929704671048e-06,6.03180547766785407e-11,0.00000000000000000e+00
3250,3.54299370125165761e-08,3.47362713947084971e-08,1.07478712961563844e-06,6.54391542203446803e-11,0.00000000000000000e+00
3251,3.53880467113623636e-08,3.46953562546918173e-08,1.07351655773048905e-06,7.11374731880346786e-11,0.00000000000000000e+00
3252,3.53461537932287826e-08,3.46546366013168003e-08,1.07224750401877664e-06,7.52145885623680615e-11,0.00000000000000000e+00
3253,3.53046238455051113e-08,3.46141466780055589e-08,1.07097991050924824e-06,8.04644008886050992e-11,0.00000000000000000e+00
3254,3.52626784985894796e-08,3.45733465950424378e-08,1.06971400459777178e-06,8.37184713223539380e-11,0.00000000000000000e+00
3255,3.52211819355757130e-08,3.45330556727188242e-08,1.06844951073176302e-06,8.76629063596821782e-11,0.00000000000000000e+00
3256,3.51795623967833800e-08,3.44923638114335507e-08,1.06718666341208569e-06,1.69203288612200448e-11,0.00000000000000000e+00
3257,3.51407224807207519e-08,3.44559427769617851e-08,1.06592633154893616e-06,6.39723134245089585e-12,0.00000000000000000e+00
3258,3.50957100313678591e-08,3.44146153508117849e-08,1.06466578552220261e-06,2.06042265337081711e-11,0.00000000000000000e+00
3259,3.50572292421637925e-08,3.43737942981762582e-08,1.06340717630610949e-06,2.43781324012201579e-11,0.00000000000000000e+00
3260,3.50156948165896591e-08,3.43331831539732679e-08,1.06215033964736349e-06,3.12103555751107943e-11,0.00000000000000000e+00
3261,3.49744193761453989e-08,3.42926690696956561e-08,1.06089486885882078e-06,3.81609675761453617e-11,0.00000000000000000e+00
3262,3.49300084790987872e-08,3.42522009995058778e-08,1.05964120883622308e-06,4.35144956354839843e-11,0.00000000000000000e+00
3263,3.48912579459204146e-08,3.42121509970483754e-08,1.05838904793577053e-06,4.84538713079518942e-11,0.00000000000000000e+00
3264,3.48505067006229717e-08,3.41719269036906828e-08,1.05713839716056723e-06,5.32740567888211159e-11,0.00000000000000000e+00
3265,3.48094326305081082e-08,3.41317988554779180e-08,1.05588925743274174e-06,5.79210917308828323e-11,0.00000000000000000e+00
3266,3.47681866803226858e-08,3.40917080539446545e-08,1.05464166079280078e-06,6.28552987497613441e-11,0.00000000000000000e+00
3267,3.47271749458709982e-08,3.40516454994722097e-08,1.05339556284478253e-06,6.86848607642623889e-11,0.00000000000000000e+00
3268,3.46859685617251655e-08,3.40116737454067800e-08,1.05215100178916798e-06,7.25769233601126118e-11,0.00000000000000000e+00
3269,3.46454643047291877e-08,3.39718086040128020e-08,1.05090768490596896e-06,7.80333191585529951e-11,0.00000000000000000e+00
3270,3.46007949446449385e-08,3.39318833693835920e-08,1.04966628590844884e-06,8.09726861417925013e-11,0.00000000000000000e+00
3271,3.45632107772169024e-08,3.38921623767629701e-08,1.04842605099843081e-06,8.46531339322124061e-11,0.00000000000000000e+00
3272,3.45194592533790307e-08,3.38523223076727482e-08,1.04718749529650427e-06,8.80123161035457785e-11,0.00000000000000000e+00
3273,3.44778787264943622e-08,3.38127862451344230e-08,1.04595046767768588e-06,9.08055581365443604e-11,0.00000000000000000e+00
3274,3.44372976423308039e-08,3.37731423190228493e-08,1.04471491905928716e-06,9.33290917379296221e-11,0.00000000000000000e+00
3275,3.43969068685869745e-08,3.37335036092052928e-08,1.04348087484351111e-06,1.90444178124905408e-11,0.00000000000000000e+00
3276,3.43600259059458318e-08,3.36985764673742515e-08,1.04224953011102574e-06,4.71576949473014856e-12,0.00000000000000000e+00
3277,3.43187444797404516e-08,3.36580258661552329e-08,1.04101779131482681e-06,1.79697771186067374e-11,0.00000000000000000e+00
3278,3.42816194174047238e-08,3.36179764218702809e-08,1.03978789158389750e-06,2.20687878963095492e-11,0.00000000000000000e+00
3279,3.42410794410551286e-08,3.35782434139525049e-08,1.03855958147428098e-06,3.05448221267001756e-11,0.00000000000000000e+00
3280,3.41976065100533231e-08,3.35384268197420378e-08,1.03733287899986696e-06,3.62494276037279382e-11,0.00000000000000000e+00
3281,3.41561911035642994e-08,3.34991231063203139e-08,1.03610789637344261e-06,4.20214064967476760e-11,0.00000000000000000e+00
3282,3.41193892998983521e-08,3.34597143688474234e-08,1.03488429998235804e-06,4.69473881144012125e-11,0.00000000000000000e+00
3283,3.40795511703010204e-08,3.34204226905398975e-08,1.03366218959521906e-06,5.16857674073419815e-11,0.00000000000000000e+00
3284,3.40393496605713891e-08,3.33811839139273627e-08,1.03244155666447430e-06,5.61984894671246897e-11,0.00000000000000000e+00
3285,3.39989804748914099e-08,3.33419781755185423e-08,1.03122242813587257e-06,6.09410250822293805e-11,0.00000000000000000e+00
3286,3.39588537486243511e-08,3.33027933305447550e-08,1.03000476285561890e-06,6.65654465375917020e-11,0.00000000000000000e+00
3287,3.39185398796524271e-08,3.32637025392042967e-08,1.02878845129694978e-06,7.00975178788807356e-11,0.00000000000000000e+00
3288,3.38758539890947203e-08,3.32246308405180356e-08,1.02757360227712999e-06,7.48900602747012741e-11,0.00000000000000000e+00
3289,3.38347058838842871e-08,3.31857267501493540e-08,1.02636039695281057e-06,7.84249418859264770e-11,0.00000000000000000e+00
3290,3.37950511645222192e-08,3.31466613518748307e-08,1.02514861322897586e-06,8.20907244247086240e-11,0.00000000000000000e+00
3291,3.37548979310513269e-08,3.31079643912484188e-08,1.02393833074774922e-06,8.48955645791706527e-11,0.00000000000000000e+00
3292,3.37153783662782975e-08,3.30691254412575390e-08,1.02272947733485082e-06,8.76974463189473417e-11,0.00000000000000000e+00
3293,3.36756432482628210e-08,3.30304131253051983e-08,1.02152211081321583e-06,9.03197111158461917e-11,0.00000000000000000e+00
3294,3.36358682899615944e-08,3.29917547120358764e-08,1.02031622451599636e-06,9.25534412822764136e-11,0.00000000000000000e+00
3295,3.35964549684797679e-08,3.29531124663449013e-08,1.01911175834970200e-06,2.05873074308616498e-11,0.00000000000000000e+00
3296,3.35606235967045763e-08,3.29191149632643254e-08,1.01790992415764408e-06,4.73241257300495133e-12,0.00000000000000000e+00
3297,3.35202526910748316e-08,3.28793739915891080e-08,1.01670772043920648e-06,1.78859796345303621e-11,0.00000000000000000e+00
3298,3.34839258539709443e-08,3.28402569296558865e-08,1.01550730621017671e-06,2.35524826049604993e-11,0.00000000000000000e+00
3299,3.34444095455233835e-08,3.28013743796512748e-08,1.01430843691456400e-06,2.92246499901705670e-11,0.00000000000000000e+00
3300,3.34016071548713195e-08,3.27626626164649129e-08,1.01311117267429091e-06,3.60142088835178221e-11,0.00000000000000000e+00
3301,3.33618619585895256e-08,3.27239673649228853e-08,1.01191538211098853e-06,4.10926851414001306e-11,0.00000000000000000e+00
3302,3.33220010402527221e-08,3.26856866542307369e-08,1.01072109243596127e-06,4.56404430600451124e-11,0.00000000000000000e+00
3303,3.32826027067381124e-08,3.26472491062843354e-08,1.00952839501848333e-06,4.99427765733842208e-11,0.00000000000000000e+00
3304,3.32467803550420283e-08,3.26089337858674602e-08,1.00833704956655152e-06,5.42351361836122548e-11,0.00000000000000000e+00
3305,3.32080997387032670e-08,3.25706799339853605e-08,1.00714711390267430e-06,5.85814308641592351e-11,0.00000000000000000e+00
3306,3.31687202796809693e-08,3.25323904716864846e-08,1.00595865665679373e-06,6.33503769223789845e-11,0.00000000000000000e+00
3307,3.31295225154083775e-08,3.24942459704459140e-08,1.00477145821988394e-06,6.78264975751244891e-11,0.00000000000000000e+00
3308,3.30873508531380988e-08,3.24560866542175672e-08,1.00358577910268431e-06,7.14798715305169822e-11,0.00000000000000000e+00
3309,3.30479125809934023e-08,3.24179832749394541e-08,1.00240156512785707e-06,7.50619003517982039e-11,0.00000000000000000e+00
3310,3.30087943733875568e-08,3.23799932431990515e-08,1.00121881939609888e-06,7.83186220582192205e-11,0.00000000000000000e+00
3311,3.29698709042771626e-08,3.23420477529243553e-08,1.00003750782294329e-06,8.12643556902697610e-11,0.00000000000000000e+00
3312,3.29310455600320160e-08,3.23041634985465445e-08,9.98857623381493891e-07,8.39396643549117257e-11,0.00000000000000000e+00
