cell_id,x,y,velocity_x,velocity_y,velocity_magnitude,pressure
0,1.25000000000000007e-02,1.25000000000000007e-02,-2.81697334013211129e-05,-9.50741333013258201e-05,9.91595920871993957e-05,0.00000000000000000e+00
1,3.75000000000000056e-02,1.25000000000000007e-02,2.34752882616429316e-04,-1.07350554583348246e-04,2.58133797605186667e-04,5.19113271068654910e-04
2,6.25000000000000000e-02,1.25000000000000007e-02,-3.16638687950847751e-07,-7.78548947976316912e-05,7.78555386854975411e-05,-1.01942196417099495e-03
3,8.75000000000000083e-02,1.25000000000000007e-02,1.66541796797691341e-05,-3.76575078288536981e-05,4.11758375347267506e-05,1.55227225296633884e-04
4,1.12500000000000003e-01,1.25000000000000007e-02,-5.68259597669840046e-04,-2.18941446582565215e-06,5.68263815388232903e-04,-2.55180199183318917e-03
5,1.37500000000000011e-01,1.25000000000000007e-02,-8.32049986797392567e-04,1.58693841618112794e-05,8.32201308508473945e-04,-2.74304776923107725e-04
6,1.62500000000000006e-01,1.25000000000000007e-02,-1.66156080036958904e-03,3.83076122522414296e-05,1.66200233648490926e-03,-3.98563868991294763e-03
7,1.87500000000000000e-01,1.25000000000000007e-02,-2.11331084868667711e-03,3.73369215163875401e-05,2.11364064800171865e-03,-4.27338578865763083e-04
8,2.12500000000000022e-01,1.25000000000000007e-02,-3.06130185894887795e-03,5.25655929813211121e-05,3.06175312740418959e-03,-5.03122813914890811e-03
9,2.37500000000000017e-01,1.25000000000000007e-02,-3.61306909537242827e-03,4.06025804539223291e-05,3.61329722794497682e-03,-1.90749137346591985e-04
10,2.62500000000000011e-01,1.25000000000000007e-02,-4.58023845051957340e-03,5.34717932348197788e-05,4.58055056693949109e-03,-5.57853161482314754e-03
11,2.87500000000000033e-01,1.25000000000000007e-02,-5.16474307247489443e-03,3.52204676436946608e-05,5.16486316237114388e-03,4.50706677063593658e-04
12,3.12500000000000000e-01,1.25000000000000007e-02,-6.07467547728529709e-03,4.74806512377701445e-05,6.07486103269641153e-03,-5.58693736427173012e-03
13,3.37500000000000022e-01,1.25000000000000007e-02,-6.63704704336951987e-03,2.47596026577261739e-05,6.63709322624172950e-03,1.48362531409131125e-03
14,3.62500000000000044e-01,1.25000000000000007e-02,-7.42485259950570638e-03,3.60853925222715197e-05,7.42494028797135389e-03,-5.04124025267431008e-03
15,3.87500000000000011e-01,1.25000000000000007e-02,-7.91337244517969184e-03,9.11713633250472449e-06,7.91337769718494614e-03,2.88400330532254242e-03
16,4.12500000000000033e-01,1.25000000000000007e-02,-8.51808839666984459e-03,1.82454213947702157e-05,8.51810793714679985e-03,-3.94836083102857727e-03
17,4.37500000000000000e-01,1.25000000000000007e-02,-8.88004877700208223e-03,-1.32969395314938347e-05,8.88005873238105828e-03,4.60789870815254791e-03
18,4.62500000000000022e-01,1.25000000000000007e-02,-9.24327330987512533e-03,-7.75071069855297002e-06,9.24327655945477930e-03,-2.35290691263047823e-03
19,4.87500000000000044e-01,1.25000000000000007e-02,-9.42673102702494548e-03,-4.40487702647075560e-05,9.42683394093884672e-03,6.57197748889548367e-03
20,5.12500000000000067e-01,1.25000000000000007e-02,-9.49693748304597345e-03,-4.30560991665710890e-05,9.49703508388586790e-03,-3.57427726833882853e-04
21,5.37499999999999978e-01,1.25000000000000007e-02,-9.45750963375488821e-03,-8.33264426202077059e-05,9.45787670508588599e-03,8.63434892240141048e-03
22,5.62500000000000000e-01,1.25000000000000007e-02,-9.20011941200973328e-03,-8.56862083221071835e-05,9.20051842678090183e-03,1.85508341537697001e-03
23,5.87500000000000022e-01,1.25000000000000007e-02,-8.91564226719956943e-03,-1.27153750079368836e-04,8.91654894636006133e-03,1.05746452392587228e-02
24,6.12500000000000044e-01,1.25000000000000007e-02,-8.32800174122421723e-03,-1.31036118061628735e-04,8.32903256483430096e-03,4.03782040216335656e-03
25,6.37500000000000067e-01,1.25000000000000007e-02,-7.80987920945069945e-03,-1.69987555781013548e-04,7.81172894021103965e-03,1.21431478358718752e-02
26,6.62500000000000089e-01,1.25000000000000007e-02,-6.93273247157456026e-03,-1.71760495289092151e-04,6.93485985367882363e-03,5.91672759660724374e-03
27,6.87500000000000000e-01,1.25000000000000007e-02,-6.23779965438709533e-03,-2.02976827788518344e-04,6.24110119457222529e-03,1.30900045480634528e-02
28,7.12500000000000022e-01,1.25000000000000007e-02,-5.16326391806885311e-03,-1.98145682241351921e-04,5.16706454372524958e-03,7.23901468736580078e-03
29,7.37500000000000044e-01,1.25000000000000007e-02,-4.39564818882708271e-03,-2.16265116508702578e-04,4.40096507604381421e-03,1.32299105621278296e-02
30,7.62500000000000067e-01,1.25000000000000007e-02,-3.26189017673782396e-03,-2.01009530408394058e-04,3.26807777698354595e-03,7.84510199227750685e-03
31,7.87500000000000089e-01,1.25000000000000007e-02,-2.55970511252543841e-03,-2.02156626412832081e-04,2.56767551779649248e-03,1.25141225658940685e-02
32,8.12500000000000000e-01,1.25000000000000007e-02,-1.52951796606693260e-03,-1.74868286961280185e-04,1.53948177199546548e-03,7.73477251900502039e-03
33,8.37500000000000022e-01,1.25000000000000007e-02,-1.03598350986722296e-03,-1.57877365522363821e-04,1.04794422335403544e-03,1.10836755892386972e-02
34,8.62500000000000044e-01,1.25000000000000007e-02,-2.61887608121943300e-04,-1.20074789355827544e-04,2.88102541340195205e-04,7.10309702789460769e-03
35,8.87500000000000067e-01,1.25000000000000007e-02,-8.55744652636904532e-05,-8.72985427933135411e-05,1.22245755259651280e-04,9.28577603422621814e-03
36,9.12500000000000089e-01,1.25000000000000007e-02,3.33687746191243606e-04,-4.58532291523665525e-05,3.36823441259499084e-04,6.33673723104626659e-03
37,9.37500000000000000e-01,1.25000000000000007e-02,1.70965466664686712e-04,-9.75818173323513860e-06,1.71243723688236087e-04,7.65382844233815276e-03
38,9.62500000000000022e-01,1.25000000000000007e-02,2.60888439169355152e-04,6.97109980725636796e-06,2.60981558591301714e-04,5.96776165446735122e-03
39,9.87500000000000044e-01,1.25000000000000007e-02,-5.76080623943395879e-05,6.44753813055257902e-07,5.76116703481991787e-05,6.81003225023489849e-03
40,1.25000000000000007e-02,3.75000000000000056e-02,-7.92683216511538190e-05,-8.35342336988453133e-05,1.15158304160160692e-04,6.07318857376774857e-04
41,3.75000000000000056e-02,3.75000000000000056e-02,1.22020676739522684e-04,7.92688669569182024e-05,1.45508071324599333e-04,1.21132505455579876e-03
42,6.25000000000000000e-02,3.75000000000000056e-02,-5.31110917651559560e-04,2.96336107781177229e-04,6.08189029515971455e-04,-1.58744161982170404e-04
43,8.75000000000000083e-02,3.75000000000000056e-02,-9.34987215019710016e-04,6.05091550462565596e-04,1.11370412439368532e-03,1.29844206045097942e-03
44,1.12500000000000003e-01,3.75000000000000056e-02,-2.34790574291790120e-03,8.51541552015898200e-04,2.49755568355072063e-03,-1.19966937867334268e-03
45,1.37500000000000011e-01,3.75000000000000056e-02,-3.41419503680642300e-03,1.07668492523177667e-03,3.57994108576872644e-03,1.37751001070533893e-03
46,1.62500000000000006e-01,3.75000000000000056e-02,-5.40982315939495060e-03,1.24383138341461509e-03,5.55097316930041381e-03,-2.20746400404251602e-03
47,1.87500000000000000e-01,3.75000000000000056e-02,-6.94344081412364648e-03,1.36144060374120872e-03,7.07565480056462828e-03,1.59125181692246708e-03
48,2.12500000000000022e-01,3.75000000000000056e-02,-9.25577308373462179e-03,1.44827748323813265e-03,9.36839596975068585e-03,-2.99902455338152667e-03
49,2.37500000000000017e-01,3.75000000000000056e-02,-1.10333660523185776e-02,1.47717646567979526e-03,1.11318110276456932e-02,2.00773578761656493e-03
50,2.62500000000000011e-01,3.75000000000000056e-02,-1.34209697610150214e-02,1.49946893014966075e-03,1.35044746805850907e-02,-3.47362671249937249e-03
51,2.87500000000000033e-01,3.75000000000000056e-02,-1.52484868930095937e-02,1.45789118623434024e-03,1.53180220406286503e-02,2.65102679113885875e-03
52,3.12500000000000000e-01,3.75000000000000056e-02,-1.75096014470958877e-02,1.42624364501017700e-03,1.75675927141732864e-02,-3.57522928052712418e-03
53,3.37500000000000022e-01,3.75000000000000056e-02,-1.92201175913691777e-02,1.32395449982378481e-03,1.92656631275350231e-02,3.52412841738436325e-03
54,3.62500000000000044e-01,3.75000000000000056e-02,-2.11791183365809023e-02,1.24178179630298488e-03,2.12154914047383500e-02,-3.27413224115272487e-03
55,3.87500000000000011e-01,3.75000000000000056e-02,-2.26191008213193073e-02,1.08255184079906401e-03,2.26449915092283745e-02,4.61578793231547189e-03
56,4.12500000000000033e-01,3.75000000000000056e-02,-2.41142600294429119e-02,9.50058746340669432e-04,2.41329680808036254e-02,-2.56542952095287560e-03
57,4.37500000000000000e-01,3.75000000000000056e-02,-2.51373001249457530e-02,7.36848005095249760e-04,2.51480973943201264e-02,5.89525856606437984e-03
58,4.62500000000000022e-01,3.75000000000000056e-02,-2.60201032171448361e-02,5.56108983427592652e-04,2.60260451976922491e-02,-1.47711398024667501e-03
59,4.87500000000000044e-01,3.75000000000000056e-02,-2.64931262078242462e-02,2.96050770278641123e-04,2.64947802844689856e-02,7.30178951502143993e-03
60,5.12500000000000067e-01,3.75000000000000056e-02,-2.66402681032602041e-02,7.55196300639213852e-05,2.66403751442825590e-02,-8.05426929297642022e-05
61,5.37499999999999978e-01,3.75000000000000056e-02,-2.64615069940164448e-02,-2.15142639514687742e-04,2.64623815774340035e-02,8.73537536024363709e-03
62,5.62500000000000000e-01,3.75000000000000056e-02,-2.57980831077194231e-02,-4.54526816863935887e-04,2.58020868663766563e-02,1.49082285974675853e-03
63,5.87500000000000022e-01,3.75000000000000056e-02,-2.49243524962949083e-02,-7.46564774226103926e-04,2.49355310013979342e-02,1.00345915776698848e-02
64,6.12500000000000044e-01,3.75000000000000056e-02,-2.34535977300759230e-02,-9.73141439497951337e-04,2.34737779393409673e-02,3.06538779217138463e-03
65,6.37500000000000067e-01,3.75000000000000056e-02,-2.19310359928114491e-02,-1.22679519788014275e-03,2.19653219001118456e-02,1.10385017840965959e-02
66,6.62500000000000089e-01,3.75000000000000056e-02,-1.97635756823907535e-02,-1.39883826075604882e-03,1.98130177467578661e-02,4.46423390086762590e-03
67,6.87500000000000000e-01,3.75000000000000056e-02,-1.77507951021358655e-02,-1.56788343779296286e-03,1.78199041869622869e-02,1.15953235043457243e-02
68,7.12500000000000022e-01,3.75000000000000056e-02,-1.51181749205065562e-02,-1.64266226897862174e-03,1.52071546403973745e-02,5.53009671407390501e-03
69,7.37500000000000044e-01,3.75000000000000056e-02,-1.28862992546472082e-02,-1.68634777844051207e-03,1.29961716405321628e-02,1.16057917210664104e-02
70,7.62500000000000067e-01,3.75000000000000056e-02,-1.01251107288214837e-02,-1.63375598154510580e-03,1.02560726342070304e-02,6.17232690091354050e-03
71,7.87500000000000089e-01,3.75000000000000056e-02,-8.02357623507978131e-03,-1.53127552776737702e-03,8.16838909100664132e-03,1.10652094350202519e-02
72,8.12500000000000000e-01,3.75000000000000056e-02,-5.52264145156266401e-03,-1.34786612554703227e-03,5.68474376686542784e-03,6.40260148070338504e-03
73,8.37500000000000022e-01,3.75000000000000056e-02,-3.90804513997127130e-03,-1.11061141637284707e-03,4.06279147068007614e-03,1.00876928558551997e-02
74,8.62500000000000044e-01,3.75000000000000056e-02,-2.02139779776589531e-03,-8.29557621804961551e-04,2.18499768986319884e-03,6.34514832017968322e-03
75,8.87500000000000067e-01,3.75000000000000056e-02,-1.15674695548025476e-03,-5.08915731668462554e-04,1.26374789453928874e-03,8.90052727731689003e-03
76,9.12500000000000089e-01,3.75000000000000056e-02,-9.22528023314922842e-05,-2.10136739396340875e-04,2.29495160694379485e-04,6.21411610849397032e-03
77,9.37500000000000000e-01,3.75000000000000056e-02,-2.25241106167267666e-05,8.21542015468504437e-05,8.51859635789551164e-05,7.80881427723591377e-03
78,9.62500000000000022e-01,3.75000000000000056e-02,2.97901895587150223e-04,2.21893327954372885e-04,3.71459538018724497e-04,6.26164282424003515e-03
79,9.87500000000000044e-01,3.75000000000000056e-02,-8.01121171360388867e-05,2.02520327920318834e-04,2.17789886204506505e-04,7.13900495833060325e-03
80,1.25000000000000007e-02,6.25000000000000000e-02,-1.06674804018803496e-04,-1.37659762479844309e-04,1.74154310938481465e-04,2.99349541554904731e-04
81,3.75000000000000056e-02,6.25000000000000000e-02,-9.36022159635230142e-05,3.43924711266858083e-04,3.56434540769092248e-04,6.25039200068922126e-04
82,6.25000000000000000e-02,6.25000000000000000e-02,-1.20157181415466580e-03,9.79801515608867430e-04,1.55041472985790758e-03,-6.98280028692147632e-04
83,8.75000000000000083e-02,6.25000000000000000e-02,-2.17370934164271782e-03,1.77812733376934810e-03,2.80833564892847337e-03,5.30076232983025977e-04
84,1.12500000000000003e-01,6.25000000000000000e-02,-4.36946131008209351e-03,2.47805906602009901e-03,5.02324286442420911e-03,-1.95005408894722339e-03
85,1.37500000000000011e-01,6.25000000000000000e-02,-6.30834751676695882e-03,3.07638280563820449e-03,7.01850265791260138e-03,4.30748775228222331e-04
86,1.62500000000000006e-01,6.25000000000000000e-02,-9.33515610582100371e-03,3.56897179114162161e-03,9.99413323735539282e-03,-3.12968215357042022e-03
87,1.87500000000000000e-01,6.25000000000000000e-02,-1.19460126992325250e-02,3.88151611850689332e-03,1.25607876659249978e-02,5.04411518131068289e-04
88,2.12500000000000022e-01,6.25000000000000000e-02,-1.54308368869185628e-02,4.14425630434774907e-03,1.59776590070890116e-02,-4.03889280394981957e-03
89,2.37500000000000017e-01,6.25000000000000000e-02,-1.83780734468504334e-02,4.20369934575835248e-03,1.88527099327220893e-02,8.34330917690764731e-04
90,2.62500000000000011e-01,6.25000000000000000e-02,-2.19692720728359957e-02,4.27066453683601788e-03,2.23805158786941349e-02,-4.57293073890923871e-03
91,2.87500000000000033e-01,6.25000000000000000e-02,-2.49519331590308119e-02,4.12146836224800035e-03,2.52900270825033441e-02,1.44826091054829523e-03
92,3.12500000000000000e-01,6.25000000000000000e-02,-2.83462212881549838e-02,4.02144119322246554e-03,2.86300585152667354e-02,-4.67612010404452536e-03
93,3.37500000000000022e-01,6.25000000000000000e-02,-3.11006688345401988e-02,3.69166090360430492e-03,3.13190032118351516e-02,2.34950516509560862e-03
94,3.62500000000000044e-01,6.25000000000000000e-02,-3.40309171607376185e-02,3.43760141680112766e-03,3.42040995540268469e-02,-4.31933343020049140e-03
95,3.87500000000000011e-01,6.25000000000000000e-02,-3.63165345366902245e-02,2.94146916036867141e-03,3.64354624174857145e-02,3.52646736057685714e-03
96,4.12500000000000033e-01,6.25000000000000000e-02,-3.85390772871299428e-02,2.53912039269588771e-03,3.86226308077528419e-02,-3.49857294715942048e-03
97,4.37500000000000000e-01,6.25000000000000000e-02,-4.01326643326178276e-02,1.88964446934590242e-03,4.01771266102381314e-02,4.94626229061634164e-03
98,4.62500000000000022e-01,6.25000000000000000e-02,-4.14289863558669272e-02,1.35083034206895576e-03,4.14510030407909680e-02,-2.24567322295575206e-03
99,4.87500000000000044e-01,6.25000000000000000e-02,-4.21352932676417533e-02,5.73166863661996474e-04,4.21391914849321286e-02,6.54146374153929521e-03
100,5.12500000000000067e-01,6.25000000000000000e-02,-4.23300852196039981e-02,-7.19066903086716062e-05,4.23301462939953480e-02,-6.41807533141040202e-04
101,5.37499999999999978e-01,6.25000000000000000e-02,-4.20070640779612176e-02,-9.28441295878331611e-04,4.20173230428811592e-02,8.19691398667267597e-03
102,5.62500000000000000e-01,6.25000000000000000e-02,-4.09983320401579657e-02,-1.62012539933742384e-03,4.10303306882191937e-02,1.15828907693459461e-03
103,5.87500000000000022e-01,6.25000000000000000e-02,-3.95917365077357725e-02,-2.47448376377846580e-03,3.96689887644641262e-02,9.72373404784915470e-03
104,6.12500000000000044e-01,6.25000000000000000e-02,-3.73911847669672684e-02,-3.12175445649726492e-03,3.75212746207287812e-02,2.95061034132740058e-03
105,6.37500000000000067e-01,6.25000000000000000e-02,-3.49784473558960932e-02,-3.86270716908547517e-03,3.51910824798456340e-02,1.09246151106748915e-02
106,6.62500000000000089e-01,6.25000000000000000e-02,-3.17520056284041202e-02,-4.34958043086787136e-03,3.20485368051459663e-02,4.51686172087462957e-03
107,6.87500000000000000e-01,6.25000000000000000e-02,-2.85725797399698604e-02,-4.85087051205217255e-03,2.89814295320578279e-02,1.16074703869971339e-02
108,7.12500000000000022e-01,6.25000000000000000e-02,-2.46575190500754257e-02,-5.06045312041401244e-03,2.51714407908792612e-02,5.66111166174044014e-03
109,7.37500000000000044e-01,6.25000000000000000e-02,-2.11119049036226081e-02,-5.21156528784565403e-03,2.17456418946206792e-02,1.16397617355074364e-02
110,7.62500000000000067e-01,6.25000000000000000e-02,-1.69946596843537599e-02,-5.06182635249428307e-03,1.77324714523893895e-02,6.26764041735838624e-03
111,7.87500000000000089e-01,6.25000000000000000e-02,-1.35971182499488932e-02,-4.80655864085613883e-03,1.44216722564022397e-02,1.10036994529308652e-02
112,8.12500000000000000e-01,6.25000000000000000e-02,-9.84001786955734231e-03,-4.28881864197899407e-03,1.07340540811472693e-02,6.34913032178885915e-03
113,8.37500000000000022e-01,6.25000000000000000e-02,-7.11872315912364436e-03,-3.66071081060833931e-03,8.00481249344093572e-03,9.83035504751131502e-03
114,8.62500000000000044e-01,6.25000000000000000e-02,-4.23614890462230363e-03,-2.87015383405205037e-03,5.11690732506036531e-03,6.06333715366418145e-03
115,8.87500000000000067e-01,6.25000000000000000e-02,-2.58860210394888917e-03,-2.01765797404437246e-03,3.28204274085415514e-03,8.39517418341914970e-03
116,9.12500000000000089e-01,6.25000000000000000e-02,-8.86791801741077337e-04,-1.17924588695051194e-03,1.47547299586433828e-03,5.68637064320246140e-03
117,9.37500000000000000e-01,6.25000000000000000e-02,-4.07072916480009960e-04,-4.00727109757638498e-04,5.71218500948850183e-04,7.07181209860691280e-03
118,9.62500000000000022e-01,6.25000000000000000e-02,1.96121601671529251e-04,6.49457550074371401e-05,2.06595338126715791e-04,5.54289439974713517e-03
119,9.87500000000000044e-01,6.25000000000000000e-02,-8.91357545976499563e-05,2.18174993681601563e-04,2.35680950896883796e-04,6.24965321447649384e-03
120,1.25000000000000007e-02,8.75000000000000083e-02,-1.64499154681851202e-04,1.16902654944481366e-04,2.01807340362317053e-04,1.66171967559558260e-03
121,3.75000000000000056e-02,8.75000000000000083e-02,-4.33604783920372387e-04,1.17388842510591368e-03,1.25141006198458988e-03,1.78769618374187596e-03
122,6.25000000000000000e-02,8.75000000000000083e-02,-2.12347042063419341e-03,2.37705814390536943e-03,3.18740208427101311e-03,5.44069288900008081e-04
123,8.75000000000000083e-02,8.75000000000000083e-02,-3.73933113243467416e-03,3.77235519305604752e-03,5.31161566950886545e-03,1.87843807695948985e-03
124,1.12500000000000003e-01,8.75000000000000083e-02,-6.75451117595236589e-03,4.98712745660627715e-03,8.39612181274793090e-03,-5.73934568209534340e-04
125,1.37500000000000011e-01,8.75000000000000083e-02,-9.54501245697510561e-03,6.04144547918468010e-03,1.12962970163576603e-02,2.06458325328931491e-03
126,1.62500000000000006e-01,8.75000000000000083e-02,-1.35384628507224693e-02,6.88274858848759736e-03,1.51875674317094103e-02,-1.56511595730267437e-03
127,1.87500000000000000e-01,8.75000000000000083e-02,-1.71247201965336049e-02,7.45590238469667765e-03,1.86774335008772427e-02,2.38880058308420717e-03
128,2.12500000000000022e-01,8.75000000000000083e-02,-2.16496462185382932e-02,7.88186308827368808e-03,2.30397688167689879e-02,-2.34140819627012007e-03
129,2.37500000000000017e-01,8.75000000000000083e-02,-2.56174563711666220e-02,8.01413851774220726e-03,2.68417675854289578e-02,2.86805757433501035e-03
130,2.62500000000000011e-01,8.75000000000000083e-02,-3.02453670736587930e-02,8.07509167194756482e-03,3.13047813429629396e-02,-2.84293698383329858e-03
131,2.87500000000000033e-01,8.75000000000000083e-02,-3.42143233579814549e-02,7.83314890099685163e-03,3.50995462157234067e-02,3.50860618138858476e-03
132,3.12500000000000000e-01,8.75000000000000083e-02,-3.85651973138471868e-02,7.57694187720570674e-03,3.93024743758776593e-02,-3.02450315150468814e-03
133,3.37500000000000022e-01,8.75000000000000083e-02,-4.21953952049732711e-02,7.00678091504185023e-03,4.27731966924998000e-02,4.31416333168946342e-03
134,3.62500000000000044e-01,8.75000000000000083e-02,-4.59302995774726122e-02,6.45976707201123112e-03,4.63823351061696948e-02,-2.85185879132443011e-03
135,3.87500000000000011e-01,8.75000000000000083e-02,-4.89120567550992216e-02,5.58870886299611680e-03,4.92303053288254411e-02,5.28382173563127742e-03
136,4.12500000000000033e-01,8.75000000000000083e-02,-5.17242846878139956e-02,4.76841937586510063e-03,5.19436179892212996e-02,-2.30754755125609206e-03
137,4.37500000000000000e-01,8.75000000000000083e-02,-5.37762542636518251e-02,3.62466755967706276e-03,5.38982721202369078e-02,6.40254075623588204e-03
138,4.62500000000000022e-01,8.75000000000000083e-02,-5.53968246576623038e-02,2.56103191901459887e-03,5.54559921617312143e-02,-1.40227482080104151e-03
139,4.87500000000000044e-01,8.75000000000000083e-02,-5.62805761057593446e-02,1.19502282112086077e-03,5.62932618200364179e-02,7.62887136273773542e-03
140,5.12500000000000067e-01,8.75000000000000083e-02,-5.65003636346385202e-02,-5.04026567910810245e-05,5.65003861161514076e-02,-1.86766977874692537e-04
141,5.37499999999999978e-01,8.75000000000000083e-02,-5.60493730704306331e-02,-1.54900796302715718e-03,5.60707735567990556e-02,8.88243603183108341e-03
142,5.62500000000000000e-01,8.75000000000000083e-02,-5.47524770872010388e-02,-2.86758760550139989e-03,5.48275186914354146e-02,1.22077525551156319e-03
143,5.87500000000000022e-01,8.75000000000000083e-02,-5.29106899676945047e-02,-4.35575839739905414e-03,5.30896764359512774e-02,1.00148456960312444e-02
144,6.12500000000000044e-01,8.75000000000000083e-02,-5.01196280102515004e-02,-5.58425258065219522e-03,5.04297629259796154e-02,2.66430476747983851e-03
145,6.37500000000000067e-01,8.75000000000000083e-02,-4.69897283811622699e-02,-6.86790784521476138e-03,4.74889748415963306e-02,1.08815465028020680e-02
146,6.62500000000000089e-01,8.75000000000000083e-02,-4.29101402898730694e-02,-7.80266181992902118e-03,4.36137784555840347e-02,3.97865494422004057e-03
147,6.87500000000000000e-01,8.75000000000000083e-02,-3.87875700674202711e-02,-8.66414668783628897e-03,3.97434652435262811e-02,1.13417177588849161e-02
148,7.12500000000000022e-01,8.75000000000000083e-02,-3.38276168003062150e-02,-9.10146872638775868e-03,3.50306207676337605e-02,5.01417322198716500e-03
149,7.37500000000000044e-01,8.75000000000000083e-02,-2.91998222943978189e-02,-9.35078660703221425e-03,3.06605093270588859e-02,1.13006549149175517e-02
150,7.62500000000000067e-01,8.75000000000000083e-02,-2.39460923321472771e-02,-9.14688783763562691e-03,2.56335891964822038e-02,5.68094286732606039e-03
151,7.87500000000000089e-01,8.75000000000000083e-02,-1.94398195436053939e-02,-8.68726326842047744e-03,2.12926073317193792e-02,1.07505797551817814e-02
152,8.12500000000000000e-01,8.75000000000000083e-02,-1.45743255215920516e-02,-7.82485385462857418e-03,1.65420464953894113e-02,5.98266208171386715e-03
153,8.37500000000000022e-01,8.75000000000000083e-02,-1.08405041548824358e-02,-6.71556089077144421e-03,1.27520699656833089e-02,9.79109672798992615e-03
154,8.62500000000000044e-01,8.75000000000000083e-02,-6.99558030389051816e-03,-5.35854836906254125e-03,8.81204768551349660e-03,6.02181173527271615e-03
155,8.87500000000000067e-01,8.75000000000000083e-02,-4.53893344625544166e-03,-3.85906078418920325e-03,5.95770651892179801e-03,8.61519662184873254e-03
156,9.12500000000000089e-01,8.75000000000000083e-02,-2.10882662008184075e-03,-2.39083664611471590e-03,3.18798519161724849e-03,5.96890098787233349e-03
157,9.37500000000000000e-01,8.75000000000000083e-02,-1.09333592307931824e-03,-1.00123428993893955e-03,1.48251595068830109e-03,7.46367191140638164e-03
158,9.62500000000000022e-01,8.75000000000000083e-02,-4.49948296445106197e-05,-9.55679480015431804e-05,1.05630333616647224e-04,6.00887026064895417e-03
159,9.87500000000000044e-01,8.75000000000000083e-02,-1.27197431228386857e-04,3.09412516522770205e-04,3.34537429732539415e-04,6.57054882167282944e-03
160,1.25000000000000007e-02,1.12500000000000003e-01,-1.96888949448593764e-04,4.60560654798090202e-04,5.00880599707172257e-04,1.24932948172563982e-03
161,3.75000000000000056e-02,1.12500000000000003e-01,-7.45242767590566756e-04,2.30222963379940037e-03,2.41984463744889400e-03,9.82519012293811859e-04
162,6.25000000000000000e-02,1.12500000000000003e-01,-2.99787564137233599e-03,4.28617034081356287e-03,5.23053673647393916e-03,-1.31603372173272662e-04
163,8.75000000000000083e-02,1.12500000000000003e-01,-5.27453993992608398e-03,6.40802201082903318e-03,8.29960948895457594e-03,9.00506379952458413e-04
164,1.12500000000000003e-01,1.12500000000000003e-01,-9.09686431555292198e-03,8.28480274723319803e-03,1.23041008178632408e-02,-1.44908542956703528e-03
165,1.37500000000000011e-01,1.12500000000000003e-01,-1.27394541044772869e-02,9.85877010292319708e-03,1.61086634710138343e-02,9.34560333036210666e-04
166,1.62500000000000006e-01,1.12500000000000003e-01,-1.76610573378388307e-02,1.11501421845981493e-02,2.08863260777760046e-02,-2.59838243463637745e-03
167,1.87500000000000000e-01,1.12500000000000003e-01,-2.21892856385680799e-02,1.19907470172625329e-02,2.52218637531399330e-02,1.13105176645062681e-03
168,2.12500000000000022e-01,1.12500000000000003e-01,-2.76854676234793810e-02,1.26388216987371720e-02,3.04339437382537513e-02,-3.49707648107661605e-03
169,2.37500000000000017e-01,1.12500000000000003e-01,-3.26111277606447383e-02,1.27971205696378390e-02,3.50321559241640393e-02,1.51219921031033847e-03
170,2.62500000000000011e-01,1.12500000000000003e-01,-3.81875769437510573e-02,1.28696836053661685e-02,4.02978881448784881e-02,-4.08570532886688882e-03
171,2.87500000000000033e-01,1.12500000000000003e-01,-4.30644114825411151e-02,1.24387003862955359e-02,4.48248235204294770e-02,2.08897512297446294e-03
172,3.12500000000000000e-01,1.12500000000000003e-01,-4.82795230422033775e-02,1.20049363033385374e-02,4.97496818163680535e-02,-4.31660299134746604e-03
173,3.37500000000000022e-01,1.12500000000000003e-01,-5.27066059028314313e-02,1.10539215004548559e-02,5.38532773964092507e-02,2.87001799019477328e-03
174,3.62500000000000044e-01,1.12500000000000003e-01,-5.71644267789320412e-02,1.01568993815907057e-02,5.80597476227001849e-02,-4.15115406562171791e-03
175,3.87500000000000011e-01,1.12500000000000003e-01,-6.07772926545995240e-02,8.73242952025067229e-03,6.14014220336058861e-02,3.85918902851325888e-03
176,4.12500000000000033e-01,1.12500000000000003e-01,-6.41211534687078089e-02,7.40610467447362034e-03,6.45474454072881149e-02,-3.56762727303369925e-03
177,4.37500000000000000e-01,1.12500000000000003e-01,-6.65925615008881450e-02,5.55904081888540080e-03,6.68241886002037822e-02,5.04420374319279347e-03
178,4.62500000000000022e-01,1.12500000000000003e-01,-6.85134855723742997e-02,3.85802336921173923e-03,6.86220230654366881e-02,-2.57546448880097882e-03
179,4.87500000000000044e-01,1.12500000000000003e-01,-6.95707174103726567e-02,1.67351001761416318e-03,6.95908424778216433e-02,6.38173279626065831e-03
180,5.12500000000000067e-01,1.12500000000000003e-01,-6.98320723482562800e-02,-3.00223229889118228e-04,6.98327177076752820e-02,-1.23020453668302825e-03
181,5.37499999999999978e-01,1.12500000000000003e-01,-6.92877964470299396e-02,-2.67950240573882085e-03,6.93395880405083959e-02,7.78216781582743815e-03
182,5.62500000000000000e-01,1.12500000000000003e-01,-6.77599342650354181e-02,-4.75598146112372541e-03,6.79266372733147578e-02,3.35215962388203832e-04
183,5.87500000000000022e-01,1.12500000000000003e-01,-6.55527353282653047e-02,-7.11041453544873983e-03,6.59372360952711067e-02,9.07466837500028878e-03
184,6.12500000000000044e-01,1.12500000000000003e-01,-6.22615417110712888e-02,-9.04001529776316502e-03,6.29143978181724434e-02,1.93664166297406889e-03
185,6.37500000000000067e-01,1.12500000000000003e-01,-5.85078186550222132e-02,-1.10751200554081147e-02,5.95468145916359520e-02,1.00826558517771898e-02
186,6.62500000000000089e-01,1.12500000000000003e-01,-5.36830417442408850e-02,-1.25492265056704379e-02,5.51303188527377461e-02,3.37367576762486387e-03
187,6.87500000000000000e-01,1.12500000000000003e-01,-4.87152341817935486e-02,-1.39361033976250475e-02,5.06694091074317080e-02,1.06290021299295951e-02
188,7.12500000000000022e-01,1.12500000000000003e-01,-4.28147715137614585e-02,-1.46459346919840579e-02,4.52505034533038294e-02,4.46134709551894437e-03
189,7.37500000000000044e-01,1.12500000000000003e-01,-3.71851436699956600e-02,-1.50955292388117793e-02,4.01324047716809448e-02,1.05883615778569577e-02
190,7.62500000000000067e-01,1.12500000000000003e-01,-3.08745578102788826e-02,-1.48198611529714308e-02,3.42471400933509265e-02,5.08584852888650449e-03
191,7.87500000000000089e-01,1.12500000000000003e-01,-2.53037631590091253e-02,-1.41804463184648285e-02,2.90063008292696656e-02,9.93970171834248142e-03
192,8.12500000000000000e-01,1.12500000000000003e-01,-1.93708374495551311e-02,-1.28865106541667090e-02,2.32656721445360266e-02,5.24948302072482734e-03
193,8.37500000000000022e-01,1.12500000000000003e-01,-1.46251373578509015e-02,-1.12412154543815486e-02,1.84461260872800237e-02,8.79485831856721169e-03
194,8.62500000000000044e-01,1.12500000000000003e-01,-9.82080828084281807e-03,-9.17048536800524859e-03,1.34367435479683557e-02,5.08038603711633615e-03
195,8.87500000000000067e-01,1.12500000000000003e-01,-6.52227815812373313e-03,-6.90577391755402975e-03,9.49893813919784613e-03,7.38290559534449109e-03
196,9.12500000000000089e-01,1.12500000000000003e-01,-3.34893361395670504e-03,-4.62401804443290758e-03,5.70936942454508285e-03,4.79498202515273725e-03
197,9.37500000000000000e-01,1.12500000000000003e-01,-1.76099299425629000e-03,-2.46549660480390636e-03,3.02981349824033280e-03,5.98963495381178539e-03
198,9.62500000000000022e-01,1.12500000000000003e-01,-2.71763150134835777e-04,-9.00841229199444895e-04,9.40941087420873643e-04,4.62581017999792385e-03
199,9.87500000000000044e-01,1.12500000000000003e-01,-1.45909455162454414e-04,4.56623236509246753e-05,1.52887595661015238e-04,4.87357007928194627e-03
200,1.25000000000000007e-02,1.37500000000000011e-01,-2.44830030077673884e-04,1.05924993729112423e-03,1.08717623837126113e-03,2.84918978775126897e-03
201,3.75000000000000056e-02,1.37500000000000011e-01,-1.06963553042500816e-03,3.97468260851855954e-03,4.11609305123286640e-03,2.34028651555449625e-03
202,6.25000000000000000e-02,1.37500000000000011e-01,-3.93445107037177205e-03,6.90699413992165809e-03,7.94899196590748321e-03,1.22859797186316427e-03
203,8.75000000000000083e-02,1.37500000000000011e-01,-6.86186785887253365e-03,9.87083894187153026e-03,1.20215927367797407e-02,2.34421500120093754e-03
204,1.12500000000000003e-01,1.37500000000000011e-01,-1.15157614341889793e-02,1.24529641192932267e-02,1.69613996110450395e-02,-1.29186768256977315e-04
205,1.37500000000000011e-01,1.37500000000000011e-01,-1.59680246750967710e-02,1.46048661911693956e-02,2.16397765350398695e-02,2.56005433182070240e-03
206,1.62500000000000006e-01,1.37500000000000011e-01,-2.17987207069231040e-02,1.63337649594898215e-02,2.72392382824904952e-02,-1.23618805945607227e-03
207,1.87500000000000000e-01,1.37500000000000011e-01,-2.71897778163643668e-02,1.74792926976116668e-02,3.23235160666663912e-02,2.94183522403112770e-03
208,2.12500000000000022e-01,1.37500000000000011e-01,-3.35988977031581315e-02,1.83051265820070308e-02,3.82617770895522444e-02,-2.09380364896891852e-03
209,2.37500000000000017e-01,1.37500000000000011e-01,-3.93782723858209782e-02,1.85150066426363856e-02,4.35138346628837144e-02,3.45294776016602956e-03
210,2.62500000000000011e-01,1.37500000000000011e-01,-4.58210033667783428e-02,1.85300035080500775e-02,4.94259585597149609e-02,-2.68860710472103390e-03
211,2.87500000000000033e-01,1.37500000000000011e-01,-5.14936867279505647e-02,1.79236636069342280e-02,5.45239166781959148e-02,4.07688010182720960e-03
212,3.12500000000000000e-01,1.37500000000000011e-01,-5.74844717581870432e-02,1.72209379565635735e-02,6.00085427036985766e-02,-2.99061715098055975e-03
213,3.37500000000000022e-01,1.37500000000000011e-01,-6.26053714448389920e-02,1.58900979090267035e-02,6.45904617207890552e-02,4.81688581639630811e-03
214,3.62500000000000044e-01,1.37500000000000011e-01,-6.77077208681936410e-02,1.45323928415008619e-02,6.92497357891344589e-02,-2.96053482410148228e-03
215,3.87500000000000011e-01,1.37500000000000011e-01,-7.18725023517733652e-02,1.25437314005098065e-02,7.29589048146544183e-02,5.68567338839966532e-03
216,4.12500000000000033e-01,1.37500000000000011e-01,-7.56940338777375710e-02,1.05857259397393530e-02,7.64306506472066799e-02,-2.56410540072986868e-03
217,4.37500000000000000e-01,1.37500000000000011e-01,-7.85418803474687288e-02,8.01521838141001051e-03,7.89497985698366794e-02,6.68918575149092011e-03
218,4.62500000000000022e-01,1.37500000000000011e-01,-8.07446795731933675e-02,5.54128369384409084e-03,8.09345976968646741e-02,-1.78999402728047545e-03
219,4.87500000000000044e-01,1.37500000000000011e-01,-8.19772754683903426e-02,2.51179333912258549e-03,8.20157472623325862e-02,7.80876248330931826e-03
220,5.12500000000000067e-01,1.37500000000000011e-01,-8.23036787233846073e-02,-3.31213986925947177e-04,8.23043451714868257e-02,-6.67129940179402568e-04
221,5.37499999999999978e-01,1.37500000000000011e-01,-8.17168340231285567e-02,-3.62294896593000999e-03,8.17971070513699439e-02,8.98373848875880752e-03
222,5.62500000000000000e-01,1.37500000000000011e-01,-8.00248204020034687e-02,-6.60057631066382489e-03,8.02965720812900408e-02,6.98660783436739780e-04
223,5.87500000000000022e-01,1.37500000000000011e-01,-7.75483889899926393e-02,-9.85589345657161657e-03,7.81721898808681315e-02,1.00687897522807393e-02
224,6.12500000000000044e-01,1.37500000000000011e-01,-7.38586022209566234e-02,-1.26271764383342790e-02,7.49302255891327457e-02,2.15131247580821689e-03
225,6.37500000000000067e-01,1.37500000000000011e-01,-6.96091970009779515e-02,-1.54480496960357257e-02,7.13027527275921363e-02,1.09163552330749820e-02
226,6.62500000000000089e-01,1.37500000000000011e-01,-6.41572951770444239e-02,-1.75933709021960372e-02,6.65258237388808710e-02,3.51634632400479180e-03
227,6.87500000000000000e-01,1.37500000000000011e-01,-5.84823725390656787e-02,-1.95339209049615187e-02,6.16584297863589439e-02,1.13702874588820068e-02
228,7.12500000000000022e-01,1.37500000000000011e-01,-5.17508636382821852e-02,-2.06298359493796886e-02,5.57112378125490595e-02,4.62378549955791678e-03
229,7.37500000000000044e-01,1.37500000000000011e-01,-4.52411890850959592e-02,-2.12923321361029178e-02,5.00012859597383438e-02,1.13124456419611032e-02
230,7.62500000000000067e-01,1.37500000000000011e-01,-3.79483388779169456e-02,-2.10267288937510434e-02,4.33843261047642398e-02,5.35827191465028645e-03
231,7.87500000000000089e-01,1.37500000000000011e-01,-3.13948483371307360e-02,-2.01921119478971831e-02,3.73277093729022236e-02,1.07105400511839938e-02
232,8.12500000000000000e-01,1.37500000000000011e-01,-2.44149860171537329e-02,-1.85021532273671047e-02,3.06336614897204755e-02,5.70024274748374103e-03
233,8.37500000000000022e-01,1.37500000000000011e-01,-1.86868642188937548e-02,-1.62664863441999985e-02,2.47749363737107646e-02,9.64410452134435020e-03
234,8.62500000000000044e-01,1.37500000000000011e-01,-1.28859089758112440e-02,-1.34603211724873290e-02,1.86340252280446234e-02,5.73461751310312857e-03
235,8.87500000000000067e-01,1.37500000000000011e-01,-8.72875189239290077e-03,-1.03315739970996651e-02,1.35252552972762244e-02,8.28900677409770761e-03
236,9.12500000000000089e-01,1.37500000000000011e-01,-4.73501989413071915e-03,-7.15129914984928821e-03,8.57679969035355511e-03,5.61630737219239329e-03
237,9.37500000000000000e-01,1.37500000000000011e-01,-2.53877102195340393e-03,-4.07876444033971382e-03,4.80433946153787858e-03,6.86197671323480855e-03
238,9.62500000000000022e-01,1.37500000000000011e-01,-5.29514914904852751e-04,-1.71014689553732903e-03,1.79024815302869619e-03,5.50940050673745432e-03
239,9.87500000000000044e-01,1.37500000000000011e-01,-1.79377732843974592e-04,-1.08298084902166093e-04,2.09534832984210759e-04,5.55143403321579822e-03
240,1.25000000000000007e-02,1.62500000000000006e-01,-2.68617118167627071e-04,1.77510700087702106e-03,1.79531613392608196e-03,2.19605523846806271e-03
241,3.75000000000000056e-02,1.62500000000000006e-01,-1.36448444532764651e-03,5.99109002929881784e-03,6.14450791688844755e-03,1.27537699032547196e-03
242,6.25000000000000000e-02,1.62500000000000006e-01,-4.77700692209601097e-03,1.00790323267158522e-02,1.11537745977196602e-02,3.37258120637370430e-04
243,8.75000000000000083e-02,1.62500000000000006e-01,-8.34544150663933323e-03,1.39880650916179607e-02,1.62884117994382613e-02,1.10976120769116105e-03
244,1.12500000000000003e-01,1.62500000000000006e-01,-1.37761325863795230e-02,1.73920411366667894e-02,2.21870440558677752e-02,-1.20383452567359881e-03
245,1.37500000000000011e-01,1.62500000000000006e-01,-1.90254823713952199e-02,2.01400208464641121e-02,2.77054041508200954e-02,1.17662066169728287e-03
246,1.62500000000000006e-01,1.62500000000000006e-01,-2.57107207478508952e-02,2.23734020920837197e-02,3.40824042952962286e-02,-2.46663034379075068e-03
247,1.87500000000000000e-01,1.62500000000000006e-01,-3.19415231270491068e-02,2.37888075213483728e-02,3.98267279972077809e-02,1.42056109461776402e-03
248,2.12500000000000022e-01,1.62500000000000006e-01,-3.92046164593282051e-02,2.48292100799074288e-02,4.64057283631579762e-02,-3.46365857259768985e-03
249,2.37500000000000017e-01,1.62500000000000006e-01,-4.58043718634997959e-02,2.50167454395475615e-02,5.21907849547877112e-02,1.80565541979508951e-03
250,2.62500000000000011e-01,1.62500000000000006e-01,-5.30540422529403102e-02,2.49873317855521943e-02,5.86438244757113564e-02,-4.18193256105507498e-03
251,2.87500000000000033e-01,1.62500000000000006e-01,-5.94862810275346848e-02,2.40993747070067758e-02,6.41825326062749751e-02,2.32139431272480358e-03
252,3.12500000000000000e-01,1.62500000000000006e-01,-6.62017952092501805e-02,2.31191404016278246e-02,7.01225523055006850e-02,-4.58562810965786223e-03
253,3.37500000000000022e-01,1.62500000000000006e-01,-7.19874046299858877e-02,2.12741205273585983e-02,7.50651359125785733e-02,2.97962240793104780e-03
254,3.62500000000000044e-01,1.62500000000000006e-01,-7.77012741244580557e-02,1.94267747291762133e-02,8.00929933074194383e-02,-4.62644998978776339e-03
255,3.87500000000000011e-01,1.62500000000000006e-01,-8.24056323312544747e-02,1.67154986271341732e-02,8.40838636973088721e-02,3.80211577877795489e-03
256,4.12500000000000033e-01,1.62500000000000006e-01,-8.66973927430543384e-02,1.40783871447518246e-02,8.78330171008654542e-02,-4.26090790479758969e-03
257,4.37500000000000000e-01,1.62500000000000006e-01,-8.99327861531258321e-02,1.06063146650523469e-02,9.05560596317991628e-02,4.80204947710849948e-03
258,4.62500000000000022e-01,1.62500000000000006e-01,-9.24395818967856248e-02,7.29641491574818234e-03,9.27270940549486389e-02,-3.47123945115760399e-03
259,4.87500000000000044e-01,1.62500000000000006e-01,-9.38843241060199896e-02,3.22907789536626627e-03,9.39398384972986306e-02,5.96361838068268282e-03
260,5.12500000000000067e-01,1.62500000000000006e-01,-9.43267747936034351e-02,-5.57649898666087414e-04,9.43284231627597169e-02,-2.28569772830942552e-03
261,5.37499999999999978e-01,1.62500000000000006e-01,-9.37566755028951815e-02,-4.96176807390409907e-03,9.38878764472516891e-02,7.22411475289265730e-03
262,5.62500000000000000e-01,1.62500000000000006e-01,-9.19737677760692207e-02,-8.92147964644695451e-03,9.24054476641300443e-02,-8.16999484184435928e-04
263,5.87500000000000022e-01,1.62500000000000006e-01,-8.93000175954091618e-02,-1.32799362204359880e-02,9.02820571794818727e-02,8.42029249030938967e-03
264,6.12500000000000044e-01,1.62500000000000006e-01,-8.52947456493621803e-02,-1.69763987937490562e-02,8.69677627135123782e-02,7.53825090161318692e-04
265,6.37500000000000067e-01,1.62500000000000006e-01,-8.06197213929775586e-02,-2.07795615271834481e-02,8.32546074084991733e-02,9.37616654402519990e-03
266,6.62500000000000089e-01,1.62500000000000006e-01,-7.46175990275087103e-02,-2.36734448160732767e-02,7.82829360339131336e-02,2.21982118243944145e-03
267,6.87500000000000000e-01,1.62500000000000006e-01,-6.82869867727732283e-02,-2.63454401694204407e-02,7.31928601724609329e-02,9.90048488111392073e-03
268,7.12500000000000022e-01,1.62500000000000006e-01,-6.07792225129445210e-02,-2.78847731710961493e-02,6.68705799592130556e-02,3.37499737473409295e-03
269,7.37500000000000044e-01,1.62500000000000006e-01,-5.34081747490346773e-02,-2.89006753598465248e-02,6.07262889223330188e-02,9.84186382121066822e-03
270,7.62500000000000067e-01,1.62500000000000006e-01,-4.51556072470442882e-02,-2.86641716220227168e-02,5.34851717827108664e-02,4.07494077322890884e-03
271,7.87500000000000089e-01,1.62500000000000006e-01,-3.76000813990088889e-02,-2.77160871024632154e-02,4.67113220267144913e-02,9.14802277530854351e-03
272,8.12500000000000000e-01,1.62500000000000006e-01,-2.95652687984149752e-02,-2.55928273772856006e-02,3.91036818251947957e-02,4.28970693183832255e-03
273,8.37500000000000022e-01,1.62500000000000006e-01,-2.28062805251695762e-02,-2.27722023805303590e-02,3.22288633472010838e-02,7.90155730100092213e-03
274,8.62500000000000044e-01,1.62500000000000006e-01,-1.59871706970766449e-02,-1.91273354683225635e-02,2.49287903640593132e-02,4.11965188337949130e-03
275,8.87500000000000067e-01,1.62500000000000006e-01,-1.09173431853836142e-02,-1.50581564025859434e-02,1.85993670986994084e-02,6.30634014448840183e-03
276,9.12500000000000089e-01,1.62500000000000006e-01,-6.09689713201105356e-03,-1.08131745600402382e-02,1.24135771921000271e-02,3.75767686720669637e-03
277,9.37500000000000000e-01,1.62500000000000006e-01,-3.26108817432430855e-03,-6.67204736462924039e-03,7.42636601014075044e-03,4.62189723160588879e-03
278,9.62500000000000022e-01,1.62500000000000006e-01,-7.65270921153512920e-04,-3.25991210975980130e-03,3.34853199867072302e-03,3.41346485744015767e-03
279,9.87500000000000044e-01,1.62500000000000006e-01,-1.89186957412582280e-04,-6.63604720286649482e-04,6.90045599682914137e-04,3.07447568949277203e-03
280,1.25000000000000007e-02,1.87500000000000000e-01,-3.12578737959521278e-04,2.69259986500369058e-03,2.71068247872049018e-03,3.72550184292822113e-03
281,3.75000000000000056e-02,1.87500000000000000e-01,-1.64369561054969883e-03,8.48297365558222868e-03,8.64075096860466609e-03,2.62322639842416366e-03
282,6.25000000000000000e-02,1.87500000000000000e-01,-5.62998010961372058e-03,1.38885975116725610e-02,1.49863209920208032e-02,1.59290800740492897e-03
283,8.75000000000000083e-02,1.87500000000000000e-01,-9.78724804243599582e-03,1.88695888889252733e-02,2.12568014781438670e-02,2.52865080649429096e-03
284,1.12500000000000003e-01,1.87500000000000000e-01,-1.60033145478509636e-02,2.31338906773329613e-02,2.81297524764838845e-02,-6.90272443796193663e-05
285,1.37500000000000011e-01,1.87500000000000000e-01,-2.19845421421632874e-02,2.65388492572885930e-02,3.44620169621808539e-02,2.74687748205808746e-03
286,1.62500000000000006e-01,1.87500000000000000e-01,-2.95124364231067367e-02,2.92509115691863587e-02,4.15523733528697162e-02,-1.37243302494032882e-03
287,1.87500000000000000e-01,1.87500000000000000e-01,-3.65065021936408565e-02,3.09723721030216968e-02,4.78749677399613605e-02,3.15467467901002540e-03
288,2.12500000000000022e-01,1.87500000000000000e-01,-4.45932091597324096e-02,3.21692803733803490e-02,5.49856063247900970e-02,-2.38875817166083002e-03
289,2.37500000000000017e-01,1.87500000000000000e-01,-5.19322533371407088e-02,3.23634272921354271e-02,6.11910970874546267e-02,3.66936153202547174e-03
290,2.62500000000000011e-01,1.87500000000000000e-01,-5.99483913062840781e-02,3.22133928859336671e-02,6.80552150935905681e-02,-3.14136766595498771e-03
291,2.87500000000000033e-01,1.87500000000000000e-01,-6.70650253165698124e-02,3.10702483388604588e-02,7.39126372993861719e-02,4.25641696965530988e-03
292,3.12500000000000000e-01,1.87500000000000000e-01,-7.44663863210578980e-02,2.97236901172591647e-02,8.01794265750503388e-02,-3.61023494353023694e-03
293,3.37500000000000022e-01,1.87500000000000000e-01,-8.08589563601769257e-02,2.73882743681701929e-02,8.53714729668123007e-02,4.92246186315353947e-03
294,3.62500000000000044e-01,1.87500000000000000e-01,-8.71589070343946476e-02,2.49523681231557035e-02,9.06603317354603838e-02,-3.74698150575226204e-03
295,3.87500000000000011e-01,1.87500000000000000e-01,-9.23725093902457856e-02,2.15384448408538556e-02,9.48503299794658111e-02,5.69789164120077223e-03
296,4.12500000000000033e-01,1.87500000000000000e-01,-9.71320802764983615e-02,1.81147148582080503e-02,9.88068009462623326e-02,-3.49652387295045245e-03
297,4.37500000000000000e-01,1.87500000000000000e-01,-1.00758900940466176e-01,1.37559333268891613e-02,1.01693568235284651e-01,6.61380608801317212e-03
298,4.62500000000000022e-01,1.87500000000000000e-01,-1.03595748505811699e-01,9.49471086943538302e-03,1.04029941088965155e-01,-2.82175205173390824e-03
299,4.87500000000000044e-01,1.87500000000000000e-01,-1.05293093400003354e-01,4.39747896083234231e-03,1.05384881927878024e-01,7.67726981507775227e-03
300,5.12500000000000067e-01,1.87500000000000000e-01,-1.05906152107205193e-01,-4.56958601534899133e-04,1.05907137933748355e-01,-1.72754642890771419e-03
301,5.37499999999999978e-01,1.87500000000000000e-01,-1.05427768839869138e-01,-5.97745099367863290e-03,1.05597085011541456e-01,8.85117187025385478e-03
302,5.62500000000000000e-01,1.87500000000000000e-01,-1.03633057740061360e-01,-1.10553655798034077e-02,1.04221071596189194e-01,-3.03390717048787487e-04
303,5.87500000000000022e-01,1.87500000000000000e-01,-1.00862784125583138e-01,-1.65363544786393986e-02,1.02209354958375520e-01,9.98995637279640435e-03
304,6.12500000000000044e-01,1.87500000000000000e-01,-9.66328357080686873e-02,-2.13056763512430025e-02,9.89537102981313671e-02,1.28520591141449182e-03
305,6.37500000000000067e-01,1.87500000000000000e-01,-9.16431690760155793e-02,-2.61265451018080873e-02,9.52946315237746810e-02,1.09313066392870296e-02
306,6.62500000000000089e-01,1.87500000000000000e-01,-8.51745815546742641e-02,-2.99244123179821381e-02,9.02783462165233641e-02,2.84029176249015651e-03
307,6.87500000000000000e-01,1.87500000000000000e-01,-7.82893256848005564e-02,-3.33735253391144390e-02,8.51058794076019476e-02,1.14847307134284746e-02
308,7.12500000000000022e-01,1.87500000000000000e-01,-7.00608108512648514e-02,-3.55070852368221807e-02,7.85447026803951093e-02,4.14946021356325800e-03
309,7.37500000000000044e-01,1.87500000000000000e-01,-6.18998323993516023e-02,-3.69170266215758311e-02,7.20725752671982495e-02,1.14836116916486111e-02
310,7.62500000000000067e-01,1.87500000000000000e-01,-5.26973035400674153e-02,-3.68334146561576092e-02,6.42939051203646195e-02,5.04551167227905006e-03
311,7.87500000000000089e-01,1.87500000000000000e-01,-4.41692486394759248e-02,-3.57833554368144208e-02,5.68451497640145367e-02,1.08463472011993255e-02
312,8.12500000000000000e-01,1.87500000000000000e-01,-3.50375182192721665e-02,-3.32947247401585225e-02,4.83339050614447346e-02,5.46334769420370962e-03
313,8.37500000000000022e-01,1.87500000000000000e-01,-2.72375572949407098e-02,-2.98452914003883470e-02,4.04057662490055064e-02,9.61879320744397567e-03
314,8.62500000000000044e-01,1.87500000000000000e-01,-1.93185143938747229e-02,-2.53482301712128176e-02,3.18706412109817580e-02,5.46377506934860990e-03
315,8.87500000000000067e-01,1.87500000000000000e-01,-1.33061475562158762e-02,-2.02223331816097605e-02,2.42073609072906773e-02,7.96957573834149342e-03
316,9.12500000000000089e-01,1.87500000000000000e-01,-7.56586523637347956e-03,-1.48067494106705177e-02,1.66277522499391484e-02,5.20430564543748492e-03
317,9.37500000000000000e-01,1.87500000000000000e-01,-4.06993310003706497e-03,-9.41063379297436657e-03,1.02530182787435049e-02,6.13221445410686364e-03
318,9.62500000000000022e-01,1.87500000000000000e-01,-1.01380556671006603e-03,-4.78152195401891807e-03,4.88781688730840352e-03,4.86950060739904048e-03
319,9.87500000000000044e-01,1.87500000000000000e-01,-2.17750073629592773e-04,-1.06273983209637232e-03,1.08481843885966408e-03,4.32196473955348114e-03
320,1.25000000000000007e-02,2.12500000000000022e-01,-3.30692506352675065e-04,3.73143380870087030e-03,3.74605870248634733e-03,2.73254863207367596e-03
321,3.75000000000000056e-02,2.12500000000000022e-01,-1.90239928296070883e-03,1.13076413393020433e-02,1.14665546564825614e-02,1.23707036616037941e-03
322,6.25000000000000000e-02,2.12500000000000022e-01,-6.37551419493050803e-03,1.82232048635864938e-02,1.93062781692899810e-02,4.03073164726500393e-04
323,8.75000000000000083e-02,2.12500000000000022e-01,-1.11066092527772609e-02,2.43600181508813740e-02,2.67725092848083157e-02,9.73137349954382100e-04
324,1.12500000000000003e-01,2.12500000000000022e-01,-1.80212454014930766e-02,2.95904358671865743e-02,3.46462000893448183e-02,-1.42290567017047068e-03
325,1.37500000000000011e-01,2.12500000000000022e-01,-2.47143774880571460e-02,3.36472986690454015e-02,4.17485468291547840e-02,1.03100070411114809e-03
326,1.62500000000000006e-01,2.12500000000000022e-01,-3.30062749903168029e-02,3.68969125913903989e-02,4.95055183541503394e-02,-2.88572979626998578e-03
327,1.87500000000000000e-01,2.12500000000000022e-01,-4.07420411990725220e-02,3.88673091250356928e-02,5.63079180905137477e-02,1.27374056791080539e-03
328,2.12500000000000022e-01,2.12500000000000022e-01,-4.95844243300944745e-02,4.02569195861770673e-02,6.38688868754951067e-02,-4.06746598996968016e-03
329,2.37500000000000017e-01,2.12500000000000022e-01,-5.76423563227548563e-02,4.03692752035030508e-02,7.03727193086610969e-02,1.61934537999155353e-03
330,2.62500000000000011e-01,2.12500000000000022e-01,-6.63713991181566765e-02,4.01224200199866293e-02,7.75562454555522723e-02,-4.98860581858491265e-03
331,2.87500000000000033e-01,2.12500000000000022e-01,-7.41584464533944360e-02,3.86143889641777649e-02,8.36094863963281615e-02,2.04216442622398532e-03
332,3.12500000000000000e-01,2.12500000000000022e-01,-8.22118781337733001e-02,3.69156886597406739e-02,9.01197035919742567e-02,-5.61854073851586130e-03
333,3.37500000000000022e-01,2.12500000000000022e-01,-8.92106332027877147e-02,3.39633909172406476e-02,9.54570531654923560e-02,2.56124837478670809e-03
334,3.62500000000000044e-01,2.12500000000000022e-01,-9.60881840480329041e-02,3.09431833499502623e-02,1.00947608735805550e-01,-5.89485207713614200e-03
335,3.87500000000000011e-01,2.12500000000000022e-01,-1.01829530176318794e-01,2.66852155236358100e-02,1.05268010067031820e-01,3.22007790971952845e-03
336,4.12500000000000033e-01,2.12500000000000022e-01,-1.07077345326411597e-01,2.24678056428938948e-02,1.09409141174576702e-01,-5.74808635410900375e-03
337,4.37500000000000000e-01,2.12500000000000022e-01,-1.11136578141340356e-01,1.70663877671999066e-02,1.12439319601226162e-01,4.06129254101591369e-03
338,4.62500000000000022e-01,2.12500000000000022e-01,-1.14353029120316349e-01,1.18337355209329354e-02,1.14963701077215277e-01,-5.12917546563980160e-03
339,4.87500000000000044e-01,2.12500000000000022e-01,-1.16365305084240450e-01,5.53581769085296528e-03,1.16496907705117725e-01,5.09970000711764196e-03
340,5.12500000000000067e-01,2.12500000000000022e-01,-1.17223565245349784e-01,-4.19823339944036512e-04,1.17224317018558649e-01,-4.03606660237485447e-03
341,5.37499999999999978e-01,2.12500000000000022e-01,-1.16914228153482333e-01,-7.23849935961530869e-03,1.17138092086663564e-01,6.30368608481397374e-03
342,5.62500000000000000e-01,2.12500000000000022e-01,-1.15197860047363751e-01,-1.34833918365919632e-02,1.15984261065504399e-01,-2.55523615723908699e-03
343,5.87500000000000022e-01,2.12500000000000022e-01,-1.12412126360452780e-01,-2.02836768680450079e-02,1.14227464736663342e-01,7.51706546490561386e-03
344,6.12500000000000044e-01,2.12500000000000022e-01,-1.08050397467424786e-01,-2.61930945767462273e-02,1.11179883955573766e-01,-8.73767189676651892e-04
345,6.37500000000000067e-01,2.12500000000000022e-01,-1.02816145136016363e-01,-3.22411494179624322e-02,1.07752732756166147e-01,8.55210178602457474e-03
346,6.62500000000000089e-01,2.12500000000000022e-01,-9.59607310163325539e-02,-3.70245876180776770e-02,1.02855636624725827e-01,7.80266044246606975e-04
347,6.87500000000000000e-01,2.12500000000000022e-01,-8.85631952399250078e-02,-4.14622994610368001e-02,9.77883522087460572e-02,9.18258362903465360e-03
348,7.12500000000000022e-01,2.12500000000000022e-01,-7.96647629067818164e-02,-4.42718438839901363e-02,9.11398409581789526e-02,2.15460447242139114e-03
349,7.37500000000000044e-01,2.12500000000000022e-01,-7.07145598907325812e-02,-4.62669721259799382e-02,8.45055127802098460e-02,9.20169205621043824e-03
350,7.62500000000000067e-01,2.12500000000000022e-01,-6.05743358294356521e-02,-4.63926645339758775e-02,7.62989481168598743e-02,3.04220670013474271e-03
351,7.87500000000000089e-01,2.12500000000000022e-01,-5.10279832550735446e-02,-4.53783137926946772e-02,6.82865026029912531e-02,8.49513964558314821e-03
352,8.12500000000000000e-01,2.12500000000000022e-01,-4.07758839532132572e-02,-4.25228085735814415e-02,5.89140217702998556e-02,3.35254750502842836e-03
353,8.37500000000000022e-01,2.12500000000000022e-01,-3.18537937479675959e-02,-3.84932544028444429e-02,4.99639350998313872e-02,7.09816796142080392e-03
354,8.62500000000000044e-01,2.12500000000000022e-01,-2.27961084611006462e-02,-3.30574600608907060e-02,4.01554258680897197e-02,3.14901152606305614e-03
355,8.87500000000000067e-01,2.12500000000000022e-01,-1.57530023474022098e-02,-2.68124201011302431e-02,3.10976358367762822e-02,5.20045735344745307e-03
356,9.12500000000000089e-01,2.12500000000000022e-01,-9.07249665904639492e-03,-2.00485645153866895e-02,2.20057977532292677e-02,2.62359058149335854e-03
357,9.37500000000000000e-01,2.12500000000000022e-01,-4.85459005521282540e-03,-1.32252533151680906e-02,1.40880931944154832e-02,3.08467270135530120e-03
358,9.62500000000000022e-01,2.12500000000000022e-01,-1.26271162121537809e-03,-7.11179908555941310e-03,7.22302754194638786e-03,2.01513621274189035e-03
359,9.87500000000000044e-01,2.12500000000000022e-01,-2.21718771027142503e-04,-1.89558491240634044e-03,1.90850762994763533e-03,1.02553455102556246e-03
360,1.25000000000000007e-02,2.37500000000000017e-01,-3.76980965584719182e-04,4.92596457932967680e-03,4.94036857787187676e-03,3.98119547615626533e-03
361,3.75000000000000056e-02,2.37500000000000017e-01,-2.13169151093632820e-03,1.45277874872084111e-02,1.46833483228890026e-02,2.41241979967506430e-03
362,6.25000000000000000e-02,2.37500000000000017e-01,-7.11948462793431883e-03,2.30934515561069670e-02,2.41659795195984621e-02,1.36651378244854430e-03
363,8.75000000000000083e-02,2.37500000000000017e-01,-1.23444757309020998e-02,3.05150702373345427e-02,3.29174056186129493e-02,2.25020938285602941e-03
364,1.12500000000000003e-01,2.37500000000000017e-01,-1.99637597634202725e-02,3.67425017491479627e-02,4.18158240224642611e-02,-6.18490752332613494e-04
365,1.37500000000000011e-01,2.37500000000000017e-01,-2.72811229572792191e-02,4.15234350253171000e-02,4.96835518669098211e-02,2.47493648348931852e-03
366,1.62500000000000006e-01,2.37500000000000017e-01,-3.63285418387731748e-02,4.52795988386308704e-02,5.80517443589668170e-02,-2.16689721301635075e-03
367,1.87500000000000000e-01,2.37500000000000017e-01,-4.47195574927565509e-02,4.75499001475515951e-02,6.52750475020132531e-02,2.89427138891160856e-03
368,2.12500000000000022e-01,2.37500000000000017e-01,-5.42998799232196280e-02,4.90707831749249493e-02,7.31875585128822781e-02,-3.40327196355301323e-03
369,2.37500000000000017e-01,2.37500000000000017e-01,-6.29987989265062276e-02,4.91496217444055555e-02,7.99032789302197843e-02,3.38865060261842781e-03
370,2.62500000000000011e-01,2.37500000000000017e-01,-7.24207161200176724e-02,4.87308163957523646e-02,8.72894758257415360e-02,-4.37481748019257540e-03
371,2.87500000000000033e-01,2.37500000000000017e-01,-8.08166681990411390e-02,4.69098086844421738e-02,9.34444434388951445e-02,3.91352345591362838e-03
372,3.12500000000000000e-01,2.37500000000000017e-01,-8.95086700433001398e-02,4.47773353406709859e-02,1.00084023565858299e-01,-5.06272651387178196e-03
373,3.37500000000000022e-01,2.37500000000000017e-01,-9.70764178823158991e-02,4.12635465268307369e-02,1.05482278989572215e-01,4.48508307927346101e-03
374,3.62500000000000044e-01,2.37500000000000017e-01,-1.04533590939733051e-01,3.75728258163416165e-02,1.11081001411495142e-01,-5.40368405990102746e-03
375,3.87500000000000011e-01,2.37500000000000017e-01,-1.10796332417963064e-01,3.25264829708605957e-02,1.15472071825725275e-01,5.15664495340935856e-03
376,4.12500000000000033e-01,2.37500000000000017e-01,-1.16556932156814785e-01,2.74234008247100022e-02,1.19739556315367354e-01,-5.31701827972044880e-03
377,4.37500000000000000e-01,2.37500000000000017e-01,-1.21076647486513866e-01,2.10304324891003348e-02,1.22889518093497921e-01,5.98969738521648587e-03
378,4.62500000000000022e-01,2.37500000000000017e-01,-1.24722923545791328e-01,1.47251261138543772e-02,1.25589159551603907e-01,-4.73497181857625640e-03
379,4.87500000000000044e-01,2.37500000000000017e-01,-1.27112029373085272e-01,7.26679938349225271e-03,1.27319575810729196e-01,7.02267834900948372e-03
380,5.12500000000000067e-01,2.37500000000000017e-01,-1.28289619704814783e-01,9.36686117835636807e-05,1.28289653900128808e-01,-3.63319916993928241e-03
381,5.37499999999999978e-01,2.37500000000000017e-01,-1.28238874040964540e-01,-8.00436076176116659e-03,1.28488437637395175e-01,8.24511124979158440e-03
382,5.62500000000000000e-01,2.37500000000000017e-01,-1.26690715281666394e-01,-1.55557971759246703e-02,1.27642156689546593e-01,-2.07117025085380713e-03
383,5.87500000000000022e-01,2.37500000000000017e-01,-1.24000679932818950e-01,-2.36849694272228926e-02,1.26242411259330334e-01,9.52707027639891103e-03
384,6.12500000000000044e-01,2.37500000000000017e-01,-1.19601976888740483e-01,-3.09000539889290882e-02,1.23529131026707803e-01,-2.25374117802607107e-04
385,6.37500000000000067e-01,2.37500000000000017e-01,-1.14239948213633508e-01,-3.82172831090724710e-02,1.20462967322296444e-01,1.06818223260632776e-02
386,6.62500000000000089e-01,2.37500000000000017e-01,-1.07078726223204870e-01,-4.41758495379998076e-02,1.15833325481003349e-01,1.67648216517907807e-03
387,6.87500000000000000e-01,2.37500000000000017e-01,-9.92713711591005910e-02,-4.96704592721664007e-02,1.11004322691126991e-01,1.14710327182157013e-02
388,7.12500000000000022e-01,2.37500000000000017e-01,-8.97484974021564991e-02,-5.33543193334770141e-02,1.04410134457740889e-01,3.36013204757322362e-03
389,7.37500000000000044e-01,2.37500000000000017e-01,-8.00769582428465937e-02,-5.60082919027245427e-02,9.77202538028191792e-02,1.16532177526909152e-02
390,7.62500000000000067e-01,2.37500000000000017e-01,-6.89898977891714726e-02,-5.65187191197500105e-02,8.91850413909054812e-02,4.57524212834414801e-03
391,7.87500000000000089e-01,2.37500000000000017e-01,-5.84449450630791789e-02,-5.55824981987924904e-02,8.06549794460646591e-02,1.10637721166500849e-02
392,8.12500000000000000e-01,2.37500000000000017e-01,-4.70013085119013740e-02,-5.24677875544517711e-02,7.04414063792739575e-02,5.17707395219942947e-03
393,8.37500000000000022e-01,2.37500000000000017e-01,-3.69309391549480018e-02,-4.78255916184854371e-02,6.04250070792268570e-02,9.68775899723556960e-03
394,8.62500000000000044e-01,2.37500000000000017e-01,-2.66150192103846092e-02,-4.14480578204983602e-02,4.92574942994517054e-02,5.18168380632405556e-03
395,8.87500000000000067e-01,2.37500000000000017e-01,-1.84931893862656516e-02,-3.39462836013225550e-02,3.86568004886295377e-02,7.68405003897781099e-03
396,9.12500000000000089e-01,2.37500000000000017e-01,-1.07393947754710391e-02,-2.57043810965200611e-02,2.78576705361118192e-02,4.75693241896840008e-03
397,9.37500000000000000e-01,2.37500000000000017e-01,-5.76650933000334969e-03,-1.72205508470601558e-02,1.81603965080391339e-02,5.33552387769136750e-03
398,9.62500000000000022e-01,2.37500000000000017e-01,-1.53108040692326807e-03,-9.41385100897456327e-03,9.53754675121625504e-03,4.14398568701932618e-03
399,9.87500000000000044e-01,2.37500000000000017e-01,-2.53384955848232974e-04,-2.54710321666207391e-03,2.55967551306420351e-03,2.94407240709429127e-03
400,1.25000000000000007e-02,2.62500000000000011e-01,-3.91120704022289206e-04,6.24013525466059031e-03,6.25238061873818404e-03,2.57523297202314101e-03
401,3.75000000000000056e-02,2.62500000000000011e-01,-2.34609721318646035e-03,1.80492130314431343e-02,1.82010511561321066e-02,6.45228641022253259e-04
402,6.25000000000000000e-02,2.62500000000000011e-01,-7.74019863569924173e-03,2.84366042374525063e-02,2.94711916195728729e-02,-1.90605179454525372e-04
403,8.75000000000000083e-02,2.62500000000000011e-01,-1.34466278969086177e-02,3.72028070611064160e-02,3.95583196688614469e-02,3.07392496495795459e-04
404,1.12500000000000003e-01,2.62500000000000011e-01,-2.16560963623207425e-02,4.45282048561506730e-02,4.95151243294959520e-02,-2.32174259581433180e-03
405,1.37500000000000011e-01,2.62500000000000011e-01,-2.95752388957515634e-02,5.00101120497705720e-02,5.81008266978309332e-02,3.46517248712266889e-04
406,1.62500000000000006e-01,2.62500000000000011e-01,-3.92740960219143398e-02,5.43369417479335065e-02,6.70444468756127981e-02,-4.03956358688595512e-03
407,1.87500000000000000e-01,2.62500000000000011e-01,-4.82972061355923590e-02,5.68362336025535833e-02,7.45853710229287536e-02,5.57505739335413118e-04
408,2.12500000000000022e-01,2.62500000000000011e-01,-5.85297148781816212e-02,5.85381835096948633e-02,8.27795050259177712e-02,-5.47636730862829588e-03
409,2.37500000000000017e-01,2.62500000000000011e-01,-6.78512658308360050e-02,5.84873004533449439e-02,8.95799005869431508e-02,8.24416406415932499e-04
410,2.62500000000000011e-01,2.62500000000000011e-01,-7.79034656715725249e-02,5.79426870929991844e-02,9.70891598027251168e-02,-6.67154669781009485e-03
411,2.87500000000000033e-01,2.62500000000000011e-01,-8.69000278312769409e-02,5.56991888609921562e-02,1.03218285574064733e-01,1.11553551367367626e-03
412,3.12500000000000000e-01,2.62500000000000011e-01,-9.61952649496386897e-02,5.31781524864340452e-02,1.09915626280350218e-01,-7.59015394374177622e-03
413,3.37500000000000022e-01,2.62500000000000011e-01,-1.04339392051838828e-01,4.89848746171669194e-02,1.15265895541599342e-01,1.46344053085280474e-03
414,3.62500000000000044e-01,2.62500000000000011e-01,-1.12371521273159330e-01,4.46660640594267744e-02,1.20923182524298942e-01,-8.14937918362784730e-03
415,3.87500000000000011e-01,2.62500000000000011e-01,-1.19183553488597993e-01,3.87049008803227040e-02,1.25310768788341187e-01,1.93839169218646703e-03
416,4.12500000000000033e-01,2.62500000000000011e-01,-1.25484681386063557e-01,3.27512702172865766e-02,1.29688283832455759e-01,-8.24864586631801448e-03
417,4.37500000000000000e-01,2.62500000000000011e-01,-1.30515662407237332e-01,2.52285729074211221e-02,1.32931632896557045e-01,2.61790092372827252e-03
418,4.62500000000000022e-01,2.62500000000000011e-01,-1.34650930657895823e-01,1.78723782518671812e-02,1.35831863093367339e-01,-7.80201034694359610e-03
419,4.87500000000000044e-01,2.62500000000000011e-01,-1.37489085875302175e-01,9.09862816225287009e-03,1.37789817364205674e-01,3.55440624667927594e-03
420,5.12500000000000067e-01,2.62500000000000011e-01,-1.39072244271120055e-01,7.10311978034258110e-04,1.39074058219756519e-01,-6.77088909822654537e-03
421,5.37499999999999978e-01,2.62500000000000011e-01,-1.39367385260919990e-01,-8.84126084990935479e-03,1.39647541932831160e-01,4.74500877740481001e-03
422,5.62500000000000000e-01,2.62500000000000011e-01,-1.38091785412652851e-01,-1.77183859162029465e-02,1.39223857143557339e-01,-5.19949236516084341e-03
423,5.87500000000000022e-01,2.62500000000000011e-01,-1.35590308227098000e-01,-2.73761361265484615e-02,1.38326369555261397e-01,6.07040845511032118e-03
424,6.12500000000000044e-01,2.62500000000000011e-01,-1.31266130201427883e-01,-3.59507971635805584e-02,1.36100171766075029e-01,-3.27927713970331850e-03
425,6.37500000000000067e-01,2.62500000000000011e-01,-1.25861207337268438e-01,-4.47679169774851324e-02,1.33585964468195068e-01,7.31714169688503849e-03
426,6.62500000000000089e-01,2.62500000000000011e-01,-1.18497589883848717e-01,-5.19903727725802775e-02,1.29401227464474466e-01,-1.26452441881407711e-03
427,6.87500000000000000e-01,2.62500000000000011e-01,-1.10339751532017707e-01,-5.87957816373339340e-02,1.25027215863156987e-01,8.21139315006596572e-03
428,7.12500000000000022e-01,2.62500000000000011e-01,-1.00269975134903336e-01,-6.34637609996434870e-02,1.18666410048395760e-01,5.25231071757821175e-04
429,7.37500000000000044e-01,2.62500000000000011e-01,-8.98922326792837151e-02,-6.70285096688263693e-02,1.12131327489200947e-01,8.46147456711939146e-03
430,7.62500000000000067e-01,2.62500000000000011e-01,-7.78938653988278662e-02,-6.80225305369161481e-02,1.03414307169832187e-01,1.78390385591458236e-03
431,7.87500000000000089e-01,2.62500000000000011e-01,-6.63080700933024181e-02,-6.73694790272121591e-02,9.45272810562976240e-02,7.85093306377901597e-03
432,8.12500000000000000e-01,2.62500000000000011e-01,-5.36603769640574407e-02,-6.40350642789632440e-02,8.35459485141900882e-02,2.31869145905778604e-03
433,8.37500000000000022e-01,2.62500000000000011e-01,-4.23450255420280697e-02,-5.88817138012650010e-02,7.25269426374026277e-02,6.33293697285503693e-03
434,8.62500000000000044e-01,2.62500000000000011e-01,-3.07250476904907255e-02,-5.14939020462246155e-02,5.99637432414713845e-02,2.12891008922571788e-03
435,8.87500000000000067e-01,2.62500000000000011e-01,-2.14009460600187891e-02,-4.26897671648585122e-02,4.77537088910763574e-02,4.07575261494713161e-03
436,9.12500000000000089e-01,2.62500000000000011e-01,-1.25326725269108100e-02,-3.27744178941922343e-02,3.50888921023439146e-02,1.41234082417577515e-03
437,9.37500000000000000e-01,2.62500000000000011e-01,-6.69943101909978647e-03,-2.24348046921870603e-02,2.34137318161000314e-02,1.41801742917948312e-03
438,9.62500000000000022e-01,2.62500000000000011e-01,-1.82587197011409449e-03,-1.26246499245753555e-02,1.27560022800769692e-02,4.77672849490478723e-04
439,9.87500000000000044e-01,2.62500000000000011e-01,-2.56925344360057963e-04,-3.68052041962863008e-03,3.68947708921980476e-03,-1.25774164273328038e-03
440,1.25000000000000007e-02,2.87500000000000033e-01,-4.43413229950955607e-04,7.66347478750233069e-03,7.67629214602853945e-03,3.37023847212531997e-03
441,3.75000000000000056e-02,2.87500000000000033e-01,-2.51942804531486405e-03,2.18769416860539329e-02,2.20215370764740986e-02,1.51014805767076075e-03
442,6.25000000000000000e-02,2.87500000000000033e-01,-8.35970528354921388e-03,3.41946166300104298e-02,3.52016544909637200e-02,3.11849511673093329e-04
443,8.75000000000000083e-02,2.87500000000000033e-01,-1.44427693408245225e-02,4.44308365570858024e-02,4.67192981903060342e-02,1.33403761142543128e-03
444,1.12500000000000003e-01,2.87500000000000033e-01,-2.32546076410941639e-02,5.28719074093037880e-02,5.77599806928571283e-02,-1.99877836656367448e-03
445,1.37500000000000011e-01,2.87500000000000033e-01,-3.16647342070980747e-02,5.91411426378947724e-02,6.70845000348216230e-02,1.58741103535868641e-03
446,1.62500000000000006e-01,2.87500000000000033e-01,-4.20107038585074422e-02,6.40025048216020381e-02,7.65586041025200781e-02,-3.82573106126288167e-03
447,1.87500000000000000e-01,2.87500000000000033e-01,-5.15619302622847900e-02,6.68050806157797772e-02,8.43892851519288251e-02,2.01482314642537899e-03
448,2.12500000000000022e-01,2.87500000000000033e-01,-6.24332119273102448e-02,6.86259133827066131e-02,9.27761927391460989e-02,-5.33446208595697059e-03
449,2.37500000000000017e-01,2.87500000000000033e-01,-7.22885266307553287e-02,6.85228023718276597e-02,9.96042445246886621e-02,2.46742655284324470e-03
450,2.62500000000000011e-01,2.87500000000000033e-01,-8.29556693602715167e-02,6.77807675156237299e-02,1.07125512946345897e-01,-6.58533165135582587e-03
451,2.87500000000000033e-01,2.87500000000000033e-01,-9.24858689227062297e-02,6.52009220773201725e-02,1.13158279370626585e-01,2.89787334385678942e-03
452,3.12500000000000000e-01,2.87500000000000033e-01,-1.02375318294477394e-01,6.22179923307108543e-02,1.19798933073545999e-01,-7.55307710792249652e-03
453,3.37500000000000022e-01,2.87500000000000033e-01,-1.11056950281412214e-01,5.74390194976567917e-02,1.25031544686372093e-01,3.33809452594957664e-03
454,3.62500000000000044e-01,2.87500000000000033e-01,-1.19669860106743367e-01,5.24183666036380433e-02,1.30646701356601114e-01,-8.15396208572028054e-03
455,3.87500000000000011e-01,2.87500000000000033e-01,-1.27025468292416344e-01,4.56387828660233391e-02,1.34975435159141816e-01,3.87023488116863563e-03
456,4.12500000000000033e-01,2.87500000000000033e-01,-1.33894784785043464e-01,3.87569564822461965e-02,1.39391230242077391e-01,-8.27640275735841077e-03
457,4.37500000000000000e-01,2.87500000000000033e-01,-1.39467240207362897e-01,3.01957675941880721e-02,1.42698617623509161e-01,4.59327832276025267e-03
458,4.62500000000000022e-01,2.87500000000000033e-01,-1.44144473125273814e-01,2.17000423698402480e-02,1.45768724256665039e-01,-7.81493644342300120e-03
459,4.87500000000000044e-01,2.87500000000000033e-01,-1.47497222839750280e-01,1.16871704310550356e-02,1.47959523850691943e-01,5.58648890385238153e-03
460,5.12500000000000067e-01,2.87500000000000033e-01,-1.49562743913609436e-01,1.97347733502694928e-03,1.49575763343396589e-01,-6.70658871395810648e-03
461,5.37499999999999978e-01,2.87500000000000033e-01,-1.50301136700894983e-01,-8.98575242332622440e-03,1.50569503685820894e-01,6.87293672699666822e-03
462,5.62500000000000000e-01,2.87500000000000033e-01,-1.49394312378965083e-01,-1.93313965418056427e-02,1.50639846864766613e-01,-4.95889331299003040e-03
463,5.87500000000000022e-01,2.87500000000000033e-01,-1.47204370879238822e-01,-3.05115100794687046e-02,1.50333226710804069e-01,8.36842800518991688e-03
464,6.12500000000000044e-01,2.87500000000000033e-01,-1.43060801109346269e-01,-4.06277388984164836e-02,1.48717873781350957e-01,-2.74554742205183845e-03
465,6.37500000000000067e-01,2.87500000000000033e-01,-1.37749003251293106e-01,-5.09866369679617404e-02,1.46882351036560832e-01,9.86269786576914054e-03
466,6.62500000000000089e-01,2.87500000000000033e-01,-1.30281309234341336e-01,-5.96959697257590099e-02,1.43306763055038006e-01,-3.20653965238557222e-04
467,6.87500000000000000e-01,2.87500000000000033e-01,-1.21902634593632847e-01,-6.78987957290454747e-02,1.39536729151587241e-01,1.10623532313190252e-02
468,7.12500000000000022e-01,2.87500000000000033e-01,-1.11352177115429871e-01,-7.38005973102975887e-02,1.33588306043990135e-01,1.96406602980915860e-03
469,7.37500000000000044e-01,2.87500000000000033e-01,-1.00367197911208544e-01,-7.83850147503997591e-02,1.27349067346282874e-01,1.16225536047041347e-02
470,7.62500000000000067e-01,2.87500000000000033e-01,-8.74647395611377748e-02,-8.01017467108223746e-02,1.18601730563353935e-01,3.73754428400072114e-03
471,7.87500000000000089e-01,2.87500000000000033e-01,-7.48834970015125750e-02,-7.98164766301873163e-02,1.09445000181976254e-01,1.12488091061899581e-02
472,8.12500000000000000e-01,2.87500000000000033e-01,-6.09607431174401734e-02,-7.64298126723473720e-02,9.77636357065378436e-02,4.72398577074407792e-03
473,8.37500000000000022e-01,2.87500000000000033e-01,-4.83836834576339622e-02,-7.07612739297576454e-02,8.57212850643918056e-02,9.81626736295096274e-03
474,8.62500000000000044e-01,2.87500000000000033e-01,-3.53148571599751077e-02,-6.23912446895501724e-02,7.16924441635293092e-02,4.85143483722853906e-03
475,8.87500000000000067e-01,2.87500000000000033e-01,-2.47300965506394334e-02,-5.21388588804489253e-02,5.77064838710462033e-02,7.44892509412492260e-03
476,9.12500000000000089e-01,2.87500000000000033e-01,-1.45672380174759544e-02,-4.04051466110558755e-02,4.29509056495752731e-02,4.28823496031411223e-03
477,9.37500000000000000e-01,2.87500000000000033e-01,-7.82222788508204862e-03,-2.79273797532938010e-02,2.90021686942690503e-02,4.49629638355609693e-03
478,9.62500000000000022e-01,2.87500000000000033e-01,-2.15321090272677877e-03,-1.58558045317709895e-02,1.60013391483760162e-02,3.36148267870634444e-03
479,9.87500000000000044e-01,2.87500000000000033e-01,-2.99362327918685381e-04,-4.62978704187220862e-03,4.63945534049684666e-03,1.39486552561045481e-03
480,1.25000000000000007e-02,3.12500000000000000e-01,-4.53281641432409614e-04,9.20298640739599348e-03,9.21414255702477682e-03,1.50278464432982177e-03
481,3.75000000000000056e-02,3.12500000000000000e-01,-2.68083689596642586e-03,2.59645002126741749e-02,2.61025316350106569e-02,-6.82351248682943907e-04
482,6.25000000000000000e-02,3.12500000000000000e-01,-8.83154954428518914e-03,4.03605606346501972e-02,4.13155070415024556e-02,-1.65664138636774892e-03
483,8.75000000000000083e-02,3.12500000000000000e-01,-1.52849687916186312e-02,5.20961293741573420e-02,5.42921446134677493e-02,-1.05074361865946896e-03
484,1.12500000000000003e-01,3.12500000000000000e-01,-2.45552562504542070e-02,6.17513151635282476e-02,6.64543868676166771e-02,-4.09902595178496948e-03
485,1.37500000000000011e-01,3.12500000000000000e-01,-3.34344867381414015e-02,6.87641279093093027e-02,7.64615602153840695e-02,-1.02469342816476614e-03
486,1.62500000000000006e-01,3.12500000000000000e-01,-4.42953082372107981e-02,7.42357769795759931e-02,8.64466593662870236e-02,-6.11401019531983628e-03
487,1.87500000000000000e-01,3.12500000000000000e-01,-5.43481091089855831e-02,7.72562001945924087e-02,9.44575959477539501e-02,-8.67032955606085475e-04
488,2.12500000000000022e-01,3.12500000000000000e-01,-6.57476269893294690e-02,7.92668652634738458e-02,1.02985369754279771e-01,-7.86965335919137532e-03
489,2.37500000000000017e-01,3.12500000000000000e-01,-7.61121117509761524e-02,7.90068041706645241e-02,1.09704733992908504e-01,-7.17688402677621137e-04
490,2.62500000000000011e-01,3.12500000000000000e-01,-8.73106338940407428e-02,7.81425064153779131e-02,1.17172514267880223e-01,-9.41238643031643701e-03
491,2.87500000000000033e-01,3.12500000000000000e-01,-9.73575604951235352e-02,7.51155270933601404e-02,1.22966812579959797e-01,-6.06603856781494106e-04
492,3.12500000000000000e-01,3.12500000000000000e-01,-1.07788086686247522e-01,7.17520419461339792e-02,1.29486011425643116e-01,-1.06948064265748009e-02
493,3.37500000000000022e-01,3.12500000000000000e-01,-1.17004012350514469e-01,6.62758094435438455e-02,1.34470895823283171e-01,-4.81854989605424826e-04
494,3.62500000000000044e-01,3.12500000000000000e-01,-1.26177702307672196e-01,6.06376555352919205e-02,1.39991920582797441e-01,-1.16080970719148018e-02
495,3.87500000000000011e-01,3.12500000000000000e-01,-1.34093119302189229e-01,5.29259875069479357e-02,1.44160066584948426e-01,-2.41121738962331007e-04
496,4.12500000000000033e-01,3.12500000000000000e-01,-1.41545511493214593e-01,4.51963108835947494e-02,1.48586131053212001e-01,-1.20150094594926697e-02
497,4.37500000000000000e-01,3.12500000000000000e-01,-1.47699256567418558e-01,3.54742611682822839e-02,1.51899616839555024e-01,2.34583068790036533e-04
498,4.62500000000000022e-01,3.12500000000000000e-01,-1.52968312176853499e-01,2.59057513911579856e-02,1.55146422728259487e-01,-1.17849846443413789e-02
499,4.87500000000000044e-01,3.12500000000000000e-01,-1.56900206768303407e-01,1.45128085892711547e-02,1.57569973335928371e-01,1.04413577037826212e-03
500,5.12500000000000067e-01,3.12500000000000000e-01,-1.59530737560166697e-01,3.51765389956359932e-03,1.59569514994086170e-01,-1.08322302505769203e-02
501,5.37499999999999978e-01,3.12500000000000000e-01,-1.60798986342793188e-01,-9.01375609908441205e-03,1.61051425972835061e-01,2.22808400618067790e-03
502,5.62500000000000000e-01,3.12500000000000000e-01,-1.60371703791238579e-01,-2.08118240536587853e-02,1.61716466067451575e-01,-9.13649043935666101e-03
503,5.87500000000000022e-01,3.12500000000000000e-01,-1.58594347770118604e-01,-3.37135546701969949e-02,1.62138122948089186e-01,3.72620140125128150e-03
504,6.12500000000000044e-01,3.12500000000000000e-01,-1.54762086937678706e-01,-4.54030285649560106e-02,1.61284650714740463e-01,-6.87184272040593409e-03
505,6.37500000000000067e-01,3.12500000000000000e-01,-1.49648972444753808e-01,-5.75510893422783096e-02,1.60333848074115604e-01,5.31341064516119375e-03
506,6.62500000000000089e-01,3.12500000000000000e-01,-1.42215303577640062e-01,-6.78338634875518265e-02,1.57564671190365962e-01,-4.31164550172860421e-03
507,6.87500000000000000e-01,3.12500000000000000e-01,-1.33708433445781733e-01,-7.77283093091637456e-02,1.54659740212461483e-01,6.66299817916810467e-03
508,7.12500000000000022e-01,3.12500000000000000e-01,-1.22802971970419630e-01,-8.49966354948419878e-02,1.49348578735154697e-01,-1.85676816264990522e-03
509,7.37500000000000044e-01,3.12500000000000000e-01,-1.11265620022173342e-01,-9.09190093936503574e-02,1.43688219656453897e-01,7.36916255197668599e-03
510,7.62500000000000067e-01,3.12500000000000000e-01,-9.75469546974699342e-02,-9.35040348342462829e-02,1.35123694817134848e-01,4.66213118864179773e-05
511,7.87500000000000089e-01,3.12500000000000000e-01,-8.39606333407135613e-02,-9.38761621735216822e-02,1.25944915639350397e-01,7.05992768991330413e-03
512,8.12500000000000000e-01,3.12500000000000000e-01,-6.87910389356045371e-02,-9.05330926075127163e-02,1.13703332822395017e-01,1.04244970639716904e-03
513,8.37500000000000022e-01,3.12500000000000000e-01,-5.48640477632887230e-02,-8.45298706805974881e-02,1.00773819885181290e-01,5.54534458907768313e-03
514,8.62500000000000044e-01,3.12500000000000000e-01,-4.03147598637737872e-02,-7.51461601575166699e-02,8.52773431181629293e-02,1.01005670872693289e-03
515,8.87500000000000067e-01,3.12500000000000000e-01,-2.83215690993046873e-02,-6.34392004139159166e-02,6.94740485750159759e-02,2.93486553585851689e-03
516,9.12500000000000089e-01,3.12500000000000000e-01,-1.68109713989875106e-02,-4.96814557171087745e-02,5.24486015213810677e-02,1.34819038448462402e-04
517,9.37500000000000000e-01,3.12500000000000000e-01,-9.00520728723679283e-03,-3.48501475384542514e-02,3.59948127059737805e-02,-3.65250628005294646e-04
518,9.62500000000000022e-01,3.12500000000000000e-01,-2.53097174142587244e-03,-2.01472598423682626e-02,2.03056124535016466e-02,-1.17398321953051570e-03
519,9.87500000000000044e-01,3.12500000000000000e-01,-3.06915928613511551e-04,-6.13360391150104180e-03,6.14127790695206781e-03,-3.81509680749939073e-03
520,1.25000000000000007e-02,3.37500000000000022e-01,-5.14216642226301502e-04,1.07979004615461251e-02,1.08101375168219074e-02,1.68703580979269181e-03
521,3.75000000000000056e-02,3.37500000000000022e-01,-2.78953360741653490e-03,3.02553605604960786e-02,3.03836854313713559e-02,-2.49411540503053828e-04
522,6.25000000000000000e-02,3.37500000000000022e-01,-9.31058625499729849e-03,4.67993677080896092e-02,4.77165362771516041e-02,-1.77493028425802996e-03
523,8.75000000000000083e-02,3.37500000000000022e-01,-1.60032591109512297e-02,6.01545189658358043e-02,6.22468509579668858e-02,-3.71056598691933031e-04
524,1.12500000000000003e-01,3.37500000000000022e-01,-2.57571007811712611e-02,7.10221688702957349e-02,7.55485056880162154e-02,-4.41062461405121106e-03
525,1.37500000000000011e-01,3.37500000000000022e-01,-3.49690914917286585e-02,7.88810403680762218e-02,8.62847372905947985e-02,-5.59268993707133803e-05
526,1.62500000000000006e-01,3.37500000000000022e-01,-4.63460533774541147e-02,8.49169814441398801e-02,9.67411515398189925e-02,-6.54503510453726886e-03
527,1.87500000000000000e-01,3.37500000000000022e-01,-5.67725839639752830e-02,8.82571270101470129e-02,1.04940205631739850e-01,3.82699753245368493e-04
528,2.12500000000000022e-01,3.37500000000000022e-01,-6.86852105527937240e-02,9.03908728682762952e-02,1.13526067696236591e-01,-8.37518990449808744e-03
529,2.37500000000000017e-01,3.37500000000000022e-01,-7.94476004621588044e-02,9.00854297607523030e-02,1.20113720591672010e-01,7.71752427428817498e-04
530,2.62500000000000011e-01,3.37500000000000022e-01,-9.11534883644279648e-02,8.90272672411029503e-02,1.27415904632909416e-01,-9.96804044888001048e-03
531,2.87500000000000033e-01,3.37500000000000022e-01,-1.01628455067035009e-01,8.56779001413452840e-02,1.32924961733839470e-01,1.06565646887742853e-03
532,3.12500000000000000e-01,3.37500000000000022e-01,-1.12576343513596286e-01,8.18655792573074331e-02,1.39195568126380093e-01,-1.12879481865284514e-02
533,3.37500000000000022e-01,3.37500000000000022e-01,-1.22266029881466176e-01,7.58280791007920757e-02,1.43871052137292565e-01,1.31656144046598004e-03
534,3.62500000000000044e-01,3.37500000000000022e-01,-1.31987374026089510e-01,6.95086806134365409e-02,1.49171456998058366e-01,-1.22277177290996616e-02
535,3.87500000000000011e-01,3.37500000000000022e-01,-1.40435523179858773e-01,6.10059709754456891e-02,1.53113894423261176e-01,1.64114956364772089e-03
536,4.12500000000000033e-01,3.37500000000000022e-01,-1.48478190176468322e-01,5.23643585464215328e-02,1.57441414513645933e-01,-1.26399739948946047e-02
537,4.37500000000000000e-01,3.37500000000000022e-01,-1.55223898319392123e-01,4.16179007843903853e-02,1.60706279513802286e-01,2.18460586750785207e-03
538,4.62500000000000022e-01,3.37500000000000022e-01,-1.61119477668637434e-01,3.09022986481272063e-02,1.64056204228772151e-01,-1.23723137211008347e-02
539,4.87500000000000044e-01,3.37500000000000022e-01,-1.65681087913732150e-01,1.82489033833709707e-02,1.66683068627180769e-01,3.07980535584538541e-03
540,5.12500000000000067e-01,3.37500000000000022e-01,-1.68941670992899917e-01,5.87357978772241277e-03,1.69043743266043378e-01,-1.13088281129274226e-02
541,5.37499999999999978e-01,3.37500000000000022e-01,-1.70829078424126757e-01,-8.14547015070943813e-03,1.71023164276692480e-01,4.40230916960010488e-03
542,5.62500000000000000e-01,3.37500000000000022e-01,-1.70973965255754118e-01,-2.15347400526898214e-02,1.72324814882862248e-01,-9.38161469132596688e-03
543,5.87500000000000022e-01,3.37500000000000022e-01,-1.69736802638782130e-01,-3.61217701823065077e-02,1.73537789691871558e-01,6.14210639876225286e-03
544,6.12500000000000044e-01,3.37500000000000022e-01,-1.66332249184768743e-01,-4.95718763586130012e-02,1.73562058194115715e-01,-6.72117761402548156e-03
545,6.37500000000000067e-01,3.37500000000000022e-01,-1.61576012102274985e-01,-6.35340006566879195e-02,1.73618480946927223e-01,8.09450306929641525e-03
546,6.62500000000000089e-01,3.37500000000000022e-01,-1.54302009425326986e-01,-7.56353420470345511e-02,1.71842413505122804e-01,-3.59021886737763375e-03
547,6.87500000000000000e-01,3.37500000000000022e-01,-1.45838482188432927e-01,-8.73116288991916956e-02,1.69977008527788936e-01,9.91412300002694410e-03
548,7.12500000000000022e-01,3.37500000000000022e-01,-1.34686454994385502e-01,-9.62423244394111088e-02,1.65538594208285761e-01,-4.23268250838195186e-04
549,7.37500000000000044e-01,3.37500000000000022e-01,-1.22753106551406893e-01,-1.03641442188130525e-01,1.60654516608953940e-01,1.11265715940148113e-02
550,7.62500000000000067e-01,3.37500000000000022e-01,-1.08272370615341479e-01,-1.07405732979789906e-01,1.52508680787658085e-01,2.24782487762650168e-03
551,7.87500000000000089e-01,3.37500000000000022e-01,-9.37862248846094426e-02,-1.08572700843863751e-01,1.43470858876071639e-01,1.12468054251284449e-02
552,8.12500000000000000e-01,3.37500000000000022e-01,-7.73316015245935351e-02,-1.05525487192486611e-01,1.30827386435601378e-01,3.94377500431962458e-03
553,8.37500000000000022e-01,3.37500000000000022e-01,-6.20804697217188992e-02,-9.92377502273194823e-02,1.17056036969688609e-01,9.95949372615206538e-03
554,8.62500000000000044e-01,3.37500000000000022e-01,-4.59042500298778855e-02,-8.89329063755267962e-02,1.00081277006260058e-01,4.42598884923133332e-03
555,8.87500000000000067e-01,3.37500000000000022e-01,-3.24552062893055937e-02,-7.56427215015181981e-02,8.23113706084258184e-02,7.29061263133197381e-03
556,9.12500000000000089e-01,3.37500000000000022e-01,-1.93761379132579396e-02,-5.97207963271732048e-02,6.27854141850262559e-02,3.82122848291111200e-03
557,9.37500000000000000e-01,3.37500000000000022e-01,-1.04471119727748297e-02,-4.22073142695487333e-02,4.34810249007558172e-02,3.64871130374990436e-03
558,9.62500000000000022e-01,3.37500000000000022e-01,-2.95507474310519351e-03,-2.45535403140995784e-02,2.47307260041724486e-02,2.56104077584579136e-03
559,9.87500000000000044e-01,3.37500000000000022e-01,-3.67365004618328483e-04,-7.46752022630936801e-03,7.47655103486612616e-03,-3.50244105116894995e-04
560,1.25000000000000007e-02,3.62500000000000044e-01,-5.18332128498361186e-04,1.25067319300164771e-02,1.25174682649778386e-02,-6.54589011532345734e-04
561,3.75000000000000056e-02,3.62500000000000044e-01,-2.88909089555427481e-03,3.47598025240785993e-02,3.48796605160617279e-02,-2.88328804368328693e-03
562,6.25000000000000000e-02,3.62500000000000044e-01,-9.61034360133204701e-03,5.35749058163006719e-02,5.44300398434646657e-02,-4.16147265226084976e-03
563,8.75000000000000083e-02,3.62500000000000044e-01,-1.65467647110252719e-02,6.85409830668067821e-02,7.05100119285646254e-02,-3.22899387732127454e-03
564,1.12500000000000003e-01,3.62500000000000044e-01,-2.66069538065836254e-02,8.07183185981261153e-02,8.49904521000698493e-02,-6.91949799987762789e-03
565,1.37500000000000011e-01,3.62500000000000044e-01,-3.61336933303046393e-02,8.93509038564175434e-02,9.63806402429827902e-02,-3.20355480296748282e-03
566,1.62500000000000006e-01,3.62500000000000044e-01,-4.78628290498233702e-02,9.60409525005337106e-02,1.07306639877793153e-01,-9.27195560841823259e-03
567,1.87500000000000000e-01,3.62500000000000044e-01,-5.86322220364092275e-02,9.95927052900121845e-02,1.15570084398645356e-01,-3.11750557651583942e-03
568,2.12500000000000022e-01,3.62500000000000044e-01,-7.09167398908693014e-02,1.01944027307743934e-01,1.24184414080315456e-01,-1.14102266352149335e-02
569,2.37500000000000017e-01,3.62500000000000044e-01,-8.20394808672240683e-02,1.01472004167855290e-01,1.30487716091610945e-01,-3.12729854057832574e-03
570,2.62500000000000011e-01,3.62500000000000044e-01,-9.41385499069693488e-02,1.00325913054265706e-01,1.37576725534368782e-01,-1.33795709484182696e-02
571,2.87500000000000033e-01,3.62500000000000044e-01,-1.05003466070854867e-01,9.65349345831823108e-02,1.42634923780511957e-01,-3.25616793686934764e-03
572,3.12500000000000000e-01,3.62500000000000044e-01,-1.16384086406995879e-01,9.23925135130209130e-02,1.48598896772637018e-01,-1.51157473358179435e-02
573,3.37500000000000022e-01,3.62500000000000044e-01,-1.26516269196596864e-01,8.56830837487160546e-02,1.52800383547016194e-01,-3.42927468600348877e-03
574,3.62500000000000044e-01,3.62500000000000044e-01,-1.36732723861658245e-01,7.88103234850739826e-02,1.57819215757937698e-01,-1.64811600148147656e-02
575,3.87500000000000011e-01,3.62500000000000044e-01,-1.45697495348430128e-01,6.94128047145475963e-02,1.61387414655374345e-01,-3.50795276280985082e-03
576,4.12500000000000033e-01,3.62500000000000044e-01,-1.54313040733657314e-01,5.99880673718961865e-02,1.65562926911439146e-01,-1.72974482387455789e-02
577,4.37500000000000000e-01,3.62500000000000044e-01,-1.61657954091170591e-01,4.81113766200960344e-02,1.68665345229017744e-01,-3.32423623449123020e-03
578,4.62500000000000022e-01,3.62500000000000044e-01,-1.68200978785224414e-01,3.63664542402099486e-02,1.72087443639310278e-01,-1.73801681370570928e-02
579,4.87500000000000044e-01,3.62500000000000044e-01,-1.73429404108825680e-01,2.23307291157752129e-02,1.74861143975396927e-01,-2.72022279872838899e-03
580,5.12500000000000067e-01,3.62500000000000044e-01,-1.77381521015179816e-01,8.66920461637822257e-03,1.77593240598676261e-01,-1.65808974560835397e-02
581,5.37499999999999978e-01,3.62500000000000044e-01,-1.79958086174353021e-01,-6.98571678053368315e-03,1.80093622925615260e-01,-1.59379986528064327e-03
582,5.62500000000000000e-01,3.62500000000000044e-01,-1.80778141957307181e-01,-2.19006451388624249e-02,1.82099903533842339e-01,-1.47949978757445158e-02
583,5.87500000000000022e-01,3.62500000000000044e-01,-1.80179069392288976e-01,-3.83593473093458079e-02,1.84217090882117407e-01,8.54920591928588942e-05
584,6.12500000000000044e-01,3.62500000000000044e-01,-1.77343631268775614e-01,-5.35605793411649198e-02,1.85255227216283069e-01,-1.21270556945112882e-02
585,6.37500000000000067e-01,3.62500000000000044e-01,-1.73067064952462352e-01,-6.95851521158118297e-02,1.86532309175221706e-01,2.11943184400395154e-03
586,6.62500000000000089e-01,3.62500000000000044e-01,-1.66126065785579757e-01,-8.35684357472145506e-02,1.85961160425049787e-01,-8.84444635044727423e-03
587,6.87500000000000000e-01,3.62500000000000044e-01,-1.57838809271463515e-01,-9.73473767903089010e-02,1.85444335260443627e-01,4.13910684417351845e-03
588,7.12500000000000022e-01,3.62500000000000044e-01,-1.46626449134526937e-01,-1.08079391015935083e-01,1.82155072254865852e-01,-5.42804135470399945e-03
589,7.37500000000000044e-01,3.62500000000000044e-01,-1.34410688777365867e-01,-1.17336252808907734e-01,1.78420933415453842e-01,5.60327021814734528e-03
590,7.62500000000000067e-01,3.62500000000000044e-01,-1.19333499069641927e-01,-1.22468679663577051e-01,1.70994331773728914e-01,-2.50292739875997974e-03
591,7.87500000000000089e-01,3.62500000000000044e-01,-1.04000043656652261e-01,-1.24819700605166450e-01,1.62468356118196045e-01,5.92044300696839814e-03
592,8.12500000000000000e-01,3.62500000000000044e-01,-8.63640993448136773e-02,-1.22237035327265486e-01,1.49668468493667689e-01,-6.70146816799803836e-04
593,8.37500000000000022e-01,3.62500000000000044e-01,-6.97417128646324741e-02,-1.15959567987001105e-01,1.35316399305571128e-01,4.66217776511691166e-03
594,8.62500000000000044e-01,3.62500000000000044e-01,-5.19550481299729042e-02,-1.04770077715512763e-01,1.16944842599844417e-01,-2.68310890156587124e-04
595,8.87500000000000067e-01,3.62500000000000044e-01,-3.69015999872720907e-02,-8.99691972156907716e-02,9.72429150594350394e-02,1.79452918899873290e-03
596,9.12500000000000089e-01,3.62500000000000044e-01,-2.22109771994307599e-02,-7.16887140057707317e-02,7.50506443940011925e-02,-1.18518489677242773e-03
597,9.37500000000000000e-01,3.62500000000000044e-01,-1.19742049690386900e-02,-5.12725903354334933e-02,5.26522564031755361e-02,-2.23031566533798921e-03
598,9.62500000000000022e-01,3.62500000000000044e-01,-3.45049217340594834e-03,-3.02267641046795668e-02,3.04230696097333476e-02,-2.89575070926740164e-03
599,9.87500000000000044e-01,3.62500000000000044e-01,-3.82783247025564755e-04,-9.45658756214300296e-03,9.46433153131699852e-03,-6.66724991011183408e-03
600,1.25000000000000007e-02,3.87500000000000011e-01,-5.90894141494782482e-04,1.42056410806053676e-02,1.42179251087293217e-02,-1.22931943406732417e-03
601,3.75000000000000056e-02,3.87500000000000011e-01,-2.92484957327397233e-03,3.93475860872773489e-02,3.94561437031292137e-02,-2.99080619098088338e-03
602,6.25000000000000000e-02,3.87500000000000011e-01,-9.93786463572584808e-03,6.04576416182818974e-02,6.12689773340686847e-02,-5.05700690091904527e-03
603,8.75000000000000083e-02,3.87500000000000011e-01,-1.69588138619311442e-02,7.71511971861813806e-02,7.89930920705391171e-02,-2.97687357353453638e-03
604,1.12500000000000003e-01,3.87500000000000011e-01,-2.73724959580310574e-02,9.06097894982513252e-02,9.46540410541982236e-02,-8.01984095146924918e-03
605,1.37500000000000011e-01,3.87500000000000011e-01,-3.70498827564975999e-02,1.00136880968863223e-01,1.06771198094067016e-01,-2.55651603068551446e-03
606,1.62500000000000006e-01,3.87500000000000011e-01,-4.91412495637242527e-02,1.07416283487845168e-01,1.18123326938523648e-01,-1.04892942770955597e-02
607,1.87500000000000000e-01,3.87500000000000011e-01,-6.00969496841662135e-02,1.11310910066950416e-01,1.26498071373732535e-01,-2.09634940956638077e-03
608,2.12500000000000022e-01,3.87500000000000011e-01,-7.27321519554206541e-02,1.13798982046642794e-01,1.35056189206265304e-01,-1.26866789489026108e-02
609,2.37500000000000017e-01,3.87500000000000011e-01,-8.40728630132338700e-02,1.13307026624547821e-01,1.41091206592537072e-01,-1.79187669120267471e-03
610,2.62500000000000011e-01,3.87500000000000011e-01,-9.65207899102979161e-02,1.11992175381619749e-01,1.47846238476382424e-01,-1.46842108857484620e-02
611,2.87500000000000033e-01,3.87500000000000011e-01,-1.07652317128718727e-01,1.07923146560358771e-01,1.52434992526883084e-01,-1.68596363028220529e-03
612,3.12500000000000000e-01,3.87500000000000011e-01,-1.19409650366144440e-01,1.03379371970754697e-01,1.57942898383031188e-01,-1.64377160693421065e-02
613,3.37500000000000022e-01,3.87500000000000011e-01,-1.29885259395907587e-01,9.61763597942052600e-02,1.61617056004639020e-01,-1.70446414377422879e-03
614,3.62500000000000044e-01,3.87500000000000011e-01,-1.40542960539142531e-01,8.86909550419773124e-02,1.66187873394435776e-01,-1.78180601764515063e-02
615,3.87500000000000011e-01,3.87500000000000011e-01,-1.49955953226370092e-01,7.85858769221922382e-02,1.69300112107639317e-01,-1.69160190010922396e-03
616,4.12500000000000033e-01,3.87500000000000011e-01,-1.59107332973541321e-01,6.83259141506605966e-02,1.73157656343797844e-01,-1.86394313376007890e-02
617,4.37500000000000000e-01,3.87500000000000011e-01,-1.67021121294927688e-01,5.55053887334359883e-02,1.76002565711596337e-01,-1.44640982716761875e-03
618,4.62500000000000022e-01,3.87500000000000011e-01,-1.74204766836206643e-01,4.26748817708412914e-02,1.79355642014998817e-01,-1.86921094939652525e-02
619,4.87500000000000044e-01,3.87500000000000011e-01,-1.80114919187215977e-01,2.74289742610480079e-02,1.82191472750045519e-01,-7.65984856905650106e-04
620,5.12500000000000067e-01,3.87500000000000011e-01,-1.84791425296187917e-01,1.24034122141084800e-02,1.85207223124665671e-01,-1.77874347475550400e-02
621,5.37499999999999978e-01,3.87500000000000011e-01,-1.88121685010274542e-01,-4.74931254050763030e-03,1.88181625938114300e-01,5.01482409491300820e-04
622,5.62500000000000000e-01,3.87500000000000011e-01,-1.89691185829312714e-01,-2.13126293466511449e-02,1.90884714293729080e-01,-1.57689517368874745e-02
623,5.87500000000000022e-01,3.87500000000000011e-01,-1.89848193330392795e-01,-3.95567119610426912e-02,1.93925423738052188e-01,2.45213991102309885e-03
624,6.12500000000000044e-01,3.87500000000000011e-01,-1.87699799822019481e-01,-5.66828063287211359e-02,1.96071811810177077e-01,-1.26460340969804658e-02
625,6.37500000000000067e-01,3.87500000000000011e-01,-1.84075946776589255e-01,-7.47519434744867983e-02,1.98675129885223900e-01,4.94619387977741822e-03
626,6.62500000000000089e-01,3.87500000000000011e-01,-1.77621359609243995e-01,-9.08625865875529182e-02,1.99512799165409260e-01,-8.65178832716504559e-03
627,6.87500000000000000e-01,3.87500000000000011e-01,-1.69727054891334828e-01,-1.06811556529843740e-01,2.00539227510265899e-01,7.60915943540994410e-03
628,7.12500000000000022e-01,3.87500000000000011e-01,-1.58617365789267634e-01,-1.19669502174090364e-01,1.98696397754264648e-01,-4.28671838370999533e-03
629,7.37500000000000044e-01,3.87500000000000011e-01,-1.46350178052491786e-01,-1.30934627425152272e-01,1.96372735569272677e-01,9.82482575371749697e-03
630,7.62500000000000067e-01,3.87500000000000011e-01,-1.30803286419073933e-01,-1.37815504644947517e-01,1.90006876345493986e-01,-2.73731467749129887e-04
631,7.87500000000000089e-01,3.87500000000000011e-01,-1.14819535026727870e-01,-1.41542252752070274e-01,1.82257331643709025e-01,1.08506690787560055e-02
632,8.12500000000000000e-01,3.87500000000000011e-01,-9.60327333656822990e-02,-1.39783012016238162e-01,1.69592382865552116e-01,2.61464217562882044e-03
633,8.37500000000000022e-01,3.87500000000000011e-01,-7.81478560505250025e-02,-1.33646864362761131e-01,1.54817866408537785e-01,1.00635550186622316e-02
634,8.62500000000000044e-01,3.87500000000000011e-01,-5.86370179657762849e-02,-1.21772279287486004e-01,1.35154681305488883e-01,3.84652763905197429e-03
635,8.87500000000000067e-01,3.87500000000000011e-01,-4.19772866687743718e-02,-1.05386757739177356e-01,1.13439240577714207e-01,7.27009152726883386e-03
636,9.12500000000000089e-01,3.87500000000000011e-01,-2.54311757957005197e-02,-8.46475216811260200e-02,8.83852229114602816e-02,3.40903398138375693e-03
637,9.37500000000000000e-01,3.87500000000000011e-01,-1.38303571718211334e-02,-6.09676538438515894e-02,6.25166665356035739e-02,2.88507267669890939e-03
638,9.62500000000000022e-01,3.87500000000000011e-01,-4.00479961504578413e-03,-3.61444096200985998e-02,3.63655986715762311e-02,1.83184014943360758e-03
639,9.87500000000000044e-01,3.87500000000000011e-01,-4.69316176466573671e-04,-1.13006067285983426e-02,1.13103479216129926e-02,-2.25329149329765678e-03
640,1.25000000000000007e-02,4.12500000000000033e-01,-5.87158313352220858e-04,1.60224609725220374e-02,1.60332158502569412e-02,-4.00453590818264631e-03
641,3.75000000000000056e-02,4.12500000000000033e-01,-2.95685032274151322e-03,4.41056552206204738e-02,4.42046579703015349e-02,-6.04102370671257168e-03
642,6.25000000000000000e-02,4.12500000000000033e-01,-1.00505296599550306e-02,6.76094984039965069e-02,6.83524499991451789e-02,-7.81522432335907645e-03
643,8.75000000000000083e-02,4.12500000000000033e-01,-1.71797897509731665e-02,8.59738877845010047e-02,8.76735681757598723e-02,-6.30477715863348408e-03
644,1.12500000000000003e-01,4.12500000000000033e-01,-2.77333934496819118e-02,1.00810584968188885e-01,1.04555799235926131e-01,-1.08981679524218361e-02
645,1.37500000000000011e-01,4.12500000000000033e-01,-3.75533461209128852e-02,1.11117402203366009e-01,1.17291648796074538e-01,-6.26244309616716659e-03
646,1.62500000000000006e-01,4.12500000000000033e-01,-4.98091436783584182e-02,1.19089744179056392e-01,1.29086474746986757e-01,-1.36302325265606691e-02
647,1.87500000000000000e-01,4.12500000000000033e-01,-6.09172817936123531e-02,1.23180864732381157e-01,1.37420670415114632e-01,-6.26224488000219799e-03
648,2.12500000000000022e-01,4.12500000000000033e-01,-7.37280602641503247e-02,1.25922141868273135e-01,1.45918513845939679e-01,-1.62144671183473768e-02
649,2.37500000000000017e-01,4.12500000000000033e-01,-8.52319563136699071e-02,1.25257461413735144e-01,1.51505504906154109e-01,-6.47261698022793836e-03
650,2.62500000000000011e-01,4.12500000000000033e-01,-9.78782104710666651e-02,1.23907988036505157e-01,1.57902924558961627e-01,-1.86910447326707196e-02
651,2.87500000000000033e-01,4.12500000000000033e-01,-1.09207271306379194e-01,1.19420232730319500e-01,1.61825276429699905e-01,-6.90895058917888067e-03
652,3.12500000000000000e-01,4.12500000000000033e-01,-1.21215964838202683e-01,1.14628433730427387e-01,1.66832214968055170e-01,-2.09800030092651031e-02
653,3.37500000000000022e-01,4.12500000000000033e-01,-1.31960850373452621e-01,1.06812511757583842e-01,1.69772137582256816e-01,-7.47340182344945030e-03
654,3.62500000000000044e-01,4.12500000000000033e-01,-1.42961437417669313e-01,9.88842846599024411e-02,1.73827714537201444e-01,-2.29173169122532314e-02
655,3.87500000000000011e-01,4.12500000000000033e-01,-1.52755165687289224e-01,8.79730415179420105e-02,1.76276477948899168e-01,-7.98910870127597823e-03
656,4.12500000000000033e-01,4.12500000000000033e-01,-1.62375495226803362e-01,7.70567200393718760e-02,1.79731854587259460e-01,-2.42825825275019280e-02
657,4.37500000000000000e-01,4.12500000000000033e-01,-1.70810900529865917e-01,6.32044916113073396e-02,1.82129545927253583e-01,-8.23233083476576297e-03
658,4.62500000000000022e-01,4.12500000000000033e-01,-1.78607065013832000e-01,4.94638781256263038e-02,1.85329865138034428e-01,-2.48286417117707658e-02
659,4.87500000000000044e-01,4.12500000000000033e-01,-1.85185969626013441e-01,3.29129582343223592e-02,1.88088027705276911e-01,-7.97190022986979038e-03
660,5.12500000000000067e-01,4.12500000000000033e-01,-1.90606052440192020e-01,1.66796550395967337e-02,1.91334466626045113e-01,-2.43242247114671614e-02
661,5.37499999999999978e-01,4.12500000000000033e-01,-1.94725239997318139e-01,-2.09038673182246424e-03,1.94736459885409580e-01,-7.02384263273810039e-03
662,5.62500000000000000e-01,4.12500000000000033e-01,-1.97118790847348208e-01,-2.01705553215337230e-02,1.98148098671422190e-01,-2.25733940383915851e-02
663,5.87500000000000022e-01,4.12500000000000033e-01,-1.98107866465925486e-01,-4.03549629730010698e-02,2.02176283950994740e-01,-5.23047684376743045e-03
664,6.12500000000000044e-01,4.12500000000000033e-01,-1.96781072418503011e-01,-5.93294854067181396e-02,2.05530480223255707e-01,-1.95258228375334401e-02
665,6.37500000000000067e-01,4.12500000000000033e-01,-1.93937427140272289e-01,-7.96675379023936703e-02,2.09663163768025185e-01,-2.69899663482309291e-03
666,6.62500000000000089e-01,4.12500000000000033e-01,-1.88166901920753277e-01,-9.79142958641824185e-02,2.12117873629340897e-01,-1.53922546246958898e-02
667,6.87500000000000000e-01,4.12500000000000033e-01,-1.80835269702904256e-01,-1.16354977232414544e-01,2.15034591392356755e-01,1.96978464267474613e-04
668,7.12500000000000022e-01,4.12500000000000033e-01,-1.70075823071365817e-01,-1.31453598008906908e-01,2.14955423339095647e-01,-1.07037701002200402e-02
669,7.37500000000000044e-01,4.12500000000000033e-01,-1.57939509360020158e-01,-1.45153560486465799e-01,2.14509777723025902e-01,2.78152537451597289e-03
670,7.62500000000000067e-01,4.12500000000000033e-01,-1.42183949340905641e-01,-1.53997055523072413e-01,2.09598112014286686e-01,-6.28478714838222839e-03
671,7.87500000000000089e-01,4.12500000000000033e-01,-1.25690851081157101e-01,-1.59593075699664605e-01,2.03145612447782120e-01,4.18184696650485219e-03
672,8.12500000000000000e-01,4.12500000000000033e-01,-1.05968011363405806e-01,-1.58906884244249591e-01,1.90998998145357396e-01,-3.07426155115172193e-03
673,8.37500000000000022e-01,4.12500000000000033e-01,-8.68529464449488281e-02,-1.53357674639322317e-01,1.76244179129267681e-01,3.60130691249330301e-03
674,8.62500000000000044e-01,4.12500000000000033e-01,-6.57268737545715215e-02,-1.40939290460075362e-01,1.55511753668135549e-01,-1.77818966193065038e-03
675,8.87500000000000067e-01,4.12500000000000033e-01,-4.73463108396711962e-02,-1.23176969618463625e-01,1.31963021314740581e-01,7.11192938827209038e-04
676,9.12500000000000089e-01,4.12500000000000033e-01,-2.89462397354787425e-02,-9.98348028485672723e-02,1.03946489381008464e-01,-2.48753111951605967e-03
677,9.37500000000000000e-01,4.12500000000000033e-01,-1.57764869050668124e-02,-7.27003921157425431e-02,7.43925033376916650e-02,-4.07131375859255077e-03
678,9.62500000000000022e-01,4.12500000000000033e-01,-4.64780527121964274e-03,-4.35875703900723208e-02,4.38346710532734121e-02,-4.58201520533216191e-03
679,9.87500000000000044e-01,4.12500000000000033e-01,-4.96655215200238957e-04,-1.39312734058447858e-02,1.39401235687200333e-02,-9.75503274017909192e-03
680,1.25000000000000007e-02,4.37500000000000000e-01,-6.75996366502637698e-04,1.77499734144657417e-02,1.77628411945208071e-02,-5.48199840761770009e-03
681,3.75000000000000056e-02,4.37500000000000000e-01,-2.91623298862873567e-03,4.88112210143006320e-02,4.88982587803581184e-02,-6.78765595835424847e-03
682,6.25000000000000000e-02,4.37500000000000000e-01,-1.02326694134084652e-02,7.46811597334783722e-02,7.53789303616164141e-02,-9.64856821413900660e-03
683,8.75000000000000083e-02,4.37500000000000000e-01,-1.72826723545620557e-02,9.48342034726237099e-02,9.63961457320889892e-02,-6.54178436214446560e-03
684,1.12500000000000003e-01,4.37500000000000000e-01,-2.80599790576557678e-02,1.10983988649437759e-01,1.14476234045563396e-01,-1.29453878527355636e-02
685,1.37500000000000011e-01,4.37500000000000000e-01,-3.78306310878587862e-02,1.22212694236326358e-01,1.27933964532517597e-01,-5.95550103018341673e-03
686,1.62500000000000006e-01,4.37500000000000000e-01,-5.02760853198332552e-02,1.30780918491840870e-01,1.40111860299750063e-01,-1.57711983092966058e-02
687,1.87500000000000000e-01,4.37500000000000000e-01,-6.13495893869241485e-02,1.35229817785749995e-01,1.48495372777441598e-01,-5.44735878829540315e-03
688,2.12500000000000022e-01,4.37500000000000000e-01,-7.43064025030741315e-02,1.38114411401866088e-01,1.56834409776148237e-01,-1.83679726035525827e-02
689,2.37500000000000017e-01,4.37500000000000000e-01,-8.57955025377040020e-02,1.37457101262327325e-01,1.62034943586680968e-01,-5.23842837904474161e-03
690,2.62500000000000011e-01,4.37500000000000000e-01,-9.85658884109620187e-02,1.35968299571081114e-01,1.67936335694493094e-01,-2.08195061045047189e-02
691,2.87500000000000033e-01,4.37500000000000000e-01,-1.09926838417654299e-01,1.31260764239269523e-01,1.71211267249495508e-01,-5.37240218996655385e-03
692,3.12500000000000000e-01,4.37500000000000000e-01,-1.22083425207018370e-01,1.26133811957656966e-01,1.75539457755933659e-01,-2.30831309279566077e-02
693,3.37500000000000022e-01,4.37500000000000000e-01,-1.32948666465471460e-01,1.17921641778425124e-01,1.77710048997422737e-01,-5.75462500706380893e-03
694,3.62500000000000044e-01,4.37500000000000000e-01,-1.44178234550501411e-01,1.09486178374192153e-01,1.81037528079359328e-01,-2.50162495264022386e-02
695,3.87500000000000011e-01,4.37500000000000000e-01,-1.54227589145549682e-01,9.79996996281292387e-02,1.82729555301959917e-01,-6.18768540641168735e-03
696,4.12500000000000033e-01,4.37500000000000000e-01,-1.64213305596121156e-01,8.63825973755924376e-02,1.85547737426676213e-01,-2.63967578814458710e-02
697,4.37500000000000000e-01,4.37500000000000000e-01,-1.73079710954365418e-01,7.17366907781901153e-02,1.87357250054147495e-01,-6.40584836623026097e-03
698,4.62500000000000022e-01,4.37500000000000000e-01,-1.81416398514176180e-01,5.70509306336063823e-02,1.90175493521155231e-01,-2.69485269276593942e-02
699,4.87500000000000044e-01,4.37500000000000000e-01,-1.88621792892364970e-01,3.94276761842588530e-02,1.92698527247151002e-01,-6.11859297722920463e-03
700,5.12500000000000067e-01,4.37500000000000000e-01,-1.94763813672451186e-01,2.19436806831775043e-02,1.95996092405339911e-01,-2.63836303934742791e-02
701,5.37499999999999978e-01,4.37500000000000000e-01,-1.99691478911598302e-01,1.76314886873669475e-03,1.99699262501979807e-01,-5.07429838817431613e-03
702,5.62500000000000000e-01,4.37500000000000000e-01,-2.02943148475233787e-01,-1.79290222118747636e-02,2.03733579339574450e-01,-2.44647734812431759e-02
703,5.87500000000000022e-01,4.37500000000000000e-01,-2.04852299563647117e-01,-3.98946843045079116e-02,2.08700863611702786e-01,-3.02904436881757744e-03
704,6.12500000000000044e-01,4.37500000000000000e-01,-2.04451395099040006e-01,-6.08523142916728085e-02,2.13315206004157820e-01,-2.09672311871986518e-02
705,6.37500000000000067e-01,4.37500000000000000e-01,-2.02558145084599184e-01,-8.33663232713366675e-02,2.19042794896099097e-01,1.74571404978579486e-05
706,6.62500000000000089e-01,4.37500000000000000e-01,-1.97643846553336500e-01,-1.03963869609579707e-01,2.23319448917008834e-01,-1.60311304713722201e-02
707,6.87500000000000000e-01,4.37500000000000000e-01,-1.91126598402627967e-01,-1.24902789921385080e-01,2.28320133906550343e-01,3.71876423168461794e-03
708,7.12500000000000022e-01,4.37500000000000000e-01,-1.80936555372622182e-01,-1.42564447017214824e-01,2.30353334300665624e-01,-1.01675485287797945e-02
709,7.37500000000000044e-01,4.37500000000000000e-01,-1.69240863186010337e-01,-1.58826593892657908e-01,2.32095576647830898e-01,7.33621487699046525e-03
710,7.62500000000000067e-01,4.37500000000000000e-01,-1.53493249323588821e-01,-1.70063403781712419e-01,2.29088932281188901e-01,-4.28907402583620159e-03
711,7.87500000000000089e-01,4.37500000000000000e-01,-1.36803751789971118e-01,-1.77758216719956064e-01,2.24306152646936763e-01,9.81587724228404415e-03
712,8.12500000000000000e-01,4.37500000000000000e-01,-1.16278392079973286e-01,-1.78620207849027546e-01,2.13133392777231867e-01,4.49733986643471525e-04
713,8.37500000000000022e-01,4.37500000000000000e-01,-9.61678681906332489e-02,-1.73887957065745169e-01,1.98709034733777129e-01,1.00796322399950341e-02
714,8.62500000000000044e-01,4.37500000000000000e-01,-7.33877445339705392e-02,-1.61278249564144910e-01,1.77190391472726111e-01,3.04578313323397272e-03
715,8.87500000000000067e-01,4.37500000000000000e-01,-5.33762365392832713e-02,-1.42167269888387598e-01,1.51857022407971498e-01,7.51573496418027169e-03
716,9.12500000000000089e-01,4.37500000000000000e-01,-3.28823543851511566e-02,-1.16216721291315495e-01,1.20779036002172060e-01,3.16131365481696043e-03
717,9.37500000000000000e-01,4.37500000000000000e-01,-1.81208494782475089e-02,-8.52658789402617606e-02,8.71701514124455096e-02,2.41126858810196930e-03
718,9.62500000000000022e-01,4.37500000000000000e-01,-5.36004180953964134e-03,-5.14236983658415830e-02,5.17022901022872600e-02,1.36029262356212439e-03
719,9.87500000000000044e-01,4.37500000000000000e-01,-6.19690774553331410e-04,-1.64448515018124075e-02,1.64565232528845022e-02,-4.14931291518825639e-03
720,1.25000000000000007e-02,4.62500000000000022e-01,-6.62097232111693310e-04,1.96146704744364596e-02,1.96258419071768594e-02,-8.57615677454055814e-03
721,3.75000000000000056e-02,4.62500000000000022e-01,-2.88279963141503887e-03,5.36611733162225199e-02,5.37385527846494793e-02,-1.01756276683245238e-02
722,6.25000000000000000e-02,4.62500000000000022e-01,-1.01636742693258942e-02,8.19765778818724866e-02,8.26042347333093008e-02,-1.26614400604152556e-02
723,8.75000000000000083e-02,4.62500000000000022e-01,-1.71918357939830416e-02,1.03799421981097054e-01,1.05213493533753227e-01,-1.02931989495425227e-02
724,1.12500000000000003e-01,4.62500000000000022e-01,-2.79419376624045306e-02,1.21359766966184349e-01,1.24534914455409929e-01,-1.60879347701704221e-02
725,1.37500000000000011e-01,4.62500000000000022e-01,-3.76757354606000044e-02,1.33331194451070612e-01,1.38552042410952259e-01,-1.02061949827304890e-02
726,1.62500000000000006e-01,4.62500000000000022e-01,-5.00803908528712691e-02,1.42610465021087846e-01,1.51148239425761333e-01,-1.92396709177016303e-02
727,1.87500000000000000e-01,4.62500000000000022e-01,-6.10872491491448663e-02,1.47208370079954937e-01,1.59379911626925774e-01,-1.02922523199505001e-02
728,2.12500000000000022e-01,4.62500000000000022e-01,-7.39827546617057574e-02,1.50370305587944758e-01,1.67584834606076566e-01,-2.23215473946270886e-02
729,2.37500000000000017e-01,4.62500000000000022e-01,-8.53844152775529719e-02,1.49513687112625387e-01,1.72176772551647234e-01,-1.07317215761062006e-02
730,2.62500000000000011e-01,4.62500000000000022e-01,-9.80928895009035295e-02,1.48042005542701027e-01,1.77591245211416865e-01,-2.53710168564163611e-02
731,2.87500000000000033e-01,4.62500000000000022e-01,-1.09380324241889010e-01,1.42934116913038645e-01,1.79983935696969827e-01,-1.15358883126663245e-02
732,3.12500000000000000e-01,4.62500000000000022e-01,-1.21517233797037272e-01,1.37653311605091394e-01,1.83616100343984540e-01,-2.83013416647612329e-02
733,3.37500000000000022e-01,4.62500000000000022e-01,-1.32376123673063062e-01,1.28903338080506635e-01,1.84768797925957934e-01,-1.25882299399312520e-02
734,3.62500000000000044e-01,4.62500000000000022e-01,-1.43684930016857670e-01,1.20166557069885396e-01,1.87310866080906552e-01,-3.09321371243786343e-02
735,3.87500000000000011e-01,4.62500000000000022e-01,-1.53856819055113586e-01,1.08003866110630439e-01,1.87980732695138070e-01,-1.36755915240962742e-02
736,4.12500000000000033e-01,4.62500000000000022e-01,-1.64080308326799235e-01,9.59124185351488134e-02,1.90056674731194475e-01,-3.30066979383619244e-02
737,4.37500000000000000e-01,4.62500000000000022e-01,-1.73256533502954030e-01,8.04031455622608304e-02,1.91003906289285957e-01,-1.45141388990087470e-02
738,4.62500000000000022e-01,4.62500000000000022e-01,-1.82039125125323109e-01,6.50096869087025547e-02,1.93298997587573046e-01,-3.42107412118808560e-02
739,4.87500000000000044e-01,4.62500000000000022e-01,-1.89782113218242093e-01,4.62558152691998625e-02,1.95337786779209738e-01,-1.47840835505827824e-02
740,5.12500000000000067e-01,4.62500000000000022e-01,-1.96601611741424515e-01,2.77531388116064523e-02,1.98550825868899689e-01,-3.42088006099137421e-02
741,5.37499999999999978e-01,4.62500000000000022e-01,-2.02298577236153354e-01,6.08436405716375299e-03,2.02390053702626443e-01,-1.41876987205736046e-02
742,5.62500000000000000e-01,4.62500000000000022e-01,-2.06436489025608377e-01,-1.50060271636777154e-02,2.06981170284780164e-01,-3.27083057787608683e-02
743,5.87500000000000022e-01,4.62500000000000022e-01,-2.09301934321914129e-01,-3.88510856096804663e-02,2.12877210062386857e-01,-1.24531920053052147e-02
744,6.12500000000000044e-01,4.62500000000000022e-01,-2.09930422410989026e-01,-6.16201992718527700e-02,2.18787182467253177e-01,-2.94244914328333669e-02
745,6.37500000000000067e-01,4.62500000000000022e-01,-2.09099349213157343e-01,-8.64791381547758004e-02,2.26276775603150931e-01,-9.46886975200662492e-03
746,6.62500000000000089e-01,4.62500000000000022e-01,-2.05239172305913070e-01,-1.09342739781888659e-01,2.32548817653038392e-01,-2.44166268996885011e-02
747,6.87500000000000000e-01,4.62500000000000022e-01,-1.99727011033446783e-01,-1.33065948341271334e-01,2.39994636490727581e-01,-5.55052856376622716e-03
748,7.12500000000000022e-01,4.62500000000000022e-01,-1.90400287228776777e-01,-1.53336619557926129e-01,2.44467560781083726e-01,-1.81953990483455230e-02
749,7.37500000000000044e-01,4.62500000000000022e-01,-1.79392941463194705e-01,-1.72600139565789568e-01,2.48943036907938536e-01,-1.46999764868777408e-03
750,7.62500000000000067e-01,4.62500000000000022e-01,-1.64013225186028400e-01,-1.86431877858103862e-01,2.48308644870898154e-01,-1.17619857741788729e-02
751,7.87500000000000089e-01,4.62500000000000022e-01,-1.47373321234869958e-01,-1.96810779241419043e-01,2.45872687863883638e-01,1.58354081185510943e-03
752,8.12500000000000000e-01,4.62500000000000022e-01,-1.26400268662157228e-01,-1.99540929777757253e-01,2.36206711535547564e-01,-6.47085648427633484e-03
753,8.37500000000000022e-01,4.62500000000000022e-01,-1.05443646061603405e-01,-1.96250728560015408e-01,2.22784000671281457e-01,2.29801501630704733e-03
754,8.62500000000000044e-01,4.62500000000000022e-01,-8.12606658465094139e-02,-1.83729562542232938e-01,2.00897605674578289e-01,-3.59035010152456866e-03
755,8.87500000000000067e-01,4.62500000000000022e-01,-5.95813782273378958e-02,-1.63684307594013340e-01,1.74190967572950439e-01,-1.81099753887404999e-04
756,9.12500000000000089e-01,4.62500000000000022e-01,-3.70870801351931359e-02,-1.35089346937973337e-01,1.40087769519977590e-01,-3.64406762096446861e-03
757,9.37500000000000000e-01,4.62500000000000022e-01,-2.05313013721588368e-02,-1.00224155360453135e-01,1.02305501581052130e-01,-5.65244078494101226e-03
758,9.62500000000000022e-01,4.62500000000000022e-01,-6.17368386812775123e-03,-6.10884977841743421e-02,6.13996655856581600e-02,-6.01385704121091928e-03
759,9.87500000000000044e-01,4.62500000000000022e-01,-6.63950539340638838e-04,-1.99115937119071044e-02,1.99226603260395235e-02,-1.28720175588899807e-02
760,1.25000000000000007e-02,4.87500000000000044e-01,-7.75235225277012309e-04,2.12951957741215406e-02,2.13093020231230057e-02,-1.11066754348952447e-02
761,3.75000000000000056e-02,4.87500000000000044e-01,-2.77278136356721603e-03,5.83130959414367503e-02,5.83789814467960133e-02,-1.16585394896304081e-02
762,6.25000000000000000e-02,4.87500000000000044e-01,-1.02405207738009603e-02,8.89907523623671426e-02,8.95780233748144361e-02,-1.56135113204344741e-02
763,8.75000000000000083e-02,4.87500000000000044e-01,-1.70331334011683579e-02,1.12612663419163081e-01,1.13893545013840483e-01,-1.10616096395557435e-02
764,1.12500000000000003e-01,4.87500000000000044e-01,-2.78987743333818858e-02,1.31468486665850148e-01,1.34396073586670634e-01,-1.92553664598096551e-02
765,1.37500000000000011e-01,4.87500000000000044e-01,-3.73794453048514330e-02,1.44351282954449434e-01,1.49112426785610014e-01,-1.02149266863252423e-02
766,1.62500000000000006e-01,4.87500000000000044e-01,-4.97936759334544413e-02,1.54193067624279506e-01,1.62033676334123578e-01,-2.24367880608934561e-02
767,1.87500000000000000e-01,4.87500000000000044e-01,-6.05187477196183835e-02,1.59132262236134858e-01,1.70251565954445211e-01,-9.59600225968439309e-03
768,2.12500000000000022e-01,4.87500000000000044e-01,-7.33142575848698685e-02,1.62412251600023261e-01,1.78192928689692692e-01,-2.54261111965266642e-02
769,2.37500000000000017e-01,4.87500000000000044e-01,-8.44162494870485391e-02,1.61567265180142527e-01,1.82291207564298396e-01,-9.46281702565756298e-03
770,2.62500000000000011e-01,4.87500000000000044e-01,-9.69509053014928068e-02,1.59964922570107415e-01,1.87051475513131116e-01,-2.83378900959762349e-02
771,2.87500000000000033e-01,4.87500000000000044e-01,-1.07956957170949247e-01,1.54685089467943404e-01,1.88632397814680330e-01,-9.86876321028864155e-03
772,3.12500000000000000e-01,4.87500000000000044e-01,-1.19911531701539426e-01,1.49130365237011536e-01,1.91359978236656764e-01,-3.11526576996237203e-02
773,3.37500000000000022e-01,4.87500000000000044e-01,-1.30563119943542444e-01,1.40089275613660219e-01,1.91498651252043850e-01,-1.07031451379181256e-02
774,3.62500000000000044e-01,4.87500000000000044e-01,-1.41762915333355694e-01,1.30967665333582700e-01,1.93000656803912179e-01,-3.37320602996770760e-02
775,3.87500000000000011e-01,4.87500000000000044e-01,-1.51869150933990060e-01,1.18394979113868482e-01,1.92565859084066121e-01,-1.17263719966205094e-02
776,4.12500000000000033e-01,4.87500000000000044e-01,-1.62143088640414240e-01,1.05783136993829074e-01,1.93598691282013680e-01,-3.58273697681070757e-02
777,4.37500000000000000e-01,4.87500000000000044e-01,-1.71465157902247534e-01,8.96953815974415453e-02,1.93508557573956741e-01,-1.26003367562422322e-02
778,4.62500000000000022e-01,4.87500000000000044e-01,-1.80535125859866030e-01,7.35773627945924408e-02,1.94952712176683363e-01,-3.70942436999054242e-02
779,4.87500000000000044e-01,4.87500000000000044e-01,-1.88694097738507760e-01,5.39900219144389890e-02,1.96266107587813321e-01,-1.29269951054315092e-02
780,5.12500000000000067e-01,4.87500000000000044e-01,-1.96089967777876545e-01,3.44610151251160748e-02,1.99095045208518784e-01,-3.71301507470476050e-02
781,5.37499999999999978e-01,4.87500000000000044e-01,-2.02500546189848168e-01,1.15978930482596686e-02,2.02832399607029507e-01,-1.23120515679775965e-02
782,5.62500000000000000e-01,4.87500000000000044e-01,-2.07510261962930681e-01,-1.09248068237626818e-02,2.07797642489179007e-01,-3.55493953162684465e-02
783,5.87500000000000022e-01,4.87500000000000044e-01,-2.11360732430150383e-01,-3.64008673525803989e-02,2.14472334713430524e-01,-1.04041718845768426e-02
784,6.12500000000000044e-01,4.87500000000000044e-01,-2.13089497268695638e-01,-6.10540850481839231e-02,2.21663562967160471e-01,-3.19190705365645783e-02
785,6.37500000000000067e-01,4.87500000000000044e-01,-2.13458124716616016e-01,-8.80576536312606128e-02,2.30908036608900774e-01,-6.90763028829006597e-03
786,6.62500000000000089e-01,4.87500000000000044e-01,-2.10824265936693206e-01,-1.13335445976411986e-01,2.39357043811995934e-01,-2.61060606747470156e-02
787,6.87500000000000000e-01,4.87500000000000044e-01,-2.06577581307139269e-01,-1.39741710764581362e-01,2.49403373726418659e-01,-2.05865162338545946e-03
788,7.12500000000000022e-01,4.87500000000000044e-01,-1.98378363240457822e-01,-1.62897807137125455e-01,2.56689833402196033e-01,-1.85401243075613703e-02
789,7.37500000000000044e-01,4.87500000000000044e-01,-1.88433788606513358e-01,-1.85213641969378756e-01,2.64218443451938789e-01,3.34645960752913288e-03
790,7.62500000000000067e-01,4.87500000000000044e-01,-1.73732959489484889e-01,-2.02082361944477346e-01,2.66496570750983097e-01,-1.02646862202560984e-02
791,7.87500000000000089e-01,4.87500000000000044e-01,-1.57580451270961625e-01,-2.15371106238319177e-01,2.66863845481318973e-01,7.93096260994557642e-03
792,8.12500000000000000e-01,4.87500000000000044e-01,-1.36422932254096713e-01,-2.20549259202993453e-01,2.59332204285921741e-01,-2.86663769669777239e-03
793,8.37500000000000022e-01,4.87500000000000044e-01,-1.15018621715665403e-01,-2.19027437049703622e-01,2.47390989168832148e-01,1.00123090034408661e-02
794,8.62500000000000044e-01,4.87500000000000044e-01,-8.95133370289319386e-02,-2.07139920598909288e-01,2.25653682025748481e-01,1.97064990630431034e-03
795,8.87500000000000067e-01,4.87500000000000044e-01,-6.64023813909413035e-02,-1.86340671941514852e-01,1.97818407318437611e-01,8.27794725427886437e-03
796,9.12500000000000089e-01,4.87500000000000044e-01,-4.17077954215223923e-02,-1.55266219550321632e-01,1.60770454786855171e-01,3.28451771611865595e-03
797,9.37500000000000000e-01,4.87500000000000044e-01,-2.34071687226105017e-02,-1.16179021397404103e-01,1.18513545894413416e-01,2.62278369531093779e-03
798,9.62500000000000022e-01,4.87500000000000044e-01,-7.06372732466154559e-03,-7.12905214141304061e-02,7.16396167439200954e-02,1.49453113489844127e-03
799,9.87500000000000044e-01,4.87500000000000044e-01,-8.38140858903454675e-04,-2.32822520727776136e-02,2.32973333598444458e-02,-5.66200610157013146e-03
800,1.25000000000000007e-02,5.12500000000000067e-01,-7.48930976262180228e-04,2.31626667703736730e-02,2.31747714017329146e-02,-1.43079934405616650e-02
801,3.75000000000000056e-02,5.12500000000000067e-01,-2.68938755190302947e-03,6.31252814325420214e-02,6.31825447520275585e-02,-1.52412961140629463e-02
802,6.25000000000000000e-02,5.12500000000000067e-01,-1.00310308871513921e-02,9.62375839256888882e-02,9.67589486327388587e-02,-1.86748391360152914e-02
803,8.75000000000000083e-02,5.12500000000000067e-01,-1.67006738044485487e-02,1.21455870024806456e-01,1.22598698480062482e-01,-1.51421606331396241e-02
804,1.12500000000000003e-01,5.12500000000000067e-01,-2.73948351395808115e-02,1.41707325584690846e-01,1.44331019246350473e-01,-2.24770596256670188e-02
805,1.37500000000000011e-01,5.12500000000000067e-01,-3.66709440565253508e-02,1.55223745244013916e-01,1.59496611956415374e-01,-1.49592430448434437e-02
806,1.62500000000000006e-01,5.12500000000000067e-01,-4.88370600661789389e-02,1.65751561883217269e-01,1.72796523988862610e-01,-2.60739356021861546e-02
807,1.87500000000000000e-01,5.12500000000000067e-01,-5.92583339423775474e-02,1.70726095155853991e-01,1.80717873241115934e-01,-1.50974480303589891e-02
808,2.12500000000000022e-01,5.12500000000000067e-01,-7.17223871002192204e-02,1.74270098875183688e-01,1.88452031491623845e-01,-2.96686100831850715e-02
809,2.37500000000000017e-01,5.12500000000000067e-01,-8.24370844375972439e-02,1.73147020534118457e-01,1.91770080070938015e-01,-1.57568892451014977e-02
810,2.62500000000000011e-01,5.12500000000000067e-01,-9.45861237983574993e-02,1.71585445612377596e-01,1.95928813504283733e-01,-3.33091660766571263e-02
811,2.87500000000000033e-01,5.12500000000000067e-01,-1.05169028880781265e-01,1.65891026422025106e-01,1.96418831284272843e-01,-1.69548571401968232e-02
812,3.12500000000000000e-01,5.12500000000000067e-01,-1.16741129470132626e-01,1.60262585097086463e-01,1.98274021223061758e-01,-3.69223264194953604e-02
813,3.37500000000000022e-01,5.12500000000000067e-01,-1.27004159989241916e-01,1.50750664118861455e-01,1.97118795113126494e-01,-1.85652304525648314e-02
814,3.62500000000000044e-01,5.12500000000000067e-01,-1.37900654157772667e-01,1.41476008571623818e-01,1.97565309248612264e-01,-4.03315201606552903e-02
815,3.87500000000000011e-01,5.12500000000000067e-01,-1.47737807935764992e-01,1.28379708616622595e-01,1.95723809175465169e-01,-2.03447830739559750e-02
816,4.12500000000000033e-01,5.12500000000000067e-01,-1.57874315416181188e-01,1.15512082185345671e-01,1.95620399240268195e-01,-4.32587817390800988e-02
817,4.37500000000000000e-01,5.12500000000000067e-01,-1.67137847309174831e-01,9.87906505548835218e-02,1.94151107749098745e-01,-2.19500112148323830e-02
818,4.62500000000000022e-01,5.12500000000000067e-01,-1.76324197764069129e-01,8.22424418818664821e-02,1.94561152247396868e-01,-4.53279179595748524e-02
819,4.87500000000000044e-01,5.12500000000000067e-01,-1.84720482581283540e-01,6.18059979353237227e-02,1.94786134172439285e-01,-2.29617137083524964e-02
820,5.12500000000000067e-01,5.12500000000000067e-01,-1.92561142863868717e-01,4.15634809273776260e-02,1.96995727587782304e-01,-4.60908297267861172e-02
821,5.37499999999999978e-01,5.12500000000000067e-01,-1.99564332312495374e-01,1.74999582442260208e-02,2.00330155667791915e-01,-2.29365121419375755e-02
822,5.62500000000000000e-01,5.12500000000000067e-01,-2.05387675957109384e-01,-6.14201192134029416e-03,2.05479492274787484e-01,-4.50993502486422906e-02
823,5.87500000000000022e-01,5.12500000000000067e-01,-2.10188182094075443e-01,-3.32763496098488834e-02,2.12805985196302949e-01,-2.15017787938501098e-02
824,6.12500000000000044e-01,5.12500000000000067e-01,-2.13047825925026718e-01,-5.95192637712643677e-02,2.21205603209443658e-01,-4.18631159474122591e-02
825,6.37500000000000067e-01,5.12500000000000067e-01,-2.14679892376833104e-01,-8.87485160435971671e-02,2.32301001484860742e-01,-1.82251434519026673e-02
826,6.62500000000000089e-01,5.12500000000000067e-01,-2.13429276183227462e-01,-1.16220108827236365e-01,2.43020924259437082e-01,-3.61172403775838202e-02
827,6.87500000000000000e-01,5.12500000000000067e-01,-2.10628949784436637e-01,-1.45515589772449966e-01,2.56006525999082080e-01,-1.32530790914107584e-02
828,7.12500000000000022e-01,5.12500000000000067e-01,-2.03861918114617735e-01,-1.71477656832453140e-01,2.66391194392982256e-01,-2.82390941920930630e-02
829,7.37500000000000044e-01,5.12500000000000067e-01,-1.95272301955291577e-01,-1.97248842191413892e-01,2.77557881633312464e-01,-7.36192799972370127e-03
830,7.62500000000000067e-01,5.12500000000000067e-01,-1.81691427582748144e-01,-2.17282909338134267e-01,2.83237775636479838e-01,-1.93154104111419068e-02
831,7.87500000000000089e-01,5.12500000000000067e-01,-1.66377547313414448e-01,-2.34123653233591633e-01,2.87220078082070229e-01,-2.03330380961818042e-03
832,8.12500000000000000e-01,5.12500000000000067e-01,-1.45543645315095505e-01,-2.42100920828090066e-01,2.82481518966135992e-01,-1.11337892875689477e-02
833,8.37500000000000022e-01,5.12500000000000067e-01,-1.23987153715359552e-01,-2.43162717342497725e-01,2.72948569133131091e-01,7.80010531066489430e-04
834,8.62500000000000044e-01,5.12500000000000067e-01,-9.76009890088136434e-02,-2.32344448126123565e-01,2.52011697408139168e-01,-5.73036532452271020e-03
835,8.87500000000000067e-01,5.12500000000000067e-01,-7.31474420536534636e-02,-2.11491785999922771e-01,2.23784100919680429e-01,-6.03203984155701234e-04
836,9.12500000000000089e-01,5.12500000000000067e-01,-4.64974286389796196e-02,-1.78083717938553460e-01,1.84053854794881344e-01,-4.40741073342145774e-03
837,9.37500000000000000e-01,5.12500000000000067e-01,-2.62831685781688140e-02,-1.34869676018114615e-01,1.37406821008782681e-01,-6.52450795515411089e-03
838,9.62500000000000022e-01,5.12500000000000067e-01,-8.06047661299184003e-03,-8.36572936866383510e-02,8.40447147071191475e-02,-6.78668202586645529e-03
839,9.87500000000000044e-01,5.12500000000000067e-01,-9.05899740061861993e-04,-2.78140579166631444e-02,2.78288065164594492e-02,-1.55725078068819651e-02
840,1.25000000000000007e-02,5.37499999999999978e-01,-9.00432293684252320e-04,2.47338373993199433e-02,2.47502220356001536e-02,-1.80762304185845130e-02
841,3.75000000000000056e-02,5.37499999999999978e-01,-2.53396804771965347e-03,6.75955114948097319e-02,6.76429905334752224e-02,-1.75755437408494503e-02
842,6.25000000000000000e-02,5.37499999999999978e-01,-1.00982576743874428e-02,1.03002573450104287e-01,1.03496400639840863e-01,-2.29823790589804566e-02
843,8.75000000000000083e-02,5.37499999999999978e-01,-1.64097388149385681e-02,1.29976695745156912e-01,1.31008476690646219e-01,-1.64699082126343252e-02
844,1.12500000000000003e-01,5.37499999999999978e-01,-2.71653733925047922e-02,1.51439317909045967e-01,1.53856506265777709e-01,-2.69799234297473517e-02
845,1.37500000000000011e-01,5.37499999999999978e-01,-3.60028400025045325e-02,1.65793687972363019e-01,1.69657748009701015e-01,-1.52047439882037234e-02
846,1.62500000000000006e-01,5.37499999999999978e-01,-4.80073486414914832e-02,1.76781042138975969e-01,1.83183630227507249e-01,-3.04629657319760855e-02
847,1.87500000000000000e-01,5.37499999999999978e-01,-5.78880963788214117e-02,1.82017726724613443e-01,1.91001268436520544e-01,-1.43423287736724626e-02
848,2.12500000000000022e-01,5.37499999999999978e-01,-6.99695125706729509e-02,1.85591613719957388e-01,1.98343086021558729e-01,-3.37542883177656960e-02
849,2.37500000000000017e-01,5.37499999999999978e-01,-8.00578770724096750e-02,1.84431098869089372e-01,2.01057439333641369e-01,-1.42025166367618239e-02
850,2.62500000000000011e-01,5.37499999999999978e-01,-9.16623871921284639e-02,1.82697508643438561e-01,2.04402477700929508e-01,-3.70411957901606720e-02
851,2.87500000000000033e-01,5.37499999999999978e-01,-1.01581220874465930e-01,1.76840153653659071e-01,2.03939168328687609e-01,-1.48628091469062244e-02
852,3.12500000000000000e-01,5.37499999999999978e-01,-1.12539672136981558e-01,1.70966169489725733e-01,2.04681725893370664e-01,-4.03650504418601522e-02
853,3.37500000000000022e-01,5.37499999999999978e-01,-1.22171205840411745e-01,1.61248823494670623e-01,2.02304193270717192e-01,-1.62015905041933278e-02
854,3.62500000000000044e-01,5.37499999999999978e-01,-1.32494514284296788e-01,1.51702017575157472e-01,2.01415735362967890e-01,-4.36189674319542517e-02
855,3.87500000000000011e-01,5.37499999999999978e-01,-1.41819504586911921e-01,1.38368633253268397e-01,1.98137958376618545e-01,-1.79365729251002616e-02
856,4.12500000000000033e-01,5.37499999999999978e-01,-1.51540765350316436e-01,1.25183909483533029e-01,1.96559443315606319e-01,-4.65437336579160518e-02
857,4.37500000000000000e-01,5.37499999999999978e-01,-1.60510641441246854e-01,1.08145233775428201e-01,1.93543425629036869e-01,-1.96523325574048773e-02
858,4.62500000000000022e-01,5.37499999999999978e-01,-1.69558476498943594e-01,9.11607556397012742e-02,1.92510675863558633e-01,-4.87308950361663579e-02
859,4.87500000000000044e-01,5.37499999999999978e-01,-1.77983299915048049e-01,7.02269239066767026e-02,1.91337074008264552e-01,-2.08300926207861392e-02
860,5.12500000000000067e-01,5.37499999999999978e-01,-1.86070270630561752e-01,4.93056397848930447e-02,1.92492056270195527e-01,-4.96510763358178897e-02
861,5.37499999999999978e-01,5.37499999999999978e-01,-1.93514095531057972e-01,2.44243870768379723e-02,1.95049367733614171e-01,-2.09025270934597995e-02
862,5.62500000000000000e-01,5.37499999999999978e-01,-2.00043819489756386e-01,-3.00188952734029913e-04,2.00044044723799691e-01,-4.87348083205145777e-02
863,5.87500000000000022e-01,5.37499999999999978e-01,-2.05742919589155637e-01,-2.87407408879504674e-02,2.07740653575216400e-01,-1.93878218900735491e-02
864,6.12500000000000044e-01,5.37499999999999978e-01,-2.09744634672556246e-01,-5.65616453780326198e-02,2.17237270056945792e-01,-4.53287414866012234e-02
865,6.37500000000000067e-01,5.37499999999999978e-01,-2.12706444319926413e-01,-8.76761974048746312e-02,2.30067701006909070e-01,-1.56626192531073259e-02
866,6.62500000000000089e-01,5.37499999999999978e-01,-2.12983474720052635e-01,-1.17385709914237454e-01,2.43189977992302964e-01,-3.88852011949355272e-02
867,6.87500000000000000e-01,5.37499999999999978e-01,-2.11853962269206081e-01,-1.49309026375068710e-01,2.59181956714261197e-01,-9.68701424825962366e-03
868,7.12500000000000022e-01,5.37499999999999978e-01,-2.06803626956854225e-01,-1.78253825647139624e-01,2.73024113367941523e-01,-2.96004718290292720e-02
869,7.37500000000000044e-01,5.37499999999999978e-01,-1.99970511545419033e-01,-2.07384049698400241e-01,2.88090870311860259e-01,-2.19702270152525398e-03
870,7.62500000000000067e-01,5.37499999999999978e-01,-1.87903954863688522e-01,-2.30976530185548007e-01,2.97755023047421408e-01,-1.85045146955318228e-02
871,7.87500000000000089e-01,5.37499999999999978e-01,-1.73977326208132110e-01,-2.51518763325904171e-01,3.05826418642214437e-01,5.17158845968576121e-03
872,8.12500000000000000e-01,5.37499999999999978e-01,-1.53874016074877329e-01,-2.62939098095123225e-01,3.04654200906681161e-01,-7.57376425633120905e-03
873,8.37500000000000022e-01,5.37499999999999978e-01,-1.32751148463395807e-01,-2.66969924070951714e-01,2.98154000101961192e-01,1.00311604184777046e-02
874,8.62500000000000044e-01,5.37499999999999978e-01,-1.05725031725045132e-01,-2.57979094648468521e-01,2.78802789815498941e-01,6.45367781371442581e-04
875,8.87500000000000067e-01,5.37499999999999978e-01,-8.03686333429325245e-02,-2.37444014363812905e-01,2.50676638685405462e-01,1.00275736701592195e-02
876,9.12500000000000089e-01,5.37499999999999978e-01,-5.16453170776087905e-02,-2.02129958079484862e-01,2.08623485564931210e-01,4.14874633533408345e-03
877,9.37500000000000000e-01,5.37499999999999978e-01,-2.96908814340190765e-02,-1.54615697024161280e-01,1.57440662494147982e-01,4.21977942769733317e-03
878,9.62500000000000022e-01,5.37499999999999978e-01,-9.13670692955735088e-03,-9.66672824589105417e-02,9.70981097215976446e-02,2.83933460774548610e-03
879,9.87500000000000044e-01,5.37499999999999978e-01,-1.15291346686164416e-03,-3.22483860563312005e-02,3.22689884052823617e-02,-6.07982397815497611e-03
880,1.25000000000000007e-02,5.62500000000000000e-01,-8.59700907778481209e-04,2.65970509339735067e-02,2.66109414345906993e-02,-2.10488014027170219e-02
881,3.75000000000000056e-02,5.62500000000000000e-01,-2.43579181645741868e-03,7.23219228198740960e-02,7.23629297509225111e-02,-2.11371336673298708e-02
882,6.25000000000000000e-02,5.62500000000000000e-01,-9.84370890430770126e-03,1.10114023292303992e-01,1.10553139849625309e-01,-2.57768376548286812e-02
883,8.75000000000000083e-02,5.62500000000000000e-01,-1.59944485901440045e-02,1.38521170793348802e-01,1.39441518722591640e-01,-2.07396236916399836e-02
884,1.12500000000000003e-01,5.62500000000000000e-01,-2.64905822316222860e-02,1.61301692594323531e-01,1.63462494110312634e-01,-3.00055082138014004e-02
885,1.37500000000000011e-01,5.62500000000000000e-01,-3.49929300119538461e-02,1.76063357050093211e-01,1.79507133135622526e-01,-2.03631587084320172e-02
886,1.62500000000000006e-01,5.62500000000000000e-01,-4.65600704686769465e-02,1.87638636436149697e-01,1.93328989149754077e-01,-3.40353952429242670e-02
887,1.87500000000000000e-01,5.62500000000000000e-01,-5.58964330082826269e-02,1.92685384196054188e-01,2.00629181590890299e-01,-2.04529594199462650e-02
888,2.12500000000000022e-01,5.62500000000000000e-01,-6.73543814214946496e-02,1.96442201336429367e-01,2.07668368228226874e-01,-3.80811702220794357e-02
889,2.37500000000000017e-01,5.62500000000000000e-01,-7.67169392750230855e-02,1.94836554295769238e-01,2.09396207371518095e-01,-2.12508615231831177e-02
890,2.62500000000000011e-01,5.62500000000000000e-01,-8.75588392187304776e-02,1.93111560451883879e-01,2.12034490367706691e-01,-4.22353142157887579e-02
891,2.87500000000000033e-01,5.62500000000000000e-01,-9.66386235116504649e-02,1.86764557887682092e-01,2.10285576388890422e-01,-2.27982632027125473e-02
892,3.12500000000000000e-01,5.62500000000000000e-01,-1.06773161329034985e-01,1.80855729022180028e-01,2.10022148118574253e-01,-4.64743620146458453e-02
893,3.37500000000000022e-01,5.62500000000000000e-01,-1.15542883656050505e-01,1.70701401342118364e-01,2.06128907200612166e-01,-2.49718954283536555e-02
894,3.62500000000000044e-01,5.62500000000000000e-01,-1.25076657222339543e-01,1.61127785963904646e-01,2.03976306446470607e-01,-5.06565833733875481e-02
895,3.87500000000000011e-01,5.62500000000000000e-01,-1.33622805753428442e-01,1.47421571081257197e-01,1.98967770851172371e-01,-2.75070075638895808e-02
896,4.12500000000000033e-01,5.62500000000000000e-01,-1.42698826581103000e-01,1.34206943277285967e-01,1.95893998712202422e-01,-5.45059317440595992e-02
897,4.37500000000000000e-01,5.62500000000000000e-01,-1.51092209926662363e-01,1.16803762228906483e-01,1.90976372285551421e-01,-3.00053011043417590e-02
898,4.62500000000000022e-01,5.62500000000000000e-01,-1.59761453336382198e-01,9.97189914275895400e-02,1.88328434452922439e-01,-5.75973573679378070e-02
899,4.87500000000000044e-01,5.62500000000000000e-01,-1.67942195674770256e-01,7.83130578115018017e-02,1.85303848076208172e-01,-3.19477642805170783e-02
900,5.12500000000000067e-01,5.62500000000000000e-01,-1.76043848894965327e-01,5.70982531921893077e-02,1.85072005585266042e-01,-5.93665549929087502e-02
901,5.37499999999999978e-01,5.62500000000000000e-01,-1.83703270023949705e-01,3.14687166049529704e-02,1.86379107043292330e-01,-3.27360479653832290e-02
902,5.62500000000000000e-01,5.62500000000000000e-01,-1.90746452693840746e-01,6.09075911041412257e-03,1.90843670478810262e-01,-5.91736888610000164e-02
903,5.87500000000000022e-01,5.62500000000000000e-01,-1.97216698054550083e-01,-2.35801563448800391e-02,1.98621372880132319e-01,-3.17952637734378318e-02
904,6.12500000000000044e-01,5.62500000000000000e-01,-2.02279116739655040e-01,-5.25520877616978063e-02,2.08994169768173615e-01,-5.63634196312176802e-02
905,6.37500000000000067e-01,5.62500000000000000e-01,-2.06548886101614537e-01,-8.55139117890442585e-02,2.23551048888798953e-01,-2.85016431040805152e-02
906,6.62500000000000089e-01,5.62500000000000000e-01,-2.08413839296207049e-01,-1.17069340011430420e-01,2.39043006132572566e-01,-5.01908087937998348e-02
907,6.87500000000000000e-01,5.62500000000000000e-01,-2.09080329425069711e-01,-1.51699227353789018e-01,2.58316162351936940e-01,-2.25850630283650107e-02
908,7.12500000000000022e-01,5.62500000000000000e-01,-2.06002349195177292e-01,-1.83358307745256827e-01,2.75784765520389219e-01,-4.07453986656934261e-02
909,7.37500000000000044e-01,5.62500000000000000e-01,-2.01220627385473111e-01,-2.16151827259523949e-01,2.95315684163632741e-01,-1.47021436286058089e-02
910,7.62500000000000067e-01,5.62500000000000000e-01,-1.91144576998967003e-01,-2.43273772672376792e-01,3.09383868012482632e-01,-2.90239673019592262e-02
911,7.87500000000000089e-01,5.62500000000000000e-01,-1.79040080304249644e-01,-2.68156422173007836e-01,3.22433275435369038e-01,-6.52015364560337967e-03
912,8.12500000000000000e-01,5.62500000000000000e-01,-1.60317651621119717e-01,-2.83325263650359760e-01,3.25537946242610232e-01,-1.71521637016301999e-02
913,8.37500000000000022e-01,5.62500000000000000e-01,-1.40083649358982237e-01,-2.91314059677007520e-01,3.23244969308463304e-01,-6.79045944887820088e-04
914,8.62500000000000044e-01,5.62500000000000000e-01,-1.13087660175154328e-01,-2.84725619360351678e-01,3.06361709755032963e-01,-8.07848323806666276e-03
915,8.87500000000000067e-01,5.62500000000000000e-01,-8.70906159444505973e-02,-2.65573399886981643e-01,2.79488830032819824e-01,-9.38116715903258287e-06
916,9.12500000000000089e-01,5.62500000000000000e-01,-5.67609718350819970e-02,-2.28760633476970426e-01,2.35697338450071958e-01,-4.32505891579660403e-03
917,9.37500000000000000e-01,5.62500000000000000e-01,-3.29712161228685879e-02,-1.77379716528039716e-01,1.80418028279295400e-01,-5.89915080639708250e-03
918,9.62500000000000022e-01,5.62500000000000000e-01,-1.03128273109174152e-02,-1.12195025565931528e-01,1.12667999755408962e-01,-6.20480420982354609e-03
919,9.87500000000000044e-01,5.62500000000000000e-01,-1.25299070375433372e-03,-3.81042725565051976e-02,3.81248681671704920e-02,-1.70386645277942617e-02
920,1.25000000000000007e-02,5.87500000000000022e-01,-1.07453777911078346e-03,2.80296467934996081e-02,2.80502358422719707e-02,-2.63328511017490961e-02
921,3.75000000000000056e-02,5.87500000000000022e-01,-2.28495375884686094e-03,7.65798353696763023e-02,7.66139164834091640e-02,-2.44938047308402608e-02
922,6.25000000000000000e-02,5.87500000000000022e-01,-1.00829912445819757e-02,1.16561745229086466e-01,1.16997039121888802e-01,-3.18028929671617458e-02
923,8.75000000000000083e-02,5.87500000000000022e-01,-1.58228039218970204e-02,1.46623804550464143e-01,1.47475086658064081e-01,-2.26510307539970791e-02
924,1.12500000000000003e-01,5.87500000000000022e-01,-2.64217665157194422e-02,1.70438331960022338e-01,1.72474156751456442e-01,-3.61523561155570605e-02
925,1.37500000000000011e-01,5.87500000000000022e-01,-3.43448537728468714e-02,1.85863370765752628e-01,1.89009950989586423e-01,-2.06963436762225977e-02
926,1.62500000000000006e-01,5.87500000000000022e-01,-4.56008414271242557e-02,1.97685094603038986e-01,2.02876399236269489e-01,-3.97743368370139308e-02
927,1.87500000000000000e-01,5.87500000000000022e-01,-5.41422915002706603e-02,2.02812196450860377e-01,2.09914684474723362e-01,-1.93411304285652091e-02
928,2.12500000000000022e-01,5.87500000000000022e-01,-6.48970892054086534e-02,2.06412690749609801e-01,2.16374284724014321e-01,-4.31249455784621857e-02
929,2.37500000000000017e-01,5.87500000000000022e-01,-7.32791212211187371e-02,2.04635681401526548e-01,2.17360510925067751e-01,-1.90128908448132482e-02
930,2.62500000000000011e-01,5.87500000000000022e-01,-8.31333771776685132e-02,2.02619788819222407e-01,2.19011271906518035e-01,-4.65462476108204626e-02
931,2.87500000000000033e-01,5.87500000000000022e-01,-9.11167847070638581e-02,1.96054567789955003e-01,2.16193575313096409e-01,-1.98302769889981446e-02
932,3.12500000000000000e-01,5.87500000000000022e-01,-1.00115457594316754e-01,1.89871053073904950e-01,2.14648833317847482e-01,-5.01976621968807032e-02
933,3.37500000000000022e-01,5.87500000000000022e-01,-1.07760428889641560e-01,1.79552380972593517e-01,2.09407181222151156e-01,-2.16596879509825258e-02
934,3.62500000000000044e-01,5.87500000000000022e-01,-1.16151044270728018e-01,1.69782591112979775e-01,2.05711432181631321e-01,-5.40362622219551503e-02
935,3.87500000000000011e-01,5.87500000000000022e-01,-1.23644872462381109e-01,1.55990837636894364e-01,1.99050737031789021e-01,-2.41689714807014205e-02
936,4.12500000000000033e-01,5.87500000000000022e-01,-1.31713109833231562e-01,1.42653991745766290e-01,1.94161027662458768e-01,-5.78087512331841788e-02
937,4.37500000000000000e-01,5.87500000000000022e-01,-1.39245282361580569e-01,1.25207874871201275e-01,1.87259874478540367e-01,-2.68597284955364515e-02
938,4.62500000000000022e-01,5.87500000000000022e-01,-1.47192361098338498e-01,1.08011442932414548e-01,1.82570706768763746e-01,-6.10488482547862019e-02
939,4.87500000000000044e-01,5.87500000000000022e-01,-1.54843721901461756e-01,8.65093215525047227e-02,1.77370913420921095e-01,-2.90877946436724800e-02
940,5.12500000000000067e-01,5.87500000000000022e-01,-1.62667126362889713e-01,6.50674335449349661e-02,1.75198073354945472e-01,-6.30909275863727470e-02
941,5.37499999999999978e-01,5.87500000000000022e-01,-1.70285497807938446e-01,3.91269934438131864e-02,1.74722844469890698e-01,-3.01066002505666862e-02
942,5.62500000000000000e-01,5.87500000000000022e-01,-1.77640973747078212e-01,1.32139571965688898e-02,1.78131760836193642e-01,-6.31316100665708785e-02
943,5.87500000000000022e-01,5.87500000000000022e-01,-1.84695832731565701e-01,-1.72080558706004701e-02,1.85495735302060788e-01,-2.91736667686948239e-02
944,6.12500000000000044e-01,5.87500000000000022e-01,-1.90745729656904534e-01,-4.72287741015137361e-02,1.96505700898158997e-01,-6.04142132665300216e-02
945,6.37500000000000067e-01,5.87500000000000022e-01,-1.96261272976174822e-01,-8.15414300723183716e-02,2.12526450326700256e-01,-2.55200372838600247e-02
946,6.62500000000000089e-01,5.87500000000000022e-01,-1.99797135570698142e-01,-1.14853635980884536e-01,2.30456618651505574e-01,-5.37692135852025563e-02
947,6.87500000000000000e-01,5.87500000000000022e-01,-2.02381945606886271e-01,-1.51720439338926316e-01,2.52937825603102517e-01,-1.85627445733882249e-02
948,7.12500000000000022e-01,5.87500000000000022e-01,-2.01544163228100592e-01,-1.86112947826948066e-01,2.74332059883914348e-01,-4.30001899503533042e-02
949,7.37500000000000044e-01,5.87500000000000022e-01,-1.99175727436407990e-01,-2.22241709928739900e-01,2.98433155047947818e-01,-8.82892350869456458e-03
950,7.62500000000000067e-01,5.87500000000000022e-01,-1.91541177080833319e-01,-2.53156541108116362e-01,3.17452763137032024e-01,-2.88987801704760489e-02
951,7.87500000000000089e-01,5.87500000000000022e-01,-1.81873353077922989e-01,-2.82345540988132748e-01,3.35852528761788838e-01,1.94265318128738302e-03
952,8.12500000000000000e-01,5.87500000000000022e-01,-1.65083231530931657e-01,-3.01895024253800548e-01,3.44082953663644886e-01,-1.36438448355264540e-02
953,8.37500000000000022e-01,5.87500000000000022e-01,-1.46512983468075703e-01,-3.14199731399625704e-01,3.46680725648706278e-01,1.06701145752459720e-02
954,8.62500000000000044e-01,5.87500000000000022e-01,-1.19984083449943754e-01,-3.10971637599862905e-01,3.33315975724032099e-01,-7.04018595923946847e-04
955,8.87500000000000067e-01,5.87500000000000022e-01,-9.40448623748604551e-02,-2.93770478240679367e-01,3.08456690679362489e-01,1.36255452016747370e-02
956,9.12500000000000089e-01,5.87500000000000022e-01,-6.21189715058057257e-02,-2.56248862458811677e-01,2.63670715348470364e-01,6.39570266200665226e-03
957,9.37500000000000000e-01,5.87500000000000022e-01,-3.68574212354218153e-02,-2.01063565523329602e-01,2.04413861763530075e-01,8.38537985295839151e-03
958,9.62500000000000022e-01,5.87500000000000022e-01,-1.15682298399512693e-02,-1.28385023993511621e-01,1.28905152447233440e-01,6.39631414419841986e-03
959,9.87500000000000044e-01,5.87500000000000022e-01,-1.60658799798396286e-03,-4.38139634508607906e-02,4.38434090630351325e-02,-4.17161723365122930e-03
960,1.25000000000000007e-02,6.12500000000000044e-01,-1.01781163274746464e-03,2.99565345891218901e-02,2.99738203288972202e-02,-2.85782256757219355e-02
961,3.75000000000000056e-02,6.12500000000000044e-01,-2.23556457639753452e-03,8.13292028328954364e-02,8.13599224582318009e-02,-2.77381253618174325e-02
962,6.25000000000000000e-02,6.12500000000000044e-01,-9.95881025894746960e-03,1.23652555658451860e-01,1.24052942015255130e-01,-3.38809933293303736e-02
963,8.75000000000000083e-02,6.12500000000000044e-01,-1.56081269404756123e-02,1.54858144289788641e-01,1.55642727036848727e-01,-2.69366868728317457e-02
964,1.12500000000000003e-01,6.12500000000000044e-01,-2.59549563432833023e-02,1.79825020664329510e-01,1.81688463628564695e-01,-3.86107100246689955e-02
965,1.37500000000000011e-01,6.12500000000000044e-01,-3.34734738863482900e-02,1.95240082453477459e-01,1.98088776184973975e-01,-2.61862481782664733e-02
966,1.62500000000000006e-01,6.12500000000000044e-01,-4.41350318218693347e-02,2.07437905216561136e-01,2.12081082500425816e-01,-4.29857523836538052e-02
967,1.87500000000000000e-01,6.12500000000000044e-01,-5.18957025495483532e-02,2.11978767744872565e-01,2.18238772718657464e-01,-2.60189649435406227e-02
968,2.12500000000000022e-01,6.12500000000000044e-01,-6.17169645228393821e-02,2.15581369679996276e-01,2.24241634544115442e-01,-4.72868258305958189e-02
969,2.37500000000000017e-01,6.12500000000000044e-01,-6.90025365488742271e-02,2.13069504754812705e-01,2.23964202288311875e-01,-2.67639920875298379e-02
970,2.62500000000000011e-01,6.12500000000000044e-01,-7.76723671622309014e-02,2.10952019090568516e-01,2.24797132942063993e-01,-5.17222808985437349e-02
971,2.87500000000000033e-01,6.12500000000000044e-01,-8.43506885220996205e-02,2.03742877861149030e-01,2.20513489232054383e-01,-2.85131237449275966e-02
972,3.12500000000000000e-01,6.12500000000000044e-01,-9.20263682754042939e-02,1.97502565854265788e-01,2.17890146580745875e-01,-5.63767796700120200e-02
973,3.37500000000000022e-01,6.12500000000000044e-01,-9.82749430429256943e-02,1.86732864181811981e-01,2.11014518447507127e-01,-3.11568226908373880e-02
974,3.62500000000000044e-01,6.12500000000000044e-01,-1.05320524287246697e-01,1.77015752548765171e-01,2.05978128660657039e-01,-6.11826650202936528e-02
975,3.87500000000000011e-01,6.12500000000000044e-01,-1.11448573739551873e-01,1.62979216950351391e-01,1.97441155148388559e-01,-3.44134554392631978e-02
976,4.12500000000000033e-01,6.12500000000000044e-01,-1.18273809372870034e-01,1.49811132324663726e-01,1.90871866318658656e-01,-6.58911369460779967e-02
977,4.37500000000000000e-01,6.12500000000000044e-01,-1.24604330634761173e-01,1.32278371847210918e-01,1.81724535689284095e-01,-3.78320094825520190e-02
978,4.62500000000000022e-01,6.12500000000000044e-01,-1.31551562177339820e-01,1.15321386221363301e-01,1.74942378031497398e-01,-7.00449674977899756e-02
979,4.87500000000000044e-01,6.12500000000000044e-01,-1.38322163140496585e-01,9.37830379519569435e-02,1.67117560487712813e-01,-4.07965333521459472e-02
980,5.12500000000000067e-01,6.12500000000000044e-01,-1.45555509126034405e-01,7.25440768365560318e-02,1.62631636900718773e-01,-7.29699737230121576e-02
981,5.37499999999999978e-01,6.12500000000000044e-01,-1.52798473506787436e-01,4.64377148767662687e-02,1.59699201215849101e-01,-4.25485936088592018e-02
982,5.62500000000000000e-01,6.12500000000000044e-01,-1.60158416352071065e-01,2.05051328379482582e-02,1.61465720204337027e-01,-7.38070711400522772e-02
983,5.87500000000000022e-01,6.12500000000000044e-01,-1.67537742771276671e-01,-1.04801300816518284e-02,1.67865208960709944e-01,-4.22742674615068578e-02
984,6.12500000000000044e-01,6.12500000000000044e-01,-1.74322430516178212e-01,-4.09828808011171303e-02,1.79075141490454670e-01,-7.17872388446656462e-02
985,6.37500000000000067e-01,6.12500000000000044e-01,-1.80925471654124065e-01,-7.64668300701018960e-02,1.96420982571203662e-01,-3.92112975397741897e-02
986,6.62500000000000089e-01,6.12500000000000044e-01,-1.86023186598618218e-01,-1.10945330998139816e-01,2.16595227146378133e-01,-6.56250269398087477e-02
987,6.87500000000000000e-01,6.12500000000000044e-01,-1.90535140111363632e-01,-1.49956039662763690e-01,2.42467427603373836e-01,-3.25368541726110336e-02
988,7.12500000000000022e-01,6.12500000000000044e-01,-1.92055871199192069e-01,-1.86561674078000228e-01,2.67751220159435754e-01,-5.49344633199922716e-02
989,7.37500000000000044e-01,6.12500000000000044e-01,-1.92333687933648745e-01,-2.26158136330527448e-01,2.96883394858411753e-01,-2.26272761062738005e-02
990,7.62500000000000067e-01,6.12500000000000044e-01,-1.87569688320982392e-01,-2.60573804599913750e-01,3.21062448163133063e-01,-4.03810079683262421e-02
991,7.87500000000000089e-01,6.12500000000000044e-01,-1.80809300612231716e-01,-2.94617171795386101e-01,3.45675109177094819e-01,-1.11376283928199728e-02
992,8.12500000000000000e-01,6.12500000000000044e-01,-1.66699222342954895e-01,-3.18683801685346157e-01,3.59649824393632855e-01,-2.41844386298613705e-02
993,8.37500000000000022e-01,6.12500000000000044e-01,-1.50401199171720262e-01,-3.36415514236095170e-01,3.68504978163155639e-01,-1.31054368728165710e-03
994,8.62500000000000044e-01,6.12500000000000044e-01,-1.25260995419413018e-01,-3.37192410592163094e-01,3.59706878908947314e-01,-1.01936519328027289e-02
995,8.87500000000000067e-01,6.12500000000000044e-01,-9.98580775800683718e-02,-3.23440351489149347e-01,3.38504500161240729e-01,2.61568369894779390e-03
996,9.12500000000000089e-01,6.12500000000000044e-01,-6.71074464145111627e-02,-2.85947246874920069e-01,2.93716253141740491e-01,-2.60252859692371944e-03
997,9.37500000000000000e-01,6.12500000000000044e-01,-4.04009585669311971e-02,-2.27931843140294910e-01,2.31484691870669695e-01,-2.45898281578485912e-03
998,9.62500000000000022e-01,6.12500000000000044e-01,-1.28980236463105274e-02,-1.47445615590218793e-01,1.48008677349537043e-01,-3.13053765112480953e-03
999,9.87500000000000044e-01,6.12500000000000044e-01,-1.75147319631904753e-03,-5.12796723589371839e-02,5.13095746971008321e-02,-1.58927661767597900e-02
1000,1.25000000000000007e-02,6.37500000000000067e-01,-1.34241442644207642e-03,3.12833294409160176e-02,3.13121186986956013e-02,-3.58672767722355776e-02
1001,3.75000000000000056e-02,6.37500000000000067e-01,-2.18166460723989751e-03,8.55211320781399109e-02,8.55489549461893456e-02,-3.24130714300236433e-02
1002,6.25000000000000000e-02,6.37500000000000067e-01,-1.06889355903090535e-02,1.29934805489391264e-01,1.30373720594373299e-01,-4.22494247930938760e-02
1003,8.75000000000000083e-02,6.37500000000000067e-01,-1.59896155059227746e-02,1.62620168430814449e-01,1.63404366479276503e-01,-2.94646592831431589e-02
1004,1.12500000000000003e-01,6.37500000000000067e-01,-2.66155182893552458e-02,1.88304193627169159e-01,1.90175853229029634e-01,-4.68915303603232650e-02
1005,1.37500000000000011e-01,6.37500000000000067e-01,-3.34784555045905124e-02,2.04043623636721322e-01,2.06771872675605539e-01,-2.63555138870163429e-02
1006,1.62500000000000006e-01,6.37500000000000067e-01,-4.36871425087432125e-02,2.16107855322949322e-01,2.20479412991018364e-01,-5.02812102036010525e-02
1007,1.87500000000000000e-01,6.37500000000000067e-01,-5.04052499894104694e-02,2.20394271530898772e-01,2.26084772043874060e-01,-2.40855006197182343e-02
1008,2.12500000000000022e-01,6.37500000000000067e-01,-5.91358680704958881e-02,2.23520079069245980e-01,2.31210459624068637e-01,-5.31979658427753146e-02
1009,2.37500000000000017e-01,6.37500000000000067e-01,-6.50635069889991396e-02,2.20591193364979121e-01,2.29986379013830178e-01,-2.32605245619140685e-02
1010,2.62500000000000011e-01,6.37500000000000067e-01,-7.22135802571503421e-02,2.17968521379787700e-01,2.29619418791283558e-01,-5.62861729762348037e-02
1011,2.87500000000000033e-01,6.37500000000000067e-01,-7.73317484919193304e-02,2.10408646602141397e-01,2.24169573960790458e-01,-2.40476544374081634e-02
1012,3.12500000000000000e-01,6.37500000000000067e-01,-8.32657420115039404e-02,2.03795916753418821e-01,2.20149856865937465e-01,-5.98974372290502835e-02
1013,3.37500000000000022e-01,6.37500000000000067e-01,-8.78637485239928268e-02,1.92846585257129804e-01,2.11919427495505686e-01,-2.62794813968985734e-02
1014,3.62500000000000044e-01,6.37500000000000067e-01,-9.31228516281567692e-02,1.82956860031146640e-01,2.05292664573813455e-01,-6.40765819484765270e-02
1015,3.87500000000000011e-01,6.37500000000000067e-01,-9.76179675248004114e-02,1.68944145137841895e-01,1.95118916971238787e-01,-2.95470476569342430e-02
1016,4.12500000000000033e-01,6.37500000000000067e-01,-1.02767322161304284e-01,1.55810414696702759e-01,1.86649424944637293e-01,-6.85783220212205086e-02
1017,4.37500000000000000e-01,6.37500000000000067e-01,-1.07602176270460981e-01,1.38485629437245156e-01,1.75375305840843321e-01,-3.32538738657608551e-02
1018,4.62500000000000022e-01,6.37500000000000067e-01,-1.13142655902681091e-01,1.21729966533882378e-01,1.66190990541162070e-01,-7.28802224998768566e-02
1019,4.87500000000000044e-01,6.37500000000000067e-01,-1.18703986530523081e-01,1.00513256799602546e-01,1.55542763286182661e-01,-3.66237291621853908e-02
1020,5.12500000000000067e-01,6.37500000000000067e-01,-1.24979693199260306e-01,7.95444552774875746e-02,1.48146022820639545e-01,-7.61836826685172996e-02
1021,5.37499999999999978e-01,6.37500000000000067e-01,-1.31491307146068104e-01,5.37298864733199988e-02,1.42045290507702093e-01,-3.87237178966022277e-02
1022,5.62500000000000000e-01,6.37500000000000067e-01,-1.38553977919026489e-01,2.79539438755627666e-02,1.41345773815081538e-01,-7.74472669042688272e-02
1023,5.87500000000000022e-01,6.37500000000000067e-01,-1.45915771866708011e-01,-3.04403280306142455e-03,1.45947520071987830e-01,-3.85481993314050128e-02
1024,6.12500000000000044e-01,6.37500000000000067e-01,-1.53287305077557529e-01,-3.38403605937279695e-02,1.56978240221547050e-01,-7.57530652568213919e-02
1025,6.37500000000000067e-01,6.37500000000000067e-01,-1.60744733159944114e-01,-6.98406443547977401e-02,1.75261475637274539e-01,-3.51567624013451596e-02
1026,6.62500000000000089e-01,6.37500000000000067e-01,-1.67400648234569099e-01,-1.05243343075269682e-01,1.97735020396015981e-01,-6.94171565947279690e-02
1027,6.87500000000000000e-01,6.37500000000000067e-01,-1.73780748527082474e-01,-1.45687690555528299e-01,2.26770041535553024e-01,-2.73785800928263226e-02
1028,7.12500000000000022e-01,6.37500000000000067e-01,-1.77867622000670134e-01,-1.84313833683241529e-01,2.56141523855830278e-01,-5.76224137039221262e-02
1029,7.37500000000000044e-01,6.37500000000000067e-01,-1.81012806072774562e-01,-2.26727793621196549e-01,2.90122609189073344e-01,-1.53394786328267529e-02
1030,7.62500000000000067e-01,6.37500000000000067e-01,-1.79586807599768195e-01,-2.64680412916757812e-01,3.19854877164100104e-01,-4.06503000629098374e-02
1031,7.87500000000000089e-01,6.37500000000000067e-01,-1.76327587440009426e-01,-3.03215873159678961e-01,3.50758155754646250e-01,-6.41559057062094946e-04
1032,8.12500000000000000e-01,6.37500000000000067e-01,-1.65585613810339233e-01,-3.32302648365031539e-01,3.71273006844506037e-01,-2.05283870029808885e-02
1033,8.37500000000000022e-01,6.37500000000000067e-01,-1.52494780971428379e-01,-3.55637790529173325e-01,3.86953351550281932e-01,1.31117612971730010e-02
1034,8.62500000000000044e-01,6.37500000000000067e-01,-1.29414006896932055e-01,-3.61514301412992289e-01,3.83979915239382019e-01,-1.45976151272192824e-03
1035,8.87500000000000067e-01,6.37500000000000067e-01,-1.05555553198288826e-01,-3.51923822891482441e-01,3.67413053564448477e-01,2.05908239743008564e-02
1036,9.12500000000000089e-01,6.37500000000000067e-01,-7.21738169707504679e-02,-3.15705519737952078e-01,3.23850328159688339e-01,1.10986363793066940e-02
1037,9.37500000000000000e-01,6.37500000000000067e-01,-4.46605155939514206e-02,-2.55272735162899167e-01,2.59150016343169920e-01,1.70625192909456512e-02
1038,9.62500000000000022e-01,6.37500000000000067e-01,-1.43119520318443615e-02,-1.67034052464320709e-01,1.67646075568786440e-01,1.37664344614956517e-02
1039,9.87500000000000044e-01,6.37500000000000067e-01,-2.26906014825027820e-03,-5.84632320473218864e-02,5.85072485712273271e-02,2.08538754967271638e-03
1040,1.25000000000000007e-02,6.62500000000000089e-01,-1.27027941701948169e-03,3.34806176360178467e-02,3.35047066408069374e-02,-3.66560502373010216e-02
1041,3.75000000000000056e-02,6.62500000000000089e-01,-2.28946972305080904e-03,9.06745793336520001e-02,9.07034784831734914e-02,-3.49560296491312622e-02
1042,6.25000000000000000e-02,6.62500000000000089e-01,-1.09946561661639873e-02,1.37461199335488143e-01,1.37900195021482735e-01,-4.29894108258319363e-02
1043,8.75000000000000083e-02,6.62500000000000089e-01,-1.64341612709327997e-02,1.70782963157150525e-01,1.71571857136931599e-01,-3.35871612231453814e-02
1044,1.12500000000000003e-01,6.62500000000000089e-01,-2.69409041241434680e-02,1.97315141793983323e-01,1.99145869894924110e-01,-4.83165386753969320e-02
1045,1.37500000000000011e-01,6.62500000000000089e-01,-3.33927223799077022e-02,2.12309400312002211e-01,2.14919415988373635e-01,-3.21407974693912468e-02
1046,1.62500000000000006e-01,6.62500000000000089e-01,-4.28648933752924302e-02,2.24366529722443059e-01,2.28424470545007752e-01,-5.28058191982552008e-02
1047,1.87500000000000000e-01,6.62500000000000089e-01,-4.85473792454530692e-02,2.27424671455893318e-01,2.32548552389437307e-01,-3.13517737813097178e-02
1048,2.12500000000000022e-01,6.62500000000000089e-01,-5.59894337110738854e-02,2.30241965760368483e-01,2.36951850561428284e-01,-5.69537017371684745e-02
1049,2.37500000000000017e-01,6.62500000000000089e-01,-6.04002494664875461e-02,2.26143915272999263e-01,2.34071058763392181e-01,-3.17160893758701018e-02
1050,2.62500000000000011e-01,6.62500000000000089e-01,-6.58870129180216674e-02,2.23223062629185842e-01,2.32743709175592922e-01,-6.12216820361440803e-02
1051,2.87500000000000033e-01,6.62500000000000089e-01,-6.91863138586815279e-02,2.14791304014811946e-01,2.25659146293110291e-01,-3.34045199513017810e-02
1052,3.12500000000000000e-01,6.62500000000000089e-01,-7.32526843031746644e-02,2.08037775539154202e-01,2.20557638291898811e-01,-6.58865298945978395e-02
1053,3.37500000000000022e-01,6.62500000000000089e-01,-7.58858548867903104e-02,1.96585860977845278e-01,2.10724141256524528e-01,-3.63192369524793501e-02
1054,3.62500000000000044e-01,6.62500000000000089e-01,-7.92132529997072454e-02,1.86773523823158094e-01,2.02877028399263165e-01,-7.09920597425572342e-02
1055,3.87500000000000011e-01,6.62500000000000089e-01,-8.17321789035548585e-02,1.72619263979019361e-01,1.90990992889667616e-01,-4.01538077042583527e-02
1056,4.12500000000000033e-01,6.62500000000000089e-01,-8.50135266010357687e-02,1.59799162118288623e-01,1.81005723442249494e-01,-7.63305472089389619e-02
1057,4.37500000000000000e-01,6.62500000000000089e-01,-8.79885742582698221e-02,1.42649046346018993e-01,1.67602922478791327e-01,-4.43911924839876237e-02
1058,4.62500000000000022e-01,6.62500000000000089e-01,-9.18586352790030508e-02,1.26427204722704883e-01,1.56274908316458905e-01,-8.14210942399371113e-02
1059,4.87500000000000044e-01,6.62500000000000089e-01,-9.58245115634794031e-02,1.05615261979772598e-01,1.42607575463000541e-01,-4.83181619291033759e-02
1060,5.12500000000000067e-01,6.62500000000000089e-01,-1.00793703847957813e-01,8.53355054829061516e-02,1.32066344052574336e-01,-8.54994547329432780e-02
1061,5.37499999999999978e-01,6.62500000000000089e-01,-1.06160664784036782e-01,6.00071168206688724e-02,1.21946467011217780e-01,-5.10207214501504913e-02
1062,5.62500000000000000e-01,6.62500000000000089e-01,-1.12504600242075800e-01,3.49337140961847800e-02,1.17803435672238610e-01,-8.75389288243233338e-02
1063,5.87500000000000022e-01,6.62500000000000089e-01,-1.19409292196319503e-01,4.24837395948542140e-03,1.19484843156467527e-01,-5.14422202504454806e-02
1064,6.12500000000000044e-01,6.62500000000000089e-01,-1.26972962591934246e-01,-2.61500317769531032e-02,1.29637793067100576e-01,-8.63561025578401253e-02
1065,6.37500000000000067e-01,6.62500000000000089e-01,-1.34973971505673890e-01,-6.23579001276509809e-02,1.48682482802597021e-01,-4.86759746254633099e-02
1066,6.62500000000000089e-01,6.62500000000000089e-01,-1.42845708479988093e-01,-9.79058818940069242e-02,1.73177533590800903e-01,-8.06582780134124794e-02
1067,6.87500000000000000e-01,6.62500000000000089e-01,-1.50926574811543035e-01,-1.39492960870397448e-01,2.05516707634037704e-01,-4.13573596339174565e-02
1068,7.12500000000000022e-01,6.62500000000000089e-01,-1.57444638851518076e-01,-1.79326700010695395e-01,2.38635453442716444e-01,-6.91813474927182315e-02
1069,7.37500000000000044e-01,6.62500000000000089e-01,-1.63542945970463288e-01,-2.24442286955122083e-01,2.77706023251825140e-01,-2.94285966027752685e-02
1070,7.62500000000000067e-01,6.62500000000000089e-01,-1.65708299145563648e-01,-2.65256650868662569e-01,3.12762419794602509e-01,-5.20437208196383241e-02
1071,7.87500000000000089e-01,6.62500000000000089e-01,-1.66377161108379745e-01,-3.08621141832843837e-01,3.50611421554820502e-01,-1.42762181456148624e-02
1072,8.12500000000000000e-01,6.62500000000000089e-01,-1.59753659598426051e-01,-3.42514775189372456e-01,3.77938623294995002e-01,-3.11715550035683055e-02
1073,8.37500000000000022e-01,6.62500000000000089e-01,-1.50600255895246699e-01,-3.72589367495206991e-01,4.01874699186440698e-01,4.71677110969876562e-04
1074,8.62500000000000044e-01,6.62500000000000089e-01,-1.30754304216903816e-01,-3.84130322419588832e-01,4.05774312485923550e-01,-1.10654128256689986e-02
1075,8.87500000000000067e-01,6.62500000000000089e-01,-1.09177483914185747e-01,-3.80682305406614796e-01,3.96028711892872032e-01,9.06632682278149353e-03
1076,9.12500000000000089e-01,6.62500000000000089e-01,-7.63454933128236563e-02,-3.46841467369904011e-01,3.55144530911693179e-01,2.09852978916200139e-03
1077,9.37500000000000000e-01,6.62500000000000089e-01,-4.82380131541468998e-02,-2.85795026996973067e-01,2.89837374003526660e-01,5.92960851712376162e-03
1078,9.62500000000000022e-01,6.62500000000000089e-01,-1.57499084398848299e-02,-1.89836818082815634e-01,1.90489047232833802e-01,4.22629629460273028e-03
1079,9.87500000000000044e-01,6.62500000000000089e-01,-2.48089757940304434e-03,-6.78612436572517685e-02,6.79065773214081320e-02,-9.93884649009112511e-03
1080,1.25000000000000007e-02,6.87500000000000000e-01,-1.79955798235154844e-03,3.48433712381662208e-02,3.48898112372726110e-02,-4.68920292758901805e-02
1081,3.75000000000000056e-02,6.87500000000000000e-01,-2.50717012957213511e-03,9.52457710837335825e-02,9.52787636957659057e-02,-4.14912447217531052e-02
1082,6.25000000000000000e-02,6.87500000000000000e-01,-1.27706655392114485e-02,1.44079981061581985e-01,1.44644843810694562e-01,-5.48459398047324506e-02
1083,8.75000000000000083e-02,6.87500000000000000e-01,-1.80859750102067632e-02,1.78566591182711565e-01,1.79480165975751949e-01,-3.67703236274777370e-02
1084,1.12500000000000003e-01,6.87500000000000000e-01,-2.91835349111898325e-02,2.05263262878920882e-01,2.07327484424071506e-01,-5.95422579077650588e-02
1085,1.37500000000000011e-01,6.87500000000000000e-01,-3.49507032456073119e-02,2.19967740776104065e-01,2.22727094533884284e-01,-3.17131914729424369e-02
1086,1.62500000000000006e-01,6.87500000000000000e-01,-4.37440213024830535e-02,2.31263046084607599e-01,2.35363837247873381e-01,-6.19283051993812991e-02
1087,1.87500000000000000e-01,6.87500000000000000e-01,-4.81023364759926783e-02,2.33518898696053939e-01,2.38421707951829570e-01,-2.78809394127339273e-02
1088,2.12500000000000022e-01,6.87500000000000000e-01,-5.39032557346529467e-02,2.35373513895161479e-01,2.41466875620966220e-01,-6.35296201846002190e-02
1089,2.37500000000000017e-01,6.87500000000000000e-01,-5.65258242236899855e-02,2.30488820969603769e-01,2.37318910742750439e-01,-2.61344644351461167e-02
1090,2.62500000000000011e-01,6.87500000000000000e-01,-5.98123555536014470e-02,2.26755184577530217e-01,2.34511047947980972e-01,-6.55300023801479309e-02
1091,2.87500000000000033e-01,6.87500000000000000e-01,-6.10515497670757051e-02,2.17774330117727344e-01,2.26170180587951519e-01,-2.66502257673797843e-02
1092,3.12500000000000000e-01,6.87500000000000000e-01,-6.26706984360338309e-02,2.10496092324086281e-01,2.19627460318992329e-01,-6.85378501625116265e-02
1093,3.37500000000000022e-01,6.87500000000000000e-01,-6.31198141337078050e-02,1.98807132680676596e-01,2.08586641329175176e-01,-2.91602781199038208e-02
1094,3.62500000000000044e-01,6.87500000000000000e-01,-6.39700787261903020e-02,1.88803854006918154e-01,1.99346598315849499e-01,-7.26683993297040642e-02
1095,3.87500000000000011e-01,6.87500000000000000e-01,-6.42906220412699514e-02,1.74744368117316723e-01,1.86195806266343494e-01,-3.31126885812129193e-02
1096,4.12500000000000033e-01,6.87500000000000000e-01,-6.52153173701986166e-02,1.62067513524129708e-01,1.74696641523498369e-01,-7.76445592078168212e-02
1097,4.37500000000000000e-01,6.87500000000000000e-01,-6.60805242293342615e-02,1.45330663345170724e-01,1.59648480702983764e-01,-3.77845982639877301e-02
1098,4.62500000000000022e-01,6.87500000000000000e-01,-6.78548754963119727e-02,1.29566637794926498e-01,1.46259351010804339e-01,-8.28702722050428803e-02
1099,4.87500000000000044e-01,6.87500000000000000e-01,-6.99232217273036416e-02,1.09448232877825027e-01,1.29877529298967981e-01,-4.22522136319916919e-02
1100,5.12500000000000067e-01,6.87500000000000000e-01,-7.32150228581551210e-02,8.98813684990611428e-02,1.15927132179590275e-01,-8.74154117390370800e-02
1101,5.37499999999999978e-01,6.87500000000000000e-01,-7.70670824539283206e-02,6.54406819722894439e-02,1.01103007150919688e-01,-4.53912630253856531e-02
1102,5.62500000000000000e-01,6.87500000000000000e-01,-8.23719984650436304e-02,4.12033475648773059e-02,9.21024537223478629e-02,-9.00602528627092586e-02
1103,5.87500000000000022e-01,6.87500000000000000e-01,-8.83959291279981935e-02,1.14242494196684329e-02,8.91311043418899634e-02,-4.59102532640614028e-02
1104,6.12500000000000044e-01,6.87500000000000000e-01,-9.58708015984517797e-02,-1.82749363968402259e-02,9.75970486205308407e-02,-8.93875460209430650e-02
1105,6.37500000000000067e-01,6.87500000000000000e-01,-1.03982896501251726e-01,-5.39679491865842631e-02,1.17153669614723413e-01,-4.28030056743743739e-02
1106,6.62500000000000089e-01,6.87500000000000000e-01,-1.12959225834880980e-01,-8.92900697781996155e-02,1.43987858037444932e-01,-8.38300735204659253e-02
1107,6.87500000000000000e-01,6.87500000000000000e-01,-1.22418711610002270e-01,-1.31088763424300481e-01,1.79361659359978942e-01,-3.42178510269189884e-02
1108,7.12500000000000022e-01,6.87500000000000000e-01,-1.31477461521451178e-01,-1.71696867187399099e-01,2.16254796686899037e-01,-7.15370551039560543e-02
1109,7.37500000000000044e-01,6.87500000000000000e-01,-1.40467927757803840e-01,-2.18464092572369734e-01,2.59726391558579461e-01,-1.97347186828876649e-02
1110,7.62500000000000067e-01,6.87500000000000000e-01,-1.46659189020843933e-01,-2.61845668496255235e-01,3.00120095685881105e-01,-5.21034283090431802e-02
1111,7.87500000000000089e-01,6.87500000000000000e-01,-1.51679315117610847e-01,-3.09170430786801065e-01,3.44373300224398382e-01,-5.73175731982147516e-04
1112,8.12500000000000000e-01,6.87500000000000000e-01,-1.49993288571397210e-01,-3.48079077714480822e-01,3.79021148432414023e-01,-2.69313472470849233e-02
1113,8.37500000000000022e-01,6.87500000000000000e-01,-1.45794294548768383e-01,-3.84637025306415803e-01,4.11341242230269688e-01,1.94919040402850158e-02
1114,8.62500000000000044e-01,6.87500000000000000e-01,-1.30148935108563180e-01,-4.02936631374600118e-01,4.23434380055993265e-01,-3.95350395420700294e-04
1115,8.87500000000000067e-01,6.87500000000000000e-01,-1.12220199011698163e-01,-4.06332474372610719e-01,4.21544129120538791e-01,3.34829108038382506e-02
1116,9.12500000000000089e-01,6.87500000000000000e-01,-8.04125916154738163e-02,-3.76644555207195697e-01,3.85132841831936301e-01,1.99726766369403737e-02
1117,9.37500000000000000e-01,6.87500000000000000e-01,-5.27452202733503447e-02,-3.15868110472274144e-01,3.20241661054599558e-01,3.33975847570140982e-02
1118,9.62500000000000022e-01,6.87500000000000000e-01,-1.73176768624924877e-02,-2.12790740443590087e-01,2.13494264912303999e-01,2.74412415263618828e-02
1119,9.87500000000000044e-01,6.87500000000000000e-01,-3.27688726414501752e-03,-7.66938327031886219e-02,7.67638063467842996e-02,1.59243076620409589e-02
1120,1.25000000000000007e-02,7.12500000000000022e-01,-1.72476158912242858e-03,3.77873644739116429e-02,3.78267063914313265e-02,-4.51273205118710372e-02
1121,3.75000000000000056e-02,7.12500000000000022e-01,-2.96611123270698520e-03,1.01644590402259830e-01,1.01687858537231279e-01,-4.28523019214342576e-02
1122,6.25000000000000000e-02,7.12500000000000022e-01,-1.40135706538228374e-02,1.53040702115321919e-01,1.53680957396875872e-01,-5.33932396638701137e-02
1123,8.75000000000000083e-02,7.12500000000000022e-01,-1.98916906721476779e-02,1.87194133704505217e-01,1.88248035982255563e-01,-4.06012717519321151e-02
1124,1.12500000000000003e-01,7.12500000000000022e-01,-3.11011995895051005e-02,2.14181141475828202e-01,2.16427461242317792e-01,-5.93911535220554773e-02
1125,1.37500000000000011e-01,7.12500000000000022e-01,-3.64421012909372927e-02,2.26867655272715296e-01,2.29775890283202944e-01,-3.78965397643581878e-02
1126,1.62500000000000006e-01,7.12500000000000022e-01,-4.42680273539553457e-02,2.37519974868898920e-01,2.41610009535062342e-01,-6.34841059081585612e-02
1127,1.87500000000000000e-01,7.12500000000000022e-01,-4.72203831913931144e-02,2.37581160554851650e-01,2.42228347720352899e-01,-3.59182647530613824e-02
1128,2.12500000000000022e-01,7.12500000000000022e-01,-5.12360052872654903e-02,2.38667773764392077e-01,2.44105375752865672e-01,-6.67437132639384506e-02
1129,2.37500000000000017e-01,7.12500000000000022e-01,-5.17986089844641451e-02,2.32049783877389282e-01,2.37760800154837304e-01,-3.54408012610621242e-02
1130,2.62500000000000011e-01,7.12500000000000022e-01,-5.28255815854347111e-02,2.27751577428395025e-01,2.33797611388486232e-01,-7.01228765624982847e-02
1131,2.87500000000000033e-01,7.12500000000000022e-01,-5.16478134968351363e-02,2.17645969625580887e-01,2.23690108706807028e-01,-3.67223803848274188e-02
1132,3.12500000000000000e-01,7.12500000000000022e-01,-5.07894520133741825e-02,2.10109248106872676e-01,2.16160737822237770e-01,-7.41904861615763217e-02
1133,3.37500000000000022e-01,7.12500000000000022e-01,-4.86713184762476228e-02,1.97881170424175856e-01,2.03778936229086383e-01,-3.96380775663746979e-02
1134,3.62500000000000044e-01,7.12500000000000022e-01,-4.69894344763195707e-02,1.87947897361648214e-01,1.93732854919006908e-01,-7.91118853839810204e-02
1135,3.87500000000000011e-01,7.12500000000000022e-01,-4.47422877561611393e-02,1.73860102542799294e-01,1.79524949714093524e-01,-4.38351138532123430e-02
1136,4.12500000000000033e-01,7.12500000000000022e-01,-4.32089510997957504e-02,1.61592914809762789e-01,1.67270091683659333e-01,-8.47004992926206068e-02
1137,4.37500000000000000e-01,7.12500000000000022e-01,-4.16121211262935331e-02,1.45283950767786441e-01,1.51125758808106303e-01,-4.86792070323325554e-02
1138,4.62500000000000022e-01,7.12500000000000022e-01,-4.11043689315418043e-02,1.30273954146879201e-01,1.36604803262269953e-01,-9.04258589322368134e-02
1139,4.87500000000000044e-01,7.12500000000000022e-01,-4.09279315753055539e-02,1.10970588048484906e-01,1.18277499951848122e-01,-5.33505120295988608e-02
1140,5.12500000000000067e-01,7.12500000000000022e-01,-4.22359450203554782e-02,9.24835266643090209e-02,1.01671420546928765e-01,-9.54230114430374421e-02
1141,5.37499999999999978e-01,7.12500000000000022e-01,-4.42072920035868761e-02,6.91591962416781836e-02,8.20809301304837174e-02,-5.67760698373856107e-02
1142,5.62500000000000000e-01,7.12500000000000022e-01,-4.80154946112049605e-02,4.62667348516624388e-02,6.66790707538181537e-02,-9.85000393853925904e-02
1143,5.87500000000000022e-01,7.12500000000000022e-01,-5.27614491992635104e-02,1.77423135243291487e-02,5.56647124379714836e-02,-5.76495482053298522e-02
1144,6.12500000000000044e-01,7.12500000000000022e-01,-5.95306606869119778e-02,-1.05590670316955647e-02,6.04598499700428268e-02,-9.81894870356600086e-02
1145,6.37500000000000067e-01,7.12500000000000022e-01,-6.72974055664988663e-02,-4.52739752031810772e-02,8.11090230904064624e-02,-5.49360701210150001e-02
1146,6.62500000000000089e-01,7.12500000000000022e-01,-7.67196168436844739e-02,-7.94665237336765612e-02,1.10457358301548805e-01,-9.30540967689916371e-02
1147,6.87500000000000000e-01,7.12500000000000022e-01,-8.71749752440473258e-02,-1.20978683493650790e-01,1.49115117170115247e-01,-4.68019817713679273e-02
1148,7.12500000000000022e-01,7.12500000000000022e-01,-9.82488309539989724e-02,-1.61274485352519426e-01,1.88844625048073506e-01,-8.11224281675937409e-02
1149,7.37500000000000044e-01,7.12500000000000022e-01,-1.09979043169198099e-01,-2.09263919502692575e-01,2.36403845023810344e-01,-3.26633338913640062e-02
1150,7.62500000000000067e-01,7.12500000000000022e-01,-1.20090427687086013e-01,-2.54042845904334180e-01,2.80997292473149141e-01,-6.17782518483231124e-02
1151,7.87500000000000089e-01,7.12500000000000022e-01,-1.29722584004225955e-01,-3.05289796851140882e-01,3.31707414542009194e-01,-1.33525590889182859e-02
1152,8.12500000000000000e-01,7.12500000000000022e-01,-1.33540723292942032e-01,-3.48397951762387248e-01,3.73114268783477143e-01,-3.61301585130546082e-02
1153,8.37500000000000022e-01,7.12500000000000022e-01,-1.35074074915206566e-01,-3.92435905830207710e-01,4.15031258941991610e-01,7.36741130929068674e-03
1154,8.62500000000000044e-01,7.12500000000000022e-01,-1.25025580642052686e-01,-4.17703112467272486e-01,4.36012942445209217e-01,-8.85155823331712326e-03
1155,8.87500000000000067e-01,7.12500000000000022e-01,-1.11790263687234215e-01,-4.30420327468293340e-01,4.44700709863582566e-01,2.23464481181095860e-02
1156,9.12500000000000089e-01,7.12500000000000022e-01,-8.27569717289062812e-02,-4.06315640186175442e-01,4.14657829818322110e-01,1.19365482905632730e-02
1157,9.37500000000000000e-01,7.12500000000000022e-01,-5.60408987608155273e-02,-3.48891177809243669e-01,3.53363320517341262e-01,2.26798287368525781e-02
1158,9.62500000000000022e-01,7.12500000000000022e-01,-1.88410105321162036e-02,-2.39304886271467010e-01,2.40045437930553190e-01,1.86096928748908513e-02
1159,9.87500000000000044e-01,7.12500000000000022e-01,-3.61723534305120496e-03,-8.84563337967044366e-02,8.85302625110815644e-02,4.21810993879444870e-03
1160,1.25000000000000007e-02,7.37500000000000044e-01,-2.68425538793174703e-03,3.95345196332015369e-02,3.96255406223768591e-02,-6.02624374624700851e-02
1161,3.75000000000000056e-02,7.37500000000000044e-01,-3.82981735417008183e-03,1.07534789159070179e-01,1.07602966411024098e-01,-5.22542056410732897e-02
1162,6.25000000000000000e-02,7.37500000000000044e-01,-1.78245221425460156e-02,1.61006033891607642e-01,1.61989680347593812e-01,-7.09408196943082658e-02
1163,8.75000000000000083e-02,7.37500000000000044e-01,-2.39744752942403737e-02,1.95654327305651826e-01,1.97117709146238995e-01,-4.44168034553037022e-02
1164,1.12500000000000003e-01,7.37500000000000044e-01,-3.60610758396211276e-02,2.21814186604027380e-01,2.24726354861901290e-01,-7.48941800876401359e-02
1165,1.37500000000000011e-01,7.37500000000000044e-01,-4.06081329254180251e-02,2.33134614969241705e-01,2.36644816458220775e-01,-3.60702700028833201e-02
1166,1.62500000000000006e-01,7.37500000000000044e-01,-4.71621883984947934e-02,2.42041883835856453e-01,2.46593887891296576e-01,-7.47167736208765726e-02
1167,1.87500000000000000e-01,7.37500000000000044e-01,-4.83361012515274580e-02,2.40486868365587858e-01,2.45296376941212674e-01,-2.97925641505272648e-02
1168,2.12500000000000022e-01,7.37500000000000044e-01,-4.97720057595697138e-02,2.39952343100444665e-01,2.45059950862486220e-01,-7.35445601074469768e-02
1169,2.37500000000000017e-01,7.37500000000000044e-01,-4.79635128756059556e-02,2.32078337721420835e-01,2.36982812471508764e-01,-2.66762357962714129e-02
1170,2.62500000000000011e-01,7.37500000000000044e-01,-4.58299144383993717e-02,2.26605042602854578e-01,2.31193050047947046e-01,-7.33989139742454999e-02
1171,2.87500000000000033e-01,7.37500000000000044e-01,-4.20008591063026904e-02,2.15738093042518314e-01,2.19788527806366152e-01,-2.67348431940881807e-02
1172,3.12500000000000000e-01,7.37500000000000044e-01,-3.78292998947098724e-02,2.07520301028305654e-01,2.10940112992769796e-01,-7.51061420174244376e-02
1173,3.37500000000000022e-01,7.37500000000000044e-01,-3.29749839025700597e-02,1.95006963797524691e-01,1.97775290400251630e-01,-2.94658945850640730e-02
1174,3.62500000000000044e-01,7.37500000000000044e-01,-2.80811649514704567e-02,1.84875575306769235e-01,1.86996069932072628e-01,-7.87349476652501185e-02
1175,3.87500000000000011e-01,7.37500000000000044e-01,-2.31161706040778382e-02,1.70963695188112025e-01,1.72519397215995712e-01,-3.40365271008740353e-02
1176,4.12500000000000033e-01,7.37500000000000044e-01,-1.85872720532563387e-02,1.58938143320399627e-01,1.60021311344825751e-01,-8.38518816839550762e-02
1177,4.37500000000000000e-01,7.37500000000000044e-01,-1.43752240355306121e-02,1.43225859906251668e-01,1.43945454988884336e-01,-3.95824787062972194e-02
1178,4.62500000000000022e-01,7.37500000000000044e-01,-1.11911961496279373e-02,1.28883284523941127e-01,1.29368249199479424e-01,-8.97506778351550988e-02
1179,4.87500000000000044e-01,7.37500000000000044e-01,-8.56974878363716240e-03,1.10579562836766759e-01,1.10911137003391586e-01,-4.50028365397064228e-02
1180,5.12500000000000067e-01,7.37500000000000044e-01,-7.60060939515574269e-03,9.31616000953711249e-02,9.34711345577209918e-02,-9.53153040237706833e-02
1181,5.37499999999999978e-01,7.37500000000000044e-01,-7.38924533973118244e-03,7.12199686837980683e-02,7.16022687211230469e-02,-4.89836292284950292e-02
1182,5.62500000000000000e-01,7.37500000000000044e-01,-9.45878818985713098e-03,4.97584015892539172e-02,5.06494541208298496e-02,-9.91407359804028915e-02
1183,5.87500000000000022e-01,7.37500000000000044e-01,-1.24661603296910943e-02,2.29391605069206826e-02,2.61076662711900269e-02,-4.99910431016998974e-02
1184,6.12500000000000044e-01,7.37500000000000044e-01,-1.83065554411301241e-02,-3.73810830226935361e-03,1.86843096152538128e-02,-9.95396460908747754e-02
1185,6.37500000000000067e-01,7.37500000000000044e-01,-2.51626560848095225e-02,-3.67792019580988130e-02,4.45630896361217457e-02,-4.67717074779671962e-02
1186,6.62500000000000089e-01,7.37500000000000044e-01,-3.49166943513419190e-02,-6.94117213793014332e-02,7.76991802354619621e-02,-9.48074800730998313e-02
1187,6.87500000000000000e-01,7.37500000000000044e-01,-4.57647866797437561e-02,-1.09559684655731945e-01,1.18733905021716005e-01,-3.70368572449396860e-02
1188,7.12500000000000022e-01,7.37500000000000044e-01,-5.88950911412641845e-02,-1.48892123300080170e-01,1.60117132566581055e-01,-8.22761632136402715e-02
1189,7.37500000000000044e-01,7.37500000000000044e-01,-7.28557122534334162e-02,-1.96622565536436672e-01,2.09686404151736588e-01,-1.95846265183231352e-02
1190,7.62500000000000067e-01,7.37500000000000044e-01,-8.72324756080247871e-02,-2.42101543952259440e-01,2.57337642766798602e-01,-6.08446465528038605e-02
1191,7.87500000000000089e-01,7.37500000000000044e-01,-1.01480509746091713e-01,-2.95720146119645477e-01,3.12647882896000262e-01,4.89177199714232666e-03
1192,8.12500000000000000e-01,7.37500000000000044e-01,-1.11767845928639531e-01,-3.42727082191266186e-01,3.60491198576146976e-01,-3.07933822020837952e-02
1193,8.37500000000000022e-01,7.37500000000000044e-01,-1.19953072469506386e-01,-3.93152125967802524e-01,4.11044199263141952e-01,3.30400035414042878e-02
1194,8.62500000000000044e-01,7.37500000000000044e-01,-1.16878034931409344e-01,-4.26219996609246587e-01,4.41954704193782633e-01,4.44507854896767068e-03
1195,8.87500000000000067e-01,7.37500000000000044e-01,-1.10095633154764352e-01,-4.48600991931577431e-01,4.61913301823776934e-01,5.63744905646194269e-02
1196,9.12500000000000089e-01,7.37500000000000044e-01,-8.48296223007735661e-02,-4.32393502452992573e-01,4.40636137627473778e-01,3.56017331826193675e-02
1197,9.37500000000000000e-01,7.37500000000000044e-01,-6.07090302988714456e-02,-3.79783923532996615e-01,3.84605531595615890e-01,6.25265470372336069e-02
1198,9.62500000000000022e-01,7.37500000000000044e-01,-2.07124952872365410e-02,-2.65214007140776808e-01,2.66021572517515625e-01,5.12512345854794424e-02
1199,9.87500000000000044e-01,7.37500000000000044e-01,-4.97883619515342418e-03,-9.91519059549495207e-02,9.92768314580865507e-02,4.25730020403601028e-02
1200,1.25000000000000007e-02,7.62500000000000067e-01,-2.68408230718545499e-03,4.43014725041258883e-02,4.43827079375016115e-02,-5.42102952797759857e-02
1201,3.75000000000000056e-02,7.62500000000000067e-01,-5.03953100317972979e-03,1.16783829349658377e-01,1.16892513320152977e-01,-5.18627022747782385e-02
1202,6.25000000000000000e-02,7.62500000000000067e-01,-2.08580229648504742e-02,1.73186054836930170e-01,1.74437572535226515e-01,-6.61330528306289939e-02
1203,8.75000000000000083e-02,7.62500000000000067e-01,-2.81092848712641979e-02,2.05429082703430271e-01,2.07343290020069571e-01,-4.80088471854314691e-02
1204,1.12500000000000003e-01,7.62500000000000067e-01,-4.03945194781987066e-02,2.30816045222189875e-01,2.34324057526935497e-01,-7.26276751254475716e-02
1205,1.37500000000000011e-01,7.62500000000000067e-01,-4.42219585413631405e-02,2.37966644655859344e-01,2.42040710596383102e-01,-4.30760576521173888e-02
1206,1.62500000000000006e-01,7.62500000000000067e-01,-4.91840102719272379e-02,2.45249717520074517e-01,2.50132946270788969e-01,-7.52222178274849773e-02
1207,1.87500000000000000e-01,7.62500000000000067e-01,-4.82153259906982490e-02,2.40188343903565360e-01,2.44979913885866735e-01,-3.91068486690189301e-02
1208,2.12500000000000022e-01,7.62500000000000067e-01,-4.70019484118212247e-02,2.38297466036030553e-01,2.42888586544737911e-01,-7.63512354115632175e-02
1209,2.37500000000000017e-01,7.62500000000000067e-01,-4.22967472478541495e-02,2.28104566145898718e-01,2.31992904900898939e-01,-3.72487279896983881e-02
1210,2.62500000000000011e-01,7.62500000000000067e-01,-3.70500940714838661e-02,2.21791680123585938e-01,2.24864979138034909e-01,-7.78047705051077426e-02
1211,2.87500000000000033e-01,7.62500000000000067e-01,-3.00207584733981833e-02,2.09641768149797264e-01,2.11780350581189325e-01,-3.77830203802872328e-02
1212,3.12500000000000000e-01,7.62500000000000067e-01,-2.26295952614711804e-02,2.01086562470075669e-01,2.02355884984177420e-01,-8.05075249081580735e-02
1213,3.37500000000000022e-01,7.62500000000000067e-01,-1.45191016597753554e-02,1.88129034549512186e-01,1.88688467992981612e-01,-4.04248613005662727e-02
1214,3.62500000000000044e-01,7.62500000000000067e-01,-6.46323501860902525e-03,1.78092650414304332e-01,1.78209891808780885e-01,-8.46715722812131227e-02
1215,3.87500000000000011e-01,7.62500000000000067e-01,1.63522605472058899e-03,1.64361856134178669e-01,1.64369990314906567e-01,-4.47931742640864591e-02
1216,4.12500000000000033e-01,7.62500000000000067e-01,9.11032873984175470e-03,1.52855839880884636e-01,1.53127090599405796e-01,-9.00588865673398187e-02
1217,4.37500000000000000e-01,7.62500000000000067e-01,1.62370365405133041e-02,1.37883248080316018e-01,1.38835987614148282e-01,-4.99839835407657126e-02
1218,4.62500000000000022e-01,7.62500000000000067e-01,2.21346534964735817e-02,1.24472570025714227e-01,1.26425328056585573e-01,-9.60121108628813474e-02
1219,4.87500000000000044e-01,7.62500000000000067e-01,2.74265379461681759e-02,1.07375190892111991e-01,1.10822590670088969e-01,-5.50876166192227901e-02
1220,5.12500000000000067e-01,7.62500000000000067e-01,3.08499128341360694e-02,9.13072361270566429e-02,9.63780498403857128e-02,-1.01522689070024583e-01
1221,5.37499999999999978e-01,7.62500000000000067e-01,3.34320924654719007e-02,7.10124814198380278e-02,7.84887082580845163e-02,-5.88575035523860174e-02
1222,5.62500000000000000e-01,7.62500000000000067e-01,3.34869116841249245e-02,5.13478798947565873e-02,6.13023492521023242e-02,-1.05231248387126011e-01
1223,5.87500000000000022e-01,7.62500000000000067e-01,3.24372550806943036e-02,2.65852070167958351e-02,4.19398229526057806e-02,-5.98089485502121890e-02
1224,6.12500000000000044e-01,7.62500000000000067e-01,2.82370160071782964e-02,2.14153191665537824e-03,2.83181078453292323e-02,-1.05460514874466699e-01
1225,6.37500000000000067e-01,7.62500000000000067e-01,2.26096158809395431e-02,-2.86684117658796075e-02,3.65112662538791960e-02,-5.63460970087841864e-02
1226,6.62500000000000089e-01,7.62500000000000067e-01,1.34824725571664524e-02,-5.88607285565821980e-02,6.03851176405776138e-02,-1.00555332047971416e-01
1227,6.87500000000000000e-01,7.62500000000000067e-01,2.77612411508779090e-03,-9.70043185674298730e-02,9.70440347771762413e-02,-4.67635010740718379e-02
1228,7.12500000000000022e-01,7.62500000000000067e-01,-1.14017558791467914e-02,-1.34180456554365307e-01,1.34664007657078033e-01,-8.81014818008349909e-02
1229,7.37500000000000044e-01,7.62500000000000067e-01,-2.71976742429489229e-02,-1.80929937116734135e-01,1.82962716500632810e-01,-2.97769942888130926e-02
1230,7.62500000000000067e-01,7.62500000000000067e-01,-4.51435091418404266e-02,-2.25415562676756359e-01,2.29891522928789394e-01,-6.68117920761004819e-02
1231,7.87500000000000089e-01,7.62500000000000067e-01,-6.39424945690508367e-02,-2.80757174853971003e-01,2.87946581580154126e-01,-5.14690895647357521e-03
1232,8.12500000000000000e-01,7.62500000000000067e-01,-8.06800644127605854e-02,-3.29923517943143896e-01,3.39645109615355989e-01,-3.62307349562491290e-02
1233,8.37500000000000022e-01,7.62500000000000067e-01,-9.61635255513460102e-02,-3.87327846682508359e-01,3.99086813190028977e-01,2.31997685647923647e-02
1234,8.62500000000000044e-01,7.62500000000000067e-01,-1.01551261687935754e-01,-4.27559249581707268e-01,4.39453718442891605e-01,-7.83292054291128770e-04
1235,8.87500000000000067e-01,7.62500000000000067e-01,-1.02614583147983413e-01,-4.62470329726550888e-01,4.73717804765684425e-01,4.71895567063425059e-02
1236,9.12500000000000089e-01,7.62500000000000067e-01,-8.37042820317875080e-02,-4.55701447627460232e-01,4.63325173285695668e-01,3.02312239761795901e-02
1237,9.37500000000000000e-01,7.62500000000000067e-01,-6.32468492143512528e-02,-4.13009445402869102e-01,4.17824084905990545e-01,5.33693117844289897e-02
1238,9.62500000000000022e-01,7.62500000000000067e-01,-2.25097789284704648e-02,-2.95034802458136181e-01,2.95892252025834634e-01,4.42334127133295549e-02
1239,9.87500000000000044e-01,7.62500000000000067e-01,-5.68307947669933165e-03,-1.14148148532727853e-01,1.14289532354403228e-01,3.19700193627283080e-02
1240,1.25000000000000007e-02,7.87500000000000089e-01,-4.72174896858982424e-03,4.72583882979776548e-02,4.74936856628837625e-02,-7.87455659998743673e-02
1241,3.75000000000000056e-02,7.87500000000000089e-01,-7.51678394707119314e-03,1.25708869517446226e-01,1.25933402702624014e-01,-6.59915577009176357e-02
1242,6.25000000000000000e-02,7.87500000000000089e-01,-2.84648026825040472e-02,1.84076253163709708e-01,1.86264092005260201e-01,-9.37916393313727448e-02
1243,8.75000000000000083e-02,7.87500000000000089e-01,-3.63494266828870496e-02,2.15190840777136405e-01,2.18239269551896764e-01,-5.20934273672493883e-02
1244,1.12500000000000003e-01,7.87500000000000089e-01,-4.90667494860456341e-02,2.37927389534277250e-01,2.42934123983688355e-01,-9.44651362197857364e-02
1245,1.37500000000000011e-01,7.87500000000000089e-01,-5.14930911339376018e-02,2.41924040528108314e-01,2.47343445071774248e-01,-3.82600647883570497e-02
1246,1.62500000000000006e-01,7.87500000000000089e-01,-5.35245151319941881e-02,2.46035849719013738e-01,2.51790613540441965e-01,-8.85858254859506478e-02
1247,1.87500000000000000e-01,7.87500000000000089e-01,-4.98223632989495610e-02,2.38304664387912701e-01,2.43457143977596657e-01,-2.85608054619698147e-02
1248,2.12500000000000022e-01,7.87500000000000089e-01,-4.42703033124037387e-02,2.34034436773330357e-01,2.38184754657350367e-01,-8.23914850343840655e-02
1249,2.37500000000000017e-01,7.87500000000000089e-01,-3.62490394689968035e-02,2.22126268407004029e-01,2.25064595125144651e-01,-2.38480453648747849e-02
1250,2.62500000000000011e-01,7.87500000000000089e-01,-2.63891045270315053e-02,2.14329801394409380e-01,2.15948254458112165e-01,-7.88439819736190123e-02
1251,2.87500000000000033e-01,7.87500000000000089e-01,-1.58972312546493827e-02,2.01317311225996526e-01,2.01944006498901929e-01,-2.34987114540672858e-02
1252,3.12500000000000000e-01,7.87500000000000089e-01,-4.06477103388619854e-03,1.92019464993409938e-01,1.92062482801595852e-01,-7.85872039548367318e-02
1253,3.37500000000000022e-01,7.87500000000000089e-01,7.41397048663763793e-03,1.78840256292378069e-01,1.78993866456647638e-01,-2.66330049674872969e-02
1254,3.62500000000000044e-01,7.87500000000000089e-01,1.94110979292643759e-02,1.68722138363140928e-01,1.69835069101320651e-01,-8.13648880264987162e-02
1255,3.87500000000000011e-01,7.87500000000000089e-01,3.06505750167060421e-02,1.55389728306177116e-01,1.58383791506335220e-01,-3.19391177124972725e-02
1256,4.12500000000000033e-01,7.87500000000000089e-01,4.15631473204263191e-02,1.44337276205394605e-01,1.50202345246576746e-01,-8.65541057154249338e-02
1257,4.37500000000000000e-01,7.87500000000000089e-01,5.16194075305490482e-02,1.30201094255139926e-01,1.40060301938274928e-01,-3.83231679760243429e-02
1258,4.62500000000000022e-01,7.87500000000000089e-01,6.05236886725008874e-02,1.17694763330369392e-01,1.32344906233362369e-01,-9.29616604121060175e-02
1259,4.87500000000000044e-01,7.87500000000000089e-01,6.85379247270675035e-02,1.01863837379288377e-01,1.22774950586539755e-01,-4.44790708337956253e-02
1260,5.12500000000000067e-01,7.87500000000000089e-01,7.45447907265267551e-02,8.71570557271382079e-02,1.14687742097772341e-01,-9.92549576906050918e-02
1261,5.37499999999999978e-01,7.87500000000000089e-01,7.96102541384796636e-02,6.85824875167170417e-02,1.05077829050537433e-01,-4.89233821935982915e-02
1262,5.62500000000000000e-01,7.87500000000000089e-01,8.17799465678726023e-02,5.07542731041907280e-02,9.62494462268686374e-02,-1.03810443961354124e-01
1263,5.87500000000000022e-01,7.87500000000000089e-01,8.28979792770668800e-02,2.81885720448662447e-02,8.75595258218637568e-02,-4.99180777762042241e-02
1264,6.12500000000000044e-01,7.87500000000000089e-01,8.02177439240644996e-02,6.09055585514400085e-03,8.04486252890092290e-02,-1.04694058879903740e-01
1265,6.37500000000000067e-01,7.87500000000000089e-01,7.62560114294083408e-02,-2.20250966291078293e-02,7.93730694923888702e-02,-4.55482112257967475e-02
1266,6.62500000000000089e-01,7.87500000000000089e-01,6.76808616055539353e-02,-4.95772896849246344e-02,8.38964044531890496e-02,-1.00086165151101469e-01
1267,6.87500000000000000e-01,7.87500000000000089e-01,5.77960851446604057e-02,-8.46758039730790141e-02,1.02520140638491797e-01,-3.39049946083632425e-02
1268,7.12500000000000022e-01,7.87500000000000089e-01,4.26153805467630112e-02,-1.18917506484911339e-01,1.26322777074185488e-01,-8.74353488251754934e-02
1269,7.37500000000000044e-01,7.87500000000000089e-01,2.59879011543765262e-02,-1.62881058689258618e-01,1.64941232825947304e-01,-1.29012135935284745e-02
1270,7.62500000000000067e-01,7.87500000000000089e-01,4.44692736178332014e-03,-2.05356036448224422e-01,2.05404179287290684e-01,-6.42265731087748454e-02
1271,7.87500000000000089e-01,7.87500000000000089e-01,-1.81664709100152685e-02,-2.60183740740067337e-01,2.60817176602345380e-01,1.83388661265237798e-02
1272,8.12500000000000000e-01,7.87500000000000089e-01,-4.25304721213469253e-02,-3.10505482088505813e-01,3.13404683222634817e-01,-2.98079472348802832e-02
1273,8.37500000000000022e-01,7.87500000000000089e-01,-6.57278678550677203e-02,-3.72280998787440864e-01,3.78038747578800183e-01,5.76318139907304461e-02
1274,8.62500000000000044e-01,7.87500000000000089e-01,-8.15134894108543451e-02,-4.19768465656217726e-01,4.27609651101689581e-01,1.54790429262537128e-02
1275,8.87500000000000067e-01,7.87500000000000089e-01,-9.24943218445107296e-02,-4.66447970505374843e-01,4.75530134441613461e-01,9.51980977331804146e-02
1276,9.12500000000000089e-01,7.87500000000000089e-01,-8.20625171287188010e-02,-4.71760825538861228e-01,4.78844999170513541e-01,6.15182563800480767e-02
1277,9.37500000000000000e-01,7.87500000000000089e-01,-6.79296251805457524e-02,-4.40978354572520936e-01,4.46179720716503914e-01,1.13189939506726400e-01
1278,9.62500000000000022e-01,7.87500000000000089e-01,-2.54602476904771911e-02,-3.22777411788375101e-01,3.23779989766604825e-01,9.12033953983554108e-02
1279,9.87500000000000044e-01,7.87500000000000089e-01,-8.48136730632541649e-03,-1.27344633099045562e-01,1.27626757267100294e-01,9.13962464966139032e-02
1280,1.25000000000000007e-02,8.12500000000000000e-01,-5.18600298268496931e-03,5.65400580399988972e-02,5.67773968239374399e-02,-6.55984795259404313e-02
1281,3.75000000000000056e-02,8.12500000000000000e-01,-1.04574990063189786e-02,1.40525945359263521e-01,1.40914515237366089e-01,-6.32796910284601916e-02
1282,6.25000000000000000e-02,8.12500000000000000e-01,-3.45204016990386733e-02,2.02019378167759028e-01,2.04947523255956970e-01,-8.41669193990380732e-02
1283,8.75000000000000083e-02,8.12500000000000000e-01,-4.35735053970658995e-02,2.26029548613027320e-01,2.30191240534467378e-01,-5.60136684247980743e-02
1284,1.12500000000000003e-01,8.12500000000000000e-01,-5.55144501899764095e-02,2.45960913086715388e-01,2.52148021896556107e-01,-8.98133290100444487e-02
1285,1.37500000000000011e-01,8.12500000000000000e-01,-5.59051424874658087e-02,2.42422426822500536e-01,2.48785083923965339e-01,-4.72184721079246528e-02
1286,1.62500000000000006e-01,8.12500000000000000e-01,-5.46181976427290855e-02,2.43580707569807653e-01,2.49629142156817030e-01,-8.84748301245718988e-02
1287,1.87500000000000000e-01,8.12500000000000000e-01,-4.71506944692811486e-02,2.30931639616769935e-01,2.35696012195847737e-01,-4.02300581243330430e-02
1288,2.12500000000000022e-01,8.12500000000000000e-01,-3.73113436712530638e-02,2.24726365950896900e-01,2.27802712714424871e-01,-8.54428820015359913e-02
1289,2.37500000000000017e-01,8.12500000000000000e-01,-2.49741428235769995e-02,2.10220372490474233e-01,2.11698636792507860e-01,-3.64982202220147586e-02
1290,2.62500000000000011e-01,8.12500000000000000e-01,-1.06660263271195158e-02,2.01442582252228747e-01,2.01724758178208619e-01,-8.36138122351875041e-02
1291,2.87500000000000033e-01,8.12500000000000000e-01,4.16659718278197290e-03,1.87313961390589589e-01,1.87360296391521686e-01,-3.61190472326136935e-02
1292,3.12500000000000000e-01,8.12500000000000000e-01,2.00584182497209537e-02,1.77778514379298369e-01,1.78906512786961264e-01,-8.41873325652179455e-02
1293,3.37500000000000022e-01,8.12500000000000000e-01,3.54654579230003694e-02,1.64649292330054403e-01,1.68425616135063683e-01,-3.84449721209136550e-02
1294,3.62500000000000044e-01,8.12500000000000000e-01,5.10298137191601761e-02,1.54859533669564231e-01,1.63050657945827043e-01,-8.73153753693010348e-02
1295,3.87500000000000011e-01,8.12500000000000000e-01,6.58066751440515713e-02,1.42205652236684826e-01,1.56693860829247800e-01,-4.28025487163840312e-02
1296,4.12500000000000033e-01,8.12500000000000000e-01,7.99332805856411005e-02,1.31890731173374548e-01,1.54222223802635477e-01,-9.23383990744758992e-02
1297,4.37500000000000000e-01,8.12500000000000000e-01,9.31723945928274039e-02,1.18918355846605650e-01,1.51071739486316442e-01,-4.81839416529494940e-02
1298,4.62500000000000022e-01,8.12500000000000000e-01,1.04976848654017046e-01,1.07557930641482613e-01,1.50295865535970047e-01,-9.83150814488560759e-02
1299,4.87500000000000044e-01,8.12500000000000000e-01,1.15835548498707613e-01,9.33496208787149145e-02,1.48768363620079697e-01,-5.33943226572026336e-02
1300,5.12500000000000067e-01,8.12500000000000000e-01,1.24447525078143176e-01,8.02388570557210912e-02,1.48072484546196231e-01,-1.03986319248615205e-01
1301,5.37499999999999978e-01,8.12500000000000000e-01,1.32023680994902887e-01,6.37728178913413435e-02,1.46619318799556780e-01,-5.69616727409064452e-02
1302,5.62500000000000000e-01,8.12500000000000000e-01,1.36482501417097613e-01,4.80640992004814430e-02,1.44698413346594001e-01,-1.07760511817602822e-01
1303,5.87500000000000022e-01,8.12500000000000000e-01,1.39737504662893641e-01,2.81429313325244068e-02,1.42543308483419895e-01,-5.71258478426652158e-02
1304,6.12500000000000044e-01,8.12500000000000000e-01,1.38930659947303720e-01,8.78735095948224298e-03,1.39208282118121335e-01,-1.07704307631161386e-01
1305,6.37500000000000067e-01,8.12500000000000000e-01,1.36621422187875263e-01,-1.61358092865643635e-02,1.37570990190410553e-01,-5.18745516303052850e-02
1306,6.62500000000000089e-01,8.12500000000000000e-01,1.29272797651097254e-01,-4.03972742127192350e-02,1.35437793751814944e-01,-1.01883304989703896e-01
1307,6.87500000000000000e-01,8.12500000000000000e-01,1.20165074198530480e-01,-7.19427024373811147e-02,1.40054980243945276e-01,-3.93561968667375250e-02
1308,7.12500000000000022e-01,8.12500000000000000e-01,1.05135026272629759e-01,-1.02369191531853393e-01,1.46740673039998826e-01,-8.77504109269367644e-02
1309,7.37500000000000044e-01,8.12500000000000000e-01,8.79855619384733723e-02,-1.42764845415404101e-01,1.67699911139252450e-01,-1.77678976529266515e-02
1310,7.62500000000000067e-01,8.12500000000000000e-01,6.46391066225586591e-02,-1.81258639879357392e-01,1.92439363530118424e-01,-6.36067479474209385e-02
1311,7.87500000000000089e-01,8.12500000000000000e-01,3.89593106017247781e-02,-2.33782531361247159e-01,2.37006539682419248e-01,1.31070046577178422e-02
1312,8.12500000000000000e-01,8.12500000000000000e-01,8.72398236327889993e-03,-2.82360198172768251e-01,2.82494936911159122e-01,-2.84133344056144606e-02
1313,8.37500000000000022e-01,8.12500000000000000e-01,-2.23046924652010974e-02,-3.48346920290041495e-01,3.49060275857227431e-01,5.19954214084957650e-02
1314,8.62500000000000044e-01,8.12500000000000000e-01,-4.96335639931741110e-02,-4.00791484400472020e-01,4.03853073087971304e-01,1.62611640016082429e-02
1315,8.87500000000000067e-01,8.12500000000000000e-01,-7.21373007464631705e-02,-4.61922805982418971e-01,4.67521623933756847e-01,9.03587203515951037e-02
1316,9.12500000000000089e-01,8.12500000000000000e-01,-7.39436542661044138e-02,-4.80265357392109238e-01,4.85924353698387490e-01,6.16719572289037288e-02
1317,9.37500000000000000e-01,8.12500000000000000e-01,-6.83367180714493788e-02,-4.69612751551906071e-01,4.74558788199027026e-01,1.07736186047961480e-01
1318,9.62500000000000022e-01,8.12500000000000000e-01,-2.83968033463689006e-02,-3.54482769642004036e-01,3.55618352188632747e-01,8.80092315290220972e-02
1319,9.87500000000000044e-01,8.12500000000000000e-01,-1.04273150321481465e-02,-1.48090195088762172e-01,1.48456844841210689e-01,8.34236112562481980e-02
1320,1.25000000000000007e-02,8.37500000000000022e-01,-1.04757327925317657e-02,6.29021222620210069e-02,6.37684715404624042e-02,-1.11764670792199775e-01
1321,3.75000000000000056e-02,8.37500000000000022e-01,-1.74431536043476235e-02,1.55043324965498691e-01,1.56021460780310900e-01,-8.54042473628667531e-02
1322,6.25000000000000000e-02,8.37500000000000022e-01,-4.85420686258868916e-02,2.17192718545332453e-01,2.22551138877320309e-01,-1.31046784839994240e-01
1323,8.75000000000000083e-02,8.37500000000000022e-01,-5.74730270200093166e-02,2.36184796928342960e-01,2.43076957227387813e-01,-5.87105185525456583e-02
1324,1.12500000000000003e-01,8.37500000000000022e-01,-6.63639438776053442e-02,2.50259583089996296e-01,2.58909312260815982e-01,-1.20510490606223625e-01
1325,1.37500000000000011e-01,8.37500000000000022e-01,-6.31707121151555140e-02,2.41027583781341842e-01,2.49168286530624949e-01,-3.61305717033577334e-02
1326,1.62500000000000006e-01,8.37500000000000022e-01,-5.47762225831208913e-02,2.37282064724937375e-01,2.43522509843761642e-01,-1.02791726772950828e-01
1327,1.87500000000000000e-01,8.37500000000000022e-01,-4.25326950051511318e-02,2.20997496930751741e-01,2.25053157707371082e-01,-2.25190325143080558e-02
1328,2.12500000000000022e-01,8.37500000000000022e-01,-2.51553529311604289e-02,2.11858660068367982e-01,2.13346862238598528e-01,-8.85131328189270455e-02
1329,2.37500000000000017e-01,8.37500000000000022e-01,-7.92791250499318145e-03,1.95480531971151283e-01,1.95641228212284357e-01,-1.66979446996055533e-02
1330,2.62500000000000011e-01,8.37500000000000022e-01,1.30575230615825391e-02,1.85189947055843879e-01,1.85649711551216845e-01,-8.05506952545046173e-02
1331,2.87500000000000033e-01,8.37500000000000022e-01,3.22011234068751082e-02,1.70592350849049224e-01,1.73604903493161461e-01,-1.65565786942112256e-02
1332,3.12500000000000000e-01,8.37500000000000022e-01,5.33911026149710907e-02,1.60721576359772772e-01,1.69357712980580360e-01,-7.82177707480289086e-02
1333,3.37500000000000022e-01,8.37500000000000022e-01,7.25631358372367391e-02,1.47868271259053441e-01,1.64713188080597484e-01,-2.04299905079215888e-02
1334,3.62500000000000044e-01,8.37500000000000022e-01,9.24609135023454071e-02,1.38381957429298430e-01,1.66428923771237441e-01,-8.04157419209986374e-02
1335,3.87500000000000011e-01,8.37500000000000022e-01,1.10570213227114314e-01,1.26485612287259797e-01,1.68001137403210848e-01,-2.66947079583055163e-02
1336,4.12500000000000033e-01,8.37500000000000022e-01,1.28286315072272034e-01,1.16972642619623826e-01,1.73608691476666827e-01,-8.57159563969396160e-02
1337,4.37500000000000000e-01,8.37500000000000022e-01,1.44493473268126810e-01,1.05156834577073852e-01,1.78707368833400243e-01,-3.39602363507336136e-02
1338,4.62500000000000022e-01,8.37500000000000022e-01,1.59303082099112786e-01,9.50327290463006402e-02,1.85495799295467223e-01,-9.26162876292941084e-02
1339,4.87500000000000044e-01,8.37500000000000022e-01,1.72829448113733908e-01,8.23924453851655469e-02,1.91464182529906435e-01,-4.07558874147486913e-02
1340,5.12500000000000067e-01,8.37500000000000022e-01,1.83955414035523790e-01,7.09700604347177633e-02,1.97170849344137283e-01,-9.95113146843224633e-02
1341,5.37499999999999978e-01,8.37500000000000022e-01,1.93937054259240793e-01,5.65467905377793068e-02,2.02012674193663366e-01,-4.53909139836896069e-02
1342,5.62500000000000000e-01,8.37500000000000022e-01,2.00437180581684860e-01,4.30415884264247137e-02,2.05006443054370074e-01,-1.04562573632041120e-01
1343,5.87500000000000022e-01,8.37500000000000022e-01,2.05835362786949971e-01,2.57397080507918048e-02,2.07438494846485300e-01,-4.58464379156410737e-02
1344,6.12500000000000044e-01,8.37500000000000022e-01,2.06520909057193447e-01,9.20775179114699006e-03,2.06726071338031614e-01,-1.05615598571769803e-01
1345,6.37500000000000067e-01,8.37500000000000022e-01,2.06033912306974459e-01,-1.23678843548129021e-02,2.06404790603154531e-01,-3.97408819493617338e-02
1346,6.62500000000000089e-01,8.37500000000000022e-01,1.99386153685265105e-01,-3.31199110083752191e-02,2.02118200038014534e-01,-1.00449482280798613e-01
1347,6.87500000000000000e-01,8.37500000000000022e-01,1.91473874644119219e-01,-6.05385881466991918e-02,2.00816247664444586e-01,-2.46935453515820247e-02
1348,7.12500000000000022e-01,8.37500000000000022e-01,1.75818295970437494e-01,-8.67370798089613648e-02,1.96049468787177522e-01,-8.63324376805263416e-02
1349,7.37500000000000044e-01,8.37500000000000022e-01,1.58761917543630338e-01,-1.22385584704259781e-01,2.00458419143557109e-01,2.03554273159954613e-03
1350,7.62500000000000067e-01,8.37500000000000022e-01,1.32618096079480469e-01,-1.56328992949876844e-01,2.05003203498064779e-01,-6.04938197671633718e-02
1351,7.87500000000000089e-01,8.37500000000000022e-01,1.05093940784393630e-01,-2.04268951716779085e-01,2.29718395051561913e-01,4.23556264453166728e-02
1352,8.12500000000000000e-01,8.37500000000000022e-01,6.84313039862611550e-02,-2.49240810100774673e-01,2.58464358829124663e-01,-2.07294459322534819e-02
1353,8.37500000000000022e-01,8.37500000000000022e-01,3.13236606948749316e-02,-3.13923676159295673e-01,3.15482560805972312e-01,9.58816677546915769e-02
1354,8.62500000000000044e-01,8.37500000000000022e-01,-9.68553495954950321e-03,-3.69935326507711271e-01,3.70062096661924522e-01,3.43705953708766387e-02
1355,8.87500000000000067e-01,8.37500000000000022e-01,-4.54936687464586945e-02,-4.42137992467952157e-01,4.44472359410125140e-01,1.56844041772076725e-01
1356,9.12500000000000089e-01,8.37500000000000022e-01,-6.41794934028408343e-02,-4.75560990476353918e-01,4.79872131964647508e-01,1.01293709176254590e-01
1357,9.37500000000000000e-01,8.37500000000000022e-01,-7.13651307434317456e-02,-4.86525221004518060e-01,4.91731402860873079e-01,2.01115652887402935e-01
1358,9.62500000000000022e-01,8.37500000000000022e-01,-3.47694736488708064e-02,-3.80686481157938628e-01,3.82270994497664052e-01,1.57363649916315407e-01
1359,9.87500000000000044e-01,8.37500000000000022e-01,-1.73299315532592750e-02,-1.66168668385502566e-01,1.67069904173827111e-01,1.83622276352955582e-01
1360,1.25000000000000007e-02,8.62500000000000044e-01,-1.29903208879552489e-02,8.44590141447631448e-02,8.54521708739886116e-02,-8.75372694658338446e-02
1361,3.75000000000000056e-02,8.62500000000000044e-01,-2.44159329329704036e-02,1.78591454765560265e-01,1.80252726737396285e-01,-8.02385228019529967e-02
1362,6.25000000000000000e-02,8.62500000000000044e-01,-5.75284472602725500e-02,2.42049905371107127e-01,2.48792441473489861e-01,-1.15293080974051165e-01
1363,8.75000000000000083e-02,8.62500000000000044e-01,-6.48967627484393766e-02,2.43850092013512043e-01,2.52337982060223176e-01,-6.48904158858697039e-02
1364,1.12500000000000003e-01,8.62500000000000044e-01,-6.83192550299217966e-02,2.51659744766025206e-01,2.60768379493266866e-01,-1.14106506739277275e-01
1365,1.37500000000000011e-01,8.62500000000000044e-01,-5.91174940153762069e-02,2.30832881838747755e-01,2.38282809779974097e-01,-4.96366407326898629e-02
1366,1.62500000000000006e-01,8.62500000000000044e-01,-4.33530046713310122e-02,2.22944343203387185e-01,2.27120371566317536e-01,-1.03493173158800064e-01
1367,1.87500000000000000e-01,8.62500000000000044e-01,-2.40618907947818539e-02,2.01308430846697667e-01,2.02741359664424831e-01,-3.84465085899381651e-02
1368,2.12500000000000022e-01,8.62500000000000044e-01,3.48457068162459063e-04,1.90123749074030207e-01,1.90124068398225571e-01,-9.32520599102524411e-02
1369,2.37500000000000017e-01,8.62500000000000044e-01,2.39578582213731753e-02,1.72004649376002045e-01,1.73665132877952266e-01,-3.26371047900947051e-02
1370,2.62500000000000011e-01,8.62500000000000044e-01,5.03996648248789952e-02,1.61316173079882413e-01,1.69006017382810153e-01,-8.68196994080777940e-02
1371,2.87500000000000033e-01,8.62500000000000044e-01,7.47304839844671887e-02,1.46977135228741090e-01,1.64884576345394884e-01,-3.12071146845799910e-02
1372,3.12500000000000000e-01,8.62500000000000044e-01,1.00271103777637538e-01,1.37419474188786694e-01,1.70112921728798633e-01,-8.49507941356707624e-02
1373,3.37500000000000022e-01,8.62500000000000044e-01,1.23698074751049991e-01,1.25575936048850700e-01,1.76268344893975193e-01,-3.32972228499729406e-02
1374,3.62500000000000044e-01,8.62500000000000044e-01,1.47140863246900816e-01,1.16855694945544167e-01,1.87898076302683958e-01,-8.68849061324723226e-02
1375,3.87500000000000011e-01,8.62500000000000044e-01,1.68731970589589414e-01,1.06376480245610069e-01,1.99465369045583291e-01,-3.77680454961645887e-02
1376,4.12500000000000033e-01,8.62500000000000044e-01,1.89397604881199305e-01,9.79709004729616695e-02,2.13236371368061534e-01,-9.14627222881611440e-02
1377,4.37500000000000000e-01,8.62500000000000044e-01,2.08487546337940172e-01,8.78976683073455362e-02,2.26258827610952867e-01,-4.33220593575715657e-02
1378,4.62500000000000022e-01,8.62500000000000044e-01,2.25799430200816026e-01,7.92254988758187423e-02,2.39294927549949438e-01,-9.73404160670856694e-02
1379,4.87500000000000044e-01,8.62500000000000044e-01,2.41740853658205579e-01,6.86932929705128120e-02,2.51311378227351001e-01,-4.84897944877248563e-02
1380,5.12500000000000067e-01,8.62500000000000044e-01,2.55023506805533040e-01,5.91348318679707566e-02,2.61789834339389349e-01,-1.02963237897637838e-01
1381,5.37499999999999978e-01,8.62500000000000044e-01,2.67044545551284984e-01,4.72870520406102265e-02,2.71198920719430026e-01,-5.15344063697215152e-02
1382,5.62500000000000000e-01,8.62500000000000044e-01,2.75412047917121816e-01,3.61693372318058828e-02,2.77776919656207433e-01,-1.06493886243532107e-01
1383,5.87500000000000022e-01,8.62500000000000044e-01,2.82522887877343643e-01,2.20552670429925747e-02,2.83382457076813088e-01,-5.03762090621244427e-02
1384,6.12500000000000044e-01,8.62500000000000044e-01,2.84789338593530894e-01,8.59223705855094617e-03,2.84918925159791947e-01,-1.05758415778192241e-01
1385,6.37500000000000067e-01,8.62500000000000044e-01,2.85685801664132821e-01,-9.00480823377711528e-03,2.85827682081014223e-01,-4.25666324263852328e-02
1386,6.62500000000000089e-01,8.62500000000000044e-01,2.80245446032648060e-01,-2.58340739616102627e-02,2.81433667849978142e-01,-9.83669505637184277e-02
1387,6.87500000000000000e-01,8.62500000000000044e-01,2.73182382913792154e-01,-4.83782482061718838e-02,2.77432999540349778e-01,-2.57338419196338451e-02
1388,7.12500000000000022e-01,8.62500000000000044e-01,2.58050368161352905e-01,-6.96544535331249659e-02,2.67285868323052289e-01,-8.18558544840915225e-02
1389,7.37500000000000044e-01,8.62500000000000044e-01,2.40980023420652695e-01,-9.95676301011906711e-02,2.60739495764998830e-01,2.53882927062690613e-03
1390,7.62500000000000067e-01,8.62500000000000044e-01,2.13980046227940590e-01,-1.27588319871739242e-01,2.49130968671911285e-01,-5.37046901998711121e-02
1391,7.87500000000000089e-01,8.62500000000000044e-01,1.84694237902069708e-01,-1.69598255195449604e-01,2.50749934555459408e-01,4.39652091794969641e-02
1392,8.12500000000000000e-01,8.62500000000000044e-01,1.44185551538566048e-01,-2.08588059544507903e-01,2.53571394003786754e-01,-1.17396322401101816e-02
1393,8.37500000000000022e-01,8.62500000000000044e-01,1.01707667967769574e-01,-2.70232080945585762e-01,2.88738337072900086e-01,9.83221004483703642e-02
1394,8.62500000000000044e-01,8.62500000000000044e-01,5.04576216280237452e-02,-3.23972831212062551e-01,3.27878585674509060e-01,4.45150783556423832e-02
1395,8.87500000000000067e-01,8.62500000000000044e-01,9.36417230861555610e-04,-4.07430275770218231e-01,4.07431351875903569e-01,1.59141712374295197e-01
1396,9.12500000000000089e-01,8.62500000000000044e-01,-3.88281390605338256e-02,-4.54393112335994664e-01,4.56049037847133354e-01,1.11008784158948548e-01
1397,9.37500000000000000e-01,8.62500000000000044e-01,-6.31109683062874294e-02,-4.99023700903828971e-01,5.02998656443843228e-01,2.03624983519825553e-01
1398,9.62500000000000022e-01,8.62500000000000044e-01,-3.99137452381842922e-02,-4.08517667683467811e-01,4.10462899503084122e-01,1.62862292186230967e-01
1399,9.87500000000000044e-01,8.62500000000000044e-01,-2.28038841709121767e-02,-2.00189971954492146e-01,2.01484594955596369e-01,1.83879489316484179e-01
1400,1.25000000000000007e-02,8.87500000000000067e-01,-2.87582361223467260e-02,1.00308581228670521e-01,1.04349641173208829e-01,-1.95757315984121549e-01
1401,3.75000000000000056e-02,8.87500000000000067e-01,-4.39128266910090784e-02,1.99581415584053373e-01,2.04355273468851850e-01,-1.14646377506642499e-01
1402,6.25000000000000000e-02,8.87500000000000067e-01,-7.71049432098826482e-02,2.57674001965983113e-01,2.68962940860938471e-01,-1.98954959361157979e-01
1403,8.75000000000000083e-02,8.87500000000000067e-01,-7.86677757386554238e-02,2.46975388506787658e-01,2.59201584616579994e-01,-6.01741509568011895e-02
1404,1.12500000000000003e-01,8.87500000000000067e-01,-6.65241481887561409e-02,2.44480912302521058e-01,2.53370043163181735e-01,-1.53639791094111106e-01
1405,1.37500000000000011e-01,8.87500000000000067e-01,-4.79888950005038784e-02,2.16060964034398423e-01,2.21326171572281516e-01,-2.54394996912137746e-02
1406,1.62500000000000006e-01,8.87500000000000067e-01,-1.65227938207301583e-02,2.02227218910251416e-01,2.02901086206597497e-01,-1.13753163341849178e-01
1407,1.87500000000000000e-01,8.87500000000000067e-01,1.11179267846865833e-02,1.77295508214553782e-01,1.77643760174813231e-01,-9.56748531378061144e-03
1408,2.12500000000000022e-01,8.87500000000000067e-01,4.67300824264746603e-02,1.63839826849525638e-01,1.70373675976271816e-01,-8.89628550964378234e-02
1409,2.37500000000000017e-01,8.87500000000000067e-01,7.64159117717620462e-02,1.45428658770200281e-01,1.64282946052257878e-01,-4.16602766180588537e-03
1410,2.62500000000000011e-01,8.87500000000000067e-01,1.10272095926576427e-01,1.34418356259819544e-01,1.73862674659145400e-01,-7.68232333912053228e-02
1411,2.87500000000000033e-01,8.87500000000000067e-01,1.39074337496307071e-01,1.20720135588434072e-01,1.84160317350200692e-01,-5.55112357306597037e-03
1412,3.12500000000000000e-01,8.87500000000000067e-01,1.69710273819242058e-01,1.11755115544809297e-01,2.03201335847567194e-01,-7.33163971282965177e-02
1413,3.37500000000000022e-01,8.87500000000000067e-01,1.96436378060611178e-01,1.00997643781817220e-01,2.20879547887644412e-01,-1.10117536782506232e-02
1414,3.62500000000000044e-01,8.87500000000000067e-01,2.23465990992338936e-01,9.33492675958812607e-02,2.42179963851008040e-01,-7.55510028570391678e-02
1415,3.87500000000000011e-01,8.87500000000000067e-01,2.47551559175865410e-01,8.42279326488635377e-02,2.61488277153495929e-01,-1.86745087727957955e-02
1416,4.12500000000000033e-01,8.87500000000000067e-01,2.70812649296726715e-01,7.72183274394477315e-02,2.81606393946688738e-01,-8.13562015995347582e-02
1417,4.37500000000000000e-01,8.87500000000000067e-01,2.91849991341399606e-01,6.87540252646361566e-02,2.99839179287939683e-01,-2.70069479831269478e-02
1418,4.62500000000000022e-01,8.87500000000000067e-01,3.11088899360070281e-01,6.17807138306012207e-02,3.17164247522444709e-01,-8.88936590226505063e-02
1419,4.87500000000000044e-01,8.87500000000000067e-01,3.28613495540204859e-01,5.31673641113990583e-02,3.32886764617799591e-01,-3.44442670701845879e-02
1420,5.12500000000000067e-01,8.87500000000000067e-01,3.43353257162314907e-01,4.56676683526124963e-02,3.46376955262232999e-01,-9.63602414634245064e-02
1421,5.37499999999999978e-01,8.87500000000000067e-01,3.56725825043943845e-01,3.61572498967520500e-02,3.58553567787825267e-01,-3.91560268908984904e-02
1422,5.62500000000000000e-01,8.87500000000000067e-01,3.66188592071221564e-01,2.75645298981404795e-02,3.67224574710910356e-01,-1.01770512812633551e-01
1423,5.87500000000000022e-01,8.87500000000000067e-01,3.74515009325209591e-01,1.63614484977387641e-02,3.74872230509017523e-01,-3.88822193457948259e-02
1424,6.12500000000000044e-01,8.87500000000000067e-01,3.77538386086024191e-01,6.04607814591732236e-03,3.77586795358876959e-01,-1.02818668710165387e-01
1425,6.37500000000000067e-01,8.87500000000000067e-01,3.79577861756203838e-01,-7.82489442583659059e-03,3.79658507224831299e-01,-3.08146030001517669e-02
1426,6.62500000000000089e-01,8.87500000000000067e-01,3.74450140770410056e-01,-2.06153416393239607e-02,3.75017199917398403e-01,-9.69085146118197627e-02
1427,6.87500000000000000e-01,8.87500000000000067e-01,3.68391603936907230e-01,-3.83443100438128417e-02,3.70381775960890391e-01,-1.20335027171001602e-02
1428,7.12500000000000022e-01,8.87500000000000067e-01,3.52804174181486463e-01,-5.45336924022728209e-02,3.56993990043118714e-01,-8.16311018471241462e-02
1429,7.37500000000000044e-01,8.87500000000000067e-01,3.36442044601574675e-01,-7.83159378266579664e-02,3.45436876278947536e-01,2.10044750534639259e-02
1430,7.62500000000000067e-01,8.87500000000000067e-01,3.07457852816407085e-01,-1.00042316701899919e-01,3.23324599109870825e-01,-5.36223682839272603e-02
1431,7.87500000000000089e-01,8.87500000000000067e-01,2.77938155538574760e-01,-1.34474994155518335e-01,3.08760655455502742e-01,7.25621429785931749e-02
1432,8.12500000000000000e-01,8.87500000000000067e-01,2.32038352531834469e-01,-1.66253495000715540e-01,2.85450559021419414e-01,-8.81567301468605055e-03
1433,8.37500000000000022e-01,8.87500000000000067e-01,1.86280090401538395e-01,-2.20196139310586347e-01,2.88420893569263592e-01,1.46976672844832457e-01
1434,8.62500000000000044e-01,8.87500000000000067e-01,1.22060489768118299e-01,-2.69163479694386532e-01,2.95546514044106645e-01,5.83616102965528669e-02
1435,8.87500000000000067e-01,8.87500000000000067e-01,6.16908608374301740e-02,-3.52852481120843053e-01,3.58204739979802733e-01,2.45940087415910502e-01
1436,9.12500000000000089e-01,8.87500000000000067e-01,-5.90051031252189755e-03,-4.11513161406535821e-01,4.11555461672846457e-01,1.53109558203899043e-01
1437,9.37500000000000000e-01,8.87500000000000067e-01,-5.29774379200335030e-02,-4.85439727634304929e-01,4.88321961511295477e-01,3.52788204496462587e-01
1438,9.62500000000000022e-01,8.87500000000000067e-01,-5.22267149190795768e-02,-4.20993260844140738e-01,4.24220409018026268e-01,2.66622648923701799e-01
1439,9.87500000000000044e-01,8.87500000000000067e-01,-3.96990435118879312e-02,-2.28886267454262105e-01,2.32303546001568328e-01,3.80425125961939170e-01
1440,1.25000000000000007e-02,9.12500000000000089e-01,-3.56812118975913389e-02,1.57130162859797945e-01,1.61130496687707875e-01,-1.58574486941635701e-01
1441,3.75000000000000056e-02,9.12500000000000089e-01,-5.35648170755441272e-02,2.26937462646454202e-01,2.33173329479911373e-01,-1.08997484258260863e-01
1442,6.25000000000000000e-02,9.12500000000000089e-01,-7.21445722012726970e-02,2.76805473526410051e-01,2.86052634094295211e-01,-1.76994423715448324e-01
1443,8.75000000000000083e-02,9.12500000000000089e-01,-6.01542866815858376e-02,2.33268120141258473e-01,2.40899468825497870e-01,-7.36893361172278605e-02
1444,1.12500000000000003e-01,9.12500000000000089e-01,-2.92421386598792458e-02,2.20981958606743578e-01,2.22908341483839811e-01,-1.47595725089535307e-01
1445,1.37500000000000011e-01,9.12500000000000089e-01,3.74627771323060143e-03,1.80829848888407141e-01,1.80868650809665771e-01,-4.86260249982996481e-02
1446,1.62500000000000006e-01,9.12500000000000089e-01,4.80454465220013158e-02,1.63839128124291300e-01,1.70738469115856939e-01,-1.17834734490555690e-01
1447,1.87500000000000000e-01,9.12500000000000089e-01,8.59631113457402091e-02,1.38053381498618011e-01,1.62629618014195371e-01,-3.23577123303746550e-02
1448,2.12500000000000022e-01,9.12500000000000089e-01,1.28886866543835743e-01,1.24827810080804694e-01,1.79426326209555925e-01,-9.73169414220941414e-02
1449,2.37500000000000017e-01,9.12500000000000089e-01,1.65262520072828045e-01,1.08460081864013846e-01,1.97674707281357748e-01,-2.43271959657986245e-02
1450,2.62500000000000011e-01,9.12500000000000089e-01,2.03500850845910686e-01,9.86601398956751391e-02,2.26155741689756301e-01,-8.60481901904233543e-02
1451,2.87500000000000033e-01,9.12500000000000089e-01,2.36475902256636533e-01,8.75360972836597001e-02,2.52157531467423424e-01,-2.25177430754887817e-02
1452,3.12500000000000000e-01,9.12500000000000089e-01,2.69686599975641428e-01,8.00601068918861264e-02,2.81319183352223390e-01,-8.20460420689405751e-02
1453,3.37500000000000022e-01,9.12500000000000089e-01,2.98910582788587398e-01,7.18171172557572762e-02,3.07417037318916564e-01,-2.49842229032253421e-02
1454,3.62500000000000044e-01,9.12500000000000089e-01,3.27398988067366115e-01,6.57434008716294982e-02,3.33934562670148150e-01,-8.31900117787962856e-02
1455,3.87500000000000011e-01,9.12500000000000089e-01,3.52899101960734263e-01,5.90265450067023120e-02,3.57801494099900252e-01,-3.00031113156710473e-02
1456,4.12500000000000033e-01,9.12500000000000089e-01,3.76936935687960772e-01,5.36755008508240858e-02,3.80739429107909311e-01,-8.75894480094746852e-02
1457,4.37500000000000000e-01,9.12500000000000089e-01,3.98708678062366983e-01,4.76180330446639780e-02,4.01542136062061239e-01,-3.59618157209172923e-02
1458,4.62500000000000022e-01,9.12500000000000089e-01,4.18328892159113785e-01,4.24651042664391173e-02,4.20478711821931583e-01,-9.34847201990095522e-02
1459,4.87500000000000044e-01,9.12500000000000089e-01,4.36183760351925076e-01,3.64255082385270268e-02,4.37702056706591902e-01,-4.11697344781536551e-02
1460,5.12500000000000067e-01,9.12500000000000089e-01,4.51112802343187846e-01,3.10256217454538200e-02,4.52178448892266438e-01,-9.90606999446415337e-02
1461,5.37499999999999978e-01,9.12500000000000089e-01,4.64610567922214501e-01,2.44483131679891323e-02,4.65253371660821757e-01,-4.36768935356040486e-02
1462,5.62500000000000000e-01,9.12500000000000089e-01,4.74226638546110857e-01,1.83832174982532515e-02,4.74582814050753143e-01,-1.02283076888258564e-01
1463,5.87500000000000022e-01,9.12500000000000089e-01,4.82626757532969741e-01,1.07021536690523195e-02,4.82745402028796067e-01,-4.11216209334832189e-02
1464,6.12500000000000044e-01,9.12500000000000089e-01,4.85895108622703353e-01,3.53232803753714738e-03,4.85907947995125378e-01,-1.00781908173348367e-01
1465,6.37500000000000067e-01,9.12500000000000089e-01,4.88090719350212365e-01,-5.91971217443777818e-03,4.88126616061894281e-01,-3.05939707452125322e-02
1466,6.62500000000000089e-01,9.12500000000000089e-01,4.83425698387807190e-01,-1.46450999842893184e-02,4.83647479901724464e-01,-9.18616123806852702e-02
1467,6.87500000000000000e-01,9.12500000000000089e-01,4.77708116109832936e-01,-2.67351517895299262e-02,4.78455653680061377e-01,-9.31675992225907725e-03
1468,7.12500000000000022e-01,9.12500000000000089e-01,4.62886100955535840e-01,-3.77024833540568691e-02,4.64419013078579079e-01,-7.33335515697545737e-02
1469,7.37500000000000044e-01,9.12500000000000089e-01,4.47106048960298375e-01,-5.42238444832517721e-02,4.50382109244397755e-01,2.60407286026009578e-02
1470,7.62500000000000067e-01,9.12500000000000089e-01,4.19007238736331278e-01,-6.90823728424706102e-02,4.24663914585394264e-01,-4.19128043304825351e-02
1471,7.87500000000000089e-01,9.12500000000000089e-01,3.89953590549759088e-01,-9.41809136439968053e-02,4.01165610786202775e-01,7.95953387688265734e-02
1472,8.12500000000000000e-01,9.12500000000000089e-01,3.43908372293014297e-01,-1.16928330572004677e-01,3.63242622806832172e-01,6.29587205910459372e-03
1473,8.37500000000000022e-01,9.12500000000000089e-01,2.96799534342567117e-01,-1.60255962737817975e-01,3.37300959350828988e-01,1.55595200302908993e-01
1474,8.62500000000000044e-01,9.12500000000000089e-01,2.27191956590792277e-01,-1.99382366909653524e-01,3.02273904553549133e-01,7.65094760291650106e-02
1475,8.87500000000000067e-01,9.12500000000000089e-01,1.58062991962100469e-01,-2.79470573314476056e-01,3.21072749975349014e-01,2.55986600845098999e-01
1476,9.12500000000000089e-01,9.12500000000000089e-01,6.87363141036698710e-02,-3.39724039802268674e-01,3.46607997738268836e-01,1.74774125588173790e-01
1477,9.37500000000000000e-01,9.12500000000000089e-01,-5.06473052377158246e-03,-4.52698323225227184e-01,4.52726654115052807e-01,3.67145292215879604e-01
1478,9.62500000000000022e-01,9.12500000000000089e-01,-4.78358311852967108e-02,-4.21795753611356794e-01,4.24499616619097297e-01,2.91312455011579874e-01
1479,9.87500000000000044e-01,9.12500000000000089e-01,-4.64940127098121825e-02,-2.92116035692596976e-01,2.95792953815027126e-01,4.06686413521320955e-01
1480,1.25000000000000007e-02,9.37500000000000000e-01,-7.28278083906891138e-02,1.89554785633701567e-01,2.03063798919525501e-01,-4.84422818951603940e-01
1481,3.75000000000000056e-02,9.37500000000000000e-01,-8.77719982819258893e-02,2.36044643545352983e-01,2.51835258510112403e-01,-1.50595879927641368e-01
1482,6.25000000000000000e-02,9.37500000000000000e-01,-5.22878834429186812e-02,2.64263928206710352e-01,2.69387168414127742e-01,-3.15002997765611414e-01
1483,8.75000000000000083e-02,9.37500000000000000e-01,-1.61548648401474634e-02,2.04072595549436658e-01,2.04711025380381967e-01,-4.20792675048365580e-02
1484,1.12500000000000003e-01,9.37500000000000000e-01,5.79331568519358270e-02,1.80581022717233780e-01,1.89646398406173533e-01,-1.79539989780241410e-01
1485,1.37500000000000011e-01,9.37500000000000000e-01,1.07038438958810475e-01,1.38772804927086879e-01,1.75257293149444437e-01,1.61183289980720997e-03
1486,1.62500000000000006e-01,9.37500000000000000e-01,1.71743870008781496e-01,1.20011257728646514e-01,2.09520067934326648e-01,-1.10208462448051270e-01
1487,1.87500000000000000e-01,9.37500000000000000e-01,2.17303953078606088e-01,9.64533352786296344e-02,2.37748299489104198e-01,1.44248445359651100e-02
1488,2.12500000000000022e-01,9.37500000000000000e-01,2.68802668555910562e-01,8.45414496187342351e-02,2.81783837943938298e-01,-7.83930673916609089e-02
1489,2.37500000000000017e-01,9.37500000000000000e-01,3.07903633485340500e-01,7.08137669468414527e-02,3.15941825503804508e-01,1.47465365403700120e-02
1490,2.62500000000000011e-01,9.37500000000000000e-01,3.49042896035784755e-01,6.32061413071183936e-02,3.54719550591707677e-01,-6.56908514968023854e-02
1491,2.87500000000000033e-01,9.37500000000000000e-01,3.82135387396549064e-01,5.45333478150989009e-02,3.86006917456971466e-01,9.31752299086070247e-03
1492,3.12500000000000000e-01,9.37500000000000000e-01,4.15550325738760384e-01,4.93217150962082518e-02,4.18467089269420778e-01,-6.33011034160175373e-02
1493,3.37500000000000022e-01,9.37500000000000000e-01,4.43597528088809423e-01,4.32841113486000656e-02,4.45704253089130920e-01,9.71524614950782656e-04
1494,3.62500000000000044e-01,9.37500000000000000e-01,4.71018624589091328e-01,3.93621164775058152e-02,4.72660471081925881e-01,-6.68899893034637094e-02
1495,3.87500000000000011e-01,9.37500000000000000e-01,4.94758584331493279e-01,3.46887623471156814e-02,4.95973151493987630e-01,-8.71121857583567576e-03
1496,4.12500000000000033e-01,9.37500000000000000e-01,5.17172319094971633e-01,3.14101803489796327e-02,5.18125281247331704e-01,-7.39124034388451839e-02
1497,4.37500000000000000e-01,9.37500000000000000e-01,5.37002939234227372e-01,2.73607970697878518e-02,5.37699516423897683e-01,-1.84221412678497523e-02
1498,4.62500000000000022e-01,9.37500000000000000e-01,5.54836554555313999e-01,2.43070926645117119e-02,5.55368739689778623e-01,-8.24532726599602472e-02
1499,4.87500000000000044e-01,9.37500000000000000e-01,5.70828300273390155e-01,2.03821638414789126e-02,5.71192070144420416e-01,-2.67127447781201031e-02
1500,5.12500000000000067e-01,9.37500000000000000e-01,5.84058315430811992e-01,1.72423240930143426e-02,5.84312770324255659e-01,-9.07009991839281687e-02
1501,5.37499999999999978e-01,9.37500000000000000e-01,5.95972344280950916e-01,1.30421363850868229e-02,5.96115032916650689e-01,-3.17713457204602187e-02
1502,5.62500000000000000e-01,9.37500000000000000e-01,6.04164733248186647e-01,9.54977582872394183e-03,6.04240203163635470e-01,-9.66690575535059660e-02
1503,5.87500000000000022e-01,9.37500000000000000e-01,6.11451239257929435e-01,4.69174434929723293e-03,6.11469239173236589e-01,-3.12512312714003371e-02
1504,6.12500000000000044e-01,9.37500000000000000e-01,6.13738275066986638e-01,5.83492531087869879e-04,6.13738552435590390e-01,-9.80243588351474293e-02
1505,6.37500000000000067e-01,9.37500000000000000e-01,6.15491905351235546e-01,-5.35663949324390477e-03,6.15515214385115583e-01,-2.20943965676088164e-02
1506,6.62500000000000089e-01,9.37500000000000000e-01,6.10435652266185569e-01,-1.02314615050108689e-02,6.10521390585270107e-01,-9.22589304838858926e-02
1507,6.87500000000000000e-01,9.37500000000000000e-01,6.05315269684237989e-01,-1.78057550186283761e-02,6.05577097176474455e-01,-1.26119065176060027e-03
1508,7.12500000000000022e-01,9.37500000000000000e-01,5.90838394386195565e-01,-2.39304776689160358e-02,5.91322818807392236e-01,-7.73571193428424647e-02
1509,7.37500000000000044e-01,9.37500000000000000e-01,5.77017397106651564e-01,-3.44379811235585448e-02,5.78044160170831489e-01,3.56783733549858109e-02
1510,7.62500000000000067e-01,9.37500000000000000e-01,5.49736338576775174e-01,-4.28888601071709397e-02,5.51406833719977785e-01,-4.98254750577142233e-02
1511,7.87500000000000089e-01,9.37500000000000000e-01,5.24094439522874045e-01,-5.93768773569270727e-02,5.27447243905449836e-01,9.56992205095642950e-02
1512,8.12500000000000000e-01,9.37500000000000000e-01,4.77799549699206627e-01,-7.30986057134446338e-02,4.83358889284157323e-01,-4.65393430343973100e-03
1513,8.37500000000000022e-01,9.37500000000000000e-01,4.34470113508047928e-01,-1.03480302554442113e-01,4.46623390059740333e-01,1.90540233275635129e-01
1514,8.62500000000000044e-01,9.37500000000000000e-01,3.57868809599672988e-01,-1.30426280395226107e-01,3.80895129270539701e-01,6.81763472190193426e-02
1515,8.87500000000000067e-01,9.37500000000000000e-01,2.87502080958631001e-01,-1.94397237669907963e-01,3.47055806130993738e-01,3.42328934343259339e-01
1516,9.12500000000000089e-01,9.37500000000000000e-01,1.68287837247589916e-01,-2.48384962242676449e-01,3.00026474888079042e-01,1.93955643260362798e-01
1517,9.37500000000000000e-01,9.37500000000000000e-01,7.36296521549911487e-02,-3.68867802464475369e-01,3.76144628263433034e-01,5.86461314360883113e-01
1518,9.62500000000000022e-01,9.37500000000000000e-01,-4.30668186703677403e-02,-3.79563693899543753e-01,3.81999147377389936e-01,4.26147743849233984e-01
1519,9.87500000000000044e-01,9.37500000000000000e-01,-6.50592137459939657e-02,-3.23216136583238445e-01,3.29698911495081515e-01,8.71847821756170260e-01
1520,1.25000000000000007e-02,9.62500000000000022e-01,-1.91647451108354246e-02,3.17730070654419161e-01,3.18307532510975155e-01,-4.40543182540042377e-01
1521,3.75000000000000056e-02,9.62500000000000022e-01,1.33581969495169661e-02,2.06396959539785624e-01,2.06828785068737420e-01,-1.54881933810252587e-01
1522,6.25000000000000000e-02,9.62500000000000022e-01,1.12904247726839144e-01,2.05188944608116763e-01,2.34200495610398463e-01,-2.82283498469190763e-01
1523,8.75000000000000083e-02,9.62500000000000022e-01,1.83271641555498771e-01,1.23046028633718357e-01,2.20746052650952429e-01,-7.30260006484861335e-02
1524,1.12500000000000003e-01,9.62500000000000022e-01,2.72332255886143959e-01,9.77896974532025953e-02,2.89357361274990010e-01,-1.78956366954817842e-01
1525,1.37500000000000011e-01,9.62500000000000022e-01,3.32786489734372748e-01,6.70176828740124408e-02,3.39467550095038484e-01,-3.36085091428266133e-02
1526,1.62500000000000006e-01,9.62500000000000022e-01,3.97042279656645458e-01,5.35750288527663543e-02,4.00640556548535920e-01,-1.22087531260118648e-01
1527,1.87500000000000000e-01,9.62500000000000022e-01,4.43131933557664615e-01,4.09927939040864303e-02,4.45023954063842930e-01,-1.52087072156563072e-02
1528,2.12500000000000022e-01,9.62500000000000022e-01,4.89428411388706297e-01,3.42298628119087206e-02,4.90623942936537494e-01,-9.25645317533837081e-02
1529,2.37500000000000017e-01,9.62500000000000022e-01,5.24536033430655690e-01,2.82177773484581645e-02,5.25294482481639124e-01,-8.72513264002769580e-03
1530,2.62500000000000011e-01,9.62500000000000022e-01,5.59076401893597197e-01,2.44303892087464301e-02,5.59609924028498518e-01,-7.88210507438454611e-02
1531,2.87500000000000033e-01,9.62500000000000022e-01,5.86572279256272866e-01,2.10263496190330225e-02,5.86949014966547833e-01,-9.12226294687909847e-03
1532,3.12500000000000000e-01,9.62500000000000022e-01,6.13257841956256211e-01,1.86001902292064689e-02,6.13539850211383686e-01,-7.45590162099262072e-02
1533,3.37500000000000022e-01,9.62500000000000022e-01,6.35362235712542578e-01,1.63463085793179898e-02,6.35572476098368200e-01,-1.35442910989454022e-02
1534,3.62500000000000044e-01,9.62500000000000022e-01,6.56434827210817029e-01,1.45847377894833784e-02,6.56596829836760043e-01,-7.61479540467263905e-02
1535,3.87500000000000011e-01,9.62500000000000022e-01,6.74443529834707789e-01,1.28702006704642657e-02,6.74566317719168640e-01,-2.00777762033967945e-02
1536,4.12500000000000033e-01,9.62500000000000022e-01,6.91118722669070817e-01,1.14336541219761736e-02,6.91213293615153934e-01,-8.11628077220572369e-02
1537,4.37500000000000000e-01,9.62500000000000022e-01,7.05710616284988324e-01,9.95106197172446888e-03,7.05780771608084501e-01,-2.70997528271062424e-02
1538,4.62500000000000022e-01,9.62500000000000022e-01,7.18555847559563587e-01,8.64231047334716902e-03,7.18607817653245773e-01,-8.76404200275613110e-02
1539,4.87500000000000044e-01,9.62500000000000022e-01,7.29987561144724295e-01,7.20098167131900165e-03,7.30023077418141209e-01,-3.29224998774330785e-02
1540,5.12500000000000067e-01,9.62500000000000022e-01,7.39116812246170984e-01,5.88414732213754250e-03,7.39140233876258490e-01,-9.36773393468643550e-02
1541,5.37499999999999978e-01,9.62500000000000022e-01,7.47325295936263956e-01,4.33915561861783483e-03,7.47337892935790560e-01,-3.55642074050060639e-02
1542,5.62500000000000000e-01,9.62500000000000022e-01,7.52485787054440358e-01,2.90683818490469412e-03,7.52491401563615048e-01,-9.71850637969815384e-02
1543,5.87500000000000022e-01,9.62500000000000022e-01,7.57131923149510722e-01,1.12595338084670689e-03,7.57132760368412816e-01,-3.25681809138833669e-02
1544,6.12500000000000044e-01,9.62500000000000022e-01,7.57721139338522143e-01,-5.05933486854173156e-04,7.57721308245426939e-01,-9.57142735478200279e-02
1545,6.37500000000000067e-01,9.62500000000000022e-01,7.58181691882557796e-01,-2.61960233811997165e-03,7.58186217378229443e-01,-2.06790287358688506e-02
1546,6.62500000000000089e-01,9.62500000000000022e-01,7.53180360852774733e-01,-4.46623861416408675e-03,7.53193602775325433e-01,-8.68789256882147864e-02
1547,6.87500000000000000e-01,9.62500000000000022e-01,7.48655207346872076e-01,-7.14019731261459484e-03,7.48689255903442930e-01,2.70624821941614288e-03
1548,7.12500000000000022e-01,9.62500000000000022e-01,7.36590457605961757e-01,-9.40261629346762426e-03,7.36650467609518578e-01,-6.84246484313161957e-02
1549,7.37500000000000044e-01,9.62500000000000022e-01,7.25782882642411309e-01,-1.31238371309769196e-02,7.25901527645291922e-01,4.21935522631190843e-02
1550,7.62500000000000067e-01,9.62500000000000022e-01,7.04039539907231005e-01,-1.61576933252626925e-02,7.04224924868737334e-01,-3.68118825735755800e-02
1551,7.87500000000000089e-01,9.62500000000000022e-01,6.84561798878028482e-01,-2.22458810952616791e-02,6.84923160441247458e-01,1.04405929345690582e-01
1552,8.12500000000000000e-01,9.62500000000000022e-01,6.47944674086818106e-01,-2.73025896853368658e-02,6.48519646642257697e-01,1.28866786196889516e-02
1553,8.37500000000000022e-01,9.62500000000000022e-01,6.14651287468073848e-01,-4.03266563867658856e-02,6.15972762710736310e-01,2.00244318089534579e-01
1554,8.62500000000000044e-01,9.62500000000000022e-01,5.51845719315949612e-01,-5.24132557704074936e-02,5.54329186772437588e-01,8.97493015399973004e-02
1555,8.87500000000000067e-01,9.62500000000000022e-01,4.93163396413728028e-01,-8.98906857983706870e-02,5.01288809924603451e-01,3.50514621760305234e-01
1556,9.12500000000000089e-01,9.62500000000000022e-01,3.81015085322100100e-01,-1.25850894689444909e-01,4.01261688847989795e-01,2.16997759632370335e-01
1557,9.37500000000000000e-01,9.62500000000000022e-01,2.79186578535434382e-01,-2.41344378601222015e-01,3.69042348134644649e-01,5.96892347231355536e-01
1558,9.62500000000000022e-01,9.62500000000000022e-01,1.02044317545774282e-01,-2.83106572300783954e-01,3.00935830407882521e-01,4.58666061040515605e-01
1559,9.87500000000000044e-01,9.62500000000000022e-01,1.37284646184079786e-02,-4.00242307712656287e-01,4.00477684302048886e-01,9.43643995297521299e-01
1560,1.25000000000000007e-02,9.87500000000000044e-01,2.11871520992641421e-01,1.95361483946895925e-01,2.88193773037636214e-01,-1.54710524436814412e+00
1561,3.75000000000000056e-02,9.87500000000000044e-01,3.01220107326803099e-01,1.03975407161509950e-01,3.18660380895354700e-01,-1.07597491233506662e-01
1562,6.25000000000000000e-02,9.87500000000000044e-01,5.22243589589584611e-01,9.43509475008271481e-02,5.30698095117853597e-01,-3.93275891405707234e-01
1563,8.75000000000000083e-02,9.87500000000000044e-01,6.00760334594197865e-01,4.46440948134427876e-02,6.02416861337267240e-01,5.63637842306833822e-02
1564,1.12500000000000003e-01,9.87500000000000044e-01,6.89933189320880547e-01,3.10668591433846189e-02,6.90632286722476452e-01,-1.36544198740097766e-01
1565,1.37500000000000011e-01,9.87500000000000044e-01,7.29617435716705010e-01,1.40620723429741683e-02,7.29752933793622494e-01,6.39022184818645450e-02
1566,1.62500000000000006e-01,9.87500000000000044e-01,7.71012219925683695e-01,9.66669737063047957e-03,7.71072816478953649e-01,-7.01545870971057722e-02
1567,1.87500000000000000e-01,9.87500000000000044e-01,7.92859905058734049e-01,4.06630132381427794e-03,7.92870332309262738e-01,5.21016905871345068e-02
1568,2.12500000000000022e-01,9.87500000000000044e-01,8.16070399151445414e-01,3.13841194915501567e-03,8.16076433920721711e-01,-5.01339140763065877e-02
1569,2.37500000000000017e-01,9.87500000000000044e-01,8.30229108662382087e-01,1.16470193862943999e-03,8.30229925623582443e-01,3.92750826468695607e-02
1570,2.62500000000000011e-01,9.87500000000000044e-01,8.45451785764666175e-01,1.17111609983773534e-03,8.45452596876715701e-01,-4.54688149587881077e-02
1571,2.87500000000000033e-01,9.87500000000000044e-01,8.55831710823488301e-01,3.50683494621248815e-04,8.55831782671087948e-01,2.67965838515569973e-02
1572,3.12500000000000000e-01,9.87500000000000044e-01,8.66827569475454807e-01,5.33114698961348115e-04,8.66827733413050638e-01,-4.80421469123575237e-02
1573,3.37500000000000022e-01,9.87500000000000044e-01,8.74966257874750020e-01,1.05777703517240558e-04,8.74966264268666638e-01,1.43438319183504717e-02
1574,3.62500000000000044e-01,9.87500000000000044e-01,8.83278274533089824e-01,2.82287108009399916e-04,8.83278319641189746e-01,-5.48602430190024831e-02
1575,3.87500000000000011e-01,9.87500000000000044e-01,8.89834642753845606e-01,3.42373568984078111e-06,8.89834642760432226e-01,1.99220284465748783e-03
1576,4.12500000000000033e-01,9.87500000000000044e-01,8.96150415267960687e-01,1.44636727362244046e-04,8.96150426939987144e-01,-6.41817505296259222e-02
1577,4.37500000000000000e-01,9.87500000000000044e-01,9.01414379907620300e-01,-7.78328652470590827e-05,9.01414383267870045e-01,-9.65778219639661963e-03
1578,4.62500000000000022e-01,9.87500000000000044e-01,9.06022091456795464e-01,3.17348359326837895e-05,9.06022092012576552e-01,-7.45358990408628436e-02
1579,4.87500000000000044e-01,9.87500000000000044e-01,9.10089922906924254e-01,-1.80332207415875905e-04,9.10089940773128436e-01,-1.95217505669407522e-02
1580,5.12500000000000067e-01,9.87500000000000044e-01,9.13041154956552914e-01,-9.38156207411195662e-05,9.13041159776363465e-01,-8.43821993463730879e-02
1581,5.37499999999999978e-01,9.87500000000000044e-01,9.15881766259549535e-01,-3.28358963836605691e-04,9.15881825120643644e-01,-2.60049260737229629e-02
1582,5.62500000000000000e-01,9.87500000000000044e-01,9.17050370812776072e-01,-2.55285464320031215e-04,9.17050406345539137e-01,-9.19323918675489099e-02
1583,5.87500000000000022e-01,9.87500000000000044e-01,9.18534805760374051e-01,-5.45080232500027022e-04,9.18534967492097065e-01,-2.69069328104208291e-02
1584,6.12500000000000044e-01,9.87500000000000044e-01,9.17629707512062631e-01,-4.64777456782714123e-04,9.17629825216441986e-01,-9.50332073923672305e-02
1585,6.37500000000000067e-01,9.87500000000000044e-01,9.17565517531792385e-01,-8.17246818168875628e-04,9.17565881479770251e-01,-1.94181157492918123e-02
1586,6.62500000000000089e-01,9.87500000000000044e-01,9.14191405381423072e-01,-7.03583344419279910e-04,9.14191676128580877e-01,-9.17125303812624387e-02
1587,6.87500000000000000e-01,9.87500000000000044e-01,9.12397016318961862e-01,-1.21711693453251265e-03,9.12397828121799148e-01,-6.60511643327910277e-04
1588,7.12500000000000022e-01,9.87500000000000044e-01,9.05832758494699242e-01,-1.05689664188404493e-03,9.05833375071060098e-01,-8.00224018684997096e-02
1589,7.37500000000000044e-01,9.87500000000000044e-01,9.01938687587597543e-01,-1.88817842281319365e-03,9.01940664004564296e-01,3.37760329347494698e-02
1590,7.62500000000000067e-01,9.87500000000000044e-01,8.90819563074339071e-01,-1.66668449697935902e-03,8.90821122219926265e-01,-5.74649550885531976e-02
1591,7.87500000000000089e-01,9.87500000000000044e-01,8.84115327832701858e-01,-3.28295188977546304e-03,8.84121423042014243e-01,9.09281774108687824e-02
1592,8.12500000000000000e-01,9.87500000000000044e-01,8.65289729548619047e-01,-3.18718805243719443e-03,8.65295599335859311e-01,-2.08989866382424810e-02
1593,8.37500000000000022e-01,9.87500000000000044e-01,8.53626378953898146e-01,-7.38209524813907871e-03,8.53658298252993442e-01,1.85138862359487177e-01
1594,8.62500000000000044e-01,9.87500000000000044e-01,8.17580175878756532e-01,-8.93768311393113545e-03,8.17629027230188044e-01,3.69999411318600938e-02
1595,8.87500000000000067e-01,9.87500000000000044e-01,7.92276064809331770e-01,-2.35671461701308510e-02,7.92626502993916349e-01,3.59685508816367738e-01
1596,9.12500000000000089e-01,9.87500000000000044e-01,7.04121750425825699e-01,-3.44076464414580299e-02,7.04961931990919055e-01,1.51546558992450398e-01
1597,9.37500000000000000e-01,9.87500000000000044e-01,6.32017939405545737e-01,-8.98973650235401212e-02,6.38379363676965683e-01,7.90999785008857703e-01
1598,9.62500000000000022e-01,9.87500000000000044e-01,3.72879622185096515e-01,-1.14105308257290067e-01,3.89947732412167680e-01,5.06934569540798408e-01
1599,9.87500000000000044e-01,9.87500000000000044e-01,2.34806258333084911e-01,-2.07443437021662708e-01,3.13315748911132674e-01,2.19722515326654966e+00
