Test project /mnt/c/Users/Hasib/Desktop/CFDAPP/CFDApp/build/debug
          Start 1827: CompressibleCoupledProductionCaseTest.RepeatedRunIsDeterministic
          Start 1795: NaturalConvectionValidation.GridConvergence
          Start 1964: SIMPLEMMS.DistortedMesh
          Start 1845: GradedMeshProductionCase.GradedGridConvergence
          Start 1771: PoiseuilleValidation.ProductionGridConvergence
          Start 1823: CompressibleCoupledProductionCaseTest.DispatchesToCompressibleSimpleAndConverges
          Start 1826: CompressibleCoupledProductionCaseTest.ExportsCoupledCompressibleFields
          Start 1824: CompressibleCoupledProductionCaseTest.MassFlowRateIsConservedAtEveryInternalCrossSection
          Start 1825: CompressibleCoupledProductionCaseTest.MatchesArkilicIsothermalLubricationPressureProfile
          Start 1847: GradedMeshProductionCase.GradedVertexGridOnNonOrthogonalStructuredQuad
          Start 1853: MultiBlockProductionCase.ObstacleChannelInternalSolid
          Start 1842: StructuredQuadProductionCase.SstChannelMatchesCartesianOnTiltedMesh
          Start 1959: SIMPLEMMS.VelocityConvergesAtExpectedOrder
          Start 1960: SIMPLEMMS.PressureConvergesAtExpectedOrder
          Start 1766: PoiseuilleValidation.GridConvergence
          Start 1844: GradedMeshProductionCase.GradedMeshBeatsUniformAtEqualCellCount
   1/2029 Test #1766: PoiseuilleValidation.GridConvergence .....................................................................   Passed  281.92 sec
          Start 1759: SchemeValidation.AccuracyCostComparison
   2/2029 Test #1844: GradedMeshProductionCase.GradedMeshBeatsUniformAtEqualCellCount ..........................................   Passed  304.42 sec
          Start 1843: GradedMeshProductionCase.CommittedCaseRunsConservesAndExportsGradedGeometry
   3/2029 Test #1959: SIMPLEMMS.VelocityConvergesAtExpectedOrder ...............................................................   Passed  327.76 sec
          Start 1846: GradedMeshProductionCase.XAndYGradingTogether
   4/2029 Test #1960: SIMPLEMMS.PressureConvergesAtExpectedOrder ...............................................................   Passed  331.02 sec
          Start 1850: MultiBlockProductionCase.CurvedChannelGridConvergence
   5/2029 Test #1842: StructuredQuadProductionCase.SstChannelMatchesCartesianOnTiltedMesh ......................................   Passed  339.61 sec
          Start 1627: SIMPLE3D.RhieChowRemovesACheckerboardPressure
   6/2029 Test #1853: MultiBlockProductionCase.ObstacleChannelInternalSolid ....................................................   Passed  346.42 sec
          Start 1836: StructuredQuadProductionCase.DistortedPoiseuilleGridConvergence
   7/2029 Test #1824: CompressibleCoupledProductionCaseTest.MassFlowRateIsConservedAtEveryInternalCrossSection .................   Passed  432.94 sec
          Start 1961: SIMPLEMMS.ContinuityConverges
   8/2029 Test #1823: CompressibleCoupledProductionCaseTest.DispatchesToCompressibleSimpleAndConverges .........................   Passed  437.95 sec
          Start 1840: StructuredQuadProductionCase.CompressibleSimpleMatchesLubricationSolutionOnDistortedMesh
   9/2029 Test #1826: CompressibleCoupledProductionCaseTest.ExportsCoupledCompressibleFields ...................................   Passed  440.81 sec
          Start 1966: CompressibleSimpleMMS.SystemConvergence
  10/2029 Test #1825: CompressibleCoupledProductionCaseTest.MatchesArkilicIsothermalLubricationPressureProfile .................   Passed  441.70 sec
          Start 1962: SIMPLEMMS.GlobalMassBalance
  11/2029 Test #1850: MultiBlockProductionCase.CurvedChannelGridConvergence ....................................................   Passed  113.31 sec
          Start 1916: TurbulentChannelValidation.ReTau180
  12/2029 Test #1836: StructuredQuadProductionCase.DistortedPoiseuilleGridConvergence ..........................................   Passed  110.27 sec
          Start 1917: TurbulentChannelValidation.LogLaw
  13/2029 Test #1847: GradedMeshProductionCase.GradedVertexGridOnNonOrthogonalStructuredQuad ...................................   Passed  472.83 sec
          Start 1793: NaturalConvectionValidation.Grid15x15MatchesDeVahlDavisRa1e3
  14/2029 Test #1916: TurbulentChannelValidation.ReTau180 ......................................................................   Passed  122.65 sec
          Start 1913: ChannelFlowValidation.AllFourModelsProduceDistinctMuTAndNames
  15/2029 Test #1627: SIMPLE3D.RhieChowRemovesACheckerboardPressure ............................................................   Passed  232.86 sec
          Start 1858: MeshQualityCampaign.ProductionPathManufacturedSolutionSmoke
  16/2029 Test #1917: TurbulentChannelValidation.LogLaw ........................................................................   Passed  121.64 sec
          Start 1852: MultiBlockProductionCase.StepChannelRegression
  17/2029 Test #1962: SIMPLEMMS.GlobalMassBalance ..............................................................................   Passed  145.43 sec
          Start 1956: MomentumMMS.DistortedMesh
  18/2029 Test #1759: SchemeValidation.AccuracyCostComparison ..................................................................   Passed  317.20 sec
          Start 1598: SIMPLENonOrthogonalTest.CorrectedSolveIsCloserToExactCouetteFlowOnDistortedMesh
  19/2029 Test #1845: GradedMeshProductionCase.GradedGridConvergence ...........................................................   Passed  604.33 sec
          Start 1848: MultiBlockProductionCase.CurvedChannelCommittedCaseGate
  20/2029 Test #1840: StructuredQuadProductionCase.CompressibleSimpleMatchesLubricationSolutionOnDistortedMesh .................   Passed  183.28 sec
          Start 1849: MultiBlockProductionCase.CurvedChannelInterfacesAreTransparent
  21/2029 Test #1966: CompressibleSimpleMMS.SystemConvergence ..................................................................   Passed  180.77 sec
          Start 1912: ChannelFlowValidation.LaminarControlDiffersSubstantiallyFromKEpsilon
  22/2029 Test #1848: MultiBlockProductionCase.CurvedChannelCommittedCaseGate ..................................................   Passed   18.63 sec
          Start 1594: SIMPLENonOrthogonalTest.DistortedMeshStrong
  23/2029 Test #1843: GradedMeshProductionCase.CommittedCaseRunsConservesAndExportsGradedGeometry ..............................   Passed  325.83 sec
          Start 1757: SchemeValidation.LinearUpwind
  24/2029 Test #1961: SIMPLEMMS.ContinuityConverges ............................................................................   Passed  207.03 sec
          Start 1746: CavityGhiaValidation.Re100Grid20
  25/2029 Test #1849: MultiBlockProductionCase.CurvedChannelInterfacesAreTransparent ...........................................   Passed   18.87 sec
          Start 1868: Duct3DProductionCase.CommittedDuctRunsConservesAndExports
  26/2029 Test #1771: PoiseuilleValidation.ProductionGridConvergence ...........................................................   Passed  642.22 sec
          Start 1758: SchemeValidation.Quick
  27/2029 Test #1846: GradedMeshProductionCase.XAndYGradingTogether ............................................................   Passed  325.43 sec
          Start 1915: ChannelFlowValidation.SSTIsDeterministic
  28/2029 Test #1964: SIMPLEMMS.DistortedMesh ..................................................................................   Passed  660.55 sec
          Start 1756: SchemeValidation.Central
  29/2029 Test #1956: MomentumMMS.DistortedMesh ................................................................................   Passed   73.61 sec
          Start 1755: SchemeValidation.Upwind
  30/2029 Test #1858: MeshQualityCampaign.ProductionPathManufacturedSolutionSmoke ..............................................   Passed  112.63 sec
          Start 1909: ChannelFlowValidation.SSTMediumConvergesAndMatchesLogLaw
  31/2029 Test #1852: MultiBlockProductionCase.StepChannelRegression ...........................................................   Passed  107.32 sec
          Start 1953: MomentumMMS.UConverges
  32/2029 Test #1598: SIMPLENonOrthogonalTest.CorrectedSolveIsCloserToExactCouetteFlowOnDistortedMesh ..........................   Passed   86.99 sec
          Start 1745: CavityGhiaValidation.Grid20x20IsDeterministic
  33/2029 Test #1594: SIMPLENonOrthogonalTest.DistortedMeshStrong ..............................................................   Passed   81.76 sec
          Start 1954: MomentumMMS.VConverges
  34/2029 Test #1868: Duct3DProductionCase.CommittedDuctRunsConservesAndExports ................................................   Passed   69.83 sec
          Start 1875: LidDrivenCube3DProductionCase.CommittedLightCubeRunsAndIsMeasured
  35/2029 Test #1757: SchemeValidation.LinearUpwind ............................................................................   Passed   86.08 sec
          Start 1783: TwoMaterialConductionValidation.Grid80MatchesAnalyticalSolution
  36/2029 Test #1783: TwoMaterialConductionValidation.Grid80MatchesAnalyticalSolution ..........................................   Passed    0.18 sec
          Start 1958: SIMPLEMMS.ConvergesFromNonExactInitialCondition
  37/2029 Test #1746: CavityGhiaValidation.Re100Grid20 .........................................................................   Passed   79.79 sec
          Start 1838: StructuredQuadProductionCase.NonOrthogonalCorrectionIsActiveOnTheProductionPath
  38/2029 Test #1758: SchemeValidation.Quick ...................................................................................   Passed   79.38 sec
          Start 1792: NaturalConvectionValidation.Grid10x10ConstantPropertyModelsMatchDeVahlDavisRa1e3
  39/2029 Test #1793: NaturalConvectionValidation.Grid15x15MatchesDeVahlDavisRa1e3 .............................................   Passed  249.26 sec
          Start 1798: NaturalConvectionValidation.RepeatedCoupledSolveIsBitIdentical
  40/2029 Test #1838: StructuredQuadProductionCase.NonOrthogonalCorrectionIsActiveOnTheProductionPath ..........................   Passed    5.32 sec
          Start 1791: NaturalConvectionValidation.Grid10x10MatchesDeVahlDavisRa1e3
  41/2029 Test #1953: MomentumMMS.UConverges ...................................................................................   Passed   49.07 sec
          Start 1768: PoiseuilleValidation.Profile
  42/2029 Test #1756: SchemeValidation.Central .................................................................................   Passed   78.07 sec
          Start 1769: PoiseuilleValidation.MassFlow
  43/2029 Test #1755: SchemeValidation.Upwind ..................................................................................   Passed   80.10 sec
          Start 1770: PoiseuilleValidation.PressureDrop
  44/2029 Test #1954: MomentumMMS.VConverges ...................................................................................   Passed   48.16 sec
          Start 1841: StructuredQuadProductionCase.KEpsilonChannelMatchesCartesianOnTiltedMesh
  45/2029 Test #1875: LidDrivenCube3DProductionCase.CommittedLightCubeRunsAndIsMeasured ........................................   Passed   56.77 sec
          Start 1906: ChannelFlowValidation.KOmegaMediumConvergesAndMatchesLogLaw
  46/2029 Test #1958: SIMPLEMMS.ConvergesFromNonExactInitialCondition ..........................................................   Passed   57.08 sec
          Start 1908: ChannelFlowValidation.SSTCoarseConvergesAndMatchesLogLaw
  47/2029 Test #1912: ChannelFlowValidation.LaminarControlDiffersSubstantiallyFromKEpsilon .....................................   Passed  152.74 sec
          Start 1762: TransientCavityTest.LongTimeTransientApproachesValidatedSteadySimple
  48/2029 Test #1913: ChannelFlowValidation.AllFourModelsProduceDistinctMuTAndNames ............................................   Passed  207.99 sec
          Start 1593: SIMPLENonOrthogonalTest.DistortedMeshModerate
  49/2029 Test #1768: PoiseuilleValidation.Profile .............................................................................   Passed   47.79 sec
          Start 1592: SIMPLENonOrthogonalTest.DistortedMeshMild
  50/2029 Test #1769: PoiseuilleValidation.MassFlow ............................................................................   Passed   45.93 sec
          Start 1971: MMSSimple3DTest.ErrorsDecreaseOnCoarseLevels
  51/2029 Test #1915: ChannelFlowValidation.SSTIsDeterministic .................................................................   Passed  134.12 sec
          Start 1741: CavityGhiaValidation.Grid20x20ConvergesAndMatchesGhia
  52/2029 Test #1770: PoiseuilleValidation.PressureDrop ........................................................................   Passed   47.71 sec
          Start 1549: SIMPLEConvergenceTest.CavityRe100_20x20Converges
  53/2029 Test #1795: NaturalConvectionValidation.GridConvergence ..............................................................   Passed  796.95 sec
          Start 1767: PoiseuilleValidation.Grid64x8IsDeterministic
  54/2029 Test #1841: StructuredQuadProductionCase.KEpsilonChannelMatchesCartesianOnTiltedMesh .................................   Passed   44.57 sec
          Start 1822: CompressibleProductionCaseTest.RepeatedRunsAreDeterministic
  55/2029 Test #1909: ChannelFlowValidation.SSTMediumConvergesAndMatchesLogLaw .................................................   Passed  125.46 sec
          Start 1837: StructuredQuadProductionCase.LeastSquaresGradientMatchesAnalyticalSolution
  56/2029 Test #1593: SIMPLENonOrthogonalTest.DistortedMeshModerate ............................................................   Passed   37.07 sec
          Start 1835: StructuredQuadProductionCase.DistortedPoiseuilleMatchesAnalyticalSolution
  57/2029 Test #1837: StructuredQuadProductionCase.LeastSquaresGradientMatchesAnalyticalSolution ...............................   Passed    2.25 sec
          Start 1596: SIMPLENonOrthogonalTest.NonOrthogonalDeterministic
  58/2029 Test #1835: StructuredQuadProductionCase.DistortedPoiseuilleMatchesAnalyticalSolution ................................   Passed    2.42 sec
          Start 1949: LowMachRegressionTest.GridRefinementKeepsAllMetricsSmall
  59/2029 Test #1592: SIMPLENonOrthogonalTest.DistortedMeshMild ................................................................   Passed   37.15 sec
          Start 1914: ChannelFlowValidation.KEpsilonIsDeterministic
  60/2029 Test #1971: MMSSimple3DTest.ErrorsDecreaseOnCoarseLevels .............................................................   Passed   37.76 sec
          Start 1903: ChannelFlowValidation.KEpsilonMediumConvergesAndMatchesLogLaw
  61/2029 Test #1822: CompressibleProductionCaseTest.RepeatedRunsAreDeterministic ..............................................   Passed   40.32 sec
          Start 1610: SIMPLERobustnessTest.StagnationStatus
  62/2029 Test #1908: ChannelFlowValidation.SSTCoarseConvergesAndMatchesLogLaw .................................................   Passed   65.97 sec
          Start 1796: NaturalConvectionValidation.HotFluidRisesNearHotWallColdFluidSinksNearColdWall
  63/2029 Test #1906: ChannelFlowValidation.KOmegaMediumConvergesAndMatchesLogLaw ..............................................   Passed   77.34 sec
          Start 1777: HeatedCavityConductionValidation.Grid80x80MatchesAnalyticalProfile
  64/2029 Test #1745: CavityGhiaValidation.Grid20x20IsDeterministic ............................................................   Passed  158.05 sec
          Start 1951: ScalarMMS.AdvectionDiffusionConverges
  65/2029 Test #1777: HeatedCavityConductionValidation.Grid80x80MatchesAnalyticalProfile .......................................   Passed    0.66 sec
          Start 1905: ChannelFlowValidation.KOmegaCoarseConvergesAndMatchesLogLaw
  66/2029 Test #1596: SIMPLENonOrthogonalTest.NonOrthogonalDeterministic .......................................................   Passed   33.89 sec
          Start 1773: TransientPoiseuilleTest.LongTimeTransientApproachesValidatedSteadySimple
  67/2029 Test #1798: NaturalConvectionValidation.RepeatedCoupledSolveIsBitIdentical ...........................................   Passed  135.41 sec
          Start 1818: CompressibleProductionCaseTest.OutletBoundaryMassFluxUsesReferencePressureDensity
  68/2029 Test #1610: SIMPLERobustnessTest.StagnationStatus ....................................................................   Passed   24.41 sec
          Start 1828: CompressibleCoupledProductionCaseTest.NonCoupledCaseStillUsesPostHocPathUnchanged
  69/2029 Test #1951: ScalarMMS.AdvectionDiffusionConverges ....................................................................   Passed   20.07 sec
          Start 1595: SIMPLENonOrthogonalTest.NonOrthogonalMassConservation
  70/2029 Test #1914: ChannelFlowValidation.KEpsilonIsDeterministic ............................................................   Passed   45.04 sec
          Start 1736: CompressibleSIMPLENonOrthogonalTest.NonOrthogonalOpenChannel
  71/2029 Test #1903: ChannelFlowValidation.KEpsilonMediumConvergesAndMatchesLogLaw ............................................   Passed   43.42 sec
          Start 1950: LowMachRegressionTest.RepeatedRunIsDeterministic
  72/2029 Test #1741: CavityGhiaValidation.Grid20x20ConvergesAndMatchesGhia ....................................................   Passed   79.08 sec
          Start 1629: SIMPLE3D.NonOrthogonalCorrectionPassesAgreeWithUncorrectedOnCartesianHexahedra
  73/2029 Test #1767: PoiseuilleValidation.Grid64x8IsDeterministic .............................................................   Passed   69.56 sec
          Start 1432: VisualizationSnapshotTest.CompressibleCaseExposesThermodynamicFieldsLiveAndReloaded
  74/2029 Test #1549: SIMPLEConvergenceTest.CavityRe100_20x20Converges .........................................................   Passed   79.03 sec
          Start 2023: CaseEditingTest.MultiBlockCaseLoadsValidatesSavesAndRunsFromTheGui
  75/2029 Test #1762: TransientCavityTest.LongTimeTransientApproachesValidatedSteadySimple .....................................   Passed   94.56 sec
          Start 1932: SpeciesSolverCouplingTest.PassiveSpeciesDoesNotAlterVelocityOrThermalSolution
  76/2029 Test #1949: LowMachRegressionTest.GridRefinementKeepsAllMetricsSmall .................................................   Passed   61.07 sec
          Start 1763: PoiseuilleValidation.Grid64x8ConvergesAndMatchesAnalyticalProfile
  77/2029 Test #1818: CompressibleProductionCaseTest.OutletBoundaryMassFluxUsesReferencePressureDensity ........................   Passed   20.34 sec
          Start 1816: CompressibleProductionCaseTest.MachNumberStaysWellBelowPointOneAndEosIsConsistent
  78/2029 Test #1828: CompressibleCoupledProductionCaseTest.NonCoupledCaseStillUsesPostHocPathUnchanged ........................   Passed   19.64 sec
          Start 1819: CompressibleProductionCaseTest.ExportsCompressibleFieldsToCsvVtkAndJson
  79/2029 Test #1595: SIMPLENonOrthogonalTest.NonOrthogonalMassConservation ....................................................   Passed   17.93 sec
          Start 1817: CompressibleProductionCaseTest.ContinuityImbalanceIsSmall
  80/2029 Test #1736: CompressibleSIMPLENonOrthogonalTest.NonOrthogonalOpenChannel .............................................   Passed   17.93 sec
          Start 1952: ScalarMMS.DistortedMeshNonOrthogonalCorrection
  81/2029 Test #1629: SIMPLE3D.NonOrthogonalCorrectionPassesAgreeWithUncorrectedOnCartesianHexahedra ...........................   Passed   18.51 sec
          Start 1815: CompressibleProductionCaseTest.RunsEndToEndAndConverges
  82/2029 Test #1905: ChannelFlowValidation.KOmegaCoarseConvergesAndMatchesLogLaw ..............................................   Passed   40.76 sec
          Start 1902: ChannelFlowValidation.KEpsilonCoarseConvergesAndMatchesLogLaw
  83/2029 Test #1432: VisualizationSnapshotTest.CompressibleCaseExposesThermodynamicFieldsLiveAndReloaded ......................   Passed   19.90 sec
          Start 1591: SIMPLENonOrthogonalTest.NonOrthogonalCorrectionsZeroPreservesBaseline
  84/2029 Test #2023: CaseEditingTest.MultiBlockCaseLoadsValidatesSavesAndRunsFromTheGui .......................................   Passed   21.44 sec
          Start 1738: CompressibleSIMPLERobustnessTest.RobustnessRegression
  85/2029 Test #1773: TransientPoiseuilleTest.LongTimeTransientApproachesValidatedSteadySimple .................................   Passed   46.35 sec
          Start 1626: SIMPLE3D.PressureReferenceDoesNotChangeVelocityOrFlux
  86/2029 Test #1952: ScalarMMS.DistortedMeshNonOrthogonalCorrection ...........................................................   Passed   13.56 sec
          Start 1933: SpeciesSolverCouplingTest.TwoIndependentSpeciesShowNoCrossCoupling
  87/2029 Test #1591: SIMPLENonOrthogonalTest.NonOrthogonalCorrectionsZeroPreservesBaseline ....................................   Passed   12.73 sec
          Start 1737: CompressibleSIMPLENonOrthogonalTest.LowMachRegression
  88/2029 Test #1816: CompressibleProductionCaseTest.MachNumberStaysWellBelowPointOneAndEosIsConsistent ........................   Passed   21.44 sec
          Start 1630: SIMPLE3D.PlugFlowIsExactInAllSixDirections
  89/2029 Test #1738: CompressibleSIMPLERobustnessTest.RobustnessRegression ....................................................   Passed   10.58 sec
          Start 1615: SIMPLERobustnessTest.Deterministic
  90/2029 Test #1932: SpeciesSolverCouplingTest.PassiveSpeciesDoesNotAlterVelocityOrThermalSolution ............................   Passed   33.72 sec
          Start 1609: SIMPLERobustnessTest.NormalizedResidualConvergence
  91/2029 Test #1819: CompressibleProductionCaseTest.ExportsCompressibleFieldsToCsvVtkAndJson ..................................   Passed   21.06 sec
          Start 1948: LowMachRegressionTest.GlobalMassImbalanceIsSmall
  92/2029 Test #1817: CompressibleProductionCaseTest.ContinuityImbalanceIsSmall ................................................   Passed   21.53 sec
          Start 1931: SpeciesSolverCouplingTest.TransportsThroughAGenuineSIMPLESolvedPoiseuilleFlow
  93/2029 Test #1626: SIMPLE3D.PressureReferenceDoesNotChangeVelocityOrFlux ....................................................   Passed   12.07 sec
          Start 1945: LowMachRegressionTest.DensityVariationIsSmallRelativeToReferenceDensity
  94/2029 Test #1815: CompressibleProductionCaseTest.RunsEndToEndAndConverges ..................................................   Passed   21.69 sec
          Start 1946: LowMachRegressionTest.EosConsistencyErrorIsAtFloatingPointTolerance
  95/2029 Test #1950: LowMachRegressionTest.RepeatedRunIsDeterministic .........................................................   Passed   41.48 sec
          Start 1944: LowMachRegressionTest.MachNumberStaysWellBelowPointOne
  96/2029 Test #1796: NaturalConvectionValidation.HotFluidRisesNearHotWallColdFluidSinksNearColdWall ...........................   Passed   67.64 sec
          Start 1947: LowMachRegressionTest.CompressibleMassFluxApproachesTheIncompressibleLimit
  97/2029 Test #1615: SIMPLERobustnessTest.Deterministic .......................................................................   Passed    8.04 sec
          Start 1611: SIMPLERobustnessTest.NormalConvergenceIsNotStagnationOrDivergence
  98/2029 Test #1737: CompressibleSIMPLENonOrthogonalTest.LowMachRegression ....................................................   Passed    9.12 sec
          Start 1617: SIMPLERobustnessTest.BookkeepingOverheadIsSmall
  99/2029 Test #1902: ChannelFlowValidation.KEpsilonCoarseConvergesAndMatchesLogLaw ............................................   Passed   23.07 sec
          Start 1963: SIMPLEMMS.Deterministic
 100/2029 Test #1630: SIMPLE3D.PlugFlowIsExactInAllSixDirections ...............................................................   Passed   10.35 sec
          Start 1739: CompressibleSIMPLERobustnessTest.FallbackRecovery
 101/2029 Test #1609: SIMPLERobustnessTest.NormalizedResidualConvergence .......................................................   Passed    8.73 sec
          Start 1784: TwoMaterialConductionValidation.GridRefinementDoesNotDegradeAccuracy
 102/2029 Test #1784: TwoMaterialConductionValidation.GridRefinementDoesNotDegradeAccuracy .....................................   Passed    0.04 sec
          Start 1613: SIMPLERobustnessTest.AdaptiveRelaxationRecovery
 103/2029 Test #1763: PoiseuilleValidation.Grid64x8ConvergesAndMatchesAnalyticalProfile ........................................   Passed   36.77 sec
          Start 1761: TransientCavityTest.ImpulsiveStartReachesFiniteConservativeStateAndDevelopsRecirculation
 104/2029 Test #1963: SIMPLEMMS.Deterministic ..................................................................................   Passed    4.66 sec
          Start 1506: ProductionValidationTest.SimpleCountsLinearIterations
 105/2029 Test #1933: SpeciesSolverCouplingTest.TwoIndependentSpeciesShowNoCrossCoupling .......................................   Passed   18.59 sec
          Start 1782: TwoMaterialConductionValidation.Grid40MatchesAnalyticalSolution
 106/2029 Test #1782: TwoMaterialConductionValidation.Grid40MatchesAnalyticalSolution ..........................................   Passed    0.05 sec
          Start 1735: CompressibleSIMPLENonOrthogonalTest.NonOrthogonalPressureCorrection
 107/2029 Test #1611: SIMPLERobustnessTest.NormalConvergenceIsNotStagnationOrDivergence ........................................   Passed    7.37 sec
          Start 1772: TransientPoiseuilleTest.StartupChannelReachesFiniteConservativeStateAndDevelopsProfile
 108/2029 Test #1827: CompressibleCoupledProductionCaseTest.RepeatedRunIsDeterministic .........................................   Passed  915.38 sec
          Start 1631: SIMPLE3D.CouetteFlowIsExactForMovingWallsOnThreeAxes
 109/2029 Test #1617: SIMPLERobustnessTest.BookkeepingOverheadIsSmall ..........................................................   Passed    7.18 sec
          Start 1614: SIMPLERobustnessTest.LinearSolverFallbackRecovery
 110/2029 Test #1739: CompressibleSIMPLERobustnessTest.FallbackRecovery ........................................................   Passed    6.40 sec
          Start 1774: TemporalRefinementTest.ImplicitEulerConvergesAtApproximatelyFirstOrderOnRealPisoChannel
 111/2029 Test #1613: SIMPLERobustnessTest.AdaptiveRelaxationRecovery ..........................................................   Passed    5.86 sec
          Start 1505: ProductionValidationTest.MakeSimpleRunRecordsSolverAndCost
 112/2029 Test #1506: ProductionValidationTest.SimpleCountsLinearIterations ....................................................   Passed    6.54 sec
          Start 1408: ProjectRunnerTest.StagnationDetectionReportsDidNotConverge
 113/2029 Test #1614: SIMPLERobustnessTest.LinearSolverFallbackRecovery ........................................................   Passed    4.38 sec
          Start 1923: SpeciesAdvectionDiffusionValidation.DiffusionDominatedRegimePe0p1MatchesAnalytical
 114/2029 Test #1735: CompressibleSIMPLENonOrthogonalTest.NonOrthogonalPressureCorrection ......................................   Passed    5.20 sec
          Start 1586: SIMPLEGpuSolverTest.GpuBackendReproducesCpuCavitySolutionWithinTolerance
 115/2029 Test #1931: SpeciesSolverCouplingTest.TransportsThroughAGenuineSIMPLESolvedPoiseuilleFlow ............................   Passed   16.91 sec
          Start 1924: SpeciesAdvectionDiffusionValidation.MixedRegimePe5MatchesAnalytical
 116/2029 Test #1505: ProductionValidationTest.MakeSimpleRunRecordsSolverAndCost ...............................................   Passed    3.44 sec
          Start 1702: AlePisoUniformFlow.GclInconsistentVariantsBreakUniformFlow
 117/2029 Test #1631: SIMPLE3D.CouetteFlowIsExactForMovingWallsOnThreeAxes .....................................................   Passed    5.40 sec
          Start 1776: HeatedCavityConductionValidation.Grid40x40MatchesAnalyticalProfile
 118/2029 Test #1776: HeatedCavityConductionValidation.Grid40x40MatchesAnalyticalProfile .......................................   Passed    0.14 sec
          Start 1778: HeatedCavityConductionValidation.GridRefinementDoesNotDegradeAccuracy
 119/2029 Test #1778: HeatedCavityConductionValidation.GridRefinementDoesNotDegradeAccuracy ....................................   Passed    0.14 sec
          Start 1740: CompressibleSIMPLERobustnessTest.LowMachRegression
 120/2029 Test #1948: LowMachRegressionTest.GlobalMassImbalanceIsSmall .........................................................   Passed   19.81 sec
          Start 1628: SIMPLE3D.NonOrthogonalCorrectionIsExactlyInertOnCartesianHexahedra
 121/2029 Test #1408: ProjectRunnerTest.StagnationDetectionReportsDidNotConverge ...............................................   Passed    3.12 sec
          Start 1701: AlePisoUniformFlow.UniformFlowStaysUniformUnderPrescribedMotion
 122/2029 Test #1586: SIMPLEGpuSolverTest.GpuBackendReproducesCpuCavitySolutionWithinTolerance .................................   Passed    2.80 sec
          Start 1968: MMS3DTest.OperatorErrorsDecreaseOnCoarseLevels
 123/2029 Test #1740: CompressibleSIMPLERobustnessTest.LowMachRegression .......................................................   Passed    2.34 sec
          Start 1839: StructuredQuadProductionCase.ThermalAndSpeciesMatchLinearProfilesOnDistortedSlab
 124/2029 Test #1702: AlePisoUniformFlow.GclInconsistentVariantsBreakUniformFlow ...............................................   Passed    2.76 sec
          Start   15: CFDAppCli3D_valid_cube3d_cli_smoke
 125/2029 Test #1774: TemporalRefinementTest.ImplicitEulerConvergesAtApproximatelyFirstOrderOnRealPisoChannel ..................   Passed    8.22 sec
          Start 1590: SIMPLENonOrthogonalTest.CartesianExtraPassesOnlyDifferByLinearSolverTolerance
 126/2029 Test #1628: SIMPLE3D.NonOrthogonalCorrectionIsExactlyInertOnCartesianHexahedra .......................................   Passed    2.30 sec
          Start   14: CFDAppCli3D_valid_duct3d_cli_smoke
 127/2029 Test #1701: AlePisoUniformFlow.UniformFlowStaysUniformUnderPrescribedMotion ..........................................   Passed    2.31 sec
          Start 1122: ThermalNonOrthogonalTest.NonOrthogonalDiffusion
 128/2029 Test   #15: CFDAppCli3D_valid_cube3d_cli_smoke .......................................................................   Passed    1.76 sec
          Start 1856: MeshQualityCampaign.EachFamilysTargetedMetricIncreasesWithItsParameter
 129/2029 Test #1945: LowMachRegressionTest.DensityVariationIsSmallRelativeToReferenceDensity ..................................   Passed   20.12 sec
          Start 1995: CaseEditingTest.MeshEditRoundTripsThroughSaveReopenAndRunsThroughProjectRunner
 130/2029 Test #1968: MMS3DTest.OperatorErrorsDecreaseOnCoarseLevels ...........................................................   Passed    2.57 sec
          Start 1105: ThermalSolverVariablePropertiesTest.VariableConductivityMatchesManufacturedAnalyticalProfile
 131/2029 Test #1105: ThermalSolverVariablePropertiesTest.VariableConductivityMatchesManufacturedAnalyticalProfile .............   Passed    0.09 sec
          Start 1573: SIMPLETurbulenceModelsTest.LaminarKEpsilonKOmegaAndSSTProduceDistinctModelsAndMuT
 132/2029 Test #1839: StructuredQuadProductionCase.ThermalAndSpeciesMatchLinearProfilesOnDistortedSlab .........................   Passed    2.32 sec
          Start  193: MeshMotionGeometry.AffineMotionsGiveTheExactAffineImage3D
 133/2029 Test #1590: SIMPLENonOrthogonalTest.CartesianExtraPassesOnlyDifferByLinearSolverTolerance ............................   Passed    1.44 sec
          Start 1587: SIMPLEGpuSolverTest.GpuBackendSatisfiesTheSameConvergenceCriteria
 134/2029 Test #1772: TransientPoiseuilleTest.StartupChannelReachesFiniteConservativeStateAndDevelopsProfile ...................   Passed   10.70 sec
          Start 1608: SIMPLERobustnessTest.DefaultRobustnessPreservesBaseline
 135/2029 Test #1923: SpeciesAdvectionDiffusionValidation.DiffusionDominatedRegimePe0p1MatchesAnalytical .......................   Passed    6.20 sec
          Start 1851: MultiBlockProductionCase.SectorConductionInterfaceConservation
 136/2029 Test #1924: SpeciesAdvectionDiffusionValidation.MixedRegimePe5MatchesAnalytical ......................................   Passed    6.12 sec
          Start 1700: AlePisoStaticLimit.StationaryMotionIsPisoBitForBit
 137/2029 Test #1944: LowMachRegressionTest.MachNumberStaysWellBelowPointOne ...................................................   Passed   19.66 sec
          Start 1833: HeatedSpeciesDiffusionProductionCaseTest.RepeatedRunsAreDeterministic
 138/2029 Test #1122: ThermalNonOrthogonalTest.NonOrthogonalDiffusion ..........................................................   Passed    1.66 sec
          Start 1785: TwoMaterialConductionValidation.RepeatedSolveIsDeterministic
 139/2029 Test   #14: CFDAppCli3D_valid_duct3d_cli_smoke .......................................................................   Passed    1.91 sec
          Start 1433: VisualizationSnapshotTest.ThreeDimensionalResultLiveAndReloaded
 140/2029 Test #1995: CaseEditingTest.MeshEditRoundTripsThroughSaveReopenAndRunsThroughProjectRunner ...........................   Passed    1.65 sec
          Start 2028: CaseEditingTest.ThreeDimensionalCaseLoadsValidatesPreservesZAndRunsFromTheGui
 141/2029 Test #1785: TwoMaterialConductionValidation.RepeatedSolveIsDeterministic .............................................   Passed    0.08 sec
          Start   18: CFDAppCli3D_invalid_3d_thermal
 142/2029 Test  #193: MeshMotionGeometry.AffineMotionsGiveTheExactAffineImage3D ................................................   Passed    1.28 sec
          Start 1788: BoussinesqCouplingTest.ReversingGravityReversesCirculationDirection
 143/2029 Test #1856: MeshQualityCampaign.EachFamilysTargetedMetricIncreasesWithItsParameter ...................................   Passed    1.77 sec
          Start 1124: ThermalNonOrthogonalTest.PrescribedFluxWallsKeepEnergyBalance
 144/2029 Test #1947: LowMachRegressionTest.CompressibleMassFluxApproachesTheIncompressibleLimit ...............................   Passed   19.79 sec
          Start   17: CFDAppCli3D_invalid_3d_two_component_velocity
 145/2029 Test #1761: TransientCavityTest.ImpulsiveStartReachesFiniteConservativeStateAndDevelopsRecirculation .................   Passed   14.71 sec
          Start 1790: BoussinesqCouplingTest.RepeatedCoupledSolveIsBitIdentical
 146/2029 Test #1608: SIMPLERobustnessTest.DefaultRobustnessPreservesBaseline ..................................................   Passed    1.30 sec
          Start 1703: AlePisoGalilean.TranslatingCavityIsTheFixedCavityPlusTheTranslation
 147/2029 Test #1124: ThermalNonOrthogonalTest.PrescribedFluxWallsKeepEnergyBalance ............................................   Passed    0.06 sec
          Start   16: CFDAppCli3D_invalid_3d_box_without_nz
 148/2029 Test #1946: LowMachRegressionTest.EosConsistencyErrorIsAtFloatingPointTolerance ......................................   Passed   20.49 sec
          Start 1704: AlePisoGalilean.StaticFormulationOnTheTranslatingMeshIsNotGalileanInvariant
 149/2029 Test #1587: SIMPLEGpuSolverTest.GpuBackendSatisfiesTheSameConvergenceCriteria ........................................   Passed    1.40 sec
          Start 1986: SimulationControllerTest.RunPublishesAUsableResultSnapshot
 150/2029 Test #1851: MultiBlockProductionCase.SectorConductionInterfaceConservation ...........................................   Passed    1.50 sec
          Start 1706: AlePisoMovingWall.CouetteFlowIsUnchangedByTangentialMeshTranslation
 151/2029 Test   #17: CFDAppCli3D_invalid_3d_two_component_velocity ............................................................   Passed    0.77 sec
          Start 2017: CaseEditingTest.FullCaseCreationFromScratchValidatesSavesRunsAndMatchesCli
 152/2029 Test   #18: CFDAppCli3D_invalid_3d_thermal ...........................................................................   Passed    0.84 sec
          Start 1807: SpeciesProductionCaseTest.RepeatedRunsAreDeterministic
 153/2029 Test #1703: AlePisoGalilean.TranslatingCavityIsTheFixedCavityPlusTheTranslation ......................................   Passed    0.86 sec
          Start 1582: SIMPLEBuoyancyTest.RepeatedBuoyantSolveIsBitIdentical
 154/2029 Test #1433: VisualizationSnapshotTest.ThreeDimensionalResultLiveAndReloaded ..........................................   Passed    1.01 sec
          Start 1829: HeatedSpeciesDiffusionProductionCaseTest.RunsEndToEndAndConverges
 155/2029 Test   #16: CFDAppCli3D_invalid_3d_box_without_nz ....................................................................   Passed    0.87 sec
          Start 1830: HeatedSpeciesDiffusionProductionCaseTest.BothFieldsMatchAnalyticalProfilesSimultaneously
 156/2029 Test #1704: AlePisoGalilean.StaticFormulationOnTheTranslatingMeshIsNotGalileanInvariant ..............................   Passed    0.87 sec
          Start 1832: HeatedSpeciesDiffusionProductionCaseTest.ExportsBothFieldsToCsvVtkAndJson
 157/2029 Test #2028: CaseEditingTest.ThreeDimensionalCaseLoadsValidatesPreservesZAndRunsFromTheGui ............................   Passed    1.05 sec
          Start 1925: SpeciesAdvectionDiffusionValidation.AdvectionDominatedRegimePe50MatchesAnalyticalWithinUpwindDiffusion
 158/2029 Test #1700: AlePisoStaticLimit.StationaryMotionIsPisoBitForBit .......................................................   Passed    1.24 sec
          Start 1831: HeatedSpeciesDiffusionProductionCaseTest.BothFieldsConserveFluxIndependently
 159/2029 Test #1833: HeatedSpeciesDiffusionProductionCaseTest.RepeatedRunsAreDeterministic ....................................   Passed    1.36 sec
          Start 1724: CompressibleSimpleTest.ReducesToIncompressibleSimpleWithNegligibleCompressibility
 160/2029 Test #1706: AlePisoMovingWall.CouetteFlowIsUnchangedByTangentialMeshTranslation ......................................   Passed    0.77 sec
          Start 1857: MeshQualityCampaign.InvalidMeshesAreRejectedBeforeTheSolverRuns
 161/2029 Test #2017: CaseEditingTest.FullCaseCreationFromScratchValidatesSavesRunsAndMatchesCli ...............................   Passed    0.77 sec
          Start 1312: SpeciesNonOrthogonalTest.NonOrthogonalDiffusion
 162/2029 Test #1788: BoussinesqCouplingTest.ReversingGravityReversesCirculationDirection ......................................   Passed    1.64 sec
          Start 1726: CompressibleSimpleTest.RepeatedRunIsDeterministic
 163/2029 Test #1986: SimulationControllerTest.RunPublishesAUsableResultSnapshot ...............................................   Passed    1.53 sec
          Start 1578: SIMPLEBuoyancyTest.RealBuoyancySourceChangesConvergedVelocityField
 164/2029 Test #1829: HeatedSpeciesDiffusionProductionCaseTest.RunsEndToEndAndConverges ........................................   Passed    0.71 sec
          Start 1781: TwoMaterialConductionValidation.Grid20MatchesAnalyticalSolution
 165/2029 Test #1832: HeatedSpeciesDiffusionProductionCaseTest.ExportsBothFieldsToCsvVtkAndJson ................................   Passed    0.70 sec
          Start 1797: NaturalConvectionValidation.ZeroBetaRecoversPureConductionProfile
 166/2029 Test #1830: HeatedSpeciesDiffusionProductionCaseTest.BothFieldsMatchAnalyticalProfilesSimultaneously .................   Passed    0.73 sec
          Start 2016: CaseEditingTest.BoundaryEditRoundTripsThroughSaveReopenAndRuns
 167/2029 Test #1781: TwoMaterialConductionValidation.Grid20MatchesAnalyticalSolution ..........................................   Passed    0.05 sec
          Start   13: CFDAppCliMeshQualityWarning
 168/2029 Test #1790: BoussinesqCouplingTest.RepeatedCoupledSolveIsBitIdentical ................................................   Passed    1.69 sec
          Start 1429: LoadSnapshotFromResultsTest.CrlfResultsFilesReload
 169/2029 Test #1724: CompressibleSimpleTest.ReducesToIncompressibleSimpleWithNegligibleCompressibility ........................   Passed    0.54 sec
          Start 1410: ProjectRunnerTest.MeshQualityWarningDoesNotStopTheRun
 170/2029 Test #1831: HeatedSpeciesDiffusionProductionCaseTest.BothFieldsConserveFluxIndependently .............................   Passed    0.75 sec
          Start 1571: SIMPLESSTTest.RepeatedSolveIsBitIdentical
 171/2029 Test #1857: MeshQualityCampaign.InvalidMeshesAreRejectedBeforeTheSolverRuns ..........................................   Passed    0.68 sec
          Start 1926: SpeciesAdvectionDiffusionValidation.PureAdvectionTransportsInletValueDownstreamWithoutSourceOrSink
 172/2029 Test #1797: NaturalConvectionValidation.ZeroBetaRecoversPureConductionProfile ........................................   Passed    0.39 sec
          Start 1434: VisualizationSnapshotTest.TwoDimensionalResultHasNoThirdComponent
 173/2029 Test #1726: CompressibleSimpleTest.RepeatedRunIsDeterministic ........................................................   Passed    0.51 sec
          Start 1104: ThermalSolverVariablePropertiesTest.RepeatedSolveIsDeterministic
 174/2029 Test #1104: ThermalSolverVariablePropertiesTest.RepeatedSolveIsDeterministic .........................................   Passed    0.06 sec
          Start 1775: HeatedCavityConductionValidation.Grid20x20MatchesAnalyticalProfile
 175/2029 Test #1925: SpeciesAdvectionDiffusionValidation.AdvectionDominatedRegimePe50MatchesAnalyticalWithinUpwindDiffusion ...   Passed    1.22 sec
          Start 1786: BoussinesqCouplingTest.DifferentiallyHeatedCavityProducesNonzeroVelocity
 176/2029 Test #1312: SpeciesNonOrthogonalTest.NonOrthogonalDiffusion ..........................................................   Passed    0.66 sec
          Start 1708: AlePisoTransient.TransientSolverRunsAleAndRevertsTheMeshOfARejectedStep
 177/2029 Test #1582: SIMPLEBuoyancyTest.RepeatedBuoyantSolveIsBitIdentical ....................................................   Passed    1.34 sec
          Start 2015: CaseEditingTest.PhysicsEditRoundTripsThroughSaveReopenAndRuns
 178/2029 Test #1429: LoadSnapshotFromResultsTest.CrlfResultsFilesReload .......................................................   Passed    0.53 sec
          Start 1430: VisualizationSnapshotTest.SpeciesCaseExposesConcentrationFieldLiveAndReloaded
 179/2029 Test #1807: SpeciesProductionCaseTest.RepeatedRunsAreDeterministic ...................................................   Passed    1.48 sec
          Start 1569: SIMPLESSTTest.EndToEndLoopIsConnectedAndProducesPhysicalFields
 180/2029 Test #1775: HeatedCavityConductionValidation.Grid20x20MatchesAnalyticalProfile .......................................   Passed    0.11 sec
          Start  195: MeshMotionGeometry.SinusoidalDeformation3D
 181/2029 Test #2016: CaseEditingTest.BoundaryEditRoundTripsThroughSaveReopenAndRuns ...........................................   Passed    0.65 sec
          Start 1705: AlePisoMovingWall.PistonPushesUniformFlowOutOfTheChannel
 182/2029 Test   #13: CFDAppCliMeshQualityWarning ..............................................................................   Passed    0.65 sec
          Start 2029: CaseEditingTest.TwoDimensionalResultsHaveNoWSeries
 183/2029 Test #1410: ProjectRunnerTest.MeshQualityWarningDoesNotStopTheRun ....................................................   Passed    0.62 sec
          Start 1405: ProjectRunnerTest.RepeatedRunsAreDeterministic
 184/2029 Test #1434: VisualizationSnapshotTest.TwoDimensionalResultHasNoThirdComponent ........................................   Passed    0.47 sec
          Start 2014: CaseEditingTest.ValidatedEditSavesAndRunsThroughTheSamePipelineAsCli
 185/2029 Test #1708: AlePisoTransient.TransientSolverRunsAleAndRevertsTheMeshOfARejectedStep ..................................   Passed    0.40 sec
          Start 1567: SIMPLEKOmegaTest.RepeatedSolveIsBitIdentical
 186/2029 Test #1573: SIMPLETurbulenceModelsTest.LaminarKEpsilonKOmegaAndSSTProduceDistinctModelsAndMuT ........................   Passed    4.12 sec
          Start 1779: HeatedCavityConductionValidation.RepeatedSolveIsDeterministic
 187/2029 Test #1705: AlePisoMovingWall.PistonPushesUniformFlowOutOfTheChannel .................................................   Passed    0.36 sec
          Start 1409: ProjectRunnerTest.MeshQualityReportIsReturnedAndExported
 188/2029 Test  #195: MeshMotionGeometry.SinusoidalDeformation3D ...............................................................   Passed    0.40 sec
          Start 1813: MultiphaseProductionCaseTest.NonMultiphaseCaseStillRunsWithNoMultiphaseResult
 189/2029 Test #1578: SIMPLEBuoyancyTest.RealBuoyancySourceChangesConvergedVelocityField .......................................   Passed    1.11 sec
          Start 1575: SIMPLEBuoyancyTest.CaseB_BetaZeroMatchesNoBuoyancyBitForBit
 190/2029 Test #2015: CaseEditingTest.PhysicsEditRoundTripsThroughSaveReopenAndRuns ............................................   Passed    0.50 sec
          Start 1577: SIMPLEBuoyancyTest.UniformReferenceTemperatureMatchesNoBuoyancyBitForBit
 191/2029 Test #1779: HeatedCavityConductionValidation.RepeatedSolveIsDeterministic ............................................   Passed    0.08 sec
          Start 1576: SIMPLEBuoyancyTest.CaseC_ZeroGravityMatchesNoBuoyancyBitForBit
 192/2029 Test #2029: CaseEditingTest.TwoDimensionalResultsHaveNoWSeries .......................................................   Passed    0.46 sec
          Start 1428: LoadSnapshotFromResultsTest.ThermalCaseExposesTemperatureField
 193/2029 Test #1571: SIMPLESSTTest.RepeatedSolveIsBitIdentical ................................................................   Passed    1.11 sec
          Start 1805: SpeciesProductionCaseTest.ExportsSpeciesFieldToCsvVtkAndJson
 194/2029 Test #1428: LoadSnapshotFromResultsTest.ThermalCaseExposesTemperatureField ...........................................   Passed    0.17 sec
          Start 1801: SpeciesProductionCaseTest.RunsEndToEndAndConverges
 195/2029 Test #2014: CaseEditingTest.ValidatedEditSavesAndRunsThroughTheSamePipelineAsCli .....................................   Passed    0.48 sec
          Start 1559: SIMPLEDeterminismTest.RepeatedSolveIsBitIdentical
 196/2029 Test #1430: VisualizationSnapshotTest.SpeciesCaseExposesConcentrationFieldLiveAndReloaded ............................   Passed    0.78 sec
          Start 1803: SpeciesProductionCaseTest.GlobalDiffusiveFluxBalanceIsConserved
 197/2029 Test #1926: SpeciesAdvectionDiffusionValidation.PureAdvectionTransportsInletValueDownstreamWithoutSourceOrSink .......   Passed    1.09 sec
          Start 1563: SIMPLEKEpsilonTest.EndToEndLoopIsConnectedAndProducesPhysicalFields
 198/2029 Test #1786: BoussinesqCouplingTest.DifferentiallyHeatedCavityProducesNonzeroVelocity .................................   Passed    0.90 sec
          Start 1560: SIMPLEDeterminismTest.RepeatedSolveIsBitIdenticalThirdRun
 199/2029 Test #1405: ProjectRunnerTest.RepeatedRunsAreDeterministic ...........................................................   Passed    0.77 sec
          Start 1561: SIMPLETurbulenceTest.DefaultTurbulenceModelMatchesExplicitLaminarModel
 200/2029 Test #1409: ProjectRunnerTest.MeshQualityReportIsReturnedAndExported .................................................   Passed    0.46 sec
          Start 1566: SIMPLEKOmegaTest.EndToEndLoopIsConnectedAndProducesPhysicalFields
 201/2029 Test #1813: MultiphaseProductionCaseTest.NonMultiphaseCaseStillRunsWithNoMultiphaseResult ............................   Passed    0.49 sec
          Start 1802: SpeciesProductionCaseTest.ConcentrationMatchesAnalyticalProfile
 202/2029 Test #1569: SIMPLESSTTest.EndToEndLoopIsConnectedAndProducesPhysicalFields ...........................................   Passed    1.24 sec
          Start 1955: MomentumMMS.PressureGradientBalance
 203/2029 Test #1577: SIMPLEBuoyancyTest.UniformReferenceTemperatureMatchesNoBuoyancyBitForBit .................................   Passed    0.79 sec
          Start 1564: SIMPLEKEpsilonTest.RepeatedSolveIsBitIdentical
 204/2029 Test #1567: SIMPLEKOmegaTest.RepeatedSolveIsBitIdentical .............................................................   Passed    0.93 sec
          Start 1725: CompressibleSimpleTest.TinyCavityConvergesWithGenuineCompressibility
 205/2029 Test #1575: SIMPLEBuoyancyTest.CaseB_BetaZeroMatchesNoBuoyancyBitForBit ..............................................   Passed    0.84 sec
          Start 1562: SIMPLETurbulenceTest.ElevatedEddyViscosityChangesConvergedVelocityField
 206/2029 Test #1576: SIMPLEBuoyancyTest.CaseC_ZeroGravityMatchesNoBuoyancyBitForBit ...........................................   Passed    0.83 sec
          Start 1806: SpeciesProductionCaseTest.NonSpeciesCaseStillRunsWithEmptySpeciesResults
 207/2029 Test #1805: SpeciesProductionCaseTest.ExportsSpeciesFieldToCsvVtkAndJson .............................................   Passed    0.76 sec
          Start  538: Operators3DTest.GradientsAreExactForLinearFieldsInEveryCell
 208/2029 Test #1801: SpeciesProductionCaseTest.RunsEndToEndAndConverges .......................................................   Passed    0.68 sec
          Start 1821: CompressibleProductionCaseTest.NonCompressibleCaseStillRunsWithNoCompressibleResult
 209/2029 Test #1803: SpeciesProductionCaseTest.GlobalDiffusiveFluxBalanceIsConserved ..........................................   Passed    0.73 sec
          Start 1921: SpeciesDiffusionValidation.Grid80MatchesAnalyticalSlabProfile
 210/2029 Test #1559: SIMPLEDeterminismTest.RepeatedSolveIsBitIdentical ........................................................   Passed    0.79 sec
          Start 1712: AlePisoOutput.VtkWritesTheCurrentMovedGeometry
 211/2029 Test #1725: CompressibleSimpleTest.TinyCavityConvergesWithGenuineCompressibility .....................................   Passed    0.32 sec
          Start 1989: SimulationControllerTest.ResidualHistoryIsAvailableAfterARun
 212/2029 Test #1560: SIMPLEDeterminismTest.RepeatedSolveIsBitIdenticalThirdRun ................................................   Passed    0.80 sec
          Start 1123: ThermalNonOrthogonalTest.CartesianSolveIsBitIdentical
 213/2029 Test #1955: MomentumMMS.PressureGradientBalance ......................................................................   Passed    0.40 sec
          Start 1885: ParaviewSmokeTest.SolutionVtkExistsIsNonEmptyAndHasExpectedStructureAndFields
 214/2029 Test #1802: SpeciesProductionCaseTest.ConcentrationMatchesAnalyticalProfile ..........................................   Passed    0.73 sec
          Start 1426: LoadSnapshotFromResultsTest.ReloadsAPreviouslyWrittenResultsDirectory
 215/2029 Test #1561: SIMPLETurbulenceTest.DefaultTurbulenceModelMatchesExplicitLaminarModel ...................................   Passed    0.82 sec
          Start 1987: SimulationControllerTest.ContoursVectorsProbeAndLineSampleWorkAfterARun
 216/2029 Test  #538: Operators3DTest.GradientsAreExactForLinearFieldsInEveryCell ..............................................   Passed    0.34 sec
          Start 1988: SimulationControllerTest.ExportLineSampleCsvWritesAReadableFile
 217/2029 Test #1123: ThermalNonOrthogonalTest.CartesianSolveIsBitIdentical ....................................................   Passed    0.08 sec
          Start  573: GradientBoundaryConsistency.TranslatedMeshGivesTheSameGradient
 218/2029 Test #1712: AlePisoOutput.VtkWritesTheCurrentMovedGeometry ...........................................................   Passed    0.21 sec
          Start 1424: BuildSnapshotTest.ValidRunProducesAUsableSnapshot
 219/2029 Test #1806: SpeciesProductionCaseTest.NonSpeciesCaseStillRunsWithEmptySpeciesResults .................................   Passed    0.44 sec
          Start 1990: SimulationControllerTest.OpeningACaseWithExistingResultsAutoLoadsThem
 220/2029 Test #1563: SIMPLEKEpsilonTest.EndToEndLoopIsConnectedAndProducesPhysicalFields ......................................   Passed    0.99 sec
          Start 1984: SimulationControllerTest.RunOnAValidCaseEmitsStartedThenCompleted
 221/2029 Test #1821: CompressibleProductionCaseTest.NonCompressibleCaseStillRunsWithNoCompressibleResult ......................   Passed    0.39 sec
          Start  732: CaseBuilderTest.SolvedResultMatchesManualSetupBitForBit
 222/2029 Test #1566: SIMPLEKOmegaTest.EndToEndLoopIsConnectedAndProducesPhysicalFields ........................................   Passed    1.00 sec
          Start 1597: SIMPLENonOrthogonalTest.NonOrthogonalCorrectionPassCount
 223/2029 Test  #573: GradientBoundaryConsistency.TranslatedMeshGivesTheSameGradient ...........................................   Passed    0.20 sec
          Start  571: GradientBoundaryConsistency.LinearFieldErrorOnWarpedFacesIsTheFaceQuadratureDefect
 224/2029 Test #1989: SimulationControllerTest.ResidualHistoryIsAvailableAfterARun .............................................   Passed    0.45 sec
          Start 1041: SolverRobustnessPerformance.BookkeepingIsFixedWindowCost
 225/2029 Test #1562: SIMPLETurbulenceTest.ElevatedEddyViscosityChangesConvergedVelocityField ..................................   Passed    0.78 sec
          Start 1711: AlePisoConservation.StationaryStepMassResidualIsTheContinuityResidualBitForBit
 226/2029 Test #1597: SIMPLENonOrthogonalTest.NonOrthogonalCorrectionPassCount .................................................   Passed    0.20 sec
          Start 1572: SIMPLESSTTest.ConvergedStatusImpliesTurbulenceResidualWithinTolerance
 227/2029 Test #1564: SIMPLEKEpsilonTest.RepeatedSolveIsBitIdentical ...........................................................   Passed    0.84 sec
          Start 1313: SpeciesNonOrthogonalTest.CartesianSolveIsBitIdentical
 228/2029 Test #1885: ParaviewSmokeTest.SolutionVtkExistsIsNonEmptyAndHasExpectedStructureAndFields ............................   Passed    0.47 sec
          Start 1421: CaseSessionTest.RunConvergingCaseMovesToCompleted
 229/2029 Test  #571: GradientBoundaryConsistency.LinearFieldErrorOnWarpedFacesIsTheFaceQuadratureDefect .......................   Passed    0.20 sec
          Start 1407: ProjectRunnerTest.DivergenceDetectionReportsNumericalFailure
 230/2029 Test #1426: LoadSnapshotFromResultsTest.ReloadsAPreviouslyWrittenResultsDirectory ....................................   Passed    0.49 sec
          Start    2: CFDAppCliValidCase
 231/2029 Test #1987: SimulationControllerTest.ContoursVectorsProbeAndLineSampleWorkAfterARun ..................................   Passed    0.49 sec
          Start  570: GradientBoundaryConsistency.LinearFieldFixedPointIsExactOnPlanarFaced3DSkewedMesh
 232/2029 Test #1988: SimulationControllerTest.ExportLineSampleCsvWritesAReadableFile ..........................................   Passed    0.49 sec
          Start 2008: CaseEditingTest.ValidateDraftNeverMutatesTheOpenedCaseDirectoryOnDisk
 233/2029 Test #1984: SimulationControllerTest.RunOnAValidCaseEmitsStartedThenCompleted ........................................   Passed    0.44 sec
          Start 1709: AlePisoTransient.NumericalFailureRevertsTheMesh
 234/2029 Test #1424: BuildSnapshotTest.ValidRunProducesAUsableSnapshot ........................................................   Passed    0.49 sec
          Start  463: DiffusionTest.BoundaryRingTruncationIsFirstOrderAndLocalized
 235/2029 Test #1711: AlePisoConservation.StationaryStepMassResidualIsTheContinuityResidualBitForBit ...........................   Passed    0.17 sec
          Start 1403: ProjectRunnerTest.ValidCaseConvergesAndExportsResults
 236/2029 Test #1990: SimulationControllerTest.OpeningACaseWithExistingResultsAutoLoadsThem ....................................   Passed    0.51 sec
          Start 1710: AlePisoTransient.RefusesA3DMeshLikePiso
 237/2029 Test #1041: SolverRobustnessPerformance.BookkeepingIsFixedWindowCost .................................................   Passed    0.22 sec
          Start 1734: CompressibleSIMPLENonOrthogonalTest.CartesianCompatibility
 238/2029 Test #1709: AlePisoTransient.NumericalFailureRevertsTheMesh ..........................................................   Passed    0.08 sec
          Start 1957: ContinuityMMS.DivergenceFreeField
 239/2029 Test #1407: ProjectRunnerTest.DivergenceDetectionReportsNumericalFailure .............................................   Passed    0.18 sec
          Start 1612: SIMPLERobustnessTest.DivergenceStatus
 240/2029 Test #1313: SpeciesNonOrthogonalTest.CartesianSolveIsBitIdentical ....................................................   Passed    0.22 sec
          Start  513: GridRefinementTest.DiffusionDistortedCorrectedGlobalOrderReflectsBoundaryTreatment
 241/2029 Test #2008: CaseEditingTest.ValidateDraftNeverMutatesTheOpenedCaseDirectoryOnDisk ....................................   Passed    0.14 sec
          Start  510: GridRefinementTest.DiffusionOrthogonalCorrectionFlagIsInertOnCartesianMesh
 242/2029 Test #1710: AlePisoTransient.RefusesA3DMeshLikePiso ..................................................................   Passed    0.09 sec
          Start 1982: SimulationControllerTest.OpenCaseAcceptsQuotedAndPaddedPath
 243/2029 Test  #570: GradientBoundaryConsistency.LinearFieldFixedPointIsExactOnPlanarFaced3DSkewedMesh ........................   Passed    0.20 sec
          Start  512: GridRefinementTest.DiffusionDistortedUncorrectedConvergesInInterior
 244/2029 Test  #463: DiffusionTest.BoundaryRingTruncationIsFirstOrderAndLocalized .............................................   Passed    0.16 sec
          Start 1389: CompressibleMassFluxTest.MismatchedTemperatureSizeThrows
 245/2029 Test #1921: SpeciesDiffusionValidation.Grid80MatchesAnalyticalSlabProfile ............................................   Passed    0.92 sec
          Start  411: GradientSchemeTest.ParsesBothValidNames
 246/2029 Test  #513: GridRefinementTest.DiffusionDistortedCorrectedGlobalOrderReflectsBoundaryTreatment .......................   Passed    0.09 sec
          Start  474: ConvectionSchemeTest.QuickSchemeMatchesIndependentOracleForPositiveAndNegativeFlux
 247/2029 Test  #510: GridRefinementTest.DiffusionOrthogonalCorrectionFlagIsInertOnCartesianMesh ...............................   Passed    0.09 sec
          Start  683: CaseReaderTest.MissingNonOrthogonalCorrectionsDefaultsToZero
 248/2029 Test #1734: CompressibleSIMPLENonOrthogonalTest.CartesianCompatibility ...............................................   Passed    0.17 sec
          Start 1275: TurbulenceNonOrthogonalTest.NonOrthogonalDiffusion
 249/2029 Test  #512: GridRefinementTest.DiffusionDistortedUncorrectedConvergesInInterior ......................................   Passed    0.09 sec
          Start  812: CompressibleCaseTest.CoupledDefaultsToFalseWhenAbsent
 250/2029 Test #1389: CompressibleMassFluxTest.MismatchedTemperatureSizeThrows .................................................   Passed    0.08 sec
          Start  672: MomentumNonOrthogonalTest.LinearVelocityResidualVanishesInEveryRowWhenCorrected
 251/2029 Test #1421: CaseSessionTest.RunConvergingCaseMovesToCompleted ........................................................   Passed    0.39 sec
          Start  681: CaseReaderTest.EachValidGradientSchemeNameParses
 252/2029 Test #1957: ContinuityMMS.DivergenceFreeField ........................................................................   Passed    0.21 sec
          Start  893: RobustnessConfigTest.FullBlockParsesAndReachesSolverSettings
 253/2029 Test #1612: SIMPLERobustnessTest.DivergenceStatus ....................................................................   Passed    0.21 sec
          Start 1028: ConvergencePolicy.NoHiddenConvergence
 254/2029 Test  #411: GradientSchemeTest.ParsesBothValidNames ..................................................................   Passed    0.13 sec
          Start  425: LeastSquaresTest.LinearFieldDistortedIsExactAtEveryCell
 255/2029 Test  #474: ConvectionSchemeTest.QuickSchemeMatchesIndependentOracleForPositiveAndNegativeFlux .......................   Passed    0.13 sec
          Start  416: SolveLeastSquaresGradientTest.DetectsAColinearStencilAsIllConditioned
 256/2029 Test  #683: CaseReaderTest.MissingNonOrthogonalCorrectionsDefaultsToZero .............................................   Passed    0.12 sec
          Start 1600: NonOrthogonalCorrectionPassesTest.PassesExecuteAndTheCorrectorIterationConverges
 257/2029 Test #1275: TurbulenceNonOrthogonalTest.NonOrthogonalDiffusion .......................................................   Passed    0.13 sec
          Start  514: GridRefinementTest.DiffusionStronglyDistortedCorrectedGlobal
 258/2029 Test  #812: CompressibleCaseTest.CoupledDefaultsToFalseWhenAbsent ....................................................   Passed    0.13 sec
          Start  509: GridRefinementTest.DiffusionOrthogonalUncorrectedConvergesAtSecondOrder
 259/2029 Test  #732: CaseBuilderTest.SolvedResultMatchesManualSetupBitForBit ..................................................   Passed    0.84 sec
          Start  403: InterpolationTest.SkewCorrectedInterpolationIsExactForLinearFieldOnSkewedMesh
 260/2029 Test  #672: MomentumNonOrthogonalTest.LinearVelocityResidualVanishesInEveryRowWhenCorrected ..........................   Passed    0.14 sec
          Start  503: GridRefinementTest.LeastSquaresGradientCartesianGlobalOrderReflectsBoundaryTreatment
 261/2029 Test #1982: SimulationControllerTest.OpenCaseAcceptsQuotedAndPaddedPath ..............................................   Passed    0.28 sec
          Start   81: MeshQuality.InvalidGeometryHandledSafely
 262/2029 Test #1572: SIMPLESSTTest.ConvergedStatusImpliesTurbulenceResidualWithinTolerance ....................................   Passed    0.58 sec
          Start 1799: CaseLidDrivenCavityIntegrationTest.SmallFixtureLoadsBuildsAndConverges
 263/2029 Test    #2: CFDAppCliValidCase .......................................................................................   Passed    0.52 sec
          Start  516: GridRefinementTest.DiffusionDistortedCorrectedConvergesAtSecondOrderInInterior
 264/2029 Test  #681: CaseReaderTest.EachValidGradientSchemeNameParses .........................................................   Passed    0.19 sec
          Start  469: ConvectionSchemeTest.ParsesAllFourValidNames
 265/2029 Test  #893: RobustnessConfigTest.FullBlockParsesAndReachesSolverSettings .............................................   Passed    0.20 sec
          Start 1589: SIMPLENonOrthogonalTest.DefaultSettingsDisableTheCorrection
 266/2029 Test #1028: ConvergencePolicy.NoHiddenConvergence ....................................................................   Passed    0.20 sec
          Start  457: DiffusionTest.NetDirichletBoundaryFluxIsMoreAccurateWithCorrectionOnDistortedMesh
 267/2029 Test  #425: LeastSquaresTest.LinearFieldDistortedIsExactAtEveryCell ..................................................   Passed    0.20 sec
          Start  871: JSONWriterTest.RobustnessStatusesAndDiagnosticsAreExported
 268/2029 Test  #416: SolveLeastSquaresGradientTest.DetectsAColinearStencilAsIllConditioned ....................................   Passed    0.20 sec
          Start  418: SolveLeastSquaresGradientTest.DetectsNoNeighborsAsIllConditioned
 269/2029 Test #1600: NonOrthogonalCorrectionPassesTest.PassesExecuteAndTheCorrectorIterationConverges .........................   Passed    0.20 sec
          Start  488: SmoothnessRatioTest.NulloptWhenLocalGradientIsZero
 270/2029 Test  #514: GridRefinementTest.DiffusionStronglyDistortedCorrectedGlobal .............................................   Passed    0.19 sec
          Start 1539: VelocityCorrectionTest.DefaultGradientSchemeArgumentMatchesExplicitGreenGauss
 271/2029 Test  #509: GridRefinementTest.DiffusionOrthogonalUncorrectedConvergesAtSecondOrder ..................................   Passed    0.19 sec
          Start 1602: NonOrthogonalCorrectionPassesTest.Deterministic
 272/2029 Test #1403: ProjectRunnerTest.ValidCaseConvergesAndExportsResults ....................................................   Passed    0.58 sec
          Start 1607: PressureCorrectionNonOrthogonalTest.DegenerateGeometryRejected
 273/2029 Test  #403: InterpolationTest.SkewCorrectedInterpolationIsExactForLinearFieldOnSkewedMesh ............................   Passed    0.20 sec
          Start 1488: GridConvergenceStudyTest.ReportSchemaValidation
 274/2029 Test  #503: GridRefinementTest.LeastSquaresGradientCartesianGlobalOrderReflectsBoundaryTreatment .....................   Passed    0.21 sec
          Start   78: MeshQuality.DistortedMeshReportsNonZeroMetrics
 275/2029 Test   #81: MeshQuality.InvalidGeometryHandledSafely .................................................................   Passed    0.21 sec
          Start  451: DiffusionTest.StrongDistortionProducesFiniteResults
 276/2029 Test  #516: GridRefinementTest.DiffusionDistortedCorrectedConvergesAtSecondOrderInInterior ...........................   Passed    0.20 sec
          Start  426: LeastSquaresTest.GreenGaussDistortedIsNotExactUnlikeLeastSquares
 277/2029 Test  #469: ConvectionSchemeTest.ParsesAllFourValidNames .............................................................   Passed    0.18 sec
          Start  332: LinearFallbackTest.EligibleBreakdownUsesFallback
 278/2029 Test #1589: SIMPLENonOrthogonalTest.DefaultSettingsDisableTheCorrection ..............................................   Passed    0.19 sec
          Start 1603: PressureCorrectionNonOrthogonalTest.CartesianCompatibility
 279/2029 Test  #457: DiffusionTest.NetDirichletBoundaryFluxIsMoreAccurateWithCorrectionOnDistortedMesh ........................   Passed    0.20 sec
          Start  684: CaseReaderTest.ValidNonOrthogonalCorrectionsCountParses
 280/2029 Test  #871: JSONWriterTest.RobustnessStatusesAndDiagnosticsAreExported ...............................................   Passed    0.20 sec
          Start 1604: PressureCorrectionNonOrthogonalTest.NonOrthogonalInternalFace
 281/2029 Test  #418: SolveLeastSquaresGradientTest.DetectsNoNeighborsAsIllConditioned .........................................   Passed    0.20 sec
          Start  448: DiffusionTest.LinearFieldNearZeroInInteriorOnDistortedMeshWhenCorrected
 282/2029 Test  #488: SmoothnessRatioTest.NulloptWhenLocalGradientIsZero .......................................................   Passed    0.20 sec
          Start  475: ConvectionSchemeTest.QuickDegradesToUpwindWhenNoFartherUpstreamCellExists
 283/2029 Test #1539: VelocityCorrectionTest.DefaultGradientSchemeArgumentMatchesExplicitGreenGauss ............................   Passed    0.20 sec
          Start  892: RobustnessConfigTest.AbsentBlockDefaultsToEveryFeatureOff
 284/2029 Test #1602: NonOrthogonalCorrectionPassesTest.Deterministic ..........................................................   Passed    0.21 sec
          Start   70: MeshGeometryNonOrthogonal.NonOrthogonalButUnskewedFace
 285/2029 Test #1607: PressureCorrectionNonOrthogonalTest.DegenerateGeometryRejected ...........................................   Passed    0.22 sec
          Start  323: GMRESTest.JacobiPreconditionedSolveMatches
 286/2029 Test #1488: GridConvergenceStudyTest.ReportSchemaValidation ..........................................................   Passed    0.22 sec
          Start  433: SkewnessTest.CorrectedProductionOperatorImprovesError
 287/2029 Test   #78: MeshQuality.DistortedMeshReportsNonZeroMetrics ...........................................................   Passed    0.21 sec
          Start  423: LeastSquaresTest.ConstantFieldHasZeroGradient
 288/2029 Test  #451: DiffusionTest.StrongDistortionProducesFiniteResults ......................................................   Passed    0.22 sec
          Start  447: DiffusionTest.LinearFieldGivesZeroDiffusionOnCartesianRegardlessOfCorrection
 289/2029 Test  #426: LeastSquaresTest.GreenGaussDistortedIsNotExactUnlikeLeastSquares .........................................   Passed    0.22 sec
          Start  501: GridRefinementTest.QuickConvectionOfSmoothFieldGlobalOrderReflectsBoundaryTreatment
 290/2029 Test  #332: LinearFallbackTest.EligibleBreakdownUsesFallback .........................................................   Passed    0.21 sec
          Start 1485: GridConvergenceStudyTest.MissingQuantityIsInvalid
 291/2029 Test #1603: PressureCorrectionNonOrthogonalTest.CartesianCompatibility ...............................................   Passed    0.20 sec
          Start  894: RobustnessConfigTest.PartialBlockKeepsDefaultsForAbsentKeys
 292/2029 Test  #684: CaseReaderTest.ValidNonOrthogonalCorrectionsCountParses ..................................................   Passed    0.20 sec
          Start  519: GridRefinementTest.DiffusionModeratelyDistortedCorrectedConvergesAtSecondOrderInInterior
 293/2029 Test #1799: CaseLidDrivenCavityIntegrationTest.SmallFixtureLoadsBuildsAndConverges ...................................   Passed    0.50 sec
          Start 1031: AdaptiveRelaxation.ImprovingIncreasesGradually
 294/2029 Test #1604: PressureCorrectionNonOrthogonalTest.NonOrthogonalInternalFace ............................................   Passed    0.21 sec
          Start 1027: ConvergencePolicy.DefaultIsExactlyTheAbsoluteGate
 295/2029 Test  #448: DiffusionTest.LinearFieldNearZeroInInteriorOnDistortedMeshWhenCorrected ..................................   Passed    0.22 sec
          Start  404: InterpolationTest.SkewCorrectedInterpolationMatchesPlainOnCartesianMesh
 296/2029 Test  #475: ConvectionSchemeTest.QuickDegradesToUpwindWhenNoFartherUpstreamCellExists ................................   Passed    0.23 sec
          Start 1483: GridConvergenceStudyTest.RunsCoarseToFineAndAnalysesEveryQuantity
 297/2029 Test  #892: RobustnessConfigTest.AbsentBlockDefaultsToEveryFeatureOff ................................................   Passed    0.22 sec
          Start  432: SkewnessTest.ProductionInterpolationUsesCorrection
 298/2029 Test   #70: MeshGeometryNonOrthogonal.NonOrthogonalButUnskewedFace ...................................................   Passed    0.21 sec
          Start 1017: ResidualTrend.SlowConvergenceIsNotStagnation
 299/2029 Test  #323: GMRESTest.JacobiPreconditionedSolveMatches ...............................................................   Passed    0.20 sec
          Start  428: LeastSquaresTest.RejectsNonScalarBoundaryCondition
 300/2029 Test  #433: SkewnessTest.CorrectedProductionOperatorImprovesError ....................................................   Passed    0.20 sec
          Start  429: LeastSquaresTest.MismatchedFieldSizeThrows
 301/2029 Test  #423: LeastSquaresTest.ConstantFieldHasZeroGradient ............................................................   Passed    0.18 sec
          Start  517: GridRefinementTest.DiffusionDistortedCorrectedGreenGaussInterior
 302/2029 Test  #447: DiffusionTest.LinearFieldGivesZeroDiffusionOnCartesianRegardlessOfCorrection .............................   Passed    0.21 sec
          Start  421: SolveLeastSquaresGradientTest.MismatchedSizesThrows
 303/2029 Test  #501: GridRefinementTest.QuickConvectionOfSmoothFieldGlobalOrderReflectsBoundaryTreatment ......................   Passed    0.20 sec
          Start  460: DiffusionTest.ExtremeNonOrthogonalityFallsBackSafely
 304/2029 Test #1485: GridConvergenceStudyTest.MissingQuantityIsInvalid ........................................................   Passed    0.20 sec
          Start 1039: SolverRobustnessSettingsTest.DefaultsAreValidAndDisabled
 305/2029 Test  #894: RobustnessConfigTest.PartialBlockKeepsDefaultsForAbsentKeys ..............................................   Passed    0.20 sec
          Start  334: LinearFallbackTest.FallbackFailurePropagates
 306/2029 Test  #519: GridRefinementTest.DiffusionModeratelyDistortedCorrectedConvergesAtSecondOrderInInterior .................   Passed    0.21 sec
          Start  896: RobustnessConfigTest.NonDefaultBlockRoundTripsAndDefaultIsNotWritten
 307/2029 Test #1031: AdaptiveRelaxation.ImprovingIncreasesGradually ...........................................................   Passed    0.20 sec
          Start  481: QuickFaceValueTest.MatchesClassicalCoefficientsOnUniformGrid
 308/2029 Test #1027: ConvergencePolicy.DefaultIsExactlyTheAbsoluteGate ........................................................   Passed    0.21 sec
          Start  486: SmoothnessRatioTest.PositiveForSmoothMonotoneData
 309/2029 Test  #404: InterpolationTest.SkewCorrectedInterpolationMatchesPlainOnCartesianMesh ..................................   Passed    0.19 sec
          Start  335: LinearFallbackTest.MaxAttemptsRespected
 310/2029 Test #1483: GridConvergenceStudyTest.RunsCoarseToFineAndAnalysesEveryQuantity ........................................   Passed    0.20 sec
          Start  699: CaseWriterTest.NonDefaultNonOrthogonalCorrectionsRoundTrips
 311/2029 Test  #432: SkewnessTest.ProductionInterpolationUsesCorrection .......................................................   Passed    0.21 sec
          Start  518: GridRefinementTest.DiffusionModeratelyDistortedUncorrectedInterior
 312/2029 Test #1017: ResidualTrend.SlowConvergenceIsNotStagnation .............................................................   Passed    0.21 sec
          Start 1498: MMSSourceTest.SolversRejectMalformedSourceFields
 313/2029 Test  #428: LeastSquaresTest.RejectsNonScalarBoundaryCondition .......................................................   Passed    0.22 sec
          Start 1508: ProductionValidationTest.ReportIsDeterministicExceptRuntime
 314/2029 Test  #429: LeastSquaresTest.MismatchedFieldSizeThrows ...............................................................   Passed    0.22 sec
          Start 1474: GridConvergenceTest.AsymptoticRatio
 315/2029 Test  #517: GridRefinementTest.DiffusionDistortedCorrectedGreenGaussInterior .........................................   Passed    0.19 sec
          Start  679: CaseReaderTest.InvalidConvectionSchemeValueThrowsCaseConfigurationError
 316/2029 Test  #421: SolveLeastSquaresGradientTest.MismatchedSizesThrows ......................................................   Passed    0.19 sec
          Start   72: MeshGeometryNonOrthogonal.DistortedDecompositionIsConsistent
 317/2029 Test  #460: DiffusionTest.ExtremeNonOrthogonalityFallsBackSafely .....................................................   Passed    0.20 sec
          Start 1022: ResidualTrend.NonFiniteResidualIsDivergingWhenEnabled
 318/2029 Test #1039: SolverRobustnessSettingsTest.DefaultsAreValidAndDisabled .................................................   Passed    0.20 sec
          Start 1014: ResidualNormalization.DecreasingIncreasingAndConstantSequences
 319/2029 Test  #334: LinearFallbackTest.FallbackFailurePropagates .............................................................   Passed    0.19 sec
          Start  897: RobustnessConfigTest.GmresLinearSolverTypeIsAccepted
 320/2029 Test  #896: RobustnessConfigTest.NonDefaultBlockRoundTripsAndDefaultIsNotWritten .....................................   Passed    0.20 sec
          Start  458: DiffusionTest.NeumannBoundaryFluxesAreNeverCorrected
 321/2029 Test  #481: QuickFaceValueTest.MatchesClassicalCoefficientsOnUniformGrid .............................................   Passed    0.20 sec
          Start  815: CompressibleCaseTest.RejectsNonBooleanCoupled
 322/2029 Test  #486: SmoothnessRatioTest.PositiveForSmoothMonotoneData ........................................................   Passed    0.20 sec
          Start   76: MeshQuality.CartesianHasZeroNonOrthogonality
 323/2029 Test  #335: LinearFallbackTest.MaxAttemptsRespected ..................................................................   Passed    0.19 sec
          Start  903: StructuredQuadCase.NonFiniteVertexIsRejected
 324/2029 Test  #699: CaseWriterTest.NonDefaultNonOrthogonalCorrectionsRoundTrips ..............................................   Passed    0.20 sec
          Start  872: JSONWriterTest.MeshQualityIsAbsentWhenNotGiven
 325/2029 Test  #518: GridRefinementTest.DiffusionModeratelyDistortedUncorrectedInterior .......................................   Passed    0.19 sec
          Start  685: CaseReaderTest.NegativeNonOrthogonalCorrectionsThrowsCaseConfigurationError
 326/2029 Test #1498: MMSSourceTest.SolversRejectMalformedSourceFields .........................................................   Passed    0.19 sec
          Start  452: DiffusionTest.NonOrthogonalCorrectionIsDeterministic
 327/2029 Test #1508: ProductionValidationTest.ReportIsDeterministicExceptRuntime ..............................................   Passed    0.21 sec
          Start 1030: ConvergencePolicy.NormalizedHistoriesAreReportedAndFinite
 328/2029 Test #1474: GridConvergenceTest.AsymptoticRatio ......................................................................   Passed    0.21 sec
          Start  772: TurbulenceCaseTest.NonOrthogonalCorrectionReachesEveryTurbulenceModel
 329/2029 Test  #679: CaseReaderTest.InvalidConvectionSchemeValueThrowsCaseConfigurationError ..................................   Passed    0.21 sec
          Start 1497: MMSSourceTest.RelaxedMomentumSourceIsAPureRhsTerm
 330/2029 Test   #72: MeshGeometryNonOrthogonal.DistortedDecompositionIsConsistent .............................................   Passed    0.20 sec
          Start 1616: SIMPLERobustnessTest.InvalidRobustnessSettingsAreInvalidConfiguration
 331/2029 Test #1022: ResidualTrend.NonFiniteResidualIsDivergingWhenEnabled ....................................................   Passed    0.20 sec
          Start   80: MeshQuality.NonOrthogonalityMetricsAreDeterministic
 332/2029 Test #1014: ResidualNormalization.DecreasingIncreasingAndConstantSequences ...........................................   Passed    0.20 sec
          Start  449: DiffusionTest.CorrectionReducesInteriorErrorForQuadraticFieldOnDistortedMesh
 333/2029 Test  #897: RobustnessConfigTest.GmresLinearSolverTypeIsAccepted .....................................................   Passed    0.20 sec
          Start  479: ConvectionSchemeTest.HigherOrderSchemesAreDeterministic
 334/2029 Test  #458: DiffusionTest.NeumannBoundaryFluxesAreNeverCorrected .....................................................   Passed    0.19 sec
          Start  487: SmoothnessRatioTest.NegativeAtALocalExtremum
 335/2029 Test  #815: CompressibleCaseTest.RejectsNonBooleanCoupled ............................................................   Passed    0.20 sec
          Start  485: LinearUpwindFaceValueTest.ZeroGradientReturnsUpwindValueUnchanged
 336/2029 Test   #76: MeshQuality.CartesianHasZeroNonOrthogonality .............................................................   Passed    0.19 sec
          Start  415: SolveLeastSquaresGradientTest.ZeroDataGivesZeroGradient
 337/2029 Test  #903: StructuredQuadCase.NonFiniteVertexIsRejected .............................................................   Passed    0.19 sec
          Start  173: MultiBlockMeshInvalid.NonConformalOrMismatchedInterfacesAreRejected
 338/2029 Test  #872: JSONWriterTest.MeshQualityIsAbsentWhenNotGiven ...........................................................   Passed    0.18 sec
          Start  490: VanLeerLimiterTest.ZeroWhenRatioIsNullopt
 339/2029 Test  #685: CaseReaderTest.NegativeNonOrthogonalCorrectionsThrowsCaseConfigurationError ..............................   Passed    0.19 sec
          Start  499: GridRefinementTest.LinearUpwindConvectionOfSmoothFieldGlobalOrderReflectsBoundaryTreatment
 340/2029 Test  #452: DiffusionTest.NonOrthogonalCorrectionIsDeterministic .....................................................   Passed    0.18 sec
          Start  329: GMRESTest.GpuRequestFallsBackToCpu
 341/2029 Test #1030: ConvergencePolicy.NormalizedHistoriesAreReportedAndFinite ................................................   Passed    0.17 sec
          Start  430: LeastSquaresTest.RepeatedCallsAreDeterministic
 342/2029 Test  #772: TurbulenceCaseTest.NonOrthogonalCorrectionReachesEveryTurbulenceModel ....................................   Passed    0.16 sec
          Start  521: GridRefinementTest.DiffusionStronglyDistortedCorrectedConvergesAtSecondOrderInInterior
 343/2029 Test #1497: MMSSourceTest.RelaxedMomentumSourceIsAPureRhsTerm ........................................................   Passed    0.16 sec
          Start  461: DiffusionTest.ZeroOwnerNeighborDistanceIsAPreexistingLimitationNotWorsenedByCorrection
 344/2029 Test #1616: SIMPLERobustnessTest.InvalidRobustnessSettingsAreInvalidConfiguration ....................................   Passed    0.15 sec
          Start  471: ConvectionSchemeTest.NameRoundTripsThroughParse
 345/2029 Test   #80: MeshQuality.NonOrthogonalityMetricsAreDeterministic ......................................................   Passed    0.15 sec
          Start  677: CaseReaderTest.MissingConvectionSchemeDefaultsToUpwind
 346/2029 Test  #449: DiffusionTest.CorrectionReducesInteriorErrorForQuadraticFieldOnDistortedMesh .............................   Passed    0.15 sec
          Start 1023: ResidualTrend.DisabledDetectionNeverStops
 347/2029 Test  #479: ConvectionSchemeTest.HigherOrderSchemesAreDeterministic ..................................................   Passed    0.14 sec
          Start  497: GridRefinementTest.CentralConvectionOfSmoothFieldGlobalOrderReflectsBoundaryTreatment
 348/2029 Test  #487: SmoothnessRatioTest.NegativeAtALocalExtremum .............................................................   Passed    0.14 sec
          Start  456: DiffusionTest.CorrectionLeavesWallThermalBoundaryFluxesUntouched
 349/2029 Test  #485: LinearUpwindFaceValueTest.ZeroGradientReturnsUpwindValueUnchanged ........................................   Passed    0.14 sec
          Start 1020: ResidualTrend.SustainedRunawayFromAPlateau
 350/2029 Test  #415: SolveLeastSquaresGradientTest.ZeroDataGivesZeroGradient ..................................................   Passed    0.15 sec
          Start  446: DiffusionTest.DefaultParametersPreserveUncorrectedBehavior
 351/2029 Test  #173: MultiBlockMeshInvalid.NonConformalOrMismatchedInterfacesAreRejected ......................................   Passed    0.15 sec
          Start  697: CaseWriterTest.NonDefaultConvectionSchemeRoundTrips
 352/2029 Test  #490: VanLeerLimiterTest.ZeroWhenRatioIsNullopt ................................................................   Passed    0.14 sec
          Start  813: CompressibleCaseTest.CoupledTrueParsesAndRoundTripsThroughCaseBuilder
 353/2029 Test  #499: GridRefinementTest.LinearUpwindConvectionOfSmoothFieldGlobalOrderReflectsBoundaryTreatment ...............   Passed    0.14 sec
          Start  507: GridRefinementTest.LeastSquaresGradientDistortedGlobalOrderReflectsBoundaryTreatment
 354/2029 Test  #329: GMRESTest.GpuRequestFallsBackToCpu .......................................................................   Passed    0.15 sec
          Start  326: GMRESTest.IterationBudgetIsReportedAsMaxIterations
 355/2029 Test  #430: LeastSquaresTest.RepeatedCallsAreDeterministic ...........................................................   Passed    0.15 sec
          Start  680: CaseReaderTest.MissingGradientSchemeDefaultsToGreenGauss
 356/2029 Test  #521: GridRefinementTest.DiffusionStronglyDistortedCorrectedConvergesAtSecondOrderInInterior ...................   Passed    0.15 sec
          Start  489: VanLeerLimiterTest.ZeroAtOrBelowZeroRatio
 357/2029 Test  #461: DiffusionTest.ZeroOwnerNeighborDistanceIsAPreexistingLimitationNotWorsenedByCorrection ...................   Passed    0.16 sec
          Start  698: CaseWriterTest.NonDefaultGradientSchemeRoundTrips
 358/2029 Test  #471: ConvectionSchemeTest.NameRoundTripsThroughParse ..........................................................   Passed    0.17 sec
          Start  473: ConvectionSchemeTest.CentralSchemeMatchesIndependentOracleForPositiveAndNegativeFlux
 359/2029 Test  #677: CaseReaderTest.MissingConvectionSchemeDefaultsToUpwind ...................................................   Passed    0.18 sec
          Start  505: GridRefinementTest.GreenGaussGradientDistortedGlobalOrderReflectsBoundaryTreatment
 360/2029 Test #1023: ResidualTrend.DisabledDetectionNeverStops ................................................................   Passed    0.18 sec
          Start  504: GridRefinementTest.LeastSquaresGradientCartesianConvergesAtSecondOrderInInterior
 361/2029 Test  #497: GridRefinementTest.CentralConvectionOfSmoothFieldGlobalOrderReflectsBoundaryTreatment ....................   Passed    0.20 sec
          Start 1565: SIMPLEKEpsilonTest.ConvergedStatusImpliesTurbulenceResidualWithinTolerance
 362/2029 Test  #456: DiffusionTest.CorrectionLeavesWallThermalBoundaryFluxesUntouched .........................................   Passed    0.21 sec
          Start 1015: ResidualNormalization.NonFiniteInput
 363/2029 Test #1020: ResidualTrend.SustainedRunawayFromAPlateau ...............................................................   Passed    0.20 sec
          Start  412: GradientSchemeTest.RejectsInvalidName
 364/2029 Test  #446: DiffusionTest.DefaultParametersPreserveUncorrectedBehavior ...............................................   Passed    0.20 sec
          Start   77: MeshQuality.CartesianHasZeroSkewness
 365/2029 Test  #697: CaseWriterTest.NonDefaultConvectionSchemeRoundTrips ......................................................   Passed    0.20 sec
          Start 1469: GridConvergenceTest.SecondOrderSynthetic
 366/2029 Test  #813: CompressibleCaseTest.CoupledTrueParsesAndRoundTripsThroughCaseBuilder ....................................   Passed    0.19 sec
          Start  453: DiffusionTest.CorrectedFluxIsAntisymmetricUnderFaceReversal
 367/2029 Test  #507: GridRefinementTest.LeastSquaresGradientDistortedGlobalOrderReflectsBoundaryTreatment .....................   Passed    0.20 sec
          Start  568: GradientBoundaryConsistency.ConstantFieldGradientIsZeroWithinTheFloatingPointEnvelope
 368/2029 Test  #326: GMRESTest.IterationBudgetIsReportedAsMaxIterations .......................................................   Passed    0.20 sec
          Start  671: MomentumNonOrthogonalTest.CartesianCorrectionIsBitIdenticalForBothOverloads
 369/2029 Test  #680: CaseReaderTest.MissingGradientSchemeDefaultsToGreenGauss .................................................   Passed    0.21 sec
          Start 1038: AdaptiveRelaxation.Deterministic
 370/2029 Test  #489: VanLeerLimiterTest.ZeroAtOrBelowZeroRatio ................................................................   Passed    0.21 sec
          Start  413: GradientSchemeTest.NameRoundTripsThroughParse
 371/2029 Test  #698: CaseWriterTest.NonDefaultGradientSchemeRoundTrips ........................................................   Passed    0.20 sec
          Start  476: ConvectionSchemeTest.SchemeChoiceDoesNotAffectABoundaryOnlyMesh
 372/2029 Test  #473: ConvectionSchemeTest.CentralSchemeMatchesIndependentOracleForPositiveAndNegativeFlux .....................   Passed    0.20 sec
          Start  506: GridRefinementTest.GreenGaussGradientDistortedConvergesAtSecondOrderInInterior
 373/2029 Test  #505: GridRefinementTest.GreenGaussGradientDistortedGlobalOrderReflectsBoundaryTreatment .......................   Passed    0.19 sec
          Start  339: LinearFallbackTest.FallbackKeepsAndRecordsThePreconditioner
 374/2029 Test  #504: GridRefinementTest.LeastSquaresGradientCartesianConvergesAtSecondOrderInInterior .........................   Passed    0.18 sec
          Start  511: GridRefinementTest.DiffusionDistortedUncorrectedGlobalOrderReflectsBoundaryTreatment
 375/2029 Test #1015: ResidualNormalization.NonFiniteInput .....................................................................   Passed    0.15 sec
          Start 1467: GridConvergenceTest.RepresentativeGridSize
 376/2029 Test  #412: GradientSchemeTest.RejectsInvalidName ....................................................................   Passed    0.16 sec
          Start  498: GridRefinementTest.CentralConvectionOfSmoothFieldConvergesAboveFirstOrderInInterior
 377/2029 Test   #77: MeshQuality.CartesianHasZeroSkewness .....................................................................   Passed    0.16 sec
          Start  472: ConvectionSchemeTest.ConvectionOverloadWithoutSchemeArgumentDefaultsToUpwind
 378/2029 Test #1469: GridConvergenceTest.SecondOrderSynthetic .................................................................   Passed    0.16 sec
          Start  427: LeastSquaresTest.BoundaryCellsUseTheAssignedConditionAtTheFacesOwnPosition
 379/2029 Test  #453: DiffusionTest.CorrectedFluxIsAntisymmetricUnderFaceReversal ..............................................   Passed    0.16 sec
          Start  477: ConvectionSchemeTest.LinearFieldIsReproducedExactlyAwayFromAnyDegradedFace
 380/2029 Test  #568: GradientBoundaryConsistency.ConstantFieldGradientIsZeroWithinTheFloatingPointEnvelope ....................   Passed    0.16 sec
          Start 1475: GridConvergenceTest.OscillatorySequenceDetected
 381/2029 Test  #671: MomentumNonOrthogonalTest.CartesianCorrectionIsBitIdenticalForBothOverloads ..............................   Passed    0.16 sec
          Start  532: VectorGradientTest.LeastSquaresIsExactForLinearFieldOnDistortedMesh
 382/2029 Test #1038: AdaptiveRelaxation.Deterministic .........................................................................   Passed    0.16 sec
          Start  911: StructuredQuadCase.VtkPointsAreTheMeshVertices
 383/2029 Test  #413: GradientSchemeTest.NameRoundTripsThroughParse ............................................................   Passed    0.16 sec
          Start  484: LinearUpwindFaceValueTest.ReconstructsExactlyForALinearField
 384/2029 Test  #476: ConvectionSchemeTest.SchemeChoiceDoesNotAffectABoundaryOnlyMesh ..........................................   Passed    0.16 sec
          Start  419: SolveLeastSquaresGradientTest.IgnoresAZeroDistanceEntryRatherThanDividingByZero
 385/2029 Test  #506: GridRefinementTest.GreenGaussGradientDistortedConvergesAtSecondOrderInInterior ...........................   Passed    0.16 sec
          Start  678: CaseReaderTest.EachValidConvectionSchemeNameParses
 386/2029 Test  #339: LinearFallbackTest.FallbackKeepsAndRecordsThePreconditioner ..............................................   Passed    0.18 sec
          Start  674: MomentumNonOrthogonalTest.CorrectionVelocityDefaultsToVelocityAndIsValidated
 387/2029 Test  #511: GridRefinementTest.DiffusionDistortedUncorrectedGlobalOrderReflectsBoundaryTreatment .....................   Passed    0.18 sec
          Start  508: GridRefinementTest.LeastSquaresGradientDistortedConvergesAtSecondOrderInInterior
 388/2029 Test #1467: GridConvergenceTest.RepresentativeGridSize ...............................................................   Passed    0.19 sec
          Start  470: ConvectionSchemeTest.RejectsInvalidName
 389/2029 Test  #498: GridRefinementTest.CentralConvectionOfSmoothFieldConvergesAboveFirstOrderInInterior ......................   Passed    0.19 sec
          Start 1481: GridConvergenceTest.GridIndependenceCriterion
 390/2029 Test  #472: ConvectionSchemeTest.ConvectionOverloadWithoutSchemeArgumentDefaultsToUpwind .............................   Passed    0.20 sec
          Start  619: MomentumPressureTest.DefaultGradientSchemeArgumentMatchesExplicitGreenGauss
 391/2029 Test  #427: LeastSquaresTest.BoundaryCellsUseTheAssignedConditionAtTheFacesOwnPosition ...............................   Passed    0.20 sec
          Start  410: GradientTest.DefaultSchemeArgumentMatchesExplicitGreenGauss
 392/2029 Test  #477: ConvectionSchemeTest.LinearFieldIsReproducedExactlyAwayFromAnyDegradedFace ...............................   Passed    0.20 sec
          Start  422: SolveLeastSquaresGradientTest.NeverProducesNonFiniteResultOnAcceptedInput
 393/2029 Test #1475: GridConvergenceTest.OscillatorySequenceDetected ..........................................................   Passed    0.19 sec
          Start  502: GridRefinementTest.QuickConvectionOfSmoothFieldConvergesAboveFirstOrderInInterior
 394/2029 Test  #532: VectorGradientTest.LeastSquaresIsExactForLinearFieldOnDistortedMesh ......................................   Passed    0.18 sec
          Start 1029: ConvergencePolicy.NormalizationRemovesArbitraryScale
 395/2029 Test  #911: StructuredQuadCase.VtkPointsAreTheMeshVertices ...........................................................   Passed    0.18 sec
          Start  450: DiffusionTest.ConstantFieldConservesGloballyOnDistortedMeshWithCorrection
 396/2029 Test  #484: LinearUpwindFaceValueTest.ReconstructsExactlyForALinearField .............................................   Passed    0.19 sec
          Start  483: QuickFaceValueTest.ThrowsOnNonPositiveDistance
 397/2029 Test  #419: SolveLeastSquaresGradientTest.IgnoresAZeroDistanceEntryRatherThanDividingByZero ..........................   Passed    0.18 sec
          Start  420: SolveLeastSquaresGradientTest.NearlyColinearStencilIsAlsoRejected
 398/2029 Test #1565: SIMPLEKEpsilonTest.ConvergedStatusImpliesTurbulenceResidualWithinTolerance ...............................   Passed    0.51 sec
          Start  445: DiffusionTest.NonOrthogonalCorrectionMatchesBaselineOnCartesianMesh
 399/2029 Test  #678: CaseReaderTest.EachValidConvectionSchemeNameParses .......................................................   Passed    0.19 sec
          Start  431: LeastSquaresTest.SmoothNonlinearFieldIsFiniteAndReasonablyAccurate
 400/2029 Test  #674: MomentumNonOrthogonalTest.CorrectionVelocityDefaultsToVelocityAndIsValidated .............................   Passed    0.19 sec
          Start 1540: VelocityCorrectionTest.LeastSquaresSchemeIsWiredThroughAndMatchesOnInteriorCells
 401/2029 Test  #508: GridRefinementTest.LeastSquaresGradientDistortedConvergesAtSecondOrderInInterior .........................   Passed    0.19 sec
          Start  515: GridRefinementTest.DiffusionStronglyDistortedUncorrectedGlobal
 402/2029 Test  #470: ConvectionSchemeTest.RejectsInvalidName ..................................................................   Passed    0.18 sec
          Start  520: GridRefinementTest.DiffusionStronglyDistortedUncorrectedInterior
 403/2029 Test #1481: GridConvergenceTest.GridIndependenceCriterion ............................................................   Passed    0.18 sec
          Start  895: RobustnessConfigTest.InvalidValuesAreRejectedWithTheFieldNamed
 404/2029 Test  #619: MomentumPressureTest.DefaultGradientSchemeArgumentMatchesExplicitGreenGauss ..............................   Passed    0.17 sec
          Start  492: VanLeerLimiterTest.ApproachesTwoForLargeRatio
 405/2029 Test  #410: GradientTest.DefaultSchemeArgumentMatchesExplicitGreenGauss ..............................................   Passed    0.17 sec
          Start 1568: SIMPLEKOmegaTest.ConvergedStatusImpliesTurbulenceResidualWithinTolerance
 406/2029 Test  #422: SolveLeastSquaresGradientTest.NeverProducesNonFiniteResultOnAcceptedInput ................................   Passed    0.17 sec
          Start  454: DiffusionTest.ClosedDomainGlobalBalanceIsUnchangedByCorrection
 407/2029 Test  #502: GridRefinementTest.QuickConvectionOfSmoothFieldConvergesAboveFirstOrderInInterior ........................   Passed    0.19 sec
          Start   69: MeshGeometryNonOrthogonal.CartesianFacesDecomposeExactly
 408/2029 Test #1029: ConvergencePolicy.NormalizationRemovesArbitraryScale .....................................................   Passed    0.19 sec
          Start  417: SolveLeastSquaresGradientTest.DetectsASingleNeighborAsIllConditioned
 409/2029 Test  #450: DiffusionTest.ConstantFieldConservesGloballyOnDistortedMeshWithCorrection ................................   Passed    0.18 sec
          Start 1601: NonOrthogonalCorrectionPassesTest.PassesChangeOnlyTheRightHandSide
 410/2029 Test  #483: QuickFaceValueTest.ThrowsOnNonPositiveDistance ...........................................................   Passed    0.17 sec
          Start  620: MomentumPressureTest.LeastSquaresSchemeIsWiredThroughAndAlsoExactForALinearPressureField
 411/2029 Test  #420: SolveLeastSquaresGradientTest.NearlyColinearStencilIsAlsoRejected ........................................   Passed    0.17 sec
          Start  500: GridRefinementTest.LinearUpwindConvectionOfSmoothFieldConvergesAboveFirstOrderInInterior
 412/2029 Test  #445: DiffusionTest.NonOrthogonalCorrectionMatchesBaselineOnCartesianMesh ......................................   Passed    0.17 sec
          Start 1519: SIMPLESettingsTest.NonOrthogonalOptionsFollowTheCorrectionCountAndGradientScheme
 413/2029 Test  #431: LeastSquaresTest.SmoothNonlinearFieldIsFiniteAndReasonablyAccurate .......................................   Passed    0.17 sec
          Start  612: MomentumConvectionTest.DefaultSchemeArgumentMatchesExplicitUpwind
 414/2029 Test #1540: VelocityCorrectionTest.LeastSquaresSchemeIsWiredThroughAndMatchesOnInteriorCells .........................   Passed    0.17 sec
          Start   11: CFDAppCliMeshQualityInvalidNamesTheCell
 415/2029 Test  #515: GridRefinementTest.DiffusionStronglyDistortedUncorrectedGlobal ...........................................   Passed    0.18 sec
          Start 1382: CompressibleMassFluxTest.WallBoundaryMassFluxIsZeroRegardlessOfBoundaryDensity
 416/2029 Test  #520: GridRefinementTest.DiffusionStronglyDistortedUncorrectedInterior .........................................   Passed    0.19 sec
          Start   71: MeshGeometryNonOrthogonal.OrthogonalButSkewedFace
 417/2029 Test  #492: VanLeerLimiterTest.ApproachesTwoForLargeRatio ............................................................   Passed    0.18 sec
          Start  459: DiffusionTest.CorrectionNeverAlterableOnPureBoundaryMeshWithMixedConditions
 418/2029 Test  #895: RobustnessConfigTest.InvalidValuesAreRejectedWithTheFieldNamed ...........................................   Passed    0.21 sec
          Start 1033: AdaptiveRelaxation.PlateauHolds
 419/2029 Test  #454: DiffusionTest.ClosedDomainGlobalBalanceIsUnchangedByCorrection ...........................................   Passed    0.17 sec
          Start 1037: AdaptiveRelaxation.DisabledPreservesFixedAlpha
 420/2029 Test   #69: MeshGeometryNonOrthogonal.CartesianFacesDecomposeExactly .................................................   Passed    0.18 sec
          Start   10: CFDAppCli_mesh_quality_disconnected_cli
 421/2029 Test  #417: SolveLeastSquaresGradientTest.DetectsASingleNeighborAsIllConditioned .....................................   Passed    0.18 sec
          Start 1713: CompressibleRelaxedMomentumTest.AlphaOneMatchesUnrelaxedCompressibleMomentumComponentExactly
 422/2029 Test #1601: NonOrthogonalCorrectionPassesTest.PassesChangeOnlyTheRightHandSide .......................................   Passed    0.20 sec
          Start 1276: TurbulenceNonOrthogonalTest.ModelsRouteTheCorrectionThroughTheSharedOperator
 423/2029 Test  #620: MomentumPressureTest.LeastSquaresSchemeIsWiredThroughAndAlsoExactForALinearPressureField .................   Passed    0.19 sec
          Start 1034: AdaptiveRelaxation.GrowingOscillationReducesAlphaDecayingZigzagDoesNot
 424/2029 Test  #500: GridRefinementTest.LinearUpwindConvectionOfSmoothFieldConvergesAboveFirstOrderInInterior .................   Passed    0.19 sec
          Start 1019: ResidualTrend.Diverging
 425/2029 Test #1519: SIMPLESettingsTest.NonOrthogonalOptionsFollowTheCorrectionCountAndGradientScheme .........................   Passed    0.18 sec
          Start  324: GMRESTest.ZeroRightHandSideConvergesImmediately
 426/2029 Test  #612: MomentumConvectionTest.DefaultSchemeArgumentMatchesExplicitUpwind ........................................   Passed    0.18 sec
          Start 1574: SIMPLEBuoyancyTest.CaseA_NoBuoyancySuppliedIsTheBaseline
 427/2029 Test #1382: CompressibleMassFluxTest.WallBoundaryMassFluxIsZeroRegardlessOfBoundaryDensity ...........................   Passed    0.15 sec
          Start 1486: GridConvergenceStudyTest.SimpleSolveGateRejectsInvalidSolves
 428/2029 Test   #71: MeshGeometryNonOrthogonal.OrthogonalButSkewedFace ........................................................   Passed    0.16 sec
          Start  414: SolveLeastSquaresGradientTest.ReconstructsExactGradientForConsistentLinearData
 429/2029 Test  #459: DiffusionTest.CorrectionNeverAlterableOnPureBoundaryMeshWithMixedConditions ..............................   Passed    0.16 sec
          Start 1473: GridConvergenceTest.GCIKnownCase
 430/2029 Test   #11: CFDAppCliMeshQualityInvalidNamesTheCell ..................................................................   Passed    0.23 sec
          Start  932: MultiBlockCase.ReaderParsesBlocksInterfacesAndPatches
 431/2029 Test #1033: AdaptiveRelaxation.PlateauHolds ..........................................................................   Passed    0.18 sec
          Start  682: CaseReaderTest.InvalidGradientSchemeValueThrowsCaseConfigurationError
 432/2029 Test #1037: AdaptiveRelaxation.DisabledPreservesFixedAlpha ...........................................................   Passed    0.18 sec
          Start  455: DiffusionTest.LinearField2x3y5IsConsistentOnCartesianAndDistortedMeshes
 433/2029 Test   #10: CFDAppCli_mesh_quality_disconnected_cli ..................................................................   Passed    0.18 sec
          Start 1012: ResidualNormalization.ZeroBaseline
 434/2029 Test #1713: CompressibleRelaxedMomentumTest.AlphaOneMatchesUnrelaxedCompressibleMomentumComponentExactly .............   Passed    0.17 sec
          Start  482: QuickFaceValueTest.ReproducesALinearFieldExactly
 435/2029 Test #1276: TurbulenceNonOrthogonalTest.ModelsRouteTheCorrectionThroughTheSharedOperator .............................   Passed    0.18 sec
          Start  405: InterpolationTest.SkewCorrectedInterpolationFallsBackOnDegenerateFace
 436/2029 Test #1034: AdaptiveRelaxation.GrowingOscillationReducesAlphaDecayingZigzagDoesNot ...................................   Passed    0.18 sec
          Start  910: StructuredQuadCase.WriterKeepsCartesianMeshFileUnchanged
 437/2029 Test #1019: ResidualTrend.Diverging ..................................................................................   Passed    0.19 sec
          Start 1599: NonOrthogonalCorrectionPassesTest.AtMostOnePassRunsNothing
 438/2029 Test  #324: GMRESTest.ZeroRightHandSideConvergesImmediately ..........................................................   Passed    0.19 sec
          Start  325: GMRESTest.NonFiniteInputIsRejectedBeforeIterating
 439/2029 Test #1486: GridConvergenceStudyTest.SimpleSolveGateRejectsInvalidSolves .............................................   Passed    0.18 sec
          Start  834: PhysicsCompatibilityTest.RejectsCoupledCompressibleTogetherWithTurbulence
 440/2029 Test #1568: SIMPLEKOmegaTest.ConvergedStatusImpliesTurbulenceResidualWithinTolerance .................................   Passed    0.51 sec
          Start  673: MomentumNonOrthogonalTest.ExplicitCorrectionIsGloballyConservativeWithoutDirichletFaces
 441/2029 Test  #414: SolveLeastSquaresGradientTest.ReconstructsExactGradientForConsistentLinearData ...........................   Passed    0.20 sec
          Start 1032: AdaptiveRelaxation.GrowthReducesAlpha
 442/2029 Test #1473: GridConvergenceTest.GCIKnownCase .........................................................................   Passed    0.21 sec
          Start 1605: PressureCorrectionNonOrthogonalTest.NonOrthogonalConservation
 443/2029 Test  #932: MultiBlockCase.ReaderParsesBlocksInterfacesAndPatches ....................................................   Passed    0.27 sec
          Start  333: LinearFallbackTest.SuccessRecorded
 444/2029 Test  #682: CaseReaderTest.InvalidGradientSchemeValueThrowsCaseConfigurationError ....................................   Passed    0.28 sec
          Start 1470: GridConvergenceTest.ThirdOrderSynthetic
 445/2029 Test  #455: DiffusionTest.LinearField2x3y5IsConsistentOnCartesianAndDistortedMeshes ..................................   Passed    0.28 sec
          Start  493: VanLeerLimiterTest.StaysWithinTheZeroToTwoSwebyTvdRegion
 446/2029 Test #1012: ResidualNormalization.ZeroBaseline .......................................................................   Passed    0.29 sec
          Start 1718: CompressiblePressureCorrectionTest.NegligibleCompressibilityMatchesIncompressibleEquation
 447/2029 Test  #482: QuickFaceValueTest.ReproducesALinearFieldExactly .........................................................   Passed    0.34 sec
          Start  835: PhysicsCompatibilityTest.RejectsCoupledCompressibleTogetherWithBuoyancy
 448/2029 Test  #405: InterpolationTest.SkewCorrectedInterpolationFallsBackOnDegenerateFace ....................................   Passed    0.44 sec
          Start 1719: CompressiblePressureCorrectionTest.CompressibilityDiagonalMatchesHandFormula
 449/2029 Test #1599: NonOrthogonalCorrectionPassesTest.AtMostOnePassRunsNothing ...............................................   Passed    0.45 sec
          Start  814: CompressibleCaseTest.CoupledExplicitFalseParsesTheSameAsAbsent
 450/2029 Test #1574: SIMPLEBuoyancyTest.CaseA_NoBuoyancySuppliedIsTheBaseline .................................................   Passed    0.67 sec
          Start  491: VanLeerLimiterTest.OneAtRatioOfOne
 451/2029 Test  #910: StructuredQuadCase.WriterKeepsCartesianMeshFileUnchanged .................................................   Passed    0.54 sec
          Start  341: LinearFallbackTest.HealthySolveIsUntouched
 452/2029 Test  #325: GMRESTest.NonFiniteInputIsRejectedBeforeIterating ........................................................   Passed    0.52 sec
          Start   73: MeshGeometryNonOrthogonal.DegenerateGeometryIsDetected
 453/2029 Test  #834: PhysicsCompatibilityTest.RejectsCoupledCompressibleTogetherWithTurbulence ................................   Passed    0.51 sec
          Start 1036: AdaptiveRelaxation.RecoveryAfterGrowthStopsBelowTheUnstableFactor
 454/2029 Test  #673: MomentumNonOrthogonalTest.ExplicitCorrectionIsGloballyConservativeWithoutDirichletFaces ..................   Passed    0.50 sec
          Start 1606: PressureCorrectionNonOrthogonalTest.NonOrthogonalBoundary
 455/2029 Test #1032: AdaptiveRelaxation.GrowthReducesAlpha ....................................................................   Passed    0.49 sec
          Start  321: GMRESTest.SolvesNonSymmetricSystem
 456/2029 Test #1605: PressureCorrectionNonOrthogonalTest.NonOrthogonalConservation ............................................   Passed    0.43 sec
          Start  328: GMRESTest.InvalidRestartLengthIsRejected
 457/2029 Test  #333: LinearFallbackTest.SuccessRecorded .......................................................................   Passed    0.41 sec
          Start 1471: GridConvergenceTest.UnequalRefinementRatios
 458/2029 Test #1470: GridConvergenceTest.ThirdOrderSynthetic ..................................................................   Passed    0.41 sec
          Start 1383: CompressibleMassFluxTest.BoundaryDensityMatchesDirectEosEvaluation
 459/2029 Test  #493: VanLeerLimiterTest.StaysWithinTheZeroToTwoSwebyTvdRegion .................................................   Passed    0.40 sec
          Start 1472: GridConvergenceTest.RichardsonExactRecovery
 460/2029 Test #1718: CompressiblePressureCorrectionTest.NegligibleCompressibilityMatchesIncompressibleEquation ................   Passed    0.35 sec
          Start  342: LinearFallbackTest.Deterministic
 461/2029 Test #1719: CompressiblePressureCorrectionTest.CompressibilityDiagonalMatchesHandFormula .............................   Passed    0.21 sec
          Start 1040: SolverRobustnessSettingsTest.InvalidValuesAreRejected
 462/2029 Test  #835: PhysicsCompatibilityTest.RejectsCoupledCompressibleTogetherWithBuoyancy ..................................   Passed    0.26 sec
          Start 1016: ResidualTrend.Converging
 463/2029 Test  #814: CompressibleCaseTest.CoupledExplicitFalseParsesTheSameAsAbsent ...........................................   Passed    0.18 sec
          Start 1499: MMSErrorNormsTest.KnownField
 464/2029 Test  #491: VanLeerLimiterTest.OneAtRatioOfOne .......................................................................   Passed    0.16 sec
          Start 1479: GridConvergenceTest.InvalidGridSpacingRejected
 465/2029 Test  #341: LinearFallbackTest.HealthySolveIsUntouched ...............................................................   Passed    0.16 sec
          Start  320: GMRESTest.SolvesSPDSystemAndAgreesWithCG
 466/2029 Test   #73: MeshGeometryNonOrthogonal.DegenerateGeometryIsDetected ...................................................   Passed    0.17 sec
          Start  901: StructuredQuadCase.WrongVertexCountIsRejected
 467/2029 Test #1036: AdaptiveRelaxation.RecoveryAfterGrowthStopsBelowTheUnstableFactor ........................................   Passed    0.18 sec
          Start 1494: ManufacturedFieldsTest.CompressibleForcingExact
 468/2029 Test #1606: PressureCorrectionNonOrthogonalTest.NonOrthogonalBoundary ................................................   Passed    0.18 sec
          Start 1496: MMSSourceTest.CellVolumeScaling
 469/2029 Test  #321: GMRESTest.SolvesNonSymmetricSystem .......................................................................   Passed    0.19 sec
          Start   79: MeshQuality.MetricsDiscriminateDistortionLevels
 470/2029 Test  #328: GMRESTest.InvalidRestartLengthIsRejected .................................................................   Passed    0.21 sec
          Start 1723: CompressiblePressureCorrectionTest.OpenBoundaryDoesNotPinReferenceCell
 471/2029 Test #1471: GridConvergenceTest.UnequalRefinementRatios ..............................................................   Passed    0.23 sec
          Start 1504: ProductionValidationTest.PassedRequiresAcceptanceAndEveryCheck
 472/2029 Test #1383: CompressibleMassFluxTest.BoundaryDensityMatchesDirectEosEvaluation .......................................   Passed    0.24 sec
          Start 1733: CompressibleSimpleSettingsTest.RejectsOutOfRangeRelaxation
 473/2029 Test #1472: GridConvergenceTest.RichardsonExactRecovery ..............................................................   Passed    0.24 sec
          Start 1721: CompressiblePressureCorrectionTest.RejectsNonPositivePseudoTimeStep
 474/2029 Test  #342: LinearFallbackTest.Deterministic .........................................................................   Passed    0.24 sec
          Start  613: MomentumConvectionTest.NonUpwindSchemeAddsAnExplicitCorrectionOnlyOnInternalFaces
 475/2029 Test #1040: SolverRobustnessSettingsTest.InvalidValuesAreRejected ....................................................   Passed    0.27 sec
          Start  480: ConvectionSchemeTest.StepFunctionStaysWithinInitialBoundsAfterOneExplicitStep
 476/2029 Test #1016: ResidualTrend.Converging .................................................................................   Passed    0.30 sec
          Start  331: LinearFallbackTest.DisabledPropagatesFailure
 477/2029 Test #1499: MMSErrorNormsTest.KnownField .............................................................................   Passed    0.30 sec
          Start  424: LeastSquaresTest.LinearFieldCartesianIsExactAtEveryCellIncludingBoundaryAdjacent
 478/2029 Test #1479: GridConvergenceTest.InvalidGridSpacingRejected ...........................................................   Passed    0.30 sec
          Start 1730: CompressibleSimpleTest.MismatchedInitialFieldSizeReportsInvalidConfiguration
 479/2029 Test  #320: GMRESTest.SolvesSPDSystemAndAgreesWithCG .................................................................   Passed    0.30 sec
          Start 1722: CompressiblePressureCorrectionTest.RejectsOutOfRangeReferenceCell
 480/2029 Test  #901: StructuredQuadCase.WrongVertexCountIsRejected ............................................................   Passed    0.29 sec
          Start  478: ConvectionSchemeTest.DegradedFaceStillProducesAFiniteConsistentResult
 481/2029 Test #1494: ManufacturedFieldsTest.CompressibleForcingExact ..........................................................   Passed    0.28 sec
          Start 1727: CompressibleSimpleTest.InvalidSettingsReportInvalidConfiguration
 482/2029 Test #1496: MMSSourceTest.CellVolumeScaling ..........................................................................   Passed    0.27 sec
          Start  327: GMRESTest.SingularInconsistentSystemReportsBreakdown
 483/2029 Test   #79: MeshQuality.MetricsDiscriminateDistortionLevels ..........................................................   Passed    0.25 sec
          Start  462: DiffusionTest.BoundaryCorrectionClassificationCoversEveryConditionType
 484/2029 Test #1723: CompressiblePressureCorrectionTest.OpenBoundaryDoesNotPinReferenceCell ...................................   Passed    0.22 sec
          Start  322: GMRESTest.RestartedSolveConvergesDeterministically
 485/2029 Test #1504: ProductionValidationTest.PassedRequiresAcceptanceAndEveryCheck ...........................................   Passed    0.22 sec
          Start 1018: ResidualTrend.Stagnating
 486/2029 Test #1733: CompressibleSimpleSettingsTest.RejectsOutOfRangeRelaxation ...............................................   Passed    0.20 sec
          Start 1476: GridConvergenceTest.DivergingSequenceDetected
 487/2029 Test #1721: CompressiblePressureCorrectionTest.RejectsNonPositivePseudoTimeStep ......................................   Passed    0.20 sec
          Start 1477: GridConvergenceTest.ZeroDifferenceHandled
 488/2029 Test  #613: MomentumConvectionTest.NonUpwindSchemeAddsAnExplicitCorrectionOnlyOnInternalFaces ........................   Passed    0.19 sec
          Start 1502: MMSStudyTest.ReportIsDeterministicExceptRuntime
 489/2029 Test  #480: ConvectionSchemeTest.StepFunctionStaysWithinInitialBoundsAfterOneExplicitStep ............................   Passed    0.14 sec
          Start  337: LinearFallbackTest.SpdMatrixIsCGEligibleAndPreferred
 490/2029 Test  #331: LinearFallbackTest.DisabledPropagatesFailure .............................................................   Passed    0.14 sec
          Start 1011: ResidualNormalization.NonzeroBaseline
 491/2029 Test  #424: LeastSquaresTest.LinearFieldCartesianIsExactAtEveryCellIncludingBoundaryAdjacent .........................   Passed    0.14 sec
          Start  338: LinearFallbackTest.SingularOrReducibleMatricesAreNotCGEligible
 492/2029 Test #1730: CompressibleSimpleTest.MismatchedInitialFieldSizeReportsInvalidConfiguration .............................   Passed    0.13 sec
          Start 1381: CompressibleMassFluxTest.InletBoundaryReducesToOwnerDensityUnderZeroPressureGradient
 493/2029 Test #1722: CompressiblePressureCorrectionTest.RejectsOutOfRangeReferenceCell ........................................   Passed    0.13 sec
          Start 1482: GridConvergenceTest.ObservedOrderSolverMatchesClosedFormForEqualRatios
 494/2029 Test  #478: ConvectionSchemeTest.DegradedFaceStillProducesAFiniteConsistentResult ....................................   Passed    0.14 sec
          Start 1973: BackwardFacingStep.Geometry
 495/2029 Test #1727: CompressibleSimpleTest.InvalidSettingsReportInvalidConfiguration .........................................   Passed    0.14 sec
          Start 1729: CompressibleSimpleTest.NonPhysicalPressureTransientReportsNonFiniteState
 496/2029 Test  #327: GMRESTest.SingularInconsistentSystemReportsBreakdown .....................................................   Passed    0.14 sec
          Start  303: BiCGSTABBreakdown.ZeroRhsAndExactGuessNeedNoIteration
 497/2029 Test  #462: DiffusionTest.BoundaryCorrectionClassificationCoversEveryConditionType ...................................   Passed    0.14 sec
          Start 1881: ResultExportIntegrationTest.JsonMetadataMatchesSimpleResultExactly
 498/2029 Test  #322: GMRESTest.RestartedSolveConvergesDeterministically .......................................................   Passed    0.15 sec
          Start 1834: StructuredQuadProductionCase.CommittedCaseIsAGenuinelyNonOrthogonalMesh
 499/2029 Test #1018: ResidualTrend.Stagnating .................................................................................   Passed    0.14 sec
          Start  902: StructuredQuadCase.MalformedVertexIsRejected
 500/2029 Test #1476: GridConvergenceTest.DivergingSequenceDetected ............................................................   Passed    0.14 sec
          Start 1021: ResidualTrend.SingleSpikeDoesNotTriggerDivergence
 501/2029 Test #1477: GridConvergenceTest.ZeroDifferenceHandled ................................................................   Passed    0.15 sec
          Start 1883: ResultExportIntegrationTest.ResidualsCsvMatchesStoredHistories
 502/2029 Test #1502: MMSStudyTest.ReportIsDeterministicExceptRuntime ..........................................................   Passed    0.17 sec
          Start  300: BiCGSTABBreakdown.TrueBreakdownWithoutProgressIsReported
 503/2029 Test  #337: LinearFallbackTest.SpdMatrixIsCGEligibleAndPreferred .....................................................   Passed    0.17 sec
          Start  922: GradedMeshCase.InvalidRatiosAreRejected
 504/2029 Test #1011: ResidualNormalization.NonzeroBaseline ....................................................................   Passed    0.18 sec
          Start 1547: SIMPLEContinuityTest.GlobalMassImbalanceStaysNearZeroForClosedDomain
 505/2029 Test  #338: LinearFallbackTest.SingularOrReducibleMatricesAreNotCGEligible ...........................................   Passed    0.19 sec
          Start 1484: GridConvergenceStudyTest.RejectedSolveInvalidatesTheStudy
 506/2029 Test #1381: CompressibleMassFluxTest.InletBoundaryReducesToOwnerDensityUnderZeroPressureGradient .....................   Passed    0.19 sec
          Start  873: JSONWriterTest.MeshQualityIsExportedWithEveryMetricAndIssue
 507/2029 Test #1482: GridConvergenceTest.ObservedOrderSolverMatchesClosedFormForEqualRatios ...................................   Passed    0.19 sec
          Start  153: MeshGrading.RejectsOverflowingRatio
 508/2029 Test #1973: BackwardFacingStep.Geometry ..............................................................................   Passed    0.19 sec
          Start 1480: GridConvergenceTest.NonFiniteInputRejected
 509/2029 Test #1729: CompressibleSimpleTest.NonPhysicalPressureTransientReportsNonFiniteState .................................   Passed    0.20 sec
          Start 1492: ManufacturedFieldsTest.MomentumForcingExact
 510/2029 Test  #303: BiCGSTABBreakdown.ZeroRhsAndExactGuessNeedNoIteration ....................................................   Passed    0.20 sec
          Start 1731: CompressibleSimpleSettingsTest.RejectsZeroMaxIterations
 511/2029 Test #1834: StructuredQuadProductionCase.CommittedCaseIsAGenuinelyNonOrthogonalMesh ..................................   Passed    0.18 sec
          Start  340: LinearFallbackTest.OnlyAlgorithmicFailuresAreEligible
 512/2029 Test  #902: StructuredQuadCase.MalformedVertexIsRejected .............................................................   Passed    0.18 sec
          Start 1714: CompressibleRelaxedMomentumTest.RelaxationMatchesHandDerivedPatankarFormula
 513/2029 Test #1021: ResidualTrend.SingleSpikeDoesNotTriggerDivergence ........................................................   Passed    0.19 sec
          Start 1380: CompressibleMassFluxTest.OutletBoundaryUsesEosEvaluatedPressureNotOwnerDensity
 514/2029 Test  #300: BiCGSTABBreakdown.TrueBreakdownWithoutProgressIsReported .................................................   Passed    0.15 sec
          Start 1720: CompressiblePressureCorrectionTest.MismatchedPredictorMassFluxSizeThrows
 515/2029 Test  #922: GradedMeshCase.InvalidRatiosAreRejected ..................................................................   Passed    0.15 sec
          Start  874: JSONWriterTest.MeshQualityNonFiniteAndUnavailableValuesAreNull
 516/2029 Test #1484: GridConvergenceStudyTest.RejectedSolveInvalidatesTheStudy ................................................   Passed    0.13 sec
          Start  937: MultiBlockCase.BuilderConstructsTheMultiBlockMeshWithNamedBoundaries
 517/2029 Test  #873: JSONWriterTest.MeshQualityIsExportedWithEveryMetricAndIssue ..............................................   Passed    0.13 sec
          Start    9: CFDAppCli_mesh_quality_invalid_cli
 518/2029 Test  #153: MeshGrading.RejectsOverflowingRatio ......................................................................   Passed    0.14 sec
          Start  933: MultiBlockCase.ParserErrorsNameTheField
 519/2029 Test #1480: GridConvergenceTest.NonFiniteInputRejected ...............................................................   Passed    0.13 sec
          Start  336: LinearFallbackTest.DoesNotUseCGForUnsupportedMatrix
 520/2029 Test #1492: ManufacturedFieldsTest.MomentumForcingExact ..............................................................   Passed    0.13 sec
          Start 1501: MMSStudyTest.OrdersComeFromTheSharedGridConvergenceAnalysis
 521/2029 Test #1881: ResultExportIntegrationTest.JsonMetadataMatchesSimpleResultExactly .......................................   Passed    0.32 sec
          Start  920: GradedMeshCase.ParsesXGrading
 522/2029 Test #1883: ResultExportIntegrationTest.ResidualsCsvMatchesStoredHistories ...........................................   Passed    0.29 sec
          Start 1223: WallDistanceTest.CartesianDistanceIsBitIdenticalToFaceCentroidDistance
 523/2029 Test #1731: CompressibleSimpleSettingsTest.RejectsZeroMaxIterations ..................................................   Passed    0.16 sec
          Start 1548: SIMPLEConvergenceTest.TinyFourByFourCavityConverges
 524/2029 Test  #340: LinearFallbackTest.OnlyAlgorithmicFailuresAreEligible ....................................................   Passed    0.16 sec
          Start  913: StructuredQuadCase.ExportRejectsANonCartesianMeshWithoutGrid
 525/2029 Test #1714: CompressibleRelaxedMomentumTest.RelaxationMatchesHandDerivedPatankarFormula ..............................   Passed    0.16 sec
          Start 1035: AdaptiveRelaxation.RespectsBounds
 526/2029 Test #1380: CompressibleMassFluxTest.OutletBoundaryUsesEosEvaluatedPressureNotOwnerDensity ...........................   Passed    0.17 sec
          Start 1013: ResidualNormalization.SmallBaseline
 527/2029 Test #1720: CompressiblePressureCorrectionTest.MismatchedPredictorMassFluxSizeThrows .................................   Passed    0.16 sec
          Start  909: StructuredQuadCase.WriterRoundTripsVerticesExactly
 528/2029 Test  #874: JSONWriterTest.MeshQualityNonFiniteAndUnavailableValuesAreNull ...........................................   Passed    0.16 sec
          Start 1468: GridConvergenceTest.FirstOrderSynthetic
 529/2029 Test  #937: MultiBlockCase.BuilderConstructsTheMultiBlockMeshWithNamedBoundaries .....................................   Passed    0.16 sec
          Start  162: GradedMesh.ConstructionIsDeterministic
 530/2029 Test  #336: LinearFallbackTest.DoesNotUseCGForUnsupportedMatrix ......................................................   Passed    0.14 sec
          Start  122: StructuredQuadMesh.ConstructionIsDeterministic
 531/2029 Test  #933: MultiBlockCase.ParserErrorsNameTheField ..................................................................   Passed    0.18 sec
          Start  905: StructuredQuadCase.NonMonotoneBoundaryEdgeIsRejected
 532/2029 Test #1501: MMSStudyTest.OrdersComeFromTheSharedGridConvergenceAnalysis ..............................................   Passed    0.17 sec
          Start  915: MeshQualityCase.NonOrthogonalMeshCarriesTheCorrectionAdvice
 533/2029 Test    #9: CFDAppCli_mesh_quality_invalid_cli .......................................................................   Passed    0.22 sec
          Start  123: StructuredQuadMesh.RejectsZeroCells
 534/2029 Test #1547: SIMPLEContinuityTest.GlobalMassImbalanceStaysNearZeroForClosedDomain .....................................   Passed    0.42 sec
          Start  549: AleOperatorsStaticLimit.AleMomentumAssemblyWithoutMotionIsTheStaticAssembly
 535/2029 Test  #920: GradedMeshCase.ParsesXGrading ............................................................................   Passed    0.22 sec
          Start 1717: CompressibleRelaxedMomentumTest.RejectsNonPositivePseudoTimeStep
 536/2029 Test #1223: WallDistanceTest.CartesianDistanceIsBitIdenticalToFaceCentroidDistance ...................................   Passed    0.22 sec
          Start  115: StructuredQuadMesh.LatticeVerticesReproduceCartesianMesh
 537/2029 Test  #913: StructuredQuadCase.ExportRejectsANonCartesianMeshWithoutGrid .............................................   Passed    0.21 sec
          Start  899: StructuredQuadCase.CartesianMeshHasNoVerticesAndRejectsThem
 538/2029 Test #1035: AdaptiveRelaxation.RespectsBounds ........................................................................   Passed    0.20 sec
          Start  142: MeshGrading.OneSidedStartClusteringMatchesGeometricSeries
 539/2029 Test #1013: ResidualNormalization.SmallBaseline ......................................................................   Passed    0.21 sec
          Start  301: BiCGSTABBreakdown.BreakdownAfterProgressIsRecoveredByARestart
 540/2029 Test  #909: StructuredQuadCase.WriterRoundTripsVerticesExactly .......................................................   Passed    0.21 sec
          Start  130: MeshValidity.HandBuiltTwoCellMeshIsValid
 541/2029 Test #1468: GridConvergenceTest.FirstOrderSynthetic ..................................................................   Passed    0.21 sec
          Start  943: VTK3DTest.InvalidFieldsAreRejectedBeforeWriting
 542/2029 Test #1548: SIMPLEConvergenceTest.TinyFourByFourCavityConverges ......................................................   Passed    0.29 sec
          Start  170: MultiBlockMesh.InterfaceFluxesCancelExactlyBetweenBlocks
 543/2029 Test  #122: StructuredQuadMesh.ConstructionIsDeterministic ...........................................................   Passed    0.20 sec
          Start  912: StructuredQuadCase.CartesianVtkIsByteIdenticalToTheReconstructedPoints
 544/2029 Test  #162: GradedMesh.ConstructionIsDeterministic ...................................................................   Passed    0.24 sec
          Start  297: BiCGSTABBreakdown.Mesh004ThermalSystemsConvergeToTheRequestedTolerance
 545/2029 Test  #905: StructuredQuadCase.NonMonotoneBoundaryEdgeIsRejected .....................................................   Passed    0.21 sec
          Start 1495: ManufacturedFieldsTest.ExactFaceFluxIsDiscretelyDivergenceFree
 546/2029 Test  #915: MeshQualityCase.NonOrthogonalMeshCarriesTheCorrectionAdvice ..............................................   Passed    0.22 sec
          Start 1478: GridConvergenceTest.ZeroSolutionQuantityHasNoRelativeMetrics
 547/2029 Test  #123: StructuredQuadMesh.RejectsZeroCells ......................................................................   Passed    0.20 sec
          Start  919: GradedMeshCase.ParsesYGrading
 548/2029 Test  #549: AleOperatorsStaticLimit.AleMomentumAssemblyWithoutMotionIsTheStaticAssembly ..............................   Passed    0.20 sec
          Start  900: StructuredQuadCase.MissingVerticesAreRejected
 549/2029 Test #1717: CompressibleRelaxedMomentumTest.RejectsNonPositivePseudoTimeStep .........................................   Passed    0.19 sec
          Start  921: GradedMeshCase.ParsesXAndYGradingAndEveryClusterName
 550/2029 Test  #115: StructuredQuadMesh.LatticeVerticesReproduceCartesianMesh .................................................   Passed    0.18 sec
          Start  128: StructuredQuadMesh.RejectsNonConvexCell
 551/2029 Test  #899: StructuredQuadCase.CartesianMeshHasNoVerticesAndRejectsThem ..............................................   Passed    0.19 sec
          Start 1728: CompressibleSimpleTest.InitialStateOutsideEosDomainReportsInvalidConfiguration
 552/2029 Test  #142: MeshGrading.OneSidedStartClusteringMatchesGeometricSeries ................................................   Passed    0.19 sec
          Start  121: StructuredQuadMesh.MeshRejectsGridThatDoesNotMatchItsCells
 553/2029 Test  #301: BiCGSTABBreakdown.BreakdownAfterProgressIsRecoveredByARestart ............................................   Passed    0.19 sec
          Start 1133: ConjugateBoundaryEquivalence.SingleRegionMatchesSingleMaterialOnAGradedMesh
 554/2029 Test  #130: MeshValidity.HandBuiltTwoCellMeshIsValid .................................................................   Passed    0.18 sec
          Start 1507: ProductionValidationTest.GridStudyEntryAndSequenceOrder
 555/2029 Test  #943: VTK3DTest.InvalidFieldsAreRejectedBeforeWriting ..........................................................   Passed    0.18 sec
          Start 1489: ManufacturedFieldsTest.VelocityIsAnalyticallyDivergenceFree
 556/2029 Test  #170: MultiBlockMesh.InterfaceFluxesCancelExactlyBetweenBlocks .................................................   Passed    0.17 sec
          Start  160: GradedMesh.GradedMeshesHaveTheRequestedCellsAndAreValid
 557/2029 Test  #912: StructuredQuadCase.CartesianVtkIsByteIdenticalToTheReconstructedPoints ...................................   Passed    0.18 sec
          Start 1583: SIMPLEGpuResidencyTest.DisabledByDefaultIssuesNoGpuActivity
 558/2029 Test  #297: BiCGSTABBreakdown.Mesh004ThermalSystemsConvergeToTheRequestedTolerance ...................................   Passed    0.19 sec
          Start 1125: ThermalBoundaryConsistency.BoundaryDiffusionContributionIsExactPerConditionType
 559/2029 Test #1495: ManufacturedFieldsTest.ExactFaceFluxIsDiscretelyDivergenceFree ...........................................   Passed    0.18 sec
          Start  938: MultiBlockCase.GeometricErrorsAreCaseErrors
 560/2029 Test #1478: GridConvergenceTest.ZeroSolutionQuantityHasNoRelativeMetrics .............................................   Passed    0.18 sec
          Start  934: MultiBlockCase.GeometryMustBeMeshDefinedExactlyForMultiblock
 561/2029 Test  #919: GradedMeshCase.ParsesYGrading ............................................................................   Passed    0.17 sec
          Start 1490: ManufacturedFieldsTest.VelocityDerivativesExact
 562/2029 Test  #900: StructuredQuadCase.MissingVerticesAreRejected ............................................................   Passed    0.17 sec
          Start 1732: CompressibleSimpleSettingsTest.RejectsNonPositivePseudoTimeStep
 563/2029 Test  #921: GradedMeshCase.ParsesXAndYGradingAndEveryClusterName .....................................................   Passed    0.17 sec
          Start 1487: GridConvergenceStudyTest.DeterministicReport
 564/2029 Test  #128: StructuredQuadMesh.RejectsNonConvexCell ..................................................................   Passed    0.17 sec
          Start  907: StructuredQuadCase.BuilderRejectsFoldedMesh
 565/2029 Test #1728: CompressibleSimpleTest.InitialStateOutsideEosDomainReportsInvalidConfiguration ...........................   Passed    0.19 sec
          Start  298: BiCGSTABBreakdown.ScalingTheSystemByAPowerOfTwoChangesNothing
 566/2029 Test  #121: StructuredQuadMesh.MeshRejectsGridThatDoesNotMatchItsCells ...............................................   Passed    0.20 sec
          Start  925: GradedMeshCase.GradingIsRejectedForStructuredQuad
 567/2029 Test #1133: ConjugateBoundaryEquivalence.SingleRegionMatchesSingleMaterialOnAGradedMesh ..............................   Passed    0.20 sec
          Start  125: StructuredQuadMesh.RejectsNonFiniteVertex
 568/2029 Test #1507: ProductionValidationTest.GridStudyEntryAndSequenceOrder ..................................................   Passed    0.20 sec
          Start  918: GradedMeshCase.NoGradingMeansNone
 569/2029 Test #1489: ManufacturedFieldsTest.VelocityIsAnalyticallyDivergenceFree ..............................................   Passed    0.20 sec
          Start 1884: ResultExportIntegrationTest.RepeatedExportIsByteIdenticalAcrossAllFiles
 570/2029 Test  #160: GradedMesh.GradedMeshesHaveTheRequestedCellsAndAreValid ..................................................   Passed    0.20 sec
          Start 1880: ResultExportIntegrationTest.CsvFieldsMatchSimpleResultExactly
 571/2029 Test #1583: SIMPLEGpuResidencyTest.DisabledByDefaultIssuesNoGpuActivity ..............................................   Passed    0.18 sec
          Start  917: MeshQualityCase.InvalidMeshErrorCarriesTheSummaryAndEveryFatalIssue
 572/2029 Test #1125: ThermalBoundaryConsistency.BoundaryDiffusionContributionIsExactPerConditionType ..........................   Passed    0.18 sec
          Start  929: GradedMeshCase.UngradedCaseIsWrittenUnchanged
 573/2029 Test  #938: MultiBlockCase.GeometricErrorsAreCaseErrors ..............................................................   Passed    0.18 sec
          Start 1716: CompressibleRelaxedMomentumTest.MismatchedMassFluxSizeThrows
 574/2029 Test  #934: MultiBlockCase.GeometryMustBeMeshDefinedExactlyForMultiblock .............................................   Passed    0.18 sec
          Start  923: GradedMeshCase.OverflowingRatioLiteralIsRejected
 575/2029 Test #1490: ManufacturedFieldsTest.VelocityDerivativesExact ..........................................................   Passed    0.19 sec
          Start 1715: CompressibleRelaxedMomentumTest.MismatchedVelocitySizeThrows
 576/2029 Test #1732: CompressibleSimpleSettingsTest.RejectsNonPositivePseudoTimeStep ..........................................   Passed    0.19 sec
          Start  171: MultiBlockMeshInvalid.StructuralErrorsAreNamed
 577/2029 Test #1487: GridConvergenceStudyTest.DeterministicReport .............................................................   Passed    0.19 sec
          Start 1882: ResultExportIntegrationTest.VtkCellCountAndFieldsMatchSimpleResultExactly
 578/2029 Test  #298: BiCGSTABBreakdown.ScalingTheSystemByAPowerOfTwoChangesNothing ............................................   Passed    0.14 sec
          Start   86: MeshQualityReport.ExpansionRatioOfAGeometricGradingIsItsRatio
 579/2029 Test  #907: StructuredQuadCase.BuilderRejectsFoldedMesh ..............................................................   Passed    0.20 sec
          Start  163: GradedMesh.InvalidGradingNeverBuildsAMesh
 580/2029 Test  #925: GradedMeshCase.GradingIsRejectedForStructuredQuad ........................................................   Passed    0.16 sec
          Start  184: Cartesian3DMeshTest.StructuredGridMustMatchTheMeshDimension
 581/2029 Test  #125: StructuredQuadMesh.RejectsNonFiniteVertex ................................................................   Passed    0.16 sec
          Start   89: MeshQualityReport.MultiBlockInterfaceExpansionIsMeasured
 582/2029 Test  #918: GradedMeshCase.NoGradingMeansNone ........................................................................   Passed    0.16 sec
          Start   12: CFDAppCliMeshQualityDisconnectedIsFatal
 583/2029 Test  #917: MeshQualityCase.InvalidMeshErrorCarriesTheSummaryAndEveryFatalIssue ......................................   Passed    0.15 sec
          Start  299: BiCGSTABBreakdown.IllConditionedSystemIsSolvedAtAnyScale
 584/2029 Test  #929: GradedMeshCase.UngradedCaseIsWrittenUnchanged ............................................................   Passed    0.15 sec
          Start  545: Operators3DTest.ThreeDimensionalCapableComponentsAcceptA3DMesh
 585/2029 Test #1716: CompressibleRelaxedMomentumTest.MismatchedMassFluxSizeThrows .............................................   Passed    0.15 sec
          Start  183: Cartesian3DMeshTest.DimensionIsThreeFor3DMeshesAndTwoForEvery2DBuilder
 586/2029 Test  #923: GradedMeshCase.OverflowingRatioLiteralIsRejected .........................................................   Passed    0.15 sec
          Start  930: GradedMeshCase.BuilderBuildsTheGradedMesh
 587/2029 Test #1715: CompressibleRelaxedMomentumTest.MismatchedVelocitySizeThrows .............................................   Passed    0.15 sec
          Start 2024: CaseEditingTest.MeshQualityIsReportedWhenACaseOpens
 588/2029 Test  #171: MultiBlockMeshInvalid.StructuralErrorsAreNamed ...........................................................   Passed    0.15 sec
          Start 1500: MMSErrorNormsTest.PressureGaugeRemoval
 589/2029 Test   #86: MeshQualityReport.ExpansionRatioOfAGeometricGradingIsItsRatio ............................................   Passed    0.14 sec
          Start  151: MeshGrading.RejectsNonPositiveOrNonFiniteLength
 590/2029 Test  #163: GradedMesh.InvalidGradingNeverBuildsAMesh ................................................................   Passed    0.14 sec
          Start  143: MeshGrading.OneSidedEndClusteringMirrorsStart
 591/2029 Test  #184: Cartesian3DMeshTest.StructuredGridMustMatchTheMeshDimension ..............................................   Passed    0.14 sec
          Start  118: StructuredQuadMesh.CarriesItsVertexGrid
 592/2029 Test   #89: MeshQualityReport.MultiBlockInterfaceExpansionIsMeasured .................................................   Passed    0.15 sec
          Start 1222: WallDistanceTest.ExactPerpendicularDistanceOnTiltedStructuredQuadMesh
 593/2029 Test  #299: BiCGSTABBreakdown.IllConditionedSystemIsSolvedAtAnyScale .................................................   Passed    0.13 sec
          Start 1493: ManufacturedFieldsTest.ScalarForcingExact
 594/2029 Test  #545: Operators3DTest.ThreeDimensionalCapableComponentsAcceptA3DMesh ...........................................   Passed    0.13 sec
          Start 1929: SpeciesConservationTest.OpenChannelSteadyStateInflowEqualsOutflowWithZeroSource
 595/2029 Test  #183: Cartesian3DMeshTest.DimensionIsThreeFor3DMeshesAndTwoForEvery2DBuilder ...................................   Passed    0.13 sec
          Start  935: MultiBlockCase.BoundariesMustConfigureExactlyTheMeshPatches
 596/2029 Test  #930: GradedMeshCase.BuilderBuildsTheGradedMesh ................................................................   Passed    0.13 sec
          Start  134: MeshValidity.DetectsCellListingAFaceItDoesNotOwnOrNeighbor
 597/2029 Test #2024: CaseEditingTest.MeshQualityIsReportedWhenACaseOpens ......................................................   Passed    0.13 sec
          Start  120: StructuredQuadMesh.MeshWithoutGridReportsNone
 598/2029 Test   #12: CFDAppCliMeshQualityDisconnectedIsFatal ..................................................................   Passed    0.21 sec
          Start  928: GradedMeshCase.WriterRoundTripsGradingExactly
 599/2029 Test #1880: ResultExportIntegrationTest.CsvFieldsMatchSimpleResultExactly ............................................   Passed    0.38 sec
          Start  139: MeshValidity.ProblemListIsBounded
 600/2029 Test #1884: ResultExportIntegrationTest.RepeatedExportIsByteIdenticalAcrossAllFiles ..................................   Passed    0.41 sec
          Start  133: MeshValidity.DetectsOpenCell
 601/2029 Test #1500: MMSErrorNormsTest.PressureGaugeRemoval ...................................................................   Passed    0.17 sec
          Start  916: MeshQualityCase.WarningMeshIsAcceptedNotRejected
 602/2029 Test  #151: MeshGrading.RejectsNonPositiveOrNonFiniteLength ..........................................................   Passed    0.17 sec
          Start  127: StructuredQuadMesh.RejectsClockwiseCells
 603/2029 Test  #143: MeshGrading.OneSidedEndClusteringMirrorsStart ............................................................   Passed    0.19 sec
          Start   46: Vector3Test.DotCrossAndMagnitudeUseZ
 604/2029 Test  #118: StructuredQuadMesh.CarriesItsVertexGrid ..................................................................   Passed    0.18 sec
          Start  330: LinearFallbackTest.PrimaryBiCGSTABGenuinelyBreaksDownOnIndefiniteSystem
 605/2029 Test #1222: WallDistanceTest.ExactPerpendicularDistanceOnTiltedStructuredQuadMesh ....................................   Passed    0.19 sec
          Start  914: MeshQualityCase.BuilderStoresTheProductionReportInTheSetup
 606/2029 Test #1493: ManufacturedFieldsTest.ScalarForcingExact ................................................................   Passed    0.19 sec
          Start 1128: ThermalBoundaryConsistency.SingularAllGradientCellReportsStatusInsteadOfThrowing
 607/2029 Test #1882: ResultExportIntegrationTest.VtkCellCountAndFieldsMatchSimpleResultExactly ................................   Passed    0.43 sec
          Start  931: GradedMeshCase.UniformGradingBuildsTheCartesianMesh
 608/2029 Test  #935: MultiBlockCase.BoundariesMustConfigureExactlyTheMeshPatches ..............................................   Passed    0.19 sec
          Start 1385: CompressibleMassFluxTest.UniformStateGivesUniformBoundaryDensityMatchingInterior
 609/2029 Test  #134: MeshValidity.DetectsCellListingAFaceItDoesNotOwnOrNeighbor ...............................................   Passed    0.20 sec
          Start   95: MeshQualityReport.BrokenConnectivityIsFatal
 610/2029 Test  #120: StructuredQuadMesh.MeshWithoutGridReportsNone ............................................................   Passed    0.19 sec
          Start  534: ObliqueNeumannGradient.ZeroGradientWallsLinearFieldIsExact
 611/2029 Test  #928: GradedMeshCase.WriterRoundTripsGradingExactly ............................................................   Passed    0.19 sec
          Start  572: GradientBoundaryConsistency.QuadraticFieldIsExactOnAlignedCartesianMeshes
 612/2029 Test  #139: MeshValidity.ProblemListIsBounded ........................................................................   Passed    0.18 sec
          Start  936: MultiBlockCase.WriterRoundTripsExactly
 613/2029 Test  #133: MeshValidity.DetectsOpenCell .............................................................................   Passed    0.18 sec
          Start  175: MultiBlockMeshInvalid.DisconnectedDomainFailsTheValidityGate
 614/2029 Test  #916: MeshQualityCase.WarningMeshIsAcceptedNotRejected .........................................................   Passed    0.18 sec
          Start   97: MeshQualityReport.BoundaryFaceMustBeInExactlyOnePatch
 615/2029 Test  #127: StructuredQuadMesh.RejectsClockwiseCells .................................................................   Passed    0.16 sec
          Start 1140: SparseAssembly3DTest.TwoByTwoByTwo
 616/2029 Test   #46: Vector3Test.DotCrossAndMagnitudeUseZ .....................................................................   Passed    0.16 sec
          Start 1139: SparseAssembly3DTest.TwoByTwoByOne
 617/2029 Test  #330: LinearFallbackTest.PrimaryBiCGSTABGenuinelyBreaksDownOnIndefiniteSystem ..................................   Passed    0.16 sec
          Start 1503: SampleErrorNormsTest.KnownValues
 618/2029 Test #1929: SpeciesConservationTest.OpenChannelSteadyStateInflowEqualsOutflowWithZeroSource ..........................   Passed    0.33 sec
          Start  908: StructuredQuadCase.CartesianCaseBuildsTheUnchangedCartesianMesh
 619/2029 Test  #914: MeshQualityCase.BuilderStoresTheProductionReportInTheSetup ...............................................   Passed    0.18 sec
          Start  924: GradedMeshCase.InvalidTypeClusterAndKeysAreRejected
 620/2029 Test #1128: ThermalBoundaryConsistency.SingularAllGradientCellReportsStatusInsteadOfThrowing .........................   Passed    0.17 sec
          Start  574: GradientBoundaryConsistency.GradientErrorIsContinuousInTheBoundaryMisalignment
 621/2029 Test  #931: GradedMeshCase.UniformGradingBuildsTheCartesianMesh ......................................................   Passed    0.16 sec
          Start  942: VTK3DTest.TwoCellConnectivityByHand
 622/2029 Test #1385: CompressibleMassFluxTest.UniformStateGivesUniformBoundaryDensityMatchingInterior .........................   Passed    0.17 sec
          Start  569: GradientBoundaryConsistency.LinearFieldIsReproducedOnOrthogonalAndDistortedMeshes
 623/2029 Test   #95: MeshQualityReport.BrokenConnectivityIsFatal ..............................................................   Passed    0.16 sec
          Start  926: GradedMeshCase.UnusableDistributionsAreRejectedBeforeMeshConstruction
 624/2029 Test  #534: ObliqueNeumannGradient.ZeroGradientWallsLinearFieldIsExact ...............................................   Passed    0.17 sec
          Start 2027: CaseEditingTest.NewCaseClearsTheMeshQuality
 625/2029 Test  #572: GradientBoundaryConsistency.QuadraticFieldIsExactOnAlignedCartesianMeshes ................................   Passed    0.19 sec
          Start  898: StructuredQuadCase.ParsesVertices
 626/2029 Test  #936: MultiBlockCase.WriterRoundTripsExactly ...................................................................   Passed    0.19 sec
          Start  129: StructuredQuadMesh.RejectsDegenerateCells
 627/2029 Test  #175: MultiBlockMeshInvalid.DisconnectedDomainFailsTheValidityGate .............................................   Passed    0.20 sec
          Start 1974: BackwardFacingStep.ReattachmentDetection
 628/2029 Test   #97: MeshQualityReport.BoundaryFaceMustBeInExactlyOnePatch ....................................................   Passed    0.21 sec
          Start  829: PhysicsCompatibilityTest.AllCompatibleModulesTogether
 629/2029 Test #1140: SparseAssembly3DTest.TwoByTwoByTwo .......................................................................   Passed    0.21 sec
          Start  826: PhysicsCompatibilityTest.SpeciesSupportedAlongsideCompressible
 630/2029 Test #1139: SparseAssembly3DTest.TwoByTwoByOne .......................................................................   Passed    0.22 sec
          Start  197: MeshMotionInvalid.FoldingSinusoidal2DIsRejectedNamingTheCell
 631/2029 Test #1503: SampleErrorNormsTest.KnownValues .........................................................................   Passed    0.21 sec
          Start  675: CaseReaderTest.CgTypeAndGpuBackendParseCorrectly
 632/2029 Test  #908: StructuredQuadCase.CartesianCaseBuildsTheUnchangedCartesianMesh ..........................................   Passed    0.21 sec
          Start  293: BiCGSTABTest.InvalidSystemWhenPreconditionerRejectsTheMatrix
 633/2029 Test  #924: GradedMeshCase.InvalidTypeClusterAndKeysAreRejected ......................................................   Passed    0.21 sec
          Start  318: LinearSolverFactoryTest.GpuBackendJacobiRequestNeverThrowsAndConverges
 634/2029 Test  #574: GradientBoundaryConsistency.GradientErrorIsContinuousInTheBoundaryMisalignment ...........................   Passed    0.21 sec
          Start  181: Cartesian3DMeshTest.BuildIsDeterministicAndFollowsTheDocumentedNumbering
 635/2029 Test  #942: VTK3DTest.TwoCellConnectivityByHand ......................................................................   Passed    0.21 sec
          Start  126: StructuredQuadMesh.RejectsFoldedCells
 636/2029 Test  #569: GradientBoundaryConsistency.LinearFieldIsReproducedOnOrthogonalAndDistortedMeshes ........................   Passed    0.21 sec
          Start  148: MeshGrading.NearUnityRatioTendsToUniform
 637/2029 Test  #926: GradedMeshCase.UnusableDistributionsAreRejectedBeforeMeshConstruction ....................................   Passed    0.22 sec
          Start  312: LinearSolverFactoryTest.DefaultSettingsSelectCpuBiCGSTAB
 638/2029 Test #2027: CaseEditingTest.NewCaseClearsTheMeshQuality ..............................................................   Passed    0.20 sec
          Start  927: GradedMeshCase.ImpossibleDomainOrCellCountIsRejected
 639/2029 Test  #898: StructuredQuadCase.ParsesVertices ........................................................................   Passed    0.19 sec
          Start  152: MeshGrading.RejectsInvalidRatios
 640/2029 Test  #129: StructuredQuadMesh.RejectsDegenerateCells ................................................................   Passed    0.18 sec
          Start  279: JacobiTest.RejectsNearZeroDiagonal
 641/2029 Test #1974: BackwardFacingStep.ReattachmentDetection .................................................................   Passed    0.19 sec
          Start  287: CGTest.InvalidSystemWhenPreconditionerRejectsTheMatrix
 642/2029 Test  #829: PhysicsCompatibilityTest.AllCompatibleModulesTogether ....................................................   Passed    0.19 sec
          Start  176: Cartesian3DMeshTest.TopologyCountsMatchIndependentFormulas
 643/2029 Test  #826: PhysicsCompatibilityTest.SpeciesSupportedAlongsideCompressible ...........................................   Passed    0.19 sec
          Start   40: GpuResidencyManagerCpuFallbackTest.ActiveMatchesCudaAvailable
 644/2029 Test  #197: MeshMotionInvalid.FoldingSinusoidal2DIsRejectedNamingTheCell .............................................   Passed    0.19 sec
          Start 1707: AlePisoMovingWall.InconsistentWallMotionIsRefusedAndTheMeshReverted
 645/2029 Test  #675: CaseReaderTest.CgTypeAndGpuBackendParseCorrectly .........................................................   Passed    0.20 sec
          Start  904: StructuredQuadCase.BoundaryVertexOffTheRectangleIsRejected
 646/2029 Test  #293: BiCGSTABTest.InvalidSystemWhenPreconditionerRejectsTheMatrix .............................................   Passed    0.20 sec
          Start  280: JacobiTest.AcceptsSmallButSafeDiagonal
 647/2029 Test  #318: LinearSolverFactoryTest.GpuBackendJacobiRequestNeverThrowsAndConverges ...................................   Passed    0.20 sec
          Start  116: StructuredQuadMesh.TrapezoidGeometryIsExact
 648/2029 Test  #181: Cartesian3DMeshTest.BuildIsDeterministicAndFollowsTheDocumentedNumbering .................................   Passed    0.20 sec
          Start   39: GpuBackendCpuFallbackTest.ResetIsANoOpWhenAlreadyZero
 649/2029 Test  #126: StructuredQuadMesh.RejectsFoldedCells ....................................................................   Passed    0.22 sec
          Start 1491: ManufacturedFieldsTest.PressureGradientExact
 650/2029 Test  #148: MeshGrading.NearUnityRatioTendsToUniform .................................................................   Passed    0.21 sec
          Start  314: LinearSolverFactoryTest.GpuBackendRequestNeverThrowsRegardlessOfDeviceAvailability
 651/2029 Test  #312: LinearSolverFactoryTest.DefaultSettingsSelectCpuBiCGSTAB .................................................   Passed    0.21 sec
          Start 1585: SIMPLEGpuResidencyTest.RepeatedOuterIterationsReuseGpuResidencyWithoutReallocating
 652/2029 Test  #927: GradedMeshCase.ImpossibleDomainOrCellCountIsRejected .....................................................   Passed    0.21 sec
          Start  836: PhysicsCompatibilityTest.RejectsMultiphaseCompressibleAndTurbulenceAllTogether
 653/2029 Test  #152: MeshGrading.RejectsInvalidRatios .........................................................................   Passed    0.22 sec
          Start  286: CGTest.RepeatedSolveRebuildsPreconditionerEachTime
 654/2029 Test  #279: JacobiTest.RejectsNearZeroDiagonal .......................................................................   Passed    0.22 sec
          Start  832: PhysicsCompatibilityTest.RejectsBuoyancyWithoutThermal
 655/2029 Test  #287: CGTest.InvalidSystemWhenPreconditionerRejectsTheMatrix ...................................................   Passed    0.20 sec
          Start 1388: CompressibleMassFluxTest.MismatchedPressureGaugeSizeThrows
 656/2029 Test  #176: Cartesian3DMeshTest.TopologyCountsMatchIndependentFormulas ...............................................   Passed    0.20 sec
          Start   85: MeshQualityReport.RotatingAValidMeshChangesNoMetric
 657/2029 Test   #40: GpuResidencyManagerCpuFallbackTest.ActiveMatchesCudaAvailable ............................................   Passed    0.21 sec
          Start  155: AxisSpacing.UniformUsesTheCartesianArithmetic
 658/2029 Test #1707: AlePisoMovingWall.InconsistentWallMotionIsRefusedAndTheMeshReverted ......................................   Passed    0.19 sec
          Start  831: PhysicsCompatibilityTest.RejectsMultiphaseTogetherWithTurbulence
 659/2029 Test  #904: StructuredQuadCase.BoundaryVertexOffTheRectangleIsRejected ...............................................   Passed    0.19 sec
          Start  554: AleOperators3D.UniformFieldIsAnExactSolutionOfTheAleOperator
 660/2029 Test  #280: JacobiTest.AcceptsSmallButSafeDiagonal ...................................................................   Passed    0.18 sec
          Start  119: StructuredQuadMesh.CartesianMeshCarriesItsLatticeGrid
 661/2029 Test  #116: StructuredQuadMesh.TrapezoidGeometryIsExact ..............................................................   Passed    0.18 sec
          Start  906: StructuredQuadCase.BuilderConstructsTheVertexMesh
 662/2029 Test   #39: GpuBackendCpuFallbackTest.ResetIsANoOpWhenAlreadyZero ....................................................   Passed    0.17 sec
          Start  947: Case3DTest.CaseWriterRoundTripIsLossless
 663/2029 Test #1491: ManufacturedFieldsTest.PressureGradientExact .............................................................   Passed    0.17 sec
          Start  167: MultiBlockMesh.LShapedDomainPatchesFollowTheListedSides
 664/2029 Test  #314: LinearSolverFactoryTest.GpuBackendRequestNeverThrowsRegardlessOfDeviceAvailability .......................   Passed    0.17 sec
          Start  144: MeshGrading.TwoSidedClusteringEvenCellCount
 665/2029 Test #1585: SIMPLEGpuResidencyTest.RepeatedOuterIterationsReuseGpuResidencyWithoutReallocating .......................   Passed    0.17 sec
          Start   98: MeshQualityReport.DisconnectedMeshIsFatal
 666/2029 Test  #286: CGTest.RepeatedSolveRebuildsPreconditionerEachTime .......................................................   Passed    0.16 sec
          Start  547: AleOperatorsStaticLimit.TimeDerivativeWithUnchangedVolumesIsTheStaticOne
 667/2029 Test  #836: PhysicsCompatibilityTest.RejectsMultiphaseCompressibleAndTurbulenceAllTogether ...........................   Passed    0.19 sec
          Start  946: Case3DTest.CaseBuilderBuildsTheHexahedralMeshAndThreeComponentState
 668/2029 Test  #832: PhysicsCompatibilityTest.RejectsBuoyancyWithoutThermal ...................................................   Passed    0.18 sec
          Start 2022: CaseEditingTest.UngradedCaseStaysUngradedThroughTheMeshEditor
 669/2029 Test #1388: CompressibleMassFluxTest.MismatchedPressureGaugeSizeThrows ...............................................   Passed    0.19 sec
          Start  194: MeshMotionGeometry.SinusoidalDeformation2D
 670/2029 Test   #85: MeshQualityReport.RotatingAValidMeshChangesNoMetric ......................................................   Passed    0.18 sec
          Start  178: Cartesian3DMeshTest.AreaVectorsHaveTheRightMagnitudeDirectionAndClosure
 671/2029 Test  #155: AxisSpacing.UniformUsesTheCartesianArithmetic ............................................................   Passed    0.20 sec
          Start  536: ObliqueNeumannGradient.CartesianMeshUnchangedAndExact
 672/2029 Test  #831: PhysicsCompatibilityTest.RejectsMultiphaseTogetherWithTurbulence .........................................   Passed    0.20 sec
          Start  941: VTK3DTest.HexahedralMeshAndFieldsRoundTrip
 673/2029 Test  #554: AleOperators3D.UniformFieldIsAnExactSolutionOfTheAleOperator .............................................   Passed    0.21 sec
          Start  576: GradientBoundaryConsistency.TwoBoundaryFacesClaimingOneOppositeFaceResolveDeterministically
 674/2029 Test  #119: StructuredQuadMesh.CartesianMeshCarriesItsLatticeGrid ....................................................   Passed    0.21 sec
          Start   44: Vector3Test.Vector2IsTheSameTypeWithZeroZ
 675/2029 Test  #906: StructuredQuadCase.BuilderConstructsTheVertexMesh ........................................................   Passed    0.23 sec
          Start  132: MeshValidity.DetectsInwardBoundaryFace
 676/2029 Test  #947: Case3DTest.CaseWriterRoundTripIsLossless .................................................................   Passed    0.23 sec
          Start  542: Operators3DTest.DivergenceFreeMassFluxBalancesInEveryCell
 677/2029 Test  #167: MultiBlockMesh.LShapedDomainPatchesFollowTheListedSides ..................................................   Passed    0.22 sec
          Start  940: MultiBlockCase.JsonMetadataListsTheBlocks
 678/2029 Test  #144: MeshGrading.TwoSidedClusteringEvenCellCount ..............................................................   Passed    0.23 sec
          Start  124: StructuredQuadMesh.RejectsWrongVertexCount
 679/2029 Test   #98: MeshQualityReport.DisconnectedMeshIsFatal ................................................................   Passed    0.22 sec
          Start  145: MeshGrading.TwoSidedClusteringOddCellCount
 680/2029 Test  #547: AleOperatorsStaticLimit.TimeDerivativeWithUnchangedVolumesIsTheStaticOne .................................   Passed    0.21 sec
          Start  535: ObliqueNeumannGradient.NonZeroPrescribedGradientsLinearFieldIsExact
 681/2029 Test  #946: Case3DTest.CaseBuilderBuildsTheHexahedralMeshAndThreeComponentState ......................................   Passed    0.22 sec
          Start 2020: CaseEditingTest.GradingRoundTripsThroughEditSaveReopen
 682/2029 Test #2022: CaseEditingTest.UngradedCaseStaysUngradedThroughTheMeshEditor ............................................   Passed    0.22 sec
          Start  939: MultiBlockCase.VtkWritesBlockVerticesAndCellCorners
 683/2029 Test  #194: MeshMotionGeometry.SinusoidalDeformation2D ...............................................................   Passed    0.22 sec
          Start  135: MeshValidity.DetectsCellWithTooFewFaces
 684/2029 Test  #178: Cartesian3DMeshTest.AreaVectorsHaveTheRightMagnitudeDirectionAndClosure ..................................   Passed    0.22 sec
          Start  564: BoundaryReconstruction.NeumannAndUncorrectedCallsAreUnchanged
 685/2029 Test  #536: ObliqueNeumannGradient.CartesianMeshUnchangedAndExact ....................................................   Passed    0.21 sec
          Start  948: Case3DTest.TwoDimensionalCaseWritesNoThreeDimensionalKeys
 686/2029 Test  #941: VTK3DTest.HexahedralMeshAndFieldsRoundTrip ...............................................................   Passed    0.21 sec
          Start   88: MeshQualityReport.WorstEntityIsTheArgmaxOfTheMeshGeometryDefinition
 687/2029 Test  #576: GradientBoundaryConsistency.TwoBoundaryFacesClaimingOneOppositeFaceResolveDeterministically ..............   Passed    0.20 sec
          Start  131: MeshValidity.DetectsInvertedInternalFace
 688/2029 Test   #44: Vector3Test.Vector2IsTheSameTypeWithZeroZ ................................................................   Passed    0.20 sec
          Start  944: Case3DTest.ParsesTheThreeDimensionalCaseFormat
 689/2029 Test  #132: MeshValidity.DetectsInwardBoundaryFace ...................................................................   Passed    0.19 sec
          Start 1126: ThermalBoundaryConsistency.ConvergedFieldIsConsistentWithItsBoundaryValues
 690/2029 Test  #542: Operators3DTest.DivergenceFreeMassFluxBalancesInEveryCell ................................................   Passed    0.20 sec
          Start  553: AleOperatorsHandDerived.TwoCellsWithAMovingInternalFaceIncludingUpwindReversal
 691/2029 Test  #940: MultiBlockCase.JsonMetadataListsTheBlocks ................................................................   Passed    0.20 sec
          Start  138: MeshValidity.EntitiesRejectNonFiniteAndNonPositiveGeometry
 692/2029 Test  #124: StructuredQuadMesh.RejectsWrongVertexCount ...............................................................   Passed    0.21 sec
          Start  136: MeshValidity.DetectsBoundaryFaceInNoPatchOrInTwo
 693/2029 Test  #145: MeshGrading.TwoSidedClusteringOddCellCount ...............................................................   Passed    0.20 sec
          Start  951: Case3DTest.RejectsPhysicsThat3DDoesNotSupport
 694/2029 Test  #535: ObliqueNeumannGradient.NonZeroPrescribedGradientsLinearFieldIsExact ......................................   Passed    0.20 sec
          Start 1867: Duct3DProductionCase.SeriesReproducesTheSquareDuctConstants
 695/2029 Test  #939: MultiBlockCase.VtkWritesBlockVerticesAndCellCorners ......................................................   Passed    0.18 sec
          Start  558: BoundaryInwardStencil.SingleCellMeshHasNoStencilAnywhere
 696/2029 Test  #135: MeshValidity.DetectsCellWithTooFewFaces ..................................................................   Passed    0.19 sec
          Start  117: StructuredQuadMesh.DistortedMeshIsConservativeAndGenuinelyNonOrthogonal
 697/2029 Test  #564: BoundaryReconstruction.NeumannAndUncorrectedCallsAreUnchanged ............................................   Passed    0.19 sec
          Start 1137: SparseAssembly3DTest.TwoCellsInX
 698/2029 Test  #948: Case3DTest.TwoDimensionalCaseWritesNoThreeDimensionalKeys ................................................   Passed    0.20 sec
          Start   90: MeshQualityReport.WarningsAreAggregatedPerMetricWithTheWorstEntity
 699/2029 Test   #88: MeshQualityReport.WorstEntityIsTheArgmaxOfTheMeshGeometryDefinition ......................................   Passed    0.19 sec
          Start  179: Cartesian3DMeshTest.CentroidsAreBoxAndRectangleCentres
 700/2029 Test  #131: MeshValidity.DetectsInvertedInternalFace .................................................................   Passed    0.19 sec
          Start  188: MeshMotionStatic.StationaryMotionLeavesEveryMeshBitwiseUnchanged
 701/2029 Test #2020: CaseEditingTest.GradingRoundTripsThroughEditSaveReopen ...................................................   Passed    0.28 sec
          Start  546: Operators3DTest.TwoDimensionalOnlyComponentsRefuseA3DMesh
 702/2029 Test  #944: Case3DTest.ParsesTheThreeDimensionalCaseFormat ...........................................................   Passed    0.21 sec
          Start 2019: CaseEditingTest.StructuredQuadResolutionChangeWithoutVerticesIsInvalid
 703/2029 Test #1126: ThermalBoundaryConsistency.ConvergedFieldIsConsistentWithItsBoundaryValues ...............................   Passed    0.20 sec
          Start 2018: CaseEditingTest.StructuredQuadVerticesSurviveEditSaveReopen
 704/2029 Test  #553: AleOperatorsHandDerived.TwoCellsWithAMovingInternalFaceIncludingUpwindReversal ...........................   Passed    0.18 sec
          Start   92: MeshQualityReport.SkewnessAndExpansionWarningsUseTheirThresholds
 705/2029 Test  #138: MeshValidity.EntitiesRejectNonFiniteAndNonPositiveGeometry ...............................................   Passed    0.19 sec
          Start  191: MeshMotionKernel.AMeshWithoutAStructuredGridCannotMove
 706/2029 Test  #136: MeshValidity.DetectsBoundaryFaceInNoPatchOrInTwo .........................................................   Passed    0.22 sec
          Start  157: AxisSpacing.FromNodesGivesCentresAndWidths
 707/2029 Test  #951: Case3DTest.RejectsPhysicsThat3DDoesNotSupport ............................................................   Passed    0.22 sec
          Start   83: MeshQualityReport.UniformSquareMeshHasTheIdealValueOfEveryMetric
 708/2029 Test #1867: Duct3DProductionCase.SeriesReproducesTheSquareDuctConstants ..............................................   Passed    0.23 sec
          Start 2025: CaseEditingTest.MeshQualityWarningsAppearInTheValidationPanel
 709/2029 Test  #558: BoundaryInwardStencil.SingleCellMeshHasNoStencilAnywhere .................................................   Passed    0.22 sec
          Start  196: MeshMotionGeometry.MultiBlockInterfaceStaysConformal
 710/2029 Test  #117: StructuredQuadMesh.DistortedMeshIsConservativeAndGenuinelyNonOrthogonal ..................................   Passed    0.22 sec
          Start  182: Cartesian3DMeshTest.SixPatchesPartitionTheBoundaryWithOutwardNormals
 711/2029 Test #1137: SparseAssembly3DTest.TwoCellsInX .........................................................................   Passed    0.22 sec
          Start   91: MeshQualityReport.NonOrthogonalityBeyondSeventyDegreesIsAWarningNotAnError
 712/2029 Test   #90: MeshQualityReport.WarningsAreAggregatedPerMetricWithTheWorstEntity .......................................   Passed    0.21 sec
          Start  185: Cartesian3DMeshTest.InvalidDimensionsAndExtentsAreRejected
 713/2029 Test  #179: Cartesian3DMeshTest.CentroidsAreBoxAndRectangleCentres ...................................................   Passed    0.21 sec
          Start  159: GradedMesh.UniformGradingIsTheCartesianMeshBitForBit
 714/2029 Test  #188: MeshMotionStatic.StationaryMotionLeavesEveryMeshBitwiseUnchanged .........................................   Passed    0.20 sec
          Start  147: MeshGrading.RatioOneIsExactlyUniform
 715/2029 Test  #546: Operators3DTest.TwoDimensionalOnlyComponentsRefuseA3DMesh ................................................   Passed    0.21 sec
          Start 1132: ConjugateBoundaryEquivalence.SingleRegionMatchesSingleMaterialIn3D
 716/2029 Test #2019: CaseEditingTest.StructuredQuadResolutionChangeWithoutVerticesIsInvalid ...................................   Passed    0.21 sec
          Start  575: GradientBoundaryConsistency.CellWithoutAnOppositeInteriorFaceFallsBackAndStaysExact
 717/2029 Test #2018: CaseEditingTest.StructuredQuadVerticesSurviveEditSaveReopen ..............................................   Passed    0.21 sec
          Start  204: MeshGeometryUpdate.RevertRestoresTheGeometryBitwiseAndIsIdempotent
 718/2029 Test   #92: MeshQualityReport.SkewnessAndExpansionWarningsUseTheirThresholds .........................................   Passed    0.21 sec
          Start 1855: MeshQualityCampaign.ManufacturedSolutionSatisfiesTheCaseBoundaryConditions
 719/2029 Test  #191: MeshMotionKernel.AMeshWithoutAStructuredGridCannotMove ...................................................   Passed    0.18 sec
          Start 1134: ConjugateBoundaryEquivalence.SingleRegionMatchesSingleMaterialOnADistortedMesh
 720/2029 Test  #157: AxisSpacing.FromNodesGivesCentresAndWidths ...............................................................   Passed    0.17 sec
          Start  156: AxisSpacing.GradedUniformOrUnitRatioIsTheUniformSpacing
 721/2029 Test   #83: MeshQualityReport.UniformSquareMeshHasTheIdealValueOfEveryMetric .........................................   Passed    0.17 sec
          Start  154: MeshGrading.RejectsVanishingCells
 722/2029 Test #2025: CaseEditingTest.MeshQualityWarningsAppearInTheValidationPanel ............................................   Passed    0.17 sec
          Start 2021: CaseEditingTest.GradingValidationAndCellInfo
 723/2029 Test  #196: MeshMotionGeometry.MultiBlockInterfaceStaysConformal .....................................................   Passed    0.17 sec
          Start  150: MeshGrading.RejectsZeroCells
 724/2029 Test  #182: Cartesian3DMeshTest.SixPatchesPartitionTheBoundaryWithOutwardNormals .....................................   Passed    0.17 sec
          Start 1127: ThermalBoundaryConsistency.ConjugateConductionPathIsConsistentToo
 725/2029 Test   #91: MeshQualityReport.NonOrthogonalityBeyondSeventyDegreesIsAWarningNotAnError ...............................   Passed    0.17 sec
          Start  172: MultiBlockMeshInvalid.InvalidCellsAreNamed
 726/2029 Test  #185: Cartesian3DMeshTest.InvalidDimensionsAndExtentsAreRejected ...............................................   Passed    0.17 sec
          Start  140: MeshValidity.EveryCartesianAndStructuredQuadMeshIsValid
 727/2029 Test  #159: GradedMesh.UniformGradingIsTheCartesianMeshBitForBit .....................................................   Passed    0.17 sec
          Start   99: MeshQualityReport.FatalIssuesAreCappedWithACountOfTheRest
 728/2029 Test  #147: MeshGrading.RatioOneIsExactlyUniform .....................................................................   Passed    0.16 sec
          Start  537: Operators3DTest.InterpolationIsExactForConstantAndLinearFields
 729/2029 Test #1132: ConjugateBoundaryEquivalence.SingleRegionMatchesSingleMaterialIn3D .......................................   Passed    0.16 sec
          Start  146: MeshGrading.InvariantsHoldForEveryDistribution
 730/2029 Test  #575: GradientBoundaryConsistency.CellWithoutAnOppositeInteriorFaceFallsBackAndStaysExact ......................   Passed    0.16 sec
          Start  177: Cartesian3DMeshTest.CellVolumesAreBoxVolumesAndSumToTheDomain
 731/2029 Test  #204: MeshGeometryUpdate.RevertRestoresTheGeometryBitwiseAndIsIdempotent .......................................   Passed    0.16 sec
          Start  149: MeshGrading.ConstructionIsDeterministic
 732/2029 Test #1855: MeshQualityCampaign.ManufacturedSolutionSatisfiesTheCaseBoundaryConditions ...............................   Passed    0.16 sec
          Start  201: MeshMotionInvalid.AdvanceMustMoveForwardInTime
 733/2029 Test #1134: ConjugateBoundaryEquivalence.SingleRegionMatchesSingleMaterialOnADistortedMesh ...........................   Passed    0.16 sec
          Start 1136: SparseAssembly3DTest.OneCell
 734/2029 Test  #156: AxisSpacing.GradedUniformOrUnitRatioIsTheUniformSpacing ..................................................   Passed    0.17 sec
          Start   84: MeshQualityReport.AspectRatioOfARectangleIsItsSideRatio
 735/2029 Test  #154: MeshGrading.RejectsVanishingCells ........................................................................   Passed    0.16 sec
          Start  949: Case3DTest.RejectsMalformedMeshAndGeometry
 736/2029 Test  #150: MeshGrading.RejectsZeroCells .............................................................................   Passed    0.15 sec
          Start  199: MeshMotionInvalid.CollapsingCellsAreRejectedNamingTheCell
 737/2029 Test #2021: CaseEditingTest.GradingValidationAndCellInfo .............................................................   Passed    0.19 sec
          Start  198: MeshMotionInvalid.FoldingSinusoidal3DIsRejectedNamingTheCellAndCorner
 738/2029 Test #1127: ThermalBoundaryConsistency.ConjugateConductionPathIsConsistentToo ........................................   Passed    0.17 sec
          Start  200: MeshMotionInvalid.OutOfPlaneMotionOfA2DMeshIsRejected
 739/2029 Test  #172: MultiBlockMeshInvalid.InvalidCellsAreNamed ...............................................................   Passed    0.17 sec
          Start  186: Cartesian3DMeshTest.FingerprintSeesZIn3DAndKeeps2DValues
 740/2029 Test  #140: MeshValidity.EveryCartesianAndStructuredQuadMeshIsValid ..................................................   Passed    0.18 sec
          Start   96: MeshQualityReport.ReversedFaceOrientationIsFatal
 741/2029 Test   #99: MeshQualityReport.FatalIssuesAreCappedWithACountOfTheRest ................................................   Passed    0.18 sec
          Start  137: MeshValidity.DetectsPatchListingAnInternalFace
 742/2029 Test  #537: Operators3DTest.InterpolationIsExactForConstantAndLinearFields ...........................................   Passed    0.18 sec
          Start  567: BoundaryReconstruction.ReproducesTheDiffusionOperatorsThreePointFormula
 743/2029 Test  #146: MeshGrading.InvariantsHoldForEveryDistribution ...........................................................   Passed    0.18 sec
          Start  180: Cartesian3DMeshTest.EachCellHasSixFacesInCanonicalOrderAndEachFaceItsOwners
 744/2029 Test  #177: Cartesian3DMeshTest.CellVolumesAreBoxVolumesAndSumToTheDomain ............................................   Passed    0.17 sec
          Start  566: BoundaryReconstruction.AssembledThermalSystemMatchesTheHandDerivedOne
 745/2029 Test  #149: MeshGrading.ConstructionIsDeterministic ..................................................................   Passed    0.17 sec
          Start 1431: VisualizationSnapshotTest.MultiphaseCaseExposesMixtureFieldsLiveAndReloaded
 746/2029 Test  #201: MeshMotionInvalid.AdvanceMustMoveForwardInTime ...........................................................   Passed    0.17 sec
          Start  825: PhysicsCompatibilityTest.SpeciesSupportedAlongsideMultiphase
 747/2029 Test #1136: SparseAssembly3DTest.OneCell .............................................................................   Passed    0.16 sec
          Start  830: PhysicsCompatibilityTest.RejectsMultiphaseTogetherWithCompressible
 748/2029 Test   #84: MeshQualityReport.AspectRatioOfARectangleIsItsSideRatio ..................................................   Passed    0.15 sec
          Start   43: GpuResidencyManagerCpuFallbackTest.MoveConstructionAndAssignmentAreSafe
 749/2029 Test  #949: Case3DTest.RejectsMalformedMeshAndGeometry ...............................................................   Passed    0.15 sec
          Start  174: MultiBlockMeshInvalid.OverlapsAndUndeclaredContactsAreRejected
 750/2029 Test  #199: MeshMotionInvalid.CollapsingCellsAreRejectedNamingTheCell ................................................   Passed    0.15 sec
          Start  161: GradedMesh.VertexGridIsTheGradedNodes
 751/2029 Test  #198: MeshMotionInvalid.FoldingSinusoidal3DIsRejectedNamingTheCellAndCorner ....................................   Passed    0.15 sec
          Start  165: MultiBlockMesh.InterfaceFacesAreSingleInternalFacesOwnedByTheFirstBlock
 752/2029 Test  #200: MeshMotionInvalid.OutOfPlaneMotionOfA2DMeshIsRejected ....................................................   Passed    0.14 sec
          Start  562: BoundaryReconstruction.IsExactForALinearFieldAndForAQuadraticOne
 753/2029 Test  #186: Cartesian3DMeshTest.FingerprintSeesZIn3DAndKeeps2DValues .................................................   Passed    0.14 sec
          Start  316: LinearSolverFactoryTest.CpuJacobiPreconditionerTypeMatchesExplicitJacobiPreconditioner
 754/2029 Test   #96: MeshQualityReport.ReversedFaceOrientationIsFatal .........................................................   Passed    0.14 sec
          Start 1131: ConjugateBoundaryEquivalence.SingleRegionMatchesSingleMaterialOn20x20
 755/2029 Test  #137: MeshValidity.DetectsPatchListingAnInternalFace ...........................................................   Passed    0.14 sec
          Start 2004: CaseEditingTest.ValidateDraftExtractsTheOffendingFieldName
 756/2029 Test  #567: BoundaryReconstruction.ReproducesTheDiffusionOperatorsThreePointFormula ..................................   Passed    0.14 sec
          Start  551: AleOperatorsStaticLimit.ThreeDimensionalConvectionAndTimeTermStaticLimit
 757/2029 Test  #180: Cartesian3DMeshTest.EachCellHasSixFacesInCanonicalOrderAndEachFaceItsOwners ..............................   Passed    0.14 sec
          Start  187: Cartesian3DMeshTest.RequireTwoDimensionalNamesTheComponent
 758/2029 Test  #566: BoundaryReconstruction.AssembledThermalSystemMatchesTheHandDerivedOne ....................................   Passed    0.14 sec
          Start   87: MeshQualityReport.ShearedMeshHasTheShearAngleOnEveryFace
 759/2029 Test #1431: VisualizationSnapshotTest.MultiphaseCaseExposesMixtureFieldsLiveAndReloaded ..............................   Passed    0.14 sec
          Start  799: MultiphaseCaseTest.NonMultiphaseFixtureHasNoMultiphaseConfig
 760/2029 Test  #825: PhysicsCompatibilityTest.SpeciesSupportedAlongsideMultiphase .............................................   Passed    0.15 sec
          Start 1992: CaseEditingTest.GettersReflectTheOpenedCaseBeforeAnyEdit
 761/2029 Test  #830: PhysicsCompatibilityTest.RejectsMultiphaseTogetherWithCompressible .......................................   Passed    0.15 sec
          Start  168: MultiBlockMesh.InternalSolidRegionIsAHoleBoundedByItsPatch
 762/2029 Test   #43: GpuResidencyManagerCpuFallbackTest.MoveConstructionAndAssignmentAreSafe ..................................   Passed    0.16 sec
          Start  827: PhysicsCompatibilityTest.CompressibleSupportedAlongsideBuoyancy
 763/2029 Test  #174: MultiBlockMeshInvalid.OverlapsAndUndeclaredContactsAreRejected ...........................................   Passed    0.15 sec
          Start  203: MeshGeometryUpdate.RejectsInvalidGeometryAndChangesNothing
 764/2029 Test  #161: GradedMesh.VertexGridIsTheGradedNodes ....................................................................   Passed    0.15 sec
          Start  141: MeshGrading.UniformIsEqualWidths
 765/2029 Test  #165: MultiBlockMesh.InterfaceFacesAreSingleInternalFacesOwnedByTheFirstBlock ..................................   Passed    0.16 sec
          Start 1588: SIMPLEGpuSolverTest.RepeatedOuterIterationsReuseGpuSolverBuffersWithoutReallocating
 766/2029 Test  #562: BoundaryReconstruction.IsExactForALinearFieldAndForAQuadraticOne .........................................   Passed    0.16 sec
          Start  543: Operators3DTest.ConvectionPreservesAConstantWithEveryScheme
 767/2029 Test  #316: LinearSolverFactoryTest.CpuJacobiPreconditionerTypeMatchesExplicitJacobiPreconditioner ...................   Passed    0.17 sec
          Start  158: AxisSpacing.FromNodesRejectsInvalidNodes
 768/2029 Test #1131: ConjugateBoundaryEquivalence.SingleRegionMatchesSingleMaterialOn20x20 ....................................   Passed    0.16 sec
          Start  950: Case3DTest.RejectsVelocitiesOfTheWrongDimensionAndTwoDimensionalPatchNames
 769/2029 Test #2004: CaseEditingTest.ValidateDraftExtractsTheOffendingFieldName ...............................................   Passed    0.17 sec
          Start  540: Operators3DTest.ExplicitDiffusionIsExactForAQuadraticField
 770/2029 Test  #551: AleOperatorsStaticLimit.ThreeDimensionalConvectionAndTimeTermStaticLimit .................................   Passed    0.17 sec
          Start 1138: SparseAssembly3DTest.TwoCellsWithUpwindConvectionAndAZeroGradientOutlet
 771/2029 Test  #187: Cartesian3DMeshTest.RequireTwoDimensionalNamesTheComponent ...............................................   Passed    0.18 sec
          Start 2005: CaseEditingTest.ValidationIssuesIsEmptyWhenValid
 772/2029 Test   #87: MeshQualityReport.ShearedMeshHasTheShearAngleOnEveryFace .................................................   Passed    0.18 sec
          Start   37: GpuBackendCpuFallbackTest.CudaAvailableNeverThrows
 773/2029 Test  #799: MultiphaseCaseTest.NonMultiphaseFixtureHasNoMultiphaseConfig .............................................   Passed    0.18 sec
          Start  828: PhysicsCompatibilityTest.CompressibleSupportedAlongsideTurbulence
 774/2029 Test #1992: CaseEditingTest.GettersReflectTheOpenedCaseBeforeAnyEdit .................................................   Passed    0.18 sec
          Start 1998: CaseEditingTest.SetBoundaryConfigOnlyKeepsTheFourCanonicalPatches
 775/2029 Test  #168: MultiBlockMesh.InternalSolidRegionIsAHoleBoundedByItsPatch ...............................................   Passed    0.18 sec
          Start 1999: CaseEditingTest.SetSolverConfigRoundTripsToleranceAndLinearSolver
 776/2029 Test  #827: PhysicsCompatibilityTest.CompressibleSupportedAlongsideBuoyancy ..........................................   Passed    0.18 sec
          Start 1584: SIMPLEGpuResidencyTest.EnablingResidencyDoesNotChangeTheComputedResult
 777/2029 Test  #203: MeshGeometryUpdate.RejectsInvalidGeometryAndChangesNothing ...............................................   Passed    0.19 sec
          Start 2002: CaseEditingTest.ValidateDraftOnAValidOpenedCaseReportsValid
 778/2029 Test  #141: MeshGrading.UniformIsEqualWidths .........................................................................   Passed    0.18 sec
          Start 2006: CaseEditingTest.ValidationIssuesCarriesOneStructuredEntryWhenInvalid
 779/2029 Test #1588: SIMPLEGpuSolverTest.RepeatedOuterIterationsReuseGpuSolverBuffersWithoutReallocating ......................   Passed    0.19 sec
          Start 1994: CaseEditingTest.SetMeshAndGeometryCommitsAndEmitsCaseChanged
 780/2029 Test  #543: Operators3DTest.ConvectionPreservesAConstantWithEveryScheme ..............................................   Passed    0.19 sec
          Start 2010: CaseEditingTest.TypeHasValueMatchesTheDocumentedSubsetOnly
 781/2029 Test  #158: AxisSpacing.FromNodesRejectsInvalidNodes .................................................................   Passed    0.18 sec
          Start  100: MeshQualityReport.IdenticalMeshesGiveIdenticalReports
 782/2029 Test  #950: Case3DTest.RejectsVelocitiesOfTheWrongDimensionAndTwoDimensionalPatchNames ...............................   Passed    0.19 sec
          Start 1854: MeshQualityCampaign.ManufacturedForcingMatchesFiniteDifferences
 783/2029 Test  #540: Operators3DTest.ExplicitDiffusionIsExactForAQuadraticField ...............................................   Passed    0.19 sec
          Start 2001: CaseEditingTest.SetCaseMetadataUpdatesNameAndDescriptionOnly
 784/2029 Test #1138: SparseAssembly3DTest.TwoCellsWithUpwindConvectionAndAZeroGradientOutlet ..................................   Passed    0.18 sec
          Start 2012: CaseEditingTest.MeshCellInfoNeverDividesByZero
 785/2029 Test #2005: CaseEditingTest.ValidationIssuesIsEmptyWhenValid .........................................................   Passed    0.18 sec
          Start  313: LinearSolverFactoryTest.CgTypeSelectsCpuCG
 786/2029 Test   #37: GpuBackendCpuFallbackTest.CudaAvailableNeverThrows .......................................................   Passed    0.17 sec
          Start  244: Fields3DTest.ScalarFieldsSampleLinearFieldsWithExactVolumeMeans
 787/2029 Test  #828: PhysicsCompatibilityTest.CompressibleSupportedAlongsideTurbulence ........................................   Passed    0.17 sec
          Start 2011: CaseEditingTest.MeshCellInfoComputesCountAndSpacing
 788/2029 Test #1998: CaseEditingTest.SetBoundaryConfigOnlyKeepsTheFourCanonicalPatches ........................................   Passed    0.17 sec
          Start 1996: CaseEditingTest.SetOnAnUnloadedControllerIsANoOp
 789/2029 Test #1999: CaseEditingTest.SetSolverConfigRoundTripsToleranceAndLinearSolver ........................................   Passed    0.16 sec
          Start   47: Vector3Test.IsFiniteChecksEveryComponent
 790/2029 Test #1584: SIMPLEGpuResidencyTest.EnablingResidencyDoesNotChangeTheComputedResult ...................................   Passed    0.16 sec
          Start   94: MeshQualityReport.DegenerateCellsAndFacesCannotBeConstructed
 791/2029 Test #2002: CaseEditingTest.ValidateDraftOnAValidOpenedCaseReportsValid ..............................................   Passed    0.15 sec
          Start 1384: CompressibleMassFluxTest.ThrowsOnNonPositiveBoundaryTemperature
 792/2029 Test #2006: CaseEditingTest.ValidationIssuesCarriesOneStructuredEntryWhenInvalid .....................................   Passed    0.15 sec
          Start  164: MultiBlockMesh.TwoBlockRectangleIsTheSingleBlockMeshRenumbered
 793/2029 Test #1994: CaseEditingTest.SetMeshAndGeometryCommitsAndEmitsCaseChanged .............................................   Passed    0.14 sec
          Start  315: LinearSolverFactoryTest.GpuBackendReportsAvailabilityConsistentlyAndFallsBackDeterministically
 794/2029 Test #2010: CaseEditingTest.TypeHasValueMatchesTheDocumentedSubsetOnly ...............................................   Passed    0.14 sec
          Start  806: MultiphaseCaseTest.RejectsTopLevelViscosityAboveBothPhases
 795/2029 Test  #100: MeshQualityReport.IdenticalMeshesGiveIdenticalReports ....................................................   Passed    0.13 sec
          Start  166: MultiBlockMesh.RotatedBlocksAndReversedInterfacesConnectAdjacentCells
 796/2029 Test #1854: MeshQualityCampaign.ManufacturedForcingMatchesFiniteDifferences ..........................................   Passed    0.13 sec
          Start  541: Operators3DTest.ExplicitDiffusionWithZeroFluxBoundariesConservesGlobally
 797/2029 Test #2001: CaseEditingTest.SetCaseMetadataUpdatesNameAndDescriptionOnly .............................................   Passed    0.13 sec
          Start 1997: CaseEditingTest.SetPhysicsConfigRoundTripsAThermalBlock
 798/2029 Test #2012: CaseEditingTest.MeshCellInfoNeverDividesByZero ...........................................................   Passed    0.14 sec
          Start 2003: CaseEditingTest.ValidateDraftOnAFreshEmptyCaseReportsInvalidWithASection
 799/2029 Test  #313: LinearSolverFactoryTest.CgTypeSelectsCpuCG ...............................................................   Passed    0.14 sec
          Start  544: Operators3DTest.HigherOrderConvectionIsExactForALinearFieldAwayFromTheBoundary
 800/2029 Test  #244: Fields3DTest.ScalarFieldsSampleLinearFieldsWithExactVolumeMeans ..........................................   Passed    0.14 sec
          Start 1812: MultiphaseProductionCaseTest.MissingCaseDirectoryReportsInvalidCase
 801/2029 Test #2011: CaseEditingTest.MeshCellInfoComputesCountAndSpacing ......................................................   Passed    0.14 sec
          Start  548: AleOperatorsStaticLimit.RelativeFluxWithoutMeshMotionIsTheFlux
 802/2029 Test #1996: CaseEditingTest.SetOnAnUnloadedControllerIsANoOp .........................................................   Passed    0.14 sec
          Start  561: BoundaryReconstruction.ReproducesTheUniformThreePointFormula
 803/2029 Test   #47: Vector3Test.IsFiniteChecksEveryComponent .................................................................   Passed    0.15 sec
          Start 1970: MMSSimple3DTest.ForcingMatchesFiniteDifferencesOfClosedForms
 804/2029 Test   #94: MeshQualityReport.DegenerateCellsAndFacesCannotBeConstructed .............................................   Passed    0.16 sec
          Start  202: MeshMotionInvalid.MotionMustStartAtTheReferencePosition
 805/2029 Test #1384: CompressibleMassFluxTest.ThrowsOnNonPositiveBoundaryTemperature ..........................................   Passed    0.15 sec
          Start  559: BoundaryInwardStencil.RejectsInternalFace
 806/2029 Test  #164: MultiBlockMesh.TwoBlockRectangleIsTheSingleBlockMeshRenumbered ...........................................   Passed    0.15 sec
          Start 1618: SIMPLE3D.MomentumSystemsArePermutationSymmetric
 807/2029 Test  #315: LinearSolverFactoryTest.GpuBackendReportsAvailabilityConsistentlyAndFallsBackDeterministically ...........   Passed    0.16 sec
          Start   48: Vector3Test.TwoDimensionalResultsAreBitwiseTheFormerFormulas
 808/2029 Test  #806: MultiphaseCaseTest.RejectsTopLevelViscosityAboveBothPhases ...............................................   Passed    0.17 sec
          Start  192: MeshMotionGeometry.AffineMotionsGiveTheExactAffineImage2D
 809/2029 Test  #166: MultiBlockMesh.RotatedBlocksAndReversedInterfacesConnectAdjacentCells ....................................   Passed    0.18 sec
          Start  190: MeshMotionKernel.TopologyMapWeldsMultiBlockInterfaceVertices
 810/2029 Test  #541: Operators3DTest.ExplicitDiffusionWithZeroFluxBoundariesConservesGlobally .................................   Passed    0.18 sec
          Start 2026: CaseEditingTest.InvalidMeshShowsAnInvalidMeshQualityWithTheReason
 811/2029 Test #1997: CaseEditingTest.SetPhysicsConfigRoundTripsAThermalBlock ..................................................   Passed    0.18 sec
          Start  555: BoundaryInwardStencil.UniformCartesianGivesHalfAndThreeHalfCellHeights
 812/2029 Test #2003: CaseEditingTest.ValidateDraftOnAFreshEmptyCaseReportsInvalidWithASection .................................   Passed    0.18 sec
          Start 1623: SIMPLE3D.ReducedSystemTwoByOneByOneMatchesHandDerivation
 813/2029 Test  #548: AleOperatorsStaticLimit.RelativeFluxWithoutMeshMotionIsTheFlux ...........................................   Passed    0.16 sec
          Start 1622: SIMPLE3D.RhieChowSeesTheCheckerboardTheLinearFluxCannot
 814/2029 Test  #544: Operators3DTest.HigherOrderConvectionIsExactForALinearFieldAwayFromTheBoundary ...........................   Passed    0.19 sec
          Start 1621: SIMPLE3D.RhieChowVanishesForALinearPressureField
 815/2029 Test #1812: MultiphaseProductionCaseTest.MissingCaseDirectoryReportsInvalidCase ......................................   Passed    0.19 sec
          Start  563: BoundaryReconstruction.FallsBackToTheTwoPointFormWithoutAStencil
 816/2029 Test  #561: BoundaryReconstruction.ReproducesTheUniformThreePointFormula .............................................   Passed    0.18 sec
          Start   93: MeshQualityReport.NonOrthogonalMeshGetsAnInformationalCorrectionAdvice
 817/2029 Test #1970: MMSSimple3DTest.ForcingMatchesFiniteDifferencesOfClosedForms .............................................   Passed    0.19 sec
          Start  560: BoundaryReconstruction.CoefficientsMatchHandDerivedUniformValues
 818/2029 Test  #202: MeshMotionInvalid.MotionMustStartAtTheReferencePosition ..................................................   Passed    0.19 sec
          Start  833: PhysicsCompatibilityTest.RejectsCompressibleThermalCoupledWithoutThermal
 819/2029 Test  #559: BoundaryInwardStencil.RejectsInternalFace ................................................................   Passed    0.18 sec
          Start  728: CaseValidationTest.UnsupportedLinearSolverBackendIsRejected
 820/2029 Test #1618: SIMPLE3D.MomentumSystemsArePermutationSymmetric ..........................................................   Passed    0.18 sec
          Start  189: MeshMotionKernel.RecomputedGeometryReproducesTheBuilders
 821/2029 Test   #48: Vector3Test.TwoDimensionalResultsAreBitwiseTheFormerFormulas .............................................   Passed    0.18 sec
          Start  292: BiCGSTABTest.SolvesWithJacobiPreconditioner
 822/2029 Test  #192: MeshMotionGeometry.AffineMotionsGiveTheExactAffineImage2D ................................................   Passed    0.17 sec
          Start  803: MultiphaseCaseTest.RejectsNonPositivePhaseViscosity
 823/2029 Test  #190: MeshMotionKernel.TopologyMapWeldsMultiBlockInterfaceVertices .............................................   Passed    0.17 sec
          Start  317: LinearSolverFactoryTest.ExplicitPreconditionerArgumentOverridesSettingsPreconditioner
 824/2029 Test  #555: BoundaryInwardStencil.UniformCartesianGivesHalfAndThreeHalfCellHeights ...................................   Passed    0.15 sec
          Start  945: Case3DTest.FaceFluxKeyParsesEveryValueAndDefaultsToAutomatic
 825/2029 Test #1623: SIMPLE3D.ReducedSystemTwoByOneByOneMatchesHandDerivation .................................................   Passed    0.15 sec
          Start   42: GpuResidencyManagerCpuFallbackTest.SyncFieldNeverThrowsRegardlessOfDevice
 826/2029 Test #2026: CaseEditingTest.InvalidMeshShowsAnInvalidMeshQualityWithTheReason ........................................   Passed    0.19 sec
          Start 1129: ConjugateBoundaryEquivalence.SingleRegionMatchesSingleMaterialOn2x1
 827/2029 Test #1622: SIMPLE3D.RhieChowSeesTheCheckerboardTheLinearFluxCannot ..................................................   Passed    0.17 sec
          Start  557: BoundaryInwardStencil.OneCellThickMeshHasNoStencilAcrossTheThinDirection
 828/2029 Test #1621: SIMPLE3D.RhieChowVanishesForALinearPressureField .........................................................   Passed    0.16 sec
          Start  302: BiCGSTABBreakdown.ExactTerminationIsConvergedNotBreakdown
 829/2029 Test  #563: BoundaryReconstruction.FallsBackToTheTwoPointFormWithoutAStencil .........................................   Passed    0.16 sec
          Start  319: LinearSolverFactoryTest.InvalidSettingsStillThrowRegardlessOfBackend
 830/2029 Test   #93: MeshQualityReport.NonOrthogonalMeshGetsAnInformationalCorrectionAdvice ...................................   Passed    0.16 sec
          Start 1809: MultiphaseProductionCaseTest.AlphaAndMixturePropertiesMatchExactExpectedValues
 831/2029 Test  #560: BoundaryReconstruction.CoefficientsMatchHandDerivedUniformValues .........................................   Passed    0.16 sec
          Start 1135: ConjugateBoundaryEquivalence.SingleRegionMatchesSingleMaterialOnOneCellThickMeshes
 832/2029 Test  #833: PhysicsCompatibilityTest.RejectsCompressibleThermalCoupledWithoutThermal .................................   Passed    0.16 sec
          Start 1814: MultiphaseProductionCaseTest.RepeatedRunsAreDeterministic
 833/2029 Test  #728: CaseValidationTest.UnsupportedLinearSolverBackendIsRejected ..............................................   Passed    0.16 sec
          Start 1808: MultiphaseProductionCaseTest.RunsEndToEndAndConverges
 834/2029 Test  #189: MeshMotionKernel.RecomputedGeometryReproducesTheBuilders .................................................   Passed    0.15 sec
          Start  801: MultiphaseCaseTest.BuilderConstructsMultiphaseRuntimeObjects
 835/2029 Test  #292: BiCGSTABTest.SolvesWithJacobiPreconditioner ..............................................................   Passed    0.15 sec
          Start  539: Operators3DTest.LeastSquaresPrimitiveSolvesTheThreeByThreeSystem
 836/2029 Test  #803: MultiphaseCaseTest.RejectsNonPositivePhaseViscosity ......................................................   Passed    0.15 sec
          Start 1811: MultiphaseProductionCaseTest.ExportsMixtureFieldsToCsvVtkAndJson
 837/2029 Test  #317: LinearSolverFactoryTest.ExplicitPreconditionerArgumentOverridesSettingsPreconditioner ....................   Passed    0.15 sec
          Start  169: MultiBlockMesh.CurvedSectorsAndClosedRing
 838/2029 Test  #945: Case3DTest.FaceFluxKeyParsesEveryValueAndDefaultsToAutomatic .............................................   Passed    0.15 sec
          Start 1026: ResidualTrend.AboveFloorContinuityRunawayStillTriggersDivergence
 839/2029 Test   #42: GpuResidencyManagerCpuFallbackTest.SyncFieldNeverThrowsRegardlessOfDevice ................................   Passed    0.15 sec
          Start   38: GpuBackendCpuFallbackTest.ExecutionStatsStartAtZeroWithNoDeviceActivity
 840/2029 Test #1129: ConjugateBoundaryEquivalence.SingleRegionMatchesSingleMaterialOn2x1 ......................................   Passed    0.15 sec
          Start 1619: SIMPLE3D.MonitorNeverConvergesWhileWIsUnconverged
 841/2029 Test  #557: BoundaryInwardStencil.OneCellThickMeshHasNoStencilAcrossTheThinDirection .................................   Passed    0.15 sec
          Start 1024: ResidualTrend.HealthyDecreasingContinuityDoesNotTriggerDivergence
 842/2029 Test  #302: BiCGSTABBreakdown.ExactTerminationIsConvergedNotBreakdown ................................................   Passed    0.15 sec
          Start 1624: SIMPLE3D.ReducedSystemOneByOneByTwoCouplesThroughZ
 843/2029 Test  #319: LinearSolverFactoryTest.InvalidSettingsStillThrowRegardlessOfBackend .....................................   Passed    0.15 sec
          Start   41: GpuResidencyManagerCpuFallbackTest.SyncMatrixNeverThrowsRegardlessOfDevice
 844/2029 Test #1809: MultiphaseProductionCaseTest.AlphaAndMixturePropertiesMatchExactExpectedValues ...........................   Passed    0.15 sec
          Start 1625: SIMPLE3D.ReducedSystemTwoByTwoByTwoMatchesHandDerivation
 845/2029 Test #1135: ConjugateBoundaryEquivalence.SingleRegionMatchesSingleMaterialOnOneCellThickMeshes .......................   Passed    0.15 sec
          Start 1967: MMS3DTest.ForcingMatchesFiniteDifferencesOfClosedForms
 846/2029 Test #1814: MultiphaseProductionCaseTest.RepeatedRunsAreDeterministic ................................................   Passed    0.16 sec
          Start  245: Fields3DTest.VectorFieldsCarryThreeComponents
 847/2029 Test #1808: MultiphaseProductionCaseTest.RunsEndToEndAndConverges ....................................................   Passed    0.16 sec
          Start 1874: LidDrivenCube3DProductionCase.CentrelineSamplerIsExactForLinearFields
 848/2029 Test  #801: MultiphaseCaseTest.BuilderConstructsMultiphaseRuntimeObjects .............................................   Passed    0.16 sec
          Start  552: AleOperatorsHandDerived.UnitCellWithAMovingEastFace
 849/2029 Test  #539: Operators3DTest.LeastSquaresPrimitiveSolvesTheThreeByThreeSystem .........................................   Passed    0.17 sec
          Start  556: BoundaryInwardStencil.GradedMeshUsesActualCellHeights
 850/2029 Test #1811: MultiphaseProductionCaseTest.ExportsMixtureFieldsToCsvVtkAndJson .........................................   Passed    0.17 sec
          Start  550: AleOperatorsStaticLimit.BothMomentumAssembliesRefuseA3DMesh
 851/2029 Test  #169: MultiBlockMesh.CurvedSectorsAndClosedRing ................................................................   Passed    0.17 sec
          Start   45: Vector3Test.ArithmeticActsOnAllThreeComponents
 852/2029 Test #1026: ResidualTrend.AboveFloorContinuityRunawayStillTriggersDivergence .........................................   Passed    0.17 sec
          Start 1810: MultiphaseProductionCaseTest.Phase1VolumeIsConserved
 853/2029 Test   #38: GpuBackendCpuFallbackTest.ExecutionStatsStartAtZeroWithNoDeviceActivity ..................................   Passed    0.17 sec
          Start  804: MultiphaseCaseTest.RejectsIdenticalPhaseNames
 854/2029 Test #1619: SIMPLE3D.MonitorNeverConvergesWhileWIsUnconverged ........................................................   Passed    0.17 sec
          Start 1025: ResidualTrend.SubFloorRoundOffGrowthIsNotDivergence
 855/2029 Test #1024: ResidualTrend.HealthyDecreasingContinuityDoesNotTriggerDivergence ........................................   Passed    0.17 sec
          Start  565: BoundaryReconstruction.TangentialTransferIsZeroOnAnOrthogonalFaceAndNonZeroOffIt
 856/2029 Test #1624: SIMPLE3D.ReducedSystemOneByOneByTwoCouplesThroughZ .......................................................   Passed    0.18 sec
          Start  807: MultiphaseCaseTest.RejectsMultiphaseTogetherWithTurbulence
 857/2029 Test   #41: GpuResidencyManagerCpuFallbackTest.SyncMatrixNeverThrowsRegardlessOfDevice ...............................   Passed    0.18 sec
          Start  800: MultiphaseCaseTest.ParsesMultiphaseConfigWhenEnabled
 858/2029 Test #1625: SIMPLE3D.ReducedSystemTwoByTwoByTwoMatchesHandDerivation .................................................   Passed    0.17 sec
          Start  802: MultiphaseCaseTest.RejectsInitialAlphaOutOfRange
 859/2029 Test #1967: MMS3DTest.ForcingMatchesFiniteDifferencesOfClosedForms ...................................................   Passed    0.17 sec
          Start  805: MultiphaseCaseTest.RejectsNonPositiveTransportTimeStep
 860/2029 Test  #245: Fields3DTest.VectorFieldsCarryThreeComponents ............................................................   Passed    0.17 sec
          Start  822: CompressibleCaseTest.RejectsSpecificHeatPressureNotGreaterThanGasConstant
 861/2029 Test #1874: LidDrivenCube3DProductionCase.CentrelineSamplerIsExactForLinearFields ....................................   Passed    0.17 sec
          Start  809: MultiphaseCaseTest.RejectsAlphaKeyWhenMultiphaseDisabled
 862/2029 Test  #552: AleOperatorsHandDerived.UnitCellWithAMovingEastFace ......................................................   Passed    0.17 sec
          Start  821: CompressibleCaseTest.RejectsNonPositiveGasConstant
 863/2029 Test  #556: BoundaryInwardStencil.GradedMeshUsesActualCellHeights ....................................................   Passed    0.17 sec
          Start  786: SpeciesCaseTest.ParsesSpeciesListWhenEnabled
 864/2029 Test  #550: AleOperatorsStaticLimit.BothMomentumAssembliesRefuseA3DMesh ..............................................   Passed    0.17 sec
          Start 1130: ConjugateBoundaryEquivalence.SingleRegionMatchesSingleMaterialOn10x10
 865/2029 Test   #45: Vector3Test.ArithmeticActsOnAllThreeComponents ...........................................................   Passed    0.17 sec
          Start 2007: CaseEditingTest.ValidateDraftWithNoCaseLoadedReportsInvalid
 866/2029 Test #1810: MultiphaseProductionCaseTest.Phase1VolumeIsConserved .....................................................   Passed    0.18 sec
          Start  818: CompressibleCaseTest.ThermalCoupledAcceptedAlongsideThermal
 867/2029 Test  #804: MultiphaseCaseTest.RejectsIdenticalPhaseNames ............................................................   Passed    0.19 sec
          Start  824: CompressibleCaseTest.RejectsNonPositiveTemperature
 868/2029 Test #1025: ResidualTrend.SubFloorRoundOffGrowthIsNotDivergence ......................................................   Passed    0.20 sec
          Start 2000: CaseEditingTest.SetInitialConditionsRoundTrips
 869/2029 Test  #565: BoundaryReconstruction.TangentialTransferIsZeroOnAnOrthogonalFaceAndNonZeroOffIt .........................   Passed    0.21 sec
          Start  869: JSONWriterTest.WritesSpeciesMetadataInOrderWhenProvided
 870/2029 Test  #807: MultiphaseCaseTest.RejectsMultiphaseTogetherWithTurbulence ...............................................   Passed    0.21 sec
          Start  790: SpeciesCaseTest.RejectsEmptyName
 871/2029 Test  #800: MultiphaseCaseTest.ParsesMultiphaseConfigWhenEnabled .....................................................   Passed    0.21 sec
          Start  889: VTKWriterTest.MultipleSpeciesWrittenInOrderAfterTemperature
 872/2029 Test  #802: MultiphaseCaseTest.RejectsInitialAlphaOutOfRange .........................................................   Passed    0.21 sec
          Start  811: CompressibleCaseTest.ParsesIsothermalCompressibleConfigWhenEnabled
 873/2029 Test  #805: MultiphaseCaseTest.RejectsNonPositiveTransportTimeStep ...................................................   Passed    0.22 sec
          Start  702: CaseWriterTest.SpeciesRoundTrip
 874/2029 Test  #822: CompressibleCaseTest.RejectsSpecificHeatPressureNotGreaterThanGasConstant ................................   Passed    0.22 sec
          Start  797: SpeciesCaseTest.RejectsUnknownConcentrationBoundaryType
 875/2029 Test  #809: MultiphaseCaseTest.RejectsAlphaKeyWhenMultiphaseDisabled .................................................   Passed    0.22 sec
          Start 1993: CaseEditingTest.GettersOnAnUnloadedControllerReturnEmptyMaps
 876/2029 Test  #821: CompressibleCaseTest.RejectsNonPositiveGasConstant .......................................................   Passed    0.22 sec
          Start  819: CompressibleCaseTest.RejectsBothTemperatureAndThermalCoupled
 877/2029 Test  #786: SpeciesCaseTest.ParsesSpeciesListWhenEnabled .............................................................   Passed    0.22 sec
          Start  816: CompressibleCaseTest.BuilderConstructsCompressibleRuntimeObjects
 878/2029 Test #1130: ConjugateBoundaryEquivalence.SingleRegionMatchesSingleMaterialOn10x10 ....................................   Passed    0.22 sec
          Start 1620: SIMPLE3D.UniformFlowFluxIsExactOnEveryFaceOrientation
 879/2029 Test #2007: CaseEditingTest.ValidateDraftWithNoCaseLoadedReportsInvalid ..............................................   Passed    0.22 sec
          Start 1820: CompressibleProductionCaseTest.MissingCaseDirectoryReportsInvalidCase
 880/2029 Test  #818: CompressibleCaseTest.ThermalCoupledAcceptedAlongsideThermal ..............................................   Passed    0.21 sec
          Start  817: CompressibleCaseTest.ThermalCoupledRequiresThermalBlock
 881/2029 Test  #824: CompressibleCaseTest.RejectsNonPositiveTemperature .......................................................   Passed    0.20 sec
          Start  820: CompressibleCaseTest.RejectsNeitherTemperatureNorThermalCoupled
 882/2029 Test #2000: CaseEditingTest.SetInitialConditionsRoundTrips ...........................................................   Passed    0.19 sec
          Start  890: VTKWriterTest.MismatchedSpeciesSizeThrows
 883/2029 Test  #790: SpeciesCaseTest.RejectsEmptyName .........................................................................   Passed    0.17 sec
          Start  808: MultiphaseCaseTest.RejectsMissingPerPatchAlphaWhenMultiphaseEnabled
 884/2029 Test  #869: JSONWriterTest.WritesSpeciesMetadataInOrderWhenProvided ..................................................   Passed    0.20 sec
          Start  823: CompressibleCaseTest.RejectsNonPositiveReferencePressure
 885/2029 Test  #889: VTKWriterTest.MultipleSpeciesWrittenInOrderAfterTemperature ..............................................   Passed    0.19 sec
          Start 2009: CaseEditingTest.VocabularyListsMatchWhatBoundaryConfigParserAccepts
 886/2029 Test  #811: CompressibleCaseTest.ParsesIsothermalCompressibleConfigWhenEnabled .......................................   Passed    0.18 sec
          Start  868: JSONWriterTest.SpeciesArrayIsEmptyByDefault
 887/2029 Test  #702: CaseWriterTest.SpeciesRoundTrip ..........................................................................   Passed    0.17 sec
          Start  810: CompressibleCaseTest.NonCompressibleFixtureHasNoCompressibleConfig
 888/2029 Test  #797: SpeciesCaseTest.RejectsUnknownConcentrationBoundaryType ..................................................   Passed    0.18 sec
          Start 2013: CaseEditingTest.MeshCellInfoFlagsALargeMesh
 889/2029 Test #1993: CaseEditingTest.GettersOnAnUnloadedControllerReturnEmptyMaps .............................................   Passed    0.19 sec
          Start  888: VTKWriterTest.AppendsOneSpeciesBlockAfterVelocityMagnitudeWhenProvided
 890/2029 Test  #819: CompressibleCaseTest.RejectsBothTemperatureAndThermalCoupled .............................................   Passed    0.18 sec
          Start  788: SpeciesCaseTest.ZeroDiffusivityIsAccepted
 891/2029 Test  #816: CompressibleCaseTest.BuilderConstructsCompressibleRuntimeObjects .........................................   Passed    0.18 sec
          Start  856: CSVWriterTest.MismatchedSpeciesSizeThrows
 892/2029 Test #1620: SIMPLE3D.UniformFlowFluxIsExactOnEveryFaceOrientation ....................................................   Passed    0.17 sec
          Start  789: SpeciesCaseTest.RejectsNegativeDiffusivity
 893/2029 Test #1820: CompressibleProductionCaseTest.MissingCaseDirectoryReportsInvalidCase ....................................   Passed    0.17 sec
          Start  787: SpeciesCaseTest.BuilderConstructsSpeciesRuntimeObjects
 894/2029 Test  #817: CompressibleCaseTest.ThermalCoupledRequiresThermalBlock ..................................................   Passed    0.18 sec
          Start  887: VTKWriterTest.OmitsSpeciesBlocksWhenNotProvided
 895/2029 Test  #820: CompressibleCaseTest.RejectsNeitherTemperatureNorThermalCoupled ..........................................   Passed    0.17 sec
          Start  796: SpeciesCaseTest.RejectsUnknownSpeciesNameOnPatch
 896/2029 Test  #890: VTKWriterTest.MismatchedSpeciesSizeThrows ................................................................   Passed    0.17 sec
          Start  794: SpeciesCaseTest.RejectsSpeciesKeyWhenSpeciesDisabled
 897/2029 Test  #808: MultiphaseCaseTest.RejectsMissingPerPatchAlphaWhenMultiphaseEnabled ......................................   Passed    0.18 sec
          Start  791: SpeciesCaseTest.RejectsDuplicateSpeciesNames
 898/2029 Test  #823: CompressibleCaseTest.RejectsNonPositiveReferencePressure .................................................   Passed    0.17 sec
          Start  891: VTKWriterTest.NonFiniteSpeciesThrows
 899/2029 Test #2009: CaseEditingTest.VocabularyListsMatchWhatBoundaryConfigParserAccepts ......................................   Passed    0.17 sec
          Start  793: SpeciesCaseTest.RejectsMissingPerPatchSpeciesWhenSpeciesEnabled
 900/2029 Test  #868: JSONWriterTest.SpeciesArrayIsEmptyByDefault ..............................................................   Passed    0.16 sec
          Start  795: SpeciesCaseTest.RejectsPatchMissingOneDeclaredSpecies
 901/2029 Test  #810: CompressibleCaseTest.NonCompressibleFixtureHasNoCompressibleConfig .......................................   Passed    0.16 sec
          Start  855: CSVWriterTest.AppendsSpeciesColumnsInOrderAfterTemperature
 902/2029 Test #2013: CaseEditingTest.MeshCellInfoFlagsALargeMesh ..............................................................   Passed    0.15 sec
          Start  854: CSVWriterTest.OmitsSpeciesColumnsWhenNotProvided
 903/2029 Test  #888: VTKWriterTest.AppendsOneSpeciesBlockAfterVelocityMagnitudeWhenProvided ...................................   Passed    0.15 sec
          Start  785: SpeciesCaseTest.NonSpeciesFixtureHasNoSpeciesConfig
 904/2029 Test  #788: SpeciesCaseTest.ZeroDiffusivityIsAccepted ................................................................   Passed    0.16 sec
          Start  792: SpeciesCaseTest.RejectsUnknownSpeciesKey
 905/2029 Test  #856: CSVWriterTest.MismatchedSpeciesSizeThrows ................................................................   Passed    0.16 sec
          Start  857: CSVWriterTest.NonFiniteSpeciesThrows
 906/2029 Test  #789: SpeciesCaseTest.RejectsNegativeDiffusivity ...............................................................   Passed    0.16 sec
          Start  798: SpeciesCaseTest.RejectsMissingValueForConcentrationBoundary
 907/2029 Test  #787: SpeciesCaseTest.BuilderConstructsSpeciesRuntimeObjects ...................................................   Passed    0.16 sec
          Start 1804: SpeciesProductionCaseTest.MissingCaseDirectoryReportsInvalidCase
 908/2029 Test  #887: VTKWriterTest.OmitsSpeciesBlocksWhenNotProvided ..........................................................   Passed    0.16 sec
          Start 1930: SpeciesConservationTest.OpenChannelWithVolumetricSourceBalancesNetOutflowAgainstSource
 909/2029 Test  #796: SpeciesCaseTest.RejectsUnknownSpeciesNameOnPatch .........................................................   Passed    0.17 sec
          Start 1922: SpeciesDiffusionValidation.GlobalDiffusiveFluxBalanceIsExact
 910/2029 Test  #794: SpeciesCaseTest.RejectsSpeciesKeyWhenSpeciesDisabled .....................................................   Passed    0.16 sec
          Start 1311: SpeciesSolverTest.RepeatedSolveIsDeterministic
 911/2029 Test  #791: SpeciesCaseTest.RejectsDuplicateSpeciesNames .............................................................   Passed    0.16 sec
          Start 1920: SpeciesDiffusionValidation.Grid40MatchesAnalyticalSlabProfile
 912/2029 Test  #891: VTKWriterTest.NonFiniteSpeciesThrows .....................................................................   Passed    0.16 sec
          Start 1101: ThermalSolverVariablePropertiesTest.ConstantModelsReproduceThermalPropertiesOverloadExactly
 913/2029 Test  #793: SpeciesCaseTest.RejectsMissingPerPatchSpeciesWhenSpeciesEnabled ..........................................   Passed    0.17 sec
          Start 1981: SimulationControllerTest.OpenValidCaseSucceeds
 914/2029 Test  #795: SpeciesCaseTest.RejectsPatchMissingOneDeclaredSpecies ....................................................   Passed    0.18 sec
          Start 1100: ThermalSolverTest.RepeatedSolveIsDeterministic
 915/2029 Test  #855: CSVWriterTest.AppendsSpeciesColumnsInOrderAfterTemperature ...............................................   Passed    0.18 sec
          Start 1991: SimulationControllerTest.StopDuringARunLeadsToCancelledState
 916/2029 Test  #854: CSVWriterTest.OmitsSpeciesColumnsWhenNotProvided .........................................................   Passed    0.18 sec
          Start 1466: SampleVectorFieldRawTest.RejectsZeroStride
 917/2029 Test  #785: SpeciesCaseTest.NonSpeciesFixtureHasNoSpeciesConfig ......................................................   Passed    0.18 sec
          Start 1423: CaseSessionTest.RequestCancelStopsARunEarly
 918/2029 Test  #792: SpeciesCaseTest.RejectsUnknownSpeciesKey .................................................................   Passed    0.18 sec
          Start 1406: ProjectRunnerTest.CancellationStopsEarlyWithCancelledStatus
 919/2029 Test  #798: SpeciesCaseTest.RejectsMissingValueForConcentrationBoundary ..............................................   Passed    0.17 sec
          Start 1985: SimulationControllerTest.NoResultsBeforeAnyRunOrLoad
 920/2029 Test  #857: CSVWriterTest.NonFiniteSpeciesThrows .....................................................................   Passed    0.20 sec
          Start 1979: SimulationControllerTest.ApplicationVersionMatchesCoreVersionString
 921/2029 Test #1804: SpeciesProductionCaseTest.MissingCaseDirectoryReportsInvalidCase .........................................   Passed    0.18 sec
          Start 1427: LoadSnapshotFromResultsTest.MissingDirectoryProducesAnInvalidSnapshot
 922/2029 Test #1101: ThermalSolverVariablePropertiesTest.ConstantModelsReproduceThermalPropertiesOverloadExactly ..............   Passed    0.14 sec
          Start 1413: CaseSessionTest.OpenValidCaseMovesToLoaded
 923/2029 Test #1100: ThermalSolverTest.RepeatedSolveIsDeterministic ...........................................................   Passed    0.12 sec
          Start 1418: CaseSessionTest.ReloadDiscardsInMemoryEdits
 924/2029 Test #1466: SampleVectorFieldRawTest.RejectsZeroStride ...............................................................   Passed    0.10 sec
          Start 1446: FieldStatisticsTest.ComputesMinMaxAverageIgnoringNonFinite
 925/2029 Test #1930: SpeciesConservationTest.OpenChannelWithVolumetricSourceBalancesNetOutflowAgainstSource ...................   Passed    0.22 sec
          Start 1419: CaseSessionTest.ValidateValidCaseMovesToValidated
 926/2029 Test #1981: SimulationControllerTest.OpenValidCaseSucceeds ...........................................................   Passed    0.17 sec
          Start 1447: FieldStatisticsTest.EmptyFieldReportsNoData
 927/2029 Test #1991: SimulationControllerTest.StopDuringARunLeadsToCancelledState .............................................   Passed    0.15 sec
          Start 1460: NearestIndexTest.EmptyPointsReturnsNullopt
 928/2029 Test #1423: CaseSessionTest.RequestCancelStopsARunEarly ..............................................................   Passed    0.14 sec
          Start 1465: SampleVectorFieldRawTest.MatchesMeshBasedSamplingOnEquivalentData
 929/2029 Test #1406: ProjectRunnerTest.CancellationStopsEarlyWithCancelledStatus ..............................................   Passed    0.14 sec
          Start 1458: ProbeScalarRawTest.RejectsMismatchedSizes
 930/2029 Test #1985: SimulationControllerTest.NoResultsBeforeAnyRunOrLoad .....................................................   Passed    0.13 sec
          Start 1425: BuildSnapshotTest.IncompleteRunProducesAnInvalidSnapshot
 931/2029 Test #1979: SimulationControllerTest.ApplicationVersionMatchesCoreVersionString ......................................   Passed    0.14 sec
          Start 1459: SampleLineRawTest.MatchesMeshBasedSampleLineOnEquivalentData
 932/2029 Test #1427: LoadSnapshotFromResultsTest.MissingDirectoryProducesAnInvalidSnapshot ....................................   Passed    0.13 sec
          Start 1416: CaseSessionTest.SaveAsWritesARoundTripLoadableCase
 933/2029 Test #1413: CaseSessionTest.OpenValidCaseMovesToLoaded ...............................................................   Passed    0.14 sec
          Start 1983: SimulationControllerTest.OpenMissingCaseFailsAndReportsError
 934/2029 Test #1418: CaseSessionTest.ReloadDiscardsInMemoryEdits ..............................................................   Passed    0.14 sec
          Start 1457: ProbeScalarRawTest.MatchesMeshBasedProbeOnEquivalentData
 935/2029 Test #1446: FieldStatisticsTest.ComputesMinMaxAverageIgnoringNonFinite ...............................................   Passed    0.14 sec
          Start 1980: SimulationControllerTest.NewCaseEmitsCaseChangedAndBecomesLoaded
 936/2029 Test #1922: SpeciesDiffusionValidation.GlobalDiffusiveFluxBalanceIsExact .............................................   Passed    0.35 sec
          Start 1978: SimulationControllerTest.StartsWithNoCaseLoaded
 937/2029 Test #1311: SpeciesSolverTest.RepeatedSolveIsDeterministic ...........................................................   Passed    0.36 sec
          Start 1420: CaseSessionTest.ValidateInvalidCaseLeavesStateAndReportsError
 938/2029 Test #1920: SpeciesDiffusionValidation.Grid40MatchesAnalyticalSlabProfile ............................................   Passed    0.36 sec
          Start 1438: MarchingSquaresTest.LevelOutsideRangeProducesNoSegments
 939/2029 Test #1419: CaseSessionTest.ValidateValidCaseMovesToValidated ........................................................   Passed    0.17 sec
          Start  700: CaseWriterTest.ExplicitInitialConditionsRoundTrip
 940/2029 Test #1447: FieldStatisticsTest.EmptyFieldReportsNoData ..............................................................   Passed    0.18 sec
          Start 1304: SpeciesSolverTest.ConvergesAndMatchesAnalytical1DDiffusionProfile
 941/2029 Test #1460: NearestIndexTest.EmptyPointsReturnsNullopt ...............................................................   Passed    0.19 sec
          Start 1415: CaseSessionTest.SetCaseDefinitionMarksModified
 942/2029 Test #1465: SampleVectorFieldRawTest.MatchesMeshBasedSamplingOnEquivalentData ........................................   Passed    0.19 sec
          Start 1919: SpeciesDiffusionValidation.Grid20MatchesAnalyticalSlabProfile
 943/2029 Test #1458: ProbeScalarRawTest.RejectsMismatchedSizes ................................................................   Passed    0.19 sec
          Start 1436: MarchingSquaresTest.LinearFieldPhiEqualsYProducesAHorizontalLine
 944/2029 Test #1425: BuildSnapshotTest.IncompleteRunProducesAnInvalidSnapshot .................................................   Passed    0.20 sec
          Start  701: CaseWriterTest.ThermalTurbulenceBuoyancyRoundTrip
 945/2029 Test #1459: SampleLineRawTest.MatchesMeshBasedSampleLineOnEquivalentData .............................................   Passed    0.20 sec
          Start 1442: MarchingSquaresTest.RejectsMismatchedSizes
 946/2029 Test #1416: CaseSessionTest.SaveAsWritesARoundTripLoadableCase .......................................................   Passed    0.20 sec
          Start 1455: SampleLineTest.HorizontalLineTracksTheXCoordinateField
 947/2029 Test #1983: SimulationControllerTest.OpenMissingCaseFailsAndReportsError .............................................   Passed    0.20 sec
          Start 1462: SampleVectorFieldTest.StrideNSamplesEveryNthCellById
 948/2029 Test #1457: ProbeScalarRawTest.MatchesMeshBasedProbeOnEquivalentData .................................................   Passed    0.20 sec
          Start 1441: MarchingSquaresTest.RejectsGridTooSmall
 949/2029 Test #1980: SimulationControllerTest.NewCaseEmitsCaseChangedAndBecomesLoaded .........................................   Passed    0.20 sec
          Start 1448: VelocityMagnitudeTest.MatchesPythagoreanFormula
 950/2029 Test #1978: SimulationControllerTest.StartsWithNoCaseLoaded ..........................................................   Passed    0.20 sec
          Start 1449: Vorticity2DTest.SolidBodyRotationMatchesAnalyticalConstantAwayFromBoundaries
 951/2029 Test #1420: CaseSessionTest.ValidateInvalidCaseLeavesStateAndReportsError ............................................   Passed    0.20 sec
          Start 1443: AutomaticContourLevelsTest.ProducesEvenlySpacedInteriorLevels
 952/2029 Test #1438: MarchingSquaresTest.LevelOutsideRangeProducesNoSegments ..................................................   Passed    0.21 sec
          Start 1440: MarchingSquaresTest.RepeatedCallsAreDeterministic
 953/2029 Test  #700: CaseWriterTest.ExplicitInitialConditionsRoundTrip ........................................................   Passed    0.21 sec
          Start 1445: AutomaticContourLevelsTest.IgnoresNonFiniteSamples
 954/2029 Test #1415: CaseSessionTest.SetCaseDefinitionMarksModified ...........................................................   Passed    0.17 sec
          Start 1444: AutomaticContourLevelsTest.ConstantFieldProducesNoLevels
 955/2029 Test #1436: MarchingSquaresTest.LinearFieldPhiEqualsYProducesAHorizontalLine .........................................   Passed    0.15 sec
          Start 1411: CaseSessionTest.StartsEmpty
 956/2029 Test #1304: SpeciesSolverTest.ConvergesAndMatchesAnalytical1DDiffusionProfile ........................................   Passed    0.22 sec
          Start 1454: ProbeScalarTest.MismatchedFieldSizeThrows
 957/2029 Test #1919: SpeciesDiffusionValidation.Grid20MatchesAnalyticalSlabProfile ............................................   Passed    0.19 sec
          Start 1435: MarchingSquaresTest.LinearFieldPhiEqualsXProducesAVerticalLineAtTheLevel
 958/2029 Test  #701: CaseWriterTest.ThermalTurbulenceBuoyancyRoundTrip ........................................................   Passed    0.16 sec
          Start 1461: SampleVectorFieldTest.StrideOneSamplesEveryCell
 959/2029 Test #1442: MarchingSquaresTest.RejectsMismatchedSizes ...............................................................   Passed    0.15 sec
          Start 1422: CaseSessionTest.RunWithoutADirectoryFails
 960/2029 Test #1455: SampleLineTest.HorizontalLineTracksTheXCoordinateField ...................................................   Passed    0.16 sec
          Start 1452: NearestCellTest.FindsTheCellWhoseCentroidIsClosest
 961/2029 Test #1462: SampleVectorFieldTest.StrideNSamplesEveryNthCellById .....................................................   Passed    0.15 sec
          Start 1453: ProbeScalarTest.ReturnsTheNearestCellsValue
 962/2029 Test #1441: MarchingSquaresTest.RejectsGridTooSmall ..................................................................   Passed    0.14 sec
          Start 1456: SampleLineTest.RejectsTooFewSamples
 963/2029 Test #1448: VelocityMagnitudeTest.MatchesPythagoreanFormula ..........................................................   Passed    0.14 sec
          Start 1439: MarchingSquaresTest.NonFiniteCellsContributeNoSegments
 964/2029 Test #1449: Vorticity2DTest.SolidBodyRotationMatchesAnalyticalConstantAwayFromBoundaries .............................   Passed    0.14 sec
          Start 1412: CaseSessionTest.NewCaseMovesToLoadedWithNoDirectory
 965/2029 Test #1443: AutomaticContourLevelsTest.ProducesEvenlySpacedInteriorLevels ............................................   Passed    0.14 sec
          Start 1451: Vorticity2DTest.MismatchedSizeThrows
 966/2029 Test #1440: MarchingSquaresTest.RepeatedCallsAreDeterministic ........................................................   Passed    0.13 sec
          Start 1463: SampleVectorFieldTest.RejectsZeroStride
 967/2029 Test #1445: AutomaticContourLevelsTest.IgnoresNonFiniteSamples .......................................................   Passed    0.14 sec
          Start 1417: CaseSessionTest.SaveWithoutADirectorySetFails
 968/2029 Test #1444: AutomaticContourLevelsTest.ConstantFieldProducesNoLevels .................................................   Passed    0.14 sec
          Start 1437: MarchingSquaresTest.ConstantFieldProducesNoSegments
 969/2029 Test #1411: CaseSessionTest.StartsEmpty ..............................................................................   Passed    0.14 sec
          Start 1464: SampleVectorFieldTest.MismatchedSizeThrows
 970/2029 Test #1454: ProbeScalarTest.MismatchedFieldSizeThrows ................................................................   Passed    0.14 sec
          Start 1941: SinglePhaseEquivalenceTest.AlphaOneReducesToPurePhase1MomentumAssemblyExactly
 971/2029 Test #1435: MarchingSquaresTest.LinearFieldPhiEqualsXProducesAVerticalLineAtTheLevel .................................   Passed    0.16 sec
          Start 1450: Vorticity2DTest.UniformFlowHasZeroVorticity
 972/2029 Test #1461: SampleVectorFieldTest.StrideOneSamplesEveryCell ..........................................................   Passed    0.17 sec
          Start 1414: CaseSessionTest.OpenMissingDirectoryLeavesStateUnchangedAndSetsError
 973/2029 Test #1422: CaseSessionTest.RunWithoutADirectoryFails ................................................................   Passed    0.16 sec
          Start    8: CFDAppCli_does_not_converge
 974/2029 Test #1452: NearestCellTest.FindsTheCellWhoseCentroidIsClosest .......................................................   Passed    0.17 sec
          Start 1940: PhaseConservationTest.OpenChannelAccumulationMatchesNetInflowMinusOutflow
 975/2029 Test #1453: ProbeScalarTest.ReturnsTheNearestCellsValue ..............................................................   Passed    0.17 sec
          Start  696: CaseWriterTest.BasicCaseRoundTripsExactly
 976/2029 Test #1456: SampleLineTest.RejectsTooFewSamples ......................................................................   Passed    0.17 sec
          Start 1378: CompressibleMassFluxTest.UniformDensityMatchesIncompressibleMassFluxExactly
 977/2029 Test #1439: MarchingSquaresTest.NonFiniteCellsContributeNoSegments ...................................................   Passed    0.23 sec
          Start 1368: ThermodynamicPropertiesTest.DensityDelegatesToTheEquationOfState
 978/2029 Test #1412: CaseSessionTest.NewCaseMovesToLoadedWithNoDirectory ......................................................   Passed    0.22 sec
          Start 1330: VolumeFractionConvectionTest.BoundaryOutflowUsesOwnerUnknownNotBoundaryValue
 979/2029 Test #1451: Vorticity2DTest.MismatchedSizeThrows .....................................................................   Passed    0.22 sec
          Start 1374: EvaluateDensityFieldTest.EvaluatesEveryCellFromItsOwnPressureAndTemperature
 980/2029 Test #1463: SampleVectorFieldTest.RejectsZeroStride ..................................................................   Passed    0.23 sec
          Start 1356: IdealGasEOSTest.RejectsNonPositivePressureOrTemperature
 981/2029 Test #1417: CaseSessionTest.SaveWithoutADirectorySetFails ............................................................   Passed    0.22 sec
          Start  272: SparseMatrixBuilderTest.ReserveDoesNotChangeTheAssembledMatrix
 982/2029 Test #1437: MarchingSquaresTest.ConstantFieldProducesNoSegments ......................................................   Passed    0.23 sec
          Start 1402: CompressibleMomentumComponentTest.NonUniformDensityChangesTheAssembledDiagonal
 983/2029 Test #1464: SampleVectorFieldTest.MismatchedSizeThrows ...............................................................   Passed    0.23 sec
          Start 1370: ThermodynamicPropertiesTest.SpeedOfSoundIsPositiveFiniteAndIncreasesWithSqrtT
 984/2029 Test #1941: SinglePhaseEquivalenceTest.AlphaOneReducesToPurePhase1MomentumAssemblyExactly ............................   Passed    0.21 sec
          Start 1396: CompressibleMomentumTimeDerivativeTest.HandDerivedDiagonalAndSource
 985/2029 Test #1450: Vorticity2DTest.UniformFlowHasZeroVorticity ..............................................................   Passed    0.20 sec
          Start 1399: CompressibleMomentumTimeDerivativeTest.RejectsNonPositiveDt
 986/2029 Test #1414: CaseSessionTest.OpenMissingDirectoryLeavesStateUnchangedAndSetsError .....................................   Passed    0.20 sec
          Start 1359: IdealGasEOSTest.RejectsNonFiniteGasConstant
 987/2029 Test #1940: PhaseConservationTest.OpenChannelAccumulationMatchesNetInflowMinusOutflow ................................   Passed    0.19 sec
          Start 1404: ProjectRunnerTest.MissingCaseDirectoryReportsInvalidCase
 988/2029 Test  #696: CaseWriterTest.BasicCaseRoundTripsExactly ................................................................   Passed    0.20 sec
          Start 1373: MachNumberTest.RejectsNonPositiveSpeedOfSound
 989/2029 Test #1378: CompressibleMassFluxTest.UniformDensityMatchesIncompressibleMassFluxExactly ..............................   Passed    0.14 sec
          Start  271: SparseMatrixTest.RepeatedMultiplyIsBitIdenticalRegardlessOfOpenMPThreadCount
 990/2029 Test #1368: ThermodynamicPropertiesTest.DensityDelegatesToTheEquationOfState .........................................   Passed    0.14 sec
          Start 1387: CompressibleMassFluxTest.MismatchedDensitySizeThrows
 991/2029 Test #1330: VolumeFractionConvectionTest.BoundaryOutflowUsesOwnerUnknownNotBoundaryValue .............................   Passed    0.14 sec
          Start 1367: ThermodynamicPropertiesTest.RejectsNonFiniteCp
 992/2029 Test    #8: CFDAppCli_does_not_converge ..............................................................................   Passed    0.27 sec
          Start 1390: CompressibleContinuityTest.TimeOnlyImbalanceWithZeroFlux
 993/2029 Test #1374: EvaluateDensityFieldTest.EvaluatesEveryCellFromItsOwnPressureAndTemperature ..............................   Passed    0.15 sec
          Start 1377: EvaluateDensityFieldTest.InvalidCellStateThrowsNamingTheCell
 994/2029 Test #1356: IdealGasEOSTest.RejectsNonPositivePressureOrTemperature ..................................................   Passed    0.15 sec
          Start 1353: IdealGasEOSTest.MatchesKnownStandardAtmosphereState
 995/2029 Test  #272: SparseMatrixBuilderTest.ReserveDoesNotChangeTheAssembledMatrix ...........................................   Passed    0.15 sec
          Start 1355: IdealGasEOSTest.DoublingTemperatureAtFixedPressureHalvesDensity
 996/2029 Test #1402: CompressibleMomentumComponentTest.NonUniformDensityChangesTheAssembledDiagonal ...........................   Passed    0.14 sec
          Start 1379: CompressibleMassFluxTest.InternalFaceUsesArithmeticMeanDensity
 997/2029 Test #1370: ThermodynamicPropertiesTest.SpeedOfSoundIsPositiveFiniteAndIncreasesWithSqrtT ............................   Passed    0.14 sec
          Start  647: LinearPropertyTest.MatchesReferenceValueAtReferenceTemperature
 998/2029 Test #1396: CompressibleMomentumTimeDerivativeTest.HandDerivedDiagonalAndSource ......................................   Passed    0.16 sec
          Start 1301: SpeciesBoundaryConditionTest.ZeroGradientGivesNoDiffusiveFluxThroughAnImpermeableWall
 999/2029 Test #1399: CompressibleMomentumTimeDerivativeTest.RejectsNonPositiveDt ..............................................   Passed    0.16 sec
          Start 1371: ThermodynamicPropertiesTest.SpeedOfSoundRejectsNonPositiveTemperature
1000/2029 Test #1359: IdealGasEOSTest.RejectsNonFiniteGasConstant ..............................................................   Passed    0.16 sec
          Start 1391: CompressibleContinuityTest.SteadyStateWithBalancedFluxGivesZeroImbalance
1001/2029 Test #1404: ProjectRunnerTest.MissingCaseDirectoryReportsInvalidCase .................................................   Passed    0.17 sec
          Start 1340: AlphaBoundsTest.ReportsMinAndMax
1002/2029 Test #1373: MachNumberTest.RejectsNonPositiveSpeedOfSound ............................................................   Passed    0.16 sec
          Start 1335: VolumeFractionTransportEquationTest.ZeroVelocityPreservesAlphaExactly
1003/2029 Test  #271: SparseMatrixTest.RepeatedMultiplyIsBitIdenticalRegardlessOfOpenMPThreadCount .............................   Passed    0.16 sec
          Start 1395: CompressibleContinuityTest.RejectsNonPositiveOrNonFiniteDt
1004/2029 Test #1387: CompressibleMassFluxTest.MismatchedDensitySizeThrows .....................................................   Passed    0.17 sec
          Start 1363: IdealGasEOSTest.DDensityDTemperatureIsNegative
1005/2029 Test #1367: ThermodynamicPropertiesTest.RejectsNonFiniteCp ...........................................................   Passed    0.16 sec
          Start 1089: EnergyEquationVariablePropertiesTest.CombinerRepeatedAssemblyIsDeterministic
1006/2029 Test #1390: CompressibleContinuityTest.TimeOnlyImbalanceWithZeroFlux .................................................   Passed    0.19 sec
          Start 1286: SpeciesEquationDiffusionTest.ZeroDiffusionCoefficientGivesZeroDiffusiveContribution
1007/2029 Test #1377: EvaluateDensityFieldTest.InvalidCellStateThrowsNamingTheCell .............................................   Passed    0.19 sec
          Start 1280: SpeciesPropertiesTest.RejectsNegativeDiffusivity
1008/2029 Test #1353: IdealGasEOSTest.MatchesKnownStandardAtmosphereState ......................................................   Passed    0.20 sec
          Start  664: EvaluatePropertyFieldTest.AllowsNonPositiveResultWhenNotRequired
1009/2029 Test #1355: IdealGasEOSTest.DoublingTemperatureAtFixedPressureHalvesDensity ..........................................   Passed    0.20 sec
          Start 1361: IdealGasEOSTest.DDensityDPressureIsIndependentOfPressure
1010/2029 Test #1379: CompressibleMassFluxTest.InternalFaceUsesArithmeticMeanDensity ...........................................   Passed    0.20 sec
          Start 1345: VolumeFractionSolverTest.ConvergesForASimpleUniformInletFlow
1011/2029 Test  #647: LinearPropertyTest.MatchesReferenceValueAtReferenceTemperature ...........................................   Passed    0.18 sec
          Start 1375: EvaluateDensityFieldTest.UniformStateGivesUniformDensity
1012/2029 Test #1301: SpeciesBoundaryConditionTest.ZeroGradientGivesNoDiffusiveFluxThroughAnImpermeableWall ....................   Passed    0.17 sec
          Start 1400: CompressibleMomentumComponentTest.ConstantDensityReproducesTransientMomentumExactly
1013/2029 Test #1371: ThermodynamicPropertiesTest.SpeedOfSoundRejectsNonPositiveTemperature ....................................   Passed    0.16 sec
          Start 1289: SpeciesEquationConvectionTest.BoundaryOutflowUsesOwnerUnknownNotBoundaryValue
1014/2029 Test #1391: CompressibleContinuityTest.SteadyStateWithBalancedFluxGivesZeroImbalance .................................   Passed    0.17 sec
          Start 1321: TwoPhaseSystemTest.MixtureDensityAtCanonicalAlphaValues
1015/2029 Test #1340: AlphaBoundsTest.ReportsMinAndMax .........................................................................   Passed    0.16 sec
          Start 1294: SpeciesEquationAssemblyTest.CombinedAssemblyUsesDensityTimesDiffusivityAsCoefficient
1016/2029 Test #1335: VolumeFractionTransportEquationTest.ZeroVelocityPreservesAlphaExactly ....................................   Passed    0.17 sec
          Start 1341: PhaseVolumeTest.MatchesHandDerivedSum
1017/2029 Test #1395: CompressibleContinuityTest.RejectsNonPositiveOrNonFiniteDt ...............................................   Passed    0.17 sec
          Start 1349: VolumeFractionSolverTest.NonFiniteStateForNonFiniteAlphaOld
1018/2029 Test #1363: IdealGasEOSTest.DDensityDTemperatureIsNegative ...........................................................   Passed    0.23 sec
          Start 1344: VolumeFractionSolverTest.ZeroVelocityPreservesAlphaThroughAnActualSolve
1019/2029 Test #1089: EnergyEquationVariablePropertiesTest.CombinerRepeatedAssemblyIsDeterministic .............................   Passed    0.22 sec
          Start 1366: ThermodynamicPropertiesTest.RejectsCpNotGreaterThanR
1020/2029 Test #1286: SpeciesEquationDiffusionTest.ZeroDiffusionCoefficientGivesZeroDiffusiveContribution ......................   Passed    0.21 sec
          Start  662: EvaluatePropertyFieldTest.ConstantPropertyGivesAUniformField
1021/2029 Test #1280: SpeciesPropertiesTest.RejectsNegativeDiffusivity .........................................................   Passed    0.22 sec
          Start 1333: VolumeFractionConvectionTest.MismatchedAlphaSizeThrows
1022/2029 Test  #664: EvaluatePropertyFieldTest.AllowsNonPositiveResultWhenNotRequired .........................................   Passed    0.21 sec
          Start 1392: CompressibleContinuityTest.CombinedTimeAndFluxHandDerived
1023/2029 Test #1361: IdealGasEOSTest.DDensityDPressureIsIndependentOfPressure .................................................   Passed    0.22 sec
          Start    5: CFDAppCli_bad_boundary
1024/2029 Test #1345: VolumeFractionSolverTest.ConvergesForASimpleUniformInletFlow .............................................   Passed    0.22 sec
          Start 1334: VolumeFractionConvectionTest.MismatchedMassFluxSizeThrows
1025/2029 Test #1375: EvaluateDensityFieldTest.UniformStateGivesUniformDensity .................................................   Passed    0.22 sec
          Start 1338: VolumeFractionTransportEquationTest.RejectsNonPositiveOrNonFiniteDt
1026/2029 Test #1400: CompressibleMomentumComponentTest.ConstantDensityReproducesTransientMomentumExactly ......................   Passed    0.23 sec
          Start 1328: EvaluateMixtureFieldTest.MismatchedAlphaSizeThrows
1027/2029 Test #1289: SpeciesEquationConvectionTest.BoundaryOutflowUsesOwnerUnknownNotBoundaryValue ............................   Passed    0.24 sec
          Start 1322: TwoPhaseSystemTest.MixtureViscosityAtCanonicalAlphaValues
1028/2029 Test #1321: TwoPhaseSystemTest.MixtureDensityAtCanonicalAlphaValues ..................................................   Passed    0.23 sec
          Start 1081: EnergyEquationVariablePropertiesTest.DiffusionMismatchedConductivityFieldSizeThrows
1029/2029 Test #1294: SpeciesEquationAssemblyTest.CombinedAssemblyUsesDensityTimesDiffusivityAsCoefficient .....................   Passed    0.24 sec
          Start 1086: EnergyEquationVariablePropertiesTest.CombinerUniformFieldsMatchScalarThermalProperties
1030/2029 Test #1341: PhaseVolumeTest.MatchesHandDerivedSum ....................................................................   Passed    0.23 sec
          Start 1314: PhasePropertiesTest.StoresNameDensityAndViscosity
1031/2029 Test #1349: VolumeFractionSolverTest.NonFiniteStateForNonFiniteAlphaOld ..............................................   Passed    0.18 sec
          Start 1358: IdealGasEOSTest.RejectsNonPositiveGasConstant
1032/2029 Test #1344: VolumeFractionSolverTest.ZeroVelocityPreservesAlphaThroughAnActualSolve ..................................   Passed    0.17 sec
          Start 1327: EvaluateMixtureFieldTest.MinMaxBoundsMatchTheLinearLawsRange
1033/2029 Test #1366: ThermodynamicPropertiesTest.RejectsCpNotGreaterThanR .....................................................   Passed    0.17 sec
          Start 1365: ThermodynamicPropertiesTest.DerivesCvAndGammaFromRAndCp
1034/2029 Test  #662: EvaluatePropertyFieldTest.ConstantPropertyGivesAUniformField .............................................   Passed    0.16 sec
          Start  668: MomentumVariableViscosityTest.InternalFaceMatchesHandDerivedLinearMuValue
1035/2029 Test #1333: VolumeFractionConvectionTest.MismatchedAlphaSizeThrows ...................................................   Passed    0.16 sec
          Start 1362: IdealGasEOSTest.DDensityDTemperatureMatchesAnalyticalFormula
1036/2029 Test #1392: CompressibleContinuityTest.CombinedTimeAndFluxHandDerived ................................................   Passed    0.16 sec
          Start 1364: IdealGasEOSTest.PressureCorrectionGivesExpectedDensityCorrection
1037/2029 Test #1334: VolumeFractionConvectionTest.MismatchedMassFluxSizeThrows ................................................   Passed    0.15 sec
          Start  648: LinearPropertyTest.MatchesHandWorkedValuesAboveAndBelowReference
1038/2029 Test #1338: VolumeFractionTransportEquationTest.RejectsNonPositiveOrNonFiniteDt ......................................   Passed    0.15 sec
          Start 1398: CompressibleMomentumTimeDerivativeTest.MismatchedSizeThrows
1039/2029 Test #1328: EvaluateMixtureFieldTest.MismatchedAlphaSizeThrows .......................................................   Passed    0.15 sec
          Start 1939: PhaseConservationTest.ClosedDomainConservesPhaseVolumeOverManySteps
1040/2029 Test #1322: TwoPhaseSystemTest.MixtureViscosityAtCanonicalAlphaValues ................................................   Passed    0.15 sec
          Start 1937: AlphaAdvectionValidation.GridRefinementReducesInterfaceSmearing
1041/2029 Test #1081: EnergyEquationVariablePropertiesTest.DiffusionMismatchedConductivityFieldSizeThrows ......................   Passed    0.14 sec
          Start 1376: EvaluateDensityFieldTest.MismatchedSizeThrows
1042/2029 Test #1086: EnergyEquationVariablePropertiesTest.CombinerUniformFieldsMatchScalarThermalProperties ...................   Passed    0.14 sec
          Start 1337: VolumeFractionTransportEquationTest.MismatchedAlphaOldSizeThrows
1043/2029 Test    #5: CFDAppCli_bad_boundary ...................................................................................   Passed    0.23 sec
          Start 1386: CompressibleMassFluxTest.MismatchedVelocitySizeThrows
1044/2029 Test #1314: PhasePropertiesTest.StoresNameDensityAndViscosity ........................................................   Passed    0.14 sec
          Start 1935: UniformAlphaPreservationTest.ZeroVelocityPreservesANonUniformFieldOverManySteps
1045/2029 Test #1358: IdealGasEOSTest.RejectsNonPositiveGasConstant ............................................................   Passed    0.17 sec
          Start 1283: SpeciesEquationDiffusionTest.TwoCellSystemMatchesHandDerivedCoefficients
1046/2029 Test #1327: EvaluateMixtureFieldTest.MinMaxBoundsMatchTheLinearLawsRange .............................................   Passed    0.19 sec
          Start 1343: PhaseVolumeTest.MismatchedAlphaSizeThrows
1047/2029 Test #1365: ThermodynamicPropertiesTest.DerivesCvAndGammaFromRAndCp ..................................................   Passed    0.21 sec
          Start 1332: VolumeFractionConvectionTest.ConstantAlphaWithDivergenceFreeFluxGivesZeroNetContribution
1048/2029 Test  #668: MomentumVariableViscosityTest.InternalFaceMatchesHandDerivedLinearMuValue ................................   Passed    0.22 sec
          Start 1316: PhasePropertiesTest.RejectsZeroOrNegativeDensity
1049/2029 Test #1362: IdealGasEOSTest.DDensityDTemperatureMatchesAnalyticalFormula .............................................   Passed    0.24 sec
          Start 1293: SpeciesEquationSourceTest.RejectsNonFiniteSource
1050/2029 Test #1364: IdealGasEOSTest.PressureCorrectionGivesExpectedDensityCorrection .........................................   Passed    0.24 sec
          Start  656: TabulatedPropertyTest.ReportsTableRange
1051/2029 Test  #648: LinearPropertyTest.MatchesHandWorkedValuesAboveAndBelowReference .........................................   Passed    0.24 sec
          Start 1348: VolumeFractionSolverTest.InvalidConfigurationForNonPositiveDt
1052/2029 Test #1398: CompressibleMomentumTimeDerivativeTest.MismatchedSizeThrows ..............................................   Passed    0.25 sec
          Start 1307: SpeciesSolverTest.MaxIterationsWhenOuterBudgetTooSmall
1053/2029 Test #1939: PhaseConservationTest.ClosedDomainConservesPhaseVolumeOverManySteps ......................................   Passed    0.25 sec
          Start 1317: PhasePropertiesTest.RejectsZeroOrNegativeViscosity
1054/2029 Test #1937: AlphaAdvectionValidation.GridRefinementReducesInterfaceSmearing ..........................................   Passed    0.24 sec
          Start 1357: IdealGasEOSTest.RejectsNonFinitePressureOrTemperature
1055/2029 Test #1376: EvaluateDensityFieldTest.MismatchedSizeThrows ............................................................   Passed    0.24 sec
          Start 1083: EnergyEquationVariablePropertiesTest.ConvectionUsesUpwindCellsOwnSpecificHeat
1056/2029 Test #1337: VolumeFractionTransportEquationTest.MismatchedAlphaOldSizeThrows .........................................   Passed    0.24 sec
          Start 1292: SpeciesEquationSourceTest.AddsSTimesVolumeExactly
1057/2029 Test #1386: CompressibleMassFluxTest.MismatchedVelocitySizeThrows ....................................................   Passed    0.24 sec
          Start 1303: ConcentrationBoundsTest.DoesNotModifyTheField
1058/2029 Test #1935: UniformAlphaPreservationTest.ZeroVelocityPreservesANonUniformFieldOverManySteps ..........................   Passed    0.21 sec
          Start 1351: VolumeFractionSolverTest.LinearSolveFailureWhenInnerSolverIsStarved
1059/2029 Test #1283: SpeciesEquationDiffusionTest.TwoCellSystemMatchesHandDerivedCoefficients .................................   Passed    0.20 sec
          Start 1087: EnergyEquationVariablePropertiesTest.CombinerProducesCorrectDimensionsAndIsFinite
1060/2029 Test #1343: PhaseVolumeTest.MismatchedAlphaSizeThrows ................................................................   Passed    0.18 sec
          Start 1336: VolumeFractionTransportEquationTest.TimeDerivativeCoefficientMatchesVolumeOverDt
1061/2029 Test #1332: VolumeFractionConvectionTest.ConstantAlphaWithDivergenceFreeFluxGivesZeroNetContribution .................   Passed    0.17 sec
          Start 1934: UniformAlphaPreservationTest.DivergenceFreeChannelFlowPreservesUniformAlphaOverManySteps
1062/2029 Test #1316: PhasePropertiesTest.RejectsZeroOrNegativeDensity .........................................................   Passed    0.15 sec
          Start 1350: VolumeFractionSolverTest.NonFiniteStateForNonFiniteMassFlux
1063/2029 Test #1293: SpeciesEquationSourceTest.RejectsNonFiniteSource .........................................................   Passed    0.14 sec
          Start 1938: PhaseConservationTest.ClosedDomainConservesPhaseVolumeWithCirculatingInternalFlux
1064/2029 Test  #656: TabulatedPropertyTest.ReportsTableRange ..................................................................   Passed    0.15 sec
          Start    6: CFDAppCli_bad_solver
1065/2029 Test #1348: VolumeFractionSolverTest.InvalidConfigurationForNonPositiveDt ............................................   Passed    0.14 sec
          Start 1102: ThermalSolverVariablePropertiesTest.InvalidConfigurationForMismatchedTemperatureSize
1066/2029 Test #1307: SpeciesSolverTest.MaxIterationsWhenOuterBudgetTooSmall ...................................................   Passed    0.13 sec
          Start 1309: SpeciesSolverTest.InvalidConfigurationForZeroOuterMaxIterations
1067/2029 Test #1317: PhasePropertiesTest.RejectsZeroOrNegativeViscosity .......................................................   Passed    0.13 sec
          Start 1326: EvaluateMixtureFieldTest.EvaluatesEveryCellFromItsOwnAlpha
1068/2029 Test #1357: IdealGasEOSTest.RejectsNonFinitePressureOrTemperature ....................................................   Passed    0.13 sec
          Start 1278: SpeciesPropertiesTest.AllowsZeroDiffusivityForPureAdvection
1069/2029 Test #1083: EnergyEquationVariablePropertiesTest.ConvectionUsesUpwindCellsOwnSpecificHeat ............................   Passed    0.14 sec
          Start  783: BoussinesqCaseTest.RejectsUnknownKey
1070/2029 Test #1292: SpeciesEquationSourceTest.AddsSTimesVolumeExactly ........................................................   Passed    0.14 sec
          Start 1394: CompressibleContinuityTest.MismatchedMassFluxSizeThrows
1071/2029 Test #1303: ConcentrationBoundsTest.DoesNotModifyTheField ............................................................   Passed    0.14 sec
          Start 1397: CompressibleMomentumTimeDerivativeTest.ConstantDensityMatchesIncompressibleFormula
1072/2029 Test #1351: VolumeFractionSolverTest.LinearSolveFailureWhenInnerSolverIsStarved ......................................   Passed    0.14 sec
          Start 1281: SpeciesPropertiesTest.RejectsNonFiniteDiffusivity
1073/2029 Test #1087: EnergyEquationVariablePropertiesTest.CombinerProducesCorrectDimensionsAndIsFinite ........................   Passed    0.14 sec
          Start 1393: CompressibleContinuityTest.MismatchedDensityOldSizeThrows
1074/2029 Test #1336: VolumeFractionTransportEquationTest.TimeDerivativeCoefficientMatchesVolumeOverDt .........................   Passed    0.14 sec
          Start 1331: VolumeFractionConvectionTest.BoundaryInflowUsesBoundaryValueOnRhs
1075/2029 Test #1934: UniformAlphaPreservationTest.DivergenceFreeChannelFlowPreservesUniformAlphaOverManySteps .................   Passed    0.15 sec
          Start 1300: SpeciesBoundaryConditionTest.FixedValueActsAsDirichletInflowSource
1076/2029 Test #1350: VolumeFractionSolverTest.NonFiniteStateForNonFiniteMassFlux ..............................................   Passed    0.15 sec
          Start 1324: TwoPhaseSystemTest.RejectsNonFiniteAlpha
1077/2029 Test #1938: PhaseConservationTest.ClosedDomainConservesPhaseVolumeWithCirculatingInternalFlux ........................   Passed    0.14 sec
          Start 1079: EnergyEquationVariablePropertiesTest.DiffusionBoundaryFaceUsesOwnerConductivityDirectly
1078/2029 Test    #6: CFDAppCli_bad_solver .....................................................................................   Passed    0.15 sec
          Start 1342: PhaseVolumeTest.UniformAlphaGivesAlphaTimesDomainVolume
1079/2029 Test #1102: ThermalSolverVariablePropertiesTest.InvalidConfigurationForMismatchedTemperatureSize .....................   Passed    0.15 sec
          Start 1354: IdealGasEOSTest.DoublingPressureAtFixedTemperatureDoublesDensity
1080/2029 Test #1309: SpeciesSolverTest.InvalidConfigurationForZeroOuterMaxIterations ..........................................   Passed    0.15 sec
          Start 1284: SpeciesEquationDiffusionTest.InternalFaceCoefficientsAreSymmetric
1081/2029 Test #1326: EvaluateMixtureFieldTest.EvaluatesEveryCellFromItsOwnAlpha ...............................................   Passed    0.15 sec
          Start 1318: PhasePropertiesTest.RejectsNonFiniteDensityOrViscosity
1082/2029 Test #1278: SpeciesPropertiesTest.AllowsZeroDiffusivityForPureAdvection ..............................................   Passed    0.15 sec
          Start 1287: SpeciesEquationDiffusionTest.MismatchedConcentrationSizeThrows
1083/2029 Test  #783: BoussinesqCaseTest.RejectsUnknownKey .....................................................................   Passed    0.15 sec
          Start 1347: VolumeFractionSolverTest.InvalidConfigurationForMismatchedMassFluxSize
1084/2029 Test #1394: CompressibleContinuityTest.MismatchedMassFluxSizeThrows ..................................................   Passed    0.15 sec
          Start  644: ConstantPropertyTest.ReturnsTheSameValueForAnyTemperature
1085/2029 Test #1397: CompressibleMomentumTimeDerivativeTest.ConstantDensityMatchesIncompressibleFormula .......................   Passed    0.15 sec
          Start 1306: SpeciesSolverTest.InvalidConfigurationForMismatchedMassFluxSize
1086/2029 Test #1281: SpeciesPropertiesTest.RejectsNonFiniteDiffusivity ........................................................   Passed    0.15 sec
          Start 1310: SpeciesSolverTest.NonFiniteStateForNonFiniteInitialConcentration
1087/2029 Test #1393: CompressibleContinuityTest.MismatchedDensityOldSizeThrows ................................................   Passed    0.14 sec
          Start 1329: VolumeFractionConvectionTest.PositiveInternalFluxSelectsOwnerNegativeSelectsNeighbor
1088/2029 Test #1331: VolumeFractionConvectionTest.BoundaryInflowUsesBoundaryValueOnRhs ........................................   Passed    0.16 sec
          Start  779: BoussinesqCaseTest.RejectsUnsupportedBuoyancyModel
1089/2029 Test #1300: SpeciesBoundaryConditionTest.FixedValueActsAsDirichletInflowSource .......................................   Passed    0.15 sec
          Start 1078: EnergyEquationVariablePropertiesTest.DiffusionInternalFaceMatchesHandDerivedValue
1090/2029 Test #1324: TwoPhaseSystemTest.RejectsNonFiniteAlpha .................................................................   Passed    0.16 sec
          Start 1285: SpeciesEquationDiffusionTest.ConstantConcentrationGivesZeroContributionEverywhere
1091/2029 Test #1079: EnergyEquationVariablePropertiesTest.DiffusionBoundaryFaceUsesOwnerConductivityDirectly ..................   Passed    0.15 sec
          Start 1346: VolumeFractionSolverTest.InvalidConfigurationForMismatchedAlphaSize
1092/2029 Test #1342: PhaseVolumeTest.UniformAlphaGivesAlphaTimesDomainVolume ..................................................   Passed    0.15 sec
          Start  666: DensityPropertyDemonstrationTest.LinearDensityModelFeedsThermalDiffusivityPerCell
1093/2029 Test #1354: IdealGasEOSTest.DoublingPressureAtFixedTemperatureDoublesDensity .........................................   Passed    0.16 sec
          Start 1308: SpeciesSolverTest.LinearSolveFailureWhenInnerSolverIsStarved
1094/2029 Test #1284: SpeciesEquationDiffusionTest.InternalFaceCoefficientsAreSymmetric ........................................   Passed    0.16 sec
          Start  774: BoussinesqCaseTest.ThermalWithoutBuoyancyHasNoBuoyancyConfig
1095/2029 Test #1318: PhasePropertiesTest.RejectsNonFiniteDensityOrViscosity ...................................................   Passed    0.15 sec
          Start  782: BoussinesqCaseTest.RejectsMissingGravity
1096/2029 Test #1287: SpeciesEquationDiffusionTest.MismatchedConcentrationSizeThrows ...........................................   Passed    0.15 sec
          Start  663: EvaluatePropertyFieldTest.RejectsNonPositiveResultWhenRequired
1097/2029 Test #1347: VolumeFractionSolverTest.InvalidConfigurationForMismatchedMassFluxSize ...................................   Passed    0.16 sec
          Start  654: TabulatedPropertyTest.ClampsBelowRangeToTheFirstValue
1098/2029 Test  #644: ConstantPropertyTest.ReturnsTheSameValueForAnyTemperature ................................................   Passed    0.16 sec
          Start  784: BoussinesqCaseTest.RejectsNonFiniteGravityComponent
1099/2029 Test #1306: SpeciesSolverTest.InvalidConfigurationForMismatchedMassFluxSize ..........................................   Passed    0.16 sec
          Start 1277: SpeciesPropertiesTest.StoresNameAndDiffusivity
1100/2029 Test #1310: SpeciesSolverTest.NonFiniteStateForNonFiniteInitialConcentration .........................................   Passed    0.16 sec
          Start  641: BoussinesqBuoyancyTest.DoublingCellVolumeDoublesIntegratedSource
1101/2029 Test #1329: VolumeFractionConvectionTest.PositiveInternalFluxSelectsOwnerNegativeSelectsNeighbor .....................   Passed    0.15 sec
          Start  631: BoussinesqBuoyancyTest.RejectsNonFiniteTemperature
1102/2029 Test #1078: EnergyEquationVariablePropertiesTest.DiffusionInternalFaceMatchesHandDerivedValue ........................   Passed    0.14 sec
          Start  775: BoussinesqCaseTest.ParsesBuoyancyConfigWhenEnabled
1103/2029 Test  #779: BoussinesqCaseTest.RejectsUnsupportedBuoyancyModel .......................................................   Passed    0.16 sec
          Start  757: TurbulenceCaseTest.BuilderConstructsSSTConfigAndBoundaries
1104/2029 Test #1285: SpeciesEquationDiffusionTest.ConstantConcentrationGivesZeroContributionEverywhere ........................   Passed    0.15 sec
          Start 1943: SinglePhaseEquivalenceTest.EqualPhasePropertiesDecoupleMomentumFromAlpha
1105/2029 Test #1346: VolumeFractionSolverTest.InvalidConfigurationForMismatchedAlphaSize ......................................   Passed    0.15 sec
          Start 1084: EnergyEquationVariablePropertiesTest.ConvectionSwitchesToNeighborsSpecificHeatWhenItIsUpwind
1106/2029 Test  #666: DensityPropertyDemonstrationTest.LinearDensityModelFeedsThermalDiffusivityPerCell ........................   Passed    0.15 sec
          Start 1928: SpeciesConservationTest.ClosedZeroFluxDomainWithConvectionAlsoConservesForAnyField
1107/2029 Test #1308: SpeciesSolverTest.LinearSolveFailureWhenInnerSolverIsStarved .............................................   Passed    0.15 sec
          Start  651: TabulatedPropertyTest.RecoversExactTableNodes
1108/2029 Test  #774: BoussinesqCaseTest.ThermalWithoutBuoyancyHasNoBuoyancyConfig .............................................   Passed    0.15 sec
          Start 1298: SpeciesEquationAssemblyTest.NonFiniteConcentrationAtGradientBoundaryThrowsNumericalError
1109/2029 Test  #782: BoussinesqCaseTest.RejectsMissingGravity .................................................................   Passed    0.16 sec
          Start  776: BoussinesqCaseTest.BuilderConstructsBoussinesqBuoyancyWithFluidDensity
1110/2029 Test  #663: EvaluatePropertyFieldTest.RejectsNonPositiveResultWhenRequired ...........................................   Passed    0.16 sec
          Start  637: BoussinesqBuoyancyTest.ReversingGravityReversesTheHotCellDirection
1111/2029 Test  #654: TabulatedPropertyTest.ClampsBelowRangeToTheFirstValue ....................................................   Passed    0.16 sec
          Start 1900: RestartResumeTest.ResumedTransientSolverContinuesFromSnapshotStateAndTime
1112/2029 Test  #784: BoussinesqCaseTest.RejectsNonFiniteGravityComponent ......................................................   Passed    0.15 sec
          Start  640: BoussinesqBuoyancyTest.MomentumContributionScalesWithCellVolume
1113/2029 Test #1277: SpeciesPropertiesTest.StoresNameAndDiffusivity ...........................................................   Passed    0.15 sec
          Start  655: TabulatedPropertyTest.ClampsAboveRangeToTheLastValue
1114/2029 Test  #641: BoussinesqBuoyancyTest.DoublingCellVolumeDoublesIntegratedSource .........................................   Passed    0.15 sec
          Start  781: BoussinesqCaseTest.RejectsMissingReferenceTemperature
1115/2029 Test  #631: BoussinesqBuoyancyTest.RejectsNonFiniteTemperature .......................................................   Passed    0.15 sec
          Start 1325: TwoPhaseSystemTest.DoesNotRejectOutOfRangeAlpha
1116/2029 Test  #775: BoussinesqCaseTest.ParsesBuoyancyConfigWhenEnabled .......................................................   Passed    0.14 sec
          Start 1194: KEpsilonModelTest.ConvergenceResidualIsNulloptBeforeFirstCorrect
1117/2029 Test  #757: TurbulenceCaseTest.BuilderConstructsSSTConfigAndBoundaries ...............................................   Passed    0.14 sec
          Start 1320: TwoPhaseSystemTest.StoresBothPhases
1118/2029 Test #1943: SinglePhaseEquivalenceTest.EqualPhasePropertiesDecoupleMomentumFromAlpha .................................   Passed    0.15 sec
          Start  652: TabulatedPropertyTest.MidpointInterpolationMatchesHandWorkedValue
1119/2029 Test #1084: EnergyEquationVariablePropertiesTest.ConvectionSwitchesToNeighborsSpecificHeatWhenItIsUpwind .............   Passed    0.13 sec
          Start 1288: SpeciesEquationConvectionTest.PositiveInternalFluxSelectsOwnerNegativeSelectsNeighbor
1120/2029 Test #1928: SpeciesConservationTest.ClosedZeroFluxDomainWithConvectionAlsoConservesForAnyField .......................   Passed    0.13 sec
          Start 1323: TwoPhaseSystemTest.DeterministicRepeatedEvaluation
1121/2029 Test  #651: TabulatedPropertyTest.RecoversExactTableNodes ............................................................   Passed    0.13 sec
          Start 1319: PhasePropertiesTest.TwoPhasesKeepIndependentIdentity
1122/2029 Test #1298: SpeciesEquationAssemblyTest.NonFiniteConcentrationAtGradientBoundaryThrowsNumericalError .................   Passed    0.13 sec
          Start  365: BoundaryConditionSetTest.RejectsDuplicateAssignment
1123/2029 Test  #776: BoussinesqCaseTest.BuilderConstructsBoussinesqBuoyancyWithFluidDensity ...................................   Passed    0.14 sec
          Start  650: LinearPropertyTest.AcceptsZeroSlopeAsAnEquivalentOfConstant
1124/2029 Test  #637: BoussinesqBuoyancyTest.ReversingGravityReversesTheHotCellDirection .......................................   Passed    0.14 sec
          Start 1297: SpeciesEquationAssemblyTest.MismatchedMassFluxSizeThrows
1125/2029 Test #1900: RestartResumeTest.ResumedTransientSolverContinuesFromSnapshotStateAndTime ................................   Passed    0.14 sec
          Start  643: BoussinesqBuoyancyTest.MismatchedTemperatureSizeThrows
1126/2029 Test  #640: BoussinesqBuoyancyTest.MomentumContributionScalesWithCellVolume ..........................................   Passed    0.15 sec
          Start 1339: VolumeFractionTransportEquationTest.RepeatedAssemblyIsDeterministic
1127/2029 Test  #655: TabulatedPropertyTest.ClampsAboveRangeToTheLastValue .....................................................   Passed    0.16 sec
          Start 1295: SpeciesEquationAssemblyTest.ProducesCorrectDimensions
1128/2029 Test  #781: BoussinesqCaseTest.RejectsMissingReferenceTemperature ....................................................   Passed    0.16 sec
          Start  778: BoussinesqCaseTest.RejectsBuoyancyWithoutThermal
1129/2029 Test #1325: TwoPhaseSystemTest.DoesNotRejectOutOfRangeAlpha ..........................................................   Passed    0.17 sec
          Start  653: TabulatedPropertyTest.InterpolatesWithinAnArbitraryBracket
1130/2029 Test #1194: KEpsilonModelTest.ConvergenceResidualIsNulloptBeforeFirstCorrect .........................................   Passed    0.17 sec
          Start  659: TabulatedPropertyTest.RejectsNonIncreasingTemperatures
1131/2029 Test #1320: TwoPhaseSystemTest.StoresBothPhases ......................................................................   Passed    0.16 sec
          Start  646: ConstantPropertyTest.RejectsNonFiniteTemperatureQuery
1132/2029 Test  #652: TabulatedPropertyTest.MidpointInterpolationMatchesHandWorkedValue ........................................   Passed    0.17 sec
          Start  692: CaseReaderTest.ManifestReferencingFileOutsideCaseDirectoryIsRejected
1133/2029 Test #1288: SpeciesEquationConvectionTest.PositiveInternalFluxSelectsOwnerNegativeSelectsNeighbor ....................   Passed    0.18 sec
          Start 1279: SpeciesPropertiesTest.RejectsEmptyName
1134/2029 Test #1323: TwoPhaseSystemTest.DeterministicRepeatedEvaluation .......................................................   Passed    0.17 sec
          Start 1290: SpeciesEquationConvectionTest.BoundaryInflowUsesBoundaryValueOnRhs
1135/2029 Test #1319: PhasePropertiesTest.TwoPhasesKeepIndependentIdentity .....................................................   Passed    0.17 sec
          Start 1372: MachNumberTest.MatchesSpeedOverSoundSpeed
1136/2029 Test  #365: BoundaryConditionSetTest.RejectsDuplicateAssignment ......................................................   Passed    0.18 sec
          Start 1658: SecondPressureCorrectionTest.FullFirstCorrectionGivesExactlyZeroSecondCorrection
1137/2029 Test  #650: LinearPropertyTest.AcceptsZeroSlopeAsAnEquivalentOfConstant ..............................................   Passed    0.17 sec
          Start 1352: VolumeFractionSolverTest.RepeatedStepIsDeterministic
1138/2029 Test #1297: SpeciesEquationAssemblyTest.MismatchedMassFluxSizeThrows .................................................   Passed    0.16 sec
          Start 1299: SpeciesEquationAssemblyTest.RepeatedAssemblyIsDeterministic
1139/2029 Test  #643: BoussinesqBuoyancyTest.MismatchedTemperatureSizeThrows ...................................................   Passed    0.15 sec
          Start 1315: PhasePropertiesTest.RejectsEmptyName
1140/2029 Test #1339: VolumeFractionTransportEquationTest.RepeatedAssemblyIsDeterministic ......................................   Passed    0.15 sec
          Start 1360: IdealGasEOSTest.DDensityDPressureMatchesAnalyticalFormula
1141/2029 Test #1295: SpeciesEquationAssemblyTest.ProducesCorrectDimensions ....................................................   Passed    0.14 sec
          Start  670: MomentumVariableViscosityTest.StrongTemperatureContrastIncreasesLocalDiffusionAsymmetrically
1142/2029 Test  #778: BoussinesqCaseTest.RejectsBuoyancyWithoutThermal .........................................................   Passed    0.14 sec
          Start  649: LinearPropertyTest.RejectsNonFiniteConstructorArguments
1143/2029 Test  #653: TabulatedPropertyTest.InterpolatesWithinAnArbitraryBracket ...............................................   Passed    0.14 sec
          Start  665: EvaluatePropertyFieldTest.MismatchedTemperatureSizeThrows
1144/2029 Test  #659: TabulatedPropertyTest.RejectsNonIncreasingTemperatures ...................................................   Passed    0.14 sec
          Start 1369: ThermodynamicPropertiesTest.SpeedOfSoundMatchesAnalyticalFormula
1145/2029 Test  #646: ConstantPropertyTest.RejectsNonFiniteTemperatureQuery ....................................................   Passed    0.13 sec
          Start 1401: CompressibleMomentumComponentTest.MismatchedVelocitySizeThrows
1146/2029 Test  #692: CaseReaderTest.ManifestReferencingFileOutsideCaseDirectoryIsRejected .....................................   Passed    0.12 sec
          Start    4: CFDAppCli_bad_physics
1147/2029 Test #1279: SpeciesPropertiesTest.RejectsEmptyName ...................................................................   Passed    0.12 sec
          Start 1296: SpeciesEquationAssemblyTest.MismatchedConcentrationSizeThrows
1148/2029 Test #1290: SpeciesEquationConvectionTest.BoundaryInflowUsesBoundaryValueOnRhs .......................................   Passed    0.12 sec
          Start 1103: ThermalSolverVariablePropertiesTest.NonFiniteStateWhenPropertyModelPredictsNonPositiveValue
1149/2029 Test #1372: MachNumberTest.MatchesSpeedOverSoundSpeed ................................................................   Passed    0.13 sec
          Start 1302: ConcentrationBoundsTest.ReportsMinAndMax
1150/2029 Test #1658: SecondPressureCorrectionTest.FullFirstCorrectionGivesExactlyZeroSecondCorrection .........................   Passed    0.14 sec
          Start  990: TransientSolverTest.CatchesNonFiniteStateEvenWhenStepperClaimsConverged
1151/2029 Test #1352: VolumeFractionSolverTest.RepeatedStepIsDeterministic .....................................................   Passed    0.14 sec
          Start 1899: RestartIOTest.ReadRejectsMismatchedVelocityComponentArrayLengths
1152/2029 Test #1299: SpeciesEquationAssemblyTest.RepeatedAssemblyIsDeterministic ..............................................   Passed    0.14 sec
          Start 1305: SpeciesSolverTest.InvalidConfigurationForMismatchedConcentrationSize
1153/2029 Test #1315: PhasePropertiesTest.RejectsEmptyName .....................................................................   Passed    0.14 sec
          Start  780: BoussinesqCaseTest.RejectsNegativeBeta
1154/2029 Test #1360: IdealGasEOSTest.DDensityDPressureMatchesAnalyticalFormula ................................................   Passed    0.14 sec
          Start  645: ConstantPropertyTest.RejectsNonFiniteReferenceValue
1155/2029 Test  #670: MomentumVariableViscosityTest.StrongTemperatureContrastIncreasesLocalDiffusionAsymmetrically .............   Passed    0.16 sec
          Start 1581: SIMPLEBuoyancyTest.RejectsMismatchedTemperatureSize
1156/2029 Test  #649: LinearPropertyTest.RejectsNonFiniteConstructorArguments ..................................................   Passed    0.17 sec
          Start  639: BoussinesqBuoyancyTest.HorizontalGravityProducesHorizontalSourceOnly
1157/2029 Test  #665: EvaluatePropertyFieldTest.MismatchedTemperatureSizeThrows ................................................   Passed    0.19 sec
          Start 1692: PisoTransientIntegrationTest.ShortenedFinalDtReachesEndTimeWithRealPiso
1158/2029 Test #1369: ThermodynamicPropertiesTest.SpeedOfSoundMatchesAnalyticalFormula .........................................   Passed    0.19 sec
          Start  623: MomentumAssemblyTest.ChannelAssemblyHasCorrectDimensionsAndFiniteCoefficients
1159/2029 Test #1401: CompressibleMomentumComponentTest.MismatchedVelocitySizeThrows ...........................................   Passed    0.19 sec
          Start  444: DiffusionTest.ZeroFluxBoundaryConservesGlobally
1160/2029 Test #1296: SpeciesEquationAssemblyTest.MismatchedConcentrationSizeThrows ............................................   Passed    0.18 sec
          Start  270: SparseMatrixTest.RejectsNonFiniteValues
1161/2029 Test #1103: ThermalSolverVariablePropertiesTest.NonFiniteStateWhenPropertyModelPredictsNonPositiveValue ..............   Passed    0.18 sec
          Start  971: TimeControllerTest.StartingStepAtOrAboveMaxStepsIsImmediatelyFinished
1162/2029 Test #1302: ConcentrationBoundsTest.ReportsMinAndMax .................................................................   Passed    0.16 sec
          Start 1080: EnergyEquationVariablePropertiesTest.RejectsNonFiniteOrNonPositiveConductivityField
1163/2029 Test    #4: CFDAppCli_bad_physics ....................................................................................   Passed    0.22 sec
          Start  694: CaseReaderTest.UnsupportedFormatVersionThrowsCaseConfigurationError
1164/2029 Test  #990: TransientSolverTest.CatchesNonFiniteStateEvenWhenStepperClaimsConverged ..................................   Passed    0.18 sec
          Start 1159: LaminarModelTest.TurbulentViscositySizeMatchesMesh
1165/2029 Test #1899: RestartIOTest.ReadRejectsMismatchedVelocityComponentArrayLengths .........................................   Passed    0.18 sec
          Start  864: JSONWriterTest.FiniteFlagReflectsActualFieldFiniteness
1166/2029 Test #1305: SpeciesSolverTest.InvalidConfigurationForMismatchedConcentrationSize .....................................   Passed    0.18 sec
          Start 1191: KEpsilonModelTest.TurbulentViscosityVanishesAsKVanishes
1167/2029 Test  #780: BoussinesqCaseTest.RejectsNegativeBeta ...................................................................   Passed    0.19 sec
          Start 1207: KOmegaModelTest.ConstructionIsDeterministicAcrossInstances
1168/2029 Test  #645: ConstantPropertyTest.RejectsNonFiniteReferenceValue ......................................................   Passed    0.19 sec
          Start  626: BoussinesqBuoyancyTest.ConstructsWithValidParameters
1169/2029 Test #1581: SIMPLEBuoyancyTest.RejectsMismatchedTemperatureSize ......................................................   Passed    0.17 sec
          Start  627: BoussinesqBuoyancyTest.RejectsNonPositiveReferenceDensity
1170/2029 Test  #639: BoussinesqBuoyancyTest.HorizontalGravityProducesHorizontalSourceOnly .....................................   Passed    0.16 sec
          Start  290: CGTest.MaxIterationsReportsFailureNotSuccess
1171/2029 Test #1692: PisoTransientIntegrationTest.ShortenedFinalDtReachesEndTimeWithRealPiso ..................................   Passed    0.16 sec
          Start 1887: RestartIOTest.RepeatedWriteIsByteIdentical
1172/2029 Test  #623: MomentumAssemblyTest.ChannelAssemblyHasCorrectDimensionsAndFiniteCoefficients ............................   Passed    0.16 sec
          Start 1085: EnergyEquationVariablePropertiesTest.RejectsNonFiniteOrNonPositiveSpecificHeatField
1173/2029 Test  #444: DiffusionTest.ZeroFluxBoundaryConservesGlobally ..........................................................   Passed    0.16 sec
          Start 1942: SinglePhaseEquivalenceTest.AlphaZeroReducesToPurePhase2MomentumAssemblyExactly
1174/2029 Test  #270: SparseMatrixTest.RejectsNonFiniteValues ..................................................................   Passed    0.16 sec
          Start  307: SolverFailureTest.BiCGSTABFailsBeforeIteratingOnNanRhs
1175/2029 Test  #971: TimeControllerTest.StartingStepAtOrAboveMaxStepsIsImmediatelyFinished ....................................   Passed    0.15 sec
          Start   20: CoreConstants.PiIsCorrect
1176/2029 Test #1080: EnergyEquationVariablePropertiesTest.RejectsNonFiniteOrNonPositiveConductivityField ......................   Passed    0.16 sec
          Start  667: MomentumVariableViscosityTest.ConstantPropertyReproducesScalarOverloadExactly
1177/2029 Test  #694: CaseReaderTest.UnsupportedFormatVersionThrowsCaseConfigurationError ......................................   Passed    0.15 sec
          Start 1219: WallDistanceTest.InletOutletSymmetryAreNeverMistakenForWalls
1178/2029 Test #1159: LaminarModelTest.TurbulentViscositySizeMatchesMesh .......................................................   Passed    0.14 sec
          Start  634: BoussinesqBuoyancyTest.ZeroGravityGivesZeroSourceForAnyTemperature
1179/2029 Test  #864: JSONWriterTest.FiniteFlagReflectsActualFieldFiniteness ...................................................   Passed    0.14 sec
          Start  751: TurbulenceCaseTest.BuilderConstructsKEpsilonConfigAndBoundaries
1180/2029 Test #1191: KEpsilonModelTest.TurbulentViscosityVanishesAsKVanishes ..................................................   Passed    0.13 sec
          Start  777: BoussinesqCaseTest.AcceptsZeroBeta
1181/2029 Test #1207: KOmegaModelTest.ConstructionIsDeterministicAcrossInstances ...............................................   Passed    0.12 sec
          Start  210: Field.CheckedAccessWorksInRange
1182/2029 Test  #626: BoussinesqBuoyancyTest.ConstructsWithValidParameters .....................................................   Passed    0.11 sec
          Start  661: EvaluatePropertyFieldTest.EvaluatesEveryCellFromItsOwnTemperature
1183/2029 Test  #627: BoussinesqBuoyancyTest.RejectsNonPositiveReferenceDensity ................................................   Passed    0.11 sec
          Start  464: ConvectionTest.UpwindSelectsOwnerForPositiveFluxNeighborForNegative
1184/2029 Test  #290: CGTest.MaxIterationsReportsFailureNotSuccess .............................................................   Passed    0.11 sec
          Start 1095: ThermalSolverTest.InvalidConfigurationForInvalidLinearSolverSettings
1185/2029 Test #1887: RestartIOTest.RepeatedWriteIsByteIdentical ...............................................................   Passed    0.17 sec
          Start 1088: EnergyEquationVariablePropertiesTest.CombinerMismatchedFieldSizeThrows
1186/2029 Test #1085: EnergyEquationVariablePropertiesTest.RejectsNonFiniteOrNonPositiveSpecificHeatField ......................   Passed    0.18 sec
          Start  642: BoussinesqBuoyancyTest.UniformReferenceTemperatureGivesZeroMomentumContribution
1187/2029 Test #1942: SinglePhaseEquivalenceTest.AlphaZeroReducesToPurePhase2MomentumAssemblyExactly ...........................   Passed    0.19 sec
          Start 1580: SIMPLEBuoyancyTest.RejectsBuoyancyWithoutTemperature
1188/2029 Test  #307: SolverFailureTest.BiCGSTABFailsBeforeIteratingOnNanRhs ...................................................   Passed    0.19 sec
          Start  995: RestartSnapshotTest.VelocityPressureFluxCopiedExactly
1189/2029 Test   #20: CoreConstants.PiIsCorrect ................................................................................   Passed    0.20 sec
          Start 1927: SpeciesConservationTest.ClosedZeroFluxDomainConservesSpeciesForAnyArbitraryField
1190/2029 Test  #667: MomentumVariableViscosityTest.ConstantPropertyReproducesScalarOverloadExactly ............................   Passed    0.19 sec
          Start 1646: TransientPressureCorrectionTest.TwoCellProbeWithTransientDiagonalMatchesHandDerivation
1191/2029 Test #1219: WallDistanceTest.InletOutletSymmetryAreNeverMistakenForWalls .............................................   Passed    0.19 sec
          Start  236: FieldArithmetic.ScalarFieldRejectsSizeMismatch
1192/2029 Test  #634: BoussinesqBuoyancyTest.ZeroGravityGivesZeroSourceForAnyTemperature .......................................   Passed    0.19 sec
          Start  676: CaseReaderTest.ValidCaseParsesIntoExpectedConfiguration
1193/2029 Test  #751: TurbulenceCaseTest.BuilderConstructsKEpsilonConfigAndBoundaries ..........................................   Passed    0.21 sec
          Start  669: MomentumVariableViscosityTest.TabulatedMuGivesTheExpectedFaceValue
1194/2029 Test  #777: BoussinesqCaseTest.AcceptsZeroBeta .......................................................................   Passed    0.21 sec
          Start  693: CaseReaderTest.ManifestCanReferenceAlternativeFilenames
1195/2029 Test  #210: Field.CheckedAccessWorksInRange ..........................................................................   Passed    0.22 sec
          Start 1291: SpeciesEquationConvectionTest.ConstantConcentrationWithDivergenceFreeFluxGivesZeroNetContribution
1196/2029 Test  #661: EvaluatePropertyFieldTest.EvaluatesEveryCellFromItsOwnTemperature ........................................   Passed    0.22 sec
          Start  773: BoussinesqCaseTest.NoBuoyancyBlockHasNoBuoyancyConfig
1197/2029 Test  #464: ConvectionTest.UpwindSelectsOwnerForPositiveFluxNeighborForNegative ......................................   Passed    0.22 sec
          Start 1282: SpeciesPropertiesTest.TwoIndependentSpeciesKeepSeparateIdentityAndDiffusivity
1198/2029 Test #1095: ThermalSolverTest.InvalidConfigurationForInvalidLinearSolverSettings .....................................   Passed    0.18 sec
          Start 1077: EnergyEquationVariablePropertiesTest.DiffusionUniformFieldMatchesScalarOverloadExactly
1199/2029 Test #1088: EnergyEquationVariablePropertiesTest.CombinerMismatchedFieldSizeThrows ...................................   Passed    0.19 sec
          Start  657: TabulatedPropertyTest.RejectsFewerThanTwoPoints
1200/2029 Test  #642: BoussinesqBuoyancyTest.UniformReferenceTemperatureGivesZeroMomentumContribution ..........................   Passed    0.18 sec
          Start  111: MeshFingerprintTest.RepeatedCallOnSameMeshIsDeterministic
1201/2029 Test #1580: SIMPLEBuoyancyTest.RejectsBuoyancyWithoutTemperature .....................................................   Passed    0.17 sec
          Start 1675: FinalCorrectionTest.RepeatedFullPipelineIsBitIdentical
1202/2029 Test  #995: RestartSnapshotTest.VelocityPressureFluxCopiedExactly ....................................................   Passed    0.18 sec
          Start 1634: TransientMomentumTermTest.OffDiagonalCoefficientsAreUnchanged
1203/2029 Test #1927: SpeciesConservationTest.ClosedZeroFluxDomainConservesSpeciesForAnyArbitraryField .........................   Passed    0.18 sec
          Start  879: VTKWriterTest.ZCoordinateIsAlwaysZeroFor2DMesh
1204/2029 Test #1646: TransientPressureCorrectionTest.TwoCellProbeWithTransientDiagonalMatchesHandDerivation ...................   Passed    0.18 sec
          Start  274: LinearSystemTest.RejectsNonSquareMatrix
1205/2029 Test  #236: FieldArithmetic.ScalarFieldRejectsSizeMismatch ...........................................................   Passed    0.19 sec
          Start 1111: ThermalRegionMapTest.RegionForCellOutOfRangeThrows
1206/2029 Test  #676: CaseReaderTest.ValidCaseParsesIntoExpectedConfiguration ..................................................   Passed    0.18 sec
          Start 1526: MomentumPredictorRelaxationTest.RejectsMismatchedRhsSize
1207/2029 Test  #669: MomentumVariableViscosityTest.TabulatedMuGivesTheExpectedFaceValue .......................................   Passed    0.18 sec
          Start 1787: BoussinesqCouplingTest.EqualWallTemperaturesGiveZeroVelocity
1208/2029 Test  #693: CaseReaderTest.ManifestCanReferenceAlternativeFilenames ..................................................   Passed    0.18 sec
          Start  658: TabulatedPropertyTest.RejectsMismatchedLengths
1209/2029 Test #1291: SpeciesEquationConvectionTest.ConstantConcentrationWithDivergenceFreeFluxGivesZeroNetContribution ........   Passed    0.18 sec
          Start  632: BoussinesqBuoyancyTest.ReferenceTemperatureGivesZeroSource
1210/2029 Test  #773: BoussinesqCaseTest.NoBuoyancyBlockHasNoBuoyancyConfig ....................................................   Passed    0.18 sec
          Start 1168: TurbulenceProductionTest.HandDerivedShearProductionMatchesExactly
1211/2029 Test #1282: SpeciesPropertiesTest.TwoIndependentSpeciesKeepSeparateIdentityAndDiffusivity ............................   Passed    0.18 sec
          Start 1197: KOmegaEquationTest.LinearEffectiveDiffusivityMatchesHandDerivedExample
1212/2029 Test #1077: EnergyEquationVariablePropertiesTest.DiffusionUniformFieldMatchesScalarOverloadExactly ...................   Passed    0.16 sec
          Start  629: BoussinesqBuoyancyTest.AcceptsZeroBeta
1213/2029 Test  #657: TabulatedPropertyTest.RejectsFewerThanTwoPoints ..........................................................   Passed    0.16 sec
          Start 1531: PressureCorrectionTest.BoundaryFacesGetZeroCoefficient
1214/2029 Test  #111: MeshFingerprintTest.RepeatedCallOnSameMeshIsDeterministic ................................................   Passed    0.14 sec
          Start  660: TabulatedPropertyTest.RejectsNonFiniteEntries
1215/2029 Test #1675: FinalCorrectionTest.RepeatedFullPipelineIsBitIdentical ...................................................   Passed    0.14 sec
          Start  635: BoussinesqBuoyancyTest.HotCellWithDownwardGravityDrivesFluidUpward
1216/2029 Test #1634: TransientMomentumTermTest.OffDiagonalCoefficientsAreUnchanged ............................................   Passed    0.14 sec
          Start  252: AlgebraVector.DotProduct
1217/2029 Test  #879: VTKWriterTest.ZCoordinateIsAlwaysZeroFor2DMesh ...........................................................   Passed    0.14 sec
          Start 1115: InterfaceConductanceTest.RejectsNonPositiveDistance
1218/2029 Test  #274: LinearSystemTest.RejectsNonSquareMatrix ..................................................................   Passed    0.14 sec
          Start  628: BoussinesqBuoyancyTest.RejectsNegativeBeta
1219/2029 Test #1111: ThermalRegionMapTest.RegionForCellOutOfRangeThrows .......................................................   Passed    0.13 sec
          Start  352: MovingWallTest.CavityTopWallIsImpermeableAndTangential
1220/2029 Test #1526: MomentumPredictorRelaxationTest.RejectsMismatchedRhsSize .................................................   Passed    0.14 sec
          Start 1151: ValidateTurbulentViscosityFieldTest.RejectsNonFiniteEntry
1221/2029 Test #1787: BoussinesqCouplingTest.EqualWallTemperaturesGiveZeroVelocity .............................................   Passed    0.14 sec
          Start 1645: TransientPressureCorrectionTest.SmallerDeltaTGivesSmallerResponseCoefficientEverywhere
1222/2029 Test  #658: TabulatedPropertyTest.RejectsMismatchedLengths ...........................................................   Passed    0.13 sec
          Start 1546: SIMPLEContinuityTest.ReducedClosedProbeContinuityImprovesAcrossIterations
1223/2029 Test  #632: BoussinesqBuoyancyTest.ReferenceTemperatureGivesZeroSource ...............................................   Passed    0.13 sec
          Start 1537: VelocityCorrectionTest.LinearPressureCorrectionGivesExpectedComponentwiseCorrection
1224/2029 Test #1168: TurbulenceProductionTest.HandDerivedShearProductionMatchesExactly ........................................   Passed    0.14 sec
          Start 1236: SSTEquationTest.CrossDiffusionSourceIsHalfWeightAtF1EqualsHalf
1225/2029 Test #1197: KOmegaEquationTest.LinearEffectiveDiffusivityMatchesHandDerivedExample ...................................   Passed    0.15 sec
          Start  638: BoussinesqBuoyancyTest.SourceIsLinearInTemperatureDeviation
1226/2029 Test  #629: BoussinesqBuoyancyTest.AcceptsZeroBeta ...................................................................   Passed    0.15 sec
          Start  276: JacobiTest.DiagonalMatrixExactInverse
1227/2029 Test #1531: PressureCorrectionTest.BoundaryFacesGetZeroCoefficient ...................................................   Passed    0.16 sec
          Start  278: JacobiTest.RejectsZeroDiagonal
1228/2029 Test  #660: TabulatedPropertyTest.RejectsNonFiniteEntries ............................................................   Passed    0.17 sec
          Start  714: CaseValidationTest.UnknownBoundaryPatchIsRejected
1229/2029 Test  #635: BoussinesqBuoyancyTest.HotCellWithDownwardGravityDrivesFluidUpward .......................................   Passed    0.16 sec
          Start  368: BoundaryConditionSetTest.GetThrowsForUnassignedPatch
1230/2029 Test  #252: AlgebraVector.DotProduct .................................................................................   Passed    0.18 sec
          Start 1644: TransientPressureCorrectionTest.ResponseCoefficientReflectsTransientDiagonalExactly
1231/2029 Test #1115: InterfaceConductanceTest.RejectsNonPositiveDistance ......................................................   Passed    0.35 sec
          Start 1789: BoussinesqCouplingTest.ZeroBetaRecoversNonBuoyantAtRestSolution
1232/2029 Test  #628: BoussinesqBuoyancyTest.RejectsNegativeBeta ...............................................................   Passed    0.36 sec
          Start  295: BiCGSTABTest.ExactInitialGuessConvergesAtIterationZero
1233/2029 Test  #352: MovingWallTest.CavityTopWallIsImpermeableAndTangential ...................................................   Passed    0.36 sec
          Start 1199: KOmegaEquationTest.LinearEffectiveDiffusivityReducesToMolecularAsMuTVanishes
1234/2029 Test #1151: ValidateTurbulentViscosityFieldTest.RejectsNonFiniteEntry ................................................   Passed    0.35 sec
          Start  843: CSVWriterTest.WriteFieldsNonFiniteValueThrows
1235/2029 Test #1645: TransientPressureCorrectionTest.SmallerDeltaTGivesSmallerResponseCoefficientEverywhere ...................   Passed    0.35 sec
          Start  752: TurbulenceCaseTest.InletPatchGetsFixedKAndEpsilonFromCaseConfig
1236/2029 Test #1546: SIMPLEContinuityTest.ReducedClosedProbeContinuityImprovesAcrossIterations ................................   Passed    0.36 sec
          Start  259: SparseMatrixTest.MatrixVectorMultiplicationKnownResult
1237/2029 Test #1537: VelocityCorrectionTest.LinearPressureCorrectionGivesExpectedComponentwiseCorrection ......................   Passed    0.36 sec
          Start 1165: LaminarModelTest.EffectiveViscosityRejectsInvalidMolecularViscosity
1238/2029 Test #1236: SSTEquationTest.CrossDiffusionSourceIsHalfWeightAtF1EqualsHalf ...........................................   Passed    0.35 sec
          Start  255: AlgebraVector.AllFiniteDetection
1239/2029 Test  #638: BoussinesqBuoyancyTest.SourceIsLinearInTemperatureDeviation ..............................................   Passed    0.36 sec
          Start 1225: SSTEquationTest.Alpha2MatchesHandDerivedValue
1240/2029 Test  #276: JacobiTest.DiagonalMatrixExactInverse ....................................................................   Passed    0.34 sec
          Start 1174: KEpsilonEquationTest.EffectiveDiffusivityRejectsInvalidInputs
1241/2029 Test  #278: JacobiTest.RejectsZeroDiagonal ...........................................................................   Passed    0.34 sec
          Start  238: FieldArithmetic.VectorFieldRejectsSizeMismatch
1242/2029 Test  #714: CaseValidationTest.UnknownBoundaryPatchIsRejected ........................................................   Passed    0.34 sec
          Start  223: ScalarFieldTest.DivisionByZeroThrows
1243/2029 Test  #368: BoundaryConditionSetTest.GetThrowsForUnassignedPatch .....................................................   Passed    0.33 sec
          Start 1235: SSTEquationTest.CrossDiffusionSourceIsFullWeightAtF1EqualsZero
1244/2029 Test #1644: TransientPressureCorrectionTest.ResponseCoefficientReflectsTransientDiagonalExactly ......................   Passed    0.17 sec
          Start 1666: FinalCorrectionTest.TwoCellFullFirstCorrectionMakesSecondCorrectionExactlyIdempotent
1245/2029 Test  #295: BiCGSTABTest.ExactInitialGuessConvergesAtIterationZero ...................................................   Passed    0.13 sec
          Start  731: CaseBuilderTest.ConfigurationMatchesManualSetup
1246/2029 Test #1789: BoussinesqCouplingTest.ZeroBetaRecoversNonBuoyantAtRestSolution ..........................................   Passed    0.15 sec
          Start 1002: RestartSnapshotTest.DifferentMeshWithSameCellAndFaceCountIsRejectedByFingerprint
1247/2029 Test #1199: KOmegaEquationTest.LinearEffectiveDiffusivityReducesToMolecularAsMuTVanishes .............................   Passed    0.14 sec
          Start 1528: PressureCorrectionTest.ReferenceRowIsExactIdentity
1248/2029 Test  #843: CSVWriterTest.WriteFieldsNonFiniteValueThrows ............................................................   Passed    0.14 sec
          Start  264: SparseMatrixTest.RejectsWrongRowOffsetsSize
1249/2029 Test  #752: TurbulenceCaseTest.InletPatchGetsFixedKAndEpsilonFromCaseConfig ..........................................   Passed    0.15 sec
          Start  374: FixedTemperatureTest.RepeatedEvaluationIsDeterministic
1250/2029 Test  #259: SparseMatrixTest.MatrixVectorMultiplicationKnownResult ...................................................   Passed    0.15 sec
          Start  250: AlgebraVector.ScalarDivision
1251/2029 Test #1165: LaminarModelTest.EffectiveViscosityRejectsInvalidMolecularViscosity ......................................   Passed    0.13 sec
          Start 1082: EnergyEquationVariablePropertiesTest.ConvectionUniformFieldMatchesScalarOverloadExactly
1252/2029 Test  #255: AlgebraVector.AllFiniteDetection .........................................................................   Passed    0.13 sec
          Start  228: VectorFieldTest.ElementwiseSubtraction
1253/2029 Test #1225: SSTEquationTest.Alpha2MatchesHandDerivedValue ............................................................   Passed    0.12 sec
          Start  630: BoussinesqBuoyancyTest.RejectsNonFiniteInputs
1254/2029 Test #1174: KEpsilonEquationTest.EffectiveDiffusivityRejectsInvalidInputs ............................................   Passed    0.12 sec
          Start 1060: EnergyEquationConvectionTest.BoundaryInflowUsesBoundaryValueOnRhs
1255/2029 Test  #238: FieldArithmetic.VectorFieldRejectsSizeMismatch ...........................................................   Passed    0.11 sec
          Start 1149: ValidateTurbulentViscosityFieldTest.RejectsMismatchedSize
1256/2029 Test  #223: ScalarFieldTest.DivisionByZeroThrows .....................................................................   Passed    0.11 sec
          Start 1042: ThermalPropertiesTest.StoresConductivityAndSpecificHeat
1257/2029 Test #1235: SSTEquationTest.CrossDiffusionSourceIsFullWeightAtF1EqualsZero ...........................................   Passed    0.11 sec
          Start  378: HeatFluxTest.ConductivityScalesTheGradientInversely
1258/2029 Test #1666: FinalCorrectionTest.TwoCellFullFirstCorrectionMakesSecondCorrectionExactlyIdempotent .....................   Passed    0.12 sec
          Start 1172: KEpsilonEquationTest.EffectiveDiffusivityMatchesHandDerivedExample
1259/2029 Test  #731: CaseBuilderTest.ConfigurationMatchesManualSetup ..........................................................   Passed    0.12 sec
          Start  878: VTKWriterTest.CellDataSectionHasPressureVelocityThenMagnitudeInOrder
1260/2029 Test #1002: RestartSnapshotTest.DifferentMeshWithSameCellAndFaceCountIsRejectedByFingerprint .........................   Passed    0.13 sec
          Start 1579: SIMPLEBuoyancyTest.RejectsTemperatureWithoutBuoyancy
1261/2029 Test #1528: PressureCorrectionTest.ReferenceRowIsExactIdentity .......................................................   Passed    0.13 sec
          Start  994: RestartSnapshotTest.ValidStateProducesValidSnapshot
1262/2029 Test  #264: SparseMatrixTest.RejectsWrongRowOffsetsSize ..............................................................   Passed    0.13 sec
          Start 1183: KEpsilonModelTest.TurbulentViscosityMatchesHandDerivedExample
1263/2029 Test  #374: FixedTemperatureTest.RepeatedEvaluationIsDeterministic ...................................................   Passed    0.13 sec
          Start 1532: PressureCorrectionTest.MismatchedReferenceCellThrows
1264/2029 Test  #250: AlgebraVector.ScalarDivision .............................................................................   Passed    0.13 sec
          Start  636: BoussinesqBuoyancyTest.ColdCellWithDownwardGravityDrivesFluidDownward
1265/2029 Test #1082: EnergyEquationVariablePropertiesTest.ConvectionUniformFieldMatchesScalarOverloadExactly ..................   Passed    0.13 sec
          Start  396: WallOmegaTest.RejectsInvalidBeta1
1266/2029 Test  #228: VectorFieldTest.ElementwiseSubtraction ...................................................................   Passed    0.14 sec
          Start 1657: SecondPressureCorrectionTest.PartialFirstCorrectionGivesHandDerivedNonzeroSecondCorrection
1267/2029 Test  #630: BoussinesqBuoyancyTest.RejectsNonFiniteInputs ............................................................   Passed    0.14 sec
          Start  249: AlgebraVector.ScalarMultiplicationBothOrders
1268/2029 Test #1060: EnergyEquationConvectionTest.BoundaryInflowUsesBoundaryValueOnRhs ........................................   Passed    0.14 sec
          Start 1112: InterfaceConductanceTest.MatchesHandDerivedExample
1269/2029 Test #1149: ValidateTurbulentViscosityFieldTest.RejectsMismatchedSize ................................................   Passed    0.14 sec
          Start  601: MomentumDiffusionTest.InternalFaceCoefficientsAreSymmetric
1270/2029 Test #1042: ThermalPropertiesTest.StoresConductivityAndSpecificHeat ..................................................   Passed    0.14 sec
          Start 1179: KEpsilonEquationTest.PureDiffusionConstantFieldGivesZeroResidual
1271/2029 Test  #378: HeatFluxTest.ConductivityScalesTheGradientInversely ......................................................   Passed    0.14 sec
          Start 1687: PisoTest.ForcedMomentumFailurePropagatesAsMomentumFailure
1272/2029 Test #1172: KEpsilonEquationTest.EffectiveDiffusivityMatchesHandDerivedExample .......................................   Passed    0.13 sec
          Start  235: SurfaceFieldTest.SizeMatchesTwoByTwoMeshFaceCount
1273/2029 Test  #878: VTKWriterTest.CellDataSectionHasPressureVelocityThenMagnitudeInOrder .....................................   Passed    0.13 sec
          Start  310: SolverDeterminismTest.CGRepeatedSolvesAreIdentical
1274/2029 Test #1579: SIMPLEBuoyancyTest.RejectsTemperatureWithoutBuoyancy .....................................................   Passed    0.14 sec
          Start  349: FixedGradientTest.RejectsInvalidDistance
1275/2029 Test  #994: RestartSnapshotTest.ValidStateProducesValidSnapshot ......................................................   Passed    0.14 sec
          Start   33: CoreTimer.ElapsedTimeIsNonNegative
1276/2029 Test #1183: KEpsilonModelTest.TurbulentViscosityMatchesHandDerivedExample ............................................   Passed    0.13 sec
          Start  989: TransientSolverTest.InvalidConfigurationFromStepperPropagates
1277/2029 Test #1532: PressureCorrectionTest.MismatchedReferenceCellThrows .....................................................   Passed    0.13 sec
          Start  435: DivergenceTest.ULinearGivesDivergenceTwo
1278/2029 Test  #636: BoussinesqBuoyancyTest.ColdCellWithDownwardGravityDrivesFluidDownward ....................................   Passed    0.14 sec
          Start  615: MomentumPressureTest.LinearPressureXGivesNegativeXSourceZeroYSource
1279/2029 Test  #396: WallOmegaTest.RejectsInvalidBeta1 ........................................................................   Passed    0.14 sec
          Start 1177: KEpsilonEquationTest.ImplicitSourceAddsToDiagonalAndRhsCorrectly
1280/2029 Test #1657: SecondPressureCorrectionTest.PartialFirstCorrectionGivesHandDerivedNonzeroSecondCorrection ...............   Passed    0.14 sec
          Start 1216: SSTCoefficientsTest.DefaultsMatchStandardModel
1281/2029 Test  #249: AlgebraVector.ScalarMultiplicationBothOrders .............................................................   Passed    0.14 sec
          Start 1688: PisoTest.ForcedPressureCorrectionFailurePropagatesAsPressureCorrectionFailure
1282/2029 Test #1112: InterfaceConductanceTest.MatchesHandDerivedExample .......................................................   Passed    0.14 sec
          Start  584: FluidPropertiesTest.RejectsNonFiniteViscosity
1283/2029 Test  #601: MomentumDiffusionTest.InternalFaceCoefficientsAreSymmetric ...............................................   Passed    0.14 sec
          Start 1215: KOmegaModelTest.EffectiveViscosityEqualsMolecularPlusTurbulent
1284/2029 Test #1179: KEpsilonEquationTest.PureDiffusionConstantFieldGivesZeroResidual .........................................   Passed    0.14 sec
          Start 1682: PisoTest.TinyLidDrivenCavityOneStepConservesMassNearMachineZero
1285/2029 Test #1687: PisoTest.ForcedMomentumFailurePropagatesAsMomentumFailure ................................................   Passed    0.14 sec
          Start 1266: TurbulenceModelFactoryTest.LaminarNameCreatesLaminarModelViaKEpsilonOverload
1286/2029 Test  #235: SurfaceFieldTest.SizeMatchesTwoByTwoMeshFaceCount ........................................................   Passed    0.14 sec
          Start 1154: EffectiveViscosityTest.RejectsNonPositiveMolecularViscosity
1287/2029 Test  #310: SolverDeterminismTest.CGRepeatedSolvesAreIdentical .......................................................   Passed    0.13 sec
          Start 1108: ThermalRegionMapTest.RejectsDuplicateRegionNames
1288/2029 Test  #349: FixedGradientTest.RejectsInvalidDistance .................................................................   Passed    0.13 sec
          Start 1691: PisoTransientIntegrationTest.FailedPisoStepIsRejectedAndLeavesAcceptedStateBitIdentical
1289/2029 Test   #33: CoreTimer.ElapsedTimeIsNonNegative .......................................................................   Passed    0.13 sec
          Start  284: CGTest.IdentityMatrixSolvesImmediately
1290/2029 Test  #989: TransientSolverTest.InvalidConfigurationFromStepperPropagates ............................................   Passed    0.13 sec
          Start  231: VectorFieldTest.DivisionByZeroThrows
1291/2029 Test  #435: DivergenceTest.ULinearGivesDivergenceTwo .................................................................   Passed    0.13 sec
          Start   67: MeshGeometry.OwnerNeighborDistanceMatchesCartesianSpacing
1292/2029 Test  #615: MomentumPressureTest.LinearPressureXGivesNegativeXSourceZeroYSource ......................................   Passed    0.12 sec
          Start  970: TimeControllerTest.AdvanceFromStartingStepContinuesTheAbsoluteStepCount
1293/2029 Test #1177: KEpsilonEquationTest.ImplicitSourceAddsToDiagonalAndRhsCorrectly .........................................   Passed    0.11 sec
          Start 1190: KEpsilonModelTest.RejectsInvalidCoefficients
1294/2029 Test #1216: SSTCoefficientsTest.DefaultsMatchStandardModel ...........................................................   Passed    0.11 sec
          Start  960: TimeControllerTest.MaximumStepTerminationStopsBeforeEndTime
1295/2029 Test #1688: PisoTest.ForcedPressureCorrectionFailurePropagatesAsPressureCorrectionFailure ............................   Passed    0.11 sec
          Start 1247: SSTEquationTest.ProductionLimiterUnlimitedBranch
1296/2029 Test  #584: FluidPropertiesTest.RejectsNonFiniteViscosity ............................................................   Passed    0.12 sec
          Start  585: MassFluxTest.InternalFaceValue
1297/2029 Test #1215: KOmegaModelTest.EffectiveViscosityEqualsMolecularPlusTurbulent ...........................................   Passed    0.12 sec
          Start  218: ScalarFieldTest.Fill
1298/2029 Test #1682: PisoTest.TinyLidDrivenCavityOneStepConservesMassNearMachineZero ..........................................   Passed    0.12 sec
          Start 1901: RestartResumeTest.ContinuousVsSplitRunIsBitIdentical
1299/2029 Test #1266: TurbulenceModelFactoryTest.LaminarNameCreatesLaminarModelViaKEpsilonOverload .............................   Passed    0.13 sec
          Start 1269: TurbulenceModelFactoryTest.LaminarNameCreatesLaminarModelViaKOmegaOverload
1300/2029 Test #1154: EffectiveViscosityTest.RejectsNonPositiveMolecularViscosity ..............................................   Passed    0.13 sec
          Start  262: SparseMatrixTest.DiagonalLookupThrowsWhenMissing
1301/2029 Test #1108: ThermalRegionMapTest.RejectsDuplicateRegionNames .........................................................   Passed    0.13 sec
          Start  847: CSVWriterTest.WriteResidualsValuesMatchHistoriesInOrder
1302/2029 Test #1691: PisoTransientIntegrationTest.FailedPisoStepIsRejectedAndLeavesAcceptedStateBitIdentical ..................   Passed    0.15 sec
          Start 1542: FluxCorrectionTest.InternalFaceCorrectionMatchesDCoefficientTimesPressureDifference
1303/2029 Test  #284: CGTest.IdentityMatrixSolvesImmediately ...................................................................   Passed    0.16 sec
          Start 1094: ThermalSolverTest.LinearSolveFailureWhenInnerSolverIsStarved
1304/2029 Test  #231: VectorFieldTest.DivisionByZeroThrows .....................................................................   Passed    0.25 sec
          Start 1054: EnergyEquationDiffusionTest.InternalFaceCoefficientsAreSymmetric
1305/2029 Test   #67: MeshGeometry.OwnerNeighborDistanceMatchesCartesianSpacing ................................................   Passed    0.30 sec
          Start 1073: EnergyEquationAssemblyTest.NonFiniteMassFluxThrowsInvalidArgumentError
1306/2029 Test  #970: TimeControllerTest.AdvanceFromStartingStepContinuesTheAbsoluteStepCount ..................................   Passed    0.30 sec
          Start  979: CFLTest.RejectsNonPositiveDt
1307/2029 Test #1190: KEpsilonModelTest.RejectsInvalidCoefficients .............................................................   Passed    0.31 sec
          Start 1068: EnergyEquationAssemblyTest.ProducesCorrectDimensions
1308/2029 Test  #960: TimeControllerTest.MaximumStepTerminationStopsBeforeEndTime ..............................................   Passed    0.31 sec
          Start 1936: AlphaAdvectionValidation.SlugTranslatesDownstreamWithApproximatelyCorrectDisplacement
1309/2029 Test #1247: SSTEquationTest.ProductionLimiterUnlimitedBranch .........................................................   Passed    0.30 sec
          Start  375: HeatFluxTest.PositiveFluxGivesHandDerivedNegativeGradient
1310/2029 Test  #585: MassFluxTest.InternalFaceValue ...........................................................................   Passed    0.30 sec
          Start  737: ThermalCaseTest.RejectsNonPositiveConductivity
1311/2029 Test  #218: ScalarFieldTest.Fill .....................................................................................   Passed    0.30 sec
          Start 1543: FluxCorrectionTest.BoundaryFluxIsUnchangedByCorrection
1312/2029 Test #1901: RestartResumeTest.ContinuousVsSplitRunIsBitIdentical .....................................................   Passed    0.29 sec
          Start  710: CaseValidationTest.NonPositiveDensityIsRejected
1313/2029 Test #1269: TurbulenceModelFactoryTest.LaminarNameCreatesLaminarModelViaKOmegaOverload ...............................   Passed    0.29 sec
          Start  986: TransientSolverTest.FailedStepIsNotAcceptedAndStopsTheRun
1314/2029 Test  #262: SparseMatrixTest.DiagonalLookupThrowsWhenMissing .........................................................   Passed    0.29 sec
          Start 1545: FluxCorrectionTest.MismatchedFaceCoefficientSizeThrows
1315/2029 Test  #847: CSVWriterTest.WriteResidualsValuesMatchHistoriesInOrder ..................................................   Passed    0.28 sec
          Start   29: LoggerTest.LevelCanBeChanged
1316/2029 Test #1542: FluxCorrectionTest.InternalFaceCorrectionMatchesDCoefficientTimesPressureDifference ......................   Passed    0.27 sec
          Start 1538: VelocityCorrectionTest.DifferentUAndVResponseCoefficientsApplyToTheirOwnComponent
1317/2029 Test #1094: ThermalSolverTest.LinearSolveFailureWhenInnerSolverIsStarved .............................................   Passed    0.17 sec
          Start 1663: SecondPressureCorrectionTest.FirstCorrectionStateAndPreviousStateRemainUntouched
1318/2029 Test #1054: EnergyEquationDiffusionTest.InternalFaceCoefficientsAreSymmetric .........................................   Passed    0.14 sec
          Start 1541: VelocityCorrectionTest.MismatchedSizeThrows
1319/2029 Test #1073: EnergyEquationAssemblyTest.NonFiniteMassFluxThrowsInvalidArgumentError ...................................   Passed    0.13 sec
          Start  465: ConvectionTest.BoundaryOutflowUsesOwnerValue
1320/2029 Test  #979: CFLTest.RejectsNonPositiveDt .............................................................................   Passed    0.13 sec
          Start 1004: RestartSnapshotTest.NonFinitePressureIsRejected
1321/2029 Test #1068: EnergyEquationAssemblyTest.ProducesCorrectDimensions .....................................................   Passed    0.12 sec
          Start 1213: KOmegaModelTest.CorrectProducesPositiveFiniteFieldsForARealFlow
1322/2029 Test #1936: AlphaAdvectionValidation.SlugTranslatesDownstreamWithApproximatelyCorrectDisplacement ....................   Passed    0.12 sec
          Start  364: BoundaryConditionSetTest.RejectsUnknownPatch
1323/2029 Test  #375: HeatFluxTest.PositiveFluxGivesHandDerivedNegativeGradient ................................................   Passed    0.14 sec
          Start 1554: SIMPLEFailureTest.MismatchedInitialFieldSizeReportsInvalidConfiguration
1324/2029 Test  #737: ThermalCaseTest.RejectsNonPositiveConductivity ...........................................................   Passed    0.14 sec
          Start  980: CFLTest.RejectsNonFiniteDt
1325/2029 Test #1543: FluxCorrectionTest.BoundaryFluxIsUnchangedByCorrection ...................................................   Passed    0.14 sec
          Start  996: RestartSnapshotTest.TimeStepAndDeltaTCopiedExactly
1326/2029 Test  #710: CaseValidationTest.NonPositiveDensityIsRejected ..........................................................   Passed    0.14 sec
          Start 1162: LaminarModelTest.RepeatedCorrectIsDeterministic
1327/2029 Test  #986: TransientSolverTest.FailedStepIsNotAcceptedAndStopsTheRun ................................................   Passed    0.13 sec
          Start  275: LinearSystemTest.RejectsRhsSizeMismatch
1328/2029 Test #1545: FluxCorrectionTest.MismatchedFaceCoefficientSizeThrows ...................................................   Passed    0.13 sec
          Start  109: MeshFingerprintTest.IsNonEmpty
1329/2029 Test   #29: LoggerTest.LevelCanBeChanged .............................................................................   Passed    0.13 sec
          Start  715: CaseValidationTest.MissingBoundaryPatchIsRejected
1330/2029 Test #1538: VelocityCorrectionTest.DifferentUAndVResponseCoefficientsApplyToTheirOwnComponent ........................   Passed    0.13 sec
          Start  760: TurbulenceCaseTest.RejectsSSTModelWithInitialEpsilonOnly
1331/2029 Test #1663: SecondPressureCorrectionTest.FirstCorrectionStateAndPreviousStateRemainUntouched .........................   Passed    0.13 sec
          Start  633: BoussinesqBuoyancyTest.ZeroBetaGivesZeroSourceForAnyTemperature
1332/2029 Test #1541: VelocityCorrectionTest.MismatchedSizeThrows ..............................................................   Passed    0.14 sec
          Start  467: ConvectionTest.ConstantFieldGivesZeroConvection
1333/2029 Test  #465: ConvectionTest.BoundaryOutflowUsesOwnerValue .............................................................   Passed    0.14 sec
          Start  246: AlgebraVector.ConstructionAndInitialization
1334/2029 Test #1004: RestartSnapshotTest.NonFinitePressureIsRejected ..........................................................   Passed    0.15 sec
          Start 1058: EnergyEquationConvectionTest.PositiveInternalFluxSelectsOwnerNegativeSelectsNeighbor
1335/2029 Test #1213: KOmegaModelTest.CorrectProducesPositiveFiniteFieldsForARealFlow ..........................................   Passed    0.15 sec
          Start 1226: SSTEquationTest.AlphaRejectsInvalidBetaStar
1336/2029 Test  #364: BoundaryConditionSetTest.RejectsUnknownPatch .............................................................   Passed    0.14 sec
          Start 1674: FinalCorrectionTest.PreviousStateRemainsUntouchedAndFirstCorrectionStateIsPreservedSeparately
1337/2029 Test #1554: SIMPLEFailureTest.MismatchedInitialFieldSizeReportsInvalidConfiguration ..................................   Passed    0.19 sec
          Start  849: CSVWriterTest.RepeatedWriteFieldsIsByteIdentical
1338/2029 Test  #980: CFLTest.RejectsNonFiniteDt ...............................................................................   Passed    0.19 sec
          Start  729: CaseBuilderTest.BuildsExpectedMeshFluidAndInitialFields
1339/2029 Test  #996: RestartSnapshotTest.TimeStepAndDeltaTCopiedExactly .......................................................   Passed    0.19 sec
          Start  277: JacobiTest.RejectsMissingDiagonal
1340/2029 Test #1162: LaminarModelTest.RepeatedCorrectIsDeterministic ..........................................................   Passed    0.19 sec
          Start  108: CartesianMesh.RejectsInvalidInputs
1341/2029 Test  #275: LinearSystemTest.RejectsRhsSizeMismatch ..................................................................   Passed    0.19 sec
          Start  721: CaseValidationTest.MissingPressureBlockIsRejected
1342/2029 Test  #109: MeshFingerprintTest.IsNonEmpty ...........................................................................   Passed    0.19 sec
          Start  215: Field.CopyIsIndependent
1343/2029 Test  #715: CaseValidationTest.MissingBoundaryPatchIsRejected ........................................................   Passed    0.19 sec
          Start 1107: ThermalRegionMapTest.RejectsEmptyRegions
1344/2029 Test  #760: TurbulenceCaseTest.RejectsSSTModelWithInitialEpsilonOnly .................................................   Passed    0.19 sec
          Start  267: SparseMatrixTest.RejectsRowOffsetsBackMismatch
1345/2029 Test  #633: BoussinesqBuoyancyTest.ZeroBetaGivesZeroSourceForAnyTemperature ..........................................   Passed    0.20 sec
          Start  354: MovingWallTest.RejectsNonFiniteVelocity
1346/2029 Test  #467: ConvectionTest.ConstantFieldGivesZeroConvection ..........................................................   Passed    0.20 sec
          Start   60: MeshBoundaryPatch.RejectsEmptyName
1347/2029 Test  #246: AlgebraVector.ConstructionAndInitialization ..............................................................   Passed    0.19 sec
          Start  713: CaseValidationTest.UnknownPhysicsFieldIsRejected
1348/2029 Test #1058: EnergyEquationConvectionTest.PositiveInternalFluxSelectsOwnerNegativeSelectsNeighbor .....................   Passed    0.19 sec
          Start 1046: ThermalPropertiesTest.RejectsZeroSpecificHeat
1349/2029 Test #1226: SSTEquationTest.AlphaRejectsInvalidBetaStar ..............................................................   Passed    0.18 sec
          Start 1218: WallDistanceTest.HandDerivedDistanceAtDomainCenter
1350/2029 Test #1674: FinalCorrectionTest.PreviousStateRemainsUntouchedAndFirstCorrectionStateIsPreservedSeparately ............   Passed    0.14 sec
          Start  106: CartesianMesh.TwentyByTwenty
1351/2029 Test  #849: CSVWriterTest.RepeatedWriteFieldsIsByteIdentical .........................................................   Passed    0.14 sec
          Start 1248: SSTEquationTest.ProductionLimiterLimitedBranch
1352/2029 Test  #729: CaseBuilderTest.BuildsExpectedMeshFluidAndInitialFields ..................................................   Passed    0.15 sec
          Start  217: ScalarFieldTest.MutationIsIndependentAfterCopy
1353/2029 Test  #277: JacobiTest.RejectsMissingDiagonal ........................................................................   Passed    0.15 sec
          Start  747: TurbulenceCaseTest.ExplicitLaminarModelCollapsesToNoTurbulenceConfig
1354/2029 Test  #108: CartesianMesh.RejectsInvalidInputs .......................................................................   Passed    0.14 sec
          Start 1065: EnergyEquationSourceTest.AccumulatesOnExistingRhs
1355/2029 Test  #721: CaseValidationTest.MissingPressureBlockIsRejected ........................................................   Passed    0.14 sec
          Start  866: JSONWriterTest.ThermalEnabledIsFalseByDefault
1356/2029 Test  #215: Field.CopyIsIndependent ..................................................................................   Passed    0.14 sec
          Start  756: TurbulenceCaseTest.ParsesSSTConfigWhenEnabled
1357/2029 Test #1107: ThermalRegionMapTest.RejectsEmptyRegions .................................................................   Passed    0.15 sec
          Start  838: CSVWriterTest.WriteFieldsRowCountAndCellOrderMatchMesh
1358/2029 Test  #267: SparseMatrixTest.RejectsRowOffsetsBackMismatch ...........................................................   Passed    0.16 sec
          Start  758: TurbulenceCaseTest.SSTInletPatchGetsFixedKAndOmegaFromCaseConfig
1359/2029 Test  #354: MovingWallTest.RejectsNonFiniteVelocity ..................................................................   Passed    0.17 sec
          Start 1050: ThermalPropertiesTest.ThermalDiffusivityRejectsZeroDensity
1360/2029 Test   #60: MeshBoundaryPatch.RejectsEmptyName .......................................................................   Passed    0.16 sec
          Start   74: MeshQuality.UniformSquareGridIsValidWithUnitAspectRatio
1361/2029 Test  #713: CaseValidationTest.UnknownPhysicsFieldIsRejected .........................................................   Passed    0.17 sec
          Start 1258: SSTModelTest.RejectsNoWallPatches
1362/2029 Test #1046: ThermalPropertiesTest.RejectsZeroSpecificHeat ............................................................   Passed    0.17 sec
          Start  883: VTKWriterTest.OmitsTemperatureBlockWhenNotProvided
1363/2029 Test #1218: WallDistanceTest.HandDerivedDistanceAtDomainCenter .......................................................   Passed    0.17 sec
          Start 1146: TurbulenceModelTest.NonFiniteTurbulentViscosityRejected
1364/2029 Test  #106: CartesianMesh.TwentyByTwenty .............................................................................   Passed    0.16 sec
          Start  256: SparseMatrixTest.BuilderProducesExpectedCsr
1365/2029 Test #1248: SSTEquationTest.ProductionLimiterLimitedBranch ...........................................................   Passed    0.16 sec
          Start 1650: CorrectionApplicationTest.TwoCellProbeCorrectionMatchesHandDerivation
1366/2029 Test  #217: ScalarFieldTest.MutationIsIndependentAfterCopy ...........................................................   Passed    0.16 sec
          Start 1570: SIMPLESSTTest.WallDistanceFieldIsSane
1367/2029 Test  #747: TurbulenceCaseTest.ExplicitLaminarModelCollapsesToNoTurbulenceConfig .....................................   Passed    0.17 sec
          Start  288: CGTest.ZeroRhsConvergesImmediately
1368/2029 Test #1065: EnergyEquationSourceTest.AccumulatesOnExistingRhs ........................................................   Passed    0.18 sec
          Start 1220: WallDistanceTest.EveryCellDistanceIsFiniteAndPositive
1369/2029 Test  #866: JSONWriterTest.ThermalEnabledIsFalseByDefault ............................................................   Passed    0.19 sec
          Start 1066: EnergyEquationSourceTest.RejectsNonFiniteHeatSource
1370/2029 Test  #756: TurbulenceCaseTest.ParsesSSTConfigWhenEnabled ............................................................   Passed    0.18 sec
          Start  588: MassFluxTest.TangentialMovingWallGivesZeroFlux
1371/2029 Test  #838: CSVWriterTest.WriteFieldsRowCountAndCellOrderMatchMesh ...................................................   Passed    0.18 sec
          Start 1655: CorrectionApplicationTest.PreviousStateAndPredictorFieldsRetainedIndependently
1372/2029 Test  #758: TurbulenceCaseTest.SSTInletPatchGetsFixedKAndOmegaFromCaseConfig .........................................   Passed    0.17 sec
          Start 1098: ThermalSolverTest.NonFiniteStateForNonFiniteInitialTemperature
1373/2029 Test #1050: ThermalPropertiesTest.ThermalDiffusivityRejectsZeroDensity ...............................................   Passed    0.16 sec
          Start  594: ContinuityEquationTest.UniformChannelHasLocalBalanceEverywhere
1374/2029 Test   #74: MeshQuality.UniformSquareGridIsValidWithUnitAspectRatio ..................................................   Passed    0.16 sec
          Start  867: JSONWriterTest.WritesThermalMetadataWhenProvided
1375/2029 Test #1258: SSTModelTest.RejectsNoWallPatches ........................................................................   Passed    0.15 sec
          Start   54: MeshFace.BoundaryFaceHasNoNeighbor
1376/2029 Test  #883: VTKWriterTest.OmitsTemperatureBlockWhenNotProvided .......................................................   Passed    0.15 sec
          Start  740: ThermalCaseTest.RejectsUnknownThermalKey
1377/2029 Test #1146: TurbulenceModelTest.NonFiniteTurbulentViscosityRejected ..................................................   Passed    0.15 sec
          Start  253: AlgebraVector.Norms
1378/2029 Test  #256: SparseMatrixTest.BuilderProducesExpectedCsr ..............................................................   Passed    0.15 sec
          Start 1647: TransientPressureCorrectionTest.FullPipelineFromRestReturnsFinitePressureCorrection
1379/2029 Test #1650: CorrectionApplicationTest.TwoCellProbeCorrectionMatchesHandDerivation ....................................   Passed    0.17 sec
          Start 1558: SIMPLENonFiniteTest.InfiniteInitialPressureIsDetectedImmediately
1380/2029 Test #1570: SIMPLESSTTest.WallDistanceFieldIsSane ....................................................................   Passed    0.16 sec
          Start  703: CaseValidationTest.UnsupportedGeometryTypeIsRejected
1381/2029 Test  #288: CGTest.ZeroRhsConvergesImmediately .......................................................................   Passed    0.15 sec
          Start  580: FluidPropertiesTest.RejectsNegativeDensity
1382/2029 Test #1220: WallDistanceTest.EveryCellDistanceIsFiniteAndPositive ....................................................   Passed    0.15 sec
          Start  852: CSVWriterTest.MismatchedTemperatureSizeThrows
1383/2029 Test #1066: EnergyEquationSourceTest.RejectsNonFiniteHeatSource ......................................................   Passed    0.13 sec
          Start 1198: KOmegaEquationTest.LinearFormDiffersFromKEpsilonReciprocalForm
1384/2029 Test  #588: MassFluxTest.TangentialMovingWallGivesZeroFlux ...........................................................   Passed    0.14 sec
          Start  214: Field.FillOverwritesAllElements
1385/2029 Test #1655: CorrectionApplicationTest.PreviousStateAndPredictorFieldsRetainedIndependently ...........................   Passed    0.15 sec
          Start  865: JSONWriterTest.FormatVersionIsOne
1386/2029 Test #1098: ThermalSolverTest.NonFiniteStateForNonFiniteInitialTemperature ...........................................   Passed    0.15 sec
          Start 1121: RegionAwareThermalDiffusionTest.RepeatedAssemblyIsDeterministic
1387/2029 Test  #594: ContinuityEquationTest.UniformChannelHasLocalBalanceEverywhere ...........................................   Passed    0.15 sec
          Start  974: CFLTest.ZeroVelocityGivesZeroCFL
1388/2029 Test  #867: JSONWriterTest.WritesThermalMetadataWhenProvided .........................................................   Passed    0.16 sec
          Start  380: HeatFluxTest.TypeAndNameAreThermalSpecific
1389/2029 Test   #54: MeshFace.BoundaryFaceHasNoNeighbor .......................................................................   Passed    0.17 sec
          Start 1005: RestartSnapshotTest.NonFiniteMassFluxIsRejected
1390/2029 Test  #740: ThermalCaseTest.RejectsUnknownThermalKey .................................................................   Passed    0.17 sec
          Start 1523: MomentumPredictorRelaxationTest.AlphaOneIsAnExactNoOp
1391/2029 Test  #253: AlgebraVector.Norms ......................................................................................   Passed    0.18 sec
          Start 1639: TransientMomentumAssemblyTest.RejectsMassFluxSizeMismatch
1392/2029 Test #1647: TransientPressureCorrectionTest.FullPipelineFromRestReturnsFinitePressureCorrection ......................   Passed    0.18 sec
          Start  376: HeatFluxTest.NegativeFluxGivesPositiveGradient
1393/2029 Test #1558: SIMPLENonFiniteTest.InfiniteInitialPressureIsDetectedImmediately .........................................   Passed    0.17 sec
          Start  443: DiffusionTest.QuadraticFieldWithGammaTwo
1394/2029 Test  #703: CaseValidationTest.UnsupportedGeometryTypeIsRejected .....................................................   Passed    0.18 sec
          Start  993: TransientSolverTest.RepeatedRunsAreDeterministic
1395/2029 Test  #580: FluidPropertiesTest.RejectsNegativeDensity ...............................................................   Passed    0.18 sec
          Start  983: TransientSolverTest.CompletesAndThreadsStateThroughEveryStep
1396/2029 Test  #852: CSVWriterTest.MismatchedTemperatureSizeThrows ............................................................   Passed    0.18 sec
          Start  771: TurbulenceCaseTest.RejectsUnknownKey
1397/2029 Test #1198: KOmegaEquationTest.LinearFormDiffersFromKEpsilonReciprocalForm ...........................................   Passed    0.18 sec
          Start 1180: KEpsilonEquationTest.PureSourceOnlyAddsExactlyToRhsAndDiagonal
1398/2029 Test  #214: Field.FillOverwritesAllElements ..........................................................................   Passed    0.17 sec
          Start  212: Field.IterationVisitsEveryElement
1399/2029 Test  #865: JSONWriterTest.FormatVersionIsOne ........................................................................   Passed    0.17 sec
          Start  391: WallOmegaTest.IgnoresOwnerValue
1400/2029 Test #1121: RegionAwareThermalDiffusionTest.RepeatedAssemblyIsDeterministic ..........................................   Passed    0.17 sec
          Start 1270: TurbulenceModelFactoryTest.KOmegaNameCreatesKOmegaModel
1401/2029 Test  #974: CFLTest.ZeroVelocityGivesZeroCFL .........................................................................   Passed    0.18 sec
          Start  859: JSONWriterTest.RequiredKeysExist
1402/2029 Test  #380: HeatFluxTest.TypeAndNameAreThermalSpecific ...............................................................   Passed    0.18 sec
          Start   25: CoreException.DerivedTypesCatchableAsBase
1403/2029 Test #1005: RestartSnapshotTest.NonFiniteMassFluxIsRejected ..........................................................   Passed    0.18 sec
          Start  393: WallOmegaTest.ExposesKinematicViscosityAndBeta1
1404/2029 Test #1523: MomentumPredictorRelaxationTest.AlphaOneIsAnExactNoOp ....................................................   Passed    0.17 sec
          Start 1557: SIMPLENonFiniteTest.NaNInitialVelocityIsDetectedImmediately
1405/2029 Test #1639: TransientMomentumAssemblyTest.RejectsMassFluxSizeMismatch ................................................   Passed    0.17 sec
          Start  958: TimeControllerTest.SingleStepCaseReachesEndExactly
1406/2029 Test  #376: HeatFluxTest.NegativeFluxGivesPositiveGradient ...........................................................   Passed    0.17 sec
          Start 1517: SIMPLESettingsTest.RejectsNegativePressureTolerance
1407/2029 Test  #443: DiffusionTest.QuadraticFieldWithGammaTwo .................................................................   Passed    0.17 sec
          Start 1637: TransientMomentumAssemblyTest.DiagonalIncludesExactTransientCoefficient
1408/2029 Test  #993: TransientSolverTest.RepeatedRunsAreDeterministic .........................................................   Passed    0.17 sec
          Start 1664: SecondPressureCorrectionTest.RepeatedSecondCorrectionAssemblyIsBitIdentical
1409/2029 Test  #983: TransientSolverTest.CompletesAndThreadsStateThroughEveryStep .............................................   Passed    0.16 sec
          Start  357: InletTest.RejectsNonFiniteVelocity
1410/2029 Test  #771: TurbulenceCaseTest.RejectsUnknownKey .....................................................................   Passed    0.16 sec
          Start  767: TurbulenceCaseTest.RejectsNonPositiveInitialOmega
1411/2029 Test #1180: KEpsilonEquationTest.PureSourceOnlyAddsExactlyToRhsAndDiagonal ...........................................   Passed    0.16 sec
          Start 1261: SSTModelTest.ConvergenceResidualIsNulloptBeforeFirstCorrect
1412/2029 Test  #212: Field.IterationVisitsEveryElement ........................................................................   Passed    0.15 sec
          Start  373: FixedTemperatureTest.RejectsNonFiniteTemperature
1413/2029 Test  #391: WallOmegaTest.IgnoresOwnerValue ..........................................................................   Passed    0.16 sec
          Start  885: VTKWriterTest.MismatchedTemperatureSizeThrows
1414/2029 Test #1270: TurbulenceModelFactoryTest.KOmegaNameCreatesKOmegaModel ..................................................   Passed    0.15 sec
          Start  495: GridRefinementTest.LaplacianOfSmoothFieldConvergesAtSecondOrder
1415/2029 Test  #859: JSONWriterTest.RequiredKeysExist .........................................................................   Passed    0.15 sec
          Start  707: CaseValidationTest.ZeroNxIsRejected
1416/2029 Test   #25: CoreException.DerivedTypesCatchableAsBase ................................................................   Passed    0.16 sec
          Start  590: MassFluxTest.ChannelMassBalanceExample
1417/2029 Test  #393: WallOmegaTest.ExposesKinematicViscosityAndBeta1 ..........................................................   Passed    0.16 sec
          Start 1178: KEpsilonEquationTest.ImplicitSourceRejectsNonFiniteSuOrSp
1418/2029 Test #1557: SIMPLENonFiniteTest.NaNInitialVelocityIsDetectedImmediately ..............................................   Passed    0.16 sec
          Start 1527: PressureCorrectionTest.TwoCellProbeSourceSignAndSolutionMatchHandDerivation
1419/2029 Test  #958: TimeControllerTest.SingleStepCaseReachesEndExactly .......................................................   Passed    0.15 sec
          Start 1003: RestartSnapshotTest.NonFiniteVelocityIsRejected
1420/2029 Test #1517: SIMPLESettingsTest.RejectsNegativePressureTolerance ......................................................   Passed    0.15 sec
          Start  408: GradientTest.PhiYGivesGradientZeroOne
1421/2029 Test #1637: TransientMomentumAssemblyTest.DiagonalIncludesExactTransientCoefficient ..................................   Passed    0.15 sec
          Start  530: VectorGradientTest.LinearShearFieldIsExactEverywhere
1422/2029 Test #1664: SecondPressureCorrectionTest.RepeatedSecondCorrectionAssemblyIsBitIdentical ..............................   Passed    0.15 sec
          Start  394: WallOmegaTest.TypeAndNameAreSSTSpecific
1423/2029 Test  #357: InletTest.RejectsNonFiniteVelocity .......................................................................   Passed    0.15 sec
          Start  712: CaseValidationTest.UnsupportedPhysicsModelIsRejected
1424/2029 Test  #767: TurbulenceCaseTest.RejectsNonPositiveInitialOmega ........................................................   Passed    0.14 sec
          Start  592: ContinuityEquationTest.ClosedZeroVelocityCavityHasZeroImbalance
1425/2029 Test #1261: SSTModelTest.ConvergenceResidualIsNulloptBeforeFirstCorrect ..............................................   Passed    0.14 sec
          Start 1896: RestartIOTest.ReadRejectsOutOfRangeJsonNumber
1426/2029 Test  #373: FixedTemperatureTest.RejectsNonFiniteTemperature .........................................................   Passed    0.14 sec
          Start 1056: EnergyEquationDiffusionTest.DiagonalIsFinitePositiveAndNonzero
1427/2029 Test  #885: VTKWriterTest.MismatchedTemperatureSizeThrows ............................................................   Passed    0.14 sec
          Start 1192: KEpsilonModelTest.CorrectRejectsMismatchedVelocitySize
1428/2029 Test  #495: GridRefinementTest.LaplacianOfSmoothFieldConvergesAtSecondOrder ..........................................   Passed    0.13 sec
          Start 1892: RestartIOTest.ReadRejectsWrongFormatVersion
1429/2029 Test  #707: CaseValidationTest.ZeroNxIsRejected ......................................................................   Passed    0.13 sec
          Start  842: CSVWriterTest.WriteFieldsMismatchedSizeThrows
1430/2029 Test  #590: MassFluxTest.ChannelMassBalanceExample ...................................................................   Passed    0.12 sec
          Start  591: MassFluxTest.MismatchedVelocitySizeThrows
1431/2029 Test #1178: KEpsilonEquationTest.ImplicitSourceRejectsNonFiniteSuOrSp ................................................   Passed    0.13 sec
          Start  379: HeatFluxTest.ExposesHeatFluxAndConductivity
1432/2029 Test #1527: PressureCorrectionTest.TwoCellProbeSourceSignAndSolutionMatchHandDerivation ..............................   Passed    0.14 sec
          Start  749: TurbulenceCaseTest.ParsesKEpsilonConfigWhenEnabled
1433/2029 Test #1003: RestartSnapshotTest.NonFiniteVelocityIsRejected ..........................................................   Passed    0.14 sec
          Start 1893: RestartIOTest.ReadRejectsDifferentMeshWithSameCounts
1434/2029 Test  #408: GradientTest.PhiYGivesGradientZeroOne ....................................................................   Passed    0.15 sec
          Start 1193: KEpsilonModelTest.CorrectProducesPositiveFiniteFieldsForARealFlow
1435/2029 Test  #530: VectorGradientTest.LinearShearFieldIsExactEverywhere .....................................................   Passed    0.15 sec
          Start 1262: SSTModelTest.EffectiveViscosityEqualsMolecularPlusTurbulent
1436/2029 Test  #394: WallOmegaTest.TypeAndNameAreSSTSpecific ..................................................................   Passed    0.16 sec
          Start  254: AlgebraVector.SizeMismatchRejected
1437/2029 Test  #712: CaseValidationTest.UnsupportedPhysicsModelIsRejected .....................................................   Passed    0.17 sec
          Start 1513: SIMPLESettingsTest.RejectsVelocityRelaxationAboveOne
1438/2029 Test  #592: ContinuityEquationTest.ClosedZeroVelocityCavityHasZeroImbalance ..........................................   Passed    0.17 sec
          Start 1886: RestartIOTest.WriteThenReadRoundTripsExactly
1439/2029 Test #1896: RestartIOTest.ReadRejectsOutOfRangeJsonNumber ............................................................   Passed    0.16 sec
          Start  406: GradientTest.ConstantFieldHasZeroGradient
1440/2029 Test #1056: EnergyEquationDiffusionTest.DiagonalIsFinitePositiveAndNonzero ...........................................   Passed    0.16 sec
          Start  759: TurbulenceCaseTest.RejectsUnsupportedModelName
1441/2029 Test #1192: KEpsilonModelTest.CorrectRejectsMismatchedVelocitySize ...................................................   Passed    0.17 sec
          Start 1553: SIMPLEFailureTest.InvalidSettingsReportInvalidConfiguration
1442/2029 Test #1892: RestartIOTest.ReadRejectsWrongFormatVersion ..............................................................   Passed    0.17 sec
          Start 1653: CorrectionApplicationTest.ContinuityImprovesAfterCorrection
1443/2029 Test  #842: CSVWriterTest.WriteFieldsMismatchedSizeThrows ............................................................   Passed    0.17 sec
          Start 1638: TransientMomentumAssemblyTest.RejectsVelocityPressureSizeMismatch
1444/2029 Test  #591: MassFluxTest.MismatchedVelocitySizeThrows ................................................................   Passed    0.19 sec
          Start   22: CoreConstants.ToleranceOrdering
1445/2029 Test  #379: HeatFluxTest.ExposesHeatFluxAndConductivity ..............................................................   Passed    0.17 sec
          Start  597: ContinuityEquationTest.NonSolenoidalFieldIsDetected
1446/2029 Test  #749: TurbulenceCaseTest.ParsesKEpsilonConfigWhenEnabled .......................................................   Passed    0.18 sec
          Start   28: LoggerTest.DefaultableLevelRoundTrips
1447/2029 Test #1893: RestartIOTest.ReadRejectsDifferentMeshWithSameCounts .....................................................   Passed    0.17 sec
          Start   82: MeshQuality.DetectsOutOfRangeOwner
1448/2029 Test #1193: KEpsilonModelTest.CorrectProducesPositiveFiniteFieldsForARealFlow ........................................   Passed    0.17 sec
          Start  269: SparseMatrixTest.RejectsUnsortedColumnsWithinRow
1449/2029 Test #1262: SSTModelTest.EffectiveViscosityEqualsMolecularPlusTurbulent ..............................................   Passed    0.18 sec
          Start 1659: SecondPressureCorrectionTest.DeterministicReferenceCellRowIsPreserved
1450/2029 Test  #254: AlgebraVector.SizeMismatchRejected .......................................................................   Passed    0.18 sec
          Start 1894: RestartIOTest.ReadRejectsCellCountMismatch
1451/2029 Test #1513: SIMPLESettingsTest.RejectsVelocityRelaxationAboveOne .....................................................   Passed    0.17 sec
          Start  845: CSVWriterTest.WriteResidualsHeaderAndRowCount
1452/2029 Test #1886: RestartIOTest.WriteThenReadRoundTripsExactly .............................................................   Passed    0.17 sec
          Start  727: CaseValidationTest.UnsupportedLinearSolverTypeIsRejected
1453/2029 Test  #406: GradientTest.ConstantFieldHasZeroGradient ................................................................   Passed    0.18 sec
          Start  766: TurbulenceCaseTest.RejectsNonPositiveInitialEpsilon
1454/2029 Test  #759: TurbulenceCaseTest.RejectsUnsupportedModelName ...........................................................   Passed    0.18 sec
          Start  686: CaseReaderTest.ExplicitInitialConditionsAreParsed
1455/2029 Test #1553: SIMPLEFailureTest.InvalidSettingsReportInvalidConfiguration ..............................................   Passed    0.17 sec
          Start 1259: SSTModelTest.CorrectRejectsMismatchedVelocitySize
1456/2029 Test #1653: CorrectionApplicationTest.ContinuityImprovesAfterCorrection ..............................................   Passed    0.18 sec
          Start 1010: RestartSnapshotTest.RealAcceptedPisoStateRoundTripsThroughSnapshotExactly
1457/2029 Test #1638: TransientMomentumAssemblyTest.RejectsVelocityPressureSizeMismatch ........................................   Passed    0.17 sec
          Start 1150: ValidateTurbulentViscosityFieldTest.RejectsNegativeEntry
1458/2029 Test   #22: CoreConstants.ToleranceOrdering ..........................................................................   Passed    0.16 sec
          Start 1155: EffectiveViscosityTest.RejectsNonFiniteMolecularViscosity
1459/2029 Test  #597: ContinuityEquationTest.NonSolenoidalFieldIsDetected ......................................................   Passed    0.16 sec
          Start 1238: SSTEquationTest.F1RemainsBoundedAcrossRepresentativeStates
1460/2029 Test   #28: LoggerTest.DefaultableLevelRoundTrips ....................................................................   Passed    0.15 sec
          Start 1633: TransientMomentumTermTest.RhsGetsSourceContributionAddedExactly
1461/2029 Test   #82: MeshQuality.DetectsOutOfRangeOwner .......................................................................   Passed    0.14 sec
          Start  982: CFLTest.RepeatedCallsAreDeterministic
1462/2029 Test  #269: SparseMatrixTest.RejectsUnsortedColumnsWithinRow .........................................................   Passed    0.13 sec
          Start  383: HeatFluxTest.RejectsInvalidDistance
1463/2029 Test #1659: SecondPressureCorrectionTest.DeterministicReferenceCellRowIsPreserved ....................................   Passed    0.13 sec
          Start 1171: TurbulenceProductionTest.MismatchedFieldSizeThrows
1464/2029 Test #1894: RestartIOTest.ReadRejectsCellCountMismatch ...............................................................   Passed    0.13 sec
          Start  344: FixedValueTest.ExposesTypeAndName
1465/2029 Test  #845: CSVWriterTest.WriteResidualsHeaderAndRowCount ............................................................   Passed    0.13 sec
          Start 1118: RegionAwareThermalDiffusionTest.EqualConductivityMatchesSingleMaterialPathExactly
1466/2029 Test  #727: CaseValidationTest.UnsupportedLinearSolverTypeIsRejected .................................................   Passed    0.14 sec
          Start  441: DiffusionTest.EqualsGammaTimesLaplacianForConstantGamma
1467/2029 Test  #766: TurbulenceCaseTest.RejectsNonPositiveInitialEpsilon ......................................................   Passed    0.13 sec
          Start 1232: SSTEquationTest.CrossDiffusionCoefficientMatchesHandDerivedExample
1468/2029 Test  #686: CaseReaderTest.ExplicitInitialConditionsAreParsed ........................................................   Passed    0.13 sec
          Start 1099: ThermalSolverTest.NonFiniteStateForNonFiniteMassFlux
1469/2029 Test #1259: SSTModelTest.CorrectRejectsMismatchedVelocitySize ........................................................   Passed    0.13 sec
          Start  233: SurfaceFieldTest.SizedConstructionAndFill
1470/2029 Test #1010: RestartSnapshotTest.RealAcceptedPisoStateRoundTripsThroughSnapshotExactly ................................   Passed    0.13 sec
          Start 1250: SSTModelTest.NameIsSST
1471/2029 Test #1150: ValidateTurbulentViscosityFieldTest.RejectsNegativeEntry .................................................   Passed    0.13 sec
          Start  695: CaseReaderTest.UnknownTopLevelFieldInManifestIsRejected
1472/2029 Test #1155: EffectiveViscosityTest.RejectsNonFiniteMolecularViscosity ................................................   Passed    0.13 sec
          Start   62: Mesh.CellAndFaceAccessorsValidateId
1473/2029 Test #1238: SSTEquationTest.F1RemainsBoundedAcrossRepresentativeStates ...............................................   Passed    0.13 sec
          Start  744: ThermalCaseTest.RejectsMissingPerPatchTemperatureWhenThermalEnabled
1474/2029 Test #1633: TransientMomentumTermTest.RhsGetsSourceContributionAddedExactly ..........................................   Passed    0.13 sec
          Start  720: CaseValidationTest.UnsupportedPressureBoundaryTypeIsRejected
1475/2029 Test  #982: CFLTest.RepeatedCallsAreDeterministic ....................................................................   Passed    0.13 sec
          Start  523: TimeDerivativeTest.DifferentVolumesScaleDiagonalAndSourceIndependently
1476/2029 Test  #383: HeatFluxTest.RejectsInvalidDistance ......................................................................   Passed    0.13 sec
          Start 1632: TransientMomentumTermTest.DiagonalGetsTimeCoefficientAddedExactly
1477/2029 Test #1171: TurbulenceProductionTest.MismatchedFieldSizeThrows .......................................................   Passed    0.14 sec
          Start 1671: FinalCorrectionTest.ControlledPartialCorrectionShowsRc2BelowRc1
1478/2029 Test  #344: FixedValueTest.ExposesTypeAndName ........................................................................   Passed    0.14 sec
          Start 1246: SSTEquationTest.TurbulentViscosityRejectsInvalidInputs
1479/2029 Test #1118: RegionAwareThermalDiffusionTest.EqualConductivityMatchesSingleMaterialPathExactly ........................   Passed    0.15 sec
          Start 1009: RestartSnapshotTest.UnsupportedFormatVersionIsRejected
1480/2029 Test  #441: DiffusionTest.EqualsGammaTimesLaplacianForConstantGamma ..................................................   Passed    0.15 sec
          Start 1233: SSTEquationTest.CrossDiffusionCoefficientClampsNegativeDotProduct
1481/2029 Test #1232: SSTEquationTest.CrossDiffusionCoefficientMatchesHandDerivedExample .......................................   Passed    0.15 sec
          Start  861: JSONWriterTest.SolverStatusAndIterationsAreCorrect
1482/2029 Test #1099: ThermalSolverTest.NonFiniteStateForNonFiniteMassFlux .....................................................   Passed    0.14 sec
          Start  718: CaseValidationTest.WallWithUnexpectedVelocityValueIsRejected
1483/2029 Test  #233: SurfaceFieldTest.SizedConstructionAndFill ................................................................   Passed    0.14 sec
          Start  525: TimeDerivativeTest.RejectsFieldSizeMismatch
1484/2029 Test #1250: SSTModelTest.NameIsSST ...................................................................................   Passed    0.14 sec
          Start  369: CavityBoundaryConfigurationTest.LidDrivenCavitySetup
1485/2029 Test  #744: ThermalCaseTest.RejectsMissingPerPatchTemperatureWhenThermalEnabled ......................................   Passed    0.14 sec
          Start  837: CSVWriterTest.WriteFieldsHeaderIsExact
1486/2029 Test  #695: CaseReaderTest.UnknownTopLevelFieldInManifestIsRejected ..................................................   Passed    0.17 sec
          Start  770: TurbulenceCaseTest.RejectsEpsilonRelaxationWithoutInitialEpsilon
1487/2029 Test   #62: Mesh.CellAndFaceAccessorsValidateId ......................................................................   Passed    0.18 sec
          Start 1048: ThermalPropertiesTest.RejectsNonFiniteConductivity
1488/2029 Test  #720: CaseValidationTest.UnsupportedPressureBoundaryTypeIsRejected .............................................   Passed    0.17 sec
          Start 1242: SSTEquationTest.KDiffusivityMatchesHandDerivedBlendedValue
1489/2029 Test  #523: TimeDerivativeTest.DifferentVolumesScaleDiagonalAndSourceIndependently ...................................   Passed    0.19 sec
          Start 1229: SSTEquationTest.BlendAtQuarterWeightingMatchesHandDerivedValue
1490/2029 Test #1632: TransientMomentumTermTest.DiagonalGetsTimeCoefficientAddedExactly ........................................   Passed    0.19 sec
          Start  582: FluidPropertiesTest.RejectsNegativeViscosity
1491/2029 Test #1671: FinalCorrectionTest.ControlledPartialCorrectionShowsRc2BelowRc1 ..........................................   Passed    0.19 sec
          Start 1071: EnergyEquationAssemblyTest.RejectsNonFiniteHeatSource
1492/2029 Test #1246: SSTEquationTest.TurbulentViscosityRejectsInvalidInputs ...................................................   Passed    0.17 sec
          Start 1045: ThermalPropertiesTest.RejectsNegativeConductivity
1493/2029 Test #1009: RestartSnapshotTest.UnsupportedFormatVersionIsRejected ...................................................   Passed    0.17 sec
          Start  862: JSONWriterTest.EveryStatusMapsToItsOwnEnumName
1494/2029 Test #1233: SSTEquationTest.CrossDiffusionCoefficientClampsNegativeDotProduct ........................................   Passed    0.17 sec
          Start   61: Mesh.ExposesCellsFacesAndPatches
1495/2029 Test  #861: JSONWriterTest.SolverStatusAndIterationsAreCorrect .......................................................   Passed    0.18 sec
          Start  839: CSVWriterTest.WriteFieldsCoordinatesComeFromMesh
1496/2029 Test  #718: CaseValidationTest.WallWithUnexpectedVelocityValueIsRejected .............................................   Passed    0.18 sec
          Start  466: ConvectionTest.BoundaryInflowUsesGhostReflectedValue
1497/2029 Test  #525: TimeDerivativeTest.RejectsFieldSizeMismatch ..............................................................   Passed    0.18 sec
          Start  229: VectorFieldTest.ScalarMultiplicationBothOrders
1498/2029 Test  #369: CavityBoundaryConfigurationTest.LidDrivenCavitySetup .....................................................   Passed    0.18 sec
          Start   30: LoggerTest.MessagesAtOrAboveLevelAreEmittedWithPrefix
1499/2029 Test  #837: CSVWriterTest.WriteFieldsHeaderIsExact ...................................................................   Passed    0.17 sec
          Start 1051: ThermalPropertiesTest.ThermalDiffusivityRejectsNegativeDensity
1500/2029 Test  #770: TurbulenceCaseTest.RejectsEpsilonRelaxationWithoutInitialEpsilon .........................................   Passed    0.16 sec
          Start  726: CaseValidationTest.ZeroMaxIterationsIsRejected
1501/2029 Test #1048: ThermalPropertiesTest.RejectsNonFiniteConductivity .......................................................   Passed    0.16 sec
          Start 1255: SSTModelTest.RejectsInvalidInitialK
1502/2029 Test #1242: SSTEquationTest.KDiffusivityMatchesHandDerivedBlendedValue ...............................................   Passed    0.14 sec
          Start 1158: LaminarModelTest.TurbulentViscosityIsZeroEverywhere
1503/2029 Test #1229: SSTEquationTest.BlendAtQuarterWeightingMatchesHandDerivedValue ...........................................   Passed    0.14 sec
          Start 1555: SIMPLEFailureTest.InvalidInnerSolverSettingsReportInvalidConfiguration
1504/2029 Test  #582: FluidPropertiesTest.RejectsNegativeViscosity .............................................................   Passed    0.15 sec
          Start  311: SolverDeterminismTest.BiCGSTABRepeatedSolvesAreIdentical
1505/2029 Test #1071: EnergyEquationAssemblyTest.RejectsNonFiniteHeatSource ....................................................   Passed    0.15 sec
          Start  851: CSVWriterTest.AppendsTemperatureColumnWhenProvided
1506/2029 Test #1045: ThermalPropertiesTest.RejectsNegativeConductivity ........................................................   Passed    0.15 sec
          Start 1521: MomentumPredictorRelaxationTest.RelaxedSourceMatchesDerivationExactly
1507/2029 Test  #862: JSONWriterTest.EveryStatusMapsToItsOwnEnumName ...........................................................   Passed    0.20 sec
          Start 1888: RestartIOTest.ReadRejectsMissingFile
1508/2029 Test   #61: Mesh.ExposesCellsFacesAndPatches .........................................................................   Passed    0.20 sec
          Start 1119: RegionAwareThermalDiffusionTest.MismatchedTemperatureSizeThrows
1509/2029 Test  #839: CSVWriterTest.WriteFieldsCoordinatesComeFromMesh .........................................................   Passed    0.20 sec
          Start  987: TransientSolverTest.PressureCorrectionFailurePropagates
1510/2029 Test  #466: ConvectionTest.BoundaryInflowUsesGhostReflectedValue .....................................................   Passed    0.20 sec
          Start 1698: PISOTurbulenceTest.DefaultTurbulenceModelMatchesExplicitLaminarModel
1511/2029 Test  #229: VectorFieldTest.ScalarMultiplicationBothOrders ...........................................................   Passed    0.20 sec
          Start  999: RestartSnapshotTest.WrongCellCountIsRejected
1512/2029 Test   #30: LoggerTest.MessagesAtOrAboveLevelAreEmittedWithPrefix ....................................................   Passed    0.19 sec
          Start 1512: SIMPLESettingsTest.RejectsNegativeVelocityRelaxation
1513/2029 Test #1051: ThermalPropertiesTest.ThermalDiffusivityRejectsNegativeDensity ...........................................   Passed    0.21 sec
          Start  225: ScalarFieldTest.ExplicitValuesFromSpecExample
1514/2029 Test  #726: CaseValidationTest.ZeroMaxIterationsIsRejected ...........................................................   Passed    0.21 sec
          Start  609: MomentumConvectionTest.BoundaryOutflowUsesOwnerUnknownNotBoundaryValue
1515/2029 Test #1255: SSTModelTest.RejectsInvalidInitialK ......................................................................   Passed    0.21 sec
          Start 1550: SIMPLEFailureTest.MaxIterationsIsNotReportedAsConverged
1516/2029 Test #1158: LaminarModelTest.TurbulentViscosityIsZeroEverywhere ......................................................   Passed    0.21 sec
          Start 1170: TurbulenceProductionTest.NormalStrainContributesWithFactorTwo
1517/2029 Test #1555: SIMPLEFailureTest.InvalidInnerSolverSettingsReportInvalidConfiguration ...................................   Passed    0.19 sec
          Start 1689: PisoTest.AccessorsReturnConstructedValues
1518/2029 Test  #311: SolverDeterminismTest.BiCGSTABRepeatedSolvesAreIdentical .................................................   Passed    0.19 sec
          Start  603: MomentumDiffusionTest.MismatchedVelocitySizeThrows
1519/2029 Test  #851: CSVWriterTest.AppendsTemperatureColumnWhenProvided .......................................................   Passed    0.19 sec
          Start 1106: ThermalRegionMapTest.ConstructsAndReportsCellRegions
1520/2029 Test #1521: MomentumPredictorRelaxationTest.RelaxedSourceMatchesDerivationExactly ....................................   Passed    0.14 sec
          Start  356: InletTest.InflowDotProductWithOutwardNormalIsNegative
1521/2029 Test #1888: RestartIOTest.ReadRejectsMissingFile .....................................................................   Passed    0.14 sec
          Start 1685: PisoTest.ReferenceCellOutOfRangeReturnsInvalidConfiguration
1522/2029 Test #1119: RegionAwareThermalDiffusionTest.MismatchedTemperatureSizeThrows ..........................................   Passed    0.13 sec
          Start  743: ThermalCaseTest.RejectsExtraneousValueForAdiabatic
1523/2029 Test  #987: TransientSolverTest.PressureCorrectionFailurePropagates ..................................................   Passed    0.13 sec
          Start 1164: LaminarModelTest.ConstructionIsDeterministicAcrossInstances
1524/2029 Test #1698: PISOTurbulenceTest.DefaultTurbulenceModelMatchesExplicitLaminarModel .....................................   Passed    0.13 sec
          Start  208: Field.InitializedConstructionFillsValue
1525/2029 Test  #999: RestartSnapshotTest.WrongCellCountIsRejected .............................................................   Passed    0.13 sec
          Start  395: WallOmegaTest.RejectsInvalidKinematicViscosity
1526/2029 Test #1512: SIMPLESettingsTest.RejectsNegativeVelocityRelaxation .....................................................   Passed    0.13 sec
          Start  606: MomentumDiffusionTest.MismatchedEffectiveViscosityFieldSizeThrows
1527/2029 Test  #225: ScalarFieldTest.ExplicitValuesFromSpecExample ............................................................   Passed    0.13 sec
          Start 1529: PressureCorrectionTest.ConstantResponseCoefficientGivesSymmetricInternalCoupling
1528/2029 Test  #609: MomentumConvectionTest.BoundaryOutflowUsesOwnerUnknownNotBoundaryValue ...................................   Passed    0.13 sec
          Start 1145: TurbulenceModelTest.NegativeTurbulentViscosityRejected
1529/2029 Test #1550: SIMPLEFailureTest.MaxIterationsIsNotReportedAsConverged ..................................................   Passed    0.14 sec
          Start 1891: RestartIOTest.ReadRejectsMissingRequiredField
1530/2029 Test #1170: TurbulenceProductionTest.NormalStrainContributesWithFactorTwo ............................................   Passed    0.14 sec
          Start 1518: SIMPLESettingsTest.RejectsNonFiniteContinuityTolerance
1531/2029 Test #1689: PisoTest.AccessorsReturnConstructedValues ................................................................   Passed    0.16 sec
          Start 1057: EnergyEquationDiffusionTest.MismatchedTemperatureSizeThrows
1532/2029 Test  #603: MomentumDiffusionTest.MismatchedVelocitySizeThrows .......................................................   Passed    0.16 sec
          Start  206: Field.DefaultConstructionIsEmpty
1533/2029 Test #1106: ThermalRegionMapTest.ConstructsAndReportsCellRegions .....................................................   Passed    0.16 sec
          Start  440: LaplacianTest.QuadraticFieldGivesFour
1534/2029 Test  #356: InletTest.InflowDotProductWithOutwardNormalIsNegative ....................................................   Passed    0.16 sec
          Start 1669: FinalCorrectionTest.WallNormalBoundaryFluxStaysExactlyZeroInFinalState
1535/2029 Test #1685: PisoTest.ReferenceCellOutOfRangeReturnsInvalidConfiguration ..............................................   Passed    0.17 sec
          Start  605: MomentumDiffusionTest.NonUniformEffectiveViscosityChangesDiffusionCoefficients
1536/2029 Test  #743: ThermalCaseTest.RejectsExtraneousValueForAdiabatic .......................................................   Passed    0.18 sec
          Start  616: MomentumPressureTest.LinearPressureYGivesNegativeYSourceZeroXSource
1537/2029 Test #1164: LaminarModelTest.ConstructionIsDeterministicAcrossInstances ..............................................   Passed    0.18 sec
          Start 1690: PisoTransientIntegrationTest.DirectPisoSequenceMatchesTransientSolverBitIdentical
1538/2029 Test  #208: Field.InitializedConstructionFillsValue ..................................................................   Passed    0.18 sec
          Start  305: SolverFailureTest.InfMatrixRejectedAtConstruction
1539/2029 Test  #395: WallOmegaTest.RejectsInvalidKinematicViscosity ...........................................................   Passed    0.18 sec
          Start  717: CaseValidationTest.MovingWallWithoutVelocityValueIsRejected
1540/2029 Test  #606: MomentumDiffusionTest.MismatchedEffectiveViscosityFieldSizeThrows ........................................   Passed    0.18 sec
          Start  602: MomentumDiffusionTest.DiagonalIsFinitePositiveAndNonzero
1541/2029 Test #1529: PressureCorrectionTest.ConstantResponseCoefficientGivesSymmetricInternalCoupling .........................   Passed    0.17 sec
          Start  219: ScalarFieldTest.ElementwiseAddition
1542/2029 Test #1145: TurbulenceModelTest.NegativeTurbulentViscosityRejected ...................................................   Passed    0.18 sec
          Start  221: ScalarFieldTest.ScalarMultiplicationBothOrders
1543/2029 Test #1891: RestartIOTest.ReadRejectsMissingRequiredField ............................................................   Passed    0.17 sec
          Start  877: VTKWriterTest.CellCountAndConnectivityAreCorrectFor2x2
1544/2029 Test #1518: SIMPLESettingsTest.RejectsNonFiniteContinuityTolerance ...................................................   Passed    0.16 sec
          Start  722: CaseValidationTest.UnsupportedSolverTypeIsRejected
1545/2029 Test #1057: EnergyEquationDiffusionTest.MismatchedTemperatureSizeThrows ..............................................   Passed    0.16 sec
          Start  239: FieldArithmetic.ScalarIdentities
1546/2029 Test  #206: Field.DefaultConstructionIsEmpty .........................................................................   Passed    0.16 sec
          Start  578: FluidPropertiesTest.KinematicViscosityIsMuOverRho
1547/2029 Test  #440: LaplacianTest.QuadraticFieldGivesFour ....................................................................   Passed    0.16 sec
          Start 1679: PisoTest.OneStepResultIsFiniteOnCavity
1548/2029 Test #1669: FinalCorrectionTest.WallNormalBoundaryFluxStaysExactlyZeroInFinalState ...................................   Passed    0.15 sec
          Start  598: ContinuityEquationTest.MismatchedMassFluxSizeThrows
1549/2029 Test  #605: MomentumDiffusionTest.NonUniformEffectiveViscosityChangesDiffusionCoefficients ...........................   Passed    0.14 sec
          Start  346: FixedGradientTest.NonzeroGradient
1550/2029 Test  #616: MomentumPressureTest.LinearPressureYGivesNegativeYSourceZeroXSource ......................................   Passed    0.14 sec
          Start 1241: SSTEquationTest.F1ApproachesZeroFarFromAWallWithLowViscosityRatio
1551/2029 Test #1690: PisoTransientIntegrationTest.DirectPisoSequenceMatchesTransientSolverBitIdentical ........................   Passed    0.14 sec
          Start 1239: SSTEquationTest.F2RemainsBoundedAcrossRepresentativeStates
1552/2029 Test  #305: SolverFailureTest.InfMatrixRejectedAtConstruction ........................................................   Passed    0.13 sec
          Start 1205: KOmegaModelTest.FieldsSizedToMeshAtConstruction
1553/2029 Test  #717: CaseValidationTest.MovingWallWithoutVelocityValueIsRejected ..............................................   Passed    0.14 sec
          Start 1093: ThermalSolverTest.MaxIterationsWhenOuterBudgetTooSmall
1554/2029 Test  #602: MomentumDiffusionTest.DiagonalIsFinitePositiveAndNonzero .................................................   Passed    0.14 sec
          Start 1268: TurbulenceModelFactoryTest.KEpsilonOverloadRejectsUnsupportedModelNames
1555/2029 Test  #219: ScalarFieldTest.ElementwiseAddition ......................................................................   Passed    0.14 sec
          Start 1245: SSTEquationTest.TurbulentViscosityStrainDominatedBranch
1556/2029 Test  #221: ScalarFieldTest.ScalarMultiplicationBothOrders ...........................................................   Passed    0.13 sec
          Start 1062: EnergyEquationConvectionTest.MismatchedTemperatureSizeThrows
1557/2029 Test  #877: VTKWriterTest.CellCountAndConnectivityAreCorrectFor2x2 ...................................................   Passed    0.13 sec
          Start 1234: SSTEquationTest.CrossDiffusionSourceVanishesAtF1EqualsOne
1558/2029 Test  #722: CaseValidationTest.UnsupportedSolverTypeIsRejected .......................................................   Passed    0.13 sec
          Start 1074: EnergyEquationAssemblyTest.RepeatedAssemblyIsDeterministic
1559/2029 Test  #239: FieldArithmetic.ScalarIdentities .........................................................................   Passed    0.13 sec
          Start 1274: TurbulenceModelFactoryTest.SSTOverloadRejectsUnsupportedModelNames
1560/2029 Test  #578: FluidPropertiesTest.KinematicViscosityIsMuOverRho ........................................................   Passed    0.13 sec
          Start  959: TimeControllerTest.StartEqualsEndIsImmediatelyFinished
1561/2029 Test #1679: PisoTest.OneStepResultIsFiniteOnCavity ...................................................................   Passed    0.14 sec
          Start  370: ChannelBoundaryConfigurationTest.InletOutletWallSetup
1562/2029 Test  #598: ContinuityEquationTest.MismatchedMassFluxSizeThrows ......................................................   Passed    0.14 sec
          Start   63: Mesh.BoundaryPatchLookupByName
1563/2029 Test  #346: FixedGradientTest.NonzeroGradient ........................................................................   Passed    0.14 sec
          Start 1231: SSTEquationTest.BlendingIsExactForMultipleCoefficients
1564/2029 Test #1241: SSTEquationTest.F1ApproachesZeroFarFromAWallWithLowViscosityRatio ........................................   Passed    0.14 sec
          Start  863: JSONWriterTest.FinalResidualsAndMassImbalanceAreCorrect
1565/2029 Test #1239: SSTEquationTest.F2RemainsBoundedAcrossRepresentativeStates ...............................................   Passed    0.14 sec
          Start 1067: EnergyEquationAssemblyTest.CombinedAssemblyMatchesHandDerivedCoefficients
1566/2029 Test #1205: KOmegaModelTest.FieldsSizedToMeshAtConstruction ..........................................................   Passed    0.13 sec
          Start  709: CaseValidationTest.StringNxIsRejected
1567/2029 Test #1093: ThermalSolverTest.MaxIterationsWhenOuterBudgetTooSmall ...................................................   Passed    0.12 sec
          Start  583: FluidPropertiesTest.RejectsNonFiniteDensity
1568/2029 Test #1268: TurbulenceModelFactoryTest.KEpsilonOverloadRejectsUnsupportedModelNames ..................................   Passed    0.13 sec
          Start  107: CartesianMesh.DeterministicGeneration
1569/2029 Test #1245: SSTEquationTest.TurbulentViscosityStrainDominatedBranch ..................................................   Passed    0.13 sec
          Start  398: WallOmegaTest.RepeatedEvaluationIsDeterministic
1570/2029 Test #1062: EnergyEquationConvectionTest.MismatchedTemperatureSizeThrows .............................................   Passed    0.14 sec
          Start   52: MeshCell.RejectsNonFiniteGeometry
1571/2029 Test #1234: SSTEquationTest.CrossDiffusionSourceVanishesAtF1EqualsOne ................................................   Passed    0.14 sec
          Start 1076: EnergyEquationThermalBCIntegrationTest.HeatFluxAndAdiabaticBoundariesMatchHandDerivedRhs
1572/2029 Test #1074: EnergyEquationAssemblyTest.RepeatedAssemblyIsDeterministic ...............................................   Passed    0.14 sec
          Start  103: CartesianMesh.OneByTwo
1573/2029 Test #1274: TurbulenceModelFactoryTest.SSTOverloadRejectsUnsupportedModelNames .......................................   Passed    0.15 sec
          Start  754: TurbulenceCaseTest.BuilderConstructsKOmegaConfigAndBoundaries
1574/2029 Test  #959: TimeControllerTest.StartEqualsEndIsImmediatelyFinished ...................................................   Passed    0.14 sec
          Start  611: MomentumConvectionTest.ConstantFieldGivesZeroNetContribution
1575/2029 Test  #370: ChannelBoundaryConfigurationTest.InletOutletWallSetup ....................................................   Passed    0.14 sec
          Start 1264: SSTModelTest.NearWallBlendApproachesSSTsOwnInnerCoefficientSet
1576/2029 Test   #63: Mesh.BoundaryPatchLookupByName ...........................................................................   Passed    0.14 sec
          Start 1090: ThermalSolverTest.ConvergesAndMatchesAnalytical1DConductionProfile
1577/2029 Test #1231: SSTEquationTest.BlendingIsExactForMultipleCoefficients ...................................................   Passed    0.14 sec
          Start  409: GradientTest.QuadraticFieldMatchesAnalyticalGradient
1578/2029 Test  #863: JSONWriterTest.FinalResidualsAndMassImbalanceAreCorrect ..................................................   Passed    0.14 sec
          Start  402: InterpolationTest.BoundaryFaceUsesFixedValueNotOwnerValue
1579/2029 Test #1067: EnergyEquationAssemblyTest.CombinedAssemblyMatchesHandDerivedCoefficients ................................   Passed    0.15 sec
          Start 1097: ThermalSolverTest.InvalidConfigurationForNonPositiveTolerance
1580/2029 Test  #709: CaseValidationTest.StringNxIsRejected ....................................................................   Passed    0.16 sec
          Start  768: TurbulenceCaseTest.RejectsOutOfRangeRelaxation
1581/2029 Test  #583: FluidPropertiesTest.RejectsNonFiniteDensity ..............................................................   Passed    0.17 sec
          Start  600: MomentumDiffusionTest.InteriorCellsMatchKnownQuadraticLaplacian
1582/2029 Test  #107: CartesianMesh.DeterministicGeneration ....................................................................   Passed    0.17 sec
          Start 1096: ThermalSolverTest.InvalidConfigurationForZeroOuterMaxIterations
1583/2029 Test  #398: WallOmegaTest.RepeatedEvaluationIsDeterministic ..........................................................   Passed    0.18 sec
          Start 1166: LaminarModelTest.PolymorphicUseThroughBaseInterfaceWorks
1584/2029 Test   #52: MeshCell.RejectsNonFiniteGeometry ........................................................................   Passed    0.17 sec
          Start  399: InterpolationTest.ConstantFieldIsPreservedExactly
1585/2029 Test #1076: EnergyEquationThermalBCIntegrationTest.HeatFluxAndAdiabaticBoundariesMatchHandDerivedRhs .................   Passed    0.20 sec
          Start  711: CaseValidationTest.NonPositiveViscosityIsRejected
1586/2029 Test  #103: CartesianMesh.OneByTwo ...................................................................................   Passed    0.20 sec
          Start  687: CaseReaderTest.MissingCaseDirectoryThrowsIOError
1587/2029 Test  #754: TurbulenceCaseTest.BuilderConstructsKOmegaConfigAndBoundaries ............................................   Passed    0.19 sec
          Start  207: Field.SizedConstructionValueInitializes
1588/2029 Test  #611: MomentumConvectionTest.ConstantFieldGivesZeroNetContribution .............................................   Passed    0.19 sec
          Start 1188: KEpsilonModelTest.RejectsInvalidInitialK
1589/2029 Test #1264: SSTModelTest.NearWallBlendApproachesSSTsOwnInnerCoefficientSet ...........................................   Passed    0.19 sec
          Start  385: AdiabaticTest.ReturnsOwnerValueUnchanged
1590/2029 Test #1090: ThermalSolverTest.ConvergesAndMatchesAnalytical1DConductionProfile .......................................   Passed    0.20 sec
          Start 1001: RestartSnapshotTest.MismatchedMeshCellCountIsRejectedEvenWithConsistentFieldSizes
1591/2029 Test  #409: GradientTest.QuadraticFieldMatchesAnalyticalGradient .....................................................   Passed    0.19 sec
          Start 1525: MomentumPredictorRelaxationTest.RejectsMismatchedPreviousValueSize
1592/2029 Test  #402: InterpolationTest.BoundaryFaceUsesFixedValueNotOwnerValue ................................................   Passed    0.19 sec
          Start 1063: EnergyEquationConvectionTest.MismatchedMassFluxSizeThrows
1593/2029 Test #1097: ThermalSolverTest.InvalidConfigurationForNonPositiveTolerance ............................................   Passed    0.18 sec
          Start  998: RestartSnapshotTest.RepeatedConstructionFromIdenticalStateIsDeterministic
1594/2029 Test  #768: TurbulenceCaseTest.RejectsOutOfRangeRelaxation ...........................................................   Passed    0.17 sec
          Start  348: FixedGradientTest.RejectsNonFiniteGradient
1595/2029 Test  #600: MomentumDiffusionTest.InteriorCellsMatchKnownQuadraticLaplacian ..........................................   Passed    0.15 sec
          Start  977: CFLTest.MaxMeanAndMaxCellForNonUniformFlux
1596/2029 Test #1096: ThermalSolverTest.InvalidConfigurationForZeroOuterMaxIterations ..........................................   Passed    0.16 sec
          Start 1254: SSTModelTest.ConstructionIsDeterministicAcrossInstances
1597/2029 Test #1166: LaminarModelTest.PolymorphicUseThroughBaseInterfaceWorks .................................................   Passed    0.15 sec
          Start  765: TurbulenceCaseTest.RejectsNonPositiveInitialK
1598/2029 Test  #399: InterpolationTest.ConstantFieldIsPreservedExactly ........................................................   Passed    0.13 sec
          Start 1667: FinalCorrectionTest.TwoCellPartialFirstCorrectionPlusSecondReconstructsFullSingleCorrection
1599/2029 Test  #711: CaseValidationTest.NonPositiveViscosityIsRejected ........................................................   Passed    0.13 sec
          Start  596: ContinuityEquationTest.DivergenceFreeRotationalFieldGivesNearZeroImbalance
1600/2029 Test  #687: CaseReaderTest.MissingCaseDirectoryThrowsIOError .........................................................   Passed    0.13 sec
          Start  388: AdiabaticTest.RejectsInvalidDistance
1601/2029 Test  #207: Field.SizedConstructionValueInitializes ..................................................................   Passed    0.13 sec
          Start  764: TurbulenceCaseTest.RejectsKOmegaModelWithInitialEpsilonOnly
1602/2029 Test #1188: KEpsilonModelTest.RejectsInvalidInitialK .................................................................   Passed    0.13 sec
          Start   27: CoreException.CategoriesAreDistinguishable
1603/2029 Test  #385: AdiabaticTest.ReturnsOwnerValueUnchanged .................................................................   Passed    0.14 sec
          Start 1203: KOmegaModelTest.TurbulentViscosityMatchesHandDerivedExample
1604/2029 Test #1001: RestartSnapshotTest.MismatchedMeshCellCountIsRejectedEvenWithConsistentFieldSizes ........................   Passed    0.13 sec
          Start  761: TurbulenceCaseTest.RejectsBothInitialEpsilonAndInitialOmega
1605/2029 Test #1525: MomentumPredictorRelaxationTest.RejectsMismatchedPreviousValueSize .......................................   Passed    0.14 sec
          Start 1536: VelocityCorrectionTest.ConstantPressureCorrectionGivesZeroVelocityCorrection
1606/2029 Test #1063: EnergyEquationConvectionTest.MismatchedMassFluxSizeThrows ................................................   Passed    0.15 sec
          Start 1676: PisoTest.OneStepMatchesIndependentManualPipelineBitIdentical
1607/2029 Test  #998: RestartSnapshotTest.RepeatedConstructionFromIdenticalStateIsDeterministic ................................   Passed    0.15 sec
          Start 1044: ThermalPropertiesTest.RejectsZeroConductivity
1608/2029 Test  #348: FixedGradientTest.RejectsNonFiniteGradient ...............................................................   Passed    0.16 sec
          Start  870: JSONWriterTest.RepeatedWriteIsByteIdentical
1609/2029 Test  #977: CFLTest.MaxMeanAndMaxCellForNonUniformFlux ...............................................................   Passed    0.15 sec
          Start  579: FluidPropertiesTest.RejectsZeroDensity
1610/2029 Test #1254: SSTModelTest.ConstructionIsDeterministicAcrossInstances ..................................................   Passed    0.16 sec
          Start 1660: SecondPressureCorrectionTest.FullPipelineSecondCorrectionIsFiniteAndConverged
1611/2029 Test  #765: TurbulenceCaseTest.RejectsNonPositiveInitialK ............................................................   Passed    0.18 sec
          Start   31: LoggerTest.MessagesBelowLevelAreFiltered
1612/2029 Test #1667: FinalCorrectionTest.TwoCellPartialFirstCorrectionPlusSecondReconstructsFullSingleCorrection ..............   Passed    0.18 sec
          Start  384: HeatFluxTest.RepeatedEvaluationIsDeterministic
1613/2029 Test  #596: ContinuityEquationTest.DivergenceFreeRotationalFieldGivesNearZeroImbalance ...............................   Passed    0.18 sec
          Start 1648: TransientPressureCorrectionTest.PreviousStateAndInputsAreNotMutatedByThePipeline
1614/2029 Test  #388: AdiabaticTest.RejectsInvalidDistance .....................................................................   Passed    0.18 sec
          Start 1256: SSTModelTest.RejectsInvalidInitialOmega
1615/2029 Test  #764: TurbulenceCaseTest.RejectsKOmegaModelWithInitialEpsilonOnly ..............................................   Passed    0.19 sec
          Start 1210: KOmegaModelTest.RejectsInvalidCoefficients
1616/2029 Test   #27: CoreException.CategoriesAreDistinguishable ...............................................................   Passed    0.18 sec
          Start 1677: PisoTest.PreviousStateArgumentIsNotMutated
1617/2029 Test #1203: KOmegaModelTest.TurbulentViscosityMatchesHandDerivedExample ..............................................   Passed    0.18 sec
          Start 1252: SSTModelTest.InitializedToConfiguredValuesEverywhere
1618/2029 Test  #761: TurbulenceCaseTest.RejectsBothInitialEpsilonAndInitialOmega ..............................................   Passed    0.19 sec
          Start  755: TurbulenceCaseTest.KOmegaInletPatchGetsFixedKAndOmegaFromCaseConfig
1619/2029 Test #1536: VelocityCorrectionTest.ConstantPressureCorrectionGivesZeroVelocityCorrection .............................   Passed    0.18 sec
          Start  706: CaseValidationTest.UnsupportedMeshTypeIsRejected
1620/2029 Test #1676: PisoTest.OneStepMatchesIndependentManualPipelineBitIdentical .............................................   Passed    0.18 sec
          Start 1072: EnergyEquationAssemblyTest.NonFiniteTemperatureAtGradientBoundaryThrowsNumericalError
1621/2029 Test #1044: ThermalPropertiesTest.RejectsZeroConductivity ............................................................   Passed    0.17 sec
          Start 1214: KOmegaModelTest.ConvergenceResidualIsNulloptBeforeFirstCorrect
1622/2029 Test  #870: JSONWriterTest.RepeatedWriteIsByteIdentical ..............................................................   Passed    0.17 sec
          Start  527: TimeDerivativeTest.RejectsNonFiniteOrNonPositiveDensity
1623/2029 Test  #579: FluidPropertiesTest.RejectsZeroDensity ...................................................................   Passed    0.16 sec
          Start  343: FixedValueTest.BoundaryValueIgnoresOwnerValue
1624/2029 Test #1660: SecondPressureCorrectionTest.FullPipelineSecondCorrectionIsFiniteAndConverged ............................   Passed    0.15 sec
          Start   68: MeshGeometry.OwnerNeighborDistanceRejectsBoundaryFace
1625/2029 Test   #31: LoggerTest.MessagesBelowLevelAreFiltered .................................................................   Passed    0.15 sec
          Start  860: JSONWriterTest.CaseAndMeshMetadataAreCorrect
1626/2029 Test  #384: HeatFluxTest.RepeatedEvaluationIsDeterministic ...........................................................   Passed    0.15 sec
          Start  496: GridRefinementTest.UpwindConvectionConvergesAtFirstOrder
1627/2029 Test #1648: TransientPressureCorrectionTest.PreviousStateAndInputsAreNotMutatedByThePipeline .........................   Passed    0.16 sec
          Start 1651: CorrectionApplicationTest.ZeroPressureCorrectionLeavesEverythingUnchanged
1628/2029 Test #1256: SSTModelTest.RejectsInvalidInitialOmega ..................................................................   Passed    0.17 sec
          Start 1257: SSTModelTest.RejectsInvalidCoefficients
1629/2029 Test #1210: KOmegaModelTest.RejectsInvalidCoefficients ...............................................................   Passed    0.17 sec
          Start  524: TimeDerivativeTest.PreviousFieldIsNotMutated
1630/2029 Test #1677: PisoTest.PreviousStateArgumentIsNotMutated ...............................................................   Passed    0.17 sec
          Start 1693: PisoTransientIntegrationTest.MaxStepsTerminationWithRealPiso
1631/2029 Test #1252: SSTModelTest.InitializedToConfiguredValuesEverywhere .....................................................   Passed    0.17 sec
          Start 1230: SSTEquationTest.BlendAtHalfWeightingIsTheMidpoint
1632/2029 Test  #706: CaseValidationTest.UnsupportedMeshTypeIsRejected .........................................................   Passed    0.16 sec
          Start  216: ScalarFieldTest.ConstructionAndInitialization
1633/2029 Test  #755: TurbulenceCaseTest.KOmegaInletPatchGetsFixedKAndOmegaFromCaseConfig ......................................   Passed    0.17 sec
          Start  359: OutletTest.ScalarZeroGradientOutletIsFixedGradientZero
1634/2029 Test #1072: EnergyEquationAssemblyTest.NonFiniteTemperatureAtGradientBoundaryThrowsNumericalError ....................   Passed    0.16 sec
          Start  621: MomentumPressureTest.MismatchedPressureSizeThrows
1635/2029 Test #1214: KOmegaModelTest.ConvergenceResidualIsNulloptBeforeFirstCorrect ...........................................   Passed    0.16 sec
          Start 1007: RestartSnapshotTest.NegativeTimeIsNotRejected
1636/2029 Test  #527: TimeDerivativeTest.RejectsNonFiniteOrNonPositiveDensity ..................................................   Passed    0.16 sec
          Start 1522: MomentumPredictorRelaxationTest.OffDiagonalCoefficientsAreUnchanged
1637/2029 Test  #343: FixedValueTest.BoundaryValueIgnoresOwnerValue ............................................................   Passed    0.16 sec
          Start 1237: SSTEquationTest.CrossDiffusionSourceCanBeNegative
1638/2029 Test   #68: MeshGeometry.OwnerNeighborDistanceRejectsBoundaryFace ....................................................   Passed    0.16 sec
          Start   32: LoggerTest.WarningAndErrorGoToStderr
1639/2029 Test  #860: JSONWriterTest.CaseAndMeshMetadataAreCorrect .............................................................   Passed    0.16 sec
          Start 1189: KEpsilonModelTest.RejectsInvalidInitialEpsilon
1640/2029 Test  #496: GridRefinementTest.UpwindConvectionConvergesAtFirstOrder .................................................   Passed    0.15 sec
          Start  964: TimeControllerTest.RejectsEndTimeBeforeStartTime
1641/2029 Test #1651: CorrectionApplicationTest.ZeroPressureCorrectionLeavesEverythingUnchanged ................................   Passed    0.14 sec
          Start  969: TimeControllerTest.StartingStepIsReflectedImmediately
1642/2029 Test #1257: SSTModelTest.RejectsInvalidCoefficients ..................................................................   Passed    0.14 sec
          Start   35: CoreTimer.ResetRestartsTiming
1643/2029 Test  #524: TimeDerivativeTest.PreviousFieldIsNotMutated .............................................................   Passed    0.13 sec
          Start 1243: SSTEquationTest.OmegaDiffusivityMatchesHandDerivedBlendedValue
1644/2029 Test #1693: PisoTransientIntegrationTest.MaxStepsTerminationWithRealPiso .............................................   Passed    0.12 sec
          Start  105: CartesianMesh.FourByThree
1645/2029 Test #1230: SSTEquationTest.BlendAtHalfWeightingIsTheMidpoint ........................................................   Passed    0.12 sec
          Start  742: ThermalCaseTest.RejectsMissingValueForFixedTemperature
1646/2029 Test  #216: ScalarFieldTest.ConstructionAndInitialization ............................................................   Passed    0.13 sec
          Start  224: ScalarFieldTest.CompoundOperators
1647/2029 Test  #359: OutletTest.ScalarZeroGradientOutletIsFixedGradientZero ...................................................   Passed    0.13 sec
          Start 1249: SSTEquationTest.ProductionLimiterRejectsInvalidFactorOrBetaStar
1648/2029 Test  #621: MomentumPressureTest.MismatchedPressureSizeThrows ........................................................   Passed    0.14 sec
          Start 1176: KEpsilonEquationTest.ImplicitSourceReproducesEpsilonDestructionAtSelfConsistency
1649/2029 Test #1007: RestartSnapshotTest.NegativeTimeIsNotRejected ............................................................   Passed    0.14 sec
          Start  439: LaplacianTest.PhiYHasZeroLaplacian
1650/2029 Test #1522: MomentumPredictorRelaxationTest.OffDiagonalCoefficientsAreUnchanged ......................................   Passed    0.15 sec
          Start  724: CaseValidationTest.ZeroRelaxationIsRejected
1651/2029 Test #1237: SSTEquationTest.CrossDiffusionSourceCanBeNegative ........................................................   Passed    0.15 sec
          Start 1221: WallDistanceTest.RejectsNoWallPatches
1652/2029 Test   #32: LoggerTest.WarningAndErrorGoToStderr .....................................................................   Passed    0.14 sec
          Start   51: MeshCell.RejectsNonPositiveVolume
1653/2029 Test #1189: KEpsilonModelTest.RejectsInvalidInitialEpsilon ...........................................................   Passed    0.14 sec
          Start  434: DivergenceTest.ConstantVectorFieldHasZeroDivergence
1654/2029 Test  #964: TimeControllerTest.RejectsEndTimeBeforeStartTime .........................................................   Passed    0.15 sec
          Start 1202: KOmegaEquationTest.KSourceMatchesHandDerivedExample
1655/2029 Test  #969: TimeControllerTest.StartingStepIsReflectedImmediately ....................................................   Passed    0.15 sec
          Start   23: CoreException.CatchableAsStdRuntimeError
1656/2029 Test   #35: CoreTimer.ResetRestartsTiming ............................................................................   Passed    0.15 sec
          Start  438: LaplacianTest.PhiXHasZeroLaplacian
1657/2029 Test #1243: SSTEquationTest.OmegaDiffusivityMatchesHandDerivedBlendedValue ...........................................   Passed    0.15 sec
          Start  468: ConvectionTest.InternalConservationFaceOnce
1658/2029 Test  #105: CartesianMesh.FourByThree ................................................................................   Passed    0.14 sec
          Start  104: CartesianMesh.TwoByTwo
1659/2029 Test  #742: ThermalCaseTest.RejectsMissingValueForFixedTemperature ...................................................   Passed    0.14 sec
          Start  850: CSVWriterTest.OmitsTemperatureColumnWhenNotProvided
1660/2029 Test  #224: ScalarFieldTest.CompoundOperators ........................................................................   Passed    0.15 sec
          Start 1895: RestartIOTest.ReadRejectsIncompatiblePressureArrayLength
1661/2029 Test #1249: SSTEquationTest.ProductionLimiterRejectsInvalidFactorOrBetaStar ..........................................   Passed    0.14 sec
          Start  345: FixedValueTest.RejectsNonFiniteValue
1662/2029 Test #1176: KEpsilonEquationTest.ImplicitSourceReproducesEpsilonDestructionAtSelfConsistency .........................   Passed    0.14 sec
          Start 1113: InterfaceConductanceTest.EqualConductivityReducesToPlainFormula
1663/2029 Test  #439: LaplacianTest.PhiYHasZeroLaplacian .......................................................................   Passed    0.13 sec
          Start 1635: TransientMomentumTermTest.RejectsSizeMismatch
1664/2029 Test  #724: CaseValidationTest.ZeroRelaxationIsRejected ..............................................................   Passed    0.15 sec
          Start  875: VTKWriterTest.HeaderIsWellFormed
1665/2029 Test #1221: WallDistanceTest.RejectsNoWallPatches ....................................................................   Passed    0.16 sec
          Start 1889: RestartIOTest.ReadRejectsMalformedJsonSyntax
1666/2029 Test   #51: MeshCell.RejectsNonPositiveVolume ........................................................................   Passed    0.17 sec
          Start  691: CaseReaderTest.MalformedReferencedJsonThrowsIOError
1667/2029 Test  #434: DivergenceTest.ConstantVectorFieldHasZeroDivergence ......................................................   Passed    0.17 sec
          Start 1114: InterfaceConductanceTest.RejectsNonPositiveConductivity
1668/2029 Test #1202: KOmegaEquationTest.KSourceMatchesHandDerivedExample ......................................................   Passed    0.17 sec
          Start  988: TransientSolverTest.StepReportedNonFiniteStatePropagates
1669/2029 Test   #23: CoreException.CatchableAsStdRuntimeError .................................................................   Passed    0.18 sec
          Start  371: FixedTemperatureTest.StoresAndReturnsExactTemperature
1670/2029 Test  #438: LaplacianTest.PhiXHasZeroLaplacian .......................................................................   Passed    0.18 sec
          Start  266: SparseMatrixTest.RejectsNonZeroFirstRowOffset
1671/2029 Test  #468: ConvectionTest.InternalConservationFaceOnce ..............................................................   Passed    0.18 sec
          Start 1055: EnergyEquationDiffusionTest.ConstantTemperatureGivesZeroContributionEverywhere
1672/2029 Test  #104: CartesianMesh.TwoByTwo ...................................................................................   Passed    0.18 sec
          Start 1043: ThermalPropertiesTest.ThermalDiffusivityIsKOverRhoCp
1673/2029 Test  #850: CSVWriterTest.OmitsTemperatureColumnWhenNotProvided ......................................................   Passed    0.18 sec
          Start 1260: SSTModelTest.CorrectProducesPositiveFiniteFieldsForARealFlow
1674/2029 Test #1895: RestartIOTest.ReadRejectsIncompatiblePressureArrayLength .................................................   Passed    0.19 sec
          Start   65: MeshGeometry.DistanceAndDisplacement
1675/2029 Test  #345: FixedValueTest.RejectsNonFiniteValue .....................................................................   Passed    0.19 sec
          Start 1061: EnergyEquationConvectionTest.ConstantTemperatureWithDivergenceFreeFluxGivesZeroNetContribution
1676/2029 Test #1113: InterfaceConductanceTest.EqualConductivityReducesToPlainFormula ..........................................   Passed    0.19 sec
          Start 1053: EnergyEquationDiffusionTest.TwoCellSystemMatchesHandDerivedCoefficients
1677/2029 Test #1635: TransientMomentumTermTest.RejectsSizeMismatch ............................................................   Passed    0.19 sec
          Start  113: MeshFingerprintTest.DifferentResolutionProducesDifferentFingerprint
1678/2029 Test  #875: VTKWriterTest.HeaderIsWellFormed .........................................................................   Passed    0.19 sec
          Start 1535: PressureCorrectionTest.OpenBoundaryDoesNotForceReferenceCellRow
1679/2029 Test #1889: RestartIOTest.ReadRejectsMalformedJsonSyntax .............................................................   Passed    0.19 sec
          Start   24: CoreException.MessageSurvivesConstruction
1680/2029 Test  #691: CaseReaderTest.MalformedReferencedJsonThrowsIOError ......................................................   Passed    0.19 sec
          Start 1181: KEpsilonEquationTest.UniformFieldWithZeroSourceIsPreservedByFullEquation
1681/2029 Test #1114: InterfaceConductanceTest.RejectsNonPositiveConductivity ..................................................   Passed    0.19 sec
          Start  690: CaseReaderTest.MalformedManifestJsonThrowsIOError
1682/2029 Test  #988: TransientSolverTest.StepReportedNonFiniteStatePropagates .................................................   Passed    0.19 sec
          Start 1263: SSTModelTest.F1ApproachesOneNearAWallAndZeroFarFromIt
1683/2029 Test  #371: FixedTemperatureTest.StoresAndReturnsExactTemperature ....................................................   Passed    0.19 sec
          Start  953: TimeControllerTest.NormalSteppingUsesNominalDeltaT
1684/2029 Test  #266: SparseMatrixTest.RejectsNonZeroFirstRowOffset ............................................................   Passed    0.19 sec
          Start 1678: PisoTest.RepeatedIdenticalTimestepIsBitIdentical
1685/2029 Test #1055: EnergyEquationDiffusionTest.ConstantTemperatureGivesZeroContributionEverywhere ...........................   Passed    0.20 sec
          Start  213: Field.DataProvidesContiguousAccess
1686/2029 Test #1043: ThermalPropertiesTest.ThermalDiffusivityIsKOverRhoCp .....................................................   Passed    0.20 sec
          Start  442: DiffusionTest.QuadraticFieldWithGammaHalf
1687/2029 Test #1260: SSTModelTest.CorrectProducesPositiveFiniteFieldsForARealFlow .............................................   Passed    0.20 sec
          Start   64: Mesh.RejectsEmptyCellsOrFaces
1688/2029 Test   #65: MeshGeometry.DistanceAndDisplacement .....................................................................   Passed    0.19 sec
          Start  294: BiCGSTABTest.ZeroRhsConvergesImmediately
1689/2029 Test #1061: EnergyEquationConvectionTest.ConstantTemperatureWithDivergenceFreeFluxGivesZeroNetContribution ...........   Passed    0.19 sec
          Start 1069: EnergyEquationAssemblyTest.MismatchedTemperatureSizeThrows
1690/2029 Test #1053: EnergyEquationDiffusionTest.TwoCellSystemMatchesHandDerivedCoefficients ..................................   Passed    0.19 sec
          Start 1211: KOmegaModelTest.TurbulentViscosityVanishesAsKVanishes
1691/2029 Test  #113: MeshFingerprintTest.DifferentResolutionProducesDifferentFingerprint ......................................   Passed    0.17 sec
          Start  599: MomentumDiffusionTest.ConstantVelocityGivesZeroContributionEverywhere
1692/2029 Test #1535: PressureCorrectionTest.OpenBoundaryDoesNotForceReferenceCellRow ..........................................   Passed    0.18 sec
          Start  730: CaseBuilderTest.BuildsExpectedBoundaryConditionTypes
1693/2029 Test   #24: CoreException.MessageSurvivesConstruction ................................................................   Passed    0.17 sec
          Start  991: TransientSolverTest.StepExceedingCflFailAboveIsRejected
1694/2029 Test #1181: KEpsilonEquationTest.UniformFieldWithZeroSourceIsPreservedByFullEquation .................................   Passed    0.17 sec
          Start  981: CFLTest.RejectsNonFiniteOrNonPositiveDensity
1695/2029 Test  #690: CaseReaderTest.MalformedManifestJsonThrowsIOError ........................................................   Passed    0.16 sec
          Start   34: CoreTimer.ElapsedTimeIncreases
1696/2029 Test #1263: SSTModelTest.F1ApproachesOneNearAWallAndZeroFarFromIt ....................................................   Passed    0.16 sec
          Start  372: FixedTemperatureTest.TypeAndNameAreThermalSpecific
1697/2029 Test  #953: TimeControllerTest.NormalSteppingUsesNominalDeltaT .......................................................   Passed    0.16 sec
          Start 1196: KOmegaCoefficientsTest.DefaultsMatchStandardModel
1698/2029 Test #1678: PisoTest.RepeatedIdenticalTimestepIsBitIdentical .........................................................   Passed    0.15 sec
          Start  736: ThermalCaseTest.BuilderConstructsHeatFluxWithCaseConductivity
1699/2029 Test  #213: Field.DataProvidesContiguousAccess .......................................................................   Passed    0.15 sec
          Start  954: TimeControllerTest.StepCounterIncrementsOncePerAdvance
1700/2029 Test  #442: DiffusionTest.QuadraticFieldWithGammaHalf ................................................................   Passed    0.14 sec
          Start 1530: PressureCorrectionTest.NonReferenceRowsConserveConstantInput
1701/2029 Test   #64: Mesh.RejectsEmptyCellsOrFaces ............................................................................   Passed    0.14 sec
          Start  209: Field.IndexingReadsAndWrites
1702/2029 Test  #294: BiCGSTABTest.ZeroRhsConvergesImmediately .................................................................   Passed    0.15 sec
          Start 1244: SSTEquationTest.TurbulentViscosityOmegaDominatedBranch
1703/2029 Test #1069: EnergyEquationAssemblyTest.MismatchedTemperatureSizeThrows ...............................................   Passed    0.17 sec
          Start 1265: SSTModelTest.FarFieldBlendApproachesSSTsOwnOuterCoefficientSet
1704/2029 Test #1211: KOmegaModelTest.TurbulentViscosityVanishesAsKVanishes ....................................................   Passed    0.18 sec
          Start 1075: EnergyEquationThermalBCIntegrationTest.FixedTemperatureGivesIdenticalResultToEquivalentFixedValue
1705/2029 Test  #599: MomentumDiffusionTest.ConstantVelocityGivesZeroContributionEverywhere ....................................   Passed    0.18 sec
          Start  401: InterpolationTest.LinearFieldPhiYIsExactAtEveryFace
1706/2029 Test  #991: TransientSolverTest.StepExceedingCflFailAboveIsRejected ..................................................   Passed    0.18 sec
          Start  526: TimeDerivativeTest.RejectsNonPositiveDeltaT
1707/2029 Test  #730: CaseBuilderTest.BuildsExpectedBoundaryConditionTypes .....................................................   Passed    0.21 sec
          Start  283: CGTest.SolvesThreeByThreeSpdSystem
1708/2029 Test  #981: CFLTest.RejectsNonFiniteOrNonPositiveDensity .............................................................   Passed    0.20 sec
          Start  242: FieldArithmetic.TwoByTwoMeshIntegration
1709/2029 Test   #34: CoreTimer.ElapsedTimeIncreases ...........................................................................   Passed    0.20 sec
          Start 1696: PisoTransientIntegrationTest.RepeatedIdenticalMultiStepRunIsBitIdentical
1710/2029 Test  #372: FixedTemperatureTest.TypeAndNameAreThermalSpecific .......................................................   Passed    0.20 sec
          Start  397: WallOmegaTest.RejectsInvalidDistance
1711/2029 Test #1196: KOmegaCoefficientsTest.DefaultsMatchStandardModel ........................................................   Passed    0.20 sec
          Start 1636: TransientMomentumAssemblyTest.PreviousComponentValueIsNotMutated
1712/2029 Test  #736: ThermalCaseTest.BuilderConstructsHeatFluxWithCaseConductivity ............................................   Passed    0.20 sec
          Start 1120: RegionAwareThermalDiffusionTest.MismatchedRegionSizeThrows
1713/2029 Test  #954: TimeControllerTest.StepCounterIncrementsOncePerAdvance ...................................................   Passed    0.20 sec
          Start 1148: ValidateTurbulentViscosityFieldTest.AcceptsCorrectlySizedFiniteNonNegativeField
1714/2029 Test #1530: PressureCorrectionTest.NonReferenceRowsConserveConstantInput .............................................   Passed    0.21 sec
          Start 1641: TransientMomentumPredictorProbeTest.PredictorVelocityIsFiniteFromRest
1715/2029 Test  #209: Field.IndexingReadsAndWrites .............................................................................   Passed    0.21 sec
          Start  258: SparseMatrixTest.BuilderDropsExactZeroSums
1716/2029 Test #1244: SSTEquationTest.TurbulentViscosityOmegaDominatedBranch ...................................................   Passed    0.19 sec
          Start  309: SolverFailureTest.LinearSolverSettingsRejectsInvalidValues
1717/2029 Test #1265: SSTModelTest.FarFieldBlendApproachesSSTsOwnOuterCoefficientSet ...........................................   Passed    0.17 sec
          Start  978: CFLTest.RejectsFaceFluxSizeMismatch
1718/2029 Test #1075: EnergyEquationThermalBCIntegrationTest.FixedTemperatureGivesIdenticalResultToEquivalentFixedValue ........   Passed    0.17 sec
          Start  956: TimeControllerTest.SequenceMatchesWorkedExample
1719/2029 Test  #401: InterpolationTest.LinearFieldPhiYIsExactAtEveryFace ......................................................   Passed    0.16 sec
          Start 1534: PressureCorrectionTest.OpenBoundaryDirichletCouplingMatchesHandDerivation
1720/2029 Test  #526: TimeDerivativeTest.RejectsNonPositiveDeltaT ..............................................................   Passed    0.16 sec
          Start  608: MomentumConvectionTest.PositiveInternalFluxSelectsOwnerNegativeSelectsNeighbor
1721/2029 Test  #283: CGTest.SolvesThreeByThreeSpdSystem .......................................................................   Passed    0.16 sec
          Start  367: BoundaryConditionSetTest.MissingPatchesReportsUnassignedPatches
1722/2029 Test  #242: FieldArithmetic.TwoByTwoMeshIntegration ..................................................................   Passed    0.16 sec
          Start   36: CoreTimer.SecondsAndMillisecondsAreConsistent
1723/2029 Test #1696: PisoTransientIntegrationTest.RepeatedIdenticalMultiStepRunIsBitIdentical .................................   Passed    0.16 sec
          Start 1654: CorrectionApplicationTest.WallNormalBoundaryFluxStaysExactlyZeroAfterCorrection
1724/2029 Test  #397: WallOmegaTest.RejectsInvalidDistance .....................................................................   Passed    0.16 sec
          Start  963: TimeControllerTest.RejectsNonPositiveDeltaT
1725/2029 Test #1636: TransientMomentumAssemblyTest.PreviousComponentValueIsNotMutated .........................................   Passed    0.16 sec
          Start  884: VTKWriterTest.AppendsTemperatureBlockAfterVelocityMagnitudeWhenProvided
1726/2029 Test #1120: RegionAwareThermalDiffusionTest.MismatchedRegionSizeThrows ...............................................   Passed    0.17 sec
          Start 1683: PisoTest.NonPositiveOrNonFiniteDtReturnsInvalidConfiguration
1727/2029 Test #1148: ValidateTurbulentViscosityFieldTest.AcceptsCorrectlySizedFiniteNonNegativeField ..........................   Passed    0.18 sec
          Start  876: VTKWriterTest.PointCountMatchesStructuredGrid
1728/2029 Test #1641: TransientMomentumPredictorProbeTest.PredictorVelocityIsFiniteFromRest ....................................   Passed    0.16 sec
          Start  882: VTKWriterTest.RepeatedWriteIsByteIdentical
1729/2029 Test  #258: SparseMatrixTest.BuilderDropsExactZeroSums ...............................................................   Passed    0.17 sec
          Start  392: WallOmegaTest.SmallerDistanceGivesLargerOmega
1730/2029 Test  #309: SolverFailureTest.LinearSolverSettingsRejectsInvalidValues ...............................................   Passed    0.17 sec
          Start  360: SymmetryTest.RightPlaneRemovesNormalComponent
1731/2029 Test  #978: CFLTest.RejectsFaceFluxSizeMismatch ......................................................................   Passed    0.17 sec
          Start  719: CaseValidationTest.VelocityValueWithWrongComponentCountIsRejected
1732/2029 Test  #956: TimeControllerTest.SequenceMatchesWorkedExample ..........................................................   Passed    0.17 sec
          Start  604: MomentumDiffusionTest.UniformEffectiveViscosityFieldMatchesConstantOverload
1733/2029 Test #1534: PressureCorrectionTest.OpenBoundaryDirichletCouplingMatchesHandDerivation ................................   Passed    0.17 sec
          Start  967: TimeControllerTest.RepeatedRunsAreBitIdentical
1734/2029 Test  #608: MomentumConvectionTest.PositiveInternalFluxSelectsOwnerNegativeSelectsNeighbor ...........................   Passed    0.18 sec
          Start 1209: KOmegaModelTest.RejectsInvalidInitialOmega
1735/2029 Test  #367: BoundaryConditionSetTest.MissingPatchesReportsUnassignedPatches ..........................................   Passed    0.17 sec
          Start 1070: EnergyEquationAssemblyTest.MismatchedMassFluxSizeThrows
1736/2029 Test   #36: CoreTimer.SecondsAndMillisecondsAreConsistent ............................................................   Passed    0.17 sec
          Start   53: MeshFace.InternalFaceStoresOwnerAndNeighbor
1737/2029 Test #1654: CorrectionApplicationTest.WallNormalBoundaryFluxStaysExactlyZeroAfterCorrection ..........................   Passed    0.18 sec
          Start  232: VectorFieldTest.SelfSubtractionIsZeroField
1738/2029 Test  #963: TimeControllerTest.RejectsNonPositiveDeltaT ..............................................................   Passed    0.18 sec
          Start  361: SymmetryTest.TopPlaneRemovesNormalComponent
1739/2029 Test  #884: VTKWriterTest.AppendsTemperatureBlockAfterVelocityMagnitudeWhenProvided ..................................   Passed    0.18 sec
          Start  716: CaseValidationTest.UnsupportedVelocityBoundaryTypeIsRejected
1740/2029 Test #1683: PisoTest.NonPositiveOrNonFiniteDtReturnsInvalidConfiguration .............................................   Passed    0.18 sec
          Start 1201: KOmegaEquationTest.OmegaSourceMatchesHandDerivedExample
1741/2029 Test  #876: VTKWriterTest.PointCountMatchesStructuredGrid ............................................................   Passed    0.17 sec
          Start 1897: RestartIOTest.ReadRejectsNonNumericFieldValue
1742/2029 Test  #392: WallOmegaTest.SmallerDistanceGivesLargerOmega ............................................................   Passed    0.15 sec
          Start  407: GradientTest.PhiXGivesGradientOneZero
1743/2029 Test  #360: SymmetryTest.RightPlaneRemovesNormalComponent ............................................................   Passed    0.15 sec
          Start 1208: KOmegaModelTest.RejectsInvalidInitialK
1744/2029 Test  #882: VTKWriterTest.RepeatedWriteIsByteIdentical ...............................................................   Passed    0.19 sec
          Start 1092: ThermalSolverTest.InvalidConfigurationForMismatchedMassFluxSize
1745/2029 Test  #719: CaseValidationTest.VelocityValueWithWrongComponentCountIsRejected ........................................   Passed    0.17 sec
          Start 1200: KOmegaEquationTest.LinearEffectiveDiffusivityRejectsInvalidInputs
1746/2029 Test  #604: MomentumDiffusionTest.UniformEffectiveViscosityFieldMatchesConstantOverload ..............................   Passed    0.17 sec
          Start 1533: PressureCorrectionTest.NonPositiveDensityThrows
1747/2029 Test  #967: TimeControllerTest.RepeatedRunsAreBitIdentical ...........................................................   Passed    0.17 sec
          Start 1273: TurbulenceModelFactoryTest.SSTNameCreatesSSTModel
1748/2029 Test #1209: KOmegaModelTest.RejectsInvalidInitialOmega ...............................................................   Passed    0.17 sec
          Start 1160: LaminarModelTest.EffectiveViscosityEqualsMolecularViscosity
1749/2029 Test #1070: EnergyEquationAssemblyTest.MismatchedMassFluxSizeThrows ..................................................   Passed    0.16 sec
          Start    1: CFDAppSmokeTest
1750/2029 Test   #53: MeshFace.InternalFaceStoresOwnerAndNeighbor ..............................................................   Passed    0.16 sec
          Start  985: TransientSolverTest.MaxTimeStepsStopsBeforeReachingEndTime
1751/2029 Test  #232: VectorFieldTest.SelfSubtractionIsZeroField ...............................................................   Passed    0.16 sec
          Start  248: AlgebraVector.Subtraction
1752/2029 Test  #361: SymmetryTest.TopPlaneRemovesNormalComponent ..............................................................   Passed    0.16 sec
          Start  285: CGTest.DiagonalMatrixWithJacobiPreconditioner
1753/2029 Test  #716: CaseValidationTest.UnsupportedVelocityBoundaryTypeIsRejected .............................................   Passed    0.15 sec
          Start 1640: TransientMomentumAssemblyTest.RejectsNonPositiveOrNonFiniteDt
1754/2029 Test #1201: KOmegaEquationTest.OmegaSourceMatchesHandDerivedExample ..................................................   Passed    0.15 sec
          Start  296: BiCGSTABTest.MaxIterationsReportsFailureNotSuccess
1755/2029 Test #1897: RestartIOTest.ReadRejectsNonNumericFieldValue ............................................................   Passed    0.15 sec
          Start 1143: TurbulenceModelTest.ZeroTurbulentViscosityIsAccepted
1756/2029 Test  #407: GradientTest.PhiXGivesGradientOneZero ....................................................................   Passed    0.14 sec
          Start 1224: SSTEquationTest.Alpha1MatchesHandDerivedValue
1757/2029 Test #1208: KOmegaModelTest.RejectsInvalidInitialK ...................................................................   Passed    0.14 sec
          Start 1551: SIMPLEFailureTest.MomentumSolverTooFewIterationsReportsMomentumFailure
1758/2029 Test #1092: ThermalSolverTest.InvalidConfigurationForMismatchedMassFluxSize ..........................................   Passed    0.14 sec
          Start  965: TimeControllerTest.RejectsZeroMaxSteps
1759/2029 Test #1200: KOmegaEquationTest.LinearEffectiveDiffusivityRejectsInvalidInputs ........................................   Passed    0.13 sec
          Start  750: TurbulenceCaseTest.ParsesOptionalRelaxationOverrides
1760/2029 Test #1533: PressureCorrectionTest.NonPositiveDensityThrows ..........................................................   Passed    0.13 sec
          Start 1110: ThermalRegionMapTest.RejectsOutOfRangeRegionIndex
1761/2029 Test #1273: TurbulenceModelFactoryTest.SSTNameCreatesSSTModel ........................................................   Passed    0.13 sec
          Start  607: MomentumDiffusionTest.NonFiniteOrNonPositiveEffectiveViscosityFieldThrows
1762/2029 Test #1160: LaminarModelTest.EffectiveViscosityEqualsMolecularViscosity ..............................................   Passed    0.13 sec
          Start  350: WallTest.VelocityIsZeroRegardlessOfOwnerValue
1763/2029 Test    #1: CFDAppSmokeTest ..........................................................................................   Passed    0.13 sec
          Start   58: MeshBoundaryPatch.StoresNameAndFaceIds
1764/2029 Test  #985: TransientSolverTest.MaxTimeStepsStopsBeforeReachingEndTime ...............................................   Passed    0.13 sec
          Start   19: CoreTypes.AliasesAreUsable
1765/2029 Test  #248: AlgebraVector.Subtraction ................................................................................   Passed    0.13 sec
          Start 1665: FinalCorrectionTest.ZeroSecondCorrectionLeavesFirstCorrectionStateBitIdentical
1766/2029 Test  #285: CGTest.DiagonalMatrixWithJacobiPreconditioner ............................................................   Passed    0.14 sec
          Start  531: VectorGradientTest.UniformVelocityGivesZeroGradientEverywhere
1767/2029 Test #1640: TransientMomentumAssemblyTest.RejectsNonPositiveOrNonFiniteDt ............................................   Passed    0.15 sec
          Start 1898: RestartIOTest.ReadRejectsInvalidDeltaT
1768/2029 Test  #296: BiCGSTABTest.MaxIterationsReportsFailureNotSuccess .......................................................   Passed    0.15 sec
          Start 1109: ThermalRegionMapTest.RejectsEmptyCellRegionIndex
1769/2029 Test #1143: TurbulenceModelTest.ZeroTurbulentViscosityIsAccepted .....................................................   Passed    0.16 sec
          Start  853: CSVWriterTest.NonFiniteTemperatureThrows
1770/2029 Test #1224: SSTEquationTest.Alpha1MatchesHandDerivedValue ............................................................   Passed    0.17 sec
          Start  110: MeshFingerprintTest.TwoSeparatelyBuiltIdenticalMeshesProduceIdenticalFingerprints
1771/2029 Test #1551: SIMPLEFailureTest.MomentumSolverTooFewIterationsReportsMomentumFailure ...................................   Passed    0.18 sec
          Start 1642: TransientMomentumPredictorProbeTest.PredictorFluxIsFiniteAndRespectsWallImpermeability
1772/2029 Test  #965: TimeControllerTest.RejectsZeroMaxSteps ...................................................................   Passed    0.18 sec
          Start  112: MeshFingerprintTest.DifferentDomainSizeWithSameCellAndFaceCountProducesDifferentFingerprint
1773/2029 Test  #750: TurbulenceCaseTest.ParsesOptionalRelaxationOverrides .....................................................   Passed    0.19 sec
          Start  739: ThermalCaseTest.RejectsMissingThermalField
1774/2029 Test #1110: ThermalRegionMapTest.RejectsOutOfRangeRegionIndex ........................................................   Passed    0.19 sec
          Start  260: SparseMatrixTest.MultiplyRejectsSizeMismatch
1775/2029 Test  #607: MomentumDiffusionTest.NonFiniteOrNonPositiveEffectiveViscosityFieldThrows ................................   Passed    0.19 sec
          Start  966: TimeControllerTest.RejectsNonFiniteInputs
1776/2029 Test  #350: WallTest.VelocityIsZeroRegardlessOfOwnerValue ............................................................   Passed    0.19 sec
          Start  386: AdiabaticTest.EquivalentToZeroHeatFluxForAnyConductivity
1777/2029 Test   #58: MeshBoundaryPatch.StoresNameAndFaceIds ...................................................................   Passed    0.19 sec
          Start  226: VectorFieldTest.ConstructionAndInitialization
1778/2029 Test   #19: CoreTypes.AliasesAreUsable ...............................................................................   Passed    0.19 sec
          Start  725: CaseValidationTest.NonPositiveToleranceIsRejected
1779/2029 Test #1665: FinalCorrectionTest.ZeroSecondCorrectionLeavesFirstCorrectionStateBitIdentical ...........................   Passed    0.19 sec
          Start  968: TimeControllerTest.DefaultStartingStepIsZeroAndBehaviorIsUnchanged
1780/2029 Test  #531: VectorGradientTest.UniformVelocityGivesZeroGradientEverywhere ............................................   Passed    0.19 sec
          Start 1059: EnergyEquationConvectionTest.BoundaryOutflowUsesOwnerUnknownNotBoundaryValue
1781/2029 Test #1898: RestartIOTest.ReadRejectsInvalidDeltaT ...................................................................   Passed    0.19 sec
          Start 1227: SSTEquationTest.BlendAtF1EqualsOneUsesSetOneExactly
1782/2029 Test #1109: ThermalRegionMapTest.RejectsEmptyCellRegionIndex .........................................................   Passed    0.19 sec
          Start 1510: SIMPLESettingsTest.RejectsZeroMaxIterations
1783/2029 Test  #853: CSVWriterTest.NonFiniteTemperatureThrows .................................................................   Passed    0.19 sec
          Start  257: SparseMatrixTest.BuilderSumsDuplicateContributions
1784/2029 Test  #110: MeshFingerprintTest.TwoSeparatelyBuiltIdenticalMeshesProduceIdenticalFingerprints ........................   Passed    0.18 sec
          Start  741: ThermalCaseTest.RejectsUnknownTemperatureBoundaryType
1785/2029 Test #1642: TransientMomentumPredictorProbeTest.PredictorFluxIsFiniteAndRespectsWallImpermeability ...................   Passed    0.18 sec
          Start  840: CSVWriterTest.WriteFieldsVelocityPressureAndMagnitudeAreCorrect
1786/2029 Test  #112: MeshFingerprintTest.DifferentDomainSizeWithSameCellAndFaceCountProducesDifferentFingerprint ..............   Passed    0.18 sec
          Start 1251: SSTModelTest.FieldsSizedToMeshAtConstruction
1787/2029 Test  #739: ThermalCaseTest.RejectsMissingThermalField ...............................................................   Passed    0.17 sec
          Start  593: ContinuityEquationTest.InternalFacePairCancelsExactly
1788/2029 Test  #260: SparseMatrixTest.MultiplyRejectsSizeMismatch .............................................................   Passed    0.17 sec
          Start  400: InterpolationTest.LinearFieldPhiXIsExactAtEveryFace
1789/2029 Test  #966: TimeControllerTest.RejectsNonFiniteInputs ................................................................   Passed    0.18 sec
          Start  763: TurbulenceCaseTest.RejectsKEpsilonModelWithInitialOmegaOnly
1790/2029 Test  #386: AdiabaticTest.EquivalentToZeroHeatFluxForAnyConductivity .................................................   Passed    0.18 sec
          Start  972: TimeControllerTest.ResumedControllerMatchesContinuousControllerBitIdentically
1791/2029 Test  #226: VectorFieldTest.ConstructionAndInitialization ............................................................   Passed    0.18 sec
          Start 1161: LaminarModelTest.CorrectLeavesTurbulentViscosityZero
1792/2029 Test  #725: CaseValidationTest.NonPositiveToleranceIsRejected ........................................................   Passed    0.19 sec
          Start 1643: TransientMomentumPredictorProbeTest.RepeatedPredictorSolveIsBitIdentical
1793/2029 Test  #968: TimeControllerTest.DefaultStartingStepIsZeroAndBehaviorIsUnchanged .......................................   Passed    0.18 sec
          Start 1212: KOmegaModelTest.CorrectRejectsMismatchedVelocitySize
1794/2029 Test #1059: EnergyEquationConvectionTest.BoundaryOutflowUsesOwnerUnknownNotBoundaryValue .............................   Passed    0.18 sec
          Start   21: CoreConstants.DerivedAnglesAreConsistent
1795/2029 Test #1227: SSTEquationTest.BlendAtF1EqualsOneUsesSetOneExactly ......................................................   Passed    0.17 sec
          Start  708: CaseValidationTest.FractionalNxIsRejected
1796/2029 Test #1510: SIMPLESettingsTest.RejectsZeroMaxIterations ..............................................................   Passed    0.16 sec
          Start 1169: TurbulenceProductionTest.ZeroShearGivesZeroProductionEverywhere
1797/2029 Test  #257: SparseMatrixTest.BuilderSumsDuplicateContributions .......................................................   Passed    0.16 sec
          Start 1186: KEpsilonModelTest.InitializedToConfiguredValuesEverywhere
1798/2029 Test  #741: ThermalCaseTest.RejectsUnknownTemperatureBoundaryType ....................................................   Passed    0.16 sec
          Start  753: TurbulenceCaseTest.ParsesKOmegaConfigWhenEnabled
1799/2029 Test  #840: CSVWriterTest.WriteFieldsVelocityPressureAndMagnitudeAreCorrect ..........................................   Passed    0.15 sec
          Start  353: MovingWallTest.ReturnsConfiguredVelocityRegardlessOfOwner
1800/2029 Test #1251: SSTModelTest.FieldsSizedToMeshAtConstruction .............................................................   Passed    0.16 sec
          Start 1195: KEpsilonModelTest.EffectiveViscosityEqualsMolecularPlusTurbulent
1801/2029 Test  #593: ContinuityEquationTest.InternalFacePairCancelsExactly ....................................................   Passed    0.16 sec
          Start 1206: KOmegaModelTest.InitializedToConfiguredValuesEverywhere
1802/2029 Test  #400: InterpolationTest.LinearFieldPhiXIsExactAtEveryFace ......................................................   Passed    0.15 sec
          Start  382: HeatFluxTest.RejectsNonFiniteHeatFlux
1803/2029 Test  #763: TurbulenceCaseTest.RejectsKEpsilonModelWithInitialOmegaOnly ..............................................   Passed    0.15 sec
          Start 1699: PISOTurbulenceTest.ElevatedEddyViscosityChangesPredictedState
1804/2029 Test  #972: TimeControllerTest.ResumedControllerMatchesContinuousControllerBitIdentically ............................   Passed    0.15 sec
          Start  618: MomentumPressureTest.AddingConstantToPressureDoesNotChangeSource
1805/2029 Test #1161: LaminarModelTest.CorrectLeavesTurbulentViscosityZero .....................................................   Passed    0.14 sec
          Start   26: CoreException.ConvergenceErrorIsCatchableAsNumericalError
1806/2029 Test #1643: TransientMomentumPredictorProbeTest.RepeatedPredictorSolveIsBitIdentical .................................   Passed    0.14 sec
          Start 1694: PisoTransientIntegrationTest.CflRemainsDiagnosticOnlyUnderGenerousCflFailAbove
1807/2029 Test #1212: KOmegaModelTest.CorrectRejectsMismatchedVelocitySize .....................................................   Passed    0.15 sec
          Start 1157: LaminarModelTest.NameIsLaminar
1808/2029 Test   #21: CoreConstants.DerivedAnglesAreConsistent .................................................................   Passed    0.16 sec
          Start  577: FluidPropertiesTest.StoresDensityAndViscosity
1809/2029 Test  #708: CaseValidationTest.FractionalNxIsRejected ................................................................   Passed    0.16 sec
          Start  240: FieldArithmetic.VectorIdentities
1810/2029 Test #1169: TurbulenceProductionTest.ZeroShearGivesZeroProductionEverywhere ..........................................   Passed    0.16 sec
          Start  529: TimeDerivativeTest.ImplicitEulerOdeConvergesAtFirstOrder
1811/2029 Test #1186: KEpsilonModelTest.InitializedToConfiguredValuesEverywhere ................................................   Passed    0.16 sec
          Start  848: CSVWriterTest.WriteResidualsInconsistentHistoryLengthsThrows
1812/2029 Test  #753: TurbulenceCaseTest.ParsesKOmegaConfigWhenEnabled .........................................................   Passed    0.17 sec
          Start  973: CFLTest.ExactValueForOneDEquivalentCase
1813/2029 Test  #353: MovingWallTest.ReturnsConfiguredVelocityRegardlessOfOwner ................................................   Passed    0.16 sec
          Start  306: SolverFailureTest.CgFailsBeforeIteratingOnNanRhs
1814/2029 Test #1195: KEpsilonModelTest.EffectiveViscosityEqualsMolecularPlusTurbulent .........................................   Passed    0.17 sec
          Start  494: GridRefinementTest.GradientOfSmoothFieldConvergesAtSecondOrder
1815/2029 Test #1206: KOmegaModelTest.InitializedToConfiguredValuesEverywhere ..................................................   Passed    0.18 sec
          Start  622: MomentumAssemblyTest.CavityAssemblyIsFiniteWithLidForcingOnUOnly
1816/2029 Test  #382: HeatFluxTest.RejectsNonFiniteHeatFlux ....................................................................   Passed    0.17 sec
          Start 1684: PisoTest.MismatchedPreviousStateSizeReturnsInvalidConfiguration
1817/2029 Test #1699: PISOTurbulenceTest.ElevatedEddyViscosityChangesPredictedState ............................................   Passed    0.18 sec
          Start  745: ThermalCaseTest.RejectsTemperatureKeyWhenThermalDisabled
1818/2029 Test  #618: MomentumPressureTest.AddingConstantToPressureDoesNotChangeSource .........................................   Passed    0.18 sec
          Start  688: CaseReaderTest.MissingManifestThrowsIOError
1819/2029 Test   #26: CoreException.ConvergenceErrorIsCatchableAsNumericalError ................................................   Passed    0.19 sec
          Start 1187: KEpsilonModelTest.ConstructionIsDeterministicAcrossInstances
1820/2029 Test #1694: PisoTransientIntegrationTest.CflRemainsDiagnosticOnlyUnderGenerousCflFailAbove ...........................   Passed    0.19 sec
          Start 1006: RestartSnapshotTest.NonFiniteTimeIsRejected
1821/2029 Test #1157: LaminarModelTest.NameIsLaminar ...........................................................................   Passed    0.20 sec
          Start 1142: TurbulenceModelTest.ModelNameIsAccessible
1822/2029 Test  #577: FluidPropertiesTest.StoresDensityAndViscosity ............................................................   Passed    0.20 sec
          Start  363: SymmetryTest.RejectsNonUnitNormal
1823/2029 Test  #240: FieldArithmetic.VectorIdentities .........................................................................   Passed    0.20 sec
          Start  846: CSVWriterTest.WriteResidualsIterationColumnIsOneIndexed
1824/2029 Test  #529: TimeDerivativeTest.ImplicitEulerOdeConvergesAtFirstOrder .................................................   Passed    0.19 sec
          Start  587: MassFluxTest.StationaryWallGivesZeroFlux
1825/2029 Test  #848: CSVWriterTest.WriteResidualsInconsistentHistoryLengthsThrows .............................................   Passed    0.19 sec
          Start  952: TimeControllerTest.InitialStateIsStartTimeAndStepZero
1826/2029 Test  #973: CFLTest.ExactValueForOneDEquivalentCase ..................................................................   Passed    0.19 sec
          Start  976: CFLTest.DoublingVelocityDoublesCFL
1827/2029 Test  #306: SolverFailureTest.CgFailsBeforeIteratingOnNanRhs .........................................................   Passed    0.18 sec
          Start  880: VTKWriterTest.MismatchedSizeThrows
1828/2029 Test  #494: GridRefinementTest.GradientOfSmoothFieldConvergesAtSecondOrder ...........................................   Passed    0.17 sec
          Start 1697: PisoTransientIntegrationTest.CallerInitialStateArgumentIsNotMutated
1829/2029 Test  #622: MomentumAssemblyTest.CavityAssemblyIsFiniteWithLidForcingOnUOnly .........................................   Passed    0.18 sec
          Start 1156: EffectiveViscosityTest.RepeatedEvaluationIsDeterministic
1830/2029 Test #1684: PisoTest.MismatchedPreviousStateSizeReturnsInvalidConfiguration ..........................................   Passed    0.19 sec
          Start 1141: TurbulenceModelTest.PolymorphicDestructionWorks
1831/2029 Test  #745: ThermalCaseTest.RejectsTemperatureKeyWhenThermalDisabled .................................................   Passed    0.18 sec
          Start  738: ThermalCaseTest.RejectsNegativeSpecificHeat
1832/2029 Test  #688: CaseReaderTest.MissingManifestThrowsIOError ..............................................................   Passed    0.18 sec
          Start  273: LinearSystemTest.ValidSystemConstructsAndExposesData
1833/2029 Test #1187: KEpsilonModelTest.ConstructionIsDeterministicAcrossInstances .............................................   Passed    0.17 sec
          Start  282: CGTest.SolvesTwoByTwoSpdSystem
1834/2029 Test #1006: RestartSnapshotTest.NonFiniteTimeIsRejected ..............................................................   Passed    0.17 sec
          Start 1240: SSTEquationTest.F1ApproachesOneVeryNearAWall
1835/2029 Test #1142: TurbulenceModelTest.ModelNameIsAccessible ................................................................   Passed    0.17 sec
          Start  243: FieldArithmetic.TwentyByTwentyMeshIntegration
1836/2029 Test  #363: SymmetryTest.RejectsNonUnitNormal ........................................................................   Passed    0.20 sec
          Start    3: CFDAppCli_missing_mesh
1837/2029 Test  #846: CSVWriterTest.WriteResidualsIterationColumnIsOneIndexed ..................................................   Passed    0.20 sec
          Start  251: AlgebraVector.DivisionByZeroThrows
1838/2029 Test  #587: MassFluxTest.StationaryWallGivesZeroFlux .................................................................   Passed    0.20 sec
          Start 1515: SIMPLESettingsTest.RejectsNonFinitePressureRelaxation
1839/2029 Test  #952: TimeControllerTest.InitialStateIsStartTimeAndStepZero ....................................................   Passed    0.21 sec
          Start 1509: SIMPLESettingsTest.DefaultsAreValid
1840/2029 Test  #976: CFLTest.DoublingVelocityDoublesCFL .......................................................................   Passed    0.21 sec
          Start  734: ThermalCaseTest.ParsesThermalPropertiesWhenEnabled
1841/2029 Test  #880: VTKWriterTest.MismatchedSizeThrows .......................................................................   Passed    0.20 sec
          Start  237: FieldArithmetic.ScalarFieldMismatchLeavesOperandUnchanged
1842/2029 Test #1697: PisoTransientIntegrationTest.CallerInitialStateArgumentIsNotMutated ......................................   Passed    0.20 sec
          Start 1514: SIMPLESettingsTest.AcceptsVelocityRelaxationExactlyOne
1843/2029 Test #1156: EffectiveViscosityTest.RepeatedEvaluationIsDeterministic .................................................   Passed    0.21 sec
          Start 1000: RestartSnapshotTest.WrongFaceCountIsRejected
1844/2029 Test #1141: TurbulenceModelTest.PolymorphicDestructionWorks ..........................................................   Passed    0.21 sec
          Start 1695: PisoTransientIntegrationTest.RealComputedCflCanTriggerCflViolationWhenFailAboveIsLow
1845/2029 Test  #738: ThermalCaseTest.RejectsNegativeSpecificHeat ..............................................................   Passed    0.21 sec
          Start 1511: SIMPLESettingsTest.RejectsZeroVelocityRelaxation
1846/2029 Test  #273: LinearSystemTest.ValidSystemConstructsAndExposesData .....................................................   Passed    0.21 sec
          Start  522: TimeDerivativeTest.ExactCoefficientsForSingleCell
1847/2029 Test  #282: CGTest.SolvesTwoByTwoSpdSystem ...........................................................................   Passed    0.21 sec
          Start 1052: ThermalPropertiesTest.ThermalDiffusivityRejectsNonFiniteDensity
1848/2029 Test #1240: SSTEquationTest.F1ApproachesOneVeryNearAWall .............................................................   Passed    0.20 sec
          Start 1091: ThermalSolverTest.InvalidConfigurationForMismatchedTemperatureSize
1849/2029 Test  #243: FieldArithmetic.TwentyByTwentyMeshIntegration ............................................................   Passed    0.17 sec
          Start  984: TransientSolverTest.DtSequenceMatchesTimeControllerIncludingShortenedFinalStep
1850/2029 Test    #3: CFDAppCli_missing_mesh ...................................................................................   Passed    0.17 sec
          Start 1217: WallDistanceTest.HandDerivedDistanceNearBottomWall
1851/2029 Test  #251: AlgebraVector.DivisionByZeroThrows .......................................................................   Passed    0.17 sec
          Start   66: MeshGeometry.UnitNormalHasUnitMagnitude
1852/2029 Test #1515: SIMPLESettingsTest.RejectsNonFinitePressureRelaxation ....................................................   Passed    0.16 sec
          Start 1253: SSTModelTest.ConstructionMuTReducesToStandardKOmegaForm
1853/2029 Test #1509: SIMPLESettingsTest.DefaultsAreValid ......................................................................   Passed    0.16 sec
          Start  381: HeatFluxTest.RejectsInvalidConductivity
1854/2029 Test  #734: ThermalCaseTest.ParsesThermalPropertiesWhenEnabled .......................................................   Passed    0.16 sec
          Start  265: SparseMatrixTest.RejectsMismatchedValuesAndColumns
1855/2029 Test  #237: FieldArithmetic.ScalarFieldMismatchLeavesOperandUnchanged ................................................   Passed    0.16 sec
          Start 1144: TurbulenceModelTest.PositiveTurbulentViscosityIsAccepted
1856/2029 Test #1514: SIMPLESettingsTest.AcceptsVelocityRelaxationExactlyOne ...................................................   Passed    0.14 sec
          Start  220: ScalarFieldTest.ElementwiseSubtraction
1857/2029 Test #1000: RestartSnapshotTest.WrongFaceCountIsRejected .............................................................   Passed    0.13 sec
          Start 1228: SSTEquationTest.BlendAtF1EqualsZeroUsesSetTwoExactly
1858/2029 Test #1695: PisoTransientIntegrationTest.RealComputedCflCanTriggerCflViolationWhenFailAboveIsLow .....................   Passed    0.12 sec
          Start   50: MeshCell.AddFaceAppendsFaceIds
1859/2029 Test #1511: SIMPLESettingsTest.RejectsZeroVelocityRelaxation .........................................................   Passed    0.12 sec
          Start 1204: KOmegaModelTest.NameIsKOmega
1860/2029 Test  #522: TimeDerivativeTest.ExactCoefficientsForSingleCell ........................................................   Passed    0.12 sec
          Start 1686: PisoTest.NonFiniteInputStateReturnsNonFiniteState
1861/2029 Test #1052: ThermalPropertiesTest.ThermalDiffusivityRejectsNonFiniteDensity ..........................................   Passed    0.12 sec
          Start  617: MomentumPressureTest.ConstantPressureGivesZeroSource
1862/2029 Test #1091: ThermalSolverTest.InvalidConfigurationForMismatchedTemperatureSize .......................................   Passed    0.12 sec
          Start  581: FluidPropertiesTest.RejectsZeroViscosity
1863/2029 Test  #984: TransientSolverTest.DtSequenceMatchesTimeControllerIncludingShortenedFinalStep ...........................   Passed    0.11 sec
          Start  234: SurfaceFieldTest.SizeMatchesOneByOneMeshFaceCount
1864/2029 Test #1217: WallDistanceTest.HandDerivedDistanceNearBottomWall .......................................................   Passed    0.11 sec
          Start   57: MeshFace.RejectsOwnerEqualToNeighbor
1865/2029 Test   #66: MeshGeometry.UnitNormalHasUnitMagnitude ..................................................................   Passed    0.11 sec
          Start  769: TurbulenceCaseTest.RejectsOmegaRelaxationWithoutInitialOmega
1866/2029 Test #1253: SSTModelTest.ConstructionMuTReducesToStandardKOmegaForm ..................................................   Passed    0.11 sec
          Start  528: TimeDerivativeTest.RejectsNonFiniteDeltaT
1867/2029 Test  #381: HeatFluxTest.RejectsInvalidConductivity ..................................................................   Passed    0.11 sec
          Start 1117: RegionAwareThermalDiffusionTest.InterfaceCoefficientMatchesHandDerivedExample
1868/2029 Test  #265: SparseMatrixTest.RejectsMismatchedValuesAndColumns .......................................................   Passed    0.11 sec
          Start  230: VectorFieldTest.ScalarDivision
1869/2029 Test #1144: TurbulenceModelTest.PositiveTurbulentViscosityIsAccepted .................................................   Passed    0.12 sec
          Start 1064: EnergyEquationSourceTest.AddsQTimesVolumeExactly
1870/2029 Test  #220: ScalarFieldTest.ElementwiseSubtraction ...................................................................   Passed    0.13 sec
          Start  886: VTKWriterTest.NonFiniteTemperatureThrows
1871/2029 Test #1228: SSTEquationTest.BlendAtF1EqualsZeroUsesSetTwoExactly .....................................................   Passed    0.14 sec
          Start  347: FixedGradientTest.ZeroGradientReturnsOwnerValue
1872/2029 Test   #50: MeshCell.AddFaceAppendsFaceIds ...........................................................................   Passed    0.14 sec
          Start  436: DivergenceTest.RotationalFieldIsDivergenceFree
1873/2029 Test #1204: KOmegaModelTest.NameIsKOmega .............................................................................   Passed    0.14 sec
          Start  211: Field.CheckedAccessThrowsOutOfRange
1874/2029 Test #1686: PisoTest.NonFiniteInputStateReturnsNonFiniteState ........................................................   Passed    0.16 sec
          Start   49: MeshCell.StoresIdCentroidAndVolume
1875/2029 Test  #617: MomentumPressureTest.ConstantPressureGivesZeroSource .....................................................   Passed    0.17 sec
          Start  962: TimeControllerTest.AdvanceAfterFinishedThrows
1876/2029 Test  #581: FluidPropertiesTest.RejectsZeroViscosity .................................................................   Passed    0.17 sec
          Start  624: MomentumAssemblyTest.RepeatedAssemblyIsDeterministic
1877/2029 Test  #234: SurfaceFieldTest.SizeMatchesOneByOneMeshFaceCount ........................................................   Passed    0.17 sec
          Start  291: BiCGSTABTest.SolvesNonsymmetricSystem
1878/2029 Test   #57: MeshFace.RejectsOwnerEqualToNeighbor .....................................................................   Passed    0.17 sec
          Start  102: CartesianMesh.TwoByOne
1879/2029 Test  #769: TurbulenceCaseTest.RejectsOmegaRelaxationWithoutInitialOmega .............................................   Passed    0.17 sec
          Start 1524: MomentumPredictorRelaxationTest.RejectsAlphaOutOfRange
1880/2029 Test  #528: TimeDerivativeTest.RejectsNonFiniteDeltaT ................................................................   Passed    0.17 sec
          Start 1890: RestartIOTest.ReadRejectsTruncatedFile
1881/2029 Test #1117: RegionAwareThermalDiffusionTest.InterfaceCoefficientMatchesHandDerivedExample ............................   Passed    0.18 sec
          Start 1167: KEpsilonCoefficientsTest.DefaultsMatchStandardModel
1882/2029 Test  #230: VectorFieldTest.ScalarDivision ...........................................................................   Passed    0.17 sec
          Start  733: ThermalCaseTest.NonThermalFixtureHasNoThermalConfig
1883/2029 Test #1064: EnergyEquationSourceTest.AddsQTimesVolumeExactly .........................................................   Passed    0.16 sec
          Start  390: WallOmegaTest.HandDerivedValueMatchesWilcoxFormula
1884/2029 Test  #886: VTKWriterTest.NonFiniteTemperatureThrows .................................................................   Passed    0.15 sec
          Start  247: AlgebraVector.Addition
1885/2029 Test  #347: FixedGradientTest.ZeroGradientReturnsOwnerValue ..........................................................   Passed    0.15 sec
          Start 1516: SIMPLESettingsTest.RejectsZeroVelocityTolerance
1886/2029 Test  #436: DivergenceTest.RotationalFieldIsDivergenceFree ...........................................................   Passed    0.15 sec
          Start  308: SolverFailureTest.InvalidInitialGuessSizeFailsCleanly
1887/2029 Test  #211: Field.CheckedAccessThrowsOutOfRange ......................................................................   Passed    0.15 sec
          Start 1008: RestartSnapshotTest.InvalidDeltaTIsRejected
1888/2029 Test   #49: MeshCell.StoresIdCentroidAndVolume .......................................................................   Passed    0.14 sec
          Start  762: TurbulenceCaseTest.RejectsNeitherInitialEpsilonNorInitialOmega
1889/2029 Test  #962: TimeControllerTest.AdvanceAfterFinishedThrows ............................................................   Passed    0.15 sec
          Start 1049: ThermalPropertiesTest.RejectsNonFiniteSpecificHeat
1890/2029 Test  #624: MomentumAssemblyTest.RepeatedAssemblyIsDeterministic .....................................................   Passed    0.16 sec
          Start  114: MeshFingerprintTest.DifferentAspectRatioSameCellCountProducesDifferentFingerprint
1891/2029 Test  #291: BiCGSTABTest.SolvesNonsymmetricSystem ....................................................................   Passed    0.16 sec
          Start  533: VectorGradientTest.MismatchedVelocitySizeThrows
1892/2029 Test  #102: CartesianMesh.TwoByOne ...................................................................................   Passed    0.16 sec
          Start  387: AdiabaticTest.TypeAndNameAreThermalSpecific
1893/2029 Test #1524: MomentumPredictorRelaxationTest.RejectsAlphaOutOfRange ...................................................   Passed    0.17 sec
          Start  704: CaseValidationTest.NonPositiveGeometryLengthIsRejected
1894/2029 Test #1890: RestartIOTest.ReadRejectsTruncatedFile ...................................................................   Passed    0.16 sec
          Start  610: MomentumConvectionTest.BoundaryInflowUsesBoundaryValueOnRhs
1895/2029 Test #1167: KEpsilonCoefficientsTest.DefaultsMatchStandardModel ......................................................   Passed    0.16 sec
          Start  261: SparseMatrixTest.DiagonalLookup
1896/2029 Test  #733: ThermalCaseTest.NonThermalFixtureHasNoThermalConfig ......................................................   Passed    0.17 sec
          Start 1672: FinalCorrectionTest.RealPipelineSecondCorrectionIsEffectivelyIdempotentAfterFullFirst
1897/2029 Test  #390: WallOmegaTest.HandDerivedValueMatchesWilcoxFormula .......................................................   Passed    0.17 sec
          Start 1163: LaminarModelTest.DifferentFiniteFlowFieldsStillProduceZeroMuT
1898/2029 Test  #247: AlgebraVector.Addition ...................................................................................   Passed    0.18 sec
          Start 1662: SecondPressureCorrectionTest.SameResponseCoefficientsReusedNoMomentumReassembly
1899/2029 Test #1516: SIMPLESettingsTest.RejectsZeroVelocityTolerance ..........................................................   Passed    0.19 sec
          Start  589: MassFluxTest.InletFluxIsNegativeOutletFluxIsPositive
1900/2029 Test  #308: SolverFailureTest.InvalidInitialGuessSizeFailsCleanly ....................................................   Passed    0.18 sec
          Start  304: SolverFailureTest.NaNMatrixRejectedAtConstruction
1901/2029 Test #1008: RestartSnapshotTest.InvalidDeltaTIsRejected ..............................................................   Passed    0.19 sec
          Start  614: MomentumConvectionTest.MismatchedMassFluxSizeThrows
1902/2029 Test  #762: TurbulenceCaseTest.RejectsNeitherInitialEpsilonNorInitialOmega ...........................................   Passed    0.19 sec
          Start 1652: CorrectionApplicationTest.FullPipelineFromRestProducesFiniteCorrectedState
1903/2029 Test #1049: ThermalPropertiesTest.RejectsNonFiniteSpecificHeat .......................................................   Passed    0.18 sec
          Start  746: TurbulenceCaseTest.LegacyFixtureHasNoTurbulenceConfig
1904/2029 Test  #114: MeshFingerprintTest.DifferentAspectRatioSameCellCountProducesDifferentFingerprint ........................   Passed    0.17 sec
          Start 1175: KEpsilonEquationTest.ImplicitSourceReproducesKDestructionAtSelfConsistency
1905/2029 Test  #533: VectorGradientTest.MismatchedVelocitySizeThrows ..........................................................   Passed    0.17 sec
          Start  351: WallTest.NormalAndTangentialComponentsAreZeroOnAllOrientations
1906/2029 Test  #387: AdiabaticTest.TypeAndNameAreThermalSpecific ..............................................................   Passed    0.17 sec
          Start 1649: TransientPressureCorrectionTest.RepeatedPipelineRunIsBitIdentical
1907/2029 Test  #704: CaseValidationTest.NonPositiveGeometryLengthIsRejected ...................................................   Passed    0.17 sec
          Start  625: MomentumAssemblyTest.UAndVSystemsAreIndependentScalarSystems
1908/2029 Test  #610: MomentumConvectionTest.BoundaryInflowUsesBoundaryValueOnRhs ..............................................   Passed    0.17 sec
          Start  281: JacobiTest.NonFiniteMatrixValuesAreUnreachableByJacobi
1909/2029 Test  #261: SparseMatrixTest.DiagonalLookup ..........................................................................   Passed    0.17 sec
          Start   55: MeshFace.AreaIsMagnitudeOfAreaVector
1910/2029 Test #1672: FinalCorrectionTest.RealPipelineSecondCorrectionIsEffectivelyIdempotentAfterFullFirst ....................   Passed    0.17 sec
          Start  358: OutletTest.VelocityZeroGradientReturnsOwnerValue
1911/2029 Test #1163: LaminarModelTest.DifferentFiniteFlowFieldsStillProduceZeroMuT ............................................   Passed    0.17 sec
          Start  961: TimeControllerTest.ReachedEndTimeDistinguishesCompletionFromMaxSteps
1912/2029 Test #1662: SecondPressureCorrectionTest.SameResponseCoefficientsReusedNoMomentumReassembly ..........................   Passed    0.15 sec
          Start 1272: TurbulenceModelFactoryTest.LaminarNameCreatesLaminarModelViaSSTOverload
1913/2029 Test  #589: MassFluxTest.InletFluxIsNegativeOutletFluxIsPositive .....................................................   Passed    0.15 sec
          Start 1271: TurbulenceModelFactoryTest.KOmegaOverloadRejectsUnsupportedModelNames
1914/2029 Test  #304: SolverFailureTest.NaNMatrixRejectedAtConstruction ........................................................   Passed    0.14 sec
          Start  241: FieldArithmetic.EmptyFieldsAreAddable
1915/2029 Test  #614: MomentumConvectionTest.MismatchedMassFluxSizeThrows ......................................................   Passed    0.14 sec
          Start 1670: FinalCorrectionTest.FinalContinuityIsEvaluatedFromF2NotF1OrFStar
1916/2029 Test #1652: CorrectionApplicationTest.FullPipelineFromRestProducesFiniteCorrectedState ...............................   Passed    0.14 sec
          Start 1152: EffectiveViscosityTest.IsSumOfMolecularAndTurbulent
1917/2029 Test  #746: TurbulenceCaseTest.LegacyFixtureHasNoTurbulenceConfig ....................................................   Passed    0.14 sec
          Start  705: CaseValidationTest.NegativeGeometryHeightIsRejected
1918/2029 Test #1175: KEpsilonEquationTest.ImplicitSourceReproducesKDestructionAtSelfConsistency ...............................   Passed    0.14 sec
          Start   56: MeshFace.RejectsZeroAreaVector
1919/2029 Test  #351: WallTest.NormalAndTangentialComponentsAreZeroOnAllOrientations ...........................................   Passed    0.14 sec
          Start 1182: KEpsilonEquationTest.TransportEquationRejectsSizeMismatch
1920/2029 Test #1649: TransientPressureCorrectionTest.RepeatedPipelineRunIsBitIdentical ........................................   Passed    0.14 sec
          Start  735: ThermalCaseTest.BuilderConstructsThermalRuntimeObjects
1921/2029 Test  #625: MomentumAssemblyTest.UAndVSystemsAreIndependentScalarSystems .............................................   Passed    0.15 sec
          Start  437: DivergenceTest.GlobalDivergenceTheoremHolds
1922/2029 Test  #281: JacobiTest.NonFiniteMatrixValuesAreUnreachableByJacobi ...................................................   Passed    0.14 sec
          Start 1673: FinalCorrectionTest.PartialFirstCorrectionPlusSecondReconstructsFullSingleCorrectionRealMesh
1923/2029 Test   #55: MeshFace.AreaIsMagnitudeOfAreaVector .....................................................................   Passed    0.13 sec
          Start  844: CSVWriterTest.WriteFieldsUnwritablePathThrowsIOError
1924/2029 Test  #358: OutletTest.VelocityZeroGradientReturnsOwnerValue .........................................................   Passed    0.13 sec
          Start  748: TurbulenceCaseTest.ExplicitLaminarModelAcceptsInitialOmegaToo
1925/2029 Test  #961: TimeControllerTest.ReachedEndTimeDistinguishesCompletionFromMaxSteps .....................................   Passed    0.13 sec
          Start 1544: FluxCorrectionTest.ConstantPressureCorrectionGivesZeroFluxCorrectionEverywhere
1926/2029 Test #1272: TurbulenceModelFactoryTest.LaminarNameCreatesLaminarModelViaSSTOverload ..................................   Passed    0.13 sec
          Start 1780: TwoMaterialConductionValidation.AnalyticalFormulasAreSelfConsistent
1927/2029 Test #1271: TurbulenceModelFactoryTest.KOmegaOverloadRejectsUnsupportedModelNames ....................................   Passed    0.13 sec
          Start  366: BoundaryConditionSetTest.ReplaceOverwritesExistingAssignment
1928/2029 Test  #241: FieldArithmetic.EmptyFieldsAreAddable ....................................................................   Passed    0.13 sec
          Start 1047: ThermalPropertiesTest.RejectsNegativeSpecificHeat
1929/2029 Test #1670: FinalCorrectionTest.FinalContinuityIsEvaluatedFromF2NotF1OrFStar .........................................   Passed    0.14 sec
          Start  841: CSVWriterTest.WriteFieldsUsesFullPrecisionScientificNotation
1930/2029 Test #1152: EffectiveViscosityTest.IsSumOfMolecularAndTurbulent ......................................................   Passed    0.14 sec
          Start    7: CFDAppCli_malformed_json
1931/2029 Test  #705: CaseValidationTest.NegativeGeometryHeightIsRejected ......................................................   Passed    0.16 sec
          Start 1656: CorrectionApplicationTest.RepeatedCorrectionStepIsBitIdentical
1932/2029 Test   #56: MeshFace.RejectsZeroAreaVector ...........................................................................   Passed    0.16 sec
          Start 1267: TurbulenceModelFactoryTest.KEpsilonNameCreatesKEpsilonModel
1933/2029 Test #1182: KEpsilonEquationTest.TransportEquationRejectsSizeMismatch ................................................   Passed    0.18 sec
          Start  263: SparseMatrixTest.AllFinite
1934/2029 Test  #735: ThermalCaseTest.BuilderConstructsThermalRuntimeObjects ...................................................   Passed    0.19 sec
          Start 1147: TurbulenceModelTest.CorrectIsCallable
1935/2029 Test  #437: DivergenceTest.GlobalDivergenceTheoremHolds ..............................................................   Passed    0.20 sec
          Start 1668: FinalCorrectionTest.FullPipelineFinalStateIsFiniteAndConverged
1936/2029 Test #1673: FinalCorrectionTest.PartialFirstCorrectionPlusSecondReconstructsFullSingleCorrectionRealMesh .............   Passed    0.21 sec
          Start 1153: EffectiveViscosityTest.ZeroTurbulentViscosityGivesJustMolecular
1937/2029 Test  #844: CSVWriterTest.WriteFieldsUnwritablePathThrowsIOError .....................................................   Passed    0.22 sec
          Start  957: TimeControllerTest.InexactDeltaTDoesNotProduceAnExtraTinyStep
1938/2029 Test  #748: TurbulenceCaseTest.ExplicitLaminarModelAcceptsInitialOmegaToo ............................................   Passed    0.21 sec
          Start  377: HeatFluxTest.ZeroFluxReturnsOwnerValue
1939/2029 Test #1544: FluxCorrectionTest.ConstantPressureCorrectionGivesZeroFluxCorrectionEverywhere ...........................   Passed    0.21 sec
          Start 1661: SecondPressureCorrectionTest.RealPipelineTightFirstCorrectionGivesNearZeroSecondCorrection
1940/2029 Test #1780: TwoMaterialConductionValidation.AnalyticalFormulasAreSelfConsistent ......................................   Passed    0.21 sec
          Start  881: VTKWriterTest.NonFiniteValueThrows
1941/2029 Test  #366: BoundaryConditionSetTest.ReplaceOverwritesExistingAssignment .............................................   Passed    0.23 sec
          Start  858: JSONWriterTest.WrittenFileIsValidJson
1942/2029 Test #1047: ThermalPropertiesTest.RejectsNegativeSpecificHeat ........................................................   Passed    0.21 sec
          Start 1681: PisoTest.TwoCellClosedDomainAtRestStaysAtRestAndConservesMassExactly
1943/2029 Test  #841: CSVWriterTest.WriteFieldsUsesFullPrecisionScientificNotation .............................................   Passed    0.21 sec
          Start   59: MeshBoundaryPatch.AllowsEmptyFaceList
1944/2029 Test    #7: CFDAppCli_malformed_json .................................................................................   Passed    0.20 sec
          Start  586: MassFluxTest.TangentialVelocityAtVerticalFaceGivesZeroFlux
1945/2029 Test #1656: CorrectionApplicationTest.RepeatedCorrectionStepIsBitIdentical ...........................................   Passed    0.20 sec
          Start  355: InletTest.ReturnsPrescribedVelocityExactly
1946/2029 Test #1267: TurbulenceModelFactoryTest.KEpsilonNameCreatesKEpsilonModel ..............................................   Passed    0.20 sec
          Start 1185: KEpsilonModelTest.FieldsSizedToMeshAtConstruction
1947/2029 Test  #263: SparseMatrixTest.AllFinite ...............................................................................   Passed    0.19 sec
          Start  723: CaseValidationTest.RelaxationAboveOneIsRejected
1948/2029 Test #1147: TurbulenceModelTest.CorrectIsCallable ....................................................................   Passed    0.18 sec
          Start   75: MeshQuality.NonSquareCellsReportCorrectAspectRatio
1949/2029 Test #1668: FinalCorrectionTest.FullPipelineFinalStateIsFiniteAndConverged ...........................................   Passed    0.18 sec
          Start  955: TimeControllerTest.FinalStepIsShortenedToLandExactlyOnEndTime
1950/2029 Test #1153: EffectiveViscosityTest.ZeroTurbulentViscosityGivesJustMolecular ..........................................   Passed    0.18 sec
          Start 1184: KEpsilonModelTest.NameIsKEpsilon
1951/2029 Test  #957: TimeControllerTest.InexactDeltaTDoesNotProduceAnExtraTinyStep ............................................   Passed    0.18 sec
          Start  362: SymmetryTest.ResultIsAlwaysNormalToPlane
1952/2029 Test  #377: HeatFluxTest.ZeroFluxReturnsOwnerValue ...................................................................   Passed    0.18 sec
          Start  101: CartesianMesh.OneByOne
1953/2029 Test #1661: SecondPressureCorrectionTest.RealPipelineTightFirstCorrectionGivesNearZeroSecondCorrection ...............   Passed    0.18 sec
          Start  975: CFLTest.HalvingDtHalvesCFL
1954/2029 Test  #881: VTKWriterTest.NonFiniteValueThrows .......................................................................   Passed    0.16 sec
          Start  222: ScalarFieldTest.ScalarDivision
1955/2029 Test  #858: JSONWriterTest.WrittenFileIsValidJson ....................................................................   Passed    0.16 sec
          Start  997: RestartSnapshotTest.SourceTransientStateIsNotModified
1956/2029 Test #1681: PisoTest.TwoCellClosedDomainAtRestStaysAtRestAndConservesMassExactly .....................................   Passed    0.16 sec
          Start 1680: PisoTest.WallNormalBoundaryFluxStaysExactlyZero
1957/2029 Test   #59: MeshBoundaryPatch.AllowsEmptyFaceList ....................................................................   Passed    0.15 sec
          Start 1173: KEpsilonEquationTest.EffectiveDiffusivityReducesToMolecularAsMuTVanishes
1958/2029 Test  #586: MassFluxTest.TangentialVelocityAtVerticalFaceGivesZeroFlux ...............................................   Passed    0.15 sec
          Start  689: CaseReaderTest.MissingReferencedFileThrowsIOError
1959/2029 Test  #355: InletTest.ReturnsPrescribedVelocityExactly ...............................................................   Passed    0.15 sec
          Start  268: SparseMatrixTest.RejectsOutOfRangeColumn
1960/2029 Test #1185: KEpsilonModelTest.FieldsSizedToMeshAtConstruction ........................................................   Passed    0.13 sec
          Start  595: ContinuityEquationTest.GlobalDivergenceTheoremIdentityHolds
1961/2029 Test  #723: CaseValidationTest.RelaxationAboveOneIsRejected ..........................................................   Passed    0.13 sec
          Start 1116: InterfaceConductanceTest.RejectsNonFiniteInputs
1962/2029 Test   #75: MeshQuality.NonSquareCellsReportCorrectAspectRatio .......................................................   Passed    0.13 sec
          Start  289: CGTest.ExactInitialGuessConvergesAtIterationZero
1963/2029 Test  #955: TimeControllerTest.FinalStepIsShortenedToLandExactlyOnEndTime ............................................   Passed    0.13 sec
          Start  389: AdiabaticTest.RepeatedEvaluationIsDeterministic
1964/2029 Test #1184: KEpsilonModelTest.NameIsKEpsilon .........................................................................   Passed    0.11 sec
          Start 1520: MomentumPredictorRelaxationTest.RelaxedDiagonalMatchesAPOverAlphaExactly
1965/2029 Test  #362: SymmetryTest.ResultIsAlwaysNormalToPlane .................................................................   Passed    0.12 sec
          Start  992: TransientSolverTest.RejectsNonPositiveOrNonFiniteCflFailAbove
1966/2029 Test  #101: CartesianMesh.OneByOne ...................................................................................   Passed    0.12 sec
          Start 1556: SIMPLEFailureTest.OutOfRangeReferenceCellReportsInvalidConfiguration
1967/2029 Test  #975: CFLTest.HalvingDtHalvesCFL ...............................................................................   Passed    0.13 sec
          Start 1552: SIMPLEFailureTest.PressureSolverTooFewIterationsReportsPressureCorrectionFailure
1968/2029 Test  #222: ScalarFieldTest.ScalarDivision ...........................................................................   Passed    0.13 sec
          Start  227: VectorFieldTest.ElementwiseAdditionExactValues
1969/2029 Test  #997: RestartSnapshotTest.SourceTransientStateIsNotModified ....................................................   Passed    0.13 sec
          Start  205: MeshMotionEvidence.DumpSinusoidalGeometryForIndependentCheck
1970/2029 Test  #205: MeshMotionEvidence.DumpSinusoidalGeometryForIndependentCheck .............................................***Not Run (Disabled)   0.00 sec
          Start 1742: CavityGhiaValidation.Grid40x40ConvergesAndMatchesGhia
1971/2029 Test #1742: CavityGhiaValidation.Grid40x40ConvergesAndMatchesGhia ....................................................***Not Run (Disabled)   0.00 sec
          Start 1743: CavityGhiaValidation.Grid80x80ConvergesAndMatchesGhia
1972/2029 Test #1743: CavityGhiaValidation.Grid80x80ConvergesAndMatchesGhia ....................................................***Not Run (Disabled)   0.00 sec
          Start 1744: CavityGhiaValidation.GridConvergence
1973/2029 Test #1744: CavityGhiaValidation.GridConvergence .....................................................................***Not Run (Disabled)   0.00 sec
          Start 1747: CavityGhiaValidation.Re100Grid40
1974/2029 Test #1747: CavityGhiaValidation.Re100Grid40 .........................................................................***Not Run (Disabled)   0.00 sec
          Start 1748: CavityGhiaValidation.Re100Grid80
1975/2029 Test #1748: CavityGhiaValidation.Re100Grid80 .........................................................................***Not Run (Disabled)   0.00 sec
          Start 1749: CavityGhiaValidation.Re100Grid160
1976/2029 Test #1749: CavityGhiaValidation.Re100Grid160 ........................................................................***Not Run (Disabled)   0.00 sec
          Start 1750: CavityGhiaValidation.Re1000Grid40
1977/2029 Test #1750: CavityGhiaValidation.Re1000Grid40 ........................................................................***Not Run (Disabled)   0.00 sec
          Start 1751: CavityGhiaValidation.Re1000Grid80
1978/2029 Test #1751: CavityGhiaValidation.Re1000Grid80 ........................................................................***Not Run (Disabled)   0.00 sec
          Start 1752: CavityGhiaValidation.Re1000Grid160
1979/2029 Test #1752: CavityGhiaValidation.Re1000Grid160 .......................................................................***Not Run (Disabled)   0.00 sec
          Start 1753: CavityGhiaValidation.Re100Study
1980/2029 Test #1753: CavityGhiaValidation.Re100Study ..........................................................................***Not Run (Disabled)   0.00 sec
          Start 1754: CavityGhiaValidation.Re1000Study
1981/2029 Test #1754: CavityGhiaValidation.Re1000Study .........................................................................***Not Run (Disabled)   0.00 sec
          Start 1760: SchemeValidation.AccuracyCostComparisonFull
1982/2029 Test #1760: SchemeValidation.AccuracyCostComparisonFull ..............................................................***Not Run (Disabled)   0.00 sec
          Start 1764: PoiseuilleValidation.Grid128x16ConvergesAndMatchesAnalyticalProfile
1983/2029 Test #1764: PoiseuilleValidation.Grid128x16ConvergesAndMatchesAnalyticalProfile ......................................***Not Run (Disabled)   0.00 sec
          Start 1765: PoiseuilleValidation.Grid256x32ConvergesAndMatchesAnalyticalProfile
1984/2029 Test #1765: PoiseuilleValidation.Grid256x32ConvergesAndMatchesAnalyticalProfile ......................................***Not Run (Disabled)   0.00 sec
          Start 1794: NaturalConvectionValidation.Grid20x20MatchesDeVahlDavisRa1e3
1985/2029 Test #1794: NaturalConvectionValidation.Grid20x20MatchesDeVahlDavisRa1e3 .............................................***Not Run (Disabled)   0.00 sec
          Start 1800: CaseLidDrivenCavityIntegrationTest.ProductionCaseLoadsBuildsAndConverges
1986/2029 Test #1800: CaseLidDrivenCavityIntegrationTest.ProductionCaseLoadsBuildsAndConverges .................................***Not Run (Disabled)   0.00 sec
          Start 1859: MeshQualityCampaign.DegradationD1NonOrthogonality
1987/2029 Test #1859: MeshQualityCampaign.DegradationD1NonOrthogonality ........................................................***Not Run (Disabled)   0.00 sec
          Start 1860: MeshQualityCampaign.DegradationD2Irregularity
1988/2029 Test #1860: MeshQualityCampaign.DegradationD2Irregularity ............................................................***Not Run (Disabled)   0.00 sec
          Start 1861: MeshQualityCampaign.DegradationD3AspectRatio
1989/2029 Test #1861: MeshQualityCampaign.DegradationD3AspectRatio .............................................................***Not Run (Disabled)   0.00 sec
          Start 1862: MeshQualityCampaign.DegradationD4Expansion
1990/2029 Test #1862: MeshQualityCampaign.DegradationD4Expansion ...............................................................***Not Run (Disabled)   0.00 sec
          Start 1863: MeshQualityCampaign.ManufacturedSolutionCartesian
1991/2029 Test #1863: MeshQualityCampaign.ManufacturedSolutionCartesian ........................................................***Not Run (Disabled)   0.00 sec
          Start 1864: MeshQualityCampaign.ManufacturedSolutionSmoothCorrected
1992/2029 Test #1864: MeshQualityCampaign.ManufacturedSolutionSmoothCorrected ..................................................***Not Run (Disabled)   0.00 sec
          Start 1865: MeshQualityCampaign.ManufacturedSolutionSmoothUncorrected
1993/2029 Test #1865: MeshQualityCampaign.ManufacturedSolutionSmoothUncorrected ................................................***Not Run (Disabled)   0.00 sec
          Start 1866: MeshQualityCampaign.GridConvergenceIrregularFamily
1994/2029 Test #1866: MeshQualityCampaign.GridConvergenceIrregularFamily .......................................................***Not Run (Disabled)   0.00 sec
          Start 1869: Duct3DProductionCase.DuctLevel8
1995/2029 Test #1869: Duct3DProductionCase.DuctLevel8 ..........................................................................***Not Run (Disabled)   0.00 sec
          Start 1870: Duct3DProductionCase.DuctLevel16
1996/2029 Test #1870: Duct3DProductionCase.DuctLevel16 .........................................................................***Not Run (Disabled)   0.00 sec
          Start 1871: Duct3DProductionCase.DuctLevel24
1997/2029 Test #1871: Duct3DProductionCase.DuctLevel24 .........................................................................***Not Run (Disabled)   0.00 sec
          Start 1872: Duct3DProductionCase.DuctGate
1998/2029 Test #1872: Duct3DProductionCase.DuctGate ............................................................................***Not Run (Disabled)   0.00 sec
          Start 1873: Duct3DProductionCase.DirectionalSymmetry
1999/2029 Test #1873: Duct3DProductionCase.DirectionalSymmetry .................................................................***Not Run (Disabled)   0.00 sec
          Start 1876: LidDrivenCube3DProductionCase.CubeLevel32
2000/2029 Test #1876: LidDrivenCube3DProductionCase.CubeLevel32 ................................................................***Not Run (Disabled)   0.00 sec
          Start 1877: LidDrivenCube3DProductionCase.CubeLevel48
2001/2029 Test #1877: LidDrivenCube3DProductionCase.CubeLevel48 ................................................................***Not Run (Disabled)   0.00 sec
          Start 1878: LidDrivenCube3DProductionCase.CubeLevel64
2002/2029 Test #1878: LidDrivenCube3DProductionCase.CubeLevel64 ................................................................***Not Run (Disabled)   0.00 sec
          Start 1879: LidDrivenCube3DProductionCase.CubeGate
2003/2029 Test #1879: LidDrivenCube3DProductionCase.CubeGate ...................................................................***Not Run (Disabled)   0.00 sec
          Start 1904: ChannelFlowValidation.KEpsilonFineConvergesAndMatchesLogLaw
2004/2029 Test #1904: ChannelFlowValidation.KEpsilonFineConvergesAndMatchesLogLaw ..............................................***Not Run (Disabled)   0.00 sec
          Start 1907: ChannelFlowValidation.KOmegaFineConvergesAndMatchesLogLaw
2005/2029 Test #1907: ChannelFlowValidation.KOmegaFineConvergesAndMatchesLogLaw ................................................***Not Run (Disabled)   0.00 sec
          Start 1910: ChannelFlowValidation.SSTFineConvergesAndMatchesLogLaw
2006/2029 Test #1910: ChannelFlowValidation.SSTFineConvergesAndMatchesLogLaw ...................................................***Not Run (Disabled)   0.00 sec
          Start 1911: ChannelFlowValidation.KEpsilonGridRefinementReducesReTauError
2007/2029 Test #1911: ChannelFlowValidation.KEpsilonGridRefinementReducesReTauError ............................................***Not Run (Disabled)   0.00 sec
          Start 1918: TurbulentChannelValidation.Study
2008/2029 Test #1918: TurbulentChannelValidation.Study .........................................................................***Not Run (Disabled)   0.00 sec
          Start 1965: SIMPLEMMS.FineGridStudy
2009/2029 Test #1965: SIMPLEMMS.FineGridStudy ..................................................................................***Not Run (Disabled)   0.00 sec
          Start 1969: MMS3DTest.OperatorRefinementStudy
2010/2029 Test #1969: MMS3DTest.OperatorRefinementStudy ........................................................................***Not Run (Disabled)   0.00 sec
          Start 1972: MMSSimple3DTest.RefinementStudy
2011/2029 Test #1972: MMSSimple3DTest.RefinementStudy ..........................................................................***Not Run (Disabled)   0.00 sec
          Start 1975: BackwardFacingStep.Converges
2012/2029 Test #1975: BackwardFacingStep.Converges .............................................................................***Not Run (Disabled)   0.00 sec
          Start 1976: BackwardFacingStep.MassConservation
2013/2029 Test #1976: BackwardFacingStep.MassConservation ......................................................................***Not Run (Disabled)   0.00 sec
          Start 1977: BackwardFacingStep.ReattachmentLength
2014/2029 Test #1977: BackwardFacingStep.ReattachmentLength ....................................................................***Not Run (Disabled)   0.00 sec
2015/2029 Test #1680: PisoTest.WallNormalBoundaryFluxStaysExactlyZero ..........................................................   Passed    0.52 sec
2016/2029 Test #1173: KEpsilonEquationTest.EffectiveDiffusivityReducesToMolecularAsMuTVanishes .................................   Passed    0.52 sec
2017/2029 Test  #689: CaseReaderTest.MissingReferencedFileThrowsIOError ........................................................   Passed    0.52 sec
2018/2029 Test  #268: SparseMatrixTest.RejectsOutOfRangeColumn .................................................................   Passed    0.52 sec
2019/2029 Test  #595: ContinuityEquationTest.GlobalDivergenceTheoremIdentityHolds ..............................................   Passed    0.51 sec
2020/2029 Test #1116: InterfaceConductanceTest.RejectsNonFiniteInputs ..........................................................   Passed    0.51 sec
2021/2029 Test  #289: CGTest.ExactInitialGuessConvergesAtIterationZero .........................................................   Passed    0.54 sec
2022/2029 Test  #389: AdiabaticTest.RepeatedEvaluationIsDeterministic ..........................................................   Passed    0.55 sec
2023/2029 Test #1520: MomentumPredictorRelaxationTest.RelaxedDiagonalMatchesAPOverAlphaExactly .................................   Passed    0.56 sec
2024/2029 Test  #992: TransientSolverTest.RejectsNonPositiveOrNonFiniteCflFailAbove ............................................   Passed    0.56 sec
2025/2029 Test #1556: SIMPLEFailureTest.OutOfRangeReferenceCellReportsInvalidConfiguration .....................................   Passed    0.55 sec
2026/2029 Test #1552: SIMPLEFailureTest.PressureSolverTooFewIterationsReportsPressureCorrectionFailure .........................   Passed    0.54 sec
2027/2029 Test  #227: VectorFieldTest.ElementwiseAdditionExactValues ...........................................................   Passed    0.55 sec
2028/2029 Test #1792: NaturalConvectionValidation.Grid10x10ConstantPropertyModelsMatchDeVahlDavisRa1e3 .........................   Passed  406.37 sec
2029/2029 Test #1791: NaturalConvectionValidation.Grid10x10MatchesDeVahlDavisRa1e3 .............................................   Passed  406.03 sec

100% tests passed, 0 tests failed out of 1984

Label Time Summary:
integration    =  14.46 sec*proc (39 tests)
numerical      =  89.28 sec*proc (501 tests)
solver         = 855.21 sec*proc (232 tests)
unit           = 252.02 sec*proc (1042 tests)
validation     = 14402.07 sec*proc (215 tests)

Total Test time (real) = 1131.48 sec

The following tests did not run:
	205 - MeshMotionEvidence.DumpSinusoidalGeometryForIndependentCheck (Disabled)
	1742 - CavityGhiaValidation.Grid40x40ConvergesAndMatchesGhia (Disabled)
	1743 - CavityGhiaValidation.Grid80x80ConvergesAndMatchesGhia (Disabled)
	1744 - CavityGhiaValidation.GridConvergence (Disabled)
	1747 - CavityGhiaValidation.Re100Grid40 (Disabled)
	1748 - CavityGhiaValidation.Re100Grid80 (Disabled)
	1749 - CavityGhiaValidation.Re100Grid160 (Disabled)
	1750 - CavityGhiaValidation.Re1000Grid40 (Disabled)
	1751 - CavityGhiaValidation.Re1000Grid80 (Disabled)
	1752 - CavityGhiaValidation.Re1000Grid160 (Disabled)
	1753 - CavityGhiaValidation.Re100Study (Disabled)
	1754 - CavityGhiaValidation.Re1000Study (Disabled)
	1760 - SchemeValidation.AccuracyCostComparisonFull (Disabled)
	1764 - PoiseuilleValidation.Grid128x16ConvergesAndMatchesAnalyticalProfile (Disabled)
	1765 - PoiseuilleValidation.Grid256x32ConvergesAndMatchesAnalyticalProfile (Disabled)
	1794 - NaturalConvectionValidation.Grid20x20MatchesDeVahlDavisRa1e3 (Disabled)
	1800 - CaseLidDrivenCavityIntegrationTest.ProductionCaseLoadsBuildsAndConverges (Disabled)
	1859 - MeshQualityCampaign.DegradationD1NonOrthogonality (Disabled)
	1860 - MeshQualityCampaign.DegradationD2Irregularity (Disabled)
	1861 - MeshQualityCampaign.DegradationD3AspectRatio (Disabled)
	1862 - MeshQualityCampaign.DegradationD4Expansion (Disabled)
	1863 - MeshQualityCampaign.ManufacturedSolutionCartesian (Disabled)
	1864 - MeshQualityCampaign.ManufacturedSolutionSmoothCorrected (Disabled)
	1865 - MeshQualityCampaign.ManufacturedSolutionSmoothUncorrected (Disabled)
	1866 - MeshQualityCampaign.GridConvergenceIrregularFamily (Disabled)
	1869 - Duct3DProductionCase.DuctLevel8 (Disabled)
	1870 - Duct3DProductionCase.DuctLevel16 (Disabled)
	1871 - Duct3DProductionCase.DuctLevel24 (Disabled)
	1872 - Duct3DProductionCase.DuctGate (Disabled)
	1873 - Duct3DProductionCase.DirectionalSymmetry (Disabled)
	1876 - LidDrivenCube3DProductionCase.CubeLevel32 (Disabled)
	1877 - LidDrivenCube3DProductionCase.CubeLevel48 (Disabled)
	1878 - LidDrivenCube3DProductionCase.CubeLevel64 (Disabled)
	1879 - LidDrivenCube3DProductionCase.CubeGate (Disabled)
	1904 - ChannelFlowValidation.KEpsilonFineConvergesAndMatchesLogLaw (Disabled)
	1907 - ChannelFlowValidation.KOmegaFineConvergesAndMatchesLogLaw (Disabled)
	1910 - ChannelFlowValidation.SSTFineConvergesAndMatchesLogLaw (Disabled)
	1911 - ChannelFlowValidation.KEpsilonGridRefinementReducesReTauError (Disabled)
	1918 - TurbulentChannelValidation.Study (Disabled)
	1965 - SIMPLEMMS.FineGridStudy (Disabled)
	1969 - MMS3DTest.OperatorRefinementStudy (Disabled)
	1972 - MMSSimple3DTest.RefinementStudy (Disabled)
	1975 - BackwardFacingStep.Converges (Disabled)
	1976 - BackwardFacingStep.MassConservation (Disabled)
	1977 - BackwardFacingStep.ReattachmentLength (Disabled)
