# vtk DataFile Version 3.0
CFDApp solution
ASCII
DATASET UNSTRUCTURED_GRID
POINTS 1836 double
0.00000000000000000e+00 0.00000000000000000e+00 0
6.25000000000000000e-02 0.00000000000000000e+00 0
1.25000000000000000e-01 0.00000000000000000e+00 0
1.87500000000000000e-01 0.00000000000000000e+00 0
2.50000000000000000e-01 0.00000000000000000e+00 0
3.12500000000000000e-01 0.00000000000000000e+00 0
3.75000000000000000e-01 0.00000000000000000e+00 0
4.37500000000000000e-01 0.00000000000000000e+00 0
5.00000000000000000e-01 0.00000000000000000e+00 0
5.62500000000000000e-01 0.00000000000000000e+00 0
6.25000000000000000e-01 0.00000000000000000e+00 0
6.87500000000000000e-01 0.00000000000000000e+00 0
7.50000000000000000e-01 0.00000000000000000e+00 0
8.12500000000000000e-01 0.00000000000000000e+00 0
8.75000000000000000e-01 0.00000000000000000e+00 0
9.37500000000000000e-01 0.00000000000000000e+00 0
1.00000000000000000e+00 0.00000000000000000e+00 0
1.06250000000000000e+00 0.00000000000000000e+00 0
1.12500000000000000e+00 0.00000000000000000e+00 0
1.18750000000000000e+00 0.00000000000000000e+00 0
1.25000000000000000e+00 0.00000000000000000e+00 0
1.31250000000000000e+00 0.00000000000000000e+00 0
1.37500000000000000e+00 0.00000000000000000e+00 0
1.43750000000000000e+00 0.00000000000000000e+00 0
1.50000000000000000e+00 0.00000000000000000e+00 0
1.56250000000000000e+00 0.00000000000000000e+00 0
1.62500000000000000e+00 0.00000000000000000e+00 0
1.68750000000000000e+00 0.00000000000000000e+00 0
1.75000000000000000e+00 0.00000000000000000e+00 0
1.81250000000000000e+00 0.00000000000000000e+00 0
1.87500000000000000e+00 0.00000000000000000e+00 0
1.93750000000000000e+00 0.00000000000000000e+00 0
2.00000000000000000e+00 0.00000000000000000e+00 0
0.00000000000000000e+00 6.25000000000000000e-02 0
6.25000000000000000e-02 6.25000000000000000e-02 0
1.25000000000000000e-01 6.25000000000000000e-02 0
1.87500000000000000e-01 6.25000000000000000e-02 0
2.50000000000000000e-01 6.25000000000000000e-02 0
3.12500000000000000e-01 6.25000000000000000e-02 0
3.75000000000000000e-01 6.25000000000000000e-02 0
4.37500000000000000e-01 6.25000000000000000e-02 0
5.00000000000000000e-01 6.25000000000000000e-02 0
5.62500000000000000e-01 6.25000000000000000e-02 0
6.25000000000000000e-01 6.25000000000000000e-02 0
6.87500000000000000e-01 6.25000000000000000e-02 0
7.50000000000000000e-01 6.25000000000000000e-02 0
8.12500000000000000e-01 6.25000000000000000e-02 0
8.75000000000000000e-01 6.25000000000000000e-02 0
9.37500000000000000e-01 6.25000000000000000e-02 0
1.00000000000000000e+00 6.25000000000000000e-02 0
1.06250000000000000e+00 6.25000000000000000e-02 0
1.12500000000000000e+00 6.25000000000000000e-02 0
1.18750000000000000e+00 6.25000000000000000e-02 0
1.25000000000000000e+00 6.25000000000000000e-02 0
1.31250000000000000e+00 6.25000000000000000e-02 0
1.37500000000000000e+00 6.25000000000000000e-02 0
1.43750000000000000e+00 6.25000000000000000e-02 0
1.50000000000000000e+00 6.25000000000000000e-02 0
1.56250000000000000e+00 6.25000000000000000e-02 0
1.62500000000000000e+00 6.25000000000000000e-02 0
1.68750000000000000e+00 6.25000000000000000e-02 0
1.75000000000000000e+00 6.25000000000000000e-02 0
1.81250000000000000e+00 6.25000000000000000e-02 0
1.87500000000000000e+00 6.25000000000000000e-02 0
1.93750000000000000e+00 6.25000000000000000e-02 0
2.00000000000000000e+00 6.25000000000000000e-02 0
0.00000000000000000e+00 1.25000000000000000e-01 0
6.25000000000000000e-02 1.25000000000000000e-01 0
1.25000000000000000e-01 1.25000000000000000e-01 0
1.87500000000000000e-01 1.25000000000000000e-01 0
2.50000000000000000e-01 1.25000000000000000e-01 0
3.12500000000000000e-01 1.25000000000000000e-01 0
3.75000000000000000e-01 1.25000000000000000e-01 0
4.37500000000000000e-01 1.25000000000000000e-01 0
5.00000000000000000e-01 1.25000000000000000e-01 0
5.62500000000000000e-01 1.25000000000000000e-01 0
6.25000000000000000e-01 1.25000000000000000e-01 0
6.87500000000000000e-01 1.25000000000000000e-01 0
7.50000000000000000e-01 1.25000000000000000e-01 0
8.12500000000000000e-01 1.25000000000000000e-01 0
8.75000000000000000e-01 1.25000000000000000e-01 0
9.37500000000000000e-01 1.25000000000000000e-01 0
1.00000000000000000e+00 1.25000000000000000e-01 0
1.06250000000000000e+00 1.25000000000000000e-01 0
1.12500000000000000e+00 1.25000000000000000e-01 0
1.18750000000000000e+00 1.25000000000000000e-01 0
1.25000000000000000e+00 1.25000000000000000e-01 0
1.31250000000000000e+00 1.25000000000000000e-01 0
1.37500000000000000e+00 1.25000000000000000e-01 0
1.43750000000000000e+00 1.25000000000000000e-01 0
1.50000000000000000e+00 1.25000000000000000e-01 0
1.56250000000000000e+00 1.25000000000000000e-01 0
1.62500000000000000e+00 1.25000000000000000e-01 0
1.68750000000000000e+00 1.25000000000000000e-01 0
1.75000000000000000e+00 1.25000000000000000e-01 0
1.81250000000000000e+00 1.25000000000000000e-01 0
1.87500000000000000e+00 1.25000000000000000e-01 0
1.93750000000000000e+00 1.25000000000000000e-01 0
2.00000000000000000e+00 1.25000000000000000e-01 0
0.00000000000000000e+00 1.87500000000000000e-01 0
6.25000000000000000e-02 1.87500000000000000e-01 0
1.25000000000000000e-01 1.87500000000000000e-01 0
1.87500000000000000e-01 1.87500000000000000e-01 0
2.50000000000000000e-01 1.87500000000000000e-01 0
3.12500000000000000e-01 1.87500000000000000e-01 0
3.75000000000000000e-01 1.87500000000000000e-01 0
4.37500000000000000e-01 1.87500000000000000e-01 0
5.00000000000000000e-01 1.87500000000000000e-01 0
5.62500000000000000e-01 1.87500000000000000e-01 0
6.25000000000000000e-01 1.87500000000000000e-01 0
6.87500000000000000e-01 1.87500000000000000e-01 0
7.50000000000000000e-01 1.87500000000000000e-01 0
8.12500000000000000e-01 1.87500000000000000e-01 0
8.75000000000000000e-01 1.87500000000000000e-01 0
9.37500000000000000e-01 1.87500000000000000e-01 0
1.00000000000000000e+00 1.87500000000000000e-01 0
1.06250000000000000e+00 1.87500000000000000e-01 0
1.12500000000000000e+00 1.87500000000000000e-01 0
1.18750000000000000e+00 1.87500000000000000e-01 0
1.25000000000000000e+00 1.87500000000000000e-01 0
1.31250000000000000e+00 1.87500000000000000e-01 0
1.37500000000000000e+00 1.87500000000000000e-01 0
1.43750000000000000e+00 1.87500000000000000e-01 0
1.50000000000000000e+00 1.87500000000000000e-01 0
1.56250000000000000e+00 1.87500000000000000e-01 0
1.62500000000000000e+00 1.87500000000000000e-01 0
1.68750000000000000e+00 1.87500000000000000e-01 0
1.75000000000000000e+00 1.87500000000000000e-01 0
1.81250000000000000e+00 1.87500000000000000e-01 0
1.87500000000000000e+00 1.87500000000000000e-01 0
1.93750000000000000e+00 1.87500000000000000e-01 0
2.00000000000000000e+00 1.87500000000000000e-01 0
0.00000000000000000e+00 2.50000000000000000e-01 0
6.25000000000000000e-02 2.50000000000000000e-01 0
1.25000000000000000e-01 2.50000000000000000e-01 0
1.87500000000000000e-01 2.50000000000000000e-01 0
2.50000000000000000e-01 2.50000000000000000e-01 0
3.12500000000000000e-01 2.50000000000000000e-01 0
3.75000000000000000e-01 2.50000000000000000e-01 0
4.37500000000000000e-01 2.50000000000000000e-01 0
5.00000000000000000e-01 2.50000000000000000e-01 0
5.62500000000000000e-01 2.50000000000000000e-01 0
6.25000000000000000e-01 2.50000000000000000e-01 0
6.87500000000000000e-01 2.50000000000000000e-01 0
7.50000000000000000e-01 2.50000000000000000e-01 0
8.12500000000000000e-01 2.50000000000000000e-01 0
8.75000000000000000e-01 2.50000000000000000e-01 0
9.37500000000000000e-01 2.50000000000000000e-01 0
1.00000000000000000e+00 2.50000000000000000e-01 0
1.06250000000000000e+00 2.50000000000000000e-01 0
1.12500000000000000e+00 2.50000000000000000e-01 0
1.18750000000000000e+00 2.50000000000000000e-01 0
1.25000000000000000e+00 2.50000000000000000e-01 0
1.31250000000000000e+00 2.50000000000000000e-01 0
1.37500000000000000e+00 2.50000000000000000e-01 0
1.43750000000000000e+00 2.50000000000000000e-01 0
1.50000000000000000e+00 2.50000000000000000e-01 0
1.56250000000000000e+00 2.50000000000000000e-01 0
1.62500000000000000e+00 2.50000000000000000e-01 0
1.68750000000000000e+00 2.50000000000000000e-01 0
1.75000000000000000e+00 2.50000000000000000e-01 0
1.81250000000000000e+00 2.50000000000000000e-01 0
1.87500000000000000e+00 2.50000000000000000e-01 0
1.93750000000000000e+00 2.50000000000000000e-01 0
2.00000000000000000e+00 2.50000000000000000e-01 0
0.00000000000000000e+00 3.12500000000000000e-01 0
6.25000000000000000e-02 3.12500000000000000e-01 0
1.25000000000000000e-01 3.12500000000000000e-01 0
1.87500000000000000e-01 3.12500000000000000e-01 0
2.50000000000000000e-01 3.12500000000000000e-01 0
3.12500000000000000e-01 3.12500000000000000e-01 0
3.75000000000000000e-01 3.12500000000000000e-01 0
4.37500000000000000e-01 3.12500000000000000e-01 0
5.00000000000000000e-01 3.12500000000000000e-01 0
5.62500000000000000e-01 3.12500000000000000e-01 0
6.25000000000000000e-01 3.12500000000000000e-01 0
6.87500000000000000e-01 3.12500000000000000e-01 0
7.50000000000000000e-01 3.12500000000000000e-01 0
8.12500000000000000e-01 3.12500000000000000e-01 0
8.75000000000000000e-01 3.12500000000000000e-01 0
9.37500000000000000e-01 3.12500000000000000e-01 0
1.00000000000000000e+00 3.12500000000000000e-01 0
1.06250000000000000e+00 3.12500000000000000e-01 0
1.12500000000000000e+00 3.12500000000000000e-01 0
1.18750000000000000e+00 3.12500000000000000e-01 0
1.25000000000000000e+00 3.12500000000000000e-01 0
1.31250000000000000e+00 3.12500000000000000e-01 0
1.37500000000000000e+00 3.12500000000000000e-01 0
1.43750000000000000e+00 3.12500000000000000e-01 0
1.50000000000000000e+00 3.12500000000000000e-01 0
1.56250000000000000e+00 3.12500000000000000e-01 0
1.62500000000000000e+00 3.12500000000000000e-01 0
1.68750000000000000e+00 3.12500000000000000e-01 0
1.75000000000000000e+00 3.12500000000000000e-01 0
1.81250000000000000e+00 3.12500000000000000e-01 0
1.87500000000000000e+00 3.12500000000000000e-01 0
1.93750000000000000e+00 3.12500000000000000e-01 0
2.00000000000000000e+00 3.12500000000000000e-01 0
0.00000000000000000e+00 3.75000000000000000e-01 0
6.25000000000000000e-02 3.75000000000000000e-01 0
1.25000000000000000e-01 3.75000000000000000e-01 0
1.87500000000000000e-01 3.75000000000000000e-01 0
2.50000000000000000e-01 3.75000000000000000e-01 0
3.12500000000000000e-01 3.75000000000000000e-01 0
3.75000000000000000e-01 3.75000000000000000e-01 0
4.37500000000000000e-01 3.75000000000000000e-01 0
5.00000000000000000e-01 3.75000000000000000e-01 0
5.62500000000000000e-01 3.75000000000000000e-01 0
6.25000000000000000e-01 3.75000000000000000e-01 0
6.87500000000000000e-01 3.75000000000000000e-01 0
7.50000000000000000e-01 3.75000000000000000e-01 0
8.12500000000000000e-01 3.75000000000000000e-01 0
8.75000000000000000e-01 3.75000000000000000e-01 0
9.37500000000000000e-01 3.75000000000000000e-01 0
1.00000000000000000e+00 3.75000000000000000e-01 0
1.06250000000000000e+00 3.75000000000000000e-01 0
1.12500000000000000e+00 3.75000000000000000e-01 0
1.18750000000000000e+00 3.75000000000000000e-01 0
1.25000000000000000e+00 3.75000000000000000e-01 0
1.31250000000000000e+00 3.75000000000000000e-01 0
1.37500000000000000e+00 3.75000000000000000e-01 0
1.43750000000000000e+00 3.75000000000000000e-01 0
1.50000000000000000e+00 3.75000000000000000e-01 0
1.56250000000000000e+00 3.75000000000000000e-01 0
1.62500000000000000e+00 3.75000000000000000e-01 0
1.68750000000000000e+00 3.75000000000000000e-01 0
1.75000000000000000e+00 3.75000000000000000e-01 0
1.81250000000000000e+00 3.75000000000000000e-01 0
1.87500000000000000e+00 3.75000000000000000e-01 0
1.93750000000000000e+00 3.75000000000000000e-01 0
2.00000000000000000e+00 3.75000000000000000e-01 0
2.00000000000000000e+00 0.00000000000000000e+00 0
2.06250000000000000e+00 0.00000000000000000e+00 0
2.12500000000000000e+00 0.00000000000000000e+00 0
2.18750000000000000e+00 0.00000000000000000e+00 0
2.25000000000000000e+00 0.00000000000000000e+00 0
2.31250000000000000e+00 0.00000000000000000e+00 0
2.37500000000000000e+00 0.00000000000000000e+00 0
2.43750000000000000e+00 0.00000000000000000e+00 0
2.50000000000000000e+00 0.00000000000000000e+00 0
2.00000000000000000e+00 6.25000000000000000e-02 0
2.06250000000000000e+00 6.25000000000000000e-02 0
2.12500000000000000e+00 6.25000000000000000e-02 0
2.18750000000000000e+00 6.25000000000000000e-02 0
2.25000000000000000e+00 6.25000000000000000e-02 0
2.31250000000000000e+00 6.25000000000000000e-02 0
2.37500000000000000e+00 6.25000000000000000e-02 0
2.43750000000000000e+00 6.25000000000000000e-02 0
2.50000000000000000e+00 6.25000000000000000e-02 0
2.00000000000000000e+00 1.25000000000000000e-01 0
2.06250000000000000e+00 1.25000000000000000e-01 0
2.12500000000000000e+00 1.25000000000000000e-01 0
2.18750000000000000e+00 1.25000000000000000e-01 0
2.25000000000000000e+00 1.25000000000000000e-01 0
2.31250000000000000e+00 1.25000000000000000e-01 0
2.37500000000000000e+00 1.25000000000000000e-01 0
2.43750000000000000e+00 1.25000000000000000e-01 0
2.50000000000000000e+00 1.25000000000000000e-01 0
2.00000000000000000e+00 1.87500000000000000e-01 0
2.06250000000000000e+00 1.87500000000000000e-01 0
2.12500000000000000e+00 1.87500000000000000e-01 0
2.18750000000000000e+00 1.87500000000000000e-01 0
2.25000000000000000e+00 1.87500000000000000e-01 0
2.31250000000000000e+00 1.87500000000000000e-01 0
2.37500000000000000e+00 1.87500000000000000e-01 0
2.43750000000000000e+00 1.87500000000000000e-01 0
2.50000000000000000e+00 1.87500000000000000e-01 0
2.00000000000000000e+00 2.50000000000000000e-01 0
2.06250000000000000e+00 2.50000000000000000e-01 0
2.12500000000000000e+00 2.50000000000000000e-01 0
2.18750000000000000e+00 2.50000000000000000e-01 0
2.25000000000000000e+00 2.50000000000000000e-01 0
2.31250000000000000e+00 2.50000000000000000e-01 0
2.37500000000000000e+00 2.50000000000000000e-01 0
2.43750000000000000e+00 2.50000000000000000e-01 0
2.50000000000000000e+00 2.50000000000000000e-01 0
2.00000000000000000e+00 3.12500000000000000e-01 0
2.06250000000000000e+00 3.12500000000000000e-01 0
2.12500000000000000e+00 3.12500000000000000e-01 0
2.18750000000000000e+00 3.12500000000000000e-01 0
2.25000000000000000e+00 3.12500000000000000e-01 0
2.31250000000000000e+00 3.12500000000000000e-01 0
2.37500000000000000e+00 3.12500000000000000e-01 0
2.43750000000000000e+00 3.12500000000000000e-01 0
2.50000000000000000e+00 3.12500000000000000e-01 0
2.00000000000000000e+00 3.75000000000000000e-01 0
2.06250000000000000e+00 3.75000000000000000e-01 0
2.12500000000000000e+00 3.75000000000000000e-01 0
2.18750000000000000e+00 3.75000000000000000e-01 0
2.25000000000000000e+00 3.75000000000000000e-01 0
2.31250000000000000e+00 3.75000000000000000e-01 0
2.37500000000000000e+00 3.75000000000000000e-01 0
2.43750000000000000e+00 3.75000000000000000e-01 0
2.50000000000000000e+00 3.75000000000000000e-01 0
2.50000000000000000e+00 0.00000000000000000e+00 0
2.56250000000000000e+00 0.00000000000000000e+00 0
2.62500000000000000e+00 0.00000000000000000e+00 0
2.68750000000000000e+00 0.00000000000000000e+00 0
2.75000000000000000e+00 0.00000000000000000e+00 0
2.81250000000000000e+00 0.00000000000000000e+00 0
2.87500000000000000e+00 0.00000000000000000e+00 0
2.93750000000000000e+00 0.00000000000000000e+00 0
3.00000000000000000e+00 0.00000000000000000e+00 0
3.06250000000000000e+00 0.00000000000000000e+00 0
3.12500000000000000e+00 0.00000000000000000e+00 0
3.18750000000000000e+00 0.00000000000000000e+00 0
3.25000000000000000e+00 0.00000000000000000e+00 0
3.31250000000000000e+00 0.00000000000000000e+00 0
3.37500000000000000e+00 0.00000000000000000e+00 0
3.43750000000000000e+00 0.00000000000000000e+00 0
3.50000000000000000e+00 0.00000000000000000e+00 0
3.56250000000000000e+00 0.00000000000000000e+00 0
3.62500000000000000e+00 0.00000000000000000e+00 0
3.68750000000000000e+00 0.00000000000000000e+00 0
3.75000000000000000e+00 0.00000000000000000e+00 0
3.81250000000000000e+00 0.00000000000000000e+00 0
3.87500000000000000e+00 0.00000000000000000e+00 0
3.93750000000000000e+00 0.00000000000000000e+00 0
4.00000000000000000e+00 0.00000000000000000e+00 0
4.06250000000000000e+00 0.00000000000000000e+00 0
4.12500000000000000e+00 0.00000000000000000e+00 0
4.18750000000000000e+00 0.00000000000000000e+00 0
4.25000000000000000e+00 0.00000000000000000e+00 0
4.31250000000000000e+00 0.00000000000000000e+00 0
4.37500000000000000e+00 0.00000000000000000e+00 0
4.43750000000000000e+00 0.00000000000000000e+00 0
4.50000000000000000e+00 0.00000000000000000e+00 0
4.56250000000000000e+00 0.00000000000000000e+00 0
4.62500000000000000e+00 0.00000000000000000e+00 0
4.68750000000000000e+00 0.00000000000000000e+00 0
4.75000000000000000e+00 0.00000000000000000e+00 0
4.81250000000000000e+00 0.00000000000000000e+00 0
4.87500000000000000e+00 0.00000000000000000e+00 0
4.93750000000000000e+00 0.00000000000000000e+00 0
5.00000000000000000e+00 0.00000000000000000e+00 0
5.06250000000000000e+00 0.00000000000000000e+00 0
5.12500000000000000e+00 0.00000000000000000e+00 0
5.18750000000000000e+00 0.00000000000000000e+00 0
5.25000000000000000e+00 0.00000000000000000e+00 0
5.31250000000000000e+00 0.00000000000000000e+00 0
5.37500000000000000e+00 0.00000000000000000e+00 0
5.43750000000000000e+00 0.00000000000000000e+00 0
5.50000000000000000e+00 0.00000000000000000e+00 0
5.56250000000000000e+00 0.00000000000000000e+00 0
5.62500000000000000e+00 0.00000000000000000e+00 0
5.68750000000000000e+00 0.00000000000000000e+00 0
5.75000000000000000e+00 0.00000000000000000e+00 0
5.81250000000000000e+00 0.00000000000000000e+00 0
5.87500000000000000e+00 0.00000000000000000e+00 0
5.93750000000000000e+00 0.00000000000000000e+00 0
6.00000000000000000e+00 0.00000000000000000e+00 0
2.50000000000000000e+00 6.25000000000000000e-02 0
2.56250000000000000e+00 6.25000000000000000e-02 0
2.62500000000000000e+00 6.25000000000000000e-02 0
2.68750000000000000e+00 6.25000000000000000e-02 0
2.75000000000000000e+00 6.25000000000000000e-02 0
2.81250000000000000e+00 6.25000000000000000e-02 0
2.87500000000000000e+00 6.25000000000000000e-02 0
2.93750000000000000e+00 6.25000000000000000e-02 0
3.00000000000000000e+00 6.25000000000000000e-02 0
3.06250000000000000e+00 6.25000000000000000e-02 0
3.12500000000000000e+00 6.25000000000000000e-02 0
3.18750000000000000e+00 6.25000000000000000e-02 0
3.25000000000000000e+00 6.25000000000000000e-02 0
3.31250000000000000e+00 6.25000000000000000e-02 0
3.37500000000000000e+00 6.25000000000000000e-02 0
3.43750000000000000e+00 6.25000000000000000e-02 0
3.50000000000000000e+00 6.25000000000000000e-02 0
3.56250000000000000e+00 6.25000000000000000e-02 0
3.62500000000000000e+00 6.25000000000000000e-02 0
3.68750000000000000e+00 6.25000000000000000e-02 0
3.75000000000000000e+00 6.25000000000000000e-02 0
3.81250000000000000e+00 6.25000000000000000e-02 0
3.87500000000000000e+00 6.25000000000000000e-02 0
3.93750000000000000e+00 6.25000000000000000e-02 0
4.00000000000000000e+00 6.25000000000000000e-02 0
4.06250000000000000e+00 6.25000000000000000e-02 0
4.12500000000000000e+00 6.25000000000000000e-02 0
4.18750000000000000e+00 6.25000000000000000e-02 0
4.25000000000000000e+00 6.25000000000000000e-02 0
4.31250000000000000e+00 6.25000000000000000e-02 0
4.37500000000000000e+00 6.25000000000000000e-02 0
4.43750000000000000e+00 6.25000000000000000e-02 0
4.50000000000000000e+00 6.25000000000000000e-02 0
4.56250000000000000e+00 6.25000000000000000e-02 0
4.62500000000000000e+00 6.25000000000000000e-02 0
4.68750000000000000e+00 6.25000000000000000e-02 0
4.75000000000000000e+00 6.25000000000000000e-02 0
4.81250000000000000e+00 6.25000000000000000e-02 0
4.87500000000000000e+00 6.25000000000000000e-02 0
4.93750000000000000e+00 6.25000000000000000e-02 0
5.00000000000000000e+00 6.25000000000000000e-02 0
5.06250000000000000e+00 6.25000000000000000e-02 0
5.12500000000000000e+00 6.25000000000000000e-02 0
5.18750000000000000e+00 6.25000000000000000e-02 0
5.25000000000000000e+00 6.25000000000000000e-02 0
5.31250000000000000e+00 6.25000000000000000e-02 0
5.37500000000000000e+00 6.25000000000000000e-02 0
5.43750000000000000e+00 6.25000000000000000e-02 0
5.50000000000000000e+00 6.25000000000000000e-02 0
5.56250000000000000e+00 6.25000000000000000e-02 0
5.62500000000000000e+00 6.25000000000000000e-02 0
5.68750000000000000e+00 6.25000000000000000e-02 0
5.75000000000000000e+00 6.25000000000000000e-02 0
5.81250000000000000e+00 6.25000000000000000e-02 0
5.87500000000000000e+00 6.25000000000000000e-02 0
5.93750000000000000e+00 6.25000000000000000e-02 0
6.00000000000000000e+00 6.25000000000000000e-02 0
2.50000000000000000e+00 1.25000000000000000e-01 0
2.56250000000000000e+00 1.25000000000000000e-01 0
2.62500000000000000e+00 1.25000000000000000e-01 0
2.68750000000000000e+00 1.25000000000000000e-01 0
2.75000000000000000e+00 1.25000000000000000e-01 0
2.81250000000000000e+00 1.25000000000000000e-01 0
2.87500000000000000e+00 1.25000000000000000e-01 0
2.93750000000000000e+00 1.25000000000000000e-01 0
3.00000000000000000e+00 1.25000000000000000e-01 0
3.06250000000000000e+00 1.25000000000000000e-01 0
3.12500000000000000e+00 1.25000000000000000e-01 0
3.18750000000000000e+00 1.25000000000000000e-01 0
3.25000000000000000e+00 1.25000000000000000e-01 0
3.31250000000000000e+00 1.25000000000000000e-01 0
3.37500000000000000e+00 1.25000000000000000e-01 0
3.43750000000000000e+00 1.25000000000000000e-01 0
3.50000000000000000e+00 1.25000000000000000e-01 0
3.56250000000000000e+00 1.25000000000000000e-01 0
3.62500000000000000e+00 1.25000000000000000e-01 0
3.68750000000000000e+00 1.25000000000000000e-01 0
3.75000000000000000e+00 1.25000000000000000e-01 0
3.81250000000000000e+00 1.25000000000000000e-01 0
3.87500000000000000e+00 1.25000000000000000e-01 0
3.93750000000000000e+00 1.25000000000000000e-01 0
4.00000000000000000e+00 1.25000000000000000e-01 0
4.06250000000000000e+00 1.25000000000000000e-01 0
4.12500000000000000e+00 1.25000000000000000e-01 0
4.18750000000000000e+00 1.25000000000000000e-01 0
4.25000000000000000e+00 1.25000000000000000e-01 0
4.31250000000000000e+00 1.25000000000000000e-01 0
4.37500000000000000e+00 1.25000000000000000e-01 0
4.43750000000000000e+00 1.25000000000000000e-01 0
4.50000000000000000e+00 1.25000000000000000e-01 0
4.56250000000000000e+00 1.25000000000000000e-01 0
4.62500000000000000e+00 1.25000000000000000e-01 0
4.68750000000000000e+00 1.25000000000000000e-01 0
4.75000000000000000e+00 1.25000000000000000e-01 0
4.81250000000000000e+00 1.25000000000000000e-01 0
4.87500000000000000e+00 1.25000000000000000e-01 0
4.93750000000000000e+00 1.25000000000000000e-01 0
5.00000000000000000e+00 1.25000000000000000e-01 0
5.06250000000000000e+00 1.25000000000000000e-01 0
5.12500000000000000e+00 1.25000000000000000e-01 0
5.18750000000000000e+00 1.25000000000000000e-01 0
5.25000000000000000e+00 1.25000000000000000e-01 0
5.31250000000000000e+00 1.25000000000000000e-01 0
5.37500000000000000e+00 1.25000000000000000e-01 0
5.43750000000000000e+00 1.25000000000000000e-01 0
5.50000000000000000e+00 1.25000000000000000e-01 0
5.56250000000000000e+00 1.25000000000000000e-01 0
5.62500000000000000e+00 1.25000000000000000e-01 0
5.68750000000000000e+00 1.25000000000000000e-01 0
5.75000000000000000e+00 1.25000000000000000e-01 0
5.81250000000000000e+00 1.25000000000000000e-01 0
5.87500000000000000e+00 1.25000000000000000e-01 0
5.93750000000000000e+00 1.25000000000000000e-01 0
6.00000000000000000e+00 1.25000000000000000e-01 0
2.50000000000000000e+00 1.87500000000000000e-01 0
2.56250000000000000e+00 1.87500000000000000e-01 0
2.62500000000000000e+00 1.87500000000000000e-01 0
2.68750000000000000e+00 1.87500000000000000e-01 0
2.75000000000000000e+00 1.87500000000000000e-01 0
2.81250000000000000e+00 1.87500000000000000e-01 0
2.87500000000000000e+00 1.87500000000000000e-01 0
2.93750000000000000e+00 1.87500000000000000e-01 0
3.00000000000000000e+00 1.87500000000000000e-01 0
3.06250000000000000e+00 1.87500000000000000e-01 0
3.12500000000000000e+00 1.87500000000000000e-01 0
3.18750000000000000e+00 1.87500000000000000e-01 0
3.25000000000000000e+00 1.87500000000000000e-01 0
3.31250000000000000e+00 1.87500000000000000e-01 0
3.37500000000000000e+00 1.87500000000000000e-01 0
3.43750000000000000e+00 1.87500000000000000e-01 0
3.50000000000000000e+00 1.87500000000000000e-01 0
3.56250000000000000e+00 1.87500000000000000e-01 0
3.62500000000000000e+00 1.87500000000000000e-01 0
3.68750000000000000e+00 1.87500000000000000e-01 0
3.75000000000000000e+00 1.87500000000000000e-01 0
3.81250000000000000e+00 1.87500000000000000e-01 0
3.87500000000000000e+00 1.87500000000000000e-01 0
3.93750000000000000e+00 1.87500000000000000e-01 0
4.00000000000000000e+00 1.87500000000000000e-01 0
4.06250000000000000e+00 1.87500000000000000e-01 0
4.12500000000000000e+00 1.87500000000000000e-01 0
4.18750000000000000e+00 1.87500000000000000e-01 0
4.25000000000000000e+00 1.87500000000000000e-01 0
4.31250000000000000e+00 1.87500000000000000e-01 0
4.37500000000000000e+00 1.87500000000000000e-01 0
4.43750000000000000e+00 1.87500000000000000e-01 0
4.50000000000000000e+00 1.87500000000000000e-01 0
4.56250000000000000e+00 1.87500000000000000e-01 0
4.62500000000000000e+00 1.87500000000000000e-01 0
4.68750000000000000e+00 1.87500000000000000e-01 0
4.75000000000000000e+00 1.87500000000000000e-01 0
4.81250000000000000e+00 1.87500000000000000e-01 0
4.87500000000000000e+00 1.87500000000000000e-01 0
4.93750000000000000e+00 1.87500000000000000e-01 0
5.00000000000000000e+00 1.87500000000000000e-01 0
5.06250000000000000e+00 1.87500000000000000e-01 0
5.12500000000000000e+00 1.87500000000000000e-01 0
5.18750000000000000e+00 1.87500000000000000e-01 0
5.25000000000000000e+00 1.87500000000000000e-01 0
5.31250000000000000e+00 1.87500000000000000e-01 0
5.37500000000000000e+00 1.87500000000000000e-01 0
5.43750000000000000e+00 1.87500000000000000e-01 0
5.50000000000000000e+00 1.87500000000000000e-01 0
5.56250000000000000e+00 1.87500000000000000e-01 0
5.62500000000000000e+00 1.87500000000000000e-01 0
5.68750000000000000e+00 1.87500000000000000e-01 0
5.75000000000000000e+00 1.87500000000000000e-01 0
5.81250000000000000e+00 1.87500000000000000e-01 0
5.87500000000000000e+00 1.87500000000000000e-01 0
5.93750000000000000e+00 1.87500000000000000e-01 0
6.00000000000000000e+00 1.87500000000000000e-01 0
2.50000000000000000e+00 2.50000000000000000e-01 0
2.56250000000000000e+00 2.50000000000000000e-01 0
2.62500000000000000e+00 2.50000000000000000e-01 0
2.68750000000000000e+00 2.50000000000000000e-01 0
2.75000000000000000e+00 2.50000000000000000e-01 0
2.81250000000000000e+00 2.50000000000000000e-01 0
2.87500000000000000e+00 2.50000000000000000e-01 0
2.93750000000000000e+00 2.50000000000000000e-01 0
3.00000000000000000e+00 2.50000000000000000e-01 0
3.06250000000000000e+00 2.50000000000000000e-01 0
3.12500000000000000e+00 2.50000000000000000e-01 0
3.18750000000000000e+00 2.50000000000000000e-01 0
3.25000000000000000e+00 2.50000000000000000e-01 0
3.31250000000000000e+00 2.50000000000000000e-01 0
3.37500000000000000e+00 2.50000000000000000e-01 0
3.43750000000000000e+00 2.50000000000000000e-01 0
3.50000000000000000e+00 2.50000000000000000e-01 0
3.56250000000000000e+00 2.50000000000000000e-01 0
3.62500000000000000e+00 2.50000000000000000e-01 0
3.68750000000000000e+00 2.50000000000000000e-01 0
3.75000000000000000e+00 2.50000000000000000e-01 0
3.81250000000000000e+00 2.50000000000000000e-01 0
3.87500000000000000e+00 2.50000000000000000e-01 0
3.93750000000000000e+00 2.50000000000000000e-01 0
4.00000000000000000e+00 2.50000000000000000e-01 0
4.06250000000000000e+00 2.50000000000000000e-01 0
4.12500000000000000e+00 2.50000000000000000e-01 0
4.18750000000000000e+00 2.50000000000000000e-01 0
4.25000000000000000e+00 2.50000000000000000e-01 0
4.31250000000000000e+00 2.50000000000000000e-01 0
4.37500000000000000e+00 2.50000000000000000e-01 0
4.43750000000000000e+00 2.50000000000000000e-01 0
4.50000000000000000e+00 2.50000000000000000e-01 0
4.56250000000000000e+00 2.50000000000000000e-01 0
4.62500000000000000e+00 2.50000000000000000e-01 0
4.68750000000000000e+00 2.50000000000000000e-01 0
4.75000000000000000e+00 2.50000000000000000e-01 0
4.81250000000000000e+00 2.50000000000000000e-01 0
4.87500000000000000e+00 2.50000000000000000e-01 0
4.93750000000000000e+00 2.50000000000000000e-01 0
5.00000000000000000e+00 2.50000000000000000e-01 0
5.06250000000000000e+00 2.50000000000000000e-01 0
5.12500000000000000e+00 2.50000000000000000e-01 0
5.18750000000000000e+00 2.50000000000000000e-01 0
5.25000000000000000e+00 2.50000000000000000e-01 0
5.31250000000000000e+00 2.50000000000000000e-01 0
5.37500000000000000e+00 2.50000000000000000e-01 0
5.43750000000000000e+00 2.50000000000000000e-01 0
5.50000000000000000e+00 2.50000000000000000e-01 0
5.56250000000000000e+00 2.50000000000000000e-01 0
5.62500000000000000e+00 2.50000000000000000e-01 0
5.68750000000000000e+00 2.50000000000000000e-01 0
5.75000000000000000e+00 2.50000000000000000e-01 0
5.81250000000000000e+00 2.50000000000000000e-01 0
5.87500000000000000e+00 2.50000000000000000e-01 0
5.93750000000000000e+00 2.50000000000000000e-01 0
6.00000000000000000e+00 2.50000000000000000e-01 0
2.50000000000000000e+00 3.12500000000000000e-01 0
2.56250000000000000e+00 3.12500000000000000e-01 0
2.62500000000000000e+00 3.12500000000000000e-01 0
2.68750000000000000e+00 3.12500000000000000e-01 0
2.75000000000000000e+00 3.12500000000000000e-01 0
2.81250000000000000e+00 3.12500000000000000e-01 0
2.87500000000000000e+00 3.12500000000000000e-01 0
2.93750000000000000e+00 3.12500000000000000e-01 0
3.00000000000000000e+00 3.12500000000000000e-01 0
3.06250000000000000e+00 3.12500000000000000e-01 0
3.12500000000000000e+00 3.12500000000000000e-01 0
3.18750000000000000e+00 3.12500000000000000e-01 0
3.25000000000000000e+00 3.12500000000000000e-01 0
3.31250000000000000e+00 3.12500000000000000e-01 0
3.37500000000000000e+00 3.12500000000000000e-01 0
3.43750000000000000e+00 3.12500000000000000e-01 0
3.50000000000000000e+00 3.12500000000000000e-01 0
3.56250000000000000e+00 3.12500000000000000e-01 0
3.62500000000000000e+00 3.12500000000000000e-01 0
3.68750000000000000e+00 3.12500000000000000e-01 0
3.75000000000000000e+00 3.12500000000000000e-01 0
3.81250000000000000e+00 3.12500000000000000e-01 0
3.87500000000000000e+00 3.12500000000000000e-01 0
3.93750000000000000e+00 3.12500000000000000e-01 0
4.00000000000000000e+00 3.12500000000000000e-01 0
4.06250000000000000e+00 3.12500000000000000e-01 0
4.12500000000000000e+00 3.12500000000000000e-01 0
4.18750000000000000e+00 3.12500000000000000e-01 0
4.25000000000000000e+00 3.12500000000000000e-01 0
4.31250000000000000e+00 3.12500000000000000e-01 0
4.37500000000000000e+00 3.12500000000000000e-01 0
4.43750000000000000e+00 3.12500000000000000e-01 0
4.50000000000000000e+00 3.12500000000000000e-01 0
4.56250000000000000e+00 3.12500000000000000e-01 0
4.62500000000000000e+00 3.12500000000000000e-01 0
4.68750000000000000e+00 3.12500000000000000e-01 0
4.75000000000000000e+00 3.12500000000000000e-01 0
4.81250000000000000e+00 3.12500000000000000e-01 0
4.87500000000000000e+00 3.12500000000000000e-01 0
4.93750000000000000e+00 3.12500000000000000e-01 0
5.00000000000000000e+00 3.12500000000000000e-01 0
5.06250000000000000e+00 3.12500000000000000e-01 0
5.12500000000000000e+00 3.12500000000000000e-01 0
5.18750000000000000e+00 3.12500000000000000e-01 0
5.25000000000000000e+00 3.12500000000000000e-01 0
5.31250000000000000e+00 3.12500000000000000e-01 0
5.37500000000000000e+00 3.12500000000000000e-01 0
5.43750000000000000e+00 3.12500000000000000e-01 0
5.50000000000000000e+00 3.12500000000000000e-01 0
5.56250000000000000e+00 3.12500000000000000e-01 0
5.62500000000000000e+00 3.12500000000000000e-01 0
5.68750000000000000e+00 3.12500000000000000e-01 0
5.75000000000000000e+00 3.12500000000000000e-01 0
5.81250000000000000e+00 3.12500000000000000e-01 0
5.87500000000000000e+00 3.12500000000000000e-01 0
5.93750000000000000e+00 3.12500000000000000e-01 0
6.00000000000000000e+00 3.12500000000000000e-01 0
2.50000000000000000e+00 3.75000000000000000e-01 0
2.56250000000000000e+00 3.75000000000000000e-01 0
2.62500000000000000e+00 3.75000000000000000e-01 0
2.68750000000000000e+00 3.75000000000000000e-01 0
2.75000000000000000e+00 3.75000000000000000e-01 0
2.81250000000000000e+00 3.75000000000000000e-01 0
2.87500000000000000e+00 3.75000000000000000e-01 0
2.93750000000000000e+00 3.75000000000000000e-01 0
3.00000000000000000e+00 3.75000000000000000e-01 0
3.06250000000000000e+00 3.75000000000000000e-01 0
3.12500000000000000e+00 3.75000000000000000e-01 0
3.18750000000000000e+00 3.75000000000000000e-01 0
3.25000000000000000e+00 3.75000000000000000e-01 0
3.31250000000000000e+00 3.75000000000000000e-01 0
3.37500000000000000e+00 3.75000000000000000e-01 0
3.43750000000000000e+00 3.75000000000000000e-01 0
3.50000000000000000e+00 3.75000000000000000e-01 0
3.56250000000000000e+00 3.75000000000000000e-01 0
3.62500000000000000e+00 3.75000000000000000e-01 0
3.68750000000000000e+00 3.75000000000000000e-01 0
3.75000000000000000e+00 3.75000000000000000e-01 0
3.81250000000000000e+00 3.75000000000000000e-01 0
3.87500000000000000e+00 3.75000000000000000e-01 0
3.93750000000000000e+00 3.75000000000000000e-01 0
4.00000000000000000e+00 3.75000000000000000e-01 0
4.06250000000000000e+00 3.75000000000000000e-01 0
4.12500000000000000e+00 3.75000000000000000e-01 0
4.18750000000000000e+00 3.75000000000000000e-01 0
4.25000000000000000e+00 3.75000000000000000e-01 0
4.31250000000000000e+00 3.75000000000000000e-01 0
4.37500000000000000e+00 3.75000000000000000e-01 0
4.43750000000000000e+00 3.75000000000000000e-01 0
4.50000000000000000e+00 3.75000000000000000e-01 0
4.56250000000000000e+00 3.75000000000000000e-01 0
4.62500000000000000e+00 3.75000000000000000e-01 0
4.68750000000000000e+00 3.75000000000000000e-01 0
4.75000000000000000e+00 3.75000000000000000e-01 0
4.81250000000000000e+00 3.75000000000000000e-01 0
4.87500000000000000e+00 3.75000000000000000e-01 0
4.93750000000000000e+00 3.75000000000000000e-01 0
5.00000000000000000e+00 3.75000000000000000e-01 0
5.06250000000000000e+00 3.75000000000000000e-01 0
5.12500000000000000e+00 3.75000000000000000e-01 0
5.18750000000000000e+00 3.75000000000000000e-01 0
5.25000000000000000e+00 3.75000000000000000e-01 0
5.31250000000000000e+00 3.75000000000000000e-01 0
5.37500000000000000e+00 3.75000000000000000e-01 0
5.43750000000000000e+00 3.75000000000000000e-01 0
5.50000000000000000e+00 3.75000000000000000e-01 0
5.56250000000000000e+00 3.75000000000000000e-01 0
5.62500000000000000e+00 3.75000000000000000e-01 0
5.68750000000000000e+00 3.75000000000000000e-01 0
5.75000000000000000e+00 3.75000000000000000e-01 0
5.81250000000000000e+00 3.75000000000000000e-01 0
5.87500000000000000e+00 3.75000000000000000e-01 0
5.93750000000000000e+00 3.75000000000000000e-01 0
6.00000000000000000e+00 3.75000000000000000e-01 0
0.00000000000000000e+00 3.75000000000000000e-01 0
6.25000000000000000e-02 3.75000000000000000e-01 0
1.25000000000000000e-01 3.75000000000000000e-01 0
1.87500000000000000e-01 3.75000000000000000e-01 0
2.50000000000000000e-01 3.75000000000000000e-01 0
3.12500000000000000e-01 3.75000000000000000e-01 0
3.75000000000000000e-01 3.75000000000000000e-01 0
4.37500000000000000e-01 3.75000000000000000e-01 0
5.00000000000000000e-01 3.75000000000000000e-01 0
5.62500000000000000e-01 3.75000000000000000e-01 0
6.25000000000000000e-01 3.75000000000000000e-01 0
6.87500000000000000e-01 3.75000000000000000e-01 0
7.50000000000000000e-01 3.75000000000000000e-01 0
8.12500000000000000e-01 3.75000000000000000e-01 0
8.75000000000000000e-01 3.75000000000000000e-01 0
9.37500000000000000e-01 3.75000000000000000e-01 0
1.00000000000000000e+00 3.75000000000000000e-01 0
1.06250000000000000e+00 3.75000000000000000e-01 0
1.12500000000000000e+00 3.75000000000000000e-01 0
1.18750000000000000e+00 3.75000000000000000e-01 0
1.25000000000000000e+00 3.75000000000000000e-01 0
1.31250000000000000e+00 3.75000000000000000e-01 0
1.37500000000000000e+00 3.75000000000000000e-01 0
1.43750000000000000e+00 3.75000000000000000e-01 0
1.50000000000000000e+00 3.75000000000000000e-01 0
1.56250000000000000e+00 3.75000000000000000e-01 0
1.62500000000000000e+00 3.75000000000000000e-01 0
1.68750000000000000e+00 3.75000000000000000e-01 0
1.75000000000000000e+00 3.75000000000000000e-01 0
1.81250000000000000e+00 3.75000000000000000e-01 0
1.87500000000000000e+00 3.75000000000000000e-01 0
1.93750000000000000e+00 3.75000000000000000e-01 0
2.00000000000000000e+00 3.75000000000000000e-01 0
0.00000000000000000e+00 4.37500000000000000e-01 0
6.25000000000000000e-02 4.37500000000000000e-01 0
1.25000000000000000e-01 4.37500000000000000e-01 0
1.87500000000000000e-01 4.37500000000000000e-01 0
2.50000000000000000e-01 4.37500000000000000e-01 0
3.12500000000000000e-01 4.37500000000000000e-01 0
3.75000000000000000e-01 4.37500000000000000e-01 0
4.37500000000000000e-01 4.37500000000000000e-01 0
5.00000000000000000e-01 4.37500000000000000e-01 0
5.62500000000000000e-01 4.37500000000000000e-01 0
6.25000000000000000e-01 4.37500000000000000e-01 0
6.87500000000000000e-01 4.37500000000000000e-01 0
7.50000000000000000e-01 4.37500000000000000e-01 0
8.12500000000000000e-01 4.37500000000000000e-01 0
8.75000000000000000e-01 4.37500000000000000e-01 0
9.37500000000000000e-01 4.37500000000000000e-01 0
1.00000000000000000e+00 4.37500000000000000e-01 0
1.06250000000000000e+00 4.37500000000000000e-01 0
1.12500000000000000e+00 4.37500000000000000e-01 0
1.18750000000000000e+00 4.37500000000000000e-01 0
1.25000000000000000e+00 4.37500000000000000e-01 0
1.31250000000000000e+00 4.37500000000000000e-01 0
1.37500000000000000e+00 4.37500000000000000e-01 0
1.43750000000000000e+00 4.37500000000000000e-01 0
1.50000000000000000e+00 4.37500000000000000e-01 0
1.56250000000000000e+00 4.37500000000000000e-01 0
1.62500000000000000e+00 4.37500000000000000e-01 0
1.68750000000000000e+00 4.37500000000000000e-01 0
1.75000000000000000e+00 4.37500000000000000e-01 0
1.81250000000000000e+00 4.37500000000000000e-01 0
1.87500000000000000e+00 4.37500000000000000e-01 0
1.93750000000000000e+00 4.37500000000000000e-01 0
2.00000000000000000e+00 4.37500000000000000e-01 0
0.00000000000000000e+00 5.00000000000000000e-01 0
6.25000000000000000e-02 5.00000000000000000e-01 0
1.25000000000000000e-01 5.00000000000000000e-01 0
1.87500000000000000e-01 5.00000000000000000e-01 0
2.50000000000000000e-01 5.00000000000000000e-01 0
3.12500000000000000e-01 5.00000000000000000e-01 0
3.75000000000000000e-01 5.00000000000000000e-01 0
4.37500000000000000e-01 5.00000000000000000e-01 0
5.00000000000000000e-01 5.00000000000000000e-01 0
5.62500000000000000e-01 5.00000000000000000e-01 0
6.25000000000000000e-01 5.00000000000000000e-01 0
6.87500000000000000e-01 5.00000000000000000e-01 0
7.50000000000000000e-01 5.00000000000000000e-01 0
8.12500000000000000e-01 5.00000000000000000e-01 0
8.75000000000000000e-01 5.00000000000000000e-01 0
9.37500000000000000e-01 5.00000000000000000e-01 0
1.00000000000000000e+00 5.00000000000000000e-01 0
1.06250000000000000e+00 5.00000000000000000e-01 0
1.12500000000000000e+00 5.00000000000000000e-01 0
1.18750000000000000e+00 5.00000000000000000e-01 0
1.25000000000000000e+00 5.00000000000000000e-01 0
1.31250000000000000e+00 5.00000000000000000e-01 0
1.37500000000000000e+00 5.00000000000000000e-01 0
1.43750000000000000e+00 5.00000000000000000e-01 0
1.50000000000000000e+00 5.00000000000000000e-01 0
1.56250000000000000e+00 5.00000000000000000e-01 0
1.62500000000000000e+00 5.00000000000000000e-01 0
1.68750000000000000e+00 5.00000000000000000e-01 0
1.75000000000000000e+00 5.00000000000000000e-01 0
1.81250000000000000e+00 5.00000000000000000e-01 0
1.87500000000000000e+00 5.00000000000000000e-01 0
1.93750000000000000e+00 5.00000000000000000e-01 0
2.00000000000000000e+00 5.00000000000000000e-01 0
0.00000000000000000e+00 5.62500000000000000e-01 0
6.25000000000000000e-02 5.62500000000000000e-01 0
1.25000000000000000e-01 5.62500000000000000e-01 0
1.87500000000000000e-01 5.62500000000000000e-01 0
2.50000000000000000e-01 5.62500000000000000e-01 0
3.12500000000000000e-01 5.62500000000000000e-01 0
3.75000000000000000e-01 5.62500000000000000e-01 0
4.37500000000000000e-01 5.62500000000000000e-01 0
5.00000000000000000e-01 5.62500000000000000e-01 0
5.62500000000000000e-01 5.62500000000000000e-01 0
6.25000000000000000e-01 5.62500000000000000e-01 0
6.87500000000000000e-01 5.62500000000000000e-01 0
7.50000000000000000e-01 5.62500000000000000e-01 0
8.12500000000000000e-01 5.62500000000000000e-01 0
8.75000000000000000e-01 5.62500000000000000e-01 0
9.37500000000000000e-01 5.62500000000000000e-01 0
1.00000000000000000e+00 5.62500000000000000e-01 0
1.06250000000000000e+00 5.62500000000000000e-01 0
1.12500000000000000e+00 5.62500000000000000e-01 0
1.18750000000000000e+00 5.62500000000000000e-01 0
1.25000000000000000e+00 5.62500000000000000e-01 0
1.31250000000000000e+00 5.62500000000000000e-01 0
1.37500000000000000e+00 5.62500000000000000e-01 0
1.43750000000000000e+00 5.62500000000000000e-01 0
1.50000000000000000e+00 5.62500000000000000e-01 0
1.56250000000000000e+00 5.62500000000000000e-01 0
1.62500000000000000e+00 5.62500000000000000e-01 0
1.68750000000000000e+00 5.62500000000000000e-01 0
1.75000000000000000e+00 5.62500000000000000e-01 0
1.81250000000000000e+00 5.62500000000000000e-01 0
1.87500000000000000e+00 5.62500000000000000e-01 0
1.93750000000000000e+00 5.62500000000000000e-01 0
2.00000000000000000e+00 5.62500000000000000e-01 0
0.00000000000000000e+00 6.25000000000000000e-01 0
6.25000000000000000e-02 6.25000000000000000e-01 0
1.25000000000000000e-01 6.25000000000000000e-01 0
1.87500000000000000e-01 6.25000000000000000e-01 0
2.50000000000000000e-01 6.25000000000000000e-01 0
3.12500000000000000e-01 6.25000000000000000e-01 0
3.75000000000000000e-01 6.25000000000000000e-01 0
4.37500000000000000e-01 6.25000000000000000e-01 0
5.00000000000000000e-01 6.25000000000000000e-01 0
5.62500000000000000e-01 6.25000000000000000e-01 0
6.25000000000000000e-01 6.25000000000000000e-01 0
6.87500000000000000e-01 6.25000000000000000e-01 0
7.50000000000000000e-01 6.25000000000000000e-01 0
8.12500000000000000e-01 6.25000000000000000e-01 0
8.75000000000000000e-01 6.25000000000000000e-01 0
9.37500000000000000e-01 6.25000000000000000e-01 0
1.00000000000000000e+00 6.25000000000000000e-01 0
1.06250000000000000e+00 6.25000000000000000e-01 0
1.12500000000000000e+00 6.25000000000000000e-01 0
1.18750000000000000e+00 6.25000000000000000e-01 0
1.25000000000000000e+00 6.25000000000000000e-01 0
1.31250000000000000e+00 6.25000000000000000e-01 0
1.37500000000000000e+00 6.25000000000000000e-01 0
1.43750000000000000e+00 6.25000000000000000e-01 0
1.50000000000000000e+00 6.25000000000000000e-01 0
1.56250000000000000e+00 6.25000000000000000e-01 0
1.62500000000000000e+00 6.25000000000000000e-01 0
1.68750000000000000e+00 6.25000000000000000e-01 0
1.75000000000000000e+00 6.25000000000000000e-01 0
1.81250000000000000e+00 6.25000000000000000e-01 0
1.87500000000000000e+00 6.25000000000000000e-01 0
1.93750000000000000e+00 6.25000000000000000e-01 0
2.00000000000000000e+00 6.25000000000000000e-01 0
2.50000000000000000e+00 3.75000000000000000e-01 0
2.56250000000000000e+00 3.75000000000000000e-01 0
2.62500000000000000e+00 3.75000000000000000e-01 0
2.68750000000000000e+00 3.75000000000000000e-01 0
2.75000000000000000e+00 3.75000000000000000e-01 0
2.81250000000000000e+00 3.75000000000000000e-01 0
2.87500000000000000e+00 3.75000000000000000e-01 0
2.93750000000000000e+00 3.75000000000000000e-01 0
3.00000000000000000e+00 3.75000000000000000e-01 0
3.06250000000000000e+00 3.75000000000000000e-01 0
3.12500000000000000e+00 3.75000000000000000e-01 0
3.18750000000000000e+00 3.75000000000000000e-01 0
3.25000000000000000e+00 3.75000000000000000e-01 0
3.31250000000000000e+00 3.75000000000000000e-01 0
3.37500000000000000e+00 3.75000000000000000e-01 0
3.43750000000000000e+00 3.75000000000000000e-01 0
3.50000000000000000e+00 3.75000000000000000e-01 0
3.56250000000000000e+00 3.75000000000000000e-01 0
3.62500000000000000e+00 3.75000000000000000e-01 0
3.68750000000000000e+00 3.75000000000000000e-01 0
3.75000000000000000e+00 3.75000000000000000e-01 0
3.81250000000000000e+00 3.75000000000000000e-01 0
3.87500000000000000e+00 3.75000000000000000e-01 0
3.93750000000000000e+00 3.75000000000000000e-01 0
4.00000000000000000e+00 3.75000000000000000e-01 0
4.06250000000000000e+00 3.75000000000000000e-01 0
4.12500000000000000e+00 3.75000000000000000e-01 0
4.18750000000000000e+00 3.75000000000000000e-01 0
4.25000000000000000e+00 3.75000000000000000e-01 0
4.31250000000000000e+00 3.75000000000000000e-01 0
4.37500000000000000e+00 3.75000000000000000e-01 0
4.43750000000000000e+00 3.75000000000000000e-01 0
4.50000000000000000e+00 3.75000000000000000e-01 0
4.56250000000000000e+00 3.75000000000000000e-01 0
4.62500000000000000e+00 3.75000000000000000e-01 0
4.68750000000000000e+00 3.75000000000000000e-01 0
4.75000000000000000e+00 3.75000000000000000e-01 0
4.81250000000000000e+00 3.75000000000000000e-01 0
4.87500000000000000e+00 3.75000000000000000e-01 0
4.93750000000000000e+00 3.75000000000000000e-01 0
5.00000000000000000e+00 3.75000000000000000e-01 0
5.06250000000000000e+00 3.75000000000000000e-01 0
5.12500000000000000e+00 3.75000000000000000e-01 0
5.18750000000000000e+00 3.75000000000000000e-01 0
5.25000000000000000e+00 3.75000000000000000e-01 0
5.31250000000000000e+00 3.75000000000000000e-01 0
5.37500000000000000e+00 3.75000000000000000e-01 0
5.43750000000000000e+00 3.75000000000000000e-01 0
5.50000000000000000e+00 3.75000000000000000e-01 0
5.56250000000000000e+00 3.75000000000000000e-01 0
5.62500000000000000e+00 3.75000000000000000e-01 0
5.68750000000000000e+00 3.75000000000000000e-01 0
5.75000000000000000e+00 3.75000000000000000e-01 0
5.81250000000000000e+00 3.75000000000000000e-01 0
5.87500000000000000e+00 3.75000000000000000e-01 0
5.93750000000000000e+00 3.75000000000000000e-01 0
6.00000000000000000e+00 3.75000000000000000e-01 0
2.50000000000000000e+00 4.37500000000000000e-01 0
2.56250000000000000e+00 4.37500000000000000e-01 0
2.62500000000000000e+00 4.37500000000000000e-01 0
2.68750000000000000e+00 4.37500000000000000e-01 0
2.75000000000000000e+00 4.37500000000000000e-01 0
2.81250000000000000e+00 4.37500000000000000e-01 0
2.87500000000000000e+00 4.37500000000000000e-01 0
2.93750000000000000e+00 4.37500000000000000e-01 0
3.00000000000000000e+00 4.37500000000000000e-01 0
3.06250000000000000e+00 4.37500000000000000e-01 0
3.12500000000000000e+00 4.37500000000000000e-01 0
3.18750000000000000e+00 4.37500000000000000e-01 0
3.25000000000000000e+00 4.37500000000000000e-01 0
3.31250000000000000e+00 4.37500000000000000e-01 0
3.37500000000000000e+00 4.37500000000000000e-01 0
3.43750000000000000e+00 4.37500000000000000e-01 0
3.50000000000000000e+00 4.37500000000000000e-01 0
3.56250000000000000e+00 4.37500000000000000e-01 0
3.62500000000000000e+00 4.37500000000000000e-01 0
3.68750000000000000e+00 4.37500000000000000e-01 0
3.75000000000000000e+00 4.37500000000000000e-01 0
3.81250000000000000e+00 4.37500000000000000e-01 0
3.87500000000000000e+00 4.37500000000000000e-01 0
3.93750000000000000e+00 4.37500000000000000e-01 0
4.00000000000000000e+00 4.37500000000000000e-01 0
4.06250000000000000e+00 4.37500000000000000e-01 0
4.12500000000000000e+00 4.37500000000000000e-01 0
4.18750000000000000e+00 4.37500000000000000e-01 0
4.25000000000000000e+00 4.37500000000000000e-01 0
4.31250000000000000e+00 4.37500000000000000e-01 0
4.37500000000000000e+00 4.37500000000000000e-01 0
4.43750000000000000e+00 4.37500000000000000e-01 0
4.50000000000000000e+00 4.37500000000000000e-01 0
4.56250000000000000e+00 4.37500000000000000e-01 0
4.62500000000000000e+00 4.37500000000000000e-01 0
4.68750000000000000e+00 4.37500000000000000e-01 0
4.75000000000000000e+00 4.37500000000000000e-01 0
4.81250000000000000e+00 4.37500000000000000e-01 0
4.87500000000000000e+00 4.37500000000000000e-01 0
4.93750000000000000e+00 4.37500000000000000e-01 0
5.00000000000000000e+00 4.37500000000000000e-01 0
5.06250000000000000e+00 4.37500000000000000e-01 0
5.12500000000000000e+00 4.37500000000000000e-01 0
5.18750000000000000e+00 4.37500000000000000e-01 0
5.25000000000000000e+00 4.37500000000000000e-01 0
5.31250000000000000e+00 4.37500000000000000e-01 0
5.37500000000000000e+00 4.37500000000000000e-01 0
5.43750000000000000e+00 4.37500000000000000e-01 0
5.50000000000000000e+00 4.37500000000000000e-01 0
5.56250000000000000e+00 4.37500000000000000e-01 0
5.62500000000000000e+00 4.37500000000000000e-01 0
5.68750000000000000e+00 4.37500000000000000e-01 0
5.75000000000000000e+00 4.37500000000000000e-01 0
5.81250000000000000e+00 4.37500000000000000e-01 0
5.87500000000000000e+00 4.37500000000000000e-01 0
5.93750000000000000e+00 4.37500000000000000e-01 0
6.00000000000000000e+00 4.37500000000000000e-01 0
2.50000000000000000e+00 5.00000000000000000e-01 0
2.56250000000000000e+00 5.00000000000000000e-01 0
2.62500000000000000e+00 5.00000000000000000e-01 0
2.68750000000000000e+00 5.00000000000000000e-01 0
2.75000000000000000e+00 5.00000000000000000e-01 0
2.81250000000000000e+00 5.00000000000000000e-01 0
2.87500000000000000e+00 5.00000000000000000e-01 0
2.93750000000000000e+00 5.00000000000000000e-01 0
3.00000000000000000e+00 5.00000000000000000e-01 0
3.06250000000000000e+00 5.00000000000000000e-01 0
3.12500000000000000e+00 5.00000000000000000e-01 0
3.18750000000000000e+00 5.00000000000000000e-01 0
3.25000000000000000e+00 5.00000000000000000e-01 0
3.31250000000000000e+00 5.00000000000000000e-01 0
3.37500000000000000e+00 5.00000000000000000e-01 0
3.43750000000000000e+00 5.00000000000000000e-01 0
3.50000000000000000e+00 5.00000000000000000e-01 0
3.56250000000000000e+00 5.00000000000000000e-01 0
3.62500000000000000e+00 5.00000000000000000e-01 0
3.68750000000000000e+00 5.00000000000000000e-01 0
3.75000000000000000e+00 5.00000000000000000e-01 0
3.81250000000000000e+00 5.00000000000000000e-01 0
3.87500000000000000e+00 5.00000000000000000e-01 0
3.93750000000000000e+00 5.00000000000000000e-01 0
4.00000000000000000e+00 5.00000000000000000e-01 0
4.06250000000000000e+00 5.00000000000000000e-01 0
4.12500000000000000e+00 5.00000000000000000e-01 0
4.18750000000000000e+00 5.00000000000000000e-01 0
4.25000000000000000e+00 5.00000000000000000e-01 0
4.31250000000000000e+00 5.00000000000000000e-01 0
4.37500000000000000e+00 5.00000000000000000e-01 0
4.43750000000000000e+00 5.00000000000000000e-01 0
4.50000000000000000e+00 5.00000000000000000e-01 0
4.56250000000000000e+00 5.00000000000000000e-01 0
4.62500000000000000e+00 5.00000000000000000e-01 0
4.68750000000000000e+00 5.00000000000000000e-01 0
4.75000000000000000e+00 5.00000000000000000e-01 0
4.81250000000000000e+00 5.00000000000000000e-01 0
4.87500000000000000e+00 5.00000000000000000e-01 0
4.93750000000000000e+00 5.00000000000000000e-01 0
5.00000000000000000e+00 5.00000000000000000e-01 0
5.06250000000000000e+00 5.00000000000000000e-01 0
5.12500000000000000e+00 5.00000000000000000e-01 0
5.18750000000000000e+00 5.00000000000000000e-01 0
5.25000000000000000e+00 5.00000000000000000e-01 0
5.31250000000000000e+00 5.00000000000000000e-01 0
5.37500000000000000e+00 5.00000000000000000e-01 0
5.43750000000000000e+00 5.00000000000000000e-01 0
5.50000000000000000e+00 5.00000000000000000e-01 0
5.56250000000000000e+00 5.00000000000000000e-01 0
5.62500000000000000e+00 5.00000000000000000e-01 0
5.68750000000000000e+00 5.00000000000000000e-01 0
5.75000000000000000e+00 5.00000000000000000e-01 0
5.81250000000000000e+00 5.00000000000000000e-01 0
5.87500000000000000e+00 5.00000000000000000e-01 0
5.93750000000000000e+00 5.00000000000000000e-01 0
6.00000000000000000e+00 5.00000000000000000e-01 0
2.50000000000000000e+00 5.62500000000000000e-01 0
2.56250000000000000e+00 5.62500000000000000e-01 0
2.62500000000000000e+00 5.62500000000000000e-01 0
2.68750000000000000e+00 5.62500000000000000e-01 0
2.75000000000000000e+00 5.62500000000000000e-01 0
2.81250000000000000e+00 5.62500000000000000e-01 0
2.87500000000000000e+00 5.62500000000000000e-01 0
2.93750000000000000e+00 5.62500000000000000e-01 0
3.00000000000000000e+00 5.62500000000000000e-01 0
3.06250000000000000e+00 5.62500000000000000e-01 0
3.12500000000000000e+00 5.62500000000000000e-01 0
3.18750000000000000e+00 5.62500000000000000e-01 0
3.25000000000000000e+00 5.62500000000000000e-01 0
3.31250000000000000e+00 5.62500000000000000e-01 0
3.37500000000000000e+00 5.62500000000000000e-01 0
3.43750000000000000e+00 5.62500000000000000e-01 0
3.50000000000000000e+00 5.62500000000000000e-01 0
3.56250000000000000e+00 5.62500000000000000e-01 0
3.62500000000000000e+00 5.62500000000000000e-01 0
3.68750000000000000e+00 5.62500000000000000e-01 0
3.75000000000000000e+00 5.62500000000000000e-01 0
3.81250000000000000e+00 5.62500000000000000e-01 0
3.87500000000000000e+00 5.62500000000000000e-01 0
3.93750000000000000e+00 5.62500000000000000e-01 0
4.00000000000000000e+00 5.62500000000000000e-01 0
4.06250000000000000e+00 5.62500000000000000e-01 0
4.12500000000000000e+00 5.62500000000000000e-01 0
4.18750000000000000e+00 5.62500000000000000e-01 0
4.25000000000000000e+00 5.62500000000000000e-01 0
4.31250000000000000e+00 5.62500000000000000e-01 0
4.37500000000000000e+00 5.62500000000000000e-01 0
4.43750000000000000e+00 5.62500000000000000e-01 0
4.50000000000000000e+00 5.62500000000000000e-01 0
4.56250000000000000e+00 5.62500000000000000e-01 0
4.62500000000000000e+00 5.62500000000000000e-01 0
4.68750000000000000e+00 5.62500000000000000e-01 0
4.75000000000000000e+00 5.62500000000000000e-01 0
4.81250000000000000e+00 5.62500000000000000e-01 0
4.87500000000000000e+00 5.62500000000000000e-01 0
4.93750000000000000e+00 5.62500000000000000e-01 0
5.00000000000000000e+00 5.62500000000000000e-01 0
5.06250000000000000e+00 5.62500000000000000e-01 0
5.12500000000000000e+00 5.62500000000000000e-01 0
5.18750000000000000e+00 5.62500000000000000e-01 0
5.25000000000000000e+00 5.62500000000000000e-01 0
5.31250000000000000e+00 5.62500000000000000e-01 0
5.37500000000000000e+00 5.62500000000000000e-01 0
5.43750000000000000e+00 5.62500000000000000e-01 0
5.50000000000000000e+00 5.62500000000000000e-01 0
5.56250000000000000e+00 5.62500000000000000e-01 0
5.62500000000000000e+00 5.62500000000000000e-01 0
5.68750000000000000e+00 5.62500000000000000e-01 0
5.75000000000000000e+00 5.62500000000000000e-01 0
5.81250000000000000e+00 5.62500000000000000e-01 0
5.87500000000000000e+00 5.62500000000000000e-01 0
5.93750000000000000e+00 5.62500000000000000e-01 0
6.00000000000000000e+00 5.62500000000000000e-01 0
2.50000000000000000e+00 6.25000000000000000e-01 0
2.56250000000000000e+00 6.25000000000000000e-01 0
2.62500000000000000e+00 6.25000000000000000e-01 0
2.68750000000000000e+00 6.25000000000000000e-01 0
2.75000000000000000e+00 6.25000000000000000e-01 0
2.81250000000000000e+00 6.25000000000000000e-01 0
2.87500000000000000e+00 6.25000000000000000e-01 0
2.93750000000000000e+00 6.25000000000000000e-01 0
3.00000000000000000e+00 6.25000000000000000e-01 0
3.06250000000000000e+00 6.25000000000000000e-01 0
3.12500000000000000e+00 6.25000000000000000e-01 0
3.18750000000000000e+00 6.25000000000000000e-01 0
3.25000000000000000e+00 6.25000000000000000e-01 0
3.31250000000000000e+00 6.25000000000000000e-01 0
3.37500000000000000e+00 6.25000000000000000e-01 0
3.43750000000000000e+00 6.25000000000000000e-01 0
3.50000000000000000e+00 6.25000000000000000e-01 0
3.56250000000000000e+00 6.25000000000000000e-01 0
3.62500000000000000e+00 6.25000000000000000e-01 0
3.68750000000000000e+00 6.25000000000000000e-01 0
3.75000000000000000e+00 6.25000000000000000e-01 0
3.81250000000000000e+00 6.25000000000000000e-01 0
3.87500000000000000e+00 6.25000000000000000e-01 0
3.93750000000000000e+00 6.25000000000000000e-01 0
4.00000000000000000e+00 6.25000000000000000e-01 0
4.06250000000000000e+00 6.25000000000000000e-01 0
4.12500000000000000e+00 6.25000000000000000e-01 0
4.18750000000000000e+00 6.25000000000000000e-01 0
4.25000000000000000e+00 6.25000000000000000e-01 0
4.31250000000000000e+00 6.25000000000000000e-01 0
4.37500000000000000e+00 6.25000000000000000e-01 0
4.43750000000000000e+00 6.25000000000000000e-01 0
4.50000000000000000e+00 6.25000000000000000e-01 0
4.56250000000000000e+00 6.25000000000000000e-01 0
4.62500000000000000e+00 6.25000000000000000e-01 0
4.68750000000000000e+00 6.25000000000000000e-01 0
4.75000000000000000e+00 6.25000000000000000e-01 0
4.81250000000000000e+00 6.25000000000000000e-01 0
4.87500000000000000e+00 6.25000000000000000e-01 0
4.93750000000000000e+00 6.25000000000000000e-01 0
5.00000000000000000e+00 6.25000000000000000e-01 0
5.06250000000000000e+00 6.25000000000000000e-01 0
5.12500000000000000e+00 6.25000000000000000e-01 0
5.18750000000000000e+00 6.25000000000000000e-01 0
5.25000000000000000e+00 6.25000000000000000e-01 0
5.31250000000000000e+00 6.25000000000000000e-01 0
5.37500000000000000e+00 6.25000000000000000e-01 0
5.43750000000000000e+00 6.25000000000000000e-01 0
5.50000000000000000e+00 6.25000000000000000e-01 0
5.56250000000000000e+00 6.25000000000000000e-01 0
5.62500000000000000e+00 6.25000000000000000e-01 0
5.68750000000000000e+00 6.25000000000000000e-01 0
5.75000000000000000e+00 6.25000000000000000e-01 0
5.81250000000000000e+00 6.25000000000000000e-01 0
5.87500000000000000e+00 6.25000000000000000e-01 0
5.93750000000000000e+00 6.25000000000000000e-01 0
6.00000000000000000e+00 6.25000000000000000e-01 0
0.00000000000000000e+00 6.25000000000000000e-01 0
6.25000000000000000e-02 6.25000000000000000e-01 0
1.25000000000000000e-01 6.25000000000000000e-01 0
1.87500000000000000e-01 6.25000000000000000e-01 0
2.50000000000000000e-01 6.25000000000000000e-01 0
3.12500000000000000e-01 6.25000000000000000e-01 0
3.75000000000000000e-01 6.25000000000000000e-01 0
4.37500000000000000e-01 6.25000000000000000e-01 0
5.00000000000000000e-01 6.25000000000000000e-01 0
5.62500000000000000e-01 6.25000000000000000e-01 0
6.25000000000000000e-01 6.25000000000000000e-01 0
6.87500000000000000e-01 6.25000000000000000e-01 0
7.50000000000000000e-01 6.25000000000000000e-01 0
8.12500000000000000e-01 6.25000000000000000e-01 0
8.75000000000000000e-01 6.25000000000000000e-01 0
9.37500000000000000e-01 6.25000000000000000e-01 0
1.00000000000000000e+00 6.25000000000000000e-01 0
1.06250000000000000e+00 6.25000000000000000e-01 0
1.12500000000000000e+00 6.25000000000000000e-01 0
1.18750000000000000e+00 6.25000000000000000e-01 0
1.25000000000000000e+00 6.25000000000000000e-01 0
1.31250000000000000e+00 6.25000000000000000e-01 0
1.37500000000000000e+00 6.25000000000000000e-01 0
1.43750000000000000e+00 6.25000000000000000e-01 0
1.50000000000000000e+00 6.25000000000000000e-01 0
1.56250000000000000e+00 6.25000000000000000e-01 0
1.62500000000000000e+00 6.25000000000000000e-01 0
1.68750000000000000e+00 6.25000000000000000e-01 0
1.75000000000000000e+00 6.25000000000000000e-01 0
1.81250000000000000e+00 6.25000000000000000e-01 0
1.87500000000000000e+00 6.25000000000000000e-01 0
1.93750000000000000e+00 6.25000000000000000e-01 0
2.00000000000000000e+00 6.25000000000000000e-01 0
0.00000000000000000e+00 6.87500000000000000e-01 0
6.25000000000000000e-02 6.87500000000000000e-01 0
1.25000000000000000e-01 6.87500000000000000e-01 0
1.87500000000000000e-01 6.87500000000000000e-01 0
2.50000000000000000e-01 6.87500000000000000e-01 0
3.12500000000000000e-01 6.87500000000000000e-01 0
3.75000000000000000e-01 6.87500000000000000e-01 0
4.37500000000000000e-01 6.87500000000000000e-01 0
5.00000000000000000e-01 6.87500000000000000e-01 0
5.62500000000000000e-01 6.87500000000000000e-01 0
6.25000000000000000e-01 6.87500000000000000e-01 0
6.87500000000000000e-01 6.87500000000000000e-01 0
7.50000000000000000e-01 6.87500000000000000e-01 0
8.12500000000000000e-01 6.87500000000000000e-01 0
8.75000000000000000e-01 6.87500000000000000e-01 0
9.37500000000000000e-01 6.87500000000000000e-01 0
1.00000000000000000e+00 6.87500000000000000e-01 0
1.06250000000000000e+00 6.87500000000000000e-01 0
1.12500000000000000e+00 6.87500000000000000e-01 0
1.18750000000000000e+00 6.87500000000000000e-01 0
1.25000000000000000e+00 6.87500000000000000e-01 0
1.31250000000000000e+00 6.87500000000000000e-01 0
1.37500000000000000e+00 6.87500000000000000e-01 0
1.43750000000000000e+00 6.87500000000000000e-01 0
1.50000000000000000e+00 6.87500000000000000e-01 0
1.56250000000000000e+00 6.87500000000000000e-01 0
1.62500000000000000e+00 6.87500000000000000e-01 0
1.68750000000000000e+00 6.87500000000000000e-01 0
1.75000000000000000e+00 6.87500000000000000e-01 0
1.81250000000000000e+00 6.87500000000000000e-01 0
1.87500000000000000e+00 6.87500000000000000e-01 0
1.93750000000000000e+00 6.87500000000000000e-01 0
2.00000000000000000e+00 6.87500000000000000e-01 0
0.00000000000000000e+00 7.50000000000000000e-01 0
6.25000000000000000e-02 7.50000000000000000e-01 0
1.25000000000000000e-01 7.50000000000000000e-01 0
1.87500000000000000e-01 7.50000000000000000e-01 0
2.50000000000000000e-01 7.50000000000000000e-01 0
3.12500000000000000e-01 7.50000000000000000e-01 0
3.75000000000000000e-01 7.50000000000000000e-01 0
4.37500000000000000e-01 7.50000000000000000e-01 0
5.00000000000000000e-01 7.50000000000000000e-01 0
5.62500000000000000e-01 7.50000000000000000e-01 0
6.25000000000000000e-01 7.50000000000000000e-01 0
6.87500000000000000e-01 7.50000000000000000e-01 0
7.50000000000000000e-01 7.50000000000000000e-01 0
8.12500000000000000e-01 7.50000000000000000e-01 0
8.75000000000000000e-01 7.50000000000000000e-01 0
9.37500000000000000e-01 7.50000000000000000e-01 0
1.00000000000000000e+00 7.50000000000000000e-01 0
1.06250000000000000e+00 7.50000000000000000e-01 0
1.12500000000000000e+00 7.50000000000000000e-01 0
1.18750000000000000e+00 7.50000000000000000e-01 0
1.25000000000000000e+00 7.50000000000000000e-01 0
1.31250000000000000e+00 7.50000000000000000e-01 0
1.37500000000000000e+00 7.50000000000000000e-01 0
1.43750000000000000e+00 7.50000000000000000e-01 0
1.50000000000000000e+00 7.50000000000000000e-01 0
1.56250000000000000e+00 7.50000000000000000e-01 0
1.62500000000000000e+00 7.50000000000000000e-01 0
1.68750000000000000e+00 7.50000000000000000e-01 0
1.75000000000000000e+00 7.50000000000000000e-01 0
1.81250000000000000e+00 7.50000000000000000e-01 0
1.87500000000000000e+00 7.50000000000000000e-01 0
1.93750000000000000e+00 7.50000000000000000e-01 0
2.00000000000000000e+00 7.50000000000000000e-01 0
0.00000000000000000e+00 8.12500000000000000e-01 0
6.25000000000000000e-02 8.12500000000000000e-01 0
1.25000000000000000e-01 8.12500000000000000e-01 0
1.87500000000000000e-01 8.12500000000000000e-01 0
2.50000000000000000e-01 8.12500000000000000e-01 0
3.12500000000000000e-01 8.12500000000000000e-01 0
3.75000000000000000e-01 8.12500000000000000e-01 0
4.37500000000000000e-01 8.12500000000000000e-01 0
5.00000000000000000e-01 8.12500000000000000e-01 0
5.62500000000000000e-01 8.12500000000000000e-01 0
6.25000000000000000e-01 8.12500000000000000e-01 0
6.87500000000000000e-01 8.12500000000000000e-01 0
7.50000000000000000e-01 8.12500000000000000e-01 0
8.12500000000000000e-01 8.12500000000000000e-01 0
8.75000000000000000e-01 8.12500000000000000e-01 0
9.37500000000000000e-01 8.12500000000000000e-01 0
1.00000000000000000e+00 8.12500000000000000e-01 0
1.06250000000000000e+00 8.12500000000000000e-01 0
1.12500000000000000e+00 8.12500000000000000e-01 0
1.18750000000000000e+00 8.12500000000000000e-01 0
1.25000000000000000e+00 8.12500000000000000e-01 0
1.31250000000000000e+00 8.12500000000000000e-01 0
1.37500000000000000e+00 8.12500000000000000e-01 0
1.43750000000000000e+00 8.12500000000000000e-01 0
1.50000000000000000e+00 8.12500000000000000e-01 0
1.56250000000000000e+00 8.12500000000000000e-01 0
1.62500000000000000e+00 8.12500000000000000e-01 0
1.68750000000000000e+00 8.12500000000000000e-01 0
1.75000000000000000e+00 8.12500000000000000e-01 0
1.81250000000000000e+00 8.12500000000000000e-01 0
1.87500000000000000e+00 8.12500000000000000e-01 0
1.93750000000000000e+00 8.12500000000000000e-01 0
2.00000000000000000e+00 8.12500000000000000e-01 0
0.00000000000000000e+00 8.75000000000000000e-01 0
6.25000000000000000e-02 8.75000000000000000e-01 0
1.25000000000000000e-01 8.75000000000000000e-01 0
1.87500000000000000e-01 8.75000000000000000e-01 0
2.50000000000000000e-01 8.75000000000000000e-01 0
3.12500000000000000e-01 8.75000000000000000e-01 0
3.75000000000000000e-01 8.75000000000000000e-01 0
4.37500000000000000e-01 8.75000000000000000e-01 0
5.00000000000000000e-01 8.75000000000000000e-01 0
5.62500000000000000e-01 8.75000000000000000e-01 0
6.25000000000000000e-01 8.75000000000000000e-01 0
6.87500000000000000e-01 8.75000000000000000e-01 0
7.50000000000000000e-01 8.75000000000000000e-01 0
8.12500000000000000e-01 8.75000000000000000e-01 0
8.75000000000000000e-01 8.75000000000000000e-01 0
9.37500000000000000e-01 8.75000000000000000e-01 0
1.00000000000000000e+00 8.75000000000000000e-01 0
1.06250000000000000e+00 8.75000000000000000e-01 0
1.12500000000000000e+00 8.75000000000000000e-01 0
1.18750000000000000e+00 8.75000000000000000e-01 0
1.25000000000000000e+00 8.75000000000000000e-01 0
1.31250000000000000e+00 8.75000000000000000e-01 0
1.37500000000000000e+00 8.75000000000000000e-01 0
1.43750000000000000e+00 8.75000000000000000e-01 0
1.50000000000000000e+00 8.75000000000000000e-01 0
1.56250000000000000e+00 8.75000000000000000e-01 0
1.62500000000000000e+00 8.75000000000000000e-01 0
1.68750000000000000e+00 8.75000000000000000e-01 0
1.75000000000000000e+00 8.75000000000000000e-01 0
1.81250000000000000e+00 8.75000000000000000e-01 0
1.87500000000000000e+00 8.75000000000000000e-01 0
1.93750000000000000e+00 8.75000000000000000e-01 0
2.00000000000000000e+00 8.75000000000000000e-01 0
0.00000000000000000e+00 9.37500000000000000e-01 0
6.25000000000000000e-02 9.37500000000000000e-01 0
1.25000000000000000e-01 9.37500000000000000e-01 0
1.87500000000000000e-01 9.37500000000000000e-01 0
2.50000000000000000e-01 9.37500000000000000e-01 0
3.12500000000000000e-01 9.37500000000000000e-01 0
3.75000000000000000e-01 9.37500000000000000e-01 0
4.37500000000000000e-01 9.37500000000000000e-01 0
5.00000000000000000e-01 9.37500000000000000e-01 0
5.62500000000000000e-01 9.37500000000000000e-01 0
6.25000000000000000e-01 9.37500000000000000e-01 0
6.87500000000000000e-01 9.37500000000000000e-01 0
7.50000000000000000e-01 9.37500000000000000e-01 0
8.12500000000000000e-01 9.37500000000000000e-01 0
8.75000000000000000e-01 9.37500000000000000e-01 0
9.37500000000000000e-01 9.37500000000000000e-01 0
1.00000000000000000e+00 9.37500000000000000e-01 0
1.06250000000000000e+00 9.37500000000000000e-01 0
1.12500000000000000e+00 9.37500000000000000e-01 0
1.18750000000000000e+00 9.37500000000000000e-01 0
1.25000000000000000e+00 9.37500000000000000e-01 0
1.31250000000000000e+00 9.37500000000000000e-01 0
1.37500000000000000e+00 9.37500000000000000e-01 0
1.43750000000000000e+00 9.37500000000000000e-01 0
1.50000000000000000e+00 9.37500000000000000e-01 0
1.56250000000000000e+00 9.37500000000000000e-01 0
1.62500000000000000e+00 9.37500000000000000e-01 0
1.68750000000000000e+00 9.37500000000000000e-01 0
1.75000000000000000e+00 9.37500000000000000e-01 0
1.81250000000000000e+00 9.37500000000000000e-01 0
1.87500000000000000e+00 9.37500000000000000e-01 0
1.93750000000000000e+00 9.37500000000000000e-01 0
2.00000000000000000e+00 9.37500000000000000e-01 0
0.00000000000000000e+00 1.00000000000000000e+00 0
6.25000000000000000e-02 1.00000000000000000e+00 0
1.25000000000000000e-01 1.00000000000000000e+00 0
1.87500000000000000e-01 1.00000000000000000e+00 0
2.50000000000000000e-01 1.00000000000000000e+00 0
3.12500000000000000e-01 1.00000000000000000e+00 0
3.75000000000000000e-01 1.00000000000000000e+00 0
4.37500000000000000e-01 1.00000000000000000e+00 0
5.00000000000000000e-01 1.00000000000000000e+00 0
5.62500000000000000e-01 1.00000000000000000e+00 0
6.25000000000000000e-01 1.00000000000000000e+00 0
6.87500000000000000e-01 1.00000000000000000e+00 0
7.50000000000000000e-01 1.00000000000000000e+00 0
8.12500000000000000e-01 1.00000000000000000e+00 0
8.75000000000000000e-01 1.00000000000000000e+00 0
9.37500000000000000e-01 1.00000000000000000e+00 0
1.00000000000000000e+00 1.00000000000000000e+00 0
1.06250000000000000e+00 1.00000000000000000e+00 0
1.12500000000000000e+00 1.00000000000000000e+00 0
1.18750000000000000e+00 1.00000000000000000e+00 0
1.25000000000000000e+00 1.00000000000000000e+00 0
1.31250000000000000e+00 1.00000000000000000e+00 0
1.37500000000000000e+00 1.00000000000000000e+00 0
1.43750000000000000e+00 1.00000000000000000e+00 0
1.50000000000000000e+00 1.00000000000000000e+00 0
1.56250000000000000e+00 1.00000000000000000e+00 0
1.62500000000000000e+00 1.00000000000000000e+00 0
1.68750000000000000e+00 1.00000000000000000e+00 0
1.75000000000000000e+00 1.00000000000000000e+00 0
1.81250000000000000e+00 1.00000000000000000e+00 0
1.87500000000000000e+00 1.00000000000000000e+00 0
1.93750000000000000e+00 1.00000000000000000e+00 0
2.00000000000000000e+00 1.00000000000000000e+00 0
2.00000000000000000e+00 6.25000000000000000e-01 0
2.06250000000000000e+00 6.25000000000000000e-01 0
2.12500000000000000e+00 6.25000000000000000e-01 0
2.18750000000000000e+00 6.25000000000000000e-01 0
2.25000000000000000e+00 6.25000000000000000e-01 0
2.31250000000000000e+00 6.25000000000000000e-01 0
2.37500000000000000e+00 6.25000000000000000e-01 0
2.43750000000000000e+00 6.25000000000000000e-01 0
2.50000000000000000e+00 6.25000000000000000e-01 0
2.00000000000000000e+00 6.87500000000000000e-01 0
2.06250000000000000e+00 6.87500000000000000e-01 0
2.12500000000000000e+00 6.87500000000000000e-01 0
2.18750000000000000e+00 6.87500000000000000e-01 0
2.25000000000000000e+00 6.87500000000000000e-01 0
2.31250000000000000e+00 6.87500000000000000e-01 0
2.37500000000000000e+00 6.87500000000000000e-01 0
2.43750000000000000e+00 6.87500000000000000e-01 0
2.50000000000000000e+00 6.87500000000000000e-01 0
2.00000000000000000e+00 7.50000000000000000e-01 0
2.06250000000000000e+00 7.50000000000000000e-01 0
2.12500000000000000e+00 7.50000000000000000e-01 0
2.18750000000000000e+00 7.50000000000000000e-01 0
2.25000000000000000e+00 7.50000000000000000e-01 0
2.31250000000000000e+00 7.50000000000000000e-01 0
2.37500000000000000e+00 7.50000000000000000e-01 0
2.43750000000000000e+00 7.50000000000000000e-01 0
2.50000000000000000e+00 7.50000000000000000e-01 0
2.00000000000000000e+00 8.12500000000000000e-01 0
2.06250000000000000e+00 8.12500000000000000e-01 0
2.12500000000000000e+00 8.12500000000000000e-01 0
2.18750000000000000e+00 8.12500000000000000e-01 0
2.25000000000000000e+00 8.12500000000000000e-01 0
2.31250000000000000e+00 8.12500000000000000e-01 0
2.37500000000000000e+00 8.12500000000000000e-01 0
2.43750000000000000e+00 8.12500000000000000e-01 0
2.50000000000000000e+00 8.12500000000000000e-01 0
2.00000000000000000e+00 8.75000000000000000e-01 0
2.06250000000000000e+00 8.75000000000000000e-01 0
2.12500000000000000e+00 8.75000000000000000e-01 0
2.18750000000000000e+00 8.75000000000000000e-01 0
2.25000000000000000e+00 8.75000000000000000e-01 0
2.31250000000000000e+00 8.75000000000000000e-01 0
2.37500000000000000e+00 8.75000000000000000e-01 0
2.43750000000000000e+00 8.75000000000000000e-01 0
2.50000000000000000e+00 8.75000000000000000e-01 0
2.00000000000000000e+00 9.37500000000000000e-01 0
2.06250000000000000e+00 9.37500000000000000e-01 0
2.12500000000000000e+00 9.37500000000000000e-01 0
2.18750000000000000e+00 9.37500000000000000e-01 0
2.25000000000000000e+00 9.37500000000000000e-01 0
2.31250000000000000e+00 9.37500000000000000e-01 0
2.37500000000000000e+00 9.37500000000000000e-01 0
2.43750000000000000e+00 9.37500000000000000e-01 0
2.50000000000000000e+00 9.37500000000000000e-01 0
2.00000000000000000e+00 1.00000000000000000e+00 0
2.06250000000000000e+00 1.00000000000000000e+00 0
2.12500000000000000e+00 1.00000000000000000e+00 0
2.18750000000000000e+00 1.00000000000000000e+00 0
2.25000000000000000e+00 1.00000000000000000e+00 0
2.31250000000000000e+00 1.00000000000000000e+00 0
2.37500000000000000e+00 1.00000000000000000e+00 0
2.43750000000000000e+00 1.00000000000000000e+00 0
2.50000000000000000e+00 1.00000000000000000e+00 0
2.50000000000000000e+00 6.25000000000000000e-01 0
2.56250000000000000e+00 6.25000000000000000e-01 0
2.62500000000000000e+00 6.25000000000000000e-01 0
2.68750000000000000e+00 6.25000000000000000e-01 0
2.75000000000000000e+00 6.25000000000000000e-01 0
2.81250000000000000e+00 6.25000000000000000e-01 0
2.87500000000000000e+00 6.25000000000000000e-01 0
2.93750000000000000e+00 6.25000000000000000e-01 0
3.00000000000000000e+00 6.25000000000000000e-01 0
3.06250000000000000e+00 6.25000000000000000e-01 0
3.12500000000000000e+00 6.25000000000000000e-01 0
3.18750000000000000e+00 6.25000000000000000e-01 0
3.25000000000000000e+00 6.25000000000000000e-01 0
3.31250000000000000e+00 6.25000000000000000e-01 0
3.37500000000000000e+00 6.25000000000000000e-01 0
3.43750000000000000e+00 6.25000000000000000e-01 0
3.50000000000000000e+00 6.25000000000000000e-01 0
3.56250000000000000e+00 6.25000000000000000e-01 0
3.62500000000000000e+00 6.25000000000000000e-01 0
3.68750000000000000e+00 6.25000000000000000e-01 0
3.75000000000000000e+00 6.25000000000000000e-01 0
3.81250000000000000e+00 6.25000000000000000e-01 0
3.87500000000000000e+00 6.25000000000000000e-01 0
3.93750000000000000e+00 6.25000000000000000e-01 0
4.00000000000000000e+00 6.25000000000000000e-01 0
4.06250000000000000e+00 6.25000000000000000e-01 0
4.12500000000000000e+00 6.25000000000000000e-01 0
4.18750000000000000e+00 6.25000000000000000e-01 0
4.25000000000000000e+00 6.25000000000000000e-01 0
4.31250000000000000e+00 6.25000000000000000e-01 0
4.37500000000000000e+00 6.25000000000000000e-01 0
4.43750000000000000e+00 6.25000000000000000e-01 0
4.50000000000000000e+00 6.25000000000000000e-01 0
4.56250000000000000e+00 6.25000000000000000e-01 0
4.62500000000000000e+00 6.25000000000000000e-01 0
4.68750000000000000e+00 6.25000000000000000e-01 0
4.75000000000000000e+00 6.25000000000000000e-01 0
4.81250000000000000e+00 6.25000000000000000e-01 0
4.87500000000000000e+00 6.25000000000000000e-01 0
4.93750000000000000e+00 6.25000000000000000e-01 0
5.00000000000000000e+00 6.25000000000000000e-01 0
5.06250000000000000e+00 6.25000000000000000e-01 0
5.12500000000000000e+00 6.25000000000000000e-01 0
5.18750000000000000e+00 6.25000000000000000e-01 0
5.25000000000000000e+00 6.25000000000000000e-01 0
5.31250000000000000e+00 6.25000000000000000e-01 0
5.37500000000000000e+00 6.25000000000000000e-01 0
5.43750000000000000e+00 6.25000000000000000e-01 0
5.50000000000000000e+00 6.25000000000000000e-01 0
5.56250000000000000e+00 6.25000000000000000e-01 0
5.62500000000000000e+00 6.25000000000000000e-01 0
5.68750000000000000e+00 6.25000000000000000e-01 0
5.75000000000000000e+00 6.25000000000000000e-01 0
5.81250000000000000e+00 6.25000000000000000e-01 0
5.87500000000000000e+00 6.25000000000000000e-01 0
5.93750000000000000e+00 6.25000000000000000e-01 0
6.00000000000000000e+00 6.25000000000000000e-01 0
2.50000000000000000e+00 6.87500000000000000e-01 0
2.56250000000000000e+00 6.87500000000000000e-01 0
2.62500000000000000e+00 6.87500000000000000e-01 0
2.68750000000000000e+00 6.87500000000000000e-01 0
2.75000000000000000e+00 6.87500000000000000e-01 0
2.81250000000000000e+00 6.87500000000000000e-01 0
2.87500000000000000e+00 6.87500000000000000e-01 0
2.93750000000000000e+00 6.87500000000000000e-01 0
3.00000000000000000e+00 6.87500000000000000e-01 0
3.06250000000000000e+00 6.87500000000000000e-01 0
3.12500000000000000e+00 6.87500000000000000e-01 0
3.18750000000000000e+00 6.87500000000000000e-01 0
3.25000000000000000e+00 6.87500000000000000e-01 0
3.31250000000000000e+00 6.87500000000000000e-01 0
3.37500000000000000e+00 6.87500000000000000e-01 0
3.43750000000000000e+00 6.87500000000000000e-01 0
3.50000000000000000e+00 6.87500000000000000e-01 0
3.56250000000000000e+00 6.87500000000000000e-01 0
3.62500000000000000e+00 6.87500000000000000e-01 0
3.68750000000000000e+00 6.87500000000000000e-01 0
3.75000000000000000e+00 6.87500000000000000e-01 0
3.81250000000000000e+00 6.87500000000000000e-01 0
3.87500000000000000e+00 6.87500000000000000e-01 0
3.93750000000000000e+00 6.87500000000000000e-01 0
4.00000000000000000e+00 6.87500000000000000e-01 0
4.06250000000000000e+00 6.87500000000000000e-01 0
4.12500000000000000e+00 6.87500000000000000e-01 0
4.18750000000000000e+00 6.87500000000000000e-01 0
4.25000000000000000e+00 6.87500000000000000e-01 0
4.31250000000000000e+00 6.87500000000000000e-01 0
4.37500000000000000e+00 6.87500000000000000e-01 0
4.43750000000000000e+00 6.87500000000000000e-01 0
4.50000000000000000e+00 6.87500000000000000e-01 0
4.56250000000000000e+00 6.87500000000000000e-01 0
4.62500000000000000e+00 6.87500000000000000e-01 0
4.68750000000000000e+00 6.87500000000000000e-01 0
4.75000000000000000e+00 6.87500000000000000e-01 0
4.81250000000000000e+00 6.87500000000000000e-01 0
4.87500000000000000e+00 6.87500000000000000e-01 0
4.93750000000000000e+00 6.87500000000000000e-01 0
5.00000000000000000e+00 6.87500000000000000e-01 0
5.06250000000000000e+00 6.87500000000000000e-01 0
5.12500000000000000e+00 6.87500000000000000e-01 0
5.18750000000000000e+00 6.87500000000000000e-01 0
5.25000000000000000e+00 6.87500000000000000e-01 0
5.31250000000000000e+00 6.87500000000000000e-01 0
5.37500000000000000e+00 6.87500000000000000e-01 0
5.43750000000000000e+00 6.87500000000000000e-01 0
5.50000000000000000e+00 6.87500000000000000e-01 0
5.56250000000000000e+00 6.87500000000000000e-01 0
5.62500000000000000e+00 6.87500000000000000e-01 0
5.68750000000000000e+00 6.87500000000000000e-01 0
5.75000000000000000e+00 6.87500000000000000e-01 0
5.81250000000000000e+00 6.87500000000000000e-01 0
5.87500000000000000e+00 6.87500000000000000e-01 0
5.93750000000000000e+00 6.87500000000000000e-01 0
6.00000000000000000e+00 6.87500000000000000e-01 0
2.50000000000000000e+00 7.50000000000000000e-01 0
2.56250000000000000e+00 7.50000000000000000e-01 0
2.62500000000000000e+00 7.50000000000000000e-01 0
2.68750000000000000e+00 7.50000000000000000e-01 0
2.75000000000000000e+00 7.50000000000000000e-01 0
2.81250000000000000e+00 7.50000000000000000e-01 0
2.87500000000000000e+00 7.50000000000000000e-01 0
2.93750000000000000e+00 7.50000000000000000e-01 0
3.00000000000000000e+00 7.50000000000000000e-01 0
3.06250000000000000e+00 7.50000000000000000e-01 0
3.12500000000000000e+00 7.50000000000000000e-01 0
3.18750000000000000e+00 7.50000000000000000e-01 0
3.25000000000000000e+00 7.50000000000000000e-01 0
3.31250000000000000e+00 7.50000000000000000e-01 0
3.37500000000000000e+00 7.50000000000000000e-01 0
3.43750000000000000e+00 7.50000000000000000e-01 0
3.50000000000000000e+00 7.50000000000000000e-01 0
3.56250000000000000e+00 7.50000000000000000e-01 0
3.62500000000000000e+00 7.50000000000000000e-01 0
3.68750000000000000e+00 7.50000000000000000e-01 0
3.75000000000000000e+00 7.50000000000000000e-01 0
3.81250000000000000e+00 7.50000000000000000e-01 0
3.87500000000000000e+00 7.50000000000000000e-01 0
3.93750000000000000e+00 7.50000000000000000e-01 0
4.00000000000000000e+00 7.50000000000000000e-01 0
4.06250000000000000e+00 7.50000000000000000e-01 0
4.12500000000000000e+00 7.50000000000000000e-01 0
4.18750000000000000e+00 7.50000000000000000e-01 0
4.25000000000000000e+00 7.50000000000000000e-01 0
4.31250000000000000e+00 7.50000000000000000e-01 0
4.37500000000000000e+00 7.50000000000000000e-01 0
4.43750000000000000e+00 7.50000000000000000e-01 0
4.50000000000000000e+00 7.50000000000000000e-01 0
4.56250000000000000e+00 7.50000000000000000e-01 0
4.62500000000000000e+00 7.50000000000000000e-01 0
4.68750000000000000e+00 7.50000000000000000e-01 0
4.75000000000000000e+00 7.50000000000000000e-01 0
4.81250000000000000e+00 7.50000000000000000e-01 0
4.87500000000000000e+00 7.50000000000000000e-01 0
4.93750000000000000e+00 7.50000000000000000e-01 0
5.00000000000000000e+00 7.50000000000000000e-01 0
5.06250000000000000e+00 7.50000000000000000e-01 0
5.12500000000000000e+00 7.50000000000000000e-01 0
5.18750000000000000e+00 7.50000000000000000e-01 0
5.25000000000000000e+00 7.50000000000000000e-01 0
5.31250000000000000e+00 7.50000000000000000e-01 0
5.37500000000000000e+00 7.50000000000000000e-01 0
5.43750000000000000e+00 7.50000000000000000e-01 0
5.50000000000000000e+00 7.50000000000000000e-01 0
5.56250000000000000e+00 7.50000000000000000e-01 0
5.62500000000000000e+00 7.50000000000000000e-01 0
5.68750000000000000e+00 7.50000000000000000e-01 0
5.75000000000000000e+00 7.50000000000000000e-01 0
5.81250000000000000e+00 7.50000000000000000e-01 0
5.87500000000000000e+00 7.50000000000000000e-01 0
5.93750000000000000e+00 7.50000000000000000e-01 0
6.00000000000000000e+00 7.50000000000000000e-01 0
2.50000000000000000e+00 8.12500000000000000e-01 0
2.56250000000000000e+00 8.12500000000000000e-01 0
2.62500000000000000e+00 8.12500000000000000e-01 0
2.68750000000000000e+00 8.12500000000000000e-01 0
2.75000000000000000e+00 8.12500000000000000e-01 0
2.81250000000000000e+00 8.12500000000000000e-01 0
2.87500000000000000e+00 8.12500000000000000e-01 0
2.93750000000000000e+00 8.12500000000000000e-01 0
3.00000000000000000e+00 8.12500000000000000e-01 0
3.06250000000000000e+00 8.12500000000000000e-01 0
3.12500000000000000e+00 8.12500000000000000e-01 0
3.18750000000000000e+00 8.12500000000000000e-01 0
3.25000000000000000e+00 8.12500000000000000e-01 0
3.31250000000000000e+00 8.12500000000000000e-01 0
3.37500000000000000e+00 8.12500000000000000e-01 0
3.43750000000000000e+00 8.12500000000000000e-01 0
3.50000000000000000e+00 8.12500000000000000e-01 0
3.56250000000000000e+00 8.12500000000000000e-01 0
3.62500000000000000e+00 8.12500000000000000e-01 0
3.68750000000000000e+00 8.12500000000000000e-01 0
3.75000000000000000e+00 8.12500000000000000e-01 0
3.81250000000000000e+00 8.12500000000000000e-01 0
3.87500000000000000e+00 8.12500000000000000e-01 0
3.93750000000000000e+00 8.12500000000000000e-01 0
4.00000000000000000e+00 8.12500000000000000e-01 0
4.06250000000000000e+00 8.12500000000000000e-01 0
4.12500000000000000e+00 8.12500000000000000e-01 0
4.18750000000000000e+00 8.12500000000000000e-01 0
4.25000000000000000e+00 8.12500000000000000e-01 0
4.31250000000000000e+00 8.12500000000000000e-01 0
4.37500000000000000e+00 8.12500000000000000e-01 0
4.43750000000000000e+00 8.12500000000000000e-01 0
4.50000000000000000e+00 8.12500000000000000e-01 0
4.56250000000000000e+00 8.12500000000000000e-01 0
4.62500000000000000e+00 8.12500000000000000e-01 0
4.68750000000000000e+00 8.12500000000000000e-01 0
4.75000000000000000e+00 8.12500000000000000e-01 0
4.81250000000000000e+00 8.12500000000000000e-01 0
4.87500000000000000e+00 8.12500000000000000e-01 0
4.93750000000000000e+00 8.12500000000000000e-01 0
5.00000000000000000e+00 8.12500000000000000e-01 0
5.06250000000000000e+00 8.12500000000000000e-01 0
5.12500000000000000e+00 8.12500000000000000e-01 0
5.18750000000000000e+00 8.12500000000000000e-01 0
5.25000000000000000e+00 8.12500000000000000e-01 0
5.31250000000000000e+00 8.12500000000000000e-01 0
5.37500000000000000e+00 8.12500000000000000e-01 0
5.43750000000000000e+00 8.12500000000000000e-01 0
5.50000000000000000e+00 8.12500000000000000e-01 0
5.56250000000000000e+00 8.12500000000000000e-01 0
5.62500000000000000e+00 8.12500000000000000e-01 0
5.68750000000000000e+00 8.12500000000000000e-01 0
5.75000000000000000e+00 8.12500000000000000e-01 0
5.81250000000000000e+00 8.12500000000000000e-01 0
5.87500000000000000e+00 8.12500000000000000e-01 0
5.93750000000000000e+00 8.12500000000000000e-01 0
6.00000000000000000e+00 8.12500000000000000e-01 0
2.50000000000000000e+00 8.75000000000000000e-01 0
2.56250000000000000e+00 8.75000000000000000e-01 0
2.62500000000000000e+00 8.75000000000000000e-01 0
2.68750000000000000e+00 8.75000000000000000e-01 0
2.75000000000000000e+00 8.75000000000000000e-01 0
2.81250000000000000e+00 8.75000000000000000e-01 0
2.87500000000000000e+00 8.75000000000000000e-01 0
2.93750000000000000e+00 8.75000000000000000e-01 0
3.00000000000000000e+00 8.75000000000000000e-01 0
3.06250000000000000e+00 8.75000000000000000e-01 0
3.12500000000000000e+00 8.75000000000000000e-01 0
3.18750000000000000e+00 8.75000000000000000e-01 0
3.25000000000000000e+00 8.75000000000000000e-01 0
3.31250000000000000e+00 8.75000000000000000e-01 0
3.37500000000000000e+00 8.75000000000000000e-01 0
3.43750000000000000e+00 8.75000000000000000e-01 0
3.50000000000000000e+00 8.75000000000000000e-01 0
3.56250000000000000e+00 8.75000000000000000e-01 0
3.62500000000000000e+00 8.75000000000000000e-01 0
3.68750000000000000e+00 8.75000000000000000e-01 0
3.75000000000000000e+00 8.75000000000000000e-01 0
3.81250000000000000e+00 8.75000000000000000e-01 0
3.87500000000000000e+00 8.75000000000000000e-01 0
3.93750000000000000e+00 8.75000000000000000e-01 0
4.00000000000000000e+00 8.75000000000000000e-01 0
4.06250000000000000e+00 8.75000000000000000e-01 0
4.12500000000000000e+00 8.75000000000000000e-01 0
4.18750000000000000e+00 8.75000000000000000e-01 0
4.25000000000000000e+00 8.75000000000000000e-01 0
4.31250000000000000e+00 8.75000000000000000e-01 0
4.37500000000000000e+00 8.75000000000000000e-01 0
4.43750000000000000e+00 8.75000000000000000e-01 0
4.50000000000000000e+00 8.75000000000000000e-01 0
4.56250000000000000e+00 8.75000000000000000e-01 0
4.62500000000000000e+00 8.75000000000000000e-01 0
4.68750000000000000e+00 8.75000000000000000e-01 0
4.75000000000000000e+00 8.75000000000000000e-01 0
4.81250000000000000e+00 8.75000000000000000e-01 0
4.87500000000000000e+00 8.75000000000000000e-01 0
4.93750000000000000e+00 8.75000000000000000e-01 0
5.00000000000000000e+00 8.75000000000000000e-01 0
5.06250000000000000e+00 8.75000000000000000e-01 0
5.12500000000000000e+00 8.75000000000000000e-01 0
5.18750000000000000e+00 8.75000000000000000e-01 0
5.25000000000000000e+00 8.75000000000000000e-01 0
5.31250000000000000e+00 8.75000000000000000e-01 0
5.37500000000000000e+00 8.75000000000000000e-01 0
5.43750000000000000e+00 8.75000000000000000e-01 0
5.50000000000000000e+00 8.75000000000000000e-01 0
5.56250000000000000e+00 8.75000000000000000e-01 0
5.62500000000000000e+00 8.75000000000000000e-01 0
5.68750000000000000e+00 8.75000000000000000e-01 0
5.75000000000000000e+00 8.75000000000000000e-01 0
5.81250000000000000e+00 8.75000000000000000e-01 0
5.87500000000000000e+00 8.75000000000000000e-01 0
5.93750000000000000e+00 8.75000000000000000e-01 0
6.00000000000000000e+00 8.75000000000000000e-01 0
2.50000000000000000e+00 9.37500000000000000e-01 0
2.56250000000000000e+00 9.37500000000000000e-01 0
2.62500000000000000e+00 9.37500000000000000e-01 0
2.68750000000000000e+00 9.37500000000000000e-01 0
2.75000000000000000e+00 9.37500000000000000e-01 0
2.81250000000000000e+00 9.37500000000000000e-01 0
2.87500000000000000e+00 9.37500000000000000e-01 0
2.93750000000000000e+00 9.37500000000000000e-01 0
3.00000000000000000e+00 9.37500000000000000e-01 0
3.06250000000000000e+00 9.37500000000000000e-01 0
3.12500000000000000e+00 9.37500000000000000e-01 0
3.18750000000000000e+00 9.37500000000000000e-01 0
3.25000000000000000e+00 9.37500000000000000e-01 0
3.31250000000000000e+00 9.37500000000000000e-01 0
3.37500000000000000e+00 9.37500000000000000e-01 0
3.43750000000000000e+00 9.37500000000000000e-01 0
3.50000000000000000e+00 9.37500000000000000e-01 0
3.56250000000000000e+00 9.37500000000000000e-01 0
3.62500000000000000e+00 9.37500000000000000e-01 0
3.68750000000000000e+00 9.37500000000000000e-01 0
3.75000000000000000e+00 9.37500000000000000e-01 0
3.81250000000000000e+00 9.37500000000000000e-01 0
3.87500000000000000e+00 9.37500000000000000e-01 0
3.93750000000000000e+00 9.37500000000000000e-01 0
4.00000000000000000e+00 9.37500000000000000e-01 0
4.06250000000000000e+00 9.37500000000000000e-01 0
4.12500000000000000e+00 9.37500000000000000e-01 0
4.18750000000000000e+00 9.37500000000000000e-01 0
4.25000000000000000e+00 9.37500000000000000e-01 0
4.31250000000000000e+00 9.37500000000000000e-01 0
4.37500000000000000e+00 9.37500000000000000e-01 0
4.43750000000000000e+00 9.37500000000000000e-01 0
4.50000000000000000e+00 9.37500000000000000e-01 0
4.56250000000000000e+00 9.37500000000000000e-01 0
4.62500000000000000e+00 9.37500000000000000e-01 0
4.68750000000000000e+00 9.37500000000000000e-01 0
4.75000000000000000e+00 9.37500000000000000e-01 0
4.81250000000000000e+00 9.37500000000000000e-01 0
4.87500000000000000e+00 9.37500000000000000e-01 0
4.93750000000000000e+00 9.37500000000000000e-01 0
5.00000000000000000e+00 9.37500000000000000e-01 0
5.06250000000000000e+00 9.37500000000000000e-01 0
5.12500000000000000e+00 9.37500000000000000e-01 0
5.18750000000000000e+00 9.37500000000000000e-01 0
5.25000000000000000e+00 9.37500000000000000e-01 0
5.31250000000000000e+00 9.37500000000000000e-01 0
5.37500000000000000e+00 9.37500000000000000e-01 0
5.43750000000000000e+00 9.37500000000000000e-01 0
5.50000000000000000e+00 9.37500000000000000e-01 0
5.56250000000000000e+00 9.37500000000000000e-01 0
5.62500000000000000e+00 9.37500000000000000e-01 0
5.68750000000000000e+00 9.37500000000000000e-01 0
5.75000000000000000e+00 9.37500000000000000e-01 0
5.81250000000000000e+00 9.37500000000000000e-01 0
5.87500000000000000e+00 9.37500000000000000e-01 0
5.93750000000000000e+00 9.37500000000000000e-01 0
6.00000000000000000e+00 9.37500000000000000e-01 0
2.50000000000000000e+00 1.00000000000000000e+00 0
2.56250000000000000e+00 1.00000000000000000e+00 0
2.62500000000000000e+00 1.00000000000000000e+00 0
2.68750000000000000e+00 1.00000000000000000e+00 0
2.75000000000000000e+00 1.00000000000000000e+00 0
2.81250000000000000e+00 1.00000000000000000e+00 0
2.87500000000000000e+00 1.00000000000000000e+00 0
2.93750000000000000e+00 1.00000000000000000e+00 0
3.00000000000000000e+00 1.00000000000000000e+00 0
3.06250000000000000e+00 1.00000000000000000e+00 0
3.12500000000000000e+00 1.00000000000000000e+00 0
3.18750000000000000e+00 1.00000000000000000e+00 0
3.25000000000000000e+00 1.00000000000000000e+00 0
3.31250000000000000e+00 1.00000000000000000e+00 0
3.37500000000000000e+00 1.00000000000000000e+00 0
3.43750000000000000e+00 1.00000000000000000e+00 0
3.50000000000000000e+00 1.00000000000000000e+00 0
3.56250000000000000e+00 1.00000000000000000e+00 0
3.62500000000000000e+00 1.00000000000000000e+00 0
3.68750000000000000e+00 1.00000000000000000e+00 0
3.75000000000000000e+00 1.00000000000000000e+00 0
3.81250000000000000e+00 1.00000000000000000e+00 0
3.87500000000000000e+00 1.00000000000000000e+00 0
3.93750000000000000e+00 1.00000000000000000e+00 0
4.00000000000000000e+00 1.00000000000000000e+00 0
4.06250000000000000e+00 1.00000000000000000e+00 0
4.12500000000000000e+00 1.00000000000000000e+00 0
4.18750000000000000e+00 1.00000000000000000e+00 0
4.25000000000000000e+00 1.00000000000000000e+00 0
4.31250000000000000e+00 1.00000000000000000e+00 0
4.37500000000000000e+00 1.00000000000000000e+00 0
4.43750000000000000e+00 1.00000000000000000e+00 0
4.50000000000000000e+00 1.00000000000000000e+00 0
4.56250000000000000e+00 1.00000000000000000e+00 0
4.62500000000000000e+00 1.00000000000000000e+00 0
4.68750000000000000e+00 1.00000000000000000e+00 0
4.75000000000000000e+00 1.00000000000000000e+00 0
4.81250000000000000e+00 1.00000000000000000e+00 0
4.87500000000000000e+00 1.00000000000000000e+00 0
4.93750000000000000e+00 1.00000000000000000e+00 0
5.00000000000000000e+00 1.00000000000000000e+00 0
5.06250000000000000e+00 1.00000000000000000e+00 0
5.12500000000000000e+00 1.00000000000000000e+00 0
5.18750000000000000e+00 1.00000000000000000e+00 0
5.25000000000000000e+00 1.00000000000000000e+00 0
5.31250000000000000e+00 1.00000000000000000e+00 0
5.37500000000000000e+00 1.00000000000000000e+00 0
5.43750000000000000e+00 1.00000000000000000e+00 0
5.50000000000000000e+00 1.00000000000000000e+00 0
5.56250000000000000e+00 1.00000000000000000e+00 0
5.62500000000000000e+00 1.00000000000000000e+00 0
5.68750000000000000e+00 1.00000000000000000e+00 0
5.75000000000000000e+00 1.00000000000000000e+00 0
5.81250000000000000e+00 1.00000000000000000e+00 0
5.87500000000000000e+00 1.00000000000000000e+00 0
5.93750000000000000e+00 1.00000000000000000e+00 0
6.00000000000000000e+00 1.00000000000000000e+00 0
CELLS 1504 7520
4 0 1 34 33
4 1 2 35 34
4 2 3 36 35
4 3 4 37 36
4 4 5 38 37
4 5 6 39 38
4 6 7 40 39
4 7 8 41 40
4 8 9 42 41
4 9 10 43 42
4 10 11 44 43
4 11 12 45 44
4 12 13 46 45
4 13 14 47 46
4 14 15 48 47
4 15 16 49 48
4 16 17 50 49
4 17 18 51 50
4 18 19 52 51
4 19 20 53 52
4 20 21 54 53
4 21 22 55 54
4 22 23 56 55
4 23 24 57 56
4 24 25 58 57
4 25 26 59 58
4 26 27 60 59
4 27 28 61 60
4 28 29 62 61
4 29 30 63 62
4 30 31 64 63
4 31 32 65 64
4 33 34 67 66
4 34 35 68 67
4 35 36 69 68
4 36 37 70 69
4 37 38 71 70
4 38 39 72 71
4 39 40 73 72
4 40 41 74 73
4 41 42 75 74
4 42 43 76 75
4 43 44 77 76
4 44 45 78 77
4 45 46 79 78
4 46 47 80 79
4 47 48 81 80
4 48 49 82 81
4 49 50 83 82
4 50 51 84 83
4 51 52 85 84
4 52 53 86 85
4 53 54 87 86
4 54 55 88 87
4 55 56 89 88
4 56 57 90 89
4 57 58 91 90
4 58 59 92 91
4 59 60 93 92
4 60 61 94 93
4 61 62 95 94
4 62 63 96 95
4 63 64 97 96
4 64 65 98 97
4 66 67 100 99
4 67 68 101 100
4 68 69 102 101
4 69 70 103 102
4 70 71 104 103
4 71 72 105 104
4 72 73 106 105
4 73 74 107 106
4 74 75 108 107
4 75 76 109 108
4 76 77 110 109
4 77 78 111 110
4 78 79 112 111
4 79 80 113 112
4 80 81 114 113
4 81 82 115 114
4 82 83 116 115
4 83 84 117 116
4 84 85 118 117
4 85 86 119 118
4 86 87 120 119
4 87 88 121 120
4 88 89 122 121
4 89 90 123 122
4 90 91 124 123
4 91 92 125 124
4 92 93 126 125
4 93 94 127 126
4 94 95 128 127
4 95 96 129 128
4 96 97 130 129
4 97 98 131 130
4 99 100 133 132
4 100 101 134 133
4 101 102 135 134
4 102 103 136 135
4 103 104 137 136
4 104 105 138 137
4 105 106 139 138
4 106 107 140 139
4 107 108 141 140
4 108 109 142 141
4 109 110 143 142
4 110 111 144 143
4 111 112 145 144
4 112 113 146 145
4 113 114 147 146
4 114 115 148 147
4 115 116 149 148
4 116 117 150 149
4 117 118 151 150
4 118 119 152 151
4 119 120 153 152
4 120 121 154 153
4 121 122 155 154
4 122 123 156 155
4 123 124 157 156
4 124 125 158 157
4 125 126 159 158
4 126 127 160 159
4 127 128 161 160
4 128 129 162 161
4 129 130 163 162
4 130 131 164 163
4 132 133 166 165
4 133 134 167 166
4 134 135 168 167
4 135 136 169 168
4 136 137 170 169
4 137 138 171 170
4 138 139 172 171
4 139 140 173 172
4 140 141 174 173
4 141 142 175 174
4 142 143 176 175
4 143 144 177 176
4 144 145 178 177
4 145 146 179 178
4 146 147 180 179
4 147 148 181 180
4 148 149 182 181
4 149 150 183 182
4 150 151 184 183
4 151 152 185 184
4 152 153 186 185
4 153 154 187 186
4 154 155 188 187
4 155 156 189 188
4 156 157 190 189
4 157 158 191 190
4 158 159 192 191
4 159 160 193 192
4 160 161 194 193
4 161 162 195 194
4 162 163 196 195
4 163 164 197 196
4 165 166 199 198
4 166 167 200 199
4 167 168 201 200
4 168 169 202 201
4 169 170 203 202
4 170 171 204 203
4 171 172 205 204
4 172 173 206 205
4 173 174 207 206
4 174 175 208 207
4 175 176 209 208
4 176 177 210 209
4 177 178 211 210
4 178 179 212 211
4 179 180 213 212
4 180 181 214 213
4 181 182 215 214
4 182 183 216 215
4 183 184 217 216
4 184 185 218 217
4 185 186 219 218
4 186 187 220 219
4 187 188 221 220
4 188 189 222 221
4 189 190 223 222
4 190 191 224 223
4 191 192 225 224
4 192 193 226 225
4 193 194 227 226
4 194 195 228 227
4 195 196 229 228
4 196 197 230 229
4 231 232 241 240
4 232 233 242 241
4 233 234 243 242
4 234 235 244 243
4 235 236 245 244
4 236 237 246 245
4 237 238 247 246
4 238 239 248 247
4 240 241 250 249
4 241 242 251 250
4 242 243 252 251
4 243 244 253 252
4 244 245 254 253
4 245 246 255 254
4 246 247 256 255
4 247 248 257 256
4 249 250 259 258
4 250 251 260 259
4 251 252 261 260
4 252 253 262 261
4 253 254 263 262
4 254 255 264 263
4 255 256 265 264
4 256 257 266 265
4 258 259 268 267
4 259 260 269 268
4 260 261 270 269
4 261 262 271 270
4 262 263 272 271
4 263 264 273 272
4 264 265 274 273
4 265 266 275 274
4 267 268 277 276
4 268 269 278 277
4 269 270 279 278
4 270 271 280 279
4 271 272 281 280
4 272 273 282 281
4 273 274 283 282
4 274 275 284 283
4 276 277 286 285
4 277 278 287 286
4 278 279 288 287
4 279 280 289 288
4 280 281 290 289
4 281 282 291 290
4 282 283 292 291
4 283 284 293 292
4 294 295 352 351
4 295 296 353 352
4 296 297 354 353
4 297 298 355 354
4 298 299 356 355
4 299 300 357 356
4 300 301 358 357
4 301 302 359 358
4 302 303 360 359
4 303 304 361 360
4 304 305 362 361
4 305 306 363 362
4 306 307 364 363
4 307 308 365 364
4 308 309 366 365
4 309 310 367 366
4 310 311 368 367
4 311 312 369 368
4 312 313 370 369
4 313 314 371 370
4 314 315 372 371
4 315 316 373 372
4 316 317 374 373
4 317 318 375 374
4 318 319 376 375
4 319 320 377 376
4 320 321 378 377
4 321 322 379 378
4 322 323 380 379
4 323 324 381 380
4 324 325 382 381
4 325 326 383 382
4 326 327 384 383
4 327 328 385 384
4 328 329 386 385
4 329 330 387 386
4 330 331 388 387
4 331 332 389 388
4 332 333 390 389
4 333 334 391 390
4 334 335 392 391
4 335 336 393 392
4 336 337 394 393
4 337 338 395 394
4 338 339 396 395
4 339 340 397 396
4 340 341 398 397
4 341 342 399 398
4 342 343 400 399
4 343 344 401 400
4 344 345 402 401
4 345 346 403 402
4 346 347 404 403
4 347 348 405 404
4 348 349 406 405
4 349 350 407 406
4 351 352 409 408
4 352 353 410 409
4 353 354 411 410
4 354 355 412 411
4 355 356 413 412
4 356 357 414 413
4 357 358 415 414
4 358 359 416 415
4 359 360 417 416
4 360 361 418 417
4 361 362 419 418
4 362 363 420 419
4 363 364 421 420
4 364 365 422 421
4 365 366 423 422
4 366 367 424 423
4 367 368 425 424
4 368 369 426 425
4 369 370 427 426
4 370 371 428 427
4 371 372 429 428
4 372 373 430 429
4 373 374 431 430
4 374 375 432 431
4 375 376 433 432
4 376 377 434 433
4 377 378 435 434
4 378 379 436 435
4 379 380 437 436
4 380 381 438 437
4 381 382 439 438
4 382 383 440 439
4 383 384 441 440
4 384 385 442 441
4 385 386 443 442
4 386 387 444 443
4 387 388 445 444
4 388 389 446 445
4 389 390 447 446
4 390 391 448 447
4 391 392 449 448
4 392 393 450 449
4 393 394 451 450
4 394 395 452 451
4 395 396 453 452
4 396 397 454 453
4 397 398 455 454
4 398 399 456 455
4 399 400 457 456
4 400 401 458 457
4 401 402 459 458
4 402 403 460 459
4 403 404 461 460
4 404 405 462 461
4 405 406 463 462
4 406 407 464 463
4 408 409 466 465
4 409 410 467 466
4 410 411 468 467
4 411 412 469 468
4 412 413 470 469
4 413 414 471 470
4 414 415 472 471
4 415 416 473 472
4 416 417 474 473
4 417 418 475 474
4 418 419 476 475
4 419 420 477 476
4 420 421 478 477
4 421 422 479 478
4 422 423 480 479
4 423 424 481 480
4 424 425 482 481
4 425 426 483 482
4 426 427 484 483
4 427 428 485 484
4 428 429 486 485
4 429 430 487 486
4 430 431 488 487
4 431 432 489 488
4 432 433 490 489
4 433 434 491 490
4 434 435 492 491
4 435 436 493 492
4 436 437 494 493
4 437 438 495 494
4 438 439 496 495
4 439 440 497 496
4 440 441 498 497
4 441 442 499 498
4 442 443 500 499
4 443 444 501 500
4 444 445 502 501
4 445 446 503 502
4 446 447 504 503
4 447 448 505 504
4 448 449 506 505
4 449 450 507 506
4 450 451 508 507
4 451 452 509 508
4 452 453 510 509
4 453 454 511 510
4 454 455 512 511
4 455 456 513 512
4 456 457 514 513
4 457 458 515 514
4 458 459 516 515
4 459 460 517 516
4 460 461 518 517
4 461 462 519 518
4 462 463 520 519
4 463 464 521 520
4 465 466 523 522
4 466 467 524 523
4 467 468 525 524
4 468 469 526 525
4 469 470 527 526
4 470 471 528 527
4 471 472 529 528
4 472 473 530 529
4 473 474 531 530
4 474 475 532 531
4 475 476 533 532
4 476 477 534 533
4 477 478 535 534
4 478 479 536 535
4 479 480 537 536
4 480 481 538 537
4 481 482 539 538
4 482 483 540 539
4 483 484 541 540
4 484 485 542 541
4 485 486 543 542
4 486 487 544 543
4 487 488 545 544
4 488 489 546 545
4 489 490 547 546
4 490 491 548 547
4 491 492 549 548
4 492 493 550 549
4 493 494 551 550
4 494 495 552 551
4 495 496 553 552
4 496 497 554 553
4 497 498 555 554
4 498 499 556 555
4 499 500 557 556
4 500 501 558 557
4 501 502 559 558
4 502 503 560 559
4 503 504 561 560
4 504 505 562 561
4 505 506 563 562
4 506 507 564 563
4 507 508 565 564
4 508 509 566 565
4 509 510 567 566
4 510 511 568 567
4 511 512 569 568
4 512 513 570 569
4 513 514 571 570
4 514 515 572 571
4 515 516 573 572
4 516 517 574 573
4 517 518 575 574
4 518 519 576 575
4 519 520 577 576
4 520 521 578 577
4 522 523 580 579
4 523 524 581 580
4 524 525 582 581
4 525 526 583 582
4 526 527 584 583
4 527 528 585 584
4 528 529 586 585
4 529 530 587 586
4 530 531 588 587
4 531 532 589 588
4 532 533 590 589
4 533 534 591 590
4 534 535 592 591
4 535 536 593 592
4 536 537 594 593
4 537 538 595 594
4 538 539 596 595
4 539 540 597 596
4 540 541 598 597
4 541 542 599 598
4 542 543 600 599
4 543 544 601 600
4 544 545 602 601
4 545 546 603 602
4 546 547 604 603
4 547 548 605 604
4 548 549 606 605
4 549 550 607 606
4 550 551 608 607
4 551 552 609 608
4 552 553 610 609
4 553 554 611 610
4 554 555 612 611
4 555 556 613 612
4 556 557 614 613
4 557 558 615 614
4 558 559 616 615
4 559 560 617 616
4 560 561 618 617
4 561 562 619 618
4 562 563 620 619
4 563 564 621 620
4 564 565 622 621
4 565 566 623 622
4 566 567 624 623
4 567 568 625 624
4 568 569 626 625
4 569 570 627 626
4 570 571 628 627
4 571 572 629 628
4 572 573 630 629
4 573 574 631 630
4 574 575 632 631
4 575 576 633 632
4 576 577 634 633
4 577 578 635 634
4 579 580 637 636
4 580 581 638 637
4 581 582 639 638
4 582 583 640 639
4 583 584 641 640
4 584 585 642 641
4 585 586 643 642
4 586 587 644 643
4 587 588 645 644
4 588 589 646 645
4 589 590 647 646
4 590 591 648 647
4 591 592 649 648
4 592 593 650 649
4 593 594 651 650
4 594 595 652 651
4 595 596 653 652
4 596 597 654 653
4 597 598 655 654
4 598 599 656 655
4 599 600 657 656
4 600 601 658 657
4 601 602 659 658
4 602 603 660 659
4 603 604 661 660
4 604 605 662 661
4 605 606 663 662
4 606 607 664 663
4 607 608 665 664
4 608 609 666 665
4 609 610 667 666
4 610 611 668 667
4 611 612 669 668
4 612 613 670 669
4 613 614 671 670
4 614 615 672 671
4 615 616 673 672
4 616 617 674 673
4 617 618 675 674
4 618 619 676 675
4 619 620 677 676
4 620 621 678 677
4 621 622 679 678
4 622 623 680 679
4 623 624 681 680
4 624 625 682 681
4 625 626 683 682
4 626 627 684 683
4 627 628 685 684
4 628 629 686 685
4 629 630 687 686
4 630 631 688 687
4 631 632 689 688
4 632 633 690 689
4 633 634 691 690
4 634 635 692 691
4 693 694 727 726
4 694 695 728 727
4 695 696 729 728
4 696 697 730 729
4 697 698 731 730
4 698 699 732 731
4 699 700 733 732
4 700 701 734 733
4 701 702 735 734
4 702 703 736 735
4 703 704 737 736
4 704 705 738 737
4 705 706 739 738
4 706 707 740 739
4 707 708 741 740
4 708 709 742 741
4 709 710 743 742
4 710 711 744 743
4 711 712 745 744
4 712 713 746 745
4 713 714 747 746
4 714 715 748 747
4 715 716 749 748
4 716 717 750 749
4 717 718 751 750
4 718 719 752 751
4 719 720 753 752
4 720 721 754 753
4 721 722 755 754
4 722 723 756 755
4 723 724 757 756
4 724 725 758 757
4 726 727 760 759
4 727 728 761 760
4 728 729 762 761
4 729 730 763 762
4 730 731 764 763
4 731 732 765 764
4 732 733 766 765
4 733 734 767 766
4 734 735 768 767
4 735 736 769 768
4 736 737 770 769
4 737 738 771 770
4 738 739 772 771
4 739 740 773 772
4 740 741 774 773
4 741 742 775 774
4 742 743 776 775
4 743 744 777 776
4 744 745 778 777
4 745 746 779 778
4 746 747 780 779
4 747 748 781 780
4 748 749 782 781
4 749 750 783 782
4 750 751 784 783
4 751 752 785 784
4 752 753 786 785
4 753 754 787 786
4 754 755 788 787
4 755 756 789 788
4 756 757 790 789
4 757 758 791 790
4 759 760 793 792
4 760 761 794 793
4 761 762 795 794
4 762 763 796 795
4 763 764 797 796
4 764 765 798 797
4 765 766 799 798
4 766 767 800 799
4 767 768 801 800
4 768 769 802 801
4 769 770 803 802
4 770 771 804 803
4 771 772 805 804
4 772 773 806 805
4 773 774 807 806
4 774 775 808 807
4 775 776 809 808
4 776 777 810 809
4 777 778 811 810
4 778 779 812 811
4 779 780 813 812
4 780 781 814 813
4 781 782 815 814
4 782 783 816 815
4 783 784 817 816
4 784 785 818 817
4 785 786 819 818
4 786 787 820 819
4 787 788 821 820
4 788 789 822 821
4 789 790 823 822
4 790 791 824 823
4 792 793 826 825
4 793 794 827 826
4 794 795 828 827
4 795 796 829 828
4 796 797 830 829
4 797 798 831 830
4 798 799 832 831
4 799 800 833 832
4 800 801 834 833
4 801 802 835 834
4 802 803 836 835
4 803 804 837 836
4 804 805 838 837
4 805 806 839 838
4 806 807 840 839
4 807 808 841 840
4 808 809 842 841
4 809 810 843 842
4 810 811 844 843
4 811 812 845 844
4 812 813 846 845
4 813 814 847 846
4 814 815 848 847
4 815 816 849 848
4 816 817 850 849
4 817 818 851 850
4 818 819 852 851
4 819 820 853 852
4 820 821 854 853
4 821 822 855 854
4 822 823 856 855
4 823 824 857 856
4 858 859 916 915
4 859 860 917 916
4 860 861 918 917
4 861 862 919 918
4 862 863 920 919
4 863 864 921 920
4 864 865 922 921
4 865 866 923 922
4 866 867 924 923
4 867 868 925 924
4 868 869 926 925
4 869 870 927 926
4 870 871 928 927
4 871 872 929 928
4 872 873 930 929
4 873 874 931 930
4 874 875 932 931
4 875 876 933 932
4 876 877 934 933
4 877 878 935 934
4 878 879 936 935
4 879 880 937 936
4 880 881 938 937
4 881 882 939 938
4 882 883 940 939
4 883 884 941 940
4 884 885 942 941
4 885 886 943 942
4 886 887 944 943
4 887 888 945 944
4 888 889 946 945
4 889 890 947 946
4 890 891 948 947
4 891 892 949 948
4 892 893 950 949
4 893 894 951 950
4 894 895 952 951
4 895 896 953 952
4 896 897 954 953
4 897 898 955 954
4 898 899 956 955
4 899 900 957 956
4 900 901 958 957
4 901 902 959 958
4 902 903 960 959
4 903 904 961 960
4 904 905 962 961
4 905 906 963 962
4 906 907 964 963
4 907 908 965 964
4 908 909 966 965
4 909 910 967 966
4 910 911 968 967
4 911 912 969 968
4 912 913 970 969
4 913 914 971 970
4 915 916 973 972
4 916 917 974 973
4 917 918 975 974
4 918 919 976 975
4 919 920 977 976
4 920 921 978 977
4 921 922 979 978
4 922 923 980 979
4 923 924 981 980
4 924 925 982 981
4 925 926 983 982
4 926 927 984 983
4 927 928 985 984
4 928 929 986 985
4 929 930 987 986
4 930 931 988 987
4 931 932 989 988
4 932 933 990 989
4 933 934 991 990
4 934 935 992 991
4 935 936 993 992
4 936 937 994 993
4 937 938 995 994
4 938 939 996 995
4 939 940 997 996
4 940 941 998 997
4 941 942 999 998
4 942 943 1000 999
4 943 944 1001 1000
4 944 945 1002 1001
4 945 946 1003 1002
4 946 947 1004 1003
4 947 948 1005 1004
4 948 949 1006 1005
4 949 950 1007 1006
4 950 951 1008 1007
4 951 952 1009 1008
4 952 953 1010 1009
4 953 954 1011 1010
4 954 955 1012 1011
4 955 956 1013 1012
4 956 957 1014 1013
4 957 958 1015 1014
4 958 959 1016 1015
4 959 960 1017 1016
4 960 961 1018 1017
4 961 962 1019 1018
4 962 963 1020 1019
4 963 964 1021 1020
4 964 965 1022 1021
4 965 966 1023 1022
4 966 967 1024 1023
4 967 968 1025 1024
4 968 969 1026 1025
4 969 970 1027 1026
4 970 971 1028 1027
4 972 973 1030 1029
4 973 974 1031 1030
4 974 975 1032 1031
4 975 976 1033 1032
4 976 977 1034 1033
4 977 978 1035 1034
4 978 979 1036 1035
4 979 980 1037 1036
4 980 981 1038 1037
4 981 982 1039 1038
4 982 983 1040 1039
4 983 984 1041 1040
4 984 985 1042 1041
4 985 986 1043 1042
4 986 987 1044 1043
4 987 988 1045 1044
4 988 989 1046 1045
4 989 990 1047 1046
4 990 991 1048 1047
4 991 992 1049 1048
4 992 993 1050 1049
4 993 994 1051 1050
4 994 995 1052 1051
4 995 996 1053 1052
4 996 997 1054 1053
4 997 998 1055 1054
4 998 999 1056 1055
4 999 1000 1057 1056
4 1000 1001 1058 1057
4 1001 1002 1059 1058
4 1002 1003 1060 1059
4 1003 1004 1061 1060
4 1004 1005 1062 1061
4 1005 1006 1063 1062
4 1006 1007 1064 1063
4 1007 1008 1065 1064
4 1008 1009 1066 1065
4 1009 1010 1067 1066
4 1010 1011 1068 1067
4 1011 1012 1069 1068
4 1012 1013 1070 1069
4 1013 1014 1071 1070
4 1014 1015 1072 1071
4 1015 1016 1073 1072
4 1016 1017 1074 1073
4 1017 1018 1075 1074
4 1018 1019 1076 1075
4 1019 1020 1077 1076
4 1020 1021 1078 1077
4 1021 1022 1079 1078
4 1022 1023 1080 1079
4 1023 1024 1081 1080
4 1024 1025 1082 1081
4 1025 1026 1083 1082
4 1026 1027 1084 1083
4 1027 1028 1085 1084
4 1029 1030 1087 1086
4 1030 1031 1088 1087
4 1031 1032 1089 1088
4 1032 1033 1090 1089
4 1033 1034 1091 1090
4 1034 1035 1092 1091
4 1035 1036 1093 1092
4 1036 1037 1094 1093
4 1037 1038 1095 1094
4 1038 1039 1096 1095
4 1039 1040 1097 1096
4 1040 1041 1098 1097
4 1041 1042 1099 1098
4 1042 1043 1100 1099
4 1043 1044 1101 1100
4 1044 1045 1102 1101
4 1045 1046 1103 1102
4 1046 1047 1104 1103
4 1047 1048 1105 1104
4 1048 1049 1106 1105
4 1049 1050 1107 1106
4 1050 1051 1108 1107
4 1051 1052 1109 1108
4 1052 1053 1110 1109
4 1053 1054 1111 1110
4 1054 1055 1112 1111
4 1055 1056 1113 1112
4 1056 1057 1114 1113
4 1057 1058 1115 1114
4 1058 1059 1116 1115
4 1059 1060 1117 1116
4 1060 1061 1118 1117
4 1061 1062 1119 1118
4 1062 1063 1120 1119
4 1063 1064 1121 1120
4 1064 1065 1122 1121
4 1065 1066 1123 1122
4 1066 1067 1124 1123
4 1067 1068 1125 1124
4 1068 1069 1126 1125
4 1069 1070 1127 1126
4 1070 1071 1128 1127
4 1071 1072 1129 1128
4 1072 1073 1130 1129
4 1073 1074 1131 1130
4 1074 1075 1132 1131
4 1075 1076 1133 1132
4 1076 1077 1134 1133
4 1077 1078 1135 1134
4 1078 1079 1136 1135
4 1079 1080 1137 1136
4 1080 1081 1138 1137
4 1081 1082 1139 1138
4 1082 1083 1140 1139
4 1083 1084 1141 1140
4 1084 1085 1142 1141
4 1143 1144 1177 1176
4 1144 1145 1178 1177
4 1145 1146 1179 1178
4 1146 1147 1180 1179
4 1147 1148 1181 1180
4 1148 1149 1182 1181
4 1149 1150 1183 1182
4 1150 1151 1184 1183
4 1151 1152 1185 1184
4 1152 1153 1186 1185
4 1153 1154 1187 1186
4 1154 1155 1188 1187
4 1155 1156 1189 1188
4 1156 1157 1190 1189
4 1157 1158 1191 1190
4 1158 1159 1192 1191
4 1159 1160 1193 1192
4 1160 1161 1194 1193
4 1161 1162 1195 1194
4 1162 1163 1196 1195
4 1163 1164 1197 1196
4 1164 1165 1198 1197
4 1165 1166 1199 1198
4 1166 1167 1200 1199
4 1167 1168 1201 1200
4 1168 1169 1202 1201
4 1169 1170 1203 1202
4 1170 1171 1204 1203
4 1171 1172 1205 1204
4 1172 1173 1206 1205
4 1173 1174 1207 1206
4 1174 1175 1208 1207
4 1176 1177 1210 1209
4 1177 1178 1211 1210
4 1178 1179 1212 1211
4 1179 1180 1213 1212
4 1180 1181 1214 1213
4 1181 1182 1215 1214
4 1182 1183 1216 1215
4 1183 1184 1217 1216
4 1184 1185 1218 1217
4 1185 1186 1219 1218
4 1186 1187 1220 1219
4 1187 1188 1221 1220
4 1188 1189 1222 1221
4 1189 1190 1223 1222
4 1190 1191 1224 1223
4 1191 1192 1225 1224
4 1192 1193 1226 1225
4 1193 1194 1227 1226
4 1194 1195 1228 1227
4 1195 1196 1229 1228
4 1196 1197 1230 1229
4 1197 1198 1231 1230
4 1198 1199 1232 1231
4 1199 1200 1233 1232
4 1200 1201 1234 1233
4 1201 1202 1235 1234
4 1202 1203 1236 1235
4 1203 1204 1237 1236
4 1204 1205 1238 1237
4 1205 1206 1239 1238
4 1206 1207 1240 1239
4 1207 1208 1241 1240
4 1209 1210 1243 1242
4 1210 1211 1244 1243
4 1211 1212 1245 1244
4 1212 1213 1246 1245
4 1213 1214 1247 1246
4 1214 1215 1248 1247
4 1215 1216 1249 1248
4 1216 1217 1250 1249
4 1217 1218 1251 1250
4 1218 1219 1252 1251
4 1219 1220 1253 1252
4 1220 1221 1254 1253
4 1221 1222 1255 1254
4 1222 1223 1256 1255
4 1223 1224 1257 1256
4 1224 1225 1258 1257
4 1225 1226 1259 1258
4 1226 1227 1260 1259
4 1227 1228 1261 1260
4 1228 1229 1262 1261
4 1229 1230 1263 1262
4 1230 1231 1264 1263
4 1231 1232 1265 1264
4 1232 1233 1266 1265
4 1233 1234 1267 1266
4 1234 1235 1268 1267
4 1235 1236 1269 1268
4 1236 1237 1270 1269
4 1237 1238 1271 1270
4 1238 1239 1272 1271
4 1239 1240 1273 1272
4 1240 1241 1274 1273
4 1242 1243 1276 1275
4 1243 1244 1277 1276
4 1244 1245 1278 1277
4 1245 1246 1279 1278
4 1246 1247 1280 1279
4 1247 1248 1281 1280
4 1248 1249 1282 1281
4 1249 1250 1283 1282
4 1250 1251 1284 1283
4 1251 1252 1285 1284
4 1252 1253 1286 1285
4 1253 1254 1287 1286
4 1254 1255 1288 1287
4 1255 1256 1289 1288
4 1256 1257 1290 1289
4 1257 1258 1291 1290
4 1258 1259 1292 1291
4 1259 1260 1293 1292
4 1260 1261 1294 1293
4 1261 1262 1295 1294
4 1262 1263 1296 1295
4 1263 1264 1297 1296
4 1264 1265 1298 1297
4 1265 1266 1299 1298
4 1266 1267 1300 1299
4 1267 1268 1301 1300
4 1268 1269 1302 1301
4 1269 1270 1303 1302
4 1270 1271 1304 1303
4 1271 1272 1305 1304
4 1272 1273 1306 1305
4 1273 1274 1307 1306
4 1275 1276 1309 1308
4 1276 1277 1310 1309
4 1277 1278 1311 1310
4 1278 1279 1312 1311
4 1279 1280 1313 1312
4 1280 1281 1314 1313
4 1281 1282 1315 1314
4 1282 1283 1316 1315
4 1283 1284 1317 1316
4 1284 1285 1318 1317
4 1285 1286 1319 1318
4 1286 1287 1320 1319
4 1287 1288 1321 1320
4 1288 1289 1322 1321
4 1289 1290 1323 1322
4 1290 1291 1324 1323
4 1291 1292 1325 1324
4 1292 1293 1326 1325
4 1293 1294 1327 1326
4 1294 1295 1328 1327
4 1295 1296 1329 1328
4 1296 1297 1330 1329
4 1297 1298 1331 1330
4 1298 1299 1332 1331
4 1299 1300 1333 1332
4 1300 1301 1334 1333
4 1301 1302 1335 1334
4 1302 1303 1336 1335
4 1303 1304 1337 1336
4 1304 1305 1338 1337
4 1305 1306 1339 1338
4 1306 1307 1340 1339
4 1308 1309 1342 1341
4 1309 1310 1343 1342
4 1310 1311 1344 1343
4 1311 1312 1345 1344
4 1312 1313 1346 1345
4 1313 1314 1347 1346
4 1314 1315 1348 1347
4 1315 1316 1349 1348
4 1316 1317 1350 1349
4 1317 1318 1351 1350
4 1318 1319 1352 1351
4 1319 1320 1353 1352
4 1320 1321 1354 1353
4 1321 1322 1355 1354
4 1322 1323 1356 1355
4 1323 1324 1357 1356
4 1324 1325 1358 1357
4 1325 1326 1359 1358
4 1326 1327 1360 1359
4 1327 1328 1361 1360
4 1328 1329 1362 1361
4 1329 1330 1363 1362
4 1330 1331 1364 1363
4 1331 1332 1365 1364
4 1332 1333 1366 1365
4 1333 1334 1367 1366
4 1334 1335 1368 1367
4 1335 1336 1369 1368
4 1336 1337 1370 1369
4 1337 1338 1371 1370
4 1338 1339 1372 1371
4 1339 1340 1373 1372
4 1374 1375 1384 1383
4 1375 1376 1385 1384
4 1376 1377 1386 1385
4 1377 1378 1387 1386
4 1378 1379 1388 1387
4 1379 1380 1389 1388
4 1380 1381 1390 1389
4 1381 1382 1391 1390
4 1383 1384 1393 1392
4 1384 1385 1394 1393
4 1385 1386 1395 1394
4 1386 1387 1396 1395
4 1387 1388 1397 1396
4 1388 1389 1398 1397
4 1389 1390 1399 1398
4 1390 1391 1400 1399
4 1392 1393 1402 1401
4 1393 1394 1403 1402
4 1394 1395 1404 1403
4 1395 1396 1405 1404
4 1396 1397 1406 1405
4 1397 1398 1407 1406
4 1398 1399 1408 1407
4 1399 1400 1409 1408
4 1401 1402 1411 1410
4 1402 1403 1412 1411
4 1403 1404 1413 1412
4 1404 1405 1414 1413
4 1405 1406 1415 1414
4 1406 1407 1416 1415
4 1407 1408 1417 1416
4 1408 1409 1418 1417
4 1410 1411 1420 1419
4 1411 1412 1421 1420
4 1412 1413 1422 1421
4 1413 1414 1423 1422
4 1414 1415 1424 1423
4 1415 1416 1425 1424
4 1416 1417 1426 1425
4 1417 1418 1427 1426
4 1419 1420 1429 1428
4 1420 1421 1430 1429
4 1421 1422 1431 1430
4 1422 1423 1432 1431
4 1423 1424 1433 1432
4 1424 1425 1434 1433
4 1425 1426 1435 1434
4 1426 1427 1436 1435
4 1437 1438 1495 1494
4 1438 1439 1496 1495
4 1439 1440 1497 1496
4 1440 1441 1498 1497
4 1441 1442 1499 1498
4 1442 1443 1500 1499
4 1443 1444 1501 1500
4 1444 1445 1502 1501
4 1445 1446 1503 1502
4 1446 1447 1504 1503
4 1447 1448 1505 1504
4 1448 1449 1506 1505
4 1449 1450 1507 1506
4 1450 1451 1508 1507
4 1451 1452 1509 1508
4 1452 1453 1510 1509
4 1453 1454 1511 1510
4 1454 1455 1512 1511
4 1455 1456 1513 1512
4 1456 1457 1514 1513
4 1457 1458 1515 1514
4 1458 1459 1516 1515
4 1459 1460 1517 1516
4 1460 1461 1518 1517
4 1461 1462 1519 1518
4 1462 1463 1520 1519
4 1463 1464 1521 1520
4 1464 1465 1522 1521
4 1465 1466 1523 1522
4 1466 1467 1524 1523
4 1467 1468 1525 1524
4 1468 1469 1526 1525
4 1469 1470 1527 1526
4 1470 1471 1528 1527
4 1471 1472 1529 1528
4 1472 1473 1530 1529
4 1473 1474 1531 1530
4 1474 1475 1532 1531
4 1475 1476 1533 1532
4 1476 1477 1534 1533
4 1477 1478 1535 1534
4 1478 1479 1536 1535
4 1479 1480 1537 1536
4 1480 1481 1538 1537
4 1481 1482 1539 1538
4 1482 1483 1540 1539
4 1483 1484 1541 1540
4 1484 1485 1542 1541
4 1485 1486 1543 1542
4 1486 1487 1544 1543
4 1487 1488 1545 1544
4 1488 1489 1546 1545
4 1489 1490 1547 1546
4 1490 1491 1548 1547
4 1491 1492 1549 1548
4 1492 1493 1550 1549
4 1494 1495 1552 1551
4 1495 1496 1553 1552
4 1496 1497 1554 1553
4 1497 1498 1555 1554
4 1498 1499 1556 1555
4 1499 1500 1557 1556
4 1500 1501 1558 1557
4 1501 1502 1559 1558
4 1502 1503 1560 1559
4 1503 1504 1561 1560
4 1504 1505 1562 1561
4 1505 1506 1563 1562
4 1506 1507 1564 1563
4 1507 1508 1565 1564
4 1508 1509 1566 1565
4 1509 1510 1567 1566
4 1510 1511 1568 1567
4 1511 1512 1569 1568
4 1512 1513 1570 1569
4 1513 1514 1571 1570
4 1514 1515 1572 1571
4 1515 1516 1573 1572
4 1516 1517 1574 1573
4 1517 1518 1575 1574
4 1518 1519 1576 1575
4 1519 1520 1577 1576
4 1520 1521 1578 1577
4 1521 1522 1579 1578
4 1522 1523 1580 1579
4 1523 1524 1581 1580
4 1524 1525 1582 1581
4 1525 1526 1583 1582
4 1526 1527 1584 1583
4 1527 1528 1585 1584
4 1528 1529 1586 1585
4 1529 1530 1587 1586
4 1530 1531 1588 1587
4 1531 1532 1589 1588
4 1532 1533 1590 1589
4 1533 1534 1591 1590
4 1534 1535 1592 1591
4 1535 1536 1593 1592
4 1536 1537 1594 1593
4 1537 1538 1595 1594
4 1538 1539 1596 1595
4 1539 1540 1597 1596
4 1540 1541 1598 1597
4 1541 1542 1599 1598
4 1542 1543 1600 1599
4 1543 1544 1601 1600
4 1544 1545 1602 1601
4 1545 1546 1603 1602
4 1546 1547 1604 1603
4 1547 1548 1605 1604
4 1548 1549 1606 1605
4 1549 1550 1607 1606
4 1551 1552 1609 1608
4 1552 1553 1610 1609
4 1553 1554 1611 1610
4 1554 1555 1612 1611
4 1555 1556 1613 1612
4 1556 1557 1614 1613
4 1557 1558 1615 1614
4 1558 1559 1616 1615
4 1559 1560 1617 1616
4 1560 1561 1618 1617
4 1561 1562 1619 1618
4 1562 1563 1620 1619
4 1563 1564 1621 1620
4 1564 1565 1622 1621
4 1565 1566 1623 1622
4 1566 1567 1624 1623
4 1567 1568 1625 1624
4 1568 1569 1626 1625
4 1569 1570 1627 1626
4 1570 1571 1628 1627
4 1571 1572 1629 1628
4 1572 1573 1630 1629
4 1573 1574 1631 1630
4 1574 1575 1632 1631
4 1575 1576 1633 1632
4 1576 1577 1634 1633
4 1577 1578 1635 1634
4 1578 1579 1636 1635
4 1579 1580 1637 1636
4 1580 1581 1638 1637
4 1581 1582 1639 1638
4 1582 1583 1640 1639
4 1583 1584 1641 1640
4 1584 1585 1642 1641
4 1585 1586 1643 1642
4 1586 1587 1644 1643
4 1587 1588 1645 1644
4 1588 1589 1646 1645
4 1589 1590 1647 1646
4 1590 1591 1648 1647
4 1591 1592 1649 1648
4 1592 1593 1650 1649
4 1593 1594 1651 1650
4 1594 1595 1652 1651
4 1595 1596 1653 1652
4 1596 1597 1654 1653
4 1597 1598 1655 1654
4 1598 1599 1656 1655
4 1599 1600 1657 1656
4 1600 1601 1658 1657
4 1601 1602 1659 1658
4 1602 1603 1660 1659
4 1603 1604 1661 1660
4 1604 1605 1662 1661
4 1605 1606 1663 1662
4 1606 1607 1664 1663
4 1608 1609 1666 1665
4 1609 1610 1667 1666
4 1610 1611 1668 1667
4 1611 1612 1669 1668
4 1612 1613 1670 1669
4 1613 1614 1671 1670
4 1614 1615 1672 1671
4 1615 1616 1673 1672
4 1616 1617 1674 1673
4 1617 1618 1675 1674
4 1618 1619 1676 1675
4 1619 1620 1677 1676
4 1620 1621 1678 1677
4 1621 1622 1679 1678
4 1622 1623 1680 1679
4 1623 1624 1681 1680
4 1624 1625 1682 1681
4 1625 1626 1683 1682
4 1626 1627 1684 1683
4 1627 1628 1685 1684
4 1628 1629 1686 1685
4 1629 1630 1687 1686
4 1630 1631 1688 1687
4 1631 1632 1689 1688
4 1632 1633 1690 1689
4 1633 1634 1691 1690
4 1634 1635 1692 1691
4 1635 1636 1693 1692
4 1636 1637 1694 1693
4 1637 1638 1695 1694
4 1638 1639 1696 1695
4 1639 1640 1697 1696
4 1640 1641 1698 1697
4 1641 1642 1699 1698
4 1642 1643 1700 1699
4 1643 1644 1701 1700
4 1644 1645 1702 1701
4 1645 1646 1703 1702
4 1646 1647 1704 1703
4 1647 1648 1705 1704
4 1648 1649 1706 1705
4 1649 1650 1707 1706
4 1650 1651 1708 1707
4 1651 1652 1709 1708
4 1652 1653 1710 1709
4 1653 1654 1711 1710
4 1654 1655 1712 1711
4 1655 1656 1713 1712
4 1656 1657 1714 1713
4 1657 1658 1715 1714
4 1658 1659 1716 1715
4 1659 1660 1717 1716
4 1660 1661 1718 1717
4 1661 1662 1719 1718
4 1662 1663 1720 1719
4 1663 1664 1721 1720
4 1665 1666 1723 1722
4 1666 1667 1724 1723
4 1667 1668 1725 1724
4 1668 1669 1726 1725
4 1669 1670 1727 1726
4 1670 1671 1728 1727
4 1671 1672 1729 1728
4 1672 1673 1730 1729
4 1673 1674 1731 1730
4 1674 1675 1732 1731
4 1675 1676 1733 1732
4 1676 1677 1734 1733
4 1677 1678 1735 1734
4 1678 1679 1736 1735
4 1679 1680 1737 1736
4 1680 1681 1738 1737
4 1681 1682 1739 1738
4 1682 1683 1740 1739
4 1683 1684 1741 1740
4 1684 1685 1742 1741
4 1685 1686 1743 1742
4 1686 1687 1744 1743
4 1687 1688 1745 1744
4 1688 1689 1746 1745
4 1689 1690 1747 1746
4 1690 1691 1748 1747
4 1691 1692 1749 1748
4 1692 1693 1750 1749
4 1693 1694 1751 1750
4 1694 1695 1752 1751
4 1695 1696 1753 1752
4 1696 1697 1754 1753
4 1697 1698 1755 1754
4 1698 1699 1756 1755
4 1699 1700 1757 1756
4 1700 1701 1758 1757
4 1701 1702 1759 1758
4 1702 1703 1760 1759
4 1703 1704 1761 1760
4 1704 1705 1762 1761
4 1705 1706 1763 1762
4 1706 1707 1764 1763
4 1707 1708 1765 1764
4 1708 1709 1766 1765
4 1709 1710 1767 1766
4 1710 1711 1768 1767
4 1711 1712 1769 1768
4 1712 1713 1770 1769
4 1713 1714 1771 1770
4 1714 1715 1772 1771
4 1715 1716 1773 1772
4 1716 1717 1774 1773
4 1717 1718 1775 1774
4 1718 1719 1776 1775
4 1719 1720 1777 1776
4 1720 1721 1778 1777
4 1722 1723 1780 1779
4 1723 1724 1781 1780
4 1724 1725 1782 1781
4 1725 1726 1783 1782
4 1726 1727 1784 1783
4 1727 1728 1785 1784
4 1728 1729 1786 1785
4 1729 1730 1787 1786
4 1730 1731 1788 1787
4 1731 1732 1789 1788
4 1732 1733 1790 1789
4 1733 1734 1791 1790
4 1734 1735 1792 1791
4 1735 1736 1793 1792
4 1736 1737 1794 1793
4 1737 1738 1795 1794
4 1738 1739 1796 1795
4 1739 1740 1797 1796
4 1740 1741 1798 1797
4 1741 1742 1799 1798
4 1742 1743 1800 1799
4 1743 1744 1801 1800
4 1744 1745 1802 1801
4 1745 1746 1803 1802
4 1746 1747 1804 1803
4 1747 1748 1805 1804
4 1748 1749 1806 1805
4 1749 1750 1807 1806
4 1750 1751 1808 1807
4 1751 1752 1809 1808
4 1752 1753 1810 1809
4 1753 1754 1811 1810
4 1754 1755 1812 1811
4 1755 1756 1813 1812
4 1756 1757 1814 1813
4 1757 1758 1815 1814
4 1758 1759 1816 1815
4 1759 1760 1817 1816
4 1760 1761 1818 1817
4 1761 1762 1819 1818
4 1762 1763 1820 1819
4 1763 1764 1821 1820
4 1764 1765 1822 1821
4 1765 1766 1823 1822
4 1766 1767 1824 1823
4 1767 1768 1825 1824
4 1768 1769 1826 1825
4 1769 1770 1827 1826
4 1770 1771 1828 1827
4 1771 1772 1829 1828
4 1772 1773 1830 1829
4 1773 1774 1831 1830
4 1774 1775 1832 1831
4 1775 1776 1833 1832
4 1776 1777 1834 1833
4 1777 1778 1835 1834
CELL_TYPES 1504
9
9
9
9
9
9
9
9
9
9
9
9
9
9
9
9
9
9
9
9
9
9
9
9
9
9
9
9
9
9
9
9
9
9
9
9
9
9
9
9
9
9
9
9
9
9
9
9
9
9
9
9
9
9
9
9
9
9
9
9
9
9
9
9
9
9
9
9
9
9
9
9
9
9
9
9
9
9
9
9
9
9
9
9
9
9
9
9
9
9
9
9
9
9
9
9
9
9
9
9
9
9
9
9
9
9
9
9
9
9
9
9
9
9
9
9
9
9
9
9
9
9
9
9
9
9
9
9
9
9
9
9
9
9
9
9
9
9
9
9
9
9
9
9
9
9
9
9
9
9
9
9
9
9
9
9
9
9
9
9
9
9
9
9
9
9
9
9
9
9
9
9
9
9
9
9
9
9
9
9
9
9
9
9
9
9
9
9
9
9
9
9
9
9
9
9
9
9
9
9
9
9
9
9
9
9
9
9
9
9
9
9
9
9
9
9
9
9
9
9
9
9
9
9
9
9
9
9
9
9
9
9
9
9
9
9
9
9
9
9
9
9
9
9
9
9
9
9
9
9
9
9
9
9
9
9
9
9
9
9
9
9
9
9
9
9
9
9
9
9
9
9
9
9
9
9
9
9
9
9
9
9
9
9
9
9
9
9
9
9
9
9
9
9
9
9
9
9
9
9
9
9
9
9
9
9
9
9
9
9
9
9
9
9
9
9
9
9
9
9
9
9
9
9
9
9
9
9
9
9
9
9
9
9
9
9
9
9
9
9
9
9
9
9
9
9
9
9
9
9
9
9
9
9
9
9
9
9
9
9
9
9
9
9
9
9
9
9
9
9
9
9
9
9
9
9
9
9
9
9
9
9
9
9
9
9
9
9
9
9
9
9
9
9
9
9
9
9
9
9
9
9
9
9
9
9
9
9
9
9
9
9
9
9
9
9
9
9
9
9
9
9
9
9
9
9
9
9
9
9
9
9
9
9
9
9
9
9
9
9
9
9
9
9
9
9
9
9
9
9
9
9
9
9
9
9
9
9
9
9
9
9
9
9
9
9
9
9
9
9
9
9
9
9
9
9
9
9
9
9
9
9
9
9
9
9
9
9
9
9
9
9
9
9
9
9
9
9
9
9
9
9
9
9
9
9
9
9
9
9
9
9
9
9
9
9
9
9
9
9
9
9
9
9
9
9
9
9
9
9
9
9
9
9
9
9
9
9
9
9
9
9
9
9
9
9
9
9
9
9
9
9
9
9
9
9
9
9
9
9
9
9
9
9
9
9
9
9
9
9
9
9
9
9
9
9
9
9
9
9
9
9
9
9
9
9
9
9
9
9
9
9
9
9
9
9
9
9
9
9
9
9
9
9
9
9
9
9
9
9
9
9
9
9
9
9
9
9
9
9
9
9
9
9
9
9
9
9
9
9
9
9
9
9
9
9
9
9
9
9
9
9
9
9
9
9
9
9
9
9
9
9
9
9
9
9
9
9
9
9
9
9
9
9
9
9
9
9
9
9
9
9
9
9
9
9
9
9
9
9
9
9
9
9
9
9
9
9
9
9
9
9
9
9
9
9
9
9
9
9
9
9
9
9
9
9
9
9
9
9
9
9
9
9
9
9
9
9
9
9
9
9
9
9
9
9
9
9
9
9
9
9
9
9
9
9
9
9
9
9
9
9
9
9
9
9
9
9
9
9
9
9
9
9
9
9
9
9
9
9
9
9
9
9
9
9
9
9
9
9
9
9
9
9
9
9
9
9
9
9
9
9
9
9
9
9
9
9
9
9
9
9
9
9
9
9
9
9
9
9
9
9
9
9
9
9
9
9
9
9
9
9
9
9
9
9
9
9
9
9
9
9
9
9
9
9
9
9
9
9
9
9
9
9
9
9
9
9
9
9
9
9
9
9
9
9
9
9
9
9
9
9
9
9
9
9
9
9
9
9
9
9
9
9
9
9
9
9
9
9
9
9
9
9
9
9
9
9
9
9
9
9
9
9
9
9
9
9
9
9
9
9
9
9
9
9
9
9
9
9
9
9
9
9
9
9
9
9
9
9
9
9
9
9
9
9
9
9
9
9
9
9
9
9
9
9
9
9
9
9
9
9
9
9
9
9
9
9
9
9
9
9
9
9
9
9
9
9
9
9
9
9
9
9
9
9
9
9
9
9
9
9
9
9
9
9
9
9
9
9
9
9
9
9
9
9
9
9
9
9
9
9
9
9
9
9
9
9
9
9
9
9
9
9
9
9
9
9
9
9
9
9
9
9
9
9
9
9
9
9
9
9
9
9
9
9
9
9
9
9
9
9
9
9
9
9
9
9
9
9
9
9
9
9
9
9
9
9
9
9
9
9
9
9
9
9
9
9
9
9
9
9
9
9
9
9
9
9
9
9
9
9
9
9
9
9
9
9
9
9
9
9
9
9
9
9
9
9
9
9
9
9
9
9
9
9
9
9
9
9
9
9
9
9
9
9
9
9
9
9
9
9
9
9
9
9
9
9
9
9
9
9
9
9
9
9
9
9
9
9
9
9
9
9
9
9
9
9
9
9
9
9
9
9
9
9
9
9
9
9
9
9
9
9
9
9
9
9
9
9
9
9
9
9
9
9
9
9
9
9
9
9
9
9
9
9
9
9
9
9
9
9
9
9
9
9
9
9
9
9
9
9
9
9
9
9
9
9
9
9
9
9
9
9
9
9
9
9
9
9
9
9
9
9
9
9
9
9
9
9
9
9
9
9
9
9
9
9
9
9
9
9
9
9
9
9
9
9
9
9
9
9
9
9
9
9
9
9
9
9
9
9
9
9
9
9
9
9
9
9
9
9
9
9
9
9
9
9
9
9
9
9
9
9
9
9
9
9
9
9
9
9
9
9
9
9
9
9
9
9
9
9
9
9
9
9
9
9
9
9
9
9
9
9
9
9
9
9
9
9
9
9
9
9
9
9
9
9
9
9
9
9
9
9
9
9
9
9
9
9
9
9
9
9
9
9
9
9
9
9
9
9
9
9
9
9
9
9
9
9
9
9
9
9
9
9
9
9
9
9
9
9
9
9
9
9
9
9
9
9
9
9
9
9
9
9
9
9
9
9
9
9
9
9
9
9
9
9
9
9
9
9
9
9
9
9
9
9
9
9
9
9
9
9
9
9
9
9
9
9
9
9
9
9
9
9
9
9
9
9
9
9
9
9
9
9
9
9
9
9
9
9
9
9
9
9
9
9
9
9
9
9
9
9
9
9
9
9
9
9
9
9
9
9
9
9
9
9
9
9
9
9
9
9
9
9
9
9
9
9
9
9
9
9
9
9
9
9
9
9
9
9
9
9
9
9
9
9
9
9
9
9
9
9
9
9
9
9
9
9
9
9
9
9
9
9
9
9
9
9
9
9
9
9
CELL_DATA 1504
SCALARS pressure double 1
LOOKUP_TABLE default
1.16083237456086845e+01
8.55950278792889385e+00
9.01200633954073105e+00
8.02146527054616243e+00
8.21351555694651658e+00
7.95551098038023508e+00
7.90204738836472487e+00
7.96560035657695220e+00
7.70078410451948869e+00
7.97818698351119959e+00
7.52878508139982916e+00
7.99135117862339683e+00
7.36428688443242763e+00
8.00578152560383849e+00
7.19980271859835508e+00
8.02159709616269012e+00
7.03289457989920219e+00
8.04012078219586535e+00
6.86277820147089201e+00
8.06260077384328966e+00
6.68906775259041897e+00
8.08994802394281720e+00
6.51062303542974163e+00
8.12217989343543501e+00
6.32242453963941742e+00
8.15520645620753193e+00
6.09949718970106058e+00
8.16927296702041517e+00
5.79200205819294034e+00
8.08042994617154875e+00
5.27250105789504353e+00
7.68286271058158476e+00
9.14288276528348653e+00
8.52446909144510911e+00
8.64689164795913712e+00
8.19369749280146209e+00
8.22277257476278578e+00
8.06896727661536595e+00
7.94099651657332561e+00
8.02816052191840157e+00
7.73077700368395515e+00
8.01104121699133032e+00
7.54895449259008355e+00
8.01035371351911785e+00
7.37547467716702254e+00
8.01512868239362675e+00
7.20415579674805162e+00
8.02383309026300573e+00
7.03093108907751763e+00
8.03533554357652235e+00
6.85273830986058030e+00
8.04787131008158951e+00
6.66561040055292509e+00
8.05772912299681465e+00
6.46313155599390399e+00
8.05709770859114371e+00
6.23366634577547973e+00
8.02938656001146001e+00
5.93457889292859253e+00
7.94997977130836908e+00
5.51261367981662342e+00
7.74778556260591955e+00
4.89141160609420389e+00
7.29878711864071761e+00
9.14706109188698413e+00
8.55849729419546712e+00
8.68092071164228685e+00
8.22200513515737086e+00
8.25328592505395875e+00
8.08331140726176756e+00
7.95045061699789546e+00
8.02982104814572573e+00
7.72766429998234194e+00
8.00930929130850977e+00
7.54385495652039850e+00
8.00674857129064499e+00
7.37347294366449102e+00
8.01423629722826014e+00
7.20548864739340722e+00
8.02631018379785566e+00
7.03707177477128809e+00
8.04297987893996158e+00
6.86677073282627592e+00
8.06446579633676031e+00
6.69371936746608576e+00
8.09077025442796938e+00
6.51669322496805936e+00
8.12059313596921051e+00
6.33329398282147515e+00
8.14781363307969642e+00
6.10454384743568479e+00
8.16515607492242701e+00
5.78880737583829319e+00
8.09097019510298487e+00
5.22736809507032252e+00
7.68603430446565117e+00
8.43960248189864082e+00
8.38981135751187423e+00
8.35018009893400759e+00
8.23715301021258028e+00
8.16339090959975699e+00
8.12383427370978417e+00
7.93528313981968481e+00
8.07055676457592064e+00
7.73305770818635629e+00
8.03796867774956958e+00
7.55248385861305938e+00
8.02518091110379039e+00
7.37903901117170502e+00
8.02343786757888822e+00
7.20703123126482748e+00
8.02835683969507663e+00
7.03340726217206935e+00
8.03805628511587678e+00
6.85558311320894997e+00
8.05064341796025218e+00
6.67026680813894934e+00
8.06338664644813896e+00
6.47228445490376458e+00
8.07144437817851745e+00
6.25242503774307234e+00
8.06302992468287272e+00
5.97210083483748644e+00
8.01349395645852525e+00
5.54927531775241789e+00
7.81175945718684339e+00
4.80035937616615715e+00
7.16113191341610911e+00
8.49583556854582334e+00
8.41015320896051755e+00
8.40921929661846157e+00
8.24848873897447099e+00
8.17693966147257356e+00
8.15674912181849088e+00
7.96095773712757371e+00
8.08349490446907026e+00
7.74510817463157419e+00
8.04558037046564145e+00
7.55690935382376328e+00
8.02965436106025621e+00
7.38261111394008118e+00
8.02695209624562089e+00
7.21213325821435713e+00
8.03369027834044402e+00
7.04320456912545456e+00
8.04852133605523790e+00
6.87495832749313074e+00
8.07146501421943086e+00
6.70798339620645034e+00
8.10436217715060714e+00
6.54428241150310086e+00
8.15237481865579738e+00
6.38609093088226931e+00
8.22884754425348675e+00
6.22792823978901122e+00
8.32889867264462147e+00
6.02841406833195581e+00
8.37980573885706903e+00
5.44385339794368406e+00
8.01990222282219278e+00
8.26837034461359544e+00
8.29756062584985088e+00
8.25188147366328373e+00
8.22896155243865124e+00
8.11588570708788382e+00
8.16335051836037628e+00
7.92719883676546822e+00
8.11361592692313138e+00
7.74359957935881216e+00
8.07136375516068938e+00
7.56244870018587534e+00
8.04585717150281532e+00
7.38643675719640314e+00
8.03566102273912186e+00
7.21349517578607458e+00
8.03650470519009019e+00
7.04101793457542247e+00
8.04635288425598105e+00
6.86802774501643754e+00
8.06413893630150369e+00
6.69399401278802220e+00
8.09083851439404533e+00
6.51915000100399844e+00
8.13223668530273791e+00
6.34248636248035425e+00
8.20104140644446566e+00
6.15068135046524933e+00
8.29208200625177128e+00
5.87665433437508966e+00
8.30129214410039040e+00
4.97677644444081846e+00
7.39215170168661384e+00
4.35107454811525951e+00
6.79880121742999322e+00
3.32804752402638204e+00
5.80453308884554264e+00
2.44645171707164755e+00
4.86274198533290658e+00
1.82277149812910721e+00
4.04067314110719966e+00
3.94760965766894811e+00
6.57410157652852600e+00
3.13434690767386703e+00
5.79676112534548871e+00
2.43309069285311708e+00
4.95788306307393967e+00
1.92794877471661641e+00
4.19897461518795101e+00
4.10780842305629434e+00
6.67509417658263526e+00
3.12505143704995936e+00
5.76646389512602653e+00
2.33965032690961783e+00
4.86528286148958777e+00
1.76274192567347932e+00
4.04976494802820497e+00
3.20787771499380803e+00
6.40670132286901151e+00
2.56804553126192481e+00
5.67351737612342877e+00
2.16510803087434667e+00
4.87702976369880048e+00
1.70725425619688043e+00
4.04402785750610683e+00
3.38941155635745828e+00
6.43570524591543691e+00
2.55195210790731108e+00
5.62167194800997994e+00
2.05900379021695823e+00
4.79402380234634062e+00
1.50309575960373776e+00
3.82108996496015241e+00
1.61810099466781931e+00
6.27934935866980748e+00
2.06055298950520527e+00
5.59785319344938337e+00
1.99059695842309781e+00
4.83695306515743972e+00
1.55360813173850332e+00
3.67283880993881029e+00
1.40407820062738975e+00
3.37535655378071109e+00
1.20870450706255572e+00
2.96340665888877375e+00
1.13578847229107582e+00
2.69446319252994204e+00
1.11981000256517005e+00
2.49790658662910348e+00
1.12131492782178266e+00
2.33700136998383723e+00
1.11971062179910819e+00
2.19257390562591326e+00
1.10924304495444570e+00
2.05800778677572271e+00
1.09215390276282798e+00
1.92981410291593769e+00
1.07090514832451267e+00
1.80591127922492811e+00
1.04441258069563259e+00
1.68553005199327144e+00
1.01300630441624806e+00
1.56876680685554226e+00
9.77239471202834054e-01
1.45578273689991100e+00
9.37557705568657695e-01
1.34659125235526900e+00
8.94265009907613484e-01
1.24107936889406267e+00
8.47581394629829177e-01
1.13906188549389920e+00
7.97706592160550398e-01
1.04031559470656054e+00
7.44831923384514094e-01
9.44600481994678165e-01
6.89158225006728298e-01
8.51673806124469412e-01
6.30897898955227521e-01
7.61295736135080281e-01
5.70263563557203090e-01
6.73234497150822619e-01
5.07462857271633094e-01
5.87272306732512184e-01
4.42692936399570081e-01
5.03208307121695064e-01
3.76135836554591096e-01
4.20861825568424386e-01
3.07954781483541384e-01
3.40075199903947745e-01
2.38290818311990726e-01
2.60715945178976172e-01
1.67259442557121996e-01
1.82678167659019647e-01
9.49454263625729711e-02
1.05880422137254945e-01
2.13898674897306483e-02
3.02464405271342454e-02
1.56726943398485252e+00
3.57020466411249515e+00
1.39390678538182966e+00
3.14362221593445135e+00
1.29309289384109860e+00
2.83490048697539665e+00
1.24360056934227670e+00
2.59479043377753626e+00
1.20603821596052785e+00
2.39842571878173771e+00
1.17205276891960142e+00
2.23008500771922380e+00
1.13963177755842526e+00
2.08091696386651837e+00
1.11040522559339161e+00
1.94320751075445175e+00
1.08163251817554440e+00
1.81353251432609008e+00
1.05074254955310042e+00
1.68987435925015195e+00
1.01684807771371721e+00
1.57128175225448818e+00
9.79673500530591435e-01
1.45725826852237450e+00
9.39173804259470280e-01
1.34745544548807827e+00
8.95382552038843871e-01
1.24157379320511896e+00
8.48380703201011999e-01
1.13932834606026900e+00
7.98294946586351251e-01
1.04043868996527822e+00
7.45274442627215206e-01
9.44635314789061042e-01
6.89500305028941884e-01
8.51654962413641248e-01
6.31169360650857492e-01
7.61244984161103977e-01
5.70482605665238784e-01
6.73166507901393762e-01
5.07642691365505216e-01
5.87195904851697592e-01
4.42842784303716208e-01
5.03128778343373995e-01
3.76262402607233037e-01
4.20782182837678320e-01
3.08062960414778986e-01
3.39996555892896068e-01
2.38384020667390090e-01
2.60637762518739380e-01
1.67339798722189737e-01
1.82598953219336557e-01
9.50153269522334004e-02
1.05802542665938124e-01
2.14605398721826809e-02
3.01927965052043515e-02
1.37963846129889123e+00
3.38645201212520774e+00
1.30625909964456777e+00
3.03494481747839862e+00
1.24359328675475633e+00
2.76652546876056649e+00
1.19671568358254299e+00
2.54778974521832735e+00
1.17230428666778197e+00
2.36628072199100403e+00
1.15122360759258080e+00
2.20901459091093866e+00
1.12768670083511924e+00
2.06750706573370291e+00
1.10177243720571072e+00
1.93597669014674123e+00
1.07677574488521222e+00
1.80930686460966483e+00
1.04778806450385598e+00
1.68731538288445937e+00
1.01497661803761319e+00
1.56971071317372357e+00
9.78460219958123600e-01
1.45628584408864836e+00
9.38369565305155251e-01
1.34685420730506444e+00
8.94842973323852875e-01
1.24120138029786431e+00
8.48023062769082903e-01
1.13909164670371510e+00
7.98055858604563850e-01
1.04028705682170641e+00
7.45115912657024926e-01
9.44536664071334964e-01
6.89391437801241902e-01
8.51591495616036642e-01
6.31091946347266175e-01
7.61205657000523894e-01
5.70427686529941913e-01
6.73142830036926876e-01
5.07603332355116232e-01
5.87182492612641105e-01
4.42814548984714673e-01
5.03122110063786931e-01
3.76242270206826712e-01
4.20779880144459717e-01
3.08049059618619558e-01
3.39997033326258136e-01
2.38375583905150984e-01
2.60639762993841118e-01
1.67337337952011111e-01
1.82600789282051895e-01
9.50210585794925705e-02
1.05800565219111714e-01
2.14793454993741466e-02
3.01795407663793813e-02
1.25682338671435945e+00
3.42252248348954513e+00
1.30430633576185295e+00
3.11237726276486271e+00
1.30918238119265595e+00
2.86800507193537690e+00
1.29669152783788233e+00
2.64383423833315412e+00
1.25303924371280129e+00
2.42894924313521710e+00
1.20275268774796218e+00
2.24675267665623535e+00
1.15914896890002983e+00
2.08964185507460876e+00
1.12024108866624061e+00
1.94897611930357528e+00
1.08788225233780844e+00
1.81682396214606956e+00
1.05450714101461052e+00
1.69157471674893278e+00
1.01909219315248567e+00
1.57206340555109758e+00
9.81062288896294765e-01
1.45755039594056734e+00
9.40084050245023062e-01
1.34750685893223432e+00
8.96015388568846882e-01
1.24151451756043141e+00
8.48848940653355810e-01
1.13921779491396369e+00
7.98665424691011983e-01
1.04030102963072291e+00
7.45584749813031689e-01
9.44484276638696163e-01
6.89768759886557614e-01
8.51498841069362689e-01
6.31402913469112481e-01
7.61090735747978919e-01
5.70684316555765236e-01
6.73019606464054676e-01
5.07819483462040866e-01
5.87058389075531650e-01
4.42998823952844067e-01
5.03001318464843195e-01
3.76401334298208379e-01
4.20664402599593312e-01
3.08188383610280947e-01
3.39887343119525509e-01
2.38500279231534995e-01
2.60535399432804571e-01
1.67453509734820372e-01
1.82501334269604881e-01
9.51388965702338052e-02
1.05707708498881198e-01
2.16202386391714484e-02
3.01002449944148091e-02
8.74011312599362156e-01
3.04064369141207935e+00
1.14415882564376781e+00
2.93081446136764745e+00
1.26494518551238944e+00
2.78528028056817245e+00
1.25647605224792569e+00
2.59103728901845987e+00
1.22412987390176520e+00
2.41182877342007718e+00
1.18880099894227653e+00
2.24005660710741772e+00
1.15241855826199124e+00
2.08556698265607832e+00
1.11903019402213233e+00
1.94555362647247887e+00
1.08669379707941083e+00
1.81448565240371007e+00
1.05338449948596335e+00
1.68988277100760920e+00
1.01818255942784597e+00
1.57086427373481197e+00
9.80414353657092508e-01
1.45671623443061571e+00
9.39668032025451572e-01
1.34692300036346757e+00
8.95768673762441736e-01
1.24110125431914242e+00
8.48709061509798079e-01
1.13892654780001767e+00
7.98590937739748208e-01
1.04009449638529650e+00
7.45551230349337901e-01
9.44334057926561998e-01
6.89762140522690803e-01
8.51386665543029664e-01
6.31414671527983806e-01
7.61003425718328352e-01
5.70706161211408713e-01
6.72949381863749863e-01
5.07845878626645653e-01
5.87000783508736190e-01
4.43028004543165710e-01
5.02952893085611974e-01
3.76431919727695963e-01
4.20622793567438591e-01
3.08219984484453424e-01
3.39850807944321376e-01
2.38533692563105471e-01
2.60502315829666209e-01
1.67491173924236209e-01
1.82469500946624563e-01
9.51859462186779998e-02
1.05673169392060853e-01
2.16871330737380963e-02
3.00569836357464058e-02
5.92054232133960689e-01
3.07645945788698993e+00
1.13346191694020759e+00
3.01502340622019505e+00
1.32928763754453882e+00
2.88462475628474735e+00
1.34975102431286742e+00
2.68371620993623639e+00
1.29472463477472810e+00
2.46544835546321250e+00
1.23215884450807844e+00
2.27640630982881920e+00
1.17932731728295437e+00
2.10584798542748786e+00
1.13514760884260202e+00
1.95648955853713757e+00
1.09654108120512972e+00
1.82087164565524740e+00
1.05925509554242936e+00
1.69349606531528041e+00
1.02165764143010840e+00
1.57281323727545685e+00
9.82548977739860940e-01
1.45773536508738366e+00
9.41054251109401219e-01
1.34742485485889030e+00
8.96726037354677485e-01
1.24130857407901951e+00
8.49408183168227748e-01
1.13896573080696295e+00
7.99103613138796964e-01
1.04005851258498194e+00
7.45936230622714080e-01
9.44264235540786978e-01
6.90059203165013679e-01
8.51301067382607579e-01
6.31650421683787600e-01
7.60912144195064477e-01
5.70907275731596831e-01
6.72853201425194003e-01
5.08016899150712131e-01
5.86903694191466374e-01
4.43173629220595999e-01
5.02858472987072536e-01
3.76557799003114257e-01
4.20532757592419204e-01
3.08330825161207633e-01
3.39765760594802346e-01
2.38634275721688327e-01
2.60422245756180060e-01
1.67587656294177684e-01
1.82394180632043768e-01
9.52881111203815745e-02
1.05602089914728636e-01
2.18123404991349516e-02
2.99881955436445795e-02
8.30200580112386888e+00
8.31066345651984051e+00
8.27419121864686247e+00
8.23974225838992602e+00
8.13564596341936763e+00
8.17517004867392139e+00
7.94969451084318735e+00
8.11883414905634737e+00
7.74922933852633911e+00
8.08169860977375976e+00
7.56542454481952653e+00
8.05480211790371392e+00
7.39252682871490574e+00
8.04033069484574447e+00
7.21871011619757841e+00
8.04120585078889860e+00
7.04894238683979335e+00
8.05402291815130233e+00
6.88291329699362109e+00
8.07835621411479998e+00
6.72357841670081413e+00
8.11720465682157410e+00
6.57981542795266527e+00
8.17897154813540261e+00
6.47244870215978096e+00
8.32582005873783437e+00
6.42577882643593679e+00
8.56872534438863909e+00
6.56731078157364134e+00
8.97571531637640341e+00
7.05673641220938919e+00
9.58406574391492327e+00
8.24506067970313872e+00
8.27557703672865763e+00
8.22549776772344288e+00
8.23196454857812832e+00
8.11400881535074880e+00
8.17538231171352692e+00
7.94136359254642610e+00
8.12648148998617970e+00
7.74972280921953161e+00
8.08995978740386512e+00
7.56496399172830358e+00
8.06338851871886320e+00
7.39343670946560128e+00
8.04541540716433090e+00
7.21999169151994646e+00
8.04279713585993505e+00
7.04849443765069505e+00
8.05361713662802536e+00
6.88088276903031204e+00
8.07607645293500731e+00
6.71960629816689803e+00
8.11216058640652626e+00
6.57356903165261031e+00
8.17541064455286381e+00
6.45975428837649002e+00
8.32091780536107883e+00
6.40931416748430660e+00
8.55716393259580421e+00
6.54496378306102677e+00
8.90371356354389931e+00
6.99972854611631856e+00
9.12271318713226442e+00
8.24506067964207112e+00
8.27557703689180535e+00
8.22549776749252359e+00
8.23196454892542384e+00
8.11400881494346038e+00
8.17538231222477840e+00
7.94136359200914033e+00
8.12648149060219538e+00
7.74972280862562268e+00
8.08995978803745075e+00
7.56496399116183760e+00
8.06338851928302525e+00
7.39343670900217820e+00
8.04541540762713581e+00
7.21999169117627737e+00
8.04279713628275950e+00
7.04849443728155922e+00
8.05361713718789929e+00
6.88088276845578584e+00
8.07607645379257555e+00
6.71960629728989822e+00
8.11216058758492586e+00
6.57356903054093067e+00
8.17541064589461186e+00
6.45975428722752554e+00
8.32091780669868442e+00
6.40931416648826513e+00
8.55716393374652995e+00
6.54496378238707077e+00
8.90371356437005801e+00
6.99972854586563287e+00
9.12271318759079897e+00
8.30200580123617904e+00
8.31066345641220572e+00
8.27419121891985299e+00
8.23974225810238003e+00
8.13564596386415140e+00
8.17517004823286442e+00
7.94969451143890282e+00
8.11883414851167728e+00
7.74922933919259016e+00
8.08169860923257133e+00
7.56542454547708143e+00
8.05480211746697705e+00
7.39252682924224835e+00
8.04033069458741423e+00
7.21871011661008311e+00
8.04120585063316362e+00
7.04894238730114520e+00
8.05402291789255287e+00
6.88291329773924154e+00
8.07835621356278288e+00
6.72357841786184451e+00
8.11720465596314611e+00
6.57981542945127007e+00
8.17897154715621610e+00
6.47244870377985659e+00
8.32582005787705626e+00
6.42577882796707200e+00
8.56872534384981321e+00
6.56731078287387415e+00
8.97571531630034869e+00
7.05673641326482315e+00
9.58406574444616766e+00
-1.66488159042930406e-02
2.25005279868902930e+00
9.45406635678644802e-01
2.76978137023925441e+00
1.27835352103491440e+00
2.80932787645617354e+00
1.32200615492953855e+00
2.65702288864353386e+00
1.28288138217501624e+00
2.46104890272593080e+00
1.23032955978471104e+00
2.26829571398653096e+00
1.18375121887333989e+00
2.10191833435810738e+00
1.14024576249459719e+00
1.95598410527720579e+00
1.09872058349031998e+00
1.82086611342425120e+00
1.05961730257297515e+00
1.69302150664424067e+00
1.02157248220176755e+00
1.57234041073034003e+00
9.82403490197986673e-01
1.45735626181662270e+00
9.40949367953634597e-01
1.34713578381954902e+00
8.96673872521883686e-01
1.24108924458943104e+00
8.49397356463725051e-01
1.13879732993612359e+00
7.99124874607235358e-01
1.03992171156560520e+00
7.45968875681194410e-01
9.44156633776488396e-01
6.90094141587427878e-01
8.51218503290282147e-01
6.31684702105312024e-01
7.60848066182337024e-01
5.70938424996389915e-01
6.72803185507068191e-01
5.08048150615447947e-01
5.86862545545829950e-01
4.43204883870945698e-01
5.02822930318830186e-01
3.76588080927589219e-01
4.20501313046774461e-01
3.08360311196020698e-01
3.39737473851673466e-01
2.38664008275673328e-01
2.60396228502866478e-01
1.67619809868765152e-01
1.82369100388242333e-01
9.53267511804400669e-02
1.05575325355121902e-01
2.18652321712021168e-02
2.99551653571198881e-02
9.50479754814841149e-01
2.51832772185586329e+00
1.18293471699790298e+00
2.86761316750358919e+00
1.35116868043809890e+00
2.86480583164049296e+00
1.36674504782501849e+00
2.69679525297152978e+00
1.31212085191054917e+00
2.48634373168862943e+00
1.24813078974679326e+00
2.28623848979363453e+00
1.19413605139960399e+00
2.10997262386629414e+00
1.14837166620581899e+00
1.95878689899919700e+00
1.10477859433473524e+00
1.82378703195651948e+00
1.06263664851391648e+00
1.69476568230323754e+00
1.02307380445175422e+00
1.57319212725471469e+00
9.83281112229659193e-01
1.45779083333884385e+00
9.41505755506225395e-01
1.34734810636417168e+00
8.97051541692513332e-01
1.24117867977848317e+00
8.49669579861170865e-01
1.13881830621380487e+00
7.99329132087017835e-01
1.03990606486652504e+00
7.46124161743709213e-01
9.44125097559640580e-01
6.90212939999902964e-01
8.51182473150044916e-01
6.31778055637468694e-01
7.60811306257855535e-01
5.71014321609960351e-01
6.72766987960442875e-01
5.08112098075733210e-01
5.86827136377521597e-01
4.43259928334002073e-01
5.02788502697607220e-01
3.76635700489059699e-01
4.20468383995062922e-01
3.08402270768365849e-01
3.39706334927348585e-01
2.38702256358993864e-01
2.60366961725760349e-01
1.67656888240723306e-01
1.82341620537560284e-01
9.53665602030187298e-02
1.05549124431960503e-01
2.19142523782240584e-02
2.99286220893915794e-02
9.50479754994834170e-01
2.51832772208491118e+00
1.18293471742538125e+00
2.86761316683096057e+00
1.35116868197955386e+00
2.86480583004040490e+00
1.36674504970013477e+00
2.69679525147964627e+00
1.31212085332840056e+00
2.48634373073385362e+00
1.24813079060657395e+00
2.28623848930184659e+00
1.19413605186573180e+00
2.10997262359194337e+00
1.14837166651095246e+00
1.95878689883960355e+00
1.10477859454306926e+00
1.82378703186858893e+00
1.06263664862786444e+00
1.69476568231990776e+00
1.02307380445568996e+00
1.57319212734538594e+00
9.83281112180958039e-01
1.45779083342433191e+00
9.41505755497080044e-01
1.34734810637055547e+00
8.97051541762973192e-01
1.24117867971402784e+00
8.49669579964035138e-01
1.13881830614938151e+00
7.99329132154982469e-01
1.03990606484728443e+00
7.46124161763377258e-01
9.44125097569076033e-01
6.90212940020493826e-01
8.51182473146017138e-01
6.31778055671001426e-01
7.60811306250581798e-01
5.71014321616825749e-01
6.72766987997644006e-01
5.08112098031433645e-01
5.86827136465853050e-01
4.43259928263033454e-01
5.02788502784139668e-01
3.76635700457513101e-01
4.20468384019204777e-01
3.08402270815952007e-01
3.39706334880047534e-01
2.38702256466201218e-01
2.60366961647798711e-01
1.67656888360435186e-01
1.82341620471347082e-01
9.53665603084350028e-02
1.05549124387844973e-01
2.19142524742442744e-02
2.99286220556472388e-02
-1.66488154645151980e-02
2.25005279915226453e+00
9.45406635806662399e-01
2.76978137136755009e+00
1.27835352017873638e+00
2.80932787825584729e+00
1.32200615372776364e+00
2.65702289028404470e+00
1.28288138128823825e+00
2.46104890382872687e+00
1.23032955935232691e+00
2.26829571470224511e+00
1.18375121867756050e+00
2.10191833482387880e+00
1.14024576240000619e+00
1.95598410562771696e+00
1.09872058342661982e+00
1.82086611367845808e+00
1.05961730257713405e+00
1.69302150676403040e+00
1.02157248231339071e+00
1.57234041072322661e+00
9.82403490364568643e-01
1.45735626178777733e+00
9.40949368056066771e-01
1.34713578387701283e+00
8.96673872503438885e-01
1.24108924473035231e+00
8.49397356390520941e-01
1.13879733006685901e+00
7.99124874575771638e-01
1.03992171162708957e+00
7.45968875706631285e-01
9.44156633800090073e-01
6.90094141603387778e-01
8.51218503338220023e-01
6.31684702093149086e-01
7.60848066240064291e-01
5.70938425016656814e-01
6.72803185503901502e-01
5.08048150712520186e-01
5.86862545467981223e-01
4.43204884013278677e-01
5.02822930239478882e-01
3.76588081021138832e-01
4.20501313051978687e-01
3.08360311182611091e-01
3.39737473953440616e-01
2.38664008182123438e-01
2.60396228640081162e-01
1.67619809761869271e-01
1.82369100496853370e-01
9.53267510962562264e-02
1.05575325418043306e-01
2.18652320969207371e-02
2.99551653889946930e-02
8.26837034460674936e+00
8.29756062605591538e+00
8.25188147348529277e+00
8.22896155283114972e+00
8.11588570672220477e+00
8.16335051894330910e+00
7.92719883627923849e+00
8.11361592762223438e+00
7.74359957880930949e+00
8.07136375590106958e+00
7.56244869971443734e+00
8.04585717212609275e+00
7.38643675696373148e+00
8.03566102315370756e+00
7.21349517581837052e+00
8.03650470550492813e+00
7.04101793466038650e+00
8.04635288478494459e+00
6.86802774483136336e+00
8.06413893734521814e+00
6.69399401216536916e+00
8.09083851599053716e+00
6.51915000008979550e+00
8.13223668720114823e+00
6.34248636161449042e+00
8.20104140833398532e+00
6.15068134992821580e+00
8.29208200805043383e+00
5.87665433430799045e+00
8.30129214571699769e+00
4.97677644500637850e+00
7.39215170341424166e+00
8.49583556870208234e+00
8.41015320891642482e+00
8.40921929692175318e+00
8.24848873875342292e+00
8.17693966192643806e+00
8.15674912145916231e+00
7.96095773777270566e+00
8.08349490398694925e+00
7.74510817538865926e+00
8.04558036998893122e+00
7.55690935452359547e+00
8.02965436082514472e+00
7.38261111436628159e+00
8.02695209642773300e+00
7.21213325833643637e+00
8.03369027882159337e+00
7.04320456926047989e+00
8.04852133641220568e+00
6.87495832814120078e+00
8.07146501404261940e+00
6.70798339764672047e+00
8.10436217642282841e+00
6.54428241355384976e+00
8.15237481777705320e+00
6.38609093309898679e+00
8.22884754369278504e+00
6.22792824186134375e+00
8.32889867264734640e+00
6.02841407018449615e+00
8.37980573946454399e+00
5.44385339975380678e+00
8.01990222424223553e+00
8.43960248194663265e+00
8.38981135773962272e+00
8.35018009882626977e+00
8.23715301061958982e+00
8.16339090931721323e+00
8.12383427430573057e+00
7.93528313937966256e+00
8.07055676533719968e+00
7.73305770767370060e+00
8.03796867858121189e+00
7.55248385826011770e+00
8.02518091166546732e+00
7.37903901131630846e+00
8.02343786766110156e+00
7.20703123198293572e+00
8.02835683948456236e+00
7.03340726305695263e+00
8.03805628523867988e+00
6.85558311359781136e+00
8.05064341903124792e+00
6.67026680768621461e+00
8.06338664853165632e+00
6.47228445391939378e+00
8.07144438076136872e+00
6.25242503690782847e+00
8.06302992718794265e+00
5.97210083452355089e+00
8.01349395875908144e+00
5.54927531822635256e+00
7.81175945927705140e+00
4.80035937733241624e+00
7.16113191555338080e+00
9.14706109206904117e+00
8.55849729422187977e+00
8.68092071189717096e+00
8.22200513508012065e+00
8.25328592546419415e+00
8.08331140702976647e+00
7.95045061760489613e+00
8.02982104778675776e+00
7.72766430071702981e+00
8.00930929095443567e+00
7.54385495715538301e+00
8.00674857131819273e+00
7.37347294385890262e+00
8.01423629792300751e+00
7.20548864706848136e+00
8.02631018498911075e+00
7.03707177441149234e+00
8.04297987996339536e+00
6.86677073321452625e+00
8.06446579654761031e+00
6.69371936902872022e+00
8.09077025381074044e+00
6.51669322739799117e+00
8.12059313515880810e+00
6.33329398541251898e+00
8.14781363278055792e+00
6.10454384985573562e+00
8.16515607534285515e+00
5.78880737794853850e+00
8.09097019627280289e+00
5.22736809713579209e+00
7.68603430626151418e+00
9.14288276538531441e+00
8.52446909164873468e+00
8.64689164796373788e+00
8.19369749312049223e+00
8.22277257464678080e+00
8.06896727707208505e+00
7.94099651634187520e+00
8.02816052253346157e+00
7.73077700340155971e+00
8.01104121764752364e+00
7.54895449249744566e+00
8.01035371391831674e+00
7.37547467758672237e+00
8.01512868231615627e+00
7.20415579775103154e+00
8.02383308991186084e+00
7.03093109025707630e+00
8.03533554357777824e+00
6.85273831056713423e+00
8.04787131104128051e+00
6.66561040046505315e+00
8.05772912496333049e+00
6.46313155544082374e+00
8.05709771105057904e+00
6.23366634543799059e+00
8.02938656241845905e+00
5.93457889316354237e+00
7.94997977356609908e+00
5.51261368079854464e+00
7.74778556476555558e+00
4.89141160765796990e+00
7.29878712091561699e+00
1.16083237457728732e+01
8.55950278803530118e+00
9.01200633972474741e+00
8.02146527062823367e+00
8.21351555717719251e+00
7.95551098039279658e+00
7.90204738869913204e+00
7.96560035655217025e+00
7.70078410493281851e+00
7.97818698352376288e+00
7.52878508179792760e+00
7.99135117883976065e+00
7.36428688468345616e+00
8.00578152610977511e+00
7.19980271871283151e+00
8.02159709689218303e+00
7.03289458007934787e+00
8.04012078292138987e+00
6.86277820201542532e+00
8.06260077435056211e+00
6.68906775365313777e+00
8.08994802427070780e+00
6.51062303689132094e+00
8.12217989386251027e+00
6.32242454124795294e+00
8.15520645700570590e+00
6.09949719137723445e+00
8.16927296826433569e+00
5.79200205997798623e+00
8.08042994784597468e+00
5.27250105989396189e+00
7.68286271264044895e+00
1.61810099644778727e+00
6.27934936094347229e+00
2.06055299154858496e+00
5.59785319576465490e+00
1.99059696047113555e+00
4.83695306722780760e+00
1.55360813348854410e+00
3.67283881136914481e+00
3.38941155835986940e+00
6.43570524802745147e+00
2.55195211003154521e+00
5.62167195026376376e+00
2.05900379227878894e+00
4.79402380445350040e+00
1.50309576133195888e+00
3.82108996662748890e+00
3.20787771675458844e+00
6.40670132526328118e+00
2.56804553330569130e+00
5.67351737849235427e+00
2.16510803296938903e+00
4.87702976584889214e+00
1.70725425811518683e+00
4.04402785923626240e+00
4.10780842523033307e+00
6.67509417879672373e+00
3.12505143929735674e+00
5.76646389745611465e+00
2.33965032911098669e+00
4.86528286373808960e+00
1.76274192762330850e+00
4.04976495002218861e+00
3.94760965966156219e+00
6.57410157895958225e+00
3.13434690989355413e+00
5.79676112779931874e+00
2.43309069509750264e+00
4.95788306538183932e+00
1.92794877681314425e+00
4.19897461719506371e+00
4.35107455031273727e+00
6.79880121980783336e+00
3.32804752636043943e+00
5.80453309131626050e+00
2.44645171938340678e+00
4.86274198770509347e+00
1.82277150025762480e+00
4.04067314323351123e+00
5.92054233222681248e-01
3.07645945862124837e+00
1.13346191802670848e+00
3.01502340631211041e+00
1.32928763909906267e+00
2.88462475579427702e+00
1.34975102592402840e+00
2.68371620939104760e+00
1.29472463605494381e+00
2.46544835515267646e+00
1.23215884538972120e+00
2.27640630981350434e+00
1.17932731783233158e+00
2.10584798549345109e+00
1.13514760927088543e+00
1.95648955855959272e+00
1.09654108161193475e+00
1.82087164565273385e+00
1.05925509583949973e+00
1.69349606542317699e+00
1.02165764151517258e+00
1.57281323753306879e+00
9.82548977679321811e-01
1.45773536535073855e+00
9.41054251100977845e-01
1.34742485495665099e+00
8.96726037504994467e-01
1.24130857401548123e+00
8.49408183384700699e-01
1.13896573073682283e+00
7.99103613277514557e-01
1.04005851260476989e+00
7.45936230664614786e-01
9.44264235599500568e-01
6.90059203221261130e-01
8.51301067385753729e-01
6.31650421789528460e-01
7.60912144179722305e-01
5.70907275803779313e-01
6.72853201508242793e-01
5.08016899089498097e-01
5.86903694406366916e-01
4.43173629076733744e-01
5.02858473213770862e-01
3.76557798933678467e-01
4.20532757682602620e-01
3.08330825263934794e-01
3.39765760522027283e-01
2.38634275948122004e-01
2.60422245618254722e-01
1.67587656524278122e-01
1.82394180531457312e-01
9.52881112854247481e-02
1.05602089869483245e-01
2.18123406139913434e-02
2.99881955112409893e-02
8.74011313749272434e-01
3.04064369275072188e+00
1.14415882635987387e+00
2.93081446282361435e+00
1.26494518570055736e+00
2.78528028210957856e+00
1.25647605217164271e+00
2.59103729035198738e+00
1.22412987388326799e+00
2.41182877436793808e+00
1.18880099911857817e+00
2.24005660772079240e+00
1.15241855856884201e+00
2.08556698311479449e+00
1.11903019420722982e+00
1.94555362698188028e+00
1.08669379708255032e+00
1.81448565291354624e+00
1.05338449949850665e+00
1.68988277128986564e+00
1.01818255966787796e+00
1.57086427370618353e+00
9.80414354062764781e-01
1.45671623431688180e+00
9.39668032305211676e-01
1.34692300044878310e+00
8.95768673747151856e-01
1.24110125461898613e+00
8.48709061356483274e-01
1.13892654807709071e+00
7.98590937703538062e-01
1.04009449648046282e+00
7.45551230440040236e-01
9.44334057955958373e-01
6.89762140576689831e-01
8.51386665663722120e-01
6.31414671483344514e-01
7.61003425879603457e-01
5.70706161213778373e-01
6.72949381875476371e-01
5.07845878844298881e-01
5.87000783311669827e-01
4.43028004901749151e-01
5.02952892865926926e-01
3.76431919978970464e-01
4.20622793557267782e-01
3.08219984470861685e-01
3.39850808180193642e-01
2.38533692358653154e-01
2.60502316147225521e-01
1.67491173715772323e-01
1.82469501173024795e-01
9.51859461072967206e-02
1.05673169489630708e-01
2.16871330200415838e-02
3.00569836615815315e-02
1.25682338836069540e+00
3.42252248474713205e+00
1.30430633730555523e+00
3.11237726356549871e+00
1.30918238272300402e+00
2.86800507237970237e+00
1.29669152920310249e+00
2.64383423869498291e+00
1.25303924471454375e+00
2.42894924364082820e+00
1.20275268836978633e+00
2.24675267726836303e+00
1.15914896927147582e+00
2.08964185556651971e+00
1.12024108909143849e+00
1.94897611947304572e+00
1.08788225297917585e+00
1.81682396209682517e+00
1.05450714155966407e+00
1.69157471688034211e+00
1.01909219327735778e+00
1.57206340603636097e+00
9.81062288689157347e-01
1.45755039648188678e+00
9.40084050144871619e-01
1.34750685912438595e+00
8.96015388834173532e-01
1.24151451739566343e+00
8.48848941075192931e-01
1.13921779474954299e+00
7.98665424926549905e-01
1.04030102969102511e+00
7.45584749848228645e-01
9.44484276766453190e-01
6.89768759963968248e-01
8.51498841049964761e-01
6.31402913700082169e-01
7.61090735661230644e-01
5.70684316710591499e-01
6.73019606599973064e-01
5.07819483305847807e-01
5.87058389522374213e-01
4.42998823590629642e-01
5.03001318949844900e-01
3.76401334091370332e-01
4.20664402777490343e-01
3.08188383787682652e-01
3.39887342928204605e-01
2.38500279679119603e-01
2.60535399104896814e-01
1.67453510167652447e-01
1.82501334050057806e-01
9.51388968267869867e-02
1.05707708428973063e-01
2.16202387627949105e-02
3.01002449678845034e-02
1.37963846290162673e+00
3.38645201387801720e+00
1.30625910088322161e+00
3.03494481907838010e+00
1.24359328764889798e+00
2.76652547017891415e+00
1.19671568427103159e+00
2.54778974633257027e+00
1.17230428737371084e+00
2.36628072267444312e+00
1.15122360839921223e+00
2.20901459127644761e+00
1.12768670163263773e+00
2.06750706607744172e+00
1.10177243764152077e+00
1.93597669075402368e+00
1.07677574490494066e+00
1.80930686534418350e+00
1.04778806447773620e+00
1.68731538330284336e+00
1.01497661837587549e+00
1.56971071309325882e+00
9.78460220582428652e-01
1.45628584387115234e+00
9.38369565741552170e-01
1.34685420741353434e+00
8.94842973305056022e-01
1.24120138073870412e+00
8.48023062536581107e-01
1.13909164709378063e+00
7.98055858555296038e-01
1.04028705692822876e+00
7.45115912816011083e-01
9.44536664087457289e-01
6.89391437886717418e-01
8.51591495802044185e-01
6.31091946248441005e-01
7.61205657265377367e-01
5.70427686514020760e-01
6.73142830048485297e-01
5.07603332697341370e-01
5.87182492270912681e-01
4.42814549564069737e-01
5.03122109681833019e-01
3.76242270607652585e-01
4.20779880112159943e-01
3.08049059579974693e-01
3.39997033702371221e-01
2.38375583558770032e-01
2.60639763498229649e-01
1.67337337619270415e-01
1.82600789624013160e-01
9.50210584325903995e-02
1.05800565342947364e-01
2.14793454694878691e-02
3.01795407819825355e-02
1.56726943586370893e+00
3.57020466575874007e+00
1.39390678705233362e+00
3.14362221722927382e+00
1.29309289530140692e+00
2.83490048799807459e+00
1.24360057052454254e+00
2.59479043470072446e+00
1.20603821680002055e+00
2.39842571972685681e+00
1.17205276940210057e+00
2.23008500866398540e+00
1.13963177785652325e+00
2.08091696458765973e+00
1.11040522604211556e+00
1.94320751104876233e+00
1.08163251885453593e+00
1.81353251435924467e+00
1.05074255014645446e+00
1.68987435944347530e+00
1.01684807788279863e+00
1.57128175278642757e+00
9.79673500369103278e-01
1.45725826909231615e+00
9.39173804205985840e-01
1.34745544569917897e+00
8.95382552340554083e-01
1.24157379306616722e+00
8.48380703645488454e-01
1.13932834593106769e+00
7.98294946833367991e-01
1.04043869005883916e+00
7.45274442669781489e-01
9.44635314942859572e-01
6.89500305128125102e-01
8.51654962407972671e-01
6.31169360902635979e-01
7.61244984089213594e-01
5.70482605831843959e-01
6.73166508062957192e-01
5.07642691208600283e-01
5.87195905331541645e-01
4.42842783938142803e-01
5.03128778854642800e-01
3.76262402407786023e-01
4.20782183024690337e-01
3.08062960613112391e-01
3.39996555696692682e-01
2.38384021138908969e-01
2.60637762184202704e-01
1.67339799168240100e-01
1.82598953000469827e-01
9.50153272054495429e-02
1.05802542603607830e-01
2.14605399791095164e-02
3.01927964875384758e-02
1.40407820247895310e+00
3.37535655561743431e+00
1.20870450860169343e+00
2.96340666045915224e+00
1.13578847354096024e+00
2.69446319384789446e+00
1.11981000358822458e+00
2.49790658768348672e+00
1.12131492871033744e+00
2.33700137076498438e+00
1.11971062260802157e+00
2.19257390620207770e+00
1.10924304565074250e+00
2.05800778728446288e+00
1.09215390324314265e+00
1.92981410345915450e+00
1.07090514859794039e+00
1.80591127974980648e+00
1.04441258092257216e+00
1.68553005234138165e+00
1.01300630475577824e+00
1.56876680697800563e+00
9.77239471616913713e-01
1.45578273694724025e+00
9.37557705855499912e-01
1.34659125251893919e+00
8.94265009983811976e-01
1.24107936917391726e+00
8.47581394633075247e-01
1.13906188572774103e+00
7.97706592227767852e-01
1.04031559481521141e+00
7.44831923519571060e-01
9.44600482068509106e-01
6.89158225098047805e-01
8.51673806267122080e-01
6.30897898970817383e-01
7.61295736302085690e-01
5.70263563611712598e-01
6.73234497209055149e-01
5.07462857471374096e-01
5.87272306650690634e-01
4.42692936687655136e-01
5.03208307030685642e-01
3.76135836763211995e-01
4.20861825618704888e-01
3.07954781515513587e-01
3.40075200107523123e-01
2.38290818226197632e-01
2.60715945417061501e-01
1.67259442479022691e-01
1.82678167816779091e-01
9.49454263510365187e-02
1.05880422196062071e-01
2.13898675091626529e-02
3.02464405301652861e-02
VECTORS velocity double
8.10792086560380931e-01 1.68888383782003881e-01 0
7.26700763388827831e-01 1.07578221378149583e-01 0
4.80287540014082859e-01 1.00726272685361495e-01 0
4.04020809125735791e-01 4.67210819121151727e-02 0
2.94203397517326104e-01 3.07523856640705903e-02 0
2.77888431990100493e-01 1.14601531561357960e-02 0
2.28603729712116260e-01 8.22234228230951138e-03 0
2.31687725894124535e-01 2.77690153465535864e-03 0
2.02524566415501150e-01 2.51203446697023181e-03 0
2.11539366503860848e-01 9.70706232152380327e-04 0
1.89521765509692908e-01 8.61272882033504018e-04 0
2.01708453912254143e-01 3.11735127766593254e-04 0
1.82617278449031306e-01 3.51651272037295439e-04 0
1.96893232215986508e-01 1.63921459161414922e-04 0
1.79000124159056223e-01 2.47555488001657310e-04 0
1.94739758310340932e-01 2.29996411806306555e-04 0
1.77185757477301087e-01 3.42753038044903385e-04 0
1.94231069354095259e-01 4.21767989448861361e-04 0
1.76738466121694193e-01 5.86200648693481355e-04 0
1.95301479649042570e-01 7.53221128975625526e-04 0
1.78051827948063401e-01 1.01191641357294831e-03 0
1.98838843027950379e-01 1.26887785973991908e-03 0
1.82710280383148210e-01 1.57108609105068996e-03 0
2.07595829582595065e-01 1.83971939914079645e-03 0
1.95018068539933614e-01 1.71244105577829245e-03 0
2.28999889754259417e-01 2.01153806600483766e-03 0
2.24748938105885449e-01 1.00989041858331671e-03 0
2.76280452550727973e-01 -4.46114329378476864e-04 0
2.93376664353770245e-01 -3.09256156597626170e-03 0
3.74241899991883176e-01 -7.23663366949091769e-03 0
4.25962399870352670e-01 -9.64478131827800969e-03 0
5.30387792801047309e-01 -9.43969918750795639e-03 0
1.00792558783012254e+00 2.93635606686995621e-01 0
1.00041214136316436e+00 2.22879723527675710e-01 0
9.13818965762077773e-01 2.22024252427596908e-01 0
8.50438335531982670e-01 1.39269070503849540e-01 0
7.53742365055358188e-01 9.54992835163210874e-02 0
7.10442631902982957e-01 5.39945535306752197e-02 0
6.41509434624920161e-01 3.81452599274157630e-02 0
6.25561760867520689e-01 2.31158111805350036e-02 0
5.78912067920368978e-01 1.78408404663855519e-02 0
5.79008643237449383e-01 1.18114846912175629e-02 0
5.44950756284910853e-01 9.20662252217909621e-03 0
5.53701978752150104e-01 6.34059363079888822e-03 0
5.26156891239004332e-01 4.72898264180345550e-03 0
5.40237423351830670e-01 3.17587534682898165e-03 0
5.16040505568312713e-01 2.19356685814873923e-03 0
5.33703549345743600e-01 1.28801919485798094e-03 0
5.11232544404132017e-01 4.69368248966641258e-04 0
5.31818640176218826e-01 -2.83201400943742360e-04 0
5.10601221351592582e-01 -1.34421057848310059e-03 0
5.34420577788199180e-01 -2.38077324641437424e-03 0
5.15129796962424558e-01 -4.23485674493740034e-03 0
5.43749996965628535e-01 -6.24007659546611630e-03 0
5.28774638871928770e-01 -1.00184208447863347e-02 0
5.65920061007205599e-01 -1.44521673024663646e-02 0
5.60991109540000421e-01 -2.28178826918098016e-02 0
6.14437246343009780e-01 -3.20332186726951101e-02 0
6.32173105730513774e-01 -4.80085180776559581e-02 0
7.17413557443188354e-01 -6.84524135808949330e-02 0
7.77657872509186832e-01 -9.46097049486022273e-02 0
9.14506326813844472e-01 -1.25593989687924318e-01 0
1.03516903958812923e+00 -1.46268798448223464e-01 0
1.21948055769592334e+00 -1.52024091593454619e-01 0
1.06032159275708748e+00 1.60567663157395235e-01 0
1.11662333309882533e+00 2.01631553916823969e-01 0
1.11853861913666286e+00 2.50795461669225561e-01 0
1.11130082851109413e+00 2.06661109625578682e-01 0
1.05166407827159358e+00 1.70917109900223935e-01 0
1.01590082564868855e+00 1.23500139823985083e-01 0
9.52283555785398583e-01 9.33205359461641015e-02 0
9.29970114236776557e-01 6.51318791070602532e-02 0
8.81440421612577962e-01 4.93323149383565335e-02 0
8.75318374475199001e-01 3.46386817188832075e-02 0
8.39426108470385790e-01 2.64833888047541662e-02 0
8.43789137921682308e-01 1.87699205270582467e-02 0
8.15592464285847196e-01 1.41708707211093705e-02 0
8.26279335791959335e-01 9.90919288870707390e-03 0
8.02192615340846071e-01 7.16696764498715201e-03 0
8.17065456863386497e-01 4.64032665465844048e-03 0
7.95232193950052069e-01 2.63498434025049872e-03 0
8.13319781385500873e-01 6.38317764721207698e-04 0
7.93067102838470928e-01 -1.59624544519784651e-03 0
8.14430222034146278e-01 -4.19737614608881732e-03 0
7.96267835817028868e-01 -7.89579127784989336e-03 0
8.22266704241985891e-01 -1.27953381161915441e-02 0
8.08428803076694846e-01 -2.01849642548778269e-02 0
8.42585833620291602e-01 -3.07836280102705868e-02 0
8.38735472374331548e-01 -4.64079823072747269e-02 0
8.88558735497188334e-01 -6.95568185673049733e-02 0
9.09437378925567530e-01 -1.01594097095250704e-01 0
9.93679915965797411e-01 -1.46286633923888465e-01 0
1.06192314920765396e+00 -1.99853238062635358e-01 0
1.21243844504531362e+00 -2.65057532599215162e-01 0
1.36007840788721368e+00 -3.14333050130278235e-01 0
1.59235379627300278e+00 -3.21608025128374386e-01 0
1.02868874687440282e+00 1.16713396519359219e-01 0
1.07515473939914119e+00 1.64605815829474839e-01 0
1.12363128463101192e+00 2.27420836007038968e-01 0
1.16403279932282877e+00 2.06048485351606137e-01 0
1.16084256654568785e+00 1.91027914774942242e-01 0
1.16610208042652674e+00 1.53207421062758531e-01 0
1.13553103932440447e+00 1.24276777428465129e-01 0
1.12974869590297566e+00 9.37329984334845656e-02 0
1.09605806408484208e+00 7.27412347509534540e-02 0
1.09466027570534519e+00 5.35567486591108852e-02 0
1.06568886711659983e+00 4.10263473348329438e-02 0
1.07072393023081780e+00 2.98633498020400047e-02 0
1.04630188080364750e+00 2.25674075493839631e-02 0
1.05633334878071117e+00 1.62317633427922527e-02 0
1.03480274804708317e+00 1.17647660164551335e-02 0
1.04844746645464504e+00 7.87994356100747868e-03 0
1.02859994154694978e+00 4.59269510024354604e-03 0
1.04511447537289182e+00 1.49757166266465823e-03 0
1.02646831103262648e+00 -2.06586930357937704e-03 0
1.04588010816554289e+00 -5.97195821087797857e-03 0
1.02874325236418218e+00 -1.16813100393982801e-02 0
1.05204747933253562e+00 -1.87876399859058449e-02 0
1.03785023946249599e+00 -2.99564395438842584e-02 0
1.06768714078180360e+00 -4.51308144252249160e-02 0
1.06020086244282896e+00 -6.84293714014208160e-02 0
1.10272293348353267e+00 -1.03082434785374669e-01 0
1.11256519945642030e+00 -1.52797970507723868e-01 0
1.18207845682570922e+00 -2.21247427178608985e-01 0
1.23188843791248592e+00 -3.13080931835399645e-01 0
1.36466492622227409e+00 -4.24008007171191803e-01 0
1.50373183681005984e+00 -5.25947291506649761e-01 0
1.75168652477174080e+00 -5.55646422078941105e-01 0
1.02034570391663282e+00 5.67401156153274147e-02 0
1.05606083958666019e+00 1.06639412136974351e-01 0
1.11076483253479474e+00 1.62004172260111406e-01 0
1.16751144044303290e+00 1.69327627325739583e-01 0
1.19347395579705973e+00 1.69001099568075741e-01 0
1.22908016894435645e+00 1.48636114960101234e-01 0
1.22682410321644264e+00 1.29866940056550556e-01 0
1.24410366679572948e+00 1.04392324577914933e-01 0
1.22865384678080103e+00 8.46525839561378668e-02 0
1.23979492508321254e+00 6.47560432117757490e-02 0
1.22161236405270723e+00 5.06929605548719769e-02 0
1.23271432432567085e+00 3.78635333969732993e-02 0
1.21484680857707095e+00 2.88718002169684740e-02 0
1.22772147968379275e+00 2.10828362480888730e-02 0
1.21021221597812922e+00 1.53910734867068241e-02 0
1.22459485813502522e+00 1.04939859862911850e-02 0
1.20711533732570730e+00 6.32577160943712490e-03 0
1.22273227455668843e+00 2.40549017933503655e-03 0
1.20504657092921441e+00 -1.99334467669578033e-03 0
1.22174997575075528e+00 -6.84276575302481243e-03 0
1.20370460559393777e+00 -1.36934909793879189e-02 0
1.22150114107080698e+00 -2.22692904585296177e-02 0
1.20290029724939473e+00 -3.54633889750137349e-02 0
1.22231932966736312e+00 -5.34880764621639831e-02 0
1.20287592401464205e+00 -8.11007730832522256e-02 0
1.22735923422625492e+00 -1.22253917967438813e-01 0
1.21031970524440435e+00 -1.80629837443931518e-01 0
1.24720585849933085e+00 -2.65915166370748079e-01 0
1.24695723945347536e+00 -3.82159647958234761e-01 0
1.33661130783421878e+00 -5.37161225167743117e-01 0
1.40362118510525358e+00 -7.01116854965676994e-01 0
1.67680940220232610e+00 -6.88569267919932115e-01 0
1.00812983475343731e+00 4.03259997535555317e-02 0
1.03327726603887537e+00 7.41335039580651861e-02 0
1.07943780326609406e+00 1.16051536543495051e-01 0
1.13675282820885348e+00 1.23234498513217702e-01 0
1.17879374856954899e+00 1.29582773466691809e-01 0
1.22917780997015003e+00 1.19705533038217071e-01 0
1.25331907455706659e+00 1.09437679303829291e-01 0
1.29041558174374016e+00 9.16950604176975659e-02 0
1.29629583912006341e+00 7.72799111132569244e-02 0
1.32209871450117400e+00 6.03488180263611687e-02 0
1.31761679970977719e+00 4.83724141910732361e-02 0
1.33756444931231488e+00 3.63463311699980321e-02 0
1.32833599793165646e+00 2.78591430190417259e-02 0
1.34613275830041856e+00 2.05540216509905865e-02 0
1.33395001476612740e+00 1.52159025358729015e-02 0
1.35075996813323918e+00 1.06422682454915887e-02 0
1.33639600460003338e+00 6.79808026897923794e-03 0
1.35267242077820926e+00 3.21749264058540218e-03 0
1.33642098857335556e+00 -7.30776280981312041e-04 0
1.35215711786178039e+00 -4.98415926803454697e-03 0
1.33361248015119660e+00 -1.10790107174096198e-02 0
1.34814748155971609e+00 -1.83334591074640826e-02 0
1.32569072116745001e+00 -3.04298519272500449e-02 0
1.33763201835716861e+00 -4.54424510877982496e-02 0
1.30759239758367296e+00 -7.31439142027891648e-02 0
1.31488807396668350e+00 -1.10836289862668247e-01 0
1.27122583324420835e+00 -1.72353048169529066e-01 0
1.27033766262976000e+00 -2.58150499110677556e-01 0
1.20354178361877806e+00 -4.02240788206029876e-01 0
1.20425357807633682e+00 -5.80888489008720588e-01 0
1.10104869241212122e+00 -8.65949574830432001e-01 0
1.15612587356816565e+00 -8.02976020409554070e-01 0
5.87203388990327979e-01 1.70298541585990593e-03 0
6.33590953243822530e-01 2.31752627872470899e-03 0
6.51886689961048149e-01 9.44794643752817909e-03 0
6.43902119726218580e-01 5.27471959854982318e-03 0
6.41702125025278791e-01 9.32675879850939672e-03 0
6.02546365122003102e-01 5.37969905559211418e-03 0
5.96466388211377097e-01 6.67216114231409217e-03 0
5.41096056342434184e-01 6.11916421554720667e-03 0
1.34706431596745446e+00 -1.04684853778879081e-01 0
1.44537888356652022e+00 -6.72194605876342971e-02 0
1.50628625815647488e+00 -1.95402088079063320e-02 0
1.50794540030920210e+00 4.69242957588741471e-03 0
1.51071642254352678e+00 3.22455855806461772e-02 0
1.46487155542789349e+00 3.96397617003753228e-02 0
1.43940093253983803e+00 5.49941833716833042e-02 0
1.36155703760708913e+00 6.48680496671616841e-02 0
1.76348394085085913e+00 -2.23936151568372627e-01 0
1.87036573201699308e+00 -1.57163050793891895e-01 0
1.93800096648274378e+00 -5.28641832153275287e-02 0
1.94096591879143676e+00 5.89898795504454568e-04 0
1.95334501209759503e+00 5.26536469736448090e-02 0
1.91978900667329255e+00 7.64429373640833354e-02 0
1.90948410882141340e+00 1.10239518167650527e-01 0
1.84601408432794734e+00 1.40699664263827240e-01 0
1.87045939506392700e+00 -3.82474589000311893e-01 0
1.88978532764181817e+00 -2.41955964013843866e-01 0
1.90746826279956694e+00 -8.99151558899431713e-02 0
1.87730896333237962e+00 -1.08753203262629463e-02 0
1.90562196653140870e+00 5.36441755202954340e-02 0
1.88672139676332873e+00 8.32814444256949338e-02 0
1.91709830252701718e+00 1.28985787146061071e-01 0
1.89178957424854133e+00 1.82588398237919614e-01 0
1.65077449156600653e+00 -3.61818238321913066e-01 0
1.53388741819051710e+00 -1.94396701210776901e-01 0
1.48829576356644977e+00 -4.01633511653286049e-02 0
1.43241353446744979e+00 2.20721532771395385e-03 0
1.46963185102513694e+00 4.34685458271396180e-02 0
1.46859193030188440e+00 6.47426560053872002e-02 0
1.53198737344794700e+00 1.05391145592692137e-01 0
1.56042941199754970e+00 1.85503198138627784e-01 0
8.53517819204164696e-01 -2.39341224739644837e-01 0
5.55147128765157372e-01 -7.96982725331141090e-02 0
5.79229909897410189e-01 1.17956504713599020e-02 0
5.26983351629481844e-01 7.55006318688781260e-03 0
5.88777557654060479e-01 1.77026512918738443e-02 0
5.88362318901313408e-01 2.06966304768221379e-02 0
6.74013611618225261e-01 3.73658413680866761e-02 0
7.31314441483798094e-01 9.82963124249850162e-02 0
5.25262374895446582e-01 9.11841735884839737e-03 0
4.50404165084782204e-01 1.01769883843098059e-02 0
4.21913701706821187e-01 9.19661294331932180e-03 0
3.56123747982919125e-01 7.64938272742458035e-03 0
3.35195771047816282e-01 5.83191864572873281e-03 0
2.84587260984713708e-01 4.14772350181190960e-03 0
2.74756678892696615e-01 2.26390610496898055e-03 0
2.38456415292291640e-01 1.58631785595157379e-03 0
2.37519698650367983e-01 3.59102978110941828e-04 0
2.12002324344919363e-01 4.27621088547969729e-04 0
2.15839417234548275e-01 -1.22532215620667519e-04 0
1.97109972943803058e-01 7.49954217491982645e-05 0
2.03178095308621187e-01 -1.16660804006425643e-04 0
1.88631410501739316e-01 -3.99828768667024557e-05 0
1.95742781655881853e-01 -1.02261714581208837e-04 0
1.83743982208539741e-01 -6.45996861081688510e-05 0
1.91418051094833314e-01 -1.18054043189702891e-04 0
1.81275367174851071e-01 -6.67088882726955639e-05 0
1.88910501267827519e-01 -9.62341713326873231e-05 0
1.80072609988558091e-01 -4.11653362829112089e-05 0
1.87329902043271601e-01 -6.42117198416777873e-05 0
1.79503176594177416e-01 -1.53629956816096232e-05 0
1.86229994236371404e-01 -3.94658390476822807e-05 0
1.79260875414748860e-01 1.56554142816425623e-06 0
1.85403089136339960e-01 -2.48736426272089883e-05 0
1.79201747544658369e-01 1.03209484639604361e-05 0
1.84749735102563345e-01 -1.73816170119642112e-05 0
1.79252413627216639e-01 1.38412966242651742e-05 0
1.84216882103571261e-01 -1.36489970487845299e-05 0
1.79369003685135670e-01 1.44612982668159420e-05 0
1.83773195540679557e-01 -1.20027225806759217e-05 0
1.79524924279872489e-01 1.38124446807577307e-05 0
1.83398095134634204e-01 -1.09210574775987771e-05 0
1.79700785255829276e-01 1.27195283836257728e-05 0
1.83076666949326450e-01 -1.00716900427662799e-05 0
1.79882985094165115e-01 1.15020434033425496e-05 0
1.82798457632134786e-01 -9.39104719247651156e-06 0
1.80063308395463556e-01 1.03119950333918635e-05 0
1.82555936914855138e-01 -8.65460431494061684e-06 0
1.80236502791668057e-01 9.20456599218453568e-06 0
1.82343227944714220e-01 -7.94292563088237181e-06 0
1.80399781873193998e-01 8.21613842881681764e-06 0
1.82155649622001370e-01 -7.25976995193186360e-06 0
1.80551994489069223e-01 7.36219310801421955e-06 0
1.81989225792169862e-01 -6.62346127506474340e-06 0
1.80693156556051671e-01 6.63075077358580052e-06 0
1.81840471723084013e-01 -6.06397402591155737e-06 0
1.80824223707438392e-01 6.00978518474480547e-06 0
1.81706292390801077e-01 -5.63860431172795596e-06 0
1.80947058712290193e-01 5.43158245940838573e-06 0
1.81584140050733839e-01 -5.53307547451320306e-06 0
1.81064829179099246e-01 4.59250162176673203e-06 0
1.81472752282868022e-01 -6.33396814081455843e-06 0
1.81183203259163650e-01 2.72626139815337945e-06 0
1.81373092616920722e-01 -8.41576170852221315e-06 0
1.81305287699367157e-01 2.47995889206476831e-06 0
1.30456816304945655e+00 8.17901081692835041e-02 0
1.18259148988284424e+00 9.29515022756590981e-02 0
1.09542319865993076e+00 8.53095475950039067e-02 0
9.74962394914337227e-01 7.88329561240281446e-02 0
8.98746207326135638e-01 6.59501607482993885e-02 0
8.01444929142871909e-01 5.60342865505529114e-02 0
7.50809412611678328e-01 4.41344127745850329e-02 0
6.81790095263925311e-01 3.53727118701936960e-02 0
6.55476091394604166e-01 2.63828630535930253e-02 0
6.07958922052027617e-01 2.09566547975587186e-02 0
5.97515863815179293e-01 1.53179558398344930e-02 0
5.64198342613155490e-01 1.22775454297705255e-02 0
5.63058803578969536e-01 8.90918722485917712e-03 0
5.38967883659864588e-01 7.15764919776995696e-03 0
5.42753245775230764e-01 5.31054746468920605e-03 0
5.24382850096246300e-01 4.06680239970136446e-03 0
5.30887494038658758e-01 2.91008255774534690e-03 0
5.16303632105200250e-01 2.25120861386783914e-03 0
5.23982064861486130e-01 1.62078546305267370e-03 0
5.11898231717329955e-01 1.30226088179412878e-03 0
5.19818410508602113e-01 9.49977826114942691e-04 0
5.09485740035434453e-01 8.02979392103410176e-04 0
5.17151602443521874e-01 5.89211841094127256e-04 0
5.08157916677171473e-01 5.23459395194370274e-04 0
5.15330318649529828e-01 3.79630256106216308e-04 0
5.07444085940455869e-01 3.54232576608142912e-04 0
5.14017345291418626e-01 2.48143741503748200e-04 0
5.07094547134604112e-01 2.45405919093895418e-04 0
5.13030925074214550e-01 1.62437342528859013e-04 0
5.06967775410582466e-01 1.72380422592594977e-04 0
5.12266873513632315e-01 1.04129985464562511e-04 0
5.06980231654218794e-01 1.22213084764099633e-04 0
5.11659985585932731e-01 6.50332943042235956e-05 0
5.07076146406461481e-01 8.78873392961853391e-05 0
5.11167223991244590e-01 3.95379590633356361e-05 0
5.07219118517240442e-01 6.41301080751799607e-05 0
5.10759708203143425e-01 2.26665871749941628e-05 0
5.07386236733142981e-01 4.74180383463729035e-05 0
5.10417476880262733e-01 1.16548313552607702e-05 0
5.07562033666513091e-01 3.56445554212065922e-05 0
5.10126213728633426e-01 4.48956965370652723e-06 0
5.07737542093557370e-01 2.72293165044198370e-05 0
5.09875645934401378e-01 -1.38172067718691607e-07 0
5.07907617548697288e-01 2.11559992819532930e-05 0
5.09657872486520058e-01 -3.10590314651883602e-06 0
5.08069810811043965e-01 1.66975977237630457e-05 0
5.09466592114489414e-01 -5.09902859336386298e-06 0
5.08223734356396895e-01 1.32745349479778660e-05 0
5.09296797852152761e-01 -6.78715093606088463e-06 0
5.08370882327349172e-01 1.02468245480241713e-05 0
5.09144853535003494e-01 -9.14795940574588232e-06 0
5.08514947711477650e-01 6.50832494939813830e-06 0
5.09008940321005521e-01 -1.39863483932976990e-05 0
5.08662375393749255e-01 5.07092034614398938e-07 0
5.08888364742377530e-01 -2.15709131705107064e-05 0
5.08813274626280676e-01 6.85909213944640190e-07 0
1.79154776463129672e+00 1.88341736227455897e-01 0
1.65805541495052777e+00 2.19059228510371962e-01 0
1.54537855321197215e+00 2.17101340810803095e-01 0
1.40468316519293679e+00 2.04037502446338143e-01 0
1.29976539430544102e+00 1.79657249320392287e-01 0
1.18360028778047854e+00 1.51758686991325109e-01 0
1.10915584321793070e+00 1.22265057496210292e-01 0
1.02633435767242887e+00 9.65566036366245772e-02 0
9.81696273108597528e-01 7.45668014604727453e-02 0
9.25659930203566184e-01 5.79987357790842234e-02 0
9.03772557998557158e-01 4.40380230428660535e-02 0
8.65799738400424346e-01 3.41222456527085494e-02 0
8.58122638018433248e-01 2.55306917181175076e-02 0
8.31475407286486057e-01 1.98416695904933237e-02 0
8.31735183853514526e-01 1.49108806628530620e-02 0
8.12408020437405676e-01 1.13693463521333214e-02 0
8.16481276047627658e-01 8.39426063935341978e-03 0
8.01584587429582829e-01 6.40546772928793015e-03 0
8.07506800721584206e-01 4.74083797289193924e-03 0
7.95495751302047527e-01 3.69361223052354967e-03 0
8.02115431266452683e-01 2.77298996733388314e-03 0
7.92068808341153785e-01 2.23206475320442133e-03 0
7.98734130993787428e-01 1.70130921796839141e-03 0
7.90126553273622245e-01 1.41735177334322460e-03 0
7.96497250365545972e-01 1.08612248964847641e-03 0
7.89030061413930173e-01 9.35320038723306147e-04 0
7.94942065913077589e-01 7.10237561525363381e-04 0
7.88433698821618401e-01 6.32719545360864444e-04 0
7.93815295211702798e-01 4.69623965386686023e-04 0
7.88143494896787034e-01 4.33510200774554441e-04 0
7.92970438072903239e-01 3.08728146539058695e-04 0
7.88042546111699993e-01 2.99601589133477767e-04 0
7.92319162924287723e-01 2.02029454375052449e-04 0
7.88058093734240850e-01 2.08941738644559475e-04 0
7.91804209380951751e-01 1.31187535276017822e-04 0
7.88141641377239077e-01 1.47024642047931931e-04 0
7.91387982417627089e-01 8.34106921136976414e-05 0
7.88263350993660517e-01 1.04480233292339496e-04 0
7.91045281745879625e-01 5.20492215314803438e-05 0
7.88403738899919104e-01 7.51821684372571699e-05 0
7.90758388127820733e-01 3.10273488362769416e-05 0
7.88550995321112613e-01 5.46559407357708623e-05 0
7.90514981648102300e-01 1.69504327917493468e-05 0
7.88698101444014754e-01 4.01453832932956311e-05 0
7.90305847446913234e-01 7.47023342503488980e-06 0
7.88841238434318193e-01 2.97065914779050282e-05 0
7.90123899211230829e-01 7.95939900686665867e-07 0
7.88979015819543106e-01 2.17627873462195491e-05 0
7.89963709915278756e-01 -4.76885086943994188e-06 0
7.89112135643548762e-01 1.46605513247861312e-05 0
7.89821435089216761e-01 -1.14185104823682414e-05 0
7.89243468201461962e-01 6.11116195001468615e-06 0
7.89694973149704271e-01 -2.23455538830511427e-05 0
7.89378139527478484e-01 -5.90893226365414757e-06 0
7.89583085664810502e-01 -3.71357489263338071e-05 0
7.89515969644432269e-01 -6.57112724491530106e-06 0
1.87208551285839730e+00 2.69957457163133074e-01 0
1.76152852113773606e+00 3.38907443806022557e-01 0
1.67388446432998328e+00 3.38902843791748121e-01 0
1.55634902659409646e+00 3.24206825682584909e-01 0
1.47341359387135418e+00 2.87290789328490503e-01 0
1.37623025907655538e+00 2.46363382156990829e-01 0
1.31484985721353898e+00 2.01699533651494706e-01 0
1.24262263071828838e+00 1.62512768888367382e-01 0
1.20321335156854858e+00 1.27395080146835621e-01 0
1.15226073012102148e+00 9.85275531241531360e-02 0
1.13145198150416393e+00 7.55431582850238370e-02 0
1.09629221625444639e+00 5.75533186284724746e-02 0
1.08851881886825397e+00 4.36170376206446858e-02 0
1.06361726485372099e+00 3.31554434482288080e-02 0
1.06341337216485399e+00 2.47740652978120784e-02 0
1.04541269660753278e+00 1.89216294868251485e-02 0
1.04885315323218475e+00 1.41346305204277951e-02 0
1.03503993059367150e+00 1.08243820720935816e-02 0
1.04027507496909788e+00 8.10991033034428287e-03 0
1.02917804076122898e+00 6.29584132080668931e-03 0
1.03511908930636753e+00 4.77104902407675651e-03 0
1.02586700003585873e+00 3.79499486973656564e-03 0
1.03189506190935720e+00 2.91487268905741073e-03 0
1.02399574290535478e+00 2.38376276477466047e-03 0
1.02978418847876063e+00 1.84499652517398525e-03 0
1.02295284243719453e+00 1.54899355023345215e-03 0
1.02833842840480405e+00 1.19578944138468320e-03 0
1.02239750451544409e+00 1.03061581628663824e-03 0
1.02730611648311898e+00 7.83957598477949872e-04 0
1.02213442182188907e+00 6.96556315230725830e-04 0
1.02654148761630348e+00 5.14779560805880940e-04 0
1.02205021532344476e+00 4.74984469439550727e-04 0
1.02595581992007623e+00 3.36619377567496498e-04 0
1.02207288040103017e+00 3.27134503264440947e-04 0
1.02549426412607803e+00 2.20257955707123807e-04 0
1.02215740433839408e+00 2.27442423834681824e-04 0
1.02512144142660677e+00 1.42651814979479369e-04 0
1.02227546802939084e+00 1.59427499070120100e-04 0
1.02481373441147872e+00 9.12177779821646972e-05 0
1.02240791869110326e+00 1.13001980654201450e-04 0
1.02455537183169088e+00 5.67292116094338382e-05 0
1.02254539839605796e+00 8.07525870379523626e-05 0
1.02433565545923444e+00 3.34929849884650765e-05 0
1.02268172824475667e+00 5.81865145555887384e-05 0
1.02414640566204818e+00 1.77709157033232577e-05 0
1.02281365264666224e+00 4.21385386503988365e-05 0
1.02398131744383414e+00 6.72935891336153212e-06 0
1.02293997915166424e+00 3.01184368015288716e-05 0
1.02383541460755167e+00 -2.16988102059293063e-06 0
1.02306111865800431e+00 1.97051633198053033e-05 0
1.02370476478163441e+00 -1.18973913949190211e-05 0
1.02317877195178886e+00 7.89748064543449336e-06 0
1.02358620354632879e+00 -2.63794381625123859e-05 0
1.02329549770819495e+00 -7.82996859203187807e-06 0
1.02347678122146757e+00 -4.54202067035825702e-05 0
1.02340960257129687e+00 -1.10712140222665615e-05 0
1.61607162877926447e+00 3.18812123204560260e-01 0
1.52438364184931507e+00 4.17058806238787605e-01 0
1.48048298536973122e+00 4.22489901491485575e-01 0
1.41635006260790441e+00 4.04286222057738343e-01 0
1.38897501695793002e+00 3.60019423516929560e-01 0
1.34466645033285981e+00 3.10060918094974658e-01 0
1.33061600103604372e+00 2.56156224214205697e-01 0
1.29689136140371453e+00 2.07891347405090465e-01 0
1.29144789390140868e+00 1.65248398816773362e-01 0
1.26415064631146401e+00 1.29426392873092627e-01 0
1.26321562348982863e+00 1.00351040931852806e-01 0
1.24129777274463815e+00 7.67001618897196619e-02 0
1.24356309136734544e+00 5.85673505013485432e-02 0
1.22668975917222833e+00 4.45778263402387201e-02 0
1.23122044526565122e+00 3.34885699611473103e-02 0
1.21808440497458426e+00 2.55522702008826909e-02 0
1.22406577356875568e+00 1.91462532436390831e-02 0
1.21343171719749354e+00 1.46037689309992513e-02 0
1.22000389264673847e+00 1.09814314231146248e-02 0
1.21099047247559355e+00 8.47315806245740877e-03 0
1.21753468063028403e+00 6.45695603354028407e-03 0
1.20970070105831007e+00 5.08774757621806989e-03 0
1.21592734252200629e+00 3.93530728369988116e-03 0
1.20904817166515977e+00 3.17200020907176024e-03 0
1.21482388515587059e+00 2.47790698711588273e-03 0
1.20876509942999810e+00 2.04026684588168956e-03 0
1.21402927922665094e+00 1.59769421872443199e-03 0
1.20869604768500483e+00 1.34217160939755355e-03 0
1.21342985700591099e+00 1.04585604985055767e-03 0
1.20874765554548858e+00 8.95093888706415658e-04 0
1.21295923691335972e+00 6.85589012747109044e-04 0
1.20886728406420318e+00 6.03242858622653265e-04 0
1.21257616969783832e+00 4.50632537168272338e-04 0
1.20902149765010325e+00 4.10073236463327111e-04 0
1.21225580187098658e+00 2.96258319075400468e-04 0
1.20919022586359848e+00 2.81018157674442037e-04 0
1.21198281983802247e+00 1.93556165653888205e-04 0
1.20936142516674949e+00 1.94408183907761090e-04 0
1.21174656309865458e+00 1.27204454294492199e-04 0
1.20952642936374843e+00 1.35802088141201557e-04 0
1.21153996813062870e+00 8.17859985445201180e-05 0
1.20968240323682275e+00 9.52372277728096971e-05 0
1.21135819771643649e+00 5.11000004929366804e-05 0
1.20982809972669680e+00 6.70905762651069455e-05 0
1.21119717398100146e+00 3.01965955868354114e-05 0
1.20996331241841482e+00 4.72519076828440399e-05 0
1.21105333145650440e+00 1.54852129322067771e-05 0
1.21008871327534129e+00 3.25795515502322314e-05 0
1.21092341396494141e+00 3.87653841549701879e-06 0
1.21020556288961512e+00 2.01899672942935791e-05 0
1.21080427137779489e+00 -7.95140356938401037e-06 0
1.21031531775087187e+00 6.88417104932068879e-06 0
1.21069247936932900e+00 -2.39297107049947746e-05 0
1.21041903334159962e+00 -9.67950969761092352e-06 0
1.21058409003697731e+00 -4.37547558576333953e-05 0
1.21051393795846352e+00 -1.40681742329831215e-05 0
9.57621481630664628e-01 3.06180360760338055e-01 0
9.67788562427743249e-01 4.74317032386659176e-01 0
1.05434645651898795e+00 4.47123750860374536e-01 0
1.09109955319125218e+00 4.15508412316445752e-01 0
1.15399874150896919e+00 3.59197170686125222e-01 0
1.18469317739492497e+00 3.04477365793341503e-01 0
1.23312859586905277e+00 2.49737204849328182e-01 0
1.25000246406570859e+00 2.01398568713990062e-01 0
1.28519269886884424e+00 1.60433994067128494e-01 0
1.29118449717040162e+00 1.26446019662271869e-01 0
1.31647607591215232e+00 9.87228130522194158e-02 0
1.31525528816165749e+00 7.68702277295941067e-02 0
1.33293436033415946e+00 5.85718233343116568e-02 0
1.32829356650200991e+00 4.51456663683735757e-02 0
1.34156685657762975e+00 3.37378450937400529e-02 0
1.33564718573920116e+00 2.57151159671391259e-02 0
1.34643191408088803e+00 1.91504953045924797e-02 0
1.34020385781707740e+00 1.45227149728972531e-02 0
1.34942212823999896e+00 1.09138159663934135e-02 0
1.34311111127753446e+00 8.40460121471555549e-03 0
1.35106911140887176e+00 6.41796048784498349e-03 0
1.34494287531300594e+00 5.04958878377849245e-03 0
1.35189909173547940e+00 3.91480123854774046e-03 0
1.34616081436380863e+00 3.14604832343799018e-03 0
1.35229245678951293e+00 2.46222678119858681e-03 0
1.34703662882114727e+00 2.01716090256375121e-03 0
1.35244912950944052e+00 1.58292518316118197e-03 0
1.34770504896374788e+00 1.32081447847159071e-03 0
1.35246992271559519e+00 1.03226469912099609e-03 0
1.34823568881371258e+00 8.76926776834547088e-04 0
1.35240909682833976e+00 6.75444663763811797e-04 0
1.34866483500598711e+00 5.87926026040370281e-04 0
1.35230150995659026e+00 4.42211810138132060e-04 0
1.34902076605366283e+00 3.98069768805943685e-04 0
1.35216856469922564e+00 2.90582553695944892e-04 0
1.34932103243685075e+00 2.71674766040985651e-04 0
1.35202392283174744e+00 1.90025011787451600e-04 0
1.34957666807614873e+00 1.87092974612988028e-04 0
1.35187698508683485e+00 1.25068322229973975e-04 0
1.34979775084664189e+00 1.30187621881885051e-04 0
1.35173329917778551e+00 8.10596158340751388e-05 0
1.34998929932284462e+00 9.09341891099200864e-05 0
1.35159583093866642e+00 5.10935180385877825e-05 0
1.35015655791803924e+00 6.37400744188175130e-05 0
1.35146628652087619e+00 3.06952309748060776e-05 0
1.35030406637814737e+00 4.46492522182987829e-05 0
1.35134496306102569e+00 1.64045539585521296e-05 0
1.35043531861980193e+00 3.06372331230297151e-05 0
1.35123097304725137e+00 5.29486400077509505e-06 0
1.35055304901329931e+00 1.90009992212662770e-05 0
1.35112234270881060e+00 -5.64648790537671422e-06 0
1.35065893846113538e+00 6.88257496654494881e-06 0
1.35101573837661082e+00 -1.98326519600477118e-05 0
1.35075309956758982e+00 -7.80777517306448087e-06 0
1.35090676326314330e+00 -3.72629575118933921e-05 0
1.35083216532904871e+00 -1.26796880174262125e-05 0
1.00583411916807042e+00 1.53503340524051707e-02 0
1.02583811048831319e+00 3.52801707714027607e-02 0
1.06446800629491523e+00 5.86120232793907389e-02 0
1.11765324486660611e+00 6.98554988254998649e-02 0
1.16211022827392951e+00 7.67279042509005638e-02 0
1.21922446260810902e+00 7.39359311777573747e-02 0
1.25518343606089333e+00 6.88166750928257270e-02 0
1.30374963253907805e+00 6.12104538967983558e-02 0
1.32489922520464121e+00 5.31918165872743223e-02 0
1.36222032663205050e+00 4.31942193842495756e-02 0
1.36950313497080178e+00 3.54891937185172687e-02 0
1.39784939845272893e+00 2.68667114678396261e-02 0
1.39581526829215385e+00 2.05942932529200803e-02 0
1.41834386909656818e+00 1.51642690805365681e-02 0
1.41052946092547038e+00 1.10800031704797481e-02 0
1.42972482029621895e+00 7.72209771706721358e-03 0
1.41786648221595191e+00 4.74700999238557558e-03 0
1.43472870443506828e+00 2.04090829966261907e-03 0
1.41946792441489533e+00 -1.13478728756178726e-03 0
1.43385398525568841e+00 -4.37897687469762133e-03 0
1.41459737019751453e+00 -9.34002885164553036e-03 0
1.42472819118283023e+00 -1.46883937856141910e-02 0
1.39904896085916519e+00 -2.46123947826429046e-02 0
1.40016111823292722e+00 -3.57178563361002649e-02 0
1.36239483120429838e+00 -5.80402733725751269e-02 0
1.34153985084466965e+00 -8.61908072161799849e-02 0
1.27396575136914869e+00 -1.35789594017597354e-01 0
1.20446994368815297e+00 -1.98509637015523460e-01 0
1.06894215563645067e+00 -3.15821509776301634e-01 0
8.83129243048453749e-01 -4.34903037818622829e-01 0
5.96775887893703172e-01 -6.52770293050320527e-01 0
1.56220857940436969e-01 -4.41257134161595399e-01 0
1.00332023127876124e+00 8.67142466597966080e-03 0
1.02071906992586059e+00 1.54487344057039015e-02 0
1.05399780192529602e+00 2.43177277489023021e-02 0
1.10373188911740927e+00 2.54825543511257441e-02 0
1.14922226309640951e+00 2.81456326876576568e-02 0
1.20874847388405149e+00 2.64702491782126265e-02 0
1.24945954107866708e+00 2.51056704358180623e-02 0
1.30286146644940359e+00 2.17648935184222327e-02 0
1.33222253917096967e+00 1.90387072860153453e-02 0
1.37532508110837370e+00 1.55010294907748074e-02 0
1.39066861997836888e+00 1.29994467525233661e-02 0
1.42407626207178262e+00 9.76247485867595341e-03 0
1.42702390167718685e+00 7.65292902332958581e-03 0
1.45260802827388402e+00 5.53946733444886895e-03 0
1.44743059012077890e+00 4.14595426823216595e-03 0
1.46814284642420145e+00 2.98493672521025610e-03 0
1.45781946224551073e+00 2.12187870784539233e-03 0
1.47533705081250210e+00 1.28284307493877489e-03 0
1.46081264753440099e+00 4.80688358818995461e-04 0
1.47501684919696907e+00 -4.51758033435360241e-04 0
1.45564676029395246e+00 -1.61569484155571074e-03 0
1.46439545976133689e+00 -3.12013283494379451e-03 0
1.43750651715513778e+00 -5.53219554821898860e-03 0
1.43457912792284303e+00 -9.11141790815021314e-03 0
1.39235390604133236e+00 -1.42093804256683241e-02 0
1.36264329294105768e+00 -2.27058405760516349e-02 0
1.28315706664880391e+00 -3.50042045162633209e-02 0
1.19213292952304317e+00 -5.33775688290678771e-02 0
1.03100580643883966e+00 -8.06777675798178301e-02 0
7.95871224227088225e-01 -1.08904360791123839e-01 0
4.86992135890697009e-01 -1.38914332597917606e-01 0
4.34119984290817426e-03 -5.00113277312827578e-02 0
1.00332023127002290e+00 -8.67142467762920151e-03 0
1.02071906993502881e+00 -1.54487344213268905e-02 0
1.05399780191727266e+00 -2.43177277683139167e-02 0
1.10373188912581321e+00 -2.54825543745554502e-02 0
1.14922226308965758e+00 -2.81456327099319920e-02 0
1.20874847388915851e+00 -2.64702492038012133e-02 0
1.24945954107462764e+00 -2.51056704619037306e-02 0
1.30286146645073164e+00 -2.17648935457070772e-02 0
1.33222253917066413e+00 -1.90387073137791747e-02 0
1.37532508110429541e+00 -1.55010295210515781e-02 0
1.39066861998211433e+00 -1.29994467843102344e-02 0
1.42407626206219917e+00 -9.76247489347843896e-03 0
1.42702390168219639e+00 -7.65292905516241472e-03 0
1.45260802826703239e+00 -5.53946737500744628e-03 0
1.44743059012080066e+00 -4.14595430498819213e-03 0
1.46814284642385839e+00 -2.98493677402334855e-03 0
1.45781946223442360e+00 -2.12187875202044223e-03 0
1.47533705082088717e+00 -1.28284313190585308e-03 0
1.46081264751367268e+00 -4.80688414969373428e-04 0
1.47501684920892995e+00 4.51757966877474465e-04 0
1.45564676027137163e+00 1.61569476921394773e-03 0
1.46439545976744667e+00 3.12013275461172756e-03 0
1.43750651713820532e+00 5.53219545707456326e-03 0
1.43457912791741116e+00 9.11141780983191346e-03 0
1.39235390603567022e+00 1.42093803124469127e-02 0
1.36264329292384456e+00 2.27058404498162204e-02 0
1.28315706664744122e+00 3.50042043734828251e-02 0
1.19213292949502714e+00 5.33775686632479290e-02 0
1.03100580644118511e+00 8.06777673942229712e-02 0
7.95871224188796744e-01 1.08904360573753078e-01 0
4.86992135895293776e-01 1.38914332342279179e-01 0
4.34119980729725553e-03 5.00113274880333442e-02 0
1.00583411917693710e+00 -1.53503340639341204e-02 0
1.02583811048039597e+00 -3.52801707859525457e-02 0
1.06446800630447624e+00 -5.86120232993036089e-02 0
1.11765324486062223e+00 -6.98554988471743188e-02 0
1.16211022828121302e+00 -7.67279042718773674e-02 0
1.21922446260266981e+00 -7.39359312026364179e-02 0
1.25518343606484106e+00 -6.88166751174560665e-02 0
1.30374963253548959e+00 -6.12104539239376189e-02 0
1.32489922520324055e+00 -5.31918166124245514e-02 0
1.36222032663373693e+00 -4.31942194137921315e-02 0
1.36950313496113463e+00 -3.54891937488949066e-02 0
1.39784939845501555e+00 -2.68667114973945576e-02 0
1.39581526827655478e+00 -2.05942932930708346e-02 0
1.41834386909667454e+00 -1.51642691082135433e-02 0
1.41052946091300457e+00 -1.10800032202296433e-02 0
1.42972482028460535e+00 -7.72209774686653371e-03 0
1.41786648221278178e+00 -4.74701005033221698e-03 0
1.43472870440762379e+00 -2.04090834105499037e-03 0
1.41946792441891678e+00 1.13478722576258436e-03 0
1.43385398521837848e+00 4.37897681351006283e-03 0
1.41459737019772591e+00 9.34002878569178095e-03 0
1.42472819114677951e+00 1.46883937021640727e-02 0
1.39904896084404706e+00 2.46123947044114381e-02 0
1.40016111820477662e+00 3.57178562310369666e-02 0
1.36239483117246163e+00 5.80402732715059738e-02 0
1.34153985082252758e+00 8.61908070930065828e-02 0
1.27396575132294410e+00 1.35789593885370735e-01 0
1.20446994366328730e+00 1.98509636856073285e-01 0
1.06894215557512706e+00 3.15821509603226358e-01 0
8.83129243010736920e-01 4.34903037616127530e-01 0
5.96775887808223326e-01 6.52770292824905396e-01 0
1.56220857938796781e-01 4.41257133892950626e-01 0
7.62432045840465006e-02 8.25612106049948002e-02 0
2.97412171061991470e-01 3.20118198875516624e-01 0
5.13409409655317894e-01 2.99389741155510314e-01 0
6.83916869809915950e-01 3.04416651895316248e-01 0
8.44473881682342387e-01 2.66659333152084344e-01 0
9.60814570709728533e-01 2.30682663803212062e-01 0
1.07358115748468785e+00 1.91114192132422839e-01 0
1.14653940593831738e+00 1.55544913111421712e-01 0
1.22193838121991250e+00 1.24364166009596350e-01 0
1.26468986746534817e+00 9.78337397722811863e-02 0
1.31444754514301465e+00 7.66011297975103950e-02 0
1.33730200410664501e+00 5.99080942875024891e-02 0
1.37062205568168127e+00 4.58687804832483698e-02 0
1.38033789295561959e+00 3.55989287553206829e-02 0
1.40309769841462773e+00 2.64846352932827031e-02 0
1.40516269796460347e+00 2.03344155107266812e-02 0
1.42126570403049834e+00 1.49435868688483041e-02 0
1.41947460010928395e+00 1.12594635131975703e-02 0
1.43157926352474307e+00 8.42709397510655288e-03 0
1.42789600405256389e+00 6.47558180836088886e-03 0
1.43747499869948769e+00 4.97236657122113526e-03 0
1.43299483993212395e+00 3.91499079607082572e-03 0
1.44087460760262887e+00 3.05482453384375331e-03 0
1.43621451878320427e+00 2.44732592044925911e-03 0
1.44286783554267961e+00 1.92650365759464821e-03 0
1.43834447341471772e+00 1.56674997947316760e-03 0
1.44404112587788180e+00 1.23797754601714200e-03 0
1.43981107948056652e+00 1.02133717667102848e-03 0
1.44471859227603394e+00 8.06169903559277555e-04 0
1.44085555301256929e+00 6.74408365787543414e-04 0
1.44508807049848742e+00 5.28235842783864669e-04 0
1.44161919071538325e+00 4.48946760879804889e-04 0
1.44526433043358127e+00 3.46559587852938609e-04 0
1.44219201904637351e+00 3.01254283173521781e-04 0
1.44532062704742637e+00 2.27674749188232396e-04 0
1.44263340259719564e+00 2.03995710747660488e-04 0
1.44530363857331778e+00 1.49697858704039014e-04 0
1.44298119094273392e+00 1.39270309830692338e-04 0
1.44524358196680747e+00 9.87345976142893066e-05 0
1.44326219275283840e+00 9.60467068548726297e-05 0
1.44515989606486661e+00 6.48433745437935110e-05 0
1.44349305143631268e+00 6.65637317513857556e-05 0
1.44506423831867892e+00 4.19358945233890744e-05 0
1.44368563172143305e+00 4.61400666933987035e-05 0
1.44496384991187932e+00 2.60671034123291281e-05 0
1.44384872748357496e+00 3.18036203521747065e-05 0
1.44486281622634305e+00 1.49351823483746356e-05 0
1.44398882884830870e+00 2.13800505291972664e-05 0
1.44476277686314281e+00 6.40289982651467854e-06 0
1.44411044631336449e+00 1.29028575317655416e-05 0
1.44466319885371153e+00 -1.65304576844595871e-06 0
1.44421597468294838e+00 4.40883376066463848e-06 0
1.44456127856124517e+00 -1.14947226165253367e-05 0
1.44430531411115393e+00 -5.46045493016237140e-06 0
1.44445255961180430e+00 -2.31388992241217942e-05 0
1.44437474824206746e+00 -9.01979558507159715e-06 0
-8.79186073705094523e-02 -6.74468059257206931e-02 0
1.03097750950623859e-01 3.70463082219292181e-02 0
2.69087059092605108e-01 6.07783030464929888e-02 0
4.63469055081400960e-01 8.42489265073008281e-02 0
6.57523614838431802e-01 8.25227118861428938e-02 0
8.12900786968037470e-01 7.51215149977292468e-02 0
9.63060784221382193e-01 6.42806239542330210e-02 0
1.06857850378268626e+00 5.27543150674342001e-02 0
1.17106359653484193e+00 4.25857643827184315e-02 0
1.23583714169851944e+00 3.36199781234791731e-02 0
1.30219869108213393e+00 2.64374618066026273e-02 0
1.33920327399595118e+00 2.03647063056223120e-02 0
1.38213567634821644e+00 1.58733312735558421e-02 0
1.40128565142407191e+00 1.23288829375799349e-02 0
1.42972043930939186e+00 9.25780115394121521e-03 0
1.43737270724923905e+00 7.20044830377409174e-03 0
1.45690949694463634e+00 5.18645276609999359e-03 0
1.45784897693665738e+00 3.86129657489257556e-03 0
1.47168445107776025e+00 2.83899319425173768e-03 0
1.46945932412495783e+00 2.16472096359137181e-03 0
1.47998313823042205e+00 1.65980942792583533e-03 0
1.47642951318072901e+00 1.31370334252975765e-03 0
1.48487831629660660e+00 1.02611791671898133e-03 0
1.48083863574121044e+00 8.27905029385527522e-04 0
1.48783147259700277e+00 6.50382752297265195e-04 0
1.48373079069966662e+00 5.33209504022977526e-04 0
1.48962359743953332e+00 4.18954860012326789e-04 0
1.48568757188278799e+00 3.49220979304043966e-04 0
1.49070277441268084e+00 2.72992735189929176e-04 0
1.48704924369242586e+00 2.31510865294172019e-04 0
1.49133538956127132e+00 1.78215800483404782e-04 0
1.48801953640488316e+00 1.54977067352645234e-04 0
1.49168512128121500e+00 1.16228180902498479e-04 0
1.48872675205273919e+00 1.04822796321964472e-04 0
1.49185658632761831e+00 7.62598119694172833e-05 0
1.48925549573181826e+00 7.14193845351492756e-05 0
1.49191692539271625e+00 4.97900877475847815e-05 0
1.48966045453371621e+00 4.91053968458805503e-05 0
1.49190925429903509e+00 3.28350460160122489e-05 0
1.48997888016672464e+00 3.40970559393039861e-05 0
1.49186145349517352e+00 2.13120001556439865e-05 0
1.49023439424665782e+00 2.37756775170950817e-05 0
1.49179065350371842e+00 1.34399941181030781e-05 0
1.49044309427692112e+00 1.66489780425361100e-05 0
1.49170749660107993e+00 8.10259134430484724e-06 0
1.49061629955295416e+00 1.16548745557257481e-05 0
1.49161833416861578e+00 4.38000250561214105e-06 0
1.49076234111801909e+00 8.00275079963493059e-06 0
1.49152634340313650e+00 1.51312902367047433e-06 0
1.49088683854320236e+00 4.99840223037698569e-06 0
1.49143187921509890e+00 -1.25386334572192247e-06 0
1.49099267030709970e+00 1.93608728132481671e-06 0
1.49133251173654857e+00 -4.74281707186972022e-06 0
1.49107972378095677e+00 -1.69251242588322917e-06 0
1.49122387635637144e+00 -8.99653205605705910e-06 0
1.49114423235888971e+00 -3.09397114204115614e-06 0
-8.79186073743409430e-02 6.74468057443945862e-02 0
1.03097750954057196e-01 -3.70463084218593253e-02 0
2.69087059185994903e-01 -6.07783032291697792e-02 0
4.63469055020688192e-01 -8.42489266853506669e-02 0
6.57523614903987141e-01 -8.25227120646550710e-02 0
8.12900786967940325e-01 -7.51215151272091181e-02 0
9.63060784215480359e-01 -6.42806240882036611e-02 0
1.06857850381571584e+00 -5.27543151573777180e-02 0
1.17106359651172176e+00 -4.25857644749502579e-02 0
1.23583714172777626e+00 -3.36199781868060169e-02 0
1.30219869106648733e+00 -2.64374618771316891e-02 0
1.33920327401442218e+00 -2.03647063677494938e-02 0
1.38213567633631351e+00 -1.58733313320205682e-02 0
1.40128565143487704e+00 -1.23288829881851095e-02 0
1.42972043930417603e+00 -9.25780120055660558e-03 0
1.43737270725548050e+00 -7.20044834653160628e-03 0
1.45690949694001315e+00 -5.18645280257934525e-03 0
1.45784897694242921e+00 -3.86129660873646896e-03 0
1.47168445107311885e+00 -2.83899322298057817e-03 0
1.46945932413084335e+00 -2.16472099050709233e-03 0
1.47998313822624605e+00 -1.65980945156937038e-03 0
1.47642951318286730e+00 -1.31370336171057062e-03 0
1.48487831629654377e+00 -1.02611793495225082e-03 0
1.48083863573812047e+00 -8.27905042514679042e-04 0
1.48783147260085946e+00 -6.50382764396232097e-04 0
1.48373079069478209e+00 -5.33209513117252555e-04 0
1.48962359744286754e+00 -4.18954865937750352e-04 0
1.48568757188102274e+00 -3.49220984726978691e-04 0
1.49070277441233312e+00 -2.72992736494704529e-04 0
1.48704924369462388e+00 -2.31510866423420949e-04 0
1.49133538955905531e+00 -1.78215798955177259e-04 0
1.48801953640808082e+00 -1.54977064396565382e-04 0
1.49168512128051223e+00 -1.16228177608878287e-04 0
1.48872675205320126e+00 -1.04822789983249545e-04 0
1.49185658632952922e+00 -7.62598046032097316e-05 0
1.48925549573238913e+00 -7.14193754282935032e-05 0
1.49191692539440801e+00 -4.97900752755620180e-05 0
1.48966045453704732e+00 -4.91053849430417622e-05 0
1.49190925429811716e+00 -3.28350320012731252e-05 0
1.48997888017121527e+00 -3.40970413015246145e-05 0
1.49186145349385724e+00 -2.13119861181440236e-05 0
1.49023439424954640e+00 -2.37756605449834723e-05 0
1.49179065350548101e+00 -1.34399804179328938e-05 0
1.49044309427595101e+00 -1.66489609202768145e-05 0
1.49170749660602642e+00 -8.10257744936213028e-06 0
1.49061629954964903e+00 -1.16548597596893360e-05 0
1.49161833417358891e+00 -4.37998868943232005e-06 0
1.49076234111561212e+00 -8.00273950330225470e-06 0
1.49152634340527901e+00 -1.51311693737909329e-06 0
1.49088683854303317e+00 -4.99839426193057889e-06 0
1.49143187921436327e+00 1.25387169349654203e-06 0
1.49099267030785354e+00 -1.93608225361907677e-06 0
1.49133251173477266e+00 4.74282070154713263e-06 0
1.49107972378082132e+00 1.69251451563060727e-06 0
1.49122387635486509e+00 8.99653147917474514e-06 0
1.49114423235746352e+00 3.09397053273756176e-06 0
7.62432045686240317e-02 -8.25612108022686086e-02 0
2.97412171150008953e-01 -3.20118199049341079e-01 0
5.13409409665860905e-01 -2.99389741335095105e-01 0
6.83916869914614867e-01 -3.04416652077042493e-01 0
8.44473881686475858e-01 -2.66659333272194710e-01 0
9.60814570745750607e-01 -2.30682663970169649e-01 0
1.07358115751465122e+00 -1.91114192209967337e-01 0
1.14653940593279779e+00 -1.55544913229984233e-01 0
1.22193838125576582e+00 -1.24364166068528820e-01 0
1.26468986745493561e+00 -9.78337398532806296e-02 0
1.31444754517990825e+00 -7.66011298486964087e-02 0
1.33730200409863387e+00 -5.99080943542391470e-02 0
1.37062205570078177e+00 -4.58687805318829800e-02 0
1.38033789295250209e+00 -3.55989288106827451e-02 0
1.40309769842222010e+00 -2.64846353360386061e-02 0
1.40516269796264504e+00 -2.03344155502055736e-02 0
1.42126570403346020e+00 -1.49435869072540636e-02 0
1.41947460010379634e+00 -1.12594635428027723e-02 0
1.43157926353016030e+00 -8.42709400604492974e-03 0
1.42789600404448991e+00 -6.47558183298046260e-03 0
1.43747499870394857e+00 -4.97236659125643160e-03 0
1.43299483992675381e+00 -3.91499081893724801e-03 0
1.44087460760091823e+00 -3.05482454527758723e-03 0
1.43621451878458717e+00 -2.44732593830797969e-03 0
1.44286783553554976e+00 -1.92650366606735165e-03 0
1.43834447341973637e+00 -1.56674998862493180e-03 0
1.44404112587220790e+00 -1.23797755410011813e-03 0
1.43981107948255227e+00 -1.02133717815844848e-03 0
1.44471859227673116e+00 -8.06169908756346567e-04 0
1.44085555301019541e+00 -6.74408364273337661e-04 0
1.44508807050343191e+00 -5.28235842548684738e-04 0
1.44161919071403810e+00 -4.48946758638825731e-04 0
1.44526433043810720e+00 -3.46559582735275805e-04 0
1.44219201905062633e+00 -3.01254278390322391e-04 0
1.44532062704974451e+00 -2.27674743769164343e-04 0
1.44263340260313067e+00 -2.03995699930975050e-04 0
1.44530363857718536e+00 -1.49697851073164674e-04 0
1.44298119094508448e+00 -1.39270294780084362e-04 0
1.44524358197517433e+00 -9.87345854527134017e-05 0
1.44326219275365175e+00 -9.60466939250566797e-05 0
1.44515989607450357e+00 -6.48433566142434138e-05 0
1.44349305143934248e+00 -6.65637225429291536e-05 0
1.44506423832390940e+00 -4.19358732576366437e-05 0
1.44368563172958164e+00 -4.61400576426086585e-05 0
1.44496384991184268e+00 -2.60670850132471435e-05 0
1.44384872749425042e+00 -3.18036076091688372e-05 0
1.44486281622510582e+00 -1.49351708957888873e-05 0
1.44398882885637514e+00 -2.13800346794416120e-05 0
1.44476277686454857e+00 -6.40289431426482448e-06 0
1.44411044631646934e+00 -1.29028430829614482e-05 0
1.44466319885760108e+00 1.65304866943831788e-06 0
1.44421597468284135e+00 -4.40882472597996698e-06 0
1.44456127856481720e+00 1.14947244660902783e-05 0
1.44430531411073293e+00 5.46045809964701735e-06 0
1.44445255961349628e+00 2.31388991705215358e-05 0
1.44437474824214607e+00 9.01979498967848943e-06 0
1.00812983474541573e+00 -4.03259997641494811e-02 0
1.03327726604863668e+00 -7.41335039731251810e-02 0
1.07943780325896754e+00 -1.16051536560868765e-01 0
1.13675282821793067e+00 -1.23234498534748257e-01 0
1.17879374856275265e+00 -1.29582773485064640e-01 0
1.22917780998008541e+00 -1.19705533061325933e-01 0
1.25331907455010638e+00 -1.09437679326761073e-01 0
1.29041558174583315e+00 -9.16950604412852532e-02 0
1.29629583911565693e+00 -7.72799111396233057e-02 0
1.32209871449197225e+00 -6.03488180517416858e-02 0
1.31761679971245838e+00 -4.83724142151470624e-02 0
1.33756444929164031e+00 -3.63463312040162925e-02 0
1.32833599793561952e+00 -2.78591430387127095e-02 0
1.34613275827510592e+00 -2.05540217003967497e-02 0
1.33395001475942743e+00 -1.52159025506869543e-02 0
1.35075996811740962e+00 -1.06422683075511736e-02 0
1.33639600457101460e+00 -6.79808028882443634e-03 0
1.35267242077690009e+00 -3.21749270550121969e-03 0
1.33642098852288416e+00 7.30776241351216937e-04 0
1.35215711786403392e+00 4.98415920752110116e-03 0
1.33361248009450395e+00 1.10790106501810464e-02 0
1.34814748154624109e+00 1.83334590465972676e-02 0
1.32569072111986541e+00 3.04298518360987778e-02 0
1.33763201831706624e+00 4.54424510115338520e-02 0
1.30759239754644097e+00 7.31439140949142336e-02 0
1.31488807390494089e+00 1.10836289757350409e-01 0
1.27122583321073246e+00 1.72353048043941498e-01 0
1.27033766254544500e+00 2.58150498969410558e-01 0
1.20354178356113639e+00 4.02240788053658205e-01 0
1.20425357796689059e+00 5.80888488836158290e-01 0
1.10104869230560953e+00 8.65949574639858111e-01 0
1.15612587332475969e+00 8.02976020160128701e-01 0
1.02034570392478341e+00 -5.67401156254609754e-02 0
1.05606083957965069e+00 -1.06639412148127902e-01 0
1.11076483254357905e+00 -1.62004172277278341e-01 0
1.16751144043187982e+00 -1.69327627342878956e-01 0
1.19347395580668270e+00 -1.69001099589009218e-01 0
1.22908016893569627e+00 -1.48636114978784539e-01 0
1.22682410322363600e+00 -1.29866940074379961e-01 0
1.24410366678939122e+00 -1.04392324598756248e-01 0
1.22865384677776790e+00 -8.46525839747799824e-02 0
1.23979492508347744e+00 -6.47560432361281718e-02 0
1.22161236403142226e+00 -5.06929605808484618e-02 0
1.23271432433439054e+00 -3.78635334134095891e-02 0
1.21484680854112659e+00 -2.88718002590219805e-02 0
1.22772147968913226e+00 -2.10828362530762203e-02 0
1.21021221594548090e+00 -1.53910735474095759e-02 0
1.22459485811580238e+00 -1.04939859864849362e-02 0
1.20711533731385123e+00 -6.32577167788398332e-03 0
1.22273227450183475e+00 -2.40549019372206978e-03 0
1.20504657093504619e+00 1.99334461661653797e-03 0
1.22174997567386012e+00 6.84276570749708501e-03 0
1.20370460559128367e+00 1.36934909323135311e-02 0
1.22150114099845686e+00 2.22692903809608746e-02 0
1.20290029721258995e+00 3.54633889265917046e-02 0
1.22231932961155620e+00 5.34880763643005505e-02 0
1.20287592393974641e+00 8.11007730117948578e-02 0
1.22735923417448944e+00 1.22253917858633071e-01 0
1.21031970514597398e+00 1.80629837348479622e-01 0
1.24720585843676735e+00 2.65915166254708679e-01 0
1.24695723933191749e+00 3.82159647827336413e-01 0
1.33661130773733872e+00 5.37161225029551992e-01 0
1.40362118495741739e+00 7.01116854816615898e-01 0
1.67680940206500417e+00 6.88569267796495521e-01 0
1.02868874686779810e+00 -1.16713396526837931e-01 0
1.07515473940839690e+00 -1.64605815841040892e-01 0
1.12363128462503803e+00 -2.27420836014353783e-01 0
1.16403279933462422e+00 -2.06048485371744611e-01 0
1.16084256653455276e+00 -1.91027914788782810e-01 0
1.16610208043595387e+00 -1.53207421083756262e-01 0
1.13553103931133759e+00 -1.24276777442413222e-01 0
1.12974869590515459e+00 -9.37329984532825206e-02 0
1.09605806408175632e+00 -7.27412347656651859e-02 0
1.09466027568810764e+00 -5.35567486782333804e-02 0
1.06568886712730571e+00 -4.10263473459773001e-02 0
1.07072393018786571e+00 -2.98633498311141679e-02 0
1.04630188082300446e+00 -2.25674075527036791e-02 0
1.05633334872902362e+00 -1.62317633898592349e-02 0
1.03480274804809325e+00 -1.17647660106989464e-02 0
1.04844746642507602e+00 -7.87994362133791898e-03 0
1.02859994150083445e+00 -4.59269509693141596e-03 0
1.04511447537970414e+00 -1.49757172197740153e-03 0
1.02646831094055191e+00 2.06586928668105099e-03 0
1.04588010818457944e+00 5.97195816381723699e-03 0
1.02874325226206986e+00 1.16813099939859100e-02 0
1.05204747931923359e+00 1.87876399464557906e-02 0
1.03785023938431853e+00 2.99564394775263150e-02 0
1.06768714071261162e+00 4.51308143759693789e-02 0
1.06020086238585121e+00 6.84293713269792797e-02 0
1.10272293337274307e+00 1.03082434710357093e-01 0
1.11256519938994902e+00 1.52797970419629475e-01 0
1.18207845670060530e+00 2.21247427082771120e-01 0
1.23188843781785673e+00 3.13080931741978818e-01 0
1.36466492607893808e+00 4.24008007059398340e-01 0
1.50373183667861787e+00 5.25947291406443918e-01 0
1.75168652460611884e+00 5.55646421981561112e-01 0
1.06032159276356763e+00 -1.60567663164764673e-01 0
1.11662333309355088e+00 -2.01631553922305695e-01 0
1.11853861914902430e+00 -2.50795461684049426e-01 0
1.11130082850599576e+00 -2.06661109630554646e-01 0
1.05166407827924657e+00 -1.70917109917778726e-01 0
1.01590082563840256e+00 -1.23500139828006936e-01 0
9.52283555792209913e-01 -9.33205359652129890e-02 0
9.29970114225112665e-01 -6.51318791119324808e-02 0
8.81440421603913116e-01 -4.93323149593275154e-02 0
8.75318374477706662e-01 -3.46386817209259970e-02 0
8.39426108436659546e-01 -2.64833888275853024e-02 0
8.43789137943354306e-01 -1.87699205289863745e-02 0
8.15592464226775671e-01 -1.41708707488486293e-02 0
8.26279335813816296e-01 -9.90919289148634551e-03 0
8.02192615289217592e-01 -7.16696767697697860e-03 0
8.17065456845463389e-01 -4.64032665959978469e-03 0
7.95232193938481213e-01 -2.63498437508213152e-03 0
8.13319781306756528e-01 -6.38317774292004869e-04 0
7.93067102862653917e-01 1.59624540796875019e-03 0
8.14430221919736907e-01 4.19737612934842873e-03 0
7.96267835830473669e-01 7.89579123632391626e-03 0
8.22266704141066840e-01 1.27953380919255347e-02 0
8.08428803034098031e-01 2.01849642053224428e-02 0
8.42585833555161146e-01 3.07836279784256747e-02 0
8.38735472272484683e-01 4.64079822458724200e-02 0
8.88558735446150605e-01 6.95568185250856480e-02 0
9.09437378791101647e-01 1.01594097020107493e-01 0
9.93679915880843256e-01 1.46286633870249483e-01 0
1.06192314906559315e+00 1.99853237983817100e-01 0
1.21243844492722008e+00 2.65057532534491325e-01 0
1.36007840773364674e+00 3.14333050052500784e-01 0
1.59235379613216033e+00 3.21608025073511328e-01 0
1.00792558782640729e+00 -2.93635606689444217e-01 0
1.00041214136937295e+00 -2.22879723539309543e-01 0
9.13818965756922230e-01 -2.22024252427442448e-01 0
8.50438335538952650e-01 -1.39269070516969878e-01 0
7.53742365044233420e-01 -9.54992835128607442e-02 0
7.10442631910077838e-01 -5.39945535577527405e-02 0
6.41509434610692764e-01 -3.81452599129072506e-02 0
6.25561760866839789e-01 -2.31158112123459568e-02 0
5.78912067912938699e-01 -1.78408404478165722e-02 0
5.79008643213933416e-01 -1.18114847255638492e-02 0
5.44950756297690853e-01 -9.20662250973197475e-03 0
5.53701978700942843e-01 -6.34059364438234983e-03 0
5.26156891265293747e-01 -4.72898265702129984e-03 0
5.40237423291587748e-01 -3.17587533709823983e-03 0
5.16040505572293529e-01 -2.19356690126400319e-03 0
5.33703549313082504e-01 -1.28801916886688733e-03 0
5.11232544351878482e-01 -4.69368297849497896e-04 0
5.31818640188299940e-01 2.83201410954193216e-04 0
5.10601221245273962e-01 1.34421055740621556e-03 0
5.34420577815629461e-01 2.38077321065486170e-03 0
5.15129796846145904e-01 4.23485676714195972e-03 0
5.43749996955248505e-01 6.24007651312253730e-03 0
5.28774638787006035e-01 1.00184208920195712e-02 0
5.65920060931459079e-01 1.44521672004208710e-02 0
5.60991109482939065e-01 2.28178827288544502e-02 0
6.14437246224606048e-01 3.20332185811743331e-02 0
6.32173105663409562e-01 4.80085180925341470e-02 0
7.17413557307436056e-01 6.84524135049288524e-02 0
7.77657872412100715e-01 9.46097049268876944e-02 0
9.14506326676307157e-01 1.25593989628636465e-01 0
1.03516903946420813e+00 1.46268798419518564e-01 0
1.21948055755901374e+00 1.52024091545222978e-01 0
8.10792086562371672e-01 -1.68888383784268958e-01 0
7.26700763388357318e-01 -1.07578221374273322e-01 0
4.80287540014755654e-01 -1.00726272694054819e-01 0
4.04020809122747016e-01 -4.67210819021153800e-02 0
2.94203397520098109e-01 -3.07523856810310407e-02 0
2.77888431980780004e-01 -1.14601531375992122e-02 0
2.28603729708998504e-01 -8.22234230877232075e-03 0
2.31687725883914730e-01 -2.77690150613041278e-03 0
2.02524566406564521e-01 -2.51203449947503448e-03 0
2.11539366495711062e-01 -9.70706204007909415e-04 0
1.89521765489091387e-01 -8.61272904548325514e-04 0
2.01708453908796020e-01 -3.11735121348106906e-04 0
1.82617278422660900e-01 -3.51651263372548784e-04 0
1.96893232208388114e-01 -1.63921487595303087e-04 0
1.79000124131951988e-01 -2.47555445726246165e-04 0
1.94739758288324655e-01 -2.29996462999213674e-04 0
1.77185757456352955e-01 -3.42752991962693072e-04 0
1.94231069312402277e-01 -4.21768021043970865e-04 0
1.76738466105827552e-01 -5.86200641919778880e-04 0
1.95301479594372079e-01 -7.53221107725069957e-04 0
1.78051827923526945e-01 -1.01191646501452696e-03 0
1.98838842972723889e-01 -1.26887778698521838e-03 0
1.82710280336936481e-01 -1.57108617866771948e-03 0
2.07595829531981468e-01 -1.83971930959796843e-03 0
1.95018068470944161e-01 -1.71244114373366482e-03 0
2.28999889696188036e-01 -2.01153799584697810e-03 0
2.24748938024280698e-01 -1.00989048008019006e-03 0
2.76280452481689309e-01 4.46114366131417832e-04 0
2.93376664262281928e-01 3.09256153294514479e-03 0
3.74241899906923359e-01 7.23663368349137474e-03 0
4.25962399776901812e-01 9.64478129925612146e-03 0
5.30387792718702178e-01 9.43969919151899962e-03 0
8.53517819045126247e-01 2.39341224728862878e-01 0
5.55147128670947954e-01 7.96982725445694873e-02 0
5.79229909853330893e-01 -1.17956504612696141e-02 0
5.26983351615642359e-01 -7.55006317420462477e-03 0
5.88777557683012875e-01 -1.77026512829464161e-02 0
5.88362318964072983e-01 -2.06966304708048020e-02 0
6.74013611738754070e-01 -3.73658413615885060e-02 0
7.31314441641652491e-01 -9.82963124217063888e-02 0
1.65077449139016030e+00 3.61818238253298452e-01 0
1.53388741806353335e+00 1.94396701186722171e-01 0
1.48829576348348991e+00 4.01633511661893192e-02 0
1.43241353443710451e+00 -2.20721532107368652e-03 0
1.46963185103626159e+00 -4.34685458213157211e-02 0
1.46859193035568536e+00 -6.47426560069286894e-02 0
1.53198737352962344e+00 -1.05391145613116299e-01 0
1.56042941211547403e+00 -1.85503198195033220e-01 0
1.87045939491181712e+00 3.82474588931799420e-01 0
1.88978532750321726e+00 2.41955963980257427e-01 0
1.90746826270518377e+00 8.99151558762491254e-02 0
1.87730896326722907e+00 1.08753203251680461e-02 0
1.90562196651569282e+00 -5.36441755239915885e-02 0
1.88672139677645689e+00 -8.32814444351687999e-02 0
1.91709830258049596e+00 -1.28985787173304306e-01 0
1.89178957431002859e+00 -1.82588398289755233e-01 0
1.76348394070025694e+00 2.23936151516086840e-01 0
1.87036573188894417e+00 1.57163050767390150e-01 0
1.93800096637119079e+00 5.28641831977645499e-02 0
1.94096591872195257e+00 -5.89898803242560189e-04 0
1.95334501206452904e+00 -5.26536469842458568e-02 0
1.91978900666828478e+00 -7.64429373808159646e-02 0
1.90948410885151243e+00 -1.10239518195163047e-01 0
1.84601408438026415e+00 -1.40699664305882127e-01 0
1.34706431584289255e+00 1.04684853747746748e-01 0
1.44537888345306720e+00 6.72194605616226043e-02 0
1.50628625806979155e+00 1.95402087888744656e-02 0
1.50794540025078572e+00 -4.69242959450283815e-03 0
1.51071642252387028e+00 -3.22455855982221179e-02 0
1.46487155543099412e+00 -3.96397617220174275e-02 0
1.43940093257426760e+00 -5.49941834026587417e-02 0
1.36155703765629288e+00 -6.48680497009769819e-02 0
5.87203388907173274e-01 -1.70298542667531179e-03 0
6.33590953180899752e-01 -2.31752627683848387e-03 0
6.51886689917139051e-01 -9.44794644157040744e-03 0
6.43902119706016185e-01 -5.27471959986514256e-03 0
6.41702125028922210e-01 -9.32675880232269709e-03 0
6.02546365146004459e-01 -5.37969906040243299e-03 0
5.96466388254173419e-01 -6.67216114708730872e-03 0
5.41096056396921821e-01 -6.11916422454640476e-03 0
9.57621481808928476e-01 -3.06180360998759948e-01 0
9.67788562527080898e-01 -4.74317032529649074e-01 0
1.05434645664896309e+00 -4.47123751006488934e-01 0
1.09109955322166940e+00 -4.15508412443855835e-01 0
1.15399874158447568e+00 -3.59197170842809888e-01 0
1.18469317741929681e+00 -3.04477365870466310e-01 0
1.23312859588302559e+00 -2.49737204979119082e-01 0
1.25000246409882321e+00 -2.01398568770098124e-01 0
1.28519269886029419e+00 -1.60433994163545368e-01 0
1.29118449720825601e+00 -1.26446019711100283e-01 0
1.31647607591337112e+00 -9.87228131244036189e-02 0
1.31525528819476145e+00 -7.68702277660125444e-02 0
1.33293436034263779e+00 -5.85718233943040567e-02 0
1.32829356651738983e+00 -4.51456664047667836e-02 0
1.34156685658625752e+00 -3.37378451365097157e-02 0
1.33564718574216945e+00 -2.57151160044604699e-02 0
1.34643191408262464e+00 -1.91504953323462027e-02 0
1.34020385782170703e+00 -1.45227150088894797e-02 0
1.34942212823107055e+00 -1.09138159883143543e-02 0
1.34311111128639471e+00 -8.40460123987837003e-03 0
1.35106911139675612e+00 -6.41796051118179688e-03 0
1.34494287531724122e+00 -5.04958879537875573e-03 0
1.35189909173172862e+00 -3.91480126156982036e-03 0
1.34616081435677293e+00 -3.14604832921462066e-03 0
1.35229245679624799e+00 -2.46222679593751260e-03 0
1.34703662880963737e+00 -2.01716091086672064e-03 0
1.35244912951694340e+00 -1.58292518562083229e-03 0
1.34770504895961385e+00 -1.32081448852273357e-03 0
1.35246992271557409e+00 -1.03226469543786135e-03 0
1.34823568881920419e+00 -8.76926781948511678e-04 0
1.35240909682518184e+00 -6.75444661873718355e-04 0
1.34866483501490020e+00 -5.87926024005014890e-04 0
1.35230150995894483e+00 -4.42211810711599170e-04 0
1.34902076605744869e+00 -3.98069762458895689e-04 0
1.35216856470864544e+00 -2.90582546877458524e-04 0
1.34932103244066681e+00 -2.71674760674475463e-04 0
1.35202392283987249e+00 -1.90024996167603819e-04 0
1.34957666808569354e+00 -1.87092968350902153e-04 0
1.35187698508850396e+00 -1.25068309226492654e-04 0
1.34979775086275655e+00 -1.30187608165509657e-04 0
1.35173329917830509e+00 -8.10596088073766341e-05 0
1.34998929933568501e+00 -9.09341663301947012e-05 0
1.35159583094624480e+00 -5.10935152495766543e-05 0
1.35015655792086142e+00 -6.37400510249426630e-05 0
1.35146628653625145e+00 -3.06952242439209209e-05 0
1.35030406637426026e+00 -4.46492374821373477e-05 0
1.35134496307628194e+00 -1.64045392284435207e-05 0
1.35043531861745092e+00 -3.06372286439109723e-05 0
1.35123097305467610e+00 -5.29484577648297198e-06 0
1.35055304901619055e+00 -1.90009994640456792e-05 0
1.35112234270797837e+00 5.64650175552063110e-06 0
1.35065893846584562e+00 -6.88257463818627406e-06 0
1.35101573837254763e+00 1.98326576119208192e-05 0
1.35075309956911838e+00 7.80777636442914018e-06 0
1.35090676325992520e+00 3.72629568087041966e-05 0
1.35083216532605110e+00 1.26796877802697165e-05 0
1.61607162888915323e+00 -3.18812123303040318e-01 0
1.52438364197080900e+00 -4.17058806346469801e-01 0
1.48048298543515688e+00 -4.22489901596760142e-01 0
1.41635006269682506e+00 -4.04286222174536525e-01 0
1.38897501699461667e+00 -3.60019423594567567e-01 0
1.34466645037484112e+00 -3.10060918207712755e-01 0
1.33061600107177935e+00 -2.56156224268348609e-01 0
1.29689136141046846e+00 -2.07891347503581042e-01 0
1.29144789394202553e+00 -1.65248398859846796e-01 0
1.26415064631015728e+00 -1.29426392961077580e-01 0
1.26321562352538863e+00 -1.00351040966698613e-01 0
1.24129777275299991e+00 -7.67001619564373766e-02 0
1.24356309138810461e+00 -5.85673505268044653e-02 0
1.22668975918821088e+00 -4.45778263875693595e-02 0
1.23122044526855268e+00 -3.34885699877155718e-02 0
1.21808440498927140e+00 -2.55522702283268385e-02 0
1.22406577356998181e+00 -1.91462532781889738e-02 0
1.21343171719661802e+00 -1.46037689478670449e-02 0
1.22000389265815423e+00 -1.09814314527851183e-02 0
1.21099047245886449e+00 -8.47315808080249637e-03 0
1.21753468064473691e+00 -6.45695604724193239e-03 0
1.20970070104436700e+00 -5.08774760091444157e-03 0
1.21592734252226542e+00 -3.93530728529179093e-03 0
1.20904817166887391e+00 -3.17200023091384438e-03 0
1.21482388514031792e+00 -2.47790699060056619e-03 0
1.20876509944528121e+00 -2.04026685385676979e-03 0
1.21402927921279025e+00 -1.59769422962995197e-03 0
1.20869604769241001e+00 -1.34217160498367304e-03 0
1.21342985700852757e+00 -1.04585606031379406e-03 0
1.20874765553931618e+00 -8.95093884144737041e-04 0
1.21295923692761121e+00 -6.85589016478719659e-04 0
1.20886728406165145e+00 -6.03242858333672511e-04 0
1.21257616970732185e+00 -4.50632531199368690e-04 0
1.20902149765988720e+00 -4.10073235473802026e-04 0
1.21225580187276427e+00 -2.96258316496734292e-04 0
1.20919022587815328e+00 -2.81018147161641392e-04 0
1.21198281984492917e+00 -1.93556162977619222e-04 0
1.20936142517373413e+00 -1.94408168367647514e-04 0
1.21174656311840456e+00 -1.27204447095830882e-04 0
1.20952642936076438e+00 -1.35802080187837244e-04 0
1.21153996815362874e+00 -8.17859785792544034e-05 0
1.20968240323857268e+00 -9.52372296899407967e-05 0
1.21135819772733244e+00 -5.10999729653078359e-05 0
1.20982809974289984e+00 -6.70905782485768252e-05 0
1.21119717397665805e+00 -3.01965744136371934e-05 0
1.20996331244252109e+00 -4.72518987154905011e-05 0
1.21105333144848104e+00 -1.54852062332306221e-05 0
1.21008871329258150e+00 -3.25795315071758377e-05 0
1.21092341396499203e+00 -3.87654190031332936e-06 0
1.21020556289278747e+00 -2.01899459915617498e-05 0
1.21080427138602675e+00 7.95139948125690756e-06 0
1.21031531774512691e+00 -6.88415755220930804e-06 0
1.21069247937729640e+00 2.39297104981376093e-05 0
1.21041903333596212e+00 9.67951427305680778e-06 0
1.21058409003920997e+00 4.37547569270945518e-05 0
1.21051393795590001e+00 1.40681738617931957e-05 0
1.87208551294302805e+00 -2.69957457235295073e-01 0
1.76152852121545722e+00 -3.38907443890594795e-01 0
1.67388446441586791e+00 -3.38902843882508686e-01 0
1.55634902665298092e+00 -3.24206825754092542e-01 0
1.47341359393405447e+00 -2.87290789420030335e-01 0
1.37623025912715558e+00 -2.46363382207458403e-01 0
1.31484985725102677e+00 -2.01699533735252540e-01 0
1.24262263076721680e+00 -1.62512768927148804e-01 0
1.20321335158582987e+00 -1.27395080225336105e-01 0
1.15226073016795150e+00 -9.85275531542436772e-02 0
1.13145198150930670e+00 -7.55431583518157285e-02 0
1.09629221628009477e+00 -5.75533186477218475e-02 0
1.08851881888287760e+00 -4.36170376703741772e-02 0
1.06361726485140906e+00 -3.31554434666420303e-02 0
1.06341337219095156e+00 -2.47740653292696199e-02 0
1.04541269659835057e+00 -1.89216295122594941e-02 0
1.04885315324821882e+00 -1.41346305362312769e-02 0
1.03503993059935184e+00 -1.08243821002163062e-02 0
1.04027507495605742e+00 -8.10991034225219329e-03 0
1.02917804078511965e+00 -6.29584133950285979e-03 0
1.03511908928014407e+00 -4.77104904179491331e-03 0
1.02586700005291021e+00 -3.79499487476106685e-03 0
1.03189506190194402e+00 -2.91487270971876747e-03 0
1.02399574289412088e+00 -2.38376276613177888e-03 0
1.02978418849845044e+00 -1.84499653910015406e-03 0
1.02295284241159457e+00 -1.54899355775196205e-03 0
1.02833842842699963e+00 -1.19578944147170907e-03 0
1.02239750450696243e+00 -1.03061582801261737e-03 0
1.02730611648475700e+00 -7.83957591723611247e-04 0
1.02213442183770309e+00 -6.96556322887807180e-04 0
1.02654148760621999e+00 -5.14779561450134362e-04 0
1.02205021534171370e+00 -4.74984468375771562e-04 0
1.02595581992345819e+00 -3.36619380812039045e-04 0
1.02207288040602862e+00 -3.27134498287998728e-04 0
1.02549426414515699e+00 -2.20257951338200832e-04 0
1.02215740433755142e+00 -2.27442422110895183e-04 0
1.02512144144092776e+00 -1.42651802925052523e-04 0
1.02227546804572733e+00 -1.59427497175203801e-04 0
1.02481373440771617e+00 -9.12177680354697403e-05 0
1.02240791872300796e+00 -1.13001969923921884e-04 0
1.02455537182237832e+00 -5.67292104316819996e-05 0
1.02254539842007586e+00 -8.07525658719412124e-05 0
1.02433565546726446e+00 -3.34929886983228556e-05 0
1.02268172824354986e+00 -5.81864929049443332e-05 0
1.02414640569108895e+00 -1.77709135758242954e-05 0
1.02281365262858226e+00 -4.21385273807502040e-05 0
1.02398131747441812e+00 -6.72934579879880670e-06 0
1.02293997913880763e+00 -3.01184370297199237e-05 0
1.02383541461973016e+00 2.16989954142441443e-06 0
1.02306111866128502e+00 -1.97051675295996477e-05 0
1.02370476477421257e+00 1.18974057302921044e-05 0
1.02317877196292129e+00 -7.89748212816584201e-06 0
1.02358620353285290e+00 2.63794437627383979e-05 0
1.02329549771347339e+00 7.82996977088536947e-06 0
1.02347678121301300e+00 4.54202056451258963e-05 0
1.02340960256624625e+00 1.10712142648609684e-05 0
1.79154776469348809e+00 -1.88341736276887800e-01 0
1.65805541502416176e+00 -2.19059228575558762e-01 0
1.54537855327655804e+00 -2.17101340864986475e-01 0
1.40468316526193071e+00 -2.04037502515182906e-01 0
1.29976539436420357e+00 -1.79657249361171306e-01 0
1.18360028783353455e+00 -1.51758687058045016e-01 0
1.10915584327365302e+00 -1.22265057523840454e-01 0
1.02633435770428894e+00 -9.65566036983157294e-02 0
9.81696273161235200e-01 -7.45668014858470729e-02 0
9.25659930214890347e-01 -5.79987358314450682e-02 0
9.03772558038575591e-01 -4.40380230608892129e-02 0
8.65799738412982745e-01 -3.41222456920703132e-02 0
8.58122638030350160e-01 -2.55306917318116541e-02 0
8.31475407315333315e-01 -1.98416696194148312e-02 0
8.31735183840283332e-01 -1.49108806810399914e-02 0
8.12408020468148750e-01 -1.13693463725867173e-02 0
8.16481276039411230e-01 -8.39426065446549803e-03 0
8.01584587433111007e-01 -6.40546774345009985e-03 0
8.07506800741066511e-01 -4.74083798613650874e-03 0
7.95495751275339669e-01 -3.69361224253555174e-03 0
8.02115431297519610e-01 -2.77298997727627988e-03 0
7.92068808318549977e-01 -2.23206476340202494e-03 0
7.98734130999966263e-01 -1.70130922505074954e-03 0
7.90126553283104660e-01 -1.41735178138765127e-03 0
7.96497250341189678e-01 -1.08612249700441150e-03 0
7.89030061443282915e-01 -9.35320043866994682e-04 0
7.94942065891300342e-01 -7.10237567752814770e-04 0
7.88433698838071351e-01 -6.32719547547842256e-04 0
7.93815295219345129e-01 -4.69623967473975620e-04 0
7.88143494888918328e-01 -4.33510202449150341e-04 0
7.92970438097882924e-01 -3.08728147745480647e-04 0
7.88042546104270492e-01 -2.99601590695662123e-04 0
7.92319162937009880e-01 -2.02029453481584559e-04 0
7.88058093747993960e-01 -2.08941738021036134e-04 0
7.91804209377347523e-01 -1.31187533510533823e-04 0
7.88141641399676351e-01 -1.47024638134455048e-04 0
7.91387982422197545e-01 -8.34106884372059267e-05 0
7.88263350998345325e-01 -1.04480227615816239e-04 0
7.91045281774411135e-01 -5.20492154942157564e-05 0
7.88403738885479766e-01 -7.51821632509067566e-05 0
7.90758388162761006e-01 -3.10273399135031736e-05 0
7.88550995314422409e-01 -5.46559360769395785e-05 0
7.90514981660024763e-01 -1.69504225371990996e-05 0
7.88698101464746948e-01 -4.01453775907946868e-05 0
7.90305847429964348e-01 -7.47022443247890372e-06 0
7.88841238471054917e-01 -2.97065835588366934e-05 0
7.90123899187914702e-01 -7.95933478344359098e-07 0
7.88979015844522680e-01 -2.17627779906702854e-05 0
7.89963709908909739e-01 4.76885542026183721e-06 0
7.89112135643086354e-01 -1.46605427119696622e-05 0
7.89821435100699909e-01 1.14185144991871335e-05 0
7.89243468185657049e-01 -6.11115589989347348e-06 0
7.89694973162771929e-01 2.23455576855586222e-05 0
7.89378139513911337e-01 5.90893517069655138e-06 0
7.89583085667948437e-01 3.71357514694868799e-05 0
7.89515969638982962e-01 6.57112702944420374e-06 0
1.30456816311780655e+00 -8.17901082129408874e-02 0
1.18259148994859165e+00 -9.29515023146913616e-02 0
1.09542319873392380e+00 -8.53095476454474033e-02 0
9.74962394979574820e-01 -7.88329561559615449e-02 0
8.98746207391329155e-01 -6.59501607974670445e-02 0
8.01444929206619583e-01 -5.60342865734113627e-02 0
7.50809412658762221e-01 -4.41344128171440725e-02 0
6.81790095327634793e-01 -3.53727118914445582e-02 0
6.55476091419982310e-01 -2.63828630832885387e-02 0
6.07958922104565369e-01 -2.09566548261330421e-02 0
5.97515863831828975e-01 -1.53179558549023549e-02 0
5.64198342641417216e-01 -1.22775454600455147e-02 0
5.63058803608278868e-01 -8.90918722822515476e-03 0
5.38967883659048241e-01 -7.15764921938920242e-03 0
5.42753245815915775e-01 -5.31054747863782088e-03 0
5.24382850083329188e-01 -4.06680240358789184e-03 0
5.30887494063019272e-01 -2.91008258414825324e-03 0
5.16303632114149536e-01 -2.25120860676947818e-03 0
5.23982064850761042e-01 -1.62078548650285343e-03 0
5.11898231751040989e-01 -1.30226088479862539e-03 0
5.19818410482768556e-01 -9.49977828274888958e-04 0
5.09485740061020653e-01 -8.02979413636641538e-04 0
5.17151602441399016e-01 -5.89211825541327973e-04 0
5.08157916668874776e-01 -5.23459420985144738e-04 0
5.15330318678596910e-01 -3.79630249879489492e-04 0
5.07444085913836940e-01 -3.54232584208224825e-04 0
5.14017345320002317e-01 -2.48143755995239594e-04 0
5.07094547126444195e-01 -2.45405906845012412e-04 0
5.13030925076528033e-01 -1.62437360354201181e-04 0
5.06967775431340861e-01 -1.72380411488225573e-04 0
5.12266873501596387e-01 -1.04129994502074732e-04 0
5.06980231675816073e-01 -1.22213086160511130e-04 0
5.11659985588252764e-01 -6.50332918760066799e-05 0
5.07076146408021344e-01 -8.78873428116176285e-05 0
5.11167224011311205e-01 -3.95379583962705798e-05 0
5.07219118512560296e-01 -6.41301016262032592e-05 0
5.10759708215702268e-01 -2.26665935922788623e-05 0
5.07386236748422981e-01 -4.74180271753295041e-05 0
5.10417476869250208e-01 -1.16548323322706539e-05 0
5.07562033700183712e-01 -3.56445557354675792e-05 0
5.10126213710832999e-01 -4.48955261543110920e-06 0
5.07737542116583174e-01 -2.72293327168598951e-05 0
5.09875645938711819e-01 1.38200456657800036e-07 0
5.07907617540552470e-01 -2.11560162951670272e-05 0
5.09657872517518706e-01 3.10592266329651694e-06 0
5.08069810783404074e-01 -1.66975974948107279e-05 0
5.09466592148062891e-01 5.09902703933738947e-06 0
5.08223734337353794e-01 -1.32745155214417586e-05 0
5.09296797864034256e-01 6.78713482975884223e-06 0
5.08370882330310025e-01 -1.02467996829078713e-05 0
5.09144853524472363e-01 9.14794379674607356e-06 0
5.08514947725844824e-01 -6.50830836854625566e-06 0
5.09008940305215374e-01 1.39863409048426118e-05 0
5.08662375402396116e-01 -5.07086337239074067e-07 0
5.08888364734501941e-01 2.15709099831746708e-05 0
5.08813274622789358e-01 -6.85908712225918635e-07 0
5.25262374958189504e-01 -9.11841736174857746e-03 0
4.50404165151473745e-01 -1.01769883982398193e-02 0
4.21913701771079508e-01 -9.19661294324020800e-03 0
3.56123748046862143e-01 -7.64938274185916669e-03 0
3.35195771107726304e-01 -5.83191864068794558e-03 0
2.84587261040444461e-01 -4.14772351505126799e-03 0
2.74756678946996735e-01 -2.26390609990817027e-03 0
2.38456415336594257e-01 -1.58631786174929417e-03 0
2.37519698697548715e-01 -3.59102981920660428e-04 0
2.12002324378469748e-01 -4.27621080525515662e-04 0
2.15839417269980460e-01 1.22532199803459380e-04 0
1.97109972971198671e-01 -7.49954040124396016e-05 0
2.03178095331816827e-01 1.16660785744308036e-04 0
1.88631410530211957e-01 3.99828871882602053e-05 0
1.95742781670223243e-01 1.02261713138581501e-04 0
1.83743982231995451e-01 6.45996748074440907e-05 0
1.91418051108117243e-01 1.18054062136511680e-04 0
1.81275367187382824e-01 6.67088659906915090e-05 0
1.88910501286237958e-01 9.62341880915240460e-05 0
1.80072609990968219e-01 4.11653297775586440e-05 0
1.87329902061964537e-01 6.42117116562510585e-05 0
1.79503176597185649e-01 1.53630151744898573e-05 0
1.86229994246590286e-01 3.94658128745056650e-05 0
1.79260875427747546e-01 -1.56551746285145860e-06 0
1.85403089135884797e-01 2.48736275572774694e-05 0
1.79201747560295055e-01 -1.03209467640675546e-05 0
1.84749735100936591e-01 1.73816279078395963e-05 0
1.79252413634088836e-01 -1.38413156177052720e-05 0
1.84216882110184998e-01 1.36490180993085671e-05 0
1.79369003686229433e-01 -1.44613139014752163e-05 0
1.83773195551241136e-01 1.20027309840809332e-05 0
1.79524924280504428e-01 -1.38124441683862913e-05 0
1.83398095139866851e-01 1.09210539597440904e-05 0
1.79700785261551949e-01 -1.27195236875831593e-05 0
1.83076666948951028e-01 1.00716921330999759e-05 0
1.79882985101054493e-01 -1.15020491008639109e-05 0
1.82798457633961325e-01 9.39106015878911057e-06 0
1.80063308396333360e-01 -1.03120040970240799e-05 0
1.82555936923237266e-01 8.65461130761598327e-06 0
1.80236502787046893e-01 -9.20455845958206930e-06 0
1.82343227954375131e-01 7.94291107827631862e-06 0
1.80399781871321718e-01 -8.21610971018559832e-06 0
1.82155649624777233e-01 7.25974243706116660e-06 0
1.80551994495273510e-01 -7.36216308128454782e-06 0
1.81989225787229980e-01 6.62344580488634513e-06 0
1.80693156566548385e-01 -6.63074254509961400e-06 0
1.81840471717455238e-01 6.06398493421290392e-06 0
1.80824223714518062e-01 -6.00980137654621381e-06 0
1.81706292390970747e-01 5.63863237180658999e-06 0
1.80947058713013753e-01 -5.43160614595258634e-06 0
1.81584140056440579e-01 5.53310110869728071e-06 0
1.81064829177082859e-01 -4.59251633908048735e-06 0
1.81472752289355888e-01 6.33398133595657251e-06 0
1.81183203259093678e-01 -2.72626510599464877e-06 0
1.81373092621363752e-01 8.41576631891713759e-06 0
1.81305287700892909e-01 -2.47995961270726616e-06 0
SCALARS velocity_magnitude double 1
LOOKUP_TABLE default
8.28195081973706060e-01
7.34620359930754474e-01
4.90736082942619001e-01
4.06713257346810353e-01
2.95806268247935433e-01
2.78124640663639844e-01
2.28751551144244170e-01
2.31704366622910579e-01
2.02540144956376456e-01
2.11541593667637640e-01
1.89523722506941994e-01
2.01708694801344235e-01
1.82617617021874873e-01
1.96893300451547015e-01
1.79000295342430032e-01
1.94739894128346080e-01
1.77186088992477203e-01
1.94231527282962724e-01
1.76739438265062332e-01
1.95302932121293377e-01
1.78054703421377886e-01
1.98842891619783135e-01
1.82717034972643216e-01
2.07603981242059588e-01
1.95025586812130280e-01
2.29008724272360326e-01
2.24751207023189709e-01
2.76280812724354674e-01
2.93392963658612838e-01
3.74311860053086087e-01
4.26071576040913169e-01
5.30471788762717611e-01
1.04982658573553844e+00
1.02493893659408064e+00
9.40404099763770041e-01
8.61766346837363639e-01
7.59768165976553389e-01
7.12491505237932143e-01
6.42642525489649508e-01
6.25988703880674846e-01
5.79186911085173728e-01
5.79129104875832357e-01
5.45028520972767216e-01
5.53738281502766827e-01
5.26178142338808996e-01
5.40246758226316182e-01
5.16045167715734832e-01
5.33705103570961681e-01
5.11232759870174913e-01
5.31818715580709922e-01
5.10602990735284812e-01
5.34425880777422257e-01
5.15147203942910692e-01
5.43785801355679332e-01
5.28869537287185776e-01
5.66104566833847245e-01
5.61454967698619578e-01
6.15271693475421655e-01
6.33993417487102917e-01
7.20671870776389389e-01
7.83391832320184611e-01
9.23090283790421240e-01
1.04545181712085467e+00
1.22891991399894529e+00
1.07241030138597315e+00
1.13468187240108986e+00
1.14631017010843639e+00
1.13035319510368959e+00
1.06546233719615158e+00
1.02338007215805749e+00
9.56845177156974369e-01
9.32248129550057092e-01
8.82819853735594462e-01
8.76003478854465945e-01
8.39843772057827231e-01
8.43997878665111334e-01
8.15715564015334516e-01
8.26338751881156242e-01
8.02224630345273693e-01
8.17078633566461932e-01
7.95236559419325695e-01
8.13320031870928162e-01
7.93068709257985449e-01
8.14441038092445724e-01
7.96306982185035372e-01
8.22366252701608125e-01
8.08680754331391305e-01
8.43147981537687330e-01
8.40018388751594736e-01
8.91277048642882597e-01
9.15094370407558255e-01
1.00439014066177301e+00
1.08056563502048397e+00
1.24107311573955315e+00
1.39592927543096601e+00
1.62450679725632918e+00
1.03528863360567924e+00
1.08768230116028009e+00
1.14641506464791298e+00
1.18212873081362502e+00
1.17645532364286676e+00
1.17612353766250899e+00
1.14231145432284209e+00
1.13363044723128614e+00
1.09846919259417786e+00
1.09596963668444647e+00
1.06647828045014603e+00
1.07114030566976992e+00
1.04654522771677194e+00
1.05645805117263780e+00
1.03486962323049037e+00
1.04847707815940772e+00
1.02861019467953563e+00
1.04511554832699693e+00
1.02647038991397710e+00
1.04589715791813864e+00
1.02880957046922528e+00
1.05221522236954068e+00
1.03828247978211929e+00
1.06864054808036690e+00
1.06240691243746710e+00
1.10753052165247734e+00
1.12300870113850126e+00
1.20260546403407131e+00
1.27105027176008534e+00
1.42901824726157023e+00
1.59305680704717423e+00
1.83770199636285625e+00
1.02192210868596511e+00
1.06143132661957984e+00
1.12251675489755365e+00
1.17972658228130567e+00
1.20538021172620091e+00
1.23803503842287133e+00
1.23367856524804731e+00
1.24847574712741616e+00
1.23156661824673996e+00
1.24148491790860427e+00
1.22266370857086537e+00
1.23329568739982176e+00
1.21518984078935710e+00
1.22790248703275506e+00
1.21031008127907747e+00
1.22463982064630872e+00
1.20713191201020398e+00
1.22273464072364280e+00
1.20504821958760577e+00
1.22176913804946063e+00
1.20378249248909563e+00
1.22170412086348046e+00
1.20342294189543986e+00
1.22348907555486330e+00
1.20560682810308428e+00
1.23343289655288846e+00
1.22372420384575342e+00
1.27523853814924970e+00
1.30420410732101044e+00
1.44051101004262083e+00
1.56898606609276126e+00
1.81268237924847542e+00
1.00893604850660212e+00
1.03593324346787585e+00
1.08565829350400911e+00
1.14341319480957160e+00
1.18589476634563540e+00
1.23499291623999929e+00
1.25808795729868961e+00
1.29366933863025468e+00
1.29859735375583685e+00
1.32347534571779457e+00
1.31850442598123574e+00
1.33805818702090651e+00
1.32862811021400762e+00
1.34628966822728113e+00
1.33403679318995283e+00
1.35080189124264938e+00
1.33641329498260975e+00
1.35267624736774050e+00
1.33642118837339519e+00
1.35216630383539949e+00
1.33365849890198729e+00
1.34827213416233227e+00
1.32603991798052157e+00
1.33840368831497902e+00
1.30963655660779543e+00
1.31955118514225744e+00
1.28285645819037764e+00
1.29630222451661847e+00
1.26898009307194326e+00
1.33703332679948339e+00
1.40077724467934162e+00
1.40762122919715837e+00
5.87205858452598428e-01
6.33595191711922801e-01
6.51955152016040262e-01
6.43923724096853611e-01
6.41769900892558365e-01
6.02570380357072555e-01
5.96503704934206014e-01
5.41130655535270511e-01
1.35112589715524711e+00
1.44694110900951767e+00
1.50641299492247183e+00
1.50795270125060776e+00
1.51106051736260727e+00
1.46540778782201064e+00
1.44045111156237216e+00
1.36310140140967273e+00
1.77764535541207702e+00
1.87695716414581648e+00
1.93872183872650306e+00
1.94096600843252154e+00
1.95405453936838192e+00
1.92131032184196537e+00
1.91266366965217993e+00
1.85136824944717659e+00
1.90916347121294705e+00
1.90521160848136817e+00
1.90958631877333862e+00
1.87734046363473794e+00
1.90637687168468495e+00
1.88855855826346986e+00
1.92143259960833901e+00
1.90058052089527796e+00
1.68996120061597255e+00
1.54615674791555402e+00
1.48883759175629060e+00
1.43241523502266443e+00
1.47027456348258179e+00
1.47001832276147049e+00
1.53560822020894361e+00
1.57141699950925751e+00
8.86440573055467862e-01
5.60838790759840999e-01
5.79350002925523744e-01
5.27037433536526101e-01
5.89043628485906190e-01
5.88726225690706761e-01
6.75048557325907295e-01
7.37890898005328366e-01
5.25341515602883669e-01
4.50519126140382753e-01
4.22013920833876899e-01
3.56205891211125725e-01
3.35246500657994162e-01
2.84617484924993724e-01
2.74766005661174373e-01
2.38461691678957033e-01
2.37519970111800288e-01
2.12002755612854615e-01
2.15839452015365529e-01
1.97109987210744991e-01
2.03178128800770158e-01
1.88631414739184239e-01
1.95742808368124993e-01
1.83743993564338376e-01
1.91418087498808065e-01
1.81275379449203855e-01
1.88910525779474758e-01
1.80072614693840283e-01
1.87329913048308178e-01
1.79503177251607665e-01
1.86229998418169423e-01
1.79260875421585031e-01
1.85403090804861503e-01
1.79201747841870818e-01
1.84749735920211627e-01
1.79252414161606921e-01
1.84216882609211985e-01
1.79369004268093518e-01
1.83773195932644656e-01
1.79524924811229419e-01
1.83398095459799793e-01
1.79700785705984245e-01
1.83076667226365980e-01
1.79882985461895822e-01
1.82798457873361547e-01
1.80063308690740942e-01
1.82555937120003703e-01
1.80236503026703770e-01
1.82343228117712336e-01
1.80399782060292141e-01
1.82155649766669564e-01
1.80551994639169711e-01
1.81989225912699643e-01
1.80693156677713324e-01
1.81840471824194022e-01
1.80824223807307533e-01
1.81706292478288040e-01
1.80947058793811510e-01
1.81584140135033406e-01
1.81064829237341018e-01
1.81472752393405684e-01
1.81183203279674659e-01
1.81373092812167569e-01
1.81305287716328062e-01
1.30712957040860211e+00
1.18623885188381317e+00
1.09874005254801665e+00
9.78144317812230102e-01
9.01162676150005559e-01
8.03401403856162322e-01
7.52105458334967114e-01
6.82707084147399224e-01
6.56006830644965233e-01
6.08320008123164890e-01
5.97712177625578378e-01
5.64331912910488898e-01
5.63129283472976749e-01
5.39015409389037470e-01
5.42779225573273738e-01
5.24398619712924563e-01
5.30895469849894108e-01
5.16308539988682647e-01
5.23984571568690272e-01
5.11899888180036178e-01
5.19819278558961928e-01
5.09486372806337573e-01
5.17151938099912889e-01
5.08158186287913316e-01
5.15330458481310094e-01
5.07444209580386385e-01
5.14017405187561671e-01
5.07094606516096169e-01
5.13030950789905682e-01
5.06967804717188053e-01
5.12266884097035580e-01
5.06980246384613475e-01
5.11659989718881825e-01
5.07076154022856329e-01
5.11167225520343216e-01
5.07219122571376579e-01
5.10759708706094440e-01
5.07386238948881352e-01
5.10417477013325516e-01
5.07562034918118021e-01
5.10126213748389512e-01
5.07737542823694099e-01
5.09875645934420141e-01
5.07907617989305282e-01
5.09657872495983821e-01
5.08069811085425260e-01
5.09466592140006336e-01
5.08223734529758775e-01
5.09296797897377251e-01
5.08370882430617677e-01
5.09144853617185533e-01
5.08514947753126667e-01
5.09008940513161257e-01
5.08662375394002053e-01
5.08888365199554715e-01
5.08813274626742973e-01
1.80142055127628886e+00
1.67246366317547435e+00
1.56055370458993714e+00
1.41942456544227347e+00
1.31212301537140497e+00
1.19328971348594237e+00
1.11587428899004149e+00
1.03086633054180088e+00
9.84524139122731512e-01
9.27475153163923260e-01
9.04844839773526810e-01
8.66471877594782169e-01
8.58502346006882244e-01
8.31712116524922385e-01
8.31868830057949316e-01
8.12487571417248811e-01
8.16524425689791444e-01
8.01610180088480062e-01
8.07520717230396201e-01
7.95504326267883033e-01
8.02120224498252044e-01
7.92071953335072854e-01
7.98735942891927175e-01
7.90127824515820754e-01
7.96497990896359753e-01
7.89030615780176969e-01
7.94942383192357882e-01
7.88433952700897778e-01
7.93815434127298714e-01
7.88143614120685454e-01
7.92970498171653659e-01
7.88042603063643377e-01
7.92319188681521513e-01
7.88058121433118486e-01
7.91804220248644164e-01
7.88141655090665694e-01
7.91387986813286259e-01
7.88263357917817875e-01
7.91045283458247761e-01
7.88403742484604320e-01
7.90758388736537920e-01
7.88550997215265226e-01
7.90514981829830155e-01
7.88698102465731354e-01
7.90305847482218771e-01
7.88841238993671312e-01
7.90123899211631731e-01
7.88979016119689791e-01
7.89963709929673019e-01
7.89112135779734603e-01
7.89821435171755959e-01
7.89243468225121592e-01
7.89694973465854044e-01
7.89378139549594349e-01
7.89583086538096612e-01
7.89515969671777951e-01
1.89144949605646984e+00
1.79383415795575485e+00
1.70784786718706560e+00
1.58975858494287414e+00
1.50116075629423729e+00
1.39810752163978935e+00
1.33023037436742309e+00
1.25320445356095167e+00
1.20993879012057381e+00
1.15646550700989881e+00
1.13397105572116574e+00
1.09780189829733676e+00
1.08939233749881836e+00
1.06413390582443101e+00
1.06370191050425711e+00
1.04558392025254010e+00
1.04894838997209305e+00
1.03509652939742525e+00
1.04030668663021109e+00
1.02919729751056899e+00
1.03513008455712163e+00
1.02587401943349454e+00
1.03189917883275273e+00
1.02399851748584481e+00
1.02978584125683015e+00
1.02295401520857943e+00
1.02833912365836322e+00
1.02239802396540669e+00
1.02730641560984326e+00
1.02213465916378543e+00
1.02654161668949873e+00
1.02205032569484855e+00
1.02595587514302045e+00
1.02207293275394084e+00
1.02549428777982632e+00
1.02215742964274314e+00
1.02512145135203570e+00
1.02227548046103389e+00
1.02481373847108626e+00
1.02240792493589439e+00
1.02455537340222747e+00
1.02254540158465979e+00
1.02433565600679910e+00
1.02268172990004702e+00
1.02414640581622796e+00
1.02281365351468767e+00
1.02398131746594601e+00
1.02293997959505312e+00
1.02383541460985117e+00
1.02306111884777473e+00
1.02370476485076956e+00
1.02317877198226759e+00
1.02358620388624866e+00
1.02329549773815143e+00
1.02347678222930427e+00
1.02340960263118097e+00
1.64721846737081745e+00
1.58040612989165030e+00
1.53958682341450204e+00
1.47292051693060944e+00
1.43487476214572274e+00
1.37995131638064383e+00
1.35504795244184306e+00
1.31344813967262675e+00
1.30197722559724194e+00
1.27075884720187271e+00
1.26719534517962251e+00
1.24366517819496281e+00
1.24494148326572218e+00
1.22749946959631728e+00
1.23167579709848618e+00
1.21835238586982952e+00
1.22421550269376422e+00
1.21351959290645484e+00
1.22005331437166920e+00
1.21102011495854711e+00
1.21755180210893155e+00
1.20971140001091437e+00
1.21593371074908752e+00
1.20905233261103806e+00
1.21482641227800148e+00
1.20876682130542257e+00
1.21403033052984233e+00
1.20869679287817267e+00
1.21343030771786098e+00
1.20874798695997199e+00
1.21295943066770961e+00
1.20886743457779922e+00
1.21257625343265096e+00
1.20902156719396769e+00
1.21225583807167547e+00
1.20919025851818085e+00
1.21198283529368256e+00
1.20936144079257524e+00
1.21174656977536976e+00
1.20952643698747897e+00
1.21153997089114407e+00
1.20968240698579410e+00
1.21135819879423923e+00
1.20982810158693854e+00
1.21119717435742014e+00
1.20996331334106388e+00
1.21105333155550565e+00
1.21008871371391535e+00
1.21092341397114645e+00
1.21020556305803062e+00
1.21080427140390334e+00
1.21031531777045021e+00
1.21069247960581805e+00
1.21041903338030221e+00
1.21058409082770235e+00
1.21051393804021123e+00
1.00537819520608274e+00
1.07777147335511025e+00
1.14523626337869522e+00
1.16753821165728189e+00
1.20860899501584140e+00
1.22319433895294627e+00
1.25816326660570454e+00
1.26612303653728175e+00
1.29516768786057779e+00
1.29736116853465844e+00
1.32017250852530732e+00
1.31749971724794102e+00
1.33422062172945766e+00
1.32906054414480090e+00
1.34199101072218507e+00
1.33589470841165148e+00
1.34656809732220184e+00
1.34028254101810984e+00
1.34946626173562279e+00
1.34313740717722263e+00
1.35108435488683742e+00
1.34495235462156848e+00
1.35190475992355008e+00
1.34616449059863630e+00
1.35229469837404115e+00
1.34703813914972281e+00
1.35245005584789668e+00
1.34770569619381830e+00
1.35247031665051232e+00
1.34823597400142003e+00
1.35240926549973750e+00
1.34866496315383633e+00
1.35230158225972619e+00
1.34902082478498175e+00
1.35216859592248495e+00
1.34932105978659789e+00
1.35202393618561789e+00
1.34957668104457862e+00
1.35187699087215596e+00
1.34979775712492200e+00
1.35173330160824334e+00
1.34998930238547143e+00
1.35159583190439436e+00
1.35015655942260437e+00
1.35146628686945958e+00
1.35030406711633510e+00
1.35134496316059671e+00
1.35043531896733437e+00
1.35123097305762552e+00
1.35055304914696217e+00
1.35112234272060916e+00
1.35065893847867113e+00
1.35101573852218060e+00
1.35075309959015555e+00
1.35090676377706775e+00
1.35083216538855821e+00
1.00595124535840630e+00
1.02644460122302350e+00
1.06608044053831863e+00
1.11983416918622969e+00
1.16464043977084186e+00
1.22146420829312641e+00
1.25706849174277768e+00
1.30518574310786639e+00
1.32596656303985005e+00
1.36290497059690296e+00
1.36996288984981063e+00
1.39810756415225512e+00
1.39596718733360081e+00
1.41842493141532522e+00
1.41057297812235016e+00
1.42974567408480291e+00
1.41787442867670976e+00
1.43473015603513998e+00
1.41946837801513515e+00
1.43386067191763411e+00
1.41462820412597234e+00
1.42480390498591092e+00
1.39926543759861621e+00
1.40061662216058513e+00
1.36363057659519793e+00
1.34430577870249257e+00
1.28118209069008748e+00
1.22071860854014069e+00
1.11462126219361379e+00
9.84407391394031217e-01
8.84449272632590877e-01
4.68094878100744016e-01
1.00335770296490212e+00
1.02083597267389248e+00
1.05427829264678752e+00
1.10402601583067028e+00
1.14956686914499295e+00
1.20903827367398931e+00
1.24971174255527639e+00
1.30304324999155674e+00
1.33235857270115865e+00
1.37541243292367721e+00
1.39072937561856835e+00
1.42410972404225467e+00
1.42704442232210038e+00
1.45261859051303976e+00
1.44743652784990218e+00
1.46814588081491748e+00
1.45782100645828283e+00
1.47533760854473117e+00
1.46081272662096029e+00
1.47501691837764182e+00
1.45564765696376575e+00
1.46439878373294374e+00
1.43751716235009819e+00
1.43460806222750659e+00
1.39242640960326391e+00
1.36283245448349755e+00
1.28363443083479933e+00
1.19332731742271569e+00
1.03415756782623092e+00
8.03287722644910995e-01
5.06417349841519537e-01
5.01993916050965522e-02
1.00335770295626481e+00
1.02083597268329607e+00
1.05427829263921402e+00
1.10402601583961268e+00
1.14956686913878858e+00
1.20903827367965522e+00
1.24971174255176165e+00
1.30304324999334042e+00
1.33235857270124969e+00
1.37541243291994042e+00
1.39072937562261068e+00
1.42410972403290992e+00
1.42704442232728068e+00
1.45261859050634290e+00
1.44743652785002919e+00
1.46814588081467390e+00
1.45782100644726009e+00
1.47533760855316576e+00
1.46081272660025041e+00
1.47501691838958227e+00
1.45564765694110454e+00
1.46439878373888255e+00
1.43751716233281490e+00
1.43460806222145054e+00
1.39242640959644670e+00
1.36283245446418366e+00
1.28363443082954354e+00
1.19332731738731046e+00
1.03415756781409041e+00
8.03287722577503360e-01
5.06417349775816317e-01
5.01993913596788313e-02
1.00595124536744795e+00
1.02644460121561121e+00
1.06608044054895990e+00
1.11983416918160938e+00
1.16464043977949139e+00
1.22146420828920310e+00
1.25706849174806790e+00
1.30518574310555446e+00
1.32596656303945948e+00
1.36290497059952487e+00
1.36996288984093373e+00
1.39810756415510928e+00
1.39596718731859593e+00
1.41842493141572734e+00
1.41057297811027538e+00
1.42974567407335051e+00
1.41787442867373370e+00
1.43473015600775433e+00
1.41946837801910730e+00
1.43386067188013744e+00
1.41462820412574808e+00
1.42480390494900178e+00
1.39926543758212429e+00
1.40061662212976445e+00
1.36363057655908815e+00
1.34430577867249879e+00
1.28118209063012878e+00
1.22071860848967662e+00
1.11462126208576340e+00
9.84407391270734067e-01
8.84449272408545761e-01
4.68094877846954305e-01
1.12380513176471464e-01
4.36954987094908986e-01
5.94326037652554429e-01
7.48606560725824544e-01
8.85575144638080514e-01
9.88118986087943574e-01
1.09045914006008982e+00
1.15704227639452717e+00
1.22825072899860421e+00
1.26846832893350170e+00
1.31667766823120114e+00
1.33864320487156307e+00
1.37138935556030117e+00
1.38079686502312349e+00
1.40334763590603018e+00
1.40530982214077138e+00
1.42134426239451761e+00
1.41951925519663757e+00
1.43160406665631945e+00
1.42791068752532158e+00
1.43748359862483666e+00
1.43300018786636141e+00
1.44087784589359358e+00
1.43621660391733119e+00
1.44286912166695136e+00
1.43834532672378757e+00
1.44404165653732619e+00
1.43981144172583342e+00
1.44471881720214279e+00
1.44085571084470532e+00
1.44508816704384757e+00
1.44161926062052559e+00
1.44526437198430102e+00
1.44219205051033295e+00
1.44532064497970736e+00
1.44263341702021175e+00
1.44530364632582331e+00
1.44298119766361821e+00
1.44524358533942943e+00
1.44326219594871286e+00
1.44515989751960650e+00
1.44349305297103792e+00
1.44506423892717062e+00
1.44368563245874926e+00
1.44496385014700413e+00
1.44384872783384388e+00
1.44486281630353353e+00
1.44398882900658787e+00
1.44476277687733101e+00
1.44411044637100683e+00
1.44466319885465722e+00
1.44421597468967788e+00
1.44456127860697814e+00
1.44430531412147611e+00
1.44445255979713694e+00
1.44437474827023071e+00
1.10809535472140813e-01
1.09551701054575346e-01
2.75865633039562408e-01
4.71064164032543753e-01
6.62681901101306536e-01
8.16364459949604049e-01
9.65203643134985856e-01
1.06987991686201811e+00
1.17183765704007814e+00
1.23629435966139933e+00
1.30246703238231665e+00
1.33935810384840281e+00
1.38222682309390232e+00
1.40133988676604582e+00
1.42975041229623234e+00
1.43739074228296815e+00
1.45691872854314286e+00
1.45785409049276860e+00
1.47168718939399801e+00
1.46946091859383188e+00
1.47998406897294177e+00
1.47643009763671396e+00
1.48487867084345471e+00
1.48083886717313962e+00
1.48783161474942793e+00
1.48373088650962348e+00
1.48962365635480953e+00
1.48568761292617202e+00
1.49070279940929118e+00
1.48704926171377938e+00
1.49133540020973854e+00
1.48801954447530527e+00
1.49168512580931201e+00
1.48872675574308011e+00
1.49185658827671941e+00
1.48925549744432772e+00
1.49191692622354433e+00
1.48966045534307523e+00
1.49190925466036406e+00
1.48997888055686745e+00
1.49186145364739997e+00
1.49023439443632011e+00
1.49179065356426088e+00
1.49044309436990985e+00
1.49170749662308566e+00
1.49061629959851794e+00
1.49161833417504641e+00
1.49076234113949924e+00
1.49152634340390411e+00
1.49088683855158122e+00
1.49143187921562581e+00
1.49099267030835692e+00
1.49133251174409032e+00
1.49107972378191733e+00
1.49122387638350928e+00
1.49114423236209959e+00
1.10809535364812431e-01
1.09551701125415332e-01
2.75865633170904456e-01
4.71064164004653674e-01
6.62681901188581390e-01
8.16364459961422040e-01
9.65203643138019318e-01
1.06987991689944240e+00
1.17183765702032483e+00
1.23629435969236745e+00
1.30246703236810468e+00
1.33935810386781640e+00
1.38222682308267153e+00
1.40133988677729571e+00
1.42975041229131850e+00
1.43739074228942365e+00
1.45691872853864979e+00
1.45785409049863013e+00
1.47168718938941212e+00
1.46946091859975714e+00
1.47998406896879242e+00
1.47643009763886934e+00
1.48487867084340430e+00
1.48083886717005675e+00
1.48783161475328995e+00
1.48373088650474227e+00
1.48962365635814531e+00
1.48568761292440787e+00
1.49070279940894368e+00
1.48704926171597762e+00
1.49133540020752209e+00
1.48801954447850249e+00
1.49168512580860901e+00
1.48872675574354174e+00
1.49185658827863010e+00
1.48925549744489838e+00
1.49191692622523564e+00
1.48966045534640590e+00
1.49190925465944590e+00
1.48997888056135785e+00
1.49186145364608325e+00
1.49023439443920847e+00
1.49179065356602347e+00
1.49044309436893951e+00
1.49170749662803193e+00
1.49061629959521280e+00
1.49161833418001954e+00
1.49076234113709227e+00
1.49152634340604662e+00
1.49088683855141202e+00
1.49143187921489018e+00
1.49099267030911053e+00
1.49133251174231440e+00
1.49107972378178211e+00
1.49122387638200316e+00
1.49114423236067339e+00
1.12380513310936986e-01
4.36954987282163643e-01
5.94326037752127223e-01
7.48606560895374029e-01
8.85575144678189097e-01
9.88118986161947599e-01
1.09045914010318001e+00
1.15704227640499635e+00
1.22825072904024046e+00
1.26846832892936745e+00
1.31667766827100996e+00
1.33864320486654664e+00
1.37138935558101771e+00
1.38079686502143439e+00
1.40334763591442813e+00
1.40530982213938427e+00
1.42134426239788292e+00
1.41951925519138489e+00
1.43160406666191853e+00
1.42791068751735928e+00
1.43748359862936681e+00
1.43300018786105365e+00
1.44087784589190715e+00
1.43621660391874451e+00
1.44286912165983305e+00
1.43834532672881643e+00
1.44404165653165917e+00
1.43981144172782005e+00
1.44471881720284312e+00
1.44085571084233055e+00
1.44508816704879206e+00
1.44161926061917955e+00
1.44526437198882585e+00
1.44219205051458466e+00
1.44532064498202462e+00
1.44263341702614523e+00
1.44530364632969022e+00
1.44298119766596722e+00
1.44524358534779562e+00
1.44326219594952554e+00
1.44515989752924257e+00
1.44349305297406727e+00
1.44506423893240044e+00
1.44368563246689763e+00
1.44496385014696704e+00
1.44384872784451890e+00
1.44486281630229629e+00
1.44398882901465409e+00
1.44476277687873655e+00
1.44411044637411146e+00
1.44466319885854677e+00
1.44421597468957086e+00
1.44456127861055039e+00
1.44430531412105512e+00
1.44445255979882914e+00
1.44437474827030932e+00
1.00893604849901042e+00
1.03593324347868987e+00
1.08565829349878040e+00
1.14341319482091652e+00
1.18589476634088742e+00
1.23499291625212781e+00
1.25808795729375067e+00
1.29366933863401434e+00
1.29859735375300733e+00
1.32347534570975967e+00
1.31850442598479822e+00
1.33805818700116363e+00
1.32862811021838234e+00
1.34628966820272566e+00
1.33403679318342228e+00
1.35080189122730920e+00
1.33641329495369221e+00
1.35267624736658587e+00
1.33642118832290202e+00
1.35216630383742986e+00
1.33365849884473819e+00
1.34827213414803082e+00
1.32603991793085774e+00
1.33840368827231049e+00
1.30963655656459665e+00
1.31955118507188662e+00
1.28285645814033233e+00
1.29630222440585996e+00
1.26898009296897540e+00
1.33703332662593466e+00
1.40077724447780927e+00
1.40762122885495655e+00
1.02192210869466593e+00
1.06143132661372630e+00
1.12251675490872360e+00
1.17972658227272809e+00
1.20538021173866361e+00
1.23803503841651685e+00
1.23367856525707742e+00
1.24847574712284293e+00
1.23156661824499514e+00
1.24148491791013904e+00
1.22266370855067574e+00
1.23329568740904194e+00
1.21518984075442193e+00
1.22790248703817939e+00
1.21031008124720385e+00
1.22463982062708809e+00
1.20713191199870673e+00
1.22273464066881754e+00
1.20504821959333808e+00
1.22176913797231168e+00
1.20378249248590641e+00
1.22170412078972856e+00
1.20342294185722420e+00
1.22348907549483155e+00
1.20560682802355146e+00
1.23343289649059340e+00
1.22372420373431190e+00
1.27523853806386489e+00
1.30420410716643231e+00
1.44051100990119751e+00
1.56898606589389722e+00
1.81268237907455765e+00
1.03528863359995982e+00
1.08768230117117959e+00
1.14641506464350895e+00
1.18212873082875003e+00
1.17645532363412664e+00
1.17612353767459110e+00
1.14231145431137016e+00
1.13363044723509465e+00
1.09846919259207310e+00
1.09596963666816394e+00
1.06647828046127269e+00
1.07114030562764517e+00
1.04654522773619618e+00
1.05645805112167968e+00
1.03486962323143494e+00
1.04847707813029301e+00
1.02861019463340608e+00
1.04511554833389431e+00
1.02647038982186878e+00
1.04589715793690630e+00
1.02880957036660403e+00
1.05221522235553655e+00
1.03828247970205978e+00
1.06864054800915653e+00
1.06240691237581286e+00
1.10753052153518650e+00
1.12300870106066197e+00
1.20260546389347112e+00
1.27105027164536066e+00
1.42901824709151848e+00
1.59305680689001927e+00
1.83770199617554253e+00
1.07241030139348359e+00
1.13468187239687346e+00
1.14631017012374170e+00
1.13035319509958687e+00
1.06546233720652150e+00
1.02338007214833215e+00
9.56845177165611016e-01
9.32248129538762016e-01
8.82819853728115000e-01
8.76003478857052431e-01
8.39843772024837731e-01
8.43997878686820857e-01
8.15715563956753820e-01
8.26338751903044955e-01
8.02224630293932983e-01
8.17078633548567135e-01
7.95236559407870192e-01
8.13320031792191367e-01
7.93068709282093498e-01
8.14441037977951532e-01
7.96306982198067725e-01
8.22366252600323699e-01
8.08680754287570913e-01
8.43147981471437657e-01
8.40018388646511127e-01
8.91277048588705711e-01
9.15094370265581269e-01
1.00439014056991227e+00
1.08056563486629642e+00
1.24107311561036093e+00
1.39592927526382948e+00
1.62450679710741297e+00
1.04982658573265653e+00
1.02493893660267066e+00
9.40404099758723744e-01
8.61766346846362330e-01
7.59768165965081899e-01
7.12491505247058621e-01
6.42642525474586002e-01
6.25988703881169228e-01
5.79186911077174904e-01
5.79129104853021826e-01
5.45028520985335163e-01
5.53738281451718439e-01
5.26178142365234081e-01
5.40246758166017083e-01
5.16045167719898945e-01
5.33705103538237968e-01
5.11232759817966231e-01
5.31818715592796365e-01
5.10602990628911124e-01
5.34425880804692888e-01
5.15147203826818556e-01
5.43785801344355058e-01
5.28869537203172979e-01
5.66104566755520233e-01
5.61454967643110869e-01
6.15271693352413607e-01
6.33993417421317984e-01
7.20671870634035261e-01
7.83391832221186690e-01
9.23090283646096355e-01
1.04545181699413625e+00
1.22891991385712096e+00
8.28195081976116909e-01
7.34620359929721412e-01
4.90736082945061824e-01
4.06713257342692702e-01
2.95806268252455651e-01
2.78124640653563515e-01
2.28751551142079623e-01
2.31704366612359630e-01
2.02540144947843642e-01
2.11541593659358790e-01
1.89523722486443003e-01
2.01708694797876203e-01
1.82617616995487814e-01
1.96893300443972297e-01
1.79000295315267371e-01
1.94739894106390282e-01
1.77186088971439976e-01
1.94231527241338436e-01
1.76739438249173292e-01
1.95302932066541313e-01
1.78054703397134140e-01
1.98842891564093516e-01
1.82717034927186578e-01
2.07603981190654485e-01
1.95025586743915763e-01
2.29008724213674936e-01
2.24751206941862097e-01
2.76280812655375407e-01
2.93392963566781462e-01
3.74311859968412819e-01
4.26071575947055636e-01
5.30471788680456857e-01
8.86440572899425128e-01
5.60838790668215514e-01
5.79350002881248161e-01
5.27037433522506316e-01
5.89043628514577144e-01
5.88726225753215981e-01
6.75048557445891650e-01
7.37890898161339126e-01
1.68996120042951370e+00
1.54615674778655365e+00
1.48883759167338425e+00
1.43241523499230894e+00
1.47027456349352947e+00
1.47001832281528699e+00
1.53560822029182931e+00
1.57141699963301584e+00
1.90916347105019524e+00
1.90521160833962422e+00
1.90958631867841544e+00
1.87734046356958206e+00
1.90637687166907921e+00
1.88855855827700325e+00
1.92143259966352598e+00
1.90058052096146080e+00
1.77764535525608802e+00
1.87695716401599833e+00
1.93872183861451264e+00
1.94096600836303979e+00
1.95405453933561346e+00
1.92131032183762729e+00
1.91266366968381463e+00
1.85136824950253831e+00
1.35112589702864749e+00
1.44694110889497862e+00
1.50641299483554891e+00
1.50795270119224956e+00
1.51106051734333047e+00
1.46540778782569547e+00
1.44045111159795924e+00
1.36310140146042991e+00
5.87205858369475475e-01
6.33595191648993583e-01
6.51955151972194336e-01
6.43923724076662651e-01
6.41769900896256740e-01
6.02570380381115878e-01
5.96503704977052962e-01
5.41130655589856402e-01
1.00537819544848839e+00
1.07777147350723923e+00
1.14523626355540120e+00
1.16753821173105088e+00
1.20860899513450248e+00
1.22319433899574892e+00
1.25816326664516187e+00
1.26612303657889980e+00
1.29516768786403680e+00
1.29736116857709161e+00
1.32017250853192070e+00
1.31749971728311333e+00
1.33422062174056144e+00
1.32906054416140806e+00
1.34199101073188531e+00
1.33589470841533764e+00
1.34656809732433302e+00
1.34028254102312916e+00
1.34946626172687201e+00
1.34313740718624008e+00
1.35108435487483280e+00
1.34495235462584728e+00
1.35190475991986592e+00
1.34616449059161414e+00
1.35229469838080307e+00
1.34703813913822534e+00
1.35245005585540246e+00
1.34770569618969427e+00
1.35247031665048856e+00
1.34823597400691519e+00
1.35240926549657869e+00
1.34866496316274853e+00
1.35230158226208097e+00
1.34902082478876562e+00
1.35216859593190342e+00
1.34932105979041261e+00
1.35202393619374095e+00
1.34957668105412254e+00
1.35187699087382396e+00
1.34979775714103534e+00
1.35173330160876248e+00
1.34998930239831028e+00
1.35159583191197252e+00
1.35015655942542545e+00
1.35146628688483461e+00
1.35030406711244755e+00
1.35134496317585273e+00
1.35043531896498314e+00
1.35123097306505024e+00
1.35055304914985363e+00
1.35112234271977716e+00
1.35065893848338137e+00
1.35101573851811740e+00
1.35075309959168410e+00
1.35090676377384966e+00
1.35083216538556061e+00
1.64721846749768863e+00
1.58040613003725405e+00
1.53958682350630527e+00
1.47292051704817362e+00
1.43487476220071564e+00
1.37995131644688285e+00
1.35504795248716947e+00
1.31344813969488450e+00
1.30197722564299734e+00
1.27075884720953391e+00
1.26719534521783039e+00
1.24366517820742328e+00
1.24494148328765597e+00
1.22749946961400802e+00
1.23167579710210884e+00
1.21835238588508910e+00
1.22421550269553059e+00
1.21351959290578248e+00
1.22005331438335163e+00
1.21102011494194683e+00
1.21755180212345682e+00
1.20971139999707522e+00
1.21593371074935175e+00
1.20905233261480949e+00
1.21482641226245591e+00
1.20876682132071922e+00
1.21403033051599607e+00
1.20869679288557297e+00
1.21343030772048643e+00
1.20874798695379626e+00
1.21295943068196332e+00
1.20886743457524726e+00
1.21257625344213227e+00
1.20902156720375142e+00
1.21225583807345250e+00
1.20919025853273343e+00
1.21198283530058881e+00
1.20936144079955743e+00
1.21174656979511886e+00
1.20952643698449402e+00
1.21153997091414278e+00
1.20968240698754426e+00
1.21135819880513385e+00
1.20982810160314180e+00
1.21119717435307606e+00
1.20996331336516971e+00
1.21105333154748229e+00
1.21008871373115512e+00
1.21092341397119707e+00
1.21020556306120275e+00
1.21080427141213542e+00
1.21031531776470502e+00
1.21069247961378545e+00
1.21041903337466472e+00
1.21058409082993523e+00
1.21051393803764773e+00
1.89144949615053348e+00
1.79383415804805435e+00
1.70784786728925275e+00
1.58975858501510392e+00
1.50116075637329760e+00
1.39810752169849084e+00
1.33023037441717729e+00
1.25320445361449595e+00
1.20993879014602457e+00
1.15646550705922180e+00
1.13397105573074652e+00
1.09780189832395902e+00
1.08939233751542131e+00
1.06413390582269396e+00
1.06370191053108032e+00
1.04558392024381974e+00
1.04894838998833850e+00
1.03509652940339936e+00
1.04030668661726389e+00
1.02919729753457356e+00
1.03513008453098010e+00
1.02587401945056444e+00
1.03189917882539794e+00
1.02399851747461423e+00
1.02978584127654482e+00
1.02295401518299078e+00
1.02833912368055880e+00
1.02239802395693680e+00
1.02730641561147595e+00
1.02213465917960455e+00
1.02654161667941546e+00
1.02205032571311705e+00
1.02595587514640374e+00
1.02207293275893774e+00
1.02549428779890439e+00
1.02215742964190004e+00
1.02512145136635513e+00
1.02227548047737016e+00
1.02481373846732282e+00
1.02240792496779775e+00
1.02455537339291491e+00
1.02254540160867613e+00
1.02433565601482912e+00
1.02268172989883910e+00
1.02414640584526873e+00
1.02281365349660724e+00
1.02398131749652976e+00
1.02293997958219629e+00
1.02383541462202943e+00
1.02306111885105544e+00
1.02370476484334794e+00
1.02317877199340002e+00
1.02358620387277299e+00
1.02329549774342987e+00
1.02347678222084970e+00
1.02340960262613034e+00
1.80142055134330770e+00
1.67246366325701201e+00
1.56055370466143284e+00
1.41942456552044716e+00
1.31212301543519749e+00
1.19328971354705282e+00
1.11587428904845565e+00
1.03086633057929911e+00
9.84524139177139879e-01
9.27475153178499712e-01
9.04844839814374913e-01
8.66471877608880781e-01
8.58502346019201057e-01
8.31712116554451431e-01
8.31868830045046304e-01
8.12487571448274992e-01
8.16524425681730781e-01
8.01610180092121372e-01
8.07520717249955999e-01
7.95504326241231241e-01
8.02120224529353276e-01
7.92071953312498023e-01
7.98735942898120999e-01
7.90127824525317601e-01
7.96497990872013562e-01
7.89030615809535707e-01
7.94942383170586298e-01
7.88433952717352504e-01
7.93815434134942266e-01
7.88143614112817636e-01
7.92970498196633788e-01
7.88042603056214430e-01
7.92319188694243448e-01
7.88058121446871374e-01
7.91804220245039714e-01
7.88141655113102302e-01
7.91387986817856270e-01
7.88263357922502017e-01
7.91045283486778827e-01
7.88403742470164537e-01
7.90758388771477749e-01
7.88550997208574689e-01
7.90514981841752395e-01
7.88698102486463215e-01
7.90305847465269773e-01
7.88841239030407704e-01
7.90123899188315604e-01
7.88979016144669143e-01
7.89963709923304114e-01
7.89112135779272084e-01
7.89821435183239107e-01
7.89243468209316568e-01
7.89694973478921813e-01
7.89378139536027201e-01
7.89583086541234658e-01
7.89515969666328643e-01
1.30712957047955003e+00
1.18623885195241696e+00
1.09874005262570296e+00
9.78144317879829139e-01
9.01162676218622449e-01
8.03401403921349067e-01
7.52105458384467185e-01
6.82707084212124227e-01
6.56006830671517105e-01
6.08320008176655880e-01
5.97712177642608755e-01
5.64331912939402658e-01
5.63129283502335598e-01
5.39015409388508226e-01
5.42779225614093308e-01
5.24398619700037982e-01
5.30895469874398951e-01
5.16308539997600846e-01
5.23984571558037793e-01
5.11899888213754761e-01
5.19819278533132367e-01
5.09486372831957746e-01
5.17151938097772379e-01
5.08158186279643154e-01
5.15330458510372624e-01
5.07444209553772785e-01
5.14017405216152357e-01
5.07094606507930257e-01
5.13030950792224716e-01
5.06967804737942673e-01
5.12266884085001428e-01
5.06980246406211088e-01
5.11659989721201525e-01
5.07076154024416859e-01
5.11167225540409720e-01
5.07219122566695657e-01
5.10759708718653505e-01
5.07386238964160352e-01
5.10417477002312991e-01
5.07562034951788754e-01
5.10126213730588973e-01
5.07737542846720791e-01
5.09875645938730471e-01
5.07907617981161130e-01
5.09657872526982691e-01
5.08069811057785370e-01
5.09466592173579813e-01
5.08223734510715230e-01
5.09296797909258525e-01
5.08370882433577975e-01
5.09144853606654180e-01
5.08514947767493619e-01
5.09008940497370888e-01
5.08662375402648914e-01
5.08888365191679015e-01
5.08813274623251655e-01
5.25341515665667447e-01
4.50519126207371945e-01
4.22013920898118233e-01
3.56205891275363951e-01
3.35246500717807427e-01
2.84617484980911495e-01
2.74766005715430972e-01
2.38461691723297259e-01
2.37519970158986737e-01
2.12002755646388763e-01
2.15839452050788722e-01
1.97109987238133860e-01
2.03178128823955306e-01
1.88631414767659072e-01
1.95742808382465633e-01
1.83743993587790089e-01
1.91418087512103652e-01
1.81275379461727448e-01
1.88910525797893719e-01
1.80072614696248912e-01
1.87329913066998310e-01
1.79503177254617563e-01
1.86229998428382726e-01
1.79260875434583522e-01
1.85403090804404314e-01
1.79201747857507393e-01
1.84749735918585900e-01
1.79252414168480589e-01
1.84216882615827304e-01
1.79369004269188587e-01
1.83773195943206763e-01
1.79524924811861303e-01
1.83398095465032246e-01
1.79700785711706584e-01
1.83076667225990641e-01
1.79882985468785589e-01
1.82798457875188752e-01
1.80063308691611274e-01
1.82555937128386164e-01
1.80236503022082245e-01
1.82343228127372609e-01
1.80399782058418556e-01
1.82155649769444344e-01
1.80551994645372776e-01
1.81989225907759178e-01
1.80693156688209733e-01
1.81840471818565608e-01
1.80824223814387730e-01
1.81706292478458570e-01
1.80947058794535792e-01
1.81584140140740924e-01
1.81064829235324992e-01
1.81472752399894022e-01
1.81183203279604743e-01
1.81373092816610793e-01
1.81305287717853814e-01
